id_r;long_r;lat_r;EH
;m;m; 
V;;;R+
;;; 
id_pluv;longitude;latitude;cumulative
;;; 
"122591991155";762698.65;4835142.11;NA
"122669935048";762477.55;4856702.73;NA
"122939410057";764312.54;4865120.10;NA
"123369918107";768273.11;4852824.19;NA
"123391954768";769047.89;4838021.19;NA
"123449960575";768906.19;4853124.30;NA
"123558515045";770974.06;4823667.05;NA
"123603115919";771330.66;4823778.67;NA
"123613658640";770322.60;4850741.27;NA
"124142005047";775004.86;4840519.65;NA
"124145886889";775027.72;4840725.53;NA
"124347512126";777135.40;4829156.52;NA
"124689017809";778564.05;4861002.41;NA
"124980908938";781234.32;4853451.50;NA
"125195686731";783870.16;4832175.93;NA
"125258605878";784004.24;4840988.42;NA
"125332863831";783568.36;4865222.62;NA
"125572421711";787268.86;4823972.93;NA
"126231164472";791220.57;4855609.57;NA
"126261345331";792820.41;4824615.40;NA
"126308399212";793424.59;4819509.53;NA
"126412333278";793026.42;4847765.77;NA
"126448727068";794570.21;4819320.99;NA
"126522425048";794785.62;4828008.40;NA
"126631006490";796341.12;4812657.31;NA
"126888628277";797333.19;4837383.40;NA
"126963077711";798678.63;4820686.54;NA
"127115781498";798402.74;4854483.85;NA
"127307641085";801498.63;4820074.90;NA
"127308448651";801517.29;4819804.85;NA
"127378076997";800536.19;4854078.87;NA
"127630718101";803321.40;4837632.57;NA
"127686099812";802646.23;4862279.16;NA
"127912891849";804458.87;4862588.77;NA
"128028374527";806191.05;4845156.94;NA
"128286090402";810234.48;4802587.10;NA
"128484188672";810513.76;4831347.32;NA
"128574865875";813215.99;4788863.79;NA
"128606894988";812246.43;4815434.04;NA
"128627773376";812372.18;4816373.53;NA
"128737790610";810887.39;4867201.57;NA
"128991219886";813189.39;4861663.13;NA
"129021007555";813073.39;4869190.84;NA
"129047364057";817013.73;4789950.66;NA
"129083670273";816600.04;4805093.91;NA
"129088073750";816096.09;4816588.88;NA
"129218030556";819251.90;4771855.74;NA
"129410347452";818369.21;4823787.31;NA
"129476413132";820190.12;4796675.71;NA
"129546997813";821474.59;4781673.01;NA
"129571519808";821663.63;4781904.01;NA
"129576935000";819146.53;4835796.94;NA
"129591383364";822069.30;4776753.19;NA
"129719322669";819455.56;4853364.83;NA
"129736137499";819725.27;4850575.56;NA
"129750589035";822913.48;4786329.89;NA
"129776491114";823007.38;4788792.20;NA
"129846696441";822381.98;4813846.57;NA
"129899787814";824027.06;4788473.38;NA
"129984503742";825745.30;4766950.93;NA
"130044121425";826190.70;4767827.42;NA
"130058078369";825842.77;4777489.57;NA
"130087587589";826033.99;4778525.11;NA
"130189314974";823766.20;4842695.94;NA
"130334330269";825393.42;4833344.15;NA
"130460408660";827447.90;4812111.07;NA
"130507450507";826355.72;4842324.57;NA
"130581786328";826051.25;4860772.54;NA
"130722890064";830922.05;4784602.78;NA
"130891417255";832742.28;4775472.02;NA
"130912102571";832827.64;4777181.37;NA
"131029256182";834577.38;4760968.74;NA
"131302406212";833675.06;4824391.75;NA
"131336118383";833935.66;4824646.43;NA
"131424404469";837921.64;4758715.27;NA
"131467943638";838062.24;4763083.24;NA
"131602954702";838662.02;4773252.10;NA
"131693652659";835909.25;4843037.65;NA
"131700876211";840279.75;4756798.95;NA
"131705245873";839489.00;4773423.55;NA
"131754279657";835910.48;4852725.64;NA
"131928389492";840228.72;4795019.61;NA
"131929425834";839754.98;4804610.22;NA
"132093743444";843559.56;4755540.74;NA
"132101301027";838979.68;4847465.50;NA
"132307960036";844656.75;4768578.32;NA
"132343251944";841889.08;4828783.86;NA
"132424548480";847017.97;4740686.22;NA
"132433871081";845677.52;4768746.20;NA
"132446684470";847221.65;4740249.96;NA
"132458686702";845791.98;4770491.46;NA
"132849623368";848599.90;4778058.07;NA
"132869227535";847995.34;4792968.41;NA
"132932616419";851811.38;4728450.30;NA
"132985600306";851430.95;4744453.65;NA
"132997177809";851483.12;4745291.83;NA
"132998409221";849035.28;4793209.57;NA
"133005215565";852411.67;4728385.72;NA
"133057983928";850521.80;4773764.37;NA
"133096436690";853550.21;4720774.06;NA
"133274566423";853074.57;4758582.40;NA
"133303999452";853297.58;4758931.20;NA
"133445558666";856405.66;4721140.09;NA
"133473924166";852001.20;4810619.66;NA
"133555105833";852242.33;4818614.38;NA
"133556376379";854914.93;4767581.99;NA
"133630077539";855509.31;4767742.04;NA
"133927415643";855022.21;4823194.63;NA
"134010774757";857929.95;4780923.72;NA
"134108567415";860811.63;4741275.18;NA
"134111205209";859855.57;4759913.26;NA
"134132418318";860827.00;4744717.79;NA
"134191375035";858987.42;4788807.09;NA
"134230292240";858554.99;4802952.95;NA
"134304577351";858950.35;4806884.85;NA
"134321680038";861545.82;4760540.01;NA
"134572288105";859448.19;4838185.52;NA
"134724450031";865248.28;4752938.40;NA
"134886093379";862730.56;4824467.89;NA
"135023405857";866225.97;4780373.19;NA
"135061552374";864095.47;4825543.76;NA
"135127220359";863913.56;4838677.98;NA
"135418149648";870860.81;4754310.21;NA
"135425338210";867366.30;4819687.47;NA
"135474883381";867978.91;4815840.70;NA
"135543790031";872246.31;4747743.93;NA
"135728734037";872767.54;4766042.47;NA
"135944580944";872655.74;4800228.13;NA
"135975883694";872157.28;4813876.70;NA
"136029216110";874290.75;4783067.77;NA
"136238935791";873966.63;4819781.42;NA
"136502555967";878637.72;4774378.74;NA
"136765843370";878309.31;4818640.03;NA
"136835640035";881264.74;4776092.40;NA
"137767292677";887632.30;4797918.70;NA
"3668060150944";1044899.78;4076977.78;0.1032
"3668080150945";1044907.32;4077000.57;NA
"3672820149927";1035466.77;4081690.64;NA
"3672820149930";1035493.60;4081692.32;0.0990
"3673330151092";1045849.66;4082917.83;NA
"3675830146881";1008028.58;4083367.99;0.0964
"3675960146760";1006938.46;4083448.00;0.1011
"3678560149169";1028292.42;4087644.81;0.0985
"3679140119544";763706.37;4075994.82;0.1043
"3683260145288";993311.90;4090784.24;0.1043
"3683460145017";990879.35;4090866.32;NA
"3683560145303";993426.49;4091125.25;0.0976
"3684220150470";1039519.49;4094662.95;0.1033
"3684460150567";1040368.74;4094984.68;NA
"3688100149010";1026214.83;4098155.42;0.1049
"3688160149013";1026237.47;4098223.74;NA
"3688460150829";1042424.21;4099578.17;NA
"3693250147100";1008825.73;4102836.22;0.0995
"3693330149253";1028021.41;4104100.69;0.0974
"3694220145294";992658.02;4102961.41;0.1032
"3695390146759";1005642.74;4105031.27;0.1011
"3697330143997";980898.02;4105750.82;0.1057
"3697350144000";980923.50;4105774.55;NA
"3697400147731";1014172.78;4107786.45;NA
"3701240145935";997913.87;4111093.75;0.1032
"3701460145903";997614.42;4111321.33;NA
"3702270144082";981342.91;4111280.83;0.1020
"3702970147094";1008122.79;4113630.64;NA
"3703830150606";1039343.65;4116528.09;NA
"3705170145906";997398.17;4115443.99;0.1045
"3705220152364";1054901.03;4119088.75;0.1037
"3705300148182";1017654.32;4116808.18;NA
"3705750142989";971392.95;4114596.65;NA
"3706000151576";1047826.84;4119496.24;0.1046
"3706040148709";1022295.90;4117919.73;NA
"3706040148710";1022304.81;4117920.29;0.0992
"3706040151583";1047886.28;4119544.74;NA
"3706190149003";1024903.16;4118249.01;NA
"3706280152919";1059765.70;4120593.55;0.0976
"3709430145609";994476.16;4120020.41;NA
"3709610145595";994339.85;4120213.04;0.1012
"3710100139330";938573.74;4117670.10;0.0986
"3712640148458";1019608.36;4125113.74;0.1046
"3712700146821";1005042.94;4124293.19;NA
"3712990141139";954491.94;4121732.93;0.1042
"3713380141128";954370.73;4122160.77;NA
"3714560143964";979514.42;4124871.59;0.0971
"3715400138881";934276.13;4123348.60;NA
"3715510142986";970759.70;4125435.20;0.1028
"3715570138891";934355.27;4123541.97;0.0986
"3716250147494";1010789.44;4128598.51;0.0969
"3716530150464";1037177.22;4130557.62;NA
"3718970143544";975502.69;4129557.53;NA
"3719040142896";969740.28;4129311.04;NA
"3719720141769";959684.99;4129511.81;NA
"3719850138427";929987.80;4128082.64;NA
"3720130137612";922732.54;4128025.85;0.1042
"3720830139930";943281.98;4129865.54;NA
"3722220148667";1020806.71;4135871.75;0.1058
"3723000145748";994824.20;4135166.67;0.0999
"3723000152278";1052833.33;4138794.59;0.1047
"3723830136364";911445.95;4131583.29;0.1009
"3724060145186";989763.68;4136050.79;0.1024
"3724410148948";1023151.20;4138460.32;0.1029
"3724860151426";1045128.96;4140364.87;0.0993
"3725960147776";1012636.60;4139538.26;0.1040
"3726190141033";952757.88;4136341.59;NA
"3726210137217";918886.59;4134601.13;NA
"3726610139189";936365.89;4135939.01;0.1002
"3727460140874";951270.48;4137675.81;0.0982
"3728130151493";1045487.04;4144036.96;NA
"3729070144177";980483.74;4141096.40;0.0975
"3729280149986";1032026.40;4144452.22;NA
"3729320143675";976013.09;4141119.28;0.1016
"3729670142128";962264.30;4140737.83;0.1054
"3730390142189";962761.27;4141567.42;0.1026
"3730470135889";906870.72;4138750.12;0.1013
"3730870137537";921465.97;4139918.20;NA
"3731210149456";1027186.62;4146298.24;NA
"3731440139889";942295.04;4141628.93;NA
"3731560143658";975720.61;4143598.65;NA
"3731560143789";976882.73;4143664.91;0.1026
"3731710141296";954758.99;4142598.59;NA
"3731880147256";1007619.85;4145833.06;0.0985
"3732920144450";982659.35;4145512.29;NA
"3734050149249";1025151.18;4149337.66;NA
"3734060139263";936590.49;4144246.45;0.0998
"3734150135496";903187.83;4142667.32;0.1002
"3734240140038";943451.56;4144808.46;0.0971
"3735050149081";1023591.21;4150354.95;0.1030
"3735680137727";922880.77;4145344.49;NA
"3735850137736";922950.98;4145537.30;0.1018
"3735970136455";911590.04;4145102.92;0.1024
"3735970138611";930700.14;4146067.21;0.1056
"3736670150897";1039581.76;4153181.82;0.1005
"3736890145728";993734.25;4150585.17;0.1006
"3737220142812";967863.27;4149461.03;0.0967
"3738140146958";1004555.15;4152626.76;0.0973
"3740550142817";967699.96;4153162.02;NA
"3740690137336";919135.24;4150732.80;0.1031
"3741060143840";976731.63;4154242.46;0.0976
"3741060144448";982118.51;4154552.67;NA
"3741190141359";954743.49;4153157.43;NA
"3742860140511";947131.73;4154605.24;0.1055
"3743700132657";877540.67;4152093.30;NA
"3743880132666";877611.28;4152296.75;0.1030
"3743890133842";888021.80;4152786.58;NA
"3744180150677";1037092.01;4161399.74;0.1015
"3744520145761";993524.13;4159077.92;NA
"3744890144661";983758.29;4158916.34;NA
"3744920144700";984101.72;4158969.76;0.1042
"3745720138775";931592.54;4156969.53;NA
"3745770139822";940858.38;4157511.30;0.0979
"3746280148981";1021921.32;4162775.44;0.0979
"3746690135946";906497.45;4156784.74;0.1011
"3746870142504";964534.64;4160026.03;0.1012
"3747590145354";989718.55;4162274.83;NA
"3748100146336";998378.07;4163358.57;0.1059
"3749640140569";947240.12;4162162.44;0.1054
"3750330146469";999406.37;4165906.49;0.1034
"3750390132747";877999.68;4159556.97;0.0975
"3750470150788";1037622.53;4168451.90;0.1010
"3750500141752";957655.45;4163688.08;0.1028
"3751250135350";900978.23;4161591.71;NA
"3751290131269";864883.13;4159971.54;0.1040
"3751360138256";926676.35;4162995.35;0.0963
"3751380148541";1017671.28;4168197.31;NA
"3751480148553";1017770.54;4168315.03;0.0994
"3751570141754";957607.61;4164877.42;NA
"3752000150703";1036760.08;4170103.06;NA
"3753370148713";1019054.91;4170503.28;NA
"3755640145028";986307.97;4171046.84;0.0966
"3756110138307";926855.86;4168293.27;NA
"3756860142683";965496.12;4171210.23;0.1001
"3757580132156";872413.79;4167303.23;0.1036
"3757580146919";1002899.71;4174200.93;0.0977
"3758060134081";889399.19;4168618.33;NA
"3758390140978";950330.94;4172075.77;NA
"3758530137550";920027.78;4170638.47;0.0971
"3758650141721";956881.87;4172724.47;0.0994
"3759020130390";856740.45;4168215.18;NA
"3759060140374";944952.73;4172531.10;0.1041
"3759190130397";856794.16;4168406.57;0.0967
"3759390134146";889904.01;4170122.05;NA
"3759440129681";850457.41;4168414.03;0.1039
"3759550134153";889957.48;4170302.61;0.0986
"3759560149244";1023317.69;4177675.89;NA
"3760060139135";933945.49;4173060.12;NA
"3760440143460";972138.42;4175575.60;NA
"3761160135531";902044.93;4172672.80;NA
"3761640150131";1031010.30;4180487.00;NA
"3761720134335";891451.38;4172787.89;NA
"3761950136077";906824.69;4173785.82;NA
"3762070133082";880367.20;4172660.17;NA
"3762170145011";985731.51;4178291.32;0.0975
"3762170151658";1044467.23;4181954.73;NA
"3762760130622";858610.01;4172455.77;NA
"3762980137578";920024.21;4175592.48;0.1052
"3763160132294";873353.64;4173553.24;0.1058
"3763190141875";957963.57;4177841.96;NA
"3763210140109";942364.26;4177014.27;NA
"3763220140108";942354.83;4177024.91;0.0991
"3764080136039";906372.77;4176134.42;NA
"3764260150484";1033941.73;4183599.11;NA
"3764260150485";1033950.57;4183599.68;0.1047
"3764600128523";839993.05;4173715.60;0.1028
"3764620128523";839992.14;4173737.81;NA
"3765080130942";861322.94;4175154.41;0.1047
"3765110144514";981150.18;4181299.92;0.1029
"3765500145283";987916.04;4182131.86;0.1047
"3765720126003";817702.16;4174073.99;0.0966
"3767030136301";908524.10;4179524.17;NA
"3767090135541";901812.95;4179261.52;NA
"3767190134681";894217.41;4179006.57;0.0980
"3767350146090";994919.65;4184611.40;NA
"3767810126744";824150.49;4176647.97;0.0999
"3767970138350";926555.91;4181483.06;NA
"3768170148150";1013052.18;4186634.34;NA
"3768360151975";1046812.56;4189017.78;NA
"3768510151983";1046872.14;4189189.14;0.0965
"3768670128072";835828.39;4178070.91;NA
"3768720134212";889997.94;4180508.71;0.0974
"3769020127513";830881.37;4178260.28;NA
"3769370142621";964166.63;4185073.76;NA
"3769690151078";1038795.12;4189973.51;NA
"3769960130222";854734.71;4180296.58;0.0973
"3769970132592";875640.82;4181233.27;0.0980
"3770430138492";927667.48;4184279.74;NA
"3770600138501";927737.09;4184472.64;0.1024
"3770670141144";951052.53;4185793.80;NA
"3771190129428";847673.34;4181363.86;0.1041
"3771260145260";987334.51;4188517.95;NA
"3772220134045";888341.32;4184325.26;NA
"3772290134247";890119.17;4184487.14;NA
"3772890130427";856402.39;4183627.36;NA
"3772890130429";856420.02;4183628.12;0.0960
"3773220151439";1041723.95;4194104.82;NA
"3773810131325";864275.53;4184995.03;0.1027
"3774080137451";918277.11;4187861.43;NA
"3775250147853";1009942.41;4194336.72;NA
"3775320135929";904788.39;4188567.36;0.0974
"3775350147862";1010014.90;4194452.73;0.0966
"3775530139864";939470.47;4190580.55;0.0968
"3775530144025";976162.23;4192623.03;NA
"3776090140637";946252.60;4191569.44;NA
"3776260137069";914786.53;4190111.69;NA
"3776290144246";978062.10;4193580.28;0.1050
"3778020128795";841775.98;4188712.54;NA
"3778450141271";951698.52;4194495.71;NA
"3778780129625";849053.41;4189863.36;0.0983
"3778910143149";968223.22;4195933.45;0.0979
"3779000146033";993639.37;4197522.23;NA
"3779040150346";1031660.51;4199941.31;0.0985
"3779220130973";860908.55;4190864.56;NA
"3779360125682";814291.64;4189106.31;0.0964
"3779760142036";958360.34;4196324.12;0.0987
"3779970148256";1013169.37;4199801.57;NA
"3780010125683";814272.87;4189828.17;NA
"3780130127072";826501.96;4190438.13;0.0964
"3780300132501";874316.21;4192665.67;0.0990
"3780320132499";874297.58;4192687.08;NA
"3780610145056";984921.33;4198797.33;NA
"3781310124583";804530.89;4190906.58;0.1001
"3781460141934";957356.22;4198162.07;NA
"3781600152464";1050144.84;4204017.05;NA
"3781620141942";957416.81;4198343.70;0.2
"3781720132928";878005.26;4194414.48;0.1056
"3781780127194";827503.55;4192312.51;NA
"3782030138922";930786.14;4197359.31;NA
"3782350139950";939823.12;4198195.03;0.0988
"3782450151309";1039901.92;4204284.57;0.1032
"3782560141181";950654.62;4199016.70;NA
"3782600148723";1017101.77;4202981.84;NA
"3782610151306";1039863.77;4204460.60;NA
"3782750135431";899996.21;4196602.60;NA
"3782810152269";1048336.02;4205246.34;NA
"3782940151506";1041602.15;4204943.56;NA
"3783140128147";835834.17;4194161.08;0.1044
"3783190134306";890065.04;4196614.30;0.1055
"3783700146789";999985.53;4203146.64;NA
"3783710131656";866703.36;4196115.86;0.1019
"3783720146786";999957.75;4203167.24;0.1013
"3784410152243";1047987.94;4207008.80;NA
"3785060134947";895609.85;4198960.89;NA
"3785440144839";982692.99;4204049.53;NA
"3785460128800";841476.55;4196973.76;0.1042
"3785810126650";822537.26;4196596.52;0.1025
"3786120143395";969932.55;4204065.47;NA
"3786330140997";948804.46;4203114.76;NA
"3786330141539";953576.67;4203377.57;NA
"3786860149522";1023839.91;4208161.81;NA
"3787080139233";933229.41;4203111.69;NA
"3787700133671";884238.37;4201357.92;NA
"3788220127176";827060.01;4199455.13;NA
"3788350133739";884802.93;4202107.71;NA
"3788770149790";1026063.79;4210435.23;NA
"3788790144905";983054.68;4207804.87;NA
"3788860143108";967231.61;4206964.17;0.1033
"3788970149778";1025943.84;4210650.64;0.0981
"3789450135563";900794.88;4204098.85;NA
"3789510144858";982593.76;4208580.21;0.1030
"3789750133032";878509.54;4203372.25;0.1048
"3790330131006";860656.71;4203211.76;0.0994
"3790360131002";860620.05;4203243.51;NA
"3790670128761";840892.64;4202743.30;NA
"3790810151453";1040557.11;4213656.92;0.1050
"3791410130704";857947.63;4204294.20;0.1012
"3792520160633";1121243.22;4221308.11;0.0975
"3792670129297";845513.55;4205161.24;0.1050
"3792670143569";971045.74;4211428.64;NA
"3792730127421";829014.45;4204547.97;NA
"3793090146936";1000641.95;4213656.72;NA
"3793170131611";865837.90;4206600.97;NA
"3793530136575";909473.06;4209070.11;0.0979
"3794190125527";812298.91;4205516.09;0.0989
"3794580126607";821776.17;4206316.99;NA
"3794630134663";892599.57;4209466.66;0.1056
"3794710126614";821832.03;4206463.72;0.0986
"3794970137836";920481.08;4211232.21;0.0980
"3795030141008";948371.41;4212782.26;0.0979
"3795180136508";908792.17;4210872.80;NA
"3795370146231";994285.64;4215811.60;NA
"3796000134133";887867.24;4210765.30;NA
"3796280126792";823327.82;4208268.28;NA
"3796410132888";876901.72;4210708.27;NA
"3796970129650";848414.23;4210066.65;0.1006
"3797080140863";946971.59;4214989.07;0.1005
"3797140136115";905228.69;4212877.04;0.0983
"3797170152333";1047829.47;4221239.87;NA
"3797260142894";964816.92;4216186.54;0.1032
"3797270142892";964798.71;4216196.65;NA
"3797300140889";947186.79;4215245.92;NA
"3797640142372";960203.63;4216348.44;0.1009
"3797710133418";881493.09;4212367.94;NA
"3797730152601";1050144.77;4222020.87;NA
"3797740152602";1050152.82;4222032.58;0.1013
"3797970131903";868165.51;4212045.42;0.0973
"3798000149672";1024365.85;4220622.92;0.1005
"3798060138503";926167.15;4214967.61;NA
"3798450149660";1024228.17;4221116.08;NA
"3798690149058";1018917.73;4221043.97;0.1040
"3798750157286";1091272.81;4226041.41;0.1046
"3798940132925";877097.21;4213532.31;NA
"3799670159300";1108912.29;4228369.94;0.0989
"3799850139194";932135.67;4217274.92;NA
"3800020139202";932195.96;4217467.43;0.1035
"3800170160342";1118035.48;4229616.77;0.1005
"3800270130835";858667.89;4214181.17;NA
"3800690125350";810468.65;4212672.12;0.1042
"3801290128888";841516.73;4214579.67;0.1018
"3801330145962";991520.37;4222289.13;0.1
"3801810128869";841325.70;4215149.97;NA
"3802390132022";868989.27;4216999.98;NA
"3802460151411";1039330.54;4226576.52;NA
"3802480132591";873982.09;4217327.63;0.0969
"3802640157486";1092716.98;4230492.67;NA
"3802680134389";889763.29;4218289.54;0.1015
"3802730144888";981989.81;4223280.13;NA
"3802950144797";981175.82;4223477.20;0.1039
"3803020134425";890061.41;4218682.18;NA
"3803110134544";891101.75;4218832.21;0.1040
"3803120125847";814729.78;4215536.80;NA
"3803300125856";814801.08;4215739.66;0.1003
"3803330153744";1059769.96;4228928.46;NA
"3803350153743";1059759.64;4228950.08;0.0973
"3803470140236";941075.13;4221785.59;0.1029
"3803750126645";821708.90;4216509.61;0.1054
"3803820146664";997520.83;4225429.80;NA
"3804220157242";1090444.34;4232092.56;0.0988
"3804440159028";1106124.50;4233493.02;0.1019
"3804750148073";1009835.37;4227229.31;0.1
"3804920154625";1067389.83;4231232.04;NA
"3804970154372";1065162.78;4231132.69;NA
"3805370132553";873501.22;4220521.04;0.0973
"3806550130939";859274.04;4221193.59;NA
"3806550130940";859282.82;4221193.98;0.1017
"3806580133033";877652.97;4222058.87;NA
"3806780131131";860947.99;4221523.49;NA
"3807080154747";1068293.95;4233707.24;NA
"3807330154464";1065788.52;4233811.45;NA
"3807720149708";1023986.59;4231442.14;0.1015
"3807920154869";1069300.24;4234715.77;NA
"3808110151044";1035691.14;4232640.84;0.1000
"3808500154719";1067937.58;4235268.00;NA
"3809170132547";873254.98;4224737.69;0.1037
"3809170160819";1121465.00;4239940.79;0.1034
"3809690152078";1044654.20;4235000.52;0.1045
"3809920154808";1068608.68;4236900.70;0.0982
"3810280156389";1082463.80;4238285.96;0.1056
"3810550147857";1007535.17;4233553.83;0.1017
"3810560147856";1007525.70;4233564.39;NA
"3811110158144";1097808.10;4240330.22;0.1030
"3811360150650";1031994.30;4236024.20;0.1009
"3811640133006";877155.32;4227666.00;NA
"3811670133350";880171.29;4227839.94;0.1030
"3811970156897";1086788.93;4240485.81;NA
"3812060157367";1090908.16;4240885.69;0.0975
"3812360153595";1057770.67;4238872.41;0.0989
"3812810153593";1057718.70;4239371.23;NA
"3812930133271";879412.96;4229206.54;NA
"3812980133276";879454.22;4229264.11;0.1016
"3813940150187";1027743.54;4238625.09;0.1004
"3814810147778";1006546.06;4238242.93;0.3
"3815030161815";1129708.20;4247130.35;0.0965
"3815110160728";1120159.81;4246482.24;0.0961
"3815500131144";860632.26;4231209.83;0.0986
"3817500157561";1092169.01;4247056.02;0.1022
"3817720154711";1067149.71;4245508.70;0.2
"3818500156381";1081736.88;4247416.00;0.0970
"3818900153523";1056638.82;4246096.04;0.1041
"3818960153555";1056914.86;4246182.03;NA
"3819280158442";1099751.64;4249604.07;0.1001
"3820250155533";1074160.60;4248829.01;0.6
"3820440161536";1126792.57;4252953.85;0.1050
"3821170155036";1069730.32;4249542.90;0.0984
"3822080152433";1046840.75;4248977.13;NA
"3822220160444";1117063.21;4254194.60;0.1014
"3823500157158";1088147.76;4253466.08;NA
"3824190157381";1090046.46;4254375.62;0.1019
"3824220162578";1135601.48;4257870.65;0.0979
"3824690157514";1091171.49;4255016.66;0.1041
"3824920157647";1092318.40;4255357.79;0.0978
"3825000157808";1093722.91;4255550.45;0.0992
"3825080157139";1087853.25;4255209.88;0.0998
"3825280159736";1110597.55;4257123.52;0.1033
"3825700155604";1074352.16;4254929.74;NA
"3825850155613";1074419.15;4255102.05;0.2
"3825860158714";1101592.15;4257094.79;0.1031
"3826080155992";1077721.78;4255594.87;0.2
"3827500161472";1125622.07;4260758.13;0.0975
"3829060158119";1096114.73;4260263.88;0.1007
"3830140163256";1141021.69;4264922.68;0.1016
"3830810160308";1115141.36;4263651.51;0.0997
"3832720163953";1146896.89;4268279.82;0.1004
"3833220161533";1125661.96;4267157.96;0.0973
"3835360160786";1118938.28;4269030.22;0.0967
"3835390160106";1112983.93;4268607.15;NA
"3835750158506";1098950.68;4267950.96;0.1052
"3837140161892";1128464.23;4271760.75;0.1044
"3837750159128";1104226.82;4270581.58;0.0982
"3840780159717";1109124.37;4274338.95;0.0982
"3840830160775";1118373.27;4275102.92;0.1000
"3841890164683";1152460.24;4278991.82;0.1026
"3843080159072";1103291.04;4276468.72;0.0986
"3843560165700";1161202.26;4281578.19;0.1001
"3843780161431";1123855.39;4278826.71;0.1052
"3844440162917";1136789.19;4280583.29;0.1048
"3846580160603";1116376.83;4281378.28;0.1011
"3848560149317";1017632.19;4276593.37;NA
"3849170163028";1137340.41;4285918.67;0.1034
"3849970159836";1109386.96;4284632.61;0.0989
"3851670163194";1138568.46;4288813.63;0.1001
"3853610165194";1155859.53;4292387.15;0.1058
"3854940161244";1121255.38;4291104.42;0.1043
"3855810162128";1128895.62;4292676.37;0.1060
"3856130148334";1008513.49;4284452.66;0.0977
"3856130148335";1008522.22;4284453.21;NA
"3856610163125";1137526.72;4294256.99;0.1024
"3858280158925";1100734.36;4293265.77;0.0978
"3860560160606";1115203.92;4296919.27;0.1008
"3861920158325";1095197.69;4296918.36;0.0962
"3862470162444";1131066.71;4300297.73;0.1051
"3865060159822";1107983.80;4301395.36;0.0980
"3865920162992";1135538.63;4304513.51;NA
"3867220164017";1144355.55;4306678.69;0.0978
"3867360161028";1118296.40;4304762.97;0.0999
"3869000165444";1156628.35;4309677.07;0.1036
"3870280161197";1119515.56;4308123.44;0.1015
"3870830161919";1125756.02;4309228.50;0.1042
"3871830161219";1119572.55;4309861.28;0.1049
"3871940162833";1133618.11;4311094.66;0.1022
"3873360163439";1138768.31;4313096.89;0.1035
"3875330164478";1147636.00;4316021.75;0.1033
"3878420162861";1133285.43;4318317.38;0.1044
"3881440165597";1156812.51;4323617.79;0.1056
"3883360164022";1142939.90;4324624.59;0.0973
"3886530162442";1128921.47;4327041.16;0.1011
"3889830163322";1136272.81;4331323.28;0.0983
"3891250165819";1157832.51;4334684.94;0.1014
"3893720170233";1195932.66;4340732.09;0.1003
"3893780168564";1181432.82;4339528.27;0.0971
"3894640165197";1152117.38;4338003.77;0.0964
"3895140165650";1156003.67;4338886.97;NA
"3895170166775";1165767.15;4339741.91;0.0977
"3895220165828";1157541.44;4339105.09;0.1000
"3896890167797";1174475.42;4342411.32;0.1005
"3897440086203";467192.06;4314196.61;0.2001953
"3897440165403";1153646.65;4341265.18;0.0975
"3897750163036";1133079.26;4339926.76;0.0983
"3898530166208";1160530.55;4343061.79;NA
"3901390171278";1204242.10;4350070.71;0.1005
"3901690089986";499961.95;4318844.37;0.0991
"3903030165964";1157993.41;4347886.68;0.1047
"3903310088489";487005.11;4320652.98;NA
"3903670170153";1194257.64;4351734.63;0.1023
"3904330167589";1171960.63;4350528.37;0.1040
"3904750088317";485519.37;4322253.61;0.2001953
"3904920163350";1135157.86;4348117.09;NA
"3906190084497";452472.66;4323982.23;0.1049
"3906890168906";1183131.14;4354363.35;0.1014
"3907220170278";1194990.86;4355778.31;0.1059
"3908220171356";1204234.74;4357726.67;NA
"3908310162367";1126336.02;4351198.93;0.0967
"3909170087197";475842.60;4327182.55;0.1053
"3910280169278";1186024.55;4358415.03;0.1035
"3911440167664";1171931.21;4358489.22;NA
"3912940162553";1127534.08;4356474.58;NA
"3914190167489";1170152.91;4361416.39;0.1022
"3915000160781";1112014.11;4357546.84;0.1035
"3915720089653";497085.05;4334414.56;0.1024
"3915970167831";1172943.14;4363650.34;0.0983
"3916330165400";1151868.64;4362263.02;0.1010
"3916360164056";1140234.78;4361332.81;0.0997
"3917530162808";1129330.17;4361754.34;NA
"3918360163258";1133148.61;4362992.17;0.0967
"3918860084817";455321.49;4338026.55;0.6000976
"3920030089375";494686.41;4339198.90;0.1007
"3920610087769";480820.51;4339864.40;0.1010
"3920690094867";542104.84;4340042.30;1.1997069
"3921670162028";1122214.27;4365814.29;0.1018
"3922390091164";510130.68;4341822.53;0.1029
"3924420167889";1172632.88;4373088.46;0.0964
"3924720165444";1151468.56;4371621.88;0.0961
"3928730162648";1126942.10;4374092.00;0.1040
"3929060169781";1188532.66;4379680.64;0.0968
"3930080085631";462411.50;4350441.19;0.0978
"3930500093958";534208.91;4350890.99;0.1992188
"3930580162356";1124254.52;4375945.12;NA
"3930750089531";496039.60;4351094.81;0.0980
"3931470167822";1171375.42;4380876.49;0.1013
"3932140164289";1140804.13;4379039.96;0.0992
"3933920086042";465974.01;4354686.46;0.1002
"3934060163042";1129864.26;4380292.05;0.1057
"3935720095597";548304.53;4356758.76;1.6000975
"3935810093006";525981.18;4356752.36;0.3999023
"3936110160417";1107029.98;4380762.88;0.1023
"3937170089389";494820.14;4358220.37;0.0989
"3937470088019";483020.00;4358570.24;0.1020
"3938170170589";1194604.84;4390433.10;0.1003
"3939810161208";1113528.67;4385412.98;0.0978
"3940000165375";1149447.75;4388558.13;0.0974
"3940720171108";1198826.87;4393672.21;0.1002
"3942440170036";1189409.30;4394753.62;0.0985
"3943720095430";546812.31;4365628.43;0.2001953
"3944970166142";1155593.89;4394641.69;0.0967
"3945220090181";501640.45;4367152.64;0.0977
"3947440162008";1119746.84;4394443.79;0.1047
"3950000164028";1136912.91;4398707.01;0.1042
"3950440169403";1183162.18;4403162.85;0.1042
"3950500086239";467748.42;4373079.80;0.0970
"3951390094231";536454.02;4374085.47;0.0992
"3951390167306";1165010.23;4402637.83;0.0979
"3951750159406";1096963.26;4397466.32;0.0977
"3952400161622";1115981.16;4399690.29;0.1039
"3952610088461";486855.81;4375365.31;0.1029
"3954500091383";511966.49;4377460.71;0.1035
"3955390093533";530436.38;4378498.92;0.1008
"3956190089419";495092.16;4379328.79;NA
"3958690165211";1146288.64;4409215.83;0.1033
"3962000088142";484135.60;4385791.81;0.1036
"3962030093450";529695.02;4385865.47;0.0988
"3962250162781";1125066.91;4411443.04;0.1041
"3962970158517";1088356.53;4409346.39;0.1053
"3965920091319";511397.97;4390134.22;0.4003906
"3966110160278";1103215.48;4414011.10;0.1007
"3968830095814";549936.81;4393517.10;0.0994
"3968970085525";461711.92;4393606.64;0.0986
"3971060164966";1143026.74;4422789.29;0.1050
"3973320162710";1123454.24;4423697.57;0.0991
"3974500161175";1110177.00;4423946.14;0.1049
"3975720093053";526235.80;4401047.06;0.199707
"3978430183501";1301357.58;4446052.88;NA
"3978610162556";1121653.86;4429469.61;0.0979
"3978690088206";484721.98;4404314.20;0.79980457
"3978970163139";1126620.26;4430278.73;0.1051
"3979560095131";544012.03;4405390.30;2
"3979690164814";1140916.12;4432272.58;0.0992
"3980800183475";1300856.61;4448665.98;0.0997
"3981280092592";522268.90;4407205.51;1.1992188
"3985080090475";504146.58;4411392.00;0.0965
"3985500160878";1106655.74;4435968.51;0.1035
"3985780095181";544400.12;4412296.26;4.399902
"3986560163814";1131708.24;4439192.86;0.1022
"3987110159058";1090927.78;4436531.59;0.0972
"3988500159922";1098204.93;4438654.48;NA
"3988860095500";547107.75;4415731.04;2
"3988980183153";1297137.32;4457475.23;0.1052
"3992030085661";463002.15;4419194.77;NA
"3992560091561";513422.37;4419704.57;5.5996094
"3992610164664";1138423.57;4446525.87;0.1009
"3993750157686";1078617.67;4443007.28;0.1054
"3994000160506";1102719.86;4445161.95;0.1033
"3995060089322";494291.54;4422469.86;0.1019
"3995360159731";1095971.27;4446149.84;0.0987
"3995770088574";487903.24;4423265.42;0.1052
"3996070181020";1278048.69;4463461.12;0.1037
"3996760182669";1292083.35;4465694.58;NA
"3997620182687";1292137.11;4466667.39;0.0965
"3997630180865";1276543.70;4465059.90;NA
"3997980157170";1073848.15;4447372.77;0.2011719
"3998390162983";1123509.74;4451753.89;0.1021
"3998440094258";536437.97;4426305.95;2
"3999110166067";1149810.93;4454770.89;0.1012
"4000070184000";1303084.31;4470579.70;NA
"4000110157967";1080480.29;4450258.47;0.1013
"4000720184002";1303024.46;4471304.62;0.0994
"4002390086708";471992.26;4430655.20;0.2001953
"4003690083944";448416.52;4432221.85;0.0988
"4004420096500";555531.88;4433058.80;0.4003906
"4005000164469";1135597.90;4460157.53;0.1041
"4005450179945";1267785.75;4472952.81;NA
"4006690181678";1282455.00;4475855.79;NA
"4006900179763";1266066.23;4474407.23;0.0975
"4006900181780";1283302.41;4476179.99;0.0981
"4007000161036";1106096.43;4459971.36;0.0988
"4008390184169";1303542.53;4479989.30;NA
"4008430183835";1300683.84;4479729.54;0.1009
"4008870184188";1303647.84;4480540.61;0.1007
"4008940163306";1125300.97;4463707.75;0.0978
"4010110182839";1291976.79;4480697.56;NA
"4010920094117";535170.06;4440152.17;1
"4011100182890";1292296.39;4481844.69;0.1040
"4011330092533";521669.19;4440556.77;1.8007812
"4011580156278";1065092.87;4461911.83;0.0996
"4011980184762";1308180.26;4484525.96;0.0997
"4012810152886";1036059.43;4461167.81;0.4000244
"4013030088139";484227.80;4442429.52;0.2001953
"4013190154586";1050527.89;4462633.91;0.1031
"4013390155439";1057786.56;4463390.54;0.1028
"4013420181678";1281676.75;4483341.60;NA
"4013440157622";1076401.18;4464846.03;0.1034
"4014200181780";1282457.20;4484299.84;0.1037
"4014280086089";466768.27;4443873.65;4.4003906
"4014390155619";1059239.34;4464615.38;0.1003
"4015030184843";1308506.63;4487993.39;NA
"4015080183004";1292802.72;4486374.56;NA
"4015300180728";1273351.11;4484593.29;0.0996
"4015750183037";1293005.66;4487149.59;0.1049
"4015920095092";543447.69;4445744.92;0.0994
"4016110159861";1095264.52;4469297.41;0.1046
"4016710180335";1269836.22;4485816.88;NA
"4016780166514";1151933.81;4474741.95;0.1043
"4017110089136";492726.45;4446945.06;0.199707
"4017280164386";1133740.68;4473747.28;0.0968
"4017530154311";1047831.98;4467285.38;0.1005
"4018180180230";1268772.80;4487360.01;0.0970
"4018420180375";1269982.36;4487753.79;NA
"4021030092853";524361.64;4451331.51;1.7999878
"4021280162067";1113605.92;4476553.75;0.1060
"4021640154344";1047780.83;4471872.53;0.0982
"4023000152625";1033031.82;4472331.69;0.0975
"4024420155533";1057679.65;4475705.94;0.1021
"4025190164717";1135818.45;4482777.57;0.1033
"4025470091897";516215.71;4456237.95;1.800293
"4025560156603";1066694.98;4477654.49;0.4001464
"4025780151300";1021534.37;4474629.08;0.1028
"4026080087653";480125.47;4456924.18;0.59960926
"4026530095897";550225.02;4457564.03;0.199707
"4026720182675";1288630.46;4499025.95;NA
"4026830180513";1270197.19;4497228.39;0.1055
"4027250182745";1289164.67;4499678.40;0.0961
"4027940157042";1070231.52;4480582.13;0.2000732
"4029060084775";455671.85;4460336.42;5.600586
"4029140152261";1029451.11;4478934.41;0.3999634
"4029830167267";1157083.93;4489807.75;0.1009
"4029860157867";1077088.71;4483252.65;0.199997
"4030830158433";1081820.86;4484702.82;0.0969
"4031000167519";1159114.25;4491296.87;0.0982
"4032080150578";1014908.53;4481204.26;0.1037
"4032120177220";1241560.22;4500275.66;0.1018
"4032610090350";503056.51;4464146.45;1.3999022
"4033170085967";465824.38;4464845.49;4.40039
"4033310093692";531444.60;4464988.24;0.199707
"4033390177173";1241020.02;4501648.23;NA
"4033410178174";1249536.47;4502520.87;NA
"4035170178863";1255202.04;4505069.26;0.1029
"4035430181780";1279991.98;4507913.22;0.1055
"4036670165153";1138442.58;4495853.37;0.0998
"4036720180508";1269020.82;4508223.50;NA
"4036830176346";1233606.25;4504778.33;NA
"4037200180582";1269595.20;4508822.32;0.0965
"4037400167746";1160417.17;4498581.59;0.0992
"4037610160994";1103001.62;4493961.34;0.0969
"4037650174357";1216602.34;4504045.60;0.1033
"4037670085039";457969.36;4469880.47;7
"4037670096758";557451.73;4469981.54;0.4003906
"4038320176460";1234412.64;4506530.62;0.0966
"4039050166568";1150242.60;4499536.67;0.1046
"4039110155717";1058029.60;4492145.28;0.0975
"4039280162236";1113405.71;4496676.65;NA
"4039440156031";1060669.87;4492711.61;0.1999512
"4039560086639";471559.72;4471914.45;0.6000976
"4040070172670";1202004.02;4505371.91;NA
"4040500157250";1070936.33;4494673.68;0.40039068
"4040520178418";1250816.28;4510636.49;0.1002
"4040650173192";1206379.87;4506435.97;0.1035
"4041080160872";1101653.97;4497734.09;0.1010
"4041190093539";530109.96;4473729.64;1.3999022
"4042170090044";500456.42;4474757.32;1.9999999
"4042310153133";1035821.67;4494094.27;0.3999939
"4043830168657";1167522.24;4506418.55;0.0988
"4044280172632";1201240.22;4510022.19;0.1018
"4045050173676";1210026.88;4511719.19;NA
"4045060159667";1091067.22;4501339.04;0.1018
"4045380174230";1214697.23;4512536.71;0.1033
"4046330094844";541151.03;4479487.56;1.2001952
"4046430172504";1199928.04;4512310.19;NA
"4046860149658";1005973.22;4497090.97;0.1028
"4047610151703";1023266.34;4499121.47;0.1017
"4047970156414";1063207.89;4502434.75;0.1055
"4048060162483";1114699.61;4506607.40;0.1043
"4048680179935";1262781.21;4521023.20;0.0978
"4049030164481";1131564.65;4509105.18;0.1028
"4049700150142";1009863.99;4500525.79;0.1011
"4050060157611";1073185.74;4505531.92;0.39990228
"4050170084706";455225.68;4483771.92;0.0973
"4051220150428";1012173.50;4502380.83;0.1029
"4051390087639";480081.43;4485018.30;2.9999998
"4052020174532";1216549.85;4520166.44;0.0960
"4052170159122";1085818.55;4508874.77;0.0982
"4052420092192";518650.31;4486157.92;0.2001953
"4052600172822";1201979.89;4519424.59;0.1051
"4052900177103";1238268.56;4523284.18;0.1038
"4053370174338";1214759.13;4521508.67;NA
"4053780178155";1247096.06;4525156.94;0.1040
"4053830150309";1010965.40;4505211.13;0.1020
"4054250155697";1056602.20;4508955.37;0.1032
"4054450168627";1166208.74;4518201.18;0.0978
"4054920154359";1045206.01;4508859.44;0.199997
"4054970142281";942852.81;4502118.18;0.1024
"4055000177006";1237213.25;4525537.40;NA
"4055080170171";1179238.19;4520088.70;NA
"4055530177907";1244796.41;4526891.15;0.0964
"4055610163306";1120982.70;4515578.62;0.0987
"4055780170205";1179455.20;4520893.28;0.0997
"4055870167012";1152375.06;4518562.91;0.0970
"4056190152369";1028239.98;4509052.86;1.2000731
"4056280086433";469886.49;4490480.63;0.79980457
"4056280173384";1206357.97;4523968.63;0.0972
"4056490172040";1194940.36;4523124.76;0.1013
"4056940096975";559124.82;4491385.86;0.39990228
"4057080094258";536125.24;4491394.63;0.4003906
"4057420156569";1063726.66;4513034.87;0.2001953
"4057550171083";1186717.40;4523546.89;0.1012
"4057800167575";1156958.00;4521129.50;NA
"4057970153361";1036502.87;4511632.73;0.199997
"4058360083131";441951.04;4492955.06;0.1047
"4058370171007";1185988.76;4524398.82;NA
"4058940160378";1095866.05;4517245.02;0.0963
"4059500155175";1051743.95;4514458.84;0.1999817
"4059530172485";1198394.57;4526859.26;0.1040
"4060150175170";1221083.04;4529730.79;NA
"4060360149747";1005708.15;4512140.06;0.1005
"4060470152925";1032610.08;4514144.48;0.80004877
"4060640143628";953881.10;4509103.99;0.1020
"4061530175203";1221213.08;4531292.43;0.1013
"4061740169176";1170131.14;4526724.40;NA
"4061890161383";1104113.24;4521212.34;0.0973
"4062140145794";972112.41;4511913.42;0.0978
"4062180168020";1160295.43;4526333.44;0.1008
"4062610157968";1075133.11;4519711.52;0.1056
"4062780089886";499119.01;4497634.74;2.6000974
"4062870179267";1255497.41;4536222.61;0.0996
"4063020143870";955767.51;4511873.10;0.0976
"4063060145033";965607.04;4512528.49;0.1007
"4063080170410";1180447.33;4529167.99;0.1009
"4063190088192";484793.18;4498105.50;4.7998047
"4063280158108";1076260.52;4520548.12;0.1999817
"4063470162750";1115543.83;4523921.37;0.1044
"4063750153517";1037359.09;4518150.28;0.1999512
"4063750156372";1061524.79;4519941.99;0.1992188
"4063920145336";968111.05;4513645.13;0.1008
"4063940164329";1128868.78;4525567.48;0.1031
"4064140146039";974044.20;4514267.29;0.1035
"4064330085406";461238.96;4499456.67;0.0985
"4064390148367";993725.32;4515830.35;0.1011
"4064640148656";996152.26;4516271.32;0.0995
"4064670093242";527494.20;4499783.16;2.8002927
"4064690145406";968649.34;4514537.87;0.1058
"4064940155014";1049931.81;4520402.05;0.199707
"4065030147022";982297.93;4515792.26;0.1029
"4065040177003";1236075.95;4536698.84;NA
"4065170146067";974207.96;4515426.60;0.1059
"4065250146389";976926.53;4515690.21;0.0962
"4065360144639";962113.48;4514874.88;0.1056
"4065380177518";1240399.59;4537513.04;0.0996
"4066250149839";1006040.48;4518736.68;0.0972
"4066620167137";1152381.18;4530605.30;0.0969
"4066920170325";1179334.97;4533370.59;0.1049
"4066940159153";1084786.00;4525308.75;0.2001953
"4066940166017";1142870.83;4530130.37;0.1025
"4067360145017";965171.90;4517296.49;0.1056
"4067500148325";993139.96;4519261.61;NA
"4067640147358";984951.01;4518877.13;NA
"4067750147400";985298.22;4519022.60;0.1051
"4067810152485";1028302.57;4522032.99;0.199997
"4068400173341";1204708.06;4537408.78;NA
"4068890145144";966139.04;4519063.55;0.1005
"4069220173888";1209249.96;4538764.07;0.1001
"4069640146456";977179.17;4520603.34;0.1012
"4069720147017";981916.58;4520999.48;0.1058
"4070780145339";967655.23;4521266.97;0.1013
"4071080139500";918281.94;4518646.82;0.1029
"4071480175847";1225581.33;4542889.92;0.1006
"4071530085944";465824.87;4507426.64;7.600097
"4071940147706";987579.48;4523847.24;0.1009
"4072170138989";913895.51;4519614.73;0.0965
"4072560147511";985886.05;4524427.51;0.1022
"4072580169037";1167863.39;4538667.74;0.1057
"4072610091025";508739.22;4508551.45;0.1014
"4072640148442";993748.40;4525037.64;0.1006
"4072860157144";1067282.71;4530563.02;0.1005
"4072890145939";972577.39;4523933.09;0.0985
"4072970158022";1074695.20;4531259.16;0.199997
"4073190138792";912167.74;4520654.70;0.0981
"4073330152000";1023765.68;4527874.16;0.1030
"4073360155931";1056987.26;4530338.11;0.1036
"4073400175671";1223882.50;4544878.22;NA
"4073440146808";979881.36;4525017.06;0.1016
"4073720086781";472903.36;4509828.38;3.7998047
"4073890161625";1105070.18;4534715.75;0.1028
"4074030139472";917860.25;4521909.93;0.1006
"4074170162461";1112111.17;4535609.93;0.1015
"4074190147589";986426.09;4526281.60;0.1031
"4075020173336";1203962.42;4544764.66;NA
"4075140165850";1140665.84;4539121.74;NA
"4075470173362";1204134.39;4545285.98;0.1002
"4075530094853";541048.63;4511901.02;0.199707
"4075970154789";1047119.98;4532516.41;0.1052
"4075980168830";1165771.29;4542288.79;NA
"4076110145069";965000.39;4527043.74;0.1043
"4076330146272";975145.68;4527934.79;0.1010
"4076350165997";1141791.21;4540574.75;0.1040
"4076390159983";1090968.03;4536368.78;0.1008
"4077420088019";483365.76;4513904.64;0.7998047
"4078000145733";970474.97;4529498.40;0.1006
"4078500147867";988458.16;4531224.54;0.1032
"4078580147656";986670.66;4531195.68;0.1053
"4078690149122";999041.02;4532144.83;0.2000732
"4078920167570";1154830.87;4544601.73;0.1047
"4079120171177";1185284.46;4547599.97;0.0984
"4079360141639";935817.78;4528887.10;0.1051
"4079420143806";954106.72;4530056.66;0.1000
"4079440149089";998706.04;4532959.18;0.2000732
"4079670169183";1168382.33;4546660.93;0.1053
"4080010169170";1168238.17;4547028.89;NA
"4080060155177";1050058.93;4537304.65;NA
"4080550155270";1050803.47;4537907.76;0.2
"4081360152264";1025361.15;4536954.18;0.1999817
"4081420143633";952510.00;4532188.49;0.0997
"4081690146164";973850.95;4533830.29;0.1049
"4081690147017";981049.80;4534296.59;0.1058
"4081800153681";1037286.77;4538305.81;NA
"4081830147814";987765.88;4534894.20;0.1059
"4082170164082";1125058.49;4545651.20;0.1046
"4082250084081";450169.58;4519415.93;0.1012
"4082470147111";981786.47;4535214.88;0.1005
"4082550173655";1205855.28;4553394.68;0.0991
"4082640148422";992836.96;4536135.44;0.1036
"4082940093236";527368.72;4520063.71;0.1026
"4082940146142";973576.05;4535206.92;0.0962
"4082970153807";1038255.28;4539683.43;0.4
"4083060150722";1012213.89;4537926.23;0.1013
"4083080141278";932528.09;4532839.67;0.0983
"4083250152442";1026713.47;4539161.32;0.1030
"4083370173505";1204501.01;4554184.64;NA
"4083410152339";1025831.59;4539276.94;NA
"4083530145953";971939.34;4535759.99;0.1058
"4083860150394";1009384.56;4538623.00;0.1038
"4083920156437";1060371.30;4542395.70;0.1000
"4084000146564";977060.54;4536614.15;0.1000
"4084170096528";555116.43;4521583.76;0.2001953
"4084250144658";960963.61;4535867.99;0.1029
"4084700152433";1026522.26;4540766.87;0.2
"4084790150505";1010249.50;4539721.06;0.0983
"4084980158543";1078051.33;4544949.03;NA
"4085500146572";977020.07;4538284.81;0.1050
"4085530141975";938246.56;4535908.36;0.1010
"4085810089597";496686.57;4523200.03;0.6005859
"4085830147389";983887.07;4539101.20;0.1031
"4085860146156";973485.59;4538458.18;0.0996
"4086080166348";1143810.00;4551648.56;0.0982
"4086190152819";1029659.69;4542656.07;0.2000732
"4086390146494";976298.19;4539230.87;0.1024
"4086560142342";941273.13;4537237.26;0.0983
"4086760172008";1191505.28;4556751.02;NA
"4086810156182";1057975.69;4545443.29;NA
"4087500145608";968747.72;4539984.10;0.1005
"4087580172080";1192026.85;4557719.93;0.1015
"4088000150294";1008222.99;4543164.05;0.1023
"4088070156323";1059058.49;4546933.73;0.0998
"4088070167927";1156936.69;4555041.35;0.1052
"4088250147217";982260.11;4541694.28;0.1012
"4088340150835";1012758.46;4543858.57;NA
"4088370167669";1154730.34;4555180.17;NA
"4088470150858";1012942.31;4544016.53;0.0996
"4088810091122";509535.37;4526535.55;3.2001953
"4089250148444";992530.86;4543490.97;0.1051
"4089280154197";1041030.56;4546935.72;0.0999
"4089700168425";1160974.68;4557230.73;0.1048
"4090070170527";1178666.33;4559262.67;0.0996
"4090280155036";1048021.62;4548571.34;0.1030
"4090830087675";480502.29;4528797.88;0.1024
"4091170147808";987027.95;4545266.56;0.0963
"4091220150053";1005944.47;4546601.12;0.1032
"4091320157138";1065653.47;4551071.35;0.0977
"4091760151836";1020929.26;4548251.90;NA
"4091770151750";1020203.70;4548211.61;0.0985
"4091780147292";982634.84;4545657.17;0.1001
"4092050171258";1184626.21;4562037.55;0.0975
"4092720145767";969717.66;4545868.20;0.0963
"4092930153195";1032288.32;4550373.63;0.2
"4092940129697";834338.19;4538706.80;0.1042
"4093360156000";1055889.14;4552604.81;NA
"4093390159800";1087908.95;4555136.36;0.1015
"4093600155505";1051697.97;4552556.45;0.1032
"4093820173012";1199228.53;4565403.75;0.0965
"4093970082131";433842.50;4532555.62;0.1005
"4094110140214";922847.03;4544569.44;0.0982
"4094140146253";973710.50;4547708.68;0.1036
"4094400156147";1057040.02;4553854.40;0.1041
"4095040169168";1166700.79;4563734.40;NA
"4095070160842";1096538.37;4557713.06;NA
"4095080171008";1182204.04;4565208.95;NA
"4095350169175";1166728.37;4564084.36;0.1004
"4095600157988";1072447.04;4556383.19;0.1000
"4095700161405";1101224.46;4558801.13;0.0964
"4095900165722";1137577.31;4562101.64;0.1050
"4095920145408";966467.07;4549230.00;0.1054
"4095940145978";971265.62;4549559.04;0.1027
"4095970158036";1072819.24;4556825.94;0.0988
"4096760164016";1123122.14;4561819.08;NA
"4097470150036";1005322.64;4553534.70;0.1046
"4097580164155";1124215.31;4562830.25;0.0979
"4098250172252";1192354.86;4569718.75;0.1024
"4098480167181";1149615.76;4566051.05;NA
"4098800172180";1191690.39;4570272.69;NA
"4099080156207";1057149.80;4559092.93;0.1037
"4099110147278";981981.51;4553792.14;0.1018
"4099360096319";553232.67;4538433.24;0.1011
"4099800167312";1150588.47;4567616.39;0.0973
"4099940088975";491462.59;4538889.89;12
"4100000168510";1160656.90;4568744.31;NA
"4100040153674";1035746.65;4558567.21;NA
"4100080168672";1162013.06;4568956.78;0.0988
"4100280147808";986356.33;4555386.78;0.0976
"4100340155005";1046925.45;4559729.47;NA
"4100580144847";961416.97;4554107.50;0.0976
"4100830146242";973137.93;4555134.28;0.1060
"4100880153618";1035207.00;4559466.00;0.0992
"4101030146686";976859.65;4555598.84;0.1001
"4101730159509";1084715.65;4564207.74;NA
"4101780157317";1066262.88;4562810.64;NA
"4101780157667";1069208.47;4563039.43;0.1001
"4102080145983";970869.18;4556382.32;0.1007
"4102200160078";1089462.56;4565114.81;0.1004
"4102250143358";948773.77;4555183.86;0.0983
"4102750144861";961382.84;4556525.39;0.0962
"4103500139389";915307.56;4554601.95;0.0976
"4103530144914";961773.99;4557419.94;0.0988
"4103690157914";1071121.32;4565323.97;0.1007
"4105080157952";1071320.18;4566893.51;NA
"4105770153750";1035919.43;4564980.42;0.0999
"4106650155328";1049117.11;4566944.29;0.0964
"4106720160834";1095415.29;4570653.91;NA
"4107230160842";1095436.30;4571226.15;0.0989
"4107330163195";1115215.67;4572980.27;0.1043
"4108330091122";509507.54;4548204.74;0.6000976
"4108780144967";961851.13;4563279.89;0.1004
"4109110150536";1008632.26;4566757.88;0.0993
"4109260141056";928951.93;4561808.62;0.1032
"4109300164887";1129256.88;4576384.78;0.0998
"4109300167050";1147444.04;4577979.23;0.1060
"4109530168715";1161421.44;4579493.61;0.0960
"4109600154413";1041179.61;4569647.18;NA
"4109750143625";950506.22;4563652.78;0.0984
"4109750166172";1140017.44;4577826.61;0.0979
"4109840159915";1087406.83;4573494.13;0.1024
"4110030154509";1041951.00;4570184.87;NA
"4110250144639";958991.85;4564738.95;0.0961
"4110630161408";1099885.12;4575394.76;0.1037
"4110890142083";937473.40;4564131.08;0.0975
"4111070153312";1031806.50;4570599.55;0.0975
"4111500148250";989240.90;4568099.13;0.0966
"4111520168773";1161707.93;4581749.88;0.0991
"4111980168820";1162056.46;4582297.14;NA
"4112080152753";1027028.08;4571380.51;0.0991
"4112470149708";1001416.30;4570008.88;0.0965
"4112850159538";1083969.47;4576584.12;0.1023
"4113400147734";984765.41;4569920.29;0.1031
"4113440153843";1036074.76;4573559.66;NA
"4114060150861";1010978.30;4572448.11;0.1006
"4114220148360";989961.90;4571182.85;0.0970
"4114400153927";1036701.75;4574678.24;0.2
"4114400168335";1157736.36;4584616.96;0.0975
"4114620164068";1121865.30;4581705.54;0.1029
"4114830155212";1047458.54;4575959.72;0.0973
"4114940148353";989849.33;4571978.75;0.0992
"4115070152506";1024713.52;4574552.67;NA
"4115720152757";1026769.08;4575427.06;NA
"4116110145042";961965.39;4571462.09;0.1057
"4117810143572";949508.53;4572578.24;0.1020
"4118350166670";1143357.92;4587754.39;NA
"4118370157508";1066435.78;4581369.53;NA
"4118650157580";1067015.91;4581727.79;0.1031
"4118750151392";1015069.11;4577972.86;NA
"4119640138383";905849.26;4572052.98;0.0961
"4119670151361";1014736.56;4578976.54;0.1048
"4120090152675";1025729.44;4580232.41;NA
"4120360142422";939686.20;4574821.20;0.1014
"4120560135747";883682.06;4571875.59;0.1005
"4120950152750";1026289.57;4581233.45;0.0981
"4121030155242";1047191.76;4582867.44;0.0986
"4121280143958";952508.23;4576633.44;0.1043
"4121700153837";1035348.35;4582733.23;NA
"4121970153868";1035586.29;4583052.39;0.0981
"4122120152255";1022043.04;4582233.65;0.0986
"4122120161058";1095895.49;4587921.47;0.0967
"4122280093992";533543.01;4563760.91;0.1000
"4122360142875";943350.94;4577273.43;0.1050
"4123230161935";1103151.38;4589763.27;0.0968
"4123500144984";960957.99;4579640.18;0.0977
"4123680159042";1078842.48;4588285.29;0.0966
"4123680164915";1128108.88;4592386.87;0.0983
"4124690144728";958727.86;4580826.16;0.0983
"4125130152849";1026783.07;4585937.74;NA
"4125970148975";994238.49;4584585.33;0.0997
"4126330152992";1027885.04;4587358.15;0.1013
"4126810135250";879151.33;4578598.35;0.0988
"4127170142106";936580.58;4582225.69;0.1060
"4127420137897";901294.86;4580467.75;0.0985
"4128050138362";905152.10;4581383.90;0.1034
"4128080139786";917081.11;4582093.08;0.0970
"4129060132567";856547.04;4579958.45;0.1000
"4129860130253";837123.66;4579920.85;0.1003
"4129890150867";1009792.88;4590038.28;0.0983
"4130040155168";1045816.73;4592831.55;NA
"4130100151841";1017936.64;4590850.56;NA
"4130400155183";1045912.25;4593241.01;0.2
"4130420137328";896345.16;4583537.74;0.1032
"4130980151910";1018444.73;4591869.60;0.1000
"4130980156995";1061044.27;4595046.57;0.1043
"4132950143361";946701.93;4589286.36;0.1003
"4133420162080";1103422.86;4601188.55;0.1001
"4133530146661";974291.05;4591688.12;0.1031
"4133720145133";961484.36;4591072.19;0.1056
"4134170134183";869793.63;4586311.09;0.1046
"4134940142741";941376.01;4591178.45;0.1052
"4134970153050";1027671.13;4596992.81;0.0982
"4135090151670";1016108.41;4596292.06;NA
"4135290142128";936221.70;4591256.12;0.1028
"4135620160620";1090994.12;4602622.23;0.0972
"4135850151705";1016341.10;4597157.34;0.1009
"4136420148372";988400.12;4595851.69;0.1035
"4137280130264";836832.69;4588165.20;0.1012
"4138250141728";932677.15;4594342.92;0.0999
"4138670136575";889545.59;4592358.64;0.1043
"4139110150217";1003633.30;4599900.02;NA
"4140280138306";903924.61;4594941.28;0.1030
"4140520138690";907120.82;4595388.04;0.1005
"4140580138900";908873.14;4595553.84;0.0966
"4140600151905";1017636.81;4602554.34;0.1053
"4140890134633";873174.98;4593967.58;0.1041
"4140930154365";1038186.67;4604426.82;0.1020
"4141750145344";962679.55;4600105.01;NA
"4141760151171";1011405.96;4603405.24;NA
"4142220150408";1004989.40;4603466.71;0.0981
"4142270157783";1066660.76;4608106.44;0.1041
"4142440154360";1038019.65;4606101.39;NA
"4142470138803";907943.43;4597607.19;0.1045
"4142580151212";1011684.20;4604340.56;0.1055
"4143080131933";850482.21;4595269.53;0.1051
"4143350152040";1018546.28;4605690.67;0.0985
"4143580155650";1048711.07;4608181.36;0.2
"4144350138344";903989.42;4599479.52;0.0998
"4145000126303";803338.99;4595272.46;0.0974
"4145270136661";889869.10;4599727.69;0.1058
"4145350151062";1010212.04;4607329.04;0.1039
"4145390142531";938912.47;4602678.99;0.1057
"4145470143978";950999.09;4603514.09;0.1000
"4146000128119";818462.61;4597036.19;0.0980
"4146220130989";842426.88;4598378.17;NA
"4146890129078";826429.24;4598382.44;0.1028
"4146900154832";1041594.04;4611352.44;0.0997
"4146940150639";1006552.31;4608845.94;NA
"4147080131858";849640.14;4599681.39;0.0966
"4147470145403";962764.92;4606490.61;0.1019
"4147700145456";963191.27;4606774.56;0.1019
"4148330145856";966487.59;4607690.07;NA
"4148340138390";904125.43;4603932.68;0.1034
"4148390149828";999663.83;4609983.26;0.1032
"4148670150565";1005798.90;4610724.42;0.0968
"4148720144669";956544.82;4607487.81;NA
"4149000139056";909646.31;4604979.84;0.1009
"4149360148383";987519.54;4610232.99;NA
"4149560130586";838885.96;4601928.42;0.0984
"4149750143564";947244.18;4608052.69;0.1007
"4150220153312";1028620.73;4614096.41;0.0993
"4150750149139";993728.05;4612207.76;0.1054
"4151100152493";1021709.36;4614574.42;NA
"4151250127697";814682.85;4602711.63;0.1052
"4151280134069";867870.45;4605264.79;0.0999
"4151870141378";928848.69;4609296.61;0.1047
"4153000145547";963572.06;4612710.93;NA
"4153390151174";1010513.87;4616327.60;NA
"4153640136478";887839.24;4608941.35;0.1033
"4153920146611";972386.43;4614311.14;0.1059
"4153980151413";1012462.21;4617125.14;0.0968
"4154110132794";857071.29;4607871.97;0.1014
"4154320135185";877009.69;4609123.02;0.1044
"4154640144856";957688.14;4614163.08;NA
"4154780156198";1052336.26;4620976.11;0.0963
"4155020149679";997908.70;4617262.44;NA
"4155220149793";998844.63;4617550.66;0.1005
"4155970126406";803685.88;4607490.59;0.0969
"4156370154996";1042169.97;4621977.49;0.1001
"4157520158728";1073210.94;4625677.64;0.1020
"4157890133264";860782.23;4612265.70;0.0967
"4158400149572";996755.77;4620955.52;0.0980
"4158690129708";831088.41;4611726.68;0.1017
"4158940128233";818778.29;4611448.24;0.1007
"4159390126483";804167.41;4611315.59;0.1000
"4160060144433";953777.51;4619959.72;0.0984
"4160360134075";867404.89;4615351.67;0.1044
"4160670150670";1005736.23;4624117.60;0.1005
"4160940142506";937651.08;4619938.77;0.1044
"4161030135622";880261.37;4616767.43;0.1003
"4161140125367";794784.42;4612871.17;0.0980
"4161360139489";912473.96;4618914.75;0.1016
"4161670148689";989142.90;4624081.89;NA
"4162530141411";928417.25;4621153.63;0.1011
"4162950137697";897439.24;4619837.39;0.1029
"4163500147675";980553.39;4625542.72;NA
"4163920133153";859521.02;4618916.18;0.1040
"4164140129153";826185.96;4617567.37;0.1058
"4164610126619";805054.74;4617160.45;0.0962
"4165220149806";998180.35;4628667.53;NA
"4165390134831";873415.95;4621263.44;NA
"4166390125008";791555.57;4618578.97;0.1034
"4167030138522";904058.43;4624753.43;0.1050
"4167220134083";867081.32;4622973.90;0.1001
"4167610143928";949040.86;4628081.13;NA
"4168580131508";845566.64;4623417.46;0.1021
"4168580153927";1032240.14;4634874.51;0.1023
"4168610127789";814605.36;4622023.65;0.1000
"4168750152890";1023589.85;4634425.11;0.1028
"4168860148103";983717.55;4631737.38;NA
"4170000141850";931575.45;4629670.63;0.0977
"4170000149256";993231.26;4633660.13;0.0984
"4170030126500";803808.23;4623137.26;0.1031
"4170040159507";1078583.88;4640112.43;NA
"4170070156335";1052167.36;4638052.83;NA
"4170120157505";1061905.56;4638868.87;NA
"4170310132611";854653.95;4625787.89;0.1022
"4170870155015";1041108.64;4638099.83;0.0993
"4171020159538";1078753.66;4641222.32;0.2
"4171230157550";1062183.08;4640131.73;0.0972
"4171670140689";921801.29;4630948.70;NA
"4171670142689";938445.97;4631950.69;NA
"4171720123608";779666.55;4624033.12;0.0982
"4171820153346";1027135.52;4638115.30;NA
"4171860146943";973837.24;4634422.82;0.1000
"4172100136170";884169.05;4629305.88;0.0991
"4172470148561";987257.66;4636006.89;NA
"4172830122889";773637.32;4625034.46;0.1038
"4173100133598";862711.48;4629298.44;0.1047
"4173180153460";1027972.62;4639696.45;0.1031
"4173330146856";973004.94;4636007.78;NA
"4173470136750";888912.43;4631088.52;0.0963
"4174220143831";947772.69;4635372.88;0.1031
"4174610126539";803916.64;4628237.16;0.0976
"4175000139856";914654.16;4634241.60;NA
"4175170140937";923634.51;4634958.44;0.1046
"4175560125611";796155.16;4628968.14;0.0975
"4176100129768";830694.93;4631084.38;0.0996
"4176580122428";769645.38;4629053.00;0.1002
"4176670142522";936716.20;4637419.42;NA
"4176940123861";781543.18;4629912.35;0.1026
"4177470134050";866222.88;4634343.69;0.0965
"4177560146931";973317.04;4640748.15;NA
"4177970145467";961113.90;4640405.49;0.0982
"4178030132356";852108.86;4634256.80;0.1025
"4178330141025";924157.69;4638511.89;NA
"4178720149011";990524.80;4643206.75;NA
"4179000130622";837643.62;4634637.38;0.0967
"4179250154652";1037383.87;4647181.86;0.1056
"4179870156557";1053169.83;4649084.78;0.1015
"4180000143689";946189.37;4641719.29;NA
"4180220151569";1011673.47;4646370.13;0.1008
"4180690126867";806354.64;4635105.60;NA
"4180940137922";898199.37;4639922.86;NA
"4180970126714";805070.10;4635362.05;0.1017
"4181110124194";784127.12;4634652.71;0.0977
"4181670160340";1084458.76;4653601.51;NA
"4181670160397";1084932.57;4653640.51;0.2
"4181750122194";767484.77;4634720.90;0.1049
"4181770159175";1074765.95;4652922.58;NA
"4181930135312";876453.29;4639843.40;0.0985
"4181940123389";777403.41;4635311.13;0.0994
"4182100153592";1028335.30;4649688.13;0.0973
"4182300152407";1018471.12;4649185.34;0.1056
"4182500124944";790295.26;4636447.24;0.1056
"4182730159245";1075261.40;4654036.38;0.1007
"4182920147103";974350.42;4646797.56;0.0968
"4183220128350";818551.06;4638455.23;0.0978
"4183380155844";1046941.79;4652526.05;NA
"4183380158005";1064898.69;4653931.47;NA
"4183500148606";986794.14;4648285.74;0.1047
"4183530124842";789401.58;4637556.59;0.1000
"4183700139295";909432.46;4643635.31;0.1057
"4183780128814";822376.73;4639250.48;0.1034
"4183830155943";1047725.86;4653089.42;0.0970
"4183830158047";1065207.91;4654459.24;0.1059
"4184470158553";1069355.32;4655506.29;0.1005
"4184580142672";937423.61;4646282.20;0.0987
"4184860126281";801289.91;4639528.97;0.1046
"4185080153502";1027341.57;4652943.40;NA
"4185190140835";922126.15;4646037.82;0.1020
"4185280121944";765262.12;4638563.24;0.1023
"4185420124500";786476.91;4639540.64;0.0988
"4185430142112";932715.01;4646941.82;0.0986
"4185580151205";1008221.78;4652107.94;0.1028
"4186080141953";931350.80;4647583.59;NA
"4186390132475";852638.26;4643590.33;0.1010
"4186500140564";919789.69;4647359.67;NA
"4186670145356";959566.37;4650010.11;NA
"4186750161672";1095057.52;4660166.12;NA
"4186960144545";952811.90;4649899.88;0.1051
"4187080125528";794935.42;4641732.54;0.1035
"4187150153283";1025352.20;4655108.34;0.1006
"4187440124778";788693.99;4641877.07;0.1005
"4187560127111";808051.87;4642822.29;0.0983
"4187810124247";784270.40;4642110.53;0.0963
"4188050161758";1095650.43;4661670.68;NA
"4188110161764";1095694.65;4661741.54;NA
"4188250124631";787437.58;4642727.18;0.1023
"4188280129719";829661.19;4644592.16;0.0972
"4188330143022";940072.60;4650627.06;NA
"4188330146522";969126.31;4652487.04;NA
"4188340124750";788421.08;4642867.09;0.0988
"4188470122378";768731.59;4642240.72;0.1057
"4188530123656";779334.17;4642715.83;0.0986
"4188820140590";919853.28;4649949.35;0.0984
"4188920133297";859320.50;4646741.73;0.1053
"4189000147858";980166.66;4653972.90;0.1032
"4189220125031";790713.05;4643939.26;0.0993
"4189610146342";967538.41;4653810.36;0.0972
"4189740135789";879952.69;4648728.18;0.1019
"4189860124803";788792.36;4644572.90;0.1032
"4190000138858";905403.37;4650424.92;NA
"4190000143522";944106.97;4652740.48;NA
"4190220152757";1020677.44;4658170.63;NA
"4190440124669";787654.55;4645171.92;0.0969
"4190500151644";1011473.85;4657835.76;NA
"4190560125028";790627.32;4645426.32;0.0993
"4190610151553";1010709.81;4657903.52;NA
"4191170126306";801200.66;4646545.13;0.1043
"4191510134260";867163.56;4650026.81;0.0968
"4191670149189";991009.58;4657695.21;NA
"4191670150022";997921.33;4658177.32;NA
"4191760138718";904130.34;4652313.55;0.1039
"4191940125722";796320.69;4647196.55;0.0969
"4192140131067";840643.04;4649406.47;0.1054
"4192220124525";786380.28;4647100.38;0.0999
"4192220147092";973569.55;4657122.58;NA
"4192360130873";839022.28;4649573.79;0.1032
"4192620126648";803968.68;4648276.21;0.0982
"4192780124689";787715.23;4647777.22;0.1025
"4192800158811";1070753.11;4664934.29;0.1000
"4193330138189";899643.69;4653808.82;NA
"4193330139856";913469.33;4654601.30;NA
"4193610124247";784012.95;4648551.41;0.1031
"4193610124917";789568.42;4648775.78;0.1015
"4193610145767";962476.31;4657940.96;NA
"4193750124375";785068.05;4648749.41;0.0975
"4193760126010";798624.38;4649317.73;0.0977
"4193890126611";803601.52;4649673.45;0.0960
"4194170134129";865924.50;4652925.00;0.0998
"4194220147031";972915.19;4659310.54;0.0980
"4194230144279";950090.82;4657835.10;0.1023
"4194250125113";791164.46;4649552.96;0.1010
"4194500160168";1081857.57;4667740.31;0.1008
"4195030143522";943757.20;4658327.82;NA
"4195490143565";944081.73;4658861.13;0.1020
"4195500120700";754527.57;4649534.97;0.1036
"4195690125456";793942.02;4651269.31;0.1032
"4195720136486";885375.56;4655681.74;0.1013
"4196110125000";790143.12;4651580.15;0.1008
"4196250124044";782213.15;4651416.01;0.0965
"4196280127986";814884.72;4652824.41;0.1025
"4196900124946";789659.72;4652439.16;0.0967
"4198360141375";925731.96;4660934.16;NA
"4198440141411";926024.96;4661040.97;NA
"4198610146767";970401.51;4664041.43;NA
"4198820124970";789771.46;4654579.48;0.1037
"4198990142487";934904.70;4662194.24;0.1033
"4199350134544";869065.99;4658856.50;NA
"4199410130214";833188.52;4657144.54;0.1001
"4199440138027";897918.84;4660519.66;0.1020
"4199680144831";954280.09;4664181.36;0.1042
"4199860120989";756747.76;4654462.91;0.0979
"4200000127264";808720.40;4656692.49;0.1029
"4200310149994";997014.52;4667759.46;0.1035
"4200420123861";780513.11;4655986.62;0.1018
"4200560131583";844468.31;4658964.35;0.1001
"4201140124914";789202.32;4657136.92;0.1057
"4201220119783";746705.58;4655618.30;0.0982
"4201670138667";903080.53;4663296.66;NA
"4201670140522";918445.31;4664189.13;NA
"4201860132283";850195.27;4660692.65;NA
"4202910136646";886266.05;4663739.79;0.1041
"4203280129969";830957.75;4661347.32;NA
"4203330141856";929382.94;4666695.58;NA
"4203330143689";944562.28;4667634.39;NA
"4203450143682";944495.92;4667764.03;0.1028
"4203560132497";851873.64;4662668.64;NA
"4203610130197";832828.28;4661802.39;0.1038
"4203780132022";847928.83;4662718.39;NA
"4203920144880";954383.20;4668917.37;0.1056
"4204110141824";929065.33;4667545.89;0.1045
"4204360134333";867029.01;4664329.95;NA
"4205000142692";936191.35;4668974.70;NA
"4205090139999";913890.77;4667732.85;0.1999512
"4205140126169";799408.26;4662011.15;0.1038
"4205470120458";752127.42;4660534.66;0.0994
"4205880131086";840067.30;4664673.64;0.0965
"4206000136258";882867.09;4666997.00;0.1001
"4206570146666";968977.03;4672828.29;0.1044
"4206670127650";811591.51;4664239.96;0.1013
"4206790132654";852994.33;4666320.77;0.0961
"4206870139144";906698.84;4669298.74;0.1020
"4207380135369";875427.55;4668134.73;0.0985
"4207500128997";822695.95;4665662.02;0.1014
"4207970124011";781421.84;4664420.28;0.0969
"4208240137988";897046.22;4670275.74;0.0990
"4208330139189";906977.73;4670941.87;NA
"4208330142025";930443.67;4672334.66;NA
"4208620152787";1019478.03;4678657.62;NA
"4209250122678";770339.62;4665411.12;0.0979
"4209310147011";971629.10;4676062.51;NA
"4209570142579";934942.79;4673993.28;0.0976
"4209630117859";730467.84;4664420.26;0.0967
"4209660133728";861718.78;4669958.08;0.1052
"4209890138875";904280.34;4672525.22;NA
"4209990146984";971355.17;4676802.96;0.1017
"4210140121750";762627.23;4666109.86;0.1027
"4210140125039";789827.61;4667173.99;0.1034
"4210220130056";831316.46;4669088.56;0.1036
"4210640146350";966062.36;4677176.08;NA
"4211670138856";904009.85;4674493.31;NA
"4211690127736";812056.67;4669846.40;0.0996
"4211810123669";778424.29;4668572.53;0.1009
"4211830142914";937558.33;4676675.21;NA
"4212340143610";943278.63;4677601.63;0.0993
"4212670126078";798301.64;4670341.67;0.1037
"4212720140275";915675.88;4676342.13;NA
"4213110144148";947673.23;4678738.41;0.1006
"4213170143803";944816.39;4678624.24;NA
"4213190142600";934868.26;4678025.06;NA
"4213360131313";841543.78;4673071.67;0.1016
"4213470127389";809100.87;4671696.87;0.1019
"4213580121197";757914.31;4669761.34;0.0975
"4213720146435";966538.71;4680644.09;0.0993
"4213970130481";834633.80;4673419.22;0.1015
"4214330125067";789867.92;4671836.63;0.1060
"4215080140191";914826.85;4678922.55;0.8000031
"4215280120086";748664.87;4671319.36;0.0971
"4215510135129";872963.61;4677059.15;0.1049
"4215630138298";899146.02;4678628.74;0.0965
"4215690140097";914010.04;4679554.36;NA
"4215720122464";768296.23;4672528.55;0.1012
"4215780141906";928954.80;4680549.94;NA
"4215810119078";740315.61;4671619.04;0.1034
"4216530127861";812851.56;4675267.35;0.1017
"4216670139522";909194.61;4680364.90;NA
"4216690126586";802309.75;4674984.97;0.1013
"4216720144342";949021.31;4682850.66;NA
"4216750144958";954109.67;4683210.94;NA
"4217170122431";767962.31;4674128.41;NA
"4217190138192";898171.92;4680311.84;NA
"4217470139547";909349.48;4681265.51;0.0994
"4217470145408";957776.32;4684251.93;NA
"4218420146333";965349.69;4685809.26;NA
"4218830142150";930763.78;4684061.08;0.1999512
"4219000140994";921203.15;4683671.09;12.200012
"4219190117825";729840.44;4675027.07;0.1042
"4219310132317";849515.33;4680087.02;0.0967
"4219950145046";954606.85;4686812.62;0.1003
"4219970135203";873312.21;4682045.18;NA
"4220000136856";886961.68;4682816.78;NA
"4220000138522";900720.59;4683587.84;NA
"4220920124753";786974.37;4679048.83;0.0972
"4221410138223";898162.46;4685013.58;0.0985
"4221670141500";925203.34;4686888.61;NA
"4221670142856";936399.83;4687575.67;NA
"4221820143885";944885.87;4688275.66;0.1018
"4222100137799";894618.50;4685582.40;0.0979
"4222200141423";924531.96;4687438.85;NA
"4222530126272";799439.39;4681359.74;0.0978
"4223310129408";825284.80;4683376.63;0.0975
"4223330126167";798534.96;4682211.32;NA
"4223330128103";814513.15;4682908.39;0.1045
"4223970140536";917091.89;4688965.85;NA
"4224110123378";775483.39;4682137.40;0.1051
"4224170122244";766123.32;4681843.39;0.1051
"4224250135525";875717.06;4686940.62;NA
"4224580137572";892590.33;4688231.91;NA
"4224810135673";876905.08;4687628.10;0.0981
"4225000120500";751699.47;4682234.85;NA
"4225000136742";885715.04;4688318.51;NA
"4225000141858";927933.67;4690767.16;NA
"4225100138865";903227.86;4689414.69;0.1001
"4225390117389";726018.67;4681795.35;0.0984
"4225390126764";803363.25;4684710.15;0.1059
"4225420120444";751220.76;4682684.72;0.1047
"4226060127525";809609.07;4685728.33;0.1040
"4226670133858";861821.12;4688905.53;NA
"4226670140022";912672.96;4691713.96;NA
"4226830131581";843028.64;4688139.49;0.1017
"4226860118942";738775.10;4683851.61;0.0961
"4227090140130";913536.45;4692232.99;0.0973
"4228140125587";793524.76;4687351.35;0.0972
"4228170129180";823154.42;4688687.25;0.0961
"4228240144367";948409.39;4695660.56;0.0984
"4228330141358";923583.79;4694215.46;NA
"4228470139850";911136.61;4693629.92;NA
"4228670144750";951537.81;4696341.23;0.0961
"4229060132896";853751.23;4691155.10;0.0966
"4229190124281";782707.55;4688075.07;0.1036
"4229540139852";911083.35;4694819.39;0.1035
"4229640122042";764227.74;4687854.99;0.1024
"4229810144439";948891.45;4697442.61;NA
"4230850142344";931543.93;4697511.20;2.200195
"4232220142628";933791.13;4699177.79;NA
"4232370135739";876997.73;4696054.19;0.0989
"4232680129914";828972.54;4693977.67;0.0969
"4233250102911";606451.84;4687696.35;0.1006
"4233350137794";893872.45;4698075.15;0.0995
"4233400138625";900717.68;4698519.68;0.1011
"4233410134287";864968.02;4696574.38;0.1018
"4233750141072";920860.71;4700093.07;NA
"4233970140572";916725.67;4700090.62;NA
"4234180141119";921219.25;4700594.03;0.1020
"4234610139453";907463.06;4700257.98;0.0970
"4234890141672";925728.17;4701658.76;NA
"4234910143918";944233.06;4702833.02;0.1036
"4235040124601";785079.63;4694678.13;0.1038
"4235170115958";713880.01;4692285.35;0.0985
"4235840109067";657104.40;4691526.10;0.1021
"4236560130050";829888.18;4698339.09;0.1030
"4236580137272";889370.74;4701421.86;0.0976
"4236720138639";900621.65;4702213.94;NA
"4237190132619";851011.94;4700069.24;0.1043
"4237280139469";907421.93;4703231.37;NA
"4237470115575";710648.42;4694743.79;0.0970
"4237610140797";918337.65;4704244.59;NA
"4237700141831";926847.47;4704860.01;1
"4237720117919";729939.57;4695629.11;0.1000
"4237940126900";803878.23;4698695.94;0.1041
"4238390119286";741169.37;4696752.19;0.1057
"4238510111685";678589.77;4695007.84;0.0979
"4238560129519";825411.38;4700355.35;0.0999
"4238720111686";678592.05;4695241.24;NA
"4240170122636";768673.85;4699734.61;NA
"4240190116303";716549.12;4697947.33;0.1058
"4240270128716";818713.30;4701949.72;0.0992
"4240540113916";696892.58;4697755.04;0.1011
"4240690113867";696484.64;4697910.27;NA
"4240920122367";766428.01;4700482.73;0.1060
"4241250121044";755526.69;4700442.44;0.1016
"4241280118728";736466.84;4699804.63;0.1013
"4241530140408";914874.95;4708407.58;NA
"4241610125614";793118.28;4702319.47;0.0966
"4241960135181";871829.43;4706458.94;0.0992
"4242190130789";835674.06;4704881.78;0.0987
"4242220142768";934251.82;4710356.95;NA
"4242370141628";924859.54;4709945.35;0.199707
"4242530141325";922355.19;4709971.53;NA
"4242860133174";855262.08;4706597.76;0.1030
"4243170142475";931775.05;4711262.38;NA
"4243330138192";896522.41;4709345.72;NA
"4243420129225";822741.14;4705640.63;0.1020
"4244010139150";904361.08;4710553.93;0.0996
"4244330124088";780439.36;4704824.33;0.0976
"4244360139033";903375.98;4710886.90;NA
"4244380135578";874951.98;4709321.75;0.1055
"4244500132075";846129.00;4707964.52;NA
"4244920139264";905240.18;4711619.20;NA
"4244960142424";931232.27;4713224.72;0.1048
"4245190130539";833457.51;4708115.02;0.1033
"4245560129925";828388.13;4708286.20;0.1016
"4245560141278";921764.59;4713313.77;NA
"4246440117489";726085.46;4705197.17;0.1058
"4246720124350";782486.88;4707565.55;NA
"4246880141944";927152.75;4715114.02;0.1010
"4247940137150";887663.78;4713983.71;NA
"4248330136189";879739.01;4713981.28;NA
"4248330136689";883849.63;4714206.80;NA
"4249580128783";818791.67;4712314.73;0.0994
"4249750141425";922690.87;4718041.30;NA
"4249810127972";812114.72;4712268.10;0.0982
"4250010137980";894357.58;4716666.41;0.0971
"4250860136664";883489.14;4717005.58;NA
"4251390135242";871771.87;4716959.58;NA
"4251670140525";915165.59;4719728.16;NA
"4251940122911";770429.88;4712893.21;0.0963
"4252620132414";848465.83;4717122.10;0.0998
"4252670112736";686820.48;4710958.24;NA
"4252810141284";921325.72;4721369.93;0.1054
"4252830131008";836904.03;4716785.94;0.0973
"4253230127735";809997.63;4715979.32;0.1037
"4253470119328";740935.96;4713510.73;0.1035
"4253500138661";899731.83;4720862.59;NA
"4253610120208";748157.94;4713920.30;0.0970
"4253610134064";861963.77;4718914.46;0.1057
"4254060135875";876812.46;4720205.26;NA
"4254360113492";692978.04;4713004.38;NA
"4254420113364";691925.12;4713041.93;0.0974
"4254840134778";867756.28;4720588.65;0.0969
"4255110125428";790960.74;4717248.22;0.0989
"4255280117636";726973.91;4715053.37;0.1025
"4255640136320";880371.38;4722159.45;0.0969
"4255690118339";732730.73;4715699.51;0.1044
"4255690124169";780596.70;4717467.22;0.0978
"4255750112386";683855.27;4714301.95;0.0974
"4255870133403";856405.47;4721143.87;0.0976
"4255970126504";799754.98;4718578.90;0.1005
"4256530140725";916485.06;4725224.93;NA
"4256670127667";809268.98;4719774.95;0.1044
"4257140129572";824883.73;4721011.12;0.1036
"4257250139983";910345.31;4725661.55;0.1041
"4257390137731";891848.24;4724747.87;NA
"4257390139406";905599.16;4725538.39;NA
"4258150136384";880743.91;4724976.17;0.1060
"4258220140389";913614.23;4726937.03;NA
"4258310115489";709244.57;4717865.11;NA
"4258330121500";758574.01;4719548.80;0.1031
"4258390115461";709012.12;4717947.03;NA
"4259030131631";841682.86;4723921.95;0.1029
"4259360115650";710530.47;4719071.06;0.1033
"4260070115183";706675.21;4719744.41;0.0987
"4260330140294";912694.81;4729234.28;NA
"4260810125428";790695.55;4723578.59;0.1027
"4260830138189";895390.16;4728782.26;NA
"4260890125406";790511.34;4723659.87;0.0982
"4260890137686";891259.33;4728614.59;0.1020
"4261000137697";891342.69;4728741.87;NA
"4261350113247";690752.99;4720711.18;NA
"4261370112550";685035.35;4720578.61;0.1049
"4261390136772";883729.44;4728750.50;NA
"4261440112564";685148.11;4720659.41;NA
"4261530113258";690837.72;4720913.55;NA
"4261580139194";903587.60;4730090.90;NA
"4262360138950";901535.58;4730840.91;NA
"4262420139212";903680.87;4731032.54;0.0993
"4262440139769";908248.60;4731322.69;NA
"4262610121025";754501.37;4724157.89;3.4
"4262960132946";852252.80;4728826.95;0.1024
"4263500116544";717721.55;4723894.90;NA
"4263640135219";870854.84;4730555.59;NA
"4264000114242";698830.01;4723883.15;NA
"4264240114254";698920.75;4724152.49;0.0987
"4264670129489";823811.54;4729342.37;NA
"4264690127736";809437.72;4728707.36;0.0987
"4264740136028";877422.77;4732135.99;0.1037
"4265330119722";743709.07;4726794.58;0.0964
"4265480137173";886765.35;4733476.42;0.0962
"4265940110160";665310.94;4725158.57;0.1047
"4266110110169";665380.20;4725349.12;NA
"4266670139944";909405.94;4736106.06;NA
"4267030126542";799535.82;4730875.69;0.0961
"4267360135036";869133.55;4734607.19;NA
"4267420138575";898135.86;4736283.60;NA
"4267530139731";907603.56;4736958.12;NA
"4267750124369";781694.14;4730927.39;0.0976
"4268140123478";774375.59;4731067.12;0.1056
"4268500115436";708469.13;4729168.15;NA
"4268890113417";691915.40;4729122.83;NA
"4269070115464";708679.45;4729808.06;0.0989
"4269380113302";690958.25;4729640.92;0.1041
"4269800138754";899450.10;4739011.87;0.0965
"4269830117331";723947.31;4731130.22;NA
"4270400111435";675635.46;4730368.54;0.0974
"4270580111447";675728.67;4730570.93;NA
"4270690125053";787163.65;4734423.03;0.1058
"4270710122638";767382.26;4733651.79;0.0979
"4271310116308";715516.28;4732507.60;0.0989
"4271610121064";754453.55;4734164.70;0.1003
"4271640130311";830181.35;4737402.12;0.0963
"4271860114909";704041.30;4732770.80;0.0965
"4272330114633";701766.01;4733226.41;NA
"4272430121421";757343.22;4735183.63;0.0985
"4272510121359";756832.25;4735253.58;0.0963
"4272970136917";884203.52;4741678.78;0.1036
"4273100115965";712646.15;4734408.47;0.1054
"4273330137819";891567.09;4742493.95;NA
"4273740134066";860813.11;4741273.59;0.4
"4273850132382";847019.42;4740688.52;0.1036
"4275000126711";800535.67;4739787.42;0.0963
"4275000131944";843369.87;4741786.39;0.1020
"4275170128508";815235.97;4740632.58;0.1058
"4275500127386";806036.06;4740585.59;0.1023
"4275720136456";880260.06;4744524.10;NA
"4276250111417";675323.17;4736861.24;NA
"4276420111660";677306.71;4737100.81;0.1009
"4276420118564";733799.60;4738783.11;0.0991
"4276500122336";764662.16;4739986.83;0.0987
"4276690110149";664935.89;4737094.22;0.1036
"4276830134090";860829.97;4744715.94;1.4
"4276860110161";665029.56;4737285.35;NA
"4277280120390";748707.07;4740260.62;0.1018
"4277330136676";881961.63;4746411.96;0.0964
"4277470101906";597481.72;4736678.66;NA
"4277470125239";788372.42;4742016.43;0.1040
"4277540139519";905212.32;4747974.64;0.1020
"4277690124050";778634.39;4741860.79;0.1051
"4277780132954";851479.90;4745290.66;0.1041
"4277860137053";885013.69;4747172.40;0.1036
"4278220102692";603899.28;4737605.26;0.1048
"4278640115055";705013.19;4740335.57;0.0971
"4278710111747";677953.00;4739662.20;0.1017
"4278780115114";705491.16;4740505.41;NA
"4278810125944";794077.14;4743748.32;0.1052
"4278860130994";835384.93;4745690.85;0.0985
"4278890111758";678037.82;4739864.41;NA
"4279040121187";755155.63;4742453.44;0.1015
"4279560114058";696828.89;4741119.69;NA
"4279560114066";696894.32;4741121.55;0.0971
"4279590137586";889266.18;4749339.18;0.1014
"4279720114250";698394.04;4741342.37;NA
"4280280130147";828380.94;4746934.15;0.1058
"4280480113032";688409.92;4741906.97;0.0975
"4280560113000";688145.83;4741988.66;NA
"4281360132122";844473.54;4748923.03;0.1019
"4282000126883";801603.10;4747623.30;0.0983
"4282000138169";893881.84;4752287.48;NA
"4282170138131";893560.31;4752458.52;NA
"4282670127589";807342.12;4748622.77;0.0978
"4283810123000";769777.57;4748315.88;0.0996
"4284580115600";709270.67;4747066.14;NA
"4284810120644";750480.99;4748698.52;0.0976
"4284960135375";870858.64;4754304.75;0.4
"4285000135381";870905.28;4754351.83;NA
"4285220136515";880159.58;4755102.75;0.1053
"4285460115559";708905.96;4748033.24;0.19999999
"4285940137755";890248.03;4756470.78;0.0998
"4286750125583";790751.34;4752441.29;0.1036
"4286920111671";677096.82;4748763.56;0.1051
"4287360132050";843551.59;4755557.71;2
"4287560122006";761494.92;4752166.91;0.0962
"4288140116605";717358.46;4751274.34;NA
"4288280116667";717859.90;4751445.85;0.0986
"4288300116616";717442.68;4751454.87;0.0983
"4288620131658";840279.89;4756797.73;1.4
"4289080129303";821021.67;4756382.25;0.0988
"4289170115417";707621.27;4752118.26;NA
"4289340109274";657455.22;4750974.83;0.0962
"4289440109000";655215.42;4751035.00;NA
"4289590120209";746735.64;4753878.61;0.1041
"4289970133253";853230.02;4758955.34;0.0992
"4290350115489";708169.50;4753446.50;NA
"4290440131380";837909.77;4758707.01;0.1042
"4290520134068";859853.17;4759912.14;0.1002
"4290530115500";708253.25;4753649.12;NA
"4291190131892";842048.77;4759747.21;9.400001
"4292620130986";834574.59;4760970.60;0.0983
"4292950110793";669759.29;4755279.14;0.1023
"4292980124060";778028.82;4758845.36;0.0978
"4293000119687";742339.52;4757513.92;0.0971
"4293310107654";644134.91;4755093.32;0.1034
"4293330138892";899061.22;4765213.67;0.1034
"4293890112750";685701.43;4756736.59;NA
"4293890120275";747102.57;4758673.53;0.0963
"4293980112844";686465.71;4756857.34;0.1059
"4294190122881";768354.17;4759805.92;0.0989
"4294360131425";838062.44;4763079.02;1.4
"4294400126387";796951.85;4761218.71;0.0975
"4294830117331";723046.37;4758894.11;NA
"4294970110861";670258.55;4757536.17;NA
"4294990126917";801247.59;4762062.72;0.1013
"4295000118333";731214.75;4759353.68;NA
"4295080114393";699069.11;4758434.08;0.0987
"4295090118526";732785.90;4759506.91;0.0989
"4295420135686";872768.35;4766060.67;0.0972
"4295910116166";713504.50;4759790.97;NA
"4296060117280";722585.94;4760246.59;0.1010
"4296070116178";713596.85;4759971.71;0.1007
"4296280134897";866279.95;4766668.42;0.1008
"4296670116917";719603.32;4760828.53;NA
"4296800137118";884365.75;4768239.70;0.1026
"4297550138688";897124.11;4769804.31;0.1000
"4297640133513";854911.55;4767584.15;0.2
"4298060110000";663152.90;4760796.99;NA
"4298130109787";661414.30;4760833.60;0.1046
"4298330113583";692359.87;4761854.76;NA
"4298350113644";692856.62;4761890.95;0.1002
"4298370129940";825733.13;4766945.67;0.0992
"4299110132392";845686.55;4768748.77;6.4
"4299210137850";890183.99;4771254.71;0.1048
"4299360106408";633836.38;4761606.04;NA
"4299400106434";634047.46;4761654.60;0.1028
"4299410114264";697877.83;4763212.33;NA
"4299570125839";792235.32;4766768.46;0.1015
"4300670132417";845802.75;4770491.78;7.9999995
"4300890124255";779261.82;4767695.14;0.0976
"4301060120314";747133.33;4766648.00;0.1030
"4301390122731";766818.48;4767754.57;0.0996
"4301720108897";654067.79;4764653.34;NA
"4301920106138";631580.71;4764406.34;0.1008
"4302120108649";652036.99;4765052.36;2.6
"4302560115814";710406.22;4767087.45;NA
"4302600136459";878633.20;4774382.17;0.1011
"4302640110644";668278.92;4766010.31;NA
"4302730115821";710457.44;4767278.00;0.1038
"4303050129175";819252.19;4771849.52;0.1032
"4303300110640";668228.30;4766742.47;0.0975
"4303360115872";710851.41;4767990.47;NA
"4303470131560";838662.69;4773251.91;1.2
"4304440126583";798064.92;4772439.12;0.1055
"4304550114987";703601.94;4769093.52;NA
"4304690114994";703654.32;4769250.70;NA
"4304720108833";653471.50;4767973.24;NA
"4304720120111";745332.91;4770653.25;NA
"4304890120592";749243.99;4770983.86;0.1043
"4305000114917";703016.91;4769576.32;NA
"4305210114910";702952.97;4769807.84;0.1049
"4305250105557";626777.84;4768015.04;0.1029
"4306100125420";788513.05;4773875.93;0.1046
"4306230113227";689214.39;4770547.30;0.1048
"4306390108000";646646.96;4769678.93;NA
"4306390111667";676506.57;4770385.00;NA
"4306400106845";637241.91;4769494.70;0.1058
"4306530117250";721963.69;4771866.46;NA
"4306580106858";637343.75;4769696.72;NA
"4306590117248";721945.24;4771932.57;0.0961
"4306670113250";689388.13;4771041.14;NA
"4306750107224";640320.00;4769946.05;0.1000
"4306810126986";801231.67;4775215.46;0.0985
"4307050108144";647803.66;4770437.15;0.0990
"4307220111500";675123.08;4771271.77;NA
"4307260130869";832827.23;4777184.58;0.1013
"4308000132816";848639.18;4778798.63;5.4
"4308340118433";731528.59;4774196.54;NA
"4308450118463";731768.65;4774326.99;0.1035
"4308580134980";866223.70;4780366.72;0.1037
"4308700130044";826033.05;4778459.49;13.2
"4308920118456";731693.95;4774847.04;NA
"4308970110294";665257.12;4772970.56;NA
"4309010114377";698489.24;4773900.49;NA
"4309110114385";698551.12;4774013.44;0.0960
"4309190114389";698581.10;4774103.23;NA
"4309830105369";625153.53;4773073.07;0.1001
"4310270110388";665987.11;4774432.85;0.0978
"4310400133990";858057.67;4781959.91;0.1046
"4310500123719";774463.68;4778191.36;0.1043
"4310610135986";874289.91;4783066.61;0.1010
"4310640121844";759199.20;4777749.62;0.1034
"4310720124356";779637.55;4778646.40;0.1011
"4311270117937";727382.38;4777314.81;0.0964
"4311330127850";808040.39;4780549.91;0.1050
"4311360123767";774815.79;4779162.26;0.0981
"4311470109028";654889.66;4775505.29;NA
"4311640121369";755292.22;4778714.39;0.1000
"4311670121417";755681.51;4778762.35;NA
"4311960129530";821677.74;4781881.53;10.400001
"4311990109212";656373.45;4776116.93;NA
"4312140109222";656450.98;4776285.38;NA
"4312430106397";633463.02;4776118.98;0.0998
"4312440123044";768885.55;4780127.05;NA
"4312560120403";747395.46;4779446.29;0.1032
"4312700124347";779474.10;4780842.48;0.0978
"4313920111781";677217.53;4778771.61;0.0969
"4314280109744";660641.52;4778760.73;0.1047
"4314400125651";790001.83;4783174.15;0.0973
"4314420108531";650773.60;4778690.81;NA
"4314610108626";651541.45;4778918.95;0.1052
"4314610130661";830736.95;4785265.79;0.1036
"4315000112750";685065.71;4780180.55;NA
"4315000116500";715558.99;4781077.43;NA
"4315000121750";758250.63;4782562.93;0.1043
"4315490108075";647039.72;4779798.07;0.1037
"4315520116498";715524.45;4781654.43;0.1023
"4315750137144";883392.55;4789300.51;0.1041
"4315900129708";822918.30;4786326.23;11.599999
"4316000134036";858104.55;4788199.71;0.1038
"4316110119528";740138.25;4783134.25;0.0964
"4316720108664";651798.23;4781269.12;NA
"4317440115438";706840.88;4783519.40;0.0966
"4317690118392";730842.74;4784569.41;NA
"4317720126597";797534.22;4787193.73;0.0968
"4318000123383";771397.07;4786411.65;0.1016
"4318110129733";823004.93;4788790.52;15.200001
"4318310119324";738394.03;4785519.30;0.1041
"4318330119306";738246.96;4785536.38;NA
"4318330121417";755403.84;4786159.15;0.1045
"4318470107167";639589.22;4782952.19;NA
"4318610107975";646152.25;4783245.52;NA
"4318740106267";632269.39;4783105.95;0.1017
"4318810125961";792312.44;4788180.07;0.0982
"4318920106278";632354.89;4783307.59;NA
"4319170110750";668688.04;4784389.21;NA
"4319400129004";817012.65;4789944.26;4
"4320220107392";641377.33;4784933.42;0.0963
"4320290118036";727852.34;4787359.43;0.1003
"4320310110767";668794.75;4785658.70;0.0965
"4320420118014";727668.76;4787497.82;NA
"4320430108806";652859.97;4785415.16;0.1012
"4320900111800";677170.14;4786527.46;0.0976
"4320920132955";849033.77;4793207.16;0.1016
"4321470119753";741755.80;4789152.00;NA
"4321560109866";661441.76;4786869.15;0.1016
"4322190105947";629595.95;4786887.34;0.0966
"4322220108200";647893.50;4787294.19;NA
"4322360105958";629681.69;4787077.84;NA
"4322920114556";699493.03;4789391.33;NA
"4322950131884";840219.25;4795020.02;6.6
"4323260137722";887616.06;4797909.19;0.1036
"4324080127814";807107.00;4794697.88;10.600586
"4324300114167";696289.65;4790831.90;0.1057
"4324670121139";752882.11;4793116.10;0.1004
"4325310129433";820188.99;4796672.10;4.2
"4325350109438";657867.41;4790996.55;0.1008
"4325810106918";637400.80;4791062.54;0.0975
"4325830114250";696914.23;4792550.64;NA
"4325980123818";774574.08;4795416.75;0.1013
"4326030126808";798842.74;4796498.76;0.0995
"4326050105956";629587.24;4791175.52;0.0988
"4326080135900";872645.90;4800211.55;0.1004
"4326220105967";629672.92;4791366.02;NA
"4326260116953";718839.56;4793700.51;0.0971
"4326390109569";658903.77;4792176.37;NA
"4326920119962";743236.49;4795265.59;0.0971
"4327060112331";681301.02;4793482.51;NA
"4327220119903";742745.72;4795581.62;NA
"4327630112299";681024.43;4794108.61;0.0982
"4328110108072";646712.50;4793812.94;NA
"4328120108065";646655.46;4793822.82;0.1034
"4328470125306";786535.78;4798682.27;0.1052
"4329140110712";668104.92;4795454.09;0.1060
"4329210111671";675882.90;4795729.24;0.1038
"4329220134187";858555.22;4802948.51;0.1058
"4329360111694";676065.16;4795900.67;NA
"4329720137288";883684.36;4804884.14;0.0968
"4330500124192";777404.32;4800560.59;0.0994
"4330660109272";656383.85;4796862.56;0.1039
"4330670108939";653682.79;4796811.87;NA
"4330850118248";729178.21;4799145.60;0.1053
"4331030128242";810228.68;4802575.48;11
"4331140123483";771624.87;4801038.19;0.1051
"4331580131886";839754.28;4804606.40;0.8
"4331810117958";726790.42;4800132.61;NA
"4331860126950";799708.67;4803024.99;0.0960
"4331970117969";726873.66;4800313.30;NA
"4332330106698";635470.33;4798267.60;0.1055
"4332690106317";632373.27;4798606.32;NA
"4332730134260";858940.51;4806878.65;0.0993
"4332880115552";707243.15;4800695.45;0.4
"4332920115583";707493.13;4800747.58;NA
"4333030129040";816597.14;4805096.78;8.8
"4333420108580";650703.14;4799800.58;0.0965
"4333890117361";721873.41;4802282.26;NA
"4333900117422";722367.54;4802309.60;0.1007
"4334280119290";737495.73;4803246.43;0.1010
"4334440119167";736492.47;4803389.19;NA
"4334670125658";789097.56;4805689.93;0.1021
"4334750121592";756136.24;4804449.56;0.0964
"4334990105217";623408.19;4800992.21;0.1016
"4335190105225";623468.97;4801215.51;NA
"4335830110611";667102.08;4802863.72;NA
"4335940122331";762074.99;4806000.86;0.0997
"4336220131923";839795.08;4809775.28;1.4000001
"4336280108156";647196.73;4802901.22;NA
"4336420111528";674516.26;4803706.68;NA
"4336420133431";852004.57;4810623.62;0.0960
"4336530109903";661346.12;4803501.82;0.1059
"4336630111514";674396.80;4803936.99;0.1045
"4336790106028";629942.68;4803114.33;0.0975
"4336800114221";696325.31;4804727.24;NA
"4336840130795";830619.95;4810010.06;3.4
"4336860105997";629690.01;4803187.25;NA
"4336990114233";696416.41;4804941.08;0.1012
"4337350118902";734232.39;4806546.38;0.0980
"4337470119083";735694.20;4806730.67;NA
"4337500127292";802201.91;4809412.78;2.5996094
"4338360135933";872161.90;4813866.48;0.1004
"4338700107429";641249.67;4805463.21;0.1056
"4338860130417";827448.06;4812104.40;1.4000001
"4340000104700";619120.02;4806481.14;0.0991
"4340560108639";651004.24;4807740.91;NA
"4340630129803";822380.38;4813830.80;0.4
"4340640126589";796352.90;4812647.81;0.1014
"4340900108623";650866.24;4808115.62;0.6
"4340940134369";859338.47;4816044.95;0.0978
"4340990106706";635342.58;4807886.61;0.0965
"4341040105728";627422.96;4807788.08;0.1006
"4341390115167";703836.37;4810052.02;NA
"4341470115168";703841.78;4810141.12;0.2
"4342080119792";741255.30;4812053.65;0.0978
"4342190108386";648915.67;4809505.70;NA
"4342360108394";648976.27;4809695.93;NA
"4342500128564";812250.65;4815435.57;4.2
"4342630098937";572421.83;4808740.19;0.1042
"4342690123617";772194.21;4813910.19;0.1004
"4342810098947";572500.63;4808940.96;NA
"4343190124611";780217.59;4814795.27;0.0985
"4343370129043";816083.08;4816582.70;0.4
"4343460107251";639698.49;4810719.69;0.0977
"4343470116411";713835.09;4812673.94;NA
"4343580133511";852237.10;4818610.43;0.0982
"4343580136196";873970.62;4819782.64;0.0978
"4343620113461";689954.18;4812125.63;0.0967
"4343640116489";714460.40;4812882.80;0.0983
"4343800135380";867352.19;4819663.31;0.0973
"4344140109525";658085.31;4811881.15;NA
"4344180109534";658157.10;4811927.28;0.1001
"4344440107247";639643.59;4811807.42;NA
"4344730134492";860109.33;4820307.92;0.0987
"4344920115281";704640.36;4814000.51;NA
"4344940110739";667887.59;4813007.11;NA
"4345080115310";704869.61;4814185.35;0.8
"4345250110125";662911.07;4813229.51;NA
"4345550108302";648153.69;4813222.38;3.3999999
"4345620111253";672027.37;4813867.20;NA
"4345640114214";695983.26;4814543.55;NA
"4345670122383";762076.21;4816824.05;0.1020
"4345780111264";672111.83;4814047.17;NA
"4346360110406";665154.46;4814517.63;NA
"4346710126405";794567.95;4819324.46;0.1051
"4347020111306";672416.38;4815433.03;NA
"4347110127264";801497.18;4820076.51;0.8
"4347130110414";665198.20;4815374.39;16.2
"4347140111290";672283.55;4815563.00;1.5999999
"4347190118924";734031.07;4817481.40;0.1048
"4347230105649";626654.18;4814650.66;2.2
"4347310112884";685171.66;4816093.93;0.1024
"4347550135944";871687.07;4824079.40;0.1007
"4347560133884";855022.94;4823189.88;0.0985
"4347770126920";798681.92;4820685.46;NA
"4347920113772";692334.85;4816972.73;NA
"4347960103477";609074.72;4815153.87;2
"4348030110447";665440.57;4816380.51;NA
"4348030118958";734273.62;4818423.92;NA
"4348590113791";692467.24;4817721.25;0.1024
"4348940121053";751179.68;4820045.79;0.1006
"4349230135018";864095.43;4825535.51;0.0970
"4349620131258";833667.77;4824390.05;5
"4349670121608";755636.90;4821025.66;0.1040
"4349750129367";818370.17;4823792.70;0.1058
"4350560117194";719915.14;4820752.44;NA
"4350810122317";761320.38;4822512.20;0.0990
"4351180112358";680801.64;4820276.45;0.8
"4351220125534";787307.69;4824029.00;0.0983
"4351310112431";681387.83;4820436.72;NA
"4351530126218";792821.94;4824612.02;0.1055
"4351590123560";771333.97;4823776.69;0.1020
"4352090104038";613532.82;4819815.90;0.1038
"4352360106194";630951.47;4820432.40;NA
"4352580117335";720981.26;4823033.34;NA
"4352890117411";721584.10;4823397.87;NA
"4353010109278";655858.25;4821685.80;9
"4353190105783";627612.47;4821290.37;NA
"4353190132300";841891.59;4828779.08;4.2000003
"4353210117425";721685.51;4823757.01;NA
"4353280105283";623570.44;4821314.86;NA
"4353370117444";721833.18;4823939.79;0.0973
"4353470130564";827847.20;4828390.12;0.8
"4353610107958";645177.33;4822113.37;NA
"4353720112311";680346.04;4823087.27;NA
"4353810109203";655231.68;4822560.28;NA
"4353830109947";661242.41;4822724.02;NA
"4354000109958";661326.75;4822914.96;NA
"4354080115660";707393.30;4824267.87;0.1025
"4354180106494";633335.83;4822501.37;0.0984
"4354220113556";690389.75;4823920.10;NA
"4354330133806";853995.39;4830676.45;0.0991
"4354440107453";641077.63;4822948.30;NA
"4354470110349";664473.03;4823513.53;7.2
"4354620102996";605069.17;4822488.67;0.2
"4354680126439";794454.88;4828188.86;0.1007
"4354810113617";690863.96;4824589.37;NA
"4354830124865";781731.45;4827809.60;0.1027
"4354900113570";690481.44;4824678.55;0.1016
"4355750120583";747100.70;4827468.67;NA
"4355800103026";605290.99;4823802.99;NA
"4355930120974";750251.52;4827785.62;0.1024
"4356200124304";777136.39;4829142.55;0.1050
"4356350107996";645418.48;4825163.12;2
"4356640108014";645556.87;4825488.36;NA
"4356780117231";719987.92;4827670.54;NA
"4356860128441";810517.20;4831339.46;0.1034
"4356940117242";720070.92;4827851.16;NA
"4357200111630";674743.08;4826806.89;0.1031
"4357440135239";865385.62;4834752.06;0.0972
"4357920119065";734754.89;4829438.63;2.6
"4358000106861";636214.80;4826803.44;NA
"4358030130291";825395.27;4833347.69;1
"4358360104667";618493.45;4826867.19;NA
"4358380115422";705324.25;4828984.61;4
"4358400104670";618516.88;4826912.04;0.8
"4358670125152";783869.50;4832172.45;0.1047
"4358780111567";674188.78;4828548.49;NA
"4358810120467";746039.03;4830832.93;0.0972
"4358990105427";624616.30;4827678.00;0.6
"4359130116046";710336.13;4829973.72;0.1000
"4359170105436";624685.23;4827879.26;NA
"4359170115167";703238.87;4829799.33;NA
"4359190106844";636050.75;4828122.30;2
"4359440116083";710624.01;4830327.40;NA
"4359500112340";680407.76;4829513.10;0.6
"4359980103521";609213.50;4828509.22;0.2
"4360310103489";608949.27;4828871.53;NA
"4360360109683";658937.59;4829925.64;0.1007
"4360500129533";819143.86;4835796.81;0.0963
"4360530105394";624318.20;4829383.43;NA
"4361030135083";863908.99;4838671.15;0.0988
"4361060114306";696226.88;4831691.44;NA
"4361100134498";859183.30;4838493.79;0.0971
"4361190113042";686022.31;4831544.94;NA
"4361250114272";695946.33;4831894.44;4.3999996
"4361500118128";727054.42;4833154.32;10
"4361740111350";672352.40;4831790.75;0.1010
"4361890118153";727241.47;4833594.33;NA
"4361920116530";714144.30;4833196.18;0.1013
"4361940111506";673605.43;4832045.37;NA
"4362440110372";664441.76;4832369.90;NA
"4362610110383";664525.88;4832560.89;NA
"4362810127587";803320.68;4837632.43;0.1035
"4362820126845";797333.57;4837374.85;0.6
"4362950133723";852820.00;4840215.90;0.1056
"4363140108499";649312.86;4832793.55;NA
"4363190108508";649384.23;4832850.70;0.1022
"4363670103856";611847.47;4832652.24;NA
"4363790103909";612272.76;4832792.66;0.2
"4364030104125";614010.52;4833088.63;NA
"4364630133405";850156.53;4841947.12;0.1014
"4364720112639";682663.20;4835376.08;NA
"4364800112642";682684.97;4835465.60;0.1054
"4364860107444";640761.88;4834519.59;NA
"4364860115528";705958.71;4836207.99;NA
"4364930110922";668809.52;4835245.80;NA
"4365000115552";706147.48;4836369.44;0.2
"4365140105853";627924.83;4834573.14;NA
"4365140105879";628134.50;4834577.15;0.1052
"4365340125521";786531.42;4839707.78;0.2
"4365470113964";693325.47;4836509.22;0.2
"4366050130464";826357.45;4842323.87;0.4
"4366250131650";835910.22;4843019.99;1.6
"4366410113147";686707.92;4837366.16;0.1037
"4366490130144";823753.29;4842687.07;0.2
"4366520106312";631596.27;4836177.57;0.1049
"4366550110408";664619.95;4836941.81;0.1012
"4366610106325";631699.11;4836279.59;NA
"4366680124102";775026.36;4840715.57;0.1015
"4366750110408";664614.48;4837163.95;NA
"4366780107457";640821.86;4836654.23;0.0962
"4366890120428";745395.01;4839795.77;0.0977
"4366890121008";750071.25;4839969.05;NA
"4367230120997";749968.44;4840343.37;NA
"4367330121012";750085.21;4840458.97;0.1039
"4367780108925";652631.92;4838024.43;0.0993
"4367940108936";652716.54;4838204.16;NA
"4368000102782";603111.67;4837322.05;NA
"4368000105900";628242.98;4837756.83;0.2
"4368000108300";647588.45;4838155.71;0.1024
"4368070102807";603311.98;4837402.90;0.2
"4368140105989";628957.37;4837926.11;NA
"4368230117512";721835.61;4840462.57;3.6000001
"4368250127984";806246.83;4843820.80;0.1006
"4368330117528";721960.89;4840577.92;NA
"4368400105832";627686.38;4838190.60;NA
"4368460113302";687893.68;4839678.02;NA
"4368530108403";648405.63;4838762.72;NA
"4368610113314";687985.72;4839847.34;NA
"4368750121339";752661.81;4842135.32;0.2001953
"4368980114560";698016.25;4840548.26;0.8
"4369090109219";654968.12;4839533.89;0.1049
"4369090114561";698020.69;4840670.67;NA
"4369250109231";655060.71;4839713.84;NA
"4369260113269";687602.76;4840559.09;NA
"4369260127675";803704.98;4844828.89;0.0988
"4369440113281";687693.85;4840761.72;NA
"4369560112933";684885.70;4840816.83;NA
"4370100132058";838983.05;4847462.66;0.0996
"4370690119314";736264.15;4843692.79;0.1023
"4371030119297";736113.82;4844065.58;NA
"4371110103944";612418.41;4840927.28;NA
"4371140118278";727899.72;4843902.47;NA
"4371200118302";728090.80;4843975.71;4
"4371210104124";613866.67;4841062.89;0.2
"4371360104086";613557.70;4841224.28;NA
"4371860110363";664112.28;4842830.50;0.1059
"4372330126369";793029.46;4847768.35;0.1008
"4372420109461";656831.61;4843277.88;0.1010
"4372780113331";687992.35;4844482.70;NA
"4373060115514";705565.47;4845312.07;NA
"4373160115572";706029.17;4845437.55;1.2
"4373430117814";724076.01;4846319.40;4.5999994
"4373610117825";724157.88;4846522.30;NA
"4373730108546";649428.97;4844563.82;NA
"4373750129692";819722.05;4850575.52;0.4
"4374020116205";711097.07;4846552.09;0.8
"4374080116244";711409.02;4846628.68;NA
"4374200108937";652565.74;4845157.07;0.0972
"4374540105538";625188.89;4844965.18;2
"4374720105547";625257.60;4845166.46;NA
"4374960131709";835898.48;4852718.68;0.1048
"4375140122769";763906.80;4849678.65;NA
"4375190105578";625497.38;4845693.16;NA
"4375690111931";676630.71;4847406.73;NA
"4375860123570";770323.59;4850736.86;0.1057
"4375890115025";701532.06;4848335.16;NA
"4376010111938";676677.65;4847763.64;0.2
"4376260129675";819451.42;4853356.95;0.4
"4376740110497";665057.59;4848277.18;0.0975
"4376770110483";664944.08;4848307.71;0.0976
"4376830110494";665030.97;4848376.54;NA
"4376920103827";611368.13;4847364.37;0.0967
"4376980112635";682259.03;4848992.02;NA
"4377070114238";695158.18;4849457.27;NA
"4377080103839";611461.74;4847543.69;NA
"4377140112647";682350.75;4849172.37;NA
"4377160114231";695098.91;4849555.59;0.2
"4377280110962";668785.17;4848970.66;NA
"4377310110930";668526.78;4848997.46;0.1025
"4377410106569";633426.54;4848313.65;0.1029
"4377430111823";675710.33;4849316.33;0.1042
"4377580120922";748934.53;4851816.61;7.600586
"4377780111339";671805.04;4849603.52;NA
"4377780112556";681598.97;4849863.21;NA
"4377830105883";627896.68;4848671.93;0.1021
"4377830109589";657720.50;4849310.89;NA
"4377920106583";633527.87;4848882.35;NA
"4378000105894";627981.58;4848862.44;NA
"4378000112600";681946.39;4850117.22;0.0991
"4378030115889";708413.11;4850925.92;NA
"4378040103990";612659.03;4848630.34;0.4
"4378060123406";768904.63;4853127.02;0.0996
"4378080102674";602069.91;4848504.02;NA
"4378120102700";602278.45;4848551.65;1.6
"4378150127072";798402.73;4854484.07;0.1015
"4378470115854";708116.19;4851405.82;0.6
"4378560109594";657741.54;4850122.63;0.0983
"4378780076121";388411.71;4849436.97;0.0974
"4379060121319";752067.40;4853580.65;0.2001953
"4379140118758";731458.25;4852921.20;NA
"4379230105213";622476.35;4850125.60;0.1004
"4379330076189";388969.04;4850038.69;0.1036
"4379390105225";622569.63;4850305.08;NA
"4379420126188";791226.96;4855579.58;NA
"4379430118770";731543.60;4853246.66;3.4
"4379600114130";694206.99;4852241.92;0.6
"4379640112447";680665.75;4851905.23;NA
"4379670105089";621469.79;4850596.03;NA
"4379880112512";681181.42;4852186.00;0.1029
"4379920117100";718089.72;4853337.17;NA
"4380060106483";632675.81;4851243.10;NA
"4380090123202";767172.41;4855315.69;0.1006
"4380370117026";717478.07;4853817.51;7.7999997
"4380860125126";782614.35;4856810.54;NA
"4380940118139";726409.80;4854749.19;NA
"4381030118162";726591.39;4854855.45;4.4
"4381830111694";674544.00;4854176.04;NA
"4381880104143";613817.35;4852916.20;4.7999997
"4381920108261";646933.22;4853609.21;0.1052
"4381920111681";674436.83;4854273.26;0.2
"4381970122742";763389.09;4857256.29;0.7999878
"4382040104132";613725.86;4853092.40;NA
"4382270077862";402476.81;4853093.05;0.1007
"4382360108319";647388.83;4854108.22;NA
"4382400104867";619629.34;4853595.83;NA
"4382700130526";825951.41;4860842.47;0.1039
"4382760076985";395433.07;4853744.48;0.1017
"4382920103081";605260.08;4853930.56;NA
"4382970104698";618259.12;4854204.63;0.2
"4382990117002";717189.99;4856721.25;NA
"4383100075432";382952.42;4854330.30;0.1054
"4383110113111";685900.02;4855906.39;NA
"4383160117013";717272.27;4856912.96;3.8
"4383170117022";717344.27;4856926.43;NA
"4383230103071";605174.23;4854273.60;8.2
"4383700116699";714728.18;4857430.72;0.8
"4383720111308";671385.64;4856194.54;NA
"4383750109169";654188.22;4855806.96;NA
"4383960113114";685897.74;4856851.16;0.2
"4384000128947";813185.73;4861675.65;0.1028
"4384110105122";621645.14;4855532.25;NA
"4384170116569";713666.23;4857919.08;NA
"4384190105108";621530.97;4855619.04;0.4
"4384290106540";633040.40;4855950.39;8.999999
"4384340125911";788760.80;4860947.26;0.1045
"4384500109076";653421.32;4856622.69;0.0990
"4384600076210";389235.56;4855889.08;0.0991
"4384810114027";693210.21;4858004.52;0.2
"4384860112764";683056.46;4857772.71;NA
"4384880112755";682983.50;4857792.93;0.1044
"4385030113922";692359.13;4858224.39;NA
"4385180127868";804450.76;4862582.94;0.1038
"4385260079286";413970.76;4856255.79;0.1041
"4385920106761";634780.26;4857796.57;NA
"4386090111550";673262.61;4858877.30;0.1056
"4386140108036";645021.55;4858256.58;NA
"4386350111552";673271.15;4859166.50;NA
"4386500104332";615248.35;4858073.66;2.8
"4386640102619";601482.31;4858004.55;NA
"4386770102594";601279.22;4858145.87;7.6
"4386900104300";614983.52;4858513.48;NA
"4387110124956";780953.17;4863694.71;0.1026
"4387180102403";599737.63;4858578.04;5.2
"4387320075448";383163.55;4859015.08;0.1037
"4387350103788";610862.69;4858943.16;6
"4387500103806";611003.01;4859112.40;NA
"4387610108472";648488.88;4859966.67;NA
"4387690114475";696716.58;4861308.99;0.0971
"4387960080165";421071.27;4859166.82;0.1042
"4387970077739";401581.59;4859438.45;0.1045
"4387970110989";668701.14;4860849.38;NA
"4388000110000";660754.84;4860685.62;0.1036
"4388140111000";668784.72;4861040.44;NA
"4388160104844";619329.54;4859989.99;2
"4388310110025";660947.34;4861034.80;NA
"4388390125289";783568.19;4865230.29;0.1011
"4388550110993";668716.91;4861494.40;0.1027
"4388580110986";668659.83;4861526.29;NA
"4388600115252";702928.36;4862507.62;0.0996
"4388680104802";618981.78;4860561.49;NA
"4388720115281";703157.24;4862648.03;NA
"4388860076018";387772.24;4860646.47;0.1043
"4389000105292";622911.29;4860988.59;NA
"4389060128694";810888.24;4867200.50;0.0963
"4389240107713";642352.03;4861643.57;0.1052
"4389440121917";756433.65;4865293.94;0.0966
"4389590102419";599825.96;4861256.70;4.7899995
"4389940102456";600117.27;4861649.91;NA
"4390440119022";733141.58;4865546.48;0.0977
"4390460077333";398362.29;4862253.23;0.0996
"4390590079515";415886.42;4862152.08;0.1042
"4390600105928";627985.62;4862862.20;0.8
"4390760128975";813056.28;4869195.04;0.1045
"4390820110831";667351.96;4863982.74;NA
"4390820112751";682769.67;4864389.60;0.1042
"4390970112853";683584.13;4864578.82;NA
"4391000110842";667435.24;4864184.89;NA
"4391370105020";620678.61;4863580.83;0.2
"4391720103767";610613.09;4863794.02;NA
"4391860076945";395271.07;4863856.69;0.1034
"4391940102944";604001.63;4863931.52;NA
"4391990080677";425235.05;4863595.16;0.0993
"4392000103699";610061.98;4864095.94;4
"4392280108936";652097.89;4865237.97;0.1021
"4392290111271";670843.12;4865705.54;0.0991
"4392360119586";737594.48;4867839.86;0.0987
"4392430108924";651997.73;4865402.37;NA
"4392860127125";798094.70;4870842.39;0.0989
"4392910105154";621723.14;4865310.94;0.0975
"4392970105950";628111.45;4865497.94;NA
"4393060126608";793934.51;4870879.01;NA
"4393070078420";407131.97;4865024.00;0.1016
"4393330080007";419874.09;4865146.37;0.1020
"4393350106132";629564.13;4865948.38;0.1059
"4393360102810";602901.36;4865491.92;5.2
"4393360104253";614482.08;4865681.95;NA
"4393610102806";602864.95;4865769.09;NA
"4393960076081";388373.75;4866302.42;0.0994
"4394340105035";620738.98;4866881.76;NA
"4394470112136";677722.46;4868309.44;0.1001
"4394720109919";659924.06;4868133.78;NA
"4394720120786";747130.48;4870813.62;0.1055
"4394830116178";710147.60;4869658.98;0.0960
"4394970112167";677956.32;4868871.47;NA
"4395060104200";614024.19;4867562.80;NA
"4395170125364";783847.89;4872786.98;0.0979
"4395230104227";614237.59;4867755.34;3.2
"4395280113836";691339.25;4869589.15;NA
"4395370108231";646362.33;4868542.64;0.2
"4395560108250";646510.11;4868757.04;NA
"4395780127389";800066.93;4874181.57;0.0966
"4395790113898";691820.34;4870170.01;0.1043
"4395910110699";666150.22;4869609.56;0.0963
"4396140076850";394584.09;4868622.53;NA
"4396170110694";666102.86;4869897.34;NA
"4396280111466";672293.31;4870177.77;0.1041
"4396300115396";703821.98;4871095.59;0.0994
"4396360114061";693109.68;4870841.13;NA
"4396440111478";672384.96;4870357.99;NA
"4396480111472";672335.67;4870401.17;0.1030
"4396520113282";686855.04;4870839.50;0.0978
"4396650124284";775113.03;4874064.84;0.0977
"4396670115403";703865.48;4871508.29;NA
"4396720103406";607624.54;4869299.78;NA
"4396830107572";641040.07;4870049.55;NA
"4396880107164";637765.99;4870036.19;0.1033
"4396890103360";607252.47;4869482.61;6.2
"4397170107097";637221.85;4870347.13;NA
"4397230107556";640902.27;4870491.10;0.0969
"4397240101848";595118.02;4869686.08;6.7999997
"4397710079532";416123.20;4870058.41;0.0983
"4397860124050";773180.24;4875331.04;0.1050
"4397890113192";686090.23;4872340.84;NA
"4397920081036";428188.73;4870149.60;0.1005
"4397980105515";624515.07;4870995.98;0.0964
"4398000112297";678908.54;4872265.04;NA
"4398130078667";409191.77;4870616.57;0.1035
"4398150076998";395806.64;4870836.21;0.0987
"4398280103225";606144.79;4871009.03;NA
"4398350112373";679507.54;4872670.30;0.1038
"4398450113886";691638.49;4873121.73;NA
"4398530103147";605514.81;4871276.71;3.7999997
"4398600113900";691745.93;4873291.59;0.0968
"4398620105519";624533.77;4871707.43;NA
"4399120109641";657576.81;4872967.41;0.1048
"4399170104292";614683.34;4872140.49;NA
"4399170109611";657334.93;4873017.22;NA
"4399180102519";600467.59;4871920.31;3.6
"4399290102094";597057.87;4871991.63;4.2
"4399440119464";736334.08;4875668.81;NA
"4399450077624";400848.85;4872202.89;0.0969
"4399470108556";648867.64;4873154.65;NA
"4399580125803";787157.86;4877837.48;NA
"4399630103634";609400.13;4872561.88;6.2
"4399970104322";614908.47;4873033.22;3.8
"4400200105574";624941.70;4873470.65;0.8
"4400280102847";603078.67;4873182.52;NA
"4400280116661";713827.82;4875836.57;0.0995
"4400390108058";644852.13;4874087.85;NA
"4400460105618";625288.99;4873766.10;NA
"4400500102715";602016.64;4873410.47;3.6
"4400620081693";433488.28;4873093.31;0.0978
"4400650080352";422738.30;4873243.67;0.0984
"4400670112733";682323.66;4875326.12;NA
"4400710112712";682154.08;4875365.91;0.1051
"4400830103228";606123.42;4873841.70;NA
"4400840114356";695329.37;4875886.62;0.1038
"4400850108041";644704.66;4874595.79;0.0983
"4400940102025";596477.87;4873816.19;NA
"4400960103192";605832.52;4873981.47;8.799999
"4401330108978";652203.83;4875297.58;0.0985
"4401940102411";599555.43;4874972.75;NA
"4401980105352";623125.04;4875414.32;1
"4402020105373";623292.53;4875461.89;NA
"4402060113373";687410.63;4877013.53;0.0979
"4402080110819";666939.98;4876486.88;NA
"4402140110798";666769.98;4876549.27;0.0978
"4402220113333";687085.00;4877182.16;NA
"4402330110253";662396.74;4876651.51;0.0985
"4402360103639";609390.06;4875594.75;NA
"4402370102285";598538.43;4875435.22;5.6
"4402850102759";602328.98;4876026.07;1.8
"4402890103605";609107.85;4876178.92;2.6
"4402920101781";594490.47;4875987.14;NA
"4402920118056";724912.28;4879140.20;0.0998
"4403010101718";593984.19;4876079.91;2.2
"4403180114678";697832.87;4878562.52;0.0984
"4403250105991";628219.20;4876922.29;1.8
"4403330120444";744032.65;4880275.23;NA
"4403420106003";628311.70;4877112.98;NA
"4403440125003";780560.75;4881849.34;0.0968
"4403720111494";672302.50;4878447.34;NA
"4403860108219";646057.68;4877970.41;NA
"4403910102463";599939.12;4877167.12;1.2
"4403970102481";600082.33;4877235.94;NA
"4404110119819";738992.92;4880958.37;0.1001
"4404160108325";646899.59;4878322.46;0.0965
"4404200077934";403411.74;4877441.88;0.1002
"4404310107195";637842.55;4878293.91;0.2
"4404390111986";676224.87;4879295.56;NA
"4404420077211";397622.93;4877773.60;0.0971
"4404520100601";585011.56;4877635.88;1.2
"4404630101118";589151.82;4877812.64;0.8
"4404740113893";691492.06;4880109.81;0.0983
"4404780101100";589005.38;4877977.30;NA
"4404880082108";436860.49;4877792.21;0.1019
"4404920113045";684692.87;4880116.16;0.1044
"4404950079147";413141.12;4878139.76;0.0992
"4404960111969";676071.78;4879925.04;0.1041
"4405020100141";581319.46;4878144.85;2.6000001
"4405200098359";567042.27;4878184.52;0.1034
"4405310105717";625979.94;4879168.12;NA
"4405360107917";643601.70;4879583.42;NA
"4405360109050";652677.48;4879787.08;0.1037
"4405470113025";684515.57;4880722.58;NA
"4405530107884";643333.26;4879766.50;0.1046
"4405560104528";616450.66;4879270.95;NA
"4405590111206";669941.38;4880464.59;0.1009
"4405610102625";601208.18;4879075.08;NA
"4405640125456";784085.53;4884448.38;0.0964
"4405690101742";594134.10;4879059.33;NA
"4405690102078";596825.41;4879098.24;NA
"4405690113978";692142.30;4881184.80;0.1024
"4405720080413";423292.81;4878869.21;0.1017
"4405760102075";596800.24;4879175.64;0.4
"4405830101682";593651.30;4879208.00;0.4
"4405860111242";670222.01;4880771.92;NA
"4405880102596";600971.30;4879371.41;1
"4405890112967";684037.96;4881176.11;NA
"4405920125736";786314.94;4884856.41;0.1053
"4405990105678";625653.16;4879917.45;2.6
"4406390078664";409293.88;4879791.28;0.1033
"4406390099723";577953.01;4879626.15;NA
"4406390100817";586714.76;4879735.39;NA
"4406420104431";615656.94;4880212.51;1.9999999
"4406470104589";616921.37;4880290.34;NA
"4406510100767";586312.57;4879863.43;NA
"4406540080043";420340.19;4879815.14;0.1051
"4406810110972";668032.50;4881771.68;NA
"4406820104577";616818.38;4880677.38;2
"4406830124372";775347.07;4885401.79;0.0970
"4406880081796";434383.20;4880038.02;0.1057
"4406940077306";398427.16;4880560.81;0.1042
"4407120110937";667743.45;4882108.87;0.1048
"4407130099384";575228.62;4880416.59;0.8
"4407190124919";779710.89;4885986.13;0.0980
"4407210107942";643757.20;4881642.61;0.0967
"4407250118728";730129.80;4884135.36;0.0967
"4407490100090";580877.31;4880883.28;6.2
"4407500107917";643549.99;4881960.36;NA
"4407680081342";430756.80;4880963.80;0.0998
"4407960112808";682700.71;4883439.93;0.0992
"4408050081582";432682.72;4881354.84;NA
"4408060110358";663080.96;4883036.68;0.1005
"4408110114506";696291.60;4883997.28;NA
"4408190102486";600051.35;4881923.74;NA
"4408320078733";409875.82;4881927.37;0.1022
"4408380101288";590456.67;4881996.31;2.8
"4408470112778";682444.83;4883999.75;NA
"4408670122078";756895.38;4886703.75;0.1000
"4408940101794";594498.92;4882675.09;NA
"4409010104528";616383.06;4883102.92;1.2
"4409110101034";588412.22;4882779.57;3.2
"4409190122750";762252.55;4887493.35;0.1047
"4409400101707";593795.17;4883176.08;2
"4409450098097";564897.11;4882884.06;0.1027
"4409470098094";564872.88;4882906.04;NA
"4409780113719";689936.80;4885667.61;NA
"4409820107517";640292.16;4884468.31;0.1042
"4409970107513";640256.60;4884634.24;NA
"4410240103366";607060.11;4884311.31;1.4
"4410330099305";574555.83;4883963.68;NA
"4410380100070";580677.90;4884091.27;0.4
"4410630097348";558889.84;4884138.46;0.1058
"4410700098282";566364.03;4884287.18;0.1050
"4410850102893";603263.73;4884928.46;1.4
"4410880105341";622852.75;4885298.03;1.8
"4410890111747";674119.34;4886464.46;0.1001
"4411230099655";577345.37;4884995.58;0.1042
"4411330106889";635231.00;4886040.44;NA
"4411600101040";588423.16;4885545.89;0.6
"4411610115481";703977.83;4888121.94;0.0983
"4411780078675";409464.32;4885776.81;0.0982
"4411810106096";628874.74;4886446.40;0.2
"4411940108092";644842.90;4886922.61;0.1016
"4412000118081";724768.51;4889232.60;0.1060
"4412190113814";690619.74;4888366.46;0.0968
"4412280079965";419793.22;4886198.21;0.0965
"4412530107403";639316.00;4887459.02;NA
"4412560107903";643315.63;4887578.18;NA
"4412750077292";398414.67;4887015.80;0.0964
"4412780100003";580109.27;4886750.45;NA
"4412920115128";701108.64;4889490.12;0.1032
"4412950098689";569594.90;4886819.87;0.1022
"4412970107820";642641.71;4888019.17;0.1057
"4413190102028";596303.21;4887422.74;NA
"4413200081189";429597.33;4887107.93;0.1005
"4413250097903";563303.66;4887089.68;0.1013
"4413280107433";639538.37;4888297.15;0.0967
"4413390108939";651583.10;4888685.70;0.1001
"4413490101972";595850.38;4887749.42;1.2
"4413800099062";572568.52;4887796.17;0.4
"4413830114989";699965.88;4890467.01;0.0995
"4413890106722";633836.82;4888856.61;NA
"4413900106740";633980.57;4888870.65;0.1055
"4413940122406";759290.70;4892660.41;0.1021
"4414080107365";638975.63;4889174.23;NA
"4414250107375";639051.63;4889364.74;NA
"4414440081634";433171.21;4888448.06;0.1002
"4414660082624";441091.46;4888616.65;0.0963
"4414820081645";433263.48;4888869.24;NA
"4414830096402";551282.55;4888740.23;0.1059
"4414830116914";715327.75;4892063.80;0.1034
"4415060121369";750948.19;4893582.63;NA
"4415280076190";389645.45;4889968.02;NA
"4415320097637";561154.41;4889368.77;0.1008
"4415400109774";658209.05;4891075.48;0.1021
"4415590100333";582710.16;4889904.20;0.4
"4415940103863";610929.76;4890708.42;0.6
"4416170075908";387407.26;4890994.82;0.0975
"4416390105206";621659.23;4891398.08;1.8
"4416390105222";621787.15;4891400.44;NA
"4416400082200";437718.75;4890580.59;0.0995
"4416580123917";771256.27;4896080.59;0.0988
"4416640122689";761435.12;4895749.15;0.1057
"4416720073394";367318.25;4891980.99;0.0993
"4416910101500";592021.57;4891494.24;0.6
"4417010119494";735875.10;4895193.32;0.0979
"4417090102082";596671.56;4891760.90;1.1999999
"4417140096068";548592.46;4891285.75;0.2
"4417670104853";618811.14;4892768.22;NA
"4417750080444";423696.27;4892228.24;0.0998
"4417780108181";645411.62;4893425.00;0.2011719
"4417890096187";549537.52;4892125.88;0.4
"4418610104833";618632.43;4893809.42;NA
"4418970123478";767638.01;4898591.34;0.0975
"4418990097150";557224.50;4893410.12;0.4
"4419140106817";634477.43;4894703.46;0.1001
"4419200102920";603334.10;4894206.41;1.4
"4419310077331";398838.95;4894297.36;0.1020
"4419320083788";450439.92;4893715.73;0.1032
"4419360106992";635870.93;4894976.59;NA
"4419420074894";379365.90;4894748.67;0.1001
"4419510097710";561694.54;4894028.16;0.2
"4419530104856";618797.78;4894834.62;0.1028
"4419570083020";444304.86;4894042.67;0.1037
"4419720104867";618881.86;4895047.25;NA
"4419800098490";567924.33;4894411.70;0.4
"4419860103588";608660.40;4895025.59;NA
"4419940105894";627083.85;4895445.23;0.1005
"4420010103598";608737.55;4895193.52;0.2
"4420060109761";657980.64;4896249.03;NA
"4420310082933";443616.70;4894870.55;NA
"4420780071469";352029.49;4896819.51;1.1992188
"4420830072750";362265.28;4896652.15;0.1000
"4420830104583";616590.55;4896239.50;NA
"4421000104886";619007.93;4896471.74;0.0999
"4421040104472";615699.61;4896457.07;0.1002
"4421090101163";589264.29;4896099.96;0.6
"4421110079444";415750.63;4896058.07;0.1044
"4421360095403";543245.38;4895935.93;0.2
"4421390114336";694493.79;4898707.61;0.1053
"4421420115056";700244.73;4898913.93;0.1009
"4421500121697";753295.28;4900836.67;NA
"4421970117553";720172.30;4900163.96;0.0985
"4422000078328";406848.90;4897167.24;0.0988
"4422030120419";743063.78;4901039.06;0.1004
"4422100116215";709479.63;4899958.34;0.1047
"4422200099000";571970.44;4897120.83;0.8
"4422280113253";685813.91;4899445.48;0.1030
"4422360116728";713568.02;4900379.28;0.1007
"4422420073931";371735.40;4898226.87;0.1046
"4422560107719";641604.05;4898653.68;0.1992188
"4422670099667";577291.99;4897703.41;NA
"4422700112235";677669.91;4899686.75;0.1005
"4422860112567";680316.71;4899936.82;0.1055
"4422890100683";585403.53;4898048.30;NA
"4423130097155";557224.42;4898008.90;0.4
"4423190122340";758358.11;4902914.29;0.1007
"4423230082024";436385.19;4898180.37;0.1019
"4423230082025";436393.17;4898180.29;NA
"4423360076572";392846.94;4898892.16;0.0990
"4423410081182";429662.99;4898449.05;NA
"4423510103327";606509.04;4899045.63;0.4
"4423530081194";429760.25;4898581.31;0.1035
"4423720105164";621173.15;4899533.58;0.5996095
"4424030103403";607106.53;4899633.09;NA
"4424240100033";580193.90;4899482.32;0.6
"4424330081958";435870.07;4899407.32;0.1016
"4424400081958";435870.83;4899485.07;NA
"4424500096147";549162.85;4899465.42;1.4000001
"4424560114336";694389.40;4902228.72;0.1999512
"4424690101517";592036.34;4900137.65;0.6
"4424830104669";617198.28;4900694.70;1.5996094
"4424940115881";706712.20;4903028.26;0.1023
"4424970099658";577190.07;4900257.26;0.2
"4424990098400";567146.21;4900169.02;0.8
"4425000099690";577445.16;4900293.59;0.6
"4425040099699";577516.48;4900338.87;NA
"4425140099669";577275.66;4900447.12;NA
"4425310103117";604800.07;4901017.97;NA
"4425590103096";604627.46;4901326.30;1.5999999
"4425780084492";456114.00;4900850.95;NA
"4426000078056";404740.84;4901641.44;0.1054
"4426030106750";633785.88;4902345.55;0.1054
"4426060113281";685918.47;4903650.49;0.2
"4426110070500";344428.21;4902919.04;0.4000244
"4426110103983";611697.02;4902020.87;NA
"4426110110358";662584.37;4903085.56;0.4003906
"4426280119930";738985.40;4905616.25;0.1039
"4426390075183";381815.09;4902448.49;0.0995
"4426430097370";558908.57;4901689.52;0.6
"4426750109472";655495.13;4903624.81;0.1013
"4427000094297";534377.14;4902148.33;NA
"4427470078364";407222.58;4903238.92;0.1010
"4427470096596";552721.35;4902792.13;1.2
"4427520095977";547781.08;4902809.83;2.2
"4427520115783";705839.70;4905869.41;0.1036
"4427580119236";733394.22;4906860.45;NA
"4427780079022";412478.31;4903510.90;0.2001953
"4428190103028";604038.77;4904205.60;NA
"4428240098635";568984.42;4903798.40;0.8
"4428360082053";436671.95;4903876.22;0.0981
"4428420083714";449925.92;4903827.92;0.0987
"4428430083714";449926.01;4903839.03;NA
"4428440103010";603890.74;4904481.01;1
"4428610079539";416615.73;4904378.92;0.0981
"4428650082025";436451.66;4904200.51;NA
"4428720111167";668967.31;4906148.05;0.1021
"4428970083006";444281.91;4904484.55;0.1027
"4429080074342";375159.31;4905561.05;0.1023
"4429320082979";444069.82;4904875.15;NA
"4429360105750";625732.45;4905886.30;0.5996094
"4429420117830";722104.26;4908513.85;0.1005
"4429510094814";538486.98;4904959.19;2.6000001
"4429670093735";529878.29;4905092.06;0.6
"4429680093736";529886.22;4905103.21;NA
"4429690103181";605232.86;4905891.23;1.0000002
"4429770121108";748241.46;4909842.81;0.1019
"4429850096775";554128.02;4905447.34;0.8
"4429860076386";391481.30;4906136.48;0.0972
"4429920102383";598863.01;4906047.50;NA
"4430000098000";563898.45;4905701.96;0.6
"4430250071147";349698.48;4907396.90;0.2001953
"4430280104264";613859.51;4906691.30;0.80078137
"4430350101195";589379.66;4906388.92;0.4
"4430410102168";597139.85;4906566.10;0.6
"4430540097658";561164.72;4906275.72;0.4
"4430620084830";458846.02;4906209.40;0.1030
"4430620084831";458854.00;4906209.35;NA
"4431000077442";399924.63;4907268.34;0.1047
"4431010099845";578602.55;4906983.90;0.2
"4431030103567";608287.54;4907429.85;1.2011721
"4431080073136";365583.16;4907973.31;0.1017
"4431090094410";535254.57;4906696.06;NA
"4431270095486";543834.88;4906947.76;2
"4431320081598";433075.08;4907200.21;NA
"4431330081596";433059.24;4907211.48;0.1017
"4431390121600";752097.04;4911792.44;0.1018
"4431610114781";697705.90;4910165.97;0.0964
"4431690108117";644559.02;4908864.24;0.2001953
"4431880093298";526382.29;4907531.87;1
"4432190093453";527616.88;4907881.29;NA
"4432220093455";527632.68;4907914.68;NA
"4432320096148";549105.76;4908151.50;1.2
"4432360071514";352678.79;4909673.96;0.6000976
"4432710091691";513565.48;4908414.82;1
"4432830106228";629469.61;4909814.97;0.1003
"4433010120314";741774.12;4913204.41;0.0962
"4433300083829";450884.30;4909241.41;0.1059
"4433300100335";582478.55;4909575.61;0.2
"4433420080872";427311.05;4909594.67;0.1049
"4433430083478";448087.10;4909407.47;NA
"4433440075586";385169.43;4910222.03;0.1022
"4433440117511";719409.38;4912893.29;0.0989
"4433540084801";458635.27;4909454.26;0.1025
"4433620092104";516855.86;4909433.22;NA
"4433910098221";565617.83;4910062.43;2.1999998
"4434110102811";602204.50;4910754.01;1.6005859
"4434170072083";357259.87;4911583.70;0.4000244
"4434170101403";590979.77;4910654.87;0.7998047
"4434210093562";528476.30;4910128.73;0.6
"4434360107300";637981.03;4911689.25;1.2001953
"4434440110875";666475.69;4912441.92;0.2001953
"4434530117128";716315.81;4914002.22;0.0978
"4434560084375";455246.90;4910609.65;0.1052
"4434700091593";512779.81;4910623.65;0.6
"4434830105694";625169.38;4911953.60;0.9999999
"4434970096991";555802.60;4911148.85;1.4000001
"4435050094808";538403.03;4911112.48;0.8
"4435240095841";546634.68;4911377.01;1
"4435290097641";560979.96;4911550.54;2
"4435450092093";516762.98;4911465.68;0.6
"4435610109242";653428.41;4913422.87;0.1018
"4435970119592";735898.70;4916281.85;0.0972
"4436180098966";571529.16;4912646.11;0.6
"4436190085273";462415.12;4912374.98;0.1030
"4436190102008";595769.57;4912967.48;0.5996094
"4436330101056";588181.34;4913016.21;1
"4436390104617";616554.25;4913527.63;2
"4436640084667";457589.41;4912904.47;0.1053
"4436660099559";576248.33;4913232.70;0.39999998
"4436690083225";446100.03;4913044.90;0.1025
"4436780098915";571115.51;4913308.14;NA
"4436810079644";417568.56;4913476.49;0.0981
"4436920098830";570436.57;4913456.31;NA
"4436920098832";570452.50;4913456.48;1.8
"4436920113389";686436.36;4915737.99;0.1029
"4436940098928";571217.15;4913486.99;2.2
"4436960081910";435625.17;4913439.86;0.1046
"4436960098926";571200.97;4913509.03;NA
"4437060075275";382762.28;4914287.07;0.1008
"4437230085732";466078.72;4913510.10;0.1050
"4437360112467";679076.70;4916021.04;NA
"4437490094577";536546.79;4913812.19;0.8
"4437780081139";429492.03;4914414.23;0.19999981
"4438240085556";464682.58;4914639.42;NA
"4438310095842";546618.33;4914787.10;1
"4438400090607";504917.75;4914722.91;0.4
"4438720080178";421848.79;4915545.66;0.1007
"4438780075472";384365.76;4916169.57;0.0975
"4439080114953";698824.80;4918505.12;0.1013
"4439170078147";405678.73;4916259.58;0.1052
"4439250069397";335990.55;4917729.69;0.1034
"4439360092710";521665.85;4915823.16;0.4
"4439360102728";601452.27;4916575.22;0.20019531
"4439370092710";521665.82;4915834.27;NA
"4439860071778";354969.20;4917957.61;1.4003906
"4439920082803";442769.09;4916661.34;0.1026
"4440040089459";495774.45;4916544.20;0.1022
"4440230082722";442127.11;4917011.38;NA
"4440290090932";507504.17;4916824.69;0.2
"4440330114633";696234.27;4919816.41;NA
"4440350086477";472029.18;4916947.46;0.1021
"4440530096205";549491.21;4917274.26;1.2
"4440580100147";580879.56;4917643.25;3.1992188
"4440610096822";554403.46;4917402.21;2
"4440640086246";470191.21;4917277.76;0.0983
"4440670085260";462340.33;4917351.80;0.0978
"4440680095338";542586.45;4917392.21;0.8
"4440810084122";453280.10;4917566.07;0.0979
"4440840091815";514534.17;4917447.40;NA
"4440930105231";621353.03;4918659.66;2
"4440940070125";341834.32;4919463.57;0.0986
"4440940073244";366668.53;4918907.84;0.1021
"4441110115969";706845.52;4921011.76;0.0981
"4441140088841";490854.82;4917771.15;0.0985
"4441260084118";453251.84;4918066.14;NA
"4441390081708";434065.55;4918376.64;0.1010
"4441500122000";754848.17;4923146.43;0.1043
"4441580084825";458883.02;4918383.57;0.1014
"4441610116897";714216.08;4921805.88;0.0975
"4441670116897";714213.89;4921872.53;NA
"4441680090091";500807.10;4918364.47;0.0961
"4441810076919";395945.07;4919340.92;0.1006
"4441920107875";642381.14;4920185.07;4.2001953
"4442110093219";525707.67;4918892.45;0.2
"4442370089726";497901.54;4919131.23;0.1033
"4442420092849";522761.06;4919225.87;0.6
"4442430094101";532727.10;4919279.29;1.2
"4442670101731";593459.15;4920133.29;1.7998047
"4442800089343";494853.16;4919610.59;0.0973
"4442830104006";611563.21;4920595.94;0.20019531
"4442850090635";505136.95;4919665.99;0.0977
"4443230088246";486122.48;4920101.09;0.1026
"4443280109933";658727.88;4922074.21;2.7998047
"4443420100317";582193.45;4920814.76;3.2001953
"4443430087416";479517.18;4920340.75;0.1038
"4443440089611";496986.68;4920320.12;0.0997
"4443560111342";669934.10;4922668.14;0.20019531
"4443830100928";587050.19;4921333.31;1.5996094
"4443850091074";508629.73;4920780.41;0.0995
"4443940112411";678430.39;4923317.78;0.1024
"4444080090472";503838.75;4921031.37;0.1046
"4444190094786";538168.35;4921263.85;1.7988281
"4444250088448";487732.36;4921230.83;0.0985
"4444370091699";513602.41;4921366.44;0.2
"4444470097844";562500.15;4921762.67;0.40039068
"4444560080761";426565.71;4921978.53;0.0971
"4444750096189";549328.36;4921960.76;0.80078137
"4444780096994";555733.45;4922045.68;1.0000002
"4444830118667";728182.42;4925861.25;0.0960
"4445140074111";373662.36;4923435.46;0.1039
"4445380113653";688268.21;4925195.67;0.0963
"4445530088956";491776.66;4922646.21;0.1034
"4445580070900";348125.39;4924470.68;0.1004
"4445620087356";479047.52;4922774.87;NA
"4445620098232";565574.76;4923070.40;0.6
"4445960089796";498459.75;4923118.74;0.1024
"4446110093877";530924.66;4923358.25;0.6
"4446230085809";466743.37;4923503.86;NA
"4446270093952";531520.44;4923538.83;0.4
"4446270093953";531528.39;4923538.86;NA
"4446490078827";411205.65;4924314.31;0.0995
"4446490087049";476608.58;4923749.60;0.1027
"4446500085800";466673.32;4923804.14;0.1043
"4446610080881";427545.96;4924244.92;NA
"4446640099205";573303.01;4924285.90;0.6
"4446780090954";507670.96;4924033.80;0.1014
"4446950086274";470446.08;4924285.72;0.2
"4447290094588";536573.41;4924698.23;0.2
"4447390105178";620797.91;4925827.46;NA
"4447420087331";478855.15;4924774.92;0.1053
"4447420112798";681402.42;4927268.46;0.1004
"4447430087331";478855.18;4924786.02;NA
"4447510090071";500647.31;4924840.27;0.1035
"4447560105086";620062.71;4926002.76;0.2
"4447780100583";584247.83;4925684.80;1
"4447830084847";459101.89;4925324.82;0.0979
"4447890112986";682882.99;4927832.42;0.1054
"4448020087987";484074.18;4925426.45;0.1018
"4448230084857";459184.21;4925768.63;NA
"4448310092428";519390.43;4925757.54;0.1033
"4448360112851";681794.77;4928324.38;NA
"4448440112850";681784.33;4928413.03;0.0969
"4448470104467";615121.79;4926924.60;0.1019
"4448530069817";339590.01;4927954.47;0.0979
"4448560089785";498373.00;4926006.79;0.6
"4448560112197";676588.00;4928403.21;0.1042
"4448610087360";479090.06;4926096.00;0.1032
"4448760091821";514562.36;4926244.85;0.0996
"4448800093402";527133.55;4926329.43;0.40039068
"4448850089001";492139.18;4926333.55;0.1008
"4449220081881";435529.22;4927060.23;0.1010
"4449330103300";605827.83;4927722.10;0.4003906
"4449330113453";686551.06;4929537.48;0.1033
"4449530079792";418924.04;4927590.76;0.1043
"4449610112000";674990.08;4929527.19;NA
"4449970101794";593843.68;4928249.21;0.4003906
"4450030106064";627787.03;4928894.58;0.0974
"4450440110047";659440.19;4930049.65;0.2
"4450560096325";550360.59;4928422.67;0.2001953
"4450670099886";578665.85;4928825.59;0.3994141
"4450670110875";666015.71;4930469.97;0.1019
"4450920072539";361291.86;4930110.83;0.4003906
"4451110081744";434461.15;4929170.53;0.0969
"4451400098421";567012.28;4929506.04;0.2001953
"4451580091556";512449.25;4929372.91;0.0985
"4451640102767";601549.97;4930220.46;0.2001953
"4451680091596";512766.94;4929484.60;NA
"4451700079015";412778.89;4930081.26;0.1019
"4451720091034";508300.35;4929521.85;0.2
"4451770086731";474102.46;4929624.15;NA
"4451780086731";474102.50;4929635.26;0.1047
"4451780103817";609890.85;4930511.90;0.1992188
"4452010089859";498962.09;4929838.87;0.0988
"4452030106978";635007.03;4931263.07;0.0993
"4452040089474";495902.47;4929873.45;0.0992
"4452110069075";333791.51;4932079.52;0.2001953
"4452170085383";463391.82;4930120.16;0.1052
"4452220083861";451297.06;4930255.31;0.1029
"4452810095483";543650.69;4930873.60;0.1059
"4452940104894";618426.78;4931950.82;0.2001953
"4453010088582";488815.56;4930959.35;0.1035
"4453020088582";488815.58;4930970.45;NA
"4453060092083";516633.49;4931026.21;0.0983
"4453810080150";421827.63;4932310.03;0.1052
"4454030089382";495173.02;4932084.43;0.0979
"4454250077806";403212.58;4933050.07;0.1058
"4454260086939";475765.89;4932383.62;0.0971
"4454360100319";582055.97;4932966.97;0.2001953
"4454420096114";548651.25;4932697.56;0.0973
"4454610070886";348248.64;4934503.78;0.1016
"4454640081650";433754.08;4933099.22;0.2000732
"4454720094516";535955.15;4932948.20;NA
"4454780071211";350834.67;4934632.69;0.1044
"4454860089542";496444.63;4933005.55;0.0983
"4454860094472";535604.79;4933101.79;0.0975
"4455060089569";496659.22;4933227.60;NA
"4455110109092";651727.32;4935055.26;NA
"4455360084925";459774.16;4933685.18;0.0963
"4455420092842";522655.15;4933665.86;0.0965
"4455750074944";380507.27;4935095.60;0.1047
"4455810082594";441264.57;4934326.52;0.0999
"4456280087678";481642.92;4934608.08;0.1013
"4456330118439";725923.38;4938572.21;0.0997
"4456530096794";554033.56;4935084.03;0.1992188
"4456640089475";495913.71;4934983.09;0.0972
"4456690104669";616564.12;4936083.97;0.0997
"4456720086597";473060.41;4935126.93;0.2001953
"4456830090778";506260.39;4935195.75;0.40039068
"4456860098867";570491.23;4935608.48;0.1012
"4456860117325";717056.96;4938858.61;0.1030
"4456870083353";447302.10;4935452.09;0.39990228
"4457000073636";370146.87;4936684.01;0.2001953
"4457030090749";506029.91;4935417.69;NA
"4457080115336";701255.42;4938593.27;0.1005
"4457130089489";496025.22;4935527.31;NA
"4457230086578";472911.91;4935694.07;NA
"4457360080181";422121.33;4936250.40;0.1037
"4457440069806";339747.27;4937853.89;0.0989
"4457690092772";522090.61;4936185.46;0.1992188
"4457720092831";522558.92;4936220.39;NA
"4458060103292";605606.41;4937418.33;0.39990228
"4458170095847";546500.41;4936847.53;0.0993
"4458690094825";538383.61;4937372.10;0.0965
"4458890088778";490382.70;4937488.31;0.1023
"4459140112506";678721.18;4940222.75;NA
"4459360097675";561000.00;4938289.59;0.2001953
"4459390101144";588533.45;4938640.42;0.9999999
"4459560106766";633150.46;4939592.63;0.1024
"4459920102592";600017.28;4939396.31;0.2001953
"4460190120778";744336.48;4943534.16;NA
"4460390087556";480687.76;4939176.30;0.1058
"4460470092363";518834.46;4939263.28;NA
"4460470092364";518842.40;4939263.30;0.1992188
"4461060083014";444650.11;4940128.84;0.2000122
"4461330091875";514959.69;4940208.51;0.2011719
"4461390070528";345584.54;4942102.28;0.0992
"4462080096350";550459.80;4941220.61;0.1023
"4462750112906";681783.54;4944321.19;0.1033
"4463000097314";558098.45;4942306.62;0.1014
"4463030098681";568941.37;4942446.28;0.7998047
"4463250074783";379383.98;4943450.38;0.7998047
"4463270094054";532238.11;4942426.31;0.1992188
"4463310114572";694980.48;4945328.13;0.1015
"4463440104753";617095.55;4943593.95;1
"4463610095794";546036.75;4942887.32;0.1992188
"4463640108053";643264.91;4944342.74;0.5996094
"4463890080503";424762.41;4943473.72;0.1052
"4464000110272";660854.61;4945156.36;0.1012
"4464020093300";526254.17;4943232.45;0.1026
"4464250103569";607691.10;4944330.44;NA
"4464310095000";539734.50;4943623.21;0.0965
"4464470087914";483540.33;4943700.52;0.0968
"4464690086361";471225.89;4943988.14;0.2001953
"4464810102583";599862.05;4944827.08;NA
"4464920098208";565168.34;4944506.87;0.2001953
"4465000072658";362570.13;4945730.87;0.1010
"4465000116167";707571.47;4947599.26;0.0988
"4465640109169";652064.03;4946766.47;0.4
"4465830095822";546241.21;4945354.91;NA
"4466030070883";348522.14;4947189.84;NA
"4466390077203";398633.82;4946608.59;0.0983
"4466390080431";424223.98;4946257.44;NA
"4467360090917";507350.97;4946893.71;0.2001953
"4467420082333";439312.94;4947242.15;0.4003906
"4467720092003";515957.86;4947309.02;0.1013
"4467830084633";457546.06;4947551.79;0.2001953
"4467860090231";501913.43;4947445.29;0.2000732
"4468050092194";517470.69;4947679.49;0.0993
"4468190069797";339971.74;4949796.97;0.4003906
"4468190088842";490905.39;4947818.12;0.0970
"4468310072647";362561.22;4949409.55;0.1051
"4468580102978";602927.59;4949063.99;NA
"4468670109658";655859.90;4950224.64;0.1046
"4468690080925";428168.64;4948767.54;0.1007
"4468780071278";351723.93;4950171.90;0.0963
"4468810122114";754561.64;4953518.59;0.0983
"4468940101678";592619.91;4949307.98;0.199707
"4468940105106";619782.15;4949754.74;0.2
"4469220095917";546967.06;4949126.01;0.1059
"4469310108531";646912.84;4950726.18;NA
"4469470087678";481684.64;4949259.67;0.1033
"4469470096847";554333.75;4949461.45;0.1028
"4469500111447";670012.53;4951504.41;0.1036
"4469780101244";589167.97;4950192.69;0.0963
"4469780106336";629510.07;4950875.96;0.0961
"4469920078508";409034.60;4950375.63;0.1041
"4470110071517";353651.38;4951606.05;0.1025
"4470310102061";595632.30;4950874.04;NA
"4470560080270";423002.96;4950904.69;0.1025
"4470720118911";729104.52;4954688.80;NA
"4471210095697";545208.39;4951324.13;0.1038
"4471500097983";563312.57;4951798.36;0.3994141
"4471670081583";433417.11;4952021.82;0.1057
"4472610091497";511937.46;4952732.34;0.5999756
"4472720099344";574076.93;4953268.27;0.4003906
"4473030075731";387093.67;4954178.28;0.1999512
"4473190072500";361512.76;4954855.34;0.0988
"4473310100233";581108.61;4954008.31;0.1011
"4474250101472";590904.44;4955183.29;NA
"4474310107728";640429.23;4956138.70;0.1011
"4474440081750";434771.00;4955085.28;0.1043
"4474640117464";717494.77;4958646.26;0.1003
"4474770109876";657421.98;4957042.66;0.0963
"4475140079222";414768.21;4956096.83;0.1009
"4475190097758";561491.38;4955880.10;0.1009
"4475610089064";492674.23;4956058.20;0.0971
"4475830083444";448194.10;4956507.36;0.39990228
"4476440097094";556223.35;4957220.69;0.1059
"4476670109756";656420.78;4959130.12;0.1037
"4476720093918";531087.52;4957361.62;0.0994
"4476810086722";474142.76;4957439.20;0.1012
"4476810092392";519011.30;4957414.77;0.0970
"4478060070531";346051.09;4960619.27;0.1004
"4478060080306";423387.39;4959232.54;0.1003
"4478060100386";582252.73;4959300.13;0.1056
"4478110087689";481799.04;4958857.01;0.1052
"4478220113708";687644.97;4961687.71;0.1006
"4478420085681";465914.48;4959266.11;0.2001953
"4478420089919";499441.83;4959175.43;0.0979
"4478690081131";429922.11;4959857.88;0.1050
"4479560096333";550173.94;4960636.81;0.0980
"4479890089314";494656.98;4960810.62;0.1047
"4479890111186";667643.95;4962991.90;NA
"4480170103272";605047.44;4961976.11;0.1026
"4480420103333";605525.32;4962261.72;NA
"4480440090275";502257.43;4961419.66;0.0982
"4480750091794";514269.48;4961779.31;0.1048
"4480810102722";600686.50;4962617.51;0.1007
"4481190072419";361063.49;4963755.90;0.1048
"4481190074978";381298.44;4963350.03;0.1013
"4481390099839";577880.30;4962945.43;0.0985
"4481500122500";757056.88;4967736.71;NA
"4481860071156";351093.74;4964723.99;0.1045
"4481970094986";539503.32;4963239.80;0.1041
"4482000096767";553584.13;4963374.93;0.1037
"4482190091981";515744.37;4963382.36;NA
"4482580097267";557531.49;4964053.35;0.0996
"4482580111256";668119.42;4965994.54;0.1024
"4483030088464";487940.82;4964307.86;0.0980
"4483170114542";694077.04;4967382.25;0.0999
"4483250116211";707267.09;4967883.36;0.0973
"4483280082750";442775.11;4964829.74;0.1029
"4483610088722";489981.28;4964948.63;NA
"4483690105781";624813.04;4966241.04;0.1011
"4483970093336";526448.85;4965394.71;0.0971
"4484000112850";680676.38;4967914.05;NA
"4484220080815";427491.72;4966028.62;0.1006
"4485280079153";414372.31;4967368.06;0.1045
"4485860116578";710073.15;4970876.99;0.1023
"4487110092378";518867.04;4968856.17;0.1015
"4487180084105";453517.13;4969075.44;0.2000008
"4487530072019";358056.46;4970867.93;0.0989
"4487690102256";596886.13;4970203.57;NA
"4487750094919";538934.73;4969657.30;0.0966
"4488330073606";370609.63;4971491.22;0.1011
"4488490082122";437867.22;4970663.51;0.0981
"4488530072826";364454.21;4971840.77;0.1012
"4488530103806";609111.36;4971333.33;0.4
"4488610076858";396297.64;4971335.02;0.1030
"4488610110161";659296.61;4972472.36;0.0971
"4488640108756";648200.25;4972239.65;0.1032
"4488720076889";396544.43;4971453.25;0.4003906
"4488790116153";706610.33;4974022.75;0.1018
"4489110068472";330086.33;4973304.93;0.1037
"4489310100875";585954.24;4971847.78;NA
"4489470069192";335782.09;4973556.53;0.1054
"4490560070583";346794.47;4974495.13;0.1006
"4491210105364";621359.01;4974531.53;0.6000976
"4491250091950";515475.12;4973446.13;0.2001953
"4491610118211";722753.36;4977699.95;0.0984
"4491720098833";569800.98;4974329.22;NA
"4491730123691";766002.17;4979484.70;0.1042
"4491860081911";436238.19;4974423.51;0.1059
"4492060067831";325114.21;4976718.29;0.1010
"4492170114269";691620.07;4977315.17;0.1026
"4492310078336";408028.79;4975266.88;0.1040
"4492670087139";477504.66;4975044.88;0.2001953
"4494030067564";323067.46;4978964.66;NA
"4494080092758";521842.45;4976608.39;0.0986
"4494190094417";534930.81;4976788.48;0.0963
"4494360103494";606541.21;4977768.11;NA
"4494440077739";403352.95;4977702.51;0.1004
"4494670071631";355171.36;4978868.15;0.1006
"4494920072908";365251.35;4978925.55;0.1002
"4495140068889";333553.55;4979916.97;0.1016
"4495220102592";599410.19;4978609.01;NA
"4495330068783";332722.92;4980149.86;0.0975
"4495440069111";335313.34;4980204.86;0.1053
"4495440077144";398676.48;4978886.08;0.1028
"4495920070728";348080.68;4980422.11;0.1020
"4496030107583";638758.91;4980241.59;0.1038
"4496250073900";373106.15;4980242.83;0.0991
"4496720096833";553968.30;4979731.18;NA
"4496750068364";329459.95;4981814.68;0.0976
"4496780068894";333640.44;4981737.78;NA
"4498080082114";437907.61;4981317.36;0.0967
"4498390093833";530301.25;4981430.72;NA
"4499020090176";501470.03;4982059.27;0.0997
"4499140069231";336365.23;4984290.79;NA
"4499170085672";465966.16;4982316.86;0.1027
"4499440069472";338273.43;4984575.63;0.0988
"4500250100047";579265.58;4983916.47;0.1049
"4500470122482";756070.20;4988804.24;NA
"4500690101678";592112.86;4984577.61;0.0998
"4500830081017";429292.48;4984462.30;0.0999
"4500970068889";333722.31;4986393.40;0.1020
"4500970069442";338080.10;4986281.28;0.1055
"4501540112899";680513.40;4987409.64;0.0976
"4501720076742";395619.70;4985913.47;0.1014
"4501860084086";453485.96;4985384.14;0.1001
"4502080079339";416087.35;4986011.23;0.1000
"4502220088494";488217.53;4985624.98;0.4003906
"4502610067539";323134.49;4988501.48;0.0996
"4502780068486";330599.99;4988487.69;NA
"4503100113025";681456.92;4989170.78;0.1000
"4503340118260";722685.48;4990744.03;0.1050
"4503470072431";361694.49;4988504.03;0.0962
"4503560074203";375654.19;4988316.37;0.0980
"4503690070747";348435.71;4989050.11;0.0976
"4504140077672";402988.32;4988486.07;0.0965
"4504140095897";546526.92;4987915.99;0.1023
"4504470066858";317828.64;4990718.85;NA
"4504640068542";331095.93;4990542.23;0.1022
"4504670078792";411817.50;4988946.62;0.1007
"4505170066892";318118.61;4991488.82;NA
"4505390069169";336055.14;4991246.38;0.0980
"4505560096803";553649.24;4989549.42;0.1037
"4506170099000";570940.82;4990395.93;NA
"4506390069067";335280.72;4992378.01;0.0999
"4506420067042";319339.19;4992843.81;0.1048
"4507170076897";396938.98;4991947.95;0.0998
"4507610067278";321234.31;4994113.32;0.0977
"4507750076789";396099.35;4992606.10;0.0978
"4508080075000";382025.00;4993218.21;0.1014
"4508610076839";396508.44;4993555.06;NA
"4509390073864";373113.14;4994845.55;0.0983
"4509420082761";443121.33;4993867.26;0.1015
"4510640067053";319558.83;4997529.35;0.0981
"4511250072678";363825.12;4997104.88;0.1011
"4511250076708";395525.71;4996504.69;0.1003
"4511390069667";340144.07;4997812.03;0.1019
"4511530107922";641051.39;4997518.93;NA
"4511940080028";421650.79;4996895.52;0.1050
"4511970067031";319427.74;4999011.76;NA
"4512170087981";484203.42;4996687.20;NA
"4512170101953";594091.67;4997362.30;0.0964
"4512860067669";324473.03;4999859.83;0.1014
"4512920084950";460370.13;4997624.58;0.0966
"4513410076312";392451.34;4998956.22;0.1018
"4514080069633";339951.94;5000807.09;0.1055
"4514470122758";757615.07;5004444.42;0.1007
"4514530070494";346733.41;5001139.97;0.1053
"4514720072372";361502.16;5001011.75;0.0995
"4515060078836";412323.33;5000484.10;0.0997
"4516150120872";742716.58;5005726.48;0.1055
"4516190097208";556732.95;5001385.92;0.1015
"4517190094889";538500.35;5002360.39;0.1013
"4517940100450";582187.85;5003608.47;0.0960
"4518030118811";726443.88;5007216.20;NA
"4518140078514";409840.77;5003941.19;0.0978
"4518560080117";422440.74;5004241.16;0.0975
"4518640094867";538317.77;5003970.18;NA
"4518670118488";723881.04;5007837.10;0.1007
"4518830108878";648381.54;5005799.73;3.6000977
"4519090091455";511512.21;5004365.18;0.0998
"4519170069850";341799.14;5006418.86;0.1053
"4519220076519";394186.73;5005383.27;0.1046
"4519360074700";379901.09;5005793.47;0.0986
"4519420117456";715745.40;5008389.27;NA
"4519640073603";371290.48;5006273.68;0.0990
"4520690071500";354798.99;5007797.18;0.0963
"4521690104158";611246.84;5008218.38;NA
"4521750110083";657766.95;5009272.03;3
"4522360116542";708458.60;5011415.15;NA
"4522470069517";339276.39;5010150.72;0.1004
"4522780072739";364578.71;5009903.44;0.1044
"4523170073653";371762.65;5010187.27;0.0986
"4523330083300";447490.69;5009283.53;0.1059
"4523890094053";531893.71;5009767.22;0.0965
"4524420114689";693840.97;5013241.64;0.1037
"4524690087006";476586.70;5010619.67;0.2001953
"4525610099642";575737.64;5012050.29;0.1002
"4526000071653";356134.68;5013668.76;0.1024
"4526360106631";630557.33;5013776.81;0.9999999
"4526580112512";676688.90;5015141.21;0.1027
"4526880074860";381314.65;5014123.93;0.1005
"4526920095625";544208.51;5013207.33;0.0978
"4528220089883";499165.02;5014497.73;0.1033
"4528390076681";395627.45;5015549.35;0.0963
"4528810078503";409923.25;5015796.01;0.0973
"4528860074928";381889.21;5016313.59;0.0980
"4529750071392";354183.09;5017881.68;0.1056
"4530250072219";360679.58;5018290.74;0.1008
"4531530075472";386208.69;5019201.46;0.1016
"4531650113832";686877.71;5021071.30;2
"4531670073042";367165.09;5019729.19;0.1052
"4531920095085";539937.38;5018733.90;0.0962
"4532080092675";521047.92;5018820.70;0.0969
"4532310083978";452887.19;5019217.79;0.1052
"4532630078989";413792.44;5019986.60;0.0981
"4533560074128";375718.55;5021655.42;0.0985
"4533830123103";759444.00;5026062.36;NA
"4534150088796";490649.73;5021092.61;0.199707
"4534170075194";384083.57;5022174.02;0.0998
"4534270116771";709816.81;5024705.70;0.1019
"4534730119522";731350.39;5025970.47;0.0977
"4535670096714";552670.28;5022993.44;0.0984
"4535990101453";589783.57;5023767.67;0.1044
"4536250072194";360630.96;5024960.72;0.1008
"4537000076364";393303.28;5025156.13;NA
"4537240108326";643580.20;5026152.07;0.0987
"4537420105119";618464.58;5025830.27;NA
"4538000078175";407500.96;5026042.81;0.0988
"4539050113796";686352.49;5029283.91;0.0992
"4539240107063";633643.39;5028156.53;1.7998047
"4539930098901";569747.69;5027892.19;0.1013
"4540970075436";386116.24;5029693.92;0.0986
"4541390112853";678897.01;5031669.49;NA
"4541530088025";484629.35;5029303.39;0.0996
"4541770080344";424532.99;5030004.50;0.0990
"4542000077953";405829.40;5030512.41;0.1028
"4543060085944";468355.24;5031064.20;0.1060
"4543110123300";760560.47;5036435.50;NA
"4543190074197";376469.30;5032343.26;0.1057
"4543360100392";581367.99;5031842.70;0.0974
"4543600121175";743917.41;5036312.88;0.0978
"4543750083842";451918.57;5031935.18;0.1030
"4543810074239";376811.33;5033025.61;0.0977
"4544030072111";360173.14;5033618.35;0.0990
"4544140086333";471403.60;5032249.43;0.1049
"4544360076572";395068.55;5033305.40;0.0973
"4544420095211";540835.03;5032627.17;0.1038
"4544960116620";708240.68;5036542.45;0.1006
"4545000124592";770576.14;5038962.24;NA
"4545170114447";691241.61;5036235.75;NA
"4545310073139";368242.91;5034866.61;0.0965
"4545870124863";772653.24;5040020.41;0.1040
"4546030111716";669861.21;5036577.76;1.6
"4546170077750";404311.76;5035169.13;0.1015
"4546630104028";609743.48;5035907.53;NA
"4546940071375";354491.86;5036981.99;0.1056
"4547210114692";693087.68;5038560.69;0.0961
"4547780081731";435453.70;5036560.51;0.1039
"4548250092500";519620.54;5036780.53;NA
"4548560073947";374632.94;5038347.89;NA
"4549090113923";687014.58;5040467.38;0.0994
"4549250122464";753745.42;5042989.05;NA
"4549550119134";727714.07;5042323.89;0.1019
"4549750092567";520138.83;5038448.65;0.1057
"4551330074875";381942.93;5041284.55;0.1019
"4551390078069";406891.83;5040930.89;0.1003
"4551420078736";412102.10;5040888.98;0.1004
"4551800107659";638002.00;5042210.90;0.1045
"4552220099378";573321.69;5041588.43;0.1031
"4552530102614";598588.31;5042278.94;0.1036
"4552550115214";696981.55;5044619.99;0.0998
"4553220077147";399722.83;5043075.12;0.1058
"4554280092056";516133.46;5043469.92;0.0972
"4554470086981";476514.63;5043704.77;0.1028
"4554640120044";734612.31;5048240.77;NA
"4554780124425";768804.12;5049771.17;NA
"4554790109233";650215.62;5045815.19;0.1026
"4554860088472";488155.04;5044105.09;0.0972
"4555560075753";388884.28;5045858.56;0.1024
"4556000082481";441401.07;5045635.19;0.1040
"4556080078917";413587.33;5046046.49;0.0990
"4556250080583";426591.53;5046069.26;0.0994
"4556380072080";360236.88;5047344.25;NA
"4556860079492";418086.16;5046852.68;0.1057
"4556920085503";464991.79;5046480.72;0.1020
"4556920116303";705326.42;5049747.91;NA
"4557880071234";353673.83;5049161.70;NA
"4557970071917";359004.68;5049139.26;NA
"4558070123078";758138.76;5052983.56;0.0983
"4558280091587";512463.27;5047905.58;NA
"4558670073442";370918.25;5049659.99;NA
"4558780073669";372691.50;5049745.89;NA
"4559010113698";684930.92;5051436.07;0.4000006
"4559580073825";373926.31;5050610.02;0.0970
"4559810137431";869994.53;5060544.96;0.0998
"4560320127071";789173.58;5056846.94;0.1029
"4560470076800";397145.90;5051173.76;NA
"4560780071214";353593.29;5052387.22;NA
"4560780081025";430097.25;5051062.53;0.0974
"4560850111814";670179.80;5053063.12;1.2
"4560970103222";603181.76;5051732.08;1
"4561180077443";402172.51;5051882.02;NA
"4561390070572";348603.57;5053184.26;0.0978
"4561580075453";386664.10;5052588.74;0.0984
"4561940110386";659014.01;5053980.94;0.4
"4562240076057";391386.04;5053238.30;NA
"4562640088239";486355.21;5052752.37;0.0971
"4563030079875";421161.35;5053669.10;0.0979
"4563110078575";411029.54;5053894.22;0.0963
"4563500138328";876742.16;5065062.87;0.1005
"4564140130775";817841.44;5062494.95;0.1038
"4564250083336";448150.03;5054741.96;0.1060
"4564470074850";382023.42;5055886.62;NA
"4564720137644";871330.68;5066098.27;0.0963
"4564740072019";359969.20;5056642.78;NA
"4564970071529";356156.89;5056985.19;NA
"4564970072508";363785.19;5056813.94;NA
"4565440122469";753055.78;5060977.06;NA
"4565880115477";698564.60;5059494.17;0.0982
"4566060096589";551414.22;5056748.05;0.1004
"4566140080758";428083.91;5057041.16;0.1049
"4566140090664";505255.45;5056627.97;0.1053
"4566360098222";564132.67;5057198.96;NA
"4566440073089";368346.79;5058349.89;NA
"4566440093811";529770.22;5057029.75;0.0980
"4566520099579";574701.66;5057494.19;0.0986
"4566930114644";692039.13;5060457.57;0.2
"4566980119203";727547.60;5061707.64;0.1051
"4567390082217";439463.56;5058309.14;0.0993
"4567390086275";471069.89;5058082.06;0.1054
"4567720081556";434319.13;5058727.93;0.1017
"4568080133741";840715.09;5068093.10;0.1005
"4568090122215";750958.32;5063841.16;0.1018
"4568330069153";337740.49;5061172.56;NA
"4568360076131";392080.65;5060027.63;NA
"4568360124186";766294.42;5064778.19;NA
"4568380071215";353799.10;5060830.60;NA
"4568690074978";383108.82;5060556.27;NA
"4568730078564";411032.95;5060139.30;NA
"4568940088069";485046.89;5059754.79;0.0997
"4568960088078";485117.02;5059776.84;0.1035
"4569160131451";822820.21;5068342.63;0.1052
"4569170101869";592496.74;5060677.21;NA
"4569220079589";419021.46;5060574.80;0.0994
"4569310137533";870162.49;5071145.92;0.0995
"4569490119478";729586.83;5064574.74;0.0975
"4569670101881";592581.93;5061234.11;NA
"4569890092986";523329.20;5060835.48;0.1004
"4570200112147";672489.11;5063522.11;1.6000004
"4570400111848";670155.44;5063680.32;1.6
"4570440095880";545855.03;5061571.30;NA
"4570500084608";458109.48;5061611.22;0.1033
"4570970069636";341576.37;5064008.78;0.1044
"4571060089725";497942.15;5062092.39;0.1019
"4571220082778";443871.37;5062523.39;0.1051
"4571330091027";508075.97;5062397.13;0.0968
"4571660117763";716151.00;5066507.87;0.1029
"4571710125239";774330.07;5068855.81;0.0970
"4571750069725";342291.07;5064857.78;NA
"4571860090858";506759.98;5062984.42;0.0971
"4571890097083";555205.42;5063258.11;0.0974
"4572420104992";616743.68;5064696.05;1
"4573220080850";428890.53;5064898.92;0.1048
"4573510109576";652384.83;5066677.74;NA
"4573530109569";652329.82;5066698.63;0.6000062
"4573560073600";372489.52;5066177.48;NA
"4573940074392";378659.54;5066476.38;NA
"4574040115233";696377.77;5068499.67;0.0971
"4574240076179";392567.27;5066553.93;0.0978
"4574550127613";792656.65;5072852.98;0.0970
"4574810085131";462209.82;5066373.63;0.1015
"4574810088211";486167.15;5066273.93;0.0966
"4574830078250";408687.42;5066951.91;NA
"4575000111669";668623.58;5068753.04;NA
"4575220083281";447823.71;5066933.39;0.0963
"4575780112147";672317.43;5069721.51;0.1036
"4575830069500";340656.21;5069435.32;NA
"4576150070090";345253.38;5069674.88;NA
"4576190092444";519088.25;5067820.63;0.0993
"4576560085670";466412.88;5068293.83;0.1054
"4576560136869";864520.19;5078894.70;0.0969
"4576640068425";332320.43;5070555.25;0.0987
"4576640134044";842550.16;5077732.33;0.1011
"4576940080167";423627.24;5069094.98;0.1014
"4577220129969";810833.73;5076709.27;0.1045
"4577310089728";497967.86;5069036.30;0.1049
"4577390084411";456629.44;5069276.70;0.0989
"4577390088697";489952.10;5069133.08;NA
"4578160076987";398923.66;5070803.71;NA
"4578170093058";523854.57;5070036.90;0.1037
"4578480098219";563970.99;5070664.30;0.0983
"4578500121130";742058.55;5075071.99;0.1025
"4578570125390";775167.56;5076529.01;0.1053
"4578580118947";725087.00;5074522.67;0.1027
"4578610099342";572698.64;5070904.62;0.0998
"4578900111055";663733.77;5072958.39;NA
"4578920102684";598670.67;5071606.98;0.1037
"4579500111008";663350.93;5073615.39;1.5999985
"4579580070181";346055.54;5073468.08;NA
"4579640135114";850681.13;5081529.89;0.0986
"4580130113433";682176.72;5074839.54;0.6
"4580360074917";382878.36;5073530.79;NA
"4581110103753";606937.70;5074177.56;NA
"4581190098661";567374.12;5073711.48;0.0989
"4581390069958";344372.93;5075522.26;NA
"4581390101531";589669.26;5074215.46;0.1045
"4581550113084";679419.12;5076338.21;1.4
"4581720105456";620154.57;5075097.26;1.0000002
"4581890132756";832223.10;5083020.25;0.1055
"4582030082744";443715.72;5074536.02;0.0999
"4582050090670";505287.39;5074304.44;0.1056
"4582280119921";732503.70;5078912.37;NA
"4582560073425";371335.39;5076204.75;0.0969
"4582670085064";461742.60;5075109.56;0.0988
"4582680131595";823158.78;5083420.95;0.0967
"4582840128002";795243.91;5082206.13;0.0987
"4583080071594";357126.44;5077093.97;0.0998
"4583190134039";842109.51;5085006.88;0.1022
"4583250078214";408545.36;5076310.90;0.0993
"4583250088236";486382.31;5075650.64;0.1001
"4583310131133";819534.39;5083934.73;0.0998
"4583470081114";431071.19;5076263.85;0.1026
"4583530096647";551704.78;5076161.42;NA
"4583540092323";518123.57;5075983.95;0.0995
"4583610083647";450744.47;5076231.72;0.1007
"4583670096664";551835.50;5076318.06;NA
"4583690124399";767219.59;5081880.60;0.1053
"4583970095114";539796.02;5076562.62;0.1992188
"4584010117292";712016.69;5080102.55;0.1999817
"4584170118407";720668.68;5080582.48;0.1046
"4584300092950";522989.87;5076844.42;0.0960
"4584310135472";853167.22;5086875.97;0.1038
"4584390126177";780991.53;5083269.09;0.1035
"4584440076228";393143.75;5077879.85;0.0990
"4584470113673";683898.74;5079716.35;0.1016
"4584610088906";491588.01;5077152.36;0.1058
"4585220078486";410689.43;5078468.84;NA
"4585500127575";791788.29;5085004.21;0.1054
"4586140105728";622170.91;5080049.27;2.0000002
"4586170082386";440978.53;5079161.62;0.1008
"4586250116592";706498.03;5082407.72;0.199997
"4586310106461";627856.94;5080352.89;NA
"4586520111763";669005.96;5081571.83;NA
"4586710123262";758250.16;5084861.36;0.1025
"4586750070278";347006.15;5081415.48;NA
"4586780111714";668617.77;5081850.33;0.3999939
"4586820076162";392677.10;5080532.99;NA
"4586840078076";407533.14;5080315.45;NA
"4586940071536";356775.17;5081392.96;NA
"4586970096392";549693.79;5079967.25;0.0992
"4587090101567";589857.22;5080552.44;NA
"4587280077139";400268.42;5080917.23;NA
"4587360077153";400378.50;5081004.36;NA
"4587360079347";417405.83;5080753.67;0.0985
"4587390079017";414845.20;5080821.72;NA
"4587400127129";788227.67;5086952.88;0.1051
"4587470101775";591465.32;5080998.24;0.1021
"4587550084092";454232.78;5080582.72;0.0970
"4587780104469";612364.86;5081686.51;NA
"4587950108381";642718.50;5082500.30;NA
"4587970080094";423211.61;5081356.75;0.1047
"4588020115528";698176.10;5084104.44;0.0960
"4588030084472";457185.51;5081094.90;0.0966
"4588130122823";754777.94;5086297.79;0.1056
"4588140073006";368212.80;5082472.73;0.0988
"4588140110219";656975.94;5083056.43;1.800003
"4588340115110";694921.33;5084357.00;0.0973
"4588360108439";643158.05;5082966.22;1.7999878
"4588390070650";349937.67;5083166.89;0.0983
"4588530084539";457709.23;5081646.84;NA
"4588640099467";573538.17;5082059.80;NA
"4588750085111";462149.03;5081862.49;0.1026
"4588890097678";559654.47;5082188.44;NA
"4589110097889";561289.15;5082448.84;0.1035
"4589170095669";544064.91;5082369.17;NA
"4589220124935";771112.76;5088205.26;0.1017
"4589530110442";658666.77;5084644.87;NA
"4589680136000";856922.30;5093077.01;0.0967
"4589720081606";434965.23;5083166.56;0.0973
"4590000074900";382948.84;5084243.68;NA
"4590030111144";664097.97;5085342.37;0.0983
"4590250110299";657537.06;5085416.48;NA
"4590280135133";850159.28;5093358.69;0.8000183
"4590330087428";480132.22;5083533.92;0.1002
"4590530092661";520722.66;5083758.40;NA
"4590610083106";446610.17;5084043.91;0.1020
"4590630086199";470600.74;5083905.31;0.0976
"4590920086453";472572.28;5084218.45;0.0988
"4590960106189";625640.77;5085476.04;2.5999908
"4591140085295";463592.34;5084509.34;0.1020
"4591140133331";836130.78;5093537.68;0.1054
"4591250080503";426428.84;5084962.41;0.0963
"4591280094975";538665.98;5084677.59;0.1050
"4591440131619";822836.86;5093162.72;0.1010
"4591830112067";671202.35;5087536.21;NA
"4592140108831";646100.57;5087236.99;NA
"4592220117238";711285.82;5089209.67;NA
"4592220126139";780302.03;5091954.75;0.0961
"4592500100642";582597.89;5086463.34;0.1044
"4592580128697";800116.33;5093286.57;0.1058
"4593000076031";391780.57;5087416.98;NA
"4593110076628";396411.15;5087459.83;NA
"4593420077064";399796.98;5087748.49;NA
"4594240131379";820814.07;5096176.43;0.1027
"4594250135067";849397.64;5097740.17;0.6000061
"4594370125030";771598.15;5093959.23;0.0976
"4594560102869";599828.43;5089006.69;NA
"4594610096728";552230.04;5088477.16;0.0983
"4594970098550";566347.68;5089012.47;0.1018
"4595000098642";567060.35;5089053.49;0.1037
"4595330079181";416237.64;5089626.11;0.0993
"4595360130211";811698.41;5096956.72;0.1005
"4595530079167";416132.17;5089849.80;NA
"4595560129030";802535.77;5096723.30;0.1037
"4595700121171";741630.29;5094193.67;0.2
"4595860126497";782892.46;5096125.33;0.0999
"4596030085311";463748.38;5089941.71;0.1001
"4596690110919";662158.43;5092695.87;NA
"4597170088503";488485.01;5091112.34;0.0965
"4597300084230";455382.13;5091407.73;0.1012
"4597360079542";419064.91;5091844.23;0.1024
"4597360095389";541831.06;5091453.72;0.1031
"4597360134533";845065.43;5100962.20;0.5996095
"4597500101042";585622.41;5092060.82;0.0987
"4598040133923";840298.53;5101454.87;0.0980
"4598060102611";597767.17;5092863.44;0.1038
"4598540123076";756260.80;5097944.49;0.1000
"4598660122461";751492.25;5097881.69;0.1003
"4598670080458";426178.54;5093210.67;0.0979
"4598670081561";434721.40;5093114.25;0.1060
"4599070123003";755671.00;5098509.85;NA
"4599190132961";832778.56;5102325.44;0.1992188
"4599410087301";479181.26;5093625.66;0.1019
"4599660079823";421274.44;5094371.50;0.1007
"4599780125899";778062.35;5100269.73;0.1020
"4600280116553";705675.86;5097985.33;NA
"4600310113183";679582.16;5097203.44;0.7999878
"4600440116447";704849.24;5098135.77;0.199997
"4600500082669";443321.71;5095062.58;0.1013
"4600510113246";680063.46;5097439.87;NA
"4600560084903";460619.06;5094994.28;0.1010
"4600670093808";529565.53;5095060.70;0.1009
"4600690101394";588298.56;5095643.52;NA
"4600780099481";573486.37;5095549.39;0.0963
"4600920127003";786551.76;5101927.99;0.1011
"4601000113050";678530.19;5097940.16;NA
"4601290118129";717838.53;5099526.68;NA
"4601420096619";551322.34;5096036.48;NA
"4601420130392";812759.11;5103760.29;0.0993
"4601430128670";799429.15;5103108.63;0.0961
"4601620118946";724149.72;5100120.16;0.0978
"4602330103425";603992.38;5097710.74;0.1009
"4602500095789";544888.34;5097186.39;0.0984
"4602690107258";633649.38;5098682.58;NA
"4603330109469";650743.80;5099788.49;3.2000122
"4603720108700";644782.71;5100079.08;2.5996094
"4603860091408";510977.61;5098544.20;NA
"4603890096294";548784.72;5098760.45;0.1036
"4604140097972";561766.05;5099154.58;0.0985
"4604190113108";678876.28;5101497.43;NA
"4604220113092";678751.52;5101527.17;1
"4604250097561";558584.78;5099245.77;0.1017
"4604280086778";475152.99;5099051.68;0.0981
"4604280107500";635483.47;5100490.07;0.0962
"4604330133096";833514.30;5108092.40;0.6000061
"4604470134884";847338.22;5109013.98;0.1056
"4604750129817";808122.90;5107235.35;0.1022
"4604830114047";686120.02;5102423.84;1.0000001
"4605420114600";690377.92;5103210.19;0.199997
"4605690131394";820268.08;5108903.16;0.0967
"4605780132364";827765.30;5109398.71;0.1008
"4605830086958";476552.29;5100768.38;0.0985
"4606110084056";454107.21;5101206.24;0.1039
"4606170133581";837154.31;5110341.28;1.1992188
"4606390100389";580434.90;5101870.24;0.1036
"4606390124431";766377.48;5107111.06;0.1006
"4606440126031";778749.09;5107715.24;0.1016
"4606690094561";535357.19;5101780.05;NA
"4606860114550";689941.75;5104798.15;NA
"4607030111158";663704.73;5104233.08;1
"4607360114717";691215.97;5105393.69;0.199997
"4607640112764";676104.96;5105253.84;0.7999878
"4607780116206";702714.63;5106229.11;NA
"4607860102969";600362.81;5103796.48;0.0976
"4608060103778";606614.34;5104123.89;0.1049
"4608610081194";432001.13;5104189.15;NA
"4608810127906";793124.14;5111023.02;0.1035
"4609140091111";508671.26;5104407.12;0.0975
"4609360134208";841806.07;5114153.31;0.3999939
"4609500111014";662518.60;5106947.88;NA
"4609860085675";466652.44;5105292.03;0.1008
"4610140116600";705673.33;5108952.37;NA
"4610220107394";634518.98;5107071.85;0.3999939
"4610440130933";816430.39;5113995.57;0.0983
"4610560095694";544088.97;5106136.46;0.1035
"4610780125317";773012.81;5112289.13;0.0962
"4610830128825";800118.58;5113610.45;0.1033
"4611030083028";446203.81;5106737.35;0.0985
"4611370134905";847067.04;5116688.81;1
"4611530124917";769885.09;5112985.69;0.0965
"4611530132289";826844.93;5115755.93;0.1992188
"4611780131658";821955.00;5115775.79;0.0984
"4611810125058";770960.81;5113344.79;0.1017
"4611910124402";765887.58;5113234.17;0.0966
"4611920135850";854333.23;5117717.49;1.0000002
"4612080114997";693216.18;5110705.58;NA
"4612280133089";832980.76;5116921.71;0.1003
"4612360081764";436451.10;5108308.54;0.0966
"4612580128196";795164.42;5115318.91;0.3999939
"4612920101483";588791.46;5109241.96;0.5996094
"4612990123183";756419.26;5114033.24;0.199997
"4613220128932";800815.17;5116306.24;0.0990
"4613810084206";455329.77;5109753.11;0.0979
"4613810111186";663720.44;5111771.89;3.600586
"4614690130264";811020.78;5118452.86;0.0991
"4614990094114";531852.40;5110983.32;0.1048
"4615170132139";825471.15;5119738.25;0.40039068
"4615500097925";561276.58;5111772.97;0.1000
"4615580107578";635809.34;5113058.54;NA
"4615690130139";809999.31;5119514.94;0.0994
"4615780136408";858393.16;5122256.50;0.6000061
"4615930134868";846494.54;5121738.65;1
"4615940117528";712622.28;5115640.79;NA
"4616080117447";711991.53;5115774.68;3
"4616470122447";750575.85;5117664.64;0.2
"4616530132597";828926.31;5121438.13;1.3999939
"4616690131461";820147.83;5121151.03;0.1992188
"4616750098508";565763.40;5113208.41;0.1044
"4616810084561";458094.61;5113067.05;0.0961
"4616970112181";671307.54;5115492.69;NA
"4617000103414";603632.24;5114008.92;NA
"4617030107261";633326.64;5114615.93;NA
"4617170124147";763665.96;5118993.13;NA
"4617170126569";782360.67;5119826.49;0.1001
"4617330107264";633342.55;5114949.76;NA
"4617360127194";787174.93;5120261.92;0.0993
"4617420118300";718523.99;5117494.77;0.7999878
"4617500104708";613609.39;5114741.40;0.0987
"4617580103336";603019.30;5114643.22;0.0980
"4617610081903";437584.47;5114130.79;0.0968
"4618330093258";525226.84;5114663.75;0.1032
"4618360125525";774243.15;5120782.37;0.1036
"4618560124817";768769.72;5120762.26;0.0984
"4618860135281";849496.94;5125175.08;2
"4619070124079";763050.38;5121081.52;0.1021
"4619220132036";824437.28;5124195.55;0.40039068
"4619390111031";662359.02;5117939.90;3
"4619530126242";779716.83;5122332.64;0.1011
"4619610126592";782413.11;5122545.56;0.0999
"4619610131536";820556.78;5124425.43;0.5996094
"4619670133625";836669.74;5125358.13;1.2000006
"4619720116789";706774.92;5119645.39;0.0969
"4620500084317";456240.32;5117180.24;NA
"4620560118711";721570.06;5121097.45;NA
"4620970132278";826200.71;5126239.11;0.3984376
"4621250135244";849059.79;5127813.99;2.199219
"4621310098677";567012.68;5118289.18;NA
"4621500082058";438824.10;5118440.93;0.1034
"4621780127729";791070.54;5125367.67;0.0974
"4621970118739";721729.28;5122671.86;4.0000005
"4622220083322";448580.35;5119151.13;0.0971
"4622420127958";792802.56;5126163.06;0.1007
"4622690098581";566255.61;5119814.47;NA
"4622690099008";569548.44;5119850.97;NA
"4622750098597";566378.27;5119882.47;NA
"4622860131614";820968.89;5128067.73;0.2011719
"4622970129181";802203.15;5127233.22;0.0999
"4623000130642";813466.32;5127834.12;NA
"4623390133806";837837.56;5129568.03;1.199997
"4623580126758";783489.26;5127015.57;0.0976
"4623610094267";532982.44;5120567.35;0.1031
"4623640111853";668571.46;5122833.39;1.6000001
"4623780110547";658498.14;5122719.75;0.1992188
"4623810096325";548848.42;5120895.50;0.1056
"4624040094076";531507.32;5121037.39;NA
"4624060127503";789207.69;5127818.06;0.0982
"4624110117783";714273.10;5124786.76;2.8007812
"4624140129931";807920.42;5128821.85;0.0974
"4624220115031";693053.41;5124202.23;2.600586
"4624250125728";775514.73;5127396.70;0.0963
"4624360095964";546060.52;5121485.06;0.1012
"4624470081886";437531.18;5121754.37;0.0993
"4624640124714";767679.05;5127482.50;0.0994
"4624750103192";601775.37;5122591.28;0.1000
"4624970103092";601000.47;5122822.95;NA
"4625610125639";774760.67;5128876.81;0.1992188
"4625830098342";564375.85;5123283.73;NA
"4625830127006";785284.46;5129604.39;0.1032
"4625920128311";795336.54;5130182.63;0.1027
"4626030113389";680335.66;5125826.74;1.5996094
"4626100098499";565582.66;5123596.58;NA
"4626170105969";623148.81;5124562.69;NA
"4626360125006";769845.40;5129492.53;0.0984
"4626550098527";565793.07;5124098.91;NA
"4626690133294";833689.72;5133017.19;0.80078137
"4627060125401";772854.43;5130405.55;0.1034
"4627360131347";818649.11;5132959.42;0.0968
"4627500081417";433952.08;5125159.13;0.1017
"4627500108269";640839.83;5126423.22;1.0000001
"4627750124437";765393.63;5130844.66;0.3984376
"4627780123706";759760.67;5130635.68;0.2011719
"4627800120332";733766.81;5129607.00;0.2
"4628140120415";734391.73;5130009.28;NA
"4628170128042";793143.43;5132582.49;0.0960
"4628420114522";688985.07;5128746.15;NA
"4628440114800";691125.87;5128835.04;2.2000046
"4628500114799";691116.08;5128901.46;NA
"4628860099175";570756.94;5126721.35;NA
"4629000133508";835197.47;5135673.99;0.8007814
"4629190127161";786303.74;5133393.38;0.0988
"4629250098822";568033.00;5127123.82;0.1025
"4629440098656";566752.10;5127320.83;NA
"4629610105069";616140.22;5128249.16;0.1032
"4629720126017";777466.13;5133574.93;0.0964
"4629830129433";803766.57;5134951.18;0.1049
"4629850132691";828854.18;5136275.54;0.0994
"4629920099389";572391.41;5127918.45;NA
"4629970098361";564473.77;5127885.34;NA
"4630360083664";451290.20;5128174.07;0.1015
"4630580134000";838889.07;5137638.93;0.0988
"4630890130558";812369.51;5136566.77;0.1003
"4631120107614";635703.85;5130331.20;NA
"4631170107617";635725.71;5130387.27;0.0989
"4631560082594";443062.79;5129578.87;0.1003
"4631610112631";674316.93;5131857.06;NA
"4632060110139";655118.72;5131838.97;0.1014
"4632060123936";761328.69;5135466.64;1.0000001
"4632080097628";558806.11;5130172.88;NA
"4633690133958";838373.60;5141076.12;0.1036
"4634530125906";776368.78;5138880.20;0.1992188
"4634670121846";745123.43;5137697.82;2.4
"4634690113047";677420.00;5135371.62;0.1042
"4634720084306";456268.94;5132981.10;0.1030
"4634810127983";792334.76;5139937.89;0.1008
"4634920109136";647320.58;5134825.29;0.1038
"4634920124858";768286.06;5138952.76;0.2001953
"4635010103544";604293.94;5134037.14;NA
"4635220126778";783042.52;5139955.14;0.1052
"4635240119665";728318.48;5137678.75;1.2000009
"4635280129306";802487.65;5140957.57;0.1022
"4635420131936";822712.04;5142152.84;0.1041
"4635540118695";720843.68;5137736.81;1.4
"4635970093203";524723.19;5134262.36;0.1004
"4636720132992";830756.98;5144033.62;0.1054
"4637440134703";843870.73;5145563.84;0.0974
"4637890124892";768402.02;5142264.12;0.1044
"4638330103311";602439.14;5137695.70;NA
"4639280127147";785669.34;5144598.66;0.1027
"4639320132177";824334.69;5146584.42;0.1042
"4639330116667";705100.00;5141401.98;1.3999939
"4639420123566";758133.41;5143522.54;0.2
"4639580116700";705344.32;5141688.31;NA
"4640010131865";821895.63;5147223.42;0.0968
"4640160130007";807605.99;5146649.88;NA
"4640280133753";836390.63;5148310.05;0.1000
"4640460125875";775831.24;5145457.88;0.1050
"4640540133102";831371.39;5148323.73;0.1025
"4640560113108";677698.84;5141907.51;0.1001
"4641130129078";800412.20;5147370.13;0.0978
"4641470104978";615190.01;5141413.85;NA
"4641540123323";756166.03;5145798.95;0.8
"4641810111975";668951.74;5143048.14;NA
"4641890105639";620260.64;5141978.87;NA
"4642080105639";620256.46;5142189.99;NA
"4642190130217";809105.22;5148987.23;0.0990
"4642870119048";723260.11;5145980.18;0.2
"4643390117331";710048.74;5146087.34;4.9999995
"4643720122426";749173.59;5147934.28;0.4
"4643720133803";836562.84;5152153.19;0.0973
"4643750083661";451386.25;5143052.50;0.0982
"4643890135778";851721.65;5153203.15;0.0979
"4644040119900";729756.63;5147524.33;0.1006
"4644220122456";749381.20;5148499.28;1.8002928
"4644330122063";746357.70;5148498.21;0.2
"4644740122504";749726.10;5149092.21;3.0009763
"4645190126267";778602.78;5150850.70;0.2001953
"4645440125594";773422.12;5150893.25;0.1037
"4645610132486";826333.93;5153699.97;0.1007
"4645650130358";809992.02;5152886.65;0.1049
"4645830134528";841999.21;5154809.06;0.0966
"4645940102425";595493.33;5146040.73;NA
"4646090124104";761949.30;5151110.39;0.4
"4646110103433";603230.41;5146356.26;0.1049
"4646330103992";607516.90;5146675.23;NA
"4646420117153";708565.60;5149406.83;NA
"4646640136619";858000.43;5156636.58;0.1003
"4646720126819";782762.42;5152746.83;0.1042
"4646890135739";851228.84;5156518.73;0.40039068
"4647190093481";526806.96;5146738.57;0.1031
"4647470117444";710759.30;5150650.72;0.5996094
"4647780101889";591346.69;5148021.95;0.0973
"4647990103551";604100.66;5148460.70;NA
"4648030113025";676819.04;5150188.96;NA
"4648140131411";817932.13;5156072.01;0.0989
"4648390127228";785814.79;5154749.59;0.1009
"4648420112995";676576.15;5150615.59;NA
"4648580131892";821597.75;5156755.81;0.0965
"4649360102072";592724.62;5149798.88;0.1051
"4649360106142";623956.39;5150356.79;0.2
"4649500133142";831134.51;5158295.13;0.0989
"4649610136869";859723.43;5160049.95;0.1009
"4649670135969";852814.31;5159709.93;0.1045
"4650000118761";720766.61;5153821.64;0.1004
"4650030118078";715524.93;5153666.26;0.7998047
"4650140129317";801750.16;5157471.70;0.0993
"4650580128639";796524.51;5157703.46;0.1012
"4650580134403";840742.29;5160032.20;0.0985
"4650860107267";632553.17;5152206.13;0.1001
"4650950128032";791848.07;5157888.18;0.1053
"4650970127731";789538.02;5157799.48;0.0976
"4651330115061";692330.30;5154331.47;0.0966
"4651360103228";601558.60;5152163.29;NA
"4651690103200";601337.68;5152526.37;NA
"4651780105956";622474.69;5153016.78;0.1
"4651940129172";800538.36;5159416.21;0.0993
"4651940131331";817096.84;5160261.69;0.0994
"4651990128112";792405.90;5159073.30;0.0996
"4652020120280";732335.34;5156502.03;3
"4652740121751";743585.43;5157745.61;0.6
"4652810130122";807775.22;5160749.23;0.1006
"4652980133054";830248.11;5162124.54;0.1015
"4653470121344";740432.01;5158431.87;NA
"4653670121274";739886.45;5158632.78;0.1015
"4653810135169";846412.71;5163954.61;0.1052
"4653940109953";653073.17;5156114.20;NA
"4654170109903";652683.35;5156360.08;0.0992
"4654310134750";843168.84;5164326.77;0.0961
"4654560117683";712317.59;5158592.53;0.8
"4655630124259";762679.04;5161761.55;2.6000001
"4655720125525";772377.86;5162291.12;2.6000001
"4655750129833";805393.97;5163903.29;0.1992188
"4655840130082";807297.26;5164100.07;0.1042
"4655970132753";827759.80;5165320.81;0.0998
"4656440119061";722804.80;5161061.48;0.2
"4656780121866";744285.92;5162269.99;NA
"4656780131686";819534.99;5165782.43;0.1051
"4657030127464";787169.84;5164434.83;0.3984376
"4657070127081";784233.03;5164340.43;0.6
"4657080130147";807725.20;5165503.12;0.0985
"4657500127747";789313.29;5165060.54;0.5999985
"4657640118942";721843.87;5162361.26;NA
"4657640122501";749112.54;5163424.23;0.2
"4658440128431";794502.98;5166358.33;0.0980
"4658720130294";808758.33;5167382.74;0.1021
"4659420128997";798784.85;5167660.29;0.6015626
"4661390105942";622151.49;5163692.89;NA
"4661610106944";629818.58;5164097.42;NA
"4661730106942";629800.40;5164230.43;NA
"4662200108675";643056.78;5165052.51;NA
"4662500106494";626352.36;5165013.27;0.0998
"4662530116625";703907.43;5167168.94;NA
"4663670113650";681095.21;5167708.89;NA
"4663750104614";611934.29;5166118.17;0.1009
"4664780109908";652423.96;5168150.42;0.0970
"4665220124240";762070.17;5172410.53;0.1003
"4665870111454";664221.18;5169672.22;NA
"4666250123700";757889.60;5173376.61;1.8000002
"4667640112553";672572.82;5171873.93;NA
"4667920118978";721699.41;5173793.71;0.1000
"4670580105211";616356.96;5173794.05;0.1000
"4670700116570";703179.96;5176232.72;NA
"4671920116678";703959.49;5177616.26;NA
"4672670122275";746696.15;5180052.95;NA
"4677580105286";616779.10;5181583.54;0.1052
"4677620118795";719905.19;5184520.34;NA
"4678220112294";670258.73;5183573.67;0.0985
"4679610110881";659432.08;5184821.92;0.1043
"4680330119311";723731.81;5187677.21;0.0985
"4681330112483";671602.48;5187070.54;NA
"4688390114312";685312.30;5195331.14;NA
"4688390114383";685853.22;5195347.93;0.1037
"4690030119475";724578.21;5198502.19;NA
"4690220114306";685203.57;5197363.20;NA
"4691610119503";724725.38;5200265.84;NA
"4694280120819";734628.46;5203618.20;0.0969
"8228534636830";435135.53;4532225.42;NA
"8285087392989";439585.36;4494016.19;NA
"8361770661600";446129.41;4501582.43;0.1027
"8376440768400";447453.67;4513428.96;0.1030
"8377470650100";447447.52;4500296.35;0.2
"8381150609900";447727.27;4495831.78;0.0985
"8437439218081";451584.89;4352418.92;NA
"8459720546800";454331.07;4488783.72;0.2
"8470020693700";455301.45;4505084.89;0.1033
"8473815901755";455494.78;4483776.39;NA
"8496869443100";456785.33;4366263.34;0.0963
"8498490281900";457447.09;4459360.45;0.2
"8499350436401";456994.69;4365518.67;NA
"8501172197285";457684.69;4461066.84;NA
"8524490256900";459642.44;4456573.34;0.4
"8538995509427";460334.57;4351408.94;NA
"8564560186900";463011.86;4448786.11;0.8
"8568332789626";463334.48;4449087.07;NA
"8583630475200";464785.77;4480779.06;0.2
"8609021474079";466644.36;4414047.76;NA
"8610090078900";466835.13;4436780.72;4.6
"8613122680231";467094.34;4436927.31;NA
"8615710227800";467385.80;4453305.73;2.4
"8627716733326";468224.30;4409517.83;NA
"8640289331100";469077.14;4353774.55;0.2
"8643880061200";469708.29;4434804.06;3.4
"8646079271100";469550.12;4347113.88;0.1018
"8652920741801";470514.23;4443747.17;NA
"8654460146000";470647.17;4444212.76;5.2
"8662219592221";471034.19;4371648.56;NA
"8677879165400";472251.53;4335373.40;0.0969
"8722469591500";476249.04;4382649.08;0.1009
"8724000462700";476680.04;4479344.88;0.0974
"8741319156300";477729.28;4334345.98;0.1024
"8743959461400";478053.25;4368204.79;0.1002
"8744970661000";478521.64;4501351.27;2.2
"8763798964700";479616.35;4313078.17;0.1006
"8765910088000";480123.37;4437744.17;3.2
"8769990378300";480554.76;4469965.36;0.1025
"8778760561400";481350.17;4490287.63;1.4
"8783459449400";481448.14;4366864.11;0.0983
"8809690218300";483886.64;4452197.82;3.2
"8818040452900";484650.67;4478236.40;0.4
"8821651964501";484803.70;4401827.99;NA
"8823200108300";485011.88;4439986.05;1.6
"8838819296500";486181.15;4349885.40;0.1044
"8851519868500";487381.13;4413365.97;2.2
"8853309134516";487383.61;4320809.50;NA
"8865172456918";488563.56;4423177.58;NA
"8893320284600";491011.41;4459544.95;1
"8895679725600";491139.38;4397500.54;0.1015
"8896786232000";491273.47;4431507.41;NA
"8897704950706";491303.47;4389188.22;NA
"8904054301340";491783.45;4328219.37;NA
"8905709786900";492006.12;4404303.06;0.2
"8919868993200";493140.36;4316217.38;0.1009
"8920640380100";493343.26;4470142.78;0.0964
"8961979612400";496816.04;4384932.53;0.0977
"8966930318600";497270.05;4463313.91;0.8
"8971047398262";497583.24;4350068.96;NA
"8971098274184";497583.24;4336299.21;NA
"8976149043900";498015.73;4321840.90;0.1047
"8986179546600";498892.27;4377629.24;0.1013
"9002926409918";500333.14;4318069.55;NA
"9003709793600";500397.37;4405042.43;2.2
"9003939783851";500413.14;4492756.21;NA
"9009740228100";500908.39;4453268.25;1.4
"9013751742073";501263.11;4366028.67;NA
"9061569806500";505350.18;4406475.97;3.8
"9064029923200";505551.48;4419428.49;0.2
"9073314244720";506342.92;4421817.61;NA
"9084070005600";507255.41;4428575.53;2
"9091820069600";507909.58;4435679.67;2.8
"9104518202790";508882.83;4528165.50;NA
"9106570027000";509173.02;4430952.81;4.6
"9110561087119";509532.81;4415427.72;NA
"9112129762000";509684.34;4401541.24;2
"9113660727600";509678.08;4508719.11;0.0987
"9122899862700";510591.52;4412718.91;0.0990
"9131064360048";511322.75;4390228.21;NA
"9141470853700";512004.00;4522720.44;4.6
"9143280063400";512298.87;4434997.31;2
"9144170932500";512217.17;4531468.28;4
"9144349809700";512435.65;4406839.28;0.2
"9166470020700";514285.41;4430261.39;3
"9175591426057";515062.61;4430857.43;NA
"9183429943400";515750.33;4421684.63;4.4
"9183700921600";515547.67;4530264.51;0.2
"9186659809019";516172.58;4351278.94;NA
"9189379625300";516333.30;4386380.66;4.4
"9228650011200";519594.23;4429218.73;3.6
"9230161914069";519722.44;4429537.45;NA
"9231349721400";519907.90;4397054.76;0.2
"9250429818700";521512.99;4407858.19;1.8
"9256169787900";522014.04;4404441.16;4.6
"9258060570700";521923.42;4491328.41;0.4
"9258140073100";522091.19;4436096.02;NA
"9262781115800";522141.47;4551839.84;0.1053
"9281076810271";524312.28;4351438.93;NA
"9282430347800";524065.37;4466592.78;3
"9300815891625";525382.22;4538065.30;NA
"9321116819717";527362.16;4463486.79;NA
"9326050704638";527582.14;4517315.72;NA
"9326569036708";528022.15;4409877.83;NA
"9329791049954";527962.14;4500146.06;NA
"9340510494200";528935.26;4482860.48;0.2
"9341231056500";528753.51;4545279.63;0.1027
"9350499464200";530231.12;4368542.85;1.2
"9356169344700";530771.21;4355282.63;0.2
"9360597149098";531062.04;4377968.44;NA
"9367049818800";531493.99;4407903.73;2.8
"9367590757800";531107.85;4512130.24;0.8
"9367630718600";531129.45;4507778.83;3
"9372030709000";531505.58;4506714.74;5.6
"9378931178800";531861.93;4558868.65;0.0983
"9395058904354";534141.94;4350818.95;NA
"9395900122000";533813.78;4441566.77;0.6
"9398859808100";534221.77;4406727.81;2
"9403586216297";534521.91;4429837.45;NA
"9403920909600";534096.78;4528994.68;0.6
"9441158681359";537911.79;4392678.16;NA
"9443510379600";537727.57;4470178.64;1.8
"9462469688100";539735.49;4393435.56;2.6
"9474401045800";539950.34;4544144.11;0.0978
"9487679069763";541421.64;4480206.46;NA
"9488869207100";542288.62;4340065.48;0.1010
"9491900311000";541877.54;4462585.86;0.8
"9494981102603";542391.63;4417257.70;NA
"9497149140530";542491.61;4432567.40;NA
"9497329335751";543001.62;4343249.09;NA
"9502979445800";543359.51;4366562.88;0.1008
"9506719962200";543357.54;4423878.05;2.2
"9508223158414";543361.58;4445657.14;NA
"9512021102972";543911.58;4406207.91;NA
"9521825565724";544121.54;4513075.80;NA
"9525540103300";544872.52;4439548.41;0.4
"9535910257100";545653.36;4456624.80;2
"9563370023500";548571.42;4364118.70;NA
"9599880376900";551003.30;4469957.24;2.8
"9698484309749";559080.99;4506965.92;NA
