/home/danielacabiddu/Devel/src/MATRAC/test/tuttomatrac/apps/build-mokupUI-Desktop_Qt_6_2_0_GCC_64bit-Release/MATRAC_Session_2022-07-22.13-05-42/porto_grid.mesh
51460 1658493658 0 7 $GNGGA,124058.000,4424.51577,N,00855.14667,E,1,13,0.8,-1.9,M,44.7,M,,*6D
51461 1658493659 0 7 $GNGGA,124100.000,4424.51616,N,00855.14817,E,1,13,0.8,-1.3,M,44.7,M,,*66
51464 1658493660 0 5 0.05
51465 1658493660 0 6 0.11
51467 1658493660 0 0 26.58 8.23 106.8 67.49 140.2 8.76 14.5 0.0 268.2 3.09 45.92 1.0
51469 1658493662 0 7 $GNGGA,124103.000,4424.51708,N,00855.14988,E,1,13,0.8,-1.5,M,44.7,M,,*6A
51470 1658493662 0 3 2.737 0.005
51475 1658493663 0 8 4.997 12.088 11.91
51476 1658493663 0 0 26.59 8.23 106.7 67.45 140.2 8.76 14.5 0.0 267.7 3.10 45.89 1.1
51477 1658493664 0 7 $GNGGA,124104.000,4424.51747,N,00855.15020,E,1,13,0.8,-1.3,M,44.7,M,,*6A
51478 1658493665 0 7 $GNGGA,124106.000,4424.51830,N,00855.15082,E,1,13,0.8,-0.5,M,44.7,M,,*68
51479 1658493666 0 3 2.736 0.005
51485 1658493667 0 7 $GNGGA,124107.000,4424.51852,N,00855.15108,E,1,12,1.0,-0.4,M,44.7,M,,*67
51486 1658493668 0 7 $GNGGA,124109.000,4424.51871,N,00855.15111,E,1,12,1.0,-0.9,M,44.7,M,,*6D
51487 1658493668 0 3 2.736 0.005
51490 1658493669 0 5 0.05
51491 1658493669 0 6 0.11
51492 1658493669 0 8 4.997 12.079 11.89
51495 1658493671 0 7 $GNGGA,124112.000,4424.51956,N,00855.15217,E,1,12,1.0,-2.7,M,44.7,M,,*6A
51496 1658493671 0 3 2.736 0.005
51502 1658493673 0 7 $GNGGA,124113.000,4424.51992,N,00855.15254,E,1,12,1.0,-3.3,M,44.7,M,,*61
51503 1658493674 0 7 $GNGGA,124115.000,4424.52045,N,00855.15328,E,1,12,1.0,-4.6,M,44.7,M,,*6F
51504 1658493674 0 3 2.736 0.005
51505 1658493675 0 4 2.565 1.568
51511 1658493677 0 7 $GNGGA,124118.000,4424.52183,N,00855.15453,E,1,12,1.0,-5.1,M,44.7,M,,*64
51515 1658493678 0 5 0.05
51516 1658493678 0 6 0.11
51517 1658493678 0 8 4.997 12.060 11.89
51518 1658493678 0 0 26.63 8.23 106.7 67.48 140.4 8.77 14.5 0.0 265.2 3.13 45.91 1.1
51519 1658493679 0 7 $GNGGA,124119.000,4424.52211,N,00855.15510,E,1,12,1.0,-6.0,M,44.7,M,,*69
51520 1658493680 0 7 $GNGGA,124121.000,4424.52286,N,00855.15570,E,1,12,1.0,-6.6,M,44.7,M,,*6C
51521 1658493680 0 3 2.737 0.005
51528 1658493683 0 7 $GNGGA,124124.000,4424.52410,N,00855.15670,E,1,12,1.0,-6.6,M,44.7,M,,*63
51529 1658493683 0 1 4.541
51530 1658493684 0 3 2.737 0.005
51531 1658493684 0 4 2.565 1.573
51538 1658493686 0 1 3.786
51542 1658493687 0 6 0.11
51543 1658493687 0 8 4.997 12.248 11.91
51544 1658493687 0 0 26.57 8.23 106.7 67.46 140.4 8.77 14.5 0.0 267.3 3.14 45.90 1.0
51546 1658493689 0 7 $GNGGA,124130.000,4424.52475,N,00855.15763,E,1,12,1.0,-7.1,M,44.7,M,,*60
51547 1658493689 0 3 2.736 0.005
51553 1658493691 0 7 $GNGGA,124131.000,4424.52479,N,00855.15761,E,1,13,0.8,-7.1,M,44.7,M,,*67
51554 1658493692 0 7 $GNGGA,124133.000,4424.52525,N,00855.15847,E,1,13,0.8,-8.5,M,44.7,M,,*6D
51562 1658493695 0 7 $GNGGA,124136.000,4424.52564,N,00855.15974,E,1,13,0.8,-10.5,M,44.7,M,,*55
51563 1658493695 0 3 2.736 0.005
51564 1658493695 0 1 4.243
51568 1658493696 0 8 4.997 12.276 11.91
51569 1658493696 0 0 26.51 8.22 106.9 67.48 140.3 8.78 14.5 0.0 267.0 3.17 45.92 1.0
51571 1658493698 0 7 $GNGGA,124139.000,4424.52690,N,00855.16071,E,1,13,0.8,-10.5,M,44.7,M,,*5D
51572 1658493698 0 1 4.191
51579 1658493700 0 7 $GNGGA,124140.000,4424.52717,N,00855.16105,E,1,13,0.8,-10.9,M,44.7,M,,*53
51580 1658493701 0 7 $GNGGA,124142.000,4424.52761,N,00855.16160,E,1,13,0.8,-11.8,M,44.7,M,,*53
51581 1658493701 0 3 2.736 0.005
51582 1658493702 0 4 2.566 1.578
51588 1658493704 0 7 $GNGGA,124145.000,4424.52856,N,00855.16250,E,1,13,0.8,-13.2,M,44.7,M,,*57
51592 1658493705 0 6 0.11
51593 1658493705 0 8 4.997 12.266 11.91
51594 1658493705 0 0 26.53 8.22 106.9 67.55 140.4 8.77 14.5 0.0 264.7 3.18 45.98 1.0
51596 1658493707 0 7 $GNGGA,124148.000,4424.52944,N,00855.16295,E,1,13,0.8,-13.2,M,44.7,M,,*51
51597 1658493707 0 1 4.234
51600 1658493708 0 5 0.05
51601 1658493708 0 6 0.11
51602 1658493708 0 8 4.997 12.276 11.91
51603 1658493708 0 0 26.55 8.22 106.8 67.54 140.3 8.77 14.4 0.0 264.6 3.19 45.96 1.0
51604 1658493709 0 7 $GNGGA,124149.000,4424.52950,N,00855.16294,E,1,13,0.8,-13.1,M,44.7,M,,*57
51605 1658493710 0 7 $GNGGA,124151.000,4424.52956,N,00855.16291,E,1,13,0.8,-13.0,M,44.7,M,,*5C
51607 1658493711 0 4 2.565 1.571
51608 1658493711 0 5 0.05
51613 1658493713 0 7 $GNGGA,124154.000,4424.53105,N,00855.16308,E,1,13,0.8,-13.4,M,44.7,M,,*53
51614 1658493713 0 1 3.718
51618 1658493714 0 6 0.11
51619 1658493714 0 8 4.997 12.266 11.91
51620 1658493714 0 0 26.56 8.22 106.8 67.43 140.2 8.76 14.4 0.0 264.5 3.20 45.87 1.0
51621 1658493715 0 7 $GNGGA,124155.000,4424.53138,N,00855.16335,E,1,13,0.8,-13.3,M,44.7,M,,*55
51622 1658493716 0 7 $GNGGA,124157.000,4424.53188,N,00855.16399,E,1,13,0.8,-13.4,M,44.7,M,,*5D
51623 1658493716 0 3 2.737 0.005
51624 1658493717 0 1 3.577
51630 1658493718 0 7 $GNGGA,124158.000,4424.53203,N,00855.16421,E,1,13,0.8,-13.7,M,44.7,M,,*55
51634 1658493720 0 5 0.05
51635 1658493720 0 6 0.11
51637 1658493720 0 0 26.59 8.23 106.8 67.53 140.2 8.76 14.4 0.0 264.0 3.22 45.95 1.0
51638 1658493721 0 7 $GNGGA,124201.000,4424.53286,N,00855.16475,E,1,13,0.8,-14.1,M,44.7,M,,*57
51639 1658493722 0 7 $GNGGA,124203.000,4424.53342,N,00855.16495,E,1,13,0.8,-13.8,M,44.7,M,,*5C
51640 1658493722 0 3 2.737 0.005
51641 1658493722 0 1 3.013
51646 1658493723 0 0 26.63 8.23 106.7 67.55 140.2 8.75 14.4 0.0 262.8 3.22 45.97 1.1
51647 1658493724 0 7 $GNGGA,124204.000,4424.53376,N,00855.16515,E,1,13,0.8,-13.8,M,44.7,M,,*55
51648 1658493725 0 7 $GNGGA,124206.000,4424.53405,N,00855.16583,E,1,13,0.8,-14.3,M,44.7,M,,*57
51655 1658493727 0 7 $GNGGA,124207.000,4424.53430,N,00855.16605,E,1,13,0.8,-14.2,M,44.7,M,,*5C
51656 1658493728 0 7 $GNGGA,124209.000,4424.53486,N,00855.16669,E,1,13,0.8,-14.1,M,44.7,M,,*56
51657 1658493728 0 3 2.737 0.005
51659 1658493729 0 4 2.566 1.571
51660 1658493729 0 5 0.06
51661 1658493729 0 6 0.11
51664 1658493730 0 7 $GNGGA,124210.000,4424.53511,N,00855.16695,E,1,13,0.8,-14.1,M,44.7,M,,*52
51665 1658493731 0 7 $GNGGA,124212.000,4424.53560,N,00855.16692,E,1,13,0.8,-14.2,M,44.7,M,,*52
51666 1658493731 0 1 3.357
51672 1658493733 0 0 26.63 8.23 106.8 67.46 140.2 8.75 14.4 0.0 264.0 3.24 45.90 1.1
51673 1658493733 0 7 $GNGGA,124213.000,4424.53580,N,00855.16680,E,1,13,0.8,-14.3,M,44.7,M,,*5F
51674 1658493734 0 7 $GNGGA,124215.000,4424.53635,N,00855.16736,E,1,13,0.8,-14.3,M,44.7,M,,*58
51675 1658493734 0 1 2.882
51676 1658493735 0 3 2.737 0.005
51683 1658493737 0 7 $GNGGA,124218.000,4424.53658,N,00855.16734,E,1,13,0.8,-14.3,M,44.7,M,,*5C
51684 1658493737 0 1 3.456
51687 1658493738 0 5 0.05
51688 1658493738 0 6 0.11
51689 1658493738 0 8 4.997 12.276 11.91
51690 1658493738 0 0 26.64 8.23 106.8 67.53 140.1 8.74 14.4 0.0 263.2 3.25 45.96 1.1
51692 1658493740 0 7 $GNGGA,124221.000,4424.53709,N,00855.16794,E,1,13,0.8,-14.0,M,44.7,M,,*5A
51693 1658493740 0 1 3.090
51694 1658493741 0 3 2.737 0.005
51700 1658493742 0 7 $GNGGA,124222.000,4424.53722,N,00855.16841,E,1,13,0.8,-14.1,M,44.7,M,,*56
51701 1658493743 0 7 $GNGGA,124224.000,4424.53761,N,00855.16909,E,1,13,0.8,-14.2,M,44.7,M,,*59
51702 1658493743 0 3 2.737 0.005
51703 1658493744 0 1 3.177
51711 1658493746 0 1 3.211
51712 1658493747 0 3 2.738 0.005
51713 1658493747 0 4 2.568 1.566
51714 1658493747 0 5 0.06
51715 1658493747 0 6 0.10
51719 1658493749 0 7 $GNGGA,124230.000,4424.53921,N,00855.17138,E,1,13,0.8,-14.5,M,44.7,M,,*5A
51720 1658493749 0 3 2.738 0.005
51727 1658493751 0 7 $GNGGA,124231.000,4424.53932,N,00855.17179,E,1,13,0.8,-15.0,M,44.7,M,,*58
51728 1658493752 0 7 $GNGGA,124233.000,4424.53959,N,00855.17268,E,1,13,0.8,-14.6,M,44.7,M,,*53
51729 1658493753 0 3 2.738 0.005
51736 1658493755 0 7 $GNGGA,124236.000,4424.53995,N,00855.17285,E,1,13,0.8,-14.5,M,44.7,M,,*56
51737 1658493755 0 1 3.369
51741 1658493756 0 6 0.10
51742 1658493756 0 8 4.997 12.266 11.89
51743 1658493756 0 0 26.62 8.23 106.8 67.54 140.1 8.74 14.5 0.0 265.4 3.31 45.96 1.1
51745 1658493758 0 7 $GNGGA,124239.000,4424.54035,N,00855.17304,E,1,13,0.8,-14.4,M,44.7,M,,*54
51746 1658493758 0 1 3.198
51753 1658493760 0 7 $GNGGA,124240.000,4424.54041,N,00855.17304,E,1,13,0.8,-14.3,M,44.7,M,,*5E
51754 1658493761 0 7 $GNGGA,124242.000,4424.54060,N,00855.17303,E,1,13,0.8,-14.3,M,44.7,M,,*58
51755 1658493761 0 1 3.430
51757 1658493762 0 4 2.566 1.558
51758 1658493762 0 5 0.06
51764 1658493764 0 7 $GNGGA,124245.000,4424.54094,N,00855.17296,E,1,13,0.8,-14.1,M,44.7,M,,*5B
51765 1658493764 0 1 3.931
51769 1658493765 0 6 0.10
51770 1658493765 0 8 4.997 12.266 11.89
51771 1658493766 0 0 26.62 8.23 106.9 67.57 140.0 8.73 14.5 0.0 265.1 3.30 45.99 1.1
51772 1658493766 0 7 $GNGGA,124246.000,4424.54104,N,00855.17294,E,1,13,0.8,-14.1,M,44.7,M,,*52
51773 1658493767 0 7 $GNGGA,124248.000,4424.54124,N,00855.17289,E,1,13,0.8,-14.0,M,44.7,M,,*53
51774 1658493767 0 1 3.041
51775 1658493768 0 3 2.738 0.005
51777 1658493768 0 5 0.06
51778 1658493768 0 6 0.10
51779 1658493768 0 8 4.997 12.276 11.91
51781 1658493769 0 7 $GNGGA,124249.000,4424.54130,N,00855.17286,E,1,13,0.8,-13.9,M,44.7,M,,*56
51782 1658493770 0 7 $GNGGA,124251.000,4424.54145,N,00855.17270,E,1,13,0.8,-13.8,M,44.7,M,,*55
51783 1658493770 0 3 2.736 0.005
51785 1658493771 0 4 2.568 1.558
51786 1658493771 0 5 0.06
51787 1658493771 0 6 0.11
51788 1658493771 0 8 4.997 12.276 11.91
51791 1658493773 0 7 $GNGGA,124254.000,4424.54189,N,00855.17269,E,1,13,0.8,-13.5,M,44.7,M,,*55
51792 1658493773 0 1 2.893
51799 1658493775 0 7 $GNGGA,124255.000,4424.54214,N,00855.17275,E,1,13,0.8,-13.2,M,44.7,M,,*59
51800 1658493776 0 7 $GNGGA,124257.000,4424.54270,N,00855.17276,E,1,13,0.8,-13.5,M,44.7,M,,*5D
51801 1658493776 0 3 2.736 0.005
51802 1658493777 0 1 2.955
51809 1658493779 0 7 $GNGGA,124300.000,4424.54290,N,00855.17276,E,1,13,0.8,-12.9,M,44.7,M,,*5D
51814 1658493780 0 6 0.11
51815 1658493780 0 8 4.997 12.088 11.89
51820 1658493782 0 3 2.736 0.005
51821 1658493783 0 1 2.884
51827 1658493784 0 7 $GNGGA,124304.000,4424.54317,N,00855.17271,E,1,13,0.8,-12.5,M,44.7,M,,*5C
51828 1658493785 0 7 $GNGGA,124306.000,4424.54322,N,00855.17270,E,1,13,0.8,-12.4,M,44.7,M,,*58
51830 1658493786 0 3 2.736 0.005
51832 1658493786 0 5 0.06
51837 1658493788 0 7 $GNGGA,124309.000,4424.54329,N,00855.17268,E,1,13,0.8,-12.5,M,44.7,M,,*54
51842 1658493789 0 6 0.11
51843 1658493789 0 8 4.997 12.060 11.89
51844 1658493789 0 0 26.73 8.23 107.2 67.58 140.1 8.73 14.4 0.0 263.8 3.30 45.99 1.1
51846 1658493791 0 7 $GNGGA,124312.000,4424.54357,N,00855.17231,E,1,13,0.8,-13.7,M,44.7,M,,*58
51855 1658493794 0 1 2.883
51856 1658493794 0 3 2.736 0.005
51858 1658493795 0 5 0.06
51863 1658493797 0 7 $GNGGA,124318.000,4424.54388,N,00855.17200,E,1,13,0.8,-14.4,M,44.7,M,,*56
51864 1658493797 0 3 2.736 0.005
51867 1658493798 0 5 0.06
51868 1658493798 0 6 0.11
51869 1658493798 0 8 4.997 12.069 11.89
51872 1658493800 0 7 $GNGGA,124321.000,4424.54390,N,00855.17190,E,1,13,0.8,-14.1,M,44.7,M,,*5A
51873 1658493800 0 1 2.811
51880 1658493802 0 7 $GNGGA,124322.000,4424.54391,N,00855.17189,E,1,13,0.8,-14.1,M,44.7,M,,*50
51881 1658493803 0 7 $GNGGA,124324.000,4424.54392,N,00855.17191,E,1,13,0.8,-14.0,M,44.7,M,,*5D
51884 1658493804 0 4 2.566 1.561
51885 1658493804 0 5 0.06
51890 1658493806 0 7 $GNGGA,124327.000,4424.54399,N,00855.17186,E,1,13,0.8,-13.7,M,44.7,M,,*53
51891 1658493806 0 1 3.066
51897 1658493807 0 0 26.75 8.23 107.5 67.55 140.3 8.74 14.5 0.0 264.1 3.30 45.97 1.1
51898 1658493808 0 7 $GNGGA,124328.000,4424.54401,N,00855.17183,E,1,13,0.8,-13.6,M,44.7,M,,*5E
51899 1658493809 0 7 $GNGGA,124330.000,4424.54404,N,00855.17165,E,1,13,0.8,-13.9,M,44.7,M,,*55
51900 1658493809 0 3 2.737 0.005
51909 1658493812 0 1 3.018
51910 1658493812 0 3 2.736 0.005
51911 1658493813 0 4 2.566 1.561
51917 1658493815 0 7 $GNGGA,124336.000,4424.54406,N,00855.17155,E,1,13,0.8,-13.5,M,44.7,M,,*5E
51918 1658493815 0 1 2.976
51924 1658493816 0 0 26.78 8.23 107.5 67.54 140.4 8.74 14.5 0.0 264.6 3.30 45.96 1.1
51925 1658493817 0 7 $GNGGA,124337.000,4424.54407,N,00855.17152,E,1,13,0.8,-13.5,M,44.7,M,,*59
51926 1658493818 0 7 $GNGGA,124339.000,4424.54411,N,00855.17113,E,1,13,0.8,-13.2,M,44.7,M,,*52
51927 1658493819 0 3 2.736 0.005
51933 1658493820 0 7 $GNGGA,124340.000,4424.54413,N,00855.17109,E,1,13,0.8,-13.2,M,44.7,M,,*55
51934 1658493821 0 7 $GNGGA,124342.000,4424.54418,N,00855.17099,E,1,13,0.8,-13.2,M,44.7,M,,*54
51935 1658493821 0 1 3.078
51937 1658493822 0 4 2.567 1.558
51938 1658493822 0 5 0.06
51939 1658493822 0 6 0.11
51940 1658493822 0 8 4.997 12.266 11.91
51943 1658493824 0 7 $GNGGA,124345.000,4424.54430,N,00855.17085,E,1,13,0.8,-13.2,M,44.7,M,,*54
51944 1658493824 0 3 2.736 0.005
51945 1658493824 0 1 3.115
51950 1658493825 0 0 26.80 8.23 107.5 67.59 140.6 8.75 14.5 0.0 264.6 3.31 46.00 1.1
51951 1658493826 0 7 $GNGGA,124346.000,4424.54432,N,00855.17080,E,1,13,0.8,-13.2,M,44.7,M,,*50
51952 1658493827 0 7 $GNGGA,124348.000,4424.54438,N,00855.17069,E,1,13,0.8,-13.1,M,44.7,M,,*50
51953 1658493827 0 1 3.021
51954 1658493827 0 3 2.736 0.005
51956 1658493828 0 5 0.06
51957 1658493828 0 6 0.11
51958 1658493828 0 8 4.997 12.276 11.89
51962 1658493830 0 3 2.736 0.005
51963 1658493830 0 1 3.116
51964 1658493831 0 4 2.568 1.566
51965 1658493831 0 5 0.06
51966 1658493831 0 6 0.11
51970 1658493833 0 7 $GNGGA,124354.000,4424.54454,N,00855.17038,E,1,13,0.8,-13.0,M,44.7,M,,*52
51971 1658493833 0 1 2.934
51978 1658493835 0 7 $GNGGA,124355.000,4424.54457,N,00855.17033,E,1,13,0.8,-13.0,M,44.7,M,,*5B
51979 1658493836 0 7 $GNGGA,124357.000,4424.54462,N,00855.17021,E,1,13,0.8,-13.1,M,44.7,M,,*5D
51980 1658493836 0 3 2.737 0.005
51981 1658493836 0 1 3.091
51988 1658493838 0 7 $GNGGA,124358.000,4424.54465,N,00855.17016,E,1,13,0.8,-13.1,M,44.7,M,,*51
51989 1658493839 0 7 $GNGGA,124400.000,4424.54469,N,00855.17003,E,1,13,0.8,-13.2,M,44.7,M,,*50
51994 1658493840 0 6 0.11
51995 1658493840 0 8 4.997 12.276 11.91
51996 1658493840 0 0 26.86 8.23 107.4 67.50 140.8 8.76 14.5 0.0 265.0 3.31 45.92 1.1
51999 1658493842 0 7 $GNGGA,124403.000,4424.54464,N,00855.16914,E,1,13,0.8,-13.7,M,44.7,M,,*55
52000 1658493842 0 1 3.271
52001 1658493842 0 3 2.737 0.005
52007 1658493844 0 7 $GNGGA,124404.000,4424.54466,N,00855.16903,E,1,13,0.8,-13.7,M,44.7,M,,*56
52008 1658493845 0 7 $GNGGA,124406.000,4424.54468,N,00855.16884,E,1,13,0.8,-13.8,M,44.7,M,,*5B
52009 1658493845 0 1 3.913
52011 1658493846 0 4 2.567 1.563
52012 1658493846 0 5 0.06
52018 1658493848 0 7 $GNGGA,124409.000,4424.54475,N,00855.16855,E,1,13,0.8,-13.8,M,44.7,M,,*54
52019 1658493848 0 1 3.226
52025 1658493849 0 0 26.87 8.23 107.5 67.55 140.9 8.76 14.5 0.0 265.1 3.31 45.96 1.1
52026 1658493850 0 7 $GNGGA,124410.000,4424.54477,N,00855.16848,E,1,13,0.8,-13.8,M,44.7,M,,*52
52034 1658493852 0 8 4.997 12.276 11.91
52035 1658493852 0 0 26.87 8.23 107.4 67.55 140.9 8.76 14.5 0.0 265.5 3.30 45.96 1.1
52036 1658493853 0 7 $GNGGA,124413.000,4424.54484,N,00855.16728,E,1,13,0.8,-13.5,M,44.7,M,,*59
52037 1658493854 0 7 $GNGGA,124415.000,4424.54486,N,00855.16705,E,1,13,0.8,-13.5,M,44.7,M,,*52
52038 1658493854 0 1 3.159
52040 1658493855 0 4 2.566 1.547
52041 1658493855 0 5 0.06
52046 1658493857 0 7 $GNGGA,124418.000,4424.54481,N,00855.16637,E,1,13,0.8,-12.9,M,44.7,M,,*55
52047 1658493857 0 3 2.737 0.005
52050 1658493858 0 5 0.06
52051 1658493858 0 6 0.11
52052 1658493858 0 8 4.997 12.266 11.91
52054 1658493859 0 7 $GNGGA,124419.000,4424.54477,N,00855.16593,E,1,13,0.8,-12.5,M,44.7,M,,*5C
52055 1658493860 0 7 $GNGGA,124421.000,4424.54478,N,00855.16522,E,1,13,0.8,-12.0,M,44.7,M,,*57
52056 1658493860 0 1 3.138
52063 1658493862 0 7 $GNGGA,124422.000,4424.54476,N,00855.16478,E,1,13,0.8,-11.8,M,44.7,M,,*5F
52064 1658493863 0 7 $GNGGA,124424.000,4424.54479,N,00855.16444,E,1,13,0.8,-11.6,M,44.7,M,,*57
52067 1658493864 0 4 2.566 1.548
52073 1658493866 0 7 $GNGGA,124427.000,4424.54487,N,00855.16404,E,1,13,0.8,-11.4,M,44.7,M,,*53
52074 1658493866 0 1 3.200
52075 1658493866 0 3 2.737 0.005
52080 1658493867 0 0 26.90 8.23 107.4 67.55 141.0 8.76 14.5 0.0 266.4 3.30 45.96 1.1
52081 1658493868 0 7 $GNGGA,124428.000,4424.54489,N,00855.16391,E,1,13,0.8,-11.3,M,44.7,M,,*5E
52082 1658493869 0 7 $GNGGA,124430.000,4424.54491,N,00855.16368,E,1,13,0.8,-11.2,M,44.7,M,,*59
52086 1658493870 0 6 0.11
52087 1658493870 0 8 4.997 12.276 11.91
52333 1658493951 0 6 0.11
52334 1658493951 0 8 4.997 12.266 11.89
52336 1658493952 0 7 $GNGGA,124552.000,4424.54445,N,00855.15823,E,1,13,0.8,-9.3,M,44.7,M,,*6A
52338 1658493953 0 7 $GNGGA,124554.000,4424.54448,N,00855.15820,E,1,13,0.8,-9.3,M,44.7,M,,*62
52339 1658493953 0 1 3.131
52347 1658493955 0 7 $GNGGA,124556.000,4424.54449,N,00855.15813,E,1,13,0.8,-9.3,M,44.7,M,,*61
52348 1658493956 0 7 $GNGGA,124557.000,4424.54462,N,00855.15827,E,1,13,0.8,-9.2,M,44.7,M,,*6F
52351 1658493957 0 4 2.567 1.553
52356 1658493959 0 7 $GNGGA,124600.000,4424.54469,N,00855.15820,E,1,13,0.8,-9.2,M,44.7,M,,*62
52357 1658493959 0 1 2.851
52361 1658493960 0 6 0.11
52362 1658493960 0 8 4.997 12.266 11.89
52363 1658493960 0 0 26.60 8.23 107.7 67.59 140.5 8.77 14.5 0.0 269.2 3.31 46.00 1.1
52366 1658493962 0 7 $GNGGA,124603.000,4424.54488,N,00855.15838,E,1,13,0.8,-9.2,M,44.7,M,,*67
52367 1658493962 0 3 2.736 0.005
52375 1658493964 0 7 $GNGGA,124605.000,4424.54513,N,00855.15863,E,1,13,0.8,-8.6,M,44.7,M,,*69
52376 1658493965 0 7 $GNGGA,124606.000,4424.54535,N,00855.15896,E,1,13,0.8,-8.1,M,44.7,M,,*63
52377 1658493965 0 1 2.661
52379 1658493966 0 4 2.568 1.548
52386 1658493968 0 7 $GNGGA,124609.000,4424.54620,N,00855.16031,E,1,13,0.8,-6.6,M,44.7,M,,*64
52392 1658493969 0 0 26.77 8.23 107.7 67.46 140.5 8.75 14.5 0.0 264.7 3.24 45.89 1.1
52393 1658493970 0 7 $GNGGA,124610.000,4424.54653,N,00855.16064,E,1,13,0.8,-6.1,M,44.7,M,,*6F
52394 1658493971 0 7 $GNGGA,124612.000,4424.54710,N,00855.16139,E,1,13,0.8,-5.2,M,44.7,M,,*62
52395 1658493971 0 1 2.895
52396 1658493971 0 3 2.736 0.005
52402 1658493973 0 7 $GNGGA,124613.000,4424.54749,N,00855.16172,E,1,13,0.8,-5.2,M,44.7,M,,*60
52403 1658493974 0 7 $GNGGA,124615.000,4424.54812,N,00855.16228,E,1,13,0.8,-5.2,M,44.7,M,,*6B
52404 1658493974 0 1 2.718
52406 1658493975 0 4 2.568 1.533
52407 1658493975 0 5 0.30
52413 1658493977 0 7 $GNGGA,124618.000,4424.54910,N,00855.16331,E,1,13,0.8,-5.6,M,44.7,M,,*68
52414 1658493977 0 1 3.504
52417 1658493978 0 5 0.30
52418 1658493978 0 6 0.11
52419 1658493978 0 8 4.997 12.276 11.91
52420 1658493978 0 0 26.70 8.23 107.7 67.56 140.5 8.76 14.6 0.0 267.8 3.12 45.97 1.1
52422 1658493979 0 7 $GNGGA,124620.000,4424.54996,N,00855.16406,E,1,13,0.8,-6.1,M,44.7,M,,*6A
52423 1658493980 0 7 $GNGGA,124621.000,4424.55041,N,00855.16443,E,1,13,0.8,-6.1,M,44.7,M,,*68
52424 1658493980 0 1 2.656
52425 1658493981 0 3 2.735 0.005
52433 1658493983 0 7 $GNGGA,124624.000,4424.55191,N,00855.16554,E,1,13,0.8,-7.0,M,44.7,M,,*66
52438 1658493984 0 6 0.11
52439 1658493984 0 8 4.997 12.276 11.89
52440 1658493984 0 0 26.73 8.23 107.7 67.61 140.5 8.75 14.6 0.0 266.1 3.00 46.02 1.1
52441 1658493984 0 7 $GNGGA,124625.000,4424.55271,N,00855.16603,E,1,13,0.8,-7.7,M,44.7,M,,*6C
52443 1658493986 0 7 $GNGGA,124627.000,4424.55401,N,00855.16674,E,1,13,0.8,-8.0,M,44.7,M,,*67
52450 1658493988 0 7 $GNGGA,124628.000,4424.55456,N,00855.16710,E,1,13,0.8,-8.4,M,44.7,M,,*6D
52451 1658493989 0 7 $GNGGA,124630.000,4424.55565,N,00855.16784,E,1,13,0.8,-9.2,M,44.7,M,,*6F
52454 1658493990 0 4 2.566 1.531
52461 1658493992 0 7 $GNGGA,124633.000,4424.55735,N,00855.16949,E,1,13,0.8,-9.4,M,44.7,M,,*62
52466 1658493993 0 6 0.11
52467 1658493993 0 8 4.997 12.276 11.89
52468 1658493993 0 0 26.63 8.23 107.7 67.52 140.5 8.77 14.4 0.0 268.3 2.81 45.94 1.1
52469 1658493994 0 7 $GNGGA,124634.000,4424.55802,N,00855.16989,E,1,13,0.8,-9.6,M,44.7,M,,*60
52472 1658493995 0 3 2.733 0.005
52473 1658493995 0 1 2.356
52480 1658493997 0 7 $GNGGA,124638.000,4424.56036,N,00855.17096,E,1,13,0.8,-9.5,M,44.7,M,,*65
52481 1658493998 0 7 $GNGGA,124639.000,4424.56090,N,00855.17108,E,1,13,0.8,-9.5,M,44.7,M,,*6E
52483 1658493999 0 4 2.566 1.521
52484 1658493999 0 5 0.05
52485 1658493999 0 6 0.11
52489 1658494001 0 7 $GNGGA,124642.000,4424.56282,N,00855.17177,E,1,13,0.8,-9.8,M,44.7,M,,*66
52490 1658494001 0 1 2.405
52497 1658494002 0 7 $GNGGA,124643.000,4424.56346,N,00855.17195,E,1,13,0.8,-9.9,M,44.7,M,,*63
52498 1658494003 0 7 $GNGGA,124644.000,4424.56416,N,00855.17201,E,1,13,0.8,-9.9,M,44.7,M,,*68
52500 1658494004 0 1 3.218
52501 1658494005 0 3 2.732 0.005
52509 1658494007 0 7 $GNGGA,124648.000,4424.56716,N,00855.17242,E,1,13,0.8,-10.3,M,44.7,M,,*52
52510 1658494007 0 1 2.390
52513 1658494008 0 5 0.05
52514 1658494008 0 6 0.11
52515 1658494008 0 8 4.997 12.276 11.89
52519 1658494010 0 7 $GNGGA,124651.000,4424.56898,N,00855.17239,E,1,13,0.8,-10.5,M,44.7,M,,*59
52526 1658494012 0 7 $GNGGA,124652.000,4424.56957,N,00855.17239,E,1,13,0.8,-10.5,M,44.7,M,,*58
52527 1658494013 0 7 $GNGGA,124654.000,4424.57081,N,00855.17227,E,1,13,0.8,-10.8,M,44.7,M,,*5F
52528 1658494013 0 1 2.348
52529 1658494014 0 3 2.732 0.005
52537 1658494016 0 7 $GNGGA,124657.000,4424.57282,N,00855.17168,E,1,13,0.8,-11.0,M,44.7,M,,*5C
52538 1658494016 0 3 2.732 0.005
52541 1658494017 0 6 0.12
52542 1658494017 0 8 4.997 12.266 11.91
52544 1658494018 0 7 $GNGGA,124658.000,4424.57335,N,00855.17163,E,1,13,0.8,-11.1,M,44.7,M,,*54
52546 1658494019 0 7 $GNGGA,124700.000,4424.57467,N,00855.17124,E,1,13,0.8,-10.6,M,44.7,M,,*5D
52547 1658494019 0 1 2.489
52555 1658494021 0 7 $GNGGA,124702.000,4424.57623,N,00855.17089,E,1,13,0.8,-10.0,M,44.7,M,,*5D
52556 1658494022 0 7 $GNGGA,124703.000,4424.57691,N,00855.17075,E,1,13,0.8,-9.3,M,44.7,M,,*6D
52558 1658494023 0 4 2.566 1.533
52559 1658494023 0 5 0.06
52560 1658494023 0 6 0.12
52564 1658494025 0 7 $GNGGA,124706.000,4424.57882,N,00855.16974,E,1,14,0.7,-8.8,M,44.7,M,,*6F
52565 1658494025 0 1 2.695
52569 1658494026 0 6 0.12
52571 1658494026 0 0 26.84 8.23 107.4 67.55 140.8 8.76 14.6 0.0 268.1 2.55 45.96 1.1
52572 1658494026 0 7 $GNGGA,124707.000,4424.57955,N,00855.16939,E,1,14,0.7,-8.8,M,44.7,M,,*6C
52573 1658494027 0 7 $GNGGA,124708.000,4424.58027,N,00855.16910,E,1,14,0.7,-8.8,M,44.7,M,,*6B
52574 1658494028 0 7 $GNGGA,124709.000,4424.58109,N,00855.16883,E,1,14,0.7,-9.0,M,44.7,M,,*65
52575 1658494028 0 1 2.429
52576 1658494029 0 3 2.731 0.005
52584 1658494031 0 7 $GNGGA,124712.000,4424.58330,N,00855.16795,E,1,14,0.7,-9.0,M,44.7,M,,*6F
52590 1658494032 0 8 4.997 12.276 11.91
52591 1658494032 0 0 27.03 8.23 107.3 67.57 140.9 8.74 14.6 0.0 261.8 2.51 45.97 1.1
52594 1658494034 0 7 $GNGGA,124715.000,4424.58541,N,00855.16630,E,1,14,0.7,-8.9,M,44.7,M,,*6E
52600 1658494035 0 0 26.98 8.23 107.2 67.62 140.9 8.74 14.7 0.0 265.5 2.51 46.01 1.1
52601 1658494036 0 7 $GNGGA,124716.000,4424.58596,N,00855.16561,E,1,14,0.7,-8.9,M,44.7,M,,*60
52602 1658494037 0 7 $GNGGA,124718.000,4424.58730,N,00855.16412,E,1,14,0.7,-8.6,M,44.7,M,,*6A
52603 1658494037 0 3 2.731 0.005
52604 1658494037 0 1 2.433
52605 1658494038 0 4 2.566 1.526
52606 1658494038 0 5 0.06
52607 1658494038 0 6 0.12
52608 1658494038 0 8 4.997 12.079 11.89
52612 1658494040 0 7 $GNGGA,124721.000,4424.58941,N,00855.16270,E,1,14,0.7,-8.2,M,44.7,M,,*6E
52613 1658494040 0 1 2.509
52615 1658494041 0 4 2.566 1.528
52616 1658494041 0 5 0.06
52617 1658494041 0 6 0.12
52622 1658494043 0 7 $GNGGA,124724.000,4424.59118,N,00855.16052,E,1,14,0.7,-8.3,M,44.7,M,,*6D
52623 1658494043 0 3 2.731 0.005
52624 1658494043 0 1 2.400
52631 1658494045 0 7 $GNGGA,124726.000,4424.59227,N,00855.15913,E,1,14,0.7,-8.2,M,44.7,M,,*6E
52632 1658494046 0 7 $GNGGA,124727.000,4424.59286,N,00855.15832,E,1,14,0.7,-8.1,M,44.7,M,,*65
52633 1658494047 0 3 2.731 0.005
52640 1658494049 0 7 $GNGGA,124730.000,4424.59470,N,00855.15530,E,1,14,0.7,-7.2,M,44.7,M,,*6F
52641 1658494049 0 1 2.371
52646 1658494050 0 8 4.997 12.295 11.91
52647 1658494050 0 0 26.89 8.23 107.1 67.64 140.9 8.75 14.7 0.0 268.7 2.46 46.03 1.1
52648 1658494051 0 7 $GNGGA,124731.000,4424.59503,N,00855.15442,E,1,14,0.7,-7.4,M,44.7,M,,*69
52649 1658494052 0 7 $GNGGA,124733.000,4424.59577,N,00855.15300,E,1,14,0.7,-8.0,M,44.7,M,,*62
52650 1658494052 0 1 2.315
52659 1658494055 0 7 $GNGGA,124736.000,4424.59692,N,00855.15087,E,1,14,0.7,-8.4,M,44.7,M,,*67
52660 1658494055 0 1 2.121
52661 1658494055 0 3 2.730 0.005
52662 1658494056 0 4 2.569 1.523
52669 1658494058 0 7 $GNGGA,124739.000,4424.59803,N,00855.14823,E,1,14,0.7,-8.4,M,44.7,M,,*69
52670 1658494058 0 1 2.947
52674 1658494059 0 6 0.12
52675 1658494059 0 8 4.997 12.304 11.89
52676 1658494059 0 0 27.07 8.23 107.0 67.66 140.9 8.73 14.7 0.0 265.3 2.49 46.04 1.1
52677 1658494060 0 7 $GNGGA,124740.000,4424.59836,N,00855.14742,E,1,14,0.7,-8.2,M,44.7,M,,*6F
52679 1658494061 0 7 $GNGGA,124742.000,4424.59887,N,00855.14571,E,1,14,0.7,-8.4,M,44.7,M,,*63
52680 1658494061 0 3 2.730 0.005
52687 1658494063 0 7 $GNGGA,124744.000,4424.59939,N,00855.14419,E,1,14,0.7,-8.6,M,44.7,M,,*6C
52688 1658494064 0 7 $GNGGA,124745.000,4424.59964,N,00855.14320,E,1,14,0.7,-8.6,M,44.7,M,,*68
52689 1658494064 0 3 2.731 0.005
52696 1658494067 0 7 $GNGGA,124748.000,4424.60057,N,00855.14029,E,1,14,0.7,-8.1,M,44.7,M,,*6B
52697 1658494067 0 3 2.732 0.005
52700 1658494068 0 6 0.12
52701 1658494068 0 8 4.997 12.295 11.89
52702 1658494068 0 0 27.05 8.23 106.9 67.67 140.9 8.73 14.7 0.0 269.2 2.47 46.05 1.1
52703 1658494068 0 7 $GNGGA,124749.000,4424.60081,N,00855.13930,E,1,14,0.7,-7.8,M,44.7,M,,*61
52704 1658494069 0 7 $GNGGA,124750.000,4424.60090,N,00855.13828,E,1,14,0.7,-7.7,M,44.7,M,,*6E
52705 1658494070 0 7 $GNGGA,124751.000,4424.60097,N,00855.13735,E,1,14,0.7,-7.5,M,44.7,M,,*69
52706 1658494070 0 3 2.730 0.005
52714 1658494073 0 7 $GNGGA,124754.000,4424.60119,N,00855.13454,E,1,14,0.7,-7.5,M,44.7,M,,*6F
52715 1658494073 0 1 1.773
52717 1658494074 0 4 2.567 1.531
52718 1658494074 0 5 0.06
52719 1658494074 0 6 0.12
52720 1658494074 0 8 4.997 12.304 11.89
52724 1658494076 0 7 $GNGGA,124757.000,4424.60131,N,00855.13179,E,1,14,0.7,-7.4,M,44.7,M,,*6D
52725 1658494076 0 1 2.078
52726 1658494076 0 3 2.731 0.005
52730 1658494078 0 2 0.06150000 6.86280012 1.79700002 0.05280000 2.76729989 0.00450000 0.08869999 0.27259998 1.00000000 81.52100372
52731 1658494078 0 7 $GNGGA,124758.000,4424.60134,N,00855.13085,E,1,14,0.7,-7.5,M,44.7,M,,*64
52735 1658494079 0 3 2.731 0.005
52736 1658494080 0 4 2.568 1.528
52743 1658494082 0 7 $GNGGA,124803.000,4424.60137,N,00855.12583,E,1,14,0.7,-7.5,M,44.7,M,,*64
52744 1658494083 0 3 2.731 0.005
52747 1658494083 0 6 0.12
52748 1658494083 0 8 4.997 12.295 11.89
52749 1658494083 0 0 27.20 8.23 106.8 67.67 140.7 8.69 14.7 0.0 268.2 2.49 46.04 1.1
52750 1658494084 0 7 $GNGGA,124804.000,4424.60133,N,00855.12492,E,1,14,0.7,-7.6,M,44.7,M,,*65
52751 1658494085 0 7 $GNGGA,124806.000,4424.60080,N,00855.12344,E,1,14,0.7,-8.0,M,44.7,M,,*6B
52752 1658494085 0 1 1.919
52753 1658494085 0 3 2.731 0.005
52760 1658494087 0 7 $GNGGA,124808.000,4424.60031,N,00855.12176,E,1,14,0.7,-8.0,M,44.7,M,,*6C
52761 1658494088 0 7 $GNGGA,124809.000,4424.59983,N,00855.12090,E,1,14,0.7,-8.0,M,44.7,M,,*6E
52770 1658494091 0 7 $GNGGA,124812.000,4424.59886,N,00855.11773,E,1,14,0.7,-8.3,M,44.7,M,,*6A
52771 1658494091 0 1 2.037
52780 1658494094 0 7 $GNGGA,124815.000,4424.59778,N,00855.11482,E,1,14,0.7,-8.7,M,44.7,M,,*6A
52781 1658494094 0 3 2.732 0.005
52788 1658494096 0 7 $GNGGA,124816.000,4424.59742,N,00855.11383,E,1,14,0.7,-8.9,M,44.7,M,,*68
52789 1658494097 0 7 $GNGGA,124818.000,4424.59668,N,00855.11196,E,1,14,0.7,-9.4,M,44.7,M,,*65
52792 1658494098 0 4 2.568 1.526
52793 1658494098 0 5 0.06
52794 1658494098 0 6 0.12
52795 1658494098 0 8 4.997 12.304 11.91
52799 1658494100 0 7 $GNGGA,124821.000,4424.59537,N,00855.10947,E,1,14,0.7,-10.3,M,44.7,M,,*5C
52806 1658494101 0 0 27.02 8.23 106.7 67.66 140.2 8.69 14.7 0.0 277.1 2.54 46.04 1.1
52807 1658494102 0 7 $GNGGA,124822.000,4424.59478,N,00855.10868,E,1,14,0.7,-10.6,M,44.7,M,,*5C
52809 1658494103 0 1 2.200
52810 1658494103 0 3 2.732 0.005
52817 1658494105 0 7 $GNGGA,124826.000,4424.59308,N,00855.10531,E,1,14,0.7,-12.3,M,44.7,M,,*5E
52818 1658494106 0 7 $GNGGA,124827.000,4424.59249,N,00855.10449,E,1,14,0.7,-12.7,M,44.7,M,,*51
52820 1658494107 0 4 2.569 1.521
52821 1658494107 0 5 0.06
52822 1658494107 0 6 0.12
52826 1658494109 0 7 $GNGGA,124830.000,4424.59159,N,00855.10269,E,1,14,0.7,-12.4,M,44.7,M,,*52
52827 1658494109 0 1 2.769
52833 1658494110 0 0 26.99 8.23 106.6 67.61 139.6 8.66 14.7 0.0 277.8 2.54 46.01 1.1
52835 1658494111 0 7 $GNGGA,124832.000,4424.59063,N,00855.10144,E,1,14,0.7,-12.5,M,44.7,M,,*55
52836 1658494112 0 7 $GNGGA,124833.000,4424.59003,N,00855.10076,E,1,14,0.7,-12.4,M,44.7,M,,*53
52837 1658494112 0 1 2.072
52838 1658494113 0 3 2.732 0.005
52846 1658494115 0 7 $GNGGA,124836.000,4424.58825,N,00855.09864,E,1,14,0.7,-12.0,M,44.7,M,,*5C
52851 1658494116 0 6 0.12
52852 1658494116 0 8 4.997 12.295 11.89
52853 1658494116 0 0 27.07 8.23 106.6 67.67 139.3 8.63 14.7 0.0 278.6 2.54 46.05 1.1
52854 1658494116 0 7 $GNGGA,124837.000,4424.58778,N,00855.09794,E,1,14,0.7,-12.1,M,44.7,M,,*5B
52856 1658494118 0 7 $GNGGA,124839.000,4424.58652,N,00855.09676,E,1,14,0.7,-12.3,M,44.7,M,,*53
52857 1658494118 0 3 2.731 0.005
52863 1658494120 0 7 $GNGGA,124840.000,4424.58566,N,00855.09627,E,1,14,0.7,-12.5,M,44.7,M,,*5B
52864 1658494121 0 7 $GNGGA,124842.000,4424.58439,N,00855.09493,E,1,14,0.7,-12.8,M,44.7,M,,*52
52867 1658494122 0 4 2.569 1.538
52868 1658494122 0 5 0.06
52874 1658494124 0 7 $GNGGA,124845.000,4424.58286,N,00855.09273,E,1,14,0.7,-13.0,M,44.7,M,,*56
52875 1658494124 0 1 2.418
52880 1658494125 0 8 4.997 12.304 11.89
52881 1658494125 0 0 27.04 8.23 106.5 67.65 138.8 8.60 14.8 0.0 281.0 2.46 46.03 1.1
52882 1658494125 0 7 $GNGGA,124846.000,4424.58221,N,00855.09210,E,1,14,0.7,-13.2,M,44.7,M,,*5F
52885 1658494127 0 3 2.730 0.005
52886 1658494127 0 1 2.375
52888 1658494128 0 5 0.06
52889 1658494128 0 6 0.13
52890 1658494128 0 8 4.997 12.295 11.89
52893 1658494129 0 7 $GNGGA,124850.000,4424.58007,N,00855.08953,E,1,14,0.7,-13.4,M,44.7,M,,*55
52894 1658494130 0 7 $GNGGA,124851.000,4424.57945,N,00855.08894,E,1,14,0.7,-13.4,M,44.7,M,,*5E
52896 1658494131 0 4 2.568 1.533
52897 1658494131 0 5 0.06
52898 1658494131 0 6 0.13
52899 1658494131 0 8 4.997 12.295 11.89
52902 1658494133 0 7 $GNGGA,124854.000,4424.57785,N,00855.08708,E,1,13,0.8,-13.0,M,44.7,M,,*5F
52903 1658494133 0 1 2.402
52907 1658494134 0 6 0.12
52908 1658494134 0 8 4.997 12.304 11.89
52909 1658494134 0 0 26.98 8.23 106.5 67.62 138.5 8.60 14.8 0.0 279.3 2.31 46.01 1.1
52910 1658494134 0 7 $GNGGA,124855.000,4424.57732,N,00855.08648,E,1,13,0.8,-12.9,M,44.7,M,,*5F
52911 1658494135 0 7 $GNGGA,124856.000,4424.57668,N,00855.08569,E,1,13,0.8,-13.0,M,44.7,M,,*5A
52913 1658494136 0 1 2.979
52921 1658494138 0 7 $GNGGA,124859.000,4424.57470,N,00855.08384,E,1,13,0.8,-13.3,M,44.7,M,,*58
52922 1658494139 0 7 $GNGGA,124900.000,4424.57392,N,00855.08315,E,1,13,0.8,-13.2,M,44.7,M,,*57
52923 1658494139 0 1 2.402
52925 1658494140 0 4 2.568 1.536
52926 1658494140 0 5 0.06
52927 1658494140 0 6 0.12
52928 1658494140 0 8 4.997 12.107 11.87
52932 1658494142 0 7 $GNGGA,124903.000,4424.57207,N,00855.08145,E,1,13,0.8,-14.1,M,44.7,M,,*5A
52939 1658494143 0 0 27.04 8.23 106.4 67.67 138.7 8.59 14.8 0.0 279.5 2.21 46.05 1.1
52940 1658494144 0 7 $GNGGA,124904.000,4424.57138,N,00855.08114,E,1,13,0.8,-14.5,M,44.7,M,,*52
52941 1658494145 0 7 $GNGGA,124906.000,4424.57017,N,00855.08030,E,1,13,0.8,-14.7,M,44.7,M,,*59
52942 1658494145 0 1 2.414
52943 1658494145 0 3 2.725 0.005
52951 1658494148 0 7 $GNGGA,124909.000,4424.56811,N,00855.07906,E,1,13,0.8,-14.6,M,44.7,M,,*5B
52955 1658494149 0 5 0.06
52956 1658494149 0 6 0.12
52957 1658494149 0 8 4.997 12.098 11.89
52958 1658494149 0 0 26.96 8.23 106.3 67.56 138.8 8.62 14.9 0.0 281.7 2.13 45.96 1.1
52960 1658494151 0 7 $GNGGA,124912.000,4424.56582,N,00855.07770,E,1,13,0.8,-15.1,M,44.7,M,,*5F
52961 1658494151 0 1 2.213
52965 1658494152 0 6 0.12
52969 1658494153 0 7 $GNGGA,124914.000,4424.56431,N,00855.07683,E,1,13,0.8,-15.1,M,44.7,M,,*5D
52970 1658494154 0 7 $GNGGA,124915.000,4424.56368,N,00855.07637,E,1,13,0.8,-15.0,M,44.7,M,,*59
52972 1658494154 0 1 2.173
52973 1658494155 0 4 2.568 1.544
52979 1658494157 0 7 $GNGGA,124918.000,4424.56155,N,00855.07504,E,1,13,0.8,-14.7,M,44.7,M,,*5D
52980 1658494157 0 1 2.298
52983 1658494158 0 5 0.06
52984 1658494158 0 6 0.12
52985 1658494158 0 8 4.997 12.107 11.89
52989 1658494160 0 7 $GNGGA,124921.000,4424.55951,N,00855.07383,E,1,13,0.8,-13.7,M,44.7,M,,*56
52996 1658494162 0 7 $GNGGA,124922.000,4424.55873,N,00855.07347,E,1,13,0.8,-13.6,M,44.7,M,,*5D
52997 1658494163 0 7 $GNGGA,124924.000,4424.55717,N,00855.07254,E,1,13,0.8,-13.2,M,44.7,M,,*51
52998 1658494163 0 1 2.843
53000 1658494164 0 4 2.567 1.541
53001 1658494164 0 5 0.06
53007 1658494166 0 7 $GNGGA,124927.000,4424.55500,N,00855.07123,E,1,13,0.8,-12.6,M,44.7,M,,*50
53008 1658494166 0 1 2.392
53013 1658494167 0 8 4.997 12.313 11.89
53014 1658494167 0 0 27.08 8.22 106.1 67.68 139.3 8.63 14.9 0.0 281.6 1.88 46.05 1.1
53015 1658494168 0 7 $GNGGA,124928.000,4424.55422,N,00855.07081,E,1,13,0.8,-12.4,M,44.7,M,,*55
53022 1658494170 0 6 0.06
53023 1658494170 0 8 4.997 12.332 11.91
53024 1658494170 0 0 27.11 8.22 106.1 67.54 139.5 8.64 14.8 0.0 277.2 1.87 45.95 1.1
53026 1658494171 0 7 $GNGGA,124932.000,4424.55111,N,00855.06874,E,1,13,0.8,-12.6,M,44.7,M,,*5A
53027 1658494172 0 7 $GNGGA,124933.000,4424.55036,N,00855.06825,E,1,13,0.8,-12.6,M,44.7,M,,*5B
53029 1658494173 0 4 2.568 1.538
53030 1658494173 0 5 0.06
53035 1658494175 0 7 $GNGGA,124936.000,4424.54851,N,00855.06613,E,1,13,0.8,-12.7,M,44.7,M,,*5C
53040 1658494176 0 6 0.10
53042 1658494176 0 0 27.02 8.22 106.1 67.63 139.7 8.66 14.9 0.0 281.7 1.85 46.02 1.1
53043 1658494176 0 7 $GNGGA,124937.000,4424.54779,N,00855.06535,E,1,13,0.8,-12.8,M,44.7,M,,*50
53046 1658494178 0 1 2.234
53054 1658494180 0 7 $GNGGA,124941.000,4424.54486,N,00855.06284,E,1,13,0.8,-13.0,M,44.7,M,,*56
53055 1658494181 0 7 $GNGGA,124942.000,4424.54422,N,00855.06224,E,1,13,0.8,-12.9,M,44.7,M,,*59
53056 1658494181 0 1 1.875
53058 1658494182 0 4 2.566 1.538
53059 1658494182 0 5 0.06
53060 1658494182 0 6 0.10
53061 1658494182 0 8 4.997 12.332 11.89
53065 1658494184 0 7 $GNGGA,124945.000,4424.54209,N,00855.06052,E,1,13,0.8,-12.3,M,44.7,M,,*58
53072 1658494186 0 7 $GNGGA,124946.000,4424.54134,N,00855.06005,E,1,13,0.8,-12.1,M,44.7,M,,*56
53073 1658494187 0 7 $GNGGA,124948.000,4424.54006,N,00855.05907,E,1,13,0.8,-11.7,M,44.7,M,,*55
53075 1658494187 0 3 2.708 0.005
53076 1658494188 0 4 2.568 1.541
53077 1658494188 0 5 0.06
53078 1658494188 0 6 0.11
53079 1658494188 0 8 4.997 12.323 11.89
53083 1658494190 0 7 $GNGGA,124951.000,4424.53802,N,00855.05764,E,1,13,0.8,-11.2,M,44.7,M,,*58
53084 1658494190 0 1 2.635
53087 1658494191 0 5 0.06
53088 1658494191 0 6 0.11
53089 1658494191 0 8 4.997 12.332 11.89
53093 1658494193 0 7 $GNGGA,124954.000,4424.53596,N,00855.05578,E,1,13,0.8,-10.6,M,44.7,M,,*57
53094 1658494193 0 1 1.688
53102 1658494195 0 7 $GNGGA,124956.000,4424.53462,N,00855.05447,E,1,13,0.8,-10.4,M,44.7,M,,*50
53103 1658494196 0 7 $GNGGA,124957.000,4424.53401,N,00855.05381,E,1,13,0.8,-10.1,M,44.7,M,,*5C
53105 1658494196 0 1 1.353
53106 1658494197 0 4 2.566 1.541
53112 1658494199 0 7 $GNGGA,125000.000,4424.53206,N,00855.05176,E,1,13,0.8,-9.9,M,44.7,M,,*6D
53113 1658494199 0 1 1.376
53114 1658494199 0 3 2.709 0.005
53117 1658494200 0 6 0.11
53118 1658494200 0 8 4.997 12.332 11.89
53119 1658494200 0 0 27.22 8.22 105.8 67.71 139.6 8.62 14.9 0.0 277.9 1.82 46.07 1.1
53120 1658494200 0 7 $GNGGA,125001.000,4424.53144,N,00855.05120,E,1,13,0.8,-10.0,M,44.7,M,,*5B
53121 1658494201 0 7 $GNGGA,125002.000,4424.53079,N,00855.05046,E,1,13,0.8,-10.0,M,44.7,M,,*56
53123 1658494202 0 3 2.710 0.005
53130 1658494204 0 7 $GNGGA,125004.000,4424.52945,N,00855.04910,E,1,13,0.8,-9.6,M,44.7,M,,*62
53131 1658494205 0 7 $GNGGA,125006.000,4424.52792,N,00855.04802,E,1,13,0.8,-9.5,M,44.7,M,,*65
53132 1658494205 0 1 1.297
53134 1658494206 0 4 2.567 1.546
53135 1658494206 0 5 0.06
53136 1658494206 0 6 0.11
53141 1658494208 0 7 $GNGGA,125009.000,4424.52573,N,00855.04592,E,1,13,0.8,-8.7,M,44.7,M,,*60
53149 1658494210 0 7 $GNGGA,125010.000,4424.52494,N,00855.04540,E,1,13,0.8,-8.4,M,44.7,M,,*6C
53150 1658494211 0 7 $GNGGA,125012.000,4424.52357,N,00855.04401,E,1,13,0.8,-7.7,M,44.7,M,,*6E
53152 1658494211 0 3 2.718 0.005
53160 1658494214 0 7 $GNGGA,125015.000,4424.52143,N,00855.04232,E,1,13,0.8,-6.7,M,44.7,M,,*69
53163 1658494215 0 5 0.06
53164 1658494215 0 6 0.11
53165 1658494215 0 8 4.997 12.332 11.91
53166 1658494215 0 0 27.01 8.22 105.7 67.74 139.1 8.62 15.0 0.0 285.1 2.01 46.11 1.1
53168 1658494217 0 7 $GNGGA,125018.000,4424.52011,N,00855.04033,E,1,13,0.8,-5.2,M,44.7,M,,*67
53169 1658494217 0 1 2.473
53172 1658494218 0 5 0.06
53173 1658494218 0 6 0.11
53174 1658494218 0 8 4.997 12.332 11.89
53177 1658494219 0 7 $GNGGA,125020.000,4424.51888,N,00855.03892,E,1,13,0.8,-4.7,M,44.7,M,,*67
53178 1658494220 0 7 $GNGGA,125021.000,4424.51834,N,00855.03829,E,1,13,0.8,-4.4,M,44.7,M,,*62
53179 1658494220 0 1 1.734
53180 1658494221 0 3 2.725 0.005
53188 1658494223 0 7 $GNGGA,125024.000,4424.51648,N,00855.03668,E,1,13,0.8,-3.4,M,44.7,M,,*6E
53189 1658494223 0 3 2.726 0.005
53194 1658494224 0 0 26.97 8.22 105.7 67.67 138.4 8.59 15.0 0.0 285.3 2.18 46.05 1.1
53197 1658494226 0 7 $GNGGA,125027.000,4424.51454,N,00855.03506,E,1,13,0.8,-2.5,M,44.7,M,,*69
53204 1658494228 0 7 $GNGGA,125028.000,4424.51380,N,00855.03468,E,1,13,0.8,-2.1,M,44.7,M,,*65
53205 1658494229 0 7 $GNGGA,125030.000,4424.51229,N,00855.03393,E,1,13,0.8,-1.7,M,44.7,M,,*68
53207 1658494230 0 4 2.569 1.541
53208 1658494230 0 5 0.06
53209 1658494230 0 6 0.11
53214 1658494232 0 7 $GNGGA,125033.000,4424.51027,N,00855.03264,E,1,13,0.8,-1.2,M,44.7,M,,*6B
53219 1658494233 0 8 4.997 12.341 11.89
53220 1658494233 0 0 26.90 8.23 105.7 67.70 135.8 8.44 14.9 0.0 286.5 2.23 46.08 1.1
53221 1658494233 0 1 1.983
53225 1658494235 0 1 1.814
53233 1658494237 0 7 $GNGGA,125038.000,4424.50667,N,00855.03105,E,1,13,0.8,0.1,M,44.7,M,,*48
53234 1658494238 0 7 $GNGGA,125039.000,4424.50580,N,00855.03065,E,1,13,0.8,0.1,M,44.7,M,,*44
53235 1658494238 0 1 1.938
53237 1658494239 0 4 2.569 1.538
53238 1658494239 0 5 0.06
53243 1658494241 0 7 $GNGGA,125042.000,4424.50352,N,00855.02915,E,1,13,0.8,-1.2,M,44.7,M,,*61
53244 1658494241 0 1 1.739
53248 1658494242 0 6 0.11
53251 1658494242 0 7 $GNGGA,125043.000,4424.50257,N,00855.02877,E,1,13,0.8,-1.6,M,44.7,M,,*65
53252 1658494243 0 7 $GNGGA,125044.000,4424.50173,N,00855.02846,E,1,13,0.8,-1.8,M,44.7,M,,*6B
53253 1658494244 0 7 $GNGGA,125045.000,4424.50101,N,00855.02798,E,1,13,0.8,-2.1,M,44.7,M,,*69
53254 1658494244 0 1 2.351
53255 1658494245 0 3 2.726 0.005
53261 1658494246 0 7 $GNGGA,125046.000,4424.50029,N,00855.02758,E,1,13,0.8,-2.4,M,44.7,M,,*68
53262 1658494247 0 7 $GNGGA,125048.000,4424.49886,N,00855.02720,E,1,13,0.8,-2.9,M,44.7,M,,*61
53263 1658494247 0 1 1.713
53265 1658494248 0 4 2.569 1.538
53266 1658494248 0 5 0.06
53267 1658494248 0 6 0.11
53268 1658494248 0 8 4.997 12.332 11.89
53272 1658494250 0 7 $GNGGA,125051.000,4424.49630,N,00855.02698,E,1,13,0.8,-4.1,M,44.7,M,,*66
53280 1658494252 0 7 $GNGGA,125052.000,4424.49535,N,00855.02686,E,1,13,0.8,-4.2,M,44.7,M,,*6F
53281 1658494253 0 7 $GNGGA,125054.000,4424.49353,N,00855.02657,E,1,13,0.8,-4.7,M,44.7,M,,*66
53282 1658494253 0 1 1.529
53283 1658494253 0 3 2.726 0.005
53284 1658494254 0 4 2.569 1.541
53291 1658494256 0 7 $GNGGA,125057.000,4424.49163,N,00855.02679,E,1,13,0.8,-3.8,M,44.7,M,,*60
53296 1658494257 0 6 0.11
53297 1658494257 0 8 4.997 12.332 11.91
53298 1658494257 0 0 26.99 8.22 105.6 67.65 136.5 8.47 14.8 0.0 281.4 2.15 46.03 1.1
53301 1658494259 0 1 1.585
53305 1658494260 0 6 0.11
53311 1658494262 0 3 2.726 0.005
53312 1658494262 0 1 1.636
53319 1658494265 0 7 $GNGGA,125106.000,4424.48445,N,00855.02637,E,1,13,0.8,-1.7,M,44.7,M,,*62
53320 1658494265 0 1 1.730
53324 1658494266 0 6 0.11
53325 1658494266 0 8 4.997 12.323 11.91
53326 1658494266 0 0 26.92 8.22 105.6 67.69 136.3 8.46 15.0 0.0 281.6 2.15 46.07 1.1
53327 1658494266 0 7 $GNGGA,125107.000,4424.48353,N,00855.02638,E,1,13,0.8,-1.8,M,44.7,M,,*63
53330 1658494268 0 1 1.666
53337 1658494270 0 7 $GNGGA,125110.000,4424.48105,N,00855.02681,E,1,13,0.8,-2.5,M,44.7,M,,*68
53338 1658494271 0 7 $GNGGA,125112.000,4424.47949,N,00855.02718,E,1,13,0.8,-2.8,M,44.7,M,,*69
53339 1658494271 0 1 2.159
53341 1658494272 0 4 2.569 1.543
53342 1658494272 0 5 0.06
53343 1658494272 0 6 0.11
53348 1658494274 0 7 $GNGGA,125115.000,4424.47691,N,00855.02761,E,1,13,0.8,-2.6,M,44.7,M,,*64
53349 1658494274 0 1 1.495
53355 1658494275 0 0 26.95 8.22 105.6 67.60 135.9 8.43 15.0 0.0 279.7 2.17 46.00 1.1
53356 1658494276 0 7 $GNGGA,125116.000,4424.47617,N,00855.02794,E,1,13,0.8,-2.6,M,44.7,M,,*63
53357 1658494277 0 7 $GNGGA,125118.000,4424.47471,N,00855.02871,E,1,13,0.8,-3.2,M,44.7,M,,*6E
53358 1658494277 0 3 2.725 0.005
53359 1658494277 0 1 1.413
53360 1658494278 0 4 2.569 1.546
53361 1658494278 0 5 0.06
53362 1658494278 0 6 0.11
53363 1658494278 0 8 4.997 12.126 11.89
53368 1658494280 0 1 1.395
53370 1658494281 0 4 2.569 1.546
53371 1658494281 0 5 0.06
53376 1658494283 0 7 $GNGGA,125124.000,4424.47032,N,00855.03066,E,1,13,0.8,-4.6,M,44.7,M,,*6E
53377 1658494283 0 3 2.725 0.005
53383 1658494284 0 0 27.06 8.22 105.6 67.67 135.7 8.41 14.8 0.0 277.3 2.15 46.05 1.1
53384 1658494284 0 7 $GNGGA,125125.000,4424.46950,N,00855.03104,E,1,13,0.8,-4.8,M,44.7,M,,*68
53385 1658494285 0 7 $GNGGA,125126.000,4424.46867,N,00855.03133,E,1,13,0.8,-4.9,M,44.7,M,,*6B
53386 1658494286 0 7 $GNGGA,125127.000,4424.46792,N,00855.03165,E,1,13,0.8,-5.0,M,44.7,M,,*64
53387 1658494286 0 1 1.308
53395 1658494289 0 7 $GNGGA,125130.000,4424.46579,N,00855.03279,E,1,13,0.8,-5.2,M,44.7,M,,*69
53399 1658494290 0 5 0.06
53400 1658494290 0 6 0.11
53401 1658494290 0 8 4.997 12.332 11.89
53406 1658494292 0 1 1.290
53412 1658494293 0 0 27.43 8.22 105.6 67.74 135.3 8.33 14.7 0.0 265.2 2.09 46.09 1.1
53413 1658494294 0 7 $GNGGA,125134.000,4424.46314,N,00855.03449,E,1,13,0.8,-5.3,M,44.7,M,,*64
53414 1658494295 0 7 $GNGGA,125136.000,4424.46167,N,00855.03522,E,1,13,0.8,-5.3,M,44.7,M,,*6C
53416 1658494295 0 3 2.723 0.005
53424 1658494298 0 7 $GNGGA,125139.000,4424.45958,N,00855.03624,E,1,13,0.8,-4.9,M,44.7,M,,*6A
53425 1658494298 0 1 1.916
53433 1658494301 0 7 $GNGGA,125142.000,4424.45750,N,00855.03725,E,1,13,0.8,-4.1,M,44.7,M,,*68
53434 1658494301 0 1 1.120
53442 1658494303 0 7 $GNGGA,125144.000,4424.45615,N,00855.03833,E,1,13,0.8,-4.1,M,44.7,M,,*66
53444 1658494304 0 3 2.721 0.005
53445 1658494304 0 1 1.175
53446 1658494305 0 4 2.569 1.541
53452 1658494307 0 7 $GNGGA,125148.000,4424.45356,N,00855.04064,E,1,13,0.8,-4.5,M,44.7,M,,*61
53453 1658494307 0 1 1.001
53456 1658494308 0 5 0.06
53457 1658494308 0 6 0.11
53458 1658494308 0 8 4.997 12.332 11.91
53459 1658494308 0 0 27.51 8.22 105.5 67.80 135.1 8.30 14.8 0.0 266.1 1.96 46.14 1.1
53460 1658494308 0 7 $GNGGA,125149.000,4424.45288,N,00855.04116,E,1,13,0.8,-4.5,M,44.7,M,,*66
53461 1658494309 0 7 $GNGGA,125150.000,4424.45224,N,00855.04158,E,1,13,0.8,-4.5,M,44.7,M,,*62
53462 1658494310 0 7 $GNGGA,125151.000,4424.45156,N,00855.04201,E,1,13,0.8,-4.6,M,44.7,M,,*69
53463 1658494310 0 3 2.713 0.005
53464 1658494310 0 1 1.082
53465 1658494311 0 4 2.569 1.541
53466 1658494311 0 5 0.06
53467 1658494311 0 6 0.11
53468 1658494311 0 8 4.997 12.332 11.89
53469 1658494311 0 0 27.45 8.22 105.5 67.79 135.0 8.31 14.8 0.0 278.3 1.93 46.13 1.1
53470 1658494312 0 7 $GNGGA,125152.000,4424.45090,N,00855.04245,E,1,13,0.8,-4.6,M,44.7,M,,*61
53471 1658494313 0 7 $GNGGA,125154.000,4424.44954,N,00855.04325,E,1,13,0.8,-4.5,M,44.7,M,,*63
53472 1658494313 0 1 0.947
53478 1658494314 0 0 27.63 8.22 105.5 67.61 134.9 8.28 14.7 0.0 266.1 1.90 45.98 1.1
53480 1658494315 0 7 $GNGGA,125156.000,4424.44791,N,00855.04436,E,1,13,0.8,-4.4,M,44.7,M,,*62
53481 1658494316 0 7 $GNGGA,125157.000,4424.44721,N,00855.04483,E,1,13,0.8,-4.4,M,44.7,M,,*66
53482 1658494316 0 1 0.995
53490 1658494319 0 7 $GNGGA,125200.000,4424.44509,N,00855.04623,E,1,13,0.8,-3.7,M,44.7,M,,*63
53491 1658494319 0 1 1.214
53495 1658494320 0 6 0.11
53496 1658494320 0 8 4.997 12.332 11.89
53497 1658494320 0 0 27.43 8.22 105.6 67.71 134.5 8.28 14.8 0.0 280.1 1.91 46.07 1.1
53498 1658494320 0 7 $GNGGA,125201.000,4424.44437,N,00855.04675,E,1,13,0.8,-3.5,M,44.7,M,,*6F
53500 1658494322 0 7 $GNGGA,125203.000,4424.44307,N,00855.04768,E,1,13,0.8,-3.4,M,44.7,M,,*65
53501 1658494322 0 1 1.071
53508 1658494324 0 7 $GNGGA,125204.000,4424.44248,N,00855.04831,E,1,13,0.8,-3.6,M,44.7,M,,*69
53509 1658494325 0 7 $GNGGA,125206.000,4424.44132,N,00855.04943,E,1,13,0.8,-3.5,M,44.7,M,,*62
53510 1658494325 0 1 1.857
53512 1658494326 0 4 2.569 1.543
53513 1658494326 0 5 0.06
53519 1658494328 0 7 $GNGGA,125209.000,4424.43932,N,00855.05129,E,1,13,0.8,-3.4,M,44.7,M,,*66
53525 1658494329 0 8 4.997 12.332 11.89
53526 1658494329 0 0 27.54 8.22 105.6 67.76 133.7 8.22 14.9 0.0 273.6 1.85 46.11 1.1
53527 1658494330 0 7 $GNGGA,125210.000,4424.43874,N,00855.05214,E,1,13,0.8,-3.5,M,44.7,M,,*61
53528 1658494331 0 7 $GNGGA,125212.000,4424.43746,N,00855.05362,E,1,13,0.8,-3.7,M,44.7,M,,*6F
53529 1658494331 0 3 2.708 0.005
53530 1658494331 0 1 1.011
53538 1658494334 0 7 $GNGGA,125215.000,4424.43562,N,00855.05560,E,1,13,0.8,-3.3,M,44.7,M,,*6C
53547 1658494337 0 7 $GNGGA,125218.000,4424.43380,N,00855.05805,E,1,13,0.8,-3.5,M,44.7,M,,*63
53548 1658494337 0 3 2.705 0.005
53552 1658494338 0 6 0.11
53554 1658494338 0 0 27.41 8.22 105.7 67.81 132.9 8.18 14.8 0.0 281.8 1.75 46.14 1.1
53555 1658494338 0 7 $GNGGA,125219.000,4424.43310,N,00855.05870,E,1,13,0.8,-3.5,M,44.7,M,,*69
53559 1658494341 0 3 2.705 0.005
53566 1658494343 0 7 $GNGGA,125224.000,4424.43003,N,00855.06237,E,1,13,0.8,-3.3,M,44.7,M,,*6A
53567 1658494343 0 3 2.705 0.005
53568 1658494343 0 1 0.932
53576 1658494346 0 7 $GNGGA,125227.000,4424.42833,N,00855.06483,E,1,13,0.8,-3.8,M,44.7,M,,*61
53585 1658494349 0 7 $GNGGA,125230.000,4424.42684,N,00855.06661,E,1,13,0.8,-4.0,M,44.7,M,,*64
53586 1658494349 0 1 0.889
53587 1658494349 0 3 2.704 0.005
53595 1658494352 0 7 $GNGGA,125233.000,4424.42528,N,00855.06850,E,1,13,0.8,-3.6,M,44.7,M,,*6F
53598 1658494353 0 4 2.569 1.546
53599 1658494353 0 5 0.05
53600 1658494353 0 6 0.11
53604 1658494355 0 7 $GNGGA,125236.000,4424.42332,N,00855.07049,E,1,13,0.8,-4.0,M,44.7,M,,*67
53605 1658494355 0 1 0.897
53606 1658494355 0 3 2.704 0.005
53613 1658494357 0 7 $GNGGA,125238.000,4424.42172,N,00855.07160,E,1,13,0.8,-4.4,M,44.7,M,,*61
53614 1658494358 0 7 $GNGGA,125239.000,4424.42080,N,00855.07213,E,1,13,0.8,-4.5,M,44.7,M,,*6A
53615 1658494358 0 3 2.701 0.005
53616 1658494358 0 1 0.863
53623 1658494361 0 7 $GNGGA,125242.000,4424.41836,N,00855.07326,E,1,13,0.8,-5.1,M,44.7,M,,*62
53624 1658494361 0 1 0.835
53628 1658494362 0 6 0.11
53629 1658494362 0 8 4.997 12.332 11.89
53630 1658494362 0 0 27.71 8.22 105.7 67.86 132.5 8.12 14.8 0.0 285.2 1.75 46.17 1.1
53631 1658494362 0 7 $GNGGA,125243.000,4424.41764,N,00855.07351,E,1,13,0.8,-5.4,M,44.7,M,,*6E
53633 1658494364 0 7 $GNGGA,125245.000,4424.41598,N,00855.07435,E,1,13,0.8,-6.0,M,44.7,M,,*6B
53641 1658494366 0 7 $GNGGA,125246.000,4424.41521,N,00855.07468,E,1,13,0.8,-6.3,M,44.7,M,,*61
53642 1658494367 0 7 $GNGGA,125248.000,4424.41363,N,00855.07556,E,1,13,0.8,-7.1,M,44.7,M,,*60
53643 1658494367 0 1 0.855
53645 1658494368 0 4 2.569 1.546
53646 1658494368 0 5 0.05
53652 1658494370 0 7 $GNGGA,125251.000,4424.41151,N,00855.07661,E,1,13,0.8,-7.3,M,44.7,M,,*6E
53661 1658494373 0 7 $GNGGA,125254.000,4424.40934,N,00855.07761,E,1,13,0.8,-7.2,M,44.7,M,,*61
53662 1658494373 0 1 0.943
53663 1658494373 0 3 2.708 0.005
53672 1658494376 0 1 1.003
53673 1658494377 0 3 2.709 0.005
53674 1658494377 0 4 2.569 1.544
53675 1658494377 0 5 0.05
53680 1658494379 0 7 $GNGGA,125300.000,4424.40464,N,00855.07939,E,1,13,0.8,-8.2,M,44.7,M,,*65
53681 1658494379 0 1 1.537
53685 1658494380 0 6 0.11
53687 1658494380 0 0 27.69 8.22 105.8 67.83 131.7 8.07 14.9 0.0 293.6 1.79 46.16 1.1
53688 1658494380 0 7 $GNGGA,125301.000,4424.40395,N,00855.07979,E,1,13,0.8,-8.3,M,44.7,M,,*68
53689 1658494381 0 7 $GNGGA,125302.000,4424.40327,N,00855.08012,E,1,13,0.8,-8.4,M,44.7,M,,*6E
53691 1658494382 0 1 0.904
53698 1658494384 0 7 $GNGGA,125304.000,4424.40200,N,00855.08073,E,1,13,0.8,-8.1,M,44.7,M,,*6E
53699 1658494384 0 7 $GNGGA,125305.000,4424.40121,N,00855.08110,E,1,13,0.8,-8.1,M,44.7,M,,*6B
53700 1658494385 0 7 $GNGGA,125306.000,4424.40034,N,00855.08151,E,1,13,0.8,-8.1,M,44.7,M,,*68
53701 1658494385 0 3 2.710 0.005
53703 1658494386 0 4 2.569 1.536
53710 1658494388 0 7 $GNGGA,125309.000,4424.39800,N,00855.08271,E,1,13,0.8,-8.6,M,44.7,M,,*60
53711 1658494388 0 1 0.863
53717 1658494389 0 0 27.68 8.22 105.9 67.80 131.6 8.07 15.0 0.0 297.3 1.79 46.13 1.2
53718 1658494389 0 7 $GNGGA,125310.000,4424.39724,N,00855.08314,E,1,13,0.8,-8.6,M,44.7,M,,*63
53719 1658494390 0 7 $GNGGA,125311.000,4424.39644,N,00855.08354,E,1,13,0.8,-8.7,M,44.7,M,,*60
53724 1658494392 0 5 0.05
53725 1658494392 0 6 0.11
53726 1658494392 0 8 4.997 12.341 11.91
53729 1658494393 0 7 $GNGGA,125314.000,4424.39416,N,00855.08467,E,1,13,0.8,-8.5,M,44.7,M,,*65
53730 1658494394 0 7 $GNGGA,125315.000,4424.39337,N,00855.08474,E,1,13,0.8,-8.3,M,44.7,M,,*64
53731 1658494394 0 1 0.812
53733 1658494395 0 4 2.569 1.541
53734 1658494395 0 5 0.05
53735 1658494395 0 6 0.11
53736 1658494395 0 8 4.997 12.323 11.89
53740 1658494397 0 7 $GNGGA,125318.000,4424.39094,N,00855.08580,E,1,13,0.8,-8.2,M,44.7,M,,*68
53741 1658494397 0 3 2.706 0.005
53749 1658494399 0 7 $GNGGA,125320.000,4424.38917,N,00855.08648,E,1,13,0.8,-8.7,M,44.7,M,,*62
53751 1658494400 0 1 0.981
53752 1658494400 0 3 2.705 0.005
53760 1658494403 0 7 $GNGGA,125324.000,4424.38577,N,00855.08791,E,1,13,0.8,-8.7,M,44.7,M,,*69
53761 1658494403 0 1 0.896
53765 1658494404 0 6 0.11
53766 1658494404 0 8 4.997 12.323 11.89
53771 1658494406 0 1 1.541
53772 1658494406 0 3 2.704 0.005
53778 1658494407 0 7 $GNGGA,125328.000,4424.38236,N,00855.08933,E,1,13,0.8,-9.1,M,44.7,M,,*66
53779 1658494408 0 7 $GNGGA,125329.000,4424.38151,N,00855.08967,E,1,13,0.8,-9.3,M,44.7,M,,*66
53780 1658494409 0 7 $GNGGA,125330.000,4424.38064,N,00855.08998,E,1,13,0.8,-9.6,M,44.7,M,,*6C
53781 1658494409 0 1 0.965
53782 1658494409 0 3 2.706 0.005
53790 1658494412 0 7 $GNGGA,125333.000,4424.37786,N,00855.09145,E,1,13,0.8,-11.0,M,44.7,M,,*5D
53795 1658494413 0 6 0.11
53796 1658494413 0 8 4.997 12.323 11.89
53798 1658494413 0 7 $GNGGA,125334.000,4424.37694,N,00855.09196,E,1,13,0.8,-11.3,M,44.7,M,,*55
53799 1658494414 0 7 $GNGGA,125335.000,4424.37611,N,00855.09221,E,1,13,0.8,-11.7,M,44.7,M,,*52
53800 1658494415 0 7 $GNGGA,125336.000,4424.37525,N,00855.09254,E,1,13,0.8,-11.9,M,44.7,M,,*59
53801 1658494415 0 1 0.900
53804 1658494416 0 5 0.05
53808 1658494417 0 7 $GNGGA,125337.000,4424.37439,N,00855.09291,E,1,13,0.8,-11.9,M,44.7,M,,*5D
53809 1658494418 0 7 $GNGGA,125339.000,4424.37264,N,00855.09377,E,1,13,0.8,-11.8,M,44.7,M,,*55
53810 1658494418 0 3 2.709 0.005
53812 1658494419 0 4 2.569 1.538
53813 1658494419 0 5 0.05
53819 1658494421 0 7 $GNGGA,125342.000,4424.36984,N,00855.09546,E,1,13,0.8,-10.9,M,44.7,M,,*59
53820 1658494421 0 1 0.849
53823 1658494422 0 5 0.05
53824 1658494422 0 6 0.11
53825 1658494422 0 8 4.997 12.332 11.89
53826 1658494422 0 0 27.52 8.22 106.1 67.83 131.6 8.09 15.1 0.0 314.1 1.81 46.16 1.1
53827 1658494423 0 7 $GNGGA,125343.000,4424.36883,N,00855.09617,E,1,13,0.8,-10.8,M,44.7,M,,*58
53828 1658494424 0 7 $GNGGA,125345.000,4424.36695,N,00855.09731,E,1,13,0.8,-11.2,M,44.7,M,,*59
53829 1658494424 0 3 2.710 0.005
53830 1658494424 0 1 0.954
53838 1658494427 0 7 $GNGGA,125348.000,4424.36405,N,00855.09896,E,1,13,0.8,-11.1,M,44.7,M,,*5E
53841 1658494428 0 4 2.569 1.538
53842 1658494428 0 5 0.05
53843 1658494428 0 6 0.11
53845 1658494428 0 0 27.58 8.22 106.1 67.78 131.6 8.08 15.0 0.0 313.2 1.78 46.12 1.1
53847 1658494430 0 7 $GNGGA,125351.000,4424.36159,N,00855.09958,E,1,13,0.8,-9.9,M,44.7,M,,*68
53848 1658494430 0 1 0.902
53855 1658494431 0 7 $GNGGA,125352.000,4424.36075,N,00855.09978,E,1,13,0.8,-9.6,M,44.7,M,,*69
53856 1658494432 0 7 $GNGGA,125353.000,4424.35989,N,00855.10004,E,1,13,0.8,-9.2,M,44.7,M,,*6F
53857 1658494433 0 7 $GNGGA,125354.000,4424.35904,N,00855.10026,E,1,13,0.8,-8.9,M,44.7,M,,*67
53858 1658494433 0 1 1.599
53859 1658494433 0 3 2.710 0.005
53866 1658494436 0 7 $GNGGA,125357.000,4424.35648,N,00855.10103,E,1,13,0.8,-9.3,M,44.7,M,,*6E
53867 1658494436 0 1 0.903
53870 1658494437 0 5 0.05
53871 1658494437 0 6 0.11
53872 1658494437 0 8 4.997 12.332 11.89
53876 1658494439 0 7 $GNGGA,125400.000,4424.35405,N,00855.10134,E,1,13,0.8,-9.3,M,44.7,M,,*64
53880 1658494440 0 5 0.05
53885 1658494441 0 7 $GNGGA,125402.000,4424.35242,N,00855.10161,E,1,13,0.8,-9.0,M,44.7,M,,*60
53886 1658494442 0 7 $GNGGA,125403.000,4424.35158,N,00855.10186,E,1,13,0.8,-9.0,M,44.7,M,,*60
53887 1658494442 0 1 0.861
53888 1658494442 0 3 2.708 0.005
53889 1658494443 0 4 2.569 1.538
53896 1658494445 0 7 $GNGGA,125406.000,4424.34895,N,00855.10269,E,1,13,0.8,-9.0,M,44.7,M,,*6E
53897 1658494445 0 3 2.710 0.005
53902 1658494446 0 8 4.997 12.332 11.91
53903 1658494446 0 0 27.41 8.22 106.2 67.76 131.6 8.11 15.1 0.0 320.7 1.80 46.11 1.1
53904 1658494446 0 7 $GNGGA,125407.000,4424.34800,N,00855.10311,E,1,13,0.8,-9.2,M,44.7,M,,*6F
53907 1658494448 0 1 0.844
53908 1658494448 0 3 2.708 0.005
53915 1658494450 0 7 $GNGGA,125411.000,4424.34449,N,00855.10413,E,1,13,0.8,-8.5,M,44.7,M,,*6A
53916 1658494451 0 7 $GNGGA,125412.000,4424.34362,N,00855.10430,E,1,13,0.8,-8.5,M,44.7,M,,*66
53917 1658494451 0 1 0.913
53918 1658494451 0 3 2.707 0.005
53919 1658494452 0 4 2.569 1.553
53926 1658494454 0 7 $GNGGA,125415.000,4424.34115,N,00855.10473,E,1,13,0.8,-8.2,M,44.7,M,,*63
53927 1658494454 0 1 0.943
53932 1658494455 0 8 4.997 12.323 11.89
53933 1658494455 0 0 27.38 8.22 106.3 67.79 131.7 8.11 15.1 0.0 319.8 1.81 46.13 1.1
53934 1658494456 0 7 $GNGGA,125416.000,4424.34032,N,00855.10487,E,1,13,0.8,-8.0,M,44.7,M,,*6D
53937 1658494457 0 1 0.903
53938 1658494457 0 3 2.711 0.005
53945 1658494459 0 7 $GNGGA,125420.000,4424.33695,N,00855.10553,E,1,13,0.8,-7.4,M,44.7,M,,*67
53946 1658494460 0 7 $GNGGA,125421.000,4424.33609,N,00855.10570,E,1,13,0.8,-7.4,M,44.7,M,,*62
53947 1658494460 0 1 1.551
53949 1658494461 0 4 2.569 1.548
53950 1658494461 0 5 0.05
53951 1658494461 0 6 0.11
53956 1658494463 0 7 $GNGGA,125424.000,4424.33358,N,00855.10589,E,1,13,0.8,-7.0,M,44.7,M,,*64
53957 1658494463 0 1 0.865
53964 1658494464 0 7 $GNGGA,125425.000,4424.33273,N,00855.10613,E,1,13,0.8,-7.3,M,44.7,M,,*6E
53965 1658494465 0 7 $GNGGA,125426.000,4424.33192,N,00855.10632,E,1,13,0.8,-7.5,M,44.7,M,,*64
53966 1658494466 0 7 $GNGGA,125427.000,4424.33109,N,00855.10651,E,1,13,0.8,-7.4,M,44.7,M,,*63
53967 1658494466 0 3 2.712 0.005
53968 1658494466 0 1 0.972
53969 1658494467 0 4 2.569 1.549
53976 1658494469 0 7 $GNGGA,125430.000,4424.32869,N,00855.10725,E,1,13,0.8,-7.9,M,44.7,M,,*64
53977 1658494469 0 1 0.733
53979 1658494470 0 4 2.569 1.548
53980 1658494470 0 5 0.05
53981 1658494470 0 6 0.11
53986 1658494472 0 7 $GNGGA,125433.000,4424.32643,N,00855.10768,E,1,13,0.8,-8.2,M,44.7,M,,*6C
53994 1658494473 0 7 $GNGGA,125434.000,4424.32563,N,00855.10782,E,1,13,0.8,-8.2,M,44.7,M,,*6E
53998 1658494475 0 3 2.710 0.005
54006 1658494478 0 7 $GNGGA,125439.000,4424.32171,N,00855.10863,E,1,13,0.8,-8.2,M,44.7,M,,*64
54007 1658494478 0 3 2.714 0.005
54010 1658494479 0 5 0.05
54011 1658494479 0 6 0.11
54012 1658494479 0 8 4.997 12.323 11.89
54013 1658494479 0 0 27.32 8.22 106.4 67.74 131.9 8.14 15.1 0.0 319.7 1.85 46.10 1.1
54016 1658494481 0 7 $GNGGA,125442.000,4424.31934,N,00855.10901,E,1,13,0.8,-8.1,M,44.7,M,,*64
54017 1658494481 0 1 1.062
54025 1658494483 0 7 $GNGGA,125444.000,4424.31770,N,00855.10937,E,1,13,0.8,-8.7,M,44.7,M,,*6F
54027 1658494484 0 1 0.933
54028 1658494484 0 3 2.713 0.005
54029 1658494485 0 4 2.569 1.538
54036 1658494487 0 7 $GNGGA,125448.000,4424.31450,N,00855.11012,E,1,13,0.8,-9.2,M,44.7,M,,*69
54037 1658494487 0 1 1.646
54038 1658494487 0 3 2.713 0.005
54040 1658494488 0 5 0.05
54041 1658494488 0 6 0.11
54042 1658494488 0 8 4.997 12.332 11.89
54046 1658494490 0 7 $GNGGA,125451.000,4424.31209,N,00855.11072,E,1,12,0.8,-9.3,M,44.7,M,,*6D
54047 1658494490 0 1 1.014
54055 1658494492 0 7 $GNGGA,125453.000,4424.31044,N,00855.11131,E,1,13,0.8,-9.6,M,44.7,M,,*66
54056 1658494493 0 7 $GNGGA,125454.000,4424.30961,N,00855.11157,E,1,13,0.8,-9.8,M,44.7,M,,*60
54057 1658494493 0 3 2.713 0.005
54058 1658494493 0 1 0.951
54059 1658494494 0 4 2.569 1.536
54066 1658494496 0 7 $GNGGA,125457.000,4424.30718,N,00855.11237,E,1,13,0.8,-9.6,M,44.7,M,,*68
54067 1658494496 0 1 0.937
54072 1658494497 0 8 4.997 12.332 11.89
54073 1658494497 0 0 27.41 8.22 106.4 67.85 132.2 8.13 15.0 0.0 315.9 1.81 46.18 1.1
54074 1658494497 0 7 $GNGGA,125458.000,4424.30645,N,00855.11251,E,1,13,0.8,-9.4,M,44.7,M,,*6C
54077 1658494499 0 3 2.712 0.005
54078 1658494499 0 1 0.967
54085 1658494501 0 7 $GNGGA,125502.000,4424.30327,N,00855.11342,E,1,13,0.8,-9.3,M,44.7,M,,*67
54086 1658494502 0 7 $GNGGA,125503.000,4424.30245,N,00855.11368,E,1,13,0.8,-9.8,M,44.7,M,,*60
54087 1658494502 0 1 0.898
54089 1658494503 0 4 2.569 1.541
54090 1658494503 0 5 0.05
54096 1658494505 0 7 $GNGGA,125506.000,4424.29980,N,00855.11442,E,1,13,0.8,-9.8,M,44.7,M,,*60
54097 1658494505 0 1 1.027
54100 1658494506 0 5 0.05
54103 1658494506 0 0 27.30 8.22 106.4 67.70 132.2 8.16 15.0 0.0 316.6 1.86 46.06 1.1
54104 1658494507 0 7 $GNGGA,125507.000,4424.29908,N,00855.11465,E,1,13,0.8,-9.5,M,44.7,M,,*69
54105 1658494508 0 7 $GNGGA,125509.000,4424.29757,N,00855.11507,E,1,13,0.8,-9.3,M,44.7,M,,*60
54106 1658494508 0 1 0.979
54114 1658494510 0 7 $GNGGA,125511.000,4424.29603,N,00855.11555,E,1,13,0.8,-9.1,M,44.7,M,,*6C
54115 1658494511 0 7 $GNGGA,125512.000,4424.29522,N,00855.11585,E,1,13,0.8,-9.1,M,44.7,M,,*62
54118 1658494512 0 4 2.569 1.544
54119 1658494512 0 5 0.05
54125 1658494514 0 7 $GNGGA,125515.000,4424.29284,N,00855.11677,E,1,13,0.8,-9.1,M,44.7,M,,*60
54126 1658494514 0 1 1.657
54133 1658494515 0 7 $GNGGA,125516.000,4424.29215,N,00855.11716,E,1,13,0.8,-9.1,M,44.7,M,,*6D
54134 1658494516 0 7 $GNGGA,125517.000,4424.29142,N,00855.11757,E,1,13,0.8,-9.1,M,44.7,M,,*68
54137 1658494517 0 3 2.710 0.005
54145 1658494520 0 7 $GNGGA,125521.000,4424.28853,N,00855.11928,E,1,13,0.8,-9.0,M,44.7,M,,*62
54146 1658494520 0 3 2.708 0.005
54149 1658494521 0 5 0.05
54150 1658494521 0 6 0.11
54151 1658494521 0 8 4.997 12.332 11.89
54152 1658494521 0 0 27.25 8.22 106.5 67.78 132.4 8.17 15.1 0.0 314.7 1.77 46.13 1.1
54155 1658494523 0 7 $GNGGA,125524.000,4424.28572,N,00855.12104,E,1,13,0.8,-9.1,M,44.7,M,,*6D
54156 1658494523 0 1 0.948
54159 1658494524 0 5 0.05
54164 1658494525 0 7 $GNGGA,125526.000,4424.28411,N,00855.12201,E,1,13,0.8,-9.1,M,44.7,M,,*6D
54165 1658494526 0 7 $GNGGA,125527.000,4424.28356,N,00855.12249,E,1,13,0.8,-9.2,M,44.7,M,,*67
54166 1658494526 0 3 2.704 0.005
54167 1658494526 0 1 0.986
54174 1658494529 0 7 $GNGGA,125530.000,4424.28165,N,00855.12353,E,1,13,0.8,-9.2,M,44.7,M,,*69
54175 1658494529 0 1 0.899
54176 1658494529 0 3 2.705 0.005
54178 1658494530 0 5 0.05
54180 1658494530 0 8 4.997 12.323 11.89
54181 1658494530 0 0 27.25 8.22 106.6 67.71 132.6 8.19 15.0 0.0 312.6 1.71 46.07 1.1
54182 1658494530 0 7 $GNGGA,125531.000,4424.28110,N,00855.12406,E,1,13,0.8,-8.9,M,44.7,M,,*67
54185 1658494532 0 3 2.705 0.005
54186 1658494532 0 1 0.962
54193 1658494534 0 7 $GNGGA,125535.000,4424.27844,N,00855.12528,E,1,13,0.8,-8.7,M,44.7,M,,*67
54194 1658494535 0 7 $GNGGA,125536.000,4424.27766,N,00855.12527,E,1,13,0.8,-8.5,M,44.7,M,,*66
54195 1658494535 0 1 1.089
54196 1658494535 0 3 2.706 0.005
54204 1658494538 0 7 $GNGGA,125539.000,4424.27559,N,00855.12565,E,1,13,0.8,-8.2,M,44.7,M,,*66
54205 1658494538 0 1 0.964
54210 1658494539 0 8 4.997 12.332 11.89
54211 1658494539 0 0 27.21 8.22 106.7 67.78 132.7 8.19 15.0 0.0 310.8 1.73 46.13 1.1
54215 1658494541 0 1 1.618
54216 1658494541 0 3 2.706 0.005
54223 1658494543 0 7 $GNGGA,125544.000,4424.27178,N,00855.12689,E,1,13,0.8,-7.5,M,44.7,M,,*62
54224 1658494544 0 7 $GNGGA,125545.000,4424.27099,N,00855.12713,E,1,13,0.8,-7.2,M,44.7,M,,*68
54225 1658494544 0 1 0.960
54227 1658494545 0 4 2.570 1.546
54233 1658494547 0 7 $GNGGA,125548.000,4424.26855,N,00855.12805,E,1,13,0.8,-7.0,M,44.7,M,,*66
54234 1658494547 0 3 2.707 0.005
54237 1658494548 0 5 0.05
54240 1658494548 0 0 27.17 8.22 106.7 67.80 132.7 8.20 15.0 0.0 310.0 1.79 46.15 1.1
54241 1658494548 0 7 $GNGGA,125549.000,4424.26769,N,00855.12832,E,1,13,0.8,-7.2,M,44.7,M,,*61
54242 1658494549 0 7 $GNGGA,125550.000,4424.26689,N,00855.12861,E,1,13,0.8,-7.4,M,44.7,M,,*66
54243 1658494550 0 7 $GNGGA,125551.000,4424.26600,N,00855.12890,E,1,13,0.8,-7.4,M,44.7,M,,*68
54244 1658494550 0 1 0.957
54245 1658494550 0 3 2.709 0.005
54252 1658494552 0 7 $GNGGA,125553.000,4424.26425,N,00855.12949,E,1,13,0.8,-7.7,M,44.7,M,,*69
54253 1658494553 0 7 $GNGGA,125554.000,4424.26345,N,00855.12978,E,1,13,0.8,-7.8,M,44.7,M,,*62
54254 1658494553 0 3 2.712 0.005
54255 1658494553 0 1 1.024
54257 1658494554 0 5 0.05
54258 1658494554 0 6 0.11
54259 1658494554 0 8 4.997 12.323 11.89
54263 1658494556 0 7 $GNGGA,125557.000,4424.26109,N,00855.13055,E,1,13,0.8,-8.2,M,44.7,M,,*69
54264 1658494556 0 1 0.901
54265 1658494556 0 3 2.715 0.005
54271 1658494558 0 7 $GNGGA,125558.000,4424.26031,N,00855.13076,E,1,13,0.8,-8.1,M,44.7,M,,*6E
54272 1658494558 0 7 $GNGGA,125559.000,4424.25953,N,00855.13096,E,1,13,0.8,-8.2,M,44.7,M,,*6C
54273 1658494559 0 7 $GNGGA,125600.000,4424.25878,N,00855.13117,E,1,13,0.8,-8.2,M,44.7,M,,*63
54275 1658494559 0 1 1.008
54283 1658494562 0 7 $GNGGA,125603.000,4424.25632,N,00855.13195,E,1,13,0.8,-8.2,M,44.7,M,,*6A
54284 1658494562 0 1 1.120
54289 1658494563 0 8 4.997 12.332 11.89
54290 1658494563 0 0 27.11 8.22 106.7 67.86 132.9 8.22 15.1 0.0 308.7 1.95 46.20 1.1
54291 1658494563 0 7 $GNGGA,125604.000,4424.25551,N,00855.13220,E,1,13,0.8,-8.1,M,44.7,M,,*65
54292 1658494564 0 7 $GNGGA,125605.000,4424.25469,N,00855.13250,E,1,13,0.8,-8.3,M,44.7,M,,*6B
54293 1658494565 0 7 $GNGGA,125606.000,4424.25393,N,00855.13289,E,1,13,0.8,-8.4,M,44.7,M,,*69
54294 1658494565 0 1 1.032
54295 1658494565 0 3 2.720 0.005
54302 1658494567 0 7 $GNGGA,125608.000,4424.25241,N,00855.13373,E,1,13,0.8,-8.7,M,44.7,M,,*6E
54303 1658494568 0 7 $GNGGA,125609.000,4424.25159,N,00855.13407,E,1,13,0.8,-8.8,M,44.7,M,,*6E
54304 1658494568 0 1 1.725
54306 1658494569 0 4 2.570 1.556
54307 1658494569 0 5 0.05
54313 1658494571 0 7 $GNGGA,125612.000,4424.24932,N,00855.13512,E,1,13,0.8,-8.7,M,44.7,M,,*6A
54314 1658494571 0 1 1.020
54317 1658494572 0 5 0.05
54318 1658494572 0 6 0.11
54319 1658494572 0 8 4.997 12.323 11.89
54320 1658494572 0 0 27.14 8.22 106.7 67.73 132.9 8.22 15.0 0.0 303.4 1.99 46.10 1.1
54323 1658494574 0 3 2.723 0.005
54324 1658494574 0 1 1.072
54331 1658494576 0 7 $GNGGA,125617.000,4424.24554,N,00855.13702,E,1,13,0.8,-9.6,M,44.7,M,,*60
54332 1658494577 0 7 $GNGGA,125618.000,4424.24479,N,00855.13745,E,1,13,0.8,-9.8,M,44.7,M,,*6C
54334 1658494577 0 3 2.721 0.005
54335 1658494578 0 4 2.570 1.553
54342 1658494580 0 7 $GNGGA,125621.000,4424.24277,N,00855.13900,E,1,13,0.8,-10.5,M,44.7,M,,*54
54348 1658494581 0 8 4.997 12.332 11.89
54349 1658494581 0 0 27.25 8.22 106.7 67.72 133.0 8.22 15.0 0.0 298.2 1.95 46.08 1.1
54350 1658494581 0 7 $GNGGA,125622.000,4424.24210,N,00855.13942,E,1,13,0.8,-10.7,M,44.7,M,,*52
54351 1658494582 0 7 $GNGGA,125623.000,4424.24155,N,00855.13988,E,1,13,0.8,-11.0,M,44.7,M,,*51
54352 1658494583 0 7 $GNGGA,125624.000,4424.24109,N,00855.14044,E,1,13,0.8,-11.0,M,44.7,M,,*51
54353 1658494583 0 1 0.988
54354 1658494583 0 3 2.718 0.005
54361 1658494586 0 7 $GNGGA,125627.000,4424.23924,N,00855.14199,E,1,13,0.8,-10.9,M,44.7,M,,*5B
54362 1658494586 0 1 1.071
54364 1658494587 0 4 2.569 1.551
54365 1658494587 0 5 0.05
54366 1658494587 0 6 0.11
54368 1658494587 0 0 27.27 8.22 106.7 67.71 133.0 8.21 15.0 0.0 295.6 1.93 46.08 1.1
54371 1658494589 0 7 $GNGGA,125630.000,4424.23726,N,00855.14349,E,1,13,0.8,-11.1,M,44.7,M,,*57
54372 1658494589 0 1 0.991
54375 1658494590 0 5 0.05
54378 1658494590 0 0 27.31 8.22 106.6 67.71 133.0 8.20 15.0 0.0 295.8 1.87 46.07 1.1
54379 1658494591 0 7 $GNGGA,125631.000,4424.23646,N,00855.14390,E,1,13,0.8,-11.2,M,44.7,M,,*56
54382 1658494592 0 1 0.913
54383 1658494592 0 3 2.717 0.005
54391 1658494595 0 7 $GNGGA,125636.000,4424.23331,N,00855.14640,E,1,13,0.8,-11.5,M,44.7,M,,*5B
54392 1658494595 0 1 1.390
54393 1658494595 0 3 2.715 0.005
54395 1658494596 0 5 0.05
54396 1658494596 0 6 0.11
54397 1658494596 0 8 4.997 12.323 11.91
54401 1658494598 0 7 $GNGGA,125639.000,4424.23149,N,00855.14796,E,1,13,0.8,-11.3,M,44.7,M,,*55
54402 1658494598 0 1 0.760
54410 1658494600 0 7 $GNGGA,125641.000,4424.23016,N,00855.14911,E,1,13,0.8,-11.6,M,44.7,M,,*55
54411 1658494601 0 7 $GNGGA,125642.000,4424.22952,N,00855.14966,E,1,13,0.8,-11.5,M,44.7,M,,*5D
54412 1658494601 0 3 2.711 0.005
54413 1658494601 0 1 0.691
54414 1658494602 0 4 2.570 1.548
54421 1658494604 0 7 $GNGGA,125645.000,4424.22747,N,00855.15149,E,1,13,0.8,-11.5,M,44.7,M,,*54
54422 1658494604 0 1 0.622
54423 1658494604 0 3 2.708 0.005
54427 1658494605 0 8 4.997 12.332 11.89
54429 1658494605 0 7 $GNGGA,125646.000,4424.22683,N,00855.15199,E,1,13,0.8,-11.4,M,44.7,M,,*52
54430 1658494606 0 7 $GNGGA,125647.000,4424.22615,N,00855.15255,E,1,13,0.8,-11.5,M,44.7,M,,*5E
54431 1658494607 0 7 $GNGGA,125648.000,4424.22545,N,00855.15316,E,1,13,0.8,-11.6,M,44.7,M,,*52
54433 1658494607 0 1 0.708
54441 1658494610 0 7 $GNGGA,125651.000,4424.22348,N,00855.15499,E,1,13,0.8,-11.5,M,44.7,M,,*52
54442 1658494610 0 1 0.742
54450 1658494612 0 7 $GNGGA,125653.000,4424.22209,N,00855.15615,E,1,13,0.8,-11.4,M,44.7,M,,*53
54451 1658494613 0 7 $GNGGA,125654.000,4424.22130,N,00855.15678,E,1,13,0.8,-11.1,M,44.7,M,,*53
54452 1658494613 0 3 2.705 0.005
54455 1658494614 0 5 0.05
54457 1658494614 0 8 4.997 12.332 11.91
54458 1658494614 0 0 27.71 8.22 106.6 67.75 132.7 8.13 15.0 0.0 292.0 1.72 46.09 1.2
54459 1658494614 0 7 $GNGGA,125655.000,4424.22054,N,00855.15743,E,1,13,0.8,-10.8,M,44.7,M,,*50
54460 1658494615 0 7 $GNGGA,125656.000,4424.21983,N,00855.15806,E,1,13,0.8,-10.8,M,44.7,M,,*5D
54461 1658494616 0 7 $GNGGA,125657.000,4424.21916,N,00855.15865,E,1,13,0.8,-10.8,M,44.7,M,,*55
54462 1658494616 0 1 1.135
54463 1658494616 0 3 2.713 0.005
54464 1658494617 0 4 2.570 1.553
54470 1658494619 0 7 $GNGGA,125700.000,4424.21708,N,00855.16039,E,1,13,0.8,-10.6,M,44.7,M,,*5B
54471 1658494619 0 1 0.977
54474 1658494620 0 5 0.05
54475 1658494620 0 6 0.11
54477 1658494620 0 0 27.31 8.22 106.7 67.76 132.4 8.16 15.2 0.0 302.4 1.93 46.11 1.1
54480 1658494622 0 7 $GNGGA,125703.000,4424.21498,N,00855.16192,E,1,13,0.8,-10.6,M,44.7,M,,*52
54481 1658494622 0 1 1.739
54482 1658494623 0 3 2.725 0.005
54487 1658494623 0 0 27.23 8.22 106.7 67.85 132.2 8.16 15.1 0.0 307.1 2.04 46.18 1.1
54489 1658494625 0 7 $GNGGA,125706.000,4424.21296,N,00855.16347,E,1,13,0.8,-10.4,M,44.7,M,,*57
54490 1658494625 0 1 1.036
54491 1658494625 0 3 2.719 0.005
54492 1658494626 0 4 2.570 1.571
54499 1658494628 0 7 $GNGGA,125709.000,4424.21066,N,00855.16495,E,1,13,0.8,-10.3,M,44.7,M,,*5A
54503 1658494629 0 6 0.11
54504 1658494629 0 8 4.997 12.135 11.89
54505 1658494629 0 0 27.46 8.22 106.7 67.53 131.9 8.13 15.0 0.0 297.3 1.96 45.92 1.1
54508 1658494631 0 7 $GNGGA,125712.000,4424.20860,N,00855.16629,E,1,13,0.8,-10.2,M,44.7,M,,*5B
54509 1658494631 0 3 2.714 0.005
54511 1658494632 0 5 0.05
54516 1658494633 0 7 $GNGGA,125714.000,4424.20720,N,00855.16731,E,1,13,0.8,-9.9,M,44.7,M,,*6D
54517 1658494634 0 7 $GNGGA,125715.000,4424.20651,N,00855.16786,E,1,13,0.8,-9.9,M,44.7,M,,*67
54519 1658494635 0 4 2.571 1.573
54526 1658494637 0 7 $GNGGA,125718.000,4424.20421,N,00855.16951,E,1,13,0.8,-10.1,M,44.7,M,,*5B
54530 1658494638 0 6 0.11
54531 1658494638 0 8 4.997 12.154 11.89
54532 1658494638 0 0 27.71 8.22 106.7 67.61 131.3 8.05 14.9 0.0 292.7 1.72 45.98 1.1
54536 1658494640 0 7 $GNGGA,125721.000,4424.20214,N,00855.17147,E,1,13,0.8,-10.5,M,44.7,M,,*5B
54537 1658494640 0 1 0.798
54540 1658494641 0 5 0.05
54545 1658494642 0 7 $GNGGA,125723.000,4424.20079,N,00855.17253,E,1,13,0.8,-10.3,M,44.7,M,,*50
54546 1658494643 0 7 $GNGGA,125724.000,4424.20018,N,00855.17312,E,1,13,0.8,-10.2,M,44.7,M,,*55
54547 1658494643 0 1 0.756
54548 1658494643 0 3 2.703 0.005
54549 1658494644 0 4 2.570 1.576
54551 1658494644 0 6 0.11
54556 1658494646 0 7 $GNGGA,125727.000,4424.19812,N,00855.17492,E,1,13,0.8,-10.2,M,44.7,M,,*51
54557 1658494646 0 1 0.594
54562 1658494647 0 8 4.997 12.313 11.89
54563 1658494647 0 0 28.29 8.21 106.7 67.77 130.6 7.93 14.7 0.0 291.8 1.73 46.09 1.2
54566 1658494649 0 1 1.265
54567 1658494649 0 3 2.703 0.005
54571 1658494650 0 8 4.997 12.332 11.89
54575 1658494652 0 7 $GNGGA,125733.000,4424.19404,N,00855.17863,E,1,13,0.8,-10.6,M,44.7,M,,*59
54576 1658494652 0 1 0.688
54578 1658494653 0 4 2.571 1.578
54579 1658494653 0 5 0.05
54580 1658494653 0 6 0.11
54585 1658494655 0 7 $GNGGA,125736.000,4424.19216,N,00855.18040,E,1,13,0.8,-10.2,M,44.7,M,,*5B
54586 1658494655 0 3 2.708 0.005
54593 1658494656 0 7 $GNGGA,125737.000,4424.19145,N,00855.18095,E,1,13,0.8,-10.1,M,44.7,M,,*54
54594 1658494657 0 7 $GNGGA,125738.000,4424.19068,N,00855.18144,E,1,13,0.8,-10.1,M,44.7,M,,*58
54595 1658494658 0 7 $GNGGA,125739.000,4424.18987,N,00855.18194,E,1,13,0.8,-10.1,M,44.7,M,,*5D
54596 1658494658 0 1 0.561
54597 1658494658 0 3 2.703 0.005
54604 1658494660 0 7 $GNGGA,125741.000,4424.18843,N,00855.18290,E,1,13,0.8,-10.0,M,44.7,M,,*5D
54609 1658494662 0 5 0.05
54610 1658494662 0 6 0.11
54611 1658494662 0 8 4.997 12.332 11.89
54615 1658494664 0 7 $GNGGA,125745.000,4424.18582,N,00855.18545,E,1,13,0.8,-10.0,M,44.7,M,,*56
54616 1658494664 0 1 0.586
54623 1658494665 0 7 $GNGGA,125746.000,4424.18514,N,00855.18597,E,1,13,0.8,-10.1,M,44.7,M,,*54
54624 1658494666 0 7 $GNGGA,125747.000,4424.18445,N,00855.18646,E,1,13,0.8,-10.3,M,44.7,M,,*5D
54625 1658494667 0 7 $GNGGA,125748.000,4424.18381,N,00855.18703,E,1,13,0.8,-10.2,M,44.7,M,,*5C
54627 1658494667 0 1 0.727
54635 1658494670 0 7 $GNGGA,125751.000,4424.18198,N,00855.18887,E,1,13,0.8,-10.0,M,44.7,M,,*5F
54636 1658494670 0 1 0.754
54639 1658494671 0 5 0.05
54640 1658494671 0 6 0.12
54641 1658494671 0 8 4.997 12.332 11.89
54642 1658494671 0 0 28.15 8.21 106.7 67.89 129.9 7.90 14.9 0.0 298.6 1.87 46.18 1.2
54645 1658494673 0 7 $GNGGA,125754.000,4424.17997,N,00855.19087,E,1,13,0.8,-9.9,M,44.7,M,,*6A
54646 1658494673 0 1 0.722
54647 1658494673 0 3 2.711 0.005
54654 1658494675 0 7 $GNGGA,125756.000,4424.17870,N,00855.19223,E,1,13,0.8,-9.8,M,44.7,M,,*6D
54655 1658494676 0 7 $GNGGA,125757.000,4424.17806,N,00855.19292,E,1,13,0.8,-9.6,M,44.7,M,,*69
54656 1658494676 0 1 1.373
54657 1658494676 0 3 2.717 0.005
54658 1658494677 0 4 2.571 1.576
54665 1658494679 0 1 0.692
54668 1658494680 0 5 0.05
54669 1658494680 0 6 0.12
54670 1658494680 0 8 4.997 12.332 11.89
54671 1658494680 0 0 28.21 8.21 106.8 67.86 129.3 7.86 15.0 0.0 304.4 1.84 46.15 1.2
54674 1658494682 0 7 $GNGGA,125803.000,4424.17455,N,00855.19730,E,1,13,0.8,-9.4,M,44.7,M,,*62
54675 1658494682 0 3 2.710 0.005
54683 1658494684 0 7 $GNGGA,125805.000,4424.17332,N,00855.19884,E,1,13,0.8,-9.4,M,44.7,M,,*62
54685 1658494685 0 1 0.749
54686 1658494685 0 3 2.704 0.005
54687 1658494686 0 4 2.571 1.576
54694 1658494688 0 7 $GNGGA,125809.000,4424.17072,N,00855.20226,E,1,13,0.8,-10.0,M,44.7,M,,*5D
54696 1658494688 0 1 0.755
54699 1658494689 0 6 0.12
54700 1658494689 0 8 4.997 12.323 11.89
54701 1658494689 0 0 27.99 8.21 106.9 67.97 129.1 7.87 15.1 0.0 317.3 1.75 46.25 1.2
54704 1658494691 0 7 $GNGGA,125812.000,4424.16887,N,00855.20484,E,1,13,0.8,-10.3,M,44.7,M,,*59
54705 1658494691 0 1 0.771
54708 1658494692 0 5 0.05
54713 1658494694 0 7 $GNGGA,125815.000,4424.16697,N,00855.20708,E,1,13,0.8,-10.2,M,44.7,M,,*57
54716 1658494695 0 4 2.571 1.566
54717 1658494695 0 5 0.05
54726 1658494698 0 4 2.571 1.568
54727 1658494698 0 5 0.05
54728 1658494698 0 6 0.12
54731 1658494699 0 7 $GNGGA,125819.000,4424.16439,N,00855.20958,E,1,13,0.8,-10.2,M,44.7,M,,*56
54732 1658494700 0 7 $GNGGA,125821.000,4424.16303,N,00855.21091,E,1,13,0.8,-10.4,M,44.7,M,,*58
54733 1658494700 0 1 0.753
54734 1658494700 0 3 2.712 0.005
54742 1658494703 0 7 $GNGGA,125824.000,4424.16098,N,00855.21278,E,1,13,0.8,-10.6,M,44.7,M,,*5B
54743 1658494703 0 1 1.296
54745 1658494704 0 4 2.571 1.571
54752 1658494706 0 7 $GNGGA,125827.000,4424.15903,N,00855.21453,E,1,13,0.8,-11.0,M,44.7,M,,*58
54753 1658494706 0 1 0.798
54759 1658494707 0 0 27.72 8.22 107.0 68.09 129.2 7.90 15.2 0.0 334.9 1.94 46.35 1.2
54760 1658494707 0 7 $GNGGA,125828.000,4424.15844,N,00855.21527,E,1,13,0.8,-11.1,M,44.7,M,,*56
54761 1658494708 0 7 $GNGGA,125829.000,4424.15780,N,00855.21618,E,1,13,0.8,-11.3,M,44.7,M,,*5D
54762 1658494709 0 7 $GNGGA,125830.000,4424.15717,N,00855.21712,E,1,13,0.8,-11.6,M,44.7,M,,*55
54763 1658494709 0 3 2.723 0.005
54764 1658494709 0 1 0.831
54772 1658494712 0 7 $GNGGA,125833.000,4424.15523,N,00855.21921,E,1,13,0.8,-12.0,M,44.7,M,,*58
54773 1658494712 0 1 0.807
54775 1658494713 0 4 2.573 1.573
54776 1658494713 0 5 0.05
54777 1658494713 0 6 0.12
54787 1658494716 0 6 0.12
54789 1658494716 0 0 27.74 8.22 107.1 67.90 129.2 7.91 15.2 0.0 332.2 2.01 46.20 1.2
54790 1658494716 0 7 $GNGGA,125837.000,4424.15258,N,00855.22179,E,1,13,0.8,-12.0,M,44.7,M,,*51
54792 1658494718 0 7 $GNGGA,125839.000,4424.15126,N,00855.22319,E,1,13,0.8,-12.0,M,44.7,M,,*51
54793 1658494718 0 1 0.745
54801 1658494720 0 7 $GNGGA,125841.000,4424.14992,N,00855.22471,E,1,13,0.8,-12.1,M,44.7,M,,*50
54805 1658494722 0 4 2.571 1.588
54806 1658494722 0 5 0.05
54807 1658494722 0 6 0.12
54808 1658494722 0 8 4.997 12.332 11.91
54812 1658494724 0 7 $GNGGA,125845.000,4424.14735,N,00855.22765,E,1,13,0.8,-11.8,M,44.7,M,,*5B
54813 1658494724 0 1 0.775
54814 1658494724 0 3 2.715 0.005
54820 1658494726 0 7 $GNGGA,125846.000,4424.14666,N,00855.22840,E,1,13,0.8,-11.8,M,44.7,M,,*57
54821 1658494726 0 7 $GNGGA,125847.000,4424.14598,N,00855.22909,E,1,13,0.8,-11.7,M,44.7,M,,*57
54822 1658494727 0 7 $GNGGA,125848.000,4424.14533,N,00855.22975,E,1,13,0.8,-11.5,M,44.7,M,,*50
54823 1658494727 0 1 0.763
54824 1658494727 0 3 2.717 0.005
54825 1658494728 0 4 2.571 1.586
54828 1658494728 0 8 4.997 12.332 11.91
54832 1658494730 0 7 $GNGGA,125851.000,4424.14329,N,00855.23202,E,1,13,0.8,-11.3,M,44.7,M,,*59
54833 1658494730 0 1 1.250
54837 1658494731 0 6 0.12
54838 1658494731 0 8 4.997 12.332 11.91
54841 1658494733 0 7 $GNGGA,125854.000,4424.14131,N,00855.23422,E,1,13,0.8,-11.0,M,44.7,M,,*50
54842 1658494733 0 1 0.790
54843 1658494733 0 3 2.704 0.005
54850 1658494735 0 7 $GNGGA,125856.000,4424.13997,N,00855.23570,E,1,13,0.8,-11.0,M,44.7,M,,*57
54851 1658494736 0 7 $GNGGA,125857.000,4424.13931,N,00855.23638,E,1,13,0.8,-10.8,M,44.7,M,,*5C
54854 1658494737 0 4 2.572 1.591
54857 1658494737 0 8 4.997 12.332 11.87
54860 1658494739 0 7 $GNGGA,125900.000,4424.13740,N,00855.23849,E,1,13,0.8,-10.9,M,44.7,M,,*5E
54861 1658494739 0 1 0.750
54865 1658494740 0 6 0.12
54867 1658494740 0 0 27.93 8.21 107.2 67.91 129.4 7.90 15.1 0.0 332.9 1.81 46.20 1.2
54870 1658494742 0 7 $GNGGA,125903.000,4424.13574,N,00855.24071,E,1,13,0.8,-11.2,M,44.7,M,,*56
54871 1658494742 0 3 2.713 0.005
54880 1658494745 0 1 0.696
54882 1658494746 0 4 2.571 1.593
54884 1658494746 0 6 0.12
54889 1658494748 0 7 $GNGGA,125909.000,4424.13177,N,00855.24441,E,1,13,0.8,-11.0,M,44.7,M,,*5E
54891 1658494748 0 1 0.738
54898 1658494751 0 7 $GNGGA,125912.000,4424.12948,N,00855.24654,E,1,13,0.8,-10.2,M,44.7,M,,*54
54899 1658494751 0 1 0.775
54900 1658494751 0 3 2.718 0.005
54902 1658494752 0 5 0.05
54908 1658494754 0 7 $GNGGA,125915.000,4424.12747,N,00855.24834,E,1,13,0.8,-9.9,M,44.7,M,,*69
54909 1658494754 0 1 0.743
54910 1658494755 0 3 2.715 0.005
54917 1658494757 0 7 $GNGGA,125918.000,4424.12540,N,00855.25015,E,1,13,0.8,-9.7,M,44.7,M,,*65
54918 1658494757 0 1 1.225
54924 1658494758 0 0 27.97 8.21 107.4 67.98 129.5 7.89 15.1 0.0 336.0 1.81 46.26 1.2
54925 1658494758 0 7 $GNGGA,125919.000,4424.12474,N,00855.25074,E,1,13,0.8,-9.8,M,44.7,M,,*6A
54927 1658494760 0 7 $GNGGA,125921.000,4424.12339,N,00855.25180,E,1,13,0.8,-9.8,M,44.7,M,,*65
54928 1658494760 0 1 0.767
54929 1658494760 0 3 2.713 0.005
54936 1658494763 0 7 $GNGGA,125924.000,4424.12127,N,00855.25326,E,1,13,0.8,-9.9,M,44.7,M,,*62
54938 1658494763 0 1 0.775
54939 1658494764 0 4 2.572 1.591
54940 1658494764 0 5 0.05
54941 1658494764 0 6 0.12
54944 1658494764 0 7 $GNGGA,125925.000,4424.12055,N,00855.25377,E,1,13,0.8,-9.9,M,44.7,M,,*63
54947 1658494766 0 1 0.760
54948 1658494766 0 3 2.719 0.005
54951 1658494767 0 6 0.12
54955 1658494769 0 7 $GNGGA,125930.000,4424.11701,N,00855.25567,E,1,13,0.8,-10.8,M,44.7,M,,*5C
54956 1658494769 0 3 2.719 0.005
54957 1658494769 0 1 0.743
54959 1658494770 0 5 0.05
54965 1658494772 0 7 $GNGGA,125933.000,4424.11479,N,00855.25720,E,1,13,0.8,-10.2,M,44.7,M,,*58
54966 1658494772 0 1 0.673
54968 1658494773 0 4 2.572 1.596
54969 1658494773 0 5 0.05
54970 1658494773 0 6 0.12
54974 1658494775 0 7 $GNGGA,125936.000,4424.11252,N,00855.25861,E,1,13,0.8,-10.0,M,44.7,M,,*5A
54975 1658494775 0 3 2.718 0.005
54976 1658494775 0 1 0.714
54979 1658494776 0 6 0.12
54983 1658494777 0 7 $GNGGA,125938.000,4424.11100,N,00855.25952,E,1,13,0.8,-9.6,M,44.7,M,,*6F
54984 1658494778 0 7 $GNGGA,125939.000,4424.11027,N,00855.26003,E,1,13,0.8,-9.4,M,44.7,M,,*66
54985 1658494778 0 1 0.802
54993 1658494781 0 7 $GNGGA,125942.000,4424.10805,N,00855.26155,E,1,13,0.8,-9.1,M,44.7,M,,*64
54994 1658494781 0 1 0.792
54996 1658494782 0 4 2.572 1.593
54997 1658494782 0 5 0.05
54998 1658494782 0 6 0.12
54999 1658494782 0 8 4.997 12.332 11.91
55003 1658494784 0 7 $GNGGA,125945.000,4424.10558,N,00855.26288,E,1,13,0.8,-8.8,M,44.7,M,,*6D
55004 1658494784 0 1 1.214
55005 1658494784 0 3 2.724 0.005
55010 1658494785 0 0 27.97 8.21 107.5 67.91 129.6 7.91 15.2 0.0 341.3 1.98 46.20 1.2
55011 1658494786 0 7 $GNGGA,125946.000,4424.10474,N,00855.26325,E,1,13,0.8,-8.7,M,44.7,M,,*68
55013 1658494787 0 1 0.740
55016 1658494788 0 5 0.05
55022 1658494790 0 7 $GNGGA,125951.000,4424.10151,N,00855.26529,E,1,13,0.8,-8.7,M,44.7,M,,*66
55024 1658494790 0 1 0.755
55027 1658494791 0 6 0.12
55030 1658494792 0 7 $GNGGA,125952.000,4424.10110,N,00855.26579,E,1,13,0.8,-8.4,M,44.7,M,,*66
55031 1658494793 0 7 $GNGGA,125954.000,4424.10005,N,00855.26652,E,1,13,0.8,-7.3,M,44.7,M,,*67
55032 1658494793 0 1 0.712
55033 1658494793 0 3 2.724 0.005
55034 1658494794 0 4 2.573 1.593
55040 1658494795 0 7 $GNGGA,125956.000,4424.09862,N,00855.26784,E,1,13,0.8,-6.3,M,44.7,M,,*6F
55041 1658494796 0 7 $GNGGA,125957.000,4424.09792,N,00855.26830,E,1,13,0.8,-6.0,M,44.7,M,,*6D
55042 1658494796 0 3 2.729 0.005
55044 1658494797 0 4 2.573 1.593
55047 1658494797 0 2 0.06800001 5.29419994 1.55509996 0.04070000 2.73230004 0.00500000 0.07180000 0.30120000 1.00000000 84.75599670
55049 1658494799 0 7 $GNGGA,130000.000,4424.09587,N,00855.26956,E,1,13,0.8,-5.6,M,44.7,M,,*60
55050 1658494799 0 1 0.661
55054 1658494800 0 6 0.12
55060 1658494802 0 3 2.725 0.005
55069 1658494805 0 1 0.803
55071 1658494806 0 4 2.572 1.593
55074 1658494806 0 8 4.997 12.332 11.91
55078 1658494808 0 7 $GNGGA,130009.000,4424.08997,N,00855.27460,E,1,14,0.7,-4.8,M,44.7,M,,*6B
55079 1658494808 0 1 0.714
55080 1658494808 0 3 2.729 0.005
55085 1658494809 0 0 27.87 8.21 107.7 67.91 129.7 7.92 15.3 0.0 346.7 2.04 46.21 1.2
55088 1658494811 0 1 1.298
55089 1658494811 0 3 2.727 0.005
55097 1658494814 0 7 $GNGGA,130015.000,4424.08642,N,00855.27869,E,1,14,0.7,-4.5,M,44.7,M,,*69
55098 1658494814 0 1 0.828
55100 1658494815 0 4 2.572 1.613
55102 1658494815 0 6 0.12
55103 1658494815 0 8 4.997 12.332 11.91
55106 1658494817 0 7 $GNGGA,130018.000,4424.08393,N,00855.28117,E,1,14,0.7,-4.7,M,44.7,M,,*60
55108 1658494817 0 1 0.838
55111 1658494818 0 6 0.12
55115 1658494819 0 7 $GNGGA,130020.000,4424.08247,N,00855.28274,E,1,14,0.7,-4.7,M,44.7,M,,*65
55116 1658494820 0 7 $GNGGA,130021.000,4424.08165,N,00855.28350,E,1,14,0.7,-4.7,M,44.7,M,,*60
55117 1658494820 0 1 0.826
55118 1658494820 0 3 2.720 0.005
55120 1658494821 0 5 0.06
55125 1658494823 0 7 $GNGGA,130024.000,4424.07948,N,00855.28585,E,1,14,0.7,-4.7,M,44.7,M,,*63
55127 1658494823 0 1 0.802
55130 1658494824 0 6 0.12
55131 1658494824 0 8 4.997 12.332 11.89
55132 1658494824 0 0 27.86 8.21 107.7 67.79 129.7 7.93 15.2 0.0 346.5 1.96 46.11 1.2
55133 1658494824 0 7 $GNGGA,130025.000,4424.07880,N,00855.28662,E,1,14,0.7,-4.7,M,44.7,M,,*6D
55136 1658494826 0 1 0.705
55137 1658494826 0 3 2.723 0.005
55140 1658494827 0 6 0.12
55143 1658494828 0 7 $GNGGA,130028.000,4424.07648,N,00855.28898,E,1,14,0.7,-4.4,M,44.7,M,,*62
55144 1658494829 0 7 $GNGGA,130030.000,4424.07512,N,00855.29056,E,1,14,0.7,-4.3,M,44.7,M,,*6B
55145 1658494829 0 3 2.723 0.005
55146 1658494829 0 1 0.811
55148 1658494830 0 5 0.06
55154 1658494832 0 7 $GNGGA,130033.000,4424.07307,N,00855.29282,E,1,14,0.7,-4.0,M,44.7,M,,*62
55155 1658494832 0 1 0.896
55157 1658494833 0 4 2.573 1.608
55159 1658494833 0 6 0.12
55164 1658494835 0 1 0.819
55165 1658494835 0 3 2.720 0.005
55172 1658494837 0 7 $GNGGA,130038.000,4424.06957,N,00855.29662,E,1,14,0.7,-3.5,M,44.7,M,,*6F
55173 1658494838 0 7 $GNGGA,130039.000,4424.06895,N,00855.29737,E,1,14,0.7,-3.4,M,44.7,M,,*61
55174 1658494838 0 1 1.277
55176 1658494839 0 4 2.572 1.608
55177 1658494839 0 5 0.06
55182 1658494841 0 7 $GNGGA,130042.000,4424.06698,N,00855.29956,E,1,14,0.7,-3.1,M,44.7,M,,*62
55183 1658494841 0 1 0.811
55187 1658494842 0 6 0.12
55189 1658494842 0 0 27.82 8.21 107.7 67.91 129.8 7.93 15.2 0.0 347.3 1.93 46.21 1.2
55190 1658494842 0 7 $GNGGA,130043.000,4424.06639,N,00855.30030,E,1,14,0.7,-3.0,M,44.7,M,,*68
55193 1658494844 0 3 2.720 0.005
55196 1658494845 0 6 0.12
55200 1658494846 0 7 $GNGGA,130047.000,4424.06380,N,00855.30342,E,1,14,0.7,-2.7,M,44.7,M,,*6B
55202 1658494847 0 3 2.718 0.005
55203 1658494848 0 4 2.572 1.606
55204 1658494848 0 5 0.06
55205 1658494848 0 6 0.12
55210 1658494850 0 7 $GNGGA,130051.000,4424.06121,N,00855.30629,E,1,14,0.7,-2.5,M,44.7,M,,*6F
55217 1658494851 0 7 $GNGGA,130052.000,4424.06053,N,00855.30698,E,1,14,0.7,-2.5,M,44.7,M,,*62
55219 1658494853 0 7 $GNGGA,130054.000,4424.05919,N,00855.30839,E,1,14,0.7,-2.4,M,44.7,M,,*64
55220 1658494853 0 3 2.720 0.005
55224 1658494854 0 8 4.997 12.341 11.89
55230 1658494856 0 3 2.723 0.005
55231 1658494856 0 1 0.798
55232 1658494857 0 4 2.572 1.606
55233 1658494857 0 5 0.06
55238 1658494859 0 7 $GNGGA,130100.000,4424.05515,N,00855.31254,E,1,14,0.7,-2.5,M,44.7,M,,*65
55239 1658494859 0 1 0.875
55243 1658494860 0 6 0.12
55245 1658494860 0 0 27.76 8.21 107.8 67.75 130.0 7.96 15.2 0.0 349.1 1.88 46.09 1.2
55246 1658494860 0 7 $GNGGA,130101.000,4424.05439,N,00855.31314,E,1,14,0.7,-2.4,M,44.7,M,,*6F
55249 1658494862 0 1 0.837
55250 1658494862 0 3 2.724 0.005
55257 1658494865 0 7 $GNGGA,130106.000,4424.05100,N,00855.31620,E,1,14,0.7,-2.0,M,44.7,M,,*61
55258 1658494865 0 1 1.312
55263 1658494866 0 8 4.997 12.313 11.89
55267 1658494868 0 7 $GNGGA,130109.000,4424.04887,N,00855.31797,E,1,14,0.7,-2.0,M,44.7,M,,*64
55268 1658494868 0 1 0.811
55269 1658494868 0 3 2.726 0.005
55274 1658494869 0 0 27.95 8.22 107.7 67.85 130.1 7.94 15.1 0.0 339.2 2.01 46.16 1.2
55276 1658494871 0 7 $GNGGA,130112.000,4424.04694,N,00855.32007,E,1,14,0.7,-2.0,M,44.7,M,,*6F
55277 1658494871 0 3 2.726 0.005
55287 1658494874 0 1 0.814
55289 1658494875 0 4 2.573 1.603
55292 1658494875 0 8 4.997 12.323 11.87
55295 1658494877 0 7 $GNGGA,130118.000,4424.04314,N,00855.32403,E,1,14,0.7,-1.5,M,44.7,M,,*6E
55298 1658494878 0 4 2.574 1.603
55300 1658494878 0 6 0.12
55302 1658494878 0 0 27.87 8.22 107.7 67.86 130.2 7.96 15.2 0.0 341.8 2.05 46.17 1.2
55303 1658494878 0 7 $GNGGA,130119.000,4424.04256,N,00855.32471,E,1,14,0.7,-1.6,M,44.7,M,,*6E
55306 1658494880 0 1 0.833
55307 1658494880 0 3 2.727 0.005
55314 1658494883 0 7 $GNGGA,130124.000,4424.03963,N,00855.32839,E,1,14,0.7,-1.4,M,44.7,M,,*68
55317 1658494884 0 4 2.572 1.603
55320 1658494884 0 8 4.997 12.323 11.89
55324 1658494886 0 7 $GNGGA,130127.000,4424.03797,N,00855.33051,E,1,14,0.7,-1.1,M,44.7,M,,*6C
55325 1658494886 0 1 0.931
55331 1658494887 0 0 27.97 8.21 107.6 67.97 130.4 7.95 15.2 0.0 343.1 1.92 46.25 1.2
55332 1658494888 0 7 $GNGGA,130128.000,4424.03744,N,00855.33125,E,1,14,0.7,-1.2,M,44.7,M,,*6C
55334 1658494889 0 1 0.849
55335 1658494889 0 3 2.723 0.005
55343 1658494892 0 7 $GNGGA,130133.000,4424.03439,N,00855.33498,E,1,14,0.7,-1.5,M,44.7,M,,*6B
55344 1658494892 0 1 1.357
55346 1658494893 0 4 2.572 1.606
55347 1658494893 0 5 0.06
55348 1658494893 0 6 0.12
55355 1658494896 0 4 2.572 1.606
55356 1658494896 0 5 0.06
55357 1658494896 0 6 0.12
55358 1658494896 0 8 4.997 12.332 11.89
55359 1658494896 0 0 27.90 8.21 107.6 67.78 130.4 7.97 15.2 0.0 344.6 1.98 46.11 1.2
55362 1658494898 0 7 $GNGGA,130139.000,4424.03083,N,00855.33938,E,1,14,0.7,-1.7,M,44.7,M,,*61
55363 1658494898 0 3 2.722 0.005
55364 1658494898 0 1 0.874
55371 1658494901 0 7 $GNGGA,130142.000,4424.02889,N,00855.34158,E,1,14,0.7,-1.4,M,44.7,M,,*64
55372 1658494901 0 1 0.903
55374 1658494902 0 4 2.572 1.606
55375 1658494902 0 5 0.06
55376 1658494902 0 6 0.12
55381 1658494904 0 7 $GNGGA,130145.000,4424.02696,N,00855.34371,E,1,14,0.7,-1.3,M,44.7,M,,*6D
55382 1658494904 0 3 2.724 0.005
55383 1658494904 0 1 0.890
55390 1658494907 0 7 $GNGGA,130148.000,4424.02514,N,00855.34595,E,1,14,0.7,-1.1,M,44.7,M,,*67
55391 1658494907 0 1 0.859
55392 1658494907 0 3 2.720 0.005
55394 1658494908 0 5 0.06
55400 1658494910 0 7 $GNGGA,130151.000,4424.02329,N,00855.34825,E,1,14,0.7,-1.1,M,44.7,M,,*61
55402 1658494910 0 1 0.982
55405 1658494911 0 6 0.12
55407 1658494911 0 0 28.06 8.21 107.6 67.83 130.6 7.96 15.1 0.0 340.0 1.90 46.14 1.2
55408 1658494912 0 7 $GNGGA,130152.000,4424.02265,N,00855.34893,E,1,14,0.7,-1.1,M,44.7,M,,*66
55409 1658494913 0 7 $GNGGA,130154.000,4424.02154,N,00855.35045,E,1,14,0.7,-1.2,M,44.7,M,,*60
55410 1658494913 0 1 0.958
55412 1658494914 0 4 2.573 1.606
55413 1658494914 0 5 0.06
55418 1658494915 0 7 $GNGGA,130156.000,4424.02024,N,00855.35190,E,1,14,0.7,-1.3,M,44.7,M,,*6C
55420 1658494916 0 1 0.891
55421 1658494916 0 3 2.718 0.005
55422 1658494917 0 4 2.573 1.608
55423 1658494917 0 5 0.06
55427 1658494919 0 7 $GNGGA,130200.000,4424.01792,N,00855.35431,E,1,14,0.7,-0.9,M,44.7,M,,*60
55428 1658494919 0 1 1.375
55430 1658494920 0 4 2.573 1.608
55435 1658494920 0 7 $GNGGA,130201.000,4424.01735,N,00855.35509,E,1,14,0.7,-0.9,M,44.7,M,,*66
55438 1658494922 0 1 0.918
55439 1658494922 0 3 2.715 0.005
55446 1658494925 0 7 $GNGGA,130206.000,4424.01424,N,00855.35889,E,1,14,0.7,-0.8,M,44.7,M,,*66
55449 1658494926 0 4 2.575 1.608
55450 1658494926 0 5 0.06
55456 1658494928 0 7 $GNGGA,130209.000,4424.01242,N,00855.36128,E,1,14,0.7,-0.9,M,44.7,M,,*6F
55457 1658494928 0 1 0.888
55463 1658494929 0 0 27.99 8.21 107.6 67.99 130.7 7.97 15.2 0.0 344.1 1.85 46.27 1.2
55464 1658494930 0 7 $GNGGA,130210.000,4424.01188,N,00855.36210,E,1,14,0.7,-1.0,M,44.7,M,,*62
55468 1658494932 0 4 2.575 1.603
55469 1658494932 0 5 0.06
55470 1658494932 0 6 0.12
55474 1658494933 0 7 $GNGGA,130214.000,4424.00979,N,00855.36539,E,1,14,0.7,-1.2,M,44.7,M,,*6F
55476 1658494934 0 1 0.880
55478 1658494935 0 4 2.573 1.603
55481 1658494935 0 8 4.997 12.332 11.89
55484 1658494937 0 7 $GNGGA,130218.000,4424.00654,N,00855.36864,E,1,14,0.7,-1.1,M,44.7,M,,*65
55486 1658494937 0 1 0.887
55487 1658494938 0 4 2.573 1.621
55491 1658494938 0 0 27.99 8.21 107.5 67.88 130.7 7.97 15.2 0.0 342.4 1.89 46.18 1.2
55492 1658494938 0 7 $GNGGA,130219.000,4424.00576,N,00855.36946,E,1,14,0.7,-1.1,M,44.7,M,,*66
55495 1658494940 0 1 0.942
55496 1658494940 0 3 2.721 0.005
55501 1658494941 0 0 28.02 8.21 107.4 67.97 130.7 7.96 15.2 0.0 343.9 1.91 46.25 1.2
55503 1658494943 0 7 $GNGGA,130224.000,4424.00263,N,00855.37369,E,1,14,0.7,-1.3,M,44.7,M,,*6F
55504 1658494943 0 1 0.856
55506 1658494944 0 4 2.573 1.633
55508 1658494944 0 6 0.12
55509 1658494944 0 8 4.997 12.332 11.91
55513 1658494946 0 7 $GNGGA,130227.000,4424.00081,N,00855.37625,E,1,14,0.7,-1.4,M,44.7,M,,*68
55514 1658494946 0 1 1.282
55525 1658494950 0 4 2.573 1.628
55526 1658494950 0 5 0.06
55529 1658494950 0 0 28.12 8.21 107.4 67.87 130.7 7.95 15.1 0.0 340.7 1.82 46.17 1.2
55531 1658494951 0 7 $GNGGA,130232.000,4423.99779,N,00855.38048,E,1,14,0.7,-1.5,M,44.7,M,,*68
55532 1658494952 0 7 $GNGGA,130233.000,4423.99716,N,00855.38134,E,1,14,0.7,-1.4,M,44.7,M,,*6B
55535 1658494953 0 4 2.575 1.608
55536 1658494953 0 5 0.06
55537 1658494953 0 6 0.12
55538 1658494953 0 8 4.997 12.332 11.91
55541 1658494955 0 7 $GNGGA,130236.000,4423.99545,N,00855.38404,E,1,14,0.7,-1.3,M,44.7,M,,*6B
55542 1658494955 0 1 0.818
55544 1658494956 0 4 2.573 1.608
55546 1658494956 0 6 0.12
55550 1658494957 0 7 $GNGGA,130238.000,4423.99414,N,00855.38562,E,1,14,0.7,-1.4,M,44.7,M,,*66
55551 1658494958 0 7 $GNGGA,130239.000,4423.99348,N,00855.38632,E,1,14,0.7,-1.5,M,44.7,M,,*6E
55552 1658494958 0 3 2.712 0.005
55553 1658494958 0 1 0.866
55560 1658494961 0 7 $GNGGA,130242.000,4423.99155,N,00855.38866,E,1,14,0.7,-1.6,M,44.7,M,,*60
55561 1658494961 0 1 0.795
55563 1658494962 0 4 2.575 1.603
55565 1658494962 0 6 0.12
55566 1658494962 0 8 4.997 12.332 11.91
55571 1658494964 0 3 2.713 0.005
55572 1658494964 0 1 0.842
55579 1658494967 0 7 $GNGGA,130248.000,4423.98824,N,00855.39351,E,1,14,0.7,-1.4,M,44.7,M,,*68
55580 1658494967 0 1 0.839
55581 1658494967 0 3 2.715 0.005
55582 1658494968 0 4 2.573 1.601
55583 1658494968 0 5 0.06
55589 1658494970 0 7 $GNGGA,130251.000,4423.98653,N,00855.39571,E,1,14,0.7,-1.3,M,44.7,M,,*6D
55590 1658494970 0 1 0.838
55595 1658494971 0 8 4.997 12.332 11.91
55596 1658494971 0 0 28.07 8.21 107.4 68.03 130.5 7.94 15.1 0.0 353.1 1.84 46.30 1.2
55598 1658494973 0 7 $GNGGA,130254.000,4423.98476,N,00855.39765,E,1,14,0.7,-0.8,M,44.7,M,,*60
55599 1658494973 0 1 1.330
55600 1658494973 0 3 2.718 0.005
55608 1658494976 0 7 $GNGGA,130257.000,4423.98314,N,00855.39984,E,1,14,0.7,-0.8,M,44.7,M,,*61
55609 1658494976 0 1 0.830
55610 1658494976 0 3 2.723 0.005
55611 1658494977 0 4 2.574 1.603
55612 1658494977 0 5 0.06
55613 1658494977 0 6 0.12
55614 1658494977 0 8 4.997 12.332 11.89
55617 1658494979 0 7 $GNGGA,130300.000,4423.98117,N,00855.40214,E,1,14,0.7,-0.6,M,44.7,M,,*61
55625 1658494980 0 7 $GNGGA,130301.000,4423.98053,N,00855.40295,E,1,14,0.7,-0.6,M,44.7,M,,*68
55626 1658494981 0 7 $GNGGA,130302.000,4423.97991,N,00855.40375,E,1,14,0.7,-0.7,M,44.7,M,,*6D
55628 1658494982 0 1 0.778
55629 1658494982 0 3 2.723 0.005
55636 1658494985 0 7 $GNGGA,130306.000,4423.97757,N,00855.40681,E,1,14,0.7,-0.3,M,44.7,M,,*67
55637 1658494985 0 3 2.719 0.005
55640 1658494986 0 5 0.06
55646 1658494988 0 7 $GNGGA,130309.000,4423.97591,N,00855.40906,E,1,14,0.7,0.5,M,44.7,M,,*4B
55647 1658494988 0 1 0.808
55649 1658494989 0 4 2.574 1.598
55654 1658494990 0 7 $GNGGA,130310.000,4423.97534,N,00855.40992,E,1,14,0.7,0.7,M,44.7,M,,*43
55656 1658494991 0 3 2.722 0.005
55657 1658494991 0 1 0.828
55665 1658494994 0 7 $GNGGA,130315.000,4423.97227,N,00855.41407,E,1,14,0.7,0.1,M,44.7,M,,*45
55666 1658494994 0 1 0.864
55669 1658494995 0 5 0.06
55670 1658494995 0 6 0.12
55671 1658494995 0 8 4.997 12.323 11.89
55672 1658494995 0 0 27.98 8.21 107.3 67.94 130.3 7.95 15.3 0.0 349.9 1.93 46.23 1.2
55678 1658494998 0 4 2.575 1.598
55680 1658494998 0 6 0.12
55683 1658494998 0 7 $GNGGA,130319.000,4423.96951,N,00855.41711,E,1,14,0.7,-0.4,M,44.7,M,,*6E
55684 1658494999 0 7 $GNGGA,130320.000,4423.96889,N,00855.41779,E,1,14,0.7,-0.4,M,44.7,M,,*6E
55685 1658495000 0 7 $GNGGA,130321.000,4423.96835,N,00855.41851,E,1,14,0.7,-0.3,M,44.7,M,,*6A
55686 1658495000 0 1 1.308
55688 1658495001 0 4 2.575 1.598
55689 1658495001 0 5 0.06
55694 1658495003 0 7 $GNGGA,130324.000,4423.96661,N,00855.42065,E,1,14,0.7,-0.3,M,44.7,M,,*6C
55695 1658495003 0 1 0.885
55697 1658495004 0 4 2.575 1.601
55698 1658495004 0 5 0.06
55699 1658495004 0 6 0.12
55700 1658495004 0 8 4.997 12.323 11.89
55706 1658495006 0 1 0.896
55707 1658495007 0 4 2.575 1.603
55712 1658495008 0 7 $GNGGA,130328.000,4423.96433,N,00855.42368,E,1,14,0.7,-0.4,M,44.7,M,,*6C
55713 1658495009 0 7 $GNGGA,130330.000,4423.96293,N,00855.42492,E,1,14,0.7,-0.4,M,44.7,M,,*6B
55714 1658495009 0 1 0.773
55715 1658495009 0 3 2.727 0.005
55716 1658495010 0 4 2.575 1.606
55717 1658495010 0 5 0.06
55722 1658495012 0 7 $GNGGA,130333.000,4423.96109,N,00855.42720,E,1,14,0.7,-0.5,M,44.7,M,,*63
55723 1658495012 0 3 2.728 0.005
55728 1658495013 0 8 4.997 12.323 11.89
55730 1658495013 0 7 $GNGGA,130334.000,4423.96050,N,00855.42793,E,1,14,0.7,-0.4,M,44.7,M,,*60
55735 1658495016 0 4 2.575 1.603
55736 1658495016 0 5 0.06
55737 1658495016 0 6 0.12
55741 1658495017 0 7 $GNGGA,130338.000,4423.95824,N,00855.43098,E,1,14,0.7,-0.4,M,44.7,M,,*69
55742 1658495018 0 7 $GNGGA,130339.000,4423.95767,N,00855.43178,E,1,14,0.7,-0.5,M,44.7,M,,*6E
55746 1658495019 0 5 0.06
55751 1658495021 0 7 $GNGGA,130342.000,4423.95573,N,00855.43396,E,1,14,0.7,-0.5,M,44.7,M,,*67
55752 1658495021 0 1 0.821
55754 1658495022 0 4 2.574 1.598
55757 1658495022 0 8 4.997 12.332 11.89
55758 1658495022 0 0 28.24 8.21 107.2 67.89 130.2 7.91 15.1 0.0 343.5 1.96 46.18 1.2
55759 1658495022 0 7 $GNGGA,130343.000,4423.95507,N,00855.43460,E,1,14,0.7,-0.5,M,44.7,M,,*6B
55762 1658495024 0 1 0.848
55763 1658495024 0 3 2.723 0.005
55764 1658495025 0 4 2.575 1.598
55770 1658495027 0 7 $GNGGA,130348.000,4423.95191,N,00855.43802,E,1,14,0.7,-0.0,M,44.7,M,,*66
55771 1658495027 0 1 1.293
55773 1658495028 0 4 2.576 1.598
55774 1658495028 0 5 0.06
55775 1658495028 0 6 0.12
55780 1658495030 0 7 $GNGGA,130351.000,4423.95039,N,00855.44055,E,1,14,0.7,0.1,M,44.7,M,,*4C
55781 1658495030 0 1 0.880
55788 1658495032 0 7 $GNGGA,130352.000,4423.94972,N,00855.44121,E,1,14,0.7,0.1,M,44.7,M,,*4A
55789 1658495033 0 7 $GNGGA,130354.000,4423.94864,N,00855.44266,E,1,14,0.7,0.4,M,44.7,M,,*4F
55791 1658495033 0 1 0.872
55799 1658495036 0 7 $GNGGA,130357.000,4423.94700,N,00855.44505,E,1,14,0.7,0.6,M,44.7,M,,*41
55800 1658495036 0 1 0.749
55802 1658495037 0 4 2.575 1.601
55803 1658495037 0 5 0.06
55804 1658495037 0 2 0.07540000 5.31160020 1.59529995 0.04090000 2.80259990 0.00500000 0.07280001 0.33399999 1.00000000 84.57399749
55806 1658495038 0 7 $GNGGA,130359.000,4423.94588,N,00855.44668,E,1,14,0.7,0.5,M,44.7,M,,*46
55807 1658495039 0 7 $GNGGA,130400.000,4423.94524,N,00855.44748,E,1,14,0.7,0.4,M,44.7,M,,*49
55812 1658495040 0 6 0.12
55815 1658495040 0 7 $GNGGA,130401.000,4423.94465,N,00855.44843,E,1,14,0.7,0.3,M,44.7,M,,*4F
55816 1658495041 0 7 $GNGGA,130402.000,4423.94407,N,00855.44935,E,1,14,0.7,0.2,M,44.7,M,,*49
55818 1658495042 0 1 0.716
55819 1658495042 0 3 2.720 0.005
55826 1658495044 0 7 $GNGGA,130405.000,4423.94220,N,00855.45177,E,1,14,0.7,0.0,M,44.7,M,,*40
55827 1658495045 0 7 $GNGGA,130406.000,4423.94150,N,00855.45241,E,1,14,0.7,-0.1,M,44.7,M,,*6D
55828 1658495045 0 3 2.719 0.005
55831 1658495046 0 5 0.06
55832 1658495046 0 6 0.12
55833 1658495046 0 8 4.997 12.323 11.89
55836 1658495047 0 7 $GNGGA,130408.000,4423.94024,N,00855.45391,E,1,14,0.7,-0.1,M,44.7,M,,*6D
55838 1658495048 0 1 0.972
55839 1658495048 0 3 2.719 0.005
55845 1658495050 0 7 $GNGGA,130410.000,4423.93910,N,00855.45551,E,1,14,0.7,-0.2,M,44.7,M,,*64
55847 1658495051 0 1 0.845
55848 1658495051 0 3 2.725 0.005
55851 1658495052 0 6 0.12
55856 1658495054 0 7 $GNGGA,130415.000,4423.93604,N,00855.45946,E,1,14,0.7,-0.2,M,44.7,M,,*61
55857 1658495054 0 1 1.428
55866 1658495057 0 1 0.797
55874 1658495059 0 7 $GNGGA,130420.000,4423.93359,N,00855.46384,E,1,14,0.7,-0.1,M,44.7,M,,*6E
55875 1658495060 0 7 $GNGGA,130421.000,4423.93303,N,00855.46457,E,1,14,0.7,-0.2,M,44.7,M,,*6A
55876 1658495060 0 3 2.718 0.005
55877 1658495060 0 1 0.869
55880 1658495061 0 6 0.12
55884 1658495063 0 7 $GNGGA,130424.000,4423.93130,N,00855.46683,E,1,14,0.7,-0.0,M,44.7,M,,*64
55885 1658495063 0 1 0.809
55886 1658495063 0 3 2.721 0.005
55888 1658495064 0 5 0.06
55889 1658495064 0 6 0.12
55890 1658495064 0 8 4.997 12.332 11.89
55896 1658495066 0 1 0.744
55897 1658495067 0 4 2.576 1.603
55902 1658495068 0 7 $GNGGA,130428.000,4423.92886,N,00855.47039,E,1,14,0.7,0.1,M,44.7,M,,*47
55903 1658495069 0 7 $GNGGA,130430.000,4423.92754,N,00855.47205,E,1,14,0.7,0.0,M,44.7,M,,*42
55904 1658495069 0 1 0.751
55905 1658495069 0 3 2.726 0.005
55906 1658495070 0 4 2.575 1.603
55907 1658495070 0 5 0.06
55910 1658495070 0 0 28.10 8.21 106.9 67.90 130.1 7.92 15.3 0.0 355.7 1.93 46.20 1.2
55913 1658495072 0 7 $GNGGA,130433.000,4423.92583,N,00855.47456,E,1,14,0.7,0.0,M,44.7,M,,*49
55914 1658495072 0 3 2.725 0.005
55919 1658495073 0 8 4.997 12.332 11.91
55921 1658495073 0 7 $GNGGA,130434.000,4423.92522,N,00855.47537,E,1,14,0.7,-0.0,M,44.7,M,,*6E
55924 1658495075 0 1 0.929
55926 1658495076 0 4 2.575 1.648
55933 1658495078 0 7 $GNGGA,130439.000,4423.92209,N,00855.47950,E,1,14,0.7,0.2,M,44.7,M,,*4F
55934 1658495078 0 1 0.796
55936 1658495079 0 4 2.574 1.648
55937 1658495079 0 5 0.06
55943 1658495081 0 1 1.393
55945 1658495082 0 4 2.574 1.648
55947 1658495082 0 6 0.12
55948 1658495082 0 8 4.997 12.332 11.89
55949 1658495082 0 0 28.11 8.21 106.8 67.87 130.0 7.91 15.3 0.0 355.2 2.03 46.17 1.2
55950 1658495082 0 7 $GNGGA,130443.000,4423.92015,N,00855.48257,E,1,14,0.7,-0.4,M,44.7,M,,*65
55953 1658495084 0 1 0.801
55961 1658495087 0 7 $GNGGA,130448.000,4423.91748,N,00855.48664,E,1,14,0.7,-0.7,M,44.7,M,,*65
55964 1658495088 0 4 2.574 1.628
55970 1658495090 0 7 $GNGGA,130451.000,4423.91593,N,00855.48907,E,1,14,0.7,-1.1,M,44.7,M,,*64
55971 1658495090 0 1 0.694
55978 1658495091 0 7 $GNGGA,130452.000,4423.91541,N,00855.48989,E,1,14,0.7,-1.1,M,44.7,M,,*6E
55979 1658495092 0 7 $GNGGA,130453.000,4423.91487,N,00855.49075,E,1,14,0.7,-1.2,M,44.7,M,,*6C
55980 1658495093 0 7 $GNGGA,130454.000,4423.91426,N,00855.49155,E,1,14,0.7,-1.1,M,44.7,M,,*60
55981 1658495093 0 3 2.723 0.005
55982 1658495093 0 1 0.737
55983 1658495094 0 4 2.574 1.611
55988 1658495094 0 7 $GNGGA,130455.000,4423.91365,N,00855.49224,E,1,14,0.7,-1.0,M,44.7,M,,*65
55990 1658495096 0 7 $GNGGA,130457.000,4423.91215,N,00855.49380,E,1,14,0.7,-0.9,M,44.7,M,,*66
55991 1658495096 0 1 0.767
55992 1658495096 0 3 2.727 0.005
55994 1658495097 0 5 0.06
55996 1658495097 0 8 4.997 12.332 11.89
56001 1658495099 0 1 0.865
56010 1658495102 0 1 0.968
56011 1658495102 0 3 2.731 0.005
56014 1658495103 0 6 0.12
56018 1658495105 0 7 $GNGGA,130506.000,4423.90782,N,00855.50130,E,1,14,0.7,-1.9,M,44.7,M,,*69
56019 1658495105 0 1 0.811
56020 1658495105 0 3 2.730 0.005
56024 1658495106 0 8 4.997 12.323 11.82
56028 1658495108 0 1 1.462
56029 1658495108 0 3 2.730 0.005
56038 1658495111 0 1 0.793
56039 1658495111 0 3 2.728 0.005
56042 1658495112 0 6 0.12
56047 1658495114 0 7 $GNGGA,130515.000,4423.90317,N,00855.50844,E,1,14,0.7,-2.2,M,44.7,M,,*61
56048 1658495114 0 3 2.726 0.005
56053 1658495115 0 8 4.997 12.323 11.89
56057 1658495117 0 1 0.758
56058 1658495117 0 3 2.730 0.005
56066 1658495120 0 7 $GNGGA,130521.000,4423.89988,N,00855.51323,E,1,14,0.7,-2.4,M,44.7,M,,*6F
56068 1658495120 0 1 0.801
56075 1658495123 0 7 $GNGGA,130524.000,4423.89820,N,00855.51568,E,1,14,0.7,-2.6,M,44.7,M,,*62
56076 1658495123 0 1 0.800
56077 1658495123 0 3 2.730 0.005
56079 1658495124 0 5 0.06
56081 1658495124 0 8 4.997 12.323 11.89
56082 1658495124 0 0 27.98 8.21 106.6 67.89 129.9 7.92 15.3 0.0 358.7 2.09 46.19 1.2
56083 1658495124 0 7 $GNGGA,130525.000,4423.89766,N,00855.51652,E,1,14,0.7,-2.7,M,44.7,M,,*65
56084 1658495125 0 7 $GNGGA,130526.000,4423.89705,N,00855.51737,E,1,14,0.7,-2.6,M,44.7,M,,*60
56085 1658495126 0 7 $GNGGA,130527.000,4423.89643,N,00855.51810,E,1,14,0.7,-2.4,M,44.7,M,,*6A
56086 1658495126 0 1 0.819
56093 1658495128 0 7 $GNGGA,130528.000,4423.89588,N,00855.51876,E,1,14,0.7,-2.4,M,44.7,M,,*61
56094 1658495129 0 1 1.014
56095 1658495129 0 3 2.727 0.005
56096 1658495130 0 4 2.574 1.633
56099 1658495130 0 8 4.997 12.332 11.89
56103 1658495132 0 7 $GNGGA,130533.000,4423.89302,N,00855.52267,E,1,14,0.7,-2.2,M,44.7,M,,*60
56104 1658495132 0 1 0.907
56106 1658495133 0 4 2.575 1.633
56108 1658495133 0 6 0.12
56109 1658495133 0 8 4.997 12.323 11.89
56110 1658495133 0 0 27.89 8.21 106.5 67.84 129.8 7.93 15.3 0.0 357.7 2.09 46.15 1.2
56114 1658495135 0 1 1.542
56115 1658495135 0 3 2.727 0.005
56122 1658495137 0 7 $GNGGA,130538.000,4423.89049,N,00855.52684,E,1,14,0.7,-2.9,M,44.7,M,,*65
56124 1658495138 0 1 0.870
56132 1658495141 0 7 $GNGGA,130542.000,4423.88768,N,00855.52998,E,1,14,0.7,-2.7,M,44.7,M,,*61
56134 1658495142 0 4 2.573 1.636
56138 1658495142 0 0 27.92 8.21 106.5 67.88 129.9 7.93 15.3 0.0 356.0 2.10 46.19 1.2
56139 1658495142 0 7 $GNGGA,130543.000,4423.88709,N,00855.53069,E,1,14,0.7,-2.6,M,44.7,M,,*60
56142 1658495144 0 3 2.731 0.005
56149 1658495146 0 7 $GNGGA,130547.000,4423.88476,N,00855.53361,E,1,14,0.7,-2.2,M,44.7,M,,*60
56152 1658495148 0 4 2.576 1.633
56153 1658495148 0 5 0.06
56154 1658495148 0 6 0.12
56155 1658495148 0 8 4.997 12.332 11.91
56158 1658495149 0 7 $GNGGA,130550.000,4423.88302,N,00855.53593,E,1,14,0.7,-2.0,M,44.7,M,,*6B
56159 1658495150 0 7 $GNGGA,130551.000,4423.88245,N,00855.53675,E,1,14,0.7,-2.0,M,44.7,M,,*63
56166 1658495151 0 7 $GNGGA,130552.000,4423.88180,N,00855.53764,E,1,14,0.7,-2.0,M,44.7,M,,*6B
56167 1658495152 0 1 0.853
56169 1658495153 0 7 $GNGGA,130554.000,4423.88064,N,00855.53952,E,1,14,0.7,-2.4,M,44.7,M,,*69
56170 1658495153 0 1 0.854
56171 1658495153 0 3 2.727 0.005
56179 1658495156 0 7 $GNGGA,130557.000,4423.87879,N,00855.54220,E,1,14,0.7,-2.6,M,44.7,M,,*6A
56180 1658495156 0 1 1.046
56186 1658495159 0 7 $GNGGA,130600.000,4423.87705,N,00855.54468,E,1,14,0.7,-2.7,M,44.7,M,,*64
56187 1658495159 0 1 0.873
56193 1658495160 0 0 27.86 8.21 106.4 67.85 130.1 7.95 15.3 0.0 354.4 2.10 46.16 1.2
56196 1658495162 0 7 $GNGGA,130603.000,4423.87529,N,00855.54710,E,1,14,0.7,-2.7,M,44.7,M,,*67
56197 1658495162 0 1 1.495
56198 1658495162 0 3 2.730 0.005
56199 1658495163 0 4 2.576 1.633
56205 1658495165 0 7 $GNGGA,130606.000,4423.87352,N,00855.54970,E,1,14,0.7,-3.2,M,44.7,M,,*64
56206 1658495165 0 1 0.834
56208 1658495166 0 4 2.576 1.631
56209 1658495166 0 5 0.06
56210 1658495166 0 6 0.12
56213 1658495166 0 7 $GNGGA,130607.000,4423.87293,N,00855.55042,E,1,14,0.7,-3.2,M,44.7,M,,*60
56215 1658495168 0 7 $GNGGA,130609.000,4423.87171,N,00855.55185,E,1,14,0.7,-3.0,M,44.7,M,,*69
56216 1658495168 0 3 2.732 0.005
56217 1658495168 0 1 0.806
56223 1658495170 0 7 $GNGGA,130610.000,4423.87113,N,00855.55255,E,1,14,0.7,-2.9,M,44.7,M,,*63
56225 1658495171 0 1 0.773
56226 1658495171 0 3 2.727 0.005
56228 1658495172 0 5 0.06
56234 1658495174 0 7 $GNGGA,130615.000,4423.86799,N,00855.55631,E,1,14,0.7,-3.2,M,44.7,M,,*6F
56236 1658495174 0 1 0.824
56243 1658495177 0 7 $GNGGA,130618.000,4423.86653,N,00855.55876,E,1,14,0.7,-3.4,M,44.7,M,,*6E
56244 1658495177 0 1 0.805
56252 1658495179 0 7 $GNGGA,130620.000,4423.86532,N,00855.56026,E,1,14,0.7,-3.6,M,44.7,M,,*6D
56254 1658495180 0 3 2.732 0.005
56255 1658495180 0 1 0.889
56257 1658495181 0 5 0.06
56262 1658495183 0 7 $GNGGA,130624.000,4423.86325,N,00855.56353,E,1,14,0.7,-4.5,M,44.7,M,,*6C
56263 1658495183 0 1 0.987
56264 1658495184 0 3 2.731 0.005
56266 1658495184 0 5 0.06
56267 1658495184 0 6 0.12
56268 1658495184 0 8 4.997 12.332 11.89
56272 1658495186 0 1 0.864
56273 1658495186 0 3 2.731 0.005
56280 1658495188 0 7 $GNGGA,130629.000,4423.86078,N,00855.56768,E,1,14,0.7,-4.5,M,44.7,M,,*66
56282 1658495189 0 1 1.526
56284 1658495190 0 4 2.576 1.603
56287 1658495190 0 8 4.997 12.323 11.91
56291 1658495192 0 7 $GNGGA,130633.000,4423.85842,N,00855.57082,E,1,14,0.7,-4.5,M,44.7,M,,*6D
56292 1658495192 0 1 0.878
56298 1658495193 0 0 27.82 8.21 106.2 67.89 130.5 7.98 15.2 0.0 344.1 2.08 46.20 1.2
56300 1658495195 0 7 $GNGGA,130636.000,4423.85673,N,00855.57321,E,1,14,0.7,-4.5,M,44.7,M,,*6E
56301 1658495195 0 3 2.727 0.005
56309 1658495198 0 7 $GNGGA,130639.000,4423.85533,N,00855.57567,E,1,14,0.7,-4.4,M,44.7,M,,*63
56310 1658495198 0 1 0.839
56312 1658495199 0 4 2.576 1.606
56314 1658495199 0 6 0.12
56315 1658495199 0 8 4.997 12.332 11.89
56319 1658495201 0 7 $GNGGA,130642.000,4423.85351,N,00855.57813,E,1,14,0.7,-4.4,M,44.7,M,,*63
56322 1658495202 0 4 2.576 1.608
56329 1658495204 0 1 0.762
56330 1658495204 0 3 2.730 0.005
56337 1658495206 0 7 $GNGGA,130647.000,4423.85077,N,00855.58238,E,1,14,0.7,-3.5,M,44.7,M,,*6B
56338 1658495207 0 7 $GNGGA,130648.000,4423.85018,N,00855.58327,E,1,14,0.7,-3.3,M,44.7,M,,*64
56339 1658495207 0 3 2.730 0.005
56343 1658495208 0 6 0.12
56344 1658495208 0 8 4.997 12.313 11.89
56345 1658495208 0 0 27.83 8.21 106.1 67.91 130.8 8.00 15.3 0.0 341.1 2.15 46.21 1.2
56346 1658495208 0 7 $GNGGA,130649.000,4423.84952,N,00855.58409,E,1,14,0.7,-3.1,M,44.7,M,,*6A
56347 1658495210 0 7 $GNGGA,130651.000,4423.84835,N,00855.58546,E,1,14,0.7,-2.5,M,44.7,M,,*6C
56348 1658495210 0 1 0.981
56356 1658495212 0 7 $GNGGA,130653.000,4423.84713,N,00855.58698,E,1,14,0.7,-2.0,M,44.7,M,,*60
56357 1658495213 0 7 $GNGGA,130654.000,4423.84651,N,00855.58777,E,1,14,0.7,-1.8,M,44.7,M,,*6B
56358 1658495213 0 1 0.844
56359 1658495213 0 3 2.726 0.005
56364 1658495214 0 0 27.81 8.21 106.1 67.86 130.9 8.01 15.2 0.0 338.8 2.08 46.17 1.2
56366 1658495216 0 7 $GNGGA,130657.000,4423.84476,N,00855.59037,E,1,14,0.7,-1.5,M,44.7,M,,*60
56367 1658495216 0 1 1.511
56376 1658495219 0 1 0.850
56384 1658495221 0 7 $GNGGA,130702.000,4423.84237,N,00855.59502,E,1,14,0.7,-1.6,M,44.7,M,,*62
56388 1658495223 0 4 2.576 1.616
56389 1658495223 0 5 0.06
56392 1658495223 0 0 27.78 8.21 106.0 67.85 131.1 8.02 15.3 0.0 337.6 2.20 46.17 1.2
56394 1658495224 0 7 $GNGGA,130705.000,4423.84112,N,00855.59761,E,1,14,0.7,-1.8,M,44.7,M,,*68
56395 1658495225 0 7 $GNGGA,130706.000,4423.84070,N,00855.59847,E,1,14,0.7,-1.8,M,44.7,M,,*65
56396 1658495225 0 1 0.812
56398 1658495226 0 4 2.577 1.613
56402 1658495226 0 0 27.78 8.21 106.0 67.80 131.2 8.03 15.2 0.0 337.0 2.23 46.13 1.2
56403 1658495226 0 7 $GNGGA,130707.000,4423.84023,N,00855.59919,E,1,14,0.7,-1.8,M,44.7,M,,*68
56406 1658495228 0 3 2.736 0.005
56407 1658495228 0 1 0.822
56414 1658495231 0 7 $GNGGA,130712.000,4423.83806,N,00855.60263,E,1,14,0.7,-2.1,M,44.7,M,,*62
56415 1658495231 0 1 0.792
56416 1658495231 0 3 2.737 0.005
56417 1658495232 0 4 2.576 1.616
56418 1658495232 0 5 0.06
56419 1658495232 0 6 0.12
56424 1658495234 0 7 $GNGGA,130715.000,4423.83665,N,00855.60498,E,1,14,0.7,-1.5,M,44.7,M,,*6B
56432 1658495236 0 7 $GNGGA,130716.000,4423.83628,N,00855.60565,E,1,14,0.7,-1.4,M,44.7,M,,*63
56434 1658495237 0 1 1.035
56435 1658495237 0 3 2.738 0.005
56438 1658495238 0 6 0.13
56443 1658495240 0 7 $GNGGA,130721.000,4423.83454,N,00855.60916,E,1,14,0.7,-0.5,M,44.7,M,,*66
56444 1658495240 0 1 0.842
56447 1658495241 0 5 0.06
56448 1658495241 0 6 0.14
56449 1658495241 0 8 4.997 12.313 11.91
56450 1658495241 0 0 27.69 8.22 106.0 67.88 131.4 8.05 15.1 0.0 333.7 2.50 46.19 1.2
56452 1658495243 0 7 $GNGGA,130724.000,4423.83317,N,00855.61173,E,1,14,0.7,-0.6,M,44.7,M,,*6A
56453 1658495243 0 1 1.538
56454 1658495243 0 3 2.738 0.005
56455 1658495244 0 4 2.577 1.613
56461 1658495245 0 7 $GNGGA,130726.000,4423.83253,N,00855.61349,E,1,14,0.7,-1.1,M,44.7,M,,*64
56463 1658495246 0 1 0.885
56464 1658495246 0 3 2.740 0.005
56471 1658495249 0 7 $GNGGA,130730.000,4423.83092,N,00855.61699,E,1,14,0.7,-2.0,M,44.7,M,,*66
56472 1658495249 0 3 2.740 0.005
56475 1658495250 0 5 0.06
56477 1658495250 0 8 4.997 12.341 11.91
56479 1658495250 0 7 $GNGGA,130731.000,4423.83063,N,00855.61776,E,1,14,0.7,-2.4,M,44.7,M,,*6D
56480 1658495252 0 7 $GNGGA,130733.000,4423.82994,N,00855.61946,E,1,14,0.7,-2.8,M,44.7,M,,*6E
56481 1658495252 0 1 0.805
56482 1658495252 0 3 2.739 0.005
56483 1658495253 0 4 2.578 1.613
56491 1658495255 0 1 0.869
56499 1658495258 0 7 $GNGGA,130739.000,4423.82757,N,00855.62446,E,1,14,0.7,-3.1,M,44.7,M,,*63
56500 1658495258 0 1 0.778
56503 1658495259 0 5 0.06
56505 1658495259 0 8 4.997 12.323 11.91
56506 1658495259 0 0 27.62 8.22 106.0 67.81 131.6 8.08 15.2 0.0 292.4 2.70 46.14 1.2
56510 1658495261 0 1 0.841
56511 1658495262 0 4 2.577 1.611
56517 1658495264 0 7 $GNGGA,130745.000,4423.82568,N,00855.62925,E,1,15,0.7,-4.1,M,44.7,M,,*68
56518 1658495264 0 1 1.051
56519 1658495264 0 3 2.740 0.005
56520 1658495265 0 4 2.578 1.611
56521 1658495265 0 5 0.06
56522 1658495265 0 6 0.12
56523 1658495265 0 8 4.997 12.332 11.91
56524 1658495265 0 0 27.57 8.22 106.0 67.85 131.6 8.08 15.0 0.0 291.4 2.72 46.18 1.1
56525 1658495265 0 7 $GNGGA,130746.000,4423.82551,N,00855.63010,E,1,15,0.7,-4.4,M,44.7,M,,*6A
56526 1658495266 0 7 $GNGGA,130747.000,4423.82532,N,00855.63097,E,1,15,0.7,-4.6,M,44.7,M,,*63
56527 1658495267 0 7 $GNGGA,130748.000,4423.82508,N,00855.63190,E,1,15,0.7,-4.9,M,44.7,M,,*6C
56528 1658495267 0 1 0.912
56529 1658495267 0 3 2.740 0.005
56530 1658495268 0 4 2.578 1.608
56531 1658495268 0 5 0.06
56536 1658495270 0 7 $GNGGA,130751.000,4423.82429,N,00855.63412,E,1,15,0.7,-4.5,M,44.7,M,,*65
56537 1658495270 0 1 1.543
56541 1658495271 0 6 0.12
56543 1658495271 0 0 27.66 8.22 106.0 67.77 131.7 8.08 15.1 0.0 287.5 2.74 46.11 1.2
56547 1658495273 0 1 0.889
56548 1658495273 0 3 2.740 0.005
56555 1658495276 0 7 $GNGGA,130757.000,4423.82295,N,00855.63881,E,1,15,0.7,-3.6,M,44.7,M,,*60
56556 1658495276 0 3 2.740 0.005
56558 1658495277 0 4 2.578 1.613
56560 1658495277 0 2 0.06800001 5.20940017 1.58759999 0.04010000 2.72560000 0.00490000 0.07180000 0.30139999 1.00000000 84.75700378
56562 1658495278 0 7 $GNGGA,130759.000,4423.82241,N,00855.64068,E,1,15,0.7,-4.0,M,44.7,M,,*6E
56563 1658495279 0 7 $GNGGA,130800.000,4423.82214,N,00855.64159,E,1,15,0.7,-4.0,M,44.7,M,,*6E
56564 1658495279 0 1 0.844
56566 1658495280 0 4 2.577 1.616
56570 1658495280 0 0 27.61 8.22 106.0 67.79 131.7 8.08 15.0 0.0 287.2 2.77 46.13 1.1
56572 1658495282 0 7 $GNGGA,130803.000,4423.82164,N,00855.64413,E,1,15,0.7,-4.1,M,44.7,M,,*63
56573 1658495282 0 3 2.740 0.005
56581 1658495285 0 7 $GNGGA,130806.000,4423.82087,N,00855.64630,E,1,15,0.7,-3.4,M,44.7,M,,*6B
56582 1658495285 0 1 0.785
56584 1658495286 0 4 2.578 1.616
56587 1658495286 0 8 4.997 12.323 11.89
56590 1658495288 0 7 $GNGGA,130809.000,4423.81992,N,00855.64829,E,1,15,0.7,-3.2,M,44.7,M,,*6A
56592 1658495288 0 1 0.888
56593 1658495289 0 4 2.577 1.613
56599 1658495291 0 7 $GNGGA,130812.000,4423.81935,N,00855.65078,E,1,15,0.7,-3.4,M,44.7,M,,*66
56609 1658495294 0 1 0.826
56610 1658495294 0 3 2.740 0.005
56611 1658495295 0 4 2.577 1.613
56612 1658495295 0 5 0.06
56613 1658495295 0 6 0.12
56614 1658495295 0 8 4.997 12.332 11.91
56618 1658495297 0 1 1.484
56619 1658495297 0 3 2.740 0.005
56625 1658495298 0 7 $GNGGA,130819.000,4423.81784,N,00855.65584,E,1,15,0.7,-3.4,M,44.7,M,,*6F
56627 1658495300 0 1 0.862
56628 1658495300 0 3 2.740 0.005
56635 1658495302 0 7 $GNGGA,130824.000,4423.81660,N,00855.65976,E,1,15,0.7,-3.7,M,44.7,M,,*68
56641 1658495304 0 8 4.997 12.323 11.89
56645 1658495306 0 1 0.894
56653 1658495308 0 7 $GNGGA,130830.000,4423.81505,N,00855.66437,E,1,15,0.7,-4.2,M,44.7,M,,*64
56654 1658495309 0 3 2.739 0.005
56655 1658495309 0 1 0.990
56662 1658495311 0 7 $GNGGA,130833.000,4423.81441,N,00855.66682,E,1,15,0.7,-4.3,M,44.7,M,,*6B
56663 1658495312 0 1 0.867
56666 1658495313 0 5 0.06
56667 1658495313 0 6 0.12
56668 1658495313 0 8 4.997 12.332 11.91
56674 1658495316 0 4 2.577 1.576
56675 1658495316 0 5 0.06
56676 1658495316 0 6 0.12
56680 1658495317 0 7 $GNGGA,130839.000,4423.81272,N,00855.67165,E,1,15,0.7,-5.5,M,44.7,M,,*6F
56681 1658495318 0 1 1.160
56682 1658495319 0 3 2.740 0.005
56688 1658495320 0 7 $GNGGA,130840.000,4423.81249,N,00855.67246,E,1,15,0.7,-5.7,M,44.7,M,,*69
56689 1658495321 0 7 $GNGGA,130842.000,4423.81199,N,00855.67382,E,1,15,0.7,-6.0,M,44.7,M,,*68
56690 1658495321 0 1 0.984
56694 1658495322 0 6 0.12
56695 1658495322 0 8 4.997 12.332 11.89
56696 1658495322 0 0 27.62 8.22 106.2 67.69 131.9 8.10 15.0 0.0 284.4 2.83 46.05 1.1
56697 1658495322 0 7 $GNGGA,130843.000,4423.81179,N,00855.67456,E,1,15,0.7,-6.1,M,44.7,M,,*68
56699 1658495324 0 1 1.593
56700 1658495324 0 3 2.739 0.005
56707 1658495327 0 7 $GNGGA,130848.000,4423.81079,N,00855.67828,E,1,15,0.7,-6.9,M,44.7,M,,*6F
56709 1658495327 0 3 2.740 0.005
56717 1658495330 0 7 $GNGGA,130851.000,4423.81023,N,00855.68043,E,1,15,0.7,-7.1,M,44.7,M,,*6B
56722 1658495331 0 6 0.12
56724 1658495331 0 0 27.60 8.22 106.1 67.75 132.0 8.10 15.0 0.0 284.4 2.85 46.09 1.1
56725 1658495331 0 7 $GNGGA,130852.000,4423.81007,N,00855.68119,E,1,15,0.7,-7.0,M,44.7,M,,*61
56727 1658495333 0 1 0.866
56728 1658495333 0 3 2.740 0.005
56735 1658495336 0 7 $GNGGA,130857.000,4423.80926,N,00855.68495,E,1,15,0.7,-7.9,M,44.7,M,,*67
56736 1658495336 0 3 2.740 0.005
56738 1658495337 0 4 2.577 1.588
56739 1658495337 0 5 0.06
56744 1658495338 0 7 $GNGGA,130900.000,4423.80884,N,00855.68713,E,1,15,0.7,-9.0,M,44.7,M,,*67
56745 1658495339 0 1 0.862
56751 1658495340 0 0 27.57 8.22 106.1 67.80 132.0 8.11 15.0 0.0 284.9 2.87 46.14 1.1
56752 1658495340 0 7 $GNGGA,130901.000,4423.80873,N,00855.68792,E,1,15,0.7,-9.3,M,44.7,M,,*64
56753 1658495342 0 7 $GNGGA,130903.000,4423.80855,N,00855.68953,E,1,15,0.7,-9.7,M,44.7,M,,*65
56754 1658495342 0 3 2.740 0.005
56755 1658495342 0 1 0.881
56762 1658495345 0 7 $GNGGA,130906.000,4423.80812,N,00855.69189,E,1,15,0.7,-9.8,M,44.7,M,,*62
56763 1658495345 0 1 1.041
56765 1658495346 0 4 2.578 1.596
56766 1658495346 0 5 0.06
56771 1658495348 0 7 $GNGGA,130909.000,4423.80763,N,00855.69426,E,1,15,0.7,-10.1,M,44.7,M,,*55
56772 1658495348 0 1 0.868
56780 1658495351 0 7 $GNGGA,130912.000,4423.80716,N,00855.69658,E,1,15,0.7,-10.4,M,44.7,M,,*53
56781 1658495351 0 1 1.452
56782 1658495351 0 3 2.740 0.005
56790 1658495354 0 1 0.859
56792 1658495355 0 4 2.577 1.593
56793 1658495355 0 5 0.06
56794 1658495355 0 6 0.12
56795 1658495355 0 8 4.997 12.248 11.89
56798 1658495357 0 7 $GNGGA,130918.000,4423.80605,N,00855.70109,E,1,15,0.7,-11.0,M,44.7,M,,*54
56800 1658495357 0 1 0.813
56804 1658495358 0 8 4.997 12.135 11.91
56805 1658495358 0 0 27.36 8.22 105.9 67.75 132.3 8.15 15.0 0.0 289.4 2.88 46.10 1.1
56806 1658495358 0 7 $GNGGA,130919.000,4423.80595,N,00855.70191,E,1,15,0.7,-11.1,M,44.7,M,,*5F
56808 1658495360 0 1 0.777
56809 1658495360 0 3 2.740 0.005
56816 1658495363 0 7 $GNGGA,130924.000,4423.80526,N,00855.70545,E,1,15,0.7,-10.8,M,44.7,M,,*5C
56819 1658495364 0 4 2.577 1.596
56820 1658495364 0 5 0.06
56821 1658495364 0 6 0.12
56822 1658495364 0 8 4.997 12.323 11.91
56826 1658495366 0 1 0.726
56834 1658495369 0 7 $GNGGA,130930.000,4423.80459,N,00855.70964,E,1,15,0.7,-10.4,M,44.7,M,,*53
56835 1658495369 0 1 0.823
56836 1658495369 0 3 2.740 0.005
56843 1658495372 0 7 $GNGGA,130933.000,4423.80411,N,00855.71157,E,1,15,0.7,-10.7,M,44.7,M,,*56
56844 1658495372 0 1 0.985
56846 1658495373 0 4 2.577 1.593
56847 1658495373 0 5 0.06
56855 1658495376 0 4 2.577 1.593
56856 1658495376 0 5 0.06
56857 1658495376 0 6 0.12
56859 1658495376 0 0 27.53 8.22 105.8 67.76 132.4 8.14 14.9 0.0 282.4 2.97 46.11 1.1
56860 1658495376 0 7 $GNGGA,130937.000,4423.80367,N,00855.71438,E,1,15,0.7,-10.6,M,44.7,M,,*59
56861 1658495378 0 7 $GNGGA,130939.000,4423.80334,N,00855.71577,E,1,15,0.7,-10.7,M,44.7,M,,*5A
56862 1658495378 0 1 1.450
56863 1658495378 0 3 2.739 0.005
56870 1658495380 0 7 $GNGGA,130942.000,4423.80292,N,00855.71787,E,1,15,0.7,-10.8,M,44.7,M,,*59
56871 1658495381 0 1 0.789
56873 1658495382 0 4 2.577 1.596
56874 1658495382 0 5 0.06
56875 1658495382 0 6 0.12
56880 1658495384 0 3 2.741 0.005
56881 1658495384 0 1 0.867
56889 1658495387 0 1 0.767
56890 1658495387 0 3 2.741 0.005
56897 1658495390 0 7 $GNGGA,130951.000,4423.80171,N,00855.72424,E,1,15,0.7,-12.0,M,44.7,M,,*56
56899 1658495390 0 1 0.866
56906 1658495392 0 7 $GNGGA,130954.000,4423.80125,N,00855.72584,E,1,15,0.7,-11.9,M,44.7,M,,*53
56907 1658495393 0 1 0.825
56916 1658495396 0 3 2.741 0.005
56917 1658495396 0 1 0.855
56922 1658495398 0 7 $GNGGA,130959.000,4423.80059,N,00855.72853,E,1,15,0.7,-11.8,M,44.7,M,,*52
56923 1658495399 0 7 $GNGGA,131000.000,4423.80037,N,00855.72902,E,1,15,0.7,-12.0,M,44.7,M,,*50
56924 1658495399 0 1 1.021
56926 1658495400 0 4 2.577 1.591
56927 1658495400 0 5 0.06
56928 1658495400 0 6 0.12
56929 1658495400 0 8 4.997 12.332 11.91
56933 1658495402 0 1 0.854
56934 1658495402 0 3 2.741 0.005
56939 1658495403 0 0 27.33 8.22 105.8 67.74 132.6 8.17 14.8 0.0 283.6 3.08 46.10 1.1
56940 1658495403 0 7 $GNGGA,131004.000,4423.79968,N,00855.73145,E,1,15,0.7,-12.2,M,44.7,M,,*59
56942 1658495405 0 1 1.675
56943 1658495405 0 3 2.741 0.005
56950 1658495407 0 7 $GNGGA,131009.000,4423.79891,N,00855.73519,E,1,15,0.7,-12.9,M,44.7,M,,*55
56951 1658495408 0 1 0.848
56959 1658495410 0 7 $GNGGA,131012.000,4423.79860,N,00855.73679,E,1,15,0.7,-12.8,M,44.7,M,,*55
56960 1658495411 0 3 2.740 0.005
56966 1658495412 0 0 27.42 8.22 105.8 67.75 132.6 8.17 14.8 0.0 278.6 3.06 46.10 1.1
56968 1658495414 0 7 $GNGGA,131015.000,4423.79788,N,00855.73879,E,1,15,0.7,-13.0,M,44.7,M,,*5C
56969 1658495414 0 1 0.844
56970 1658495414 0 3 2.740 0.005
56977 1658495417 0 7 $GNGGA,131018.000,4423.79730,N,00855.74004,E,1,15,0.7,-13.4,M,44.7,M,,*53
56978 1658495417 0 3 2.741 0.005
56979 1658495417 0 1 0.885
56980 1658495418 0 4 2.578 1.581
56981 1658495418 0 5 0.06
56982 1658495418 0 6 0.12
56987 1658495420 0 1 0.788
56994 1658495421 0 7 $GNGGA,131022.000,4423.79647,N,00855.74178,E,1,15,0.7,-14.1,M,44.7,M,,*53
