sample;E;N;Z;E_rel;N_rel;Lat;Long;sio2;tio2;al2o3;fe2o3;mno;mgo;cao;na2o;k2o;p2o5;LOI;v;cr;co;ni;cu;zn;ga;rb;sr;y;zr;nb;ba;la;ce;sc;pb;th;as;s
;m;m;m;m;m;deg;deg;perc;perc;perc;perc;perc;perc;perc;perc;perc;perc;perc;ppm;ppm;ppm;ppm;ppm;ppm;ppm;ppm;ppm;ppm;ppm;ppm;ppm;ppm;ppm;ppm;ppm;ppm;ppm;ppm
V;R+;R+;R+;R+;R+;R+;R+;R+;R+;R+;R+;R+;R+;R+;R+;R+;R+;R+;R+;R+;R+;R+;R+;R+;R+;R+;R+;R+;R+;R+;R+;R+;R+;R+;R+;R+;R+;R+
;;;;;;;;;;;;;;;;;;;;;;;;;;;;;;;;;;;;;;
Sample;Easting;Northing;Heigth;Easting_rel;Northing_rel;Latitude;Longitude;SiO2;TiO2;Al2O3;Fe2O3;MnO;MgO;CaO;Na2O;K2O;P2O5;LOI;V;Cr;Co;Ni;Cu;Zn;Ga;Rb;Sr;Y;Zr;Nb;Ba;La;Ce;Sc;Pb;Th;As;S
;;;;;;;;;;;;;;;;;;;;;;;;;;;;;;;;;;;;;;
Reno001;704050.96;4915166.82;0;57107.66;40309.55;44.359324;11.559543;40.72;0.5;12.19;5.73;0.19;3.39;14.79;0.66;2.02;0.1;19.71;96;112;21;84;24;105;9;112;341;19;109;8;438;27;53;23;18;9;20;730
Reno002;703211.21;4914672.87;0;56267.91;39815.6;44.355117;11.548823;47.82;0.56;14.18;5.53;0.13;2.97;10.15;0.63;2.3;0.08;15.65;86;100;16;64;23;96;14;111;284;22;113;11;414;27;55;18;17;5;10;870
Reno003;704043.9;4913712.83;0;57100.6;38855.56;44.346249;11.558885;41.84;0.5;13.58;4.64;0.08;2.89;9.17;0.56;1.99;0.08;24.67;92;96;13;58;0;81;8;118;306;24;123;11;277;30;58;15;9;8;6;890
Reno004;703151.94;4913582.85;0;56208.64;38725.58;44.34533;11.547655;48.14;0.64;16.82;6.14;0.08;2.99;6.13;0.49;2.71;0.06;15.8;114;112;19;62;20;101;15;142;243;24;107;11;351;34;71;19;19;6;4;490
Reno005;701222.87;4914409.05;0;54279.57;39551.78;44.353298;11.523796;48.96;0.55;13.71;5.45;0.13;2.97;10.4;0.71;2.25;0.08;14.79;75;80;13;58;23;92;10;102;264;26;130;10;568;30;61;13;17;4;3;810
Reno006;702875.88;4912788.86;0;55932.58;37931.59;44.338266;11.543886;45.66;0.6;14.8;5.65;0.12;2.97;10.3;0.53;2.28;0.07;17.02;95;94;19;61;11;87;10;108;259;20;119;12;348;32;60;20;14;10;3;660
Reno007;702875.93;4911897.82;0;55932.63;37040.55;44.330252;11.54354;44.05;0.59;15.83;6;0.15;2.99;8.85;0.41;2.57;0.08;18.48;102;94;17;57;13;90;11;120;221;24;104;11;273;35;65;18;16;8;2;460
Reno008;702049.91;4912140.97;0;55106.61;37283.7;44.332669;11.533284;46.75;0.6;15.37;5.61;0.11;2.97;8.88;0.51;2.41;0.07;16.72;98;99;17;61;17;99;10;120;267;22;118;11;380;29;55;19;15;9;3;540
Reno009;700557.89;4912740.09;0;53614.59;37882.82;44.338471;11.514818;43.53;0.57;14.28;6.05;0.13;2.85;13.92;0.45;2.4;0.06;15.76;85;84;12;55;23;96;12;112;374;20;102;10;371;30;63;16;17;4;3;119
Reno010;701530.92;4911476.96;0;54587.62;36619.69;44.326841;11.526524;46.62;0.53;14.51;5.03;0.11;2.8;9.26;0.57;2.23;0.07;18.27;84;90;15;56;15;79;10;112;280;23;124;10;382;26;53;14;15;6;3;700
Reno011;700270.91;4910676.08;0;53327.61;35818.81;44.319986;11.510429;45.7;0.54;13.93;5.33;0.14;2.62;11.87;0.52;2.21;0.05;17.09;88;92;16;54;20;81;13;108;275;21;117;11;337;28;57;19;11;7;4;700
Reno012;699670.84;4910158.08;0;52727.54;35300.81;44.315492;11.502713;41.95;0.57;14.44;5.31;0.12;3.11;10.96;0.51;2.36;0.07;20.6;103;97;14;62;12;88;11;130;398;23;102;11;294;25;53;18;14;3;3;470
Reno013;700578.9;4908617.99;0;53635.6;33760.72;44.30139;11.513497;44.06;0.58;14.86;5.58;0.12;3.28;10.75;0.53;2.5;0.07;17.67;108;109;18;67;13;88;15;132;373;21;95;12;314;29;61;20;16;8;3;680
Reno014;699022.84;4910417.17;0;52079.54;35559.9;44.318;11.494694;46.55;0.55;14.24;5.16;0.13;3.02;10.84;0.56;2.28;0.07;16.6;83;102;16;65;17;84;9;107;284;24;136;11;364;28;57;18;13;5;6;640
Reno015;698333.86;4911000.27;0;51390.56;36143;44.323433;11.486284;52.33;0.51;14.08;4.83;0.12;2.72;9.37;0.79;2.43;0.08;12.74;74;83;12;53;17;80;10;106;260;26;163;8;537;32;63;17;21;6;4;750
Reno016;698157.89;4911784.2;0;51214.59;36926.93;44.330532;11.484377;49.32;0.53;13.68;5.19;0.12;2.77;10.55;0.76;2.35;0.08;14.65;83;94;12;59;19;83;11;111;298;26;140;10;546;32;61;18;13;4;2;990
Reno017;698365.88;4910563.19;0;51422.58;35705.92;44.319493;11.486519;48.64;0.51;13.92;4.67;0.15;3.05;11.77;0.74;2.35;0.09;14.11;74;96;11;62;19;79;10;104;278;24;148;9;627;32;67;19;15;7;3;700
Reno018;698219.87;4910174.2;0;51276.57;35316.93;44.316034;11.484542;47.7;0.6;16.47;6.23;0.09;2.65;6.5;0.4;2.42;0.07;16.87;105;96;22;55;19;104;12;121;205;22;110;11;246;29;63;19;14;9;2;530
Reno019;698171.82;4908991.24;0;51228.52;34133.97;44.305407;11.483491;47.78;0.65;16.39;6.28;0.15;3.09;7.01;0.54;2.61;0.08;15.42;111;96;21;58;17;96;14;133;240;24;126;13;337;30;66;17;16;10;3;350
Reno020;697652.88;4910190.28;0;50709.58;35333.01;44.316333;11.477445;44.94;0.55;14.38;5.33;0.12;2.78;11.27;0.47;2.17;0.06;17.93;89;94;18;60;17;83;13;110;295;22;128;12;519;31;64;19;14;7;3;820
Reno021;696728.8;4910855.38;0;49785.5;35998.11;44.322566;11.466119;47.49;0.54;14.06;4.89;0.13;3.09;10.95;0.71;2.37;0.08;15.69;84;98;15;71;15;84;11;111;322;24;134;10;557;27;52;19;15;8;3;610
Reno022;696374.82;4912027.34;0;49431.52;37170.07;44.333203;11.462125;45.53;0.52;13.57;5.15;0.14;3.05;12.9;0.68;2.3;0.08;16.08;86;105;13;67;19;86;8;101;352;22;126;10;765;25;52;18;17;6;3;960
Reno023;696160.81;4909364.32;0;49217.51;34507.05;44.309308;11.458442;45.33;0.59;15.29;5.88;0.11;2.92;10.21;0.49;2.35;0.07;16.76;97;101;17;60;15;93;14;114;259;24;109;9;302;25;55;20;12;4;6;480
Reno024;695414.84;4909234.38;0;48471.54;34377.11;44.30834;11.449049;42.36;0.58;14.2;5.58;0.12;2.93;13.14;0.56;2.24;0.07;18.22;95;100;17;67;20;93;12;115;345;22;108;11;294;24;54;22;11;4;4;480
Reno025;695500.81;4908628.25;0;48557.51;33770.98;44.302865;11.449899;39.98;0.54;12.83;5.11;0.1;2.71;14.99;0.53;1.85;0.06;21.3;89;94;15;55;15;82;15;97;329;21;107;9;310;24;52;22;15;2;4;840
Reno026;694847.82;4908456.46;0;47904.52;33599.19;44.301495;11.441656;47.06;0.61;15.71;6.33;0.13;3.17;8.9;0.6;2.39;0.07;15.03;100;113;19;66;16;90;12;118;253;23;121;10;298;32;58;20;11;6;6;450
Reno027;695560.8;4907160.41;0;48617.5;32303.14;44.289646;11.450101;41.14;0.54;13.22;5.06;0.11;2.68;14.68;0.48;1.92;0.07;20.1;88;84;12;47;22;86;11;100;304;22;129;9;455;28;58;19;14;6;2;520
Reno028;695722.83;4906188.34;0;48779.53;31331.07;44.280859;11.451766;44.87;0.62;15.71;5.55;0.09;2.93;9.57;0.6;2.28;0.07;17.71;93;110;15;63;13;88;13;114;226;23;125;11;365;33;72;20;17;7;2;470
Reno029;695009.85;4905670.45;0;48066.55;30813.18;44.276392;11.442646;46.59;0.65;16.03;5.95;0.09;4.15;6.85;0.55;2.37;0.06;16.71;101;131;21;130;5;89;12;129;194;25;143;14;325;34;67;17;14;3;4;260
Reno030;696857.84;4905264.25;0;49914.54;30406.98;44.272241;11.465629;43.11;0.58;14.28;5.69;0.13;2.69;11.59;0.48;1.98;0.07;19.4;96;93;16;50;15;95;10;99;240;24;124;9;346;28;61;21;11;9;6;490
Reno031;696987.88;4904454.23;0;50044.58;29596.96;44.26492;11.466952;45.73;0.6;15.81;6.37;0.16;2.78;9.21;0.42;2.28;0.07;16.57;105;103;20;59;19;99;12;111;264;20;109;10;380;28;50;20;13;9;3;480
Reno032;697117.85;4902494.31;0;50174.55;27637.04;44.247256;11.467841;43.96;0.61;14.7;5.76;0.1;2.85;11.26;0.49;2.28;0.07;17.92;96;88;16;49;15;97;13;111;248;23;111;13;233;28;57;19;11;10;3;450
Reno033;696482.84;4902033.32;0;49539.54;27176.05;44.243281;11.459722;45.02;0.59;15.75;5.86;0.1;2.79;9.75;0.42;2.44;0.07;17.21;102;94;19;51;17;100;12;120;298;23;120;11;273;28;60;21;17;4;3;440
Reno034;695088.82;4899262.36;0;48145.52;24405.09;44.218731;11.441248;49.1;0.57;13.93;4.78;0.11;3.82;9.89;1.08;2.22;0.11;14.39;84;93;9;55;0;79;8;98;180;20;127;8;374;26;57;17;17;3;4;270
Reno035;696487.71;4901020.21;0;49544.41;26162.94;44.234167;11.459403;46.22;0.43;10.97;3.91;0.09;3.46;15.37;1.1;1.77;0.11;16.57;59;78;6;51;3;64;8;78;299;23;143;8;285;20;36;17;19;5;5;220
Reno036;694861.8;4901190.37;0;47918.5;26333.1;44.236134;11.439125;42.9;0.52;13.41;5.05;0.13;2.83;14.02;0.56;1.94;0.09;18.55;85;85;14;55;18;88;12;89;303;19;112;10;286;23;40;20;17;5;3;330
Reno037;695088.82;4899262.36;0;48145.52;24405.09;44.218731;11.441248;47.24;0.6;15.59;6.1;0.16;2.95;8.77;0.54;2.28;0.08;15.69;103;103;20;62;18;97;12;108;195;25;140;9;394;36;68;19;15;6;3;320
Reno038;694164.81;4899165.47;0;47221.51;24308.2;44.218106;11.429655;45.34;0.59;14.77;5.82;0.13;2.72;10.29;0.51;2.14;0.1;17.59;97;102;18;62;15;98;9;104;234;23;140;11;301;27;54;21;19;4;2;420
Reno039;710921.99;4920609.35;0;63978.69;45752.08;44.406306;11.647882;45.62;0.45;10.08;3.89;0.16;2.61;17.68;1.02;1.65;0.12;16.72;57;107;8;51;14;63;7;67;297;16;132;7;612;18;32;20;16;8;2;690
Reno040;711200.01;4915795.15;0;64256.71;40937.88;44.36293;11.649415;46.63;0.44;10.13;3.97;0.25;2.68;16.82;1.09;1.67;0.13;16.19;56;105;8;49;12;67;7;74;318;24;181;8;514;20;34;19;17;10;6;670
Reno041;709189.01;4914937.37;0;62245.71;40080.1;44.355798;11.62386;46.48;0.41;10.27;4;0.17;2.65;16.93;1.08;1.7;0.11;16.2;57;95;8;51;11;66;6;69;295;17;132;8;589;15;38;18;13;7;7;580
Reno042;707080.96;4913997.55;0;60137.66;39140.28;44.34795;11.597062;47.28;0.39;10.11;3.9;0.13;2.71;17.01;1.17;1.73;0.1;15.47;57;94;7;46;9;63;9;72;322;18;112;7;559;14;40;18;14;4;6;1020
Reno043;706010.93;4912393.62;0;59067.63;37536.35;44.333829;11.583017;46.47;0.55;13.17;5.41;0.11;3.08;12.14;0.8;2.11;0.09;16.07;91;112;17;70;9;203;10;105;308;21;110;9;307;19;50;20;16;7;8;1110
Reno044;705362.9;4910740.65;0;58419.6;35883.38;44.319146;11.574246;46.69;0.55;13.5;5.22;0.1;2.85;11.7;0.71;2.03;0.1;16.55;95;107;15;67;14;85;10;99;293;22;120;8;262;26;39;20;12;2;10;520
Reno045;703854.94;4910205.8;0;56911.64;35348.53;44.31476;11.555146;44.6;0.54;13.29;5.57;0.13;2.96;12.5;0.58;2.1;0.09;17.64;91;97;15;65;14;88;9;105;315;25;112;9;296;25;40;20;18;7;4;620
Reno046;720418.11;4912876.2;0;73474.81;38018.93;44.333941;11.763731;42.2;0.59;12.11;4.88;0.11;3.43;15.08;0.48;2.04;0.12;18.96;92;122;10;66;47;93;19;125;357;26;127;16;304;28;57;17;13;8;2;440
Reno047;717819.29;4909084.26;0;70875.99;34226.99;44.300625;11.729588;39.75;0.59;13.72;5.62;0.13;3.35;14.26;0.13;2.11;0.13;20.21;111;133;12;82;74;106;20;136;368;24;99;15;294;25;62;21;16;11;6;490
Reno048;694171.79;4925028.59;0;47228.49;50171.32;44.450737;11.439373;50.24;0.38;10.49;3.47;0.12;2.39;15.27;0.88;1.75;0.09;14.92;59;166;7;58;30;75;13;84;365;23;168;6;494;20;36;23;12;0;6;530
Reno049;694359.23;4923925.18;0;47415.93;49067.91;44.440762;11.441313;47.11;0.57;14.63;5.47;0.12;3.01;10.54;0.45;1.98;0.09;16.03;104;112;17;62;47;102;18;114;299;26;129;9;529;30;61;25;18;9;7;800
Reno050;693174.82;4921174.66;0;46231.52;46317.39;44.416339;11.425419;38.6;0.49;11.81;4.38;0.11;2.86;17.31;0.46;1.65;0.1;22.23;88;107;12;66;41;107;17;97;469;20;114;8;338;28;60;27;18;7;4;1170
Reno051;691146.76;4903200.72;0;44203.46;28343.45;44.255201;11.393378;47.34;0.67;16.44;6.16;0.1;3.27;8.35;0.53;2.08;0.1;14.96;133;132;21;67;46;104;23;126;227;24;117;11;281;40;73;27;20;12;2;460
Reno052;690204.77;4903411.99;0;43261.47;28554.72;44.257348;11.381665;43.78;0.57;14.32;5.37;0.08;2.8;12.49;0.59;1.91;0.09;18;103;99;14;54;55;106;21;114;303;22;146;9;438;27;54;25;21;3;3;570
Reno053;689683.77;4901326.81;0;42740.47;26469.54;44.238727;11.374389;48.63;0.75;17.82;6.93;0.11;3.17;5.94;0.6;2.3;0.09;13.66;141;133;25;66;44;113;25;141;330;26;124;14;349;35;70;27;18;5;3;270
Reno054;687161.73;4898202.94;0;40218.43;23345.67;44.211278;11.341717;49.66;0.65;16.23;5.68;0.1;2.84;8.79;0.61;2.15;0.09;13.2;110;112;19;55;39;100;22;124;236;25;136;10;377;39;74;26;18;6;5;310
Reno055;688039.74;4899823.83;0;41096.44;24966.56;44.225633;11.353279;49.04;0.5;12.64;4.08;0.09;2.19;12.8;0.86;1.87;0.08;15.85;126;79;9;47;38;87;15;105;286;22;144;10;406;29;53;25;17;11;2;560
Reno056;693898.83;4917843.62;0;46955.53;42986.35;44.386184;11.433262;36.22;0.37;8.63;3.46;0.07;2.46;21.78;0.51;1.17;0.19;25.14;65;108;7;71;36;109;14;74;626;19;106;6;319;22;41;28;13;4;3;900
Reno057;691815.99;4913150.09;0;44872.69;38292.82;44.34452;11.405407;39.23;0.38;8.76;3.18;0.08;2.76;22.17;0.7;1.45;0.11;21.18;62;109;6;69;33;71;15;77;559;21;128;7;361;21;44;29;16;3;2;760
Reno058;692378.62;4914368.09;0;45435.32;39510.82;44.355327;11.412909;51.53;0.38;8.16;2.62;0.16;2.16;20.64;1.17;1.41;0.08;11.69;40;287;1;58;28;55;13;60;329;24;261;4;347;18;36;29;14;3;2;180
Reno059;691468.82;4909345.69;0;44525.52;34488.42;44.310391;11.399659;43.54;0.46;11;4.66;0.09;2.84;16.94;0.67;1.61;0.13;18.06;80;105;14;71;33;93;17;87;437;22;140;9;355;29;50;28;18;2;3;1140
Reno060;691344.75;4906719.73;0;44401.45;31862.46;44.286803;11.397143;50.67;0.55;14.61;5.2;0.12;2.79;10.1;0.73;1.94;0.09;13.2;93;106;16;58;40;95;17;107;257;23;134;10;450;30;53;24;17;10;4;440
Reno061;690427.81;4904737.73;0;43484.51;29880.46;44.269215;11.384939;47.56;0.58;14.26;4.99;0.1;2.67;11.6;0.7;1.9;0.09;15.55;98;94;13;53;42;94;18;107;286;24;154;10;399;27;58;26;19;7;4;510
Reno062;691661.77;4905773.71;0;44718.47;30916.44;44.27821;11.400766;48.5;0.67;16.95;6.06;0.1;3.44;6.83;0.5;2.12;0.09;14.74;128;127;22;75;40;105;23;134;219;27;124;12;295;28;62;25;19;5;6;380
Reno063;694593.81;4926862.64;0;47650.51;52005.37;44.46712;11.445361;46.94;0.47;11.68;4.02;0.1;3;16.4;0.73;1.69;0.11;14.86;73;121;9;65;32;75;14;85;355;25;160;7;352;23;48;24;14;4;7;620
Reno064;695386.78;4923443.51;0;48443.48;48586.24;44.436153;11.454032;45.05;0.51;12.15;4.63;0.11;1.99;14.1;0.62;1.82;0.09;18.93;76;102;12;62;44;107;16;95;318;20;146;10;308;23;45;19;20;4;9;560
Reno065;694022.78;4916951.56;0;47079.48;42094.29;44.378127;11.434484;50.39;0.65;15.72;6.21;0.11;2.8;7.47;0.63;2.25;0.08;13.69;104;105;18;61;42;109;22;115;220;23;118;11;289;28;54;18;17;5;3;520
Reno066;693258.81;4915115.61;0;46315.51;40258.34;44.361817;11.424221;42.1;0.42;9.33;3.5;0.08;2.76;20.8;0.96;1.62;0.1;18.33;54;90;5;57;27;68;14;74;553;21;130;5;304;23;50;21;11;4;3;1000
Reno067;692287.82;4912764.62;0;45344.52;37907.35;44.340928;11.411179;43.64;0.37;8.53;2.97;0.08;2.53;21.57;1.04;1.67;0.1;17.5;45;96;2;54;29;63;14;73;517;18;134;8;281;20;35;20;13;4;6;940
Reno068;688795.89;4899531.72;0;41852.59;24674.45;44.22281;11.362633;53.21;0.76;18.39;6.49;0.14;2.78;4;0.8;2.61;0.09;10.73;126;118;24;64;57;116;24;131;156;25;123;12;273;33;63;16;14;9;4;310
Reno069;687133.78;4896018.96;0;40190.48;21161.69;44.191639;11.340589;49.61;0.76;15.53;5.47;0.09;2.6;7.87;0.52;2.45;0.12;14.98;113;117;16;66;41;115;20;127;194;22;179;15;402;31;69;0;14;20;4;540
Reno070;693700.76;4924508.59;0;46757.46;49651.32;44.446186;11.433264;50.34;0.41;10.37;3.68;0.11;2.48;14.26;0.93;1.64;0.09;15.69;68;142;9;64;27;75;14;85;356;21;156;9;386;33;49;24;16;9;3;470
Reno071;687650.77;4902928.93;0;40707.47;28071.66;44.253665;11.349525;43.99;0.51;12;3.69;0.09;1.72;17.23;0.71;1.75;0.07;18.24;72;55;5;33;31;73;19;105;238;22;167;9;474;29;51;24;22;5;4;580
Reno072;688914.76;4904960.83;0;41971.46;30103.56;44.271616;11.366078;60.51;0.38;12.19;2.89;0.22;1.5;7.26;1.26;2.34;0.33;11.12;51;46;1;22;26;81;14;118;178;20;155;7;496;27;46;14;19;5;4;580
Reno073;688979.67;4909160.01;0;42036.37;34302.74;44.309372;11.368409;56.46;0.38;10.68;3.38;0.08;2.02;11.05;1.01;1.84;0.11;12.99;57;85;6;48;28;70;14;97;310;22;151;6;394;24;39;18;16;4;3;440
Reno074;691766.78;4923492.77;0;44823.48;48635.5;44.437564;11.408605;49.84;0.41;11.63;4.02;0.11;2.77;13.74;0.83;1.82;0.1;14.73;71;127;12;62;30;80;17;92;340;19;115;7;406;25;46;23;17;4;2;510
Reno075;690625.77;4921262.8;0;43682.47;46405.53;44.417807;11.393461;48.82;0.51;12.54;4.75;0.12;2.78;12.33;0.66;1.72;0.11;15.66;89;179;12;64;35;91;18;95;303;23;162;10;327;22;48;24;17;7;5;700
Reno076;690923.75;4919429.81;0;43980.45;44572.54;44.401241;11.396527;47.21;0.37;8.73;3.25;0.14;2.51;17.67;0.91;1.45;0.1;17.66;55;238;6;62;31;75;15;73;409;24;198;6;519;23;36;24;24;2;4;570
Reno077;691787.8;4916653.68;0;44844.5;41796.41;44.376042;11.406344;50.72;0.36;8.95;3.18;0.12;2.52;17.74;0.98;1.49;0.08;13.86;50;130;2;54;26;62;11;71;362;22;228;5;331;25;47;27;13;3;5;810
Reno078;690046.77;4914102.82;0;43103.47;39245.55;44.353555;11.383578;52.91;0.29;8.89;3.01;0.11;2.68;15.59;1.11;1.57;0.08;13.76;48;136;5;72;24;61;13;65;297;14;72;4;354;18;31;23;12;14;3;290
Reno079;688889.73;4913309.96;0;41946.43;38452.69;44.346725;11.368785;44.87;0.33;9.25;3.29;0.11;2.54;18.79;0.76;1.43;0.08;18.55;55;132;3;66;28;71;14;79;381;17;106;4;332;21;42;26;10;6;4;540
Reno080;687550.76;4913755.96;0;40607.46;38898.69;44.351084;11.352161;49.07;0.28;8.03;3.54;0.16;3.13;17.53;1.3;1.29;0.05;15.62;38;173;6;89;26;66;13;58;394;22;132;5;223;20;39;16;11;8;3;410
Reno081;688096.72;4914870.91;0;41153.42;40013.64;44.360972;11.359408;50.38;0.36;9.02;3.57;0.16;2.84;16.4;1.31;1.47;0.07;14.42;48;193;7;78;27;66;10;63;335;19;175;5;244;18;37;19;12;10;3;190
Reno082;690046.8;4918548.83;0;43103.5;43691.56;44.393547;11.385202;49.3;0.58;14.22;5.64;0.14;2.83;9.31;0.72;2.25;0.1;14.91;101;120;19;76;35;102;20;118;269;24;125;11;260;23;51;18;19;4;6;180
Reno083;689832.76;4917521.92;0;42889.46;42664.65;44.384366;11.382142;51.92;0.54;12.62;5.46;0.11;2.89;9.79;1.05;1.88;0.1;13.64;83;123;16;78;32;93;19;93;266;23;164;11;242;27;51;19;13;3;8;490
Reno084;689658.77;4920271.93;0;42715.47;45414.66;44.409148;11.380963;50.1;0.57;13.5;5.32;0.1;2.9;9.38;0.88;2.2;0.13;14.92;100;112;12;64;30;79;21;115;264;22;129;11;248;26;52;17;18;6;3;270
Reno085;687873.73;4910014.95;0;40930.43;35157.68;44.317349;11.354862;48.78;0.58;14.04;5.35;0.09;2.74;10.28;0.71;2.2;0.09;15.14;95;110;13;66;39;107;20;111;293;20;108;11;246;29;55;18;17;4;3;360
Reno086;688220.72;4907635.9;0;41277.42;32778.63;44.295859;11.358352;61.7;0.41;11.76;2.69;0.05;1.54;7.86;1.84;2.55;0.11;9.49;47;44;2;23;24;64;12;112;239;24;214;8;370;21;47;12;14;7;3;390
Reno087;687476.71;4906298.99;0;40533.41;31441.72;44.284025;11.348554;76.21;0.22;9.57;1.09;0.03;0.61;3.29;2.39;2.84;0.05;3.7;17;14;0;9;11;40;7;107;138;17;194;4;371;12;22;4;11;4;2;170
Reno088;702223.91;4922146.02;0;55280.61;47288.75;44.422606;11.539353;51.04;0.61;13.69;4.69;0.17;2.22;9.14;0.51;1.83;0.19;15.91;79;111;14;52;41;112;15;94;220;27;212;14;357;27;56;9;34;14;7;1080
Reno089;705377.69;4923324.34;0;58434.39;48467.07;44.432316;11.579398;48.86;0.68;15;5.83;0.15;2.98;9.07;0.47;2.55;0.11;14.3;96;107;17;59;45;100;20;131;263;32;197;18;405;33;65;11;20;17;16;1430
Reno090;702167.95;4919325.83;0;55224.65;44468.56;44.397257;11.537553;51.22;0.66;15.65;5.77;0.13;3;7.42;0.55;2.69;0.11;12.8;95;102;19;57;46;98;21;137;239;30;183;16;425;32;58;9;16;18;7;1240
Reno091;701772.92;4918030.96;0;54829.62;43173.69;44.385721;11.532095;47.08;0.63;15.87;5.89;0.13;3.1;8.8;0.35;2.74;0.09;15.32;105;111;19;64;52;102;22;144;313;26;143;19;387;27;73;10;18;13;5;1660
Reno092;701283.86;4917524.08;0;54340.56;42666.81;44.381298;11.525765;45.17;0.63;15.74;5.95;0.12;3.13;8.57;0.37;2.68;0.1;17.54;106;111;19;62;46;104;25;137;293;27;131;17;329;33;68;10;17;9;4;1620
Reno093;699779.88;4916961.19;0;52836.58;42103.92;44.376651;11.506687;48.09;0.52;12.6;4.45;0.13;2.46;12.47;0.52;2.27;0.11;16.38;78;97;11;58;39;88;17;119;389;25;190;15;422;23;50;8;13;9;5;700
Reno094;703400.65;4887460.57;0;56457.35;12603.3;44.110312;11.540639;37.29;0.47;9.61;3.73;0.1;2.99;22.31;0.79;1.62;0.12;20.97;63;76;5;53;23;61;16;90;478;23;152;13;292;19;39;21;4;7;5;980
Reno095;701288.87;4885887.9;0;54345.57;11030.63;44.09675;11.513676;33.29;0.45;9.51;3.68;0.11;3.21;25.46;0.67;1.56;0.12;21.94;58;80;6;52;31;58;13;81;475;18;150;12;303;24;44;26;15;10;3;940
Reno096;702064.9;4887690.84;0;55121.6;12833.57;44.112753;11.524052;36.2;0.48;9.69;3.75;0.11;2.81;22.78;0.75;1.65;0.17;21.61;66;82;6;54;33;68;13;90;457;21;154;12;323;19;42;23;16;9;4;1140
Reno097;703368.95;4888284.66;0;56425.65;13427.39;44.117733;11.540561;35.44;0.54;10.04;4.22;0.11;3.43;23.59;0.59;1.7;0.13;20.21;64;88;9;57;30;65;16;83;451;22;154;14;323;24;49;25;16;3;11;1330
Reno098;705428.92;4886441.5;0;58485.62;11584.23;44.10058;11.565562;26.53;0.39;7.99;3.43;0.1;2.81;29.51;0.44;1.36;0.07;27.37;60;68;6;53;36;58;13;87;428;17;112;12;284;18;34;24;6;8;5;1260
Reno099;704102.97;4887043.14;0;57159.67;12185.87;44.106362;11.549245;27.37;0.46;8.66;3.58;0.11;2.65;29.78;0.37;1.39;0.12;25.51;58;74;5;56;30;60;14;76;513;17;126;10;274;26;53;28;11;20;4;1120
Reno100;704461.89;4888466.61;0;57518.59;13609.34;44.119065;11.554277;37.02;0.49;10.32;4.02;0.11;3.22;18.74;0.53;1.64;0.24;23.67;78;88;9;62;44;110;12;93;424;20;126;12;343;23;45;22;16;8;3;1875
Reno101;705231.94;4891318.61;0;58288.64;16461.34;44.144501;11.565002;27.9;0.42;8.23;3.37;0.11;3.22;30.37;0.5;1.45;0.08;24.35;50;70;6;46;36;57;19;72;440;13;100;12;277;17;38;28;4;14;4;1000
Reno102;706262.27;4890561.77;0;59318.97;15704.5;44.137404;11.577575;21.84;0.33;6.69;2.64;0.09;2.6;34.26;0.41;1.07;0.06;30.01;44;55;0;39;31;51;15;65;584;13;89;10;260;20;42;31;13;10;3;1000
Reno103;707145.96;4891720.4;0;60202.66;16863.13;44.147575;11.589067;30.74;0.45;9.01;3.71;0.12;3.44;27.47;0.55;1.55;0.1;22.86;57;71;6;52;28;56;15;79;527;15;124;11;277;22;48;27;15;18;4;960
Reno104;707017.98;4893092.39;0;60074.68;18235.12;44.159951;11.588008;28.74;0.38;7.52;2.98;0.11;2.67;31.42;0.5;1.25;0.11;24.32;50;72;3;44;29;58;11;60;505;15;121;11;273;20;42;28;15;16;8;1430
Reno105;706713.99;4893466.42;0;59770.69;18609.15;44.163401;11.584357;25.33;0.39;7.91;3.35;0.12;2.76;31.04;0.35;1.36;0.1;27.29;60;73;5;50;37;60;11;71;486;14;88;11;306;23;40;28;10;18;4;1000
Reno106;706300.47;4894508.35;0;59357.17;19651.08;44.172889;11.579599;30.41;0.48;8.99;3.7;0.12;3.39;27.42;0.51;1.57;0.1;23.31;60;68;5;52;28;57;15;68;428;13;106;10;296;18;36;27;17;18;3;1080
Reno107;707222.46;4893877.8;0;60279.16;19020.53;44.166957;11.590872;28.59;0.47;9.07;3.82;0.1;2.74;27.06;0.41;1.54;0.1;26.1;66;78;6;58;60;69;17;95;541;19;119;14;284;24;48;24;17;16;3;920
Reno108;707356.93;4895137.45;0;60413.63;20280.18;44.178248;11.593049;38.71;0.54;11.37;4.53;0.11;3.87;17.13;0.73;1.94;0.12;20.95;85;97;11;69;23;76;16;120;438;25;134;13;334;20;36;20;13;10;4;810
Reno109;706957.5;4896572.05;0;60014.2;21714.78;44.191264;11.588622;34.34;0.51;11.15;4.29;0.1;3.95;19.76;0.42;1.85;0.11;23.52;81;92;10;66;35;76;13;115;437;25;115;14;308;26;50;19;21;14;6;770
Reno110;707901.99;4896735.42;0;60958.69;21878.15;44.192465;11.600493;38.06;0.54;11.49;4.54;0.11;3.86;17.48;0.7;1.94;0.12;21.16;79;98;10;63;30;76;16;117;429;24;120;16;315;22;47;19;18;14;3;840
Reno111;708028.93;4897483.39;0;61085.63;22626.12;44.199156;11.602376;36.85;0.5;11.33;4.39;0.1;4.29;18.83;0.54;1.9;0.12;21.15;82;96;10;69;32;78;17;114;425;25;118;15;299;29;54;20;16;20;6;1510
Reno112;708912.95;4897446.31;0;61969.65;22589.04;44.19857;11.613413;41.82;0.43;9.52;3.31;0.1;4.04;18.65;1.02;1.69;0.11;19.31;62;71;3;44;33;66;12;92;342;19;166;13;303;22;41;18;30;10;4;830
Reno113;708682.97;4899026.32;0;61739.67;24169.05;44.212846;11.611166;52.77;0.6;13.5;4.11;0.11;4.27;9.72;1.28;2.31;0.2;11.13;72;84;9;47;16;59;12;101;173;25;168;14;350;28;50;17;19;14;11;330
Reno114;710027.1;4899102.45;0;63083.8;24245.18;44.213145;11.628004;46.38;0.61;13.55;4.71;0.12;4.15;11.76;0.79;2.24;0.18;15.51;83;100;11;65;31;78;15;118;230;27;158;16;336;24;46;18;21;13;8;430
Reno115;709447.97;4900126.23;0;62504.67;25268.96;44.222519;11.621171;38.86;0.5;11.14;4.16;0.11;3.82;18.61;0.64;1.88;0.14;20.14;71;88;9;63;34;73;13;98;357;18;112;12;323;22;43;22;18;6;4;1080
Reno116;711666.01;4901086.07;0;64722.71;26228.8;44.230511;11.649298;50.82;0.66;12.43;4.26;0.12;4.15;11.83;1.13;2.06;0.19;12.35;82;96;10;50;24;65;13;101;257;32;264;16;325;34;69;17;12;15;7;570
Reno117;710201.01;4901164.15;0;63257.71;26306.88;44.231637;11.631005;48.45;0.65;13.35;4.83;0.13;4.25;11.58;0.93;2.22;0.19;13.42;86;99;12;57;29;93;16;97;214;29;180;15;314;30;54;18;18;10;8;650
Reno118;710567.03;4901736.18;0;63623.73;26878.91;44.236676;11.635813;48.7;1.07;12.4;5.35;0.17;4.31;13.74;1.06;1.95;0.23;11.02;87;130;8;46;21;70;16;80;248;49;462;17;286;46;100;22;13;19;6;630
Reno119;712103.03;4903450.03;0;65159.73;28592.76;44.251644;11.655721;40.45;0.56;11.76;4.59;0.22;4.07;16.7;0.56;1.93;0.2;18.96;82;99;10;67;39;122;15;105;418;29;180;15;306;28;55;19;24;9;15;900
Reno120;712609.51;4901860.03;0;65666.21;27002.76;44.237197;11.661413;48.77;0.7;12.21;4.23;0.13;4.89;13.73;1.23;2.02;0.2;11.89;74;108;10;49;25;58;15;86;258;28;219;15;324;33;65;20;15;19;4;870
Reno121;712080.98;4902552.99;0;65137.68;27695.72;44.243583;11.655082;48.68;0.58;11.88;4.05;0.11;3.92;12.86;1.2;2.04;0.16;14.52;73;83;8;49;25;65;17;105;323;29;210;15;338;26;46;14;19;9;2;750
Reno122;713324.04;4904849.91;0;66380.74;29992.64;44.263877;11.671569;39.87;0.58;11.61;4.61;0.12;2.87;17.11;0.45;1.76;0.13;20.89;88;106;11;64;24;80;16;106;574;23;171;15;250;30;56;20;9;9;3;2380
Reno123;715133.02;4904996.7;0;68189.72;30139.43;44.264665;11.694268;43.2;0.6;12.21;4.83;0.12;2.97;15.69;0.54;1.85;0.17;17.82;83;106;11;62;27;79;14;96;497;25;180;13;289;29;53;21;12;7;8;2940
Reno124;715383.08;4905396.67;0;68439.78;30539.4;44.268188;11.697562;48.63;0.6;11.46;4.13;0.11;3.77;13.25;1.19;1.95;0.18;14.73;73;85;8;51;22;67;12;104;328;26;220;15;329;30;60;17;19;11;12;930
Reno125;716254.03;4905330.63;0;69310.73;30473.36;44.267336;11.708435;40.58;0.54;11.04;4.31;0.14;3.21;17.86;0.63;1.67;0.19;19.83;74;90;10;58;26;78;15;88;412;24;148;12;273;24;46;19;18;6;4;1350
Reno126;719933.1;4905105.31;0;72989.8;30248.04;44.264208;11.754383;39.61;0.56;11.48;4.4;0.13;3.73;17.81;0.57;1.84;0.15;19.72;79;92;11;59;31;73;15;98;434;25;154;15;298;29;53;21;12;9;23;940
Reno127;716749.01;4901247.22;0;69805.71;26389.95;44.230467;11.71294;49.52;0.65;11.32;3.87;0.12;4.05;13.85;1.23;1.86;0.17;13.36;70;87;6;47;16;57;10;97;328;32;278;15;301;34;74;15;21;16;8;690
Reno128;713389.01;4898765.92;0;66445.71;23908.65;44.209143;11.669905;42.16;0.54;11.17;4.02;0.11;3.79;17.48;0.84;1.89;0.13;17.87;68;84;9;54;27;65;15;102;357;24;164;15;326;21;44;21;11;3;7;660
Reno129;710276.01;4894059.18;0;63332.71;19201.91;44.167716;11.629098;38.7;0.52;10.29;3.86;0.11;3.47;20.55;0.8;1.76;0.12;19.82;67;82;6;56;27;60;15;102;468;23;178;15;302;16;30;18;21;8;5;700
Reno130;711683.05;4896087;0;64739.75;21229.73;44.185547;11.647495;35.33;0.51;10.81;4.07;0.11;3.8;21.55;0.54;1.79;0.12;21.37;69;89;8;63;34;67;13;95;413;20;124;12;295;25;44;23;18;10;14;800
Reno131;718200.11;4905975.43;0;71256.81;31118.16;44.272554;11.733059;43.01;0.59;12.37;4.55;0.12;3.92;14.98;0.72;2;0.18;17.56;84;102;10;61;31;87;15;100;332;23;153;14;319;30;56;20;22;13;12;1210
Reno132;725284.8;4910237.92;0;78341.5;35380.65;44.308725;11.823563;47.43;0.6;11.45;4.13;0.11;3.34;14.17;1;1.79;0.16;15.82;73;92;9;51;38;69;12;101;338;29;252;15;321;25;49;19;15;11;2;750
Reno133;714397.03;4905642.86;0;67453.73;30785.59;44.270693;11.685322;46.75;0.52;10.2;3.99;0.12;3.26;15.96;1.05;1.69;0.15;16.31;71;102;11;53;21;71;11;89;364;25;181;14;309;19;39;28;18;8;11;900
Reno134;716096.07;4905889.64;0;69152.77;31032.37;44.27241;11.706689;45.75;0.53;11.37;4.5;0.12;3.66;14.4;0.9;1.88;0.17;16.72;83;104;10;64;37;89;17;101;337;20;148;14;295;29;56;29;21;10;4;710
Reno135;719141.12;4904486.39;0;72197.82;29629.12;44.258881;11.744213;46.69;0.5;11.02;4.31;0.13;3.28;14.81;0.98;1.76;0.15;16.37;79;101;16;64;34;72;12;94;348;25;126;12;330;23;49;27;15;8;5;680
Reno136;719162.11;4902967.31;0;72218.81;28110.04;44.245214;11.74384;44.88;0.54;12.07;4.54;0.11;3.83;13.79;0.86;2.05;0.14;17.19;85;99;11;66;28;80;17;108;481;22;147;13;360;28;47;24;15;11;4;710
Reno137;721011.92;4904628.64;0;74068.62;29771.37;44.259595;11.767682;46.5;0.53;10.29;3.62;0.13;3.51;17.1;1.09;1.69;0.17;15.37;63;93;10;48;22;53;12;74;336;24;230;14;328;28;54;26;23;5;12;420
Reno138;723536.16;4908821.85;0;76592.86;33964.58;44.296531;11.801059;54.39;0.59;13.54;3.79;0.12;2.65;9.91;1.01;1.89;0.14;11.97;71;96;9;45;28;59;12;91;210;23;194;14;357;30;57;20;15;10;11;150
Reno139;700992.42;4886260.74;0;54049.12;11403.47;44.100185;11.510118;42.2;0.55;12.35;4.65;0.14;3.41;17.77;1.05;2.03;0.02;15.83;73;89;9;57;32;100;2;68;256;14;61;7;572;19;52;6;8;50;19;1103
Reno140;701240.47;4885229.58;0;54297.17;10372.31;44.090842;11.512821;50.29;0.5;11.86;4.32;0.13;3;13.38;1.44;1.83;0.09;13.16;75;89;8;51;54;95;2;87;312;20;135;10;621;25;68;4;13;31;2;771
Reno141;709329.52;4892051.38;0;62386.22;17194.11;44.14993;11.616473;40.64;0.58;13.67;5.41;0.13;4.63;12.39;0.89;2.41;0.11;19.14;113;135;14;88;38;134;2;149;365;17;75;12;374;25;52;8;14;41;11;655
Reno142;709471.38;4893094.17;0;62528.08;18236.9;44.159268;11.61866;39.88;0.59;14.03;5.51;0.13;4.49;12.84;0.73;2.43;0.12;19.25;112;137;16;87;40;131;0;149;365;17;75;8;363;24;48;2;14;42;11;655
Reno143;720468.94;4910536.06;0;73525.64;35678.79;44.312882;11.763379;50.64;0.5;10.82;4.01;0.13;3.74;11.83;1.57;1.87;0.11;14.78;61;97;6;64;24;89;0;75;265;13;105;7;558;23;44;2;10;26;2;1079
Reno144;721366.85;4911232.63;0;74423.55;36375.36;44.318873;11.77492;42.38;0.55;11.91;4.51;0.13;3.87;15;1.08;1.99;0.1;18.48;82;105;14;67;33;105;2;108;339;18;124;9;379;18;57;4;14;40;2;2370
Reno145;705227.68;4896618.94;0;58284.38;21761.67;44.192174;11.567017;39.54;0.61;13.61;5.74;0.13;4.62;13.12;0.77;2.51;0.14;19.21;122;137;18;87;38;111;2;158;388;25;78;11;305;26;87;4;12;46;5;744
Reno146;702625.91;4885995.92;0;55682.61;11138.65;44.097353;11.530405;42.4;0.53;12;4.39;0.12;3.91;14;1.12;1.98;0.12;19.43;84;114;9;57;31;93;0;103;325;22;125;8;378;26;54;6;13;32;3;2378
Reno147;702522.46;4884935.31;0;55579.16;10078.04;44.087842;11.528707;47.02;0.53;12.4;4.5;0.13;3.26;15.41;1.21;1.97;0.08;13.49;73;102;8;55;27;94;0;83;299;14;110;7;596;22;50;2;9;15;9;1240
Reno148;704131.05;4896278.45;0;57187.75;21421.18;44.189419;11.553176;43.88;0.51;11.39;3.69;0.11;3.85;14.01;1.27;1.85;0.11;19.33;69;103;9;51;27;77;0;101;318;20;125;7;380;24;62;6;8;34;2;2058
Reno149;702479.93;4888788.81;0;55536.63;13931.54;44.122514;11.529655;46.48;0.53;12.62;4.46;0.13;3.07;15.17;1.26;1.93;0.09;14.26;82;103;9;55;24;101;0;79;297;14;139;7;568;30;53;8;9;11;2;943
Reno150;701678.29;4888976.22;0;54734.99;14118.95;44.124421;11.519717;46.78;0.53;12.35;4.34;0.12;3.09;14.76;1.26;1.92;0.07;14.78;74;104;9;52;29;99;0;90;312;18;141;7;561;18;59;3;6;26;2;1033
Reno151;712866.79;4909988.48;0;65923.49;35131.21;44.310223;11.667939;44.55;0.48;10.77;3.83;0.12;3.77;14.25;1.27;1.8;0.1;19.06;66;90;10;49;17;64;0;75;265;13;105;7;397;33;63;2;10;26;2;1797
Reno152;715106.55;4900233.18;0;68163.25;25375.91;44.221834;11.691981;43.67;0.56;12.38;4.9;0.14;3.86;15.78;1;2.09;0.11;15.51;86;112;14;72;42;116;0;48;699;6;2;4;417;30;64;5;2;22;2;2410
Reno153;701677.99;4888975.44;0;54734.69;14118.17;44.124414;11.519713;44.48;0.61;13.45;5.03;0.14;3.51;15.61;0.99;2.09;0.09;14;96;122;12;59;26;79;0;57;195;11;53;7;446;15;76;16;6;27;2;783
Reno154;704794.77;4888855.08;0;57851.47;13997.81;44.122466;11.558584;47.16;0.54;12.96;4.59;0.13;3.22;14.41;1.16;2.01;0.08;13.74;85;99;8;50;24;76;0;87;295;17;153;6;587;20;44;7;10;59;2;745
Reno155;714574.61;4899429.5;0;67631.31;24572.23;44.214763;11.685;43.66;0.59;12.94;4.91;0.13;4.41;14.52;0.95;2.27;0.09;15.53;95;123;13;70;32;109;0;95;300;18;96;7;406;23;51;9;9;47;21;1487
Reno156;703114.83;4895419.64;0;56171.53;20562.37;44.181978;11.540141;46.19;0.53;12.15;3.94;0.12;3.97;14.58;1.3;1.96;0.12;15.14;70;112;9;51;24;81;0;64;217;14;91;7;382;24;80;8;6;33;13;2044
Reno157;710939.44;4908653.31;0;63996.14;33796.04;44.298777;11.64326;41.93;0.61;12.59;4.99;0.13;4.03;17.19;0.99;2.16;0.1;15.28;89;118;14;72;37;122;0;107;362;22;143;7;430;35;47;4;19;62;8;2037
Reno158;702456.99;4895215.1;0;55513.69;20357.83;44.180321;11.53184;40.05;0.59;13.99;5.4;0.13;4.52;12.76;0.81;2.41;0.1;19.24;120;141;18;83;38;112;0;134;344;20;100;8;379;25;72;5;8;33;2;574
Reno159;712890.73;4897989.4;0;65947.43;23132.13;44.202305;11.66336;42;0.56;12.68;4.72;0.13;3.86;15.23;0.98;2.02;0.12;17.7;93;122;10;70;34;113;0;74;243;12;62;8;419;31;30;9;13;45;11;2368
Reno160;709574.97;4891066.62;0;62631.67;16209.35;44.141003;11.619147;39.94;0.6;14.06;5.53;0.13;4.47;12.82;0.75;2.43;0.14;19.13;120;145;19;86;36;112;0;131;310;15;53;8;358;26;58;15;13;36;8;728
Reno161;702506.05;4884929.47;0;55562.75;10072.2;44.087794;11.5285;44.09;0.6;12.51;4.88;0.13;4.09;15.21;1.09;2.16;0.1;15.14;93;112;12;62;25;81;0;83;299;14;110;7;418;43;43;10;9;14;7;2151
Reno162;705938.23;4896534.11;0;58994.93;21676.84;44.191211;11.575866;39.86;0.6;13.48;5.68;0.13;4.58;13.03;0.79;2.5;0.12;19.23;123;152;14;93;48;142;0;159;393;24;78;8;320;26;80;16;7;64;2;990
Reno163;700330.11;4900383.33;0;53386.81;25526.06;44.227393;11.507229;31.08;0.38;8.19;3.3;0.1;2.8;22.26;0.78;1.35;0.08;29.68;59;61;5;74;20;67;2;79;607;10;23;6;313;19;43;2;6;51;2;3169
Reno164;704622.76;4904104.67;0;57679.46;29247.4;44.259671;11.562376;41.84;0.56;12.23;4.83;0.14;3.98;15.53;1;2.05;0.11;17.73;86;102;14;70;32;110;2;76;266;18;110;11;389;25;56;2;15;46;15;2404
Reno165;702639.28;4898223.62;0;55695.98;23366.35;44.20733;11.535279;42.09;0.51;11.91;4.49;0.13;3.29;17.19;1.03;1.93;0.03;17.4;78;91;11;56;34;100;0;84;314;18;129;6;435;27;49;2;9;37;2;1045
Reno166;701894.29;4898355.21;0;54950.99;23497.94;44.20872;11.526014;45.58;0.52;12.12;4.4;0.13;3.2;15.25;1.23;1.9;0.11;15.56;72;102;8;54;25;101;2;84;314;18;129;7;593;27;43;6;8;36;2;992
Reno167;704097.9;4904788.32;0;57154.6;29931.05;44.265967;11.556074;45.49;0.55;11.4;4.44;0.14;3.95;15.19;1.23;1.97;0.12;15.52;70;89;10;57;28;98;2;106;349;20;113;7;391;27;66;2;16;34;11;1776
Reno168;692685.36;4882123.66;0;45742.06;7266.39;44.065203;11.404916;39.02;0.55;12.23;4.76;0.12;3.51;15.73;0.85;1.8;0.13;21.3;92;92;15;61;25;92;0;93;321;18;84;8;363;18;51;3;6;45;1;1007
Reno169;709183.78;4907060.5;0;62240.48;32203.23;44.284959;11.620637;42.62;0.58;12.78;4.97;0.13;3.96;15.52;0.96;2.14;0.1;16.24;99;120;11;69;30;100;0;117;358;18;106;8;443;22;41;4;9;51;2;1875
Reno170;700460.04;4900845.7;0;53516.74;25988.43;44.231516;11.509031;31.35;0.38;8.17;3.04;0.11;2.76;22.74;0.69;1.29;0.06;29.41;63;64;4;81;29;93;0;72;610;13;23;6;333;18;40;2;6;25;16;3197
Reno171;698922.52;4894529.79;0;51979.22;19672.52;44.175128;11.487404;34.03;0.48;10.19;3.96;0.11;3.5;19.41;0.96;1.67;0.08;25.61;76;88;9;57;32;97;0;95;292;16;106;7;339;23;41;2;2;33;3;1368
Reno172;699934.23;4896471.88;0;52990.93;21614.61;44.19232;11.500787;32.24;0.47;9.52;3.94;0.12;3.49;20.43;0.94;1.64;0.11;27.1;71;83;9;64;26;99;0;95;305;15;113;6;324;21;45;2;12;43;10;1209
Reno173;709808.15;4907372.14;0;62864.85;32514.87;44.287582;11.628579;42.13;0.59;13.21;5.03;0.13;4.03;15.4;0.97;2.19;0.08;16.24;104;124;12;74;41;125;0;80;250;14;54;8;431;11;53;15;7;46;7;1954
Reno174;694621.37;4884195.23;0;47678.07;9337.96;44.083326;11.429831;38.11;0.54;12.11;4.7;0.12;3.43;16.39;0.81;1.77;0.13;21.89;94;92;11;66;30;119;0;92;306;14;77;7;392;24;59;5;12;26;6;964
Reno175;701896.87;4902138.9;0;54953.57;27281.63;44.242751;11.527503;43.05;0.61;12.97;5.05;0.13;4.1;15.61;0.95;2.21;0.13;15.19;100;129;13;82;46;126;0;93;275;16;72;6;418;32;53;11;15;49;3;1803
Reno176;695332.39;4891097.36;0;48389.09;16240.09;44.145222;11.44126;19.84;0.28;6.35;2.11;0.11;2.28;32.7;0.56;0.98;0.01;34.79;41;47;2;35;28;69;0;88;278;14;83;6;311;6;35;2;11;42;6;2422
Reno177;696456.75;4889999.87;0;49513.45;15142.6;44.135049;11.454896;19.14;0.29;5.99;2.11;0.11;2.27;33.61;0.6;0.97;0.01;34.91;41;50;2;38;27;72;0;45;730;7;2;5;337;2;39;2;2;44;3;2073
Reno178;702423.18;4901747.76;0;55479.88;26890.49;44.239087;11.533937;41.34;0.45;10.63;3.56;0.11;3.78;13.06;1.18;1.73;0.1;24.06;67;86;5;48;24;85;0;77;272;18;92;8;429;19;57;4;10;24;7;1698
Reno179;705357.36;4901167.56;0;58414.06;26310.29;44.233048;11.570418;42.88;0.6;12.71;5.17;0.14;4.15;14.85;1;2.23;0.09;16.18;99;120;11;70;29;97;0;110;325;16;108;7;420;27;51;8;11;38;2;1524
Reno180;710092.08;4907648.66;0;63148.78;32791.39;44.289987;11.632245;36.44;0.37;9.93;3.05;0.09;3.49;11.34;1.08;1.53;0.08;32.6;64;73;6;49;12;75;0;94;314;16;103;7;355;20;32;2;6;18;5;1226
Reno181;681848.07;4923582.08;0;34904.77;48724.81;44.440927;11.284105;53.58;0.53;13.03;4.33;0.12;3.18;10.81;1.21;1.93;0.12;11.16;75;96;10;56;30;101;12;82;253;18;145;8;374;21;47;15;23;13;5;1020
Reno182;681278.96;4920968.62;0;34335.66;46111.35;44.41756;11.276046;55.18;0.55;14.01;4.39;0.1;3.42;8.27;1.41;2.09;0.14;10.44;79;98;10;63;31;125;20;94;238;22;153;12;367;21;43;14;25;14;2;730
Reno183;680875.8;4918866.86;0;33932.5;44009.59;44.398754;11.270254;56.76;0.47;12.16;4.03;0.11;2.7;9.3;1.47;1.79;0.1;11.12;65;106;9;51;33;96;8;83;272;23;181;10;590;23;40;15;23;8;2;1040
Reno184;679091.28;4917668.19;0;32147.98;42810.92;44.388414;11.24745;55.32;0.52;13.79;4.34;0.11;3.2;9.06;1.25;2.05;0.12;10.26;73;88;10;55;33;111;10;89;221;17;107;10;357;23;40;15;25;7;2;800
Reno185;678290.68;4916390.03;0;31347.38;41532.76;44.377113;11.236968;54.38;0.53;13.57;4.78;0.13;3.18;9.28;1.23;2.18;0.14;10.61;78;97;13;64;39;124;0;106;270;22;139;13;380;21;45;14;22;5;6;870
Reno186;677129.84;4915556.96;0;30186.54;40699.69;44.369903;11.222124;53.78;0.56;13.72;4.8;0.13;3.23;9.79;1.23;2.2;0.13;10.44;78;100;11;63;43;120;15;94;256;21;132;10;388;22;65;16;28;4;2;880
Reno187;681488.36;4927437.61;0;34545.06;52580.34;44.4757;11.280939;55.58;0.43;11.34;3.81;0.12;2.52;11.6;1.28;1.85;0.1;11.35;54;99;8;49;25;73;11;60;217;15;102;6;431;23;37;13;17;7;3;960
Reno188;681892.14;4925874.89;0;34948.84;51017.62;44.461541;11.285463;51.64;0.42;11.51;4.21;0.16;2.54;13.35;1.12;1.82;0.09;13.14;59;94;10;51;33;73;7;84;351;20;118;9;512;23;25;14;21;4;3;1060
Reno189;681811.21;4922046.52;0;34867.91;47189.25;44.427123;11.283104;55.38;0.33;10.25;3.7;0.13;2.27;12.46;1.31;1.79;0.07;12.29;47;77;6;45;28;72;10;80;323;20;111;8;335;17;32;14;23;9;2;1320
Reno190;675981.49;4914563.38;0;29038.19;39706.11;44.361244;11.207386;52.58;0.55;13.61;4.96;0.14;3.15;10.81;1.15;2.14;0.14;10.78;78;97;14;61;38;112;17;95;293;23;156;12;525;28;44;18;21;9;5;1320
Reno191;676384.42;4914112.72;0;29441.12;39255.45;44.357092;11.212286;55.59;0.6;14.34;4.76;0.1;3.5;7.73;1.27;2.23;0.16;9.72;80;106;11;67;40;138;13;110;252;26;176;13;339;26;50;15;26;13;8;850
Reno192;676175.79;4914112.76;0;29232.49;39255.49;44.357143;11.20967;55.57;0.61;14.44;4.8;0.1;3.52;7.81;1.29;2.28;0.16;9.44;82;108;13;64;39;160;15;95;207;20;136;11;355;25;65;13;25;6;5;830
Reno193;676249.86;4913037.74;0;29306.56;38180.47;44.347454;11.210235;56.32;0.55;13.31;4.94;0.15;2.87;8.2;1.32;2.16;0.12;10.07;83;107;13;59;40;116;13;92;222;20;124;9;436;23;56;16;22;5;3;690
Reno194;675684.86;4911507.67;0;28741.56;36650.4;44.333826;11.202636;53.86;0.56;14.26;4.4;0.1;3.47;5.77;1.29;2.14;0.13;14.03;81;97;11;57;29;131;11;103;192;20;152;11;353;26;50;11;23;7;3;500
Reno195;674683.89;4911149.93;0;27740.59;36292.66;44.330849;11.18997;57.06;0.58;14.73;4.85;0.12;3.43;7.02;1.35;2.28;0.14;8.44;80;101;13;59;36;121;15;94;200;20;129;10;393;27;57;14;20;4;8;580
Reno196;681874.69;4928522.83;0;34931.39;53665.56;44.485365;11.286174;53.79;0.5;12.74;4.28;0.12;3.02;10.8;1.22;1.96;0.12;11.46;72;93;9;59;30;103;20;84;266;22;121;9;366;21;45;16;23;9;5;900
Reno197;681160.68;4929616.45;0;34217.38;54759.18;44.495382;11.277585;52.72;0.45;11.9;4.04;0.13;2.83;12.63;1.17;1.88;0.1;12.15;60;102;8;54;29;85;10;86;325;21;122;9;464;16;40;14;22;9;3;760
Reno198;682381.69;4931443.4;0;35438.39;56586.13;44.511509;11.293575;52.12;0.4;11.1;3.61;0.14;2.53;14.28;1.32;1.93;0.12;12.45;55;89;7;55;33;75;11;69;284;16;96;6;464;13;41;17;21;7;4;740
Reno199;683814.66;4936132.36;0;36871.36;61275.09;44.553324;11.313259;52.86;0.43;11.68;3.77;0.13;2.66;13.03;1.34;1.99;0.12;11.98;57;81;7;48;33;83;10;79;290;17;124;8;348;21;41;17;23;5;9;610
Reno200;683531.68;4934035.35;0;36588.38;59178.08;44.534533;11.308953;54.07;0.36;10.35;3.62;0.13;2.18;13.6;1.27;1.78;0.09;12.56;50;87;8;49;30;69;8;75;330;23;145;6;447;22;46;15;22;8;4;590
Reno201;674250.03;4910257.22;0;27306.73;35399.95;44.322922;11.184234;57.6;0.59;14.66;4.93;0.13;3.34;6.65;1.32;2.31;0.13;8.35;83;108;15;62;35;121;14;98;191;21;126;11;407;26;51;13;21;8;6;580
Reno202;672966.71;4909094.26;0;26023.41;34236.99;44.312766;11.167766;57.6;0.58;14.53;4.95;0.13;3.21;6.4;1.34;2.24;0.12;8.89;87;105;14;64;42;133;16;94;187;20;129;11;404;25;60;15;21;10;8;490
Reno203;672323.02;4908264.95;0;25379.72;33407.68;44.305458;11.159427;57.71;0.62;15.28;5.01;0.11;3.52;6.05;1.34;2.38;0.15;7.83;82;104;13;62;40;136;16;100;175;21;138;11;385;26;54;13;28;7;2;520
Reno204;670471.98;4907847.66;0;23528.68;32990.39;44.30214;11.1361;58.52;0.6;14.85;4.85;0.11;3.41;5.7;1.43;2.31;0.13;8.08;85;101;13;63;44;138;14;92;160;20;136;10;384;26;52;12;25;7;6;510
Reno205;669173.24;4907286.99;0;22229.94;32429.72;44.297399;11.119648;57.28;0.62;15.35;5.06;0.12;3.48;5.83;1.27;2.39;0.14;8.47;90;112;15;66;39;143;17;83;141;17;99;10;378;28;50;15;30;9;2;520
Reno206;669005.2;4906733.9;0;22061.9;31876.63;44.292462;11.117364;55.54;0.56;14.53;4.53;0.1;3.2;5.05;1.32;2.15;0.13;12.89;87;101;13;58;31;123;14;101;170;19;134;12;354;26;55;12;20;4;4;370
Reno207;668738.97;4904207.71;0;21795.67;29350.44;44.269796;11.113214;58.08;0.64;16.14;5.3;0.11;3.7;5.87;1.23;2.52;0.15;6.29;92;116;15;68;43;141;17;101;163;17;108;10;364;26;64;17;27;9;6;440
Reno208;669287.6;4904258.54;0;22344.3;29401.27;44.270126;11.1201;55.44;0.73;17.47;6.44;0.17;2.72;3.79;0.75;2.5;0.12;9.87;120;111;20;69;47;108;19;130;191;24;118;14;229;31;96;16;21;11;4;570
Reno209;668907.57;4905065.02;0;21964.27;30207.75;44.27747;11.115602;55.13;0.65;16.02;5.47;0.12;3.38;6.2;1.1;2.51;0.12;9.3;93;113;15;68;40;128;16;104;183;21;153;12;385;24;68;15;25;8;2;530
Reno210;668928.73;4905498.6;0;21985.43;30641.33;44.281366;11.116007;58.46;0.62;15.19;4.89;0.09;3.57;5.49;1.38;2.36;0.15;7.8;89;112;14;63;40;149;17;97;163;19;147;12;375;20;56;14;26;9;3;460
Reno211;668526.36;4905703.87;0;21583.06;30846.6;44.283306;11.111034;55.54;0.59;14.56;4.9;0.1;3.52;7.5;1.28;2.38;0.14;9.5;83;104;13;64;38;136;16;104;207;20;142;12;376;25;45;11;21;12;5;680
Reno212;681848.07;4923582.08;0;34904.77;48724.81;44.440927;11.284105;43.73;0.35;8.35;3.22;0.13;2.26;19.71;1.02;1.7;0.1;19.44;50;80;8;56;32;72;9;65;204;16;105;9;543;20;61;19;20;4;3;710
Reno213;681217.03;4920960.56;0;34273.73;46103.29;44.417503;11.275266;62.93;0.29;9.74;2.64;0.09;1.5;9.24;1.56;2.28;0.09;9.64;35;53;6;29;19;47;7;79;242;17;87;7;357;19;17;9;20;6;2;480
Reno214;681427.59;4926111.93;0;34484.29;51254.66;44.46379;11.279711;51.84;0.41;9.2;3.16;0.1;1.87;19.12;1.15;1.9;0.14;11.1;49;81;7;55;65;117;12;82;461;19;204;8;905;26;54;19;97;7;8;810
Reno215;680202.84;4925167.34;0;33259.54;50310.07;44.455599;11.263998;55.46;0.36;10.57;2.89;0.09;1.81;11.34;1.3;2.06;0.12;14.01;49;61;8;46;42;63;7;98;352;19;152;9;565;28;38;13;25;13;5;450
Reno216;678987.18;4924852.44;0;32043.88;49995.17;44.453068;11.248621;35.84;0.37;8.63;3.02;0.1;2.58;23.55;0.69;1.51;0.13;23.58;61;90;8;84;51;68;12;75;622;20;128;9;722;22;35;23;15;5;2;760
Reno217;678876.33;4924293.58;0;31933.03;49436.31;44.448068;11.247036;39.94;0.38;9.1;3.19;0.11;2.68;21.98;0.72;1.56;0.14;20.21;55;95;8;77;53;61;11;77;605;20;115;8;547;23;51;23;19;6;6;570
Reno218;679806.53;4924609.56;0;32863.23;49752.29;44.45068;11.258827;40.67;0.39;9.78;3.42;0.11;2.73;17.86;0.77;1.57;0.12;22.57;62;90;9;77;43;64;10;84;559;23;134;9;529;21;58;17;19;8;4;430
Reno219;681445.58;4924744.31;0;34502.28;49887.04;44.451483;11.279458;40.65;0.43;9.73;3.42;0.09;2.68;17.47;0.87;1.66;0.21;22.8;58;105;9;76;67;147;11;84;523;21;141;10;510;18;43;19;26;7;6;800
Reno220;679806.49;4924610.9;0;32863.19;49753.63;44.450692;11.258827;66.55;0.21;7.89;1.84;0.1;0.94;9.55;1.55;1.82;0.05;9.49;19;100;4;31;15;29;5;71;263;16;121;6;263;9;28;10;6;8;4;90
Reno221;678895.46;4924301.44;0;31952.16;49444.17;44.448134;11.247279;63.11;0.31;8.01;2.22;0.12;1.16;10.83;1.54;1.65;0.15;10.91;26;184;4;32;23;53;6;69;254;18;277;8;290;24;28;10;23;10;2;640
Reno222;677702.13;4925094.8;0;30758.83;50237.53;44.455565;11.232565;37.73;0.33;7.28;2.39;0.06;2.23;25.05;0.8;1.38;0.13;22.61;43;86;5;62;47;58;10;60;620;19;124;7;573;21;28;19;12;11;3;650
Reno223;680387.3;4919841.24;0;33444;44983.97;44.407641;11.264463;59.69;0.27;8;2.61;0.15;1.97;12.71;1.51;1.57;0.09;11.43;28;128;6;47;20;42;4;55;271;17;186;6;322;16;24;13;10;4;9;340
Reno224;679036.47;4920372.27;0;32093.17;45515;44.412753;11.247694;51.38;0.33;10.22;3.78;0.19;2.54;16.12;1.12;1.66;0.06;12.6;48;113;9;69;34;52;8;57;270;15;75;6;299;25;48;18;13;5;7;300
Reno225;677523.55;4920975.17;0;30580.25;46117.9;44.418549;11.228912;56.46;0.29;8.04;2.52;0.17;1.49;16.93;1.32;1.68;0.05;11.05;28;135;5;42;25;37;6;62;333;21;206;7;260;18;49;16;10;1;6;130
Reno226;678685.25;4920003.35;0;31741.95;45146.08;44.409521;11.243159;60.03;0.25;8.72;2.53;0.13;2.24;13.58;1.62;1.69;0.08;9.13;28;85;6;45;20;39;4;60;271;14;81;5;318;15;35;13;10;3;6;280
Reno227;677460.53;4920138.42;0;30517.23;45281.15;44.411037;11.227835;55.2;0.23;8.5;2.77;0.16;2.79;16.9;1.53;1.68;0.05;10.19;28;105;7;58;26;36;6;60;304;15;77;5;316;14;22;15;11;6;8;190
Reno228;678604.25;4917906.96;0;31660.95;43049.69;44.390682;11.241422;48.66;0.18;6.49;2.1;0.14;1.68;19.91;1.29;1.34;0.06;18.15;19;76;5;40;46;46;5;55;355;14;81;6;312;14;15;17;13;4;5;830
Reno229;677361.43;4918446.97;0;30418.13;43589.7;44.395845;11.226014;56.38;0.25;8.08;2.56;0.15;2.13;16.17;1.57;1.55;0.07;11.1;26;110;6;45;27;36;5;56;308;17;165;6;331;8;24;16;13;5;4;510
Reno230;680225.14;4918050.81;0;33281.84;43193.54;44.391575;11.261807;52.61;0.16;7.08;2.38;0.18;2.37;19.07;1.33;1.49;0.04;13.29;21;77;5;59;25;36;8;57;384;15;49;5;243;18;21;19;12;5;5;270
Reno231;680666.51;4917456.96;0;33723.21;42599.69;44.386123;11.267138;55.46;0.27;6.9;2.39;0.21;2.08;17.98;1.41;1.41;0.07;11.83;23;205;4;53;25;34;5;51;339;15;98;5;310;12;30;14;11;5;6;190
Reno232;677797.38;4916464.5;0;30854.08;41607.23;44.377904;11.230806;45.68;0.45;11.59;3.74;0.12;2.88;16.33;0.84;1.71;0.12;16.53;57;94;8;58;46;74;10;74;405;18;134;8;425;31;42;20;18;5;7;710
Reno233;675573.48;4917116.71;0;28630.18;42259.44;44.384313;11.203131;38.12;0.3;7.03;2.64;0.06;2.28;25.15;0.74;1.21;0.11;22.35;42;100;4;77;37;60;9;59;587;16;94;6;426;18;37;23;10;3;7;590
Reno234;676921.93;4916761.52;0;29978.63;41904.25;44.38079;11.219926;39.96;0.26;6.46;2.26;0.07;1.94;25.67;0.96;1.28;0.11;21.02;31;91;4;52;41;51;9;45;557;14;108;6;403;15;22;25;10;10;5;590
Reno235;676003.06;4914946.57;0;29059.76;40089.3;44.364686;11.207786;38.41;0.26;7.37;2.12;0.05;2.77;17.38;0.86;1.33;0.09;29.35;35;77;4;50;12;47;6;68;626;17;108;7;306;20;24;13;13;6;6;1390
Reno236;675464.53;4915508.87;0;28521.23;40651.6;44.369875;11.201222;39.41;0.34;8.07;2.85;0.06;2.88;23.13;0.65;1.37;0.12;21.12;47;99;6;68;40;64;11;64;641;14;99;8;488;24;28;20;12;9;5;610
Reno237;675281.73;4915243.41;0;28338.43;40386.14;44.367531;11.19884;39.95;0.32;7.57;3.19;0.06;2.57;25.1;0.8;1.35;0.09;19;36;84;6;59;39;52;9;61;646;15;119;6;271;12;40;25;15;6;5;3260
Reno238;674572.6;4914949.29;0;27629.3;40092.02;44.365056;11.189848;38.88;0.41;9.45;3.67;0.06;2.88;21.7;0.82;1.65;0.11;20.38;55;90;6;70;36;60;11;86;673;20;126;9;230;29;52;23;17;7;6;2790
Reno239;674493.33;4911453.19;0;27550.03;36595.92;44.333623;11.187683;45.51;0.45;12.43;4.2;0.12;3.08;13.48;0.71;1.81;0.1;18.1;74;97;10;68;40;71;7;60;279;14;70;6;446;29;52;18;16;6;6;840
Reno240;673573.98;4911862.44;0;26630.68;37005.17;44.337525;11.176296;39.36;0.28;6.85;2.57;0.06;2.12;24.86;0.78;1.23;0.1;21.78;40;98;5;69;38;56;9;53;593;17;90;5;414;16;21;23;14;6;3;570
Reno241;672534.52;4911886.04;0;25591.22;37028.77;44.337985;11.163274;45.89;0.51;13.35;4.38;0.14;3.11;13.88;0.74;1.76;0.15;16.11;81;94;11;58;42;77;13;84;371;21;138;10;380;31;67;21;18;9;8;970
Reno242;671072.69;4912237.76;0;24129.39;37380.49;44.341495;11.145065;45.95;0.56;13.94;5.29;0.16;2.94;12.5;0.6;1.63;0.13;16.3;104;118;14;72;42;91;16;76;318;19;85;9;397;38;68;21;21;6;4;730
Reno243;668592.99;4912656.16;0;21649.69;37798.89;44.345839;11.114114;47.35;0.63;15.97;6.12;0.18;2.87;9.34;0.54;1.71;0.12;15.17;123;114;18;63;41;101;17;81;236;18;83;11;374;36;70;21;21;10;6;820
Reno244;665701.46;4911629.42;0;18758.16;36772.15;44.337267;11.077535;50.02;0.57;13.25;5.41;0.26;2.04;9.81;0.7;1.51;0.21;16.23;101;122;20;73;40;94;14;82;263;25;147;12;428;40;99;17;34;7;12;360
Reno245;669595.35;4908156.34;0;22652.05;33299.07;44.305122;11.125218;40.48;0.35;8.62;3.48;0.1;2.94;21.56;0.7;1.32;0.12;20.33;58;102;7;72;33;66;11;59;570;15;77;6;495;23;42;21;15;9;5;940
Reno246;667657.94;4909511.67;0;20714.64;34654.4;44.317765;11.10138;43.88;0.53;13.44;5.3;0.15;3.23;13.09;0.67;1.64;0.15;17.91;106;113;15;72;42;88;14;81;340;22;103;11;408;36;44;21;18;10;6;670
Reno247;667757.02;4908887.32;0;20813.72;34030.05;44.312125;11.102421;46.13;0.51;12.84;4.57;0.11;3.66;11.94;0.76;1.59;0.15;17.75;94;132;14;81;30;78;12;94;389;24;156;13;419;37;59;17;16;8;7;560
Reno248;665749.97;4909152.38;0;18806.67;34295.11;44.31497;11.077356;59.23;0.31;9.43;2.48;0.06;2.21;11.81;1.17;1.96;0.12;11.22;38;97;4;52;19;45;8;80;285;15;113;7;359;12;38;13;15;4;4;580
Reno249;664365.14;4902850.23;0;17421.84;27992.96;44.258583;11.058021;66.02;0.26;10.24;1.96;0.05;1.64;8.29;1.73;2.61;0.09;7.11;29;52;3;28;22;33;6;98;219;14;84;5;451;18;29;8;12;10;2;690
Reno250;661242.68;4902455.47;0;14299.38;27598.2;44.255729;11.018808;63.15;0.33;10.62;2.21;0.06;1.99;9.86;1.72;2.5;0.12;7.44;35;70;3;33;25;41;8;98;245;15;140;7;399;16;35;12;16;5;6;700
Reno251;660680.52;4903587.87;0;13737.22;28730.6;44.266042;11.012118;48.14;0.35;9.83;3.4;0.1;2.63;17.08;0.97;1.84;0.12;15.55;52;96;9;65;55;83;8;83;405;18;118;8;354;25;32;18;18;4;5;940
Reno252;667140.12;4906289.99;0;20196.82;31432.72;44.288899;11.09386;47.65;0.54;14.67;4.97;0.14;3.09;11.24;0.85;2.16;0.11;14.59;94;99;14;65;39;84;15;106;308;21;110;10;454;34;67;18;17;9;7;1550
Reno253;668106.15;4905808.77;0;21162.85;30951.5;44.284347;11.105805;54.91;0.49;14.75;4.36;0.11;2.72;8.78;0.92;2.37;0.07;10.52;75;86;11;50;37;70;13;104;231;18;89;8;384;26;47;15;18;7;5;1080
Reno254;666432.71;4906681.21;0;19489.41;31823.94;44.292581;11.085124;48.56;0.53;14.51;4.91;0.15;3.21;11.8;0.86;2.14;0.12;13.2;89;99;13;72;43;83;13;106;329;21;123;12;502;34;54;21;19;10;7;1370
Reno255;666231.74;4906984.32;0;19288.44;32127.05;44.295354;11.082703;51.13;0.61;15.49;5.42;0.18;3.41;8.95;0.6;2.31;0.08;11.82;102;102;16;75;46;83;13;69;196;14;84;7;346;40;83;18;22;5;6;2040
Reno256;664902.95;4906285.83;0;17959.65;31428.56;44.289372;11.065837;47.47;0.54;14.73;4.84;0.13;3.23;10.41;0.7;2.04;0.08;15.83;91;100;13;71;37;79;13;109;309;20;138;10;386;28;60;17;21;11;8;1250
Reno257;662731.7;4905645.88;0;15788.4;30788.61;44.284103;11.038441;49.97;0.54;14.23;4.73;0.18;3.09;10.74;0.73;2.14;0.11;13.54;83;103;14;67;39;79;13;114;297;22;142;12;349;21;50;17;24;11;6;880
Reno258;671578.12;4907642.26;0;24634.82;32784.99;44.300032;11.14989;58.34;0.35;10.85;2.58;0.07;2.54;13;1.37;2.53;0.1;8.27;38;69;4;45;31;50;6;117;343;16;164;8;544;26;49;14;18;6;3;1290
Reno259;673836.13;4909140.42;0;26892.83;34283.15;44.312974;11.178675;60.45;0.45;13.53;2.73;0.06;2.38;7.58;1.47;2.59;0.09;8.68;45;48;7;26;22;48;9;77;489;18;104;9;422;19;43;10;21;9;3;710
Reno260;673228.4;4913074.75;0;26285.1;38217.48;44.348514;11.172367;43.6;0.29;7.63;2.43;0.05;2.6;20.27;0.96;1.53;0.1;20.55;37;102;5;61;24;48;9;68;592;16;108;5;375;19;38;17;11;4;4;610
Reno261;676746.51;4912284.5;0;29803.21;37427.23;44.340557;11.216206;44.72;0.42;9.47;3.99;0.06;3.12;19.26;0.77;1.53;0.13;16.53;49;102;7;63;34;61;12;82;530;22;145;10;233;20;33;20;12;7;2;2530
Reno262;677346.72;4911850.01;0;30403.42;36992.74;44.336502;11.223582;45.4;0.42;9.59;3.95;0.06;3.1;18.3;0.79;1.6;0.12;16.67;56;101;7;70;30;64;12;77;489;18;103;9;227;27;35;20;10;8;8;2190
Reno263;677081.82;4912846.04;0;30138.52;37988.77;44.345527;11.2206;42.14;0.4;9.2;4.1;0.06;2.9;18.41;0.82;1.57;0.13;20.26;57;106;8;73;28;63;8;79;513;20;145;9;293;18;45;19;13;7;8;2020
Reno264;676518.07;4913605.89;0;29574.77;38748.62;44.3525;11.21379;44.63;0.42;9.52;3.81;0.07;2.83;17.24;0.84;1.54;0.12;18.98;59;103;9;69;27;63;9;81;505;22;165;10;243;24;38;16;12;5;6;1240
Reno265;677079.86;4913265.39;0;30136.56;38408.12;44.3493;11.220718;39.43;0.41;9.34;3.86;0.06;2.84;20.79;0.75;1.63;0.12;20.78;60;98;7;72;34;62;10;71;571;17;111;8;619;28;49;23;13;7;4;800
Reno266;681083.95;4919343.87;0;34140.65;44486.6;44.402993;11.273032;50.34;0.37;8;2.94;0.17;2.63;21.57;1.23;1.53;0.07;11.15;36;171;6;64;35;40;7;62;380;23;403;6;287;25;44;21;10;9;6;290
Reno267;682321.27;4917838.82;0;35377.97;42981.55;44.389144;11.28803;47.51;0.21;6.74;2.75;0.19;2.71;22.42;1.15;1.25;0.04;15.02;27;164;7;69;35;37;9;50;433;16;97;4;225;18;22;22;13;3;5;250
Reno268;682240.19;4918432.62;0;35296.89;43575.35;44.394506;11.287221;51.68;0.34;9.65;3.17;0.14;2.58;17.36;1.35;1.75;0.08;11.91;37;102;7;53;25;48;8;55;270;15;107;5;263;19;38;20;11;11;8;390
Reno269;681993.4;4922975.84;0;35050.1;48118.57;44.435437;11.285717;53.92;0.49;13.54;4.27;0.11;2.61;10.21;0.85;2.06;0.09;11.86;68;83;11;58;28;61;10;106;287;22;11;8;370;27;66;14;15;6;9;900
Reno270;683130.71;4922715.68;0;36187.41;47858.41;44.43281;11.299904;53.32;0.43;11.84;3.83;0.12;2.62;13.58;1.05;1.94;0.09;11.18;58;94;9;53;24;55;11;91;321;20;126;8;327;20;29;17;15;10;8;1410
Reno271;658777.54;4891865.36;0;11834.24;17008.09;44.160984;10.984743;53.84;0.63;15.66;5.96;0.12;3.14;6.8;1.04;2.17;0.11;10.52;97;119;14;66;53;116;17;120;207;26;148;11;415;30;57;17;24;14;4;300
Reno272;658838.8;4893478.69;0;11895.5;18621.42;44.175487;10.985996;54.77;0.65;15.43;5.74;0.12;3.16;6.68;1.13;2.09;0.12;10.11;100;119;14;62;56;114;16;57;100;12;80;4;462;31;59;19;21;7;5;380
Reno273;657910.56;4891177;0;10967.26;16319.73;44.154978;10.9737;53.42;0.64;16.62;5.86;0.12;3.22;6.52;0.96;2.3;0.11;10.23;106;113;15;59;52;113;17;126;204;23;125;11;382;31;62;18;21;8;4;220
Reno274;657753.06;4890487.94;0;10809.76;15630.67;44.148812;10.971525;50.19;0.69;17.05;5.75;0.1;2.9;7.49;0.82;2.47;0.12;12.43;114;102;16;52;48;104;21;130;227;24;119;13;331;30;61;20;21;12;3;330
Reno275;656883.52;4890381.58;0;9940.22;15524.31;44.148042;10.960627;51.85;0.73;18.5;6.28;0.11;3.02;5.21;0.73;2.6;0.09;10.86;119;118;19;56;48;96;20;137;206;24;131;12;343;38;66;19;13;9;5;310
Reno276;656686.72;4890886.67;0;9743.42;16029.4;44.152629;10.958318;52.51;0.72;17.44;6.49;0.15;2.98;5.77;0.81;2.41;0.09;10.62;123;121;22;67;54;104;22;115;155;20;112;10;411;34;61;20;23;7;4;310
Reno277;656461.13;4888996.43;0;9517.83;14139.16;44.135669;10.954937;51.28;0.75;18.36;6.65;0.17;2.94;5.25;0.72;2.47;0.1;11.31;134;124;23;66;55;103;21;112;135;17;93;8;401;36;82;20;26;12;2;140
Reno278;659495.16;4891226.67;0;12551.86;16369.4;44.155081;10.993519;53.85;0.69;17.32;5.81;0.15;3.08;5.46;0.92;2.43;0.13;10.17;117;129;17;69;58;94;18;78;109;16;77;7;419;34;65;18;17;10;4;346
Reno279;658838.57;4890927.94;0;11895.27;16070.67;44.152536;10.985223;50.05;0.78;18.81;7;0.14;3.1;5.06;0.68;2.76;0.08;11.54;133;130;25;64;54;111;19;154;178;25;128;13;381;43;74;20;15;8;9;172
Reno280;659361.17;4890085.59;0;12417.87;15228.32;44.144843;10.991499;59.57;0.62;15.51;5.35;0.1;3.25;3.43;1.52;2.13;0.13;8.39;95;113;14;61;45;88;15;95;104;17;115;7;472;28;53;14;22;9;4;105
Reno281;660033.69;4889817.28;0;13090.39;14960.01;44.142282;10.999821;47.29;0.67;16.77;6.04;0.13;3.09;8.73;0.76;2.24;0.11;14.17;120;112;21;59;48;99;19;120;254;22;118;12;370;34;57;19;13;8;8;370
Reno282;659635.26;4889201.45;0;12691.96;14344.18;44.136828;10.994656;59.8;0.63;13.9;4.94;0.09;3.4;5.68;1.58;1.98;0.14;7.87;84;142;11;61;50;118;14;84;149;20;212;9;624;25;51;14;50;6;7;362
Reno283;659350.95;4888365.36;0;12407.65;13508.09;44.129367;10.990851;56.18;0.63;15.3;5.31;0.09;3.42;6.06;1.2;2.16;0.11;9.53;98;117;14;64;49;123;13;103;158;18;122;9;419;27;50;16;24;9;6;225
Reno284;658629.66;4887856.04;0;11686.36;12998.77;44.124941;10.981687;47.2;0.74;16.93;6.05;0.1;2.97;8.4;0.71;2.56;0.11;14.23;127;116;19;58;50;93;22;128;214;21;108;12;362;36;66;22;20;5;5;453
Reno285;657910.13;4886433.65;0;10966.83;11576.38;44.112298;10.972273;60.45;0.58;14.3;4.62;0.09;3.81;4.54;1.6;1.99;0.13;7.89;80;119;11;64;46;132;12;78;111;14;119;7;436;24;50;12;32;1;5;130
Reno286;657420.84;4886781.02;0;10477.54;11923.75;44.115529;10.966266;62.37;0.52;13.6;4.35;0.09;3.47;4.6;1.82;1.99;0.13;7.06;77;108;10;60;42;129;13;87;140;16;112;8;418;25;36;13;28;6;7;82
Reno287;657270.16;4886287.97;0;10326.86;11430.7;44.111125;10.964237;61.69;0.53;13.33;4.45;0.08;3.79;5.4;1.76;1.92;0.13;6.91;73;122;8;62;53;117;12;82;158;17;141;9;460;20;43;12;38;6;8;62
Reno288;657484.48;4885582.26;0;10541.18;10724.99;44.104729;10.966703;60.4;0.54;13.18;4.69;0.08;3.75;4.84;1.75;1.9;0.12;8.73;78;128;11;72;69;165;12;90;143;16;142;9;469;26;46;13;44;7;7;93
Reno289;656715.72;4884339.11;0;9772.42;9481.84;44.093708;10.956734;60.82;0.59;15.19;4.35;0.08;3.87;2.8;1.79;2.1;0.17;8.24;83;100;9;52;28;81;10;70;73;15;98;5;491;23;50;12;25;8;5;153
Reno290;656134.18;4884327.65;0;9190.88;9470.38;44.093729;10.94947;58.26;0.57;13.89;5;0.09;3.87;3.82;1.69;1.98;0.14;10.68;92;126;15;78;32;90;16;104;123;20;131;7;469;24;39;10;23;7;5;128
Reno291;655040.07;4884573.77;0;8096.77;9716.5;44.096176;10.935882;62.14;0.53;13.8;4.5;0.09;3.75;4.52;1.74;1.98;0.12;6.83;75;113;9;64;46;113;12;72;103;13;82;5;408;24;41;12;22;12;5;47
Reno292;653885.75;4884926.13;0;6942.45;10068.86;44.09959;10.921572;62.04;0.54;13.67;4.43;0.09;3.66;4.49;1.8;2.05;0.13;7.1;79;113;12;67;45;98;11;80;119;15;118;6;422;23;43;13;30;8;5;57
Reno293;652985.84;4885256.91;0;6042.54;10399.64;44.102755;10.910431;59.27;0.58;13.87;5.06;0.1;4.34;4.73;1.7;2.03;0.13;8.2;86;140;14;83;30;82;12;103;152;20;138;8;508;21;49;10;23;10;5;115
Reno294;653947.83;4885556.37;0;7004.53;10699.1;44.105248;10.922531;58.49;0.62;14.68;5.45;0.11;4.64;3.73;1.53;2.16;0.13;8.45;98;151;15;90;33;93;14;117;130;20;143;10;507;24;56;12;29;6;6;81
Reno295;656054.63;4883201.3;0;9111.33;8344.03;44.083611;10.948144;58.36;0.62;15.07;5.62;0.11;4.77;2.87;1.52;2.13;0.14;8.79;101;155;17;94;29;94;12;106;98;21;120;8;570;23;42;12;31;8;5;115
Reno296;654950.25;4882724.28;0;8006.95;7867.01;44.079553;10.934218;58.13;0.62;14.88;5.6;0.13;4.28;2.8;1.57;2.18;0.15;9.67;105;155;21;100;39;108;14;122;111;21;141;9;601;29;56;13;41;8;6;111
Reno297;654209.9;4881830.98;0;7266.6;6973.71;44.071671;10.924716;57.35;0.59;14.29;5.39;0.11;4.57;4.36;1.42;2.11;0.13;9.68;100;151;16;91;33;92;13;98;121;19;110;7;557;24;46;14;25;6;8;127
Reno298;656054.63;4883201.3;0;9111.33;8344.03;44.083611;10.948144;62.34;0.53;13.48;4.57;0.09;3.5;4.33;1.71;1.95;0.12;7.39;78;112;9;64;50;106;12;97;146;18;121;9;415;25;34;11;37;13;7;71
Reno299;654950.25;4882724.28;0;8006.95;7867.01;44.079553;10.934218;61.23;0.53;14.06;4.46;0.09;3.74;4.58;1.75;2.07;0.14;7.34;80;111;9;60;45;95;11;86;133;16;119;8;396;26;51;12;34;9;8;46
Reno300;654209.9;4881830.98;0;7266.6;6973.71;44.071671;10.924716;62.64;0.54;13.61;4.43;0.09;3.56;4.56;1.72;1.95;0.13;6.76;77;112;10;60;49;95;13;90;142;17;123;10;444;19;41;13;48;7;2;72
Reno301;653923.25;4880850.98;0;6979.95;5993.71;44.062913;10.920853;65.45;0.58;14.3;4.56;0.08;3.29;0.86;1.65;1.98;0.12;7.14;83;114;10;58;21;75;13;86;54;14;131;7;469;24;39;10;23;7;5;66
Reno302;653686.59;4881023.61;0;6743.29;6166.34;44.064516;10.91795;62.32;0.59;15.27;4.67;0.11;3.37;3.19;1.54;2.11;0.13;6.7;85;106;13;58;67;135;12;91;96;17;147;9;385;29;48;13;48;7;6;112
Reno303;653358.33;4881042.54;0;6415.03;6185.27;44.064755;10.913859;60.74;0.53;13.36;4.48;0.08;4;5.38;1.73;2.01;0.12;7.57;76;118;9;67;27;62;12;96;171;19;120;8;414;24;44;13;18;7;4;36
Reno304;652418.82;4881166.13;0;5475.52;6308.86;44.066063;10.90217;59.72;0.55;13.88;4.65;0.08;4.27;5.48;1.6;2.06;0.12;7.57;83;128;11;70;26;69;12;99;174;19;156;7;411;26;40;14;18;9;8;53
Reno305;651809.84;4881990.8;0;4866.54;7133.53;44.07361;10.894807;59.77;0.55;13.66;4.58;0.08;4.16;5.19;1.71;2.16;0.13;8.02;85;122;12;74;29;74;13;106;169;22;140;9;452;24;48;13;24;12;3;75
Reno306;651389.68;4882832.85;0;4446.38;7975.58;44.081274;10.889804;60.01;0.57;14.06;4.73;0.08;4.26;5.07;1.52;2.16;0.13;7.41;85;125;9;72;29;76;12;105;153;21;148;11;441;25;40;13;23;5;7;58
Reno307;650300.88;4883688.98;0;3357.58;8831.71;44.089202;10.876456;61.89;0.56;14.3;4.58;0.08;3.83;3.49;1.72;2.28;0.15;7.11;88;115;11;62;25;72;11;113;131;20;144;10;429;27;49;12;21;6;9;51
Reno308;652801.85;4880047.67;0;5858.55;5190.4;44.055919;10.906627;63.77;0.56;14.26;4.68;0.1;3.02;3.15;1.55;1.99;0.13;6.79;82;115;11;59;100;144;8;92;99;15;156;9;414;20;46;10;96;6;5;129
Reno309;652498.79;4879483.56;0;5555.49;4626.29;44.050906;10.902683;63.99;0.58;14.32;4.54;0.1;3.05;3.25;1.65;2.04;0.12;6.36;80;113;10;60;96;139;13;97;104;15;170;9;464;26;39;11;111;17;8;154
Reno310;651518.4;4878732.42;0;4575.1;3875.15;44.04435;10.890236;54.54;0.46;11.58;3.71;0.09;2.86;11.26;1.34;1.75;0.09;12.32;63;84;8;50;47;91;12;80;127;16;129;7;317;17;29;14;35;7;4;112
Reno311;650572.3;4878282.15;0;3629;3424.88;44.040493;10.878305;64.1;0.59;14.19;4.83;0.11;2.91;2.93;1.61;1.96;0.12;6.66;83;127;14;61;191;152;8;95;98;9;217;10;491;26;55;10;390;20;19;162
Reno312;649326.21;4878521.13;0;2382.91;3663.86;44.042898;10.862828;60.92;0.6;14.77;4.89;0.11;3.04;3.19;1.4;2.08;0.15;8.85;97;116;14;63;109;185;11;98;92;14;126;8;428;25;48;13;93;8;8;129
Reno313;648428.16;4878447.76;0;1484.86;3590.49;44.04242;10.851604;65;0.61;14.36;4.46;0.11;2.94;2.01;1.5;1.91;0.12;6.98;85;119;11;61;99;177;10;97;76;15;179;9;381;22;42;9;86;9;5;80
Reno314;649153.1;4879172.65;0;2209.8;4315.38;44.048796;10.860852;58.06;0.63;14.87;5.32;0.13;2.76;4.17;1.31;1.97;0.13;10.65;102;118;18;67;52;123;17;113;131;22;159;12;433;34;51;15;52;9;4;266
Reno315;648615.12;4880443.93;0;1671.82;5586.66;44.060345;10.854497;55.95;0.65;15.98;5.42;0.14;2.89;4.79;1.16;2.2;0.15;10.65;109;124;18;61;57;107;17;107;129;21;170;10;482;30;59;15;48;7;2;203
Reno316;648446.19;4881381.17;0;1502.89;6523.9;44.068813;10.852652;64.57;0.57;14.55;4.3;0.09;3.1;2.44;1.63;2.02;0.14;6.56;84;106;10;55;40;84;11;88;86;15;149;8;378;28;48;11;36;7;4;139
Reno317;650530.23;4877665.65;0;3586.93;2808.38;44.034954;10.877605;69.34;0.55;13.33;3.51;0.05;2.8;1.02;1.94;1.81;0.13;5.52;67;98;7;42;18;58;9;84;63;15;222;10;346;23;45;5;22;11;3;97
Reno318;650027.66;4876828.09;0;3084.36;1970.82;44.02752;10.871099;68.86;0.54;13.92;3.6;0.07;3.02;0.55;2.08;2.01;0.12;5.24;68;98;8;47;17;51;8;84;57;14;161;7;380;24;40;8;20;2;2;13
Reno319;649490.74;4875808.87;0;2547.44;951.6;44.018458;10.864115;60.21;0.61;15.98;4.99;0.14;3.15;3.64;1.32;2.3;0.12;7.55;94;112;15;63;39;80;15;106;102;18;115;9;394;30;54;12;25;7;8;132
Reno320;648672.69;4875270.9;0;1729.39;413.63;44.013783;10.853763;58.66;0.64;16.46;5.19;0.14;3.2;3.74;1.2;2.36;0.1;8.31;102;117;16;65;39;81;17;121;115;20;160;11;408;29;68;16;40;11;4;154
Reno321;647998.42;4874857.27;0;1055.12;0;44.010197;10.84524;58.7;0.63;16.2;5;0.13;3.19;4.13;1.3;2.4;0.12;8.19;96;125;16;60;37;80;13;113;120;20;179;10;418;28;58;13;36;12;7;257
Reno322;646943.3;4875228.13;0;0;370.86;44.013746;10.832187;57.91;0.63;16.32;5.27;0.15;3.11;3.88;1.17;2.33;0.1;9.14;105;117;18;66;50;102;16;114;121;20;147;11;435;36;62;16;40;8;4;332
Reno323;660067.79;4888371.86;0;13124.49;13514.59;44.129269;10.999808;55.31;0.66;16.57;5.35;0.16;3.19;4.99;1;2.36;0.11;10.3;105;123;16;65;39;81;14;119;106;19;125;11;380;40;57;15;28;10;2;135
Reno324;660658.08;4887623.6;0;13714.78;12766.33;44.122407;11.006954;58.5;0.65;16.97;5.27;0.15;3.18;3.04;1.11;2.5;0.11;8.52;108;100;16;68;49;90;14;120;107;20;126;13;387;33;66;15;30;13;4;331
Reno325;660415.89;4886098.64;0;13472.59;11241.37;44.108739;11.003465;49.6;0.74;17.56;6.77;0.13;3.06;5.86;0.67;2.67;0.1;12.85;133;117;24;60;48;109;23;141;168;23;110;12;367;38;80;20;20;10;2;254
Reno326;659833.42;4884949.32;0;12890.12;10092.05;44.098525;10.995843;54.23;0.71;17.8;6.08;0.14;3.31;4.3;0.87;2.58;0.1;9.86;117;117;21;67;42;98;17;135;145;23;137;10;391;33;67;16;20;10;3;238
Reno327;659324.25;4883827.51;0;12380.95;8970.24;44.088542;10.989147;62.63;0.54;13.36;4.24;0.09;3.57;3.05;1.92;1.99;0.16;8.46;77;116;11;62;26;81;12;96;107;17;164;8;469;22;43;10;39;6;6;115
Reno328;658950.41;4882564.19;0;12007.11;7706.92;44.077256;10.9841;65.44;0.51;13.71;4.15;0.08;3.51;2.32;1.91;1.98;0.13;6.26;74;102;9;57;24;74;13;96;95;15;116;7;420;22;34;8;29;7;5;65
Reno329;658389.8;4881937.9;0;11446.5;7080.63;44.071742;10.976915;63.08;0.56;13;4.41;0.08;3.31;2.43;1.84;1.88;0.13;9.28;85;118;11;65;28;90;14;103;97;18;167;9;469;22;55;11;38;11;7;228
Reno330;657848.78;4881013.73;0;10905.48;6156.46;44.063543;10.969887;63.84;0.53;13.38;4.17;0.08;3.45;2.01;1.95;1.95;0.16;8.47;77;116;11;58;32;86;10;97;85;16;187;10;481;25;47;10;43;9;7;177
Reno331;657353.88;4880821.2;0;10410.58;5963.93;44.061917;10.963654;60.12;0.57;13.95;4.55;0.1;3.58;2.34;1.63;1.97;0.17;11.02;85;120;12;63;30;110;10;105;92;18;165;10;499;25;38;9;44;4;6;219
Reno332;656640.15;4879674.09;0;9696.85;4816.82;44.051748;10.954408;61.67;0.56;13.17;4.19;0.08;3.22;0.98;1.83;1.79;0.13;12.37;84;114;11;56;29;91;11;102;66;17;158;7;442;29;46;9;35;10;4;181
Reno333;656292.07;4878399.69;0;9348.77;3542.42;44.040355;10.949689;56.05;0.61;14.63;4.89;0.1;3.94;4.29;1.42;2.15;0.16;11.76;92;130;14;69;42;128;15;109;102;21;155;9;467;28;46;14;58;11;9;356
Reno334;655967.08;4877876.8;0;9023.78;3019.53;44.035719;10.945481;62.46;0.56;14;4.36;0.1;3.28;1.48;1.56;1.92;0.15;10.12;84;114;11;59;28;84;11;97;76;18;164;9;473;21;52;9;35;8;5;227
Reno335;655647.67;4877757.8;0;8704.37;2900.53;44.034716;10.941462;64.45;0.55;14.05;4.34;0.1;3.25;2.08;1.59;2.01;0.13;7.46;83;110;11;60;24;77;10;100;83;16;138;10;412;21;49;10;28;8;8;118
Reno336;656670.67;4876419.7;0;9727.37;1562.43;44.022458;10.953826;62.83;0.6;15.14;4.59;0.13;3.5;0.86;1.63;2.05;0.16;8.5;91;125;15;66;24;84;12;110;76;22;187;10;490;33;59;12;30;12;8;103
Reno337;652091.83;4879189.68;0;5148.53;4332.41;44.048346;10.897521;55.81;0.59;14.57;4.78;0.15;3.47;1.8;1.08;1.99;0.16;15.59;99;119;16;71;22;63;10;107;93;22;147;8;656;32;51;11;31;8;8;375
Reno338;651882.41;4878850.69;0;4939.11;3993.42;44.045339;10.894811;65.63;0.54;14.12;3.93;0.08;3.3;0.64;2.05;2.03;0.14;7.52;75;103;9;54;29;88;13;87;61;14;152;7;379;22;40;8;26;8;2;74
Reno339;681521.66;4895072.23;0;34578.36;20214.96;44.184539;11.270093;61.49;0.53;14.11;3.41;0.05;2.18;6.59;1.45;2.09;0.1;7.99;65;92;8;57;17;69;12;94;175;28;268;8;460;30;64;14;14;14;4;345
Reno340;682355.73;4895489.16;0;35412.43;20631.89;44.188082;11.280665;58.83;0.55;14.1;3.45;0.06;1.77;7.57;1.23;2.28;0.1;10.06;73;81;11;50;26;76;12;109;212;25;173;8;387;27;56;15;20;6;4;264
Reno341;680953.71;4894164.28;0;34010.41;19307.01;44.176512;11.26268;54.77;0.6;14.54;3.86;0.06;2.03;9.78;1.02;2.23;0.09;11.02;78;83;9;51;22;78;17;108;198;25;217;9;414;26;53;18;22;10;5;474
Reno342;681066.67;4897457.27;0;34123.37;22600;44.206108;11.265227;41.02;0.62;14.9;4.48;0.13;2.34;12.28;0.5;2.19;0.11;21.44;107;109;14;58;32;134;18;139;340;22;142;13;363;29;59;20;16;3;8;565
Reno343;683415.73;4898139.09;0;36472.43;23281.82;44.211655;11.294843;62.62;0.56;14.69;3.18;0.06;1.78;4.79;1.41;2.29;0.1;8.52;63;71;15;42;14;68;12;108;140;27;215;8;446;25;46;12;15;12;7;313
Reno344;681824.68;4898782.24;0;34881.38;23924.97;44.217839;11.275166;58.66;0.55;14.24;3.24;0.07;1.86;7.92;1.41;2.33;0.16;9.56;63;74;10;47;26;81;16;109;195;24;230;8;415;33;59;13;20;9;5;414
Reno345;681559.66;4899539.25;0;34616.36;24681.98;44.224715;11.272113;62.1;0.46;12.73;2.76;0.06;1.51;7.63;1.57;2.12;0.11;8.95;52;63;7;41;20;66;14;97;201;27;220;7;397;25;49;12;16;6;3;346
Reno346;680915.7;4902795.35;0;33972.4;27938.08;44.254167;11.265181;61.86;0.44;11.97;2.6;0.06;1.42;8.67;1.56;2.09;0.12;9.22;52;61;6;42;21;66;7;96;227;25;216;6;378;23;36;13;22;10;3;339
Reno347;682203.66;4902227.2;0;35260.36;27369.93;44.248735;11.281104;42.72;0.56;12.14;3.81;0.06;1.8;19.43;0.62;1.69;0.06;17.09;75;81;10;55;35;72;15;90;355;21;198;9;354;30;50;25;17;8;5;475
Reno348;682923.73;4903135.22;0;35980.43;28277.95;44.256723;11.290433;48.83;0.63;14.44;3.59;0.08;2.17;12.52;0.98;2.18;0.14;14.44;77;88;10;50;30;85;13;102;232;26;227;8;398;29;66;21;18;8;4;407
Reno349;682420.7;4905666.26;0;35477.4;30808.99;44.279618;11.285019;42.62;0.48;11.01;3.36;0.07;1.68;19.28;0.74;1.68;0.1;18.98;68;71;7;50;34;87;17;93;413;19;165;8;387;31;48;23;13;12;7;701
Reno350;683433.69;4904664.19;0;36490.39;29806.92;44.270349;11.297352;30.46;0.37;8.46;2.47;0.04;1.38;29.73;0.5;1.25;0.04;25.31;55;67;4;51;39;66;15;69;918;17;103;5;237;27;61;30;12;7;3;520
Reno351;682452.69;4904397.23;0;35509.39;29539.96;44.268194;11.284977;51.74;0.56;13.2;3.64;0.07;2.07;13.04;0.91;2.1;0.22;12.46;69;79;10;47;33;88;13;109;335;25;204;8;406;34;57;19;22;11;3;796
Reno352;683344.73;4906446.2;0;36401.43;31588.93;44.286402;11.296863;75.3;0.21;10.49;0.98;0.04;0.75;3.92;1.94;2.88;0.06;3.44;19;38;8;27;29;28;6;105;105;18;169;4;400;20;29;8;16;2;2;240
Reno353;682788.72;4907604.21;0;35845.42;32746.94;44.296959;11.290305;40.56;0.37;9.05;2.72;0.06;1.38;22.03;0.78;1.5;0.11;21.45;53;66;7;45;35;76;11;79;484;16;137;6;351;17;42;25;14;7;2;743
Reno354;682852.08;4909319.01;0;35908.78;34461.74;44.312369;11.291699;77.08;0.13;10.59;0.69;0.02;0.85;3.01;2.09;2.92;0.07;2.55;16;49;8;29;29;26;7;118;122;8;57;3;403;12;21;4;13;15;3;203
Reno355;684480.3;4912030.37;0;37537;37173.1;44.336348;11.313057;56.19;0.51;13.77;4.24;0.13;2.13;9.66;0.94;1.86;0.08;10.49;69;107;14;68;31;77;10;87;246;21;137;6;330;24;42;18;18;8;3;275
Reno356;685355.6;4913018.63;0;38412.3;38161.36;44.345015;11.324379;52.52;0.48;12.57;4.21;0.16;2.2;13.26;0.98;1.72;0.06;11.84;65;116;13;68;36;77;15;78;285;19;117;7;285;26;37;21;11;5;4;294
Reno357;685618.25;4914120.64;0;38674.95;39263.37;44.354861;11.328064;58.21;0.44;12.33;3.98;0.12;2.38;9.39;1.13;1.78;0.09;10.15;64;164;13;78;32;73;15;83;233;18;100;7;326;21;44;18;15;3;4;399
Reno358;684917.9;4914085.76;0;37974.6;39228.49;44.354726;11.319271;50.93;0.36;8.41;3.23;0.17;3;18.38;1.18;1.27;0.07;13;47;343;9;98;34;61;7;49;272;17;99;4;289;22;23;24;8;2;4;138
Reno359;686423.56;4915982.64;0;39480.26;41125.37;44.371404;11.338827;52.12;0.52;13.45;4.42;0.12;2.95;12.33;0.79;1.76;0.09;11.46;73;136;17;78;33;79;12;81;275;21;158;9;307;18;52;20;11;5;7;509
Reno360;686248.54;4917767.01;0;39305.24;42909.74;44.3875;11.337271;52.19;0.49;12.39;4.3;0.13;2.79;12.65;1.05;1.74;0.1;12.16;71;141;15;83;40;81;14;82;295;21;132;8;291;25;53;20;14;7;4;377
Reno361;686178.45;4919498.69;0;39235.15;44641.42;44.403095;11.337012;51.27;0.45;12;4.15;0.11;3.5;13.97;0.96;1.61;0.1;11.88;64;137;13;86;29;78;15;77;306;20;123;5;270;24;42;21;8;3;10;638
Reno362;686756.21;4920306.86;0;39812.91;45449.59;44.410216;11.344552;51.94;0.4;10.1;3.26;0.13;2.67;16.96;1.17;1.7;0.09;11.59;48;152;11;76;38;60;9;73;325;21;195;6;367;21;35;23;11;5;4;479
Reno363;687141.33;4922371;0;40198.03;47513.73;44.428684;11.350129;53.92;0.37;10.04;3.23;0.12;2.58;16;1.18;1.64;0.08;10.84;46;117;8;70;28;61;8;71;320;20;151;5;301;18;42;18;11;16;5;410
Reno364;685600.68;4923788.02;0;38657.38;48930.75;44.441827;11.331296;50.05;0.64;15.56;5.66;0.12;2.86;8.35;0.6;2.2;0.1;13.86;111;134;33;86;51;143;18;132;248;29;139;10;464;32;69;22;19;12;3;375
Reno365;687666.56;4924382.64;0;40723.26;49525.37;44.446643;11.35745;53.88;0.49;10.12;3.37;0.13;2.39;15.77;1.13;1.66;0.11;10.98;52;214;10;64;28;70;11;75;327;35;610;7;535;40;68;22;13;21;5;593
Reno366;668928.73;4905582.3;0;21985.43;30725.03;44.282119;11.116034;53.29;0.57;14.61;4.98;0.12;2.94;9.35;0.78;2.14;0.11;11.11;82;95;12;57;62;87;16;110;226;24;157;8;403;31;48;10;18;9;2;641
Reno367;668776.45;4904699.62;0;21833.15;29842.35;44.274213;11.113842;55.43;0.59;16.46;5.75;0.17;2.91;5.88;0.79;2.14;0.1;9.78;100;118;19;60;81;111;23;115;188;26;118;9;568;25;54;13;23;9;3;500
Reno368;668516.29;4903127.38;0;21572.99;28270.11;44.260128;11.110078;52.7;0.58;16.43;5.55;0.15;2.89;7.51;0.66;2.26;0.08;11.19;102;99;17;57;65;100;22;123;206;23;126;9;408;30;56;15;17;8;4;368
Reno369;668012.46;4902546.59;0;21069.16;27689.32;44.255019;11.103584;54.02;0.59;16.4;5.12;0.14;2.89;6.85;0.82;2.36;0.09;10.72;98;99;18;56;63;102;20;122;197;23;139;9;412;27;55;15;19;9;3;454
Reno370;667730.72;4902096.22;0;20787.42;27238.95;44.251032;11.099913;57.99;0.48;14.87;4.72;0.13;2.6;6.25;0.92;2.35;0.09;9.6;76;85;11;51;60;91;15;120;192;18;102;7;422;25;53;8;17;3;3;377
Reno371;666646.53;4901131.93;0;19703.23;26274.66;44.242605;11.086035;63.76;0.39;13.6;3.44;0.1;2.2;5.7;1.34;2.46;0.09;6.92;61;71;6;43;49;66;20;108;173;17;105;6;503;18;49;8;17;9;4;339
Reno372;665837.75;4901130.21;0;18894.45;26272.94;44.242774;11.075912;64.05;0.38;13.18;3.12;0.09;2.18;5.86;1.43;2.4;0.07;7.24;54;68;5;40;47;53;13;114;186;17;133;6;459;18;32;7;19;3;4;247
Reno373;665539.75;4900268.08;0;18596.45;25410.81;44.235085;11.07191;68.21;0.32;11.64;2.61;0.07;1.61;4.83;1.63;2.31;0.08;6.69;47;55;3;32;40;54;14;107;178;19;137;6;457;18;33;7;19;4;6;312
Reno374;665103.16;4899809.27;0;18159.86;24952;44.231056;11.066302;62.33;0.4;13.52;3.39;0.09;2.13;6.31;1.23;2.35;0.08;8.17;57;65;6;32;52;59;13;120;193;20;141;8;464;21;36;6;17;6;2;357
Reno375;664852.84;4898986.84;0;17909.54;24129.57;44.223713;11.062911;55.07;0.48;14.86;4.73;0.15;2.8;8.56;0.85;2.11;0.09;10.3;89;107;15;66;69;83;20;107;207;20;99;7;465;22;55;13;14;3;5;344
Reno376;664674.81;4898427.53;0;17731.51;23570.26;44.218721;11.060508;56.86;0.48;15.24;4.86;0.14;2.77;7.23;0.76;2.06;0.08;9.52;83;94;11;55;64;84;18;109;194;18;105;8;427;25;49;8;20;4;7;302
Reno377;664659.63;4897053.84;0;17716.33;22196.57;44.206365;11.059887;55.97;0.49;14.96;4.65;0.15;2.78;8.09;0.89;2.15;0.09;9.78;84;108;13;57;68;80;17;82;150;16;83;7;439;27;53;14;14;6;2;337
Reno378;664388.19;4895693.75;0;17444.89;20836.48;44.194189;11.056066;59.32;0.44;13.88;4.58;0.13;2.47;6.79;0.88;1.98;0.08;9.45;80;103;13;54;65;90;16;96;178;17;105;7;561;26;43;10;16;4;2;528
Reno379;664632.84;4894760.15;0;17689.54;19902.88;44.185734;11.058833;60.62;0.42;13.55;3.87;0.12;2.45;7.31;1.08;2.27;0.08;8.23;67;80;14;39;54;63;15;84;143;15;88;6;453;22;35;7;14;1;4;367
Reno380;664603.26;4894006.52;0;17659.96;19149.25;44.17896;11.058227;49.79;0.58;16.07;5.5;0.14;2.86;9.45;0.75;2.06;0.09;12.71;104;100;19;52;60;84;16;105;247;22;119;10;478;35;54;15;18;8;2;344
Reno381;664615.35;4893274.38;0;17672.05;18417.11;44.17237;11.058149;55.09;0.49;14.15;3.93;0.1;2.34;9.29;1.13;2.17;0.09;11.22;73;76;8;42;60;70;18;114;72;24;202;9;430;30;55;11;21;12;2;365
Reno382;663960.94;4892917.71;0;17017.64;18060.44;44.169308;11.049857;52.68;0.52;14.38;4.77;0.13;2.6;9.3;0.96;1.98;0.1;12.58;85;103;9;55;55;85;18;103;72;23;98;9;559;31;54;11;16;9;5;345
Reno383;664245.28;4892208.71;0;17301.98;17351.44;44.162865;11.05319;48.81;0.53;14.76;5.21;0.15;2.86;10.67;0.78;2.02;0.09;14.12;91;94;16;52;52;87;21;105;246;21;110;9;373;26;44;10;16;6;2;293
Reno384;663458.84;4890942.54;0;16515.54;16085.27;44.151649;11.042967;52.87;0.68;18.36;6.07;0.13;2.92;4.82;0.64;2.35;0.1;11.06;129;121;19;61;66;105;24;131;169;24;125;12;333;38;61;13;18;8;3;368
Reno385;663420.19;4890056.77;0;16476.89;15199.5;44.143688;11.042209;58.12;0.62;15.91;4.97;0.11;3.75;3.5;1.21;2.12;0.16;9.53;98;112;18;57;43;78;18;109;114;22;177;10;438;35;53;10;22;10;6;136
Reno386;664190.51;4885349.17;0;17247.21;10491.9;44.101159;11.050368;61.76;0.61;13.23;3.94;0.08;3.29;2.38;1.69;1.7;0.16;11.16;81;119;8;60;29;80;10;100;31;29;328;10;460;29;53;10;23;13;4;206
Reno387;664633.24;4882898.87;0;17689.94;8041.6;44.079013;11.055132;65;0.62;14.36;4.66;0.07;3.41;0.9;1.62;1.91;0.14;7.31;95;124;11;60;31;84;12;112;67;22;233;12;433;25;54;12;26;11;8;81
Reno388;663541.62;4877709.79;0;16598.32;2852.52;44.032568;11.039903;61.67;0.62;14.36;4.04;0.09;3.02;0.66;1.46;1.66;0.15;12.27;84;114;10;52;26;84;11;96;60;21;282;10;434;28;57;10;25;10;4;175
Reno389;660710.98;4875571.17;0;13767.68;713.9;44.01395;11.003951;56.57;0.61;15.78;4.25;0.15;3.71;0.77;1.14;1.91;0.15;14.96;91;109;10;58;27;78;12;103;67;20;199;11;449;31;46;13;18;7;9;218
Reno390;669826.53;4904009.06;0;22883.23;29151.79;44.267756;11.126767;56.96;0.69;17.89;6.61;0.2;2.79;3.23;0.54;2.01;0.08;9;128;115;29;66;90;105;19;126;38;8;23;2;348;35;63;15;15;9;6;434
Reno391;668736.74;4902330.56;0;21793.44;27473.29;44.252908;11.112581;53.4;0.65;18.45;5.8;0.13;3;4.9;0.57;2.46;0.09;10.55;106;104;17;56;72;96;20;140;175;22;126;10;344;32;59;11;17;7;2;353
Reno392;668337.75;4901840.13;0;21394.45;26982.86;44.248588;11.107429;45.56;0.58;14.4;5.88;0.16;7.55;8.01;0.55;1.79;0.09;15.43;103;445;30;315;62;105;25;103;208;25;135;9;276;28;51;22;17;5;3;182
Reno393;667664.37;4901116.87;0;20721.07;26259.6;44.242236;11.098769;50.27;0.63;17.29;5.72;0.16;3.14;7.59;0.66;2.39;0.08;12.07;113;114;19;60;63;105;20;133;240;24;125;12;344;33;55;14;13;10;4;395
Reno394;668019.14;4899560.09;0;21075.84;24702.82;44.228148;11.10271;51.59;0.77;19.69;6.76;0.24;3.31;2.37;0.56;2.58;0.09;12.04;141;130;30;83;69;136;26;159;158;28;126;13;291;42;72;15;20;7;3;101
Reno395;665104.67;4895350.28;0;18161.37;20493.01;44.190937;11.064918;63.2;0.5;15.38;4.09;0.11;2.28;3.93;1.14;2.17;0.08;7.12;89;83;10;45;64;67;19;111;153;18;139;8;365;24;53;7;20;1;6;215
Reno396;665307.2;4894709.62;0;18363.9;19852.35;44.185127;11.067249;58.57;0.49;14.82;4.41;0.15;2.68;6.67;0.95;2.2;0.09;8.97;81;99;13;54;71;77;15;110;189;21;126;8;397;27;45;13;12;7;6;325
Reno397;665643.9;4892897.32;0;18700.6;18040.05;44.168745;11.070888;46.33;0.6;15.7;5.76;0.15;3.07;11.06;0.73;2;0.1;14.5;110;102;25;54;64;91;21;82;211;18;78;6;468;36;60;17;15;10;6;368
Reno398;667026.87;4892632.66;0;20083.57;17775.39;44.166049;11.088091;52.12;0.7;17.87;5.98;0.18;3.07;5.14;0.66;2.2;0.11;11.97;141;123;25;58;72;106;23;122;137;24;120;11;312;32;64;15;22;6;4;210
Reno399;667028.27;4892309.82;0;20084.97;17452.55;44.163144;11.088006;43.33;0.6;14.85;5.33;0.11;3.6;12.58;0.73;2.04;0.11;16.72;107;107;18;59;63;90;19;82;223;18;75;7;575;29;42;16;11;9;9;492
Reno400;667476.64;4891250.89;0;20533.34;16393.62;44.153514;11.093273;41.79;0.61;15.58;5.14;0.1;2.58;13.15;0.56;2.02;0.11;18.36;110;104;20;50;58;91;17;74;189;14;65;7;336;34;54;19;10;13;7;145
Reno401;663244.12;4891617.51;0;16300.82;16760.24;44.15777;11.040493;59.16;0.37;11.23;2.43;0.05;1.63;10.83;1.51;2.25;0.09;10.45;43;35;4;19;39;39;9;72;175;14;113;4;419;15;30;9;12;7;6;405
Reno402;663826.61;4890287.61;0;16883.31;15430.34;44.145674;11.047359;40.43;0.55;14.35;4.96;0.12;2.49;14.73;0.57;1.77;0.1;19.93;101;83;19;45;54;84;18;102;278;23;115;11;340;33;54;16;15;15;2;374
Reno403;664677.83;4890056.45;0;17734.53;15199.18;44.143403;11.057923;46.41;0.65;17.05;6.31;0.17;3.41;9.03;0.57;2.09;0.09;14.22;127;157;24;88;69;117;22;124;276;25;119;11;461;31;65;18;19;10;5;448
Reno404;664397.42;4889773.25;0;17454.12;14915.98;44.140918;11.054331;44.84;0.62;16.54;5.55;0.11;2.74;10.58;0.61;2.08;0.1;16.23;115;101;22;48;51;88;20;92;180;17;81;8;364;41;68;16;11;9;5;325
Reno405;663694.53;4883706.73;0;16751.23;8849.46;44.086492;11.043666;57.98;0.56;12.87;3.85;0.07;3.12;2.8;1.49;1.67;0.18;15.41;77;109;8;55;35;101;10;92;91;22;195;9;459;26;51;11;25;11;4;329
Reno406;662667.9;4882951.35;0;15724.6;8094.08;44.079924;11.030618;56.86;0.51;12.94;3.92;0.1;3.2;4.69;1.36;1.72;0.37;14.33;75;100;10;52;51;235;9;83;111;17;127;7;521;21;43;13;55;5;5;426
Reno407;660854.7;4880631.2;0;13911.4;5773.93;44.059448;11.00728;54.76;0.46;11.35;4.01;0.09;3.17;7.04;1.08;1.71;0.15;16.18;75;97;10;62;43;74;10;88;118;22;132;8;386;23;52;16;22;6;3;375
Reno408;663532.92;4880135.88;0;16589.62;5278.61;44.054399;11.040544;60.2;0.56;13.06;4.12;0.07;2.96;1.04;1.52;1.65;0.16;14.66;82;105;9;58;33;93;11;107;76;24;268;9;432;27;67;10;23;8;6;276
Reno409;662116.85;4875007.68;0;15173.55;150.41;44.008571;11.021307;52.66;0.53;13.3;3.93;0.11;2.81;1.74;1.09;1.63;0.15;22.05;85;100;10;53;24;90;10;95;65;20;149;8;430;28;46;10;28;5;11;358
Reno410;660921.63;4876574.53;0;13978.33;1717.26;44.022932;11.006882;56.57;0.51;13.07;3.82;0.09;2.88;1.03;1.38;1.59;0.14;18.92;80;103;10;52;25;79;8;99;76;19;170;10;418;23;47;9;29;8;7;279
Reno411;664568.73;4899782.28;0;17625.43;24925.01;44.230934;11.059606;68;0.32;11.97;2.96;0.08;1.72;4.56;1.47;2.44;0.06;6.43;48;55;6;32;39;75;8;97;140;14;81;4;442;17;34;7;16;3;2;252
Reno412;663615.18;4899696.41;0;16671.88;24839.14;44.230376;11.047647;66.88;0.34;12.49;2.96;0.08;1.85;4.66;1.51;2.59;0.08;6.57;54;62;7;34;19;77;11;115;170;17;108;5;469;24;49;9;15;6;2;256
Reno413;679670.43;4914996.77;0;32727.13;40139.5;44.364239;11.253793;54.72;0.54;14.79;4.7;0.1;2.67;8.52;1.09;1.95;0.08;10.84;86;117;17;70;29;84;16;106;261;25;153;10;456;19;41;17;19;9;5;404
Reno414;681364.89;4916034.54;0;34421.59;41177.27;44.373153;11.275403;56.19;0.47;13.4;4.53;0.12;2.44;8.19;1.26;1.82;0.07;11.51;75;108;15;72;29;79;13;102;260;23;131;9;352;28;52;13;16;8;3;336
Reno415;680927.14;4912557.55;0;33983.84;37700.28;44.341984;11.268705;59.39;0.4;11.36;3.86;0.11;2.01;8.1;1.56;1.54;0.08;11.59;62;122;12;73;27;77;10;91;276;27;193;8;643;25;49;13;20;5;2;498
Reno416;676186.71;4907163.58;0;29243.41;32306.31;44.294624;11.20746;49.77;0.36;9.35;3.21;0.1;1.59;15.59;1.25;1.44;0.07;17.27;52;121;8;58;34;66;9;75;513;21;177;7;565;23;42;15;18;9;3;453
Reno417;679137.89;4917219.05;0;32194.59;42361.78;44.384362;11.24788;56.39;0.39;11.46;3.62;0.13;1.96;10.83;1.35;1.73;0.09;12.05;59;123;12;65;30;69;11;82;302;19;137;6;520;21;41;14;18;13;6;368
Reno418;679660.28;4915846.44;0;32716.98;40989.17;44.371885;11.253959;57.67;0.42;11.66;3.96;0.12;2.04;9.59;1.43;1.65;0.1;11.36;62;126;13;67;29;75;10;85;312;23;148;7;583;22;49;14;17;9;3;421
Reno419;680368.87;4914313.82;0;33425.57;39456.55;44.357922;11.262315;56.45;0.38;11.2;3.51;0.12;1.92;10.7;1.43;1.6;0.09;12.6;40;128;14;62;28;68;10;81;319;21;187;7;425;24;41;14;17;7;3;403
Reno420;680231.49;4913807.13;0;33288.19;38949.86;44.353398;11.260417;50.97;0.4;11.41;3.52;0.09;2;12.57;1.07;1.8;0.07;16.1;64;131;11;56;28;64;11;106;409;20;121;9;347;24;49;13;16;4;3;840
Reno421;681017.94;4911998.36;0;34074.64;37141.09;44.336931;11.269649;76.34;0.22;8.97;1.26;0.06;0.74;3.83;1.93;2.12;0.07;4.46;18;133;5;32;26;29;4;91;138;19;171;5;432;17;27;4;15;19;3;217
Reno422;680267.09;4910934.57;0;33323.79;36077.3;44.327548;11.25987;65.63;0.27;9.74;2.33;0.09;1.27;8.01;1.66;1.81;0.06;9.13;39;136;7;49;27;46;5;88;263;20;127;4;543;20;31;9;14;12;12;406
Reno423;675401.33;4906032.59;0;28458.03;31175.32;44.284639;11.197243;67.36;0.27;10.16;2.2;0.08;1.32;7.11;1.68;2;0.06;7.76;37;138;7;45;28;42;9;98;236;20;141;5;500;22;41;8;18;10;13;314
Reno424;674917.94;4902753.81;0;27974.64;27896.54;44.255258;11.190093;76.94;0.13;9.6;1.03;0.04;0.7;3.39;1.94;2.51;0.04;3.68;15;141;6;30;27;27;7;113;143;10;51;3;426;10;22;2;13;16;12;139
Reno425;681527.78;4906990.73;0;34584.48;32133.46;44.291756;11.274298;72.17;0.17;10.17;1.63;0.06;1.04;5.22;1.79;2.38;0.05;5.32;24;49;7;37;28;33;5;100;175;11;53;3;417;10;26;7;15;11;13;218
Reno426;679560.79;4905572.32;0;32617.49;30715.05;44.279484;11.249175;68.63;0.24;10.66;2.05;0.07;1.32;6.41;1.7;2.32;0.07;6.53;33;62;8;43;29;41;12;108;235;17;90;4;445;19;38;6;12;4;3;260
Reno427;679170.08;4904207.58;0;32226.78;29350.31;44.267303;11.243815;66.46;0.26;10.68;2.37;0.09;1.46;7.19;1.65;2.09;0.06;7.69;37;67;8;47;29;43;6;96;242;16;89;4;405;13;25;8;13;10;3;213
Reno428;679204.47;4902906.07;0;32261.17;28048.8;44.255586;11.2438;57.55;0.29;9.46;2.64;0.11;1.5;11.77;1.44;1.74;0.07;13.43;41;77;6;58;27;56;10;84;349;17;111;6;353;21;41;13;12;5;4;293
Reno429;679018.78;4898817.15;0;32075.48;23959.88;44.218847;11.240079;59.09;0.26;9.08;2.52;0.11;1.44;12.27;1.48;1.74;0.06;11.95;33;80;5;55;21;46;7;71;304;16;92;3;353;8;18;10;13;16;3;239
Reno430;679955.77;4910170.54;0;33012.47;35313.27;44.320752;11.255705;60.46;0.31;10.35;2.87;0.1;1.67;10.2;1.45;1.86;0.07;10.66;43;83;9;59;35;76;9;91;306;19;128;5;350;20;44;12;12;2;8;260
Reno431;678875.15;4897622.62;0;31931.85;22765.35;44.208136;11.237875;62.92;0.24;9.54;2.41;0.11;1.4;10.16;1.57;1.83;0.06;9.76;34;82;7;54;22;47;7;86;308;17;93;4;381;18;25;11;16;13;3;208
Reno432;677741.35;4899501.61;0;30798.05;24644.34;44.225317;11.224331;61.55;0.28;9.08;2.55;0.12;1.34;10.6;1.53;1.7;0.06;11.19;40;115;5;52;39;74;5;78;320;21;181;4;524;20;36;10;17;12;3;277
Reno433;677841.24;4898051.16;0;30897.94;23193.89;44.212244;11.225089;10.34;0.12;2.7;1.03;0.03;0.67;45.84;0.26;0.47;0;38.54;21;42;0;22;65;440;4;26;1366;4;18;1;179;8;15;52;14;16;6;1667
Reno434;680136.54;4909668.96;0;33193.24;34811.69;44.316195;11.257797;55.33;0.46;12.35;3.34;0.07;1.96;9.47;1.14;2.04;0.12;13.72;68;78;13;51;27;73;7;111;325;24;176;8;409;26;57;19;14;5;6;224
Reno435;680232.05;4909096.33;0;33288.75;34239.06;44.31102;11.258796;30.34;0.27;6.19;1.84;0.05;0.98;31.01;0.67;1.14;0.06;27.45;33;51;0;41;37;57;6;57;671;17;129;4;269;18;45;32;16;3;4;647
Reno436;679857.53;4909256.65;0;32914.23;34399.38;44.312555;11.254159;50.16;0.37;9.77;2.71;0.07;1.47;14.75;0.97;1.7;0.11;17.92;51;72;7;51;25;83;6;90;460;19;157;6;349;22;45;19;21;9;4;341
Reno437;679207.82;4908252.16;0;32264.52;33394.89;44.303679;11.245674;57.64;0.47;12.36;3.06;0.07;2.05;9.09;1.42;2.13;0.07;11.64;59;68;11;49;18;60;9;112;338;28;246;8;397;25;56;11;17;12;5;669
Reno438;678320.78;4907828.09;0;31377.48;32970.82;44.300082;11.234417;77.83;0.17;11.15;0.9;0.02;0.62;0.68;1.86;2.67;0.04;4.06;24;38;9;30;31;35;2;116;70;14;94;4;415;11;23;5;25;2;4;62
Reno439;678218.52;4907285.62;0;31275.22;32428.35;44.295227;11.232951;59.38;0.47;12.44;2.83;0.07;1.68;7.6;1.37;2.09;0.08;11.99;56;73;9;45;33;70;4;88;185;23;189;6;426;28;60;16;15;10;5;190
Reno440;677334.97;4907297.3;0;30391.67;32440.03;44.295548;11.221888;80.24;0.21;8.51;1;0.05;0.48;2.27;1.74;2.29;0.05;3.16;15;34;4;28;25;34;2;83;84;20;192;4;383;19;45;6;13;5;2;141
Reno441;676785.51;4907180.29;0;29842.21;32323.02;44.294629;11.214966;83.28;0.18;8.64;0.49;0.02;0.39;1.3;1.98;2.58;0.06;1.1;10;34;5;24;25;23;8;104;86;21;209;4;359;11;28;6;10;12;3;141
Reno442;676151.91;4906507.6;0;29208.61;31650.33;44.288731;11.206803;76.2;0.15;9.62;1.03;0.06;0.7;3.42;1.86;2.63;0.05;4.28;20;48;6;41;27;36;1;90;107;9;68;4;515;7;32;6;15;13;4;34
Reno443;675538.03;4905520.49;0;28594.73;30663.22;44.279999;11.198783;54.06;0.4;10.7;4.06;0.17;2;13.72;0.98;1.59;0.08;12.24;56;143;14;71;30;68;5;67;294;27;195;6;323;20;38;23;14;5;3;421
Reno444;675402.8;4905035.56;0;28459.5;30178.29;44.275669;11.196927;53.57;0.39;11.06;3.94;0.17;1.91;14.47;1.03;1.61;0.07;11.82;52;157;12;69;31;61;9;66;254;21;211;6;345;19;36;17;13;11;5;270
Reno445;674889.55;4904251.31;0;27946.25;29394.04;44.268737;11.190238;47.75;0.42;10.76;4.47;0.19;3.08;16.44;0.92;1.33;0.08;14.56;61;195;17;106;35;68;10;59;273;18;115;6;276;21;40;21;16;9;5;305
Reno446;674652.11;4903300.82;0;27708.81;28443.55;44.260243;11.186948;51.52;0.37;10.26;4.1;0.18;2.43;15.45;1.07;1.44;0.07;13.11;55;220;12;85;30;65;7;59;271;17;120;5;302;14;40;17;13;8;6;245
Reno447;678444.94;4896700.53;0;31501.64;21843.26;44.199946;11.232181;55.86;0.37;9.38;3.62;0.15;2.19;12.62;1.15;1.41;0.07;13.18;53;250;14;83;24;71;4;71;319;23;204;5;266;19;39;21;18;12;3;0
Reno448;677929.09;4898933.24;0;30985.79;24075.97;44.220158;11.226487;61.77;0.2;7.29;2.71;0.2;1.61;9.95;1.45;1.06;0.04;13.72;33;275;9;87;22;51;1;50;213;16;85;3;215;12;24;14;12;17;3;33
Reno449;677760.03;4899894.83;0;30816.73;25037.56;44.22885;11.224698;61.19;0.35;7.47;2.41;0.13;1.86;13.32;1.52;1.26;0.05;10.44;33;50;3;74;22;44;6;53;272;19;254;6;264;19;32;12;11;3;2;69
Reno450;678251.42;4901353.1;0;31308.12;26495.83;44.241849;11.231342;55.64;0.34;7.89;3.16;0.16;1.87;14.42;1.14;1.31;0.06;14.21;43;365;11;80;23;62;3;62;362;24;162;6;281;18;37;19;16;2;3;292
Reno451;678159.29;4900832.27;0;31215.99;25975;44.237186;11.230012;54.89;0.64;17.1;5.95;0.18;2.83;4.76;0.69;2.01;0.08;10.87;116;131;30;93;48;102;14;125;187;26;130;12;254;32;61;16;18;7;6;341
Reno452;677817.63;4901690.47;0;30874.33;26833.2;44.24499;11.226028;57.09;0.4;13.55;3.77;0.09;2.31;9.23;1.03;2.26;0.07;10.2;60;91;10;60;29;63;11;104;275;17;94;7;331;21;63;10;17;10;3;616
Reno453;678173.37;4902525.14;0;31230.07;27667.87;44.252412;11.230764;72.01;0.15;8.92;0.83;0.03;0.82;6.34;1.78;2.45;0.07;6.6;14;54;5;35;26;31;4;92;194;13;119;2;426;14;24;4;14;14;6;233
Reno454;677511.48;4902733.28;0;30568.18;27876.01;44.254446;11.22255;66.9;0.35;11.37;2.84;0.12;1.89;5.84;1.65;2.15;0.11;6.78;66;72;9;55;18;52;3;85;212;19;152;4;595;18;46;12;13;5;3;185
Reno455;677761.42;4903768.48;0;30818.12;28911.21;44.263698;11.22603;50.62;0.42;12.13;4.16;0.18;3.23;12.3;1.03;1.99;0.1;13.84;78;132;18;98;41;70;11;81;290;17;76;6;635;21;42;17;12;3;4;533
Reno456;676851.2;4903898.81;0;29907.9;29041.54;44.265092;11.214679;77.67;0.21;9.5;0.89;0.03;0.61;2.57;2.01;2.35;0.05;4.11;17;34;6;28;27;28;3;93;115;18;197;4;389;17;42;4;14;7;4;81
Reno457;675906.72;4905011.95;0;28963.42;30154.68;44.275335;11.203229;79.3;0.34;8.31;1.36;0.09;0.53;2.82;1.71;2.14;0.06;3.34;17;39;4;29;24;38;2;95;132;64;992;5;425;65;104;7;13;27;3;119
Reno458;674238.59;4902650.79;0;27295.29;27793.52;44.254494;11.181555;80.26;0.11;8.42;0.64;0.03;0.4;2.53;1.81;2.39;0.07;3.34;10;29;4;26;25;29;0;81;101;9;77;3;403;6;10;5;14;1;2;164
Reno459;674148.53;4903667.79;0;27205.23;28810.52;44.263665;11.180766;71.07;0.27;9.08;1.48;0.06;1.09;5.8;1.72;2.25;0.08;7.1;26;58;5;43;26;43;0;85;191;22;308;5;541;20;38;9;15;4;2;435
Reno460;674379.21;4904193.24;0;27435.91;29335.97;44.268337;11.183829;60.17;0.4;11.69;3.4;0.11;1.9;7.89;1.34;1.9;0.07;11.13;60;87;11;484;32;71;6;99;269;28;229;7;435;25;49;17;19;6;4;287
Reno461;678218.87;4895828.59;0;31275.57;20971.32;44.192157;11.229058;51.97;0.5;11.62;4.54;0.11;2.6;11.25;0.83;1.58;0.09;14.91;80;132;16;94;29;91;7;77;273;19;92;7;299;27;38;20;13;6;3;346
Reno462;678534.86;4897340.24;0;31591.56;22482.97;44.205679;11.233523;53.92;0.41;12.11;3.65;0.1;2.22;10.39;1.07;1.83;0.09;14.21;54;109;14;63;21;73;7;84;266;21;139;7;422;25;53;19;17;6;5;336
Reno463;681465.79;4912235.77;0;34522.49;37378.5;44.338955;11.275345;60.53;0.38;10.86;2.54;0.06;1.06;8.95;1.57;1.68;0.07;12.3;48;56;8;42;30;57;9;83;231;20;188;6;339;22;47;11;21;15;4;214
Reno464;681167.25;4913832.24;0;34223.95;38974.97;44.353391;11.272158;55.02;0.32;9.48;2.22;0.06;0.98;13.33;1.44;1.58;0.1;15.47;41;54;8;43;18;62;6;89;350;21;175;6;317;22;38;13;16;11;5;300
Reno465;681229.98;4913313.29;0;34286.68;38456.02;44.348707;11.272764;61.12;0.33;9.9;2.31;0.05;1.01;9.84;1.44;1.68;0.12;12.2;42;58;7;43;30;113;7;80;282;19;156;6;312;18;43;9;24;7;7;264
Reno466;679715.36;4914995.23;0;32772.06;40137.96;44.364214;11.254356;52.26;0.42;11.68;3.07;0.06;1.37;12.47;0.98;1.7;0.11;15.88;64;76;10;47;28;99;10;100;438;24;171;9;317;28;50;14;20;12;4;240
Reno467;679492.65;4913860.26;0;32549.35;39002.99;44.354059;11.251172;49.53;0.35;9.81;2.6;0.06;1.15;16.26;1.04;1.51;0.11;17.48;50;67;7;46;29;87;8;84;512;19;148;6;304;19;35;13;22;6;6;269
Reno468;680195.84;4915711.13;0;33252.54;40853.86;44.370535;11.260629;42.93;0.41;10.32;3.02;0.07;1.44;20.13;0.74;1.48;0.07;19.39;65;80;10;51;28;68;11;83;692;22;150;9;266;21;46;21;12;7;5;371
Reno469;680791.7;4914703.58;0;33848.4;39846.31;44.361323;11.267752;42.17;0.42;10.53;3.27;0.06;1.53;19.44;0.72;1.6;0.08;20.18;70;80;9;49;29;68;10;95;705;21;133;8;285;23;51;20;16;9;4;532
Reno470;682183.91;4912017.53;0;35240.61;37160.26;44.336812;11.28427;40.92;0.41;10.3;3.07;0.06;1.43;22.8;0.7;1.51;0.07;18.73;61;80;8;52;35;61;13;85;699;17;120;7;270;23;42;24;21;3;3;345
Reno471;680946.1;4910593.17;0;34002.8;35735.9;44.324308;11.268261;47.09;0.34;9.29;2.64;0.06;1.21;20.02;0.96;1.53;0.07;16.79;47;65;6;46;30;54;9;77;719;19;156;5;305;15;50;19;17;5;2;241
Reno472;682218.87;4914767.93;0;35275.57;39910.66;44.361545;11.28567;42.62;0.26;7.42;2.04;0.05;0.99;23.58;0.92;1.39;0.06;20.67;40;54;3;39;31;47;9;65;749;17;129;4;269;18;32;19;14;8;3;287
Reno473;679796.79;4910850.03;0;32853.49;35992.76;44.326904;11.253947;39.69;0.27;6.99;2.1;0.05;0.9;24.07;0.79;1.24;0.08;23.82;36;52;2;43;40;70;8;66;528;14;108;4;263;15;27;24;16;3;2;345
Reno474;679397.54;4909545.38;0;32454.24;34688.11;44.315266;11.248495;40.7;0.25;6.67;1.9;0.05;1.4;22.48;0.94;1.21;0.07;24.33;35;60;1;48;26;105;6;64;647;16;122;4;291;16;30;23;28;3;2;656
Reno475;678945.45;4909214.52;0;32002.15;34357.25;44.312401;11.242717;44.13;0.59;15.24;4.38;0.05;2.13;12.82;0.49;1.89;0.06;18.22;108;107;16;60;35;90;14;127;584;23;115;10;288;30;65;19;18;12;9;808
Reno476;678279.41;4908019.15;0;31336.11;33161.88;44.301811;11.233964;12.82;0.15;3.87;1.32;0.02;0.83;42.19;0.19;0.55;0;38.06;31;45;0;43;39;48;4;35;966;6;29;4;125;14;29;43;5;16;2;546
Reno477;677703.62;4906072.11;0;30760.32;31214.84;44.284436;11.226089;47.86;0.3;8.56;2.27;0.09;1.22;19.03;1.02;1.49;0.07;18.09;42;67;5;49;27;64;9;74;639;15;95;6;300;17;34;14;21;8;2;491
Reno478;679082.8;4906064.34;0;32139.5;31207.07;44.284028;11.243358;25.03;0.24;5.84;1.86;0.05;1;31.94;0.47;0.97;0.05;32.55;36;55;0;47;32;62;6;54;806;12;76;4;239;14;25;32;13;10;2;522
Reno479;681095.56;4906486.87;0;34152.26;31629.6;44.287331;11.26871;45.76;0.46;11.48;3.27;0.06;1.63;16.64;0.87;1.69;0.07;18.07;69;78;10;54;29;66;12;89;610;24;152;9;314;27;49;19;18;7;5;359
Reno480;680551.07;4911815.92;0;33607.77;36958.65;44.335406;11.263734;62.01;0.31;10.13;3.2;0.09;1.06;9.54;1.12;1.7;0.07;13.83;48;61;11;42;28;50;4;81;247;13;68;4;283;15;47;14;18;3;8;177
Reno481;706447.7;4919051.98;0;59504.4;44194.71;44.393588;11.59113;41.36;0.51;11.92;4.74;0.15;2.65;16.22;0.54;1.9;0.05;19.96;78;87;14;59;44;87;8;98;351;21;116;9;394;23;54;22;15;3;4;758
Reno482;705977.51;4917059.05;0;59034.21;42201.78;44.375798;11.584443;46.05;0.55;13.66;5.28;0.12;2.92;11.78;0.61;2.17;0.07;16.79;84;93;16;63;33;96;11;107;295;23;127;10;501;30;53;19;18;7;3;881
Reno483;705280.32;4916540.62;0;58337.02;41683.35;44.371333;11.575496;47.19;0.57;13.41;4.94;0.13;2.68;11.86;0.74;1.72;0.08;16.68;86;99;14;57;22;75;11;101;223;26;166;9;380;32;66;17;17;6;3;164
Reno484;705523.51;4915876.25;0;58580.21;41018.98;44.365289;11.578283;46.78;0.55;13.7;5.4;0.12;2.9;11.45;0.65;2.21;0.08;16.16;87;96;13;60;39;91;12;110;301;24;130;11;503;33;62;20;14;4;5;1099
Reno485;664402.54;4899870.14;0;17459.24;25012.87;44.231762;11.057554;68;0.32;11.97;2.96;0.08;1.72;4.56;1.47;2.44;0.06;6.43;48;55;6;32;50;51;8;97;140;14;81;4;442;17;34;7;16;3;2;252
Reno486;660472.5;4895795.31;0;13529.2;20938.04;44.195974;11.007128;66.88;0.34;12.49;2.96;0.08;1.85;4.66;1.51;2.59;0.08;6.57;54;62;7;34;30;53;11;115;170;17;108;5;469;24;49;9;15;6;2;256
Reno487;659907.51;4894885.29;0;12964.21;20028.02;44.18791;10.999785;53.5;0.62;16.82;5.38;0.13;2.95;7.09;0.79;2.33;0.1;10.29;101;112;16;54;48;106;16;112;185;20;130;8;433;31;58;17;17;6;7;322
Reno488;659122.46;4894445.35;0;12179.16;19588.08;44.184123;10.989835;51.2;0.67;16.3;5.53;0.15;2.79;7.92;0.85;2.27;0.11;12.21;103;95;18;54;47;100;15;122;245;27;155;13;329;31;63;18;18;7;5;407
Reno489;658542.46;4894085.35;0;11599.16;19228.08;44.18101;10.982474;59.3;0.47;14.81;4.38;0.14;2.46;5.48;1.01;2.59;0.08;9.27;78;80;14;48;44;91;12;64;93;10;52;4;408;24;46;14;20;6;3;319
Reno490;657932.45;4894395.3;0;10989.15;19538.03;44.183931;10.97494;63.44;0.41;13.89;2.99;0.08;2.25;5.87;1.4;2.85;0.09;6.75;56;62;6;36;26;53;7;107;158;15;124;6;460;20;37;12;12;10;2;284
Reno491;657082.43;4894685.34;0;10139.13;19828.07;44.186724;10.964398;49.66;0.65;16.09;5.54;0.14;2.8;8.5;0.72;2.22;0.1;13.57;105;102;19;56;54;109;18;105;213;20;119;9;379;31;62;17;20;13;4;401
Reno492;656932.43;4895270.45;0;9989.13;20413.18;44.192021;10.962697;51.45;0.63;16.36;5.27;0.13;2.8;8.4;0.9;2.35;0.09;11.62;102;94;18;54;44;90;14;100;211;20;105;8;358;30;56;18;19;9;2;367
Reno493;656107.42;4894595.42;0;9164.12;19738.15;44.186124;10.952179;51.68;0.64;16.2;5.16;0.12;2.74;8.51;0.88;2.27;0.1;11.71;97;90;15;51;46;91;11;97;216;20;115;8;369;29;60;18;15;7;8;373
Reno494;656307.41;4895520.39;0;9364.11;20663.12;44.194404;10.954955;52.11;0.63;16.28;5.5;0.13;3.17;7.94;0.85;2.14;0.11;11.13;101;105;18;56;46;106;14;96;187;20;122;9;395;31;58;17;15;9;8;337
Reno495;655482.43;4893795.42;0;8539.13;18938.15;44.179059;10.944127;51.96;0.64;16.93;5.13;0.12;2.83;8.23;0.85;2.34;0.09;10.88;107;99;15;48;42;88;14;108;238;22;150;9;366;34;60;17;20;5;4;299
Reno496;664082.49;4899720.09;0;17139.19;24862.82;44.230484;11.053502;51.95;0.66;17.31;5.56;0.12;2.92;7.25;0.74;2.34;0.09;11.06;106;101;18;51;45;98;12;119;228;23;152;11;379;28;56;17;19;7;3;403
Reno497;654897.42;4894255.49;0;7954.12;19398.22;44.183323;10.936948;50.69;0.63;16.27;5.25;0.12;2.84;8.37;0.84;2.22;0.1;12.68;101;95;18;54;45;102;12;99;214;21;135;10;415;32;63;15;16;9;6;459
Reno498;652342.38;4893120.54;0;5399.08;18263.27;44.173648;10.90467;51.77;0.65;17.11;5.56;0.12;2.89;6.86;0.71;2.28;0.08;11.97;115;103;19;53;39;93;16;116;213;22;116;9;351;31;62;17;20;8;3;324
Reno499;651707.39;4893920.58;0;4764.09;19063.31;44.180979;10.896962;55.71;0.58;16.19;4.8;0.12;2.51;6.98;0.89;2.24;0.09;9.9;95;85;13;47;41;79;12;113;245;21;124;9;361;30;55;16;18;6;4;274
Reno500;651607.43;4893195.57;0;4664.13;18338.3;44.174476;10.895503;48.69;0.67;17.36;5.89;0.15;3.06;7.26;0.63;2.33;0.09;13.86;125;116;20;62;51;120;14;119;224;21;126;12;340;46;68;17;41;6;6;408
Reno501;652157.45;4893065.58;0;5214.15;18208.31;44.173192;10.902342;50.55;0.68;17.58;5.99;0.13;2.92;7.22;0.68;2.4;0.09;11.76;117;110;21;55;49;97;17;128;232;26;134;12;379;35;62;19;20;4;4;313
Reno502;651972.41;4892935.5;0;5029.11;18078.23;44.17206;10.899991;58.69;0.52;14.92;3.72;0.09;2.27;7.69;1.26;2.38;0.1;8.36;73;62;10;36;34;64;10;105;262;24;181;8;383;23;46;14;16;8;5;355
Reno503;652597.44;4892545.56;0;5654.14;17688.29;44.168421;10.907692;55.72;0.54;15.81;4.87;0.1;2.56;7.37;1.05;2.27;0.09;9.6;89;83;13;43;39;79;14;117;256;27;167;9;431;28;54;13;21;6;4;303
Reno504;652672.39;4892745.57;0;5729.09;17888.3;44.170205;10.908687;61.3;0.43;15.21;3.62;0.09;2.06;5.41;1.66;2.63;0.1;7.5;69;63;8;34;31;64;9;128;249;21;129;7;445;25;52;10;21;5;4;207
Reno505;654407.42;4893520.47;0;7464.12;18663.2;44.176813;10.930605;47.69;0.57;15.95;4.8;0.1;2.64;5.8;0.69;1.97;0.08;19.71;105;94;16;46;37;88;11;118;226;25;146;12;366;29;58;10;16;6;3;396
Reno506;652332.42;4891195.48;0;5389.12;16338.21;44.156328;10.903988;54.41;0.59;16.17;5.22;0.11;2.77;7.32;0.95;2.16;0.09;10.22;94;95;17;51;49;90;13;100;214;22;131;9;337;33;56;16;17;10;3;383
Reno507;663057.51;4899485.14;0;16114.21;24627.87;44.2286;11.040603;49.34;0.72;18.32;6.58;0.15;3.14;6.42;0.57;2.62;0.09;12.05;130;122;23;64;47;113;18;143;209;27;139;12;432;39;78;19;17;6;5;381
Reno508;652257.42;4891345.55;0;5314.12;16488.28;44.157694;10.903094;51.42;0.66;17.01;5.85;0.13;2.97;7.26;0.7;2.31;0.08;11.61;110;109;19;56;45;103;16;112;192;23;133;10;373;32;66;17;13;12;7;413
Reno509;651957.4;4890420.55;0;5014.1;15563.28;44.149433;10.899077;53.05;0.67;17.27;5.89;0.11;2.83;5.41;0.93;2.62;0.14;11.09;121;112;20;55;46;125;16;124;161;27;154;11;442;37;62;17;23;8;3;398
Reno510;650597.4;4889285.52;0;3654.1;14428.25;44.139501;10.881756;50.68;0.7;17.68;5.97;0.1;3.22;6.41;0.84;2.47;0.1;11.82;121;126;21;57;38;101;14;129;164;22;125;11;414;33;67;17;11;6;5;492
Reno511;649952.42;4889170.55;0;3009.12;14313.28;44.138599;10.873664;54;0.61;16.29;5.26;0.1;2.63;7.5;0.85;2.12;0.1;10.52;100;93;16;47;46;92;14;113;247;26;176;11;392;32;62;16;19;13;11;430
Reno512;649732.43;4889145.54;0;2789.13;14288.27;44.138419;10.870908;47.88;0.72;17.84;6.8;0.17;2.91;7.07;0.54;2.43;0.08;13.55;130;121;29;65;46;123;15;141;217;29;124;13;384;40;71;19;17;10;3;162
Reno513;648632.35;4887545.57;0;1689.05;12688.3;44.124246;10.856711;49.9;0.73;18.62;6.16;0.16;2.94;5.79;0.69;2.56;0.09;12.34;130;122;22;62;47;110;16;130;50;74;5;90;417;42;77;17;16;3;2;440
Reno514;653182.41;4889835.5;0;6239.11;14978.23;44.143913;10.914216;55.68;0.63;16.3;5.43;0.11;3.79;5.73;1.09;2.2;0.12;8.93;107;131;17;67;35;89;11;118;172;23;159;10;487;33;60;15;20;8;4;280
Reno515;651822.45;4888670.54;0;4879.15;13813.27;44.133714;10.896886;58.97;0.59;14.51;4.68;0.08;4.41;5.21;1.58;2.09;0.15;7.73;93;133;15;71;34;83;11;82;134;20;151;8;523;27;57;13;18;8;6;163
Reno516;649652.36;4887495.55;0;2709.06;12638.28;44.123588;10.869439;58.36;0.62;15.36;4.92;0.09;4.79;4.16;1.47;2.26;0.16;7.8;102;141;15;72;30;86;11;108;123;24;153;10;461;28;56;14;20;3;4;84
Reno517;648982.4;4892945.63;0;2039.1;18088.36;44.172767;10.862612;53.08;0.43;11.82;4.13;0.1;2.61;9.09;1.44;1.97;0.11;15.21;77;100;11;54;39;121;12;94;185;19;129;8;448;22;45;13;32;6;3;415
Reno518;662382.49;4899070.17;0;15439.19;24212.9;44.225017;11.032028;57.97;0.66;16.67;5.52;0.1;3.77;2.48;1.15;2.26;0.13;9.29;113;130;16;69;34;101;15;123;106;25;157;11;466;30;65;11;21;10;2;254
Reno519;650207.38;4892195.59;0;3264.08;17338.32;44.165767;10.877713;61.71;0.62;14.97;4.91;0.1;4.12;2.07;1.59;2.26;0.15;7.5;101;130;16;65;35;91;11;115;84;21;177;7;690;31;63;10;22;12;6;219
Reno520;653782.46;4892045.51;0;6839.16;17188.24;44.163673;10.92236;56.56;0.63;16.06;5.22;0.1;3.28;4.26;1.13;2.02;0.13;10.6;103;120;18;62;33;91;11;106;133;24;162;9;399;30;58;13;19;2;5;157
Reno521;652872.45;4893295.55;0;5929.15;18438.28;44.175112;10.911348;59.02;0.64;15.79;5.5;0.1;5.23;1.83;1.41;2.14;0.14;8.18;111;167;20;95;33;104;12;117;88;24;25;9;613;26;51;12;23;8;6;162
Reno522;655182.46;4896945.49;0;8239.16;22088.22;44.207467;10.941307;55.63;0.67;16.71;5.73;0.19;3.21;0.98;0.94;2.27;0.15;13.5;127;128;23;80;43;143;14;123;76;23;112;11;640;37;71;13;29;9;8;159
Reno523;661872.51;4897845.23;0;14929.21;22987.96;44.214109;11.025269;53.89;0.64;16.86;5.8;0.17;3.01;4.04;0.9;2.89;0.11;11.69;123;125;23;71;51;123;10;143;143;29;147;12;624;37;73;24;22;8;4;557
Reno524;660612.48;4896375.22;0;13669.18;21517.95;44.201161;11.009056;60.45;0.6;14.93;4.13;0.06;3.49;1.52;1.95;2.04;0.13;10.71;85;101;11;48;13;79;6;86;71;21;193;8;437;25;50;15;16;8;2;285
Reno525;660807.47;4894520.27;0;13864.17;19663;44.184428;11.010927;49.99;0.69;17.46;6.27;0.14;2.42;4.37;0.65;2.64;0.14;15.23;130;116;24;57;53;129;11;142;180;27;134;14;375;40;73;23;18;6;4;339
Reno526;661732.53;4895395.2;0;14789.23;20537.93;44.192096;11.022763;51.08;0.71;17.92;6.56;0.15;2.48;4.56;0.65;2.79;0.14;12.95;132;122;26;62;57;130;11;137;179;26;131;13;386;42;82;23;22;4;4;315
Reno527;661494.19;4898221.46;0;14550.89;23364.19;44.217578;11.020652;53.29;0.64;16.16;4.28;0.06;1.99;7.75;1.13;3.03;0.008;11.58;91;63;9;34;31;89;9;102;169;21;141;8;447;29;56;21;21;6;5;250
Reno528;660512.71;4898999.82;0;13569.41;24142.55;44.224798;11.008611;51.39;0.7;18.27;6.37;0.16;2.97;4.6;0.63;3.01;0.08;11.82;131;133;25;71;52;115;13;104;179;22;147;9;300;41;76;26;17;12;2;329
Reno529;661418.61;4897150.86;0;14475.31;22293.59;44.207962;11.019377;50.95;0.68;18.48;6.4;0.18;3.13;4.65;0.65;3.07;0.08;11.74;134;129;29;77;48;118;12;160;211;28;148;16;305;38;81;25;20;8;2;355
Reno530;661222.9;4896451.08;0;14279.6;21593.81;44.201709;11.016714;48.82;0.49;12.87;3.62;0.06;1.89;14.61;1.06;2.41;0.05;14.12;72;57;5;31;35;78;5;109;277;21;159;9;380;25;48;22;20;6;3;602
Reno531;660638.69;4895499.73;0;13695.39;20642.46;44.193278;11.009116;33.99;0.41;10.46;3.69;0.14;1.76;21.94;0.5;1.73;0.05;25.33;68;65;8;48;44;86;7;81;399;17;92;7;266;26;48;29;15;2;4;585
Reno532;672892.9;4893596.37;0;25949.6;18739.1;44.173355;11.161727;70.34;0.44;13.14;3.15;0.07;2.59;1.19;2.1;1.72;0.1;4.89;60;107;9;66;35;464;8;81;87;14;131;6;350;17;40;8;19;4;4;56
Reno533;672537.2;4891451.04;0;25593.9;16593.77;44.154138;11.156577;69.83;0.46;12.77;3.39;0.08;2.27;1.56;2.03;1.61;0.09;5.91;66;109;12;63;34;68;7;89;79;16;171;8;380;18;41;6;19;6;5;100
Reno534;670827;4891224.45;0;23883.7;16367.18;44.152501;11.135132;62.84;0.52;14.09;4.08;0.11;2.53;3.07;1.6;1.76;0.12;9.48;81;116;16;71;22;81;13;97;119;23;181;10;384;26;45;8;25;7;3;160
Reno535;670440;4890628.22;0;23496.7;15770.95;44.147227;11.130103;60.9;0.56;15.34;4.54;0.1;2.69;3.72;1.37;1.89;0.1;8.79;87;118;17;69;24;85;10;104;129;19;160;10;410;25;53;11;24;6;4;287
Reno536;667341.16;4886473.86;0;20397.86;11616.59;44.110565;11.090063;62.29;0.49;14.49;3.99;0.09;2.5;5.41;1.46;1.82;0.1;7.36;70;113;13;62;23;70;12;88;169;18;135;7;419;25;52;11;20;7;3;312
Reno537;668358.56;4887768.18;0;21415.26;12910.91;44.121977;11.103181;61.7;0.47;14.12;4.03;0.09;2.44;5.38;1.46;1.77;0.1;8.44;75;107;15;67;18;71;10;91;177;20;122;9;390;21;42;12;16;6;5;273
Reno538;678313.67;4896990.98;0;31370.37;22133.71;44.202591;11.230638;50.55;0.66;17.1;5.77;0.12;2.88;7.07;0.7;2.18;0.09;12.88;122;135;21;78;33;102;15;131;205;25;144;12;333;29;69;18;20;12;3;705
Reno539;677800.14;4899019.22;0;30856.84;24161.95;44.220963;11.224903;51.8;0.6;16.02;5.56;0.11;2.76;7.41;0.82;2.02;0.1;12.8;103;134;22;74;39;99;14;120;203;25;154;12;467;27;53;16;20;7;3;681
Reno540;677719.73;4899736.12;0;30776.43;24878.85;44.227432;11.22414;54.5;0.62;16.74;5.55;0.11;2.82;7.01;0.93;2.15;0.09;9.48;106;129;19;72;33;94;16;104;161;23;136;10;398;35;58;18;17;16;2;468
Reno541;678296.67;4901416.92;0;31353.37;26559.65;44.242412;11.23193;56.75;0.52;14.59;4.93;0.1;2.61;7.11;1.14;1.98;0.09;10.18;84;132;16;75;35;87;12;105;222;22;130;8;546;21;45;14;19;5;2;552
Reno542;677015.92;4900780.19;0;30072.62;25922.92;44.236996;11.215687;52.33;0.63;16.79;5.57;0.11;2.789;6.53;0.84;2.16;0.09;12.17;109;143;21;74;34;96;18;109;153;20;123;9;338;30;58;13;23;6;5;533
Reno543;677502.77;4902459.26;0;30559.47;27601.99;44.251983;11.222348;51.39;0.58;15.47;5.35;0.11;3.07;7.87;0.88;1.97;0.1;13.21;99;150;20;91;32;92;12;118;227;26;149;12;434;27;50;15;18;6;4;642
Reno544;678064.28;4902961.92;0;31120.98;28104.65;44.256368;11.229547;52.37;0.6;15.7;5.41;0.1;3.04;7.13;0.9;2.09;0.1;12.53;106;167;21;98;35;98;16;127;236;27;170;12;426;31;67;15;20;13;3;707
Reno545;677267.25;4903471.76;0;30323.95;28614.49;44.261149;11.219743;52.49;0.59;14.84;5.17;0.1;2.83;7.84;1.02;2.04;0.09;12.99;97;151;19;89;35;93;12;124;245;28;187;11;446;31;56;15;22;10;14;760
Reno546;677581.34;4904170.44;0;30638.04;29313.17;44.267358;11.223912;53.19;0.58;15.17;5.13;0.09;2.86;7.72;0.99;2.08;0.09;12.1;99;148;20;87;32;96;17;126;235;24;158;11;419;33;64;14;22;8;2;686
Reno547;676533.65;4904502.05;0;29590.35;29644.78;44.270596;11.210907;53.54;0.53;14.55;5.02;0.1;2.82;8.23;1.14;1.93;0.1;12.01;87;155;19;81;38;93;15;113;251;26;175;10;505;21;48;15;27;8;4;748
Reno548;675507.79;4905281.03;0;28564.49;30423.76;44.277852;11.198324;54.1;0.57;14.79;4.89;0.1;2.81;7.62;1.07;1.98;0.08;11.99;89;131;18;81;30;87;13;116;241;26;161;11;384;33;51;15;18;10;6;522
Reno549;674305.34;4902721.37;0;27362.04;27864.1;44.255113;11.182414;53.87;0.59;15.55;5.61;0.1;2.67;6.78;0.99;2.07;0.09;11.66;103;140;20;90;43;101;16;122;235;28;166;11;616;31;65;15;23;7;4;729
Reno550;672445.93;4904694.94;0;25502.63;29837.67;44.273311;11.159789;54.81;0.54;14.92;5.11;0.11;2.7;7.46;1.11;1.94;0.1;11.2;87;133;19;78;33;92;14;112;237;26;172;11;571;30;54;14;26;11;4;673
Reno551;674523.4;4905022.41;0;27580.1;30165.14;44.275762;11.185911;58.02;0.58;15.15;5.03;0.11;3.27;4.4;1.35;1.88;0.11;10.1;92;138;22;81;25;101;11;108;147;22;159;11;347;27;49;11;28;9;9;222
Reno552;675729.49;4890417.25;0;28786.19;15559.98;44.144077;11.196123;48.78;0.67;17.66;6;0.12;2.88;7.34;0.62;2.24;0.09;13.6;124;138;24;78;38;118;15;119;185;20;134;9;397;34;64;18;17;13;4;547
Reno553;675807.79;4890452.46;0;28864.49;15595.19;44.144375;11.197113;48.12;0.53;13.52;3.94;0.07;2.1;13.64;1;2.12;0.08;14.88;81;94;12;51;26;71;13;110;303;22;184;9;408;32;52;16;21;7;3;664
Reno554;676021.64;4890354.36;0;29078.34;15497.09;44.143441;11.199752;59.18;0.44;13.14;3.19;0.07;1.66;6.93;1.57;1.96;0.15;11.56;60;336;23;98;42;115;7;96;216;21;202;8;419;26;49;11;36;6;5;491
Reno555;676243.31;4891428.26;0;29300.01;16570.99;44.153049;11.202881;63.49;0.41;10.53;2.52;0.07;2.3;7.67;1.58;1.64;0.08;10.75;49;62;8;43;34;43;5;60;190;19;166;5;348;31;57;14;21;7;2;327
Reno556;676001.32;4892961.71;0;29058.02;18104.44;44.166903;11.20037;50.5;0.44;10.15;3.27;0.04;2.71;11.3;0.55;1.59;0.1;15.5;32;59;7;41;49;87;6;81;322;9;104;6;220;16;33;18;17;5;2;666
Reno557;676313.85;4893647.01;0;29370.55;18789.74;44.172993;11.204506;59.42;0.53;13.54;4.43;0.11;2.72;4.68;1.36;1.68;0.12;11.41;87;126;17;78;38;98;6;91;147;21;155;10;566;27;54;16;19;4;4;251
Reno558;676406.51;4894045.88;0;29463.21;19188.61;44.176559;11.205798;47.85;0.59;13.82;5.27;0.11;2.45;10.52;0.67;1.68;0.09;16.85;110;121;21;76;40;127;10;96;208;24;127;11;320;34;49;21;21;13;2;308
Reno559;676623.8;4893771.05;0;29680.5;18913.78;44.174034;11.208422;48.05;0.68;17.72;6.24;0.13;3.02;7.61;0.66;2.08;0.09;13.72;119;131;30;80;43;104;18;110;198;20;136;11;368;38;72;17;20;3;5;245
Reno560;678269.98;4893416.55;0;31326.68;18559.28;44.170445;11.228879;58.67;0.47;12.76;3.88;0.07;2.45;7.19;1.39;1.67;0.12;11.31;69;133;14;74;40;80;7;73;174;20;179;5;462;36;62;16;11;3;4;409
Reno561;678583.73;4895604.85;0;31640.43;20747.58;44.190055;11.233544;54.83;0.62;16.74;6.13;0.18;2.69;6.34;0.88;2.23;0.09;9.29;103;124;25;76;48;110;17;127;212;26;147;11;516;31;64;15;19;13;5;609
Reno562;678398.24;4897807.06;0;31454.94;22949.79;44.209912;11.231973;58.02;0.58;15.15;5.03;0.11;3.27;4.4;1.35;1.88;0.11;10.1;92;138;22;81;25;102;11;108;147;22;159;11;374;27;49;11;28;9;12;222
Reno563;675813.04;4894284.18;0;28869.74;19426.91;44.178846;11.198459;58.01;0.61;15.93;5.4;0.11;2.91;7.41;0.95;1.97;0.1;11.37;109;141;21;75;27;93;14;107;194;21;131;10;400;34;61;17;13;5;8;362
Reno564;676482.07;4891400.32;0;29538.77;16543.05;44.15274;11.205855;54.51;0.53;14.71;4.87;0.1;2.66;7.82;1.1;1.88;0.1;11.72;88;118;16;71;26;84;14;103;239;22;137;9;426;24;48;13;17;10;5;456
Reno565;681400.68;4912718.86;0;34457.38;37861.59;44.343317;11.274697;53.09;0.6;16.48;5.56;0.1;3.07;6.43;0.83;2.05;0.11;11.68;111;140;21;75;31;84;15;118;206;23;127;10;394;30;65;16;19;7;3;458
Reno566;680936.6;4914266.49;0;33993.3;39409.22;44.357355;11.269417;67.5;0.55;14.01;4.18;0.09;3.38;0.6;1.95;1.78;0.12;5.84;81;153;16;85;23;82;7;98;67;18;189;7;476;23;47;12;20;5;2;71
Reno567;681040.54;4913724.9;0;34097.24;38867.63;44.352457;11.270532;61.13;0.55;14.41;4.52;0.1;3.73;1.27;1.91;1.79;0.12;7.49;89;156;18;95;38;78;11;105;81;18;187;8;481;23;45;9;22;6;1;138
Reno568;668475.38;4887855.3;0;21532.08;12998.03;44.122734;11.104668;68.09;0.53;13.13;3.93;0.09;3.09;1.26;2.2;1.65;0.12;5.91;71;150;15;83;35;72;6;93;87;21;287;7;453;23;41;7;16;13;6;132
Reno569;670378.86;4890646.53;0;23435.56;15789.26;44.147406;11.129345;49.05;0.68;17.87;6.41;0.11;2.82;6.65;0.59;2.22;0.08;13.52;132;139;26;77;32;102;15;139;200;26;131;13;337;37;68;18;19;6;4;363
Reno570;670873.28;4891091.05;0;23929.98;16233.78;44.15129;11.135667;49.55;0.68;17.64;6.2;0.12;2.88;7.16;0.63;2.08;0.09;12.95;129;140;25;80;37;102;16;129;207;26;144;14;343;34;74;19;15;7;9;362
Reno571;672579.08;4891510.94;0;25635.78;16653.67;44.154667;11.15712;56.56;0.6;16.09;4.98;0.1;2.67;4.16;1.08;1.98;0.23;11.55;97;122;19;71;47;144;11;109;141;21;164;10;394;26;63;12;37;6;4;780
Reno572;672851.02;4893585.82;0;25907.72;18728.55;44.17327;11.1612;50.82;0.65;16.71;5.98;0.16;2.75;6.84;0.84;2.11;0.13;13;119;133;23;73;44;124;16;125;194;23;155;9;422;37;66;16;24;10;5;670
Reno573;672925.24;4894550.35;0;25981.94;19693.08;44.18193;11.162445;47.72;0.61;16.94;6.27;0.15;2.69;8.57;0.64;2.08;0.09;14.24;118;121;25;72;35;109;17;120;239;27;171;11;687;29;68;18;18;10;6;689
Reno574;672925.22;4895365.53;0;25981.92;20508.26;44.189264;11.162713;49.12;0.66;17.42;6.13;0.13;2.7;7.68;0.62;2.18;0.11;13.25;123;127;24;74;38;110;17;130;219;31;155;12;400;37;71;19;20;12;3;551
Reno575;672875.68;4896773.52;0;25932.38;21916.25;44.201943;11.162557;48.09;0.6;15.76;5.49;0.12;2.64;9.82;0.74;2.12;0.01;14.52;103;122;23;73;37;99;12;126;265;25;146;11;344;27;61;17;17;8;8;720
Reno576;672949.93;4898574.25;0;26006.63;23716.98;44.218126;11.164079;50.29;0.62;16.72;5.53;0.12;2.65;7.9;0.76;2.21;0.09;13.11;109;119;23;72;31;98;18;130;237;24;146;11;324;27;70;17;19;9;6;445
Reno577;673295.99;4899018.77;0;26352.69;24161.5;44.222043;11.168555;52.66;0.61;16.91;5.95;0.14;2.78;5.99;0.81;2.2;0.08;11.87;111;127;27;77;39;112;18;133;211;25;134;11;394;31;68;15;20;5;2;530
Reno578;674161.19;4899858.54;0;27217.89;25001.27;44.229392;11.179658;54.83;0.62;16.74;6.13;0.15;2.69;6.34;0.88;2.23;0.09;9.29;103;124;25;76;48;110;17;127;212;26;147;11;516;30;64;15;19;13;5;609
Reno579;672554.39;4898401.34;0;25611.09;23544.07;44.216664;11.159074;54.55;0.63;17.5;6.08;0.12;2.84;5.16;0.82;2.36;0.08;9.86;114;128;24;75;37;100;16;124;199;25;126;11;368;36;68;19;17;12;3;381
Reno580;671159.16;4916819.35;0;24215.86;41962.08;44.382693;11.147655;42.25;0.51;12.3;4.58;0.16;2.91;15.43;0.51;1.72;0.09;19.54;93;102;13;62;49;93;12;81;246;17;104;7;347;29;45;25;14;0;3;635
Reno581;669539.78;4918966.45;0;22596.48;44109.18;44.40239;11.12804;49.93;0.58;12.97;4.86;0.16;3.87;9.83;0.66;1.73;0.08;15.32;97;90;16;56;43;77;13;82;155;18;105;6;249;25;41;20;16;8;2;275
Reno582;672147.98;4920027.41;0;25204.68;45170.14;44.41132;11.161122;48.85;0.56;13.32;4.79;0.14;3.37;10.28;0.64;1.8;0.09;16.16;99;94;16;54;39;80;15;93;213;21;130;9;371;29;46;21;14;7;2;497
Reno583;673742.12;4923060.29;0;26798.82;48203.02;44.438224;11.182145;59.6;0.45;12.75;3.86;0.11;2.64;6.24;1.05;2.16;0.09;11.05;75;79;8;40;44;75;13;102;161;20;121;8;415;31;47;15;16;4;2;575
Reno584;675623.73;4927591.4;0;28680.43;52734.13;44.478532;11.207307;51.22;0.53;13.28;4.78;0.12;3.02;8.38;0.73;2.01;0.16;15.8;97;119;16;59;38;99;13;108;218;20;125;8;478;27;57;20;16;0;2;1022
Reno585;677371.62;4933195.76;0;30428.32;58338.49;44.528521;11.231192;55.96;0.41;12.1;3.72;0.12;2.5;9.93;1.03;2.05;0.11;12.08;66;87;11;48;29;63;10;100;232;20;167;6;510;23;39;19;19;0;10;325
Reno586;677090.59;4937278.8;0;30147.29;62421.53;44.56532;11.22906;49.89;0.39;10.45;3.5;0.12;2.36;13.1;0.87;1.77;0.11;17.43;67;90;7;47;22;68;12;89;330;19;151;7;380;25;49;18;15;0;3;634
Reno587;669436.18;4918037.3;0;22492.88;43180.03;44.394055;11.126437;50.93;0.57;14.23;5.07;0.18;3.86;8.69;0.61;1.79;0.08;13.98;109;94;16;61;45;79;13;87;158;20;112;8;242;27;56;20;17;6;5;214
Reno588;673341.8;4923519.82;0;26398.5;48662.55;44.442454;11.177272;48.28;0.64;16.35;6.33;0.12;2.9;6.67;0.46;2.22;0.08;15.94;121;109;22;65;39;103;16;116;167;20;101;10;293;40;58;21;17;0;3;387
Reno589;675417.52;4920842;0;28474.22;45984.73;44.417864;11.202432;57.84;0.32;8.5;2.81;0.13;2.38;13.8;1.37;1.4;0.1;11.35;37;177;3;62;22;38;5;50;205;17;192;5;307;20;39;17;9;0;2;197
Reno590;675171.12;4921780.44;0;28227.82;46923.17;44.426366;11.199656;61.37;0.35;7.65;2.32;0.12;1.78;12.53;1.54;1.36;0.1;10.88;35;201;0;48;16;37;47;46;207;18;289;4;332;21;32;15;6;0;3;155
Reno591;675200.35;4923631.25;0;28257.05;48773.98;44.443009;11.200648;53.7;0.32;8.98;2.94;0.15;2.26;14.74;1.2;1.56;0.11;14.04;46;129;2;54;27;55;7;69;281;17;168;6;390;18;31;20;13;0;5;371
Reno592;671465.98;4924244.69;0;24522.68;49387.42;44.449422;11.153956;45.39;0.48;11.82;4.71;0.18;3.05;13.93;0.64;1.79;0.1;17.92;90;115;13;81;37;85;14;93;364;23;143;9;697;28;52;22;16;4;2;352
Reno593;671166.78;4924673.77;0;24223.48;49816.5;44.453353;11.15034;43.8;0.43;9.8;3.78;0.14;2.7;17.99;0.7;1.53;0.11;19.02;69;112;8;64;62;86;11;69;352;18;146;6;428;21;52;25;27;8;3;381
Reno594;677290.16;4926837.03;0;30346.86;51979.76;44.471339;11.227987;46.3;0.47;11.17;4.08;0.1;2.95;15.25;0.71;1.71;0.11;17.16;78;118;11;68;40;80;11;83;359;18;142;7;436;23;45;21;15;0;2;375
Reno595;673841.43;4928947.46;0;26898.13;54090.19;44.491162;11.185368;57.14;0.59;12.72;4.73;0.13;2.34;8.92;0.95;1.78;0.12;10.58;87;131;13;63;52;85;12;74;140;19;124;6;353;22;51;23;19;3;4;311
Reno596;675896.61;4938524.78;0;28953.31;63667.51;44.576821;11.214461;56.81;0.48;11.75;4.34;0.09;2.31;8.48;1.04;1.71;0.23;12.76;76;121;12;55;46;162;10;88;192;23;163;8;344;27;56;14;35;8;2;363
Reno597;662392.3;4909877.96;0;15449;35020.69;44.322256;11.035506;61.58;0.36;10.3;2.43;0.06;2.08;10.04;1.2;1.87;0.14;9.95;46;118;3;43;10;41;6;72;200;18;139;5;330;16;37;16;12;10;3;112
Reno598;662567.7;4910599.2;0;15624.4;35741.93;44.328706;11.037929;52.73;0.43;10.4;3.21;0.08;2.29;12.28;1.06;1.61;0.14;15.77;60;111;6;56;25;60;6;79;277;21;179;8;328;25;35;16;15;18;2;243
Reno599;663791.61;4912039.09;0;16848.31;37181.82;44.341386;11.053722;45.79;0.63;14.73;5.03;0.08;2.99;11.71;0.59;1.65;0.15;16.64;117;137;15;60;36;91;19;89;239;20;133;12;333;32;49;19;14;10;5;342
Reno600;663904.41;4914520.95;0;16961.11;39663.68;44.36369;11.055917;39.29;0.53;12.34;4.3;0.08;2.6;17.19;0.53;1.46;0.12;21.55;98;110;12;57;36;75;12;72;289;19;105;10;290;37;45;23;14;4;7;418
Reno601;665445.89;4916822.04;0;18502.59;41964.77;44.384043;11.075981;44.5;0.66;13.77;5.94;0.11;2.87;15.38;0.44;2.14;0.1;14.09;119;119;21;61;65;109;21;99;301;20;114;10;308;32;63;33;16;8;6;591
Reno602;666648.03;4918932.14;0;19704.73;44074.87;44.402752;11.091739;46.66;0.54;14.18;5.17;0.16;2.84;11.3;0.5;1.86;0.09;16.69;100;96;16;56;41;87;14;99;262;24;140;9;445;32;58;23;18;13;2;567
Reno603;667917.91;4921259.68;0;20974.61;46402.41;44.423399;11.108428;46.17;0.54;13.37;5.13;0.16;2.83;12.96;0.64;1.87;0.09;16.24;91;94;14;50;34;80;14;90;259;24;140;9;478;29;62;24;21;3;3;436
Reno604;668602.56;4924305.17;0;21659.26;49447.9;44.450639;11.118013;49.08;0.49;12.3;4.38;0.13;2.76;12.5;0.83;1.81;0.1;15.62;79;94;12;50;35;74;12;97;288;25;180;9;492;39;56;19;13;2;3;716
Reno605;668112.24;4926903.6;0;21168.94;52046.33;44.47413;11.112698;47.19;0.46;12.28;4.58;0.14;2.62;13.21;0.63;1.87;0.08;16.94;73;90;11;46;44;71;12;94;284;24;180;8;518;34;52;20;13;2;3;1069
Reno606;666362.12;4927594.31;0;19418.82;52737.04;44.480749;11.09093;47.756;0.45;11.81;4.32;0.16;2.57;14.51;0.76;1.78;0.09;15.8;70;88;9;49;30;95;8;78;264;19;138;8;656;23;50;23;23;4;2;977
Reno607;665614.52;4932412.35;0;18671.22;57555.08;44.524267;11.083079;48.1;0.38;9.83;3.72;0.19;2.26;16.57;0.89;1.58;0.1;16.39;54;88;8;42;32;67;7;69;306;24;223;7;1038;22;35;23;15;4;2;711
Reno608;670217.52;4936762.13;0;23274.22;61904.86;44.562328;11.142399;50.54;0.46;11.4;4.29;0.15;2.47;13.19;0.94;1.65;0.09;14.82;71;92;10;50;38;63;8;84;261;26;195;8;363;21;56;19;16;6;4;104
Reno609;674357.6;4940080.92;0;27414.3;65223.65;44.591194;11.195618;47.81;0.39;9.99;3.81;0.2;2.34;16.7;0.9;1.57;0.13;16.79;61;95;7;49;32;74;9;73;304;24;217;7;904;24;50;23;16;6;3;496
Reno610;653844.09;4912170;0;6900.79;37312.73;44.344739;10.929043;52.65;0.44;11.03;2.97;0.05;1.8;12.86;0.85;1.52;0.13;15.71;72;110;5;42;21;68;12;64;196;15;138;6;298;18;34;16;15;11;3;305
Reno611;660967.15;4914529.13;0;14023.85;39671.86;44.364421;11.019081;49.96;0.56;13.72;5.47;0.18;3.16;10.62;0.6;1.84;0.11;15.79;101;118;21;77;39;99;14;95;197;23;123;9;345;36;51;21;16;16;2;287
Reno612;662381.19;4913737.66;0;15437.89;38880.39;44.356985;11.036569;51.62;0.66;15.42;5.59;0.13;3.86;6.46;0.64;1.99;0.09;13.53;109;97;18;57;40;84;13;103;113;23;120;12;248;29;62;20;16;12;8;319
Reno613;663455.48;4914834.13;0;16512.18;39976.86;44.366609;11.050385;45.54;0.56;13.04;4.81;0.12;2.98;12.92;0.64;1.81;0.08;17.51;92;93;15;49;34;86;11;82;284;19;127;7;439;23;48;24;12;0;2;536
Reno614;666635.75;4914899.74;0;19692.45;40042.47;44.366476;11.090293;48.04;0.59;14.48;5.93;0.16;3.27;9.29;0.54;1.91;0.09;15.7;111;122;19;80;56;100;16;109;180;25;118;10;294;32;66;21;24;13;6;222
Reno615;664495.12;4916411.76;0;17551.82;41554.49;44.380568;11.063923;48.56;0.67;16.59;6.3;0.12;3.14;6.19;0.42;2.35;0.08;15.58;122;106;21;55;41;97;19;118;171;23;119;10;278;40;50;22;16;6;4;699
Reno616;666190.22;4917244.21;0;19246.92;42386.94;44.387671;11.085454;41.47;0.54;13.02;4.6;0.11;2.73;15.89;0.57;1.91;0.07;19.08;87;74;12;47;68;104;17;103;369;26;181;10;383;32;62;24;20;13;2;658
Reno617;667028.42;4918808.5;0;20085.12;43951.23;44.401552;11.096473;46.29;0.61;15.62;6.04;0.1;3;9.22;0.53;2.27;0.08;16.24;106;96;20;52;44;96;16;117;252;22;128;10;354;33;66;21;14;16;2;916
Reno618;662467.98;4918702.95;0;15524.68;43845.68;44.401639;11.039208;49.08;0.64;15.6;5.92;0.16;3.22;7.54;0.52;2.15;0.09;15.08;116;101;21;64;38;102;16;110;192;23;133;10;254;32;69;23;16;6;2;393
Reno619;661817.28;4918873.72;0;14873.98;44016.45;44.403321;11.031095;52.18;0.64;15.27;5.84;0.25;3.05;6.14;0.49;2.01;0.09;14.04;111;107;21;72;55;105;15;110;155;27;123;11;302;32;61;20;20;3;2;460
Reno620;661211.39;4921347.84;0;14268.09;46490.57;44.425716;11.024259;48.44;0.53;12.55;4.45;0.13;2.95;11.46;0.67;1.89;0.1;16.79;89;93;11;59;39;85;16;100;231;22;131;10;320;30;48;20;19;0;3;504
Reno621;664168.18;4921480.35;0;17224.88;46623.08;44.426244;11.061423;46.67;0.61;14.94;5.67;0.15;3.11;8.86;0.48;2.06;0.08;17.36;113;101;20;60;32;92;18;101;204;20;95;9;264;28;56;21;15;0;6;496
Reno622;663427.44;4922693.03;0;16484.14;47835.76;44.437322;11.052505;48.17;0.49;12.21;4.34;0.12;2.89;12.31;0.75;1.82;0.1;16.79;82;92;12;57;40;82;10;96;250;21;134;9;333;23;42;19;15;0;3;629
Reno623;665505.72;4924198.81;0;18562.42;49341.54;44.450397;11.079083;45.19;0.48;12.43;4.75;0.18;2.78;13.59;0.6;1.84;0.1;18.05;85;89;13;57;45;91;15;95;269;24;132;8;578;21;45;23;15;14;3;643
Reno624;667226.94;4925180.7;0;20283.64;50323.43;44.458835;11.101018;47.96;0.45;11.52;4.18;0.15;2.94;14.34;0.87;1.7;0.09;15.8;74;107;10;59;39;75;12;82;278;22;176;10;571;24;46;21;16;3;4;682
Reno625;664258.18;4926715.99;0;17314.88;51858.72;44.473328;11.064212;40.86;0.49;12.55;4.84;0.12;2.57;15.55;0.43;1.55;0.09;20.94;92;93;15;49;34;86;11;82;284;19;127;7;439;23;48;24;12;0;2;536
Reno626;671484.95;4930998.08;0;24541.65;56140.81;44.510173;11.156432;51.53;0.54;11.54;4.37;0.13;2.76;11.62;0.9;1.68;0.13;14.79;82;160;10;67;29;77;13;81;223;24;240;10;312;29;38;20;18;23;2;567
Reno627;673151.8;4933656.42;0;26208.5;58799.15;44.53369;11.178279;43.87;0.56;13.26;5.55;0.1;3.19;12.06;0.54;1.9;0.12;18.85;111;139;20;82;36;110;16;107;250;22;97;7;286;31;53;23;19;12;2;441
Reno628;670413.57;4934714.09;0;23470.27;59856.82;44.543857;11.144189;55.02;0.51;10.5;4.03;0.14;1.86;9.61;1.01;1.44;0.34;15.53;66;132;10;61;77;259;8;74;182;25;278;8;393;26;41;16;43;27;4;432
Reno629;691627.61;4912642.17;0;44684.31;37784.9;44.340001;11.402859;51.52;0.39;7.82;3.64;0.23;2.2;16.11;0.96;1.43;0.09;15.6;40;402;6;79;20;59;11;71;379;24;329;9;311;24;55;18;6;8;4;503
Reno630;689311.63;4911826.81;0;42368.33;36969.54;44.333274;11.373535;47.47;0.43;8.42;3.77;0.2;2.42;19.97;0.94;1.38;0.1;14.89;51;439;8;88;27;62;9;65;424;26;285;10;325;22;37;19;7;8;8;337
Reno631;690031.89;4916258.01;0;43088.59;41400.74;44.372945;11.384178;49.03;0.4;9.64;3.77;0.16;2.98;18.3;0.88;1.73;0.1;13.03;50;137;6;73;24;63;14;82;413;18;155;9;281;20;29;16;6;10;9;808
Reno632;685636.42;4917735.11;0;38693.12;42877.84;44.38737;11.329581;49.34;0.55;11.98;4.82;0.14;3.05;14.11;0.73;1.76;0.11;13.39;68;131;10;57;29;78;14;89;363;24;203;13;263;25;55;16;4;8;5;1119
Reno633;685631.93;4914795.59;0;38688.63;39938.32;44.360929;11.328476;48.7;0.45;10.59;4.44;0.14;3.37;16.04;0.87;1.62;0.1;13.67;62;209;11;89;28;75;13;82;416;21;222;11;307;21;39;16;13;8;6;1333
Reno634;669951.54;4924047.14;0;23008.24;49189.87;44.448002;11.134871;43.66;0.53;9.99;4.05;0.15;2.58;20.63;0.63;1.53;0.15;16.11;61;176;7;64;32;74;15;76;396;20;269;12;325;18;44;20;8;6;2;1015
Reno635;717547.63;4912449.95;0;70604.33;37592.68;44.330973;11.727589;56.13;0.65;13.23;4.28;0.14;2.09;8.78;0.79;1.83;0.13;11.95;83;117;9;55;38;82;16;107;215;26;284;15;341;35;64;13;24;11;15;512
Reno636;715649.91;4912118.28;0;68706.61;37261.01;44.328556;11.703676;48.23;0.52;11.27;4.08;0.12;2.87;14.43;0.89;1.91;0.12;15.55;71;101;9;55;38;77;13;99;313;22;158;11;309;25;48;20;19;10;10;495
Reno637;710929.48;4907473.12;0;63986.18;32615.85;44.288166;11.642659;46.87;0.58;12.36;4.93;0.12;3.2;13.24;0.63;1.97;0.14;15.97;92;121;10;64;37;90;17;106;373;24;148;15;335;19;51;17;10;12;14;1092
Reno638;708581.06;4905766.7;0;61637.76;30909.43;44.273496;11.612575;49.16;0.79;10.65;4.36;0.13;3.78;13.98;1.17;1.83;0.18;13.97;77;116;8;45;28;69;16;88;454;33;405;14;319;31;68;17;17;16;6;1480
Reno639;706422.45;4907260.25;0;59479.15;32402.98;44.287544;11.586144;45.34;0.59;13.02;5.22;0.12;3.22;13.51;0.45;2.06;0.13;16.34;99;126;12;73;37;95;20;108;377;21;119;14;321;25;59;19;15;7;9;1312
Reno640;710217.92;4908753.17;0;63274.62;33895.9;44.299884;11.634265;49.36;0.44;9.88;3.75;0.14;2.63;15.73;1;1.74;0.15;15.18;61;102;7;53;32;71;16;84;376;21;140;13;325;19;47;18;12;8;4;782
Reno641;711830.92;4911218.01;0;64887.62;36360.74;44.321583;11.655464;45.24;0.56;11.09;4.31;0.13;3.63;15.21;0.8;1.9;0.14;17;77;109;9;59;34;81;16;98;333;23;149;13;285;22;50;17;15;10;6;841
Reno642;718164.35;4914630.39;0;71221.05;39773.12;44.350396;11.736228;51.7;0.58;11.64;4.34;0.15;2.81;12.44;0.96;1.7;0.14;13.54;69;111;7;47;30;77;16;90;321;28;227;14;353;27;72;16;15;11;7;1183
Reno643;711546.22;4909155.93;0;64602.92;34298.66;44.303121;11.651062;49.86;0.54;12.2;4.65;0.13;2.95;12.61;0.93;1.95;0.13;14.04;75;101;12;55;34;83;16;96;314;23;180;12;359;30;43;19;19;8;12;1263
Reno644;708510.01;4904344.65;0;61566.71;29487.38;44.260727;11.611119;54.27;0.76;10.79;4.04;0.13;3.78;11.76;1.53;1.84;0.2;10.89;68;105;8;40;24;64;18;84;261;39;351;97;285;31;61;13;17;14;8;652
Reno645;706730.84;4906549.16;0;59787.54;31691.89;44.281061;11.589724;49.27;0.58;13.16;5.01;0.13;3.15;12.14;0.83;2.11;0.11;13.51;82;101;10;54;36;88;19;100;293;19;123;11;331;17;52;19;13;5;5;1121
Reno646;705046.63;4904937.58;0;58103.33;30080.31;44.267043;11.568007;53.54;0.54;11.77;4.38;0.13;2.68;12.1;1.22;1.78;0.14;11.71;70;93;7;41;34;78;12;78;284;25;182;11;627;22;51;18;13;5;2;1260
Reno647;700480.35;4898443.61;0;53537.05;23586.34;44.209905;11.508367;50.34;0.58;13.31;5.13;0.13;2.95;11.29;0.84;2.07;0.11;13.25;85;108;13;58;36;92;19;108;315;25;194;13;550;21;47;16;17;6;6;1266
Reno648;695522.65;4889034.2;0;48579.35;14176.93;44.126613;11.442871;53.29;0.54;12.46;4.69;0.12;2.95;10.4;1.23;1.95;0.12;12.23;78;102;12;58;31;89;16;101;300;22;175;12;427;22;49;15;12;10;12;1153
Reno649;696471.54;4891807.33;0;49528.24;16950.06;44.151303;11.455755;52.77;0.58;13.58;5.03;0.13;2.94;9.92;1;2.09;0.12;11.84;87;102;13;58;34;87;14;104;278;23;167;15;426;28;47;17;14;9;6;1036
Reno650;697586.37;4893561.17;0;50643.07;18703.9;44.166778;11.470341;53.15;0.54;12.93;4.85;0.13;2.77;10.69;1.06;1.98;0.11;11.78;77;101;13;54;34;86;19;95;290;19;156;13;473;30;67;17;14;14;3;1178
Reno651;692652.44;4888489.33;0;45709.14;13632.06;44.122473;11.406828;52.73;0.63;14.29;5.77;0.17;2.7;8.81;0.87;2.16;0.11;11.76;96;115;16;65;38;103;19;108;257;27;164;14;436;31;62;18;18;11;5;794
Reno652;687587.93;4886830.47;0;40644.63;11973.2;44.108866;11.342993;61.15;0.57;13.1;4.4;0.1;2.44;5.5;1.71;2.08;0.13;8.82;75;94;10;52;26;82;15;112;248;27;176;14;397;23;43;13;13;12;2;808
Reno653;702330.64;4903657.91;0;55387.34;28800.64;44.256293;11.533517;59.33;0.48;10.83;3.02;0.09;3.46;9.62;1.76;1.99;0.15;9.27;50;71;5;34;21;56;11;80;219;20;162;10;301;17;46;13;15;10;3;500
Reno654;704085.91;4899841.69;0;57142.61;24984.42;44.22148;11.553997;41.74;0.53;10.75;4.2;0.13;3.38;17.07;0.76;1.93;0.11;19.4;71;97;9;60;29;75;14;108;276;19;154;13;319;33;50;15;13;5;4;728
Reno655;699839.86;4899581.34;0;52896.56;24724.07;44.220314;11.500791;44.75;0.58;12.35;4.49;0.12;3.79;14;0.87;2.11;0.13;16.81;80;107;6;56;32;80;18;115;232;24;161;16;358;22;46;17;10;10;5;516
Reno656;692498.17;4894272.65;0;45554.87;19415.38;44.174536;11.407016;48.29;0.7;15.78;6.1;0.12;2.82;9.4;0.28;2.37;0.11;14.03;124;126;18;61;47;105;20;131;286;27;143;19;445;30;68;21;12;12;4;1097
Reno657;692059.41;4891428.32;0;45116.11;16571.05;44.149066;11.400494;50.23;0.74;16.93;6.47;0.12;2.69;7.43;0.3;2.63;0.09;12.36;120;121;23;63;49;110;21;141;250;26;158;20;434;36;62;19;9;9;13;1490
Reno658;690671.67;4886616.97;0;43728.37;11759.7;44.106149;11.381416;52.73;0.76;17.3;6.8;0.14;2.93;5.28;0.48;2.54;0.11;10.92;131;144;26;82;55;113;16;147;214;25;146;18;373;36;73;19;22;19;4;545
Reno659;694905.9;4884767.94;0;47962.6;9910.67;44.088402;11.433593;55.44;0.58;13.68;4.99;0.13;2.55;7.89;1.04;2.15;0.13;11.42;88;107;15;59;35;90;17;113;242;24;227;15;388;29;54;15;20;7;9;920
Reno660;694668.69;4887114.42;0;47725.39;12257.15;44.109572;11.431498;52.94;0.54;12.43;4.27;0.1;3.57;10.18;1.4;2.11;0.13;12.31;71;93;10;55;28;80;17;103;277;20;148;13;387;18;35;14;20;9;4;1349
Reno661;693759.37;4918177.01;0;46816.07;43319.74;44.38922;11.431637;40.54;0.5;12.25;4.49;0.09;3.03;16.33;0.47;1.62;0.08;20.59;96;124;9;73;39;92;17;101;465;20;112;10;348;28;58;29;16;1;2;847
Reno662;693619.78;4924545.65;0;46676.48;49688.38;44.446541;11.432261;52.98;0.45;10.72;4.06;0.15;2.04;12.89;0.86;1.9;0.17;13.78;59;124;8;55;34;106;15;89;337;20;148;10;418;18;37;0;12;5;3;976
Reno663;706980.41;4931801.48;0;60037.11;56944.21;44.508098;11.602903;51.63;0.61;14.14;4.98;0.13;2.69;9.13;0.68;2.49;0.24;13.28;81;101;12;52;40;111;19;119;253;27;203;16;532;27;59;9;21;12;9;926
Reno664;704931.14;4925940.13;0;57987.84;51082.86;44.455968;11.574827;46.74;0.64;16.17;6.18;0.13;3.2;7.27;0.34;2.66;0.1;16.57;117;116;22;69;49;114;21;153;279;25;124;17;381;36;57;10;20;9;4;935
Reno665;702223.68;4922145.56;0;55280.38;47288.29;44.422602;11.53935;51.04;0.61;13.69;4.69;0.17;2.22;9.14;0.51;1.83;0.19;15.91;79;111;14;52;41;112;15;94;220;27;212;14;357;27;56;9;34;14;7;1082
Reno666;703539.84;4921506.64;0;56596.54;46649.37;44.416487;11.555617;48.86;0.68;15;5.83;0.15;2.98;9.07;0.47;2.55;0.11;14.3;96;107;17;59;45;100;20;131;263;32;197;18;405;33;65;11;20;17;16;1433
Reno667;702148.45;4919440.3;0;55205.15;44583.03;44.398292;11.537353;51.22;0.66;15.65;5.77;0.13;3;7.42;0.55;2.69;0.11;12.79;95;102;19;57;46;98;21;137;239;30;183;16;425;32;58;10;16;18;7;1237
Reno668;701772.43;4918031.28;0;54829.13;43174.01;44.385724;11.532089;47.08;0.63;15.87;5.89;0.13;3.1;8.8;0.35;2.74;0.09;15.32;105;111;19;64;52;102;22;144;313;26;143;19;387;27;73;10;18;13;5;1656
Reno669;701283.62;4917524.18;0;54340.32;42666.91;44.381299;11.525762;45.17;0.63;15.74;5.95;0.12;3.13;8.57;0.37;2.68;0.1;17.54;106;111;19;62;46;104;25;137;293;27;131;17;329;33;68;10;17;9;4;1617
Reno670;699779.5;4916960.62;0;52836.2;42103.35;44.376646;11.506682;48.09;0.52;12.6;4.45;0.13;2.46;12.47;0.52;2.27;0.11;16.38;78;97;11;58;39;88;17;119;389;25;190;15;422;23;50;8;13;9;5;697
Reno671;705344.71;4932891.16;0;58401.41;58033.89;44.518365;11.582779;47.21;0.62;14.82;5.62;0.1;2.62;8.42;0.35;2.42;0.25;16.47;98;202;15;96;68;644;20;124;273;25;155;16;359;26;61;9;21;12;7;4125
Reno672;709612.7;4936648.14;0;62669.4;61790.87;44.550925;11.637952;47.71;0.63;15.14;5.73;0.12;2.75;8.42;0.35;2.42;0.25;16.47;100;135;18;73;52;244;22;129;255;25;152;18;365;27;51;10;15;13;7;1564
Reno673;699553.89;4919666.02;0;52610.59;44808.75;44.401041;11.504891;46.23;0.64;14.38;5.5;0.12;2.73;10.82;0.36;2.33;0.13;16.76;95;103;15;56;41;106;20;118;313;26;210;18;375;29;59;11;13;11;13;1070
Reno674;699441.1;4920567.7;0;52497.8;45710.43;44.409182;11.503822;47.49;0.66;16.26;6.08;0.1;2.91;7.72;0.23;2.6;0.09;15.85;113;121;18;70;47;113;22;145;286;23;122;17;317;35;63;9;17;12;5;964
Reno675;696771.24;4918275.96;0;49827.94;43418.69;44.389299;11.469454;46.23;0.62;14.39;5.69;0.11;2.54;10.55;0.28;2.25;0.1;17.24;97;102;14;58;48;104;21;122;317;25;141;17;301;26;55;10;12;13;6;1432
Reno676;696771.21;4917129.92;0;49827.91;42272.65;44.378991;11.46902;48.56;0.65;15.21;5.86;0.12;2.57;7.88;0.22;2.4;0.11;16.43;102;110;19;64;47;107;23;131;275;27;155;15;407;36;63;10;16;13;8;717
Reno677;696451.5;4915157.42;0;49508.2;40300.15;44.361336;11.464266;48.02;0.58;13.91;5.13;0.16;3.32;10.43;0.63;2.47;0.1;15.26;92;126;20;90;47;99;19;132;373;26;147;17;449;21;55;10;13;13;14;649
Reno678;697974.53;4918614.01;0;51031.23;43756.74;44.392012;11.484676;43.21;0.66;14.54;6.15;0.12;2.59;12.32;0.25;2.04;0.09;18.03;104;111;21;62;43;103;21;107;345;24;138;18;265;24;55;11;13;13;2;743
Reno679;699798.24;4924193.45;0;52854.94;49336.18;44.441694;11.509699;46.56;0.55;12.96;4.78;0.12;2.55;12.91;0.44;2.11;0.18;16.85;74;103;11;53;54;129;17;104;356;24;207;14;776;27;45;10;19;10;3;2405
Reno680;700512.75;4928946.35;0;53569.45;54089.08;44.484244;11.520509;46.26;0.64;15.88;5.77;0.09;2.74;6.77;0.32;2.41;0.23;18.9;109;198;17;90;79;764;23;141;271;26;136;18;319;27;60;10;30;9;4;3248
Reno681;702829.94;4886897.75;0;55886.64;12040.48;44.105408;11.533298;37.29;0.47;9.61;3.73;0.1;2.99;22.31;0.79;1.62;0.12;20.98;63;76;5;53;23;61;16;90;478;23;152;13;292;19;39;21;4;7;5;980
Reno682;701288.87;4885887.9;0;54345.57;11030.63;44.09675;11.513676;33.29;0.45;9.51;3.68;0.11;3.21;25.46;0.67;1.56;0.12;21.94;58;80;6;52;31;58;13;81;475;18;150;12;303;24;44;26;15;10;6;940
Reno683;702064.9;4887690.84;0;55121.6;12833.57;44.112753;11.524052;36.2;0.48;9.69;3.75;0.11;2.81;22.78;0.75;1.65;0.17;21.6;66;82;6;54;33;68;13;90;457;21;154;12;323;19;42;23;16;9;6;1140
Reno684;703368.95;4888284.66;0;56425.65;13427.39;44.117733;11.540561;35.44;0.54;10.04;4.22;0.11;3.43;23.59;0.59;1.7;0.13;20.2;64;88;9;57;30;65;16;83;451;22;154;14;323;24;49;25;16;3;11;1330
Reno685;705428.92;4886441.5;0;58485.62;11584.23;44.10058;11.565562;26.53;0.39;7.99;3.43;0.1;2.81;29.51;0.44;1.36;0.07;27.37;60;68;6;53;36;58;13;87;428;17;112;12;284;18;34;24;6;8;5;1260
Reno686;704229.9;4887597.64;0;57286.6;12740.37;44.111314;11.551044;27.37;0.46;8.66;3.58;0.11;2.65;29.78;0.37;1.39;0.12;25.53;58;74;5;56;30;60;14;76;513;17;126;10;274;26;53;28;11;0;4;1120
Reno687;704461.89;4888466.61;0;57518.59;13609.34;44.119065;11.554277;37.02;0.49;10.32;4.02;0.11;3.22;18.74;0.53;1.64;0.24;23.67;78;88;9;62;44;110;12;93;424;20;126;12;343;23;45;22;16;8;2;1875
Reno688;705231.94;4891318.61;0;58288.64;16461.34;44.144501;11.565002;27.9;0.42;8.23;3.37;0.11;3.22;30.37;0.5;1.45;0.08;24.35;50;70;6;46;36;57;19;72;440;13;100;12;277;17;38;28;4;4;4;1000
Reno689;706294.93;4891062.45;0;59351.63;16205.18;44.141898;11.578179;21.84;0.33;6.69;2.64;0.09;2.6;34.26;0.41;1.07;0.06;30;44;55;0;39;31;51;15;65;584;13;89;10;260;20;42;31;13;10;3;1000
Reno690;707145.96;4891720.4;0;60202.66;16863.13;44.147575;11.589067;30.74;0.45;9.01;3.71;0.12;3.44;27.47;0.55;1.55;0.1;22.86;57;71;6;52;28;56;15;79;527;15;124;11;277;22;48;27;15;8;4;960
Reno691;707017.98;4893092.39;0;60074.68;18235.12;44.159951;11.588008;28.74;0.38;7.52;2.98;0.11;2.67;31.42;0.5;1.25;0.11;24.32;50;72;3;44;29;58;11;60;505;15;121;11;273;20;42;28;15;0;8;1430
Reno692;706713.99;4893466.42;0;59770.69;18609.15;44.163401;11.584357;25.33;0.39;7.91;3.35;0.12;2.76;31.04;0.35;1.36;0.1;27.3;60;73;5;50;37;60;11;71;486;14;88;11;306;23;40;28;10;8;4;1000
Reno693;706941.93;4894737.44;0;59998.63;19880.17;44.174768;11.587705;30.41;0.48;8.99;3.7;0.12;3.39;27.42;0.51;1.57;0.1;23.32;60;68;5;52;28;57;15;68;428;13;106;10;296;18;36;27;17;0;12;1080
Reno694;707548.98;4894382.33;0;60605.68;19525.06;44.171402;11.595151;28.59;0.47;9.07;3.82;0.1;2.74;27.06;0.41;1.54;0.1;26.1;66;78;6;58;60;69;17;95;541;19;119;14;284;24;48;24;17;6;3;920
Reno695;707356.93;4895137.45;0;60413.63;20280.18;44.178248;11.593049;38.71;0.54;11.37;4.53;0.11;3.87;17.13;0.73;1.94;0.12;20.94;85;97;11;69;23;76;16;120;438;25;134;13;334;20;36;20;13;10;3;810
Reno696;705248.92;4896827.63;0;58305.62;21970.36;44.194045;11.567364;34.34;0.51;11.15;4.29;0.1;3.95;19.76;0.42;1.85;0.11;23.53;81;92;10;66;35;76;13;115;437;25;115;14;308;26;50;19;21;4;4;770
Reno697;707901.99;4896735.42;0;60958.69;21878.15;44.192465;11.600493;38.06;0.54;11.49;4.54;0.11;3.86;17.48;0.7;1.94;0.12;21.15;79;98;10;63;30;76;16;117;429;24;120;16;315;22;47;19;18;14;3;840
Reno698;708028.93;4897483.39;0;61085.63;22626.12;44.199156;11.602376;36.85;0.5;11.33;4.39;0.1;4.29;18.83;0.54;1.9;0.12;21.14;82;96;10;69;32;78;17;114;425;25;118;15;299;29;54;20;16;0;6;1510
Reno699;708912.95;4897446.31;0;61969.65;22589.04;44.19857;11.613413;41.82;0.43;9.52;3.31;0.1;4.04;18.65;1.02;1.69;0.11;19.31;62;71;3;44;33;66;12;92;342;19;166;13;303;22;41;18;30;10;2;830
Reno700;708682.97;4899026.32;0;61739.67;24169.05;44.212846;11.611166;52.77;0.6;13.5;4.11;0.11;4.27;9.72;1.28;2.31;0.2;11.14;72;84;9;47;16;59;12;101;173;25;168;14;350;28;50;17;19;4;11;330
Reno701;709771;4899601.17;0;62827.7;24743.9;44.217704;11.625001;46.38;0.61;13.55;4.714;0.12;4.15;11.76;0.79;2.24;0.18;15.51;83;100;11;65;31;78;15;118;230;27;158;16;336;24;46;18;21;13;10;430
Reno702;709447.97;4900126.23;0;62504.67;25268.96;44.222519;11.621171;38.86;0.5;11.14;4.16;0.11;3.82;18.61;0.64;1.88;0.14;20.13;71;88;9;63;34;73;13;98;357;18;112;12;323;22;43;22;18;6;10;1080
Reno703;711666.01;4901086.07;0;64722.71;26228.8;44.230511;11.649298;50.82;0.66;12.43;4.26;0.12;4.15;11.83;1.13;2.06;0.19;12.35;82;96;10;50;24;65;13;101;257;32;264;16;325;34;69;17;12;15;7;570
Reno704;710201.01;4901164.15;0;63257.71;26306.88;44.231637;11.631005;48.45;0.65;13.35;4.83;0.13;4.25;11.58;0.93;2.22;0.19;13.42;86;99;12;57;29;93;16;97;214;29;180;15;314;30;54;18;18;10;8;650
Reno705;710567.03;4901736.18;0;63623.73;26878.91;44.236676;11.635813;48.7;1.07;12.4;5.35;0.17;4.31;13.74;1.06;1.95;0.23;11.03;87;130;8;46;21;70;16;80;248;49;462;17;286;46;100;22;13;19;6;630
Reno706;712103.03;4903450.03;0;65159.73;28592.76;44.251644;11.655721;40.45;0.56;11.76;4.59;0.22;4.07;16.7;0.56;1.93;0.2;18.96;82;99;10;67;39;122;15;105;418;29;180;15;306;28;55;19;24;9;15;900
Reno707;712317;4902460;0;65373.7;27602.73;44.242678;11.657997;48.77;0.7;12.21;4.23;0.13;4.89;13.73;1.23;2.02;0.2;11.9;74;108;10;49;25;58;15;86;258;28;219;15;324;33;65;20;15;19;4;870
Reno708;712080.98;4902552.99;0;65137.68;27695.72;44.243583;11.655082;48.68;0.58;11.88;4.05;0.11;3.92;12.86;1.2;2.04;0.16;14.52;73;83;8;49;25;65;17;105;323;29;210;15;338;26;46;14;19;9;6;750
Reno709;713324.04;4904849.91;0;66380.74;29992.64;44.263877;11.671569;39.87;0.58;11.61;4.61;0.12;2.87;17.11;0.45;1.76;0.13;20.87;88;106;11;64;24;80;16;106;574;23;171;15;250;30;56;20;9;9;10;2380
Reno710;715133.02;4904996.7;0;68189.72;30139.43;44.264665;11.694268;43.2;0.6;12.21;4.83;0.12;2.97;15.69;0.54;1.85;0.17;17.82;83;106;11;62;27;79;14;96;497;25;180;13;289;29;53;21;12;7;8;2940
Reno711;715383.08;4905396.67;0;68439.78;30539.4;44.268188;11.697562;48.63;0.6;11.46;4.13;0.11;3.77;13.25;1.19;1.95;0.18;14.74;73;85;8;51;22;67;12;104;328;26;220;15;329;30;60;17;19;11;12;930
Reno712;716254.03;4905330.63;0;69310.73;30473.36;44.267336;11.708435;40.58;0.54;11.04;4.31;0.14;3.21;17.86;0.63;1.67;0.19;19.83;74;90;10;58;26;78;15;88;412;24;148;12;273;24;46;19;18;6;10;1350
Reno713;719933.1;4905105.31;0;72989.8;30248.04;44.264208;11.754383;39.61;0.56;11.48;4.4;0.13;3.73;17.81;0.57;1.84;0.15;19.72;79;92;11;59;31;73;15;98;434;25;154;15;298;29;53;21;12;9;23;940
Reno714;715449.08;4900825.65;0;68505.78;25968.38;44.227061;11.696508;49.52;0.65;11.32;3.87;0.12;4.05;13.85;1.23;1.86;0.17;13.36;70;87;6;47;16;57;10;97;328;32;278;15;301;34;74;15;21;16;8;690
Reno715;713389.01;4898765.92;0;66445.71;23908.65;44.209143;11.669905;42.16;0.54;11.17;4.02;0.11;3.79;17.48;0.84;1.89;0.13;17.87;68;84;9;54;27;65;15;102;357;24;164;15;326;21;44;21;11;3;7;660
Reno716;710276.01;4894059.18;0;63332.71;19201.91;44.167716;11.629098;38.7;0.52;10.29;3.86;0.11;3.47;20.55;0.8;1.76;0.12;19.81;67;82;6;56;27;60;15;102;468;23;178;15;302;16;30;18;21;8;5;700
Reno717;711683.05;4896087;0;64739.75;21229.73;44.185547;11.647495;35.33;0.51;10.81;4.07;0.11;3.8;21.55;0.54;1.79;0.12;21.38;69;89;8;63;34;67;13;95;413;20;124;12;295;25;44;23;18;10;4;800
Reno718;718200.11;4905975.43;0;71256.81;31118.16;44.272554;11.733059;43.01;0.59;12.37;4.55;0.12;3.92;14.98;0.72;2;0.18;17.56;84;102;10;61;31;87;15;100;332;23;153;14;319;30;56;20;22;13;12;1210
Reno719;725730.16;4911250.62;0;78786.86;36393.35;44.317693;11.829578;47.43;0.6;11.45;4.13;0.11;3.34;14.17;1;1.79;0.16;15.65;73;92;9;51;38;69;12;101;338;29;252;15;321;25;49;19;15;11;6;750
Reno720;728681.24;4915095.34;0;81737.94;40238.07;44.351341;11.868224;46.75;0.52;10.2;3.99;0.12;3.26;15.96;1.05;1.69;0.15;16.32;71;102;11;53;21;71;11;89;364;25;181;14;309;19;39;28;18;8;11;900
Reno721;734201.3;4922643.73;0;87258;47786.46;44.417449;11.940793;45.75;0.53;11.37;4.5;0.12;3.66;14.4;0.9;1.88;0.17;16.72;83;104;10;64;37;89;17;101;337;20;148;14;295;29;56;29;21;10;4;710
Reno722;736289.27;4928316.41;0;89345.97;53459.14;44.467772;11.96957;46.69;0.5;11.02;4.31;0.13;3.28;14.81;0.98;1.76;0.15;16.37;79;101;16;64;34;72;12;94;348;25;126;12;330;23;49;27;15;8;5;680
Reno723;742266.43;4932695.69;0;95323.13;57838.42;44.505164;12.04666;44.88;0.54;12.07;4.54;0.11;3.83;13.79;0.86;2.05;0.14;17.18;85;99;11;66;28;80;17;108;481;22;147;13;360;28;47;24;15;11;4;710
Reno724;714397.03;4905642.86;0;67453.73;30785.59;44.270693;11.685322;46.5;0.53;10.29;3.62;0.13;3.51;17.1;1.09;1.69;0.17;15.36;63;93;10;48;22;53;12;74;336;24;230;14;328;28;54;26;23;5;12;420
Reno725;716096.07;4905889.64;0;69152.77;31032.37;44.27241;11.706689;54.39;0.59;13.54;3.79;0.12;2.65;9.91;1.01;1.89;0.14;11.96;71;96;9;45;28;59;12;91;210;23;194;14;357;30;57;20;15;10;11;150
Reno726;695126.84;4928605.57;0;48183.54;53748.3;44.482653;11.452713;53.83;0.65;15.43;5.42;0.1;2.79;6.98;0.66;1.95;0.09;12.1;114;154;16;72;34;100;18;125;238;25;147;13;411;30;56;22;19;8;6;160
Reno727;696575.83;4931545.51;0;49632.53;56688.24;44.508703;11.472035;51.06;0.45;11.21;3.82;0.1;2.58;13.27;0.92;1.71;0.27;14.61;67;156;7;62;47;148;16;85;335;22;198;8;508;25;51;23;23;7;4;950
Reno728;694579.84;4931545.67;0;47636.54;56688.4;44.509245;11.446947;50.49;0.62;15.35;5.65;0.12;3.01;7.71;0.79;2.29;0.1;13.87;95;117;15;70;36;103;22;124;226;25;141;10;332;30;56;18;16;8;4;420
Reno729;699751.83;4934678.23;0;52808.53;59820.96;44.536007;11.513165;54.58;0.35;9.41;3.43;0.13;1.77;13.39;1.27;1.8;0.14;13.73;44;173;6;53;35;113;12;78;317;20;183;5;593;20;37;14;22;3;6;640
Reno730;700910.89;4937018.16;0;53967.59;62160.89;44.55673;11.528651;58.37;0.29;8.38;2.53;0.11;1.57;13.45;1.55;1.79;0.11;11.85;29;112;0;37;22;78;12;69;313;18;200;5;356;18;38;12;11;0;4;500
Reno731;706151.97;4939674.76;0;59208.67;64817.49;44.579142;11.595638;51.94;0.49;10.9;4.22;0.12;2.29;12.98;0.9;1.95;0.22;13.99;60;120;7;62;49;159;16;91;339;20;182;9;330;20;36;0;25;12;10;1970
Reno732;693345.83;4928758.7;0;46402.53;53901.43;44.484509;11.430394;55.56;0.36;9.87;3.1;0.12;2.36;14.55;1.09;1.7;0.08;11.21;47;101;5;46;29;45;9;78;337;25;226;7;316;15;39;21;14;8;3;440
Reno733;733384.26;4937912.85;0;86440.96;63055.58;44.554995;11.937431;46.15;0.61;13.8;5.16;0.12;3.23;12.76;0.63;2.15;0.12;15.27;91;115;12;61;38;94;19;94;259;18;110;12;324;30;60;11;13;10;3;1630
Reno734;733508.24;4937444.83;0;86564.94;62587.56;44.550747;11.938778;50.23;0.45;11;3.78;0.13;3.15;14.33;1.12;1.52;0.12;14.17;66;94;10;43;27;73;8;68;237;18;139;6;351;23;50;20;15;0;3;480
Reno735;728726.18;4915056.32;0;81782.88;40199.05;44.350976;11.86877;49.04;0.63;11.87;4.07;0.12;3.56;15.22;0.85;1.79;0.16;12.69;73;90;8;52;28;66;14;92;310;31;245;14;301;34;61;21;11;6;10;490
Reno736;734085.25;4922667.7;0;87141.95;47810.43;44.417702;11.939348;46.8;0.65;12.27;4.15;0.11;3.2;12.66;1;1.82;0.15;17.19;75;88;9;52;31;68;15;111;303;32;237;17;313;30;65;17;11;9;8;390
Reno737;736215.27;4928007.51;0;89271.97;53150.24;44.465019;11.9685;47.6;0.59;12.71;4.51;0.12;3.31;12.41;0.87;1.93;0.16;15.79;88;101;9;57;33;79;14;114;327;28;214;17;320;30;64;16;19;9;7;510
Reno738;742671.4;4932639.62;0;95728.1;57782.35;44.504524;12.051721;44.55;0.61;12.76;4.49;0.12;3.63;13.88;0.68;1.93;0.15;17.2;88;101;10;58;34;78;14;117;354;32;206;19;339;27;52;18;16;8;6;680
Reno739;712109.98;4921210.12;0;65166.68;46352.85;44.411362;11.663031;39.73;0.61;12.99;5.67;0.12;4.99;13.09;0.69;2.35;0.1;19.66;61;99;9;53;37;79;11;85;334;19;218;13;486;24;31;15;24;12;13;3521
Reno740;742671.4;4932639.62;0;95728.1;57782.35;44.504524;12.051721;48.69;0.49;11.22;3.61;0.1;3.88;14.87;1.15;1.64;0.13;14.22;67;86;12;38;26;71;15;65;194;16;118;5;329;25;43;24;13;0;5;430
Reno741;721293.14;4937658.23;0;74349.84;62800.96;44.556518;11.785271;48.1;0.57;13.47;5.17;0.14;3.09;11.65;0.62;1.76;0.1;15.33;93;106;16;57;40;97;16;78;190;19;111;7;438;33;51;22;21;3;13;630
Reno742;724336.18;4919688.84;0;77392.88;44831.57;44.394001;11.815753;42.35;0.63;13.35;5.63;0.11;4.8;12.32;0.65;2.46;0.09;17.61;68;92;11;54;32;83;13;91;307;20;189;11;337;28;47;18;18;15;10;2250
Reno743;730972.22;4935572.2;0;84028.92;60714.93;44.534727;11.906053;40.96;0.56;12.66;5.09;0.1;5.1;13.01;0.72;2.32;0.09;19.39;76;88;8;58;30;90;15;95;321;21;191;13;334;28;56;16;19;11;15;2025
Reno744;713357.99;4922203.95;0;66414.69;47346.68;44.419933;11.679097;41.15;0.57;12.64;5.13;0.11;4.64;13;0.57;2.31;0.09;19.79;70;106;11;57;27;79;13;91;350;21;169;13;662;24;53;17;11;8;13;3079
Reno745;717782.07;4926742.58;0;70838.77;51885.31;44.45943;11.736514;41.6;0.57;13.1;5.18;0.1;4.61;12.03;0.65;2.4;0.1;19.66;78;94;12;58;35;82;12;103;324;22;169;13;506;31;56;18;17;8;8;4275
