  1496274.00  4916523.00     4.40   6      1
  1496274.00  4916523.00     3.90   6      1
  1496274.00  4916523.00     3.40   6      1
  1496274.00  4916523.00     2.90   6      1
  1496274.00  4916523.00     2.40   6      1
  1496274.00  4916523.00     1.90   6      1
  1496274.00  4916523.00     1.40   1      2
  1496274.00  4916523.00     0.90   1      2
  1496274.00  4916523.00     0.40   1      2
  1496274.00  4916523.00    -0.10   1      2
  1496274.00  4916523.00    -0.60   1      2
  1496274.00  4916523.00    -1.10   1      2
  1496274.00  4916523.00    -1.60   1      2
  1496274.00  4916523.00    -2.10   1      2
  1496274.00  4916523.00    -2.60   1      2
  1496274.00  4916523.00    -3.10   1      2
  1496274.00  4916523.00    -3.60   1      2
  1496274.00  4916523.00    -4.10   1      2
  1496274.00  4916523.00    -4.60   1      2
  1496274.00  4916523.00    -5.10   1      2
  1496274.00  4916523.00    -5.60   1      2
  1496274.00  4916523.00    -6.10   1      2
  1496274.00  4916523.00    -6.60   3      3
  1496274.00  4916523.00    -7.10   3      3
  1496274.00  4916523.00    -7.60   1      4
  1496274.00  4916523.00    -8.10   1      4
  1496274.00  4916523.00    -8.60   1      4
  1496274.00  4916523.00    -9.10   1      4
  1496274.00  4916523.00    -9.60   1      4
  1496274.00  4916523.00   -10.10   1      4
  1496274.00  4916523.00   -10.60   1      4
  1496274.00  4916523.00   -11.10   1      4
  1496274.00  4916523.00   -11.60   1      4
  1496274.00  4916523.00   -12.10   1      4
  1496274.00  4916523.00   -12.60   1      4
  1496274.00  4916523.00   -13.10   1      4
  1496274.00  4916523.00   -13.60   6      5
  1496274.00  4916523.00   -14.10   6      5
  1496274.00  4916523.00   -14.60   6      5
  1496274.00  4916523.00   -15.10   6      5
  1496274.00  4916523.00   -15.60   6      5
  1496274.00  4916523.00   -16.10   6      5
  1496274.00  4916523.00   -16.60   1      6
  1496274.00  4916523.00   -17.10   1      6
  1496274.00  4916523.00   -17.60   1      6
  1496274.00  4916523.00   -18.10   1      6
  1496274.00  4916523.00   -18.60   1      6
  1496274.00  4916523.00   -19.10   1      6
  1496274.00  4916523.00   -19.60   1      6
  1496274.00  4916523.00   -20.10   1      6
  1496274.00  4916523.00   -20.60   6      7
  1496274.00  4916523.00   -21.10   6      7
  1496274.00  4916523.00   -21.60   6      7
  1496274.00  4916523.00   -22.10   6      7
  1496274.00  4916523.00   -22.60   6      7
  1496274.00  4916523.00   -23.10   6      7
  1496274.00  4916523.00   -23.60   6      8
  1496274.00  4916523.00   -24.10   6      8
  1496274.00  4916523.00   -24.60   6      8
  1496274.00  4916523.00   -25.10   6      8
  1496274.00  4916523.00   -25.80   6     10
  1496274.00  4916523.00   -26.30   6     10
  1496274.00  4916523.00   -26.80   6     10
  1496274.00  4916523.00   -27.30   6     10
  1496274.00  4916523.00   -27.80   6     10
  1496274.00  4916523.00   -28.30   6     10
  1496274.00  4916523.00   -28.80   6     10
  1496274.00  4916523.00   -29.30   6     10
  1496274.00  4916523.00   -29.80   6     10
  1496274.00  4916523.00   -30.30   6     10
  1496274.00  4916523.00   -30.80   6     10
  1496274.00  4916523.00   -31.30   6     10
  1496274.00  4916523.00   -31.80   6     10
  1496274.00  4916523.00   -32.30   6     10
  1496274.00  4916523.00   -32.80   6     10
  1496274.00  4916523.00   -33.30   6     10
  1496274.00  4916523.00   -33.80   6     10
  1496274.00  4916523.00   -34.30   6     10
  1496274.00  4916523.00   -34.80   6     10
  1496274.00  4916523.00   -35.30   6     10
  1496588.00  4918039.00    16.50   6     11
  1496588.00  4918039.00    16.00   6     11
  1496588.00  4918039.00    15.50   6     11
  1496588.00  4918039.00    15.00   6     11
  1496588.00  4918039.00    14.50   6     11
  1496588.00  4918039.00    14.00   6     11
  1496588.00  4918039.00    13.30   6     12
  1496588.00  4918039.00    12.80   6     12
  1496588.00  4918039.00    12.50   6     13
  1496588.00  4918039.00    12.00   6     13
  1496588.00  4918039.00    11.50   6     13
  1496588.00  4918039.00    11.00   6     13
  1496588.00  4918039.00    10.50   6     13
  1496588.00  4918039.00    10.00   6     13
  1496588.00  4918039.00     9.50   6     13
  1496588.00  4918039.00     9.00   6     14
  1496588.00  4918039.00     8.50   6     14
  1496588.00  4918039.00     8.00   6     14
  1496588.00  4918039.00     7.50   6     14
  1496588.00  4918039.00     7.00   6     14
  1496588.00  4918039.00     6.50   6     14
  1496588.00  4918039.00     6.00   6     14
  1496588.00  4918039.00     5.50   6     14
  1496588.00  4918039.00     5.00   6     14
  1496588.00  4918039.00     4.50   6     14
  1496588.00  4918039.00     4.00   6     14
  1496588.00  4918039.00     3.50   6     14
  1496588.00  4918039.00     3.00   6     14
  1496588.00  4918039.00     2.50   6     14
  1496588.00  4918039.00     2.00   6     14
  1496588.00  4918039.00     1.50   6     14
  1496588.00  4918039.00     1.00   6     15
  1496588.00  4918039.00     0.50   6     15
  1496588.00  4918039.00     0.00   6     16
  1496588.00  4918039.00    -0.50   6     16
  1496588.00  4918039.00    -1.00   6     16
  1496588.00  4918039.00    -1.50   6     16
  1496588.00  4918039.00    -2.00   6     16
  1496588.00  4918039.00    -2.50   6     16
  1496588.00  4918039.00    -3.00   6     16
  1496588.00  4918039.00    -3.50   6     16
  1496588.00  4918039.00    -4.00   6     16
  1496588.00  4918039.00    -4.50   6     16
  1496588.00  4918039.00    -5.00   6     16
  1496588.00  4918039.00    -5.50   6     16
  1496588.00  4918039.00    -6.00   6     16
  1496588.00  4918039.00    -6.50   6     16
  1496588.00  4918039.00    -7.00   6     16
  1496588.00  4918039.00    -7.50   6     16
  1496588.00  4918039.00    -8.00   6     16
  1496588.00  4918039.00    -8.50   6     16
  1496588.00  4918039.00    -9.00   6     16
  1496588.00  4918039.00    -9.50   6     16
  1496588.00  4918039.00   -10.00   6     16
  1496588.00  4918039.00   -10.50   6     16
  1496588.00  4918039.00   -11.00   6     16
  1496588.00  4918039.00   -11.50   5     17
  1496588.00  4918039.00   -12.00   5     17
  1496588.00  4918039.00   -12.50   5     17
  1496588.00  4918039.00   -13.20   5     18
  1496588.00  4918039.00   -13.70   5     18
  1496588.00  4918039.00   -14.20   5     18
  1496588.00  4918039.00   -14.70   5     18
  1496588.00  4918039.00   -15.20   5     18
  1496588.00  4918039.00   -15.70   5     18
  1496588.00  4918039.00   -16.20   5     18
  1496588.00  4918039.00   -16.70   5     18
  1496588.00  4918039.00   -17.20   5     18
  1496588.00  4918039.00   -17.70   5     18
  1496588.00  4918039.00   -18.20   5     18
  1496588.00  4918039.00   -18.70   5     18
  1496588.00  4918039.00   -19.20   5     18
  1496588.00  4918039.00   -19.70   5     18
  1496588.00  4918039.00   -20.20   5     18
  1496588.00  4918039.00   -20.70   5     18
  1496588.00  4918039.00   -21.20   5     18
  1496588.00  4918039.00   -21.70   5     18
  1496588.00  4918039.00   -22.20   5     18
  1496588.00  4918039.00   -22.70   5     18
  1496588.00  4918039.00   -23.20   5     18
  1496588.00  4918039.00   -23.70   5     18
  1496588.00  4918039.00   -24.20   5     18
  1496588.00  4918039.00   -24.50   5     19
  1496588.00  4918039.00   -25.00   5     19
  1496588.00  4918039.00   -25.50   5     19
  1496588.00  4918039.00   -26.00   5     19
  1496588.00  4918039.00   -26.50   5     19
  1496588.00  4918039.00   -27.00   5     19
  1496588.00  4918039.00   -27.50   5     19
  1496588.00  4918039.00   -28.00   5     19
  1495994.00  4916320.00     4.00   6     20
  1495994.00  4916320.00     3.50   6     20
  1495994.00  4916320.00     3.00   6     20
  1495994.00  4916320.00     2.50   6     20
  1495994.00  4916320.00     1.80   6     21
  1495994.00  4916320.00     1.30   6     21
  1495994.00  4916320.00     0.80   6     21
  1495994.00  4916320.00     0.10   6     22
  1495994.00  4916320.00    -0.40   6     22
  1495994.00  4916320.00    -0.90   6     22
  1495994.00  4916320.00    -1.40   6     22
  1495994.00  4916320.00    -1.90   6     22
  1495994.00  4916320.00    -2.40   6     22
  1495994.00  4916320.00    -3.00   6     23
  1495994.00  4916320.00    -3.50   6     23
  1495994.00  4916320.00    -4.00   6     23
  1495994.00  4916320.00    -4.50   6     23
  1495994.00  4916320.00    -5.00   6     24
  1495994.00  4916320.00    -5.50   6     24
  1495994.00  4916320.00    -6.00   6     24
  1495994.00  4916320.00    -6.50   6     24
  1495994.00  4916320.00    -7.00   6     25
  1495994.00  4916320.00    -7.50   6     25
  1497203.00  4920344.00    33.50   6     26
  1497203.00  4920344.00    33.00   6     26
  1497203.00  4920344.00    32.50   6     26
  1497203.00  4920344.00    32.00   6     26
  1497203.00  4920344.00    31.50   6     26
  1497203.00  4920344.00    31.00   6     26
  1497203.00  4920344.00    30.50   6     26
  1497203.00  4920344.00    30.00   6     26
  1497203.00  4920344.00    29.50   6     26
  1497203.00  4920344.00    29.00   6     26
  1497203.00  4920344.00    28.50   1     27
  1497203.00  4920344.00    28.00   1     27
  1497203.00  4920344.00    27.50   1     27
  1497203.00  4920344.00    27.00   1     27
  1497203.00  4920344.00    26.50   1     27
  1497203.00  4920344.00    26.00   1     27
  1497203.00  4920344.00    25.50   1     27
  1497203.00  4920344.00    25.00   1     27
  1497203.00  4920344.00    24.50   6     28
  1497203.00  4920344.00    24.00   6     28
  1497203.00  4920344.00    23.50   6     28
  1497203.00  4920344.00    23.00   6     28
  1497203.00  4920344.00    22.50   6     28
  1497203.00  4920344.00    22.00   6     28
  1497203.00  4920344.00    21.50   6     28
  1497203.00  4920344.00    21.00   6     28
  1497203.00  4920344.00    20.50   6     28
  1497203.00  4920344.00    20.00   6     28
  1497203.00  4920344.00    19.50   6     28
  1497203.00  4920344.00    19.00   6     28
  1497203.00  4920344.00    18.50   6     28
  1497203.00  4920344.00    18.00   6     28
  1497203.00  4920344.00    17.50   6     28
  1497203.00  4920344.00    17.00   6     28
  1497203.00  4920344.00    16.50   6     28
  1497203.00  4920344.00    16.00   6     28
  1497203.00  4920344.00    15.50   6     28
  1497203.00  4920344.00    15.00   6     28
  1497203.00  4920344.00    14.50   6     28
  1497203.00  4920344.00    14.00   6     28
  1497203.00  4920344.00    13.50   6     28
  1497203.00  4920344.00    13.00   6     28
  1497203.00  4920344.00    12.50   6     28
  1497203.00  4920344.00    12.00   6     28
  1497203.00  4920344.00    11.50   6     28
  1497203.00  4920344.00    10.80   6     29
  1497203.00  4920344.00    10.30   6     29
  1497203.00  4920344.00     9.80   6     29
  1497203.00  4920344.00     9.30   6     29
  1497203.00  4920344.00     8.80   6     29
  1497203.00  4920344.00     8.30   6     29
  1497203.00  4920344.00     7.80   6     29
  1497203.00  4920344.00     7.30   6     30
  1497203.00  4920344.00     6.80   6     30
  1497203.00  4920344.00     6.30   6     30
  1497203.00  4920344.00     5.80   6     30
  1497203.00  4920344.00     5.50   6     31
  1497203.00  4920344.00     5.00   6     31
  1497203.00  4920344.00     4.50   6     31
  1497203.00  4920344.00     4.00   6     31
  1497203.00  4920344.00     3.50   6     31
  1497203.00  4920344.00     3.00   6     31
  1497203.00  4920344.00     2.50   5     32
  1497203.00  4920344.00     2.00   5     32
  1495666.00  4916257.00     5.70   6     33
  1495666.00  4916257.00     5.20   6     33
  1495666.00  4916257.00     4.70   6     33
  1495666.00  4916257.00     4.20   6     33
  1495666.00  4916257.00     3.70   6     33
  1495666.00  4916257.00     3.20   6     33
  1495666.00  4916257.00     2.70   6     33
  1495666.00  4916257.00     2.20   6     33
  1495666.00  4916257.00     1.70   6     33
  1495666.00  4916257.00     1.20   6     33
  1495666.00  4916257.00     0.70   6     34
  1495666.00  4916257.00     0.20   6     34
  1495666.00  4916257.00    -0.30   6     34
  1495666.00  4916257.00    -0.80   6     34
  1495666.00  4916257.00    -1.30   6     34
  1495666.00  4916257.00    -1.80   6     34
  1495666.00  4916257.00    -2.30   6     34
  1495666.00  4916257.00    -2.80   6     34
  1495666.00  4916257.00    -3.10   6     35
  1495666.00  4916257.00    -3.60   6     35
  1495666.00  4916257.00    -4.10   6     35
  1495666.00  4916257.00    -4.60   6     36
  1495666.00  4916257.00    -5.10   6     36
  1495666.00  4916257.00    -5.60   6     36
  1495666.00  4916257.00    -6.10   6     36
  1495666.00  4916257.00    -6.60   6     36
  1495666.00  4916257.00    -6.90   6     37
  1495666.00  4916257.00    -7.40   6     37
  1495666.00  4916257.00    -7.90   6     38
  1495666.00  4916257.00    -8.40   6     38
  1495666.00  4916257.00    -8.90   6     38
  1495666.00  4916257.00    -9.40   6     38
  1495666.00  4916257.00    -9.90   6     38
  1495666.00  4916257.00   -10.40   6     38
  1495666.00  4916257.00   -10.90   6     38
  1495666.00  4916257.00   -11.40   6     38
  1495666.00  4916257.00   -11.90   6     38
  1495666.00  4916257.00   -12.40   6     38
  1495666.00  4916257.00   -12.90   6     38
  1495666.00  4916257.00   -13.40   6     38
  1495666.00  4916257.00   -13.90   6     38
  1495666.00  4916257.00   -14.40   6     38
  1495666.00  4916257.00   -14.90   6     38
  1495666.00  4916257.00   -15.40   6     38
  1495666.00  4916257.00   -15.90   6     38
  1495666.00  4916257.00   -16.40   6     38
  1495666.00  4916257.00   -16.90   6     38
  1495666.00  4916257.00   -17.40   1     39
  1495666.00  4916257.00   -17.90   1     39
  1495666.00  4916257.00   -18.20   6     40
  1495666.00  4916257.00   -18.70   6     40
  1495666.00  4916257.00   -19.20   6     40
  1495666.00  4916257.00   -19.70   6     40
  1495666.00  4916257.00   -20.20   6     40
  1495666.00  4916257.00   -20.70   6     40
  1495666.00  4916257.00   -21.20   6     40
  1495666.00  4916257.00   -21.70   6     40
  1495666.00  4916257.00   -22.20   6     41
  1495666.00  4916257.00   -22.70   6     41
  1495666.00  4916257.00   -23.20   6     41
  1495666.00  4916257.00   -23.70   6     41
  1495666.00  4916257.00   -24.20   6     41
  1495666.00  4916257.00   -24.70   6     41
  1495666.00  4916257.00   -25.20   6     41
  1495666.00  4916257.00   -25.70   6     41
  1495666.00  4916257.00   -26.20   6     41
  1496700.00  4917983.00    -0.50   6     42
  1496700.00  4917983.00    -1.00   6     42
  1496700.00  4917983.00    -1.50   6     42
  1496700.00  4917983.00    -2.00   6     42
  1496700.00  4917983.00    -2.50   6     42
  1496700.00  4917983.00    -3.00   6     42
  1496700.00  4917983.00    -3.50   6     43
  1496700.00  4917983.00    -4.00   6     43
  1496700.00  4917983.00    -4.40   6     44
  1496700.00  4917983.00    -4.90   6     44
  1496700.00  4917983.00    -5.40   6     44
  1496700.00  4917983.00    -5.90   6     44
  1496700.00  4917983.00    -6.40   6     44
  1496700.00  4917983.00    -6.90   6     44
  1496700.00  4917983.00    -7.40   6     44
  1496700.00  4917983.00    -8.00   6     45
  1496700.00  4917983.00    -8.50   6     45
  1496700.00  4917983.00    -9.00   6     45
  1496700.00  4917983.00    -9.50   6     45
  1496700.00  4917983.00   -10.00   6     45
  1496700.00  4917983.00   -10.50   6     45
  1496700.00  4917983.00   -11.00   6     45
  1496700.00  4917983.00   -11.50   6     45
  1496700.00  4917983.00   -12.00   6     45
  1496700.00  4917983.00   -12.50   6     45
  1496700.00  4917983.00   -13.00   6     46
  1496700.00  4917983.00   -13.50   6     46
  1496700.00  4917983.00   -14.00   6     46
  1496700.00  4917983.00   -14.50   6     46
  1496700.00  4917983.00   -15.00   6     46
  1496700.00  4917983.00   -15.50   6     47
  1496700.00  4917983.00   -16.00   6     47
  1496700.00  4917983.00   -16.50   6     47
  1496700.00  4917983.00   -17.00   6     48
  1496700.00  4917983.00   -17.70   6     49
  1496700.00  4917983.00   -18.20   6     49
  1496700.00  4917983.00   -18.70   6     49
  1496700.00  4917983.00   -19.20   6     49
  1496700.00  4917983.00   -19.70   6     49
  1496700.00  4917983.00   -20.20   6     49
  1496700.00  4917983.00   -20.70   6     49
  1496700.00  4917983.00   -21.20   6     49
  1496700.00  4917983.00   -21.70   6     49
  1496700.00  4917983.00   -22.20   6     49
  1496700.00  4917983.00   -22.70   6     49
  1496700.00  4917983.00   -23.20   6     49
  1496700.00  4917983.00   -23.70   6     49
  1496700.00  4917983.00   -24.20   6     49
  1496700.00  4917983.00   -24.80   5     50
  1496700.00  4917983.00   -25.30   5     50
  1496700.00  4917983.00   -25.80   5     50
  1496700.00  4917983.00   -26.30   5     50
  1496700.00  4917983.00   -26.80   5     50
  1496700.00  4917983.00   -27.30   5     50
  1496700.00  4917983.00   -27.80   5     50
  1496700.00  4917983.00   -28.30   5     50
  1497125.00  4917346.00    -0.50   4     51
  1497125.00  4917346.00    -1.00   4     51
  1497125.00  4917346.00    -1.50   4     51
  1497125.00  4917346.00    -2.00   4     51
  1497125.00  4917346.00    -2.50   6     52
  1497125.00  4917346.00    -3.00   6     52
  1497125.00  4917346.00    -3.50   6     52
  1497125.00  4917346.00    -4.00   6     52
  1497125.00  4917346.00    -4.50   6     52
  1497125.00  4917346.00    -5.00   6     52
  1497125.00  4917346.00    -5.50   6     52
  1497125.00  4917346.00    -6.00   6     52
  1497125.00  4917346.00    -6.50   6     52
  1497125.00  4917346.00    -7.00   6     52
  1497125.00  4917346.00    -7.50   6     52
  1497125.00  4917346.00    -8.00   6     52
  1497125.00  4917346.00    -8.50   6     52
  1497125.00  4917346.00    -9.00   6     52
  1497125.00  4917346.00    -9.50   6     53
  1497125.00  4917346.00   -10.00   6     53
  1497125.00  4917346.00   -10.50   6     54
  1497125.00  4917346.00   -11.00   6     54
  1497125.00  4917346.00   -11.50   6     54
  1497125.00  4917346.00   -12.00   6     54
  1497125.00  4917346.00   -12.50   6     54
  1497125.00  4917346.00   -13.00   6     54
  1497125.00  4917346.00   -13.50   6     54
  1497125.00  4917346.00   -14.00   6     54
  1497125.00  4917346.00   -14.50   6     54
  1497125.00  4917346.00   -15.00   6     54
  1497125.00  4917346.00   -15.50   6     54
  1497125.00  4917346.00   -15.80   1     55
  1497125.00  4917346.00   -16.30   1     55
  1497125.00  4917346.00   -16.80   1     55
  1497125.00  4917346.00   -17.50   6     56
  1497125.00  4917346.00   -18.00   6     56
  1497125.00  4917346.00   -18.50   6     56
  1497125.00  4917346.00   -19.00   6     56
  1497125.00  4917346.00   -19.50   6     56
  1497125.00  4917346.00   -20.00   6     56
  1497125.00  4917346.00   -20.50   6     56
  1497125.00  4917346.00   -21.00   6     56
  1497125.00  4917346.00   -21.50   6     56
  1497125.00  4917346.00   -22.00   6     56
  1497125.00  4917346.00   -22.50   6     56
  1497125.00  4917346.00   -23.00   6     56
  1497125.00  4917346.00   -23.50   1     57
  1497125.00  4917346.00   -24.00   1     57
  1497125.00  4917346.00   -24.50   6     58
  1497125.00  4917346.00   -25.00   6     58
  1497125.00  4917346.00   -25.50   6     58
  1497125.00  4917346.00   -26.00   6     58
  1497125.00  4917346.00   -26.50   6     58
  1497125.00  4917346.00   -27.00   6     58
  1497125.00  4917346.00   -27.50   6     58
  1497125.00  4917346.00   -28.00   6     58
  1497125.00  4917346.00   -28.50   6     58
  1497125.00  4917346.00   -29.00   6     58
  1497125.00  4917346.00   -29.50   6     58
  1497125.00  4917346.00   -30.00   6     58
  1497125.00  4917346.00   -30.50   6     58
  1497125.00  4917346.00   -31.00   6     58
  1497125.00  4917346.00   -31.50   6     58
  1497125.00  4917346.00   -32.00   6     58
  1497125.00  4917346.00   -32.50   6     58
  1497125.00  4917346.00   -33.00   6     58
  1497125.00  4917346.00   -33.50   6     58
  1497125.00  4917346.00   -33.80   5     59
  1497125.00  4917346.00   -34.30   5     59
  1497125.00  4917346.00   -34.80   5     59
  1497125.00  4917346.00   -35.30   5     59
  1497125.00  4917346.00   -35.80   5     59
  1496125.00  4917135.00     9.80   4     60
  1496125.00  4917135.00     9.30   4     60
  1496125.00  4917135.00     8.80   4     60
  1496125.00  4917135.00     8.30   4     60
  1496125.00  4917135.00     7.80   4     60
  1496125.00  4917135.00     7.30   4     60
  1496125.00  4917135.00     6.80   4     60
  1496125.00  4917135.00     6.30   4     60
  1496125.00  4917135.00     5.80   4     60
  1496125.00  4917135.00     5.30   4     60
  1496125.00  4917135.00     4.80   6     61
  1496125.00  4917135.00     4.30   6     61
  1496125.00  4917135.00     3.80   6     61
  1496125.00  4917135.00     3.30   6     61
  1496125.00  4917135.00     2.80   6     61
  1496125.00  4917135.00     2.30   6     61
  1496125.00  4917135.00     1.80   6     61
  1496125.00  4917135.00     1.30   6     61
  1496125.00  4917135.00     0.80   6     62
  1496125.00  4917135.00     0.30   6     62
  1496125.00  4917135.00    -0.20   6     62
  1496125.00  4917135.00    -0.70   6     63
  1496125.00  4917135.00    -1.20   1     64
  1496125.00  4917135.00    -1.70   1     64
  1496125.00  4917135.00    -2.20   6     65
  1496125.00  4917135.00    -2.70   6     65
  1496125.00  4917135.00    -3.20   6     65
  1496125.00  4917135.00    -3.70   6     65
  1496125.00  4917135.00    -4.20   6     65
  1496125.00  4917135.00    -4.70   6     65
  1496125.00  4917135.00    -5.20   6     65
  1496125.00  4917135.00    -5.70   6     65
  1496125.00  4917135.00    -6.20   6     65
  1496125.00  4917135.00    -6.70   6     65
  1496125.00  4917135.00    -7.20   6     66
  1496125.00  4917135.00    -7.70   6     66
  1496125.00  4917135.00    -8.20   6     66
  1496125.00  4917135.00    -8.70   6     66
  1496125.00  4917135.00    -9.20   6     66
  1496125.00  4917135.00    -9.70   6     66
  1496125.00  4917135.00   -10.20   6     66
  1496125.00  4917135.00   -10.70   6     66
  1496125.00  4917135.00   -11.20   6     66
  1496125.00  4917135.00   -11.70   6     66
  1496125.00  4917135.00   -12.20   6     66
  1496125.00  4917135.00   -12.70   6     66
  1496125.00  4917135.00   -13.20   6     66
  1496125.00  4917135.00   -13.70   6     66
  1496125.00  4917135.00   -14.20   6     67
  1496125.00  4917135.00   -14.70   6     67
  1496125.00  4917135.00   -15.20   1     68
  1496125.00  4917135.00   -15.70   1     68
  1496125.00  4917135.00   -16.20   1     68
  1496125.00  4917135.00   -16.70   1     68
  1496125.00  4917135.00   -17.20   1     68
  1496125.00  4917135.00   -17.70   1     68
  1496269.00  4917135.00     8.50   4     69
  1496269.00  4917135.00     8.00   4     69
  1496269.00  4917135.00     7.50   1     70
  1496269.00  4917135.00     7.00   1     70
  1496269.00  4917135.00     6.50   1     70
  1496269.00  4917135.00     6.00   6     71
  1496269.00  4917135.00     5.50   6     72
  1496269.00  4917135.00     5.00   6     72
  1496269.00  4917135.00     4.50   6     72
  1496269.00  4917135.00     4.00   6     72
  1496269.00  4917135.00     3.50   6     72
  1496269.00  4917135.00     3.00   6     72
  1496269.00  4917135.00     2.50   6     72
  1496269.00  4917135.00     2.00   6     72
  1496269.00  4917135.00     1.50   6     72
  1496269.00  4917135.00     1.00   6     72
  1496269.00  4917135.00     0.50   6     72
  1496269.00  4917135.00     0.00   6     72
  1496269.00  4917135.00    -0.50   6     72
  1496269.00  4917135.00    -1.00   6     72
  1496269.00  4917135.00    -1.50   6     72
  1496269.00  4917135.00    -2.00   6     72
  1496269.00  4917135.00    -2.50   6     72
  1496269.00  4917135.00    -3.00   6     72
  1496269.00  4917135.00    -3.50   6     73
  1496269.00  4917135.00    -4.00   6     73
  1496269.00  4917135.00    -4.50   6     73
  1496269.00  4917135.00    -5.00   6     73
  1496269.00  4917135.00    -5.50   6     73
  1496269.00  4917135.00    -6.00   6     73
  1496269.00  4917135.00    -6.50   6     73
  1496269.00  4917135.00    -7.00   6     73
  1496269.00  4917135.00    -7.50   6     73
  1496269.00  4917135.00    -8.00   6     73
  1496269.00  4917135.00    -8.50   6     73
  1496269.00  4917135.00    -9.00   6     73
  1496269.00  4917135.00    -9.50   6     74
  1496269.00  4917135.00   -10.00   6     74
  1496269.00  4917135.00   -10.50   6     74
  1496269.00  4917135.00   -11.00   6     74
  1496269.00  4917135.00   -11.50   1     75
  1496269.00  4917135.00   -12.00   1     75
  1496269.00  4917135.00   -12.50   1     75
  1496269.00  4917135.00   -13.00   1     75
  1496269.00  4917135.00   -13.50   6     76
  1496269.00  4917135.00   -14.00   6     76
  1496269.00  4917135.00   -14.50   6     76
  1496269.00  4917135.00   -15.00   6     76
  1496269.00  4917135.00   -15.50   6     76
  1496269.00  4917135.00   -16.00   6     76
  1496269.00  4917135.00   -16.50   6     76
  1496269.00  4917135.00   -17.00   6     76
  1496269.00  4917135.00   -17.50   6     76
  1496269.00  4917135.00   -18.00   6     76
  1496269.00  4917135.00   -18.50   6     76
  1496269.00  4917135.00   -19.00   6     76
  1496269.00  4917135.00   -19.50   6     76
  1496269.00  4917135.00   -20.00   6     76
  1496269.00  4917135.00   -20.50   6     76
  1496269.00  4917135.00   -21.00   6     76
  1496269.00  4917135.00   -21.50   6     76
  1496269.00  4917135.00   -22.00   6     76
  1496269.00  4917135.00   -22.50   6     76
  1496269.00  4917135.00   -23.00   6     76
  1496269.00  4917135.00   -23.50   6     76
  1496269.00  4917135.00   -24.00   6     76
  1496269.00  4917135.00   -24.50   6     76
  1496269.00  4917135.00   -25.00   6     76
  1496269.00  4917135.00   -25.50   6     76
  1496269.00  4917135.00   -26.00   6     76
  1496269.00  4917135.00   -26.50   6     76
  1496269.00  4917135.00   -27.00   6     76
  1496269.00  4917135.00   -27.50   6     76
  1496269.00  4917135.00   -28.00   6     76
  1496269.00  4917135.00   -28.50   6     76
  1496269.00  4917135.00   -29.00   6     76
  1496269.00  4917135.00   -29.50   6     76
  1496269.00  4917135.00   -30.00   6     76
  1496269.00  4917135.00   -30.50   1     77
  1496269.00  4917135.00   -31.00   1     77
  1496269.00  4917135.00   -31.50   1     77
  1496269.00  4917135.00   -32.00   1     77
  1496269.00  4917135.00   -32.50   1     77
  1496269.00  4917135.00   -33.00   1     77
  1496269.00  4917135.00   -33.50   6     78
  1496269.00  4917135.00   -34.00   6     78
  1496269.00  4917135.00   -34.50   1     79
  1496340.00  4917101.00     8.60   4     80
  1496340.00  4917101.00     8.10   4     80
  1496340.00  4917101.00     7.60   4     80
  1496340.00  4917101.00     7.10   4     80
  1496340.00  4917101.00     6.60   4     80
  1496340.00  4917101.00     6.10   4     80
  1496340.00  4917101.00     5.60   6     81
  1496340.00  4917101.00     5.10   6     81
  1496340.00  4917101.00     4.60   6     81
  1496340.00  4917101.00     4.10   6     81
  1496340.00  4917101.00     3.60   6     81
  1496340.00  4917101.00     3.10   6     81
  1496340.00  4917101.00     2.60   6     81
  1496340.00  4917101.00     2.10   6     82
  1496340.00  4917101.00     1.60   6     82
  1496340.00  4917101.00     1.10   6     82
  1496340.00  4917101.00     0.60   6     82
  1496340.00  4917101.00     0.10   6     82
  1496340.00  4917101.00    -0.40   6     82
  1496340.00  4917101.00    -0.90   6     82
  1496340.00  4917101.00    -1.40   6     82
  1496340.00  4917101.00    -1.90   6     82
  1496340.00  4917101.00    -2.40   6     82
  1496340.00  4917101.00    -2.90   6     82
  1496340.00  4917101.00    -3.40   6     82
  1496340.00  4917101.00    -3.90   6     82
  1496340.00  4917101.00    -4.40   6     82
  1496340.00  4917101.00    -4.90   6     82
  1496340.00  4917101.00    -5.40   6     82
  1496340.00  4917101.00    -5.90   6     82
  1496340.00  4917101.00    -6.40   1     83
  1496340.00  4917101.00    -6.90   1     83
  1496340.00  4917101.00    -7.40   1     83
  1496340.00  4917101.00    -7.90   1     83
  1496340.00  4917101.00    -8.40   1     83
  1496340.00  4917101.00    -8.90   1     83
  1496340.00  4917101.00    -9.40   1     83
  1496340.00  4917101.00    -9.90   1     83
  1496340.00  4917101.00   -10.40   1     83
  1496340.00  4917101.00   -10.90   1     83
  1496340.00  4917101.00   -11.40   1     83
  1496340.00  4917101.00   -11.90   1     83
  1496340.00  4917101.00   -12.40   1     83
  1496340.00  4917101.00   -12.90   6     84
  1496340.00  4917101.00   -13.40   6     84
  1496340.00  4917101.00   -13.90   6     84
  1496340.00  4917101.00   -14.40   6     84
  1496340.00  4917101.00   -14.90   6     84
  1496340.00  4917101.00   -15.40   6     84
  1496340.00  4917101.00   -15.90   6     84
  1496340.00  4917101.00   -16.40   6     84
  1496340.00  4917101.00   -16.90   6     84
  1496340.00  4917101.00   -17.40   6     84
  1496340.00  4917101.00   -17.90   6     84
  1496340.00  4917101.00   -18.40   6     84
  1496340.00  4917101.00   -18.90   6     84
  1496340.00  4917101.00   -19.40   6     84
  1496340.00  4917101.00   -19.90   6     84
  1496340.00  4917101.00   -20.40   6     84
  1496340.00  4917101.00   -20.90   6     84
  1496340.00  4917101.00   -21.40   6     84
  1496340.00  4917101.00   -21.90   6     84
  1496340.00  4917101.00   -22.40   6     84
  1496340.00  4917101.00   -22.90   6     84
  1496340.00  4917101.00   -23.40   6     84
  1496340.00  4917101.00   -23.90   6     84
  1496340.00  4917101.00   -24.40   6     84
  1496340.00  4917101.00   -24.90   6     84
  1496340.00  4917101.00   -25.40   6     84
  1496340.00  4917101.00   -25.90   6     84
  1496340.00  4917101.00   -26.40   6     84
  1496340.00  4917101.00   -26.90   6     84
  1496340.00  4917101.00   -27.40   6     84
  1496340.00  4917101.00   -27.90   6     84
  1496340.00  4917101.00   -28.40   6     84
  1496340.00  4917101.00   -28.90   6     84
  1496340.00  4917101.00   -29.40   6     84
  1496340.00  4917101.00   -29.90   6     84
  1496340.00  4917101.00   -30.40   6     84
  1496340.00  4917101.00   -30.90   6     84
  1496340.00  4917101.00   -31.40   6     84
  1496340.00  4917101.00   -31.70   1     85
  1496340.00  4917101.00   -32.20   1     85
  1496340.00  4917101.00   -32.70   1     85
  1496075.00  4916520.00     5.40   4     86
  1496075.00  4916520.00     4.90   4     86
  1496075.00  4916520.00     4.40   4     86
  1496075.00  4916520.00     3.90   4     86
  1496075.00  4916520.00     3.40   4     86
  1496075.00  4916520.00     2.90   4     86
  1496075.00  4916520.00     2.40   4     86
  1496075.00  4916520.00     1.90   4     86
  1496075.00  4916520.00     1.40   4     86
  1496075.00  4916520.00     0.90   4     86
  1496075.00  4916520.00     0.40   4     86
  1496075.00  4916520.00    -0.10   4     86
  1496075.00  4916520.00    -0.60   4     86
  1496075.00  4916520.00    -1.10   6     87
  1496075.00  4916520.00    -1.60   6     87
  1496075.00  4916520.00    -2.10   6     87
  1496075.00  4916520.00    -2.60   6     87
  1496075.00  4916520.00    -3.10   6     87
  1496075.00  4916520.00    -3.60   6     87
  1496075.00  4916520.00    -4.10   6     87
  1496075.00  4916520.00    -4.60   6     87
  1496075.00  4916520.00    -5.10   6     87
  1496075.00  4916520.00    -5.60   6     87
  1496075.00  4916520.00    -6.10   6     87
  1496075.00  4916520.00    -6.50   1     88
  1496075.00  4916520.00    -7.00   1     88
  1496075.00  4916520.00    -7.50   1     88
  1496075.00  4916520.00    -8.00   1     88
  1496075.00  4916520.00    -8.60   6     89
  1496075.00  4916520.00    -9.10   6     89
  1496075.00  4916520.00    -9.60   6     89
  1496075.00  4916520.00   -10.10   6     89
  1496075.00  4916520.00   -10.60   1     90
  1496075.00  4916520.00   -11.10   1     90
  1496075.00  4916520.00   -11.60   1     90
  1496075.00  4916520.00   -12.10   1     90
  1496075.00  4916520.00   -12.60   1     90
  1496075.00  4916520.00   -13.10   1     90
  1496075.00  4916520.00   -13.60   1     90
  1496075.00  4916520.00   -14.10   1     90
  1496075.00  4916520.00   -14.60   1     90
  1496075.00  4916520.00   -15.10   1     90
  1496075.00  4916520.00   -15.60   6     91
  1496075.00  4916520.00   -16.10   6     91
  1496075.00  4916520.00   -16.60   6     91
  1496075.00  4916520.00   -17.10   6     91
  1496075.00  4916520.00   -17.60   6     91
  1496075.00  4916520.00   -18.10   6     91
  1496075.00  4916520.00   -18.60   6     91
  1496075.00  4916520.00   -19.10   6     91
  1496075.00  4916520.00   -19.60   6     91
  1496075.00  4916520.00   -20.10   6     91
  1496075.00  4916520.00   -20.60   1     92
  1496075.00  4916520.00   -21.10   1     92
  1496075.00  4916520.00   -21.60   1     92
  1496075.00  4916520.00   -22.10   1     92
  1496075.00  4916520.00   -22.60   1     92
  1496075.00  4916520.00   -23.10   1     92
  1496075.00  4916520.00   -23.60   1     92
  1496075.00  4916520.00   -24.10   6     93
  1496075.00  4916520.00   -24.60   6     93
  1496075.00  4916520.00   -25.10   6     93
  1496075.00  4916520.00   -25.60   6     93
  1496075.00  4916520.00   -26.10   6     93
  1496075.00  4916520.00   -26.60   6     93
  1496075.00  4916520.00   -27.10   6     93
  1496075.00  4916520.00   -27.60   6     93
  1496075.00  4916520.00   -28.10   6     93
  1496075.00  4916520.00   -28.60   6     93
  1496075.00  4916520.00   -29.10   6     93
  1496075.00  4916520.00   -29.60   1     94
  1496075.00  4916520.00   -30.10   1     94
  1496075.00  4916520.00   -30.60   1     94
  1496075.00  4916520.00   -31.10   1     94
  1496075.00  4916520.00   -31.60   6     95
  1496075.00  4916520.00   -32.10   6     95
  1496075.00  4916520.00   -32.60   6     95
  1496075.00  4916520.00   -33.10   6     95
  1496075.00  4916520.00   -33.60   6     95
  1496075.00  4916520.00   -34.10   6     95
  1496075.00  4916520.00   -34.60   6     95
  1496075.00  4916520.00   -35.10   6     95
  1496075.00  4916520.00   -35.40   1     96
  1496075.00  4916520.00   -35.90   1     96
  1496075.00  4916520.00   -36.40   1     96
  1496075.00  4916520.00   -36.90   1     96
  1496075.00  4916520.00   -37.40   1     96
  1496075.00  4916520.00   -37.90   1     96
  1496454.00  4917580.00    11.60   4     97
  1496454.00  4917580.00    11.10   4     97
  1496454.00  4917580.00    10.60   4     97
  1496454.00  4917580.00    10.10   4     97
  1496454.00  4917580.00     9.60   1     98
  1496454.00  4917580.00     9.10   1     98
  1496454.00  4917580.00     8.60   1     98
  1496454.00  4917580.00     8.10   1     98
  1496454.00  4917580.00     7.60   1     98
  1496454.00  4917580.00     7.10   1     98
  1496454.00  4917580.00     6.60   1     98
  1496454.00  4917580.00     6.10   1     98
  1496454.00  4917580.00     5.60   1     98
  1496454.00  4917580.00     5.10   1     98
  1496454.00  4917580.00     4.60   1     98
  1496454.00  4917580.00     4.10   1     98
  1496454.00  4917580.00     3.60   1     98
  1496454.00  4917580.00     3.10   1     98
  1496454.00  4917580.00     2.60   6     99
  1496454.00  4917580.00     2.10   6     99
  1496454.00  4917580.00     1.60   6     99
  1496454.00  4917580.00     1.10   6     99
  1496454.00  4917580.00     0.60   6     99
  1496454.00  4917580.00     0.10   6     99
  1496454.00  4917580.00    -0.40   6     99
  1496454.00  4917580.00    -0.90   6     99
  1496454.00  4917580.00    -1.40   6     99
  1496454.00  4917580.00    -1.90   6     99
  1496454.00  4917580.00    -2.40   6     99
  1496454.00  4917580.00    -2.90   6     99
  1496454.00  4917580.00    -3.40   6     99
  1496454.00  4917580.00    -3.90   6     99
  1496454.00  4917580.00    -4.40   1    100
  1496454.00  4917580.00    -4.90   1    100
  1496454.00  4917580.00    -5.40   1    100
  1496454.00  4917580.00    -5.90   1    100
  1496454.00  4917580.00    -6.40   1    100
  1496454.00  4917580.00    -6.90   1    100
  1496454.00  4917580.00    -7.40   1    100
  1496454.00  4917580.00    -7.90   1    100
  1496454.00  4917580.00    -8.40   1    100
  1496454.00  4917580.00    -8.90   1    100
  1496454.00  4917580.00    -9.40   1    100
  1496454.00  4917580.00    -9.90   6    101
  1496454.00  4917580.00   -10.40   6    101
  1496454.00  4917580.00   -10.90   6    101
  1496454.00  4917580.00   -11.40   6    101
  1496454.00  4917580.00   -11.90   6    101
  1496454.00  4917580.00   -12.40   1    102
  1496454.00  4917580.00   -12.90   1    102
  1496454.00  4917580.00   -13.40   1    102
  1496454.00  4917580.00   -13.90   1    102
  1496454.00  4917580.00   -14.40   1    102
  1496454.00  4917580.00   -14.90   1    102
  1496454.00  4917580.00   -15.40   1    102
  1496454.00  4917580.00   -15.90   1    102
  1496454.00  4917580.00   -16.40   1    102
  1496454.00  4917580.00   -16.90   1    102
  1496454.00  4917580.00   -17.40   1    102
  1496454.00  4917580.00   -17.90   1    102
  1496454.00  4917580.00   -18.40   1    102
  1496454.00  4917580.00   -18.90   1    102
  1496454.00  4917580.00   -19.40   6    103
  1496454.00  4917580.00   -19.90   6    103
  1496454.00  4917580.00   -20.40   6    104
  1496454.00  4917580.00   -20.90   6    104
  1496454.00  4917580.00   -21.40   6    104
  1496454.00  4917580.00   -21.90   6    104
  1496454.00  4917580.00   -22.40   6    104
  1496454.00  4917580.00   -22.90   6    104
  1496454.00  4917580.00   -23.40   6    104
  1496454.00  4917580.00   -23.90   6    104
  1496454.00  4917580.00   -24.40   6    104
  1496454.00  4917580.00   -24.90   6    104
  1496454.00  4917580.00   -25.40   6    104
  1496454.00  4917580.00   -25.90   6    104
  1496454.00  4917580.00   -26.40   6    105
  1496454.00  4917580.00   -26.90   6    105
  1496454.00  4917580.00   -27.40   6    105
  1496454.00  4917580.00   -27.90   6    105
  1496454.00  4917580.00   -28.40   6    105
  1496454.00  4917580.00   -28.90   6    105
  1496454.00  4917580.00   -29.20   1    106
  1496454.00  4917580.00   -29.70   1    106
  1496454.00  4917580.00   -30.20   1    106
  1496454.00  4917580.00   -30.70   1    106
  1496454.00  4917580.00   -31.20   1    106
  1496454.00  4917580.00   -31.70   1    106
  1496450.00  4917148.00     8.30   4    107
  1496450.00  4917148.00     7.80   4    107
  1496450.00  4917148.00     7.10   1    108
  1496450.00  4917148.00     6.60   1    108
  1496450.00  4917148.00     6.10   1    108
  1496450.00  4917148.00     5.60   1    108
  1496450.00  4917148.00     5.10   1    108
  1496450.00  4917148.00     4.60   1    108
  1496450.00  4917148.00     4.10   1    108
  1496450.00  4917148.00     3.60   1    108
  1496450.00  4917148.00     3.10   1    108
  1496450.00  4917148.00     2.60   1    108
  1496450.00  4917148.00     2.10   1    108
  1496450.00  4917148.00     1.60   1    108
  1496450.00  4917148.00     1.30   6    109
  1496450.00  4917148.00     0.80   6    109
  1496450.00  4917148.00     0.30   6    109
  1496450.00  4917148.00    -0.20   6    109
  1496450.00  4917148.00    -0.70   6    109
  1496450.00  4917148.00    -1.20   6    109
  1496450.00  4917148.00    -1.70   6    109
  1496450.00  4917148.00    -2.20   6    109
  1496450.00  4917148.00    -2.70   6    109
  1496450.00  4917148.00    -3.20   6    109
  1496450.00  4917148.00    -3.70   6    109
  1496450.00  4917148.00    -4.20   6    109
  1496450.00  4917148.00    -4.70   6    110
  1496450.00  4917148.00    -5.20   6    110
  1496450.00  4917148.00    -5.70   6    111
  1496450.00  4917148.00    -6.20   6    111
  1496450.00  4917148.00    -6.70   6    111
  1496450.00  4917148.00    -7.20   6    111
  1496450.00  4917148.00    -7.70   6    111
  1496450.00  4917148.00    -8.20   6    111
  1496450.00  4917148.00    -8.70   6    111
  1496450.00  4917148.00    -9.20   6    111
  1496450.00  4917148.00    -9.70   1    112
  1496450.00  4917148.00   -10.20   1    112
  1496450.00  4917148.00   -10.70   1    112
  1496450.00  4917148.00   -11.20   1    112
  1496450.00  4917148.00   -11.70   1    112
  1496450.00  4917148.00   -12.20   1    112
  1496450.00  4917148.00   -12.70   6    113
  1496450.00  4917148.00   -13.20   6    113
  1496450.00  4917148.00   -13.70   6    113
  1496450.00  4917148.00   -14.20   6    113
  1496450.00  4917148.00   -14.70   6    113
  1496450.00  4917148.00   -15.20   6    113
  1496450.00  4917148.00   -15.70   6    113
  1496450.00  4917148.00   -16.20   6    113
  1496450.00  4917148.00   -16.70   6    113
  1496450.00  4917148.00   -17.20   6    113
  1496450.00  4917148.00   -17.70   6    113
  1496450.00  4917148.00   -18.20   6    113
  1496450.00  4917148.00   -18.70   6    113
  1496450.00  4917148.00   -19.20   6    113
  1496450.00  4917148.00   -19.70   6    113
  1496450.00  4917148.00   -20.20   6    113
  1496450.00  4917148.00   -20.70   6    114
  1496450.00  4917148.00   -21.20   6    114
  1496450.00  4917148.00   -21.70   6    114
  1496450.00  4917148.00   -22.20   6    114
  1496450.00  4917148.00   -22.70   6    114
  1496450.00  4917148.00   -23.20   6    114
  1496450.00  4917148.00   -23.70   6    114
  1496450.00  4917148.00   -24.20   6    114
  1496450.00  4917148.00   -24.70   6    114
  1496450.00  4917148.00   -25.20   6    114
  1496450.00  4917148.00   -25.70   6    114
  1496450.00  4917148.00   -26.20   6    114
  1496450.00  4917148.00   -26.70   6    114
  1496450.00  4917148.00   -27.20   6    114
  1496450.00  4917148.00   -27.70   6    114
  1496450.00  4917148.00   -28.20   6    114
  1496450.00  4917148.00   -28.70   6    115
  1496450.00  4917148.00   -29.20   6    115
  1496450.00  4917148.00   -29.70   6    115
  1496450.00  4917148.00   -30.20   6    115
  1496450.00  4917148.00   -30.70   6    115
  1496450.00  4917148.00   -31.20   6    115
  1496450.00  4917148.00   -31.70   1    116
  1496450.00  4917148.00   -32.20   1    116
  1496450.00  4917148.00   -32.70   1    116
  1496450.00  4917148.00   -33.20   1    116
  1496450.00  4917148.00   -33.70   1    116
  1496450.00  4917148.00   -34.20   1    116
  1496450.00  4917148.00   -34.70   1    116
  1496450.00  4917148.00   -35.20   6    117
  1496450.00  4917148.00   -35.70   5    118
  1495586.00  4917100.00    -0.50   4    119
  1495586.00  4917100.00    -1.00   6    120
  1495586.00  4917100.00    -1.50   6    120
  1495586.00  4917100.00    -2.00   6    120
  1495586.00  4917100.00    -2.50   6    120
  1495586.00  4917100.00    -3.00   6    120
  1495586.00  4917100.00    -3.50   6    120
  1495586.00  4917100.00    -4.00   6    120
  1495586.00  4917100.00    -4.50   6    120
  1495586.00  4917100.00    -5.00   6    120
  1495586.00  4917100.00    -5.50   6    120
  1495586.00  4917100.00    -6.00   6    120
  1495586.00  4917100.00    -6.50   6    120
  1495586.00  4917100.00    -7.00   6    120
  1495586.00  4917100.00    -7.50   6    120
  1495586.00  4917100.00    -8.00   6    120
  1495586.00  4917100.00    -8.50   6    120
  1495586.00  4917100.00    -9.00   6    120
  1495586.00  4917100.00    -9.50   6    120
  1495586.00  4917100.00   -10.00   6    120
  1495586.00  4917100.00   -10.50   6    120
  1495586.00  4917100.00   -11.00   6    120
  1495586.00  4917100.00   -11.50   6    120
  1495586.00  4917100.00   -12.00   6    120
  1495586.00  4917100.00   -12.50   6    120
  1495586.00  4917100.00   -13.00   6    120
  1495586.00  4917100.00   -13.50   6    120
  1495586.00  4917100.00   -14.00   6    120
  1495586.00  4917100.00   -14.50   6    121
  1495586.00  4917100.00   -15.00   6    121
  1495586.00  4917100.00   -15.50   6    121
  1495586.00  4917100.00   -16.00   6    121
  1495586.00  4917100.00   -16.50   6    121
  1495586.00  4917100.00   -17.00   6    121
  1495586.00  4917100.00   -17.50   6    121
  1495586.00  4917100.00   -18.00   6    121
  1495586.00  4917100.00   -18.50   6    121
  1495586.00  4917100.00   -19.00   6    121
  1495586.00  4917100.00   -19.50   6    121
  1495586.00  4917100.00   -20.00   6    121
  1495586.00  4917100.00   -20.50   6    121
  1495586.00  4917100.00   -21.00   6    121
  1495586.00  4917100.00   -21.50   6    121
  1495586.00  4917100.00   -22.00   6    121
  1495586.00  4917100.00   -22.50   6    121
  1495586.00  4917100.00   -23.00   6    121
  1495586.00  4917100.00   -23.50   6    121
  1495586.00  4917100.00   -24.00   6    121
  1495586.00  4917100.00   -24.50   6    121
  1495586.00  4917100.00   -25.00   6    121
  1495586.00  4917100.00   -25.50   6    121
  1495586.00  4917100.00   -26.00   6    121
  1495586.00  4917100.00   -26.50   6    121
  1495586.00  4917100.00   -27.00   6    121
  1495586.00  4917100.00   -27.50   6    121
  1495586.00  4917100.00   -28.00   6    121
  1495586.00  4917100.00   -28.50   6    121
  1495586.00  4917100.00   -29.00   6    121
  1495586.00  4917100.00   -29.50   6    121
  1496542.00  4917705.00    -0.50   6    122
  1496542.00  4917705.00    -1.00   6    122
  1496542.00  4917705.00    -1.50   6    123
  1496542.00  4917705.00    -2.00   6    123
  1496542.00  4917705.00    -2.50   6    123
  1496542.00  4917705.00    -3.00   6    123
  1496542.00  4917705.00    -3.50   6    123
  1496542.00  4917705.00    -4.00   6    123
  1496542.00  4917705.00    -4.50   6    123
  1496542.00  4917705.00    -5.00   6    123
  1496542.00  4917705.00    -5.50   6    123
  1496542.00  4917705.00    -5.80   6    124
  1496542.00  4917705.00    -6.30   6    124
  1496542.00  4917705.00    -6.80   6    124
  1496542.00  4917705.00    -7.30   6    124
  1496542.00  4917705.00    -7.80   6    124
  1496542.00  4917705.00    -8.30   6    124
  1496542.00  4917705.00    -8.80   6    124
  1496542.00  4917705.00    -9.30   6    124
  1496542.00  4917705.00    -9.80   6    124
  1496542.00  4917705.00   -10.30   6    124
  1496542.00  4917705.00   -10.80   6    124
  1496542.00  4917705.00    -0.50   6    125
  1496542.00  4917705.00    -1.00   6    125
  1496542.00  4917705.00    -1.50   6    125
  1496542.00  4917705.00    -2.00   6    125
  1496542.00  4917705.00    -2.50   6    125
  1496542.00  4917705.00    -3.00   6    125
  1496542.00  4917705.00    -3.50   6    125
  1496542.00  4917705.00    -4.00   6    126
  1496542.00  4917705.00    -4.50   6    126
  1496542.00  4917705.00    -5.00   6    126
  1496542.00  4917705.00    -5.50   6    126
  1496542.00  4917705.00    -6.00   6    126
  1496542.00  4917705.00    -6.50   6    126
  1496542.00  4917705.00    -7.00   6    126
  1496542.00  4917705.00    -7.50   6    126
  1496542.00  4917705.00    -8.00   6    126
  1496542.00  4917705.00    -8.50   6    126
  1496542.00  4917705.00    -9.00   6    126
  1496542.00  4917705.00    -9.50   6    126
  1496542.00  4917705.00   -10.00   6    126
  1496542.00  4917705.00   -10.50   6    126
  1496542.00  4917705.00   -11.00   6    126
  1496542.00  4917705.00   -11.50   6    126
  1496542.00  4917705.00   -12.00   6    126
  1496542.00  4917705.00   -12.50   6    126
  1496542.00  4917705.00   -13.00   6    126
  1496542.00  4917705.00   -13.50   6    126
  1496542.00  4917705.00   -14.00   6    126
  1496542.00  4917705.00   -14.70   6    128
  1496542.00  4917705.00   -15.20   6    128
  1496542.00  4917705.00   -15.70   6    128
  1496542.00  4917705.00   -16.20   6    128
  1496542.00  4917705.00   -16.70   6    128
  1496542.00  4917705.00   -17.20   6    128
  1496542.00  4917705.00   -17.70   6    128
  1496542.00  4917705.00    -0.50   6    129
  1496542.00  4917705.00    -1.00   6    129
  1496542.00  4917705.00    -1.50   6    129
  1496542.00  4917705.00    -2.00   6    129
  1496542.00  4917705.00    -2.50   6    129
  1496542.00  4917705.00    -3.00   6    129
  1496542.00  4917705.00    -3.50   6    129
  1496542.00  4917705.00    -4.00   6    129
  1496542.00  4917705.00    -4.50   6    130
  1496542.00  4917705.00    -5.00   6    130
  1496542.00  4917705.00    -0.50   6    131
  1496542.00  4917705.00    -1.00   6    131
  1496542.00  4917705.00    -1.50   6    131
  1496542.00  4917705.00    -2.00   6    131
  1496542.00  4917705.00    -2.50   6    131
  1496542.00  4917705.00    -3.00   6    131
  1496542.00  4917705.00    -3.50   6    131
  1496542.00  4917705.00    -4.00   6    131
  1496542.00  4917705.00    -4.50   6    131
  1496542.00  4917705.00    -5.00   6    131
  1496542.00  4917705.00    -5.50   6    131
  1496542.00  4917705.00    -6.00   6    131
  1496542.00  4917705.00    -6.50   6    131
  1496542.00  4917705.00    -7.00   6    131
  1496542.00  4917705.00    -7.50   6    131
  1496542.00  4917705.00    -5.50   6    132
  1496542.00  4917705.00    -0.50   6    133
  1496542.00  4917705.00    -1.00   6    133
  1496542.00  4917705.00    -1.50   6    133
  1496542.00  4917705.00    -2.00   6    133
  1496542.00  4917705.00    -2.50   6    133
  1496542.00  4917705.00    -3.00   6    133
  1496542.00  4917705.00    -3.50   6    133
  1496542.00  4917705.00    -4.00   6    133
  1496542.00  4917705.00    -4.50   6    133
  1496542.00  4917705.00    -5.00   6    133
  1496542.00  4917705.00    -5.50   6    133
  1496542.00  4917705.00    -6.00   6    133
  1496542.00  4917705.00    -6.50   6    133
  1496542.00  4917705.00    -7.00   6    133
  1496542.00  4917705.00    -7.50   6    133
  1496542.00  4917705.00    -8.00   6    133
  1496542.00  4917705.00    -8.50   6    133
  1496542.00  4917705.00    -9.00   6    133
  1496542.00  4917705.00    -5.80   6    134
  1496542.00  4917705.00    -6.30   6    134
  1496542.00  4917705.00    -6.80   6    134
  1496542.00  4917705.00    -7.30   6    134
  1496542.00  4917705.00    -7.80   6    134
  1496542.00  4917705.00    -8.30   6    134
  1496542.00  4917705.00    -8.80   6    134
  1496542.00  4917705.00    -9.30   6    134
  1496542.00  4917705.00    -9.80   6    134
  1496542.00  4917705.00   -10.30   6    134
  1496542.00  4917705.00   -10.80   6    134
  1496542.00  4917705.00   -11.30   6    134
  1496542.00  4917705.00   -11.80   6    134
  1496542.00  4917705.00   -12.30   6    134
  1496542.00  4917705.00   -12.80   6    134
  1496542.00  4917705.00   -13.30   6    134
  1496542.00  4917705.00   -13.80   6    134
  1496542.00  4917705.00   -14.30   6    134
  1496542.00  4917705.00   -14.80   6    134
  1496542.00  4917705.00   -15.30   6    134
  1496542.00  4917705.00   -15.80   6    134
  1496542.00  4917705.00   -16.30   6    134
  1496542.00  4917705.00   -16.80   6    134
  1495600.00  4916725.00    -2.20   4    135
  1495600.00  4916725.00    -2.70   4    135
  1495600.00  4916725.00    -3.20   4    135
  1495600.00  4916725.00    -3.70   4    135
  1495600.00  4916725.00    -4.20   4    135
  1495600.00  4916725.00     6.60   6    136
  1495600.00  4916725.00     6.10   6    136
  1495600.00  4916725.00     5.60   6    136
  1495600.00  4916725.00     5.10   6    136
  1495600.00  4916725.00     4.60   6    136
  1495600.00  4916725.00     4.10   6    136
  1495600.00  4916725.00     3.60   6    136
  1495600.00  4916725.00     3.10   6    136
  1495600.00  4916725.00     2.60   6    136
  1495600.00  4916725.00     2.10   6    136
  1495600.00  4916725.00     1.60   6    136
  1495600.00  4916725.00     1.10   6    136
  1495600.00  4916725.00     0.60   6    136
  1495600.00  4916725.00     0.10   6    136
  1495600.00  4916725.00    -0.40   6    136
  1495600.00  4916725.00    -0.90   6    136
  1495600.00  4916725.00    -1.40   6    136
  1495600.00  4916725.00    -1.90   6    136
  1495600.00  4916725.00    -2.40   6    136
  1495600.00  4916725.00    -2.90   6    136
  1495600.00  4916725.00    -3.40   6    136
  1495600.00  4916725.00    -3.90   6    136
  1495600.00  4916725.00    -4.40   6    136
  1495600.00  4916725.00    -4.90   6    136
  1495600.00  4916725.00    -5.40   6    136
  1495600.00  4916725.00    -5.90   6    136
  1495600.00  4916725.00    -6.40   6    136
  1495600.00  4916725.00    -6.90   6    136
  1495600.00  4916725.00    -7.40   6    136
  1495600.00  4916725.00    -7.90   6    136
  1495600.00  4916725.00    -8.40   6    136
  1495600.00  4916725.00    -8.90   6    136
  1495600.00  4916725.00     0.20   6    137
  1495600.00  4916725.00    -0.30   6    137
  1495600.00  4916725.00    -0.80   6    137
  1495600.00  4916725.00    -1.30   6    137
  1495600.00  4916725.00    -1.80   6    137
  1495600.00  4916725.00    -2.30   6    137
  1495600.00  4916725.00    -2.80   6    137
  1495600.00  4916725.00    -3.30   6    137
  1495600.00  4916725.00    -3.80   6    137
  1495600.00  4916725.00    -4.30   6    137
  1495600.00  4916725.00    -4.80   6    137
  1495600.00  4916725.00    -5.30   6    137
  1495600.00  4916725.00    -5.80   6    137
  1495600.00  4916725.00    -6.30   6    137
  1495600.00  4916725.00    -6.80   6    137
  1495600.00  4916725.00    -7.30   6    137
  1495600.00  4916725.00    -7.80   6    137
  1495600.00  4916725.00    -8.30   6    137
  1495600.00  4916725.00    -8.80   6    137
  1495600.00  4916725.00    -9.30   6    137
  1495600.00  4916725.00    -9.80   6    137
  1495600.00  4916725.00    -9.20   6    138
  1495600.00  4916725.00    -9.70   6    138
  1495600.00  4916725.00   -10.20   6    138
  1495600.00  4916725.00   -10.70   6    138
  1495600.00  4916725.00   -11.20   6    138
  1495600.00  4916725.00   -11.70   6    138
  1495600.00  4916725.00   -12.20   6    138
  1495600.00  4916725.00   -12.70   6    138
  1495600.00  4916725.00   -13.20   6    138
  1495600.00  4916725.00   -13.70   6    138
  1495600.00  4916725.00   -14.20   6    138
  1495600.00  4916725.00   -14.70   6    138
  1495600.00  4916725.00   -10.50   2    139
  1495600.00  4916725.00   -11.00   2    139
  1495600.00  4916725.00   -11.50   2    139
  1495600.00  4916725.00   -12.00   2    139
  1495600.00  4916725.00   -12.50   2    139
  1495600.00  4916725.00   -13.00   2    139
  1495600.00  4916725.00   -13.50   2    139
  1495600.00  4916725.00   -14.00   2    139
  1495600.00  4916725.00   -14.50   2    139
  1495600.00  4916725.00   -15.00   2    139
  1495600.00  4916725.00   -15.50   2    139
  1495600.00  4916725.00   -16.00   2    139
  1495600.00  4916725.00   -16.50   2    139
  1495600.00  4916725.00   -17.00   2    139
  1495600.00  4916725.00   -17.50   2    139
  1495600.00  4916725.00   -18.00   2    139
  1495600.00  4916725.00   -18.50   2    139
  1495600.00  4916725.00   -19.00   2    139
  1490020.00  4917260.00   -22.50   4    140
  1490020.00  4917260.00   -23.00   4    140
  1490020.00  4917260.00   -23.50   4    140
  1490020.00  4917260.00   -24.00   4    140
  1490020.00  4917260.00   -24.50   4    140
  1490020.00  4917260.00   -25.00   4    140
  1490020.00  4917260.00   -25.50   4    140
  1490020.00  4917260.00   -26.00   4    140
  1490020.00  4917260.00   -26.50   4    140
  1490020.00  4917260.00   -27.00   4    140
  1490020.00  4917260.00   -27.50   4    140
  1490020.00  4917260.00   -28.00   4    140
  1490020.00  4917260.00   -28.50   4    140
  1490020.00  4917260.00   -29.00   4    140
  1490020.00  4917260.00   -29.50   4    140
  1490020.00  4917260.00   -30.00   4    140
  1490020.00  4917260.00   -30.50   4    140
  1490020.00  4917260.00   -31.00   4    140
  1490020.00  4917260.00   -31.50   4    140
  1490020.00  4917260.00   -32.00   4    140
  1490020.00  4917260.00   -32.50   4    140
  1490020.00  4917260.00   -33.00   4    140
  1490020.00  4917260.00   -33.50   4    140
  1490020.00  4917260.00   -34.00   4    140
  1490020.00  4917260.00   -34.50   4    140
  1490020.00  4917260.00   -35.00   4    140
  1490020.00  4917260.00   -35.50   4    140
  1490020.00  4917260.00   -36.00   4    140
  1490020.00  4917260.00   -36.50   4    140
  1490020.00  4917260.00   -37.00   4    140
  1490020.00  4917260.00   -37.50   4    140
  1490020.00  4917260.00   -38.00   4    140
  1490020.00  4917260.00   -38.50   4    140
  1490020.00  4917260.00   -39.00   4    140
  1490020.00  4917260.00   -39.50   4    140
  1490020.00  4917260.00   -40.00   4    140
  1490020.00  4917260.00   -40.50   4    140
  1490020.00  4917260.00    -0.50   6    141
  1490020.00  4917260.00    -1.00   6    141
  1490020.00  4917260.00    -1.50   6    141
  1490020.00  4917260.00    -2.00   6    141
  1490020.00  4917260.00    -2.50   6    141
  1490020.00  4917260.00    -3.00   6    141
  1490020.00  4917260.00    -3.50   6    141
  1490020.00  4917260.00    -4.00   6    141
  1490020.00  4917260.00    -4.50   6    141
  1490020.00  4917260.00    -5.00   6    141
  1490020.00  4917260.00    -5.50   6    141
  1490020.00  4917260.00    -6.00   6    141
  1490020.00  4917260.00    -6.50   6    141
  1490020.00  4917260.00    -7.00   6    141
  1490020.00  4917260.00    -7.50   6    141
  1490020.00  4917260.00    -4.00   6    142
  1490020.00  4917260.00    -4.50   6    142
  1490020.00  4917260.00    -5.00   6    142
  1490020.00  4917260.00    -5.50   6    142
  1490020.00  4917260.00    -6.00   6    142
  1490020.00  4917260.00    -6.50   6    142
  1490020.00  4917260.00    -7.00   6    142
  1490020.00  4917260.00    -7.50   6    142
  1490020.00  4917260.00    -8.00   6    142
  1490020.00  4917260.00    -8.50   6    142
  1490020.00  4917260.00    -7.80   5    143
  1490020.00  4917260.00    -8.30   5    143
  1490020.00  4917260.00    -8.80   5    143
  1490020.00  4917260.00    -9.30   5    143
  1490020.00  4917260.00    -9.80   5    143
  1490020.00  4917260.00   -10.30   5    143
  1490020.00  4917260.00   -10.80   5    143
  1490020.00  4917260.00   -11.30   5    143
  1490020.00  4917260.00   -11.80   5    143
  1490020.00  4917260.00   -12.30   5    143
  1490020.00  4917260.00   -12.80   5    143
  1490020.00  4917260.00   -13.30   5    143
  1490020.00  4917260.00   -13.80   5    143
  1490020.00  4917260.00   -14.30   5    143
  1490020.00  4917260.00   -14.80   5    143
  1490020.00  4917260.00   -15.30   5    143
  1490020.00  4917260.00   -15.80   5    143
  1490020.00  4917260.00   -16.30   5    143
  1490020.00  4917260.00   -16.80   5    143
  1490020.00  4917260.00   -17.30   5    143
  1490020.00  4917260.00   -17.80   5    143
  1490020.00  4917260.00   -18.30   5    143
  1490020.00  4917260.00   -18.80   5    143
  1490020.00  4917260.00   -19.30   5    143
  1490020.00  4917260.00   -19.80   5    143
  1490020.00  4917260.00   -20.30   5    143
  1490020.00  4917260.00    -9.20   4    144
  1490020.00  4917260.00    -9.70   4    144
  1490020.00  4917260.00   -10.20   4    144
  1490020.00  4917260.00   -10.70   4    144
  1490020.00  4917260.00   -11.20   4    144
  1490020.00  4917260.00   -11.70   4    144
  1490020.00  4917260.00   -12.20   4    144
  1490020.00  4917260.00   -12.70   4    144
  1490020.00  4917260.00   -13.20   4    144
  1490020.00  4917260.00   -13.70   4    144
  1490020.00  4917260.00   -14.20   4    144
  1490020.00  4917260.00   -14.70   4    144
  1490020.00  4917260.00   -15.20   4    144
  1490020.00  4917260.00    -0.50   6    145
  1490020.00  4917260.00    -1.00   6    145
  1490020.00  4917260.00    -1.50   6    145
  1490020.00  4917260.00    -2.00   6    145
  1490020.00  4917260.00    -2.50   6    145
  1490020.00  4917260.00    -3.00   6    145
  1490020.00  4917260.00    -3.50   6    145
  1490020.00  4917260.00    -2.80   5    146
  1490020.00  4917260.00    -3.30   5    146
  1490020.00  4917260.00    -3.80   5    146
  1490020.00  4917260.00    -4.30   5    146
  1490020.00  4917260.00    -4.80   5    146
  1490020.00  4917260.00    -5.30   5    146
  1490020.00  4917260.00    -5.80   5    146
  1490020.00  4917260.00    -6.30   5    146
  1490020.00  4917260.00    -6.80   5    146
  1490020.00  4917260.00    -7.30   5    146
  1490020.00  4917260.00    -7.80   5    146
  1490020.00  4917260.00    -8.30   5    146
  1490020.00  4917260.00    -8.80   5    146
  1490020.00  4917260.00    -9.30   5    146
  1490020.00  4917260.00    -9.80   5    146
  1496020.00  4917260.00    -4.20   4    147
  1496020.00  4917260.00    -4.70   4    147
  1496020.00  4917260.00    -0.50   6    148
  1496020.00  4917260.00    -1.00   6    148
  1496020.00  4917260.00    -1.50   6    148
  1496020.00  4917260.00    -2.00   6    148
  1496020.00  4917260.00    -2.50   6    148
  1496020.00  4917260.00    -3.00   6    148
  1496020.00  4917260.00    -3.50   6    148
  1496020.00  4917260.00    -4.00   6    148
  1496020.00  4917260.00    -3.00   5    149
  1496020.00  4917260.00    -3.50   5    149
  1496020.00  4917260.00    -4.00   5    149
  1496020.00  4917260.00    -4.50   5    149
  1496020.00  4917260.00    -5.00   5    149
  1496020.00  4917260.00    -5.50   5    149
  1496020.00  4917260.00    -6.00   5    149
  1496020.00  4917260.00    -6.50   5    149
  1496020.00  4917260.00    -7.00   5    149
  1496020.00  4917260.00    -7.50   5    149
  1496020.00  4917260.00    -8.00   5    149
  1496020.00  4917260.00    -8.50   5    149
  1496020.00  4917260.00    -4.40   4    150
  1496020.00  4917260.00    -4.90   4    150
  1496020.00  4917260.00    -5.40   4    150
  1496020.00  4917260.00    -5.90   4    150
  1496020.00  4917260.00    -0.50   6    151
  1496020.00  4917260.00    -1.00   6    151
  1496020.00  4917260.00    -1.50   6    151
  1496020.00  4917260.00    -2.00   6    151
  1496020.00  4917260.00    -2.50   6    151
  1496020.00  4917260.00    -3.00   6    151
  1496020.00  4917260.00    -3.50   6    151
  1496020.00  4917260.00    -4.00   6    151
  1496020.00  4917260.00    -4.50   6    151
  1496020.00  4917260.00    -5.00   6    151
  1496020.00  4917260.00    -5.50   6    151
  1496020.00  4917260.00    -6.00   6    151
  1496020.00  4917260.00    -6.50   6    151
  1496020.00  4917260.00    -7.00   6    151
  1496020.00  4917260.00    -7.50   6    151
  1496020.00  4917260.00    -6.20   5    152
  1496020.00  4917260.00    -6.70   5    152
  1496020.00  4917260.00    -7.20   5    152
  1496020.00  4917260.00    -7.70   5    152
  1496020.00  4917260.00    -8.20   5    152
  1496020.00  4917260.00    -8.70   5    152
  1496020.00  4917260.00    -9.20   5    152
  1496020.00  4917260.00    -9.70   5    152
  1496020.00  4917260.00    -7.90   5    153
  1496020.00  4917260.00    -8.40   5    153
  1496020.00  4917260.00    -8.90   5    153
  1496020.00  4917260.00    -9.40   5    153
  1496020.00  4917260.00    -9.90   5    153
  1496020.00  4917260.00   -10.40   5    153
  1496020.00  4917260.00   -10.90   5    153
  1496020.00  4917260.00   -11.40   5    153
  1496020.00  4917260.00   -11.90   5    153
  1496020.00  4917260.00   -10.20   4    154
  1496020.00  4917260.00   -10.70   4    154
  1496020.00  4917260.00   -11.20   4    154
  1496020.00  4917260.00   -11.70   4    154
  1496020.00  4917260.00   -12.20   4    154
  1496020.00  4917260.00   -12.70   4    154
  1496020.00  4917260.00   -13.20   4    154
  1496020.00  4917260.00   -13.70   4    154
  1496020.00  4917260.00   -14.20   4    154
  1496020.00  4917260.00   -14.70   4    154
  1496020.00  4917260.00   -15.20   4    154
  1496020.00  4917260.00   -15.70   4    154
  1496020.00  4917260.00   -16.20   4    154
  1496020.00  4917260.00    -0.50   6    155
  1496020.00  4917260.00    -1.00   6    155
  1496020.00  4917260.00    -1.50   6    155
  1496020.00  4917260.00    -2.00   6    155
  1496020.00  4917260.00    -2.50   6    155
  1496020.00  4917260.00    -3.00   6    155
  1496020.00  4917260.00    -3.50   6    155
  1496020.00  4917260.00    -4.00   6    155
  1496020.00  4917260.00    -4.50   6    155
  1496020.00  4917260.00    -5.00   6    155
  1496020.00  4917260.00    -3.50   6    156
  1496020.00  4917260.00    -4.00   6    156
  1496020.00  4917260.00    -4.50   6    156
  1496020.00  4917260.00    -5.00   6    156
  1496020.00  4917260.00    -5.50   6    156
  1496020.00  4917260.00    -6.00   6    156
  1496020.00  4917260.00    -6.50   6    156
  1496020.00  4917260.00    -7.00   6    156
  1496020.00  4917260.00    -7.50   6    156
  1496020.00  4917260.00    -8.00   6    156
  1496020.00  4917260.00    -8.50   6    156
  1496020.00  4917260.00    -5.60   5    157
  1496020.00  4917260.00    -6.10   5    157
  1496020.00  4917260.00    -6.60   5    157
  1496020.00  4917260.00    -7.10   5    157
  1496020.00  4917260.00    -7.60   5    157
  1496020.00  4917260.00    -8.10   5    157
  1496020.00  4917260.00    -8.60   5    157
  1496020.00  4917260.00    -9.10   5    157
  1496020.00  4917260.00    -9.60   5    157
  1496020.00  4917260.00   -10.10   5    157
  1496020.00  4917260.00   -10.60   5    157
  1496020.00  4917260.00   -11.10   5    157
  1496020.00  4917260.00   -11.60   5    157
  1496020.00  4917260.00   -12.10   5    157
  1496020.00  4917260.00   -12.60   5    157
  1496020.00  4917260.00    -9.20   4    158
  1496020.00  4917260.00    -9.70   4    158
  1496020.00  4917260.00   -10.20   4    158
  1496020.00  4917260.00   -10.70   4    158
  1496020.00  4917260.00   -11.20   4    158
  1496020.00  4917260.00   -11.70   4    158
  1496020.00  4917260.00   -12.20   4    158
  1496020.00  4917260.00   -12.70   4    158
  1496020.00  4917260.00   -13.20   4    158
  1496020.00  4917260.00    -0.50   6    159
  1496020.00  4917260.00    -1.00   6    159
  1496020.00  4917260.00    -1.50   6    159
  1496020.00  4917260.00    -2.00   6    159
  1496020.00  4917260.00    -2.50   6    159
  1496020.00  4917260.00    -3.00   6    159
  1496020.00  4917260.00    -3.50   6    159
  1496020.00  4917260.00    -4.00   6    159
  1496020.00  4917260.00    -4.50   6    159
  1496020.00  4917260.00    -5.00   6    159
  1496020.00  4917260.00    -5.50   6    159
  1496020.00  4917260.00    -4.80   6    160
  1496020.00  4917260.00    -5.30   6    160
  1496020.00  4917260.00    -5.80   6    160
  1496020.00  4917260.00    -5.90   6    161
  1496020.00  4917260.00    -6.40   6    161
  1496020.00  4917260.00    -6.90   6    161
  1496020.00  4917260.00    -7.40   6    161
  1496020.00  4917260.00    -7.90   6    161
  1496020.00  4917260.00    -6.50   6    162
  1496020.00  4917260.00    -7.00   6    162
  1496020.00  4917260.00    -7.50   6    162
  1496020.00  4917260.00    -8.00   6    162
  1496020.00  4917260.00    -8.50   6    162
  1496020.00  4917260.00    -9.00   6    162
  1496020.00  4917260.00    -9.50   6    162
  1496020.00  4917260.00   -10.00   6    162
  1496020.00  4917260.00    -8.40   6    163
  1496020.00  4917260.00    -8.90   6    163
  1496020.00  4917260.00    -9.40   6    163
  1496020.00  4917260.00    -9.90   6    163
  1496020.00  4917260.00   -10.40   6    163
  1496020.00  4917260.00   -10.90   6    163
  1496020.00  4917260.00   -11.40   6    163
  1496020.00  4917260.00   -11.90   6    163
  1496020.00  4917260.00   -12.40   6    163
  1496020.00  4917260.00   -12.90   6    163
  1496020.00  4917260.00   -13.40   6    163
  1496020.00  4917260.00   -13.90   6    163
  1496020.00  4917260.00   -10.30   6    164
  1496020.00  4917260.00   -10.80   6    164
  1496020.00  4917260.00   -11.30   6    164
  1496020.00  4917260.00   -11.80   6    164
  1496020.00  4917260.00   -12.30   6    164
  1496020.00  4917260.00   -12.80   6    164
  1496020.00  4917260.00   -13.30   6    164
  1496020.00  4917260.00   -13.80   6    164
  1496020.00  4917260.00   -14.20   6    165
  1496020.00  4917260.00   -14.70   6    165
  1496020.00  4917260.00   -15.20   6    165
  1496020.00  4917260.00   -15.70   6    165
  1496020.00  4917260.00   -16.20   6    165
  1496020.00  4917260.00   -14.40   5    166
  1496020.00  4917260.00   -14.90   5    166
  1496020.00  4917260.00   -15.40   5    166
  1496020.00  4917260.00   -15.90   5    166
  1496020.00  4917260.00   -16.40   5    166
  1496020.00  4917260.00   -16.90   5    166
  1496020.00  4917260.00   -17.40   5    166
  1496020.00  4917260.00   -17.90   5    166
  1496020.00  4917260.00   -18.40   5    166
  1496020.00  4917260.00   -18.90   5    166
  1496020.00  4917260.00   -19.40   5    166
  1496020.00  4917260.00   -19.90   5    166
  1496020.00  4917260.00   -16.70   4    167
  1496020.00  4917260.00   -17.20   4    167
  1496020.00  4917260.00   -17.70   4    167
  1496020.00  4917260.00   -18.20   4    167
  1496020.00  4917260.00   -18.70   4    167
  1496020.00  4917260.00   -19.20   4    167
  1496020.00  4917260.00   -19.70   4    167
  1496020.00  4917260.00   -20.20   4    167
  1496020.00  4917260.00   -20.70   4    167
  1496020.00  4917260.00   -21.20   4    167
  1496020.00  4917260.00   -21.70   4    167
  1496020.00  4917260.00   -22.20   4    167
  1496020.00  4917260.00   -22.70   4    167
  1496020.00  4917260.00   -23.20   4    167
  1496020.00  4917260.00    -0.50   6    168
  1496020.00  4917260.00    -1.00   6    168
  1496020.00  4917260.00    -1.50   6    168
  1496020.00  4917260.00    -2.00   6    168
  1496020.00  4917260.00    -2.50   6    168
  1496020.00  4917260.00    -3.00   6    168
  1496020.00  4917260.00    -3.50   6    168
  1496020.00  4917260.00    -4.00   6    168
  1496020.00  4917260.00    -4.50   6    168
  1496020.00  4917260.00    -5.00   6    168
  1496020.00  4917260.00    -5.50   6    168
  1496020.00  4917260.00    -6.00   6    168
  1496020.00  4917260.00    -6.50   6    168
  1496020.00  4917260.00    -7.00   6    168
  1496020.00  4917260.00    -7.50   6    168
  1496020.00  4917260.00    -8.00   6    168
  1496020.00  4917260.00    -8.50   6    168
  1496020.00  4917260.00    -9.00   6    168
  1496020.00  4917260.00    -9.50   6    168
  1496020.00  4917260.00   -10.00   6    168
  1496020.00  4917260.00   -10.50   6    168
  1496020.00  4917260.00   -11.00   6    168
  1496020.00  4917260.00   -11.50   6    168
  1496020.00  4917260.00   -12.00   6    168
  1496020.00  4917260.00   -12.50   6    168
  1496020.00  4917260.00   -13.00   6    168
  1496020.00  4917260.00   -13.50   6    168
  1496020.00  4917260.00   -14.00   6    168
  1496020.00  4917260.00   -14.50   6    168
  1496020.00  4917260.00   -15.00   6    168
  1496020.00  4917260.00   -15.50   6    168
  1496020.00  4917260.00   -16.00   6    168
  1496020.00  4917260.00   -16.50   6    168
  1496020.00  4917260.00   -17.00   6    168
  1496020.00  4917260.00   -17.50   6    168
  1496020.00  4917260.00   -18.00   6    168
  1496020.00  4917260.00    -9.50   6    169
  1496020.00  4917260.00   -10.00   6    169
  1496020.00  4917260.00   -10.50   6    169
  1496020.00  4917260.00   -11.00   6    169
  1496020.00  4917260.00   -11.50   6    169
  1496020.00  4917260.00   -12.00   6    169
  1496020.00  4917260.00   -12.50   6    169
  1496020.00  4917260.00   -13.00   6    169
  1496020.00  4917260.00   -13.50   6    169
  1496020.00  4917260.00   -14.00   6    169
  1496020.00  4917260.00   -14.50   6    169
  1496020.00  4917260.00   -15.00   6    169
  1496020.00  4917260.00   -15.50   6    169
  1496020.00  4917260.00   -16.00   6    169
  1496020.00  4917260.00   -16.50   6    169
  1496020.00  4917260.00   -17.00   6    169
  1496020.00  4917260.00   -17.50   6    169
  1496020.00  4917260.00   -18.00   6    169
  1496020.00  4917260.00   -18.50   6    169
  1496020.00  4917260.00   -19.00   6    169
  1496020.00  4917260.00   -19.50   6    169
  1496020.00  4917260.00   -20.00   6    169
  1496020.00  4917260.00   -18.30   6    170
  1496020.00  4917260.00   -18.80   6    170
  1496020.00  4917260.00   -19.30   6    170
  1496020.00  4917260.00   -19.80   6    170
  1496020.00  4917260.00   -20.30   6    170
  1496020.00  4917260.00   -20.80   6    170
  1496020.00  4917260.00   -21.30   6    170
  1496020.00  4917260.00   -21.80   6    170
  1496020.00  4917260.00   -22.30   6    170
  1496020.00  4917260.00   -20.50   6    171
  1496020.00  4917260.00   -21.00   6    171
  1496020.00  4917260.00   -21.50   6    171
  1496020.00  4917260.00   -22.00   6    171
  1496020.00  4917260.00   -22.50   6    171
  1496020.00  4917260.00   -23.00   6    171
  1496020.00  4917260.00   -23.50   6    171
  1496020.00  4917260.00   -24.00   6    171
  1496020.00  4917260.00   -24.50   6    171
  1496020.00  4917260.00   -25.00   6    171
  1496020.00  4917260.00   -22.60   6    172
  1496020.00  4917260.00   -23.10   6    172
  1496020.00  4917260.00   -23.60   6    172
  1496020.00  4917260.00   -24.10   6    172
  1496020.00  4917260.00   -24.60   6    172
  1496020.00  4917260.00   -25.10   6    172
  1496020.00  4917260.00   -25.60   6    172
  1496020.00  4917260.00   -25.70   6    173
  1496020.00  4917260.00   -26.20   6    173
  1496020.00  4917260.00   -26.70   6    173
  1496020.00  4917260.00   -27.20   6    173
  1496020.00  4917260.00   -26.20   6    174
  1496020.00  4917260.00   -26.70   6    174
  1496020.00  4917260.00   -27.20   6    174
  1496020.00  4917260.00   -27.70   6    174
  1496020.00  4917260.00   -28.20   6    174
  1496020.00  4917260.00   -28.70   6    174
  1496020.00  4917260.00   -29.20   6    174
  1496020.00  4917260.00   -29.70   6    174
  1496020.00  4917260.00   -30.10   6    176
  1496020.00  4917260.00   -30.70   6    178
  1496020.00  4917260.00   -31.20   6    178
  1496020.00  4917260.00   -31.90   6    179
  1496020.00  4917260.00   -32.70   5    181
  1496020.00  4917260.00   -33.20   5    181
  1496020.00  4917260.00   -33.70   5    181
  1496020.00  4917260.00   -34.20   5    181
  1496020.00  4917260.00   -34.70   5    181
  1496020.00  4917260.00   -35.20   5    181
  1496020.00  4917260.00   -35.70   5    181
  1496020.00  4917260.00   -36.20   5    181
  1496020.00  4917260.00   -36.70   5    181
  1496020.00  4917260.00   -37.20   5    181
  1496020.00  4917260.00   -37.70   5    181
  1496020.00  4917260.00   -38.20   5    181
  1496020.00  4917260.00    -0.50   4    182
  1496020.00  4917260.00    -1.00   4    182
  1496020.00  4917260.00    -1.50   4    182
  1496020.00  4917260.00    -2.00   4    182
  1496020.00  4917260.00    -2.50   4    182
  1496020.00  4917260.00    -3.00   4    182
  1496020.00  4917260.00    -3.50   4    182
  1496020.00  4917260.00    -4.00   4    182
  1496020.00  4917260.00    -4.50   4    182
  1496020.00  4917260.00    -4.80   6    183
  1496020.00  4917260.00    -5.30   6    183
  1496020.00  4917260.00    -5.80   6    183
  1496020.00  4917260.00    -6.30   6    183
  1496020.00  4917260.00    -6.80   6    183
  1496020.00  4917260.00    -7.30   6    183
  1496020.00  4917260.00    -7.80   6    183
  1496020.00  4917260.00    -8.30   6    183
  1496020.00  4917260.00    -8.80   6    183
  1496020.00  4917260.00    -9.30   6    183
  1496020.00  4917260.00    -9.80   6    183
  1496020.00  4917260.00   -10.30   6    183
  1496020.00  4917260.00   -10.80   6    183
  1496020.00  4917260.00   -11.30   6    183
  1496020.00  4917260.00   -11.80   6    183
  1496020.00  4917260.00   -12.30   6    183
  1496020.00  4917260.00   -12.80   6    183
  1496020.00  4917260.00   -13.30   6    183
  1496020.00  4917260.00   -13.60   6    184
  1496020.00  4917260.00   -14.10   6    184
  1496020.00  4917260.00   -14.60   6    184
  1496020.00  4917260.00   -15.10   6    184
  1496020.00  4917260.00   -15.60   6    184
  1496020.00  4917260.00   -16.10   6    184
  1496020.00  4917260.00   -16.60   6    185
  1496020.00  4917260.00   -17.10   6    185
  1496020.00  4917260.00   -17.60   6    185
  1496020.00  4917260.00   -18.10   6    185
  1496020.00  4917260.00   -18.80   6    186
  1496020.00  4917260.00   -19.30   6    186
  1496020.00  4917260.00   -19.80   6    186
  1496020.00  4917260.00   -20.30   6    186
  1496020.00  4917260.00   -20.80   6    186
  1496020.00  4917260.00    -0.50   4    187
  1496020.00  4917260.00    -1.00   4    187
  1496020.00  4917260.00    -1.50   4    187
  1496020.00  4917260.00    -2.00   4    187
  1496020.00  4917260.00    -2.50   4    187
  1496020.00  4917260.00    -3.00   4    187
  1496020.00  4917260.00    -3.50   4    187
  1496020.00  4917260.00    -4.10   6    188
  1496020.00  4917260.00    -4.60   6    188
  1496020.00  4917260.00    -5.10   6    188
  1496020.00  4917260.00    -5.50   6    189
  1496020.00  4917260.00    -6.00   6    189
  1496020.00  4917260.00    -6.50   6    189
  1496020.00  4917260.00    -7.00   6    189
  1496020.00  4917260.00    -7.50   6    189
  1496020.00  4917260.00    -8.00   6    189
  1496020.00  4917260.00    -8.50   6    189
  1496020.00  4917260.00    -9.00   6    189
  1496020.00  4917260.00    -9.50   6    189
  1496020.00  4917260.00   -10.00   6    189
  1496020.00  4917260.00   -10.50   6    189
  1496020.00  4917260.00   -11.00   6    189
  1496020.00  4917260.00   -11.50   6    190
  1496020.00  4917260.00   -12.00   6    190
  1496020.00  4917260.00   -12.50   6    190
  1496020.00  4917260.00   -13.00   6    190
  1496020.00  4917260.00   -13.50   6    190
  1496020.00  4917260.00   -14.20   6    191
  1496020.00  4917260.00   -14.70   6    191
  1496020.00  4917260.00   -15.20   6    191
  1496020.00  4917260.00   -15.70   6    191
  1496020.00  4917260.00   -16.20   6    191
  1496020.00  4917260.00   -16.70   6    191
  1496020.00  4917260.00   -17.20   6    191
  1496020.00  4917260.00   -17.70   6    191
  1496020.00  4917260.00   -18.20   6    191
  1496020.00  4917260.00   -18.70   6    191
  1496020.00  4917260.00   -19.20   6    191
  1496020.00  4917260.00   -19.80   6    192
  1496020.00  4917260.00   -20.30   6    192
  1496020.00  4917260.00   -20.80   6    192
  1496020.00  4917260.00   -21.30   6    192
  1496020.00  4917260.00   -21.60   6    193
  1496020.00  4917260.00   -22.10   6    193
  1496020.00  4917260.00   -22.60   6    193
  1496020.00  4917260.00   -23.10   6    193
  1496020.00  4917260.00   -23.60   6    193
  1496020.00  4917260.00   -24.10   6    193
  1496020.00  4917260.00   -24.60   6    193
  1496020.00  4917260.00   -25.10   6    193
  1496020.00  4917260.00   -25.60   6    193
  1496020.00  4917260.00   -26.20   5    194
  1496020.00  4917260.00   -26.70   5    194
  1496020.00  4917260.00   -27.20   5    194
  1496020.00  4917260.00   -27.70   5    194
  1496020.00  4917260.00   -28.20   5    194
  1496020.00  4917260.00   -28.70   5    194
  1496020.00  4917260.00    -0.50   4    195
  1496020.00  4917260.00    -1.00   4    195
  1496020.00  4917260.00    -1.50   4    195
  1496020.00  4917260.00    -2.00   4    195
  1496020.00  4917260.00    -2.50   4    195
  1496020.00  4917260.00    -3.00   4    195
  1496020.00  4917260.00    -3.50   4    195
  1496020.00  4917260.00    -3.90   6    196
  1496020.00  4917260.00    -4.40   6    196
  1496020.00  4917260.00    -4.90   6    196
  1496020.00  4917260.00    -5.20   6    197
  1496020.00  4917260.00    -5.70   6    197
  1496020.00  4917260.00    -6.20   6    197
  1496020.00  4917260.00    -6.70   6    197
  1496020.00  4917260.00    -7.20   6    197
  1496020.00  4917260.00    -7.70   6    197
  1496020.00  4917260.00    -8.20   6    197
  1496020.00  4917260.00    -8.70   6    197
  1496020.00  4917260.00    -9.20   6    197
  1496020.00  4917260.00    -9.70   6    197
  1496020.00  4917260.00   -10.20   6    197
  1496020.00  4917260.00   -10.70   6    197
  1496020.00  4917260.00   -11.20   6    197
  1496020.00  4917260.00   -11.90   6    198
  1496020.00  4917260.00   -12.40   6    198
  1496020.00  4917260.00   -12.90   6    198
  1496020.00  4917260.00   -13.40   6    198
  1496020.00  4917260.00   -13.90   6    198
  1496020.00  4917260.00   -14.40   6    198
  1496020.00  4917260.00   -14.90   6    198
  1496020.00  4917260.00   -15.40   6    198
  1496020.00  4917260.00   -15.90   6    198
  1496020.00  4917260.00   -16.40   6    198
  1496020.00  4917260.00   -16.90   6    198
  1496020.00  4917260.00   -17.40   6    198
  1496020.00  4917260.00   -17.90   6    198
  1496020.00  4917260.00   -18.50   6    199
  1496020.00  4917260.00   -19.00   6    199
  1496020.00  4917260.00   -19.50   6    199
  1496020.00  4917260.00   -20.00   6    199
  1496020.00  4917260.00   -20.50   6    199
  1496020.00  4917260.00   -21.00   6    199
  1496020.00  4917260.00   -21.50   6    199
  1496020.00  4917260.00   -22.00   6    199
  1496020.00  4917260.00   -22.50   6    199
  1496020.00  4917260.00   -23.00   6    199
  1496020.00  4917260.00   -23.50   6    199
  1496020.00  4917260.00   -24.00   6    199
  1496020.00  4917260.00    -0.50   6    200
  1496020.00  4917260.00    -0.90   6    201
  1496020.00  4917260.00    -1.40   6    201
  1496020.00  4917260.00    -1.90   6    201
  1496020.00  4917260.00    -2.40   6    201
  1496020.00  4917260.00    -2.90   6    201
  1496020.00  4917260.00    -3.40   6    201
  1496020.00  4917260.00    -3.90   6    202
  1496020.00  4917260.00    -4.40   6    202
  1496020.00  4917260.00    -4.90   6    202
  1496020.00  4917260.00    -5.40   6    202
  1496020.00  4917260.00    -5.90   6    202
  1496020.00  4917260.00    -6.40   6    202
  1496020.00  4917260.00    -6.90   6    202
  1496020.00  4917260.00    -7.40   6    202
  1496020.00  4917260.00    -7.90   6    202
  1496020.00  4917260.00    -8.40   6    202
  1496020.00  4917260.00    -8.90   6    202
  1496020.00  4917260.00    -9.40   6    202
  1496020.00  4917260.00    -9.90   6    202
  1496020.00  4917260.00   -10.40   6    202
  1496020.00  4917260.00   -10.90   6    202
  1496020.00  4917260.00   -11.50   6    203
  1496020.00  4917260.00   -12.00   6    203
  1496020.00  4917260.00   -12.50   6    203
  1496020.00  4917260.00   -13.10   6    204
  1496020.00  4917260.00   -13.60   6    204
  1496020.00  4917260.00   -14.10   6    204
  1496020.00  4917260.00   -14.60   6    204
  1496020.00  4917260.00   -15.10   6    204
  1496020.00  4917260.00   -15.60   6    204
  1496020.00  4917260.00   -16.30   6    205
  1496020.00  4917260.00   -16.80   6    205
  1496020.00  4917260.00   -17.30   6    205
  1496020.00  4917260.00   -17.60   6    206
  1496020.00  4917260.00   -18.10   6    206
  1496020.00  4917260.00   -18.60   6    206
  1496020.00  4917260.00   -19.10   6    206
  1496020.00  4917260.00   -19.40   6    207
  1496020.00  4917260.00    -0.50   4    209
  1496020.00  4917260.00    -1.00   4    209
  1496020.00  4917260.00    -1.50   4    209
  1496020.00  4917260.00    -2.00   4    209
  1496020.00  4917260.00    -2.50   4    209
  1496020.00  4917260.00    -3.20   6    210
  1496020.00  4917260.00    -3.70   6    210
  1496020.00  4917260.00    -4.20   6    210
  1496020.00  4917260.00    -4.70   6    210
  1496020.00  4917260.00    -5.20   6    210
  1496020.00  4917260.00    -5.70   6    210
  1496020.00  4917260.00    -6.20   6    210
  1496020.00  4917260.00    -6.70   6    210
  1496020.00  4917260.00    -7.20   6    210
  1496020.00  4917260.00    -7.70   6    210
  1496020.00  4917260.00    -8.20   6    210
  1496020.00  4917260.00    -8.70   6    210
  1496020.00  4917260.00    -9.20   6    210
  1496020.00  4917260.00    -9.70   6    210
  1496020.00  4917260.00   -10.20   6    210
  1496020.00  4917260.00   -10.70   6    210
  1496020.00  4917260.00   -11.20   6    210
  1496020.00  4917260.00   -11.90   6    211
  1496020.00  4917260.00   -12.30   5    212
  1496020.00  4917260.00   -12.80   5    212
  1496020.00  4917260.00   -13.30   5    212
  1496020.00  4917260.00   -13.80   5    212
  1496020.00  4917260.00   -14.30   5    212
  1496020.00  4917260.00   -14.80   5    212
  1496020.00  4917260.00   -15.30   5    212
  1496020.00  4917260.00   -15.80   5    212
  1496020.00  4917260.00   -16.30   5    212
  1496020.00  4917260.00   -16.80   5    212
  1496020.00  4917260.00   -17.30   5    212
  1496020.00  4917260.00   -17.80   5    212
  1496020.00  4917260.00   -18.30   5    212
  1496020.00  4917260.00    -0.50   4    213
  1496020.00  4917260.00    -1.00   4    213
  1496020.00  4917260.00    -1.50   4    213
  1496020.00  4917260.00    -2.00   4    213
  1496020.00  4917260.00    -2.50   4    213
  1496020.00  4917260.00    -3.00   4    213
  1496020.00  4917260.00    -3.50   4    213
  1496020.00  4917260.00    -4.00   4    213
  1496020.00  4917260.00    -4.50   4    213
  1496020.00  4917260.00    -5.20   6    214
  1496020.00  4917260.00    -5.70   6    214
  1496020.00  4917260.00    -6.20   6    214
  1496020.00  4917260.00    -6.70   6    214
  1496020.00  4917260.00    -7.20   6    214
  1496020.00  4917260.00    -7.70   6    214
  1496020.00  4917260.00    -8.20   6    214
  1496020.00  4917260.00    -8.70   6    214
  1496020.00  4917260.00    -9.20   6    214
  1496020.00  4917260.00    -9.70   6    214
  1496020.00  4917260.00   -10.20   6    214
  1496020.00  4917260.00   -10.70   6    214
  1496020.00  4917260.00   -11.20   6    214
  1496020.00  4917260.00   -11.70   6    214
  1496020.00  4917260.00   -12.00   6    215
  1496020.00  4917260.00   -12.50   6    215
  1496020.00  4917260.00   -13.00   6    215
  1496020.00  4917260.00   -13.50   6    215
  1496020.00  4917260.00   -13.90   6    216
  1496020.00  4917260.00   -14.40   6    216
  1496020.00  4917260.00   -14.90   6    216
  1496020.00  4917260.00   -15.60   5    217
  1496020.00  4917260.00   -16.10   5    217
  1496020.00  4917260.00   -16.60   5    217
  1496020.00  4917260.00   -17.10   5    217
  1496020.00  4917260.00   -17.60   5    217
  1496020.00  4917260.00   -18.10   5    217
  1496020.00  4917260.00   -18.60   5    217
  1496020.00  4917260.00    -0.50   6    218
  1496020.00  4917260.00    -1.00   6    218
  1496020.00  4917260.00    -1.50   6    218
  1496020.00  4917260.00    -2.00   6    218
  1496020.00  4917260.00    -2.50   6    218
  1496020.00  4917260.00    -3.00   6    218
  1496020.00  4917260.00    -3.50   6    218
  1496020.00  4917260.00    -4.00   6    218
  1496020.00  4917260.00    -4.50   6    218
  1496020.00  4917260.00    -5.00   6    218
  1496020.00  4917260.00    -5.50   6    218
  1496020.00  4917260.00    -6.00   6    218
  1496020.00  4917260.00    -6.50   6    219
  1496020.00  4917260.00    -7.00   6    219
  1496020.00  4917260.00    -7.50   6    219
  1496020.00  4917260.00    -8.00   6    219
  1496020.00  4917260.00    -8.50   6    219
  1496020.00  4917260.00    -9.00   6    219
  1496020.00  4917260.00    -9.50   6    219
  1496020.00  4917260.00   -10.00   6    219
  1496020.00  4917260.00   -10.50   6    219
  1496020.00  4917260.00   -11.00   6    219
  1496020.00  4917260.00   -11.50   6    219
  1496020.00  4917260.00   -12.00   6    219
  1496020.00  4917260.00   -12.50   6    219
  1496020.00  4917260.00   -13.00   6    220
  1496020.00  4917260.00   -13.50   6    220
  1496020.00  4917260.00   -14.00   6    220
  1496020.00  4917260.00   -14.50   6    220
  1496020.00  4917260.00   -15.00   6    220
  1496020.00  4917260.00   -15.50   6    220
  1496020.00  4917260.00   -16.00   6    220
  1496020.00  4917260.00   -16.50   6    220
  1496020.00  4917260.00   -17.00   6    220
  1496020.00  4917260.00   -17.50   6    220
  1496020.00  4917260.00   -18.00   6    220
  1496020.00  4917260.00   -18.50   6    220
  1496020.00  4917260.00   -19.00   6    220
  1496020.00  4917260.00   -19.50   6    220
  1496020.00  4917260.00   -20.00   6    220
  1496020.00  4917260.00   -20.50   6    220
  1496020.00  4917260.00   -21.00   6    220
  1496020.00  4917260.00   -21.50   6    220
  1496020.00  4917260.00   -22.00   6    220
  1496020.00  4917260.00   -22.50   6    220
  1496020.00  4917260.00   -23.00   6    221
  1496020.00  4917260.00   -23.50   6    221
  1496020.00  4917260.00   -24.00   6    221
  1496020.00  4917260.00   -24.50   6    222
  1496020.00  4917260.00   -25.00   6    222
  1496020.00  4917260.00   -25.50   6    222
  1496020.00  4917260.00   -26.00   6    222
  1496020.00  4917260.00   -26.50   6    222
  1496020.00  4917260.00   -27.00   6    222
  1496020.00  4917260.00   -27.50   6    222
  1496020.00  4917260.00   -27.90   5    223
  1496020.00  4917260.00   -28.40   5    223
  1496020.00  4917260.00   -28.90   5    223
  1496020.00  4917260.00   -29.40   5    223
  1496020.00  4917260.00   -29.90   5    223
  1496100.00  4917220.00     4.80   4    224
  1496100.00  4917220.00     4.30   4    224
  1496100.00  4917220.00     3.80   4    224
  1496100.00  4917220.00     3.30   4    224
  1496100.00  4917220.00     2.80   4    224
  1496100.00  4917220.00     2.30   4    224
  1496100.00  4917220.00     1.80   4    224
  1496100.00  4917220.00     1.50   4    225
  1496100.00  4917220.00     1.00   4    225
  1496100.00  4917220.00     0.50   4    225
  1496100.00  4917220.00     0.00   4    225
  1496100.00  4917220.00    -0.50   4    225
  1496100.00  4917220.00    -1.00   4    225
  1496100.00  4917220.00    -1.50   4    225
  1496100.00  4917220.00    -2.00   4    225
  1496100.00  4917220.00    -2.40   6    226
  1496100.00  4917220.00    -2.90   6    226
  1496100.00  4917220.00    -3.40   6    226
  1496100.00  4917220.00    -3.90   6    226
  1496100.00  4917220.00    -4.40   6    226
  1496100.00  4917220.00    -4.90   6    226
  1496100.00  4917220.00    -5.40   6    226
  1496100.00  4917220.00    -5.90   6    226
  1496100.00  4917220.00    -6.40   6    226
  1496100.00  4917220.00    -6.90   6    226
  1496100.00  4917220.00    -7.40   6    226
  1496100.00  4917220.00    -7.90   6    226
  1496100.00  4917220.00    -8.20   5    227
  1496100.00  4917220.00    -8.70   5    227
  1496100.00  4917220.00    -9.20   5    227
  1496100.00  4917220.00    -9.70   5    227
  1496100.00  4917220.00   -10.20   5    227
  1496100.00  4917220.00   -10.70   5    227
  1496100.00  4917220.00   -11.20   5    227
  1496100.00  4917220.00   -11.70   5    227
  1496100.00  4917220.00   -12.20   5    227
  1496100.00  4917220.00   -12.70   5    227
  1496100.00  4917220.00   -13.20   5    227
  1496100.00  4917220.00   -13.70   5    227
  1496100.00  4917220.00   -14.20   5    227
  1496100.00  4917220.00   -14.70   5    227
  1496100.00  4917220.00     4.80   4    228
  1496100.00  4917220.00     4.30   4    228
  1496100.00  4917220.00     3.80   4    228
  1496100.00  4917220.00     3.30   4    228
  1496100.00  4917220.00     2.80   4    228
  1496100.00  4917220.00     2.30   4    228
  1496100.00  4917220.00     1.80   4    228
  1496100.00  4917220.00     1.30   4    228
  1496100.00  4917220.00     0.80   4    228
  1496100.00  4917220.00     0.30   4    228
  1496100.00  4917220.00    -0.20   4    228
  1496100.00  4917220.00    -0.80   6    229
  1496100.00  4917220.00    -1.30   6    229
  1496100.00  4917220.00    -1.80   6    229
  1496100.00  4917220.00    -2.30   6    229
  1496100.00  4917220.00    -2.80   6    229
  1496100.00  4917220.00    -3.30   6    229
  1496100.00  4917220.00    -3.80   6    229
  1496100.00  4917220.00    -4.20   5    230
  1496100.00  4917220.00    -4.70   5    230
  1496100.00  4917220.00    -5.20   5    230
  1496100.00  4917220.00    -5.70   5    230
  1496100.00  4917220.00    -6.20   5    230
  1496100.00  4917220.00    -6.70   5    230
  1496100.00  4917220.00    -7.20   5    230
  1496100.00  4917220.00    -7.70   5    230
  1496100.00  4917220.00    -8.20   5    230
  1496100.00  4917220.00    -8.70   5    230
  1496100.00  4917220.00    -9.20   5    230
  1496100.00  4917220.00    -9.70   5    230
  1496100.00  4917220.00   -10.20   5    230
  1496100.00  4917220.00   -10.70   5    230
  1496100.00  4917220.00   -11.20   5    230
  1496100.00  4917220.00   -11.70   5    230
  1496100.00  4917220.00   -12.20   5    230
  1496100.00  4917220.00   -12.70   5    230
  1496100.00  4917220.00   -13.20   5    230
  1496100.00  4917220.00   -13.70   5    230
  1496100.00  4917220.00   -14.20   5    230
  1496100.00  4917220.00   -14.70   5    230
  1496100.00  4917220.00     4.80   4    231
  1496100.00  4917220.00     4.30   4    231
  1496100.00  4917220.00     3.80   4    231
  1496100.00  4917220.00     3.30   4    231
  1496100.00  4917220.00     2.80   4    231
  1496100.00  4917220.00     2.30   4    231
  1496100.00  4917220.00     1.80   4    231
  1496100.00  4917220.00     1.30   4    231
  1496100.00  4917220.00     0.80   4    231
  1496100.00  4917220.00     0.30   4    231
  1496100.00  4917220.00    -0.20   4    231
  1496100.00  4917220.00    -0.70   4    232
  1496100.00  4917220.00    -1.20   4    232
  1496100.00  4917220.00    -1.70   5    233
  1496100.00  4917220.00    -2.20   5    233
  1496100.00  4917220.00    -2.70   5    233
  1496100.00  4917220.00    -3.20   5    233
  1496100.00  4917220.00    -3.70   5    233
  1496100.00  4917220.00    -4.20   5    233
  1496100.00  4917220.00    -4.70   5    233
  1496100.00  4917220.00    -5.20   5    233
  1496100.00  4917220.00    -5.70   5    233
  1496100.00  4917220.00    -6.20   5    233
  1496100.00  4917220.00    -6.70   5    233
  1496100.00  4917220.00    -7.20   5    233
  1496100.00  4917220.00    -7.70   5    233
  1496100.00  4917220.00    -8.20   5    233
  1496100.00  4917220.00    -8.70   5    233
  1496100.00  4917220.00    -9.20   5    233
  1496100.00  4917220.00    -9.70   5    233
  1496100.00  4917220.00   -10.20   5    233
  1496100.00  4917220.00   -10.70   5    233
  1496100.00  4917220.00   -11.20   5    233
  1496100.00  4917220.00   -11.70   5    233
  1496100.00  4917220.00   -12.20   5    233
  1496100.00  4917220.00   -12.70   5    233
  1496100.00  4917220.00   -13.20   5    233
  1496100.00  4917220.00   -13.70   5    233
  1496100.00  4917220.00   -14.20   5    233
  1496100.00  4917220.00   -14.70   5    233
  1496100.00  4917220.00     4.80   6    234
  1496100.00  4917220.00     4.30   6    234
  1496100.00  4917220.00     3.80   6    234
  1496100.00  4917220.00     3.10   4    235
  1496100.00  4917220.00     2.60   4    235
  1496100.00  4917220.00     2.10   4    235
  1496100.00  4917220.00     1.60   4    235
  1496100.00  4917220.00     1.10   4    235
  1496100.00  4917220.00     0.80   5    236
  1496100.00  4917220.00     0.30   5    236
  1496100.00  4917220.00    -0.20   5    237
  1496100.00  4917220.00    -0.70   5    237
  1496100.00  4917220.00    -1.20   5    237
  1496100.00  4917220.00    -1.70   5    237
  1496100.00  4917220.00    -2.20   5    237
  1496100.00  4917220.00    -2.70   5    237
  1496100.00  4917220.00    -3.20   5    237
  1496100.00  4917220.00    -3.70   5    237
  1496100.00  4917220.00    -4.20   5    237
  1496100.00  4917220.00    -4.70   5    237
  1496100.00  4917220.00    -5.20   5    237
  1496100.00  4917220.00    -5.70   5    237
  1496100.00  4917220.00    -6.20   5    237
  1496100.00  4917220.00    -6.70   5    237
  1496100.00  4917220.00    -7.20   5    237
  1496100.00  4917220.00    -7.70   5    237
  1496100.00  4917220.00    -8.20   5    237
  1496100.00  4917220.00    -8.70   5    237
  1496100.00  4917220.00    -9.20   5    237
  1496100.00  4917220.00    -9.70   5    237
  1496100.00  4917220.00   -10.20   5    237
  1496100.00  4917220.00   -10.70   5    237
  1496100.00  4917220.00   -11.20   5    237
  1496100.00  4917220.00   -11.70   5    237
  1496100.00  4917220.00   -12.20   5    237
  1496100.00  4917220.00   -12.70   5    237
  1496100.00  4917220.00   -13.20   5    237
  1496100.00  4917220.00   -13.70   5    238
  1496100.00  4917220.00   -14.20   5    238
  1496100.00  4917220.00   -14.70   5    238
  1496100.00  4917220.00     4.80   6    239
  1496100.00  4917220.00     4.30   6    240
  1496100.00  4917220.00     3.80   6    240
  1496100.00  4917220.00     3.30   6    240
  1496100.00  4917220.00     2.80   6    240
  1496100.00  4917220.00     2.30   6    240
  1496100.00  4917220.00     1.80   6    240
  1496100.00  4917220.00     1.30   6    240
  1496100.00  4917220.00     0.80   6    240
  1496100.00  4917220.00     0.30   6    241
  1496100.00  4917220.00    -0.20   6    241
  1496100.00  4917220.00    -0.70   6    241
  1496100.00  4917220.00    -1.20   5    242
  1496100.00  4917220.00    -1.70   5    242
  1496100.00  4917220.00    -2.20   5    242
  1496100.00  4917220.00    -2.70   5    242
  1496100.00  4917220.00    -3.20   5    242
  1496100.00  4917220.00    -3.70   5    242
  1496100.00  4917220.00    -4.20   5    243
  1496100.00  4917220.00    -4.70   5    243
  1496100.00  4917220.00    -5.20   5    243
  1496100.00  4917220.00    -5.70   5    243
  1496100.00  4917220.00    -6.20   5    243
  1496100.00  4917220.00    -6.70   5    243
  1496100.00  4917220.00    -7.20   5    243
  1496100.00  4917220.00    -7.70   5    243
  1496100.00  4917220.00    -8.20   5    243
  1496100.00  4917220.00    -8.70   5    243
  1496100.00  4917220.00    -9.20   5    243
  1496100.00  4917220.00    -9.70   5    244
  1496100.00  4917220.00   -10.20   5    244
  1496100.00  4917220.00   -10.70   5    244
  1496100.00  4917220.00   -11.20   5    244
  1496100.00  4917220.00   -11.70   5    244
  1496100.00  4917220.00   -12.20   5    244
  1496100.00  4917220.00   -12.70   5    244
  1496100.00  4917220.00   -13.20   5    245
  1496100.00  4917220.00   -13.70   5    245
  1496100.00  4917220.00   -14.20   5    245
  1496100.00  4917220.00   -14.70   5    245
  1496100.00  4917220.00     4.80   4    246
  1496100.00  4917220.00     4.30   4    246
  1496100.00  4917220.00     3.80   4    246
  1496100.00  4917220.00     3.30   4    246
  1496100.00  4917220.00     2.80   4    246
  1496100.00  4917220.00     2.30   4    246
  1496100.00  4917220.00     1.80   4    246
  1496100.00  4917220.00     1.30   6    247
  1496100.00  4917220.00     0.80   6    247
  1496100.00  4917220.00     0.30   6    247
  1496100.00  4917220.00    -0.20   5    248
  1496100.00  4917220.00    -0.70   5    248
  1496100.00  4917220.00    -1.20   5    248
  1496100.00  4917220.00    -1.70   5    248
  1496100.00  4917220.00    -2.20   5    248
  1496100.00  4917220.00    -2.70   5    248
  1496100.00  4917220.00    -3.20   5    248
  1496100.00  4917220.00    -3.70   5    248
  1496100.00  4917220.00    -4.20   5    248
  1496100.00  4917220.00    -4.70   5    248
  1496100.00  4917220.00    -5.20   5    248
  1496100.00  4917220.00    -5.70   5    248
  1496100.00  4917220.00    -6.20   5    249
  1496100.00  4917220.00    -6.70   5    249
  1496100.00  4917220.00    -7.20   5    249
  1496100.00  4917220.00    -7.70   5    249
  1496100.00  4917220.00    -8.20   5    249
  1496100.00  4917220.00    -8.70   5    249
  1496100.00  4917220.00    -9.20   5    249
  1496100.00  4917220.00    -9.70   5    249
  1496100.00  4917220.00   -10.20   5    250
  1496100.00  4917220.00   -10.70   5    250
  1496100.00  4917220.00   -11.20   5    250
  1496100.00  4917220.00   -11.70   5    250
  1496100.00  4917220.00   -12.20   5    250
  1496100.00  4917220.00   -12.70   5    250
  1496100.00  4917220.00   -13.40   5    251
  1496100.00  4917220.00   -13.90   5    251
  1496100.00  4917220.00   -14.40   5    251
  1496100.00  4917220.00   -14.90   5    251
  1495560.00  4916500.00     7.30   4    252
  1495560.00  4916500.00     6.80   4    252
  1495560.00  4916500.00     6.30   4    252
  1495560.00  4916500.00     5.80   4    252
  1495560.00  4916500.00     5.30   4    252
  1495560.00  4916500.00     4.80   4    252
  1495560.00  4916500.00     4.30   4    252
  1495560.00  4916500.00     3.80   4    252
  1495560.00  4916500.00     3.30   4    252
  1495560.00  4916500.00     2.80   4    252
  1495560.00  4916500.00     2.30   4    252
  1495560.00  4916500.00     1.80   4    252
  1495560.00  4916500.00     1.30   6    253
  1495560.00  4916500.00     0.80   6    253
  1495560.00  4916500.00     0.30   6    253
  1495560.00  4916500.00    -0.20   6    253
  1495560.00  4916500.00    -0.70   6    253
  1495560.00  4916500.00    -1.20   6    253
  1495560.00  4916500.00    -1.70   6    254
  1495560.00  4916500.00    -2.20   6    254
  1495560.00  4916500.00    -2.70   6    254
  1495560.00  4916500.00    -3.20   5    255
  1495560.00  4916500.00    -3.70   5    255
  1495560.00  4916500.00    -4.20   5    255
  1495560.00  4916500.00    -4.70   5    255
  1495560.00  4916500.00    -5.20   5    255
  1495560.00  4916500.00    -5.70   5    255
  1495560.00  4916500.00    -6.20   5    255
  1495560.00  4916500.00    -6.70   5    255
  1495560.00  4916500.00    -7.20   5    255
  1495575.00  4916565.00     6.80   4    256
  1495575.00  4916565.00     6.30   4    256
  1495575.00  4916565.00     5.80   4    256
  1495575.00  4916565.00     5.30   4    256
  1495575.00  4916565.00     4.80   4    256
  1495575.00  4916565.00     4.30   4    256
  1495575.00  4916565.00     3.80   4    256
  1495575.00  4916565.00     3.30   4    256
  1495575.00  4916565.00     2.80   4    256
  1495575.00  4916565.00     2.30   4    256
  1495575.00  4916565.00     1.80   4    256
  1495575.00  4916565.00     1.30   4    256
  1495575.00  4916565.00     0.80   4    256
  1495575.00  4916565.00     0.30   4    256
  1495575.00  4916565.00    -0.20   6    257
  1495575.00  4916565.00    -0.70   6    257
  1495575.00  4916565.00    -1.20   6    258
  1495575.00  4916565.00    -1.70   6    258
  1495575.00  4916565.00    -2.20   6    258
  1495575.00  4916565.00    -2.70   6    258
  1495575.00  4916565.00    -3.20   6    258
  1495575.00  4916565.00    -3.70   6    258
  1495575.00  4916565.00    -4.20   6    258
  1495575.00  4916565.00    -4.70   6    259
  1495575.00  4916565.00    -5.20   6    259
  1495575.00  4916565.00    -5.70   6    259
  1495575.00  4916565.00    -6.20   2    260
  1495575.00  4916565.00    -6.70   2    260
  1495575.00  4916565.00    -7.20   2    260
  1495575.00  4916565.00    -7.70   2    260
  1495575.00  4916565.00    -8.20   2    260
  1495575.00  4916565.00    -8.70   2    260
  1495575.00  4916565.00    -9.20   2    260
  1495575.00  4916565.00    -9.70   2    260
  1495575.00  4916565.00   -10.20   2    260
  1495575.00  4916565.00   -10.70   2    260
  1495575.00  4916565.00   -11.20   2    260
  1495575.00  4916565.00   -11.70   2    260
  1495575.00  4916565.00   -12.20   2    260
  1495575.00  4916565.00   -12.70   2    260
  1495575.00  4916565.00   -13.20   2    260
  1495575.00  4916565.00   -13.70   2    260
  1495575.00  4916565.00   -14.20   2    260
  1495575.00  4916565.00   -14.70   2    260
  1495575.00  4916565.00   -15.20   2    260
  1495575.00  4916565.00   -15.70   2    260
  1495575.00  4916565.00   -16.20   2    260
  1495575.00  4916565.00   -16.70   2    260
  1495575.00  4916565.00   -17.20   2    260
  1495575.00  4916565.00   -17.70   2    260
  1495575.00  4916565.00   -18.20   2    260
  1495575.00  4916565.00   -18.70   2    260
  1495590.00  4916625.00     7.40   4    261
  1495590.00  4916625.00     6.90   4    261
  1495590.00  4916625.00     6.40   4    261
  1495590.00  4916625.00     5.90   4    261
  1495590.00  4916625.00     5.40   4    261
  1495590.00  4916625.00     4.90   4    261
  1495590.00  4916625.00     4.40   4    261
  1495590.00  4916625.00     3.90   4    261
  1495590.00  4916625.00     3.40   4    262
  1495590.00  4916625.00     2.90   4    262
  1495590.00  4916625.00     2.40   4    262
  1495590.00  4916625.00     1.90   4    262
  1495590.00  4916625.00     1.40   4    262
  1495590.00  4916625.00     0.90   4    262
  1495590.00  4916625.00     0.40   6    263
  1495590.00  4916625.00    -0.10   6    263
  1495590.00  4916625.00    -0.60   6    263
  1495590.00  4916625.00    -1.10   6    263
  1495590.00  4916625.00    -1.60   6    263
  1495590.00  4916625.00    -2.10   6    263
  1495590.00  4916625.00    -2.60   6    263
  1495590.00  4916625.00    -3.10   6    263
  1495590.00  4916625.00    -3.60   6    263
  1495590.00  4916625.00    -4.10   6    263
  1495590.00  4916625.00    -4.60   6    263
  1495590.00  4916625.00    -5.10   6    263
  1495590.00  4916625.00    -5.60   6    263
  1495590.00  4916625.00    -6.10   6    265
  1495590.00  4916625.00    -6.60   2    266
  1495590.00  4916625.00    -7.10   2    266
  1495590.00  4916625.00    -7.60   2    266
  1495590.00  4916625.00    -8.10   2    266
  1495590.00  4916625.00    -8.60   2    266
  1495590.00  4916625.00    -9.10   2    266
  1495590.00  4916625.00    -9.80   2    267
  1495590.00  4916625.00   -10.70   2    272
  1495590.00  4916625.00   -11.20   2    272
  1495590.00  4916625.00   -11.70   2    272
  1495590.00  4916625.00   -12.20   2    272
  1495590.00  4916625.00   -12.70   2    272
  1495590.00  4916625.00   -13.20   2    272
  1495590.00  4916625.00   -13.70   2    272
  1495590.00  4916625.00   -14.20   2    272
  1495590.00  4916625.00   -14.70   2    272
  1495590.00  4916625.00   -15.20   2    272
  1495590.00  4916625.00   -15.70   2    272
  1495590.00  4916625.00   -16.20   2    272
  1495590.00  4916625.00   -16.70   2    272
  1495590.00  4916625.00   -17.20   2    272
  1495665.00  4916600.00     7.10   4    273
  1495665.00  4916600.00     6.60   4    273
  1495665.00  4916600.00     6.10   4    273
  1495665.00  4916600.00     5.60   4    273
  1495665.00  4916600.00     5.10   4    273
  1495665.00  4916600.00     4.60   4    273
  1495665.00  4916600.00     4.10   4    273
  1495665.00  4916600.00     3.60   4    273
  1495665.00  4916600.00     3.10   4    273
  1495665.00  4916600.00     2.60   4    273
  1495665.00  4916600.00     2.10   4    274
  1495665.00  4916600.00     1.60   4    274
  1495665.00  4916600.00     1.10   4    274
  1495665.00  4916600.00     0.60   6    275
  1495665.00  4916600.00     0.10   6    275
  1495665.00  4916600.00    -0.40   6    275
  1495665.00  4916600.00    -0.90   6    275
  1495665.00  4916600.00    -1.40   6    276
  1495665.00  4916600.00    -1.90   6    276
  1495665.00  4916600.00    -2.40   6    276
  1495665.00  4916600.00    -2.90   6    276
  1495665.00  4916600.00    -3.40   6    276
  1495665.00  4916600.00    -3.90   6    276
  1495665.00  4916600.00    -4.40   6    277
  1495665.00  4916600.00    -4.90   6    277
  1495665.00  4916600.00    -5.40   6    277
  1495665.00  4916600.00    -5.90   6    277
  1495665.00  4916600.00    -6.40   6    277
  1495665.00  4916600.00    -6.90   6    277
  1495665.00  4916600.00    -7.40   6    277
  1495665.00  4916600.00    -7.90   6    277
  1495665.00  4916600.00    -8.40   6    277
  1495665.00  4916600.00    -8.90   6    277
  1495665.00  4916600.00    -9.40   6    277
  1495665.00  4916600.00    -9.90   6    277
  1495665.00  4916600.00   -10.40   6    277
  1495665.00  4916600.00   -10.90   6    277
  1495665.00  4916600.00   -11.40   6    277
  1495665.00  4916600.00   -11.90   6    277
  1495665.00  4916600.00   -12.40   6    277
  1495665.00  4916600.00   -12.90   6    277
  1495665.00  4916600.00   -13.40   6    277
  1495665.00  4916600.00   -13.90   6    277
  1495665.00  4916600.00   -14.40   6    277
  1495665.00  4916600.00   -14.90   6    277
  1495665.00  4916600.00   -15.40   6    277
  1495665.00  4916600.00   -15.90   6    277
  1495665.00  4916600.00   -16.40   6    277
  1495665.00  4916600.00   -16.90   6    277
  1495665.00  4916600.00   -17.40   6    277
  1495665.00  4916600.00   -17.90   6    277
  1495665.00  4916600.00   -18.40   6    277
  1495650.00  4916545.00     6.90   4    278
  1495650.00  4916545.00     6.40   4    278
  1495650.00  4916545.00     5.90   4    278
  1495650.00  4916545.00     5.40   4    279
  1495650.00  4916545.00     4.90   4    279
  1495650.00  4916545.00     4.40   4    279
  1495650.00  4916545.00     3.90   4    280
  1495650.00  4916545.00     3.40   4    280
  1495650.00  4916545.00     2.90   4    280
  1495650.00  4916545.00     2.40   4    280
  1495650.00  4916545.00     1.90   4    280
  1495650.00  4916545.00     1.40   4    280
  1495650.00  4916545.00     0.90   4    280
  1495650.00  4916545.00     0.40   6    281
  1495650.00  4916545.00    -0.10   6    281
  1495650.00  4916545.00    -0.60   6    281
  1495650.00  4916545.00    -1.10   6    281
  1495650.00  4916545.00    -1.60   6    281
  1495650.00  4916545.00    -2.10   6    281
  1495650.00  4916545.00    -2.60   6    281
  1495650.00  4916545.00    -3.10   6    281
  1495650.00  4916545.00    -3.60   6    281
  1495650.00  4916545.00    -4.10   6    281
  1495650.00  4916545.00    -4.60   6    281
  1495650.00  4916545.00    -5.10   6    281
  1495650.00  4916545.00    -5.60   6    281
  1495650.00  4916545.00    -6.10   6    281
  1495650.00  4916545.00    -6.60   6    281
  1495650.00  4916545.00    -7.10   6    282
  1495650.00  4916545.00    -7.60   6    282
  1495650.00  4916545.00    -8.10   6    282
  1495650.00  4916545.00    -8.60   6    282
  1495650.00  4916545.00    -9.10   6    282
  1495650.00  4916545.00    -9.60   6    282
  1495650.00  4916545.00   -10.10   6    283
  1495650.00  4916545.00   -10.60   6    283
  1495650.00  4916545.00   -11.10   6    283
  1495650.00  4916545.00   -11.60   6    283
  1495650.00  4916545.00   -12.10   6    283
  1495650.00  4916545.00   -12.60   6    283
  1495650.00  4916545.00   -13.10   6    283
  1495650.00  4916545.00   -13.60   6    283
  1495650.00  4916545.00   -14.10   6    283
  1495650.00  4916545.00   -14.60   6    283
  1495650.00  4916545.00   -15.10   2    284
  1495650.00  4916545.00   -15.60   2    284
  1495650.00  4916545.00   -16.10   2    284
  1495650.00  4916545.00   -16.60   2    284
  1495650.00  4916545.00   -17.10   2    284
  1495650.00  4916545.00   -17.60   2    284
  1495650.00  4916545.00   -18.10   2    284
  1495650.00  4916545.00   -18.60   2    284
  1495630.00  4916480.00     6.90   4    285
  1495630.00  4916480.00     6.40   4    285
  1495630.00  4916480.00     5.90   4    285
  1495630.00  4916480.00     5.40   4    285
  1495630.00  4916480.00     4.90   4    285
  1495630.00  4916480.00     4.40   4    285
  1495630.00  4916480.00     3.90   4    285
  1495630.00  4916480.00     3.40   4    285
  1495630.00  4916480.00     2.90   4    285
  1495630.00  4916480.00     2.40   4    285
  1495630.00  4916480.00     2.10   6    286
  1495630.00  4916480.00     1.60   6    286
  1495630.00  4916480.00     1.10   6    286
  1495630.00  4916480.00     0.40   6    287
  1495630.00  4916480.00    -0.10   6    287
  1495630.00  4916480.00    -0.60   6    287
  1495630.00  4916480.00    -1.10   6    287
  1495630.00  4916480.00    -1.60   6    287
  1495630.00  4916480.00    -2.10   6    287
  1495630.00  4916480.00    -2.60   6    287
  1495630.00  4916480.00    -3.10   6    287
  1495630.00  4916480.00    -3.60   6    287
  1495630.00  4916480.00    -4.10   6    287
  1495630.00  4916480.00    -4.60   6    287
  1495630.00  4916480.00    -5.10   6    287
  1495630.00  4916480.00    -5.60   6    287
  1495630.00  4916480.00    -6.10   6    287
  1495630.00  4916480.00    -6.60   6    287
  1495630.00  4916480.00    -6.90   6    288
  1495630.00  4916480.00    -7.30   6    289
  1495630.00  4916480.00    -7.80   6    289
  1495630.00  4916480.00    -8.30   6    289
  1495630.00  4916480.00    -8.80   6    289
  1495630.00  4916480.00    -9.30   6    289
  1495630.00  4916480.00    -9.80   6    289
  1495630.00  4916480.00   -10.30   6    289
  1495630.00  4916480.00   -10.80   6    289
  1495630.00  4916480.00   -11.30   6    289
  1495630.00  4916480.00   -11.80   6    289
  1495630.00  4916480.00   -12.10   6    290
  1495630.00  4916480.00   -12.60   6    290
  1495630.00  4916480.00   -13.10   6    290
  1495630.00  4916480.00   -13.60   6    290
  1495630.00  4916480.00   -14.10   6    290
  1495630.00  4916480.00   -14.60   6    290
  1495630.00  4916480.00   -15.10   6    290
  1495630.00  4916480.00   -15.60   6    290
  1495630.00  4916480.00   -16.10   6    290
  1495630.00  4916480.00   -16.60   6    290
  1495630.00  4916480.00   -17.10   6    291
  1495630.00  4916480.00   -17.60   6    291
  1495630.00  4916480.00   -18.10   6    291
  1495630.00  4916480.00   -18.60   6    291
  1495650.00  4916790.00     6.70   4    292
  1495650.00  4916790.00     6.20   4    292
  1495650.00  4916790.00     5.70   4    292
  1495650.00  4916790.00     5.20   4    292
  1495650.00  4916760.00     4.90   4    293
  1495650.00  4916760.00     4.40   4    293
  1495650.00  4916760.00     3.90   4    293
  1495650.00  4916760.00     3.40   4    293
  1495650.00  4916790.00     2.70   6    294
  1495650.00  4916790.00     2.20   6    295
  1495650.00  4916790.00     1.70   6    295
  1495650.00  4916790.00     1.20   6    295
  1495650.00  4916790.00     0.70   6    296
  1495650.00  4916790.00     0.20   6    296
  1495650.00  4916790.00    -0.30   6    296
  1495650.00  4916790.00    -0.80   6    296
  1495650.00  4916790.00    -1.30   6    296
  1495650.00  4916790.00    -1.80   6    296
  1495650.00  4916790.00    -2.30   6    296
  1495650.00  4916790.00    -2.80   2    297
  1495650.00  4916790.00    -3.30   2    297
  1495650.00  4916790.00    -3.80   2    297
  1495650.00  4916790.00    -4.30   2    297
  1495650.00  4916790.00    -4.80   2    297
  1495650.00  4916790.00    -5.30   2    297
  1495650.00  4916790.00    -5.80   2    297
  1495650.00  4916790.00    -6.30   2    297
  1495650.00  4916790.00    -6.80   2    297
  1495650.00  4916790.00    -7.30   2    297
  1495650.00  4916790.00    -7.80   2    297
  1495650.00  4916790.00    -8.30   2    298
  1495650.00  4916790.00    -8.80   2    298
  1495650.00  4916790.00    -9.30   2    298
  1495650.00  4916790.00    -9.80   2    298
  1495650.00  4916790.00   -10.30   2    298
  1495650.00  4916790.00   -10.80   2    298
  1495650.00  4916790.00   -11.30   2    298
  1495650.00  4916790.00   -11.80   2    298
  1495650.00  4916790.00   -12.30   2    298
  1495650.00  4916790.00   -12.80   2    298
  1495650.00  4916790.00   -13.30   2    298
  1495650.00  4916790.00   -13.80   2    298
  1495650.00  4916790.00   -14.30   2    299
  1495650.00  4916790.00   -14.80   2    299
  1495650.00  4916790.00   -15.30   2    299
  1495650.00  4916790.00   -15.80   2    299
  1495650.00  4916790.00   -16.30   2    300
  1495650.00  4916790.00   -16.80   2    300
  1495650.00  4916790.00   -17.30   2    300
  1495650.00  4916790.00   -17.80   2    300
  1495650.00  4916790.00   -18.30   2    300
  1495650.00  4916790.00   -18.80   2    300
  1495720.00  4916750.00     7.20   4    301
  1495720.00  4916750.00     6.70   4    301
  1495720.00  4916750.00     6.20   4    301
  1495720.00  4916750.00     5.70   4    301
  1495720.00  4916750.00     5.20   4    301
  1495720.00  4916750.00     4.70   4    301
  1495720.00  4916750.00     4.20   6    302
  1495720.00  4916750.00     3.70   6    302
  1495720.00  4916750.00     3.20   6    302
  1495720.00  4916750.00     2.70   6    302
  1495720.00  4916750.00     2.20   6    302
  1495720.00  4916750.00     1.70   6    302
  1495720.00  4916750.00     1.20   6    302
  1495720.00  4916750.00     0.70   6    302
  1495720.00  4916750.00     0.20   6    302
  1495720.00  4916750.00    -0.30   6    302
  1495720.00  4916750.00    -0.80   6    303
  1495720.00  4916750.00    -1.30   6    303
  1495720.00  4916750.00    -1.80   6    303
  1495720.00  4916750.00    -2.30   6    303
  1495720.00  4916750.00    -2.80   6    303
  1495720.00  4916750.00    -3.30   6    303
  1495720.00  4916750.00    -3.80   6    303
  1495720.00  4916750.00    -4.30   6    303
  1495720.00  4916750.00    -4.80   6    303
  1495720.00  4916750.00    -5.30   6    303
  1495720.00  4916750.00    -5.80   6    303
  1495720.00  4916750.00    -6.30   6    303
  1495720.00  4916750.00    -6.70   6    304
  1495720.00  4916750.00    -7.10   6    305
  1495720.00  4916750.00    -7.60   6    307
  1495720.00  4916750.00    -8.10   6    307
  1495720.00  4916750.00    -8.60   6    307
  1495720.00  4916750.00    -9.10   6    307
  1495720.00  4916750.00    -9.60   6    307
  1495720.00  4916750.00   -10.10   6    307
  1495720.00  4916750.00   -10.60   6    307
  1495720.00  4916750.00   -11.10   6    307
  1495720.00  4916750.00   -11.60   6    307
  1495720.00  4916750.00   -12.10   6    307
  1495720.00  4916750.00   -12.60   6    307
  1495720.00  4916750.00   -13.10   6    307
  1495720.00  4916750.00   -13.50   6    308
  1495720.00  4916750.00   -14.00   6    308
  1495720.00  4916750.00   -14.50   6    308
  1495720.00  4916750.00   -15.00   6    308
  1495720.00  4916750.00   -15.50   6    308
  1495720.00  4916750.00   -16.00   6    308
  1495720.00  4916750.00   -16.50   6    308
  1495720.00  4916750.00   -17.00   6    308
  1495720.00  4916750.00   -17.50   6    308
  1495720.00  4916750.00   -18.00   6    308
  1495720.00  4916750.00   -18.50   6    308
  1495720.00  4916750.00   -19.00   6    308
  1495720.00  4916750.00   -19.30   6    309
  1495720.00  4916750.00   -19.80   6    309
  1495720.00  4916750.00   -20.30   6    309
  1495720.00  4916750.00   -20.80   6    309
  1495720.00  4916750.00   -21.30   6    309
  1495720.00  4916750.00   -21.80   6    309
  1495720.00  4916750.00   -22.30   6    309
  1495690.00  4916665.00     7.00   4    310
  1495690.00  4916665.00     6.50   4    310
  1495690.00  4916665.00     6.00   4    310
  1495690.00  4916665.00     5.50   4    310
  1495690.00  4916665.00     5.00   4    310
  1495690.00  4916665.00     4.50   4    310
  1495690.00  4916665.00     4.00   4    310
  1495690.00  4916665.00     3.50   4    310
  1495690.00  4916665.00     3.00   6    311
  1495690.00  4916665.00     2.50   6    311
  1495690.00  4916665.00     2.00   6    311
  1495690.00  4916665.00     1.50   6    311
  1495690.00  4916665.00     1.00   6    311
  1495690.00  4916665.00     0.50   6    311
  1495690.00  4916665.00     0.00   6    311
  1495690.00  4916665.00    -0.50   6    311
  1495690.00  4916665.00    -1.00   6    311
  1495690.00  4916665.00    -1.50   6    311
  1495690.00  4916665.00    -2.00   6    311
  1495690.00  4916665.00    -2.50   6    311
  1495690.00  4916665.00    -3.00   6    312
  1495690.00  4916665.00    -3.50   6    312
  1495690.00  4916665.00    -4.00   6    312
  1495690.00  4916665.00    -4.50   6    312
  1495690.00  4916665.00    -5.00   6    312
  1495690.00  4916665.00    -5.50   6    312
  1495690.00  4916665.00    -6.00   6    312
  1495690.00  4916665.00    -6.50   6    312
  1495690.00  4916665.00    -7.00   6    312
  1495690.00  4916665.00    -7.50   6    312
  1495690.00  4916665.00    -8.00   6    312
  1495690.00  4916665.00    -8.50   6    313
  1495690.00  4916665.00    -9.00   6    313
  1495690.00  4916665.00    -9.50   6    313
  1495690.00  4916665.00   -10.00   6    314
  1495690.00  4916665.00   -10.50   6    314
  1495690.00  4916665.00   -11.00   6    315
  1495690.00  4916665.00   -11.50   6    315
  1495690.00  4916665.00   -12.00   6    315
  1495690.00  4916665.00   -12.50   6    315
  1495690.00  4916665.00   -13.00   6    315
  1495690.00  4916665.00   -13.50   6    315
  1495690.00  4916665.00   -14.00   6    315
  1495690.00  4916665.00   -14.50   6    315
  1495690.00  4916665.00   -15.00   6    315
  1495690.00  4916665.00   -15.50   6    315
  1495690.00  4916665.00   -16.00   6    315
  1495690.00  4916665.00   -16.50   6    315
  1495690.00  4916665.00   -17.00   6    315
  1495690.00  4916665.00   -17.50   6    315
  1495690.00  4916665.00   -18.00   6    315
  1495690.00  4916665.00   -18.50   6    315
  1495690.00  4916665.00   -18.80   2    316
  1495690.00  4916665.00   -19.30   2    316
  1495690.00  4916665.00   -19.80   2    316
  1495690.00  4916665.00   -20.30   2    316
  1495690.00  4916665.00   -20.80   2    316
  1495690.00  4916665.00   -21.30   2    316
  1495690.00  4916665.00   -21.80   2    316
  1495690.00  4916665.00   -22.30   2    316
  1495690.00  4916665.00   -22.80   2    316
  1495690.00  4916665.00   -23.30   2    316
  1495690.00  4916665.00   -23.80   2    316
  1495690.00  4916665.00   -24.30   2    316
  1495690.00  4916665.00   -24.80   2    316
  1495690.00  4916665.00   -25.30   2    316
  1495775.00  4916815.00     8.10   4    317
  1495775.00  4916815.00     7.60   4    317
  1495775.00  4916815.00     7.10   4    317
  1495775.00  4916815.00     6.60   4    317
  1495775.00  4916815.00     6.10   4    317
  1495775.00  4916815.00     5.60   4    317
  1495775.00  4916815.00     5.10   4    317
  1495775.00  4916815.00     4.60   4    317
  1495775.00  4916815.00     4.10   4    317
  1495775.00  4916815.00     3.60   4    317
  1495775.00  4916815.00     3.10   4    317
  1495775.00  4916815.00     2.60   6    318
  1495775.00  4916815.00     2.10   6    319
  1495775.00  4916815.00     1.60   6    319
  1495775.00  4916815.00     1.10   6    319
  1495775.00  4916815.00     0.60   6    319
  1495775.00  4916815.00     0.10   6    319
  1495775.00  4916815.00    -0.40   6    319
  1495775.00  4916815.00    -0.90   6    319
  1495775.00  4916815.00    -1.40   6    320
  1495775.00  4916815.00    -1.90   6    320
  1495775.00  4916815.00    -2.40   6    320
  1495775.00  4916815.00    -2.90   6    320
  1495775.00  4916815.00    -3.40   6    320
  1495775.00  4916815.00    -3.90   6    320
  1495775.00  4916815.00    -4.40   6    320
  1495775.00  4916815.00    -4.90   6    320
  1495775.00  4916815.00    -5.40   6    320
  1495775.00  4916815.00    -5.90   6    321
  1495775.00  4916815.00    -6.40   6    321
  1495775.00  4916815.00    -6.90   6    321
  1495775.00  4916815.00    -7.40   6    321
  1495775.00  4916815.00    -7.90   6    322
  1495775.00  4916815.00    -8.40   6    322
  1495775.00  4916815.00    -8.90   6    322
  1495775.00  4916815.00    -9.40   6    322
  1495775.00  4916815.00    -9.90   6    322
  1495775.00  4916815.00   -10.40   6    322
  1495775.00  4916815.00   -10.90   6    322
  1495775.00  4916815.00   -11.40   6    322
  1495775.00  4916815.00   -11.90   6    322
  1495775.00  4916815.00   -12.40   6    322
  1495775.00  4916815.00   -12.90   6    323
  1495775.00  4916815.00   -13.40   6    323
  1495775.00  4916815.00   -13.90   6    323
  1495775.00  4916815.00   -14.40   6    323
  1495775.00  4916815.00   -14.90   6    323
  1495775.00  4916815.00   -15.40   6    323
  1495775.00  4916815.00   -15.90   6    323
  1495775.00  4916815.00   -16.40   6    323
  1495775.00  4916815.00   -16.90   6    323
  1495775.00  4916815.00   -17.40   6    323
  1495775.00  4916815.00   -17.90   6    323
  1495865.00  4916950.00     8.30   4    324
  1495865.00  4916950.00     7.80   4    324
  1495865.00  4916950.00     7.30   4    324
  1495865.00  4916950.00     6.80   4    324
  1495865.00  4916950.00     6.30   4    324
  1495865.00  4916950.00     5.80   4    324
  1495865.00  4916950.00     5.30   4    324
  1495865.00  4916950.00     4.80   4    324
  1495865.00  4916950.00     4.30   4    324
  1495865.00  4916950.00     3.80   4    324
  1495865.00  4916950.00     3.30   6    325
  1495865.00  4916950.00     2.80   6    325
  1495865.00  4916950.00     2.30   6    325
  1495865.00  4916950.00     1.80   6    325
  1495865.00  4916950.00     1.30   6    325
  1495865.00  4916950.00     0.80   6    325
  1495865.00  4916950.00     0.30   6    325
  1495865.00  4916950.00    -0.20   6    325
  1495865.00  4916950.00    -0.70   6    325
  1495865.00  4916950.00    -1.20   6    325
  1495865.00  4916950.00    -1.70   6    325
  1495865.00  4916950.00    -2.20   6    325
  1495865.00  4916950.00    -2.70   6    325
  1495865.00  4916950.00    -3.20   6    325
  1495865.00  4916950.00    -3.70   6    325
  1495865.00  4916950.00    -4.20   6    325
  1495865.00  4916950.00    -4.70   6    325
  1495865.00  4916950.00    -5.40   6    326
  1495865.00  4916950.00    -5.80   2    327
  1495865.00  4916950.00    -6.30   2    327
  1495865.00  4916950.00    -6.80   2    327
  1495865.00  4917000.00     8.00   4    328
  1495865.00  4917000.00     7.50   4    328
  1495865.00  4917000.00     7.00   4    328
  1495865.00  4917000.00     6.50   4    328
  1495865.00  4917000.00     6.00   4    328
  1495865.00  4917000.00     5.50   4    328
  1495865.00  4917000.00     5.00   4    328
  1495865.00  4917000.00     4.50   4    328
  1495865.00  4917000.00     4.00   4    328
  1495865.00  4917000.00     3.50   4    328
  1495865.00  4917000.00     3.00   2    329
  1495865.00  4917000.00     2.50   2    329
  1495865.00  4917000.00     2.00   2    329
  1495865.00  4917000.00     1.50   2    329
  1495865.00  4917000.00     1.00   2    329
  1495865.00  4917000.00     0.50   2    329
  1495865.00  4917000.00     0.00   2    329
  1495865.00  4917000.00    -0.50   2    329
  1495865.00  4917000.00    -1.00   2    329
  1495865.00  4917000.00    -1.50   2    329
  1495865.00  4917000.00    -2.00   2    329
  1495865.00  4917000.00    -2.50   2    329
  1495865.00  4917000.00    -3.00   2    329
  1495865.00  4917000.00    -3.50   2    329
  1495865.00  4917000.00    -4.00   2    329
  1495865.00  4917000.00    -4.50   2    329
  1495865.00  4917000.00    -5.00   2    329
  1495865.00  4917000.00    -5.50   2    329
  1495865.00  4917000.00    -6.00   2    329
  1495865.00  4917000.00    -6.50   2    329
  1495865.00  4917000.00    -7.00   2    329
  1495865.00  4917000.00    -7.50   2    329
  1495865.00  4917000.00    -8.00   2    329
  1495865.00  4917000.00    -8.50   2    329
  1495865.00  4917000.00    -9.00   2    329
  1495865.00  4917000.00    -9.50   2    329
  1495865.00  4917000.00   -10.00   2    329
  1495865.00  4917000.00   -10.50   2    329
  1495865.00  4917000.00   -11.00   2    329
  1495865.00  4917000.00   -11.50   2    329
  1495865.00  4917000.00   -12.00   2    329
  1495865.00  4917000.00   -12.50   2    329
  1495865.00  4917000.00   -13.00   2    329
  1495865.00  4917000.00   -13.50   2    329
  1495865.00  4917000.00   -14.00   2    329
  1495865.00  4917000.00   -14.50   2    329
  1495865.00  4917000.00   -15.00   2    329
  1495865.00  4917000.00   -15.50   2    329
  1495865.00  4917000.00   -16.00   2    329
  1495865.00  4917000.00   -16.50   2    329
  1495865.00  4917000.00   -17.00   2    329
  1495865.00  4917000.00   -17.50   2    329
  1495865.00  4917000.00   -18.00   2    329
  1495865.00  4917000.00   -18.50   2    329
  1495865.00  4917000.00   -19.00   2    329
  1495865.00  4917000.00   -19.50   2    329
  1495865.00  4917000.00   -20.00   2    329
  1495865.00  4917000.00   -20.50   2    329
  1495865.00  4917000.00   -21.00   2    329
  1495865.00  4917000.00   -21.50   2    329
  1495865.00  4917000.00   -22.00   2    329
  1495865.00  4917000.00   -22.50   2    329
  1495865.00  4917000.00   -23.00   2    329
  1495865.00  4917000.00   -23.50   2    329
  1495865.00  4917000.00   -24.00   2    329
  1495865.00  4917000.00   -24.50   2    329
  1495865.00  4917000.00   -25.00   2    329
  1495865.00  4917000.00   -25.50   2    329
  1495865.00  4917000.00   -26.00   2    329
  1495865.00  4917000.00   -26.50   2    329
  1495865.00  4917000.00   -27.00   2    329
  1495865.00  4917000.00   -27.50   2    329
  1495865.00  4917000.00   -28.00   2    329
  1495865.00  4917000.00   -28.50   2    329
  1495865.00  4917000.00   -29.00   2    329
  1495865.00  4917000.00   -29.50   2    329
  1495865.00  4917000.00   -30.00   2    329
  1495865.00  4917000.00   -30.50   2    329
  1495865.00  4917000.00   -31.00   2    329
  1495865.00  4917000.00   -31.50   2    329
  1495865.00  4917000.00   -32.00   2    329
  1495865.00  4917000.00   -32.50   2    329
  1495865.00  4917000.00   -33.00   2    329
  1495865.00  4917000.00   -33.50   2    329
  1495865.00  4917000.00   -34.00   2    329
  1495865.00  4917000.00   -34.50   2    329
  1495865.00  4917000.00   -35.00   2    329
  1495865.00  4917000.00   -35.50   2    329
  1495865.00  4917000.00   -36.00   2    329
  1495865.00  4917000.00   -36.50   2    329
  1495865.00  4917000.00   -37.00   2    329
  1495865.00  4917000.00   -37.50   2    329
  1495865.00  4917000.00   -38.00   2    329
  1495865.00  4917000.00   -38.50   2    329
  1495865.00  4917000.00   -39.00   2    329
  1495865.00  4917000.00   -39.50   2    329
  1495865.00  4917000.00   -40.00   2    329
  1495865.00  4917000.00   -40.50   2    329
  1495865.00  4917000.00   -41.00   2    329
  1495865.00  4917000.00   -41.50   2    329
  1495865.00  4917000.00   -42.00   2    329
  1495865.00  4917000.00   -42.50   2    329
  1495865.00  4917000.00   -43.00   2    329
  1495865.00  4917000.00   -43.50   2    329
  1495865.00  4917000.00   -44.00   2    329
  1495865.00  4917000.00   -44.50   2    329
  1495865.00  4917000.00   -45.00   2    329
  1495865.00  4917000.00   -45.50   2    329
  1495865.00  4917000.00   -46.00   2    329
  1495865.00  4917000.00   -46.50   2    329
  1495865.00  4917000.00   -47.00   2    329
  1495865.00  4917000.00   -47.50   2    329
  1495865.00  4917000.00   -48.00   2    329
  1495865.00  4917000.00   -48.50   2    329
  1495865.00  4917000.00   -49.00   2    329
  1495865.00  4917000.00   -49.50   2    329
  1495865.00  4917000.00   -50.00   2    329
  1495865.00  4917000.00   -50.50   2    329
  1495865.00  4917000.00   -51.00   2    329
  1495865.00  4917000.00   -51.50   2    329
  1495865.00  4917000.00   -52.00   2    329
  1495865.00  4917000.00   -52.50   2    329
  1495865.00  4917000.00   -53.00   2    329
  1495865.00  4917000.00   -53.50   2    329
  1495865.00  4917000.00   -54.00   2    329
  1495865.00  4917000.00   -54.50   2    329
  1495865.00  4917000.00   -55.00   2    329
  1495865.00  4917000.00   -55.50   2    329
  1495865.00  4917000.00   -56.00   2    329
  1495865.00  4917000.00   -56.50   2    329
  1495865.00  4917000.00   -57.00   2    329
  1495865.00  4917000.00   -57.50   2    329
  1495865.00  4917000.00   -58.00   2    329
  1495865.00  4917000.00   -58.50   2    329
  1495865.00  4917000.00   -59.00   2    329
  1495865.00  4917000.00   -59.50   2    329
  1495865.00  4917000.00   -60.00   2    329
  1495865.00  4917000.00   -60.50   2    329
  1495865.00  4917000.00   -61.00   2    329
  1495865.00  4917000.00   -61.50   2    329
  1495680.00  4916625.00     6.80   4    331
  1495680.00  4916625.00     6.30   4    331
  1495680.00  4916625.00     5.80   4    331
  1495680.00  4916625.00     5.30   4    331
  1495680.00  4916625.00     4.80   4    331
  1495680.00  4916625.00     4.30   4    331
  1495680.00  4916625.00     3.80   4    331
  1495680.00  4916625.00     3.30   4    331
  1495680.00  4916625.00     2.80   4    331
  1495680.00  4916625.00     2.30   4    331
  1495680.00  4916625.00     1.80   4    331
  1495680.00  4916625.00     1.30   4    331
  1495680.00  4916625.00     0.80   4    331
  1495680.00  4916625.00     0.50   6    332
  1495680.00  4916625.00     0.00   6    332
  1495680.00  4916625.00    -0.50   6    332
  1495680.00  4916625.00    -1.00   6    332
  1495680.00  4916625.00    -1.70   6    333
  1495680.00  4916625.00    -2.20   6    333
  1495680.00  4916625.00    -2.70   6    333
  1495680.00  4916625.00    -3.20   6    333
  1495680.00  4916625.00    -3.70   6    333
  1495680.00  4916625.00    -4.20   6    333
  1495680.00  4916625.00    -4.80   6    334
  1495680.00  4916625.00    -5.30   6    334
  1495680.00  4916625.00    -5.80   6    334
  1495630.00  4916730.00     7.40   6    335
  1495630.00  4916730.00     7.00   4    336
  1495630.00  4916730.00     6.50   4    336
  1495630.00  4916730.00     6.00   4    336
  1495630.00  4916730.00     5.50   4    336
  1495630.00  4916730.00     5.00   4    336
  1495630.00  4916730.00     4.50   4    336
  1495630.00  4916730.00     4.00   4    336
  1495630.00  4916730.00     3.50   4    336
  1495630.00  4916730.00     2.90   6    337
  1495630.00  4916730.00     2.40   6    337
  1495630.00  4916730.00     1.90   6    337
  1495630.00  4916730.00     1.40   6    337
  1495630.00  4916730.00     0.90   6    337
  1495630.00  4916730.00     0.40   6    337
  1495630.00  4916730.00    -0.10   6    337
  1495630.00  4916730.00    -0.50   6    338
  1495630.00  4916730.00    -1.00   6    338
  1495630.00  4916730.00    -1.50   6    338
  1495630.00  4916730.00    -2.00   6    338
  1495630.00  4916730.00    -2.50   6    338
  1495630.00  4916730.00    -3.00   6    338
  1495630.00  4916730.00    -3.50   6    338
  1495630.00  4916730.00    -4.00   6    338
  1495630.00  4916730.00    -4.50   6    338
  1495630.00  4916730.00    -5.00   6    338
  1495630.00  4916730.00    -5.30   6    339
  1495630.00  4916730.00    -5.80   6    339
  1495630.00  4916730.00    -6.30   6    339
  1495630.00  4916730.00    -6.80   6    339
  1495630.00  4916730.00    -7.30   6    339
  1495630.00  4916730.00    -7.80   6    339
  1495630.00  4916730.00    -8.30   6    339
  1495630.00  4916730.00    -8.60   6    340
  1495630.00  4916730.00    -9.10   6    340
  1495630.00  4916730.00    -9.60   6    340
  1495630.00  4916730.00   -10.20   6    342
  1495630.00  4916730.00   -10.60   6    343
  1495630.00  4916730.00   -11.10   6    343
  1495630.00  4916730.00   -11.60   6    343
  1495630.00  4916730.00   -12.10   6    344
  1495630.00  4916730.00   -12.60   6    344
  1495630.00  4916730.00   -13.10   6    344
  1495630.00  4916730.00   -13.60   6    344
  1495630.00  4916730.00   -14.10   6    344
  1495630.00  4916730.00   -14.60   6    344
  1495630.00  4916730.00   -15.10   6    344
  1495630.00  4916730.00   -15.60   6    344
  1495630.00  4916730.00   -16.10   6    344
  1495630.00  4916730.00   -16.80   6    345
  1495630.00  4916730.00   -17.10   6    346
  1495630.00  4916730.00   -17.60   6    346
  1495630.00  4916730.00   -18.10   6    346
  1495630.00  4916730.00   -18.60   6    346
  1495630.00  4916730.00   -19.10   6    346
  1495630.00  4916730.00   -19.60   6    346
  1495630.00  4916730.00   -20.10   6    346
  1495630.00  4916730.00   -20.60   2    347
  1495630.00  4916730.00   -21.10   2    347
  1495690.00  4916635.00     6.80   4    349
  1495690.00  4916635.00     6.30   4    349
  1495690.00  4916635.00     5.80   4    349
  1495690.00  4916635.00     5.30   4    349
  1495690.00  4916635.00     4.80   4    349
  1495690.00  4916635.00     4.30   4    349
  1495690.00  4916635.00     3.80   4    349
  1495690.00  4916635.00     3.30   4    349
  1495690.00  4916635.00     2.70   6    350
  1495690.00  4916635.00     2.20   6    350
  1495690.00  4916635.00     1.70   6    350
  1495690.00  4916635.00     1.20   6    350
  1495690.00  4916635.00     0.70   6    350
  1495690.00  4916635.00     0.40   6    351
  1495690.00  4916635.00     0.10   6    352
  1495690.00  4916635.00    -0.40   6    352
  1495690.00  4916635.00    -0.90   6    352
  1495690.00  4916635.00    -1.40   6    352
  1495690.00  4916635.00    -1.90   6    352
  1495690.00  4916635.00    -2.40   6    352
  1495690.00  4916635.00    -2.90   6    352
  1495690.00  4916635.00    -3.40   6    352
  1495690.00  4916635.00    -3.90   6    352
  1495690.00  4916635.00    -4.40   6    352
  1495690.00  4916635.00    -4.90   6    352
  1495690.00  4916635.00    -5.40   6    352
  1495690.00  4916635.00    -5.90   6    352
  1495690.00  4916635.00    -6.30   6    353
  1495690.00  4916635.00    -6.80   6    353
  1495690.00  4916635.00    -7.30   6    353
  1495690.00  4916635.00    -7.80   6    353
  1495690.00  4916635.00    -8.30   6    353
  1495690.00  4916635.00    -8.80   6    353
  1495690.00  4916635.00    -9.20   6    354
  1495690.00  4916635.00    -9.70   6    354
  1495690.00  4916635.00   -10.00   6    355
  1495690.00  4916635.00   -10.50   6    355
  1495690.00  4916635.00   -11.20   6    357
  1495690.00  4916635.00   -11.70   6    357
  1495690.00  4916635.00   -12.20   6    357
  1495690.00  4916635.00   -12.70   6    357
  1495690.00  4916635.00   -13.20   6    357
  1495690.00  4916635.00   -13.70   6    357
  1495690.00  4916635.00   -14.20   6    357
  1495690.00  4916635.00   -14.70   6    357
  1495690.00  4916635.00   -15.20   6    357
  1495690.00  4916635.00   -15.70   6    357
  1495690.00  4916635.00   -16.20   6    357
  1495690.00  4916635.00   -16.70   6    357
  1495690.00  4916635.00   -17.00   2    358
  1495690.00  4916635.00   -17.50   2    358
  1495690.00  4916635.00   -18.00   2    358
  1495690.00  4916635.00   -18.50   2    358
  1495690.00  4916635.00   -19.00   2    358
  1495690.00  4916635.00   -19.50   2    358
  1495875.00  4916780.00     8.90   4    359
  1495875.00  4916780.00     8.40   4    359
  1495875.00  4916780.00     7.90   4    359
  1495875.00  4916780.00     7.40   4    359
  1495875.00  4916780.00     6.90   4    359
  1495875.00  4916780.00     6.40   4    359
  1495875.00  4916780.00     5.90   4    359
  1495875.00  4916780.00     5.40   4    359
  1495875.00  4916780.00     4.90   6    361
  1495875.00  4916780.00     4.40   6    361
  1495875.00  4916780.00     3.90   6    361
  1495875.00  4916780.00     3.40   6    361
  1495875.00  4916780.00     2.90   6    361
  1495875.00  4916780.00     2.40   6    361
  1495875.00  4916780.00     1.90   6    361
  1495875.00  4916780.00     1.40   6    361
  1495875.00  4916780.00     0.90   6    361
  1495875.00  4916780.00     0.40   6    361
  1495875.00  4916780.00    -0.10   6    361
  1495875.00  4916780.00    -0.60   6    361
  1495875.00  4916780.00    -1.10   2    362
  1495875.00  4916780.00    -1.60   2    362
  1495875.00  4916780.00    -2.10   2    362
  1495875.00  4916780.00    -2.60   2    362
  1495875.00  4916780.00    -3.10   2    362
  1495875.00  4916780.00    -3.60   2    362
  1495875.00  4916780.00    -4.10   2    362
  1495875.00  4916780.00    -4.60   2    362
  1495875.00  4916780.00    -5.10   2    362
  1495875.00  4916780.00    -5.60   2    362
  1495875.00  4916780.00    -6.10   2    362
  1495875.00  4916780.00    -6.60   2    362
  1495875.00  4916780.00    -7.10   2    362
  1495875.00  4916780.00    -7.60   2    362
  1495875.00  4916780.00    -8.10   2    362
  1495875.00  4916780.00    -8.60   2    362
  1495875.00  4916780.00    -9.10   2    362
  1495875.00  4916780.00    -9.60   2    362
  1495875.00  4916780.00   -10.10   2    362
  1495875.00  4916780.00   -10.60   2    362
  1495875.00  4916780.00   -11.10   2    362
  1495875.00  4916780.00   -11.60   2    362
  1495875.00  4916780.00   -12.10   2    362
  1495875.00  4916780.00   -12.60   2    362
  1495875.00  4916780.00   -13.10   2    362
  1495875.00  4916780.00   -13.60   2    362
  1495875.00  4916780.00   -14.10   2    362
  1495875.00  4916780.00   -14.60   2    362
  1495875.00  4916780.00   -15.10   2    363
  1495875.00  4916780.00   -15.60   2    363
  1495875.00  4916780.00   -16.10   2    363
  1495875.00  4916780.00   -16.60   2    363
  1495875.00  4916780.00   -17.10   2    363
  1495875.00  4916780.00   -17.60   2    363
  1495875.00  4916780.00   -18.10   2    363
  1495875.00  4916780.00   -18.60   2    363
  1495875.00  4916780.00   -19.10   2    363
  1495875.00  4916780.00   -19.60   2    363
  1495875.00  4916780.00   -20.10   2    363
  1495875.00  4916780.00   -20.60   2    363
  1495920.00  4916770.00     8.80   4    364
  1495920.00  4916770.00     8.30   4    364
  1495920.00  4916770.00     7.80   4    364
  1495920.00  4916770.00     7.30   4    364
  1495920.00  4916770.00     6.80   4    364
  1495920.00  4916770.00     6.30   4    364
  1495920.00  4916770.00     5.80   4    364
  1495920.00  4916770.00     5.30   4    364
  1495920.00  4916770.00     4.80   6    365
  1495920.00  4916770.00     4.30   6    365
  1495920.00  4916770.00     3.80   6    365
  1495920.00  4916770.00     3.30   6    365
  1495920.00  4916770.00     2.80   6    365
  1495920.00  4916770.00     2.30   6    365
  1495920.00  4916770.00     1.80   6    365
  1495920.00  4916770.00     1.30   6    365
  1495920.00  4916770.00     0.80   2    366
  1495920.00  4916770.00     0.30   2    366
  1495920.00  4916770.00    -0.20   2    366
  1495920.00  4916770.00    -0.70   2    366
  1495920.00  4916770.00    -1.20   2    366
  1495920.00  4916770.00    -1.70   2    366
  1495920.00  4916770.00    -2.20   2    366
  1495920.00  4916770.00    -2.70   2    366
  1495920.00  4916770.00    -3.20   2    366
  1495920.00  4916770.00    -3.70   2    366
  1495920.00  4916770.00    -4.20   2    366
  1495920.00  4916770.00    -4.70   2    366
  1495920.00  4916770.00    -5.20   2    366
  1495920.00  4916770.00    -5.70   2    366
  1495920.00  4916770.00    -6.20   2    366
  1495920.00  4916770.00    -6.70   2    366
  1495920.00  4916770.00    -7.20   2    366
  1495920.00  4916770.00    -7.70   2    366
  1495920.00  4916770.00    -8.20   2    366
  1495920.00  4916770.00    -8.70   2    366
  1495920.00  4916770.00    -9.20   2    366
  1495920.00  4916770.00    -9.70   2    366
  1495920.00  4916770.00   -10.20   2    366
  1495920.00  4916770.00   -10.70   2    366
  1495920.00  4916770.00   -11.20   2    366
  1495920.00  4916770.00   -11.70   2    366
  1495920.00  4916770.00   -12.20   2    366
  1495920.00  4916770.00   -12.70   2    366
  1495920.00  4916770.00   -13.20   2    366
  1495920.00  4916770.00   -13.70   2    366
  1495920.00  4916770.00   -14.20   2    366
  1495920.00  4916770.00   -14.70   2    366
  1495920.00  4916770.00   -15.20   2    367
  1495920.00  4916770.00   -15.70   2    367
  1495920.00  4916770.00   -16.20   2    367
  1495920.00  4916770.00   -16.70   2    367
  1495920.00  4916770.00   -17.20   2    367
  1495920.00  4916770.00   -17.70   2    367
  1495920.00  4916770.00   -18.20   2    367
  1495920.00  4916770.00   -18.70   2    367
  1495920.00  4916770.00   -19.20   2    367
  1495920.00  4916770.00   -19.70   2    367
  1495920.00  4916770.00   -20.20   2    367
  1495920.00  4916770.00   -20.70   2    367
  1495935.00  4916810.00     8.10   4    368
  1495935.00  4916810.00     7.60   4    368
  1495935.00  4916810.00     7.10   4    368
  1495935.00  4916810.00     6.60   4    368
  1495935.00  4916810.00     6.10   4    368
  1495935.00  4916810.00     5.60   4    368
  1495935.00  4916810.00     5.10   4    368
  1495935.00  4916810.00     4.60   4    368
  1495935.00  4916810.00     4.10   6    369
  1495935.00  4916810.00     3.60   6    369
  1495935.00  4916810.00     3.10   6    369
  1495935.00  4916810.00     2.60   6    369
  1495935.00  4916810.00     2.10   6    369
  1495935.00  4916810.00     1.60   6    369
  1495935.00  4916810.00     1.10   6    369
  1495935.00  4916810.00     0.60   6    369
  1495935.00  4916810.00     0.10   2    370
  1495935.00  4916810.00    -0.40   2    370
  1495935.00  4916810.00    -0.90   2    370
  1495935.00  4916810.00    -1.40   2    370
  1495935.00  4916810.00    -1.90   2    370
  1495935.00  4916810.00    -2.40   2    370
  1495935.00  4916810.00    -2.90   2    370
  1495935.00  4916810.00    -3.40   2    370
  1495935.00  4916810.00    -3.90   2    370
  1495935.00  4916810.00    -4.40   2    370
  1495935.00  4916810.00    -4.90   2    370
  1495935.00  4916810.00    -5.40   2    370
  1495935.00  4916810.00    -5.90   2    370
  1495935.00  4916810.00    -6.40   2    370
  1495935.00  4916810.00    -6.90   2    370
  1495935.00  4916810.00    -7.40   2    370
  1495935.00  4916810.00    -7.90   2    370
  1495935.00  4916810.00    -8.40   2    370
  1495935.00  4916810.00    -8.90   2    370
  1495935.00  4916810.00    -9.40   2    370
  1495935.00  4916810.00    -9.90   2    370
  1495935.00  4916810.00   -10.40   2    370
  1495935.00  4916810.00   -10.90   2    370
  1495935.00  4916810.00   -11.40   2    370
  1495935.00  4916810.00   -11.90   2    370
  1495935.00  4916810.00   -12.40   2    370
  1495935.00  4916810.00   -12.90   2    370
  1495935.00  4916810.00   -13.40   2    370
  1495935.00  4916810.00   -13.90   2    371
  1495935.00  4916810.00   -14.40   2    371
  1495935.00  4916810.00   -14.90   2    371
  1495935.00  4916810.00   -15.40   2    371
  1495935.00  4916810.00   -15.90   2    371
  1495935.00  4916810.00   -16.40   2    371
  1495935.00  4916810.00   -16.90   2    371
  1495935.00  4916810.00   -17.40   2    371
  1495935.00  4916810.00   -17.90   2    371
  1495935.00  4916810.00   -18.40   2    371
  1495935.00  4916810.00   -18.90   2    371
  1495935.00  4916810.00   -19.40   2    371
  1495935.00  4916810.00   -19.90   2    371
  1495935.00  4916810.00   -20.40   2    371
  1495935.00  4916810.00   -20.90   2    371
  1495935.00  4916810.00   -21.40   2    371
  1495940.00  4916845.00     8.80   4    372
  1495940.00  4916845.00     8.30   4    372
  1495940.00  4916845.00     7.80   4    372
  1495940.00  4916845.00     7.30   4    372
  1495940.00  4916845.00     6.80   4    372
  1495940.00  4916845.00     6.30   4    372
  1495940.00  4916845.00     5.80   4    372
  1495940.00  4916845.00     5.30   4    372
  1495940.00  4916845.00     5.00   6    373
  1495940.00  4916845.00     4.60   6    374
  1495940.00  4916845.00     4.10   6    374
  1495940.00  4916845.00     3.60   6    374
  1495940.00  4916845.00     3.10   6    374
  1495940.00  4916845.00     2.60   6    374
  1495940.00  4916845.00     2.10   6    374
  1495940.00  4916845.00     1.60   6    374
  1495940.00  4916845.00     1.10   6    374
  1495940.00  4916845.00     0.80   2    375
  1495940.00  4916845.00     0.30   2    375
  1495940.00  4916845.00    -0.20   2    375
  1495940.00  4916845.00    -0.70   2    375
  1495940.00  4916845.00    -1.20   2    375
  1495940.00  4916845.00    -1.70   2    375
  1495940.00  4916845.00    -2.20   2    375
  1495940.00  4916845.00    -2.70   2    375
  1495940.00  4916845.00    -3.20   2    375
  1495940.00  4916845.00    -3.70   2    375
  1495940.00  4916845.00    -4.20   2    375
  1495940.00  4916845.00    -4.70   2    375
  1495940.00  4916845.00    -5.20   2    375
  1495940.00  4916845.00    -5.70   2    375
  1495940.00  4916845.00    -6.20   2    375
  1495940.00  4916845.00    -6.70   2    375
  1495940.00  4916845.00    -7.20   2    375
  1495940.00  4916845.00    -7.70   2    375
  1495940.00  4916845.00    -8.20   2    375
  1495940.00  4916845.00    -8.70   2    375
  1495940.00  4916845.00    -9.20   2    375
  1495940.00  4916845.00    -9.70   2    375
  1495940.00  4916845.00   -10.20   2    375
  1495940.00  4916845.00   -10.70   2    375
  1495940.00  4916845.00   -11.20   2    375
  1495940.00  4916845.00   -11.70   2    375
  1495940.00  4916845.00   -12.20   2    375
  1495940.00  4916845.00   -12.70   2    375
  1495940.00  4916845.00   -13.20   2    375
  1495940.00  4916845.00   -13.60   2    376
  1495940.00  4916845.00   -14.10   2    376
  1495940.00  4916845.00   -14.60   2    376
  1495940.00  4916845.00   -15.10   2    376
  1495940.00  4916845.00   -15.60   2    376
  1495940.00  4916845.00   -16.10   2    376
  1495940.00  4916845.00   -16.60   2    376
  1495940.00  4916845.00   -17.10   2    376
  1495940.00  4916845.00   -17.60   2    376
  1495940.00  4916845.00   -18.10   2    376
  1495940.00  4916845.00   -18.60   2    376
  1495940.00  4916845.00   -19.10   2    376
  1495940.00  4916845.00   -19.60   2    376
  1495940.00  4916845.00   -20.10   2    376
  1495940.00  4916845.00   -20.60   2    376
  1495900.00  4916865.00     8.80   4    377
  1495900.00  4916865.00     8.30   4    377
  1495900.00  4916865.00     7.80   4    377
  1495900.00  4916865.00     7.30   4    377
  1495900.00  4916865.00     6.80   4    377
  1495900.00  4916865.00     6.30   4    377
  1495900.00  4916865.00     5.80   4    377
  1495900.00  4916865.00     5.30   6    378
  1495900.00  4916865.00     4.80   6    379
  1495900.00  4916865.00     4.30   6    379
  1495900.00  4916865.00     3.80   6    379
  1495900.00  4916865.00     3.30   6    379
  1495900.00  4916865.00     2.80   6    379
  1495900.00  4916865.00     2.30   6    379
  1495900.00  4916865.00     1.80   6    379
  1495900.00  4916865.00     1.30   6    379
  1495900.00  4916865.00     0.80   6    379
  1495900.00  4916865.00     0.30   6    379
  1495900.00  4916865.00    -0.20   6    379
  1495900.00  4916865.00    -0.70   6    379
  1495900.00  4916865.00    -1.20   6    379
  1495900.00  4916865.00    -1.70   6    379
  1495900.00  4916865.00    -2.20   2    380
  1495900.00  4916865.00    -2.70   2    380
  1495900.00  4916865.00    -3.20   2    380
  1495900.00  4916865.00    -3.70   2    380
  1495900.00  4916865.00    -4.20   2    380
  1495900.00  4916865.00    -4.70   2    380
  1495900.00  4916865.00    -5.20   2    380
  1495900.00  4916865.00    -5.70   2    380
  1495900.00  4916865.00    -6.20   2    380
  1495900.00  4916865.00    -6.70   2    380
  1495900.00  4916865.00    -7.20   2    380
  1495900.00  4916865.00    -7.70   2    380
  1495900.00  4916865.00    -8.20   2    380
  1495900.00  4916865.00    -8.70   2    380
  1495900.00  4916865.00    -9.20   2    380
  1495900.00  4916865.00    -9.70   2    380
  1495900.00  4916865.00   -10.20   2    380
  1495900.00  4916865.00   -10.70   2    380
  1495900.00  4916865.00   -11.20   2    380
  1495900.00  4916865.00   -11.70   2    380
  1495900.00  4916865.00   -12.20   2    380
  1495900.00  4916865.00   -12.70   2    380
  1495900.00  4916865.00   -13.20   2    380
  1495900.00  4916865.00   -13.70   2    380
  1495900.00  4916865.00   -14.20   2    380
  1495900.00  4916865.00   -14.70   2    380
  1495900.00  4916865.00   -15.20   2    381
  1495900.00  4916865.00   -15.70   2    381
  1495900.00  4916865.00   -16.20   2    381
  1495900.00  4916865.00   -16.70   2    381
  1495900.00  4916865.00   -17.20   2    381
  1495900.00  4916865.00   -17.70   2    381
  1495900.00  4916865.00   -18.20   2    381
  1495900.00  4916865.00   -18.70   2    381
  1495900.00  4916865.00   -19.20   2    381
  1495900.00  4916865.00   -19.70   2    381
  1495900.00  4916865.00   -20.20   2    381
  1495900.00  4916865.00   -20.70   2    381
  1495940.00  4916880.00     7.80   4    382
  1495940.00  4916880.00     7.30   4    382
  1495940.00  4916880.00     6.80   4    382
  1495940.00  4916880.00     6.30   4    382
  1495940.00  4916880.00     5.80   4    382
  1495940.00  4916880.00     5.30   4    382
  1495940.00  4916880.00     4.80   6    383
  1495940.00  4916880.00     4.20   2    384
  1495940.00  4916880.00     3.70   2    384
  1495940.00  4916880.00     3.20   2    384
  1495940.00  4916880.00     2.70   2    384
  1495940.00  4916880.00     2.20   2    384
  1495940.00  4916880.00     1.70   2    384
  1495940.00  4916880.00     1.20   2    384
  1495940.00  4916880.00     0.70   2    384
  1495940.00  4916880.00     0.20   2    384
  1495940.00  4916880.00    -0.30   2    384
  1495940.00  4916880.00    -0.80   2    384
  1495940.00  4916880.00    -1.30   2    384
  1495940.00  4916880.00    -1.80   2    384
  1495940.00  4916880.00    -2.30   2    384
  1495940.00  4916880.00    -2.80   2    384
  1495940.00  4916880.00    -3.30   2    384
  1495940.00  4916880.00    -3.80   2    384
  1495940.00  4916880.00    -4.30   2    384
  1495940.00  4916880.00    -4.80   2    384
  1495940.00  4916880.00    -5.30   2    384
  1495940.00  4916880.00    -5.80   2    384
  1495940.00  4916880.00    -6.30   2    384
  1495940.00  4916880.00    -6.80   2    384
  1495940.00  4916880.00    -7.30   2    384
  1495940.00  4916880.00    -7.80   2    384
  1495940.00  4916880.00    -8.30   2    384
  1495940.00  4916880.00    -8.80   2    384
  1495940.00  4916880.00    -9.30   2    384
  1495940.00  4916880.00    -9.80   2    384
  1495940.00  4916880.00   -10.30   2    384
  1495940.00  4916880.00   -10.80   2    384
  1495940.00  4916880.00   -11.30   2    384
  1495940.00  4916880.00   -11.80   2    384
  1495940.00  4916880.00   -12.30   2    384
  1495940.00  4916880.00   -12.80   2    384
  1495940.00  4916880.00   -13.20   2    385
  1495940.00  4916880.00   -13.70   2    385
  1495940.00  4916880.00   -14.20   2    385
  1495940.00  4916880.00   -14.70   2    385
  1495940.00  4916880.00   -15.20   2    385
  1495940.00  4916880.00   -15.70   2    385
  1495940.00  4916880.00   -16.20   2    385
  1495940.00  4916880.00   -16.70   2    385
  1495940.00  4916880.00   -17.20   2    385
  1495940.00  4916880.00   -17.70   2    385
  1495940.00  4916880.00   -18.20   2    385
  1495940.00  4916880.00   -18.70   2    385
  1495940.00  4916880.00   -19.20   2    385
  1495940.00  4916880.00   -19.70   2    385
  1495940.00  4916880.00   -20.20   2    385
  1495940.00  4916880.00   -20.70   2    385
  1495940.00  4916880.00   -21.20   2    385
  1495940.00  4916880.00   -21.70   2    385
  1495935.00  4917170.00     8.40   4    386
  1495935.00  4917170.00     7.90   4    386
  1495935.00  4917170.00     7.40   4    386
  1495935.00  4917170.00     6.90   4    386
  1495935.00  4917170.00     6.40   4    386
  1495935.00  4917170.00     5.90   4    386
  1495935.00  4917170.00     5.40   4    386
  1495935.00  4917170.00     4.90   6    387
  1495935.00  4917170.00     4.40   6    387
  1495935.00  4917170.00     3.90   6    387
  1495935.00  4917170.00     3.40   6    387
  1495935.00  4917170.00     2.90   6    387
  1495935.00  4917170.00     2.40   6    387
  1495935.00  4917170.00     1.90   6    387
  1495935.00  4917170.00     1.40   6    387
  1495935.00  4917170.00     1.10   6    388
  1495935.00  4917170.00     0.60   6    388
  1495935.00  4917170.00     0.10   6    388
  1495935.00  4917170.00    -0.30   5    389
  1495935.00  4917170.00    -0.80   5    389
  1495935.00  4917170.00    -1.30   5    389
  1495935.00  4917170.00    -1.80   5    389
  1495935.00  4917170.00    -2.30   5    389
  1495935.00  4917170.00    -2.80   5    389
  1495935.00  4917170.00    -3.30   5    389
  1495935.00  4917170.00    -3.80   5    389
  1495935.00  4917170.00    -4.30   5    389
  1495935.00  4917170.00    -4.80   5    389
  1495935.00  4917170.00    -5.30   5    389
  1495935.00  4917170.00    -5.80   5    389
  1495935.00  4917170.00    -6.30   5    389
  1495935.00  4917170.00    -6.80   5    389
  1495935.00  4917170.00    -7.30   5    389
  1495935.00  4917170.00    -7.80   5    389
  1495935.00  4917170.00    -8.30   5    389
  1495935.00  4917170.00    -8.80   5    389
  1495935.00  4917170.00    -9.30   5    389
  1495935.00  4917170.00    -9.80   5    389
  1495935.00  4917170.00   -10.30   5    389
  1495935.00  4917170.00   -10.80   5    389
  1495935.00  4917170.00   -11.30   5    389
  1495920.00  4917165.00     8.30   4    390
  1495920.00  4917165.00     7.80   4    390
  1495920.00  4917165.00     7.30   4    390
  1495920.00  4917165.00     6.80   4    390
  1495920.00  4917165.00     6.30   4    390
  1495920.00  4917165.00     5.80   4    390
  1495920.00  4917165.00     5.30   4    390
  1495920.00  4917165.00     4.60   5    391
  1495920.00  4917165.00     4.10   5    391
  1495920.00  4917165.00     3.60   5    391
  1495920.00  4917165.00     3.10   5    391
  1495920.00  4917165.00     2.60   5    391
  1495920.00  4917165.00     2.10   5    391
  1495920.00  4917165.00     1.60   5    391
  1495920.00  4917165.00     1.10   5    391
  1495920.00  4917165.00     0.60   5    391
  1495920.00  4917165.00     0.10   5    391
  1495920.00  4917165.00    -0.40   5    391
  1495920.00  4917165.00    -0.90   5    391
  1495920.00  4917165.00    -1.40   5    391
  1495905.00  4917162.00     8.40   4    392
  1495905.00  4917162.00     7.90   4    392
  1495905.00  4917162.00     7.40   4    392
  1495905.00  4917162.00     6.90   4    392
  1495905.00  4917162.00     6.40   4    392
  1495905.00  4917162.00     5.90   6    393
  1495905.00  4917162.00     5.40   6    393
  1495905.00  4917162.00     4.90   6    393
  1495905.00  4917162.00     4.50   5    394
  1495905.00  4917162.00     4.00   5    394
  1495905.00  4917162.00     3.50   5    394
  1495905.00  4917162.00     3.00   5    394
  1495905.00  4917162.00     2.50   5    394
  1495905.00  4917162.00     2.00   5    394
  1495905.00  4917162.00     1.50   5    394
  1495905.00  4917162.00     1.00   5    394
  1495905.00  4917162.00     0.50   5    394
  1495915.00  4917150.00     8.00   4    395
  1495915.00  4917150.00     7.50   4    395
  1495915.00  4917150.00     7.00   4    395
  1495915.00  4917150.00     6.50   4    395
  1495915.00  4917150.00     6.00   4    395
  1495915.00  4917150.00     5.50   4    395
  1495915.00  4917150.00     5.00   4    395
  1495915.00  4917150.00     4.50   4    395
  1495915.00  4917150.00     4.00   4    395
  1495915.00  4917150.00     3.50   4    395
  1495915.00  4917150.00     3.00   4    395
  1495915.00  4917150.00     2.30   6    396
  1495915.00  4917150.00     1.80   6    396
  1495915.00  4917150.00     1.30   6    396
  1495915.00  4917150.00     0.60   5    397
  1495915.00  4917150.00     0.10   5    397
  1495915.00  4917150.00    -0.40   5    397
  1495915.00  4917150.00    -0.90   5    397
  1495915.00  4917150.00    -1.40   5    397
  1495915.00  4917150.00    -1.90   5    397
  1495915.00  4917150.00    -2.40   5    397
  1495915.00  4917150.00    -2.90   5    397
  1495915.00  4917150.00    -3.40   5    397
  1495915.00  4917150.00    -3.90   5    397
  1495915.00  4917150.00    -4.40   5    397
  1495915.00  4917150.00    -4.90   5    397
  1495915.00  4917150.00    -5.40   5    397
  1495915.00  4917150.00    -5.90   5    397
  1495915.00  4917150.00    -6.40   5    397
  1495915.00  4917150.00    -6.90   5    397
  1495915.00  4917150.00    -7.40   5    397
  1495915.00  4917150.00    -7.90   5    397
  1495915.00  4917150.00    -8.40   5    397
  1495915.00  4917150.00    -8.90   5    397
  1495915.00  4917150.00    -9.40   5    397
  1495940.00  4917140.00     8.10   4    398
  1495940.00  4917140.00     7.60   4    398
  1495940.00  4917140.00     7.10   4    398
  1495940.00  4917140.00     6.60   4    398
  1495940.00  4917140.00     6.10   4    398
  1495940.00  4917140.00     5.60   4    398
  1495940.00  4917140.00     5.10   6    399
  1495940.00  4917140.00     4.60   6    399
  1495940.00  4917140.00     4.10   6    399
  1495940.00  4917140.00     3.60   6    399
  1495940.00  4917140.00     3.00   6    400
  1495940.00  4917140.00     2.50   6    400
  1495940.00  4917140.00     2.00   6    400
  1495940.00  4917140.00     1.50   6    400
  1495940.00  4917140.00     1.00   6    400
  1495940.00  4917140.00     0.50   6    400
  1495940.00  4917140.00     0.00   6    400
  1495940.00  4917140.00    -0.60   5    401
  1495940.00  4917140.00    -1.10   5    401
  1495940.00  4917140.00    -1.60   5    401
  1495940.00  4917140.00    -2.10   5    401
  1495940.00  4917140.00    -2.60   5    401
  1495940.00  4917140.00    -3.10   5    401
  1495940.00  4917140.00    -3.60   5    401
  1495940.00  4917140.00    -4.10   5    401
  1495960.00  4917125.00     8.10   4    402
  1495960.00  4917125.00     7.60   4    402
  1495960.00  4917125.00     7.10   4    402
  1495960.00  4917125.00     6.60   4    402
  1495960.00  4917125.00     6.10   4    402
  1495960.00  4917125.00     5.60   4    402
  1495960.00  4917125.00     5.10   4    402
  1495960.00  4917125.00     4.60   4    402
  1495960.00  4917125.00     3.90   6    403
  1495960.00  4917125.00     3.40   6    403
  1495960.00  4917125.00     2.70   6    404
  1495960.00  4917125.00     2.10   6    405
  1495960.00  4917125.00     1.60   6    405
  1495960.00  4917125.00     1.10   6    405
  1495960.00  4917125.00     0.60   6    405
  1495960.00  4917125.00     0.20   6    406
  1495960.00  4917125.00    -0.30   6    406
  1495960.00  4917125.00    -0.80   6    406
  1495960.00  4917125.00    -1.30   6    406
  1495960.00  4917125.00    -1.70   6    407
  1495960.00  4917125.00    -2.20   6    407
  1495960.00  4917125.00    -2.70   6    407
  1495960.00  4917125.00    -3.20   6    407
  1495960.00  4917125.00    -3.70   6    407
  1495960.00  4917125.00    -4.20   6    407
  1495960.00  4917125.00    -4.70   6    407
  1495960.00  4917125.00    -5.20   6    407
  1495960.00  4917125.00    -5.60   6    408
  1495960.00  4917125.00    -5.90   6    409
  1495960.00  4917125.00    -6.40   6    409
  1495960.00  4917125.00    -6.90   6    409
  1495960.00  4917125.00    -7.40   6    409
  1495960.00  4917125.00    -8.10   5    410
  1495960.00  4917125.00    -8.60   5    410
  1495960.00  4917125.00    -9.10   5    410
  1495960.00  4917125.00    -9.60   5    410
  1495960.00  4917125.00   -10.10   5    410
  1495960.00  4917125.00   -10.60   5    410
  1495960.00  4917125.00   -11.10   5    410
  1495960.00  4917125.00   -11.60   5    410
  1495970.00  4917110.00    12.70   4    411
  1495970.00  4917110.00    12.20   4    411
  1495970.00  4917110.00    11.70   4    411
  1495970.00  4917110.00    11.20   4    411
  1495970.00  4917110.00    10.70   4    411
  1495970.00  4917110.00    10.20   4    411
  1495970.00  4917110.00     9.70   4    411
  1495970.00  4917110.00     9.20   4    411
  1495970.00  4917110.00     8.70   4    411
  1495970.00  4917110.00     8.20   4    411
  1495970.00  4917110.00     7.70   4    411
  1495970.00  4917110.00     7.20   4    411
  1495970.00  4917110.00     6.70   4    411
  1495970.00  4917110.00     6.20   4    411
  1495970.00  4917110.00     5.70   4    411
  1495970.00  4917110.00     5.20   4    411
  1495970.00  4917110.00     4.50   6    412
  1495970.00  4917110.00     4.00   6    412
  1495970.00  4917110.00     3.50   6    412
  1495970.00  4917110.00     3.00   6    412
  1495970.00  4917110.00     2.50   6    412
  1495970.00  4917110.00     2.00   6    412
  1495970.00  4917110.00     1.50   6    412
  1495970.00  4917110.00     1.00   6    412
  1495970.00  4917110.00     0.50   6    412
  1495970.00  4917110.00     0.00   6    412
  1495970.00  4917110.00    -0.50   6    412
  1495970.00  4917110.00    -1.00   6    412
  1495970.00  4917110.00    -1.50   6    412
  1495970.00  4917110.00    -2.00   6    412
  1495970.00  4917110.00    -2.50   6    412
  1495970.00  4917110.00    -3.00   6    412
  1495970.00  4917110.00    -3.50   6    412
  1495970.00  4917110.00    -4.00   6    412
  1495970.00  4917110.00    -4.50   6    412
  1495970.00  4917110.00    -5.10   6    413
  1495970.00  4917110.00    -5.60   6    413
  1495970.00  4917110.00    -6.10   6    413
  1495970.00  4917110.00    -6.60   6    413
  1495970.00  4917110.00    -7.30   6    414
  1495970.00  4917110.00    -7.80   6    414
  1495970.00  4917110.00    -8.30   6    414
  1495970.00  4917110.00    -8.80   6    414
  1495970.00  4917110.00    -9.30   6    414
  1495970.00  4917110.00    -9.80   6    414
  1495970.00  4917110.00   -10.30   6    414
  1495970.00  4917110.00   -10.80   6    414
  1495970.00  4917110.00   -11.30   6    414
  1495970.00  4917110.00   -11.80   6    414
  1495970.00  4917110.00   -12.30   6    414
  1495970.00  4917110.00   -12.80   6    414
  1495970.00  4917110.00   -13.30   6    414
  1495970.00  4917110.00   -13.80   6    414
  1495970.00  4917110.00   -14.30   6    414
  1495970.00  4917110.00   -14.60   6    415
  1495970.00  4917110.00   -15.10   6    415
  1495970.00  4917110.00   -15.60   6    415
  1495970.00  4917110.00   -16.10   6    415
  1495970.00  4917110.00   -16.60   6    415
  1495970.00  4917110.00   -16.90   6    416
  1495970.00  4917110.00   -17.50   6    418
  1495970.00  4917110.00   -18.00   6    418
  1495970.00  4917110.00   -18.50   6    418
  1495970.00  4917110.00   -19.00   6    418
  1495970.00  4917110.00   -19.30   5    419
  1495970.00  4917110.00   -19.80   5    419
  1495980.00  4917100.00    12.70   4    420
  1495980.00  4917100.00    12.20   4    420
  1495980.00  4917100.00    11.70   4    420
  1495980.00  4917100.00    11.20   4    420
  1495980.00  4917100.00    10.70   4    420
  1495980.00  4917100.00    10.20   4    420
  1495980.00  4917100.00     9.70   4    420
  1495980.00  4917100.00     9.20   4    420
  1495980.00  4917100.00     8.70   4    420
  1495980.00  4917100.00     8.40   6    421
  1495980.00  4917100.00     7.90   6    421
  1495980.00  4917100.00     7.40   6    421
  1495980.00  4917100.00     6.90   6    421
  1495980.00  4917100.00     6.40   6    421
  1495980.00  4917100.00     5.90   6    421
  1495980.00  4917100.00     5.40   6    421
  1495980.00  4917100.00     4.90   6    421
  1495980.00  4917100.00     4.40   6    421
  1495980.00  4917100.00     3.90   6    421
  1495980.00  4917100.00     3.40   6    421
  1495980.00  4917100.00     2.90   6    421
  1495980.00  4917100.00     2.40   6    421
  1495980.00  4917100.00     1.90   6    421
  1495980.00  4917100.00     1.40   6    421
  1495980.00  4917100.00     0.70   6    422
  1495980.00  4917100.00     0.20   6    422
  1495980.00  4917100.00    -0.40   6    423
  1495980.00  4917100.00    -0.90   6    423
  1495980.00  4917100.00    -1.40   6    423
  1495980.00  4917100.00    -1.90   6    423
  1495980.00  4917100.00    -2.40   6    423
  1495980.00  4917100.00    -2.90   6    423
  1495980.00  4917100.00    -3.40   6    423
  1495980.00  4917100.00    -3.90   6    423
  1495980.00  4917100.00    -4.40   6    423
  1495980.00  4917100.00    -4.90   6    423
  1495980.00  4917100.00    -5.40   6    423
  1495980.00  4917100.00    -5.90   6    423
  1495980.00  4917100.00    -6.40   6    423
  1495980.00  4917100.00    -6.90   6    423
  1495980.00  4917100.00    -7.40   6    423
  1495985.00  4917120.00     7.50   4    424
  1495985.00  4917120.00     7.00   4    424
  1495985.00  4917120.00     6.50   4    424
  1495985.00  4917120.00     6.00   4    424
  1495985.00  4917120.00     5.50   4    424
  1495985.00  4917120.00     5.00   4    424
  1495985.00  4917120.00     4.50   4    424
  1495985.00  4917120.00     3.90   6    425
  1495985.00  4917120.00     3.40   6    425
  1495985.00  4917120.00     2.90   6    425
  1495985.00  4917120.00     2.50   6    426
  1495985.00  4917120.00     2.00   6    426
  1495985.00  4917120.00     1.50   6    426
  1495985.00  4917120.00     1.00   6    426
  1495985.00  4917120.00     0.50   6    426
  1495985.00  4917120.00     0.00   6    426
  1495985.00  4917120.00    -0.50   6    426
  1495985.00  4917120.00    -1.00   6    426
  1495985.00  4917120.00    -1.50   6    426
  1495985.00  4917120.00    -2.00   6    426
  1495985.00  4917120.00    -2.50   6    426
  1495985.00  4917120.00    -3.00   6    426
  1495985.00  4917120.00    -3.50   6    427
  1495985.00  4917120.00    -4.00   6    427
  1495985.00  4917120.00    -4.50   6    427
  1495985.00  4917120.00    -5.00   6    427
  1495985.00  4917120.00    -5.50   6    427
  1495985.00  4917120.00    -6.00   6    427
  1495985.00  4917120.00    -6.50   6    427
  1495985.00  4917120.00    -7.00   6    427
  1495985.00  4917120.00    -7.50   6    427
  1495985.00  4917120.00    -8.00   6    427
  1495985.00  4917120.00    -8.50   6    427
  1495985.00  4917120.00    -9.00   6    427
  1495985.00  4917120.00    -9.50   6    427
  1495985.00  4917120.00   -10.00   6    427
  1495985.00  4917120.00   -10.50   6    427
  1495985.00  4917120.00   -11.00   6    427
  1495985.00  4917120.00   -11.50   6    427
  1495985.00  4917120.00   -11.80   6    428
  1495985.00  4917120.00   -12.30   6    428
  1495985.00  4917120.00   -12.80   6    428
  1495985.00  4917120.00   -13.10   6    429
  1495985.00  4917120.00   -13.60   6    429
  1495985.00  4917120.00   -14.10   6    429
  1495985.00  4917120.00   -14.60   6    429
  1495985.00  4917120.00   -15.10   6    429
  1495985.00  4917120.00   -15.60   6    429
  1495985.00  4917120.00   -16.10   6    429
  1495985.00  4917120.00   -16.60   6    429
  1495985.00  4917120.00   -17.10   6    429
  1495985.00  4917120.00   -17.60   6    429
  1495985.00  4917120.00   -18.20   5    430
  1495985.00  4917120.00   -18.70   5    430
  1495985.00  4917120.00   -19.20   5    430
  1495985.00  4917120.00   -19.70   5    430
  1495985.00  4917120.00   -20.20   5    430
  1495985.00  4917120.00   -20.70   5    430
  1495995.00  4917135.00     7.80   4    431
  1495995.00  4917135.00     7.30   4    431
  1495995.00  4917135.00     6.80   4    431
  1495995.00  4917135.00     6.30   4    431
  1495995.00  4917135.00     5.80   4    431
  1495995.00  4917135.00     5.30   4    431
  1495995.00  4917135.00     4.80   4    431
  1495995.00  4917135.00     4.40   6    432
  1495995.00  4917135.00     3.90   6    432
  1495995.00  4917135.00     3.40   6    432
  1495995.00  4917135.00     3.10   6    433
  1495995.00  4917135.00     2.60   6    433
  1495995.00  4917135.00     2.10   6    433
  1495995.00  4917135.00     1.60   6    433
  1495995.00  4917135.00     1.10   6    433
  1495995.00  4917135.00     0.60   6    433
  1495995.00  4917135.00     0.10   6    433
  1495995.00  4917135.00    -0.40   6    433
  1495995.00  4917135.00    -0.90   6    433
  1495995.00  4917135.00    -1.40   6    433
  1495995.00  4917135.00    -1.90   6    433
  1495995.00  4917135.00    -2.40   6    433
  1495995.00  4917135.00    -2.90   6    433
  1495995.00  4917135.00    -3.60   6    434
  1495995.00  4917135.00    -4.10   6    434
  1495995.00  4917135.00    -4.60   6    434
  1495995.00  4917135.00    -5.10   6    434
  1495995.00  4917135.00    -5.60   6    434
  1495995.00  4917135.00    -6.10   6    434
  1495995.00  4917135.00    -6.60   6    434
  1495995.00  4917135.00    -7.10   6    434
  1495995.00  4917135.00    -7.60   6    434
  1495995.00  4917135.00    -8.10   6    434
  1495995.00  4917135.00    -8.60   6    434
  1495995.00  4917135.00    -9.10   6    434
  1495995.00  4917135.00    -9.60   6    434
  1495995.00  4917135.00   -10.20   6    435
  1495995.00  4917135.00   -10.70   6    435
  1495995.00  4917135.00   -11.20   6    435
  1495995.00  4917135.00   -11.70   6    435
  1495995.00  4917135.00   -12.20   6    435
  1495995.00  4917135.00   -12.70   6    435
  1495995.00  4917135.00   -13.20   6    435
  1495995.00  4917135.00   -13.70   6    435
  1495995.00  4917135.00   -14.20   6    435
  1495995.00  4917135.00   -14.70   6    435
  1495995.00  4917135.00   -15.20   6    435
  1495995.00  4917135.00   -15.70   6    435
  1495975.00  4917145.00     8.10   6    436
  1495975.00  4917145.00     7.70   6    437
  1495975.00  4917145.00     7.20   6    437
  1495975.00  4917145.00     6.70   6    437
  1495975.00  4917145.00     6.20   6    437
  1495975.00  4917145.00     5.70   6    437
  1495975.00  4917145.00     5.20   6    437
  1495975.00  4917145.00     4.70   6    438
  1495975.00  4917145.00     4.20   6    438
  1495975.00  4917145.00     3.70   6    438
  1495975.00  4917145.00     3.20   6    438
  1495975.00  4917145.00     2.70   6    438
  1495975.00  4917145.00     2.20   6    438
  1495975.00  4917145.00     1.70   6    438
  1495975.00  4917145.00     1.20   6    438
  1495975.00  4917145.00     0.70   6    438
  1495975.00  4917145.00     0.20   6    438
  1495975.00  4917145.00    -0.30   6    438
  1495975.00  4917145.00    -0.80   6    438
  1495975.00  4917145.00    -1.30   6    438
  1495975.00  4917145.00    -1.80   6    438
  1495975.00  4917145.00    -2.30   6    438
  1495975.00  4917145.00    -2.90   6    439
  1495975.00  4917145.00    -3.40   6    439
  1495975.00  4917145.00    -3.90   6    439
  1495975.00  4917145.00    -4.50   6    440
  1495975.00  4917145.00    -5.00   6    440
  1495975.00  4917145.00    -5.50   6    440
  1495975.00  4917145.00    -6.00   6    440
  1495975.00  4917145.00    -6.50   6    440
  1495975.00  4917145.00    -7.00   6    440
  1495975.00  4917145.00    -7.50   6    440
  1495975.00  4917145.00    -8.00   6    440
  1495975.00  4917145.00    -8.50   6    440
  1495975.00  4917145.00    -9.00   6    440
  1495975.00  4917145.00    -9.50   6    440
  1495975.00  4917145.00   -10.00   6    440
  1495975.00  4917145.00   -10.50   6    440
  1495975.00  4917145.00   -10.80   6    441
  1495940.00  4917160.00     8.20   4    443
  1495940.00  4917160.00     7.70   4    443
  1495940.00  4917160.00     7.20   4    443
  1495940.00  4917160.00     6.70   4    443
  1495940.00  4917160.00     6.20   4    443
  1495940.00  4917160.00     5.50   6    444
  1495940.00  4917160.00     5.00   6    444
  1495940.00  4917160.00     4.50   6    444
  1495940.00  4917160.00     4.00   6    444
  1495940.00  4917160.00     3.50   6    444
  1495940.00  4917160.00     3.00   6    444
  1495940.00  4917160.00     2.50   6    444
  1495940.00  4917160.00     2.00   6    444
  1495940.00  4917160.00     1.50   6    444
  1495940.00  4917160.00     1.00   6    444
  1495940.00  4917160.00     0.50   6    444
  1495940.00  4917160.00     0.00   6    444
  1495940.00  4917160.00    -0.50   6    444
  1495940.00  4917160.00    -1.00   6    444
  1495940.00  4917160.00    -1.50   6    444
  1495940.00  4917160.00    -2.00   6    444
  1495940.00  4917160.00    -2.50   6    444
  1495940.00  4917160.00    -3.00   6    444
  1495940.00  4917160.00    -3.60   3    445
  1495940.00  4917160.00    -4.10   3    445
  1495940.00  4917160.00    -4.60   3    445
  1495940.00  4917160.00    -5.10   3    445
  1495940.00  4917160.00    -5.80   6    446
  1495940.00  4917160.00    -6.30   6    446
  1495940.00  4917160.00    -6.60   5    447
  1495940.00  4917160.00    -7.10   5    447
  1495940.00  4917160.00    -7.60   5    447
  1495940.00  4917160.00    -8.10   5    447
  1495940.00  4917160.00    -8.60   5    447
  1495940.00  4917160.00    -9.10   5    447
  1495940.00  4917160.00    -9.60   5    447
  1495960.00  4917135.00     8.30   4    448
  1495960.00  4917135.00     7.80   4    448
  1495960.00  4917135.00     7.30   4    448
  1495960.00  4917135.00     6.80   4    448
  1495960.00  4917135.00     6.30   4    448
  1495960.00  4917135.00     5.80   4    448
  1495960.00  4917135.00     5.30   4    448
  1495960.00  4917135.00     4.80   4    448
  1495960.00  4917135.00     4.30   4    448
  1495960.00  4917135.00     3.60   6    449
  1495960.00  4917135.00     3.10   6    449
  1495960.00  4917135.00     2.60   6    449
  1495960.00  4917135.00     2.10   6    449
  1495960.00  4917135.00     1.60   6    449
  1495960.00  4917135.00     1.10   6    449
  1495960.00  4917135.00     0.60   6    449
  1495960.00  4917135.00     0.10   6    449
  1495960.00  4917135.00    -0.40   6    449
  1495960.00  4917135.00    -0.90   6    449
  1495960.00  4917135.00    -1.40   6    449
  1495960.00  4917135.00    -1.90   6    449
  1495960.00  4917135.00    -2.40   6    449
  1495960.00  4917135.00    -2.90   6    449
  1495960.00  4917135.00    -3.20   6    450
  1495960.00  4917135.00    -3.70   6    450
  1495960.00  4917135.00    -4.20   6    450
  1495960.00  4917135.00    -4.70   6    451
  1495960.00  4917135.00    -5.20   6    451
  1495960.00  4917135.00    -5.70   6    451
  1495960.00  4917135.00    -6.20   6    451
  1495960.00  4917135.00    -6.80   5    452
  1495960.00  4917135.00    -7.30   5    452
  1495960.00  4917135.00    -7.80   5    452
  1495960.00  4917135.00    -8.30   5    452
  1495960.00  4917135.00    -8.80   5    452
  1495960.00  4917135.00    -9.30   5    452
  1495960.00  4917135.00    -9.80   5    452
  1495982.00  4917102.00    12.80   6    453
  1495982.00  4917102.00    12.30   6    453
  1495982.00  4917102.00    11.80   6    453
  1495982.00  4917102.00    11.30   6    453
  1495982.00  4917102.00    10.80   6    453
  1495982.00  4917102.00    10.30   6    453
  1495982.00  4917102.00     9.80   6    453
  1495982.00  4917102.00     9.30   6    453
  1495982.00  4917102.00     8.80   6    453
  1495982.00  4917102.00     8.30   6    453
  1495982.00  4917102.00     7.80   6    453
  1495982.00  4917102.00     7.30   6    453
  1495982.00  4917102.00     6.80   6    454
  1495982.00  4917102.00     6.30   6    454
  1495982.00  4917102.00     5.80   6    454
  1495982.00  4917102.00     5.30   6    454
  1495982.00  4917102.00     4.80   6    454
  1495982.00  4917102.00     4.30   6    454
  1495982.00  4917102.00     3.80   6    454
  1495982.00  4917102.00     3.30   6    454
  1495982.00  4917102.00     2.80   6    454
  1495982.00  4917102.00     2.30   6    454
  1495982.00  4917102.00     1.80   6    454
  1495982.00  4917102.00     1.30   6    454
  1495982.00  4917102.00     0.80   6    454
  1495982.00  4917102.00     0.30   6    455
  1495982.00  4917102.00    -0.20   6    455
  1495982.00  4917102.00    -0.80   6    456
  1495982.00  4917102.00    -1.30   6    456
  1495982.00  4917102.00    -1.80   6    456
  1495982.00  4917102.00    -2.30   6    456
  1495982.00  4917102.00    -2.80   6    456
  1495982.00  4917102.00    -3.30   6    456
  1495982.00  4917102.00    -3.80   6    456
  1495982.00  4917102.00    -4.30   6    456
  1495982.00  4917102.00    -4.80   6    456
  1495982.00  4917102.00    -5.30   6    456
  1495982.00  4917102.00    -5.80   6    456
  1495982.00  4917102.00    -6.30   6    456
  1495982.00  4917102.00    -6.80   6    456
  1495982.00  4917102.00    -7.30   6    456
  1495982.00  4917102.00    -7.80   6    456
  1495982.00  4917102.00    -8.30   6    456
  1495982.00  4917102.00    -8.80   6    456
  1495982.00  4917102.00    -9.30   6    456
  1495982.00  4917102.00    -9.70   6    457
  1495982.00  4917102.00   -10.20   6    457
  1495982.00  4917102.00   -10.70   6    457
  1495982.00  4917102.00   -11.20   6    458
  1495982.00  4917102.00   -11.70   6    458
  1495982.00  4917102.00   -12.20   6    458
  1495982.00  4917102.00   -12.70   6    458
  1495982.00  4917102.00   -13.20   6    458
  1495982.00  4917102.00   -13.70   6    458
  1495982.00  4917102.00   -14.20   6    458
  1495982.00  4917102.00   -14.60   5    459
  1495982.00  4917102.00   -15.10   5    459
  1495982.00  4917102.00   -15.60   5    459
  1495982.00  4917102.00   -16.10   5    459
  1495982.00  4917102.00   -16.60   5    459
  1496170.00  4917455.00     9.40   4    461
  1496170.00  4917455.00     8.90   4    461
  1496170.00  4917455.00     8.40   4    461
  1496170.00  4917455.00     7.90   4    461
  1496170.00  4917455.00     7.40   4    461
  1496170.00  4917455.00     6.90   4    461
  1496170.00  4917455.00     6.20   4    462
  1496170.00  4917455.00     5.70   4    462
  1496170.00  4917455.00     5.20   4    462
  1496170.00  4917455.00     4.70   4    462
  1496170.00  4917455.00     4.20   4    462
  1496170.00  4917455.00     3.70   4    462
  1496170.00  4917455.00     3.20   4    462
  1496170.00  4917455.00     2.70   4    462
  1496170.00  4917455.00     2.30   6    463
  1496170.00  4917455.00     1.80   6    463
  1496170.00  4917455.00     1.30   6    463
  1496170.00  4917455.00     0.80   6    463
  1496170.00  4917455.00     0.30   6    463
  1496170.00  4917455.00    -0.20   6    463
  1496170.00  4917455.00    -0.70   6    463
  1496170.00  4917455.00    -1.20   6    463
  1496170.00  4917455.00    -1.70   6    463
  1496170.00  4917455.00    -2.20   6    463
  1496170.00  4917455.00    -2.70   6    463
  1496170.00  4917455.00    -3.20   6    463
  1496170.00  4917455.00    -3.50   5    464
  1496170.00  4917455.00    -4.00   5    464
  1496170.00  4917455.00    -4.50   5    464
  1496170.00  4917455.00    -5.00   5    464
  1496170.00  4917455.00    -5.50   5    464
  1496170.00  4917455.00    -6.00   5    464
  1496170.00  4917455.00    -6.50   5    464
  1496170.00  4917455.00    -7.00   5    464
  1496170.00  4917455.00    -7.50   5    464
  1496170.00  4917455.00    -8.00   5    464
  1496170.00  4917455.00    -8.50   5    464
  1496170.00  4917455.00    -9.00   5    464
  1496170.00  4917455.00    -9.50   5    464
  1496170.00  4917455.00   -10.00   5    464
  1496150.00  4917470.00    -0.50   6    465
  1496150.00  4917470.00    -1.00   6    465
  1496150.00  4917470.00    -1.50   6    465
  1496150.00  4917470.00    -2.00   6    465
  1496150.00  4917470.00    -2.50   6    465
  1496150.00  4917470.00    -3.00   6    465
  1496150.00  4917470.00    -3.30   4    466
  1496150.00  4917470.00    -3.80   4    466
  1496150.00  4917470.00    -4.30   4    466
  1496150.00  4917470.00    -4.80   4    466
  1496150.00  4917470.00    -5.30   4    466
  1496150.00  4917470.00    -5.80   4    466
  1496150.00  4917470.00    -6.10   6    467
  1496150.00  4917470.00    -6.60   6    467
  1496150.00  4917470.00    -7.10   6    467
  1496150.00  4917470.00    -7.60   6    467
  1496150.00  4917470.00    -8.10   6    467
  1496150.00  4917470.00    -8.60   6    467
  1496150.00  4917470.00    -9.10   6    467
  1496150.00  4917470.00    -9.50   5    468
  1496150.00  4917470.00   -10.00   5    468
  1496150.00  4917470.00   -10.50   5    468
  1496150.00  4917470.00   -11.00   5    468
  1496150.00  4917470.00   -11.50   5    468
  1496150.00  4917470.00   -12.00   5    468
  1496150.00  4917470.00   -12.50   5    468
  1496150.00  4917470.00   -13.00   5    468
  1496150.00  4917470.00   -13.50   5    468
  1496150.00  4917470.00   -14.00   5    468
  1496150.00  4917470.00   -14.50   5    468
  1496150.00  4917470.00   -15.00   5    468
  1496150.00  4917470.00   -15.50   5    468
  1496150.00  4917470.00   -16.00   5    468
  1496150.00  4917470.00   -16.50   5    468
  1496150.00  4917470.00   -17.00   5    468
  1496150.00  4917470.00   -17.50   5    468
  1496150.00  4917470.00   -18.00   5    468
  1496150.00  4917470.00   -18.50   5    468
  1496150.00  4917470.00   -19.00   5    468
  1496150.00  4917470.00   -19.50   5    468
  1496150.00  4917470.00   -20.00   5    468
  1496130.00  4917480.00    -0.50   6    469
  1496130.00  4917480.00    -1.00   6    469
  1496130.00  4917480.00    -1.50   6    469
  1496130.00  4917480.00    -2.00   4    470
  1496130.00  4917480.00    -2.50   4    470
  1496130.00  4917480.00    -3.00   4    470
  1496130.00  4917480.00    -3.50   4    470
  1496130.00  4917480.00    -4.00   4    470
  1496130.00  4917480.00    -4.50   4    470
  1496130.00  4917480.00    -5.00   4    470
  1496130.00  4917480.00    -5.50   4    470
  1496130.00  4917480.00    -6.00   6    471
  1496130.00  4917480.00    -6.50   6    471
  1496130.00  4917480.00    -7.00   5    472
  1496130.00  4917480.00    -7.50   5    472
  1496130.00  4917480.00    -8.00   5    472
  1496130.00  4917480.00    -8.50   5    472
  1496130.00  4917480.00    -9.00   5    472
  1496130.00  4917480.00    -9.50   5    472
  1496130.00  4917480.00   -10.00   5    472
  1496130.00  4917480.00   -10.50   5    472
  1496130.00  4917480.00   -11.00   5    472
  1496130.00  4917480.00   -11.50   5    472
  1496130.00  4917480.00   -12.00   5    472
  1496130.00  4917480.00   -12.50   5    472
  1496130.00  4917480.00   -13.00   5    472
  1496130.00  4917480.00   -13.50   5    472
  1496130.00  4917480.00   -14.00   5    472
  1496130.00  4917480.00   -14.50   5    472
  1496130.00  4917480.00   -15.00   5    472
  1496130.00  4917480.00   -15.50   5    472
  1496130.00  4917480.00   -16.00   5    472
  1496130.00  4917480.00   -16.50   5    472
  1496130.00  4917480.00   -17.00   5    472
  1496130.00  4917480.00   -17.50   5    472
  1496130.00  4917480.00   -18.00   5    472
  1496130.00  4917480.00   -18.50   5    472
  1496130.00  4917480.00   -19.00   5    472
  1496130.00  4917480.00   -19.50   5    472
  1496130.00  4917480.00   -20.00   5    472
  1496140.00  4917500.00    -0.50   6    473
  1496140.00  4917500.00    -1.00   6    473
  1496140.00  4917500.00    -1.50   6    473
  1496140.00  4917500.00    -2.20   6    474
  1496140.00  4917500.00    -2.70   6    474
  1496140.00  4917500.00    -3.20   6    474
  1496140.00  4917500.00    -3.70   6    474
  1496140.00  4917500.00    -4.20   6    474
  1496140.00  4917500.00    -4.50   5    475
  1496140.00  4917500.00    -5.00   5    475
  1496140.00  4917500.00    -5.50   5    475
  1496140.00  4917500.00    -6.00   5    475
  1496140.00  4917500.00    -6.50   5    475
  1496140.00  4917500.00    -7.00   5    475
  1496140.00  4917500.00    -7.50   5    475
  1496140.00  4917500.00    -8.00   5    475
  1496140.00  4917500.00    -8.50   5    475
  1496140.00  4917500.00    -9.00   5    475
  1496140.00  4917500.00    -9.50   5    475
  1496140.00  4917500.00   -10.00   5    475
  1496140.00  4917500.00   -10.50   5    475
  1496140.00  4917500.00   -11.00   5    475
  1496140.00  4917500.00   -11.50   5    475
  1496140.00  4917500.00   -12.00   5    475
  1496140.00  4917500.00   -12.50   5    475
  1496140.00  4917500.00   -13.00   5    475
  1496140.00  4917500.00   -13.50   5    475
  1496140.00  4917500.00   -14.00   5    475
  1496140.00  4917500.00   -14.50   5    475
  1496140.00  4917500.00   -15.00   5    475
  1496140.00  4917500.00   -15.50   5    475
  1496140.00  4917500.00   -16.00   5    475
  1496140.00  4917500.00   -16.50   5    475
  1496140.00  4917500.00   -17.00   5    475
  1496140.00  4917500.00   -17.50   5    475
  1496140.00  4917500.00   -18.00   5    475
  1496140.00  4917500.00   -18.50   5    475
  1496140.00  4917500.00   -19.00   5    475
  1496140.00  4917500.00   -19.50   5    475
  1496140.00  4917500.00   -20.00   5    475
  1496160.00  4917495.00    -0.50   6    476
  1496160.00  4917495.00    -1.00   4    477
  1496160.00  4917495.00    -1.50   4    477
  1496160.00  4917495.00    -2.00   4    477
  1496160.00  4917495.00    -2.50   4    477
  1496160.00  4917495.00    -3.00   4    477
  1496160.00  4917495.00    -3.50   4    477
  1496160.00  4917495.00    -4.00   4    477
  1496160.00  4917495.00    -4.50   4    477
  1496160.00  4917495.00    -5.00   6    478
  1496160.00  4917495.00    -5.50   6    478
  1496160.00  4917495.00    -6.00   6    478
  1496160.00  4917495.00    -6.50   5    479
  1496160.00  4917495.00    -7.00   5    479
  1496160.00  4917495.00    -7.50   5    479
  1496160.00  4917495.00    -8.00   5    479
  1496160.00  4917495.00    -8.50   5    479
  1496160.00  4917495.00    -9.00   5    479
  1496160.00  4917495.00    -9.50   5    479
  1496160.00  4917495.00   -10.00   5    479
  1496160.00  4917495.00   -10.50   5    479
  1496160.00  4917495.00   -11.00   5    479
  1496160.00  4917495.00   -11.50   5    479
  1496160.00  4917495.00   -12.00   5    479
  1496160.00  4917495.00   -12.50   5    479
  1496160.00  4917495.00   -13.00   5    479
  1496160.00  4917495.00   -13.50   5    479
  1496160.00  4917495.00   -14.00   5    479
  1496160.00  4917495.00   -14.50   5    479
  1496160.00  4917495.00   -15.00   5    479
  1496160.00  4917495.00   -15.50   5    479
  1496160.00  4917495.00   -16.00   5    479
  1496160.00  4917495.00   -16.50   5    479
  1496160.00  4917495.00   -17.00   5    479
  1496160.00  4917495.00   -17.50   5    479
  1496160.00  4917495.00   -18.00   5    479
  1496160.00  4917495.00   -18.50   5    479
  1496160.00  4917495.00   -19.00   5    479
  1496160.00  4917495.00   -19.50   5    479
  1496160.00  4917495.00   -20.00   5    479
  1496185.00  4917485.00     9.90   4    480
  1496185.00  4917485.00     9.40   4    480
  1496185.00  4917485.00     8.90   4    480
  1496185.00  4917485.00     8.40   4    480
  1496185.00  4917485.00     7.90   4    480
  1496185.00  4917485.00     7.40   4    480
  1496185.00  4917485.00     6.90   4    480
  1496185.00  4917485.00     6.40   6    481
  1496185.00  4917485.00     5.90   6    481
  1496185.00  4917485.00     5.40   6    481
  1496185.00  4917485.00     4.90   5    482
  1496185.00  4917485.00     4.40   5    482
  1496185.00  4917485.00     3.90   5    482
  1496185.00  4917485.00     3.40   5    482
  1496185.00  4917485.00     2.90   5    482
  1496185.00  4917485.00     2.40   5    482
  1496185.00  4917485.00     1.90   5    482
  1496185.00  4917485.00     1.40   5    482
  1496185.00  4917485.00     0.90   5    482
  1496185.00  4917485.00     0.40   5    482
  1496185.00  4917485.00    -0.10   5    482
  1496185.00  4917485.00    -0.60   5    482
  1496185.00  4917485.00    -1.10   5    482
  1496185.00  4917485.00    -1.60   5    482
  1496185.00  4917485.00    -2.10   5    482
  1496185.00  4917485.00    -2.60   5    482
  1496185.00  4917485.00    -3.10   5    482
  1496185.00  4917485.00    -3.60   5    482
  1496185.00  4917485.00    -4.10   5    482
  1496185.00  4917485.00    -4.60   5    482
  1496185.00  4917485.00    -5.10   5    482
  1496185.00  4917485.00    -5.60   5    482
  1496185.00  4917485.00    -6.10   5    482
  1496185.00  4917485.00    -6.60   5    482
  1496185.00  4917485.00    -7.10   5    482
  1496185.00  4917485.00    -7.60   5    482
  1496185.00  4917485.00    -8.10   5    482
  1496185.00  4917485.00    -8.60   5    482
  1496185.00  4917485.00    -9.10   5    482
  1496185.00  4917485.00    -9.60   5    482
  1497530.00  4917275.00    -0.50   4    483
  1497530.00  4917275.00    -1.00   4    483
  1497530.00  4917275.00    -1.50   4    483
  1497530.00  4917275.00    -2.00   4    483
  1497530.00  4917275.00    -2.50   4    483
  1497530.00  4917275.00    -3.00   2    484
  1497530.00  4917275.00    -3.50   2    484
  1497530.00  4917275.00    -4.00   2    484
  1497530.00  4917275.00    -4.50   2    484
  1497530.00  4917275.00    -5.00   2    484
  1497530.00  4917275.00    -5.50   2    484
  1497530.00  4917275.00    -6.00   2    484
  1497530.00  4917275.00    -6.50   2    484
  1497530.00  4917275.00    -7.00   2    484
  1497530.00  4917275.00    -7.50   2    484
  1497530.00  4917275.00    -8.00   2    484
  1497645.00  4917570.00    -0.50   4    485
  1497645.00  4917570.00    -1.00   4    485
  1497645.00  4917570.00    -1.50   4    485
  1497645.00  4917570.00    -2.00   4    485
  1497645.00  4917570.00    -2.50   4    485
  1497645.00  4917570.00    -3.00   4    485
  1497645.00  4917570.00    -3.50   4    485
  1497645.00  4917570.00    -4.00   4    485
  1497645.00  4917570.00    -4.50   4    485
  1497645.00  4917570.00    -5.00   4    485
  1497645.00  4917570.00    -5.50   4    485
  1497645.00  4917570.00    -6.00   4    485
  1497645.00  4917570.00    -6.50   4    485
  1497645.00  4917570.00    -7.00   4    485
  1497645.00  4917570.00    -7.50   4    485
  1497645.00  4917570.00    -7.80   5    486
  1497645.00  4917570.00    -8.30   5    486
  1497645.00  4917570.00    -8.80   5    486
  1497645.00  4917570.00    -9.30   5    486
  1497645.00  4917570.00    -9.80   5    486
  1497645.00  4917570.00   -10.30   5    486
  1497645.00  4917570.00   -10.80   5    486
  1497645.00  4917570.00   -11.30   5    486
  1497645.00  4917570.00   -11.80   5    486
  1497645.00  4917570.00   -12.30   5    486
  1497500.00  4917350.00    30.60   4    487
  1497500.00  4917350.00    30.10   4    487
  1497500.00  4917350.00    29.60   4    487
  1497500.00  4917350.00    29.10   4    487
  1497500.00  4917350.00    28.60   4    487
  1497500.00  4917350.00    28.10   4    487
  1497500.00  4917350.00    27.60   4    487
  1497500.00  4917350.00    27.10   4    487
  1497500.00  4917350.00    26.60   4    487
  1497500.00  4917350.00    26.10   4    487
  1497500.00  4917350.00    25.60   4    487
  1497500.00  4917350.00    25.10   4    487
  1497500.00  4917350.00    24.60   4    487
  1497500.00  4917350.00    24.10   4    487
  1497500.00  4917350.00    23.60   4    487
  1497500.00  4917350.00    23.10   4    487
  1497500.00  4917350.00    22.60   4    487
  1497500.00  4917350.00    22.10   4    487
  1497500.00  4917350.00    21.60   4    487
  1497500.00  4917350.00    21.10   4    487
  1497500.00  4917350.00    20.60   4    487
  1497545.00  4917315.00    -0.50   4    488
  1497545.00  4917315.00    -1.00   4    488
  1497545.00  4917315.00    -1.50   4    488
  1497545.00  4917315.00    -2.00   4    488
  1497545.00  4917315.00    -2.50   4    488
  1497545.00  4917315.00    -3.00   4    488
  1497545.00  4917315.00    -3.50   4    488
  1497545.00  4917315.00    -4.00   4    488
  1497545.00  4917315.00    -4.50   4    488
  1497545.00  4917315.00    -5.00   4    488
  1497545.00  4917315.00    -5.50   4    488
  1497545.00  4917315.00    -6.00   4    488
  1497545.00  4917315.00    -6.50   4    488
  1497545.00  4917315.00    -7.00   2    489
  1497545.00  4917315.00    -7.50   2    489
  1497545.00  4917315.00    -8.00   2    489
  1497545.00  4917315.00    -8.50   2    489
  1497545.00  4917315.00    -9.00   2    489
  1497545.00  4917315.00    -9.50   2    489
  1497545.00  4917315.00   -10.00   2    489
  1497545.00  4917315.00   -10.50   2    489
  1497545.00  4917315.00   -11.00   2    489
  1497545.00  4917315.00   -11.50   2    489
  1497545.00  4917315.00   -12.00   2    489
  1497545.00  4917315.00   -12.50   2    489
  1497545.00  4917315.00   -13.00   2    489
  1497555.00  4917380.00    55.90   4    490
  1497555.00  4917380.00    55.40   4    490
  1497555.00  4917380.00    54.90   4    490
  1497555.00  4917380.00    54.40   4    490
  1497555.00  4917380.00    53.90   4    490
  1497555.00  4917380.00    53.40   4    490
  1497555.00  4917380.00    52.90   4    490
  1497555.00  4917380.00    52.40   4    490
  1497555.00  4917380.00    51.90   4    490
  1497555.00  4917380.00    51.40   4    490
  1497555.00  4917380.00    50.90   4    490
  1497555.00  4917380.00    50.40   4    490
  1497555.00  4917380.00    49.90   4    490
  1497555.00  4917380.00    49.40   4    490
  1497555.00  4917380.00    48.90   4    490
  1497555.00  4917380.00    48.40   4    490
  1497555.00  4917380.00    47.90   4    490
  1497555.00  4917380.00    47.40   4    490
  1497555.00  4917380.00    46.90   4    490
  1497555.00  4917380.00    46.40   4    490
  1497550.00  4917410.00    52.10   4    491
  1497550.00  4917410.00    51.60   4    491
  1497550.00  4917410.00    51.10   4    491
  1497550.00  4917410.00    50.60   4    491
  1497550.00  4917410.00    50.10   4    491
  1497550.00  4917410.00    49.60   4    491
  1497550.00  4917410.00    49.10   4    491
  1497550.00  4917410.00    48.60   4    491
  1497550.00  4917410.00    48.10   4    491
  1497550.00  4917410.00    47.60   4    491
  1497550.00  4917410.00    47.10   4    491
  1497550.00  4917410.00    46.60   4    491
  1497550.00  4917410.00    46.10   4    491
  1497550.00  4917410.00    45.60   4    491
  1497550.00  4917410.00    45.10   4    491
  1497550.00  4917410.00    44.60   4    491
  1497550.00  4917410.00    44.10   4    491
  1497550.00  4917410.00    43.60   4    491
  1497550.00  4917410.00    43.10   4    491
  1497550.00  4917410.00    42.60   4    491
  1497550.00  4917410.00    42.10   4    491
  1497550.00  4917410.00    41.60   4    491
  1497550.00  4917410.00    41.10   4    491
  1497580.00  4917440.00    62.60   4    492
  1497580.00  4917440.00    62.10   4    492
  1497580.00  4917440.00    61.60   4    492
  1497580.00  4917440.00    61.10   4    492
  1497580.00  4917440.00    60.60   4    492
  1497580.00  4917440.00    60.10   4    492
  1497580.00  4917440.00    59.60   4    492
  1497580.00  4917440.00    59.10   4    492
  1497580.00  4917440.00    58.60   4    492
  1497580.00  4917440.00    58.10   4    492
  1497580.00  4917440.00    57.60   4    492
  1497580.00  4917440.00    57.10   4    492
  1497580.00  4917440.00    56.60   4    492
  1497580.00  4917440.00    56.10   4    492
  1497580.00  4917440.00    55.60   4    492
  1497580.00  4917440.00    55.10   4    492
  1497580.00  4917440.00    54.60   4    492
  1497580.00  4917440.00    54.10   4    492
  1497580.00  4917440.00    53.60   4    492
  1497580.00  4917440.00    53.10   4    492
  1497580.00  4917440.00    52.60   4    492
  1497580.00  4917440.00    52.10   4    492
  1497580.00  4917440.00    51.60   4    492
  1497580.00  4917440.00    51.10   4    492
  1497590.00  4917455.00    59.40   4    493
  1497590.00  4917455.00    58.90   4    493
  1497590.00  4917455.00    58.40   4    493
  1497590.00  4917455.00    57.90   4    493
  1497590.00  4917455.00    57.40   4    493
  1497590.00  4917455.00    56.90   4    493
  1497590.00  4917455.00    56.40   4    493
  1497590.00  4917455.00    55.90   4    493
  1497590.00  4917455.00    55.40   4    493
  1497590.00  4917455.00    54.90   4    493
  1497590.00  4917455.00    54.40   4    493
  1497590.00  4917455.00    53.90   4    493
  1497590.00  4917455.00    53.40   4    493
  1497590.00  4917455.00    52.90   4    493
  1497590.00  4917455.00    52.40   4    493
  1497590.00  4917455.00    51.90   4    493
  1497590.00  4917455.00    51.40   4    493
  1497590.00  4917455.00    50.90   4    493
  1497590.00  4917455.00    50.40   4    493
  1497590.00  4917455.00    49.90   4    493
  1497590.00  4917455.00    49.40   4    493
  1497590.00  4917455.00    48.90   4    493
  1497590.00  4917455.00    48.40   4    493
  1497590.00  4917455.00    47.90   4    493
  1497610.00  4917470.00    63.20   4    494
  1497610.00  4917470.00    62.70   4    494
  1497610.00  4917470.00    62.20   4    494
  1497610.00  4917470.00    61.70   4    494
  1497610.00  4917470.00    61.20   4    494
  1497610.00  4917470.00    60.70   4    494
  1497610.00  4917470.00    60.20   4    494
  1497610.00  4917470.00    59.70   4    494
  1497610.00  4917470.00    59.20   4    494
  1497610.00  4917470.00    58.70   4    494
  1497610.00  4917470.00    58.20   4    494
  1497610.00  4917470.00    57.70   4    494
  1497610.00  4917470.00    57.20   4    494
  1497610.00  4917470.00    56.70   4    494
  1497610.00  4917470.00    56.20   4    494
  1497610.00  4917470.00    55.70   4    494
  1497610.00  4917470.00    55.20   4    494
  1497610.00  4917470.00    54.70   4    494
  1497610.00  4917470.00    54.20   4    494
  1497610.00  4917470.00    53.70   4    494
  1497610.00  4917470.00    53.20   4    494
  1497610.00  4917470.00    52.70   4    494
  1497610.00  4917470.00    52.20   4    494
  1497610.00  4917470.00    51.70   4    494
  1497610.00  4917470.00    51.20   4    494
  1497610.00  4917470.00    50.70   4    494
  1497620.00  4917480.00    -0.50   4    495
  1497620.00  4917480.00    -1.00   4    495
  1497620.00  4917480.00    -1.50   4    495
  1497620.00  4917480.00    -2.00   4    495
  1497620.00  4917480.00    -2.50   4    495
  1497620.00  4917480.00    -3.20   5    496
  1497620.00  4917480.00    -3.70   5    496
  1497620.00  4917480.00    -4.20   5    496
  1497620.00  4917480.00    -4.70   5    496
  1497620.00  4917480.00    -5.20   5    496
  1497620.00  4917480.00    -5.70   5    496
  1497620.00  4917480.00    -6.20   5    496
  1497620.00  4917480.00    -6.70   5    496
  1497620.00  4917480.00    -7.20   5    496
  1497620.00  4917480.00    -7.70   5    496
  1497620.00  4917480.00    -8.20   5    496
  1497620.00  4917480.00    -8.70   5    496
  1497620.00  4917480.00    -9.20   5    496
  1497620.00  4917480.00    -9.70   5    496
  1497620.00  4917480.00   -10.20   5    496
  1497640.00  4917530.00    -0.50   6    497
  1497640.00  4917530.00    -1.00   5    498
  1497640.00  4917530.00    -1.50   5    498
  1497640.00  4917530.00    -2.00   5    498
  1497640.00  4917530.00    -2.50   5    498
  1497640.00  4917530.00    -3.00   5    498
  1497640.00  4917530.00    -3.50   5    498
  1497640.00  4917530.00    -4.00   5    498
  1497640.00  4917530.00    -4.50   5    498
  1497640.00  4917530.00    -5.00   5    498
  1497640.00  4917530.00    -5.50   5    498
  1497640.00  4917530.00    -6.00   5    498
  1497640.00  4917530.00    -6.50   5    498
  1497640.00  4917530.00    -7.00   5    498
  1497640.00  4917530.00    -7.50   5    498
  1497640.00  4917530.00    -8.00   5    498
  1497640.00  4917530.00    -8.50   5    498
  1497640.00  4917530.00    -9.00   5    498
  1497640.00  4917530.00    -9.50   5    498
  1497640.00  4917530.00   -10.00   5    498
  1497670.00  4917560.00    -0.50   6    499
  1497670.00  4917560.00    -1.00   6    499
  1497670.00  4917560.00    -1.50   5    500
  1497670.00  4917560.00    -2.00   5    500
  1497670.00  4917560.00    -2.50   5    500
  1497670.00  4917560.00    -3.00   5    500
  1497670.00  4917560.00    -3.50   5    500
  1497670.00  4917560.00    -4.00   5    500
  1497670.00  4917560.00    -4.50   5    500
  1497670.00  4917560.00    -5.00   5    500
  1497670.00  4917560.00    -5.50   5    500
  1497670.00  4917560.00    -6.00   5    500
  1497670.00  4917560.00    -6.50   5    500
  1497670.00  4917560.00    -7.00   5    500
  1497670.00  4917560.00    -7.50   5    500
  1497670.00  4917560.00    -8.00   5    500
  1497670.00  4917560.00    -8.50   5    500
  1497670.00  4917560.00    -9.00   5    500
  1497465.00  4917195.00    -0.50   4    501
  1497465.00  4917195.00    -1.00   4    501
  1497465.00  4917195.00    -1.50   4    501
  1497465.00  4917195.00    -2.00   4    501
  1497465.00  4917195.00    -2.50   4    501
  1497465.00  4917195.00    -3.00   4    501
  1497465.00  4917195.00    -3.50   2    502
  1497465.00  4917195.00    -4.00   2    502
  1497465.00  4917195.00    -4.50   2    502
  1497465.00  4917195.00    -5.00   2    502
  1497465.00  4917195.00    -5.50   2    502
  1497465.00  4917195.00    -6.00   2    502
  1497465.00  4917195.00    -6.50   2    502
  1497465.00  4917195.00    -7.00   2    502
  1497465.00  4917195.00    -7.50   2    502
  1497465.00  4917195.00    -8.00   2    502
  1497465.00  4917195.00    -8.50   2    502
  1497465.00  4917195.00    -9.00   2    502
  1497465.00  4917195.00    -9.50   2    502
  1497465.00  4917195.00   -10.00   2    502
  1497465.00  4917195.00   -10.50   2    502
  1497465.00  4917195.00   -11.00   2    502
  1497465.00  4917195.00   -11.50   2    502
  1497465.00  4917195.00   -12.00   2    502
  1497465.00  4917195.00   -12.50   2    502
  1497465.00  4917195.00   -13.00   2    502
  1497465.00  4917195.00   -13.50   2    502
  1497465.00  4917195.00   -14.00   2    502
  1497465.00  4917195.00   -14.50   2    502
  1497465.00  4917195.00   -15.00   2    502
  1497465.00  4917195.00   -15.50   2    502
  1497465.00  4917195.00   -16.00   2    502
  1497465.00  4917195.00   -16.50   2    502
  1497465.00  4917195.00   -17.00   2    502
  1497465.00  4917195.00   -17.50   2    502
  1497465.00  4917195.00   -18.00   2    502
  1497465.00  4917195.00   -18.50   2    502
  1497465.00  4917195.00   -19.00   2    502
  1497465.00  4917195.00   -19.50   2    502
  1497465.00  4917195.00   -20.00   2    502
  1497465.00  4917195.00   -20.50   2    502
  1497465.00  4917195.00   -21.00   2    502
  1497465.00  4917195.00   -21.50   2    502
  1497465.00  4917195.00   -22.00   2    502
  1497465.00  4917195.00   -22.50   2    502
  1497520.00  4917250.00    -0.50   4    503
  1497520.00  4917250.00    -1.00   4    503
  1497520.00  4917250.00    -1.50   4    503
  1497520.00  4917250.00    -2.00   4    503
  1497520.00  4917250.00    -2.50   4    503
  1497520.00  4917250.00    -3.00   4    503
  1497520.00  4917250.00    -3.50   4    503
  1497520.00  4917250.00    -4.00   4    503
  1497520.00  4917250.00    -4.50   2    504
  1497520.00  4917250.00    -5.00   2    504
  1497520.00  4917250.00    -5.50   2    504
  1497520.00  4917250.00    -6.00   2    504
  1497520.00  4917250.00    -6.50   2    504
  1497520.00  4917250.00    -7.00   2    504
  1497520.00  4917250.00    -7.50   2    504
  1497520.00  4917250.00    -8.00   2    504
  1497520.00  4917250.00    -8.50   2    504
  1497520.00  4917250.00    -9.00   2    504
  1497520.00  4917250.00    -9.50   2    504
  1497520.00  4917250.00   -10.00   2    504
  1497520.00  4917250.00   -10.50   2    504
  1497520.00  4917250.00   -11.00   2    504
  1497520.00  4917250.00   -11.50   2    504
  1497520.00  4917250.00   -12.00   2    504
  1497520.00  4917250.00   -12.50   2    504
  1497520.00  4917250.00   -13.00   2    504
  1497520.00  4917250.00   -13.50   2    504
  1497520.00  4917250.00   -14.00   2    504
  1497520.00  4917250.00   -14.50   2    504
  1497520.00  4917250.00   -15.00   2    504
  1497520.00  4917250.00   -15.50   2    504
  1497520.00  4917250.00   -16.00   2    504
  1497520.00  4917250.00   -16.50   2    504
  1497520.00  4917250.00   -17.00   2    504
  1497520.00  4917250.00   -17.50   2    504
  1497520.00  4917250.00   -18.00   2    504
  1497520.00  4917250.00   -18.50   2    504
  1497520.00  4917250.00   -19.00   2    504
  1497520.00  4917250.00   -19.50   2    504
  1497520.00  4917250.00   -20.00   2    504
  1497520.00  4917250.00   -20.50   2    504
  1497520.00  4917250.00   -21.00   2    504
  1497520.00  4917250.00   -21.50   2    504
  1497520.00  4917250.00   -22.00   2    504
  1497520.00  4917250.00   -22.50   2    504
  1496050.00  4916655.00     5.30   4    505
  1496050.00  4916655.00     4.80   4    505
  1496050.00  4916655.00     4.30   4    505
  1496050.00  4916655.00     3.80   4    505
  1496050.00  4916655.00     3.30   4    505
  1496050.00  4916655.00     2.80   4    505
  1496050.00  4916655.00     2.30   6    506
  1496050.00  4916655.00     1.80   6    506
  1496050.00  4916655.00     1.30   6    506
  1496050.00  4916655.00     0.80   6    506
  1496050.00  4916655.00     0.30   6    506
  1496050.00  4916655.00    -0.20   6    506
  1496050.00  4916655.00    -0.70   6    506
  1496050.00  4916655.00    -1.20   6    506
  1496050.00  4916655.00    -1.70   6    507
  1496050.00  4916655.00    -2.20   6    507
  1496050.00  4916655.00    -2.70   6    507
  1496050.00  4916655.00    -3.20   6    507
  1496050.00  4916655.00    -3.70   6    507
  1496050.00  4916655.00    -4.20   6    507
  1496050.00  4916655.00    -4.70   6    507
  1496050.00  4916655.00    -5.20   6    507
  1496050.00  4916655.00    -5.70   6    507
  1496050.00  4916655.00    -6.20   6    507
  1496050.00  4916655.00    -6.70   6    507
  1496050.00  4916655.00    -7.20   6    507
  1496050.00  4916655.00    -7.70   6    507
  1496050.00  4916655.00    -8.20   6    507
  1496050.00  4916655.00    -8.70   6    508
  1496050.00  4916655.00    -9.20   6    508
  1496050.00  4916655.00    -9.70   6    508
  1496050.00  4916655.00   -10.20   6    508
  1496050.00  4916655.00   -10.70   6    508
  1496050.00  4916655.00   -11.20   6    508
  1496050.00  4916655.00   -11.70   6    508
  1496050.00  4916655.00   -12.20   6    508
  1496050.00  4916655.00   -12.70   6    508
  1496050.00  4916655.00   -13.20   6    508
  1496050.00  4916655.00   -13.70   6    508
  1496050.00  4916655.00   -14.20   6    508
  1496050.00  4916655.00   -14.70   6    508
  1496050.00  4916655.00   -15.20   6    508
  1496010.00  4916655.00     5.30   4    509
  1496010.00  4916655.00     4.80   4    509
  1496010.00  4916655.00     4.30   4    509
  1496010.00  4916655.00     3.80   4    509
  1496010.00  4916655.00     3.30   4    509
  1496010.00  4916655.00     2.80   4    509
  1496010.00  4916670.00     2.50   6    510
  1496010.00  4916670.00     2.00   6    510
  1496010.00  4916670.00     1.50   6    510
  1496010.00  4916670.00     1.00   6    510
  1496010.00  4916670.00     0.50   6    510
  1496010.00  4916670.00     0.00   6    510
  1496010.00  4916670.00    -0.50   6    510
  1496010.00  4916670.00    -1.00   6    510
  1496010.00  4916670.00    -1.50   6    510
  1496010.00  4916670.00    -2.00   6    510
  1496010.00  4916670.00    -2.50   6    510
  1496010.00  4916670.00    -3.00   6    511
  1496010.00  4916670.00    -3.50   6    511
  1496010.00  4916670.00    -4.00   6    511
  1496010.00  4916670.00    -4.50   6    511
  1496010.00  4916670.00    -5.00   6    511
  1496010.00  4916670.00    -5.50   6    511
  1496010.00  4916670.00    -6.00   6    511
  1496010.00  4916670.00    -6.50   6    511
  1496010.00  4916670.00    -7.00   6    511
  1496010.00  4916670.00    -7.50   6    511
  1496010.00  4916670.00    -8.00   6    511
  1496010.00  4916670.00    -8.50   6    511
  1496010.00  4916670.00    -9.00   6    511
  1496010.00  4916670.00    -9.50   6    512
  1496010.00  4916670.00   -10.00   6    512
  1496010.00  4916670.00   -10.50   6    512
  1496010.00  4916670.00   -11.00   6    512
  1496010.00  4916670.00   -11.50   6    512
  1496010.00  4916670.00   -12.00   6    512
  1496010.00  4916670.00   -12.50   6    512
  1496010.00  4916670.00   -13.00   6    512
  1496010.00  4916670.00   -13.50   6    512
  1496010.00  4916670.00   -14.00   6    512
  1496010.00  4916670.00   -14.50   6    512
  1496010.00  4916670.00   -15.00   6    512
  1496010.00  4916670.00   -15.50   6    512
  1496010.00  4916670.00   -16.00   6    512
  1496010.00  4916670.00   -16.50   6    512
  1496010.00  4916670.00   -17.00   6    512
  1496010.00  4916670.00   -17.50   6    512
  1496010.00  4916670.00   -18.00   6    512
  1496025.00  4916645.00     6.20   6    513
  1496025.00  4916645.00     5.70   6    513
  1496025.00  4916645.00     5.20   6    513
  1496025.00  4916645.00     4.70   6    514
  1496025.00  4916645.00     4.20   6    514
  1496025.00  4916645.00     3.70   6    514
  1496025.00  4916645.00     3.20   6    514
  1496025.00  4916645.00     2.70   6    514
  1496025.00  4916645.00     2.20   6    514
  1496025.00  4916645.00     1.70   6    514
  1496025.00  4916645.00     1.20   6    514
  1496025.00  4916645.00     0.70   6    514
  1496025.00  4916645.00     0.20   6    514
  1496025.00  4916645.00    -0.30   6    514
  1496025.00  4916645.00    -0.80   6    514
  1496025.00  4916645.00    -1.30   6    514
  1496025.00  4916645.00    -1.80   6    514
  1496025.00  4916645.00    -2.30   6    515
  1496025.00  4916645.00    -2.80   6    515
  1496025.00  4916645.00    -3.30   6    515
  1496025.00  4916645.00    -3.80   6    515
  1496025.00  4916645.00    -4.30   6    515
  1496025.00  4916645.00    -4.80   6    515
  1496025.00  4916645.00    -5.30   6    515
  1496025.00  4916645.00    -5.80   6    515
  1496025.00  4916645.00    -6.30   6    515
  1496025.00  4916645.00    -6.80   6    515
  1496025.00  4916645.00    -7.30   6    515
  1496025.00  4916645.00    -7.80   6    515
  1496025.00  4916645.00    -8.30   6    515
  1496025.00  4916645.00    -8.80   6    515
  1496025.00  4916645.00    -9.30   6    515
  1496025.00  4916645.00    -9.80   6    515
  1496025.00  4916645.00   -10.30   6    516
  1496025.00  4916645.00   -10.80   6    516
  1496025.00  4916645.00   -11.30   6    516
  1496025.00  4916645.00   -11.80   6    516
  1496025.00  4916645.00   -12.30   6    516
  1496025.00  4916645.00   -12.80   6    516
  1496025.00  4916645.00   -13.30   6    516
  1496025.00  4916645.00   -13.80   6    516
  1496025.00  4916645.00   -14.30   6    516
  1496025.00  4916645.00   -14.80   6    517
  1496025.00  4916645.00   -15.30   6    517
  1496025.00  4916645.00   -15.80   6    517
  1496025.00  4916645.00   -16.30   6    517
  1496025.00  4916645.00   -16.80   6    517
  1496025.00  4916645.00   -17.30   6    517
  1496025.00  4916645.00   -17.80   6    517
  1496025.00  4916645.00   -18.30   6    517
  1496035.00  4916615.00     5.10   4    518
  1496035.00  4916615.00     4.60   4    518
  1496035.00  4916615.00     4.10   4    518
  1496035.00  4916615.00     3.60   4    518
  1496035.00  4916615.00     3.10   4    518
  1496035.00  4916615.00     2.60   6    519
  1496035.00  4916615.00     2.10   6    519
  1496035.00  4916615.00     1.60   6    519
  1496035.00  4916615.00     1.10   6    519
  1496035.00  4916615.00     0.60   6    519
  1496035.00  4916615.00     0.10   6    519
  1496035.00  4916615.00    -0.40   6    519
  1496035.00  4916615.00    -0.90   6    519
  1496035.00  4916615.00    -1.40   6    519
  1496035.00  4916615.00    -1.90   6    519
  1496035.00  4916615.00    -2.40   6    520
  1496035.00  4916615.00    -2.90   6    520
  1496035.00  4916615.00    -3.40   6    520
  1496035.00  4916615.00    -3.90   6    520
  1496035.00  4916615.00    -4.40   6    520
  1496035.00  4916615.00    -4.90   6    520
  1496035.00  4916615.00    -5.40   6    520
  1496035.00  4916615.00    -5.90   6    520
  1496035.00  4916615.00    -6.40   6    520
  1496035.00  4916615.00    -6.90   6    520
  1496035.00  4916615.00    -7.40   6    520
  1496035.00  4916615.00    -7.90   6    520
  1496035.00  4916615.00    -8.40   6    520
  1496035.00  4916615.00    -8.90   6    520
  1496035.00  4916615.00    -9.40   6    520
  1496035.00  4916615.00    -9.90   6    521
  1496035.00  4916615.00   -10.40   6    521
  1496035.00  4916615.00   -10.90   6    521
  1496035.00  4916615.00   -11.40   6    521
  1496035.00  4916615.00   -11.90   6    521
  1496035.00  4916615.00   -12.40   6    521
  1496035.00  4916615.00   -12.90   6    521
  1496035.00  4916615.00   -13.40   6    521
  1496035.00  4916615.00   -13.90   6    521
  1496035.00  4916615.00   -14.40   6    521
  1495530.00  4916260.00    -0.50   4    522
  1495530.00  4916260.00    -1.00   4    522
  1495530.00  4916260.00    -1.50   4    522
  1495530.00  4916260.00    -2.00   4    522
  1495530.00  4916260.00    -2.50   4    522
  1495530.00  4916260.00    -3.00   4    522
  1495530.00  4916260.00    -3.50   4    522
  1495530.00  4916260.00    -4.20   5    523
  1495530.00  4916260.00    -4.70   5    523
  1495530.00  4916260.00    -5.20   5    523
  1495530.00  4916260.00    -5.70   5    523
  1495530.00  4916260.00    -6.20   5    523
  1495530.00  4916260.00    -6.70   5    523
  1495530.00  4916260.00    -7.20   5    523
  1495530.00  4916260.00    -7.70   5    523
  1495530.00  4916260.00    -8.20   5    523
  1495530.00  4916260.00    -8.70   5    523
  1495530.00  4916260.00    -9.20   5    523
  1495530.00  4916260.00    -9.70   5    523
  1495530.00  4916260.00   -10.20   5    523
  1495530.00  4916260.00   -10.70   5    523
  1495530.00  4916260.00   -11.20   5    523
  1495530.00  4916260.00   -11.70   5    523
  1495530.00  4916260.00   -12.20   5    523
  1495530.00  4916260.00   -12.70   5    523
  1495530.00  4916260.00   -13.20   5    523
  1495530.00  4916260.00   -13.70   5    523
  1495530.00  4916260.00   -14.20   5    523
  1495530.00  4916260.00   -14.70   5    523
  1495530.00  4916260.00   -15.20   5    523
  1495530.00  4916260.00   -15.70   5    523
  1495530.00  4916260.00   -16.20   5    523
  1495530.00  4916260.00   -16.70   5    523
  1495530.00  4916260.00   -17.20   5    523
  1495530.00  4916260.00   -17.70   5    523
  1495530.00  4916260.00   -18.20   5    523
  1495530.00  4916260.00   -18.70   5    523
  1495530.00  4916260.00   -19.20   5    523
  1495530.00  4916260.00   -19.70   5    523
  1495530.00  4916260.00   -20.20   5    523
  1495530.00  4916260.00   -20.70   5    523
  1495530.00  4916260.00   -21.20   5    523
  1495530.00  4916260.00   -21.70   5    523
  1495530.00  4916260.00   -22.20   5    523
  1495530.00  4916260.00   -22.70   5    523
  1495530.00  4916260.00   -23.20   5    523
  1495530.00  4916260.00   -23.70   5    523
  1495530.00  4916260.00   -24.20   5    523
  1495530.00  4916260.00   -24.70   5    523
  1495530.00  4916260.00   -25.20   5    523
  1495530.00  4916260.00   -25.70   5    523
  1495530.00  4916260.00   -26.20   5    523
  1495530.00  4916260.00   -26.70   5    523
  1495530.00  4916260.00   -27.20   5    523
  1495530.00  4916260.00   -27.70   5    523
  1495530.00  4916260.00   -28.20   5    523
  1495530.00  4916260.00   -28.70   5    523
  1495530.00  4916260.00   -29.20   5    523
  1495530.00  4916260.00   -29.70   5    523
  1495180.00  4919460.00    -0.50   4    524
  1495180.00  4919460.00    -1.00   4    524
  1495180.00  4919460.00    -1.50   4    524
  1495180.00  4919460.00    -2.00   4    524
  1495180.00  4919460.00    -2.50   4    524
  1495180.00  4919460.00    -3.00   4    524
  1495180.00  4919460.00    -3.50   4    524
  1495180.00  4919460.00    -4.00   4    524
  1495180.00  4919460.00    -4.70   6    525
  1495180.00  4919460.00    -5.20   6    525
  1495180.00  4919460.00    -5.70   6    525
  1495180.00  4919460.00    -6.20   6    525
  1495180.00  4919460.00    -6.70   6    525
  1495180.00  4919460.00    -7.20   6    525
  1495180.00  4919460.00    -7.70   6    525
  1495180.00  4919460.00    -8.20   6    525
  1495180.00  4919460.00    -8.70   6    525
  1495180.00  4919460.00    -9.20   6    525
  1495180.00  4919460.00    -9.70   6    525
  1495180.00  4919460.00   -10.20   6    525
  1495180.00  4919460.00   -10.70   6    525
  1495180.00  4919460.00   -11.20   6    525
  1495180.00  4919460.00   -11.90   3    526
  1495180.00  4919460.00   -12.40   3    526
  1495180.00  4919460.00   -12.90   3    526
  1495180.00  4919460.00   -13.40   3    526
  1495180.00  4919460.00   -14.00   6    527
  1495180.00  4919460.00   -14.50   6    527
  1495180.00  4919460.00   -15.20   3    528
  1495180.00  4919460.00   -15.70   3    528
  1495180.00  4919460.00   -16.20   3    528
  1495180.00  4919460.00   -16.70   3    528
  1495180.00  4919460.00   -17.20   3    528
  1495180.00  4919460.00   -17.70   3    528
  1495180.00  4919460.00   -18.20   3    528
  1495180.00  4919460.00   -18.70   3    528
  1495180.00  4919460.00   -19.00   6    529
  1495180.00  4919460.00   -19.50   6    529
  1495180.00  4919460.00   -20.00   6    529
  1495180.00  4919460.00   -20.50   6    529
  1495180.00  4919460.00   -20.80   3    530
  1495180.00  4919460.00   -21.30   3    530
  1495180.00  4919460.00   -21.80   3    530
  1495180.00  4919460.00   -22.30   3    530
  1495180.00  4919460.00   -22.80   3    530
  1495180.00  4919460.00   -23.30   3    530
  1495180.00  4919460.00   -23.80   3    530
  1495180.00  4919460.00   -24.30   3    530
  1495180.00  4919460.00   -24.80   3    530
  1495180.00  4919460.00   -25.30   3    530
  1495180.00  4919460.00   -25.80   3    530
  1495180.00  4919460.00   -26.30   3    530
  1495180.00  4919460.00   -26.80   3    530
  1495180.00  4919460.00   -27.30   3    530
  1495180.00  4919460.00   -27.80   3    530
  1495180.00  4919460.00   -28.30   3    530
  1495180.00  4919460.00   -28.80   3    530
  1495180.00  4919460.00   -29.30   3    530
  1495180.00  4919460.00   -29.80   3    530
  1495180.00  4919460.00   -30.30   3    530
  1495180.00  4919460.00   -30.80   3    530
  1495180.00  4919460.00   -31.30   3    530
  1495180.00  4919460.00   -31.80   3    530
  1495180.00  4919460.00   -32.30   3    530
  1495180.00  4919460.00   -32.80   3    530
  1495180.00  4919460.00   -33.30   3    530
  1495180.00  4919460.00   -33.80   3    530
  1495180.00  4919460.00   -34.30   3    530
  1495180.00  4919460.00   -34.80   3    530
  1495180.00  4919460.00   -35.30   3    530
  1495180.00  4919460.00   -35.60   5    531
  1495180.00  4919460.00   -36.10   5    531
  1495585.00  4916150.00     5.10   4    532
  1495585.00  4916150.00     4.60   4    532
  1495585.00  4916150.00     4.10   4    532
  1495585.00  4916150.00     3.60   4    532
  1495585.00  4916150.00     3.10   4    532
  1495585.00  4916150.00     2.60   4    532
  1495585.00  4916150.00     2.10   4    532
  1495585.00  4916150.00     1.60   4    532
  1495585.00  4916150.00     1.10   4    532
  1495585.00  4916150.00     0.60   4    532
  1495585.00  4916150.00     0.10   4    532
  1495585.00  4916150.00    -0.40   4    532
  1495585.00  4916150.00    -0.90   4    532
  1495585.00  4916150.00    -1.40   4    532
  1495585.00  4916150.00    -1.90   6    533
  1495585.00  4916150.00    -2.40   6    533
  1495585.00  4916150.00    -2.90   6    533
  1495585.00  4916150.00    -3.40   6    533
  1495585.00  4916150.00    -3.90   6    533
  1495585.00  4916150.00    -4.40   6    533
  1495585.00  4916150.00    -5.10   6    534
  1495585.00  4916150.00    -5.60   6    534
  1495585.00  4916150.00    -5.90   6    535
  1495585.00  4916150.00    -6.40   6    535
  1495585.00  4916150.00    -6.90   6    535
  1495585.00  4916150.00    -7.40   6    535
  1495585.00  4916150.00    -7.90   6    535
  1495585.00  4916150.00    -8.40   6    535
  1495585.00  4916150.00    -8.90   6    535
  1495585.00  4916150.00    -9.40   6    535
  1495585.00  4916150.00    -9.90   6    535
  1495585.00  4916150.00   -10.40   6    535
  1495585.00  4916150.00   -10.90   6    535
  1495585.00  4916150.00   -11.40   6    535
  1495585.00  4916150.00   -11.90   6    535
  1495585.00  4916150.00   -12.40   6    535
  1495585.00  4916150.00   -12.90   6    535
  1495585.00  4916150.00   -13.40   6    535
  1495585.00  4916150.00   -13.90   6    535
  1495585.00  4916150.00   -14.40   6    535
  1495585.00  4916150.00   -14.90   6    535
  1495950.00  4916050.00     4.20   4    536
  1495950.00  4916050.00     3.70   4    536
  1495950.00  4916050.00     3.20   4    536
  1495950.00  4916050.00     2.70   6    537
  1495950.00  4916050.00     2.20   6    537
  1495950.00  4916050.00     1.70   6    537
  1495950.00  4916050.00     1.20   6    537
  1495950.00  4916050.00     0.70   6    537
  1495950.00  4916050.00     0.10   5    538
  1495950.00  4916050.00    -0.40   5    538
  1495950.00  4916050.00    -0.90   5    538
  1495950.00  4916050.00    -1.40   5    538
  1495950.00  4916050.00    -1.90   5    538
  1495950.00  4916050.00    -2.40   5    538
  1495950.00  4916050.00    -2.90   5    538
  1495950.00  4916050.00    -3.40   5    538
  1495950.00  4916050.00    -3.90   5    538
  1495950.00  4916050.00    -4.40   5    538
  1495950.00  4916050.00    -4.90   5    538
  1495950.00  4916050.00    -5.40   5    538
  1495950.00  4916050.00    -5.90   5    538
  1495950.00  4916050.00    -6.40   5    538
  1495950.00  4916050.00    -6.90   5    538
  1495950.00  4916050.00    -7.40   5    538
  1495950.00  4916050.00    -7.90   5    538
  1495950.00  4916050.00    -8.40   5    538
  1495950.00  4916050.00    -8.90   5    538
  1495950.00  4916050.00    -9.40   5    538
  1495950.00  4916050.00    -9.90   5    538
  1495950.00  4916050.00   -10.40   5    538
  1495950.00  4916050.00   -10.90   5    538
  1495950.00  4916050.00   -11.40   5    538
  1495950.00  4916050.00   -11.90   5    538
  1495950.00  4916050.00   -12.40   5    538
  1495950.00  4916050.00   -12.90   5    538
  1495950.00  4916050.00   -13.40   5    538
  1495950.00  4916050.00   -13.90   5    538
  1495950.00  4916050.00   -14.40   5    538
  1495950.00  4916050.00   -14.90   5    538
  1495950.00  4916050.00   -15.40   5    538
  1495950.00  4916050.00   -15.90   5    538
  1495950.00  4916050.00   -16.40   5    538
  1495950.00  4916050.00   -16.90   5    538
  1495950.00  4916050.00   -17.40   5    538
  1495950.00  4916050.00   -17.90   5    538
  1495950.00  4916050.00   -18.40   5    538
  1495660.00  4916165.00     5.20   4    539
  1495660.00  4916165.00     4.70   4    539
  1495660.00  4916165.00     4.20   4    539
  1495660.00  4916165.00     3.70   4    539
  1495660.00  4916165.00     3.20   4    539
  1495660.00  4916165.00     2.70   4    539
  1495660.00  4916165.00     2.20   4    539
  1495660.00  4916165.00     1.70   4    539
  1495660.00  4916165.00     1.20   4    539
  1495660.00  4916165.00     0.80   6    540
  1495660.00  4916165.00     0.30   6    540
  1495660.00  4916165.00    -0.20   6    540
  1495660.00  4916165.00    -0.70   6    540
  1495660.00  4916165.00    -1.20   6    540
  1495660.00  4916165.00    -1.70   6    540
  1495660.00  4916165.00    -2.20   6    540
  1495660.00  4916165.00    -2.70   6    540
  1495660.00  4916165.00    -3.20   6    540
  1495660.00  4916165.00    -3.70   6    540
  1495660.00  4916165.00    -4.20   6    540
  1495660.00  4916165.00    -4.70   6    540
  1495660.00  4916165.00    -5.20   6    540
  1495660.00  4916165.00    -5.70   6    540
  1495660.00  4916165.00    -6.20   6    540
  1495660.00  4916165.00    -6.70   6    540
  1495660.00  4916165.00    -7.20   6    540
  1495660.00  4916165.00    -7.70   6    540
  1495660.00  4916165.00    -8.20   6    540
  1495660.00  4916165.00    -8.70   6    540
  1495660.00  4916165.00    -9.20   6    540
  1495660.00  4916165.00    -9.70   6    540
  1495660.00  4916165.00   -10.20   6    540
  1495660.00  4916165.00   -10.70   6    540
  1495660.00  4916165.00   -11.20   6    540
  1495660.00  4916165.00   -11.50   6    541
  1495660.00  4916165.00   -12.00   6    541
  1495660.00  4916165.00   -12.50   6    541
  1495660.00  4916165.00   -13.20   6    542
  1495660.00  4916165.00   -13.70   6    542
  1495660.00  4916165.00   -14.10   6    543
  1495660.00  4916165.00   -14.60   6    543
  1495660.00  4916165.00   -15.10   6    543
  1495660.00  4916165.00   -15.60   6    543
  1495660.00  4916165.00   -16.10   6    543
  1495660.00  4916165.00   -16.60   6    543
  1495660.00  4916165.00   -17.10   6    543
  1495660.00  4916165.00   -17.60   6    543
  1495660.00  4916165.00   -18.10   6    543
  1495660.00  4916165.00   -18.60   6    543
  1495660.00  4916165.00   -19.10   6    543
  1495660.00  4916165.00   -19.60   6    543
  1495660.00  4916165.00   -20.10   6    543
  1495660.00  4916165.00   -20.60   6    543
  1495335.00  4917845.00    -0.50   5    544
  1495335.00  4917845.00    -1.00   5    544
  1495335.00  4917845.00    -1.50   5    544
  1495335.00  4917845.00    -2.00   5    544
  1495335.00  4917845.00    -2.50   5    544
  1495335.00  4917845.00    -3.00   5    544
  1495335.00  4917845.00    -3.50   5    544
  1495335.00  4917845.00    -4.00   5    544
  1495335.00  4917845.00    -4.50   5    544
  1495335.00  4917845.00    -5.00   5    544
  1495335.00  4917845.00    -5.50   5    544
  1495335.00  4917845.00    -6.00   5    544
  1495335.00  4917845.00    -6.50   5    544
  1495335.00  4917845.00    -7.00   5    544
  1495335.00  4917845.00    -7.50   5    544
  1495335.00  4917845.00    -8.00   5    544
  1495335.00  4917845.00    -8.50   5    544
  1495335.00  4917845.00    -9.00   5    544
  1495335.00  4917845.00    -9.50   5    544
  1495335.00  4917845.00   -10.00   5    544
  1495335.00  4917845.00   -10.50   5    544
  1495335.00  4917845.00   -11.00   5    544
  1495335.00  4917845.00   -11.50   5    544
  1495335.00  4917845.00   -12.00   5    544
  1495335.00  4917845.00   -12.50   5    544
  1495335.00  4917845.00   -13.00   5    544
  1495335.00  4917845.00   -13.50   5    544
  1495335.00  4917845.00   -14.00   5    544
  1495335.00  4917845.00   -14.50   5    544
  1495335.00  4917845.00   -15.00   5    544
  1495335.00  4917845.00   -15.50   5    544
  1495335.00  4917845.00   -16.00   5    544
  1495335.00  4917845.00   -16.50   5    544
  1495335.00  4917845.00   -17.00   5    544
  1495335.00  4917845.00   -17.50   5    544
  1495335.00  4917845.00   -18.00   5    544
  1495335.00  4917845.00   -18.50   5    544
  1495335.00  4917845.00   -19.00   5    544
  1495335.00  4917845.00   -19.50   5    544
  1495335.00  4917845.00   -20.00   5    544
  1495335.00  4917845.00   -20.50   5    544
  1495335.00  4917845.00   -21.00   5    544
  1495335.00  4917845.00   -21.50   5    544
  1495335.00  4917845.00   -22.00   5    544
  1495335.00  4917845.00   -22.50   5    544
  1495335.00  4917845.00   -23.00   5    544
  1495335.00  4917845.00   -23.50   5    544
  1495335.00  4917845.00   -24.00   5    544
  1495335.00  4917845.00   -24.50   5    544
  1495335.00  4917845.00   -25.00   5    544
  1495335.00  4917845.00   -25.50   5    544
  1495335.00  4917845.00   -26.00   5    544
  1495335.00  4917845.00   -26.50   5    544
  1495335.00  4917845.00   -27.00   5    544
  1495335.00  4917845.00   -27.50   5    544
  1495335.00  4917845.00   -28.00   5    544
  1495335.00  4917845.00   -28.50   5    544
  1495335.00  4917845.00   -29.00   5    544
  1495335.00  4917845.00   -29.50   5    544
  1495335.00  4917845.00   -30.00   5    544
  1495335.00  4917845.00   -30.50   5    544
  1495335.00  4917845.00   -31.00   5    544
  1495335.00  4917845.00   -31.50   5    544
  1495335.00  4917845.00   -32.00   5    544
  1495335.00  4917845.00   -32.50   5    544
  1495335.00  4917845.00   -33.00   5    544
  1495335.00  4917845.00   -33.50   5    544
  1495335.00  4917845.00   -34.00   5    544
  1495335.00  4917845.00   -34.50   5    544
  1496160.00  4917575.00    -0.50   4    545
  1496160.00  4917575.00    -1.00   4    545
  1496160.00  4917575.00    -1.50   4    545
  1496160.00  4917575.00    -2.00   4    545
  1496160.00  4917575.00    -2.50   4    545
  1496160.00  4917575.00    -2.80   6    546
  1496160.00  4917575.00    -3.30   6    546
  1496160.00  4917575.00    -3.80   6    546
  1496160.00  4917575.00    -4.30   6    546
  1496160.00  4917575.00    -4.80   6    547
  1496160.00  4917575.00    -5.30   6    547
  1496160.00  4917575.00    -5.80   6    547
  1496160.00  4917575.00    -6.30   6    547
  1496160.00  4917575.00    -6.80   6    547
  1496160.00  4917575.00    -7.30   6    547
  1496160.00  4917575.00    -7.80   6    547
  1496160.00  4917575.00    -8.30   6    547
  1496160.00  4917575.00    -8.80   6    547
  1496160.00  4917575.00    -9.30   6    547
  1496160.00  4917575.00    -9.80   6    547
  1496160.00  4917575.00   -10.30   6    547
  1496160.00  4917575.00   -10.80   6    547
  1496160.00  4917575.00   -11.30   6    547
  1496160.00  4917575.00   -11.80   6    547
  1496160.00  4917575.00   -12.30   6    547
  1496160.00  4917575.00   -12.80   6    547
  1496160.00  4917575.00   -13.30   5    548
  1496160.00  4917575.00   -13.80   5    548
  1496160.00  4917575.00   -14.30   5    548
  1496160.00  4917575.00   -14.80   5    548
  1496160.00  4917575.00   -15.30   5    548
  1496160.00  4917575.00   -15.80   5    548
  1496160.00  4917575.00   -16.30   5    548
  1496160.00  4917575.00   -16.80   5    548
  1496160.00  4917575.00   -17.30   5    548
  1496160.00  4917575.00   -17.80   5    548
  1496160.00  4917575.00   -18.30   5    548
  1496160.00  4917575.00   -18.80   5    548
  1496160.00  4917575.00   -19.30   5    548
  1496160.00  4917575.00   -19.80   5    548
  1496160.00  4917575.00   -20.30   5    548
  1496160.00  4917575.00   -20.80   5    548
  1496160.00  4917575.00   -21.30   5    548
  1496160.00  4917575.00   -21.80   5    548
  1496160.00  4917575.00   -22.30   5    548
  1496160.00  4917575.00   -22.80   5    548
  1496160.00  4917575.00   -23.30   5    548
  1496160.00  4917575.00   -23.80   5    548
  1496160.00  4917575.00   -24.30   5    548
  1496160.00  4917575.00   -24.80   5    548
  1495865.00  4916830.00     8.30   4    549
  1495865.00  4916830.00     7.80   4    549
  1495865.00  4916830.00     7.30   4    549
  1495865.00  4916830.00     6.60   6    550
  1495865.00  4916830.00     6.10   6    550
  1495865.00  4916830.00     5.60   6    550
  1495865.00  4916830.00     5.10   6    550
  1495865.00  4916830.00     4.60   6    550
  1495865.00  4916830.00     4.30   6    551
  1495865.00  4916830.00     3.80   6    551
  1495865.00  4916830.00     3.30   6    551
  1495865.00  4916830.00     2.80   6    551
  1495865.00  4916830.00     2.30   6    551
  1495865.00  4916830.00     1.80   6    551
  1495865.00  4916830.00     1.30   6    551
  1495865.00  4916830.00     0.80   6    551
  1495865.00  4916830.00     0.30   6    551
  1495865.00  4916830.00    -0.20   6    551
  1495865.00  4916830.00    -0.70   6    551
  1495865.00  4916830.00    -1.20   6    551
  1495865.00  4916830.00    -1.70   6    552
  1495865.00  4916830.00    -2.20   6    552
  1495865.00  4916830.00    -2.70   6    552
  1495865.00  4916830.00    -3.20   6    552
  1495865.00  4916830.00    -3.70   6    552
  1495865.00  4916830.00    -4.20   6    552
  1495865.00  4916830.00    -4.70   6    552
  1495865.00  4916830.00    -5.20   6    552
  1495865.00  4916830.00    -5.70   6    552
  1495865.00  4916830.00    -6.20   6    552
  1495865.00  4916830.00    -6.70   6    552
  1495865.00  4916830.00    -7.20   6    552
  1495865.00  4916830.00    -7.70   6    552
  1495865.00  4916830.00    -8.20   6    552
  1495865.00  4916830.00    -8.70   6    553
  1495865.00  4916830.00    -9.20   6    553
  1495865.00  4916830.00    -9.70   6    553
  1495865.00  4916830.00   -10.20   6    553
  1495865.00  4916830.00   -10.70   6    553
  1495865.00  4916830.00   -11.20   6    553
  1495865.00  4916830.00   -11.50   6    554
  1495865.00  4916830.00   -12.00   6    554
  1495865.00  4916830.00   -12.50   6    554
  1495865.00  4916830.00   -13.00   6    554
  1495865.00  4916830.00   -13.50   6    554
  1495865.00  4916830.00   -14.00   6    555
  1495865.00  4916830.00   -14.50   6    555
  1495865.00  4916830.00   -15.00   6    555
  1495865.00  4916830.00   -15.50   6    555
  1495865.00  4916830.00   -16.00   6    555
  1495865.00  4916830.00   -16.50   6    555
  1495865.00  4916830.00   -17.00   6    555
  1495775.00  4916815.00     8.10   4    556
  1495775.00  4916815.00     7.60   4    556
  1495775.00  4916815.00     7.10   4    556
  1495775.00  4916815.00     6.60   4    556
  1495775.00  4916815.00     6.10   4    556
  1495775.00  4916815.00     5.60   4    556
  1495775.00  4916815.00     5.10   4    556
  1495775.00  4916815.00     4.60   4    556
  1495775.00  4916815.00     4.10   4    556
  1495775.00  4916815.00     3.60   4    556
  1495775.00  4916815.00     3.10   4    556
  1495775.00  4916815.00     2.60   6    557
  1495775.00  4916815.00     2.10   6    558
  1495775.00  4916815.00     1.60   6    558
  1495775.00  4916815.00     1.10   6    558
  1495775.00  4916815.00     0.60   6    558
  1495775.00  4916815.00     0.10   6    558
  1495775.00  4916815.00    -0.40   6    558
  1495775.00  4916815.00    -0.90   6    558
  1495775.00  4916815.00    -1.40   6    559
  1495775.00  4916815.00    -1.90   6    559
  1495775.00  4916815.00    -2.40   6    559
  1495775.00  4916815.00    -2.90   6    559
  1495775.00  4916815.00    -3.40   6    559
  1495775.00  4916815.00    -3.90   6    559
  1495775.00  4916815.00    -4.40   6    559
  1495775.00  4916815.00    -4.90   6    559
  1495775.00  4916815.00    -5.40   6    559
  1495775.00  4916815.00    -5.90   6    560
  1495775.00  4916815.00    -6.40   6    560
  1495775.00  4916815.00    -6.90   6    560
  1495775.00  4916815.00    -7.40   6    560
  1495775.00  4916815.00    -7.90   6    561
  1495775.00  4916815.00    -8.40   6    561
  1495775.00  4916815.00    -8.90   6    561
  1495775.00  4916815.00    -9.40   6    561
  1495775.00  4916815.00    -9.90   6    561
  1495775.00  4916815.00   -10.40   6    561
  1495775.00  4916815.00   -10.90   6    561
  1495775.00  4916815.00   -11.40   6    561
  1495775.00  4916815.00   -11.90   6    561
  1495775.00  4916815.00   -12.40   6    561
  1495775.00  4916815.00   -12.90   6    562
  1495775.00  4916815.00   -13.40   6    562
  1495775.00  4916815.00   -13.90   6    562
  1495775.00  4916815.00   -14.40   6    562
  1495775.00  4916815.00   -14.90   6    562
  1495775.00  4916815.00   -15.40   6    562
  1495775.00  4916815.00   -15.90   6    562
  1495775.00  4916815.00   -16.40   6    562
  1495775.00  4916815.00   -16.90   6    562
  1495775.00  4916815.00   -17.40   6    562
  1495775.00  4916815.00   -17.90   6    562
  1496385.00  4916435.00    -0.50   4    563
  1496385.00  4916435.00    -1.00   4    563
  1496385.00  4916435.00    -1.50   4    563
  1496385.00  4916435.00    -1.80   6    564
  1496385.00  4916435.00    -2.30   6    564
  1496385.00  4916435.00    -2.80   6    564
  1496385.00  4916435.00    -3.30   6    564
  1496385.00  4916435.00    -4.00   6    565
  1496385.00  4916435.00    -4.50   6    565
  1496385.00  4916435.00    -5.00   6    565
  1496385.00  4916435.00    -5.50   6    565
  1496385.00  4916435.00    -6.00   6    566
  1496385.00  4916435.00    -6.50   6    566
  1496385.00  4916435.00    -7.00   6    566
  1496385.00  4916435.00    -7.50   6    566
  1496385.00  4916435.00    -8.00   6    566
  1496385.00  4916435.00    -8.50   6    566
  1496385.00  4916435.00    -9.00   6    566
  1496385.00  4916435.00    -9.50   6    566
  1496385.00  4916435.00   -10.00   6    566
  1496385.00  4916435.00   -10.50   6    566
  1496385.00  4916435.00   -11.20   1    567
  1496385.00  4916435.00   -11.70   1    567
  1496385.00  4916435.00   -12.20   1    567
  1496385.00  4916435.00   -12.70   1    567
  1496365.00  4916440.00    -0.50   4    568
  1496365.00  4916440.00    -1.00   4    568
  1496365.00  4916440.00    -1.50   4    568
  1496365.00  4916440.00    -2.00   4    568
  1496365.00  4916440.00    -2.50   4    568
  1496365.00  4916440.00    -2.80   6    569
  1496365.00  4916440.00    -3.30   6    569
  1496365.00  4916440.00    -3.80   6    569
  1496365.00  4916440.00    -4.30   6    569
  1496365.00  4916440.00    -4.80   6    569
  1496365.00  4916440.00    -5.30   6    569
  1496365.00  4916440.00    -5.80   6    569
  1496365.00  4916440.00    -6.30   6    569
  1496365.00  4916440.00    -6.80   6    569
  1496365.00  4916440.00    -7.50   1    570
  1496365.00  4916440.00    -8.00   1    570
  1496365.00  4916440.00    -8.50   1    570
  1496365.00  4916440.00    -9.00   1    570
  1496365.00  4916440.00    -9.50   1    570
  1496365.00  4916440.00   -10.00   1    570
  1496365.00  4916440.00   -10.50   1    570
  1496365.00  4916440.00   -11.00   1    570
  1496365.00  4916440.00   -11.50   1    570
  1496365.00  4916440.00   -12.00   1    570
  1496365.00  4916440.00   -12.50   1    570
  1496365.00  4916440.00   -13.00   1    570
  1496365.00  4916420.00    -0.50   4    571
  1496365.00  4916420.00    -1.00   4    571
  1496365.00  4916420.00    -1.50   4    571
  1496365.00  4916420.00    -1.80   6    572
  1496365.00  4916420.00    -2.30   6    572
  1496365.00  4916420.00    -2.80   6    572
  1496365.00  4916420.00    -3.30   6    572
  1496365.00  4916420.00    -4.00   6    573
  1496365.00  4916420.00    -4.50   6    573
  1496365.00  4916420.00    -5.00   6    573
  1496365.00  4916420.00    -5.50   6    573
  1496365.00  4916420.00    -6.00   6    573
  1496365.00  4916420.00    -6.70   6    574
  1496365.00  4916420.00    -7.30   6    575
  1496365.00  4916420.00    -7.80   6    575
  1496365.00  4916420.00    -8.50   6    576
  1496365.00  4916420.00    -9.00   6    576
  1496365.00  4916420.00    -9.50   1    577
  1496365.00  4916420.00   -10.00   1    577
  1496365.00  4916420.00   -10.50   1    577
  1496365.00  4916420.00   -11.00   1    577
  1496365.00  4916420.00   -11.50   1    577
  1496365.00  4916420.00   -12.00   1    577
  1496365.00  4916420.00   -12.50   1    577
  1496365.00  4916420.00   -13.00   1    577
  1496580.00  4917305.00    -0.50   6    578
  1496580.00  4917305.00    -1.00   6    578
  1496580.00  4917305.00    -1.50   6    578
  1496580.00  4917305.00    -2.00   6    578
  1496580.00  4917305.00    -2.50   6    579
  1496580.00  4917305.00    -3.00   6    579
  1496580.00  4917305.00    -3.50   6    580
  1496580.00  4917305.00    -4.00   6    580
  1496580.00  4917305.00    -4.50   6    581
  1496580.00  4917305.00    -5.00   6    581
  1496580.00  4917305.00    -5.50   6    582
  1496580.00  4917305.00    -6.00   6    582
  1496580.00  4917305.00    -6.50   6    582
  1496580.00  4917305.00    -7.00   6    583
  1496580.00  4917305.00    -7.50   6    583
  1496580.00  4917305.00    -8.00   6    583
  1496580.00  4917305.00    -8.50   5    584
  1496580.00  4917305.00    -9.00   5    584
  1496580.00  4917305.00    -9.50   5    584
  1496580.00  4917305.00   -10.00   5    584
  1496580.00  4917305.00   -10.50   5    584
  1496580.00  4917305.00   -11.00   5    584
  1496580.00  4917305.00   -11.50   5    584
  1496580.00  4917305.00   -12.00   5    584
  1496580.00  4917305.00   -12.50   5    584
  1496095.00  4918095.00    15.10   6    585
  1496095.00  4918095.00    14.60   6    585
  1496095.00  4918095.00    14.10   6    585
  1496095.00  4918095.00    13.60   6    585
  1496095.00  4918095.00    13.10   6    585
  1496095.00  4918095.00    12.60   6    585
  1496095.00  4918095.00    12.10   6    585
  1496095.00  4918095.00    11.60   6    585
  1496095.00  4918095.00    11.10   6    586
  1496095.00  4918095.00    10.60   6    586
  1496095.00  4918095.00    10.10   6    586
  1496095.00  4918095.00     9.60   6    586
  1496095.00  4918095.00     9.10   6    586
  1496095.00  4918095.00     8.60   6    586
  1496095.00  4918095.00     8.10   6    586
  1496095.00  4918095.00     7.60   6    586
  1496095.00  4918095.00     7.10   6    586
  1496095.00  4918095.00     6.60   6    586
  1496095.00  4918095.00     6.10   6    586
  1496095.00  4918095.00     5.60   6    586
  1496095.00  4918095.00     5.10   6    587
  1496095.00  4918095.00     4.60   6    587
  1496095.00  4918095.00     4.10   6    587
  1496095.00  4918095.00     3.60   6    587
  1496095.00  4918095.00     3.10   6    587
  1496095.00  4918095.00     2.60   6    587
  1496095.00  4918095.00     2.10   6    587
  1496095.00  4918095.00     1.60   6    587
  1496095.00  4918095.00     1.10   6    587
  1496095.00  4918095.00     0.60   6    587
  1496135.00  4918050.00    15.10   4    588
  1496135.00  4918050.00    14.60   4    588
  1496135.00  4918050.00    14.10   6    589
  1496135.00  4918050.00    13.60   6    589
  1496135.00  4918050.00    13.10   6    589
  1496135.00  4918050.00    12.60   6    589
  1496135.00  4918050.00    12.10   6    589
  1496135.00  4918050.00    11.60   6    589
  1496135.00  4918050.00    11.10   6    590
  1496135.00  4918050.00    10.60   6    590
  1496135.00  4918050.00    10.10   6    590
  1496135.00  4918050.00     9.60   6    590
  1496135.00  4918050.00     9.10   6    590
  1496135.00  4918050.00     8.60   6    590
  1496135.00  4918050.00     8.10   6    590
  1496135.00  4918050.00     7.60   6    590
  1496135.00  4918050.00     7.10   6    590
  1496135.00  4918050.00     6.60   6    590
  1496135.00  4918050.00     6.10   6    590
  1496135.00  4918050.00     5.60   6    590
  1496135.00  4918050.00     5.10   6    590
  1496135.00  4918050.00     4.60   6    590
  1496135.00  4918050.00     4.10   6    590
  1496135.00  4918050.00     3.60   6    590
  1496135.00  4918050.00     3.10   6    590
  1496135.00  4918050.00     2.60   6    590
  1496135.00  4918050.00     2.10   6    590
  1496135.00  4918050.00     1.60   6    590
  1496135.00  4918050.00     1.10   6    590
  1496135.00  4918050.00     0.60   6    590
  1496200.00  4917945.00    14.60   4    592
  1496200.00  4917945.00    14.10   4    592
  1496200.00  4917945.00    13.60   4    592
  1496200.00  4917945.00    13.10   4    592
  1496200.00  4917945.00    12.60   4    592
  1496200.00  4917945.00    12.10   4    592
  1496200.00  4917945.00    11.60   4    592
  1496200.00  4917945.00    11.10   4    592
  1496200.00  4917945.00    10.80   6    593
  1496200.00  4917945.00    10.30   6    593
  1496200.00  4917945.00     9.80   6    594
  1496200.00  4917945.00     9.30   6    594
  1496200.00  4917945.00     8.80   6    594
  1496200.00  4917945.00     8.30   6    594
  1496200.00  4917945.00     7.80   6    594
  1496200.00  4917945.00     7.30   6    594
  1496200.00  4917945.00     6.80   6    594
  1496200.00  4917945.00     6.30   6    594
  1496200.00  4917945.00     5.80   6    594
  1496200.00  4917945.00     5.30   6    594
  1496200.00  4917945.00     4.80   6    594
  1496200.00  4917945.00     4.30   6    594
  1496200.00  4917945.00     3.80   6    594
  1496200.00  4917945.00     3.30   6    594
  1496200.00  4917945.00     2.80   6    594
  1496200.00  4917945.00     2.30   6    594
  1496200.00  4917945.00     1.80   6    594
  1496200.00  4917945.00     1.30   6    594
  1496200.00  4917945.00     0.80   6    594
  1496200.00  4917945.00     0.30   6    594
  1496200.00  4917945.00    -0.20   6    594
  1496200.00  4917945.00    -0.70   6    594
  1496200.00  4917945.00    -1.20   6    594
  1496200.00  4917945.00    -1.70   6    594
  1496200.00  4917945.00    -2.20   6    594
  1496200.00  4917945.00    -2.70   6    594
  1496200.00  4917945.00    -3.20   6    594
  1496200.00  4917945.00    -3.70   6    594
  1496200.00  4917945.00    -4.20   6    594
  1496200.00  4917945.00    -4.70   6    594
  1496265.00  4917885.00     9.10   4    596
  1496265.00  4917885.00     8.60   4    596
  1496265.00  4917885.00     8.10   4    596
  1496265.00  4917885.00     7.60   4    596
  1496265.00  4917885.00     7.10   4    596
  1496265.00  4917885.00     6.60   4    596
  1496265.00  4917885.00     6.10   4    596
  1496265.00  4917885.00     5.60   4    596
  1496265.00  4917885.00     5.30   6    597
  1496265.00  4917885.00     4.80   6    597
  1496265.00  4917885.00     4.30   6    598
  1496265.00  4917885.00     3.80   6    598
  1496265.00  4917885.00     3.30   6    598
  1496265.00  4917885.00     2.80   6    598
  1496265.00  4917885.00     2.30   6    598
  1496265.00  4917885.00     1.80   6    598
  1496265.00  4917885.00     1.30   6    598
  1496265.00  4917885.00     0.80   6    598
  1496265.00  4917885.00     0.30   6    598
  1496265.00  4917885.00    -0.20   6    598
  1496265.00  4917885.00    -0.70   6    598
  1496265.00  4917885.00    -1.20   6    598
  1496265.00  4917885.00    -1.70   6    598
  1496265.00  4917885.00    -2.20   6    598
  1496265.00  4917885.00    -2.70   6    598
  1496265.00  4917885.00    -3.20   6    598
  1496265.00  4917885.00    -3.70   6    598
  1496265.00  4917885.00    -4.20   6    598
  1496265.00  4917885.00    -4.70   6    598
  1496265.00  4917885.00    -5.20   6    598
  1496265.00  4917885.00    -5.70   6    598
  1496265.00  4917885.00    -6.20   6    598
  1496265.00  4917885.00    -6.70   6    598
  1496265.00  4917885.00    -7.20   6    598
  1496265.00  4917885.00    -7.70   6    598
  1496265.00  4917885.00    -8.20   6    598
  1495175.00  4916030.00     4.50   4    600
  1495175.00  4916030.00     4.00   4    600
  1495175.00  4916030.00     3.50   4    600
  1495175.00  4916030.00     3.00   4    600
  1495175.00  4916030.00     2.50   4    600
  1495175.00  4916030.00     2.00   4    600
  1495175.00  4916030.00     1.50   4    600
  1495175.00  4916030.00     1.00   4    600
  1495175.00  4916030.00     0.50   4    600
  1495175.00  4916030.00     0.00   4    600
  1495175.00  4916030.00    -0.70   5    601
  1495175.00  4916030.00    -1.20   5    601
  1495175.00  4916030.00    -1.70   5    601
  1495175.00  4916030.00    -2.20   5    601
  1495175.00  4916030.00    -2.70   5    601
  1495175.00  4916030.00    -3.20   5    601
  1495175.00  4916030.00    -3.70   5    601
  1495175.00  4916030.00    -4.20   5    601
  1495175.00  4916030.00    -4.70   5    601
  1495175.00  4916030.00    -5.20   5    601
  1495175.00  4916030.00    -5.70   5    601
  1495175.00  4916030.00    -6.20   5    601
  1495175.00  4916030.00    -6.70   5    601
  1495175.00  4916030.00    -7.20   5    601
  1495175.00  4916030.00    -7.70   5    601
  1495175.00  4916030.00    -8.20   5    601
  1495175.00  4916030.00    -8.70   5    601
  1495175.00  4916030.00    -9.20   5    601
  1495175.00  4916030.00    -9.70   5    601
  1495175.00  4916030.00   -10.20   5    601
  1495175.00  4916030.00   -10.70   5    601
  1495175.00  4916030.00   -11.20   5    601
  1495175.00  4916030.00   -11.70   5    601
  1495175.00  4916030.00   -12.20   5    601
  1495175.00  4916030.00   -12.70   5    601
  1495215.00  4916000.00     4.60   4    603
  1495215.00  4916000.00     4.10   4    603
  1495215.00  4916000.00     3.60   4    603
  1495215.00  4916000.00     3.10   4    603
  1495215.00  4916000.00     2.60   4    603
  1495215.00  4916000.00     2.10   4    603
  1495215.00  4916000.00     1.60   4    603
  1495215.00  4916000.00     1.10   4    603
  1495215.00  4916000.00     0.60   4    603
  1495215.00  4916000.00     0.10   4    603
  1495215.00  4916000.00    -0.40   4    603
  1495215.00  4916000.00    -0.90   4    603
  1495215.00  4916000.00    -1.60   5    604
  1495215.00  4916000.00    -2.10   5    604
  1495215.00  4916000.00    -2.60   5    604
  1495215.00  4916000.00    -3.10   5    604
  1495215.00  4916000.00    -3.60   5    604
  1495215.00  4916000.00    -4.10   5    604
  1495215.00  4916000.00    -4.60   5    604
  1495215.00  4916000.00    -5.10   5    604
  1495215.00  4916000.00    -5.60   5    604
  1495215.00  4916000.00    -6.10   5    604
  1495215.00  4916000.00    -6.60   5    604
  1495215.00  4916000.00    -7.10   5    604
  1495215.00  4916000.00    -7.60   5    604
  1495215.00  4916000.00    -8.10   5    604
  1495215.00  4916000.00    -8.60   5    604
  1495215.00  4916000.00    -9.10   5    604
  1495215.00  4916000.00    -9.60   5    604
  1495215.00  4916000.00   -10.10   5    604
  1495215.00  4916000.00   -10.60   5    604
  1495215.00  4916000.00   -11.10   5    604
  1495215.00  4916000.00   -11.60   5    604
  1495215.00  4916000.00   -12.10   5    604
  1495215.00  4916000.00   -12.60   5    604
  1495260.00  4915895.00     4.60   4    606
  1495260.00  4915895.00     4.10   4    606
  1495260.00  4915895.00     3.60   4    606
  1495260.00  4915895.00     3.10   4    606
  1495260.00  4915895.00     2.60   4    606
  1495260.00  4915895.00     2.10   4    606
  1495260.00  4915895.00     1.60   4    606
  1495260.00  4915895.00     1.10   4    606
  1495260.00  4915895.00     0.60   4    606
  1495260.00  4915895.00     0.10   4    606
  1495260.00  4915895.00    -0.40   4    606
  1495260.00  4915895.00    -0.90   4    606
  1495260.00  4915895.00    -1.40   4    606
  1495260.00  4915895.00    -1.80   5    607
  1495260.00  4915895.00    -2.30   5    607
  1495260.00  4915895.00    -2.80   5    607
  1495260.00  4915895.00    -3.30   5    607
  1495260.00  4915895.00    -3.80   5    607
  1495260.00  4915895.00    -4.30   5    607
  1495260.00  4915895.00    -4.80   5    607
  1495260.00  4915895.00    -5.30   5    607
  1495260.00  4915895.00    -5.80   5    607
  1495260.00  4915895.00    -6.30   5    607
  1495260.00  4915895.00    -6.80   5    607
  1495260.00  4915895.00    -7.30   5    607
  1495260.00  4915895.00    -7.80   5    607
  1495260.00  4915895.00    -8.30   5    607
  1495260.00  4915895.00    -8.80   5    607
  1495260.00  4915895.00    -9.30   5    607
  1495260.00  4915895.00    -9.80   5    607
  1495260.00  4915895.00   -10.30   5    607
  1495260.00  4915895.00   -10.80   5    607
  1495260.00  4915895.00   -11.30   5    607
  1495260.00  4915895.00   -11.80   5    607
  1495260.00  4915895.00   -12.30   5    607
  1495260.00  4915895.00   -12.80   5    607
  1495225.00  4915880.00     4.30   4    609
  1495225.00  4915880.00     3.80   4    609
  1495225.00  4915880.00     3.30   4    609
  1495225.00  4915880.00     2.80   4    609
  1495225.00  4915880.00     2.30   4    609
  1495225.00  4915880.00     1.80   4    609
  1495225.00  4915880.00     1.30   4    609
  1495225.00  4915880.00     0.80   4    609
  1495225.00  4915880.00     0.30   5    610
  1495225.00  4915880.00    -0.20   5    610
  1495225.00  4915880.00    -0.70   5    610
  1495225.00  4915880.00    -1.20   5    610
  1495225.00  4915880.00    -1.70   5    610
  1495225.00  4915880.00    -2.20   5    610
  1495225.00  4915880.00    -2.70   5    610
  1495225.00  4915880.00    -3.20   5    610
  1495225.00  4915880.00    -3.70   5    610
  1495225.00  4915880.00    -4.20   5    610
  1495225.00  4915880.00    -4.70   5    610
  1495225.00  4915880.00    -5.20   5    610
  1495225.00  4915880.00    -5.70   5    610
  1495225.00  4915880.00    -6.20   5    610
  1495225.00  4915880.00    -6.70   5    610
  1495225.00  4915880.00    -7.20   5    610
  1495225.00  4915880.00    -7.70   5    610
  1495225.00  4915880.00    -8.20   5    610
  1495225.00  4915880.00    -8.70   5    610
  1495225.00  4915880.00    -9.20   5    610
  1495225.00  4915880.00    -9.70   5    610
  1495225.00  4915880.00   -10.20   5    610
  1495225.00  4915880.00   -10.70   5    610
  1495225.00  4915880.00   -11.20   5    610
  1495225.00  4915880.00   -11.70   5    610
  1495225.00  4915880.00   -12.20   5    610
  1495225.00  4915880.00   -12.70   5    610
  1495225.00  4915880.00   -13.20   5    610
  1495410.00  4915760.00     4.60   4    612
  1495410.00  4915760.00     4.10   4    612
  1495410.00  4915760.00     3.60   4    612
  1495410.00  4915760.00     3.10   4    612
  1495410.00  4915760.00     2.60   4    612
  1495410.00  4915760.00     2.10   4    612
  1495410.00  4915760.00     1.60   4    612
  1495410.00  4915760.00     1.10   4    612
  1495410.00  4915760.00     0.60   5    613
  1495410.00  4915760.00     0.10   5    613
  1495410.00  4915760.00    -0.40   5    613
  1495410.00  4915760.00    -0.90   5    613
  1495410.00  4915760.00    -1.40   5    613
  1495410.00  4915760.00    -1.90   5    613
  1495410.00  4915760.00    -2.40   5    613
  1495410.00  4915760.00    -2.90   5    613
  1495410.00  4915760.00    -3.40   5    613
  1495410.00  4915760.00    -3.90   5    613
  1495410.00  4915760.00    -4.40   5    613
  1495410.00  4915760.00    -4.90   5    613
  1495410.00  4915760.00    -5.40   5    613
  1495410.00  4915760.00    -5.90   5    613
  1495410.00  4915760.00    -6.40   5    613
  1495410.00  4915760.00    -6.90   5    613
  1495410.00  4915760.00    -7.40   5    613
  1495410.00  4915760.00    -7.90   5    613
  1495410.00  4915760.00    -8.40   5    613
  1495410.00  4915760.00    -8.90   5    613
  1495410.00  4915760.00    -9.40   5    613
  1495410.00  4915760.00    -9.90   5    613
  1495410.00  4915760.00   -10.40   5    613
  1495410.00  4915760.00   -10.90   5    613
  1495410.00  4915760.00   -11.40   5    613
  1495410.00  4915760.00   -11.90   5    613
  1495410.00  4915760.00   -12.40   5    613
  1495410.00  4915760.00   -12.90   5    613
  1495400.00  4915750.00     4.70   4    615
  1495400.00  4915750.00     4.20   4    615
  1495400.00  4915750.00     3.70   4    615
  1495400.00  4915750.00     3.20   4    615
  1495400.00  4915750.00     2.70   4    615
  1495400.00  4915750.00     2.20   4    615
  1495400.00  4915750.00     1.70   5    616
  1495400.00  4915750.00     1.20   5    616
  1495400.00  4915750.00     0.70   5    616
  1495400.00  4915750.00     0.20   5    616
  1495400.00  4915750.00    -0.30   5    616
  1495400.00  4915750.00    -0.80   5    616
  1495400.00  4915750.00    -1.30   5    616
  1495400.00  4915750.00    -1.80   5    616
  1495400.00  4915750.00    -2.30   5    616
  1495400.00  4915750.00    -2.80   5    616
  1495400.00  4915750.00    -3.30   5    616
  1495400.00  4915750.00    -3.80   5    616
  1495400.00  4915750.00    -4.30   5    616
  1495400.00  4915750.00    -4.80   5    616
  1495400.00  4915750.00    -5.30   5    616
  1495400.00  4915750.00    -5.80   5    616
  1495400.00  4915750.00    -6.30   5    616
  1495400.00  4915750.00    -6.80   5    616
  1495400.00  4915750.00    -7.30   5    616
  1495400.00  4915750.00    -7.80   5    616
  1495400.00  4915750.00    -8.30   5    616
  1495400.00  4915750.00    -8.80   5    616
  1495400.00  4915750.00    -9.30   5    616
  1495400.00  4915750.00    -9.80   5    616
  1495400.00  4915750.00   -10.30   5    616
  1495400.00  4915750.00   -10.80   5    616
  1495400.00  4915750.00   -11.30   5    616
  1495400.00  4915750.00   -11.80   5    616
  1495400.00  4915750.00   -12.30   5    616
  1495400.00  4915750.00   -12.80   5    616
  1495385.00  4915740.00     4.70   4    618
  1495385.00  4915740.00     4.20   4    618
  1495385.00  4915740.00     3.70   4    618
  1495385.00  4915740.00     3.20   4    618
  1495385.00  4915740.00     2.70   4    618
  1495385.00  4915740.00     2.20   4    618
  1495385.00  4915740.00     1.70   4    618
  1495385.00  4915740.00     1.20   4    618
  1495385.00  4915740.00     0.70   4    618
  1495385.00  4915740.00     0.20   4    618
  1495385.00  4915740.00    -0.30   5    619
  1495385.00  4915740.00    -0.80   5    619
  1495385.00  4915740.00    -1.30   5    619
  1495385.00  4915740.00    -1.80   5    619
  1495385.00  4915740.00    -2.30   5    619
  1495385.00  4915740.00    -2.80   5    619
  1495385.00  4915740.00    -3.30   5    619
  1495385.00  4915740.00    -3.80   5    619
  1495385.00  4915740.00    -4.30   5    619
  1495385.00  4915740.00    -4.80   5    619
  1495385.00  4915740.00    -5.30   5    619
  1495385.00  4915740.00    -5.80   5    619
  1495385.00  4915740.00    -6.30   5    619
  1495385.00  4915740.00    -6.80   5    619
  1495385.00  4915740.00    -7.30   5    619
  1495385.00  4915740.00    -7.80   5    619
  1495385.00  4915740.00    -8.30   5    619
  1495385.00  4915740.00    -8.80   5    619
  1495385.00  4915740.00    -9.30   5    619
  1495385.00  4915740.00    -9.80   5    619
  1495385.00  4915740.00   -10.30   5    619
  1495385.00  4915740.00   -10.80   5    619
  1495385.00  4915740.00   -11.30   5    619
  1495385.00  4915740.00   -11.80   5    619
  1495385.00  4915740.00   -12.30   5    619
  1495385.00  4915740.00   -12.80   5    619
  1495550.00  4915800.00     4.00   4    621
  1495550.00  4915800.00     3.50   4    621
  1495550.00  4915800.00     3.00   4    621
  1495550.00  4915800.00     2.50   4    621
  1495550.00  4915800.00     2.00   4    621
  1495550.00  4915800.00     1.50   4    621
  1495550.00  4915800.00     1.00   4    621
  1495550.00  4915800.00     0.50   4    621
  1495550.00  4915800.00     0.00   4    621
  1495550.00  4915800.00    -0.50   4    621
  1495550.00  4915800.00    -1.00   4    621
  1495550.00  4915800.00    -1.50   4    621
  1495550.00  4915800.00    -2.00   4    621
  1495550.00  4915800.00    -2.50   4    621
  1495550.00  4915800.00    -3.00   4    621
  1495550.00  4915800.00    -3.50   4    621
  1495550.00  4915800.00    -4.00   4    621
  1495550.00  4915800.00    -4.50   4    621
  1495550.00  4915800.00    -5.20   6    622
  1495550.00  4915800.00    -5.70   6    622
  1495550.00  4915800.00    -6.20   6    622
  1495550.00  4915800.00    -6.70   6    622
  1495550.00  4915800.00    -7.20   6    622
  1495550.00  4915800.00    -7.70   6    622
  1495550.00  4915800.00    -8.20   6    622
  1495550.00  4915800.00    -8.70   6    622
  1495550.00  4915800.00    -9.20   6    622
  1495550.00  4915800.00    -9.70   6    622
  1495550.00  4915800.00   -10.20   6    622
  1495550.00  4915800.00   -10.90   6    623
  1495550.00  4915800.00   -11.40   6    623
  1495550.00  4915800.00   -11.90   6    623
  1495550.00  4915800.00   -12.60   6    624
  1495550.00  4915800.00   -13.10   6    624
  1495550.00  4915800.00   -13.60   6    624
  1495550.00  4915800.00   -14.10   6    624
  1495550.00  4915800.00   -14.60   6    624
  1495550.00  4915800.00   -15.10   6    624
  1495550.00  4915800.00   -15.60   6    624
  1495655.00  4915760.00     3.30   4    626
  1495655.00  4915760.00     2.80   4    626
  1495655.00  4915760.00     2.30   4    626
  1495655.00  4915760.00     1.80   4    626
  1495655.00  4915760.00     1.30   4    626
  1495655.00  4915760.00     0.80   4    626
  1495655.00  4915760.00     0.30   4    626
  1495655.00  4915760.00    -0.20   4    626
  1495655.00  4915760.00    -0.70   4    626
  1495655.00  4915760.00    -1.20   4    626
  1495655.00  4915760.00    -1.70   4    626
  1495655.00  4915760.00    -2.20   4    626
  1495655.00  4915760.00    -2.70   4    626
  1495655.00  4915760.00    -3.20   4    626
  1495655.00  4915760.00    -3.70   4    626
  1495655.00  4915760.00    -4.00   6    627
  1495655.00  4915760.00    -4.50   6    627
  1495655.00  4915760.00    -5.00   6    627
  1495655.00  4915760.00    -5.50   6    627
  1495655.00  4915760.00    -6.00   6    627
  1495655.00  4915760.00    -6.50   6    627
  1495655.00  4915760.00    -7.00   6    627
  1495655.00  4915760.00    -7.50   6    627
  1495655.00  4915760.00    -8.00   6    627
  1495655.00  4915760.00    -8.50   6    627
  1495655.00  4915760.00    -9.00   6    627
  1495655.00  4915760.00    -9.50   6    627
  1495655.00  4915760.00   -10.00   6    627
  1495655.00  4915760.00   -10.50   6    627
  1495655.00  4915760.00   -11.00   6    627
  1495655.00  4915760.00   -11.50   6    627
  1495655.00  4915760.00   -12.00   6    627
  1495655.00  4915760.00   -12.50   6    627
  1495655.00  4915760.00   -13.00   6    627
  1495655.00  4915760.00   -13.50   6    627
  1495655.00  4915760.00   -14.00   6    627
  1495655.00  4915760.00   -14.50   6    627
  1495655.00  4915760.00   -15.00   6    627
  1495655.00  4915760.00   -15.50   6    627
  1495655.00  4915760.00   -16.00   6    627
  1495760.00  4915720.00     1.20   4    629
  1495760.00  4915720.00     0.70   4    629
  1495760.00  4915720.00     0.20   4    629
  1495760.00  4915720.00    -0.30   4    629
  1495760.00  4915720.00    -0.80   4    629
  1495760.00  4915720.00    -1.30   4    629
  1495760.00  4915720.00    -1.80   4    629
  1495760.00  4915720.00    -2.30   4    629
  1495760.00  4915720.00    -2.80   4    629
  1495760.00  4915720.00    -3.30   4    629
  1495760.00  4915720.00    -3.80   4    629
  1495760.00  4915720.00    -4.30   4    629
  1495760.00  4915720.00    -4.80   4    629
  1495760.00  4915720.00    -5.30   4    629
  1495760.00  4915720.00    -6.00   6    630
  1495760.00  4915720.00    -6.50   6    630
  1495760.00  4915720.00    -7.00   6    630
  1495760.00  4915720.00    -7.50   6    630
  1495760.00  4915720.00    -8.00   6    630
  1495760.00  4915720.00    -8.70   6    631
  1495760.00  4915720.00    -9.20   6    631
  1495760.00  4915720.00    -9.70   6    631
  1495760.00  4915720.00   -10.20   6    631
  1495760.00  4915720.00   -10.70   6    631
  1495760.00  4915720.00   -11.20   6    632
  1495760.00  4915720.00   -11.70   6    632
  1495760.00  4915720.00   -12.20   6    632
  1495760.00  4915720.00   -12.70   6    632
  1495760.00  4915720.00   -13.20   6    632
  1495760.00  4915720.00   -13.70   6    632
  1495760.00  4915720.00   -14.20   6    632
  1495760.00  4915720.00   -14.70   6    632
  1495760.00  4915720.00   -15.20   6    632
  1495760.00  4915720.00   -15.70   6    632
  1495760.00  4915720.00   -16.20   6    632
  1495760.00  4915720.00   -16.70   6    632
  1495760.00  4915720.00   -17.20   6    633
  1495760.00  4915720.00   -17.70   6    633
  1495760.00  4915720.00   -18.20   6    633
  1495760.00  4915720.00   -18.70   6    633
  1495865.00  4915680.00    -0.50   6    634
  1495865.00  4915680.00    -0.80   4    635
  1495865.00  4915680.00    -1.30   4    635
  1495865.00  4915680.00    -1.80   4    635
  1495865.00  4915680.00    -2.30   4    635
  1495865.00  4915680.00    -2.80   4    635
  1495865.00  4915680.00    -3.30   4    635
  1495865.00  4915680.00    -3.80   4    635
  1495865.00  4915680.00    -4.30   4    635
  1495865.00  4915680.00    -4.80   4    635
  1495865.00  4915680.00    -5.30   4    635
  1495865.00  4915680.00    -5.80   4    635
  1495865.00  4915680.00    -6.30   4    635
  1495865.00  4915680.00    -6.80   4    635
  1495865.00  4915680.00    -7.30   4    635
  1495865.00  4915680.00    -7.80   4    635
  1495865.00  4915680.00    -8.30   4    635
  1495865.00  4915680.00    -8.80   4    635
  1495865.00  4915680.00    -9.30   4    635
  1495865.00  4915680.00   -10.00   6    636
  1495865.00  4915680.00   -10.50   6    636
  1495865.00  4915680.00   -11.00   6    636
  1495865.00  4915680.00   -11.50   6    636
  1495865.00  4915680.00   -12.00   6    636
  1495865.00  4915680.00   -12.50   6    636
  1495865.00  4915680.00   -13.00   6    636
  1495865.00  4915680.00   -13.50   6    636
  1495865.00  4915680.00   -14.00   6    636
  1495865.00  4915680.00   -14.50   6    636
  1495865.00  4915680.00   -15.00   6    636
  1495865.00  4915680.00   -15.50   6    636
  1495865.00  4915680.00   -16.00   6    636
  1495865.00  4915680.00   -16.50   6    636
  1495865.00  4915680.00   -17.00   6    636
  1495865.00  4915680.00   -17.60   6    637
  1495865.00  4915680.00   -18.00   6    638
  1495865.00  4915680.00   -18.50   6    638
  1495865.00  4915680.00   -19.00   6    638
  1495865.00  4915680.00   -19.50   6    638
  1495865.00  4915680.00   -20.00   6    638
  1496710.00  4918200.00    18.20   4    640
  1496710.00  4918200.00    17.70   4    640
  1496710.00  4918200.00    17.20   4    640
  1496710.00  4918200.00    16.70   4    640
  1496710.00  4918200.00    16.40   6    641
  1496710.00  4918200.00    15.90   6    641
  1496710.00  4918200.00    15.40   6    641
  1496710.00  4918200.00    14.90   6    641
  1496710.00  4918200.00    14.40   6    641
  1496710.00  4918200.00    13.90   6    641
  1496710.00  4918200.00    13.40   6    642
  1496710.00  4918200.00    12.90   6    642
  1496710.00  4918200.00    12.40   6    642
  1496710.00  4918200.00    11.90   6    642
  1496710.00  4918200.00    11.40   6    642
  1496710.00  4918200.00    10.90   6    643
  1496710.00  4918200.00    10.40   6    643
  1496710.00  4918200.00     9.90   6    644
  1496710.00  4918200.00     9.40   6    645
  1496710.00  4918200.00     8.90   6    645
  1496710.00  4918200.00     8.40   6    645
  1496710.00  4918200.00     7.90   6    645
  1496710.00  4918200.00     7.40   6    645
  1496710.00  4918200.00     6.90   6    645
  1496710.00  4918200.00     6.40   6    646
  1496710.00  4918200.00     5.90   6    646
  1496710.00  4918200.00     5.40   6    646
  1496710.00  4918200.00     4.90   6    646
  1496710.00  4918200.00     4.40   6    646
  1496710.00  4918200.00     3.90   6    646
  1496395.00  4918215.00    17.50   4    648
  1496395.00  4918215.00    17.00   4    648
  1496395.00  4918215.00    16.50   4    648
  1496395.00  4918215.00    16.00   4    648
  1496395.00  4918215.00    15.50   6    649
  1496395.00  4918215.00    14.90   6    650
  1496395.00  4918215.00    14.40   6    650
  1496395.00  4918215.00    13.90   6    650
  1496395.00  4918215.00    13.40   6    650
  1496395.00  4918215.00    12.70   6    651
  1496395.00  4918215.00    12.20   6    651
  1496395.00  4918215.00    11.70   6    651
  1496395.00  4918215.00    11.20   6    651
  1496395.00  4918215.00    10.50   6    652
  1496395.00  4918215.00    10.00   6    652
  1496395.00  4918215.00     9.50   6    652
  1496395.00  4918215.00     9.00   6    652
  1496395.00  4918215.00     8.50   6    652
  1496395.00  4918215.00     8.00   6    652
  1496395.00  4918215.00     7.70   6    653
  1496395.00  4918215.00     7.20   6    653
  1496395.00  4918215.00     6.70   6    653
  1496395.00  4918215.00     6.20   6    653
  1496395.00  4918215.00     5.70   6    653
  1496395.00  4918215.00     5.20   6    653
  1496395.00  4918215.00     4.70   6    654
  1496395.00  4918215.00     4.20   6    654
  1496395.00  4918215.00     3.70   6    654
  1496395.00  4918215.00     3.20   6    654
  1496395.00  4918215.00     2.70   6    654
  1496395.00  4918215.00     2.20   6    654
  1496395.00  4918215.00     1.70   6    655
  1496395.00  4918215.00     1.20   6    655
  1496395.00  4918215.00     0.70   6    655
  1496395.00  4918215.00     0.20   6    655
  1496395.00  4918215.00    -0.30   6    655
  1496395.00  4918215.00    -0.80   6    656
  1496395.00  4918215.00    -1.30   6    656
  1496395.00  4918215.00    -1.80   6    656
  1496605.00  4918130.00    15.70   6    657
  1496605.00  4918130.00    15.20   6    657
  1496605.00  4918130.00    14.70   6    658
  1496605.00  4918130.00    14.20   6    658
  1496605.00  4918130.00    13.70   6    658
  1496605.00  4918130.00    13.40   6    659
  1496605.00  4918130.00    12.90   6    659
  1496605.00  4918130.00    12.40   6    659
  1496605.00  4918130.00    11.90   6    659
  1496605.00  4918130.00    11.40   6    659
  1496605.00  4918130.00    10.70   6    660
  1496605.00  4918130.00    10.20   6    660
  1496605.00  4918130.00     9.70   6    660
  1496605.00  4918130.00     9.20   6    660
  1496605.00  4918130.00     8.70   6    660
  1496605.00  4918130.00     8.20   6    660
  1496605.00  4918130.00     7.70   6    660
  1496605.00  4918130.00     7.20   6    660
  1496605.00  4918130.00     6.70   6    660
  1496605.00  4918130.00     6.20   6    660
  1496605.00  4918130.00     5.70   6    660
  1496605.00  4918130.00     5.20   6    660
  1496605.00  4918130.00     4.70   6    660
  1496605.00  4918130.00     4.20   6    660
  1496605.00  4918130.00     3.70   6    660
  1496605.00  4918130.00     3.20   6    660
  1496585.00  4918130.00    17.10   6    661
  1496585.00  4918130.00    16.60   6    662
  1496585.00  4918130.00    16.10   6    662
  1496585.00  4918130.00    15.60   6    662
  1496585.00  4918130.00    15.10   6    662
  1496585.00  4918130.00    14.60   6    662
  1496585.00  4918130.00    14.10   6    662
  1496585.00  4918130.00    13.60   6    662
  1496585.00  4918130.00    13.10   6    662
  1496585.00  4918130.00    12.60   6    662
  1496585.00  4918130.00    12.10   6    663
  1496585.00  4918130.00    11.60   6    663
  1496585.00  4918130.00    11.10   6    663
  1496585.00  4918130.00    10.60   6    663
  1496585.00  4918130.00    10.10   6    663
  1496585.00  4918130.00     9.60   6    663
  1496585.00  4918130.00     9.10   6    663
  1496585.00  4918130.00     8.60   6    663
  1496585.00  4918130.00     8.10   6    663
  1496585.00  4918130.00     7.60   6    663
  1496585.00  4918130.00     7.10   6    663
  1496585.00  4918130.00     6.60   6    663
  1496585.00  4918130.00     6.10   6    663
  1496585.00  4918130.00     5.60   6    663
  1496585.00  4918130.00     5.10   6    663
  1496585.00  4918130.00     4.60   6    663
  1496585.00  4918130.00     4.10   6    663
  1496585.00  4918130.00     3.60   6    663
  1496585.00  4918130.00     3.10   6    664
  1496585.00  4918130.00     2.60   6    664
  1496300.00  4916500.00     5.30   6    665
  1496300.00  4916500.00     4.80   6    665
  1496300.00  4916500.00     4.30   6    665
  1496300.00  4916500.00     3.80   6    665
  1496300.00  4916500.00     3.30   6    665
  1496300.00  4916500.00     2.80   6    665
  1496300.00  4916500.00     2.30   1    666
  1496300.00  4916500.00     1.80   1    666
  1496300.00  4916500.00     1.30   1    666
  1496300.00  4916500.00     0.80   1    666
  1496300.00  4916500.00     0.30   1    666
  1496300.00  4916500.00    -0.20   1    666
  1496300.00  4916500.00    -0.70   1    666
  1496300.00  4916500.00    -1.20   1    666
  1496300.00  4916500.00    -1.70   1    666
  1496300.00  4916500.00    -2.20   1    666
  1496300.00  4916500.00    -2.70   1    666
  1496300.00  4916500.00    -3.20   1    666
  1496300.00  4916500.00    -3.70   1    666
  1496300.00  4916500.00    -4.20   1    666
  1496300.00  4916500.00    -4.70   1    666
  1496300.00  4916500.00    -5.20   1    666
  1496300.00  4916500.00    -5.70   3    667
  1496300.00  4916500.00    -6.20   3    667
  1496300.00  4916500.00    -6.70   1    668
  1496300.00  4916500.00    -7.20   1    668
  1496300.00  4916500.00    -7.70   1    668
  1496300.00  4916500.00    -8.20   1    668
  1496300.00  4916500.00    -8.70   1    668
  1496300.00  4916500.00    -9.20   1    668
  1496300.00  4916500.00    -9.70   1    668
  1496300.00  4916500.00   -10.20   1    668
  1496300.00  4916500.00   -10.70   1    668
  1496300.00  4916500.00   -11.20   1    668
  1496300.00  4916500.00   -11.70   1    668
  1496300.00  4916500.00   -12.20   1    668
  1496300.00  4916500.00   -12.70   6    669
  1496300.00  4916500.00   -13.20   6    669
  1496300.00  4916500.00   -13.70   6    669
  1496300.00  4916500.00   -14.20   6    669
  1496300.00  4916500.00   -14.70   6    669
  1496300.00  4916500.00   -15.20   6    669
  1496300.00  4916500.00   -15.70   1    670
  1496300.00  4916500.00   -16.20   1    670
  1496300.00  4916500.00   -16.70   1    670
  1496300.00  4916500.00   -17.20   1    670
  1496300.00  4916500.00   -17.70   1    670
  1496300.00  4916500.00   -18.20   1    670
  1496300.00  4916500.00   -18.70   1    670
  1496300.00  4916500.00   -19.20   1    670
  1496300.00  4916500.00   -19.70   6    671
  1496300.00  4916500.00   -20.20   6    671
  1496300.00  4916500.00   -20.70   6    671
  1496300.00  4916500.00   -21.20   6    671
  1496300.00  4916500.00   -21.70   6    671
  1496300.00  4916500.00   -22.20   6    671
  1496300.00  4916500.00   -22.90   6    673
  1496300.00  4916500.00   -23.40   6    673
  1496300.00  4916500.00   -23.90   6    673
  1496300.00  4916500.00   -24.40   6    673
  1496300.00  4916500.00   -24.90   6    673
  1496300.00  4916500.00   -25.40   6    673
  1496300.00  4916500.00   -25.90   6    673
  1496300.00  4916500.00   -26.40   6    673
  1496300.00  4916500.00   -26.90   6    673
  1496300.00  4916500.00   -27.40   6    673
  1495940.00  4916460.00     4.00   6    674
  1495940.00  4916460.00     3.50   6    674
  1495940.00  4916460.00     3.00   6    674
  1495940.00  4916460.00     2.50   6    674
  1495940.00  4916460.00     1.80   6    675
  1495940.00  4916460.00     1.30   6    675
  1495940.00  4916460.00     0.80   6    675
  1495940.00  4916460.00     0.10   6    676
  1495940.00  4916460.00    -0.40   6    676
  1495940.00  4916460.00    -0.90   6    676
  1495940.00  4916460.00    -1.40   6    676
  1495940.00  4916460.00    -1.90   6    676
  1495940.00  4916460.00    -2.40   6    676
  1495940.00  4916460.00    -3.00   6    677
  1495940.00  4916460.00    -3.50   6    677
  1495940.00  4916460.00    -4.00   6    677
  1495940.00  4916460.00    -4.50   6    677
  1495940.00  4916460.00    -5.00   6    678
  1495940.00  4916460.00    -5.50   6    678
  1495940.00  4916460.00    -6.00   6    678
  1495940.00  4916460.00    -6.50   6    678
  1495940.00  4916460.00    -7.00   6    679
  1495940.00  4916460.00    -7.50   6    679
  1495940.00  4916460.00    -8.00   6    679
  1495940.00  4916460.00    -8.50   6    679
  1495940.00  4916460.00    -9.00   6    679
  1495940.00  4916460.00    -9.50   6    679
  1495940.00  4916460.00   -10.00   6    679
  1495940.00  4916460.00   -10.50   6    679
  1495940.00  4916460.00   -11.00   6    679
  1495940.00  4916460.00   -11.50   6    679
  1495940.00  4916460.00   -12.00   6    679
  1495940.00  4916460.00   -12.50   6    679
  1495940.00  4916460.00   -13.00   6    679
  1495940.00  4916460.00   -13.50   6    679
  1495940.00  4916460.00   -14.00   6    679
  1495940.00  4916460.00   -14.50   6    679
  1495940.00  4916460.00   -15.00   1    680
  1495940.00  4916460.00   -15.50   1    680
  1495940.00  4916460.00   -16.10   6    681
  1495940.00  4916460.00   -16.60   6    681
  1495940.00  4916460.00   -17.10   6    681
  1495940.00  4916460.00   -17.60   6    681
  1495940.00  4916460.00   -18.10   6    681
  1495940.00  4916460.00   -18.60   6    681
  1495940.00  4916460.00   -19.10   6    681
  1495940.00  4916460.00   -19.60   6    681
  1495940.00  4916460.00   -20.10   6    681
  1495940.00  4916460.00   -20.60   6    681
  1496589.00  4918040.00    16.50   6    682
  1496589.00  4918040.00    16.00   6    682
  1496589.00  4918040.00    15.50   6    682
  1496589.00  4918040.00    15.00   6    682
  1496589.00  4918040.00    14.50   6    682
  1496589.00  4918040.00    14.00   6    682
  1496589.00  4918040.00    13.50   6    683
  1496589.00  4918040.00    13.00   6    683
  1496589.00  4918040.00    12.60   6    684
  1496589.00  4918040.00    12.10   6    684
  1496589.00  4918040.00    11.60   6    684
  1496589.00  4918040.00    11.10   6    684
  1496589.00  4918040.00    10.60   6    684
  1496589.00  4918040.00    10.10   6    684
  1496589.00  4918040.00     9.60   6    684
  1496589.00  4918040.00     9.00   6    685
  1496589.00  4918040.00     8.50   6    685
  1496589.00  4918040.00     8.00   6    685
  1496589.00  4918040.00     7.50   6    685
  1496589.00  4918040.00     7.00   6    685
  1496589.00  4918040.00     6.50   6    685
  1496589.00  4918040.00     6.00   6    685
  1496589.00  4918040.00     5.50   6    685
  1496589.00  4918040.00     5.00   6    685
  1496589.00  4918040.00     4.50   6    685
  1496589.00  4918040.00     4.00   6    686
  1496589.00  4918040.00     3.50   6    686
  1496589.00  4918040.00     3.00   6    686
  1496589.00  4918040.00     2.50   6    686
  1496589.00  4918040.00     2.00   6    686
  1496589.00  4918040.00     1.50   6    687
  1496589.00  4918040.00     1.00   6    687
  1496589.00  4918040.00     0.50   6    687
  1496589.00  4918040.00     0.00   6    688
  1496589.00  4918040.00    -0.50   6    688
  1496589.00  4918040.00    -1.00   6    688
  1496589.00  4918040.00    -1.50   6    688
  1496589.00  4918040.00    -2.00   6    688
  1496589.00  4918040.00    -2.50   6    688
  1496589.00  4918040.00    -3.00   6    688
  1496589.00  4918040.00    -3.50   6    688
  1496589.00  4918040.00    -4.00   6    688
  1496589.00  4918040.00    -4.50   6    689
  1496589.00  4918040.00    -5.00   6    689
  1496589.00  4918040.00    -5.50   6    689
  1496589.00  4918040.00    -6.00   6    689
  1496589.00  4918040.00    -6.50   6    689
  1496589.00  4918040.00    -7.00   6    689
  1496589.00  4918040.00    -7.50   6    689
  1496585.00  4918040.00    -7.80   6    690
  1496585.00  4918040.00    -8.30   6    690
  1496585.00  4918040.00    -8.80   6    690
  1496585.00  4918040.00    -9.30   6    690
  1496585.00  4918040.00    -9.80   6    690
  1496585.00  4918040.00   -10.30   6    690
  1496585.00  4918040.00   -10.80   6    690
  1496585.00  4918040.00   -11.30   6    690
  1496260.00  4916685.00     5.60   4    691
  1496260.00  4916685.00     5.10   4    691
  1496260.00  4916685.00     4.60   4    691
  1496260.00  4916685.00     4.10   4    691
  1496260.00  4916685.00     3.60   4    691
  1496260.00  4916685.00     3.10   4    691
  1496260.00  4916685.00     2.60   6    692
  1496260.00  4916685.00     2.10   6    692
  1496260.00  4916685.00     1.60   6    692
  1496260.00  4916685.00     1.10   6    692
  1496260.00  4916685.00     0.60   6    692
  1496260.00  4916685.00     0.10   6    692
  1496260.00  4916685.00    -0.40   6    692
  1496260.00  4916685.00    -0.90   6    692
  1496260.00  4916685.00    -1.40   6    692
  1496260.00  4916685.00    -1.90   6    692
  1496260.00  4916685.00    -2.40   6    693
  1496260.00  4916685.00    -2.90   6    693
  1496260.00  4916685.00    -3.40   6    693
  1496260.00  4916685.00    -3.90   6    693
  1496260.00  4916685.00    -4.40   6    693
  1496260.00  4916685.00    -4.90   6    693
  1496260.00  4916685.00    -5.40   6    693
  1496260.00  4916685.00    -5.90   6    693
  1496260.00  4916685.00    -6.40   6    694
  1496260.00  4916685.00    -6.90   6    694
  1496260.00  4916685.00    -7.40   6    694
  1496260.00  4916685.00    -7.90   6    694
  1496260.00  4916685.00    -8.40   6    694
  1496260.00  4916685.00    -8.90   6    694
  1496260.00  4916685.00    -9.40   6    694
  1496260.00  4916685.00    -9.90   6    694
  1496260.00  4916685.00   -10.40   6    694
  1496260.00  4916685.00   -10.90   6    694
  1496260.00  4916685.00   -11.40   6    694
  1496260.00  4916685.00   -11.90   6    694
  1496260.00  4916585.00   -12.50   6    695
  1496260.00  4916585.00   -13.00   6    695
  1496260.00  4916585.00   -13.50   6    695
  1496260.00  4916585.00   -14.00   6    695
  1496260.00  4916585.00   -14.50   6    695
  1496260.00  4916585.00   -15.00   6    695
  1496260.00  4916585.00   -15.50   6    695
  1496260.00  4916585.00   -16.00   6    695
  1496260.00  4916585.00   -16.50   6    695
  1496260.00  4916585.00   -17.00   6    695
  1496260.00  4916585.00   -17.50   6    695
  1496260.00  4916585.00   -18.00   6    696
  1496260.00  4916585.00   -18.50   6    696
  1496260.00  4916585.00   -19.00   6    696
  1496330.00  4916620.00     5.70   4    697
  1496330.00  4916620.00     5.20   4    697
  1496330.00  4916620.00     4.70   4    697
  1496330.00  4916620.00     4.20   4    697
  1496330.00  4916620.00     3.70   4    697
  1496330.00  4916620.00     3.20   4    697
  1496330.00  4916620.00     2.70   4    697
  1496330.00  4916620.00     2.20   4    697
  1496330.00  4916620.00     1.70   6    698
  1496330.00  4916620.00     1.20   6    698
  1496330.00  4916620.00     0.70   6    698
  1496330.00  4916620.00     0.20   6    698
  1496330.00  4916620.00    -0.30   6    698
  1496330.00  4916620.00    -0.80   6    698
  1496330.00  4916620.00    -1.30   6    699
  1496330.00  4916620.00    -1.80   6    699
  1496330.00  4916620.00    -2.30   6    699
  1496330.00  4916620.00    -2.80   6    699
  1496330.00  4916620.00    -3.30   6    699
  1496330.00  4916620.00    -3.80   6    699
  1496330.00  4916620.00    -4.30   6    699
  1496330.00  4916620.00    -4.80   6    699
  1496330.00  4916620.00    -5.30   6    699
  1496330.00  4916620.00    -5.80   6    699
  1496330.00  4916620.00    -6.30   6    699
  1496330.00  4916620.00    -6.80   6    699
  1496330.00  4916620.00    -7.30   6    699
  1496330.00  4916620.00    -7.80   6    699
  1496330.00  4916620.00    -8.30   6    699
  1496330.00  4916620.00    -8.80   6    699
  1496330.00  4916620.00    -9.30   6    700
  1496330.00  4916620.00    -9.80   6    700
  1496330.00  4916620.00   -10.30   6    700
  1496330.00  4916620.00   -10.80   6    700
  1496330.00  4916620.00   -11.30   6    700
  1496330.00  4916620.00   -11.80   6    700
  1496330.00  4916620.00   -12.30   6    700
  1496330.00  4916620.00   -12.80   6    700
  1496330.00  4916620.00   -13.30   6    700
  1496330.00  4916620.00   -13.80   6    700
  1496330.00  4916620.00   -14.30   6    700
  1496330.00  4916620.00   -14.80   6    700
  1496330.00  4916620.00   -15.30   6    700
  1496330.00  4916620.00   -15.80   6    700
  1496330.00  4916620.00   -16.30   6    700
  1496330.00  4916620.00   -16.80   6    700
  1496330.00  4916620.00   -17.30   6    700
  1496330.00  4916620.00   -17.80   6    700
  1496315.00  4916855.00     7.80   4    701
  1496315.00  4916855.00     7.30   4    701
  1496315.00  4916855.00     6.80   4    701
  1496315.00  4916855.00     6.30   4    701
  1496315.00  4916855.00     5.80   4    701
  1496315.00  4916855.00     5.30   4    701
  1496315.00  4916855.00     4.80   6    702
  1496315.00  4916855.00     4.30   6    702
  1496315.00  4916855.00     3.80   6    702
  1496315.00  4916855.00     3.30   6    702
  1496315.00  4916855.00     2.80   6    702
  1496315.00  4916855.00     2.30   6    702
  1496315.00  4916855.00     1.80   6    702
  1496315.00  4916855.00     1.30   6    702
  1496315.00  4916855.00     0.80   6    702
  1496315.00  4916855.00     0.30   6    702
  1496315.00  4916855.00    -0.20   6    703
  1496315.00  4916855.00    -0.70   6    703
  1496315.00  4916855.00    -1.20   6    703
  1496315.00  4916855.00    -1.70   6    703
  1496315.00  4916855.00    -2.20   6    703
  1496315.00  4916855.00    -2.70   6    703
  1496315.00  4916855.00    -3.20   6    703
  1496315.00  4916855.00    -3.70   6    703
  1496315.00  4916855.00    -4.20   6    703
  1496315.00  4916855.00    -4.70   6    703
  1496315.00  4916855.00    -5.20   6    703
  1496315.00  4916855.00    -5.70   6    703
  1496315.00  4916855.00    -6.20   6    703
  1496315.00  4916855.00    -6.70   6    703
  1496315.00  4916855.00    -7.20   6    703
  1496315.00  4916855.00    -7.70   6    703
  1496315.00  4916855.00    -8.20   6    703
  1496315.00  4916855.00    -8.70   1    704
  1496315.00  4916855.00    -9.20   1    704
  1496315.00  4916855.00    -9.70   1    704
  1496315.00  4916855.00   -10.20   6    705
  1496315.00  4916855.00   -10.70   6    705
  1496315.00  4916855.00   -11.20   6    705
  1496315.00  4916855.00   -11.70   6    705
  1496315.00  4916855.00   -12.20   6    705
  1496315.00  4916855.00   -12.70   6    705
  1496315.00  4916855.00   -13.20   6    705
  1496315.00  4916855.00   -13.70   6    705
  1496315.00  4916855.00   -14.20   6    705
  1496315.00  4916855.00   -14.70   6    705
  1496315.00  4916855.00   -15.20   6    706
  1496315.00  4916855.00   -15.70   6    706
  1496230.00  4916970.00     6.00   6    707
  1496230.00  4916970.00     5.50   6    707
  1496230.00  4916970.00     5.00   6    707
  1496230.00  4916970.00     4.50   6    707
  1496230.00  4916970.00     4.00   6    707
  1496230.00  4916970.00     3.50   6    707
  1496230.00  4916970.00     3.00   6    707
  1496230.00  4916970.00     2.50   6    707
  1496230.00  4916970.00     2.00   6    707
  1496230.00  4916970.00     1.50   6    708
  1496230.00  4916970.00     1.00   6    708
  1496230.00  4916970.00     0.50   6    708
  1496230.00  4916970.00     0.00   6    708
  1496230.00  4916970.00    -0.50   6    708
  1496230.00  4916970.00    -1.00   6    708
  1496230.00  4916970.00    -1.50   6    708
  1496230.00  4916970.00    -2.00   6    709
  1496230.00  4916970.00    -2.50   6    709
  1496230.00  4916970.00    -3.00   6    709
  1496230.00  4916970.00    -3.50   6    709
  1496230.00  4916970.00    -4.00   6    709
  1496230.00  4916970.00    -4.50   6    709
  1496230.00  4916970.00    -5.00   6    709
  1496230.00  4916970.00    -5.50   6    709
  1496230.00  4916970.00    -6.00   6    709
  1496230.00  4916970.00    -6.50   6    709
  1496230.00  4916970.00    -7.00   6    709
  1496230.00  4916970.00    -7.50   6    709
  1496230.00  4916970.00    -8.00   6    709
  1496230.00  4916970.00    -8.50   6    709
  1496230.00  4916970.00    -9.00   1    710
  1496230.00  4916970.00    -9.50   1    710
  1496230.00  4916970.00   -10.00   1    710
  1496230.00  4916970.00   -10.30   6    711
  1496230.00  4916970.00   -10.80   6    711
  1496230.00  4916970.00   -11.30   6    711
  1496230.00  4916970.00   -11.80   6    711
  1496230.00  4916970.00   -12.30   6    711
  1496230.00  4916970.00   -12.80   6    711
  1496230.00  4916970.00   -13.30   6    711
  1496230.00  4916970.00   -14.00   6    712
  1496230.00  4916970.00   -14.50   6    712
  1496230.00  4916970.00   -15.00   6    712
  1496230.00  4916970.00   -15.50   6    712
  1496230.00  4916970.00   -16.00   6    712
  1496230.00  4916970.00   -16.50   6    712
  1496230.00  4916970.00   -17.00   6    712
  1496230.00  4916970.00   -17.50   6    712
  1496230.00  4916970.00   -18.00   6    712
  1496230.00  4916970.00   -18.50   6    712
  1496230.00  4916970.00   -19.10   1    713
  1496230.00  4916970.00   -19.60   1    713
  1496230.00  4916970.00   -20.10   1    713
  1496230.00  4916970.00   -20.60   1    713
  1496230.00  4916970.00   -21.00   6    714
  1496230.00  4916970.00   -21.50   1    715
  1496230.00  4916970.00   -22.00   6    716
  1496230.00  4916970.00   -22.50   6    716
  1496230.00  4916970.00   -23.00   6    716
  1496230.00  4916970.00   -23.50   6    716
  1496170.00  4916670.00     4.20   4    717
  1496170.00  4916670.00     3.70   4    717
  1496170.00  4916670.00     3.20   4    717
  1496170.00  4916670.00     2.70   4    717
  1496170.00  4916670.00     2.20   4    717
  1496170.00  4916670.00     1.70   4    717
  1496170.00  4916670.00     1.20   6    718
  1496170.00  4916670.00     0.70   6    718
  1496170.00  4916670.00     0.20   6    718
  1496170.00  4916670.00    -0.30   6    718
  1496170.00  4916670.00    -0.80   6    719
  1496170.00  4916670.00    -1.30   6    719
  1496170.00  4916670.00    -1.80   6    719
  1496170.00  4916670.00    -2.30   6    719
  1496170.00  4916670.00    -2.80   6    719
  1496170.00  4916670.00    -3.30   6    719
  1496170.00  4916670.00    -3.80   6    719
  1496170.00  4916670.00    -4.30   6    719
  1496170.00  4916670.00    -4.80   6    719
  1496170.00  4916670.00    -5.30   6    720
  1496170.00  4916670.00    -5.80   6    720
  1496170.00  4916670.00    -6.30   6    720
  1496170.00  4916670.00    -6.80   6    720
  1496170.00  4916670.00    -7.30   6    720
  1496170.00  4916670.00    -7.80   6    720
  1496170.00  4916670.00    -8.30   6    720
  1496170.00  4916670.00    -8.80   6    720
  1496170.00  4916670.00    -9.30   6    720
  1496170.00  4916670.00    -9.80   6    720
  1496170.00  4916670.00   -10.30   6    720
  1496170.00  4916670.00   -10.80   6    721
  1496170.00  4916670.00   -11.30   6    721
  1496170.00  4916670.00   -11.80   6    721
  1496170.00  4916670.00   -12.30   6    721
  1496170.00  4916670.00   -12.80   6    722
  1496170.00  4916670.00   -13.30   6    722
  1496150.00  4916805.00     5.90   4    723
  1496150.00  4916805.00     5.40   4    723
  1496150.00  4916805.00     4.90   4    723
  1496150.00  4916805.00     4.40   4    723
  1496150.00  4916805.00     3.90   4    723
  1496150.00  4916805.00     3.40   6    724
  1496150.00  4916805.00     2.90   6    724
  1496150.00  4916805.00     2.40   6    724
  1496150.00  4916805.00     1.90   6    724
  1496150.00  4916805.00     1.40   6    724
  1496150.00  4916805.00     0.90   6    724
  1496150.00  4916805.00     0.40   6    724
  1496150.00  4916805.00    -0.10   6    724
  1496150.00  4916805.00    -0.60   6    724
  1496150.00  4916805.00    -1.10   6    724
  1496150.00  4916805.00    -1.60   6    724
  1496150.00  4916805.00    -2.10   1    725
  1496150.00  4916805.00    -2.60   1    725
  1496150.00  4916805.00    -3.10   1    725
  1496150.00  4916805.00    -3.60   1    725
  1496150.00  4916805.00    -4.10   6    726
  1496150.00  4916805.00    -4.60   6    726
  1496150.00  4916805.00    -5.10   6    726
  1496150.00  4916805.00    -5.60   6    726
  1496150.00  4916805.00    -6.10   6    726
  1496150.00  4916805.00    -6.60   6    726
  1496150.00  4916805.00    -7.10   6    726
  1496150.00  4916805.00    -7.60   6    726
  1496150.00  4916805.00    -8.10   6    726
  1496150.00  4916805.00    -8.60   6    726
  1496150.00  4916805.00    -9.10   6    727
  1496150.00  4916805.00    -9.60   6    727
  1496150.00  4916805.00   -10.10   6    727
  1496150.00  4916805.00   -10.60   6    727
  1496150.00  4916805.00   -11.10   6    728
  1496150.00  4916805.00   -11.60   6    728
  1496150.00  4916805.00   -12.10   6    728
  1496150.00  4916805.00   -12.60   6    728
  1495835.00  4916500.00     4.20   4    729
  1495835.00  4916500.00     3.70   4    729
  1495835.00  4916500.00     3.20   4    729
  1495835.00  4916500.00     2.70   4    729
  1495835.00  4916500.00     2.20   4    729
  1495835.00  4916500.00     1.70   6    730
  1495835.00  4916500.00     1.20   6    730
  1495835.00  4916500.00     0.70   6    730
  1495835.00  4916500.00     0.20   6    730
  1495835.00  4916500.00    -0.30   6    730
  1495835.00  4916500.00    -0.80   6    730
  1495835.00  4916500.00    -1.30   6    730
  1495835.00  4916500.00    -1.80   6    730
  1495835.00  4916500.00    -2.30   6    730
  1495835.00  4916500.00    -2.80   6    730
  1495835.00  4916500.00    -3.30   6    730
  1495835.00  4916500.00    -3.80   6    730
  1495835.00  4916500.00    -4.30   6    730
  1495835.00  4916500.00    -4.80   6    731
  1495835.00  4916500.00    -5.30   6    731
  1495835.00  4916500.00    -5.80   6    731
  1495835.00  4916500.00    -6.30   6    731
  1495835.00  4916500.00    -6.80   6    732
  1495835.00  4916500.00    -7.30   6    732
  1495835.00  4916500.00    -7.80   6    732
  1495835.00  4916500.00    -8.30   6    732
  1495835.00  4916500.00    -8.80   6    732
  1495835.00  4916500.00    -9.30   6    732
  1495835.00  4916500.00    -9.80   6    732
  1495835.00  4916500.00   -10.30   6    732
  1495835.00  4916500.00   -10.80   6    733
  1495835.00  4916500.00   -11.30   6    733
  1495835.00  4916500.00   -11.80   6    733
  1495835.00  4916500.00   -12.30   6    733
  1495835.00  4916500.00   -12.80   6    733
  1495835.00  4916500.00   -13.30   6    733
  1495835.00  4916500.00   -13.80   6    734
  1495835.00  4916500.00   -14.30   6    734
  1495835.00  4916500.00   -14.80   6    734
  1495835.00  4916500.00   -15.30   6    734
  1495835.00  4916500.00   -15.80   1    735
  1495835.00  4916500.00   -16.30   1    735
  1495835.00  4916500.00   -16.80   6    736
  1495835.00  4916500.00   -17.30   6    736
  1495835.00  4916500.00   -17.80   1    737
  1495835.00  4916500.00   -18.30   1    737
  1495835.00  4916500.00   -18.80   6    738
  1495835.00  4916500.00   -19.30   6    738
  1496205.00  4916485.00     5.10   4    739
  1496205.00  4916485.00     4.60   4    739
  1496205.00  4916485.00     4.10   4    739
  1496205.00  4916485.00     3.60   4    739
  1496205.00  4916485.00     3.10   4    739
  1496205.00  4916485.00     2.60   4    739
  1496205.00  4916485.00     2.10   4    739
  1496205.00  4916485.00     1.60   4    739
  1496205.00  4916485.00     1.10   4    739
  1496205.00  4916485.00     0.60   6    740
  1496205.00  4916485.00     0.10   6    740
  1496205.00  4916485.00    -0.40   6    740
  1496205.00  4916485.00    -0.90   6    740
  1496205.00  4916485.00    -1.40   6    740
  1496205.00  4916485.00    -1.90   6    740
  1496205.00  4916485.00    -2.40   6    740
  1496205.00  4916485.00    -2.90   6    740
  1496205.00  4916485.00    -3.40   6    740
  1496205.00  4916485.00    -3.90   6    740
  1496205.00  4916485.00    -4.40   6    740
  1496205.00  4916485.00    -4.90   6    740
  1496205.00  4916485.00    -5.40   6    740
  1496205.00  4916485.00    -5.90   6    740
  1496205.00  4916485.00    -6.60   1    741
  1496205.00  4916485.00    -7.10   1    741
  1496205.00  4916485.00    -7.60   1    741
  1496205.00  4916485.00    -8.10   1    741
  1496205.00  4916485.00    -8.60   1    741
  1496205.00  4916485.00    -9.10   1    741
  1496205.00  4916485.00    -9.60   1    741
  1496205.00  4916485.00   -10.10   1    741
  1496205.00  4916485.00   -10.60   1    741
  1496205.00  4916485.00   -10.90   6    742
  1496205.00  4916485.00   -11.40   6    742
  1496205.00  4916485.00   -11.90   6    742
  1496205.00  4916485.00   -12.40   6    742
  1496205.00  4916485.00   -12.90   6    742
  1496205.00  4916485.00   -13.40   1    743
  1496205.00  4916485.00   -13.90   1    743
  1496205.00  4916485.00   -14.40   1    743
  1496205.00  4916485.00   -14.90   1    743
  1496205.00  4916485.00   -15.40   1    743
  1496205.00  4916485.00   -15.90   6    744
  1496205.00  4916485.00   -16.40   6    744
  1496205.00  4916485.00   -16.90   6    744
  1496205.00  4916485.00   -17.40   6    744
  1496205.00  4916485.00   -17.90   6    744
  1496205.00  4916485.00   -18.40   6    744
  1496205.00  4916485.00   -18.90   6    744
  1496205.00  4916485.00   -19.40   6    744
  1496205.00  4916485.00   -19.90   6    744
  1496205.00  4916485.00   -20.40   6    744
  1496205.00  4916485.00   -20.90   6    744
  1496205.00  4916485.00   -21.40   6    744
  1496205.00  4916485.00   -21.90   6    744
  1496205.00  4916485.00   -22.40   6    744
  1496205.00  4916485.00   -22.90   6    744
  1496205.00  4916485.00   -23.40   6    744
  1496205.00  4916485.00   -23.90   6    744
  1496205.00  4916485.00   -24.40   6    744
  1495885.00  4916672.00     4.20   4    745
  1495885.00  4916672.00     3.70   4    745
  1495885.00  4916672.00     3.20   4    745
  1495885.00  4916672.00     2.70   4    745
  1495885.00  4916672.00     2.20   4    745
  1495885.00  4916672.00     1.70   4    745
  1495885.00  4916672.00     1.20   6    746
  1495885.00  4916672.00     0.70   6    746
  1495885.00  4916672.00     0.20   6    746
  1495885.00  4916672.00    -0.30   6    746
  1495885.00  4916672.00    -0.80   6    747
  1495885.00  4916672.00    -1.30   6    747
  1495885.00  4916672.00    -1.80   6    747
  1495885.00  4916672.00    -2.30   6    747
  1495885.00  4916672.00    -2.80   6    748
  1495885.00  4916672.00    -3.30   6    748
  1495885.00  4916672.00    -3.80   6    748
  1495885.00  4916672.00    -4.30   6    748
  1495885.00  4916672.00    -4.80   6    748
  1495885.00  4916672.00    -5.30   6    748
  1495885.00  4916672.00    -5.80   6    748
  1495885.00  4916672.00    -6.30   6    748
  1495885.00  4916672.00    -6.80   6    748
  1495885.00  4916672.00    -7.30   6    748
  1495885.00  4916672.00    -7.80   6    749
  1495885.00  4916672.00    -8.30   6    749
  1495885.00  4916672.00    -8.80   6    749
  1495885.00  4916672.00    -9.30   6    749
  1495885.00  4916672.00    -9.80   6    749
  1495885.00  4916672.00   -10.30   6    749
  1495885.00  4916672.00   -10.80   6    750
  1495885.00  4916672.00   -11.30   6    750
  1495885.00  4916672.00   -11.80   6    750
  1495885.00  4916672.00   -12.30   6    750
  1495885.00  4916672.00   -12.80   6    750
  1495885.00  4916672.00   -13.30   6    750
  1495885.00  4916672.00   -13.80   6    750
  1495885.00  4916672.00   -14.30   6    750
  1495885.00  4916672.00   -14.80   6    750
  1495885.00  4916672.00   -15.30   6    750
  1495885.00  4916672.00   -15.80   6    751
  1495885.00  4916672.00   -16.30   6    751
  1495885.00  4916672.00   -16.80   6    751
  1495885.00  4916672.00   -17.30   6    751
  1495885.00  4916672.00   -17.80   6    751
  1495885.00  4916672.00   -18.30   6    751
  1495885.00  4916672.00   -18.80   6    752
  1495885.00  4916672.00   -19.30   6    752
  1495885.00  4916672.00   -19.80   6    752
  1495885.00  4916672.00   -20.30   6    752
  1495885.00  4916672.00   -20.80   6    752
  1495885.00  4916672.00   -21.30   6    752
  1495885.00  4916672.00   -21.80   6    752
  1495885.00  4916672.00   -22.30   6    752
  1495885.00  4916672.00   -22.80   6    752
  1495885.00  4916672.00   -23.30   6    752
  1495885.00  4916672.00   -23.80   6    752
  1495885.00  4916672.00   -24.30   6    752
  1495885.00  4916672.00   -24.80   6    752
  1495885.00  4916672.00   -25.30   6    752
  1495885.00  4916672.00   -25.80   1    753
  1495885.00  4916672.00   -26.30   1    753
  1495885.00  4916672.00   -26.80   1    753
  1495885.00  4916672.00   -27.30   1    753
  1495885.00  4916672.00   -27.80   1    753
  1495885.00  4916672.00   -28.30   1    753
  1495885.00  4916672.00   -28.80   1    753
  1495885.00  4916672.00   -29.30   1    753
  1495885.00  4916672.00   -29.80   1    753
  1495885.00  4916672.00   -30.30   1    753
  1495885.00  4916672.00   -30.80   6    754
  1495885.00  4916672.00   -31.30   6    754
  1495885.00  4916672.00   -31.80   6    754
  1495885.00  4916672.00   -32.30   6    754
  1495885.00  4916672.00   -32.80   6    754
  1495885.00  4916672.00   -33.30   6    754
  1496372.00  4916830.00     6.00   4    755
  1496372.00  4916830.00     5.50   4    755
  1496372.00  4916830.00     5.00   4    755
  1496372.00  4916830.00     4.50   4    755
  1496372.00  4916830.00     4.00   4    755
  1496372.00  4916830.00     3.50   4    755
  1496372.00  4916830.00     3.00   6    756
  1496372.00  4916830.00     2.50   6    756
  1496372.00  4916830.00     2.00   6    756
  1496372.00  4916830.00     1.50   6    756
  1496372.00  4916830.00     1.00   6    757
  1496372.00  4916830.00     0.50   6    757
  1496372.00  4916830.00     0.00   6    757
  1496372.00  4916830.00    -0.50   6    757
  1496372.00  4916830.00    -1.00   6    757
  1496372.00  4916830.00    -1.50   6    757
  1496372.00  4916830.00    -2.00   6    757
  1496372.00  4916830.00    -2.50   6    757
  1496372.00  4916830.00    -3.00   6    757
  1496372.00  4916830.00    -3.50   6    757
  1496372.00  4916830.00    -4.00   6    757
  1496372.00  4916830.00    -4.50   6    757
  1496372.00  4916830.00    -5.00   6    757
  1496372.00  4916830.00    -5.50   6    757
  1496372.00  4916830.00    -6.00   6    757
  1496372.00  4916830.00    -6.50   6    757
  1496372.00  4916830.00    -7.00   6    757
  1496372.00  4916830.00    -7.50   6    757
  1496372.00  4916830.00    -8.00   1    758
  1496372.00  4916830.00    -8.50   1    758
  1496372.00  4916830.00    -9.00   1    758
  1496372.00  4916830.00    -9.50   1    758
  1496372.00  4916830.00   -10.00   6    759
  1496372.00  4916830.00   -10.50   6    759
  1496372.00  4916830.00   -11.00   1    760
  1496372.00  4916830.00   -11.50   1    760
  1496372.00  4916830.00   -12.00   6    761
  1496372.00  4916830.00   -12.50   6    761
  1496372.00  4916830.00   -13.00   6    761
  1496372.00  4916830.00   -13.50   6    761
  1496372.00  4916830.00   -14.00   6    761
  1496372.00  4916830.00   -14.50   6    761
  1496372.00  4916830.00   -15.00   6    761
  1496372.00  4916830.00   -15.50   2    762
  1496372.00  4916830.00   -16.00   2    762
  1496372.00  4916830.00   -16.50   2    762
  1496372.00  4916830.00   -17.00   2    762
  1496372.00  4916830.00   -17.50   2    762
  1496372.00  4916830.00   -18.00   2    762
  1496372.00  4916830.00   -18.50   2    762
  1496372.00  4916830.00   -19.00   2    762
  1496372.00  4916830.00   -19.50   2    762
  1496600.00  4917100.00     8.70   6    763
  1496600.00  4917100.00     8.20   6    763
  1496600.00  4917100.00     7.70   6    763
  1496600.00  4917100.00     7.20   6    763
  1496600.00  4917100.00     6.70   6    763
  1496600.00  4917100.00     6.20   6    763
  1496600.00  4917100.00     5.70   6    763
  1496600.00  4917100.00     5.20   6    763
  1496600.00  4917100.00     4.70   6    763
  1496600.00  4917100.00     4.20   6    763
  1496600.00  4917100.00     3.70   6    763
  1496600.00  4917100.00     3.20   6    763
  1496600.00  4917100.00     2.70   6    763
  1496600.00  4917100.00     2.20   6    763
  1496600.00  4917100.00     1.70   6    763
  1496600.00  4917100.00     1.20   6    763
  1496600.00  4917100.00     0.70   6    763
  1496600.00  4917100.00     0.20   6    763
  1496600.00  4917100.00    -0.30   6    763
  1496600.00  4917100.00    -0.80   6    763
  1496600.00  4917100.00    -1.30   6    763
  1496600.00  4917100.00    -1.80   6    763
  1496600.00  4917100.00    -2.30   6    763
  1496600.00  4917100.00    -2.80   6    763
  1496600.00  4917100.00    -3.30   6    763
  1496600.00  4917100.00    -3.80   6    763
  1496600.00  4917100.00    -4.30   6    763
  1496600.00  4917100.00    -4.80   6    763
  1496600.00  4917100.00    -5.30   6    763
  1496600.00  4917100.00    -5.80   6    763
  1496600.00  4917100.00    -6.30   6    763
  1496600.00  4917100.00    -6.80   6    763
  1496600.00  4917100.00    -7.30   6    763
  1496600.00  4917100.00    -7.80   6    763
  1496600.00  4917100.00    -8.30   6    763
  1496600.00  4917100.00    -8.80   6    763
  1496600.00  4917100.00    -9.30   6    763
  1496600.00  4917100.00    -9.80   6    763
  1496600.00  4917100.00   -10.30   6    763
  1496600.00  4917100.00   -10.80   6    763
  1496600.00  4917100.00   -11.30   6    763
  1496600.00  4917100.00   -11.80   6    763
  1496600.00  4917100.00   -12.30   6    763
  1496600.00  4917100.00   -12.80   6    763
  1496600.00  4917100.00   -13.30   6    763
  1496600.00  4917100.00   -13.80   6    763
  1496600.00  4917100.00   -14.30   6    763
  1496600.00  4917100.00   -14.80   6    763
  1496600.00  4917100.00   -15.30   6    763
  1496600.00  4917100.00   -15.80   6    763
  1496600.00  4917100.00   -16.30   6    763
  1496600.00  4917100.00   -16.80   6    763
  1496600.00  4917100.00   -17.30   6    763
  1496600.00  4917100.00   -17.80   6    763
  1496600.00  4917100.00   -18.30   6    763
  1496600.00  4917100.00   -18.80   6    763
  1496600.00  4917100.00   -19.30   6    763
  1496600.00  4917100.00   -19.80   6    763
  1496600.00  4917100.00   -20.30   6    763
  1496600.00  4917100.00   -20.80   6    763
  1496600.00  4917100.00   -21.30   6    763
  1496600.00  4917100.00   -21.80   6    763
  1496600.00  4917100.00   -22.30   6    763
  1496600.00  4917100.00   -22.80   6    763
  1496600.00  4917100.00   -23.30   6    763
  1496600.00  4917100.00   -23.80   6    763
  1496600.00  4917100.00   -24.30   6    763
  1496600.00  4917100.00   -24.80   6    763
  1496600.00  4917100.00   -25.30   6    763
  1496600.00  4917100.00   -25.80   6    763
  1496600.00  4917100.00   -26.30   6    763
  1496600.00  4917100.00   -26.80   6    763
  1496600.00  4917100.00   -27.30   6    763
  1496600.00  4917100.00   -27.80   6    763
  1496600.00  4917100.00   -28.30   6    763
  1496600.00  4917100.00   -28.80   6    763
  1496600.00  4917100.00   -29.30   6    763
  1496600.00  4917100.00   -29.80   6    763
  1496600.00  4917100.00   -30.30   6    763
  1496600.00  4917100.00   -30.80   6    763
  1496600.00  4917100.00   -31.30   6    763
  1496600.00  4917100.00   -31.80   6    763
  1496600.00  4917100.00   -32.30   6    763
  1496600.00  4917100.00   -32.80   6    763
  1496600.00  4917100.00   -33.30   6    763
  1496600.00  4917100.00   -33.80   6    763
  1496600.00  4917100.00   -34.30   6    763
  1496600.00  4917100.00   -34.80   6    763
  1496600.00  4917100.00   -35.30   6    763
  1496600.00  4917100.00   -35.80   6    763
  1496600.00  4917100.00   -36.30   6    763
  1496600.00  4917100.00   -36.80   6    763
  1496600.00  4917100.00   -37.30   6    763
  1496600.00  4917100.00   -37.80   6    763
  1496600.00  4917100.00   -38.30   6    763
  1496600.00  4917100.00   -38.80   6    763
  1496600.00  4917100.00   -39.30   6    763
  1496600.00  4917100.00   -39.80   6    763
  1496250.00  4917800.00    13.70   6    764
  1496250.00  4917800.00    13.20   6    764
  1496250.00  4917800.00    12.70   6    764
  1496250.00  4917800.00    12.20   6    764
  1496250.00  4917800.00    11.70   6    764
  1496250.00  4917800.00    11.20   6    764
  1496250.00  4917800.00    10.70   6    764
  1496250.00  4917800.00    10.20   6    764
  1496250.00  4917800.00     9.70   6    764
  1496250.00  4917800.00     9.20   6    764
  1496250.00  4917800.00     8.70   6    764
  1496250.00  4917800.00     8.20   6    764
  1496250.00  4917800.00     7.70   6    764
  1496250.00  4917800.00     7.20   6    764
  1496250.00  4917800.00     6.70   6    764
  1496250.00  4917800.00     6.20   6    764
  1496250.00  4917800.00     5.70   6    764
  1496250.00  4917800.00     5.20   6    764
  1496250.00  4917800.00     4.70   6    764
  1496250.00  4917800.00     4.20   6    764
  1496250.00  4917800.00     3.70   6    764
  1496250.00  4917800.00     3.20   6    764
  1496250.00  4917800.00     2.70   6    764
  1496250.00  4917800.00     2.20   6    764
  1496250.00  4917800.00     1.70   6    764
  1496250.00  4917800.00     1.20   6    764
  1496250.00  4917800.00     0.70   6    764
  1496250.00  4917800.00     0.20   6    764
  1496250.00  4917800.00    -0.30   6    764
  1496250.00  4917800.00    -0.80   6    764
  1496250.00  4917800.00    -1.30   6    764
  1496250.00  4917800.00    -1.80   6    764
  1496250.00  4917800.00    -2.30   6    764
  1496250.00  4917800.00    -2.80   6    764
  1496250.00  4917800.00    -3.30   6    764
  1496250.00  4917800.00    -3.80   6    764
  1496250.00  4917800.00    -4.30   6    764
  1496250.00  4917800.00    -4.80   6    764
  1496250.00  4917800.00    -5.30   6    764
  1496250.00  4917800.00    -5.80   6    764
  1496250.00  4917800.00    -6.30   6    764
  1496250.00  4917800.00    -6.80   6    764
  1496250.00  4917800.00    -7.30   6    764
  1496250.00  4917800.00    -7.80   6    764
  1496250.00  4917800.00    -8.30   6    764
  1496250.00  4917800.00    -8.80   6    764
  1496250.00  4917800.00    -9.30   6    764
  1496250.00  4917800.00    -9.80   6    764
  1496250.00  4917800.00   -10.30   6    764
  1496250.00  4917800.00   -10.80   6    764
  1496250.00  4917800.00   -11.30   6    764
  1496250.00  4917800.00   -11.80   6    764
  1496250.00  4917800.00   -12.30   6    764
  1496250.00  4917800.00   -12.80   6    764
  1496250.00  4917800.00   -13.30   6    764
  1496250.00  4917800.00   -13.80   6    764
  1496100.00  4917250.00    10.00   4    765
  1496100.00  4917250.00     9.50   4    765
  1496100.00  4917250.00     9.00   4    765
  1496100.00  4917250.00     8.50   4    765
  1496100.00  4917250.00     8.00   4    765
  1496100.00  4917250.00     7.50   4    765
  1496100.00  4917250.00     7.00   6    766
  1496100.00  4917250.00     6.50   6    766
  1496100.00  4917250.00     6.00   6    766
  1496100.00  4917250.00     5.50   6    766
  1496100.00  4917250.00     5.00   6    766
  1496100.00  4917250.00     4.50   6    766
  1496100.00  4917250.00     4.00   6    766
  1496100.00  4917250.00     3.50   6    766
  1496100.00  4917250.00     3.00   6    766
  1496100.00  4917250.00     2.50   6    766
  1496100.00  4917250.00     2.00   6    766
  1496100.00  4917250.00     1.50   6    766
  1496100.00  4917250.00     1.00   6    766
  1496100.00  4917250.00     0.50   6    766
  1496100.00  4917250.00     0.00   6    766
  1496100.00  4917250.00    -0.50   6    766
  1496100.00  4917250.00    -1.00   6    766
  1496100.00  4917250.00    -1.50   6    766
  1496100.00  4917250.00    -2.00   6    766
  1496100.00  4917250.00    -2.50   6    766
  1496100.00  4917250.00    -3.00   6    766
  1496100.00  4917250.00    -3.50   6    766
  1496100.00  4917250.00    -4.00   6    766
  1496100.00  4917250.00    -4.50   6    766
  1496100.00  4917250.00    -5.00   6    766
  1496100.00  4917250.00    -5.50   6    766
  1496100.00  4917250.00    -6.00   6    766
  1496100.00  4917250.00    -6.50   6    766
  1496100.00  4917250.00    -7.00   6    766
  1496100.00  4917250.00    -7.50   6    766
  1496100.00  4917250.00    -8.00   1    767
  1496100.00  4917250.00    -8.50   1    767
  1496100.00  4917250.00    -9.00   1    767
  1496100.00  4917250.00    -9.50   1    767
  1496100.00  4917250.00   -10.00   1    767
  1496100.00  4917250.00   -10.50   1    767
  1496100.00  4917250.00   -11.00   1    767
  1496100.00  4917250.00   -11.50   1    767
  1496100.00  4917250.00   -12.00   1    767
  1496100.00  4917250.00   -12.50   1    767
  1496100.00  4917250.00   -13.00   1    767
  1496100.00  4917250.00   -13.50   1    767
  1496100.00  4917250.00   -14.00   6    768
  1496100.00  4917250.00   -14.50   6    768
  1496100.00  4917250.00   -15.00   6    768
  1496100.00  4917250.00   -15.50   6    768
  1496100.00  4917250.00   -16.00   6    768
  1496100.00  4917250.00   -16.50   6    768
  1496100.00  4917250.00   -17.00   6    768
  1496100.00  4917250.00   -17.50   6    768
  1496100.00  4917250.00   -18.00   6    768
  1496100.00  4917250.00   -18.50   6    768
  1496100.00  4917250.00   -19.00   6    768
  1496100.00  4917250.00   -19.50   6    768
  1496100.00  4917250.00   -20.00   6    768
  1496100.00  4917250.00   -20.50   6    768
  1496100.00  4917250.00   -21.00   6    768
  1496100.00  4917250.00   -21.50   6    768
  1496100.00  4917250.00   -22.00   6    768
  1496100.00  4917250.00   -22.50   6    768
  1496100.00  4917250.00   -23.00   6    768
  1496100.00  4917250.00   -23.50   6    768
  1496100.00  4917250.00   -24.00   6    768
  1496095.00  4917085.00     8.80   4    769
  1496095.00  4917085.00     8.30   4    769
  1496095.00  4917085.00     7.80   4    769
  1496095.00  4917085.00     7.30   4    769
  1496095.00  4917085.00     6.80   4    769
  1496095.00  4917085.00     6.30   4    769
  1496095.00  4917085.00     5.80   4    769
  1496095.00  4917085.00     5.30   4    769
  1496095.00  4917085.00     4.80   4    769
  1496095.00  4917085.00     4.30   4    769
  1496095.00  4917085.00     3.80   6    770
  1496095.00  4917085.00     3.30   6    770
  1496095.00  4917085.00     2.80   6    770
  1496095.00  4917085.00     2.30   6    770
  1496095.00  4917085.00     1.80   6    770
  1496095.00  4917085.00     1.30   6    770
  1496095.00  4917085.00     0.80   6    770
  1496095.00  4917085.00     0.30   6    770
  1496095.00  4917085.00    -0.20   6    770
  1496095.00  4917085.00    -0.70   6    770
  1496095.00  4917085.00    -1.20   6    770
  1496095.00  4917085.00    -1.70   6    770
  1496095.00  4917085.00    -2.20   6    770
  1496095.00  4917085.00    -2.70   6    770
  1496095.00  4917085.00    -3.20   6    770
  1496095.00  4917085.00    -3.70   6    770
  1496095.00  4917085.00    -4.20   6    770
  1496095.00  4917085.00    -4.70   6    770
  1496095.00  4917085.00    -5.20   6    770
  1496095.00  4917085.00    -5.70   6    770
  1496095.00  4917085.00    -6.20   6    770
  1496095.00  4917085.00    -6.70   6    770
  1496095.00  4917085.00    -7.20   6    770
  1496095.00  4917085.00    -7.70   6    770
  1496095.00  4917085.00    -8.20   6    770
  1496095.00  4917085.00    -8.70   6    770
  1496095.00  4917085.00    -9.20   6    770
  1496095.00  4917085.00    -9.70   6    770
  1496095.00  4917085.00   -10.20   6    770
  1496095.00  4917085.00   -10.70   6    770
  1496095.00  4917085.00   -11.20   6    770
  1496095.00  4917085.00   -11.70   6    770
  1496095.00  4917085.00   -12.20   6    770
  1496095.00  4917085.00   -12.70   6    770
  1496095.00  4917085.00   -13.20   6    770
  1496095.00  4917085.00   -13.70   6    770
  1496095.00  4917085.00   -14.20   6    770
  1496095.00  4917085.00   -14.70   6    770
  1496095.00  4917085.00   -15.20   6    770
  1496095.00  4917085.00   -15.70   6    770
  1496095.00  4917085.00   -16.20   6    770
  1496095.00  4917085.00   -16.70   6    770
  1496095.00  4917085.00   -17.20   6    770
  1496095.00  4917085.00   -17.70   6    770
  1496095.00  4917085.00   -18.20   6    770
  1496095.00  4917085.00   -18.70   6    770
  1496095.00  4917085.00   -19.20   6    770
  1496095.00  4917085.00   -19.70   6    770
  1496095.00  4917085.00   -20.20   6    770
  1496095.00  4917085.00   -20.70   6    770
  1496095.00  4917085.00   -21.20   1    771
  1496095.00  4917085.00   -21.70   1    771
  1496200.00  4917020.00     7.70   4    772
  1496200.00  4917020.00     7.20   4    772
  1496200.00  4917020.00     6.70   4    772
  1496200.00  4917020.00     6.20   4    772
  1496200.00  4917020.00     5.70   4    772
  1496200.00  4917020.00     5.20   4    772
  1496200.00  4917020.00     4.70   4    772
  1496200.00  4917020.00     4.20   4    772
  1496200.00  4917020.00     3.70   6    773
  1496200.00  4917020.00     3.20   6    773
  1496200.00  4917020.00     2.70   6    773
  1496200.00  4917020.00     2.20   6    773
  1496200.00  4917020.00     1.70   6    773
  1496200.00  4917020.00     1.20   6    773
  1496200.00  4917020.00     0.70   6    773
  1496200.00  4917020.00     0.20   6    773
  1496200.00  4917020.00    -0.30   6    773
  1496200.00  4917020.00    -0.80   6    773
  1496200.00  4917020.00    -1.30   6    773
  1496200.00  4917020.00    -1.80   6    773
  1496200.00  4917020.00    -2.30   6    773
  1496200.00  4917020.00    -2.80   6    773
  1496200.00  4917020.00    -3.30   6    773
  1496200.00  4917020.00    -3.80   6    773
  1496200.00  4917020.00    -4.30   6    773
  1496200.00  4917020.00    -4.80   6    773
  1496200.00  4917020.00    -5.30   6    773
  1496200.00  4917020.00    -5.80   6    773
  1496200.00  4917020.00    -6.30   6    773
  1496200.00  4917020.00    -6.80   6    773
  1496200.00  4917020.00    -7.30   6    773
  1496200.00  4917020.00    -7.80   6    773
  1496200.00  4917020.00    -8.30   6    773
  1496200.00  4917020.00    -8.80   6    773
  1496200.00  4917020.00    -9.30   6    773
  1496200.00  4917020.00    -9.80   6    773
  1496200.00  4917020.00   -10.30   6    773
  1496200.00  4917020.00   -10.80   6    773
  1496200.00  4917020.00   -11.30   6    773
  1496200.00  4917020.00   -11.80   6    773
  1496200.00  4917020.00   -12.30   6    773
  1496200.00  4917020.00   -12.80   6    773
  1496200.00  4917020.00   -13.30   6    773
  1496200.00  4917020.00   -13.80   6    773
  1496200.00  4917020.00   -14.30   6    773
  1496200.00  4917020.00   -14.80   6    773
  1496200.00  4917020.00   -15.30   6    773
  1496200.00  4917020.00   -15.80   6    773
  1496200.00  4917020.00   -16.30   6    773
  1496200.00  4917020.00   -16.80   6    773
  1496200.00  4917020.00   -17.30   6    773
  1496200.00  4917020.00   -17.80   6    773
  1496200.00  4917020.00   -18.30   6    773
  1496200.00  4917020.00   -18.80   6    773
  1496200.00  4917020.00   -19.30   6    773
  1496200.00  4917020.00   -19.80   6    773
  1496200.00  4917020.00   -20.30   6    773
  1496200.00  4917020.00   -20.80   6    773
  1496200.00  4917020.00   -21.30   6    773
  1496200.00  4917020.00   -21.80   6    773
  1496200.00  4917020.00   -22.30   6    773
  1496200.00  4917020.00   -22.80   6    773
  1496200.00  4917020.00   -23.30   6    773
  1496200.00  4917020.00   -23.80   6    773
  1496200.00  4917020.00   -24.30   6    773
  1496200.00  4917020.00   -24.80   6    773
  1496410.00  4916740.00     7.70   1    774
  1496410.00  4916740.00     7.20   1    774
  1496410.00  4916740.00     6.70   1    774
  1496410.00  4916740.00     6.20   1    774
  1496410.00  4916740.00     5.70   1    774
  1496410.00  4916740.00     5.20   1    774
  1496410.00  4916740.00     4.70   1    774
  1496410.00  4916740.00     4.20   1    774
  1496410.00  4916740.00     3.70   1    774
  1496410.00  4916740.00     3.20   1    774
  1496410.00  4916740.00     2.70   1    774
  1496410.00  4916740.00     2.20   1    774
  1496410.00  4916740.00     1.70   1    774
  1496410.00  4916740.00     1.20   1    774
  1496410.00  4916740.00     0.70   1    774
  1496410.00  4916740.00     0.20   1    774
  1496410.00  4916740.00    -0.30   1    774
  1496410.00  4916740.00    -0.80   1    774
  1496410.00  4916740.00    -1.30   1    774
  1496410.00  4916740.00    -1.80   1    774
  1496410.00  4916740.00    -2.30   1    774
  1496410.00  4916740.00    -2.80   1    774
  1496410.00  4916740.00    -3.30   1    774
  1496410.00  4916740.00    -3.80   1    774
  1496410.00  4916740.00    -4.30   1    774
  1496410.00  4916740.00    -4.80   1    774
  1496410.00  4916740.00    -5.30   1    774
  1496410.00  4916740.00    -5.80   1    774
  1496410.00  4916740.00    -6.30   1    774
  1496410.00  4916740.00    -6.80   1    774
  1496410.00  4916740.00    -7.30   1    774
  1496410.00  4916740.00    -7.80   1    774
  1496410.00  4916740.00    -8.30   1    774
  1496410.00  4916740.00    -8.80   1    774
  1496410.00  4916740.00    -9.30   1    774
  1496410.00  4916740.00    -9.80   1    774
  1496410.00  4916740.00   -10.30   1    774
  1496410.00  4916740.00   -10.80   1    774
  1496410.00  4916740.00   -11.30   1    774
  1496410.00  4916740.00   -11.80   1    774
  1496410.00  4916740.00   -12.30   1    774
  1496410.00  4916740.00   -12.80   1    774
  1496410.00  4916740.00   -13.30   1    774
  1496410.00  4916740.00   -13.80   1    774
  1496410.00  4916740.00   -14.30   1    774
  1496410.00  4916740.00   -14.80   1    774
  1496410.00  4916740.00   -15.30   1    774
  1496410.00  4916740.00   -15.80   1    774
  1496410.00  4916740.00   -16.30   6    775
  1496410.00  4916740.00   -16.80   6    775
  1496295.00  4916725.00     5.30   1    776
  1496295.00  4916725.00     4.80   1    776
  1496295.00  4916725.00     4.30   1    776
  1496295.00  4916725.00     3.80   1    776
  1496295.00  4916725.00     3.30   1    776
  1496295.00  4916725.00     2.80   1    776
  1496295.00  4916725.00     2.30   1    776
  1496295.00  4916725.00     1.80   1    776
  1496295.00  4916725.00     1.30   1    776
  1496295.00  4916725.00     0.80   1    776
  1496295.00  4916725.00     0.30   1    776
  1496295.00  4916725.00    -0.20   1    776
  1496295.00  4916725.00    -0.70   1    776
  1496295.00  4916725.00    -1.20   1    776
  1496295.00  4916725.00    -1.70   1    776
  1496295.00  4916725.00    -2.20   1    776
  1496295.00  4916725.00    -2.70   1    776
  1496295.00  4916725.00    -3.20   1    776
  1496295.00  4916725.00    -3.70   1    776
  1496295.00  4916725.00    -4.20   1    776
  1496295.00  4916725.00    -4.70   1    776
  1496295.00  4916725.00    -5.20   1    776
  1496295.00  4916725.00    -5.70   1    776
  1496295.00  4916725.00    -6.20   1    776
  1496295.00  4916725.00    -6.70   1    776
  1496295.00  4916725.00    -7.20   1    776
  1496295.00  4916725.00    -7.70   1    776
  1496295.00  4916725.00    -8.20   1    776
  1496295.00  4916725.00    -8.70   1    776
  1496295.00  4916725.00    -9.20   1    776
  1496295.00  4916725.00    -9.70   1    776
  1496295.00  4916725.00   -10.20   1    776
  1496295.00  4916725.00   -10.70   1    776
  1496295.00  4916725.00   -11.20   1    776
  1496295.00  4916725.00   -11.70   1    776
  1496295.00  4916725.00   -12.20   1    776
  1496295.00  4916725.00   -12.70   1    776
  1496295.00  4916725.00   -13.20   1    776
  1496295.00  4916725.00   -13.70   1    776
  1496295.00  4916725.00   -14.20   1    776
  1496295.00  4916725.00   -14.70   1    776
  1496295.00  4916725.00   -15.20   1    776
  1496295.00  4916725.00   -15.70   1    776
  1496295.00  4916725.00   -16.20   1    776
  1496295.00  4916725.00   -16.70   1    776
  1496295.00  4916725.00   -17.20   1    776
  1496295.00  4916725.00   -17.70   1    776
  1496295.00  4916725.00   -18.20   1    776
  1496295.00  4916725.00   -18.70   6    777
  1496295.00  4916725.00   -19.20   6    777
  1496180.00  4916710.00     4.70   1    778
  1496180.00  4916710.00     4.20   1    778
  1496180.00  4916710.00     3.70   1    778
  1496180.00  4916710.00     3.20   1    778
  1496180.00  4916710.00     2.70   1    778
  1496180.00  4916710.00     2.20   1    778
  1496180.00  4916710.00     1.70   1    778
  1496180.00  4916710.00     1.20   1    778
  1496180.00  4916710.00     0.70   1    778
  1496180.00  4916710.00     0.20   1    778
  1496180.00  4916710.00    -0.30   1    778
  1496180.00  4916710.00    -0.80   1    778
  1496180.00  4916710.00    -1.30   1    778
  1496180.00  4916710.00    -1.80   1    778
  1496180.00  4916710.00    -2.30   1    778
  1496180.00  4916710.00    -2.80   1    778
  1496180.00  4916710.00    -3.30   1    778
  1496180.00  4916710.00    -3.80   1    778
  1496180.00  4916710.00    -4.30   1    778
  1496180.00  4916710.00    -4.80   1    778
  1496180.00  4916710.00    -5.30   1    778
  1496180.00  4916710.00    -5.80   1    778
  1496180.00  4916710.00    -6.30   1    778
  1496180.00  4916710.00    -6.80   1    778
  1496180.00  4916710.00    -7.30   1    778
  1496180.00  4916710.00    -7.80   1    778
  1496180.00  4916710.00    -8.30   1    778
  1496180.00  4916710.00    -8.80   1    778
  1496180.00  4916710.00    -9.30   1    778
  1496180.00  4916710.00    -9.80   1    778
  1496180.00  4916710.00   -10.30   1    778
  1496180.00  4916710.00   -10.80   1    778
  1496180.00  4916710.00   -11.30   1    778
  1496180.00  4916710.00   -11.80   1    778
  1496180.00  4916710.00   -12.30   1    778
  1496180.00  4916710.00   -12.80   1    778
  1496180.00  4916710.00   -13.30   1    778
  1496180.00  4916710.00   -13.80   1    778
  1496180.00  4916710.00   -14.30   1    778
  1496180.00  4916710.00   -14.80   1    778
  1496180.00  4916710.00   -15.30   1    778
  1496180.00  4916710.00   -15.80   1    778
  1496180.00  4916710.00   -16.30   1    778
  1496180.00  4916710.00   -16.80   1    778
  1496180.00  4916710.00   -17.30   1    778
  1496180.00  4916710.00   -17.80   1    778
  1496180.00  4916710.00   -18.30   1    778
  1496180.00  4916710.00   -18.80   1    778
  1496180.00  4916710.00   -19.30   6    779
  1496180.00  4916710.00   -19.80   6    779
  1496055.00  4916680.00     5.90   1    780
  1496055.00  4916680.00     5.40   1    780
  1496055.00  4916680.00     4.90   1    780
  1496055.00  4916680.00     4.40   1    780
  1496055.00  4916680.00     3.90   1    780
  1496055.00  4916680.00     3.40   1    780
  1496055.00  4916680.00     2.90   1    780
  1496055.00  4916680.00     2.40   1    780
  1496055.00  4916680.00     1.90   1    780
  1496055.00  4916680.00     1.40   1    780
  1496055.00  4916680.00     0.90   1    780
  1496055.00  4916680.00     0.40   1    780
  1496055.00  4916680.00    -0.10   1    780
  1496055.00  4916680.00    -0.60   1    780
  1496055.00  4916680.00    -1.10   1    780
  1496055.00  4916680.00    -1.60   1    780
  1496055.00  4916680.00    -2.10   1    780
  1496055.00  4916680.00    -2.60   1    780
  1496055.00  4916680.00    -3.10   1    780
  1496055.00  4916680.00    -3.60   1    780
  1496055.00  4916680.00    -4.10   1    780
  1496055.00  4916680.00    -4.60   1    780
  1496055.00  4916680.00    -5.10   1    780
  1496055.00  4916680.00    -5.60   1    780
  1496055.00  4916680.00    -6.10   1    780
  1496055.00  4916680.00    -6.60   1    780
  1496055.00  4916680.00    -7.10   1    780
  1496055.00  4916680.00    -7.60   1    780
  1496055.00  4916680.00    -8.10   1    780
  1496055.00  4916680.00    -8.60   1    780
  1496055.00  4916680.00    -9.10   1    780
  1496055.00  4916680.00    -9.60   1    780
  1496055.00  4916680.00   -10.10   1    780
  1496055.00  4916680.00   -10.60   1    780
  1496055.00  4916680.00   -11.10   1    780
  1496055.00  4916680.00   -11.60   1    780
  1496055.00  4916680.00   -12.10   1    780
  1496055.00  4916680.00   -12.60   1    780
  1496055.00  4916680.00   -13.10   1    780
  1496055.00  4916680.00   -13.60   1    780
  1496055.00  4916680.00   -14.10   1    780
  1496055.00  4916680.00   -14.60   1    780
  1496055.00  4916680.00   -15.10   1    780
  1496055.00  4916680.00   -15.60   1    780
  1496055.00  4916680.00   -16.10   1    780
  1496055.00  4916680.00   -16.60   1    780
  1496055.00  4916680.00   -17.10   1    780
  1496055.00  4916680.00   -17.60   1    780
  1496055.00  4916680.00   -18.10   6    781
  1496055.00  4916680.00   -18.60   6    781
  1496110.00  4916615.00     6.00   1    782
  1496110.00  4916615.00     5.50   1    782
  1496110.00  4916615.00     5.00   1    782
  1496110.00  4916615.00     4.50   1    782
  1496110.00  4916615.00     4.00   1    782
  1496110.00  4916615.00     3.50   1    782
  1496110.00  4916615.00     3.00   1    782
  1496110.00  4916615.00     2.50   1    782
  1496110.00  4916615.00     2.00   1    782
  1496110.00  4916615.00     1.50   1    782
  1496110.00  4916615.00     1.00   1    782
  1496110.00  4916615.00     0.50   1    782
  1496110.00  4916615.00     0.00   1    782
  1496110.00  4916615.00    -0.50   1    782
  1496110.00  4916615.00    -1.00   1    782
  1496110.00  4916615.00    -1.50   1    782
  1496110.00  4916615.00    -2.00   1    782
  1496110.00  4916615.00    -2.50   1    782
  1496110.00  4916615.00    -3.00   1    782
  1496110.00  4916615.00    -3.50   1    782
  1496110.00  4916615.00    -4.00   1    782
  1496110.00  4916615.00    -4.50   1    782
  1496110.00  4916615.00    -5.00   1    782
  1496110.00  4916615.00    -5.50   1    782
  1496110.00  4916615.00    -6.00   1    782
  1496110.00  4916615.00    -6.50   1    782
  1496110.00  4916615.00    -7.00   1    782
  1496110.00  4916615.00    -7.50   1    782
  1496110.00  4916615.00    -8.00   1    782
  1496110.00  4916615.00    -8.50   1    782
  1496110.00  4916615.00    -9.00   1    782
  1496110.00  4916615.00    -9.50   1    782
  1496110.00  4916615.00   -10.00   1    782
  1496110.00  4916615.00   -10.50   1    782
  1496110.00  4916615.00   -11.00   1    782
  1496110.00  4916615.00   -11.50   1    782
  1496110.00  4916615.00   -12.00   1    782
  1496110.00  4916615.00   -12.50   1    782
  1496110.00  4916615.00   -13.00   1    782
  1496110.00  4916615.00   -13.50   1    782
  1496110.00  4916615.00   -14.00   1    782
  1496110.00  4916615.00   -14.50   1    782
  1496110.00  4916615.00   -15.00   1    782
  1496110.00  4916615.00   -15.50   1    782
  1496110.00  4916615.00   -16.00   1    782
  1496110.00  4916615.00   -16.50   1    782
  1496110.00  4916615.00   -17.00   1    782
  1496110.00  4916615.00   -17.50   1    782
  1496110.00  4916615.00   -18.00   6    783
  1496110.00  4916615.00   -18.50   6    783
  1496070.00  4916450.00     5.50   1    784
  1496070.00  4916450.00     5.00   1    784
  1496070.00  4916450.00     4.50   1    784
  1496070.00  4916450.00     4.00   1    784
  1496070.00  4916450.00     3.50   1    784
  1496070.00  4916450.00     3.00   1    784
  1496070.00  4916450.00     2.50   1    784
  1496070.00  4916450.00     2.00   1    784
  1496070.00  4916450.00     1.50   1    784
  1496070.00  4916450.00     1.00   1    784
  1496070.00  4916450.00     0.50   1    784
  1496070.00  4916450.00     0.00   1    784
  1496070.00  4916450.00    -0.50   1    784
  1496070.00  4916450.00    -1.00   1    784
  1496070.00  4916450.00    -1.50   1    784
  1496070.00  4916450.00    -2.00   1    784
  1496070.00  4916450.00    -2.50   1    784
  1496070.00  4916450.00    -3.00   1    784
  1496070.00  4916450.00    -3.50   1    784
  1496070.00  4916450.00    -4.00   1    784
  1496070.00  4916450.00    -4.50   1    784
  1496070.00  4916450.00    -5.00   1    784
  1496070.00  4916450.00    -5.50   1    784
  1496070.00  4916450.00    -6.00   1    784
  1496070.00  4916450.00    -6.50   1    784
  1496070.00  4916450.00    -7.00   1    784
  1496070.00  4916450.00    -7.50   1    784
  1496070.00  4916450.00    -8.00   1    784
  1496070.00  4916450.00    -8.50   1    784
  1496070.00  4916450.00    -9.00   1    784
  1496070.00  4916450.00    -9.50   1    784
  1496070.00  4916450.00   -10.00   1    784
  1496070.00  4916450.00   -10.50   1    784
  1496070.00  4916450.00   -11.00   1    784
  1496070.00  4916450.00   -11.50   1    784
  1496070.00  4916450.00   -12.00   1    784
  1496070.00  4916450.00   -12.50   1    784
  1496070.00  4916450.00   -13.00   1    784
  1496070.00  4916450.00   -13.50   1    784
  1496070.00  4916450.00   -14.00   1    784
  1496070.00  4916450.00   -14.50   1    784
  1496070.00  4916450.00   -15.00   1    784
  1496070.00  4916450.00   -15.50   1    784
  1496070.00  4916450.00   -16.00   1    784
  1496070.00  4916450.00   -16.50   1    784
  1496070.00  4916450.00   -17.00   1    784
  1496070.00  4916450.00   -17.50   1    784
  1496070.00  4916450.00   -18.00   1    784
  1496070.00  4916450.00   -18.50   6    785
  1496070.00  4916450.00   -19.00   6    785
  1496195.00  4916465.00     3.80   1    786
  1496195.00  4916465.00     3.30   1    786
  1496195.00  4916465.00     2.80   1    786
  1496195.00  4916465.00     2.30   1    786
  1496195.00  4916465.00     1.80   1    786
  1496195.00  4916465.00     1.30   1    786
  1496195.00  4916465.00     0.80   1    786
  1496195.00  4916465.00     0.30   1    786
  1496195.00  4916465.00    -0.20   1    786
  1496195.00  4916465.00    -0.70   1    786
  1496195.00  4916465.00    -1.20   1    786
  1496195.00  4916465.00    -1.70   1    786
  1496195.00  4916465.00    -2.20   1    786
  1496195.00  4916465.00    -2.70   1    786
  1496195.00  4916465.00    -3.20   1    786
  1496195.00  4916465.00    -3.70   1    786
  1496195.00  4916465.00    -4.20   1    786
  1496195.00  4916465.00    -4.70   1    786
  1496195.00  4916465.00    -5.20   1    786
  1496195.00  4916465.00    -5.70   1    786
  1496195.00  4916465.00    -6.20   1    786
  1496195.00  4916465.00    -6.70   1    786
  1496195.00  4916465.00    -7.20   1    786
  1496195.00  4916465.00    -7.70   1    786
  1496195.00  4916465.00    -8.20   1    786
  1496195.00  4916465.00    -8.70   1    786
  1496195.00  4916465.00    -9.20   1    786
  1496195.00  4916465.00    -9.70   1    786
  1496195.00  4916465.00   -10.20   1    786
  1496195.00  4916465.00   -10.70   1    786
  1496195.00  4916465.00   -11.20   1    786
  1496195.00  4916465.00   -11.70   1    786
  1496195.00  4916465.00   -12.20   1    786
  1496195.00  4916465.00   -12.70   1    786
  1496195.00  4916465.00   -13.20   1    786
  1496195.00  4916465.00   -13.70   1    786
  1496195.00  4916465.00   -14.20   1    786
  1496195.00  4916465.00   -14.70   1    786
  1496195.00  4916465.00   -15.20   1    786
  1496195.00  4916465.00   -15.70   1    786
  1496195.00  4916465.00   -16.20   1    786
  1496195.00  4916465.00   -16.70   1    786
  1496195.00  4916465.00   -17.20   1    786
  1496195.00  4916465.00   -17.70   1    786
  1496195.00  4916465.00   -18.20   1    786
  1496195.00  4916465.00   -18.70   1    786
  1496195.00  4916465.00   -19.20   1    786
  1496195.00  4916465.00   -19.70   1    786
  1496195.00  4916465.00   -20.20   6    787
  1496195.00  4916465.00   -20.70   6    787
  1496235.00  4916320.00     4.60   1    788
  1496235.00  4916320.00     4.10   1    788
  1496235.00  4916320.00     3.60   1    788
  1496235.00  4916320.00     3.10   1    788
  1496235.00  4916320.00     2.60   1    788
  1496235.00  4916320.00     2.10   1    788
  1496235.00  4916320.00     1.60   1    788
  1496235.00  4916320.00     1.10   1    788
  1496235.00  4916320.00     0.60   1    788
  1496235.00  4916320.00     0.10   1    788
  1496235.00  4916320.00    -0.40   1    788
  1496235.00  4916320.00    -0.90   1    788
  1496235.00  4916320.00    -1.40   1    788
  1496235.00  4916320.00    -1.90   1    788
  1496235.00  4916320.00    -2.40   1    788
  1496235.00  4916320.00    -2.90   1    788
  1496235.00  4916320.00    -3.40   1    788
  1496235.00  4916320.00    -3.90   1    788
  1496235.00  4916320.00    -4.40   1    788
  1496235.00  4916320.00    -4.90   1    788
  1496235.00  4916320.00    -5.40   1    788
  1496235.00  4916320.00    -5.90   1    788
  1496235.00  4916320.00    -6.40   1    788
  1496235.00  4916320.00    -6.90   1    788
  1496235.00  4916320.00    -7.40   1    788
  1496235.00  4916320.00    -7.90   1    788
  1496235.00  4916320.00    -8.40   1    788
  1496235.00  4916320.00    -8.90   1    788
  1496235.00  4916320.00    -9.40   1    788
  1496235.00  4916320.00    -9.90   1    788
  1496235.00  4916320.00   -10.40   1    788
  1496235.00  4916320.00   -10.90   1    788
  1496235.00  4916320.00   -11.40   1    788
  1496235.00  4916320.00   -11.90   1    788
  1496235.00  4916320.00   -12.40   1    788
  1496235.00  4916320.00   -12.90   1    788
  1496235.00  4916320.00   -13.40   1    788
  1496235.00  4916320.00   -13.90   1    788
  1496235.00  4916320.00   -14.40   1    788
  1496235.00  4916320.00   -14.90   1    788
  1496235.00  4916320.00   -15.40   1    788
  1496235.00  4916320.00   -15.90   1    788
  1496235.00  4916320.00   -16.40   1    788
  1496235.00  4916320.00   -16.90   1    788
  1496235.00  4916320.00   -17.40   1    788
  1496235.00  4916320.00   -17.90   1    788
  1496235.00  4916320.00   -18.40   1    788
  1496235.00  4916320.00   -18.90   1    788
  1496235.00  4916320.00   -19.40   6    789
  1496235.00  4916320.00   -19.90   6    789
  1496135.00  4916295.00     2.70   1    790
  1496135.00  4916295.00     2.20   1    790
  1496135.00  4916295.00     1.70   1    790
  1496135.00  4916295.00     1.20   1    790
  1496135.00  4916295.00     0.70   1    790
  1496135.00  4916295.00     0.20   1    790
  1496135.00  4916295.00    -0.30   1    790
  1496135.00  4916295.00    -0.80   1    790
  1496135.00  4916295.00    -1.30   1    790
  1496135.00  4916295.00    -1.80   1    790
  1496135.00  4916295.00    -2.30   1    790
  1496135.00  4916295.00    -2.80   1    790
  1496135.00  4916295.00    -3.30   1    790
  1496135.00  4916295.00    -3.80   1    790
  1496135.00  4916295.00    -4.30   1    790
  1496135.00  4916295.00    -4.80   1    790
  1496135.00  4916295.00    -5.30   1    790
  1496135.00  4916295.00    -5.80   1    790
  1496135.00  4916295.00    -6.30   1    790
  1496135.00  4916295.00    -6.80   1    790
  1496135.00  4916295.00    -7.30   1    790
  1496135.00  4916295.00    -7.80   1    790
  1496135.00  4916295.00    -8.30   1    790
  1496135.00  4916295.00    -8.80   1    790
  1496135.00  4916295.00    -9.30   1    790
  1496135.00  4916295.00    -9.80   1    790
  1496135.00  4916295.00   -10.30   1    790
  1496135.00  4916295.00   -10.80   1    790
  1496135.00  4916295.00   -11.30   1    790
  1496135.00  4916295.00   -11.80   1    790
  1496135.00  4916295.00   -12.30   1    790
  1496135.00  4916295.00   -12.80   1    790
  1496135.00  4916295.00   -13.30   1    790
  1496135.00  4916295.00   -13.80   1    790
  1496135.00  4916295.00   -14.30   1    790
  1496135.00  4916295.00   -14.80   1    790
  1496135.00  4916295.00   -15.30   1    790
  1496135.00  4916295.00   -15.80   1    790
  1496135.00  4916295.00   -16.30   1    790
  1496135.00  4916295.00   -16.80   1    790
  1496135.00  4916295.00   -17.30   1    790
  1496135.00  4916295.00   -17.80   1    790
  1496135.00  4916295.00   -18.30   1    790
  1496135.00  4916295.00   -18.80   1    790
  1496135.00  4916295.00   -19.30   1    790
  1496135.00  4916295.00   -19.80   1    790
  1496135.00  4916295.00   -20.30   1    790
  1496135.00  4916295.00   -20.80   1    790
  1496135.00  4916295.00   -21.30   6    791
  1496135.00  4916295.00   -21.80   6    791
  4496220.00  4916240.00    -0.50   1    792
  4496220.00  4916240.00    -1.00   1    792
  4496220.00  4916240.00    -1.50   1    792
  4496220.00  4916240.00    -2.00   1    792
  4496220.00  4916240.00    -2.50   1    792
  4496220.00  4916240.00    -3.00   1    792
  4496220.00  4916240.00    -3.50   1    792
  4496220.00  4916240.00    -4.00   1    792
  4496220.00  4916240.00    -4.50   1    792
  4496220.00  4916240.00    -5.00   1    792
  4496220.00  4916240.00    -5.50   1    792
  4496220.00  4916240.00    -6.00   1    792
  4496220.00  4916240.00    -6.50   1    792
  4496220.00  4916240.00    -7.00   1    792
  4496220.00  4916240.00    -7.50   1    792
  4496220.00  4916240.00    -8.00   1    792
  4496220.00  4916240.00    -8.50   1    792
  4496220.00  4916240.00    -9.00   1    792
  4496220.00  4916240.00    -9.50   1    792
  4496220.00  4916240.00   -10.00   1    792
  4496220.00  4916240.00   -10.50   1    792
  4496220.00  4916240.00   -11.00   1    792
  4496220.00  4916240.00   -11.50   1    792
  4496220.00  4916240.00   -12.00   1    792
  4496220.00  4916240.00   -12.50   1    792
  4496220.00  4916240.00   -13.00   1    792
  4496220.00  4916240.00   -13.50   1    792
  4496220.00  4916240.00   -14.00   1    792
  4496220.00  4916240.00   -14.50   1    792
  4496220.00  4916240.00   -15.00   1    792
  4496220.00  4916240.00   -15.50   1    792
  4496220.00  4916240.00   -16.00   1    792
  4496220.00  4916240.00   -16.50   1    792
  4496220.00  4916240.00   -17.00   1    792
  4496220.00  4916240.00   -17.50   1    792
  4496220.00  4916240.00   -18.00   1    792
  4496220.00  4916240.00   -18.50   1    792
  4496220.00  4916240.00   -19.00   1    792
  4496220.00  4916240.00   -19.50   1    792
  4496220.00  4916240.00   -20.00   1    792
  4496220.00  4916240.00   -20.50   1    792
  4496220.00  4916240.00   -21.00   1    792
  4496220.00  4916240.00   -21.50   1    792
  4496220.00  4916240.00   -22.00   1    792
  4496220.00  4916240.00   -22.50   1    792
  4496220.00  4916240.00   -23.00   1    792
  4496220.00  4916240.00   -23.50   1    792
  4496220.00  4916240.00   -24.00   1    792
  1496220.00  4916240.00   -19.80   6    793
  1496220.00  4916240.00   -20.30   6    793
  1495945.00  4916220.00     2.50   1    794
  1495945.00  4916220.00     2.00   1    794
  1495945.00  4916220.00     1.50   1    794
  1495945.00  4916220.00     1.00   1    794
  1495945.00  4916220.00     0.50   1    794
  1495945.00  4916220.00     0.00   1    794
  1495945.00  4916220.00    -0.50   1    794
  1495945.00  4916220.00    -1.00   1    794
  1495945.00  4916220.00    -1.50   1    794
  1495945.00  4916220.00    -2.00   1    794
  1495945.00  4916220.00    -2.50   1    794
  1495945.00  4916220.00    -3.00   1    794
  1495945.00  4916220.00    -3.50   1    794
  1495945.00  4916220.00    -4.00   1    794
  1495945.00  4916220.00    -4.50   1    794
  1495945.00  4916220.00    -5.00   1    794
  1495945.00  4916220.00    -5.50   1    794
  1495945.00  4916220.00    -6.00   1    794
  1495945.00  4916220.00    -6.50   1    794
  1495945.00  4916220.00    -7.00   1    794
  1495945.00  4916220.00    -7.50   1    794
  1495945.00  4916220.00    -8.00   1    794
  1495945.00  4916220.00    -8.50   1    794
  1495945.00  4916220.00    -9.00   1    794
  1495945.00  4916220.00    -9.50   1    794
  1495945.00  4916220.00   -10.00   1    794
  1495945.00  4916220.00   -10.50   1    794
  1495945.00  4916220.00   -11.00   1    794
  1495945.00  4916220.00   -11.50   1    794
  1495945.00  4916220.00   -12.00   1    794
  1495945.00  4916220.00   -12.50   1    794
  1495945.00  4916220.00   -13.00   1    794
  1495945.00  4916220.00   -13.50   1    794
  1495945.00  4916220.00   -14.00   1    794
  1495945.00  4916220.00   -14.50   1    794
  1495945.00  4916220.00   -15.00   1    794
  1495945.00  4916220.00   -15.50   1    794
  1495945.00  4916220.00   -16.00   1    794
  1495945.00  4916220.00   -16.50   1    794
  1495945.00  4916220.00   -17.00   1    794
  1495945.00  4916220.00   -17.50   1    794
  1495945.00  4916220.00   -18.00   1    794
  1495945.00  4916220.00   -18.50   1    794
  1495945.00  4916220.00   -19.00   1    794
  1495945.00  4916220.00   -19.50   1    794
  1495945.00  4916220.00   -20.00   1    794
  1495945.00  4916220.00   -20.50   1    794
  1495945.00  4916220.00   -21.00   1    794
  1495945.00  4916220.00   -21.50   6    795
  1495945.00  4916220.00   -22.00   6    795
  1495945.00  4916345.00     3.90   1    796
  1495945.00  4916345.00     3.40   1    796
  1495945.00  4916345.00     2.90   1    796
  1495945.00  4916345.00     2.40   1    796
  1495945.00  4916345.00     1.90   1    796
  1495945.00  4916345.00     1.40   1    796
  1495945.00  4916345.00     0.90   1    796
  1495945.00  4916345.00     0.40   1    796
  1495945.00  4916345.00    -0.10   1    796
  1495945.00  4916345.00    -0.60   1    796
  1495945.00  4916345.00    -1.10   1    796
  1495945.00  4916345.00    -1.60   1    796
  1495945.00  4916345.00    -2.10   1    796
  1495945.00  4916345.00    -2.60   1    796
  1495945.00  4916345.00    -3.10   1    796
  1495945.00  4916345.00    -3.60   1    796
  1495945.00  4916345.00    -4.10   1    796
  1495945.00  4916345.00    -4.60   1    796
  1495945.00  4916345.00    -5.10   1    796
  1495945.00  4916345.00    -5.60   1    796
  1495945.00  4916345.00    -6.10   1    796
  1495945.00  4916345.00    -6.60   1    796
  1495945.00  4916345.00    -7.10   1    796
  1495945.00  4916345.00    -7.60   1    796
  1495945.00  4916345.00    -8.10   1    796
  1495945.00  4916345.00    -8.60   1    796
  1495945.00  4916345.00    -9.10   1    796
  1495945.00  4916345.00    -9.60   1    796
  1495945.00  4916345.00   -10.10   1    796
  1495945.00  4916345.00   -10.60   1    796
  1495945.00  4916345.00   -11.10   1    796
  1495945.00  4916345.00   -11.60   1    796
  1495945.00  4916345.00   -12.10   1    796
  1495945.00  4916345.00   -12.60   1    796
  1495945.00  4916345.00   -13.10   1    796
  1495945.00  4916345.00   -13.60   1    796
  1495945.00  4916345.00   -14.10   1    796
  1495945.00  4916345.00   -14.60   1    796
  1495945.00  4916345.00   -15.10   1    796
  1495945.00  4916345.00   -15.60   1    796
  1495945.00  4916345.00   -16.10   1    796
  1495945.00  4916345.00   -16.60   1    796
  1495945.00  4916345.00   -17.10   1    796
  1495945.00  4916345.00   -17.60   1    796
  1495945.00  4916345.00   -18.10   1    796
  1495945.00  4916345.00   -18.60   1    796
  1495945.00  4916345.00   -19.10   1    796
  1495945.00  4916345.00   -19.60   1    796
  1495945.00  4916345.00   -20.10   6    797
  1495945.00  4916345.00   -20.60   6    797
  1495265.00  4917240.00    40.10   2    798
  1495265.00  4917240.00    39.60   2    798
  1495265.00  4917240.00    39.10   2    798
  1495265.00  4917240.00    38.60   2    798
  1495265.00  4917240.00    38.10   2    798
  1495265.00  4917240.00    37.60   2    798
  1495265.00  4917240.00    37.10   2    798
  1495265.00  4917240.00    36.60   2    798
  1495265.00  4917240.00    36.10   2    798
  1495265.00  4917240.00    35.60   2    798
  1495265.00  4917240.00    35.10   2    798
  1495265.00  4917240.00    34.60   2    798
  1495265.00  4917240.00    34.10   2    798
  1495265.00  4917240.00    33.60   2    798
  1495265.00  4917240.00    33.10   2    798
  1495265.00  4917240.00    32.60   2    798
  1495265.00  4917240.00    32.10   2    798
  1495265.00  4917240.00    31.60   2    798
  1495265.00  4917240.00    31.10   2    798
  1495265.00  4917240.00    30.60   2    798
  1495265.00  4917240.00    30.10   2    798
  1495265.00  4917240.00    29.60   2    798
  1495265.00  4917240.00    29.10   2    798
  1495265.00  4917240.00    28.60   2    798
  1495265.00  4917240.00    28.10   2    798
  1495265.00  4917240.00    27.60   2    798
  1495265.00  4917240.00    27.10   2    798
  1495265.00  4917240.00    26.60   2    798
  1495265.00  4917240.00    26.10   2    798
  1495265.00  4917240.00    25.60   2    798
  1495265.00  4917240.00    25.10   2    798
  1495265.00  4917240.00    24.60   2    798
  1495265.00  4917240.00    24.10   2    798
  1495265.00  4917240.00    23.60   2    798
  1495265.00  4917240.00    23.10   2    798
  1495265.00  4917240.00    22.60   2    798
  1495265.00  4917240.00    22.10   2    798
  1495265.00  4917240.00    21.60   2    798
  1495265.00  4917240.00    21.10   2    798
  1495265.00  4917240.00    20.60   2    798
  1495265.00  4917240.00    20.10   2    798
  1495265.00  4917240.00    19.60   2    798
  1495265.00  4917240.00    19.10   2    798
  1495265.00  4917240.00    18.60   2    798
  1495265.00  4917240.00    18.10   2    798
  1495265.00  4917240.00    17.60   2    798
  1495265.00  4917240.00    17.10   2    798
  1495265.00  4917240.00    16.60   2    798
  1495265.00  4917240.00    16.10   2    798
  1495265.00  4917240.00    15.60   2    798
  1495265.00  4917240.00    15.10   2    798
  1495265.00  4917240.00    14.60   2    798
  1495265.00  4917240.00    14.10   2    798
  1495265.00  4917240.00    13.60   2    798
  1495265.00  4917240.00    13.10   2    798
  1495265.00  4917240.00    12.60   2    798
  1495265.00  4917240.00    12.10   2    798
  1495265.00  4917240.00    11.60   2    798
  1495265.00  4917240.00    11.10   2    798
  1495265.00  4917240.00    10.60   2    798
  1495265.00  4917240.00    10.10   2    798
  1495265.00  4917240.00     9.60   2    798
  1495265.00  4917240.00     9.10   2    798
  1495265.00  4917240.00     8.60   2    798
  1495265.00  4917240.00     8.10   2    798
  1495265.00  4917240.00     7.60   2    798
  1495265.00  4917240.00     7.10   2    798
  1495265.00  4917240.00     6.60   2    798
  1495265.00  4917240.00     6.10   2    798
  1495265.00  4917240.00     5.60   2    798
  1495265.00  4917240.00     5.10   2    798
  1495265.00  4917240.00     4.60   2    798
  1495265.00  4917240.00     4.10   2    798
  1495265.00  4917240.00     3.60   2    798
  1495265.00  4917240.00     3.10   2    798
  1495265.00  4917240.00     2.60   2    798
  1495265.00  4917240.00     2.10   2    798
  1495265.00  4917240.00     1.60   2    798
  1495265.00  4917240.00     1.10   2    798
  1495265.00  4917240.00     0.60   2    798
  1495265.00  4917240.00     0.10   2    798
  1495265.00  4917240.00    -0.40   2    798
  1495265.00  4917240.00    -0.90   2    798
  1495265.00  4917240.00    -1.40   2    798
  1495265.00  4917240.00    -1.90   2    798
  1495265.00  4917240.00    -2.40   2    798
  1495265.00  4917240.00    -2.90   2    798
  1495265.00  4917240.00    -3.40   2    798
  1495265.00  4917240.00    -3.90   2    798
  1495265.00  4917240.00    -4.40   2    798
  1495265.00  4917240.00    -4.90   2    798
  1495265.00  4917240.00    -5.40   2    798
  1495265.00  4917240.00    -5.90   2    798
  1495265.00  4917240.00    -6.40   2    798
  1495265.00  4917240.00    -6.90   2    798
  1495265.00  4917240.00    -7.40   2    798
  1495265.00  4917240.00    -7.90   2    798
  1495265.00  4917240.00    -8.40   2    798
  1495265.00  4917240.00    -8.90   2    798
  1495265.00  4917240.00    -9.40   2    798
  1495265.00  4917240.00    -9.90   2    798
  1495265.00  4917240.00   -10.40   2    798
  1495265.00  4917240.00   -10.90   2    798
  1495265.00  4917240.00   -11.40   2    798
  1495265.00  4917240.00   -11.90   2    798
  1495265.00  4917240.00   -12.40   2    798
  1495265.00  4917240.00   -12.90   2    798
  1495265.00  4917240.00   -13.40   2    798
  1495265.00  4917240.00   -13.90   2    798
  1495265.00  4917240.00   -14.40   2    798
  1495265.00  4917240.00   -14.90   2    798
  1495265.00  4917240.00   -15.40   2    798
  1495265.00  4917240.00   -15.90   2    798
  1495265.00  4917240.00   -16.40   2    798
  1495265.00  4917240.00   -16.90   2    798
  1495265.00  4917240.00   -17.40   2    798
  1495265.00  4917240.00   -17.90   2    798
  1495265.00  4917240.00   -18.40   2    798
  1495265.00  4917240.00   -18.90   2    798
  1495265.00  4917240.00   -19.40   2    798
  1495265.00  4917240.00   -19.90   2    798
  1495265.00  4917240.00   -20.40   2    798
  1495265.00  4917240.00   -20.90   2    798
  1495265.00  4917240.00   -21.40   2    798
  1495265.00  4917240.00   -21.90   2    798
  1495265.00  4917240.00   -22.40   2    798
  1495265.00  4917240.00   -22.90   2    798
  1495265.00  4917240.00   -23.40   2    798
  1495265.00  4917240.00   -23.90   2    798
  1495265.00  4917240.00   -24.40   2    798
  1495265.00  4917240.00   -24.90   2    798
  1495265.00  4917240.00   -25.40   2    798
  1495265.00  4917240.00   -25.90   2    798
  1495265.00  4917240.00   -26.40   2    798
  1495265.00  4917240.00   -26.90   2    798
  1495265.00  4917240.00   -27.40   2    798
  1495265.00  4917240.00   -27.90   2    798
  1495265.00  4917240.00   -28.40   2    798
  1495265.00  4917240.00   -28.90   2    798
  1495265.00  4917240.00   -29.40   2    798
  1495265.00  4917240.00   -29.90   2    798
  1495265.00  4917240.00   -30.40   2    798
  1495265.00  4917240.00   -30.90   2    798
  1495265.00  4917240.00   -31.40   2    798
  1495265.00  4917240.00   -31.90   2    798
  1495265.00  4917240.00   -32.40   2    798
  1495265.00  4917240.00   -32.90   2    798
  1495265.00  4917240.00   -33.40   2    798
  1495265.00  4917240.00   -33.90   2    798
  1495265.00  4917240.00   -34.40   2    798
  1495265.00  4917240.00   -34.90   2    798
  1495265.00  4917240.00   -35.40   2    798
  1495265.00  4917240.00   -35.90   2    798
  1495265.00  4917240.00   -36.40   2    798
  1495265.00  4917240.00   -36.90   2    798
  1495265.00  4917240.00   -37.40   2    798
  1495265.00  4917240.00   -37.90   2    798
  1495265.00  4917240.00   -38.40   2    798
  1495265.00  4917240.00   -38.90   2    798
  1495265.00  4917240.00   -39.40   2    798
  1495265.00  4917240.00   -39.90   2    798
  1495265.00  4917240.00   -40.40   2    798
  1495265.00  4917240.00   -40.90   2    798
  1495265.00  4917240.00   -41.40   2    798
  1495265.00  4917240.00   -41.90   2    798
  1495265.00  4917240.00   -42.40   2    798
  1495265.00  4917240.00   -42.90   2    798
  1495265.00  4917240.00   -43.40   2    798
  1495265.00  4917240.00   -43.90   2    798
  1495265.00  4917240.00   -44.40   2    798
  1495265.00  4917240.00   -44.90   2    798
  1495265.00  4917240.00   -45.40   2    798
  1495265.00  4917240.00   -45.90   2    798
  1495265.00  4917240.00   -46.40   2    798
  1495265.00  4917240.00   -46.90   2    798
  1495265.00  4917240.00   -47.40   2    798
  1495265.00  4917240.00   -47.90   2    798
  1495265.00  4917240.00   -48.40   2    798
  1495265.00  4917240.00   -48.90   2    798
  1495265.00  4917240.00   -49.40   2    798
  1495265.00  4917240.00   -49.90   2    798
  1495265.00  4917240.00   -50.40   2    798
  1495265.00  4917240.00   -50.90   2    798
  1495265.00  4917240.00   -51.40   2    798
  1495265.00  4917240.00   -51.90   2    798
  1495265.00  4917240.00   -52.40   2    798
  1495265.00  4917240.00   -52.90   2    798
  1495265.00  4917240.00   -53.40   2    798
  1495265.00  4917240.00   -53.90   2    798
  1495265.00  4917240.00   -54.40   2    798
  1495265.00  4917240.00   -54.90   2    798
  1495265.00  4917240.00   -55.40   2    798
  1495265.00  4917240.00   -55.90   2    798
  1495265.00  4917240.00   -56.40   2    798
  1495265.00  4917240.00   -56.90   2    798
  1495265.00  4917240.00   -57.40   2    798
  1495265.00  4917240.00   -57.90   2    798
  1495265.00  4917240.00   -58.40   2    798
  1495265.00  4917240.00   -58.90   2    798
  1495265.00  4917240.00   -59.40   2    798
  1495265.00  4917240.00   -59.90   2    798
  1495265.00  4917240.00   -60.40   2    798
  1495265.00  4917240.00   -60.90   2    798
  1495265.00  4917240.00   -61.40   2    798
  1495265.00  4917240.00   -61.90   2    798
  1495265.00  4917240.00   -62.40   2    798
  1495265.00  4917240.00   -62.90   2    798
  1495265.00  4917240.00   -63.40   2    798
  1495265.00  4917240.00   -63.90   2    798
  1495265.00  4917240.00   -64.40   2    798
  1495265.00  4917240.00   -64.90   2    798
  1495265.00  4917240.00   -65.40   2    798
  1495265.00  4917240.00   -65.90   2    798
  1495265.00  4917240.00   -66.40   2    798
  1495265.00  4917240.00   -66.90   2    798
  1495265.00  4917240.00   -67.40   2    798
  1495265.00  4917240.00   -67.90   2    798
  1495265.00  4917240.00   -68.40   2    798
  1495265.00  4917240.00   -68.90   2    798
  1495265.00  4917240.00   -69.40   2    798
  1495265.00  4917240.00   -69.90   2    798
  1495265.00  4917240.00   -70.40   2    798
  1495265.00  4917240.00   -70.90   2    798
  1495265.00  4917240.00   -71.40   2    798
  1495265.00  4917240.00   -71.90   2    798
  1495265.00  4917240.00   -72.40   2    798
  1495265.00  4917240.00   -72.90   2    798
  1495265.00  4917240.00   -73.40   2    798
  1495265.00  4917240.00   -73.90   2    798
  1495265.00  4917240.00   -74.40   2    798
  1495265.00  4917240.00   -74.90   2    798
  1495265.00  4917240.00   -75.40   2    798
  1495265.00  4917240.00   -75.90   2    798
  1495265.00  4917240.00   -76.40   2    798
  1495265.00  4917240.00   -76.90   2    798
  1495265.00  4917240.00   -77.40   2    798
  1495265.00  4917240.00   -77.90   2    798
  1495265.00  4917240.00   -78.40   2    798
  1495265.00  4917240.00   -78.90   2    798
  1495265.00  4917240.00   -79.40   2    798
  1495265.00  4917240.00   -79.90   2    798
  1495265.00  4917240.00   -80.40   2    798
  1495265.00  4917240.00   -80.90   2    798
  1495265.00  4917240.00   -81.40   2    798
  1495265.00  4917240.00   -81.90   2    798
  1495265.00  4917240.00   -82.40   2    798
  1495265.00  4917240.00   -82.90   2    798
  1495265.00  4917240.00   -83.40   2    798
  1495265.00  4917240.00   -83.90   2    798
  1495265.00  4917240.00   -84.40   2    798
  1495265.00  4917240.00   -84.90   2    798
  1495265.00  4917240.00   -85.40   2    798
  1495265.00  4917240.00   -85.90   2    798
  1495265.00  4917240.00   -86.40   2    798
  1495265.00  4917240.00   -86.90   2    798
  1495265.00  4917240.00   -87.40   2    798
  1495265.00  4917240.00   -87.90   2    798
  1495265.00  4917240.00   -88.40   2    798
  1495265.00  4917240.00   -88.90   2    798
  1495265.00  4917240.00   -89.40   2    798
  1495265.00  4917240.00   -89.90   2    798
  1495265.00  4917240.00   -90.40   2    798
  1495265.00  4917240.00   -90.90   2    798
  1495265.00  4917240.00   -91.40   2    798
  1495265.00  4917240.00   -91.90   2    798
  1495265.00  4917240.00   -92.40   2    798
  1495265.00  4917240.00   -92.90   2    798
  1495265.00  4917240.00   -93.40   2    798
  1495265.00  4917240.00   -93.90   2    798
  1495265.00  4917240.00   -94.40   2    798
  1495265.00  4917240.00   -94.90   2    798
  1495265.00  4917240.00   -95.40   2    798
  1495265.00  4917240.00   -95.90   2    798
  1495265.00  4917240.00   -96.40   2    798
  1495265.00  4917240.00   -96.90   2    798
  1495265.00  4917240.00   -97.40   2    798
  1495265.00  4917240.00   -97.90   2    798
  1495265.00  4917240.00   -98.40   2    798
  1495265.00  4917240.00   -98.90   2    798
  1495265.00  4917240.00   -99.40   2    798
  1495265.00  4917240.00   -99.90   2    798
  1495265.00  4917240.00  -100.40   2    798
  1495265.00  4917240.00  -100.90   2    798
  1495265.00  4917240.00  -101.40   2    798
  1495265.00  4917240.00  -101.90   2    798
  1495265.00  4917240.00  -102.40   2    798
