Column1;Column2;Column3;Column4;Column5;Column6;Column7;Column10;Column11;Column12;Column13;Column14;Column15
Time;soil_moisture_at_depth_0;soil_moisture_at_depth_1;soil_moisture_at_depth_2;soil_moisture_at_depth_3 ;soil_moisture_at_depth_4;soil_moisture_at_depth_5 ;soil_temperature_at_depth_0;soil_temperature_at_depth_1;soil_temperature_at_depth_2;soil_temperature_at_depth_3 ;soil_temperature_at_depth_4 ;soil_temperature_at_depth_5 
2024-04-02 13:17:47;17.8;33.9;50.9;45.3;46.5;54.4;22.7 °C;20.8;19.9;19.8;20.4;20.1
2024-04-02 13:27:46;17.8;34.0;51.0;45.3;46.5;54.4;21.8 °C;19.5;19;18.7;19.1;18.9
2024-04-02 13:37:50;17.8;34.1;51.1;45.4;46.5;54.3;21.2 °C;18.9;18.4;18.1;18.5;18.3
2024-04-02 13:47:49;17.8;34.2;51.2;45.5;46.5;54.3;20.9 °C;18.4;18.1;17.7;18.1;17.9
2024-04-02 13:57:48;17.7;34.2;51.2;45.6;46.5;54.4;20.8 °C;18.3;17.9;17.5;17.9;17.8
2024-04-02 14:07:53;17.8;34.2;51.3;45.7;46.5;54.4;20.8 °C;18.1;17.8;17.3;17.7;17.6
2024-04-02 14:17:47;17.8;34.3;51.4;45.7;46.6;54.4;20.9 °C;18;17.8;17.3;17.6;17.5
2024-04-02 14:27:51;17.7;34.3;51.4;45.8;46.6;54.4;20.9 °C;17.9;17.7;17.1;17.5;17.4
2024-04-02 14:37:47;17.8;34.3;51.5;45.9;46.6;54.4;21.1 °C;17.9;17.6;17.1;17.4;17.3
2024-04-02 14:47:50;17.8;34.4;51.6;46.0;46.6;54.4;21.2 °C;17.9;17.6;17;17.4;17.3
2024-04-02 14:57:46;17.8;34.4;51.6;46.1;46.6;54.4;21.3 °C;18;17.6;17;17.3;17.2
2024-04-02 15:07:49;17.8;34.4;51.7;46.2;46.6;54.4;21.3 °C;18;17.6;16.9;17.3;17.2
2024-04-02 15:17:48;17.9;34.5;51.8;46.4;46.6;54.5;21.4 °C;18.1;17.5;16.9;17.3;17.1
2024-04-02 15:27:48;17.9;34.5;51.9;46.5;46.7;54.5;21.4 °C;18.1;17.5;16.9;17.2;17.1
2024-04-02 15:37:50;17.9;34.6;52.0;46.6;46.7;54.5;21.4 °C;18.1;17.5;16.9;17.2;17.1
2024-04-02 15:47:49;17.9;34.6;52.1;46.7;46.7;54.5;21.4 °C;18.2;17.5;16.9;17.1;17.1
2024-04-02 15:57:47;17.9;34.6;52.2;46.9;46.7;54.5;21.4 °C;18.3;17.5;16.8;17.1;17.1
2024-04-02 16:07:52;17.9;34.7;52.4;47.0;46.7;54.5;21.5 °C;18.3;17.5;16.8;17.1;17
2024-04-02 16:17:47;17.9;34.7;52.4;47.2;46.7;54.5;21.5 °C;18.4;17.5;16.8;17.1;17
2024-04-02 16:27:50;17.9;34.8;52.5;47.4;46.8;54.5;21.5 °C;18.4;17.5;16.8;17.1;17
2024-04-02 16:37:47;17.9;34.8;52.7;47.6;46.8;54.6;21.5 °C;18.5;17.6;16.8;17.1;17
2024-04-02 16:47:50;17.9;34.9;52.8;47.8;46.8;54.6;21.5 °C;18.5;17.6;16.8;17.1;17
2024-04-02 16:57:46;17.9;34.9;52.9;48.0;46.8;54.6;21.5 °C;18.6;17.6;16.8;17.1;16.9
2024-04-02 17:07:49;18.0;34.9;53.0;48.3;46.8;54.6;21.4 °C;18.6;17.6;16.8;17;16.9
2024-04-02 17:17:48;18.0;35.0;53.0;48.4;46.8;54.6;21.4 °C;18.7;17.6;16.8;17;16.9
2024-04-02 17:27:46;18.0;35.0;53.2;48.6;46.8;54.6;21.4 °C;18.8;17.6;16.8;17;16.9
2024-04-02 17:37:46;18.0;35.0;53.2;48.8;46.8;54.6;21.3 °C;18.8;17.6;16.8;17;16.9
2024-04-02 17:47:49;18.0;35.1;53.3;49.0;46.9;54.6;21.3 °C;18.8;17.6;16.8;17;16.9
2024-04-02 17:57:47;18.0;35.1;53.4;49.1;46.9;54.7;21.2 °C;18.9;17.7;16.8;17;16.9
2024-04-02 18:07:52;18.0;35.1;53.5;49.2;46.9;54.7;21.1 °C;18.9;17.7;16.8;17;16.9
2024-04-02 18:17:50;18.0;35.2;53.5;49.4;46.9;54.7;21 °C;18.9;17.7;16.8;17;16.9
2024-04-02 18:27:50;18.0;35.2;53.6;49.5;46.9;54.7;20.9 °C;18.9;17.8;16.8;16.9;16.9
2024-04-02 18:37:47;18.0;35.2;53.6;49.7;47.0;54.7;20.8 °C;19;17.8;16.8;16.9;16.9
2024-04-02 18:47:50;18.0;35.3;53.7;49.7;46.9;54.7;20.8 °C;19;17.8;16.8;16.9;16.9
2024-04-02 18:57:50;18.1;35.3;53.7;49.9;47.0;54.7;20.6 °C;19.1;17.8;16.8;16.9;16.9
2024-04-02 19:07:49;18.1;35.3;53.7;50.0;47.0;54.7;20.5 °C;19.1;17.8;16.8;16.9;16.9
2024-04-02 19:17:48;18.1;35.3;53.8;50.0;47.0;54.7;20.4 °C;19.1;17.9;16.8;16.9;16.9
2024-04-02 19:27:45;18.0;35.3;53.8;50.1;47.0;54.7;20.3 °C;19.1;17.9;16.8;16.9;16.9
2024-04-02 19:37:51;18.0;35.4;53.9;50.2;47.0;54.7;20.2 °C;19.1;17.9;16.8;16.9;16.9
2024-04-02 19:47:47;18.1;35.4;53.9;50.2;47.0;54.7;20.1 °C;19.1;17.9;16.8;16.9;16.9
2024-04-02 19:57:52;18.1;35.4;54.0;50.3;47.0;54.7;20 °C;19.1;17.9;16.8;16.9;16.9
2024-04-02 20:07:49;18.1;35.4;54.0;50.3;47.0;54.8;19.9 °C;19.1;17.9;16.8;16.9;16.8
2024-04-02 20:17:52;18.1;35.4;54.0;50.4;47.1;54.8;19.8 °C;19.1;18;16.8;16.9;16.8
2024-04-02 20:27:50;18.1;35.4;54.0;50.4;47.1;54.8;19.7 °C;19.1;18;16.8;16.9;16.8
2024-04-02 20:37:49;18.1;35.6;54.1;50.5;47.1;54.8;19.6 °C;19.1;18;16.9;16.9;16.8
2024-04-02 20:47:52;18.1;35.5;54.1;50.5;47.1;54.8;19.5 °C;19.1;18.1;16.9;16.9;16.8
2024-04-02 20:57:48;18.1;35.5;54.1;50.5;47.1;54.8;19.4 °C;19.1;18.1;16.9;16.9;16.8
2024-04-02 21:07:46;18.1;35.5;54.2;50.6;47.1;54.8;19.3 °C;19.1;18.1;16.9;16.9;16.8
2024-04-02 21:17:49;18.1;35.5;54.2;50.6;47.1;54.8;19.2 °C;19.1;18.1;16.9;16.9;16.8
2024-04-02 21:27:52;18.2;35.5;54.2;50.6;47.1;54.8;19.1 °C;19.1;18.1;16.9;16.9;16.8
2024-04-02 21:37:49;18.2;35.5;54.3;50.6;47.1;54.8;19 °C;19.1;18.1;16.9;16.9;16.8
2024-04-02 21:47:48;18.2;35.5;54.3;50.7;47.2;54.8;18.9 °C;19.1;18.1;16.9;16.9;16.8
2024-04-02 21:57:45;18.1;35.5;54.3;50.7;47.2;54.8;18.8 °C;19.1;18.1;16.9;16.9;16.8
2024-04-02 22:07:52;18.2;35.5;54.3;50.7;47.2;54.8;18.7 °C;19;18.1;16.9;16.9;16.8
2024-04-02 22:17:44;18.2;35.5;54.3;50.8;47.2;54.9;18.6 °C;19;18.1;16.9;16.9;16.8
2024-04-02 22:27:47;18.2;35.5;54.3;50.8;47.2;54.9;18.5 °C;19;18.2;16.9;16.9;16.8
2024-04-02 22:37:51;18.2;35.5;54.3;50.8;47.2;54.9;18.4 °C;18.9;18.2;16.9;17;16.8
2024-04-02 22:47:48;18.2;35.5;54.3;50.8;47.2;54.9;18.3 °C;18.9;18.2;17;17;16.8
2024-04-02 22:57:49;18.2;35.5;54.4;50.8;47.2;54.9;18.3 °C;18.9;18.2;17;17;16.8
2024-04-02 23:07:48;18.2;35.5;54.4;50.8;47.2;54.9;18.1 °C;18.9;18.2;17;17;16.8
2024-04-02 23:17:46;18.2;35.5;54.4;50.8;47.2;54.9;18 °C;18.8;18.2;17;17;16.8
2024-04-02 23:27:46;18.2;35.5;54.4;50.9;47.2;54.9;17.9 °C;18.8;18.2;17;17;16.8
2024-04-02 23:37:49;18.2;35.5;54.5;50.9;47.2;54.9;17.8 °C;18.8;18.2;17;17;16.8
2024-04-02 23:47:45;18.2;35.5;54.6;50.9;47.2;54.9;17.8 °C;18.8;18.2;17;17;16.8
2024-04-02 23:57:47;18.2;35.5;54.6;50.9;47.3;54.9;17.6 °C;18.7;18.2;17.1;17;16.8
2024-04-03 00:07:52;18.2;35.5;54.7;50.9;47.3;54.9;17.6 °C;18.7;18.2;17.1;17;16.8
2024-04-03 00:17:46;18.2;35.5;54.7;51.0;47.2;54.9;17.4 °C;18.6;18.2;17.1;17;16.8
2024-04-03 00:27:46;18.2;35.5;54.7;51.0;47.3;54.9;17.4 °C;18.6;18.2;17.1;17;16.8
2024-04-03 00:37:45;18.2;35.5;54.8;51.0;47.3;54.9;17.3 °C;18.6;18.2;17.1;17;16.8
2024-04-03 00:47:52;18.2;35.5;54.8;51.0;47.3;54.9;17.2 °C;18.6;18.2;17.1;17;16.8
2024-04-03 00:57:49;18.2;35.5;54.8;51.1;47.3;55.0;17.1 °C;18.5;18.2;17.1;17.1;16.8
2024-04-03 01:07:47;18.2;35.5;54.9;51.1;47.3;55.0;17 °C;18.4;18.2;17.1;17.1;16.8
2024-04-03 01:17:52;18.3;35.5;54.9;51.1;47.3;55.0;16.9 °C;18.4;18.2;17.1;17.1;16.8
2024-04-03 01:27:46;18.3;35.5;55.0;51.2;47.3;55.0;16.9 °C;18.4;18.2;17.1;17.1;16.9
2024-04-03 01:37:50;18.3;35.4;55.0;51.2;47.3;55.0;16.8 °C;18.4;18.2;17.1;17.1;16.9
2024-04-03 01:47:46;18.3;35.5;55.0;51.2;47.4;55.0;16.7 °C;18.3;18.2;17.1;17.1;16.9
2024-04-03 01:57:49;18.3;35.5;55.0;51.2;47.4;55.0;16.6 °C;18.3;18.1;17.1;17.1;16.9
2024-04-03 02:07:48;18.3;35.4;55.1;51.3;47.4;55.0;16.6 °C;18.3;18.1;17.1;17.1;16.9
2024-04-03 02:17:45;18.3;35.4;55.0;51.3;47.4;55.0;16.5 °C;18.2;18.1;17.1;17.1;16.9
2024-04-03 02:27:45;18.3;35.5;55.1;51.3;47.4;55.0;16.4 °C;18.1;18.1;17.1;17.1;16.9
2024-04-03 02:37:51;18.3;35.4;55.1;51.3;47.4;55.0;16.3 °C;18.1;18.1;17.1;17.1;16.9
2024-04-03 02:47:51;18.3;35.4;55.0;51.3;47.4;55.0;16.3 °C;18.1;18.1;17.1;17.1;16.9
2024-04-03 02:57:49;18.4;35.4;55.0;51.3;47.4;55.0;16.2 °C;18;18.1;17.1;17.1;16.9
2024-04-03 03:07:47;18.4;35.4;55.0;51.3;47.4;55.0;16.1 °C;18;18.1;17.1;17.1;16.9
2024-04-03 03:17:48;18.4;35.4;55.0;51.3;47.4;55.0;16.1 °C;17.9;18.1;17.1;17.1;16.9
2024-04-03 03:27:46;18.4;35.4;55.0;51.3;47.4;55.0;16 °C;17.9;18.1;17.1;17.1;16.9
2024-04-03 03:37:50;18.4;35.4;55.0;51.3;47.4;55.0;15.9 °C;17.9;18.1;17.1;17.1;16.9
2024-04-03 03:47:46;18.4;35.4;55.1;51.3;47.4;55.1;15.9 °C;17.8;18.1;17.1;17.1;16.9
2024-04-03 03:57:45;18.4;35.4;55.0;51.3;47.4;55.1;15.8 °C;17.8;18;17.1;17.1;16.9
2024-04-03 04:07:47;18.4;35.4;55.0;51.3;47.4;55.1;15.8 °C;17.8;18;17.1;17.1;16.9
2024-04-03 04:17:45;18.4;35.4;55.0;51.3;47.4;55.1;15.7 °C;17.7;18;17.1;17.1;16.9
2024-04-03 04:27:47;18.4;35.4;55.0;51.3;47.4;55.1;15.6 °C;17.7;18;17.1;17.1;16.9
2024-04-03 04:37:52;18.4;35.4;55.0;51.3;47.5;55.1;15.6 °C;17.6;17.9;17.1;17.1;16.9
2024-04-03 04:47:50;18.4;35.4;55.0;51.2;47.5;55.1;15.5 °C;17.6;17.9;17.1;17.1;16.9
2024-04-03 04:57:45;18.4;35.4;55.0;51.2;47.5;55.1;15.4 °C;17.6;17.9;17.1;17.1;16.9
2024-04-03 05:07:48;18.4;35.4;55.0;51.2;47.5;55.1;15.4 °C;17.5;17.9;17.1;17.1;16.9
2024-04-03 05:17:46;18.4;35.4;55.0;51.2;47.5;55.1;15.3 °C;17.4;17.9;17.1;17.1;16.9
2024-04-03 05:27:50;18.5;35.4;54.9;51.2;47.5;55.1;15.3 °C;17.4;17.9;17.1;17.1;16.9
2024-04-03 05:37:46;18.5;35.4;54.9;51.1;47.5;55.1;15.3 °C;17.4;17.9;17.1;17.1;16.9
2024-04-03 05:47:46;18.5;35.4;54.9;51.2;47.5;55.1;15.2 °C;17.4;17.8;17.1;17.1;16.9
2024-04-03 05:57:45;18.5;35.4;54.9;51.1;47.5;55.1;15.1 °C;17.3;17.8;17.1;17.1;16.9
2024-04-03 06:07:52;18.5;35.4;54.9;51.1;47.5;55.1;15.1 °C;17.3;17.8;17.1;17.1;16.9
2024-04-03 06:17:50;18.5;35.4;54.9;51.1;47.5;55.2;15 °C;17.3;17.8;17.1;17.1;16.9
2024-04-03 06:27:45;18.5;35.4;54.9;51.1;47.5;55.2;15 °C;17.2;17.8;17.1;17.1;16.9
2024-04-03 06:37:47;18.5;35.4;54.9;51.1;47.5;55.2;14.9 °C;17.2;17.8;17.1;17.1;16.9
2024-04-03 06:47:48;18.5;35.4;54.9;51.1;47.5;55.2;14.9 °C;17.1;17.8;17.1;17.1;16.9
2024-04-03 06:57:46;18.5;35.4;54.9;51.1;47.5;55.2;14.8 °C;17.1;17.7;17.1;17.1;16.9
2024-04-03 07:07:46;18.5;35.4;54.9;51.1;47.5;55.2;14.8 °C;17.1;17.7;17.1;17.1;16.9
2024-04-03 07:17:46;18.5;35.4;55.0;51.1;47.5;55.2;14.8 °C;17;17.7;17.1;17.1;16.9
2024-04-03 07:27:46;18.5;35.4;55.0;51.1;47.5;55.2;14.7 °C;17;17.6;17.1;17.1;16.9
2024-04-03 07:37:45;18.5;35.4;55.1;51.1;47.5;55.2;14.7 °C;16.9;17.6;17.1;17.1;16.9
2024-04-03 07:47:45;18.6;35.4;55.1;51.1;47.5;55.2;14.6 °C;16.9;17.6;17.1;17.1;16.9
2024-04-03 07:57:47;18.6;35.4;55.2;51.1;47.5;55.2;14.6 °C;16.9;17.6;17;17.1;16.9
2024-04-03 08:07:52;18.6;35.4;55.2;51.1;47.5;55.2;14.6 °C;16.8;17.6;17;17.1;16.9
2024-04-03 08:17:48;18.6;35.4;55.2;51.2;47.5;55.2;14.6 °C;16.8;17.6;17;17.1;16.9
2024-04-03 08:27:47;18.5;35.4;55.1;51.2;47.5;55.2;14.6 °C;16.8;17.6;17;17.1;16.9
2024-04-03 08:37:51;18.6;35.4;55.1;51.2;47.5;55.2;14.6 °C;16.8;17.5;17;17.1;16.9
2024-04-03 08:47:48;18.6;35.4;55.1;51.2;47.5;55.2;14.6 °C;16.7;17.5;17;17.1;16.9
2024-04-03 08:57:46;18.6;35.4;55.0;51.2;47.5;55.2;14.7 °C;16.7;17.5;17;17.1;16.9
2024-04-03 09:07:46;18.6;35.4;55.0;51.1;47.5;55.2;14.8 °C;16.6;17.4;17;17.1;16.9
2024-04-03 09:17:50;18.6;35.4;54.9;51.1;47.5;55.2;14.8 °C;16.6;17.4;16.9;17.1;16.9
2024-04-03 09:27:46;18.6;35.5;54.9;51.1;47.5;55.3;14.9 °C;16.6;17.4;16.9;17.1;16.9
2024-04-03 09:37:46;18.6;35.4;54.8;51.1;47.5;55.2;15.1 °C;16.6;17.4;16.9;17.1;16.9
2024-04-03 09:47:46;18.6;35.4;54.8;51.1;47.5;55.2;15.2 °C;16.5;17.4;16.9;17.1;16.9
2024-04-03 09:57:49;18.6;35.4;54.7;51.1;47.5;55.3;15.3 °C;16.5;17.4;16.9;17.1;16.9
2024-04-03 10:07:48;18.6;35.4;54.7;51.1;47.5;55.3;15.4 °C;16.5;17.3;16.9;17.1;16.9
2024-04-03 10:17:48;18.6;35.4;54.6;51.0;47.5;55.2;15.6 °C;16.5;17.3;16.9;17.1;16.9
2024-04-03 10:27:46;18.6;35.4;54.6;51.0;47.5;55.3;15.8 °C;16.4;17.3;16.9;17.1;16.9
2024-04-03 10:37:47;18.6;35.4;54.5;51.0;47.5;55.3;15.9 °C;16.4;17.3;16.9;17.1;16.9
2024-04-03 10:47:51;18.6;35.4;54.5;51.0;47.6;55.3;16.1 °C;16.4;17.3;16.9;17.1;16.9
2024-04-03 10:57:48;18.6;35.4;54.5;51.0;47.5;55.3;16.3 °C;16.4;17.3;16.9;17.1;16.9
2024-04-03 11:07:50;18.6;35.4;54.5;51.0;47.5;55.3;16.5 °C;16.4;17.3;16.9;17.1;16.9
2024-04-03 11:17:46;18.6;35.4;54.5;51.0;47.6;55.3;16.7 °C;16.4;17.2;16.9;17.1;16.9
2024-04-03 11:27:49;18.6;35.4;54.5;51.0;47.6;55.3;16.8 °C;16.5;17.2;16.9;17.1;16.9
2024-04-03 11:37:44;18.6;35.4;54.5;51.0;47.5;55.3;16.9 °C;16.5;17.2;16.8;17.1;16.9
2024-04-03 11:47:51;18.6;35.5;54.5;51.0;47.5;55.3;17 °C;16.5;17.2;16.8;17.1;16.9
2024-04-03 11:57:51;18.6;35.5;54.5;51.0;47.5;55.3;17.1 °C;16.6;17.1;16.8;17.1;16.9
2024-04-03 12:07:47;18.6;35.5;54.5;51.0;47.5;55.3;17.3 °C;16.6;17.1;16.8;17.1;16.9
2024-04-03 12:17:49;18.6;35.5;54.5;51.0;47.5;55.3;17.4 °C;16.6;17.1;16.8;17.1;16.9
2024-04-03 12:27:52;18.6;35.5;54.5;51.0;47.5;55.3;17.6 °C;16.6;17.1;16.8;17.1;16.9
2024-04-03 12:37:46;18.6;35.5;54.6;51.1;47.5;55.3;17.8 °C;16.6;17.1;16.8;17.1;16.9
2024-04-03 12:47:45;18.6;35.5;54.5;51.1;47.6;55.3;17.9 °C;16.7;17.1;16.8;17.1;16.9
2024-04-03 12:57:52;18.6;35.6;54.6;51.1;47.5;55.3;18.2 °C;16.7;17.1;16.8;17.1;16.9
2024-04-03 13:07:46;18.6;35.6;54.6;51.1;47.5;55.3;18.4 °C;16.8;17.1;16.8;17.1;16.9
2024-04-03 13:17:46;18.6;35.6;54.6;51.2;47.5;55.3;18.6 °C;16.8;17.1;16.8;17.1;16.9
2024-04-03 13:27:46;18.6;35.6;54.6;51.2;47.5;55.3;18.8 °C;16.8;17.1;16.8;17.1;16.9
2024-04-03 13:37:49;18.6;35.6;54.7;51.2;47.6;55.3;19 °C;16.9;17.1;16.8;17.1;16.9
2024-04-03 13:47:44;18.6;35.6;54.7;51.3;47.5;55.3;19.2 °C;16.9;17.1;16.7;17.1;16.9
2024-04-03 13:57:46;18.6;35.6;54.7;51.3;47.5;55.3;19.4 °C;16.9;17.1;16.7;17.1;16.9
2024-04-03 14:07:50;18.6;35.6;54.8;51.3;47.5;55.3;19.6 °C;17;17.1;16.7;17.1;16.9
2024-04-03 14:17:46;18.6;35.6;54.8;51.4;47.5;55.3;19.8 °C;17.1;17.1;16.7;17.1;16.9
2024-04-03 14:27:50;18.6;35.7;54.8;51.5;47.5;55.3;19.9 °C;17.1;17.1;16.7;17;16.9
2024-04-03 14:37:51;18.5;35.7;54.9;51.5;47.5;55.3;20 °C;17.2;17.1;16.7;17;16.9
2024-04-03 14:47:47;18.5;35.7;54.9;51.5;47.5;55.3;20.1 °C;17.3;17.1;16.7;17;16.9
2024-04-03 14:57:51;18.5;35.7;54.9;51.6;47.5;55.3;20.2 °C;17.3;17.1;16.7;17;16.9
2024-04-03 15:07:45;18.6;35.7;55.0;51.7;47.5;55.3;20.3 °C;17.4;17.1;16.7;17;16.9
2024-04-03 15:17:52;18.5;35.7;55.0;51.7;47.5;55.3;20.3 °C;17.4;17.1;16.6;17;16.9
2024-04-03 15:27:50;18.5;35.8;55.0;51.8;47.5;55.3;20.3 °C;17.5;17.1;16.6;17;16.9
2024-04-03 15:37:50;18.5;35.8;55.1;51.8;47.5;55.3;20.3 °C;17.6;17.1;16.6;17;16.9
2024-04-03 15:47:46;18.5;35.8;55.1;51.9;47.5;55.3;20.3 °C;17.6;17.1;16.6;17;16.9
2024-04-03 15:57:49;18.5;35.8;55.1;51.9;47.5;55.3;20.3 °C;17.7;17.2;16.6;17;16.9
2024-04-03 16:07:49;18.4;35.8;55.1;52.0;47.5;55.3;20.3 °C;17.8;17.2;16.6;17;16.9
2024-04-03 16:17:51;18.5;35.8;55.1;52;47.5;55.4;20.2 °C;17.8;17.2;16.6;17;16.9
2024-04-03 16:27:48;18.4;35.8;55.2;52.0;47.5;55.4;20.2 °C;17.9;17.3;16.6;17;16.9
2024-04-03 16:37:50;18.4;35.8;55.2;52.1;47.6;55.4;20.2 °C;17.9;17.3;16.6;17;16.9
2024-04-03 16:47:47;18.5;35.8;55.2;52.1;47.5;55.4;20.2 °C;18;17.3;16.6;17;16.9
2024-04-03 16:57:48;18.4;35.8;55.2;52.1;47.6;55.4;20.1 °C;18;17.3;16.6;17;16.9
2024-04-03 17:07:45;18.4;35.8;55.2;52.2;47.6;55.4;20.1 °C;18.1;17.3;16.6;16.9;16.9
2024-04-03 17:17:49;18.4;35.9;55.3;52.2;47.6;55.4;20.1 °C;18.1;17.3;16.6;16.9;16.9
2024-04-03 17:27:48;18.4;35.9;55.3;52.2;47.6;55.4;20.1 °C;18.1;17.4;16.6;16.9;16.9
2024-04-03 17:37:49;18.4;35.9;55.3;52.2;47.6;55.4;20.1 °C;18.2;17.4;16.6;16.9;16.9
2024-04-03 17:47:44;18.4;35.9;55.3;52.2;47.6;55.4;20.1 °C;18.3;17.4;16.6;16.9;16.9
2024-04-03 17:57:51;18.4;35.9;55.3;52.2;47.6;55.4;20.1 °C;18.3;17.4;16.6;16.9;16.9
2024-04-03 18:07:51;18.4;35.9;55.3;52.2;47.6;55.4;20.1 °C;18.3;17.4;16.6;16.9;16.9
2024-04-03 18:17:44;18.4;35.9;55.3;52.2;47.6;55.4;20 °C;18.3;17.4;16.7;16.9;16.9
2024-04-03 18:27:47;18.4;35.9;55.3;52.2;47.6;55.4;20 °C;18.4;17.5;16.7;16.9;16.9
2024-04-03 18:37:47;18.4;35.9;55.3;52.3;47.6;55.4;19.9 °C;18.4;17.5;16.7;16.9;16.9
2024-04-03 18:47:44;18.4;35.9;55.4;52.3;47.6;55.4;19.9 °C;18.4;17.5;16.7;16.9;16.9
2024-04-03 18:57:46;18.4;35.9;55.4;52.3;47.6;55.4;19.8 °C;18.4;17.6;16.7;16.9;16.9
2024-04-03 19:07:50;18.4;35.9;55.4;52.3;47.6;55.4;19.8 °C;18.4;17.6;16.7;16.9;16.9
2024-04-03 19:17:51;18.4;35.9;55.4;52.3;47.6;55.4;19.6 °C;18.4;17.6;16.7;16.9;16.9
2024-04-03 19:27:52;18.4;35.9;55.4;52.3;47.6;55.4;19.6 °C;18.5;17.6;16.7;16.9;16.9
2024-04-03 19:37:50;18.4;35.9;55.4;52.3;47.6;55.4;19.4 °C;18.5;17.6;16.7;16.9;16.9
2024-04-03 19:47:49;18.5;35.9;55.4;52.3;47.6;55.4;19.3 °C;18.5;17.6;16.7;16.9;16.9
2024-04-03 19:57:48;18.4;35.9;55.5;52.3;47.7;55.4;19.2 °C;18.5;17.7;16.8;16.9;16.9
2024-04-03 20:07:50;18.5;35.9;55.5;52.3;47.7;55.4;19.1 °C;18.5;17.7;16.8;16.9;16.9
2024-04-03 20:17:46;18.5;35.9;55.5;52.3;47.7;55.4;19 °C;18.6;17.7;16.8;16.9;16.9
2024-04-03 20:27:47;18.5;35.9;55.5;52.3;47.7;55.4;18.9 °C;18.6;17.7;16.8;16.9;16.9
2024-04-03 20:37:48;18.5;35.9;55.5;52.3;47.7;55.4;18.8 °C;18.5;17.8;16.8;16.9;16.9
2024-04-03 20:47:45;18.4;36.0;55.5;52.3;47.7;55.4;18.6 °C;18.5;17.8;16.8;16.9;16.9
2024-04-03 20:57:45;18.5;35.9;55.5;52.3;47.7;55.4;18.5 °C;18.5;17.8;16.8;16.9;16.9
2024-04-03 21:07:48;18.5;35.9;55.5;52.3;47.7;55.4;18.4 °C;18.5;17.8;16.8;16.9;16.9
2024-04-03 21:17:49;18.5;35.9;55.6;52.3;47.7;55.4;18.3 °C;18.5;17.8;16.8;16.9;16.9
2024-04-03 21:27:44;18.5;35.9;55.6;52.3;47.7;55.4;18.2 °C;18.5;17.8;16.8;16.9;16.9
2024-04-03 21:37:46;18.5;35.9;55.6;52.3;47.7;55.4;18.1 °C;18.5;17.8;16.8;16.9;16.9
2024-04-03 21:47:50;18.5;35.9;55.6;52.3;47.7;55.4;18 °C;18.4;17.8;16.8;16.9;16.9
2024-04-03 21:57:47;18.5;35.9;55.6;52.3;47.7;55.4;17.9 °C;18.4;17.8;16.8;17;16.9
2024-04-03 22:07:51;18.5;36.0;55.6;52.3;47.7;55.4;17.8 °C;18.4;17.8;16.8;17;16.9
2024-04-03 22:17:48;18.5;35.9;55.6;52.3;47.7;55.4;17.7 °C;18.4;17.9;16.8;17;16.9
2024-04-03 22:27:51;18.5;35.9;55.6;52.3;47.7;55.4;17.6 °C;18.4;17.9;16.9;17;16.9
2024-04-03 22:37:51;18.5;35.9;55.6;52.3;47.7;55.4;17.5 °C;18.4;17.9;16.9;17;16.9
2024-04-03 22:47:45;18.5;35.9;55.6;52.3;47.7;55.4;17.4 °C;18.3;17.9;16.9;17;16.9
2024-04-03 22:57:49;18.5;35.9;55.6;52.2;47.7;55.4;17.3 °C;18.3;17.9;16.9;17;16.9
2024-04-03 23:07:52;18.5;35.9;55.6;52.2;47.7;55.4;17.3 °C;18.3;17.9;16.9;17;16.9
2024-04-03 23:17:46;18.5;35.9;55.6;52.2;47.7;55.4;17.1 °C;18.3;17.9;16.9;17;16.9
2024-04-03 23:27:45;18.5;35.9;55.6;52.2;47.7;55.4;17.1 °C;18.2;17.9;16.9;17;16.9
2024-04-03 23:37:49;18.5;35.9;55.6;52.2;47.7;55.4;17 °C;18.2;17.9;16.9;17;16.9
2024-04-03 23:47:48;18.6;35.9;55.6;52.2;47.7;55.4;16.9 °C;18.1;17.9;16.9;17;16.9
2024-04-03 23:57:47;18.6;35.9;55.6;52.2;47.7;55.4;16.8 °C;18.1;17.9;16.9;17;16.9
2024-04-04 00:07:48;18.6;35.9;55.6;52.2;47.7;55.4;16.8 °C;18.1;17.9;16.9;17;16.9
2024-04-04 00:17:51;18.6;35.9;55.6;52.1;47.7;55.4;16.6 °C;18.1;17.9;16.9;17;16.9
2024-04-04 00:27:45;18.9;35.9;55.6;52.1;47.7;55.4;16.6 °C;18;17.9;16.9;17;16.9
2024-04-04 00:37:47;18.7;35.9;55.6;52.1;47.7;55.4;16.5 °C;18;17.9;16.9;17;16.9
2024-04-04 00:47:44;18.7;35.9;55.6;52.1;47.7;55.4;16.4 °C;17.9;17.9;16.9;17;16.9
2024-04-04 00:57:50;18.7;35.9;55.5;52.1;47.7;55.4;16.3 °C;17.9;17.9;16.9;17.1;16.9
2024-04-04 01:07:50;18.7;35.9;55.5;52.1;47.7;55.5;16.3 °C;17.9;17.9;16.9;17.1;16.9
2024-04-04 01:17:51;18.7;35.8;55.5;52.1;47.7;55.4;16.2 °C;17.9;17.9;16.9;17.1;16.9
2024-04-04 01:27:52;18.7;35.8;55.5;52.0;47.7;55.5;16.1 °C;17.8;17.9;16.9;17.1;16.9
2024-04-04 01:37:45;18.7;35.8;55.5;52.0;47.7;55.4;16 °C;17.8;17.9;16.9;17.1;16.9
2024-04-04 01:47:48;18.7;35.8;55.5;52.0;47.7;55.5;15.9 °C;17.8;17.8;16.9;17.1;16.9
2024-04-04 01:57:50;18.7;35.8;55.5;52.0;47.7;55.4;15.8 °C;17.7;17.8;17;17.1;16.9
2024-04-04 02:07:46;18.7;35.8;55.5;51.9;47.7;55.4;15.8 °C;17.7;17.8;17;17.1;16.9
2024-04-04 02:17:50;18.7;35.8;55.4;51.9;47.7;55.5;15.7 °C;17.6;17.8;17;17.1;16.9
2024-04-04 02:27:46;18.7;35.8;55.4;51.9;47.7;55.5;15.6 °C;17.6;17.8;17;17.1;16.9
2024-04-04 02:37:46;18.7;35.8;55.4;51.9;47.7;55.5;15.6 °C;17.6;17.8;17;17.1;16.9
2024-04-04 02:47:51;18.7;35.8;55.4;51.9;47.7;55.5;15.5 °C;17.5;17.8;17;17.1;16.9
2024-04-04 02:57:47;18.7;35.8;55.4;51.8;47.7;55.5;15.4 °C;17.5;17.8;17;17.1;16.9
2024-04-04 03:07:49;18.8;35.8;55.4;51.8;47.7;55.5;15.4 °C;17.4;17.8;17;17.1;16.9
2024-04-04 03:17:44;18.8;35.8;55.4;51.8;47.7;55.5;15.3 °C;17.4;17.8;17;17.1;16.9
2024-04-04 03:27:51;18.8;35.8;55.4;51.8;47.7;55.5;15.3 °C;17.4;17.8;17;17.1;16.9
2024-04-04 03:37:48;18.8;35.8;55.4;51.8;47.7;55.5;15.2 °C;17.3;17.7;17;17.1;16.9
2024-04-04 03:47:50;18.8;35.8;55.3;51.8;47.7;55.5;15.1 °C;17.3;17.7;17;17.1;16.9
2024-04-04 03:57:50;18.8;35.7;55.3;51.8;47.7;55.5;15.1 °C;17.3;17.7;16.9;17.1;16.9
2024-04-04 04:07:46;18.8;35.7;55.3;51.7;47.7;55.5;15 °C;17.2;17.7;17;17.1;16.9
2024-04-04 04:17:47;18.8;35.7;55.2;51.7;47.7;55.5;14.9 °C;17.2;17.6;16.9;17.1;16.9
2024-04-04 04:27:47;18.8;35.8;55.2;51.7;47.7;55.5;14.9 °C;17.1;17.6;17;17.1;16.9
2024-04-04 04:37:45;18.9;35.8;55.2;51.7;47.7;55.5;14.8 °C;17.1;17.6;16.9;17.1;16.9
2024-04-04 04:47:45;18.8;35.7;55.2;51.7;47.7;55.5;14.8 °C;17.1;17.6;16.9;17.1;16.9
2024-04-04 04:57:48;18.9;35.7;55.2;51.7;47.7;55.5;14.8 °C;17;17.6;16.9;17.1;16.9
2024-04-04 05:07:49;18.8;35.7;55.2;51.7;47.7;55.5;14.7 °C;17;17.6;16.9;17.1;16.9
2024-04-04 05:17:45;18.8;35.7;55.2;51.6;47.7;55.5;14.6 °C;16.9;17.6;16.9;17.1;17
2024-04-04 05:27:44;18.9;35.7;55.2;51.6;47.7;55.5;14.6 °C;16.9;17.6;16.9;17.1;16.9
2024-04-04 05:37:47;18.9;35.7;55.1;51.6;47.7;55.5;14.6 °C;16.9;17.5;16.9;17.1;16.9
2024-04-04 05:47:45;18.9;35.7;55.1;51.6;47.7;55.5;14.5 °C;16.8;17.5;16.9;17.1;17
2024-04-04 05:57:47;18.9;35.7;55.1;51.6;47.7;55.5;14.4 °C;16.8;17.5;16.9;17.1;17
2024-04-04 06:07:48;18.9;35.7;55.1;51.6;47.7;55.5;14.4 °C;16.8;17.5;16.9;17.1;17
2024-04-04 06:17:47;18.9;35.7;55.1;51.6;47.7;55.5;14.4 °C;16.8;17.4;16.9;17.1;17
2024-04-04 06:27:51;18.9;35.7;55.1;51.5;47.7;55.5;14.3 °C;16.7;17.4;16.9;17.1;17
2024-04-04 06:37:49;18.9;35.7;55.0;51.5;47.7;55.5;14.3 °C;16.6;17.4;16.9;17.1;17
2024-04-04 06:47:49;18.9;35.6;55.1;51.5;47.7;55.5;14.3 °C;16.6;17.4;16.9;17.1;17
2024-04-04 06:57:48;18.9;35.7;55.0;51.5;47.7;55.5;14.3 °C;16.6;17.4;16.9;17.1;17
2024-04-04 07:07:45;18.9;35.7;55.0;51.5;47.7;55.5;14.2 °C;16.6;17.4;16.9;17.1;17
2024-04-04 07:17:49;18.9;35.6;55.0;51.5;47.7;55.5;14.2 °C;16.5;17.3;16.9;17.1;17
2024-04-04 07:27:49;18.9;35.6;55.0;51.5;47.7;55.5;14.1 °C;16.5;17.3;16.9;17.1;17
2024-04-04 07:37:48;19.0;35.6;55.0;51.4;47.7;55.5;14.1 °C;16.4;17.3;16.9;17.1;17
2024-04-04 07:47:49;18.9;35.6;55.0;51.4;47.7;55.5;14.1 °C;16.4;17.3;16.9;17.1;17
2024-04-04 07:57:48;18.9;35.7;54.9;51.4;47.7;55.5;14.1 °C;16.4;17.3;16.9;17.1;17
2024-04-04 08:07:50;18.9;35.7;54.9;51.4;47.7;55.5;14.1 °C;16.3;17.3;16.9;17.1;17
2024-04-04 08:17:51;18.9;35.7;54.9;51.4;47.7;55.5;14.1 °C;16.3;17.3;16.8;17.1;17
2024-04-04 08:27:45;18.9;35.6;54.9;51.4;47.7;55.5;14.1 °C;16.3;17.2;16.8;17.1;17
2024-04-04 08:37:51;19.0;35.6;54.9;51.4;47.7;55.5;14.2 °C;16.3;17.2;16.8;17.1;17
2024-04-04 08:47:45;19.0;35.6;54.8;51.4;47.7;55.5;14.3 °C;16.3;17.2;16.8;17.1;17
2024-04-04 08:57:49;19.0;35.7;54.9;51.4;47.7;55.5;14.3 °C;16.2;17.1;16.8;17.1;17
2024-04-04 09:07:47;19.0;35.6;54.8;51.4;47.7;55.5;14.4 °C;16.2;17.1;16.8;17.1;17
2024-04-04 09:17:45;19.0;35.6;54.8;51.3;47.7;55.5;14.4 °C;16.1;17.1;16.8;17.1;17
2024-04-04 09:27:44;19.0;35.6;54.8;51.3;47.7;55.5;14.6 °C;16.1;17.1;16.8;17.1;17
2024-04-04 09:37:50;19;35.6;54.7;51.3;47.7;55.5;14.7 °C;16.1;17.1;16.8;17.1;17
2024-04-04 09:47:50;19;35.6;54.7;51.3;47.7;55.5;14.8 °C;16.1;17.1;16.8;17.1;17
2024-04-04 09:57:51;19.0;35.6;54.6;51.3;47.7;55.5;14.9 °C;16.1;17;16.8;17.1;17
2024-04-04 10:07:48;19.0;35.6;54.6;51.3;47.7;55.5;15.1 °C;16.1;17;16.8;17.1;17
2024-04-04 10:17:51;19.0;35.6;54.6;51.3;47.7;55.5;15.3 °C;16.1;17;16.8;17.1;17
2024-04-04 10:27:45;19.0;35.6;54.6;51.3;47.7;55.5;15.4 °C;16.1;16.9;16.8;17.1;17
2024-04-04 10:37:51;19.0;35.6;54.6;51.3;47.7;55.5;15.6 °C;16.1;16.9;16.7;17.1;17
2024-04-04 10:47:45;19.0;35.6;54.6;51.3;47.7;55.5;15.8 °C;16.1;16.9;16.7;17.1;17
2024-04-04 10:57:48;19.0;35.6;54.6;51.3;47.7;55.5;15.9 °C;16.1;16.9;16.7;17.1;17
2024-04-04 11:07:47;19.0;35.7;54.5;51.3;47.7;55.5;16.1 °C;16.1;16.9;16.7;17.1;17
2024-04-04 11:17:44;19.0;35.7;54.5;51.3;47.7;55.5;16.3 °C;16.1;16.9;16.7;17.1;17
2024-04-04 11:27:47;19.0;35.7;54.5;51.3;47.7;55.5;16.4 °C;16.1;16.9;16.7;17.1;17
2024-04-04 11:37:47;19.0;35.7;54.5;51.3;47.7;55.5;16.4 °C;16.1;16.9;16.6;17.1;17
2024-04-04 11:47:49;19.0;35.7;54.5;51.3;47.7;55.5;16.6 °C;16.1;16.9;16.6;17;17
2024-04-04 11:57:44;19.0;35.7;54.5;51.3;47.7;55.5;16.7 °C;16.1;16.8;16.6;17;17
2024-04-04 12:07:46;19.0;35.7;54.5;51.3;47.7;55.5;16.8 °C;16.2;16.8;16.6;17;17
2024-04-04 12:17:51;19.0;35.7;54.5;51.3;47.7;55.5;16.9 °C;16.2;16.8;16.6;17;17
2024-04-04 12:27:45;19.0;35.8;54.5;51.3;47.7;55.5;17.2 °C;16.3;16.8;16.6;17;17
2024-04-04 12:37:47;19.0;35.8;54.5;51.4;47.7;55.5;17.4 °C;16.3;16.8;16.6;17;17
2024-04-04 12:47:49;19.0;35.8;54.5;51.4;47.7;55.5;17.6 °C;16.3;16.8;16.6;17;17
2024-04-04 12:57:48;19.0;35.8;54.5;51.5;47.7;55.5;17.9 °C;16.3;16.8;16.6;17;17
2024-04-04 13:07:47;19.0;35.8;54.5;51.5;47.7;55.5;18.1 °C;16.4;16.8;16.6;17;17
2024-04-04 13:17:48;19.0;35.8;54.6;51.5;47.7;55.5;18.4 °C;16.4;16.8;16.6;17;17
2024-04-04 13:27:50;19.0;35.8;54.5;51.6;47.7;55.5;18.6 °C;16.4;16.8;16.6;17;17
2024-04-04 13:37:48;19.0;35.8;54.6;51.6;47.7;55.5;18.9 °C;16.5;16.8;16.6;17;17
2024-04-04 13:47:49;19.0;35.8;54.6;51.6;47.7;55.5;19.2 °C;16.6;16.8;16.5;17;17
2024-04-04 13:57:49;19.0;35.8;54.6;51.7;47.7;55.5;19.4 °C;16.6;16.8;16.5;17;17
2024-04-04 14:07:48;19.0;35.9;54.6;51.7;47.7;55.5;19.7 °C;16.7;16.8;16.5;16.9;17
2024-04-04 14:17:47;19.0;35.9;54.6;51.8;47.7;55.5;19.9 °C;16.8;16.8;16.5;16.9;17
2024-04-04 14:27:45;18.9;35.9;54.6;51.8;47.7;55.5;20.1 °C;16.8;16.8;16.5;16.9;16.9
2024-04-04 14:37:49;18.9;35.9;54.7;51.9;47.7;55.5;20.4 °C;16.9;16.8;16.5;16.9;16.9
2024-04-04 14:47:49;18.9;35.9;54.7;52.0;47.7;55.5;20.6 °C;16.9;16.8;16.5;16.9;16.9
2024-04-04 14:57:44;18.9;35.9;54.7;52.0;47.7;55.5;20.8 °C;17;16.8;16.5;16.9;16.9
2024-04-04 15:07:46;18.9;36.0;54.7;52.1;47.7;55.5;20.9 °C;17.1;16.8;16.5;16.9;16.9
2024-04-04 15:17:46;18.9;36.0;54.8;52.2;47.7;55.5;21.1 °C;17.2;16.8;16.5;16.9;16.9
2024-04-04 15:27:46;18.8;36.0;54.8;52.2;47.7;55.5;21.3 °C;17.3;16.9;16.4;16.9;16.9
2024-04-04 15:37:50;18.9;36.0;54.8;52.3;47.7;55.5;21.4 °C;17.4;16.9;16.4;16.9;16.9
2024-04-04 15:47:50;18.9;36.0;54.8;52.4;47.7;55.5;21.6 °C;17.4;16.9;16.4;16.9;16.9
2024-04-04 15:57:51;18.8;36.0;54.8;52.5;47.7;55.5;21.8 °C;17.5;16.9;16.4;16.9;16.9
2024-04-04 16:07:49;18.8;36.1;54.9;52.5;47.7;55.5;21.9 °C;17.6;16.9;16.4;16.9;16.9
2024-04-04 16:17:48;18.8;36.1;54.9;52.6;47.7;55.5;21.9 °C;17.7;16.9;16.4;16.9;16.9
2024-04-04 16:27:51;18.8;36.1;54.9;52.7;47.7;55.5;22.1 °C;17.8;17;16.4;16.9;16.9
2024-04-04 16:37:45;18.8;36.1;54.9;52.7;47.7;55.5;22.2 °C;17.9;17;16.4;16.9;16.9
2024-04-04 16:47:47;18.8;36.1;55.0;52.8;47.7;55.5;22.3 °C;17.9;17;16.4;16.9;16.9
2024-04-04 16:57:50;18.8;36.1;55.0;52.8;47.7;55.5;22.3 °C;18.1;17.1;16.4;16.9;16.9
2024-04-04 17:07:46;18.8;36.2;55.0;52.9;47.7;55.5;22.4 °C;18.1;17.1;16.4;16.9;16.9
2024-04-04 17:17:51;18.8;36.2;55.0;52.9;47.7;55.5;22.4 °C;18.3;17.1;16.4;16.9;16.9
2024-04-04 17:27:44;18.8;36.2;55.1;53.0;47.7;55.5;22.4 °C;18.3;17.1;16.5;16.9;16.9
2024-04-04 17:37:51;18.8;36.2;55.0;53.0;47.7;55.5;22.4 °C;18.4;17.2;16.5;16.9;16.9
2024-04-04 17:47:49;18.8;36.2;55.1;53.0;47.7;55.5;22.4 °C;18.4;17.2;16.5;16.9;16.9
2024-04-04 17:57:47;18.8;36.2;55.1;53.1;47.7;55.5;22.3 °C;18.6;17.3;16.5;16.9;16.9
2024-04-04 18:07:46;18.8;36.2;55.1;53.1;47.7;55.6;22.3 °C;18.6;17.3;16.5;16.9;16.9
2024-04-04 18:17:46;18.8;36.2;55.1;53.1;47.7;55.5;22.2 °C;18.7;17.3;16.5;16.9;16.9
2024-04-04 18:27:47;18.8;36.2;55.2;53.1;47.7;55.6;22.1 °C;18.8;17.4;16.5;16.9;16.9
2024-04-04 18:37:44;18.8;36.2;55.2;53.1;47.8;55.6;22 °C;18.8;17.4;16.5;16.9;16.9
2024-04-04 18:47:46;18.7;36.2;55.2;53.1;47.8;55.6;21.9 °C;18.9;17.4;16.5;16.9;16.9
2024-04-04 18:57:50;18.7;36.3;55.2;53.1;47.8;55.5;21.8 °C;18.9;17.4;16.5;16.9;16.9
2024-04-04 19:07:50;18.7;36.3;55.2;53.1;47.8;55.6;21.7 °C;18.9;17.5;16.6;16.9;16.9
2024-04-04 19:17:51;18.7;36.3;55.2;53.2;47.8;55.5;21.6 °C;19;17.5;16.6;16.9;16.9
2024-04-04 19:27:49;18.7;36.3;55.3;53.2;47.8;55.5;21.4 °C;19.1;17.6;16.6;16.9;16.9
2024-04-04 19:37:48;18.7;36.3;55.3;53.2;47.9;55.5;21.3 °C;19.1;17.6;16.6;16.9;16.9
2024-04-04 19:47:51;18.7;36.3;55.3;53.2;47.9;55.5;21.2 °C;19.1;17.6;16.6;16.9;16.9
2024-04-04 19:57:44;18.7;36.3;55.3;53.1;47.9;55.5;21.1 °C;19.2;17.7;16.6;16.9;16.9
2024-04-04 20:07:48;18.7;36.3;55.3;53.1;47.9;55.5;20.9 °C;19.2;17.7;16.6;16.9;16.9
2024-04-04 20:17:50;18.7;36.3;55.3;53.1;47.9;55.5;20.8 °C;19.2;17.8;16.6;16.9;16.9
2024-04-04 20:27:47;18.7;36.3;55.4;53.2;47.9;55.5;20.6 °C;19.3;17.8;16.6;16.9;16.9
2024-04-04 20:37:49;18.8;36.3;55.4;53.1;48.0;55.5;20.5 °C;19.3;17.8;16.6;16.9;16.9
2024-04-04 20:47:48;18.8;36.3;55.4;53.2;48;55.5;20.4 °C;19.3;17.8;16.7;16.9;16.9
2024-04-04 20:57:51;18.7;36.3;55.4;53.2;48;55.5;20.3 °C;19.3;17.9;16.7;16.9;16.9
2024-04-04 21:07:49;18.8;36.3;55.4;53.1;48.0;55.5;20.1 °C;19.3;17.9;16.7;16.9;16.9
2024-04-04 21:17:47;18.7;36.3;55.4;53.1;48.0;55.5;20 °C;19.3;17.9;16.7;16.9;16.9
2024-04-04 21:27:50;18.8;36.3;55.4;53.1;48.1;55.5;19.9 °C;19.3;17.9;16.8;16.9;16.9
2024-04-04 21:37:46;19.1;36.3;55.4;53.1;48.1;55.5;19.7 °C;19.3;17.9;16.8;16.9;16.9
2024-04-04 21:47:47;19.0;36.3;55.4;53.1;48.1;55.5;19.6 °C;19.3;18;16.8;16.9;16.9
2024-04-04 21:57:43;19.0;36.3;55.4;53.1;48.1;55.5;19.5 °C;19.3;18;16.8;16.9;16.9
2024-04-04 22:07:50;19.0;36.3;55.4;53.1;48.1;55.5;19.4 °C;19.3;18;16.8;16.9;16.9
2024-04-04 22:17:49;19.0;36.3;55.5;53.1;48.1;55.5;19.3 °C;19.2;18.1;16.8;16.9;16.9
2024-04-04 22:27:50;19.2;36.3;55.5;53.1;48.1;55.5;19.1 °C;19.2;18.1;16.8;16.9;16.9
2024-04-04 22:37:50;19.1;36.3;55.5;53.1;48.1;55.5;19 °C;19.2;18.1;16.8;16.9;16.9
2024-04-04 22:47:47;19.2;36.3;55.5;53.0;48.1;55.6;18.9 °C;19.1;18.1;16.9;16.9;16.9
2024-04-04 22:57:43;19.1;36.3;55.5;53.0;48.1;55.6;18.8 °C;19.1;18.1;16.9;16.9;16.9
2024-04-04 23:07:50;19.1;36.3;55.5;53.0;48.1;55.5;18.8 °C;19.1;18.1;16.9;16.9;16.9
2024-04-04 23:17:46;19.3;36.3;55.5;53.0;48.1;55.5;18.6 °C;19.1;18.1;16.9;16.9;16.9
2024-04-04 23:27:50;19.5;36.4;55.5;53.0;48.1;55.6;18.6 °C;19.1;18.1;16.9;16.9;16.9
2024-04-04 23:37:47;19.6;36.5;55.5;53.0;48.1;55.5;18.4 °C;19;18.2;16.9;16.9;16.9
2024-04-04 23:47:50;19.7;36.4;55.5;53.0;48.0;55.5;18.3 °C;19;18.2;16.9;17;16.9
2024-04-04 23:57:50;19.7;36.5;55.5;53.0;48.0;55.5;18.3 °C;18.9;18.2;16.9;17;16.9
2024-04-05 00:07:47;19.7;36.4;55.5;53.0;48.0;55.6;18.1 °C;18.9;18.2;16.9;17;16.9
2024-04-05 00:17:45;19.4;36.4;55.5;52.9;48.0;55.6;18.1 °C;18.9;18.2;16.9;17;16.9
2024-04-05 00:27:48;19.4;36.4;55.5;52.9;48.0;55.6;17.9 °C;18.9;18.2;17;17;16.9
2024-04-05 00:37:51;19.4;36.4;55.5;52.9;48.0;55.6;17.9 °C;18.8;18.2;17;17;16.9
2024-04-05 00:47:48;19.4;36.4;55.5;52.9;48.0;55.6;17.8 °C;18.8;18.2;17;17;16.9
2024-04-05 00:57:47;19.4;36.4;55.5;52.9;48.0;55.6;17.7 °C;18.8;18.2;17;17;16.9
2024-04-05 01:07:44;19.4;36.4;55.5;52.9;48.0;55.6;17.6 °C;18.8;18.2;17;17;16.9
2024-04-05 01:17:51;19.8;36.4;55.5;52.8;48.0;55.6;17.5 °C;18.7;18.2;17.1;17.1;16.9
2024-04-05 01:27:44;19.8;36.4;55.4;52.8;48.0;55.6;17.4 °C;18.6;18.2;17.1;17.1;16.9
2024-04-05 01:37:47;19.8;36.4;55.4;52.8;48.0;55.6;17.4 °C;18.6;18.2;17.1;17.1;16.9
2024-04-05 01:47:48;19.2;36.3;55.5;52.8;48.0;55.6;17.3 °C;18.6;18.2;17.1;17.1;16.9
2024-04-05 01:57:51;19.3;36.3;55.5;52.8;48.0;55.6;17.2 °C;18.6;18.2;17.1;17.1;16.9
2024-04-05 02:07:48;19.4;36.3;55.5;52.8;48.0;55.6;17.1 °C;18.5;18.2;17.1;17.1;16.9
2024-04-05 02:17:47;19.5;36.3;55.4;52.7;48.0;55.6;17.1 °C;18.5;18.2;17.1;17.1;16.9
2024-04-05 02:27:45;19.1;36.3;55.5;52.7;48.0;55.6;17 °C;18.4;18.2;17.1;17.1;16.9
2024-04-05 02:37:49;19.2;36.3;55.4;52.7;48.0;55.6;16.9 °C;18.4;18.2;17.1;17.1;16.9
2024-04-05 02:47:48;19.2;36.3;55.4;52.7;48.0;55.6;16.8 °C;18.4;18.2;17.1;17.1;16.9
2024-04-05 02:57:44;19.1;36.3;55.4;52.7;48.0;55.6;16.8 °C;18.3;18.2;17.1;17.1;16.9
2024-04-05 03:07:46;19.0;36.3;55.4;52.6;48.0;55.6;16.7 °C;18.3;18.2;17.1;17.1;16.9
2024-04-05 03:17:47;19.1;36.3;55.4;52.6;48.0;55.6;16.6 °C;18.3;18.2;17.1;17.1;16.9
2024-04-05 03:27:45;19.2;36.3;55.4;52.6;48.0;55.6;16.6 °C;18.2;18.1;17.1;17.1;16.9
2024-04-05 03:37:45;19.1;36.2;55.4;52.6;48.0;55.6;16.5 °C;18.2;18.1;17.1;17.1;16.9
2024-04-05 03:47:45;19.1;36.2;55.4;52.6;48.0;55.6;16.4 °C;18.1;18.1;17.1;17.1;17
2024-04-05 03:57:45;19.2;36.2;55.4;52.5;48.0;55.6;16.4 °C;18.1;18.1;17.1;17.1;17
2024-04-05 04:07:45;19.2;36.3;55.4;52.5;48.0;55.6;16.3 °C;18.1;18.1;17.1;17.1;17
2024-04-05 04:17:44;19.2;36.2;55.4;52.5;48.0;55.6;16.3 °C;18;18.1;17.1;17.1;17
2024-04-05 04:27:47;19.3;36.2;55.3;52.5;48.0;55.6;16.2 °C;18;18.1;17.1;17.1;17
2024-04-05 04:37:48;19.2;36.2;55.3;52.5;48.0;55.6;16.1 °C;17.9;18.1;17.1;17.1;17
2024-04-05 04:47:43;19.3;36.2;55.3;52.4;47.9;55.6;16.1 °C;17.9;18.1;17.1;17.2;17
2024-04-05 04:57:46;19.3;36.2;55.3;52.4;47.9;55.6;16 °C;17.9;18.1;17.1;17.2;17
2024-04-05 05:07:50;19.4;36.2;55.3;52.4;47.9;55.6;15.9 °C;17.8;18.1;17.1;17.2;17
2024-04-05 05:17:47;19.2;36.2;55.3;52.4;47.9;55.6;15.9 °C;17.8;18;17.2;17.2;17
2024-04-05 05:27:49;19.5;36.2;55.3;52.4;47.9;55.6;15.8 °C;17.8;18;17.1;17.2;17
2024-04-05 05:37:45;19.6;36.2;55.3;52.3;47.9;55.6;15.8 °C;17.7;18;17.1;17.2;17
2024-04-05 05:47:49;19.6;36.2;55.2;52.3;47.9;55.6;15.8 °C;17.7;18;17.1;17.2;17
2024-04-05 05:57:45;19.6;36.1;55.2;52.3;47.9;55.6;15.7 °C;17.6;18;17.1;17.2;17
2024-04-05 06:07:49;19.6;36.1;55.3;52.3;47.9;55.6;15.6 °C;17.6;17.9;17.1;17.2;17
2024-04-05 06:17:44;19.6;36.1;55.2;52.2;47.9;55.6;15.6 °C;17.6;17.9;17.1;17.2;17
2024-04-05 06:27:51;19.6;36.1;55.2;52.2;47.9;55.6;15.5 °C;17.5;17.9;17.1;17.2;17
2024-04-05 06:37:49;19.6;36.1;55.2;52.2;47.9;55.6;15.4 °C;17.5;17.9;17.1;17.2;17
2024-04-05 06:47:49;19.6;36.1;55.2;52.2;47.9;55.6;15.4 °C;17.4;17.9;17.1;17.2;17
2024-04-05 06:57:45;19.6;36.1;55.2;52.2;47.9;55.6;15.3 °C;17.4;17.9;17.1;17.2;17.1
2024-04-05 07:07:48;19.6;36.1;55.2;52.2;47.9;55.6;15.3 °C;17.4;17.9;17.1;17.2;17.1
2024-04-05 07:17:51;19.6;36.1;55.2;52.1;47.9;55.6;15.3 °C;17.3;17.8;17.1;17.2;17.1
2024-04-05 07:27:45;19.6;36.1;55.2;52.1;47.9;55.6;15.2 °C;17.3;17.8;17.1;17.2;17.1
2024-04-05 07:37:45;19.6;36.1;55.1;52.1;47.9;55.6;15.2 °C;17.3;17.8;17.1;17.3;17.1
2024-04-05 07:47:49;19.6;36.1;55.1;52.1;47.9;55.6;15.1 °C;17.3;17.8;17.1;17.3;17.1
2024-04-05 07:57:49;19.4;36.1;55.1;52.1;47.9;55.6;15.1 °C;17.2;17.8;17.1;17.3;17.1
2024-04-05 08:07:45;19.4;36.1;55.1;52.1;47.9;55.6;15.1 °C;17.2;17.8;17.1;17.3;17.1
2024-04-05 08:17:44;19.4;36.1;55.1;52.1;47.9;55.6;15.1 °C;17.1;17.8;17.1;17.3;17.1
2024-04-05 08:27:48;19.4;36.1;55.1;52.1;47.9;55.6;15.1 °C;17.1;17.8;17.1;17.3;17.1
2024-04-05 08:37:51;19.4;36.1;55.1;52.0;47.9;55.6;15.2 °C;17.1;17.7;17.1;17.3;17.1
2024-04-05 08:47:48;19.4;36.1;55.0;52.0;47.9;55.6;15.2 °C;17;17.7;17.1;17.3;17.1
2024-04-05 08:57:43;19.5;36.1;55.0;52.0;47.9;55.6;15.3 °C;17;17.7;17.1;17.3;17.1
2024-04-05 09:07:49;19.5;36.1;55.0;52.0;47.9;55.6;15.3 °C;17;17.6;17.1;17.3;17.1
2024-04-05 09:17:45;19.5;36.1;55.0;51.9;47.9;55.6;15.4 °C;16.9;17.6;17.1;17.3;17.1
2024-04-05 09:27:46;19.5;36.1;54.9;51.9;47.9;55.6;15.5 °C;16.9;17.6;17.1;17.3;17.1
2024-04-05 09:37:51;19.5;36.1;54.9;51.9;47.9;55.6;15.6 °C;16.9;17.6;17.1;17.3;17.1
2024-04-05 09:47:44;19.5;36.1;54.9;51.9;47.9;55.6;15.8 °C;16.9;17.6;17.1;17.3;17.1
2024-04-05 09:57:43;19.5;36.1;54.9;51.9;47.9;55.6;15.9 °C;16.9;17.6;17.1;17.3;17.1
2024-04-05 10:07:46;19.5;36.1;54.9;51.9;47.9;55.6;16.1 °C;16.8;17.6;17.1;17.3;17.1
2024-04-05 10:17:47;19.5;36.1;54.9;51.9;47.9;55.6;16.3 °C;16.8;17.5;17.1;17.3;17.1
2024-04-05 10:27:49;19.6;36.1;54.9;51.9;47.9;55.6;16.4 °C;16.8;17.5;17;17.3;17.1
2024-04-05 10:37:45;19.6;36.1;54.9;51.9;47.9;55.6;16.6 °C;16.8;17.5;17;17.3;17.1
2024-04-05 10:47:44;19.6;36.1;54.8;51.9;47.9;55.6;16.8 °C;16.8;17.4;17;17.3;17.1
2024-04-05 10:57:43;19.6;36.1;54.8;51.9;47.9;55.6;16.9 °C;16.8;17.4;17;17.3;17.1
2024-04-05 11:07:50;19.5;36.1;54.8;51.9;47.9;55.6;17.1 °C;16.8;17.4;17;17.3;17.1
2024-04-05 11:17:50;19.6;36.1;54.8;51.9;47.9;55.6;17.3 °C;16.8;17.4;17;17.3;17.1
2024-04-05 11:27:48;19.6;36.1;54.8;51.9;47.9;55.6;17.4 °C;16.8;17.4;17;17.2;17.1
2024-04-05 11:37:47;19.6;36.1;54.8;51.9;47.9;55.6;17.4 °C;16.9;17.4;17;17.2;17.1
2024-04-05 11:47:44;19.6;36.1;54.8;51.9;47.9;55.6;17.6 °C;16.9;17.4;16.9;17.2;17.1
2024-04-05 12:07:50;19.8;36.2;54.8;52.1;47.9;55.6;17.8 °C;16.9;17.4;16.9;17.2;17.1
2024-04-05 12:17:51;19.7;36.2;54.8;52.1;47.9;55.6;17.9 °C;16.9;17.4;16.9;17.2;17.1
2024-04-05 12:27:49;19.7;36.2;54.8;52.1;47.9;55.6;18.1 °C;17;17.3;16.9;17.2;17.1
2024-04-05 12:37:48;19.7;36.3;54.8;52.2;47.9;55.6;18.3 °C;17;17.3;16.9;17.2;17.1
2024-04-05 12:47:47;19.7;36.3;54.8;52.2;47.9;55.6;18.6 °C;17.1;17.3;16.9;17.2;17.1
2024-04-05 12:57:50;19.7;36.3;54.8;52.3;47.9;55.6;18.8 °C;17.1;17.3;16.9;17.2;17.1
2024-04-05 13:07:47;19.7;36.3;54.8;52.4;47.9;55.6;19.1 °C;17.1;17.3;16.9;17.2;17.1
2024-04-05 13:17:45;19.7;36.3;54.9;52.5;47.9;55.6;19.3 °C;17.2;17.3;16.9;17.2;17.1
2024-04-05 13:27:48;19.7;36.3;54.9;52.6;47.9;55.6;19.6 °C;17.2;17.3;16.9;17.2;17.1
2024-04-05 13:37:48;19.7;36.3;54.9;52.7;47.9;55.6;19.8 °C;17.3;17.3;16.9;17.2;17.1
2024-04-05 13:47:47;19.8;36.3;54.9;52.8;47.8;55.6;20.1 °C;17.3;17.3;16.9;17.2;17.1
2024-04-05 13:57:49;19.8;36.4;54.9;52.9;47.8;55.6;20.3 °C;17.4;17.3;16.9;17.2;17.1
2024-04-05 14:07:48;19.9;36.3;54.9;52.9;47.9;55.6;20.6 °C;17.4;17.3;16.9;17.2;17.1
2024-04-05 14:17:47;19.8;36.4;54.9;53.0;47.8;55.6;20.8 °C;17.5;17.3;16.9;17.2;17.1
2024-04-05 14:27:45;19.8;36.4;54.9;53.1;47.9;55.6;21.1 °C;17.6;17.3;16.9;17.2;17.1
2024-04-05 14:37:45;19.8;36.4;54.9;53.1;47.8;55.6;21.3 °C;17.6;17.3;16.9;17.2;17.1
2024-04-05 14:47:46;19.8;36.4;54.9;53.2;47.8;55.6;21.5 °C;17.7;17.3;16.8;17.2;17.1
2024-04-05 14:57:46;19.8;36.4;55.0;53.2;47.9;55.6;21.6 °C;17.8;17.4;16.8;17.2;17.1
2024-04-05 15:07:48;19.8;36.4;55.0;53.3;47.9;55.6;21.8 °C;17.8;17.4;16.8;17.2;17.1
2024-04-05 15:17:47;19.8;36.5;55;53.3;47.9;55.6;21.9 °C;17.9;17.4;16.8;17.1;17.1
2024-04-05 15:27:48;19.8;36.5;55;53.4;47.9;55.6;22 °C;18;17.4;16.8;17.1;17.1
2024-04-05 15:37:43;19.8;36.5;55.0;53.4;47.9;55.6;22.1 °C;18.1;17.4;16.8;17.1;17.1
2024-04-05 15:47:49;19.8;36.5;55.0;53.5;47.9;55.6;22.2 °C;18.2;17.4;16.8;17.1;17.1
2024-04-05 15:57:50;19.8;36.5;55.0;53.5;47.9;55.6;22.3 °C;18.3;17.4;16.8;17.1;17.1
2024-04-05 16:07:47;19.8;36.5;55.1;53.5;47.9;55.6;22.3 °C;18.3;17.5;16.8;17.1;17.1
2024-04-05 16:17:48;19.8;36.5;55.1;53.5;47.9;55.6;22.4 °C;18.4;17.5;16.8;17.1;17.1
2024-04-05 16:27:47;19.8;36.6;55.1;53.6;47.9;55.6;22.5 °C;18.5;17.5;16.8;17.1;17.1
2024-04-05 16:37:50;19.8;36.6;55.1;53.6;47.9;55.6;22.5 °C;18.6;17.6;16.8;17.1;17.1
2024-04-05 16:47:50;19.8;36.6;55.1;53.6;48.0;55.6;22.6 °C;18.6;17.6;16.8;17.1;17.1
2024-04-05 16:57:43;19.8;36.6;55.2;53.6;48.0;55.6;22.6 °C;18.8;17.6;16.8;17.1;17.1
2024-04-05 17:07:50;19.8;36.6;55.2;53.6;48.0;55.6;22.6 °C;18.8;17.6;16.8;17.1;17.1
2024-04-05 17:17:47;19.8;36.6;55.2;53.7;48.0;55.6;22.6 °C;18.9;17.6;16.8;17.1;17.1
2024-04-05 17:27:45;19.8;36.6;55.2;53.7;48.0;55.6;22.6 °C;18.9;17.7;16.8;17.1;17.1
2024-04-05 17:37:44;19.8;36.7;55.2;53.7;48.1;55.6;22.6 °C;19;17.7;16.9;17.1;17.1
2024-04-05 17:47:47;19.8;36.7;55.3;53.7;48.1;55.6;22.6 °C;19.1;17.8;16.9;17.1;17.1
2024-04-05 17:57:45;19.8;36.8;55.3;53.7;48.1;55.6;22.6 °C;19.1;17.8;16.9;17.1;17.1
2024-04-05 18:07:49;19.8;36.7;55.3;53.7;48.2;55.6;22.6 °C;19.2;17.8;16.9;17.1;17.1
2024-04-05 18:17:49;19.8;36.8;55.3;53.7;48.2;55.6;22.6 °C;19.3;17.8;16.9;17.1;17.1
2024-04-05 18:27:46;19.8;36.8;55.3;53.7;48.3;55.6;22.5 °C;19.3;17.9;16.9;17.1;17.1
2024-04-05 18:37:48;19.8;36.8;55.3;53.7;48.3;55.6;22.4 °C;19.4;17.9;16.9;17.1;17.1
2024-04-05 18:47:50;19.9;36.8;55.4;53.7;48.3;55.7;22.3 °C;19.4;17.9;16.9;17.1;17.1
2024-04-05 18:57:43;19.8;36.8;55.4;53.8;48.3;55.6;22.2 °C;19.4;17.9;16.9;17.1;17.1
2024-04-05 19:07:45;19.8;36.8;55.4;53.7;48.3;55.6;22.1 °C;19.5;18;16.9;17.1;17.1
2024-04-05 19:17:46;19.9;36.8;55.4;53.7;48.4;55.6;22 °C;19.6;18.1;16.9;17.1;17.1
2024-04-05 19:27:43;19.8;36.8;55.5;53.7;48.4;55.6;21.9 °C;19.6;18.1;16.9;17.1;17.1
2024-04-05 19:37:45;19.8;36.8;55.5;53.8;48.4;55.6;21.8 °C;19.6;18.1;16.9;17.1;17.1
2024-04-05 19:47:49;19.9;36.8;55.5;53.8;48.4;55.6;21.6 °C;19.6;18.1;16.9;17.1;17.1
2024-04-05 19:57:50;19.9;36.8;55.5;53.7;48.4;55.6;21.5 °C;19.7;18.2;17;17.1;17.1
2024-04-05 20:07:47;19.9;36.8;55.5;53.8;48.4;55.6;21.4 °C;19.7;18.2;17;17.1;17.1
2024-04-05 20:17:45;19.9;36.9;55.5;53.7;48.4;55.7;21.3 °C;19.7;18.2;17;17.1;17.1
2024-04-05 20:27:45;19.9;36.9;55.5;53.7;48.5;55.7;21.1 °C;19.7;18.3;17;17.1;17.1
2024-04-05 20:37:45;19.9;36.8;55.5;53.8;48.5;55.6;20.9 °C;19.8;18.3;17.1;17.1;17.1
2024-04-05 20:47:45;19.9;36.8;55.5;53.8;48.5;55.7;20.8 °C;19.8;18.3;17.1;17.1;17.1
2024-04-05 20:57:49;19.9;36.8;55.6;53.8;48.5;55.7;20.7 °C;19.8;18.3;17.1;17.1;17.1
2024-04-05 21:07:50;19.9;36.8;55.5;53.7;48.5;55.7;20.6 °C;19.8;18.4;17.1;17.1;17.1
2024-04-05 21:17:50;19.9;36.9;55.6;53.7;48.5;55.7;20.4 °C;19.8;18.4;17.1;17.2;17.1
2024-04-05 21:27:48;19.9;36.8;55.6;53.7;48.5;55.7;20.3 °C;19.8;18.4;17.1;17.2;17.1
2024-04-05 21:37:48;20.4;36.8;55.6;53.7;48.5;55.7;20.2 °C;19.8;18.4;17.1;17.2;17.1
2024-04-05 21:47:51;20.2;36.9;55.7;53.7;48.5;55.7;20.1 °C;19.7;18.4;17.1;17.2;17.1
2024-04-05 21:57:44;19.9;36.9;55.7;53.7;48.5;55.7;19.9 °C;19.7;18.4;17.1;17.2;17.1
2024-04-05 22:07:48;19.9;36.9;55.7;53.7;48.5;55.7;19.9 °C;19.7;18.5;17.2;17.2;17.1
2024-04-05 22:17:47;19.8;36.8;55.7;53.7;48.5;55.7;19.8 °C;19.7;18.5;17.2;17.2;17.1
2024-04-05 22:27:49;19.9;36.8;55.7;53.6;48.4;55.6;19.6 °C;19.6;18.5;17.2;17.2;17.1
2024-04-05 22:37:50;19.9;36.8;55.7;53.6;48.4;55.7;19.5 °C;19.6;18.6;17.2;17.2;17.1
2024-04-05 22:47:44;19.8;36.8;55.7;53.6;48.4;55.7;19.4 °C;19.6;18.6;17.2;17.2;17.1
2024-04-05 22:57:50;19.9;36.8;55.7;53.6;48.4;55.7;19.3 °C;19.6;18.6;17.3;17.2;17.1
2024-04-05 23:07:44;19.8;36.8;55.7;53.6;48.4;55.7;19.3 °C;19.6;18.6;17.3;17.3;17.1
2024-04-05 23:17:47;19.9;36.7;55.7;53.6;48.4;55.7;19.1 °C;19.6;18.6;17.3;17.3;17.1
2024-04-05 23:27:45;19.9;36.7;55.7;53.6;48.4;55.7;19.1 °C;19.5;18.6;17.3;17.3;17.1
2024-04-05 23:37:45;19.8;36.7;55.7;53.5;48.4;55.7;19 °C;19.5;18.6;17.3;17.3;17.1
2024-04-05 23:47:50;19.7;36.7;55.7;53.5;48.4;55.7;18.9 °C;19.4;18.6;17.3;17.3;17.1
2024-04-05 23:57:43;19.7;36.7;55.7;53.5;48.4;55.7;18.8 °C;19.4;18.6;17.3;17.3;17.1
2024-04-06 00:07:45;20.2;36.7;55.7;53.5;48.4;55.7;18.7 °C;19.4;18.6;17.3;17.3;17.1
2024-04-06 00:17:50;20.1;36.7;55.7;53.5;48.4;55.7;18.6 °C;19.4;18.6;17.3;17.3;17.1
2024-04-06 00:27:43;19.7;36.7;55.7;53.5;48.3;55.7;18.6 °C;19.3;18.6;17.4;17.3;17.1
2024-04-06 00:37:46;19.7;36.8;55.7;53.5;48.4;55.7;18.5 °C;19.3;18.6;17.4;17.3;17.1
2024-04-06 00:47:48;19.7;36.6;55.7;53.5;48.3;55.7;18.4 °C;19.3;18.6;17.4;17.3;17.1
2024-04-06 00:57:50;19.7;36.6;55.7;53.4;48.3;55.7;18.3 °C;19.3;18.6;17.4;17.3;17.1
2024-04-06 01:07:48;19.6;36.6;55.7;53.4;48.3;55.7;18.3 °C;19.2;18.6;17.4;17.3;17.1
2024-04-06 01:17:43;19.7;36.6;55.7;53.4;48.3;55.7;18.2 °C;19.2;18.6;17.4;17.3;17.1
2024-04-06 01:27:50;19.8;36.6;55.7;53.4;48.3;55.7;18.1 °C;19.1;18.6;17.4;17.3;17.1
2024-04-06 01:37:44;19.6;36.6;55.7;53.3;48.3;55.7;18 °C;19.1;18.6;17.4;17.3;17.1
2024-04-06 01:47:50;19.6;36.6;55.7;53.3;48.3;55.7;17.9 °C;19.1;18.6;17.4;17.3;17.1
2024-04-06 01:57:48;19.6;36.6;55.7;53.3;48.3;55.7;17.9 °C;19;18.6;17.4;17.3;17.1
2024-04-06 02:07:47;19.7;36.6;55.7;53.3;48.3;55.7;17.8 °C;19;18.6;17.4;17.4;17.1
2024-04-06 02:17:46;19.7;36.6;55.7;53.3;48.3;55.7;17.8 °C;18.9;18.6;17.4;17.4;17.1
2024-04-06 02:27:44;19.8;36.5;55.7;53.2;48.3;55.7;17.7 °C;18.9;18.6;17.4;17.4;17.2
2024-04-06 02:37:48;19.8;36.5;55.7;53.2;48.3;55.7;17.6 °C;18.9;18.6;17.4;17.4;17.2
2024-04-06 02:47:49;19.7;36.5;55.7;53.2;48.3;55.7;17.5 °C;18.9;18.6;17.4;17.4;17.2
2024-04-06 02:57:44;19.8;36.5;55.7;53.2;48.3;55.7;17.4 °C;18.8;18.6;17.5;17.4;17.2
2024-04-06 03:07:44;19.8;36.5;55.7;53.2;48.2;55.7;17.4 °C;18.8;18.6;17.5;17.4;17.2
2024-04-06 03:17:48;19.9;36.4;55.7;53.2;48.2;55.7;17.3 °C;18.8;18.6;17.5;17.4;17.2
2024-04-06 03:27:50;19.9;36.5;55.7;53.1;48.2;55.7;17.3 °C;18.7;18.6;17.5;17.4;17.2
2024-04-06 03:37:48;19.9;36.4;55.7;53.1;48.2;55.7;17.3 °C;18.7;18.6;17.5;17.4;17.2
2024-04-06 03:47:44;19.8;36.4;55.7;53.1;48.2;55.7;17.2 °C;18.6;18.6;17.5;17.4;17.2
2024-04-06 03:57:50;19.9;36.4;55.7;53.1;48.2;55.7;17.1 °C;18.6;18.6;17.5;17.4;17.2
2024-04-06 04:07:44;19.8;36.4;55.6;53.0;48.2;55.7;17.1 °C;18.6;18.6;17.5;17.4;17.2
2024-04-06 04:17:47;19.9;36.4;55.7;53;48.2;55.7;17 °C;18.5;18.5;17.5;17.4;17.2
2024-04-06 04:27:46;19.9;36.4;55.7;53.0;48.2;55.7;16.9 °C;18.5;18.5;17.5;17.4;17.2
2024-04-06 04:37:44;19.9;36.4;55.7;52.9;48.2;55.7;16.9 °C;18.4;18.5;17.5;17.4;17.2
2024-04-06 04:47:43;19.8;36.4;55.6;52.9;48.2;55.7;16.8 °C;18.4;18.5;17.5;17.4;17.2
2024-04-06 04:57:49;19.9;36.4;55.6;52.9;48.2;55.7;16.8 °C;18.4;18.5;17.5;17.4;17.2
2024-04-06 05:07:50;19.9;36.4;55.6;52.8;48.2;55.7;16.7 °C;18.4;18.4;17.5;17.4;17.2
2024-04-06 05:17:49;20.1;36.4;55.6;52.8;48.2;55.7;16.6 °C;18.3;18.4;17.5;17.4;17.3
2024-04-06 05:27:44;20.0;36.4;55.6;52.8;48.2;55.7;16.6 °C;18.3;18.4;17.5;17.4;17.3
2024-04-06 05:37:48;20.2;36.3;55.6;52.8;48.2;55.7;16.5 °C;18.3;18.4;17.5;17.4;17.3
2024-04-06 05:47:48;20.0;36.3;55.8;52.7;48.2;55.7;16.4 °C;18.2;18.4;17.5;17.5;17.3
2024-04-06 05:57:50;20.0;36.4;55.8;52.7;48.2;55.7;16.4 °C;18.2;18.4;17.5;17.5;17.3
2024-04-06 06:07:48;19.8;36.4;55.8;52.7;48.2;55.7;16.4 °C;18.1;18.4;17.5;17.5;17.3
2024-04-06 06:17:47;20.0;36.4;55.8;52.6;48.2;55.7;16.3 °C;18.1;18.4;17.5;17.5;17.3
2024-04-06 06:27:50;19.7;36.4;55.8;52.6;48.2;55.7;16.3 °C;18.1;18.4;17.5;17.5;17.3
2024-04-06 06:37:43;19.7;36.4;55.8;52.6;48.2;55.7;16.3 °C;18.1;18.3;17.5;17.5;17.3
2024-04-06 06:47:49;19.8;36.4;55.8;52.6;48.2;55.7;16.2 °C;18;18.3;17.5;17.5;17.3
2024-04-06 06:57:46;19.6;36.4;55.8;52.6;48.2;55.7;16.1 °C;18;18.3;17.5;17.5;17.3
2024-04-06 07:07:44;19.6;36.5;55.8;52.5;48.2;55.7;16.1 °C;17.9;18.3;17.5;17.5;17.3
2024-04-06 07:17:44;19.7;36.4;55.7;52.5;48.2;55.7;16.1 °C;17.9;18.3;17.5;17.5;17.3
2024-04-06 07:27:47;19.5;36.3;55.7;52.5;48.1;55.7;16.1 °C;17.9;18.3;17.5;17.5;17.3
2024-04-06 07:37:45;19.5;36.5;55.7;52.5;48.1;55.7;16 °C;17.8;18.3;17.5;17.5;17.3
2024-04-06 07:47:50;19.5;36.4;55.7;52.5;48.1;55.7;16 °C;17.8;18.3;17.5;17.5;17.3
2024-04-06 07:57:47;19.6;36.6;55.7;52.4;48.1;55.7;16 °C;17.8;18.2;17.5;17.5;17.3
2024-04-06 08:07:49;19.8;36.4;55.7;52.4;48.1;55.7;16 °C;17.8;18.2;17.5;17.5;17.3
2024-04-06 08:17:49;19.6;36.5;55.7;52.4;48.1;55.7;16 °C;17.7;18.2;17.5;17.5;17.3
2024-04-06 08:27:46;19.6;36.5;55.7;52.4;48.1;55.7;16 °C;17.7;18.2;17.4;17.5;17.3
2024-04-06 08:37:43;19.5;36.4;55.7;52.4;48.1;55.7;16.1 °C;17.6;18.1;17.4;17.5;17.3
2024-04-06 08:47:49;19.5;36.4;55.7;52.4;48.1;55.7;16.1 °C;17.6;18.1;17.4;17.5;17.3
2024-04-06 08:57:46;19.8;36.3;55.7;52.3;48.1;55.7;16.2 °C;17.6;18.1;17.4;17.5;17.3
2024-04-06 09:07:46;19.5;36.4;55.7;52.3;48.1;55.7;16.3 °C;17.6;18.1;17.4;17.5;17.3
2024-04-06 09:17:45;19.5;36.3;55.7;52.3;48.1;55.7;16.4 °C;17.6;18.1;17.4;17.5;17.3
2024-04-06 09:27:45;19.5;36.3;55.7;52.3;48.1;55.7;16.5 °C;17.5;18.1;17.4;17.5;17.3
2024-04-06 09:37:50;19.5;36.3;55.7;52.3;48.1;55.7;16.6 °C;17.5;18.1;17.4;17.5;17.3
2024-04-06 09:47:43;19.5;36.3;55.7;52.3;48.1;55.7;16.8 °C;17.5;18;17.4;17.5;17.3
2024-04-06 09:57:46;19.5;36.5;55.6;52.3;48.1;55.7;16.9 °C;17.5;18;17.4;17.5;17.3
2024-04-06 10:07:47;19.5;36.5;55.6;52.3;48.1;55.7;17.1 °C;17.4;18;17.4;17.5;17.3
2024-04-06 10:17:50;19.6;36.4;55.6;52.3;48.1;55.7;17.3 °C;17.4;18;17.4;17.5;17.3
2024-04-06 10:27:47;19.7;36.2;55.6;52.3;48.1;55.7;17.4 °C;17.4;17.9;17.4;17.5;17.3
2024-04-06 10:37:46;19.6;36.2;55.6;52.3;48.1;55.7;17.6 °C;17.4;17.9;17.4;17.5;17.3
2024-04-06 10:47:43;19.6;36.2;55.6;52.4;48.1;55.7;17.8 °C;17.4;17.9;17.4;17.5;17.3
2024-04-06 10:57:50;19.6;36.2;55.5;52.4;48.1;55.7;17.9 °C;17.4;17.9;17.4;17.5;17.3
2024-04-06 11:07:43;19.6;36.2;55.6;52.4;48.1;55.7;18.1 °C;17.4;17.9;17.4;17.5;17.3
2024-04-06 11:17:46;19.5;36.3;55.6;52.5;48.1;55.7;18.3 °C;17.5;17.9;17.4;17.5;17.3
2024-04-06 11:27:47;19.5;36.3;55.5;52.5;48.1;55.7;18.4 °C;17.5;17.9;17.4;17.5;17.3
2024-04-06 11:37:50;19.6;36.3;55.7;52.5;48.1;55.7;18.5 °C;17.5;17.9;17.4;17.5;17.3
2024-04-06 11:47:48;19.6;36.3;55.6;52.5;48.1;55.7;18.6 °C;17.6;17.9;17.3;17.5;17.3
2024-04-06 11:57:44;19.8;36.3;55.6;52.6;48.1;55.7;18.8 °C;17.6;17.9;17.3;17.5;17.3
2024-04-06 12:07:48;19.6;36.3;55.6;52.7;48.1;55.7;18.9 °C;17.6;17.9;17.3;17.5;17.3
2024-04-06 12:17:48;19.6;36.4;55.6;52.7;48.1;55.7;19 °C;17.6;17.8;17.3;17.5;17.3
2024-04-06 12:27:47;19.6;36.4;55.6;52.8;48.1;55.7;19.1 °C;17.7;17.8;17.3;17.5;17.3
2024-04-06 12:37:43;19.6;36.4;55.6;52.9;48.1;55.7;19.3 °C;17.7;17.8;17.3;17.5;17.3
2024-04-06 12:47:49;19.6;36.4;55.6;53.0;48.1;55.7;19.4 °C;17.8;17.8;17.3;17.5;17.3
2024-04-06 12:57:46;19.6;36.4;55.6;53.0;48.1;55.7;19.6 °C;17.8;17.8;17.3;17.5;17.3
2024-04-06 13:07:44;19.6;36.5;55.6;53.1;48.1;55.7;19.8 °C;17.8;17.8;17.3;17.5;17.3
2024-04-06 13:17:44;19.6;36.5;55.6;53.2;48.1;55.7;20 °C;17.9;17.8;17.3;17.5;17.3
2024-04-06 13:27:48;19.7;36.5;55.6;53.3;48.1;55.7;20.2 °C;17.9;17.8;17.3;17.5;17.3
2024-04-06 13:37:44;19.6;36.5;55.6;53.4;48.1;55.7;20.4 °C;17.9;17.8;17.3;17.5;17.3
2024-04-06 13:47:43;19.6;36.5;55.6;53.5;48.1;55.7;20.7 °C;18;17.8;17.3;17.5;17.3
2024-04-06 13:57:43;19.8;36.6;55.6;53.6;48.1;55.7;20.9 °C;18.1;17.8;17.3;17.5;17.3
2024-04-06 14:07:49;19.8;36.8;55.6;53.7;48.1;55.7;21.1 °C;18.1;17.8;17.3;17.5;17.3
2024-04-06 14:17:50;19.8;36.8;55.6;53.8;48.1;55.7;21.4 °C;18.1;17.8;17.3;17.5;17.3
2024-04-06 14:27:47;19.8;36.6;55.6;53.9;48.1;55.7;21.6 °C;18.2;17.9;17.3;17.5;17.3
2024-04-06 14:37:42;19.8;36.6;55.7;54.0;48.1;55.7;21.8 °C;18.3;17.9;17.3;17.5;17.3
2024-04-06 14:47:49;19.8;36.6;55.7;54.0;48.1;55.7;21.9 °C;18.3;17.9;17.3;17.5;17.3
2024-04-06 14:57:45;19.9;36.6;55.7;54.1;48.1;55.7;22.1 °C;18.4;17.9;17.3;17.4;17.3
2024-04-06 15:07:46;20.0;36.6;55.7;54.1;48.1;55.7;22.3 °C;18.5;17.9;17.3;17.4;17.3
2024-04-06 15:17:48;20.0;36.6;55.7;54.1;48.1;55.7;22.4 °C;18.6;17.9;17.3;17.4;17.3
2024-04-06 15:27:48;20.0;36.7;55.7;54.1;48.1;55.7;22.6 °C;18.6;17.9;17.3;17.4;17.3
2024-04-06 15:37:43;20;36.7;55.7;54.2;48.1;55.7;22.7 °C;18.7;17.9;17.3;17.4;17.3
2024-04-06 15:47:43;20.0;36.7;55.8;54.2;48.1;55.7;22.8 °C;18.8;17.9;17.3;17.4;17.3
2024-04-06 15:57:49;20.0;36.7;55.8;54.2;48.1;55.7;22.9 °C;18.9;17.9;17.3;17.4;17.3
2024-04-06 16:07:46;20.0;36.7;55.8;54.2;48.2;55.7;23 °C;18.9;18;17.3;17.4;17.3
2024-04-06 16:17:48;20.0;36.7;55.8;54.3;48.2;55.7;23.1 °C;19;18;17.3;17.4;17.3
2024-04-06 16:27:43;20.1;36.7;55.8;54.3;48.2;55.7;23.2 °C;19.1;18;17.3;17.4;17.3
2024-04-06 16:37:47;20.0;36.9;55.8;54.3;48.2;55.7;23.3 °C;19.2;18.1;17.3;17.4;17.3
2024-04-06 16:47:45;20.0;36.7;55.9;54.3;48.2;55.7;23.4 °C;19.3;18.1;17.3;17.4;17.3
2024-04-06 16:57:46;20.1;36.8;55.9;54.3;48.3;55.7;23.4 °C;19.3;18.1;17.3;17.4;17.3
2024-04-06 17:07:48;20.1;36.7;55.9;54.3;48.3;55.7;23.5 °C;19.4;18.1;17.3;17.4;17.3
2024-04-06 17:17:47;20.0;36.8;55.9;54.3;48.3;55.7;23.6 °C;19.4;18.2;17.3;17.4;17.3
2024-04-06 17:27:43;20.0;36.8;55.9;54.4;48.4;55.7;23.6 °C;19.5;18.2;17.3;17.4;17.3
2024-04-06 17:37:45;20.0;36.9;55.9;54.4;48.4;55.8;23.6 °C;19.6;18.2;17.3;17.4;17.3
2024-04-06 17:47:46;20.1;36.8;55.9;54.4;48.4;55.8;23.6 °C;19.7;18.3;17.3;17.4;17.3
2024-04-06 17:57:43;20.0;36.8;55.9;54.4;48.5;55.8;23.5 °C;19.8;18.3;17.3;17.4;17.3
2024-04-06 18:07:46;20.1;36.8;56.0;54.4;48.5;55.7;23.4 °C;19.8;18.3;17.3;17.4;17.3
2024-04-06 18:17:48;20.1;36.8;56.0;54.4;48.6;55.7;23.4 °C;19.9;18.3;17.3;17.4;17.3
2024-04-06 18:27:44;20.1;36.8;56.0;54.4;48.6;55.7;23.3 °C;19.9;18.4;17.3;17.4;17.3
2024-04-06 18:37:43;20.2;36.8;56.0;54.4;48.6;55.7;23.2 °C;19.9;18.4;17.3;17.4;17.3
2024-04-06 18:47:46;20.1;36.8;56.0;54.4;48.7;55.7;23.1 °C;20;18.4;17.3;17.4;17.3
2024-04-06 18:57:44;20.1;36.8;56.0;54.4;48.7;55.7;22.9 °C;20.1;18.4;17.3;17.4;17.3
2024-04-06 19:07:43;20.1;36.9;56.0;54.5;48.7;55.8;22.9 °C;20.1;18.5;17.3;17.4;17.3
2024-04-06 19:17:42;20.1;36.9;56.1;54.4;48.7;55.8;22.8 °C;20.1;18.5;17.3;17.4;17.3
2024-04-06 19:27:45;20;36.9;56.1;54.4;48.7;55.8;22.6 °C;20.2;18.6;17.4;17.4;17.3
2024-04-06 19:37:49;20.0;36.9;56.1;54.4;48.8;55.7;22.5 °C;20.3;18.6;17.4;17.4;17.3
2024-04-06 19:47:49;20.0;36.9;56.1;54.5;48.8;55.8;22.4 °C;20.3;18.6;17.4;17.4;17.3
2024-04-06 19:57:47;20.1;36.9;56.1;54.5;48.8;55.8;22.3 °C;20.3;18.6;17.4;17.4;17.3
2024-04-06 20:07:46;20.1;36.9;56.1;54.4;48.8;55.8;22.1 °C;20.3;18.7;17.4;17.4;17.3
2024-04-06 20:17:44;20.1;37.0;56.1;54.4;48.8;55.8;21.9 °C;20.3;18.7;17.4;17.4;17.3
2024-04-06 20:27:47;20.1;37.0;56.1;54.4;48.8;55.8;21.8 °C;20.3;18.8;17.4;17.5;17.3
2024-04-06 20:37:47;20.1;36.9;56.2;54.4;48.9;55.8;21.7 °C;20.3;18.8;17.4;17.5;17.3
2024-04-06 20:47:46;20.1;37.0;56.2;54.4;48.8;55.8;21.6 °C;20.4;18.8;17.4;17.5;17.3
2024-04-06 20:57:48;20.1;37.0;56.2;54.4;48.8;55.8;21.4 °C;20.4;18.8;17.4;17.5;17.3
2024-04-06 21:07:48;20.1;37.0;56.2;54.4;48.9;55.8;21.3 °C;20.4;18.9;17.5;17.5;17.3
2024-04-06 21:17:47;20.0;37.0;56.2;54.4;48.9;55.8;21.2 °C;20.4;18.9;17.5;17.5;17.4
2024-04-06 21:27:43;20.1;37.0;56.2;54.4;48.9;55.8;21.1 °C;20.3;18.9;17.5;17.5;17.4
2024-04-06 21:37:50;20.1;36.9;56.2;54.4;48.8;55.8;20.9 °C;20.3;18.9;17.5;17.5;17.4
2024-04-06 21:47:44;20.1;36.9;56.2;54.4;48.8;55.8;20.8 °C;20.3;18.9;17.6;17.5;17.4
2024-04-06 21:57:47;20.1;36.9;56.2;54.4;48.8;55.8;20.7 °C;20.3;18.9;17.6;17.5;17.4
2024-04-06 22:07:43;20.1;36.9;56.2;54.4;48.8;55.8;20.6 °C;20.3;19;17.6;17.5;17.4
2024-04-06 22:17:50;20.1;36.9;56.2;54.3;48.8;55.8;20.5 °C;20.3;19;17.6;17.5;17.4
2024-04-06 22:27:47;20.2;36.9;56.2;54.3;48.8;55.8;20.4 °C;20.3;19;17.6;17.6;17.4
2024-04-06 22:37:46;20.2;36.9;56.2;54.3;48.8;55.8;20.3 °C;20.3;19.1;17.6;17.6;17.4
2024-04-06 22:47:44;20.2;36.9;56.2;54.3;48.8;55.8;20.2 °C;20.2;19.1;17.6;17.6;17.4
2024-04-06 22:57:45;20.2;36.9;56.2;54.3;48.8;55.8;20.1 °C;20.2;19.1;17.6;17.6;17.4
2024-04-06 23:07:46;20.2;36.9;56.2;54.3;48.8;55.8;20 °C;20.2;19.1;17.7;17.6;17.4
2024-04-06 23:17:43;20.2;36.9;56.3;54.2;48.8;55.8;19.9 °C;20.1;19.1;17.7;17.6;17.4
2024-04-06 23:27:43;20.2;37.2;56.3;54.2;48.7;55.8;19.8 °C;20.1;19.1;17.7;17.6;17.4
2024-04-06 23:37:46;20.2;36.9;56.3;54.2;48.7;55.8;19.7 °C;20.1;19.1;17.7;17.6;17.4
2024-04-06 23:47:48;20.2;36.9;56.3;54.2;48.7;55.8;19.6 °C;20.1;19.1;17.7;17.6;17.4
2024-04-06 23:57:44;20.2;36.9;56.3;54.2;48.7;55.8;19.5 °C;20.1;19.1;17.8;17.6;17.4
2024-04-07 00:07:43;20.2;36.9;56.3;54.2;48.7;55.8;19.4 °C;20;19.1;17.8;17.6;17.4
2024-04-07 00:17:43;20.2;36.8;56.3;54.2;48.7;55.8;19.3 °C;20;19.1;17.8;17.6;17.4
2024-04-07 00:27:50;20.2;36.8;56.3;54.1;48.6;55.8;19.3 °C;19.9;19.1;17.8;17.6;17.4
2024-04-07 00:37:47;20.2;36.8;56.3;54.1;48.6;55.8;19.2 °C;19.9;19.1;17.8;17.6;17.4
2024-04-07 00:47:42;20.3;36.8;56.3;54.1;48.6;55.8;19.1 °C;19.9;19.1;17.8;17.6;17.4
2024-04-07 00:57:45;20.3;36.8;56.2;54.0;48.6;55.8;19 °C;19.8;19.1;17.8;17.6;17.4
2024-04-07 01:07:46;20.3;36.8;56.2;54.0;48.6;55.8;18.9 °C;19.8;19.1;17.8;17.6;17.4
2024-04-07 01:17:43;20.4;36.8;56.2;54.0;48.6;55.8;18.9 °C;19.8;19.1;17.8;17.7;17.4
2024-04-07 01:27:43;20.3;36.8;56.2;53.9;48.6;55.8;18.8 °C;19.8;19.1;17.8;17.7;17.4
2024-04-07 01:37:46;20.7;36.8;56.2;53.9;48.6;55.8;18.7 °C;19.7;19.1;17.8;17.7;17.4
2024-04-07 01:47:48;20.8;36.8;56.2;53.9;48.5;55.8;18.6 °C;19.7;19.1;17.8;17.7;17.4
2024-04-07 01:57:43;20.8;36.7;56.2;53.9;48.5;55.8;18.6 °C;19.6;19.1;17.8;17.7;17.4
2024-04-07 02:07:42;20.8;36.7;56.2;53.8;48.5;55.8;18.5 °C;19.6;19.1;17.9;17.7;17.4
2024-04-07 02:17:45;20.3;36.7;56.2;53.8;48.5;55.8;18.4 °C;19.6;19.1;17.9;17.7;17.4
2024-04-07 02:27:45;20.4;36.7;56.2;53.7;48.5;55.8;18.4 °C;19.5;19.1;17.9;17.7;17.4
2024-04-07 02:37:46;20.4;36.8;56.2;53.7;48.5;55.8;18.3 °C;19.5;19.1;17.9;17.7;17.4
2024-04-07 02:47:44;20.3;36.7;56.2;53.7;48.5;55.8;18.3 °C;19.4;19.1;17.9;17.7;17.4
2024-04-07 02:57:49;20.3;36.7;56.2;53.6;48.5;55.8;18.2 °C;19.4;19.1;17.9;17.8;17.4
2024-04-07 03:07:49;20.3;36.7;56.1;53.6;48.5;55.8;18.1 °C;19.4;19.1;17.9;17.8;17.4
2024-04-07 03:17:43;20.3;36.7;56.1;53.6;48.5;55.8;18.1 °C;19.4;19.1;17.9;17.8;17.4
2024-04-07 03:27:43;20.3;36.7;56.1;53.6;48.5;55.8;18 °C;19.3;19.1;17.9;17.8;17.4
2024-04-07 03:37:50;20.4;36.6;56.1;53.5;48.5;55.8;17.9 °C;19.3;19.1;17.9;17.8;17.4
2024-04-07 03:47:43;20.4;36.6;56.1;53.5;48.4;55.8;17.9 °C;19.3;19.1;17.9;17.8;17.4
2024-04-07 03:57:43;20.4;36.6;56.1;53.5;48.4;55.8;17.8 °C;19.2;19.1;17.9;17.8;17.4
2024-04-07 04:07:43;20.4;36.6;56.1;53.4;48.4;55.8;17.8 °C;19.2;19.1;17.9;17.8;17.5
2024-04-07 04:17:49;20.3;36.6;56.1;53.4;48.4;55.8;17.7 °C;19.1;19;17.9;17.8;17.5
2024-04-07 04:27:46;20.4;36.6;56.1;53.4;48.4;55.8;17.6 °C;19.1;19;17.9;17.8;17.5
2024-04-07 04:37:45;20.4;36.6;56.1;53.3;48.4;55.8;17.6 °C;19.1;19;17.9;17.8;17.5
2024-04-07 04:47:49;20.4;36.6;56.1;53.3;48.4;55.8;17.5 °C;19;19;17.9;17.8;17.5
2024-04-07 04:57:42;20.4;36.6;56.1;53.3;48.4;55.8;17.4 °C;19;19;17.9;17.8;17.5
2024-04-07 05:07:48;20.5;36.6;56.1;53.2;48.4;55.8;17.4 °C;18.9;18.9;17.9;17.8;17.5
2024-04-07 05:17:48;20.4;36.6;56.1;53.2;48.4;55.8;17.4 °C;18.9;18.9;17.9;17.8;17.5
2024-04-07 05:27:45;20.4;36.6;56.1;53.2;48.4;55.8;17.3 °C;18.9;18.9;17.9;17.8;17.5
2024-04-07 05:37:50;20.4;36.6;56.1;53.2;48.4;55.8;17.3 °C;18.9;18.9;17.9;17.8;17.5
2024-04-07 05:47:43;20.4;36.5;56.0;53.1;48.5;55.8;17.2 °C;18.8;18.9;17.9;17.8;17.5
2024-04-07 05:57:46;20.4;36.5;56.0;53.0;48.4;55.8;17.1 °C;18.8;18.9;17.9;17.8;17.5
2024-04-07 06:07:45;20.4;36.5;56.0;53.0;48.4;55.8;17.1 °C;18.8;18.9;17.9;17.8;17.5
2024-04-07 06:17:45;20.4;36.5;56.0;53.0;48.4;55.8;17.1 °C;18.7;18.9;17.9;17.8;17.5
2024-04-07 06:27:46;20.4;36.5;56.0;52.9;48.4;55.8;17 °C;18.7;18.9;17.9;17.8;17.6
2024-04-07 06:37:49;20.5;36.6;56.0;53.0;48.5;55.8;16.9 °C;18.6;18.9;17.9;17.8;17.6
2024-04-07 06:47:49;20.4;36.6;56.0;52.9;48.4;55.8;16.9 °C;18.6;18.8;17.9;17.9;17.6
2024-04-07 06:57:47;20.4;36.6;56.0;52.9;48.4;55.8;16.9 °C;18.6;18.8;17.9;17.9;17.6
2024-04-07 07:07:46;20.4;36.6;56.0;52.9;48.4;55.8;16.8 °C;18.6;18.8;17.9;17.9;17.6
2024-04-07 07:17:48;20.5;36.6;56.0;52.9;48.4;55.8;16.8 °C;18.5;18.8;17.9;17.9;17.6
2024-04-07 07:27:45;20.5;36.6;55.9;52.8;48.4;55.8;16.7 °C;18.5;18.8;17.9;17.9;17.6
2024-04-07 07:37:45;20.5;36.5;55.9;52.8;48.4;55.8;16.7 °C;18.4;18.8;17.9;17.9;17.6
2024-04-07 07:47:43;20.5;36.6;55.9;52.8;48.4;55.8;16.7 °C;18.4;18.8;17.9;17.9;17.6
2024-04-07 07:57:47;20.4;36.6;55.9;52.7;48.4;55.8;16.6 °C;18.4;18.8;17.9;17.9;17.6
2024-04-07 08:07:46;20.4;36.7;55.9;52.7;48.3;55.8;16.6 °C;18.3;18.7;17.9;17.9;17.6
2024-04-07 08:17:48;20.5;36.5;56.0;52.7;48.3;55.8;16.6 °C;18.3;18.7;17.9;17.9;17.6
2024-04-07 08:27:43;20.6;36.6;55.9;52.7;48.3;55.8;16.7 °C;18.3;18.7;17.9;17.9;17.6
2024-04-07 08:37:47;20.5;36.6;55.9;52.7;48.3;55.8;16.7 °C;18.3;18.7;17.9;17.9;17.6
2024-04-07 08:47:42;20.6;36.6;55.9;52.7;48.3;55.8;16.8 °C;18.2;18.6;17.9;17.9;17.6
2024-04-07 08:57:48;20.5;36.5;55.9;52.6;48.3;55.8;16.8 °C;18.2;18.6;17.9;17.9;17.6
2024-04-07 09:07:48;20.6;36.5;55.9;52.6;48.3;55.8;16.9 °C;18.1;18.6;17.9;17.9;17.6
2024-04-07 09:17:45;20.5;36.5;55.8;52.6;48.3;55.8;17 °C;18.1;18.6;17.9;17.9;17.6
2024-04-07 09:27:46;20.5;36.6;55.8;52.6;48.3;55.8;17.1 °C;18.1;18.6;17.9;17.9;17.6
2024-04-07 09:37:48;20.5;36.5;55.8;52.6;48.3;55.8;17.3 °C;18.1;18.6;17.9;17.9;17.6
2024-04-07 09:47:44;20.5;36.5;55.8;52.6;48.3;55.8;17.4 °C;18.1;18.6;17.8;17.9;17.6
2024-04-07 09:57:49;20.5;36.6;55.8;52.6;48.3;55.8;17.5 °C;18.1;18.5;17.8;17.9;17.6
2024-04-07 10:07:46;20.5;36.6;55.8;52.6;48.3;55.8;17.7 °C;18.1;18.5;17.8;17.9;17.6
2024-04-07 10:17:43;20.5;36.6;55.8;52.6;48.3;55.8;17.8 °C;18;18.5;17.8;17.9;17.6
2024-04-07 10:27:44;20.5;36.5;55.8;52.6;48.3;55.8;18 °C;18;18.4;17.8;17.9;17.6
2024-04-07 10:37:47;20.5;36.5;55.8;52.6;48.3;55.8;18.2 °C;18;18.4;17.8;17.9;17.6
2024-04-07 10:47:43;20.5;36.5;55.8;52.6;48.3;55.8;18.4 °C;18;18.4;17.8;17.9;17.6
2024-04-07 10:57:42;20.5;36.5;55.7;52.6;48.3;55.8;18.6 °C;18;18.4;17.8;17.9;17.6
2024-04-07 11:07:44;20.5;36.5;55.7;52.6;48.3;55.8;18.7 °C;18.1;18.4;17.8;17.9;17.6
2024-04-07 11:17:44;20.5;36.5;55.7;52.7;48.3;55.8;18.8 °C;18.1;18.4;17.8;17.9;17.6
2024-04-07 11:27:48;20.6;36.5;55.7;52.8;48.3;55.8;18.9 °C;18.1;18.4;17.8;17.9;17.6
2024-04-07 11:37:48;20.5;36.5;55.7;52.8;48.3;55.8;19 °C;18.1;18.4;17.8;17.9;17.6
2024-04-07 11:47:48;20.5;36.5;55.7;52.9;48.3;55.8;19.1 °C;18.1;18.4;17.8;17.9;17.6
2024-04-07 11:57:48;20.5;36.5;55.7;53.0;48.3;55.8;19.2 °C;18.1;18.4;17.8;17.9;17.6
2024-04-07 12:07:45;20.5;36.5;55.7;53.1;48.3;55.8;19.3 °C;18.2;18.4;17.8;17.9;17.6
2024-04-07 12:17:45;20.5;36.5;55.7;53.2;48.3;55.8;19.4 °C;18.2;18.3;17.8;17.9;17.6
2024-04-07 12:27:44;20.5;36.5;55.7;53.2;48.3;55.8;19.6 °C;18.2;18.3;17.8;17.9;17.6
2024-04-07 12:37:47;20.5;36.6;55.7;53.4;48.3;55.8;19.8 °C;18.3;18.3;17.8;17.9;17.6
2024-04-07 12:47:43;20.5;36.6;55.7;53.5;48.3;55.8;20 °C;18.3;18.3;17.8;17.9;17.6
2024-04-07 12:57:42;20.5;36.6;55.7;53.5;48.3;55.8;20.3 °C;18.3;18.3;17.7;17.9;17.6
2024-04-07 13:07:45;20.5;36.6;55.7;53.6;48.3;55.8;20.4 °C;18.4;18.3;17.7;17.9;17.6
2024-04-07 13:17:43;20.5;36.6;55.7;53.7;48.3;55.8;20.7 °C;18.4;18.3;17.7;17.9;17.6
2024-04-07 13:27:45;20.7;36.6;55.7;53.8;48.3;55.8;20.9 °C;18.4;18.3;17.7;17.9;17.6
2024-04-07 13:37:47;20.7;36.6;55.7;53.8;48.3;55.8;21.2 °C;18.4;18.3;17.7;17.9;17.6
2024-04-07 13:47:42;20.7;36.7;55.7;53.9;48.3;55.8;21.4 °C;18.5;18.3;17.7;17.9;17.6
2024-04-07 13:57:44;20.7;36.7;55.7;54.0;48.3;55.8;21.7 °C;18.6;18.3;17.7;17.9;17.6
2024-04-07 14:07:49;20.7;36.7;55.7;54.1;48.2;55.8;21.9 °C;18.6;18.3;17.7;17.8;17.6
2024-04-07 14:17:43;20.8;36.7;55.7;54.1;48.2;55.8;22.1 °C;18.7;18.3;17.7;17.8;17.6
2024-04-07 14:27:44;20.7;36.7;55.7;54.2;48.2;55.8;22.4 °C;18.8;18.3;17.7;17.8;17.6
2024-04-07 14:37:43;20.7;36.7;55.7;54.3;48.3;55.8;22.6 °C;18.8;18.3;17.7;17.8;17.6
2024-04-07 14:47:47;20.7;36.7;55.7;54.3;48.3;55.8;22.8 °C;18.9;18.4;17.7;17.8;17.6
2024-04-07 14:57:42;20.7;36.8;55.7;54.4;48.3;55.8;22.9 °C;18.9;18.4;17.7;17.8;17.6
2024-04-07 15:07:45;20.7;36.8;55.7;54.4;48.3;55.8;23.1 °C;19;18.4;17.6;17.8;17.6
2024-04-07 15:17:46;20.6;36.8;55.7;54.5;48.3;55.8;23.3 °C;19.1;18.4;17.6;17.8;17.6
2024-04-07 15:27:49;20.6;36.8;55.7;54.5;48.3;55.8;23.4 °C;19.2;18.4;17.6;17.8;17.6
2024-04-07 15:37:47;20.6;36.8;55.7;54.6;48.4;55.8;23.5 °C;19.3;18.4;17.6;17.8;17.6
2024-04-07 15:47:43;20.7;36.9;55.8;54.6;48.4;55.8;23.6 °C;19.3;18.4;17.6;17.8;17.6
2024-04-07 15:57:46;20.6;36.9;55.8;54.6;48.5;55.8;23.8 °C;19.4;18.4;17.6;17.8;17.6
2024-04-07 16:07:49;20.6;36.9;55.8;54.6;48.5;55.8;23.9 °C;19.5;18.5;17.6;17.8;17.6
2024-04-07 16:17:42;20.6;36.9;55.8;54.7;48.6;55.8;24 °C;19.6;18.5;17.6;17.8;17.6
2024-04-07 16:27:45;20.6;36.9;55.8;54.7;48.6;55.8;24.1 °C;19.7;18.5;17.6;17.8;17.6
2024-04-07 16:37:43;20.8;36.9;55.8;54.7;48.7;55.8;24.1 °C;19.8;18.6;17.6;17.8;17.6
2024-04-07 16:47:47;20.7;37.0;55.8;54.7;48.7;55.8;24.3 °C;19.8;18.6;17.7;17.8;17.6
2024-04-07 16:57:43;20.9;37.0;55.8;54.7;48.8;55.8;24.3 °C;19.9;18.6;17.7;17.8;17.6
2024-04-07 17:07:43;20.9;37.0;55.8;54.7;48.8;55.8;24.4 °C;20;18.6;17.7;17.8;17.6
2024-04-07 17:17:43;21.0;37.0;55.8;54.7;48.8;55.8;24.4 °C;20.1;18.6;17.7;17.8;17.6
2024-04-07 17:27:47;20.9;37.0;55.8;54.8;48.9;55.8;24.4 °C;20.1;18.7;17.7;17.8;17.6
2024-04-07 17:47:54;21.0;37.1;55.9;54.7;48.9;55.8;24.4 °C;20.3;18.8;17.7;17.8;17.6
2024-04-07 17:57:47;21.0;37.0;55.9;54.8;49.0;55.8;24.4 °C;20.4;18.8;17.7;17.8;17.6
2024-04-07 18:07:47;21.0;37.1;55.9;54.8;49.0;55.8;24.3 °C;20.4;18.8;17.7;17.8;17.6
2024-04-07 18:17:43;21.0;37.1;55.9;54.8;49.0;55.8;24.3 °C;20.5;18.8;17.7;17.8;17.6
2024-04-07 18:27:43;21.0;37.1;55.9;54.8;49.1;55.8;24.1 °C;20.6;18.9;17.7;17.8;17.6
2024-04-07 18:37:47;21.1;37.1;56.0;54.8;49.1;55.9;24.1 °C;20.6;18.9;17.8;17.8;17.6
2024-04-07 18:47:47;21.1;37.1;56.0;54.8;49.1;55.8;23.9 °C;20.6;18.9;17.8;17.8;17.6
2024-04-07 18:57:42;21.1;37.2;56.0;54.8;49.1;55.8;23.8 °C;20.7;18.9;17.8;17.8;17.6
2024-04-07 19:07:45;21.1;37.1;56.0;54.8;49.1;55.9;23.8 °C;20.8;19;17.8;17.8;17.6
2024-04-07 19:17:43;21.3;37.2;56.0;54.8;49.1;55.8;23.6 °C;20.8;19.1;17.8;17.8;17.6
2024-04-07 19:27:47;21.1;37.2;56.0;54.8;49.1;55.9;23.5 °C;20.8;19.1;17.8;17.8;17.6
2024-04-07 19:37:43;21.1;37.2;56.0;54.7;49.1;55.9;23.3 °C;20.9;19.1;17.8;17.8;17.6
2024-04-07 19:47:43;21.1;37.2;56.0;54.8;49.1;55.8;23.2 °C;20.9;19.1;17.8;17.8;17.6
2024-04-07 19:57:43;21.0;37.2;56.0;54.8;49.1;55.9;23.1 °C;20.9;19.2;17.8;17.8;17.6
2024-04-07 20:07:46;21.1;37.2;56.0;54.8;49.2;55.8;22.9 °C;20.9;19.2;17.8;17.8;17.6
2024-04-07 20:17:44;21.1;37.2;56.1;54.8;49.2;55.9;22.8 °C;21;19.3;17.9;17.8;17.6
2024-04-07 20:27:49;21.1;37.2;56.1;54.8;49.2;55.9;22.7 °C;21;19.3;17.9;17.8;17.6
2024-04-07 20:37:46;21.1;37.2;56.1;54.8;49.2;55.8;22.6 °C;21;19.3;17.9;17.8;17.6
2024-04-07 20:47:49;21.1;37.2;56.1;54.8;49.2;55.9;22.4 °C;21;19.3;17.9;17.9;17.6
2024-04-07 20:57:47;21.1;37.2;56.1;54.8;49.1;55.8;22.3 °C;21;19.4;17.9;17.9;17.6
2024-04-07 21:07:47;21.1;37.2;56.1;54.8;49.2;55.9;22.2 °C;21;19.4;17.9;17.9;17.6
2024-04-07 21:17:47;21.1;37.2;56.1;54.8;49.2;55.9;22.1 °C;21;19.4;17.9;17.9;17.6
2024-04-07 21:27:47;21.1;37.2;56.1;54.8;49.2;55.9;21.9 °C;21;19.4;17.9;17.9;17.6
2024-04-07 21:37:47;21.1;37.2;56.1;54.8;49.2;55.9;21.8 °C;21;19.4;17.9;17.9;17.6
2024-04-07 21:47:45;21.2;37.2;56.1;54.7;49.1;55.9;21.7 °C;21;19.5;18;17.9;17.7
2024-04-07 21:57:48;21.1;37.2;56.1;54.7;49.1;55.9;21.6 °C;21;19.5;18;17.9;17.7
2024-04-07 22:07:44;21.1;37.2;56.1;54.7;49.1;55.9;21.5 °C;21;19.5;18;17.9;17.7
2024-04-07 22:17:45;21.1;37.2;56.1;54.7;49.1;55.9;21.4 °C;20.9;19.6;18.1;17.9;17.7
2024-04-07 22:27:42;21.1;37.2;56.1;54.7;49.1;55.9;21.3 °C;20.9;19.6;18.1;17.9;17.7
2024-04-07 22:37:48;21.2;37.2;56.1;54.6;49.1;55.9;21.1 °C;20.9;19.6;18.1;17.9;17.7
2024-04-07 22:47:45;21.1;37.2;56.1;54.6;49.1;55.9;21.1 °C;20.9;19.6;18.1;17.9;17.7
2024-04-07 22:57:43;21.1;37.2;56.2;54.6;49.0;55.9;20.9 °C;20.9;19.6;18.1;17.9;17.7
2024-04-07 23:07:47;21.3;37.2;56.2;54.6;49.0;55.9;20.9 °C;20.9;19.6;18.1;17.9;17.7
2024-04-07 23:17:44;21.1;37.2;56.2;54.6;49.0;55.9;20.8 °C;20.8;19.6;18.1;17.9;17.7
2024-04-07 23:27:43;21.2;37.2;56.2;54.5;49.0;55.9;20.6 °C;20.8;19.6;18.1;17.9;17.7
2024-04-07 23:37:48;21.3;37.2;56.2;54.5;49.0;55.9;20.6 °C;20.8;19.6;18.1;17.9;17.7
2024-04-07 23:47:44;21.3;37.2;56.2;54.4;49.0;55.9;20.4 °C;20.8;19.7;18.2;17.9;17.7
2024-04-07 23:57:48;21.4;37.1;56.2;54.4;49.0;55.9;20.4 °C;20.8;19.7;18.2;18;17.7
2024-04-08 00:07:45;21.2;37.1;56.2;54.4;48.9;55.9;20.3 °C;20.7;19.7;18.2;18;17.7
2024-04-08 00:17:48;21.1;37.3;56.2;54.3;48.9;55.9;20.2 °C;20.7;19.7;18.2;18;17.7
2024-04-08 00:27:48;21.3;37.1;56.2;54.3;48.9;55.9;20.1 °C;20.6;19.7;18.2;18;17.7
2024-04-08 00:37:44;21.3;37.1;56.2;54.3;48.9;55.9;20 °C;20.6;19.7;18.3;18;17.7
2024-04-08 00:47:41;21.1;37.1;56.2;54.2;48.9;55.9;19.9 °C;20.6;19.7;18.3;18;17.7
2024-04-08 00:57:48;21.1;37.0;56.2;54.2;48.9;55.9;19.8 °C;20.6;19.7;18.3;18;17.7
2024-04-08 01:07:44;21.1;37.0;56.2;54.2;48.8;55.9;19.8 °C;20.5;19.7;18.3;18;17.7
2024-04-08 01:17:49;21.4;37.0;56.2;54.1;48.8;55.9;19.7 °C;20.4;19.7;18.3;18.1;17.8
2024-04-08 01:27:47;21.5;37;56.2;54.1;48.8;55.9;19.6 °C;20.4;19.7;18.3;18.1;17.8
2024-04-08 01:37:46;21.4;37.0;56.2;54.1;48.8;55.9;19.5 °C;20.4;19.7;18.3;18.1;17.8
2024-04-08 01:47:45;21.1;37.0;56.2;54.0;48.8;55.9;19.4 °C;20.4;19.7;18.3;18.1;17.8
2024-04-08 01:57:42;21.4;37.0;56.2;53.9;48.8;55.9;19.3 °C;20.3;19.7;18.3;18.1;17.8
2024-04-08 02:07:49;21.9;36.9;56.2;53.9;48.8;55.9;19.3 °C;20.3;19.7;18.3;18.1;17.8
2024-04-08 02:17:42;22.4;36.9;56.2;53.9;48.8;55.9;19.1 °C;20.3;19.7;18.3;18.1;17.8
2024-04-08 02:27:45;21.6;36.9;56.1;53.8;48.7;55.9;19.1 °C;20.2;19.7;18.3;18.1;17.8
2024-04-08 02:37:46;21.2;36.9;56.1;53.8;48.7;55.9;19 °C;20.2;19.7;18.3;18.1;17.8
2024-04-08 02:47:49;21.2;36.9;56.1;53.7;48.7;55.9;18.9 °C;20.1;19.7;18.4;18.1;17.8
2024-04-08 02:57:46;21.4;36.9;56.1;53.7;48.7;55.9;18.8 °C;20.1;19.7;18.4;18.1;17.8
2024-04-08 03:07:44;21.4;36.9;56.1;53.7;48.7;55.9;18.8 °C;20.1;19.7;18.4;18.1;17.8
2024-04-08 03:17:42;21.4;36.9;56.1;53.6;48.7;55.9;18.7 °C;20;19.7;18.4;18.1;17.8
2024-04-08 03:27:49;21.2;36.9;56.1;53.6;48.7;55.9;18.6 °C;20;19.6;18.4;18.1;17.8
2024-04-08 03:37:42;21.4;36.9;56.1;53.6;48.7;55.9;18.6 °C;19.9;19.6;18.4;18.1;17.8
2024-04-08 03:47:42;21.3;36.9;56.2;53.5;48.7;55.9;18.5 °C;19.9;19.6;18.4;18.1;17.8
2024-04-08 03:57:44;21.4;36.8;56.1;53.5;48.7;55.9;18.4 °C;19.9;19.6;18.4;18.1;17.8
2024-04-08 04:07:45;21.4;36.8;56.1;53.4;48.6;55.9;18.4 °C;19.8;19.6;18.4;18.2;17.8
2024-04-08 04:17:47;21.3;36.8;56.1;53.4;48.6;55.9;18.3 °C;19.8;19.6;18.4;18.2;17.8
2024-04-08 04:27:43;21.4;36.8;56.1;53.3;48.6;55.9;18.3 °C;19.8;19.6;18.4;18.2;17.8
2024-04-08 04:37:43;21.4;36.8;56.1;53.3;48.6;55.9;18.2 °C;19.7;19.6;18.4;18.2;17.8
2024-04-08 04:47:43;21.6;36.8;56.1;53.3;48.6;55.9;18.1 °C;19.7;19.6;18.4;18.2;17.8
2024-04-08 04:57:46;21.7;36.8;56.1;53.3;48.6;55.9;18 °C;19.6;19.6;18.4;18.2;17.8
2024-04-08 05:07:41;21.6;36.7;56.1;53.2;48.6;55.9;17.9 °C;19.6;19.6;18.4;18.2;17.8
2024-04-08 05:17:44;21.5;36.7;56.1;53.2;48.6;55.9;17.9 °C;19.6;19.5;18.4;18.2;17.8
2024-04-08 05:27:49;21.3;36.7;56.1;53.1;48.6;55.9;17.8 °C;19.5;19.5;18.4;18.2;17.8
2024-04-08 05:37:42;21.7;36.7;56.1;53.1;48.6;55.9;17.8 °C;19.5;19.5;18.4;18.2;17.8
2024-04-08 05:47:41;22.1;36.7;56.0;53.0;48.6;55.9;17.7 °C;19.4;19.5;18.4;18.2;17.8
2024-04-08 05:57:44;22.2;36.7;56.0;53.0;48.6;55.9;17.6 °C;19.4;19.5;18.4;18.3;17.9
2024-04-08 06:07:45;21.7;36.7;56.0;53.0;48.6;55.9;17.6 °C;19.4;19.4;18.4;18.3;17.9
2024-04-08 06:17:46;21.9;36.7;56.0;53.0;48.6;55.9;17.6 °C;19.3;19.4;18.4;18.3;17.9
2024-04-08 06:27:42;21.4;36.7;56.0;52.9;48.6;55.9;17.5 °C;19.3;19.4;18.4;18.3;17.9
2024-04-08 06:37:45;21.4;36.7;56.0;52.9;48.6;55.9;17.4 °C;19.3;19.4;18.4;18.3;17.9
2024-04-08 06:47:47;21.5;36.7;56.0;52.9;48.6;55.9;17.4 °C;19.2;19.4;18.4;18.3;17.9
2024-04-08 06:57:47;21.4;36.6;56.0;52.9;48.6;55.9;17.3 °C;19.2;19.4;18.4;18.3;17.9
2024-04-08 07:07:42;21.4;36.7;56.0;52.8;48.6;55.9;17.3 °C;19.1;19.4;18.4;18.3;17.9
2024-04-08 07:17:42;21.4;36.7;56.0;52.8;48.6;55.9;17.3 °C;19.1;19.3;18.4;18.3;17.9
2024-04-08 07:27:49;21.7;36.7;56.0;52.8;48.6;55.9;17.2 °C;19.1;19.3;18.4;18.3;17.9
2024-04-08 07:37:42;21.7;36.6;55.9;52.8;48.6;55.9;17.1 °C;19;19.3;18.4;18.3;17.9
2024-04-08 07:47:41;21.7;36.7;56.0;52.7;48.6;55.9;17.1 °C;19;19.3;18.4;18.3;17.9
2024-04-08 07:57:44;21.6;36.7;55.9;52.7;48.6;55.9;17.1 °C;18.9;19.3;18.4;18.3;17.9
2024-04-08 08:07:45;21.4;36.7;55.9;52.7;48.6;55.9;17.1 °C;18.9;19.3;18.4;18.3;17.9
2024-04-08 08:17:47;21.4;36.6;55.9;52.7;48.6;55.9;17 °C;18.9;19.3;18.4;18.3;17.9
2024-04-08 08:27:43;21.4;36.6;55.9;52.6;48.6;55.9;17.1 °C;18.8;19.2;18.4;18.3;17.9
2024-04-08 08:37:43;21.5;36.6;55.9;52.6;48.6;55.9;17.1 °C;18.8;19.2;18.4;18.3;17.9
2024-04-08 08:47:42;21.5;36.5;55.9;52.6;48.6;55.9;17.1 °C;18.8;19.2;18.4;18.3;17.9
2024-04-08 08:57:45;21.5;36.7;55.8;52.6;48.6;55.9;17.2 °C;18.8;19.2;18.4;18.3;17.9
2024-04-08 09:07:43;21.5;36.6;55.9;52.6;48.6;55.9;17.3 °C;18.7;19.1;18.4;18.3;17.9
2024-04-08 09:17:48;21.5;36.6;55.8;52.6;48.6;55.9;17.4 °C;18.7;19.1;18.3;18.3;17.9
2024-04-08 09:27:49;21.6;36.6;55.8;52.6;48.6;55.9;17.4 °C;18.6;19.1;18.3;18.3;17.9
2024-04-08 09:37:42;21.6;36.5;55.8;52.6;48.6;55.9;17.6 °C;18.6;19.1;18.3;18.3;17.9
2024-04-08 09:47:41;21.6;36.5;55.8;52.5;48.6;55.9;17.8 °C;18.6;19.1;18.3;18.3;17.9
2024-04-08 09:57:48;21.6;36.5;55.8;52.5;48.6;55.9;17.9 °C;18.6;19.1;18.3;18.3;17.9
2024-04-08 10:07:45;21.5;36.5;55.8;52.5;48.5;55.9;18.1 °C;18.6;19.1;18.3;18.3;17.9
2024-04-08 10:17:47;21.5;36.5;55.8;52.5;48.5;55.9;18.3 °C;18.6;19;18.3;18.3;17.9
2024-04-08 10:27:42;21.6;36.3;55.7;52.4;48.5;55.9;18.5 °C;18.6;19;18.3;18.3;17.9
2024-04-08 10:37:45;21.6;36.3;55.7;52.5;48.5;55.9;18.7 °C;18.6;19;18.3;18.3;17.9
2024-04-08 10:47:43;21.6;36.3;55.7;52.5;48.5;55.9;18.9 °C;18.6;18.9;18.3;18.3;17.9
2024-04-08 10:57:44;21.6;36.3;55.7;52.4;48.5;55.9;19.1 °C;18.6;18.9;18.3;18.3;17.9
2024-04-08 11:07:48;21.6;36.3;55.7;52.5;48.4;55.9;19.3 °C;18.6;18.9;18.3;18.3;17.9
2024-04-08 11:17:41;21.7;36.3;55.7;52.5;48.5;55.9;19.4 °C;18.6;18.9;18.3;18.3;17.9
2024-04-08 11:27:43;21.6;36.3;55.7;52.5;48.4;55.9;19.5 °C;18.6;18.9;18.3;18.3;17.9
2024-04-08 11:47:44;21.7;36.3;55.7;52.6;48.4;55.9;19.7 °C;18.6;18.9;18.3;18.3;17.9
2024-04-08 11:57:46;21.9;36.3;55.6;52.6;48.4;55.9;19.8 °C;18.6;18.9;18.3;18.3;17.9
2024-04-08 12:07:45;21.9;36.3;55.6;52.6;48.4;55.9;19.9 °C;18.7;18.9;18.3;18.3;18
2024-04-08 12:17:42;21.9;36.3;55.6;52.6;48.4;55.9;20 °C;18.7;18.8;18.2;18.3;18
2024-04-08 12:27:42;21.8;36.3;55.6;52.6;48.4;55.9;20.2 °C;18.8;18.8;18.2;18.3;18
2024-04-08 12:37:45;21.9;36.3;55.6;52.6;48.4;55.9;20.3 °C;18.8;18.8;18.2;18.3;18
2024-04-08 12:47:44;21.9;36.4;55.6;52.7;48.4;55.9;20.6 °C;18.8;18.8;18.2;18.3;18
2024-04-08 12:57:46;21.9;36.4;55.6;52.8;48.4;55.9;20.8 °C;18.8;18.8;18.2;18.3;18
2024-04-08 13:07:45;21.9;36.4;55.6;52.8;48.4;55.9;21 °C;18.9;18.8;18.2;18.3;18
2024-04-08 13:17:42;21.9;36.4;55.6;52.9;48.4;55.9;21.3 °C;18.9;18.8;18.2;18.3;18
2024-04-08 13:27:42;21.9;36.4;55.6;53.1;48.4;55.9;21.5 °C;18.9;18.8;18.2;18.3;18
2024-04-08 13:37:45;21.9;36.4;55.6;53.3;48.4;55.9;21.8 °C;19;18.8;18.1;18.3;18
2024-04-08 13:47:44;22.8;36.5;55.6;53.4;48.4;55.9;22 °C;19;18.8;18.1;18.3;18
2024-04-08 13:57:46;24.5;36.5;55.6;53.5;48.4;55.9;22.3 °C;19.1;18.8;18.1;18.3;18
2024-04-08 14:07:44;24.2;36.5;55.6;53.6;48.4;55.9;22.6 °C;19.1;18.8;18.1;18.3;18
2024-04-08 14:17:41;24.4;36.5;55.6;53.8;48.4;55.9;22.8 °C;19.2;18.8;18.1;18.3;18
2024-04-08 14:27:43;24.4;36.5;55.6;53.9;48.4;55.9;23 °C;19.3;18.8;18.1;18.3;18
2024-04-08 14:37:43;24.4;36.6;55.6;54.0;48.4;55.9;23.2 °C;19.3;18.8;18.1;18.3;18
2024-04-08 14:47:48;24.4;36.6;55.6;54.1;48.4;55.9;23.3 °C;19.4;18.8;18.1;18.3;18
2024-04-08 14:57:45;24.4;36.6;55.7;54.2;48.4;55.9;23.4 °C;19.4;18.9;18.1;18.3;18
2024-04-08 15:07:44;24.5;36.6;55.7;54.4;48.4;55.9;23.6 °C;19.5;18.9;18.1;18.3;18
2024-04-08 15:17:45;24.5;36.6;55.7;54.5;48.4;55.9;23.7 °C;19.6;18.9;18.1;18.3;18
2024-04-08 15:27:47;24.6;36.6;55.7;54.5;48.4;55.9;23.8 °C;19.6;18.9;18.1;18.3;18
2024-04-08 15:47:48;24.5;36.7;55.7;54.7;48.4;55.9;23.9 °C;19.8;18.9;18.1;18.3;18
2024-04-08 15:57:41;24.5;36.7;55.7;54.7;48.4;55.9;24 °C;19.9;18.9;18.1;18.3;18
2024-04-08 16:07:48;24.5;36.7;55.7;54.8;48.5;55.9;24.1 °C;19.9;18.9;18.1;18.3;18
2024-04-08 16:17:45;24.8;36.7;55.8;54.9;48.5;55.9;24.1 °C;20;18.9;18.1;18.2;18
2024-04-08 16:27:48;24.6;36.8;55.7;54.9;48.6;55.9;24.1 °C;20.1;19;18.1;18.2;18
2024-04-08 16:37:45;24.7;36.7;55.8;54.9;48.6;55.9;24.1 °C;20.1;19;18.1;18.2;18
2024-04-08 16:47:48;24.7;36.8;55.8;55.0;48.7;55.9;24.2 °C;20.2;19.1;18.1;18.2;18
2024-04-08 16:57:41;24.7;36.8;55.8;55.0;48.8;55.9;24.2 °C;20.3;19.1;18.1;18.2;18
2024-04-08 17:07:47;24.7;36.8;55.8;55.0;48.9;55.9;24.2 °C;20.4;19.1;18.1;18.2;18
2024-04-08 17:37:48;24.8;36.8;55.8;55.1;49;55.9;24.1 °C;20.6;19.2;18.1;18.2;18
2024-04-08 17:47:44;24.8;36.8;55.8;55.1;49.0;55.9;24.1 °C;20.6;19.2;18.1;18.2;18
2024-04-08 17:57:46;24.8;36.9;55.8;55.1;49.1;55.9;24 °C;20.7;19.2;18.1;18.2;18
2024-04-08 18:07:41;24.8;36.9;55.8;55.2;49.1;55.9;23.9 °C;20.7;19.3;18.1;18.2;18
2024-04-08 18:17:48;25.0;36.9;55.9;55.2;49.2;55.9;23.9 °C;20.8;19.3;18.1;18.2;18
2024-04-08 18:27:45;25.0;36.9;55.9;55.2;49.2;55.9;23.8 °C;20.8;19.3;18.2;18.2;18
2024-04-08 18:37:47;25.0;36.9;55.9;55.3;49.2;55.9;23.7 °C;20.9;19.3;18.2;18.2;18
2024-04-08 18:47:50;25.1;37.0;55.9;55.2;49.2;55.9;23.6 °C;20.9;19.4;18.2;18.2;18
2024-04-08 18:57:41;25.2;36.9;55.9;55.2;49.2;55.9;23.4 °C;20.9;19.4;18.2;18.2;18
2024-04-08 19:07:48;25.2;36.9;55.9;55.2;49.3;55.9;23.4 °C;21;19.4;18.2;18.2;18
2024-04-08 19:17:44;25.2;36.9;55.9;55.2;49.3;55.9;23.3 °C;21;19.4;18.2;18.2;18
2024-04-08 19:27:42;25.2;36.9;56.0;55.2;49.3;55.9;23.1 °C;21;19.5;18.2;18.2;18
2024-04-08 19:37:41;25.0;37.0;56.0;55.2;49.3;55.9;23 °C;21.1;19.5;18.2;18.2;18
2024-04-08 19:47:49;25.0;37.0;56.0;55.1;49.3;55.9;22.9 °C;21.1;19.5;18.3;18.2;18
2024-04-08 19:57:46;25.3;37.0;55.9;55.1;49.3;55.9;22.8 °C;21.1;19.6;18.3;18.3;18
2024-04-08 20:07:42;25.0;37.0;56.0;55.1;49.3;55.9;22.6 °C;21.1;19.6;18.3;18.3;18
2024-04-08 20:17:41;25.2;37.0;56.0;55.1;49.3;55.9;22.5 °C;21.1;19.6;18.3;18.3;18
2024-04-08 20:27:48;25.2;37.0;56.0;55.1;49.3;55.9;22.3 °C;21.1;19.6;18.3;18.3;18
2024-04-08 20:37:41;25.2;37.0;56.0;55.1;49.3;55.9;22.2 °C;21.1;19.6;18.3;18.3;18
2024-04-08 20:47:44;25.0;37.0;56;55.1;49.3;55.9;22.1 °C;21.1;19.7;18.3;18.3;18
2024-04-08 20:57:45;25.0;37.0;56.0;55.1;49.3;55.9;21.9 °C;21.1;19.7;18.3;18.3;18
2024-04-08 21:07:47;25.0;37.0;56.0;55.1;49.3;55.9;21.8 °C;21.1;19.8;18.3;18.3;18
2024-04-08 21:17:48;25.0;37.0;56.0;55.1;49.3;55.9;21.7 °C;21.1;19.8;18.3;18.3;18
2024-04-08 21:27:45;24.9;37.0;56.0;55.0;49.3;55.9;21.6 °C;21.1;19.8;18.4;18.3;18
2024-04-08 21:37:47;25.0;36.9;56.0;55.0;49.3;55.9;21.4 °C;21.1;19.8;18.4;18.3;18
2024-04-08 21:47:44;25.2;37.0;56.0;55.0;49.2;55.9;21.3 °C;21.1;19.8;18.4;18.3;18
2024-04-08 21:57:41;25.5;37.0;56.0;55.0;49.2;55.9;21.2 °C;21.1;19.8;18.4;18.3;18
2024-04-08 22:07:47;25.8;37.0;56.0;55.0;49.2;55.9;21.1 °C;21.1;19.8;18.4;18.3;18
2024-04-08 22:17:43;26.2;36.9;56.1;54.9;49.2;55.9;21 °C;21;19.9;18.4;18.3;18
2024-04-08 22:27:48;26.5;36.9;56.0;54.9;49.2;55.9;20.9 °C;21;19.9;18.4;18.3;18
2024-04-08 22:37:46;25.5;36.9;56.1;54.9;49.2;55.9;20.8 °C;21;19.9;18.4;18.3;18
2024-04-08 22:47:46;25.5;36.9;56.1;54.9;49.1;55.9;20.7 °C;20.9;19.9;18.4;18.3;18
2024-04-08 22:57:42;25.7;36.9;56.1;54.9;49.1;55.9;20.6 °C;20.9;19.9;18.4;18.3;18
2024-04-08 23:07:46;25.8;36.9;56.1;54.9;49.1;55.9;20.4 °C;20.9;19.9;18.5;18.3;18
2024-04-08 23:17:45;25.8;36.9;56.0;54.8;49.1;55.9;20.4 °C;20.9;19.9;18.5;18.3;18
2024-04-08 23:27:47;25.5;36.8;56.0;54.8;49.1;55.9;20.3 °C;20.9;19.9;18.5;18.3;18
2024-04-08 23:37:48;25.8;36.8;56.0;54.8;49.0;55.9;20.2 °C;20.8;19.9;18.5;18.3;18
2024-04-08 23:47:41;26.0;36.8;56.0;54.7;49.0;55.9;20.1 °C;20.8;19.9;18.5;18.3;18
2024-04-08 23:57:48;26;36.8;56.0;54.7;49.0;55.9;20 °C;20.8;19.9;18.6;18.4;18
2024-04-09 00:07:41;26.0;36.8;56.0;54.6;49.0;55.9;19.9 °C;20.7;19.9;18.6;18.4;18.1
2024-04-09 00:17:48;25.8;36.8;56.0;54.6;48.9;56.0;19.8 °C;20.7;19.9;18.6;18.4;18.1
2024-04-09 00:27:45;26.3;36.8;56.0;54.5;48.9;55.9;19.8 °C;20.6;19.9;18.6;18.4;18.1
2024-04-09 00:37:48;25.7;36.8;56.0;54.5;48.9;55.9;19.6 °C;20.6;19.9;18.6;18.4;18.1
2024-04-09 00:47:46;25.8;36.7;56.0;54.4;48.9;56.0;19.6 °C;20.6;19.9;18.6;18.4;18.1
2024-04-09 00:57:45;25.9;36.7;56.0;54.4;48.9;56.0;19.5 °C;20.6;19.9;18.6;18.4;18.1
2024-04-09 01:07:47;25.8;36.7;56.0;54.4;48.9;56.0;19.4 °C;20.5;19.9;18.6;18.4;18.1
2024-04-09 01:17:44;26.0;36.7;56.0;54.3;48.8;55.9;19.3 °C;20.4;19.9;18.6;18.4;18.1
2024-04-09 01:27:41;26.0;36.7;56.0;54.3;48.8;55.9;19.3 °C;20.4;19.9;18.6;18.4;18.1
2024-04-09 01:37:48;25.8;36.7;56.0;54.2;48.8;56.0;19.2 °C;20.4;19.9;18.6;18.4;18.1
2024-04-09 01:47:42;25.9;36.7;56.0;54.2;48.8;56.0;19.1 °C;20.4;19.9;18.6;18.4;18.1
2024-04-09 01:57:44;26.0;36.6;56.0;54.1;48.8;56.0;19.1 °C;20.3;19.9;18.6;18.4;18.1
2024-04-09 02:07:46;25.9;36.6;56.0;54.1;48.8;56.0;18.9 °C;20.3;19.9;18.6;18.4;18.1
2024-04-09 02:17:45;25.9;36.6;56.0;54.0;48.8;56.0;18.9 °C;20.3;19.9;18.6;18.4;18.1
2024-04-09 02:27:44;25.9;36.6;56.0;54.0;48.8;56.0;18.8 °C;20.2;19.9;18.6;18.4;18.1
2024-04-09 02:37:45;25.9;36.6;56.0;53.9;48.8;56.0;18.8 °C;20.2;19.9;18.6;18.4;18.1
2024-04-09 02:47:47;25.7;36.6;56.0;53.9;48.7;56.0;18.7 °C;20.1;19.9;18.7;18.4;18.1
2024-04-09 02:57:43;26.1;36.5;56.0;53.8;48.7;56.0;18.6 °C;20.1;19.9;18.7;18.4;18.1
2024-04-09 03:07:48;25.8;36.5;56.0;53.8;48.7;56.0;18.6 °C;20.1;19.9;18.7;18.4;18.1
2024-04-09 03:17:41;25.8;36.6;56.0;53.8;48.7;56.0;18.5 °C;20;19.9;18.7;18.4;18.1
2024-04-09 03:27:47;25.8;36.5;56.0;53.7;48.7;56.0;18.4 °C;20;19.8;18.7;18.5;18.1
2024-04-09 03:37:48;25.8;36.5;56.0;53.7;48.7;56.0;18.4 °C;19.9;19.8;18.7;18.5;18.1
2024-04-09 03:47:42;25.8;36.5;56.0;53.6;48.7;56.0;18.3 °C;19.9;19.8;18.7;18.5;18.1
2024-04-09 03:57:42;25.9;36.5;56.0;53.6;48.7;56.0;18.3 °C;19.9;19.8;18.7;18.5;18.1
2024-04-09 04:07:46;26.0;36.5;56.0;53.5;48.7;56.0;18.2 °C;19.8;19.8;18.7;18.5;18.1
2024-04-09 04:17:45;26.0;36.5;56.0;53.5;48.7;56.0;18.1 °C;19.8;19.8;18.7;18.5;18.1
2024-04-09 04:27:43;25.9;36.4;56.0;53.4;48.7;56.0;18.1 °C;19.8;19.8;18.7;18.5;18.1
2024-04-09 04:37:47;26.1;36.5;56.0;53.4;48.7;56.0;18 °C;19.7;19.8;18.7;18.5;18.1
2024-04-09 04:47:43;26.0;36.4;55.9;53.3;48.7;56.0;17.9 °C;19.7;19.8;18.7;18.5;18.1
2024-04-09 04:57:43;25.9;36.4;55.9;53.3;48.7;56.0;17.9 °C;19.6;19.8;18.7;18.5;18.1
2024-04-09 05:07:48;26.1;36.4;55.9;53.3;48.7;56.0;17.9 °C;19.6;19.7;18.7;18.5;18.1
2024-04-09 05:17:42;26.2;36.4;55.9;53.2;48.7;56.0;17.8 °C;19.6;19.7;18.7;18.5;18.1
2024-04-09 05:27:41;27.2;36.4;55.9;53.2;48.7;56.0;17.8 °C;19.5;19.7;18.7;18.5;18.1
2024-04-09 05:37:43;26.1;36.4;55.9;53.1;48.7;56.0;17.7 °C;19.5;19.7;18.7;18.5;18.1
2024-04-09 05:47:43;26.1;36.4;55.9;53.1;48.6;56.0;17.6 °C;19.4;19.6;18.7;18.6;18.2
2024-04-09 05:57:48;26.1;36.4;55.9;53.1;48.6;56.0;17.6 °C;19.4;19.6;18.7;18.6;18.2
2024-04-09 06:07:46;26.1;36.4;55.9;53.0;48.6;55.9;17.6 °C;19.4;19.6;18.7;18.6;18.2
2024-04-09 06:17:40;26.1;36.4;55.8;53.0;48.6;56.0;17.5 °C;19.3;19.6;18.7;18.6;18.2
2024-04-09 06:27:43;26.2;36.4;55.8;53.0;48.6;56.0;17.4 °C;19.3;19.6;18.7;18.6;18.2
2024-04-09 06:37:43;26.2;36.3;55.8;52.9;48.6;56.0;17.4 °C;19.3;19.6;18.7;18.6;18.2
2024-04-09 06:47:44;26.2;36.3;55.8;52.9;48.6;56.0;17.4 °C;19.3;19.6;18.7;18.6;18.2
2024-04-09 06:57:45;26.3;36.3;56.0;52.9;48.6;55.9;17.3 °C;19.2;19.6;18.7;18.6;18.2
2024-04-09 07:07:44;26.3;36.3;56.1;52.9;48.6;55.9;17.3 °C;19.2;19.5;18.6;18.6;18.2
2024-04-09 07:17:46;26.3;36.3;56.1;52.8;48.6;56.0;17.3 °C;19.1;19.5;18.6;18.6;18.2
2024-04-09 07:27:41;26.3;36.3;56.2;52.8;48.6;56.0;17.2 °C;19.1;19.5;18.6;18.6;18.2
2024-04-09 07:37:48;26.3;36.3;56.3;52.8;48.6;56.0;17.2 °C;19.1;19.4;18.6;18.6;18.2
2024-04-09 07:47:45;26.0;36.3;56.3;52.8;48.6;55.9;17.1 °C;19;19.4;18.6;18.6;18.2
2024-04-09 07:57:48;26.3;36.3;56.3;52.7;48.6;56.0;17.1 °C;19;19.4;18.6;18.6;18.2
2024-04-09 08:07:44;26.3;36.3;56.3;52.7;48.6;56.0;17.1 °C;18.9;19.4;18.6;18.6;18.2
2024-04-09 08:17:47;26.2;36.3;56.2;52.7;48.6;56.0;17.1 °C;18.9;19.4;18.6;18.6;18.2
2024-04-09 08:27:43;26.0;36.3;56.1;52.6;48.6;56.0;17.1 °C;18.9;19.4;18.6;18.6;18.2
2024-04-09 08:37:43;26.0;36.3;56.1;52.6;48.6;56.0;17.2 °C;18.9;19.4;18.6;18.6;18.2
2024-04-09 08:47:41;26.0;36.3;56.1;52.6;48.6;56.0;17.3 °C;18.8;19.4;18.6;18.6;18.2
2024-04-09 08:57:47;26.0;36.3;56.0;52.6;48.6;56.0;17.3 °C;18.8;19.3;18.6;18.6;18.3
2024-04-09 09:07:48;26.0;36.3;56.0;52.6;48.6;56.0;17.4 °C;18.8;19.3;18.6;18.6;18.3
2024-04-09 09:17:46;26.0;36.2;56.0;52.6;48.6;56.0;17.4 °C;18.8;19.3;18.6;18.6;18.3
2024-04-09 09:27:42;26.0;36.2;55.9;52.6;48.6;56.0;17.6 °C;18.8;19.3;18.6;18.6;18.3
2024-04-09 09:37:45;26.0;36.3;55.9;52.6;48.5;56.0;17.7 °C;18.7;19.3;18.6;18.6;18.3
2024-04-09 09:47:47;26.0;36.3;55.8;52.5;48.6;56.0;17.8 °C;18.7;19.3;18.6;18.6;18.3
2024-04-09 09:57:41;26.1;36.2;55.8;52.5;48.6;56.0;17.9 °C;18.7;19.2;18.6;18.6;18.3
2024-04-09 10:07:43;26.1;36.2;55.8;52.5;48.6;56.0;18.1 °C;18.6;19.2;18.6;18.6;18.3
2024-04-09 10:17:44;26.1;36.2;55.8;52.5;48.6;56.0;18.3 °C;18.6;19.2;18.6;18.6;18.3
2024-04-09 10:27:40;26.1;36.2;55.8;52.5;48.6;56.0;18.5 °C;18.6;19.2;18.5;18.6;18.3
2024-04-09 10:37:43;26.1;36.2;55.8;52.5;48.5;56.0;18.7 °C;18.6;19.1;18.5;18.6;18.3
2024-04-09 10:47:47;26.1;36.2;55.8;52.5;48.5;56.0;18.9 °C;18.6;19.1;18.5;18.6;18.3
2024-04-09 10:57:48;26.1;36.2;55.8;52.5;48.6;56.0;19.1 °C;18.6;19.1;18.5;18.6;18.3
2024-04-09 11:07:46;26.1;36.2;55.7;52.5;48.5;56.0;19.3 °C;18.6;19.1;18.5;18.6;18.3
2024-04-09 11:17:41;26.5;36.2;55.7;52.5;48.5;56.0;19.5 °C;18.6;19.1;18.5;18.6;18.3
2024-04-09 11:27:44;26.5;36.2;55.7;52.5;48.5;56.0;19.6 °C;18.7;19.1;18.5;18.6;18.3
2024-04-09 11:37:46;26.5;36.3;55.7;52.6;48.5;56.0;19.8 °C;18.7;19.1;18.5;18.6;18.3
2024-04-09 11:47:42;26.5;36.3;55.7;52.6;48.5;56.0;19.8 °C;18.7;19.1;18.4;18.6;18.3
2024-04-09 11:57:47;26.6;36.2;55.7;52.6;48.5;56.0;19.9 °C;18.8;19;18.4;18.6;18.3
2024-04-09 12:07:43;26.5;36.2;55.7;52.6;48.5;56.0;20 °C;18.8;19;18.4;18.6;18.3
2024-04-09 12:17:44;26.5;36.3;55.7;52.6;48.5;56.0;20.1 °C;18.8;19;18.4;18.6;18.3
2024-04-09 12:27:46;26.6;36.3;55.7;52.7;48.5;56.0;20.3 °C;18.8;19;18.4;18.6;18.3
2024-04-09 12:37:45;26.5;36.3;55.7;52.7;48.5;56.0;20.4 °C;18.9;19;18.4;18.6;18.3
2024-04-09 12:47:44;26.5;36.3;55.7;52.8;48.5;56.0;20.6 °C;18.9;19;18.4;18.6;18.3
2024-04-09 12:57:54;26.6;36.3;55.7;52.8;48.5;56.0;20.9 °C;18.9;19;18.4;18.5;18.3
2024-04-09 13:07:45;26.6;36.3;55.6;52.9;48.5;56.0;21.1 °C;18.9;19;18.4;18.5;18.3
2024-04-09 13:17:44;26.6;36.3;55.7;52.9;48.5;56.0;21.4 °C;19;19;18.4;18.5;18.3
2024-04-09 13:27:42;26.6;36.3;55.6;53.0;48.5;56.0;21.6 °C;19.1;19;18.4;18.5;18.3
2024-04-09 13:37:42;26.6;36.3;55.6;53.1;48.5;56.0;21.9 °C;19.1;19;18.4;18.5;18.3
2024-04-09 13:47:43;26.6;36.4;55.6;53.2;48.5;56.0;22.1 °C;19.1;19;18.4;18.5;18.3
2024-04-09 13:57:43;26.6;36.4;55.6;53.4;48.5;56.0;22.4 °C;19.2;19;18.4;18.5;18.3
2024-04-09 14:07:48;26.6;36.4;55.6;53.6;48.5;56.0;22.6 °C;19.3;19;18.4;18.5;18.3
2024-04-09 14:17:46;26.6;36.4;55.6;53.7;48.5;56.0;22.8 °C;19.3;19;18.4;18.5;18.3
2024-04-09 14:27:41;26.6;36.4;55.7;53.8;48.5;56.0;23 °C;19.4;19;18.4;18.5;18.3
2024-04-09 14:37:40;26.6;36.4;55.7;53.9;48.5;56.0;23.2 °C;19.4;19;18.3;18.5;18.3
2024-04-09 14:47:46;26.6;36.5;55.7;54.0;48.5;56.0;23.3 °C;19.5;19;18.3;18.5;18.3
2024-04-09 14:57:43;26.5;36.5;55.7;54.1;48.5;56.0;23.4 °C;19.6;19;18.3;18.5;18.3
2024-04-09 15:07:48;26.6;36.5;55.7;54.2;48.5;56.0;23.6 °C;19.6;19.1;18.3;18.5;18.3
2024-04-09 15:17:45;26.5;36.5;55.7;54.3;48.5;56.0;23.7 °C;19.7;19.1;18.3;18.5;18.3
2024-04-09 15:27:45;26.5;36.6;55.7;54.4;48.5;56.0;23.8 °C;19.8;19.1;18.3;18.5;18.3
2024-04-09 15:37:43;26.5;36.6;55.7;54.5;48.5;56.0;23.9 °C;19.9;19.1;18.3;18.5;18.3
2024-04-09 15:47:44;26.5;36.6;55.7;54.6;48.5;56.0;23.9 °C;19.9;19.1;18.3;18.5;18.3
2024-04-09 15:57:41;26.5;36.6;55.7;54.7;48.5;56.0;24 °C;20;19.1;18.3;18.5;18.3
2024-04-09 16:07:47;26.5;36.6;55.7;54.7;48.5;56.0;24.1 °C;20.1;19.1;18.3;18.4;18.3
2024-04-09 16:17:45;26.5;36.6;55.7;54.8;48.5;56.0;24.1 °C;20.1;19.1;18.3;18.4;18.3
2024-04-09 16:27:43;26.5;36.7;55.7;54.8;48.5;56.0;24.1 °C;20.3;19.2;18.3;18.4;18.3
2024-04-09 16:37:48;26.5;36.7;55.8;54.9;48.5;56.0;24.1 °C;20.3;19.2;18.3;18.4;18.3
2024-04-09 16:47:41;26.6;36.7;55.8;55.0;48.5;56.0;24.1 °C;20.4;19.2;18.3;18.4;18.3
2024-04-09 16:57:47;26.6;36.8;55.8;55.0;48.6;56.0;24.1 °C;20.4;19.3;18.3;18.4;18.3
2024-04-09 17:07:45;26.6;36.8;55.8;55.0;48.6;56.0;24.1 °C;20.5;19.3;18.3;18.4;18.3
2024-04-09 17:17:48;26.6;36.8;55.8;55.1;48.6;56.0;24.1 °C;20.6;19.3;18.3;18.4;18.3
2024-04-09 17:27:45;26.6;36.9;55.8;55.1;48.6;56.0;24.1 °C;20.6;19.3;18.3;18.4;18.3
2024-04-09 17:37:44;26.6;36.9;55.8;55.1;48.6;56.0;24.1 °C;20.7;19.3;18.3;18.4;18.3
2024-04-09 17:47:46;26.6;36.9;55.8;55.0;48.7;56.0;24 °C;20.8;19.4;18.4;18.4;18.3
2024-04-09 17:57:43;26.6;37.0;55.9;55.0;48.7;56.0;23.9 °C;20.8;19.4;18.4;18.4;18.3
2024-04-09 18:07:43;26.6;37.0;55.9;55.0;48.7;56.0;23.9 °C;20.9;19.4;18.4;18.4;18.3
2024-04-09 18:17:40;27.5;37.0;55.9;55.0;48.8;56.0;23.8 °C;20.9;19.4;18.4;18.4;18.3
2024-04-09 18:27:47;27.1;37.0;55.9;55.0;48.8;56.0;23.8 °C;20.9;19.5;18.4;18.4;18.3
2024-04-09 18:37:48;26.8;37.0;55.9;55.0;48.8;56.0;23.6 °C;21;19.5;18.4;18.4;18.3
2024-04-09 18:47:45;26.7;37.0;55.9;55.0;48.9;56.0;23.6 °C;21;19.6;18.4;18.4;18.3
2024-04-09 18:57:41;26.7;37.0;55.9;55.0;48.9;56.0;23.4 °C;21.1;19.6;18.4;18.4;18.3
2024-04-09 19:07:47;26.8;37.0;55.9;55.0;48.9;56.0;23.3 °C;21.1;19.6;18.4;18.4;18.3
2024-04-09 19:27:46;26.9;37.0;56.0;54.9;48.9;56.0;23.1 °C;21.1;19.7;18.4;18.4;18.3
2024-04-09 19:37:47;26.9;37.0;56;54.9;48.9;56.0;23 °C;21.2;19.7;18.4;18.4;18.3
2024-04-09 19:47:43;26.8;37.0;56;54.9;48.9;56.0;22.9 °C;21.2;19.7;18.4;18.4;18.3
2024-04-09 19:57:44;26.8;37.0;56.0;54.9;49.0;56.0;22.8 °C;21.2;19.8;18.4;18.4;18.3
2024-04-09 20:07:46;26.8;37.0;56.0;54.9;49.0;56.0;22.6 °C;21.3;19.8;18.5;18.4;18.3
2024-04-09 20:17:43;26.7;37.0;56.0;54.9;48.9;56.0;22.5 °C;21.3;19.8;18.5;18.4;18.3
2024-04-09 20:27:48;26.8;37.0;56.0;54.9;49.0;56.0;22.4 °C;21.3;19.8;18.5;18.5;18.3
2024-04-09 20:37:42;26.8;37.0;56.1;54.9;48.9;56.0;22.3 °C;21.3;19.8;18.5;18.5;18.3
2024-04-09 20:47:45;26.8;37.0;56.1;54.9;48.9;56.0;22.1 °C;21.3;19.9;18.5;18.5;18.3
2024-04-09 20:57:41;26.8;37;56.1;54.8;48.9;56.0;22 °C;21.3;19.9;18.5;18.5;18.3
2024-04-09 21:07:48;26.8;37;56.1;54.8;48.9;56.0;21.9 °C;21.3;19.9;18.6;18.5;18.3
2024-04-09 21:17:45;27.1;37;56.1;54.8;48.9;56.0;21.7 °C;21.3;19.9;18.6;18.5;18.3
2024-04-09 21:27:44;27.1;37;56.1;54.8;48.9;56.0;21.6 °C;21.3;19.9;18.6;18.5;18.3
2024-04-09 21:37:42;26.8;37.0;56.1;54.7;48.9;56.0;21.5 °C;21.2;19.9;18.6;18.5;18.3
2024-04-09 21:47:42;26.8;37.0;56.1;54.7;48.9;56.0;21.4 °C;21.2;20;18.6;18.5;18.3
2024-04-09 21:57:42;26.8;37.0;56.1;54.7;48.9;56.0;21.3 °C;21.2;20;18.6;18.5;18.3
2024-04-09 22:07:42;27.1;37.0;56.1;54.7;48.9;56.0;21.2 °C;21.2;20;18.6;18.5;18.3
2024-04-09 22:17:47;27.3;36.9;56.1;54.6;48.9;56.0;21.1 °C;21.1;20;18.6;18.5;18.3
2024-04-09 22:27:48;27.3;37.0;56.1;54.6;48.9;56.0;21 °C;21.1;20.1;18.6;18.5;18.3
2024-04-09 22:37:46;27;36.9;56.1;54.6;48.9;56.0;20.9 °C;21.1;20.1;18.6;18.5;18.3
2024-04-09 22:47:42;27.2;37.0;56.1;54.5;48.8;56.0;20.8 °C;21.1;20.1;18.7;18.6;18.3
2024-04-09 22:57:45;27.3;36.9;56.1;54.5;48.8;56.0;20.8 °C;21.1;20.1;18.7;18.6;18.3
2024-04-09 23:07:45;27.3;36.9;56.1;54.5;48.8;56.0;20.6 °C;21;20.1;18.7;18.6;18.3
2024-04-09 23:17:48;27.2;36.9;56.1;54.4;48.8;56.0;20.6 °C;21;20.1;18.7;18.6;18.3
2024-04-09 23:27:45;27.2;36.9;56.2;54.4;48.8;56.0;20.4 °C;20.9;20.1;18.7;18.6;18.3
2024-04-09 23:37:44;27.3;36.8;56.1;54.3;48.8;56.0;20.4 °C;20.9;20.1;18.8;18.6;18.3
2024-04-09 23:47:46;27.3;36.8;56.2;54.3;48.8;56.0;20.3 °C;20.9;20.1;18.8;18.6;18.3
2024-04-09 23:57:43;27.3;36.9;56.1;54.3;48.8;56.0;20.3 °C;20.9;20.1;18.8;18.6;18.3
2024-04-10 00:07:41;27.3;36.8;56.2;54.2;48.8;56.0;20.2 °C;20.9;20.1;18.8;18.6;18.3
2024-04-10 00:17:48;27.3;36.8;56.2;54.1;48.8;56.0;20.1 °C;20.8;20.1;18.8;18.6;18.3
2024-04-10 00:27:42;27.1;36.8;56.1;54.1;48.7;56.0;20 °C;20.8;20.1;18.8;18.6;18.3
2024-04-10 00:37:41;27.2;36.8;56.1;54.1;48.7;56.0;19.9 °C;20.8;20.1;18.8;18.6;18.3
2024-04-10 00:47:40;27.2;36.8;56.1;54.0;48.7;56.0;19.9 °C;20.8;20.1;18.8;18.6;18.3
2024-04-10 00:57:47;27.2;36.8;56.1;53.9;48.7;56.0;19.8 °C;20.7;20.1;18.8;18.6;18.3
2024-04-10 01:07:47;27.4;36.8;56.1;53.9;48.7;56.0;19.7 °C;20.7;20.1;18.8;18.6;18.3
2024-04-10 01:17:44;27.5;36.8;56.1;53.9;48.7;56.0;19.6 °C;20.6;20.1;18.8;18.6;18.3
2024-04-10 01:27:42;27.5;36.7;56.1;53.8;48.7;56.0;19.6 °C;20.6;20.1;18.8;18.6;18.3
2024-04-10 01:37:43;27.3;36.7;56.1;53.8;48.7;56.0;19.5 °C;20.6;20.1;18.8;18.6;18.3
2024-04-10 01:47:43;27.5;36.7;56.1;53.7;48.7;56.0;19.4 °C;20.5;20.1;18.8;18.6;18.3
2024-04-10 01:57:40;27.5;36.7;56.1;53.7;48.7;56.0;19.4 °C;20.5;20.1;18.8;18.6;18.3
2024-04-10 02:07:43;27.5;36.7;56.1;53.6;48.7;56.0;19.3 °C;20.4;20.1;18.9;18.6;18.3
2024-04-10 02:17:48;27.6;36.6;56.1;53.6;48.7;56.0;19.3 °C;20.4;20.1;18.9;18.7;18.3
2024-04-10 02:27:45;27.5;36.6;56.1;53.6;48.7;56.0;19.2 °C;20.4;20.1;18.9;18.7;18.3
2024-04-10 02:37:40;27.5;36.6;56.1;53.5;48.7;56.0;19.1 °C;20.4;20.1;18.9;18.7;18.3
2024-04-10 02:47:43;27.8;36.6;56.1;53.5;48.7;56.0;19.1 °C;20.3;20.1;18.9;18.7;18.3
2024-04-10 02:57:44;28.4;36.6;56.1;53.4;48.7;56.0;19 °C;20.3;20.1;18.9;18.7;18.3
2024-04-10 03:07:42;28.2;36.6;56.0;53.4;48.7;56.0;18.9 °C;20.3;20.1;18.9;18.7;18.3
2024-04-10 03:17:41;27.8;36.6;56.1;53.4;48.7;56.0;18.9 °C;20.3;20.1;18.9;18.7;18.3
2024-04-10 03:27:40;27.6;36.6;56.0;53.3;48.7;56.0;18.8 °C;20.2;20;18.9;18.7;18.4
2024-04-10 03:37:43;27.8;36.5;56.0;53.3;48.7;56.0;18.8 °C;20.1;20;18.9;18.7;18.4
2024-04-10 03:47:47;27.7;36.5;56.0;53.3;48.7;56.0;18.7 °C;20.1;20;18.9;18.7;18.4
2024-04-10 03:57:45;28.2;36.5;56.0;53.2;48.7;56.0;18.6 °C;20.1;20;18.9;18.7;18.4
2024-04-10 04:07:40;27.8;36.5;56.0;53.2;48.7;56.0;18.6 °C;20.1;20;18.9;18.8;18.4
2024-04-10 04:17:43;28.0;36.5;56.0;53.1;48.6;56.0;18.5 °C;20;20;18.9;18.8;18.4
2024-04-10 04:27:40;27.8;36.5;56.0;53.1;48.6;56.0;18.4 °C;20;19.9;18.9;18.8;18.4
2024-04-10 04:37:46;27.9;36.5;56.0;53.1;48.6;56.0;18.4 °C;19.9;19.9;18.9;18.8;18.4
2024-04-10 04:47:47;27.9;36.4;56.0;53.0;48.6;56.0;18.3 °C;19.9;19.9;18.9;18.8;18.4
2024-04-10 04:57:48;27.9;36.4;56.0;53.0;48.6;56.0;18.3 °C;19.9;19.9;18.9;18.8;18.4
2024-04-10 05:07:46;27.8;36.4;55.9;53.0;48.6;56.0;18.2 °C;19.8;19.9;18.9;18.8;18.4
2024-04-10 05:17:45;27.8;36.4;56.0;52.9;48.6;56.0;18.1 °C;19.8;19.9;18.9;18.8;18.4
2024-04-10 05:27:45;27.8;36.4;55.9;52.9;48.6;56.0;18.1 °C;19.8;19.9;18.9;18.8;18.4
2024-04-10 05:37:44;28.2;36.4;55.9;52.9;48.6;56.0;18.1 °C;19.8;19.9;18.9;18.8;18.4
2024-04-10 05:47:47;28.2;36.4;55.9;52.9;48.6;56.0;18 °C;19.7;19.9;18.9;18.8;18.4
2024-04-10 05:57:40;28.3;36.4;55.9;52.8;48.6;56.0;17.9 °C;19.7;19.9;18.9;18.8;18.4
2024-04-10 06:07:46;28.3;36.4;55.9;52.8;48.6;56.0;17.9 °C;19.6;19.8;18.9;18.8;18.4
2024-04-10 06:17:42;28.3;36.4;55.9;52.8;48.6;56.0;17.8 °C;19.6;19.8;18.9;18.8;18.4
2024-04-10 06:27:43;28.1;36.4;55.9;52.8;48.6;56.0;17.8 °C;19.6;19.8;18.9;18.8;18.4
2024-04-10 06:37:47;28.6;36.4;55.9;52.8;48.6;56;17.6 °C;19.5;19.8;18.9;18.8;18.4
2024-04-10 06:47:41;28.0;36.3;55.8;52.7;48.6;56.0;17.6 °C;19.5;19.8;18.9;18.8;18.4
2024-04-10 06:57:40;28.8;36.3;55.8;52.7;48.6;56.0;17.5 °C;19.4;19.8;18.9;18.8;18.4
2024-04-10 07:07:42;28.6;36.3;55.8;52.7;48.6;56;17.4 °C;19.4;19.8;18.9;18.8;18.4
2024-04-10 07:17:42;29.0;36.3;55.8;52.7;48.6;56.0;17.4 °C;19.4;19.7;18.9;18.8;18.4
2024-04-10 07:27:46;27.7;36.3;55.8;52.6;48.6;56.0;17.4 °C;19.3;19.7;18.9;18.8;18.4
2024-04-10 07:37:47;28.2;36.3;55.8;52.6;48.6;56;17.4 °C;19.3;19.7;18.9;18.8;18.4
2024-04-10 07:47:47;28.2;36.3;55.8;52.6;48.6;56.0;17.3 °C;19.3;19.7;18.9;18.8;18.4
2024-04-10 07:57:44;28.3;36.3;55.8;52.6;48.6;56.0;17.3 °C;19.3;19.6;18.9;18.8;18.4
2024-04-10 08:07:46;29.0;36.3;55.8;52.6;48.6;56;17.3 °C;19.2;19.6;18.8;18.8;18.4
2024-04-10 08:17:43;28.0;36.3;55.8;52.6;48.6;56.0;17.3 °C;19.2;19.6;18.8;18.8;18.4
2024-04-10 08:27:41;27.9;36.3;55.8;52.6;48.6;56.0;17.4 °C;19.1;19.6;18.8;18.8;18.4
2024-04-10 08:37:47;27.9;36.3;55.8;52.6;48.6;56.0;17.4 °C;19.1;19.6;18.8;18.8;18.4
2024-04-10 08:47:41;27.7;36.3;55.7;52.6;48.6;56.0;17.4 °C;19.1;19.6;18.8;18.8;18.4
2024-04-10 08:57:40;27.7;36.3;55.7;52.5;48.6;56.0;17.4 °C;19.1;19.6;18.8;18.8;18.4
2024-04-10 09:07:43;27.7;36.2;55.7;52.5;48.6;56;17.5 °C;19;19.5;18.8;18.8;18.4
2024-04-10 09:17:41;27.7;36.3;55.7;52.5;48.6;56.0;17.5 °C;19;19.5;18.8;18.8;18.4
2024-04-10 09:27:43;27.7;36.3;55.7;52.5;48.6;56.0;17.6 °C;18.9;19.5;18.8;18.8;18.4
2024-04-10 09:37:45;27.7;36.3;55.7;52.5;48.6;56;17.6 °C;18.9;19.5;18.8;18.8;18.4
2024-04-10 09:47:40;27.7;36.2;55.7;52.5;48.6;56.0;17.8 °C;18.9;19.4;18.8;18.8;18.4
2024-04-10 09:57:42;27.7;36.2;55.7;52.5;48.6;56;17.9 °C;18.9;19.4;18.8;18.8;18.4
2024-04-10 10:07:47;27.7;36.3;55.7;52.4;48.6;56.0;18 °C;18.9;19.4;18.8;18.8;18.4
2024-04-10 10:17:40;27.7;36.2;55.7;52.4;48.6;56.0;18.1 °C;18.9;19.4;18.8;18.8;18.4
2024-04-10 10:27:43;27.7;36.2;55.6;52.4;48.6;56.0;18.3 °C;18.8;19.4;18.8;18.8;18.4
2024-04-10 10:37:47;27.7;36.2;55.6;52.4;48.6;56.0;18.4 °C;18.8;19.4;18.8;18.8;18.4
2024-04-10 10:47:41;27.7;36.2;55.6;52.4;48.6;56.0;18.5 °C;18.8;19.4;18.8;18.8;18.4
2024-04-10 10:57:40;27.7;36.2;55.6;52.4;48.6;56.0;18.6 °C;18.8;19.3;18.8;18.8;18.4
2024-04-10 11:07:43;27.7;36.2;55.6;52.4;48.6;56.0;18.8 °C;18.8;19.3;18.8;18.8;18.5
2024-04-10 11:17:40;27.7;36.2;55.6;52.4;48.6;56.0;18.9 °C;18.8;19.3;18.7;18.8;18.5
2024-04-10 11:27:44;27.7;36.2;55.6;52.4;48.6;56.0;19 °C;18.8;19.3;18.7;18.8;18.5
2024-04-10 11:37:45;27.8;36.3;55.6;52.4;48.6;56.0;19.1 °C;18.8;19.3;18.7;18.8;18.5
2024-04-10 11:47:41;27.7;36.2;55.6;52.4;48.6;56.0;19.3 °C;18.8;19.3;18.7;18.8;18.5
2024-04-10 11:57:41;27.8;36.3;55.6;52.4;48.6;56.0;19.3 °C;18.9;19.3;18.7;18.8;18.5
2024-04-10 12:07:43;27.7;36.2;55.6;52.4;48.5;56.0;19.4 °C;18.9;19.3;18.7;18.8;18.5
2024-04-10 12:17:41;27.7;36.2;55.6;52.4;48.5;56.0;19.6 °C;18.9;19.3;18.7;18.8;18.5
2024-04-10 12:27:41;27.7;36.2;55.6;52.4;48.5;56.0;19.8 °C;18.9;19.2;18.6;18.8;18.5
2024-04-10 12:37:43;27.8;36.2;55.6;52.4;48.5;56.0;19.9 °C;18.9;19.2;18.6;18.8;18.5
2024-04-10 12:47:45;27.8;36.2;55.6;52.5;48.5;56.0;20.1 °C;18.9;19.2;18.6;18.8;18.5
2024-04-10 12:57:40;27.8;36.2;55.5;52.5;48.5;56.0;20.3 °C;18.9;19.2;18.6;18.8;18.5
2024-04-10 13:07:43;27.8;36.2;55.5;52.5;48.5;56.0;20.4 °C;19;19.2;18.6;18.8;18.5
2024-04-10 13:17:44;27.8;36.3;55.5;52.5;48.5;56.0;20.7 °C;19;19.2;18.6;18.8;18.5
2024-04-10 13:27:48;27.8;36.3;55.5;52.6;48.5;56.0;20.9 °C;19.1;19.2;18.6;18.8;18.5
2024-04-10 13:37:45;27.8;36.3;55.5;52.6;48.5;56.0;21.2 °C;19.1;19.2;18.6;18.8;18.5
2024-04-10 13:47:41;28.3;36.3;55.5;52.7;48.5;56.0;21.4 °C;19.1;19.2;18.6;18.8;18.5
2024-04-10 13:57:45;27.8;36.3;55.5;52.8;48.5;56.0;21.7 °C;19.2;19.2;18.6;18.8;18.5
2024-04-10 14:07:47;27.8;36.3;55.5;52.8;48.5;56.0;21.9 °C;19.3;19.2;18.6;18.8;18.5
2024-04-10 14:17:41;27.8;36.3;55.5;52.9;48.5;56.0;22.2 °C;19.3;19.2;18.6;18.8;18.5
2024-04-10 14:27:40;27.8;36.3;55.5;53.0;48.5;56.0;22.4 °C;19.3;19.2;18.6;18.8;18.5
2024-04-10 14:37:47;27.8;36.3;55.5;53.1;48.5;56.0;22.6 °C;19.4;19.2;18.6;18.8;18.5
2024-04-10 14:47:41;27.8;36.4;55.5;53.3;48.5;56.0;22.7 °C;19.4;19.2;18.6;18.7;18.5
2024-04-10 14:57:41;27.8;36.5;55.5;53.3;48.5;56.0;22.9 °C;19.5;19.2;18.6;18.7;18.5
2024-04-10 15:07:41;27.8;36.5;55.5;53.4;48.5;56.0;23 °C;19.6;19.2;18.6;18.7;18.5
2024-04-10 15:17:45;27.8;36.5;55.5;53.5;48.5;56.0;23.1 °C;19.6;19.2;18.6;18.7;18.5
2024-04-10 15:27:41;27.8;36.5;55.5;53.5;48.5;56.0;23.3 °C;19.7;19.2;18.6;18.7;18.5
2024-04-10 15:37:41;27.8;36.5;55.5;53.6;48.5;56.0;23.4 °C;19.8;19.2;18.5;18.7;18.5
2024-04-10 15:47:40;27.8;36.6;55.5;53.7;48.5;56.0;23.5 °C;19.8;19.3;18.5;18.7;18.5
2024-04-10 15:57:46;27.8;36.6;55.5;53.7;48.5;56.0;23.6 °C;19.9;19.3;18.5;18.7;18.5
2024-04-10 16:07:46;27.8;36.6;55.5;53.8;48.5;56.0;23.8 °C;20;19.3;18.5;18.7;18.5
2024-04-10 16:17:46;27.8;36.6;55.5;53.8;48.5;56.0;23.8 °C;20.1;19.3;18.5;18.7;18.5
2024-04-10 16:27:46;27.8;36.6;55.6;53.9;48.5;56.0;23.9 °C;20.1;19.3;18.5;18.7;18.5
2024-04-10 16:37:43;27.8;36.7;55.6;53.9;48.5;56.0;23.9 °C;20.2;19.3;18.5;18.7;18.5
2024-04-10 16:47:40;27.9;36.7;55.5;53.9;48.5;56.0;23.9 °C;20.3;19.3;18.5;18.7;18.5
2024-04-10 16:57:47;27.9;36.7;55.6;54.0;48.6;56.0;23.9 °C;20.3;19.3;18.5;18.7;18.5
2024-04-10 17:07:41;27.9;36.7;55.6;54.0;48.6;56.0;23.9 °C;20.4;19.4;18.5;18.7;18.5
2024-04-10 17:17:41;27.9;36.7;55.6;54.0;48.6;56.0;23.8 °C;20.5;19.4;18.5;18.7;18.5
2024-04-10 17:27:41;27.9;36.8;55.6;54.1;48.6;56.0;23.8 °C;20.6;19.4;18.5;18.7;18.5
2024-04-10 17:37:44;27.9;36.8;55.6;54.1;48.6;56.0;23.7 °C;20.6;19.4;18.5;18.7;18.4
2024-04-10 17:47:42;27.9;36.8;55.6;54.1;48.6;56.0;23.6 °C;20.7;19.4;18.5;18.7;18.4
2024-04-10 17:57:47;27.9;36.8;55.6;54.1;48.6;56.0;23.6 °C;20.8;19.5;18.5;18.7;18.5
2024-04-10 18:07:45;27.9;36.8;55.6;54.1;48.6;56.0;23.4 °C;20.8;19.5;18.6;18.7;18.4
2024-04-10 18:17:44;27.9;36.8;55.6;54.1;48.6;56.0;23.4 °C;20.8;19.6;18.6;18.7;18.4
2024-04-10 18:27:43;27.9;36.8;55.6;54.1;48.6;56.0;23.3 °C;20.9;19.6;18.6;18.7;18.4
2024-04-10 18:37:40;28.2;36.9;55.6;54.1;48.7;56.0;23.3 °C;20.9;19.6;18.6;18.7;18.4
2024-04-10 18:47:46;28.2;36.9;55.7;54.1;48.7;56.0;23.2 °C;20.9;19.6;18.6;18.7;18.4
2024-04-10 18:57:43;28.2;36.9;55.7;54.1;48.7;56.0;23.1 °C;21;19.6;18.6;18.7;18.4
2024-04-10 19:07:45;28.3;36.9;55.7;54.1;48.7;56.0;23 °C;21;19.7;18.6;18.7;18.4
2024-04-10 19:17:39;28.1;36.9;55.7;54.1;48.7;56.0;22.9 °C;21;19.7;18.6;18.7;18.4
2024-04-10 19:27:46;28.2;36.9;55.7;54.1;48.7;56.0;22.8 °C;21.1;19.8;18.6;18.6;18.4
2024-04-10 19:37:46;28.2;36.9;55.7;54.1;48.8;56.0;22.8 °C;21.1;19.8;18.6;18.7;18.4
2024-04-10 19:47:43;28.2;36.9;55.7;54.1;48.8;56.0;22.6 °C;21.1;19.8;18.6;18.7;18.4
2024-04-10 19:57:44;28.2;36.9;55.7;54.1;48.8;56.0;22.6 °C;21.1;19.8;18.6;18.7;18.4
2024-04-10 20:07:47;28.1;36.9;55.7;54.1;48.8;56.0;22.4 °C;21.1;19.8;18.6;18.7;18.4
2024-04-10 20:17:41;27.9;36.9;55.8;54.1;48.8;56.0;22.3 °C;21.1;19.9;18.6;18.7;18.4
2024-04-10 20:27:40;27.9;36.9;55.7;54.1;48.8;56.0;22.3 °C;21.1;19.9;18.6;18.7;18.4
2024-04-10 20:37:47;27.9;36.9;55.8;54.1;48.8;56.0;22.1 °C;21.1;19.9;18.6;18.7;18.4
2024-04-10 20:47:40;28.1;36.9;55.7;54.1;48.8;56.0;22.1 °C;21.1;19.9;18.7;18.7;18.4
2024-04-10 20:57:43;28.1;36.9;55.8;54.1;48.8;56.0;21.9 °C;21.1;19.9;18.7;18.7;18.4
2024-04-10 21:07:45;27.9;36.9;55.8;54.0;48.8;56.0;21.9 °C;21.1;19.9;18.7;18.7;18.4
2024-04-10 21:17:44;27.9;36.9;55.8;54.0;48.8;56.0;21.8 °C;21.1;19.9;18.7;18.7;18.4
2024-04-10 21:27:39;27.9;36.9;55.8;54.0;48.8;56.1;21.7 °C;21.1;20;18.7;18.7;18.4
2024-04-10 21:37:41;27.9;36.9;55.8;54.0;48.8;56.0;21.6 °C;21.1;20;18.7;18.7;18.4
2024-04-10 21:47:41;27.9;36.9;55.8;54.0;48.8;56.0;21.5 °C;21.1;20;18.8;18.7;18.4
2024-04-10 21:57:42;27.9;36.9;55.8;53.9;48.8;56.1;21.4 °C;21.1;20.1;18.8;18.7;18.4
2024-04-10 22:07:45;27.8;36.9;55.8;53.9;48.8;56.1;21.3 °C;21.1;20.1;18.8;18.7;18.4
2024-04-10 22:17:46;27.9;36.9;55.8;53.9;48.8;56.1;21.3 °C;21.1;20.1;18.8;18.7;18.4
2024-04-10 22:27:46;28.0;36.8;55.8;53.9;48.7;56.0;21.2 °C;21.1;20.1;18.8;18.7;18.4
2024-04-10 22:37:47;27.9;36.8;55.8;53.8;48.8;56.1;21.1 °C;21.1;20.1;18.8;18.7;18.4
2024-04-10 22:57:45;28.0;36.8;55.8;53.8;48.7;56.0;20.9 °C;21;20.1;18.8;18.7;18.4
2024-04-10 23:07:45;28.0;36.8;55.8;53.8;48.7;56.1;20.9 °C;21;20.1;18.8;18.8;18.4
2024-04-10 23:17:43;28.0;36.8;55.8;53.7;48.7;56.0;20.8 °C;21;20.1;18.8;18.8;18.5
2024-04-10 23:27:42;28.0;36.8;55.8;53.7;48.7;56.1;20.8 °C;20.9;20.1;18.8;18.8;18.5
2024-04-10 23:37:42;28.1;36.7;55.8;53.7;48.7;56.0;20.7 °C;20.9;20.1;18.8;18.8;18.5
2024-04-10 23:47:42;28.0;36.7;55.8;53.6;48.7;56.0;20.6 °C;20.9;20.1;18.9;18.8;18.5
2024-04-10 23:57:40;28.0;36.8;55.8;53.6;48.7;56.0;20.6 °C;20.9;20.1;18.9;18.8;18.5
2024-04-11 00:07:43;28.0;36.8;55.8;53.6;48.7;56.1;20.6 °C;20.9;20.1;18.9;18.8;18.5
2024-04-11 00:17:45;28.0;36.8;55.8;53.5;48.7;56.1;20.5 °C;20.9;20.1;18.9;18.8;18.5
2024-04-11 00:27:40;28.0;36.7;55.8;53.5;48.7;56.0;20.4 °C;20.8;20.2;18.9;18.8;18.5
2024-04-11 00:37:42;28.0;36.7;55.8;53.5;48.7;56.0;20.4 °C;20.8;20.2;18.9;18.8;18.5
2024-04-11 00:47:44;28.2;36.7;55.8;53.4;48.7;56.0;20.3 °C;20.8;20.2;18.9;18.8;18.5
2024-04-11 00:57:46;28.3;36.7;55.8;53.4;48.6;56.1;20.3 °C;20.8;20.2;18.9;18.8;18.5
2024-04-11 01:07:47;28.2;36.7;55.8;53.4;48.7;56.1;20.2 °C;20.8;20.2;18.9;18.8;18.5
2024-04-11 01:17:44;28.1;36.7;55.8;53.3;48.7;56.1;20.1 °C;20.7;20.2;18.9;18.8;18.5
2024-04-11 01:27:44;28.6;36.7;55.8;53.3;48.7;56.1;20.1 °C;20.7;20.2;18.9;18.8;18.5
2024-04-11 01:37:46;28.2;36.7;55.8;53.3;48.6;56.1;20.1 °C;20.7;20.2;18.9;18.8;18.5
2024-04-11 01:47:43;28.6;36.7;55.8;53.2;48.7;56.1;20 °C;20.6;20.2;18.9;18.8;18.5
2024-04-11 01:57:40;28.6;36.6;55.8;53.2;48.7;56.1;19.9 °C;20.6;20.2;18.9;18.8;18.5
2024-04-11 02:07:47;28.6;36.6;55.8;53.2;48.6;56.1;19.9 °C;20.6;20.1;18.9;18.8;18.5
2024-04-11 02:17:41;28.6;36.6;55.8;53.1;48.7;56.1;19.9 °C;20.6;20.1;18.9;18.8;18.5
2024-04-11 02:27:41;28.6;36.6;55.8;53.1;48.6;56.1;19.8 °C;20.6;20.1;18.9;18.8;18.5
2024-04-11 02:37:41;29.0;36.6;55.8;53.1;48.6;56.1;19.8 °C;20.5;20.1;19;18.8;18.5
2024-04-11 02:47:45;28.6;36.5;55.8;53;48.6;56.1;19.8 °C;20.5;20.1;19;18.8;18.5
2024-04-11 02:57:40;28.7;36.5;55.8;53.0;48.6;56.1;19.7 °C;20.4;20.1;19;18.8;18.5
2024-04-11 03:07:39;28.6;36.5;55.8;53.0;48.6;56.1;19.6 °C;20.4;20.1;19;18.9;18.5
2024-04-11 03:17:42;28.7;36.5;55.7;52.9;48.6;56.1;19.6 °C;20.4;20.1;19;18.9;18.5
2024-04-11 03:27:42;28.8;36.5;55.7;52.9;48.6;56.1;19.5 °C;20.4;20.1;19;18.9;18.5
2024-04-11 03:37:46;28.8;36.5;55.7;52.8;48.6;56.0;19.5 °C;20.4;20.1;19;18.9;18.6
2024-04-11 03:47:44;28.8;36.5;55.7;52.8;48.6;56.0;19.4 °C;20.3;20.1;19;18.9;18.6
2024-04-11 03:57:42;28.8;36.5;55.7;52.8;48.6;56.1;19.4 °C;20.3;20.1;19;18.9;18.6
2024-04-11 04:07:46;28.8;36.4;55.7;52.8;48.6;56.1;19.3 °C;20.3;20.1;19;18.9;18.6
2024-04-11 04:17:40;28.8;36.5;55.7;52.8;48.6;56.1;19.3 °C;20.3;20.1;19;18.9;18.6
2024-04-11 04:27:47;28.7;36.5;55.7;52.7;48.6;56.1;19.3 °C;20.3;20.1;19;18.9;18.6
2024-04-11 04:37:45;28.5;36.4;55.7;52.7;48.6;56.1;19.2 °C;20.2;20.1;19;18.9;18.6
2024-04-11 04:47:45;28.7;36.4;55.7;52.7;48.6;56.1;19.2 °C;20.2;20.1;19;18.9;18.6
2024-04-11 04:57:41;28.5;36.4;55.7;52.7;48.6;56.1;19.1 °C;20.2;20.1;19;18.9;18.6
2024-04-11 05:07:44;28.8;36.4;55.7;52.7;48.6;56.1;19.1 °C;20.1;20.1;19;18.9;18.6
2024-04-11 05:17:46;28.8;36.4;55.7;52.6;48.6;56.1;19 °C;20.1;20.1;19;18.9;18.6
2024-04-11 05:27:40;28.8;36.4;55.7;52.6;48.6;56.1;18.9 °C;20.1;20;19;18.9;18.6
2024-04-11 05:37:42;29.4;36.4;55.7;52.6;48.6;56.1;18.9 °C;20.1;20;19;18.9;18.6
2024-04-11 05:47:39;29.2;36.4;55.7;52.6;48.6;56.0;18.9 °C;20.1;20;19;18.9;18.6
2024-04-11 05:57:46;29.1;36.3;55.7;52.6;48.6;56.1;18.8 °C;20;20;19;18.9;18.6
2024-04-11 06:07:47;29.3;36.3;55.7;52.5;48.6;56.1;18.8 °C;20;20;19;18.9;18.6
2024-04-11 06:17:44;29.8;36.3;55.7;52.6;48.6;56.1;18.8 °C;19.9;20;19;18.9;18.6
2024-04-11 06:27:40;29.7;36.3;55.7;52.5;48.6;56.1;18.7 °C;19.9;20;19;18.9;18.6
2024-04-11 06:37:47;29.6;36.3;55.7;52.5;48.6;56.1;18.6 °C;19.9;19.9;19;18.9;18.6
2024-04-11 06:47:40;29.9;36.3;55.6;52.5;48.6;56.1;18.6 °C;19.9;19.9;19;18.9;18.6
2024-04-11 06:57:43;29.9;36.3;55.7;52.5;48.6;56.1;18.6 °C;19.9;19.9;19;18.9;18.6
2024-04-11 07:07:41;29.8;36.3;55.6;52.5;48.6;56.1;18.5 °C;19.8;19.9;19;18.9;18.6
2024-04-11 07:17:41;29.7;36.3;55.6;52.5;48.6;56.1;18.5 °C;19.8;19.9;19;18.9;18.6
2024-04-11 07:27:45;29.3;36.3;55.6;52.4;48.6;56.0;18.4 °C;19.8;19.9;19;18.9;18.6
2024-04-11 07:37:41;29.2;36.3;55.6;52.4;48.6;56.1;18.4 °C;19.8;19.9;19;18.9;18.6
2024-04-11 07:47:46;28.8;36.3;55.6;52.4;48.6;56.1;18.4 °C;19.8;19.9;19;18.9;18.6
2024-04-11 07:57:47;28.9;36.3;55.6;52.4;48.6;56.1;18.4 °C;19.7;19.9;19;18.9;18.6
2024-04-11 08:07:41;28.9;36.3;55.6;52.4;48.6;56.0;18.4 °C;19.7;19.9;19;18.9;18.6
2024-04-11 08:17:40;28.9;36.3;55.6;52.4;48.6;56.1;18.4 °C;19.6;19.9;19;18.9;18.6
2024-04-11 08:27:44;28.8;36.3;55.6;52.4;48.6;56.1;18.4 °C;19.6;19.8;19;18.9;18.6
2024-04-11 08:37:47;28.8;36.2;55.5;52.4;48.6;56.1;18.5 °C;19.6;19.8;19;18.9;18.6
2024-04-11 08:47:44;29.1;36.2;55.5;52.3;48.6;56.1;18.6 °C;19.6;19.8;19;18.9;18.6
2024-04-11 08:57:40;28.8;36.2;55.5;52.3;48.6;56.1;18.6 °C;19.6;19.8;19;18.9;18.6
2024-04-11 09:07:46;28.9;36.3;55.5;52.4;48.6;56.1;18.6 °C;19.5;19.8;18.9;18.9;18.6
2024-04-11 09:17:40;28.9;36.3;55.5;52.4;48.6;56.1;18.7 °C;19.5;19.8;18.9;18.9;18.6
2024-04-11 09:27:44;28.9;36.2;55.5;52.4;48.6;56.1;18.8 °C;19.5;19.8;18.9;18.9;18.6
2024-04-11 09:37:42;28.9;36.2;55.5;52.3;48.6;56.1;18.8 °C;19.5;19.8;18.9;18.9;18.6
2024-04-11 09:47:39;28.9;36.2;55.5;52.3;48.6;56.1;18.9 °C;19.4;19.8;18.9;18.9;18.6
2024-04-11 09:57:41;28.9;36.2;55.5;52.3;48.6;56.1;18.9 °C;19.4;19.7;18.9;18.9;18.6
2024-04-11 10:07:42;28.9;36.2;55.5;52.3;48.6;56.1;19 °C;19.4;19.7;18.9;18.9;18.6
2024-04-11 10:17:47;28.9;36.2;55.5;52.3;48.6;56.1;19.1 °C;19.4;19.7;18.9;18.9;18.6
2024-04-11 10:27:45;28.9;36.2;55.5;52.3;48.6;56.1;19.1 °C;19.4;19.7;18.9;18.9;18.6
2024-04-11 10:37:40;28.9;36.2;55.5;52.3;48.6;56.1;19.2 °C;19.4;19.7;18.9;18.9;18.6
2024-04-11 10:47:40;28.9;36.2;55.5;52.3;48.6;56.1;19.3 °C;19.4;19.7;18.9;18.9;18.6
2024-04-11 10:57:44;28.9;36.2;55.5;52.3;48.6;56.1;19.3 °C;19.4;19.6;18.9;18.9;18.6
2024-04-11 11:07:46;29.0;36.2;55.5;52.2;48.6;56.1;19.4 °C;19.4;19.6;18.9;18.9;18.6
2024-04-11 11:17:44;29.0;36.2;55.5;52.2;48.6;56.1;19.4 °C;19.4;19.6;18.9;18.9;18.6
2024-04-11 11:27:39;29;36.2;55.4;52.2;48.6;56.1;19.5 °C;19.4;19.6;18.9;18.9;18.6
2024-04-11 11:37:46;29.0;36.2;55.4;52.2;48.6;56.1;19.6 °C;19.4;19.6;18.9;18.9;18.6
2024-04-11 11:47:39;29.0;36.2;55.4;52.2;48.6;56.1;19.6 °C;19.4;19.6;18.9;18.9;18.6
2024-04-11 11:57:46;29.0;36.2;55.4;52.2;48.6;56.1;19.7 °C;19.4;19.6;18.9;18.9;18.6
2024-04-11 12:07:44;29.2;36.2;55.4;52.2;48.6;56.1;19.8 °C;19.4;19.6;18.9;18.9;18.6
2024-04-11 12:17:46;29.0;36.2;55.4;52.2;48.6;56.1;19.9 °C;19.4;19.6;18.9;18.9;18.6
2024-04-11 12:27:43;29.0;36.2;55.4;52.2;48.6;56.1;19.9 °C;19.4;19.6;18.9;18.9;18.6
2024-04-11 12:37:46;29.0;36.2;55.4;52.2;48.6;56.1;20.1 °C;19.4;19.6;18.9;18.9;18.6
2024-04-11 12:47:43;29.0;36.2;55.4;52.2;48.6;56.1;20.1 °C;19.5;19.6;18.9;18.9;18.6
2024-04-11 12:57:41;29.0;36.2;55.4;52.2;48.6;56.1;20.3 °C;19.5;19.6;18.9;18.9;18.6
2024-04-11 13:07:44;29.0;36.2;55.4;52.2;48.6;56.1;20.3 °C;19.5;19.6;18.9;18.9;18.6
2024-04-11 13:17:44;29.1;36.2;55.4;52.2;48.6;56.1;20.4 °C;19.5;19.6;18.9;18.9;18.6
2024-04-11 13:27:40;29.0;36.2;55.4;52.2;48.6;56.1;20.6 °C;19.6;19.5;18.8;18.9;18.6
2024-04-11 13:37:42;29.0;36.2;55.4;52.2;48.6;56.1;20.7 °C;19.6;19.5;18.8;18.9;18.7
2024-04-11 13:47:40;29.0;36.2;55.4;52.2;48.6;56.1;20.8 °C;19.6;19.5;18.8;18.9;18.7
2024-04-11 13:57:43;29.0;36.2;55.4;52.3;48.6;56.1;20.9 °C;19.6;19.5;18.8;18.9;18.7
2024-04-11 14:07:42;29.0;36.2;55.4;52.3;48.6;56.1;21 °C;19.6;19.5;18.8;18.9;18.6
2024-04-11 14:17:43;29.0;36.3;55.4;52.3;48.6;56.1;21.1 °C;19.6;19.5;18.8;18.9;18.7
2024-04-11 14:27:41;29.1;36.3;55.4;52.3;48.6;56.1;21.2 °C;19.7;19.5;18.8;18.9;18.7
2024-04-11 14:37:42;29.1;36.3;55.4;52.3;48.6;56.1;21.3 °C;19.7;19.5;18.8;18.9;18.7
2024-04-11 14:47:44;29.1;36.3;55.4;52.3;48.6;56.1;21.3 °C;19.8;19.5;18.8;18.9;18.7
2024-04-11 14:57:46;29.1;36.3;55.4;52.4;48.6;56.1;21.4 °C;19.8;19.5;18.8;18.9;18.7
2024-04-11 15:07:44;29.1;36.3;55.4;52.4;48.6;56.1;21.5 °C;19.8;19.5;18.8;18.9;18.7
2024-04-11 15:17:39;29.1;36.4;55.4;52.4;48.6;56.0;21.6 °C;19.8;19.5;18.8;18.9;18.7
2024-04-11 15:27:45;29.1;36.4;55.4;52.4;48.6;56.1;21.7 °C;19.9;19.6;18.8;18.9;18.7
2024-04-11 15:37:41;29.0;36.4;55.4;52.4;48.6;56.1;21.8 °C;19.9;19.6;18.8;18.9;18.7
2024-04-11 15:47:41;29.0;36.4;55.4;52.4;48.6;56.1;21.9 °C;19.9;19.6;18.8;18.9;18.7
2024-04-11 15:57:45;29.0;36.5;55.4;52.4;48.6;56.1;21.9 °C;19.9;19.6;18.8;18.9;18.7
2024-04-11 16:07:42;29.0;36.5;55.4;52.5;48.6;56.1;22.1 °C;20;19.6;18.8;18.9;18.7
2024-04-11 16:17:43;29.0;36.5;55.4;52.5;48.6;56.1;22.1 °C;20;19.6;18.8;18.9;18.7
2024-04-11 16:27:42;29.0;36.5;55.4;52.5;48.6;56.1;22.2 °C;20.1;19.6;18.8;18.9;18.6
2024-04-11 16:37:40;29.0;36.5;55.4;52.5;48.6;56.0;22.3 °C;20.1;19.6;18.8;18.9;18.7
2024-04-11 16:47:41;29.0;36.5;55.4;52.6;48.6;56.0;22.3 °C;20.1;19.6;18.8;18.9;18.7
2024-04-11 16:57:44;29.0;36.5;55.4;52.7;48.6;56.0;22.4 °C;20.2;19.6;18.8;18.9;18.7
2024-04-11 17:07:40;29.0;36.5;55.4;52.8;48.6;56.1;22.4 °C;20.2;19.6;18.8;18.9;18.7
2024-04-11 17:17:39;29.0;36.6;55.4;52.8;48.6;56.1;22.5 °C;20.3;19.6;18.8;18.9;18.7
2024-04-11 17:27:42;29.0;36.5;55.4;52.8;48.5;56.1;22.6 °C;20.3;19.6;18.8;18.9;18.6
2024-04-11 17:37:42;29.0;36.6;55.4;52.8;48.5;56.1;22.6 °C;20.3;19.6;18.8;18.9;18.7
2024-04-11 17:47:44;29.1;36.6;55.4;52.9;48.5;56.1;22.6 °C;20.4;19.6;18.8;18.9;18.7
2024-04-11 17:57:39;29.1;36.7;55.4;52.9;48.6;56.1;22.6 °C;20.4;19.7;18.8;18.9;18.7
2024-04-11 18:07:42;29.1;36.6;55.4;52.9;48.5;56.1;22.6 °C;20.4;19.7;18.8;18.9;18.7
2024-04-11 18:17:43;29.1;36.7;55.4;52.9;48.5;56.1;22.6 °C;20.5;19.7;18.8;18.9;18.6
2024-04-11 18:27:45;29.1;36.7;55.4;52.9;48.5;56.1;22.6 °C;20.5;19.7;18.8;18.9;18.7
2024-04-11 18:37:46;29.1;36.6;55.4;52.9;48.6;56.1;22.5 °C;20.6;19.7;18.8;18.9;18.7
2024-04-11 18:47:44;29.2;36.7;55.4;52.9;48.6;56.1;22.4 °C;20.6;19.8;18.8;18.9;18.6
2024-04-11 18:57:44;29.1;36.7;55.4;52.8;48.6;56.1;22.4 °C;20.6;19.8;18.8;18.9;18.6
2024-04-11 19:07:44;29.2;36.6;55.4;52.8;48.5;56.1;22.3 °C;20.6;19.8;18.8;18.9;18.6
2024-04-11 19:17:43;29.3;36.7;55.4;52.8;48.6;56.1;22.2 °C;20.7;19.8;18.8;18.9;18.7
2024-04-11 19:27:45;29.3;36.7;55.4;52.8;48.6;56.1;22.1 °C;20.7;19.8;18.8;18.9;18.6
2024-04-11 19:37:42;29.3;36.7;55.4;52.8;48.5;56.1;22.1 °C;20.8;19.8;18.8;18.9;18.6
2024-04-11 19:47:40;29.3;36.7;55.4;52.7;48.5;56.1;21.9 °C;20.8;19.8;18.8;18.9;18.6
2024-04-11 19:57:44;29.2;36.7;55.4;52.7;48.6;56.1;21.9 °C;20.8;19.9;18.8;18.9;18.6
2024-04-11 20:07:44;29.0;36.7;55.4;52.7;48.5;56.1;21.8 °C;20.8;19.9;18.8;18.9;18.6
2024-04-11 20:17:40;29.0;36.7;55.4;52.7;48.6;56.1;21.6 °C;20.8;19.9;18.8;18.9;18.6
2024-04-11 20:27:40;29.0;36.7;55.4;52.6;48.6;56.1;21.6 °C;20.8;19.9;18.8;18.9;18.6
2024-04-11 20:37:43;29.0;36.7;55.4;52.6;48.5;56.1;21.4 °C;20.8;19.9;18.8;18.9;18.6
2024-04-11 20:47:45;29;36.7;55.4;52.6;48.6;56.1;21.4 °C;20.8;19.9;18.8;18.9;18.6
2024-04-11 20:57:45;29.0;36.7;55.4;52.6;48.5;56.1;21.3 °C;20.8;19.9;18.9;18.9;18.6
2024-04-11 21:07:45;29.0;36.7;55.4;52.6;48.6;56.1;21.2 °C;20.8;19.9;18.9;18.9;18.6
2024-04-11 21:17:41;29.0;36.6;55.4;52.5;48.5;56.1;21.1 °C;20.8;19.9;18.9;18.9;18.7
2024-04-11 21:27:42;29.0;36.6;55.5;52.5;48.5;56.1;21 °C;20.8;20;18.9;18.9;18.6
2024-04-11 21:37:39;29.0;36.6;55.5;52.5;48.6;56.1;20.9 °C;20.8;20;18.9;18.9;18.6
2024-04-11 21:47:46;29.0;36.6;55.5;52.5;48.6;56.1;20.9 °C;20.8;20;18.9;18.9;18.7
2024-04-11 21:57:44;29.0;36.6;55.5;52.5;48.6;56.1;20.8 °C;20.8;20;18.9;18.9;18.6
2024-04-11 22:07:39;29.0;36.6;55.5;52.5;48.6;56.1;20.7 °C;20.8;20;18.9;18.9;18.6
2024-04-11 22:17:41;29.0;36.6;55.5;52.5;48.6;56.1;20.6 °C;20.8;20.1;18.9;18.9;18.7
2024-04-11 22:27:42;29.0;36.6;55.5;52.5;48.6;56.1;20.6 °C;20.8;20.1;18.9;18.9;18.7
2024-04-11 22:37:40;29;36.6;55.5;52.4;48.6;56.1;20.5 °C;20.8;20.1;18.9;18.9;18.7
2024-04-11 22:47:40;29.0;36.6;55.5;52.4;48.6;56.1;20.4 °C;20.8;20.1;18.9;18.9;18.7
2024-04-11 22:57:39;29.0;36.6;55.5;52.4;48.6;56.1;20.4 °C;20.7;20.1;18.9;18.9;18.7
2024-04-11 23:07:42;29.0;36.6;55.5;52.4;48.6;56.1;20.3 °C;20.7;20.1;18.9;18.9;18.7
2024-04-11 23:17:42;29.1;36.6;55.5;52.4;48.6;56.1;20.2 °C;20.7;20.1;18.9;18.9;18.7
2024-04-11 23:27:41;29.1;36.6;55.5;52.4;48.6;56.1;20.1 °C;20.6;20.1;18.9;18.9;18.7
2024-04-11 23:37:45;29.1;36.5;55.5;52.4;48.6;56.1;20.1 °C;20.6;20.1;18.9;18.9;18.7
2024-04-11 23:47:46;29.1;36.5;55.5;52.4;48.6;56.1;20.1 °C;20.6;20.1;18.9;18.9;18.7
2024-04-11 23:57:38;29.0;36.5;55.5;52.3;48.6;56.1;20 °C;20.6;20.1;18.9;18.9;18.7
2024-04-12 00:07:41;29.5;36.5;55.5;52.3;48.6;56.1;19.9 °C;20.6;20.1;19;18.9;18.7
2024-04-12 00:17:41;29.4;36.4;55.5;52.3;48.6;56.1;19.9 °C;20.6;20.1;19;18.9;18.7
2024-04-12 00:27:42;29.4;36.5;55.5;52.3;48.6;56.1;19.8 °C;20.5;20.1;19;18.9;18.7
2024-04-12 00:37:44;29.5;36.4;55.4;52.3;48.6;56.1;19.8 °C;20.5;20.1;19;18.9;18.7
2024-04-12 00:47:40;29.3;36.4;55.4;52.3;48.6;56.1;19.7 °C;20.5;20.1;19;18.9;18.7
2024-04-12 00:57:39;29.5;36.4;55.5;52.3;48.6;56.1;19.6 °C;20.4;20.1;19;18.9;18.7
2024-04-12 01:07:39;29.6;36.4;55.5;52.2;48.6;56.1;19.6 °C;20.4;20.1;19;18.9;18.7
2024-04-12 01:17:45;29.5;36.4;55.4;52.2;48.6;56.1;19.6 °C;20.4;20.1;19;18.9;18.7
2024-04-12 01:27:46;29.4;36.4;55.5;52.2;48.6;56.1;19.5 °C;20.4;20.1;19;18.9;18.7
2024-04-12 01:37:42;29.5;36.4;55.4;52.2;48.6;56.1;19.4 °C;20.4;20.1;19;18.9;18.7
2024-04-12 01:47:41;29.5;36.3;55.4;52.2;48.6;56.1;19.4 °C;20.3;20.1;19;18.9;18.7
2024-04-12 01:57:40;29.6;36.3;55.4;52.2;48.6;56.1;19.3 °C;20.3;20.1;19;18.9;18.7
2024-04-12 02:07:41;29.5;36.3;55.4;52.2;48.6;56.1;19.3 °C;20.3;20.1;19;18.9;18.7
2024-04-12 02:17:41;29.1;36.3;55.4;52.2;48.6;56.1;19.3 °C;20.3;20.1;19;18.9;18.7
2024-04-12 02:27:46;29.4;36.3;55.4;52.2;48.6;56.1;19.2 °C;20.3;20.1;19.1;19;18.7
2024-04-12 02:37:44;29.5;36.3;55.4;52.2;48.6;56.1;19.1 °C;20.2;20.1;19.1;19;18.7
2024-04-12 02:47:39;29.5;36.3;55.4;52.2;48.6;56.1;19.1 °C;20.2;20.1;19.1;19;18.7
2024-04-12 02:57:39;29.5;36.3;55.4;52.2;48.5;56.1;19.1 °C;20.1;20.1;19.1;19;18.7
2024-04-12 03:07:45;29.7;36.3;55.4;52.2;48.5;56.1;19 °C;20.1;20.1;19.1;19;18.7
2024-04-12 03:17:42;29.7;36.3;55.4;52.2;48.6;56.1;18.9 °C;20.1;20.1;19.1;19;18.7
2024-04-12 03:27:44;29.2;36.3;55.4;52.2;48.6;56.1;18.9 °C;20.1;20;19.1;19;18.7
2024-04-12 03:37:39;29.5;36.3;55.4;52.2;48.6;56.1;18.9 °C;20.1;20;19.1;19;18.7
2024-04-12 03:47:43;29.5;36.2;55.3;52.2;48.6;56.1;18.8 °C;20;20;19.1;19;18.7
2024-04-12 03:57:41;29.4;36.2;55.3;52.2;48.6;56.1;18.8 °C;20;20;19.1;19;18.7
2024-04-12 04:07:42;29.7;36.2;55.3;52.1;48.6;56.1;18.8 °C;20;20;19.1;19;18.7
2024-04-12 04:17:43;29.6;36.2;55.3;52.1;48.6;56.1;18.7 °C;19.9;20;19.1;19;18.7
2024-04-12 04:27:45;29.6;36.2;55.3;52.2;48.6;56.1;18.6 °C;19.9;20;19.1;19;18.7
2024-04-12 04:37:43;29.5;36.2;55.3;52.1;48.6;56.1;18.6 °C;19.9;19.9;19.1;19;18.7
2024-04-12 04:47:41;29.4;36.2;55.3;52.1;48.6;56.1;18.6 °C;19.9;19.9;19.1;19;18.7
2024-04-12 04:57:42;29.5;36.2;55.3;52.1;48.6;56.1;18.5 °C;19.8;19.9;19.1;19;18.7
2024-04-12 05:07:39;29.6;36.2;55.3;52.1;48.6;56.1;18.4 °C;19.8;19.9;19.1;19;18.8
2024-04-12 05:17:46;29.5;36.2;55.3;52.1;48.6;56.1;18.4 °C;19.8;19.9;19.1;19;18.8
2024-04-12 05:27:44;29.6;36.2;55.3;52.1;48.6;56.1;18.4 °C;19.8;19.9;19.1;19;18.8
2024-04-12 05:37:40;29.6;36.2;55.3;52.1;48.6;56.1;18.3 °C;19.8;19.9;19.1;19;18.8
2024-04-12 05:47:39;29.7;36.2;55.3;52.1;48.6;56.1;18.3 °C;19.7;19.9;19.1;19;18.8
2024-04-12 05:57:46;29.6;36.2;55.3;52.1;48.6;56.1;18.3 °C;19.7;19.9;19.1;19;18.8
2024-04-12 06:07:40;29.7;36.2;55.3;52.1;48.6;56.1;18.2 °C;19.6;19.9;19;19;18.8
2024-04-12 06:17:40;29.7;36.2;55.3;52.0;48.6;56.1;18.2 °C;19.6;19.9;19;19;18.8
2024-04-12 06:27:40;29.7;36.2;55.3;52.0;48.6;56.1;18.1 °C;19.6;19.9;19;19;18.8
2024-04-12 06:37:43;29.8;36.2;55.3;52.0;48.6;56.1;18.1 °C;19.6;19.8;19;19;18.8
2024-04-12 06:47:38;29.8;36.2;55.3;52.0;48.6;56.1;18.1 °C;19.6;19.8;19;19;18.8
2024-04-12 06:57:41;29.6;36.1;55.3;52.0;48.6;56.1;18 °C;19.5;19.8;19;19;18.8
2024-04-12 07:07:45;29.6;36.1;55.3;52.0;48.6;56.1;18 °C;19.5;19.8;19;19;18.8
2024-04-12 07:17:41;30.1;36.1;55.2;52.0;48.6;56.0;18 °C;19.5;19.8;19;19.1;18.8
2024-04-12 07:27:42;29.9;36.1;55.2;52.0;48.6;56.0;18 °C;19.4;19.8;19;19;18.8
2024-04-12 07:37:41;30.2;36.1;55.2;52.0;48.6;56.1;17.9 °C;19.4;19.8;19;19;18.8
2024-04-12 07:47:41;30.1;36.1;55.2;52.0;48.6;56.1;18 °C;19.4;19.8;19;19;18.8
2024-04-12 07:57:45;29.7;36.1;55.2;52.0;48.6;56.1;18 °C;19.4;19.8;19;19;18.8
2024-04-12 08:07:39;29.5;36.1;55.2;52.0;48.6;56.1;18 °C;19.4;19.7;19;19.1;18.8
2024-04-12 08:17:42;29.6;36.1;55.2;52.0;48.6;56.0;18 °C;19.3;19.7;19;19;18.8
2024-04-12 08:27:44;29.5;36.1;55.2;52.0;48.6;56.1;18.1 °C;19.3;19.7;19;19;18.8
2024-04-12 08:37:44;29.6;36.1;55.2;51.9;48.6;56.1;18.1 °C;19.3;19.7;19;19;18.8
2024-04-12 08:47:40;29.6;36.1;55.2;52.0;48.5;56.1;18.1 °C;19.3;19.6;19;19;18.8
2024-04-12 08:57:40;29.5;36.1;55.2;52.0;48.6;56.1;18.3 °C;19.3;19.6;18.9;19;18.8
2024-04-12 09:07:43;29.5;36.1;55.2;52.0;48.6;56.0;18.3 °C;19.2;19.6;18.9;19;18.8
2024-04-12 09:17:46;29.5;36.1;55.1;51.9;48.6;56.1;18.4 °C;19.2;19.6;18.9;19;18.8
2024-04-12 09:27:43;29.5;36.1;55.1;51.9;48.5;56.1;18.5 °C;19.2;19.6;18.9;19;18.8
2024-04-12 09:37:41;29.6;36.0;55.1;51.9;48.6;56.0;18.6 °C;19.2;19.6;18.9;19;18.8
2024-04-12 09:47:39;29.5;36.1;55.1;51.9;48.5;56.1;18.8 °C;19.1;19.6;18.9;19;18.8
2024-04-12 09:57:46;29.6;36.1;55.1;51.9;48.5;56.1;18.9 °C;19.1;19.6;18.9;19;18.8
2024-04-12 10:07:40;29.6;36.1;55.1;51.9;48.5;56.0;19.1 °C;19.1;19.6;18.9;19;18.8
2024-04-12 10:17:40;29.6;36.1;55.1;51.9;48.6;56.0;19.2 °C;19.1;19.6;18.9;19;18.8
2024-04-12 10:27:39;29.6;36.1;55.1;51.9;48.6;56.1;19.4 °C;19.1;19.5;18.9;19;18.8
2024-04-12 10:37:42;30.4;36.1;55.1;51.9;48.5;56.0;19.5 °C;19.1;19.5;18.9;19;18.8
2024-04-12 10:47:41;29.7;36.1;55.1;51.9;48.5;56.1;19.8 °C;19.1;19.5;18.9;19;18.8
2024-04-12 10:57:46;29.8;36.1;55.1;51.9;48.5;56.0;19.9 °C;19.1;19.5;18.9;19;18.8
2024-04-12 11:07:44;29.8;36.1;55.1;51.9;48.5;56.1;20 °C;19.2;19.5;18.9;19;18.8
2024-04-12 11:17:44;29.8;36.0;55.1;51.9;48.5;56.1;20.1 °C;19.2;19.4;18.9;19;18.8
2024-04-12 11:27:39;29.8;36.1;55.1;51.9;48.5;56.1;20.1 °C;19.2;19.4;18.9;19;18.8
2024-04-12 11:37:42;29.8;36.1;55.1;51.9;48.5;56.1;20.2 °C;19.2;19.4;18.9;19;18.8
2024-04-12 11:47:45;29.8;36.1;55.1;51.9;48.5;56.1;20.3 °C;19.3;19.4;18.9;19;18.8
2024-04-12 11:57:42;29.8;36.1;55.1;51.9;48.5;56.1;20.3 °C;19.3;19.4;18.9;19;18.8
2024-04-12 12:07:43;29.8;36.1;55.1;51.8;48.5;56.0;20.4 °C;19.3;19.4;18.9;19;18.8
2024-04-12 12:17:42;29.8;36.1;55.0;51.8;48.5;56.0;20.5 °C;19.3;19.4;18.8;19;18.8
2024-04-12 12:27:44;29.8;36.1;55.1;51.9;48.5;56.1;20.7 °C;19.3;19.4;18.8;19;18.8
2024-04-12 12:37:45;29.8;36.1;55.1;51.9;48.5;56.0;20.9 °C;19.4;19.4;18.8;19;18.8
2024-04-12 12:47:41;29.8;36.1;55.0;51.9;48.5;56.0;21.1 °C;19.4;19.4;18.8;19;18.8
2024-04-12 12:57:39;29.9;36.0;55.1;51.9;48.5;56.0;21.3 °C;19.4;19.4;18.8;19;18.8
2024-04-12 13:07:46;29.9;36.1;55.0;51.8;48.5;56.0;21.5 °C;19.4;19.4;18.8;19;18.8
2024-04-12 13:17:39;29.9;36.1;55.0;51.9;48.5;56.0;21.8 °C;19.5;19.4;18.8;19;18.8
2024-04-12 13:27:38;29.9;36.1;55.0;51.9;48.5;56.0;22 °C;19.5;19.4;18.8;19;18.8
2024-04-12 13:37:40;29.9;36.3;55.1;51.9;48.5;56.0;22.3 °C;19.6;19.4;18.8;19;18.8
2024-04-12 13:47:40;29.9;36.0;55.0;51.9;48.5;56.0;22.5 °C;19.6;19.4;18.8;18.9;18.8
2024-04-12 13:57:44;29.8;36.4;55.0;51.9;48.5;56.0;22.8 °C;19.6;19.4;18.8;19;18.8
2024-04-12 14:07:44;29.9;36.1;55.0;51.9;48.5;56.0;23 °C;19.7;19.4;18.8;18.9;18.8
2024-04-12 14:17:45;29.8;36.1;55.0;51.9;48.5;56.0;23.3 °C;19.8;19.4;18.8;18.9;18.8
2024-04-12 14:27:43;29.8;36.1;55.0;51.9;48.5;56.0;23.4 °C;19.8;19.4;18.8;18.9;18.8
2024-04-12 14:37:45;29.8;36.2;55.0;52.0;48.5;56.0;23.6 °C;19.9;19.4;18.8;18.9;18.8
2024-04-12 14:47:38;29.8;36.2;55.0;52.0;48.5;56.0;23.8 °C;19.9;19.4;18.8;18.9;18.8
2024-04-12 14:57:45;29.8;36.2;55.1;52.1;48.5;56.0;23.9 °C;20;19.4;18.8;18.9;18.8
2024-04-12 15:07:41;29.8;36.2;55.0;52.1;48.5;56.0;24.1 °C;20.1;19.5;18.8;18.9;18.8
2024-04-12 15:17:39;29.9;36.3;55.0;52.1;48.5;56.0;24.2 °C;20.1;19.5;18.8;18.9;18.8
2024-04-12 15:27:38;29.8;36.3;55.0;52.1;48.5;56.0;24.4 °C;20.3;19.5;18.8;18.9;18.8
2024-04-12 15:37:45;29.8;36.3;55.0;52.1;48.5;56.0;24.4 °C;20.3;19.5;18.8;18.9;18.8
2024-04-12 15:47:43;29.9;36.4;55.1;52.2;48.5;56.0;24.6 °C;20.4;19.5;18.8;18.9;18.8
2024-04-12 15:57:42;29.9;36.4;55.0;52.3;48.5;56.0;24.7 °C;20.4;19.6;18.8;18.9;18.8
2024-04-12 16:07:43;29.9;36.4;55.0;52.4;48.5;56.0;24.8 °C;20.6;19.6;18.8;18.9;18.8
2024-04-12 16:17:42;29.9;36.4;55.1;52.5;48.5;56.0;24.9 °C;20.6;19.6;18.8;18.9;18.8
2024-04-12 16:27:45;29.9;36.4;55.1;52.6;48.5;56.0;25 °C;20.7;19.6;18.8;18.9;18.8
2024-04-12 16:37:45;29.9;36.4;55.0;52.6;48.5;56.0;25.1 °C;20.8;19.6;18.8;18.9;18.8
2024-04-12 16:47:38;29.9;36.5;55.1;52.7;48.5;56.0;25.1 °C;20.9;19.7;18.8;18.9;18.8
2024-04-12 16:57:45;29.9;36.5;55.1;52.7;48.5;56.0;25.2 °C;20.9;19.7;18.8;18.9;18.8
2024-04-12 17:07:41;29.9;36.5;55.1;52.7;48.5;56.0;25.3 °C;21;19.7;18.8;18.9;18.8
2024-04-12 17:17:38;29.9;36.6;55.1;52.8;48.5;56.0;25.3 °C;21.1;19.8;18.8;18.9;18.8
2024-04-12 17:27:40;29.9;36.6;55.1;52.8;48.5;56.0;25.3 °C;21.2;19.8;18.8;18.9;18.8
2024-04-12 17:37:41;29.9;36.6;55.1;52.8;48.5;56.0;25.3 °C;21.3;19.8;18.8;18.9;18.8
2024-04-12 17:47:42;29.9;36.6;55.1;52.9;48.5;56.0;25.3 °C;21.3;19.8;18.8;18.9;18.8
2024-04-12 17:57:40;29.9;36.6;55.1;52.8;48.5;56.0;25.3 °C;21.4;19.9;18.8;18.9;18.8
2024-04-12 18:07:44;29.9;36.6;55.1;52.9;48.5;56.0;25.2 °C;21.4;19.9;18.8;18.9;18.8
2024-04-12 18:17:45;29.9;36.6;55.1;52.9;48.5;56.0;25.1 °C;21.5;19.9;18.8;18.9;18.8
2024-04-12 18:27:39;29.9;36.7;55.1;52.9;48.5;56.0;25 °C;21.6;19.9;18.8;18.9;18.8
2024-04-12 18:37:41;29.8;36.7;55.1;52.9;48.5;56.0;24.9 °C;21.6;20;18.8;18.9;18.8
2024-04-12 18:47:38;29.8;36.7;55.2;52.9;48.5;56.0;24.8 °C;21.7;20;18.8;18.9;18.8
2024-04-12 18:57:44;29.8;36.7;55.2;52.9;48.5;56.0;24.7 °C;21.7;20.1;18.9;18.9;18.8
2024-04-12 19:07:45;29.8;36.7;55.2;52.8;48.5;56.0;24.6 °C;21.8;20.1;18.9;18.9;18.8
2024-04-12 19:17:43;29.8;36.7;55.2;52.8;48.5;56.0;24.4 °C;21.8;20.1;18.9;18.9;18.8
2024-04-12 19:27:41;29.8;36.8;55.2;52.8;48.5;56.0;24.3 °C;21.8;20.1;18.9;18.9;18.8
2024-04-12 19:37:38;29.8;36.7;55.2;52.8;48.5;56.0;24.2 °C;21.9;20.2;18.9;18.9;18.8
2024-04-12 19:47:44;29.8;36.8;55.2;52.8;48.5;56.0;24.1 °C;21.9;20.2;18.9;18.9;18.8
2024-04-12 19:57:41;29.7;36.8;55.2;52.8;48.5;56.1;23.9 °C;21.9;20.3;18.9;18.9;18.8
2024-04-12 20:07:42;29.7;36.8;55.2;52.8;48.5;56.0;23.8 °C;21.9;20.3;18.9;18.9;18.8
2024-04-12 20:17:40;29.7;36.8;55.2;52.8;48.5;56.1;23.7 °C;21.9;20.3;18.9;18.9;18.8
2024-04-12 20:27:40;29.7;36.8;55.2;52.8;48.5;56.0;23.6 °C;22;20.3;18.9;18.9;18.8
2024-04-12 20:37:44;29.7;36.8;55.2;52.7;48.5;56.0;23.4 °C;22;20.4;19;18.9;18.8
2024-04-12 20:47:40;29.7;36.8;55.3;52.7;48.5;56.0;23.3 °C;22;20.4;19;18.9;18.8
2024-04-12 20:57:46;29.7;36.8;55.3;52.7;48.5;56.0;23.2 °C;22;20.4;19;18.9;18.8
2024-04-12 21:07:43;29.7;36.8;55.3;52.7;48.5;56.0;23.1 °C;22;20.4;19;18.9;18.8
2024-04-12 21:17:43;29.7;36.8;55.3;52.7;48.5;56.0;23 °C;22;20.4;19;18.9;18.8
2024-04-12 21:27:38;29.7;36.7;55.3;52.7;48.5;56.0;22.9 °C;22;20.5;19.1;19;18.8
2024-04-12 21:37:45;29.7;36.7;55.3;52.6;48.5;56.0;22.8 °C;22;20.5;19.1;19;18.8
2024-04-12 21:47:38;29.7;36.7;55.3;52.6;48.5;56.0;22.6 °C;22;20.6;19.1;19;18.8
2024-04-12 21:57:45;29.6;36.7;55.3;52.6;48.5;56.1;22.5 °C;22;20.6;19.1;19;18.8
2024-04-12 22:07:43;29.6;36.7;55.3;52.6;48.5;56.0;22.4 °C;21.9;20.6;19.1;19;18.8
2024-04-12 22:17:45;29.6;36.7;55.3;52.6;48.5;56.0;22.3 °C;21.9;20.6;19.1;19;18.8
2024-04-12 22:27:43;29.6;36.7;55.3;52.5;48.5;56.1;22.2 °C;21.9;20.6;19.1;19;18.8
2024-04-12 22:37:42;29.6;36.6;55.3;52.5;48.5;56.1;22.1 °C;21.9;20.6;19.1;19;18.8
2024-04-12 22:47:45;29.6;36.6;55.3;52.5;48.5;56.0;22.1 °C;21.9;20.6;19.2;19;18.8
2024-04-12 22:57:39;29.9;36.6;55.4;52.5;48.5;56.0;21.9 °C;21.9;20.7;19.2;19;18.8
2024-04-12 23:07:45;29.6;36.6;55.3;52.4;48.5;56.0;21.9 °C;21.9;20.7;19.2;19;18.8
2024-04-12 23:17:39;29.6;36.6;55.4;52.4;48.5;56.1;21.8 °C;21.8;20.7;19.2;19.1;18.8
2024-04-12 23:27:43;29.6;36.6;55.4;52.4;48.5;56.1;21.7 °C;21.8;20.7;19.2;19.1;18.8
2024-04-12 23:37:41;29.6;36.5;55.4;52.4;48.5;56.1;21.6 °C;21.8;20.7;19.3;19.1;18.8
2024-04-12 23:47:39;29.6;36.5;55.3;52.4;48.5;56.1;21.5 °C;21.8;20.8;19.3;19.1;18.8
2024-04-12 23:57:38;29.6;36.5;55.3;52.3;48.5;56.1;21.4 °C;21.8;20.8;19.3;19.1;18.8
2024-04-13 00:07:45;29.6;36.5;55.3;52.3;48.5;56.1;21.3 °C;21.7;20.8;19.3;19.1;18.8
2024-04-13 00:17:42;29.6;36.5;55.4;52.3;48.5;56.1;21.3 °C;21.7;20.8;19.3;19.1;18.8
2024-04-13 00:27:40;29.6;36.6;55.3;52.3;48.5;56.1;21.1 °C;21.6;20.8;19.3;19.1;18.8
2024-04-13 00:37:44;29.6;36.5;55.4;52.3;48.5;56.1;21.1 °C;21.6;20.8;19.3;19.1;18.8
2024-04-13 00:47:41;29.6;36.5;55.3;52.2;48.5;56.1;21 °C;21.6;20.8;19.3;19.1;18.8
2024-04-13 00:57:39;29.6;36.5;55.4;52.2;48.6;56.1;20.9 °C;21.6;20.8;19.3;19.1;18.8
2024-04-13 01:07:41;29.6;36.5;55.4;52.2;48.6;56.1;20.8 °C;21.5;20.8;19.3;19.1;18.8
2024-04-13 01:17:39;29.6;36.5;55.4;52.2;48.5;56.1;20.8 °C;21.5;20.8;19.4;19.1;18.8
2024-04-13 01:27:38;29.6;36.5;55.4;52.2;48.5;56.1;20.7 °C;21.4;20.8;19.4;19.1;18.8
2024-04-13 01:37:41;29.6;36.5;55.4;52.2;48.5;56.1;20.6 °C;21.4;20.8;19.4;19.1;18.8
2024-04-13 01:47:42;29.6;36.4;55.4;52.1;48.6;56.1;20.6 °C;21.4;20.8;19.4;19.1;18.8
2024-04-13 01:57:40;29.7;36.4;55.4;52.1;48.6;56.1;20.5 °C;21.4;20.8;19.4;19.1;18.8
2024-04-13 02:07:45;29.6;37.0;55.5;52.1;48.5;56.1;20.4 °C;21.3;20.8;19.4;19.2;18.8
2024-04-13 02:17:42;30.4;36.5;55.4;52.1;48.5;56.1;20.4 °C;21.3;20.8;19.4;19.2;18.8
2024-04-13 02:27:44;29.6;36.5;55.4;52.1;48.5;56.1;20.3 °C;21.3;20.8;19.4;19.2;18.8
2024-04-13 02:37:44;29.6;36.5;55.4;52.1;48.6;56.1;20.3 °C;21.3;20.8;19.4;19.2;18.8
2024-04-13 02:47:41;29.6;36.5;55.4;52.1;48.5;56.1;20.2 °C;21.2;20.8;19.4;19.2;18.8
2024-04-13 02:57:38;29.6;36.4;55.4;52.1;48.6;56.1;20.1 °C;21.2;20.8;19.4;19.2;18.8
2024-04-13 03:07:45;29.6;36.4;55.4;52.1;48.5;56.1;20.1 °C;21.1;20.8;19.4;19.2;18.8
2024-04-13 03:17:39;29.6;36.4;55.4;52.0;48.5;56.1;20 °C;21.1;20.8;19.4;19.2;18.8
2024-04-13 03:27:39;29.6;36.4;55.4;52.0;48.6;56.1;19.9 °C;21.1;20.7;19.4;19.2;18.8
2024-04-13 03:37:38;29.7;36.4;55.4;52.0;48.6;56.1;19.9 °C;21.1;20.7;19.4;19.3;18.9
2024-04-13 03:47:44;29.7;36.4;55.4;52.0;48.6;56.1;19.8 °C;21;20.7;19.4;19.3;18.9
2024-04-13 03:57:45;29.7;36.4;55.4;52.0;48.6;56.1;19.8 °C;21;20.7;19.4;19.3;18.9
2024-04-13 04:07:42;29.7;36.4;55.3;52.0;48.6;56.1;19.7 °C;20.9;20.7;19.4;19.3;18.9
2024-04-13 04:17:41;29.7;36.3;55.4;52.0;48.6;56.1;19.6 °C;20.9;20.7;19.4;19.3;18.9
2024-04-13 04:27:38;29.7;36.4;55.3;52.0;48.6;56.1;19.6 °C;20.9;20.7;19.5;19.3;18.9
2024-04-13 04:37:45;29.7;36.4;55.3;52.0;48.6;56.1;19.5 °C;20.9;20.7;19.5;19.3;18.9
2024-04-13 04:47:38;29.7;36.3;55.3;52.0;48.6;56.1;19.4 °C;20.8;20.6;19.5;19.3;18.9
2024-04-13 04:57:40;29.7;36.3;55.3;52.0;48.6;56.1;19.4 °C;20.8;20.6;19.5;19.3;18.9
2024-04-13 05:07:45;29.7;36.3;55.3;51.9;48.6;56.1;19.4 °C;20.8;20.6;19.5;19.3;18.9
2024-04-13 05:17:39;29.7;36.3;55.3;51.9;48.6;56.1;19.3 °C;20.7;20.6;19.5;19.3;18.9
2024-04-13 05:27:38;29.7;36.3;55.3;51.9;48.6;56.1;19.3 °C;20.7;20.6;19.5;19.3;18.9
2024-04-13 05:37:40;29.7;36.3;55.3;51.9;48.6;56.1;19.2 °C;20.6;20.6;19.5;19.3;18.9
2024-04-13 05:47:41;29.7;36.3;55.3;51.9;48.6;56.1;19.1 °C;20.6;20.6;19.5;19.3;18.9
2024-04-13 05:57:43;29.7;36.3;55.3;51.9;48.6;56.1;19.1 °C;20.6;20.6;19.5;19.3;18.9
2024-04-13 06:07:39;29.8;36.3;55.3;51.9;48.6;56.1;19 °C;20.6;20.6;19.5;19.3;18.9
2024-04-13 06:17:38;29.8;36.3;55.2;51.9;48.6;56.1;19 °C;20.5;20.6;19.5;19.3;18.9
2024-04-13 06:27:40;29.8;36.3;55.3;51.9;48.6;56.1;18.9 °C;20.5;20.5;19.5;19.3;18.9
2024-04-13 06:37:41;29.8;36.3;55.3;51.9;48.6;56.1;18.9 °C;20.4;20.5;19.5;19.3;18.9
2024-04-13 06:47:43;29.8;36.3;55.2;51.9;48.6;56.1;18.8 °C;20.4;20.5;19.5;19.3;18.9
2024-04-13 06:57:38;29.8;36.3;55.3;51.9;48.6;56.1;18.8 °C;20.4;20.5;19.5;19.3;18.9
2024-04-13 07:07:41;29.8;36.2;55.2;51.9;48.6;56.1;18.8 °C;20.4;20.5;19.5;19.3;18.9
2024-04-13 07:17:42;29.8;36.2;55.2;51.9;48.6;56.1;18.8 °C;20.3;20.4;19.5;19.3;18.9
2024-04-13 07:27:42;29.8;36.2;55.2;51.9;48.6;56.1;18.7 °C;20.3;20.4;19.5;19.3;18.9
2024-04-13 07:37:40;29.8;36.2;55.2;51.8;48.6;56.1;18.7 °C;20.3;20.4;19.5;19.3;18.9
2024-04-13 07:47:45;29.8;36.2;55.2;51.9;48.6;56.1;18.7 °C;20.3;20.4;19.5;19.3;18.9
2024-04-13 07:57:39;29.8;36.2;55.2;51.8;48.6;56.1;18.7 °C;20.2;20.4;19.4;19.3;18.9
2024-04-13 08:07:42;29.8;36.2;55.2;51.8;48.6;56.1;18.7 °C;20.2;20.4;19.4;19.3;18.9
2024-04-13 08:17:38;29.9;36.2;55.2;51.8;48.6;56.1;18.7 °C;20.1;20.4;19.4;19.3;18.9
2024-04-13 08:27:44;29.8;36.2;55.2;51.8;48.6;56.1;18.8 °C;20.1;20.4;19.4;19.4;18.9
2024-04-13 08:37:45;29.8;36.2;55.2;51.8;48.6;56.1;18.8 °C;20.1;20.4;19.4;19.4;18.9
2024-04-13 08:47:39;29.8;36.2;55.2;51.8;48.6;56.1;18.9 °C;20.1;20.3;19.4;19.4;18.9
2024-04-13 08:57:39;29.8;36.2;55.2;51.8;48.6;56.1;18.9 °C;20;20.3;19.4;19.4;19
2024-04-13 09:07:43;29.8;36.1;55.1;51.8;48.6;56.1;19 °C;20;20.3;19.4;19.4;19
2024-04-13 09:17:42;29.8;36.2;55.1;51.8;48.6;56.1;19.1 °C;20;20.3;19.4;19.4;19
2024-04-13 09:27:38;29.8;36.1;55.1;51.8;48.6;56.1;19.2 °C;19.9;20.3;19.4;19.4;19
2024-04-13 09:37:40;29.8;36.1;55.1;51.8;48.6;56.1;19.3 °C;19.9;20.3;19.4;19.4;19
2024-04-13 09:47:41;29.8;36.1;55.1;51.8;48.6;56.1;19.4 °C;19.9;20.3;19.4;19.4;19
2024-04-13 09:57:39;29.8;36.2;55.1;51.7;48.6;56.1;19.6 °C;19.9;20.2;19.4;19.4;19
2024-04-13 10:07:39;29.8;36.1;55.1;51.7;48.6;56.1;19.8 °C;19.9;20.2;19.4;19.4;19
2024-04-13 10:17:38;29.9;36.2;55.1;51.7;48.6;56.1;19.9 °C;19.9;20.2;19.4;19.4;19
2024-04-13 10:27:37;29.8;36.1;55.1;51.7;48.6;56.1;20.1 °C;19.9;20.2;19.4;19.4;19
2024-04-13 10:37:40;29.8;36.1;55.0;51.7;48.6;56.1;20.3 °C;19.9;20.2;19.4;19.4;19
2024-04-13 10:47:44;29.8;36.1;55.0;51.7;48.6;56.1;20.4 °C;19.9;20.1;19.4;19.4;19
2024-04-13 10:57:45;29.8;36.1;55.0;51.7;48.6;56.1;20.6 °C;19.9;20.1;19.4;19.4;19
2024-04-13 11:07:42;29.8;36.1;55.0;51.7;48.6;56.1;20.7 °C;19.9;20.1;19.4;19.4;19
2024-04-13 11:17:37;29.8;36.1;55.0;51.7;48.6;56.1;20.8 °C;19.9;20.1;19.4;19.4;19
2024-04-13 11:27:44;29.8;36.1;55.1;51.6;48.6;56.1;20.9 °C;19.9;20.1;19.4;19.4;19
2024-04-13 11:37:40;29.8;36.1;55.0;51.6;48.6;56.1;20.9 °C;19.9;20.1;19.4;19.4;19
2024-04-13 11:47:41;29.8;36.1;55.0;51.6;48.6;56.1;21 °C;19.9;20.1;19.4;19.4;19
2024-04-13 11:57:43;29.8;36.1;55.0;51.7;48.6;56.1;21.1 °C;20;20.1;19.3;19.4;19
2024-04-13 12:07:43;29.8;36.1;55.0;51.6;48.6;56.1;21.2 °C;20;20.1;19.3;19.4;19
2024-04-13 12:17:39;29.8;36.1;55.0;51.6;48.6;56.1;21.3 °C;20;20.1;19.3;19.4;19
2024-04-13 12:27:39;29.8;36.1;55.0;51.6;48.6;56.1;21.4 °C;20.1;20.1;19.3;19.4;19
2024-04-13 12:37:42;29.8;36.1;55.0;51.6;48.6;56.1;21.6 °C;20.1;20.1;19.3;19.4;19
2024-04-13 12:47:45;29.8;36.1;55.0;51.6;48.6;56.1;21.8 °C;20.1;20.1;19.3;19.4;19
2024-04-13 12:57:43;29.9;36.1;55.0;51.6;48.6;56.1;22.1 °C;20.1;20.1;19.3;19.3;19
2024-04-13 13:07:38;29.8;36.1;55.0;51.6;48.6;56.1;22.3 °C;20.2;20.1;19.3;19.3;19
2024-04-13 13:17:42;29.8;36.1;55.0;51.6;48.6;56.1;22.6 °C;20.2;20;19.3;19.3;19
2024-04-13 13:27:44;29.8;36.1;55.0;51.6;48.6;56.1;22.9 °C;20.3;20;19.3;19.3;19
2024-04-13 13:37:41;29.8;36.1;55.0;51.6;48.6;56.1;23.1 °C;20.3;20;19.3;19.3;19
2024-04-13 13:47:43;29.8;36.1;55.0;51.6;48.6;56.1;23.4 °C;20.3;20.1;19.3;19.3;19
2024-04-13 13:57:42;29.8;36.1;55.0;51.6;48.6;56.1;23.7 °C;20.4;20.1;19.3;19.3;19
2024-04-13 14:07:41;29.8;36.1;55.0;51.6;48.6;56.1;23.9 °C;20.4;20.1;19.3;19.3;19
2024-04-13 14:17:40;29.8;36.1;54.9;51.6;48.5;56.1;24.1 °C;20.4;20.1;19.3;19.3;19
2024-04-13 14:27:41;29.8;36.1;55.0;51.6;48.6;56.1;24.4 °C;20.5;20.1;19.3;19.3;19
2024-04-13 14:37:39;29.8;36.1;54.9;51.6;48.5;56.1;24.6 °C;20.6;20.1;19.3;19.3;19.1
2024-04-13 14:47:43;29.8;36.1;54.9;51.6;48.6;56.1;24.8 °C;20.6;20.1;19.3;19.3;19
2024-04-13 14:57:38;29.8;36.1;54.9;51.6;48.5;56.1;24.9 °C;20.8;20.1;19.3;19.3;19
2024-04-13 15:07:37;29.8;36.2;54.9;51.6;48.5;56.1;25.1 °C;20.8;20.1;19.3;19.3;19.1
2024-04-13 15:17:39;29.8;36.2;54.9;51.6;48.5;56.1;25.2 °C;20.9;20.1;19.3;19.3;19.1
2024-04-13 15:27:39;29.8;36.2;54.9;51.6;48.5;56.1;25.3 °C;20.9;20.1;19.3;19.3;19
2024-04-13 15:37:43;29.8;36.2;54.9;51.7;48.5;56.1;25.5 °C;21;20.1;19.3;19.3;19
2024-04-13 15:47:44;29.9;36.2;54.9;51.7;48.5;56.1;25.6 °C;21.1;20.1;19.3;19.3;19.1
2024-04-13 15:57:44;29.9;36.3;54.9;51.7;48.5;56.1;25.8 °C;21.2;20.1;19.3;19.3;19.1
2024-04-13 16:07:42;29.9;36.3;54.9;51.7;48.5;56.1;25.8 °C;21.3;20.2;19.3;19.3;19.1
2024-04-13 16:17:45;29.9;36.3;54.9;51.7;48.5;56.1;25.9 °C;21.4;20.2;19.3;19.3;19.1
2024-04-13 16:27:39;29.9;36.3;54.9;51.8;48.5;56.1;26 °C;21.4;20.2;19.3;19.3;19.1
2024-04-13 16:37:43;29.9;36.4;54.9;51.8;48.5;56.1;26.1 °C;21.5;20.3;19.3;19.3;19.1
2024-04-13 16:47:43;29.9;36.4;54.9;51.8;48.5;56.1;26.1 °C;21.6;20.3;19.3;19.3;19.1
2024-04-13 16:57:43;30.0;36.4;55.0;52.0;48.5;56.1;26.1 °C;21.7;20.3;19.3;19.3;19.1
2024-04-13 17:07:38;29.9;36.4;54.9;52.0;48.5;56.1;26.1 °C;21.8;20.3;19.3;19.3;19.1
2024-04-13 17:17:44;29.9;36.5;55.0;52.1;48.5;56.1;26.1 °C;21.8;20.4;19.3;19.3;19.1
2024-04-13 17:27:38;29.9;36.4;55.0;52.2;48.5;56.1;26.1 °C;21.9;20.4;19.3;19.3;19.1
2024-04-13 17:37:45;29.9;36.4;55.0;52.2;48.5;56.1;26.1 °C;22;20.4;19.3;19.3;19.1
2024-04-13 17:47:42;30.0;36.4;55.0;52.2;48.5;56.1;26.1 °C;22.1;20.4;19.3;19.3;19.1
2024-04-13 17:57:41;29.9;36.5;55.0;52.3;48.5;56.1;26.1 °C;22.1;20.4;19.3;19.3;19.1
2024-04-13 18:07:40;29.9;36.5;55.0;52.3;48.5;56.1;26 °C;22.2;20.5;19.3;19.3;19.1
2024-04-13 18:17:40;30.0;36.5;55.0;52.3;48.5;56.1;25.9 °C;22.3;20.5;19.3;19.3;19.1
2024-04-13 18:27:37;30.0;36.5;55.0;52.3;48.5;56.1;25.8 °C;22.3;20.6;19.3;19.3;19.1
2024-04-13 18:37:44;30.0;36.5;55.0;52.3;48.5;56.1;25.7 °C;22.4;20.6;19.3;19.3;19
2024-04-13 18:47:45;30.0;36.5;55.0;52.4;48.5;56.1;25.6 °C;22.4;20.6;19.3;19.3;19.1
2024-04-13 18:57:42;30.0;36.6;55.0;52.4;48.5;56.1;25.5 °C;22.4;20.7;19.3;19.3;19.1
2024-04-13 19:07:38;30.0;36.5;55.0;52.4;48.5;56.1;25.4 °C;22.5;20.7;19.4;19.3;19.1
2024-04-13 19:17:45;29.9;36.5;55.1;52.4;48.5;56.1;25.3 °C;22.5;20.8;19.4;19.3;19.1
2024-04-13 19:27:38;29.9;36.6;55.1;52.4;48.5;56.1;25.2 °C;22.6;20.8;19.4;19.3;19.1
2024-04-13 19:37:42;29.9;36.5;55.1;52.4;48.5;56.1;25.1 °C;22.6;20.8;19.4;19.3;19.1
2024-04-13 19:47:41;29.9;36.6;55.1;52.4;48.5;56.1;24.9 °C;22.6;20.8;19.4;19.3;19.1
2024-04-13 19:57:38;29.9;36.6;55.1;52.4;48.5;56.1;24.8 °C;22.6;20.9;19.4;19.3;19.1
2024-04-13 20:07:37;29.9;36.5;55.1;52.4;48.5;56.1;24.7 °C;22.7;20.9;19.4;19.3;19.1
2024-04-13 20:17:43;29.9;36.6;55.1;52.4;48.5;56.1;24.6 °C;22.7;20.9;19.4;19.3;19.1
2024-04-13 20:27:44;29.9;36.5;55.1;52.4;48.5;56.1;24.4 °C;22.7;20.9;19.4;19.3;19.1
2024-04-13 20:37:45;29.9;36.6;55.1;52.4;48.5;56.1;24.3 °C;22.7;21;19.4;19.3;19.1
2024-04-13 20:47:43;29.9;36.5;55.1;52.4;48.5;56.1;24.2 °C;22.8;21;19.5;19.4;19.1
2024-04-13 20:57:42;29.9;36.6;55.1;52.4;48.5;56.1;24.1 °C;22.8;21.1;19.5;19.4;19.1
2024-04-13 21:07:42;29.9;36.6;55.1;52.4;48.5;56.1;23.9 °C;22.8;21.1;19.5;19.4;19.1
2024-04-13 21:17:44;29.9;36.6;55.1;52.4;48.5;56.1;23.8 °C;22.8;21.1;19.5;19.4;19.1
2024-04-13 21:27:38;29.9;36.5;55.2;52.3;48.5;56.1;23.8 °C;22.8;21.1;19.6;19.4;19.1
2024-04-13 21:37:42;29.9;36.5;55.2;52.3;48.5;56.1;23.6 °C;22.7;21.1;19.6;19.4;19.1
2024-04-13 21:47:44;29.9;36.5;55.2;52.3;48.6;56.1;23.5 °C;22.7;21.1;19.6;19.4;19.1
2024-04-13 21:57:37;29.9;36.5;55.2;52.3;48.6;56.1;23.4 °C;22.7;21.2;19.6;19.4;19.1
2024-04-13 22:07:40;30.0;36.5;55.2;52.3;48.5;56.1;23.3 °C;22.7;21.2;19.6;19.4;19.1
2024-04-13 22:17:41;30.0;36.5;55.2;52.3;48.6;56.1;23.2 °C;22.7;21.2;19.6;19.4;19.1
2024-04-13 22:27:38;30.0;36.5;55.2;52.3;48.6;56.1;23.1 °C;22.6;21.3;19.6;19.4;19.1
2024-04-13 22:37:37;30.0;36.5;55.2;52.2;48.6;56.1;22.9 °C;22.6;21.3;19.6;19.4;19.1
2024-04-13 22:47:39;30.0;36.5;55.2;52.2;48.6;56.1;22.8 °C;22.6;21.3;19.7;19.4;19.1
2024-04-13 22:57:43;30.0;36.5;55.2;52.2;48.6;56.1;22.8 °C;22.6;21.3;19.7;19.4;19.1
2024-04-13 23:07:44;30.0;36.5;55.2;52.2;48.6;56.1;22.6 °C;22.6;21.3;19.7;19.4;19.1
2024-04-13 23:17:44;30.0;36.5;55.2;52.2;48.6;56.1;22.5 °C;22.6;21.3;19.7;19.4;19.1
2024-04-13 23:27:41;30.0;36.5;55.2;52.2;48.6;56.1;22.4 °C;22.5;21.3;19.7;19.4;19.1
2024-04-13 23:37:43;30.0;36.5;55.2;52.2;48.6;56.1;22.3 °C;22.5;21.3;19.8;19.4;19.1
2024-04-13 23:47:39;30.0;36.5;55.2;52.1;48.6;56.1;22.3 °C;22.4;21.3;19.8;19.4;19.1
2024-04-13 23:57:39;30.1;36.5;55.2;52.1;48.6;56.1;22.1 °C;22.4;21.3;19.8;19.5;19.1
2024-04-14 00:07:40;30.1;36.4;55.2;52.1;48.6;56.1;22.1 °C;22.4;21.3;19.8;19.5;19.1
2024-04-14 00:17:41;30.0;36.4;55.2;52.1;48.6;56.1;21.9 °C;22.4;21.4;19.8;19.5;19.1
2024-04-14 00:27:42;30.0;36.4;55.2;52.1;48.6;56.1;21.9 °C;22.3;21.4;19.8;19.5;19.1
2024-04-14 00:37:38;30.0;36.4;55.2;52.0;48.6;56.1;21.8 °C;22.3;21.4;19.8;19.5;19.1
2024-04-14 00:47:38;29.9;36.4;55.2;52.0;48.6;56.1;21.7 °C;22.3;21.4;19.8;19.5;19.1
2024-04-14 00:57:41;30.0;36.4;55.2;52.0;48.6;56.1;21.6 °C;22.3;21.4;19.8;19.5;19.1
2024-04-14 01:07:38;29.9;36.4;55.2;52.0;48.6;56.1;21.5 °C;22.2;21.4;19.8;19.5;19.1
2024-04-14 01:17:37;29.9;36.4;55.2;52.0;48.6;56.1;21.4 °C;22.2;21.4;19.9;19.5;19.1
2024-04-14 01:27:39;29.9;36.4;55.2;52.0;48.6;56.1;21.3 °C;22.1;21.4;19.9;19.6;19.1
2024-04-14 01:37:44;29.9;36.4;55.2;52.0;48.6;56.1;21.3 °C;22.1;21.4;19.9;19.6;19.1
2024-04-14 01:47:41;29.9;36.4;55.2;52.0;48.6;56.1;21.2 °C;22.1;21.4;19.9;19.6;19.1
2024-04-14 01:57:39;29.9;36.4;55.2;51.9;48.6;56.1;21.1 °C;22.1;21.4;19.9;19.6;19.1
2024-04-14 02:07:44;29.9;36.3;55.2;51.9;48.6;56.1;21 °C;22;21.4;19.9;19.6;19.1
2024-04-14 02:17:41;29.9;36.3;55.2;51.9;48.6;56.2;20.9 °C;21.9;21.4;19.9;19.6;19.1
2024-04-14 02:27:38;29.9;36.3;55.2;51.9;48.6;56.1;20.9 °C;21.9;21.3;19.9;19.6;19.1
2024-04-14 02:37:38;29.9;36.3;55.2;51.9;48.6;56.2;20.8 °C;21.9;21.3;19.9;19.6;19.1
2024-04-14 02:47:42;29.9;36.3;55.2;51.9;48.6;56.2;20.7 °C;21.9;21.3;19.9;19.6;19.1
2024-04-14 02:57:41;29.9;36.3;55.2;51.8;48.6;56.1;20.6 °C;21.8;21.3;19.9;19.6;19.1
2024-04-14 03:07:42;29.9;36.3;55.2;51.8;48.6;56.1;20.6 °C;21.8;21.3;19.9;19.6;19.2
2024-04-14 03:17:38;29.9;36.3;55.2;51.8;48.6;56.1;20.5 °C;21.8;21.3;19.9;19.6;19.2
2024-04-14 03:27:41;29.9;36.3;55.2;51.8;48.6;56.1;20.4 °C;21.7;21.3;19.9;19.6;19.2
2024-04-14 03:37:40;29.9;36.3;55.2;51.8;48.6;56.1;20.3 °C;21.7;21.3;19.9;19.6;19.2
2024-04-14 03:47:37;29.9;36.2;55.2;51.8;48.6;56.1;20.3 °C;21.6;21.3;19.9;19.6;19.2
2024-04-14 03:57:39;29.9;36.3;55.2;51.8;48.6;56.1;20.3 °C;21.6;21.3;19.9;19.6;19.2
2024-04-14 04:07:39;29.9;36.2;55.2;51.8;48.6;56.1;20.2 °C;21.6;21.3;19.9;19.6;19.2
2024-04-14 04:17:44;29.9;36.2;55.2;51.8;48.6;56.1;20.1 °C;21.5;21.3;19.9;19.7;19.2
2024-04-14 04:27:41;29.9;36.2;55.2;51.7;48.6;56.1;20.1 °C;21.5;21.3;20;19.7;19.2
2024-04-14 04:37:39;29.9;36.2;55.2;51.7;48.6;56.1;20 °C;21.4;21.3;20;19.7;19.2
2024-04-14 04:47:43;29.9;36.2;55.1;51.7;48.6;56.1;19.9 °C;21.4;21.3;20;19.7;19.2
2024-04-14 04:57:41;29.9;36.2;55.1;51.7;48.6;56.1;19.9 °C;21.4;21.2;20;19.7;19.2
2024-04-14 05:07:38;29.9;36.2;55.1;51.7;48.6;56.1;19.8 °C;21.3;21.2;20;19.7;19.3
2024-04-14 05:17:38;30.0;36.2;55.1;51.7;48.6;56.2;19.7 °C;21.3;21.2;20;19.7;19.3
2024-04-14 05:27:41;30.0;36.2;55.1;51.7;48.6;56.1;19.6 °C;21.3;21.2;20;19.7;19.3
2024-04-14 05:37:40;30.0;36.2;55.1;51.7;48.6;56.1;19.6 °C;21.2;21.1;20;19.7;19.3
2024-04-14 05:47:41;30.0;36.1;55.1;51.7;48.6;56.2;19.5 °C;21.2;21.1;20;19.7;19.3
2024-04-14 05:57:40;30.0;36.1;55.0;51.7;48.6;56.2;19.4 °C;21.1;21.1;20;19.7;19.3
2024-04-14 06:07:37;30.0;36.1;55.1;51.7;48.6;56.2;19.4 °C;21.1;21.1;20;19.7;19.3
2024-04-14 06:17:40;30.0;36.1;55.0;51.6;48.6;56.2;19.3 °C;21.1;21.1;20;19.8;19.3
2024-04-14 06:27:37;30.0;36.1;55.0;51.7;48.6;56.2;19.3 °C;21;21.1;20;19.8;19.3
2024-04-14 06:37:39;30.0;36.1;55.0;51.6;48.6;56.2;19.3 °C;21;21.1;20;19.8;19.3
2024-04-14 06:47:43;30.1;36.1;55.0;51.6;48.6;56.2;19.2 °C;20.9;21.1;20;19.8;19.3
2024-04-14 06:57:44;30.1;36.1;55.0;51.6;48.6;56.1;19.1 °C;20.9;21.1;20;19.8;19.3
2024-04-14 07:07:41;30.0;36.1;55.0;51.6;48.6;56.2;19.1 °C;20.9;21;19.9;19.8;19.3
2024-04-14 07:17:39;30.1;36.1;55.0;51.6;48.6;56.2;19 °C;20.8;21;19.9;19.8;19.3
2024-04-14 07:27:39;30.0;36.1;55.0;51.6;48.6;56.2;19 °C;20.8;21;19.9;19.8;19.3
2024-04-14 07:37:40;30.2;36.1;55.0;51.6;48.6;56.2;18.9 °C;20.8;20.9;19.9;19.8;19.3
2024-04-14 07:47:37;30.1;36.0;55.0;51.6;48.6;56.2;18.9 °C;20.8;20.9;19.9;19.8;19.3
2024-04-14 07:57:40;30.2;36.1;55.0;51.6;48.6;56.2;18.9 °C;20.7;20.9;19.9;19.8;19.3
2024-04-14 08:07:42;30.1;36.1;55.0;51.6;48.6;56.2;18.9 °C;20.7;20.9;19.9;19.8;19.3
2024-04-14 08:17:40;30.2;36.0;55.0;51.5;48.6;56.2;18.9 °C;20.6;20.9;19.9;19.8;19.3
2024-04-14 08:27:42;30.2;36.0;55.0;51.5;48.6;56.2;18.9 °C;20.6;20.9;19.9;19.8;19.3
2024-04-14 08:37:37;30.1;36.0;54.9;51.5;48.6;56.2;19 °C;20.6;20.9;19.9;19.8;19.3
2024-04-14 08:47:45;30.1;36.0;54.9;51.5;48.6;56.2;19.1 °C;20.5;20.9;19.9;19.8;19.3
2024-04-14 08:57:42;30.2;36.0;54.9;51.5;48.6;56.2;19.1 °C;20.5;20.8;19.9;19.8;19.3
2024-04-14 09:07:42;30.1;36.0;54.9;51.5;48.6;56.2;19.3 °C;20.4;20.8;19.9;19.8;19.3
2024-04-14 09:17:37;30.1;36.0;54.9;51.5;48.6;56.2;19.4 °C;20.4;20.8;19.9;19.8;19.3
2024-04-14 09:27:43;30.2;36.0;54.9;51.5;48.6;56.2;19.5 °C;20.4;20.8;19.9;19.8;19.3
2024-04-14 09:37:40;30.2;36.0;54.9;51.5;48.6;56.2;19.6 °C;20.4;20.8;19.9;19.8;19.3
2024-04-14 09:47:38;30.2;36.0;54.9;51.5;48.6;56.2;19.8 °C;20.4;20.8;19.9;19.8;19.3
2024-04-14 09:57:37;30.2;36.0;54.9;51.5;48.6;56.2;19.9 °C;20.3;20.7;19.9;19.8;19.3
2024-04-14 10:07:43;30.1;35.9;54.9;51.5;48.6;56.2;20.1 °C;20.3;20.7;19.9;19.8;19.3
2024-04-14 10:17:44;30.1;36.0;54.8;51.5;48.6;56.2;20.3 °C;20.3;20.7;19.9;19.8;19.3
2024-04-14 10:27:42;30.1;36.0;54.8;51.4;48.6;56.2;20.5 °C;20.3;20.7;19.9;19.8;19.3
2024-04-14 10:37:38;30.1;36.0;54.8;51.5;48.6;56.1;20.7 °C;20.3;20.6;19.9;19.8;19.4
2024-04-14 10:47:41;30.1;36.0;54.8;51.4;48.6;56.2;20.9 °C;20.3;20.6;19.9;19.8;19.4
2024-04-14 10:57:44;30.1;36.0;54.8;51.4;48.6;56.2;21.1 °C;20.3;20.6;19.9;19.8;19.4
2024-04-14 11:07:38;30.2;36.0;54.8;51.4;48.6;56.2;21.3 °C;20.3;20.6;19.9;19.8;19.4
2024-04-14 11:17:37;30.2;35.9;54.8;51.4;48.6;56.2;21.4 °C;20.3;20.6;19.8;19.8;19.4
2024-04-14 11:27:43;30.2;36.0;54.8;51.4;48.6;56.2;21.5 °C;20.4;20.6;19.8;19.8;19.4
2024-04-14 11:37:40;30.1;36.0;54.8;51.4;48.6;56.2;21.6 °C;20.4;20.6;19.8;19.8;19.4
2024-04-14 11:47:41;30.1;36.0;54.8;51.4;48.6;56.1;21.6 °C;20.4;20.6;19.8;19.8;19.4
2024-04-14 11:57:39;30.2;36.0;54.8;51.4;48.6;56.2;21.6 °C;20.4;20.6;19.8;19.8;19.4
2024-04-14 12:07:40;30.1;36.0;54.8;51.4;48.6;56.2;21.7 °C;20.4;20.5;19.8;19.8;19.4
2024-04-14 12:17:42;30.1;36.0;54.8;51.3;48.6;56.2;21.8 °C;20.5;20.5;19.8;19.8;19.4
2024-04-14 12:27:42;30.1;36.0;54.7;51.3;48.6;56.2;21.9 °C;20.5;20.5;19.8;19.8;19.4
2024-04-14 12:37:37;30.1;36.0;54.7;51.3;48.6;56.2;22.1 °C;20.6;20.5;19.8;19.8;19.4
2024-04-14 12:47:38;30.1;36.0;54.7;51.3;48.6;56.2;22.3 °C;20.6;20.5;19.8;19.8;19.4
2024-04-14 12:57:39;30.1;36.0;54.7;51.3;48.6;56.2;22.6 °C;20.6;20.5;19.8;19.8;19.4
2024-04-14 13:07:39;30.1;36.0;54.7;51.3;48.6;56.2;22.8 °C;20.6;20.5;19.8;19.8;19.4
2024-04-14 13:17:44;30.1;36.0;54.7;51.3;48.6;56.2;23.1 °C;20.7;20.5;19.8;19.8;19.4
2024-04-14 13:27:41;30.1;36.0;54.7;51.3;48.6;56.2;23.4 °C;20.7;20.5;19.8;19.8;19.4
2024-04-14 13:37:40;30.1;36.0;54.7;51.3;48.6;56.2;23.7 °C;20.8;20.5;19.8;19.8;19.4
2024-04-14 13:47:41;30.1;36.0;54.7;51.3;48.6;56.1;24 °C;20.8;20.5;19.8;19.8;19.4
2024-04-14 13:57:44;30.1;36.0;54.7;51.3;48.6;56.2;24.3 °C;20.8;20.5;19.8;19.8;19.4
2024-04-14 14:07:38;30.2;36.0;54.7;51.3;48.6;56.2;24.6 °C;20.9;20.5;19.7;19.8;19.4
2024-04-14 14:17:38;30.2;36.0;54.7;51.3;48.6;56.2;24.9 °C;20.9;20.5;19.7;19.8;19.4
2024-04-14 14:27:40;30.1;36.0;54.7;51.3;48.6;56.1;25.1 °C;21;20.5;19.7;19.8;19.4
2024-04-14 14:37:43;30.1;36.0;54.7;51.3;48.6;56.1;25.3 °C;21.1;20.5;19.7;19.8;19.4
2024-04-14 14:47:43;30.2;36.0;54.7;51.3;48.6;56.2;25.5 °C;21.1;20.5;19.7;19.8;19.4
2024-04-14 14:57:44;30.2;36.0;54.7;51.3;48.6;56.1;25.7 °C;21.2;20.6;19.7;19.8;19.4
2024-04-14 15:07:37;30.2;36.0;54.7;51.3;48.6;56.1;25.9 °C;21.3;20.6;19.7;19.8;19.4
2024-04-14 15:17:44;30.2;36.1;54.7;51.3;48.6;56.1;26.1 °C;21.4;20.6;19.7;19.8;19.4
2024-04-14 15:27:37;30.2;36.1;54.7;51.3;48.6;56.1;26.3 °C;21.4;20.6;19.7;19.8;19.4
2024-04-14 15:37:43;30.2;36.1;54.7;51.3;48.6;56.1;26.4 °C;21.6;20.6;19.7;19.7;19.4
2024-04-14 15:47:42;30.2;36.1;54.7;51.3;48.6;56.1;26.5 °C;21.6;20.6;19.7;19.7;19.4
2024-04-14 15:57:39;30.2;36.1;54.7;51.4;48.6;56.1;26.6 °C;21.7;20.6;19.7;19.7;19.4
2024-04-14 16:07:43;30.2;36.1;54.7;51.4;48.6;56.1;26.8 °C;21.8;20.6;19.7;19.7;19.4
2024-04-14 16:17:40;30.2;36.1;54.7;51.4;48.6;56.1;26.9 °C;21.9;20.7;19.7;19.7;19.4
2024-04-14 16:27:38;30.2;36.2;54.7;51.4;48.6;56.1;27 °C;22;20.7;19.7;19.7;19.4
2024-04-14 16:37:38;30.2;36.3;54.7;51.4;48.6;56.1;27.1 °C;22.1;20.7;19.7;19.7;19.4
2024-04-14 16:47:41;30.2;36.2;54.7;51.4;48.6;56.2;27.2 °C;22.2;20.8;19.7;19.7;19.4
2024-04-14 16:57:40;30.2;36.2;54.7;51.5;48.6;56.1;27.3 °C;22.3;20.8;19.7;19.7;19.4
2024-04-14 17:07:41;30.2;36.3;54.7;51.5;48.6;56.1;27.3 °C;22.3;20.8;19.7;19.7;19.4
2024-04-14 17:17:40;30.2;36.3;54.7;51.5;48.6;56.1;27.3 °C;22.4;20.8;19.7;19.7;19.4
2024-04-14 17:27:37;30.2;36.3;54.7;51.6;48.6;56.1;27.3 °C;22.5;20.9;19.7;19.7;19.4
2024-04-14 17:37:37;30.2;36.3;54.7;51.7;48.6;56.1;27.3 °C;22.6;20.9;19.7;19.7;19.4
2024-04-14 17:47:42;30.2;36.3;54.7;51.7;48.6;56.2;27.3 °C;22.7;20.9;19.7;19.7;19.4
2024-04-14 17:57:43;30.2;36.3;54.7;51.7;48.6;56.1;27.3 °C;22.8;20.9;19.8;19.7;19.4
2024-04-14 18:07:43;30.2;36.4;54.7;51.7;48.6;56.2;27.1 °C;22.8;21;19.8;19.7;19.4
2024-04-14 18:17:44;30.2;36.4;54.7;51.8;48.6;56.2;27.1 °C;22.9;21;19.8;19.7;19.4
2024-04-14 18:27:36;30.2;36.4;54.7;51.8;48.6;56.2;26.9 °C;22.9;21.1;19.8;19.7;19.4
2024-04-14 18:37:43;30.2;36.4;54.8;51.8;48.6;56.1;26.8 °C;23;21.1;19.8;19.7;19.4
2024-04-14 18:47:39;30.2;36.4;54.8;51.8;48.5;56.1;26.7 °C;23.1;21.1;19.8;19.7;19.4
2024-04-14 18:57:40;30.2;36.4;54.8;51.8;48.5;56.1;26.6 °C;23.1;21.2;19.8;19.7;19.4
2024-04-14 19:07:41;30.1;36.4;54.8;51.9;48.5;56.2;26.4 °C;23.2;21.2;19.8;19.7;19.4
2024-04-14 19:17:43;30.2;36.5;54.8;51.9;48.5;56.1;26.3 °C;23.3;21.3;19.8;19.7;19.4
2024-04-14 19:27:41;30.1;36.4;54.8;51.9;48.5;56.1;26.2 °C;23.3;21.3;19.8;19.7;19.4
2024-04-14 19:37:39;30.2;36.4;54.8;51.9;48.5;56.2;26.1 °C;23.3;21.3;19.8;19.7;19.4
2024-04-14 19:47:40;30.2;36.5;54.8;51.9;48.5;56.1;25.9 °C;23.3;21.3;19.8;19.8;19.4
2024-04-14 19:57:38;30.0;36.5;54.8;51.9;48.5;56.1;25.8 °C;23.4;21.4;19.9;19.8;19.4
2024-04-14 20:07:41;30.0;36.5;54.8;51.9;48.5;56.2;25.6 °C;23.4;21.4;19.9;19.8;19.4
2024-04-14 20:17:39;30;36.5;54.8;51.9;48.5;56.2;25.5 °C;23.4;21.4;19.9;19.8;19.4
2024-04-14 20:27:41;30.0;36.5;54.8;51.9;48.5;56.2;25.3 °C;23.4;21.5;19.9;19.8;19.4
2024-04-14 20:37:39;30.0;36.5;54.8;51.9;48.5;56.1;25.2 °C;23.4;21.5;19.9;19.8;19.4
2024-04-14 20:47:40;30.0;36.5;54.9;51.9;48.5;56.2;25.1 °C;23.4;21.6;19.9;19.8;19.4
2024-04-14 20:57:42;30.0;36.5;54.9;51.8;48.5;56.2;24.9 °C;23.4;21.6;19.9;19.8;19.4
2024-04-14 21:07:42;30.0;36.5;54.9;51.8;48.5;56.2;24.8 °C;23.4;21.6;19.9;19.8;19.4
2024-04-14 21:17:38;30.0;36.5;54.9;51.8;48.5;56.2;24.6 °C;23.4;21.6;20;19.8;19.4
2024-04-14 21:27:37;29.9;36.5;54.9;51.8;48.5;56.2;24.4 °C;23.4;21.6;20;19.8;19.4
2024-04-14 21:37:40;30.0;36.5;54.9;51.8;48.5;56.1;24.3 °C;23.4;21.7;20;19.8;19.4
2024-04-14 21:47:42;30.0;36.5;54.9;51.8;48.5;56.1;24.2 °C;23.4;21.7;20;19.8;19.4
2024-04-14 21:57:43;30.0;36.5;54.9;51.8;48.5;56.1;24.1 °C;23.4;21.8;20.1;19.8;19.4
2024-04-14 22:07:43;30.0;36.5;54.9;51.7;48.5;56.2;23.9 °C;23.4;21.8;20.1;19.8;19.4
2024-04-14 22:17:40;30;36.5;54.9;51.7;48.5;56.2;23.8 °C;23.4;21.8;20.1;19.8;19.4
2024-04-14 22:27:37;30.0;36.5;55.0;51.7;48.5;56.2;23.7 °C;23.3;21.8;20.1;19.8;19.4
2024-04-14 22:37:44;30.0;36.5;55.0;51.7;48.5;56.2;23.6 °C;23.3;21.8;20.1;19.8;19.4
2024-04-14 22:47:38;30.0;36.4;55.0;51.7;48.5;56.2;23.4 °C;23.3;21.8;20.1;19.8;19.4
2024-04-14 22:57:37;30.0;36.5;55.0;51.7;48.5;56.2;23.3 °C;23.3;21.8;20.1;19.8;19.4
2024-04-14 23:07:37;30.0;36.5;54.9;51.6;48.5;56.2;23.2 °C;23.3;21.9;20.1;19.8;19.4
2024-04-14 23:17:43;30.0;36.5;55.0;51.6;48.5;56.2;23.1 °C;23.2;21.9;20.2;19.8;19.4
2024-04-14 23:27:44;30;36.4;55.0;51.6;48.5;56.2;22.9 °C;23.2;21.9;20.2;19.9;19.4
2024-04-14 23:37:42;30.0;36.4;55.0;51.6;48.5;56.2;22.8 °C;23.1;21.9;20.2;19.9;19.4
2024-04-14 23:47:38;30.0;36.4;55.0;51.6;48.5;56.2;22.8 °C;23.1;21.9;20.2;19.9;19.4
2024-04-14 23:57:41;30.1;36.4;55.0;51.6;48.5;56.2;22.6 °C;23.1;21.9;20.3;19.9;19.4
2024-04-15 00:07:43;30.1;36.4;55.0;51.6;48.6;56.2;22.5 °C;23.1;21.9;20.3;19.9;19.4
2024-04-15 00:17:36;30.1;36.4;54.9;51.5;48.5;56.2;22.4 °C;23;21.9;20.3;19.9;19.4
2024-04-15 00:27:39;30.0;36.4;55.0;51.5;48.6;56.2;22.3 °C;23;21.9;20.3;19.9;19.4
2024-04-15 00:37:40;30.1;36.4;55.0;51.5;48.6;56.2;22.3 °C;22.9;21.9;20.3;19.9;19.4
2024-04-15 00:47:37;30.1;36.3;55.0;51.5;48.5;56.2;22.1 °C;22.9;21.9;20.3;19.9;19.4
2024-04-15 00:57:36;30.2;36.3;55.0;51.5;48.5;56.2;22.1 °C;22.9;21.9;20.3;19.9;19.4
2024-04-15 01:07:39;30.1;36.4;55.0;51.5;48.5;56.2;22 °C;22.8;21.9;20.3;19.9;19.4
2024-04-15 01:17:44;30.1;36.3;54.9;51.4;48.6;56.2;21.9 °C;22.8;21.9;20.3;19.9;19.4
2024-04-15 01:27:42;30.2;36.3;55.0;51.4;48.6;56.2;21.8 °C;22.8;21.9;20.3;19.9;19.4
2024-04-15 01:37:37;30.1;36.3;54.9;51.4;48.6;56.2;21.8 °C;22.7;21.9;20.3;19.9;19.5
2024-04-15 01:47:36;30.1;36.3;55.0;51.4;48.6;56.2;21.6 °C;22.7;21.9;20.4;19.9;19.5
2024-04-15 01:57:42;30.1;36.3;55.0;51.4;48.6;56.2;21.6 °C;22.6;21.9;20.4;19.9;19.5
2024-04-15 02:07:38;30.1;36.3;54.9;51.4;48.6;56.2;21.5 °C;22.6;21.9;20.4;20;19.5
2024-04-15 02:17:42;30.3;36.3;54.9;51.4;48.6;56.2;21.4 °C;22.6;21.9;20.4;20;19.5
2024-04-15 02:27:43;30.2;36.2;54.9;51.4;48.6;56.2;21.3 °C;22.5;21.9;20.4;20;19.5
2024-04-15 02:37:40;30.2;36.2;54.9;51.4;48.6;56.2;21.3 °C;22.4;21.9;20.4;20;19.5
2024-04-15 02:47:42;30.2;36.2;54.9;51.4;48.6;56.2;21.2 °C;22.4;21.9;20.4;20;19.5
2024-04-15 02:57:41;30.3;36.2;54.9;51.4;48.6;56.2;21.1 °C;22.4;21.9;20.4;20;19.5
2024-04-15 03:07:41;30.2;36.2;54.9;51.4;48.6;56.2;21 °C;22.4;21.9;20.4;20;19.5
2024-04-15 03:17:39;30.1;36.2;54.9;51.4;48.6;56.2;20.9 °C;22.3;21.9;20.4;20.1;19.5
2024-04-15 03:27:37;30.2;36.2;54.9;51.4;48.6;56.2;20.9 °C;22.3;21.9;20.4;20.1;19.5
2024-04-15 03:37:43;30.1;36.2;54.9;51.3;48.6;56.2;20.8 °C;22.3;21.8;20.4;20.1;19.6
2024-04-15 03:47:39;30.1;36.2;54.9;51.4;48.6;56.2;20.7 °C;22.2;21.8;20.4;20.1;19.6
2024-04-15 03:57:41;30.2;36.2;54.9;51.3;48.6;56.2;20.6 °C;22.1;21.8;20.4;20.1;19.6
2024-04-15 04:07:39;30.2;36.2;54.9;51.3;48.6;56.2;20.6 °C;22.1;21.8;20.4;20.1;19.6
2024-04-15 04:17:36;30.2;36.2;54.9;51.3;48.6;56.2;20.5 °C;22.1;21.8;20.4;20.1;19.6
2024-04-15 04:27:38;30.2;36.1;54.9;51.3;48.6;56.2;20.4 °C;22;21.8;20.4;20.1;19.6
2024-04-15 04:37:38;30.2;36.1;54.9;51.3;48.6;56.2;20.4 °C;22;21.8;20.4;20.1;19.6
2024-04-15 04:47:43;30.2;36.1;54.9;51.3;48.6;56.2;20.3 °C;21.9;21.8;20.4;20.1;19.6
2024-04-15 04:57:44;30.2;36.1;54.9;51.3;48.6;56.2;20.3 °C;21.9;21.8;20.4;20.1;19.6
2024-04-15 05:07:42;30.2;36.1;54.9;51.3;48.6;56.2;20.1 °C;21.9;21.8;20.4;20.1;19.6
2024-04-15 05:17:37;30.3;36.1;54.8;51.3;48.6;56.2;20.1 °C;21.8;21.7;20.4;20.1;19.6
2024-04-15 05:27:44;30.2;36.1;54.8;51.3;48.6;56.2;20 °C;21.8;21.7;20.4;20.1;19.6
2024-04-15 05:37:37;30.2;36.1;54.8;51.3;48.6;56.2;19.9 °C;21.8;21.7;20.4;20.1;19.6
2024-04-15 05:47:44;30.1;36.1;54.8;51.3;48.6;56.2;19.9 °C;21.7;21.7;20.4;20.1;19.6
2024-04-15 05:57:41;30.1;36.1;54.8;51.3;48.6;56.2;19.8 °C;21.7;21.6;20.4;20.1;19.6
2024-04-15 06:07:43;30.2;36.1;54.8;51.3;48.6;56.2;19.8 °C;21.6;21.6;20.4;20.1;19.6
2024-04-15 06:17:41;30.3;36.0;54.8;51.3;48.6;56.2;19.8 °C;21.6;21.6;20.4;20.1;19.6
2024-04-15 06:27:43;30.2;36.0;54.8;51.3;48.6;56.2;19.7 °C;21.6;21.6;20.4;20.1;19.6
2024-04-15 06:37:37;30.2;36.0;54.8;51.3;48.6;56.2;19.6 °C;21.5;21.6;20.4;20.1;19.6
2024-04-15 06:47:44;30.3;36.0;54.8;51.2;48.6;56.2;19.6 °C;21.4;21.6;20.4;20.1;19.6
2024-04-15 06:57:38;30.3;36.0;54.8;51.3;48.6;56.2;19.6 °C;21.4;21.6;20.4;20.1;19.6
2024-04-15 07:07:41;30.2;36.0;54.8;51.2;48.6;56.2;19.5 °C;21.4;21.6;20.4;20.2;19.6
2024-04-15 07:17:37;30.3;36.0;54.7;51.2;48.6;56.2;19.5 °C;21.3;21.5;20.4;20.2;19.6
2024-04-15 07:27:44;30.3;36.0;54.7;51.2;48.6;56.2;19.4 °C;21.3;21.5;20.4;20.2;19.6
2024-04-15 07:37:41;30.4;36.0;54.7;51.2;48.6;56.2;19.4 °C;21.3;21.5;20.4;20.2;19.6
2024-04-15 07:47:41;30.4;36.0;54.7;51.2;48.6;56.2;19.4 °C;21.3;21.4;20.4;20.2;19.6
2024-04-15 07:57:39;30.4;36.0;54.7;51.2;48.6;56.2;19.4 °C;21.2;21.4;20.4;20.2;19.6
2024-04-15 08:07:36;30.4;36.0;54.7;51.2;48.6;56.2;19.4 °C;21.2;21.4;20.4;20.2;19.7
2024-04-15 08:17:43;30.4;35.9;54.7;51.2;48.6;56.2;19.4 °C;21.1;21.4;20.4;20.2;19.7
2024-04-15 08:27:39;30.4;35.9;54.7;51.2;48.6;56.2;19.4 °C;21.1;21.4;20.4;20.2;19.7
2024-04-15 08:37:41;30.3;36.0;54.7;51.2;48.6;56.2;19.5 °C;21.1;21.4;20.4;20.2;19.7
2024-04-15 08:47:40;30.4;35.9;54.6;51.2;48.6;56.2;19.6 °C;21;21.4;20.4;20.2;19.7
2024-04-15 08:57:38;30.3;35.9;54.6;51.2;48.6;56.2;19.6 °C;21;21.3;20.4;20.2;19.7
2024-04-15 09:07:38;30.3;35.9;54.6;51.2;48.6;56.2;19.7 °C;20.9;21.3;20.4;20.2;19.7
2024-04-15 09:17:41;30.4;35.9;54.6;51.1;48.6;56.2;19.8 °C;20.9;21.3;20.4;20.2;19.7
2024-04-15 09:27:37;30.2;35.9;54.6;51.2;48.6;56.2;19.9 °C;20.9;21.3;20.4;20.2;19.7
2024-04-15 09:37:39;30.3;35.9;54.6;51.1;48.6;56.2;20.1 °C;20.9;21.3;20.4;20.2;19.7
2024-04-15 09:47:41;30.3;35.9;54.6;51.1;48.6;56.2;20.2 °C;20.9;21.3;20.4;20.2;19.7
2024-04-15 09:57:40;30.3;35.9;54.6;51.1;48.6;56.2;20.4 °C;20.9;21.2;20.4;20.2;19.7
2024-04-15 10:07:39;30.3;35.9;54.6;51.1;48.6;56.2;20.6 °C;20.8;21.2;20.4;20.2;19.7
2024-04-15 10:17:41;30.3;35.9;54.6;51.1;48.6;56.2;20.7 °C;20.8;21.2;20.3;20.2;19.7
2024-04-15 10:27:43;30.2;35.9;54.6;51.1;48.6;56.2;20.8 °C;20.8;21.2;20.3;20.2;19.7
2024-04-15 10:37:36;30.2;35.9;54.5;51.1;48.6;56.2;21 °C;20.8;21.1;20.3;20.2;19.7
2024-04-15 10:47:39;30.2;35.9;54.5;51.1;48.6;56.2;21.1 °C;20.8;21.1;20.3;20.2;19.7
2024-04-15 10:57:40;30.2;35.9;54.5;51.0;48.6;56.2;21.3 °C;20.8;21.1;20.3;20.2;19.7
2024-04-15 11:07:38;30.4;35.9;54.5;51.0;48.6;56.2;21.4 °C;20.8;21.1;20.3;20.2;19.7
2024-04-15 11:17:38;30.3;35.9;54.5;51.0;48.6;56.2;21.6 °C;20.8;21.1;20.3;20.2;19.8
2024-04-15 11:27:38;30.3;35.9;54.5;51.0;48.6;56.2;21.7 °C;20.9;21.1;20.3;20.2;19.7
2024-04-15 11:37:37;30.3;35.9;54.5;51.0;48.6;56.2;21.8 °C;20.9;21.1;20.3;20.2;19.8
2024-04-15 11:47:37;30.4;35.9;54.5;51.0;48.6;56.2;21.9 °C;20.9;21.1;20.3;20.2;19.8
2024-04-15 11:57:36;30.3;35.9;54.5;51.0;48.5;56.2;22 °C;20.9;21;20.3;20.2;19.8
2024-04-15 12:07:38;30.4;35.9;54.5;51.0;48.6;56.2;22.1 °C;20.9;21;20.3;20.2;19.8
2024-04-15 12:17:42;30.3;35.9;54.5;51.0;48.5;56.2;22.2 °C;20.9;21;20.3;20.2;19.8
2024-04-15 12:27:42;30.3;35.9;54.5;51.0;48.6;56.2;22.3 °C;20.9;21;20.3;20.2;19.8
2024-04-15 12:37:42;30.4;35.9;54.5;51.0;48.6;56.2;22.4 °C;21;21;20.3;20.2;19.8
2024-04-15 12:47:43;30.5;35.9;54.5;51.0;48.5;56.2;22.6 °C;21;21;20.2;20.2;19.8
2024-04-15 12:57:40;30.4;35.9;54.5;50.9;48.5;56.2;22.8 °C;21.1;21;20.2;20.2;19.8
2024-04-15 13:07:38;30.3;35.9;54.4;51.0;48.5;56.2;23 °C;21.1;21;20.2;20.2;19.8
2024-04-15 13:17:42;30.3;35.9;54.4;50.9;48.5;56.2;23.2 °C;21.1;21;20.2;20.2;19.8
2024-04-15 13:27:42;30.3;35.9;54.4;50.9;48.5;56.2;23.4 °C;21.1;21;20.2;20.2;19.8
2024-04-15 13:37:38;30.3;35.9;54.4;50.9;48.5;56.2;23.6 °C;21.2;21;20.2;20.2;19.8
2024-04-15 13:47:37;30.4;35.9;54.4;50.9;48.5;56.2;23.9 °C;21.3;21;20.2;20.1;19.8
2024-04-15 13:57:41;30.4;35.9;54.4;50.9;48.5;56.2;24 °C;21.3;21;20.2;20.1;19.8
2024-04-15 14:07:41;30.4;35.9;54.4;50.9;48.5;56.2;24.1 °C;21.3;21;20.2;20.1;19.8
2024-04-15 14:17:39;30.4;35.9;54.4;50.9;48.5;56.2;24.3 °C;21.4;21;20.2;20.1;19.8
2024-04-15 14:27:41;30.4;35.9;54.4;50.9;48.5;56.2;24.3 °C;21.4;21;20.1;20.1;19.8
2024-04-15 14:37:40;30.4;36.0;54.4;50.9;48.5;56.2;24.4 °C;21.4;21;20.1;20.1;19.8
2024-04-15 14:47:43;30.4;35.9;54.4;50.9;48.5;56.2;24.4 °C;21.5;21;20.1;20.1;19.8
2024-04-15 14:57:41;30.3;35.9;54.4;50.9;48.5;56.2;24.4 °C;21.6;21;20.1;20.1;19.8
2024-04-15 15:07:43;30.3;36.0;54.4;50.9;48.5;56.2;24.5 °C;21.6;21;20.1;20.1;19.8
2024-04-15 15:17:37;30.3;35.9;54.4;50.9;48.5;56.2;24.5 °C;21.7;21;20.1;20.1;19.8
2024-04-15 15:27:40;30.3;35.9;54.4;50.8;48.5;56.2;24.5 °C;21.8;21;20.1;20.1;19.8
2024-04-15 15:37:43;30.3;36.0;54.4;50.8;48.5;56.2;24.5 °C;21.8;21.1;20.1;20.1;19.8
2024-04-15 15:47:39;30.3;36.0;54.4;50.8;48.5;56.2;24.5 °C;21.8;21.1;20.1;20.1;19.8
2024-04-15 15:57:41;30.3;36.0;54.4;50.8;48.5;56.2;24.5 °C;21.9;21.1;20.1;20.1;19.8
2024-04-15 16:07:40;30.3;36.0;54.4;50.8;48.5;56.2;24.5 °C;21.9;21.1;20.1;20.1;19.8
2024-04-15 16:17:42;30.3;36.0;54.4;50.8;48.5;56.2;24.5 °C;22;21.1;20.1;20.1;19.8
2024-04-15 16:27:42;30.3;36.0;54.4;50.8;48.5;56.2;24.6 °C;22.1;21.1;20.1;20.1;19.8
2024-04-15 16:37:39;30.3;36.0;54.4;50.8;48.5;56.2;24.6 °C;22.1;21.1;20.1;20.1;19.8
2024-04-15 16:47:36;30.5;36.0;54.4;50.8;48.5;56.2;24.6 °C;22.1;21.1;20.1;20.1;19.8
2024-04-15 16:57:42;30.5;36.0;54.4;50.8;48.5;56.2;24.6 °C;22.2;21.1;20.1;20.1;19.8
2024-04-15 17:07:39;30.4;36.0;54.4;50.8;48.5;56.2;24.5 °C;22.2;21.2;20.1;20.1;19.8
2024-04-15 17:17:40;30.4;36.1;54.4;50.8;48.5;56.2;24.5 °C;22.3;21.2;20.1;20.1;19.8
2024-04-15 17:27:38;30.5;36.1;54.4;50.8;48.5;56.2;24.5 °C;22.3;21.2;20.1;20.1;19.8
2024-04-15 17:37:38;30.4;36.0;54.4;50.8;48.5;56.2;24.5 °C;22.3;21.3;20.1;20.1;19.8
2024-04-15 17:47:42;30.3;36.0;54.4;50.8;48.5;56.2;24.4 °C;22.3;21.3;20.1;20.1;19.8
2024-04-15 17:57:38;30.4;36.1;54.5;50.8;48.5;56.2;24.4 °C;22.4;21.3;20.1;20.1;19.8
2024-04-15 18:07:43;30.4;36.1;54.4;50.8;48.5;56.2;24.4 °C;22.4;21.3;20.1;20.1;19.8
2024-04-15 18:17:40;30.3;36.1;54.4;50.9;48.5;56.2;24.4 °C;22.4;21.3;20.1;20.1;19.8
2024-04-15 18:27:43;30.3;36.1;54.4;50.9;48.5;56.2;24.4 °C;22.4;21.3;20.2;20.1;19.8
2024-04-15 18:37:40;30.3;36.1;54.4;50.9;48.5;56.2;24.3 °C;22.4;21.3;20.2;20.1;19.8
2024-04-15 18:47:43;30.3;36.1;54.5;50.9;48.5;56.2;24.3 °C;22.5;21.4;20.2;20.1;19.8
2024-04-15 18:57:36;30.3;36.1;54.5;50.9;48.5;56.2;24.2 °C;22.5;21.4;20.2;20.1;19.8
2024-04-15 19:07:43;30.4;36.1;54.5;50.9;48.5;56.2;24.1 °C;22.6;21.4;20.2;20.1;19.8
2024-04-15 19:17:37;30.4;36.1;54.5;50.9;48.5;56.2;24.1 °C;22.6;21.4;20.2;20.1;19.8
2024-04-15 19:27:43;30.4;36.1;54.5;50.9;48.5;56.2;23.9 °C;22.6;21.4;20.2;20.1;19.8
2024-04-15 19:37:41;30.3;36.1;54.5;50.9;48.5;56.2;23.9 °C;22.6;21.4;20.2;20.1;19.8
2024-04-15 19:47:40;30.3;36.1;54.5;51.0;48.5;56.2;23.8 °C;22.6;21.4;20.2;20.1;19.8
2024-04-15 19:57:39;30.3;36.1;54.5;51.0;48.5;56.2;23.7 °C;22.6;21.5;20.2;20.1;19.8
2024-04-15 20:07:36;30.3;36.1;54.5;51.0;48.5;56.2;23.6 °C;22.6;21.5;20.3;20.1;19.8
2024-04-15 20:17:43;30.2;36.1;54.5;51.0;48.5;56.2;23.6 °C;22.6;21.5;20.3;20.1;19.8
2024-04-15 20:27:36;30.2;36.1;54.5;51.0;48.5;56.2;23.5 °C;22.6;21.5;20.3;20.1;19.8
2024-04-15 20:37:38;30.3;36.1;54.5;51.0;48.5;56.2;23.4 °C;22.6;21.6;20.3;20.1;19.8
2024-04-15 20:47:43;30.2;36.1;54.5;51.0;48.5;56.2;23.3 °C;22.6;21.6;20.3;20.1;19.8
2024-04-15 20:57:36;30.3;36.1;54.5;51.0;48.5;56.2;23.3 °C;22.6;21.6;20.3;20.1;19.8
2024-04-15 21:07:39;30.2;36.1;54.5;51.0;48.5;56.2;23.2 °C;22.6;21.6;20.3;20.1;19.8
2024-04-15 21:17:41;30.3;36.1;54.5;51.0;48.5;56.2;23.1 °C;22.6;21.6;20.3;20.1;19.8
2024-04-15 21:27:40;30.3;36.1;54.5;51.0;48.5;56.2;23.1 °C;22.6;21.6;20.3;20.1;19.8
2024-04-15 21:37:39;30.3;36.1;54.5;51.0;48.5;56.2;23 °C;22.6;21.6;20.3;20.1;19.8
2024-04-15 21:47:41;30.2;36.1;54.5;51.0;48.5;56.2;22.9 °C;22.6;21.6;20.3;20.1;19.8
2024-04-15 21:57:40;30.3;36.1;54.5;51.0;48.5;56.2;22.9 °C;22.6;21.6;20.3;20.1;19.8
2024-04-15 22:07:42;30.2;36.1;54.5;51.0;48.5;56.2;22.8 °C;22.6;21.6;20.3;20.1;19.8
2024-04-15 22:17:43;30.1;36.1;54.5;51.0;48.5;56.2;22.8 °C;22.6;21.6;20.3;20.1;19.8
2024-04-15 22:27:37;30.1;36.1;54.5;51.0;48.5;56.2;22.7 °C;22.5;21.7;20.3;20.1;19.8
2024-04-15 22:37:40;30.0;36.1;54.5;51.0;48.5;56.2;22.7 °C;22.5;21.7;20.3;20.1;19.8
2024-04-15 22:47:43;30.1;36.1;54.5;51;48.5;56.2;22.6 °C;22.5;21.7;20.4;20.2;19.8
2024-04-15 22:57:37;30.1;36.1;54.5;51;48.5;56.2;22.6 °C;22.5;21.7;20.4;20.2;19.8
2024-04-15 23:07:37;30.2;36.1;54.5;51;48.5;56.2;22.5 °C;22.4;21.7;20.4;20.2;19.8
2024-04-15 23:17:41;30.2;36.1;54.5;51;48.5;56.2;22.4 °C;22.4;21.7;20.4;20.2;19.8
2024-04-15 23:27:39;30.2;36.1;54.5;51;48.5;56.2;22.4 °C;22.4;21.7;20.4;20.2;19.8
2024-04-15 23:37:38;30.2;36.1;54.5;51;48.5;56.2;22.4 °C;22.4;21.7;20.4;20.2;19.8
2024-04-15 23:47:42;30.2;36.1;54.5;51.0;48.5;56.2;22.3 °C;22.4;21.7;20.4;20.2;19.8
2024-04-15 23:57:39;30.2;36.0;54.5;51.0;48.5;56.2;22.3 °C;22.4;21.7;20.4;20.2;19.8
2024-04-16 00:07:36;30.2;36.0;54.5;51.0;48.5;56.2;22.2 °C;22.4;21.7;20.4;20.2;19.8
2024-04-16 00:17:39;30.2;36.1;54.5;51.0;48.5;56.2;22.2 °C;22.4;21.7;20.4;20.2;19.8
2024-04-16 00:27:36;30.2;36.0;54.5;51.0;48.5;56.2;22.1 °C;22.3;21.7;20.4;20.2;19.8
2024-04-16 00:37:37;30.2;36.0;54.5;51.0;48.5;56.2;22.1 °C;22.3;21.7;20.4;20.2;19.8
2024-04-16 00:47:42;30.3;36.0;54.5;51.0;48.5;56.2;22.1 °C;22.3;21.7;20.4;20.2;19.8
2024-04-16 00:57:42;30.2;36.0;54.5;51.0;48.5;56.2;22 °C;22.3;21.7;20.4;20.2;19.8
2024-04-16 01:07:43;30.1;36.0;54.5;51.0;48.5;56.2;21.9 °C;22.3;21.7;20.4;20.2;19.8
2024-04-16 01:17:41;30.2;36.0;54.5;50.9;48.5;56.2;21.9 °C;22.3;21.7;20.4;20.2;19.8
2024-04-16 01:27:39;30.1;36.0;54.5;51.0;48.5;56.2;21.9 °C;22.2;21.7;20.4;20.3;19.8
2024-04-16 01:37:42;30.3;36.0;54.5;50.9;48.5;56.2;21.8 °C;22.2;21.7;20.4;20.3;19.8
2024-04-16 01:47:38;30.3;36.0;54.5;50.9;48.5;56.2;21.8 °C;22.2;21.7;20.4;20.3;19.8
2024-04-16 01:57:39;30.2;36.0;54.5;50.9;48.5;56.2;21.8 °C;22.1;21.7;20.4;20.3;19.8
2024-04-16 02:17:43;30.2;36.0;54.5;50.8;48.5;56.2;21.7 °C;22.1;21.7;20.4;20.3;19.8
2024-04-16 02:27:41;30.2;36.0;54.5;50.8;48.5;56.2;21.6 °C;22.1;21.7;20.5;20.3;19.8
2024-04-16 02:37:36;30.2;36.0;54.5;50.8;48.5;56.2;21.6 °C;22.1;21.7;20.5;20.3;19.8
2024-04-16 02:47:39;30.2;36.0;54.5;50.8;48.5;56.2;21.6 °C;22.1;21.7;20.5;20.3;19.8
2024-04-16 02:57:37;30.2;36.0;54.5;50.8;48.5;56.2;21.5 °C;22.1;21.7;20.5;20.3;19.8
2024-04-16 03:07:39;30.2;36.0;54.5;50.8;48.5;56.2;21.5 °C;22;21.7;20.5;20.3;19.8
2024-04-16 03:17:38;30.4;36.0;54.5;50.8;48.5;56.2;21.4 °C;22;21.7;20.5;20.3;19.8
2024-04-16 03:27:42;30.2;36.0;54.5;50.7;48.5;56.2;21.4 °C;22;21.6;20.5;20.3;19.8
2024-04-16 03:37:43;30.2;35.9;54.5;50.7;48.5;56.2;21.4 °C;21.9;21.6;20.5;20.3;19.8
2024-04-16 03:47:35;30.1;35.9;54.5;50.7;48.5;56.2;21.3 °C;21.9;21.6;20.5;20.3;19.8
2024-04-16 03:57:38;30.1;35.9;54.5;50.7;48.5;56.2;21.3 °C;21.9;21.6;20.5;20.3;19.8
2024-04-16 04:07:38;30.1;35.9;54.5;50.7;48.5;56.2;21.3 °C;21.9;21.6;20.5;20.3;19.8
2024-04-16 04:17:38;30.1;35.9;54.5;50.7;48.5;56.2;21.2 °C;21.9;21.6;20.5;20.3;19.8
2024-04-16 04:27:39;30.1;35.9;54.5;50.7;48.5;56.2;21.2 °C;21.9;21.6;20.5;20.3;19.8
2024-04-16 04:37:37;30.2;35.9;54.5;50.7;48.5;56.2;21.1 °C;21.8;21.6;20.5;20.3;19.9
2024-04-16 04:47:41;30.1;35.9;54.5;50.7;48.5;56.2;21.1 °C;21.8;21.6;20.5;20.3;19.9
2024-04-16 04:57:42;30.2;35.9;54.5;50.7;48.5;56.2;21.1 °C;21.8;21.6;20.5;20.3;19.9
2024-04-16 05:07:38;30.1;35.9;54.5;50.7;48.5;56.2;21 °C;21.8;21.6;20.5;20.3;19.9
2024-04-16 05:17:42;30.1;35.9;54.5;50.7;48.5;56.2;21 °C;21.8;21.6;20.5;20.3;19.9
2024-04-16 05:27:35;30.2;35.9;54.4;50.7;48.5;56.2;20.9 °C;21.8;21.6;20.5;20.3;19.9
2024-04-16 05:37:41;30.3;35.9;54.4;50.7;48.5;56.2;20.9 °C;21.7;21.6;20.5;20.3;19.9
2024-04-16 05:47:42;30.2;35.8;54.5;50.7;48.5;56.2;20.9 °C;21.7;21.6;20.5;20.3;19.9
2024-04-16 05:57:38;30.2;35.9;54.4;50.7;48.5;56.2;20.8 °C;21.7;21.6;20.5;20.3;19.9
2024-04-16 06:07:42;30.2;35.9;54.4;50.7;48.5;56.2;20.8 °C;21.6;21.6;20.5;20.3;19.9
2024-04-16 06:17:36;30.2;35.9;54.4;50.7;48.5;56.2;20.8 °C;21.6;21.5;20.5;20.3;19.9
2024-04-16 06:27:42;30.2;35.9;54.4;50.7;48.5;56.2;20.7 °C;21.6;21.5;20.5;20.3;19.9
2024-04-16 06:37:42;30.2;35.8;54.4;50.7;48.5;56.2;20.6 °C;21.6;21.5;20.5;20.3;19.9
2024-04-16 06:47:35;30.2;35.8;54.4;50.7;48.5;56.2;20.6 °C;21.6;21.5;20.5;20.3;19.9
2024-04-16 06:57:37;30.2;35.8;54.4;50.6;48.5;56.2;20.6 °C;21.5;21.5;20.5;20.3;19.9
2024-04-16 07:07:38;30.3;35.8;54.4;50.7;48.5;56.2;20.5 °C;21.5;21.5;20.5;20.3;19.9
2024-04-16 07:17:39;30.3;35.8;54.4;50.7;48.5;56.2;20.4 °C;21.5;21.5;20.5;20.3;19.9
2024-04-16 07:27:40;30.3;35.8;54.4;50.6;48.5;56.2;20.4 °C;21.4;21.4;20.5;20.3;19.9
2024-04-16 07:37:35;30.2;35.8;54.4;50.6;48.5;56.2;20.4 °C;21.4;21.4;20.5;20.3;19.9
2024-04-16 07:47:37;30.3;35.8;54.4;50.6;48.5;56.2;20.4 °C;21.4;21.4;20.5;20.3;19.9
2024-04-16 07:57:42;30.2;35.8;54.4;50.6;48.5;56.2;20.4 °C;21.4;21.4;20.4;20.3;19.9
2024-04-16 08:07:39;30.1;35.8;54.4;50.6;48.5;56.2;20.4 °C;21.4;21.4;20.4;20.3;19.9
2024-04-16 08:17:40;30.2;35.8;54.4;50.6;48.5;56.2;20.4 °C;21.3;21.4;20.4;20.3;19.9
2024-04-16 08:27:35;30.1;35.8;54.4;50.6;48.5;56.2;20.4 °C;21.3;21.4;20.4;20.3;19.9
2024-04-16 08:37:41;30.1;35.8;54.4;50.6;48.5;56.2;20.4 °C;21.3;21.4;20.4;20.3;19.9
2024-04-16 08:47:41;30.2;35.8;54.4;50.6;48.5;56.2;20.4 °C;21.3;21.4;20.4;20.3;19.9
2024-04-16 08:57:37;30.1;35.8;54.4;50.6;48.5;56.2;20.5 °C;21.3;21.4;20.4;20.3;19.9
2024-04-16 09:07:42;30.2;35.8;54.3;50.6;48.5;56.2;20.6 °C;21.3;21.4;20.4;20.3;19.9
2024-04-16 09:17:39;30.2;35.8;54.3;50.6;48.5;56.2;20.6 °C;21.3;21.3;20.4;20.3;19.9
2024-04-16 09:27:37;30.2;35.8;54.3;50.6;48.5;56.2;20.7 °C;21.2;21.3;20.4;20.3;19.9
2024-04-16 09:37:37;30.2;35.8;54.3;50.6;48.5;56.2;20.8 °C;21.2;21.3;20.4;20.3;19.9
2024-04-16 09:47:40;30.2;35.8;54.3;50.6;48.5;56.2;20.8 °C;21.2;21.3;20.4;20.3;19.9
2024-04-16 09:57:36;30.1;35.8;54.3;50.6;48.5;56.2;20.8 °C;21.2;21.3;20.4;20.3;19.9
2024-04-16 10:07:39;30.3;35.7;54.3;50.6;48.5;56.2;20.9 °C;21.1;21.3;20.4;20.3;19.9
2024-04-16 10:17:41;30.3;35.7;54.3;50.6;48.5;56.2;21 °C;21.1;21.3;20.4;20.3;19.9
2024-04-16 10:27:40;30.4;35.7;54.3;50.6;48.5;56.2;21.1 °C;21.1;21.3;20.4;20.3;19.9
2024-04-16 10:37:35;30.3;35.7;54.3;50.5;48.5;56.2;21.1 °C;21.1;21.3;20.4;20.3;19.9
2024-04-16 10:47:37;30.3;35.7;54.3;50.5;48.5;56.2;21.3 °C;21.1;21.3;20.4;20.3;19.9
2024-04-16 10:57:37;30.2;35.7;54.3;50.5;48.5;56.2;21.3 °C;21.1;21.3;20.4;20.3;19.9
2024-04-16 11:07:37;30.2;35.7;54.3;50.5;48.5;56.2;21.4 °C;21.1;21.3;20.4;20.3;19.9
2024-04-16 11:17:42;30.2;35.7;54.3;50.5;48.5;56.2;21.5 °C;21.1;21.2;20.4;20.3;19.9
2024-04-16 11:27:43;30.2;35.7;54.3;50.5;48.5;56.2;21.6 °C;21.1;21.2;20.4;20.3;19.9
2024-04-16 11:37:41;30.3;35.7;54.3;50.5;48.5;56.2;21.7 °C;21.1;21.2;20.4;20.3;19.9
2024-04-16 11:47:37;30.4;35.7;54.3;50.5;48.5;56.2;21.8 °C;21.1;21.2;20.4;20.3;19.9
2024-04-16 11:57:41;30.4;35.7;54.3;50.5;48.5;56.2;21.9 °C;21.1;21.2;20.4;20.3;19.9
2024-04-16 12:07:41;30.3;35.7;54.2;50.5;48.5;56.2;22.1 °C;21.2;21.2;20.4;20.3;19.9
2024-04-16 12:17:40;30.3;35.7;54.2;50.5;48.5;56.2;22.2 °C;21.2;21.2;20.4;20.3;19.9
2024-04-16 12:27:35;30.4;35.7;54.2;50.5;48.5;56.2;22.3 °C;21.2;21.2;20.4;20.3;19.9
2024-04-16 12:37:41;30.4;35.7;54.2;50.5;48.5;56.2;22.4 °C;21.2;21.1;20.4;20.3;19.9
2024-04-16 12:47:38;30.3;35.7;54.2;50.5;48.5;56.2;22.6 °C;21.3;21.1;20.4;20.3;19.9
2024-04-16 12:57:47;30.4;35.7;54.2;50.5;48.5;56.2;22.7 °C;21.3;21.1;20.3;20.3;19.9
2024-04-16 13:07:40;30.3;35.7;54.2;50.4;48.5;56.2;22.8 °C;21.3;21.1;20.3;20.3;19.9
2024-04-16 13:17:43;30.3;35.7;54.2;50.4;48.5;56.2;22.8 °C;21.3;21.1;20.3;20.3;19.9
2024-04-16 13:27:41;30.3;35.7;54.2;50.4;48.5;56.2;22.9 °C;21.3;21.1;20.3;20.3;19.9
2024-04-16 13:37:36;30.2;35.7;54.2;50.4;48.5;56.2;22.9 °C;21.3;21.1;20.3;20.3;19.9
2024-04-16 13:47:39;30.3;35.7;54.2;50.4;48.5;56.2;23 °C;21.4;21.1;20.3;20.3;19.9
2024-04-16 13:57:42;30.2;35.7;54.2;50.4;48.5;56.2;23.1 °C;21.4;21.1;20.3;20.3;19.9
2024-04-16 14:07:39;30.3;35.8;54.2;50.4;48.5;56.2;23.1 °C;21.4;21.1;20.3;20.3;19.9
2024-04-16 14:17:40;30.3;35.7;54.2;50.4;48.5;56.2;23.1 °C;21.4;21.1;20.3;20.3;19.9
2024-04-16 14:27:39;30.3;35.7;54.2;50.4;48.5;56.2;23.1 °C;21.5;21.1;20.3;20.3;19.9
2024-04-16 14:37:42;30.3;35.7;54.2;50.4;48.5;56.2;23.1 °C;21.5;21.1;20.3;20.3;19.9
2024-04-16 14:47:43;30.2;35.7;54.2;50.4;48.5;56.2;23.1 °C;21.6;21.1;20.3;20.3;19.9
2024-04-16 14:57:37;30.2;35.7;54.2;50.4;48.5;56.2;23.1 °C;21.6;21.1;20.3;20.3;19.9
2024-04-16 15:07:41;30.2;35.7;54.2;50.4;48.5;56.2;23.1 °C;21.6;21.1;20.3;20.3;19.9
2024-04-16 15:17:41;30.3;35.8;54.2;50.4;48.5;56.2;23.1 °C;21.6;21.2;20.3;20.3;19.9
2024-04-16 15:27:40;30.3;35.8;54.2;50.4;48.5;56.2;23.1 °C;21.7;21.2;20.3;20.3;19.9
2024-04-16 15:37:35;30.3;35.8;54.2;50.3;48.5;56.2;23 °C;21.7;21.2;20.3;20.3;19.9
2024-04-16 15:47:41;30.4;35.8;54.2;50.3;48.5;56.2;22.9 °C;21.7;21.2;20.3;20.3;19.9
2024-04-16 15:57:37;30.3;35.7;54.2;50.3;48.5;56.2;22.9 °C;21.8;21.2;20.3;20.3;19.9
2024-04-16 16:07:37;30.3;35.8;54.2;50.4;48.5;56.2;22.8 °C;21.8;21.2;20.3;20.3;19.9
2024-04-16 16:17:41;30.3;35.8;54.2;50.3;48.4;56.2;22.8 °C;21.8;21.2;20.3;20.3;19.9
2024-04-16 16:27:38;30.3;35.8;54.2;50.4;48.4;56.2;22.7 °C;21.8;21.2;20.3;20.3;19.9
2024-04-16 16:37:40;30.3;35.7;54.2;50.4;48.4;56.2;22.6 °C;21.8;21.2;20.3;20.3;19.9
2024-04-16 16:47:38;30.2;35.8;54.2;50.4;48.4;56.1;22.6 °C;21.8;21.3;20.3;20.3;19.9
2024-04-16 16:57:35;30.0;35.8;54.2;50.4;48.5;56.1;22.5 °C;21.8;21.3;20.3;20.3;19.9
2024-04-16 17:07:38;30.1;35.8;54.2;50.4;48.4;56.1;22.4 °C;21.8;21.3;20.3;20.3;19.9
2024-04-16 17:17:39;30.2;35.7;54.2;50.4;48.4;56.1;22.4 °C;21.9;21.3;20.3;20.3;19.9
2024-04-16 17:27:40;30.1;35.7;54.2;50.4;48.4;56.1;22.3 °C;21.9;21.3;20.3;20.3;19.9
2024-04-16 17:37:35;30.1;35.7;54.2;50.4;48.4;56.1;22.2 °C;21.9;21.3;20.3;20.3;19.9
2024-04-16 17:47:38;30.2;35.7;54.2;50.4;48.4;56.1;22.2 °C;21.9;21.3;20.3;20.3;19.9
2024-04-16 17:57:42;30.2;35.7;54.2;50.3;48.4;56.1;22.1 °C;21.9;21.3;20.3;20.3;19.9
2024-04-16 18:07:36;30.2;35.7;54.2;50.4;48.4;56.1;22.1 °C;21.9;21.3;20.3;20.3;19.9
2024-04-16 18:17:35;30.3;35.7;54.2;50.3;48.4;56.1;22 °C;21.9;21.3;20.3;20.3;19.9
2024-04-16 18:27:38;30.1;35.7;54.2;50.4;48.4;56.1;21.9 °C;21.9;21.3;20.3;20.3;19.9
2024-04-16 18:37:35;30.2;35.7;54.2;50.4;48.4;56.1;21.9 °C;21.9;21.3;20.3;20.3;19.9
2024-04-16 18:47:38;30.2;35.7;54.2;50.4;48.4;56.1;21.9 °C;21.9;21.3;20.3;20.3;19.9
2024-04-16 18:57:39;30.3;35.7;54.2;50.4;48.4;56.1;21.8 °C;21.9;21.3;20.3;20.3;19.9
2024-04-16 19:07:38;30.3;35.8;54.2;50.4;48.4;56.1;21.8 °C;21.8;21.3;20.3;20.3;19.9
2024-04-16 19:17:43;30.2;35.8;54.2;50.4;48.4;56.1;21.8 °C;21.8;21.3;20.3;20.3;19.9
2024-04-16 19:27:40;30.2;35.8;54.2;50.4;48.4;56.1;21.7 °C;21.8;21.3;20.3;20.3;19.9
2024-04-16 19:37:40;30.1;35.8;54.2;50.4;48.4;56.1;21.6 °C;21.8;21.3;20.3;20.3;19.9
2024-04-16 19:47:36;30.1;35.8;54.2;50.4;48.4;56.1;21.6 °C;21.8;21.4;20.3;20.3;19.9
2024-04-16 19:57:42;30.2;35.8;54.2;50.4;48.4;56.1;21.5 °C;21.8;21.4;20.3;20.3;19.9
2024-04-16 20:07:36;30.1;35.7;54.2;50.4;48.4;56.1;21.4 °C;21.8;21.4;20.3;20.3;19.9
2024-04-16 20:17:40;30.1;35.7;54.2;50.4;48.4;56.1;21.3 °C;21.8;21.4;20.3;20.3;19.9
2024-04-16 20:27:38;30.2;35.7;54.2;50.4;48.4;56.1;21.3 °C;21.8;21.4;20.3;20.3;19.9
2024-04-16 20:37:36;30.1;35.7;54.2;50.4;48.4;56.1;21.2 °C;21.8;21.4;20.3;20.3;19.9
2024-04-16 20:47:35;30.1;35.7;54.2;50.4;48.4;56.1;21.1 °C;21.7;21.4;20.3;20.3;19.9
2024-04-16 20:57:41;30.1;35.8;54.2;50.4;48.4;56.1;21.1 °C;21.7;21.4;20.3;20.3;19.9
2024-04-16 21:07:42;30.2;35.7;54.2;50.4;48.4;56.1;21.1 °C;21.7;21.4;20.3;20.3;19.9
2024-04-16 21:17:40;30.2;35.7;54.2;50.4;48.4;56.1;21 °C;21.7;21.4;20.3;20.3;19.9
2024-04-16 21:27:38;30.2;35.7;54.2;50.4;48.4;56.1;20.9 °C;21.6;21.4;20.3;20.3;19.9
2024-04-16 21:37:36;30.2;35.7;54.2;50.4;48.4;56.1;20.9 °C;21.6;21.4;20.3;20.3;19.9
2024-04-16 21:47:40;30.4;35.7;54.2;50.4;48.4;56.1;20.8 °C;21.6;21.4;20.3;20.3;19.9
2024-04-16 21:57:42;30.4;35.7;54.2;50.4;48.4;56.1;20.8 °C;21.6;21.4;20.3;20.3;19.9
2024-04-16 22:07:40;30.3;35.7;54.2;50.4;48.4;56.1;20.7 °C;21.6;21.4;20.3;20.3;19.9
2024-04-16 22:17:35;30.2;35.7;54.2;50.4;48.4;56.1;20.6 °C;21.6;21.3;20.4;20.3;19.9
2024-04-16 22:27:42;30.3;35.7;54.2;50.4;48.4;56.1;20.6 °C;21.5;21.3;20.4;20.3;19.9
2024-04-16 22:37:35;30.3;35.7;54.2;50.4;48.4;56.1;20.6 °C;21.5;21.3;20.3;20.3;19.9
2024-04-16 22:47:41;30.4;35.7;54.2;50.4;48.4;56.1;20.5 °C;21.5;21.3;20.4;20.3;19.9
2024-04-16 22:57:43;30.3;35.7;54.2;50.4;48.4;56.1;20.5 °C;21.4;21.3;20.4;20.3;19.9
2024-04-16 23:07:36;30.3;35.7;54.2;50.4;48.4;56.1;20.4 °C;21.4;21.3;20.4;20.3;19.9
2024-04-16 23:17:36;30.3;35.7;54.2;50.4;48.4;56.1;20.4 °C;21.4;21.3;20.4;20.3;19.9
2024-04-16 23:27:39;30.4;35.7;54.2;50.4;48.4;56.1;20.4 °C;21.4;21.3;20.4;20.3;19.9
2024-04-16 23:37:42;30.4;35.7;54.2;50.3;48.4;56.1;20.3 °C;21.4;21.3;20.3;20.3;19.9
2024-04-16 23:47:41;30.3;35.7;54.2;50.4;48.4;56.1;20.3 °C;21.3;21.3;20.4;20.3;19.9
2024-04-16 23:57:36;30.4;35.7;54.2;50.4;48.4;56.1;20.3 °C;21.3;21.3;20.4;20.3;19.9
2024-04-17 00:07:40;30.4;35.6;54.2;50.4;48.4;56.1;20.3 °C;21.3;21.3;20.4;20.3;19.9
2024-04-17 00:17:40;30.4;35.7;54.2;50.4;48.4;56.1;20.2 °C;21.3;21.3;20.4;20.3;19.9
2024-04-17 00:27:42;30.4;35.7;54.2;50.4;48.4;56.1;20.2 °C;21.3;21.3;20.4;20.3;19.9
2024-04-17 00:37:40;30.4;35.6;54.2;50.3;48.4;56.1;20.1 °C;21.3;21.3;20.3;20.3;19.9
2024-04-17 00:47:39;30.5;35.6;54.2;50.3;48.4;56.1;20.1 °C;21.2;21.3;20.3;20.3;19.9
2024-04-17 00:57:41;30.5;35.6;54.2;50.3;48.4;56.1;20.1 °C;21.2;21.3;20.3;20.3;19.9
2024-04-17 01:07:37;30.4;35.6;54.2;50.3;48.4;56.1;20.1 °C;21.2;21.3;20.3;20.3;19.9
2024-04-17 01:17:38;30.4;35.6;54.2;50.3;48.4;56.1;20 °C;21.1;21.3;20.3;20.3;19.9
2024-04-17 01:27:36;30.3;35.6;54.2;50.3;48.4;56.1;20 °C;21.1;21.2;20.3;20.3;19.9
2024-04-17 01:37:40;30.3;35.6;54.2;50.3;48.4;56.1;19.9 °C;21.1;21.2;20.3;20.3;19.9
2024-04-17 01:47:36;30.4;35.6;54.1;50.3;48.4;56.1;19.9 °C;21.1;21.2;20.3;20.3;19.9
2024-04-17 01:57:35;30.4;35.6;54.1;50.3;48.4;56.1;19.9 °C;21.1;21.2;20.3;20.3;19.9
2024-04-17 02:07:37;30.3;35.6;54.1;50.3;48.4;56.1;19.9 °C;21;21.2;20.3;20.3;19.9
2024-04-17 02:17:38;30.3;35.6;54.1;50.3;48.4;56.1;19.8 °C;21;21.2;20.3;20.3;19.9
2024-04-17 02:27:39;30.4;35.6;54.1;50.3;48.4;56.1;19.8 °C;21;21.1;20.3;20.3;19.9
2024-04-17 02:37:37;30.4;35.6;54.1;50.3;48.4;56.1;19.7 °C;20.9;21.1;20.3;20.3;20
2024-04-17 02:47:41;30.4;35.6;54.1;50.3;48.4;56.1;19.6 °C;20.9;21.1;20.3;20.3;20
2024-04-17 02:57:41;30.4;35.6;54.1;50.3;48.4;56.1;19.6 °C;20.9;21.1;20.3;20.3;19.9
2024-04-17 03:07:38;30.5;35.6;54.1;50.3;48.4;56.1;19.5 °C;20.9;21.1;20.3;20.3;20
2024-04-17 03:17:40;30.3;35.6;54.1;50.3;48.4;56.1;19.4 °C;20.9;21.1;20.3;20.3;20
2024-04-17 03:27:40;30.4;35.6;54.1;50.3;48.4;56.1;19.4 °C;20.8;21.1;20.3;20.3;19.9
2024-04-17 03:37:40;30.4;35.6;54.1;50.3;48.4;56.1;19.3 °C;20.8;21.1;20.3;20.3;20
2024-04-17 03:47:36;30.3;35.6;54.1;50.3;48.4;56.1;19.3 °C;20.8;21.1;20.3;20.3;20
2024-04-17 03:57:39;30.3;35.6;54.1;50.2;48.4;56.1;19.3 °C;20.8;21.1;20.3;20.3;20
2024-04-17 04:07:42;30.3;35.6;54.1;50.3;48.4;56.1;19.2 °C;20.8;21.1;20.3;20.3;20
2024-04-17 04:17:35;30.3;35.6;54.1;50.3;48.4;56.1;19.1 °C;20.7;21.1;20.3;20.3;20
2024-04-17 04:27:37;30.3;35.6;54.1;50.3;48.4;56.1;19.1 °C;20.7;21;20.3;20.3;20
2024-04-17 04:37:38;30.3;35.6;54.1;50.3;48.4;56.1;19 °C;20.7;21;20.3;20.3;20
2024-04-17 04:47:35;30.3;35.6;54.1;50.3;48.4;56.1;19 °C;20.6;21;20.3;20.3;20
2024-04-17 04:57:37;30.3;35.6;54.1;50.3;48.4;56.1;18.9 °C;20.6;21;20.3;20.3;20
2024-04-17 05:07:41;30.4;35.5;54.1;50.3;48.4;56.1;18.9 °C;20.6;21;20.3;20.3;20
2024-04-17 05:17:41;30.4;35.6;54.1;50.2;48.4;56.1;18.9 °C;20.6;20.9;20.3;20.3;20
2024-04-17 05:27:42;30.4;35.6;54.0;50.2;48.4;56.1;18.9 °C;20.5;20.9;20.3;20.3;20
2024-04-17 05:37:40;30.4;35.6;54.0;50.2;48.4;56.1;18.8 °C;20.5;20.9;20.3;20.3;20
2024-04-17 05:47:39;30.4;35.6;54.0;50.2;48.4;56.1;18.8 °C;20.4;20.9;20.3;20.3;20
2024-04-17 05:57:41;30.4;35.6;54.1;50.2;48.4;56.1;18.8 °C;20.4;20.9;20.3;20.3;20
2024-04-17 06:07:37;30.5;35.5;54.1;50.2;48.4;56.1;18.7 °C;20.4;20.9;20.3;20.3;20
2024-04-17 06:17:37;30.6;35.5;54.1;50.2;48.4;56.1;18.7 °C;20.4;20.9;20.2;20.3;20
2024-04-17 06:27:37;30.5;35.5;54.0;50.2;48.4;56.1;18.6 °C;20.4;20.9;20.2;20.3;20
2024-04-17 06:37:38;30.6;35.5;54.0;50.2;48.4;56.1;18.6 °C;20.3;20.9;20.2;20.3;20
2024-04-17 06:47:40;30.5;35.5;54.0;50.2;48.4;56.1;18.6 °C;20.3;20.8;20.2;20.3;20
2024-04-17 06:57:35;30.6;35.5;54;50.2;48.4;56.1;18.6 °C;20.3;20.8;20.2;20.3;20
2024-04-17 07:07:38;30.6;35.5;54;50.2;48.4;56.1;18.6 °C;20.3;20.8;20.2;20.3;20
2024-04-17 07:17:40;30.5;35.5;54;50.2;48.4;56.1;18.6 °C;20.3;20.8;20.2;20.3;20
2024-04-17 07:27:38;30.4;35.5;54.0;50.2;48.4;56.1;18.5 °C;20.2;20.8;20.2;20.3;20
2024-04-17 07:37:37;30.5;35.5;54.0;50.2;48.4;56.1;18.5 °C;20.2;20.8;20.2;20.3;20
2024-04-17 07:47:41;30.5;35.5;54.0;50.2;48.4;56.1;18.5 °C;20.1;20.8;20.2;20.3;20
2024-04-17 07:57:38;30.4;35.5;54.0;50.2;48.4;56.1;18.5 °C;20.1;20.8;20.1;20.3;20
2024-04-17 08:07:34;30.4;35.5;54.0;50.2;48.4;56.1;18.5 °C;20.1;20.7;20.1;20.3;20
2024-04-17 08:17:37;30.3;35.5;54.0;50.2;48.4;56.1;18.5 °C;20.1;20.7;20.1;20.3;20
2024-04-17 08:27:37;30.2;35.5;54.0;50.2;48.4;56.1;18.5 °C;20.1;20.7;20.1;20.3;20
2024-04-17 08:37:42;30.2;35.5;54.0;50.2;48.4;56.1;18.5 °C;20.1;20.7;20.1;20.3;20
2024-04-17 08:47:40;30.2;35.5;54.0;50.2;48.4;56.1;18.5 °C;20;20.6;20.1;20.3;20
2024-04-17 08:57:36;30.2;35.5;54.0;50.2;48.4;56.1;18.6 °C;20;20.6;20.1;20.3;20
2024-04-17 09:07:36;30.2;35.5;53.9;50.2;48.4;56.1;18.6 °C;20;20.6;20.1;20.3;20
2024-04-17 09:17:40;30.2;35.5;53.9;50.2;48.4;56.1;18.8 °C;19.9;20.6;20.1;20.3;20
2024-04-17 09:27:38;30.2;35.4;53.9;50.2;48.4;56.1;18.8 °C;19.9;20.6;20.1;20.3;20
2024-04-17 09:37:37;30.2;35.5;53.9;50.2;48.4;56.1;18.9 °C;19.9;20.6;20.1;20.3;20
2024-04-17 09:47:41;30.3;35.4;53.9;50.2;48.4;56.1;19 °C;19.9;20.6;20.1;20.3;20
2024-04-17 09:57:38;30.2;35.5;53.9;50.2;48.4;56.1;19.1 °C;19.9;20.6;20.1;20.3;20
2024-04-17 10:07:35;30.3;35.5;53.9;50.2;48.4;56.1;19.3 °C;19.9;20.5;20.1;20.3;20
2024-04-17 10:17:38;30.4;35.5;53.9;50.1;48.4;56.1;19.3 °C;19.9;20.5;20.1;20.2;19.9
2024-04-17 10:27:35;30.4;35.5;53.9;50.1;48.4;56.1;19.4 °C;19.9;20.5;20;20.2;19.9
2024-04-17 10:37:37;30.4;35.4;53.9;50.1;48.4;56.1;19.4 °C;19.9;20.5;20;20.2;19.9
2024-04-17 10:47:39;30.5;35.5;53.9;50.1;48.4;56.1;19.5 °C;19.9;20.5;20;20.2;19.9
2024-04-17 10:57:37;30.4;35.5;53.9;50.1;48.4;56.1;19.6 °C;19.9;20.4;20;20.2;19.9
2024-04-17 11:07:42;30.6;35.4;53.9;50.1;48.4;56.1;19.6 °C;19.9;20.4;20;20.2;19.9
2024-04-17 11:17:39;30.7;35.5;53.9;50.1;48.4;56.1;19.7 °C;19.9;20.4;20;20.2;19.9
2024-04-17 11:27:38;30.6;35.5;53.9;50.1;48.4;56.1;19.8 °C;19.9;20.4;20;20.2;19.9
2024-04-17 11:37:37;30.7;35.5;53.9;50.1;48.4;56.1;19.8 °C;19.9;20.4;19.9;20.2;19.9
2024-04-17 11:47:37;30.7;35.5;53.9;50.1;48.4;56.1;19.9 °C;19.9;20.4;19.9;20.2;19.9
2024-04-17 11:57:38;30.6;35.5;53.9;50.1;48.4;56.1;19.9 °C;19.9;20.4;19.9;20.2;19.9
2024-04-17 12:07:35;30.7;35.4;53.9;50.0;48.4;56.1;20 °C;19.9;20.4;19.9;20.2;19.9
2024-04-17 12:17:38;30.7;35.4;53.9;50.0;48.4;56.1;20 °C;19.9;20.4;19.9;20.2;19.9
2024-04-17 12:27:39;30.7;35.4;53.9;50.0;48.4;56.1;20 °C;19.9;20.4;19.9;20.2;19.9
2024-04-17 12:37:35;30.8;35.4;53.9;50.0;48.4;56.1;20.1 °C;19.9;20.4;19.9;20.2;19.9
2024-04-17 12:47:37;30.8;35.4;53.8;50.0;48.3;56.1;20.2 °C;19.9;20.3;19.9;20.1;19.9
2024-04-17 12:57:42;30.9;35.4;53.8;50.0;48.3;56.1;20.3 °C;19.9;20.3;19.9;20.1;19.9
2024-04-17 13:07:35;31.0;35.4;53.8;50.0;48.4;56.1;20.5 °C;20;20.3;19.9;20.1;19.9
2024-04-17 13:17:38;31.0;35.5;53.8;50.0;48.4;56.1;20.6 °C;20;20.3;19.9;20.1;19.9
2024-04-17 13:27:39;31.1;35.4;53.8;50.0;48.3;56.1;20.8 °C;20;20.3;19.9;20.1;19.9
2024-04-17 13:37:39;31.1;35.5;53.8;50.0;48.4;56.1;20.9 °C;20;20.3;19.9;20.1;19.9
2024-04-17 13:47:37;31.2;35.4;53.8;50.0;48.3;56.1;20.9 °C;20.1;20.3;19.9;20.1;19.9
2024-04-17 13:57:42;31.2;35.4;53.8;50.0;48.3;56.1;21 °C;20.1;20.3;19.9;20.1;19.9
2024-04-17 14:07:35;31.2;35.4;53.8;50.0;48.3;56.1;21 °C;20.1;20.3;19.9;20.1;19.9
2024-04-17 14:17:42;31.3;35.4;53.8;50.0;48.3;56.1;21 °C;20.1;20.3;19.8;20.1;19.9
2024-04-17 14:27:40;31.3;35.4;53.8;50.0;48.3;56.1;20.9 °C;20.1;20.3;19.8;20.1;19.9
2024-04-17 14:37:39;31.2;35.4;53.8;50.0;48.3;56.1;20.9 °C;20.2;20.3;19.8;20.1;19.9
2024-04-17 14:47:35;31.2;35.4;53.8;50.0;48.3;56.1;20.9 °C;20.2;20.3;19.8;20.1;19.9
2024-04-17 14:57:42;31.1;35.4;53.8;50.0;48.3;56.1;20.8 °C;20.2;20.3;19.8;20.1;19.9
2024-04-17 15:07:36;31.1;35.4;53.8;50.0;48.3;56.1;20.8 °C;20.3;20.3;19.8;20.1;19.9
2024-04-17 15:17:40;31.2;35.4;53.8;50.0;48.3;56.1;20.8 °C;20.3;20.3;19.8;20.1;19.9
2024-04-17 15:27:35;31.2;35.4;53.8;50.0;48.3;56.1;20.7 °C;20.3;20.3;19.8;20.1;19.9
2024-04-17 15:37:38;31.1;35.4;53.8;49.9;48.3;56.1;20.6 °C;20.3;20.3;19.8;20.1;19.9
2024-04-17 15:47:37;31.3;35.4;53.8;49.9;48.3;56.1;20.5 °C;20.3;20.3;19.8;20.1;19.9
2024-04-17 15:57:38;31.2;35.4;53.8;50.0;48.3;56.1;20.4 °C;20.3;20.3;19.8;20.1;19.9
2024-04-17 16:07:39;31.2;35.4;53.8;49.9;48.3;56.1;20.3 °C;20.3;20.3;19.8;20.1;19.9
2024-04-17 16:17:39;31.2;35.5;53.8;49.9;48.3;56.1;20.3 °C;20.4;20.3;19.8;20.1;19.9
2024-04-17 16:27:38;31.1;35.4;53.8;49.9;48.3;56.1;20.2 °C;20.4;20.3;19.8;20.1;19.9
2024-04-17 16:37:39;31.2;35.4;53.8;49.9;48.2;56.1;20.1 °C;20.4;20.3;19.8;20.1;19.9
2024-04-17 16:47:39;31.2;35.4;53.8;49.9;48.2;56.1;20.1 °C;20.4;20.3;19.8;20.1;19.9
2024-04-17 16:57:42;31.2;35.4;53.8;49.9;48.2;56;20 °C;20.4;20.3;19.8;20;19.9
2024-04-17 17:07:40;31.2;35.4;53.8;49.9;48.2;56;19.9 °C;20.4;20.3;19.8;20;19.9
2024-04-17 17:17:40;31.3;35.4;53.8;49.9;48.2;56;19.9 °C;20.4;20.3;19.8;20;19.9
2024-04-17 17:27:39;31.2;35.4;53.8;49.9;48.2;56.0;19.8 °C;20.4;20.3;19.8;20;19.9
2024-04-17 17:37:39;31.3;35.4;53.8;49.9;48.2;55.9;19.8 °C;20.4;20.4;19.8;20;19.9
2024-04-17 17:47:42;31.3;35.4;53.8;49.9;48.2;56.0;19.7 °C;20.4;20.4;19.8;20;19.9
2024-04-17 17:57:36;31.1;35.4;53.8;49.9;48.2;56.0;19.6 °C;20.3;20.4;19.8;20;19.9
2024-04-17 18:07:39;31.2;35.4;53.8;49.9;48.2;56;19.5 °C;20.3;20.4;19.8;20;19.9
2024-04-17 18:17:38;31.2;35.4;53.8;49.9;48.2;56;19.4 °C;20.3;20.4;19.8;20;19.9
2024-04-17 18:27:40;31.3;35.4;53.8;49.9;48.2;56;19.3 °C;20.3;20.4;19.8;20;19.9
2024-04-17 18:37:41;31.2;35.4;53.8;49.9;48.2;56;19.2 °C;20.3;20.4;19.8;20;19.9
2024-04-17 18:47:37;31.2;35.4;53.8;49.9;48.2;56;19.1 °C;20.3;20.4;19.8;20;19.9
2024-04-17 18:57:34;31.2;35.4;53.8;49.9;48.2;56;19 °C;20.3;20.4;19.8;20;19.9
2024-04-17 19:07:40;31.2;35.4;53.8;49.9;48.2;56;18.9 °C;20.3;20.4;19.8;20;19.9
2024-04-17 19:17:36;31.2;35.4;53.8;49.9;48.2;56;18.8 °C;20.3;20.4;19.8;20;19.9
2024-04-17 19:27:40;31.2;35.4;53.8;49.9;48.2;56;18.7 °C;20.2;20.4;19.8;20;19.9
2024-04-17 19:37:41;31.2;35.4;53.8;49.9;48.2;56;18.6 °C;20.2;20.4;19.8;20;19.9
2024-04-17 19:47:37;31.3;35.4;53.8;49.9;48.2;56;18.5 °C;20.2;20.3;19.8;20;19.9
2024-04-17 19:57:38;31.2;35.4;53.8;49.9;48.2;56.0;18.4 °C;20.1;20.3;19.8;20;19.8
2024-04-17 20:07:40;31.1;35.3;53.8;49.9;48.2;55.9;18.3 °C;20.1;20.3;19.8;19.9;19.8
2024-04-17 20:17:37;31.1;35.3;53.8;49.9;48.2;56.0;18.3 °C;20.1;20.3;19.8;20;19.8
2024-04-17 20:27:38;31.1;35.4;53.8;49.9;48.2;56.0;18.1 °C;20.1;20.3;19.7;19.9;19.8
2024-04-17 20:37:41;31.1;35.3;53.8;49.9;48.2;56.0;18.1 °C;20.1;20.3;19.8;19.9;19.8
2024-04-17 20:47:35;31.0;35.3;53.8;49.9;48.2;56.0;18 °C;20;20.3;19.7;19.9;19.8
2024-04-17 20:57:37;31.1;35.3;53.8;49.9;48.2;56.0;17.9 °C;20;20.3;19.7;19.9;19.8
2024-04-17 21:07:35;31.1;35.3;53.8;49.9;48.2;56.0;17.8 °C;19.9;20.3;19.7;19.9;19.8
2024-04-17 21:17:41;31.2;35.3;53.8;49.9;48.2;56.0;17.8 °C;19.9;20.3;19.7;19.9;19.8
2024-04-17 21:27:38;31.3;35.4;53.7;49.9;48.2;56.0;17.7 °C;19.9;20.3;19.7;19.9;19.8
2024-04-17 21:37:36;31.3;35.3;53.7;49.9;48.2;56.0;17.6 °C;19.9;20.3;19.7;19.9;19.8
2024-04-17 21:47:40;31.2;35.3;53.8;49.9;48.2;56.0;17.6 °C;19.8;20.3;19.7;19.9;19.8
2024-04-17 21:57:36;31.2;36.0;53.8;49.9;48.2;56.0;17.5 °C;19.8;20.3;19.7;19.9;19.8
2024-04-17 22:07:36;31.3;35.5;53.8;49.9;48.2;56.0;17.4 °C;19.8;20.3;19.7;19.9;19.8
2024-04-17 22:17:40;31.2;35.3;53.8;49.9;48.2;56.0;17.4 °C;19.8;20.3;19.7;19.9;19.8
2024-04-17 22:27:36;31.2;35.3;53.8;49.9;48.2;56.0;17.4 °C;19.7;20.3;19.7;19.9;19.8
2024-04-17 22:37:40;31.2;35.3;53.8;49.9;48.2;56.0;17.3 °C;19.7;20.2;19.7;19.9;19.8
2024-04-17 22:47:40;31.2;35.3;53.7;49.9;48.2;56.0;17.3 °C;19.6;20.2;19.7;19.9;19.8
2024-04-17 22:57:36;31.3;35.3;53.7;49.9;48.2;56.0;17.2 °C;19.6;20.2;19.7;19.9;19.8
2024-04-17 23:07:41;31.2;35.3;53.7;49.9;48.2;56.0;17.1 °C;19.6;20.2;19.7;19.9;19.8
2024-04-17 23:17:37;31.2;35.3;53.7;49.9;48.2;56.0;17.1 °C;19.5;20.2;19.7;19.9;19.8
2024-04-17 23:27:34;31.3;35.3;53.7;49.9;48.2;56.0;17 °C;19.5;20.2;19.7;19.9;19.8
2024-04-17 23:37:36;31.3;35.3;53.7;49.9;48.2;56.0;16.9 °C;19.4;20.1;19.7;19.9;19.8
2024-04-17 23:47:37;31.3;35.3;53.7;49.9;48.2;56.0;16.9 °C;19.4;20.1;19.6;19.9;19.8
2024-04-17 23:57:41;31.3;35.3;53.7;49.9;48.2;56.0;16.8 °C;19.4;20.1;19.6;19.9;19.8
2024-04-18 00:07:39;31.3;35.3;53.7;49.9;48.2;56.0;16.8 °C;19.4;20.1;19.6;19.9;19.8
2024-04-18 00:17:35;31.3;35.3;53.7;49.8;48.2;56.0;16.7 °C;19.3;20.1;19.6;19.9;19.8
2024-04-18 00:27:37;31.3;35.3;53.7;49.9;48.2;56.0;16.6 °C;19.3;20.1;19.6;19.9;19.8
2024-04-18 00:37:34;31.3;35.3;53.7;49.9;48.2;56.0;16.6 °C;19.3;20.1;19.6;19.9;19.8
2024-04-18 00:47:40;31.3;35.3;53.7;49.9;48.2;56.0;16.5 °C;19.2;20.1;19.6;19.9;19.8
2024-04-18 00:57:40;31.3;35.3;53.7;49.8;48.2;56.0;16.4 °C;19.2;20;19.6;19.9;19.8
2024-04-18 01:07:40;31.4;35.3;53.7;49.8;48.2;56.0;16.3 °C;19.1;20;19.6;19.9;19.8
2024-04-18 01:17:41;31.3;35.3;53.7;49.8;48.2;56.0;16.3 °C;19.1;20;19.6;19.9;19.8
2024-04-18 01:27:34;31.2;35.3;53.7;49.8;48.2;56.0;16.2 °C;19.1;20;19.6;19.9;19.8
2024-04-18 01:37:41;31.2;35.3;53.7;49.8;48.2;56.0;16.2 °C;19;19.9;19.6;19.9;19.8
2024-04-18 01:47:35;31.3;35.3;53.7;49.8;48.2;56.0;16.1 °C;19;19.9;19.6;19.9;19.8
2024-04-18 01:57:41;31.3;35.3;53.7;49.8;48.2;56.0;16.1 °C;18.9;19.9;19.6;19.9;19.8
2024-04-18 02:07:38;31.2;35.3;53.7;49.8;48.2;56.0;16 °C;18.9;19.9;19.6;19.9;19.8
2024-04-18 02:17:40;31.4;35.3;53.7;49.8;48.2;56.0;15.9 °C;18.9;19.9;19.6;19.9;19.8
2024-04-18 02:27:40;31.4;35.3;53.7;49.8;48.2;56.0;15.9 °C;18.8;19.9;19.6;19.9;19.8
2024-04-18 02:37:37;31.3;35.3;53.7;49.8;48.2;56.0;15.8 °C;18.8;19.9;19.6;19.9;19.8
2024-04-18 02:47:37;31.3;35.3;53.6;49.8;48.2;56.0;15.8 °C;18.8;19.8;19.5;19.9;19.8
2024-04-18 02:57:35;31.3;35.3;53.6;49.8;48.2;56.0;15.7 °C;18.7;19.8;19.5;19.9;19.8
2024-04-18 03:07:39;31.3;35.3;53.6;49.8;48.2;56.0;15.6 °C;18.7;19.8;19.5;19.9;19.8
2024-04-18 03:17:37;31.3;35.3;53.6;49.8;48.2;56.0;15.5 °C;18.6;19.8;19.5;19.9;19.8
2024-04-18 03:27:39;31.2;35.3;53.6;49.8;48.2;56.0;15.4 °C;18.6;19.8;19.5;19.8;19.8
2024-04-18 03:37:37;31.3;35.3;53.6;49.8;48.2;56.0;15.4 °C;18.6;19.8;19.5;19.9;19.8
2024-04-18 03:47:35;31.3;35.3;53.6;49.8;48.1;56.0;15.3 °C;18.5;19.7;19.5;19.8;19.8
2024-04-18 03:57:34;31.3;35.3;53.6;49.8;48.2;56.0;15.3 °C;18.5;19.7;19.4;19.8;19.8
2024-04-18 04:07:41;31.3;35.3;53.6;49.8;48.2;55.9;15.2 °C;18.4;19.7;19.4;19.8;19.8
2024-04-18 04:17:39;31.3;35.2;53.6;49.8;48.1;56.0;15.1 °C;18.4;19.6;19.4;19.8;19.8
2024-04-18 04:27:37;31.3;35.2;53.6;49.8;48.1;56.0;15.1 °C;18.4;19.6;19.4;19.8;19.8
2024-04-18 04:37:38;31.3;35.3;53.6;49.8;48.1;56.0;15 °C;18.3;19.6;19.4;19.8;19.8
2024-04-18 04:47:40;31.3;35.3;53.6;49.7;48.1;56.0;15 °C;18.3;19.6;19.4;19.8;19.8
2024-04-18 04:57:36;31.3;35.2;53.6;49.7;48.1;56.0;14.9 °C;18.3;19.6;19.4;19.8;19.8
2024-04-18 05:07:40;31.2;35.3;53.6;49.7;48.1;55.9;14.9 °C;18.2;19.5;19.4;19.8;19.8
2024-04-18 05:17:37;31.3;35.2;53.6;49.7;48.1;55.9;14.8 °C;18.2;19.5;19.4;19.8;19.8
2024-04-18 05:27:35;31.3;35.3;53.6;49.7;48.1;55.9;14.8 °C;18.1;19.5;19.4;19.8;19.8
2024-04-18 05:37:37;31.3;35.2;53.6;49.7;48.1;56.0;14.7 °C;18.1;19.4;19.4;19.8;19.8
2024-04-18 05:47:34;31.3;35.2;53.6;49.7;48.1;55.9;14.6 °C;18.1;19.4;19.3;19.8;19.8
2024-04-18 05:57:37;31.3;35.2;53.6;49.8;48.1;56.0;14.6 °C;18;19.4;19.3;19.8;19.8
2024-04-18 06:07:41;31.3;35.2;53.5;49.7;48.1;56.0;14.6 °C;18;19.4;19.3;19.8;19.7
2024-04-18 06:17:38;31.3;35.2;53.5;49.7;48.1;56.0;14.5 °C;17.9;19.4;19.3;19.8;19.7
2024-04-18 06:27:36;31.3;35.2;53.5;49.7;48.1;56.0;14.4 °C;17.9;19.3;19.3;19.8;19.7
2024-04-18 06:37:40;31.3;35.2;53.5;49.7;48.1;56.0;14.4 °C;17.9;19.3;19.3;19.8;19.7
2024-04-18 06:47:36;31.3;35.2;53.5;49.7;48.1;56.0;14.4 °C;17.8;19.3;19.3;19.8;19.7
2024-04-18 06:57:36;31.3;35.3;53.5;49.7;48.1;56.0;14.3 °C;17.8;19.3;19.3;19.8;19.7
2024-04-18 07:07:41;31.3;35.2;53.5;49.7;48.1;56.0;14.3 °C;17.8;19.3;19.3;19.8;19.7
2024-04-18 07:27:39;31.3;35.2;53.5;49.7;48.1;56.0;14.3 °C;17.7;19.2;19.2;19.7;19.7
2024-04-18 07:37:37;31.3;35.2;53.5;49.7;48.1;55.9;14.3 °C;17.6;19.2;19.2;19.7;19.7
2024-04-18 07:47:35;31.3;35.3;53.5;49.7;48.1;56.0;14.3 °C;17.6;19.1;19.2;19.7;19.7
2024-04-18 07:57:35;31.2;35.2;53.5;49.7;48.1;55.9;14.3 °C;17.6;19.1;19.2;19.7;19.7
2024-04-18 08:07:41;31.2;35.3;53.5;49.7;48.1;56.0;14.3 °C;17.5;19.1;19.2;19.7;19.7
2024-04-18 08:17:38;31.2;35.3;53.5;49.7;48.1;55.9;14.3 °C;17.5;19.1;19.1;19.7;19.7
2024-04-18 08:27:36;31.2;35.2;53.5;49.7;48.1;55.9;14.4 °C;17.4;19.1;19.1;19.7;19.7
2024-04-18 08:37:41;31.3;35.3;53.5;49.7;48.1;55.9;14.4 °C;17.4;19;19.1;19.7;19.7
2024-04-18 08:47:37;31.3;35.3;53.5;49.7;48.1;55.9;14.5 °C;17.4;19;19.1;19.6;19.7
2024-04-18 08:57:35;31.6;35.3;53.5;49.7;48.1;55.9;14.6 °C;17.4;19;19.1;19.6;19.7
2024-04-18 09:07:34;31.4;35.3;53.5;49.7;48.1;55.9;14.7 °C;17.3;18.9;19.1;19.6;19.6
2024-04-18 09:17:41;31.4;35.3;53.5;49.6;48.1;55.9;14.8 °C;17.3;18.9;19.1;19.6;19.6
2024-04-18 09:27:39;31.5;35.3;53.5;49.7;48.1;55.9;14.9 °C;17.3;18.9;19.1;19.6;19.6
2024-04-18 09:37:37;31.5;35.3;53.5;49.6;48.1;55.9;15.1 °C;17.3;18.9;19;19.6;19.6
2024-04-18 09:47:38;31.5;35.2;53.4;49.6;48.1;55.9;15.3 °C;17.3;18.9;19;19.6;19.6
2024-04-18 09:57:40;31.5;35.3;53.4;49.6;48.1;55.9;15.4 °C;17.3;18.8;19;19.6;19.6
2024-04-18 10:07:37;31.5;35.3;53.4;49.6;48.1;55.9;15.6 °C;17.3;18.8;19;19.6;19.6
2024-04-18 10:17:38;31.5;35.2;53.4;49.6;48.1;55.9;15.8 °C;17.2;18.8;18.9;19.6;19.6
2024-04-18 10:27:40;31.6;35.2;53.4;49.6;48.1;55.9;16 °C;17.2;18.8;18.9;19.6;19.6
2024-04-18 10:37:37;31.7;35.2;53.4;49.6;48.1;55.9;16.2 °C;17.2;18.8;18.9;19.6;19.6
2024-04-18 10:47:41;31.6;35.2;53.4;49.6;48.1;56.0;16.4 °C;17.2;18.8;18.9;19.6;19.6
2024-04-18 10:57:34;31.6;35.3;53.4;49.6;48.1;55.9;16.6 °C;17.3;18.7;18.9;19.6;19.6
2024-04-18 11:07:40;31.7;35.3;53.4;49.6;48.1;55.9;16.7 °C;17.3;18.7;18.9;19.5;19.6
2024-04-18 11:17:41;31.7;35.3;53.4;49.6;48.1;55.9;16.8 °C;17.3;18.7;18.9;19.5;19.6
2024-04-18 11:27:34;31.7;35.3;53.4;49.6;48.1;55.9;16.9 °C;17.3;18.6;18.9;19.5;19.6
2024-04-18 11:37:36;31.7;35.3;53.4;49.6;48.1;55.9;17 °C;17.3;18.6;18.8;19.5;19.6
2024-04-18 11:47:36;31.7;35.3;53.4;49.6;48.1;55.9;17.1 °C;17.3;18.6;18.8;19.5;19.6
2024-04-18 11:57:36;31.7;35.3;53.4;49.6;48.0;55.9;17.1 °C;17.4;18.6;18.8;19.5;19.6
2024-04-18 12:07:40;31.7;35.3;53.4;49.6;48.1;55.9;17.3 °C;17.4;18.6;18.8;19.5;19.6
2024-04-18 12:17:40;31.7;35.3;53.4;49.6;48.0;55.9;17.3 °C;17.4;18.6;18.8;19.4;19.6
2024-04-18 12:27:40;31.8;35.3;53.4;49.6;48.0;55.9;17.4 °C;17.4;18.6;18.8;19.4;19.6
2024-04-18 12:37:41;31.7;35.3;53.4;49.6;48.0;55.9;17.4 °C;17.4;18.6;18.8;19.4;19.6
2024-04-18 12:47:37;31.7;35.3;53.4;49.6;48.0;55.9;17.4 °C;17.5;18.6;18.8;19.4;19.6
2024-04-18 12:57:35;31.7;35.3;53.4;49.5;48.0;55.9;17.5 °C;17.5;18.6;18.8;19.4;19.6
2024-04-18 13:07:38;31.7;35.3;53.4;49.5;48.0;55.9;17.5 °C;17.6;18.5;18.7;19.4;19.6
2024-04-18 13:17:40;31.7;35.3;53.4;49.5;48.0;55.9;17.5 °C;17.6;18.5;18.7;19.4;19.6
2024-04-18 13:27:40;31.7;35.3;53.4;49.5;48.0;56.0;17.4 °C;17.6;18.5;18.7;19.4;19.5
2024-04-18 13:37:40;31.7;35.3;53.4;49.5;48.0;55.9;17.4 °C;17.6;18.5;18.7;19.4;19.5
2024-04-18 13:47:37;31.7;35.3;53.4;49.5;48.0;56.0;17.4 °C;17.7;18.5;18.7;19.4;19.5
2024-04-18 13:57:35;31.7;35.3;53.4;49.5;48.0;55.9;17.4 °C;17.7;18.5;18.6;19.4;19.5
2024-04-18 14:07:41;31.6;35.3;53.4;49.5;48.0;55.9;17.3 °C;17.7;18.5;18.6;19.4;19.5
2024-04-18 14:17:35;31.6;35.3;53.4;49.5;48.0;55.9;17.3 °C;17.8;18.5;18.6;19.4;19.5
2024-04-18 14:27:34;31.7;35.3;53.4;49.5;48.0;55.9;17.2 °C;17.8;18.5;18.6;19.3;19.5
2024-04-18 14:37:37;31.7;35.3;53.4;49.5;48.0;55.9;17.3 °C;17.8;18.5;18.6;19.3;19.5
2024-04-18 14:47:34;31.7;35.3;53.4;49.5;48.0;55.9;17.3 °C;17.8;18.5;18.6;19.3;19.5
2024-04-18 14:57:38;31.7;35.3;53.4;49.5;48.0;55.9;17.4 °C;17.8;18.5;18.6;19.3;19.5
2024-04-18 15:07:39;31.7;35.3;53.4;49.5;48.0;55.9;17.4 °C;17.8;18.5;18.6;19.3;19.5
2024-04-18 15:17:35;31.7;35.3;53.4;49.5;48.0;55.9;17.4 °C;17.8;18.5;18.6;19.3;19.4
2024-04-18 15:27:34;31.7;35.3;53.4;49.5;48.0;55.9;17.4 °C;17.8;18.5;18.6;19.3;19.4
2024-04-18 15:37:37;31.7;35.3;53.4;49.5;48.0;55.9;17.5 °C;17.9;18.5;18.6;19.3;19.4
2024-04-18 15:47:34;31.6;35.3;53.4;49.5;48.0;55.9;17.5 °C;17.9;18.5;18.6;19.3;19.4
2024-04-18 15:57:37;31.6;35.3;53.4;49.5;48.0;55.9;17.6 °C;17.9;18.5;18.6;19.3;19.4
2024-04-18 16:07:41;31.7;35.3;53.4;49.5;48.0;55.9;17.6 °C;17.9;18.5;18.5;19.3;19.4
2024-04-18 16:17:39;31.7;35.3;53.4;49.5;48.0;55.9;17.6 °C;17.9;18.5;18.5;19.3;19.4
2024-04-18 16:27:34;31.7;35.3;53.4;49.5;48.0;55.9;17.6 °C;17.9;18.5;18.5;19.3;19.4
2024-04-18 16:37:37;31.7;35.3;53.4;49.5;48.0;55.9;17.6 °C;17.9;18.5;18.5;19.3;19.4
2024-04-18 16:47:34;31.6;35.3;53.4;49.5;48.0;55.9;17.6 °C;17.9;18.5;18.5;19.2;19.4
2024-04-18 16:57:42;31.6;35.3;53.3;49.5;48.0;55.9;17.6 °C;17.9;18.6;18.5;19.2;19.4
2024-04-18 17:07:39;31.6;35.3;53.3;49.5;48.0;55.9;17.6 °C;17.9;18.6;18.5;19.2;19.4
2024-04-18 17:17:35;31.6;35.3;53.4;49.5;48.0;55.9;17.6 °C;18;18.6;18.5;19.2;19.4
2024-04-18 17:27:35;31.6;35.3;53.3;49.5;48.0;55.9;17.6 °C;18;18.6;18.5;19.2;19.4
2024-04-18 17:37:41;31.7;35.3;53.3;49.5;48.0;55.9;17.6 °C;18;18.6;18.5;19.2;19.4
2024-04-18 17:47:35;31.7;35.3;53.3;49.5;48.0;55.9;17.6 °C;18;18.6;18.4;19.2;19.4
2024-04-18 17:57:34;31.6;35.3;53.3;49.4;48.0;55.9;17.6 °C;18;18.6;18.4;19.2;19.4
2024-04-18 18:07:37;31.7;35.3;53.3;49.5;48.0;55.9;17.6 °C;18.1;18.6;18.4;19.1;19.4
2024-04-18 18:17:34;31.7;35.3;53.3;49.4;48.0;55.9;17.6 °C;18.1;18.6;18.4;19.1;19.4
2024-04-18 18:27:36;31.7;35.3;53.3;49.4;48.0;55.9;17.6 °C;18.1;18.6;18.4;19.1;19.4
2024-04-18 18:37:40;31.7;35.3;53.3;49.4;48.0;55.9;17.6 °C;18.1;18.6;18.4;19.1;19.3
2024-04-18 18:47:40;31.7;35.3;53.3;49.4;48.0;55.9;17.6 °C;18.1;18.6;18.4;19.1;19.3
2024-04-18 18:57:41;31.7;35.3;53.3;49.4;48.0;55.9;17.6 °C;18.1;18.6;18.4;19.1;19.3
2024-04-18 19:07:38;31.7;35.3;53.3;49.4;48.0;55.9;17.6 °C;18.1;18.6;18.4;19.1;19.3
2024-04-18 19:17:40;31.7;35.3;53.3;49.4;48.0;55.9;17.5 °C;18.1;18.6;18.4;19.1;19.3
2024-04-18 19:27:36;31.6;35.3;53.3;49.4;48.0;55.9;17.4 °C;18.1;18.6;18.4;19.1;19.3
2024-04-18 19:37:37;31.6;35.3;53.3;49.4;48.0;55.9;17.4 °C;18.1;18.6;18.4;19.1;19.3
2024-04-18 19:47:35;31.6;35.3;53.3;49.4;48.0;55.9;17.3 °C;18.1;18.6;18.4;19.1;19.3
2024-04-18 19:57:38;31.6;35.3;53.3;49.4;48.0;55.9;17.3 °C;18.1;18.6;18.4;19.1;19.3
2024-04-18 20:07:37;31.5;35.3;53.3;49.4;48.0;55.9;17.1 °C;18.1;18.6;18.4;19.1;19.3
2024-04-18 20:17:39;31.4;35.3;53.3;49.4;47.9;55.9;17.1 °C;18.1;18.6;18.4;19.1;19.3
2024-04-18 20:27:34;31.4;35.3;53.4;49.4;48.0;55.9;17 °C;18.1;18.6;18.4;19.1;19.3
2024-04-18 20:37:41;31.4;35.3;53.4;49.4;48.0;55.9;16.9 °C;18.1;18.6;18.4;19.1;19.3
2024-04-18 20:47:39;31.4;35.3;53.3;49.4;48.0;55.9;16.8 °C;18.1;18.6;18.4;19.1;19.3
2024-04-18 20:57:38;31.4;35.3;53.3;49.4;47.9;55.9;16.8 °C;18.1;18.6;18.4;19.1;19.3
2024-04-18 21:07:36;31.4;35.3;53.4;49.4;48.0;55.9;16.7 °C;18.1;18.6;18.4;19.1;19.3
2024-04-18 21:17:37;31.5;35.3;53.4;49.4;47.9;55.9;16.6 °C;18.1;18.6;18.4;19.1;19.3
2024-04-18 21:27:34;31.5;35.2;53.4;49.4;48.0;55.9;16.6 °C;18.1;18.6;18.4;19.1;19.3
2024-04-18 21:37:40;31.5;35.2;53.4;49.4;48.0;55.9;16.5 °C;18.1;18.6;18.4;19.1;19.3
2024-04-18 21:47:40;31.5;35.2;53.4;49.4;47.9;55.9;16.4 °C;18.1;18.6;18.4;19.1;19.3
2024-04-18 21:57:40;31.5;35.2;53.4;49.4;47.9;55.9;16.4 °C;18;18.6;18.4;19;19.3
2024-04-18 22:07:41;31.5;35.3;53.4;49.4;47.9;55.8;16.3 °C;18;18.6;18.4;19;19.3
2024-04-18 22:17:35;31.4;35.2;53.4;49.4;47.9;55.9;16.3 °C;18;18.6;18.4;19;19.3
2024-04-18 22:27:39;31.4;35.2;53.4;49.4;47.9;55.8;16.2 °C;18;18.6;18.4;19;19.3
2024-04-18 22:37:38;31.4;35.3;53.3;49.4;47.9;55.8;16.1 °C;17.9;18.6;18.4;19;19.3
2024-04-18 22:47:41;31.4;35.3;53.3;49.4;47.9;55.9;16.1 °C;17.9;18.6;18.4;19;19.2
2024-04-18 22:57:39;31.4;35.3;53.3;49.4;47.9;55.8;16 °C;17.9;18.6;18.4;19;19.2
2024-04-18 23:07:38;31.4;35.2;53.3;49.4;47.9;55.8;15.9 °C;17.9;18.6;18.4;19;19.2
2024-04-18 23:17:40;31.4;35.2;53.3;49.4;47.9;55.8;15.8 °C;17.9;18.6;18.4;19;19.2
2024-04-18 23:27:36;31.5;35.3;53.3;49.4;47.9;55.8;15.8 °C;17.9;18.6;18.4;19;19.2
2024-04-18 23:37:37;31.5;35.2;53.3;49.4;47.9;55.8;15.7 °C;17.8;18.6;18.4;19;19.2
2024-04-18 23:47:35;31.5;35.2;53.3;49.4;47.9;55.8;15.6 °C;17.8;18.6;18.4;19;19.2
2024-04-18 23:57:38;31.5;35.2;53.3;49.4;47.9;55.8;15.6 °C;17.8;18.6;18.4;19;19.2
2024-04-19 00:07:36;31.4;35.3;53.3;49.4;47.9;55.8;15.5 °C;17.8;18.6;18.4;19;19.2
2024-04-19 00:17:38;31.4;35.2;53.3;49.4;47.9;55.8;15.4 °C;17.8;18.6;18.4;19;19.2
2024-04-19 00:27:36;31.5;35.2;53.3;49.4;47.9;55.8;15.4 °C;17.7;18.6;18.4;19;19.2
2024-04-19 00:37:37;31.4;35.2;53.3;49.4;47.9;55.8;15.3 °C;17.7;18.6;18.4;19;19.2
2024-04-19 00:47:37;31.4;35.2;53.3;49.4;47.9;55.8;15.3 °C;17.6;18.6;18.4;18.9;19.2
2024-04-19 00:57:40;31.4;35.2;53.3;49.4;47.9;55.8;15.2 °C;17.6;18.5;18.4;18.9;19.2
2024-04-19 01:07:40;31.5;35.2;53.3;49.4;47.9;55.8;15.1 °C;17.6;18.5;18.4;18.9;19.2
2024-04-19 01:17:41;31.5;35.2;53.3;49.4;47.9;55.8;15.1 °C;17.6;18.5;18.4;18.9;19.2
2024-04-19 01:27:34;31.5;35.2;53.3;49.4;47.9;55.8;15 °C;17.6;18.5;18.4;18.9;19.1
2024-04-19 01:37:39;31.5;35.2;53.3;49.4;47.9;55.8;14.9 °C;17.5;18.5;18.3;18.9;19.1
2024-04-19 01:47:36;31.4;35.2;53.3;49.4;47.9;55.8;14.9 °C;17.5;18.5;18.3;18.9;19.1
2024-04-19 01:57:36;31.3;35.2;53.3;49.4;47.9;55.8;14.9 °C;17.4;18.4;18.3;18.9;19.1
2024-04-19 02:07:41;31.4;35.2;53.3;49.4;47.9;55.8;14.8 °C;17.4;18.4;18.3;18.9;19.1
2024-04-19 02:17:34;31.4;35.2;53.3;49.3;47.9;55.8;14.8 °C;17.4;18.4;18.3;18.9;19.1
2024-04-19 02:27:37;31.4;35.2;53.3;49.4;47.9;55.8;14.8 °C;17.4;18.4;18.3;18.9;19.1
2024-04-19 02:37:39;31.4;35.2;53.3;49.4;47.9;55.8;14.8 °C;17.3;18.4;18.3;18.9;19.1
2024-04-19 02:47:39;31.4;35.2;53.3;49.3;47.9;55.8;14.7 °C;17.3;18.4;18.3;18.9;19.1
2024-04-19 02:57:35;31.4;35.2;53.3;49.4;47.9;55.8;14.7 °C;17.3;18.4;18.3;18.9;19.1
2024-04-19 03:07:34;31.5;35.2;53.2;49.3;47.9;55.8;14.6 °C;17.3;18.4;18.3;18.9;19.1
2024-04-19 03:17:40;31.5;35.2;53.2;49.3;47.9;55.8;14.6 °C;17.3;18.4;18.3;18.9;19.1
2024-04-19 03:27:34;31.5;35.2;53.2;49.3;47.9;55.8;14.6 °C;17.2;18.4;18.3;18.9;19.1
2024-04-19 03:37:36;31.5;35.2;53.3;49.3;47.9;55.8;14.6 °C;17.2;18.3;18.3;18.9;19.1
2024-04-19 03:47:41;31.5;35.2;53.3;49.3;47.9;55.8;14.6 °C;17.1;18.3;18.3;18.9;19.1
2024-04-19 03:57:34;31.5;35.2;53.3;49.3;47.9;55.8;14.6 °C;17.1;18.3;18.3;18.9;19.1
2024-04-19 04:07:37;31.5;35.2;53.3;49.3;47.9;55.8;14.6 °C;17.1;18.3;18.3;18.9;19.1
2024-04-19 04:17:39;31.5;35.2;53.2;49.3;47.9;55.8;14.5 °C;17.1;18.3;18.3;18.9;19.1
2024-04-19 04:27:39;31.5;35.2;53.2;49.3;47.9;55.8;14.5 °C;17.1;18.3;18.3;18.9;19.1
2024-04-19 04:37:35;31.4;35.2;53.2;49.3;47.9;55.8;14.5 °C;17;18.3;18.3;18.9;19.1
2024-04-19 04:47:34;31.4;35.2;53.2;49.3;47.9;55.8;14.5 °C;17;18.3;18.3;18.9;19.1
2024-04-19 04:57:40;31.5;35.2;53.2;49.3;47.9;55.8;14.4 °C;16.9;18.2;18.3;18.9;19.1
2024-04-19 05:07:36;31.4;35.2;53.2;49.3;47.9;55.8;14.4 °C;16.9;18.2;18.2;18.9;19.1
2024-04-19 05:17:41;31.4;35.2;53.2;49.3;47.8;55.7;14.4 °C;16.9;18.2;18.2;18.9;19.1
2024-04-19 05:27:39;31.4;35.2;53.2;49.3;47.8;55.7;14.4 °C;16.9;18.2;18.2;18.9;19.1
2024-04-19 05:37:38;31.4;35.2;53.2;49.3;47.8;55.6;14.4 °C;16.9;18.1;18.2;18.9;19.1
2024-04-19 05:47:37;31.4;35.2;53.2;49.3;47.7;55.6;14.4 °C;16.9;18.1;18.2;18.9;19.1
2024-04-19 05:57:35;31.6;35.1;53.2;49.3;47.7;55.6;14.4 °C;16.8;18.1;18.2;18.8;19.1
2024-04-19 06:07:39;31.7;35.1;53.2;49.3;47.7;55.6;14.4 °C;16.8;18.1;18.2;18.8;19.1
2024-04-19 06:17:38;31.8;35.1;53.2;49.3;47.7;55.5;14.4 °C;16.8;18.1;18.2;18.8;19.1
2024-04-19 06:27:34;31.9;35.2;53.2;49.3;47.7;55.5;14.3 °C;16.8;18.1;18.1;18.8;19.1
2024-04-19 06:37:36;31.9;35.2;53.2;49.3;47.6;55.5;14.3 °C;16.8;18.1;18.1;18.8;19.1
2024-04-19 06:47:37;32.0;35.1;53.2;49.3;47.6;55.5;14.3 °C;16.8;18.1;18.1;18.8;19.1
2024-04-19 06:57:34;32.1;35.1;53.2;49.3;47.6;55.5;14.3 °C;16.7;18;18.1;18.8;19
2024-04-19 07:07:37;32.3;35.1;53.2;49.3;47.6;55.4;14.3 °C;16.7;18;18.1;18.8;19.1
2024-04-19 07:17:38;32.5;35.1;53.2;49.3;47.6;55.4;14.3 °C;16.7;18;18.1;18.8;19
2024-04-19 07:27:37;32.6;35.1;53.2;49.2;47.6;55.4;14.3 °C;16.7;18;18.1;18.8;19
2024-04-19 07:37:39;32.8;35.1;53.2;49.3;47.6;55.4;14.2 °C;16.6;17.9;18.1;18.8;19
2024-04-19 07:47:34;32.9;35.1;53.2;49.3;47.6;55.4;14.2 °C;16.6;17.9;18.1;18.8;19
2024-04-19 07:57:41;32.9;35.1;53.2;49.3;47.6;55.4;14.1 °C;16.6;17.9;18.1;18.8;19
2024-04-19 08:07:39;33.0;35.1;53.2;49.3;47.6;55.4;14.1 °C;16.6;17.9;18.1;18.8;19
2024-04-19 08:17:37;33.1;35.1;53.2;49.3;47.6;55.4;14.1 °C;16.6;17.9;18.1;18.8;19
2024-04-19 08:27:36;33.2;35.1;53.2;49.3;47.6;55.4;14.1 °C;16.6;17.9;18.1;18.8;19
2024-04-19 08:37:36;33.2;35.1;53.2;49.2;47.6;55.4;14.1 °C;16.5;17.9;18;18.8;19
2024-04-19 08:47:37;33.3;35.1;53.2;49.2;47.6;55.4;14.1 °C;16.5;17.9;18;18.8;19
2024-04-19 08:57:34;33.3;35.1;53.2;49.2;47.6;55.4;14.1 °C;16.5;17.9;18;18.8;19
2024-04-19 09:07:34;33.3;35.1;53.2;49.2;47.6;55.4;14.1 °C;16.5;17.8;18;18.8;19
2024-04-19 09:17:36;33.4;35.1;53.2;49.2;47.6;55.4;14.1 °C;16.4;17.8;18;18.8;19
2024-04-19 09:27:41;33.4;35.1;53.2;49.2;47.6;55.4;14.1 °C;16.4;17.8;18;18.8;19
2024-04-19 09:37:39;33.5;35.1;53.2;49.2;47.6;55.4;14.1 °C;16.4;17.8;17.9;18.7;19
2024-04-19 09:47:35;33.6;35.1;53.2;49.2;47.6;55.4;14.1 °C;16.4;17.8;17.9;18.7;19
2024-04-19 09:57:34;33.7;35.1;53.2;49.2;47.6;55.4;14.1 °C;16.4;17.8;17.9;18.7;18.9
2024-04-19 10:07:41;33.8;35.1;53.2;49.2;47.6;55.4;14.1 °C;16.4;17.8;17.9;18.7;18.9
2024-04-19 10:17:34;33.9;35.1;53.2;49.2;47.6;55.4;14.2 °C;16.4;17.8;17.9;18.7;18.9
2024-04-19 10:27:34;34.0;35.1;53.2;49.2;47.6;55.4;14.2 °C;16.3;17.7;17.9;18.7;18.9
2024-04-19 10:37:36;34.0;35.1;53.2;49.2;47.6;55.4;14.3 °C;16.3;17.7;17.9;18.7;18.9
2024-04-19 10:47:37;34.1;35.1;53.2;49.2;47.6;55.4;14.3 °C;16.3;17.7;17.9;18.7;18.9
2024-04-19 10:57:39;34.2;35.1;53.2;49.2;47.6;55.4;14.3 °C;16.3;17.7;17.9;18.7;18.9
2024-04-19 11:07:35;34.3;35.1;53.1;49.2;47.6;55.4;14.4 °C;16.3;17.7;17.9;18.6;18.9
2024-04-19 11:17:34;34.4;35.1;53.1;49.2;47.6;55.4;14.4 °C;16.3;17.6;17.9;18.6;18.9
2024-04-19 11:27:36;34.4;35.1;53.1;49.2;47.6;55.4;14.4 °C;16.3;17.6;17.9;18.6;18.9
2024-04-19 11:37:33;34.4;35.1;53.1;49.2;47.6;55.4;14.5 °C;16.3;17.6;17.8;18.6;18.9
2024-04-19 11:47:36;34.5;35.1;53.1;49.2;47.6;55.4;14.6 °C;16.3;17.6;17.8;18.6;18.9
2024-04-19 11:57:40;34.6;35.1;53.2;49.2;47.6;55.4;14.6 °C;16.3;17.6;17.8;18.6;18.9
2024-04-19 12:07:41;34.6;35.1;53.2;49.2;47.6;55.4;14.7 °C;16.3;17.6;17.8;18.6;18.9
2024-04-19 12:17:38;34.7;35.1;53.2;49.2;47.6;55.4;14.7 °C;16.3;17.6;17.8;18.6;18.9
2024-04-19 12:27:34;34.7;35.1;53.1;49.2;47.6;55.5;14.8 °C;16.3;17.6;17.8;18.6;18.9
2024-04-19 12:37:40;34.8;35.1;53.1;49.2;47.6;55.5;14.8 °C;16.3;17.6;17.8;18.6;18.9
2024-04-19 12:47:37;34.9;35.1;53.1;49.2;47.6;55.5;14.8 °C;16.3;17.5;17.8;18.6;18.9
2024-04-19 12:57:35;34.8;35.1;53.1;49.2;47.6;55.5;14.9 °C;16.3;17.5;17.8;18.6;18.9
2024-04-19 13:07:35;34.9;35.2;53.1;49.2;47.6;55.5;14.9 °C;16.3;17.5;17.8;18.6;18.9
2024-04-19 13:17:38;34.9;35.2;53.1;49.2;47.6;55.5;15 °C;16.3;17.5;17.8;18.6;18.9
2024-04-19 13:27:37;34.9;35.1;53.1;49.2;47.6;55.5;15.1 °C;16.3;17.5;17.8;18.6;18.9
2024-04-19 13:37:39;35.0;35.2;53.1;49.2;47.6;55.5;15.1 °C;16.3;17.5;17.7;18.6;18.9
2024-04-19 13:47:34;35.0;35.1;53.1;49.2;47.6;55.5;15.1 °C;16.3;17.4;17.7;18.6;18.9
2024-04-19 13:57:41;35.1;35.1;53.1;49.2;47.6;55.5;15.2 °C;16.3;17.4;17.7;18.5;18.9
2024-04-19 14:07:39;35.1;35.2;53.1;49.2;47.6;55.5;15.3 °C;16.3;17.4;17.7;18.5;18.9
2024-04-19 14:17:38;35.2;35.2;53.1;49.2;47.6;55.5;15.3 °C;16.3;17.4;17.7;18.5;18.8
2024-04-19 14:27:34;35.2;35.1;53.1;49.2;47.7;55.5;15.4 °C;16.3;17.4;17.7;18.5;18.8
2024-04-19 14:37:40;35.2;35.1;53.1;49.2;47.6;55.5;15.4 °C;16.3;17.4;17.7;18.5;18.8
2024-04-19 14:47:36;35.1;35.1;53.1;49.2;47.6;55.5;15.5 °C;16.3;17.4;17.6;18.5;18.8
2024-04-19 14:57:33;35.2;35.1;53.1;49.2;47.7;55.5;15.6 °C;16.3;17.4;17.6;18.5;18.8
2024-04-19 15:07:36;35.3;35.1;53.1;49.2;47.6;55.5;15.6 °C;16.3;17.4;17.6;18.5;18.8
2024-04-19 15:17:36;35.3;35.1;53.1;49.2;47.7;55.5;15.7 °C;16.3;17.4;17.6;18.5;18.8
2024-04-19 15:27:41;35.3;35.1;53.1;49.2;47.7;55.5;15.8 °C;16.4;17.4;17.6;18.4;18.8
2024-04-19 15:37:39;35.3;35.2;53.1;49.2;47.7;55.5;15.8 °C;16.4;17.4;17.6;18.4;18.8
2024-04-19 15:47:34;35.3;35.1;53.1;49.2;47.7;55.5;15.8 °C;16.4;17.4;17.6;18.4;18.8
2024-04-19 15:57:34;35.3;35.2;53.1;49.2;47.6;55.5;15.8 °C;16.4;17.4;17.6;18.4;18.8
2024-04-19 16:07:41;35.4;35.1;53.1;49.2;47.6;55.5;15.8 °C;16.4;17.4;17.6;18.4;18.8
2024-04-19 16:17:34;35.4;35.1;53.1;49.2;47.7;55.5;15.8 °C;16.4;17.4;17.6;18.4;18.8
2024-04-19 16:27:34;35.4;35.1;53.1;49.2;47.6;55.5;15.8 °C;16.4;17.4;17.6;18.4;18.8
2024-04-19 16:37:36;35.4;35.1;53.1;49.2;47.6;55.5;15.8 °C;16.5;17.4;17.6;18.4;18.8
2024-04-19 16:47:37;35.4;35.1;53.1;49.2;47.6;55.5;15.8 °C;16.5;17.4;17.6;18.4;18.8
2024-04-19 16:57:38;35.4;35.1;53.1;49.2;47.6;55.5;15.8 °C;16.5;17.4;17.6;18.4;18.8
2024-04-19 17:07:37;35.4;35.1;53.1;49.2;47.6;55.5;15.8 °C;16.5;17.4;17.5;18.4;18.8
2024-04-19 17:17:38;35.4;35.1;53.1;49.2;47.6;55.5;15.8 °C;16.5;17.4;17.5;18.4;18.8
2024-04-19 17:27:36;35.4;35.1;53.1;49.2;47.6;55.5;15.8 °C;16.6;17.4;17.5;18.4;18.8
2024-04-19 17:37:33;35.4;35.1;53.1;49.2;47.6;55.5;15.7 °C;16.6;17.4;17.5;18.4;18.8
2024-04-19 17:47:35;35.4;35.1;53.1;49.2;47.6;55.5;15.7 °C;16.6;17.4;17.5;18.4;18.8
2024-04-19 17:57:36;35.4;35.1;53.1;49.2;47.6;55.5;15.6 °C;16.6;17.4;17.5;18.4;18.7
2024-04-19 18:07:41;35.3;35.1;53.1;49.2;47.7;55.5;15.6 °C;16.6;17.4;17.5;18.3;18.7
2024-04-19 18:17:38;35.4;35.1;53.1;49.2;47.7;55.5;15.6 °C;16.6;17.4;17.5;18.3;18.7
2024-04-19 18:27:34;35.4;35.1;53.1;49.2;47.7;55.5;15.6 °C;16.6;17.4;17.5;18.3;18.7
2024-04-19 18:37:36;35.4;35.1;53.1;49.2;47.6;55.5;15.5 °C;16.6;17.4;17.5;18.3;18.7
2024-04-19 18:47:34;35.4;35.1;53.1;49.2;47.7;55.5;15.4 °C;16.6;17.4;17.4;18.3;18.7
2024-04-19 18:57:40;35.4;35.1;53.1;49.2;47.6;55.5;15.4 °C;16.6;17.4;17.4;18.3;18.7
2024-04-19 19:07:41;35.4;35.1;53.1;49.1;47.6;55.5;15.4 °C;16.6;17.4;17.4;18.3;18.7
2024-04-19 19:17:38;35.4;35.1;53.1;49.1;47.7;55.5;15.3 °C;16.6;17.4;17.4;18.3;18.7
2024-04-19 19:27:37;35.3;35.1;53.1;49.1;47.6;55.5;15.3 °C;16.6;17.4;17.4;18.3;18.7
2024-04-19 19:37:34;35.3;35.1;53.1;49.2;47.6;55.5;15.2 °C;16.6;17.4;17.4;18.3;18.7
2024-04-19 19:47:40;35.4;35.1;53.1;49.1;47.6;55.5;15.2 °C;16.6;17.4;17.4;18.3;18.7
2024-04-19 19:57:34;35.3;35.1;53.1;49.1;47.7;55.5;15.1 °C;16.6;17.4;17.4;18.3;18.7
2024-04-19 20:07:36;35.3;35.1;53.1;49.1;47.7;55.5;15.1 °C;16.6;17.4;17.4;18.3;18.6
2024-04-19 20:17:37;35.4;35.1;53.1;49.1;47.6;55.5;15 °C;16.6;17.4;17.4;18.3;18.6
2024-04-19 20:27:39;35.3;35.1;53.1;49.1;47.6;55.5;14.9 °C;16.6;17.4;17.4;18.3;18.6
2024-04-19 20:37:39;35.3;35.1;53.1;49.1;47.6;55.5;14.8 °C;16.6;17.4;17.4;18.3;18.6
2024-04-19 20:47:40;35.3;35.1;53.1;49.1;47.6;55.5;14.8 °C;16.5;17.4;17.4;18.3;18.6
2024-04-19 20:57:37;35.4;35.1;53.1;49.1;47.6;55.5;14.7 °C;16.5;17.4;17.4;18.3;18.6
2024-04-19 21:07:35;35.4;35.1;53.1;49.1;47.6;55.5;14.6 °C;16.5;17.4;17.4;18.3;18.6
2024-04-19 21:17:38;35.4;35.1;53.1;49.1;47.6;55.5;14.6 °C;16.5;17.4;17.4;18.3;18.6
2024-04-19 21:27:37;35.3;35.1;53.1;49.1;47.6;55.5;14.5 °C;16.5;17.4;17.4;18.3;18.6
2024-04-19 21:47:41;35.4;35.1;53.1;49.1;47.6;55.5;14.4 °C;16.4;17.4;17.4;18.2;18.6
2024-04-19 21:57:35;35.4;35.1;53.1;49.1;47.6;55.5;14.3 °C;16.4;17.4;17.4;18.2;18.6
2024-04-19 22:07:39;35.4;35.1;53.1;49.1;47.6;55.5;14.3 °C;16.4;17.3;17.4;18.2;18.6
2024-04-19 22:17:35;35.4;35.1;53.1;49.1;47.6;55.5;14.2 °C;16.4;17.3;17.4;18.2;18.6
2024-04-19 22:27:38;35.4;35.1;53.1;49.1;47.6;55.5;14.1 °C;16.4;17.3;17.4;18.2;18.6
2024-04-19 22:37:34;35.3;35.1;53.1;49.1;47.6;55.5;14.1 °C;16.3;17.3;17.4;18.2;18.6
2024-04-19 22:47:40;35.3;35.1;53.1;49.1;47.6;55.5;14 °C;16.3;17.3;17.4;18.2;18.6
2024-04-19 22:57:38;35.4;35.1;53.1;49.1;47.6;55.5;13.9 °C;16.3;17.3;17.4;18.2;18.6
2024-04-19 23:07:41;35.5;35.1;53.1;49.1;47.6;55.5;13.9 °C;16.3;17.3;17.4;18.2;18.6
2024-04-19 23:17:38;35.5;35.1;53.1;49.1;47.6;55.5;13.8 °C;16.3;17.3;17.4;18.2;18.6
2024-04-19 23:27:37;35.4;35.1;53.1;49.1;47.6;55.5;13.8 °C;16.2;17.3;17.4;18.2;18.6
2024-04-19 23:37:40;35.5;35.1;53.0;49.1;47.6;55.5;13.7 °C;16.2;17.3;17.4;18.2;18.6
2024-04-19 23:47:37;35.5;35.1;53.0;49.1;47.6;55.5;13.6 °C;16.2;17.3;17.3;18.1;18.6
2024-04-19 23:57:35;35.5;35.1;53.0;49.1;47.7;55.5;13.6 °C;16.1;17.3;17.3;18.1;18.6
2024-04-20 00:07:39;35.5;35.1;53.0;49.1;47.6;55.5;13.5 °C;16.1;17.3;17.3;18.1;18.5
2024-04-20 00:17:39;35.5;35.1;53.0;49.1;47.6;55.5;13.4 °C;16.1;17.3;17.3;18.1;18.5
2024-04-20 00:27:34;35.5;35.1;53.0;49.1;47.6;55.5;13.4 °C;16.1;17.3;17.3;18.1;18.5
2024-04-20 00:37:34;35.5;35.1;53.0;49.1;47.6;55.5;13.3 °C;16;17.3;17.3;18.1;18.5
2024-04-20 00:47:38;35.4;35.1;53.0;49.1;47.6;55.5;13.3 °C;16;17.2;17.3;18.1;18.5
2024-04-20 00:57:40;35.4;35.1;53.0;49.1;47.6;55.5;13.2 °C;16;17.2;17.3;18.1;18.5
2024-04-20 01:07:37;35.4;35.1;53.0;49.1;47.6;55.5;13.1 °C;15.9;17.2;17.3;18.1;18.5
2024-04-20 01:17:35;35.4;35.1;53.0;49.1;47.6;55.5;13.1 °C;15.9;17.2;17.3;18.1;18.5
2024-04-20 01:27:36;35.5;35.1;53.0;49.1;47.6;55.5;13.1 °C;15.9;17.2;17.3;18.1;18.5
2024-04-20 01:37:36;35.4;35.1;53.0;49.1;47.6;55.5;13 °C;15.8;17.1;17.3;18.1;18.5
2024-04-20 01:47:34;35.4;35.1;53.0;49.1;47.6;55.5;12.9 °C;15.8;17.1;17.3;18.1;18.5
2024-04-20 01:57:37;35.5;35.1;53.0;49.1;47.6;55.5;12.9 °C;15.8;17.1;17.3;18.1;18.5
2024-04-20 02:07:38;35.4;35.1;53.0;49.1;47.6;55.5;12.8 °C;15.8;17.1;17.3;18.1;18.5
2024-04-20 02:17:33;35.4;35.1;53.0;49.1;47.6;55.5;12.8 °C;15.8;17.1;17.3;18.1;18.5
2024-04-20 02:27:36;35.5;35.1;53.0;49.1;47.6;55.5;12.7 °C;15.7;17.1;17.3;18.1;18.5
2024-04-20 02:37:41;35.4;35.1;53.0;49.1;47.6;55.5;12.7 °C;15.7;17.1;17.3;18.1;18.4
2024-04-20 02:47:35;35.4;35.1;53.0;49.1;47.6;55.5;12.6 °C;15.6;17.1;17.3;18.1;18.4
2024-04-20 02:57:35;35.3;35.1;53.0;49.1;47.6;55.5;12.6 °C;15.6;17.1;17.3;18.1;18.4
2024-04-20 03:07:34;35.4;35.0;53.0;49.1;47.6;55.5;12.5 °C;15.6;17;17.3;18.1;18.4
2024-04-20 03:17:37;35.3;35.0;53.0;49.1;47.6;55.5;12.4 °C;15.6;17;17.2;18.1;18.4
2024-04-20 03:27:36;35.3;35.0;53.0;49.1;47.6;55.5;12.4 °C;15.5;17;17.2;18.1;18.4
2024-04-20 03:37:40;35.3;35.0;53.0;49.0;47.6;55.5;12.4 °C;15.5;17;17.2;18.1;18.4
2024-04-20 03:47:38;35.3;35.0;53.0;49.1;47.6;55.5;12.3 °C;15.4;16.9;17.2;18.1;18.4
2024-04-20 03:57:41;35.4;35.0;53.0;49.1;47.6;55.5;12.3 °C;15.4;16.9;17.2;18.1;18.4
2024-04-20 04:07:39;35.3;35.1;53.0;49.1;47.6;55.5;12.2 °C;15.4;16.9;17.2;18.1;18.4
2024-04-20 04:17:38;35.3;35.0;53.0;49.0;47.6;55.5;12.1 °C;15.4;16.9;17.2;18;18.4
2024-04-20 04:27:38;35.4;35.0;53.0;49.0;47.6;55.4;12.1 °C;15.3;16.9;17.2;18;18.4
2024-04-20 04:37:41;35.4;35.0;53.0;49.1;47.6;55.4;12.1 °C;15.3;16.9;17.1;18;18.4
2024-04-20 04:47:34;35.4;35.0;53.0;49.1;47.6;55.4;12.1 °C;15.3;16.9;17.1;18;18.4
2024-04-20 04:57:37;35.3;35.0;52.9;49.1;47.6;55.5;12 °C;15.3;16.8;17.1;18;18.4
2024-04-20 05:07:39;35.3;35.0;52.9;49.1;47.6;55.5;11.9 °C;15.2;16.8;17.1;18;18.4
2024-04-20 05:17:35;35.3;35.1;52.9;49.1;47.6;55.4;11.9 °C;15.1;16.8;17.1;18;18.4
2024-04-20 05:27:40;35.3;35.0;52.9;49.1;47.6;55.4;11.9 °C;15.1;16.8;17.1;18;18.4
2024-04-20 05:37:34;35.4;35.0;52.9;49.0;47.6;55.4;11.8 °C;15.1;16.8;17.1;18;18.4
2024-04-20 05:47:40;35.3;35.0;52.9;49.1;47.6;55.5;11.8 °C;15.1;16.8;17.1;18;18.4
2024-04-20 05:57:37;35.3;35.0;52.9;49.1;47.6;55.4;11.8 °C;15;16.8;17.1;17.9;18.4
2024-04-20 06:07:39;35.3;35.0;52.9;49.0;47.6;55.4;11.7 °C;15;16.7;17.1;17.9;18.4
2024-04-20 06:17:39;35.2;35.0;52.9;49.0;47.6;55.4;11.6 °C;14.9;16.7;17.1;17.9;18.4
2024-04-20 06:27:36;35.2;35.0;52.9;49.0;47.6;55.4;11.6 °C;14.9;16.7;17.1;17.9;18.4
2024-04-20 06:37:36;35.2;35.0;52.9;49;47.6;55.4;11.5 °C;14.9;16.7;17;17.9;18.4
2024-04-20 06:47:33;35.3;35.0;52.9;49;47.6;55.4;11.5 °C;14.9;16.6;17;17.9;18.4
2024-04-20 06:57:39;35.3;35.1;52.9;49.0;47.6;55.4;11.4 °C;14.8;16.6;17;17.9;18.4
2024-04-20 07:07:39;35.2;35.0;52.9;49;47.6;55.4;11.4 °C;14.8;16.6;17;17.9;18.4
2024-04-20 07:17:40;35.2;35.0;52.9;49;47.6;55.4;11.4 °C;14.8;16.6;17;17.9;18.3
2024-04-20 07:27:40;35.3;35.0;52.9;49.0;47.6;55.4;11.3 °C;14.8;16.6;16.9;17.9;18.3
2024-04-20 07:37:34;35.2;35.0;52.9;49.0;47.6;55.4;11.3 °C;14.7;16.6;16.9;17.9;18.3
2024-04-20 07:57:40;35.2;35.0;52.9;49.0;47.6;55.4;11.3 °C;14.6;16.5;16.9;17.9;18.3
2024-04-20 08:27:33;35.2;35.0;52.9;49.0;47.5;55.4;11.4 °C;14.6;16.4;16.9;17.9;18.3
2024-04-20 08:47:40;35.2;35.0;52.9;49.0;47.5;55.4;11.5 °C;14.5;16.4;16.9;17.9;18.3
2024-04-20 08:57:40;35.2;35.0;52.9;49.0;47.5;55.4;11.6 °C;14.5;16.4;16.9;17.8;18.3
2024-04-20 09:27:40;35.2;35.0;52.9;49.0;47.5;55.4;12.1 °C;14.4;16.3;16.8;17.8;18.3
2024-04-20 09:47:39;35.2;35.0;52.9;49.0;47.5;55.4;12.5 °C;14.4;16.3;16.8;17.8;18.3
2024-04-20 09:57:35;35.3;35.0;52.9;49.0;47.5;55.4;12.8 °C;14.4;16.3;16.8;17.8;18.3
2024-04-20 10:07:35;35.3;35.0;52.8;49.0;47.5;55.4;13 °C;14.4;16.3;16.8;17.8;18.3
2024-04-20 10:17:39;35.4;35.0;52.9;49.0;47.5;55.4;13.2 °C;14.4;16.2;16.8;17.8;18.3
2024-04-20 10:27:36;35.5;35.0;52.9;49.0;47.5;55.4;13.4 °C;14.4;16.2;16.8;17.8;18.3
2024-04-20 10:37:40;35.5;35.0;52.9;49.0;47.5;55.4;13.7 °C;14.4;16.2;16.8;17.8;18.3
2024-04-20 10:47:38;35.4;35.0;52.9;49.0;47.5;55.4;13.9 °C;14.4;16.2;16.7;17.8;18.3
2024-04-20 10:57:37;35.5;35.0;52.8;49.0;47.5;55.4;14.2 °C;14.4;16.1;16.7;17.8;18.3
2024-04-20 11:07:35;35.5;35.1;52.8;49.0;47.5;55.4;14.4 °C;14.4;16.1;16.7;17.8;18.2
2024-04-20 11:17:36;35.5;35.0;52.8;49.0;47.5;55.4;14.5 °C;14.5;16.1;16.7;17.7;18.2
2024-04-20 11:27:36;35.6;35.0;52.8;49.0;47.5;55.4;14.7 °C;14.5;16.1;16.7;17.7;18.2
2024-04-20 11:37:33;35.6;35.0;52.8;49.0;47.5;55.4;14.8 °C;14.6;16.1;16.6;17.7;18.2
2024-04-20 11:47:36;35.6;35.1;52.8;48.9;47.5;55.4;14.9 °C;14.6;16.1;16.6;17.7;18.2
2024-04-20 11:57:40;35.7;35.1;52.8;48.9;47.5;55.4;15 °C;14.6;16.1;16.6;17.7;18.2
2024-04-20 12:07:38;35.7;35.0;52.8;48.9;47.5;55.4;15.1 °C;14.7;16.1;16.6;17.7;18.2
2024-04-20 12:17:33;35.7;35.1;52.8;49.0;47.5;55.4;15.2 °C;14.8;16.1;16.6;17.7;18.2
2024-04-20 12:27:36;35.7;35.1;52.8;49.0;47.5;55.4;15.3 °C;14.8;16.1;16.6;17.6;18.2
2024-04-20 12:37:34;35.7;35.1;52.8;48.9;47.5;55.4;15.4 °C;14.8;16.1;16.6;17.6;18.2
2024-04-20 12:47:40;35.8;35.1;52.8;49.0;47.5;55.4;15.6 °C;14.9;16.1;16.6;17.6;18.2
2024-04-20 12:57:38;35.8;35.1;52.8;48.9;47.5;55.4;15.7 °C;14.9;16.1;16.6;17.6;18.1
2024-04-20 13:07:33;35.8;35.1;52.8;49.0;47.5;55.4;15.9 °C;15;16.1;16.6;17.6;18.1
2024-04-20 13:17:36;35.8;35.1;52.8;48.9;47.5;55.4;15.9 °C;15;16.1;16.5;17.6;18.1
2024-04-20 13:27:36;35.8;35.1;52.8;48.9;47.5;55.4;16.1 °C;15.1;16.1;16.5;17.6;18.1
2024-04-20 13:37:34;35.8;35.1;52.8;48.9;47.5;55.4;16.2 °C;15.1;16.1;16.5;17.6;18.1
2024-04-20 13:47:33;35.8;35.1;52.8;48.9;47.5;55.4;16.3 °C;15.2;16.1;16.5;17.6;18.1
2024-04-20 13:57:36;35.8;35.1;52.8;48.9;47.5;55.4;16.4 °C;15.3;16.1;16.5;17.6;18.1
2024-04-20 14:07:37;35.9;35.1;52.8;48.9;47.5;55.4;16.4 °C;15.3;16.1;16.5;17.6;18.1
2024-04-20 14:17:35;35.8;35.1;52.8;48.9;47.5;55.4;16.4 °C;15.3;16.1;16.4;17.6;18.1
2024-04-20 14:27:39;35.8;35.1;52.9;48.9;47.5;55.4;16.5 °C;15.4;16.1;16.4;17.6;18.1
2024-04-20 14:37:39;35.8;35.1;52.8;48.9;47.5;55.4;16.5 °C;15.4;16.1;16.4;17.6;18.1
2024-04-20 14:47:36;35.8;35.1;52.9;48.9;47.5;55.4;16.5 °C;15.5;16.1;16.4;17.5;18.1
2024-04-20 14:57:37;35.8;35.1;52.8;48.9;47.5;55.4;16.4 °C;15.6;16.1;16.4;17.5;18.1
2024-04-20 15:07:39;35.8;35.2;52.8;48.9;47.5;55.4;16.4 °C;15.6;16.1;16.4;17.5;18.1
2024-04-20 15:17:35;35.8;35.1;52.8;48.9;47.5;55.4;16.4 °C;15.6;16.1;16.4;17.5;18.1
2024-04-20 15:27:41;35.8;35.1;52.8;48.9;47.5;55.4;16.4 °C;15.7;16.1;16.4;17.5;18.1
2024-04-20 15:37:34;35.8;35.1;52.9;48.9;47.5;55.4;16.4 °C;15.7;16.1;16.4;17.5;18.1
2024-04-20 15:47:38;35.8;35.1;52.8;48.9;47.5;55.4;16.4 °C;15.8;16.2;16.4;17.5;18.1
2024-04-20 15:57:33;35.8;35.1;52.8;48.9;47.5;55.4;16.4 °C;15.8;16.2;16.4;17.4;18.1
2024-04-20 16:07:39;35.8;35.1;52.9;48.9;47.5;55.3;16.4 °C;15.8;16.2;16.4;17.4;18
2024-04-20 16:17:40;35.8;35.1;52.9;48.9;47.4;55.3;16.4 °C;15.9;16.2;16.4;17.4;18
2024-04-20 16:27:33;35.8;35.1;52.9;48.9;47.5;55.3;16.4 °C;15.9;16.3;16.4;17.4;18
2024-04-20 16:37:35;35.8;35.2;52.9;48.9;47.5;55.3;16.4 °C;15.9;16.3;16.4;17.4;18
2024-04-20 16:47:35;35.8;35.1;52.9;48.9;47.5;55.3;16.4 °C;15.9;16.3;16.4;17.4;18
2024-04-20 16:57:35;35.9;35.1;52.9;48.9;47.4;55.3;16.4 °C;16;16.3;16.4;17.4;18
2024-04-20 17:07:39;35.8;35.1;52.9;48.9;47.4;55.3;16.4 °C;16;16.3;16.4;17.4;18
2024-04-20 17:17:39;35.8;35.1;52.9;48.9;47.4;55.3;16.4 °C;16;16.3;16.4;17.4;18
2024-04-20 17:27:40;35.8;35.1;52.9;48.9;47.4;55.3;16.4 °C;16.1;16.3;16.4;17.4;18
2024-04-20 17:37:39;35.9;35.2;52.9;48.9;47.5;55.3;16.4 °C;16.1;16.3;16.4;17.4;18
2024-04-20 17:47:38;35.8;35.2;52.9;48.9;47.5;55.3;16.4 °C;16.1;16.4;16.4;17.4;17.9
2024-04-20 17:57:38;35.8;35.1;52.9;48.9;47.5;55.3;16.4 °C;16.1;16.4;16.4;17.4;17.9
2024-04-20 18:07:37;35.8;35.1;52.9;48.9;47.5;55.3;16.4 °C;16.1;16.4;16.4;17.4;17.9
2024-04-20 18:17:39;35.9;35.1;52.9;48.9;47.5;55.3;16.4 °C;16.1;16.4;16.4;17.4;17.9
2024-04-20 18:27:35;35.8;35.2;52.9;48.9;47.5;55.3;16.4 °C;16.2;16.4;16.4;17.4;17.9
2024-04-20 18:37:35;35.9;35.2;52.9;48.9;47.5;55.3;16.4 °C;16.2;16.4;16.4;17.4;17.9
2024-04-20 18:47:36;35.8;35.2;52.9;48.9;47.5;55.3;16.4 °C;16.2;16.4;16.4;17.4;17.9
2024-04-20 18:57:33;35.8;35.1;52.9;48.9;47.5;55.3;16.4 °C;16.3;16.4;16.4;17.4;17.9
2024-04-20 19:07:36;35.7;35.1;52.9;48.9;47.5;55.3;16.3 °C;16.3;16.4;16.4;17.4;17.9
2024-04-20 19:17:38;35.8;35.1;52.9;48.9;47.5;55.3;16.3 °C;16.3;16.5;16.4;17.4;17.9
2024-04-20 19:27:33;35.7;35.1;52.9;48.9;47.5;55.3;16.3 °C;16.3;16.5;16.4;17.4;17.9
2024-04-20 19:37:35;35.8;35.1;52.9;48.9;47.5;55.3;16.2 °C;16.3;16.5;16.4;17.4;17.9
2024-04-20 19:47:39;35.7;35.1;52.9;48.9;47.5;55.3;16.1 °C;16.3;16.5;16.4;17.4;17.9
2024-04-20 19:57:35;35.6;35.1;52.9;48.9;47.5;55.3;16.1 °C;16.3;16.6;16.4;17.4;17.9
2024-04-20 20:07:39;35.6;35.1;52.9;48.9;47.5;55.3;16.1 °C;16.3;16.6;16.4;17.3;17.9
2024-04-20 20:17:40;35.5;35.1;52.9;48.9;47.5;55.3;16 °C;16.3;16.6;16.4;17.3;17.9
2024-04-20 20:37:35;35.5;35.1;52.9;48.9;47.5;55.3;15.9 °C;16.3;16.6;16.4;17.3;17.9
2024-04-20 20:47:36;35.5;35.1;52.9;48.9;47.5;55.3;15.8 °C;16.3;16.6;16.4;17.3;17.9
2024-04-20 20:57:33;35.6;35.1;52.9;48.9;47.5;55.3;15.8 °C;16.3;16.6;16.4;17.3;17.9
2024-04-20 21:07:36;35.6;35.1;52.9;48.9;47.5;55.3;15.7 °C;16.3;16.6;16.4;17.3;17.9
2024-04-20 21:17:38;35.6;35.1;52.9;48.9;47.5;55.3;15.6 °C;16.3;16.6;16.4;17.3;17.9
2024-04-20 21:27:34;35.5;35.1;52.9;48.9;47.5;55.3;15.6 °C;16.3;16.6;16.5;17.3;17.9
2024-04-20 21:37:34;35.5;35.1;52.9;48.9;47.5;55.3;15.5 °C;16.3;16.6;16.5;17.3;17.9
2024-04-20 21:47:33;35.4;35.1;52.9;48.9;47.5;55.3;15.4 °C;16.3;16.6;16.5;17.3;17.8
2024-04-20 21:57:40;35.6;35.1;52.9;48.9;47.5;55.3;15.4 °C;16.3;16.6;16.5;17.3;17.8
2024-04-20 22:07:37;35.6;35.1;52.9;48.9;47.5;55.3;15.3 °C;16.3;16.7;16.5;17.3;17.8
2024-04-20 22:17:34;35.5;35.1;52.9;48.9;47.5;55.3;15.3 °C;16.3;16.7;16.5;17.3;17.8
2024-04-20 22:27:39;35.5;35.1;52.9;48.9;47.5;55.3;15.2 °C;16.3;16.7;16.5;17.3;17.8
2024-04-20 22:37:35;35.5;35.1;52.9;48.9;47.5;55.3;15.1 °C;16.3;16.7;16.5;17.3;17.8
2024-04-20 22:47:36;35.5;35.1;52.9;48.9;47.5;55.3;15.1 °C;16.3;16.7;16.5;17.3;17.8
2024-04-20 22:57:37;35.6;35.1;52.9;48.9;47.5;55.3;15 °C;16.3;16.7;16.5;17.3;17.8
2024-04-20 23:07:40;35.8;35.1;52.9;48.9;47.5;55.3;14.9 °C;16.3;16.7;16.5;17.3;17.8
2024-04-20 23:17:38;35.8;35.1;52.9;48.9;47.5;55.3;14.9 °C;16.3;16.7;16.5;17.3;17.8
2024-04-20 23:27:33;35.7;35.1;52.9;48.9;47.5;55.3;14.9 °C;16.2;16.7;16.5;17.3;17.8
2024-04-20 23:37:37;35.8;35.1;52.9;48.9;47.5;55.3;14.8 °C;16.2;16.7;16.5;17.3;17.8
2024-04-20 23:47:39;35.8;35.1;52.9;48.9;47.5;55.3;14.8 °C;16.2;16.7;16.5;17.3;17.8
2024-04-20 23:57:36;35.8;35.1;52.9;48.9;47.5;55.3;14.8 °C;16.2;16.7;16.5;17.3;17.8
2024-04-21 00:07:37;35.8;35.1;52.9;48.9;47.5;55.3;14.7 °C;16.1;16.7;16.5;17.3;17.8
2024-04-21 00:17:39;35.9;35.1;52.9;48.9;47.5;55.3;14.6 °C;16.1;16.7;16.6;17.3;17.8
2024-04-21 00:27:35;35.9;35.1;52.9;48.9;47.5;55.3;14.6 °C;16.1;16.7;16.6;17.3;17.8
2024-04-21 00:37:40;35.9;35.1;52.9;48.9;47.5;55.3;14.6 °C;16.1;16.7;16.6;17.3;17.8
2024-04-21 00:47:34;35.9;35.1;52.9;48.9;47.5;55.3;14.6 °C;16.1;16.7;16.6;17.3;17.8
2024-04-21 00:57:38;35.9;35.1;52.9;48.9;47.5;55.3;14.5 °C;16.1;16.7;16.6;17.3;17.8
2024-04-21 01:07:34;35.9;35.0;52.9;48.9;47.4;55.3;14.5 °C;16.1;16.7;16.6;17.3;17.8
2024-04-21 01:17:38;35.9;35.1;52.9;48.9;47.5;55.3;14.5 °C;16;16.7;16.6;17.3;17.8
2024-04-21 01:27:33;35.9;35.1;52.9;48.9;47.5;55.3;14.4 °C;16;16.7;16.6;17.3;17.8
2024-04-21 01:37:39;35.9;35.1;52.9;48.9;47.5;55.3;14.4 °C;16;16.7;16.6;17.3;17.8
2024-04-21 01:47:39;36.0;35.1;52.9;48.9;47.5;55.3;14.4 °C;16;16.7;16.6;17.3;17.8
2024-04-21 01:57:35;36.0;35.1;52.9;48.9;47.5;55.3;14.4 °C;15.9;16.7;16.6;17.3;17.8
2024-04-21 02:07:38;36.1;35.1;52.9;48.9;47.5;55.3;14.4 °C;15.9;16.7;16.6;17.3;17.8
2024-04-21 02:17:35;36.0;35.0;52.9;48.9;47.4;55.3;14.3 °C;15.9;16.7;16.6;17.3;17.8
2024-04-21 02:27:35;36.0;35.1;52.9;48.9;47.4;55.3;14.3 °C;15.9;16.7;16.6;17.3;17.8
2024-04-21 02:37:40;36.1;35.1;52.9;48.9;47.5;55.3;14.3 °C;15.9;16.7;16.6;17.3;17.8
2024-04-21 02:47:34;36.1;35.1;52.9;48.9;47.5;55.3;14.3 °C;15.9;16.7;16.6;17.3;17.8
2024-04-21 02:57:34;36.1;35.0;52.9;48.9;47.4;55.3;14.3 °C;15.9;16.6;16.6;17.3;17.8
2024-04-21 03:07:34;36.1;35.0;52.9;48.9;47.5;55.3;14.3 °C;15.9;16.6;16.6;17.3;17.8
2024-04-21 03:17:38;36.1;35.1;52.9;48.9;47.5;55.3;14.2 °C;15.8;16.6;16.6;17.3;17.8
2024-04-21 03:27:34;36.0;35.1;52.9;48.9;47.5;55.3;14.2 °C;15.8;16.6;16.6;17.3;17.8
2024-04-21 03:37:33;36.0;35.1;52.9;48.9;47.4;55.3;14.1 °C;15.8;16.6;16.6;17.3;17.8
2024-04-21 03:47:34;36.1;35.1;52.9;48.9;47.4;55.3;14.1 °C;15.8;16.6;16.6;17.3;17.8
2024-04-21 03:57:35;36.1;35.0;52.9;48.9;47.5;55.3;14.1 °C;15.8;16.6;16.6;17.3;17.8
2024-04-21 04:07:39;36.0;35.1;52.9;48.9;47.5;55.3;14 °C;15.8;16.6;16.6;17.3;17.8
2024-04-21 04:17:40;36.0;35.0;52.9;48.9;47.5;55.3;14 °C;15.8;16.6;16.6;17.3;17.8
2024-04-21 04:27:37;36.0;35.0;52.9;48.9;47.5;55.3;13.9 °C;15.8;16.6;16.6;17.3;17.8
2024-04-21 04:37:36;36.0;35.0;52.9;48.9;47.4;55.3;13.9 °C;15.7;16.6;16.6;17.3;17.8
2024-04-21 04:47:33;36.0;35.0;52.9;48.9;47.4;55.3;13.8 °C;15.7;16.6;16.6;17.3;17.8
2024-04-21 04:57:40;36.0;35.0;52.9;48.9;47.5;55.3;13.8 °C;15.7;16.6;16.6;17.3;17.8
2024-04-21 05:07:34;36.0;35.0;52.9;48.9;47.5;55.3;13.8 °C;15.7;16.6;16.6;17.3;17.8
2024-04-21 05:17:34;36.0;35.0;52.9;48.9;47.4;55.3;13.7 °C;15.6;16.6;16.6;17.3;17.8
2024-04-21 05:27:34;36.0;35.0;52.9;48.9;47.5;55.3;13.6 °C;15.6;16.6;16.6;17.3;17.8
2024-04-21 05:37:37;36.0;35.0;52.9;48.9;47.5;55.3;13.6 °C;15.6;16.6;16.6;17.3;17.8
2024-04-21 05:47:36;36.0;35.0;52.9;48.9;47.5;55.3;13.6 °C;15.6;16.6;16.5;17.3;17.8
2024-04-21 05:57:37;36.0;35.0;52.9;48.9;47.5;55.3;13.5 °C;15.6;16.6;16.5;17.3;17.8
2024-04-21 06:07:36;36.0;35.0;52.9;48.9;47.5;55.3;13.5 °C;15.6;16.5;16.5;17.3;17.8
2024-04-21 06:17:34;36.0;35.0;52.9;48.9;47.4;55.3;13.4 °C;15.5;16.5;16.5;17.3;17.7
2024-04-21 06:27:33;36.0;35.0;52.9;48.9;47.5;55.3;13.4 °C;15.5;16.5;16.5;17.3;17.7
2024-04-21 06:37:37;36.0;35.0;52.9;48.9;47.5;55.3;13.3 °C;15.5;16.5;16.5;17.3;17.7
2024-04-21 06:47:35;36.0;35.0;52.9;48.9;47.5;55.3;13.3 °C;15.5;16.5;16.5;17.3;17.7
2024-04-21 06:57:40;36.1;35.0;52.9;48.9;47.5;55.3;13.3 °C;15.4;16.5;16.5;17.3;17.7
2024-04-21 07:07:38;36.0;35.0;52.8;48.9;47.4;55.3;13.2 °C;15.4;16.5;16.5;17.3;17.7
2024-04-21 07:17:36;36.0;35.0;52.8;48.9;47.5;55.3;13.2 °C;15.4;16.5;16.5;17.3;17.7
2024-04-21 07:27:35;35.9;35.0;52.9;48.9;47.4;55.3;13.2 °C;15.4;16.4;16.5;17.3;17.7
2024-04-21 07:37:35;35.9;35.0;52.8;48.9;47.4;55.3;13.1 °C;15.4;16.4;16.5;17.3;17.7
2024-04-21 07:47:36;35.9;35.0;52.8;48.9;47.4;55.3;13.1 °C;15.3;16.4;16.5;17.3;17.7
2024-04-21 07:57:33;35.9;35.0;52.8;48.9;47.5;55.3;13.1 °C;15.3;16.4;16.5;17.3;17.7
2024-04-21 08:07:36;35.9;35.0;52.8;48.9;47.4;55.3;13.1 °C;15.3;16.4;16.5;17.3;17.7
2024-04-21 08:17:36;35.9;35.0;52.8;48.9;47.5;55.3;13.1 °C;15.3;16.4;16.5;17.3;17.7
2024-04-21 08:27:35;35.9;35.0;52.8;48.9;47.4;55.3;13.1 °C;15.3;16.4;16.5;17.3;17.7
2024-04-21 08:37:39;35.9;35.0;52.8;48.9;47.4;55.3;13.1 °C;15.3;16.4;16.4;17.3;17.7
2024-04-21 08:47:40;35.9;35.0;52.8;48.9;47.4;55.2;13.2 °C;15.2;16.4;16.4;17.3;17.7
2024-04-21 08:57:33;35.9;35.0;52.8;48.9;47.4;55.3;13.2 °C;15.2;16.4;16.4;17.3;17.7
2024-04-21 09:07:36;36.0;35.0;52.8;48.8;47.4;55.3;13.3 °C;15.2;16.4;16.4;17.3;17.7
2024-04-21 09:17:33;35.9;35.0;52.8;48.8;47.4;55.3;13.4 °C;15.2;16.4;16.4;17.3;17.7
2024-04-21 09:27:37;35.7;35.0;52.8;48.8;47.4;55.3;13.4 °C;15.1;16.3;16.4;17.3;17.7
2024-04-21 09:37:35;35.7;35.0;52.8;48.8;47.4;55.3;13.6 °C;15.1;16.3;16.4;17.3;17.7
2024-04-21 09:47:40;35.8;35.0;52.8;48.8;47.4;55.3;13.7 °C;15.1;16.3;16.4;17.3;17.7
2024-04-21 09:57:37;35.7;35.0;52.8;48.8;47.4;55.3;13.8 °C;15.1;16.3;16.4;17.3;17.7
2024-04-21 10:07:37;35.7;35.0;52.8;48.8;47.4;55.3;13.9 °C;15.1;16.3;16.4;17.3;17.7
2024-04-21 10:17:35;35.7;35.0;52.8;48.9;47.4;55.3;14.1 °C;15.1;16.3;16.4;17.3;17.7
2024-04-21 10:27:35;35.7;35.0;52.8;48.8;47.4;55.3;14.3 °C;15.1;16.3;16.4;17.3;17.7
2024-04-21 10:37:32;35.7;35.0;52.8;48.9;47.4;55.3;14.4 °C;15.1;16.3;16.4;17.3;17.7
2024-04-21 10:47:38;35.7;35.0;52.8;48.9;47.4;55.3;14.5 °C;15.1;16.3;16.4;17.3;17.7
2024-04-21 10:57:38;35.8;35.0;52.8;48.9;47.4;55.3;14.6 °C;15.1;16.3;16.4;17.3;17.7
2024-04-21 11:07:38;36.0;35.0;52.8;48.9;47.4;55.3;14.7 °C;15.1;16.3;16.4;17.3;17.7
2024-04-21 11:17:39;36.0;35.0;52.8;48.9;47.4;55.3;14.8 °C;15.1;16.3;16.4;17.3;17.7
2024-04-21 11:27:35;36.1;35.0;52.8;48.9;47.4;55.3;14.8 °C;15.2;16.2;16.4;17.2;17.6
2024-04-21 11:37:35;36.1;35.0;52.8;48.9;47.4;55.2;14.8 °C;15.2;16.2;16.4;17.2;17.6
2024-04-21 11:47:33;36.1;35.0;52.8;48.9;47.4;55.2;14.8 °C;15.2;16.2;16.4;17.2;17.6
2024-04-21 11:57:40;36.1;35.0;52.8;48.8;47.4;55.2;14.9 °C;15.3;16.2;16.4;17.2;17.6
2024-04-21 12:07:37;36.1;35.0;52.8;48.8;47.4;55.2;14.9 °C;15.3;16.2;16.4;17.2;17.6
2024-04-21 12:17:32;36.2;35.0;52.8;48.8;47.4;55.2;14.9 °C;15.3;16.2;16.3;17.2;17.6
2024-04-21 12:27:34;36.1;35.0;52.8;48.9;47.4;55.2;15 °C;15.3;16.2;16.3;17.2;17.6
2024-04-21 12:37:35;36.1;35.0;52.8;48.8;47.4;55.2;15 °C;15.3;16.2;16.3;17.2;17.6
2024-04-21 12:47:36;36.2;35.0;52.8;48.8;47.4;55.2;15.1 °C;15.3;16.2;16.3;17.2;17.6
2024-04-21 12:57:38;36.1;35.0;52.8;48.8;47.4;55.2;15.2 °C;15.4;16.2;16.3;17.2;17.6
2024-04-21 13:07:33;36.1;35.0;52.8;48.8;47.4;55.2;15.3 °C;15.4;16.2;16.3;17.2;17.6
2024-04-21 13:17:35;36.2;35.0;52.8;48.8;47.4;55.2;15.3 °C;15.4;16.2;16.3;17.2;17.6
2024-04-21 13:27:36;36.2;35.0;52.8;48.8;47.4;55.2;15.4 °C;15.4;16.2;16.3;17.2;17.6
2024-04-21 13:37:39;36.3;35.0;52.8;48.8;47.4;55.2;15.4 °C;15.4;16.2;16.3;17.2;17.6
2024-04-21 13:47:39;36.3;35.0;52.8;48.8;47.4;55.2;15.6 °C;15.4;16.2;16.3;17.2;17.6
2024-04-21 13:57:39;36.3;35.0;52.8;48.8;47.4;55.2;15.8 °C;15.5;16.2;16.3;17.2;17.6
2024-04-21 14:07:32;36.3;35.0;52.8;48.8;47.4;55.2;15.9 °C;15.5;16.2;16.3;17.1;17.6
2024-04-21 14:17:38;36.3;35.0;52.8;48.8;47.4;55.2;15.9 °C;15.5;16.2;16.3;17.1;17.6
2024-04-21 14:27:34;36.4;35.0;52.8;48.8;47.4;55.2;16.1 °C;15.6;16.2;16.3;17.1;17.6
2024-04-21 14:37:35;36.4;35.1;52.8;48.8;47.4;55.2;16.1 °C;15.6;16.2;16.3;17.1;17.6
2024-04-21 14:47:40;36.4;35.0;52.8;48.8;47.4;55.2;16.1 °C;15.6;16.2;16.3;17.1;17.6
2024-04-21 14:57:34;36.4;35.1;52.8;48.8;47.4;55.2;16.2 °C;15.6;16.2;16.3;17.1;17.6
2024-04-21 15:07:34;36.5;35.1;52.8;48.8;47.4;55.3;16.2 °C;15.7;16.2;16.3;17.1;17.6
2024-04-21 15:17:34;36.5;35.1;52.8;48.8;47.4;55.3;16.3 °C;15.7;16.2;16.3;17.1;17.6
2024-04-21 15:27:38;36.5;35.1;52.8;48.8;47.4;55.3;16.3 °C;15.8;16.2;16.3;17.1;17.6
2024-04-21 15:37:33;36.6;35.1;52.8;48.8;47.4;55.3;16.4 °C;15.8;16.2;16.3;17.1;17.6
2024-04-21 15:47:33;36.6;35.1;52.8;48.8;47.4;55.3;16.4 °C;15.8;16.3;16.3;17.1;17.6
2024-04-21 15:57:35;36.6;35.1;52.8;48.8;47.4;55.2;16.5 °C;15.8;16.3;16.3;17.1;17.6
2024-04-21 16:07:32;36.6;35.1;52.8;48.8;47.4;55.2;16.6 °C;15.9;16.3;16.3;17.1;17.6
2024-04-21 16:17:35;36.6;35.1;52.8;48.8;47.4;55.2;16.6 °C;15.9;16.3;16.3;17.1;17.6
2024-04-21 16:27:40;36.5;35.1;52.8;48.8;47.4;55.3;16.6 °C;15.9;16.3;16.3;17.1;17.6
2024-04-21 16:37:37;36.5;35.1;52.8;48.8;47.4;55.3;16.6 °C;15.9;16.3;16.3;17.1;17.6
2024-04-21 16:47:35;36.5;35.1;52.8;48.8;47.4;55.2;16.6 °C;16;16.3;16.3;17.1;17.6
2024-04-21 16:57:37;36.5;35.1;52.8;48.8;47.4;55.3;16.7 °C;16;16.3;16.3;17.1;17.6
2024-04-21 17:07:40;36.6;35.1;52.8;48.8;47.4;55.2;16.8 °C;16.1;16.3;16.3;17.1;17.6
2024-04-21 17:17:34;36.6;35.1;52.8;48.8;47.4;55.2;16.8 °C;16.1;16.3;16.3;17.1;17.6
2024-04-21 17:27:34;36.6;35.1;52.8;48.8;47.4;55.2;16.8 °C;16.1;16.3;16.3;17.1;17.6
2024-04-21 17:37:37;36.6;35.1;52.8;48.8;47.4;55.3;16.8 °C;16.1;16.3;16.3;17.1;17.6
2024-04-21 17:47:37;36.6;35.1;52.8;48.8;47.4;55.2;16.9 °C;16.2;16.4;16.3;17.1;17.6
2024-04-21 17:57:36;36.6;35.1;52.8;48.8;47.4;55.2;16.8 °C;16.2;16.4;16.3;17.1;17.6
2024-04-21 18:07:37;36.6;35.1;52.8;48.8;47.4;55.3;16.8 °C;16.3;16.4;16.3;17.1;17.6
2024-04-21 18:17:37;36.6;35.1;52.8;48.8;47.4;55.3;16.8 °C;16.3;16.4;16.3;17.1;17.6
2024-04-21 18:27:39;36.6;35.1;52.8;48.8;47.4;55.2;16.8 °C;16.3;16.4;16.3;17.1;17.6
2024-04-21 18:37:36;36.6;35.1;52.8;48.8;47.4;55.2;16.7 °C;16.3;16.4;16.3;17.1;17.6
2024-04-21 18:47:38;36.6;35.1;52.8;48.8;47.4;55.2;16.7 °C;16.3;16.4;16.3;17.1;17.5
2024-04-21 18:57:34;36.6;35.1;52.8;48.8;47.4;55.2;16.6 °C;16.4;16.4;16.3;17.1;17.5
2024-04-21 19:07:34;36.6;35.2;52.8;48.8;47.4;55.2;16.6 °C;16.4;16.4;16.3;17.1;17.5
2024-04-21 19:17:35;36.5;35.2;52.8;48.8;47.4;55.3;16.5 °C;16.4;16.4;16.3;17.1;17.5
2024-04-21 19:27:36;36.5;35.2;52.8;48.8;47.4;55.3;16.4 °C;16.4;16.5;16.3;17.1;17.5
2024-04-21 19:37:37;36.5;35.1;52.8;48.8;47.4;55.2;16.4 °C;16.4;16.5;16.3;17.1;17.5
2024-04-21 19:47:32;36.5;35.1;52.8;48.8;47.4;55.2;16.3 °C;16.4;16.5;16.3;17.1;17.5
2024-04-21 19:57:34;36.5;35.1;52.8;48.8;47.4;55.3;16.3 °C;16.4;16.5;16.3;17.1;17.5
2024-04-21 20:07:39;36.1;35.1;52.8;48.8;47.4;55.2;16.2 °C;16.4;16.5;16.3;17.1;17.5
2024-04-21 20:17:35;36.2;35.1;52.8;48.8;47.4;55.2;16.1 °C;16.4;16.6;16.3;17.1;17.5
2024-04-21 20:27:36;36.2;35.1;52.8;48.8;47.4;55.2;16 °C;16.4;16.6;16.3;17.1;17.5
2024-04-21 20:37:35;36.3;35.1;52.8;48.8;47.4;55.3;15.9 °C;16.4;16.6;16.3;17.1;17.5
2024-04-21 20:47:35;36.1;35.1;52.8;48.8;47.4;55.3;15.9 °C;16.4;16.6;16.3;17.1;17.5
2024-04-21 20:57:36;36.2;35.1;52.8;48.8;47.4;55.3;15.8 °C;16.4;16.6;16.3;17.1;17.5
2024-04-21 21:07:38;36.1;35.1;52.8;48.8;47.4;55.2;15.7 °C;16.4;16.6;16.3;17.1;17.5
2024-04-21 21:17:39;36.0;35.1;52.8;48.8;47.4;55.2;15.6 °C;16.4;16.6;16.3;17.1;17.5
2024-04-21 21:27:40;36.1;35.1;52.8;48.8;47.4;55.2;15.5 °C;16.4;16.6;16.3;17.1;17.5
2024-04-21 21:37:34;36.1;35.1;52.8;48.8;47.4;55.2;15.4 °C;16.4;16.6;16.3;17.1;17.5
2024-04-21 21:47:37;36.1;35.1;52.8;48.8;47.4;55.2;15.3 °C;16.4;16.6;16.3;17.1;17.5
2024-04-21 21:57:37;36.1;35.1;52.8;48.8;47.4;55.2;15.3 °C;16.4;16.6;16.3;17.1;17.5
2024-04-21 22:07:36;36.1;35.1;52.8;48.8;47.4;55.3;15.2 °C;16.4;16.6;16.3;17.1;17.5
2024-04-21 22:17:35;35.9;35.1;52.8;48.8;47.4;55.2;15.1 °C;16.4;16.6;16.3;17.1;17.5
2024-04-21 22:27:33;35.9;35.1;52.8;48.8;47.4;55.3;15 °C;16.4;16.6;16.4;17.1;17.5
2024-04-21 22:37:40;35.9;35.1;52.8;48.8;47.4;55.2;14.9 °C;16.4;16.7;16.4;17.1;17.5
2024-04-21 22:47:34;36.0;35.1;52.8;48.8;47.4;55.2;14.9 °C;16.3;16.7;16.4;17.1;17.5
2024-04-21 22:57:33;36.2;35.1;52.8;48.8;47.4;55.2;14.8 °C;16.3;16.7;16.4;17.1;17.5
2024-04-21 23:07:33;36.1;35.1;52.8;48.8;47.4;55.2;14.7 °C;16.3;16.7;16.4;17.1;17.5
2024-04-21 23:17:37;36.1;35.1;52.8;48.8;47.4;55.2;14.6 °C;16.3;16.7;16.4;17.1;17.5
2024-04-21 23:27:35;36.2;35.1;52.8;48.8;47.4;55.2;14.6 °C;16.3;16.7;16.4;17.1;17.5
2024-04-21 23:37:36;36.1;35.1;52.8;48.8;47.4;55.3;14.5 °C;16.3;16.7;16.4;17.1;17.5
2024-04-21 23:47:35;36.1;35.1;52.8;48.8;47.4;55.2;14.4 °C;16.2;16.7;16.4;17.1;17.4
2024-04-21 23:57:36;36.1;35.1;52.8;48.8;47.4;55.2;14.4 °C;16.2;16.7;16.4;17.1;17.4
2024-04-22 00:07:37;36.1;35.1;52.8;48.8;47.4;55.2;14.3 °C;16.1;16.7;16.4;17.1;17.4
2024-04-22 00:17:36;36.1;35.1;52.8;48.8;47.4;55.2;14.2 °C;16.1;16.7;16.4;17.1;17.4
2024-04-22 00:27:35;36.1;35.1;52.8;48.8;47.4;55.2;14.1 °C;16.1;16.7;16.4;17.1;17.4
2024-04-22 00:37:40;36.1;35.1;52.8;48.8;47.4;55.2;14.1 °C;16.1;16.7;16.4;17.1;17.4
2024-04-22 00:47:33;36.2;35.1;52.8;48.8;47.4;55.2;14 °C;16.1;16.7;16.4;17.1;17.4
2024-04-22 00:57:36;36.1;35.1;52.8;48.8;47.4;55.2;13.9 °C;16;16.7;16.4;17.1;17.4
2024-04-22 01:07:34;36.1;35.1;52.8;48.8;47.4;55.2;13.9 °C;16;16.7;16.4;17.1;17.4
2024-04-22 01:17:34;36.1;35.1;52.8;48.8;47.4;55.2;13.8 °C;15.9;16.6;16.4;17.1;17.4
2024-04-22 01:27:39;36.0;35.0;52.8;48.8;47.4;55.2;13.8 °C;15.9;16.6;16.4;17.1;17.4
2024-04-22 01:37:33;36.0;35.0;52.8;48.8;47.4;55.2;13.7 °C;15.9;16.6;16.4;17.1;17.4
2024-04-22 01:47:36;36.1;35.1;52.8;48.8;47.4;55.2;13.6 °C;15.9;16.6;16.4;17.1;17.4
2024-04-22 01:57:38;36.1;35.1;52.8;48.8;47.4;55.2;13.6 °C;15.8;16.6;16.4;17.1;17.4
2024-04-22 02:07:37;36.1;35.0;52.8;48.8;47.4;55.2;13.5 °C;15.8;16.6;16.4;17.1;17.4
2024-04-22 02:17:32;36.2;35.1;52.8;48.8;47.4;55.2;13.4 °C;15.8;16.6;16.4;17.1;17.4
2024-04-22 02:27:35;36.1;35.1;52.8;48.8;47.4;55.2;13.4 °C;15.8;16.6;16.4;17.1;17.4
2024-04-22 02:37:35;36.1;35.0;52.8;48.8;47.4;55.2;13.3 °C;15.7;16.6;16.4;17.1;17.4
2024-04-22 02:47:33;36.1;35.0;52.8;48.8;47.4;55.2;13.3 °C;15.7;16.6;16.4;17.1;17.4
2024-04-22 02:57:32;36.1;35.0;52.8;48.8;47.4;55.2;13.2 °C;15.6;16.6;16.4;17.1;17.4
2024-04-22 03:07:35;36.0;35.0;52.8;48.8;47.4;55.2;13.1 °C;15.6;16.6;16.4;17.1;17.4
2024-04-22 03:17:37;36.1;35.0;52.8;48.8;47.4;55.2;13.1 °C;15.6;16.6;16.4;17.1;17.4
2024-04-22 03:27:36;36.1;35.0;52.8;48.8;47.4;55.2;13 °C;15.6;16.6;16.4;17.1;17.4
2024-04-22 03:37:38;36.0;35.0;52.8;48.8;47.4;55.2;13 °C;15.6;16.6;16.4;17.1;17.4
2024-04-22 03:47:34;36.0;35.0;52.8;48.8;47.4;55.2;12.9 °C;15.5;16.5;16.4;17.1;17.4
2024-04-22 03:57:37;36.0;35.0;52.8;48.8;47.4;55.2;12.9 °C;15.5;16.5;16.4;17.1;17.4
2024-04-22 04:07:32;36.0;35.0;52.8;48.8;47.4;55.2;12.8 °C;15.4;16.5;16.4;17.1;17.4
2024-04-22 04:17:38;36.0;35.0;52.8;48.8;47.4;55.2;12.8 °C;15.4;16.5;16.4;17.1;17.4
2024-04-22 04:27:39;36.1;35.0;52.8;48.8;47.4;55.2;12.7 °C;15.4;16.5;16.4;17.1;17.4
2024-04-22 04:37:36;36.0;35.0;52.7;48.8;47.4;55.2;12.7 °C;15.3;16.4;16.4;17.1;17.4
2024-04-22 04:47:38;36.0;35.0;52.7;48.8;47.4;55.2;12.6 °C;15.3;16.4;16.4;17.1;17.4
2024-04-22 04:57:37;36.0;35.0;52.7;48.8;47.4;55.2;12.6 °C;15.3;16.4;16.4;17.1;17.4
2024-04-22 05:07:36;36.0;35.0;52.7;48.8;47.4;55.2;12.5 °C;15.3;16.4;16.4;17.1;17.4
2024-04-22 05:17:35;36.0;35.0;52.8;48.8;47.4;55.2;12.4 °C;15.2;16.4;16.4;17.1;17.4
2024-04-22 05:27:36;36.0;35.0;52.8;48.8;47.4;55.2;12.4 °C;15.2;16.4;16.4;17.1;17.4
2024-04-22 05:37:34;36.0;35.0;52.7;48.8;47.4;55.2;12.4 °C;15.2;16.4;16.4;17.1;17.4
2024-04-22 05:47:38;36.0;35.0;52.7;48.8;47.4;55.2;12.3 °C;15.1;16.4;16.4;17.1;17.4
2024-04-22 05:57:34;36.0;35.0;52.7;48.8;47.4;55.2;12.3 °C;15.1;16.4;16.4;17.1;17.4
2024-04-22 06:07:33;36.0;35.0;52.7;48.8;47.4;55.2;12.3 °C;15.1;16.3;16.4;17.1;17.4
2024-04-22 06:17:32;36.0;35.0;52.7;48.8;47.4;55.2;12.2 °C;15.1;16.3;16.4;17.1;17.4
2024-04-22 06:27:38;36.0;35;52.7;48.8;47.4;55.2;12.1 °C;15;16.3;16.4;17.1;17.4
2024-04-22 06:37:38;36.0;35.0;52.7;48.8;47.4;55.2;12.1 °C;14.9;16.3;16.3;17.1;17.4
2024-04-22 06:47:38;36.0;35.0;52.7;48.8;47.4;55.2;12.1 °C;14.9;16.3;16.3;17.1;17.4
2024-04-22 06:57:39;36.0;35.0;52.7;48.8;47.4;55.2;12 °C;14.9;16.3;16.3;17.1;17.4
2024-04-22 07:07:33;36.0;35.0;52.7;48.8;47.4;55.2;12 °C;14.9;16.3;16.3;17.1;17.4
2024-04-22 07:17:40;36.0;35.0;52.7;48.8;47.4;55.2;11.9 °C;14.9;16.2;16.3;17.1;17.4
2024-04-22 07:27:34;36.0;35.0;52.7;48.8;47.4;55.2;11.9 °C;14.8;16.2;16.3;17.1;17.4
2024-04-22 07:37:38;36.0;35.0;52.7;48.8;47.4;55.2;11.9 °C;14.8;16.2;16.3;17.1;17.4
2024-04-22 07:47:34;35.9;35.0;52.7;48.8;47.4;55.2;11.9 °C;14.8;16.2;16.3;17.1;17.4
2024-04-22 07:57:37;35.9;35.0;52.7;48.8;47.4;55.2;11.9 °C;14.8;16.1;16.3;17.1;17.4
2024-04-22 08:07:32;35.9;35.0;52.7;48.8;47.4;55.2;11.9 °C;14.7;16.1;16.3;17.1;17.4
2024-04-22 08:17:39;35.9;35.0;52.7;48.8;47.4;55.2;11.9 °C;14.7;16.1;16.3;17.1;17.4
2024-04-22 08:27:39;35.9;35.0;52.7;48.8;47.4;55.2;11.9 °C;14.6;16.1;16.3;17.1;17.4
2024-04-22 08:37:33;35.9;35.0;52.7;48.8;47.4;55.2;12 °C;14.6;16.1;16.3;17.1;17.4
2024-04-22 08:57:39;35.9;35.0;52.7;48.7;47.4;55.2;12.1 °C;14.6;16.1;16.3;17.1;17.4
2024-04-22 09:07:33;35.9;35.0;52.7;48.8;47.4;55.2;12.1 °C;14.6;16;16.3;17.1;17.4
2024-04-22 09:17:36;36.0;35.0;52.7;48.8;47.4;55.2;12.3 °C;14.5;16;16.3;17;17.4
2024-04-22 09:27:38;35.8;35.0;52.7;48.8;47.4;55.2;12.4 °C;14.5;16;16.2;17;17.4
2024-04-22 09:37:38;35.8;35.0;52.7;48.8;47.4;55.2;12.5 °C;14.5;16;16.2;17;17.4
2024-04-22 09:57:33;35.7;35.0;52.7;48.8;47.4;55.2;12.9 °C;14.4;15.9;16.2;17;17.4
2024-04-22 10:07:37;35.7;35.0;52.7;48.8;47.4;55.2;13.1 °C;14.4;15.9;16.2;17;17.4
2024-04-22 10:17:36;35.7;35.0;52.6;48.8;47.4;55.2;13.3 °C;14.4;15.9;16.2;17;17.4
2024-04-22 10:37:38;35.5;35.0;52.6;48.8;47.4;55.2;13.8 °C;14.4;15.9;16.1;17;17.4
2024-04-22 10:47:35;35.6;35.0;52.6;48.8;47.4;55.2;14 °C;14.4;15.9;16.1;17;17.4
2024-04-22 10:57:36;35.7;35.0;52.6;48.7;47.4;55.2;14.3 °C;14.5;15.9;16.1;17;17.4
2024-04-22 11:07:38;35.6;35.0;52.6;48.8;47.3;55.2;14.4 °C;14.5;15.8;16.1;17;17.4
2024-04-22 11:17:37;35.6;35.0;52.7;48.8;47.4;55.2;14.6 °C;14.5;15.8;16.1;17;17.4
2024-04-22 11:27:33;35.6;35.0;52.7;48.7;47.4;55.2;14.7 °C;14.6;15.8;16.1;17;17.4
2024-04-22 11:37:32;35.6;35.0;52.6;48.8;47.3;55.2;14.8 °C;14.6;15.8;16.1;17;17.4
2024-04-22 11:47:39;35.7;35.0;52.6;48.7;47.4;55.2;14.9 °C;14.6;15.8;16.1;16.9;17.4
2024-04-22 11:57:35;35.7;35.0;52.7;48.7;47.4;55.2;15 °C;14.6;15.8;16.1;16.9;17.4
2024-04-22 12:07:37;35.9;35.0;52.6;48.7;47.4;55.2;15.1 °C;14.7;15.8;16.1;16.9;17.4
2024-04-22 12:17:32;35.9;35.0;52.6;48.7;47.4;55.2;15.3 °C;14.7;15.8;16.1;16.9;17.4
2024-04-22 12:27:38;35.9;35.0;52.6;48.7;47.4;55.2;15.3 °C;14.8;15.8;16.1;16.9;17.4
2024-04-22 12:37:39;35.9;35.0;52.6;48.7;47.4;55.2;15.4 °C;14.8;15.8;16.1;16.9;17.4
2024-04-22 12:47:36;35.9;35.1;52.6;48.7;47.4;55.2;15.6 °C;14.8;15.8;16;16.9;17.4
2024-04-22 12:57:37;35.9;35.1;52.6;48.7;47.4;55.2;15.8 °C;14.9;15.8;16;16.9;17.4
2024-04-22 13:07:37;36.0;35.1;52.6;48.7;47.4;55.2;15.9 °C;14.9;15.8;16;16.9;17.4
2024-04-22 13:17:36;36.0;35.1;52.6;48.7;47.4;55.2;16.1 °C;14.9;15.8;16;16.9;17.4
2024-04-22 13:27:34;36.0;35.1;52.7;48.7;47.4;55.2;16.2 °C;15;15.8;16;16.9;17.4
2024-04-22 13:37:35;36.0;35.0;52.6;48.7;47.4;55.2;16.4 °C;15.1;15.8;16;16.9;17.4
2024-04-22 13:47:32;36.1;35.0;52.6;48.7;47.4;55.2;16.6 °C;15.1;15.8;16;16.9;17.4
2024-04-22 13:57:40;36.1;35.1;52.6;48.7;47.4;55.2;16.7 °C;15.1;15.8;16;16.9;17.4
2024-04-22 14:07:37;36.1;35.1;52.7;48.7;47.4;55.2;16.9 °C;15.2;15.8;16;16.9;17.4
2024-04-22 14:17:33;36.2;35.1;52.7;48.7;47.4;55.2;17 °C;15.3;15.8;15.9;16.9;17.4
2024-04-22 14:27:32;36.1;35.1;52.6;48.7;47.4;55.2;17.2 °C;15.3;15.8;15.9;16.9;17.4
2024-04-22 14:37:38;36.2;35.1;52.6;48.7;47.4;55.2;17.3 °C;15.4;15.8;15.9;16.9;17.3
2024-04-22 14:47:34;36.2;35.1;52.7;48.7;47.4;55.2;17.4 °C;15.4;15.8;15.9;16.9;17.3
2024-04-22 14:57:39;36.3;35.1;52.6;48.7;47.4;55.2;17.6 °C;15.5;15.8;15.9;16.9;17.3
2024-04-22 15:07:39;36.3;35.1;52.7;48.7;47.3;55.2;17.8 °C;15.5;15.8;15.9;16.9;17.3
