Column1;Column2;Column3;Column4;Column5;Column6;Column7;Column10;Column11;Column12;Column13;Column14;Column15
Time;soil_moisture_at_depth_0;soil_moisture_at_depth_1;soil_moisture_at_depth_2;soil_moisture_at_depth_3 ;soil_moisture_at_depth_4;soil_moisture_at_depth_5 ;soil_temperature_at_depth_0;soil_temperature_at_depth_1;soil_temperature_at_depth_2;soil_temperature_at_depth_3 ;soil_temperature_at_depth_4 ;soil_temperature_at_depth_5 
2024-04-02 15:02:47;20.3;17.2;23.3;39.6;63.3;71.3;29.9 °C;23.1;20.6;20;19.3;18.8
2024-04-02 15:12:49;20.3;17.3;23.4;39.7;63.3;71.3;29.8 °C;22.8;20.3;19.8;19.1;18.6
2024-04-02 15:22:52;20.4;17.3;23.5;39.7;63.3;71.3;29.6 °C;22.6;20.1;19.6;18.9;18.5
2024-04-02 15:32:51;20.4;17.3;23.5;39.8;63.3;71.3;29.6 °C;22.4;19.9;19.4;18.8;18.4
2024-04-02 15:42:49;20.5;17.3;23.6;39.8;63.3;71.3;29.4 °C;22.3;19.7;19.3;18.6;18.3
2024-04-02 15:52:45;20.5;17.4;23.6;39.9;63.3;71.3;29.4 °C;22.2;19.6;19.2;18.6;18.2
2024-04-02 16:02:50;20.5;17.5;23.7;39.9;63.3;71.3;29.3 °C;22.2;19.5;19.1;18.4;18.1
2024-04-02 16:12:51;20.6;17.5;23.8;40.0;63.3;71.3;29.3 °C;22.1;19.4;19;18.4;18.1
2024-04-02 16:22:52;20.5;17.5;23.8;40.0;63.3;71.3;29.2 °C;22.1;19.4;18.9;18.3;18
2024-04-02 16:32:51;20.6;17.6;23.9;40.1;63.3;71.3;29.1 °C;22.1;19.4;18.9;18.3;17.9
2024-04-02 16:42:45;20.6;17.6;23.9;40.1;63.3;71.3;29 °C;22.1;19.4;18.8;18.3;17.9
2024-04-02 16:52:49;20.6;17.6;24.0;40.1;63.3;71.3;28.8 °C;22.1;19.3;18.8;18.2;17.9
2024-04-02 17:02:50;20.7;17.7;24.0;40.1;63.3;71.3;28.7 °C;22.2;19.3;18.8;18.1;17.9
2024-04-02 17:12:50;20.7;17.7;24.0;40.2;63.3;71.3;28.6 °C;22.2;19.3;18.8;18.1;17.8
2024-04-02 17:22:47;20.7;17.8;24.1;40.2;63.3;71.3;28.4 °C;22.3;19.3;18.7;18.1;17.8
2024-04-02 17:32:45;20.7;17.8;24.1;40.3;63.3;71.3;28.3 °C;22.3;19.4;18.7;18.1;17.8
2024-04-02 17:42:50;20.7;17.8;24.1;40.3;63.3;71.3;28.2 °C;22.3;19.4;18.7;18;17.8
2024-04-02 17:52:50;20.7;17.8;24.2;40.4;63.3;71.4;27.9 °C;22.3;19.4;18.6;18;17.7
2024-04-02 18:02:48;20.7;17.9;24.2;40.4;63.3;71.4;27.5 °C;22.3;19.4;18.6;18;17.7
2024-04-02 18:12:51;20.7;17.9;24.3;40.4;63.4;71.4;27.1 °C;22.3;19.4;18.6;17.9;17.7
2024-04-02 18:22:46;20.7;17.9;24.3;40.4;63.4;71.4;26.7 °C;22.3;19.4;18.6;17.9;17.6
2024-04-02 18:32:52;20.6;18.0;24.3;40.5;63.4;71.4;26.3 °C;22.4;19.5;18.6;17.9;17.6
2024-04-02 18:42:51;20.6;17.9;24.4;40.5;63.4;71.4;25.8 °C;22.3;19.5;18.6;17.9;17.6
2024-04-02 18:52:52;20.6;18.0;24.4;40.5;63.4;71.4;25.4 °C;22.3;19.6;18.6;17.9;17.6
2024-04-02 19:02:51;20.5;18.0;24.4;40.6;63.4;71.4;24.9 °C;22.3;19.6;18.6;17.9;17.6
2024-04-02 19:12:46;20.5;18.0;24.5;40.6;63.4;71.4;24.4 °C;22.3;19.6;18.6;17.9;17.6
2024-04-02 19:22:50;20.5;18.1;24.5;40.6;63.4;71.4;24 °C;22.3;19.6;18.6;17.9;17.6
2024-04-02 19:32:51;20.5;18.1;24.5;40.6;63.5;71.4;23.6 °C;22.2;19.7;18.6;17.9;17.6
2024-04-02 19:42:46;20.5;18.1;24.6;40.7;63.5;71.4;23.2 °C;22.2;19.7;18.7;17.9;17.6
2024-04-02 19:52:47;20.4;18.1;24.6;40.7;63.5;71.5;22.8 °C;22.1;19.7;18.7;17.9;17.6
2024-04-02 20:02:52;20.4;18.1;24.6;40.7;63.5;71.5;22.4 °C;22.1;19.8;18.7;17.9;17.5
2024-04-02 20:12:47;20.4;18.1;24.6;40.8;63.5;71.5;22.1 °C;22;19.8;18.7;17.8;17.5
2024-04-02 20:22:49;20.4;18.1;24.7;40.8;63.5;71.5;21.8 °C;21.9;19.8;18.7;17.8;17.5
2024-04-02 20:32:46;20.4;18.2;24.7;40.8;63.5;71.5;21.4 °C;21.9;19.8;18.7;17.8;17.5
2024-04-02 20:42:51;20.4;18.2;24.7;40.8;63.5;71.5;21.1 °C;21.8;19.8;18.8;17.8;17.5
2024-04-02 20:52:50;20.4;18.2;24.7;40.9;63.5;71.5;20.9 °C;21.8;19.8;18.8;17.8;17.5
2024-04-02 21:02:52;20.4;18.2;24.8;40.9;63.6;71.5;20.6 °C;21.6;19.9;18.8;17.8;17.5
2024-04-02 21:12:51;20.3;18.2;24.8;40.9;63.6;71.5;20.3 °C;21.6;19.9;18.8;17.8;17.5
2024-04-02 21:22:53;20.3;18.2;24.8;40.9;63.6;71.5;20.1 °C;21.5;19.9;18.8;17.8;17.5
2024-04-02 21:32:48;20.3;18.2;24.9;41.0;63.6;71.5;19.8 °C;21.4;19.9;18.8;17.9;17.5
2024-04-02 21:42:48;20.3;18.2;24.9;41.0;63.6;71.6;19.6 °C;21.3;19.9;18.8;17.9;17.5
2024-04-02 21:52:47;20.3;18.3;24.9;41.0;63.7;71.5;19.4 °C;21.3;19.9;18.8;17.9;17.5
2024-04-02 22:02:46;20.3;18.3;24.9;41.0;63.7;71.6;19.2 °C;21.2;19.9;18.8;17.9;17.5
2024-04-02 22:12:47;20.3;18.3;24.9;41.1;63.7;71.6;18.9 °C;21.1;19.9;18.9;17.9;17.5
2024-04-02 22:22:49;20.2;18.3;25.0;41.1;63.7;71.6;18.8 °C;21;19.9;18.9;17.9;17.5
2024-04-02 22:32:45;20.3;18.3;24.9;41.1;63.7;71.6;18.6 °C;20.9;19.9;18.9;17.9;17.5
2024-04-02 22:42:46;20.2;18.3;25.0;41.1;63.7;71.6;18.4 °C;20.8;19.9;18.9;17.9;17.4
2024-04-02 22:52:48;20.3;18.3;25.0;41.2;63.7;71.6;18.1 °C;20.8;19.9;18.9;17.9;17.4
2024-04-02 23:02:46;20.2;18.3;25.0;41.2;63.7;71.6;17.9 °C;20.7;19.9;18.9;17.9;17.4
2024-04-02 23:12:48;20.2;18.3;25.0;41.2;63.7;71.6;17.8 °C;20.6;19.9;18.9;17.9;17.5
2024-04-02 23:22:52;20.2;18.3;25.0;41.2;63.8;71.6;17.5 °C;20.5;19.9;18.9;17.9;17.5
2024-04-02 23:32:50;20.2;18.3;25.0;41.3;63.8;71.6;17.3 °C;20.4;19.9;18.9;17.9;17.5
2024-04-02 23:42:48;20.2;18.3;25.0;41.3;63.8;71.6;17.1 °C;20.3;19.8;18.9;17.9;17.5
2024-04-02 23:52:51;20.2;18.3;25.1;41.3;63.8;71.6;17 °C;20.3;19.8;18.9;17.9;17.5
2024-04-03 00:02:46;20.2;18.3;25.1;41.3;63.8;71.7;16.8 °C;20.2;19.8;18.9;17.9;17.5
2024-04-03 00:12:51;20.2;18.4;25.1;41.3;63.8;71.7;16.6 °C;20.1;19.8;19;17.9;17.5
2024-04-03 00:22:49;20.2;18.4;25.1;41.3;63.8;71.7;16.5 °C;20;19.8;19;17.9;17.5
2024-04-03 00:32:49;20.2;18.3;25.1;41.4;63.9;71.7;16.3 °C;19.9;19.8;19;17.9;17.5
2024-04-03 00:42:46;20.2;18.4;25.1;41.4;63.9;71.7;16.2 °C;19.9;19.8;19;17.9;17.5
2024-04-03 00:52:51;20.2;18.4;25.1;41.4;63.9;71.7;16.1 °C;19.8;19.8;19;17.9;17.5
2024-04-03 01:02:45;20.2;18.4;25.1;41.4;63.9;71.7;15.9 °C;19.7;19.7;19;17.9;17.5
2024-04-03 01:12:50;20.2;18.4;25.2;41.4;64.0;71.7;15.8 °C;19.6;19.7;19;17.9;17.5
2024-04-03 01:22:47;20.2;18.4;25.2;41.4;64.0;71.7;15.6 °C;19.5;19.6;19;17.9;17.5
2024-04-03 01:32:46;20.2;18.4;25.2;41.5;63.9;71.7;15.5 °C;19.4;19.6;19;18;17.5
2024-04-03 01:42:48;20.2;18.4;25.2;41.5;64.0;71.8;15.4 °C;19.4;19.6;19;18;17.5
2024-04-03 01:52:47;20.1;18.4;25.2;41.5;64.0;71.7;15.3 °C;19.3;19.6;19;18;17.5
2024-04-03 02:02:49;20.1;18.4;25.2;41.5;64.0;71.8;15.1 °C;19.2;19.6;19;18;17.5
2024-04-03 02:12:46;20.2;18.4;25.2;41.5;64.0;71.8;15 °C;19.1;19.5;19;18;17.5
2024-04-03 02:22:47;20.1;18.4;25.2;41.5;64.0;71.8;14.9 °C;19.1;19.5;19;18;17.5
2024-04-03 02:32:49;20.1;18.4;25.2;41.6;64.0;71.8;14.8 °C;19;19.5;19;18;17.5
2024-04-03 02:42:50;20.2;18.4;25.3;41.5;64.0;71.8;14.7 °C;18.9;19.4;19;18;17.5
2024-04-03 02:52:47;20.2;18.4;25.2;41.6;64.0;71.8;14.6 °C;18.8;19.4;19;18;17.5
2024-04-03 03:02:49;20.2;18.4;25.3;41.6;64.1;71.8;14.4 °C;18.8;19.4;19;18;17.5
2024-04-03 03:12:50;20.1;18.4;25.3;41.6;64.1;71.8;14.3 °C;18.7;19.4;18.9;18;17.5
2024-04-03 03:22:51;20.2;18.4;25.3;41.6;64.1;71.8;14.3 °C;18.6;19.3;18.9;18;17.5
2024-04-03 03:32:50;20.2;18.4;25.3;41.6;64.1;71.8;14.1 °C;18.6;19.3;18.9;18;17.6
2024-04-03 03:42:52;20.1;18.5;25.3;41.7;64.1;71.8;14.1 °C;18.4;19.3;18.9;18;17.6
2024-04-03 03:52:47;20.1;18.5;25.3;41.7;64.1;71.8;13.9 °C;18.4;19.3;18.9;18;17.6
2024-04-03 04:02:45;20.1;18.5;25.3;41.7;64.1;71.8;13.8 °C;18.3;19.2;18.9;18;17.6
2024-04-03 04:12:49;20.1;18.5;25.3;41.7;64.1;71.9;13.8 °C;18.3;19.2;18.9;18.1;17.6
2024-04-03 04:22:49;20.1;18.5;25.4;41.7;64.1;71.9;13.6 °C;18.2;19.1;18.9;18.1;17.6
2024-04-03 04:32:45;20.1;18.5;25.4;41.7;64.2;71.9;13.6 °C;18.1;19.1;18.9;18;17.6
2024-04-03 04:42:46;20.1;18.5;25.4;41.7;64.2;71.9;13.4 °C;18.1;19.1;18.9;18.1;17.6
2024-04-03 04:52:52;20.1;18.5;25.4;41.7;64.2;71.9;13.3 °C;18;19.1;18.9;18.1;17.6
2024-04-03 05:02:48;20.1;18.5;25.4;41.7;64.2;71.9;13.3 °C;17.9;19;18.9;18.1;17.6
2024-04-03 05:12:51;20.1;18.5;25.4;41.8;64.2;71.9;13.1 °C;17.8;18.9;18.9;18.1;17.6
2024-04-03 05:22:50;20.1;18.5;25.4;41.8;64.2;71.9;13.1 °C;17.8;18.9;18.9;18.1;17.6
2024-04-03 05:32:52;20.1;18.5;25.4;41.7;64.2;71.9;13 °C;17.7;18.9;18.8;18.1;17.6
2024-04-03 05:42:51;20.1;18.5;25.4;41.8;64.2;71.9;12.9 °C;17.6;18.9;18.8;18.1;17.6
2024-04-03 05:52:46;20.1;18.5;25.4;41.8;64.2;71.9;12.8 °C;17.6;18.8;18.8;18.1;17.6
2024-04-03 06:02:51;20.1;18.5;25.4;41.8;64.2;71.9;12.8 °C;17.5;18.8;18.8;18.1;17.6
2024-04-03 06:12:45;20.1;18.5;25.4;41.8;64.2;71.9;12.7 °C;17.4;18.8;18.8;18.1;17.6
2024-04-03 06:22:50;20.1;18.5;25.4;41.8;64.2;71.9;12.6 °C;17.4;18.8;18.8;18.1;17.6
2024-04-03 06:32:48;20.1;18.5;25.4;41.8;64.2;71.9;12.6 °C;17.3;18.7;18.8;18;17.6
2024-04-03 06:42:47;20.1;18.5;25.4;41.8;64.2;72.0;12.5 °C;17.3;18.6;18.8;18;17.6
2024-04-03 06:52:50;20.1;18.5;25.4;41.8;64.3;72.0;12.4 °C;17.2;18.6;18.8;18;17.6
2024-04-03 07:02:51;20.1;18.5;25.4;41.8;64.3;72.0;12.4 °C;17.1;18.6;18.8;18;17.6
2024-04-03 07:12:50;20.1;18.5;25.4;41.9;64.3;71.9;12.3 °C;17.1;18.6;18.7;18;17.6
2024-04-03 07:22:47;20.1;18.5;25.4;41.8;64.3;72.0;12.4 °C;17;18.5;18.7;18;17.6
2024-04-03 07:32:46;20.1;18.5;25.5;41.8;64.3;71.9;12.4 °C;16.9;18.5;18.7;18;17.6
2024-04-03 07:42:51;20.1;18.5;25.5;41.9;64.3;71.9;12.6 °C;16.9;18.4;18.7;18;17.6
2024-04-03 07:52:45;20.1;18.5;25.4;41.9;64.3;72.0;12.8 °C;16.9;18.4;18.6;18;17.6
2024-04-03 08:02:47;20.2;18.5;25.5;41.9;64.3;72.0;13.1 °C;16.8;18.4;18.6;18;17.6
2024-04-03 08:12:49;20.2;18.5;25.5;41.9;64.3;72.0;13.4 °C;16.8;18.3;18.6;18;17.6
2024-04-03 08:22:50;20.3;18.5;25.5;41.9;64.3;72.0;13.8 °C;16.7;18.3;18.6;18;17.6
2024-04-03 08:32:47;20.3;18.5;25.5;41.9;64.3;72.0;14.3 °C;16.7;18.3;18.6;18;17.6
2024-04-03 08:42:49;20.3;18.5;25.5;41.9;64.3;72.0;14.7 °C;16.6;18.3;18.6;18;17.6
2024-04-03 08:52:48;20.4;18.5;25.5;41.9;64.3;72.0;15.2 °C;16.6;18.2;18.6;18;17.6
2024-04-03 09:02:49;20.4;18.6;25.5;41.9;64.3;72.0;15.7 °C;16.6;18.2;18.6;18;17.6
2024-04-03 09:12:45;20.4;18.6;25.5;41.9;64.3;72.0;16.3 °C;16.6;18.1;18.5;18;17.6
2024-04-03 09:22:50;20.5;18.6;25.5;41.9;64.3;72.0;16.8 °C;16.6;18.1;18.5;17.9;17.6
2024-04-03 09:32:52;20.5;18.6;25.5;42.0;64.3;72.0;17.4 °C;16.6;18.1;18.5;17.9;17.6
2024-04-03 09:42:47;20.6;18.6;25.5;41.9;64.3;72.0;17.9 °C;16.6;18;18.4;17.9;17.6
2024-04-03 09:52:48;20.6;18.6;25.5;41.9;64.3;72.0;18.4 °C;16.6;18;18.4;17.9;17.6
2024-04-03 10:02:49;20.7;18.6;25.5;41.9;64.3;72.0;18.9 °C;16.6;17.9;18.4;17.9;17.6
2024-04-03 10:12:49;20.7;18.6;25.5;41.9;64.3;72.0;19.5 °C;16.7;17.9;18.4;17.9;17.6
2024-04-03 10:22:46;20.7;18.7;25.5;41.9;64.3;72.0;20 °C;16.8;17.9;18.4;17.9;17.6
2024-04-03 10:32:52;20.8;18.7;25.6;41.9;64.3;72.0;20.5 °C;16.8;17.9;18.4;17.9;17.6
2024-04-03 10:42:47;20.8;18.7;25.5;42.0;64.3;72.0;20.9 °C;16.9;17.9;18.4;17.9;17.6
2024-04-03 10:52:47;20.8;18.8;25.6;42.0;64.4;72.0;21.1 °C;16.9;17.8;18.3;17.9;17.6
2024-04-03 11:02:49;20.8;18.8;25.5;42.0;64.4;72.0;21.1 °C;17;17.8;18.3;17.9;17.6
2024-04-03 11:12:50;20.8;18.8;25.5;42.0;64.4;72.0;21 °C;17.1;17.8;18.3;17.9;17.6
2024-04-03 11:22:48;20.7;18.8;25.6;42.0;64.4;72.0;20.9 °C;17.2;17.8;18.3;17.9;17.6
2024-04-03 11:32:52;20.8;18.8;25.6;42.0;64.4;72.0;21.1 °C;17.3;17.8;18.3;17.9;17.6
2024-04-03 11:42:48;20.8;18.8;25.6;42.0;64.4;72.0;21.3 °C;17.4;17.8;18.3;17.9;17.6
2024-04-03 11:52:47;20.8;18.9;25.6;42.0;64.4;72.0;21.5 °C;17.4;17.8;18.3;17.9;17.6
2024-04-03 12:02:50;20.8;18.9;25.6;42.0;64.4;72.0;21.8 °C;17.6;17.8;18.3;17.9;17.6
2024-04-03 12:12:45;20.8;18.9;25.6;42.0;64.4;72.0;22.1 °C;17.6;17.8;18.2;17.9;17.6
2024-04-03 12:22:46;20.9;18.9;25.6;42.0;64.4;72.1;22.4 °C;17.7;17.8;18.2;17.9;17.6
2024-04-03 12:32:47;20.9;18.9;25.6;42.0;64.4;72.1;22.7 °C;17.8;17.8;18.2;17.8;17.6
2024-04-03 12:42:46;20.9;18.9;25.6;42.0;64.4;72.1;22.9 °C;17.9;17.8;18.2;17.8;17.6
2024-04-03 12:52:48;20.9;18.9;25.6;42.1;64.4;72.1;23.2 °C;18;17.8;18.1;17.8;17.6
2024-04-03 13:02:45;20.9;18.9;25.6;42.0;64.4;72.1;23.6 °C;18.1;17.8;18.1;17.8;17.6
2024-04-03 13:12:46;21.0;18.9;25.7;42.0;64.4;72.1;23.9 °C;18.2;17.8;18.1;17.8;17.6
2024-04-03 13:22:48;21.0;19.0;25.7;42.1;64.4;72.1;24.2 °C;18.3;17.8;18.1;17.8;17.6
2024-04-03 13:32:48;21.0;19.0;25.7;42.1;64.4;72.1;24.4 °C;18.4;17.8;18.1;17.8;17.6
2024-04-03 13:42:51;20.9;19.1;25.7;42.1;64.4;72.1;24.5 °C;18.5;17.8;18.1;17.8;17.6
2024-04-03 13:52:49;20.9;19.1;25.7;42.1;64.4;72.1;24.6 °C;18.6;17.8;18.1;17.8;17.6
2024-04-03 14:02:46;20.9;19.0;25.7;42.1;64.4;72.1;24.7 °C;18.8;17.8;18.1;17.8;17.6
2024-04-03 14:12:49;20.9;19.1;25.7;42.1;64.4;72.1;24.8 °C;18.9;17.9;18.1;17.8;17.6
2024-04-03 14:22:50;20.9;19.1;25.7;42.1;64.4;72.1;24.8 °C;19;17.9;18.1;17.8;17.6
2024-04-03 14:32:51;20.9;19.1;25.7;42.1;64.4;72.1;24.8 °C;19.1;17.9;18.1;17.8;17.6
2024-04-03 14:42:50;20.9;19.2;25.7;42.1;64.4;72.1;24.8 °C;19.3;17.9;18.1;17.8;17.6
2024-04-03 14:52:45;20.9;19.2;25.7;42.1;64.4;72.1;24.8 °C;19.4;17.9;18.1;17.8;17.6
2024-04-03 15:02:49;20.9;19.2;25.7;42.1;64.4;72.1;24.8 °C;19.5;18;18.1;17.8;17.6
2024-04-03 15:12:50;20.8;19.2;25.7;42.1;64.4;72.1;24.7 °C;19.6;18;18.1;17.8;17.6
2024-04-03 15:22:51;20.8;19.2;25.8;42.1;64.4;72.1;24.6 °C;19.7;18.1;18.1;17.8;17.6
2024-04-03 15:32:49;20.8;19.2;25.8;42.2;64.4;72.1;24.4 °C;19.8;18.1;18.1;17.7;17.6
2024-04-03 15:42:51;20.8;19.3;25.8;42.2;64.4;72.1;24.3 °C;19.9;18.1;18.1;17.7;17.6
2024-04-03 15:52:46;20.8;19.3;25.8;42.2;64.4;72.1;24.1 °C;19.9;18.2;18.1;17.7;17.6
2024-04-03 16:02:52;20.8;19.3;25.8;42.2;64.5;72.1;23.9 °C;20.1;18.3;18.1;17.7;17.5
2024-04-03 16:12:47;20.8;19.3;25.8;42.2;64.5;72.1;23.7 °C;20.1;18.3;18.1;17.7;17.5
2024-04-03 16:22:47;20.7;19.3;25.9;42.2;64.5;72.1;23.4 °C;20.2;18.3;18.1;17.7;17.5
2024-04-03 16:32:49;20.6;19.3;25.9;42.2;64.5;72.1;23.3 °C;20.2;18.4;18.1;17.7;17.5
2024-04-03 16:42:51;20.6;19.3;25.9;42.2;64.5;72.1;23.1 °C;20.3;18.4;18.1;17.7;17.5
2024-04-03 16:52:50;20.6;19.3;25.9;42.3;64.5;72.1;22.9 °C;20.3;18.4;18.1;17.7;17.5
2024-04-03 17:02:47;20.6;19.3;25.9;42.3;64.5;72.1;22.9 °C;20.3;18.5;18.1;17.7;17.5
2024-04-03 17:12:47;20.6;19.3;25.9;42.3;64.5;72.1;22.7 °C;20.3;18.5;18.1;17.7;17.5
2024-04-03 17:22:46;20.6;19.4;25.9;42.3;64.5;72.1;22.6 °C;20.4;18.6;18.1;17.7;17.5
2024-04-03 17:32:51;20.6;19.4;25.9;42.3;64.5;72.1;22.4 °C;20.4;18.6;18.2;17.7;17.5
2024-04-03 17:42:51;20.6;19.4;26.0;42.3;64.5;72.1;22.4 °C;20.4;18.6;18.2;17.7;17.5
2024-04-03 17:52:50;20.5;19.4;26.0;42.3;64.6;72.1;22.4 °C;20.4;18.7;18.2;17.7;17.5
2024-04-03 18:02:47;20.5;19.4;26.0;42.3;64.6;72.1;22.4 °C;20.4;18.8;18.2;17.7;17.5
2024-04-03 18:12:46;20.5;19.4;26.0;42.3;64.6;72.1;22.4 °C;20.4;18.8;18.2;17.7;17.5
2024-04-03 18:22:44;20.5;19.4;26.0;42.3;64.6;72.1;22.3 °C;20.4;18.8;18.3;17.7;17.5
2024-04-03 18:32:48;20.5;19.4;26.0;42.3;64.6;72.1;22.3 °C;20.4;18.8;18.3;17.7;17.5
2024-04-03 18:42:44;20.6;19.4;26.1;42.4;64.6;72.1;22.2 °C;20.4;18.9;18.3;17.7;17.5
2024-04-03 18:52:45;20.6;19.4;26.1;42.4;64.6;72.2;22.1 °C;20.4;18.9;18.3;17.7;17.5
2024-04-03 19:02:46;20.5;19.4;26.1;42.4;64.6;72.1;21.9 °C;20.4;18.9;18.3;17.7;17.5
2024-04-03 19:12:52;20.5;19.4;26.1;42.4;64.6;72.1;21.8 °C;20.4;18.9;18.3;17.7;17.5
2024-04-03 19:22:51;20.5;19.4;26.1;42.4;64.6;72.2;21.5 °C;20.4;19;18.3;17.7;17.5
2024-04-03 19:32:50;20.5;19.4;26.1;42.4;64.6;72.1;21.3 °C;20.4;19;18.4;17.7;17.5
2024-04-03 19:42:48;20.5;19.4;26.1;42.4;64.6;72.2;20.9 °C;20.4;19;18.4;17.7;17.5
2024-04-03 19:52:49;20.5;19.4;26.1;42.4;64.7;72.2;20.7 °C;20.4;19.1;18.4;17.7;17.5
2024-04-03 20:02:50;20.5;19.4;26.1;42.4;64.7;72.2;20.4 °C;20.4;19.1;18.4;17.7;17.5
2024-04-03 20:12:44;20.4;19.4;26.2;42.5;64.7;72.2;20.1 °C;20.3;19.1;18.4;17.8;17.5
2024-04-03 20:22:48;20.4;19.4;26.1;42.5;64.7;72.2;19.8 °C;20.3;19.1;18.4;17.8;17.5
2024-04-03 20:32:48;20.4;19.5;26.2;42.5;64.7;72.2;19.5 °C;20.3;19.1;18.4;17.8;17.5
2024-04-03 20:42:49;20.4;19.5;26.2;42.5;64.7;72.2;19.3 °C;20.2;19.1;18.4;17.8;17.5
2024-04-03 20:52:46;20.4;19.4;26.2;42.5;64.7;72.2;19 °C;20.2;19.2;18.5;17.8;17.5
2024-04-03 21:02:51;20.4;19.4;26.2;42.5;64.7;72.2;18.8 °C;20.1;19.2;18.5;17.8;17.5
2024-04-03 21:12:46;20.3;19.5;26.2;42.5;64.7;72.2;18.5 °C;20.1;19.2;18.5;17.8;17.5
2024-04-03 21:22:45;20.3;19.4;26.2;42.5;64.7;72.2;18.3 °C;20;19.2;18.5;17.8;17.5
2024-04-03 21:32:46;20.3;19.4;26.2;42.5;64.7;72.2;18.1 °C;19.9;19.2;18.6;17.8;17.5
2024-04-03 21:42:51;20.3;19.5;26.2;42.5;64.7;72.2;17.9 °C;19.9;19.2;18.6;17.8;17.5
2024-04-03 21:52:51;20.3;19.5;26.2;42.5;64.8;72.2;17.7 °C;19.8;19.2;18.6;17.8;17.5
2024-04-03 22:02:51;20.3;19.4;26.2;42.6;64.8;72.2;17.5 °C;19.8;19.2;18.6;17.8;17.5
2024-04-03 22:12:49;20.3;19.5;26.3;42.6;64.8;72.2;17.3 °C;19.7;19.2;18.6;17.8;17.5
2024-04-03 22:22:51;20.3;19.5;26.3;42.6;64.8;72.2;17.1 °C;19.6;19.2;18.6;17.8;17.5
2024-04-03 22:32:46;20.3;19.4;26.3;42.6;64.8;72.2;16.9 °C;19.6;19.2;18.6;17.8;17.5
2024-04-03 22:42:45;20.2;19.5;26.3;42.6;64.8;72.2;16.8 °C;19.5;19.2;18.6;17.8;17.5
2024-04-03 22:52:49;20.2;19.5;26.3;42.6;64.8;72.2;16.6 °C;19.4;19.2;18.6;17.8;17.5
2024-04-03 23:02:51;20.2;19.4;26.3;42.6;64.8;72.2;16.4 °C;19.4;19.2;18.6;17.8;17.5
2024-04-03 23:12:51;20.2;19.5;26.3;42.6;64.8;72.2;16.3 °C;19.3;19.2;18.6;17.8;17.5
2024-04-03 23:22:49;20.2;19.5;26.3;42.6;64.8;72.2;16.2 °C;19.3;19.2;18.6;17.8;17.5
2024-04-03 23:32:51;20.2;19.5;26.3;42.7;64.8;72.2;16 °C;19.1;19.2;18.6;17.9;17.5
2024-04-03 23:42:46;20.2;19.4;26.3;42.7;64.8;72.2;15.9 °C;19.1;19.2;18.7;17.9;17.5
2024-04-03 23:52:45;20.2;19.4;26.3;42.7;64.8;72.2;15.8 °C;19;19.1;18.7;17.9;17.5
2024-04-04 00:02:49;20.1;19.4;26.3;42.7;64.8;72.2;15.6 °C;18.9;19.1;18.7;17.9;17.5
2024-04-04 00:12:51;20.1;19.4;26.3;42.7;64.9;72.2;15.5 °C;18.9;19.1;18.7;17.9;17.5
2024-04-04 00:22:50;20.1;19.4;26.3;42.7;64.9;72.3;15.4 °C;18.8;19.1;18.7;17.9;17.6
2024-04-04 00:32:49;20.1;19.4;26.3;42.7;64.9;72.3;15.2 °C;18.8;19.1;18.7;17.9;17.6
2024-04-04 00:42:50;20.1;19.5;26.3;42.7;64.9;72.3;15.1 °C;18.7;19.1;18.7;17.9;17.6
2024-04-04 00:52:44;20.1;19.4;26.3;42.7;64.9;72.3;14.9 °C;18.6;19.1;18.7;17.9;17.6
2024-04-04 01:02:49;20.1;19.4;26.3;42.7;64.9;72.3;14.8 °C;18.6;19.1;18.7;17.9;17.6
2024-04-04 01:12:49;20.1;19.4;26.3;42.8;64.9;72.3;14.7 °C;18.5;19;18.7;17.9;17.6
2024-04-04 01:22:51;20.1;19.4;26.3;42.7;64.9;72.3;14.6 °C;18.4;19;18.7;17.9;17.6
2024-04-04 01:32:50;20.1;19.4;26.3;42.8;64.9;72.3;14.4 °C;18.4;19;18.7;17.9;17.6
2024-04-04 01:42:45;20.1;19.4;26.3;42.8;64.9;72.3;14.3 °C;18.3;18.9;18.7;17.9;17.6
2024-04-04 01:52:50;20.1;19.4;26.3;42.8;64.9;72.3;14.2 °C;18.2;18.9;18.7;17.9;17.6
2024-04-04 02:02:44;20.1;19.4;26.3;42.8;64.9;72.3;14.1 °C;18.1;18.9;18.7;17.9;17.6
2024-04-04 02:12:49;20.1;19.4;26.3;42.8;64.9;72.3;13.9 °C;18.1;18.9;18.7;17.9;17.6
2024-04-04 02:22:45;20.1;19.4;26.3;42.8;64.9;72.3;13.8 °C;18;18.9;18.7;17.9;17.6
2024-04-04 02:32:51;20.1;19.4;26.3;42.8;65.0;72.3;13.8 °C;17.9;18.8;18.7;17.9;17.6
2024-04-04 02:42:51;20.1;19.4;26.3;42.8;64.9;72.3;13.6 °C;17.9;18.8;18.7;17.9;17.6
2024-04-04 02:52:45;20.1;19.4;26.3;42.8;65.0;72.3;13.6 °C;17.8;18.8;18.7;17.9;17.6
2024-04-04 03:02:47;20.1;19.4;26.3;42.8;65.0;72.3;13.4 °C;17.8;18.8;18.7;17.9;17.6
2024-04-04 03:12:46;20.1;19.4;26.3;42.8;65.0;72.3;13.4 °C;17.7;18.8;18.7;17.9;17.6
2024-04-04 03:22:45;20.0;19.4;26.4;42.8;65.0;72.3;13.3 °C;17.6;18.7;18.6;17.9;17.6
2024-04-04 03:32:46;20.1;19.4;26.4;42.8;65.0;72.3;13.3 °C;17.6;18.7;18.6;17.9;17.6
2024-04-04 03:42:49;20.1;19.4;26.4;42.8;65.0;72.3;13.1 °C;17.5;18.6;18.6;17.9;17.6
2024-04-04 03:52:46;20.0;19.4;26.4;42.8;65.0;72.3;13.1 °C;17.4;18.6;18.6;17.9;17.6
2024-04-04 04:02:48;20.0;19.4;26.3;42.8;65.0;72.3;12.9 °C;17.4;18.6;18.6;17.9;17.6
2024-04-04 04:12:44;20.1;19.4;26.4;42.8;65.0;72.3;12.9 °C;17.3;18.6;18.6;17.9;17.6
2024-04-04 04:22:48;20.1;19.4;26.4;42.8;65.0;72.3;12.8 °C;17.3;18.5;18.6;17.9;17.6
2024-04-04 04:32:45;20.1;19.4;26.4;42.8;65;72.3;12.8 °C;17.2;18.5;18.6;17.9;17.6
2024-04-04 04:42:51;20.1;19.4;26.4;42.8;65.0;72.3;12.7 °C;17.1;18.5;18.6;17.9;17.6
2024-04-04 04:52:51;20.1;19.4;26.4;42.8;65.0;72.3;12.6 °C;17.1;18.4;18.6;17.9;17.6
2024-04-04 05:02:47;20.1;19.4;26.4;42.8;65;72.3;12.6 °C;17;18.4;18.6;17.9;17.6
2024-04-04 05:12:50;20.0;19.4;26.4;42.8;65.0;72.3;12.5 °C;16.9;18.4;18.6;17.9;17.6
2024-04-04 05:22:44;20.1;19.4;26.4;42.8;65.0;72.3;12.4 °C;16.9;18.3;18.6;17.9;17.6
2024-04-04 05:32:49;20.1;19.4;26.4;42.8;65;72.3;12.4 °C;16.9;18.3;18.6;17.9;17.6
2024-04-04 05:42:47;20.0;19.4;26.4;42.8;65.0;72.3;12.4 °C;16.8;18.3;18.5;17.9;17.6
2024-04-04 05:52:46;20.0;19.4;26.4;42.9;65;72.3;12.3 °C;16.8;18.3;18.5;17.9;17.6
2024-04-04 06:02:48;20.1;19.4;26.4;42.9;65.0;72.3;12.3 °C;16.7;18.3;18.5;17.9;17.6
2024-04-04 06:12:48;20.1;19.4;26.4;42.9;65;72.3;12.3 °C;16.6;18.2;18.5;17.9;17.6
2024-04-04 06:22:44;20.1;19.4;26.4;42.9;65;72.3;12.3 °C;16.6;18.2;18.5;17.9;17.6
2024-04-04 06:32:44;20.1;19.4;26.4;42.9;65;72.4;12.3 °C;16.6;18.1;18.4;17.9;17.6
2024-04-04 06:42:49;20.1;19.4;26.4;42.9;65.0;72.4;12.3 °C;16.5;18.1;18.4;17.9;17.6
2024-04-04 06:52:51;20.1;19.4;26.4;42.8;65;72.4;12.2 °C;16.4;18.1;18.4;17.9;17.6
2024-04-04 07:02:51;20.1;19.4;26.4;42.9;65.0;72.4;12.2 °C;16.4;18.1;18.4;17.9;17.6
2024-04-04 07:12:50;20.1;19.4;26.4;42.9;65.0;72.4;12.2 °C;16.3;18;18.4;17.9;17.6
2024-04-04 07:22:44;20.1;19.4;26.4;42.9;65;72.4;12.3 °C;16.3;17.9;18.4;17.9;17.6
2024-04-04 07:32:49;20.1;19.4;26.4;42.9;65.0;72.4;12.4 °C;16.3;17.9;18.4;17.9;17.6
2024-04-04 07:42:50;20.1;19.4;26.4;42.9;65;72.4;12.6 °C;16.2;17.9;18.4;17.9;17.6
2024-04-04 07:52:44;20.2;19.4;26.4;42.8;65.0;72.4;12.8 °C;16.2;17.9;18.4;17.9;17.6
2024-04-04 08:02:44;20.2;19.4;26.4;42.9;65.0;72.4;13.1 °C;16.1;17.8;18.3;17.9;17.6
2024-04-04 08:12:49;20.2;19.4;26.4;42.9;65.0;72.4;13.5 °C;16.1;17.8;18.3;17.9;17.6
2024-04-04 08:22:51;20.2;19.4;26.4;42.9;65.0;72.4;13.9 °C;16.1;17.8;18.3;17.9;17.6
2024-04-04 08:32:49;20.3;19.4;26.4;42.9;65.0;72.4;14.4 °C;16;17.8;18.3;17.9;17.6
2024-04-04 08:42:48;20.3;19.4;26.4;42.9;65.0;72.4;14.8 °C;16;17.8;18.3;17.9;17.6
2024-04-04 08:52:48;20.3;19.4;26.4;42.9;65.0;72.4;15.3 °C;16;17.7;18.3;17.9;17.6
2024-04-04 09:02:49;20.4;19.4;26.4;42.9;65.0;72.4;15.8 °C;16;17.7;18.3;17.9;17.6
2024-04-04 09:12:50;20.4;19.4;26.4;42.9;65.0;72.4;16.3 °C;16;17.6;18.3;17.9;17.6
2024-04-04 09:22:45;20.5;19.4;26.4;42.9;65.0;72.4;16.8 °C;16;17.6;18.2;17.9;17.6
2024-04-04 09:32:51;20.4;19.4;26.4;42.8;65.0;72.4;17.2 °C;16;17.6;18.2;17.9;17.6
2024-04-04 09:42:47;20.5;19.4;26.4;42.8;64.9;72.4;17.6 °C;16.1;17.6;18.2;17.9;17.6
2024-04-04 09:52:47;20.5;19.4;26.4;42.9;65.0;72.4;18 °C;16.1;17.5;18.2;17.8;17.6
2024-04-04 10:02:49;20.6;19.4;26.4;42.9;65.0;72.4;18.4 °C;16.1;17.5;18.1;17.8;17.6
2024-04-04 10:12:44;20.6;19.5;26.4;42.9;65.0;72.4;18.9 °C;16.2;17.5;18.1;17.8;17.6
2024-04-04 10:22:44;20.6;19.5;26.4;42.9;64.9;72.4;19.3 °C;16.2;17.4;18.1;17.8;17.6
2024-04-04 10:32:45;20.6;19.5;26.4;42.9;64.9;72.4;19.7 °C;16.3;17.4;18.1;17.8;17.6
2024-04-04 10:42:51;20.7;19.5;26.4;42.9;64.9;72.4;20.1 °C;16.3;17.4;18.1;17.8;17.6
2024-04-04 10:52:51;20.7;19.5;26.4;42.9;64.9;72.4;20.5 °C;16.4;17.4;18.1;17.8;17.6
2024-04-04 11:02:51;20.8;19.5;26.4;42.9;64.9;72.4;20.6 °C;16.4;17.4;18.1;17.8;17.6
2024-04-04 11:12:50;20.8;19.5;26.4;42.9;64.9;72.4;20.6 °C;16.6;17.4;18;17.8;17.6
2024-04-04 11:22:45;20.8;19.5;26.4;42.9;64.9;72.4;20.6 °C;16.6;17.4;18;17.8;17.6
2024-04-04 11:32:51;20.8;19.5;26.4;42.9;64.9;72.4;20.8 °C;16.8;17.4;18;17.8;17.6
2024-04-04 11:42:46;20.8;19.6;26.4;42.9;65.0;72.4;21.3 °C;16.8;17.3;18;17.8;17.6
2024-04-04 11:52:44;20.9;19.6;26.4;42.9;64.9;72.4;21.8 °C;16.9;17.3;18;17.8;17.6
2024-04-04 12:02:46;20.9;19.6;26.4;42.9;64.9;72.4;22.3 °C;17;17.3;17.9;17.8;17.6
2024-04-04 12:12:44;20.9;19.6;26.4;42.9;64.9;72.4;22.9 °C;17.1;17.3;17.9;17.8;17.6
2024-04-04 12:22:45;21.0;19.6;26.5;42.9;64.9;72.4;23.5 °C;17.2;17.3;17.9;17.8;17.6
2024-04-04 12:32:46;21.0;19.6;26.5;42.9;64.9;72.4;24.1 °C;17.3;17.3;17.9;17.8;17.6
2024-04-04 12:42:50;21.1;19.6;26.5;42.9;64.9;72.4;24.6 °C;17.4;17.3;17.9;17.8;17.6
2024-04-04 12:52:48;21.1;19.7;26.5;42.9;64.9;72.4;25.1 °C;17.5;17.3;17.9;17.7;17.6
2024-04-04 13:02:44;21.2;19.7;26.5;42.9;64.9;72.4;25.6 °C;17.6;17.4;17.9;17.7;17.6
2024-04-04 13:12:46;21.2;19.7;26.5;42.9;64.9;72.4;26 °C;17.8;17.4;17.9;17.7;17.6
2024-04-04 13:22:45;21.3;19.7;26.5;42.9;64.9;72.4;26.5 °C;17.9;17.4;17.9;17.7;17.6
2024-04-04 13:32:51;21.3;19.7;26.5;42.9;64.9;72.4;26.8 °C;18;17.4;17.9;17.7;17.6
2024-04-04 13:42:50;21.4;19.7;26.5;42.9;64.9;72.4;27.2 °C;18.2;17.4;17.9;17.7;17.6
2024-04-04 13:52:48;21.4;19.7;26.5;42.9;64.9;72.4;27.6 °C;18.4;17.4;17.8;17.7;17.6
2024-04-04 14:02:45;21.4;19.8;26.5;42.9;64.9;72.4;27.8 °C;18.5;17.4;17.8;17.7;17.6
2024-04-04 14:12:44;21.4;19.8;26.5;42.9;64.9;72.4;28.1 °C;18.7;17.5;17.8;17.6;17.6
2024-04-04 14:22:48;21.5;19.8;26.5;42.9;64.9;72.4;28.3 °C;18.9;17.5;17.8;17.6;17.6
2024-04-04 14:32:49;21.5;19.9;26.5;42.9;64.9;72.4;28.4 °C;19.1;17.6;17.8;17.6;17.6
2024-04-04 14:42:46;21.5;19.9;26.5;42.9;64.9;72.4;28.7 °C;19.3;17.6;17.8;17.6;17.6
2024-04-04 14:52:49;21.5;19.9;26.5;42.9;64.9;72.4;28.9 °C;19.4;17.6;17.8;17.6;17.6
2024-04-04 15:02:51;21.5;19.9;26.5;42.9;64.9;72.4;29.2 °C;19.6;17.7;17.8;17.6;17.6
2024-04-04 15:12:47;21.5;19.9;26.6;42.9;64.9;72.4;29.4 °C;19.8;17.7;17.8;17.6;17.6
2024-04-04 15:22:50;21.6;20.0;26.6;42.9;64.9;72.4;29.6 °C;19.9;17.8;17.8;17.6;17.6
2024-04-04 15:32:45;21.6;20.0;26.6;42.9;64.9;72.4;29.9 °C;20.1;17.8;17.8;17.6;17.6
2024-04-04 15:42:44;21.6;20.0;26.6;42.9;64.9;72.4;30.2 °C;20.3;17.9;17.8;17.6;17.6
2024-04-04 15:52:44;21.7;20.0;26.6;43.0;64.9;72.4;30.4 °C;20.4;17.9;17.8;17.6;17.6
2024-04-04 16:02:48;21.6;20.1;26.6;43.0;65.0;72.4;30.5 °C;20.6;18;17.9;17.6;17.6
2024-04-04 16:12:45;21.6;20.1;26.6;43.0;65.0;72.4;30.6 °C;20.8;18.1;17.9;17.6;17.5
2024-04-04 16:22:48;21.6;20.1;26.6;43.0;65.0;72.4;30.7 °C;20.9;18.1;17.9;17.6;17.5
2024-04-04 16:32:45;21.7;20.1;26.6;43.0;65.0;72.4;30.7 °C;21.1;18.2;17.9;17.6;17.5
2024-04-04 16:42:51;21.6;20.2;26.6;43.0;65.0;72.4;30.7 °C;21.2;18.3;17.9;17.6;17.5
2024-04-04 16:52:51;21.6;20.2;26.6;43.0;65.0;72.4;30.6 °C;21.4;18.3;17.9;17.6;17.5
2024-04-04 17:02:47;21.6;20.2;26.7;43.0;65.0;72.4;30.6 °C;21.5;18.4;17.9;17.6;17.5
2024-04-04 17:12:51;21.6;20.2;26.7;43.0;65.0;72.4;30.6 °C;21.6;18.4;17.9;17.6;17.5
2024-04-04 17:22:46;21.5;20.2;26.7;43.0;65.0;72.4;30.4 °C;21.8;18.5;17.9;17.6;17.5
2024-04-04 17:32:46;21.4;20.2;26.7;43.0;65;72.4;29.9 °C;21.9;18.6;18;17.6;17.5
2024-04-04 17:42:49;21.4;20.3;26.7;43.0;65;72.4;29.4 °C;21.9;18.7;18;17.6;17.5
2024-04-04 17:52:51;21.3;20.3;26.7;43.0;65;72.4;28.9 °C;22.1;18.8;18;17.6;17.5
2024-04-04 18:02:50;21.3;20.3;26.8;43.1;65;72.4;28.4 °C;22.1;18.8;18.1;17.6;17.5
2024-04-04 18:12:49;21.2;20.3;26.8;43.1;65;72.4;27.9 °C;22.3;18.9;18.1;17.6;17.5
2024-04-04 18:22:43;21.2;20.3;26.8;43.1;65.0;72.4;27.5 °C;22.3;18.9;18.1;17.6;17.5
2024-04-04 18:32:48;21.1;20.3;26.8;43.1;65.0;72.4;27.1 °C;22.3;19;18.1;17.6;17.5
2024-04-04 18:42:49;21.1;20.3;26.8;43.1;65.0;72.4;26.8 °C;22.4;19.1;18.1;17.6;17.5
2024-04-04 18:52:51;21.1;20.4;26.8;43.1;65.0;72.4;26.6 °C;22.4;19.2;18.2;17.6;17.5
2024-04-04 19:02:51;21.0;20.4;26.8;43.1;65.0;72.4;26.3 °C;22.4;19.3;18.2;17.6;17.5
2024-04-04 19:12:46;21.1;20.4;26.9;43.1;65.0;72.4;25.9 °C;22.4;19.3;18.3;17.6;17.5
2024-04-04 19:22:45;21.0;20.4;26.9;43.1;65.1;72.4;25.6 °C;22.4;19.4;18.3;17.6;17.5
2024-04-04 19:32:43;21.0;20.4;26.9;43.2;65.0;72.4;25.2 °C;22.4;19.4;18.3;17.6;17.5
2024-04-04 19:42:47;20.9;20.4;26.9;43.2;65.1;72.4;24.8 °C;22.4;19.4;18.3;17.6;17.5
2024-04-04 19:52:44;20.9;20.4;26.9;43.2;65.1;72.4;24.4 °C;22.4;19.5;18.4;17.6;17.5
2024-04-04 20:02:44;20.9;20.4;26.9;43.2;65.1;72.4;24.1 °C;22.4;19.6;18.4;17.6;17.5
2024-04-04 20:12:46;20.8;20.4;26.9;43.2;65.1;72.4;23.8 °C;22.3;19.6;18.4;17.7;17.5
2024-04-04 20:22:44;20.8;20.4;27.0;43.2;65.1;72.4;23.4 °C;22.3;19.7;18.4;17.7;17.5
2024-04-04 20:32:46;20.8;20.4;26.9;43.2;65.1;72.4;23 °C;22.3;19.8;18.5;17.7;17.5
2024-04-04 20:42:50;20.8;20.4;27.0;43.3;65.1;72.4;22.7 °C;22.2;19.8;18.5;17.7;17.5
2024-04-04 20:52:48;20.8;20.4;27.0;43.2;65.1;72.4;22.3 °C;22.1;19.8;18.6;17.7;17.5
2024-04-04 21:02:46;20.7;20.4;27;43.3;65.1;72.4;22 °C;22.1;19.9;18.6;17.7;17.5
2024-04-04 21:12:49;20.7;20.4;27;43.3;65.1;72.4;21.7 °C;22;19.9;18.6;17.8;17.5
2024-04-04 21:22:43;20.7;20.4;27.0;43.3;65.2;72.4;21.4 °C;21.9;19.9;18.6;17.8;17.5
2024-04-04 21:32:47;20.6;20.4;27.0;43.3;65.2;72.5;21.1 °C;21.9;19.9;18.7;17.8;17.5
2024-04-04 21:42:43;20.6;20.4;27.0;43.3;65.2;72.5;20.8 °C;21.8;20;18.7;17.8;17.5
2024-04-04 21:52:48;20.6;20.4;27.1;43.3;65.2;72.4;20.6 °C;21.8;20;18.8;17.8;17.5
2024-04-04 22:02:44;20.6;20.3;27.1;43.3;65.2;72.4;20.3 °C;21.7;20;18.8;17.8;17.5
2024-04-04 22:12:49;20.6;20.3;27.1;43.3;65.2;72.5;20.1 °C;21.6;20;18.8;17.8;17.5
2024-04-04 22:22:47;20.6;20.3;27.1;43.4;65.2;72.5;19.8 °C;21.5;20.1;18.8;17.8;17.5
2024-04-04 22:32:48;20.6;20.3;27.1;43.4;65.2;72.5;19.6 °C;21.4;20.1;18.8;17.8;17.5
2024-04-04 22:42:46;20.6;20.3;27.1;43.4;65.2;72.5;19.4 °C;21.3;20.1;18.9;17.8;17.5
2024-04-04 22:52:44;20.6;20.3;27.1;43.4;65.2;72.5;19.2 °C;21.3;20.1;18.9;17.9;17.5
2024-04-04 23:02:50;20.5;20.3;27.1;43.4;65.2;72.5;19 °C;21.2;20.1;18.9;17.9;17.5
2024-04-04 23:12:45;20.5;20.3;27.1;43.4;65.2;72.5;18.8 °C;21.1;20.1;18.9;17.9;17.6
2024-04-04 23:22:47;20.5;20.3;27.1;43.4;65.3;72.5;18.6 °C;21;20.1;18.9;17.9;17.6
2024-04-04 23:32:43;20.5;20.3;27.1;43.4;65.3;72.5;18.4 °C;20.9;20.1;18.9;17.9;17.6
2024-04-04 23:42:47;20.5;20.3;27.1;43.4;65.3;72.5;18.3 °C;20.9;20.1;19;17.9;17.6
2024-04-04 23:52:43;20.5;20.3;27.1;43.4;65.3;72.5;18.1 °C;20.8;20.1;19;17.9;17.6
2024-04-05 00:02:47;20.5;20.3;27.1;43.5;65.3;72.5;17.9 °C;20.7;20.1;19;17.9;17.6
2024-04-05 00:12:44;20.5;20.3;27.1;43.5;65.3;72.5;17.7 °C;20.6;20.1;19.1;17.9;17.6
2024-04-05 00:22:49;20.4;20.3;27.1;43.5;65.3;72.5;17.6 °C;20.6;20.1;19.1;18;17.6
2024-04-05 00:32:47;20.4;20.3;27.1;43.5;65.3;72.5;17.4 °C;20.4;20.1;19.1;18;17.6
2024-04-05 00:42:48;20.4;20.3;27.1;43.5;65.3;72.5;17.2 °C;20.4;20;19.1;18;17.6
2024-04-05 00:52:45;20.4;20.3;27.1;43.5;65.3;72.5;17.1 °C;20.3;20;19.1;18;17.6
2024-04-05 01:02:44;20.4;20.3;27.1;43.5;65.3;72.5;16.9 °C;20.2;20;19.1;18;17.6
2024-04-05 01:12:49;20.4;20.2;27.2;43.6;65.3;72.5;16.8 °C;20.1;20;19.1;18;17.6
2024-04-05 01:22:43;20.4;20.3;27.2;43.6;65.3;72.5;16.6 °C;20.1;19.9;19.1;18.1;17.6
2024-04-05 01:32:43;20.3;20.3;27.2;43.6;65.3;72.5;16.5 °C;20;19.9;19.1;18.1;17.6
2024-04-05 01:42:43;20.3;20.2;27.2;43.6;65.4;72.5;16.4 °C;19.9;19.9;19.1;18.1;17.6
2024-04-05 01:52:47;20.3;20.2;27.1;43.6;65.4;72.5;16.3 °C;19.8;19.9;19.1;18.1;17.6
2024-04-05 02:02:43;20.4;20.2;27.2;43.6;65.4;72.5;16.1 °C;19.8;19.9;19.1;18.1;17.6
2024-04-05 02:12:43;20.4;20.2;27.2;43.6;65.4;72.5;16 °C;19.7;19.9;19.1;18.1;17.6
2024-04-05 02:22:44;20.4;20.2;27.2;43.6;65.4;72.5;15.9 °C;19.6;19.9;19.2;18.1;17.6
2024-04-05 02:32:49;20.3;20.2;27.2;43.6;65.4;72.5;15.8 °C;19.5;19.8;19.2;18.1;17.6
2024-04-05 02:42:48;20.3;20.2;27.2;43.6;65.4;72.5;15.7 °C;19.4;19.8;19.2;18.1;17.6
2024-04-05 02:52:44;20.3;20.2;27.2;43.7;65.4;72.6;15.6 °C;19.4;19.8;19.2;18.1;17.7
2024-04-05 03:02:46;20.3;20.2;27.2;43.6;65.4;72.6;15.5 °C;19.3;19.8;19.2;18.1;17.7
2024-04-05 03:12:45;20.3;20.2;27.2;43.7;65.4;72.6;15.4 °C;19.3;19.7;19.2;18.1;17.7
2024-04-05 03:22:44;20.3;20.2;27.2;43.7;65.4;72.6;15.3 °C;19.2;19.7;19.2;18.2;17.7
2024-04-05 03:32:45;20.3;20.2;27.2;43.7;65.4;72.6;15.2 °C;19.1;19.7;19.2;18.2;17.7
2024-04-05 03:42:47;20.3;20.2;27.2;43.7;65.4;72.6;15.1 °C;19;19.6;19.2;18.2;17.7
2024-04-05 03:52:43;20.3;20.2;27.2;43.7;65.4;72.6;15 °C;18.9;19.6;19.2;18.2;17.7
2024-04-05 04:02:44;20.3;20.2;27.2;43.7;65.4;72.6;14.9 °C;18.9;19.6;19.2;18.2;17.7
2024-04-05 04:12:44;20.3;20.2;27.2;43.7;65.5;72.6;14.8 °C;18.8;19.6;19.1;18.2;17.7
2024-04-05 04:22:50;20.3;20.2;27.2;43.7;65.5;72.6;14.7 °C;18.8;19.5;19.1;18.2;17.7
2024-04-05 04:32:49;20.3;20.2;27.2;43.7;65.5;72.6;14.6 °C;18.7;19.5;19.1;18.2;17.8
2024-04-05 04:42:49;20.3;20.2;27.2;43.7;65.5;72.6;14.5 °C;18.6;19.4;19.1;18.2;17.8
2024-04-05 04:52:46;20.3;20.2;27.2;43.7;65.5;72.6;14.4 °C;18.6;19.4;19.1;18.2;17.8
2024-04-05 05:02:46;20.3;20.2;27.1;43.7;65.5;72.6;14.3 °C;18.5;19.4;19.1;18.2;17.8
2024-04-05 05:12:45;20.3;20.2;27.1;43.7;65.5;72.6;14.3 °C;18.4;19.4;19.1;18.2;17.8
2024-04-05 05:22:44;20.3;20.2;27.2;43.7;65.5;72.6;14.1 °C;18.4;19.3;19.1;18.3;17.8
2024-04-05 05:32:45;20.2;20.2;27.2;43.7;65.5;72.6;14.1 °C;18.3;19.3;19.1;18.3;17.8
2024-04-05 05:42:47;20.3;20.2;27.1;43.7;65.5;72.6;13.9 °C;18.3;19.3;19.1;18.3;17.8
2024-04-05 05:52:43;20.3;20.2;27.2;43.7;65.5;72.6;13.9 °C;18.2;19.3;19.1;18.3;17.8
2024-04-05 06:02:44;20.3;20.2;27.1;43.7;65.5;72.6;13.8 °C;18.1;19.2;19.1;18.3;17.8
2024-04-05 06:12:46;20.2;20.1;27.2;43.7;65.5;72.6;13.8 °C;18.1;19.2;19.1;18.3;17.8
2024-04-05 06:22:45;20.2;20.1;27.2;43.7;65.5;72.6;13.7 °C;18;19.1;19.1;18.3;17.8
2024-04-05 06:32:47;20.3;20.2;27.2;43.7;65.5;72.6;13.6 °C;17.9;19.1;19.1;18.3;17.8
2024-04-05 06:42:44;20.3;20.1;27.1;43.7;65.5;72.6;13.5 °C;17.9;19.1;19.1;18.3;17.8
2024-04-05 06:52:44;20.3;20.1;27.2;43.7;65.5;72.6;13.4 °C;17.8;19.1;19;18.3;17.8
2024-04-05 07:02:46;20.3;20.1;27.1;43.7;65.5;72.6;13.4 °C;17.8;19;19;18.3;17.8
2024-04-05 07:12:45;20.3;20.1;27.1;43.7;65.5;72.6;13.4 °C;17.7;19;19;18.3;17.8
2024-04-05 07:22:48;20.3;20.1;27.2;43.7;65.5;72.6;13.5 °C;17.6;18.9;19;18.3;17.8
2024-04-05 07:32:45;20.3;20.2;27.2;43.7;65.5;72.6;13.6 °C;17.6;18.9;19;18.3;17.8
2024-04-05 07:42:47;20.3;20.1;27.2;43.7;65.5;72.6;13.8 °C;17.5;18.9;19;18.3;17.8
2024-04-05 07:52:43;20.3;20.1;27.2;43.7;65.5;72.6;14 °C;17.4;18.9;18.9;18.3;17.8
2024-04-05 08:02:48;20.4;20.1;27.1;43.7;65.5;72.6;14.4 °C;17.4;18.8;18.9;18.3;17.8
2024-04-05 08:12:46;20.4;20.1;27.2;43.7;65.5;72.6;14.8 °C;17.4;18.8;18.9;18.3;17.8
2024-04-05 08:22:45;20.4;20.1;27.1;43.7;65.5;72.6;15.2 °C;17.3;18.8;18.9;18.3;17.8
2024-04-05 08:32:47;20.4;20.1;27.2;43.8;65.5;72.6;15.6 °C;17.3;18.7;18.9;18.3;17.8
2024-04-05 08:42:47;20.4;20.1;27.2;43.7;65.5;72.6;16.1 °C;17.3;18.7;18.9;18.3;17.8
2024-04-05 08:52:44;20.5;20.1;27.2;43.7;65.5;72.6;16.6 °C;17.3;18.6;18.9;18.3;17.8
2024-04-05 09:02:45;20.5;20.1;27.2;43.7;65.5;72.6;17.1 °C;17.2;18.6;18.9;18.3;17.8
2024-04-05 09:12:44;20.6;20.1;27.2;43.7;65.5;72.6;17.6 °C;17.2;18.6;18.8;18.3;17.8
2024-04-05 09:22:50;20.6;20.1;27.2;43.7;65.5;72.6;18.1 °C;17.2;18.6;18.8;18.3;17.8
2024-04-05 09:32:48;20.6;20.1;27.2;43.7;65.5;72.6;18.6 °C;17.2;18.5;18.8;18.2;17.8
2024-04-05 09:42:47;20.7;20.2;27.2;43.7;65.5;72.6;19.1 °C;17.3;18.5;18.8;18.2;17.8
2024-04-05 09:52:43;20.7;20.2;27.1;43.7;65.5;72.7;19.6 °C;17.3;18.4;18.8;18.2;17.8
2024-04-05 10:02:48;20.7;20.2;27.1;43.7;65.5;72.6;20.1 °C;17.3;18.4;18.8;18.2;17.8
2024-04-05 10:12:48;20.7;20.2;27.1;43.7;65.5;72.6;20.6 °C;17.3;18.4;18.8;18.2;17.8
2024-04-05 10:22:43;20.8;20.2;27.1;43.7;65.5;72.6;21.2 °C;17.4;18.4;18.8;18.2;17.8
2024-04-05 10:32:43;20.8;20.2;27.1;43.7;65.5;72.7;21.7 °C;17.4;18.4;18.8;18.2;17.8
2024-04-05 10:42:48;20.8;20.2;27.1;43.7;65.5;72.6;22.1 °C;17.5;18.3;18.7;18.2;17.9
2024-04-05 10:52:50;20.8;20.2;27.1;43.7;65.5;72.6;22.4 °C;17.6;18.3;18.7;18.2;17.8
2024-04-05 11:02:50;20.8;20.2;27.1;43.7;65.5;72.7;22.5 °C;17.6;18.3;18.7;18.2;17.8
2024-04-05 11:12:50;20.8;20.2;27.1;43.7;65.5;72.6;22.4 °C;17.7;18.3;18.7;18.2;17.8
2024-04-05 11:22:44;20.8;20.2;27.1;43.7;65.5;72.6;22.4 °C;17.8;18.3;18.6;18.2;17.9
2024-04-05 11:32:43;20.8;20.3;27.1;43.7;65.5;72.6;22.6 °C;17.9;18.3;18.6;18.2;17.9
2024-04-05 11:42:47;20.8;20.3;27.1;43.7;65.5;72.6;22.9 °C;17.9;18.3;18.6;18.2;17.9
2024-04-05 11:52:48;20.8;20.3;27.1;43.7;65.5;72.7;23.4 °C;18.1;18.3;18.6;18.1;17.9
2024-04-05 12:02:46;20.9;20.3;27.1;43.7;65.5;72.7;24 °C;18.1;18.3;18.6;18.1;17.9
2024-04-05 12:12:50;21.0;20.3;27.1;43.7;65.5;72.7;24.6 °C;18.3;18.3;18.6;18.1;17.9
2024-04-05 12:22:45;21.0;20.3;27.1;43.7;65.5;72.6;25.1 °C;18.3;18.3;18.6;18.1;17.9
2024-04-05 12:32:44;21.1;20.3;27.1;43.7;65.5;72.6;25.7 °C;18.4;18.3;18.6;18.1;17.8
2024-04-05 12:42:47;21.1;20.3;27.1;43.7;65.5;72.7;26.2 °C;18.5;18.3;18.6;18.1;17.9
2024-04-05 12:52:47;21.2;20.3;27.1;43.7;65.5;72.7;26.8 °C;18.6;18.3;18.5;18.1;17.8
2024-04-05 13:02:44;21.2;20.3;27.1;43.7;65.5;72.6;27.3 °C;18.8;18.3;18.5;18.1;17.8
2024-04-05 13:12:45;21.3;20.4;27.1;43.7;65.5;72.6;27.8 °C;18.9;18.3;18.5;18.1;17.8
2024-04-05 13:22:43;21.3;20.4;27.1;43.7;65.5;72.6;28.2 °C;19;18.3;18.5;18.1;17.8
2024-04-05 13:32:49;21.3;20.4;27.1;43.7;65.5;72.6;28.6 °C;19.2;18.3;18.5;18.1;17.8
2024-04-05 13:42:47;21.3;20.4;27.1;43.7;65.5;72.7;28.9 °C;19.3;18.3;18.5;18.1;17.8
2024-04-05 13:52:44;21.4;20.5;27.2;43.7;65.5;72.6;29.3 °C;19.5;18.3;18.5;18.1;17.8
2024-04-05 14:02:46;21.4;20.5;27.2;43.7;65.5;72.7;29.6 °C;19.6;18.4;18.5;18.1;17.8
2024-04-05 14:12:45;21.5;20.5;27.1;43.7;65.5;72.6;29.8 °C;19.8;18.4;18.4;18.1;17.8
2024-04-05 14:22:44;21.5;20.5;27.2;43.7;65.5;72.6;30.1 °C;20;18.4;18.4;18.1;17.8
2024-04-05 14:32:47;21.4;20.5;27.2;43.7;65.5;72.6;30.4 °C;20.2;18.4;18.4;18.1;17.8
2024-04-05 14:42:43;21.4;20.5;27.2;43.7;65.5;72.6;30.6 °C;20.4;18.5;18.4;18.1;17.8
2024-04-05 14:52:44;21.4;20.6;27.2;43.7;65.5;72.6;30.8 °C;20.5;18.5;18.4;18.1;17.8
2024-04-05 15:02:46;21.4;20.6;27.2;43.7;65.5;72.6;30.9 °C;20.7;18.6;18.4;18.1;17.8
2024-04-05 15:12:46;21.4;20.6;27.2;43.7;65.5;72.6;30.9 °C;20.9;18.6;18.4;18.1;17.8
2024-04-05 15:22:49;21.4;20.6;27.2;43.7;65.4;72.6;30.9 °C;21.1;18.6;18.4;18.1;17.8
2024-04-05 15:32:49;21.4;20.7;27.2;43.7;65.4;72.6;30.8 °C;21.2;18.7;18.4;18.1;17.8
2024-04-05 15:42:48;21.4;20.7;27.2;43.7;65.5;72.6;30.8 °C;21.4;18.8;18.4;18;17.8
2024-04-05 15:52:46;21.3;20.7;27.2;43.7;65.5;72.6;30.8 °C;21.5;18.8;18.5;18;17.8
2024-04-05 16:02:46;21.3;20.7;27.3;43.7;65.5;72.7;30.6 °C;21.6;18.9;18.5;18;17.8
2024-04-05 16:12:45;21.3;20.7;27.3;43.8;65.5;72.7;30.5 °C;21.8;18.9;18.5;18;17.8
2024-04-05 16:22:44;21.3;20.7;27.3;43.8;65.5;72.6;30.4 °C;21.9;19;18.5;18;17.8
2024-04-05 16:32:47;21.2;20.8;27.3;43.8;65.5;72.6;30.3 °C;22;19.1;18.5;18;17.8
2024-04-05 16:42:43;21.2;20.8;27.3;43.8;65.5;72.6;30.2 °C;22.1;19.1;18.6;18;17.8
2024-04-05 16:52:43;21.1;20.8;27.3;43.8;65.5;72.7;29.9 °C;22.3;19.2;18.6;18;17.8
2024-04-05 17:02:45;21.0;20.8;27.3;43.8;65.5;72.6;29.5 °C;22.3;19.3;18.6;18;17.8
2024-04-05 17:12:43;21.0;20.8;27.4;43.8;65.5;72.6;29.1 °C;22.4;19.3;18.6;18;17.8
2024-04-05 17:22:44;21.0;20.8;27.4;43.8;65.5;72.6;28.9 °C;22.5;19.4;18.6;18;17.8
2024-04-05 17:32:46;21.0;20.9;27.4;43.8;65.5;72.7;28.8 °C;22.6;19.4;18.6;18;17.8
2024-04-05 17:42:43;20.9;20.9;27.4;43.8;65.5;72.6;28.7 °C;22.6;19.5;18.6;18;17.8
2024-04-05 17:52:44;20.9;20.9;27.4;43.8;65.5;72.7;28.5 °C;22.7;19.6;18.7;18;17.8
2024-04-05 18:02:46;20.9;20.9;27.4;43.8;65.5;72.6;28.3 °C;22.8;19.6;18.7;18.1;17.8
2024-04-05 18:12:45;20.8;20.9;27.4;43.9;65.5;72.6;28.2 °C;22.8;19.7;18.7;18.1;17.8
2024-04-05 18:22:48;20.8;20.9;27.4;43.8;65.5;72.6;28 °C;22.8;19.8;18.8;18.1;17.8
2024-04-05 18:32:46;20.8;20.9;27.4;43.8;65.5;72.7;27.8 °C;22.9;19.8;18.8;18.1;17.8
2024-04-05 18:42:43;20.8;20.9;27.4;43.9;65.5;72.7;27.5 °C;22.9;19.9;18.8;18.1;17.8
2024-04-05 18:52:43;20.7;20.9;27.4;43.9;65.5;72.7;27.1 °C;22.9;19.9;18.8;18.1;17.8
2024-04-05 19:02:49;20.7;20.9;27.5;43.9;65.5;72.7;26.8 °C;22.9;20;18.8;18.1;17.8
2024-04-05 19:12:43;20.7;20.9;27.5;43.9;65.5;72.7;26.4 °C;22.9;20;18.9;18.1;17.8
2024-04-05 19:22:44;20.6;20.9;27.5;43.9;65.6;72.7;26 °C;22.9;20.1;18.9;18.1;17.8
2024-04-05 19:32:46;20.6;20.9;27.5;43.9;65.6;72.7;25.7 °C;22.9;20.1;18.9;18.1;17.8
2024-04-05 19:42:47;20.6;20.9;27.5;43.9;65.6;72.7;25.3 °C;22.9;20.2;18.9;18.1;17.8
2024-04-05 19:52:43;20.6;20.9;27.5;43.9;65.6;72.7;24.9 °C;22.9;20.3;19;18.1;17.8
2024-04-05 20:02:45;20.5;20.9;27.5;43.9;65.6;72.7;24.6 °C;22.9;20.3;19;18.1;17.8
2024-04-05 20:12:43;20.5;20.9;27.5;43.9;65.6;72.7;24.3 °C;22.8;20.3;19;18.1;17.8
2024-04-05 20:22:49;20.4;20.9;27.5;44.0;65.6;72.7;23.9 °C;22.8;20.3;19.1;18.1;17.8
2024-04-05 20:32:48;20.4;20.9;27.6;44.0;65.6;72.7;23.5 °C;22.8;20.4;19.1;18.1;17.8
2024-04-05 20:42:46;20.4;20.9;27.6;44.0;65.6;72.7;23.2 °C;22.7;20.4;19.1;18.1;17.8
2024-04-05 20:52:49;20.4;20.9;27.6;44.0;65.6;72.7;22.8 °C;22.6;20.4;19.1;18.1;17.8
2024-04-05 21:02:44;20.3;20.9;27.6;44.0;65.6;72.7;22.5 °C;22.6;20.5;19.2;18.2;17.8
2024-04-05 21:12:42;20.4;20.9;27.6;44.0;65.6;72.7;22.3 °C;22.5;20.5;19.2;18.2;17.8
2024-04-05 21:22:42;20.3;20.9;27.6;44.0;65.6;72.7;21.9 °C;22.4;20.5;19.3;18.2;17.8
2024-04-05 21:32:47;20.3;20.9;27.6;44.0;65.7;72.7;21.6 °C;22.4;20.6;19.3;18.2;17.8
2024-04-05 21:42:44;20.3;20.9;27.6;44.1;65.7;72.7;21.4 °C;22.3;20.6;19.3;18.2;17.8
2024-04-05 21:52:46;20.3;20.9;27.6;44.0;65.7;72.7;21.1 °C;22.3;20.6;19.3;18.3;17.8
2024-04-05 22:02:49;20.3;20.9;27.6;44.1;65.7;72.7;20.9 °C;22.1;20.6;19.3;18.3;17.8
2024-04-05 22:12:45;20.2;20.9;27.6;44.1;65.7;72.7;20.7 °C;22.1;20.6;19.3;18.3;17.8
2024-04-05 22:22:49;20.2;20.9;27.7;44.1;65.7;72.7;20.5 °C;22;20.6;19.4;18.3;17.8
2024-04-05 22:32:48;20.2;20.8;27.7;44.1;65.7;72.7;20.3 °C;21.9;20.6;19.4;18.3;17.9
2024-04-05 22:42:50;20.2;20.8;27.7;44.1;65.7;72.7;20.1 °C;21.8;20.6;19.4;18.3;17.9
2024-04-05 22:52:49;20.1;20.8;27.7;44.1;65.7;72.7;19.9 °C;21.8;20.6;19.4;18.3;17.9
2024-04-05 23:02:45;20.1;20.8;27.7;44.1;65.7;72.7;19.8 °C;21.7;20.6;19.4;18.3;17.9
2024-04-05 23:12:44;20.2;20.8;27.7;44.1;65.7;72.7;19.6 °C;21.6;20.6;19.4;18.3;17.9
2024-04-05 23:22:42;20.1;20.8;27.7;44.2;65.7;72.7;19.4 °C;21.5;20.6;19.5;18.3;17.9
2024-04-05 23:32:46;20.1;20.8;27.7;44.2;65.7;72.7;19.2 °C;21.4;20.6;19.5;18.4;17.9
2024-04-05 23:42:42;20.1;20.8;27.7;44.2;65.7;72.7;19 °C;21.4;20.6;19.5;18.4;17.9
2024-04-06 00:02:43;20.1;20.8;27.7;44.2;65.7;72.7;18.7 °C;21.3;20.6;19.6;18.4;17.9
2024-04-06 00:12:48;20.1;20.8;27.7;44.2;65.8;72.7;18.6 °C;21.1;20.6;19.6;18.4;17.9
2024-04-06 00:22:47;20.1;20.8;27.7;44.2;65.8;72.7;18.4 °C;21.1;20.6;19.6;18.4;17.9
2024-04-06 00:32:45;20.1;20.8;27.7;44.2;65.8;72.8;18.2 °C;21;20.6;19.6;18.4;17.9
2024-04-06 00:42:47;20.0;20.7;27.7;44.2;65.8;72.8;18.1 °C;20.9;20.6;19.6;18.4;17.9
2024-04-06 00:52:49;20.0;20.8;27.7;44.2;65.8;72.8;17.9 °C;20.8;20.6;19.6;18.4;17.9
2024-04-06 01:02:44;20.0;20.8;27.7;44.2;65.8;72.8;17.8 °C;20.8;20.6;19.6;18.4;17.9
2024-04-06 01:12:46;20.0;20.8;27.7;44.2;65.8;72.8;17.6 °C;20.7;20.5;19.6;18.4;17.9
2024-04-06 01:22:46;20.0;20.8;27.7;44.2;65.8;72.8;17.5 °C;20.6;20.5;19.6;18.5;17.9
2024-04-06 01:32:46;20.0;20.7;27.7;44.2;65.9;72.8;17.4 °C;20.6;20.5;19.6;18.5;17.9
2024-04-06 01:42:43;20.1;20.8;27.7;44.2;65.9;72.8;17.3 °C;20.4;20.4;19.6;18.5;17.9
2024-04-06 01:52:47;20;20.7;27.7;44.2;65.9;72.8;17.2 °C;20.4;20.4;19.6;18.5;17.9
2024-04-06 02:02:49;20.0;20.7;27.7;44.3;65.9;72.8;17.1 °C;20.3;20.4;19.6;18.5;17.9
2024-04-06 02:12:45;20.0;20.7;27.7;44.2;65.9;72.8;16.9 °C;20.3;20.4;19.6;18.5;18
2024-04-06 02:22:48;20.0;20.7;27.7;44.3;65.9;72.8;16.9 °C;20.2;20.4;19.6;18.5;18
2024-04-06 02:32:49;20.0;20.7;27.7;44.2;65.9;72.8;16.8 °C;20.1;20.4;19.6;18.6;18
2024-04-06 02:42:45;20.0;20.7;27.7;44.3;65.9;72.8;16.7 °C;20.1;20.3;19.6;18.6;18
2024-04-06 02:52:50;20.0;20.7;27.7;44.3;65.9;72.8;16.6 °C;20;20.3;19.6;18.6;18
2024-04-06 03:02:45;20.0;20.7;27.7;44.3;65.9;72.8;16.6 °C;19.9;20.3;19.6;18.6;18
2024-04-06 03:12:45;20.0;20.7;27.7;44.3;65.9;72.8;16.5 °C;19.8;20.3;19.6;18.6;18
2024-04-06 03:22:48;19.9;20.7;27.7;44.3;65.9;72.8;16.4 °C;19.8;20.3;19.6;18.6;18
2024-04-06 03:32:42;20.0;20.7;27.7;44.3;65.9;72.8;16.3 °C;19.7;20.2;19.6;18.6;18
2024-04-06 03:42:43;20.0;20.7;27.7;44.3;65.9;72.8;16.3 °C;19.6;20.2;19.6;18.6;18
2024-04-06 03:52:45;20.0;20.7;27.7;44.3;65.9;72.8;16.2 °C;19.6;20.1;19.6;18.6;18
2024-04-06 04:02:45;20.0;20.7;27.7;44.3;65.9;72.8;16.1 °C;19.5;20.1;19.6;18.6;18.1
2024-04-06 04:12:49;20.0;20.7;27.7;44.3;65.9;72.8;16 °C;19.4;20.1;19.6;18.6;18.1
2024-04-06 04:22:49;19.9;20.7;27.7;44.3;65.9;72.8;15.9 °C;19.4;20.1;19.6;18.6;18.1
2024-04-06 04:32:50;20.0;20.7;27.7;44.3;65.9;72.8;15.8 °C;19.3;20;19.6;18.6;18.1
2024-04-06 04:42:49;19.9;20.7;27.7;44.3;65.9;72.8;15.7 °C;19.3;20;19.6;18.6;18.1
2024-04-06 04:52:45;19.9;20.7;27.7;44.3;65.9;72.8;15.6 °C;19.2;19.9;19.6;18.6;18.1
2024-04-06 05:02:44;19.9;20.7;27.7;44.3;65.9;72.8;15.5 °C;19.1;19.9;19.6;18.6;18.1
2024-04-06 05:12:43;19.9;20.7;27.7;44.3;65.9;72.8;15.4 °C;19.1;19.9;19.6;18.6;18.1
2024-04-06 05:22:48;19.9;20.7;27.7;44.3;65.9;72.8;15.3 °C;19;19.9;19.6;18.6;18.1
2024-04-06 05:32:46;19.9;20.6;27.7;44.3;65.9;72.8;15.3 °C;19;19.9;19.6;18.6;18.1
2024-04-06 05:42:43;19.9;20.7;27.7;44.3;65.9;72.8;15.3 °C;18.9;19.8;19.6;18.6;18.1
2024-04-06 05:52:44;19.9;20.7;27.7;44.3;66.0;72.8;15.1 °C;18.9;19.8;19.6;18.6;18.1
2024-04-06 06:02:43;19.9;20.6;27.7;44.3;66.0;72.9;15.1 °C;18.8;19.8;19.6;18.6;18.1
2024-04-06 06:12:48;19.9;20.6;27.7;44.3;66.0;72.8;15.1 °C;18.8;19.8;19.6;18.6;18.1
2024-04-06 06:22:46;20.0;20.6;27.7;44.3;66.0;72.8;15 °C;18.7;19.7;19.6;18.6;18.1
2024-04-06 06:32:43;19.9;20.6;27.7;44.3;66.0;72.9;14.9 °C;18.6;19.7;19.5;18.6;18.1
2024-04-06 06:42:44;19.9;20.6;27.7;44.3;66.0;72.9;14.9 °C;18.6;19.6;19.5;18.6;18.1
2024-04-06 06:52:44;19.9;20.6;27.7;44.3;65.9;72.9;14.9 °C;18.5;19.6;19.5;18.6;18.1
2024-04-06 07:02:49;19.9;20.6;27.7;44.3;66.0;72.9;14.9 °C;18.5;19.6;19.5;18.6;18.1
2024-04-06 07:12:49;19.9;20.6;27.7;44.3;66.0;72.9;14.9 °C;18.4;19.6;19.5;18.6;18.1
2024-04-06 07:22:48;19.9;20.6;27.7;44.3;66.0;72.9;14.9 °C;18.4;19.5;19.5;18.6;18.1
2024-04-06 07:32:47;20.0;20.6;27.7;44.3;66.0;72.9;15.1 °C;18.3;19.5;19.4;18.6;18.1
2024-04-06 07:42:49;20.0;20.6;27.7;44.3;66.0;72.9;15.2 °C;18.3;19.4;19.4;18.6;18.1
2024-04-06 07:52:45;20.0;20.6;27.6;44.3;66.0;72.9;15.4 °C;18.2;19.4;19.4;18.6;18.1
2024-04-06 08:02:45;20.0;20.6;27.7;44.3;66.0;72.9;15.7 °C;18.2;19.4;19.4;18.6;18.1
2024-04-06 08:12:44;20.0;20.6;27.6;44.3;66.0;72.9;16.1 °C;18.1;19.4;19.4;18.6;18.1
2024-04-06 08:22:43;20.1;20.6;27.7;44.3;66.0;72.9;16.4 °C;18.1;19.3;19.4;18.6;18.1
2024-04-06 08:32:45;20.1;20.6;27.7;44.3;66.0;72.9;16.8 °C;18.1;19.3;19.4;18.6;18.1
2024-04-06 08:42:49;20.2;20.6;27.7;44.3;66.0;72.9;17.3 °C;18.1;19.3;19.4;18.6;18.1
2024-04-06 08:52:49;20.1;20.6;27.7;44.3;66.0;72.8;17.6 °C;18;19.3;19.4;18.6;18.2
2024-04-06 09:02:48;20.2;20.6;27.7;44.3;66.0;72.9;18.1 °C;18;19.2;19.3;18.6;18.2
2024-04-06 09:12:46;20.2;20.6;27.7;44.3;66.0;72.9;18.7 °C;18;19.2;19.3;18.6;18.2
2024-04-06 09:22:47;20.3;20.6;27.7;44.3;66.0;72.9;19.3 °C;18;19.1;19.3;18.6;18.2
2024-04-06 09:32:49;20.3;20.6;27.7;44.3;65.9;72.9;19.8 °C;18;19.1;19.3;18.6;18.2
2024-04-06 09:42:44;20.3;20.6;27.7;44.3;66.0;72.9;20.3 °C;18;19.1;19.3;18.6;18.2
2024-04-06 09:52:43;20.4;20.6;27.7;44.3;66.0;72.9;20.8 °C;18.1;19.1;19.3;18.6;18.2
2024-04-06 10:02:48;20.4;20.6;27.7;44.3;66.0;72.9;21.3 °C;18.1;19;19.3;18.6;18.2
2024-04-06 10:12:44;20.4;20.7;27.6;44.3;66.0;72.9;21.9 °C;18.1;19;19.3;18.6;18.2
2024-04-06 10:22:46;20.5;20.6;27.6;44.3;65.9;72.9;22.4 °C;18.2;19;19.3;18.6;18.2
2024-04-06 10:32:42;20.5;20.7;27.7;44.3;66.0;72.9;22.9 °C;18.3;18.9;19.2;18.6;18.2
2024-04-06 10:42:48;20.5;20.7;27.7;44.3;66.0;72.9;23.3 °C;18.3;18.9;19.2;18.6;18.2
2024-04-06 10:52:46;20.5;20.7;27.7;44.2;65.9;72.9;23.6 °C;18.4;18.9;19.2;18.6;18.2
2024-04-06 11:02:47;20.5;20.7;27.7;44.2;65.9;72.9;23.8 °C;18.4;18.9;19.2;18.6;18.2
2024-04-06 11:12:45;20.5;20.7;27.7;44.3;65.9;72.9;23.8 °C;18.6;18.9;19.1;18.6;18.2
2024-04-06 11:22:45;20.6;20.7;27.7;44.3;66.0;72.9;23.8 °C;18.6;18.9;19.1;18.6;18.2
2024-04-06 11:32:44;20.5;20.7;27.7;44.2;65.9;72.9;24 °C;18.8;18.9;19.1;18.6;18.2
2024-04-06 11:42:43;20.6;20.7;27.7;44.3;65.9;72.9;24.3 °C;18.8;18.9;19.1;18.6;18.2
2024-04-06 11:52:44;20.6;20.8;27.7;44.2;65.9;72.9;24.6 °C;18.9;18.9;19.1;18.6;18.2
2024-04-06 12:02:46;20.7;20.8;27.6;44.3;65.9;72.9;24.9 °C;19;18.9;19.1;18.6;18.2
2024-04-06 12:12:43;20.7;20.8;27.6;44.3;65.9;72.9;25.3 °C;19.1;18.9;19.1;18.6;18.2
2024-04-06 12:22:46;20.7;20.8;27.7;44.3;65.9;72.9;25.6 °C;19.2;18.9;19.1;18.6;18.2
2024-04-06 12:32:42;20.7;20.8;27.7;44.3;65.9;72.9;26 °C;19.3;18.9;19.1;18.6;18.2
2024-04-06 12:42:46;20.8;20.8;27.7;44.2;65.9;72.9;26.4 °C;19.4;18.9;19.1;18.5;18.2
2024-04-06 12:52:43;20.8;20.8;27.7;44.2;65.9;72.9;26.8 °C;19.5;18.9;19;18.5;18.2
2024-04-06 13:02:42;20.8;20.8;27.7;44.2;65.9;72.9;27.1 °C;19.6;18.9;19;18.5;18.2
2024-04-06 13:12:43;20.9;20.9;27.7;44.2;65.9;72.9;27.4 °C;19.7;18.9;19;18.5;18.2
2024-04-06 13:22:48;20.9;20.9;27.7;44.2;65.9;72.9;27.9 °C;19.8;18.9;19;18.5;18.2
2024-04-06 13:32:47;20.9;20.9;27.7;44.2;65.9;72.9;28.3 °C;19.9;18.9;19;18.5;18.2
2024-04-06 13:42:46;20.9;20.9;27.7;44.2;65.9;72.9;28.7 °C;20.1;18.9;19;18.5;18.2
2024-04-06 13:52:43;21.0;20.9;27.7;44.2;65.9;72.9;29.1 °C;20.2;19;19;18.5;18.2
2024-04-06 14:02:48;20.9;20.9;27.7;44.2;65.9;72.9;29.3 °C;20.3;19;19;18.5;18.2
2024-04-06 14:12:43;21.0;20.9;27.7;44.2;65.9;72.9;29.6 °C;20.5;19;19;18.5;18.2
2024-04-06 14:22:42;21.0;20.9;27.7;44.2;65.9;72.9;29.9 °C;20.6;19.1;19;18.5;18.2
2024-04-06 14:32:42;21.0;21.0;27.7;44.2;65.9;72.9;30.2 °C;20.8;19.1;19;18.5;18.2
2024-04-06 14:42:46;21.0;21;27.7;44.2;65.9;72.9;30.3 °C;20.9;19.1;19;18.5;18.2
2024-04-06 14:52:44;20.9;21.0;27.7;44.2;65.9;72.9;30.5 °C;21.1;19.1;19;18.5;18.2
2024-04-06 15:02:47;20.9;21.0;27.7;44.2;65.9;72.9;30.6 °C;21.3;19.2;19;18.4;18.2
2024-04-06 15:12:44;20.9;21.1;27.7;44.2;65.9;72.9;30.6 °C;21.4;19.3;19;18.4;18.2
2024-04-06 15:22:43;20.9;21.1;27.7;44.2;65.9;72.9;30.6 °C;21.6;19.3;19;18.4;18.2
2024-04-06 15:32:45;20.9;21.1;27.7;44.3;65.9;72.9;30.6 °C;21.7;19.3;19;18.4;18.2
2024-04-06 15:42:46;20.9;21.1;27.7;44.3;65.9;72.9;30.8 °C;21.8;19.4;19;18.4;18.2
2024-04-06 15:52:43;20.9;21.1;27.7;44.3;65.9;72.9;30.9 °C;21.9;19.4;19;18.4;18.2
2024-04-06 16:02:44;20.9;21.2;27.8;44.2;65.9;72.9;31 °C;22.1;19.4;19;18.4;18.2
2024-04-06 16:12:44;20.9;21.2;27.8;44.3;65.9;72.9;31.2 °C;22.3;19.5;19;18.4;18.1
2024-04-06 16:22:43;20.9;21.2;27.8;44.3;65.9;72.9;31.4 °C;22.3;19.6;19;18.4;18.2
2024-04-06 16:32:45;21.0;21.2;27.8;44.3;65.9;72.9;31.6 °C;22.4;19.6;19.1;18.4;18.1
2024-04-06 16:42:48;21.0;21.2;27.8;44.3;65.9;72.9;31.7 °C;22.6;19.7;19.1;18.4;18.1
2024-04-06 16:52:48;21.0;21.2;27.8;44.3;65.9;72.9;31.8 °C;22.7;19.8;19.1;18.4;18.1
2024-04-06 17:02:46;20.9;21.2;27.8;44.3;65.9;72.9;31.8 °C;22.8;19.8;19.1;18.4;18.1
2024-04-06 17:12:43;20.9;21.3;27.8;44.3;65.9;72.9;31.7 °C;22.9;19.9;19.1;18.4;18.1
2024-04-06 17:22:41;20.8;21.3;27.8;44.3;65.9;72.9;31.5 °C;23;19.9;19.1;18.4;18.1
2024-04-06 17:32:46;20.7;21.3;27.8;44.3;65.9;72.9;31.1 °C;23.1;20;19.1;18.4;18.1
2024-04-06 17:42:47;20.6;21.3;27.8;44.3;65.9;72.9;30.6 °C;23.2;20.1;19.1;18.4;18.1
2024-04-06 17:52:45;20.5;21.3;27.8;44.3;66.0;72.9;30.2 °C;23.3;20.1;19.2;18.4;18.1
2024-04-06 18:02:48;20.5;21.4;27.9;44.3;66.0;72.9;29.8 °C;23.4;20.2;19.2;18.4;18.1
2024-04-06 18:12:43;20.4;21.4;27.9;44.3;66.0;72.9;29.3 °C;23.4;20.3;19.2;18.4;18.1
2024-04-06 18:22:42;20.4;21.4;27.9;44.3;66.0;72.9;28.9 °C;23.5;20.3;19.3;18.4;18.1
2024-04-06 18:32:42;20.3;21.4;27.9;44.4;66.0;72.9;28.6 °C;23.6;20.4;19.3;18.4;18.1
2024-04-06 18:42:47;20.3;21.4;27.9;44.4;66.0;72.9;28.2 °C;23.6;20.4;19.3;18.5;18.1
2024-04-06 18:52:45;20.3;21.4;27.9;44.4;66.0;72.9;27.9 °C;23.6;20.5;19.3;18.5;18.1
2024-04-06 19:02:42;20.2;21.4;27.9;44.4;66.0;72.9;27.6 °C;23.6;20.5;19.3;18.5;18.1
2024-04-06 19:12:42;20.2;21.4;27.9;44.4;66.0;72.9;27.3 °C;23.6;20.6;19.4;18.5;18.1
2024-04-06 19:22:47;20.1;21.4;28.0;44.4;66.0;72.9;26.9 °C;23.6;20.6;19.4;18.5;18.1
2024-04-06 19:32:42;20.1;21.4;28.0;44.4;66.0;72.9;26.6 °C;23.6;20.7;19.4;18.5;18.1
2024-04-06 19:42:43;20.1;21.4;28.0;44.4;66.0;72.9;26.2 °C;23.6;20.8;19.4;18.5;18.1
2024-04-06 19:52:45;20.1;21.4;28.0;44.4;66.0;72.9;25.8 °C;23.6;20.8;19.4;18.5;18.2
2024-04-06 20:02:44;20.1;21.4;28.0;44.4;66.0;72.9;25.4 °C;23.6;20.8;19.5;18.6;18.1
2024-04-06 20:12:48;20.0;21.4;28.0;44.4;66.0;72.9;25.1 °C;23.5;20.9;19.5;18.6;18.2
2024-04-06 20:22:47;20.0;21.4;28.0;44.5;66.0;72.9;24.8 °C;23.4;20.9;19.6;18.6;18.2
2024-04-06 20:32:44;20.0;21.4;28.0;44.5;66.0;72.9;24.4 °C;23.4;20.9;19.6;18.6;18.2
2024-04-06 20:42:48;19.9;21.4;28.1;44.5;66.0;72.9;24.1 °C;23.4;21;19.6;18.6;18.2
2024-04-06 20:52:43;19.9;21.4;28.1;44.5;66.0;72.9;23.8 °C;23.3;21;19.6;18.6;18.2
2024-04-06 21:02:49;19.9;21.4;28.1;44.5;66.1;72.9;23.4 °C;23.3;21.1;19.7;18.6;18.2
2024-04-06 21:12:48;19.9;21.4;28.1;44.5;66.1;72.9;23.1 °C;23.2;21.1;19.7;18.6;18.2
2024-04-06 21:22:43;19.9;21.4;28.1;44.5;66.1;72.9;22.9 °C;23.1;21.1;19.7;18.6;18.2
2024-04-06 21:32:45;19.9;21.4;28.1;44.5;66.1;72.9;22.6 °C;23.1;21.1;19.8;18.6;18.2
2024-04-06 21:42:46;19.8;21.4;28.1;44.5;66.1;72.9;22.4 °C;23;21.2;19.8;18.6;18.2
2024-04-06 21:52:47;19.8;21.4;28.1;44.5;66.1;72.9;22.2 °C;22.9;21.2;19.8;18.6;18.2
2024-04-06 22:02:46;19.8;21.4;28.1;44.6;66.1;72.9;21.9 °C;22.9;21.2;19.8;18.7;18.2
2024-04-06 22:12:48;19.8;21.3;28.1;44.6;66.1;72.9;21.8 °C;22.8;21.2;19.9;18.7;18.2
2024-04-06 22:22:43;19.8;21.3;28.1;44.6;66.1;72.9;21.6 °C;22.7;21.2;19.9;18.7;18.2
2024-04-06 22:32:48;19.7;21.3;28.1;44.6;66.2;73.0;21.4 °C;22.6;21.3;19.9;18.7;18.2
2024-04-06 22:42:43;19.7;21.3;28.1;44.6;66.2;72.9;21.1 °C;22.6;21.3;19.9;18.7;18.2
2024-04-06 22:52:42;19.7;21.3;28.1;44.6;66.1;73.0;20.9 °C;22.5;21.3;19.9;18.8;18.2
2024-04-06 23:02:43;19.7;21.3;28.1;44.6;66.2;72.9;20.7 °C;22.4;21.3;19.9;18.8;18.2
2024-04-06 23:12:49;19.7;21.3;28.1;44.6;66.2;73.0;20.5 °C;22.3;21.3;19.9;18.8;18.3
2024-04-06 23:22:48;19.7;21.3;28.2;44.7;66.2;73.0;20.3 °C;22.3;21.3;20;18.8;18.3
2024-04-06 23:32:48;19.6;21.3;28.2;44.7;66.2;73.0;20.1 °C;22.2;21.3;20;18.8;18.3
2024-04-06 23:42:48;19.7;21.3;28.1;44.7;66.2;73.0;19.9 °C;22.1;21.3;20;18.8;18.3
2024-04-06 23:52:42;19.6;21.3;28.1;44.7;66.2;73.0;19.8 °C;22;21.3;20.1;18.8;18.3
2024-04-07 00:02:48;19.6;21.3;28.2;44.7;66.2;73.0;19.6 °C;21.9;21.2;20.1;18.8;18.3
2024-04-07 00:12:44;19.6;21.3;28.2;44.7;66.2;73.0;19.4 °C;21.9;21.2;20.1;18.8;18.3
2024-04-07 00:22:42;19.6;21.3;28.1;44.7;66.2;73.0;19.3 °C;21.8;21.2;20.1;18.8;18.3
2024-04-07 00:32:44;19.6;21.2;28.2;44.7;66.2;73.0;19.2 °C;21.7;21.2;20.1;18.8;18.3
2024-04-07 00:42:44;19.6;21.2;28.2;44.7;66.2;73.0;19 °C;21.6;21.2;20.1;18.9;18.3
2024-04-07 00:52:46;19.6;21.2;28.1;44.7;66.2;73.0;18.9 °C;21.6;21.1;20.1;18.9;18.3
2024-04-07 01:02:44;19.6;21.2;28.2;44.7;66.3;73.0;18.8 °C;21.5;21.1;20.1;18.9;18.3
2024-04-07 01:12:47;19.6;21.2;28.1;44.7;66.3;73.0;18.6 °C;21.4;21.1;20.1;18.9;18.3
2024-04-07 01:22:45;19.6;21.2;28.1;44.7;66.3;73.0;18.5 °C;21.3;21.1;20.1;18.9;18.3
2024-04-07 01:32:46;19.6;21.2;28.2;44.7;66.3;73.0;18.4 °C;21.3;21.1;20.1;18.9;18.3
2024-04-07 01:42:44;19.6;21.2;28.2;44.7;66.3;73.0;18.3 °C;21.2;21.1;20.1;18.9;18.3
2024-04-07 01:52:42;19.6;21.2;28.2;44.7;66.3;73.0;18.1 °C;21.1;21.1;20.1;18.9;18.3
2024-04-07 02:02:48;19.6;21.2;28.2;44.7;66.3;73.0;18 °C;21.1;21;20.1;18.9;18.3
2024-04-07 02:12:43;19.5;21.2;28.2;44.7;66.3;73.0;17.9 °C;20.9;21;20.1;18.9;18.3
2024-04-07 02:22:46;19.5;21.2;28.2;44.7;66.3;73.0;17.8 °C;20.9;21;20.1;18.9;18.3
2024-04-07 02:32:44;19.5;21.2;28.2;44.7;66.3;73.0;17.7 °C;20.8;20.9;20.2;18.9;18.3
2024-04-07 02:42:42;19.5;21.2;28.2;44.7;66.3;73.0;17.6 °C;20.8;20.9;20.2;19;18.4
2024-04-07 02:52:44;19.5;21.2;28.2;44.7;66.3;73.0;17.5 °C;20.7;20.9;20.2;19;18.4
2024-04-07 03:02:43;19.5;21.2;28.2;44.7;66.3;73.0;17.4 °C;20.6;20.9;20.2;19;18.4
2024-04-07 03:12:46;19.5;21.2;28.2;44.7;66.3;73.0;17.3 °C;20.6;20.9;20.2;19;18.4
2024-04-07 03:22:43;19.5;21.2;28.2;44.7;66.3;73.0;17.1 °C;20.5;20.8;20.2;19;18.4
2024-04-07 03:32:45;19.5;21.1;28.2;44.7;66.3;73.0;17.1 °C;20.4;20.8;20.2;19;18.4
2024-04-07 03:42:42;19.5;21.2;28.2;44.7;66.3;73.0;16.9 °C;20.4;20.8;20.2;19;18.4
2024-04-07 03:52:47;19.5;21.1;28.2;44.7;66.3;73.0;16.8 °C;20.3;20.8;20.1;19;18.4
2024-04-07 04:02:46;19.5;21.1;28.2;44.7;66.3;73.0;16.8 °C;20.3;20.7;20.1;19;18.4
2024-04-07 04:12:47;19.5;21.1;28.2;44.7;66.3;73.0;16.7 °C;20.2;20.7;20.1;19;18.4
2024-04-07 04:22:46;19.5;21.1;28.2;44.8;66.3;73.0;16.6 °C;20.1;20.7;20.1;19.1;18.4
2024-04-07 04:32:47;19.5;21.1;28.2;44.8;66.4;73.0;16.5 °C;20;20.6;20.1;19.1;18.4
2024-04-07 04:42:42;19.5;21.1;28.2;44.8;66.4;73.0;16.4 °C;20;20.6;20.1;19.1;18.4
2024-04-07 04:52:47;19.5;21.1;28.1;44.7;66.4;73.0;16.4 °C;19.9;20.6;20.1;19.1;18.4
2024-04-07 05:02:42;19.5;21.1;28.1;44.8;66.4;73.0;16.3 °C;19.9;20.6;20.1;19.1;18.4
2024-04-07 05:12:48;19.5;21.1;28.2;44.8;66.4;73.0;16.2 °C;19.8;20.5;20.1;19.1;18.4
2024-04-07 05:22:47;19.5;21.1;28.1;44.8;66.4;73.0;16.1 °C;19.8;20.5;20.1;19.1;18.4
2024-04-07 05:32:41;19.5;21.1;28.1;44.8;66.4;73.0;16.1 °C;19.7;20.4;20.1;19.1;18.4
2024-04-07 05:42:41;19.5;21.1;28.1;44.8;66.4;73.1;16 °C;19.6;20.4;20.1;19.1;18.4
2024-04-07 05:52:46;19.5;21.1;28.1;44.8;66.4;73.1;15.9 °C;19.6;20.4;20.1;19.1;18.4
2024-04-07 06:02:47;19.5;21.1;28.1;44.8;66.4;73.1;15.9 °C;19.5;20.4;20.1;19.1;18.4
2024-04-07 06:12:46;19.5;21.1;28.1;44.8;66.4;73.1;15.8 °C;19.4;20.3;20.1;19.1;18.4
2024-04-07 06:22:44;19.5;21.1;28.1;44.8;66.4;73.1;15.7 °C;19.4;20.3;20.1;19.1;18.5
2024-04-07 06:32:43;19.5;21.1;28.1;44.8;66.4;73.1;15.6 °C;19.3;20.3;20.1;19.1;18.5
2024-04-07 06:42:42;19.5;21.1;28.1;44.8;66.4;73.1;15.5 °C;19.3;20.3;20;19.1;18.5
2024-04-07 06:52:47;19.5;21.1;28.1;44.8;66.4;73.1;15.4 °C;19.2;20.2;20;19.1;18.5
2024-04-07 07:02:45;19.5;21.1;28.1;44.8;66.4;73.1;15.4 °C;19.1;20.2;20;19.1;18.5
2024-04-07 07:12:42;19.5;21.1;28.1;44.7;66.4;73.1;15.4 °C;19.1;20.1;20;19.1;18.5
2024-04-07 07:22:44;19.5;21.1;28.1;44.8;66.4;73.1;15.4 °C;19.1;20.1;20;19.1;18.5
2024-04-07 07:32:44;19.5;21.1;28.1;44.8;66.4;73.1;15.6 °C;19;20.1;20;19.1;18.5
2024-04-07 07:42:43;19.5;21.1;28.1;44.8;66.4;73.1;15.7 °C;18.9;20.1;19.9;19.1;18.5
2024-04-07 07:52:45;19.5;21.1;28.1;44.7;66.4;73.1;15.9 °C;18.9;20;19.9;19.1;18.5
2024-04-07 08:02:41;19.5;21.1;28.1;44.7;66.4;73.1;16.3 °C;18.8;20;19.9;19.1;18.5
2024-04-07 08:12:41;19.6;21.1;28.1;44.7;66.4;73.1;16.7 °C;18.8;19.9;19.9;19.1;18.5
2024-04-07 08:22:42;19.6;21.0;28.1;44.7;66.4;73.1;17.1 °C;18.8;19.9;19.9;19.1;18.5
2024-04-07 08:32:48;19.7;21.1;28.1;44.8;66.4;73.1;17.7 °C;18.7;19.9;19.9;19.1;18.5
2024-04-07 08:42:48;19.7;21.1;28.1;44.7;66.4;73.1;18.2 °C;18.7;19.9;19.9;19.1;18.5
2024-04-07 08:52:47;19.7;21.1;28.1;44.7;66.4;73.1;18.7 °C;18.7;19.8;19.9;19.1;18.5
2024-04-07 09:02:46;19.8;21.1;28.1;44.7;66.4;73.1;19.1 °C;18.6;19.8;19.9;19.1;18.5
2024-04-07 09:12:48;19.8;21.1;28.1;44.7;66.4;73.1;19.7 °C;18.6;19.8;19.8;19.1;18.5
2024-04-07 09:22:44;19.8;21.1;28.1;44.7;66.4;73.1;20.2 °C;18.6;19.8;19.8;19.1;18.5
2024-04-07 09:32:44;19.8;21.1;28.1;44.7;66.4;73.1;20.6 °C;18.7;19.7;19.8;19.1;18.6
2024-04-07 09:42:42;19.8;21.1;28.1;44.7;66.4;73.1;21.1 °C;18.7;19.7;19.8;19.1;18.5
2024-04-07 09:52:41;19.9;21.1;28.1;44.7;66.4;73.1;21.5 °C;18.7;19.6;19.8;19.1;18.6
2024-04-07 10:02:41;19.9;21.1;28.1;44.7;66.4;73.1;21.9 °C;18.8;19.6;19.8;19.1;18.6
2024-04-07 10:12:42;19.9;21.1;28.1;44.7;66.4;73.1;22.4 °C;18.8;19.6;19.8;19.1;18.6
2024-04-07 10:22:43;20.0;21.1;28.0;44.7;66.4;73.1;22.8 °C;18.8;19.6;19.8;19.1;18.6
2024-04-07 10:32:47;20.0;21.1;28.1;44.7;66.4;73.1;23.2 °C;18.9;19.6;19.8;19.1;18.6
2024-04-07 10:42:45;20.0;21.1;28.1;44.7;66.4;73.1;23.6 °C;18.9;19.5;19.7;19;18.6
2024-04-07 10:52:42;20;21.1;28.1;44.7;66.4;73.1;23.9 °C;19;19.5;19.7;19;18.6
2024-04-07 11:02:44;20.0;21.1;28.1;44.7;66.4;73.1;24 °C;19.1;19.5;19.7;19;18.6
2024-04-07 11:12:43;20.0;21.1;28.1;44.7;66.4;73.1;23.9 °C;19.1;19.5;19.7;19;18.6
2024-04-07 11:22:42;20;21.1;28.1;44.7;66.4;73.1;23.9 °C;19.3;19.4;19.6;19;18.6
2024-04-07 11:32:43;20.0;21.2;28.0;44.7;66.4;73.1;24.1 °C;19.3;19.4;19.6;19;18.6
2024-04-07 11:42:46;20.0;21.2;28.1;44.7;66.3;73.1;24.4 °C;19.4;19.4;19.6;19;18.6
2024-04-07 11:52:44;20.1;21.2;28.1;44.7;66.3;73.1;24.9 °C;19.4;19.4;19.6;19;18.6
2024-04-07 12:02:41;20.2;21.2;28.0;44.7;66.3;73.1;25.5 °C;19.6;19.4;19.6;19;18.6
2024-04-07 12:12:41;20.2;21.2;28.1;44.7;66.3;73.1;26.1 °C;19.6;19.4;19.6;19;18.6
2024-04-07 12:22:46;20.3;21.2;28.0;44.7;66.3;73.1;26.8 °C;19.7;19.4;19.6;19;18.6
2024-04-07 12:32:47;20.3;21.2;28.1;44.7;66.3;73.1;27.3 °C;19.8;19.4;19.6;19;18.6
2024-04-07 12:42:46;20.3;21.2;28.1;44.7;66.3;73.1;27.8 °C;19.9;19.4;19.6;18.9;18.6
2024-04-07 12:52:44;20.4;21.2;28.0;44.7;66.3;73.1;28.3 °C;20;19.4;19.5;18.9;18.6
2024-04-07 13:02:43;20.4;21.2;28.1;44.7;66.3;73.1;28.8 °C;20.1;19.4;19.5;18.9;18.6
2024-04-07 13:12:43;20.5;21.2;28.0;44.7;66.3;73.1;29.3 °C;20.3;19.4;19.5;18.9;18.6
2024-04-07 13:22:41;20.5;21.2;28.1;44.7;66.3;73.1;29.8 °C;20.4;19.5;19.5;18.9;18.6
2024-04-07 13:32:41;20.6;21.3;28.1;44.7;66.3;73.1;30.2 °C;20.5;19.5;19.5;18.9;18.6
2024-04-07 13:42:43;20.6;21.3;28.1;44.7;66.3;73.1;30.6 °C;20.7;19.5;19.5;18.9;18.6
2024-04-07 13:52:46;20.6;21.3;28.1;44.7;66.3;73.1;30.9 °C;20.8;19.5;19.5;18.9;18.6
2024-04-07 14:02:43;20.6;21.3;28.1;44.7;66.3;73.1;31.3 °C;21;19.6;19.5;18.9;18.6
2024-04-07 14:12:46;20.7;21.3;28.0;44.7;66.3;73.1;31.6 °C;21.2;19.6;19.5;18.9;18.6
2024-04-07 14:22:44;20.8;21.4;28.1;44.7;66.3;73.1;31.8 °C;21.3;19.6;19.5;18.9;18.6
2024-04-07 14:32:44;20.8;21.4;28.1;44.7;66.3;73.1;32.1 °C;21.5;19.6;19.5;18.9;18.6
2024-04-07 14:42:41;20.8;21.4;28.1;44.7;66.3;73.1;32.4 °C;21.7;19.7;19.4;18.9;18.6
2024-04-07 14:52:46;20.9;21.4;28.1;44.7;66.3;73.1;32.6 °C;21.9;19.7;19.5;18.9;18.6
2024-04-07 15:02:47;20.8;21.5;28.1;44.7;66.3;73.1;32.8 °C;22.1;19.8;19.4;18.9;18.6
2024-04-07 15:12:42;20.8;21.5;28.1;44.7;66.3;73.1;33 °C;22.2;19.8;19.5;18.9;18.6
2024-04-07 15:22:44;20.9;21.5;28.1;44.7;66.3;73.1;33.2 °C;22.4;19.9;19.5;18.9;18.6
2024-04-07 15:32:45;20.9;21.5;28.1;44.7;66.3;73.1;33.4 °C;22.6;19.9;19.5;18.9;18.6
2024-04-07 15:42:46;20.9;21.6;28.1;44.7;66.3;73.1;33.5 °C;22.7;19.9;19.5;18.9;18.6
2024-04-07 15:52:44;20.9;21.6;28.1;44.7;66.3;73.1;33.6 °C;22.9;20;19.5;18.9;18.6
2024-04-07 16:02:43;20.9;21.6;28.1;44.7;66.3;73.1;33.7 °C;23.1;20.1;19.5;18.9;18.5
2024-04-07 16:12:41;21.0;21.6;28.1;44.7;66.3;73.1;33.7 °C;23.2;20.1;19.5;18.9;18.5
2024-04-07 16:22:46;21.0;21.6;28.1;44.7;66.3;73.1;33.8 °C;23.3;20.2;19.5;18.9;18.5
2024-04-07 16:32:45;21.0;21.7;28.2;44.7;66.3;73.1;33.8 °C;23.5;20.3;19.6;18.9;18.5
2024-04-07 16:42:42;21.0;21.7;28.2;44.7;66.3;73.1;33.8 °C;23.6;20.3;19.6;18.9;18.5
2024-04-07 16:52:44;21.0;21.7;28.2;44.7;66.3;73.1;33.8 °C;23.8;20.4;19.6;18.9;18.5
2024-04-07 17:02:44;20.9;21.7;28.2;44.7;66.3;73.1;33.8 °C;23.9;20.4;19.6;18.9;18.5
2024-04-07 17:12:44;20.9;21.8;28.2;44.7;66.3;73.1;33.7 °C;24;20.5;19.6;18.9;18.5
2024-04-07 17:22:47;20.9;21.8;28.2;44.7;66.3;73.1;33.7 °C;24.1;20.6;19.6;18.9;18.5
2024-04-07 17:32:46;20.9;21.8;28.2;44.8;66.3;73.1;33.6 °C;24.2;20.6;19.6;18.9;18.5
2024-04-07 17:42:45;20.8;21.8;28.2;44.8;66.3;73.1;33.4 °C;24.3;20.8;19.7;18.9;18.5
2024-04-07 17:52:42;20.8;21.8;28.3;44.8;66.3;73.1;33.1 °C;24.4;20.8;19.7;18.9;18.5
2024-04-07 18:02:48;20.7;21.8;28.3;44.8;66.3;73.1;32.8 °C;24.5;20.9;19.7;18.9;18.5
2024-04-07 18:12:43;20.7;21.9;28.3;44.8;66.3;73.1;32.4 °C;24.6;20.9;19.8;18.9;18.5
2024-04-07 18:22:43;20.6;21.9;28.3;44.8;66.3;73.1;32.1 °C;24.6;21;19.8;18.9;18.5
2024-04-07 18:32:46;20.7;21.9;28.3;44.8;66.3;73.1;31.7 °C;24.7;21.1;19.8;18.9;18.5
2024-04-07 18:42:47;20.6;21.9;28.3;44.8;66.4;73.1;31.3 °C;24.8;21.1;19.8;18.9;18.5
2024-04-07 18:52:47;20.6;21.9;28.3;44.8;66.4;73.1;30.8 °C;24.8;21.2;19.8;18.9;18.5
2024-04-07 19:02:47;20.6;21.9;28.4;44.8;66.4;73.1;30.3 °C;24.8;21.3;19.9;18.9;18.5
2024-04-07 19:12:41;20.5;21.9;28.4;44.8;66.4;73.1;29.8 °C;24.8;21.3;19.9;18.9;18.5
2024-04-07 19:22:46;20.4;21.9;28.4;44.8;66.4;73.1;29.3 °C;24.8;21.4;19.9;18.9;18.5
2024-04-07 19:32:40;20.4;21.9;28.4;44.8;66.4;73.1;28.8 °C;24.8;21.4;19.9;18.9;18.5
2024-04-07 19:42:45;20.4;21.9;28.4;44.8;66.4;73.1;28.3 °C;24.8;21.5;20;18.9;18.5
2024-04-07 19:52:42;20.3;21.9;28.4;44.8;66.4;73.1;27.8 °C;24.8;21.6;20;18.9;18.5
2024-04-07 20:02:47;20.4;21.9;28.4;44.9;66.4;73.1;27.3 °C;24.8;21.6;20.1;19;18.5
2024-04-07 20:12:46;20.3;21.9;28.4;44.9;66.4;73.1;26.9 °C;24.7;21.6;20.1;19;18.6
2024-04-07 20:22:40;20.3;21.9;28.4;44.9;66.4;73.1;26.4 °C;24.7;21.7;20.1;19;18.6
2024-04-07 20:32:40;20.2;21.9;28.5;44.9;66.4;73.1;26.1 °C;24.6;21.8;20.1;19;18.6
2024-04-07 20:42:44;20.2;21.9;28.5;44.9;66.5;73.1;25.6 °C;24.6;21.8;20.2;19;18.6
2024-04-07 20:52:45;20.2;21.9;28.5;44.9;66.5;73.1;25.3 °C;24.5;21.8;20.2;19;18.6
2024-04-07 21:02:43;20.2;21.9;28.5;45.0;66.5;73.1;24.9 °C;24.4;21.9;20.3;19.1;18.6
2024-04-07 21:12:45;20.1;21.9;28.5;45.0;66.5;73.1;24.6 °C;24.4;21.9;20.3;19.1;18.6
2024-04-07 21:22:46;20.1;21.9;28.5;45.0;66.5;73.1;24.3 °C;24.3;21.9;20.3;19.1;18.6
2024-04-07 21:32:40;20.1;21.9;28.5;45.0;66.5;73.1;24 °C;24.2;21.9;20.3;19.1;18.6
2024-04-07 21:42:40;20.0;21.8;28.5;45.0;66.5;73.1;23.7 °C;24.1;22;20.4;19.1;18.6
2024-04-07 21:52:45;20.0;21.8;28.5;45.0;66.5;73.1;23.4 °C;24.1;22;20.4;19.1;18.6
2024-04-07 22:02:46;20.0;21.8;28.6;45.0;66.5;73.1;23.1 °C;23.9;22;20.4;19.1;18.6
2024-04-07 22:12:44;20.0;21.8;28.6;45.0;66.5;73.1;22.9 °C;23.9;22;20.4;19.1;18.6
2024-04-07 22:22:47;20.0;21.8;28.6;45.0;66.5;73.1;22.6 °C;23.8;22.1;20.4;19.1;18.6
2024-04-07 22:32:42;19.9;21.8;28.6;45.1;66.5;73.1;22.4 °C;23.7;22.1;20.5;19.2;18.6
2024-04-07 22:42:41;19.9;21.8;28.6;45.1;66.5;73.2;22.1 °C;23.6;22.1;20.5;19.2;18.6
2024-04-07 22:52:42;19.9;21.8;28.6;45.1;66.5;73.1;21.9 °C;23.6;22.1;20.6;19.2;18.6
2024-04-07 23:02:48;19.9;21.8;28.6;45.1;66.5;73.2;21.7 °C;23.4;22.1;20.6;19.2;18.6
2024-04-07 23:12:48;19.8;21.8;28.6;45.1;66.6;73.2;21.4 °C;23.4;22.1;20.6;19.3;18.6
2024-04-07 23:22:48;19.8;21.8;28.6;45.1;66.6;73.2;21.2 °C;23.3;22.1;20.6;19.3;18.6
2024-04-07 23:32:47;19.8;21.7;28.6;45.1;66.6;73.2;21 °C;23.2;22.1;20.6;19.3;18.6
2024-04-07 23:42:42;19.8;21.7;28.6;45.1;66.6;73.2;20.8 °C;23.1;22.1;20.6;19.3;18.6
2024-04-07 23:52:41;19.8;21.7;28.6;45.1;66.6;73.2;20.6 °C;23.1;22.1;20.7;19.3;18.6
2024-04-08 00:02:46;19.8;21.7;28.6;45.1;66.6;73.2;20.4 °C;22.9;22.1;20.7;19.3;18.6
2024-04-08 00:12:47;19.8;21.7;28.6;45.1;66.6;73.2;20.3 °C;22.9;22.1;20.7;19.3;18.6
2024-04-08 00:22:47;19.8;21.7;28.6;45.1;66.6;73.2;20.2 °C;22.8;22;20.7;19.3;18.6
2024-04-08 00:32:47;19.8;21.7;28.6;45.2;66.6;73.2;20.1 °C;22.7;22;20.7;19.3;18.7
2024-04-08 00:42:41;19.8;21.7;28.6;45.1;66.6;73.2;19.9 °C;22.6;22;20.8;19.3;18.7
2024-04-08 00:52:47;19.8;21.7;28.6;45.1;66.6;73.2;19.8 °C;22.5;22;20.8;19.4;18.7
2024-04-08 01:02:42;19.7;21.7;28.6;45.1;66.6;73.2;19.7 °C;22.4;21.9;20.8;19.4;18.7
2024-04-08 01:12:40;19.8;21.7;28.6;45.2;66.6;73.2;19.5 °C;22.4;21.9;20.8;19.4;18.7
2024-04-08 01:22:41;19.7;21.7;28.6;45.2;66.7;73.2;19.4 °C;22.3;21.9;20.8;19.4;18.7
2024-04-08 01:32:46;19.7;21.7;28.6;45.2;66.7;73.2;19.3 °C;22.2;21.9;20.8;19.4;18.7
2024-04-08 01:42:45;19.7;21.6;28.6;45.2;66.7;73.2;19.1 °C;22.1;21.9;20.8;19.4;18.7
2024-04-08 01:52:42;19.7;21.6;28.6;45.2;66.7;73.2;19 °C;22.1;21.9;20.8;19.4;18.7
2024-04-08 02:02:44;19.7;21.6;28.6;45.2;66.7;73.3;18.9 °C;21.9;21.8;20.8;19.4;18.7
2024-04-08 02:12:44;19.7;21.6;28.6;45.2;66.7;73.2;18.8 °C;21.9;21.8;20.8;19.4;18.8
2024-04-08 02:22:45;19.7;21.6;28.6;45.2;66.7;73.2;18.6 °C;21.8;21.8;20.8;19.4;18.8
2024-04-08 02:32:43;19.7;21.6;28.6;45.2;66.7;73.2;18.4 °C;21.8;21.8;20.8;19.4;18.8
2024-04-08 02:42:41;19.7;21.6;28.6;45.2;66.7;73.2;18.3 °C;21.7;21.8;20.8;19.5;18.8
2024-04-08 02:52:47;19.7;21.6;28.6;45.3;66.7;73.2;18.2 °C;21.6;21.7;20.8;19.5;18.8
2024-04-08 03:02:43;19.7;21.6;28.6;45.2;66.7;73.2;18.1 °C;21.5;21.7;20.8;19.5;18.8
2024-04-08 03:12:45;19.7;21.6;28.6;45.3;66.7;73.3;17.9 °C;21.4;21.6;20.8;19.5;18.8
2024-04-08 03:22:43;19.7;21.6;28.6;45.2;66.7;73.3;17.8 °C;21.4;21.6;20.8;19.5;18.8
2024-04-08 03:32:42;19.7;21.6;28.6;45.2;66.7;73.3;17.8 °C;21.3;21.6;20.8;19.5;18.8
2024-04-08 03:42:46;19.7;21.6;28.6;45.3;66.7;73.3;17.6 °C;21.2;21.6;20.8;19.5;18.8
2024-04-08 03:52:47;19.7;21.6;28.6;45.3;66.7;73.3;17.6 °C;21.1;21.6;20.8;19.6;18.8
2024-04-08 04:02:47;19.7;21.6;28.6;45.3;66.7;73.3;17.4 °C;21.1;21.5;20.8;19.6;18.8
2024-04-08 04:12:46;19.7;21.6;28.7;45.4;66.7;73.3;17.4 °C;21;21.5;20.8;19.6;18.8
2024-04-08 04:22:40;19.7;21.6;28.7;45.3;66.7;73.3;17.3 °C;20.9;21.4;20.8;19.6;18.8
2024-04-08 04:32:45;19.7;21.6;28.7;45.3;66.7;73.3;17.1 °C;20.9;21.4;20.8;19.6;18.8
2024-04-08 04:42:46;19.7;21.6;28.7;45.3;66.7;73.3;17.1 °C;20.8;21.4;20.8;19.6;18.8
2024-04-08 04:52:41;19.7;21.5;28.7;45.3;66.7;73.3;16.9 °C;20.8;21.3;20.8;19.6;18.8
2024-04-08 05:02:42;19.7;21.5;28.7;45.3;66.7;73.3;16.8 °C;20.6;21.3;20.8;19.6;18.8
2024-04-08 05:12:41;19.7;21.6;28.7;45.3;66.7;73.3;16.8 °C;20.6;21.3;20.8;19.6;18.9
2024-04-08 05:22:46;19.7;21.6;28.7;45.3;66.7;73.3;16.6 °C;20.5;21.3;20.8;19.6;18.9
2024-04-08 05:32:44;19.7;21.5;28.7;45.3;66.7;73.3;16.6 °C;20.4;21.2;20.8;19.6;18.9
2024-04-08 05:42:40;19.6;21.5;28.7;45.3;66.7;73.3;16.4 °C;20.4;21.2;20.8;19.6;18.9
2024-04-08 05:52:40;19.7;21.5;28.6;45.3;66.8;73.3;16.4 °C;20.3;21.1;20.8;19.6;18.9
2024-04-08 06:02:45;19.7;21.5;28.6;45.3;66.8;73.3;16.3 °C;20.3;21.1;20.7;19.6;18.9
2024-04-08 06:12:46;19.6;21.5;28.7;45.3;66.8;73.3;16.2 °C;20.2;21.1;20.7;19.6;18.9
2024-04-08 06:22:45;19.6;21.5;28.7;45.3;66.8;73.3;16.1 °C;20.1;21.1;20.7;19.6;18.9
2024-04-08 06:32:43;19.6;21.5;28.6;45.3;66.8;73.3;16 °C;20.1;21;20.7;19.6;18.9
2024-04-08 06:42:43;19.6;21.5;28.6;45.3;66.8;73.3;15.9 °C;20;21;20.7;19.6;18.9
2024-04-08 06:52:43;19.5;21.5;28.6;45.3;66.8;73.3;15.8 °C;19.9;20.9;20.7;19.6;18.9
2024-04-08 07:02:43;19.5;21.6;28.7;45.3;66.8;73.3;15.8 °C;19.9;20.9;20.6;19.6;18.9
2024-04-08 07:12:47;19.5;21.6;28.6;45.3;66.8;73.3;15.7 °C;19.8;20.9;20.6;19.6;18.9
2024-04-08 07:22:46;19.5;21.6;28.6;45.3;66.8;73.3;15.8 °C;19.8;20.8;20.6;19.6;18.9
2024-04-08 07:32:45;19.4;21.6;28.6;45.3;66.8;73.3;15.9 °C;19.7;20.8;20.6;19.6;18.9
2024-04-08 07:42:43;19.4;21.6;28.6;45.2;66.8;73.3;16.1 °C;19.6;20.8;20.6;19.6;18.9
2024-04-08 07:52:42;19.3;21.6;28.6;45.3;66.8;73.3;16.3 °C;19.6;20.8;20.6;19.6;18.9
2024-04-08 08:02:40;19.5;21.6;28.6;45.3;66.8;73.3;16.6 °C;19.5;20.7;20.6;19.6;18.9
2024-04-08 08:12:44;19.5;21.6;28.6;45.3;66.8;73.3;17.1 °C;19.5;20.7;20.6;19.6;18.9
2024-04-08 08:22:40;19.6;21.6;28.6;45.3;66.8;73.3;17.5 °C;19.4;20.6;20.6;19.6;18.9
2024-04-08 08:32:41;19.6;21.6;28.6;45.3;66.8;73.3;18 °C;19.4;20.6;20.5;19.6;18.9
2024-04-08 08:42:43;19.6;21.6;28.6;45.3;66.8;73.3;18.5 °C;19.4;20.6;20.5;19.6;18.9
2024-04-08 08:52:42;19.7;21.6;28.6;45.3;66.8;73.3;19.1 °C;19.3;20.5;20.5;19.6;18.9
2024-04-08 09:02:45;19.8;21.6;28.6;45.3;66.7;73.3;19.6 °C;19.3;20.5;20.5;19.6;18.9
2024-04-08 09:12:42;20.0;21.6;28.6;45.3;66.8;73.3;20.1 °C;19.3;20.4;20.4;19.6;18.9
2024-04-08 09:22:44;20.1;21.6;28.6;45.3;66.7;73.3;20.7 °C;19.3;20.4;20.4;19.6;18.9
2024-04-08 09:32:41;20.1;21.6;28.6;45.2;66.7;73.3;21.3 °C;19.3;20.4;20.4;19.6;18.9
2024-04-08 09:42:46;19.9;21.6;28.6;45.2;66.7;73.3;21.8 °C;19.3;20.4;20.4;19.6;19
2024-04-08 09:52:44;20.0;21.6;28.6;45.2;66.7;73.3;22.4 °C;19.3;20.3;20.4;19.6;18.9
2024-04-08 10:02:43;20.0;21.6;28.6;45.2;66.7;73.3;22.9 °C;19.4;20.3;20.4;19.6;19
2024-04-08 10:12:40;20.1;21.6;28.6;45.2;66.7;73.3;23.3 °C;19.4;20.3;20.4;19.6;19
2024-04-08 10:22:44;20.1;21.6;28.6;45.2;66.7;73.3;23.6 °C;19.4;20.3;20.4;19.6;19
2024-04-08 10:32:45;20.1;21.6;28.6;45.2;66.7;73.3;24 °C;19.5;20.3;20.3;19.6;19
2024-04-08 10:42:46;20.0;21.6;28.6;45.2;66.7;73.3;24.4 °C;19.6;20.2;20.3;19.6;19
2024-04-08 10:52:45;20.1;21.7;28.6;45.2;66.7;73.3;24.5 °C;19.6;20.2;20.3;19.6;19
2024-04-08 11:02:46;19.9;21.7;28.6;45.2;66.7;73.3;24.4 °C;19.8;20.1;20.3;19.6;19
2024-04-08 11:12:41;19.9;21.7;28.5;45.2;66.7;73.3;24.3 °C;19.8;20.1;20.3;19.6;19
2024-04-08 11:22:40;19.9;21.7;28.6;45.2;66.7;73.4;24.1 °C;19.9;20.1;20.3;19.6;19
2024-04-08 11:32:44;19.9;21.7;28.5;45.2;66.7;73.4;24.1 °C;20;20.1;20.3;19.6;19
2024-04-08 11:42:44;19.9;21.7;28.5;45.2;66.7;73.4;24.4 °C;20.1;20.1;20.3;19.5;19
2024-04-08 11:52:42;19.8;21.7;28.6;45.2;66.7;73.4;24.8 °C;20.1;20.1;20.2;19.5;19
2024-04-08 12:02:44;19.9;21.7;28.6;45.2;66.7;73.4;25.3 °C;20.2;20.1;20.2;19.5;19
2024-04-08 12:12:45;19.9;21.7;28.6;45.2;66.7;73.4;25.7 °C;20.3;20.1;20.2;19.5;19
2024-04-08 12:22:47;19.9;21.7;28.6;45.2;66.7;73.3;26.1 °C;20.3;20.1;20.2;19.5;19
2024-04-08 12:32:46;20.0;21.7;28.6;45.2;66.7;73.4;26.5 °C;20.4;20.1;20.1;19.5;19
2024-04-08 12:42:41;20.0;21.8;28.6;45.2;66.7;73.4;26.9 °C;20.5;20.1;20.1;19.5;19
2024-04-08 12:52:47;20.0;21.8;28.6;45.2;66.7;73.4;27.3 °C;20.6;20.1;20.1;19.5;19
2024-04-08 13:02:42;20.0;21.8;28.6;45.2;66.7;73.3;27.6 °C;20.7;20.1;20.1;19.5;19
2024-04-08 13:12:40;19.9;21.8;28.6;45.1;66.7;73.3;27.9 °C;20.8;20.1;20.1;19.5;19
2024-04-08 13:22:42;19.9;21.8;28.6;45.1;66.7;73.3;28.1 °C;20.9;20.1;20.1;19.4;19
2024-04-08 13:32:40;20.0;21.8;28.5;45.2;66.7;73.4;28.3 °C;21.1;20.1;20.1;19.4;19
2024-04-08 13:42:41;20.1;21.8;28.5;45.2;66.7;73.3;28.3 °C;21.2;20.1;20.1;19.4;19
2024-04-08 13:52:43;20.0;21.8;28.6;45.2;66.7;73.3;28.4 °C;21.3;20.1;20.1;19.4;19
2024-04-08 14:02:47;20.0;21.9;28.6;45.1;66.7;73.3;28.6 °C;21.4;20.2;20.1;19.4;19
2024-04-08 14:12:46;20.0;21.9;28.6;45.2;66.7;73.4;28.6 °C;21.6;20.2;20.1;19.4;19
2024-04-08 14:22:44;19.9;21.9;28.6;45.2;66.7;73.4;28.7 °C;21.7;20.3;20.1;19.4;19
2024-04-08 14:32:42;19.9;21.9;28.6;45.1;66.7;73.4;28.8 °C;21.8;20.3;20.1;19.4;19
2024-04-08 14:42:41;19.9;21.9;28.6;45.1;66.7;73.4;28.8 °C;21.9;20.3;20.1;19.4;19
2024-04-08 14:52:47;19.9;22.0;28.6;45.2;66.7;73.3;28.9 °C;22.1;20.3;20.1;19.4;19
2024-04-08 15:02:42;19.8;22.0;28.6;45.2;66.7;73.4;28.9 °C;22.2;20.4;20.1;19.4;19
2024-04-08 15:12:44;19.8;22.0;28.6;45.1;66.7;73.4;28.9 °C;22.3;20.4;20.1;19.4;19
2024-04-08 15:22:41;19.7;22.0;28.6;45.2;66.7;73.3;29 °C;22.4;20.4;20.1;19.4;19
2024-04-08 15:32:39;19.7;22.0;28.6;45.2;66.7;73.4;29 °C;22.6;20.4;20.1;19.4;19
2024-04-08 15:42:40;19.7;22.0;28.6;45.2;66.7;73.3;29 °C;22.7;20.5;20.1;19.4;19
2024-04-08 15:52:44;19.6;22.0;28.6;45.2;66.7;73.3;29 °C;22.8;20.6;20.1;19.4;19
2024-04-08 16:02:41;19.5;22.1;28.6;45.2;66.7;73.4;28.9 °C;22.9;20.6;20.1;19.4;19
2024-04-08 16:12:44;19.5;22.1;28.6;45.2;66.7;73.4;28.8 °C;23;20.6;20.1;19.4;18.9
2024-04-08 16:22:40;19.4;22.1;28.7;45.2;66.7;73.3;28.6 °C;23.1;20.7;20.1;19.4;18.9
2024-04-08 16:32:45;19.4;22.1;28.7;45.1;66.7;73.3;28.5 °C;23.2;20.8;20.1;19.4;18.9
2024-04-08 16:42:42;19.4;22.1;28.7;45.2;66.7;73.4;28.4 °C;23.3;20.8;20.1;19.4;18.9
2024-04-08 16:52:41;19.3;22.2;28.7;45.2;66.7;73.4;28.4 °C;23.4;20.9;20.1;19.4;18.9
2024-04-08 17:02:42;19.3;22.2;28.7;45.2;66.7;73.4;28.3 °C;23.4;20.9;20.1;19.4;18.9
2024-04-08 17:12:40;19.3;22.2;28.7;45.2;66.7;73.3;28.3 °C;23.5;20.9;20.1;19.4;18.9
2024-04-08 17:22:42;19.3;22.2;28.7;45.2;66.7;73.3;28.2 °C;23.6;21;20.2;19.4;18.9
2024-04-08 17:32:45;19.3;22.3;28.7;45.2;66.7;73.3;28.2 °C;23.6;21.1;20.2;19.4;18.9
2024-04-08 17:42:43;19.2;22.2;28.7;45.2;66.7;73.3;28.1 °C;23.6;21.1;20.2;19.4;18.9
2024-04-08 17:52:46;19.2;22.2;28.7;45.2;66.7;73.4;27.9 °C;23.7;21.2;20.3;19.4;18.9
2024-04-08 18:02:45;19.2;22.2;28.7;45.2;66.7;73.3;27.8 °C;23.8;21.3;20.3;19.4;18.9
2024-04-08 18:12:39;19.2;22.3;28.8;45.2;66.7;73.3;27.5 °C;23.8;21.3;20.3;19.4;18.9
2024-04-08 18:22:39;19.2;22.3;28.8;45.3;66.7;73.3;27.3 °C;23.8;21.3;20.3;19.4;18.9
2024-04-08 18:32:44;19.2;22.3;28.8;45.2;66.7;73.4;27.1 °C;23.9;21.4;20.3;19.4;18.9
2024-04-08 18:42:46;19.1;22.3;28.8;45.3;66.7;73.3;26.8 °C;23.9;21.4;20.3;19.4;18.9
2024-04-08 18:52:44;19.1;22.3;28.8;45.3;66.7;73.3;26.6 °C;23.9;21.4;20.3;19.4;18.9
2024-04-08 19:02:41;19.2;22.3;28.8;45.3;66.8;73.4;26.3 °C;23.9;21.5;20.4;19.4;18.9
2024-04-08 19:12:40;19.1;22.3;28.8;45.3;66.8;73.4;26.1 °C;23.9;21.6;20.4;19.4;18.9
2024-04-08 19:22:45;19.1;22.3;28.8;45.3;66.8;73.3;25.8 °C;23.9;21.6;20.4;19.4;18.9
2024-04-08 19:32:46;19.1;22.3;28.8;45.3;66.8;73.4;25.6 °C;23.9;21.6;20.4;19.4;18.9
2024-04-08 19:42:46;19.1;22.3;28.8;45.3;66.8;73.3;25.3 °C;23.9;21.7;20.4;19.4;18.9
2024-04-08 19:52:45;19.1;22.3;28.8;45.3;66.8;73.4;25.1 °C;23.9;21.8;20.5;19.4;18.9
2024-04-08 20:02:47;19.1;22.3;28.9;45.3;66.8;73.4;24.8 °C;23.9;21.8;20.5;19.4;18.9
2024-04-08 20:12:42;19.1;22.3;28.9;45.3;66.8;73.4;24.4 °C;23.8;21.8;20.5;19.4;18.9
2024-04-08 20:22:41;19.1;22.3;28.9;45.4;66.8;73.3;24.1 °C;23.8;21.8;20.6;19.4;18.9
2024-04-08 20:32:39;19.1;22.3;28.9;45.4;66.8;73.4;23.8 °C;23.8;21.9;20.6;19.5;18.9
2024-04-08 20:42:43;19.0;22.3;28.9;45.4;66.8;73.4;23.6 °C;23.7;21.9;20.6;19.5;18.9
2024-04-08 20:52:40;19;22.3;28.9;45.4;66.8;73.4;23.3 °C;23.7;21.9;20.6;19.5;19
2024-04-08 21:02:40;19.0;22.3;28.9;45.4;66.8;73.4;23 °C;23.6;21.9;20.6;19.5;19
2024-04-08 21:12:41;19.0;22.2;28.9;45.4;66.8;73.4;22.8 °C;23.6;21.9;20.7;19.5;19
2024-04-08 21:22:39;19.0;22.3;28.9;45.4;66.9;73.4;22.5 °C;23.5;22;20.7;19.5;19
2024-04-08 21:32:40;19.0;22.2;28.9;45.4;66.9;73.4;22.3 °C;23.4;22;20.7;19.6;19
2024-04-08 21:42:41;19.0;22.2;28.9;45.4;66.9;73.4;22 °C;23.4;22;20.8;19.6;19
2024-04-08 21:52:42;18.9;22.2;29.0;45.4;66.9;73.4;21.8 °C;23.3;22;20.8;19.6;19
2024-04-08 22:02:46;18.9;22.2;29.0;45.4;66.9;73.4;21.6 °C;23.3;22;20.8;19.6;19
2024-04-08 22:12:45;18.9;22.2;29.0;45.4;66.9;73.4;21.4 °C;23.1;22;20.8;19.6;19
2024-04-08 22:22:43;18.9;22.2;29.0;45.4;66.9;73.4;21.2 °C;23.1;22.1;20.8;19.6;19
2024-04-08 22:32:39;18.9;22.2;29.0;45.4;66.9;73.4;21 °C;23;22.1;20.8;19.6;19
2024-04-08 22:42:43;18.9;22.2;29.0;45.5;66.9;73.4;20.8 °C;22.9;22.1;20.8;19.6;19
2024-04-08 22:52:43;18.9;22.2;29.0;45.5;66.9;73.4;20.6 °C;22.9;22;20.9;19.6;19
2024-04-08 23:02:44;18.9;22.2;29.0;45.5;66.9;73.4;20.5 °C;22.8;22;20.9;19.6;19
2024-04-08 23:12:41;18.9;22.1;29.0;45.5;66.9;73.4;20.3 °C;22.7;22;20.9;19.6;19
2024-04-08 23:22:39;18.8;22.2;29.0;45.5;66.9;73.4;20.2 °C;22.6;22;20.9;19.6;19.1
2024-04-08 23:32:43;18.9;22.2;29.0;45.5;67.0;73.4;20 °C;22.6;22;20.9;19.7;19.1
2024-04-08 23:42:43;18.9;22.1;29.0;45.5;66.9;73.4;19.9 °C;22.5;22;20.9;19.7;19.1
2024-04-08 23:52:40;18.9;22.1;29.0;45.5;66.9;73.4;19.7 °C;22.4;22;20.9;19.7;19.1
2024-04-09 00:02:41;18.9;22.1;29.0;45.5;67.0;73.4;19.6 °C;22.4;22;20.9;19.7;19.1
2024-04-09 00:12:39;18.9;22.1;29;45.5;67.0;73.4;19.4 °C;22.3;21.9;20.9;19.7;19.1
2024-04-09 00:22:44;18.9;22.1;29.0;45.5;67.0;73.4;19.3 °C;22.2;21.9;20.9;19.7;19.1
2024-04-09 00:32:40;18.9;22.1;28.9;45.5;67.0;73.4;19.1 °C;22.1;21.9;21;19.8;19.1
2024-04-09 00:42:42;18.9;22.1;29.0;45.5;67.0;73.4;19 °C;22.1;21.9;21;19.8;19.1
2024-04-09 00:52:45;18.8;22.1;28.9;45.5;67.0;73.4;18.8 °C;22;21.9;21;19.8;19.1
2024-04-09 01:02:39;18.8;22.1;28.9;45.5;67.0;73.4;18.7 °C;21.9;21.9;21;19.8;19.1
2024-04-09 01:12:40;18.8;22.1;28.9;45.6;67.0;73.4;18.6 °C;21.9;21.9;21;19.8;19.1
2024-04-09 01:22:41;18.8;22.0;29.0;45.6;67.0;73.4;18.4 °C;21.8;21.8;21;19.8;19.1
2024-04-09 01:32:40;18.8;22.0;29.0;45.6;67.0;73.4;18.3 °C;21.7;21.8;21;19.8;19.1
2024-04-09 01:42:41;18.8;22.1;28.9;45.6;67.0;73.4;18.1 °C;21.6;21.8;21;19.8;19.1
2024-04-09 01:52:43;18.8;22.0;29.0;45.6;67.0;73.4;18 °C;21.6;21.8;21;19.8;19.1
2024-04-09 02:02:39;18.8;22.0;29.0;45.6;67.0;73.4;17.9 °C;21.5;21.8;21;19.8;19.1
2024-04-09 02:12:39;18.8;22.0;29.0;45.6;67.0;73.4;17.8 °C;21.4;21.8;21;19.8;19.1
2024-04-09 02:22:39;18.8;22.0;28.9;45.6;67.0;73.4;17.7 °C;21.4;21.7;21;19.8;19.1
2024-04-09 02:32:43;18.8;22.0;28.9;45.6;67.0;73.4;17.6 °C;21.3;21.7;21;19.8;19.1
2024-04-09 02:42:40;18.8;22.0;29.0;45.6;67.0;73.5;17.4 °C;21.2;21.6;21;19.8;19.1
2024-04-09 02:52:41;18.8;22.0;28.9;45.6;67.0;73.5;17.3 °C;21.1;21.6;21;19.8;19.1
2024-04-09 03:02:43;18.8;22.0;28.9;45.6;67.0;73.5;17.2 °C;21.1;21.6;21;19.8;19.1
2024-04-09 03:12:44;18.8;22.0;28.9;45.6;67.0;73.5;17.1 °C;21;21.6;21;19.8;19.1
2024-04-09 03:22:41;18.8;22.0;28.9;45.6;67.0;73.4;17.1 °C;20.9;21.5;21;19.9;19.2
2024-04-09 03:32:44;18.8;22.0;28.9;45.6;67.0;73.5;17 °C;20.9;21.5;21;19.9;19.2
2024-04-09 03:42:45;18.8;21.9;28.9;45.6;67.0;73.5;16.9 °C;20.8;21.5;21;19.9;19.2
2024-04-09 03:52:39;18.8;21.9;28.9;45.6;67.0;73.5;16.9 °C;20.8;21.4;21;19.9;19.2
2024-04-09 04:02:40;18.8;21.9;28.9;45.6;67;73.5;16.8 °C;20.7;21.4;21;19.9;19.2
2024-04-09 04:12:45;18.8;21.9;29.0;45.6;67.0;73.5;16.7 °C;20.6;21.4;20.9;19.9;19.2
2024-04-09 04:22:39;18.8;21.9;28.9;45.6;67.0;73.5;16.6 °C;20.6;21.4;20.9;19.9;19.2
2024-04-09 04:32:39;18.8;21.9;28.9;45.6;67.0;73.5;16.6 °C;20.5;21.3;20.9;19.9;19.2
2024-04-09 04:42:39;18.8;21.9;28.9;45.6;67.1;73.5;16.5 °C;20.4;21.3;20.9;19.9;19.2
2024-04-09 04:52:43;18.8;21.9;28.9;45.6;67.1;73.5;16.4 °C;20.4;21.3;20.9;19.9;19.2
2024-04-09 05:02:39;18.8;21.9;28.9;45.6;67.0;73.5;16.3 °C;20.3;21.3;20.9;19.9;19.2
2024-04-09 05:12:40;18.8;21.9;28.9;45.6;67.1;73.5;16.3 °C;20.3;21.2;20.9;19.9;19.2
2024-04-09 05:22:42;18.8;21.9;28.9;45.6;67.0;73.5;16.2 °C;20.2;21.2;20.9;19.9;19.2
2024-04-09 05:32:42;18.8;21.9;28.9;45.6;67.0;73.5;16.1 °C;20.1;21.1;20.9;19.9;19.3
2024-04-09 05:42:46;18.8;21.9;28.9;45.6;67.1;73.5;16 °C;20.1;21.1;20.9;19.9;19.3
2024-04-09 05:52:46;18.8;21.9;28.9;45.6;67.0;73.5;15.9 °C;20;21.1;20.9;19.9;19.3
2024-04-09 06:02:46;18.8;21.9;28.9;45.6;67.0;73.5;15.8 °C;19.9;21;20.9;19.9;19.3
2024-04-09 06:12:45;18.8;21.9;28.9;45.5;67.0;73.5;15.8 °C;19.9;21;20.9;19.9;19.3
2024-04-09 06:22:40;18.8;21.9;28.9;45.5;67.0;73.5;15.6 °C;19.8;20.9;20.8;19.9;19.3
2024-04-09 06:32:45;18.8;21.9;28.9;45.5;67.0;73.5;15.6 °C;19.8;20.9;20.8;19.9;19.3
2024-04-09 06:42:39;18.8;21.9;28.9;45.5;67.0;73.5;15.5 °C;19.7;20.9;20.8;19.9;19.3
2024-04-09 06:52:43;18.8;21.9;28.9;45.5;67.0;73.5;15.4 °C;19.6;20.9;20.8;19.9;19.3
2024-04-09 07:02:39;18.8;21.9;28.9;45.5;67.0;73.5;15.4 °C;19.6;20.8;20.8;19.9;19.3
2024-04-09 07:12:44;18.9;21.8;28.9;45.5;67.0;73.5;15.5 °C;19.6;20.8;20.8;19.9;19.3
2024-04-09 07:22:41;18.9;21.9;28.9;45.5;67.0;73.5;15.6 °C;19.5;20.8;20.8;19.9;19.3
2024-04-09 07:32:39;18.9;21.8;28.9;45.5;67.0;73.5;15.7 °C;19.4;20.8;20.8;19.9;19.3
2024-04-09 07:42:41;18.9;21.8;28.9;45.5;67.0;73.5;15.9 °C;19.4;20.7;20.8;19.9;19.3
2024-04-09 07:52:39;18.9;21.8;28.9;45.5;67.0;73.5;16.1 °C;19.3;20.7;20.7;19.9;19.3
2024-04-09 08:02:40;18.9;21.8;28.9;45.5;67.0;73.5;16.4 °C;19.3;20.6;20.7;19.9;19.3
2024-04-09 08:12:41;19.0;21.8;28.9;45.5;67;73.5;16.8 °C;19.3;20.6;20.7;19.9;19.3
2024-04-09 08:22:44;19.0;21.8;28.8;45.5;67.0;73.5;17.3 °C;19.2;20.6;20.7;19.9;19.3
2024-04-09 08:32:41;19.2;21.8;28.8;45.5;67.0;73.5;17.8 °C;19.2;20.6;20.6;19.9;19.3
2024-04-09 08:42:42;18.9;21.8;28.9;45.5;67;73.5;18.3 °C;19.1;20.5;20.6;19.9;19.3
2024-04-09 08:52:39;19.0;21.8;28.9;45.5;67;73.5;18.8 °C;19.1;20.4;20.6;19.9;19.3
2024-04-09 09:02:43;19.2;21.8;28.8;45.5;67;73.5;19.4 °C;19.1;20.4;20.6;19.9;19.3
2024-04-09 09:12:40;19.3;21.8;28.8;45.4;67.0;73.5;19.9 °C;19.1;20.4;20.6;19.8;19.3
2024-04-09 09:22:45;19.3;21.8;28.8;45.4;67.0;73.5;20.6 °C;19.1;20.4;20.6;19.8;19.3
2024-04-09 09:32:44;19.4;21.8;28.8;45.4;67.0;73.5;21.1 °C;19.1;20.4;20.6;19.8;19.3
2024-04-09 09:42:44;19.5;21.9;28.8;45.4;67.0;73.5;21.7 °C;19.1;20.3;20.6;19.8;19.3
2024-04-09 09:52:43;19.5;21.8;28.8;45.4;67.0;73.5;22.3 °C;19.2;20.3;20.5;19.8;19.3
2024-04-09 10:02:43;19.5;21.8;28.8;45.4;67.0;73.5;22.9 °C;19.2;20.3;20.5;19.8;19.3
2024-04-09 10:12:44;19.6;21.8;28.8;45.4;67.0;73.5;23.4 °C;19.3;20.3;20.5;19.8;19.3
2024-04-09 10:22:45;19.7;21.8;28.8;45.4;67.0;73.5;24 °C;19.3;20.2;20.5;19.8;19.3
2024-04-09 10:32:40;19.8;21.8;28.8;45.4;67.0;73.5;24.4 °C;19.4;20.2;20.4;19.8;19.3
2024-04-09 10:42:38;19.8;21.9;28.8;45.4;67.0;73.5;24.9 °C;19.4;20.2;20.4;19.8;19.3
2024-04-09 10:52:42;19.7;21.9;28.8;45.4;67.0;73.5;25.1 °C;19.5;20.1;20.4;19.8;19.3
2024-04-09 11:02:43;19.7;21.9;28.8;45.4;67.0;73.5;25.1 °C;19.6;20.1;20.4;19.8;19.3
2024-04-09 11:12:39;19.6;21.9;28.8;45.4;67.0;73.5;24.9 °C;19.7;20.1;20.4;19.8;19.3
2024-04-09 11:22:40;19.6;21.9;28.8;45.4;66.9;73.5;24.8 °C;19.8;20.1;20.4;19.8;19.3
2024-04-09 11:32:45;19.5;21.9;28.8;45.4;67.0;73.5;24.8 °C;19.8;20.1;20.4;19.8;19.3
2024-04-09 11:42:40;19.6;21.9;28.8;45.4;66.9;73.5;25.1 °C;19.9;20.1;20.3;19.8;19.3
2024-04-09 11:52:42;19.5;21.9;28.8;45.4;66.9;73.5;25.5 °C;20;20.1;20.3;19.8;19.3
2024-04-09 12:02:46;19.6;21.9;28.8;45.4;66.9;73.5;25.9 °C;20.1;20.1;20.3;19.8;19.3
2024-04-09 12:12:42;19.6;21.9;28.8;45.4;66.9;73.5;26.4 °C;20.2;20.1;20.3;19.8;19.3
2024-04-09 12:22:45;19.5;21.9;28.8;45.3;66.9;73.5;26.8 °C;20.3;20.1;20.3;19.8;19.3
2024-04-09 12:32:43;19.7;21.9;28.8;45.4;66.9;73.5;27.3 °C;20.4;20.1;20.3;19.8;19.3
2024-04-09 12:42:45;19.6;22.0;28.8;45.4;66.9;73.5;27.6 °C;20.4;20.1;20.3;19.7;19.3
2024-04-09 12:52:43;19.6;21.9;28.8;45.3;66.9;73.5;28 °C;20.6;20.1;20.3;19.7;19.3
2024-04-09 13:02:44;19.6;22.0;28.8;45.4;66.9;73.5;28.3 °C;20.6;20.1;20.3;19.7;19.3
2024-04-09 13:12:46;19.6;22.0;28.8;45.3;66.9;73.5;28.5 °C;20.8;20.1;20.3;19.7;19.3
2024-04-09 13:22:41;19.6;22.0;28.8;45.4;66.9;73.5;28.7 °C;20.9;20.1;20.2;19.7;19.3
2024-04-09 13:32:40;19.6;22.0;28.8;45.3;66.9;73.5;28.9 °C;21;20.1;20.2;19.7;19.3
2024-04-09 13:42:39;19.4;22.0;28.8;45.3;66.9;73.5;29 °C;21.1;20.1;20.2;19.7;19.3
2024-04-09 13:52:51;19.5;22.1;28.8;45.3;66.9;73.5;29.1 °C;21.3;20.2;20.2;19.7;19.3
2024-04-09 14:02:40;19.4;22.1;28.8;45.3;66.9;73.5;29.1 °C;21.4;20.2;20.2;19.7;19.3
2024-04-09 14:12:41;19.4;22.1;28.8;45.3;66.9;73.5;29.1 °C;21.6;20.2;20.2;19.6;19.3
2024-04-09 14:22:43;19.3;22.1;28.8;45.3;66.9;73.5;29.1 °C;21.7;20.3;20.2;19.6;19.3
2024-04-09 14:32:45;19.3;22.1;28.8;45.3;66.9;73.5;29.1 °C;21.8;20.3;20.2;19.6;19.3
2024-04-09 14:42:44;19.3;22.1;28.8;45.3;66.9;73.5;29.1 °C;21.9;20.3;20.2;19.6;19.3
2024-04-09 14:52:42;19.2;22.2;28.8;45.3;66.9;73.5;29.1 °C;22.1;20.3;20.2;19.6;19.3
2024-04-09 15:02:42;19.2;22.2;28.8;45.3;66.9;73.5;29.2 °C;22.2;20.4;20.2;19.6;19.3
2024-04-09 15:12:41;19.2;22.2;28.8;45.3;66.9;73.5;29.2 °C;22.3;20.4;20.2;19.6;19.3
2024-04-09 15:22:40;19.1;22.2;28.9;45.3;66.9;73.5;29.1 °C;22.4;20.4;20.2;19.6;19.3
2024-04-09 15:32:42;19.1;22.2;28.9;45.3;66.9;73.5;29.1 °C;22.6;20.5;20.2;19.6;19.3
2024-04-09 15:42:38;19.0;22.2;28.9;45.3;66.9;73.5;29 °C;22.6;20.6;20.2;19.6;19.3
2024-04-09 15:52:38;19.0;22.2;28.9;45.3;66.9;73.5;28.9 °C;22.8;20.6;20.2;19.6;19.3
2024-04-09 16:02:38;18.9;22.2;28.9;45.3;66.9;73.5;28.9 °C;22.9;20.6;20.2;19.6;19.3
2024-04-09 16:12:42;18.9;22.3;28.9;45.3;66.9;73.5;28.8 °C;22.9;20.7;20.2;19.6;19.3
2024-04-09 16:22:38;18.8;22.3;28.9;45.3;66.9;73.5;28.7 °C;23.1;20.8;20.2;19.6;19.3
2024-04-09 16:32:38;18.7;22.3;28.9;45.4;66.9;73.5;28.6 °C;23.1;20.8;20.3;19.6;19.3
2024-04-09 16:42:39;18.7;22.3;28.9;45.3;66.9;73.5;28.4 °C;23.2;20.8;20.3;19.6;19.3
2024-04-09 16:52:44;18.7;22.3;28.9;45.4;66.9;73.5;28.3 °C;23.3;20.9;20.3;19.6;19.3
2024-04-09 17:02:42;18.6;22.3;28.9;45.4;66.9;73.5;28.2 °C;23.3;20.9;20.3;19.6;19.3
2024-04-09 17:12:45;18.6;22.4;28.9;45.4;66.9;73.5;28.1 °C;23.4;21;20.3;19.6;19.3
2024-04-09 17:22:44;18.6;22.3;29.0;45.3;66.9;73.5;28 °C;23.4;21.1;20.3;19.6;19.3
2024-04-09 17:32:39;18.5;22.3;28.9;45.4;66.9;73.5;27.9 °C;23.5;21.1;20.3;19.6;19.2
2024-04-09 17:42:39;18.5;22.4;28.9;45.4;66.9;73.5;27.9 °C;23.6;21.1;20.3;19.6;19.2
2024-04-09 17:52:44;18.5;22.4;29.0;45.4;66.9;73.5;27.8 °C;23.6;21.2;20.4;19.6;19.3
2024-04-09 18:02:38;18.5;22.4;29.0;45.4;66.9;73.5;27.6 °C;23.6;21.3;20.4;19.6;19.2
2024-04-09 18:12:38;18.5;22.4;29.0;45.4;66.9;73.5;27.4 °C;23.7;21.3;20.4;19.6;19.3
2024-04-09 18:22:39;18.5;22.4;29.0;45.4;66.9;73.5;27.3 °C;23.7;21.4;20.4;19.6;19.2
2024-04-09 18:32:44;18.5;22.4;29.0;45.4;66.9;73.5;27.1 °C;23.8;21.4;20.4;19.6;19.2
2024-04-09 18:42:42;18.5;22.4;29.0;45.4;66.9;73.5;26.9 °C;23.8;21.4;20.4;19.6;19.2
2024-04-09 18:52:45;18.5;22.4;29.0;45.4;66.9;73.5;26.8 °C;23.8;21.5;20.4;19.6;19.2
2024-04-09 19:02:45;18.5;22.4;29.0;45.5;66.9;73.5;26.6 °C;23.8;21.6;20.5;19.6;19.2
2024-04-09 19:12:40;18.5;22.4;29.0;45.5;66.9;73.5;26.4 °C;23.8;21.6;20.5;19.6;19.2
2024-04-09 19:22:42;18.5;22.4;29.0;45.5;66.9;73.5;26.1 °C;23.8;21.6;20.5;19.6;19.2
2024-04-09 19:32:42;18.4;22.4;29.0;45.4;66.9;73.5;25.8 °C;23.8;21.7;20.6;19.6;19.2
2024-04-09 19:42:41;18.4;22.4;29.0;45.5;67.0;73.5;25.5 °C;23.8;21.7;20.6;19.6;19.2
2024-04-09 19:52:44;18.5;22.4;29.0;45.5;67.0;73.5;25.2 °C;23.8;21.8;20.6;19.6;19.2
2024-04-09 20:02:43;18.4;22.4;29.0;45.5;67.0;73.5;24.9 °C;23.8;21.8;20.6;19.6;19.2
2024-04-09 20:12:40;18.4;22.4;29.1;45.5;67.0;73.5;24.6 °C;23.8;21.8;20.6;19.6;19.2
2024-04-09 20:22:41;18.4;22.4;29.1;45.5;67.0;73.5;24.3 °C;23.7;21.8;20.7;19.7;19.2
2024-04-09 20:32:41;18.4;22.4;29.1;45.5;67.0;73.5;23.9 °C;23.7;21.9;20.7;19.7;19.2
2024-04-09 20:42:41;18.4;22.4;29.1;45.5;67.0;73.5;23.6 °C;23.6;21.9;20.7;19.7;19.2
2024-04-09 20:52:44;18.3;22.4;29.1;45.5;67.0;73.5;23.3 °C;23.6;21.9;20.8;19.7;19.2
2024-04-09 21:02:42;18.3;22.4;29.1;45.5;67.0;73.5;23.1 °C;23.5;21.9;20.8;19.7;19.3
2024-04-09 21:12:45;18.3;22.4;29.1;45.5;67.0;73.5;22.8 °C;23.4;21.9;20.8;19.7;19.3
2024-04-09 21:22:45;18.3;22.4;29.1;45.5;67.0;73.5;22.6 °C;23.4;22;20.8;19.8;19.3
2024-04-09 21:32:40;18.3;22.3;29.1;45.5;67.0;73.5;22.3 °C;23.3;22;20.8;19.8;19.3
2024-04-09 21:42:43;18.3;22.4;29.1;45.6;67.0;73.5;22.1 °C;23.3;22;20.9;19.8;19.3
2024-04-09 21:52:45;18.3;22.3;29.1;45.6;67.0;73.5;21.9 °C;23.2;22;20.9;19.8;19.3
2024-04-09 22:02:40;18.2;22.3;29.1;45.6;67.0;73.5;21.7 °C;23.1;22;20.9;19.8;19.3
2024-04-09 22:12:41;18.3;22.3;29.1;45.6;67.0;73.5;21.5 °C;23.1;22.1;20.9;19.8;19.3
2024-04-09 22:22:41;18.2;22.3;29.1;45.6;67.0;73.5;21.4 °C;23;22.1;20.9;19.8;19.3
2024-04-09 22:32:41;18.2;22.3;29.1;45.6;67.1;73.5;21.2 °C;22.9;22.1;20.9;19.8;19.3
2024-04-09 22:42:43;18.2;22.3;29.1;45.6;67.1;73.5;21 °C;22.9;22.1;20.9;19.8;19.3
2024-04-09 22:52:41;18.2;22.3;29.1;45.6;67.1;73.5;20.9 °C;22.8;22.1;21;19.8;19.3
2024-04-09 23:02:45;18.3;22.3;29.2;45.6;67.1;73.5;20.7 °C;22.8;22.1;21;19.8;19.3
2024-04-09 23:12:44;18.2;22.2;29.1;45.6;67.1;73.5;20.6 °C;22.7;22.1;21;19.8;19.3
2024-04-09 23:22:46;18.2;22.3;29.2;45.6;67.1;73.5;20.5 °C;22.6;22.1;21;19.8;19.3
2024-04-09 23:32:46;18.3;22.2;29.2;45.7;67.1;73.5;20.4 °C;22.6;22;21;19.9;19.3
2024-04-09 23:42:41;18.3;22.3;29.1;45.6;67.1;73.6;20.3 °C;22.4;22;21.1;19.9;19.3
2024-04-09 23:52:42;18.3;22.2;29.1;45.7;67.1;73.5;20.1 °C;22.4;22;21.1;19.9;19.3
2024-04-10 00:02:41;18.2;22.2;29.2;45.7;67.1;73.6;19.9 °C;22.3;22;21.1;19.9;19.3
2024-04-10 00:12:41;18.2;22.2;29.2;45.7;67.1;73.5;19.8 °C;22.3;22;21.1;19.9;19.3
2024-04-10 00:22:45;18.3;22.2;29.2;45.7;67.1;73.6;19.7 °C;22.2;22;21.1;19.9;19.3
2024-04-10 00:32:43;18.2;22.2;29.1;45.7;67.1;73.6;19.6 °C;22.1;21.9;21.1;19.9;19.3
2024-04-10 00:42:41;18.2;22.2;29.1;45.7;67.1;73.6;19.4 °C;22.1;21.9;21.1;19.9;19.3
2024-04-10 00:52:44;18.2;22.2;29.1;45.7;67.1;73.6;19.3 °C;22;21.9;21.1;19.9;19.3
2024-04-10 01:02:39;18.2;22.2;29.2;45.7;67.1;73.6;19.3 °C;21.9;21.9;21.1;19.9;19.3
2024-04-10 01:12:44;18.2;22.2;29.1;45.7;67.1;73.6;19.1 °C;21.9;21.9;21.1;19.9;19.3
2024-04-10 01:22:43;18.2;22.2;29.1;45.7;67.1;73.6;19 °C;21.8;21.9;21.1;19.9;19.3
2024-04-10 01:32:45;18.2;22.2;29.1;45.7;67.1;73.6;18.9 °C;21.8;21.9;21.1;19.9;19.3
2024-04-10 01:42:43;18.2;22.1;29.2;45.7;67.1;73.6;18.8 °C;21.7;21.8;21.1;19.9;19.3
2024-04-10 01:52:45;18.2;22.1;29.2;45.7;67.1;73.6;18.7 °C;21.6;21.8;21.1;19.9;19.3
2024-04-10 02:02:40;18.2;22.1;29.1;45.7;67.1;73.6;18.6 °C;21.6;21.8;21.1;20;19.3
2024-04-10 02:12:39;18.2;22.1;29.1;45.7;67.2;73.6;18.4 °C;21.5;21.8;21.1;20;19.4
2024-04-10 02:22:44;18.2;22.1;29.2;45.7;67.1;73.6;18.4 °C;21.4;21.8;21.1;20;19.4
2024-04-10 02:32:39;18.2;22.1;29.1;45.7;67.2;73.6;18.3 °C;21.4;21.8;21.1;20;19.4
2024-04-10 02:42:41;18.2;22.1;29.1;45.7;67.1;73.6;18.2 °C;21.3;21.7;21.1;20;19.4
2024-04-10 02:52:44;18.2;22.1;29.1;45.7;67.2;73.6;18.1 °C;21.3;21.7;21.1;20;19.4
2024-04-10 03:02:38;18.2;22.1;29.1;45.7;67.2;73.6;17.9 °C;21.2;21.6;21.1;20;19.4
2024-04-10 03:12:39;18.2;22.1;29.2;45.7;67.2;73.6;17.9 °C;21.1;21.6;21.1;20;19.4
2024-04-10 03:22:41;18.2;22.1;29.2;45.7;67.2;73.6;17.8 °C;21.1;21.6;21.1;20;19.4
2024-04-10 03:32:39;18.2;22.1;29.1;45.7;67.2;73.6;17.6 °C;21;21.6;21.1;20;19.4
2024-04-10 03:42:41;18.2;22.1;29.1;45.7;67.2;73.6;17.6 °C;20.9;21.6;21.1;20;19.4
2024-04-10 03:52:44;18.2;22.1;29.1;45.7;67.2;73.6;17.5 °C;20.9;21.5;21.1;20.1;19.4
2024-04-10 04:02:43;18.2;22.1;29.1;45.7;67.2;73.6;17.4 °C;20.9;21.5;21.1;20.1;19.4
2024-04-10 04:12:41;18.2;22.1;29.1;45.7;67.2;73.6;17.3 °C;20.8;21.5;21.1;20.1;19.4
2024-04-10 04:22:44;18.2;22.0;29.1;45.7;67.2;73.6;17.2 °C;20.8;21.4;21.1;20.1;19.4
2024-04-10 04:32:38;18.2;22.1;29.1;45.7;67.2;73.6;17.1 °C;20.7;21.4;21.1;20.1;19.4
2024-04-10 04:42:43;18.2;22.0;29.1;45.7;67.2;73.6;17 °C;20.6;21.4;21.1;20.1;19.4
2024-04-10 04:52:40;18.2;22.0;29.1;45.7;67.2;73.6;16.9 °C;20.6;21.4;21.1;20.1;19.4
2024-04-10 05:02:38;18.2;22.0;29.1;45.7;67.2;73.6;16.8 °C;20.5;21.3;21.1;20.1;19.4
2024-04-10 05:12:39;18.2;22.0;29.1;45.7;67.2;73.6;16.8 °C;20.4;21.3;21.1;20.1;19.4
2024-04-10 05:22:44;18.2;22.0;29.1;45.7;67.2;73.6;16.6 °C;20.4;21.3;21;20.1;19.4
2024-04-10 05:32:42;18.2;22.0;29.1;45.7;67.2;73.6;16.6 °C;20.3;21.3;21;20.1;19.4
2024-04-10 05:42:39;18.2;22.0;29.1;45.7;67.2;73.6;16.4 °C;20.3;21.2;21;20.1;19.4
2024-04-10 05:52:40;18.2;22.0;29.1;45.7;67.2;73.6;16.4 °C;20.3;21.2;21;20.1;19.4
2024-04-10 06:02:39;18.2;22.0;29.1;45.7;67.2;73.6;16.3 °C;20.2;21.1;21;20.1;19.4
2024-04-10 06:12:45;18.2;22.0;29.1;45.7;67.2;73.6;16.1 °C;20.1;21.1;21;20.1;19.4
2024-04-10 06:22:44;18.2;22.0;29.1;45.7;67.2;73.6;16.1 °C;20.1;21.1;21;20.1;19.4
2024-04-10 06:32:42;18.2;22.0;29.1;45.7;67.2;73.6;15.9 °C;20;21.1;20.9;20.1;19.4
2024-04-10 06:42:39;18.2;22.0;29.1;45.7;67.2;73.6;15.8 °C;19.9;21.1;20.9;20.1;19.4
2024-04-10 06:52:44;18.2;22.0;29.1;45.7;67.2;73.6;15.8 °C;19.9;21;20.9;20.1;19.4
2024-04-10 07:02:39;18.2;22.0;29.1;45.7;67.2;73.6;15.7 °C;19.8;21;20.9;20.1;19.4
2024-04-10 07:12:45;18.2;22.0;29.1;45.7;67.2;73.6;15.6 °C;19.8;20.9;20.9;20.1;19.4
2024-04-10 07:32:39;18.2;22.0;29.1;45.7;67.2;73.6;15.8 °C;19.7;20.9;20.9;20.1;19.5
2024-04-10 07:42:41;18.2;21.9;29.1;45.7;67.2;73.6;15.8 °C;19.6;20.9;20.9;20.1;19.5
2024-04-10 07:52:41;18.3;21.9;29.0;45.7;67.2;73.6;15.9 °C;19.6;20.8;20.9;20.1;19.5
2024-04-10 08:02:41;18.2;22.0;29.0;45.7;67.2;73.6;16.1 °C;19.5;20.8;20.9;20.1;19.5
2024-04-10 08:12:43;18.2;21.9;29.0;45.7;67.2;73.7;16.3 °C;19.4;20.8;20.8;20.1;19.5
2024-04-10 08:22:42;18.3;21.9;29.0;45.7;67.2;73.6;16.4 °C;19.4;20.8;20.8;20.1;19.5
2024-04-10 08:32:38;18.3;21.9;29.0;45.7;67.2;73.7;16.6 °C;19.4;20.7;20.8;20.1;19.5
2024-04-10 08:42:38;18.3;21.9;29.0;45.7;67.2;73.7;16.8 °C;19.3;20.7;20.8;20;19.5
2024-04-10 08:52:44;18.3;21.9;29.0;45.7;67.2;73.7;17 °C;19.3;20.6;20.8;20;19.5
2024-04-10 09:02:38;18.4;21.9;29.0;45.7;67.2;73.6;17.3 °C;19.3;20.6;20.8;20;19.5
2024-04-10 09:12:39;18.4;21.9;29.0;45.7;67.2;73.7;17.5 °C;19.3;20.6;20.8;20;19.5
2024-04-10 09:22:41;18.4;21.9;29.0;45.7;67.2;73.7;17.8 °C;19.3;20.6;20.8;20;19.5
2024-04-10 09:32:41;18.4;21.9;29.0;45.7;67.2;73.7;18.2 °C;19.2;20.5;20.7;20;19.5
2024-04-10 09:42:45;18.5;21.9;29.0;45.7;67.1;73.6;18.8 °C;19.2;20.5;20.7;20;19.5
2024-04-10 09:52:44;18.5;21.9;29.0;45.7;67.2;73.7;19.4 °C;19.2;20.4;20.7;20;19.5
2024-04-10 10:02:43;18.6;21.9;29.0;45.6;67.2;73.6;20.1 °C;19.2;20.4;20.7;20;19.5
2024-04-10 10:12:40;18.6;21.9;29.0;45.6;67.2;73.6;20.6 °C;19.2;20.4;20.6;20;19.5
2024-04-10 10:22:39;18.7;21.9;29.0;45.6;67.1;73.6;21.1 °C;19.3;20.4;20.6;20;19.5
2024-04-10 10:32:45;18.7;21.9;29.0;45.6;67.1;73.7;21.4 °C;19.3;20.4;20.6;20;19.5
2024-04-10 10:42:40;18.7;21.9;29.0;45.6;67.1;73.7;21.7 °C;19.3;20.3;20.6;20;19.5
2024-04-10 10:52:44;18.8;22.0;29.0;45.6;67.1;73.7;22 °C;19.3;20.3;20.6;20;19.5
2024-04-10 11:02:42;18.8;21.9;29.0;45.6;67.1;73.6;22.3 °C;19.4;20.3;20.6;19.9;19.5
2024-04-10 11:12:43;18.8;22.0;29.0;45.6;67.1;73.7;22.6 °C;19.4;20.3;20.6;19.9;19.5
2024-04-10 11:22:40;18.8;22.0;29.0;45.6;67.1;73.6;22.8 °C;19.5;20.3;20.6;19.9;19.5
2024-04-10 11:32:38;18.9;22.0;29.0;45.6;67.1;73.7;23.2 °C;19.6;20.3;20.5;19.9;19.5
2024-04-10 11:42:43;18.9;22.0;29.0;45.6;67.1;73.6;23.7 °C;19.6;20.2;20.5;19.9;19.5
2024-04-10 11:52:38;18.9;22.0;29.0;45.6;67.1;73.6;24.2 °C;19.7;20.2;20.5;19.9;19.5
2024-04-10 12:02:38;19.0;22.0;29.0;45.6;67.1;73.7;24.6 °C;19.8;20.2;20.5;19.9;19.5
2024-04-10 12:12:39;19.0;22.0;29.0;45.6;67.1;73.6;25.1 °C;19.8;20.2;20.5;19.9;19.5
2024-04-10 12:22:44;19.0;22.0;29.0;45.6;67.1;73.7;25.6 °C;19.9;20.2;20.4;19.9;19.5
2024-04-10 12:32:43;19.1;22.0;29.0;45.6;67.1;73.6;26.1 °C;20;20.2;20.4;19.9;19.5
2024-04-10 12:42:40;19.1;22.0;29.0;45.6;67.1;73.6;26.5 °C;20.1;20.2;20.4;19.9;19.5
2024-04-10 12:52:42;19.1;22.0;29.0;45.6;67.1;73.6;27 °C;20.2;20.2;20.4;19.9;19.5
2024-04-10 13:02:43;19.2;22.0;29.0;45.6;67.1;73.6;27.5 °C;20.3;20.2;20.4;19.9;19.5
2024-04-10 13:12:38;19.2;22.0;29.0;45.6;67.1;73.7;28 °C;20.4;20.2;20.4;19.9;19.5
2024-04-10 13:22:39;19.3;22.1;29.0;45.6;67.1;73.6;28.6 °C;20.5;20.2;20.4;19.9;19.5
2024-04-10 13:32:44;19.3;22.1;29.0;45.6;67.1;73.7;29.1 °C;20.6;20.2;20.4;19.9;19.5
2024-04-10 13:42:39;19.3;22.1;29.0;45.6;67.1;73.6;29.4 °C;20.8;20.2;20.4;19.9;19.5
2024-04-10 13:52:42;19.3;22.1;29.0;45.5;67.1;73.6;29.9 °C;20.9;20.2;20.4;19.9;19.5
2024-04-10 14:02:39;19.4;22.2;29.0;45.6;67.1;73.6;30.3 °C;21.1;20.3;20.4;19.9;19.5
2024-04-10 14:12:44;19.4;22.1;29.0;45.6;67.1;73.6;30.6 °C;21.2;20.3;20.3;19.9;19.4
2024-04-10 14:22:44;19.4;22.2;29.0;45.5;67.1;73.6;30.8 °C;21.3;20.3;20.3;19.8;19.4
2024-04-10 14:32:39;19.3;22.2;29.0;45.5;67.1;73.6;30.8 °C;21.5;20.3;20.3;19.8;19.5
2024-04-10 14:42:41;19.4;22.2;29.0;45.5;67.1;73.6;30.9 °C;21.6;20.3;20.3;19.8;19.4
2024-04-10 14:52:41;19.3;22.2;29.0;45.5;67.0;73.6;31.1 °C;21.8;20.3;20.3;19.8;19.4
2024-04-10 15:02:41;19.4;22.2;29.0;45.5;67.1;73.6;31.3 °C;21.9;20.4;20.3;19.8;19.4
2024-04-10 15:12:44;19.4;22.2;29.0;45.5;67.1;73.6;31.3 °C;22.1;20.4;20.3;19.8;19.4
2024-04-10 15:22:44;19.3;22.3;29.0;45.5;67.0;73.6;31.3 °C;22.3;20.4;20.3;19.8;19.4
2024-04-10 15:32:42;19.3;22.3;29.0;45.5;67.0;73.6;31.3 °C;22.4;20.5;20.3;19.8;19.4
2024-04-10 15:42:39;19.2;22.3;29.0;45.5;67.0;73.6;31.3 °C;22.5;20.5;20.3;19.8;19.4
2024-04-10 15:52:37;19.2;22.3;29.0;45.5;67.1;73.6;31.2 °C;22.6;20.6;20.3;19.8;19.4
2024-04-10 16:02:42;19.2;22.4;29.0;45.5;67.0;73.6;31.3 °C;22.8;20.6;20.3;19.8;19.4
2024-04-10 16:12:43;19.2;22.3;29.0;45.5;67.0;73.6;31.4 °C;22.9;20.7;20.3;19.8;19.4
2024-04-10 16:22:41;19.2;22.4;29.0;45.5;67.0;73.6;31.5 °C;23;20.7;20.3;19.8;19.4
2024-04-10 16:32:45;19.2;22.4;29.0;45.6;67.0;73.6;31.5 °C;23.1;20.8;20.4;19.8;19.4
2024-04-10 16:42:40;19.2;22.4;29.0;45.5;67.0;73.6;31.4 °C;23.3;20.8;20.4;19.8;19.4
2024-04-10 16:52:40;19.2;22.4;29.1;45.6;67.0;73.6;31.2 °C;23.4;20.9;20.4;19.8;19.4
2024-04-10 17:02:42;19.1;22.4;29.1;45.6;67.0;73.6;30.9 °C;23.4;20.9;20.4;19.8;19.4
2024-04-10 17:12:43;19.1;22.4;29.1;45.5;67.0;73.6;30.6 °C;23.5;21;20.4;19.8;19.4
2024-04-10 17:22:41;19.1;22.4;29.1;45.6;67.0;73.6;30.2 °C;23.6;21;20.4;19.8;19.4
2024-04-10 17:32:38;19.0;22.4;29.1;45.6;67.0;73.6;29.8 °C;23.7;21.1;20.4;19.8;19.4
2024-04-10 17:42:42;19.0;22.5;29.1;45.6;67.0;73.6;29.4 °C;23.8;21.1;20.4;19.8;19.4
2024-04-10 17:52:43;19.0;22.5;29.1;45.6;67.0;73.6;29.1 °C;23.8;21.2;20.4;19.8;19.4
2024-04-10 18:02:38;18.9;22.5;29.1;45.6;67.0;73.6;28.8 °C;23.8;21.3;20.4;19.8;19.4
2024-04-10 18:12:39;18.9;22.5;29.1;45.6;67.0;73.6;28.4 °C;23.9;21.3;20.5;19.8;19.4
2024-04-10 18:22:45;18.9;22.5;29.1;45.6;67.0;73.6;28.2 °C;23.9;21.4;20.5;19.8;19.4
2024-04-10 18:32:40;18.9;22.5;29.1;45.6;67.0;73.6;27.9 °C;23.9;21.4;20.5;19.8;19.4
2024-04-10 18:42:43;18.8;22.5;29.1;45.6;67.0;73.6;27.6 °C;23.9;21.4;20.6;19.8;19.4
2024-04-10 18:52:41;18.8;22.5;29.1;45.6;67.0;73.6;27.3 °C;23.9;21.5;20.6;19.8;19.4
2024-04-10 19:02:41;18.8;22.5;29.2;45.6;67.0;73.6;27.1 °C;23.9;21.6;20.6;19.8;19.4
2024-04-10 19:12:37;18.7;22.5;29.2;45.6;67.0;73.6;26.8 °C;23.9;21.6;20.6;19.8;19.4
2024-04-10 19:22:42;18.7;22.5;29.2;45.6;67.1;73.6;26.4 °C;23.9;21.6;20.6;19.8;19.4
2024-04-10 19:32:43;18.7;22.5;29.2;45.6;67.1;73.6;26.2 °C;23.9;21.7;20.6;19.8;19.4
2024-04-10 19:42:45;18.6;22.5;29.2;45.7;67.1;73.6;25.9 °C;23.8;21.7;20.7;19.8;19.4
2024-04-10 19:52:44;18.6;22.5;29.2;45.7;67.1;73.6;25.6 °C;23.8;21.8;20.7;19.8;19.4
2024-04-10 20:02:40;18.6;22.5;29.2;45.7;67.1;73.6;25.3 °C;23.8;21.8;20.7;19.8;19.4
2024-04-10 20:12:39;18.5;22.5;29.2;45.7;67.1;73.6;25 °C;23.8;21.8;20.8;19.8;19.4
2024-04-10 20:22:38;18.5;22.4;29.2;45.7;67.1;73.6;24.7 °C;23.7;21.8;20.8;19.8;19.4
2024-04-10 20:32:44;18.5;22.4;29.2;45.7;67.1;73.6;24.4 °C;23.7;21.9;20.8;19.8;19.4
2024-04-10 20:42:42;18.5;22.4;29.2;45.7;67.1;73.6;24.1 °C;23.6;21.9;20.8;19.8;19.4
2024-04-10 20:52:39;18.5;22.4;29.2;45.7;67.1;73.6;23.8 °C;23.6;21.9;20.8;19.8;19.4
2024-04-10 21:02:42;18.5;22.4;29.2;45.7;67.1;73.6;23.6 °C;23.5;21.9;20.8;19.9;19.4
2024-04-10 21:12:42;18.5;22.4;29.2;45.7;67.1;73.6;23.3 °C;23.5;21.9;20.9;19.9;19.4
2024-04-10 21:22:44;18.5;22.4;29.3;45.7;67.1;73.6;23.1 °C;23.4;21.9;20.9;19.9;19.4
2024-04-10 21:32:43;18.5;22.4;29.2;45.8;67.1;73.6;22.9 °C;23.4;22;20.9;19.9;19.4
2024-04-10 21:42:38;18.5;22.4;29.3;45.7;67.1;73.6;22.8 °C;23.3;22;20.9;19.9;19.4
2024-04-10 21:52:44;18.4;22.4;29.3;45.7;67.1;73.6;22.6 °C;23.3;22;20.9;19.9;19.4
2024-04-10 22:02:39;18.4;22.4;29.3;45.8;67.2;73.6;22.4 °C;23.2;22;20.9;19.9;19.4
2024-04-10 22:12:44;18.5;22.4;29.3;45.8;67.1;73.6;22.3 °C;23.1;22;20.9;19.9;19.4
2024-04-10 22:22:44;18.4;22.3;29.3;45.8;67.1;73.6;22.1 °C;23.1;22;21;19.9;19.4
2024-04-10 22:32:39;18.4;22.3;29.3;45.8;67.1;73.6;22 °C;23;22;21;19.9;19.4
2024-04-10 22:42:43;18.4;22.3;29.3;45.8;67.1;73.6;21.9 °C;22.9;22.1;21;19.9;19.4
2024-04-10 22:52:44;18.4;22.3;29.3;45.8;67.2;73.6;21.8 °C;22.9;22;21;19.9;19.4
2024-04-10 23:02:40;18.4;22.3;29.3;45.8;67.2;73.6;21.7 °C;22.8;22;21.1;19.9;19.4
2024-04-10 23:12:43;18.4;22.3;29.3;45.8;67.2;73.6;21.6 °C;22.8;22;21.1;19.9;19.4
2024-04-10 23:22:38;18.4;22.3;29.3;45.8;67.2;73.6;21.5 °C;22.7;22;21.1;19.9;19.4
2024-04-10 23:32:43;18.4;22.3;29.3;45.8;67.2;73.6;21.4 °C;22.6;22;21.1;20;19.4
2024-04-10 23:42:42;18.4;22.3;29.3;45.8;67.2;73.6;21.3 °C;22.6;22;21.1;20;19.4
2024-04-10 23:52:43;18.4;22.3;29.2;45.8;67.2;73.6;21.2 °C;22.5;22;21.1;20;19.4
2024-04-11 00:02:42;18.4;22.2;29.2;45.8;67.2;73.6;21.1 °C;22.5;22;21.1;20;19.4
2024-04-11 00:12:42;18.3;22.3;29.2;45.8;67.2;73.6;21 °C;22.4;22;21.1;20;19.4
2024-04-11 00:22:44;18.3;22.3;29.2;45.8;67.2;73.6;20.9 °C;22.4;22;21.1;20;19.5
2024-04-11 00:32:40;18.4;22.3;29.2;45.8;67.2;73.6;20.8 °C;22.3;21.9;21.1;20;19.5
2024-04-11 00:42:41;18.4;22.3;29.2;45.8;67.2;73.7;20.8 °C;22.3;21.9;21.1;20.1;19.5
2024-04-11 00:52:40;18.4;22.2;29.2;45.8;67.2;73.7;20.6 °C;22.2;21.9;21.1;20.1;19.5
2024-04-11 01:02:40;18.4;22.2;29.2;45.8;67.2;73.7;20.5 °C;22.1;21.9;21.1;20.1;19.5
2024-04-11 01:12:43;18.4;22.2;29.2;45.9;67.2;73.7;20.4 °C;22.1;21.9;21.1;20.1;19.5
2024-04-11 01:22:41;18.4;22.2;29.2;45.8;67.2;73.7;20.4 °C;22.1;21.9;21.2;20.1;19.5
2024-04-11 01:32:38;18.4;22.2;29.2;45.8;67.2;73.7;20.3 °C;22;21.9;21.2;20.1;19.5
2024-04-11 01:42:39;18.4;22.2;29.2;45.8;67.2;73.7;20.2 °C;21.9;21.9;21.2;20.1;19.5
2024-04-11 01:52:39;18.3;22.2;29.2;45.8;67.2;73.7;20.1 °C;21.9;21.9;21.2;20.1;19.5
2024-04-11 02:02:44;18.3;22.2;29.2;45.8;67.2;73.7;20.1 °C;21.9;21.8;21.2;20.1;19.5
2024-04-11 02:12:44;18.3;22.2;29.2;45.9;67.2;73.7;20 °C;21.8;21.8;21.2;20.1;19.5
2024-04-11 02:22:43;18.4;22.2;29.2;45.9;67.2;73.7;19.9 °C;21.8;21.8;21.2;20.1;19.5
2024-04-11 02:32:42;18.3;22.2;29.2;45.9;67.2;73.7;19.8 °C;21.7;21.8;21.2;20.1;19.5
2024-04-11 02:42:44;18.3;22.2;29.2;45.9;67.2;73.7;19.8 °C;21.7;21.8;21.2;20.1;19.5
2024-04-11 02:52:39;18.3;22.2;29.2;45.9;67.2;73.7;19.7 °C;21.6;21.8;21.2;20.1;19.5
2024-04-11 03:02:38;18.4;22.1;29.2;45.9;67.2;73.6;19.6 °C;21.6;21.8;21.2;20.1;19.6
2024-04-11 03:12:43;18.3;22.1;29.2;45.9;67.2;73.7;19.6 °C;21.5;21.7;21.2;20.1;19.6
2024-04-11 03:22:38;18.3;22.1;29.2;45.8;67.2;73.6;19.4 °C;21.5;21.7;21.2;20.1;19.6
2024-04-11 03:32:40;18.4;22.2;29.2;45.8;67.2;73.7;19.4 °C;21.4;21.7;21.2;20.1;19.6
2024-04-11 03:42:44;18.4;22.1;29.2;45.9;67.2;73.7;19.3 °C;21.4;21.7;21.2;20.1;19.6
2024-04-11 03:52:40;18.3;22.1;29.2;45.9;67.2;73.7;19.3 °C;21.3;21.6;21.2;20.1;19.6
2024-04-11 04:02:43;18.4;22.1;29.2;45.9;67.2;73.7;19.1 °C;21.3;21.6;21.2;20.1;19.6
2024-04-11 04:12:41;18.3;22.1;29.2;45.9;67.2;73.7;19.1 °C;21.3;21.6;21.2;20.1;19.6
2024-04-11 04:22:42;18.3;22.1;29.2;45.9;67.2;73.7;19 °C;21.2;21.6;21.1;20.1;19.6
2024-04-11 04:32:40;18.4;22.1;29.2;45.8;67.2;73.7;18.9 °C;21.1;21.6;21.1;20.1;19.6
2024-04-11 04:42:39;18.3;22.1;29.2;45.8;67.2;73.7;18.8 °C;21.1;21.5;21.1;20.2;19.6
2024-04-11 04:52:38;18.3;22.1;29.2;45.8;67.2;73.7;18.8 °C;21.1;21.5;21.1;20.2;19.6
2024-04-11 05:02:44;18.3;22.1;29.2;45.8;67.2;73.7;18.7 °C;21;21.5;21.1;20.2;19.6
2024-04-11 05:12:42;18.3;22.1;29.2;45.8;67.2;73.7;18.6 °C;21;21.4;21.1;20.2;19.6
2024-04-11 05:22:41;18.3;22.1;29.2;45.8;67.2;73.7;18.6 °C;20.9;21.4;21.1;20.2;19.6
2024-04-11 05:32:37;18.4;22.1;29.2;45.8;67.2;73.7;18.5 °C;20.9;21.4;21.1;20.2;19.6
2024-04-11 05:42:42;18.3;22.1;29.2;45.8;67.2;73.7;18.4 °C;20.8;21.4;21.1;20.2;19.6
2024-04-11 05:52:43;18.3;22.1;29.2;45.8;67.2;73.7;18.4 °C;20.8;21.4;21.1;20.2;19.6
2024-04-11 06:02:37;18.3;22.1;29.1;45.8;67.2;73.7;18.3 °C;20.8;21.4;21.1;20.2;19.6
2024-04-11 06:12:39;18.3;22.1;29.1;45.8;67.2;73.7;18.3 °C;20.7;21.3;21.1;20.2;19.6
2024-04-11 06:22:37;18.3;22.1;29.1;45.8;67.2;73.7;18.2 °C;20.7;21.3;21.1;20.2;19.6
2024-04-11 06:32:42;18.3;22.1;29.1;45.8;67.2;73.7;18.1 °C;20.6;21.3;21.1;20.2;19.6
2024-04-11 06:42:40;18.3;22.0;29.2;45.8;67.2;73.7;18 °C;20.6;21.3;21.1;20.2;19.6
2024-04-11 06:52:44;18.4;22.0;29.1;45.8;67.2;73.7;17.9 °C;20.6;21.3;21.1;20.2;19.6
2024-04-11 07:02:42;18.4;22.0;29.2;45.8;67.2;73.7;17.9 °C;20.5;21.2;21.1;20.2;19.6
2024-04-11 07:12:37;18.4;22.0;29.1;45.8;67.2;73.7;17.8 °C;20.4;21.2;21.1;20.2;19.6
2024-04-11 07:22:37;18.4;22.0;29.2;45.8;67.2;73.7;17.8 °C;20.4;21.2;21;20.2;19.6
2024-04-11 07:32:42;18.4;22.0;29.1;45.8;67.2;73.7;17.9 °C;20.4;21.1;21;20.2;19.6
2024-04-11 07:42:44;18.5;22.0;29.1;45.8;67.2;73.7;17.9 °C;20.3;21.1;21;20.2;19.6
2024-04-11 07:52:44;18.5;22.0;29.1;45.8;67.2;73.7;18.1 °C;20.3;21.1;21;20.2;19.6
2024-04-11 08:02:44;18.5;22.0;29.1;45.8;67.2;73.7;18.4 °C;20.3;21.1;21;20.2;19.6
2024-04-11 08:12:40;18.6;22.0;29.2;45.8;67.2;73.7;18.7 °C;20.2;21.1;21;20.2;19.6
2024-04-11 08:22:40;18.5;22.0;29.2;45.8;67.2;73.7;19 °C;20.2;21;21;20.2;19.6
2024-04-11 08:32:40;18.6;22.0;29.1;45.8;67.2;73.7;19.3 °C;20.1;21;20.9;20.2;19.6
2024-04-11 08:42:39;18.6;22.0;29.1;45.8;67.2;73.7;19.6 °C;20.1;21;20.9;20.2;19.6
2024-04-11 08:52:42;18.6;22.0;29.1;45.8;67.2;73.7;19.8 °C;20.1;20.9;20.9;20.2;19.6
2024-04-11 09:02:40;18.7;22.0;29.1;45.8;67.2;73.7;20 °C;20.1;20.9;20.9;20.2;19.6
2024-04-11 09:12:43;18.7;22.0;29.1;45.7;67.2;73.7;20.2 °C;20.1;20.9;20.9;20.2;19.6
2024-04-11 09:22:42;18.7;22.0;29.1;45.7;67.2;73.7;20.4 °C;20.1;20.9;20.9;20.1;19.6
2024-04-11 09:32:37;18.7;22.0;29.2;45.8;67.2;73.7;20.7 °C;20.1;20.9;20.9;20.1;19.6
2024-04-11 09:42:37;18.8;22.0;29.1;45.8;67.2;73.7;20.9 °C;20.1;20.8;20.9;20.1;19.6
2024-04-11 09:52:41;18.8;22.0;29.1;45.8;67.2;73.7;21.1 °C;20.1;20.8;20.9;20.1;19.6
2024-04-11 10:02:43;18.8;22.0;29.1;45.7;67.2;73.7;21.3 °C;20.1;20.8;20.9;20.1;19.6
2024-04-11 10:12:42;18.8;22.0;29.1;45.7;67.2;73.7;21.5 °C;20.1;20.8;20.9;20.1;19.6
2024-04-11 10:22:39;18.9;22.0;29.1;45.7;67.2;73.7;21.6 °C;20.1;20.8;20.8;20.1;19.6
2024-04-11 10:32:39;18.9;22.0;29.1;45.7;67.2;73.7;21.8 °C;20.1;20.8;20.8;20.1;19.6
2024-04-11 10:42:38;18.9;22.0;29.1;45.7;67.2;73.7;21.9 °C;20.2;20.8;20.8;20.1;19.6
2024-04-11 10:52:43;18.9;22.0;29.1;45.7;67.2;73.7;22 °C;20.2;20.7;20.8;20.1;19.6
2024-04-11 11:02:43;18.9;22.0;29.1;45.7;67.2;73.7;22.1 °C;20.3;20.7;20.8;20.1;19.6
2024-04-11 11:12:42;19.0;22.0;29.1;45.7;67.2;73.7;22.3 °C;20.3;20.7;20.8;20.1;19.6
2024-04-11 11:22:40;19.0;22.0;29.1;45.7;67.2;73.7;22.4 °C;20.3;20.7;20.8;20.1;19.6
2024-04-11 11:32:39;18.9;22.0;29.1;45.7;67.2;73.7;22.6 °C;20.3;20.7;20.8;20.1;19.6
2024-04-11 11:42:38;19.0;22.0;29.1;45.7;67.2;73.7;22.7 °C;20.4;20.6;20.8;20.1;19.6
2024-04-11 11:52:36;19.0;22.0;29.1;45.7;67.2;73.7;22.9 °C;20.4;20.6;20.8;20.1;19.6
2024-04-11 12:02:36;19.0;22.0;29.1;45.7;67.2;73.7;23.1 °C;20.4;20.6;20.8;20.1;19.6
2024-04-11 12:12:37;19;22.0;29.1;45.7;67.2;73.7;23.3 °C;20.4;20.6;20.8;20.1;19.6
2024-04-11 12:22:38;19.0;22.0;29.1;45.7;67.2;73.7;23.4 °C;20.5;20.6;20.7;20.1;19.6
2024-04-11 12:32:40;19.0;22.1;29.1;45.7;67.2;73.7;23.7 °C;20.5;20.6;20.7;20.1;19.6
2024-04-11 12:42:43;19.0;22.0;29.1;45.7;67.2;73.7;23.9 °C;20.6;20.6;20.7;20.1;19.6
2024-04-11 12:52:42;19.1;22.0;29.1;45.7;67.2;73.7;24.2 °C;20.6;20.6;20.7;20.1;19.6
2024-04-11 13:02:40;19.1;22.0;29.1;45.7;67.2;73.7;24.5 °C;20.7;20.6;20.7;20.1;19.6
2024-04-11 13:12:37;19.1;22.1;29.1;45.7;67.2;73.7;24.8 °C;20.7;20.6;20.7;20.1;19.6
2024-04-11 13:22:42;19.2;22.1;29.1;45.7;67.2;73.7;25.1 °C;20.8;20.6;20.6;20.1;19.6
2024-04-11 13:32:43;19.1;22.1;29.1;45.7;67.2;73.7;25.4 °C;20.8;20.6;20.6;20.1;19.6
2024-04-11 13:42:38;19.2;22.1;29.1;45.7;67.2;73.7;25.7 °C;20.9;20.6;20.6;20.1;19.6
2024-04-11 13:52:40;19.2;22.1;29.1;45.7;67.2;73.7;26 °C;20.9;20.6;20.6;20.1;19.6
2024-04-11 14:02:40;19.2;22.1;29.1;45.7;67.2;73.7;26.2 °C;21;20.6;20.6;20.1;19.6
2024-04-11 14:12:40;19.2;22.1;29.1;45.7;67.2;73.7;26.4 °C;21.1;20.6;20.6;20.1;19.6
2024-04-11 14:22:37;19.3;22.1;29.1;45.7;67.2;73.7;26.5 °C;21.2;20.6;20.6;20.1;19.6
2024-04-11 14:32:41;19.2;22.1;29.1;45.7;67.2;73.7;26.6 °C;21.3;20.6;20.6;20;19.6
2024-04-11 14:42:42;19.3;22.1;29.1;45.7;67.2;73.7;26.7 °C;21.3;20.7;20.6;20.1;19.6
2024-04-11 14:52:36;19.3;22.1;29.1;45.7;67.1;73.7;26.8 °C;21.4;20.7;20.6;20;19.6
2024-04-11 15:02:37;19.3;22.1;29.1;45.7;67.1;73.7;26.9 °C;21.5;20.7;20.6;20;19.6
2024-04-11 15:12:42;19.3;22.1;29.1;45.7;67.1;73.7;27.1 °C;21.6;20.7;20.6;20;19.6
2024-04-11 15:22:44;19.3;22.1;29.1;45.7;67.1;73.7;27.2 °C;21.6;20.8;20.6;20;19.6
2024-04-11 15:32:44;19.3;22.1;29.1;45.7;67.1;73.7;27.4 °C;21.7;20.8;20.6;20;19.6
2024-04-11 15:42:44;19.4;22.2;29.1;45.7;67.1;73.7;27.7 °C;21.8;20.8;20.6;20;19.6
2024-04-11 15:52:39;19.4;22.2;29.1;45.7;67.1;73.7;27.9 °C;21.9;20.8;20.6;20;19.6
2024-04-11 16:02:38;19.4;22.2;29.1;45.7;67.1;73.7;28 °C;21.9;20.8;20.6;20;19.6
2024-04-11 16:12:37;19.4;22.2;29.1;45.7;67.1;73.7;28.1 °C;22;20.8;20.6;20;19.6
2024-04-11 16:22:42;19.4;22.2;29.1;45.7;67.1;73.7;28.3 °C;22.1;20.9;20.6;20;19.6
2024-04-11 16:32:40;19.4;22.2;29.1;45.7;67.1;73.7;28.3 °C;22.1;20.9;20.6;20;19.6
2024-04-11 16:42:43;19.4;22.2;29.1;45.7;67.1;73.7;28.4 °C;22.3;20.9;20.6;20;19.6
2024-04-11 16:52:43;19.4;22.2;29.1;45.7;67.1;73.7;28.5 °C;22.3;20.9;20.6;20;19.6
2024-04-11 17:02:38;19.4;22.2;29.1;45.6;67.1;73.7;28.7 °C;22.4;20.9;20.6;20;19.6
2024-04-11 17:12:40;19.4;22.2;29.1;45.7;67.1;73.7;28.8 °C;22.4;21;20.6;20;19.6
2024-04-11 17:22:40;19.4;22.2;29.1;45.6;67.1;73.7;28.9 °C;22.6;21;20.6;20;19.6
2024-04-11 17:32:41;19.4;22.3;29.1;45.7;67.1;73.7;29 °C;22.6;21.1;20.6;20;19.6
2024-04-11 17:42:39;19.5;22.2;29.1;45.7;67.1;73.7;29.1 °C;22.7;21.1;20.6;20;19.6
2024-04-11 17:52:38;19.4;22.3;29.1;45.7;67.1;73.7;29 °C;22.8;21.1;20.6;20;19.6
2024-04-11 18:02:44;19.4;22.3;29.1;45.7;67.1;73.7;28.9 °C;22.8;21.1;20.6;20;19.6
2024-04-11 18:12:39;19.4;22.3;29.1;45.7;67.1;73.7;28.6 °C;22.9;21.2;20.6;20;19.6
2024-04-11 18:22:43;19.3;22.3;29.1;45.7;67.1;73.7;28.4 °C;22.9;21.2;20.7;20;19.6
2024-04-11 18:32:43;19.3;22.3;29.1;45.7;67.1;73.7;28.1 °C;23;21.3;20.7;20;19.6
2024-04-11 18:42:38;19.2;22.3;29.2;45.7;67.1;73.7;27.6 °C;23.1;21.3;20.7;20;19.6
2024-04-11 18:52:40;19.2;22.3;29.2;45.7;67.1;73.7;27.3 °C;23.1;21.3;20.7;20;19.6
2024-04-11 19:02:39;19.1;22.3;29.2;45.7;67.1;73.7;26.9 °C;23.1;21.3;20.7;20;19.6
2024-04-11 19:12:39;19.1;22.3;29.2;45.7;67.1;73.7;26.5 °C;23.1;21.4;20.7;20;19.6
2024-04-11 19:22:42;19.1;22.4;29.2;45.7;67.1;73.7;26.1 °C;23.2;21.4;20.8;20;19.6
2024-04-11 19:32:40;19.0;22.3;29.2;45.7;67.1;73.7;25.7 °C;23.2;21.4;20.8;20;19.6
2024-04-11 19:42:37;19.0;22.3;29.2;45.7;67.1;73.7;25.3 °C;23.2;21.4;20.8;20;19.6
2024-04-11 19:52:38;19.0;22.3;29.2;45.7;67.1;73.7;25 °C;23.2;21.5;20.8;20;19.6
2024-04-11 20:02:37;19.0;22.3;29.2;45.7;67.2;73.7;24.6 °C;23.2;21.5;20.8;20;19.6
2024-04-11 20:12:43;18.9;22.3;29.2;45.7;67.1;73.7;24.3 °C;23.1;21.6;20.8;20;19.6
2024-04-11 20:22:41;18.9;22.3;29.2;45.7;67.1;73.7;24 °C;23.1;21.6;20.8;20;19.6
2024-04-11 20:32:40;18.9;22.3;29.2;45.7;67.1;73.7;23.7 °C;23.1;21.6;20.8;20;19.6
2024-04-11 20:42:43;18.9;22.3;29.2;45.7;67.1;73.7;23.4 °C;23.1;21.6;20.8;20;19.6
2024-04-11 20:52:39;18.9;22.3;29.2;45.7;67.1;73.7;23.2 °C;23;21.6;20.8;20;19.6
2024-04-11 21:02:38;18.8;22.3;29.2;45.7;67.1;73.7;22.9 °C;22.9;21.7;20.9;20;19.6
2024-04-11 21:12:41;18.9;22.3;29.2;45.8;67.2;73.7;22.7 °C;22.9;21.7;20.9;20;19.6
2024-04-11 21:22:42;18.8;22.3;29.2;45.8;67.1;73.7;22.5 °C;22.9;21.7;20.9;20;19.6
2024-04-11 21:32:41;18.8;22.3;29.2;45.8;67.2;73.7;22.3 °C;22.8;21.7;20.9;20;19.6
2024-04-11 21:42:40;18.8;22.3;29.2;45.7;67.2;73.7;22.1 °C;22.8;21.8;20.9;20;19.6
2024-04-11 21:52:39;18.8;22.2;29.3;45.7;67.2;73.7;21.9 °C;22.7;21.8;20.9;20.1;19.6
2024-04-11 22:02:39;18.7;22.2;29.2;45.8;67.2;73.7;21.7 °C;22.6;21.8;20.9;20.1;19.6
2024-04-11 22:12:38;18.8;22.3;29.3;45.8;67.2;73.7;21.5 °C;22.6;21.8;20.9;20.1;19.6
2024-04-11 22:22:41;18.8;22.2;29.3;45.8;67.2;73.7;21.4 °C;22.6;21.8;20.9;20.1;19.6
2024-04-11 22:32:39;18.8;22.2;29.3;45.8;67.2;73.7;21.2 °C;22.5;21.8;21;20.1;19.6
2024-04-11 22:42:43;18.8;22.2;29.3;45.8;67.2;73.7;21.1 °C;22.4;21.8;21;20.1;19.6
2024-04-11 22:52:42;18.7;22.2;29.3;45.8;67.2;73.7;20.9 °C;22.4;21.8;21;20.1;19.6
2024-04-11 23:02:36;18.7;22.2;29.3;45.8;67.2;73.7;20.8 °C;22.3;21.8;21;20.1;19.6
2024-04-11 23:12:36;18.7;22.2;29.3;45.8;67.2;73.7;20.6 °C;22.3;21.8;21;20.1;19.6
2024-04-11 23:22:40;18.7;22.2;29.3;45.8;67.2;73.7;20.5 °C;22.2;21.8;21;20.1;19.6
2024-04-11 23:32:40;18.7;22.2;29.3;45.8;67.2;73.7;20.4 °C;22.1;21.8;21.1;20.1;19.6
2024-04-11 23:42:37;18.7;22.2;29.3;45.8;67.2;73.7;20.3 °C;22.1;21.8;21.1;20.1;19.6
2024-04-11 23:52:39;18.7;22.2;29.3;45.8;67.2;73.7;20.1 °C;22;21.8;21.1;20.1;19.6
2024-04-12 00:02:38;18.7;22.2;29.3;45.8;67.2;73.7;20.1 °C;21.9;21.8;21.1;20.1;19.6
2024-04-12 00:12:37;18.7;22.2;29.3;45.8;67.2;73.7;19.9 °C;21.9;21.7;21.1;20.1;19.6
2024-04-12 00:22:39;18.7;22.2;29.3;45.8;67.2;73.7;19.8 °C;21.8;21.7;21.1;20.1;19.6
2024-04-12 00:32:42;18.7;22.2;29.3;45.8;67.2;73.7;19.7 °C;21.8;21.7;21.1;20.1;19.6
2024-04-12 00:42:41;18.7;22.1;29.2;45.8;67.2;73.7;19.6 °C;21.8;21.7;21.1;20.1;19.6
2024-04-12 00:52:39;18.7;22.1;29.3;45.8;67.2;73.7;19.5 °C;21.7;21.7;21.1;20.1;19.6
2024-04-12 01:02:43;18.7;22.1;29.2;45.8;67.2;73.7;19.4 °C;21.6;21.7;21.1;20.1;19.6
2024-04-12 01:12:38;18.7;22.1;29.3;45.8;67.2;73.7;19.3 °C;21.6;21.6;21.1;20.1;19.6
2024-04-12 01:22:36;18.7;22.1;29.3;45.8;67.2;73.7;19.2 °C;21.5;21.6;21.1;20.1;19.6
2024-04-12 01:32:37;18.7;22.1;29.3;45.8;67.2;73.7;19.1 °C;21.4;21.6;21.1;20.1;19.7
2024-04-12 01:42:43;18.7;22.1;29.3;45.8;67.2;73.7;19 °C;21.4;21.6;21.1;20.2;19.7
2024-04-12 01:52:42;18.7;22.1;29.2;45.8;67.2;73.7;18.9 °C;21.4;21.6;21.1;20.2;19.6
2024-04-12 02:02:42;18.7;22.1;29.3;45.8;67.2;73.7;18.8 °C;21.3;21.6;21.1;20.2;19.7
2024-04-12 02:12:40;18.7;22.1;29.2;45.8;67.2;73.7;18.8 °C;21.3;21.6;21.1;20.2;19.7
2024-04-12 02:22:41;18.7;22.1;29.3;45.8;67.2;73.7;18.6 °C;21.2;21.5;21.1;20.2;19.7
2024-04-12 02:32:42;18.7;22.1;29.2;45.8;67.2;73.7;18.6 °C;21.1;21.5;21.1;20.2;19.7
2024-04-12 02:42:37;18.8;22.1;29.3;45.8;67.2;73.7;18.5 °C;21.1;21.5;21.1;20.2;19.7
2024-04-12 02:52:43;18.7;22.1;29.3;45.9;67.2;73.7;18.4 °C;21.1;21.4;21.1;20.2;19.7
2024-04-12 03:02:39;18.7;22.1;29.3;45.9;67.2;73.7;18.4 °C;21;21.4;21.1;20.2;19.7
2024-04-12 03:12:38;18.8;22.0;29.3;45.9;67.2;73.7;18.3 °C;20.9;21.4;21.1;20.2;19.7
2024-04-12 03:22:41;18.8;22.1;29.2;45.9;67.2;73.7;18.2 °C;20.9;21.4;21.1;20.2;19.7
2024-04-12 03:32:42;18.8;22.0;29.2;45.8;67.2;73.7;18.1 °C;20.8;21.4;21.1;20.2;19.7
2024-04-12 03:42:42;18.7;22.1;29.2;45.8;67.2;73.7;18.1 °C;20.8;21.4;21.1;20.2;19.7
2024-04-12 03:52:40;18.7;22.0;29.2;45.9;67.2;73.7;18 °C;20.8;21.3;21.1;20.2;19.7
2024-04-12 04:02:41;18.8;22.0;29.2;45.8;67.2;73.7;17.9 °C;20.7;21.3;21.1;20.2;19.7
2024-04-12 04:12:43;18.8;22.0;29.2;45.9;67.2;73.7;17.8 °C;20.6;21.3;21.1;20.2;19.7
2024-04-12 04:22:39;18.7;22.0;29.2;45.8;67.2;73.7;17.8 °C;20.6;21.3;21.1;20.2;19.7
2024-04-12 04:32:38;18.7;22.0;29.2;45.8;67.2;73.7;17.7 °C;20.6;21.3;21.1;20.2;19.7
2024-04-12 04:42:37;18.7;22.0;29.2;45.9;67.2;73.7;17.6 °C;20.5;21.3;21.1;20.2;19.7
2024-04-12 04:52:42;18.7;22.0;29.2;45.8;67.2;73.7;17.6 °C;20.4;21.2;21.1;20.2;19.7
2024-04-12 05:02:42;18.7;22.0;29.2;45.8;67.2;73.7;17.6 °C;20.4;21.2;21.1;20.2;19.7
2024-04-12 05:12:39;18.7;22.0;29.2;45.8;67.2;73.7;17.5 °C;20.4;21.1;21;20.2;19.7
2024-04-12 05:22:36;18.7;22.0;29.2;45.8;67.2;73.7;17.4 °C;20.3;21.1;21;20.2;19.7
2024-04-12 05:32:40;18.7;22.0;29.2;45.8;67.2;73.7;17.4 °C;20.3;21.1;21;20.2;19.7
2024-04-12 05:42:41;18.7;22.0;29.2;45.8;67.2;73.7;17.4 °C;20.3;21.1;21;20.2;19.7
2024-04-12 05:52:43;18.8;22.0;29.2;45.8;67.2;73.7;17.3 °C;20.2;21.1;21;20.2;19.7
2024-04-12 06:02:43;18.7;22.0;29.2;45.8;67.2;73.7;17.3 °C;20.1;21.1;21;20.2;19.7
2024-04-12 06:12:38;18.7;22.0;29.2;45.8;67.2;73.7;17.2 °C;20.1;21;21;20.2;19.7
2024-04-12 06:22:37;18.8;22.0;29.2;45.8;67.2;73.7;17.1 °C;20.1;21;20.9;20.2;19.7
2024-04-12 06:32:43;18.8;22.0;29.2;45.8;67.2;73.7;17.1 °C;20;20.9;20.9;20.2;19.8
2024-04-12 06:42:38;18.8;22.0;29.2;45.8;67.2;73.7;17.1 °C;19.9;20.9;20.9;20.2;19.8
2024-04-12 06:52:41;18.8;21.9;29.2;45.8;67.2;73.7;17.1 °C;19.9;20.9;20.9;20.2;19.8
2024-04-12 07:02:39;18.8;21.9;29.2;45.8;67.2;73.7;17.1 °C;19.9;20.9;20.9;20.2;19.8
2024-04-12 07:12:40;18.8;21.9;29.2;45.8;67.2;73.7;17.1 °C;19.9;20.9;20.9;20.2;19.8
2024-04-12 07:22:37;18.8;21.9;29.2;45.8;67.2;73.7;17.3 °C;19.8;20.8;20.9;20.2;19.8
2024-04-12 07:32:43;18.8;21.9;29.2;45.8;67.2;73.7;17.4 °C;19.8;20.8;20.9;20.2;19.8
2024-04-12 07:42:38;18.8;21.9;29.1;45.8;67.2;73.7;17.6 °C;19.8;20.8;20.9;20.2;19.8
2024-04-12 07:52:37;18.9;22.0;29.2;45.8;67.2;73.7;17.8 °C;19.7;20.8;20.9;20.2;19.8
2024-04-12 08:02:38;18.9;21.9;29.2;45.8;67.2;73.7;18.1 °C;19.7;20.8;20.9;20.2;19.8
2024-04-12 08:12:37;18.9;21.9;29.2;45.8;67.2;73.7;18.4 °C;19.6;20.7;20.9;20.2;19.8
2024-04-12 08:22:38;18.9;21.9;29.2;45.8;67.2;73.7;18.8 °C;19.6;20.7;20.8;20.2;19.8
2024-04-12 08:32:41;19.0;21.9;29.2;45.8;67.2;73.7;19.2 °C;19.6;20.7;20.8;20.2;19.8
2024-04-12 08:42:38;19.0;21.9;29.1;45.8;67.2;73.7;19.6 °C;19.6;20.6;20.8;20.2;19.8
2024-04-12 08:52:40;19.0;21.9;29.1;45.8;67.2;73.7;20.1 °C;19.6;20.6;20.8;20.2;19.8
2024-04-12 09:02:37;19.1;21.9;29.1;45.8;67.2;73.7;20.5 °C;19.6;20.6;20.8;20.2;19.8
2024-04-12 09:12:36;19.1;21.9;29.1;45.8;67.2;73.7;21 °C;19.6;20.6;20.8;20.2;19.8
2024-04-12 09:22:37;19.1;21.9;29.1;45.8;67.2;73.7;21.4 °C;19.6;20.6;20.8;20.1;19.8
2024-04-12 09:32:42;19.1;21.9;29.1;45.7;67.2;73.7;21.9 °C;19.6;20.5;20.8;20.1;19.8
2024-04-12 09:42:42;19.2;21.9;29.1;45.7;67.2;73.7;22.4 °C;19.6;20.5;20.8;20.1;19.8
2024-04-12 09:52:40;19.2;21.9;29.1;45.8;67.2;73.7;22.9 °C;19.6;20.5;20.7;20.1;19.8
2024-04-12 10:02:37;19.3;21.9;29.1;45.8;67.2;73.7;23.3 °C;19.7;20.4;20.7;20.1;19.8
2024-04-12 10:12:36;19.3;21.9;29.1;45.8;67.1;73.7;23.8 °C;19.8;20.4;20.7;20.1;19.8
2024-04-12 10:22:41;19.3;22.0;29.1;45.7;67.1;73.7;24.3 °C;19.8;20.4;20.7;20.1;19.8
2024-04-12 10:32:42;19.3;22.0;29.1;45.8;67.1;73.7;24.7 °C;19.8;20.4;20.7;20.1;19.8
2024-04-12 10:42:42;19.3;22.0;29.1;45.7;67.1;73.7;25.1 °C;19.9;20.4;20.7;20.1;19.8
2024-04-12 10:52:40;19.3;22.0;29.1;45.7;67.1;73.7;25.2 °C;19.9;20.4;20.6;20.1;19.8
2024-04-12 11:02:42;19.3;22.0;29.1;45.7;67.1;73.7;25.2 °C;20.1;20.4;20.6;20.1;19.8
2024-04-12 11:12:37;19.3;22.0;29.1;45.7;67.1;73.7;25.1 °C;20.1;20.4;20.6;20.1;19.8
2024-04-12 11:22:42;19.3;22.0;29.1;45.7;67.1;73.7;24.9 °C;20.2;20.4;20.6;20.1;19.8
2024-04-12 11:32:37;19.3;22.0;29.1;45.7;67.1;73.7;25 °C;20.3;20.4;20.6;20.1;19.8
2024-04-12 11:42:35;19.3;22.0;29.1;45.7;67.1;73.7;25.3 °C;20.4;20.4;20.6;20.1;19.8
2024-04-12 11:52:36;19.4;22.0;29.1;45.7;67.1;73.7;25.7 °C;20.4;20.4;20.6;20.1;19.8
2024-04-12 12:02:40;19.4;22.0;29.1;45.7;67.1;73.7;26.1 °C;20.5;20.3;20.6;20.1;19.8
2024-04-12 12:12:37;19.4;22.0;29.1;45.7;67.1;73.7;26.6 °C;20.6;20.4;20.6;20.1;19.8
2024-04-12 12:22:39;19.5;22.0;29.1;45.7;67.1;73.7;27.3 °C;20.6;20.4;20.6;20.1;19.8
2024-04-12 12:32:36;19.5;22.0;29.1;45.7;67.1;73.7;27.8 °C;20.8;20.4;20.6;20.1;19.7
2024-04-12 12:42:40;19.6;22.0;29.1;45.7;67.1;73.7;28.4 °C;20.8;20.4;20.5;20.1;19.7
2024-04-12 12:52:38;19.6;22.1;29.1;45.7;67.1;73.7;29 °C;20.9;20.4;20.5;20.1;19.7
2024-04-12 13:02:38;19.7;22.1;29.1;45.7;67.1;73.7;29.6 °C;21;20.4;20.5;20.1;19.7
2024-04-12 13:12:40;19.7;22.1;29.1;45.7;67.1;73.7;30.1 °C;21.1;20.4;20.5;20.1;19.7
2024-04-12 13:22:42;19.7;22.1;29.1;45.7;67.1;73.7;30.6 °C;21.3;20.4;20.5;20;19.7
2024-04-12 13:32:42;19.8;22.1;29.1;45.7;67.1;73.7;31.1 °C;21.4;20.4;20.5;20;19.7
2024-04-12 13:42:41;19.8;22.1;29.1;45.7;67.1;73.7;31.4 °C;21.5;20.4;20.5;20;19.7
2024-04-12 13:52:42;19.8;22.1;29.1;45.7;67.1;73.7;31.8 °C;21.7;20.5;20.5;20;19.7
2024-04-12 14:02:38;19.8;22.2;29.1;45.7;67.1;73.7;32.1 °C;21.8;20.5;20.5;20;19.7
2024-04-12 14:12:37;19.9;22.2;29.1;45.7;67.1;73.7;32.4 °C;22;20.5;20.5;20;19.7
2024-04-12 14:22:35;19.9;22.2;29.1;45.7;67.1;73.7;32.7 °C;22.1;20.6;20.5;20;19.7
2024-04-12 14:32:39;19.9;22.2;29.1;45.7;67.1;73.7;33 °C;22.3;20.6;20.5;20;19.7
2024-04-12 14:42:36;19.8;22.2;29.1;45.7;67.1;73.7;33.1 °C;22.5;20.6;20.5;20;19.7
2024-04-12 14:52:37;19.9;22.3;29.1;45.7;67.1;73.7;33.3 °C;22.6;20.6;20.5;20;19.7
2024-04-12 15:02:39;19.8;22.3;29.1;45.7;67.0;73.7;33.5 °C;22.8;20.7;20.5;20;19.7
2024-04-12 15:12:39;19.9;22.3;29.1;45.7;67.0;73.7;33.7 °C;23;20.8;20.5;20;19.7
2024-04-12 15:22:36;19.8;22.3;29.1;45.7;67.0;73.7;33.8 °C;23.1;20.8;20.5;20;19.7
2024-04-12 15:32:37;19.8;22.4;29.1;45.7;67.0;73.7;33.8 °C;23.3;20.8;20.5;20;19.7
2024-04-12 15:42:42;19.8;22.4;29.2;45.7;67.0;73.7;33.9 °C;23.4;20.9;20.5;20;19.7
2024-04-12 15:52:38;19.8;22.4;29.1;45.7;67.0;73.7;33.9 °C;23.6;20.9;20.5;19.9;19.7
2024-04-12 16:02:41;19.7;22.4;29.2;45.7;67.0;73.7;34 °C;23.8;21;20.5;19.9;19.7
2024-04-12 16:12:39;19.7;22.5;29.2;45.7;67.0;73.7;34.1 °C;23.9;21.1;20.6;19.9;19.7
2024-04-12 16:22:39;19.7;22.5;29.2;45.6;67.0;73.7;34.1 °C;24.1;21.1;20.6;19.9;19.7
2024-04-12 16:32:35;19.7;22.5;29.2;45.7;67.0;73.7;34.2 °C;24.2;21.2;20.6;19.9;19.7
2024-04-12 16:42:39;19.7;22.5;29.2;45.7;67.0;73.7;34.2 °C;24.3;21.3;20.6;19.9;19.7
2024-04-12 16:52:39;19.7;22.5;29.2;45.7;67.0;73.7;34.3 °C;24.4;21.3;20.6;19.9;19.7
2024-04-12 17:02:40;19.7;22.5;29.2;45.7;67.0;73.7;34.3 °C;24.6;21.4;20.6;19.9;19.7
2024-04-12 17:12:36;19.6;22.6;29.2;45.7;67.0;73.7;34.3 °C;24.6;21.4;20.6;19.9;19.7
2024-04-12 17:22:42;19.6;22.6;29.2;45.7;67.0;73.7;34.2 °C;24.8;21.5;20.6;19.9;19.7
2024-04-12 17:32:37;19.6;22.6;29.3;45.7;67.0;73.7;34.1 °C;24.9;21.6;20.7;19.9;19.7
2024-04-12 17:42:36;19.5;22.6;29.3;45.7;67.0;73.7;33.9 °C;24.9;21.6;20.7;20;19.7
2024-04-12 17:52:37;19.4;22.6;29.3;45.7;67.0;73.7;33.6 °C;25.1;21.7;20.7;20;19.7
2024-04-12 18:02:36;19.4;22.7;29.3;45.7;67.0;73.7;33.2 °C;25.1;21.8;20.8;20;19.7
2024-04-12 18:12:37;19.3;22.7;29.3;45.7;67.0;73.7;32.7 °C;25.2;21.8;20.8;20;19.7
2024-04-12 18:22:40;19.3;22.7;29.3;45.7;67.0;73.7;32.3 °C;25.3;21.9;20.8;20;19.6
2024-04-12 18:32:36;19.2;22.7;29.3;45.7;67.0;73.7;31.8 °C;25.3;21.9;20.8;20;19.6
2024-04-12 18:42:38;19.2;22.7;29.3;45.8;67.0;73.7;31.4 °C;25.4;22;20.8;20;19.6
2024-04-12 18:52:41;19.1;22.7;29.3;45.8;67.0;73.7;30.9 °C;25.4;22.1;20.9;20;19.7
2024-04-12 19:02:36;19.1;22.7;29.3;45.8;67.1;73.7;30.5 °C;25.4;22.1;20.9;20;19.7
2024-04-12 19:12:36;19.1;22.7;29.4;45.8;67.1;73.7;30.1 °C;25.4;22.2;20.9;20;19.7
2024-04-12 19:22:38;19.0;22.7;29.4;45.8;67.0;73.7;29.6 °C;25.4;22.3;20.9;20;19.7
2024-04-12 19:32:37;19.0;22.7;29.4;45.8;67.1;73.7;29.2 °C;25.4;22.3;21;20;19.7
2024-04-12 19:42:40;18.9;22.7;29.4;45.8;67.1;73.7;28.8 °C;25.4;22.4;21;20.1;19.7
2024-04-12 19:52:37;18.9;22.7;29.4;45.8;67.1;73.7;28.3 °C;25.4;22.4;21.1;20.1;19.6
2024-04-12 20:02:40;18.9;22.7;29.4;45.9;67.1;73.7;27.9 °C;25.4;22.5;21.1;20.1;19.7
2024-04-12 20:12:37;18.8;22.7;29.4;45.9;67.1;73.7;27.4 °C;25.3;22.6;21.1;20.1;19.7
2024-04-12 20:22:35;18.8;22.7;29.4;45.8;67.1;73.7;27 °C;25.3;22.6;21.1;20.1;19.7
2024-04-12 20:32:35;18.7;22.7;29.4;45.8;67.1;73.7;26.6 °C;25.3;22.6;21.1;20.1;19.7
2024-04-12 20:42:40;18.7;22.7;29.4;45.9;67.1;73.7;26.3 °C;25.2;22.7;21.2;20.1;19.7
2024-04-12 20:52:37;18.7;22.7;29.5;45.9;67.1;73.7;25.9 °C;25.1;22.7;21.2;20.1;19.7
2024-04-12 21:02:39;18.7;22.6;29.5;45.9;67.1;73.7;25.6 °C;25.1;22.8;21.3;20.1;19.7
2024-04-12 21:12:36;18.7;22.6;29.5;45.9;67.1;73.7;25.3 °C;25;22.8;21.3;20.1;19.7
2024-04-12 21:22:41;18.6;22.7;29.5;45.9;67.1;73.7;25 °C;24.9;22.8;21.3;20.1;19.7
2024-04-12 21:32:40;18.6;22.6;29.5;45.9;67.1;73.7;24.8 °C;24.9;22.8;21.3;20.1;19.7
2024-04-12 21:42:42;18.6;22.6;29.5;45.9;67.1;73.7;24.5 °C;24.8;22.8;21.4;20.2;19.7
2024-04-12 21:52:41;18.6;22.6;29.5;45.9;67.1;73.7;24.3 °C;24.7;22.9;21.4;20.2;19.7
2024-04-12 22:02:36;18.6;22.6;29.5;46.0;67.1;73.7;24.1 °C;24.6;22.9;21.4;20.2;19.7
2024-04-12 22:12:41;18.6;22.6;29.5;46.0;67.1;73.7;23.9 °C;24.6;22.9;21.4;20.2;19.7
2024-04-12 22:22:36;18.6;22.6;29.5;46.0;67.2;73.7;23.6 °C;24.5;22.9;21.4;20.2;19.7
2024-04-12 22:32:42;18.5;22.5;29.5;46.0;67.2;73.7;23.4 °C;24.4;22.9;21.5;20.3;19.7
2024-04-12 22:42:42;18.5;22.5;29.5;46.0;67.2;73.7;23.2 °C;24.3;22.9;21.5;20.3;19.7
2024-04-12 22:52:36;18.5;22.5;29.5;46.0;67.2;73.7;23 °C;24.3;22.9;21.5;20.3;19.7
2024-04-12 23:02:39;18.5;22.5;29.5;46.0;67.2;73.7;22.8 °C;24.2;22.9;21.6;20.3;19.7
2024-04-12 23:12:39;18.5;22.5;29.5;46.0;67.2;73.7;22.6 °C;24.1;22.9;21.6;20.3;19.7
2024-04-12 23:22:40;18.5;22.5;29.5;46.0;67.2;73.7;22.4 °C;24;22.9;21.6;20.3;19.8
2024-04-12 23:32:37;18.5;22.5;29.5;46.0;67.2;73.7;22.2 °C;23.9;22.9;21.6;20.3;19.8
2024-04-12 23:42:36;18.5;22.5;29.5;46.0;67.2;73.7;22 °C;23.9;22.9;21.6;20.3;19.8
2024-04-12 23:52:41;18.4;22.5;29.5;46.0;67.2;73.7;21.9 °C;23.8;22.9;21.6;20.3;19.8
2024-04-13 00:02:36;18.4;22.4;29.5;46.0;67.2;73.7;21.7 °C;23.7;22.9;21.7;20.4;19.8
2024-04-13 00:12:37;18.4;22.4;29.5;46.0;67.2;73.7;21.6 °C;23.6;22.9;21.7;20.4;19.8
2024-04-13 00:22:39;18.4;22.4;29.5;46.0;67.3;73.7;21.4 °C;23.6;22.9;21.7;20.4;19.8
2024-04-13 00:32:40;18.4;22.4;29.5;46.0;67.3;73.7;21.3 °C;23.5;22.9;21.7;20.4;19.8
2024-04-13 00:42:38;18.4;22.4;29.5;46.0;67.3;73.7;21.1 °C;23.4;22.9;21.7;20.4;19.8
2024-04-13 00:52:42;18.4;22.4;29.5;46.0;67.3;73.7;21 °C;23.3;22.9;21.8;20.4;19.8
2024-04-13 01:02:37;18.4;22.4;29.5;46.0;67.3;73.7;20.8 °C;23.3;22.8;21.8;20.4;19.8
2024-04-13 01:12:37;18.4;22.4;29.5;46.0;67.3;73.8;20.7 °C;23.2;22.8;21.8;20.4;19.8
2024-04-13 01:22:39;18.4;22.4;29.5;46.1;67.3;73.8;20.6 °C;23.1;22.8;21.8;20.4;19.8
2024-04-13 01:32:40;18.4;22.4;29.5;46.1;67.3;73.8;20.4 °C;23.1;22.8;21.8;20.4;19.8
2024-04-13 01:42:38;18.4;22.4;29.5;46.1;67.3;73.8;20.4 °C;23;22.8;21.8;20.5;19.8
2024-04-13 01:52:41;18.4;22.4;29.5;46.1;67.3;73.8;20.3 °C;22.9;22.8;21.8;20.5;19.8
2024-04-13 02:02:34;18.4;22.4;29.5;46.1;67.3;73.8;20.1 °C;22.8;22.8;21.8;20.5;19.8
2024-04-13 02:12:39;18.4;22.3;29.5;46.1;67.3;73.8;20 °C;22.8;22.7;21.8;20.5;19.8
2024-04-13 02:22:35;18.3;22.3;29.5;46.1;67.3;73.8;19.9 °C;22.7;22.7;21.8;20.5;19.8
2024-04-13 02:32:40;18.3;22.3;29.5;46.1;67.3;73.8;19.8 °C;22.6;22.7;21.8;20.5;19.8
2024-04-13 02:42:38;18.4;22.3;29.5;46.1;67.3;73.8;19.7 °C;22.6;22.6;21.8;20.5;19.9
2024-04-13 02:52:37;18.4;22.3;29.5;46.1;67.3;73.8;19.6 °C;22.5;22.6;21.8;20.6;19.9
2024-04-13 03:02:40;18.4;22.3;29.5;46.1;67.3;73.8;19.5 °C;22.4;22.6;21.8;20.6;19.9
2024-04-13 03:12:35;18.3;22.3;29.5;46.1;67.3;73.8;19.4 °C;22.4;22.6;21.8;20.6;19.9
2024-04-13 03:22:35;18.3;22.3;29.5;46.1;67.3;73.8;19.3 °C;22.3;22.6;21.8;20.6;19.9
2024-04-13 03:32:36;18.3;22.3;29.4;46.1;67.3;73.8;19.2 °C;22.3;22.5;21.8;20.6;19.9
2024-04-13 03:42:41;18.4;22.3;29.4;46.1;67.3;73.8;19.1 °C;22.2;22.5;21.8;20.6;19.9
2024-04-13 03:52:40;18.3;22.2;29.5;46.1;67.3;73.8;19 °C;22.1;22.4;21.8;20.6;19.9
2024-04-13 04:02:38;18.3;22.3;29.5;46.1;67.3;73.8;18.9 °C;22.1;22.4;21.8;20.6;19.9
2024-04-13 04:12:35;18.3;22.3;29.5;46.1;67.3;73.8;18.8 °C;22;22.4;21.8;20.6;19.9
2024-04-13 04:22:39;18.3;22.2;29.4;46.1;67.3;73.8;18.6 °C;21.9;22.4;21.8;20.6;19.9
2024-04-13 04:32:40;18.3;22.2;29.5;46.1;67.4;73.8;18.6 °C;21.9;22.3;21.8;20.6;19.9
2024-04-13 04:42:41;18.3;22.2;29.4;46.1;67.4;73.8;18.5 °C;21.8;22.3;21.8;20.6;19.9
2024-04-13 04:52:39;18.3;22.2;29.5;46.1;67.3;73.8;18.4 °C;21.8;22.3;21.8;20.6;19.9
2024-04-13 05:02:40;18.3;22.2;29.4;46.1;67.3;73.8;18.3 °C;21.7;22.3;21.8;20.6;19.9
2024-04-13 05:12:35;18.3;22.2;29.4;46.1;67.3;73.8;18.3 °C;21.6;22.3;21.8;20.6;19.9
2024-04-13 05:22:40;18.3;22.2;29.4;46.1;67.4;73.8;18.2 °C;21.6;22.2;21.8;20.6;19.9
2024-04-13 05:32:41;18.3;22.2;29.4;46.1;67.4;73.8;18.1 °C;21.5;22.2;21.8;20.6;19.9
2024-04-13 05:42:36;18.3;22.2;29.4;46.1;67.4;73.8;18.1 °C;21.4;22.1;21.8;20.6;19.9
2024-04-13 05:52:38;18.3;22.2;29.4;46.1;67.4;73.8;18 °C;21.4;22.1;21.7;20.6;19.9
2024-04-13 06:02:39;18.3;22.1;29.4;46.1;67.4;73.8;17.9 °C;21.3;22.1;21.7;20.6;19.9
2024-04-13 06:12:40;18.3;22.2;29.4;46.1;67.4;73.8;17.9 °C;21.3;22.1;21.7;20.6;19.9
2024-04-13 06:22:37;18.3;22.1;29.4;46.1;67.4;73.8;17.8 °C;21.2;22;21.7;20.6;20
2024-04-13 06:32:37;18.3;22.1;29.4;46.1;67.4;73.8;17.8 °C;21.1;22;21.7;20.6;20
2024-04-13 06:42:36;18.3;22.2;29.4;46.0;67.4;73.8;17.7 °C;21.1;21.9;21.7;20.6;20
2024-04-13 06:52:41;18.3;22.1;29.4;46.1;67.4;73.8;17.7 °C;21.1;21.9;21.7;20.6;20
2024-04-13 07:02:41;18.3;22.1;29.4;46.1;67.4;73.8;17.7 °C;21;21.9;21.6;20.6;20
2024-04-13 07:12:40;18.3;22.1;29.4;46.1;67.4;73.8;17.8 °C;20.9;21.9;21.6;20.6;20
2024-04-13 07:22:38;18.3;22.1;29.4;46.1;67.4;73.8;17.8 °C;20.9;21.8;21.6;20.6;20
2024-04-13 07:32:38;18.3;22.1;29.4;46.1;67.4;73.8;17.9 °C;20.8;21.8;21.6;20.6;20
2024-04-13 07:42:38;18.3;22.1;29.4;46.1;67.4;73.8;18.1 °C;20.8;21.8;21.6;20.6;20
2024-04-13 07:52:37;18.4;22.1;29.4;46.1;67.4;73.8;18.3 °C;20.8;21.8;21.6;20.6;20
2024-04-13 08:02:40;18.4;22.1;29.3;46.1;67.4;73.8;18.7 °C;20.7;21.7;21.6;20.6;20
2024-04-13 08:12:39;18.4;22.1;29.3;46.0;67.3;73.8;19.1 °C;20.6;21.7;21.6;20.6;20
2024-04-13 08:22:36;18.4;22.1;29.4;46.0;67.4;73.8;19.6 °C;20.6;21.6;21.6;20.6;20
2024-04-13 08:32:38;18.5;22.1;29.3;46.0;67.4;73.8;20 °C;20.6;21.6;21.6;20.6;20
2024-04-13 08:42:37;18.5;22.1;29.3;46.0;67.4;73.8;20.5 °C;20.6;21.6;21.5;20.6;20
2024-04-13 08:52:36;18.5;22.1;29.3;46.0;67.4;73.8;20.9 °C;20.6;21.6;21.5;20.6;20
2024-04-13 09:02:38;18.6;22.1;29.3;46.0;67.4;73.8;21.4 °C;20.6;21.5;21.5;20.6;20
2024-04-13 09:12:35;18.6;22.1;29.3;46.0;67.4;73.8;21.8 °C;20.6;21.5;21.5;20.6;20.1
2024-04-13 09:22:36;18.6;22.1;29.3;46.0;67.3;73.9;22.3 °C;20.6;21.4;21.5;20.6;20.1
2024-04-13 09:32:37;18.7;22.1;29.3;46.0;67.3;73.8;22.8 °C;20.6;21.4;21.4;20.6;20.1
2024-04-13 09:42:37;18.7;22.1;29.3;46.0;67.4;73.8;23.2 °C;20.6;21.4;21.4;20.6;20.1
2024-04-13 09:52:39;18.7;22.1;29.3;46.0;67.3;73.8;23.7 °C;20.6;21.4;21.4;20.6;20.1
2024-04-13 10:02:37;18.8;22.1;29.3;46.0;67.3;73.8;24.1 °C;20.6;21.4;21.4;20.6;20.1
2024-04-13 10:12:40;18.8;22.1;29.3;46;67.3;73.8;24.6 °C;20.6;21.3;21.4;20.6;20.1
2024-04-13 10:22:38;18.8;22.1;29.3;46;67.3;73.8;25.1 °C;20.7;21.3;21.4;20.6;20.1
2024-04-13 10:32:38;18.8;22.1;29.3;46;67.3;73.9;25.5 °C;20.8;21.3;21.4;20.6;20.1
2024-04-13 10:42:41;18.8;22.1;29.3;46.0;67.3;73.8;25.9 °C;20.8;21.3;21.4;20.6;20.1
2024-04-13 10:52:36;18.8;22.1;29.3;46.0;67.3;73.8;26.1 °C;20.9;21.3;21.3;20.6;20.1
2024-04-13 11:02:38;18.8;22.1;29.3;46.0;67.3;73.8;26 °C;20.9;21.3;21.3;20.6;20.1
2024-04-13 11:12:34;18.8;22.1;29.3;45.9;67.3;73.8;25.9 °C;21;21.3;21.3;20.6;20.1
2024-04-13 11:22:39;18.8;22.1;29.3;46.0;67.3;73.8;25.8 °C;21.1;21.2;21.3;20.6;20.1
2024-04-13 11:32:37;18.8;22.1;29.3;46.0;67.3;73.9;25.9 °C;21.2;21.2;21.3;20.6;20.1
2024-04-13 11:42:35;18.8;22.1;29.3;46.0;67.3;73.8;26.2 °C;21.3;21.2;21.3;20.6;20.1
2024-04-13 11:52:37;18.9;22.1;29.3;46.0;67.3;73.8;26.5 °C;21.3;21.2;21.3;20.6;20.1
2024-04-13 12:02:37;18.9;22.1;29.3;46.0;67.3;73.9;26.9 °C;21.4;21.2;21.3;20.6;20.1
2024-04-13 12:12:39;19.0;22.2;29.2;45.9;67.3;73.8;27.6 °C;21.4;21.2;21.3;20.6;20.1
2024-04-13 12:22:36;19.0;22.1;29.2;45.9;67.2;73.9;28.2 °C;21.5;21.2;21.3;20.6;20.1
2024-04-13 12:32:38;19.1;22.2;29.3;45.9;67.3;73.8;28.9 °C;21.6;21.2;21.2;20.6;20.1
2024-04-13 12:42:35;19.1;22.1;29.2;45.9;67.2;73.8;29.6 °C;21.7;21.2;21.2;20.6;20.1
2024-04-13 12:52:40;19.2;22.2;29.3;45.9;67.2;73.8;30.2 °C;21.8;21.2;21.2;20.6;20.1
2024-04-13 13:02:38;19.2;22.2;29.2;45.9;67.2;73.8;30.8 °C;21.9;21.2;21.2;20.6;20.1
2024-04-13 13:12:38;19.2;22.2;29.3;45.9;67.2;73.8;31.4 °C;22;21.2;21.2;20.6;20.1
2024-04-13 13:22:35;19.3;22.2;29.3;45.9;67.3;73.8;31.9 °C;22.1;21.3;21.2;20.5;20.1
2024-04-13 13:32:40;19.3;22.2;29.3;45.9;67.3;73.8;32.4 °C;22.3;21.3;21.2;20.5;20.1
2024-04-13 13:42:35;19.3;22.2;29.2;45.9;67.3;73.8;32.9 °C;22.4;21.3;21.2;20.5;20.1
2024-04-13 13:52:41;19.3;22.2;29.3;45.9;67.2;73.8;33.2 °C;22.6;21.3;21.2;20.5;20.1
2024-04-13 14:02:39;19.3;22.3;29.2;45.9;67.2;73.8;33.4 °C;22.7;21.3;21.1;20.5;20.1
2024-04-13 14:12:41;19.3;22.3;29.2;45.9;67.2;73.8;33.8 °C;22.9;21.3;21.1;20.5;20.1
2024-04-13 14:22:40;19.3;22.3;29.2;45.9;67.2;73.8;34 °C;23;21.4;21.1;20.5;20.1
2024-04-13 14:42:38;19.4;22.3;29.3;45.9;67.2;73.8;34.6 °C;23.4;21.4;21.1;20.5;20.1
2024-04-13 14:52:39;19.3;22.4;29.3;45.9;67.2;73.8;34.8 °C;23.6;21.4;21.1;20.5;20.1
2024-04-13 15:02:40;19.3;22.4;29.3;45.9;67.2;73.8;35 °C;23.7;21.5;21.1;20.5;20.1
2024-04-13 15:12:38;19.3;22.4;29.3;45.9;67.2;73.8;35.3 °C;23.9;21.5;21.1;20.5;20.1
2024-04-13 15:22:39;19.3;22.5;29.3;45.9;67.2;73.8;35.4 °C;24.1;21.6;21.1;20.5;20.1
2024-04-13 15:32:40;19.3;22.5;29.3;45.9;67.2;73.8;35.4 °C;24.2;21.6;21.1;20.5;20.1
2024-04-13 15:42:34;19.3;22.5;29.3;45.9;67.2;73.8;35.5 °C;24.4;21.7;21.2;20.4;20.1
2024-04-13 15:52:39;19.2;22.5;29.3;45.9;67.2;73.8;35.6 °C;24.5;21.8;21.2;20.4;20.1
2024-04-13 16:02:40;19.1;22.6;29.3;45.9;67.2;73.8;35.4 °C;24.7;21.8;21.2;20.4;20.1
2024-04-13 16:12:35;19.1;22.6;29.3;45.9;67.2;73.8;35.3 °C;24.8;21.8;21.2;20.4;20.1
2024-04-13 16:22:37;19.1;22.6;29.3;45.9;67.2;73.8;35.2 °C;24.9;21.9;21.2;20.4;20.1
2024-04-13 16:32:35;19.0;22.6;29.3;45.9;67.2;73.8;35.1 °C;25.1;21.9;21.2;20.4;20.1
2024-04-13 16:42:41;19.0;22.6;29.3;45.9;67.2;73.8;35 °C;25.3;22;21.3;20.4;20.1
2024-04-13 16:52:40;19.0;22.7;29.4;45.9;67.2;73.8;34.9 °C;25.4;22.1;21.3;20.4;20.1
2024-04-13 17:02:40;18.9;22.7;29.3;45.9;67.2;73.8;34.7 °C;25.4;22.1;21.3;20.4;20
2024-04-13 17:12:37;18.9;22.7;29.4;45.9;67.2;73.8;34.4 °C;25.6;22.2;21.3;20.4;20.1
2024-04-13 17:22:37;18.8;22.7;29.4;45.9;67.2;73.8;34.1 °C;25.6;22.3;21.3;20.4;20.1
2024-04-13 17:32:37;18.8;22.7;29.4;45.9;67.2;73.8;33.9 °C;25.8;22.4;21.3;20.4;20.1
2024-04-13 17:42:35;18.8;22.7;29.4;45.9;67.2;73.8;33.7 °C;25.8;22.4;21.3;20.4;20.1
2024-04-13 17:52:37;18.7;22.7;29.4;46.0;67.2;73.8;33.4 °C;25.9;22.5;21.4;20.5;20.1
2024-04-13 18:02:41;18.7;22.8;29.4;46.0;67.2;73.8;33.1 °C;25.9;22.6;21.4;20.5;20.1
2024-04-13 18:12:42;18.6;22.8;29.4;46.0;67.2;73.8;32.8 °C;26;22.6;21.4;20.5;20.1
2024-04-13 18:22:41;18.6;22.8;29.4;46.0;67.2;73.8;32.4 °C;26;22.7;21.4;20.5;20.1
2024-04-13 18:32:41;18.6;22.8;29.4;46.0;67.2;73.8;32.1 °C;26.1;22.8;21.4;20.5;20
2024-04-13 18:42:36;18.5;22.8;29.5;46.0;67.2;73.8;31.8 °C;26.1;22.8;21.5;20.5;20.1
2024-04-13 18:52:34;18.5;22.8;29.5;46.0;67.3;73.8;31.4 °C;26.1;22.9;21.5;20.5;20.1
2024-04-13 19:02:38;18.4;22.8;29.5;46.0;67.3;73.8;31.1 °C;26.1;22.9;21.5;20.5;20.1
2024-04-13 19:12:39;18.4;22.8;29.5;46.0;67.3;73.8;30.7 °C;26.1;23;21.6;20.5;20.1
2024-04-13 19:22:37;18.4;22.8;29.5;46.0;67.3;73.8;30.3 °C;26.1;23;21.6;20.5;20.1
2024-04-13 19:32:40;18.4;22.8;29.5;46.0;67.3;73.8;29.8 °C;26.1;23.1;21.6;20.6;20.1
2024-04-13 19:42:34;18.3;22.8;29.5;46.1;67.2;73.8;29.4 °C;26.1;23.1;21.6;20.6;20.1
2024-04-13 19:52:39;18.3;22.8;29.6;46.0;67.3;73.8;29 °C;26.1;23.2;21.7;20.6;20.1
2024-04-13 20:02:36;18.3;22.8;29.5;46.0;67.3;73.8;28.6 °C;26.1;23.3;21.7;20.6;20.1
2024-04-13 20:12:34;18.2;22.7;29.6;46.1;67.3;73.8;28.2 °C;26;23.3;21.8;20.6;20.1
2024-04-13 20:22:35;18.2;22.7;29.6;46.1;67.3;73.8;27.8 °C;26;23.3;21.8;20.6;20.1
2024-04-13 20:32:40;18.2;22.7;29.6;46.1;67.3;73.8;27.4 °C;25.9;23.4;21.8;20.6;20.1
2024-04-13 20:42:39;18.2;22.7;29.6;46.1;67.3;73.8;27.1 °C;25.9;23.4;21.8;20.6;20.1
2024-04-13 20:52:36;18.2;22.7;29.6;46.1;67.3;73.8;26.8 °C;25.8;23.4;21.9;20.6;20.1
2024-04-13 21:02:38;18.1;22.7;29.6;46.1;67.3;73.8;26.4 °C;25.8;23.4;21.9;20.6;20.1
2024-04-13 21:12:39;18.1;22.7;29.6;46.1;67.3;73.8;26.1 °C;25.7;23.5;21.9;20.6;20.1
2024-04-13 21:22:41;18.1;22.7;29.6;46.1;67.3;73.8;25.8 °C;25.6;23.5;21.9;20.6;20.1
2024-04-13 21:32:40;18.1;22.7;29.6;46.1;67.3;73.8;25.5 °C;25.6;23.5;21.9;20.7;20.1
2024-04-13 21:42:34;18.1;22.7;29.6;46.1;67.4;73.8;25.3 °C;25.5;23.6;22;20.7;20.1
2024-04-13 21:52:39;18.0;22.6;29.6;46.1;67.4;73.8;24.9 °C;25.4;23.6;22;20.7;20.1
2024-04-13 22:02:40;18.0;22.7;29.6;46.2;67.4;73.8;24.7 °C;25.3;23.6;22;20.7;20.1
2024-04-13 22:12:35;18.0;22.6;29.6;46.2;67.4;73.8;24.4 °C;25.3;23.6;22.1;20.7;20.1
2024-04-13 22:22:37;18.0;22.6;29.6;46.2;67.4;73.8;24.2 °C;25.2;23.6;22.1;20.8;20.1
2024-04-13 22:32:36;18.0;22.6;29.7;46.2;67.4;73.8;23.9 °C;25.1;23.6;22.1;20.8;20.1
2024-04-13 22:42:35;18.0;22.6;29.7;46.2;67.4;73.8;23.7 °C;25;23.6;22.1;20.8;20.1
2024-04-13 22:52:37;17.9;22.6;29.7;46.2;67.4;73.8;23.5 °C;24.9;23.6;22.1;20.8;20.1
2024-04-13 23:02:41;17.9;22.6;29.7;46.2;67.4;73.8;23.3 °C;24.9;23.6;22.2;20.8;20.1
2024-04-13 23:12:40;17.9;22.6;29.7;46.2;67.4;73.8;23.1 °C;24.8;23.6;22.2;20.8;20.1
2024-04-13 23:22:39;17.9;22.6;29.7;46.2;67.4;73.8;22.9 °C;24.7;23.6;22.2;20.8;20.1
2024-04-13 23:32:36;17.9;22.5;29.7;46.2;67.4;73.8;22.7 °C;24.6;23.6;22.2;20.8;20.1
2024-04-13 23:42:35;17.9;22.5;29.7;46.2;67.4;73.8;22.5 °C;24.6;23.6;22.3;20.8;20.1
2024-04-13 23:52:41;17.9;22.5;29.7;46.2;67.4;73.8;22.3 °C;24.4;23.6;22.3;20.8;20.1
2024-04-14 00:02:37;17.9;22.5;29.7;46.2;67.4;73.9;22.1 °C;24.4;23.6;22.3;20.9;20.1
2024-04-14 00:12:41;17.9;22.5;29.7;46.2;67.4;73.8;22 °C;24.3;23.6;22.3;20.9;20.1
2024-04-14 00:22:40;17.9;22.5;29.7;46.2;67.4;73.9;21.8 °C;24.3;23.6;22.3;20.9;20.1
2024-04-14 00:32:36;17.9;22.5;29.6;46.2;67.4;73.9;21.6 °C;24.1;23.6;22.3;20.9;20.2
2024-04-14 00:42:38;17.9;22.5;29.6;46.2;67.4;73.9;21.4 °C;24.1;23.5;22.3;20.9;20.2
2024-04-14 00:52:39;17.9;22.5;29.6;46.2;67.4;73.9;21.3 °C;24;23.5;22.3;20.9;20.2
2024-04-14 01:02:39;17.8;22.5;29.6;46.2;67.4;73.9;21.1 °C;23.9;23.5;22.3;20.9;20.2
2024-04-14 01:12:38;17.8;22.5;29.6;46.2;67.4;73.9;20.9 °C;23.8;23.5;22.3;20.9;20.2
2024-04-14 01:22:38;17.8;22.4;29.6;46.2;67.4;73.9;20.8 °C;23.8;23.4;22.3;20.9;20.2
2024-04-14 01:32:39;17.8;22.4;29.6;46.2;67.4;73.9;20.7 °C;23.7;23.4;22.4;20.9;20.2
2024-04-14 01:42:40;17.8;22.4;29.6;46.2;67.4;73.9;20.6 °C;23.6;23.4;22.4;20.9;20.2
2024-04-14 01:52:35;17.8;22.4;29.7;46.3;67.4;73.9;20.5 °C;23.5;23.4;22.4;21;20.2
2024-04-14 02:02:40;17.8;22.4;29.6;46.3;67.4;73.9;20.4 °C;23.4;23.4;22.4;21;20.3
2024-04-14 02:12:35;17.8;22.4;29.6;46.3;67.4;73.9;20.3 °C;23.4;23.3;22.4;21;20.3
2024-04-14 02:22:41;17.8;22.4;29.6;46.3;67.4;73.9;20.1 °C;23.3;23.3;22.4;21;20.3
2024-04-14 02:32:41;17.8;22.4;29.6;46.3;67.4;73.9;20 °C;23.3;23.3;22.4;21;20.3
2024-04-14 02:42:37;17.8;22.3;29.6;46.3;67.4;73.9;19.9 °C;23.1;23.3;22.4;21;20.3
2024-04-14 02:52:40;17.8;22.3;29.6;46.3;67.4;73.9;19.8 °C;23.1;23.3;22.4;21;20.3
2024-04-14 03:02:35;17.8;22.3;29.6;46.3;67.4;73.9;19.6 °C;23;23.2;22.4;21.1;20.3
2024-04-14 03:12:41;17.8;22.3;29.6;46.3;67.4;73.9;19.6 °C;22.9;23.2;22.4;21.1;20.3
2024-04-14 03:22:41;17.8;22.3;29.6;46.3;67.5;73.9;19.5 °C;22.9;23.2;22.4;21.1;20.3
2024-04-14 03:32:37;17.8;22.3;29.6;46.3;67.4;73.9;19.4 °C;22.8;23.1;22.4;21.1;20.3
2024-04-14 03:42:40;17.8;22.3;29.6;46.3;67.4;73.9;19.3 °C;22.8;23.1;22.4;21.1;20.3
2024-04-14 03:52:34;17.8;22.3;29.6;46.3;67.4;73.9;19.3 °C;22.7;23.1;22.4;21.1;20.3
2024-04-14 04:02:39;17.8;22.3;29.6;46.3;67.5;73.9;19.2 °C;22.6;23.1;22.4;21.1;20.3
2024-04-14 04:12:38;17.8;22.3;29.6;46.3;67.5;73.9;19.1 °C;22.6;23;22.4;21.1;20.3
2024-04-14 04:22:39;17.8;22.2;29.6;46.3;67.5;73.9;18.9 °C;22.5;23;22.4;21.1;20.3
2024-04-14 04:32:37;17.8;22.3;29.6;46.3;67.4;73.9;18.8 °C;22.4;22.9;22.3;21.1;20.3
2024-04-14 04:42:36;17.8;22.2;29.6;46.3;67.4;73.9;18.6 °C;22.3;22.9;22.3;21.1;20.3
2024-04-14 04:52:35;17.8;22.3;29.6;46.3;67.4;73.9;18.5 °C;22.3;22.9;22.3;21.1;20.3
2024-04-14 05:02:34;17.8;22.2;29.6;46.3;67.4;73.9;18.4 °C;22.2;22.9;22.3;21.1;20.3
2024-04-14 05:12:35;17.8;22.2;29.6;46.3;67.4;73.9;18.3 °C;22.1;22.8;22.3;21.1;20.3
2024-04-14 05:22:37;17.7;22.3;29.6;46.3;67.4;73.9;18.2 °C;22.1;22.8;22.3;21.1;20.4
2024-04-14 05:32:40;17.9;22.2;29.6;46.3;67.5;73.9;18.1 °C;22;22.8;22.3;21.1;20.4
2024-04-14 05:42:40;17.8;22.2;29.6;46.3;67.4;74.0;18 °C;21.9;22.8;22.3;21.1;20.4
2024-04-14 05:52:38;17.8;22.2;29.5;46.3;67.5;74.0;17.9 °C;21.9;22.7;22.3;21.1;20.4
2024-04-14 06:02:34;17.7;22.2;29.5;46.3;67.5;74.0;17.9 °C;21.8;22.7;22.3;21.1;20.4
2024-04-14 06:12:39;17.7;22.2;29.5;46.3;67.5;74.0;17.8 °C;21.8;22.6;22.3;21.1;20.4
2024-04-14 06:22:34;17.8;22.2;29.5;46.3;67.5;74.0;17.8 °C;21.7;22.6;22.3;21.1;20.4
2024-04-14 06:32:39;17.7;22.2;29.5;46.3;67.5;74.0;17.6 °C;21.6;22.6;22.3;21.1;20.4
2024-04-14 06:42:36;17.8;22.1;29.5;46.3;67.4;74.0;17.6 °C;21.6;22.5;22.3;21.1;20.4
2024-04-14 06:52:35;17.7;22.1;29.5;46.3;67.5;74.0;17.5 °C;21.5;22.5;22.2;21.1;20.4
2024-04-14 07:02:37;17.8;22.2;29.5;46.3;67.5;74.0;17.5 °C;21.4;22.4;22.2;21.1;20.4
2024-04-14 07:12:38;17.8;22.1;29.5;46.3;67.5;74.0;17.6 °C;21.4;22.4;22.2;21.1;20.4
2024-04-14 07:22:34;17.8;22.1;29.5;46.3;67.5;74.0;17.6 °C;21.3;22.4;22.2;21.1;20.4
2024-04-14 07:32:35;17.8;22.1;29.5;46.2;67.4;74.0;17.8 °C;21.3;22.4;22.2;21.1;20.4
2024-04-14 07:42:33;17.8;22.1;29.5;46.2;67.5;74.0;18 °C;21.3;22.3;22.1;21.1;20.4
2024-04-14 07:52:38;17.8;22.1;29.5;46.2;67.4;74.0;18.3 °C;21.2;22.3;22.1;21.1;20.4
2024-04-14 08:02:34;17.9;22.1;29.5;46.2;67.5;74.0;18.7 °C;21.1;22.3;22.1;21.1;20.4
2024-04-14 08:12:35;17.9;22.1;29.5;46.2;67.4;74.0;19.1 °C;21.1;22.3;22.1;21.1;20.4
2024-04-14 08:22:38;17.9;22.1;29.5;46.2;67.5;74.0;19.7 °C;21.1;22.2;22.1;21.1;20.4
2024-04-14 08:32:38;18.0;22.1;29.5;46.2;67.4;74.0;20.3 °C;21;22.1;22.1;21.1;20.4
2024-04-14 08:42:35;18.0;22.1;29.4;46.2;67.4;74.0;20.8 °C;21;22.1;22.1;21.1;20.4
2024-04-14 08:52:38;18.0;22.1;29.5;46.2;67.4;74.0;21.4 °C;20.9;22.1;22.1;21.1;20.4
2024-04-14 09:02:38;18.1;22.1;29.5;46.2;67.4;74.0;21.9 °C;20.9;22.1;22;21.1;20.4
2024-04-14 09:12:39;18.1;22.1;29.5;46.2;67.4;74.0;22.6 °C;20.9;22;22;21.1;20.4
2024-04-14 09:22:37;18.2;22.1;29.4;46.2;67.4;74.0;23.1 °C;20.9;22;22;21.1;20.4
2024-04-14 09:32:37;18.2;22.1;29.4;46.2;67.4;74.0;23.8 °C;20.9;21.9;22;21.1;20.4
2024-04-14 09:42:37;18.2;22.1;29.4;46.2;67.4;74.0;24.3 °C;21;21.9;21.9;21.1;20.4
2024-04-14 09:52:37;18.3;22.2;29.4;46.7;67.4;74.0;24.9 °C;21;21.9;21.9;21.1;20.4
2024-04-14 10:02:37;18.3;22.2;29.4;46.8;67.4;74.0;25.5 °C;21.1;21.9;21.9;21.1;20.4
2024-04-14 10:12:37;18.3;22.2;29.4;46.8;67.4;74.0;26 °C;21.1;21.8;21.9;21.1;20.4
2024-04-14 10:22:38;18.4;22.2;29.4;46.7;67.4;74.0;26.6 °C;21.1;21.8;21.9;21.1;20.4
2024-04-14 10:32:39;18.4;22.2;29.4;46.7;67.4;74.0;27.1 °C;21.2;21.8;21.9;21.1;20.4
2024-04-14 10:42:40;18.5;22.2;29.4;46.7;67.4;74.0;27.5 °C;21.3;21.8;21.9;21.1;20.4
2024-04-14 10:52:36;18.4;22.2;29.4;46.7;67.4;74.0;27.7 °C;21.4;21.8;21.9;21.1;20.4
2024-04-14 11:02:36;18.4;22.2;29.4;46.7;67.4;74.0;27.6 °C;21.4;21.8;21.8;21.1;20.4
2024-04-14 11:12:35;18.4;22.2;29.4;46.7;67.4;74.0;27.4 °C;21.6;21.8;21.8;21.1;20.4
2024-04-14 11:22:41;18.4;22.2;29.4;46.7;67.4;74.0;27.3 °C;21.6;21.7;21.8;21.1;20.4
2024-04-14 11:32:41;18.3;22.2;29.4;46.7;67.4;74.0;27.2 °C;21.7;21.7;21.8;21.1;20.4
2024-04-14 11:42:41;18.4;22.2;29.3;46.7;67.4;74.0;27.3 °C;21.8;21.7;21.8;21.1;20.4
2024-04-14 11:52:41;18.4;22.2;29.4;46.7;67.4;74.0;27.5 °C;21.9;21.7;21.8;21.1;20.4
2024-04-14 12:02:37;18.4;22.2;29.3;46.7;67.4;74.0;27.9 °C;21.9;21.7;21.8;21;20.4
2024-04-14 12:12:37;18.5;22.2;29.3;46.6;67.4;74.0;28.4 °C;22;21.7;21.8;21;20.4
2024-04-14 12:22:36;18.5;22.2;29.3;46.6;67.4;74.0;29 °C;22.1;21.7;21.8;21;20.4
2024-04-14 12:32:36;18.6;22.2;29.3;46.6;67.3;74.0;29.8 °C;22.2;21.7;21.7;21;20.4
2024-04-14 12:42:40;18.6;22.2;29.3;46.7;67.3;74.0;30.5 °C;22.3;21.7;21.7;21;20.4
2024-04-14 12:52:39;18.7;22.2;29.3;46.7;67.3;74.0;31.2 °C;22.3;21.7;21.7;21;20.4
2024-04-14 13:02:36;18.7;22.3;29.3;46.7;67.3;74.0;31.8 °C;22.4;21.7;21.7;21;20.4
2024-04-14 13:12:40;18.7;22.3;29.3;46.6;67.3;74.0;32.4 °C;22.6;21.8;21.7;21;20.4
2024-04-14 13:22:35;18.8;22.3;29.3;46.6;67.3;74.0;32.9 °C;22.7;21.8;21.7;21;20.4
2024-04-14 13:32:33;18.8;22.3;29.3;46.6;67.3;74.0;33.4 °C;22.8;21.8;21.6;21;20.4
2024-04-14 13:42:34;18.8;22.3;29.4;46.6;67.3;74.0;33.9 °C;23;21.8;21.6;21;20.4
2024-04-14 13:52:40;18.8;22.3;29.3;46.6;67.3;74.0;34.3 °C;23.1;21.8;21.6;20.9;20.4
2024-04-14 14:02:38;18.8;22.3;29.3;46.5;67.3;74.0;34.6 °C;23.3;21.8;21.6;20.9;20.4
2024-04-14 14:12:36;18.8;22.4;29.3;46.5;67.3;74.0;34.9 °C;23.4;21.8;21.6;20.9;20.4
2024-04-14 14:22:39;18.8;22.4;29.3;46.5;67.3;74.0;35.3 °C;23.6;21.9;21.6;20.9;20.4
2024-04-14 14:32:34;18.8;22.4;29.3;46.4;67.3;74.0;35.6 °C;23.8;21.9;21.6;20.9;20.4
2024-04-14 14:42:40;18.8;22.5;29.4;46.4;67.3;74.0;35.8 °C;24;21.9;21.6;20.9;20.4
2024-04-14 14:52:39;18.8;22.5;29.3;46.4;67.3;74.0;35.9 °C;24.2;21.9;21.6;20.9;20.4
2024-04-14 15:02:40;18.8;22.5;29.4;46.4;67.3;74.0;36.2 °C;24.3;22;21.6;20.9;20.4
2024-04-14 15:12:40;18.8;22.5;29.4;46.4;67.3;74.0;36.4 °C;24.5;22.1;21.6;20.9;20.4
2024-04-14 15:22:36;18.8;22.5;29.4;46.4;67.2;74.0;36.6 °C;24.7;22.1;21.6;20.9;20.4
2024-04-14 15:32:34;18.8;22.6;29.4;46.4;67.2;74.0;36.8 °C;24.9;22.1;21.6;20.9;20.4
2024-04-14 15:42:40;18.8;22.6;29.4;46.4;67.2;74.0;37 °C;25;22.2;21.6;20.9;20.4
2024-04-14 15:52:36;18.7;22.6;29.4;46.4;67.3;74.0;37.1 °C;25.2;22.3;21.6;20.9;20.4
2024-04-14 16:02:38;18.7;22.6;29.4;46.4;67.2;74.0;37 °C;25.4;22.3;21.7;20.9;20.4
2024-04-14 16:12:36;18.7;22.6;29.4;46.4;67.3;74.0;37 °C;25.5;22.4;21.7;20.9;20.4
2024-04-14 16:22:35;18.7;22.7;29.4;46.4;67.3;74.0;37.1 °C;25.6;22.4;21.7;20.9;20.4
2024-04-14 16:32:37;18.7;22.7;29.4;46.3;67.3;74.0;37.2 °C;25.8;22.5;21.7;20.9;20.4
2024-04-14 16:42:38;18.6;22.7;29.4;46.5;67.2;74.0;37.3 °C;25.9;22.6;21.7;20.9;20.4
2024-04-14 16:52:35;18.5;22.7;29.4;46.5;67.3;74.0;37.1 °C;26.1;22.6;21.7;20.9;20.4
2024-04-14 17:02:38;18.5;22.7;29.4;46.5;67.3;74.0;36.8 °C;26.2;22.7;21.8;20.9;20.4
2024-04-14 17:12:39;18.4;22.8;29.4;46.5;67.3;74.0;36.4 °C;26.3;22.8;21.8;20.9;20.4
2024-04-14 17:22:34;18.3;22.8;29.5;46.5;67.2;74.0;36 °C;26.4;22.8;21.8;20.9;20.4
2024-04-14 17:32:35;18.3;22.8;29.5;46.5;67.3;74.0;35.7 °C;26.5;22.9;21.8;20.9;20.4
2024-04-14 17:42:34;18.2;22.8;29.5;46.5;67.2;74.0;35.3 °C;26.6;22.9;21.8;20.9;20.4
2024-04-14 17:52:39;18.1;22.8;29.5;46.6;67.2;74.0;34.8 °C;26.7;23.1;21.8;20.9;20.4
2024-04-14 18:02:38;18.0;22.9;29.7;46.1;67.2;74.0;34.3 °C;26.8;23.1;21.9;20.9;20.4
2024-04-14 18:12:35;17.9;22.8;29.5;46.1;67.2;74.0;33.6 °C;26.8;23.2;21.9;20.9;20.4
2024-04-14 18:22:37;17.9;22.9;29.5;46.1;67.2;74.0;33.1 °C;26.9;23.3;21.9;20.9;20.4
2024-04-14 18:32:37;17.9;22.9;29.5;46.1;67.3;74.0;32.8 °C;26.9;23.3;21.9;20.9;20.4
2024-04-14 18:42:38;17.9;22.9;29.6;46.1;67.3;74.0;32.5 °C;26.9;23.4;21.9;20.9;20.4
2024-04-14 18:52:36;17.9;22.9;29.5;46.1;67.3;74.0;32.2 °C;26.9;23.4;22;20.9;20.4
2024-04-14 19:02:36;17.8;22.9;29.6;46.1;67.3;74.0;31.9 °C;26.9;23.5;22;20.9;20.4
2024-04-14 19:12:36;17.8;22.9;29.6;46.1;67.3;74.0;31.6 °C;26.9;23.6;22.1;20.9;20.4
2024-04-14 19:22:37;17.8;22.9;29.6;46.1;67.3;74.0;31.2 °C;26.9;23.6;22.1;20.9;20.4
2024-04-14 19:32:40;17.8;22.9;29.6;46.1;67.3;74.0;30.8 °C;26.9;23.7;22.1;20.9;20.4
2024-04-14 19:42:40;17.7;22.9;29.6;46.1;67.3;74.0;30.4 °C;26.9;23.8;22.1;21;20.4
2024-04-14 19:52:39;17.7;22.8;29.6;46.1;67.3;74.0;30 °C;26.9;23.8;22.2;21;20.4
2024-04-14 20:02:38;17.7;22.9;29.6;46.1;67.3;74.0;29.6 °C;26.9;23.8;22.2;21;20.4
2024-04-14 20:12:40;17.7;22.8;29.6;46.2;67.3;74.0;29.2 °C;26.8;23.9;22.3;21;20.4
2024-04-14 20:22:36;17.6;22.8;29.6;46.2;67.3;74.0;28.8 °C;26.8;23.9;22.3;21;20.4
2024-04-14 20:32:35;17.6;22.8;29.7;46.2;67.4;74.0;28.3 °C;26.8;23.9;22.3;21;20.4
2024-04-14 20:42:33;17.6;22.8;29.7;46.2;67.4;74.0;27.9 °C;26.7;24;22.3;21.1;20.4
2024-04-14 20:52:38;17.6;22.8;29.6;46.2;67.4;74.0;27.6 °C;26.6;24.1;22.4;21.1;20.4
2024-04-14 21:02:36;17.5;22.8;29.7;46.2;67.4;74.0;27.2 °C;26.6;24.1;22.4;21.1;20.4
2024-04-14 21:12:39;17.5;22.8;29.7;46.2;67.4;74.0;26.9 °C;26.5;24.1;22.4;21.1;20.4
2024-04-14 21:22:38;17.5;22.8;29.7;46.2;67.4;74.0;26.5 °C;26.4;24.1;22.4;21.1;20.4
2024-04-14 21:32:39;17.5;22.8;29.7;46.2;67.4;74.0;26.2 °C;26.3;24.1;22.5;21.1;20.4
2024-04-14 21:42:37;17.5;22.7;29.7;46.2;67.4;74.0;25.9 °C;26.3;24.2;22.5;21.1;20.4
2024-04-14 21:52:38;17.5;22.7;29.7;46.2;67.4;74.0;25.6 °C;26.2;24.2;22.5;21.1;20.4
2024-04-14 22:02:40;17.5;22.7;29.7;46.2;67.4;74.0;25.3 °C;26.1;24.2;22.6;21.1;20.5
2024-04-14 22:12:35;17.4;22.7;29.7;46.3;67.4;74.0;25.1 °C;26;24.2;22.6;21.1;20.5
2024-04-14 22:22:34;17.4;22.7;29.7;46.3;67.4;74.0;24.8 °C;25.9;24.3;22.6;21.2;20.5
2024-04-14 22:32:40;17.4;22.7;29.7;46.3;67.4;74.0;24.6 °C;25.9;24.3;22.6;21.2;20.5
2024-04-14 22:42:36;17.4;22.7;29.7;46.3;67.4;74.0;24.4 °C;25.8;24.3;22.6;21.2;20.5
2024-04-14 22:52:40;17.4;22.6;29.7;46.3;67.4;74.0;24.1 °C;25.7;24.3;22.7;21.2;20.5
2024-04-14 23:02:39;17.4;22.6;29.7;46.3;67.4;74.0;23.9 °C;25.6;24.3;22.7;21.3;20.5
2024-04-14 23:12:34;17.3;22.6;29.7;46.3;67.5;74.0;23.7 °C;25.5;24.3;22.7;21.3;20.5
2024-04-14 23:22:35;17.4;22.6;29.7;46.3;67.5;74.0;23.4 °C;25.4;24.3;22.8;21.3;20.5
2024-04-14 23:32:34;17.3;22.6;29.7;46.3;67.5;74.0;23.3 °C;25.3;24.3;22.8;21.3;20.5
2024-04-14 23:42:40;17.4;22.6;29.7;46.3;67.5;74.0;23 °C;25.3;24.3;22.8;21.3;20.5
2024-04-14 23:52:40;17.4;22.6;29.7;46.3;67.5;74.0;22.8 °C;25.2;24.3;22.8;21.3;20.6
2024-04-15 00:02:39;17.4;22.6;29.9;46.3;67.5;74.0;22.6 °C;25.1;24.2;22.8;21.3;20.6
2024-04-15 00:12:38;17.3;22.5;29.8;46.3;67.5;74.0;22.4 °C;25;24.2;22.8;21.3;20.6
2024-04-15 00:22:39;17.4;22.5;29.8;46.3;67.5;74.0;22.3 °C;24.9;24.2;22.8;21.3;20.6
2024-04-15 00:32:34;17.3;22.5;29.8;46.3;67.5;74.0;22.1 °C;24.8;24.2;22.8;21.4;20.6
2024-04-15 00:42:39;17.3;22.5;29.8;46.3;67.5;74.0;21.9 °C;24.8;24.2;22.9;21.4;20.6
2024-04-15 00:52:34;17.3;22.5;29.8;46.3;67.5;74.0;21.8 °C;24.7;24.1;22.9;21.4;20.6
2024-04-15 01:02:40;17.3;22.5;29.8;46.3;67.5;74.0;21.6 °C;24.6;24.1;22.9;21.4;20.6
2024-04-15 01:12:40;17.3;22.5;29.8;46.3;67.5;74.0;21.4 °C;24.5;24.1;22.9;21.4;20.6
2024-04-15 01:22:36;17.3;22.4;29.7;46.3;67.5;74.0;21.2 °C;24.4;24.1;22.9;21.4;20.6
2024-04-15 01:32:39;17.3;22.5;29.7;46.3;67.5;74.0;21 °C;24.3;24.1;22.9;21.4;20.6
2024-04-15 01:42:35;17.2;22.4;29.7;46.3;67.5;74.0;20.9 °C;24.3;24.1;22.9;21.4;20.6
2024-04-15 01:52:33;17.3;22.4;29.7;46.3;67.5;74.0;20.7 °C;24.2;24;22.9;21.4;20.6
2024-04-15 02:02:34;17.2;22.4;29.7;46.3;67.5;74.0;20.6 °C;24.1;24;22.9;21.4;20.6
2024-04-15 02:12:40;17.3;22.4;29.7;46.3;67.5;74.0;20.4 °C;24;23.9;22.9;21.4;20.6
2024-04-15 02:22:39;17.3;22.4;29.7;46.3;67.5;74.0;20.3 °C;23.9;23.9;22.9;21.4;20.6
2024-04-15 02:32:37;17.2;22.4;29.7;46.3;67.5;74.1;20.1 °C;23.9;23.9;22.9;21.5;20.6
2024-04-15 02:42:35;17.3;22.4;29.7;46.3;67.5;74.0;20 °C;23.8;23.9;22.9;21.5;20.6
2024-04-15 02:52:33;17.2;22.4;29.7;46.3;67.5;74.1;19.9 °C;23.7;23.9;22.9;21.5;20.6
2024-04-15 03:02:38;17.2;22.4;29.7;46.3;67.5;74.1;19.8 °C;23.6;23.8;22.9;21.5;20.7
2024-04-15 03:12:40;17.2;22.3;29.7;46.3;67.5;74.1;19.6 °C;23.6;23.8;22.9;21.5;20.7
2024-04-15 03:22:40;17.2;22.3;29.7;46.3;67.5;74.1;19.5 °C;23.4;23.8;22.9;21.5;20.7
2024-04-15 03:32:39;17.2;22.3;29.6;46.3;67.5;74.1;19.4 °C;23.4;23.8;22.9;21.5;20.7
2024-04-15 03:42:35;17.2;22.3;29.6;46.3;67.5;74.1;19.3 °C;23.3;23.7;22.9;21.6;20.7
2024-04-15 03:52:34;17.2;22.3;29.6;46.3;67.5;74.1;19.1 °C;23.3;23.7;22.9;21.6;20.7
2024-04-15 04:02:39;17.2;22.3;29.6;46.4;67.5;74.1;19 °C;23.2;23.6;22.9;21.6;20.7
2024-04-15 04:12:34;17.2;22.3;29.6;46.4;67.5;74.1;18.9 °C;23.1;23.6;22.9;21.6;20.7
2024-04-15 04:22:37;17.2;22.3;29.6;46.4;67.5;74.1;18.8 °C;23;23.6;22.9;21.6;20.7
2024-04-15 04:32:33;17.2;22.3;29.6;46.4;67.5;74.1;18.7 °C;22.9;23.6;22.9;21.6;20.8
2024-04-15 04:42:37;17.2;22.3;29.6;46.3;67.5;74.1;18.6 °C;22.9;23.5;22.9;21.6;20.8
2024-04-15 04:52:34;17.2;22.3;29.6;46.3;67.5;74.1;18.5 °C;22.8;23.4;22.9;21.6;20.8
2024-04-15 05:02:33;17.2;22.2;29.6;46.3;67.5;74.1;18.4 °C;22.7;23.4;22.9;21.6;20.8
2024-04-15 05:12:33;17.2;22.2;29.6;46.3;67.5;74.1;18.3 °C;22.6;23.4;22.9;21.6;20.8
2024-04-15 05:22:38;17.2;22.2;29.6;46.4;67.5;74.1;18.3 °C;22.6;23.4;22.8;21.6;20.8
2024-04-15 05:32:35;17.2;22.2;29.6;46.3;67.5;74.1;18.2 °C;22.5;23.3;22.8;21.6;20.8
2024-04-15 05:42:38;17.2;22.2;29.6;46.3;67.5;74.1;18.1 °C;22.4;23.3;22.8;21.6;20.8
2024-04-15 05:52:35;17.2;22.2;29.5;46.3;67.5;74.1;18 °C;22.4;23.3;22.8;21.6;20.8
2024-04-15 06:02:33;17.2;22.2;29.5;46.3;67.5;74.1;17.9 °C;22.3;23.3;22.8;21.6;20.8
2024-04-15 06:12:34;17.2;22.2;29.5;46.3;67.5;74.1;17.8 °C;22.3;23.2;22.8;21.6;20.8
2024-04-15 06:22:33;17.2;22.2;29.5;46.3;67.5;74.1;17.8 °C;22.2;23.1;22.8;21.6;20.8
2024-04-15 06:32:33;17.2;22.2;29.5;46.3;67.6;74.1;17.7 °C;22.1;23.1;22.8;21.6;20.8
2024-04-15 06:42:33;17.2;22.2;29.5;46.3;67.6;74.1;17.7 °C;22.1;23.1;22.8;21.6;20.8
2024-04-15 06:52:35;17.2;22.2;29.5;46.3;67.6;74.1;17.6 °C;22;23.1;22.8;21.6;20.8
2024-04-15 07:02:38;17.2;22.2;29.5;46.3;67.6;74.1;17.7 °C;21.9;23;22.8;21.6;20.8
2024-04-15 07:12:36;17.2;22.1;29.5;46.3;67.6;74.1;17.8 °C;21.9;23;22.7;21.6;20.8
2024-04-15 07:22:40;17.2;22.2;29.5;46.3;67.6;74.1;17.8 °C;21.8;22.9;22.7;21.6;20.8
2024-04-15 07:32:39;17.3;22.2;29.5;46.3;67.6;74.1;17.9 °C;21.8;22.9;22.7;21.6;20.8
2024-04-15 07:42:33;17.3;22.1;29.5;46.3;67.6;74.1;18 °C;21.7;22.9;22.7;21.6;20.8
2024-04-15 07:52:35;17.3;22.1;29.5;46.3;67.5;74.1;18.1 °C;21.6;22.8;22.6;21.6;20.8
2024-04-15 08:02:33;17.3;22.1;29.5;46.3;67.5;74.1;18.4 °C;21.6;22.8;22.6;21.6;20.8
2024-04-15 08:12:38;17.3;22.1;29.5;46.3;67.6;74.1;18.8 °C;21.6;22.8;22.6;21.6;20.8
2024-04-15 08:22:36;17.4;22.1;29.4;46.3;67.5;74.1;19.2 °C;21.5;22.7;22.6;21.6;20.8
2024-04-15 08:32:32;17.4;22.1;29.4;46.3;67.5;74.1;19.7 °C;21.4;22.7;22.6;21.6;20.8
2024-04-15 08:42:33;17.5;22.1;29.5;46.3;67.5;74.1;20.3 °C;21.4;22.6;22.6;21.6;20.8
2024-04-15 08:52:38;17.5;22.1;29.4;46.3;67.5;74.1;20.8 °C;21.4;22.6;22.6;21.6;20.8
2024-04-15 09:02:39;17.5;22.1;29.4;46.2;67.5;74.1;21.3 °C;21.4;22.6;22.6;21.6;20.9
2024-04-15 09:12:39;17.6;22.1;29.4;46.2;67.5;74.1;21.9 °C;21.4;22.6;22.5;21.6;20.9
2024-04-15 09:22:38;17.6;22.1;29.4;46.2;67.5;74.1;22.6 °C;21.4;22.5;22.5;21.6;20.9
2024-04-15 09:32:40;17.7;22.1;29.4;46.2;67.5;74.1;23.3 °C;21.4;22.5;22.5;21.6;20.9
2024-04-15 09:42:36;17.7;22.1;29.4;46.2;67.5;74.1;23.9 °C;21.4;22.4;22.5;21.6;20.9
2024-04-15 09:52:36;17.7;22.1;29.4;46.2;67.5;74.1;24.4 °C;21.4;22.4;22.4;21.6;20.9
2024-04-15 10:02:35;17.8;22.1;29.4;46.2;67.5;74.1;24.8 °C;21.4;22.4;22.4;21.6;20.9
2024-04-15 10:12:35;17.8;22.1;29.4;46.2;67.5;74.1;24.9 °C;21.5;22.4;22.4;21.6;20.9
2024-04-15 10:22:38;17.8;22.1;29.4;46.2;67.5;74.1;25.1 °C;21.6;22.3;22.4;21.6;20.9
2024-04-15 10:32:35;17.8;22.1;29.4;46.2;67.5;74.1;25.4 °C;21.6;22.3;22.4;21.6;20.9
2024-04-15 10:42:38;17.8;22.1;29.4;46.2;67.5;74.1;25.6 °C;21.7;22.3;22.4;21.5;20.9
2024-04-15 10:52:36;17.8;22.2;29.4;46.2;67.5;74.1;25.7 °C;21.8;22.3;22.4;21.5;20.9
2024-04-15 11:02:37;17.8;22.2;29.4;46.2;67.5;74.1;25.8 °C;21.8;22.3;22.3;21.5;20.9
2024-04-15 11:12:33;17.7;22.2;29.4;46.2;67.5;74.1;25.8 °C;21.8;22.3;22.3;21.5;20.9
2024-04-15 11:22:39;17.7;22.1;29.4;46.2;67.5;74.1;25.9 °C;21.9;22.2;22.3;21.5;20.9
2024-04-15 11:32:35;17.8;22.2;29.4;46.2;67.5;74.1;25.9 °C;22;22.2;22.3;21.5;20.9
2024-04-15 11:42:33;17.8;22.2;29.4;46.2;67.5;74.1;26.1 °C;22.1;22.2;22.3;21.5;20.9
2024-04-15 11:52:35;17.8;22.2;29.4;46.2;67.5;74.1;26.3 °C;22.1;22.2;22.3;21.5;20.9
2024-04-15 12:02:35;17.8;22.2;29.3;46.2;67.5;74.1;26.6 °C;22.2;22.2;22.3;21.5;20.9
2024-04-15 12:12:37;17.8;22.2;29.3;46.2;67.4;74.1;27.1 °C;22.2;22.2;22.3;21.5;20.9
2024-04-15 12:22:35;17.8;22.1;29.4;46.1;67.5;74.1;27.6 °C;22.3;22.2;22.2;21.5;20.9
2024-04-15 12:32:39;17.8;22.2;29.3;46.1;67.5;74.1;28 °C;22.4;22.2;22.2;21.4;20.9
2024-04-15 12:42:37;17.9;22.2;29.3;46.1;67.5;74.1;28.4 °C;22.4;22.2;22.2;21.4;20.9
2024-04-15 12:52:38;17.9;22.2;29.3;46.1;67.5;74.1;28.9 °C;22.5;22.2;22.2;21.4;20.9
2024-04-15 13:02:37;17.9;22.2;29.3;46.1;67.5;74.1;29.2 °C;22.6;22.2;22.2;21.4;20.9
2024-04-15 13:12:37;17.9;22.2;29.3;46.1;67.5;74.1;29.5 °C;22.7;22.2;22.1;21.4;20.9
2024-04-15 13:22:39;17.9;22.2;29.3;46.1;67.4;74.1;29.9 °C;22.8;22.2;22.1;21.4;20.9
2024-04-15 13:32:34;17.9;22.2;29.3;46.1;67.4;74.1;30.3 °C;22.9;22.2;22.1;21.4;20.9
2024-04-15 13:42:33;17.9;22.3;29.3;46.1;67.4;74.1;30.6 °C;23;22.2;22.1;21.4;20.9
2024-04-15 13:52:39;17.9;22.3;29.3;46.1;67.4;74.1;30.8 °C;23.1;22.2;22.1;21.4;20.9
2024-04-15 14:02:33;17.8;22.3;29.3;46.1;67.4;74.1;30.8 °C;23.2;22.3;22.1;21.4;20.9
2024-04-15 14:12:35;17.7;22.3;29.3;46.1;67.4;74.1;30.6 °C;23.3;22.3;22.1;21.4;20.9
2024-04-15 14:22:38;17.7;22.3;29.3;46.1;67.4;74.1;30.2 °C;23.4;22.3;22.1;21.4;20.9
2024-04-15 14:32:33;17.6;22.3;29.3;46.1;67.4;74.1;29.9 °C;23.6;22.3;22.1;21.4;20.9
2024-04-15 14:42:34;17.6;22.3;29.3;46.1;67.4;74.1;29.7 °C;23.7;22.3;22.1;21.4;20.9
2024-04-15 14:52:38;17.5;22.3;29.3;46.1;67.4;74.1;29.4 °C;23.8;22.3;22.1;21.4;20.9
2024-04-15 15:02:39;17.5;22.3;29.3;46.1;67.4;74.1;29.3 °C;23.9;22.4;22.1;21.4;20.9
2024-04-15 15:12:39;17.4;22.3;29.3;46.1;67.4;74.1;29.1 °C;23.9;22.4;22.1;21.4;20.9
2024-04-15 15:22:39;17.4;22.4;29.4;46.1;67.4;74.1;28.9 °C;24;22.4;22.1;21.4;20.8
2024-04-15 15:32:33;17.4;22.3;29.4;46.1;67.4;74.1;28.7 °C;24.1;22.4;22.1;21.4;20.9
2024-04-15 15:42:39;17.3;22.3;29.3;46.1;67.4;74.1;28.5 °C;24.1;22.5;22.1;21.4;20.8
2024-04-15 15:52:34;17.3;22.4;29.4;46.1;67.4;74.1;28.3 °C;24.2;22.6;22.1;21.4;20.9
2024-04-15 16:02:32;17.2;22.4;29.3;46.0;67.4;74.1;28.2 °C;24.3;22.6;22.1;21.4;20.8
2024-04-15 16:12:33;17.2;22.4;29.3;46.0;67.4;74.1;28.1 °C;24.3;22.6;22.1;21.4;20.8
2024-04-15 16:22:38;17.2;22.4;29.3;46.1;67.4;74.1;28.1 °C;24.3;22.6;22.1;21.4;20.8
2024-04-15 16:32:36;17.2;22.4;29.3;46.1;67.4;74.1;28.1 °C;24.4;22.7;22.1;21.3;20.8
2024-04-15 16:42:32;17.2;22.4;29.3;46.1;67.3;74.1;28 °C;24.4;22.7;22.1;21.3;20.8
2024-04-15 16:52:32;17.2;22.3;29.4;46.1;67.3;74.1;28 °C;24.4;22.8;22.1;21.3;20.8
2024-04-15 17:02:36;17.2;22.4;29.4;46.1;67.3;74.1;28 °C;24.4;22.8;22.1;21.3;20.8
2024-04-15 17:12:37;17.2;22.4;29.4;46.1;67.3;74.1;28 °C;24.4;22.8;22.1;21.3;20.8
2024-04-15 17:22:35;17.2;22.4;29.4;46.1;67.3;74.1;27.9 °C;24.5;22.9;22.2;21.3;20.8
2024-04-15 17:32:37;17.2;22.4;29.4;46.1;67.3;74.1;27.9 °C;24.5;22.9;22.2;21.3;20.8
2024-04-15 17:42:39;17.2;22.4;29.4;46.1;67.3;74.1;27.9 °C;24.6;22.9;22.2;21.3;20.8
2024-04-15 17:52:35;17.2;22.4;29.4;46.1;67.3;74.1;27.8 °C;24.6;22.9;22.2;21.3;20.8
2024-04-15 18:02:37;17.2;22.4;29.4;46.1;67.3;74.1;27.8 °C;24.6;23;22.2;21.3;20.8
2024-04-15 18:12:39;17.2;22.4;29.4;46.1;67.3;74.1;27.7 °C;24.6;23;22.2;21.3;20.8
2024-04-15 18:22:34;17.2;22.4;29.4;46.1;67.3;74.1;27.5 °C;24.6;23;22.3;21.3;20.8
2024-04-15 18:32:37;17.1;22.4;29.4;46.1;67.3;74.1;27.4 °C;24.6;23.1;22.3;21.3;20.8
2024-04-15 18:42:39;17.1;22.3;29.4;46.1;67.3;74.1;27.2 °C;24.6;23.1;22.3;21.3;20.8
2024-04-15 18:52:34;17.1;22.3;29.4;46.1;67.4;74.1;27 °C;24.6;23.1;22.3;21.3;20.8
2024-04-15 19:02:36;17.1;22.3;29.4;46.1;67.4;74.1;26.8 °C;24.6;23.1;22.3;21.4;20.8
2024-04-15 19:12:37;17.1;22.4;29.4;46.1;67.4;74.1;26.6 °C;24.6;23.2;22.3;21.4;20.8
2024-04-15 19:22:39;17.1;22.3;29.4;46.1;67.4;74.1;26.4 °C;24.6;23.2;22.3;21.4;20.8
2024-04-15 19:32:39;17.1;22.3;29.4;46.1;67.4;74.1;26.1 °C;24.6;23.2;22.3;21.4;20.8
2024-04-15 19:42:35;17.0;22.3;29.4;46.1;67.4;74.1;25.9 °C;24.6;23.2;22.3;21.4;20.8
2024-04-15 19:52:35;17.1;22.4;29.4;46.1;67.4;74.1;25.7 °C;24.6;23.3;22.4;21.4;20.8
2024-04-15 20:02:35;17.0;22.4;29.4;46.1;67.4;74.1;25.4 °C;24.6;23.3;22.4;21.4;20.8
2024-04-15 20:12:35;17.0;22.3;29.4;46.1;67.4;74.1;25.3 °C;24.6;23.3;22.4;21.4;20.8
2024-04-15 20:22:39;17.0;22.3;29.4;46.1;67.4;74.1;25.1 °C;24.5;23.3;22.4;21.4;20.8
2024-04-15 20:32:39;17.0;22.3;29.4;46.1;67.4;74.1;24.9 °C;24.5;23.3;22.4;21.4;20.8
2024-04-15 20:42:39;17.1;22.3;29.5;46.1;67.4;74.1;24.7 °C;24.4;23.3;22.4;21.4;20.8
2024-04-15 20:52:39;17.1;22.3;29.5;46.2;67.4;74.1;24.6 °C;24.4;23.3;22.4;21.4;20.8
2024-04-15 21:02:35;17.0;22.3;29.5;46.2;67.4;74.1;24.4 °C;24.4;23.3;22.4;21.4;20.8
2024-04-15 21:12:34;17.0;22.3;29.5;46.2;67.4;74.1;24.3 °C;24.3;23.4;22.4;21.4;20.8
2024-04-15 21:22:33;17.0;22.3;29.5;46.2;67.4;74.1;24.2 °C;24.3;23.4;22.4;21.4;20.8
2024-04-15 21:32:38;17.0;22.3;29.4;46.2;67.4;74.1;24.1 °C;24.3;23.4;22.5;21.4;20.8
2024-04-15 21:42:37;17.0;22.3;29.5;46.2;67.4;74.1;23.9 °C;24.2;23.4;22.5;21.4;20.8
2024-04-15 21:52:35;17.0;22.3;29.5;46.2;67.4;74.1;23.8 °C;24.2;23.4;22.5;21.4;20.8
2024-04-15 22:02:38;17.0;22.3;29.5;46.2;67.4;74.1;23.7 °C;24.1;23.4;22.5;21.4;20.8
2024-04-15 22:12:32;17.0;22.3;29.5;46.2;67.4;74.1;23.6 °C;24.1;23.4;22.5;21.4;20.8
2024-04-15 22:22:38;17.0;22.3;29.5;46.2;67.4;74.1;23.5 °C;24;23.4;22.5;21.4;20.8
2024-04-15 22:32:36;17.0;22.3;29.5;46.2;67.4;74.1;23.4 °C;24;23.4;22.6;21.4;20.8
2024-04-15 22:42:37;17.0;22.2;29.5;46.2;67.4;74.1;23.3 °C;23.9;23.4;22.6;21.4;20.9
2024-04-15 22:52:34;17.0;22.2;29.5;46.2;67.4;74.1;23.2 °C;23.9;23.4;22.6;21.4;20.9
2024-04-15 23:02:33;17;22.2;29.4;46.2;67.4;74.1;23.1 °C;23.9;23.4;22.6;21.4;20.9
2024-04-15 23:12:39;17;22.2;29.5;46.2;67.4;74.1;23.1 °C;23.8;23.4;22.6;21.5;20.9
2024-04-15 23:22:35;17.0;22.2;29.5;46.2;67.4;74.1;22.9 °C;23.8;23.4;22.6;21.5;20.9
2024-04-15 23:32:38;17.0;22.2;29.5;46.2;67.4;74.1;22.9 °C;23.8;23.4;22.6;21.5;20.9
2024-04-15 23:42:37;17.0;22.2;29.5;46.2;67.4;74.1;22.8 °C;23.7;23.3;22.6;21.5;20.9
2024-04-15 23:52:38;17.0;22.2;29.4;46.2;67.4;74.1;22.8 °C;23.6;23.3;22.6;21.5;20.9
2024-04-16 00:02:38;17.0;22.2;29.4;46.2;67.4;74.1;22.7 °C;23.6;23.3;22.6;21.5;20.9
2024-04-16 00:12:32;17.0;22.2;29.4;46.2;67.4;74.1;22.6 °C;23.6;23.3;22.6;21.5;20.9
2024-04-16 00:22:36;17.0;22.2;29.4;46.2;67.4;74.1;22.5 °C;23.5;23.3;22.6;21.5;20.9
2024-04-16 00:32:38;17.0;22.2;29.5;46.2;67.4;74.1;22.5 °C;23.5;23.3;22.6;21.5;20.9
2024-04-16 00:42:32;17.0;22.2;29.4;46.2;67.4;74.1;22.4 °C;23.4;23.3;22.6;21.5;20.9
2024-04-16 00:52:33;17.0;22.2;29.4;46.2;67.4;74.1;22.3 °C;23.4;23.3;22.6;21.5;20.9
2024-04-16 01:02:38;17.0;22.2;29.4;46.2;67.4;74.1;22.3 °C;23.4;23.3;22.6;21.5;20.9
2024-04-16 01:12:33;17.0;22.1;29.4;46.2;67.4;74.1;22.2 °C;23.3;23.3;22.6;21.6;20.9
2024-04-16 01:22:34;17.0;22.2;29.4;46.2;67.5;74.1;22.1 °C;23.3;23.3;22.6;21.6;20.9
2024-04-16 01:32:37;17.0;22.1;29.4;46.2;67.4;74.1;22.1 °C;23.3;23.3;22.6;21.6;20.9
2024-04-16 01:42:38;17.0;22.1;29.4;46.2;67.5;74.1;22 °C;23.2;23.2;22.6;21.6;20.9
2024-04-16 01:52:37;17.0;22.1;29.4;46.2;67.4;74.1;21.9 °C;23.2;23.2;22.6;21.6;20.9
2024-04-16 02:02:34;17.0;22.1;29.4;46.2;67.4;74.1;21.9 °C;23.1;23.2;22.6;21.6;20.9
2024-04-16 02:12:33;17.0;22.1;29.4;46.2;67.5;74.1;21.8 °C;23.1;23.2;22.6;21.6;20.9
2024-04-16 02:22:39;17.0;22.1;29.4;46.2;67.5;74.1;21.8 °C;23.1;23.1;22.6;21.6;20.9
2024-04-16 02:32:35;17.0;22.1;29.4;46.2;67.5;74.1;21.7 °C;23;23.1;22.6;21.6;20.9
2024-04-16 02:42:39;17.0;22.1;29.4;46.2;67.5;74.1;21.6 °C;23;23.1;22.6;21.6;20.9
2024-04-16 02:52:38;17.1;22.1;29.4;46.2;67.5;74.1;21.6 °C;22.9;23.1;22.6;21.6;20.9
2024-04-16 03:02:33;17.0;22.1;29.4;46.2;67.5;74.1;21.5 °C;22.9;23.1;22.6;21.6;20.9
2024-04-16 03:12:35;17.1;22.1;29.4;46.2;67.5;74.1;21.4 °C;22.9;23.1;22.6;21.6;20.9
2024-04-16 03:22:35;17.1;22.1;29.4;46.2;67.5;74.1;21.4 °C;22.9;23.1;22.6;21.6;20.9
2024-04-16 03:32:35;17.0;22.1;29.4;46.2;67.5;74.1;21.3 °C;22.8;23.1;22.6;21.6;20.9
2024-04-16 03:42:32;17.0;22.1;29.4;46.2;67.5;74.1;21.3 °C;22.8;23;22.6;21.6;20.9
2024-04-16 03:52:36;17.1;22.1;29.4;46.2;67.5;74.1;21.2 °C;22.8;23;22.6;21.6;20.9
2024-04-16 04:02:37;17.0;22.0;29.4;46.2;67.5;74.1;21.1 °C;22.7;23;22.6;21.6;20.9
2024-04-16 04:12:38;17.1;22.0;29.4;46.2;67.5;74.1;21.1 °C;22.7;23;22.6;21.6;20.9
2024-04-16 04:22:36;17.1;22.1;29.4;46.2;67.5;74.1;21 °C;22.6;22.9;22.6;21.6;20.9
2024-04-16 04:32:38;17.1;22.1;29.4;46.2;67.5;74.1;20.9 °C;22.6;22.9;22.6;21.6;20.9
2024-04-16 04:42:33;17.0;22.0;29.4;46.2;67.5;74.1;20.9 °C;22.6;22.9;22.6;21.6;20.9
2024-04-16 04:52:39;17.1;22.0;29.4;46.2;67.5;74.1;20.9 °C;22.5;22.9;22.6;21.6;20.9
2024-04-16 05:02:35;17.1;22.0;29.3;46.2;67.5;74.1;20.8 °C;22.5;22.9;22.6;21.6;20.9
2024-04-16 05:12:34;17.1;22.0;29.3;46.2;67.5;74.1;20.8 °C;22.4;22.9;22.6;21.6;20.9
2024-04-16 05:22:37;17.1;22.0;29.3;46.2;67.5;74.1;20.7 °C;22.4;22.9;22.6;21.6;20.9
2024-04-16 05:32:32;17.1;22.0;29.4;46.2;67.5;74.1;20.6 °C;22.4;22.8;22.6;21.6;20.9
2024-04-16 05:42:33;17.1;22.0;29.4;46.2;67.5;74.1;20.6 °C;22.4;22.8;22.6;21.6;20.9
2024-04-16 05:52:34;17.1;22.0;29.3;46.2;67.5;74.1;20.4 °C;22.3;22.8;22.5;21.6;20.9
2024-04-16 06:02:34;17.1;22.0;29.3;46.2;67.5;74.1;20.3 °C;22.3;22.8;22.5;21.6;20.9
2024-04-16 06:12:37;17.1;22.0;29.3;46.2;67.5;74.1;20.3 °C;22.3;22.8;22.5;21.6;20.9
2024-04-16 06:22:34;17.1;22.0;29.3;46.2;67.5;74.1;20.1 °C;22.3;22.8;22.5;21.6;20.9
2024-04-16 06:32:38;17.1;22.0;29.3;46.2;67.5;74.1;20 °C;22.2;22.7;22.5;21.6;21
2024-04-16 06:42:36;17.1;22.0;29.3;46.2;67.5;74.1;19.9 °C;22.1;22.7;22.5;21.6;21
2024-04-16 06:52:38;17.1;22.0;29.3;46.2;67.5;74.2;19.9 °C;22.1;22.7;22.5;21.6;21
2024-04-16 07:02:38;17.1;22.0;29.3;46.2;67.5;74.2;19.8 °C;22.1;22.6;22.5;21.6;21
2024-04-16 07:12:32;17.1;22.0;29.3;46.2;67.5;74.2;19.8 °C;22.1;22.6;22.5;21.6;21
2024-04-16 07:22:37;17.1;21.9;29.3;46.2;67.5;74.1;19.8 °C;22;22.6;22.4;21.6;21
2024-04-16 07:32:31;17.1;22.0;29.4;46.2;67.5;74.2;19.9 °C;21.9;22.6;22.4;21.6;21
2024-04-16 07:42:36;17.1;21.9;29.4;46.2;67.5;74.2;19.9 °C;21.9;22.6;22.4;21.6;21
2024-04-16 07:52:34;17.1;21.9;29.4;46.2;67.5;74.2;19.9 °C;21.9;22.6;22.4;21.6;21
2024-04-16 08:02:32;17.1;21.9;29.3;46.2;67.5;74.2;20.1 °C;21.9;22.6;22.4;21.6;21
2024-04-16 08:12:34;17.2;21.9;29.3;46.2;67.4;74.2;20.1 °C;21.8;22.5;22.4;21.6;21
2024-04-16 08:22:33;17.2;21.9;29.3;46.2;67.4;74.1;20.3 °C;21.8;22.5;22.4;21.6;21
2024-04-16 08:32:36;17.2;21.9;29.3;46.2;67.4;74.2;20.4 °C;21.8;22.5;22.4;21.6;21
2024-04-16 08:42:33;17.2;21.9;29.3;46.2;67.4;74.2;20.6 °C;21.8;22.4;22.4;21.6;21
2024-04-16 08:52:36;17.2;21.9;29.3;46.2;67.4;74.2;20.9 °C;21.7;22.4;22.4;21.6;21
2024-04-16 09:02:34;17.2;21.9;29.3;46.1;67.4;74.2;21.1 °C;21.7;22.4;22.4;21.6;21
2024-04-16 09:12:32;17.3;21.9;29.3;46.1;67.4;74.2;21.4 °C;21.7;22.4;22.4;21.6;21
2024-04-16 09:22:33;17.3;21.9;29.3;46.1;67.4;74.2;21.6 °C;21.7;22.4;22.4;21.6;21
2024-04-16 09:32:31;17.3;21.9;29.3;46.1;67.4;74.2;21.8 °C;21.7;22.4;22.4;21.6;21
2024-04-16 09:42:32;17.3;21.9;29.3;46.1;67.4;74.2;21.9 °C;21.7;22.3;22.3;21.6;21
2024-04-16 09:52:33;17.3;21.9;29.3;46.1;67.4;74.2;22 °C;21.7;22.3;22.3;21.6;21
2024-04-16 10:02:36;17.3;21.9;29.2;46.1;67.4;74.2;22.2 °C;21.7;22.3;22.3;21.6;21
2024-04-16 10:12:34;17.4;21.9;29.2;46.1;67.4;74.2;22.4 °C;21.7;22.3;22.3;21.6;21
2024-04-16 10:22:36;17.3;21.9;29.2;46.1;67.4;74.2;22.7 °C;21.7;22.3;22.3;21.6;21
2024-04-16 10:32:34;17.4;21.9;29.2;46.1;67.4;74.2;22.9 °C;21.7;22.3;22.3;21.6;21
2024-04-16 10:42:33;17.4;21.9;29.2;46.1;67.4;74.2;23.2 °C;21.7;22.3;22.3;21.6;21
2024-04-16 10:52:36;17.4;21.9;29.2;46.1;67.4;74.2;23.4 °C;21.8;22.3;22.3;21.5;21
2024-04-16 11:02:37;17.4;21.9;29.2;46.1;67.4;74.2;23.7 °C;21.8;22.2;22.3;21.5;21
2024-04-16 11:12:36;17.4;21.9;29.2;46.1;67.4;74.2;23.9 °C;21.8;22.2;22.3;21.5;21
2024-04-16 11:22:33;17.4;21.9;29.2;46.1;67.4;74.1;24.1 °C;21.8;22.2;22.3;21.5;21
2024-04-16 11:32:31;17.5;21.9;29.2;46.1;67.4;74.1;24.4 °C;21.9;22.2;22.2;21.5;21
2024-04-16 11:42:36;17.4;21.9;29.2;46.1;67.4;74.2;24.6 °C;21.9;22.2;22.2;21.5;21
2024-04-16 11:52:36;17.5;21.9;29.2;46.1;67.4;74.2;24.9 °C;21.9;22.1;22.2;21.5;21
2024-04-16 12:02:34;17.5;21.9;29.2;46.0;67.4;74.2;25.2 °C;21.9;22.1;22.2;21.5;21
2024-04-16 12:12:37;17.5;21.9;29.2;46.1;67.4;74.1;25.4 °C;22;22.1;22.2;21.5;21
2024-04-16 12:22:32;17.5;22.0;29.1;46.0;67.3;74.2;25.8 °C;22.1;22.1;22.2;21.5;21
2024-04-16 12:32:37;17.5;21.9;29.2;46.0;67.3;74.2;26 °C;22.1;22.1;22.2;21.5;21
2024-04-16 12:42:35;17.5;22.0;29.1;46.0;67.3;74.2;26.1 °C;22.2;22.1;22.1;21.5;21
2024-04-16 12:52:35;17.5;22.0;29.1;46.0;67.3;74.1;26.3 °C;22.3;22.1;22.1;21.5;21
2024-04-16 13:02:31;17.5;22.0;29.1;46.0;67.3;74.2;26.4 °C;22.3;22.1;22.1;21.5;21
2024-04-16 13:12:35;17.4;22.0;29.1;46.0;67.3;74.1;26.4 °C;22.4;22.1;22.1;21.5;21
2024-04-16 13:22:36;17.4;22.0;29.1;46.0;67.3;74.1;26.4 °C;22.4;22.1;22.1;21.4;21
2024-04-16 13:32:37;17.4;22.0;29.1;46.0;67.3;74.1;26.4 °C;22.5;22.1;22.1;21.4;21
2024-04-16 13:42:36;17.4;22.0;29.1;46.0;67.3;74.1;26.4 °C;22.6;22.1;22.1;21.4;21
2024-04-16 13:52:45;17.4;22.0;29.1;46.0;67.3;74.1;26.5 °C;22.6;22.1;22.1;21.4;21
2024-04-16 14:02:38;17.4;22.0;29.1;46.0;67.3;74.1;26.5 °C;22.7;22.2;22.1;21.4;21
2024-04-16 14:12:33;17.4;22.0;29.1;46.0;67.3;74.1;26.6 °C;22.8;22.2;22.1;21.4;21
2024-04-16 14:22:31;17.4;22.0;29.1;46.0;67.3;74.1;26.5 °C;22.8;22.2;22.1;21.4;21
2024-04-16 14:32:36;17.3;22.0;29.1;46.0;67.3;74.1;26.5 °C;22.8;22.2;22.1;21.4;21
2024-04-16 14:42:37;17.3;22.0;29.1;46.0;67.3;74.1;26.3 °C;22.9;22.2;22.1;21.4;21
2024-04-16 14:52:36;17.3;22.0;29.1;46.0;67.3;74.1;26.1 °C;22.9;22.3;22.1;21.4;21
2024-04-16 15:02:32;17.3;22.0;29.1;46.0;67.3;74.1;26 °C;23;22.3;22.1;21.4;21
2024-04-16 15:12:38;17.2;22.0;29.1;46.0;67.3;74.1;25.8 °C;23;22.3;22.1;21.4;21
2024-04-16 15:22:33;17.2;22.0;29.2;46.0;67.3;74.1;25.6 °C;23.1;22.3;22.1;21.4;21
2024-04-16 15:32:32;17.1;22.0;29.1;46.0;67.3;74.1;25.4 °C;23.1;22.3;22.1;21.4;21
2024-04-16 15:42:34;17.1;22.0;29.1;46.0;67.3;74.1;25.1 °C;23.1;22.3;22.1;21.4;20.9
2024-04-16 15:52:34;17.0;22.0;29.1;46.0;67.3;74.1;24.7 °C;23.1;22.3;22.1;21.4;21
2024-04-16 16:02:37;17.0;22.0;29.1;46.0;67.3;74.1;24.4 °C;23.1;22.4;22.1;21.4;20.9
2024-04-16 16:12:36;17.0;22.0;29.1;46.0;67.3;74.1;24.1 °C;23.1;22.4;22.1;21.4;20.9
2024-04-16 16:22:33;17.0;22.0;29.1;46.0;67.3;74.1;23.7 °C;23.1;22.4;22.1;21.4;20.9
2024-04-16 16:32:35;17.0;22.0;29.1;46.0;67.3;74.1;23.4 °C;23.1;22.4;22.1;21.4;20.9
2024-04-16 16:42:35;17.0;22.0;29.1;46.0;67.3;74.1;23.1 °C;23.1;22.4;22.1;21.4;20.9
2024-04-16 16:52:35;17.1;22.0;29.1;46.0;67.3;74.1;22.8 °C;23.1;22.4;22.1;21.4;20.9
2024-04-16 17:02:32;17.0;22.0;29.1;46.0;67.3;74.1;22.7 °C;23.1;22.4;22.1;21.4;20.9
2024-04-16 17:12:38;17.1;22.0;29.1;46.0;67.3;74.1;22.5 °C;23.1;22.4;22.1;21.4;20.9
2024-04-16 17:22:33;17.1;21.9;29.1;46.0;67.3;74.1;22.4 °C;23.1;22.4;22.1;21.4;20.9
2024-04-16 17:32:32;17.1;22.0;29.1;46.0;67.3;74.1;22.3 °C;23;22.5;22.1;21.4;20.9
2024-04-16 17:42:33;17.1;22.0;29.1;46.0;67.3;74.1;22.3 °C;23;22.5;22.1;21.4;20.9
2024-04-16 17:52:32;17.1;22.0;29.1;46.0;67.3;74.1;22.2 °C;22.9;22.5;22.1;21.4;20.9
2024-04-16 18:02:33;17.1;22.0;29.1;46.0;67.3;74.1;22.1 °C;22.9;22.5;22.1;21.4;20.9
2024-04-16 18:12:36;17.1;21.9;29.1;46.0;67.3;74.1;22.1 °C;22.9;22.5;22.1;21.4;20.9
2024-04-16 18:22:34;17.1;21.9;29.1;46.0;67.3;74.1;22 °C;22.9;22.5;22.1;21.4;20.9
2024-04-16 18:32:37;17.1;21.9;29.1;46.0;67.2;74.1;21.9 °C;22.8;22.5;22.1;21.4;20.9
2024-04-16 18:42:37;17.1;21.9;29.1;46.0;67.3;74.1;21.9 °C;22.8;22.5;22.1;21.4;20.9
2024-04-16 18:52:31;17.1;21.9;29.1;46.0;67.2;74.1;21.8 °C;22.8;22.5;22.1;21.4;20.9
2024-04-16 19:02:32;17.1;21.9;29.1;46.0;67.2;74.1;21.7 °C;22.8;22.5;22.1;21.4;20.9
2024-04-16 19:12:38;17.1;21.9;29.1;46.0;67.2;74.1;21.6 °C;22.7;22.5;22.1;21.4;20.9
2024-04-16 19:22:33;17.1;21.9;29.1;46.0;67.3;74.1;21.5 °C;22.7;22.5;22.1;21.4;20.9
2024-04-16 19:32:35;17.1;21.9;29.1;46.0;67.2;74.1;21.4 °C;22.6;22.5;22.1;21.4;20.9
2024-04-16 19:42:33;17.1;21.9;29.1;46.0;67.3;74.1;21.3 °C;22.6;22.5;22.2;21.4;20.9
2024-04-16 19:52:31;17.1;21.9;29.1;46.0;67.2;74.1;21.2 °C;22.6;22.5;22.2;21.4;20.9
2024-04-16 20:02:32;17.1;21.9;29.1;46.0;67.3;74.1;21.1 °C;22.6;22.5;22.2;21.4;20.9
2024-04-16 20:12:38;17.1;21.9;29.1;46.0;67.3;74.1;20.9 °C;22.5;22.5;22.2;21.4;20.9
2024-04-16 20:22:37;17.1;21.9;29.1;46.0;67.3;74.0;20.8 °C;22.5;22.5;22.2;21.4;20.9
2024-04-16 20:32:36;17.1;21.9;29.1;46.0;67.3;74.1;20.6 °C;22.4;22.5;22.2;21.4;20.9
2024-04-16 20:42:34;17.1;21.9;29.1;46.0;67.3;74.0;20.5 °C;22.4;22.5;22.2;21.4;20.9
2024-04-16 20:52:34;17.1;21.9;29.1;46.0;67.2;74.0;20.4 °C;22.4;22.5;22.2;21.4;20.9
2024-04-16 21:02:33;17.1;21.9;29.1;46.0;67.2;74.1;20.3 °C;22.3;22.5;22.2;21.4;20.9
2024-04-16 21:12:32;17.1;21.9;29.1;46.0;67.2;74.1;20.2 °C;22.3;22.5;22.2;21.4;20.9
2024-04-16 21:22:33;17.1;21.9;29.1;46.0;67.2;74.1;20.1 °C;22.3;22.4;22.2;21.4;20.9
2024-04-16 21:32:35;17.1;21.9;29.1;46.0;67.3;74.1;20 °C;22.2;22.4;22.2;21.4;20.9
2024-04-16 21:42:33;17.1;21.8;29.1;46.0;67.3;74.0;19.9 °C;22.1;22.4;22.2;21.4;20.9
2024-04-16 21:52:36;17.1;21.8;29.1;46.0;67.2;74.0;19.9 °C;22.1;22.4;22.2;21.4;20.9
2024-04-16 22:02:33;17.1;21.8;29.1;46.0;67.2;74.0;19.8 °C;22.1;22.4;22.2;21.4;20.9
2024-04-16 22:12:32;17.1;21.8;29.1;46.0;67.2;74.0;19.8 °C;22;22.4;22.2;21.4;20.9
2024-04-16 22:22:34;17.1;21.8;29.1;46.0;67.2;74.0;19.7 °C;22;22.4;22.2;21.4;20.9
2024-04-16 22:32:35;17.1;21.8;29.1;46.0;67.2;74.1;19.6 °C;21.9;22.4;22.2;21.4;20.9
2024-04-16 22:42:32;17.1;21.8;29.1;46.0;67.2;74.1;19.6 °C;21.9;22.4;22.2;21.4;20.9
2024-04-16 22:52:33;17.1;21.8;29.1;46.0;67.3;74.1;19.5 °C;21.9;22.4;22.2;21.4;20.9
2024-04-16 23:02:32;17.1;21.8;29.1;46.0;67.2;74.1;19.5 °C;21.8;22.3;22.2;21.4;20.9
2024-04-16 23:12:31;17.1;21.8;29.0;46.0;67.2;74.0;19.4 °C;21.8;22.3;22.2;21.4;20.9
2024-04-16 23:22:32;17.1;21.8;29.1;46.0;67.2;74.0;19.4 °C;21.8;22.3;22.2;21.4;20.9
2024-04-16 23:32:34;17.1;21.8;29.1;46.0;67.2;74.1;19.4 °C;21.7;22.3;22.2;21.4;20.9
2024-04-16 23:42:37;17.1;21.8;29.1;45.9;67.3;74.0;19.3 °C;21.7;22.3;22.1;21.4;20.9
2024-04-16 23:52:35;17.1;21.8;29.1;45.9;67.2;74.0;19.3 °C;21.6;22.3;22.1;21.4;20.9
2024-04-17 00:02:32;17.2;21.8;29.0;45.9;67.2;74.0;19.3 °C;21.6;22.3;22.1;21.4;20.9
2024-04-17 00:12:34;17.1;21.8;29.0;45.9;67.2;74.0;19.3 °C;21.6;22.2;22.1;21.4;20.9
2024-04-17 00:22:35;17.1;21.8;29.0;45.9;67.2;74.1;19.3 °C;21.5;22.2;22.1;21.4;20.9
2024-04-17 00:32:36;17.1;21.8;29.0;45.9;67.2;74.1;19.2 °C;21.5;22.2;22.1;21.4;20.9
2024-04-17 00:42:34;17.1;21.8;29.0;45.9;67.2;74.1;19.2 °C;21.4;22.2;22.1;21.4;20.9
2024-04-17 00:52:33;17.2;21.8;29.0;45.9;67.2;74.0;19.1 °C;21.4;22.1;22.1;21.4;20.9
2024-04-17 01:02:32;17.2;21.8;29.0;45.9;67.2;74.1;19.1 °C;21.4;22.1;22.1;21.4;20.9
2024-04-17 01:12:31;17.2;21.8;29.0;45.9;67.2;74.0;19.1 °C;21.4;22.1;22.1;21.4;20.9
2024-04-17 01:22:31;17.2;21.8;29.0;45.9;67.2;74.1;19 °C;21.3;22.1;22.1;21.4;20.9
2024-04-17 01:32:31;17.2;21.7;29.0;45.9;67.2;74.1;18.9 °C;21.3;22.1;22.1;21.4;20.9
2024-04-17 01:42:33;17.2;21.8;29.0;45.9;67.2;74.0;18.9 °C;21.3;22.1;22.1;21.4;20.9
2024-04-17 01:52:36;17.2;21.7;29.0;45.9;67.2;74.0;18.8 °C;21.3;22.1;22.1;21.4;20.9
2024-04-17 02:02:34;17.2;21.7;29.0;45.9;67.2;74.1;18.7 °C;21.2;22;22.1;21.4;20.9
2024-04-17 02:12:37;17.2;21.8;29.0;45.9;67.2;74.1;18.6 °C;21.2;22;22.1;21.4;20.9
2024-04-17 02:22:36;17.2;21.7;29.0;45.9;67.2;74.0;18.5 °C;21.1;22;22.1;21.4;20.9
2024-04-17 02:32:31;17.2;21.7;29.0;45.9;67.2;74.0;18.4 °C;21.1;21.9;22.1;21.4;20.9
2024-04-17 02:42:32;17.2;21.8;29;45.9;67.2;74.0;18.3 °C;21.1;21.9;22;21.4;20.9
2024-04-17 02:52:37;17.2;21.7;29.0;45.9;67.2;74.0;18.1 °C;21;21.9;22;21.4;20.9
2024-04-17 03:02:32;17.2;21.7;29.0;45.9;67.2;74.0;18 °C;21;21.9;22;21.4;20.9
2024-04-17 03:12:34;17.2;21.7;29.0;45.9;67.2;74.0;17.9 °C;20.9;21.9;22;21.4;20.9
2024-04-17 03:22:30;17.2;21.7;29.0;45.9;67.2;74.0;17.8 °C;20.9;21.9;22;21.4;20.9
2024-04-17 03:32:35;17.1;21.7;29.0;45.9;67.2;74.0;17.7 °C;20.9;21.8;22;21.4;20.9
2024-04-17 03:42:32;17.2;21.7;29.0;45.9;67.2;74.1;17.6 °C;20.8;21.8;22;21.4;20.9
2024-04-17 03:52:37;17.1;21.7;29.0;45.8;67.2;74.0;17.4 °C;20.8;21.8;22;21.4;20.9
2024-04-17 04:02:37;17.2;21.7;29.0;45.9;67.2;74.0;17.4 °C;20.8;21.8;21.9;21.4;20.9
2024-04-17 04:12:32;17.1;21.7;28.9;45.9;67.2;74.1;17.3 °C;20.7;21.8;21.9;21.4;20.9
2024-04-17 04:22:33;17.1;21.7;28.9;45.8;67.2;74.0;17.3 °C;20.7;21.8;21.9;21.4;20.9
2024-04-17 04:32:33;17.1;21.7;28.9;45.8;67.2;74.0;17.2 °C;20.6;21.8;21.9;21.4;20.9
2024-04-17 04:42:33;17.2;21.7;28.9;45.8;67.2;74.0;17.1 °C;20.6;21.7;21.9;21.3;20.9
2024-04-17 04:52:35;17.2;21.7;28.9;45.8;67.2;74.0;17.1 °C;20.6;21.7;21.9;21.3;20.9
2024-04-17 05:02:32;17.2;21.7;28.9;45.8;67.1;74.0;17.1 °C;20.5;21.7;21.9;21.3;20.9
2024-04-17 05:12:34;17.2;21.7;28.9;45.8;67.1;74.0;17.1 °C;20.4;21.6;21.9;21.3;20.9
2024-04-17 05:22:30;17.2;21.7;28.9;45.8;67.1;74.0;17.1 °C;20.4;21.6;21.9;21.3;20.9
2024-04-17 05:32:34;17.2;21.7;28.9;45.8;67.1;74.0;17.1 °C;20.4;21.6;21.9;21.3;20.9
2024-04-17 05:42:31;17.2;21.6;28.9;45.8;67.1;74.0;17 °C;20.3;21.6;21.9;21.3;20.9
2024-04-17 05:52:36;17.2;21.7;28.9;45.8;67.1;74.0;16.9 °C;20.3;21.6;21.8;21.3;20.9
2024-04-17 06:02:34;17.2;21.7;28.9;45.8;67.1;74.0;16.9 °C;20.3;21.5;21.8;21.3;20.9
2024-04-17 06:12:33;17.2;21.7;28.9;45.8;67.1;74.0;16.9 °C;20.3;21.5;21.8;21.3;20.9
2024-04-17 06:22:37;17.2;21.6;28.9;45.8;67.1;74.0;16.9 °C;20.2;21.5;21.8;21.3;20.9
2024-04-17 06:32:33;17.2;21.6;28.9;45.8;67.1;74.0;16.9 °C;20.1;21.4;21.8;21.3;20.9
2024-04-17 06:42:35;17.2;21.6;28.9;45.8;67.1;74.0;16.9 °C;20.1;21.4;21.8;21.3;20.9
2024-04-17 06:52:33;17.2;21.6;28.9;45.8;67.1;74.0;16.9 °C;20.1;21.4;21.8;21.3;20.9
2024-04-17 07:02:32;17.2;21.6;28.9;45.8;67.1;74.0;16.9 °C;20.1;21.4;21.8;21.3;20.9
2024-04-17 07:12:34;17.2;21.6;28.9;45.8;67.1;74.0;16.9 °C;20;21.4;21.8;21.3;20.9
2024-04-17 07:22:34;17.2;21.6;28.9;45.8;67.1;74.0;17 °C;20;21.3;21.8;21.3;20.9
2024-04-17 07:32:30;17.3;21.6;28.9;45.8;67.1;74.0;17.1 °C;19.9;21.3;21.8;21.3;20.9
2024-04-17 07:42:30;17.3;21.6;28.9;45.8;67.1;74.0;17.2 °C;19.9;21.3;21.7;21.3;20.9
2024-04-17 07:52:35;17.3;21.6;28.9;45.8;67.1;74.0;17.4 °C;19.9;21.3;21.7;21.3;20.9
2024-04-17 08:02:36;17.3;21.6;28.9;45.8;67.1;74.1;17.6 °C;19.9;21.3;21.7;21.3;20.9
2024-04-17 08:12:34;17.3;21.6;28.9;45.8;67.1;74.0;17.9 °C;19.8;21.3;21.7;21.3;20.9
2024-04-17 08:22:31;17.4;21.6;28.8;45.8;67.1;74.0;18.3 °C;19.8;21.2;21.6;21.3;20.9
2024-04-17 08:32:36;17.4;21.6;28.8;45.8;67.1;74.1;18.6 °C;19.8;21.2;21.6;21.3;20.9
2024-04-17 08:42:31;17.5;21.6;28.8;45.8;67.1;74.0;19.1 °C;19.8;21.1;21.6;21.2;20.9
2024-04-17 08:52:36;17.5;21.6;28.8;45.8;67.1;74.0;19.6 °C;19.8;21.1;21.6;21.2;20.9
2024-04-17 09:02:34;17.5;21.6;28.8;45.8;67.1;74.0;20.1 °C;19.8;21.1;21.6;21.2;20.9
2024-04-17 09:12:35;17.6;21.6;28.8;45.8;67.0;74.0;20.6 °C;19.8;21.1;21.6;21.2;20.9
2024-04-17 09:22:31;17.6;21.6;28.8;45.7;67.0;74.0;21.1 °C;19.8;21.1;21.6;21.2;20.9
2024-04-17 09:32:37;17.6;21.6;28.8;45.8;67.0;74.0;21.4 °C;19.8;21.1;21.6;21.2;20.9
2024-04-17 09:42:32;17.7;21.6;28.8;45.7;67.0;74.0;21.8 °C;19.8;21;21.6;21.2;20.9
2024-04-17 09:52:30;17.7;21.6;28.8;45.7;67.0;74.0;22.4 °C;19.9;21;21.5;21.2;20.9
2024-04-17 10:02:30;17.7;21.6;28.8;45.7;67.0;74.0;22.8 °C;19.9;21;21.5;21.2;20.9
2024-04-17 10:12:34;17.7;21.6;28.8;45.7;67.0;74.0;23.1 °C;19.9;21;21.5;21.2;20.9
2024-04-17 10:22:31;17.7;21.6;28.8;45.7;67.0;74.0;23.1 °C;20;20.9;21.5;21.1;20.9
2024-04-17 10:32:32;17.7;21.6;28.8;45.7;67.0;74.0;22.9 °C;20.1;20.9;21.5;21.1;20.9
2024-04-17 10:42:34;17.7;21.7;28.8;45.7;67.0;74.0;23 °C;20.1;20.9;21.4;21.1;20.9
2024-04-17 10:52:35;17.7;21.6;28.8;45.7;67.0;74.0;23.1 °C;20.1;20.9;21.4;21.1;20.9
2024-04-17 11:02:32;17.8;21.6;28.8;45.7;67.0;74.0;23.1 °C;20.2;20.9;21.4;21.1;20.9
2024-04-17 11:12:34;17.7;21.7;28.8;45.6;67.0;74.0;23.3 °C;20.3;20.9;21.4;21.1;20.9
2024-04-17 11:22:35;17.8;21.6;28.8;45.6;67.0;74.0;23.3 °C;20.3;20.9;21.4;21.1;20.9
2024-04-17 11:32:37;17.8;21.6;28.8;45.6;67.0;74.0;23.4 °C;20.4;20.9;21.4;21.1;20.9
2024-04-17 11:42:37;17.8;21.7;28.8;45.6;67.0;74.0;23.5 °C;20.4;20.9;21.4;21.1;20.9
2024-04-17 11:52:32;17.8;21.7;28.8;45.6;67.0;74.0;23.6 °C;20.4;20.9;21.4;21.1;20.8
2024-04-17 12:02:30;17.8;21.7;28.8;45.5;66.9;74.0;23.7 °C;20.5;20.9;21.4;21.1;20.8
2024-04-17 12:12:34;17.8;21.6;28.8;45.5;66.9;74.0;23.7 °C;20.6;20.9;21.4;21.1;20.8
2024-04-17 12:22:34;17.8;21.6;28.8;45.5;66.9;74.0;23.6 °C;20.6;20.9;21.3;21.1;20.8
2024-04-17 12:32:30;17.8;21.7;28.8;45.5;66.9;74.0;23.6 °C;20.6;20.9;21.3;21.1;20.8
2024-04-17 12:42:30;17.8;21.7;28.7;45.5;66.9;74.0;23.9 °C;20.7;20.9;21.3;21.1;20.8
2024-04-17 12:52:35;17.9;21.6;28.8;45.5;66.9;74.0;24.5 °C;20.8;20.9;21.3;21.1;20.8
2024-04-17 13:02:37;17.9;21.6;28.7;45.5;66.9;74.0;25.1 °C;20.8;20.9;21.3;21;20.8
2024-04-17 13:12:37;18.0;21.7;28.7;45.5;66.9;74.0;25.6 °C;20.8;20.9;21.3;21;20.8
2024-04-17 13:22:36;18.0;21.7;28.7;45.5;66.9;74.0;26.1 °C;20.9;20.9;21.3;21;20.8
2024-04-17 13:32:31;18.0;21.7;28.8;45.5;66.9;74.0;26.3 °C;20.9;20.9;21.3;21;20.8
2024-04-17 13:42:36;18.0;21.7;28.7;45.5;66.9;74.0;26.3 °C;21;20.9;21.3;21;20.8
2024-04-17 13:52:31;18.0;21.7;28.7;45.5;66.9;74.0;26.2 °C;21.1;20.9;21.3;21;20.8
2024-04-17 14:02:36;18.0;21.7;28.8;45.5;66.9;74.0;26 °C;21.2;20.9;21.3;21;20.8
2024-04-17 14:12:34;18.0;21.7;28.7;45.5;66.8;74.0;25.8 °C;21.3;20.9;21.3;21;20.8
2024-04-17 14:22:35;18.0;21.7;28.8;45.5;66.8;74.0;25.4 °C;21.4;20.9;21.3;20.9;20.8
2024-04-17 14:32:33;17.9;21.7;28.8;45.5;66.8;74.0;24.9 °C;21.4;20.9;21.3;20.9;20.8
2024-04-17 14:42:31;17.9;21.7;28.8;45.5;66.8;74.0;24.4 °C;21.5;21;21.3;20.9;20.8
2024-04-17 14:52:30;17.8;21.7;28.8;45.5;66.8;73.9;24.1 °C;21.6;21;21.3;20.9;20.8
2024-04-17 15:02:34;17.8;21.7;28.8;45.5;66.8;73.9;23.8 °C;21.6;21;21.3;20.9;20.8
2024-04-17 15:12:31;17.8;21.7;28.8;45.5;66.8;74.0;23.6 °C;21.6;21.1;21.3;20.9;20.8
2024-04-17 15:22:32;17.8;21.7;28.8;45.5;66.8;73.9;23.4 °C;21.6;21.1;21.3;20.9;20.8
2024-04-17 15:32:34;17.8;21.7;28.8;45.5;66.8;73.9;23.1 °C;21.6;21.1;21.3;20.9;20.8
2024-04-17 15:42:36;17.8;21.7;28.8;45.5;66.8;73.9;22.8 °C;21.6;21.1;21.3;20.9;20.8
2024-04-17 15:52:34;17.7;21.7;28.7;45.5;66.8;73.9;22.6 °C;21.7;21.1;21.3;20.9;20.8
2024-04-17 16:02:31;17.7;21.7;28.7;45.4;66.8;73.9;22.3 °C;21.6;21.1;21.3;20.9;20.8
2024-04-17 16:12:36;17.7;21.7;28.7;45.4;66.8;73.9;22.1 °C;21.6;21.1;21.3;20.9;20.8
2024-04-17 16:22:30;17.7;21.7;28.8;45.5;66.8;73.9;21.8 °C;21.6;21.2;21.3;20.9;20.8
2024-04-17 16:32:35;17.7;21.7;28.7;45.5;66.8;73.9;21.6 °C;21.6;21.2;21.3;20.9;20.8
2024-04-17 16:42:33;17.6;21.7;28.8;45.4;66.8;73.9;21.3 °C;21.6;21.2;21.3;20.9;20.8
2024-04-17 16:52:33;17.6;21.7;28.8;45.5;66.8;73.9;21.1 °C;21.6;21.2;21.3;20.9;20.8
2024-04-17 17:02:29;17.6;21.7;28.7;45.5;66.7;73.9;20.8 °C;21.6;21.3;21.3;20.9;20.8
2024-04-17 17:12:33;17.6;21.7;28.8;45.5;66.7;73.9;20.7 °C;21.5;21.3;21.3;20.9;20.7
2024-04-17 17:22:34;17.6;21.6;28.8;45.4;66.7;73.9;20.5 °C;21.5;21.3;21.3;20.9;20.7
2024-04-17 17:32:33;17.6;21.6;28.8;45.4;66.7;73.9;20.4 °C;21.4;21.3;21.3;20.9;20.7
2024-04-17 17:42:30;17.6;21.6;28.8;45.4;66.7;73.9;20.3 °C;21.4;21.3;21.3;20.9;20.7
2024-04-17 17:52:34;17.6;21.6;28.8;45.4;66.7;73.9;20.1 °C;21.4;21.3;21.3;20.9;20.7
2024-04-17 18:02:34;17.6;21.6;28.8;45.4;66.7;73.9;19.9 °C;21.3;21.3;21.3;20.9;20.7
2024-04-17 18:12:36;17.6;21.6;28.7;45.4;66.7;73.9;19.7 °C;21.3;21.3;21.3;20.9;20.7
2024-04-17 18:22:34;17.6;21.6;28.7;45.4;66.7;73.9;19.4 °C;21.3;21.3;21.3;20.9;20.7
2024-04-17 18:32:34;17.5;21.6;28.7;45.4;66.7;73.9;19.2 °C;21.2;21.3;21.3;20.9;20.7
2024-04-17 18:42:36;17.5;21.6;28.7;45.4;66.7;73.9;18.9 °C;21.2;21.3;21.3;20.9;20.7
2024-04-17 18:52:30;17.5;21.5;28.7;45.4;66.7;73.9;18.7 °C;21.1;21.3;21.3;20.9;20.7
2024-04-17 19:02:35;17.5;21.6;28.7;45.4;66.7;73.9;18.4 °C;21.1;21.3;21.3;20.9;20.7
2024-04-17 19:12:36;17.5;21.6;28.7;45.4;66.7;73.9;18.2 °C;21.1;21.3;21.3;20.9;20.7
2024-04-17 19:22:32;17.5;21.5;28.7;45.4;66.7;73.9;18 °C;21;21.3;21.3;20.9;20.7
2024-04-17 19:32:34;17.5;21.5;28.7;45.4;66.7;73.9;17.8 °C;20.9;21.3;21.3;20.9;20.7
2024-04-17 19:42:35;17.5;21.6;28.7;45.4;66.7;73.9;17.6 °C;20.9;21.3;21.3;20.9;20.7
2024-04-17 19:52:37;17.5;21.5;28.7;45.4;66.7;73.9;17.4 °C;20.8;21.3;21.3;20.9;20.7
2024-04-17 20:02:36;14.6;27.4;28.2;44.3;66.6;73.9;16.4 °C;20.6;21.3;21.3;20.9;20.7
2024-04-17 20:12:31;14.5;27.4;28.2;44.3;66.6;73.9;14.9 °C;20.4;21.3;21.3;20.9;20.7
2024-04-17 20:22:37;14.5;27.4;28.2;44.3;66.6;73.9;14.1 °C;20.3;21.3;21.3;20.9;20.7
2024-04-17 20:32:33;14.5;27.5;28.2;44.3;66.6;73.9;13.4 °C;20.3;21.3;21.3;20.9;20.6
2024-04-17 20:42:32;14.5;27.5;28.2;44.3;66.6;73.9;13 °C;20.2;21.2;21.3;20.9;20.7
2024-04-17 20:52:35;14.5;27.5;28.2;44.3;66.6;73.9;12.7 °C;20.1;21.2;21.3;20.8;20.6
2024-04-17 21:02:37;14.4;27.5;28.2;44.2;66.5;73.9;12.4 °C;20.1;21.2;21.3;20.8;20.6
2024-04-17 21:12:37;14.4;27.5;28.2;44.3;66.5;73.9;12.2 °C;19.9;21.2;21.3;20.8;20.6
2024-04-17 21:22:37;14.4;27.5;28.2;44.3;66.5;73.9;12.1 °C;19.9;21.1;21.3;20.8;20.6
2024-04-17 21:32:33;14.4;27.5;28.2;44.3;66.5;73.9;12.2 °C;19.8;21.1;21.3;20.8;20.6
2024-04-17 21:42:32;14.4;27.5;28.2;44.3;66.5;73.9;12.1 °C;19.8;21.1;21.3;20.8;20.6
2024-04-17 21:52:30;14.4;27.5;28.2;44.3;66.5;73.9;12.1 °C;19.6;21.1;21.3;20.8;20.6
2024-04-17 22:02:36;14.3;27.5;28.2;44.3;66.5;73.9;12 °C;19.6;21.1;21.3;20.8;20.6
2024-04-17 22:12:35;14.3;27.5;28.2;44.3;66.5;73.9;11.9 °C;19.5;21.1;21.3;20.8;20.6
2024-04-17 22:22:32;14.3;27.6;28.2;44.3;66.5;73.9;11.9 °C;19.4;21;21.3;20.8;20.6
2024-04-17 22:32:35;14.3;27.6;28.2;44.3;66.5;73.9;11.8 °C;19.4;21;21.3;20.8;20.6
2024-04-17 22:42:29;14.3;27.6;28.2;44.3;66.5;73.9;11.7 °C;19.3;20.9;21.3;20.8;20.6
2024-04-17 22:52:34;14.3;27.6;28.2;44.2;66.5;73.9;11.5 °C;19.3;20.9;21.3;20.8;20.6
2024-04-17 23:02:30;14.3;27.6;28.2;44.3;66.5;73.9;11.3 °C;19.2;20.9;21.3;20.8;20.6
2024-04-17 23:12:34;14.3;27.6;28.2;44.3;66.5;73.9;11 °C;19.1;20.9;21.3;20.8;20.6
2024-04-17 23:22:32;14.3;27.6;28.2;44.3;66.5;73.9;10.7 °C;19.1;20.9;21.2;20.8;20.6
2024-04-17 23:32:31;14.3;27.6;28.2;44.2;66.5;73.9;10.4 °C;19;20.8;21.2;20.8;20.6
2024-04-17 23:42:33;14.2;27.6;28.2;44.2;66.5;73.9;10.2 °C;18.9;20.8;21.2;20.8;20.6
2024-04-17 23:52:32;14.2;27.6;28.1;44.2;66.5;73.9;10 °C;18.9;20.8;21.2;20.8;20.6
2024-04-18 00:02:36;14.2;27.6;28.1;44.2;66.5;73.9;9.87 °C;18.8;20.8;21.2;20.8;20.6
2024-04-18 00:12:35;14.2;27.6;28.1;44.2;66.5;73.9;9.68 °C;18.8;20.7;21.2;20.8;20.6
2024-04-18 00:22:32;14.2;27.6;28.1;44.2;66.5;73.9;9.50 °C;18.7;20.7;21.2;20.8;20.6
2024-04-18 00:42:29;14.2;27.6;28.1;44.2;66.5;73.9;9.43 °C;18.5;20.6;21.1;20.8;20.6
2024-04-18 00:52:34;14.2;27.6;28.1;44.2;66.5;73.9;9.43 °C;18.4;20.6;21.1;20.8;20.6
2024-04-18 01:02:30;14.2;27.6;28.1;44.2;66.5;73.9;9.37 °C;18.4;20.6;21.1;20.8;20.6
2024-04-18 01:12:35;14.2;27.6;28.1;44.2;66.5;73.9;9.25 °C;18.3;20.6;21.1;20.8;20.6
2024-04-18 01:22:32;14.2;27.6;28.1;44.2;66.5;73.9;9.12 °C;18.3;20.5;21.1;20.8;20.6
2024-04-18 01:32:31;14.2;27.6;28.1;44.2;66.5;73.9;9 °C;18.2;20.5;21.1;20.8;20.6
2024-04-18 01:42:32;14.2;27.6;28.1;44.2;66.5;73.9;8.87 °C;18.1;20.4;21.1;20.8;20.6
2024-04-18 01:52:30;14.2;27.6;28.1;44.2;66.4;73.9;8.81 °C;18.1;20.4;21.1;20.8;20.6
2024-04-18 02:02:32;14.2;27.6;28.1;44.2;66.5;73.9;8.68 °C;18;20.4;21.1;20.8;20.6
2024-04-18 02:12:35;14.2;27.7;28.1;44.2;66.4;73.9;8.56 °C;17.9;20.3;21.1;20.8;20.6
2024-04-18 02:22:32;14.2;27.7;28.1;44.2;66.4;73.9;8.43 °C;17.9;20.3;21;20.8;20.6
2024-04-18 02:32:35;14.2;27.7;28.1;44.2;66.4;73.9;8.31 °C;17.8;20.3;21;20.8;20.6
2024-04-18 02:42:33;14.2;27.7;28.1;44.2;66.4;73.9;8.18 °C;17.8;20.3;21;20.8;20.6
2024-04-18 02:52:33;14.2;27.7;28.1;44.2;66.4;73.9;8.06 °C;17.7;20.3;20.9;20.8;20.6
2024-04-18 03:02:30;14.2;27.7;28.1;44.2;66.4;73.9;7.93 °C;17.6;20.2;20.9;20.8;20.6
2024-04-18 03:12:34;14.2;27.7;28.1;44.2;66.4;73.9;7.81 °C;17.6;20.1;20.9;20.8;20.6
2024-04-18 03:22:36;14.2;27.7;28.1;44.2;66.4;73.9;7.75 °C;17.5;20.1;20.9;20.7;20.6
2024-04-18 03:32:30;14.2;27.7;28.1;44.2;66.4;73.9;7.68 °C;17.4;20.1;20.9;20.7;20.6
2024-04-18 03:42:31;14.2;27.7;28.1;44.2;66.4;73.9;7.62 °C;17.4;20.1;20.9;20.7;20.6
2024-04-18 03:52:30;14.2;27.7;28.1;44.2;66.4;73.9;7.50 °C;17.4;20;20.9;20.7;20.6
2024-04-18 04:02:35;14.2;27.7;28.1;44.2;66.4;73.9;7.43 °C;17.3;20;20.9;20.7;20.6
2024-04-18 04:12:32;14.2;27.7;28.1;44.2;66.4;73.9;7.37 °C;17.3;19.9;20.8;20.7;20.6
2024-04-18 04:22:36;14.2;27.7;28.0;44.2;66.4;73.9;7.31 °C;17.2;19.9;20.8;20.7;20.6
2024-04-18 04:32:34;14.2;27.7;28.1;44.2;66.4;73.9;7.31 °C;17.1;19.9;20.8;20.7;20.6
2024-04-18 04:42:35;14.2;27.7;28.1;44.1;66.4;73.9;7.18 °C;17.1;19.9;20.8;20.6;20.6
2024-04-18 04:52:34;14.2;27.7;28.0;44.2;66.4;73.9;7.12 °C;17;19.8;20.8;20.6;20.6
2024-04-18 05:02:35;14.2;27.7;28.0;44.1;66.4;73.9;7.12 °C;16.9;19.8;20.8;20.6;20.6
2024-04-18 05:12:37;14.2;27.7;28.0;44.1;66.4;73.9;7.12 °C;16.9;19.8;20.8;20.6;20.6
2024-04-18 05:22:33;14.2;27.7;28.0;44.1;66.4;73.9;7.12 °C;16.8;19.7;20.8;20.6;20.6
2024-04-18 05:32:33;14.2;27.7;28.0;44.2;66.4;73.9;7.12 °C;16.8;19.7;20.7;20.6;20.6
2024-04-18 05:42:33;14.2;27.7;28.0;44.2;66.4;73.9;7.18 °C;16.7;19.6;20.7;20.6;20.5
2024-04-18 05:52:33;14.2;27.7;28.0;44.1;66.4;73.9;7.18 °C;16.7;19.6;20.7;20.6;20.5
2024-04-18 06:02:36;14.2;27.7;28.0;44.1;66.3;73.9;7.12 °C;16.6;19.6;20.6;20.6;20.5
2024-04-18 06:12:36;14.2;27.7;28.0;44.1;66.3;73.9;7.06 °C;16.6;19.6;20.6;20.6;20.5
2024-04-18 06:22:34;14.2;27.7;28.0;44.1;66.3;73.9;7 °C;16.5;19.5;20.6;20.6;20.5
2024-04-18 06:32:32;14.2;27.7;28.0;44.1;66.3;73.9;7.06 °C;16.4;19.5;20.6;20.6;20.5
2024-04-18 06:42:31;14.2;27.7;28.0;44.1;66.3;73.9;7.18 °C;16.4;19.4;20.6;20.6;20.5
2024-04-18 06:52:37;14.2;27.7;28.0;44.1;66.3;73.9;7.43 °C;16.4;19.4;20.6;20.6;20.5
2024-04-18 07:02:32;14.2;27.7;28.0;44.1;66.3;73.9;7.81 °C;16.3;19.4;20.6;20.6;20.5
2024-04-18 07:12:36;14.2;27.7;28.0;44.1;66.3;73.9;8.12 °C;16.3;19.3;20.5;20.5;20.5
2024-04-18 07:22:34;14.3;27.7;28.0;44.1;66.3;73.9;8.56 °C;16.3;19.3;20.5;20.5;20.5
2024-04-18 07:32:36;14.3;27.7;28.0;44.1;66.3;73.9;9.06 °C;16.2;19.3;20.5;20.5;20.5
2024-04-18 07:42:36;14.3;27.7;28.0;44.1;66.3;73.9;9.56 °C;16.2;19.3;20.4;20.5;20.5
2024-04-18 07:52:30;14.4;27.7;28.0;44.1;66.3;73.9;10.3 °C;16.1;19.2;20.4;20.5;20.5
2024-04-18 08:02:35;14.3;27.7;28.0;44.1;66.3;73.9;10.9 °C;16.1;19.2;20.4;20.5;20.5
2024-04-18 08:12:29;14.3;27.7;28.0;44.1;66.2;73.8;11.6 °C;16.1;19.1;20.4;20.4;20.4
2024-04-18 08:22:33;14.4;27.7;28.0;44.1;66.3;73.8;12.3 °C;16.1;19.1;20.4;20.4;20.4
2024-04-18 08:32:30;14.5;27.8;28.0;44.1;66.2;73.8;13.3 °C;16.1;19.1;20.4;20.4;20.4
2024-04-18 08:42:35;14.5;27.8;28.0;44.1;66.2;73.8;14.4 °C;16.1;19;20.3;20.4;20.4
2024-04-18 08:52:34;14.5;27.8;28.0;44.1;66.2;73.8;15.4 °C;16.1;19;20.3;20.4;20.4
2024-04-18 09:02:35;14.5;27.8;28.0;44.1;66.2;73.8;16.3 °C;16.1;18.9;20.3;20.4;20.4
2024-04-18 09:12:34;14.5;27.8;28.0;44.1;66.2;73.8;16.8 °C;16.2;18.9;20.3;20.4;20.4
2024-04-18 09:22:35;14.5;27.8;28.0;44.1;66.2;73.8;17.7 °C;16.2;18.9;20.3;20.4;20.4
2024-04-18 09:32:30;14.6;27.8;28.0;44.1;66.2;73.8;18.7 °C;16.3;18.9;20.3;20.4;20.4
2024-04-18 09:42:35;14.6;27.8;27.9;44.0;66.2;73.8;19.5 °C;16.3;18.9;20.2;20.4;20.4
2024-04-18 09:52:30;14.6;27.8;27.9;44.0;66.2;73.8;20.4 °C;16.4;18.8;20.2;20.4;20.4
2024-04-18 10:02:35;14.6;27.9;27.9;44.0;66.2;73.8;21.1 °C;16.5;18.8;20.2;20.3;20.4
2024-04-18 10:12:33;14.5;27.9;27.9;44.0;66.2;73.8;21.9 °C;16.6;18.8;20.1;20.3;20.4
2024-04-18 10:22:33;14.5;27.9;27.9;44.0;66.1;73.8;22.3 °C;16.6;18.8;20.1;20.3;20.4
2024-04-18 10:32:29;14.5;27.9;27.9;44.0;66.1;73.8;22.9 °C;16.8;18.8;20.1;20.3;20.4
2024-04-18 10:42:34;14.3;27.9;27.9;44.0;66.1;73.8;22.6 °C;16.9;18.8;20.1;20.3;20.4
2024-04-18 10:52:36;14.3;27.9;28.0;44.0;66.2;73.8;21.8 °C;17;18.7;20.1;20.3;20.4
2024-04-18 11:02:30;14.2;28.0;27.9;44.0;66.1;73.8;21.3 °C;17.1;18.7;20.1;20.3;20.4
2024-04-18 11:12:32;14.2;28.0;28.0;44.0;66.1;73.8;21 °C;17.2;18.7;20;20.3;20.4
2024-04-18 11:22:31;14.2;28.0;28.0;44.0;66.1;73.8;21.1 °C;17.3;18.7;20;20.3;20.4
2024-04-18 11:32:30;14.2;28.0;28.0;44.0;66.1;73.8;21.7 °C;17.4;18.7;20;20.3;20.3
2024-04-18 11:42:31;14.1;28.0;28.0;44.0;66.1;73.8;22.2 °C;17.5;18.7;19.9;20.2;20.3
2024-04-18 11:52:33;14.1;28.1;27.9;44.0;66.1;73.8;22.4 °C;17.6;18.7;19.9;20.2;20.3
2024-04-18 12:02:30;14.1;28.1;28.0;44.0;66.1;73.8;22.5 °C;17.6;18.7;19.9;20.2;20.3
2024-04-18 12:12:31;14.0;28.1;28.0;44.0;66.1;73.8;22.4 °C;17.7;18.7;19.9;20.2;20.3
2024-04-18 12:22:34;13.9;28.1;28.0;44.0;66.1;73.8;22 °C;17.8;18.7;19.9;20.2;20.3
2024-04-18 12:32:35;13.8;28.1;28.0;44.0;66.1;73.8;21.5 °C;17.9;18.7;19.9;20.1;20.3
2024-04-18 12:42:32;13.8;28.1;28.0;44.0;66.1;73.8;20.8 °C;17.9;18.7;19.9;20.1;20.3
2024-04-18 12:52:37;13.7;28.1;28.0;44.0;66.0;73.8;20.1 °C;18.1;18.7;19.9;20.1;20.3
2024-04-18 13:02:32;13.6;28.1;28.0;44.0;66.0;73.8;19.6 °C;18.1;18.7;19.8;20.1;20.3
2024-04-18 13:12:32;13.6;28.1;28.0;44.0;66.0;73.8;19.1 °C;18.1;18.7;19.8;20.1;20.3
2024-04-18 13:22:35;13.6;28.1;28.0;44.0;66.1;73.8;18.8 °C;18.2;18.7;19.8;20.1;20.3
2024-04-18 13:32:30;13.5;28.1;28.0;44.0;66.0;73.8;18.4 °C;18.2;18.8;19.8;20.1;20.3
2024-04-18 13:42:31;13.6;28.1;28.0;44.0;66.0;73.8;18 °C;18.2;18.8;19.8;20.1;20.3
2024-04-18 13:52:33;13.6;28.1;28.0;44.0;66.0;73.8;17.4 °C;18.3;18.8;19.8;20.1;20.3
2024-04-18 14:02:33;13.5;28.1;28.0;44.0;66.0;73.8;17 °C;18.3;18.8;19.8;20.1;20.3
2024-04-18 14:12:29;13.5;28.1;28.0;44.0;66.0;73.8;16.9 °C;18.2;18.8;19.8;20;20.3
2024-04-18 14:22:29;13.6;28.1;28.0;44.0;66.0;73.8;17.3 °C;18.2;18.8;19.8;20;20.3
2024-04-18 14:32:35;13.7;28.1;28.0;44.0;66.0;73.7;18.8 °C;18.2;18.8;19.8;20;20.2
2024-04-18 14:42:36;13.6;28.1;28.0;44.0;66.0;73.7;20.1 °C;18.2;18.8;19.8;20;20.2
2024-04-18 14:52:36;13.5;28.1;28.0;44.0;66.0;73.7;20.2 °C;18.2;18.8;19.8;20;20.2
2024-04-18 15:02:35;13.5;28.1;28.0;44.0;66.0;73.7;20 °C;18.2;18.8;19.8;20;20.2
2024-04-18 15:12:30;13.4;28.1;28;44.0;66.0;73.7;19.8 °C;18.3;18.9;19.8;19.9;20.2
2024-04-18 15:22:35;13.5;28.1;28;44.0;66.0;73.7;19.3 °C;18.3;18.9;19.7;19.9;20.2
2024-04-18 15:32:29;13.5;28.1;28;44.0;66.0;73.7;19 °C;18.3;18.9;19.7;19.9;20.2
2024-04-18 15:42:33;13.5;28.1;28;44.0;66.0;73.7;20.3 °C;18.3;18.9;19.7;19.9;20.2
2024-04-18 15:52:29;13.5;28.1;28.0;44.0;66.0;73.7;20.8 °C;18.4;18.9;19.7;19.9;20.1
2024-04-18 16:02:34;13.4;28.1;28.0;44.0;66.0;73.7;20.6 °C;18.4;18.9;19.7;19.9;20.1
2024-04-18 16:12:32;13.4;28.1;28;44.0;66.0;73.7;19.9 °C;18.4;18.9;19.7;19.9;20.1
2024-04-18 16:22:31;13.3;28.1;28;44.0;66.0;73.7;19.4 °C;18.4;18.9;19.7;19.9;20.1
2024-04-18 16:32:33;13.3;28.1;28.0;44.0;65.9;73.7;19.3 °C;18.5;18.9;19.7;19.9;20.1
2024-04-18 16:42:33;13.3;28.2;28.0;44.0;65.9;73.7;19 °C;18.5;18.9;19.7;19.9;20.1
2024-04-18 16:52:30;13.3;28.1;28.0;44.0;65.9;73.7;18.7 °C;18.6;18.9;19.7;19.9;20.1
2024-04-18 17:02:31;13.4;28.2;28.0;44.0;65.9;73.7;18.6 °C;18.6;19;19.7;19.9;20.1
2024-04-18 17:12:30;13.4;28.1;28.0;44.0;65.9;73.7;18.4 °C;18.6;19;19.7;19.9;20.1
2024-04-18 17:22:35;13.4;28.1;28.0;44.0;65.9;73.7;18.4 °C;18.6;19;19.7;19.9;20.1
2024-04-18 17:32:32;13.5;28.1;28.0;44.0;65.9;73.7;18.9 °C;18.6;19;19.7;19.9;20.1
2024-04-18 17:42:29;13.4;28.1;28.0;44.0;65.9;73.7;19.4 °C;18.6;19;19.7;19.8;20.1
2024-04-18 17:52:29;13.4;28.2;28.0;44.0;65.9;73.7;19.4 °C;18.6;19;19.7;19.8;20.1
2024-04-18 18:02:34;13.4;28.2;28.0;44.0;65.9;73.7;19.3 °C;18.6;19.1;19.7;19.8;20.1
2024-04-18 18:12:35;13.4;28.1;28.0;44.0;65.9;73.7;20.2 °C;18.6;19.1;19.7;19.8;20.1
2024-04-18 18:22:33;13.4;28.2;28.0;44.0;65.9;73.7;20.7 °C;18.6;19.1;19.7;19.8;20.1
2024-04-18 18:32:29;13.3;28.2;28.0;44.0;65.9;73.7;19.9 °C;18.6;19.1;19.7;19.8;20.1
2024-04-18 18:42:34;13.2;28.2;28.0;44.0;65.9;73.7;18.8 °C;18.7;19.1;19.7;19.8;20.1
2024-04-18 18:52:36;13.2;28.2;28.0;44.0;65.9;73.7;17.7 °C;18.7;19.1;19.7;19.8;20
2024-04-18 19:02:32;13.2;28.2;28.0;44.0;65.9;73.7;16.9 °C;18.7;19.1;19.7;19.8;20
2024-04-18 19:12:36;13.2;28.2;28.0;44.0;65.9;73.7;16.1 °C;18.6;19.1;19.7;19.8;20
2024-04-18 19:22:31;13.1;28.2;28.0;44.0;65.9;73.6;15.5 °C;18.6;19.1;19.7;19.8;20
2024-04-18 19:32:30;13.1;28.2;28.0;44.0;65.9;73.7;14.9 °C;18.6;19.1;19.7;19.8;20
2024-04-18 19:42:32;13.1;28.1;28.1;44.0;65.9;73.7;14.3 °C;18.6;19.1;19.7;19.8;20
2024-04-18 19:52:31;13.1;28.2;28.1;44.0;65.9;73.6;13.8 °C;18.5;19.1;19.7;19.8;20
2024-04-18 20:02:32;13.1;28.1;28.1;44.0;65.9;73.6;13.3 °C;18.5;19.1;19.7;19.8;20
2024-04-18 20:12:29;13.1;28.1;28.0;44.0;65.9;73.6;12.9 °C;18.4;19.1;19.7;19.8;20
2024-04-18 20:22:29;13.1;28.1;28.0;44.0;65.9;73.6;12.7 °C;18.4;19.1;19.7;19.8;20
2024-04-18 20:32:30;13.1;28.1;28.0;44.0;65.8;73.6;12.6 °C;18.3;19.1;19.7;19.8;20
2024-04-18 20:42:36;13.1;28.1;28.1;44.0;65.9;73.6;12.6 °C;18.3;19.1;19.7;19.8;19.9
2024-04-18 20:52:36;13.1;28.1;28.0;44.0;65.9;73.6;12.6 °C;18.2;19.1;19.7;19.8;19.9
2024-04-18 21:02:36;13.1;28.1;28.1;44.0;65.8;73.6;12.6 °C;18.1;19.1;19.7;19.8;19.9
2024-04-18 21:12:36;13.1;28.1;28.0;44.0;65.8;73.6;12.4 °C;18.1;19.1;19.7;19.8;19.9
2024-04-18 21:22:31;13.1;28.1;28.0;44.0;65.9;73.6;12.2 °C;18;19.1;19.7;19.8;19.9
2024-04-18 21:32:30;13.0;28.1;28.0;44.0;65.8;73.6;11.8 °C;18;19.1;19.7;19.8;19.9
2024-04-18 21:42:36;13.1;28.1;28.0;44.0;65.8;73.6;11.5 °C;17.9;19.1;19.7;19.8;19.9
2024-04-18 21:52:30;13.1;28.1;28.0;44.0;65.8;73.6;11.2 °C;17.9;19.1;19.7;19.8;19.9
2024-04-18 22:02:33;13.1;28.1;28.0;44.0;65.8;73.6;11 °C;17.8;19.1;19.7;19.8;19.9
2024-04-18 22:12:29;13.0;28.1;28.0;44.0;65.8;73.6;10.9 °C;17.8;19.1;19.7;19.8;19.9
2024-04-18 22:22:34;13.0;28.1;28.0;44.0;65.8;73.6;10.8 °C;17.7;19.1;19.7;19.8;19.9
2024-04-18 22:32:31;13.0;28.0;28.0;44.0;65.8;73.6;10.6 °C;17.6;19.1;19.7;19.8;19.9
2024-04-18 22:42:31;13.0;28.1;28.0;44.0;65.8;73.6;10.3 °C;17.6;19.1;19.7;19.8;19.9
2024-04-18 22:52:33;13.0;28.1;28.0;44.0;65.8;73.6;10.2 °C;17.6;19.1;19.7;19.7;19.9
2024-04-18 23:02:34;13.0;28.0;28.0;44.0;65.8;73.6;10.1 °C;17.5;19.1;19.7;19.8;19.9
2024-04-18 23:12:31;13.0;28.0;28.0;44.0;65.8;73.6;9.87 °C;17.4;19.1;19.7;19.7;19.9
2024-04-18 23:22:34;13.0;28.0;28.0;44.0;65.8;73.6;9.68 °C;17.4;19.1;19.7;19.7;19.9
2024-04-18 23:32:35;13.0;28.0;28.0;44.0;65.8;73.6;9.62 °C;17.3;19.1;19.7;19.7;19.9
2024-04-18 23:42:29;13.0;28.0;28.0;44.0;65.8;73.6;9.56 °C;17.3;19;19.7;19.7;19.9
2024-04-18 23:52:30;13.0;28.0;28.0;44.0;65.8;73.6;9.50 °C;17.2;19;19.7;19.7;19.9
2024-04-19 00:02:29;13.0;28.0;28.0;44.0;65.8;73.6;9.37 °C;17.1;19;19.7;19.7;19.9
2024-04-19 00:12:33;13.0;28.0;28.0;44.0;65.8;73.6;9.25 °C;17.1;19;19.7;19.7;19.9
2024-04-19 00:22:30;13.0;28.0;28.0;44.0;65.8;73.6;9.18 °C;17.1;18.9;19.7;19.7;19.9
2024-04-19 00:32:30;13.0;28.0;28.0;44.0;65.8;73.6;9.06 °C;17;18.9;19.7;19.7;19.9
2024-04-19 00:42:33;13.0;28.0;28;44.0;65.8;73.6;8.93 °C;16.9;18.9;19.7;19.7;19.9
2024-04-19 00:52:33;13.0;28.0;28.0;44.0;65.8;73.6;8.81 °C;16.9;18.9;19.7;19.7;19.9
2024-04-19 01:02:30;13.0;28.0;28;44.0;65.8;73.6;8.87 °C;16.8;18.9;19.7;19.7;19.9
2024-04-19 01:12:32;13.0;28.0;28;44.0;65.8;73.6;8.93 °C;16.8;18.9;19.7;19.7;19.9
2024-04-19 01:22:32;13.0;28.0;28.0;44.0;65.8;73.6;9 °C;16.8;18.9;19.6;19.7;19.9
2024-04-19 01:32:28;13.0;28.0;28.0;44.0;65.8;73.6;9.12 °C;16.7;18.8;19.6;19.7;19.8
2024-04-19 01:42:32;13.0;28.0;28.0;44.0;65.8;73.6;9.18 °C;16.6;18.8;19.6;19.7;19.8
2024-04-19 01:52:32;13.0;28.0;28.0;44.0;65.8;73.6;9.25 °C;16.6;18.8;19.6;19.7;19.8
2024-04-19 02:02:32;13.0;28.0;28.0;44.0;65.8;73.6;9.31 °C;16.6;18.8;19.6;19.7;19.8
2024-04-19 02:12:28;13.0;28.0;28.0;44.0;65.8;73.6;9.37 °C;16.5;18.8;19.6;19.7;19.8
2024-04-19 02:22:33;13.0;28;28.0;44.0;65.8;73.6;9.37 °C;16.4;18.8;19.6;19.7;19.8
2024-04-19 02:32:33;13.0;28;28.0;44.0;65.8;73.6;9.50 °C;16.4;18.7;19.6;19.6;19.8
2024-04-19 02:42:34;13.1;28.0;28.0;43.9;65.8;73.6;9.56 °C;16.4;18.7;19.6;19.6;19.8
2024-04-19 02:52:31;13.0;28.0;28.0;43.9;65.8;73.5;9.68 °C;16.4;18.7;19.6;19.6;19.8
2024-04-19 03:02:29;13.1;28.0;28.0;43.9;65.8;73.6;9.62 °C;16.3;18.6;19.6;19.6;19.8
2024-04-19 03:12:34;13.1;28.0;28.0;44.0;65.8;73.5;9.62 °C;16.3;18.6;19.6;19.6;19.8
2024-04-19 03:22:29;13.1;28.0;28.0;43.9;65.8;73.6;9.62 °C;16.3;18.6;19.6;19.6;19.8
2024-04-19 03:32:30;13.1;28.0;27.9;43.9;65.8;73.5;9.62 °C;16.3;18.6;19.6;19.6;19.8
2024-04-19 03:42:31;13.1;28.0;27.9;43.9;65.8;73.6;9.68 °C;16.2;18.6;19.6;19.6;19.8
2024-04-19 03:52:30;13.1;28.0;28.0;44.0;65.8;73.5;9.68 °C;16.2;18.5;19.5;19.6;19.8
2024-04-19 04:02:33;13.1;28.0;28.0;44.0;65.8;73.5;9.75 °C;16.1;18.5;19.5;19.6;19.8
2024-04-19 04:12:30;13.1;28.0;27.9;44.0;65.8;73.5;9.87 °C;16.1;18.5;19.5;19.6;19.8
2024-04-19 04:22:31;13.1;28.0;27.9;44.0;65.7;73.5;10 °C;16.1;18.4;19.5;19.6;19.8
2024-04-19 04:32:34;13.1;28.0;27.9;44.0;65.8;73.5;10.1 °C;16.1;18.4;19.5;19.6;19.8
2024-04-19 04:42:29;13.1;28.0;28.0;44.0;65.7;73.5;10.2 °C;16.1;18.4;19.4;19.6;19.8
2024-04-19 04:52:30;13.2;28.0;27.9;44.0;65.7;73.5;10.3 °C;16.1;18.4;19.4;19.6;19.8
2024-04-19 05:02:31;13.2;28.0;27.9;44.0;65.7;73.5;10.3 °C;16;18.4;19.4;19.6;19.8
2024-04-19 05:12:30;13.3;28.0;27.9;44.0;65.7;73.5;10.4 °C;16;18.4;19.4;19.6;19.8
2024-04-19 05:22:33;13.5;28.0;28.0;44.0;65.7;73.5;10.5 °C;16;18.3;19.4;19.6;19.8
2024-04-19 05:32:30;14.1;28.0;28.0;43.9;65.7;73.5;10.5 °C;15.9;18.3;19.4;19.6;19.8
2024-04-19 05:42:31;15.7;28.0;27.9;43.9;65.6;73.4;10.6 °C;15.9;18.3;19.4;19.6;19.8
2024-04-19 05:52:34;17.9;28.0;28.0;43.9;65.6;73.4;10.7 °C;15.9;18.3;19.4;19.6;19.8
2024-04-19 06:02:28;19.8;28.0;27.9;43.9;65.6;73.3;10.7 °C;15.9;18.3;19.4;19.6;19.8
2024-04-19 06:12:29;21.1;28.0;27.9;43.9;65.6;73.3;10.8 °C;15.9;18.3;19.4;19.6;19.8
2024-04-19 06:22:29;22.1;28.0;27.9;43.9;65.6;73.3;10.8 °C;15.9;18.2;19.4;19.5;19.8
2024-04-19 06:32:34;23.6;28.0;27.9;44.0;65.6;73.3;10.8 °C;15.9;18.2;19.3;19.5;19.8
2024-04-19 06:42:33;25.7;28.0;27.9;44.0;65.6;73.3;10.7 °C;15.9;18.2;19.3;19.5;19.8
2024-04-19 06:52:30;27.1;28.0;28.0;44.0;65.5;73.2;10.7 °C;15.8;18.1;19.3;19.5;19.8
2024-04-19 07:02:31;27.9;28.0;28.0;44.0;65.5;73.2;10.7 °C;15.8;18.1;19.3;19.5;19.7
2024-04-19 07:12:30;28.3;28.0;28.0;43.9;65.5;73.2;10.6 °C;15.8;18.1;19.3;19.5;19.7
2024-04-19 07:22:28;28.8;28.0;28.0;44.0;65.5;73.2;10.6 °C;15.8;18.1;19.3;19.5;19.7
2024-04-19 07:32:29;29.0;28.0;28.0;43.9;65.5;73.2;10.5 °C;15.8;18.1;19.3;19.5;19.7
2024-04-19 07:42:29;29.1;28.0;28.0;44.0;65.5;73.2;10.4 °C;15.7;18.1;19.3;19.5;19.7
2024-04-19 07:52:30;28.9;28.0;28.0;44.0;65.5;73.2;10.5 °C;15.7;18.1;19.3;19.4;19.7
2024-04-19 08:02:33;29.0;28.0;28.0;43.9;65.5;73.2;10.6 °C;15.6;18;19.2;19.4;19.7
2024-04-19 08:12:30;29.5;28.0;28.0;43.9;65.5;73.2;10.7 °C;15.6;18;19.2;19.4;19.7
2024-04-19 08:22:31;29.5;28.0;28.0;44.0;65.5;73.2;10.8 °C;15.6;18;19.2;19.4;19.7
2024-04-19 08:32:35;29.5;28.1;28.0;43.9;65.5;73.2;10.8 °C;15.6;17.9;19.2;19.4;19.7
2024-04-19 08:42:30;29.4;28.1;28.0;43.9;65.5;73.2;11 °C;15.6;17.9;19.2;19.4;19.7
2024-04-19 08:52:32;29.6;28.1;28.0;44.0;65.5;73.2;11.1 °C;15.5;17.9;19.1;19.4;19.7
2024-04-19 09:02:35;29.7;28.1;28.0;44.0;65.5;73.2;11.3 °C;15.5;17.9;19.1;19.4;19.7
2024-04-19 09:12:30;30.0;28.1;28.0;44.0;65.5;73.2;11.4 °C;15.5;17.9;19.1;19.4;19.7
2024-04-19 09:22:32;30.3;28.1;28.0;44.0;65.5;73.2;11.6 °C;15.5;17.9;19.1;19.4;19.6
2024-04-19 09:32:29;30.6;28.2;28.0;44.0;65.5;73.1;11.8 °C;15.4;17.8;19.1;19.4;19.6
2024-04-19 09:42:33;30.9;28.2;28.0;44.0;65.5;73.1;11.8 °C;15.4;17.8;19.1;19.4;19.6
2024-04-19 09:52:30;31.0;28.2;28.0;44.0;65.5;73.1;11.9 °C;15.4;17.8;19.1;19.4;19.6
2024-04-19 10:02:28;31.2;28.3;27.9;44.0;65.5;73.1;12.1 °C;15.4;17.8;19.1;19.4;19.6
2024-04-19 10:12:29;31.2;28.3;28.0;44.0;65.5;73.1;12.3 °C;15.4;17.8;19.1;19.4;19.6
2024-04-19 10:22:33;31.2;28.4;28.0;43.9;65.4;73.1;12.7 °C;15.4;17.8;19;19.3;19.6
2024-04-19 10:32:30;31.1;28.4;28.0;43.9;65.5;73.1;13.2 °C;15.4;17.8;19;19.3;19.6
2024-04-19 10:42:32;31.0;28.5;28.0;43.9;65.5;73.1;13.5 °C;15.4;17.7;19;19.3;19.6
2024-04-19 10:52:29;31.0;28.5;28.0;44.0;65.5;73.1;13.6 °C;15.4;17.7;19;19.3;19.6
2024-04-19 11:02:33;31.0;28.5;28.0;43.9;65.5;73.1;14.1 °C;15.5;17.7;19;19.3;19.6
2024-04-19 11:12:30;31.2;28.6;28.0;44.0;65.4;73.1;14.4 °C;15.5;17.7;18.9;19.3;19.6
2024-04-19 11:22:28;31.2;28.6;28.0;44.0;65.4;73.1;14.5 °C;15.6;17.6;18.9;19.3;19.6
2024-04-19 11:32:29;31.2;28.6;28.0;44.0;65.5;73.2;14.4 °C;15.6;17.6;18.9;19.3;19.6
2024-04-19 11:42:33;31.1;28.7;28.0;44.0;65.5;73.1;14.4 °C;15.6;17.6;18.9;19.3;19.6
2024-04-19 11:52:31;31.0;28.7;28.0;44.0;65.5;73.2;14.5 °C;15.6;17.6;18.9;19.3;19.6
2024-04-19 12:02:34;30.8;28.7;28.0;43.9;65.5;73.1;14.3 °C;15.7;17.6;18.9;19.3;19.6
2024-04-19 12:12:32;30.7;28.8;28.0;44.0;65.5;73.2;14.4 °C;15.7;17.6;18.9;19.3;19.6
2024-04-19 12:22:31;30.6;28.8;28.0;44.0;65.5;73.2;15.1 °C;15.8;17.6;18.9;19.3;19.6
2024-04-19 12:32:34;30.4;28.8;28.0;44.0;65.4;73.2;15.4 °C;15.8;17.6;18.9;19.3;19.6
2024-04-19 12:42:28;30.3;28.9;28.0;44.0;65.5;73.2;15.9 °C;15.8;17.6;18.9;19.2;19.6
2024-04-19 12:52:28;30.2;28.9;28.0;44.0;65.4;73.2;16.7 °C;15.8;17.6;18.8;19.2;19.6
2024-04-19 13:02:29;30.1;28.9;28.0;44.0;65.4;73.2;16.7 °C;15.9;17.6;18.8;19.2;19.5
2024-04-19 13:12:35;30.0;28.9;28.0;43.9;65.5;73.2;16.1 °C;15.9;17.5;18.8;19.2;19.5
2024-04-19 13:22:34;30.0;29.0;28.0;44.0;65.4;73.2;15.8 °C;16;17.5;18.8;19.2;19.5
2024-04-19 13:32:31;30.0;29.0;28.0;43.9;65.4;73.2;15.7 °C;16.1;17.5;18.8;19.2;19.5
2024-04-19 13:42:35;30.0;29.0;28.0;44.0;65.4;73.2;15.6 °C;16.1;17.5;18.8;19.2;19.5
2024-04-19 13:52:30;29.9;29.0;28.0;43.9;65.5;73.2;15.9 °C;16.1;17.5;18.8;19.1;19.5
2024-04-19 14:02:29;29.9;29.0;28.0;43.9;65.5;73.2;16.5 °C;16.2;17.5;18.8;19.1;19.5
2024-04-19 14:12:31;29.8;29.0;28.0;44.0;65.5;73.2;18.6 °C;16.2;17.5;18.8;19.1;19.5
2024-04-19 14:22:29;29.6;29.1;28.0;43.9;65.5;73.2;18.7 °C;16.3;17.5;18.8;19.1;19.5
2024-04-19 14:32:30;29.4;29.1;28.0;44.0;65.5;73.2;18.4 °C;16.3;17.5;18.7;19.1;19.5
2024-04-19 14:42:33;29.2;29.1;28.0;44.0;65.5;73.2;17.9 °C;16.4;17.5;18.7;19.1;19.4
2024-04-19 14:52:29;29.1;29.1;28.0;44.0;65.5;73.2;17.8 °C;16.4;17.5;18.7;19.1;19.4
2024-04-19 15:02:31;29.0;29.2;28.0;44.0;65.5;73.2;17.8 °C;16.5;17.5;18.7;19.1;19.4
2024-04-19 15:12:35;28.9;29.2;28.0;44.0;65.5;73.2;17.5 °C;16.6;17.5;18.7;19.1;19.4
2024-04-19 15:22:30;28.7;29.2;28.0;44.0;65.5;73.2;17.6 °C;16.6;17.5;18.7;19.1;19.4
2024-04-19 15:32:31;28.7;29.2;28.0;44.0;65.5;73.2;17.5 °C;16.7;17.5;18.7;19.1;19.4
2024-04-19 15:42:35;28.5;29.2;28.0;44.0;65.5;73.2;17.3 °C;16.8;17.6;18.6;19.1;19.4
2024-04-19 15:52:30;28.4;29.2;28.0;44.0;65.5;73.2;17.1 °C;16.8;17.6;18.6;19.1;19.4
2024-04-19 16:02:33;28.3;29.2;28.0;44.0;65.5;73.2;16.7 °C;16.8;17.6;18.6;19.1;19.4
2024-04-19 16:12:30;28.2;29.2;28.0;44.0;65.4;73.2;16 °C;16.8;17.6;18.6;19;19.4
2024-04-19 16:22:29;28.0;29.3;28.0;44.0;65.4;73.2;15.7 °C;16.8;17.6;18.6;19;19.4
2024-04-19 16:32:30;28.0;29.3;28.1;44.0;65.5;73.2;15.5 °C;16.8;17.6;18.6;19;19.4
2024-04-19 16:42:28;27.9;29.3;28.0;44.0;65.5;73.2;15.6 °C;16.8;17.6;18.6;19;19.4
2024-04-19 16:52:28;27.8;29.3;28.0;44.0;65.5;73.2;15.4 °C;16.8;17.6;18.6;19;19.4
2024-04-19 17:02:29;27.7;29.3;28.0;44.0;65.5;73.2;15.2 °C;16.8;17.6;18.6;19;19.4
2024-04-19 17:12:30;27.6;29.3;28.0;44.0;65.5;73.2;15 °C;16.8;17.6;18.6;19;19.4
2024-04-19 17:22:32;27.5;29.3;28.0;44.0;65.5;73.2;14.8 °C;16.8;17.6;18.6;19;19.4
2024-04-19 17:32:28;27.5;29.3;28.0;44.0;65.5;73.2;14.6 °C;16.8;17.6;18.6;18.9;19.4
2024-04-19 17:42:29;27.4;29.3;28.0;44.0;65.5;73.2;14.5 °C;16.8;17.6;18.6;18.9;19.4
2024-04-19 17:52:30;27.3;29.3;28.0;44.0;65.5;73.2;14.3 °C;16.8;17.6;18.6;18.9;19.4
2024-04-19 18:02:29;27.2;29.3;28.0;44.0;65.5;73.2;13.8 °C;16.7;17.6;18.6;18.9;19.3
2024-04-19 18:12:30;27.2;29.3;28.1;44.0;65.5;73.2;13.5 °C;16.7;17.7;18.6;18.9;19.3
2024-04-19 18:22:33;27.1;29.3;28.0;44.0;65.5;73.2;13.3 °C;16.6;17.7;18.6;18.9;19.3
2024-04-19 18:32:30;27.1;29.3;28.1;44.0;65.5;73.2;13.1 °C;16.6;17.7;18.6;18.9;19.3
2024-04-19 18:42:32;27.1;29.3;28.1;44.0;65.5;73.2;12.9 °C;16.6;17.7;18.6;18.9;19.3
2024-04-19 18:52:28;27.0;29.3;28.1;44.0;65.5;73.2;12.7 °C;16.6;17.7;18.6;18.9;19.3
2024-04-19 19:02:33;26.9;29.3;28.1;44.0;65.5;73.2;12.5 °C;16.5;17.7;18.6;18.9;19.3
2024-04-19 19:12:30;26.9;29.3;28.1;44.0;65.4;73.2;12.3 °C;16.4;17.7;18.6;18.9;19.3
2024-04-19 19:22:28;26.9;29.3;28.1;44.0;65.5;73.2;12.1 °C;16.4;17.7;18.6;18.9;19.3
2024-04-19 19:32:28;26.8;29.3;28.1;44.0;65.4;73.2;11.8 °C;16.4;17.7;18.6;18.9;19.3
2024-04-19 19:42:33;26.8;29.3;28.1;44.0;65.4;73.2;11.5 °C;16.3;17.7;18.6;18.9;19.3
2024-04-19 19:52:30;26.8;29.3;28.1;44.0;65.4;73.2;11.3 °C;16.3;17.7;18.6;18.9;19.3
2024-04-19 20:02:32;26.7;29.3;28.1;44.0;65.4;73.2;11.1 °C;16.2;17.7;18.6;18.9;19.3
2024-04-19 20:12:29;26.7;29.3;28.1;44.0;65.4;73.2;10.9 °C;16.1;17.7;18.6;18.9;19.3
2024-04-19 20:22:35;26.6;29.3;28.1;44.0;65.4;73.2;10.8 °C;16.1;17.7;18.6;18.9;19.3
2024-04-19 20:32:34;26.6;29.3;28.0;44.0;65.4;73.2;10.6 °C;16;17.7;18.6;18.9;19.3
2024-04-19 20:42:28;26.6;29.3;28.1;44.0;65.4;73.2;10.4 °C;15.9;17.7;18.6;18.9;19.3
2024-04-19 20:52:28;26.5;29.3;28.1;44.0;65.4;73.2;10.3 °C;15.9;17.6;18.6;18.9;19.3
2024-04-19 21:02:33;26.5;29.3;28.1;44.0;65.4;73.2;10.1 °C;15.8;17.6;18.6;18.8;19.3
2024-04-19 21:12:34;26.4;29.2;28.0;44.0;65.4;73.2;10 °C;15.8;17.6;18.6;18.8;19.3
2024-04-19 21:22:33;26.4;29.2;28.1;44.0;65.4;73.2;9.87 °C;15.7;17.6;18.6;18.8;19.3
2024-04-19 21:32:31;26.4;29.2;28.0;44.0;65.4;73.2;9.68 °C;15.6;17.6;18.6;18.8;19.3
2024-04-19 21:42:31;26.4;29.2;28.0;44.0;65.4;73.2;9.56 °C;15.6;17.6;18.6;18.8;19.2
2024-04-19 21:52:30;26.3;29.2;28.1;44.0;65.4;73.2;9.43 °C;15.5;17.6;18.6;18.8;19.2
2024-04-19 22:02:28;26.3;29.2;28.1;44.0;65.4;73.2;9.31 °C;15.4;17.6;18.6;18.8;19.2
2024-04-19 22:12:28;26.3;29.2;28.1;44.0;65.4;73.2;9.12 °C;15.4;17.6;18.6;18.8;19.2
2024-04-19 22:22:29;26.3;29.2;28.0;44.0;65.4;73.2;9.06 °C;15.4;17.6;18.5;18.8;19.2
2024-04-19 22:32:31;26.2;29.2;28.0;44.0;65.4;73.2;9 °C;15.3;17.5;18.5;18.8;19.2
2024-04-19 22:42:35;26.2;29.2;28.0;44.0;65.4;73.2;8.87 °C;15.3;17.5;18.5;18.8;19.2
2024-04-19 22:52:34;26.2;29.2;28.0;44.0;65.4;73.1;8.75 °C;15.2;17.5;18.5;18.8;19.2
2024-04-19 23:02:32;26.2;29.2;28.0;44.0;65.4;73.2;8.62 °C;15.1;17.5;18.5;18.8;19.2
2024-04-19 23:12:28;26.2;29.2;28.0;44.0;65.4;73.2;8.56 °C;15.1;17.4;18.5;18.8;19.2
2024-04-19 23:22:32;26.1;29.2;28.0;44.0;65.4;73.2;8.43 °C;15;17.4;18.5;18.8;19.2
2024-04-19 23:32:33;26.1;29.2;28.0;44.0;65.4;73.2;8.37 °C;14.9;17.4;18.5;18.8;19.1
2024-04-19 23:42:35;26.0;29.2;28.0;44.0;65.4;73.2;8.25 °C;14.9;17.4;18.5;18.8;19.1
2024-04-19 23:52:34;26.1;29.2;28.0;44.0;65.4;73.2;8.18 °C;14.8;17.4;18.5;18.8;19.1
2024-04-20 00:02:27;26.0;29.2;28.0;44.0;65.4;73.2;8.06 °C;14.8;17.4;18.4;18.8;19.1
2024-04-20 00:12:32;26.0;29.2;28.0;44.0;65.4;73.2;7.87 °C;14.7;17.3;18.4;18.8;19.1
2024-04-20 00:22:32;26.0;29.2;28.0;44.0;65.4;73.2;7.75 °C;14.6;17.3;18.4;18.8;19.1
2024-04-20 00:32:33;26.0;29.2;28.0;44.0;65.4;73.2;7.68 °C;14.6;17.3;18.4;18.8;19.1
2024-04-20 00:42:30;26.0;29.2;28.0;44.0;65.4;73.2;7.56 °C;14.6;17.3;18.4;18.8;19.1
2024-04-20 00:52:28;25.9;29.2;28.0;44.0;65.4;73.2;7.43 °C;14.5;17.3;18.4;18.8;19.1
2024-04-20 01:02:32;26.0;29.2;28.0;44.0;65.4;73.1;7.37 °C;14.4;17.2;18.4;18.8;19.1
2024-04-20 01:12:33;25.9;29.2;28.0;44;65.4;73.1;7.25 °C;14.4;17.2;18.4;18.8;19.1
2024-04-20 01:22:31;26.0;29.2;28.0;44.0;65.4;73.1;7.18 °C;14.3;17.1;18.4;18.8;19.1
2024-04-20 01:32:34;25.9;29.2;28.0;44.0;65.4;73.1;7.18 °C;14.3;17.1;18.4;18.7;19.1
2024-04-20 01:42:29;25.9;29.2;28.0;44.0;65.4;73.1;7.18 °C;14.3;17.1;18.4;18.7;19.1
2024-04-20 01:52:34;25.9;29.2;28.0;44.0;65.4;73.1;7.12 °C;14.2;17.1;18.4;18.7;19.1
2024-04-20 02:02:33;25.9;29.1;28.0;43.9;65.4;73.1;7.12 °C;14.1;17.1;18.4;18.7;19.1
2024-04-20 02:12:34;25.8;29.2;28.0;44.0;65.4;73.1;7.06 °C;14.1;17.1;18.3;18.7;19.1
2024-04-20 02:22:34;25.8;29.2;27.9;44.0;65.4;73.1;7 °C;14;17;18.3;18.7;19.1
2024-04-20 02:32:28;25.8;29.2;27.9;44.0;65.4;73.1;6.87 °C;13.9;17;18.3;18.7;19.1
2024-04-20 02:42:32;25.8;29.2;28.0;44.0;65.4;73.1;6.81 °C;13.9;16.9;18.3;18.7;19.1
2024-04-20 02:52:34;25.8;29.1;28.0;44.0;65.4;73.1;6.68 °C;13.9;16.9;18.3;18.7;19.1
2024-04-20 03:02:28;25.8;29.2;28.0;44.0;65.4;73.1;6.62 °C;13.8;16.9;18.3;18.7;19.1
2024-04-20 03:12:29;25.7;29.2;27.9;44.0;65.4;73.1;6.50 °C;13.8;16.9;18.3;18.6;19.1
2024-04-20 03:22:34;25.8;29.1;27.9;44.0;65.4;73.1;6.43 °C;13.7;16.8;18.3;18.6;19.1
2024-04-20 03:32:30;25.7;29.1;28.0;44.0;65.4;73.1;6.37 °C;13.7;16.8;18.3;18.6;19.1
2024-04-20 03:42:32;25.7;29.1;27.9;44.0;65.4;73.1;6.31 °C;13.6;16.8;18.3;18.6;19.1
2024-04-20 03:52:29;25.7;29.1;28.0;44.0;65.4;73.1;6.31 °C;13.6;16.8;18.2;18.6;19.1
2024-04-20 04:02:34;25.7;29.1;27.9;44.0;65.4;73.1;6.37 °C;13.5;16.8;18.2;18.6;19
2024-04-20 04:12:33;25.7;29.1;28.0;44.0;65.4;73.1;6.37 °C;13.4;16.7;18.2;18.6;19
2024-04-20 04:22:34;25.7;29.1;28.0;43.9;65.4;73.1;6.25 °C;13.4;16.7;18.2;18.6;19
2024-04-20 04:32:33;25.7;29.1;27.9;44.0;65.4;73.1;6.06 °C;13.4;16.6;18.1;18.6;19
2024-04-20 04:42:35;25.6;29.1;27.9;44.0;65.4;73.1;5.93 °C;13.3;16.6;18.1;18.6;19
2024-04-20 04:52:31;25.7;29.1;28.0;44.0;65.4;73.1;5.87 °C;13.3;16.6;18.1;18.6;19
2024-04-20 05:02:31;25.7;29.1;27.9;44.0;65.4;73.1;5.81 °C;13.3;16.6;18.1;18.6;19
2024-04-20 05:12:30;25.7;29.1;27.9;44.0;65.4;73.1;5.68 °C;13.2;16.5;18.1;18.6;19
2024-04-20 05:22:29;25.7;29.1;27.9;44.0;65.4;73.1;5.56 °C;13.1;16.5;18.1;18.6;19
2024-04-20 05:32:29;25.7;29.1;27.9;44.0;65.4;73.1;5.43 °C;13.1;16.5;18.1;18.6;19
2024-04-20 05:42:32;25.7;29.1;27.9;44.0;65.4;73.1;5.31 °C;13.1;16.4;18.1;18.6;19
2024-04-20 05:52:28;25.7;29.1;27.9;44.0;65.4;73.1;5.18 °C;13;16.4;18;18.5;19
2024-04-20 06:02:29;25.7;29.1;28.0;44.0;65.4;73.1;5.12 °C;13;16.4;18;18.5;18.9
2024-04-20 06:12:30;25.7;29.1;27.9;43.9;65.4;73.1;5 °C;12.9;16.4;18;18.5;18.9
2024-04-20 06:22:29;25.7;29.2;27.9;44.0;65.4;73.1;4.93 °C;12.9;16.3;18;18.5;18.9
2024-04-20 06:32:31;25.7;29.1;27.9;44.0;65.4;73.1;5 °C;12.8;16.3;17.9;18.5;18.9
2024-04-20 06:42:34;25.7;29.1;27.9;44.0;65.4;73.1;5.12 °C;12.8;16.3;17.9;18.5;18.9
2024-04-20 06:52:33;25.7;29.1;27.9;44.0;65.4;73.1;5.31 °C;12.8;16.3;17.9;18.5;18.9
2024-04-20 07:02:31;25.7;29.1;28.0;44.0;65.4;73.1;5.50 °C;12.7;16.2;17.9;18.4;18.9
2024-04-20 07:12:34;25.7;29.1;28.0;44.0;65.4;73.1;5.81 °C;12.7;16.2;17.9;18.4;18.9
2024-04-20 07:22:28;25.8;29.1;27.9;44.0;65.4;73.1;6.12 °C;12.6;16.1;17.9;18.4;18.9
2024-04-20 07:32:33;25.7;29.1;27.9;44.0;65.3;73.1;6.56 °C;12.6;16.1;17.9;18.4;18.9
2024-04-20 07:42:32;25.8;29.1;27.9;43.9;65.3;73.1;7 °C;12.6;16.1;17.8;18.4;18.9
2024-04-20 07:52:32;25.8;29.1;27.9;43.9;65.3;73.1;7.81 °C;12.6;16.1;17.8;18.4;18.9
2024-04-20 08:02:28;25.9;29.1;27.9;43.9;65.3;73.1;8.81 °C;12.5;16.1;17.8;18.4;18.9
2024-04-20 08:12:34;25.9;29.1;27.9;43.9;65.3;73.1;9.81 °C;12.5;16;17.8;18.4;18.9
2024-04-20 08:22:28;25.9;29.1;27.9;43.9;65.3;73.1;10.8 °C;12.5;16;17.8;18.4;18.9
2024-04-20 08:32:33;26.0;29.1;27.9;43.9;65.3;73.0;11.7 °C;12.5;15.9;17.8;18.4;18.9
2024-04-20 08:42:30;25.9;29.1;27.9;43.9;65.3;73.0;12.6 °C;12.5;15.9;17.8;18.4;18.9
2024-04-20 08:52:29;25.9;29.2;27.9;43.9;65.3;73.1;13.4 °C;12.6;15.9;17.7;18.4;18.9
2024-04-20 09:02:30;25.9;29.2;27.9;43.9;65.3;73.0;14.2 °C;12.6;15.9;17.7;18.3;18.9
2024-04-20 09:12:30;25.9;29.2;27.9;43.9;65.3;73.0;15 °C;12.6;15.8;17.7;18.3;18.9
2024-04-20 09:22:32;25.9;29.2;27.9;43.9;65.3;73.0;15.9 °C;12.7;15.8;17.6;18.3;18.9
2024-04-20 09:32:28;25.9;29.2;27.9;43.9;65.3;73.0;16.6 °C;12.8;15.8;17.6;18.3;18.8
2024-04-20 09:42:30;25.9;29.3;27.9;43.9;65.3;73.0;17.4 °C;12.9;15.8;17.6;18.3;18.8
2024-04-20 09:52:32;25.8;29.3;27.9;43.9;65.3;73.0;17.8 °C;13;15.8;17.6;18.3;18.8
2024-04-20 10:02:32;25.8;29.3;27.9;43.9;65.3;73.0;18.6 °C;13.1;15.8;17.6;18.3;18.8
2024-04-20 10:12:30;25.8;29.3;27.9;43.9;65.3;73.0;19.4 °C;13.3;15.7;17.6;18.3;18.8
2024-04-20 10:22:32;25.8;29.3;27.9;43.9;65.3;73.0;20.1 °C;13.4;15.7;17.6;18.3;18.8
2024-04-20 10:32:32;25.7;29.3;27.9;43.9;65.3;73.0;20.9 °C;13.5;15.7;17.5;18.3;18.8
2024-04-20 10:42:34;25.6;29.4;27.9;43.9;65.3;73.0;20.6 °C;13.7;15.7;17.5;18.3;18.8
2024-04-20 10:52:33;25.5;29.4;27.9;43.9;65.3;73.0;19.9 °C;13.9;15.7;17.5;18.2;18.8
2024-04-20 11:02:34;25.4;29.4;27.9;43.9;65.3;73.0;19.5 °C;14;15.6;17.5;18.2;18.8
2024-04-20 11:12:29;25.3;29.5;27.9;43.9;65.3;73.0;19.3 °C;14.2;15.6;17.4;18.2;18.8
2024-04-20 11:22:27;25.2;29.5;27.9;43.9;65.3;73.0;19.3 °C;14.3;15.6;17.4;18.2;18.8
2024-04-20 11:32:31;25.1;29.5;27.9;43.9;65.3;73.0;19.3 °C;14.4;15.7;17.4;18.2;18.8
2024-04-20 11:52:28;25.0;29.5;27.9;43.9;65.3;73.0;19.1 °C;14.7;15.7;17.4;18.1;18.8
2024-04-20 12:02:29;24.9;29.6;28.0;43.9;65.3;73.0;19.2 °C;14.8;15.7;17.4;18.1;18.8
2024-04-20 12:12:35;24.9;29.6;28.0;43.9;65.3;73.0;20.4 °C;14.9;15.7;17.4;18.1;18.8
2024-04-20 12:22:30;25.0;29.6;28.0;43.9;65.3;73.0;21.7 °C;15;15.7;17.4;18.1;18.7
2024-04-20 12:32:34;24.9;29.6;28.0;43.9;65.3;73.0;23.3 °C;15.1;15.8;17.3;18.1;18.7
2024-04-20 12:42:33;24.8;29.6;28.0;43.9;65.3;73.0;23.1 °C;15.2;15.8;17.3;18.1;18.7
2024-04-20 12:52:34;24.7;29.7;28.0;43.9;65.3;73.0;22.6 °C;15.4;15.8;17.3;18.1;18.7
2024-04-20 13:02:34;24.7;29.7;28.0;43.9;65.3;73.0;23.2 °C;15.5;15.8;17.3;18.1;18.7
2024-04-20 13:12:28;24.5;29.7;28.0;43.9;65.3;73.0;23.1 °C;15.7;15.8;17.3;18.1;18.7
2024-04-20 13:22:33;24.5;29.7;28.0;43.9;65.3;73.0;22.9 °C;15.9;15.9;17.3;18.1;18.7
2024-04-20 13:32:28;24.4;29.8;28.0;43.9;65.3;73.0;23.3 °C;16;15.9;17.3;18;18.7
2024-04-20 13:42:33;24.3;29.8;28.0;43.9;65.3;73.0;22.4 °C;16.1;15.9;17.3;18;18.6
2024-04-20 13:52:30;24.1;29.8;28.0;43.9;65.3;73.0;21.6 °C;16.3;15.9;17.3;18;18.6
2024-04-20 14:02:29;24.0;29.8;28.1;43.9;65.3;73.0;20.5 °C;16.4;16;17.3;18;18.6
2024-04-20 14:12:32;23.9;29.8;28.0;43.9;65.3;73.0;19.6 °C;16.5;16;17.3;18;18.6
2024-04-20 14:22:34;23.8;29.9;28.0;43.9;65.3;73.0;19 °C;16.6;16.1;17.3;18;18.6
2024-04-20 14:32:32;23.7;29.9;28.0;43.9;65.4;73.0;18.5 °C;16.6;16.1;17.3;17.9;18.6
2024-04-20 14:42:29;23.7;29.9;28.1;43.9;65.3;73.0;18.3 °C;16.7;16.1;17.3;17.9;18.6
2024-04-20 14:52:28;23.7;29.9;28.1;43.9;65.4;73.0;18.7 °C;16.7;16.2;17.3;17.9;18.6
2024-04-20 15:02:34;23.6;29.9;28.1;43.9;65.4;73.0;18.5 °C;16.8;16.2;17.3;17.9;18.6
2024-04-20 15:12:28;23.5;29.9;28.1;43.9;65.4;73.0;18.2 °C;16.8;16.3;17.3;17.9;18.6
2024-04-20 15:22:29;23.5;29.9;28.1;43.9;65.4;73.0;18 °C;16.8;16.3;17.3;17.9;18.6
2024-04-20 15:32:32;23.5;29.9;28.1;43.9;65.4;73.0;17.9 °C;16.8;16.3;17.3;17.9;18.6
2024-04-20 15:42:32;23.5;29.9;28.1;44.0;65.4;73.0;17.7 °C;16.8;16.4;17.3;17.9;18.6
2024-04-20 15:52:29;23.4;29.9;28.1;44.0;65.4;73.0;17.5 °C;16.8;16.4;17.3;17.9;18.6
2024-04-20 16:02:31;23.5;29.9;28.1;44.0;65.3;73.0;17.3 °C;16.8;16.4;17.3;17.9;18.6
2024-04-20 16:12:31;23.6;29.9;28.1;44.0;65.3;73.0;17.3 °C;16.8;16.5;17.3;17.9;18.5
2024-04-20 16:22:31;23.6;29.9;28.1;44.0;65.3;73;17.1 °C;16.8;16.5;17.3;17.9;18.5
2024-04-20 16:32:28;23.5;29.9;28.1;44.0;65.3;73.0;17 °C;16.8;16.6;17.3;17.9;18.5
2024-04-20 16:42:32;23.5;29.9;28.1;44.0;65.3;73.0;16.9 °C;16.8;16.6;17.3;17.9;18.5
2024-04-20 16:52:34;23.5;29.9;28.1;44.0;65.3;73.0;17 °C;16.8;16.6;17.3;17.9;18.5
2024-04-20 17:02:29;23.6;29.9;28.1;44.0;65.3;73.0;18 °C;16.8;16.6;17.3;17.9;18.5
2024-04-20 17:12:31;23.6;29.8;28.1;44.0;65.3;73.0;20.1 °C;16.8;16.7;17.4;17.9;18.5
2024-04-20 17:22:31;23.6;29.8;28.1;44.0;65.3;73.0;21 °C;16.8;16.7;17.4;17.9;18.5
2024-04-20 17:32:32;23.5;29.9;28.1;44.0;65.3;72.9;21.6 °C;16.8;16.8;17.4;17.9;18.5
2024-04-20 17:42:29;23.3;29.9;28.1;44.0;65.3;73.0;20.1 °C;16.9;16.8;17.4;17.9;18.4
2024-04-20 17:52:35;23.3;29.9;28.1;44.0;65.3;72.9;19 °C;16.9;16.8;17.4;17.8;18.4
2024-04-20 18:02:30;23.2;29.9;28.1;44.0;65.4;72.9;18.3 °C;16.9;16.8;17.4;17.8;18.4
2024-04-20 18:12:29;23.1;29.9;28.1;44.0;65.3;73.0;17.8 °C;17;16.8;17.4;17.8;18.4
2024-04-20 18:22:32;23.1;29.9;28.1;44.0;65.3;73.0;17.4 °C;17;16.8;17.4;17.8;18.4
2024-04-20 18:32:33;23.1;29.9;28.1;44.0;65.4;72.9;17.1 °C;17.1;16.9;17.4;17.8;18.4
2024-04-20 18:42:31;23.1;29.9;28.1;44.0;65.3;72.9;16.8 °C;17.1;16.9;17.4;17.8;18.4
2024-04-20 18:52:35;23.0;29.9;28.1;44.0;65.3;72.9;16.4 °C;17.1;16.9;17.4;17.8;18.4
2024-04-20 19:02:30;23.0;29.9;28.2;44.0;65.4;73.0;16.1 °C;17;16.9;17.5;17.8;18.4
2024-04-20 19:12:30;23.0;29.9;28.2;44.0;65.4;72.9;15.8 °C;17;16.9;17.5;17.8;18.4
2024-04-20 19:22:33;22.9;29.9;28.1;44.0;65.4;73.0;15.6 °C;17;17;17.5;17.8;18.4
2024-04-20 19:32:28;22.9;29.9;28.1;44.0;65.4;73.0;15.3 °C;16.9;17;17.5;17.8;18.4
2024-04-20 19:52:30;22.8;29.9;28.1;44.0;65.4;72.9;14.5 °C;16.9;17.1;17.5;17.8;18.4
2024-04-20 20:02:29;22.8;29.9;28.1;44.0;65.4;72.9;14.1 °C;16.9;17.1;17.6;17.8;18.4
2024-04-20 20:12:31;22.8;29.9;28.1;44.0;65.4;72.9;13.6 °C;16.8;17.1;17.6;17.8;18.4
2024-04-20 20:22:27;22.7;29.9;28.2;44.0;65.4;72.9;13.3 °C;16.8;17.1;17.6;17.8;18.4
2024-04-20 20:32:29;22.7;29.8;28.2;44.0;65.4;72.9;13 °C;16.8;17.1;17.6;17.8;18.4
2024-04-20 20:42:30;22.7;29.8;28.2;44.0;65.4;72.9;12.9 °C;16.7;17.1;17.6;17.9;18.4
2024-04-20 20:52:30;22.7;29.8;28.2;44.0;65.4;73.0;12.8 °C;16.6;17.1;17.6;17.8;18.4
2024-04-20 21:02:33;22.7;29.8;28.2;44.0;65.4;72.9;12.6 °C;16.6;17.1;17.6;17.9;18.4
2024-04-20 21:12:32;22.7;29.8;28.2;44.0;65.4;72.9;12.4 °C;16.5;17.1;17.6;17.9;18.4
2024-04-20 21:22:29;22.7;29.8;28.2;44.0;65.4;72.9;12.1 °C;16.4;17.1;17.6;17.9;18.4
2024-04-20 21:32:32;22.7;29.8;28.2;44.0;65.4;72.9;11.9 °C;16.4;17.1;17.6;17.9;18.4
2024-04-20 21:42:32;22.6;29.8;28.1;44.0;65.4;72.9;11.8 °C;16.3;17.2;17.6;17.9;18.4
2024-04-20 21:52:34;22.6;29.8;28.1;44.0;65.4;73.0;11.6 °C;16.3;17.2;17.6;17.9;18.4
2024-04-20 22:02:33;22.7;29.7;28.1;44.1;65.4;73.0;11.5 °C;16.3;17.2;17.7;17.9;18.4
2024-04-20 22:12:27;22.7;29.8;28.1;44.1;65.4;73.0;11.4 °C;16.2;17.2;17.7;17.9;18.3
2024-04-20 22:22:31;22.7;29.7;28.1;44.1;65.4;73.0;11.5 °C;16.1;17.2;17.7;17.9;18.3
2024-04-20 22:32:32;22.7;29.7;28.1;44.1;65.4;73.0;11.5 °C;16.1;17.2;17.7;17.9;18.3
2024-04-20 22:42:33;22.6;29.8;28.1;44.1;65.4;73.0;11.5 °C;16;17.2;17.7;17.9;18.3
2024-04-20 22:52:32;22.7;29.7;28.1;44.1;65.4;73.0;11.5 °C;15.9;17.1;17.7;17.9;18.3
2024-04-20 23:02:33;22.6;29.7;28.1;44.1;65.4;73.0;11.6 °C;15.9;17.1;17.7;17.9;18.3
2024-04-20 23:12:29;22.6;29.7;28.1;44.1;65.4;73.0;11.6 °C;15.9;17.1;17.7;17.9;18.3
2024-04-20 23:22:34;22.6;29.7;28.2;44.1;65.4;73.0;11.6 °C;15.8;17.1;17.8;17.9;18.3
2024-04-20 23:32:30;22.6;29.7;28.1;44.1;65.4;73.0;11.6 °C;15.8;17.1;17.8;17.9;18.3
2024-04-20 23:42:29;22.6;29.7;28.1;44.1;65.4;73.0;11.6 °C;15.8;17.1;17.8;17.9;18.3
2024-04-20 23:52:32;22.6;29.7;28.2;44.1;65.4;73.0;11.6 °C;15.7;17.1;17.8;17.9;18.3
2024-04-21 00:02:34;22.6;29.7;28.1;44.1;65.4;73.0;11.6 °C;15.6;17.1;17.8;17.9;18.3
2024-04-21 00:12:32;22.8;29.7;28.1;44.1;65.4;73.0;11.5 °C;15.6;17.1;17.8;17.9;18.3
2024-04-21 00:22:30;22.8;29.7;28.1;44.1;65.4;72.9;11.5 °C;15.6;17.1;17.8;17.9;18.3
2024-04-21 00:32:29;22.8;29.7;28.1;44.1;65.4;73.0;11.5 °C;15.6;17.1;17.8;17.9;18.3
2024-04-21 00:42:28;22.8;29.7;28.1;44.1;65.4;73.0;11.5 °C;15.5;17.1;17.8;17.9;18.3
2024-04-21 00:52:34;22.8;29.7;28.1;44.1;65.4;72.9;11.5 °C;15.5;17.1;17.8;17.9;18.3
2024-04-21 01:02:33;22.8;29.7;28.1;44.1;65.4;72.9;11.5 °C;15.4;17.1;17.8;17.9;18.3
2024-04-21 01:12:32;22.8;29.7;28.1;44.1;65.4;72.9;11.5 °C;15.4;17;17.8;17.9;18.3
2024-04-21 01:22:30;22.8;29.7;28.1;44.1;65.4;72.9;11.6 °C;15.4;17;17.8;17.9;18.3
2024-04-21 01:32:29;22.8;29.7;28.1;44.1;65.4;72.9;11.6 °C;15.4;17;17.8;17.9;18.3
2024-04-21 01:42:27;22.8;29.7;28.1;44.1;65.4;72.9;11.6 °C;15.3;17;17.8;17.9;18.3
2024-04-21 01:52:31;22.8;29.7;28.1;44.1;65.4;72.9;11.6 °C;15.3;17;17.8;17.9;18.3
2024-04-21 02:02:27;22.8;29.7;28.1;44.1;65.4;73.0;11.6 °C;15.3;17;17.8;17.9;18.3
2024-04-21 02:12:27;22.8;29.7;28.1;44.1;65.4;73.0;11.5 °C;15.3;16.9;17.8;17.9;18.3
2024-04-21 02:22:28;22.8;29.7;28.1;44.1;65.4;72.9;11.5 °C;15.3;16.9;17.8;17.9;18.3
2024-04-21 02:32:34;22.8;29.7;28.1;44.1;65.4;72.9;11.5 °C;15.2;16.9;17.8;17.9;18.3
2024-04-21 02:42:34;22.8;29.7;28.1;44.1;65.4;72.9;11.4 °C;15.2;16.9;17.8;17.9;18.3
2024-04-21 02:52:33;22.8;29.7;28.1;44.1;65.4;72.9;11.4 °C;15.2;16.9;17.8;17.9;18.3
2024-04-21 03:02:31;22.8;29.7;28.1;44.1;65.4;72.9;11.4 °C;15.1;16.9;17.8;17.9;18.3
2024-04-21 03:12:32;22.8;29.7;28.1;44.1;65.4;72.9;11.3 °C;15.1;16.9;17.8;17.9;18.3
2024-04-21 03:22:33;22.8;29.7;28.1;44.1;65.4;72.9;11 °C;15.1;16.9;17.8;17.9;18.3
2024-04-21 03:32:27;22.7;29.7;28.1;44.1;65.4;72.9;10.8 °C;15.1;16.9;17.8;17.9;18.3
2024-04-21 03:42:30;22.7;29.7;28.1;44.1;65.4;72.9;10.6 °C;15.1;16.8;17.8;17.9;18.3
2024-04-21 03:52:31;22.7;29.7;28.1;44.1;65.4;72.9;10.4 °C;15;16.8;17.8;17.9;18.3
2024-04-21 04:02:31;22.7;29.7;28.1;44.1;65.4;72.9;10.3 °C;15;16.8;17.7;17.9;18.3
2024-04-21 04:12:28;22.7;29.7;28.1;44.1;65.4;72.9;10.2 °C;14.9;16.8;17.7;17.9;18.3
2024-04-21 04:22:33;22.7;29.7;28.1;44.1;65.4;72.9;10.1 °C;14.9;16.8;17.7;17.9;18.3
2024-04-21 04:32:29;22.7;29.7;28.1;44.1;65.4;73.0;10.1 °C;14.9;16.8;17.7;17.9;18.3
2024-04-21 04:42:27;22.7;29.7;28.1;44.1;65.4;72.9;10 °C;14.8;16.8;17.7;17.9;18.3
2024-04-21 04:52:28;22.7;29.7;28.1;44.1;65.4;72.9;9.87 °C;14.8;16.8;17.7;17.9;18.3
2024-04-21 05:02:34;22.6;29.7;28.1;44.1;65.4;72.9;9.81 °C;14.8;16.8;17.7;17.9;18.3
2024-04-21 05:12:34;22.6;29.7;28.1;44.1;65.4;73.0;9.68 °C;14.7;16.7;17.7;17.9;18.3
2024-04-21 05:22:33;22.6;29.7;28.1;44.1;65.4;72.9;9.62 °C;14.7;16.7;17.7;17.9;18.3
2024-04-21 05:32:32;22.6;29.7;28.1;44.1;65.4;72.9;9.56 °C;14.6;16.7;17.7;17.9;18.3
2024-04-21 05:42:33;22.6;29.7;28.1;44.1;65.4;72.9;9.50 °C;14.6;16.7;17.7;17.9;18.3
2024-04-21 05:52:29;22.6;29.7;28.1;44.0;65.4;72.9;9.37 °C;14.6;16.7;17.6;17.9;18.3
2024-04-21 06:02:27;22.6;29.7;28.1;44.1;65.4;72.9;9.25 °C;14.5;16.6;17.6;17.9;18.3
2024-04-21 06:12:32;22.6;29.7;28.1;44.1;65.4;72.9;9.12 °C;14.4;16.6;17.6;17.9;18.3
2024-04-21 06:22:34;22.5;29.7;28.1;44.1;65.4;72.9;9 °C;14.4;16.6;17.6;17.9;18.3
2024-04-21 06:32:33;22.5;29.7;28.1;44.1;65.4;72.9;8.93 °C;14.4;16.6;17.6;17.9;18.3
2024-04-21 06:42:32;22.6;29.7;28.1;44.0;65.4;72.9;8.93 °C;14.4;16.6;17.6;17.9;18.3
2024-04-21 06:52:33;22.5;29.7;28.1;44.0;65.4;72.9;9.06 °C;14.3;16.6;17.6;17.9;18.3
2024-04-21 07:02:29;22.5;29.7;28.1;44.0;65.4;72.9;9.25 °C;14.3;16.6;17.6;17.9;18.3
2024-04-21 07:12:27;22.6;29.7;28.1;44.0;65.4;72.9;9.56 °C;14.2;16.5;17.6;17.9;18.3
2024-04-21 07:22:32;22.5;29.7;28.0;44.1;65.4;72.9;9.87 °C;14.2;16.5;17.6;17.9;18.3
2024-04-21 07:32:34;22.6;29.6;28.0;44.1;65.4;72.9;10.1 °C;14.1;16.5;17.6;17.9;18.3
2024-04-21 07:42:33;22.5;29.7;28.1;44.1;65.4;72.9;10.4 °C;14.1;16.4;17.6;17.9;18.3
2024-04-21 07:52:32;22.5;29.6;28.0;44.1;65.4;72.9;10.6 °C;14.1;16.4;17.6;17.9;18.3
2024-04-21 08:02:32;22.5;29.6;28.0;44.0;65.4;72.9;10.5 °C;14.1;16.4;17.6;17.9;18.3
2024-04-21 08:12:27;22.6;29.6;28.1;44.1;65.3;72.9;11.3 °C;14.1;16.4;17.6;17.9;18.3
2024-04-21 08:22:31;22.5;29.6;28.1;44.1;65.4;72.9;11.8 °C;14.1;16.4;17.6;17.9;18.3
2024-04-21 08:32:32;22.5;29.6;28.1;44.0;65.3;72.9;11.6 °C;14.1;16.4;17.6;17.8;18.3
2024-04-21 08:42:34;22.6;29.7;28.0;44.0;65.3;72.9;12.7 °C;14.1;16.4;17.5;17.8;18.3
2024-04-21 08:52:33;22.6;29.7;28.0;44.1;65.3;72.9;13.8 °C;14.1;16.3;17.5;17.8;18.3
2024-04-21 09:02:27;22.6;29.7;28.0;44.0;65.3;72.9;14.8 °C;14.1;16.3;17.5;17.8;18.3
2024-04-21 09:12:32;22.6;29.7;28.1;44.0;65.3;72.9;15.7 °C;14.1;16.3;17.5;17.8;18.3
2024-04-21 09:22:27;22.6;29.7;28.0;44.0;65.3;72.9;16.5 °C;14.1;16.3;17.5;17.8;18.3
2024-04-21 09:32:31;22.6;29.7;28.0;44.0;65.3;72.9;17.2 °C;14.1;16.3;17.5;17.8;18.3
2024-04-21 09:42:28;22.6;29.7;28.0;44.0;65.3;72.9;17.9 °C;14.2;16.3;17.4;17.8;18.3
2024-04-21 09:52:33;22.6;29.8;28.0;44.0;65.3;72.9;18.4 °C;14.3;16.3;17.4;17.8;18.3
2024-04-21 10:02:33;22.6;29.8;28.0;44.0;65.3;72.9;19.1 °C;14.4;16.2;17.4;17.8;18.3
2024-04-21 10:12:28;22.5;29.8;28.1;44.0;65.3;72.9;19.6 °C;14.4;16.2;17.4;17.8;18.3
2024-04-21 10:22:30;22.5;29.8;28.1;44.0;65.3;72.9;19.9 °C;14.6;16.2;17.4;17.8;18.2
2024-04-21 10:32:29;22.4;29.8;28.0;44.0;65.3;72.9;19.9 °C;14.6;16.2;17.4;17.8;18.2
2024-04-21 10:42:28;22.3;29.8;28.1;44.0;65.3;72.9;19.4 °C;14.8;16.2;17.4;17.8;18.2
2024-04-21 10:52:29;22.1;29.8;28.1;44.0;65.3;72.9;18.3 °C;14.9;16.2;17.4;17.8;18.2
2024-04-21 11:02:31;22.0;29.9;28.1;44.0;65.3;72.9;17.5 °C;15;16.2;17.4;17.8;18.2
2024-04-21 11:12:28;21.9;29.9;28.0;44.0;65.3;72.9;17.3 °C;15.1;16.2;17.4;17.8;18.2
2024-04-21 11:22:30;21.9;29.9;28.1;44.0;65.3;72.9;17.1 °C;15.2;16.2;17.4;17.8;18.2
2024-04-21 11:32:26;21.8;29.9;28.1;44.0;65.3;72.9;17.3 °C;15.3;16.2;17.4;17.8;18.2
2024-04-21 11:42:31;21.8;29.9;28.1;44.0;65.3;72.9;17.8 °C;15.3;16.2;17.4;17.8;18.2
2024-04-21 11:52:28;21.7;29.9;28.1;44.0;65.3;72.9;18.1 °C;15.3;16.2;17.4;17.8;18.2
2024-04-21 12:02:34;21.7;29.9;28.1;44.0;65.3;72.9;18.2 °C;15.4;16.2;17.3;17.8;18.2
2024-04-21 12:12:34;21.7;29.9;28.1;44.0;65.3;72.9;19.5 °C;15.4;16.2;17.3;17.8;18.2
2024-04-21 12:22:29;21.6;29.9;28.1;44.0;65.3;72.9;19.7 °C;15.5;16.2;17.3;17.8;18.2
2024-04-21 12:32:32;21.6;29.9;28.1;44.0;65.3;72.9;19.9 °C;15.6;16.2;17.3;17.8;18.2
2024-04-21 12:42:27;21.5;29.9;28.0;44.0;65.3;72.9;19.9 °C;15.6;16.3;17.3;17.7;18.2
2024-04-21 12:52:32;21.5;30.0;28.1;44.0;65.3;72.9;20.9 °C;15.8;16.3;17.3;17.7;18.2
2024-04-21 13:02:29;21.4;30.0;28.1;44.0;65.3;72.9;20.5 °C;15.8;16.3;17.3;17.7;18.2
2024-04-21 13:12:28;21.3;30.0;28.1;44.0;65.3;72.9;19.9 °C;15.9;16.3;17.3;17.7;18.1
2024-04-21 13:22:30;21.3;30.0;28.1;44.0;65.3;72.9;20.3 °C;16;16.3;17.3;17.7;18.1
2024-04-21 13:32:30;21.3;30.0;28.1;44.0;65.3;72.9;21.6 °C;16.1;16.3;17.3;17.7;18.1
2024-04-21 13:42:26;21.3;30.1;28.1;44.0;65.3;72.9;23.1 °C;16.2;16.3;17.3;17.7;18.1
2024-04-21 13:52:27;21.3;30.1;28.1;44.0;65.3;72.9;24.5 °C;16.3;16.3;17.3;17.7;18.1
2024-04-21 14:02:32;21.1;30.1;28.1;44.0;65.3;72.9;24.6 °C;16.4;16.4;17.3;17.7;18.1
2024-04-21 14:12:34;21.0;30.1;28.1;44.0;65.3;72.9;24.1 °C;16.6;16.4;17.3;17.7;18.1
2024-04-21 14:22:33;20.9;30.2;28.1;44.0;65.3;72.9;22.8 °C;16.8;16.4;17.3;17.7;18.1
2024-04-21 14:32:32;20.8;30.2;28.1;44.0;65.3;72.9;21.6 °C;16.9;16.4;17.3;17.6;18.1
2024-04-21 14:42:27;20.7;30.2;28.1;44.0;65.3;72.9;20.6 °C;17.1;16.4;17.3;17.6;18.1
2024-04-21 14:52:31;20.7;30.2;28.1;44.0;65.3;72.9;20.8 °C;17.1;16.5;17.3;17.6;18.1
2024-04-21 15:02:32;20.6;30.2;28.1;44.0;65.3;72.9;20.9 °C;17.3;16.5;17.3;17.6;18.1
2024-04-21 15:12:26;20.6;30.2;28.1;44.0;65.3;72.9;21.4 °C;17.3;16.6;17.3;17.6;18.1
2024-04-21 15:22:27;20.6;30.2;28.1;44.0;65.3;72.9;23.2 °C;17.4;16.6;17.3;17.6;18.1
2024-04-21 15:32:32;20.5;30.2;28.1;44.0;65.3;72.9;24.6 °C;17.4;16.6;17.3;17.6;18.1
2024-04-21 15:42:33;20.3;30.3;28.1;44.0;65.3;72.9;23 °C;17.5;16.6;17.3;17.6;18.1
2024-04-21 15:52:32;20.4;30.3;28.1;44.0;65.3;72.9;22.8 °C;17.6;16.7;17.3;17.6;18.1
2024-04-21 16:02:30;20.2;30.3;28.1;44.0;65.3;72.9;23.5 °C;17.7;16.8;17.3;17.6;18.1
2024-04-21 16:12:31;20.2;30.3;28.1;44.0;65.3;72.9;22.4 °C;17.8;16.8;17.3;17.6;18.1
2024-04-21 16:22:31;20.1;30.3;28.1;44.0;65.3;72.9;21.6 °C;17.9;16.8;17.3;17.6;18.1
2024-04-21 16:32:33;20.1;30.3;28.1;44.0;65.3;72.9;21.6 °C;17.9;16.8;17.3;17.6;18.1
2024-04-21 16:42:28;20.1;30.4;28.2;44.0;65.3;72.9;23.6 °C;17.9;16.9;17.3;17.6;18.1
2024-04-21 16:52:34;20.1;30.3;28.2;44.0;65.3;72.9;24.9 °C;18;16.9;17.4;17.6;18.1
2024-04-21 17:02:30;20;30.3;28.2;44.0;65.3;72.9;25.2 °C;18.1;16.9;17.4;17.6;18.1
2024-04-21 17:12:29;19.9;30.4;28.2;44.0;65.3;72.9;25.8 °C;18.1;17;17.4;17.6;18.1
2024-04-21 17:22:32;19.8;30.4;28.2;44.0;65.3;72.9;25.2 °C;18.2;17;17.4;17.6;18.1
2024-04-21 17:32:26;19.7;30.4;28.2;44.0;65.3;72.9;24.2 °C;18.3;17.1;17.4;17.6;18.1
2024-04-21 17:42:27;19.6;30.4;28.2;44.0;65.3;72.9;24.5 °C;18.4;17.1;17.4;17.6;18.1
2024-04-21 17:52:28;19.4;30.4;28.2;44.0;65.3;72.9;23.3 °C;18.4;17.1;17.4;17.6;18.1
2024-04-21 18:02:34;19.4;30.4;28.2;44.0;65.3;72.9;21.9 °C;18.4;17.2;17.4;17.6;18.1
2024-04-21 18:12:33;19.3;30.4;28.2;44.0;65.3;72.9;21.7 °C;18.5;17.3;17.4;17.6;18.1
2024-04-21 18:22:33;19.3;30.4;28.2;44.0;65.3;72.9;21.4 °C;18.5;17.3;17.4;17.6;18.1
2024-04-21 18:32:33;19.2;30.4;28.2;44.0;65.3;72.9;20.9 °C;18.5;17.3;17.4;17.6;18.1
2024-04-21 18:42:27;19.1;30.4;28.2;44.0;65.3;72.9;19.6 °C;18.5;17.3;17.5;17.6;18.1
2024-04-21 18:52:33;19.1;30.4;28.2;44.0;65.3;72.9;18.4 °C;18.5;17.4;17.5;17.6;18.1
2024-04-21 19:02:28;19.1;30.4;28.2;44.0;65.3;72.9;17.6 °C;18.4;17.4;17.5;17.6;18.1
2024-04-21 19:12:27;19.0;30.3;28.2;44.0;65.3;72.9;17 °C;18.4;17.4;17.5;17.6;18.1
2024-04-21 19:22:28;19.0;30.3;28.2;44.0;65.3;72.9;16.4 °C;18.4;17.4;17.6;17.6;18.1
2024-04-21 19:32:27;19.0;30.3;28.2;44.1;65.3;72.9;15.8 °C;18.3;17.5;17.6;17.6;18.1
2024-04-21 19:42:27;19.0;30.3;28.2;44.0;65.3;72.9;15.3 °C;18.3;17.5;17.6;17.6;18
2024-04-21 19:52:29;19.0;30.3;28.2;44.1;65.3;72.9;14.8 °C;18.2;17.6;17.6;17.6;18.1
2024-04-21 20:02:32;18.9;30.3;28.2;44.0;65.3;72.9;14.4 °C;18.1;17.6;17.6;17.6;18
2024-04-21 20:12:30;18.9;30.3;28.2;44.0;65.3;72.9;13.9 °C;18.1;17.6;17.6;17.6;18
2024-04-21 20:22:27;18.9;30.3;28.2;44.0;65.3;72.9;13.6 °C;17.9;17.6;17.6;17.6;18
2024-04-21 20:32:29;18.9;30.2;28.2;44.1;65.3;72.9;13.2 °C;17.9;17.6;17.6;17.6;18
2024-04-21 20:42:27;18.9;30.2;28.2;44.1;65.3;72.9;12.9 °C;17.8;17.7;17.7;17.6;18
2024-04-21 20:52:33;18.9;30.2;28.2;44.1;65.3;72.9;12.6 °C;17.8;17.7;17.7;17.7;18
2024-04-21 21:02:32;18.9;30.2;28.2;44.1;65.3;72.9;12.4 °C;17.6;17.7;17.7;17.7;18
2024-04-21 21:12:31;18.9;30.2;28.2;44.1;65.3;72.9;12.1 °C;17.6;17.7;17.8;17.7;18
2024-04-21 21:22:28;18.9;30.2;28.2;44.1;65.3;72.9;11.9 °C;17.4;17.7;17.8;17.7;18
2024-04-21 21:32:26;18.9;30.2;28.2;44.1;65.3;72.9;11.7 °C;17.4;17.8;17.8;17.7;18
2024-04-21 21:42:30;18.9;30.2;28.2;44.1;65.3;72.9;11.5 °C;17.3;17.8;17.8;17.7;18
2024-04-21 21:52:31;18.9;30.1;28.2;44.1;65.3;72.9;11.4 °C;17.2;17.8;17.8;17.7;18
2024-04-21 22:02:28;18.9;30.1;28.2;44.1;65.3;72.9;11.2 °C;17.1;17.8;17.8;17.7;18
2024-04-21 22:12:31;18.9;30.1;28.2;44.1;65.3;72.9;11.1 °C;17.1;17.8;17.8;17.7;18
2024-04-21 22:22:34;18.9;30.1;28.2;44.1;65.4;72.9;10.9 °C;17;17.8;17.8;17.7;18
2024-04-21 22:32:29;18.8;30.1;28.2;44.1;65.4;72.9;10.8 °C;16.9;17.8;17.8;17.8;18
2024-04-21 22:42:33;18.9;30.1;28.2;44.1;65.3;72.9;10.6 °C;16.8;17.8;17.8;17.8;18
2024-04-21 22:52:28;18.8;30.1;28.2;44.1;65.4;72.9;10.6 °C;16.8;17.8;17.9;17.8;18
2024-04-21 23:02:26;18.8;30.0;28.2;44.1;65.4;72.9;10.4 °C;16.7;17.7;17.9;17.8;18
2024-04-21 23:12:26;18.8;30.1;28.2;44.1;65.4;72.9;10.3 °C;16.6;17.7;17.9;17.8;18
2024-04-21 23:22:31;18.8;30.0;28.2;44.1;65.3;72.9;10.2 °C;16.5;17.7;17.9;17.8;18
2024-04-21 23:32:28;18.8;30.0;28.2;44.1;65.4;72.9;10 °C;16.4;17.7;17.9;17.8;18
2024-04-21 23:42:30;18.8;30.0;28.2;44.1;65.4;72.9;9.87 °C;16.4;17.7;17.9;17.8;18
2024-04-21 23:52:27;18.9;30.0;28.2;44.1;65.4;72.9;9.75 °C;16.3;17.7;17.9;17.8;18
2024-04-22 00:02:33;18.8;30.0;28.2;44.1;65.4;72.9;9.62 °C;16.3;17.6;17.9;17.8;18
2024-04-22 00:12:33;18.8;30.0;28.2;44.1;65.4;72.9;9.50 °C;16.2;17.6;17.9;17.8;18
2024-04-22 00:22:30;18.8;30.0;28.1;44.1;65.4;72.9;9.31 °C;16.1;17.6;17.9;17.8;18.1
2024-04-22 00:32:33;18.8;30.0;28.2;44.1;65.4;72.9;9.18 °C;16;17.6;17.9;17.8;18.1
2024-04-22 00:42:29;18.8;30.0;28.2;44.1;65.4;72.9;9.06 °C;15.9;17.6;17.9;17.8;18.1
2024-04-22 00:52:28;18.8;30.0;28.2;44.1;65.4;72.9;8.87 °C;15.9;17.6;17.9;17.8;18.1
2024-04-22 01:02:31;18.8;30.0;28.2;44.1;65.4;72.9;8.75 °C;15.8;17.6;17.9;17.8;18.1
2024-04-22 01:12:33;18.8;30.0;28.2;44.1;65.4;72.9;8.62 °C;15.8;17.5;17.9;17.8;18.1
2024-04-22 01:22:33;18.8;30.0;28.1;44.1;65.4;72.9;8.50 °C;15.7;17.5;17.9;17.8;18.1
2024-04-22 01:32:32;18.8;29.9;28.1;44.1;65.4;72.9;8.43 °C;15.6;17.5;17.9;17.8;18.1
2024-04-22 01:42:26;18.8;29.9;28.1;44.1;65.4;72.9;8.31 °C;15.6;17.4;17.9;17.8;18.1
2024-04-22 01:52:30;18.8;29.9;28.1;44.1;65.4;72.9;8.18 °C;15.5;17.4;17.9;17.8;18.1
2024-04-22 02:02:31;18.8;29.9;28.1;44.1;65.4;72.9;8.12 °C;15.4;17.4;17.9;17.8;18.1
2024-04-22 02:12:33;18.8;29.9;28.1;44.1;65.4;72.9;8.06 °C;15.4;17.4;17.9;17.8;18.1
2024-04-22 02:22:33;18.8;30.0;28.5;44.2;65.4;72.9;8 °C;15.3;17.4;17.9;17.8;18.1
2024-04-22 02:32:29;18.8;29.9;28.3;44.2;65.4;72.9;7.93 °C;15.3;17.4;17.9;17.8;18.1
2024-04-22 02:42:28;18.8;29.9;28.3;44.2;65.4;72.9;7.87 °C;15.2;17.3;17.9;17.8;18.1
2024-04-22 02:52:26;18.8;29.9;28.3;44.2;65.4;72.9;7.81 °C;15.1;17.3;17.9;17.8;18.1
2024-04-22 03:02:30;18.8;29.9;28.3;44.2;65.4;72.9;7.68 °C;15.1;17.3;17.9;17.9;18.1
2024-04-22 03:12:26;18.8;29.9;28.3;44.2;65.4;72.9;7.62 °C;15;17.3;17.9;17.9;18.1
2024-04-22 03:22:27;18.8;29.9;28.2;44.2;65.4;72.9;7.50 °C;14.9;17.3;17.9;17.9;18.1
2024-04-22 03:32:28;18.8;29.9;28.3;44.2;65.4;72.9;7.43 °C;14.9;17.2;17.9;17.9;18.1
2024-04-22 03:42:27;18.8;29.9;28.5;44.2;65.4;72.9;7.37 °C;14.8;17.2;17.9;17.9;18.1
2024-04-22 03:52:29;18.8;29.9;28.3;44.2;65.4;72.9;7.25 °C;14.8;17.1;17.9;17.9;18.1
2024-04-22 04:02:32;18.8;29.9;28.3;44.2;65.4;72.9;7.18 °C;14.7;17.1;17.9;17.9;18.1
2024-04-22 04:12:31;18.8;29.9;28.3;44.2;65.4;72.9;7.18 °C;14.6;17.1;17.9;17.9;18.1
2024-04-22 04:22:29;18.8;29.9;28.3;44.2;65.4;72.9;7.12 °C;14.6;17.1;17.9;17.9;18.1
2024-04-22 04:32:32;18.8;29.9;28.3;44.2;65.4;72.9;7.06 °C;14.5;17.1;17.9;17.9;18.1
2024-04-22 04:42:26;18.8;29.9;28.3;44.2;65.4;72.9;7 °C;14.4;17;17.9;17.9;18.1
2024-04-22 04:52:30;18.8;29.9;28.2;44.2;65.4;72.9;6.93 °C;14.4;17;17.9;17.9;18.1
2024-04-22 05:02:26;18.8;29.9;28.3;44.2;65.4;72.9;6.93 °C;14.3;16.9;17.9;17.9;18.1
2024-04-22 05:12:30;18.8;29.8;28.3;44.2;65.4;72.9;6.87 °C;14.3;16.9;17.8;17.9;18.1
2024-04-22 05:22:27;18.8;29.9;28.2;44.2;65.4;72.9;6.81 °C;14.3;16.9;17.8;17.9;18.1
2024-04-22 05:32:32;18.8;29.9;28.3;44.2;65.4;72.9;6.75 °C;14.2;16.9;17.8;17.9;18.1
2024-04-22 05:42:30;18.8;29.9;28.2;44.2;65.4;72.9;6.68 °C;14.1;16.8;17.8;17.9;18.1
2024-04-22 05:52:31;18.8;29.8;28.2;44.2;65.4;72.9;6.68 °C;14.1;16.8;17.8;17.9;18.1
2024-04-22 06:02:28;18.8;29.8;28.3;44.2;65.3;72.9;6.62 °C;14;16.8;17.8;17.9;18.1
2024-04-22 06:12:27;18.8;29.8;28.2;44.2;65.4;72.9;6.56 °C;14;16.8;17.8;17.9;18.1
2024-04-22 06:22:33;18.8;29.8;28.2;44.2;65.4;72.9;6.56 °C;13.9;16.8;17.8;17.9;18.1
2024-04-22 06:32:28;18.8;29.8;28.2;44.2;65.4;72.9;6.62 °C;13.9;16.7;17.8;17.9;18.1
2024-04-22 06:42:30;18.8;29.8;28.2;44.2;65.3;72.9;6.75 °C;13.8;16.7;17.8;17.8;18.1
2024-04-22 06:52:26;18.8;29.8;28.2;44.2;65.4;72.9;6.93 °C;13.8;16.6;17.8;17.8;18.1
2024-04-22 07:02:29;18.9;29.8;28.2;44.2;65.4;72.9;7.12 °C;13.8;16.6;17.7;17.8;18.1
2024-04-22 07:12:26;18.8;29.8;28.2;44.2;65.3;72.9;7.37 °C;13.7;16.6;17.7;17.8;18.1
2024-04-22 07:22:30;18.8;29.8;28.2;44.2;65.3;72.9;7.62 °C;13.6;16.6;17.7;17.8;18.1
2024-04-22 07:32:27;18.9;29.8;28.2;44.2;65.3;72.9;7.93 °C;13.6;16.5;17.7;17.8;18.1
2024-04-22 07:42:32;18.9;29.8;28.2;44.1;65.3;72.9;8.31 °C;13.6;16.5;17.7;17.8;18.1
2024-04-22 07:52:30;18.9;29.8;28.2;44.2;65.3;72.9;8.68 °C;13.6;16.4;17.6;17.8;18.1
2024-04-22 08:02:31;18.9;29.8;28.2;44.2;65.3;72.9;9.06 °C;13.6;16.4;17.6;17.8;18.1
2024-04-22 08:12:28;18.9;29.8;28.2;44.1;65.3;72.9;9.43 °C;13.5;16.4;17.6;17.8;18.1
2024-04-22 08:22:27;19.0;29.8;28.2;44.1;65.3;72.9;9.81 °C;13.5;16.4;17.6;17.8;18.1
2024-04-22 08:32:32;19.0;29.8;28.2;44.2;65.3;72.9;10.4 °C;13.5;16.3;17.6;17.8;18.1
2024-04-22 08:42:26;19.0;29.8;28.2;44.2;65.3;72.9;11.4 °C;13.5;16.3;17.6;17.8;18.1
2024-04-22 08:52:26;19.1;29.8;28.2;44.2;65.3;72.9;12.6 °C;13.5;16.3;17.6;17.8;18.1
2024-04-22 09:02:26;19.1;29.8;28.2;44.2;65.3;72.9;13.8 °C;13.6;16.3;17.6;17.8;18.1
2024-04-22 09:12:29;19.2;29.8;28.2;44.1;65.3;72.9;14.7 °C;13.6;16.3;17.5;17.8;18.1
2024-04-22 09:22:26;19.2;29.9;28.2;44.1;65.3;72.9;15.6 °C;13.6;16.2;17.5;17.8;18.1
2024-04-22 09:32:26;19.2;29.8;28.2;44.1;65.3;72.9;16.6 °C;13.7;16.2;17.5;17.8;18.1
2024-04-22 09:42:26;19.2;29.9;28.2;44.1;65.3;72.9;17.6 °C;13.8;16.1;17.5;17.8;18.1
2024-04-22 09:52:32;19.2;29.9;28.2;44.1;65.3;72.9;18.6 °C;13.9;16.1;17.4;17.8;18.1
2024-04-22 10:02:30;19.2;29.9;28.2;44.1;65.3;72.9;19.6 °C;13.9;16.1;17.4;17.8;18.1
2024-04-22 10:12:27;19.2;29.9;28.2;44.1;65.3;72.9;20.2 °C;14.1;16.1;17.4;17.8;18.1
2024-04-22 10:22:29;19.2;30.0;28.2;44.1;65.3;72.9;21.1 °C;14.2;16.1;17.4;17.8;18.1
2024-04-22 10:32:28;19.2;30.0;28.2;44.1;65.3;72.9;21.8 °C;14.3;16.1;17.4;17.8;18.1
2024-04-22 10:42:27;19.0;30.0;28.2;44.1;65.3;72.9;21.6 °C;14.4;16.1;17.4;17.7;18.1
2024-04-22 10:52:28;19.0;30.0;28.2;44.1;65.3;72.9;21 °C;14.6;16.1;17.4;17.7;18.1
2024-04-22 11:02:29;18.9;30.1;28.2;44.1;65.3;72.9;20.5 °C;14.8;16;17.4;17.7;18.1
2024-04-22 11:12:26;18.8;30.1;28.2;44.1;65.3;72.8;20.4 °C;14.9;16;17.4;17.7;18.1
2024-04-22 11:22:26;18.8;30.1;28.2;44.1;65.3;72.9;20.3 °C;15.1;16;17.3;17.7;18.1
2024-04-22 11:32:27;18.7;30.1;28.2;44.1;65.3;72.9;19.8 °C;15.1;16;17.3;17.7;18.1
2024-04-22 11:42:33;18.7;30.1;28.2;44.1;65.3;72.8;19.8 °C;15.3;16;17.3;17.7;18
2024-04-22 11:52:32;18.6;30.1;28.2;44.1;65.3;72.8;20.4 °C;15.4;16.1;17.3;17.7;18
2024-04-22 12:02:31;18.7;30.1;28.2;44.1;65.3;72.8;21.1 °C;15.4;16.1;17.3;17.6;18
2024-04-22 12:12:29;18.6;30.1;28.2;44.1;65.3;72.8;22 °C;15.6;16.1;17.3;17.6;18
2024-04-22 12:22:29;18.6;30.2;28.2;44.1;65.3;72.9;23.2 °C;15.6;16.1;17.3;17.6;18
2024-04-22 12:32:28;18.6;30.2;28.2;44.1;65.3;72.8;23.4 °C;15.8;16.1;17.3;17.6;18
2024-04-22 12:42:26;18.5;30.2;28.2;44.1;65.3;72.8;24 °C;15.9;16.1;17.3;17.6;18
2024-04-22 12:52:27;18.5;30.2;28.2;44.1;65.3;72.8;24.8 °C;16;16.1;17.3;17.6;18
2024-04-22 13:02:29;18.5;30.2;28.2;44.1;65.2;72.8;25.9 °C;16.1;16.1;17.2;17.6;18
2024-04-22 13:12:26;18.4;30.2;28.2;44.1;65.3;72.8;26.5 °C;16.3;16.1;17.2;17.6;18
2024-04-22 13:22:27;18.3;30.3;28.2;44.1;65.3;72.9;26.2 °C;16.4;16.2;17.2;17.6;18
2024-04-22 13:32:28;18.3;30.3;28.2;44.1;65.3;72.8;26.4 °C;16.6;16.2;17.2;17.6;18
2024-04-22 13:42:27;18.2;30.3;28.2;44.1;65.3;72.8;25.8 °C;16.8;16.2;17.2;17.6;18
2024-04-22 13:52:29;18.2;30.4;28.2;44.1;65.3;72.8;26.8 °C;16.9;16.3;17.2;17.6;18
2024-04-22 14:02:26;18.1;30.4;28.2;44.1;65.3;72.8;27.3 °C;17.1;16.3;17.2;17.6;18
2024-04-22 14:12:27;18.0;30.4;28.2;44.1;65.3;72.8;27.8 °C;17.3;16.3;17.2;17.6;18
2024-04-22 14:22:29;17.9;30.4;28.2;44.1;65.3;72.8;27.8 °C;17.4;16.3;17.2;17.6;18
2024-04-22 14:32:28;17.8;30.4;28.2;44.1;65.3;72.8;27.4 °C;17.6;16.4;17.2;17.6;18
2024-04-22 14:42:30;17.8;30.5;28.2;44.1;65.3;72.8;27.7 °C;17.8;16.4;17.2;17.6;17.9
2024-04-22 14:52:27;17.7;30.5;28.2;44.1;65.2;72.8;28.6 °C;17.9;16.4;17.2;17.6;17.9
2024-04-22 15:02:29;17.7;30.6;28.2;44.0;65.3;72.8;29.3 °C;18.1;16.5;17.2;17.5;17.9
2024-04-22 15:12:26;17.6;30.6;28.3;44.0;65.2;72.9;29.9 °C;18.3;16.6;17.2;17.5;17.9
2024-04-22 15:22:31;17.4;30.6;28.3;44.0;65.2;72.8;30 °C;18.4;16.6;17.2;17.5;17.9
2024-04-22 15:32:28;17.4;30.6;28.3;44.0;65.2;72.8;30.1 °C;18.6;16.6;17.2;17.5;17.9
