Column1;Column2;Column3;Column4;Column5;Column6;Column7;Column10;Column11;Column12;Column13;Column14;Column15
Time;soil_moisture_at_depth_0;soil_moisture_at_depth_1;soil_moisture_at_depth_2;soil_moisture_at_depth_3 ;soil_moisture_at_depth_4;soil_moisture_at_depth_5 ;soil_temperature_at_depth_0;soil_temperature_at_depth_1;soil_temperature_at_depth_2;soil_temperature_at_depth_3 ;soil_temperature_at_depth_4 ;soil_temperature_at_depth_5 
2024-04-02 14:35:37;19.0;30.3;55.5;58.1;42.9;59.1;35.5 °C;36.2;36.3;36.8;37.5;37.4
2024-04-02 14:45:30;18.8;30.1;55.2;57.6;42.7;58.5;29.7 °C;27.8;24.1;23.9;25.9;22.9
2024-04-02 14:55:30;18.7;30.1;55.1;57.3;42.6;58.2;26.3 °C;23.4;20.3;20;21.1;19
2024-04-02 15:05:31;18.7;30.1;55.0;57.2;42.6;58.1;24.3 °C;21.1;18.9;18.6;19.1;17.7
2024-04-02 15:15:30;18.7;30.1;55.0;57.2;42.6;58.0;22.9 °C;19.9;18.3;17.9;18.2;17.1
2024-04-02 15:25:34;18.7;30.1;55;57.2;42.6;58.0;22.1 °C;19.3;17.9;17.6;17.7;16.8
2024-04-02 15:35:31;18.8;30.2;55.0;57.2;42.7;57.9;21.6 °C;18.9;17.8;17.4;17.4;16.6
2024-04-02 15:45:35;18.8;30.2;55.0;57.2;42.7;57.9;21.3 °C;18.7;17.6;17.2;17.2;16.4
2024-04-02 15:55:32;18.8;30.2;55.1;57.3;42.7;58.0;21 °C;18.6;17.6;17.1;17.1;16.3
2024-04-02 16:05:31;18.8;30.3;55.1;57.3;42.7;57.9;20.9 °C;18.5;17.5;17.1;17;16.3
2024-04-02 16:15:33;18.8;30.3;55.1;57.3;42.8;58.0;20.8 °C;18.4;17.5;17;16.9;16.2
2024-04-02 16:25:31;18.8;30.3;55.1;57.3;42.8;57.9;20.7 °C;18.4;17.4;16.9;16.9;16.2
2024-04-02 16:35:28;18.8;30.3;55.1;57.4;42.8;57.9;20.6 °C;18.4;17.4;16.9;16.9;16.1
2024-04-02 16:45:32;18.8;30.3;55.2;57.4;42.8;58.0;20.6 °C;18.4;17.4;16.9;16.8;16.1
2024-04-02 16:55:34;18.9;30.3;55.2;57.4;42.8;58.0;20.5 °C;18.4;17.4;16.9;16.8;16.1
2024-04-02 17:05:31;18.9;30.4;55.2;57.4;42.8;58.0;20.4 °C;18.4;17.4;16.9;16.8;16.1
2024-04-02 17:15:30;18.9;30.4;55.2;57.4;42.9;58.0;20.4 °C;18.5;17.4;16.8;16.8;16
2024-04-02 17:25:30;18.9;30.4;55.2;57.5;42.9;58.0;20.3 °C;18.5;17.4;16.8;16.8;16
2024-04-02 17:35:27;18.9;30.4;55.3;57.5;42.9;58.0;20.3 °C;18.5;17.4;16.8;16.7;16
2024-04-02 17:45:34;18.9;30.4;55.3;57.5;42.9;58.0;20.2 °C;18.5;17.4;16.8;16.7;15.9
2024-04-02 17:55:33;18.9;30.4;55.3;57.4;42.9;58.0;20.1 °C;18.6;17.5;16.8;16.7;15.9
2024-04-02 18:05:28;18.9;30.4;55.4;57.5;42.9;58.0;20 °C;18.6;17.5;16.8;16.7;15.9
2024-04-02 18:15:28;18.9;30.5;55.4;57.5;42.9;58.0;19.9 °C;18.6;17.5;16.8;16.7;15.9
2024-04-02 18:25:34;18.9;30.5;55.4;57.5;42.9;58.0;19.8 °C;18.6;17.5;16.8;16.7;15.9
2024-04-02 18:35:27;18.9;30.5;55.4;57.5;42.9;58.1;19.8 °C;18.6;17.6;16.8;16.6;15.9
2024-04-02 18:45:29;19.0;30.5;55.4;57.5;42.9;58.1;19.7 °C;18.6;17.6;16.8;16.6;15.9
2024-04-02 18:55:33;19.0;30.5;55.4;57.5;42.9;58.1;19.6 °C;18.6;17.6;16.8;16.6;15.9
2024-04-02 19:05:29;19.0;30.5;55.5;57.5;42.9;58.1;19.4 °C;18.6;17.6;16.8;16.6;15.9
2024-04-02 19:15:34;19.0;30.5;55.5;57.5;43.0;58.1;19.4 °C;18.6;17.6;16.8;16.6;15.9
2024-04-02 19:25:33;19.0;30.5;55.5;57.5;43.0;58.1;19.3 °C;18.6;17.6;16.9;16.6;15.9
2024-04-02 19:35:32;19.0;30.6;55.5;57.5;43.0;58.1;19.2 °C;18.6;17.6;16.9;16.6;15.9
2024-04-02 19:45:27;19.0;30.6;55.5;57.5;43.0;58.1;19.1 °C;18.6;17.6;16.9;16.6;15.9
2024-04-02 19:55:35;19.0;30.6;55.5;57.5;43.0;58.1;19 °C;18.6;17.6;16.9;16.6;15.9
2024-04-02 20:05:28;19.0;30.6;55.6;57.5;43.0;58.1;18.9 °C;18.6;17.7;16.9;16.6;15.9
2024-04-02 20:15:31;19.0;30.6;55.6;57.5;43.0;58.1;18.9 °C;18.6;17.7;16.9;16.6;15.9
2024-04-02 20:25:29;19.0;30.6;55.6;57.5;43.0;58.1;18.8 °C;18.6;17.7;16.9;16.6;15.9
2024-04-02 20:35:29;19.0;30.6;55.6;57.5;43.0;58.1;18.7 °C;18.6;17.7;16.9;16.6;15.9
2024-04-02 20:45:33;19.0;30.6;55.6;57.6;43.0;58.2;18.6 °C;18.5;17.7;16.9;16.6;15.9
2024-04-02 20:55:29;19.1;30.6;55.6;57.6;43.0;58.2;18.5 °C;18.5;17.7;16.9;16.6;15.9
2024-04-02 21:05:34;19.1;30.6;55.6;57.6;43.0;58.2;18.4 °C;18.5;17.8;16.9;16.6;15.9
2024-04-02 21:15:34;19.1;30.6;55.7;57.6;43.0;58.2;18.4 °C;18.5;17.8;16.9;16.6;15.9
2024-04-02 21:25:27;19.0;30.6;55.7;57.6;43.0;58.2;18.3 °C;18.4;17.8;16.9;16.6;15.9
2024-04-02 21:35:29;19.1;30.7;55.7;57.6;43.0;58.2;18.3 °C;18.4;17.8;16.9;16.6;15.9
2024-04-02 21:45:29;19.0;30.6;55.7;57.6;43.0;58.2;18.2 °C;18.4;17.8;16.9;16.6;15.9
2024-04-02 21:55:30;19.1;30.7;55.7;57.6;43.0;58.2;18.1 °C;18.4;17.8;16.9;16.6;15.9
2024-04-02 22:05:33;19.1;30.6;55.7;57.6;43.0;58.2;18 °C;18.4;17.8;17;16.6;15.9
2024-04-02 22:15:28;19.1;30.7;55.7;57.6;43.1;58.2;17.9 °C;18.3;17.8;17;16.7;15.9
2024-04-02 22:25:27;19.1;30.7;55.7;57.6;43.1;58.2;17.9 °C;18.3;17.8;17;16.7;15.9
2024-04-02 22:35:29;19.1;30.7;55.7;57.6;43.1;58.2;17.8 °C;18.3;17.8;17;16.7;15.9
2024-04-02 22:45:29;19.1;30.7;55.7;57.6;43.1;58.2;17.8 °C;18.3;17.8;17;16.7;15.9
2024-04-02 22:55:33;19.1;30.7;55.7;57.6;43.1;58.2;17.6 °C;18.3;17.8;17;16.7;15.9
2024-04-02 23:05:34;19.1;30.7;55.7;57.7;43.1;58.2;17.6 °C;18.2;17.8;17;16.7;15.9
2024-04-02 23:15:32;19.1;30.7;55.7;57.6;43.1;58.2;17.5 °C;18.2;17.8;17;16.7;15.9
2024-04-02 23:25:29;19.1;30.7;55.8;57.6;43.1;58.3;17.4 °C;18.1;17.8;17;16.7;15.9
2024-04-02 23:35:32;19.1;30.7;55.8;57.7;43.1;58.3;17.4 °C;18.1;17.8;17;16.7;15.9
2024-04-02 23:45:32;19.1;30.7;55.7;57.7;43.1;58.3;17.3 °C;18.1;17.8;17.1;16.7;15.9
2024-04-02 23:55:34;19.1;30.7;55.8;57.7;43.1;58.3;17.2 °C;18.1;17.8;17.1;16.7;15.9
2024-04-03 00:05:31;19.1;30.7;55.8;57.7;43.1;58.3;17.1 °C;18;17.8;17.1;16.7;15.9
2024-04-03 00:15:34;19.1;30.7;55.8;57.7;43.1;58.3;17.1 °C;18;17.8;17.1;16.7;15.9
2024-04-03 00:25:30;19.1;30.7;55.8;57.7;43.1;58.3;17 °C;17.9;17.8;17.1;16.7;15.9
2024-04-03 00:35:27;19.2;30.7;55.8;57.7;43.1;58.3;16.9 °C;17.9;17.7;17.1;16.8;15.9
2024-04-03 00:45:33;19.2;30.7;55.8;57.7;43.1;58.3;16.9 °C;17.9;17.7;17.1;16.8;15.9
2024-04-03 00:55:30;19.2;30.7;55.8;57.7;43.1;58.3;16.8 °C;17.9;17.7;17.1;16.8;15.9
2024-04-03 01:05:32;19.2;30.7;55.8;57.7;43.1;58.3;16.8 °C;17.8;17.7;17.1;16.8;15.9
2024-04-03 01:15:28;19.2;30.8;55.8;57.7;43.1;58.3;16.7 °C;17.8;17.7;17.1;16.8;15.9
2024-04-03 01:25:33;19.2;30.8;55.8;57.7;43.1;58.3;16.6 °C;17.8;17.7;17.1;16.8;15.9
2024-04-03 01:35:28;19.2;30.7;55.8;57.7;43.1;58.3;16.6 °C;17.7;17.6;17.1;16.8;15.9
2024-04-03 01:45:31;19.2;30.7;55.8;57.7;43.1;58.3;16.5 °C;17.7;17.6;17.1;16.8;15.9
2024-04-03 01:55:31;19.2;30.7;55.8;57.7;43.1;58.3;16.4 °C;17.6;17.6;17.1;16.8;15.9
2024-04-03 02:05:28;19.2;30.7;55.8;57.7;43.1;58.3;16.4 °C;17.6;17.6;17.1;16.8;15.9
2024-04-03 02:15:28;19.2;30.7;55.8;57.7;43.1;58.3;16.3 °C;17.6;17.6;17.1;16.8;15.9
2024-04-03 02:25:34;19.2;30.7;55.8;57.7;43.1;58.3;16.3 °C;17.5;17.6;17.1;16.8;15.9
2024-04-03 02:35:31;19.2;30.7;55.8;57.7;43.1;58.3;16.3 °C;17.5;17.6;17.1;16.8;15.9
2024-04-03 02:45:29;19.2;30.7;55.8;57.7;43.1;58.3;16.2 °C;17.4;17.6;17.1;16.8;15.9
2024-04-03 02:55:34;19.2;30.7;55.8;57.7;43.2;58.4;16.1 °C;17.4;17.6;17.1;16.8;15.9
2024-04-03 03:05:28;19.2;30.7;55.8;57.7;43.1;58.4;16.1 °C;17.4;17.5;17.1;16.8;15.9
2024-04-03 03:15:32;19.2;30.8;55.8;57.7;43.1;58.4;16 °C;17.4;17.5;17.1;16.8;15.9
2024-04-03 03:25:28;19.2;30.8;55.8;57.7;43.1;58.4;15.9 °C;17.3;17.5;17.1;16.8;15.9
2024-04-03 03:35:33;19.2;30.8;55.8;57.7;43.2;58.4;15.9 °C;17.3;17.4;17.1;16.8;15.9
2024-04-03 03:45:28;19.2;30.7;55.8;57.7;43.2;58.4;15.9 °C;17.3;17.4;17.1;16.8;15.9
2024-04-03 03:55:31;19.3;30.7;55.8;57.7;43.1;58.4;15.8 °C;17.2;17.4;17.1;16.8;15.9
2024-04-03 04:05:31;19.3;30.7;55.8;57.7;43.2;58.4;15.8 °C;17.2;17.4;17.1;16.8;15.9
2024-04-03 04:15:28;19.3;30.8;55.8;57.7;43.1;58.4;15.7 °C;17.1;17.4;17;16.8;15.9
2024-04-03 04:25:28;19.3;30.8;55.8;57.7;43.2;58.4;15.7 °C;17.1;17.4;17;16.8;15.9
2024-04-03 04:35:34;19.3;30.8;55.8;57.7;43.2;58.4;15.6 °C;17.1;17.4;17;16.8;15.9
2024-04-03 04:45:31;19.3;30.8;55.8;57.7;43.2;58.4;15.6 °C;17.1;17.4;17;16.8;15.9
2024-04-03 04:55:30;19.3;30.8;55.8;57.7;43.2;58.4;15.5 °C;17;17.3;17;16.8;15.9
2024-04-03 05:05:32;19.3;30.8;55.8;57.7;43.2;58.4;15.5 °C;16.9;17.3;17;16.8;15.9
2024-04-03 05:15:32;19.3;30.8;55.8;57.7;43.2;58.4;15.4 °C;16.9;17.3;17;16.8;15.9
2024-04-03 05:25:32;19.3;30.8;55.8;57.7;43.2;58.4;15.4 °C;16.9;17.3;17;16.8;15.9
2024-04-03 05:35:28;19.3;30.8;55.8;57.7;43.2;58.4;15.4 °C;16.9;17.3;17;16.8;15.9
2024-04-03 05:45:33;19.3;30.8;55.8;57.7;43.2;58.4;15.3 °C;16.8;17.3;17;16.8;15.9
2024-04-03 05:55:32;19.3;30.8;55.8;57.8;43.2;58.4;15.3 °C;16.8;17.2;16.9;16.8;15.9
2024-04-03 06:05:31;19.3;30.8;55.7;57.8;43.2;58.4;15.3 °C;16.8;17.2;16.9;16.8;15.9
2024-04-03 06:15:31;19.3;30.8;55.8;57.8;43.2;58.4;15.2 °C;16.8;17.2;16.9;16.8;15.9
2024-04-03 06:25:28;19.3;30.8;55.8;57.8;43.2;58.4;15.1 °C;16.7;17.1;16.9;16.8;15.9
2024-04-03 06:35:31;19.3;30.7;55.8;57.8;43.2;58.4;15.1 °C;16.7;17.1;16.9;16.8;16
2024-04-03 06:45:34;19.3;30.8;55.8;57.8;43.2;58.4;15.1 °C;16.6;17.1;16.9;16.8;16
2024-04-03 06:55:34;19.3;30.7;55.8;57.8;43.2;58.5;15.1 °C;16.6;17.1;16.9;16.8;16
2024-04-03 07:05:31;19.3;30.8;55.8;57.8;43.2;58.5;15 °C;16.6;17.1;16.9;16.8;16
2024-04-03 07:15:34;19.3;30.8;55.8;57.8;43.2;58.5;15 °C;16.6;17.1;16.9;16.8;16
2024-04-03 07:25:28;19.3;30.8;55.7;57.8;43.2;58.5;14.9 °C;16.5;17;16.9;16.8;16
2024-04-03 07:35:33;19.3;30.8;55.8;57.8;43.2;58.4;14.9 °C;16.5;17;16.9;16.8;16
2024-04-03 07:45:32;19.4;30.8;55.7;57.8;43.2;58.5;14.9 °C;16.4;17;16.9;16.8;16
2024-04-03 07:55:31;19.4;30.8;55.7;57.8;43.2;58.5;14.9 °C;16.4;17;16.9;16.8;16
2024-04-03 08:05:29;19.4;30.8;55.8;57.8;43.2;58.5;14.9 °C;16.4;16.9;16.9;16.8;16
2024-04-03 08:15:30;19.4;30.8;55.8;57.8;43.2;58.5;14.9 °C;16.4;16.9;16.8;16.8;16
2024-04-03 08:25:27;19.4;30.8;55.8;57.7;43.2;58.5;14.9 °C;16.3;16.9;16.8;16.8;16
2024-04-03 08:35:33;19.4;30.8;55.8;57.7;43.2;58.5;14.9 °C;16.3;16.9;16.8;16.8;16
2024-04-03 08:45:34;19.4;30.8;55.7;57.8;43.2;58.5;14.9 °C;16.3;16.9;16.8;16.8;16
2024-04-03 08:55:34;19.4;30.8;55.7;57.8;43.2;58.5;15 °C;16.3;16.9;16.8;16.8;16
2024-04-03 09:05:31;19.4;30.8;55.7;57.7;43.2;58.5;15.1 °C;16.2;16.8;16.8;16.8;16
2024-04-03 09:15:34;19.4;30.8;55.7;57.8;43.2;58.5;15.1 °C;16.2;16.8;16.8;16.8;16
2024-04-03 09:25:28;19.4;30.8;55.7;57.8;43.2;58.5;15.3 °C;16.2;16.8;16.8;16.8;16
2024-04-03 09:35:32;19.4;30.8;55.7;57.8;43.2;58.5;15.3 °C;16.1;16.8;16.8;16.8;16
2024-04-03 09:45:31;19.4;30.8;55.7;57.8;43.2;58.5;15.4 °C;16.1;16.8;16.8;16.8;16
2024-04-03 09:55:33;19.4;30.8;55.7;57.8;43.2;58.5;15.6 °C;16.1;16.8;16.8;16.8;16
2024-04-03 10:05:34;19.4;30.8;55.7;57.8;43.2;58.5;15.6 °C;16.1;16.7;16.8;16.8;16
2024-04-03 10:15:28;19.4;30.8;55.7;57.8;43.2;58.5;15.8 °C;16.1;16.7;16.7;16.7;16
2024-04-03 10:25:32;19.4;30.8;55.7;57.7;43.2;58.5;15.9 °C;16.1;16.7;16.7;16.7;16
2024-04-03 10:35:31;19.4;30.8;55.7;57.7;43.2;58.5;16.1 °C;16.1;16.6;16.7;16.7;16
2024-04-03 10:45:34;19.4;30.8;55.7;57.7;43.2;58.5;16.3 °C;16.1;16.6;16.7;16.7;16
2024-04-03 10:55:34;19.5;30.8;55.7;57.7;43.2;58.5;16.4 °C;16.1;16.6;16.7;16.7;16
2024-04-03 11:05:27;19.5;30.8;55.7;57.8;43.2;58.5;16.5 °C;16.1;16.6;16.6;16.7;16
2024-04-03 11:15:34;19.5;30.8;55.7;57.7;43.2;58.5;16.6 °C;16.1;16.6;16.6;16.7;16
2024-04-03 11:25:28;19.5;30.8;55.7;57.7;43.2;58.5;16.8 °C;16.2;16.6;16.6;16.7;16
2024-04-03 11:35:32;19.5;30.9;55.7;57.7;43.2;58.5;16.8 °C;16.2;16.6;16.6;16.7;16
2024-04-03 11:45:27;19.5;30.9;55.7;57.7;43.2;58.5;16.9 °C;16.2;16.6;16.6;16.7;16
2024-04-03 11:55:33;19.5;30.9;55.7;57.7;43.2;58.5;16.9 °C;16.3;16.6;16.6;16.7;15.9
2024-04-03 12:05:34;19.5;30.9;55.7;57.7;43.2;58.5;17 °C;16.3;16.6;16.6;16.7;16
2024-04-03 12:15:28;19.5;30.9;55.7;57.7;43.2;58.5;17.1 °C;16.3;16.6;16.6;16.6;15.9
2024-04-03 12:25:28;19.5;30.9;55.7;57.7;43.2;58.5;17.3 °C;16.3;16.6;16.6;16.6;15.9
2024-04-03 12:35:31;19.5;30.9;55.7;57.7;43.2;58.5;17.4 °C;16.4;16.6;16.6;16.6;15.9
2024-04-03 12:45:34;19.5;31.0;55.7;57.7;43.2;58.5;17.6 °C;16.4;16.5;16.6;16.6;15.9
2024-04-03 12:55:31;19.5;30.9;55.7;57.7;43.2;58.5;17.7 °C;16.4;16.5;16.6;16.6;15.9
2024-04-03 13:05:29;19.5;30.9;55.7;57.7;43.1;58.5;17.9 °C;16.4;16.5;16.5;16.6;15.9
2024-04-03 13:15:30;19.5;30.9;55.7;57.7;43.2;58.5;18.1 °C;16.5;16.5;16.5;16.6;15.9
2024-04-03 13:25:28;19.5;31.0;55.7;57.7;43.2;58.5;18.3 °C;16.6;16.6;16.5;16.6;15.9
2024-04-03 13:35:32;19.5;31.0;55.7;57.7;43.2;58.5;18.4 °C;16.6;16.6;16.5;16.6;15.9
2024-04-03 13:45:27;19.5;30.9;55.7;57.7;43.2;58.5;18.5 °C;16.6;16.6;16.5;16.6;15.9
2024-04-03 13:55:30;19.5;31.0;55.8;57.7;43.2;58.5;18.6 °C;16.7;16.6;16.5;16.6;15.9
2024-04-03 14:05:32;19.5;31.0;55.8;57.7;43.2;58.5;18.8 °C;16.8;16.6;16.5;16.6;15.9
2024-04-03 14:15:32;19.5;31.0;55.8;57.7;43.2;58.5;18.9 °C;16.8;16.6;16.5;16.6;15.9
2024-04-03 14:25:27;19.5;31.0;55.8;57.7;43.2;58.5;19 °C;16.8;16.6;16.5;16.6;15.9
2024-04-03 14:35:29;19.5;31.0;55.8;57.7;43.2;58.5;19.1 °C;16.9;16.6;16.5;16.6;15.9
2024-04-03 14:45:29;19.6;31.0;55.7;57.7;43.2;58.5;19.1 °C;16.9;16.6;16.5;16.6;15.9
2024-04-03 14:55:29;19.5;31;55.8;57.7;43.2;58.5;19.1 °C;17;16.6;16.5;16.6;15.9
2024-04-03 15:05:34;19.5;31.0;55.8;57.7;43.2;58.5;19.2 °C;17.1;16.6;16.4;16.6;15.9
2024-04-03 15:15:32;19.5;31.1;55.8;57.7;43.2;58.5;19.2 °C;17.1;16.6;16.4;16.6;15.9
2024-04-03 15:25:28;19.4;31.1;55.8;57.7;43.2;58.5;19.2 °C;17.2;16.7;16.4;16.6;15.9
2024-04-03 15:35:27;19.5;31.1;55.8;57.7;43.2;58.5;19.2 °C;17.3;16.7;16.4;16.6;15.9
2024-04-03 15:45:33;19.5;31.1;55.8;57.7;43.2;58.5;19.1 °C;17.3;16.7;16.4;16.6;15.9
2024-04-03 15:55:29;19.5;31.1;55.8;57.7;43.2;58.5;19.1 °C;17.3;16.7;16.4;16.6;15.9
2024-04-03 16:05:33;19.5;31.2;55.8;57.7;43.2;58.5;19.1 °C;17.4;16.8;16.4;16.5;15.9
2024-04-03 16:15:34;19.5;31.1;55.8;57.7;43.2;58.5;19.1 °C;17.4;16.8;16.4;16.5;15.9
2024-04-03 16:25:28;19.4;31.2;55.9;57.7;43.2;58.5;19.1 °C;17.4;16.8;16.4;16.5;15.9
2024-04-03 16:35:28;19.5;31.2;55.8;57.7;43.2;58.5;19 °C;17.5;16.8;16.5;16.5;15.9
2024-04-03 16:45:31;19.4;31.2;55.8;57.7;43.2;58.5;19 °C;17.5;16.8;16.5;16.5;15.9
2024-04-03 16:55:34;19.4;31.1;55.8;57.7;43.2;58.5;19 °C;17.6;16.9;16.5;16.5;15.9
2024-04-03 17:05:31;19.4;31.2;55.9;57.7;43.2;58.5;19 °C;17.6;16.9;16.5;16.5;15.9
2024-04-03 17:15:30;19.4;31.2;55.9;57.7;43.2;58.5;19 °C;17.6;16.9;16.5;16.5;15.9
2024-04-03 17:25:28;19.4;31.2;55.9;57.7;43.2;58.5;18.9 °C;17.6;16.9;16.5;16.5;15.9
2024-04-03 17:35:31;19.5;31.2;55.9;57.7;43.2;58.5;18.9 °C;17.7;16.9;16.5;16.5;15.9
2024-04-03 17:45:33;19.5;31.2;55.9;57.7;43.2;58.5;18.9 °C;17.7;16.9;16.5;16.5;15.9
2024-04-03 17:55:33;19.4;31.2;55.9;57.7;43.2;58.5;18.9 °C;17.7;17;16.5;16.5;15.9
2024-04-03 18:05:34;19.4;31.2;55.9;57.8;43.2;58.5;18.9 °C;17.8;17;16.5;16.5;15.9
2024-04-03 18:15:28;19.4;31.2;55.9;57.7;43.2;58.5;18.9 °C;17.8;17;16.5;16.5;15.9
2024-04-03 18:25:32;19.4;31.2;55.9;57.8;43.2;58.5;18.9 °C;17.8;17.1;16.6;16.5;15.9
2024-04-03 18:35:31;19.4;31.2;55.9;57.8;43.2;58.5;18.8 °C;17.8;17.1;16.6;16.5;15.9
2024-04-03 18:45:33;19.5;31.2;55.9;57.8;43.2;58.5;18.8 °C;17.8;17.1;16.6;16.5;15.9
2024-04-03 18:55:32;19.4;31.2;55.9;57.8;43.2;58.5;18.7 °C;17.8;17.1;16.6;16.5;15.9
2024-04-03 19:05:29;19.4;31.2;55.9;57.8;43.2;58.5;18.6 °C;17.8;17.1;16.6;16.5;15.9
2024-04-03 19:15:30;19.4;31.2;56.0;57.8;43.2;58.5;18.6 °C;17.8;17.1;16.6;16.5;15.9
2024-04-03 19:25:27;19.5;31.2;55.9;57.8;43.2;58.5;18.5 °C;17.9;17.1;16.6;16.5;15.9
2024-04-03 19:35:33;19.5;31.2;55.9;57.8;43.2;58.5;18.4 °C;17.9;17.2;16.6;16.5;15.9
2024-04-03 19:45:33;19.4;31.2;55.9;57.8;43.2;58.5;18.3 °C;17.9;17.2;16.6;16.5;15.9
2024-04-03 19:55:33;19.4;31.3;56.0;57.8;43.2;58.5;18.2 °C;17.9;17.2;16.6;16.5;15.9
2024-04-03 20:05:34;19.4;31.2;55.9;57.8;43.2;58.5;18.1 °C;17.9;17.2;16.6;16.5;15.9
2024-04-03 20:15:28;19.4;31.3;56.0;57.8;43.2;58.5;18 °C;17.9;17.3;16.6;16.5;15.9
2024-04-03 20:25:31;19.4;31.2;56.0;57.8;43.2;58.5;17.9 °C;17.9;17.3;16.6;16.5;15.9
2024-04-03 20:35:31;19.4;31.2;56.0;57.8;43.2;58.5;17.9 °C;17.8;17.3;16.6;16.5;15.9
2024-04-03 20:45:34;19.4;31.2;56.0;57.8;43.2;58.5;17.8 °C;17.8;17.3;16.7;16.5;15.9
2024-04-03 20:55:31;19.4;31.3;56.0;57.8;43.2;58.5;17.7 °C;17.8;17.3;16.7;16.6;15.9
2024-04-03 21:05:34;19.4;31.2;56.0;57.8;43.2;58.5;17.6 °C;17.8;17.3;16.7;16.6;15.9
2024-04-03 21:15:28;19.4;31.2;56.0;57.8;43.2;58.5;17.5 °C;17.8;17.3;16.7;16.6;15.9
2024-04-03 21:25:32;19.4;31.2;56.0;57.8;43.2;58.5;17.4 °C;17.8;17.3;16.7;16.6;15.9
2024-04-03 21:35:31;19.5;31.2;56.0;57.8;43.2;58.5;17.4 °C;17.8;17.3;16.7;16.6;15.9
2024-04-03 21:45:33;19.5;31.2;56.0;57.8;43.2;58.5;17.3 °C;17.8;17.3;16.7;16.6;15.9
2024-04-03 21:55:33;19.5;31.2;56.0;57.8;43.2;58.5;17.3 °C;17.7;17.3;16.8;16.6;15.9
2024-04-03 22:05:30;19.5;31.2;56.0;57.8;43.2;58.5;17.2 °C;17.7;17.3;16.8;16.6;15.9
2024-04-03 22:15:28;19.5;31.2;56.0;57.8;43.2;58.6;17.1 °C;17.7;17.3;16.8;16.6;15.9
2024-04-03 22:25:31;19.5;31.2;56.1;57.9;43.2;58.5;17 °C;17.6;17.3;16.8;16.6;15.9
2024-04-03 22:35:31;19.5;31.2;56.0;57.9;43.2;58.5;16.9 °C;17.6;17.3;16.8;16.6;15.9
2024-04-03 22:45:30;19.6;31.2;56.0;57.8;43.2;58.6;16.9 °C;17.6;17.3;16.8;16.6;15.9
2024-04-03 22:55:31;19.6;31.2;56.0;57.8;43.2;58.5;16.8 °C;17.6;17.3;16.8;16.6;15.9
2024-04-03 23:05:34;19.5;31.2;56.1;57.9;43.2;58.5;16.8 °C;17.6;17.3;16.8;16.6;15.9
2024-04-03 23:15:28;19.5;31.2;56.0;57.9;43.2;58.5;16.7 °C;17.5;17.3;16.8;16.6;15.9
2024-04-03 23:25:27;19.5;31.2;56.1;57.9;43.2;58.6;16.6 °C;17.5;17.3;16.8;16.6;15.9
2024-04-03 23:35:31;19.5;31.2;56.1;57.9;43.2;58.5;16.6 °C;17.4;17.3;16.8;16.6;15.9
2024-04-03 23:45:33;19.5;31.2;56.1;57.9;43.2;58.5;16.5 °C;17.4;17.3;16.8;16.6;15.9
2024-04-03 23:55:31;19.5;31.2;56.1;57.8;43.2;58.5;16.4 °C;17.4;17.3;16.8;16.6;15.9
2024-04-04 00:05:30;19.5;31.2;56.0;57.9;43.2;58.6;16.4 °C;17.4;17.3;16.8;16.6;15.9
2024-04-04 00:15:27;19.5;31.2;56.1;57.9;43.2;58.5;16.3 °C;17.4;17.3;16.8;16.6;15.9
2024-04-04 00:25:32;19.5;31.2;56.0;57.8;43.2;58.5;16.3 °C;17.3;17.3;16.8;16.6;15.9
2024-04-04 00:35:29;19.6;31.2;56.0;57.9;43.2;58.6;16.2 °C;17.3;17.3;16.8;16.6;15.9
2024-04-04 00:45:34;19.5;31.2;56.0;57.9;43.2;58.5;16.1 °C;17.3;17.3;16.8;16.6;15.9
2024-04-04 00:55:32;19.6;31.2;56.0;57.9;43.2;58.6;16.1 °C;17.3;17.3;16.8;16.6;15.9
2024-04-04 01:05:32;19.6;31.2;56.0;57.9;43.2;58.6;16 °C;17.2;17.3;16.8;16.6;15.9
2024-04-04 01:15:28;19.6;31.2;56.0;57.9;43.2;58.6;15.9 °C;17.2;17.3;16.8;16.6;15.9
2024-04-04 01:25:31;19.6;31.2;56.0;57.9;43.2;58.6;15.9 °C;17.1;17.3;16.8;16.6;15.9
2024-04-04 01:35:33;19.6;31.2;56.0;57.9;43.2;58.6;15.9 °C;17.1;17.2;16.8;16.6;15.9
2024-04-04 01:45:28;19.6;31.2;56.0;57.9;43.2;58.6;15.8 °C;17.1;17.2;16.8;16.6;15.9
2024-04-04 01:55:33;19.6;31.2;56.0;57.9;43.2;58.6;15.8 °C;17.1;17.2;16.8;16.6;15.9
2024-04-04 02:05:30;19.6;31.2;56.0;57.9;43.2;58.6;15.7 °C;17;17.2;16.8;16.6;15.9
2024-04-04 02:15:27;19.6;31.2;56.0;57.9;43.2;58.6;15.6 °C;16.9;17.2;16.8;16.6;15.9
2024-04-04 02:25:29;19.6;31.2;56.0;57.9;43.2;58.6;15.6 °C;16.9;17.1;16.8;16.6;15.9
2024-04-04 02:35:28;19.6;31.2;56.0;57.9;43.2;58.6;15.5 °C;16.9;17.1;16.8;16.6;15.9
2024-04-04 02:45:33;19.6;31.2;56.0;57.9;43.2;58.6;15.4 °C;16.9;17.1;16.8;16.6;15.9
2024-04-04 02:55:34;19.6;31.2;56.0;57.8;43.2;58.6;15.4 °C;16.8;17.1;16.8;16.6;15.9
2024-04-04 03:05:32;19.6;31.2;56.0;57.9;43.2;58.6;15.4 °C;16.8;17.1;16.8;16.6;15.9
2024-04-04 03:15:28;19.6;31.2;56.0;57.9;43.2;58.6;15.3 °C;16.8;17.1;16.8;16.7;15.9
2024-04-04 03:25:32;19.6;31.2;56.0;57.8;43.2;58.6;15.3 °C;16.8;17.1;16.8;16.6;15.9
2024-04-04 03:35:31;19.6;31.2;56.0;57.9;43.2;58.6;15.2 °C;16.7;17.1;16.8;16.6;15.9
2024-04-04 03:45:31;19.6;31.2;56.0;57.9;43.2;58.6;15.1 °C;16.7;17.1;16.8;16.7;15.9
2024-04-04 03:55:29;19.6;31.2;56.0;57.9;43.2;58.6;15.1 °C;16.6;17;16.8;16.7;15.9
2024-04-04 04:05:27;19.6;31.2;56.0;57.9;43.2;58.6;15.1 °C;16.6;17;16.8;16.7;15.9
2024-04-04 04:15:34;19.7;31.2;56.0;57.9;43.2;58.6;15 °C;16.6;17;16.8;16.7;15.9
2024-04-04 04:25:26;19.6;31.2;56.0;57.9;43.2;58.6;15 °C;16.6;17;16.8;16.7;15.9
2024-04-04 04:35:29;19.6;31.2;56;57.9;43.2;58.6;14.9 °C;16.5;16.9;16.8;16.7;15.9
2024-04-04 04:45:34;19.6;31.2;56.0;57.9;43.2;58.6;14.9 °C;16.5;16.9;16.8;16.7;15.9
2024-04-04 04:55:28;19.6;31.1;56.0;57.9;43.2;58.6;14.9 °C;16.4;16.9;16.8;16.7;15.9
2024-04-04 05:05:28;19.6;31.2;56.0;57.9;43.2;58.6;14.8 °C;16.4;16.9;16.8;16.7;15.9
2024-04-04 05:15:28;19.6;31.2;55.9;57.9;43.2;58.6;14.8 °C;16.4;16.9;16.8;16.7;15.9
2024-04-04 05:25:32;19.6;31.2;55.9;57.9;43.2;58.6;14.8 °C;16.3;16.9;16.8;16.7;15.9
2024-04-04 05:35:26;19.6;31.2;55.9;57.9;43.2;58.6;14.8 °C;16.3;16.9;16.7;16.7;15.9
2024-04-04 05:45:29;19.6;31.2;55.9;57.8;43.2;58.6;14.7 °C;16.3;16.8;16.7;16.6;15.9
2024-04-04 05:55:34;19.7;31.1;55.9;57.8;43.2;58.6;14.7 °C;16.3;16.8;16.7;16.6;15.9
2024-04-04 06:05:27;19.7;31.2;55.9;57.8;43.2;58.6;14.6 °C;16.2;16.8;16.7;16.6;15.9
2024-04-04 06:15:29;19.7;31.2;55.9;57.9;43.2;58.6;14.6 °C;16.2;16.8;16.7;16.6;15.9
2024-04-04 06:25:33;19.7;31.2;55.9;57.8;43.2;58.6;14.6 °C;16.2;16.8;16.7;16.6;15.9
2024-04-04 06:35:29;19.7;31.1;55.9;57.8;43.2;58.6;14.6 °C;16.1;16.8;16.7;16.6;15.9
2024-04-04 06:45:32;19.7;31.1;55.9;57.9;43.2;58.6;14.5 °C;16.1;16.7;16.7;16.6;15.9
2024-04-04 06:55:33;19.7;31.1;55.9;57.9;43.2;58.6;14.5 °C;16.1;16.7;16.6;16.6;15.9
2024-04-04 07:05:30;19.7;31.1;55.9;57.8;43.2;58.6;14.5 °C;16.1;16.7;16.6;16.6;15.9
2024-04-04 07:25:31;19.7;31.2;55.9;57.8;43.2;58.6;14.4 °C;16;16.6;16.6;16.6;15.9
2024-04-04 07:35:33;19.7;31.2;55.9;57.8;43.2;58.6;14.4 °C;15.9;16.6;16.6;16.6;15.9
2024-04-04 07:45:33;19.7;31.2;55.9;57.8;43.2;58.6;14.4 °C;15.9;16.6;16.6;16.6;15.9
2024-04-04 07:55:29;19.7;31.2;55.9;57.8;43.2;58.6;14.4 °C;15.9;16.6;16.6;16.6;15.9
2024-04-04 08:05:29;19.7;31.2;55.9;57.9;43.2;58.6;14.4 °C;15.9;16.6;16.6;16.6;15.9
2024-04-04 08:15:29;19.7;31.1;55.9;57.9;43.2;58.6;14.4 °C;15.9;16.6;16.6;16.6;15.9
2024-04-04 08:25:28;19.7;31.3;55.9;57.9;43.2;58.6;14.4 °C;15.8;16.5;16.6;16.6;15.9
2024-04-04 08:35:33;19.7;31.3;55.9;57.8;43.2;58.6;14.5 °C;15.8;16.5;16.6;16.6;15.9
2024-04-04 08:45:33;19.7;31.2;55.9;57.8;43.2;58.6;14.6 °C;15.8;16.5;16.6;16.6;15.9
2024-04-04 08:55:31;19.8;31.2;55.9;57.8;43.2;58.6;14.6 °C;15.8;16.4;16.6;16.6;15.9
2024-04-04 09:05:30;19.8;31.2;55.9;57.8;43.2;58.6;14.7 °C;15.8;16.4;16.5;16.6;15.9
2024-04-04 09:15:27;19.8;31.2;55.9;57.8;43.2;58.6;14.8 °C;15.8;16.4;16.5;16.6;15.9
2024-04-04 09:25:31;19.7;31.2;55.8;57.8;43.2;58.6;14.9 °C;15.7;16.4;16.5;16.6;15.9
2024-04-04 09:35:33;19.8;31.2;55.9;57.8;43.2;58.6;14.9 °C;15.7;16.4;16.5;16.6;15.9
2024-04-04 09:45:31;19.7;31.2;55.9;57.8;43.2;58.6;15.1 °C;15.7;16.4;16.5;16.6;15.9
2024-04-04 09:55:30;19.8;31.2;55.9;57.8;43.2;58.6;15.2 °C;15.7;16.4;16.5;16.6;15.9
2024-04-04 10:05:27;19.8;31.1;55.9;57.8;43.2;58.6;15.3 °C;15.7;16.3;16.4;16.6;15.9
2024-04-04 10:15:31;19.8;31.2;55.9;57.8;43.2;58.6;15.4 °C;15.7;16.3;16.4;16.6;15.9
2024-04-04 10:25:34;19.8;31.2;55.9;57.8;43.2;58.6;15.6 °C;15.7;16.3;16.4;16.6;15.9
2024-04-04 10:35:31;19.8;31.2;55.9;57.8;43.2;58.6;15.7 °C;15.7;16.3;16.4;16.6;15.9
2024-04-04 10:45:28;19.8;31.2;55.8;57.8;43.2;58.6;15.8 °C;15.7;16.3;16.4;16.6;15.9
2024-04-04 10:55:29;19.8;31.2;55.8;57.8;43.2;58.6;15.9 °C;15.7;16.3;16.4;16.6;15.9
2024-04-04 11:05:29;19.8;31.2;55.8;57.8;43.2;58.6;16.1 °C;15.7;16.3;16.4;16.6;15.9
2024-04-04 11:15:26;19.8;31.2;55.9;57.8;43.2;58.6;16.2 °C;15.8;16.3;16.4;16.6;15.9
2024-04-04 11:25:29;19.9;31.2;55.8;57.8;43.2;58.6;16.3 °C;15.8;16.3;16.4;16.5;15.9
2024-04-04 11:35:32;19.8;31.2;55.8;57.8;43.2;58.6;16.4 °C;15.8;16.3;16.4;16.5;15.9
2024-04-04 11:45:33;19.8;31.2;55.9;57.8;43.2;58.6;16.4 °C;15.8;16.2;16.4;16.5;15.9
2024-04-04 11:55:33;19.8;31.2;55.9;57.8;43.2;58.6;16.5 °C;15.8;16.2;16.3;16.5;15.9
2024-04-04 12:05:30;19.8;31.2;55.9;57.8;43.2;58.6;16.6 °C;15.9;16.2;16.3;16.5;15.9
2024-04-04 12:15:33;19.8;31.2;55.8;57.8;43.2;58.6;16.7 °C;15.9;16.2;16.3;16.5;15.9
2024-04-04 12:25:28;19.8;31.2;55.9;57.8;43.2;58.6;16.8 °C;15.9;16.2;16.3;16.5;15.9
2024-04-04 12:35:29;19.8;31.2;55.9;57.8;43.2;58.6;17 °C;15.9;16.2;16.3;16.5;15.9
2024-04-04 12:45:30;19.8;31.2;55.9;57.8;43.2;58.6;17.2 °C;16;16.2;16.3;16.5;15.9
2024-04-04 12:55:28;19.9;31.2;55.9;57.8;43.2;58.6;17.4 °C;16;16.2;16.3;16.5;15.9
2024-04-04 13:05:26;19.8;31.2;55.9;57.8;43.2;58.6;17.6 °C;16.1;16.2;16.3;16.4;15.9
2024-04-04 13:15:29;19.9;31.2;55.9;57.8;43.2;58.6;17.8 °C;16.1;16.2;16.3;16.4;15.9
2024-04-04 13:25:34;19.8;31.3;55.9;57.8;43.2;58.6;18 °C;16.1;16.2;16.3;16.4;15.9
2024-04-04 13:35:30;19.9;31.3;55.9;57.7;43.1;58.6;18.3 °C;16.2;16.2;16.3;16.4;15.9
2024-04-04 13:45:29;19.9;31.2;55.9;57.7;43.2;58.6;18.4 °C;16.3;16.2;16.3;16.4;15.9
2024-04-04 13:55:34;19.9;31.3;55.9;57.8;43.2;58.6;18.6 °C;16.3;16.2;16.3;16.4;15.9
2024-04-04 14:05:27;19.8;31.3;55.9;57.8;43.1;58.6;18.8 °C;16.4;16.3;16.3;16.4;15.9
2024-04-04 14:15:31;19.9;31.3;55.9;57.7;43.1;58.6;18.9 °C;16.4;16.3;16.3;16.4;15.9
2024-04-04 14:25:30;20.0;31.3;55.9;57.7;43.2;58.6;19.1 °C;16.5;16.3;16.3;16.4;15.9
2024-04-04 14:35:27;19.9;31.4;55.9;57.7;43.2;58.6;19.3 °C;16.6;16.3;16.3;16.4;15.9
2024-04-04 14:45:26;19.8;31.3;55.9;57.7;43.1;58.6;19.4 °C;16.6;16.3;16.3;16.4;15.9
2024-04-04 14:55:32;19.9;31.4;55.9;57.7;43.2;58.6;19.6 °C;16.7;16.3;16.3;16.4;15.9
2024-04-04 15:05:33;19.9;31.4;55.9;57.8;43.2;58.6;19.8 °C;16.8;16.3;16.2;16.4;15.9
2024-04-04 15:15:33;19.9;31.4;55.9;57.7;43.2;58.6;19.9 °C;16.9;16.3;16.3;16.4;15.9
2024-04-04 15:25:31;19.9;31.4;55.9;57.7;43.2;58.6;20 °C;16.9;16.4;16.3;16.4;15.9
2024-04-04 15:35:33;19.9;31.4;55.9;57.8;43.2;58.6;20.1 °C;17;16.4;16.2;16.4;15.8
2024-04-04 15:45:27;19.9;31.4;55.9;57.8;43.2;58.6;20.2 °C;17.1;16.4;16.3;16.4;15.8
2024-04-04 15:55:34;19.9;31.4;55.9;57.7;43.2;58.6;20.3 °C;17.2;16.4;16.3;16.4;15.8
2024-04-04 16:05:28;19.9;31.4;55.9;57.7;43.2;58.6;20.4 °C;17.3;16.4;16.3;16.4;15.8
2024-04-04 16:15:31;19.8;31.4;55.9;57.8;43.2;58.6;20.4 °C;17.3;16.5;16.3;16.4;15.8
2024-04-04 16:25:27;19.8;31.5;56.0;57.7;43.2;58.6;20.5 °C;17.4;16.5;16.3;16.4;15.8
2024-04-04 16:35:34;19.9;31.5;56.0;57.7;43.2;58.6;20.6 °C;17.5;16.6;16.3;16.4;15.8
2024-04-04 16:45:31;19.8;31.5;56.0;57.7;43.2;58.6;20.6 °C;17.6;16.6;16.3;16.4;15.8
2024-04-04 16:55:30;19.8;31.5;56.0;57.7;43.2;58.6;20.6 °C;17.6;16.6;16.3;16.4;15.8
2024-04-04 17:05:29;19.8;31.5;56.0;57.7;43.2;58.6;20.7 °C;17.7;16.6;16.3;16.4;15.8
2024-04-04 17:15:30;19.9;31.5;56.0;57.7;43.2;58.6;20.7 °C;17.8;16.7;16.3;16.4;15.8
2024-04-04 17:25:27;19.8;31.5;56.0;57.8;43.2;58.6;20.7 °C;17.8;16.7;16.3;16.4;15.8
2024-04-04 17:35:30;19.8;31.6;56.0;57.8;43.2;58.6;20.7 °C;17.9;16.8;16.3;16.4;15.8
2024-04-04 17:45:29;19.8;31.6;56.0;57.8;43.2;58.6;20.6 °C;17.9;16.8;16.3;16.4;15.8
2024-04-04 17:55:34;19.8;31.6;56.0;57.8;43.2;58.6;20.6 °C;18;16.8;16.3;16.4;15.8
2024-04-04 18:05:32;19.8;31.6;56.0;57.8;43.2;58.6;20.5 °C;18.1;16.9;16.3;16.4;15.8
2024-04-04 18:15:31;19.8;31.6;56.0;57.8;43.2;58.6;20.4 °C;18.1;16.9;16.3;16.4;15.8
2024-04-04 18:25:27;19.8;31.6;56.0;57.8;43.2;58.6;20.4 °C;18.1;16.9;16.3;16.4;15.8
2024-04-04 18:35:33;19.8;31.6;56.1;57.8;43.2;58.6;20.3 °C;18.2;16.9;16.4;16.4;15.8
2024-04-04 18:45:26;19.8;31.6;56.0;57.8;43.2;58.6;20.2 °C;18.3;17;16.4;16.4;15.8
2024-04-04 18:55:33;19.7;31.6;56.1;57.8;43.2;58.6;20.1 °C;18.3;17;16.4;16.4;15.8
2024-04-04 19:05:33;19.8;31.6;56.1;57.8;43.2;58.6;20.1 °C;18.3;17.1;16.4;16.4;15.8
2024-04-04 19:15:28;19.8;31.6;56.1;57.8;43.2;58.6;19.9 °C;18.3;17.1;16.4;16.4;15.8
2024-04-04 19:25:27;19.8;31.6;56.1;57.8;43.2;58.6;19.9 °C;18.4;17.1;16.4;16.4;15.8
2024-04-04 19:35:30;19.9;31.6;56.1;57.8;43.2;58.6;19.8 °C;18.4;17.2;16.4;16.4;15.8
2024-04-04 19:45:33;19.9;31.6;56.1;57.8;43.2;58.6;19.7 °C;18.4;17.2;16.4;16.4;15.8
2024-04-04 19:55:33;19.8;31.6;56.1;57.8;43.2;58.6;19.6 °C;18.4;17.3;16.5;16.4;15.8
2024-04-04 20:05:30;19.9;31.6;56.1;57.8;43.2;58.6;19.4 °C;18.4;17.3;16.5;16.4;15.8
2024-04-04 20:15:32;19.9;31.6;56.2;57.8;43.2;58.6;19.4 °C;18.4;17.3;16.5;16.4;15.8
2024-04-04 20:25:29;19.8;31.6;56.2;57.8;43.2;58.6;19.3 °C;18.4;17.3;16.5;16.4;15.8
2024-04-04 20:35:29;19.9;31.6;56.2;57.9;43.2;58.6;19.1 °C;18.4;17.3;16.6;16.4;15.8
2024-04-04 20:45:27;19.8;31.6;56.2;57.9;43.2;58.6;19.1 °C;18.4;17.4;16.6;16.4;15.8
2024-04-04 20:55:33;19.8;31.6;56.2;57.9;43.2;58.6;18.9 °C;18.4;17.4;16.6;16.4;15.8
2024-04-04 21:05:32;19.8;31.6;56.2;57.9;43.2;58.6;18.9 °C;18.4;17.4;16.6;16.4;15.8
2024-04-04 21:15:27;19.8;31.6;56.2;57.9;43.2;58.6;18.8 °C;18.4;17.4;16.6;16.4;15.8
2024-04-04 21:25:26;19.9;31.6;56.2;57.9;43.2;58.6;18.6 °C;18.4;17.4;16.6;16.4;15.8
2024-04-04 21:35:32;19.8;31.6;56.2;57.9;43.2;58.6;18.6 °C;18.4;17.4;16.6;16.4;15.8
2024-04-04 21:45:28;19.8;31.6;56.2;57.9;43.2;58.6;18.4 °C;18.4;17.5;16.7;16.4;15.8
2024-04-04 21:55:34;19.8;31.6;56.2;57.9;43.2;58.6;18.4 °C;18.4;17.5;16.7;16.4;15.8
2024-04-04 22:05:31;19.8;31.6;56.2;57.9;43.2;58.6;18.3 °C;18.4;17.5;16.7;16.4;15.8
2024-04-04 22:15:31;19.8;31.6;56.2;57.9;43.2;58.6;18.2 °C;18.3;17.5;16.7;16.4;15.8
2024-04-04 22:25:29;19.8;31.6;56.3;57.9;43.2;58.6;18.1 °C;18.3;17.6;16.7;16.4;15.8
2024-04-04 22:35:28;19.8;31.6;56.3;57.9;43.2;58.6;18.1 °C;18.3;17.6;16.8;16.5;15.8
2024-04-04 22:45:31;19.8;31.6;56.3;57.9;43.2;58.6;18 °C;18.3;17.6;16.8;16.5;15.8
2024-04-04 22:55:30;19.8;31.6;56.3;57.9;43.2;58.6;17.9 °C;18.3;17.6;16.8;16.5;15.8
2024-04-04 23:05:30;19.8;31.6;56.3;57.9;43.2;58.6;17.8 °C;18.2;17.6;16.8;16.5;15.8
2024-04-04 23:15:31;19.8;31.6;56.3;57.9;43.2;58.6;17.8 °C;18.2;17.6;16.8;16.5;15.8
2024-04-04 23:25:30;19.8;31.6;56.3;57.9;43.2;58.6;17.7 °C;18.2;17.6;16.8;16.5;15.8
2024-04-04 23:35:32;19.8;31.6;56.3;57.9;43.2;58.6;17.6 °C;18.1;17.6;16.8;16.5;15.8
2024-04-04 23:45:33;19.8;31.6;56.3;57.9;43.2;58.6;17.5 °C;18.1;17.6;16.8;16.5;15.8
2024-04-04 23:55:29;19.8;31.6;56.3;57.9;43.2;58.6;17.4 °C;18.1;17.6;16.8;16.6;15.8
2024-04-05 00:05:26;19.8;31.6;56.3;58.0;43.2;58.6;17.4 °C;18.1;17.6;16.8;16.6;15.8
2024-04-05 00:15:33;19.8;31.6;56.3;58.0;43.2;58.6;17.3 °C;18;17.6;16.9;16.6;15.8
2024-04-05 00:25:29;19.9;31.6;56.3;58.0;43.2;58.6;17.3 °C;18;17.6;16.9;16.6;15.8
2024-04-05 00:35:30;19.8;31.6;56.3;57.9;43.2;58.6;17.2 °C;17.9;17.6;16.9;16.6;15.8
2024-04-05 00:45:28;19.9;31.6;56.3;58.0;43.2;58.6;17.1 °C;17.9;17.6;16.9;16.6;15.8
2024-04-05 00:55:28;19.8;31.6;56.3;58.0;43.2;58.6;17.1 °C;17.9;17.6;16.9;16.6;15.8
2024-04-05 01:05:34;19.8;31.6;56.3;58.0;43.2;58.6;17 °C;17.9;17.6;16.9;16.6;15.8
2024-04-05 01:15:27;19.8;31.6;56.3;58.0;43.2;58.6;16.9 °C;17.8;17.6;16.9;16.6;15.8
2024-04-05 01:25:27;19.8;31.6;56.3;58.0;43.2;58.6;16.9 °C;17.8;17.6;16.9;16.6;15.9
2024-04-05 01:35:29;19.8;31.6;56.3;58.0;43.2;58.6;16.8 °C;17.8;17.6;16.9;16.6;15.9
2024-04-05 01:45:27;19.9;31.6;56.3;58.0;43.2;58.6;16.8 °C;17.8;17.6;16.9;16.6;15.9
2024-04-05 01:55:29;19.9;31.5;56.3;58.0;43.2;58.6;16.7 °C;17.7;17.6;16.9;16.6;15.9
2024-04-05 02:05:30;19.9;31.5;56.3;58.0;43.2;58.6;16.6 °C;17.7;17.5;16.9;16.6;15.9
2024-04-05 02:15:28;19.9;31.5;56.2;58.0;43.2;58.6;16.6 °C;17.6;17.5;16.9;16.6;15.9
2024-04-05 02:25:34;19.9;31.6;56.2;58.0;43.2;58.6;16.5 °C;17.6;17.5;16.9;16.6;15.9
2024-04-05 02:35:31;19.9;31.6;56.2;58.0;43.2;58.6;16.4 °C;17.6;17.5;16.9;16.6;15.9
2024-04-05 02:45:30;19.9;31.5;56.3;58.0;43.2;58.6;16.4 °C;17.5;17.5;16.9;16.7;15.9
2024-04-05 02:55:28;19.9;31.5;56.2;58.0;43.2;58.6;16.4 °C;17.5;17.5;16.9;16.7;15.9
2024-04-05 03:05:28;19.9;31.5;56.2;58.0;43.2;58.6;16.3 °C;17.4;17.4;16.9;16.7;15.9
2024-04-05 03:15:29;19.9;31.5;56.2;58.0;43.2;58.6;16.3 °C;17.4;17.4;16.9;16.7;15.9
2024-04-05 03:25:29;19.9;31.5;56.2;58.0;43.2;58.6;16.3 °C;17.4;17.4;16.9;16.7;15.9
2024-04-05 03:35:30;19.9;31.5;56.2;58.0;43.2;58.6;16.2 °C;17.4;17.4;16.9;16.7;15.9
2024-04-05 03:45:29;19.9;31.5;56.2;58.0;43.2;58.6;16.1 °C;17.3;17.4;16.9;16.7;15.9
2024-04-05 03:55:33;20.0;31.5;56.2;58.0;43.2;58.6;16.1 °C;17.3;17.4;16.9;16.7;15.9
2024-04-05 04:05:30;20.0;31.5;56.2;58.0;43.2;58.6;16.1 °C;17.3;17.4;16.9;16.7;15.9
2024-04-05 04:15:33;19.9;31.5;56.2;58.0;43.2;58.6;16 °C;17.3;17.4;16.9;16.7;15.9
2024-04-05 04:25:33;20.0;31.5;56.2;58.0;43.2;58.6;16 °C;17.2;17.4;16.9;16.7;15.9
2024-04-05 04:35:26;19.9;31.5;56.2;58.0;43.2;58.6;15.9 °C;17.2;17.4;16.9;16.7;15.9
2024-04-05 04:45:32;19.9;31.5;56.2;58.0;43.2;58.6;15.9 °C;17.1;17.3;16.9;16.7;15.9
2024-04-05 04:55:30;20.0;31.6;56.2;58.0;43.2;58.6;15.8 °C;17.1;17.3;16.9;16.8;15.9
2024-04-05 05:05:27;20.0;31.5;56.2;58.0;43.2;58.6;15.8 °C;17.1;17.3;16.9;16.8;15.9
2024-04-05 05:15:27;19.9;31.5;56.2;58.0;43.2;58.6;15.7 °C;17.1;17.3;16.9;16.8;15.9
2024-04-05 05:25:33;20.0;31.5;56.2;58.0;43.2;58.6;15.6 °C;17;17.3;16.9;16.8;15.9
2024-04-05 05:35:30;19.9;31.5;56.2;58.0;43.2;58.6;15.6 °C;17;17.3;16.9;16.8;15.9
2024-04-05 05:45:29;20.0;31.5;56.2;58.0;43.2;58.6;15.6 °C;16.9;17.3;16.9;16.8;15.9
2024-04-05 05:55:33;20.0;31.5;56.2;58.0;43.2;58.6;15.5 °C;16.9;17.3;16.9;16.8;15.9
2024-04-05 06:05:27;20.0;31.5;56.2;58.0;43.2;58.6;15.4 °C;16.9;17.2;16.9;16.8;15.9
2024-04-05 06:15:33;20.0;31.5;56.2;58.0;43.2;58.6;15.4 °C;16.9;17.2;16.9;16.8;15.9
2024-04-05 06:25:30;20.0;31.6;56.2;58.0;43.2;58.6;15.3 °C;16.8;17.2;16.9;16.8;15.9
2024-04-05 06:35:33;20.0;31.5;56.2;58.0;43.2;58.6;15.3 °C;16.8;17.1;16.9;16.8;16
2024-04-05 06:45:33;20.0;31.6;56.2;58.0;43.2;58.6;15.3 °C;16.8;17.1;16.9;16.8;16
2024-04-05 06:55:26;20.0;31.5;56.1;58.0;43.2;58.6;15.3 °C;16.7;17.1;16.9;16.8;16
2024-04-05 07:05:34;20.0;31.5;56.1;58.0;43.2;58.6;15.2 °C;16.7;17.1;16.9;16.8;16
2024-04-05 07:15:27;20;31.5;56.1;58.0;43.2;58.6;15.1 °C;16.6;17.1;16.9;16.8;16
2024-04-05 07:25:31;20.0;31.5;56.1;58.0;43.2;58.6;15.1 °C;16.6;17.1;16.9;16.8;16
2024-04-05 07:35:29;20.0;31.5;56.1;58.0;43.2;58.6;15.1 °C;16.6;17.1;16.9;16.8;16
2024-04-05 07:45:27;20.0;31.5;56.1;58.0;43.2;58.6;15.1 °C;16.6;17;16.9;16.8;16
2024-04-05 07:55:29;20.0;31.5;56.1;58.0;43.2;58.6;15.1 °C;16.5;17;16.8;16.8;16
2024-04-05 08:05:27;20.0;31.5;56.1;58.0;43.2;58.6;15.1 °C;16.5;17;16.8;16.8;16
2024-04-05 08:15:29;20.0;31.5;56.1;58.0;43.2;58.6;15.1 °C;16.4;17;16.8;16.8;16
2024-04-05 08:25:31;20;31.4;56.1;58.0;43.2;58.6;15.1 °C;16.4;16.9;16.8;16.8;16
2024-04-05 08:35:29;20;31.4;56.1;57.9;43.2;58.6;15.2 °C;16.4;16.9;16.8;16.8;16
2024-04-05 08:45:30;20.0;31.4;56.1;58.0;43.2;58.6;15.2 °C;16.4;16.9;16.8;16.8;16
2024-04-05 08:55:28;20;31.5;56.1;58.0;43.2;58.6;15.3 °C;16.4;16.9;16.8;16.8;16
2024-04-05 09:05:29;20.0;31.4;56.1;57.9;43.2;58.6;15.4 °C;16.3;16.9;16.8;16.8;16
2024-04-05 09:15:32;20.0;31.5;56.1;58.0;43.2;58.6;15.4 °C;16.3;16.9;16.8;16.8;16
2024-04-05 09:25:31;20.0;31.4;56.1;57.9;43.2;58.6;15.5 °C;16.3;16.8;16.8;16.8;16
2024-04-05 09:35:27;20.0;31.4;56.1;57.9;43.2;58.6;15.6 °C;16.3;16.8;16.8;16.8;16
2024-04-05 09:45:29;20.1;31.4;56.0;57.9;43.2;58.6;15.8 °C;16.3;16.8;16.8;16.8;16
2024-04-05 09:55:26;20.1;31.4;56.0;57.9;43.2;58.6;15.9 °C;16.3;16.8;16.8;16.8;16
2024-04-05 10:05:33;20.1;31.5;56.1;57.9;43.2;58.6;16 °C;16.3;16.8;16.8;16.8;16
2024-04-05 10:15:33;20.1;31.5;56.1;57.9;43.2;58.6;16.1 °C;16.3;16.8;16.8;16.8;16
2024-04-05 10:25:30;20.1;31.5;56.0;57.9;43.2;58.6;16.3 °C;16.3;16.8;16.7;16.7;16
2024-04-05 10:35:29;20.1;31.5;56.0;57.9;43.2;58.6;16.4 °C;16.3;16.8;16.7;16.7;16
2024-04-05 10:45:27;20.1;31.5;56.1;57.9;43.2;58.6;16.6 °C;16.3;16.7;16.7;16.7;16
2024-04-05 10:55:30;20.1;31.5;56.0;57.9;43.2;58.6;16.7 °C;16.3;16.7;16.7;16.7;16
2024-04-05 11:05:32;20.1;31.5;56.0;57.9;43.2;58.6;16.8 °C;16.3;16.7;16.7;16.7;16
2024-04-05 11:15:32;20.1;31.5;56.0;57.9;43.2;58.6;16.9 °C;16.3;16.7;16.7;16.7;16
2024-04-05 11:25:33;20.1;31.5;56.0;57.9;43.2;58.6;17 °C;16.3;16.7;16.7;16.7;16
2024-04-05 11:35:27;20.1;31.5;56.0;57.9;43.2;58.6;17.1 °C;16.3;16.6;16.6;16.7;16
2024-04-05 11:45:31;20.1;31.5;56.0;57.9;43.2;58.6;17.1 °C;16.4;16.6;16.6;16.7;16
2024-04-05 11:55:31;20.1;31.5;56.0;57.9;43.2;58.6;17.2 °C;16.4;16.6;16.6;16.7;16
2024-04-05 12:05:30;20.1;31.5;56.0;57.9;43.2;58.6;17.3 °C;16.4;16.6;16.6;16.7;16
2024-04-05 12:15:28;20.1;31.6;56.0;57.9;43.2;58.6;17.4 °C;16.4;16.6;16.6;16.7;16
2024-04-05 12:25:28;20.1;31.6;56.0;57.9;43.2;58.6;17.6 °C;16.5;16.6;16.6;16.7;16
2024-04-05 12:35:29;20.3;31.6;56.0;57.9;43.2;58.6;17.9 °C;16.5;16.6;16.6;16.7;16
2024-04-05 12:45:26;20.4;31.6;56.0;57.9;43.2;58.6;18.1 °C;16.6;16.6;16.6;16.7;16
2024-04-05 12:55:28;20.4;31.6;56.0;57.9;43.2;58.6;18.3 °C;16.6;16.6;16.6;16.6;16
2024-04-05 13:05:32;20.4;31.6;56.0;57.9;43.2;58.6;18.4 °C;16.6;16.6;16.6;16.6;16
2024-04-05 13:15:32;20.4;31.6;56.0;57.9;43.2;58.6;18.6 °C;16.6;16.6;16.6;16.6;16
2024-04-05 13:25:33;20.4;31.6;56.0;57.9;43.2;58.6;18.9 °C;16.7;16.6;16.6;16.6;16
2024-04-05 13:35:31;20.4;31.6;56.0;57.9;43.2;58.6;19.1 °C;16.8;16.6;16.6;16.6;16
2024-04-05 13:45:31;20.4;31.6;56.0;57.9;43.2;58.6;19.3 °C;16.8;16.6;16.6;16.6;16
2024-04-05 13:55:30;20.4;31.6;56.0;57.9;43.2;58.6;19.4 °C;16.9;16.6;16.6;16.6;16
2024-04-05 14:05:32;20.4;31.6;56.0;57.9;43.2;58.6;19.6 °C;16.9;16.6;16.6;16.6;16
2024-04-05 14:15:29;20.4;31.6;56.0;57.9;43.2;58.6;19.8 °C;17;16.7;16.6;16.6;16
2024-04-05 14:25:27;20.4;31.6;56.0;57.9;43.2;58.6;19.9 °C;17.1;16.7;16.6;16.6;16
2024-04-05 14:35:30;20.4;31.7;56.0;57.9;43.2;58.6;20.1 °C;17.1;16.7;16.6;16.6;16
2024-04-05 14:45:32;20.4;31.7;56.1;57.9;43.2;58.6;20.3 °C;17.2;16.7;16.5;16.6;16
2024-04-05 14:55:33;20.4;31.7;56.1;57.9;43.2;58.6;20.4 °C;17.3;16.8;16.5;16.6;16
2024-04-05 15:05:30;20.4;31.7;56.1;57.9;43.2;58.6;20.4 °C;17.4;16.8;16.6;16.6;16
2024-04-05 15:15:32;20.3;31.7;56.1;57.9;43.2;58.6;20.6 °C;17.4;16.8;16.5;16.6;16
2024-04-05 15:25:29;20.3;31.7;56.0;57.9;43.2;58.6;20.6 °C;17.5;16.8;16.5;16.6;16
2024-04-05 15:35:27;20.3;31.7;56.0;57.9;43.2;58.6;20.7 °C;17.6;16.8;16.6;16.6;16
2024-04-05 15:45:31;20.3;31.7;56.1;57.9;43.2;58.6;20.7 °C;17.7;16.8;16.5;16.6;16
2024-04-05 15:55:31;20.3;31.7;56.1;57.9;43.2;58.6;20.8 °C;17.8;16.9;16.6;16.6;16
2024-04-05 16:05:26;20.4;31.8;56.1;57.9;43.2;58.6;20.8 °C;17.8;16.9;16.6;16.6;15.9
2024-04-05 16:15:29;20.3;31.8;56.1;57.9;43.2;58.6;20.9 °C;17.9;16.9;16.6;16.6;15.9
2024-04-05 16:25:26;20.4;31.8;56.1;57.9;43.2;58.6;20.9 °C;17.9;16.9;16.6;16.6;15.9
2024-04-05 16:35:32;20.4;31.8;56.1;57.9;43.2;58.6;20.9 °C;18;17;16.6;16.6;15.9
2024-04-05 16:45:32;20.4;31.8;56.1;57.9;43.2;58.6;21 °C;18.1;17;16.6;16.6;15.9
2024-04-05 16:55:33;20.4;31.8;56.1;57.9;43.2;58.6;21 °C;18.1;17.1;16.6;16.6;15.9
2024-04-05 17:05:31;20.4;31.8;56.1;57.9;43.2;58.6;21 °C;18.2;17.1;16.6;16.6;15.9
2024-04-05 17:15:30;20.4;31.8;56.1;57.9;43.2;58.6;21 °C;18.3;17.1;16.6;16.6;15.9
2024-04-05 17:25:33;20.4;31.8;56.2;57.9;43.2;58.6;21 °C;18.3;17.1;16.6;16.6;15.9
2024-04-05 17:35:26;20.4;31.8;56.2;57.9;43.2;58.6;21 °C;18.4;17.2;16.6;16.6;15.9
2024-04-05 17:45:32;20.4;31.8;56.2;57.9;43.2;58.6;20.9 °C;18.4;17.2;16.6;16.6;15.9
2024-04-05 17:55:29;20.4;31.9;56.2;57.9;43.2;58.6;20.9 °C;18.4;17.3;16.6;16.6;15.9
2024-04-05 18:05:27;20.5;31.9;56.2;57.9;43.2;58.6;20.9 °C;18.5;17.3;16.6;16.6;15.9
2024-04-05 18:15:27;20.9;31.9;56.2;57.9;43.2;58.6;21 °C;18.6;17.3;16.6;16.6;15.9
2024-04-05 18:25:31;20.9;32.0;56.2;57.9;43.2;58.6;20.9 °C;18.6;17.3;16.7;16.6;15.9
2024-04-05 18:35:26;23.1;31.9;56.3;57.9;43.2;58.6;20.9 °C;18.6;17.4;16.7;16.6;15.9
2024-04-05 18:45:28;23.8;32.0;56.3;57.9;43.2;58.6;20.8 °C;18.7;17.4;16.7;16.6;15.9
2024-04-05 18:55:33;23.9;32.0;56.3;57.9;43.2;58.6;20.7 °C;18.7;17.4;16.7;16.6;15.9
2024-04-05 19:05:27;23.9;32.0;56.2;57.9;43.2;58.6;20.6 °C;18.7;17.4;16.8;16.6;15.9
2024-04-05 19:15:27;23.9;32.0;56.3;57.9;43.2;58.6;20.5 °C;18.8;17.5;16.8;16.6;15.9
2024-04-05 19:25:26;24.2;32.0;56.3;57.9;43.2;58.6;20.4 °C;18.8;17.5;16.8;16.6;15.9
2024-04-05 19:35:32;24.3;32.2;56.3;57.9;43.2;58.6;20.3 °C;18.8;17.6;16.8;16.6;15.9
2024-04-05 19:55:30;24.3;32.0;56.3;57.9;43.1;58.6;20 °C;18.8;17.6;16.8;16.6;15.9
2024-04-05 20:05:29;24.4;32.0;56.3;57.9;43.2;58.6;19.9 °C;18.8;17.6;16.8;16.6;15.9
2024-04-05 20:15:27;24.4;32.0;56.3;58.0;43.2;58.6;19.8 °C;18.8;17.7;16.8;16.6;15.9
2024-04-05 20:25:30;24.7;32.0;56.3;58.0;43.2;58.6;19.7 °C;18.8;17.7;16.8;16.6;15.9
2024-04-05 20:35:32;26.8;32.0;56.4;58.0;43.2;58.6;19.6 °C;18.8;17.7;16.9;16.6;15.9
2024-04-05 20:45:32;26.8;32.0;56.4;58.0;43.1;58.6;19.5 °C;18.8;17.8;16.9;16.6;15.9
2024-04-05 20:55:32;26.9;32.0;56.4;58.0;43.2;58.6;19.4 °C;18.8;17.8;16.9;16.6;15.9
2024-04-05 21:05:28;26.9;32.2;56.4;58.0;43.2;58.6;19.3 °C;18.8;17.8;16.9;16.6;15.9
2024-04-05 21:15:29;27.0;32.0;56.4;58.0;43.2;58.6;19.2 °C;18.8;17.8;16.9;16.7;15.9
2024-04-05 21:25:27;27.0;32.0;56.4;58.0;43.2;58.6;19.1 °C;18.8;17.8;16.9;16.7;15.9
2024-04-05 21:35:30;27.0;32.0;56.4;58.0;43.2;58.6;18.9 °C;18.8;17.8;16.9;16.7;15.9
2024-04-05 21:45:27;27.0;32.0;56.4;58.0;43.2;58.6;18.9 °C;18.8;17.9;16.9;16.7;15.9
2024-04-05 21:55:32;27.2;32.0;56.4;58.0;43.2;58.6;18.8 °C;18.8;17.9;17;16.7;15.9
2024-04-05 22:05:33;27.3;32.0;56.4;58.0;43.2;58.6;18.7 °C;18.8;17.9;17;16.7;15.9
2024-04-05 22:15:26;27.2;32.0;56.4;58.0;43.2;58.6;18.6 °C;18.7;17.9;17;16.7;16
2024-04-05 22:25:28;27.2;32.0;56.4;58.0;43.2;58.6;18.6 °C;18.7;17.9;17;16.7;16
2024-04-05 22:35:28;27.1;32.0;56.4;58.0;43.2;58.6;18.4 °C;18.7;17.9;17.1;16.8;16
2024-04-05 22:45:29;27.2;32.0;56.4;58.0;43.2;58.6;18.4 °C;18.6;17.9;17.1;16.8;16
2024-04-05 22:55:30;27.2;32.0;56.4;58.0;43.2;58.6;18.3 °C;18.6;17.9;17.1;16.8;16
2024-04-05 23:05:29;27.2;32.0;56.4;58.0;43.2;58.6;18.3 °C;18.6;17.9;17.1;16.8;16
2024-04-05 23:15:31;27.2;32.1;56.4;58.0;43.2;58.6;18.2 °C;18.6;17.9;17.1;16.8;16
2024-04-05 23:25:27;27.2;32.0;56.5;58.1;43.2;58.6;18.1 °C;18.6;17.9;17.1;16.8;16
2024-04-05 23:35:30;27.2;31.9;56.4;58.1;43.2;58.6;18 °C;18.5;17.9;17.1;16.8;16
2024-04-05 23:45:28;27.3;32.0;56.4;58.1;43.2;58.6;17.9 °C;18.5;17.9;17.1;16.8;16
2024-04-05 23:55:29;27.3;31.9;56.5;58.1;43.2;58.6;17.9 °C;18.4;17.9;17.1;16.8;16
2024-04-06 00:05:31;27.2;32.0;56.4;58.1;43.2;58.6;17.9 °C;18.4;17.9;17.1;16.8;16
2024-04-06 00:15:31;27.3;31.9;56.5;58.1;43.2;58.6;17.8 °C;18.4;17.9;17.1;16.8;16
2024-04-06 00:25:26;27.3;31.9;56.4;58.1;43.2;58.6;17.8 °C;18.4;17.9;17.2;16.8;16
2024-04-06 00:35:26;27.3;31.9;56.4;58.1;43.2;58.6;17.7 °C;18.3;17.9;17.2;16.8;16
2024-04-06 00:45:33;27.3;31.9;56.4;58.1;43.2;58.6;17.6 °C;18.3;17.9;17.2;16.8;16
2024-04-06 00:55:26;27.4;31.9;56.5;58.1;43.2;58.6;17.6 °C;18.3;17.9;17.2;16.8;16
2024-04-06 01:05:29;27.4;31.9;56.5;58.1;43.2;58.6;17.5 °C;18.3;17.9;17.2;16.8;16.1
2024-04-06 01:15:31;27.4;31.9;56.4;58.1;43.2;58.6;17.4 °C;18.3;17.9;17.2;16.9;16.1
2024-04-06 01:25:31;27.4;31.9;56.4;58.1;43.2;58.6;17.4 °C;18.2;17.9;17.2;16.9;16.1
2024-04-06 01:35:27;27.4;31.9;56.4;58.1;43.2;58.6;17.3 °C;18.2;17.9;17.2;16.9;16.1
2024-04-06 01:45:26;27.3;31.9;56.4;58.1;43.2;58.6;17.3 °C;18.1;17.9;17.2;16.9;16.1
2024-04-06 01:55:32;27.4;31.9;56.4;58.1;43.2;58.6;17.2 °C;18.1;17.9;17.2;16.9;16.1
2024-04-06 02:05:28;27.5;31.9;56.4;58.1;43.2;58.6;17.1 °C;18.1;17.9;17.3;16.9;16.1
2024-04-06 02:15:33;27.3;32.0;56.4;58.1;43.2;58.6;17.1 °C;18.1;17.9;17.3;16.9;16.1
2024-04-06 02:25:31;27.3;32.0;56.4;58.1;43.2;58.6;17 °C;18;17.9;17.3;16.9;16.1
2024-04-06 02:35:30;27.4;31.9;56.4;58.1;43.2;58.6;16.9 °C;18;17.9;17.3;16.9;16.1
2024-04-06 02:45:28;27.4;32.0;56.4;58.1;43.2;58.6;16.9 °C;17.9;17.8;17.3;16.9;16.1
2024-04-06 02:55:28;27.4;32.0;56.4;58.1;43.2;58.6;16.9 °C;17.9;17.8;17.3;16.9;16.1
2024-04-06 03:05:28;27.4;31.9;56.4;58.1;43.2;58.6;16.8 °C;17.9;17.8;17.3;16.9;16.1
2024-04-06 03:15:28;27.4;32.0;56.4;58.1;43.2;58.6;16.8 °C;17.8;17.8;17.3;16.9;16.1
2024-04-06 03:25:33;27.4;32.0;56.4;58.1;43.2;58.6;16.8 °C;17.8;17.8;17.3;16.9;16.1
2024-04-06 03:35:31;27.4;31.9;56.4;58.1;43.2;58.6;16.7 °C;17.8;17.8;17.3;16.9;16.1
2024-04-06 03:45:26;27.4;31.9;56.4;58.1;43.2;58.6;16.7 °C;17.8;17.8;17.3;16.9;16.1
2024-04-06 03:55:27;27.4;31.9;56.4;58.1;43.2;58.6;16.6 °C;17.7;17.8;17.3;16.9;16.1
2024-04-06 04:05:28;27.5;31.9;56.4;58.1;43.2;58.6;16.6 °C;17.7;17.8;17.3;16.9;16.1
2024-04-06 04:15:29;27.4;32.0;56.4;58.1;43.2;58.6;16.6 °C;17.6;17.8;17.3;16.9;16.1
2024-04-06 04:25:29;27.4;32.0;56.4;58.1;43.2;58.6;16.5 °C;17.6;17.7;17.3;16.9;16.1
2024-04-06 04:35:28;27.4;31.9;56.4;58.1;43.2;58.6;16.5 °C;17.6;17.7;17.3;16.9;16.1
2024-04-06 04:45:33;27.4;31.9;56.4;58.1;43.2;58.6;16.4 °C;17.6;17.7;17.3;16.9;16.1
2024-04-06 04:55:30;27.4;31.9;56.4;58.1;43.2;58.6;16.4 °C;17.6;17.7;17.3;17;16.1
2024-04-06 05:05:30;27.4;31.9;56.4;58.1;43.2;58.6;16.4 °C;17.5;17.7;17.3;17;16.1
2024-04-06 05:15:29;27.5;31.9;56.4;58.1;43.2;58.6;16.3 °C;17.5;17.6;17.3;17;16.1
2024-04-06 05:25:26;27.4;31.9;56.3;58.1;43.2;58.6;16.3 °C;17.4;17.6;17.3;17;16.1
2024-04-06 05:35:33;27.4;31.9;56.3;58.1;43.2;58.6;16.3 °C;17.4;17.6;17.2;17;16.1
2024-04-06 05:45:27;27.5;31.9;56.3;58.1;43.2;58.6;16.2 °C;17.4;17.6;17.2;17;16.1
2024-04-06 05:55:26;27.5;31.9;56.4;58.1;43.2;58.6;16.2 °C;17.4;17.6;17.2;17;16.2
2024-04-06 06:05:26;27.5;31.9;56.4;58.1;43.2;58.6;16.1 °C;17.3;17.6;17.2;17;16.2
2024-04-06 06:15:33;27.5;31.9;56.4;58.1;43.2;58.6;16.1 °C;17.3;17.6;17.2;17;16.2
2024-04-06 06:25:29;27.5;31.8;56.4;58.1;43.2;58.6;16.1 °C;17.3;17.6;17.2;17;16.2
2024-04-06 06:35:28;27.5;31.8;56.3;58.1;43.2;58.6;16.1 °C;17.3;17.5;17.2;17;16.2
2024-04-06 06:45:33;27.5;31.8;56.3;58.1;43.2;58.6;16 °C;17.2;17.5;17.2;17;16.2
2024-04-06 06:55:25;27.4;31.8;56.3;58.1;43.2;58.6;16 °C;17.2;17.5;17.2;17;16.2
2024-04-06 07:05:32;27.4;31.9;56.3;58.1;43.2;58.6;15.9 °C;17.2;17.5;17.2;17;16.2
2024-04-06 07:15:33;27.5;31.8;56.3;58.1;43.2;58.6;15.9 °C;17.1;17.4;17.2;17;16.2
2024-04-06 07:25:26;27.5;31.8;56.3;58.1;43.2;58.6;15.9 °C;17.1;17.4;17.2;17;16.2
2024-04-06 07:35:27;27.5;31.8;56.3;58.1;43.2;58.6;15.9 °C;17.1;17.4;17.2;17;16.2
2024-04-06 07:45:28;26.5;31.9;56.3;58.1;43.2;58.7;15.9 °C;17.1;17.4;17.2;17;16.2
2024-04-06 07:55:29;26.6;31.9;56.3;58.1;43.2;58.6;15.9 °C;17.1;17.4;17.1;17;16.2
2024-04-06 08:05:30;20.8;31.8;56.3;58.1;43.2;58.7;15.9 °C;17;17.4;17.1;17;16.2
2024-04-06 08:15:26;20.8;31.8;56.3;58.1;43.2;58.7;15.9 °C;17;17.4;17.1;17;16.2
2024-04-06 08:25:28;20.8;31.8;56.3;58.1;43.2;58.7;15.9 °C;16.9;17.3;17.1;17;16.2
2024-04-06 08:35:30;20.8;31.8;56.3;58.1;43.2;58.7;16 °C;16.9;17.3;17.1;17;16.2
2024-04-06 08:45:32;20.8;31.8;56.3;58.1;43.2;58.7;16.1 °C;16.9;17.3;17.1;17;16.2
2024-04-06 08:55:30;20.8;31.8;56.3;58.1;43.2;58.7;16.1 °C;16.9;17.3;17.1;17;16.2
2024-04-06 09:05:29;20.8;31.8;56.3;58.1;43.2;58.7;16.2 °C;16.9;17.3;17.1;17;16.2
2024-04-06 09:15:27;20.8;31.9;56.3;58.1;43.2;58.7;16.3 °C;16.9;17.3;17.1;17;16.2
2024-04-06 09:25:31;20.7;31.9;56.2;58.0;43.2;58.7;16.4 °C;16.9;17.3;17.1;17;16.2
2024-04-06 09:35:30;20.8;31.9;56.2;58.0;43.2;58.7;16.6 °C;16.8;17.3;17.1;17;16.2
2024-04-06 09:45:26;20.8;31.9;56.2;58.0;43.2;58.7;16.7 °C;16.8;17.2;17.1;17;16.2
2024-04-06 09:55:28;20.8;31.8;56.2;58.0;43.2;58.7;16.8 °C;16.8;17.2;17.1;17;16.2
2024-04-06 10:05:25;20.8;31.8;56.2;58.0;43.2;58.7;16.9 °C;16.8;17.2;17.1;17;16.2
2024-04-06 10:15:31;20.8;31.8;56.2;58.0;43.2;58.7;17.1 °C;16.8;17.2;17.1;17;16.2
2024-04-06 10:25:32;20.8;31.9;56.2;58.0;43.2;58.7;17.3 °C;16.8;17.2;17.1;17;16.3
2024-04-06 10:35:32;20.8;31.9;56.2;58.0;43.2;58.7;17.4 °C;16.8;17.1;17.1;17;16.3
2024-04-06 10:45:31;20.8;31.8;56.2;58.0;43.2;58.7;17.6 °C;16.9;17.1;17;17;16.3
2024-04-06 10:55:28;20.8;31.8;56.2;58.0;43.2;58.7;17.7 °C;16.9;17.1;17;17;16.3
2024-04-06 11:05:29;20.8;31.9;56.2;58.0;43.3;58.6;17.8 °C;16.9;17.1;17;16.9;16.3
2024-04-06 11:15:25;20.8;31.9;56.2;58.0;43.2;58.6;17.9 °C;16.9;17.1;17;16.9;16.3
2024-04-06 11:25:32;20.8;31.9;56.2;58.0;43.2;58.7;18.1 °C;16.9;17.1;17;16.9;16.3
2024-04-06 11:35:33;20.8;31.9;56.2;58.0;43.2;58.7;18.1 °C;16.9;17.1;17;16.9;16.3
2024-04-06 11:45:31;20.8;31.9;56.2;58.0;43.2;58.7;18.2 °C;17;17.1;17;16.9;16.3
2024-04-06 11:55:27;20.7;31.9;56.2;58.0;43.2;58.7;18.3 °C;17;17.1;16.9;16.9;16.3
2024-04-06 12:05:31;20.8;31.9;56.2;58.0;43.2;58.6;18.4 °C;17.1;17.1;16.9;16.9;16.3
2024-04-06 12:15:29;20.8;31.9;56.2;58.0;43.2;58.7;18.6 °C;17.1;17.1;16.9;16.9;16.3
2024-04-06 12:25:32;20.8;31.9;56.2;58.0;43.2;58.6;18.6 °C;17.1;17.1;16.9;16.9;16.3
2024-04-06 12:35:32;20.8;31.9;56.2;58.0;43.2;58.6;18.8 °C;17.1;17.1;16.9;16.9;16.3
2024-04-06 12:45:26;20.9;31.9;56.2;58.0;43.2;58.6;18.9 °C;17.2;17.1;16.9;16.9;16.3
2024-04-06 12:55:33;20.9;31.9;56.2;58.0;43.2;58.7;19.1 °C;17.3;17.1;16.9;16.9;16.2
2024-04-06 13:05:26;20.9;31.9;56.2;58.0;43.2;58.6;19.3 °C;17.3;17.1;16.9;16.9;16.3
2024-04-06 13:25:29;20.9;31.9;56.2;58.0;43.2;58.7;19.6 °C;17.4;17.1;16.9;16.9;16.2
2024-04-06 13:35:27;20.9;32;56.2;58.0;43.2;58.7;19.8 °C;17.4;17.1;16.9;16.9;16.3
2024-04-06 13:45:27;21.0;32.0;56.2;58.0;43.2;58.6;19.9 °C;17.4;17.1;16.9;16.9;16.3
2024-04-06 13:55:31;21.0;32.1;56.2;58.0;43.2;58.7;20.1 °C;17.5;17.1;16.9;16.9;16.2
2024-04-06 14:05:26;20.9;32.0;56.2;58.0;43.2;58.7;20.3 °C;17.6;17.1;16.9;16.9;16.2
2024-04-06 14:15:26;21.0;32.0;56.2;58.0;43.2;58.6;20.4 °C;17.6;17.1;16.9;16.9;16.2
2024-04-06 14:25:29;21.0;32.0;56.2;58.0;43.2;58.7;20.6 °C;17.7;17.2;16.9;16.9;16.2
2024-04-06 14:35:25;21.0;32.0;56.2;58.0;43.2;58.6;20.8 °C;17.8;17.2;16.9;16.9;16.2
2024-04-06 14:45:28;21.0;32.0;56.2;58.0;43.2;58.6;20.9 °C;17.8;17.2;16.9;16.9;16.2
2024-04-06 14:55:33;21.0;32.0;56.2;58.0;43.2;58.7;21 °C;17.9;17.2;16.9;16.9;16.2
2024-04-06 15:05:31;21.0;32.0;56.2;58.0;43.2;58.7;21.1 °C;17.9;17.3;16.9;16.9;16.2
2024-04-06 15:15:26;21.1;32.0;56.2;58.0;43.2;58.7;21.2 °C;18;17.3;16.9;16.9;16.2
2024-04-06 15:25:26;21.1;32.0;56.2;58.0;43.2;58.7;21.3 °C;18.1;17.3;16.9;16.9;16.2
2024-04-06 15:35:33;21.0;32.1;56.2;58.0;43.2;58.6;21.3 °C;18.2;17.3;16.9;16.9;16.2
2024-04-06 15:45:26;21.0;32.1;56.3;58.0;43.2;58.6;21.4 °C;18.3;17.3;16.9;16.9;16.2
2024-04-06 15:55:25;21.0;32.1;56.3;58.0;43.2;58.7;21.4 °C;18.3;17.4;16.9;16.9;16.2
2024-04-06 16:05:28;21.0;32.1;56.3;58.0;43.2;58.6;21.5 °C;18.4;17.4;16.9;16.9;16.2
2024-04-06 16:15:28;21.0;32.1;56.3;58.0;43.2;58.6;21.6 °C;18.4;17.4;16.9;16.9;16.2
2024-04-06 16:25:29;21.0;32.1;56.3;58.0;43.2;58.6;21.6 °C;18.5;17.4;16.9;16.9;16.2
2024-04-06 16:35:28;21.1;32.1;56.3;58.0;43.2;58.7;21.7 °C;18.6;17.4;16.9;16.9;16.2
2024-04-06 16:45:32;21.1;32.1;56.3;58.0;43.2;58.6;21.7 °C;18.6;17.5;16.9;16.9;16.2
2024-04-06 16:55:30;21.1;32.1;56.3;58.0;43.2;58.6;21.8 °C;18.7;17.5;16.9;16.9;16.2
2024-04-06 17:05:33;21.1;32.2;56.3;58.0;43.2;58.7;21.8 °C;18.8;17.6;16.9;16.9;16.2
2024-04-06 17:15:30;21.0;32.2;56.3;58.0;43.2;58.6;21.8 °C;18.8;17.6;16.9;16.9;16.2
2024-04-06 17:25:29;21.1;32.2;56.3;58.0;43.2;58.6;21.8 °C;18.9;17.6;17;16.9;16.2
2024-04-06 17:35:31;21.1;32.2;56.3;58.0;43.2;58.6;21.8 °C;18.9;17.6;17;16.9;16.2
2024-04-06 17:45:28;21.1;32.2;56.3;58.0;43.2;58.7;21.8 °C;19;17.7;17;16.9;16.2
2024-04-06 17:55:28;21.1;32.2;56.3;58.0;43.2;58.6;21.8 °C;19;17.7;17;16.9;16.2
2024-04-06 18:05:26;21.1;32.2;56.4;58.0;43.2;58.7;21.7 °C;19.1;17.8;17;16.9;16.2
2024-04-06 18:15:32;21.1;32.2;56.4;58.0;43.2;58.6;21.6 °C;19.1;17.8;17.1;16.9;16.2
2024-04-06 18:25:29;21.1;32.2;56.4;58.0;43.2;58.6;21.6 °C;19.2;17.8;17.1;16.9;16.2
2024-04-06 18:35:28;21.1;32.2;56.4;58.0;43.2;58.7;21.4 °C;19.2;17.9;17.1;16.9;16.2
2024-04-06 18:45:32;21.1;32.2;56.4;58.0;43.2;58.6;21.4 °C;19.3;17.9;17.1;16.9;16.2
2024-04-06 18:55:26;21.1;32.2;56.4;58.0;43.2;58.6;21.3 °C;19.3;17.9;17.1;16.9;16.2
2024-04-06 19:05:33;21.1;32.2;56.4;58.1;43.2;58.6;21.2 °C;19.3;17.9;17.1;16.9;16.2
2024-04-06 19:15:31;21.1;32.2;56.4;58.1;43.2;58.6;21.1 °C;19.3;18;17.1;16.9;16.2
2024-04-06 19:25:30;21.1;32.2;56.4;58.1;43.2;58.7;21 °C;19.4;18;17.1;16.9;16.2
2024-04-06 19:35:26;21.1;32.2;56.4;58.1;43.2;58.6;20.9 °C;19.4;18.1;17.1;16.9;16.2
2024-04-06 19:45:33;21.0;32.2;56.4;58.1;43.2;58.6;20.8 °C;19.4;18.1;17.2;16.9;16.2
2024-04-06 19:55:27;21.0;32.2;56.5;58.1;43.2;58.7;20.6 °C;19.4;18.1;17.2;16.9;16.2
2024-04-06 20:05:30;21.0;32.2;56.5;58.1;43.2;58.7;20.5 °C;19.4;18.1;17.2;16.9;16.2
2024-04-06 20:15:26;21.1;32.3;56.5;58.1;43.2;58.6;20.4 °C;19.4;18.1;17.2;16.9;16.2
2024-04-06 20:25:32;21.0;32.3;56.5;58.1;43.2;58.6;20.3 °C;19.4;18.2;17.3;16.9;16.2
2024-04-06 20:35:30;21.0;32.3;56.5;58.1;43.2;58.7;20.2 °C;19.4;18.2;17.3;16.9;16.2
2024-04-06 20:45:32;21.0;32.2;56.5;58.1;43.2;58.6;20.1 °C;19.4;18.3;17.3;16.9;16.2
2024-04-06 20:55:30;21.0;32.2;56.5;58.1;43.2;58.6;20 °C;19.4;18.3;17.3;16.9;16.2
2024-04-06 21:05:32;21.0;32.2;56.5;58.1;43.2;58.6;19.9 °C;19.4;18.3;17.3;17;16.2
2024-04-06 21:15:25;21;32.2;56.5;58.1;43.2;58.6;19.8 °C;19.4;18.3;17.3;17;16.2
2024-04-06 21:25:31;21.1;32.2;56.6;58.1;43.2;58.7;19.8 °C;19.4;18.3;17.3;17;16.2
2024-04-06 21:35:28;21.3;32.2;56.6;58.1;43.2;58.6;19.6 °C;19.4;18.3;17.4;17;16.3
2024-04-06 21:45:29;21.0;32.3;56.6;58.1;43.2;58.6;19.6 °C;19.3;18.3;17.4;17;16.3
2024-04-06 21:55:31;21.0;32.2;56.5;58.1;43.2;58.6;19.5 °C;19.3;18.4;17.4;17;16.3
2024-04-06 22:05:30;21.1;32.2;56.5;58.2;43.2;58.6;19.4 °C;19.3;18.4;17.4;17;16.3
2024-04-06 22:15:26;21.0;32.3;56.5;58.2;43.2;58.6;19.3 °C;19.3;18.4;17.4;17;16.3
2024-04-06 22:25:28;21.2;32.2;56.6;58.2;43.2;58.6;19.3 °C;19.3;18.4;17.4;17.1;16.3
2024-04-06 22:35:25;21.1;32.2;56.6;58.2;43.2;58.6;19.2 °C;19.3;18.4;17.4;17.1;16.3
2024-04-06 22:45:33;21.1;32.2;56.6;58.2;43.2;58.6;19.1 °C;19.3;18.4;17.4;17.1;16.3
2024-04-06 22:55:30;21.1;32.2;56.6;58.2;43.2;58.6;19 °C;19.2;18.4;17.4;17.1;16.3
2024-04-06 23:05:25;21.1;32.2;56.6;58.2;43.2;58.6;18.9 °C;19.2;18.4;17.5;17.1;16.3
2024-04-06 23:15:28;21.1;32.2;56.6;58.2;43.2;58.6;18.9 °C;19.1;18.4;17.5;17.1;16.3
2024-04-06 23:25:28;21.0;32.2;56.6;58.2;43.3;58.6;18.8 °C;19.1;18.4;17.5;17.1;16.3
2024-04-06 23:35:25;21.0;32.2;56.6;58.2;43.3;58.7;18.8 °C;19.1;18.4;17.5;17.1;16.3
2024-04-06 23:45:27;21.0;32.2;56.6;58.2;43.2;58.6;18.7 °C;19.1;18.4;17.5;17.1;16.3
2024-04-06 23:55:32;21.1;32.2;56.6;58.2;43.3;58.7;18.6 °C;19.1;18.4;17.6;17.1;16.3
2024-04-07 00:05:33;21.1;32.2;56.6;58.2;43.3;58.6;18.5 °C;19;18.4;17.6;17.1;16.3
2024-04-07 00:15:30;21.1;32.2;56.6;58.2;43.2;58.6;18.4 °C;19;18.4;17.6;17.1;16.3
2024-04-07 00:25:27;21.2;32.2;56.6;58.2;43.3;58.6;18.4 °C;18.9;18.4;17.6;17.1;16.3
2024-04-07 00:35:30;21.1;32.2;56.6;58.2;43.3;58.7;18.3 °C;18.9;18.4;17.6;17.1;16.3
2024-04-07 00:45:30;21.1;32.2;56.6;58.2;43.2;58.6;18.3 °C;18.9;18.4;17.6;17.2;16.3
2024-04-07 00:55:32;21.2;32.2;56.6;58.2;43.2;58.7;18.2 °C;18.9;18.4;17.6;17.2;16.3
2024-04-07 01:05:31;21.2;32.2;56.6;58.2;43.2;58.6;18.1 °C;18.8;18.4;17.6;17.2;16.3
2024-04-07 01:15:30;21.2;32.2;56.6;58.2;43.2;58.7;18.1 °C;18.8;18.4;17.6;17.2;16.3
2024-04-07 01:25:29;21.2;32.2;56.6;58.2;43.2;58.7;18 °C;18.8;18.4;17.6;17.2;16.3
2024-04-07 01:35:31;21.2;32.2;56.6;58.2;43.2;58.7;18 °C;18.8;18.4;17.6;17.2;16.3
2024-04-07 01:45:28;21.3;32.2;56.6;58.2;43.2;58.7;17.9 °C;18.7;18.4;17.6;17.2;16.3
2024-04-07 01:55:29;21.2;32.2;56.6;58.2;43.2;58.7;17.9 °C;18.7;18.4;17.6;17.2;16.3
2024-04-07 02:05:26;21.3;32.1;56.6;58.2;43.3;58.7;17.8 °C;18.6;18.4;17.6;17.3;16.3
2024-04-07 02:15:30;21.3;32.1;56.6;58.2;43.3;58.7;17.8 °C;18.6;18.4;17.6;17.3;16.3
2024-04-07 02:25:27;21.2;32.1;56.5;58.2;43.3;58.7;17.8 °C;18.6;18.4;17.6;17.3;16.4
2024-04-07 02:35:26;21.2;32.1;56.6;58.2;43.3;58.7;17.7 °C;18.6;18.3;17.6;17.3;16.4
2024-04-07 02:45:26;21.2;32.2;56.6;58.2;43.3;58.7;17.7 °C;18.5;18.3;17.6;17.3;16.4
2024-04-07 02:55:32;21.2;32.1;56.6;58.2;43.3;58.7;17.6 °C;18.5;18.3;17.6;17.3;16.4
2024-04-07 03:05:30;21.2;32.1;56.6;58.2;43.3;58.7;17.6 °C;18.4;18.3;17.6;17.3;16.4
2024-04-07 03:15:27;21.2;32.1;56.6;58.3;43.3;58.7;17.5 °C;18.4;18.3;17.6;17.3;16.4
2024-04-07 03:25:26;21.2;32.1;56.6;58.3;43.3;58.7;17.5 °C;18.4;18.3;17.7;17.3;16.4
2024-04-07 03:35:29;21.2;32.1;56.6;58.2;43.3;58.7;17.4 °C;18.4;18.3;17.6;17.3;16.4
2024-04-07 03:45:32;21.3;32.1;56.6;58.2;43.3;58.7;17.4 °C;18.3;18.3;17.6;17.3;16.4
2024-04-07 03:55:31;21.2;32.1;56.6;58.3;43.3;58.7;17.3 °C;18.3;18.3;17.6;17.3;16.4
2024-04-07 04:05:26;21.2;32.1;56.6;58.3;43.3;58.7;17.3 °C;18.3;18.3;17.7;17.3;16.4
2024-04-07 04:15:29;21.2;32.1;56.5;58.2;43.3;58.7;17.3 °C;18.3;18.3;17.6;17.3;16.4
2024-04-07 04:25:31;21.2;32.1;56.5;58.2;43.3;58.7;17.2 °C;18.2;18.2;17.6;17.3;16.4
2024-04-07 04:35:29;21.2;32.1;56.5;58.2;43.3;58.7;17.2 °C;18.2;18.2;17.6;17.3;16.4
2024-04-07 04:45:30;21.2;32.1;56.5;58.2;43.3;58.7;17.1 °C;18.1;18.2;17.6;17.3;16.4
2024-04-07 04:55:29;21.3;32.1;56.5;58.2;43.3;58.7;17.1 °C;18.1;18.2;17.6;17.3;16.4
2024-04-07 05:05:32;21.3;32.1;56.5;58.2;43.3;58.7;17.1 °C;18.1;18.1;17.6;17.3;16.4
2024-04-07 05:15:29;21.2;32.1;56.5;58.2;43.3;58.7;17 °C;18.1;18.1;17.6;17.3;16.4
2024-04-07 05:25:33;21.2;32.1;56.5;58.2;43.3;58.7;17 °C;18.1;18.1;17.6;17.3;16.4
2024-04-07 05:35:27;21.3;32.1;56.5;58.2;43.3;58.7;16.9 °C;18;18.1;17.6;17.3;16.4
2024-04-07 05:45:30;21.3;32.1;56.5;58.2;43.3;58.7;16.9 °C;18;18.1;17.6;17.3;16.4
2024-04-07 05:55:30;21.2;32.1;56.5;58.2;43.3;58.7;16.9 °C;17.9;18.1;17.6;17.3;16.4
2024-04-07 06:05:31;21.3;32.1;56.5;58.2;43.3;58.7;16.8 °C;17.9;18.1;17.6;17.3;16.4
2024-04-07 06:15:26;21.2;32.1;56.5;58.2;43.3;58.7;16.8 °C;17.9;18.1;17.6;17.3;16.4
2024-04-07 06:25:29;21.3;32.1;56.5;58.2;43.3;58.7;16.8 °C;17.9;18.1;17.6;17.3;16.4
2024-04-07 06:35:33;21.3;32.1;56.5;58.2;43.3;58.7;16.8 °C;17.8;18;17.6;17.4;16.4
2024-04-07 06:45:26;21.3;32.1;56.5;58.2;43.3;58.7;16.7 °C;17.8;18;17.6;17.3;16.4
2024-04-07 06:55:26;21.3;32.1;56.5;58.2;43.3;58.7;16.6 °C;17.8;18;17.6;17.4;16.4
2024-04-07 07:05:32;21.2;32.1;56.4;58.2;43.3;58.7;16.6 °C;17.8;18;17.6;17.4;16.5
2024-04-07 07:15:25;21.3;32.1;56.5;58.2;43.3;58.7;16.6 °C;17.8;17.9;17.6;17.4;16.5
2024-04-07 07:25:29;21.4;32.1;56.5;58.2;43.3;58.7;16.6 °C;17.7;17.9;17.6;17.4;16.5
2024-04-07 07:35:30;21.4;32.1;56.5;58.3;43.3;58.7;16.5 °C;17.7;17.9;17.6;17.4;16.5
2024-04-07 07:45:29;21.4;32.1;56.5;58.3;43.3;58.7;16.5 °C;17.6;17.9;17.6;17.4;16.5
2024-04-07 07:55:28;21.3;32.1;56.5;58.3;43.3;58.7;16.5 °C;17.6;17.9;17.6;17.4;16.5
2024-04-07 08:05:30;21.4;32.1;56.4;58.2;43.3;58.7;16.5 °C;17.6;17.9;17.6;17.4;16.5
2024-04-07 08:15:30;21.5;32.1;56.4;58.2;43.3;58.7;16.5 °C;17.6;17.9;17.6;17.4;16.5
2024-04-07 08:25:30;21.3;32.1;56.4;58.2;43.3;58.7;16.6 °C;17.6;17.9;17.6;17.4;16.5
2024-04-07 08:35:26;21.3;32.1;56.4;58.2;43.3;58.7;16.6 °C;17.5;17.8;17.6;17.4;16.5
2024-04-07 08:45:30;21.3;32.1;56.4;58.2;43.3;58.7;16.7 °C;17.5;17.8;17.6;17.4;16.5
2024-04-07 08:55:29;21.3;32.1;56.4;58.2;43.3;58.7;16.8 °C;17.5;17.8;17.6;17.4;16.5
2024-04-07 09:05:31;21.3;32.1;56.4;58.2;43.3;58.7;16.8 °C;17.4;17.8;17.5;17.4;16.5
2024-04-07 09:15:31;21.3;32.1;56.4;58.2;43.3;58.7;16.9 °C;17.4;17.8;17.5;17.4;16.5
2024-04-07 09:25:27;21.5;32.1;56.4;58.2;43.3;58.7;17.1 °C;17.4;17.8;17.5;17.4;16.5
2024-04-07 09:35:27;21.5;32.1;56.4;58.2;43.3;58.7;17.1 °C;17.4;17.8;17.5;17.4;16.5
2024-04-07 09:45:28;21.5;32.1;56.4;58.2;43.3;58.7;17.3 °C;17.4;17.8;17.5;17.3;16.5
2024-04-07 09:55:28;21.5;32.1;56.4;58.2;43.3;58.7;17.4 °C;17.4;17.7;17.5;17.3;16.5
2024-04-07 10:05:29;21.5;32.1;56.4;58.2;43.3;58.7;17.6 °C;17.4;17.7;17.5;17.3;16.5
2024-04-07 10:15:28;21.5;32.1;56.4;58.2;43.3;58.7;17.7 °C;17.4;17.7;17.5;17.3;16.5
2024-04-07 10:25:30;21.5;32.1;56.4;58.2;43.3;58.7;17.8 °C;17.4;17.7;17.4;17.3;16.5
2024-04-07 10:35:27;21.5;32.1;56.4;58.2;43.3;58.7;17.9 °C;17.4;17.6;17.4;17.3;16.5
2024-04-07 10:45:30;21.5;32.1;56.3;58.2;43.3;58.7;18.1 °C;17.4;17.6;17.4;17.3;16.5
2024-04-07 10:55:26;21.5;32.1;56.3;58.2;43.3;58.7;18.3 °C;17.4;17.6;17.4;17.3;16.5
2024-04-07 11:05:32;21.5;32.1;56.4;58.2;43.3;58.7;18.4 °C;17.4;17.6;17.4;17.3;16.5
2024-04-07 11:15:29;21.5;32.1;56.3;58.2;43.3;58.7;18.5 °C;17.4;17.6;17.4;17.3;16.5
2024-04-07 11:25:33;21.5;32.1;56.3;58.2;43.3;58.7;18.6 °C;17.5;17.6;17.4;17.3;16.5
2024-04-07 11:35:30;21.5;32.1;56.3;58.2;43.3;58.7;18.6 °C;17.5;17.6;17.4;17.3;16.5
2024-04-07 11:45:30;21.4;32.1;56.4;58.2;43.3;58.7;18.7 °C;17.5;17.6;17.4;17.3;16.5
2024-04-07 11:55:32;21.4;32.1;56.3;58.2;43.3;58.7;18.8 °C;17.6;17.6;17.4;17.3;16.5
2024-04-07 12:05:25;21.5;32.1;56.4;58.2;43.3;58.7;18.8 °C;17.6;17.6;17.4;17.3;16.5
2024-04-07 12:15:32;21.5;32.1;56.3;58.2;43.3;58.7;18.9 °C;17.6;17.6;17.4;17.3;16.5
2024-04-07 12:25:26;21.4;32.1;56.3;58.2;43.3;58.7;19.1 °C;17.6;17.6;17.4;17.3;16.5
2024-04-07 12:35:30;21.5;32.1;56.3;58.2;43.3;58.7;19.3 °C;17.7;17.6;17.4;17.3;16.5
2024-04-07 12:45:26;21.5;32.1;56.3;58.2;43.3;58.7;19.4 °C;17.7;17.6;17.4;17.3;16.5
2024-04-07 12:55:30;21.5;32.1;56.3;58.2;43.3;58.7;19.6 °C;17.8;17.6;17.4;17.3;16.6
2024-04-07 13:05:28;21.4;32.1;56.3;58.2;43.3;58.7;19.8 °C;17.8;17.6;17.4;17.3;16.5
2024-04-07 13:15:25;21.4;32.1;56.3;58.1;43.3;58.7;20 °C;17.8;17.6;17.4;17.3;16.5
2024-04-07 13:25:28;21.4;32.1;56.3;58.2;43.3;58.7;20.2 °C;17.9;17.6;17.4;17.3;16.5
2024-04-07 13:35:26;21.4;32.1;56.4;58.2;43.3;58.7;20.4 °C;17.9;17.6;17.3;17.3;16.5
2024-04-07 13:45:26;21.4;32.2;56.3;58.2;43.3;58.7;20.6 °C;17.9;17.6;17.3;17.3;16.5
2024-04-07 13:55:25;21.4;32.1;56.3;58.1;43.3;58.7;20.7 °C;18;17.6;17.3;17.3;16.5
2024-04-07 14:05:27;21.4;32.2;56.3;58.1;43.3;58.7;20.9 °C;18.1;17.6;17.3;17.3;16.5
2024-04-07 14:15:32;21.5;32.2;56.3;58.1;43.3;58.7;21.1 °C;18.1;17.6;17.3;17.3;16.5
2024-04-07 14:25:30;21.5;32.2;56.3;58.1;43.3;58.7;21.2 °C;18.2;17.6;17.3;17.3;16.5
2024-04-07 14:35:26;21.5;32.2;56.3;58.1;43.3;58.7;21.3 °C;18.3;17.6;17.3;17.3;16.5
2024-04-07 14:45:26;21.5;32.3;56.3;58.1;43.3;58.7;21.4 °C;18.3;17.7;17.3;17.3;16.5
2024-04-07 14:55:30;21.4;32.2;56.3;58.1;43.3;58.7;21.6 °C;18.4;17.7;17.3;17.3;16.5
2024-04-07 15:05:29;21.6;32.3;56.3;58.1;43.3;58.7;21.7 °C;18.4;17.7;17.3;17.3;16.5
2024-04-07 15:15:28;21.7;32.3;56.4;58.1;43.3;58.7;21.8 °C;18.5;17.8;17.3;17.3;16.5
2024-04-07 15:25:29;21.7;32.2;56.4;58.1;43.3;58.7;21.9 °C;18.6;17.8;17.3;17.3;16.5
2024-04-07 15:35:31;21.7;32.2;56.4;58.1;43.3;58.7;22 °C;18.7;17.8;17.3;17.3;16.5
2024-04-07 15:45:27;21.7;32.2;56.4;58.1;43.3;58.7;22.1 °C;18.8;17.8;17.3;17.3;16.5
2024-04-07 15:55:32;21.6;32.3;56.4;58.1;43.3;58.7;22.1 °C;18.8;17.8;17.3;17.3;16.5
2024-04-07 16:05:28;21.7;32.3;56.4;58.1;43.3;58.7;22.2 °C;18.9;17.8;17.3;17.3;16.5
2024-04-07 16:15:25;21.7;32.3;56.4;58.1;43.2;58.7;22.3 °C;18.9;17.9;17.4;17.3;16.5
2024-04-07 16:25:28;21.7;32.3;56.4;58.1;43.3;58.7;22.3 °C;19;17.9;17.4;17.3;16.5
2024-04-07 16:35:26;21.6;32.4;56.4;58.1;43.3;58.7;22.3 °C;19.1;17.9;17.4;17.3;16.5
2024-04-07 16:55:27;21.6;32.4;56.4;58.1;43.3;58.7;22.4 °C;19.2;18;17.4;17.3;16.5
2024-04-07 17:05:31;21.6;32.4;56.4;58.1;43.3;58.7;22.4 °C;19.3;18;17.4;17.3;16.5
2024-04-07 17:15:32;21.6;32.4;56.4;58.2;43.3;58.7;22.4 °C;19.3;18.1;17.4;17.3;16.5
2024-04-07 17:25:30;21.6;32.4;56.4;58.2;43.2;58.7;22.4 °C;19.4;18.1;17.4;17.3;16.5
2024-04-07 17:35:26;21.6;32.4;56.5;58.2;43.3;58.7;22.4 °C;19.4;18.1;17.4;17.3;16.5
2024-04-07 17:45:29;21.6;32.4;56.5;58.2;43.3;58.7;22.4 °C;19.5;18.1;17.4;17.3;16.5
2024-04-07 17:55:32;21.6;32.3;56.5;58.2;43.2;58.7;22.4 °C;19.6;18.2;17.4;17.3;16.5
2024-04-07 18:05:25;21.7;32.3;56.5;58.2;43.2;58.7;22.3 °C;19.6;18.2;17.4;17.3;16.5
2024-04-07 18:15:28;21.7;32.3;56.5;58.2;43.3;58.7;22.3 °C;19.6;18.3;17.4;17.3;16.5
2024-04-07 18:25:25;21.7;32.4;56.5;58.2;43.3;58.7;22.2 °C;19.7;18.3;17.4;17.3;16.5
2024-04-07 18:35:31;21.7;32.4;56.5;58.2;43.3;58.7;22.1 °C;19.8;18.3;17.5;17.3;16.5
2024-04-07 18:45:31;26.8;32.3;56.5;58.2;43.2;58.7;22.1 °C;19.8;18.4;17.5;17.3;16.5
2024-04-07 18:55:31;27.6;32.4;56.5;58.2;43.3;58.7;22.3 °C;19.8;18.4;17.5;17.3;16.5
2024-04-07 19:05:32;28.1;32.4;56.5;58.2;43.3;58.7;22.1 °C;19.8;18.4;17.5;17.3;16.5
2024-04-07 19:15:26;28.2;32.4;56.6;58.2;43.2;58.7;21.9 °C;19.9;18.4;17.6;17.3;16.5
2024-04-07 19:25:30;28.2;32.4;56.6;58.2;43.2;58.7;21.8 °C;19.9;18.5;17.6;17.3;16.5
2024-04-07 19:35:30;28.4;32.4;56.6;58.2;43.2;58.7;21.6 °C;19.9;18.5;17.6;17.3;16.5
2024-04-07 19:45:30;27.9;32.4;56.6;58.2;43.2;58.7;21.5 °C;19.9;18.6;17.6;17.3;16.5
2024-04-07 19:55:26;28.0;32.4;56.6;58.2;43.3;58.7;21.4 °C;19.9;18.6;17.6;17.3;16.5
2024-04-07 20:05:30;27.9;32.4;56.6;58.2;43.3;58.7;21.3 °C;19.9;18.6;17.6;17.3;16.5
2024-04-07 20:15:30;27.9;32.4;56.6;58.2;43.3;58.7;21.1 °C;19.9;18.6;17.6;17.3;16.5
2024-04-07 20:25:30;27.9;32.4;56.6;58.2;43.3;58.7;21.1 °C;19.9;18.6;17.6;17.3;16.5
2024-04-07 20:35:25;27.9;32.4;56.6;58.2;43.3;58.7;20.9 °C;19.9;18.7;17.7;17.3;16.5
2024-04-07 20:45:31;27.9;32.4;56.6;58.2;43.3;58.7;20.9 °C;19.9;18.7;17.7;17.3;16.5
2024-04-07 20:55:27;27.9;32.4;56.6;58.3;43.3;58.7;20.8 °C;19.9;18.8;17.7;17.3;16.5
2024-04-07 21:05:28;27.9;32.4;56.7;58.3;43.3;58.7;20.6 °C;19.9;18.8;17.7;17.4;16.5
2024-04-07 21:15:30;27.9;32.4;56.7;58.3;43.3;58.7;20.6 °C;19.9;18.8;17.8;17.4;16.6
2024-04-07 21:25:29;28.1;32.4;56.7;58.3;43.3;58.7;20.5 °C;19.9;18.8;17.8;17.4;16.6
2024-04-07 21:35:28;28.1;32.4;56.7;58.3;43.3;58.7;20.4 °C;19.9;18.8;17.8;17.4;16.6
2024-04-07 21:45:30;28.3;32.5;56.7;58.3;43.3;58.7;20.3 °C;19.9;18.8;17.8;17.4;16.6
2024-04-07 21:55:30;28.3;32.4;56.7;58.3;43.3;58.7;20.2 °C;19.9;18.8;17.8;17.4;16.6
2024-04-07 22:05:30;28.2;32.4;56.7;58.3;43.3;58.7;20.1 °C;19.9;18.9;17.8;17.4;16.6
2024-04-07 22:15:25;28.3;32.4;56.7;58.3;43.3;58.7;20.1 °C;19.9;18.9;17.8;17.4;16.6
2024-04-07 22:25:30;28.3;32.4;56.7;58.3;43.3;58.7;20 °C;19.8;18.9;17.9;17.4;16.6
2024-04-07 22:35:27;28.2;32.4;56.7;58.3;43.3;58.7;19.9 °C;19.8;18.9;17.9;17.4;16.6
2024-04-07 22:45:28;28.2;32.4;56.7;58.3;43.3;58.7;19.8 °C;19.8;18.9;17.9;17.4;16.6
2024-04-07 22:55:29;28.2;32.4;56.8;58.3;43.3;58.7;19.8 °C;19.8;18.9;17.9;17.4;16.6
2024-04-07 23:05:31;28.2;32.4;56.7;58.3;43.3;58.7;19.7 °C;19.8;18.9;17.9;17.4;16.6
2024-04-07 23:15:30;28.2;32.4;56.8;58.3;43.3;58.7;19.6 °C;19.8;18.9;17.9;17.4;16.6
2024-04-07 23:25:31;28.2;32.5;56.7;58.3;43.3;58.7;19.6 °C;19.7;18.9;17.9;17.4;16.6
2024-04-07 23:35:28;28.2;32.4;56.8;58.3;43.3;58.7;19.5 °C;19.7;18.9;17.9;17.5;16.6
2024-04-07 23:45:26;28.1;32.4;56.8;58.4;43.3;58.7;19.4 °C;19.6;18.9;17.9;17.5;16.6
2024-04-07 23:55:29;28.2;32.4;56.8;58.4;43.3;58.7;19.3 °C;19.6;18.9;17.9;17.5;16.6
2024-04-08 00:05:30;28.2;32.4;56.8;58.3;43.3;58.7;19.3 °C;19.6;18.9;18;17.5;16.6
2024-04-08 00:15:31;28.1;32.3;56.8;58.3;43.3;58.7;19.2 °C;19.6;18.9;18;17.5;16.6
2024-04-08 00:25:32;28.2;32.3;56.8;58.4;43.3;58.7;19.1 °C;19.6;18.9;18;17.5;16.6
2024-04-08 00:35:25;28.2;32.4;56.8;58.3;43.3;58.7;19 °C;19.5;18.9;18;17.5;16.6
2024-04-08 00:45:31;28.2;32.4;56.8;58.4;43.3;58.7;19 °C;19.5;18.9;18;17.6;16.6
2024-04-08 00:55:26;28.2;32.3;56.8;58.4;43.3;58.7;18.9 °C;19.4;18.9;18;17.6;16.6
2024-04-08 01:05:27;28.2;32.4;56.8;58.4;43.3;58.7;18.9 °C;19.4;18.9;18;17.6;16.6
2024-04-08 01:15:31;28.3;32.3;56.8;58.4;43.3;58.7;18.8 °C;19.4;18.9;18.1;17.6;16.6
2024-04-08 01:25:25;28.2;32.3;56.8;58.4;43.3;58.7;18.8 °C;19.4;18.9;18.1;17.6;16.6
2024-04-08 01:35:28;28.2;32.4;56.7;58.4;43.3;58.7;18.7 °C;19.3;18.9;18.1;17.6;16.6
2024-04-08 01:45:29;28.2;32.4;56.8;58.4;43.3;58.7;18.6 °C;19.3;18.9;18.1;17.6;16.6
2024-04-08 01:55:30;28.2;32.3;56.8;58.4;43.3;58.7;18.6 °C;19.3;18.9;18.1;17.6;16.7
2024-04-08 02:05:31;28.3;32.3;56.7;58.4;43.3;58.7;18.5 °C;19.3;18.9;18.1;17.6;16.7
2024-04-08 02:15:32;28.3;32.3;56.8;58.4;43.3;58.7;18.4 °C;19.2;18.9;18.1;17.6;16.7
2024-04-08 02:25:24;28.3;32.3;56.8;58.4;43.3;58.7;18.4 °C;19.2;18.9;18.1;17.6;16.7
2024-04-08 02:35:31;28.3;32.3;56.7;58.4;43.3;58.7;18.3 °C;19.1;18.9;18.1;17.6;16.7
2024-04-08 02:45:28;28.3;32.3;56.8;58.4;43.3;58.7;18.3 °C;19.1;18.9;18.1;17.6;16.7
2024-04-08 02:55:25;28.3;32.4;56.7;58.4;43.3;58.7;18.2 °C;19.1;18.8;18.1;17.6;16.7
2024-04-08 03:05:27;28.4;32.3;56.7;58.4;43.3;58.7;18.1 °C;19.1;18.8;18.1;17.6;16.7
2024-04-08 03:15:27;28.4;32.3;56.7;58.4;43.3;58.7;18.1 °C;19;18.8;18.1;17.6;16.7
2024-04-08 03:25:31;28.5;32.3;56.7;58.4;43.3;58.7;18 °C;18.9;18.8;18.1;17.6;16.7
2024-04-08 03:35:31;28.5;32.3;56.7;58.4;43.3;58.7;18 °C;18.9;18.8;18.1;17.7;16.7
2024-04-08 03:45:30;28.6;32.3;56.7;58.4;43.3;58.7;17.9 °C;18.9;18.8;18.1;17.7;16.7
2024-04-08 03:55:31;28.5;32.3;56.7;58.4;43.3;58.7;17.9 °C;18.9;18.8;18.1;17.7;16.8
2024-04-08 04:05:28;28.4;32.3;56.7;58.4;43.3;58.7;17.8 °C;18.8;18.8;18.1;17.7;16.8
2024-04-08 04:15:24;28.5;32.3;56.7;58.4;43.3;58.7;17.8 °C;18.8;18.8;18.1;17.7;16.8
2024-04-08 04:25:31;28.3;32.3;56.7;58.4;43.4;58.7;17.8 °C;18.8;18.8;18.1;17.7;16.8
2024-04-08 04:35:27;28.3;32.3;56.7;58.4;43.3;58.7;17.7 °C;18.8;18.7;18.1;17.7;16.8
2024-04-08 04:45:29;28.3;32.3;56.7;58.4;43.4;58.7;17.6 °C;18.7;18.7;18.1;17.7;16.8
2024-04-08 04:55:27;28.4;32.3;56.7;58.4;43.3;58.7;17.6 °C;18.7;18.7;18.1;17.7;16.8
2024-04-08 05:05:25;28.4;32.3;56.7;58.4;43.3;58.7;17.6 °C;18.6;18.7;18.1;17.7;16.8
2024-04-08 05:15:28;28.3;32.3;56.7;58.4;43.3;58.7;17.5 °C;18.6;18.6;18.1;17.7;16.8
2024-04-08 05:25:24;28.4;32.3;56.7;58.4;43.4;58.7;17.4 °C;18.6;18.6;18.1;17.7;16.8
2024-04-08 05:35:27;28.3;32.3;56.7;58.4;43.4;58.7;17.4 °C;18.6;18.6;18.1;17.7;16.8
2024-04-08 05:45:31;28.3;32.4;56.7;58.4;43.3;58.7;17.3 °C;18.5;18.6;18.1;17.8;16.8
2024-04-08 05:55:29;28.3;32.3;56.7;58.4;43.4;58.8;17.3 °C;18.5;18.6;18.1;17.8;16.8
2024-04-08 06:05:28;28.4;32.3;56.7;58.4;43.4;58.7;17.3 °C;18.4;18.6;18.1;17.8;16.8
2024-04-08 06:15:28;28.4;32.2;56.6;58.4;43.3;58.7;17.2 °C;18.4;18.6;18.1;17.8;16.8
2024-04-08 06:25:31;28.4;32.2;56.6;58.4;43.4;58.7;17.1 °C;18.4;18.6;18.1;17.8;16.8
2024-04-08 06:35:28;28.4;32.2;56.6;58.4;43.3;58.7;17.1 °C;18.4;18.5;18.1;17.8;16.8
2024-04-08 06:45:29;28.4;32.2;56.6;58.4;43.3;58.7;17.1 °C;18.3;18.5;18.1;17.8;16.8
2024-04-08 06:55:29;28.3;32.2;56.7;58.4;43.4;58.7;17 °C;18.3;18.5;18.1;17.8;16.8
2024-04-08 07:05:32;28.3;32.2;56.6;58.4;43.3;58.7;16.9 °C;18.3;18.5;18.1;17.8;16.8
2024-04-08 07:15:28;28.3;32.2;56.6;58.4;43.4;58.7;16.9 °C;18.3;18.4;18.1;17.8;16.8
2024-04-08 07:25:31;28.3;32.2;56.6;58.4;43.4;58.7;16.9 °C;18.2;18.4;18.1;17.8;16.8
2024-04-08 07:35:28;26.8;32.2;56.6;58.4;43.4;58.7;16.9 °C;18.2;18.4;18.1;17.8;16.8
2024-04-08 07:45:24;26.9;32.3;56.6;58.4;43.3;58.7;16.8 °C;18.1;18.4;18;17.8;16.8
2024-04-08 08:05:28;21.8;32.2;56.6;58.4;43.4;58.8;16.8 °C;18.1;18.4;18;17.8;16.8
2024-04-08 08:15:29;21.8;32.3;56.6;58.4;43.4;58.8;16.8 °C;18.1;18.4;18;17.8;16.8
2024-04-08 08:25:25;21.8;32.2;56.6;58.4;43.4;58.8;16.9 °C;18;18.3;18;17.8;16.8
2024-04-08 08:35:32;21.8;32.2;56.6;58.4;43.4;58.8;16.9 °C;18;18.3;18;17.8;16.8
2024-04-08 08:45:29;21.8;32.3;56.6;58.4;43.4;58.8;16.9 °C;17.9;18.3;18;17.8;16.8
2024-04-08 08:55:29;21.8;32.2;56.6;58.4;43.4;58.8;17 °C;17.9;18.3;18;17.8;16.8
2024-04-08 09:05:28;21.8;32.2;56.5;58.3;43.4;58.8;17.1 °C;17.9;18.3;18;17.8;16.8
2024-04-08 09:15:25;21.8;32.2;56.5;58.4;43.4;58.8;17.2 °C;17.9;18.3;17.9;17.8;16.9
2024-04-08 09:25:29;21.8;32.2;56.5;58.4;43.4;58.8;17.3 °C;17.9;18.3;17.9;17.8;16.9
2024-04-08 09:35:32;21.8;32.2;56.5;58.3;43.4;58.8;17.4 °C;17.9;18.2;17.9;17.8;16.9
2024-04-08 09:45:28;21.8;32.2;56.5;58.4;43.4;58.8;17.6 °C;17.8;18.2;17.9;17.8;16.9
2024-04-08 09:55:27;21.8;32.2;56.5;58.3;43.4;58.8;17.7 °C;17.8;18.2;17.9;17.8;16.9
2024-04-08 10:05:28;21.8;32.2;56.5;58.4;43.4;58.8;17.9 °C;17.8;18.1;17.9;17.8;16.9
2024-04-08 10:15:25;21.8;32.2;56.5;58.3;43.4;58.8;18.1 °C;17.8;18.1;17.9;17.8;16.9
2024-04-08 10:25:29;21.9;32.2;56.5;58.3;43.4;58.8;18.3 °C;17.8;18.1;17.9;17.8;16.9
2024-04-08 10:35:28;21.9;32.2;56.5;58.3;43.4;58.8;18.4 °C;17.8;18.1;17.9;17.8;16.9
2024-04-08 10:45:28;21.9;32.2;56.5;58.3;43.4;58.8;18.6 °C;17.8;18.1;17.9;17.8;16.9
2024-04-08 10:55:27;21.8;32.2;56.5;58.3;43.3;58.8;18.8 °C;17.9;18.1;17.9;17.8;16.9
2024-04-08 11:05:27;21.9;32.2;56.5;58.3;43.4;58.8;18.9 °C;17.9;18.1;17.9;17.8;16.9
2024-04-08 11:15:28;21.9;32.2;56.5;58.3;43.4;58.8;19.1 °C;17.9;18.1;17.9;17.8;16.9
2024-04-08 11:25:31;21.9;32.2;56.5;58.3;43.4;58.8;19.1 °C;17.9;18.1;17.9;17.7;16.9
2024-04-08 11:35:30;21.9;32.2;56.4;58.3;43.4;58.8;19.1 °C;17.9;18.1;17.9;17.7;16.9
2024-04-08 11:45:31;21.9;32.2;56.5;58.3;43.4;58.8;19.2 °C;17.9;18;17.8;17.7;16.9
2024-04-08 11:55:28;21.9;32.2;56.4;58.3;43.4;58.8;19.2 °C;18;18;17.8;17.7;16.9
2024-04-08 12:05:26;21.9;32.2;56.4;58.3;43.3;58.8;19.3 °C;18;18;17.8;17.7;16.9
2024-04-08 12:15:29;21.9;32.2;56.4;58.3;43.3;58.8;19.4 °C;18.1;18;17.8;17.7;16.9
2024-04-08 12:25:29;21.9;32.2;56.5;58.3;43.3;58.8;19.6 °C;18.1;18;17.8;17.7;16.9
2024-04-08 12:35:28;21.9;32.2;56.4;58.3;43.3;58.8;19.7 °C;18.1;18;17.8;17.7;16.9
2024-04-08 12:45:29;21.9;32.3;56.4;58.3;43.3;58.8;19.9 °C;18.1;18;17.8;17.7;16.9
2024-04-08 12:55:28;21.9;32.2;56.4;58.3;43.3;58.8;20.1 °C;18.2;18;17.8;17.7;16.9
2024-04-08 13:05:30;21.8;32.2;56.4;58.3;43.3;58.8;20.3 °C;18.2;18;17.8;17.7;16.9
2024-04-08 13:15:30;21.8;32.2;56.4;58.3;43.3;58.8;20.4 °C;18.3;18;17.8;17.7;16.9
2024-04-08 13:25:27;21.8;32.2;56.4;58.3;43.3;58.8;20.6 °C;18.3;18;17.8;17.7;16.9
2024-04-08 13:35:27;21.9;32.3;56.4;58.3;43.3;58.8;20.8 °C;18.3;18;17.8;17.7;16.9
2024-04-08 13:45:25;21.8;32.2;56.4;58.3;43.3;58.7;20.9 °C;18.4;18.1;17.8;17.7;16.9
2024-04-08 13:55:31;21.8;32.3;56.4;58.3;43.3;58.8;21.1 °C;18.4;18.1;17.8;17.7;16.9
2024-04-08 14:05:28;21.8;32.3;56.4;58.3;43.3;58.8;21.2 °C;18.5;18.1;17.8;17.7;16.9
2024-04-08 14:15:26;21.8;32.3;56.4;58.3;43.3;58.8;21.3 °C;18.6;18.1;17.8;17.7;16.9
2024-04-08 14:25:31;21.8;32.3;56.4;58.3;43.3;58.8;21.4 °C;18.6;18.1;17.8;17.6;16.9
2024-04-08 14:35:28;21.9;32.3;56.4;58.3;43.3;58.8;21.6 °C;18.7;18.1;17.8;17.6;16.9
2024-04-08 14:45:25;21.8;32.3;56.4;58.3;43.3;58.7;21.7 °C;18.8;18.1;17.8;17.6;16.9
2024-04-08 14:55:25;21.9;32.3;56.4;58.3;43.3;58.8;21.8 °C;18.8;18.1;17.8;17.6;16.9
2024-04-08 15:05:31;21.9;32.3;56.4;58.3;43.3;58.7;21.9 °C;18.9;18.1;17.8;17.6;16.9
2024-04-08 15:15:29;21.8;32.3;56.5;58.3;43.3;58.7;22 °C;18.9;18.1;17.8;17.6;16.9
2024-04-08 15:25:28;21.9;32.3;56.5;58.3;43.3;58.7;22.1 °C;19;18.2;17.8;17.6;16.9
2024-04-08 15:35:30;21.9;32.3;56.5;58.3;43.3;58.7;22.1 °C;19.1;18.2;17.8;17.6;16.9
2024-04-08 15:45:29;21.9;32.4;56.5;58.3;43.3;58.7;22.2 °C;19.1;18.3;17.8;17.6;16.9
2024-04-08 15:55:29;21.9;32.4;56.5;58.3;43.3;58.7;22.3 °C;19.3;18.3;17.8;17.6;16.9
2024-04-08 16:05:27;21.9;32.4;56.5;58.3;43.3;58.7;22.3 °C;19.3;18.3;17.8;17.6;16.9
2024-04-08 16:15:25;21.9;32.4;56.5;58.3;43.3;58.8;22.3 °C;19.4;18.3;17.8;17.6;16.9
2024-04-08 16:25:31;21.9;32.4;56.5;58.3;43.3;58.7;22.3 °C;19.4;18.3;17.8;17.6;16.9
2024-04-08 16:35:24;21.9;32.4;56.5;58.3;43.3;58.7;22.3 °C;19.5;18.4;17.8;17.6;16.9
2024-04-08 16:45:28;21.9;32.4;56.5;58.3;43.3;58.7;22.3 °C;19.6;18.4;17.8;17.6;16.9
2024-04-08 16:55:29;21.9;32.4;56.5;58.2;43.3;58.7;22.3 °C;19.6;18.4;17.8;17.6;16.9
2024-04-08 17:05:28;21.9;32.5;56.5;58.2;43.3;58.7;22.3 °C;19.6;18.4;17.8;17.6;16.9
2024-04-08 17:15:26;22.0;32.6;56.5;58.2;43.3;58.7;22.3 °C;19.7;18.5;17.8;17.6;16.9
2024-04-08 17:25:32;21.9;32.6;56.5;58.2;43.3;58.7;22.3 °C;19.8;18.5;17.8;17.6;16.9
2024-04-08 17:35:25;22.0;32.8;56.5;58.2;43.3;58.7;22.3 °C;19.8;18.6;17.8;17.6;16.9
2024-04-08 17:45:28;22.0;32.8;56.6;58.2;43.3;58.7;22.3 °C;19.9;18.6;17.8;17.6;16.9
2024-04-08 17:55:27;22.1;33.0;56.6;58.3;43.3;58.7;22.2 °C;19.9;18.6;17.8;17.6;16.9
2024-04-08 18:05:27;22.1;33.3;56.6;58.3;43.3;58.7;22.1 °C;19.9;18.6;17.9;17.6;16.9
2024-04-08 18:15:28;22.0;33.6;56.6;58.3;43.3;58.7;22.1 °C;19.9;18.7;17.9;17.6;16.9
2024-04-08 18:25:30;22.0;34.0;56.6;58.3;43.3;58.7;22 °C;20;18.7;17.9;17.6;16.9
2024-04-08 18:35:30;22.0;34.3;56.6;58.3;43.3;58.7;21.9 °C;20.1;18.8;17.9;17.6;16.9
2024-04-08 18:45:30;22.1;34.7;56.6;58.3;43.3;58.7;21.8 °C;20.1;18.8;17.9;17.6;16.9
2024-04-08 18:55:27;22.1;34.8;56.6;58.3;43.3;58.7;21.8 °C;20.1;18.8;17.9;17.6;16.9
2024-04-08 19:05:27;22.1;34.8;56.6;58.3;43.3;58.7;21.7 °C;20.1;18.8;17.9;17.6;16.9
2024-04-08 19:15:25;22.1;35.0;56.6;58.3;43.3;58.7;21.6 °C;20.1;18.8;17.9;17.7;16.9
2024-04-08 19:25:31;22.0;34.9;56.7;58.3;43.3;58.7;21.5 °C;20.1;18.9;17.9;17.7;16.9
2024-04-08 19:35:30;22.0;35.2;56.7;58.3;43.3;58.7;21.4 °C;20.2;18.9;18;17.7;16.9
2024-04-08 19:45:25;22.0;35.2;56.7;58.3;43.3;58.7;21.3 °C;20.2;18.9;18;17.7;16.9
2024-04-08 19:55:24;22.0;35.2;56.7;58.3;43.3;58.7;21.2 °C;20.2;18.9;18;17.7;16.9
2024-04-08 20:05:30;22.1;35.3;56.7;58.3;43.3;58.8;21.1 °C;20.2;19;18;17.7;16.9
2024-04-08 20:15:26;22.1;35.7;56.7;58.3;43.3;58.7;20.9 °C;20.2;19;18.1;17.7;16.9
2024-04-08 20:25:31;22.1;35.9;56.7;58.3;43.3;58.7;20.9 °C;20.2;19;18.1;17.7;16.9
2024-04-08 20:35:31;22.0;36.1;56.7;58.3;43.3;58.7;20.8 °C;20.2;19.1;18.1;17.7;16.9
2024-04-08 20:45:24;22.0;36.3;56.7;58.4;43.3;58.7;20.6 °C;20.2;19.1;18.1;17.7;16.9
2024-04-08 20:55:27;22.0;36.6;56.7;58.4;43.3;58.8;20.5 °C;20.2;19.1;18.1;17.7;16.9
2024-04-08 21:05:26;22.0;36.9;56.7;58.4;43.3;58.8;20.4 °C;20.2;19.1;18.1;17.8;16.9
2024-04-08 21:15:29;22;37.2;56.7;58.4;43.3;58.7;20.3 °C;20.1;19.1;18.1;17.8;16.9
2024-04-08 21:25:24;22.0;37.5;56.7;58.4;43.3;58.8;20.3 °C;20.1;19.1;18.1;17.8;16.9
2024-04-08 21:35:28;22.0;37.8;56.8;58.4;43.3;58.7;20.1 °C;20.1;19.1;18.2;17.8;16.9
2024-04-08 21:45:29;22.0;38.1;56.8;58.4;43.3;58.8;20.1 °C;20.1;19.1;18.2;17.8;16.9
2024-04-08 21:55:28;22.0;38.2;56.8;58.4;43.3;58.8;19.9 °C;20.1;19.2;18.2;17.8;16.9
2024-04-08 22:05:26;22.1;38.3;56.8;58.4;43.3;58.7;19.9 °C;20.1;19.2;18.2;17.8;16.9
2024-04-08 22:15:30;22.1;38.4;56.8;58.4;43.3;58.7;19.8 °C;20;19.2;18.2;17.8;16.9
2024-04-08 22:25:28;22.1;38.6;56.8;58.4;43.3;58.7;19.8 °C;20;19.2;18.3;17.8;16.9
2024-04-08 22:35:25;22.1;38.6;56.8;58.4;43.3;58.8;19.6 °C;20;19.2;18.3;17.8;16.9
2024-04-08 22:45:25;22.1;38.9;56.8;58.4;43.3;58.7;19.6 °C;19.9;19.2;18.3;17.8;16.9
2024-04-08 22:55:30;22.1;39.1;56.8;58.4;43.3;58.8;19.5 °C;19.9;19.2;18.3;17.8;16.9
2024-04-08 23:05:25;22.1;39.3;56.8;58.4;43.3;58.8;19.4 °C;19.9;19.2;18.3;17.8;16.9
2024-04-08 23:15:24;22.1;39.5;56.8;58.4;43.3;58.8;19.4 °C;19.9;19.2;18.3;17.8;16.9
2024-04-08 23:25:26;22.2;39.5;56.8;58.4;43.3;58.8;19.3 °C;19.8;19.2;18.3;17.8;16.9
2024-04-08 23:35:26;22.1;39.6;56.8;58.4;43.3;58.8;19.3 °C;19.8;19.2;18.3;17.8;16.9
2024-04-08 23:45:31;22.2;39.8;56.8;58.4;43.3;58.8;19.1 °C;19.8;19.2;18.3;17.9;16.9
2024-04-08 23:55:31;22.1;39.8;56.8;58.4;43.3;58.8;19.1 °C;19.8;19.2;18.3;17.9;16.9
2024-04-09 00:05:29;22.2;39.9;56.8;58.4;43.4;58.8;19 °C;19.7;19.2;18.3;17.9;16.9
2024-04-09 00:15:27;22.2;39.9;56.8;58.4;43.3;58.8;18.9 °C;19.7;19.2;18.3;17.9;16.9
2024-04-09 00:25:24;22.1;40.0;56.8;58.4;43.4;58.8;18.9 °C;19.6;19.2;18.4;17.9;16.9
2024-04-09 00:35:32;22.1;40.1;56.8;58.4;43.3;58.8;18.8 °C;19.6;19.2;18.4;17.9;16.9
2024-04-09 00:45:25;22.1;40.0;56.8;58.5;43.3;58.8;18.8 °C;19.6;19.2;18.4;17.9;16.9
2024-04-09 00:55:24;22.2;40.1;56.8;58.4;43.4;58.8;18.7 °C;19.6;19.2;18.4;17.9;16.9
2024-04-09 01:05:27;22.2;40.2;56.8;58.5;43.4;58.8;18.6 °C;19.5;19.2;18.4;17.9;16.9
2024-04-09 01:15:27;22.2;40.2;56.8;58.4;43.4;58.8;18.6 °C;19.5;19.2;18.4;17.9;17
2024-04-09 01:25:29;22.3;40.3;56.8;58.4;43.4;58.8;18.5 °C;19.4;19.2;18.4;17.9;17
2024-04-09 01:35:27;22.2;40.2;56.8;58.5;43.4;58.8;18.5 °C;19.4;19.1;18.4;17.9;17
2024-04-09 01:45:28;22.2;40.3;56.8;58.4;43.4;58.8;18.4 °C;19.4;19.1;18.4;17.9;17
2024-04-09 01:55:26;22.2;40.3;56.8;58.4;43.4;58.8;18.4 °C;19.4;19.1;18.4;17.9;17
2024-04-09 02:05:26;22.3;40.4;56.8;58.4;43.4;58.8;18.3 °C;19.3;19.1;18.4;17.9;17
2024-04-09 02:15:31;22.3;40.4;56.8;58.5;43.4;58.8;18.3 °C;19.3;19.1;18.4;17.9;17
2024-04-09 02:25:24;22.3;40.4;56.8;58.5;43.4;58.8;18.2 °C;19.3;19.1;18.4;17.9;17
2024-04-09 02:35:26;22.2;40.5;56.7;58.5;43.4;58.8;18.1 °C;19.3;19.1;18.4;17.9;17
2024-04-09 02:45:31;22.2;40.5;56.7;58.5;43.4;58.8;18.1 °C;19.2;19.1;18.4;18;17
2024-04-09 02:55:27;22.2;40.4;56.7;58.5;43.4;58.8;18 °C;19.1;19.1;18.4;18;17
2024-04-09 03:05:29;22.2;40.5;56.7;58.5;43.4;58.8;17.9 °C;19.1;19.1;18.4;18;17
2024-04-09 03:15:27;22.2;40.5;56.7;58.5;43.4;58.8;17.9 °C;19.1;19.1;18.4;18;17
2024-04-09 03:25:24;22.2;40.5;56.7;58.5;43.3;58.8;17.8 °C;19.1;19;18.4;18;17.1
2024-04-09 03:35:28;22.2;40.5;56.7;58.5;43.3;58.8;17.8 °C;19;19;18.4;18;17.1
2024-04-09 03:45:25;22.2;40.5;56.7;58.5;43.4;58.8;17.8 °C;19;19;18.4;18;17.1
2024-04-09 03:55:24;22.3;40.5;56.7;58.5;43.4;58.8;17.7 °C;18.9;19;18.4;18;17.1
2024-04-09 04:05:26;22.3;40.5;56.7;58.4;43.4;58.8;17.7 °C;18.9;19;18.4;18;17.1
2024-04-09 04:15:30;22.3;40.6;56.7;58.5;43.4;58.8;17.6 °C;18.9;18.9;18.4;18;17.1
2024-04-09 04:25:30;22.3;40.6;56.7;58.5;43.4;58.8;17.6 °C;18.8;18.9;18.4;18;17.1
2024-04-09 04:35:30;22.3;40.7;56.7;58.4;43.4;58.8;17.6 °C;18.8;18.9;18.4;18;17.1
2024-04-09 04:45:30;22.3;40.7;56.7;58.5;43.4;58.8;17.5 °C;18.8;18.9;18.4;18;17.1
2024-04-09 04:55:28;22.3;40.7;56.7;58.4;43.4;58.8;17.4 °C;18.8;18.9;18.4;18;17.1
2024-04-09 05:05:25;22.3;40.8;56.7;58.5;43.4;58.8;17.4 °C;18.7;18.9;18.4;18.1;17.1
2024-04-09 05:15:28;22.4;40.8;56.7;58.5;43.4;58.8;17.4 °C;18.7;18.9;18.4;18.1;17.1
2024-04-09 05:25:31;22.4;40.8;56.7;58.4;43.4;58.8;17.3 °C;18.6;18.8;18.4;18.1;17.1
2024-04-09 05:35:28;22.4;40.9;56.6;58.4;43.4;58.8;17.3 °C;18.6;18.8;18.4;18.1;17.1
2024-04-09 05:45:26;22.4;41.0;56.7;58.4;43.4;58.8;17.3 °C;18.6;18.8;18.4;18.1;17.1
2024-04-09 05:55:27;22.4;41.0;56.6;58.4;43.4;58.8;17.3 °C;18.6;18.8;18.4;18.1;17.1
2024-04-09 06:05:27;22.4;41.1;56.6;58.4;43.4;58.8;17.2 °C;18.5;18.8;18.4;18.1;17.1
2024-04-09 06:15:24;22.3;41.2;56.6;58.4;43.4;58.8;17.1 °C;18.5;18.8;18.4;18.1;17.1
2024-04-09 06:25:27;22.4;41.1;56.6;58.4;43.4;58.8;17.1 °C;18.4;18.8;18.4;18.1;17.1
2024-04-09 06:35:31;22.4;41.2;56.6;58.4;43.4;58.8;17.1 °C;18.4;18.7;18.3;18.1;17.1
2024-04-09 06:45:28;22.5;41.2;56.6;58.4;43.4;58.8;17.1 °C;18.4;18.7;18.3;18.1;17.1
2024-04-09 06:55:27;22.5;41.2;56.6;58.4;43.4;58.8;17 °C;18.4;18.7;18.3;18.1;17.1
2024-04-09 07:05:28;22.5;41.2;56.6;58.4;43.4;58.8;17 °C;18.3;18.7;18.3;18.1;17.1
2024-04-09 07:15:30;22.5;41.2;56.6;58.4;43.4;58.8;16.9 °C;18.3;18.6;18.3;18.1;17.1
2024-04-09 07:25:26;22.5;41.1;56.7;58.4;43.4;58.8;16.9 °C;18.3;18.6;18.3;18.1;17.1
2024-04-09 07:35:30;22.5;41.1;56.7;58.4;43.4;58.8;16.9 °C;18.3;18.6;18.3;18.1;17.1
2024-04-09 07:45:28;22.5;41.1;56.7;58.4;43.4;58.8;16.9 °C;18.2;18.6;18.3;18.1;17.1
2024-04-09 07:55:25;22.5;41.1;56.7;58.4;43.4;58.8;16.9 °C;18.2;18.6;18.3;18.1;17.1
2024-04-09 08:05:24;22.5;41.1;56.7;58.4;43.4;58.8;16.9 °C;18.2;18.6;18.3;18.1;17.1
2024-04-09 08:15:30;22.5;41.2;56.7;58.4;43.4;58.8;16.9 °C;18.1;18.6;18.3;18.1;17.1
2024-04-09 08:25:31;22.6;41.2;56.7;58.4;43.4;58.8;16.9 °C;18.1;18.5;18.3;18.1;17.1
2024-04-09 08:35:28;22.5;41.2;56.7;58.4;43.4;58.8;17 °C;18.1;18.5;18.3;18.1;17.1
2024-04-09 08:45:26;22.5;41.2;56.7;58.4;43.4;58.8;17.1 °C;18.1;18.5;18.3;18.1;17.1
2024-04-09 09:05:26;22.5;41.2;56.7;58.4;43.4;58.8;17.3 °C;18;18.4;18.3;18.1;17.1
2024-04-09 09:15:29;22.5;41.2;56.7;58.4;43.4;58.8;17.3 °C;18;18.4;18.2;18.1;17.1
2024-04-09 09:25:25;22.5;41.2;56.7;58.4;43.4;58.8;17.4 °C;18;18.4;18.2;18;17.1
2024-04-09 09:35:27;22.5;41.3;56.7;58.4;43.4;58.8;17.6 °C;17.9;18.4;18.2;18;17.1
2024-04-09 09:45:28;22.5;41.2;56.6;58.4;43.4;58.8;17.7 °C;17.9;18.4;18.2;18;17.1
2024-04-09 09:55:31;22.4;41.3;56.6;58.4;43.4;58.8;17.8 °C;17.9;18.4;18.2;18;17.1
2024-04-09 10:05:29;22.5;41.3;56.7;58.4;43.4;58.8;18 °C;17.9;18.3;18.2;18;17.1
2024-04-09 10:15:24;22.3;41.3;56.7;58.4;43.4;58.8;18.2 °C;17.9;18.3;18.1;18;17.1
2024-04-09 10:25:30;22.5;41.3;56.7;58.4;43.4;58.8;18.4 °C;17.9;18.3;18.1;18;17.1
2024-04-09 10:35:26;22.4;41.3;56.7;58.4;43.4;58.8;18.6 °C;17.9;18.3;18.1;18;17.2
2024-04-09 10:45:27;22.4;41.3;56.7;58.4;43.4;58.8;18.8 °C;18;18.3;18.1;18;17.2
2024-04-09 10:55:29;22.4;41.3;56.7;58.4;43.4;58.8;18.9 °C;18;18.3;18.1;18;17.2
2024-04-09 11:05:29;22.5;41.3;56.6;58.4;43.3;58.8;19.1 °C;18;18.3;18.1;18;17.2
2024-04-09 11:15:24;22.4;41.2;56.7;58.4;43.4;58.8;19.2 °C;18.1;18.3;18.1;18;17.2
2024-04-09 11:25:26;22.4;41.2;56.7;58.4;43.4;58.8;19.3 °C;18.1;18.3;18.1;18;17.2
2024-04-09 11:35:26;22.4;41.2;56.7;58.3;43.4;58.8;19.3 °C;18.1;18.3;18.1;18;17.2
2024-04-09 11:45:26;22.5;41.3;56.6;58.3;43.3;58.8;19.3 °C;18.1;18.3;18.1;18;17.2
2024-04-09 11:55:30;22.4;41.3;56.6;58.3;43.3;58.8;19.3 °C;18.1;18.2;18.1;18;17.2
2024-04-09 12:05:30;22.4;41.3;56.6;58.3;43.3;58.8;19.4 °C;18.2;18.2;18.1;18;17.1
2024-04-09 12:15:30;22.4;41.3;56.6;58.3;43.3;58.8;19.6 °C;18.2;18.2;18.1;18;17.2
2024-04-09 12:25:31;22.5;41.3;56.7;58.3;43.3;58.8;19.7 °C;18.3;18.2;18.1;18;17.2
2024-04-09 12:35:24;22.5;41.3;56.6;58.3;43.3;58.8;19.9 °C;18.3;18.2;18.1;18;17.2
2024-04-09 12:45:30;22.5;41.4;56.6;58.3;43.4;58.8;20.1 °C;18.3;18.2;18.1;17.9;17.1
2024-04-09 12:55:26;22.4;41.3;56.6;58.3;43.4;58.8;20.3 °C;18.4;18.2;18;17.9;17.2
2024-04-09 13:05:27;22.4;41.4;56.6;58.3;43.4;58.8;20.4 °C;18.4;18.2;18;17.9;17.2
2024-04-09 13:15:29;22.4;41.4;56.7;58.3;43.4;58.8;20.6 °C;18.4;18.3;18;17.9;17.2
2024-04-09 13:25:29;22.3;41.4;56.7;58.3;43.4;58.8;20.8 °C;18.5;18.3;18;17.9;17.1
2024-04-09 13:35:24;22.4;41.4;56.7;58.3;43.3;58.8;21 °C;18.6;18.3;18;17.9;17.1
2024-04-09 13:45:27;22.4;41.4;56.6;58.3;43.3;58.8;21.2 °C;18.6;18.3;18;17.9;17.1
2024-04-09 13:55:23;22.3;41.5;56.7;58.3;43.4;58.8;21.3 °C;18.6;18.3;18;17.9;17.1
2024-04-09 14:05:30;22.4;41.5;56.6;58.3;43.3;58.8;21.4 °C;18.7;18.3;18;17.9;17.1
2024-04-09 14:15:31;22.3;41.5;56.6;58.3;43.3;58.8;21.6 °C;18.8;18.3;18;17.9;17.1
2024-04-09 14:35:35;22.4;41.6;56.7;58.2;43.3;58.8;21.8 °C;18.9;18.3;18;17.9;17.1
2024-04-09 14:45:27;22.4;41.6;56.7;58.2;43.3;58.8;21.9 °C;18.9;18.3;18;17.9;17.1
2024-04-09 14:55:24;22.4;41.6;56.7;58.3;43.3;58.8;22 °C;19;18.3;18;17.9;17.1
2024-04-09 15:05:30;22.4;41.6;56.6;58.3;43.3;58.8;22.1 °C;19.1;18.4;18;17.9;17.1
2024-04-09 15:15:30;22.4;41.6;56.7;58.3;43.3;58.8;22.2 °C;19.2;18.4;18;17.9;17.1
2024-04-09 15:25:31;22.4;41.7;56.6;58.3;43.3;58.8;22.3 °C;19.3;18.4;18;17.9;17.1
2024-04-09 15:35:29;22.4;41.7;56.7;58.2;43.3;58.8;22.3 °C;19.3;18.4;18;17.9;17.1
2024-04-09 15:45:29;22.4;41.7;56.7;58.3;43.3;58.8;22.4 °C;19.4;18.4;18;17.9;17.1
2024-04-09 15:55:29;22.4;41.8;56.7;58.3;43.3;58.8;22.4 °C;19.4;18.4;18;17.9;17.1
2024-04-09 16:05:28;22.4;41.9;56.7;58.2;43.3;58.8;22.4 °C;19.5;18.5;18;17.9;17.1
2024-04-09 16:15:30;22.4;41.9;56.7;58.2;43.3;58.8;22.5 °C;19.6;18.5;18;17.9;17.1
2024-04-09 16:25:26;22.5;41.9;56.7;58.3;43.3;58.8;22.5 °C;19.6;18.6;18;17.9;17.1
2024-04-09 16:35:27;22.5;42;56.7;58.3;43.3;58.8;22.5 °C;19.7;18.6;18;17.9;17.1
2024-04-09 16:45:25;22.5;42.1;56.7;58.3;43.3;58.8;22.5 °C;19.8;18.6;18;17.9;17.1
2024-04-09 16:55:29;22.5;42.2;56.7;58.2;43.3;58.8;22.5 °C;19.8;18.6;18;17.9;17.1
2024-04-09 17:05:24;22.6;42.1;56.7;58.3;43.3;58.8;22.5 °C;19.9;18.7;18.1;17.9;17.1
2024-04-09 17:15:26;22.5;42.1;56.7;58.3;43.3;58.8;22.4 °C;19.9;18.7;18.1;17.9;17.1
2024-04-09 17:25:31;22.6;42.3;56.7;58.3;43.3;58.8;22.4 °C;19.9;18.8;18.1;17.9;17.1
2024-04-09 17:35:25;22.6;42.3;56.7;58.3;43.3;58.8;22.4 °C;20;18.8;18.1;17.9;17.1
2024-04-09 17:45:25;22.6;42.4;56.7;58.3;43.3;58.8;22.4 °C;20.1;18.8;18.1;17.9;17.1
2024-04-09 17:55:25;22.7;42.4;56.8;58.3;43.3;58.8;22.3 °C;20.1;18.8;18.1;17.9;17.1
2024-04-09 18:05:29;22.7;42.4;56.8;58.3;43.3;58.8;22.3 °C;20.1;18.9;18.1;17.9;17.1
2024-04-09 18:15:24;28.7;42.4;56.8;58.3;43.3;58.8;22.3 °C;20.1;18.9;18.1;17.9;17.1
2024-04-09 18:25:27;27.7;42.5;56.8;58.3;43.3;58.8;22.4 °C;20.2;18.9;18.1;17.9;17.1
2024-04-09 18:35:29;27.8;42.5;56.8;58.3;43.3;58.8;22.3 °C;20.2;18.9;18.1;17.9;17.1
2024-04-09 18:45:29;27.8;42.5;56.8;58.3;43.3;58.8;22.1 °C;20.3;19;18.1;17.9;17.1
2024-04-09 18:55:24;28.1;42.6;56.8;58.3;43.3;58.8;22 °C;20.3;19;18.2;17.9;17.1
2024-04-09 19:05:26;28.2;42.5;56.8;58.3;43.3;58.8;21.9 °C;20.3;19.1;18.2;17.9;17.1
2024-04-09 19:15:26;28.4;42.5;56.9;58.3;43.3;58.8;21.8 °C;20.3;19.1;18.2;17.9;17.1
2024-04-09 19:25:26;28.4;42.5;56.9;58.3;43.3;58.8;21.7 °C;20.3;19.1;18.2;17.9;17.1
2024-04-09 19:35:30;28.4;42.6;56.9;58.3;43.3;58.8;21.6 °C;20.3;19.1;18.2;17.9;17.1
2024-04-09 19:45:31;28.5;42.6;56.9;58.3;43.3;58.8;21.5 °C;20.4;19.1;18.3;17.9;17.1
2024-04-09 19:55:29;28.4;42.6;56.9;58.3;43.3;58.8;21.4 °C;20.4;19.2;18.3;17.9;17.1
2024-04-09 20:05:24;28.5;42.6;56.9;58.3;43.3;58.8;21.3 °C;20.4;19.2;18.3;17.9;17.1
2024-04-09 20:15:30;28.6;42.6;56.9;58.3;43.3;58.8;21.1 °C;20.4;19.2;18.3;17.9;17.1
2024-04-09 20:25:26;28.6;42.6;56.9;58.4;43.3;58.8;21 °C;20.4;19.3;18.3;17.9;17.1
2024-04-09 20:35:26;28.8;42.6;56.9;58.3;43.3;58.8;20.9 °C;20.4;19.3;18.3;17.9;17.1
2024-04-09 20:45:31;29.0;42.6;56.9;58.4;43.3;58.8;20.8 °C;20.3;19.3;18.3;17.9;17.1
2024-04-09 20:55:25;29.3;42.5;56.9;58.4;43.3;58.8;20.7 °C;20.3;19.3;18.3;18;17.1
2024-04-09 21:05:24;29.4;42.6;56.9;58.3;43.3;58.8;20.6 °C;20.3;19.3;18.4;18;17.1
2024-04-09 21:15:24;29.8;42.6;56.9;58.3;43.3;58.8;20.5 °C;20.3;19.3;18.4;18;17.1
2024-04-09 21:25:31;30.1;42.6;56.9;58.4;43.3;58.8;20.4 °C;20.3;19.3;18.4;18;17.1
2024-04-09 21:35:28;30.4;42.6;56.9;58.4;43.3;58.8;20.3 °C;20.3;19.4;18.4;18;17.1
2024-04-09 21:45:26;30.5;42.6;56.9;58.4;43.3;58.8;20.3 °C;20.3;19.4;18.4;18;17.1
2024-04-09 21:55:29;30.9;42.6;56.9;58.4;43.3;58.8;20.2 °C;20.3;19.4;18.4;18;17.1
2024-04-09 22:05:26;31.3;42.5;57.0;58.4;43.3;58.8;20.1 °C;20.2;19.4;18.4;18;17.1
2024-04-09 22:15:27;31.2;42.6;57.0;58.4;43.3;58.8;20.1 °C;20.2;19.4;18.4;18;17.1
2024-04-09 22:25:28;31.5;42.5;57.0;58.4;43.3;58.8;19.9 °C;20.2;19.4;18.4;18.1;17.1
2024-04-09 22:35:30;31.5;42.5;57.0;58.4;43.3;58.8;19.9 °C;20.1;19.4;18.4;18.1;17.1
2024-04-09 22:45:29;31.6;42.5;57.0;58.4;43.3;58.8;19.8 °C;20.1;19.4;18.5;18.1;17.2
2024-04-09 22:55:30;31.7;42.5;57.0;58.4;43.3;58.7;19.8 °C;20.1;19.4;18.5;18.1;17.2
2024-04-09 23:05:27;31.8;42.5;57.0;58.4;43.3;58.7;19.7 °C;20.1;19.4;18.5;18.1;17.2
2024-04-09 23:15:24;31.8;42.5;57.0;58.4;43.3;58.8;19.7 °C;20.1;19.4;18.5;18.1;17.2
2024-04-09 23:25:28;31.9;42.5;57.0;58.5;43.3;58.8;19.6 °C;20;19.4;18.5;18.1;17.2
2024-04-09 23:35:30;31.9;42.5;57.0;58.4;43.3;58.8;19.6 °C;20;19.4;18.5;18.1;17.2
2024-04-09 23:45:28;31.9;42.5;57.0;58.4;43.3;58.8;19.5 °C;19.9;19.4;18.6;18.1;17.2
2024-04-09 23:55:27;32.0;42.5;57.0;58.4;43.3;58.8;19.4 °C;19.9;19.4;18.6;18.1;17.2
2024-04-10 00:05:24;32.0;42.5;57.0;58.4;43.3;58.8;19.4 °C;19.9;19.4;18.6;18.1;17.2
2024-04-10 00:15:30;32.0;42.5;57.0;58.4;43.3;58.8;19.3 °C;19.9;19.4;18.6;18.1;17.2
2024-04-10 00:25:25;32.0;42.5;57.0;58.4;43.3;58.8;19.3 °C;19.9;19.4;18.6;18.1;17.2
2024-04-10 00:35:30;32.1;42.5;57.0;58.5;43.4;58.8;19.2 °C;19.8;19.4;18.6;18.1;17.2
2024-04-10 00:45:30;32.1;42.5;57.0;58.5;43.3;58.8;19.1 °C;19.8;19.4;18.6;18.1;17.2
2024-04-10 00:55:24;32.1;42.5;57.0;58.5;43.4;58.8;19.1 °C;19.8;19.4;18.6;18.1;17.2
2024-04-10 01:05:26;31.7;42.5;57.0;58.5;43.4;58.8;19.1 °C;19.8;19.4;18.6;18.1;17.2
2024-04-10 01:15:24;32.2;42.5;57.0;58.5;43.3;58.8;19 °C;19.7;19.4;18.6;18.2;17.2
2024-04-10 01:25:30;32.3;42.5;57.0;58.5;43.3;58.8;18.9 °C;19.7;19.4;18.6;18.2;17.3
2024-04-10 01:35:29;32.2;42.5;57.0;58.4;43.3;58.8;18.9 °C;19.6;19.4;18.6;18.2;17.3
2024-04-10 01:45:30;32.2;42.7;57.0;58.5;43.3;58.8;18.9 °C;19.6;19.4;18.6;18.2;17.3
2024-04-10 01:55:31;32.2;42.7;57.0;58.5;43.3;58.8;18.8 °C;19.6;19.4;18.6;18.2;17.3
2024-04-10 02:05:24;32.3;42.8;57.0;58.4;43.3;58.8;18.8 °C;19.6;19.3;18.6;18.2;17.3
2024-04-10 02:15:29;32.3;42.8;57.0;58.5;43.3;58.8;18.7 °C;19.5;19.3;18.6;18.2;17.3
2024-04-10 02:25:26;32.3;42.9;57.0;58.5;43.3;58.8;18.6 °C;19.5;19.3;18.6;18.2;17.3
2024-04-10 02:35:27;32.3;43.0;56.9;58.5;43.3;58.8;18.6 °C;19.5;19.3;18.6;18.2;17.3
2024-04-10 02:45:29;32.2;43.1;56.9;58.5;43.3;58.8;18.6 °C;19.4;19.3;18.6;18.2;17.3
2024-04-10 02:55:29;32.3;43.2;56.9;58.5;43.4;58.8;18.5 °C;19.4;19.3;18.6;18.3;17.3
2024-04-10 03:05:25;32.2;43.3;56.9;58.5;43.4;58.8;18.4 °C;19.4;19.3;18.6;18.3;17.3
2024-04-10 03:15:25;32.2;43.3;56.9;58.5;43.4;58.8;18.4 °C;19.4;19.3;18.6;18.3;17.3
2024-04-10 03:25:27;32.3;43.4;56.9;58.5;43.4;58.8;18.3 °C;19.3;19.3;18.6;18.3;17.3
2024-04-10 03:35:30;32.3;43.5;56.9;58.5;43.4;58.8;18.3 °C;19.3;19.3;18.6;18.3;17.3
2024-04-10 03:45:31;32.3;43.5;56.9;58.4;43.4;58.8;18.3 °C;19.3;19.3;18.6;18.3;17.3
2024-04-10 03:55:27;32.3;43.8;56.9;58.5;43.4;58.8;18.2 °C;19.3;19.2;18.6;18.3;17.3
2024-04-10 04:05:30;32.4;44.1;56.9;58.5;43.4;58.8;18.1 °C;19.2;19.2;18.6;18.3;17.3
2024-04-10 04:15:27;32.4;44.0;56.9;58.4;43.4;58.8;18.1 °C;19.2;19.2;18.6;18.3;17.3
2024-04-10 04:25:24;32.3;44.1;56.9;58.5;43.4;58.8;18.1 °C;19.1;19.2;18.6;18.3;17.3
2024-04-10 04:35:29;32.6;44.2;56.9;58.5;43.4;58.8;18 °C;19.1;19.2;18.6;18.3;17.3
2024-04-10 04:45:26;32.6;44.2;56.9;58.5;43.4;58.8;17.9 °C;19.1;19.1;18.6;18.3;17.3
2024-04-10 04:55:31;32.6;44.3;56.9;58.5;43.4;58.8;17.9 °C;19.1;19.1;18.6;18.3;17.3
2024-04-10 05:05:28;32.6;44.6;56.9;58.5;43.4;58.8;17.9 °C;19;19.1;18.6;18.3;17.3
2024-04-10 05:15:28;32.6;44.8;56.9;58.5;43.4;58.8;17.8 °C;19;19.1;18.6;18.3;17.3
2024-04-10 05:25:25;32.7;44.9;56.9;58.5;43.4;58.8;17.8 °C;18.9;19.1;18.6;18.3;17.3
2024-04-10 05:35:26;32.7;44.9;56.9;58.4;43.4;58.8;17.8 °C;18.9;19.1;18.6;18.3;17.3
2024-04-10 05:45:27;32.7;44.8;56.9;58.4;43.4;58.8;17.7 °C;18.9;19.1;18.6;18.3;17.3
2024-04-10 05:55:24;32.6;44.7;56.9;58.4;43.4;58.8;17.6 °C;18.9;19.1;18.6;18.3;17.3
2024-04-10 06:05:24;32.6;44.7;56.9;58.4;43.4;58.8;17.6 °C;18.8;19;18.6;18.3;17.3
2024-04-10 06:15:27;32.7;45.1;56.9;58.5;43.4;58.8;17.5 °C;18.8;19;18.6;18.3;17.3
2024-04-10 06:25:28;32.8;44.6;56.8;58.4;43.4;58.8;17.4 °C;18.8;19;18.6;18.3;17.4
2024-04-10 06:35:25;32.5;44.6;56.8;58.5;43.4;58.8;17.4 °C;18.8;19;18.6;18.3;17.4
2024-04-10 06:45:30;32.7;44.6;56.9;58.4;43.4;58.8;17.3 °C;18.7;18.9;18.6;18.3;17.4
2024-04-10 06:55:31;32.8;44.6;56.8;58.4;43.4;58.8;17.3 °C;18.7;18.9;18.6;18.3;17.4
2024-04-10 07:05:23;33.1;44.6;56.8;58.4;43.4;58.8;17.3 °C;18.6;18.9;18.6;18.3;17.4
2024-04-10 07:15:26;33.3;44.5;56.8;58.4;43.4;58.8;17.2 °C;18.6;18.9;18.6;18.3;17.4
2024-04-10 07:25:27;33.4;44.5;56.8;58.4;43.4;58.8;17.2 °C;18.6;18.9;18.6;18.3;17.4
2024-04-10 07:35:25;33.0;44.5;56.8;58.4;43.4;58.8;17.2 °C;18.6;18.9;18.6;18.3;17.4
2024-04-10 07:45:24;31.9;44.5;56.8;58.4;43.4;58.8;17.2 °C;18.5;18.9;18.6;18.3;17.4
2024-04-10 07:55:25;31.9;44.5;56.8;58.4;43.4;58.8;17.2 °C;18.5;18.8;18.6;18.3;17.4
2024-04-10 08:05:30;32.2;44.5;56.8;58.4;43.4;58.8;17.2 °C;18.4;18.8;18.5;18.3;17.4
2024-04-10 08:15:31;32.2;44.5;56.8;58.4;43.4;58.8;17.3 °C;18.4;18.8;18.5;18.3;17.4
2024-04-10 08:25:27;32.1;44.5;56.8;58.4;43.4;58.8;17.3 °C;18.4;18.8;18.5;18.3;17.4
2024-04-10 08:35:26;32.0;44.5;56.8;58.4;43.4;58.8;17.3 °C;18.4;18.8;18.5;18.3;17.4
2024-04-10 08:45:27;32.1;44.5;56.8;58.4;43.4;58.8;17.3 °C;18.4;18.8;18.5;18.3;17.4
2024-04-10 08:55:25;32.1;44.5;56.7;58.4;43.4;58.8;17.4 °C;18.3;18.8;18.5;18.3;17.4
2024-04-10 09:05:29;27.8;44.5;56.7;58.4;43.4;58.8;17.4 °C;18.3;18.7;18.5;18.3;17.4
2024-04-10 09:15:24;34.4;44.5;56.7;58.4;43.4;58.8;17.6 °C;18.3;18.7;18.5;18.3;17.4
2024-04-10 09:25:24;27.7;44.5;56.7;58.4;43.4;58.8;17.6 °C;18.3;18.7;18.4;18.3;17.4
2024-04-10 09:35:25;27.6;44.5;56.7;58.4;43.4;58.8;17.6 °C;18.3;18.7;18.4;18.3;17.4
2024-04-10 09:45:26;27.7;44.4;56.7;58.4;43.4;58.8;17.7 °C;18.3;18.6;18.4;18.3;17.4
2024-04-10 09:55:30;27.7;44.5;56.7;58.4;43.4;58.9;17.8 °C;18.3;18.6;18.4;18.3;17.4
2024-04-10 10:05:28;27.7;44.4;56.7;58.4;43.4;58.8;17.9 °C;18.3;18.6;18.4;18.3;17.4
2024-04-10 10:15:25;27.7;44.4;56.7;58.4;43.4;58.8;18.1 °C;18.2;18.6;18.4;18.3;17.4
2024-04-10 10:25:30;27.7;44.5;56.7;58.4;43.4;58.9;18.2 °C;18.2;18.6;18.4;18.3;17.4
2024-04-10 10:35:27;27.8;44.5;56.7;58.4;43.4;58.8;18.3 °C;18.2;18.6;18.4;18.3;17.4
2024-04-10 10:45:25;27.7;44.5;56.7;58.4;43.4;58.9;18.4 °C;18.3;18.6;18.4;18.3;17.4
2024-04-10 10:55:24;27.7;44.7;56.7;58.4;43.4;58.9;18.5 °C;18.3;18.6;18.4;18.3;17.4
2024-04-10 11:05:27;27.7;44.5;56.7;58.3;43.4;58.9;18.6 °C;18.3;18.5;18.4;18.3;17.4
2024-04-10 11:15:26;27.7;44.5;56.7;58.3;43.4;58.8;18.8 °C;18.3;18.5;18.4;18.3;17.4
2024-04-10 11:25:30;27.8;44.5;56.7;58.3;43.4;58.9;18.8 °C;18.3;18.5;18.4;18.3;17.4
2024-04-10 11:35:28;27.8;44.4;56.7;58.3;43.4;58.9;18.9 °C;18.3;18.5;18.4;18.3;17.4
2024-04-10 11:45:30;27.7;44.5;56.7;58.4;43.4;58.9;19 °C;18.3;18.5;18.3;18.3;17.4
2024-04-10 11:55:28;27.7;44.5;56.7;58.4;43.4;58.8;19.1 °C;18.3;18.5;18.3;18.3;17.4
2024-04-10 12:05:30;27.7;44.4;56.7;58.4;43.4;58.8;19.2 °C;18.4;18.4;18.3;18.3;17.4
2024-04-10 12:15:24;27.7;44.4;56.7;58.3;43.3;58.9;19.3 °C;18.4;18.4;18.3;18.3;17.4
2024-04-10 12:25:30;27.8;44.4;56.7;58.3;43.3;58.8;19.4 °C;18.4;18.4;18.3;18.3;17.4
2024-04-10 12:35:23;27.7;44.5;56.7;58.3;43.3;58.8;19.6 °C;18.4;18.4;18.3;18.2;17.4
2024-04-10 12:45:31;27.7;44.5;56.7;58.3;43.3;58.9;19.8 °C;18.4;18.4;18.3;18.3;17.4
2024-04-10 12:55:28;27.7;44.6;56.6;58.3;43.3;58.8;19.9 °C;18.5;18.4;18.3;18.2;17.4
2024-04-10 13:05:27;27.7;44.8;56.7;58.3;43.3;58.8;20.1 °C;18.5;18.4;18.3;18.2;17.4
2024-04-10 13:15:26;27.7;44.9;56.7;58.3;43.3;58.8;20.3 °C;18.6;18.4;18.3;18.2;17.4
2024-04-10 13:25:26;27.7;44.8;56.7;58.3;43.3;58.8;20.4 °C;18.6;18.4;18.3;18.2;17.4
2024-04-10 13:35:23;27.7;44.8;56.7;58.3;43.3;58.8;20.6 °C;18.6;18.4;18.3;18.2;17.4
2024-04-10 13:45:31;27.7;44.8;56.6;58.3;43.3;58.8;20.9 °C;18.7;18.4;18.3;18.2;17.4
2024-04-10 13:55:28;27.8;44.8;56.6;58.3;43.3;58.8;21 °C;18.8;18.4;18.3;18.2;17.4
2024-04-10 14:05:23;27.6;45.0;56.7;58.3;43.3;58.8;21.2 °C;18.8;18.5;18.3;18.2;17.4
2024-04-10 14:15:26;27.7;44.9;56.7;58.3;43.3;58.8;21.4 °C;18.9;18.5;18.3;18.2;17.4
2024-04-10 14:25:26;27.7;45.0;56.6;58.3;43.3;58.8;21.5 °C;18.9;18.5;18.3;18.2;17.4
2024-04-10 14:35:24;27.8;44.9;56.6;58.3;43.3;58.8;21.7 °C;18.9;18.5;18.3;18.2;17.4
2024-04-10 14:45:26;27.8;44.9;56.6;58.3;43.3;58.8;21.8 °C;19.1;18.5;18.3;18.2;17.4
2024-04-10 14:55:27;27.8;45.0;56.6;58.3;43.3;58.8;21.9 °C;19.1;18.5;18.3;18.2;17.4
2024-04-10 15:05:26;27.8;45.1;56.6;58.3;43.3;58.8;22 °C;19.2;18.6;18.3;18.1;17.4
2024-04-10 15:15:31;27.8;44.8;56.6;58.3;43.3;58.8;22.1 °C;19.3;18.6;18.3;18.1;17.4
2024-04-10 15:25:29;27.9;45.1;56.7;58.3;43.3;58.8;22.2 °C;19.3;18.6;18.3;18.1;17.4
2024-04-10 15:35:28;27.9;44.8;56.6;58.3;43.3;58.8;22.3 °C;19.4;18.6;18.3;18.1;17.4
2024-04-10 15:45:24;27.8;44.8;56.7;58.3;43.3;58.8;22.4 °C;19.4;18.6;18.3;18.1;17.4
2024-04-10 15:55:30;27.9;44.8;56.7;58.3;43.3;58.8;22.4 °C;19.5;18.6;18.3;18.1;17.4
2024-04-10 16:05:25;27.8;44.8;56.7;58.3;43.3;58.8;22.5 °C;19.6;18.7;18.3;18.1;17.4
2024-04-10 16:15:28;27.9;44.8;56.7;58.3;43.3;58.8;22.6 °C;19.6;18.7;18.3;18.1;17.4
2024-04-10 16:25:23;27.9;44.9;56.7;58.3;43.3;58.8;22.6 °C;19.7;18.7;18.3;18.1;17.4
2024-04-10 16:35:30;27.9;44.8;56.7;58.3;43.3;58.8;22.6 °C;19.8;18.8;18.3;18.1;17.4
2024-04-10 16:45:30;28.1;44.8;56.7;58.3;43.3;58.8;22.6 °C;19.8;18.8;18.3;18.1;17.4
2024-04-10 16:55:23;28.3;44.9;56.7;58.3;43.3;58.8;22.6 °C;19.9;18.8;18.3;18.1;17.4
2024-04-10 17:05:26;28.3;44.9;56.7;58.3;43.3;58.8;22.5 °C;19.9;18.8;18.3;18.1;17.4
2024-04-10 17:15:26;28.3;44.9;56.7;58.3;43.3;58.8;22.5 °C;20;18.9;18.3;18.1;17.4
2024-04-10 17:25:23;28.4;44.9;56.7;58.3;43.3;58.8;22.4 °C;20;18.9;18.3;18.1;17.4
2024-04-10 17:35:25;28.4;44.9;56.7;58.3;43.3;58.8;22.3 °C;20.1;18.9;18.3;18.1;17.4
2024-04-10 17:45:30;28.5;44.9;56.7;58.3;43.3;58.8;22.3 °C;20.1;18.9;18.3;18.1;17.4
2024-04-10 17:55:30;28.5;44.9;56.8;58.3;43.3;58.8;22.2 °C;20.1;18.9;18.3;18.1;17.4
2024-04-10 18:05:29;28.5;45.0;56.7;58.3;43.3;58.8;22.1 °C;20.2;19;18.3;18.1;17.4
2024-04-10 18:15:24;28.6;45.0;56.7;58.3;43.3;58.8;22.1 °C;20.2;19;18.3;18.1;17.4
2024-04-10 18:25:28;28.6;45.0;56.7;58.3;43.3;58.8;22 °C;20.3;19.1;18.3;18.1;17.4
2024-04-10 18:35:31;28.6;45.0;56.8;58.3;43.3;58.8;21.9 °C;20.3;19.1;18.3;18.1;17.4
2024-04-10 18:45:24;28.5;44.9;56.8;58.3;43.3;58.8;21.9 °C;20.3;19.1;18.4;18.1;17.4
2024-04-10 18:55:25;28.6;44.9;56.8;58.3;43.3;58.8;21.8 °C;20.3;19.1;18.4;18.1;17.4
2024-04-10 19:05:28;28.6;44.9;56.8;58.3;43.3;58.8;21.7 °C;20.3;19.2;18.4;18.1;17.4
2024-04-10 19:15:27;28.6;45.0;56.8;58.3;43.3;58.8;21.6 °C;20.3;19.2;18.4;18.1;17.4
2024-04-10 19:25:25;28.6;45.1;56.8;58.3;43.3;58.8;21.6 °C;20.4;19.2;18.4;18.1;17.4
2024-04-10 19:35:30;28.6;45.3;56.8;58.3;43.3;58.8;21.5 °C;20.4;19.3;18.4;18.1;17.4
2024-04-10 19:45:27;28.6;45.1;56.8;58.3;43.3;58.8;21.4 °C;20.4;19.3;18.4;18.1;17.4
2024-04-10 19:55:25;28.6;45.3;56.8;58.3;43.3;58.8;21.4 °C;20.4;19.3;18.4;18.2;17.4
2024-04-10 20:05:25;28.6;45.3;56.9;58.3;43.3;58.8;21.3 °C;20.4;19.3;18.4;18.2;17.4
2024-04-10 20:15:28;28.6;45.2;56.9;58.3;43.3;58.8;21.2 °C;20.4;19.3;18.4;18.2;17.4
2024-04-10 20:25:24;28.6;45.2;56.9;58.3;43.3;58.8;21.1 °C;20.4;19.3;18.5;18.2;17.4
2024-04-10 20:35:25;28.6;45.2;56.8;58.4;43.3;58.8;21 °C;20.4;19.4;18.5;18.2;17.4
2024-04-10 20:45:24;28.5;45.3;56.9;58.3;43.3;58.8;20.9 °C;20.4;19.4;18.5;18.2;17.4
2024-04-10 20:55:27;28.5;45.2;56.9;58.3;43.3;58.8;20.9 °C;20.4;19.4;18.5;18.2;17.4
2024-04-10 21:05:26;28.5;45.2;56.9;58.3;43.3;58.8;20.8 °C;20.4;19.4;18.5;18.2;17.4
2024-04-10 21:15:30;28.5;45.2;56.9;58.4;43.3;58.8;20.8 °C;20.3;19.4;18.6;18.2;17.4
2024-04-10 21:25:28;28.5;45.3;56.9;58.4;43.3;58.8;20.7 °C;20.3;19.4;18.6;18.2;17.4
2024-04-10 21:35:30;28.5;45.1;56.9;58.4;43.3;58.8;20.6 °C;20.3;19.4;18.6;18.2;17.4
2024-04-10 21:45:27;28.5;45.0;56.9;58.4;43.3;58.8;20.6 °C;20.3;19.4;18.6;18.2;17.4
2024-04-10 21:55:31;28.6;45.0;56.9;58.4;43.3;58.8;20.5 °C;20.3;19.5;18.6;18.2;17.4
2024-04-10 22:05:24;28.6;45.0;56.9;58.4;43.3;58.8;20.4 °C;20.3;19.5;18.6;18.3;17.4
2024-04-10 22:15:27;28.6;45.0;56.9;58.4;43.3;58.8;20.4 °C;20.3;19.5;18.6;18.3;17.4
2024-04-10 22:25:29;28.6;45.0;56.9;58.4;43.3;58.8;20.3 °C;20.3;19.5;18.6;18.3;17.4
2024-04-10 22:35:27;28.6;45.0;56.9;58.4;43.3;58.8;20.3 °C;20.3;19.5;18.6;18.3;17.4
2024-04-10 22:45:28;28.6;45.0;56.9;58.4;43.3;58.8;20.2 °C;20.2;19.5;18.6;18.3;17.4
2024-04-10 22:55:27;28.6;45.0;56.9;58.4;43.3;58.8;20.1 °C;20.2;19.5;18.7;18.3;17.4
2024-04-10 23:05:30;28.6;45.0;56.9;58.4;43.3;58.8;20.1 °C;20.2;19.5;18.7;18.3;17.4
2024-04-10 23:15:30;28.6;45.0;57.0;58.4;43.3;58.8;20.1 °C;20.1;19.5;18.7;18.3;17.4
2024-04-10 23:25:24;28.7;45.0;57.0;58.4;43.3;58.8;20 °C;20.1;19.5;18.7;18.3;17.4
2024-04-10 23:35:30;28.6;45.0;56.9;58.4;43.4;58.8;20 °C;20.1;19.5;18.7;18.3;17.4
2024-04-10 23:45:23;28.6;45.0;56.9;58.4;43.3;58.8;19.9 °C;20.1;19.5;18.7;18.3;17.4
2024-04-10 23:55:30;28.6;45.0;56.9;58.4;43.4;58.8;19.9 °C;20.1;19.5;18.7;18.3;17.4
2024-04-11 00:05:29;28.7;45.0;56.9;58.4;43.3;58.8;19.9 °C;20.1;19.5;18.7;18.3;17.4
2024-04-11 00:15:28;28.6;45.0;56.9;58.4;43.4;58.8;19.8 °C;20;19.5;18.7;18.3;17.4
2024-04-11 00:25:23;28.6;45.0;57.0;58.4;43.4;58.8;19.8 °C;20;19.5;18.8;18.3;17.4
2024-04-11 00:35:31;28.6;45.0;57.0;58.4;43.3;58.8;19.8 °C;20;19.5;18.8;18.3;17.4
2024-04-11 00:45:24;28.7;45.1;57.0;58.4;43.4;58.8;19.7 °C;19.9;19.5;18.8;18.3;17.4
2024-04-11 00:55:28;28.6;45.1;56.9;58.4;43.4;58.8;19.6 °C;19.9;19.5;18.8;18.3;17.4
2024-04-11 01:05:26;28.6;45.1;56.9;58.4;43.4;58.8;19.6 °C;19.9;19.5;18.8;18.3;17.4
2024-04-11 01:15:23;28.6;45.5;57.0;58.4;43.3;58.8;19.6 °C;19.9;19.5;18.8;18.4;17.4
2024-04-11 01:25:26;28.6;45.1;56.9;58.4;43.3;58.8;19.5 °C;19.9;19.5;18.8;18.4;17.4
2024-04-11 01:35:26;28.6;45.1;56.9;58.4;43.3;58.8;19.5 °C;19.9;19.5;18.8;18.4;17.4
2024-04-11 01:45:27;28.6;45.1;56.9;58.4;43.3;58.8;19.4 °C;19.8;19.5;18.8;18.4;17.4
2024-04-11 01:55:26;28.6;45.1;56.9;58.4;43.3;58.8;19.4 °C;19.8;19.5;18.8;18.4;17.4
2024-04-11 02:05:27;28.6;45.1;56.9;58.4;43.3;58.8;19.4 °C;19.8;19.5;18.8;18.4;17.4
2024-04-11 02:15:25;28.6;45.2;56.9;58.4;43.4;58.8;19.3 °C;19.8;19.5;18.8;18.4;17.4
2024-04-11 02:25:25;28.6;45.1;56.9;58.5;43.3;58.8;19.3 °C;19.8;19.5;18.8;18.4;17.4
2024-04-11 02:35:30;28.6;45.0;56.9;58.4;43.4;58.8;19.3 °C;19.8;19.4;18.8;18.4;17.4
2024-04-11 02:45:25;28.6;45.1;56.9;58.5;43.4;58.8;19.3 °C;19.7;19.4;18.8;18.4;17.4
2024-04-11 02:55:24;28.6;45.1;56.9;58.5;43.4;58.8;19.2 °C;19.7;19.4;18.8;18.4;17.5
2024-04-11 03:05:24;28.7;45.2;56.9;58.5;43.3;58.8;19.1 °C;19.7;19.4;18.8;18.4;17.5
2024-04-11 03:15:30;28.6;45.2;56.9;58.5;43.4;58.8;19.1 °C;19.6;19.4;18.8;18.4;17.5
2024-04-11 03:25:28;28.7;45.1;56.9;58.5;43.4;58.8;19.1 °C;19.6;19.4;18.8;18.4;17.5
2024-04-11 03:35:26;28.7;45.1;56.9;58.5;43.4;58.8;19.1 °C;19.6;19.4;18.8;18.4;17.5
2024-04-11 03:45:27;28.7;45.1;56.9;58.5;43.4;58.8;19 °C;19.6;19.4;18.8;18.4;17.5
2024-04-11 03:55:30;28.7;45.1;56.9;58.5;43.4;58.8;18.9 °C;19.6;19.4;18.8;18.4;17.5
2024-04-11 04:05:24;28.7;45.1;56.9;58.5;43.4;58.8;18.9 °C;19.6;19.4;18.8;18.4;17.5
2024-04-11 04:15:23;28.7;45.1;56.9;58.5;43.4;58.8;18.9 °C;19.5;19.4;18.8;18.4;17.5
2024-04-11 04:25:29;28.8;45.1;56.9;58.5;43.4;58.8;18.8 °C;19.5;19.4;18.8;18.4;17.5
2024-04-11 04:35:25;28.7;45.1;56.9;58.5;43.4;58.8;18.8 °C;19.4;19.4;18.8;18.4;17.5
2024-04-11 04:45:29;28.8;45.1;56.9;58.5;43.4;58.8;18.8 °C;19.4;19.4;18.8;18.4;17.5
2024-04-11 04:55:30;28.7;45.0;56.9;58.5;43.4;58.8;18.8 °C;19.4;19.4;18.8;18.4;17.5
2024-04-11 05:05:24;28.8;45.0;56.9;58.5;43.4;58.8;18.7 °C;19.4;19.3;18.8;18.4;17.5
2024-04-11 05:15:23;28.8;45.0;56.9;58.5;43.4;58.8;18.6 °C;19.4;19.3;18.8;18.4;17.5
2024-04-11 05:25:29;28.8;45.0;56.9;58.5;43.4;58.8;18.6 °C;19.4;19.3;18.8;18.4;17.5
2024-04-11 05:35:26;28.8;45.1;56.9;58.5;43.4;58.8;18.6 °C;19.3;19.3;18.8;18.4;17.5
2024-04-11 05:45:28;28.8;45.0;56.9;58.5;43.4;58.8;18.6 °C;19.3;19.3;18.8;18.4;17.5
2024-04-11 05:55:24;28.8;45.0;56.9;58.4;43.4;58.8;18.5 °C;19.3;19.3;18.8;18.4;17.6
2024-04-11 06:05:28;28.8;45.0;56.9;58.4;43.4;58.9;18.4 °C;19.3;19.3;18.8;18.4;17.6
2024-04-11 06:15:23;28.8;45.0;56.8;58.4;43.4;58.8;18.4 °C;19.3;19.3;18.8;18.4;17.6
2024-04-11 06:25:29;28.8;45.0;56.8;58.4;43.4;58.8;18.4 °C;19.2;19.3;18.8;18.4;17.6
2024-04-11 06:35:29;28.9;45.0;56.8;58.4;43.4;58.9;18.4 °C;19.2;19.3;18.8;18.5;17.6
2024-04-11 06:45:26;28.9;45.0;56.8;58.4;43.4;58.8;18.3 °C;19.2;19.3;18.8;18.5;17.6
2024-04-11 06:55:28;28.9;45.0;56.8;58.4;43.4;58.8;18.3 °C;19.1;19.2;18.8;18.5;17.6
2024-04-11 07:05:28;28.9;45.0;56.8;58.4;43.4;58.9;18.3 °C;19.1;19.2;18.8;18.5;17.6
2024-04-11 07:15:27;28.9;45.0;56.8;58.4;43.4;58.9;18.2 °C;19.1;19.2;18.8;18.5;17.6
2024-04-11 07:25:25;28.9;45.0;56.8;58.4;43.4;58.8;18.2 °C;19.1;19.2;18.8;18.5;17.6
2024-04-11 07:35:26;28.9;45.0;56.8;58.4;43.4;58.9;18.1 °C;19.1;19.2;18.8;18.5;17.6
2024-04-11 07:45:24;28.9;45.0;56.8;58.4;43.4;58.9;18.1 °C;19;19.1;18.8;18.5;17.6
2024-04-11 07:55:28;28.9;45.0;56.8;58.4;43.4;58.8;18.1 °C;19;19.1;18.8;18.5;17.6
2024-04-11 08:05:24;28.9;45.0;56.8;58.4;43.4;58.9;18.1 °C;19;19.1;18.8;18.5;17.6
2024-04-11 08:15:23;28.9;45.0;56.8;58.4;43.4;58.9;18.2 °C;18.9;19.1;18.8;18.5;17.6
2024-04-11 08:25:26;28.8;45.0;56.8;58.4;43.4;58.9;18.2 °C;18.9;19.1;18.8;18.5;17.6
2024-04-11 08:35:23;28.9;45.0;56.8;58.4;43.4;58.8;18.3 °C;18.9;19.1;18.8;18.5;17.6
2024-04-11 08:45:26;28.9;45.0;56.8;58.4;43.4;58.9;18.3 °C;18.9;19.1;18.7;18.5;17.6
2024-04-11 08:55:28;28.9;45.0;56.8;58.4;43.4;58.9;18.4 °C;18.9;19.1;18.7;18.5;17.6
2024-04-11 09:05:23;28.9;45.0;56.8;58.4;43.4;58.8;18.4 °C;18.9;19.1;18.7;18.5;17.6
2024-04-11 09:15:25;28.9;45.0;56.8;58.4;43.4;58.9;18.4 °C;18.8;19;18.7;18.5;17.6
2024-04-11 09:25:30;28.9;45.0;56.8;58.4;43.4;58.8;18.5 °C;18.8;19;18.7;18.5;17.6
2024-04-11 09:35:24;28.9;44.9;56.8;58.4;43.4;58.9;18.6 °C;18.8;19;18.7;18.5;17.6
2024-04-11 09:45:24;29.0;44.9;56.8;58.4;43.4;58.9;18.6 °C;18.8;19;18.7;18.5;17.6
2024-04-11 09:55:22;29.0;45.0;56.7;58.4;43.4;58.8;18.7 °C;18.8;19;18.7;18.5;17.6
2024-04-11 10:05:29;29.0;45.1;56.7;58.4;43.4;58.9;18.8 °C;18.8;19;18.7;18.5;17.6
2024-04-11 10:15:30;28.9;44.9;56.8;58.4;43.4;58.9;18.8 °C;18.8;18.9;18.7;18.5;17.6
2024-04-11 10:25:26;29.0;45.0;56.8;58.4;43.4;58.8;18.8 °C;18.8;18.9;18.7;18.4;17.6
2024-04-11 10:35:25;29;45.0;56.8;58.4;43.4;58.9;18.9 °C;18.8;18.9;18.6;18.4;17.6
2024-04-11 10:45:26;29.0;45.0;56.8;58.4;43.4;58.8;18.9 °C;18.8;18.9;18.6;18.4;17.6
2024-04-11 10:55:23;29.0;45.1;56.7;58.4;43.4;58.9;18.9 °C;18.8;18.9;18.6;18.4;17.6
2024-04-11 11:05:29;29.0;45.0;56.8;58.4;43.4;58.9;19 °C;18.8;18.9;18.6;18.4;17.6
2024-04-11 11:15:29;29.0;45.0;56.7;58.4;43.3;58.8;19.1 °C;18.8;18.9;18.6;18.4;17.6
2024-04-11 11:25:29;29.0;45.0;56.7;58.4;43.4;58.9;19.1 °C;18.8;18.9;18.6;18.4;17.6
2024-04-11 11:35:29;29.0;45.0;56.7;58.4;43.4;58.8;19.2 °C;18.8;18.9;18.6;18.4;17.6
2024-04-11 11:45:26;29.0;45.0;56.7;58.4;43.3;58.8;19.3 °C;18.8;18.9;18.6;18.4;17.6
2024-04-11 11:55:24;29.0;45.0;56.7;58.4;43.4;58.8;19.3 °C;18.8;18.9;18.6;18.4;17.6
2024-04-11 12:05:27;29.0;44.9;56.7;58.4;43.4;58.8;19.4 °C;18.8;18.9;18.6;18.4;17.6
2024-04-11 12:15:29;29.0;45.0;56.7;58.4;43.3;58.8;19.4 °C;18.9;18.9;18.6;18.4;17.6
2024-04-11 12:25:29;28.9;45.0;56.7;58.3;43.4;58.8;19.5 °C;18.9;18.9;18.6;18.4;17.6
2024-04-11 12:35:30;28.9;45.0;56.7;58.4;43.3;58.8;19.6 °C;18.9;18.9;18.6;18.4;17.6
2024-04-11 12:45:24;28.9;45.0;56.7;58.4;43.3;58.8;19.6 °C;18.9;18.9;18.6;18.4;17.6
2024-04-11 12:55:28;28.9;45.0;56.7;58.4;43.3;58.8;19.8 °C;18.9;18.9;18.6;18.4;17.6
2024-04-11 13:05:26;28.9;45.0;56.7;58.3;43.3;58.8;19.8 °C;18.9;18.8;18.6;18.4;17.6
2024-04-11 13:15:29;29.0;45.0;56.7;58.3;43.3;58.8;19.9 °C;18.9;18.8;18.6;18.4;17.6
2024-04-11 13:25:29;28.9;45.0;56.7;58.3;43.3;58.8;20.1 °C;18.9;18.8;18.6;18.4;17.6
2024-04-11 13:35:23;28.9;45.0;56.7;58.3;43.3;58.8;20.1 °C;19;18.8;18.6;18.4;17.6
2024-04-11 13:45:30;29.0;45.0;56.7;58.3;43.3;58.8;20.3 °C;19;18.8;18.6;18.4;17.6
2024-04-11 13:55:23;28.9;45.0;56.7;58.3;43.3;58.8;20.3 °C;19.1;18.8;18.6;18.4;17.6
2024-04-11 14:05:29;28.9;45.2;56.7;58.3;43.3;58.8;20.4 °C;19.1;18.9;18.6;18.4;17.6
2024-04-11 14:15:29;28.9;45.0;56.7;58.3;43.3;58.8;20.4 °C;19.1;18.9;18.6;18.4;17.6
2024-04-11 14:25:25;29.0;45.0;56.7;58.3;43.3;58.8;20.5 °C;19.1;18.9;18.5;18.4;17.6
2024-04-11 14:35:30;28.9;45.0;56.7;58.3;43.3;58.8;20.6 °C;19.1;18.9;18.5;18.4;17.6
2024-04-11 14:45:24;28.9;45.0;56.7;58.3;43.3;58.8;20.6 °C;19.2;18.9;18.5;18.4;17.6
2024-04-11 14:55:27;28.9;45.0;56.7;58.3;43.3;58.8;20.7 °C;19.2;18.9;18.5;18.4;17.6
2024-04-11 15:05:23;28.9;45.0;56.7;58.3;43.3;58.8;20.8 °C;19.3;18.9;18.5;18.4;17.6
2024-04-11 15:15:30;29.0;45.0;56.7;58.3;43.3;58.8;20.8 °C;19.3;18.9;18.5;18.4;17.6
2024-04-11 15:25:26;29;45.0;56.7;58.3;43.3;58.8;20.9 °C;19.3;18.9;18.5;18.4;17.6
2024-04-11 15:35:29;29.0;45.1;56.7;58.3;43.3;58.8;20.9 °C;19.3;18.9;18.5;18.4;17.6
2024-04-11 15:45:29;29.1;45.0;56.7;58.3;43.3;58.8;21 °C;19.4;18.9;18.5;18.4;17.6
2024-04-11 15:55:23;29.1;45.0;56.7;58.3;43.3;58.8;21.1 °C;19.4;18.9;18.5;18.4;17.6
2024-04-11 16:05:30;29.1;45.0;56.7;58.3;43.3;58.8;21.1 °C;19.4;18.9;18.5;18.4;17.6
2024-04-11 16:15:23;29.0;45.0;56.7;58.3;43.3;58.8;21.2 °C;19.4;18.9;18.5;18.4;17.6
2024-04-11 16:25:27;29.0;45.0;56.7;58.3;43.3;58.8;21.3 °C;19.5;18.9;18.5;18.4;17.6
2024-04-11 16:35:26;29.0;45.0;56.7;58.3;43.3;58.8;21.3 °C;19.5;18.9;18.5;18.4;17.6
2024-04-11 16:45:24;29.1;45.0;56.7;58.3;43.3;58.8;21.3 °C;19.6;18.9;18.5;18.4;17.6
2024-04-11 16:55:23;29.0;45.0;56.7;58.3;43.3;58.8;21.3 °C;19.6;19;18.5;18.4;17.6
2024-04-11 17:05:27;29.0;45.0;56.7;58.3;43.3;58.8;21.4 °C;19.6;19;18.5;18.4;17.6
2024-04-11 17:15:25;29.1;45.3;56.7;58.3;43.3;58.8;21.4 °C;19.7;19;18.5;18.4;17.6
2024-04-11 17:25:27;28.9;45.1;56.7;58.3;43.3;58.8;21.4 °C;19.7;19;18.5;18.4;17.6
2024-04-11 17:35:26;29.0;45.0;56.7;58.3;43.3;58.8;21.5 °C;19.8;19.1;18.6;18.4;17.6
2024-04-11 17:45:22;29.0;45.0;56.7;58.3;43.3;58.8;21.5 °C;19.8;19.1;18.6;18.4;17.6
2024-04-11 17:55:25;29.0;45.1;56.7;58.3;43.3;58.8;21.5 °C;19.8;19.1;18.6;18.4;17.6
2024-04-11 18:05:26;29.0;45.1;56.7;58.3;43.3;58.8;21.5 °C;19.8;19.1;18.6;18.4;17.6
2024-04-11 18:15:28;29.0;45.1;56.7;58.3;43.3;58.8;21.5 °C;19.9;19.1;18.6;18.4;17.6
2024-04-11 18:25:23;28.9;45.1;56.7;58.3;43.3;58.8;21.4 °C;19.9;19.1;18.6;18.4;17.6
2024-04-11 18:35:23;29.0;45.1;56.7;58.3;43.3;58.8;21.4 °C;19.9;19.1;18.6;18.4;17.6
2024-04-11 18:45:26;29.0;45.1;56.7;58.3;43.3;58.8;21.3 °C;19.9;19.1;18.6;18.4;17.6
2024-04-11 18:55:23;29.0;45.1;56.7;58.3;43.3;58.8;21.3 °C;19.9;19.2;18.6;18.4;17.6
2024-04-11 19:05:23;29.0;45.1;56.8;58.3;43.3;58.8;21.2 °C;20;19.2;18.6;18.4;17.6
2024-04-11 19:15:26;29.0;45.1;56.8;58.3;43.3;58.8;21.1 °C;20;19.2;18.6;18.4;17.6
2024-04-11 19:25:27;29.0;45.1;56.8;58.3;43.3;58.8;21 °C;20;19.2;18.6;18.4;17.6
2024-04-11 19:35:23;29.0;45.1;56.8;58.3;43.3;58.8;20.9 °C;20;19.3;18.6;18.4;17.6
2024-04-11 19:45:25;29.0;45.1;56.8;58.3;43.3;58.8;20.9 °C;20.1;19.3;18.6;18.4;17.6
2024-04-11 19:55:27;29.0;45.1;56.8;58.3;43.3;58.8;20.8 °C;20.1;19.3;18.6;18.4;17.6
2024-04-11 20:05:30;28.9;45.1;56.8;58.3;43.3;58.8;20.7 °C;20.1;19.3;18.6;18.4;17.6
2024-04-11 20:15:26;29.0;45.1;56.8;58.3;43.3;58.8;20.6 °C;20.1;19.3;18.6;18.4;17.6
2024-04-11 20:25:25;28.9;45.1;56.8;58.3;43.3;58.8;20.6 °C;20.1;19.3;18.6;18.4;17.6
2024-04-11 20:35:25;28.9;45.1;56.8;58.3;43.3;58.8;20.5 °C;20.1;19.3;18.6;18.4;17.6
2024-04-11 20:45:23;28.9;45.1;56.8;58.3;43.3;58.8;20.4 °C;20.1;19.3;18.6;18.4;17.6
2024-04-11 20:55:28;28.9;45.1;56.8;58.3;43.3;58.8;20.4 °C;20.1;19.4;18.6;18.4;17.6
2024-04-11 21:05:29;28.9;45.1;56.8;58.3;43.3;58.8;20.3 °C;20.1;19.4;18.7;18.4;17.6
2024-04-11 21:15:29;28.9;45.1;56.8;58.3;43.3;58.8;20.3 °C;20.1;19.4;18.7;18.4;17.6
2024-04-11 21:25:26;28.8;45.1;56.8;58.4;43.3;58.8;20.2 °C;20;19.4;18.7;18.4;17.6
2024-04-11 21:35:28;28.8;45.1;56.8;58.4;43.3;58.8;20.1 °C;20;19.4;18.7;18.4;17.6
2024-04-11 21:45:24;28.9;45.1;56.8;58.3;43.3;58.8;20.1 °C;20;19.4;18.7;18.4;17.6
2024-04-11 21:55:25;28.8;45.1;56.8;58.3;43.3;58.8;20 °C;20;19.4;18.7;18.4;17.6
2024-04-11 22:05:24;28.9;45.1;56.8;58.3;43.3;58.8;19.9 °C;20;19.4;18.7;18.4;17.6
2024-04-11 22:15:25;28.8;45.1;56.8;58.4;43.3;58.8;19.9 °C;20;19.4;18.7;18.4;17.6
2024-04-11 22:25:30;28.8;45.1;56.8;58.3;43.3;58.8;19.8 °C;19.9;19.4;18.8;18.4;17.6
2024-04-11 22:35:28;28.9;45.1;56.8;58.4;43.3;58.8;19.8 °C;19.9;19.4;18.8;18.4;17.6
2024-04-11 22:45:24;28.9;45.1;56.8;58.3;43.3;58.8;19.8 °C;19.9;19.4;18.8;18.4;17.6
2024-04-11 22:55:22;28.9;45.1;56.8;58.4;43.3;58.8;19.7 °C;19.9;19.4;18.8;18.4;17.6
2024-04-11 23:05:29;28.9;45.1;56.8;58.4;43.3;58.8;19.6 °C;19.9;19.4;18.8;18.4;17.6
2024-04-11 23:15:26;28.9;45.1;56.8;58.3;43.3;58.8;19.6 °C;19.9;19.4;18.8;18.4;17.6
2024-04-11 23:25:27;29.0;45.1;56.8;58.3;43.3;58.8;19.5 °C;19.9;19.4;18.8;18.4;17.6
2024-04-11 23:35:23;29.0;45.1;56.8;58.4;43.3;58.8;19.5 °C;19.8;19.4;18.8;18.4;17.6
2024-04-11 23:45:30;29.0;45.1;56.8;58.4;43.3;58.8;19.4 °C;19.8;19.4;18.8;18.4;17.6
2024-04-11 23:55:27;29.0;45.1;56.8;58.4;43.3;58.8;19.4 °C;19.8;19.4;18.8;18.4;17.6
2024-04-12 00:05:27;29.0;45.0;56.8;58.4;43.3;58.8;19.4 °C;19.8;19.4;18.8;18.4;17.6
2024-04-12 00:15:25;29.0;45.0;56.8;58.4;43.3;58.8;19.3 °C;19.8;19.4;18.8;18.4;17.6
2024-04-12 00:25:23;29.1;45.0;56.8;58.4;43.3;58.8;19.3 °C;19.8;19.4;18.8;18.5;17.6
2024-04-12 00:35:30;29.1;45.0;56.8;58.4;43.3;58.8;19.3 °C;19.7;19.4;18.8;18.5;17.6
2024-04-12 00:45:23;29.1;45.0;56.8;58.4;43.3;58.8;19.2 °C;19.7;19.4;18.8;18.5;17.6
2024-04-12 00:55:22;29.1;45.0;56.8;58.4;43.3;58.8;19.1 °C;19.7;19.4;18.8;18.5;17.6
2024-04-12 01:05:25;29.1;45.0;56.8;58.4;43.3;58.8;19.1 °C;19.6;19.4;18.8;18.5;17.6
2024-04-12 01:15:26;29.1;45.0;56.8;58.4;43.3;58.8;19.1 °C;19.6;19.4;18.8;18.5;17.6
2024-04-12 01:25:27;29.0;45.0;56.8;58.4;43.3;58.8;19 °C;19.6;19.4;18.8;18.5;17.6
2024-04-12 01:35:23;29.1;45.1;56.8;58.4;43.3;58.8;19 °C;19.6;19.4;18.8;18.5;17.6
2024-04-12 01:45:25;29.0;45.1;56.8;58.4;43.3;58.8;18.9 °C;19.6;19.4;18.8;18.5;17.6
2024-04-12 01:55:26;29.1;45.0;56.8;58.4;43.3;58.8;18.9 °C;19.6;19.4;18.8;18.5;17.6
2024-04-12 02:05:29;29;45.0;56.8;58.4;43.3;58.8;18.9 °C;19.5;19.4;18.8;18.5;17.6
2024-04-12 02:15:29;28.9;45.0;56.8;58.4;43.3;58.8;18.8 °C;19.5;19.4;18.8;18.5;17.6
2024-04-12 02:25:26;28.9;45.0;56.8;58.4;43.3;58.8;18.8 °C;19.4;19.4;18.8;18.5;17.6
2024-04-12 02:35:28;28.9;45.0;56.8;58.4;43.3;58.8;18.8 °C;19.4;19.4;18.8;18.5;17.6
2024-04-12 02:45:25;29.0;45.0;56.8;58.4;43.3;58.8;18.7 °C;19.4;19.4;18.8;18.5;17.6
2024-04-12 02:55:25;29.0;45.0;56.8;58.4;43.3;58.8;18.7 °C;19.4;19.3;18.8;18.5;17.6
2024-04-12 03:05:23;29.0;45.0;56.8;58.4;43.3;58.8;18.6 °C;19.4;19.3;18.8;18.5;17.6
2024-04-12 03:15:29;29.0;45.0;56.8;58.4;43.3;58.8;18.6 °C;19.4;19.3;18.8;18.5;17.6
2024-04-12 03:25:26;28.9;45.0;56.8;58.4;43.3;58.8;18.6 °C;19.3;19.3;18.8;18.5;17.6
2024-04-12 03:35:24;28.9;45.0;56.8;58.4;43.3;58.8;18.5 °C;19.3;19.3;18.8;18.6;17.6
2024-04-12 03:45:28;28.9;45.0;56.8;58.4;43.3;58.8;18.5 °C;19.3;19.3;18.8;18.6;17.6
2024-04-12 03:55:24;28.9;45.0;56.8;58.4;43.3;58.8;18.4 °C;19.3;19.3;18.8;18.6;17.7
2024-04-12 04:05:25;28.9;44.9;56.8;58.4;43.3;58.8;18.4 °C;19.3;19.3;18.8;18.6;17.7
2024-04-12 04:15:30;28.9;45.0;56.8;58.4;43.3;58.8;18.4 °C;19.2;19.3;18.8;18.6;17.7
2024-04-12 04:25:23;28.9;45.0;56.8;58.4;43.3;58.8;18.4 °C;19.2;19.3;18.8;18.6;17.7
2024-04-12 04:35:23;29.0;44.9;56.8;58.4;43.3;58.8;18.3 °C;19.2;19.3;18.8;18.6;17.7
2024-04-12 04:45:26;29.0;45.0;56.7;58.4;43.3;58.8;18.3 °C;19.1;19.3;18.8;18.6;17.7
2024-04-12 04:55:24;29.0;45.0;56.8;58.4;43.3;58.8;18.3 °C;19.1;19.2;18.8;18.6;17.7
2024-04-12 05:05:23;29.0;44.9;56.7;58.4;43.3;58.8;18.2 °C;19.1;19.2;18.8;18.6;17.7
2024-04-12 05:15:23;29.0;44.9;56.7;58.4;43.3;58.8;18.2 °C;19.1;19.2;18.8;18.6;17.7
2024-04-12 05:25:25;29.1;44.9;56.7;58.4;43.3;58.8;18.1 °C;19.1;19.2;18.8;18.6;17.7
2024-04-12 05:35:27;29.1;44.9;56.7;58.4;43.3;58.8;18.1 °C;19.1;19.2;18.8;18.6;17.7
2024-04-12 05:45:25;29.0;44.9;56.7;58.4;43.3;58.8;18.1 °C;19;19.2;18.8;18.6;17.7
2024-04-12 05:55:26;29.0;44.9;56.7;58.4;43.3;58.8;18 °C;19;19.1;18.8;18.6;17.7
2024-04-12 06:05:24;29.0;44.9;56.7;58.4;43.3;58.8;18 °C;18.9;19.1;18.8;18.6;17.7
2024-04-12 06:15:24;29.1;44.9;56.7;58.4;43.3;58.8;17.9 °C;18.9;19.1;18.8;18.6;17.7
2024-04-12 06:25:29;29;44.9;56.7;58.4;43.3;58.8;17.9 °C;18.9;19.1;18.8;18.6;17.7
2024-04-12 06:35:25;29.2;44.9;56.7;58.3;43.3;58.8;17.9 °C;18.9;19.1;18.8;18.6;17.7
2024-04-12 06:45:26;29.2;44.9;56.7;58.4;43.3;58.8;17.9 °C;18.9;19.1;18.8;18.6;17.7
2024-04-12 06:55:24;29.2;44.9;56.7;58.3;43.3;58.8;17.9 °C;18.9;19.1;18.8;18.6;17.7
2024-04-12 07:05:24;29.2;44.9;56.7;58.4;43.3;58.8;17.8 °C;18.8;19.1;18.8;18.6;17.7
2024-04-12 07:15:29;29.1;44.9;56.7;58.3;43.3;58.8;17.8 °C;18.8;19.1;18.8;18.6;17.7
2024-04-12 07:25:25;29.1;44.9;56.7;58.3;43.3;58.8;17.8 °C;18.8;19;18.8;18.6;17.7
2024-04-12 07:35:26;29.1;44.9;56.7;58.3;43.3;58.8;17.8 °C;18.8;19;18.8;18.6;17.7
2024-04-12 07:45:26;29.1;44.9;56.7;58.3;43.3;58.8;17.8 °C;18.8;19;18.8;18.6;17.7
2024-04-12 07:55:23;29.1;44.9;56.7;58.3;43.3;58.8;17.8 °C;18.7;19;18.7;18.6;17.7
2024-04-12 08:05:22;29.1;44.9;56.6;58.4;43.3;58.8;17.8 °C;18.7;19;18.7;18.6;17.7
2024-04-12 08:15:28;29.1;44.9;56.7;58.4;43.3;58.8;17.9 °C;18.7;18.9;18.7;18.6;17.7
2024-04-12 08:25:28;29.1;44.9;56.7;58.4;43.3;58.8;17.9 °C;18.7;18.9;18.7;18.6;17.7
2024-04-12 08:35:30;29.1;44.9;56.7;58.3;43.3;58.8;17.9 °C;18.6;18.9;18.7;18.6;17.7
2024-04-12 08:45:27;29.1;44.9;56.7;58.3;43.3;58.8;18 °C;18.6;18.9;18.7;18.6;17.7
2024-04-12 08:55:26;29.2;44.9;56.6;58.3;43.3;58.8;18.1 °C;18.6;18.9;18.7;18.6;17.7
2024-04-12 09:05:28;29.1;44.9;56.7;58.3;43.3;58.8;18.2 °C;18.6;18.9;18.7;18.6;17.7
2024-04-12 09:15:24;29.0;44.9;56.6;58.3;43.3;58.8;18.3 °C;18.6;18.9;18.7;18.5;17.7
2024-04-12 09:25:26;29.0;44.8;56.6;58.3;43.3;58.8;18.4 °C;18.6;18.9;18.7;18.5;17.7
2024-04-12 09:35:23;29.1;44.8;56.6;58.3;43.3;58.8;18.5 °C;18.6;18.9;18.6;18.5;17.7
2024-04-12 09:45:26;29.0;44.8;56.6;58.3;43.3;58.8;18.6 °C;18.6;18.9;18.6;18.5;17.7
2024-04-12 09:55:26;29.0;44.8;56.6;58.3;43.3;58.8;18.8 °C;18.6;18.8;18.6;18.5;17.7
2024-04-12 10:05:27;29.0;44.8;56.6;58.3;43.3;58.8;18.9 °C;18.6;18.8;18.6;18.5;17.7
2024-04-12 10:15:22;29.0;44.8;56.6;58.3;43.3;58.8;19 °C;18.6;18.8;18.6;18.5;17.7
2024-04-12 10:25:28;29.1;44.8;56.6;58.3;43.3;58.8;19.1 °C;18.6;18.8;18.6;18.5;17.7
2024-04-12 10:35:29;29.0;44.8;56.6;58.3;43.3;58.8;19.3 °C;18.6;18.8;18.6;18.5;17.7
2024-04-12 10:45:24;29.7;44.8;56.6;58.3;43.3;58.8;19.5 °C;18.6;18.8;18.6;18.5;17.7
2024-04-12 10:55:23;29.4;44.9;56.6;58.2;43.3;58.8;19.6 °C;18.6;18.8;18.6;18.5;17.7
2024-04-12 11:05:26;29.4;44.9;56.6;58.3;43.3;58.8;19.6 °C;18.6;18.8;18.6;18.5;17.7
2024-04-12 11:15:29;29.6;44.9;56.6;58.3;43.3;58.8;19.6 °C;18.6;18.8;18.6;18.5;17.7
2024-04-12 11:25:28;29.6;44.9;56.5;58.3;43.3;58.8;19.6 °C;18.7;18.8;18.6;18.5;17.7
2024-04-12 11:35:23;29.7;44.9;56.6;58.2;43.3;58.8;19.6 °C;18.7;18.8;18.6;18.5;17.7
2024-04-12 11:45:26;29.5;44.9;56.5;58.2;43.3;58.8;19.7 °C;18.7;18.8;18.6;18.5;17.7
2024-04-12 11:55:30;29.5;44.9;56.5;58.2;43.3;58.8;19.7 °C;18.8;18.8;18.6;18.5;17.7
2024-04-12 12:05:23;29.5;45.1;56.5;58.2;43.3;58.8;19.8 °C;18.8;18.8;18.6;18.5;17.7
2024-04-12 12:15:22;29.5;44.9;56.5;58.2;43.3;58.8;19.8 °C;18.8;18.8;18.6;18.5;17.7
2024-04-12 12:25:29;29.5;44.9;56.5;58.2;43.3;58.8;19.9 °C;18.8;18.8;18.6;18.5;17.7
2024-04-12 12:35:23;29.9;44.8;56.5;58.2;43.3;58.8;20.1 °C;18.8;18.8;18.5;18.5;17.7
2024-04-12 12:45:22;29.8;44.8;56.5;58.2;43.3;58.8;20.4 °C;18.9;18.8;18.5;18.5;17.7
2024-04-12 12:55:25;29.9;44.9;56.5;58.2;43.3;58.8;20.6 °C;18.9;18.8;18.5;18.4;17.7
2024-04-12 13:05:23;29.7;44.9;56.5;58.2;43.3;58.8;20.8 °C;18.9;18.8;18.5;18.4;17.7
2024-04-12 13:15:23;29.6;44.9;56.5;58.2;43.2;58.8;21 °C;18.9;18.8;18.5;18.4;17.7
2024-04-12 13:25:23;29.6;44.9;56.5;58.2;43.2;58.8;21.2 °C;19;18.8;18.5;18.4;17.7
2024-04-12 13:35:23;29.7;44.9;56.5;58.2;43.3;58.8;21.4 °C;19;18.8;18.5;18.4;17.7
2024-04-12 13:45:23;29.8;44.9;56.5;58.2;43.2;58.8;21.6 °C;19.1;18.8;18.5;18.4;17.7
2024-04-12 13:55:23;29.8;44.9;56.5;58.2;43.3;58.8;21.8 °C;19.1;18.8;18.5;18.4;17.7
2024-04-12 14:05:23;29.9;44.9;56.5;58.2;43.2;58.8;21.9 °C;19.2;18.8;18.5;18.4;17.7
2024-04-12 14:15:22;29.9;44.9;56.6;58.2;43.3;58.8;22.1 °C;19.3;18.8;18.5;18.4;17.7
2024-04-12 14:25:24;29.5;45.2;56.5;58.2;43.2;58.8;22.2 °C;19.3;18.8;18.5;18.4;17.7
2024-04-12 14:35:28;29.6;45.3;56.5;58.2;43.2;58.8;22.3 °C;19.4;18.8;18.5;18.4;17.7
2024-04-12 14:45:29;29.7;45.0;56.5;58.2;43.2;58.8;22.4 °C;19.4;18.8;18.5;18.4;17.7
2024-04-12 14:55:26;29.7;45.0;56.5;58.2;43.2;58.8;22.6 °C;19.5;18.9;18.5;18.4;17.7
2024-04-12 15:05:24;29.9;45.0;56.5;58.2;43.2;58.8;22.7 °C;19.6;18.9;18.5;18.4;17.7
2024-04-12 15:15:24;29.9;45.0;56.5;58.2;43.2;58.8;22.8 °C;19.6;18.9;18.5;18.4;17.7
2024-04-12 15:25:24;29.8;45.0;56.5;58.2;43.2;58.8;22.9 °C;19.7;18.9;18.5;18.4;17.7
2024-04-12 15:35:24;30.1;45.0;56.6;58.2;43.2;58.8;23 °C;19.8;18.9;18.5;18.4;17.7
2024-04-12 15:45:28;30.1;45;56.6;58.2;43.2;58.8;23.1 °C;19.9;18.9;18.5;18.4;17.7
2024-04-12 15:55:28;30.1;45.0;56.6;58.2;43.2;58.8;23.2 °C;19.9;19;18.5;18.4;17.7
2024-04-12 16:05:28;30.1;45.1;56.6;58.2;43.2;58.8;23.3 °C;20;19;18.5;18.4;17.7
2024-04-12 16:15:28;30.1;45.1;56.6;58.2;43.2;58.8;23.3 °C;20.1;19;18.5;18.4;17.7
2024-04-12 16:25:25;30.1;45.1;56.6;58.2;43.2;58.8;23.4 °C;20.1;19.1;18.5;18.4;17.7
2024-04-12 16:35:22;30.1;45.0;56.6;58.2;43.2;58.8;23.4 °C;20.2;19.1;18.5;18.4;17.7
2024-04-12 16:45:28;30.1;45.0;56.6;58.2;43.2;58.8;23.4 °C;20.3;19.1;18.6;18.4;17.7
2024-04-12 16:55:24;30.0;45.0;56.6;58.2;43.2;58.7;23.5 °C;20.3;19.1;18.6;18.4;17.7
2024-04-12 17:05:29;29.9;45.1;56.6;58.1;43.2;58.8;23.5 °C;20.4;19.2;18.6;18.4;17.7
2024-04-12 17:15:27;29.7;45.1;56.6;58.2;43.2;58.8;23.5 °C;20.4;19.2;18.6;18.4;17.6
2024-04-12 17:25:26;29.8;45.1;56.6;58.2;43.2;58.8;23.5 °C;20.5;19.3;18.6;18.4;17.7
2024-04-12 17:35:25;30.3;45.1;56.6;58.1;43.2;58.7;23.5 °C;20.6;19.3;18.6;18.4;17.6
2024-04-12 17:45:22;30.2;45.1;56.6;58.2;43.2;58.8;23.4 °C;20.6;19.3;18.6;18.4;17.7
2024-04-12 17:55:28;30.2;45.1;56.6;58.2;43.2;58.7;23.4 °C;20.7;19.3;18.6;18.4;17.6
2024-04-12 18:05:25;30.3;45.1;56.6;58.2;43.2;58.8;23.4 °C;20.8;19.4;18.6;18.4;17.7
2024-04-12 18:15:26;30.3;45.1;56.7;58.2;43.2;58.7;23.3 °C;20.8;19.4;18.6;18.4;17.7
2024-04-12 18:25:25;29.7;45.1;56.7;58.2;43.2;58.7;23.3 °C;20.8;19.4;18.6;18.4;17.6
2024-04-12 18:35:22;29.8;45.2;56.7;58.2;43.2;58.7;23.1 °C;20.9;19.4;18.6;18.4;17.6
2024-04-12 18:45:24;29.8;45.2;56.7;58.2;43.2;58.8;23.1 °C;20.9;19.5;18.7;18.4;17.6
2024-04-12 18:55:24;29.7;45.1;56.7;58.2;43.2;58.7;22.9 °C;20.9;19.6;18.7;18.4;17.6
2024-04-12 19:05:29;34.2;45.2;56.7;58.2;43.2;58.7;23.1 °C;20.9;19.6;18.7;18.4;17.6
2024-04-12 19:15:26;34.5;45.2;56.7;58.2;43.2;58.7;22.9 °C;21;19.6;18.7;18.4;17.6
2024-04-12 19:25:24;34.4;45.2;56.7;58.2;43.2;58.7;22.8 °C;21;19.6;18.7;18.4;17.6
2024-04-12 19:35:29;34.5;45.2;56.7;58.2;43.2;58.7;22.7 °C;21;19.6;18.8;18.4;17.6
2024-04-12 19:45:22;34.6;45.2;56.9;58.2;43.2;58.7;22.6 °C;21.1;19.7;18.8;18.4;17.7
2024-04-12 19:55:28;34.5;45.2;57.0;58.2;43.2;58.8;22.4 °C;21.1;19.7;18.8;18.4;17.6
2024-04-12 20:05:29;34.5;45.2;57.0;58.2;43.2;58.7;22.3 °C;21.1;19.8;18.8;18.4;17.7
2024-04-12 20:15:23;34.5;45.2;57.3;58.2;43.2;58.7;22.2 °C;21.1;19.8;18.8;18.4;17.7
2024-04-12 20:25:22;34.4;45.2;57.7;58.3;43.2;58.7;22.1 °C;21.1;19.8;18.8;18.5;17.7
2024-04-12 20:35:29;34.3;45.2;58.0;58.3;43.3;58.8;22 °C;21.1;19.8;18.8;18.5;17.7
2024-04-12 20:45:22;34.3;45.2;58.1;58.3;43.3;58.7;21.9 °C;21.1;19.8;18.9;18.5;17.7
2024-04-12 20:55:25;34.4;45.2;58.0;58.3;43.3;58.7;21.8 °C;21.1;19.9;18.9;18.5;17.7
2024-04-12 21:05:26;34.4;45.2;58.0;58.3;43.3;58.7;21.8 °C;21.1;19.9;18.9;18.5;17.7
2024-04-12 21:15:29;34.4;45.2;58.0;58.3;43.3;58.7;21.7 °C;21.1;19.9;18.9;18.5;17.7
2024-04-12 21:25:26;34.2;45.1;57.9;58.3;43.3;58.8;21.6 °C;21;19.9;18.9;18.5;17.7
2024-04-12 21:35:25;34.2;45.1;57.9;58.3;43.3;58.8;21.5 °C;21;19.9;18.9;18.5;17.7
2024-04-12 21:45:22;34.3;45.2;57.9;58.3;43.2;58.7;21.4 °C;21;19.9;18.9;18.6;17.7
2024-04-12 21:55:29;34.2;45.1;58.0;58.3;43.2;58.7;21.4 °C;21;19.9;18.9;18.6;17.7
2024-04-12 22:05:23;34.2;45.1;58.0;58.3;43.3;58.7;21.3 °C;21;20;19;18.6;17.7
2024-04-12 22:15:23;34.2;45.1;57.9;58.3;43.3;58.8;21.2 °C;20.9;20;19;18.6;17.7
2024-04-12 22:25:22;34.3;45.1;58.0;58.3;43.2;58.7;21.1 °C;20.9;20;19;18.6;17.7
2024-04-12 22:35:28;34.3;45.1;58.0;58.3;43.3;58.8;21.1 °C;20.9;20;19;18.6;17.7
2024-04-12 22:45:28;34.3;45.1;58.0;58.3;43.3;58.8;21 °C;20.9;20;19;18.6;17.7
2024-04-12 22:55:28;34.4;45.1;58.0;58.3;43.3;58.8;20.9 °C;20.9;20;19.1;18.6;17.7
2024-04-12 23:05:28;34.5;45.1;58.0;58.3;43.3;58.8;20.9 °C;20.9;20.1;19.1;18.6;17.7
2024-04-12 23:15:23;34.4;45.1;58.0;58.4;43.3;58.8;20.8 °C;20.8;20.1;19.1;18.6;17.7
2024-04-12 23:25:24;34.4;45.1;58.0;58.4;43.3;58.7;20.8 °C;20.8;20.1;19.1;18.6;17.7
2024-04-12 23:35:25;34.4;45.1;58.0;58.4;43.3;58.8;20.7 °C;20.8;20.1;19.1;18.6;17.7
2024-04-12 23:45:22;34.4;45.1;58.0;58.4;43.3;58.8;20.6 °C;20.8;20.1;19.1;18.6;17.7
2024-04-12 23:55:24;34.4;45.1;58.0;58.4;43.3;58.8;20.6 °C;20.8;20.1;19.1;18.6;17.8
2024-04-13 00:05:28;34.5;45.0;58.0;58.4;43.3;58.8;20.5 °C;20.8;20.1;19.1;18.6;17.8
2024-04-13 00:15:29;34.5;45.1;58.0;58.4;43.3;58.8;20.4 °C;20.7;20.1;19.1;18.7;17.8
2024-04-13 00:25:27;34.3;45.1;58.0;58.4;43.3;58.8;20.4 °C;20.7;20.1;19.1;18.7;17.8
2024-04-13 00:35:21;34.3;45.1;58.0;58.4;43.3;58.8;20.3 °C;20.6;20.1;19.1;18.7;17.8
2024-04-13 00:45:28;34.4;45.1;58.0;58.4;43.3;58.8;20.3 °C;20.6;20.1;19.2;18.7;17.8
2024-04-13 00:55:25;34.5;45.1;58.0;58.4;43.3;58.8;20.2 °C;20.6;20.1;19.2;18.7;17.8
2024-04-13 01:05:22;34.4;45.0;58.0;58.4;43.3;58.8;20.1 °C;20.6;20.1;19.2;18.7;17.8
2024-04-13 01:15:25;34.4;45.0;58.0;58.4;43.3;58.8;20.1 °C;20.6;20.1;19.2;18.7;17.8
2024-04-13 01:25:23;34.4;45.0;58.0;58.4;43.3;58.8;20 °C;20.5;20.1;19.2;18.7;17.8
2024-04-13 01:35:21;34.5;45.0;58.0;58.4;43.3;58.8;19.9 °C;20.5;20.1;19.2;18.8;17.8
2024-04-13 01:45:24;34.5;45.0;58.0;58.4;43.3;58.8;19.9 °C;20.4;20.1;19.2;18.8;17.8
2024-04-13 01:55:29;34.5;45.0;58.0;58.4;43.3;58.8;19.9 °C;20.4;20.1;19.2;18.8;17.8
2024-04-13 02:05:26;34.5;45.0;58.0;58.4;43.3;58.8;19.8 °C;20.4;20;19.2;18.8;17.8
2024-04-13 02:15:24;34.5;45.0;58.0;58.4;43.3;58.8;19.8 °C;20.4;20;19.2;18.8;17.8
2024-04-13 02:25:27;34.6;45.0;58.0;58.4;43.3;58.8;19.7 °C;20.3;20;19.3;18.8;17.8
2024-04-13 02:35:24;34.7;45.0;57.9;58.4;43.3;58.8;19.7 °C;20.3;20;19.3;18.8;17.8
2024-04-13 02:45:24;34.6;44.9;58.0;58.4;43.3;58.8;19.6 °C;20.3;20;19.3;18.8;17.8
2024-04-13 02:55:26;34.7;45.0;58.0;58.4;43.3;58.8;19.6 °C;20.3;20;19.3;18.8;17.8
2024-04-13 03:05:29;34.5;45.0;57.9;58.4;43.3;58.8;19.6 °C;20.3;20;19.3;18.8;17.8
2024-04-13 03:15:26;34.6;45.0;58.0;58.4;43.3;58.8;19.5 °C;20.2;19.9;19.3;18.8;17.8
2024-04-13 03:25:23;34.5;45.0;58.0;58.4;43.3;58.8;19.4 °C;20.2;19.9;19.3;18.8;17.8
2024-04-13 03:35:24;34.5;44.9;57.9;58.4;43.3;58.8;19.4 °C;20.1;19.9;19.3;18.8;17.8
2024-04-13 03:45:24;34.6;44.9;57.9;58.4;43.3;58.8;19.3 °C;20.1;19.9;19.3;18.8;17.8
2024-04-13 03:55:22;34.6;44.9;57.9;58.4;43.3;58.8;19.3 °C;20.1;19.9;19.3;18.8;17.9
2024-04-13 04:05:24;34.5;44.9;57.9;58.4;43.3;58.8;19.3 °C;20.1;19.9;19.3;18.8;17.8
2024-04-13 04:15:26;34.7;44.9;57.9;58.4;43.3;58.8;19.2 °C;20.1;19.9;19.3;18.8;17.9
2024-04-13 04:25:25;34.6;44.9;57.9;58.4;43.3;58.8;19.2 °C;20;19.9;19.3;18.8;17.9
2024-04-13 04:35:26;34.6;44.9;57.9;58.4;43.3;58.8;19.1 °C;20;19.9;19.3;18.8;17.9
2024-04-13 04:55:24;34.6;44.9;57.9;58.4;43.3;58.8;19.1 °C;19.9;19.9;19.3;18.8;17.9
2024-04-13 05:05:27;34.6;44.9;57.9;58.4;43.3;58.8;19 °C;19.9;19.9;19.3;18.9;17.9
2024-04-13 05:15:24;34.6;44.9;57.9;58.4;43.3;58.8;18.9 °C;19.9;19.8;19.3;18.9;17.9
2024-04-13 05:25:29;34.6;44.9;57.9;58.4;43.3;58.8;18.9 °C;19.8;19.8;19.3;18.9;17.9
2024-04-13 05:35:27;34.6;44.9;57.9;58.4;43.3;58.8;18.9 °C;19.8;19.8;19.3;18.9;17.9
2024-04-13 05:45:25;34.6;44.9;57.9;58.4;43.3;58.8;18.8 °C;19.8;19.8;19.3;18.9;17.9
2024-04-13 05:55:24;34.6;44.9;57.9;58.4;43.3;58.8;18.8 °C;19.8;19.8;19.3;18.9;17.9
2024-04-13 06:05:24;34.6;44.9;57.9;58.4;43.3;58.8;18.8 °C;19.8;19.8;19.3;18.9;17.9
2024-04-13 06:15:22;34.6;44.9;57.9;58.4;43.3;58.8;18.7 °C;19.7;19.8;19.3;18.9;17.9
2024-04-13 06:25:29;34.6;44.9;57.8;58.4;43.3;58.8;18.7 °C;19.7;19.8;19.3;18.9;17.9
2024-04-13 06:35:26;34.6;44.9;57.9;58.4;43.3;58.8;18.6 °C;19.6;19.8;19.3;18.9;17.9
2024-04-13 06:45:22;34.6;44.9;57.9;58.4;43.3;58.8;18.6 °C;19.6;19.7;19.2;18.9;17.9
2024-04-13 06:55:24;34.7;44.8;57.9;58.4;43.3;58.8;18.6 °C;19.6;19.7;19.2;18.9;17.9
2024-04-13 07:05:23;34.7;44.8;57.9;58.4;43.3;58.8;18.6 °C;19.6;19.7;19.2;18.9;17.9
2024-04-13 07:15:24;34.6;44.8;57.9;58.4;43.3;58.8;18.6 °C;19.5;19.7;19.2;18.9;17.9
2024-04-13 07:25:29;34.5;44.8;57.8;58.4;43.3;58.8;18.5 °C;19.5;19.6;19.2;18.9;17.9
2024-04-13 07:35:25;34.0;44.8;57.8;58.4;43.3;58.8;18.5 °C;19.5;19.6;19.2;18.9;17.9
2024-04-13 07:45:24;30.0;44.8;57.8;58.4;43.3;58.8;18.5 °C;19.4;19.6;19.2;18.9;17.9
2024-04-13 07:55:29;30.1;44.8;57.8;58.4;43.3;58.8;18.5 °C;19.4;19.6;19.2;18.9;17.9
2024-04-13 08:05:23;30.0;44.8;57.8;58.4;43.3;58.8;18.5 °C;19.4;19.6;19.2;18.9;17.9
2024-04-13 08:15:26;30.1;44.8;57.8;58.4;43.3;58.8;18.5 °C;19.4;19.6;19.2;18.9;17.9
2024-04-13 08:25:22;30.0;44.8;57.8;58.4;43.3;58.8;18.6 °C;19.4;19.6;19.2;18.9;17.9
2024-04-13 08:35:29;30.0;44.8;57.8;58.4;43.3;58.8;18.6 °C;19.3;19.6;19.2;18.9;17.9
2024-04-13 08:45:27;30.0;44.8;57.8;58.4;43.3;58.8;18.7 °C;19.3;19.5;19.2;18.9;17.9
2024-04-13 08:55:26;30.0;44.8;57.8;58.4;43.3;58.8;18.8 °C;19.3;19.5;19.1;18.9;17.9
2024-04-13 09:05:22;30.1;44.8;57.8;58.4;43.3;58.8;18.9 °C;19.3;19.5;19.1;18.9;17.9
2024-04-13 09:15:28;30.2;44.8;57.8;58.4;43.3;58.8;19 °C;19.3;19.5;19.1;18.9;17.9
2024-04-13 09:25:22;30.0;44.8;57.7;58.4;43.3;58.8;19.1 °C;19.3;19.4;19.1;18.9;17.9
2024-04-13 09:35:28;30.1;44.8;57.8;58.4;43.3;58.8;19.2 °C;19.3;19.4;19.1;18.9;17.9
2024-04-13 09:45:26;30.1;44.8;57.7;58.3;43.3;58.8;19.3 °C;19.3;19.4;19.1;18.9;17.9
2024-04-13 09:55:29;30.1;44.8;57.7;58.4;43.3;58.8;19.4 °C;19.3;19.4;19.1;18.9;17.9
2024-04-13 10:05:27;30.1;44.8;57.7;58.3;43.3;58.8;19.6 °C;19.3;19.4;19.1;18.9;17.9
2024-04-13 10:15:26;30.1;44.8;57.7;58.3;43.3;58.9;19.7 °C;19.3;19.4;19.1;18.9;17.9
2024-04-13 10:25:26;30.2;44.8;57.7;58.3;43.3;58.9;19.9 °C;19.3;19.4;19.1;18.9;17.9
2024-04-13 10:35:28;30.2;44.8;57.7;58.3;43.3;58.8;20 °C;19.3;19.4;19.1;18.9;18
2024-04-13 10:45:21;30.2;44.8;57.7;58.3;43.3;58.8;20.1 °C;19.3;19.4;19.1;18.9;18
2024-04-13 10:55:27;30.2;44.8;57.7;58.3;43.3;58.8;20.3 °C;19.3;19.4;19.1;18.9;18
2024-04-13 11:05:24;30.2;44.8;57.7;58.3;43.3;58.8;20.3 °C;19.3;19.4;19.1;18.9;18
2024-04-13 11:15:24;30.2;44.8;57.7;58.3;43.3;58.8;20.3 °C;19.3;19.3;19.1;18.9;18
2024-04-13 11:25:26;30.2;44.8;57.7;58.3;43.3;58.8;20.4 °C;19.3;19.3;19.1;18.9;18
2024-04-13 11:35:28;30.2;44.8;57.7;58.3;43.3;58.8;20.4 °C;19.3;19.3;19.1;18.9;18
2024-04-13 11:45:26;30.2;44.7;57.7;58.3;43.3;58.8;20.4 °C;19.4;19.3;19.1;18.9;18
2024-04-13 11:55:25;30.2;44.8;57.7;58.3;43.3;58.8;20.4 °C;19.4;19.3;19;18.9;18
2024-04-13 12:05:23;30.3;44.7;57.7;58.3;43.3;58.8;20.4 °C;19.4;19.3;19;18.9;18
2024-04-13 12:15:27;30.3;44.7;57.7;58.3;43.3;58.8;20.6 °C;19.4;19.3;19;18.9;18
2024-04-13 12:25:26;30.3;44.7;57.7;58.2;43.3;58.8;20.7 °C;19.4;19.3;19;18.9;18
2024-04-13 12:35:21;30.3;44.8;57.7;58.2;43.3;58.8;20.9 °C;19.5;19.3;19;18.9;18
2024-04-13 12:45:24;30.3;44.8;57.7;58.2;43.3;58.8;21.1 °C;19.5;19.3;19;18.9;18
2024-04-13 12:55:24;30.2;44.8;57.7;58.2;43.3;58.8;21.3 °C;19.5;19.3;19;18.9;18
2024-04-13 13:05:21;30.3;44.7;57.7;58.2;43.3;58.8;21.5 °C;19.6;19.3;19;18.8;18
2024-04-13 13:15:23;30.3;44.8;57.7;58.2;43.3;58.8;21.8 °C;19.6;19.3;19;18.8;18
2024-04-13 13:25:27;30.3;44.8;57.7;58.2;43.3;58.8;22 °C;19.6;19.3;19;18.8;18
2024-04-13 13:35:27;30.3;44.8;57.7;58.2;43.3;58.8;22.2 °C;19.7;19.3;19;18.8;18
2024-04-13 13:45:28;30.4;44.8;57.7;58.2;43.3;58.8;22.4 °C;19.8;19.3;19;18.8;18
2024-04-13 13:55:28;30.5;44.8;57.7;58.2;43.3;58.8;22.6 °C;19.8;19.3;19;18.8;18
2024-04-13 14:05:21;30.5;44.8;57.7;58.2;43.2;58.8;22.8 °C;19.8;19.4;19;18.8;18
2024-04-13 14:15:28;30.5;44.8;57.6;58.2;43.3;58.8;22.9 °C;19.9;19.4;19;18.8;18
2024-04-13 14:25:24;30.5;44.8;57.6;58.2;43.3;58.8;23.1 °C;19.9;19.4;19;18.8;18
2024-04-13 14:35:23;30.5;44.8;57.6;58.2;43.2;58.8;23.3 °C;20.1;19.4;19;18.8;18
2024-04-13 14:45:22;30.5;44.8;57.7;58.2;43.2;58.8;23.4 °C;20.1;19.4;19;18.8;18
2024-04-13 14:55:25;30.5;44.8;57.7;58.2;43.2;58.8;23.5 °C;20.2;19.4;19;18.8;18
2024-04-13 15:05:24;30.5;44.8;57.7;58.2;43.2;58.8;23.6 °C;20.3;19.4;19;18.8;18
2024-04-13 15:15:28;30.6;44.9;57.7;58.2;43.2;58.8;23.8 °C;20.3;19.4;19;18.8;18
2024-04-13 15:25:25;30.6;44.9;57.7;58.2;43.2;58.8;23.9 °C;20.4;19.5;19;18.8;18
2024-04-13 15:35:28;30.6;44.9;57.7;58.2;43.2;58.8;24 °C;20.5;19.5;19;18.8;18
2024-04-13 15:45:28;30.5;44.9;57.7;58.2;43.2;58.8;24.1 °C;20.6;19.5;19;18.8;18
2024-04-13 15:55:21;30.5;44.9;57.7;58.2;43.2;58.8;24.1 °C;20.6;19.6;19;18.8;18
2024-04-13 16:05:28;30.6;44.9;57.7;58.2;43.2;58.8;24.2 °C;20.7;19.6;19;18.8;18
2024-04-13 16:15:24;30.5;44.9;57.7;58.2;43.2;58.8;24.3 °C;20.8;19.6;19;18.8;18
2024-04-13 16:25:21;30.6;44.9;57.7;58.2;43.2;58.8;24.3 °C;20.8;19.6;19;18.8;18
2024-04-13 16:35:25;30.6;44.9;57.7;58.2;43.2;58.8;24.3 °C;20.9;19.7;19;18.8;18
2024-04-13 16:45:22;30.6;45.0;57.7;58.2;43.2;58.8;24.4 °C;21;19.7;19;18.8;18
2024-04-13 16:55:21;30.6;45.0;57.7;58.2;43.2;58.8;24.4 °C;21.1;19.7;19;18.8;18
2024-04-13 17:05:24;30.6;44.9;57.7;58.2;43.2;58.8;24.3 °C;21.1;19.8;19;18.8;18
2024-04-13 17:15:28;30.6;45.0;57.7;58.2;43.2;58.8;24.3 °C;21.2;19.8;19.1;18.8;18
2024-04-13 17:25:26;30.7;45.0;57.7;58.2;43.2;58.8;24.3 °C;21.3;19.8;19.1;18.8;18
2024-04-13 17:35:24;30.7;45.0;57.7;58.2;43.2;58.8;24.3 °C;21.3;19.9;19.1;18.8;18
2024-04-13 17:45:25;30.7;45.0;57.7;58.2;43.2;58.8;24.3 °C;21.3;19.9;19.1;18.8;18
2024-04-13 17:55:28;30.7;45.0;57.7;58.2;43.2;58.8;24.2 °C;21.4;19.9;19.1;18.8;18
2024-04-13 18:05:24;30.7;45.0;57.7;58.2;43.2;58.8;24.1 °C;21.4;19.9;19.1;18.8;18
2024-04-13 18:15:26;30.5;45.0;57.8;58.2;43.2;58.8;24.1 °C;21.5;20;19.1;18.8;18
2024-04-13 18:25:28;30.5;45.0;57.8;58.2;43.2;58.8;24 °C;21.5;20;19.1;18.8;18
2024-04-13 18:35:21;30.5;45.0;57.8;58.2;43.2;58.8;23.9 °C;21.6;20.1;19.1;18.8;18
2024-04-13 18:45:23;30.5;45.0;57.8;58.2;43.2;58.8;23.8 °C;21.6;20.1;19.1;18.8;18
2024-04-13 18:55:24;30.5;45.0;57.8;58.2;43.2;58.8;23.8 °C;21.6;20.1;19.2;18.8;18
2024-04-13 19:05:24;30.5;45.1;57.8;58.2;43.2;58.8;23.6 °C;21.6;20.1;19.2;18.8;18
2024-04-13 19:15:25;30.4;45.0;57.8;58.2;43.2;58.8;23.6 °C;21.7;20.2;19.2;18.8;18
2024-04-13 19:25:23;30.6;45.0;57.8;58.2;43.2;58.8;23.5 °C;21.7;20.3;19.2;18.8;18
2024-04-13 19:35:29;30.6;45.0;57.9;58.2;43.2;58.8;23.4 °C;21.7;20.3;19.3;18.9;18
2024-04-13 19:55:26;30.5;45.1;57.9;58.3;43.2;58.8;23.2 °C;21.8;20.3;19.3;18.9;18
2024-04-13 20:05:25;30.5;45.1;57.9;58.3;43.2;58.8;23.1 °C;21.8;20.3;19.3;18.9;18
2024-04-13 20:15:23;30.6;45.0;57.9;58.3;43.2;58.8;23 °C;21.8;20.4;19.3;18.9;18
2024-04-13 20:25:26;30.5;45.1;57.9;58.3;43.2;58.8;22.9 °C;21.8;20.4;19.3;18.9;18
2024-04-13 20:35:27;30.6;45.1;57.9;58.3;43.3;58.8;22.8 °C;21.8;20.4;19.3;18.9;18
2024-04-13 20:45:22;30.4;45.1;57.9;58.3;43.2;58.8;22.7 °C;21.8;20.4;19.3;18.9;18
2024-04-13 20:55:22;30.4;45.0;57.9;58.3;43.2;58.8;22.6 °C;21.8;20.4;19.4;18.9;18
2024-04-13 21:05:28;30.5;45.0;58.0;58.3;43.3;58.8;22.5 °C;21.8;20.5;19.4;18.9;18
2024-04-13 21:15:21;30.5;45.0;57.9;58.3;43.3;58.8;22.4 °C;21.8;20.5;19.4;18.9;18
2024-04-13 21:25:24;30.5;45.0;58.0;58.3;43.3;58.8;22.4 °C;21.7;20.5;19.4;18.9;18
2024-04-13 21:35:28;30.4;45.0;58.0;58.3;43.3;58.8;22.3 °C;21.7;20.5;19.4;18.9;18
2024-04-13 21:45:21;30.5;45.0;57.9;58.3;43.3;58.8;22.2 °C;21.7;20.6;19.4;18.9;18
2024-04-13 21:55:24;30.5;45.0;57.9;58.3;43.3;58.8;22.1 °C;21.7;20.6;19.4;18.9;18
2024-04-13 22:05:28;30.5;45.0;57.9;58.4;43.3;58.8;22 °C;21.7;20.6;19.5;18.9;18
2024-04-13 22:15:21;30.5;45.0;57.9;58.4;43.2;58.8;21.9 °C;21.6;20.6;19.5;19;18
2024-04-13 22:25:23;30.6;45.0;58.0;58.4;43.3;58.8;21.8 °C;21.6;20.6;19.5;19;18
2024-04-13 22:35:29;30.5;45.0;58.0;58.4;43.2;58.8;21.7 °C;21.6;20.6;19.5;19;18
2024-04-13 22:45:22;30.5;45.0;57.9;58.4;43.3;58.8;21.6 °C;21.6;20.6;19.5;19;18.1
2024-04-13 22:55:21;30.4;45.0;58.0;58.3;43.3;58.8;21.6 °C;21.6;20.6;19.6;19;18.1
2024-04-13 23:05:23;30.5;45.0;58.0;58.4;43.3;58.8;21.5 °C;21.6;20.6;19.6;19;18.1
2024-04-13 23:15:23;30.6;45.0;58.0;58.4;43.3;58.8;21.4 °C;21.5;20.6;19.6;19;18.1
2024-04-13 23:25:27;30.6;45.0;58.0;58.4;43.3;58.8;21.4 °C;21.5;20.6;19.6;19;18.1
2024-04-13 23:35:27;30.5;45.0;58.0;58.4;43.3;58.8;21.3 °C;21.4;20.6;19.6;19.1;18.1
2024-04-13 23:45:27;30.5;45.0;58.0;58.4;43.3;58.8;21.2 °C;21.4;20.6;19.6;19.1;18.1
2024-04-13 23:55:27;30.4;45.0;58.0;58.4;43.3;58.8;21.1 °C;21.4;20.6;19.6;19.1;18.1
2024-04-14 00:05:23;30.4;45.0;58.0;58.4;43.3;58.8;21.1 °C;21.4;20.6;19.6;19.1;18.1
2024-04-14 00:15:23;30.3;44.9;58.0;58.4;43.3;58.8;21 °C;21.4;20.6;19.6;19.1;18.1
2024-04-14 00:25:23;30.4;44.9;58.0;58.4;43.3;58.8;20.9 °C;21.3;20.6;19.6;19.1;18.1
2024-04-14 00:35:23;30.4;44.9;58.0;58.4;43.3;58.8;20.9 °C;21.3;20.6;19.7;19.1;18.1
2024-04-14 00:45:28;30.4;44.9;58.0;58.4;43.3;58.8;20.8 °C;21.3;20.6;19.7;19.1;18.1
2024-04-14 00:55:28;30.4;44.9;58.0;58.4;43.3;58.8;20.7 °C;21.3;20.6;19.7;19.1;18.1
2024-04-14 01:05:26;30.4;44.9;58.0;58.4;43.3;58.8;20.6 °C;21.2;20.6;19.7;19.1;18.1
2024-04-14 01:15:24;30.4;44.9;58.0;58.4;43.3;58.8;20.6 °C;21.2;20.6;19.7;19.1;18.1
2024-04-14 01:25:21;30.5;44.9;58.0;58.4;43.3;58.8;20.5 °C;21.1;20.6;19.7;19.1;18.1
2024-04-14 01:35:28;30.5;44.9;58.0;58.4;43.3;58.8;20.4 °C;21.1;20.6;19.7;19.1;18.1
2024-04-14 01:45:24;30.5;44.9;58.0;58.4;43.3;58.8;20.4 °C;21.1;20.6;19.7;19.1;18.1
2024-04-14 01:55:25;30.5;44.9;57.9;58.4;43.3;58.8;20.4 °C;21.1;20.6;19.7;19.2;18.1
2024-04-14 02:05:25;30.4;44.9;57.9;58.4;43.3;58.8;20.3 °C;21;20.6;19.8;19.2;18.1
2024-04-14 02:15:22;30.4;44.9;57.9;58.4;43.3;58.8;20.3 °C;21;20.6;19.8;19.2;18.1
2024-04-14 02:25:21;30.5;44.9;57.9;58.4;43.3;58.8;20.2 °C;20.9;20.6;19.8;19.2;18.1
2024-04-14 02:35:28;30.3;44.9;57.9;58.4;43.3;58.8;20.1 °C;20.9;20.6;19.8;19.2;18.1
2024-04-14 02:45:25;30.4;44.8;57.9;58.4;43.3;58.8;20.1 °C;20.9;20.6;19.8;19.2;18.2
2024-04-14 02:55:23;30.4;44.8;57.9;58.4;43.3;58.8;20 °C;20.9;20.6;19.8;19.2;18.2
2024-04-14 03:05:28;30.3;44.8;57.9;58.4;43.3;58.8;19.9 °C;20.8;20.6;19.8;19.2;18.2
2024-04-14 03:15:24;30.3;44.8;57.9;58.4;43.3;58.8;19.9 °C;20.8;20.6;19.8;19.3;18.2
2024-04-14 03:25:21;30.4;44.8;57.9;58.4;43.3;58.8;19.9 °C;20.8;20.5;19.8;19.3;18.2
2024-04-14 03:35:23;30.3;44.8;57.9;58.4;43.3;58.8;19.8 °C;20.8;20.5;19.8;19.3;18.2
2024-04-14 03:45:25;30.3;44.8;57.9;58.4;43.3;58.8;19.8 °C;20.7;20.5;19.8;19.3;18.2
2024-04-14 03:55:26;30.3;44.8;57.9;58.4;43.3;58.8;19.7 °C;20.7;20.5;19.8;19.3;18.2
2024-04-14 04:05:21;30.4;44.8;57.9;58.4;43.3;58.8;19.7 °C;20.6;20.5;19.8;19.3;18.2
2024-04-14 04:15:25;30.4;44.8;57.9;58.4;43.3;58.9;19.6 °C;20.6;20.4;19.8;19.3;18.2
2024-04-14 04:25:26;30.4;44.8;57.9;58.4;43.3;58.9;19.6 °C;20.6;20.4;19.8;19.3;18.2
2024-04-14 04:35:26;30.4;44.8;57.9;58.4;43.3;58.9;19.6 °C;20.6;20.4;19.8;19.3;18.2
2024-04-14 04:45:24;30.5;44.8;57.9;58.4;43.3;58.9;19.5 °C;20.5;20.4;19.8;19.3;18.3
2024-04-14 04:55:26;30.5;44.8;57.9;58.4;43.3;58.9;19.4 °C;20.5;20.4;19.8;19.3;18.3
2024-04-14 05:05:28;30.4;44.8;57.9;58.4;43.3;58.9;19.4 °C;20.4;20.4;19.8;19.3;18.3
2024-04-14 05:15:22;30.5;44.7;57.9;58.4;43.3;58.9;19.3 °C;20.4;20.4;19.8;19.3;18.3
2024-04-14 05:25:24;30.4;44.7;57.9;58.4;43.3;58.9;19.3 °C;20.4;20.4;19.8;19.3;18.3
2024-04-14 05:35:21;30.4;44.7;57.8;58.4;43.3;58.9;19.3 °C;20.3;20.4;19.8;19.3;18.3
2024-04-14 05:45:28;30.5;44.7;57.8;58.4;43.3;58.9;19.2 °C;20.3;20.3;19.8;19.3;18.3
2024-04-14 05:55:25;30.5;44.7;57.8;58.4;43.3;58.9;19.1 °C;20.3;20.3;19.8;19.3;18.3
2024-04-14 06:05:23;30.5;44.7;57.8;58.4;43.3;58.9;19.1 °C;20.3;20.3;19.8;19.3;18.3
2024-04-14 06:15:27;30.5;44.7;57.8;58.4;43.3;58.9;19.1 °C;20.2;20.3;19.8;19.3;18.3
2024-04-14 06:25:23;30.6;44.7;57.8;58.4;43.3;58.9;19 °C;20.2;20.3;19.7;19.3;18.3
2024-04-14 06:35:23;30.7;44.7;57.8;58.4;43.4;58.9;18.9 °C;20.1;20.3;19.7;19.3;18.3
2024-04-14 06:45:28;30.7;44.7;57.8;58.4;43.3;58.9;18.9 °C;20.1;20.3;19.7;19.3;18.3
2024-04-14 06:55:22;30.6;44.7;57.8;58.4;43.4;58.9;18.9 °C;20.1;20.2;19.7;19.3;18.3
2024-04-14 07:05:22;30.7;44.7;57.8;58.4;43.4;58.9;18.8 °C;20.1;20.2;19.7;19.3;18.3
2024-04-14 07:15:22;30.6;44.7;57.8;58.4;43.4;58.9;18.8 °C;20;20.2;19.7;19.3;18.3
2024-04-14 07:25:26;30.7;44.7;57.8;58.4;43.3;58.9;18.8 °C;20;20.2;19.7;19.3;18.3
2024-04-14 07:35:22;30.7;44.7;57.8;58.4;43.4;58.9;18.8 °C;19.9;20.1;19.7;19.3;18.3
2024-04-14 07:45:22;30.6;44.6;57.8;58.4;43.4;58.9;18.8 °C;19.9;20.1;19.7;19.3;18.3
2024-04-14 07:55:24;30.7;44.7;57.8;58.4;43.4;58.9;18.8 °C;19.9;20.1;19.7;19.3;18.3
2024-04-14 08:05:21;30.8;44.7;57.8;58.4;43.4;58.9;18.8 °C;19.9;20.1;19.7;19.3;18.3
2024-04-14 08:15:24;30.7;44.7;57.8;58.4;43.3;58.9;18.8 °C;19.9;20.1;19.7;19.3;18.3
2024-04-14 08:25:25;30.7;44.6;57.7;58.4;43.3;58.9;18.8 °C;19.8;20.1;19.7;19.3;18.3
2024-04-14 08:35:23;30.7;44.6;57.7;58.4;43.4;58.9;18.9 °C;19.8;20.1;19.6;19.3;18.3
2024-04-14 08:45:27;30.7;44.6;57.7;58.4;43.3;58.9;18.9 °C;19.8;20;19.6;19.3;18.3
2024-04-14 08:55:27;30.7;44.6;57.7;58.4;43.4;58.9;19 °C;19.8;20;19.6;19.3;18.3
2024-04-14 09:05:24;30.7;44.6;57.7;58.4;43.3;58.9;19.1 °C;19.8;20;19.6;19.3;18.3
2024-04-14 09:15:26;30.6;44.6;57.7;58.4;43.3;58.9;19.3 °C;19.7;20;19.6;19.3;18.3
2024-04-14 09:25:25;30.7;44.6;57.7;58.4;43.3;58.9;19.4 °C;19.7;19.9;19.6;19.3;18.3
2024-04-14 09:35:27;30.7;44.6;57.7;58.4;43.3;58.9;19.5 °C;19.7;19.9;19.6;19.3;18.3
2024-04-14 09:45:28;30.7;44.6;57.7;58.4;43.3;58.9;19.6 °C;19.7;19.9;19.6;19.3;18.3
2024-04-14 09:55:21;30.6;44.6;57.7;58.3;43.3;58.9;19.8 °C;19.6;19.9;19.6;19.3;18.3
2024-04-14 10:05:27;30.6;44.6;57.7;58.3;43.3;58.9;19.9 °C;19.6;19.9;19.6;19.3;18.3
2024-04-14 10:15:24;30.7;44.6;57.7;58.3;43.3;58.9;20.1 °C;19.6;19.9;19.6;19.3;18.3
2024-04-14 10:25:21;30.6;44.6;57.7;58.3;43.3;58.8;20.3 °C;19.6;19.9;19.6;19.3;18.4
2024-04-14 10:35:23;30.6;44.6;57.7;58.3;43.3;58.9;20.4 °C;19.7;19.9;19.6;19.3;18.3
2024-04-14 10:45:24;30.8;44.6;57.7;58.3;43.3;58.9;20.6 °C;19.7;19.8;19.6;19.3;18.4
2024-04-14 10:55:25;30.8;44.6;57.6;58.3;43.3;58.8;20.8 °C;19.7;19.8;19.6;19.3;18.4
2024-04-14 11:05:24;30.7;44.6;57.7;58.3;43.3;58.9;20.8 °C;19.7;19.8;19.5;19.3;18.4
2024-04-14 11:15:25;30.7;44.6;57.6;58.3;43.3;58.8;20.8 °C;19.8;19.8;19.5;19.3;18.4
2024-04-14 11:25:21;30.7;44.6;57.6;58.3;43.3;58.8;20.8 °C;19.8;19.8;19.5;19.3;18.4
2024-04-14 11:35:28;30.7;44.6;57.6;58.3;43.3;58.8;20.8 °C;19.8;19.8;19.5;19.3;18.4
2024-04-14 11:45:25;30.7;44.6;57.6;58.3;43.3;58.9;20.8 °C;19.8;19.8;19.5;19.3;18.4
2024-04-14 11:55:27;30.7;44.6;57.6;58.3;43.3;58.8;20.9 °C;19.8;19.8;19.5;19.3;18.4
2024-04-14 12:05:28;30.8;44.6;57.6;58.3;43.3;58.8;20.9 °C;19.9;19.8;19.5;19.3;18.4
2024-04-14 12:15:21;30.8;44.6;57.6;58.3;43.3;58.8;20.9 °C;19.9;19.8;19.5;19.3;18.4
2024-04-14 12:25:28;30.9;44.6;57.6;58.2;43.3;58.9;21.1 °C;19.9;19.8;19.4;19.3;18.4
2024-04-14 12:45:28;30.9;44.6;57.6;58.2;43.3;58.8;21.4 °C;19.9;19.8;19.4;19.3;18.4
2024-04-14 12:55:25;30.9;44.6;57.6;58.2;43.3;58.8;21.7 °C;20;19.8;19.4;19.3;18.4
2024-04-14 13:05:28;30.9;44.6;57.6;58.2;43.3;58.8;21.9 °C;20;19.8;19.4;19.3;18.4
2024-04-14 13:15:26;30.9;44.6;57.6;58.2;43.3;58.8;22.2 °C;20.1;19.8;19.4;19.3;18.4
2024-04-14 13:25:25;30.9;44.6;57.6;58.2;43.3;58.8;22.5 °C;20.1;19.8;19.4;19.3;18.4
2024-04-14 13:35:27;31.0;44.6;57.6;58.2;43.3;58.8;22.7 °C;20.1;19.8;19.4;19.3;18.4
2024-04-14 13:45:21;30.9;44.6;57.6;58.2;43.3;58.8;22.9 °C;20.2;19.8;19.4;19.3;18.4
2024-04-14 13:55:28;31.0;44.6;57.6;58.2;43.3;58.8;23.2 °C;20.3;19.8;19.4;19.3;18.4
2024-04-14 14:05:21;31.0;44.6;57.5;58.2;43.3;58.8;23.4 °C;20.3;19.8;19.4;19.3;18.4
2024-04-14 14:15:27;31.0;44.6;57.6;58.2;43.3;58.8;23.6 °C;20.4;19.8;19.4;19.3;18.4
2024-04-14 14:25:28;31.0;44.6;57.6;58.2;43.3;58.8;23.8 °C;20.4;19.8;19.4;19.3;18.4
2024-04-14 14:35:21;31.0;44.6;57.6;58.2;43.3;58.8;23.9 °C;20.5;19.8;19.4;19.3;18.4
2024-04-14 14:45:24;31.0;44.7;57.6;58.2;43.3;58.8;24.1 °C;20.6;19.9;19.4;19.3;18.4
2024-04-14 14:55:21;31.0;44.6;57.6;58.2;43.3;58.8;24.3 °C;20.7;19.9;19.4;19.3;18.4
2024-04-14 15:05:28;31.1;44.7;57.6;58.2;43.3;58.8;24.4 °C;20.8;19.9;19.4;19.3;18.4
2024-04-14 15:15:26;31.0;44.7;57.6;58.2;43.3;58.8;24.6 °C;20.8;19.9;19.4;19.3;18.4
2024-04-14 15:25:22;31.0;44.7;57.6;58.2;43.2;58.8;24.7 °C;20.9;19.9;19.4;19.3;18.4
2024-04-14 15:35:20;31.0;44.7;57.6;58.2;43.2;58.8;24.8 °C;21;19.9;19.4;19.3;18.4
2024-04-14 15:45:27;31.1;44.7;57.6;58.2;43.3;58.8;24.9 °C;21.1;20;19.4;19.3;18.4
2024-04-14 15:55:24;31.1;44.7;57.6;58.1;43.2;58.8;25 °C;21.1;20;19.4;19.3;18.4
2024-04-14 16:05:25;31.1;44.8;57.6;58.2;43.3;58.8;25.1 °C;21.3;20;19.4;19.2;18.4
2024-04-14 16:15:24;31.1;44.8;57.6;58.2;43.3;58.8;25.2 °C;21.3;20.1;19.4;19.3;18.4
2024-04-14 16:25:22;31.0;44.8;57.6;58.1;43.2;58.8;25.3 °C;21.4;20.1;19.4;19.2;18.4
2024-04-14 16:35:22;31.0;44.8;57.6;58.1;43.2;58.8;25.3 °C;21.5;20.1;19.4;19.2;18.4
2024-04-14 16:45:26;31.0;44.9;57.6;58.2;43.2;58.8;25.4 °C;21.6;20.2;19.4;19.2;18.4
2024-04-14 16:55:22;31.1;44.9;57.6;58.1;43.2;58.8;25.4 °C;21.6;20.2;19.4;19.2;18.4
2024-04-14 17:05:21;31.1;44.9;57.6;58.1;43.2;58.8;25.4 °C;21.7;20.3;19.4;19.2;18.4
2024-04-14 17:15:24;31.1;44.9;57.6;58.2;43.2;58.8;25.4 °C;21.8;20.3;19.4;19.2;18.3
2024-04-14 17:25:22;31.1;44.9;57.6;58.2;43.2;58.8;25.4 °C;21.9;20.3;19.5;19.2;18.3
2024-04-14 17:35:21;31.1;44.9;57.7;58.2;43.2;58.8;25.4 °C;21.9;20.3;19.5;19.3;18.4
2024-04-14 17:45:23;31.1;44.9;57.7;58.2;43.2;58.8;25.3 °C;22;20.4;19.5;19.3;18.3
2024-04-14 17:55:28;31.1;44.9;57.7;58.2;43.2;58.8;25.3 °C;22.1;20.4;19.5;19.3;18.3
2024-04-14 18:05:26;31.1;45.0;57.7;58.2;43.2;58.8;25.2 °C;22.1;20.4;19.5;19.2;18.4
2024-04-14 18:15:21;31.0;44.9;57.7;58.2;43.2;58.8;25.1 °C;22.1;20.5;19.6;19.3;18.3
2024-04-14 18:25:24;31.1;45.0;57.7;58.2;43.2;58.8;25 °C;22.2;20.5;19.6;19.3;18.4
2024-04-14 18:35:22;31.1;45.0;57.7;58.2;43.2;58.8;24.9 °C;22.3;20.6;19.6;19.3;18.3
2024-04-14 18:45:24;31.0;45.0;57.8;58.2;43.2;58.8;24.8 °C;22.3;20.6;19.6;19.3;18.3
2024-04-14 18:55:23;31.1;45.0;57.8;58.2;43.2;58.8;24.7 °C;22.3;20.6;19.6;19.3;18.4
2024-04-14 19:05:28;32.1;45.0;57.8;58.2;43.2;58.8;24.6 °C;22.4;20.7;19.6;19.3;18.4
2024-04-14 19:15:25;32.6;45.0;57.8;58.2;43.2;58.8;24.6 °C;22.4;20.7;19.6;19.3;18.4
2024-04-14 19:25:26;32.6;45.0;57.8;58.2;43.2;58.8;24.5 °C;22.4;20.8;19.7;19.3;18.4
2024-04-14 19:35:27;32.5;45.0;57.8;58.2;43.2;58.8;24.4 °C;22.4;20.8;19.7;19.3;18.4
2024-04-14 19:45:24;32.4;45.0;57.8;58.2;43.2;58.8;24.3 °C;22.4;20.8;19.7;19.3;18.4
2024-04-14 19:55:21;32.3;45.0;57.8;58.2;43.2;58.8;24.1 °C;22.4;20.9;19.7;19.3;18.4
2024-04-14 20:05:28;32.4;44.8;57.8;58.2;43.2;58.8;24 °C;22.4;20.9;19.8;19.3;18.4
2024-04-14 20:15:22;32.3;44.8;57.8;58.2;43.2;58.8;23.9 °C;22.4;20.9;19.8;19.3;18.4
2024-04-14 20:25:22;32.2;44.8;57.8;58.2;43.3;58.8;23.8 °C;22.5;20.9;19.8;19.3;18.4
2024-04-14 20:35:22;32.2;44.8;57.9;58.3;43.2;58.8;23.6 °C;22.4;20.9;19.8;19.3;18.4
2024-04-14 20:45:24;32.1;44.8;57.9;58.3;43.3;58.8;23.5 °C;22.4;21;19.8;19.3;18.4
2024-04-14 20:55:23;32.1;44.8;57.9;58.3;43.2;58.8;23.4 °C;22.4;21;19.8;19.3;18.4
2024-04-14 21:05:27;32.1;44.8;57.9;58.3;43.2;58.8;23.3 °C;22.4;21.1;19.8;19.3;18.4
2024-04-14 21:15:25;32.1;44.8;57.9;58.3;43.3;58.8;23.1 °C;22.4;21.1;19.9;19.3;18.4
2024-04-14 21:25:27;32.1;44.8;57.9;58.3;43.3;58.8;23 °C;22.4;21.1;19.9;19.3;18.4
2024-04-14 21:35:25;32.1;44.8;57.9;58.3;43.2;58.8;22.9 °C;22.4;21.1;19.9;19.4;18.4
2024-04-14 21:45:28;32.1;44.8;57.9;58.3;43.2;58.8;22.8 °C;22.4;21.1;19.9;19.4;18.4
2024-04-14 21:55:21;32.1;44.8;57.9;58.3;43.2;58.8;22.7 °C;22.4;21.1;19.9;19.4;18.4
2024-04-14 22:05:26;32.1;44.8;57.9;58.3;43.3;58.8;22.6 °C;22.4;21.1;19.9;19.4;18.4
2024-04-14 22:15:23;32.0;44.8;57.9;58.3;43.3;58.8;22.5 °C;22.3;21.2;19.9;19.4;18.4
2024-04-14 22:25:24;32.1;44.8;57.9;58.3;43.2;58.8;22.4 °C;22.3;21.2;20;19.4;18.4
2024-04-14 22:35:26;32.1;44.8;57.9;58.3;43.3;58.8;22.3 °C;22.3;21.2;20;19.4;18.4
2024-04-14 22:45:24;32.2;44.8;57.9;58.4;43.3;58.8;22.3 °C;22.3;21.2;20;19.4;18.4
2024-04-14 22:55:23;32.2;44.8;57.9;58.3;43.3;58.8;22.2 °C;22.2;21.2;20;19.4;18.4
2024-04-14 23:05:27;32.2;44.7;57.9;58.4;43.3;58.8;22.1 °C;22.2;21.2;20.1;19.4;18.4
2024-04-14 23:15:21;32.1;44.7;57.9;58.4;43.3;58.8;22 °C;22.1;21.2;20.1;19.4;18.4
2024-04-14 23:25:28;32.1;44.7;57.9;58.4;43.3;58.8;21.9 °C;22.1;21.2;20.1;19.4;18.4
2024-04-14 23:35:26;32.1;44.7;57.9;58.4;43.3;58.8;21.8 °C;22.1;21.3;20.1;19.4;18.4
2024-04-14 23:45:24;32.1;44.7;57.9;58.4;43.3;58.8;21.8 °C;22.1;21.3;20.1;19.5;18.4
2024-04-14 23:55:23;32.1;44.7;57.9;58.4;43.3;58.8;21.7 °C;22.1;21.3;20.1;19.5;18.4
2024-04-15 00:05:24;32.1;44.7;57.9;58.4;43.3;58.8;21.6 °C;22;21.3;20.1;19.5;18.4
2024-04-15 00:15:21;32.1;44.7;57.9;58.4;43.3;58.8;21.6 °C;21.9;21.3;20.1;19.5;18.4
2024-04-15 00:25:26;32.1;44.7;57.9;58.4;43.3;58.8;21.4 °C;21.9;21.3;20.1;19.5;18.4
2024-04-15 00:35:27;32.2;44.6;57.9;58.4;43.3;58.8;21.4 °C;21.9;21.2;20.1;19.5;18.4
2024-04-15 00:45:27;32.1;44.6;57.9;58.4;43.3;58.8;21.3 °C;21.9;21.2;20.2;19.6;18.4
2024-04-15 00:55:25;32.1;44.7;57.9;58.4;43.3;58.8;21.3 °C;21.8;21.2;20.2;19.6;18.5
2024-04-15 01:05:27;32.1;44.6;57.9;58.4;43.3;58.8;21.2 °C;21.8;21.2;20.2;19.6;18.5
2024-04-15 01:15:21;32.1;44.6;57.9;58.4;43.3;58.8;21.1 °C;21.8;21.2;20.2;19.6;18.5
2024-04-15 01:25:28;32.1;44.6;57.9;58.4;43.3;58.8;21.1 °C;21.8;21.2;20.2;19.6;18.5
2024-04-15 01:35:20;32.1;44.6;57.9;58.4;43.3;58.8;21 °C;21.7;21.2;20.2;19.6;18.5
2024-04-15 01:45:27;32.1;44.6;57.9;58.4;43.3;58.8;20.9 °C;21.6;21.2;20.2;19.6;18.5
2024-04-15 01:55:28;32.2;44.6;57.9;58.4;43.3;58.9;20.8 °C;21.6;21.2;20.2;19.6;18.5
2024-04-15 02:05:22;32.2;44.6;57.9;58.4;43.3;58.8;20.8 °C;21.6;21.2;20.2;19.6;18.5
2024-04-15 02:15:22;32.2;44.6;57.9;58.4;43.3;58.8;20.7 °C;21.6;21.1;20.2;19.6;18.5
2024-04-15 02:25:24;32.2;44.6;57.9;58.4;43.3;58.9;20.6 °C;21.5;21.1;20.3;19.6;18.5
2024-04-15 02:35:27;32.2;44.6;57.9;58.4;43.3;58.9;20.6 °C;21.5;21.1;20.3;19.6;18.5
2024-04-15 02:45:28;32.2;44.6;57.9;58.4;43.3;58.8;20.5 °C;21.4;21.1;20.3;19.6;18.6
2024-04-15 02:55:26;32.1;44.6;57.9;58.4;43.3;58.8;20.5 °C;21.4;21.1;20.3;19.6;18.6
2024-04-15 03:05:24;32.1;44.5;57.9;58.4;43.3;58.8;20.4 °C;21.4;21.1;20.3;19.6;18.6
2024-04-15 03:15:27;32.1;44.5;57.9;58.4;43.4;58.8;20.3 °C;21.3;21.1;20.3;19.6;18.6
2024-04-15 03:25:23;32.2;44.5;57.9;58.4;43.3;58.8;20.3 °C;21.3;21.1;20.3;19.7;18.6
2024-04-15 03:35:21;32.1;44.5;57.9;58.4;43.3;58.8;20.2 °C;21.3;21.1;20.3;19.7;18.6
2024-04-15 03:45:28;32.1;44.6;57.9;58.4;43.3;58.8;20.1 °C;21.3;21.1;20.3;19.7;18.6
2024-04-15 03:55:22;32.1;44.5;57.9;58.4;43.4;58.8;20.1 °C;21.2;21;20.3;19.7;18.6
2024-04-15 04:05:22;32.1;44.5;57.9;58.4;43.4;58.8;20.1 °C;21.1;21;20.3;19.7;18.6
2024-04-15 04:15:21;32.1;44.5;57.9;58.4;43.3;58.8;20 °C;21.1;21;20.3;19.7;18.6
2024-04-15 04:25:26;32.0;44.5;57.8;58.4;43.4;58.9;19.9 °C;21.1;21;20.3;19.7;18.6
2024-04-15 04:35:27;32.0;44.5;57.8;58.4;43.4;58.9;19.9 °C;21.1;20.9;20.3;19.7;18.6
2024-04-15 04:45:28;32.0;44.5;57.8;58.4;43.4;58.9;19.8 °C;21;20.9;20.3;19.7;18.6
2024-04-15 04:55:26;32.0;44.5;57.8;58.4;43.4;58.9;19.8 °C;20.9;20.9;20.3;19.7;18.6
2024-04-15 05:05:25;32.0;44.5;57.8;58.4;43.4;58.9;19.8 °C;20.9;20.9;20.3;19.7;18.6
2024-04-15 05:15:25;32.1;44.5;57.8;58.4;43.4;58.9;19.7 °C;20.9;20.9;20.3;19.7;18.6
2024-04-15 05:25:27;32.1;44.5;57.8;58.4;43.3;58.9;19.7 °C;20.9;20.9;20.3;19.8;18.6
2024-04-15 05:35:21;32.0;44.5;57.8;58.4;43.3;58.9;19.6 °C;20.8;20.9;20.3;19.8;18.6
2024-04-15 05:45:26;32.0;44.4;57.8;58.4;43.3;58.9;19.6 °C;20.8;20.8;20.2;19.8;18.6
2024-04-15 05:55:23;32.0;44.4;57.8;58.4;43.3;58.9;19.6 °C;20.8;20.8;20.2;19.8;18.6
2024-04-15 06:05:24;32.1;44.5;57.8;58.4;43.3;58.9;19.5 °C;20.7;20.8;20.2;19.8;18.6
2024-04-15 06:15:26;32.1;44.5;57.8;58.4;43.3;58.9;19.4 °C;20.7;20.8;20.2;19.8;18.6
2024-04-15 06:25:24;32.1;44.4;57.8;58.4;43.4;58.9;19.4 °C;20.6;20.8;20.2;19.8;18.6
2024-04-15 06:35:23;32.1;44.4;57.8;58.4;43.3;58.9;19.4 °C;20.6;20.8;20.2;19.8;18.7
2024-04-15 06:45:28;32.2;44.4;57.7;58.4;43.3;58.9;19.3 °C;20.6;20.8;20.2;19.8;18.7
2024-04-15 06:55:22;32.3;44.4;57.8;58.4;43.3;58.9;19.3 °C;20.6;20.7;20.2;19.8;18.7
2024-04-15 07:05:26;32.3;44.4;57.7;58.4;43.3;58.9;19.3 °C;20.5;20.7;20.2;19.8;18.7
2024-04-15 07:15:22;32.2;44.4;57.7;58.4;43.3;58.9;19.3 °C;20.5;20.7;20.2;19.8;18.7
2024-04-15 07:25:24;32.2;44.4;57.7;58.4;43.3;58.9;19.3 °C;20.4;20.6;20.2;19.8;18.7
2024-04-15 07:35:23;31.9;44.4;57.7;58.4;43.3;58.9;19.3 °C;20.4;20.6;20.2;19.8;18.7
2024-04-15 07:45:23;31.9;44.4;57.7;58.4;43.3;58.9;19.3 °C;20.4;20.6;20.1;19.8;18.7
2024-04-15 07:55:25;30.7;44.4;57.7;58.4;43.3;58.9;19.3 °C;20.4;20.6;20.1;19.8;18.7
2024-04-15 08:05:26;30.7;44.4;57.7;58.4;43.3;58.9;19.3 °C;20.3;20.6;20.1;19.8;18.7
2024-04-15 08:15:27;30.8;44.3;57.7;58.4;43.4;58.9;19.3 °C;20.3;20.6;20.1;19.8;18.7
2024-04-15 08:25:27;30.8;44.4;57.6;58.4;43.4;58.9;19.3 °C;20.3;20.6;20.1;19.8;18.7
2024-04-15 08:35:21;30.8;44.4;57.7;58.4;43.4;58.9;19.4 °C;20.3;20.5;20.1;19.8;18.7
2024-04-15 08:45:28;30.7;44.4;57.7;58.4;43.3;58.9;19.4 °C;20.3;20.5;20.1;19.8;18.7
2024-04-15 08:55:22;30.7;44.3;57.6;58.3;43.3;58.9;19.5 °C;20.2;20.5;20.1;19.8;18.7
2024-04-15 09:05:26;30.7;44.3;57.6;58.4;43.3;58.9;19.6 °C;20.2;20.4;20.1;19.8;18.7
2024-04-15 09:15:22;30.7;44.3;57.6;58.3;43.4;58.9;19.7 °C;20.2;20.4;20.1;19.8;18.7
2024-04-15 09:25:25;30.7;44.3;57.6;58.4;43.3;58.9;19.8 °C;20.2;20.4;20.1;19.8;18.7
2024-04-15 09:35:20;30.7;44.3;57.6;58.4;43.3;58.9;19.9 °C;20.1;20.4;20.1;19.8;18.8
2024-04-15 09:45:26;30.7;44.3;57.6;58.3;43.3;58.9;20.1 °C;20.1;20.4;20.1;19.8;18.8
2024-04-15 09:55:26;30.7;44.3;57.6;58.3;43.3;58.9;20.3 °C;20.1;20.4;20.1;19.8;18.8
2024-04-15 10:05:23;30.8;44.3;57.6;58.3;43.3;58.9;20.4 °C;20.1;20.4;20.1;19.8;18.8
2024-04-15 10:15:27;30.8;44.3;57.5;58.3;43.3;58.9;20.5 °C;20.1;20.4;20;19.8;18.8
2024-04-15 10:25:20;30.9;44.3;57.5;58.3;43.3;58.9;20.6 °C;20.1;20.3;20;19.8;18.8
2024-04-15 10:35:27;30.9;44.3;57.5;58.3;43.3;58.9;20.7 °C;20.1;20.3;20;19.8;18.8
2024-04-15 10:45:28;30.9;44.3;57.5;58.3;43.3;58.9;20.8 °C;20.2;20.3;20;19.8;18.8
2024-04-15 10:55:22;30.9;44.3;57.5;58.3;43.3;58.9;20.9 °C;20.2;20.3;20;19.8;18.8
2024-04-15 11:05:22;30.9;44.3;57.5;58.3;43.3;58.9;21 °C;20.2;20.3;20;19.8;18.8
2024-04-15 11:15:26;31.0;44.3;57.5;58.3;43.3;58.9;21.1 °C;20.2;20.3;19.9;19.8;18.8
2024-04-15 11:25:25;31.0;44.3;57.5;58.3;43.3;58.9;21.1 °C;20.3;20.3;19.9;19.8;18.8
2024-04-15 11:35:21;31.0;44.3;57.5;58.2;43.3;58.9;21.2 °C;20.3;20.3;19.9;19.8;18.8
2024-04-15 11:45:24;31.0;44.3;57.5;58.2;43.3;58.9;21.3 °C;20.3;20.3;19.9;19.7;18.8
2024-04-15 11:55:21;30.9;44.3;57.5;58.2;43.3;58.9;21.3 °C;20.3;20.3;19.9;19.7;18.8
2024-04-15 12:05:25;31.0;44.3;57.5;58.2;43.3;58.9;21.4 °C;20.3;20.3;19.9;19.7;18.8
2024-04-15 12:15:23;30.9;44.3;57.5;58.2;43.3;58.9;21.5 °C;20.3;20.3;19.9;19.7;18.8
2024-04-15 12:25:25;31.0;44.3;57.5;58.2;43.3;58.9;21.6 °C;20.4;20.3;19.9;19.7;18.8
2024-04-15 12:35:23;30.9;44.3;57.5;58.2;43.3;58.9;21.7 °C;20.4;20.3;19.9;19.7;18.8
2024-04-15 12:45:22;30.9;44.3;57.5;58.2;43.3;58.9;21.9 °C;20.4;20.3;19.9;19.7;18.8
2024-04-15 12:55:21;30.9;44.3;57.5;58.2;43.3;58.9;22 °C;20.4;20.3;19.9;19.7;18.8
2024-04-15 13:05:24;30.9;44.3;57.5;58.2;43.3;58.9;22.1 °C;20.5;20.3;19.9;19.7;18.8
2024-04-15 13:15:23;30.9;44.3;57.5;58.2;43.3;58.9;22.3 °C;20.5;20.3;19.9;19.7;18.8
2024-04-15 13:25:28;30.9;44.3;57.5;58.2;43.3;58.8;22.5 °C;20.6;20.3;19.9;19.7;18.8
2024-04-15 13:35:26;31.0;44.3;57.5;58.2;43.3;58.9;22.7 °C;20.6;20.3;19.9;19.7;18.8
2024-04-15 13:45:26;30.9;44.3;57.4;58.2;43.3;58.9;22.9 °C;20.6;20.3;19.9;19.7;18.8
2024-04-15 13:55:21;30.9;44.3;57.4;58.2;43.3;58.9;23.1 °C;20.7;20.3;19.9;19.7;18.8
2024-04-15 14:05:24;30.9;44.3;57.4;58.2;43.3;58.8;23.2 °C;20.8;20.3;19.9;19.7;18.8
2024-04-15 14:15:28;30.9;44.3;57.4;58.2;43.3;58.9;23.3 °C;20.8;20.3;19.9;19.7;18.8
2024-04-15 14:25:21;31.1;44.4;57.4;58.2;43.3;58.9;23.3 °C;20.8;20.3;19.9;19.7;18.8
2024-04-15 14:35:20;31.0;44.4;57.4;58.2;43.3;58.9;23.3 °C;20.9;20.3;19.9;19.6;18.8
2024-04-15 14:45:28;31.0;44.4;57.4;58.2;43.3;58.9;23.3 °C;20.9;20.3;19.9;19.6;18.8
2024-04-15 14:55:21;31.0;44.4;57.4;58.2;43.3;58.9;23.3 °C;21;20.3;19.9;19.6;18.8
2024-04-15 15:05:20;31.1;44.4;57.4;58.2;43.3;58.9;23.3 °C;21.1;20.3;19.9;19.6;18.8
2024-04-15 15:15:22;31.1;44.4;57.4;58.2;43.3;58.8;23.3 °C;21.1;20.4;19.9;19.6;18.8
2024-04-15 15:25:23;31.1;44.4;57.4;58.2;43.3;58.8;23.3 °C;21.1;20.4;19.9;19.6;18.8
2024-04-15 15:35:28;31.1;44.4;57.4;58.2;43.2;58.9;23.3 °C;21.2;20.4;19.9;19.6;18.8
2024-04-15 15:45:26;31.1;44.4;57.4;58.2;43.3;58.9;23.3 °C;21.3;20.4;19.9;19.6;18.8
2024-04-15 15:55:22;31.1;44.4;57.4;58.2;43.2;58.8;23.3 °C;21.3;20.4;19.9;19.6;18.8
2024-04-15 16:05:21;31.1;44.4;57.4;58.2;43.2;58.9;23.3 °C;21.3;20.4;19.9;19.6;18.8
2024-04-15 16:15:26;31.0;44.4;57.4;58.1;43.3;58.8;23.3 °C;21.3;20.4;19.9;19.6;18.8
2024-04-15 16:25:25;31.1;44.4;57.5;58.2;43.2;58.8;23.3 °C;21.4;20.5;19.9;19.6;18.8
2024-04-15 16:35:20;31.1;44.4;57.4;58.2;43.3;58.8;23.3 °C;21.4;20.5;19.9;19.6;18.8
2024-04-15 16:45:22;31.0;44.4;57.5;58.2;43.2;58.8;23.3 °C;21.4;20.5;19.9;19.6;18.8
2024-04-15 16:55:23;31.1;44.4;57.5;58.1;43.2;58.8;23.3 °C;21.5;20.6;19.9;19.6;18.8
2024-04-15 17:05:23;31.1;44.4;57.5;58.1;43.2;58.8;23.3 °C;21.5;20.6;19.9;19.6;18.8
2024-04-15 17:15:25;31.0;44.4;57.5;58.1;43.2;58.8;23.2 °C;21.5;20.6;19.9;19.6;18.8
2024-04-15 17:25:23;31;44.4;57.5;58.2;43.2;58.8;23.2 °C;21.6;20.6;19.9;19.6;18.8
2024-04-15 17:35:24;31.1;44.4;57.5;58.1;43.2;58.8;23.2 °C;21.6;20.6;19.9;19.6;18.8
2024-04-15 17:45:24;31.1;44.4;57.5;58.1;43.2;58.8;23.2 °C;21.6;20.6;19.9;19.6;18.8
2024-04-15 17:55:21;31.1;44.4;57.5;58.1;43.2;58.8;23.1 °C;21.6;20.7;19.9;19.6;18.8
2024-04-15 18:05:20;31.0;44.4;57.5;58.1;43.2;58.8;23.1 °C;21.6;20.7;19.9;19.6;18.8
2024-04-15 18:15:26;31.0;44.4;57.5;58.1;43.2;58.8;23.1 °C;21.6;20.7;19.9;19.6;18.8
2024-04-15 18:25:27;31.0;44.4;57.5;58.1;43.2;58.9;23.1 °C;21.7;20.7;19.9;19.6;18.7
2024-04-15 18:35:26;31.1;44.4;57.5;58.1;43.2;58.8;23 °C;21.7;20.8;19.9;19.6;18.7
2024-04-15 18:45:21;31.1;44.4;57.5;58.1;43.2;58.8;23 °C;21.7;20.8;19.9;19.6;18.8
2024-04-15 18:55:25;31.0;44.4;57.5;58.1;43.2;58.8;22.9 °C;21.8;20.8;20;19.6;18.8
2024-04-15 19:05:27;31.0;44.4;57.5;58.2;43.2;58.8;22.9 °C;21.8;20.8;20;19.6;18.8
2024-04-15 19:15:20;31.1;44.4;57.5;58.2;43.2;58.8;22.8 °C;21.8;20.8;20;19.6;18.8
2024-04-15 19:25:24;31.0;44.4;57.5;58.2;43.2;58.8;22.8 °C;21.8;20.8;20;19.6;18.8
2024-04-15 19:35:21;31.0;44.4;57.5;58.2;43.2;58.8;22.7 °C;21.8;20.8;20;19.6;18.8
2024-04-15 19:45:25;31.0;44.4;57.5;58.2;43.2;58.8;22.6 °C;21.8;20.9;20;19.6;18.8
2024-04-15 19:55:23;31.0;44.4;57.5;58.2;43.2;58.8;22.6 °C;21.8;20.9;20;19.7;18.8
2024-04-15 20:05:24;30.9;44.4;57.5;58.2;43.2;58.8;22.5 °C;21.8;20.9;20.1;19.6;18.8
2024-04-15 20:15:23;31.0;44.4;57.5;58.2;43.2;58.8;22.4 °C;21.8;20.9;20.1;19.7;18.8
2024-04-15 20:25:21;30.9;44.4;57.6;58.2;43.2;58.8;22.4 °C;21.8;20.9;20.1;19.7;18.8
2024-04-15 20:35:21;30.9;44.4;57.5;58.2;43.3;58.8;22.3 °C;21.8;20.9;20.1;19.7;18.8
2024-04-15 20:45:25;30.8;44.4;57.6;58.2;43.3;58.8;22.3 °C;21.8;20.9;20.1;19.7;18.8
2024-04-15 20:55:21;30.8;44.4;57.6;58.2;43.2;58.8;22.2 °C;21.8;20.9;20.1;19.7;18.8
2024-04-15 21:05:21;30.9;44.4;57.6;58.2;43.2;58.8;22.1 °C;21.8;20.9;20.1;19.7;18.8
2024-04-15 21:15:21;30.8;44.4;57.6;58.2;43.2;58.8;22.1 °C;21.8;20.9;20.1;19.7;18.8
2024-04-15 21:25:26;30.8;44.4;57.6;58.2;43.2;58.8;22.1 °C;21.8;20.9;20.1;19.7;18.8
2024-04-15 21:35:21;30.8;44.4;57.6;58.2;43.3;58.8;22 °C;21.8;21;20.1;19.7;18.8
2024-04-15 21:45:20;30.8;44.4;57.6;58.2;43.3;58.8;21.9 °C;21.7;21;20.1;19.7;18.8
2024-04-15 21:55:24;30.8;44.4;57.6;58.2;43.3;58.8;21.9 °C;21.7;21;20.1;19.7;18.8
2024-04-15 22:05:21;30.8;44.4;57.6;58.2;43.3;58.8;21.9 °C;21.7;21;20.1;19.7;18.8
2024-04-15 22:15:20;30.8;44.4;57.6;58.2;43.3;58.8;21.9 °C;21.7;21;20.1;19.7;18.8
2024-04-15 22:25:24;30.8;44.3;57.6;58.2;43.2;58.8;21.8 °C;21.7;21;20.1;19.8;18.8
2024-04-15 22:35:25;30.8;44.4;57.6;58.2;43.2;58.8;21.8 °C;21.6;21;20.2;19.8;18.8
2024-04-15 22:45:20;30.8;44.4;57.6;58.2;43.2;58.8;21.8 °C;21.6;21;20.2;19.8;18.8
2024-04-15 22:55:22;30.8;44.4;57.6;58.2;43.2;58.8;21.7 °C;21.6;21;20.2;19.8;18.8
2024-04-15 23:05:28;30.8;44.4;57.6;58.2;43.2;58.8;21.7 °C;21.6;21;20.2;19.8;18.8
2024-04-15 23:15:21;30.8;44.4;57.6;58.2;43.2;58.8;21.6 °C;21.6;21;20.2;19.8;18.8
2024-04-15 23:25:20;30.8;44.4;57.6;58.2;43.3;58.8;21.6 °C;21.6;21;20.2;19.8;18.8
2024-04-15 23:35:22;30.8;44.4;57.6;58.2;43.2;58.8;21.6 °C;21.6;21;20.2;19.8;18.8
2024-04-15 23:45:23;30.8;44.4;57.6;58.3;43.3;58.8;21.5 °C;21.6;21;20.2;19.8;18.8
2024-04-15 23:55:24;30.8;44.3;57.6;58.3;43.3;58.8;21.5 °C;21.6;21;20.2;19.8;18.8
2024-04-16 00:05:22;30.8;44.3;57.6;58.3;43.2;58.8;21.4 °C;21.5;21;20.3;19.8;18.8
2024-04-16 00:15:26;30.8;44.3;57.6;58.3;43.2;58.9;21.4 °C;21.5;21;20.3;19.8;18.8
2024-04-16 00:25:27;30.8;44.3;57.6;58.3;43.3;58.8;21.4 °C;21.5;21;20.3;19.8;18.8
2024-04-16 00:35:20;30.8;44.3;57.5;58.3;43.3;58.8;21.4 °C;21.5;21;20.3;19.8;18.8
2024-04-16 00:45:22;30.8;44.3;57.5;58.3;43.3;58.9;21.3 °C;21.4;21;20.3;19.8;18.8
2024-04-16 00:55:22;30.8;44.3;57.6;58.3;43.3;58.9;21.3 °C;21.4;21;20.3;19.8;18.8
2024-04-16 01:05:22;30.8;44.3;57.6;58.3;43.3;58.8;21.3 °C;21.4;21;20.3;19.8;18.8
2024-04-16 01:15:27;30.8;44.3;57.6;58.3;43.3;58.9;21.3 °C;21.4;21;20.3;19.8;18.8
2024-04-16 01:25:27;30.8;44.3;57.6;58.3;43.3;58.9;21.3 °C;21.4;21;20.3;19.8;18.8
2024-04-16 01:35:24;30.8;44.3;57.5;58.3;43.3;58.8;21.2 °C;21.4;21;20.3;19.8;18.8
2024-04-16 01:45:23;30.8;44.3;57.5;58.3;43.3;58.8;21.2 °C;21.4;21;20.3;19.8;18.8
2024-04-16 01:55:20;30.7;44.3;57.5;58.3;43.3;58.9;21.1 °C;21.4;21;20.3;19.8;18.8
2024-04-16 02:05:26;30.7;44.3;57.5;58.3;43.3;58.9;21.1 °C;21.3;21;20.3;19.8;18.8
2024-04-16 02:15:23;30.8;44.3;57.5;58.3;43.3;58.9;21.1 °C;21.3;21;20.3;19.8;18.8
2024-04-16 02:25:25;30.8;44.3;57.5;58.3;43.3;58.8;21.1 °C;21.3;21;20.3;19.8;18.8
2024-04-16 02:35:21;30.8;44.3;57.5;58.3;43.3;58.9;21 °C;21.3;20.9;20.3;19.8;18.8
2024-04-16 02:45:25;30.8;44.3;57.5;58.3;43.3;58.9;21 °C;21.3;20.9;20.3;19.8;18.8
2024-04-16 02:55:20;30.8;44.3;57.5;58.3;43.3;58.9;21 °C;21.3;20.9;20.3;19.9;18.8
2024-04-16 03:05:27;30.8;44.3;57.5;58.3;43.3;58.9;20.9 °C;21.3;20.9;20.3;19.9;18.8
2024-04-16 03:15:24;30.8;44.3;57.5;58.3;43.3;58.9;20.9 °C;21.2;20.9;20.3;19.9;18.8
2024-04-16 03:25:26;30.8;44.3;57.5;58.3;43.3;58.9;20.9 °C;21.2;20.9;20.3;19.9;18.8
2024-04-16 03:35:26;30.8;44.3;57.5;58.3;43.3;58.9;20.9 °C;21.2;20.9;20.3;19.9;18.8
2024-04-16 03:45:23;30.8;44.3;57.5;58.3;43.3;58.9;20.8 °C;21.2;20.9;20.3;19.9;18.9
2024-04-16 03:55:20;30.8;44.2;57.5;58.3;43.3;58.9;20.8 °C;21.1;20.9;20.3;19.9;18.9
2024-04-16 04:05:26;30.8;44.2;57.5;58.3;43.3;58.8;20.8 °C;21.1;20.9;20.3;19.9;18.9
2024-04-16 04:15:23;30.8;44.2;57.5;58.3;43.3;58.9;20.8 °C;21.1;20.9;20.3;19.9;18.9
2024-04-16 04:25:25;30.8;44.2;57.5;58.3;43.3;58.9;20.7 °C;21.1;20.9;20.3;19.9;18.9
2024-04-16 04:35:21;30.8;44.3;57.5;58.3;43.3;58.9;20.7 °C;21.1;20.9;20.3;19.9;18.9
2024-04-16 04:45:25;30.8;44.2;57.5;58.3;43.3;58.9;20.6 °C;21.1;20.9;20.3;19.9;18.9
2024-04-16 04:55:20;30.8;44.2;57.5;58.3;43.3;58.9;20.6 °C;21.1;20.9;20.3;19.9;18.9
2024-04-16 05:05:27;30.8;44.2;57.5;58.3;43.3;58.9;20.6 °C;21;20.9;20.3;19.9;18.9
2024-04-16 05:15:24;30.8;44.2;57.5;58.3;43.3;58.9;20.6 °C;21;20.9;20.3;19.9;18.9
2024-04-16 05:25:27;30.8;44.2;57.5;58.3;43.3;58.9;20.6 °C;21;20.9;20.3;19.9;18.9
2024-04-16 05:35:24;30.9;44.2;57.5;58.3;43.3;58.9;20.5 °C;21;20.8;20.3;19.9;18.9
2024-04-16 05:45:27;30.8;44.2;57.4;58.3;43.3;58.9;20.4 °C;20.9;20.8;20.3;19.9;18.9
2024-04-16 05:55:20;30.8;44.2;57.4;58.3;43.3;58.9;20.4 °C;20.9;20.8;20.3;19.9;18.9
2024-04-16 06:05:26;30.8;44.2;57.4;58.3;43.3;58.9;20.4 °C;20.9;20.8;20.3;19.9;18.9
2024-04-16 06:15:23;30.9;44.2;57.4;58.3;43.3;58.9;20.3 °C;20.9;20.8;20.3;19.9;18.9
2024-04-16 06:25:21;30.9;44.2;57.4;58.3;43.3;58.9;20.3 °C;20.9;20.8;20.3;19.9;18.9
2024-04-16 06:35:21;30.9;44.2;57.4;58.3;43.3;58.9;20.2 °C;20.9;20.8;20.3;19.9;18.9
2024-04-16 06:45:25;30.9;44.2;57.4;58.3;43.3;58.9;20.2 °C;20.8;20.8;20.3;19.9;18.9
2024-04-16 06:55:20;30.9;44.2;57.4;58.3;43.3;58.9;20.1 °C;20.8;20.8;20.3;19.9;18.9
2024-04-16 07:05:23;30.9;44.2;57.4;58.3;43.3;58.9;20.1 °C;20.8;20.8;20.3;19.9;18.9
2024-04-16 07:15:24;30.9;44.2;57.4;58.3;43.3;58.9;20.1 °C;20.8;20.8;20.3;19.9;18.9
2024-04-16 07:25:27;30.9;44.2;57.4;58.3;43.3;58.9;20.1 °C;20.8;20.8;20.3;19.9;18.9
2024-04-16 07:35:25;30.9;44.2;57.4;58.3;43.3;58.9;20.1 °C;20.8;20.8;20.3;19.9;18.9
2024-04-16 07:45:20;30.9;44.2;57.4;58.3;43.3;58.9;20.1 °C;20.8;20.7;20.3;19.9;18.9
2024-04-16 07:55:26;30.8;44.2;57.4;58.3;43.3;58.9;20.1 °C;20.7;20.7;20.3;19.9;18.9
2024-04-16 08:05:23;30.9;44.2;57.4;58.3;43.3;58.9;20.1 °C;20.7;20.7;20.3;19.9;18.9
2024-04-16 08:15:20;30.9;44.2;57.4;58.3;43.3;58.9;20.1 °C;20.7;20.7;20.3;19.9;18.9
2024-04-16 08:25:23;30.8;44.2;57.4;58.2;43.3;58.9;20.1 °C;20.6;20.7;20.3;19.9;18.9
2024-04-16 08:35:21;30.9;44.2;57.4;58.3;43.3;58.9;20.2 °C;20.6;20.7;20.2;19.9;18.9
2024-04-16 08:45:20;30.9;44.1;57.3;58.2;43.3;58.9;20.3 °C;20.6;20.7;20.2;19.9;18.9
2024-04-16 08:55:22;30.8;44.1;57.4;58.3;43.3;58.9;20.3 °C;20.6;20.6;20.2;19.9;18.9
2024-04-16 09:05:26;30.8;44.1;57.4;58.2;43.3;58.9;20.3 °C;20.6;20.6;20.2;19.9;18.9
2024-04-16 09:15:26;30.8;44.1;57.4;58.2;43.3;58.9;20.4 °C;20.6;20.6;20.2;19.9;18.9
2024-04-16 09:25:26;30.8;44.1;57.3;58.2;43.3;58.9;20.4 °C;20.6;20.6;20.2;19.9;18.9
2024-04-16 09:35:25;30.9;44.1;57.3;58.2;43.3;58.9;20.5 °C;20.6;20.6;20.2;19.9;18.9
2024-04-16 09:45:22;30.8;44.1;57.3;58.2;43.3;58.9;20.6 °C;20.6;20.6;20.2;19.9;18.9
2024-04-16 09:55:22;30.9;44.1;57.3;58.2;43.3;58.9;20.6 °C;20.6;20.6;20.2;19.9;18.9
2024-04-16 10:05:20;30.9;44.1;57.3;58.2;43.3;58.9;20.6 °C;20.6;20.6;20.2;19.9;18.9
2024-04-16 10:15:27;30.8;44.1;57.3;58.2;43.3;58.9;20.7 °C;20.6;20.6;20.2;19.9;18.9
2024-04-16 10:25:24;30.8;44.1;57.3;58.2;43.3;58.9;20.8 °C;20.6;20.6;20.2;19.9;18.9
2024-04-16 10:35:21;30.8;44.1;57.3;58.2;43.3;58.9;20.8 °C;20.6;20.6;20.2;19.9;18.9
2024-04-16 10:45:26;30.9;44.1;57.3;58.2;43.3;58.9;20.9 °C;20.6;20.6;20.1;19.9;18.9
2024-04-16 10:55:23;30.9;44.1;57.3;58.2;43.3;58.9;21 °C;20.6;20.5;20.1;19.9;18.9
2024-04-16 11:05:19;30.9;44.1;57.3;58.2;43.3;58.9;21.1 °C;20.6;20.5;20.1;19.9;18.9
2024-04-16 11:15:22;30.9;44.1;57.3;58.2;43.3;58.9;21.1 °C;20.6;20.5;20.1;19.9;18.9
2024-04-16 11:25:23;30.9;44.1;57.3;58.2;43.3;58.9;21.3 °C;20.6;20.5;20.1;19.9;18.9
2024-04-16 11:35:24;30.9;44.1;57.3;58.2;43.3;58.9;21.3 °C;20.6;20.5;20.1;19.9;18.9
2024-04-16 11:45:23;30.9;44.1;57.3;58.1;43.3;58.9;21.4 °C;20.6;20.5;20.1;19.9;18.9
2024-04-16 11:55:25;30.9;44.1;57.3;58.1;43.3;58.9;21.5 °C;20.6;20.5;20.1;19.9;18.9
2024-04-16 12:05:20;30.9;44.1;57.3;58.1;43.3;58.9;21.6 °C;20.6;20.5;20.1;19.9;18.9
2024-04-16 12:15:24;30.9;44.1;57.3;58.1;43.3;58.9;21.7 °C;20.6;20.5;20.1;19.9;18.9
2024-04-16 12:25:22;30.9;44.1;57.3;58.1;43.3;58.9;21.8 °C;20.7;20.5;20.1;19.9;18.9
2024-04-16 12:35:20;30.9;44.1;57.3;58.1;43.3;58.9;21.9 °C;20.7;20.5;20.1;19.9;18.9
2024-04-16 12:45:22;30.9;44.1;57.3;58.1;43.3;58.9;22 °C;20.7;20.5;20.1;19.9;18.9
2024-04-16 12:55:20;30.9;44.0;57.3;58.1;43.3;58.9;22.1 °C;20.8;20.5;20.1;19.9;18.9
2024-04-16 13:05:22;30.9;44.0;57.2;58.1;43.3;58.9;22.2 °C;20.8;20.5;20.1;19.9;18.9
2024-04-16 13:15:24;30.9;44.1;57.3;58.1;43.3;58.8;22.3 °C;20.8;20.5;20.1;19.9;18.9
2024-04-16 13:25:22;30.9;44.1;57.2;58.1;43.3;58.8;22.3 °C;20.8;20.5;20.1;19.9;18.9
2024-04-16 13:35:24;30.9;44.1;57.3;58.1;43.3;58.9;22.3 °C;20.9;20.5;20.1;19.9;18.9
2024-04-16 13:45:23;30.9;44.1;57.2;58.1;43.3;58.8;22.3 °C;20.9;20.5;20.1;19.9;18.9
2024-04-16 13:55:21;31.0;44.1;57.2;58.1;43.3;58.8;22.4 °C;20.9;20.5;20.1;19.9;18.9
2024-04-16 14:05:21;31.0;44.0;57.2;58.1;43.2;58.8;22.4 °C;20.9;20.5;20.1;19.9;18.9
2024-04-16 14:15:24;31.0;44.1;57.2;58.1;43.3;58.9;22.4 °C;20.9;20.5;20.1;19.9;18.9
2024-04-16 14:25:20;30.9;44.1;57.2;58.1;43.2;58.8;22.4 °C;21;20.5;20.1;19.9;18.9
2024-04-16 14:35:31;30.9;44.1;57.2;58.1;43.3;58.8;22.4 °C;21;20.5;20.1;19.9;18.9
2024-04-16 14:45:23;31.0;44.1;57.2;58.1;43.2;58.9;22.4 °C;21.1;20.6;20.1;19.9;18.9
2024-04-16 14:55:26;31.0;44.1;57.2;58.1;43.2;58.9;22.4 °C;21.1;20.6;20.1;19.9;18.9
2024-04-16 15:05:26;31.0;44.1;57.2;58.1;43.2;58.8;22.4 °C;21.1;20.6;20.1;19.8;18.9
2024-04-16 15:15:24;30.9;44.1;57.2;58.1;43.2;58.9;22.3 °C;21.1;20.6;20.1;19.8;18.9
2024-04-16 15:25:27;30.9;44.1;57.2;58.1;43.2;58.8;22.3 °C;21.1;20.6;20.1;19.8;18.9
2024-04-16 15:35:20;31.0;44.1;57.2;58.1;43.2;58.8;22.3 °C;21.1;20.6;20.1;19.8;18.9
2024-04-16 15:45:24;30.9;44.1;57.2;58.1;43.2;58.8;22.3 °C;21.2;20.6;20.1;19.8;18.9
2024-04-16 15:55:27;30.9;44.1;57.2;58.1;43.2;58.8;22.2 °C;21.2;20.6;20.1;19.8;18.9
2024-04-16 16:05:20;30.9;44.1;57.2;58.1;43.2;58.8;22.1 °C;21.2;20.6;20.1;19.8;18.9
2024-04-16 16:15:19;31.0;44.1;57.2;58.1;43.2;58.8;22.1 °C;21.2;20.6;20.1;19.8;18.9
2024-04-16 16:25:26;30.9;44.1;57.2;58.1;43.2;58.8;22 °C;21.2;20.6;20.1;19.8;18.9
2024-04-16 16:35:22;31.0;44.1;57.2;58.1;43.2;58.8;21.9 °C;21.3;20.6;20.1;19.8;18.9
2024-04-16 16:45:25;31.0;44.1;57.2;58.1;43.2;58.8;21.9 °C;21.3;20.6;20.1;19.8;18.9
2024-04-16 16:55:26;31.0;44.1;57.2;58.1;43.2;58.8;21.8 °C;21.3;20.7;20.1;19.8;18.9
2024-04-16 17:05:22;30.9;44.1;57.2;58.1;43.2;58.8;21.8 °C;21.3;20.7;20.1;19.8;18.9
2024-04-16 17:15:24;31.0;44.1;57.3;58.1;43.2;58.8;21.7 °C;21.3;20.7;20.1;19.8;18.9
2024-04-16 17:25:27;31.0;44.1;57.2;58.1;43.2;58.8;21.6 °C;21.3;20.7;20.1;19.8;18.9
2024-04-16 17:35:21;31.1;44.1;57.2;58.1;43.2;58.8;21.6 °C;21.3;20.7;20.1;19.8;18.9
2024-04-16 17:45:21;31.0;44.1;57.2;58.1;43.2;58.8;21.6 °C;21.3;20.7;20.1;19.8;18.9
2024-04-16 17:55:25;31.0;44.0;57.2;58.1;43.2;58.8;21.5 °C;21.3;20.7;20.1;19.8;18.9
2024-04-16 18:05:25;31.0;44.1;57.3;58.1;43.2;58.8;21.5 °C;21.3;20.7;20.1;19.8;18.9
2024-04-16 18:15:20;31.0;44.1;57.2;58.1;43.2;58.8;21.4 °C;21.3;20.8;20.1;19.8;18.9
2024-04-16 18:25:21;31.0;44.1;57.2;58.1;43.2;58.8;21.4 °C;21.3;20.8;20.1;19.8;18.9
2024-04-16 18:35:22;30.8;44.0;57.2;58.1;43.2;58.8;21.4 °C;21.3;20.8;20.1;19.8;18.9
2024-04-16 18:45:22;30.8;44.0;57.2;58.1;43.2;58.8;21.4 °C;21.3;20.8;20.1;19.8;18.9
2024-04-16 18:55:24;30.9;44.0;57.2;58.1;43.2;58.8;21.3 °C;21.3;20.8;20.1;19.8;18.9
2024-04-16 19:05:23;30.8;44.0;57.2;58.1;43.2;58.8;21.3 °C;21.2;20.8;20.1;19.8;18.9
2024-04-16 19:15:25;30.8;44.0;57.2;58.1;43.2;58.8;21.3 °C;21.2;20.8;20.1;19.8;18.9
2024-04-16 19:25:21;30.8;44.0;57.2;58.1;43.2;58.8;21.3 °C;21.2;20.8;20.1;19.8;18.9
2024-04-16 19:35:25;30.8;44.0;57.2;58.1;43.2;58.8;21.2 °C;21.2;20.8;20.1;19.8;18.9
2024-04-16 19:45:19;30.8;44.0;57.2;58.1;43.2;58.8;21.2 °C;21.2;20.8;20.1;19.9;18.9
2024-04-16 19:55:26;30.8;44.0;57.2;58.1;43.2;58.8;21.1 °C;21.2;20.8;20.1;19.9;18.9
2024-04-16 20:05:27;30.8;44.0;57.2;58.1;43.2;58.8;21.1 °C;21.2;20.8;20.1;19.9;18.9
2024-04-16 20:15:21;30.8;44.0;57.2;58.1;43.2;58.8;21 °C;21.1;20.8;20.1;19.9;18.9
2024-04-16 20:25:20;30.8;44.0;57.2;58.1;43.2;58.8;20.9 °C;21.1;20.8;20.1;19.9;18.9
2024-04-16 20:35:24;30.8;44.0;57.2;58.1;43.2;58.8;20.9 °C;21.1;20.8;20.2;19.9;18.9
2024-04-16 20:45:26;30.9;44.0;57.2;58.1;43.2;58.8;20.9 °C;21.1;20.8;20.2;19.9;18.9
2024-04-16 20:55:24;30.8;44.0;57.2;58.1;43.2;58.8;20.8 °C;21.1;20.8;20.2;19.9;18.9
2024-04-16 21:05:23;30.8;44.0;57.2;58.1;43.2;58.8;20.8 °C;21.1;20.8;20.2;19.9;18.9
2024-04-16 21:15:21;30.9;44.0;57.2;58.1;43.2;58.8;20.8 °C;21.1;20.8;20.2;19.9;18.9
2024-04-16 21:25:25;30.9;44.0;57.2;58.1;43.2;58.8;20.7 °C;21.1;20.8;20.2;19.9;18.9
2024-04-16 21:35:24;30.8;44.0;57.2;58.1;43.2;58.8;20.7 °C;21.1;20.8;20.2;19.9;18.9
2024-04-16 21:45:20;30.9;44;57.2;58.1;43.2;58.8;20.6 °C;21;20.8;20.2;19.9;18.9
2024-04-16 21:55:23;30.9;44.0;57.2;58.1;43.2;58.8;20.6 °C;21;20.8;20.2;19.9;18.9
2024-04-16 22:05:21;30.9;44.0;57.2;58.1;43.2;58.8;20.6 °C;21;20.8;20.2;19.9;18.9
2024-04-16 22:15:24;30.9;44.0;57.2;58.1;43.2;58.8;20.5 °C;21;20.8;20.2;19.9;18.9
2024-04-16 22:25:19;30.9;44.0;57.2;58.1;43.2;58.8;20.5 °C;20.9;20.8;20.2;19.9;18.9
2024-04-16 22:35:21;30.9;43.9;57.2;58.1;43.2;58.8;20.4 °C;20.9;20.8;20.2;19.9;18.9
2024-04-16 22:45:25;30.8;43.9;57.2;58.1;43.2;58.8;20.4 °C;20.9;20.8;20.2;19.9;18.9
2024-04-16 22:55:22;30.9;44.0;57.2;58.1;43.2;58.8;20.4 °C;20.9;20.8;20.2;19.9;18.9
2024-04-16 23:05:26;30.8;44.0;57.2;58.1;43.2;58.8;20.4 °C;20.9;20.8;20.2;19.9;18.9
2024-04-16 23:15:23;30.8;43.9;57.2;58.1;43.2;58.8;20.3 °C;20.9;20.7;20.2;19.9;18.9
2024-04-16 23:25:26;30.8;43.9;57.2;58.1;43.2;58.8;20.3 °C;20.9;20.7;20.2;19.9;18.9
2024-04-16 23:35:27;30.8;43.9;57.2;58.1;43.2;58.8;20.3 °C;20.8;20.7;20.2;19.9;18.9
2024-04-16 23:45:21;30.8;43.9;57.2;58.1;43.2;58.8;20.3 °C;20.8;20.7;20.2;19.9;18.9
2024-04-16 23:55:25;30.8;43.9;57.2;58.1;43.2;58.8;20.3 °C;20.8;20.7;20.2;19.9;18.9
2024-04-17 00:05:24;30.8;43.9;57.2;58.1;43.2;58.8;20.2 °C;20.8;20.7;20.2;19.9;18.9
2024-04-17 00:15:23;30.7;43.9;57.2;58.1;43.2;58.8;20.2 °C;20.8;20.7;20.2;19.9;18.9
2024-04-17 00:25:21;30.8;43.9;57.2;58.1;43.2;58.8;20.1 °C;20.8;20.7;20.2;19.9;18.9
2024-04-17 00:35:21;30.8;43.9;57.2;58.1;43.2;58.8;20.1 °C;20.7;20.7;20.2;19.9;18.9
2024-04-17 00:45:21;30.8;43.9;57.2;58.1;43.2;58.8;20.1 °C;20.7;20.6;20.2;19.9;18.9
2024-04-17 00:55:22;30.8;43.9;57.2;58.1;43.2;58.8;20.1 °C;20.7;20.6;20.2;19.9;18.9
2024-04-17 01:05:26;30.8;43.9;57.2;58.1;43.2;58.8;20.1 °C;20.7;20.6;20.2;19.9;18.9
2024-04-17 01:15:23;30.8;43.9;57.2;58.1;43.2;58.8;20.1 °C;20.6;20.6;20.2;19.9;19
2024-04-17 01:25:22;30.8;43.9;57.2;58.1;43.2;58.8;20 °C;20.6;20.6;20.2;19.9;18.9
2024-04-17 01:35:26;30.8;43.9;57.2;58.1;43.2;58.8;20 °C;20.6;20.6;20.2;19.9;19
2024-04-17 01:45:21;30.8;43.9;57.2;58.1;43.2;58.8;19.9 °C;20.6;20.6;20.1;19.9;19
2024-04-17 01:55:24;30.8;43.9;57.2;58.1;43.2;58.8;19.9 °C;20.6;20.6;20.1;19.9;19
2024-04-17 02:05:19;30.9;43.9;57.1;58.1;43.2;58.8;19.9 °C;20.6;20.6;20.1;19.9;19
2024-04-17 02:15:26;30.9;43.9;57.2;58.1;43.2;58.8;19.8 °C;20.6;20.6;20.1;19.9;19
2024-04-17 02:25:27;30.9;43.9;57.2;58.1;43.2;58.8;19.8 °C;20.5;20.6;20.1;19.9;19
2024-04-17 02:35:20;30.8;43.9;57.2;58.1;43.2;58.8;19.8 °C;20.5;20.6;20.1;19.9;19
2024-04-17 02:45:20;30.9;43.9;57.1;58.1;43.2;58.8;19.7 °C;20.5;20.6;20.1;19.9;19
2024-04-17 02:55:26;30.9;43.9;57.1;58.1;43.2;58.8;19.6 °C;20.4;20.6;20.1;19.9;19
2024-04-17 03:05:20;30.8;43.9;57.1;58.1;43.2;58.8;19.6 °C;20.4;20.5;20.1;19.9;19
2024-04-17 03:15:22;30.9;43.8;57.1;58.1;43.2;58.8;19.5 °C;20.4;20.5;20.1;19.9;19
2024-04-17 03:25:24;30.8;43.9;57.1;58.1;43.2;58.8;19.4 °C;20.4;20.5;20.1;19.9;19
2024-04-17 03:35:26;30.8;43.8;57.1;58.1;43.2;58.8;19.4 °C;20.4;20.5;20.1;19.9;19
2024-04-17 03:45:25;30.8;43.8;57.1;58.1;43.2;58.8;19.3 °C;20.4;20.5;20.1;19.9;19
2024-04-17 03:55:20;30.8;43.8;57.1;58.1;43.2;58.8;19.3 °C;20.3;20.5;20.1;19.9;19
2024-04-17 04:05:24;30.8;43.8;57.1;58.1;43.2;58.8;19.3 °C;20.3;20.4;20.1;19.9;19
2024-04-17 04:15:26;30.8;43.8;57.1;58.1;43.2;58.8;19.2 °C;20.3;20.4;20.1;19.9;19
2024-04-17 04:25:21;30.8;43.8;57.1;58.1;43.2;58.8;19.2 °C;20.3;20.4;20.1;19.9;19
2024-04-17 04:35:20;30.8;43.8;57.1;58.1;43.2;58.8;19.1 °C;20.3;20.4;20.1;19.9;19
2024-04-17 04:45:23;30.8;43.8;57.1;58.1;43.2;58.8;19.1 °C;20.2;20.4;20.1;19.9;19
2024-04-17 04:55:21;30.8;43.8;57.1;58.1;43.2;58.8;19.1 °C;20.2;20.4;20.1;19.9;19
2024-04-17 05:05:21;30.9;43.8;57.1;58.1;43.2;58.8;19.1 °C;20.1;20.4;20.1;19.9;19
2024-04-17 05:15:25;30.9;43.8;57.1;58.1;43.2;58.8;19.1 °C;20.1;20.4;20.1;19.9;19
2024-04-17 05:25:21;30.8;43.8;57.1;58.1;43.2;58.8;19 °C;20.1;20.4;20.1;19.9;19
2024-04-17 05:35:21;30.8;43.8;57.0;58.1;43.2;58.8;19 °C;20.1;20.3;20.1;19.9;19
2024-04-17 05:45:20;30.8;43.8;57.1;58.1;43.2;58.8;19 °C;20.1;20.3;20.1;19.9;19
2024-04-17 05:55:24;30.9;43.8;57.0;58.1;43.2;58.8;18.9 °C;20;20.3;20.1;19.9;19
2024-04-17 06:05:21;30.9;43.8;57;58.1;43.2;58.8;18.9 °C;20;20.3;20.1;19.9;19
2024-04-17 06:15:20;30.9;43.8;57;58.1;43.2;58.8;18.9 °C;20;20.3;20;19.9;19
2024-04-17 06:25:20;30.9;43.8;57.1;58.1;43.2;58.8;18.9 °C;19.9;20.3;20;19.9;19
2024-04-17 06:35:26;30.9;43.8;57.0;58.1;43.2;58.8;18.9 °C;19.9;20.3;20;19.9;19
2024-04-17 06:45:23;30.8;43.7;57.0;58.1;43.2;58.8;18.8 °C;19.9;20.3;20;19.9;19
2024-04-17 06:55:23;30.9;43.8;57.0;58.0;43.2;58.8;18.8 °C;19.9;20.3;20;19.9;19
2024-04-17 07:05:24;30.9;43.8;57.0;58.0;43.2;58.8;18.8 °C;19.9;20.3;20;19.9;19
2024-04-17 07:15:23;30.8;43.8;57.0;58.0;43.2;58.8;18.8 °C;19.9;20.2;20;19.9;19
2024-04-17 07:25:25;30.9;43.8;57.0;58.1;43.2;58.8;18.8 °C;19.8;20.2;20;19.9;19
2024-04-17 07:35:27;30.9;43.8;57.0;58.0;43.2;58.8;18.8 °C;19.8;20.2;20;19.8;19
2024-04-17 07:45:20;30.9;43.8;57.0;58.0;43.2;58.8;18.8 °C;19.8;20.1;20;19.8;19
2024-04-17 07:55:23;30.9;43.7;57.0;58.0;43.2;58.8;18.8 °C;19.8;20.1;19.9;19.8;19
2024-04-17 08:05:25;30.9;43.7;57.0;58.0;43.2;58.8;18.8 °C;19.8;20.1;19.9;19.8;19
2024-04-17 08:15:23;30.9;43.7;57.0;58.0;43.2;58.8;18.8 °C;19.8;20.1;19.9;19.8;19
2024-04-17 08:25:24;30.9;43.8;56.9;58.0;43.2;58.8;18.8 °C;19.7;20.1;19.9;19.8;19
2024-04-17 08:35:23;30.9;43.7;57.0;58.0;43.2;58.8;18.8 °C;19.7;20.1;19.9;19.8;19
2024-04-17 08:45:25;30.9;43.7;56.9;58.0;43.2;58.8;18.8 °C;19.7;20.1;19.9;19.8;19
2024-04-17 08:55:27;30.9;43.7;56.9;58.0;43.2;58.8;18.9 °C;19.7;20.1;19.9;19.8;19
2024-04-17 09:05:20;30.9;43.7;56.9;58.0;43.2;58.8;18.9 °C;19.6;20.1;19.9;19.8;19
2024-04-17 09:15:23;31.0;43.7;56.9;58.0;43.2;58.8;19 °C;19.6;20;19.9;19.8;19
2024-04-17 09:25:25;30.9;43.7;56.9;58.0;43.2;58.8;19.1 °C;19.6;20;19.9;19.8;19
2024-04-17 09:35:22;31.0;43.7;56.9;58.0;43.1;58.8;19.1 °C;19.6;20;19.9;19.8;19
2024-04-17 09:45:25;30.9;43.7;56.9;58.0;43.1;58.8;19.2 °C;19.6;20;19.9;19.8;19
2024-04-17 09:55:24;30.9;43.7;56.9;58.0;43.2;58.8;19.3 °C;19.6;19.9;19.9;19.8;18.9
2024-04-17 10:05:23;30.9;43.7;56.9;58.0;43.1;58.8;19.4 °C;19.6;19.9;19.9;19.8;18.9
2024-04-17 10:15:23;30.9;43.7;56.9;58.0;43.1;58.8;19.5 °C;19.6;19.9;19.8;19.8;18.9
2024-04-17 10:25:20;31.0;43.7;56.9;58.0;43.1;58.8;19.5 °C;19.6;19.9;19.8;19.8;18.9
2024-04-17 10:35:23;31.0;43.7;56.9;58.0;43.1;58.8;19.5 °C;19.6;19.9;19.8;19.8;18.9
2024-04-17 10:45:25;30.9;43.7;56.9;58.0;43.1;58.8;19.6 °C;19.6;19.9;19.8;19.8;18.9
2024-04-17 10:55:26;30.9;43.7;56.9;57.9;43.1;58.8;19.6 °C;19.6;19.9;19.8;19.8;18.9
2024-04-17 11:05:25;30.9;43.7;56.9;57.9;43.1;58.8;19.6 °C;19.6;19.9;19.8;19.8;18.9
2024-04-17 11:15:24;30.9;43.7;56.9;57.9;43.1;58.8;19.6 °C;19.6;19.9;19.8;19.8;18.9
2024-04-17 11:25:23;30.9;43.7;56.9;57.9;43.1;58.8;19.7 °C;19.6;19.9;19.8;19.8;18.9
2024-04-17 11:35:27;30.9;43.7;56.8;57.9;43.1;58.8;19.7 °C;19.6;19.9;19.8;19.8;18.9
2024-04-17 11:45:20;31.0;43.7;56.8;57.9;43.1;58.8;19.8 °C;19.6;19.9;19.8;19.8;18.9
2024-04-17 11:55:23;30.9;43.7;56.8;57.9;43.1;58.8;19.8 °C;19.6;19.9;19.8;19.8;18.9
2024-04-17 12:05:25;31.0;43.7;56.8;57.9;43.1;58.8;19.8 °C;19.6;19.9;19.8;19.8;18.9
2024-04-17 12:15:22;31.0;43.7;56.8;57.9;43.1;58.8;19.8 °C;19.6;19.8;19.8;19.8;18.9
2024-04-17 12:25:23;30.9;43.7;56.8;57.9;43.1;58.8;19.8 °C;19.6;19.8;19.8;19.7;18.9
2024-04-17 12:35:25;30.9;43.7;56.8;57.9;43.1;58.8;19.8 °C;19.7;19.8;19.8;19.7;18.9
2024-04-17 12:45:21;30.9;43.7;56.8;57.9;43.1;58.8;19.9 °C;19.7;19.8;19.7;19.7;18.9
2024-04-17 12:55:26;31.0;43.7;56.8;57.9;43.1;58.8;20 °C;19.7;19.8;19.7;19.7;18.9
2024-04-17 13:05:21;31.0;43.7;56.8;57.9;43.1;58.8;20.2 °C;19.7;19.8;19.7;19.7;18.9
2024-04-17 13:15:24;30.9;43.7;56.8;57.9;43.1;58.8;20.3 °C;19.7;19.8;19.7;19.7;18.9
2024-04-17 13:25:19;31.0;43.7;56.8;57.9;43.1;58.8;20.5 °C;19.7;19.8;19.7;19.7;18.9
2024-04-17 13:35:26;31.0;43.7;56.8;57.9;43.1;58.8;20.6 °C;19.8;19.8;19.7;19.7;18.9
2024-04-17 13:45:25;31.1;43.7;56.8;57.9;43.1;58.8;20.7 °C;19.8;19.8;19.7;19.7;18.9
2024-04-17 13:55:24;31.1;43.7;56.8;57.8;43.1;58.8;20.7 °C;19.8;19.8;19.7;19.7;18.9
2024-04-17 14:05:19;31.0;43.7;56.8;57.8;43.1;58.8;20.7 °C;19.8;19.8;19.7;19.7;18.9
2024-04-17 14:15:26;31.1;43.7;56.8;57.9;43.1;58.8;20.6 °C;19.8;19.8;19.7;19.7;18.9
2024-04-17 14:25:21;31.0;43.7;56.8;57.8;43.1;58.7;20.6 °C;19.9;19.8;19.7;19.7;18.9
2024-04-17 14:35:24;31;43.7;56.8;57.9;43.1;58.7;20.6 °C;19.9;19.8;19.6;19.6;18.9
2024-04-17 14:45:19;30.9;43.7;56.8;57.9;43.1;58.7;20.5 °C;19.9;19.8;19.6;19.6;18.9
2024-04-17 14:55:26;30.9;43.7;56.8;57.8;43.1;58.7;20.4 °C;19.9;19.8;19.6;19.6;18.9
2024-04-17 15:05:24;31.0;43.7;56.8;57.8;43.1;58.7;20.4 °C;19.9;19.8;19.6;19.6;18.9
2024-04-17 15:15:24;31.0;43.7;56.8;57.8;43.1;58.7;20.4 °C;19.9;19.8;19.6;19.6;18.9
2024-04-17 15:25:19;31.0;43.7;56.8;57.8;43.1;58.7;20.3 °C;19.9;19.8;19.6;19.6;18.9
2024-04-17 15:35:26;31.0;43.7;56.8;57.8;43.1;58.7;20.3 °C;19.9;19.8;19.6;19.6;18.9
2024-04-17 15:45:19;31.0;43.7;56.8;57.8;43.1;58.7;20.2 °C;20;19.8;19.6;19.6;18.9
2024-04-17 15:55:25;31.0;43.7;56.8;57.8;43.1;58.7;20.1 °C;20;19.8;19.6;19.6;18.9
2024-04-17 16:05:25;31.0;43.7;56.8;57.8;43.1;58.7;20.1 °C;20;19.9;19.6;19.6;18.9
2024-04-17 16:15:22;31.0;43.7;56.8;57.8;43.1;58.7;20 °C;20;19.9;19.6;19.6;18.9
2024-04-17 16:25:24;31.0;43.7;56.8;57.8;43.1;58.7;19.9 °C;20;19.9;19.6;19.6;18.9
2024-04-17 16:35:24;31.0;43.7;56.8;57.8;43.0;58.7;19.9 °C;20;19.9;19.6;19.6;18.9
2024-04-17 16:45:23;30.9;43.7;56.8;57.8;43.0;58.7;19.9 °C;20;19.9;19.6;19.6;18.9
2024-04-17 16:55:22;30.9;43.7;56.8;57.8;43.0;58.6;19.8 °C;20;19.9;19.6;19.6;18.9
2024-04-17 17:05:19;30.9;43.7;56.8;57.8;43.0;58.6;19.8 °C;20;19.9;19.6;19.6;18.9
2024-04-17 17:15:25;31.0;43.7;56.8;57.8;43.0;58.6;19.8 °C;20;19.9;19.6;19.6;18.9
2024-04-17 17:25:21;31.0;43.7;56.8;57.8;43.0;58.6;19.7 °C;19.9;19.9;19.6;19.6;18.9
2024-04-17 17:35:26;31.0;43.7;56.8;57.8;43.0;58.6;19.7 °C;19.9;19.9;19.6;19.6;18.9
2024-04-17 17:45:23;31.0;43.7;56.8;57.8;43.0;58.6;19.6 °C;19.9;19.9;19.6;19.6;18.9
2024-04-17 17:55:26;31.1;43.7;56.8;57.8;43.0;58.6;19.6 °C;19.9;19.9;19.6;19.6;18.9
2024-04-17 18:05:23;31.1;43.7;56.8;57.8;43.0;58.6;19.4 °C;19.9;19.9;19.6;19.6;18.8
2024-04-17 18:15:26;31.0;43.7;56.8;57.8;43.0;58.6;19.4 °C;19.9;19.9;19.6;19.6;18.8
2024-04-17 18:25:20;31.0;43.7;56.8;57.8;43.0;58.6;19.3 °C;19.9;19.9;19.6;19.6;18.8
2024-04-17 18:35:23;30.9;43.7;56.8;57.8;43.0;58.6;19.2 °C;19.9;19.9;19.6;19.6;18.8
2024-04-17 18:45:25;31.0;43.7;56.8;57.8;43.0;58.6;19.1 °C;19.9;19.9;19.6;19.6;18.8
2024-04-17 18:55:22;30.9;43.7;56.8;57.8;43.0;58.6;19.1 °C;19.9;19.9;19.6;19.6;18.8
2024-04-17 19:05:23;30.9;43.7;56.8;57.8;43.0;58.6;19 °C;19.9;19.9;19.6;19.6;18.8
2024-04-17 19:15:25;30.9;43.7;56.8;57.8;43.0;58.6;18.9 °C;19.8;19.9;19.6;19.6;18.8
2024-04-17 19:25:21;31.0;43.6;56.8;57.8;43.0;58.6;18.8 °C;19.8;19.9;19.6;19.6;18.8
2024-04-17 19:35:26;30.9;43.7;56.8;57.8;43.0;58.6;18.8 °C;19.8;19.9;19.6;19.6;18.8
2024-04-17 19:45:19;30.9;43.6;56.8;57.8;43.0;58.6;18.7 °C;19.8;19.9;19.6;19.6;18.8
2024-04-17 19:55:26;30.9;43.6;56.8;57.8;43.0;58.6;18.6 °C;19.8;19.9;19.6;19.6;18.8
2024-04-17 20:05:23;30.9;43.6;56.8;57.8;43.0;58.6;18.5 °C;19.8;19.9;19.6;19.6;18.8
2024-04-17 20:15:26;31.0;43.6;56.8;57.8;43.0;58.6;18.4 °C;19.7;19.9;19.6;19.6;18.8
2024-04-17 20:25:24;31.0;43.6;56.7;57.8;42.9;58.6;18.4 °C;19.7;19.8;19.6;19.6;18.8
2024-04-17 20:35:24;31.0;43.6;56.8;57.8;43.0;58.6;18.3 °C;19.6;19.8;19.6;19.6;18.8
2024-04-17 20:45:23;31.0;43.6;56.7;57.8;43.0;58.6;18.3 °C;19.6;19.8;19.6;19.6;18.8
2024-04-17 20:55:26;31.0;43.6;56.7;57.8;43.0;58.6;18.2 °C;19.6;19.8;19.6;19.6;18.8
2024-04-17 21:05:20;31.0;43.6;56.7;57.8;43.0;58.6;18.1 °C;19.6;19.8;19.6;19.5;18.8
2024-04-17 21:15:24;31.0;43.6;56.7;57.8;43.0;58.6;18.1 °C;19.5;19.8;19.6;19.5;18.8
2024-04-17 21:25:23;30.9;43.6;56.7;57.8;42.9;58.6;18 °C;19.5;19.8;19.6;19.6;18.8
2024-04-17 21:35:26;30.9;43.6;56.7;57.8;43.0;58.6;17.9 °C;19.4;19.8;19.6;19.5;18.8
2024-04-17 21:45:23;30.9;43.6;56.7;57.8;43.0;58.6;17.9 °C;19.4;19.8;19.6;19.5;18.8
2024-04-17 21:55:26;30.9;43.6;56.7;57.8;43.0;58.6;17.9 °C;19.4;19.8;19.6;19.5;18.8
2024-04-17 22:05:19;30.9;43.6;56.7;57.8;43.0;58.6;17.8 °C;19.4;19.8;19.6;19.5;18.8
2024-04-17 22:15:26;30.9;43.6;56.7;57.8;43.0;58.6;17.8 °C;19.3;19.8;19.6;19.5;18.8
2024-04-17 22:25:20;31.0;43.6;56.7;57.8;43.0;58.6;17.8 °C;19.3;19.7;19.6;19.5;18.8
2024-04-17 22:35:24;31.0;43.5;56.7;57.8;43.0;58.6;17.7 °C;19.3;19.7;19.6;19.5;18.8
2024-04-17 22:45:19;31.0;43.5;56.7;57.8;43.0;58.6;17.7 °C;19.3;19.7;19.6;19.5;18.8
2024-04-17 22:55:26;31.0;43.5;56.7;57.8;43.0;58.6;17.6 °C;19.2;19.7;19.6;19.5;18.8
2024-04-17 23:05:24;31.0;43.5;56.7;57.8;43.0;58.6;17.6 °C;19.2;19.7;19.6;19.5;18.8
2024-04-17 23:15:24;31.0;43.6;56.7;57.7;43.0;58.6;17.5 °C;19.1;19.6;19.5;19.5;18.8
2024-04-17 23:25:19;31.0;43.5;56.7;57.8;43.0;58.6;17.5 °C;19.1;19.6;19.5;19.5;18.8
2024-04-17 23:35:26;31.0;43.5;56.7;57.8;43.0;58.6;17.4 °C;19.1;19.6;19.5;19.5;18.8
2024-04-17 23:45:20;31.0;43.5;56.7;57.7;43.0;58.6;17.4 °C;19.1;19.6;19.5;19.5;18.8
2024-04-17 23:55:23;31.0;43.5;56.7;57.7;43.0;58.6;17.3 °C;19;19.6;19.5;19.5;18.8
2024-04-18 00:05:21;30.9;43.5;56.6;57.7;43.0;58.6;17.2 °C;19;19.6;19.5;19.5;18.8
2024-04-18 00:15:22;31.0;43.5;56.6;57.7;43.0;58.6;17.1 °C;18.9;19.6;19.5;19.5;18.8
2024-04-18 00:25:24;31.0;43.5;56.7;57.7;43.0;58.6;17.1 °C;18.9;19.5;19.5;19.5;18.8
2024-04-18 00:35:23;30.9;43.5;56.7;57.7;43.0;58.6;17 °C;18.9;19.5;19.5;19.5;18.8
2024-04-18 00:45:19;31.0;43.5;56.6;57.7;43.0;58.6;16.9 °C;18.9;19.5;19.4;19.5;18.8
2024-04-18 00:55:22;31.0;43.5;56.6;57.7;43.0;58.6;16.9 °C;18.8;19.5;19.4;19.5;18.8
2024-04-18 01:05:19;30.9;43.5;56.6;57.7;43.0;58.6;16.8 °C;18.8;19.4;19.4;19.5;18.8
2024-04-18 01:15:25;31.0;43.5;56.6;57.7;42.9;58.6;16.8 °C;18.8;19.4;19.4;19.4;18.8
2024-04-18 01:25:25;31.0;43.5;56.6;57.7;43.0;58.6;16.8 °C;18.8;19.4;19.4;19.4;18.8
2024-04-18 01:35:26;31.0;43.5;56.6;57.7;43.0;58.6;16.7 °C;18.7;19.4;19.4;19.4;18.8
2024-04-18 01:45:24;31.0;43.5;56.6;57.7;43.0;58.6;16.6 °C;18.6;19.4;19.4;19.4;18.8
2024-04-18 01:55:24;31.0;43.5;56.6;57.7;43.0;58.6;16.6 °C;18.6;19.4;19.4;19.4;18.8
2024-04-18 02:05:23;31.0;43.5;56.6;57.7;43.0;58.6;16.5 °C;18.6;19.4;19.4;19.4;18.8
2024-04-18 02:15:25;31.0;43.4;56.6;57.7;43.0;58.6;16.4 °C;18.6;19.3;19.4;19.4;18.8
2024-04-18 02:25:21;31.0;43.5;56.6;57.7;42.9;58.6;16.4 °C;18.5;19.3;19.4;19.4;18.8
2024-04-18 02:35:22;31.0;43.5;56.6;57.7;42.9;58.6;16.4 °C;18.5;19.3;19.4;19.4;18.8
2024-04-18 02:45:20;31.0;43.5;56.6;57.7;42.9;58.6;16.3 °C;18.4;19.3;19.4;19.4;18.8
2024-04-18 02:55:24;31.0;43.5;56.6;57.7;42.9;58.6;16.3 °C;18.4;19.3;19.3;19.4;18.8
2024-04-18 03:05:20;31.0;43.4;56.6;57.7;42.9;58.6;16.2 °C;18.4;19.3;19.3;19.4;18.8
2024-04-18 03:15:19;31.0;43.5;56.5;57.7;42.9;58.6;16.1 °C;18.3;19.2;19.3;19.4;18.8
2024-04-18 03:25:21;31;43.5;56.5;57.7;42.9;58.6;16.1 °C;18.3;19.2;19.3;19.4;18.8
2024-04-18 03:35:22;31.0;43.4;56.5;57.7;42.9;58.6;16 °C;18.3;19.2;19.3;19.4;18.8
2024-04-18 03:45:24;31.0;43.4;56.6;57.7;42.9;58.6;15.9 °C;18.3;19.1;19.3;19.4;18.8
2024-04-18 03:55:20;31.0;43.4;56.6;57.7;42.9;58.6;15.9 °C;18.2;19.1;19.3;19.4;18.8
2024-04-18 04:05:20;31.0;43.4;56.5;57.7;42.9;58.6;15.8 °C;18.1;19.1;19.3;19.4;18.8
2024-04-18 04:15:19;31.0;43.4;56.5;57.7;43.0;58.6;15.8 °C;18.1;19.1;19.3;19.4;18.7
2024-04-18 04:25:26;31.0;43.4;56.5;57.7;43.0;58.6;15.7 °C;18.1;19.1;19.3;19.4;18.7
2024-04-18 04:35:24;31.0;43.4;56.5;57.7;43.0;58.6;15.7 °C;18.1;19;19.3;19.4;18.7
2024-04-18 04:45:20;31.0;43.4;56.5;57.7;42.9;58.6;15.6 °C;18;19;19.2;19.4;18.7
2024-04-18 04:55:19;31.0;43.4;56.5;57.7;42.9;58.6;15.6 °C;18;19;19.2;19.4;18.7
2024-04-18 05:05:25;31.0;43.4;56.5;57.6;43.0;58.6;15.5 °C;17.9;18.9;19.2;19.3;18.7
2024-04-18 05:15:21;31.0;43.4;56.5;57.6;43.0;58.6;15.5 °C;17.9;18.9;19.2;19.3;18.7
2024-04-18 05:25:23;31.0;43.4;56.5;57.6;43.0;58.5;15.4 °C;17.9;18.9;19.2;19.3;18.7
2024-04-18 05:35:22;31.0;43.3;56.5;57.6;43.0;58.5;15.4 °C;17.8;18.9;19.1;19.3;18.7
2024-04-18 05:45:19;31.0;43.3;56.4;57.6;43.0;58.5;15.4 °C;17.8;18.9;19.1;19.3;18.7
2024-04-18 05:55:21;31.0;43.4;56.4;57.6;43.0;58.5;15.3 °C;17.8;18.8;19.1;19.3;18.7
2024-04-18 06:15:24;31.0;43.3;56.4;57.6;43.0;58.5;15.3 °C;17.7;18.8;19.1;19.3;18.7
2024-04-18 06:25:19;31.1;43.3;56.4;57.6;42.9;58.5;15.3 °C;17.6;18.8;19.1;19.3;18.7
2024-04-18 06:35:22;31.1;43.3;56.4;57.6;42.9;58.5;15.2 °C;17.6;18.8;19.1;19.3;18.7
2024-04-18 06:45:24;31.1;43.3;56.4;57.6;42.9;58.5;15.2 °C;17.6;18.8;19.1;19.3;18.7
2024-04-18 06:55:23;31.1;43.4;56.4;57.6;42.9;58.5;15.1 °C;17.6;18.7;19.1;19.3;18.7
2024-04-18 07:05:21;31.1;43.3;56.4;57.6;42.9;58.5;15.1 °C;17.5;18.7;19;19.3;18.6
2024-04-18 07:15:26;31.1;43.3;56.4;57.6;42.9;58.5;15.1 °C;17.4;18.6;19;19.3;18.6
2024-04-18 07:25:20;31.1;43.3;56.4;57.6;42.9;58.5;15.1 °C;17.4;18.6;19;19.3;18.6
2024-04-18 07:35:23;31.1;43.3;56.4;57.6;42.9;58.5;15.1 °C;17.4;18.6;19;19.3;18.6
2024-04-18 07:45:21;31.0;43.3;56.4;57.6;42.9;58.5;15.1 °C;17.4;18.6;18.9;19.3;18.6
2024-04-18 07:55:19;30.9;43.3;56.4;57.6;42.9;58.5;15.1 °C;17.3;18.6;18.9;19.2;18.6
2024-04-18 08:05:22;30.9;43.3;56.4;57.6;42.9;58.5;15.2 °C;17.3;18.5;18.9;19.2;18.6
2024-04-18 08:15:19;31.0;43.3;56.4;57.6;42.9;58.5;15.2 °C;17.3;18.5;18.9;19.2;18.6
2024-04-18 08:25:21;30.9;43.3;56.4;57.6;42.9;58.5;15.3 °C;17.3;18.5;18.9;19.2;18.6
2024-04-18 08:35:24;31.0;43.3;56.4;57.6;42.9;58.5;15.3 °C;17.3;18.4;18.9;19.2;18.6
2024-04-18 08:45:25;31.0;43.3;56.3;57.5;42.9;58.5;15.4 °C;17.2;18.4;18.9;19.2;18.6
2024-04-18 08:55:26;31.0;43.3;56.3;57.6;42.9;58.5;15.5 °C;17.2;18.4;18.9;19.2;18.6
2024-04-18 09:05:23;30.9;43.3;56.4;57.5;42.9;58.5;15.6 °C;17.2;18.4;18.8;19.1;18.6
2024-04-18 09:15:26;31.0;43.3;56.3;57.5;42.9;58.5;15.8 °C;17.1;18.4;18.8;19.1;18.6
2024-04-18 09:25:20;30.9;43.3;56.3;57.5;42.9;58.5;15.9 °C;17.1;18.3;18.8;19.1;18.6
2024-04-18 09:35:23;31.0;43.3;56.3;57.5;42.9;58.5;16 °C;17.1;18.3;18.8;19.1;18.6
2024-04-18 09:45:23;31.0;43.3;56.3;57.5;42.9;58.5;16.1 °C;17.1;18.3;18.8;19.1;18.6
2024-04-18 09:55:26;31.0;43.3;56.3;57.5;42.9;58.5;16.3 °C;17.1;18.3;18.8;19.1;18.6
2024-04-18 10:05:22;31.0;43.3;56.3;57.5;42.9;58.5;16.4 °C;17.1;18.3;18.8;19.1;18.6
2024-04-18 10:15:25;31.0;43.3;56.3;57.5;42.9;58.5;16.6 °C;17.1;18.3;18.8;19.1;18.6
2024-04-18 10:25:22;31.1;43.3;56.3;57.5;42.9;58.5;16.8 °C;17.1;18.2;18.7;19.1;18.6
2024-04-18 10:35:18;31.2;43.3;56.3;57.5;42.9;58.5;16.9 °C;17.1;18.2;18.7;19.1;18.6
2024-04-18 10:45:25;31.1;43.3;56.3;57.5;42.9;58.5;17.1 °C;17.1;18.2;18.7;19.1;18.6
2024-04-18 10:55:22;31.1;43.3;56.3;57.5;42.9;58.5;17.1 °C;17.2;18.2;18.6;19;18.6
2024-04-18 11:05:23;31.2;43.3;56.3;57.5;42.9;58.6;17.2 °C;17.2;18.1;18.6;19;18.5
2024-04-18 11:15:22;31.2;43.3;56.3;57.5;42.9;58.5;17.3 °C;17.3;18.1;18.6;19;18.5
2024-04-18 11:25:20;31.2;43.3;56.3;57.4;42.9;58.5;17.3 °C;17.3;18.1;18.6;19;18.5
2024-04-18 11:35:19;31.3;43.3;56.3;57.4;42.9;58.5;17.3 °C;17.3;18.1;18.6;19;18.5
2024-04-18 11:45:23;31.2;43.3;56.3;57.4;42.9;58.5;17.4 °C;17.3;18.1;18.6;19;18.5
2024-04-18 11:55:22;31.2;43.3;56.3;57.4;42.9;58.5;17.4 °C;17.3;18.1;18.6;19;18.5
2024-04-18 12:05:23;31.2;43.3;56.3;57.4;42.9;58.5;17.5 °C;17.4;18.1;18.6;18.9;18.5
2024-04-18 12:15:19;31.2;43.4;56.3;57.4;42.9;58.5;17.6 °C;17.4;18.1;18.6;18.9;18.5
2024-04-18 12:25:26;31.2;43.4;56.3;57.4;42.9;58.5;17.6 °C;17.4;18.1;18.5;18.9;18.5
2024-04-18 12:35:22;31.2;43.3;56.3;57.4;42.9;58.5;17.7 °C;17.4;18.1;18.5;18.9;18.5
2024-04-18 12:45:25;31.3;43.3;56.3;57.4;42.9;58.5;17.8 °C;17.4;18.1;18.5;18.9;18.4
2024-04-18 12:55:26;31.3;43.3;56.3;57.4;42.9;58.5;17.8 °C;17.5;18.1;18.5;18.9;18.4
2024-04-18 13:05:19;31.2;43.3;56.3;57.4;42.9;58.5;17.8 °C;17.5;18.1;18.5;18.9;18.4
2024-04-18 13:15:23;31.2;43.3;56.3;57.4;42.9;58.5;17.8 °C;17.6;18.1;18.4;18.9;18.4
2024-04-18 13:25:26;31.2;43.4;56.3;57.4;42.9;58.5;17.8 °C;17.6;18.1;18.4;18.9;18.4
2024-04-18 13:35:19;31.2;43.3;56.3;57.4;42.9;58.5;17.8 °C;17.6;18.1;18.4;18.9;18.4
2024-04-18 13:45:19;31.2;43.4;56.3;57.4;42.8;58.5;17.7 °C;17.6;18.1;18.4;18.9;18.4
2024-04-18 13:55:26;31.2;43.3;56.3;57.4;42.9;58.5;17.7 °C;17.6;18.1;18.4;18.9;18.4
2024-04-18 14:05:19;31.2;43.3;56.3;57.4;42.9;58.5;17.6 °C;17.7;18.1;18.4;18.8;18.4
2024-04-18 14:15:19;31.3;43.3;56.3;57.4;42.8;58.5;17.6 °C;17.7;18.1;18.4;18.8;18.4
2024-04-18 14:25:22;31.3;43.3;56.3;57.4;42.8;58.5;17.6 °C;17.7;18.1;18.4;18.8;18.4
2024-04-18 14:35:18;31.3;43.3;56.3;57.3;42.8;58.5;17.6 °C;17.7;18.1;18.4;18.8;18.4
2024-04-18 14:45:21;31.3;43.3;56.3;57.3;42.8;58.5;17.6 °C;17.8;18.1;18.4;18.8;18.4
2024-04-18 14:55:26;31.2;43.4;56.3;57.4;42.8;58.5;17.7 °C;17.8;18.1;18.4;18.8;18.4
2024-04-18 15:05:24;31.3;43.3;56.3;57.4;42.8;58.5;17.8 °C;17.8;18.1;18.4;18.8;18.4
2024-04-18 15:15:20;31.3;43.4;56.3;57.4;42.8;58.5;17.8 °C;17.8;18.1;18.4;18.8;18.4
2024-04-18 15:25:20;31.4;43.4;56.3;57.3;42.8;58.5;17.8 °C;17.8;18.1;18.4;18.8;18.4
2024-04-18 15:35:24;31.4;43.3;56.3;57.3;42.8;58.5;17.9 °C;17.8;18.1;18.4;18.8;18.4
2024-04-18 15:45:23;31.3;43.3;56.3;57.3;42.8;58.5;17.9 °C;17.8;18.1;18.4;18.8;18.3
2024-04-18 15:55:20;31.3;43.3;56.3;57.3;42.8;58.5;17.9 °C;17.8;18.1;18.4;18.8;18.3
2024-04-18 16:05:25;31.2;43.3;56.3;57.3;42.8;58.5;17.9 °C;17.8;18.1;18.4;18.8;18.3
2024-04-18 16:15:22;31.2;43.3;56.3;57.3;42.8;58.5;17.9 °C;17.8;18.1;18.4;18.8;18.3
2024-04-18 16:25:18;31.2;43.3;56.3;57.3;42.8;58.5;17.9 °C;17.9;18.1;18.3;18.7;18.3
2024-04-18 16:35:21;31.2;43.4;56.3;57.3;42.8;58.5;17.9 °C;17.9;18.1;18.3;18.7;18.3
2024-04-18 16:45:21;31.3;43.3;56.3;57.3;42.8;58.5;17.9 °C;17.9;18.1;18.3;18.7;18.3
2024-04-18 16:55:23;31.3;43.3;56.3;57.3;42.8;58.4;17.8 °C;17.9;18.1;18.3;18.7;18.3
2024-04-18 17:05:22;31.2;43.4;56.2;57.3;42.8;58.4;17.8 °C;17.9;18.2;18.3;18.7;18.3
2024-04-18 17:15:24;31.2;43.4;56.2;57.4;42.8;58.4;17.8 °C;17.9;18.2;18.3;18.7;18.3
2024-04-18 17:25:18;31.3;43.4;56.2;57.3;42.8;58.4;17.8 °C;17.9;18.2;18.3;18.7;18.3
2024-04-18 17:35:25;31.2;43.4;56.2;57.3;42.8;58.4;17.8 °C;17.9;18.2;18.3;18.7;18.3
2024-04-18 17:45:25;31.2;43.4;56.2;57.3;42.8;58.4;17.8 °C;17.9;18.2;18.3;18.7;18.3
2024-04-18 17:55:19;31.2;43.4;56.2;57.3;42.8;58.4;17.9 °C;17.9;18.2;18.3;18.6;18.3
2024-04-18 18:05:21;31.2;43.4;56.2;57.3;42.8;58.4;17.9 °C;17.9;18.2;18.3;18.6;18.3
2024-04-18 18:15:19;31.2;43.4;56.2;57.3;42.8;58.4;17.9 °C;17.9;18.2;18.3;18.6;18.3
2024-04-18 18:25:25;31.3;43.3;56.2;57.3;42.8;58.4;17.9 °C;18;18.2;18.3;18.6;18.3
2024-04-18 18:35:23;31.3;43.4;56.2;57.3;42.8;58.4;17.9 °C;18;18.2;18.3;18.6;18.3
2024-04-18 18:45:21;31.2;43.3;56.2;57.3;42.8;58.4;17.9 °C;18;18.2;18.3;18.6;18.3
2024-04-18 18:55:23;31.2;43.3;56.2;57.3;42.8;58.4;17.8 °C;18;18.2;18.3;18.6;18.2
2024-04-18 19:05:26;31.2;43.3;56.2;57.3;42.8;58.4;17.8 °C;18;18.2;18.3;18.6;18.2
2024-04-18 19:15:19;31.2;43.4;56.2;57.3;42.8;58.4;17.7 °C;18;18.3;18.3;18.6;18.2
2024-04-18 19:25:19;31.2;43.4;56.2;57.3;42.8;58.4;17.6 °C;18;18.3;18.3;18.6;18.2
2024-04-18 19:35:26;31.3;43.3;56.2;57.3;42.8;58.4;17.6 °C;18;18.3;18.3;18.6;18.2
2024-04-18 19:45:20;31.3;43.3;56.2;57.3;42.8;58.4;17.5 °C;18;18.3;18.3;18.6;18.2
2024-04-18 19:55:20;31.3;43.4;56.2;57.3;42.7;58.4;17.4 °C;18;18.3;18.3;18.6;18.2
2024-04-18 20:05:20;31.2;43.4;56.2;57.3;42.8;58.4;17.3 °C;18;18.3;18.3;18.6;18.2
2024-04-18 20:15:24;31.2;43.4;56.2;57.3;42.8;58.4;17.3 °C;18;18.3;18.3;18.6;18.2
2024-04-18 20:25:18;31.2;43.3;56.2;57.3;42.8;58.4;17.1 °C;18;18.3;18.3;18.6;18.2
2024-04-18 20:35:21;31.2;43.3;56.2;57.3;42.8;58.4;17.1 °C;18;18.3;18.3;18.6;18.2
2024-04-18 20:45:26;31.1;43.3;56.2;57.3;42.7;58.4;17 °C;18;18.3;18.3;18.6;18.1
2024-04-18 20:55:20;31.2;43.4;56.3;57.3;42.7;58.4;16.9 °C;17.9;18.3;18.3;18.6;18.1
2024-04-18 21:05:20;31.2;43.3;56.3;57.3;42.8;58.4;16.9 °C;17.9;18.3;18.3;18.6;18.1
2024-04-18 21:15:19;31.2;43.3;56.3;57.3;42.7;58.4;16.8 °C;17.9;18.3;18.3;18.6;18.1
2024-04-18 21:25:23;31.2;43.3;56.3;57.3;42.7;58.4;16.8 °C;17.9;18.3;18.3;18.6;18.1
2024-04-18 21:35:20;31.2;43.3;56.5;57.3;42.7;58.4;16.8 °C;17.9;18.3;18.3;18.6;18.1
2024-04-18 21:45:25;31.2;43.3;56.5;57.3;42.7;58.4;16.7 °C;17.9;18.3;18.3;18.6;18.1
2024-04-18 21:55:26;31.2;43.3;56.5;57.3;42.7;58.4;16.6 °C;17.9;18.3;18.3;18.6;18.1
2024-04-18 22:05:19;31.3;43.3;56.5;57.3;42.7;58.4;16.5 °C;17.8;18.3;18.3;18.6;18.1
2024-04-18 22:15:18;31.3;43.3;56.4;57.4;42.7;58.4;16.4 °C;17.8;18.3;18.3;18.6;18.1
2024-04-18 22:25:24;31.2;43.3;56.4;57.5;42.7;58.4;16.4 °C;17.8;18.3;18.3;18.6;18.1
2024-04-18 22:35:21;31.2;43.3;56.4;57.5;42.7;58.4;16.3 °C;17.8;18.3;18.3;18.6;18.1
2024-04-18 22:45:24;31.2;43.3;56.4;57.8;42.7;58.4;16.3 °C;17.8;18.3;18.3;18.6;18.1
2024-04-18 22:55:25;31.2;43.3;56.4;58.1;42.7;58.4;16.2 °C;17.8;18.2;18.3;18.6;18.1
2024-04-18 23:05:22;31.2;43.3;56.4;58.4;42.8;58.4;16.1 °C;17.7;18.2;18.3;18.5;18.1
2024-04-18 23:15:24;31.2;43.3;56.4;58.4;42.8;58.4;16.1 °C;17.7;18.2;18.3;18.5;18.1
2024-04-18 23:25:22;31.2;43.3;56.4;58.4;42.8;58.4;15.9 °C;17.6;18.2;18.3;18.5;18.1
2024-04-18 23:35:25;31.2;43.3;56.4;58.2;42.7;58.4;15.9 °C;17.6;18.2;18.3;18.5;18.1
2024-04-18 23:45:26;31.2;43.2;56.4;58.2;42.7;58.4;15.9 °C;17.6;18.2;18.3;18.5;18.1
2024-04-18 23:55:20;31.2;43.3;56.4;58.2;42.7;58.4;15.8 °C;17.6;18.2;18.3;18.5;18.1
2024-04-19 00:05:23;31.2;43.3;56.4;58.2;42.7;58.4;15.8 °C;17.6;18.2;18.3;18.5;18.1
2024-04-19 00:15:22;31.1;43.2;56.4;58.2;42.7;58.4;15.7 °C;17.5;18.1;18.3;18.5;18.1
2024-04-19 00:25:24;31.2;43.3;56.4;58.2;42.7;58.4;15.6 °C;17.5;18.1;18.3;18.5;18.1
2024-04-19 00:35:25;31.2;43.2;56.4;58.2;42.7;58.4;15.6 °C;17.4;18.1;18.3;18.5;18.1
2024-04-19 00:45:21;31.2;43.2;56.4;58.2;42.8;58.4;15.5 °C;17.4;18.1;18.3;18.5;18.1
2024-04-19 00:55:19;31.2;43.2;56.4;58.2;42.8;58.4;15.4 °C;17.4;18.1;18.3;18.5;18.1
2024-04-19 01:05:26;31.2;43.2;56.4;58.2;42.7;58.4;15.4 °C;17.4;18.1;18.3;18.5;18.1
2024-04-19 01:15:19;31.3;43.2;56.4;58.2;42.7;58.4;15.4 °C;17.3;18.1;18.3;18.5;18.1
2024-04-19 01:25:18;31.2;43.2;56.3;58.2;42.7;58.4;15.3 °C;17.3;18.1;18.3;18.5;18.1
2024-04-19 01:35:21;31.2;43.2;56.4;58.2;42.7;58.4;15.3 °C;17.3;18.1;18.3;18.5;18.1
2024-04-19 01:45:22;31.2;43.2;56.3;58.2;42.7;58.4;15.3 °C;17.3;18.1;18.2;18.5;18.1
2024-04-19 01:55:24;31.2;43.2;56.3;58.2;42.7;58.4;15.3 °C;17.2;18;18.2;18.5;18.1
2024-04-19 02:05:19;31.2;43.2;56.4;58.2;42.7;58.3;15.3 °C;17.2;18;18.2;18.5;18.1
2024-04-19 02:15:19;31.2;43.2;56.3;58.2;42.7;58.3;15.3 °C;17.1;18;18.2;18.5;18.1
2024-04-19 02:25:21;31.3;43.2;56.3;58.2;42.7;58.4;15.2 °C;17.1;18;18.2;18.4;18
2024-04-19 02:35:19;31.3;43.2;56.4;58.2;42.7;58.3;15.2 °C;17.1;17.9;18.2;18.4;18
2024-04-19 02:45:21;31.2;43.2;56.4;58.1;42.7;58.4;15.2 °C;17.1;17.9;18.2;18.4;18
2024-04-19 02:55:22;31.2;43.2;56.3;58.1;42.7;58.3;15.2 °C;17.1;17.9;18.2;18.4;18
2024-04-19 03:05:20;31.2;43.2;56.3;58.2;42.7;58.3;15.2 °C;17;17.9;18.2;18.4;18
2024-04-19 03:15:25;31.2;43.2;56.3;58.2;42.7;58.3;15.1 °C;17;17.9;18.1;18.4;18
2024-04-19 03:25:25;31.2;43.2;56.3;58.2;42.7;58.4;15.1 °C;16.9;17.9;18.1;18.4;18
2024-04-19 03:35:19;31.3;43.2;56.3;58.2;42.7;58.3;15.1 °C;16.9;17.9;18.1;18.4;18
2024-04-19 03:45:21;31.2;43.1;56.3;58.1;42.7;58.3;15.1 °C;16.9;17.8;18.1;18.4;18
2024-04-19 03:55:18;31.3;43.1;56.3;58.2;42.7;58.3;15.1 °C;16.9;17.8;18.1;18.4;18
2024-04-19 04:05:25;31.2;43.2;56.3;58.1;42.7;58.3;15.1 °C;16.9;17.8;18.1;18.4;18
2024-04-19 04:15:25;31.2;43.1;56.3;58.2;42.7;58.3;15.1 °C;16.9;17.8;18.1;18.4;18
2024-04-19 04:25:22;31.2;43.1;56.3;58.1;42.7;58.3;15.1 °C;16.8;17.8;18.1;18.4;18
2024-04-19 04:35:21;31.3;43.1;56.3;58.1;42.7;58.3;15.1 °C;16.8;17.8;18.1;18.4;18
2024-04-19 04:45:21;31.3;43.1;56.3;58.1;42.7;58.3;15.1 °C;16.8;17.8;18.1;18.4;18
2024-04-19 04:55:18;31.3;43.1;56.3;58.1;42.7;58.3;15.1 °C;16.8;17.8;18.1;18.4;18
2024-04-19 05:05:25;31.3;43.1;56.3;58.1;42.7;58.3;15.1 °C;16.8;17.7;18.1;18.4;18
2024-04-19 05:15:26;31.2;43.1;56.3;58.1;42.7;58.3;15.1 °C;16.8;17.7;18.1;18.4;17.9
2024-04-19 05:25:24;31.2;43.1;56.3;58.1;42.6;58.3;15.1 °C;16.7;17.7;18;18.4;17.9
2024-04-19 05:35:20;31.2;43.1;56.3;58.1;42.6;58.3;15.1 °C;16.7;17.7;18;18.4;17.9
2024-04-19 05:45:24;31.2;43.1;56.3;58.1;42.6;58.3;15.1 °C;16.7;17.6;18;18.4;17.9
2024-04-19 05:55:23;31.2;43.1;56.3;58.1;42.6;58.2;15.1 °C;16.6;17.6;18;18.4;17.9
2024-04-19 06:05:22;31.3;43.1;56.3;58.1;42.6;58.2;15.1 °C;16.6;17.6;18;18.4;17.9
2024-04-19 06:15:20;31.3;43.1;56.3;58.1;42.6;58.2;15 °C;16.6;17.6;18;18.4;17.9
2024-04-19 06:25:21;31.3;43.1;56.3;58.1;42.6;58.2;15 °C;16.6;17.6;18;18.3;17.9
2024-04-19 06:35:22;31.4;43.1;56.3;58.1;42.6;58.2;15 °C;16.6;17.6;17.9;18.3;17.9
2024-04-19 06:45:19;31.4;43.1;56.3;58.1;42.6;58.2;14.9 °C;16.6;17.6;17.9;18.3;17.9
2024-04-19 06:55:19;31.5;43.1;56.3;58.1;42.6;58.2;14.9 °C;16.6;17.6;17.9;18.3;17.9
2024-04-19 07:05:22;31.5;43.1;56.2;58.1;42.6;58.2;14.9 °C;16.6;17.5;17.9;18.3;17.9
2024-04-19 07:15:24;31.5;43.1;56.3;58.1;42.6;58.2;14.9 °C;16.5;17.5;17.9;18.3;17.9
2024-04-19 07:25:20;31.6;43.1;56.2;58.1;42.6;58.2;14.9 °C;16.5;17.5;17.9;18.3;17.9
2024-04-19 07:35:20;31.6;43.0;56.2;58.1;42.6;58.2;14.9 °C;16.5;17.5;17.9;18.3;17.9
2024-04-19 07:45:19;31.7;43.1;56.2;58.0;42.6;58.2;14.8 °C;16.4;17.4;17.9;18.3;17.9
2024-04-19 07:55:22;31.7;43.0;56.2;58.1;42.6;58.2;14.8 °C;16.4;17.4;17.9;18.3;17.9
2024-04-19 08:05:21;31.8;43.1;56.2;58.0;42.6;58.1;14.8 °C;16.4;17.4;17.9;18.3;17.9
2024-04-19 08:15:26;31.8;43.1;56.2;58.0;42.6;58.1;14.8 °C;16.4;17.4;17.9;18.3;17.9
2024-04-19 08:25:23;31.9;43.1;56.2;58.0;42.6;58.1;14.8 °C;16.4;17.4;17.8;18.3;17.9
2024-04-19 08:35:22;31.9;43.1;56.2;58.0;42.6;58.1;14.8 °C;16.4;17.4;17.8;18.3;17.9
2024-04-19 08:45:20;32.0;43.1;56.2;58.0;42.6;58.1;14.8 °C;16.4;17.4;17.8;18.3;17.9
2024-04-19 08:55:21;32.0;43.1;56.2;58.0;42.5;58.1;14.8 °C;16.3;17.4;17.8;18.3;17.9
2024-04-19 09:05:21;32.1;43.1;56.2;58.0;42.6;58.1;14.8 °C;16.3;17.4;17.8;18.3;17.9
2024-04-19 09:15:18;32.1;43.0;56.2;58.0;42.5;58.1;14.8 °C;16.3;17.3;17.8;18.3;17.9
2024-04-19 09:25:20;32.2;43.0;56.2;58.0;42.5;58.1;14.8 °C;16.3;17.3;17.8;18.3;17.9
2024-04-19 09:35:26;32.2;43.0;56.2;58.0;42.5;58.1;14.8 °C;16.3;17.3;17.8;18.2;17.9
2024-04-19 09:45:23;32.3;43.0;56.2;58.0;42.5;58.1;14.8 °C;16.3;17.3;17.8;18.2;17.9
2024-04-19 09:55:18;32.3;43.0;56.2;58.0;42.5;58.1;14.8 °C;16.3;17.3;17.8;18.2;17.8
2024-04-19 10:05:21;32.4;43.0;56.2;58.0;42.5;58.1;14.8 °C;16.3;17.3;17.8;18.2;17.8
2024-04-19 10:15:21;32.5;43.1;56.2;58.0;42.5;58.1;14.9 °C;16.2;17.3;17.8;18.2;17.8
2024-04-19 10:25:18;32.5;43.1;56.2;58.0;42.5;58.1;14.9 °C;16.2;17.3;17.7;18.2;17.8
2024-04-19 10:35:20;32.6;43.1;56.2;58;42.5;58.1;14.9 °C;16.2;17.2;17.7;18.2;17.8
2024-04-19 10:45:26;32.6;43.1;56.2;58;42.6;58.1;14.9 °C;16.2;17.2;17.7;18.1;17.8
2024-04-19 10:55:23;32.8;43.1;56.2;58;42.6;58.1;15 °C;16.2;17.2;17.7;18.1;17.8
2024-04-19 11:05:18;32.8;43.1;56.2;58;42.6;58.1;15.1 °C;16.2;17.2;17.7;18.1;17.8
2024-04-19 11:15:21;32.9;43.1;56.2;58.0;42.5;58.1;15.1 °C;16.2;17.2;17.6;18.1;17.8
2024-04-19 11:25:21;32.9;43.0;56.2;58.0;42.6;58.1;15.1 °C;16.2;17.1;17.6;18.1;17.8
2024-04-19 11:35:19;33.0;43.1;56.2;58.0;42.5;58.1;15.2 °C;16.2;17.1;17.6;18.1;17.8
2024-04-19 11:45:21;33.0;43.1;56.2;58.0;42.5;58.1;15.3 °C;16.2;17.1;17.6;18.1;17.8
2024-04-19 11:55:24;33.1;43.1;56.2;58.0;42.5;58.1;15.3 °C;16.2;17.1;17.6;18.1;17.8
2024-04-19 12:05:19;33.1;43.1;56.2;58.0;42.5;58.1;15.3 °C;16.2;17.1;17.6;18.1;17.8
2024-04-19 12:15:18;33.2;43.1;56.2;58.0;42.5;58.1;15.4 °C;16.2;17.1;17.6;18.1;17.8
2024-04-19 12:25:21;33.2;43.1;56.2;58.0;42.5;58.1;15.4 °C;16.2;17.1;17.6;18.1;17.8
2024-04-19 12:35:21;33.3;43.1;56.2;58.0;42.5;58.1;15.4 °C;16.2;17.1;17.6;18.1;17.8
2024-04-19 12:45:23;33.3;43.1;56.2;58.0;42.5;58.1;15.5 °C;16.2;17.1;17.6;18.1;17.8
2024-04-19 12:55:21;33.4;43.1;56.2;58.0;42.5;58.1;15.6 °C;16.2;17.1;17.6;18.1;17.8
2024-04-19 13:05:24;33.4;43.1;56.2;58.0;42.5;58.1;15.6 °C;16.2;17.1;17.6;18.1;17.8
2024-04-19 13:15:19;33.5;43.1;56.2;58.0;42.5;58.1;15.6 °C;16.2;17.1;17.5;18;17.8
2024-04-19 13:25:22;33.5;43.1;56.2;58.0;42.5;58.1;15.7 °C;16.2;17;17.5;18;17.8
2024-04-19 13:35:21;33.5;43.1;56.2;58.0;42.5;58.1;15.7 °C;16.3;17;17.5;18;17.8
2024-04-19 13:45:21;33.5;43.1;56.2;58.0;42.5;58.1;15.8 °C;16.3;17;17.5;18;17.7
2024-04-19 13:55:22;33.6;43.1;56.2;58.0;42.5;58.1;15.8 °C;16.3;17;17.5;18;17.7
2024-04-19 14:05:25;33.6;43.1;56.2;57.9;42.5;58.1;15.8 °C;16.3;17;17.5;18;17.7
2024-04-19 14:15:25;33.7;43.1;56.2;58.0;42.5;58.1;15.8 °C;16.3;17;17.4;18;17.7
2024-04-19 14:25:23;33.7;43.1;56.2;57.9;42.5;58.1;15.9 °C;16.3;17;17.4;18;17.7
2024-04-19 14:35:25;33.7;43.1;56.2;58.0;42.5;58.1;15.9 °C;16.3;17;17.4;17.9;17.7
2024-04-19 14:45:19;33.7;43.1;56.2;57.9;42.5;58.1;16 °C;16.3;17;17.4;17.9;17.7
2024-04-19 14:55:26;33.8;43.1;56.2;57.9;42.5;58.1;16.1 °C;16.3;17;17.4;17.9;17.7
2024-04-19 15:05:19;33.9;43.1;56.2;57.9;42.5;58.1;16.1 °C;16.3;17;17.4;17.9;17.7
2024-04-19 15:15:24;33.9;43.1;56.2;57.9;42.5;58.1;16.1 °C;16.4;17;17.4;17.9;17.7
2024-04-19 15:25:19;33.9;43.1;56.2;57.9;42.5;58.1;16.2 °C;16.4;17;17.4;17.9;17.6
2024-04-19 15:35:22;33.9;43.1;56.1;58.0;42.5;58.1;16.2 °C;16.4;17;17.4;17.9;17.6
2024-04-19 15:45:20;33.9;43.1;56.2;57.9;42.5;58.1;16.2 °C;16.4;17;17.4;17.9;17.6
2024-04-19 15:55:20;33.9;43.1;56.2;57.9;42.5;58.1;16.3 °C;16.4;17;17.4;17.9;17.6
2024-04-19 16:05:24;33.9;43.1;56.1;57.9;42.5;58.1;16.3 °C;16.4;17;17.4;17.9;17.6
2024-04-19 16:15:22;34.0;43.1;56.2;57.9;42.5;58.1;16.3 °C;16.4;17;17.4;17.9;17.6
2024-04-19 16:25:23;34.0;43.1;56.1;57.9;42.5;58.1;16.2 °C;16.4;17;17.4;17.9;17.6
2024-04-19 16:35:18;34.0;43.1;56.2;57.9;42.5;58.1;16.2 °C;16.5;17;17.4;17.9;17.6
2024-04-19 16:45:25;34.0;43.1;56.1;57.9;42.5;58.1;16.1 °C;16.5;17;17.4;17.9;17.6
2024-04-19 16:55:26;34.0;43.1;56.1;57.9;42.5;58.1;16.1 °C;16.5;17;17.4;17.9;17.6
2024-04-19 17:05:19;34.0;43.1;56.1;57.9;42.5;58.2;16.1 °C;16.5;17;17.4;17.9;17.6
2024-04-19 17:15:19;34.1;43.1;56.2;57.9;42.5;58.1;16.1 °C;16.5;17;17.4;17.9;17.6
2024-04-19 17:25:24;34.0;43.1;56.2;57.9;42.5;58.1;16.1 °C;16.6;17;17.3;17.8;17.6
2024-04-19 17:35:23;34.0;43.1;56.2;57.9;42.5;58.1;16.1 °C;16.6;17;17.3;17.8;17.6
2024-04-19 17:45:18;34.0;43.1;56.2;57.9;42.5;58.1;16.1 °C;16.6;17;17.3;17.8;17.6
2024-04-19 17:55:20;34.1;43.1;56.2;57.9;42.5;58.1;16 °C;16.6;17;17.3;17.8;17.6
2024-04-19 18:05:20;34.1;43.1;56.1;57.9;42.5;58.1;16 °C;16.6;17;17.3;17.8;17.6
2024-04-19 18:15:22;34.1;43.1;56.2;57.9;42.5;58.1;15.9 °C;16.6;17;17.3;17.8;17.6
2024-04-19 18:25:23;34.1;43.1;56.2;57.9;42.5;58.1;15.9 °C;16.6;17;17.3;17.8;17.6
2024-04-19 18:35:18;34.1;43.1;56.2;57.9;42.5;58.1;15.9 °C;16.6;17;17.3;17.8;17.6
2024-04-19 18:45:21;34.1;43.1;56.2;57.9;42.5;58.1;15.8 °C;16.6;17;17.3;17.8;17.6
2024-04-19 18:55:24;34.1;43.1;56.2;57.9;42.5;58.1;15.8 °C;16.6;17;17.3;17.8;17.5
2024-04-19 19:05:23;34.1;43.1;56.1;57.9;42.5;58.1;15.8 °C;16.6;17;17.3;17.8;17.5
2024-04-19 19:15:18;34.1;43.1;56.2;57.9;42.5;58.1;15.7 °C;16.6;17;17.3;17.8;17.5
2024-04-19 19:25:20;34.1;43.1;56.2;57.9;42.5;58.1;15.6 °C;16.6;17;17.3;17.8;17.5
2024-04-19 19:35:21;34.1;43.1;56.1;57.9;42.5;58.1;15.6 °C;16.5;17;17.3;17.8;17.5
2024-04-19 19:45:20;34.1;43.1;56.2;57.9;42.5;58.1;15.6 °C;16.5;17;17.3;17.8;17.5
2024-04-19 19:55:19;34.1;43.1;56.2;57.9;42.5;58.1;15.5 °C;16.5;17.1;17.3;17.8;17.5
2024-04-19 20:05:19;34.2;43.1;56.2;57.9;42.5;58.1;15.4 °C;16.5;17;17.3;17.8;17.5
2024-04-19 20:15:21;34.2;43.1;56.2;57.9;42.5;58.1;15.4 °C;16.5;17;17.3;17.8;17.5
2024-04-19 20:25:22;34.1;43.1;56.1;57.9;42.5;58.1;15.4 °C;16.5;17;17.3;17.8;17.5
2024-04-19 20:35:20;34.1;43.1;56.1;57.9;42.5;58.1;15.3 °C;16.4;17;17.3;17.8;17.5
2024-04-19 20:45:24;34.1;43.1;56.1;57.9;42.5;58.1;15.3 °C;16.4;17;17.3;17.8;17.4
2024-04-19 20:55:24;34.2;43.1;56.2;57.9;42.5;58.1;15.2 °C;16.4;17;17.3;17.7;17.4
2024-04-19 21:05:21;34.1;43.1;56.2;57.9;42.5;58.1;15.1 °C;16.4;17;17.3;17.8;17.4
2024-04-19 21:15:24;34.1;43.1;56.2;57.9;42.5;58.1;15.1 °C;16.4;17;17.3;17.7;17.4
2024-04-19 21:25:23;34.1;43.1;56.1;57.9;42.5;58.1;15 °C;16.4;17;17.3;17.7;17.4
2024-04-19 21:35:22;34.1;43.1;56.1;57.9;42.5;58.1;15 °C;16.4;17;17.3;17.7;17.4
2024-04-19 21:45:20;34.1;43.1;56.1;57.9;42.5;58.1;14.9 °C;16.4;17;17.3;17.7;17.4
2024-04-19 21:55:20;34.1;43.1;56.1;57.9;42.5;58.1;14.9 °C;16.3;17;17.3;17.7;17.4
2024-04-19 22:05:21;34.2;43.1;56.1;57.9;42.5;58.1;14.8 °C;16.3;17;17.3;17.7;17.4
2024-04-19 22:15:21;34.2;43.1;56.1;57.9;42.5;58.1;14.8 °C;16.3;17;17.3;17.7;17.4
2024-04-19 22:25:22;34.2;43.0;56.1;57.9;42.5;58.1;14.8 °C;16.3;17;17.3;17.7;17.4
2024-04-19 22:35:21;34.2;43.0;56.2;57.9;42.5;58.1;14.7 °C;16.3;16.9;17.3;17.7;17.4
2024-04-19 22:45:25;34.1;43.0;56.2;57.9;42.5;58.1;14.6 °C;16.3;16.9;17.3;17.7;17.4
2024-04-19 22:55:22;34.2;43.0;56.2;57.9;42.5;58.1;14.6 °C;16.2;16.9;17.3;17.7;17.4
2024-04-19 23:05:26;34.1;43.1;56.2;57.9;42.5;58.1;14.5 °C;16.2;16.9;17.3;17.7;17.4
2024-04-19 23:15:23;34.1;43.0;56.1;57.9;42.5;58.1;14.4 °C;16.1;16.9;17.3;17.7;17.4
2024-04-19 23:25:22;34.1;43.0;56.1;57.8;42.5;58.1;14.4 °C;16.1;16.9;17.3;17.7;17.4
2024-04-19 23:35:24;34.1;43.0;56.1;57.9;42.5;58.1;14.4 °C;16.1;16.9;17.3;17.6;17.4
2024-04-19 23:45:22;34.1;43.0;56.1;57.8;42.5;58.1;14.3 °C;16.1;16.9;17.2;17.6;17.4
2024-04-19 23:55:19;34.2;43.0;56.1;57.9;42.5;58.1;14.3 °C;16.1;16.9;17.2;17.6;17.4
2024-04-20 00:05:23;34.2;43.1;56.1;57.9;42.5;58.1;14.3 °C;16;16.9;17.2;17.6;17.4
2024-04-20 00:15:25;34.2;43.0;56.1;57.9;42.5;58.1;14.2 °C;16;16.9;17.2;17.6;17.4
2024-04-20 00:25:22;34.1;43.0;56.1;57.8;42.5;58.1;14.1 °C;15.9;16.9;17.2;17.6;17.4
2024-04-20 00:35:21;34.2;43.0;56.1;57.8;42.5;58.1;14.1 °C;15.9;16.8;17.2;17.6;17.4
2024-04-20 00:45:21;34.2;43.0;56.1;57.8;42.5;58.1;14.1 °C;15.9;16.8;17.2;17.6;17.4
2024-04-20 00:55:18;34.2;43.0;56.1;57.8;42.5;58.1;14 °C;15.9;16.8;17.2;17.6;17.4
2024-04-20 01:05:25;34.2;43.0;56.1;57.8;42.5;58.0;13.9 °C;15.9;16.8;17.2;17.6;17.4
2024-04-20 01:15:24;34.2;43.0;56.1;57.9;42.5;58.1;13.9 °C;15.8;16.8;17.2;17.6;17.4
2024-04-20 01:25:19;34.2;43.0;56.1;57.8;42.5;58.1;13.8 °C;15.8;16.8;17.2;17.6;17.3
2024-04-20 01:35:18;34.2;43.0;56.1;57.9;42.5;58.1;13.8 °C;15.8;16.8;17.1;17.6;17.3
2024-04-20 01:45:25;34.2;43.0;56.1;57.9;42.5;58.0;13.8 °C;15.8;16.8;17.1;17.6;17.3
2024-04-20 01:55:18;34.2;43.0;56.1;57.9;42.5;58.1;13.7 °C;15.8;16.8;17.1;17.6;17.3
2024-04-20 02:05:20;34.2;43.0;56.1;57.9;42.5;58.0;13.6 °C;15.7;16.7;17.1;17.6;17.3
2024-04-20 02:15:24;34.2;43.0;56.1;57.9;42.4;58.1;13.6 °C;15.7;16.7;17.1;17.6;17.3
2024-04-20 02:25:20;34.2;43.0;56.1;57.8;42.5;58.1;13.6 °C;15.6;16.7;17.1;17.6;17.3
2024-04-20 02:35:25;34.2;43.0;56.1;57.8;42.5;58.0;13.5 °C;15.6;16.7;17.1;17.6;17.3
2024-04-20 02:45:24;34.2;43.0;56.1;57.8;42.5;58.1;13.4 °C;15.6;16.6;17.1;17.6;17.3
2024-04-20 02:55:23;34.2;43.0;56.1;57.8;42.5;58.0;13.4 °C;15.6;16.6;17.1;17.6;17.3
2024-04-20 03:05:18;34.2;43.0;56.1;57.8;42.5;58.0;13.4 °C;15.5;16.6;17.1;17.6;17.3
2024-04-20 03:15:25;34.2;42.9;56.1;57.8;42.4;58.0;13.4 °C;15.5;16.6;17.1;17.6;17.3
2024-04-20 03:25:19;34.2;42.9;56.1;57.8;42.4;58.0;13.3 °C;15.4;16.6;17.1;17.6;17.3
2024-04-20 03:35:22;34.2;42.9;56.1;57.8;42.4;58.0;13.3 °C;15.4;16.6;17.1;17.6;17.3
2024-04-20 03:45:20;34.2;43.0;56.1;57.8;42.5;58.0;13.2 °C;15.4;16.6;17.1;17.6;17.3
2024-04-20 03:55:20;34.2;42.9;56.1;57.8;42.4;58.0;13.2 °C;15.4;16.5;17;17.6;17.3
2024-04-20 04:05:24;34.2;42.9;56.1;57.8;42.4;58.0;13.1 °C;15.3;16.5;17;17.5;17.3
2024-04-20 04:15:20;34.3;42.9;56.1;57.8;42.4;58.0;13.1 °C;15.3;16.5;17;17.5;17.3
2024-04-20 04:25:24;34.2;42.9;56.1;57.8;42.4;58.0;13.1 °C;15.3;16.5;17;17.5;17.3
2024-04-20 04:35:25;34.2;42.9;56.1;57.8;42.4;58.0;13 °C;15.3;16.4;17;17.5;17.3
2024-04-20 04:45:18;34.2;42.9;56.0;57.8;42.4;58.0;13 °C;15.2;16.4;17;17.5;17.3
2024-04-20 04:55:20;34.2;42.9;56.0;57.8;42.4;58.0;12.9 °C;15.2;16.4;16.9;17.5;17.3
2024-04-20 05:05:20;34.3;42.9;56.1;57.8;42.4;58.0;12.9 °C;15.1;16.4;16.9;17.5;17.3
2024-04-20 05:15:21;34.2;42.9;56.1;57.8;42.4;58.0;12.9 °C;15.1;16.4;16.9;17.5;17.3
2024-04-20 05:25:23;34.2;42.9;56.1;57.8;42.4;58.0;12.8 °C;15.1;16.4;16.9;17.4;17.3
2024-04-20 05:35:19;34.2;42.9;56.0;57.8;42.4;58.0;12.8 °C;15.1;16.3;16.9;17.4;17.3
2024-04-20 05:45:18;34.2;42.9;56.0;57.8;42.4;58.0;12.7 °C;15;16.3;16.9;17.4;17.3
2024-04-20 05:55:20;34.2;42.9;56.0;57.8;42.4;58.0;12.7 °C;15;16.3;16.9;17.4;17.3
2024-04-20 06:05:20;34.2;42.9;56.0;57.8;42.4;58.0;12.6 °C;15;16.3;16.9;17.4;17.2
2024-04-20 06:15:24;34.2;42.9;56.0;57.8;42.4;58.0;12.6 °C;14.9;16.3;16.9;17.4;17.2
2024-04-20 06:25:25;34.2;42.9;56.0;57.8;42.4;58.0;12.5 °C;14.9;16.3;16.9;17.4;17.2
2024-04-20 06:35:23;34.2;42.9;56.0;57.8;42.4;58.0;12.4 °C;14.9;16.2;16.9;17.4;17.2
2024-04-20 06:45:20;34.2;42.9;56.0;57.8;42.4;58.0;12.4 °C;14.9;16.2;16.8;17.4;17.2
2024-04-20 06:55:23;34.2;42.9;56.0;57.8;42.4;58.0;12.4 °C;14.8;16.2;16.8;17.4;17.2
2024-04-20 07:05:23;34.2;42.9;56.0;57.8;42.4;58.0;12.4 °C;14.8;16.2;16.8;17.4;17.2
2024-04-20 07:15:25;34.2;42.9;56.0;57.8;42.4;58.0;12.3 °C;14.8;16.1;16.8;17.4;17.2
2024-04-20 07:25:22;34.2;42.9;56.0;57.7;42.4;58.0;12.3 °C;14.8;16.1;16.8;17.4;17.2
2024-04-20 07:35:25;34.2;42.9;56.0;57.8;42.4;58.0;12.3 °C;14.7;16.1;16.8;17.4;17.2
2024-04-20 07:45:21;34.2;42.9;56.0;57.8;42.4;58.0;12.3 °C;14.7;16.1;16.8;17.4;17.2
2024-04-20 07:55:18;34.2;42.9;56.0;57.8;42.4;58.0;12.3 °C;14.6;16.1;16.8;17.4;17.2
2024-04-20 08:05:24;34.2;42.9;56.0;57.8;42.4;58.0;12.4 °C;14.6;16.1;16.8;17.4;17.1
2024-04-20 08:15:21;34.2;42.9;56.0;57.8;42.4;58.0;12.4 °C;14.6;16;16.7;17.3;17.1
2024-04-20 08:25:23;34.2;42.9;56.0;57.8;42.4;58.0;12.5 °C;14.6;16;16.7;17.3;17.1
2024-04-20 08:35:19;34.2;42.9;56;57.8;42.4;58;12.6 °C;14.5;15.9;16.7;17.3;17.1
2024-04-20 08:45:24;34.2;42.8;56;57.7;42.4;58.0;12.7 °C;14.5;15.9;16.7;17.3;17.1
2024-04-20 08:55:19;34.1;42.9;56.0;57.8;42.4;58.0;12.8 °C;14.5;15.9;16.7;17.3;17.1
2024-04-20 09:05:22;34.1;42.8;56.0;57.7;42.4;58;12.9 °C;14.4;15.9;16.6;17.3;17.1
2024-04-20 09:15:22;34.2;42.8;56.0;57.7;42.4;58.0;13.1 °C;14.4;15.9;16.6;17.3;17.1
2024-04-20 09:25:19;34.2;42.8;56.0;57.7;42.4;58.0;13.3 °C;14.4;15.9;16.6;17.3;17.1
2024-04-20 09:35:18;34.2;42.8;56.0;57.7;42.4;58.0;13.4 °C;14.4;15.8;16.6;17.3;17.1
2024-04-20 09:45:25;34.2;42.8;56.0;57.7;42.4;58.0;13.6 °C;14.4;15.8;16.6;17.3;17.1
2024-04-20 09:55:22;34.2;42.8;56.0;57.7;42.4;57.9;13.8 °C;14.4;15.8;16.6;17.3;17.1
2024-04-20 10:05:20;34.2;42.8;56.0;57.7;42.4;57.9;14 °C;14.4;15.8;16.6;17.3;17.1
2024-04-20 10:15:25;34.2;42.8;56.0;57.7;42.4;57.9;14.2 °C;14.4;15.8;16.6;17.3;17.1
2024-04-20 10:25:19;34.2;42.8;56.0;57.7;42.3;58.0;14.4 °C;14.5;15.8;16.6;17.2;17.1
2024-04-20 10:35:23;34.3;42.8;56.0;57.7;42.4;57.9;14.6 °C;14.5;15.8;16.5;17.2;17.1
2024-04-20 10:45:19;34.3;42.9;56.0;57.7;42.3;57.9;14.8 °C;14.6;15.8;16.5;17.2;17.1
2024-04-20 10:55:24;34.3;42.9;55.9;57.7;42.4;57.9;15 °C;14.6;15.7;16.5;17.2;17.1
2024-04-20 11:05:19;34.3;42.8;55.9;57.7;42.3;57.9;15.1 °C;14.6;15.7;16.5;17.2;17.1
2024-04-20 11:15:22;34.3;42.9;56.0;57.7;42.3;57.9;15.3 °C;14.6;15.7;16.4;17.2;17
2024-04-20 11:25:21;34.3;42.8;55.9;57.7;42.4;57.9;15.3 °C;14.7;15.7;16.4;17.1;17
2024-04-20 11:35:19;34.3;42.9;55.9;57.7;42.4;57.9;15.4 °C;14.8;15.7;16.4;17.1;17
2024-04-20 11:45:19;34.3;42.9;56.0;57.7;42.4;57.9;15.5 °C;14.8;15.7;16.4;17.1;17
2024-04-20 11:55:25;34.4;42.9;56.0;57.7;42.4;57.9;15.6 °C;14.8;15.7;16.4;17.1;17
2024-04-20 12:05:22;34.3;42.9;56.0;57.7;42.3;57.9;15.6 °C;14.9;15.7;16.4;17.1;17
2024-04-20 12:15:21;34.3;42.9;56.0;57.7;42.4;57.9;15.6 °C;14.9;15.7;16.4;17.1;17
2024-04-20 12:25:23;34.3;42.9;56.0;57.7;42.4;57.9;15.8 °C;15;15.7;16.4;17.1;17
2024-04-20 12:35:23;34.4;42.9;56.0;57.7;42.4;57.9;15.9 °C;15;15.7;16.4;17.1;17
2024-04-20 12:45:23;34.4;42.9;56.0;57.7;42.3;57.9;16 °C;15.1;15.7;16.4;17.1;17
2024-04-20 12:55:19;34.4;42.9;56.0;57.7;42.3;57.9;16.1 °C;15.1;15.7;16.4;17.1;16.9
2024-04-20 13:05:24;34.4;42.9;56.0;57.7;42.3;57.9;16.3 °C;15.2;15.7;16.3;17.1;16.9
2024-04-20 13:15:23;34.4;42.9;56.0;57.7;42.3;57.9;16.4 °C;15.2;15.7;16.3;17.1;16.9
2024-04-20 13:25:22;34.4;42.9;56.0;57.6;42.3;57.9;16.5 °C;15.3;15.8;16.3;17.1;16.9
2024-04-20 13:35:21;34.4;42.9;56.0;57.7;42.3;57.9;16.6 °C;15.3;15.8;16.3;17;16.9
2024-04-20 13:45:19;34.4;42.9;56.0;57.7;42.3;57.9;16.7 °C;15.4;15.8;16.3;17;16.9
2024-04-20 13:55:22;34.4;42.9;56.0;57.6;42.3;57.9;16.8 °C;15.4;15.8;16.3;17;16.9
2024-04-20 14:05:24;34.4;42.9;56.0;57.7;42.3;57.9;16.8 °C;15.5;15.8;16.3;17;16.9
2024-04-20 14:15:25;34.5;43.0;56.0;57.6;42.3;57.9;16.8 °C;15.6;15.8;16.3;17;16.9
2024-04-20 14:25:22;34.4;43.0;56.0;57.6;42.3;57.9;16.8 °C;15.6;15.8;16.3;17;16.9
2024-04-20 14:35:25;34.4;43.0;56.0;57.6;42.3;57.9;16.7 °C;15.6;15.8;16.3;17;16.9
2024-04-20 14:45:19;34.4;43.0;56.0;57.7;42.3;57.9;16.7 °C;15.7;15.8;16.3;16.9;16.9
2024-04-20 14:55:23;34.4;43.0;56.0;57.7;42.3;57.9;16.7 °C;15.8;15.9;16.3;16.9;16.9
2024-04-20 15:05:23;34.4;43.0;56.0;57.6;42.3;57.9;16.6 °C;15.8;15.9;16.3;16.9;16.9
2024-04-20 15:15:22;34.4;43.0;56.0;57.6;42.3;57.9;16.6 °C;15.8;15.9;16.3;16.9;16.9
2024-04-20 15:25:20;34.4;43.0;56;57.6;42.3;57.9;16.6 °C;15.9;15.9;16.3;16.9;16.9
2024-04-20 15:35:21;34.4;43.0;56;57.6;42.3;57.9;16.6 °C;15.9;15.9;16.3;16.9;16.9
2024-04-20 15:45:18;34.4;43.0;56;57.6;42.3;57.9;16.6 °C;15.9;15.9;16.3;16.9;16.8
2024-04-20 15:55:24;34.4;43.0;56.0;57.6;42.3;57.9;16.6 °C;15.9;16;16.3;16.9;16.8
2024-04-20 16:05:24;34.4;43.0;56.0;57.7;42.3;57.9;16.6 °C;16;16;16.3;16.9;16.8
2024-04-20 16:15:25;34.4;43.0;56.0;57.6;42.3;57.9;16.6 °C;16;16;16.3;16.9;16.8
2024-04-20 16:25:22;34.4;43.0;56.0;57.6;42.3;57.9;16.6 °C;16.1;16.1;16.3;16.9;16.8
2024-04-20 16:35:25;34.4;43.0;56.0;57.7;42.3;57.9;16.6 °C;16.1;16.1;16.3;16.9;16.8
2024-04-20 16:45:19;34.4;43.0;56.0;57.7;42.3;57.9;16.6 °C;16.1;16.1;16.3;16.9;16.8
2024-04-20 16:55:23;34.5;43;56.0;57.7;42.3;57.9;16.6 °C;16.1;16.1;16.3;16.9;16.8
2024-04-20 17:05:22;34.4;43.0;56.0;57.7;42.3;57.9;16.6 °C;16.1;16.1;16.3;16.9;16.8
2024-04-20 17:15:24;34.4;43.0;56.0;57.7;42.3;57.9;16.6 °C;16.1;16.1;16.3;16.9;16.8
2024-04-20 17:25:25;34.4;43.0;56.0;57.7;42.3;57.9;16.6 °C;16.2;16.1;16.3;16.9;16.8
2024-04-20 17:35:19;34.5;43.0;56.0;57.7;42.3;57.9;16.7 °C;16.2;16.2;16.3;16.9;16.8
2024-04-20 17:45:23;34.5;43.1;56.0;57.7;42.3;57.9;16.8 °C;16.2;16.2;16.3;16.9;16.8
2024-04-20 17:55:21;34.5;43.0;56.0;57.7;42.3;57.9;16.8 °C;16.3;16.2;16.3;16.9;16.8
2024-04-20 18:05:24;34.5;43.0;56.1;57.7;42.3;57.9;16.8 °C;16.3;16.2;16.3;16.9;16.8
2024-04-20 18:15:25;34.4;43.0;56.0;57.7;42.3;57.9;16.8 °C;16.3;16.3;16.4;16.9;16.8
2024-04-20 18:25:18;34.5;43.0;56.0;57.7;42.3;57.9;16.8 °C;16.3;16.3;16.4;16.9;16.8
2024-04-20 18:35:25;34.5;43.1;56.0;57.7;42.3;57.9;16.7 °C;16.3;16.3;16.4;16.9;16.8
2024-04-20 18:45:19;34.5;43.0;56.0;57.7;42.3;57.9;16.7 °C;16.3;16.3;16.4;16.9;16.8
2024-04-20 18:55:23;34.5;43.0;56.0;57.7;42.3;57.9;16.6 °C;16.3;16.3;16.4;16.9;16.8
2024-04-20 19:05:18;34.4;43.1;56.0;57.7;42.3;57.8;16.6 °C;16.4;16.3;16.4;16.9;16.7
2024-04-20 19:15:24;34.5;43.1;56.0;57.7;42.3;57.8;16.6 °C;16.4;16.3;16.4;16.9;16.7
2024-04-20 19:25:25;34.4;43.1;56.0;57.7;42.3;57.8;16.6 °C;16.4;16.3;16.4;16.9;16.7
2024-04-20 19:35:19;34.5;43.0;56.1;57.7;42.3;57.8;16.5 °C;16.4;16.4;16.4;16.9;16.7
2024-04-20 19:45:18;34.4;43.1;56.1;57.7;42.3;57.8;16.5 °C;16.4;16.4;16.4;16.9;16.7
2024-04-20 19:55:22;34.5;43.0;56.1;57.7;42.3;57.8;16.4 °C;16.4;16.4;16.4;16.9;16.7
2024-04-20 20:05:25;34.4;43.0;56.1;57.7;42.3;57.8;16.4 °C;16.4;16.4;16.4;16.9;16.7
2024-04-20 20:15:22;34.4;43.0;56.1;57.7;42.3;57.8;16.3 °C;16.4;16.4;16.4;16.8;16.7
2024-04-20 20:25:20;34.4;43.0;56.1;57.7;42.3;57.8;16.3 °C;16.4;16.4;16.4;16.8;16.7
2024-04-20 20:35:21;34.4;43.0;56.1;57.7;42.3;57.8;16.2 °C;16.4;16.4;16.4;16.9;16.7
2024-04-20 20:45:19;34.4;43.0;56.1;57.7;42.3;57.8;16.1 °C;16.4;16.4;16.4;16.9;16.7
2024-04-20 20:55:23;34.4;43.0;56.1;57.7;42.3;57.8;16.1 °C;16.4;16.4;16.4;16.9;16.7
2024-04-20 21:05:18;34.4;43.0;56.1;57.7;42.3;57.8;16 °C;16.4;16.4;16.4;16.9;16.7
2024-04-20 21:15:21;34.4;43.0;56.1;57.7;42.3;57.8;15.9 °C;16.4;16.4;16.4;16.9;16.7
2024-04-20 21:25:23;34.5;43.0;56.1;57.7;42.3;57.8;15.9 °C;16.4;16.5;16.5;16.9;16.7
2024-04-20 21:35:23;34.4;43.0;56.1;57.7;42.3;57.8;15.8 °C;16.4;16.5;16.5;16.9;16.7
2024-04-20 21:45:18;34.4;43.0;56.1;57.7;42.3;57.8;15.8 °C;16.4;16.5;16.5;16.9;16.7
2024-04-20 21:55:20;34.4;43.0;56.1;57.7;42.3;57.8;15.7 °C;16.4;16.5;16.5;16.9;16.7
2024-04-20 22:05:20;34.4;43.0;56.1;57.7;42.3;57.8;15.6 °C;16.4;16.5;16.5;16.9;16.7
2024-04-20 22:15:20;34.4;43.0;56.1;57.7;42.3;57.8;15.6 °C;16.4;16.5;16.5;16.9;16.6
2024-04-20 22:25:25;34.4;43.0;56.1;57.7;42.3;57.8;15.5 °C;16.4;16.5;16.5;16.9;16.6
2024-04-20 22:35:23;34.3;43.0;56.0;57.7;42.3;57.8;15.5 °C;16.3;16.5;16.5;16.9;16.6
2024-04-20 22:45:19;34.3;43.0;56.1;57.7;42.3;57.8;15.4 °C;16.3;16.5;16.5;16.9;16.6
2024-04-20 22:55:18;34.4;43.0;56.1;57.7;42.3;57.8;15.4 °C;16.3;16.5;16.5;16.9;16.6
2024-04-20 23:05:24;34.4;43.0;56.0;57.7;42.3;57.8;15.4 °C;16.3;16.5;16.5;16.9;16.6
2024-04-20 23:15:20;34.4;43.0;56.0;57.7;42.3;57.8;15.4 °C;16.3;16.5;16.5;16.9;16.6
2024-04-20 23:25:24;34.4;43.0;56.1;57.7;42.3;57.8;15.3 °C;16.3;16.5;16.6;16.9;16.6
2024-04-20 23:35:25;34.4;43.0;56.0;57.7;42.3;57.8;15.3 °C;16.3;16.5;16.6;16.9;16.6
2024-04-20 23:45:19;34.4;43.0;56.0;57.7;42.3;57.8;15.3 °C;16.2;16.5;16.6;16.9;16.6
2024-04-20 23:55:18;34.4;43.0;56.1;57.7;42.3;57.8;15.3 °C;16.2;16.5;16.6;16.9;16.6
2024-04-21 00:05:22;34.3;43.0;56.0;57.7;42.3;57.8;15.3 °C;16.2;16.5;16.6;16.9;16.6
2024-04-21 00:15:24;34.4;43;56.0;57.7;42.3;57.8;15.2 °C;16.1;16.5;16.6;16.9;16.6
2024-04-21 00:25:22;34.4;43.0;56.0;57.7;42.3;57.8;15.2 °C;16.1;16.5;16.6;16.9;16.6
2024-04-21 00:35:21;34.4;43.0;56.0;57.7;42.3;57.8;15.2 °C;16.1;16.5;16.6;16.9;16.6
2024-04-21 00:45:19;34.4;43.0;56.0;57.7;42.3;57.8;15.1 °C;16.1;16.5;16.6;16.9;16.6
2024-04-21 00:55:22;34.4;43.0;56.0;57.7;42.3;57.8;15.1 °C;16.1;16.5;16.6;16.9;16.6
2024-04-21 01:05:23;34.4;42.9;56.0;57.7;42.3;57.8;15.1 °C;16.1;16.5;16.6;16.9;16.6
2024-04-21 01:15:24;34.4;43.0;56.0;57.7;42.3;57.8;15.1 °C;16.1;16.5;16.6;16.9;16.6
2024-04-21 01:25:25;34.4;42.9;56.0;57.7;42.3;57.8;15.1 °C;16.1;16.5;16.6;16.9;16.6
2024-04-21 01:35:19;34.4;43.0;56.0;57.7;42.3;57.8;15.1 °C;16;16.5;16.6;16.9;16.6
2024-04-21 01:45:23;34.4;43.0;56.0;57.7;42.3;57.8;15.1 °C;16;16.5;16.6;16.9;16.6
2024-04-21 01:55:22;34.4;42.9;56.0;57.7;42.3;57.8;15 °C;16;16.5;16.6;16.9;16.6
2024-04-21 02:05:24;34.4;43.0;56;57.7;42.3;57.8;15 °C;16;16.4;16.6;16.9;16.6
2024-04-21 02:15:23;34.4;42.9;56;57.7;42.3;57.8;15 °C;16;16.4;16.6;16.9;16.6
2024-04-21 02:25:20;34.4;43.0;56;57.7;42.3;57.8;14.9 °C;15.9;16.4;16.6;16.9;16.6
2024-04-21 02:35:21;34.4;43.0;56.0;57.7;42.3;57.8;14.9 °C;15.9;16.4;16.6;16.9;16.6
2024-04-21 02:45:18;34.4;42.9;56;57.7;42.3;57.8;14.9 °C;15.9;16.4;16.6;16.9;16.6
2024-04-21 02:55:24;34.5;42.9;56;57.7;42.3;57.8;14.9 °C;15.9;16.4;16.6;16.9;16.6
2024-04-21 03:05:23;34.4;42.9;56.0;57.7;42.3;57.8;14.9 °C;15.9;16.4;16.6;16.9;16.6
2024-04-21 03:15:24;34.4;42.9;56.0;57.7;42.3;57.8;14.9 °C;15.9;16.4;16.6;16.9;16.6
2024-04-21 03:25:25;34.4;42.9;56.0;57.7;42.3;57.8;14.9 °C;15.9;16.4;16.6;16.9;16.6
2024-04-21 03:35:19;34.4;42.9;56;57.7;42.3;57.8;14.8 °C;15.9;16.4;16.6;16.9;16.6
2024-04-21 03:45:22;34.4;42.9;56.0;57.7;42.3;57.8;14.8 °C;15.9;16.4;16.6;16.9;16.6
2024-04-21 03:55:22;34.4;42.9;56.0;57.7;42.3;57.8;14.8 °C;15.8;16.4;16.6;16.9;16.6
2024-04-21 04:05:24;34.4;43.0;56.0;57.7;42.3;57.8;14.7 °C;15.8;16.4;16.6;16.9;16.6
2024-04-21 04:15:22;34.4;43.0;56.0;57.7;42.3;57.8;14.7 °C;15.8;16.4;16.6;16.9;16.6
2024-04-21 04:25:25;34.5;42.9;56.0;57.7;42.3;57.8;14.6 °C;15.8;16.4;16.6;16.9;16.6
2024-04-21 04:35:19;34.4;42.9;56.0;57.7;42.3;57.8;14.6 °C;15.8;16.4;16.6;16.9;16.6
2024-04-21 04:45:23;34.4;42.9;56.0;57.7;42.3;57.8;14.6 °C;15.8;16.4;16.6;16.9;16.6
2024-04-21 04:55:22;34.3;42.9;56.0;57.7;42.3;57.8;14.5 °C;15.8;16.4;16.6;16.9;16.6
2024-04-21 05:05:23;34.3;42.9;56.0;57.7;42.3;57.8;14.4 °C;15.8;16.3;16.6;16.9;16.6
2024-04-21 05:15:24;34.3;42.9;56.0;57.7;42.3;57.8;14.4 °C;15.7;16.3;16.6;16.9;16.6
2024-04-21 05:25:21;34.3;42.9;56.0;57.7;42.3;57.8;14.4 °C;15.7;16.3;16.5;16.9;16.6
2024-04-21 05:35:19;34.3;42.9;56.0;57.7;42.3;57.8;14.4 °C;15.7;16.3;16.5;16.9;16.6
2024-04-21 05:45:22;34.3;42.9;55.9;57.7;42.3;57.8;14.3 °C;15.7;16.3;16.5;16.9;16.6
2024-04-21 05:55:22;34.3;42.9;56.0;57.7;42.3;57.8;14.3 °C;15.6;16.3;16.5;16.9;16.6
2024-04-21 06:05:20;34.3;42.9;56.0;57.7;42.3;57.8;14.3 °C;15.6;16.3;16.5;16.9;16.6
2024-04-21 06:15:22;34.4;42.9;55.9;57.7;42.3;57.8;14.2 °C;15.6;16.3;16.5;16.9;16.6
2024-04-21 06:25:25;34.4;42.9;55.9;57.7;42.3;57.8;14.2 °C;15.6;16.3;16.5;16.9;16.6
2024-04-21 06:35:19;34.4;42.9;56.0;57.7;42.3;57.8;14.1 °C;15.6;16.3;16.5;16.9;16.6
2024-04-21 06:45:18;34.4;42.9;55.9;57.7;42.3;57.8;14.1 °C;15.6;16.3;16.5;16.9;16.6
2024-04-21 06:55:22;34.4;42.9;55.9;57.7;42.3;57.8;14.1 °C;15.5;16.3;16.5;16.9;16.6
2024-04-21 07:05:24;34.3;42.9;55.9;57.7;42.3;57.8;14.1 °C;15.5;16.3;16.5;16.9;16.6
2024-04-21 07:15:22;34.3;42.9;55.9;57.7;42.3;57.8;14 °C;15.5;16.3;16.5;16.9;16.6
2024-04-21 07:25:21;34.4;42.9;55.9;57.7;42.3;57.8;14 °C;15.4;16.2;16.5;16.9;16.6
2024-04-21 07:35:18;34.4;42.9;55.9;57.7;42.3;57.8;14 °C;15.4;16.2;16.5;16.9;16.6
2024-04-21 07:45:23;34.4;42.9;55.9;57.7;42.3;57.8;14 °C;15.4;16.2;16.5;16.9;16.6
2024-04-21 07:55:20;34.3;42.9;55.9;57.7;42.3;57.8;14 °C;15.4;16.2;16.4;16.9;16.6
2024-04-21 08:05:25;34.3;42.9;55.9;57.6;42.3;57.8;14 °C;15.4;16.2;16.4;16.9;16.6
2024-04-21 08:15:23;34.3;42.9;55.9;57.7;42.3;57.8;14 °C;15.4;16.2;16.4;16.9;16.6
2024-04-21 08:25:23;34.4;42.9;55.9;57.6;42.3;57.8;14 °C;15.3;16.1;16.4;16.9;16.6
2024-04-21 08:35:18;34.3;42.9;55.9;57.6;42.3;57.8;14.1 °C;15.3;16.1;16.4;16.9;16.6
2024-04-21 08:45:21;34.3;42.9;55.9;57.7;42.3;57.8;14.1 °C;15.3;16.1;16.4;16.9;16.6
2024-04-21 08:55:24;34.3;42.9;55.9;57.6;42.3;57.8;14.1 °C;15.3;16.1;16.4;16.9;16.6
2024-04-21 09:05:19;34.3;42.9;55.9;57.6;42.3;57.8;14.2 °C;15.3;16.1;16.4;16.8;16.6
2024-04-21 09:15:24;34.3;42.9;55.9;57.6;42.3;57.8;14.3 °C;15.3;16.1;16.4;16.8;16.6
2024-04-21 09:25:20;34.4;42.9;55.9;57.6;42.3;57.8;14.4 °C;15.3;16.1;16.4;16.8;16.6
2024-04-21 09:35:17;34.4;42.8;55.9;57.7;42.3;57.8;14.5 °C;15.3;16.1;16.4;16.8;16.6
2024-04-21 09:45:20;34.4;42.9;55.9;57.7;42.3;57.8;14.6 °C;15.3;16.1;16.4;16.8;16.6
2024-04-21 09:55:19;34.4;42.9;55.9;57.6;42.3;57.8;14.7 °C;15.3;16.1;16.4;16.8;16.6
2024-04-21 10:05:24;34.4;42.8;55.9;57.6;42.3;57.8;14.8 °C;15.3;16;16.4;16.8;16.6
2024-04-21 10:15:25;34.4;42.9;55.9;57.6;42.3;57.8;14.9 °C;15.3;16;16.4;16.8;16.6
2024-04-21 10:25:23;34.4;42.9;55.9;57.6;42.3;57.8;15.1 °C;15.3;16;16.4;16.8;16.6
2024-04-21 10:35:19;34.5;42.9;55.9;57.6;42.3;57.8;15.2 °C;15.3;16;16.4;16.8;16.6
2024-04-21 10:45:23;34.4;42.9;55.9;57.6;42.3;57.8;15.3 °C;15.3;16;16.4;16.8;16.6
2024-04-21 10:55:22;34.4;42.9;55.9;57.6;42.3;57.8;15.3 °C;15.3;16;16.4;16.8;16.6
2024-04-21 11:05:22;34.4;42.9;55.9;57.6;42.3;57.8;15.3 °C;15.3;16;16.4;16.8;16.6
2024-04-21 11:15:20;34.4;42.9;55.9;57.6;42.3;57.8;15.4 °C;15.3;16;16.3;16.8;16.6
2024-04-21 11:25:18;34.4;42.9;55.9;57.6;42.3;57.8;15.4 °C;15.3;15.9;16.3;16.8;16.6
2024-04-21 11:35:25;34.4;42.9;55.9;57.6;42.3;57.8;15.4 °C;15.4;15.9;16.3;16.8;16.6
2024-04-21 11:45:17;34.4;42.9;55.9;57.6;42.3;57.8;15.4 °C;15.4;15.9;16.3;16.8;16.6
2024-04-21 11:55:20;34.4;42.9;55.9;57.6;42.3;57.8;15.4 °C;15.4;15.9;16.3;16.8;16.6
2024-04-21 12:05:25;34.3;42.9;55.9;57.6;42.3;57.8;15.4 °C;15.4;15.9;16.3;16.8;16.6
2024-04-21 12:15:19;34.3;42.9;55.9;57.6;42.3;57.8;15.4 °C;15.4;15.9;16.3;16.8;16.6
2024-04-21 12:25:19;34.3;42.9;55.9;57.6;42.3;57.8;15.5 °C;15.4;15.9;16.3;16.8;16.6
2024-04-21 12:35:19;34.4;42.9;55.9;57.6;42.3;57.8;15.6 °C;15.4;15.9;16.3;16.8;16.6
2024-04-21 12:45:22;34.4;42.9;55.9;57.6;42.3;57.8;15.6 °C;15.5;15.9;16.3;16.8;16.5
2024-04-21 12:55:17;34.4;42.9;55.9;57.6;42.3;57.8;15.7 °C;15.5;15.9;16.3;16.8;16.5
2024-04-21 13:05:20;34.3;42.9;55.9;57.6;42.3;57.8;15.8 °C;15.5;15.9;16.3;16.8;16.5
2024-04-21 13:15:24;34.4;42.9;55.9;57.6;42.3;57.8;15.8 °C;15.6;15.9;16.3;16.8;16.5
2024-04-21 13:25:17;34.4;42.9;55.9;57.6;42.3;57.8;15.9 °C;15.6;15.9;16.3;16.8;16.5
2024-04-21 13:35:19;34.4;42.9;55.9;57.6;42.3;57.8;15.9 °C;15.6;15.9;16.3;16.8;16.5
2024-04-21 13:45:23;34.4;42.9;55.9;57.6;42.3;57.8;16.1 °C;15.6;15.9;16.3;16.8;16.5
2024-04-21 13:55:19;34.4;42.9;55.9;57.6;42.3;57.8;16.2 °C;15.6;16;16.3;16.8;16.5
2024-04-21 14:05:23;34.4;42.9;55.9;57.6;42.3;57.8;16.3 °C;15.6;16;16.3;16.8;16.5
2024-04-21 14:15:24;34.5;42.9;55.9;57.6;42.3;57.8;16.4 °C;15.7;16;16.3;16.8;16.5
2024-04-21 14:25:21;34.5;42.9;55.9;57.5;42.3;57.8;16.5 °C;15.7;16;16.3;16.7;16.5
2024-04-21 14:35:22;34.4;42.9;55.9;57.6;42.3;57.8;16.5 °C;15.8;16;16.3;16.7;16.5
2024-04-21 14:45:21;34.4;43.0;55.9;57.5;42.3;57.8;16.5 °C;15.8;16;16.3;16.7;16.5
2024-04-21 14:55:23;34.4;43.0;55.9;57.5;42.3;57.8;16.5 °C;15.8;16;16.3;16.7;16.5
2024-04-21 15:05:23;34.4;43.0;55.9;57.5;42.3;57.8;16.5 °C;15.8;16;16.3;16.7;16.5
2024-04-21 15:15:19;34.5;43.0;55.9;57.5;42.3;57.8;16.5 °C;15.9;16;16.3;16.7;16.5
2024-04-21 15:25:19;34.5;43.0;55.9;57.6;42.3;57.7;16.5 °C;15.9;16.1;16.3;16.7;16.5
2024-04-21 15:35:19;34.4;43.0;55.9;57.6;42.3;57.8;16.6 °C;15.9;16.1;16.3;16.7;16.5
2024-04-21 15:45:19;34.4;43.0;55.9;57.5;42.3;57.7;16.6 °C;15.9;16.1;16.3;16.7;16.5
2024-04-21 15:55:24;34.4;43.0;55.9;57.5;42.3;57.8;16.7 °C;16;16.1;16.3;16.7;16.4
2024-04-21 16:05:24;34.4;43.0;55.9;57.6;42.3;57.8;16.7 °C;16;16.1;16.3;16.7;16.4
2024-04-21 16:15:22;34.4;43.0;55.9;57.5;42.3;57.7;16.8 °C;16.1;16.1;16.3;16.7;16.4
2024-04-21 16:25:21;34.4;43.0;55.9;57.5;42.2;57.8;16.8 °C;16.1;16.1;16.3;16.7;16.4
2024-04-21 16:35:18;34.4;43.0;55.9;57.5;42.3;57.8;16.8 °C;16.1;16.1;16.3;16.7;16.4
2024-04-21 16:45:22;34.4;43.0;55.9;57.6;42.2;57.7;16.8 °C;16.1;16.1;16.3;16.7;16.4
2024-04-21 16:55:24;34.4;43.0;55.9;57.6;42.2;57.7;16.8 °C;16.2;16.1;16.3;16.7;16.4
2024-04-21 17:05:22;34.4;43.0;55.9;57.6;42.3;57.8;16.8 °C;16.2;16.2;16.3;16.7;16.4
2024-04-21 17:15:21;34.4;43.0;55.9;57.6;42.3;57.7;16.8 °C;16.2;16.2;16.3;16.7;16.4
2024-04-21 17:25:18;34.4;43.0;55.9;57.6;42.2;57.7;16.9 °C;16.3;16.2;16.3;16.7;16.4
2024-04-21 17:35:22;34.4;43.0;55.9;57.5;42.2;57.7;16.9 °C;16.3;16.2;16.3;16.7;16.4
2024-04-21 17:45:24;34.4;43.0;55.9;57.6;42.2;57.7;16.9 °C;16.3;16.3;16.3;16.7;16.4
2024-04-21 17:55:21;34.4;43.0;55.9;57.6;42.3;57.7;16.9 °C;16.3;16.3;16.3;16.7;16.4
2024-04-21 18:05:19;34.4;43.0;55.9;57.6;42.2;57.8;16.9 °C;16.3;16.3;16.3;16.7;16.4
2024-04-21 18:15:20;34.4;43.0;55.9;57.5;42.2;57.8;16.9 °C;16.4;16.3;16.3;16.7;16.4
2024-04-21 18:25:20;34.4;43.0;55.9;57.6;42.3;57.7;16.9 °C;16.4;16.3;16.3;16.7;16.4
2024-04-21 18:35:17;34.4;43.0;55.9;57.6;42.3;57.7;16.8 °C;16.4;16.3;16.3;16.7;16.4
2024-04-21 18:45:19;34.4;43.0;55.9;57.6;42.3;57.7;16.8 °C;16.4;16.3;16.3;16.7;16.4
2024-04-21 18:55:23;34.4;43.0;55.9;57.6;42.3;57.7;16.7 °C;16.4;16.3;16.3;16.7;16.4
2024-04-21 19:05:24;34.4;43.0;55.9;57.6;42.3;57.7;16.6 °C;16.4;16.3;16.3;16.7;16.4
2024-04-21 19:15:24;34.4;43.0;55.9;57.6;42.3;57.7;16.6 °C;16.4;16.3;16.3;16.7;16.4
2024-04-21 19:25:21;34.3;43.0;55.9;57.6;42.2;57.7;16.6 °C;16.5;16.4;16.3;16.7;16.4
2024-04-21 19:35:23;34.3;43.0;55.9;57.6;42.3;57.7;16.5 °C;16.5;16.4;16.3;16.7;16.4
2024-04-21 19:45:19;34.3;43.0;55.9;57.6;42.3;57.7;16.4 °C;16.5;16.4;16.3;16.7;16.4
2024-04-21 20:05:21;34.3;43.0;55.9;57.6;42.2;57.7;16.3 °C;16.5;16.4;16.3;16.7;16.4
2024-04-21 20:15:18;34.3;43.0;55.9;57.6;42.3;57.8;16.3 °C;16.5;16.4;16.4;16.7;16.4
2024-04-21 20:25:17;34.3;43.0;55.9;57.6;42.2;57.7;16.1 °C;16.5;16.4;16.4;16.7;16.4
2024-04-21 20:35:20;34.2;43.0;55.9;57.6;42.3;57.8;16.1 °C;16.5;16.4;16.4;16.7;16.4
2024-04-21 20:45:24;34.2;43.0;55.9;57.6;42.2;57.8;16 °C;16.5;16.4;16.4;16.7;16.4
2024-04-21 20:55:21;34.2;43.0;55.9;57.6;42.2;57.8;15.9 °C;16.5;16.4;16.4;16.7;16.4
2024-04-21 21:05:19;34.3;43.0;55.9;57.6;42.3;57.8;15.8 °C;16.4;16.5;16.4;16.7;16.4
2024-04-21 21:15:25;34.2;43.0;55.9;57.6;42.2;57.8;15.8 °C;16.4;16.5;16.4;16.7;16.4
2024-04-21 21:25:18;34.2;43.0;55.9;57.6;42.3;57.8;15.7 °C;16.4;16.5;16.4;16.7;16.4
2024-04-21 21:35:21;34.2;43.0;55.9;57.6;42.3;57.7;15.6 °C;16.4;16.5;16.4;16.7;16.4
2024-04-21 21:45:21;34.2;43.0;55.9;57.6;42.3;57.8;15.5 °C;16.4;16.5;16.4;16.7;16.4
2024-04-21 21:55:18;34.2;43.0;55.9;57.6;42.3;57.7;15.4 °C;16.4;16.5;16.4;16.7;16.4
2024-04-21 22:05:17;34.2;43.0;55.9;57.6;42.3;57.7;15.4 °C;16.4;16.5;16.4;16.7;16.4
2024-04-21 22:15:23;34.2;43.0;55.9;57.6;42.3;57.8;15.3 °C;16.4;16.5;16.4;16.7;16.4
2024-04-21 22:25:24;34.2;43.0;55.9;57.6;42.3;57.7;15.3 °C;16.3;16.5;16.4;16.7;16.4
2024-04-21 22:35:24;34.2;43.0;55.9;57.6;42.3;57.8;15.2 °C;16.3;16.5;16.4;16.7;16.4
2024-04-21 22:45:22;34.1;43.0;55.9;57.6;42.3;57.8;15.1 °C;16.3;16.5;16.4;16.7;16.4
2024-04-21 22:55:24;34.1;43.0;55.9;57.6;42.3;57.7;15.1 °C;16.3;16.5;16.4;16.7;16.4
2024-04-21 23:05:17;34.1;42.9;55.9;57.6;42.3;57.8;15 °C;16.3;16.5;16.4;16.7;16.4
2024-04-21 23:15:24;34.1;43.0;55.9;57.6;42.3;57.7;14.9 °C;16.2;16.5;16.4;16.7;16.4
2024-04-21 23:25:19;34.1;43.0;55.9;57.6;42.3;57.7;14.9 °C;16.2;16.5;16.4;16.7;16.4
2024-04-21 23:35:22;34.1;43.0;55.9;57.6;42.3;57.8;14.8 °C;16.2;16.5;16.4;16.7;16.4
2024-04-21 23:45:17;34.1;42.9;55.9;57.6;42.3;57.8;14.8 °C;16.1;16.5;16.4;16.7;16.4
2024-04-21 23:55:25;34.1;42.9;55.9;57.6;42.3;57.7;14.7 °C;16.1;16.5;16.4;16.7;16.4
2024-04-22 00:05:22;34.1;42.9;55.9;57.6;42.3;57.7;14.6 °C;16.1;16.5;16.4;16.7;16.4
2024-04-22 00:15:21;34.1;42.9;55.9;57.6;42.3;57.8;14.6 °C;16.1;16.5;16.4;16.7;16.4
2024-04-22 00:25:19;34.1;42.9;55.9;57.6;42.3;57.8;14.5 °C;16;16.5;16.4;16.7;16.4
2024-04-22 00:35:21;34.1;42.9;55.9;57.6;42.2;57.8;14.4 °C;16;16.4;16.4;16.7;16.4
2024-04-22 00:45:18;34.1;42.9;55.9;57.6;42.3;57.7;14.4 °C;15.9;16.4;16.5;16.7;16.4
2024-04-22 00:55:21;34.1;42.9;55.9;57.6;42.3;57.7;14.4 °C;15.9;16.4;16.5;16.7;16.4
2024-04-22 01:05:19;34.1;42.9;55.8;57.6;42.3;57.8;14.3 °C;15.9;16.4;16.5;16.7;16.4
2024-04-22 01:15:24;34.1;42.9;55.8;57.6;42.3;57.7;14.3 °C;15.9;16.4;16.5;16.8;16.4
2024-04-22 01:25:23;34.1;42.9;55.9;57.6;42.3;57.7;14.2 °C;15.9;16.4;16.5;16.8;16.4
2024-04-22 01:35:22;34.1;42.9;55.9;57.6;42.3;57.7;14.2 °C;15.8;16.4;16.4;16.8;16.4
2024-04-22 01:45:18;34.1;42.9;55.9;57.6;42.3;57.8;14.1 °C;15.8;16.4;16.5;16.8;16.4
2024-04-22 01:55:24;34.1;42.9;55.9;57.6;42.3;57.7;14.1 °C;15.8;16.4;16.4;16.8;16.4
2024-04-22 02:05:17;34.1;42.9;55.9;57.6;42.3;57.7;14 °C;15.8;16.4;16.4;16.8;16.4
2024-04-22 02:15:23;34.0;42.8;55.9;57.6;42.3;57.7;13.9 °C;15.7;16.4;16.4;16.8;16.4
2024-04-22 02:25:24;34.0;42.9;55.9;57.6;42.3;57.7;13.9 °C;15.7;16.4;16.4;16.8;16.4
2024-04-22 02:35:19;34.1;42.8;55.8;57.6;42.3;57.8;13.9 °C;15.6;16.3;16.4;16.8;16.4
2024-04-22 02:45:18;34.2;42.8;55.8;57.6;42.3;57.7;13.8 °C;15.6;16.3;16.4;16.8;16.4
2024-04-22 02:55:21;34.2;42.8;55.9;57.6;42.3;57.8;13.8 °C;15.6;16.3;16.4;16.8;16.4
2024-04-22 03:05:24;34.2;42.9;55.8;57.6;42.3;57.7;13.8 °C;15.6;16.3;16.4;16.8;16.4
2024-04-22 03:15:24;34.1;42.8;55.8;57.6;42.3;57.7;13.7 °C;15.5;16.3;16.4;16.8;16.4
2024-04-22 03:25:21;34.1;42.8;55.8;57.6;42.3;57.7;13.7 °C;15.5;16.3;16.4;16.8;16.4
2024-04-22 03:35:23;34.1;42.8;55.8;57.6;42.3;57.8;13.6 °C;15.4;16.3;16.4;16.8;16.4
2024-04-22 03:45:20;34.2;42.8;55.8;57.6;42.3;57.8;13.6 °C;15.4;16.3;16.4;16.8;16.4
2024-04-22 03:55:20;34.1;42.9;55.8;57.6;42.3;57.7;13.6 °C;15.4;16.3;16.4;16.8;16.4
2024-04-22 04:05:17;34.1;42.8;55.8;57.6;42.3;57.7;13.5 °C;15.4;16.2;16.4;16.8;16.4
2024-04-22 04:15:24;34.1;42.8;55.8;57.6;42.3;57.7;13.5 °C;15.3;16.2;16.4;16.8;16.4
2024-04-22 04:25:23;34.1;42.8;55.8;57.6;42.3;57.8;13.4 °C;15.3;16.2;16.4;16.8;16.4
2024-04-22 04:35:18;34.1;42.8;55.8;57.6;42.3;57.7;13.4 °C;15.3;16.2;16.4;16.8;16.4
2024-04-22 04:45:17;34.1;42.8;55.8;57.6;42.3;57.7;13.4 °C;15.3;16.1;16.4;16.8;16.4
2024-04-22 04:55:23;34.0;42.8;55.8;57.6;42.3;57.7;13.3 °C;15.3;16.1;16.4;16.8;16.4
2024-04-22 05:05:19;34.1;42.8;55.8;57.6;42.3;57.7;13.3 °C;15.2;16.1;16.4;16.8;16.4
2024-04-22 05:15:25;34.1;42.8;55.8;57.6;42.3;57.7;13.3 °C;15.2;16.1;16.4;16.8;16.4
2024-04-22 05:25:22;34.1;42.8;55.8;57.6;42.3;57.7;13.2 °C;15.1;16.1;16.4;16.8;16.4
2024-04-22 05:35:21;34.0;42.8;55.8;57.6;42.3;57.7;13.1 °C;15.1;16.1;16.4;16.7;16.4
2024-04-22 05:45:20;34.0;42.8;55.8;57.6;42.2;57.7;13.1 °C;15.1;16.1;16.4;16.7;16.4
2024-04-22 05:55:19;34.1;42.8;55.8;57.6;42.3;57.7;13.1 °C;15.1;16;16.4;16.7;16.4
2024-04-22 06:05:22;34.1;42.8;55.8;57.6;42.2;57.7;13.1 °C;15;16;16.4;16.7;16.4
2024-04-22 06:15:21;34.1;42.8;55.8;57.6;42.3;57.7;13 °C;15;16;16.3;16.7;16.4
2024-04-22 06:25:21;34.1;42.8;55.8;57.6;42.2;57.7;13 °C;14.9;16;16.3;16.7;16.4
2024-04-22 06:35:22;34.1;42.8;55.8;57.6;42.2;57.7;12.9 °C;14.9;15.9;16.3;16.7;16.4
2024-04-22 06:45:21;34.1;42.8;55.8;57.6;42.2;57.7;12.9 °C;14.9;15.9;16.3;16.7;16.4
2024-04-22 06:55:23;34.1;42.8;55.8;57.5;42.2;57.7;12.9 °C;14.9;15.9;16.3;16.7;16.4
2024-04-22 07:05:24;34.1;42.8;55.8;57.6;42.2;57.7;12.9 °C;14.8;15.9;16.3;16.7;16.4
2024-04-22 07:15:20;34.1;42.8;55.8;57.5;42.3;57.7;12.9 °C;14.8;15.9;16.3;16.7;16.4
2024-04-22 07:25:17;34.1;42.8;55.8;57.5;42.2;57.7;12.9 °C;14.8;15.9;16.3;16.7;16.4
2024-04-22 07:35:24;34.1;42.8;55.8;57.5;42.2;57.7;12.9 °C;14.8;15.9;16.3;16.7;16.4
2024-04-22 07:45:20;34.1;42.8;55.8;57.5;42.2;57.7;12.9 °C;14.8;15.8;16.3;16.7;16.4
2024-04-22 07:55:21;34.0;42.8;55.8;57.5;42.2;57.7;12.9 °C;14.7;15.8;16.3;16.7;16.4
2024-04-22 08:05:19;34.1;42.8;55.8;57.5;42.2;57.7;12.9 °C;14.7;15.8;16.3;16.7;16.4
2024-04-22 08:15:19;34.0;42.8;55.7;57.5;42.2;57.7;12.9 °C;14.7;15.8;16.3;16.7;16.4
2024-04-22 08:25:25;34.0;42.8;55.7;57.6;42.2;57.7;12.9 °C;14.6;15.8;16.2;16.6;16.4
2024-04-22 08:35:18;34.0;42.8;55.7;57.6;42.2;57.7;13 °C;14.6;15.8;16.2;16.7;16.4
2024-04-22 08:45:18;34.0;42.8;55.7;57.5;42.2;57.7;13 °C;14.6;15.8;16.2;16.6;16.4
2024-04-22 08:55:20;34.0;42.8;55.7;57.5;42.2;57.7;13.1 °C;14.6;15.7;16.2;16.6;16.4
2024-04-22 09:05:18;34.0;42.8;55.7;57.5;42.2;57.7;13.2 °C;14.6;15.7;16.2;16.6;16.4
2024-04-22 09:15:20;34.0;42.8;55.7;57.5;42.2;57.7;13.3 °C;14.6;15.7;16.2;16.6;16.4
2024-04-22 09:25:21;34.1;42.8;55.7;57.5;42.2;57.7;13.4 °C;14.6;15.6;16.1;16.6;16.4
2024-04-22 09:35:19;34.1;42.8;55.7;57.5;42.2;57.7;13.6 °C;14.6;15.6;16.1;16.6;16.4
2024-04-22 09:45:25;34.0;42.7;55.7;57.5;42.2;57.7;13.7 °C;14.6;15.6;16.1;16.6;16.4
2024-04-22 09:55:22;34.0;42.8;55.7;57.5;42.2;57.7;13.9 °C;14.6;15.6;16.1;16.6;16.4
2024-04-22 10:05:21;34.0;42.8;55.7;57.5;42.2;57.7;14.1 °C;14.6;15.6;16.1;16.6;16.4
2024-04-22 10:15:19;34.1;42.8;55.7;57.5;42.2;57.7;14.3 °C;14.6;15.6;16.1;16.6;16.4
2024-04-22 10:25:19;34.1;42.8;55.7;57.5;42.2;57.7;14.4 °C;14.6;15.6;16.1;16.6;16.4
2024-04-22 10:35:20;34.2;42.8;55.7;57.5;42.2;57.7;14.7 °C;14.6;15.6;16.1;16.6;16.3
2024-04-22 10:45:20;34.2;42.8;55.7;57.5;42.2;57.7;14.9 °C;14.6;15.6;16.1;16.6;16.3
2024-04-22 10:55:21;34.2;42.8;55.7;57.5;42.2;57.7;15 °C;14.6;15.5;16.1;16.6;16.3
2024-04-22 11:05:20;34.1;42.8;55.7;57.5;42.2;57.7;15.1 °C;14.6;15.5;16.1;16.6;16.3
2024-04-22 11:15:24;34.1;42.8;55.7;57.5;42.2;57.7;15.3 °C;14.7;15.5;16;16.6;16.3
2024-04-22 11:25:21;34.1;42.8;55.7;57.5;42.2;57.7;15.3 °C;14.7;15.5;16;16.6;16.3
2024-04-22 11:35:24;34.1;42.8;55.7;57.5;42.2;57.7;15.4 °C;14.8;15.5;16;16.6;16.3
2024-04-22 11:45:24;34.3;42.8;55.7;57.5;42.2;57.7;15.4 °C;14.8;15.5;16;16.6;16.3
2024-04-22 11:55:17;34.2;42.8;55.7;57.5;42.2;57.7;15.5 °C;14.8;15.5;16;16.6;16.3
2024-04-22 12:05:23;34.3;42.8;55.7;57.5;42.2;57.7;15.6 °C;14.9;15.5;16;16.5;16.3
2024-04-22 12:15:21;34.2;42.8;55.7;57.5;42.2;57.7;15.6 °C;14.9;15.5;16;16.5;16.3
2024-04-22 12:25:18;34.2;42.8;55.7;57.5;42.2;57.7;15.8 °C;14.9;15.5;15.9;16.5;16.3
2024-04-22 12:35:18;34.2;42.8;55.7;57.5;42.2;57.7;15.8 °C;15;15.5;15.9;16.5;16.3
2024-04-22 12:45:24;34.2;42.8;55.7;57.4;42.2;57.7;15.9 °C;15.1;15.5;15.9;16.5;16.3
2024-04-22 12:55:21;34.1;42.8;55.7;57.4;42.2;57.7;16.1 °C;15.1;15.5;15.9;16.5;16.3
2024-04-22 13:05:20;34.2;42.8;55.7;57.4;42.2;57.7;16.2 °C;15.1;15.5;15.9;16.5;16.3
2024-04-22 13:15:24;34.2;42.9;55.7;57.5;42.2;57.7;16.4 °C;15.2;15.5;15.9;16.5;16.3
2024-04-22 13:25:18;34.2;42.9;55.7;57.4;42.2;57.7;16.5 °C;15.2;15.5;15.9;16.5;16.3
2024-04-22 13:35:24;34.2;42.8;55.7;57.4;42.2;57.7;16.6 °C;15.3;15.5;15.9;16.5;16.3
2024-04-22 13:45:21;34.2;42.9;55.7;57.4;42.2;57.7;16.8 °C;15.3;15.6;15.9;16.4;16.3
2024-04-22 13:55:24;34.2;42.9;55.7;57.4;42.2;57.7;16.9 °C;15.4;15.6;15.9;16.4;16.3
2024-04-22 14:05:24;34.2;42.9;55.7;57.4;42.2;57.7;17 °C;15.4;15.6;15.9;16.4;16.3
2024-04-22 14:15:17;34.2;42.9;55.7;57.4;42.2;57.6;17.1 °C;15.4;15.6;15.9;16.4;16.3
2024-04-22 14:25:25;34.2;42.9;55.7;57.4;42.2;57.7;17.3 °C;15.5;15.6;15.9;16.4;16.3
2024-04-22 14:35:18;34.2;42.9;55.7;57.4;42.2;57.7;17.3 °C;15.6;15.6;15.9;16.4;16.3
2024-04-22 14:45:22;34.2;42.9;55.7;57.4;42.2;57.6;17.4 °C;15.6;15.6;15.9;16.4;16.3
2024-04-22 14:55:20;34.2;42.9;55.7;57.4;42.2;57.7;17.5 °C;15.7;15.6;15.9;16.4;16.3
2024-04-22 15:05:18;34.2;42.9;55.7;57.4;42.2;57.6;17.6 °C;15.8;15.7;15.9;16.4;16.3
