/home/matrac-user/Devel/SEPG_2021-07-28/tuttomatrac/apps/build-mokupUI-Desktop_Qt_5_15_0_GCC_64bit-Release/SEPG_grid_batimetria.xyz__2m_5.000000x5.000000x2.000000x.mesh
3595 1627458855 0 7 $GNGGA,075416.000,4424.00324,N,00855.13453,E,1,09,0.9,2.3,M,44.7,M,,*4E
3596 1627458856 0 7 $GNGGA,075417.000,4424.00236,N,00855.13432,E,1,09,0.9,2.3,M,44.7,M,,*4A
3597 1627458857 0 3 2.52 0.00
3598 1627458857 0 4 2.52 1.35
3599 1627458857 0 5 0.03
3600 1627458857 0 6 0.12
3601 1627458857 0 8 4.98 12.31 11.87
3602 1627458857 0 1 1.572
3603 1627458857 0 7 $GNGGA,075418.000,4424.00143,N,00855.13397,E,1,09,0.9,2.2,M,44.7,M,,*4D
3604 1627458858 0 0 25.31 8.27 215.6 61.25 100.1 6.30 151.5 19.6 199.8 1.77 41.15 11.4
3605 1627458859 0 7 $GNGGA,075419.000,4424.00049,N,00855.13376,E,1,09,0.9,2.4,M,44.7,M,,*4E
3606 1627458860 0 7 $GNGGA,075420.000,4423.99960,N,00855.13381,E,1,09,0.9,2.4,M,44.7,M,,*49
3607 1627458860 0 3 2.52 0.00
3608 1627458860 0 4 2.52 1.35
3609 1627458860 0 5 0.03
3610 1627458860 0 6 0.10
3611 1627458860 0 8 4.97 12.16 11.84
3612 1627458860 0 1 1.048
3613 1627458861 0 7 $GNGGA,075421.000,4423.99869,N,00855.13394,E,1,09,0.9,2.8,M,44.7,M,,*48
3614 1627458861 0 0 25.30 8.27 215.6 61.27 100.1 6.31 151.7 19.5 200.1 1.72 41.17 11.4
3615 1627458861 0 7 $GNGGA,075422.000,4423.99782,N,00855.13373,E,1,09,0.9,2.8,M,44.7,M,,*48
3616 1627458863 0 7 $GNGGA,075423.000,4423.99701,N,00855.13325,E,1,09,0.9,2.7,M,44.7,M,,*4E
3617 1627458863 0 3 2.52 0.00
3618 1627458863 0 4 2.52 1.35
3619 1627458863 0 5 0.03
3620 1627458863 0 6 0.13
3621 1627458863 0 8 4.97 12.16 11.84
3622 1627458863 0 1 0.997
3623 1627458863 0 7 $GNGGA,075424.000,4423.99626,N,00855.13276,E,1,09,0.9,2.5,M,44.7,M,,*48
3624 1627458864 0 0 25.29 8.27 215.6 61.32 100.1 6.31 151.7 19.5 200.4 1.68 41.21 11.5
3625 1627458864 0 7 $GNGGA,075425.000,4423.99546,N,00855.13236,E,1,09,0.9,2.4,M,44.7,M,,*49
3626 1627458865 0 7 $GNGGA,075426.000,4423.99464,N,00855.13216,E,1,09,0.9,2.2,M,44.7,M,,*4F
3627 1627458866 0 3 2.52 0.00
3628 1627458866 0 4 2.52 1.35
3629 1627458866 0 5 0.03
3630 1627458866 0 6 0.11
3631 1627458866 0 8 4.97 12.29 11.87
3632 1627458866 0 1 1.090
3633 1627458866 0 7 $GNGGA,075427.000,4423.99390,N,00855.13189,E,1,09,0.9,1.9,M,44.7,M,,*4F
3634 1627458867 0 0 25.30 8.27 215.6 61.37 100.2 6.31 151.6 19.5 200.1 1.72 41.24 11.4
3635 1627458867 0 7 $GNGGA,075428.000,4423.99317,N,00855.13148,E,1,09,0.9,2.0,M,44.7,M,,*48
3636 1627458868 0 7 $GNGGA,075429.000,4423.99239,N,00855.13113,E,1,09,0.9,1.7,M,44.7,M,,*4E
3637 1627458869 0 3 2.52 0.00
3638 1627458869 0 4 2.52 1.35
3639 1627458869 0 5 0.03
3640 1627458869 0 6 0.13
3641 1627458869 0 8 4.97 12.17 11.84
3642 1627458869 0 1 1.102
3643 1627458869 0 7 $GNGGA,075430.000,4423.99169,N,00855.13081,E,1,09,0.9,1.1,M,44.7,M,,*4C
3644 1627458870 0 0 25.30 8.27 215.6 61.31 100.3 6.32 151.4 19.5 200.0 1.72 41.19 11.4
3645 1627458870 0 7 $GNGGA,075431.000,4423.99093,N,00855.13063,E,1,09,0.9,1.0,M,44.7,M,,*44
3646 1627458871 0 7 $GNGGA,075432.000,4423.99019,N,00855.13054,E,1,09,0.9,0.7,M,44.7,M,,*47
3647 1627458872 0 3 2.52 0.00
3648 1627458872 0 4 2.52 1.35
3649 1627458872 0 5 0.03
3650 1627458872 0 6 0.10
3651 1627458872 0 8 4.98 12.30 11.84
3652 1627458872 0 1 0.901
3653 1627458873 0 7 $GNGGA,075433.000,4423.98953,N,00855.13028,E,1,09,0.9,0.4,M,44.7,M,,*48
3654 1627458873 0 0 25.31 8.27 215.6 61.30 100.3 6.32 151.5 19.5 199.7 1.71 41.19 11.5
3655 1627458873 0 7 $GNGGA,075434.000,4423.98879,N,00855.13001,E,1,09,0.9,0.2,M,44.7,M,,*4B
3656 1627458874 0 7 $GNGGA,075435.000,4423.98804,N,00855.12981,E,1,09,0.9,-0.0,M,44.7,M,,*6F
3657 1627458875 0 3 2.52 0.00
3658 1627458875 0 4 2.52 1.34
3659 1627458875 0 5 0.03
3660 1627458875 0 6 0.09
3661 1627458875 0 8 4.98 12.31 11.75
3662 1627458875 0 1 1.011
3663 1627458875 0 7 $GNGGA,075436.000,4423.98729,N,00855.12987,E,1,09,0.9,-0.3,M,44.7,M,,*69
3664 1627458876 0 0 25.30 8.27 215.7 61.26 100.3 6.32 151.6 19.5 200.0 1.72 41.16 11.5
3665 1627458876 0 7 $GNGGA,075437.000,4423.98655,N,00855.13001,E,1,09,0.9,-0.4,M,44.7,M,,*63
3666 1627458877 0 7 $GNGGA,075438.000,4423.98593,N,00855.13015,E,1,09,0.9,-0.9,M,44.7,M,,*6D
3667 1627458878 0 3 2.52 0.00
3668 1627458878 0 4 2.52 1.34
3669 1627458878 0 5 0.03
3670 1627458878 0 6 0.09
3671 1627458878 0 8 4.97 12.15 11.84
3672 1627458878 0 1 1.031
3673 1627458878 0 7 $GNGGA,075439.000,4423.98520,N,00855.13023,E,1,09,0.9,-1.2,M,44.7,M,,*6B
3674 1627458879 0 0 25.31 8.27 215.7 61.24 100.3 6.32 151.6 19.5 200.0 1.74 41.14 11.5
3675 1627458879 0 7 $GNGGA,075440.000,4423.98437,N,00855.13024,E,1,09,0.9,-1.8,M,44.7,M,,*6F
3676 1627458880 0 7 $GNGGA,075441.000,4423.98355,N,00855.13021,E,1,09,0.9,-2.5,M,44.7,M,,*66
3677 1627458881 0 3 2.52 0.00
3678 1627458881 0 4 2.52 1.34
3679 1627458881 0 5 0.03
3680 1627458881 0 6 0.14
3681 1627458881 0 8 4.98 12.31 11.84
3682 1627458881 0 1 0.941
3683 1627458881 0 7 $GNGGA,075442.000,4423.98269,N,00855.13016,E,1,09,0.9,-2.7,M,44.7,M,,*6D
3684 1627458882 0 0 25.29 8.27 215.7 61.31 100.3 6.32 151.6 19.5 200.4 1.76 41.19 11.5
3685 1627458882 0 7 $GNGGA,075443.000,4423.98184,N,00855.13004,E,1,09,0.9,-2.6,M,44.7,M,,*6E
3686 1627458883 0 7 $GNGGA,075444.000,4423.98109,N,00855.12979,E,1,09,0.9,-2.3,M,44.7,M,,*6B
3687 1627458884 0 3 2.52 0.00
3688 1627458884 0 4 2.52 1.34
3689 1627458884 0 5 0.03
3690 1627458884 0 6 0.11
3691 1627458884 0 8 4.98 12.29 11.87
3692 1627458884 0 1 1.470
3693 1627458884 0 7 $GNGGA,075445.000,4423.98036,N,00855.12940,E,1,09,0.9,-1.9,M,44.7,M,,*64
3694 1627458885 0 0 25.29 8.27 215.6 61.23 100.4 6.33 151.6 19.5 200.1 1.77 41.14 11.5
3695 1627458885 0 7 $GNGGA,075446.000,4423.97959,N,00855.12909,E,1,09,0.9,-2.1,M,44.7,M,,*6E
3696 1627458886 0 7 $GNGGA,075447.000,4423.97874,N,00855.12891,E,1,09,0.9,-2.2,M,44.7,M,,*62
3697 1627458887 0 3 2.52 0.00
3698 1627458887 0 4 2.52 1.34
3699 1627458887 0 5 0.03
3700 1627458887 0 6 0.06
3701 1627458887 0 8 4.98 12.30 11.87
3702 1627458887 0 1 0.949
3703 1627458887 0 7 $GNGGA,075448.000,4423.97799,N,00855.12881,E,1,09,0.9,-2.3,M,44.7,M,,*61
3704 1627458888 0 0 25.28 8.27 215.7 61.28 100.4 6.33 151.6 19.5 200.6 1.81 41.17 11.5
3705 1627458888 0 7 $GNGGA,075449.000,4423.97723,N,00855.12895,E,1,09,0.9,-2.4,M,44.7,M,,*63
3706 1627458889 0 7 $GNGGA,075450.000,4423.97642,N,00855.12910,E,1,09,0.9,-2.4,M,44.7,M,,*61
3707 1627458890 0 3 2.52 0.00
3708 1627458890 0 4 2.52 1.34
3709 1627458890 0 5 0.03
3710 1627458890 0 6 0.11
3711 1627458890 0 8 4.97 12.30 11.87
3712 1627458890 0 1 0.974
3713 1627458891 0 7 $GNGGA,075451.000,4423.97559,N,00855.12919,E,1,09,0.9,-2.4,M,44.7,M,,*60
3714 1627458891 0 0 25.28 8.27 215.6 61.32 100.5 6.33 151.7 19.5 200.2 1.83 41.21 11.5
3715 1627458891 0 7 $GNGGA,075452.000,4423.97480,N,00855.12929,E,1,09,0.9,-2.6,M,44.7,M,,*67
3716 1627458892 0 7 $GNGGA,075453.000,4423.97414,N,00855.12959,E,1,09,0.9,-2.4,M,44.7,M,,*6E
3717 1627458893 0 3 2.52 0.00
3720 1627458893 0 6 0.13
3721 1627458893 0 8 4.97 12.29 11.87
3722 1627458893 0 1 0.978
3723 1627458893 0 7 $GNGGA,075454.000,4423.97360,N,00855.13003,E,1,09,0.9,-2.4,M,44.7,M,,*6A
3724 1627458894 0 0 25.29 8.27 215.6 61.31 100.6 6.34 151.5 19.5 200.1 1.86 41.20 11.4
3725 1627458894 0 7 $GNGGA,075455.000,4423.97292,N,00855.13032,E,1,09,0.9,-2.4,M,44.7,M,,*65
3726 1627458895 0 7 $GNGGA,075456.000,4423.97202,N,00855.13032,E,1,09,0.9,-2.4,M,44.7,M,,*6F
3727 1627458896 0 3 2.52 0.00
3728 1627458896 0 4 2.52 1.34
3729 1627458896 0 5 0.03
3730 1627458896 0 6 0.13
3731 1627458896 0 8 4.98 12.30 11.87
3732 1627458896 0 1 1.056
3733 1627458897 0 7 $GNGGA,075457.000,4423.97114,N,00855.13015,E,1,09,0.9,-2.6,M,44.7,M,,*6D
3734 1627458897 0 0 25.28 8.27 215.7 61.31 100.6 6.34 151.5 19.5 199.8 1.86 41.19 11.5
3735 1627458897 0 7 $GNGGA,075458.000,4423.97016,N,00855.12988,E,1,09,0.9,-2.9,M,44.7,M,,*62
3736 1627458898 0 7 $GNGGA,075459.000,4423.96940,N,00855.12976,E,1,09,0.9,-3.4,M,44.7,M,,*65
3737 1627458899 0 3 2.52 0.00
3738 1627458899 0 4 2.52 1.34
3739 1627458899 0 5 0.03
3740 1627458899 0 6 0.10
3741 1627458899 0 8 4.97 12.30 11.87
3742 1627458899 0 1 0.906
3743 1627458899 0 7 $GNGGA,075500.000,4423.96866,N,00855.12991,E,1,09,0.9,-3.3,M,44.7,M,,*63
3744 1627458900 0 0 25.30 8.27 215.7 61.24 100.7 6.34 151.2 19.5 199.7 1.83 41.14 11.4
3745 1627458900 0 7 $GNGGA,075501.000,4423.96784,N,00855.12982,E,1,09,0.9,-3.2,M,44.7,M,,*62
3746 1627458901 0 7 $GNGGA,075502.000,4423.96707,N,00855.12955,E,1,09,0.9,-3.4,M,44.7,M,,*66
3747 1627458902 0 3 2.52 0.00
3748 1627458902 0 4 2.52 1.34
3749 1627458902 0 5 0.03
3750 1627458902 0 6 0.10
3751 1627458902 0 8 4.98 12.29 11.87
3752 1627458902 0 1 1.049
3753 1627458903 0 7 $GNGGA,075503.000,4423.96629,N,00855.12969,E,1,09,0.9,-3.5,M,44.7,M,,*64
3754 1627458903 0 0 25.30 8.27 215.8 61.23 100.8 6.35 151.2 19.5 199.3 1.85 41.13 11.4
3755 1627458903 0 7 $GNGGA,075504.000,4423.96550,N,00855.12995,E,1,09,0.9,-3.4,M,44.7,M,,*6C
3756 1627458904 0 7 $GNGGA,075505.000,4423.96472,N,00855.13011,E,1,09,0.9,-3.1,M,44.7,M,,*6D
3757 1627458905 0 3 2.52 0.00
3758 1627458905 0 4 2.52 1.34
3759 1627458905 0 5 0.03
3760 1627458905 0 6 0.13
3761 1627458905 0 8 4.98 12.29 11.87
3762 1627458905 0 1 1.095
3763 1627458905 0 7 $GNGGA,075506.000,4423.96407,N,00855.13012,E,1,09,0.9,-2.8,M,44.7,M,,*67
3764 1627458906 0 0 25.30 8.27 215.8 61.31 100.9 6.35 151.4 19.5 200.0 1.88 41.20 11.4
3765 1627458906 0 7 $GNGGA,075507.000,4423.96336,N,00855.13014,E,1,09,0.9,-2.8,M,44.7,M,,*65
3766 1627458908 0 7 $GNGGA,075508.000,4423.96251,N,00855.13014,E,1,09,0.9,-3.2,M,44.7,M,,*61
3767 1627458908 0 3 2.52 0.00
3768 1627458908 0 4 2.52 1.35
3769 1627458908 0 5 0.03
3770 1627458908 0 6 0.10
3771 1627458908 0 8 4.98 12.29 11.87
3772 1627458908 0 1 1.001
3773 1627458909 0 7 $GNGGA,075509.000,4423.96167,N,00855.13016,E,1,09,0.9,-3.5,M,44.7,M,,*63
3774 1627458909 0 0 25.29 8.27 215.7 61.21 100.9 6.36 151.4 19.5 199.9 1.89 41.12 11.4
3775 1627458909 0 7 $GNGGA,075510.000,4423.96092,N,00855.13047,E,1,09,0.9,-3.6,M,44.7,M,,*67
3776 1627458910 0 7 $GNGGA,075511.000,4423.96024,N,00855.13078,E,1,09,0.9,-3.5,M,44.7,M,,*64
3777 1627458911 0 3 2.52 0.00
3778 1627458911 0 4 2.52 1.35
3779 1627458911 0 5 0.03
3780 1627458911 0 6 0.13
3781 1627458911 0 8 4.97 12.29 11.87
3782 1627458911 0 1 1.646
3783 1627458911 0 7 $GNGGA,075512.000,4423.95948,N,00855.13101,E,1,09,0.9,-3.5,M,44.7,M,,*68
3784 1627458912 0 0 25.29 8.27 215.7 61.24 100.9 6.36 151.3 19.5 199.9 1.91 41.14 11.4
3785 1627458912 0 7 $GNGGA,075513.000,4423.95864,N,00855.13131,E,1,09,0.9,-3.5,M,44.7,M,,*65
3786 1627458913 0 7 $GNGGA,075514.000,4423.95783,N,00855.13146,E,1,09,0.9,-3.4,M,44.7,M,,*65
3787 1627458914 0 3 2.53 0.00
3788 1627458914 0 4 2.52 1.35
3789 1627458914 0 5 0.03
3790 1627458914 0 6 0.11
3791 1627458914 0 8 4.97 12.29 11.87
3792 1627458914 0 1 1.015
3793 1627458915 0 7 $GNGGA,075515.000,4423.95706,N,00855.13157,E,1,09,0.9,-3.4,M,44.7,M,,*69
3794 1627458915 0 0 25.30 8.27 215.7 61.30 100.9 6.36 151.2 19.5 199.3 1.89 41.19 11.4
3795 1627458915 0 7 $GNGGA,075516.000,4423.95630,N,00855.13179,E,1,09,0.9,-3.3,M,44.7,M,,*65
3796 1627458916 0 7 $GNGGA,075517.000,4423.95551,N,00855.13217,E,1,09,0.9,-2.8,M,44.7,M,,*61
3797 1627458917 0 3 2.52 0.00
3798 1627458917 0 4 2.52 1.35
3799 1627458917 0 5 0.03
3800 1627458917 0 6 0.10
3801 1627458917 0 8 4.98 12.30 11.87
3802 1627458917 0 1 1.026
3803 1627458918 0 7 $GNGGA,075518.000,4423.95475,N,00855.13249,E,1,09,0.9,-2.6,M,44.7,M,,*6C
3804 1627458918 0 0 25.30 8.27 215.7 61.25 101.0 6.36 151.3 19.5 199.6 1.92 41.15 11.4
3805 1627458918 0 7 $GNGGA,075519.000,4423.95394,N,00855.13279,E,1,09,0.9,-2.3,M,44.7,M,,*63
3806 1627458920 0 2 0.07150001 1.39909994 1.14830005 0.01080000 2.60689997 0.00760000 0.03370000 0.31649999 1.00000000 92.52700042
3807 1627458920 0 7 $GNGGA,075520.000,4423.95300,N,00855.13309,E,1,09,0.9,-1.6,M,44.7,M,,*64
3808 1627458920 0 3 2.52 0.00
3809 1627458920 0 4 2.52 1.36
3810 1627458920 0 5 0.03
3811 1627458920 0 6 0.12
3812 1627458920 0 8 4.98 12.29 11.87
3813 1627458920 0 1 0.991
3814 1627458921 0 7 $GNGGA,075521.000,4423.95208,N,00855.13336,E,1,09,0.9,-1.2,M,44.7,M,,*64
3815 1627458921 0 0 25.30 8.27 215.7 61.22 101.0 6.37 151.3 19.5 199.9 1.95 41.13 11.4
3816 1627458921 0 7 $GNGGA,075522.000,4423.95119,N,00855.13375,E,1,09,0.9,-0.8,M,44.7,M,,*68
3817 1627458922 0 7 $GNGGA,075523.000,4423.95031,N,00855.13423,E,1,09,0.9,-0.3,M,44.7,M,,*6D
3818 1627458923 0 3 2.53 0.00
3819 1627458923 0 4 2.52 1.35
3820 1627458923 0 5 0.03
3821 1627458923 0 6 0.13
3822 1627458923 0 8 4.98 12.29 11.87
3823 1627458923 0 1 1.047
3824 1627458924 0 7 $GNGGA,075524.000,4423.94955,N,00855.13442,E,1,09,0.9,0.2,M,44.7,M,,*4B
3825 1627458924 0 0 25.29 8.27 215.7 61.28 101.0 6.37 151.3 19.5 199.8 1.97 41.18 11.4
3826 1627458924 0 7 $GNGGA,075525.000,4423.94868,N,00855.13484,E,1,09,0.9,0.7,M,44.7,M,,*4A
3827 1627458925 0 7 $GNGGA,075526.000,4423.94782,N,00855.13556,E,1,09,0.9,1.3,M,44.7,M,,*49
3828 1627458926 0 3 2.53 0.00
3829 1627458926 0 4 2.52 1.36
3830 1627458926 0 5 0.03
3831 1627458926 0 6 0.11
3832 1627458926 0 8 4.98 12.29 11.84
3833 1627458926 0 1 0.979
3834 1627458927 0 7 $GNGGA,075527.000,4423.94710,N,00855.13636,E,1,09,0.9,1.8,M,44.7,M,,*4D
3835 1627458927 0 0 25.29 8.27 215.7 61.31 101.1 6.37 151.4 19.5 199.8 1.94 41.20 11.5
3836 1627458927 0 7 $GNGGA,075528.000,4423.94640,N,00855.13681,E,1,09,0.9,2.1,M,44.7,M,,*40
3837 1627458928 0 7 $GNGGA,075529.000,4423.94575,N,00855.13695,E,1,09,0.9,1.8,M,44.7,M,,*4B
3838 1627458929 0 3 2.52 0.00
3839 1627458929 0 4 2.52 1.36
3840 1627458929 0 5 0.03
3841 1627458929 0 6 0.13
3842 1627458929 0 8 4.98 12.28 11.84
3843 1627458929 0 1 1.051
3844 1627458930 0 7 $GNGGA,075530.000,4423.94508,N,00855.13707,E,1,09,0.9,1.3,M,44.7,M,,*48
3845 1627458930 0 0 25.29 8.27 215.7 61.30 101.1 6.37 151.2 19.5 199.6 1.95 41.19 11.4
3846 1627458930 0 7 $GNGGA,075531.000,4423.94449,N,00855.13730,E,1,09,0.9,0.9,M,44.7,M,,*42
3847 1627458931 0 7 $GNGGA,075532.000,4423.94382,N,00855.13757,E,1,09,0.9,0.8,M,44.7,M,,*41
3848 1627458932 0 3 2.52 0.00
3849 1627458932 0 4 2.52 1.36
3850 1627458932 0 5 0.03
3851 1627458932 0 6 0.10
3852 1627458932 0 8 4.98 12.29 11.87
3853 1627458932 0 1 1.324
3854 1627458933 0 7 $GNGGA,075533.000,4423.94305,N,00855.13786,E,1,09,0.9,1.1,M,44.7,M,,*4B
3855 1627458933 0 0 25.29 8.27 215.7 61.24 101.1 6.37 151.4 19.4 199.9 1.99 41.14 11.4
3856 1627458933 0 7 $GNGGA,075534.000,4423.94222,N,00855.13821,E,1,09,0.9,1.8,M,44.7,M,,*43
3857 1627458934 0 7 $GNGGA,075535.000,4423.94142,N,00855.13873,E,1,09,0.9,2.4,M,44.7,M,,*4F
3858 1627458935 0 3 2.53 0.00
3859 1627458935 0 4 2.52 1.36
3860 1627458935 0 5 0.03
3861 1627458935 0 6 0.12
3862 1627458935 0 8 4.98 12.30 11.87
3863 1627458935 0 1 1.108
3864 1627458936 0 7 $GNGGA,075536.000,4423.94072,N,00855.13955,E,1,09,0.9,3.0,M,44.7,M,,*4E
3865 1627458936 0 0 25.29 8.27 215.6 61.33 101.1 6.37 151.1 19.5 199.7 1.98 41.21 11.4
3866 1627458936 0 7 $GNGGA,075537.000,4423.93991,N,00855.14003,E,1,09,0.9,3.7,M,44.7,M,,*46
3867 1627458937 0 7 $GNGGA,075538.000,4423.93909,N,00855.14032,E,1,09,0.9,3.8,M,44.7,M,,*45
3868 1627458938 0 3 2.52 0.00
3869 1627458938 0 4 2.52 1.36
3870 1627458938 0 5 0.03
3871 1627458938 0 6 0.08
3872 1627458938 0 8 4.98 12.30 11.87
3873 1627458938 0 1 1.813
3874 1627458938 0 7 $GNGGA,075539.000,4423.93805,N,00855.14050,E,1,09,0.9,4.0,M,44.7,M,,*42
3875 1627458939 0 0 25.29 8.26 215.7 61.30 101.0 6.37 151.3 19.5 200.1 1.93 41.19 11.3
3876 1627458939 0 7 $GNGGA,075540.000,4423.93725,N,00855.14073,E,1,09,0.9,3.9,M,44.7,M,,*4E
3877 1627458940 0 7 $GNGGA,075541.000,4423.93653,N,00855.14126,E,1,09,0.9,4.1,M,44.7,M,,*41
3878 1627458941 0 3 2.53 0.00
3879 1627458941 0 4 2.52 1.36
3880 1627458941 0 5 0.03
3881 1627458941 0 6 0.12
3882 1627458941 0 8 4.97 12.30 11.84
3883 1627458941 0 1 1.161
3884 1627458942 0 7 $GNGGA,075542.000,4423.93589,N,00855.14183,E,1,09,0.9,4.6,M,44.7,M,,*4E
3885 1627458942 0 0 25.30 8.26 215.7 61.27 101.0 6.37 151.2 19.5 199.6 1.96 41.17 11.3
3886 1627458942 0 7 $GNGGA,075543.000,4423.93537,N,00855.14221,E,1,09,0.9,4.8,M,44.7,M,,*4F
3887 1627458943 0 7 $GNGGA,075544.000,4423.93468,N,00855.14250,E,1,09,0.9,4.7,M,44.7,M,,*4A
3888 1627458944 0 3 2.52 0.00
3889 1627458944 0 4 2.52 1.36
3890 1627458944 0 5 0.03
3891 1627458944 0 6 0.10
3892 1627458944 0 8 4.98 12.29 11.87
3893 1627458944 0 1 1.224
3894 1627458945 0 7 $GNGGA,075545.000,4423.93408,N,00855.14280,E,1,09,0.9,4.7,M,44.7,M,,*40
3895 1627458945 0 0 25.30 8.26 215.7 61.30 101.0 6.37 151.2 19.5 199.6 1.99 41.19 11.2
3896 1627458945 0 7 $GNGGA,075546.000,4423.93332,N,00855.14303,E,1,09,0.9,5.0,M,44.7,M,,*41
3897 1627458946 0 7 $GNGGA,075547.000,4423.93249,N,00855.14333,E,1,09,0.9,5.2,M,44.7,M,,*4C
3898 1627458947 0 3 2.53 0.00
3899 1627458947 0 4 2.52 1.36
3900 1627458947 0 5 0.03
3901 1627458947 0 6 0.11
3902 1627458947 0 8 4.98 12.30 11.87
3903 1627458947 0 1 1.216
3904 1627458948 0 7 $GNGGA,075548.000,4423.93160,N,00855.14364,E,1,09,0.9,5.7,M,44.7,M,,*4C
3905 1627458948 0 0 25.32 8.26 215.7 61.25 101.0 6.36 151.0 19.5 199.4 2.00 41.15 11.1
3906 1627458948 0 7 $GNGGA,075549.000,4423.93082,N,00855.14412,E,1,09,0.9,6.1,M,44.7,M,,*43
3907 1627458949 0 7 $GNGGA,075550.000,4423.93002,N,00855.14460,E,1,09,0.9,6.4,M,44.7,M,,*43
3908 1627458950 0 3 2.52 0.00
3909 1627458950 0 4 2.52 1.36
3910 1627458950 0 5 0.03
3911 1627458950 0 6 0.10
3912 1627458950 0 8 4.98 12.29 11.87
3913 1627458950 0 1 1.265
3914 1627458951 0 7 $GNGGA,075551.000,4423.92927,N,00855.14512,E,1,09,0.9,6.8,M,44.7,M,,*45
3915 1627458951 0 0 25.32 8.26 215.7 61.25 101.0 6.36 151.0 19.5 199.7 1.95 41.15 11.2
3916 1627458951 0 7 $GNGGA,075552.000,4423.92859,N,00855.14573,E,1,09,0.9,7.1,M,44.7,M,,*41
3917 1627458952 0 7 $GNGGA,075553.000,4423.92788,N,00855.14634,E,1,09,0.9,7.1,M,44.7,M,,*43
3918 1627458953 0 3 2.52 0.00
3919 1627458953 0 4 2.52 1.36
3920 1627458953 0 5 0.03
3921 1627458953 0 6 0.13
3922 1627458953 0 8 4.98 12.30 11.84
3923 1627458953 0 1 1.198
3924 1627458954 0 7 $GNGGA,075554.000,4423.92708,N,00855.14704,E,1,09,0.9,7.2,M,44.7,M,,*4D
3925 1627458954 0 0 25.33 8.26 215.6 61.21 101.0 6.36 151.0 19.5 199.6 1.93 41.12 11.2
3926 1627458954 0 7 $GNGGA,075555.000,4423.92624,N,00855.14774,E,1,09,0.9,7.3,M,44.7,M,,*45
3927 1627458955 0 7 $GNGGA,075556.000,4423.92546,N,00855.14827,E,1,09,0.9,7.5,M,44.7,M,,*4E
3928 1627458956 0 3 2.52 0.00
3929 1627458956 0 4 2.52 1.36
3930 1627458956 0 5 0.03
3931 1627458956 0 6 0.10
3932 1627458956 0 8 4.98 12.29 11.84
3933 1627458956 0 1 1.327
3934 1627458957 0 7 $GNGGA,075557.000,4423.92482,N,00855.14872,E,1,09,0.9,7.4,M,44.7,M,,*47
3935 1627458957 0 0 25.32 8.26 215.7 61.28 101.0 6.36 151.0 19.4 199.9 1.95 41.18 11.2
3936 1627458957 0 7 $GNGGA,075558.000,4423.92431,N,00855.14920,E,1,09,0.9,7.0,M,44.7,M,,*42
3937 1627458958 0 7 $GNGGA,075559.000,4423.92374,N,00855.14963,E,1,09,0.9,6.2,M,44.7,M,,*41
3938 1627458959 0 3 2.53 0.00
3939 1627458959 0 4 2.52 1.36
3940 1627458959 0 5 0.03
3941 1627458959 0 6 0.10
3942 1627458959 0 8 4.98 12.30 11.84
3943 1627458959 0 1 1.473
3944 1627458960 0 7 $GNGGA,075600.000,4423.92302,N,00855.15010,E,1,09,0.9,5.7,M,44.7,M,,*45
3945 1627458960 0 0 25.31 8.26 215.6 61.25 101.0 6.36 151.3 19.4 199.9 1.94 41.15 11.2
3946 1627458960 0 7 $GNGGA,075601.000,4423.92235,N,00855.15076,E,1,09,0.9,5.4,M,44.7,M,,*42
3947 1627458961 0 7 $GNGGA,075602.000,4423.92178,N,00855.15159,E,1,09,0.9,5.2,M,44.7,M,,*41
3948 1627458962 0 3 2.52 0.00
3949 1627458962 0 4 2.52 1.36
3950 1627458962 0 5 0.03
3951 1627458962 0 6 0.10
3952 1627458962 0 8 4.98 12.30 11.87
3953 1627458962 0 1 1.260
3954 1627458963 0 7 $GNGGA,075603.000,4423.92126,N,00855.15252,E,1,09,0.9,5.7,M,44.7,M,,*46
3955 1627458963 0 0 25.31 8.26 215.6 61.30 101.0 6.36 151.2 19.4 200.0 1.90 41.19 11.2
3956 1627458963 0 7 $GNGGA,075604.000,4423.92073,N,00855.15339,E,1,09,0.9,5.6,M,44.7,M,,*4D
3957 1627458964 0 7 $GNGGA,075605.000,4423.92015,N,00855.15417,E,1,09,0.9,5.5,M,44.7,M,,*44
3958 1627458965 0 3 2.52 0.00
3959 1627458965 0 4 2.52 1.36
3960 1627458965 0 5 0.03
3961 1627458965 0 6 0.13
3962 1627458965 0 8 4.98 12.30 11.84
3963 1627458965 0 1 1.917
3964 1627458966 0 7 $GNGGA,075606.000,4423.91950,N,00855.15457,E,1,09,0.9,5.7,M,44.7,M,,*4A
3965 1627458966 0 0 25.30 8.26 215.6 61.27 101.0 6.37 151.3 19.4 199.9 1.92 41.16 11.2
3966 1627458966 0 7 $GNGGA,075607.000,4423.91881,N,00855.15485,E,1,09,0.9,5.8,M,44.7,M,,*46
3967 1627458967 0 7 $GNGGA,075608.000,4423.91822,N,00855.15552,E,1,09,0.9,6.0,M,44.7,M,,*40
3968 1627458968 0 3 2.53 0.00
3969 1627458968 0 4 2.52 1.36
3970 1627458968 0 5 0.03
3971 1627458968 0 6 0.12
3972 1627458968 0 8 4.98 12.30 11.87
3973 1627458968 0 1 1.119
3974 1627458969 0 7 $GNGGA,075609.000,4423.91763,N,00855.15640,E,1,09,0.9,6.0,M,44.7,M,,*4B
3975 1627458969 0 0 25.32 8.27 215.4 61.35 101.1 6.37 151.2 19.4 199.7 1.97 41.23 11.3
3976 1627458969 0 7 $GNGGA,075610.000,4423.91705,N,00855.15727,E,1,09,0.9,6.1,M,44.7,M,,*42
3977 1627458970 0 7 $GNGGA,075611.000,4423.91652,N,00855.15795,E,1,09,0.9,6.1,M,44.7,M,,*49
3978 1627458971 0 3 2.53 0.00
3979 1627458971 0 4 2.52 1.36
3980 1627458971 0 5 0.03
3981 1627458971 0 6 0.10
3982 1627458971 0 8 4.98 12.30 11.84
3983 1627458971 0 1 0.974
3984 1627458972 0 7 $GNGGA,075612.000,4423.91598,N,00855.15857,E,1,09,0.9,6.2,M,44.7,M,,*4D
3985 1627458972 0 0 25.31 8.27 215.3 61.35 101.1 6.37 151.2 19.4 200.2 1.97 41.23 11.4
3986 1627458973 0 7 $GNGGA,075613.000,4423.91554,N,00855.15931,E,1,09,0.9,6.3,M,44.7,M,,*4C
3987 1627458973 0 7 $GNGGA,075614.000,4423.91503,N,00855.16007,E,1,09,0.9,6.3,M,44.7,M,,*46
3988 1627458974 0 3 2.53 0.00
3989 1627458974 0 4 2.52 1.36
3990 1627458974 0 5 0.03
3991 1627458974 0 6 0.08
3992 1627458974 0 8 4.98 12.30 11.84
3993 1627458974 0 1 1.010
3994 1627458974 0 7 $GNGGA,075615.000,4423.91442,N,00855.16082,E,1,09,0.9,6.6,M,44.7,M,,*4B
3995 1627458975 0 0 25.31 8.27 215.2 61.28 101.1 6.37 151.1 19.4 200.2 1.93 41.17 11.4
3996 1627458975 0 7 $GNGGA,075616.000,4423.91399,N,00855.16160,E,1,09,0.9,6.6,M,44.7,M,,*44
3997 1627458976 0 7 $GNGGA,075617.000,4423.91370,N,00855.16245,E,1,09,0.9,6.4,M,44.7,M,,*44
3998 1627458977 0 3 2.53 0.00
3999 1627458977 0 4 2.52 1.36
4000 1627458977 0 5 0.03
4001 1627458977 0 6 0.14
4002 1627458977 0 8 4.98 12.30 11.87
4003 1627458977 0 1 0.939
4004 1627458977 0 7 $GNGGA,075618.000,4423.91330,N,00855.16312,E,1,09,0.9,6.2,M,44.7,M,,*4A
4005 1627458978 0 0 25.32 8.27 215.2 61.25 101.1 6.37 151.2 19.4 200.1 1.94 41.15 11.5
4006 1627458978 0 7 $GNGGA,075619.000,4423.91274,N,00855.16381,E,1,09,0.9,6.2,M,44.7,M,,*40
4007 1627458979 0 7 $GNGGA,075620.000,4423.91197,N,00855.16462,E,1,09,0.9,6.4,M,44.7,M,,*48
4008 1627458980 0 3 2.53 0.00
4009 1627458980 0 4 2.52 1.36
4010 1627458980 0 5 0.03
4011 1627458980 0 6 0.11
4012 1627458980 0 8 4.97 12.16 11.84
4013 1627458980 0 1 0.784
4014 1627458980 0 7 $GNGGA,075621.000,4423.91146,N,00855.16540,E,1,09,0.9,6.3,M,44.7,M,,*43
4015 1627458981 0 0 25.31 8.28 215.1 61.32 101.1 6.37 151.4 19.4 200.1 1.99 41.20 11.6
4016 1627458981 0 7 $GNGGA,075622.000,4423.91100,N,00855.16614,E,1,09,0.9,6.1,M,44.7,M,,*42
4017 1627458982 0 7 $GNGGA,075623.000,4423.91043,N,00855.16690,E,1,09,0.9,5.8,M,44.7,M,,*43
4018 1627458983 0 3 2.53 0.00
4019 1627458983 0 4 2.52 1.36
4020 1627458983 0 5 0.03
4021 1627458983 0 6 0.11
4022 1627458983 0 8 4.98 12.16 11.87
4023 1627458983 0 1 0.784
4024 1627458983 0 7 $GNGGA,075624.000,4423.90986,N,00855.16782,E,1,09,0.9,5.8,M,44.7,M,,*47
4025 1627458984 0 0 25.31 8.28 215.1 61.31 101.0 6.37 151.3 19.4 200.0 1.99 41.20 11.6
4026 1627458984 0 7 $GNGGA,075625.000,4423.90939,N,00855.16848,E,1,09,0.9,5.5,M,44.7,M,,*46
4027 1627458985 0 7 $GNGGA,075626.000,4423.90890,N,00855.16902,E,1,09,0.9,5.5,M,44.7,M,,*48
4028 1627458986 0 3 2.53 0.00
4029 1627458986 0 4 2.52 1.36
4030 1627458986 0 5 0.03
4031 1627458986 0 6 0.10
4033 1627458986 0 1 0.902
4034 1627458986 0 7 $GNGGA,075627.000,4423.90844,N,00855.16959,E,1,09,0.9,5.3,M,44.7,M,,*48
4035 1627458987 0 0 25.30 8.28 215.0 61.30 101.0 6.36 151.4 19.4 200.3 1.98 41.19 11.6
4036 1627458987 0 7 $GNGGA,075628.000,4423.90781,N,00855.17009,E,1,09,0.9,5.0,M,44.7,M,,*4F
4037 1627458988 0 7 $GNGGA,075629.000,4423.90718,N,00855.17052,E,1,09,0.9,4.7,M,44.7,M,,*46
4038 1627458989 0 3 2.53 0.00
4039 1627458989 0 4 2.52 1.37
4040 1627458989 0 5 0.03
4041 1627458989 0 6 0.11
4042 1627458989 0 8 4.97 12.16 11.84
4043 1627458989 0 1 0.806
4044 1627458989 0 7 $GNGGA,075630.000,4423.90645,N,00855.17102,E,1,09,0.9,4.5,M,44.7,M,,*41
4045 1627458990 0 0 25.28 8.28 215.0 61.40 101.0 6.36 151.4 19.4 200.2 1.98 41.27 11.6
4046 1627458990 0 7 $GNGGA,075631.000,4423.90566,N,00855.17169,E,1,09,0.9,4.3,M,44.7,M,,*49
4047 1627458991 0 7 $GNGGA,075632.000,4423.90488,N,00855.17242,E,1,09,0.9,4.2,M,44.7,M,,*40
4048 1627458992 0 3 2.52 0.00
4049 1627458992 0 4 2.52 1.37
4050 1627458992 0 5 0.03
4051 1627458992 0 6 0.11
4052 1627458992 0 8 4.97 12.31 11.87
4053 1627458992 0 1 1.460
4054 1627458992 0 7 $GNGGA,075633.000,4423.90416,N,00855.17303,E,1,09,0.9,4.1,M,44.7,M,,*41
4055 1627458993 0 0 25.27 8.27 215.0 61.32 101.0 6.37 151.6 19.4 200.9 1.96 41.20 11.5
4056 1627458993 0 7 $GNGGA,075634.000,4423.90354,N,00855.17364,E,1,09,0.9,3.8,M,44.7,M,,*48
4057 1627458994 0 7 $GNGGA,075635.000,4423.90301,N,00855.17423,E,1,09,0.9,3.7,M,44.7,M,,*42
4058 1627458995 0 3 2.53 0.00
4059 1627458995 0 4 2.52 1.37
4060 1627458995 0 5 0.03
4061 1627458995 0 6 0.11
4062 1627458995 0 8 4.98 12.31 11.84
4063 1627458995 0 1 0.774
4064 1627458995 0 7 $GNGGA,075636.000,4423.90249,N,00855.17485,E,1,09,0.9,3.5,M,44.7,M,,*42
4065 1627458996 0 0 25.27 8.28 215.0 61.31 101.0 6.36 151.5 19.4 200.5 1.95 41.19 11.6
4066 1627458996 0 7 $GNGGA,075637.000,4423.90199,N,00855.17562,E,1,09,0.9,3.4,M,44.7,M,,*44
4067 1627458997 0 7 $GNGGA,075638.000,4423.90159,N,00855.17640,E,1,09,0.9,3.2,M,44.7,M,,*42
4068 1627458998 0 3 2.53 0.00
4069 1627458998 0 4 2.52 1.37
4070 1627458998 0 5 0.03
4071 1627458998 0 6 0.10
4072 1627458998 0 8 4.98 12.15 11.84
4073 1627458998 0 1 0.876
4074 1627458998 0 7 $GNGGA,075639.000,4423.90118,N,00855.17718,E,1,09,0.9,2.9,M,44.7,M,,*40
4075 1627458999 0 0 25.26 8.27 215.0 61.36 101.0 6.37 151.6 19.3 200.5 1.98 41.23 11.5
4076 1627458999 0 7 $GNGGA,075640.000,4423.90078,N,00855.17816,E,1,09,0.9,2.6,M,44.7,M,,*47
4077 1627459000 0 7 $GNGGA,075641.000,4423.90032,N,00855.17899,E,1,09,0.9,2.8,M,44.7,M,,*41
4078 1627459001 0 3 2.53 0.00
4079 1627459001 0 4 2.52 1.37
4080 1627459001 0 5 0.03
4081 1627459001 0 6 0.12
4082 1627459001 0 8 4.98 12.30 11.87
4083 1627459001 0 1 0.840
4084 1627459001 0 7 $GNGGA,075642.000,4423.89973,N,00855.17978,E,1,09,0.9,3.3,M,44.7,M,,*42
4085 1627459002 0 0 25.27 8.27 214.9 61.34 101.1 6.37 151.4 19.4 200.6 1.95 41.22 11.5
4086 1627459002 0 7 $GNGGA,075643.000,4423.89905,N,00855.18068,E,1,09,0.9,4.2,M,44.7,M,,*43
4087 1627459003 0 7 $GNGGA,075644.000,4423.89846,N,00855.18145,E,1,09,0.9,4.8,M,44.7,M,,*46
4088 1627459004 0 3 2.53 0.00
4089 1627459004 0 4 2.52 1.37
4090 1627459004 0 5 0.03
4091 1627459004 0 6 0.10
4092 1627459004 0 8 4.97 12.30 11.87
4093 1627459004 0 1 0.848
4094 1627459004 0 7 $GNGGA,075645.000,4423.89789,N,00855.18232,E,1,09,0.9,5.5,M,44.7,M,,*44
4095 1627459005 0 0 25.26 8.27 214.9 61.37 101.1 6.37 151.4 19.4 200.5 1.92 41.24 11.5
4096 1627459005 0 7 $GNGGA,075646.000,4423.89737,N,00855.18313,E,1,09,0.9,5.9,M,44.7,M,,*4C
4097 1627459006 0 7 $GNGGA,075647.000,4423.89689,N,00855.18388,E,1,09,0.9,6.3,M,44.7,M,,*42
4098 1627459007 0 3 2.53 0.00
4099 1627459007 0 4 2.52 1.37
4100 1627459007 0 5 0.03
4101 1627459007 0 6 0.14
4102 1627459007 0 8 4.98 12.31 11.87
4103 1627459007 0 1 0.769
4104 1627459007 0 7 $GNGGA,075648.000,4423.89655,N,00855.18440,E,1,09,0.9,6.3,M,44.7,M,,*4F
4105 1627459008 0 0 25.27 8.27 214.9 61.35 101.0 6.37 151.6 19.4 200.6 1.93 41.23 11.5
4106 1627459008 0 7 $GNGGA,075649.000,4423.89611,N,00855.18498,E,1,09,0.9,6.6,M,44.7,M,,*4E
4107 1627459009 0 7 $GNGGA,075650.000,4423.89553,N,00855.18554,E,1,09,0.9,6.8,M,44.7,M,,*4C
4108 1627459010 0 3 2.53 0.00
4109 1627459010 0 4 2.52 1.37
4110 1627459010 0 5 0.03
4111 1627459010 0 6 0.14
4112 1627459010 0 8 4.98 12.30 11.87
4113 1627459010 0 1 0.842
4114 1627459010 0 7 $GNGGA,075651.000,4423.89502,N,00855.18626,E,1,09,0.9,7.5,M,44.7,M,,*43
4115 1627459011 0 0 25.28 8.27 214.9 61.31 101.0 6.36 151.3 19.4 200.5 1.92 41.19 11.5
4116 1627459011 0 7 $GNGGA,075652.000,4423.89473,N,00855.18715,E,1,09,0.9,7.6,M,44.7,M,,*45
4117 1627459012 0 7 $GNGGA,075653.000,4423.89442,N,00855.18799,E,1,09,0.9,7.4,M,44.7,M,,*40
4118 1627459013 0 3 2.53 0.00
4119 1627459013 0 4 2.52 1.37
4120 1627459013 0 5 0.03
4121 1627459013 0 6 0.12
4122 1627459013 0 8 4.98 12.30 11.84
4123 1627459013 0 1 1.019
4124 1627459013 0 7 $GNGGA,075654.000,4423.89411,N,00855.18878,E,1,09,0.9,7.3,M,44.7,M,,*46
4125 1627459014 0 0 25.27 8.27 214.7 61.35 100.9 6.36 151.3 19.4 200.5 1.95 41.23 11.5
4126 1627459014 0 7 $GNGGA,075655.000,4423.89386,N,00855.18980,E,1,09,0.9,7.5,M,44.7,M,,*4E
4127 1627459015 0 7 $GNGGA,075656.000,4423.89367,N,00855.19084,E,1,09,0.9,8.0,M,44.7,M,,*44
4128 1627459016 0 3 2.53 0.00
4129 1627459016 0 4 2.52 1.37
4130 1627459016 0 5 0.03
4131 1627459016 0 6 0.11
4132 1627459016 0 8 4.97 12.31 11.87
4133 1627459016 0 1 0.823
4134 1627459016 0 7 $GNGGA,075657.000,4423.89350,N,00855.19181,E,1,09,0.9,8.6,M,44.7,M,,*43
4135 1627459017 0 0 25.28 8.27 214.8 61.34 100.9 6.36 151.2 19.4 200.1 1.96 41.22 11.5
4136 1627459017 0 7 $GNGGA,075658.000,4423.89351,N,00855.19275,E,1,09,0.9,9.2,M,44.7,M,,*40
4137 1627459018 0 7 $GNGGA,075659.000,4423.89354,N,00855.19364,E,1,09,0.9,9.6,M,44.7,M,,*41
4138 1627459019 0 3 2.53 0.00
4139 1627459019 0 4 2.52 1.37
4140 1627459019 0 5 0.03
4141 1627459019 0 6 0.11
4142 1627459019 0 8 4.98 12.31 11.87
4143 1627459019 0 1 1.514
4144 1627459019 0 7 $GNGGA,075700.000,4423.89349,N,00855.19453,E,1,09,0.9,10.0,M,44.7,M,,*7D
4145 1627459020 0 0 25.28 8.27 214.8 61.42 100.9 6.35 151.3 19.4 200.7 1.98 41.28 11.5
4146 1627459020 0 7 $GNGGA,075701.000,4423.89338,N,00855.19528,E,1,09,0.9,10.2,M,44.7,M,,*75
4147 1627459021 0 7 $GNGGA,075702.000,4423.89313,N,00855.19624,E,1,09,0.9,10.2,M,44.7,M,,*70
4148 1627459022 0 3 2.53 0.00
4149 1627459022 0 4 2.52 1.37
4150 1627459022 0 5 0.03
4151 1627459022 0 6 0.10
4152 1627459022 0 8 4.98 12.30 11.87
4153 1627459022 0 1 0.929
4154 1627459022 0 7 $GNGGA,075703.000,4423.89280,N,00855.19739,E,1,09,0.9,10.3,M,44.7,M,,*76
4155 1627459023 0 0 25.26 8.27 214.6 61.38 100.9 6.36 151.5 19.4 200.4 1.97 41.25 11.5
4156 1627459023 0 7 $GNGGA,075704.000,4423.89252,N,00855.19855,E,1,09,0.9,10.3,M,44.7,M,,*7B
4157 1627459024 0 7 $GNGGA,075705.000,4423.89211,N,00855.19981,E,1,09,0.9,10.3,M,44.7,M,,*75
4158 1627459025 0 3 2.53 0.00
4159 1627459025 0 4 2.52 1.37
4160 1627459025 0 5 0.03
4161 1627459025 0 6 0.13
4162 1627459025 0 8 4.98 12.30 11.84
4163 1627459025 0 1 0.949
4164 1627459026 0 7 $GNGGA,075706.000,4423.89175,N,00855.20109,E,1,09,0.9,10.4,M,44.7,M,,*72
4165 1627459026 0 0 25.25 8.27 214.5 61.34 100.9 6.36 151.6 19.3 200.8 1.97 41.22 11.5
4166 1627459026 0 7 $GNGGA,075707.000,4423.89149,N,00855.20216,E,1,09,0.9,9.9,M,44.7,M,,*44
4167 1627459027 0 7 $GNGGA,075708.000,4423.89114,N,00855.20321,E,1,09,0.9,9.8,M,44.7,M,,*47
4168 1627459028 0 3 2.53 0.00
4169 1627459028 0 4 2.52 1.37
4170 1627459028 0 5 0.03
4171 1627459028 0 6 0.10
4172 1627459028 0 8 4.97 12.30 11.84
4173 1627459028 0 1 0.873
4174 1627459028 0 7 $GNGGA,075709.000,4423.89081,N,00855.20416,E,1,09,0.9,9.9,M,44.7,M,,*49
4175 1627459029 0 0 25.25 8.27 214.5 61.33 100.9 6.36 151.6 19.3 200.5 2.02 41.21 11.5
4176 1627459029 0 7 $GNGGA,075710.000,4423.89058,N,00855.20518,E,1,09,0.9,9.7,M,44.7,M,,*44
4177 1627459030 0 7 $GNGGA,075711.000,4423.89038,N,00855.20633,E,1,09,0.9,9.6,M,44.7,M,,*48
4178 1627459031 0 3 2.53 0.00
4179 1627459031 0 4 2.52 1.37
4180 1627459031 0 5 0.03
4181 1627459031 0 6 0.11
4182 1627459031 0 8 4.98 12.30 11.87
4183 1627459031 0 1 0.916
4184 1627459032 0 7 $GNGGA,075712.000,4423.89028,N,00855.20740,E,1,09,0.9,9.1,M,44.7,M,,*48
4185 1627459032 0 0 25.24 8.27 214.5 61.26 100.9 6.37 151.5 19.4 201.1 2.01 41.16 11.5
4186 1627459032 0 7 $GNGGA,075713.000,4423.89015,N,00855.20842,E,1,09,0.9,8.9,M,44.7,M,,*43
4187 1627459033 0 7 $GNGGA,075714.000,4423.88998,N,00855.20947,E,1,09,0.9,8.8,M,44.7,M,,*4C
4188 1627459034 0 3 2.53 0.00
4189 1627459034 0 4 2.52 1.37
4190 1627459034 0 5 0.03
4191 1627459034 0 6 0.10
4192 1627459034 0 8 4.98 12.30 11.87
4193 1627459034 0 1 0.687
4194 1627459034 0 7 $GNGGA,075715.000,4423.88970,N,00855.21051,E,1,09,0.9,8.5,M,44.7,M,,*49
4195 1627459035 0 0 25.27 8.28 214.3 61.28 101.0 6.37 151.4 19.4 200.2 1.99 41.18 11.6
4196 1627459035 0 7 $GNGGA,075716.000,4423.88932,N,00855.21158,E,1,09,0.9,8.3,M,44.7,M,,*42
4197 1627459036 0 7 $GNGGA,075717.000,4423.88897,N,00855.21264,E,1,09,0.9,8.1,M,44.7,M,,*43
4198 1627459037 0 3 2.53 0.00
4199 1627459037 0 4 2.52 1.37
4200 1627459037 0 5 0.03
4201 1627459037 0 6 0.12
4202 1627459037 0 8 4.98 12.30 11.87
4203 1627459037 0 1 0.856
4204 1627459038 0 7 $GNGGA,075718.000,4423.88872,N,00855.21369,E,1,09,0.9,7.8,M,44.7,M,,*4D
4205 1627459038 0 0 25.27 8.28 214.2 61.36 101.0 6.36 151.5 19.3 200.8 1.98 41.23 11.6
4206 1627459038 0 7 $GNGGA,075719.000,4423.88857,N,00855.21471,E,1,09,0.9,7.4,M,44.7,M,,*49
4207 1627459040 0 2 0.06920001 1.74279999 1.12419998 0.01340000 2.64800000 0.00670000 0.03590000 0.30649998 1.00000000 92.06800079
4208 1627459040 0 7 $GNGGA,075720.000,4423.88849,N,00855.21577,E,1,09,0.9,7.0,M,44.7,M,,*4F
4209 1627459040 0 3 2.53 0.00
4210 1627459040 0 4 2.52 1.37
4211 1627459040 0 5 0.03
4212 1627459040 0 6 0.08
4213 1627459040 0 8 4.98 12.31 11.87
4214 1627459040 0 1 0.893
4215 1627459040 0 7 $GNGGA,075721.000,4423.88843,N,00855.21675,E,1,09,0.9,6.8,M,44.7,M,,*4C
4216 1627459041 0 0 25.28 8.28 214.2 61.23 101.0 6.37 151.3 19.4 200.4 2.01 41.13 11.6
4217 1627459041 0 7 $GNGGA,075722.000,4423.88836,N,00855.21780,E,1,09,0.9,6.9,M,44.7,M,,*47
4218 1627459042 0 7 $GNGGA,075723.000,4423.88825,N,00855.21897,E,1,09,0.9,6.8,M,44.7,M,,*4C
4219 1627459043 0 3 2.53 0.00
4220 1627459043 0 4 2.52 1.37
4221 1627459043 0 5 0.03
4222 1627459043 0 6 0.11
4223 1627459043 0 8 4.98 12.30 11.87
4224 1627459043 0 1 0.801
4225 1627459043 0 7 $GNGGA,075724.000,4423.88815,N,00855.21993,E,1,09,0.9,6.6,M,44.7,M,,*43
4226 1627459044 0 0 25.29 8.28 214.1 61.22 101.0 6.36 151.3 19.4 200.6 2.03 41.13 11.6
4227 1627459044 0 7 $GNGGA,075725.000,4423.88795,N,00855.22081,E,1,09,0.9,6.2,M,44.7,M,,*48
4228 1627459045 0 7 $GNGGA,075726.000,4423.88770,N,00855.22181,E,1,09,0.9,5.8,M,44.7,M,,*48
4229 1627459046 0 3 2.53 0.00
4230 1627459046 0 4 2.52 1.37
4231 1627459046 0 5 0.03
4232 1627459046 0 6 0.12
4233 1627459046 0 8 4.98 12.30 11.87
4234 1627459046 0 1 1.448
4235 1627459046 0 7 $GNGGA,075727.000,4423.88749,N,00855.22275,E,1,09,0.9,5.3,M,44.7,M,,*40
4236 1627459047 0 0 25.30 8.28 214.1 61.26 100.9 6.36 151.3 19.4 200.4 1.98 41.16 11.6
4237 1627459047 0 7 $GNGGA,075728.000,4423.88728,N,00855.22362,E,1,09,0.9,4.8,M,44.7,M,,*45
4238 1627459048 0 7 $GNGGA,075729.000,4423.88719,N,00855.22460,E,1,09,0.9,4.3,M,44.7,M,,*48
4239 1627459049 0 3 2.53 0.00
4240 1627459049 0 4 2.52 1.37
4241 1627459049 0 5 0.03
4242 1627459049 0 6 0.12
4243 1627459049 0 8 4.98 12.30 11.84
4244 1627459049 0 1 0.752
4245 1627459049 0 7 $GNGGA,075730.000,4423.88711,N,00855.22542,E,1,09,0.9,3.6,M,44.7,M,,*4B
4246 1627459050 0 0 25.29 8.28 214.0 61.35 100.9 6.36 151.5 19.3 200.6 1.98 41.23 11.6
4247 1627459050 0 7 $GNGGA,075731.000,4423.88708,N,00855.22618,E,1,09,0.9,3.3,M,44.7,M,,*4B
4248 1627459051 0 7 $GNGGA,075732.000,4423.88698,N,00855.22705,E,1,09,0.9,2.7,M,44.7,M,,*48
4249 1627459052 0 3 2.53 0.00
4250 1627459052 0 4 2.52 1.37
4251 1627459052 0 5 0.03
4252 1627459052 0 6 0.10
4253 1627459052 0 8 4.98 12.30 11.84
4254 1627459052 0 1 0.815
4255 1627459053 0 7 $GNGGA,075733.000,4423.88684,N,00855.22806,E,1,09,0.9,2.2,M,44.7,M,,*4D
4256 1627459053 0 0 25.28 8.28 214.0 61.28 100.8 6.36 151.4 19.3 200.8 1.98 41.17 11.6
4257 1627459053 0 7 $GNGGA,075734.000,4423.88677,N,00855.22916,E,1,09,0.9,2.0,M,44.7,M,,*44
4258 1627459054 0 7 $GNGGA,075735.000,4423.88666,N,00855.23035,E,1,09,0.9,2.1,M,44.7,M,,*4D
4259 1627459055 0 3 2.53 0.00
4260 1627459055 0 4 2.52 1.37
4261 1627459055 0 5 0.03
4262 1627459055 0 6 0.11
4263 1627459055 0 8 4.98 12.30 11.87
4264 1627459055 0 1 0.735
4265 1627459055 0 7 $GNGGA,075736.000,4423.88637,N,00855.23160,E,1,09,0.9,2.7,M,44.7,M,,*4D
4266 1627459056 0 0 25.29 8.28 213.9 61.25 100.8 6.35 151.3 19.3 200.5 1.98 41.15 11.6
4267 1627459056 0 7 $GNGGA,075737.000,4423.88606,N,00855.23296,E,1,09,0.9,3.5,M,44.7,M,,*47
4268 1627459057 0 7 $GNGGA,075738.000,4423.88578,N,00855.23440,E,1,09,0.9,3.8,M,44.7,M,,*42
4269 1627459058 0 3 2.53 0.00
4270 1627459058 0 4 2.52 1.37
4271 1627459058 0 5 0.03
4272 1627459058 0 6 0.12
4273 1627459058 0 8 4.98 12.30 11.84
4274 1627459058 0 1 0.753
4277 1627459059 0 7 $GNGGA,075740.000,4423.88551,N,00855.23681,E,1,09,0.9,4.0,M,44.7,M,,*46
4278 1627459060 0 7 $GNGGA,075741.000,4423.88546,N,00855.23794,E,1,09,0.9,4.2,M,44.7,M,,*46
4279 1627459061 0 3 2.53 0.00
4280 1627459061 0 4 2.52 1.37
4281 1627459061 0 5 0.03
4282 1627459061 0 6 0.12
4283 1627459061 0 8 4.98 12.30 11.84
4284 1627459061 0 1 0.679
4285 1627459061 0 7 $GNGGA,075742.000,4423.88540,N,00855.23901,E,1,09,0.9,4.3,M,44.7,M,,*40
4286 1627459062 0 0 25.29 8.28 213.8 61.47 100.7 6.34 151.4 19.3 200.8 1.96 41.32 11.6
4287 1627459062 0 7 $GNGGA,075743.000,4423.88529,N,00855.24003,E,1,09,0.9,4.2,M,44.7,M,,*43
4288 1627459063 0 7 $GNGGA,075744.000,4423.88527,N,00855.24104,E,1,09,0.9,3.9,M,44.7,M,,*40
4289 1627459064 0 3 2.53 0.00
4290 1627459064 0 4 2.52 1.36
4291 1627459064 0 5 0.03
4292 1627459064 0 6 0.13
4293 1627459064 0 8 4.98 12.30 11.87
4294 1627459064 0 1 0.690
4295 1627459065 0 7 $GNGGA,075745.000,4423.88533,N,00855.24200,E,1,09,0.9,3.4,M,44.7,M,,*4E
4296 1627459065 0 0 25.30 8.28 213.8 61.39 100.7 6.34 151.2 19.3 200.9 1.96 41.26 11.6
4297 1627459065 0 7 $GNGGA,075746.000,4423.88537,N,00855.24317,E,1,09,0.9,3.1,M,44.7,M,,*4B
4298 1627459066 0 7 $GNGGA,075747.000,4423.88541,N,00855.24438,E,1,09,0.9,2.9,M,44.7,M,,*48
4299 1627459067 0 3 2.53 0.00
4300 1627459067 0 4 2.52 1.37
4301 1627459067 0 5 0.03
4302 1627459067 0 6 0.11
4303 1627459067 0 8 4.98 12.30 11.87
4304 1627459067 0 1 0.943
4305 1627459067 0 7 $GNGGA,075748.000,4423.88537,N,00855.24545,E,1,09,0.9,2.4,M,44.7,M,,*40
4306 1627459068 0 0 25.30 8.28 213.8 61.40 100.7 6.34 151.4 19.3 200.5 1.97 41.26 11.6
4307 1627459068 0 7 $GNGGA,075749.000,4423.88534,N,00855.24632,E,1,09,0.9,2.1,M,44.7,M,,*44
4308 1627459069 0 7 $GNGGA,075750.000,4423.88534,N,00855.24705,E,1,09,0.9,1.8,M,44.7,M,,*43
4309 1627459070 0 3 2.53 0.00
4310 1627459070 0 4 2.52 1.36
4311 1627459070 0 5 0.03
4312 1627459070 0 6 0.12
4313 1627459070 0 8 4.98 12.30 11.87
4314 1627459070 0 1 0.716
4315 1627459071 0 7 $GNGGA,075751.000,4423.88540,N,00855.24790,E,1,09,0.9,1.2,M,44.7,M,,*47
4316 1627459071 0 0 25.30 8.28 213.7 61.36 100.7 6.34 151.5 19.3 200.8 1.97 41.23 11.6
4317 1627459071 0 7 $GNGGA,075752.000,4423.88546,N,00855.24908,E,1,09,0.9,0.9,M,44.7,M,,*47
4318 1627459072 0 7 $GNGGA,075753.000,4423.88564,N,00855.25051,E,1,09,0.9,0.7,M,44.7,M,,*4C
4319 1627459073 0 3 2.53 0.00
4320 1627459073 0 4 2.52 1.37
4321 1627459073 0 5 0.03
4322 1627459073 0 6 0.12
4323 1627459073 0 8 4.98 12.30 11.87
4324 1627459073 0 1 1.392
4325 1627459074 0 7 $GNGGA,075754.000,4423.88579,N,00855.25177,E,1,09,0.9,0.9,M,44.7,M,,*4C
4326 1627459074 0 0 25.31 8.28 213.7 61.29 100.7 6.35 151.5 19.3 200.8 1.96 41.18 11.6
4327 1627459074 0 7 $GNGGA,075755.000,4423.88597,N,00855.25276,E,1,09,0.9,1.2,M,44.7,M,,*45
4328 1627459075 0 7 $GNGGA,075756.000,4423.88620,N,00855.25367,E,1,09,0.9,1.2,M,44.7,M,,*48
4329 1627459076 0 3 2.53 0.00
4330 1627459076 0 4 2.52 1.37
4331 1627459076 0 5 0.03
4332 1627459076 0 6 0.12
4333 1627459076 0 8 4.98 12.30 11.87
4334 1627459076 0 1 0.771
4335 1627459077 0 7 $GNGGA,075757.000,4423.88645,N,00855.25467,E,1,09,0.9,1.6,M,44.7,M,,*49
4336 1627459077 0 0 25.29 8.28 213.7 61.37 100.8 6.35 151.6 19.3 201.3 1.92 41.24 11.6
4337 1627459077 0 7 $GNGGA,075758.000,4423.88662,N,00855.25554,E,1,09,0.9,1.8,M,44.7,M,,*4C
4338 1627459078 0 7 $GNGGA,075759.000,4423.88675,N,00855.25641,E,1,09,0.9,1.8,M,44.7,M,,*4C
4339 1627459079 0 3 2.53 0.00
4340 1627459079 0 4 2.52 1.37
4341 1627459079 0 5 0.03
4342 1627459079 0 6 0.12
4343 1627459079 0 8 4.98 12.30 11.87
4344 1627459079 0 1 0.752
4345 1627459080 0 7 $GNGGA,075800.000,4423.88685,N,00855.25742,E,1,09,0.9,1.4,M,44.7,M,,*4E
4346 1627459080 0 0 25.30 8.27 213.7 61.32 100.8 6.35 151.4 19.3 200.9 1.90 41.20 11.6
4347 1627459080 0 7 $GNGGA,075801.000,4423.88699,N,00855.25855,E,1,09,0.9,1.2,M,44.7,M,,*4D
4348 1627459081 0 7 $GNGGA,075802.000,4423.88718,N,00855.25969,E,1,09,0.9,0.8,M,44.7,M,,*43
4349 1627459082 0 3 2.53 0.00
4350 1627459082 0 4 2.52 1.37
4351 1627459082 0 5 0.03
4352 1627459082 0 6 0.11
4353 1627459082 0 8 4.98 12.30 11.84
4354 1627459082 0 1 0.860
4355 1627459083 0 7 $GNGGA,075803.000,4423.88740,N,00855.26089,E,1,09,0.9,0.2,M,44.7,M,,*41
4356 1627459083 0 0 25.29 8.27 213.7 61.35 100.8 6.35 151.7 19.3 201.5 1.90 41.23 11.6
4357 1627459083 0 7 $GNGGA,075804.000,4423.88754,N,00855.26187,E,1,09,0.9,0.1,M,44.7,M,,*4F
4358 1627459084 0 7 $GNGGA,075805.000,4423.88764,N,00855.26300,E,1,09,0.9,0.4,M,44.7,M,,*45
4359 1627459085 0 3 2.53 0.00
4360 1627459085 0 4 2.52 1.37
4361 1627459085 0 5 0.03
4362 1627459085 0 6 0.10
4363 1627459085 0 8 4.98 12.30 11.84
4364 1627459085 0 1 0.722
4365 1627459086 0 7 $GNGGA,075806.000,4423.88784,N,00855.26425,E,1,09,0.9,0.3,M,44.7,M,,*4F
4366 1627459086 0 0 25.29 8.27 213.6 61.32 100.8 6.35 151.6 19.3 201.4 1.89 41.20 11.5
4367 1627459086 0 7 $GNGGA,075807.000,4423.88809,N,00855.26535,E,1,09,0.9,-0.1,M,44.7,M,,*6B
4368 1627459087 0 7 $GNGGA,075808.000,4423.88835,N,00855.26632,E,1,09,0.9,-0.4,M,44.7,M,,*6A
4369 1627459088 0 3 2.53 0.00
4370 1627459088 0 4 2.52 1.37
4371 1627459088 0 5 0.03
4372 1627459088 0 6 0.09
4373 1627459088 0 8 4.98 12.29 11.87
4374 1627459088 0 1 0.776
4375 1627459089 0 7 $GNGGA,075809.000,4423.88850,N,00855.26722,E,1,09,0.9,-0.2,M,44.7,M,,*6E
4376 1627459089 0 0 25.29 8.27 213.6 61.37 100.8 6.35 151.5 19.3 201.5 1.87 41.25 11.5
4377 1627459089 0 7 $GNGGA,075810.000,4423.88866,N,00855.26823,E,1,09,0.9,-0.0,M,44.7,M,,*6F
4378 1627459090 0 7 $GNGGA,075811.000,4423.88880,N,00855.26942,E,1,09,0.9,0.5,M,44.7,M,,*48
4379 1627459091 0 3 2.53 0.00
4380 1627459091 0 4 2.52 1.37
4381 1627459091 0 5 0.03
4382 1627459091 0 6 0.12
4383 1627459091 0 8 4.97 12.30 11.87
4384 1627459091 0 1 0.685
4385 1627459092 0 7 $GNGGA,075812.000,4423.88895,N,00855.27050,E,1,09,0.9,0.4,M,44.7,M,,*45
4386 1627459092 0 0 25.29 8.27 213.6 61.29 100.8 6.35 151.5 19.3 201.1 1.87 41.18 11.5
4387 1627459092 0 7 $GNGGA,075813.000,4423.88905,N,00855.27153,E,1,09,0.9,0.3,M,44.7,M,,*49
4388 1627459093 0 7 $GNGGA,075814.000,4423.88917,N,00855.27252,E,1,09,0.9,0.1,M,44.7,M,,*4D
4389 1627459094 0 3 2.53 0.00
4390 1627459094 0 4 2.52 1.37
4391 1627459094 0 5 0.03
4392 1627459094 0 6 0.11
4393 1627459094 0 8 4.97 12.30 11.87
4394 1627459094 0 1 0.879
4395 1627459095 0 7 $GNGGA,075815.000,4423.88926,N,00855.27353,E,1,09,0.9,0.2,M,44.7,M,,*4D
4396 1627459095 0 0 25.28 8.27 213.5 61.31 100.8 6.35 151.8 19.3 201.4 1.90 41.20 11.5
4397 1627459095 0 7 $GNGGA,075816.000,4423.88956,N,00855.27462,E,1,09,0.9,0.1,M,44.7,M,,*4F
4398 1627459096 0 7 $GNGGA,075817.000,4423.88988,N,00855.27570,E,1,09,0.9,0.1,M,44.7,M,,*4F
4399 1627459097 0 3 2.53 0.00
4400 1627459097 0 4 2.52 1.37
4401 1627459097 0 5 0.03
4402 1627459097 0 6 0.13
4403 1627459097 0 8 4.98 12.30 11.84
4404 1627459097 0 1 0.803
4405 1627459098 0 7 $GNGGA,075818.000,4423.89018,N,00855.27681,E,1,09,0.9,0.1,M,44.7,M,,*4C
4406 1627459098 0 0 25.27 8.27 213.5 61.34 100.8 6.35 151.7 19.3 201.2 1.90 41.22 11.5
4407 1627459098 0 7 $GNGGA,075819.000,4423.89033,N,00855.27797,E,1,09,0.9,0.1,M,44.7,M,,*42
4408 1627459099 0 7 $GNGGA,075820.000,4423.89044,N,00855.27903,E,1,09,0.9,0.3,M,44.7,M,,*49
4409 1627459100 0 3 2.53 0.00
4410 1627459100 0 4 2.52 1.37
4411 1627459100 0 5 0.03
4412 1627459100 0 6 0.12
4413 1627459100 0 8 4.97 12.16 11.84
4414 1627459100 0 1 1.392
4415 1627459101 0 7 $GNGGA,075821.000,4423.89055,N,00855.28024,E,1,09,0.9,0.5,M,44.7,M,,*4D
4416 1627459101 0 0 25.30 8.27 213.4 61.28 100.8 6.35 151.7 19.3 201.3 1.87 41.18 11.5
4417 1627459101 0 7 $GNGGA,075822.000,4423.89073,N,00855.28149,E,1,09,0.9,0.7,M,44.7,M,,*42
4418 1627459102 0 7 $GNGGA,075823.000,4423.89094,N,00855.28260,E,1,09,0.9,0.9,M,44.7,M,,*4C
4419 1627459103 0 3 2.53 0.00
4420 1627459103 0 4 2.52 1.37
4421 1627459103 0 5 0.03
4422 1627459103 0 6 0.12
4423 1627459103 0 8 4.98 12.16 11.84
4424 1627459103 0 1 0.599
4425 1627459104 0 7 $GNGGA,075824.000,4423.89121,N,00855.28370,E,1,09,0.9,1.1,M,44.7,M,,*4D
4426 1627459104 0 0 25.28 8.27 213.4 61.36 100.8 6.35 151.6 19.3 201.8 1.88 41.23 11.5
4427 1627459104 0 7 $GNGGA,075825.000,4423.89159,N,00855.28486,E,1,09,0.9,1.1,M,44.7,M,,*4D
4428 1627459105 0 7 $GNGGA,075826.000,4423.89201,N,00855.28612,E,1,09,0.9,1.1,M,44.7,M,,*4F
4429 1627459106 0 3 2.53 0.00
4430 1627459106 0 4 2.52 1.38
4431 1627459106 0 5 0.03
4432 1627459106 0 6 0.12
4433 1627459106 0 8 4.98 12.29 11.84
4434 1627459106 0 7 $GNGGA,075827.000,4423.89240,N,00855.28731,E,1,09,0.9,1.3,M,44.7,M,,*49
4435 1627459106 0 1 0.817
4436 1627459107 0 0 25.27 8.27 213.4 61.30 100.8 6.35 151.6 19.3 201.4 1.85 41.19 11.5
4437 1627459107 0 7 $GNGGA,075828.000,4423.89274,N,00855.28851,E,1,09,0.9,1.7,M,44.7,M,,*4C
4438 1627459108 0 7 $GNGGA,075829.000,4423.89304,N,00855.28966,E,1,09,0.9,2.2,M,44.7,M,,*48
4439 1627459109 0 3 2.53 0.00
4440 1627459109 0 4 2.52 1.38
4441 1627459109 0 5 0.03
4442 1627459109 0 6 0.10
4443 1627459109 0 8 4.98 12.16 11.84
4444 1627459109 0 1 0.600
4445 1627459110 0 7 $GNGGA,075830.000,4423.89333,N,00855.29079,E,1,09,0.9,2.7,M,44.7,M,,*47
4446 1627459110 0 0 25.30 8.27 213.3 61.38 100.8 6.35 151.5 19.3 201.3 1.84 41.25 11.5
4447 1627459110 0 7 $GNGGA,075831.000,4423.89361,N,00855.29182,E,1,09,0.9,2.0,M,44.7,M,,*43
4448 1627459111 0 7 $GNGGA,075832.000,4423.89400,N,00855.29271,E,1,09,0.9,1.6,M,44.7,M,,*4A
4449 1627459112 0 3 2.53 0.00
4450 1627459112 0 4 2.52 1.37
4451 1627459112 0 5 0.03
4452 1627459112 0 6 0.09
4453 1627459112 0 8 4.98 12.31 11.84
4454 1627459112 0 1 0.780
4455 1627459113 0 7 $GNGGA,075833.000,4423.89442,N,00855.29358,E,1,09,0.9,1.6,M,44.7,M,,*47
4456 1627459113 0 0 25.27 8.27 213.3 61.45 100.8 6.35 151.8 19.3 201.7 1.85 41.30 11.5
4457 1627459113 0 7 $GNGGA,075834.000,4423.89482,N,00855.29467,E,1,09,0.9,1.9,M,44.7,M,,*48
4458 1627459114 0 7 $GNGGA,075835.000,4423.89519,N,00855.29582,E,1,09,0.9,2.0,M,44.7,M,,*4A
4459 1627459115 0 3 2.53 0.00
4460 1627459115 0 4 2.52 1.37
4461 1627459115 0 5 0.03
4462 1627459115 0 6 0.09
4463 1627459115 0 8 4.98 12.30 11.84
4464 1627459115 0 1 0.632
4465 1627459116 0 7 $GNGGA,075836.000,4423.89558,N,00855.29689,E,1,09,0.9,2.0,M,44.7,M,,*44
4466 1627459116 0 0 25.27 8.27 213.2 61.36 100.9 6.36 151.8 19.3 201.6 1.83 41.24 11.5
4467 1627459116 0 7 $GNGGA,075837.000,4423.89596,N,00855.29793,E,1,09,0.9,2.5,M,44.7,M,,*48
4468 1627459117 0 7 $GNGGA,075838.000,4423.89620,N,00855.29882,E,1,09,0.9,2.4,M,44.7,M,,*47
4469 1627459118 0 3 2.53 0.00
4470 1627459118 0 4 2.52 1.37
4471 1627459118 0 5 0.03
4472 1627459118 0 6 0.14
4473 1627459118 0 8 4.97 12.15 11.84
4474 1627459118 0 7 $GNGGA,075839.000,4423.89649,N,00855.29972,E,1,09,0.9,2.4,M,44.7,M,,*47
4475 1627459118 0 1 0.716
4476 1627459119 0 0 25.26 8.27 213.2 61.34 100.9 6.36 152.0 19.2 202.3 1.78 41.22 11.5
4477 1627459119 0 7 $GNGGA,075840.000,4423.89676,N,00855.30066,E,1,09,0.9,2.2,M,44.7,M,,*47
4478 1627459120 0 7 $GNGGA,075841.000,4423.89706,N,00855.30167,E,1,09,0.9,2.2,M,44.7,M,,*40
4479 1627459121 0 3 2.52 0.00
4480 1627459121 0 4 2.52 1.38
4481 1627459121 0 5 0.03
4482 1627459121 0 6 0.13
4483 1627459121 0 8 4.97 12.29 11.87
4484 1627459121 0 1 0.978
4485 1627459122 0 7 $GNGGA,075842.000,4423.89738,N,00855.30263,E,1,09,0.9,2.5,M,44.7,M,,*4E
4486 1627459122 0 0 25.26 8.27 213.2 61.34 100.9 6.36 151.8 19.2 201.5 1.72 41.22 11.6
4487 1627459122 0 7 $GNGGA,075843.000,4423.89779,N,00855.30343,E,1,09,0.9,2.5,M,44.7,M,,*49
4488 1627459123 0 7 $GNGGA,075844.000,4423.89827,N,00855.30410,E,1,09,0.9,2.5,M,44.7,M,,*4B
4489 1627459124 0 3 2.53 0.00
4490 1627459124 0 4 2.52 1.38
4491 1627459124 0 5 0.03
4492 1627459124 0 6 0.13
4493 1627459124 0 8 4.97 12.29 11.87
4494 1627459124 0 7 $GNGGA,075845.000,4423.89886,N,00855.30496,E,1,09,0.9,2.2,M,44.7,M,,*48
4495 1627459124 0 1 0.688
4496 1627459125 0 0 25.26 8.27 213.1 61.33 100.9 6.36 151.7 19.3 201.5 1.75 41.21 11.6
4497 1627459125 0 7 $GNGGA,075846.000,4423.89943,N,00855.30607,E,1,09,0.9,2.2,M,44.7,M,,*49
4498 1627459126 0 7 $GNGGA,075847.000,4423.90011,N,00855.30725,E,1,09,0.9,1.9,M,44.7,M,,*47
4499 1627459127 0 3 2.52 0.00
4500 1627459127 0 4 2.52 1.38
4501 1627459127 0 5 0.03
4502 1627459127 0 6 0.12
4503 1627459127 0 8 4.98 12.30 11.84
4504 1627459127 0 1 1.184
4505 1627459128 0 7 $GNGGA,075848.000,4423.90064,N,00855.30837,E,1,09,0.9,1.7,M,44.7,M,,*48
4506 1627459128 0 0 25.26 8.27 213.1 61.34 100.8 6.36 151.6 19.3 201.7 1.79 41.22 11.5
4507 1627459128 0 7 $GNGGA,075849.000,4423.90103,N,00855.30949,E,1,09,0.9,1.5,M,44.7,M,,*43
4508 1627459129 0 7 $GNGGA,075850.000,4423.90150,N,00855.31054,E,1,09,0.9,1.0,M,44.7,M,,*4C
4509 1627459130 0 3 2.53 0.00
4510 1627459130 0 4 2.52 1.38
4511 1627459130 0 5 0.03
4512 1627459130 0 6 0.10
4513 1627459130 0 8 4.98 12.31 11.84
4514 1627459130 0 1 0.841
4515 1627459131 0 7 $GNGGA,075851.000,4423.90190,N,00855.31162,E,1,09,0.9,0.3,M,44.7,M,,*47
4516 1627459131 0 0 25.27 8.27 213.1 61.31 100.8 6.35 151.5 19.3 201.3 1.74 41.20 11.6
4517 1627459131 0 7 $GNGGA,075852.000,4423.90243,N,00855.31277,E,1,09,0.9,0.0,M,44.7,M,,*4D
4518 1627459132 0 7 $GNGGA,075853.000,4423.90306,N,00855.31379,E,1,09,0.9,-0.6,M,44.7,M,,*68
4519 1627459133 0 3 2.52 0.00
4520 1627459133 0 4 2.52 1.38
4521 1627459133 0 5 0.03
4522 1627459133 0 6 0.10
4523 1627459133 0 8 4.98 12.29 11.87
4524 1627459133 0 7 $GNGGA,075854.000,4423.90353,N,00855.31493,E,1,09,0.9,-0.9,M,44.7,M,,*63
4525 1627459134 0 1 0.642
4526 1627459134 0 0 25.28 8.28 213.0 61.33 100.8 6.35 151.6 19.3 201.2 1.72 41.21 11.6
4527 1627459134 0 7 $GNGGA,075855.000,4423.90415,N,00855.31586,E,1,09,0.9,-1.2,M,44.7,M,,*68
4528 1627459135 0 7 $GNGGA,075856.000,4423.90492,N,00855.31688,E,1,09,0.9,-1.7,M,44.7,M,,*6C
4529 1627459136 0 3 2.52 0.00
4530 1627459136 0 4 2.52 1.37
4531 1627459136 0 5 0.03
4532 1627459136 0 6 0.09
4533 1627459136 0 8 4.98 12.30 11.87
4534 1627459136 0 1 0.658
4535 1627459137 0 7 $GNGGA,075857.000,4423.90564,N,00855.31794,E,1,09,0.9,-2.1,M,44.7,M,,*6C
4536 1627459137 0 0 25.28 8.28 213.0 61.38 100.8 6.35 151.6 19.3 201.4 1.76 41.25 11.6
4537 1627459137 0 7 $GNGGA,075858.000,4423.90615,N,00855.31898,E,1,09,0.9,-2.3,M,44.7,M,,*67
4538 1627459138 0 7 $GNGGA,075859.000,4423.90655,N,00855.32012,E,1,09,0.9,-1.9,M,44.7,M,,*62
4539 1627459139 0 3 2.52 0.00
4540 1627459139 0 4 2.52 1.37
4541 1627459139 0 5 0.03
4542 1627459139 0 6 0.11
4543 1627459139 0 8 4.98 12.30 11.87
4544 1627459139 0 7 $GNGGA,075900.000,4423.90697,N,00855.32125,E,1,09,0.9,-1.8,M,44.7,M,,*65
4545 1627459139 0 1 0.792
4546 1627459140 0 0 25.26 8.28 212.9 61.34 100.8 6.35 151.9 19.2 201.7 1.79 41.22 11.6
4547 1627459140 0 7 $GNGGA,075901.000,4423.90740,N,00855.32234,E,1,09,0.9,-1.5,M,44.7,M,,*61
4548 1627459141 0 7 $GNGGA,075902.000,4423.90786,N,00855.32329,E,1,09,0.9,-1.3,M,44.7,M,,*63
4549 1627459142 0 3 2.52 0.00
4550 1627459142 0 4 2.52 1.38
4551 1627459142 0 5 0.03
4552 1627459142 0 6 0.15
4553 1627459142 0 8 4.98 12.29 11.84
4554 1627459142 0 1 0.700
4555 1627459143 0 7 $GNGGA,075903.000,4423.90832,N,00855.32431,E,1,09,0.9,-1.2,M,44.7,M,,*6D
4556 1627459143 0 0 25.24 8.28 213.0 61.33 100.8 6.36 151.9 19.2 201.7 1.75 41.21 11.6
4557 1627459143 0 7 $GNGGA,075904.000,4423.90888,N,00855.32527,E,1,09,0.9,-1.1,M,44.7,M,,*6E
4558 1627459144 0 7 $GNGGA,075905.000,4423.90953,N,00855.32605,E,1,09,0.9,-1.3,M,44.7,M,,*69
4559 1627459145 0 3 2.52 0.00
4560 1627459145 0 4 2.52 1.38
4561 1627459145 0 5 0.03
4562 1627459145 0 6 0.14
4563 1627459145 0 8 4.98 12.30 11.84
4564 1627459145 0 7 $GNGGA,075906.000,4423.91031,N,00855.32676,E,1,09,0.9,-1.6,M,44.7,M,,*67
4565 1627459146 0 1 0.734
4566 1627459146 0 0 25.26 8.28 212.9 61.27 100.8 6.35 151.7 19.2 201.8 1.67 41.17 11.6
4567 1627459146 0 7 $GNGGA,075907.000,4423.91106,N,00855.32758,E,1,09,0.9,-1.3,M,44.7,M,,*6B
4568 1627459147 0 7 $GNGGA,075908.000,4423.91179,N,00855.32819,E,1,09,0.9,-1.2,M,44.7,M,,*67
4569 1627459148 0 3 2.52 0.00
4570 1627459148 0 4 2.52 1.37
4571 1627459148 0 5 0.03
4572 1627459148 0 6 0.13
4573 1627459148 0 8 4.97 12.30 11.84
4574 1627459148 0 1 0.857
4575 1627459149 0 7 $GNGGA,075909.000,4423.91246,N,00855.32850,E,1,09,0.9,-1.4,M,44.7,M,,*62
4576 1627459149 0 0 25.26 8.28 212.9 61.33 100.8 6.35 151.7 19.2 201.4 1.72 41.21 11.6
4577 1627459149 0 7 $GNGGA,075910.000,4423.91309,N,00855.32896,E,1,09,0.9,-1.6,M,44.7,M,,*68
4578 1627459150 0 7 $GNGGA,075911.000,4423.91332,N,00855.32950,E,1,09,0.9,-1.9,M,44.7,M,,*65
4579 1627459151 0 3 2.52 0.00
4580 1627459151 0 4 2.52 1.37
4581 1627459151 0 5 0.03
4582 1627459151 0 6 0.14
4583 1627459151 0 8 4.97 12.30 11.84
4584 1627459151 0 7 $GNGGA,075912.000,4423.91348,N,00855.33004,E,1,09,0.9,-1.9,M,44.7,M,,*62
4585 1627459151 0 1 0.733
4586 1627459152 0 0 25.25 8.28 212.8 61.32 100.7 6.35 151.8 19.2 201.8 1.73 41.21 11.6
4587 1627459152 0 7 $GNGGA,075913.000,4423.91381,N,00855.33055,E,1,09,0.9,-2.2,M,44.7,M,,*6A
4588 1627459153 0 7 $GNGGA,075914.000,4423.91430,N,00855.33106,E,1,09,0.9,-2.3,M,44.7,M,,*66
4589 1627459154 0 3 2.52 0.00
4590 1627459154 0 4 2.52 1.37
4591 1627459154 0 5 0.03
4592 1627459154 0 6 0.11
4593 1627459154 0 8 4.98 12.30 11.87
4594 1627459154 0 7 $GNGGA,075915.000,4423.91483,N,00855.33165,E,1,09,0.9,-2.7,M,44.7,M,,*6E
4595 1627459154 0 1 1.230
4596 1627459155 0 0 25.26 8.28 212.8 61.33 100.7 6.35 151.5 19.3 201.1 1.72 41.21 11.6
4597 1627459155 0 7 $GNGGA,075916.000,4423.91540,N,00855.33231,E,1,09,0.9,-3.0,M,44.7,M,,*67
4598 1627459156 0 7 $GNGGA,075917.000,4423.91587,N,00855.33307,E,1,09,0.9,-3.3,M,44.7,M,,*6A
4599 1627459157 0 3 2.53 0.00
4600 1627459157 0 4 2.52 1.38
4601 1627459157 0 5 0.03
4602 1627459157 0 6 0.11
4603 1627459157 0 8 4.98 12.33 11.87
4604 1627459157 0 7 $GNGGA,075918.000,4423.91634,N,00855.33381,E,1,09,0.9,-3.3,M,44.7,M,,*60
4605 1627459158 0 0 25.24 8.28 212.8 61.41 100.7 6.35 151.8 19.2 201.7 1.72 41.27 11.6
4606 1627459158 0 7 $GNGGA,075919.000,4423.91693,N,00855.33430,E,1,09,0.9,-3.4,M,44.7,M,,*66
4607 1627459160 0 2 0.07400000 1.61710000 1.12500000 0.01240000 2.69050002 0.00710000 0.03490000 0.32800002 1.00000000 92.26999664
4608 1627459160 0 7 $GNGGA,075920.000,4423.91754,N,00855.33455,E,1,09,0.9,-3.7,M,44.7,M,,*66
4609 1627459160 0 3 2.52 0.00
4610 1627459160 0 4 2.52 1.38
4611 1627459160 0 5 0.03
4612 1627459160 0 6 0.13
4613 1627459160 0 8 4.97 12.33 11.87
4614 1627459160 0 7 $GNGGA,075921.000,4423.91813,N,00855.33477,E,1,09,0.9,-4.1,M,44.7,M,,*6A
4615 1627459161 0 0 25.24 8.28 212.8 61.30 100.7 6.35 151.8 19.2 202.0 1.71 41.19 11.6
4616 1627459161 0 7 $GNGGA,075922.000,4423.91871,N,00855.33515,E,1,09,0.9,-4.4,M,44.7,M,,*6D
4617 1627459162 0 7 $GNGGA,075923.000,4423.91933,N,00855.33574,E,1,09,0.9,-4.7,M,44.7,M,,*6F
4618 1627459163 0 3 2.52 0.00
4619 1627459163 0 4 2.52 1.38
4620 1627459163 0 5 0.03
4621 1627459163 0 6 0.13
4622 1627459163 0 8 4.98 12.34 11.87
4623 1627459163 0 7 $GNGGA,075924.000,4423.91987,N,00855.33636,E,1,09,0.9,-4.5,M,44.7,M,,*60
4624 1627459164 0 0 25.25 8.28 212.8 61.34 100.6 6.34 151.8 19.2 201.6 1.69 41.22 11.6
4625 1627459164 0 7 $GNGGA,075925.000,4423.92049,N,00855.33695,E,1,09,0.9,-4.7,M,44.7,M,,*62
4626 1627459165 0 7 $GNGGA,075926.000,4423.92129,N,00855.33781,E,1,09,0.9,-4.8,M,44.7,M,,*6D
4627 1627459166 0 3 2.52 0.00
4628 1627459167 0 4 2.52 1.38
4629 1627459167 0 5 0.03
4630 1627459167 0 6 0.13
4631 1627459167 0 8 4.98 12.36 11.87
4632 1627459167 0 0 25.26 8.28 212.8 61.31 100.6 6.34 151.5 19.2 201.4 1.73 41.20 11.6
4633 1627459167 0 7 $GNGGA,075927.000,4423.92220,N,00855.33908,E,1,09,0.9,-4.6,M,44.7,M,,*67
4634 1627459167 0 7 $GNGGA,075928.000,4423.92302,N,00855.33977,E,1,09,0.9,-5.1,M,44.7,M,,*67
4635 1627459168 0 1 0.810
4636 1627459168 0 7 $GNGGA,075929.000,4423.92370,N,00855.34035,E,1,09,0.9,-5.5,M,44.7,M,,*6F
4637 1627459169 0 3 2.52 0.00
4638 1627459170 0 4 2.52 1.38
4639 1627459170 0 5 0.03
4640 1627459170 0 6 0.10
4641 1627459170 0 8 4.98 12.30 11.87
4642 1627459170 0 1 0.555
4643 1627459170 0 0 25.29 8.28 212.7 61.28 100.6 6.34 151.2 19.3 201.1 1.76 41.17 11.6
4644 1627459170 0 7 $GNGGA,075930.000,4423.92437,N,00855.34081,E,1,09,0.9,-5.8,M,44.7,M,,*61
4645 1627459170 0 7 $GNGGA,075931.000,4423.92497,N,00855.34127,E,1,09,0.9,-5.8,M,44.7,M,,*67
4646 1627459171 0 7 $GNGGA,075932.000,4423.92555,N,00855.34160,E,1,09,0.9,-6.4,M,44.7,M,,*67
4647 1627459172 0 3 2.53 0.00
4648 1627459173 0 4 2.52 1.38
4649 1627459173 0 5 0.03
4650 1627459173 0 6 0.13
4651 1627459173 0 8 4.97 12.30 11.87
4652 1627459173 0 1 0.918
4653 1627459173 0 0 25.27 8.28 212.7 61.37 100.6 6.34 151.5 19.2 201.3 1.77 41.24 11.6
4654 1627459173 0 7 $GNGGA,075933.000,4423.92614,N,00855.34201,E,1,09,0.9,-7.1,M,44.7,M,,*60
4655 1627459173 0 7 $GNGGA,075934.000,4423.92666,N,00855.34250,E,1,09,0.9,-7.6,M,44.7,M,,*61
4656 1627459174 0 7 $GNGGA,075935.000,4423.92735,N,00855.34294,E,1,09,0.9,-7.8,M,44.7,M,,*61
4657 1627459175 0 3 2.53 0.00
4658 1627459176 0 4 2.52 1.38
4659 1627459176 0 5 0.03
4660 1627459176 0 6 0.13
4661 1627459176 0 8 4.98 12.30 11.87
4662 1627459176 0 1 0.625
4663 1627459176 0 0 25.27 8.28 212.7 61.35 100.6 6.34 151.5 19.2 201.6 1.76 41.23 11.6
4664 1627459176 0 7 $GNGGA,075936.000,4423.92810,N,00855.34329,E,1,09,0.9,-8.0,M,44.7,M,,*6A
4665 1627459176 0 7 $GNGGA,075937.000,4423.92878,N,00855.34355,E,1,09,0.9,-8.1,M,44.7,M,,*6F
4666 1627459177 0 7 $GNGGA,075938.000,4423.92947,N,00855.34384,E,1,09,0.9,-8.1,M,44.7,M,,*61
4667 1627459178 0 3 2.53 0.00
4668 1627459179 0 4 2.52 1.38
4669 1627459179 0 5 0.03
4670 1627459179 0 6 0.13
4671 1627459179 0 8 4.98 12.29 11.87
4672 1627459179 0 1 1.376
4673 1627459179 0 0 25.31 8.28 212.6 61.35 100.5 6.33 151.2 19.2 201.0 1.73 41.23 11.6
4674 1627459179 0 7 $GNGGA,075939.000,4423.93010,N,00855.34406,E,1,09,0.9,-8.4,M,44.7,M,,*62
4675 1627459179 0 7 $GNGGA,075940.000,4423.93090,N,00855.34446,E,1,09,0.9,-8.5,M,44.7,M,,*61
4676 1627459180 0 7 $GNGGA,075941.000,4423.93169,N,00855.34493,E,1,09,0.9,-8.4,M,44.7,M,,*6E
4677 1627459181 0 3 2.52 0.00
4678 1627459182 0 4 2.52 1.38
4679 1627459182 0 5 0.03
4680 1627459182 0 6 0.11
4681 1627459182 0 8 4.97 12.30 11.87
4682 1627459182 0 1 0.613
4683 1627459182 0 0 25.31 8.28 212.6 61.29 100.5 6.33 151.3 19.2 201.3 1.72 41.18 11.7
4684 1627459182 0 7 $GNGGA,075942.000,4423.93251,N,00855.34550,E,1,09,0.9,-8.1,M,44.7,M,,*6E
4685 1627459182 0 7 $GNGGA,075943.000,4423.93337,N,00855.34583,E,1,09,0.9,-7.8,M,44.7,M,,*66
4686 1627459183 0 7 $GNGGA,075944.000,4423.93416,N,00855.34614,E,1,09,0.9,-7.6,M,44.7,M,,*66
4688 1627459185 0 4 2.52 1.38
4695 1627459185 0 7 $GNGGA,075946.000,4423.93545,N,00855.34665,E,1,09,0.9,-7.2,M,44.7,M,,*61
4696 1627459186 0 7 $GNGGA,075947.000,4423.93609,N,00855.34682,E,1,09,0.9,-6.8,M,44.7,M,,*69
4697 1627459187 0 3 2.52 0.00
4698 1627459188 0 4 2.52 1.38
4699 1627459188 0 5 0.03
4700 1627459188 0 6 0.11
4701 1627459188 0 8 4.98 12.29 11.87
4702 1627459188 0 1 0.639
4703 1627459188 0 0 25.29 8.28 212.6 61.29 100.5 6.33 151.5 19.2 201.3 1.71 41.18 11.6
4704 1627459188 0 7 $GNGGA,075948.000,4423.93669,N,00855.34731,E,1,09,0.9,-6.2,M,44.7,M,,*63
4705 1627459188 0 7 $GNGGA,075949.000,4423.93741,N,00855.34780,E,1,09,0.9,-5.7,M,44.7,M,,*65
4706 1627459189 0 7 $GNGGA,075950.000,4423.93829,N,00855.34813,E,1,09,0.9,-5.8,M,44.7,M,,*66
4707 1627459190 0 3 2.53 0.00
4708 1627459191 0 4 2.52 1.37
4709 1627459191 0 5 0.03
4710 1627459191 0 6 0.09
4711 1627459191 0 8 4.98 12.30 11.89
4712 1627459191 0 1 0.679
4713 1627459191 0 0 25.31 8.28 212.5 61.28 100.5 6.33 151.3 19.2 200.9 1.73 41.17 11.6
4714 1627459191 0 7 $GNGGA,075951.000,4423.93910,N,00855.34840,E,1,09,0.9,-5.6,M,44.7,M,,*64
4715 1627459191 0 7 $GNGGA,075952.000,4423.93983,N,00855.34901,E,1,09,0.9,-5.1,M,44.7,M,,*6E
4716 1627459192 0 7 $GNGGA,075953.000,4423.94062,N,00855.34943,E,1,09,0.9,-4.8,M,44.7,M,,*60
4717 1627459193 0 3 2.52 0.00
4718 1627459194 0 4 2.52 1.34
4719 1627459194 0 5 0.03
4720 1627459194 0 6 0.11
4721 1627459194 0 8 4.98 12.29 11.87
4722 1627459194 0 1 0.573
4723 1627459194 0 0 25.30 8.28 212.5 61.28 100.5 6.33 151.4 19.2 201.6 1.74 41.17 11.7
4724 1627459194 0 7 $GNGGA,075954.000,4423.94146,N,00855.34971,E,1,09,0.9,-4.4,M,44.7,M,,*6D
4725 1627459194 0 7 $GNGGA,075955.000,4423.94230,N,00855.34992,E,1,09,0.9,-4.3,M,44.7,M,,*64
4726 1627459195 0 7 $GNGGA,075956.000,4423.94309,N,00855.35036,E,1,09,0.9,-4.4,M,44.7,M,,*6D
4727 1627459196 0 3 2.52 0.00
4728 1627459197 0 4 2.52 1.35
4729 1627459197 0 5 0.03
4730 1627459197 0 6 0.12
4731 1627459197 0 8 4.98 12.30 11.87
4732 1627459197 0 1 0.635
4733 1627459197 0 0 25.29 8.28 212.4 61.34 100.5 6.33 151.5 19.2 201.8 1.74 41.22 11.6
4734 1627459197 0 7 $GNGGA,075957.000,4423.94397,N,00855.35096,E,1,09,0.9,-4.3,M,44.7,M,,*66
4735 1627459197 0 7 $GNGGA,075958.000,4423.94490,N,00855.35128,E,1,09,0.9,-4.4,M,44.7,M,,*6A
4736 1627459198 0 7 $GNGGA,075959.000,4423.94585,N,00855.35148,E,1,09,0.9,-4.6,M,44.7,M,,*6A
4737 1627459199 0 3 2.53 0.00
4738 1627459200 0 4 2.52 1.35
4739 1627459200 0 5 0.03
4740 1627459200 0 6 0.12
4741 1627459200 0 8 4.98 12.29 11.84
4742 1627459200 0 1 0.836
4743 1627459200 0 0 25.30 8.28 212.5 61.38 100.5 6.33 151.2 19.2 200.7 1.72 41.25 11.6
4744 1627459200 0 7 $GNGGA,080000.000,4423.94682,N,00855.35173,E,1,09,0.9,-4.7,M,44.7,M,,*68
4745 1627459200 0 7 $GNGGA,080001.000,4423.94770,N,00855.35206,E,1,09,0.9,-4.8,M,44.7,M,,*6B
4746 1627459201 0 7 $GNGGA,080002.000,4423.94846,N,00855.35264,E,1,09,0.9,-4.7,M,44.7,M,,*69
4747 1627459202 0 3 2.52 0.00
4748 1627459203 0 4 2.52 1.35
4749 1627459203 0 5 0.03
4750 1627459203 0 6 0.11
4751 1627459203 0 8 4.98 12.29 11.87
4752 1627459203 0 1 0.648
4753 1627459203 0 0 25.34 8.28 212.4 61.37 100.6 6.33 151.1 19.2 200.1 1.72 41.24 11.6
4754 1627459203 0 7 $GNGGA,080003.000,4423.94922,N,00855.35322,E,1,09,0.9,-4.6,M,44.7,M,,*69
4755 1627459203 0 7 $GNGGA,080004.000,4423.94997,N,00855.35381,E,1,09,0.9,-4.6,M,44.7,M,,*69
4756 1627459204 0 7 $GNGGA,080005.000,4423.95070,N,00855.35445,E,1,09,0.9,-4.6,M,44.7,M,,*66
4757 1627459205 0 3 2.53 0.00
4758 1627459206 0 4 2.52 1.35
4759 1627459206 0 5 0.03
4760 1627459206 0 6 0.10
4761 1627459206 0 8 4.98 12.29 11.87
4762 1627459206 0 1 1.294
4763 1627459206 0 0 25.36 8.28 212.5 61.31 100.6 6.33 150.8 19.2 200.7 1.74 41.19 11.6
4764 1627459206 0 7 $GNGGA,080006.000,4423.95161,N,00855.35506,E,1,09,0.9,-4.7,M,44.7,M,,*63
4765 1627459206 0 7 $GNGGA,080007.000,4423.95248,N,00855.35531,E,1,09,0.9,-4.9,M,44.7,M,,*60
4766 1627459207 0 7 $GNGGA,080008.000,4423.95333,N,00855.35528,E,1,09,0.9,-5.3,M,44.7,M,,*61
4767 1627459208 0 3 2.52 0.00
4768 1627459209 0 4 2.52 1.35
4769 1627459209 0 5 0.03
4770 1627459209 0 6 0.08
4771 1627459209 0 8 4.98 12.29 11.87
4772 1627459209 0 1 0.683
4773 1627459209 0 0 25.34 8.28 212.4 61.31 100.6 6.33 151.1 19.2 201.1 1.78 41.19 11.6
4774 1627459209 0 7 $GNGGA,080009.000,4423.95431,N,00855.35528,E,1,09,0.9,-5.7,M,44.7,M,,*61
4775 1627459209 0 7 $GNGGA,080010.000,4423.95514,N,00855.35542,E,1,09,0.9,-5.9,M,44.7,M,,*6D
4776 1627459210 0 7 $GNGGA,080011.000,4423.95586,N,00855.35556,E,1,09,0.9,-6.2,M,44.7,M,,*6A
4777 1627459211 0 3 2.53 0.00
4780 1627459212 0 6 0.12
4781 1627459212 0 8 4.97 12.29 11.87
4782 1627459212 0 1 0.657
4783 1627459212 0 0 25.34 8.28 212.4 61.26 100.6 6.33 150.9 19.2 201.6 1.79 41.16 11.6
4784 1627459212 0 7 $GNGGA,080012.000,4423.95654,N,00855.35551,E,1,09,0.9,-6.5,M,44.7,M,,*65
4785 1627459212 0 7 $GNGGA,080013.000,4423.95728,N,00855.35540,E,1,09,0.9,-7.0,M,44.7,M,,*6A
4786 1627459213 0 7 $GNGGA,080014.000,4423.95803,N,00855.35542,E,1,09,0.9,-7.2,M,44.7,M,,*6B
4787 1627459214 0 3 2.53 0.00
4788 1627459215 0 4 2.52 1.35
4789 1627459215 0 5 0.03
4790 1627459215 0 6 0.12
4791 1627459215 0 8 4.98 12.29 11.87
4792 1627459215 0 1 0.605
4793 1627459215 0 0 25.34 8.28 212.4 61.32 100.6 6.33 151.2 19.2 201.4 1.78 41.21 11.6
4794 1627459215 0 7 $GNGGA,080015.000,4423.95864,N,00855.35532,E,1,09,0.9,-7.6,M,44.7,M,,*68
4795 1627459215 0 7 $GNGGA,080016.000,4423.95923,N,00855.35510,E,1,09,0.9,-7.9,M,44.7,M,,*66
4796 1627459216 0 7 $GNGGA,080017.000,4423.95996,N,00855.35509,E,1,09,0.9,-8.2,M,44.7,M,,*65
4797 1627459217 0 3 2.52 0.00
4798 1627459218 0 4 2.52 1.35
4799 1627459218 0 5 0.03
4800 1627459218 0 6 0.12
4801 1627459218 0 8 4.98 12.29 11.87
4802 1627459218 0 1 0.684
4803 1627459218 0 0 25.34 8.28 212.3 61.31 100.6 6.33 151.0 19.2 201.1 1.80 41.20 11.6
4804 1627459218 0 7 $GNGGA,080018.000,4423.96086,N,00855.35511,E,1,09,0.9,-8.2,M,44.7,M,,*68
4805 1627459218 0 7 $GNGGA,080019.000,4423.96167,N,00855.35521,E,1,09,0.9,-8.1,M,44.7,M,,*67
4806 1627459219 0 7 $GNGGA,080020.000,4423.96239,N,00855.35544,E,1,09,0.9,-8.1,M,44.7,M,,*66
4807 1627459220 0 3 2.53 0.00
4808 1627459221 0 4 2.52 1.35
4809 1627459221 0 5 0.03
4810 1627459221 0 6 0.11
4811 1627459221 0 8 4.97 12.14 11.84
4812 1627459221 0 1 0.627
4813 1627459221 0 0 25.32 8.28 212.3 61.28 100.6 6.34 151.2 19.2 201.4 1.82 41.18 11.6
4814 1627459221 0 7 $GNGGA,080021.000,4423.96307,N,00855.35582,E,1,09,0.9,-8.2,M,44.7,M,,*62
4815 1627459221 0 7 $GNGGA,080022.000,4423.96382,N,00855.35611,E,1,09,0.9,-8.6,M,44.7,M,,*61
4816 1627459222 0 7 $GNGGA,080023.000,4423.96475,N,00855.35638,E,1,09,0.9,-9.1,M,44.7,M,,*62
4817 1627459223 0 3 2.53 0.00
4818 1627459224 0 4 2.52 1.34
4819 1627459224 0 5 0.03
4820 1627459224 0 6 0.10
4821 1627459224 0 8 4.97 12.29 11.87
4822 1627459224 0 1 0.697
4823 1627459224 0 0 25.32 8.28 212.4 61.31 100.7 6.34 151.4 19.2 201.3 1.81 41.19 11.6
4824 1627459224 0 7 $GNGGA,080024.000,4423.96568,N,00855.35660,E,1,09,0.9,-9.3,M,44.7,M,,*67
4825 1627459224 0 7 $GNGGA,080025.000,4423.96661,N,00855.35675,E,1,09,0.9,-9.7,M,44.7,M,,*6C
4826 1627459225 0 7 $GNGGA,080026.000,4423.96755,N,00855.35692,E,1,09,0.9,-9.6,M,44.7,M,,*61
4827 1627459226 0 3 2.53 0.00
4828 1627459227 0 4 2.52 1.35
4829 1627459227 0 5 0.03
4830 1627459227 0 6 0.10
4831 1627459227 0 8 4.98 12.29 11.87
4832 1627459227 0 1 0.846
4833 1627459227 0 0 25.30 8.28 212.3 61.32 100.7 6.34 151.4 19.2 201.6 1.80 41.20 11.6
4834 1627459227 0 7 $GNGGA,080027.000,4423.96835,N,00855.35697,E,1,09,0.9,-9.6,M,44.7,M,,*6C
4835 1627459227 0 7 $GNGGA,080028.000,4423.96928,N,00855.35688,E,1,09,0.9,-9.3,M,44.7,M,,*65
4836 1627459228 0 7 $GNGGA,080029.000,4423.97020,N,00855.35683,E,1,09,0.9,-9.3,M,44.7,M,,*6F
4837 1627459229 0 3 2.53 0.00
4838 1627459230 0 4 2.52 1.35
4839 1627459230 0 5 0.03
4840 1627459230 0 6 0.11
4841 1627459230 0 8 4.97 12.14 11.84
4842 1627459230 0 1 0.666
4843 1627459230 0 0 25.30 8.28 212.3 61.35 100.7 6.34 151.2 19.2 201.6 1.81 41.23 11.6
4844 1627459230 0 7 $GNGGA,080030.000,4423.97110,N,00855.35686,E,1,09,0.9,-9.3,M,44.7,M,,*60
4845 1627459230 0 7 $GNGGA,080031.000,4423.97197,N,00855.35659,E,1,09,0.9,-9.3,M,44.7,M,,*6C
4846 1627459231 0 7 $GNGGA,080032.000,4423.97279,N,00855.35612,E,1,09,0.9,-9.8,M,44.7,M,,*68
4847 1627459232 0 3 2.53 0.00
4848 1627459233 0 4 2.52 1.35
4849 1627459233 0 5 0.03
4850 1627459233 0 6 0.10
4851 1627459233 0 8 4.98 12.29 11.87
4852 1627459233 0 1 1.440
4853 1627459233 0 0 25.29 8.28 212.2 61.36 100.6 6.34 151.4 19.2 202.0 1.81 41.24 11.6
4854 1627459233 0 7 $GNGGA,080033.000,4423.97356,N,00855.35596,E,1,09,0.9,-10.6,M,44.7,M,,*5C
4855 1627459233 0 7 $GNGGA,080034.000,4423.97446,N,00855.35629,E,1,09,0.9,-10.6,M,44.7,M,,*5A
4856 1627459234 0 7 $GNGGA,080035.000,4423.97547,N,00855.35660,E,1,09,0.9,-10.7,M,44.7,M,,*57
4857 1627459235 0 3 2.53 0.00
4858 1627459236 0 4 2.52 1.35
4859 1627459236 0 5 0.03
4860 1627459236 0 6 0.11
4861 1627459236 0 8 4.97 12.14 11.84
4862 1627459236 0 1 0.669
4863 1627459236 0 0 25.30 8.28 212.2 61.30 100.7 6.34 151.4 19.2 201.5 1.82 41.19 11.6
4864 1627459236 0 7 $GNGGA,080036.000,4423.97650,N,00855.35688,E,1,09,0.9,-11.1,M,44.7,M,,*50
4865 1627459236 0 7 $GNGGA,080037.000,4423.97750,N,00855.35688,E,1,09,0.9,-11.3,M,44.7,M,,*52
4866 1627459237 0 7 $GNGGA,080038.000,4423.97863,N,00855.35711,E,1,09,0.9,-11.6,M,44.7,M,,*56
4867 1627459238 0 3 2.53 0.00
4868 1627459239 0 4 2.52 1.35
4869 1627459239 0 5 0.03
4870 1627459239 0 6 0.11
4871 1627459239 0 8 4.97 12.14 11.84
4872 1627459239 0 1 0.682
4873 1627459239 0 0 25.31 8.28 212.1 61.35 100.7 6.34 151.3 19.2 201.5 1.78 41.23 11.6
4874 1627459239 0 7 $GNGGA,080039.000,4423.97963,N,00855.35740,E,1,09,0.9,-11.8,M,44.7,M,,*5C
4875 1627459239 0 7 $GNGGA,080040.000,4423.98040,N,00855.35758,E,1,09,0.9,-11.4,M,44.7,M,,*50
4876 1627459240 0 7 $GNGGA,080041.000,4423.98134,N,00855.35753,E,1,09,0.9,-11.1,M,44.7,M,,*5D
4877 1627459241 0 3 2.52 0.00
4878 1627459242 0 4 2.52 1.35
4879 1627459242 0 5 0.03
4880 1627459242 0 6 0.12
4881 1627459242 0 8 4.98 12.28 11.87
4882 1627459242 0 1 0.642
4883 1627459242 0 0 25.32 8.28 212.2 61.37 100.7 6.34 151.0 19.2 201.1 1.78 41.24 11.6
4884 1627459242 0 7 $GNGGA,080042.000,4423.98245,N,00855.35749,E,1,09,0.9,-11.5,M,44.7,M,,*54
4885 1627459242 0 7 $GNGGA,080043.000,4423.98353,N,00855.35746,E,1,09,0.9,-11.5,M,44.7,M,,*5C
4886 1627459243 0 7 $GNGGA,080044.000,4423.98473,N,00855.35770,E,1,09,0.9,-11.3,M,44.7,M,,*5D
4887 1627459244 0 3 2.53 0.00
4888 1627459245 0 4 2.52 1.35
4889 1627459245 0 5 0.03
4890 1627459245 0 6 0.11
4891 1627459245 0 8 4.98 12.28 11.87
4892 1627459245 0 1 0.649
4893 1627459245 0 0 25.31 8.28 212.2 61.31 100.8 6.35 151.2 19.2 201.0 1.84 41.20 11.6
4894 1627459245 0 7 $GNGGA,080045.000,4423.98586,N,00855.35782,E,1,09,0.9,-11.4,M,44.7,M,,*5D
4895 1627459245 0 7 $GNGGA,080046.000,4423.98676,N,00855.35812,E,1,09,0.9,-11.4,M,44.7,M,,*54
4896 1627459246 0 7 $GNGGA,080047.000,4423.98764,N,00855.35811,E,1,09,0.9,-11.3,M,44.7,M,,*53
4897 1627459247 0 3 2.53 0.00
4898 1627459248 0 4 2.52 1.35
4899 1627459248 0 5 0.03
4900 1627459248 0 6 0.10
4901 1627459248 0 8 4.98 12.29 11.87
4902 1627459248 0 1 0.623
4903 1627459248 0 0 25.32 8.28 212.1 61.36 100.8 6.35 151.1 19.2 201.3 1.81 41.23 11.6
4904 1627459248 0 7 $GNGGA,080048.000,4423.98842,N,00855.35796,E,1,09,0.9,-11.4,M,44.7,M,,*50
4905 1627459248 0 7 $GNGGA,080049.000,4423.98917,N,00855.35781,E,1,09,0.9,-11.4,M,44.7,M,,*56
4906 1627459249 0 7 $GNGGA,080050.000,4423.98999,N,00855.35761,E,1,09,0.9,-11.2,M,44.7,M,,*50
4907 1627459250 0 3 2.53 0.00
4908 1627459251 0 4 2.52 1.35
4909 1627459251 0 5 0.03
4910 1627459251 0 6 0.13
4911 1627459251 0 8 4.98 12.28 11.87
4912 1627459251 0 1 0.672
4913 1627459251 0 0 25.31 8.28 212.1 61.35 100.8 6.35 151.3 19.2 201.1 1.77 41.23 11.6
4914 1627459251 0 7 $GNGGA,080051.000,4423.99078,N,00855.35738,E,1,09,0.9,-11.0,M,44.7,M,,*58
4915 1627459251 0 7 $GNGGA,080052.000,4423.99167,N,00855.35728,E,1,09,0.9,-10.7,M,44.7,M,,*53
4916 1627459252 0 7 $GNGGA,080053.000,4423.99246,N,00855.35717,E,1,09,0.9,-10.7,M,44.7,M,,*5E
4917 1627459253 0 3 2.53 0.00
4918 1627459254 0 4 2.52 1.35
4919 1627459254 0 5 0.03
4920 1627459254 0 6 0.12
4921 1627459254 0 8 4.98 12.28 11.87
4922 1627459254 0 1 0.967
4923 1627459254 0 0 25.32 8.28 212.1 61.30 100.8 6.35 151.3 19.2 201.7 1.74 41.19 11.6
4924 1627459254 0 7 $GNGGA,080054.000,4423.99331,N,00855.35689,E,1,09,0.9,-10.8,M,44.7,M,,*51
4925 1627459254 0 7 $GNGGA,080055.000,4423.99419,N,00855.35654,E,1,09,0.9,-10.8,M,44.7,M,,*5D
4926 1627459255 0 7 $GNGGA,080056.000,4423.99503,N,00855.35624,E,1,09,0.9,-10.9,M,44.7,M,,*52
4927 1627459256 0 3 2.52 0.00
4928 1627459257 0 4 2.52 1.35
4929 1627459257 0 5 0.03
4930 1627459257 0 6 0.12
4931 1627459257 0 8 4.98 12.28 11.89
4932 1627459257 0 1 0.636
4933 1627459257 0 0 25.30 8.28 212.1 61.35 100.8 6.35 151.4 19.2 201.5 1.74 41.23 11.6
4934 1627459257 0 7 $GNGGA,080057.000,4423.99583,N,00855.35593,E,1,09,0.9,-11.1,M,44.7,M,,*5D
4935 1627459257 0 7 $GNGGA,080058.000,4423.99673,N,00855.35556,E,1,09,0.9,-11.3,M,44.7,M,,*55
4936 1627459258 0 7 $GNGGA,080059.000,4423.99753,N,00855.35519,E,1,09,0.9,-11.4,M,44.7,M,,*5B
4937 1627459259 0 3 2.53 0.00
4938 1627459260 0 4 2.52 1.35
4939 1627459260 0 5 0.03
4940 1627459260 0 6 0.11
4941 1627459260 0 8 4.97 12.29 11.87
4942 1627459260 0 1 1.365
4943 1627459260 0 0 25.31 8.28 212.1 61.32 100.8 6.35 151.2 19.2 201.4 1.76 41.20 11.6
4944 1627459260 0 7 $GNGGA,080100.000,4423.99820,N,00855.35472,E,1,09,0.9,-11.6,M,44.7,M,,*53
4945 1627459260 0 7 $GNGGA,080101.000,4423.99895,N,00855.35420,E,1,09,0.9,-11.9,M,44.7,M,,*54
4946 1627459261 0 7 $GNGGA,080102.000,4423.99990,N,00855.35370,E,1,09,0.9,-12.5,M,44.7,M,,*5E
4947 1627459262 0 3 2.52 0.00
4948 1627459263 0 4 2.52 1.35
4949 1627459263 0 5 0.03
4950 1627459263 0 6 0.07
4951 1627459263 0 8 4.98 12.28 11.87
4952 1627459263 0 1 0.681
4953 1627459263 0 0 25.32 8.27 212.1 61.31 100.8 6.35 151.3 19.2 201.1 1.71 41.20 11.6
4954 1627459263 0 7 $GNGGA,080103.000,4424.00092,N,00855.35350,E,1,09,0.9,-13.1,M,44.7,M,,*54
4955 1627459263 0 7 $GNGGA,080104.000,4424.00191,N,00855.35355,E,1,09,0.9,-13.9,M,44.7,M,,*5C
4956 1627459264 0 7 $GNGGA,080105.000,4424.00273,N,00855.35338,E,1,09,0.9,-14.3,M,44.7,M,,*54
4957 1627459266 0 3 2.53 0.00
4958 1627459266 0 4 2.52 1.35
4959 1627459266 0 5 0.03
4960 1627459266 0 6 0.12
4961 1627459266 0 8 4.98 12.28 11.87
4962 1627459266 0 1 0.697
4963 1627459266 0 0 25.35 8.27 212.0 61.28 100.8 6.35 150.9 19.2 201.1 1.66 41.17 11.5
4964 1627459266 0 7 $GNGGA,080106.000,4424.00343,N,00855.35323,E,1,09,0.9,-14.6,M,44.7,M,,*5A
4965 1627459266 0 7 $GNGGA,080107.000,4424.00404,N,00855.35312,E,1,09,0.9,-14.7,M,44.7,M,,*5C
4966 1627459267 0 7 $GNGGA,080108.000,4424.00462,N,00855.35278,E,1,09,0.9,-14.4,M,44.7,M,,*5D
4967 1627459268 0 3 2.52 0.00
4968 1627459269 0 4 2.52 1.35
4969 1627459269 0 5 0.03
4970 1627459269 0 6 0.13
4971 1627459269 0 8 4.97 12.29 11.87
4972 1627459269 0 1 0.867
4973 1627459269 0 0 25.31 8.27 212.1 61.38 100.8 6.35 151.4 19.1 202.1 1.71 41.25 11.4
4974 1627459269 0 7 $GNGGA,080109.000,4424.00517,N,00855.35237,E,1,09,0.9,-14.0,M,44.7,M,,*50
4975 1627459269 0 7 $GNGGA,080110.000,4424.00592,N,00855.35196,E,1,09,0.9,-13.9,M,44.7,M,,*53
4976 1627459270 0 7 $GNGGA,080111.000,4424.00668,N,00855.35143,E,1,09,0.9,-13.8,M,44.7,M,,*5D
4977 1627459271 0 3 2.53 0.00
4978 1627459272 0 4 2.52 1.35
4979 1627459272 0 5 0.03
4980 1627459272 0 6 0.12
4981 1627459272 0 8 4.98 12.29 11.87
4982 1627459272 0 1 0.793
4983 1627459272 0 0 25.32 8.27 212.2 61.33 100.9 6.35 151.2 19.2 201.4 1.75 41.21 11.3
4984 1627459272 0 7 $GNGGA,080112.000,4424.00747,N,00855.35078,E,1,09,0.9,-14.3,M,44.7,M,,*57
4985 1627459272 0 7 $GNGGA,080113.000,4424.00831,N,00855.35022,E,1,09,0.9,-14.5,M,44.7,M,,*51
4986 1627459273 0 7 $GNGGA,080114.000,4424.00920,N,00855.34968,E,1,09,0.9,-14.9,M,44.7,M,,*5D
4987 1627459274 0 3 2.53 0.00
4988 1627459274 0 4 2.52 1.36
4989 1627459274 0 5 0.03
4990 1627459274 0 6 0.12
4991 1627459274 0 8 4.98 12.28 11.87
4992 1627459274 0 1 0.727
4993 1627459275 0 0 25.32 8.26 212.2 61.35 100.9 6.35 151.2 19.1 201.2 1.75 41.22 11.3
4994 1627459275 0 7 $GNGGA,080115.000,4424.01018,N,00855.34922,E,1,09,0.9,-15.0,M,44.7,M,,*59
4995 1627459275 0 7 $GNGGA,080116.000,4424.01115,N,00855.34878,E,1,09,0.9,-15.1,M,44.7,M,,*59
4996 1627459276 0 7 $GNGGA,080117.000,4424.01187,N,00855.34854,E,1,09,0.9,-15.3,M,44.7,M,,*5F
4997 1627459277 0 3 2.52 0.00
4998 1627459277 0 4 2.52 1.36
4999 1627459277 0 5 0.03
5000 1627459277 0 6 0.13
5001 1627459277 0 8 4.97 12.28 11.87
5002 1627459277 0 1 0.873
5003 1627459278 0 0 25.30 8.27 212.1 61.36 100.9 6.36 151.4 19.1 201.8 1.76 41.24 11.3
5004 1627459278 0 7 $GNGGA,080118.000,4424.01250,N,00855.34851,E,1,09,0.9,-15.3,M,44.7,M,,*5C
5005 1627459278 0 7 $GNGGA,080119.000,4424.01320,N,00855.34838,E,1,09,0.9,-15.2,M,44.7,M,,*55
5006 1627459279 0 2 0.03920000 1.71689996 1.14059996 0.01320000 2.65709996 0.00390000 0.03600000 0.17369999 1.00000000 92.04100036
5007 1627459279 0 7 $GNGGA,080120.000,4424.01392,N,00855.34797,E,1,09,0.9,-15.4,M,44.7,M,,*5A
5008 1627459280 0 3 2.52 0.00
5009 1627459280 0 4 2.52 1.38
5010 1627459280 0 5 0.03
5011 1627459280 0 6 0.12
5012 1627459280 0 8 4.98 12.29 11.87
5013 1627459280 0 1 1.183
5014 1627459281 0 0 25.32 8.26 212.1 61.34 100.9 6.35 151.1 19.1 201.4 1.74 41.22 11.3
5015 1627459281 0 7 $GNGGA,080121.000,4424.01459,N,00855.34762,E,1,09,0.9,-15.3,M,44.7,M,,*56
5016 1627459281 0 7 $GNGGA,080122.000,4424.01517,N,00855.34716,E,1,09,0.9,-15.5,M,44.7,M,,*5B
5017 1627459282 0 7 $GNGGA,080123.000,4424.01591,N,00855.34647,E,1,09,0.9,-15.4,M,44.7,M,,*50
5018 1627459283 0 3 2.53 0.00
5019 1627459283 0 4 2.52 1.41
5020 1627459283 0 5 0.03
5021 1627459283 0 6 0.12
5022 1627459283 0 8 4.98 12.28 11.84
5023 1627459284 0 1 0.858
5024 1627459284 0 0 25.32 8.26 212.1 61.32 100.8 6.35 151.0 19.1 201.3 1.74 41.20 11.3
5025 1627459284 0 7 $GNGGA,080124.000,4424.01677,N,00855.34610,E,1,09,0.9,-15.2,M,44.7,M,,*58
5026 1627459284 0 7 $GNGGA,080125.000,4424.01749,N,00855.34558,E,1,09,0.9,-15.0,M,44.7,M,,*58
5027 1627459285 0 7 $GNGGA,080126.000,4424.01810,N,00855.34528,E,1,09,0.9,-15.0,M,44.7,M,,*5F
5028 1627459286 0 3 2.53 0.00
5029 1627459286 0 4 2.52 1.41
5030 1627459286 0 5 0.03
5031 1627459286 0 6 0.12
5032 1627459286 0 8 4.97 12.28 11.87
5033 1627459286 0 1 1.724
5034 1627459287 0 0 25.34 8.26 212.1 61.27 100.8 6.35 151.0 19.1 201.6 1.73 41.16 11.2
5035 1627459287 0 7 $GNGGA,080127.000,4424.01886,N,00855.34473,E,1,09,0.9,-15.3,M,44.7,M,,*5D
5036 1627459287 0 7 $GNGGA,080128.000,4424.01974,N,00855.34403,E,1,09,0.9,-15.5,M,44.7,M,,*5F
5037 1627459288 0 7 $GNGGA,080129.000,4424.02047,N,00855.34373,E,1,09,0.9,-15.3,M,44.7,M,,*52
5038 1627459289 0 3 2.53 0.00
5039 1627459289 0 4 2.52 1.41
5040 1627459289 0 5 0.03
5041 1627459289 0 6 0.10
5042 1627459290 0 8 4.98 12.27 11.87
5043 1627459290 0 1 0.893
5044 1627459290 0 0 25.34 8.26 212.1 61.33 100.8 6.34 151.0 19.1 201.2 1.73 41.21 11.2
5045 1627459290 0 7 $GNGGA,080130.000,4424.02114,N,00855.34359,E,1,09,0.9,-15.1,M,44.7,M,,*57
5046 1627459290 0 7 $GNGGA,080131.000,4424.02193,N,00855.34325,E,1,09,0.9,-14.7,M,44.7,M,,*55
5047 1627459291 0 7 $GNGGA,080132.000,4424.02289,N,00855.34307,E,1,09,0.9,-14.7,M,44.7,M,,*5E
5048 1627459292 0 3 2.52 0.00
5049 1627459292 0 4 2.52 1.41
5050 1627459292 0 5 0.03
5051 1627459292 0 6 0.10
5052 1627459292 0 8 4.97 12.27 11.87
5053 1627459292 0 1 0.974
5054 1627459293 0 0 25.33 8.26 212.1 61.32 100.7 6.34 151.1 19.1 201.2 1.69 41.20 11.1
5055 1627459293 0 7 $GNGGA,080133.000,4424.02365,N,00855.34289,E,1,09,0.9,-14.3,M,44.7,M,,*5F
5056 1627459293 0 7 $GNGGA,080134.000,4424.02462,N,00855.34283,E,1,09,0.9,-14.2,M,44.7,M,,*53
5057 1627459294 0 7 $GNGGA,080135.000,4424.02546,N,00855.34245,E,1,09,0.9,-13.7,M,44.7,M,,*5D
5058 1627459295 0 3 2.52 0.00
5059 1627459295 0 4 2.52 1.41
5060 1627459295 0 5 0.03
5061 1627459295 0 6 0.11
5062 1627459296 0 8 4.98 12.26 11.87
5063 1627459296 0 1 0.937
5064 1627459296 0 0 25.33 8.26 212.2 61.30 100.6 6.34 151.1 19.1 201.5 1.71 41.19 11.1
5065 1627459296 0 7 $GNGGA,080136.000,4424.02611,N,00855.34192,E,1,09,0.9,-13.1,M,44.7,M,,*50
5066 1627459296 0 7 $GNGGA,080137.000,4424.02665,N,00855.34144,E,1,09,0.9,-12.4,M,44.7,M,,*5D
5067 1627459297 0 7 $GNGGA,080138.000,4424.02721,N,00855.34104,E,1,09,0.9,-11.8,M,44.7,M,,*58
5068 1627459298 0 3 2.52 0.00
5069 1627459298 0 4 2.52 1.41
5070 1627459298 0 5 0.03
5071 1627459298 0 6 0.11
5072 1627459298 0 8 4.98 12.26 11.87
5073 1627459298 0 1 0.914
5074 1627459299 0 0 25.34 8.26 212.0 61.36 100.6 6.33 150.9 19.1 201.2 1.69 41.24 11.1
5075 1627459299 0 7 $GNGGA,080139.000,4424.02783,N,00855.34057,E,1,09,0.9,-11.4,M,44.7,M,,*5A
5076 1627459299 0 7 $GNGGA,080140.000,4424.02832,N,00855.33991,E,1,09,0.9,-11.1,M,44.7,M,,*50
5077 1627459300 0 7 $GNGGA,080141.000,4424.02892,N,00855.33916,E,1,09,0.9,-10.5,M,44.7,M,,*51
5078 1627459301 0 3 2.52 0.00
5079 1627459301 0 4 2.52 1.41
5080 1627459301 0 5 0.03
5081 1627459301 0 6 0.13
5082 1627459301 0 8 4.97 12.26 11.87
5083 1627459301 0 1 0.972
5084 1627459302 0 0 25.33 8.26 212.0 61.33 100.6 6.33 151.1 19.1 201.6 1.70 41.21 11.1
5085 1627459302 0 7 $GNGGA,080142.000,4424.02949,N,00855.33857,E,1,09,0.9,-9.8,M,44.7,M,,*64
5086 1627459302 0 7 $GNGGA,080143.000,4424.03006,N,00855.33809,E,1,09,0.9,-9.1,M,44.7,M,,*64
5087 1627459303 0 7 $GNGGA,080144.000,4424.03066,N,00855.33771,E,1,09,0.9,-8.8,M,44.7,M,,*6D
5088 1627459304 0 3 2.52 0.00
5089 1627459304 0 4 2.52 1.40
5090 1627459304 0 5 0.03
5091 1627459304 0 6 0.13
5092 1627459304 0 8 4.97 12.26 11.87
5093 1627459304 0 1 1.016
5094 1627459305 0 0 25.34 8.25 212.1 61.25 100.5 6.33 151.0 19.1 201.6 1.67 41.15 11.0
5095 1627459305 0 7 $GNGGA,080145.000,4424.03122,N,00855.33733,E,1,09,0.9,-8.9,M,44.7,M,,*6A
5096 1627459305 0 7 $GNGGA,080146.000,4424.03194,N,00855.33675,E,1,09,0.9,-9.4,M,44.7,M,,*6B
5097 1627459306 0 7 $GNGGA,080147.000,4424.03245,N,00855.33629,E,1,09,0.9,-9.3,M,44.7,M,,*6B
5098 1627459307 0 3 2.52 0.00
5099 1627459307 0 4 2.52 1.41
5100 1627459307 0 5 0.03
5101 1627459307 0 6 0.13
5102 1627459307 0 8 4.98 12.26 11.87
5103 1627459307 0 1 1.466
5104 1627459308 0 0 25.32 8.25 212.1 61.32 100.5 6.33 151.1 19.1 202.1 1.69 41.20 11.0
5105 1627459308 0 7 $GNGGA,080148.000,4424.03320,N,00855.33579,E,1,09,0.9,-9.0,M,44.7,M,,*63
5106 1627459308 0 7 $GNGGA,080149.000,4424.03409,N,00855.33518,E,1,09,0.9,-8.6,M,44.7,M,,*6E
5107 1627459309 0 7 $GNGGA,080150.000,4424.03484,N,00855.33461,E,1,09,0.9,-8.0,M,44.7,M,,*6A
5108 1627459310 0 3 2.52 0.00
5109 1627459310 0 4 2.52 1.41
5110 1627459310 0 5 0.03
5111 1627459310 0 6 0.11
5112 1627459310 0 8 4.98 12.26 11.87
5113 1627459310 0 1 1.137
5114 1627459311 0 0 25.31 8.25 212.1 61.31 100.5 6.33 151.2 19.1 201.5 1.72 41.20 10.9
5115 1627459311 0 7 $GNGGA,080151.000,4424.03540,N,00855.33401,E,1,09,0.9,-7.4,M,44.7,M,,*6F
5116 1627459311 0 7 $GNGGA,080152.000,4424.03622,N,00855.33357,E,1,09,0.9,-6.8,M,44.7,M,,*62
5117 1627459312 0 7 $GNGGA,080153.000,4424.03703,N,00855.33311,E,1,09,0.9,-6.5,M,44.7,M,,*6E
5118 1627459313 0 3 2.52 0.00
5119 1627459313 0 4 2.52 1.41
5120 1627459313 0 5 0.03
5121 1627459313 0 6 0.10
5122 1627459313 0 8 4.98 12.25 11.87
5123 1627459313 0 1 1.894
5124 1627459314 0 0 25.33 8.25 212.1 61.29 100.4 6.32 151.2 19.1 201.4 1.68 41.18 10.9
5125 1627459314 0 7 $GNGGA,080154.000,4424.03782,N,00855.33273,E,1,09,0.9,-6.3,M,44.7,M,,*63
5126 1627459314 0 7 $GNGGA,080155.000,4424.03857,N,00855.33241,E,1,09,0.9,-6.0,M,44.7,M,,*67
5127 1627459315 0 7 $GNGGA,080156.000,4424.03926,N,00855.33217,E,1,09,0.9,-5.5,M,44.7,M,,*66
5128 1627459316 0 3 2.52 0.00
5129 1627459316 0 4 2.52 1.41
5130 1627459316 0 5 0.03
5131 1627459316 0 6 0.10
5132 1627459316 0 8 4.98 12.26 11.87
5133 1627459316 0 1 1.162
5134 1627459317 0 0 25.32 8.25 212.1 61.28 100.4 6.32 151.2 19.1 201.8 1.63 41.17 10.8
5135 1627459317 0 7 $GNGGA,080157.000,4424.03994,N,00855.33210,E,1,09,0.9,-4.8,M,44.7,M,,*65
5136 1627459317 0 7 $GNGGA,080158.000,4424.04067,N,00855.33183,E,1,09,0.9,-4.6,M,44.7,M,,*6F
5137 1627459318 0 7 $GNGGA,080159.000,4424.04139,N,00855.33170,E,1,09,0.9,-4.2,M,44.7,M,,*6C
5138 1627459319 0 3 2.52 0.00
5139 1627459319 0 4 2.52 1.41
5140 1627459319 0 5 0.03
5141 1627459319 0 6 0.13
5142 1627459319 0 8 4.98 12.26 11.87
5143 1627459319 0 1 1.422
5144 1627459320 0 0 25.29 8.25 212.0 61.27 100.4 6.32 151.4 19.1 202.3 1.65 41.17 10.9
5145 1627459320 0 7 $GNGGA,080200.000,4424.04228,N,00855.33133,E,1,09,0.9,-4.0,M,44.7,M,,*65
5146 1627459320 0 7 $GNGGA,080201.000,4424.04312,N,00855.33094,E,1,09,0.9,-3.7,M,44.7,M,,*60
5147 1627459321 0 7 $GNGGA,080202.000,4424.04391,N,00855.33083,E,1,09,0.9,-3.3,M,44.7,M,,*6A
5148 1627459322 0 3 2.52 0.00
5149 1627459322 0 4 2.52 1.41
5150 1627459322 0 5 0.03
5151 1627459322 0 6 0.09
5152 1627459322 0 8 4.97 12.26 11.87
5153 1627459322 0 1 1.524
5154 1627459323 0 0 25.28 8.24 212.0 61.18 100.4 6.33 151.3 19.1 201.9 1.69 41.10 10.7
5155 1627459323 0 7 $GNGGA,080203.000,4424.04484,N,00855.33048,E,1,09,0.9,-3.1,M,44.7,M,,*6D
5156 1627459323 0 7 $GNGGA,080204.000,4424.04588,N,00855.33003,E,1,09,0.9,-3.2,M,44.7,M,,*6B
5157 1627459324 0 7 $GNGGA,080205.000,4424.04690,N,00855.32965,E,1,09,0.9,-3.3,M,44.7,M,,*69
5158 1627459325 0 3 2.52 0.00
5159 1627459325 0 4 2.52 1.41
5160 1627459325 0 5 0.03
5161 1627459325 0 6 0.09
5162 1627459325 0 8 4.98 12.25 11.87
5163 1627459325 0 1 1.463
5164 1627459326 0 0 25.29 8.24 212.0 61.19 100.3 6.32 151.3 19.1 202.0 1.63 41.11 10.7
5165 1627459326 0 7 $GNGGA,080206.000,4424.04778,N,00855.32933,E,1,09,0.9,-3.3,M,44.7,M,,*6E
5166 1627459326 0 7 $GNGGA,080207.000,4424.04870,N,00855.32903,E,1,09,0.9,-3.2,M,44.7,M,,*6A
5167 1627459327 0 7 $GNGGA,080208.000,4424.04961,N,00855.32866,E,1,09,0.9,-3.3,M,44.7,M,,*67
5168 1627459328 0 3 2.52 0.00
5169 1627459328 0 4 2.52 1.41
5170 1627459328 0 5 0.03
5171 1627459328 0 6 0.12
5172 1627459328 0 8 4.97 12.24 11.84
5173 1627459329 0 1 1.358
5174 1627459329 0 0 25.29 8.24 212.0 61.28 100.3 6.32 151.3 19.1 201.7 1.58 41.17 10.7
5175 1627459329 0 7 $GNGGA,080209.000,4424.05043,N,00855.32821,E,1,09,0.9,-3.7,M,44.7,M,,*69
5176 1627459329 0 7 $GNGGA,080210.000,4424.05127,N,00855.32789,E,1,09,0.9,-3.9,M,44.7,M,,*61
5177 1627459330 0 7 $GNGGA,080211.000,4424.05221,N,00855.32732,E,1,09,0.9,-4.1,M,44.7,M,,*6A
5178 1627459331 0 3 2.52 0.00
5179 1627459331 0 4 2.52 1.38
5180 1627459331 0 5 0.03
5181 1627459331 0 6 0.13
5182 1627459331 0 8 4.98 12.24 11.87
5183 1627459331 0 1 1.378
5184 1627459332 0 0 25.31 8.24 212.0 61.26 100.3 6.32 151.1 19.1 201.8 1.61 41.16 10.7
5185 1627459332 0 7 $GNGGA,080212.000,4424.05314,N,00855.32696,E,1,09,0.9,-4.3,M,44.7,M,,*63
5186 1627459332 0 7 $GNGGA,080213.000,4424.05406,N,00855.32671,E,1,09,0.9,-4.5,M,44.7,M,,*69
5187 1627459333 0 7 $GNGGA,080214.000,4424.05487,N,00855.32647,E,1,09,0.9,-4.4,M,44.7,M,,*63
5188 1627459334 0 3 2.52 0.00
5189 1627459334 0 4 2.52 1.37
5190 1627459334 0 5 0.03
5191 1627459334 0 6 0.12
5192 1627459334 0 8 4.98 12.23 11.87
5193 1627459334 0 1 1.514
5194 1627459335 0 0 25.31 8.24 212.0 61.29 100.2 6.31 151.1 19.1 201.6 1.66 41.18 10.7
5195 1627459335 0 7 $GNGGA,080215.000,4424.05560,N,00855.32625,E,1,09,0.9,-4.5,M,44.7,M,,*6F
5196 1627459335 0 7 $GNGGA,080216.000,4424.05644,N,00855.32621,E,1,09,0.9,-4.7,M,44.7,M,,*6F
5197 1627459336 0 7 $GNGGA,080217.000,4424.05722,N,00855.32592,E,1,09,0.9,-4.7,M,44.7,M,,*64
5198 1627459337 0 3 2.52 0.00
5199 1627459337 0 4 2.52 1.37
5200 1627459337 0 5 0.03
5201 1627459337 0 6 0.12
5202 1627459337 0 8 4.98 12.23 11.87
5203 1627459337 0 1 1.636
5204 1627459338 0 0 25.28 8.24 211.9 61.28 100.2 6.31 151.4 19.1 202.4 1.66 41.18 10.7
5205 1627459338 0 7 $GNGGA,080218.000,4424.05797,N,00855.32561,E,1,09,0.9,-4.8,M,44.7,M,,*66
5206 1627459338 0 7 $GNGGA,080219.000,4424.05881,N,00855.32541,E,1,09,0.9,-4.7,M,44.7,M,,*62
5207 1627459339 0 7 $GNGGA,080220.000,4424.05957,N,00855.32504,E,1,09,0.9,-4.6,M,44.7,M,,*62
5208 1627459340 0 3 2.52 0.00
5209 1627459340 0 4 2.52 1.37
5210 1627459340 0 5 0.03
5211 1627459340 0 6 0.14
5212 1627459340 0 8 4.98 12.08 11.84
5213 1627459340 0 1 2.280
5214 1627459341 0 0 25.27 8.24 211.9 61.24 100.1 6.31 151.5 19.1 202.1 1.63 41.14 10.7
5215 1627459341 0 7 $GNGGA,080221.000,4424.06021,N,00855.32463,E,1,09,0.9,-4.4,M,44.7,M,,*6A
5216 1627459341 0 7 $GNGGA,080222.000,4424.06086,N,00855.32422,E,1,09,0.9,-4.1,M,44.7,M,,*64
5217 1627459342 0 7 $GNGGA,080223.000,4424.06167,N,00855.32388,E,1,09,0.9,-3.9,M,44.7,M,,*63
5218 1627459343 0 3 2.52 0.00
5219 1627459343 0 4 2.52 1.37
5220 1627459343 0 5 0.03
5221 1627459343 0 6 0.13
5222 1627459343 0 8 4.98 12.23 11.87
5223 1627459343 0 1 1.520
5224 1627459344 0 0 25.27 8.24 211.9 61.27 100.0 6.31 151.4 19.1 201.8 1.62 41.17 10.7
5225 1627459344 0 7 $GNGGA,080224.000,4424.06257,N,00855.32360,E,1,09,0.9,-3.8,M,44.7,M,,*63
5226 1627459344 0 7 $GNGGA,080225.000,4424.06347,N,00855.32330,E,1,09,0.9,-3.8,M,44.7,M,,*67
5227 1627459345 0 7 $GNGGA,080226.000,4424.06429,N,00855.32295,E,1,09,0.9,-3.5,M,44.7,M,,*68
5228 1627459346 0 7 $GNGGA,080227.000,4424.06519,N,00855.32265,E,1,09,0.9,-3.5,M,44.7,M,,*64
5229 1627459346 0 3 2.53 0.00
5230 1627459346 0 4 2.52 1.36
5231 1627459346 0 5 0.03
5232 1627459346 0 6 0.10
5233 1627459347 0 8 4.98 12.22 11.87
5234 1627459347 0 1 1.449
5235 1627459347 0 0 25.29 8.24 211.9 61.34 100.0 6.30 151.2 19.1 201.9 1.61 41.22 10.7
5236 1627459347 0 7 $GNGGA,080228.000,4424.06603,N,00855.32242,E,1,09,0.9,-3.5,M,44.7,M,,*66
5237 1627459348 0 7 $GNGGA,080229.000,4424.06688,N,00855.32225,E,1,09,0.9,-3.3,M,44.7,M,,*63
5238 1627459349 0 3 2.52 0.00
5239 1627459349 0 4 2.52 1.36
5240 1627459349 0 5 0.03
5241 1627459349 0 6 0.10
5242 1627459349 0 8 4.97 12.07 11.84
5243 1627459350 0 1 1.470
5244 1627459350 0 0 25.27 8.24 211.8 61.30 100.0 6.30 151.4 19.1 202.1 1.63 41.19 10.7
5245 1627459350 0 7 $GNGGA,080230.000,4424.06778,N,00855.32214,E,1,09,0.9,-3.0,M,44.7,M,,*64
5246 1627459350 0 7 $GNGGA,080231.000,4424.06869,N,00855.32199,E,1,09,0.9,-2.9,M,44.7,M,,*64
5247 1627459351 0 7 $GNGGA,080232.000,4424.06960,N,00855.32184,E,1,09,0.9,-3.0,M,44.7,M,,*6B
5248 1627459352 0 3 2.53 0.00
5249 1627459352 0 4 2.52 1.36
5250 1627459352 0 5 0.03
5251 1627459352 0 6 0.10
5252 1627459352 0 8 4.98 12.23 11.89
5253 1627459353 0 1 1.602
5254 1627459353 0 0 25.28 8.24 211.8 61.28 99.9 6.30 151.2 19.1 201.9 1.63 41.18 10.6
5255 1627459353 0 7 $GNGGA,080233.000,4424.07039,N,00855.32173,E,1,09,0.9,-3.1,M,44.7,M,,*67
5256 1627459353 0 7 $GNGGA,080234.000,4424.07125,N,00855.32138,E,1,09,0.9,-3.1,M,44.7,M,,*63
5257 1627459354 0 7 $GNGGA,080235.000,4424.07216,N,00855.32092,E,1,09,0.9,-3.3,M,44.7,M,,*62
5258 1627459355 0 7 $GNGGA,080236.000,4424.07307,N,00855.32064,E,1,09,0.9,-3.3,M,44.7,M,,*69
5259 1627459355 0 3 2.53 0.00
5260 1627459355 0 4 2.52 1.36
5261 1627459355 0 5 0.03
5262 1627459355 0 6 0.13
5263 1627459356 0 8 4.98 12.14 11.84
5264 1627459356 0 1 1.489
5265 1627459356 0 0 25.28 8.24 211.6 61.28 99.9 6.30 151.1 19.1 201.5 1.61 41.17 10.6
5266 1627459356 0 7 $GNGGA,080237.000,4424.07393,N,00855.32044,E,1,09,0.9,-3.1,M,44.7,M,,*65
5267 1627459357 0 7 $GNGGA,080238.000,4424.07478,N,00855.32023,E,1,09,0.9,-2.8,M,44.7,M,,*61
5268 1627459358 0 7 $GNGGA,080239.000,4424.07570,N,00855.31976,E,1,09,0.9,-2.9,M,44.7,M,,*62
5269 1627459358 0 3 2.52 0.00
5270 1627459358 0 4 2.52 1.36
5271 1627459358 0 5 0.03
5272 1627459358 0 6 0.12
5273 1627459359 0 8 4.98 12.07 11.87
5274 1627459359 0 1 1.544
5275 1627459359 0 0 25.28 8.24 211.6 61.29 99.9 6.30 151.2 19.1 201.7 1.65 41.18 10.6
5276 1627459359 0 7 $GNGGA,080240.000,4424.07660,N,00855.31925,E,1,09,0.9,-2.9,M,44.7,M,,*68
5277 1627459360 0 7 $GNGGA,080241.000,4424.07755,N,00855.31879,E,1,09,0.9,-3.0,M,44.7,M,,*6E
5278 1627459361 0 3 2.52 0.00
5279 1627459361 0 4 2.52 1.36
5280 1627459361 0 5 0.03
5281 1627459361 0 6 0.13
5282 1627459361 0 8 4.98 12.20 11.87
5283 1627459362 0 1 1.911
5284 1627459362 0 0 25.28 8.24 211.6 61.25 99.8 6.29 151.3 19.1 201.9 1.67 41.15 10.6
5285 1627459362 0 7 $GNGGA,080242.000,4424.07850,N,00855.31846,E,1,09,0.9,-3.2,M,44.7,M,,*69
5286 1627459362 0 7 $GNGGA,080243.000,4424.07957,N,00855.31795,E,1,09,0.9,-3.1,M,44.7,M,,*6C
5287 1627459363 0 7 $GNGGA,080244.000,4424.08060,N,00855.31768,E,1,09,0.9,-2.9,M,44.7,M,,*62
5288 1627459364 0 3 2.52 0.00
5289 1627459364 0 4 2.52 1.36
5290 1627459364 0 5 0.03
5291 1627459364 0 6 0.13
5292 1627459364 0 8 4.98 12.21 11.87
5293 1627459365 0 1 1.832
5294 1627459365 0 0 25.28 8.24 211.5 61.25 99.8 6.29 151.0 19.1 202.0 1.65 41.15 10.6
5295 1627459365 0 7 $GNGGA,080245.000,4424.08160,N,00855.31747,E,1,09,0.9,-2.7,M,44.7,M,,*61
5296 1627459365 0 7 $GNGGA,080246.000,4424.08256,N,00855.31742,E,1,09,0.9,-2.4,M,44.7,M,,*62
5297 1627459366 0 7 $GNGGA,080247.000,4424.08349,N,00855.31738,E,1,09,0.9,-2.1,M,44.7,M,,*64
5298 1627459367 0 7 $GNGGA,080248.000,4424.08435,N,00855.31742,E,1,09,0.9,-1.9,M,44.7,M,,*61
5299 1627459367 0 3 2.52 0.00
5300 1627459367 0 4 2.52 1.36
5301 1627459367 0 5 0.03
5302 1627459367 0 6 0.12
5303 1627459368 0 8 4.98 12.21 11.87
5304 1627459368 0 1 2.359
5305 1627459368 0 0 25.29 8.23 211.5 61.13 99.7 6.29 151.0 19.1 201.7 1.61 41.06 10.5
5306 1627459368 0 7 $GNGGA,080249.000,4424.08521,N,00855.31744,E,1,09,0.9,-1.7,M,44.7,M,,*6C
5307 1627459369 0 7 $GNGGA,080250.000,4424.08603,N,00855.31738,E,1,09,0.9,-1.6,M,44.7,M,,*6D
5308 1627459370 0 7 $GNGGA,080251.000,4424.08682,N,00855.31725,E,1,09,0.9,-1.7,M,44.7,M,,*68
5309 1627459370 0 3 2.53 0.00
5310 1627459370 0 4 2.52 1.36
5311 1627459370 0 5 0.03
5312 1627459370 0 6 0.09
5313 1627459371 0 8 4.98 12.20 11.87
5314 1627459371 0 1 1.769
5315 1627459371 0 0 25.29 8.23 211.6 61.25 99.7 6.28 151.0 19.1 201.7 1.59 41.15 10.5
5316 1627459371 0 7 $GNGGA,080252.000,4424.08772,N,00855.31703,E,1,09,0.9,-1.7,M,44.7,M,,*61
5317 1627459372 0 7 $GNGGA,080253.000,4424.08876,N,00855.31659,E,1,09,0.9,-1.8,M,44.7,M,,*6A
5318 1627459373 0 7 $GNGGA,080254.000,4424.08987,N,00855.31636,E,1,09,0.9,-1.5,M,44.7,M,,*66
5319 1627459373 0 3 2.52 0.00
5320 1627459373 0 4 2.52 1.37
5321 1627459373 0 5 0.03
5322 1627459373 0 6 0.11
5323 1627459373 0 8 4.97 12.18 11.87
5324 1627459374 0 1 1.687
5325 1627459374 0 0 25.30 8.24 211.5 61.21 99.7 6.28 151.0 19.1 201.5 1.60 41.12 10.5
5326 1627459374 0 7 $GNGGA,080255.000,4424.09079,N,00855.31640,E,1,09,0.9,-1.4,M,44.7,M,,*6E
5327 1627459375 0 7 $GNGGA,080256.000,4424.09155,N,00855.31634,E,1,09,0.9,-1.4,M,44.7,M,,*61
5328 1627459376 0 7 $GNGGA,080257.000,4424.09233,N,00855.31615,E,1,09,0.9,-1.6,M,44.7,M,,*62
5329 1627459376 0 3 2.52 0.00
5330 1627459376 0 4 2.52 1.37
5331 1627459376 0 5 0.03
5332 1627459376 0 6 0.11
5333 1627459376 0 8 4.98 12.20 11.87
5334 1627459377 0 1 1.839
5335 1627459377 0 0 25.27 8.24 211.5 61.27 99.6 6.28 151.2 19.1 201.8 1.56 41.16 10.5
5336 1627459377 0 7 $GNGGA,080258.000,4424.09314,N,00855.31606,E,1,09,0.9,-1.8,M,44.7,M,,*65
5337 1627459378 0 7 $GNGGA,080259.000,4424.09388,N,00855.31605,E,1,09,0.9,-2.0,M,44.7,M,,*69
5338 1627459379 0 7 $GNGGA,080300.000,4424.09467,N,00855.31611,E,1,09,0.9,-2.1,M,44.7,M,,*66
5339 1627459379 0 3 2.52 0.00
5340 1627459379 0 4 2.52 1.38
5341 1627459379 0 5 0.03
5342 1627459379 0 6 0.10
5343 1627459380 0 8 4.98 12.20 11.87
5344 1627459380 0 1 1.917
5345 1627459380 0 0 25.28 8.24 211.4 61.14 99.6 6.28 151.1 19.1 201.8 1.58 41.07 10.5
5346 1627459380 0 7 $GNGGA,080301.000,4424.09561,N,00855.31612,E,1,09,0.9,-1.9,M,44.7,M,,*68
5347 1627459381 0 7 $GNGGA,080302.000,4424.09653,N,00855.31606,E,1,09,0.9,-1.7,M,44.7,M,,*62
5348 1627459382 0 7 $GNGGA,080303.000,4424.09746,N,00855.31605,E,1,09,0.9,-1.6,M,44.7,M,,*64
5349 1627459382 0 3 2.52 0.00
5350 1627459382 0 4 2.52 1.38
5351 1627459382 0 5 0.03
5352 1627459382 0 6 0.13
5353 1627459383 0 8 4.98 12.20 11.87
5354 1627459383 0 1 1.811
5355 1627459383 0 0 25.31 8.23 211.4 61.21 99.7 6.28 150.8 19.1 201.5 1.59 41.12 10.5
5356 1627459383 0 7 $GNGGA,080304.000,4424.09830,N,00855.31625,E,1,09,0.9,-1.6,M,44.7,M,,*6F
5357 1627459384 0 7 $GNGGA,080305.000,4424.09921,N,00855.31626,E,1,09,0.9,-1.5,M,44.7,M,,*6F
5358 1627459385 0 7 $GNGGA,080306.000,4424.10017,N,00855.31636,E,1,09,0.9,-1.5,M,44.7,M,,*69
5359 1627459385 0 3 2.52 0.00
5360 1627459385 0 4 2.52 1.37
5361 1627459385 0 5 0.03
5362 1627459385 0 6 0.12
5363 1627459386 0 8 4.98 12.19 11.87
5364 1627459386 0 1 2.230
5365 1627459386 0 0 25.27 8.24 211.3 61.26 99.7 6.28 151.1 19.0 202.1 1.57 41.16 10.5
5366 1627459386 0 7 $GNGGA,080307.000,4424.10111,N,00855.31660,E,1,09,0.9,-1.5,M,44.7,M,,*6C
5367 1627459387 0 7 $GNGGA,080308.000,4424.10199,N,00855.31663,E,1,09,0.9,-1.1,M,44.7,M,,*64
5368 1627459388 0 7 $GNGGA,080309.000,4424.10286,N,00855.31648,E,1,09,0.9,-1.1,M,44.7,M,,*61
5369 1627459388 0 3 2.52 0.00
5370 1627459388 0 4 2.52 1.37
5371 1627459388 0 5 0.03
5372 1627459388 0 6 0.11
5373 1627459388 0 8 4.97 12.19 11.87
5374 1627459389 0 1 2.010
5375 1627459389 0 0 25.29 8.23 211.3 61.25 99.7 6.28 151.0 19.1 201.8 1.53 41.15 10.5
5376 1627459389 0 7 $GNGGA,080310.000,4424.10381,N,00855.31641,E,1,09,0.9,-1.3,M,44.7,M,,*64
5377 1627459390 0 7 $GNGGA,080311.000,4424.10472,N,00855.31617,E,1,09,0.9,-1.6,M,44.7,M,,*68
5378 1627459391 0 7 $GNGGA,080312.000,4424.10564,N,00855.31584,E,1,09,0.9,-1.9,M,44.7,M,,*6B
5379 1627459391 0 3 2.52 0.00
5380 1627459391 0 4 2.52 1.37
5381 1627459391 0 5 0.03
5382 1627459391 0 6 0.12
5383 1627459392 0 8 4.97 12.20 11.87
5384 1627459392 0 1 1.707
5385 1627459392 0 0 25.30 8.24 211.3 61.21 99.7 6.28 151.1 19.1 201.9 1.56 41.12 10.5
5386 1627459392 0 7 $GNGGA,080313.000,4424.10657,N,00855.31569,E,1,09,0.9,-2.3,M,44.7,M,,*63
5387 1627459393 0 7 $GNGGA,080314.000,4424.10742,N,00855.31578,E,1,09,0.9,-2.5,M,44.7,M,,*67
5388 1627459394 0 7 $GNGGA,080315.000,4424.10829,N,00855.31565,E,1,09,0.9,-2.9,M,44.7,M,,*64
5389 1627459394 0 3 2.52 0.00
5390 1627459394 0 4 2.52 1.37
5391 1627459394 0 5 0.03
5392 1627459394 0 6 0.12
5393 1627459394 0 8 4.98 12.20 11.87
5394 1627459395 0 1 2.339
5395 1627459395 0 0 25.29 8.23 211.2 61.19 99.6 6.28 151.0 19.1 202.3 1.62 41.11 10.5
5396 1627459395 0 7 $GNGGA,080316.000,4424.10910,N,00855.31554,E,1,09,0.9,-3.0,M,44.7,M,,*66
5397 1627459396 0 7 $GNGGA,080317.000,4424.10985,N,00855.31552,E,1,09,0.9,-2.9,M,44.7,M,,*65
5398 1627459397 0 7 $GNGGA,080318.000,4424.11052,N,00855.31546,E,1,09,0.9,-2.9,M,44.7,M,,*6D
5399 1627459397 0 3 2.53 0.00
5400 1627459397 0 4 2.52 1.37
5401 1627459397 0 5 0.03
5402 1627459397 0 6 0.12
5403 1627459398 0 8 4.98 12.20 11.87
5404 1627459398 0 1 1.728
5405 1627459398 0 0 25.26 8.23 211.2 61.14 99.6 6.29 151.4 19.1 201.9 1.62 41.07 10.5
5406 1627459398 0 7 $GNGGA,080319.000,4424.11120,N,00855.31542,E,1,09,0.9,-2.6,M,44.7,M,,*63
5407 1627459399 0 2 0.04470000 1.99930000 1.24269998 0.01540000 2.70300006 0.00390000 0.04019999 0.19809999 1.00000000 91.15200042
5408 1627459399 0 7 $GNGGA,080320.000,4424.11208,N,00855.31534,E,1,09,0.9,-2.2,M,44.7,M,,*65
5409 1627459400 0 3 2.52 0.00
5411 1627459400 0 5 0.03
5412 1627459400 0 6 0.12
5413 1627459400 0 8 4.98 12.20 11.87
5414 1627459401 0 1 1.794
5415 1627459401 0 0 25.26 8.23 211.2 61.23 99.7 6.28 151.3 19.0 202.1 1.62 41.14 10.5
5416 1627459401 0 7 $GNGGA,080321.000,4424.11309,N,00855.31544,E,1,09,0.9,-1.6,M,44.7,M,,*64
5417 1627459401 0 7 $GNGGA,080322.000,4424.11388,N,00855.31559,E,1,09,0.9,-1.2,M,44.7,M,,*66
5418 1627459402 0 7 $GNGGA,080323.000,4424.11462,N,00855.31567,E,1,09,0.9,-1.1,M,44.7,M,,*6A
5419 1627459403 0 7 $GNGGA,080324.000,4424.11532,N,00855.31558,E,1,09,0.9,-1.0,M,44.7,M,,*64
5420 1627459403 0 3 2.52 0.00
5421 1627459403 0 4 2.52 1.37
5422 1627459403 0 5 0.03
5423 1627459403 0 6 0.13
5424 1627459404 0 8 4.98 12.18 11.87
5425 1627459404 0 1 1.742
5426 1627459404 0 0 25.28 8.23 211.1 61.22 99.6 6.28 151.0 19.1 201.8 1.61 41.13 10.5
5427 1627459404 0 7 $GNGGA,080325.000,4424.11599,N,00855.31559,E,1,09,0.9,-0.7,M,44.7,M,,*63
5428 1627459405 0 7 $GNGGA,080326.000,4424.11671,N,00855.31571,E,1,09,0.9,-0.6,M,44.7,M,,*6E
5429 1627459406 0 7 $GNGGA,080327.000,4424.11746,N,00855.31582,E,1,09,0.9,-0.6,M,44.7,M,,*66
5430 1627459406 0 3 2.52 0.00
5431 1627459406 0 4 2.52 1.37
5432 1627459406 0 5 0.03
5433 1627459406 0 6 0.12
5434 1627459407 0 8 4.98 12.23 11.87
5435 1627459407 0 1 1.716
5436 1627459407 0 0 25.29 8.23 211.1 61.19 99.6 6.28 150.9 19.1 201.8 1.62 41.10 10.5
5437 1627459407 0 7 $GNGGA,080328.000,4424.11819,N,00855.31589,E,1,09,0.9,-0.5,M,44.7,M,,*64
5438 1627459408 0 7 $GNGGA,080329.000,4424.11906,N,00855.31582,E,1,09,0.9,-0.3,M,44.7,M,,*67
5439 1627459409 0 7 $GNGGA,080330.000,4424.12001,N,00855.31572,E,1,09,0.9,-0.1,M,44.7,M,,*6F
5440 1627459409 0 3 2.52 0.00
5441 1627459409 0 4 2.52 1.38
5442 1627459409 0 5 0.03
5443 1627459409 0 6 0.10
5444 1627459410 0 8 4.97 12.16 11.87
5445 1627459410 0 1 1.650
5446 1627459410 0 0 25.26 8.23 211.1 61.22 99.6 6.28 151.3 19.0 202.6 1.61 41.13 10.5
5447 1627459410 0 7 $GNGGA,080331.000,4424.12095,N,00855.31576,E,1,09,0.9,0.1,M,44.7,M,,*4A
5448 1627459411 0 7 $GNGGA,080332.000,4424.12183,N,00855.31585,E,1,09,0.9,0.4,M,44.7,M,,*46
5449 1627459412 0 7 $GNGGA,080333.000,4424.12278,N,00855.31597,E,1,09,0.9,0.8,M,44.7,M,,*4F
5450 1627459412 0 3 2.52 0.00
5451 1627459412 0 4 2.52 1.38
5452 1627459412 0 5 0.03
5453 1627459412 0 6 0.08
5454 1627459413 0 8 4.98 12.19 11.87
5455 1627459413 0 1 1.776
5456 1627459413 0 0 25.26 8.23 211.1 61.14 99.6 6.29 151.3 19.0 202.4 1.57 41.07 10.5
5457 1627459413 0 7 $GNGGA,080334.000,4424.12382,N,00855.31605,E,1,09,0.9,1.4,M,44.7,M,,*49
5458 1627459414 0 7 $GNGGA,080335.000,4424.12485,N,00855.31616,E,1,09,0.9,1.5,M,44.7,M,,*4B
5459 1627459415 0 7 $GNGGA,080336.000,4424.12574,N,00855.31606,E,1,09,0.9,1.5,M,44.7,M,,*46
5460 1627459415 0 3 2.52 0.00
5461 1627459415 0 4 2.52 1.39
5462 1627459415 0 5 0.03
5463 1627459415 0 6 0.11
5464 1627459416 0 8 4.98 12.17 11.87
5465 1627459416 0 1 1.846
5466 1627459416 0 0 25.27 8.23 211.0 61.26 99.6 6.28 151.2 19.1 201.7 1.59 41.16 10.5
5467 1627459416 0 7 $GNGGA,080337.000,4424.12645,N,00855.31612,E,1,09,0.9,1.8,M,44.7,M,,*4E
5468 1627459417 0 7 $GNGGA,080338.000,4424.12730,N,00855.31624,E,1,09,0.9,2.2,M,44.7,M,,*4E
5469 1627459418 0 7 $GNGGA,080339.000,4424.12823,N,00855.31641,E,1,09,0.9,2.2,M,44.7,M,,*41
5470 1627459418 0 3 2.52 0.00
5471 1627459418 0 4 2.52 1.39
5472 1627459418 0 5 0.03
5473 1627459418 0 6 0.08
5474 1627459419 0 8 4.98 12.19 11.87
5475 1627459419 0 1 1.782
5476 1627459419 0 0 25.29 8.23 211.0 61.21 99.6 6.28 151.0 19.1 202.3 1.61 41.12 10.5
5477 1627459419 0 7 $GNGGA,080340.000,4424.12926,N,00855.31655,E,1,09,0.9,2.0,M,44.7,M,,*4C
5478 1627459420 0 7 $GNGGA,080341.000,4424.13017,N,00855.31657,E,1,09,0.9,1.8,M,44.7,M,,*4E
5479 1627459421 0 7 $GNGGA,080342.000,4424.13111,N,00855.31636,E,1,09,0.9,1.6,M,44.7,M,,*43
5480 1627459421 0 3 2.52 0.00
5481 1627459421 0 4 2.52 1.39
5482 1627459421 0 5 0.03
5483 1627459421 0 6 0.13
5484 1627459422 0 8 4.98 12.19 11.87
5485 1627459422 0 1 2.330
5486 1627459422 0 0 25.29 8.23 210.9 61.19 99.6 6.28 151.0 19.1 202.0 1.61 41.10 10.5
5487 1627459422 0 7 $GNGGA,080343.000,4424.13210,N,00855.31609,E,1,09,0.9,1.6,M,44.7,M,,*4C
5488 1627459423 0 7 $GNGGA,080344.000,4424.13305,N,00855.31591,E,1,09,0.9,1.7,M,44.7,M,,*4D
5489 1627459424 0 7 $GNGGA,080345.000,4424.13401,N,00855.31588,E,1,09,0.9,1.8,M,44.7,M,,*48
5490 1627459424 0 3 2.52 0.00
5491 1627459424 0 4 2.52 1.39
5492 1627459424 0 5 0.03
5493 1627459424 0 6 0.11
5494 1627459424 0 8 4.98 12.19 11.87
5495 1627459425 0 1 1.609
5496 1627459425 0 0 25.28 8.23 210.8 61.20 99.5 6.27 151.1 19.1 201.8 1.63 41.12 10.5
5497 1627459425 0 7 $GNGGA,080346.000,4424.13492,N,00855.31605,E,1,09,0.9,1.9,M,44.7,M,,*46
5498 1627459426 0 7 $GNGGA,080347.000,4424.13572,N,00855.31649,E,1,09,0.9,1.9,M,44.7,M,,*40
5499 1627459427 0 7 $GNGGA,080348.000,4424.13648,N,00855.31694,E,1,09,0.9,1.4,M,44.7,M,,*48
5500 1627459427 0 3 2.52 0.00
5501 1627459427 0 4 2.52 1.39
5502 1627459427 0 5 0.03
5503 1627459427 0 6 0.13
5504 1627459427 0 8 4.98 12.20 11.87
5505 1627459428 0 1 1.684
5506 1627459428 0 0 25.26 8.23 210.8 61.23 99.5 6.28 151.3 19.0 202.5 1.64 41.14 10.5
5507 1627459428 0 7 $GNGGA,080349.000,4424.13735,N,00855.31714,E,1,09,0.9,1.1,M,44.7,M,,*4E
5508 1627459429 0 7 $GNGGA,080350.000,4424.13816,N,00855.31710,E,1,09,0.9,0.9,M,44.7,M,,*45
5509 1627459430 0 7 $GNGGA,080351.000,4424.13896,N,00855.31713,E,1,09,0.9,0.8,M,44.7,M,,*4E
5510 1627459430 0 3 2.52 0.00
5511 1627459430 0 4 2.52 1.39
5512 1627459430 0 5 0.03
5513 1627459430 0 6 0.11
5514 1627459431 0 8 4.98 12.17 11.87
5515 1627459431 0 1 1.561
5516 1627459431 0 0 25.27 8.24 210.8 61.27 99.5 6.27 151.2 19.1 202.2 1.60 41.16 10.5
5517 1627459431 0 7 $GNGGA,080352.000,4424.13964,N,00855.31725,E,1,09,0.9,0.7,M,44.7,M,,*4B
5518 1627459432 0 7 $GNGGA,080353.000,4424.14037,N,00855.31729,E,1,09,0.9,0.4,M,44.7,M,,*4D
5519 1627459433 0 7 $GNGGA,080354.000,4424.14125,N,00855.31741,E,1,09,0.9,-0.0,M,44.7,M,,*6F
5520 1627459433 0 3 2.52 0.00
5521 1627459433 0 4 2.52 1.39
5522 1627459433 0 5 0.03
5523 1627459433 0 6 0.08
5524 1627459434 0 8 4.98 12.17 11.87
5525 1627459434 0 1 1.576
5526 1627459434 0 0 25.31 8.23 210.7 61.20 99.5 6.27 150.7 19.1 201.4 1.59 41.11 10.5
5527 1627459434 0 7 $GNGGA,080355.000,4424.14212,N,00855.31751,E,1,09,0.9,-0.3,M,44.7,M,,*6B
5528 1627459435 0 7 $GNGGA,080356.000,4424.14292,N,00855.31735,E,1,09,0.9,-0.6,M,44.7,M,,*67
5529 1627459436 0 7 $GNGGA,080357.000,4424.14371,N,00855.31712,E,1,09,0.9,-0.8,M,44.7,M,,*61
5530 1627459436 0 3 2.53 0.00
5531 1627459436 0 4 2.52 1.39
5532 1627459436 0 5 0.03
5533 1627459436 0 6 0.09
5534 1627459436 0 8 4.98 12.29 11.87
5535 1627459437 0 1 1.507
5536 1627459437 0 0 25.29 8.23 210.7 61.16 99.5 6.27 150.9 19.1 201.9 1.58 41.08 10.4
5537 1627459437 0 7 $GNGGA,080358.000,4424.14446,N,00855.31691,E,1,09,0.9,-1.0,M,44.7,M,,*6E
5538 1627459438 0 7 $GNGGA,080359.000,4424.14515,N,00855.31673,E,1,09,0.9,-1.4,M,44.7,M,,*60
5539 1627459439 0 7 $GNGGA,080400.000,4424.14574,N,00855.31674,E,1,09,0.9,-1.9,M,44.7,M,,*66
5540 1627459439 0 3 2.52 0.00
5541 1627459439 0 4 2.52 1.39
5542 1627459439 0 5 0.03
5543 1627459439 0 6 0.12
5544 1627459439 0 8 4.98 12.29 11.84
5545 1627459440 0 1 1.530
5546 1627459440 0 0 25.29 8.23 210.7 61.29 99.5 6.27 150.9 19.1 201.8 1.60 41.18 10.5
5547 1627459440 0 7 $GNGGA,080401.000,4424.14639,N,00855.31679,E,1,09,0.9,-2.0,M,44.7,M,,*6A
5548 1627459441 0 7 $GNGGA,080402.000,4424.14722,N,00855.31685,E,1,09,0.9,-2.1,M,44.7,M,,*60
5549 1627459442 0 7 $GNGGA,080403.000,4424.14817,N,00855.31679,E,1,09,0.9,-2.1,M,44.7,M,,*6B
5550 1627459442 0 3 2.52 0.00
5551 1627459442 0 4 2.52 1.39
5552 1627459442 0 5 0.03
5553 1627459442 0 6 0.12
5554 1627459442 0 8 4.98 12.29 11.87
5555 1627459443 0 1 1.839
5556 1627459443 0 0 25.30 8.23 210.7 61.18 99.5 6.27 150.8 19.1 201.4 1.62 41.09 10.5
5557 1627459443 0 7 $GNGGA,080404.000,4424.14903,N,00855.31673,E,1,09,0.9,-2.3,M,44.7,M,,*60
5558 1627459444 0 7 $GNGGA,080405.000,4424.14973,N,00855.31686,E,1,09,0.9,-2.8,M,44.7,M,,*67
5559 1627459445 0 7 $GNGGA,080406.000,4424.15039,N,00855.31723,E,1,09,0.9,-3.0,M,44.7,M,,*65
5560 1627459445 0 3 2.53 0.00
5561 1627459445 0 4 2.52 1.39
5562 1627459445 0 5 0.03
5563 1627459445 0 6 0.12
5564 1627459446 0 8 4.98 12.27 11.87
5565 1627459446 0 1 1.646
5566 1627459446 0 0 25.29 8.23 210.6 61.19 99.5 6.27 150.9 19.1 201.7 1.63 41.11 10.5
5567 1627459446 0 7 $GNGGA,080407.000,4424.15113,N,00855.31754,E,1,09,0.9,-3.1,M,44.7,M,,*6C
5568 1627459447 0 7 $GNGGA,080408.000,4424.15206,N,00855.31765,E,1,09,0.9,-3.2,M,44.7,M,,*65
5569 1627459448 0 7 $GNGGA,080409.000,4424.15284,N,00855.31781,E,1,09,0.9,-2.9,M,44.7,M,,*6E
5570 1627459448 0 3 2.52 0.00
5571 1627459448 0 4 2.52 1.39
5572 1627459448 0 5 0.03
5573 1627459448 0 6 0.09
5574 1627459449 0 8 4.98 12.29 11.87
5575 1627459449 0 1 2.240
5576 1627459449 0 0 25.30 8.23 210.6 61.23 99.5 6.27 150.9 19.1 201.9 1.61 41.13 10.5
5577 1627459449 0 7 $GNGGA,080410.000,4424.15360,N,00855.31795,E,1,09,0.9,-2.7,M,44.7,M,,*66
5578 1627459450 0 7 $GNGGA,080411.000,4424.15445,N,00855.31803,E,1,09,0.9,-2.6,M,44.7,M,,*66
5579 1627459451 0 7 $GNGGA,080412.000,4424.15526,N,00855.31792,E,1,09,0.9,-2.5,M,44.7,M,,*65
5580 1627459451 0 3 2.52 0.00
5581 1627459451 0 4 2.52 1.39
5582 1627459451 0 5 0.03
5583 1627459451 0 6 0.11
5584 1627459451 0 8 4.97 12.30 11.87
5585 1627459452 0 1 1.452
5586 1627459452 0 0 25.32 8.23 210.5 61.18 99.5 6.27 150.7 19.1 201.0 1.62 41.10 10.5
5587 1627459452 0 7 $GNGGA,080413.000,4424.15600,N,00855.31782,E,1,09,0.9,-2.4,M,44.7,M,,*63
5588 1627459453 0 7 $GNGGA,080414.000,4424.15677,N,00855.31789,E,1,09,0.9,-2.5,M,44.7,M,,*6E
5589 1627459454 0 7 $GNGGA,080415.000,4424.15751,N,00855.31816,E,1,09,0.9,-2.8,M,44.7,M,,*6E
5590 1627459454 0 3 2.52 0.00
5591 1627459454 0 4 2.52 1.39
5592 1627459454 0 5 0.03
5593 1627459454 0 6 0.09
5594 1627459454 0 8 4.98 12.30 11.84
5595 1627459455 0 1 1.472
5596 1627459455 0 0 25.33 8.23 210.5 61.18 99.5 6.27 150.6 19.1 201.2 1.59 41.10 10.5
5597 1627459455 0 7 $GNGGA,080416.000,4424.15825,N,00855.31815,E,1,09,0.9,-3.0,M,44.7,M,,*6B
5598 1627459456 0 7 $GNGGA,080417.000,4424.15900,N,00855.31797,E,1,09,0.9,-2.8,M,44.7,M,,*60
5599 1627459457 0 7 $GNGGA,080418.000,4424.15988,N,00855.31781,E,1,09,0.9,-2.8,M,44.7,M,,*68
5600 1627459457 0 3 2.52 0.00
5601 1627459457 0 4 2.52 1.42
5602 1627459457 0 5 0.03
5603 1627459457 0 6 0.10
5604 1627459458 0 8 4.98 12.30 11.87
5605 1627459458 0 1 1.406
5606 1627459458 0 0 25.35 8.23 210.4 61.19 99.5 6.27 150.6 19.1 201.1 1.63 41.11 10.5
5607 1627459458 0 7 $GNGGA,080419.000,4424.16086,N,00855.31783,E,1,09,0.9,-2.7,M,44.7,M,,*60
5608 1627459459 0 7 $GNGGA,080420.000,4424.16173,N,00855.31808,E,1,09,0.9,-2.7,M,44.7,M,,*6D
5609 1627459460 0 7 $GNGGA,080421.000,4424.16274,N,00855.31833,E,1,09,0.9,-3.0,M,44.7,M,,*66
5610 1627459460 0 3 2.53 0.00
5611 1627459460 0 4 2.52 1.40
5612 1627459460 0 5 0.03
5613 1627459460 0 6 0.11
5614 1627459461 0 8 4.97 12.16 11.84
5615 1627459461 0 1 1.534
5616 1627459461 0 0 25.30 8.23 210.5 61.12 99.6 6.28 151.0 19.0 202.2 1.66 41.05 10.5
5617 1627459461 0 7 $GNGGA,080422.000,4424.16380,N,00855.31848,E,1,09,0.9,-2.3,M,44.7,M,,*61
5618 1627459462 0 7 $GNGGA,080423.000,4424.16477,N,00855.31837,E,1,09,0.9,-2.1,M,44.7,M,,*65
5619 1627459463 0 7 $GNGGA,080424.000,4424.16562,N,00855.31826,E,1,09,0.9,-1.7,M,44.7,M,,*62
5620 1627459463 0 3 2.52 0.00
5621 1627459463 0 4 2.52 1.40
5622 1627459463 0 5 0.03
5623 1627459463 0 6 0.12
5624 1627459464 0 8 4.97 12.30 11.87
5625 1627459464 0 1 1.394
5626 1627459464 0 0 25.28 8.24 210.3 61.18 99.6 6.28 151.2 19.0 202.2 1.63 41.10 10.7
5627 1627459464 0 7 $GNGGA,080425.000,4424.16644,N,00855.31835,E,1,09,0.9,-1.6,M,44.7,M,,*67
5628 1627459465 0 7 $GNGGA,080426.000,4424.16721,N,00855.31853,E,1,09,0.9,-1.4,M,44.7,M,,*64
5629 1627459466 0 7 $GNGGA,080427.000,4424.16796,N,00855.31866,E,1,09,0.9,-1.2,M,44.7,M,,*69
5630 1627459466 0 3 2.52 0.00
5631 1627459466 0 4 2.52 1.40
5632 1627459466 0 5 0.03
5633 1627459466 0 6 0.12
5634 1627459467 0 8 4.98 12.29 11.87
5635 1627459467 0 1 1.348
5636 1627459467 0 0 25.28 8.24 210.3 61.21 99.6 6.28 151.1 19.1 202.2 1.58 41.12 10.7
5637 1627459467 0 7 $GNGGA,080428.000,4424.16879,N,00855.31871,E,1,09,0.9,-1.2,M,44.7,M,,*6E
5638 1627459468 0 7 $GNGGA,080429.000,4424.16988,N,00855.31864,E,1,09,0.9,-1.1,M,44.7,M,,*67
5639 1627459469 0 7 $GNGGA,080430.000,4424.17102,N,00855.31830,E,1,09,0.9,-1.0,M,44.7,M,,*64
5640 1627459469 0 3 2.53 0.00
5641 1627459469 0 4 2.52 1.40
5642 1627459469 0 5 0.03
5643 1627459469 0 6 0.09
5644 1627459470 0 8 4.98 11.92 11.84
5645 1627459470 0 1 1.583
5646 1627459470 0 0 25.30 8.24 210.1 61.27 99.6 6.28 151.0 19.1 201.6 1.56 41.17 10.7
5647 1627459470 0 7 $GNGGA,080431.000,4424.17216,N,00855.31775,E,1,09,0.9,-1.1,M,44.7,M,,*6C
5648 1627459471 0 7 $GNGGA,080432.000,4424.17329,N,00855.31716,E,1,09,0.9,-1.1,M,44.7,M,,*67
5649 1627459472 0 7 $GNGGA,080433.000,4424.17444,N,00855.31645,E,1,09,0.9,-1.1,M,44.7,M,,*6D
5650 1627459472 0 3 2.53 0.00
5651 1627459472 0 4 2.52 1.41
5652 1627459472 0 5 0.03
5653 1627459472 0 6 0.11
5654 1627459473 0 8 4.98 12.30 11.87
5655 1627459473 0 1 1.388
5656 1627459473 0 0 25.32 8.24 210.1 61.26 99.6 6.27 150.9 19.1 201.6 1.53 41.16 10.6
5657 1627459473 0 7 $GNGGA,080434.000,4424.17542,N,00855.31619,E,1,09,0.9,-1.0,M,44.7,M,,*65
5658 1627459474 0 7 $GNGGA,080435.000,4424.17631,N,00855.31603,E,1,09,0.9,-1.2,M,44.7,M,,*6A
5659 1627459475 0 7 $GNGGA,080436.000,4424.17713,N,00855.31579,E,1,09,0.9,-1.4,M,44.7,M,,*60
5660 1627459475 0 3 2.52 0.00
5661 1627459475 0 4 2.52 1.40
5662 1627459475 0 5 0.03
5663 1627459475 0 6 0.09
5664 1627459476 0 8 4.97 12.15 11.84
5665 1627459476 0 1 2.013
5666 1627459476 0 0 25.32 8.24 210.1 61.25 99.6 6.27 150.8 19.1 201.8 1.57 41.15 10.6
5667 1627459476 0 7 $GNGGA,080437.000,4424.17787,N,00855.31588,E,1,09,0.9,-1.5,M,44.7,M,,*63
5668 1627459477 0 7 $GNGGA,080438.000,4424.17853,N,00855.31603,E,1,09,0.9,-1.6,M,44.7,M,,*69
5669 1627459478 0 7 $GNGGA,080439.000,4424.17915,N,00855.31616,E,1,09,0.9,-1.9,M,44.7,M,,*60
5670 1627459478 0 3 2.52 0.00
5671 1627459478 0 4 2.52 1.41
5672 1627459478 0 5 0.03
5673 1627459478 0 6 0.12
5674 1627459479 0 8 4.98 12.14 11.87
5675 1627459479 0 1 1.251
5676 1627459479 0 0 25.32 8.24 210.1 61.22 99.5 6.27 151.0 19.0 202.3 1.56 41.13 10.7
5677 1627459479 0 7 $GNGGA,080440.000,4424.17978,N,00855.31634,E,1,09,0.9,-2.3,M,44.7,M,,*6C
5678 1627459480 0 7 $GNGGA,080441.000,4424.18043,N,00855.31644,E,1,09,0.9,-2.5,M,44.7,M,,*62
5679 1627459481 0 7 $GNGGA,080442.000,4424.18113,N,00855.31633,E,1,09,0.9,-2.7,M,44.7,M,,*67
5680 1627459481 0 3 2.53 0.00
5681 1627459481 0 4 2.52 1.41
5682 1627459481 0 5 0.03
5683 1627459481 0 6 0.12
5684 1627459482 0 8 4.97 12.28 11.87
5685 1627459482 0 1 1.244
5686 1627459482 0 0 25.33 8.24 210.0 61.21 99.5 6.27 150.8 19.1 201.6 1.58 41.12 10.7
5687 1627459482 0 7 $GNGGA,080443.000,4424.18177,N,00855.31619,E,1,09,0.9,-3.2,M,44.7,M,,*68
5688 1627459483 0 7 $GNGGA,080444.000,4424.18241,N,00855.31607,E,1,09,0.9,-3.7,M,44.7,M,,*63
5689 1627459484 0 7 $GNGGA,080445.000,4424.18318,N,00855.31610,E,1,09,0.9,-4.3,M,44.7,M,,*6A
5690 1627459484 0 3 2.52 0.00
5691 1627459484 0 4 2.52 1.40
5692 1627459484 0 5 0.03
5693 1627459484 0 6 0.11
5694 1627459484 0 8 4.98 12.28 11.87
5695 1627459485 0 1 1.250
5696 1627459485 0 0 25.33 8.24 210.0 61.26 99.5 6.27 150.9 19.0 202.0 1.55 41.16 10.7
5697 1627459485 0 7 $GNGGA,080446.000,4424.18412,N,00855.31598,E,1,09,0.9,-4.8,M,44.7,M,,*6C
5698 1627459486 0 7 $GNGGA,080447.000,4424.18499,N,00855.31587,E,1,09,0.9,-5.2,M,44.7,M,,*6B
5699 1627459487 0 7 $GNGGA,080448.000,4424.18566,N,00855.31596,E,1,09,0.9,-5.6,M,44.7,M,,*61
5700 1627459487 0 3 2.52 0.00
5701 1627459487 0 4 2.52 1.40
5702 1627459487 0 5 0.03
5703 1627459487 0 6 0.06
5704 1627459487 0 8 4.97 12.28 11.87
5705 1627459488 0 1 1.257
5706 1627459488 0 0 25.32 8.24 209.9 61.26 99.5 6.27 151.0 19.1 201.6 1.49 41.15 10.7
5707 1627459488 0 7 $GNGGA,080449.000,4424.18639,N,00855.31603,E,1,09,0.9,-6.2,M,44.7,M,,*61
5708 1627459489 0 7 $GNGGA,080450.000,4424.18705,N,00855.31639,E,1,09,0.9,-6.5,M,44.7,M,,*69
5709 1627459490 0 7 $GNGGA,080451.000,4424.18784,N,00855.31667,E,1,09,0.9,-6.5,M,44.7,M,,*6A
5710 1627459490 0 3 2.52 0.00
5711 1627459490 0 4 2.52 1.40
5713 1627459490 0 6 0.09
5714 1627459490 0 8 4.98 12.27 11.87
5715 1627459491 0 1 1.175
5716 1627459491 0 0 25.33 8.24 209.9 61.27 99.5 6.26 150.9 19.0 201.9 1.50 41.17 10.7
5717 1627459491 0 7 $GNGGA,080452.000,4424.18884,N,00855.31682,E,1,09,0.9,-6.1,M,44.7,M,,*69
5718 1627459492 0 7 $GNGGA,080453.000,4424.18989,N,00855.31678,E,1,09,0.9,-5.6,M,44.7,M,,*65
5719 1627459493 0 7 $GNGGA,080454.000,4424.19093,N,00855.31653,E,1,09,0.9,-5.1,M,44.7,M,,*6F
5720 1627459493 0 3 2.53 0.00
5723 1627459493 0 6 0.10
5724 1627459493 0 8 4.98 12.26 11.87
5725 1627459494 0 1 1.302
5726 1627459494 0 0 25.31 8.24 209.8 61.32 99.5 6.27 151.0 19.0 202.5 1.56 41.20 10.8
5727 1627459494 0 7 $GNGGA,080455.000,4424.19205,N,00855.31634,E,1,09,0.9,-4.1,M,44.7,M,,*63
5728 1627459495 0 7 $GNGGA,080456.000,4424.19292,N,00855.31651,E,1,09,0.9,-3.6,M,44.7,M,,*6D
5729 1627459496 0 7 $GNGGA,080457.000,4424.19364,N,00855.31669,E,1,09,0.9,-3.7,M,44.7,M,,*6E
5730 1627459496 0 3 2.52 0.00
5731 1627459496 0 4 2.52 1.41
5732 1627459496 0 5 0.03
5733 1627459496 0 6 0.14
5734 1627459496 0 8 4.98 12.26 11.84
5735 1627459497 0 1 1.419
5736 1627459497 0 0 25.32 8.25 209.9 61.25 99.5 6.27 151.1 19.0 202.4 1.53 41.15 10.8
5737 1627459497 0 7 $GNGGA,080458.000,4424.19432,N,00855.31684,E,1,09,0.9,-3.6,M,44.7,M,,*67
5738 1627459498 0 7 $GNGGA,080459.000,4424.19511,N,00855.31710,E,1,09,0.9,-3.3,M,44.7,M,,*6F
5739 1627459499 0 7 $GNGGA,080500.000,4424.19585,N,00855.31728,E,1,09,0.9,-3.1,M,44.7,M,,*66
5740 1627459499 0 3 2.52 0.00
5741 1627459499 0 4 2.52 1.40
5742 1627459499 0 5 0.03
5743 1627459499 0 6 0.13
5744 1627459499 0 8 4.98 12.26 11.87
5745 1627459500 0 1 1.298
5747 1627459500 0 7 $GNGGA,080501.000,4424.19658,N,00855.31741,E,1,09,0.9,-2.8,M,44.7,M,,*63
5748 1627459501 0 7 $GNGGA,080502.000,4424.19737,N,00855.31738,E,1,09,0.9,-2.7,M,44.7,M,,*69
5749 1627459502 0 7 $GNGGA,080503.000,4424.19822,N,00855.31716,E,1,09,0.9,-2.6,M,44.7,M,,*6E
5750 1627459502 0 3 2.52 0.00
5751 1627459502 0 4 2.52 1.41
5752 1627459502 0 5 0.03
5753 1627459502 0 6 0.10
5754 1627459502 0 8 4.98 12.27 11.87
5755 1627459503 0 1 1.911
5756 1627459503 0 0 25.32 8.25 209.7 61.26 99.4 6.26 151.1 19.1 202.2 1.57 41.16 10.8
5757 1627459503 0 7 $GNGGA,080504.000,4424.19892,N,00855.31704,E,1,09,0.9,-2.7,M,44.7,M,,*60
5758 1627459504 0 7 $GNGGA,080505.000,4424.19974,N,00855.31690,E,1,09,0.9,-3.0,M,44.7,M,,*62
5759 1627459505 0 7 $GNGGA,080506.000,4424.20058,N,00855.31678,E,1,09,0.9,-2.9,M,44.7,M,,*62
5761 1627459505 0 4 2.52 1.41
5762 1627459505 0 5 0.03
5763 1627459505 0 6 0.08
5764 1627459505 0 8 4.98 12.27 11.87
5765 1627459506 0 1 1.293
5766 1627459506 0 0 25.32 8.25 209.7 61.27 99.4 6.26 150.9 19.0 202.0 1.61 41.16 10.8
5767 1627459506 0 7 $GNGGA,080507.000,4424.20140,N,00855.31671,E,1,09,0.9,-2.9,M,44.7,M,,*62
5768 1627459507 0 7 $GNGGA,080508.000,4424.20221,N,00855.31663,E,1,09,0.9,-3.0,M,44.7,M,,*62
5769 1627459508 0 7 $GNGGA,080509.000,4424.20307,N,00855.31673,E,1,09,0.9,-3.0,M,44.7,M,,*67
5770 1627459508 0 3 2.52 0.00
5771 1627459508 0 4 2.52 1.41
5772 1627459508 0 5 0.03
5773 1627459508 0 6 0.11
5774 1627459508 0 8 4.98 12.26 11.87
5775 1627459509 0 1 1.317
5776 1627459509 0 0 25.31 8.24 209.6 61.22 99.4 6.26 151.0 19.0 202.5 1.61 41.13 10.8
5777 1627459509 0 7 $GNGGA,080510.000,4424.20387,N,00855.31673,E,1,09,0.9,-3.1,M,44.7,M,,*66
5778 1627459510 0 7 $GNGGA,080511.000,4424.20472,N,00855.31668,E,1,09,0.9,-3.4,M,44.7,M,,*65
5779 1627459511 0 7 $GNGGA,080512.000,4424.20556,N,00855.31641,E,1,09,0.9,-3.5,M,44.7,M,,*6B
5780 1627459511 0 3 2.53 0.00
5781 1627459511 0 4 2.52 1.41
5782 1627459511 0 5 0.03
5783 1627459511 0 6 0.13
5784 1627459511 0 8 4.98 12.27 11.87
5785 1627459512 0 1 1.216
5786 1627459512 0 0 25.32 8.24 209.6 61.23 99.4 6.26 151.0 19.0 201.8 1.58 41.14 10.8
5787 1627459512 0 7 $GNGGA,080513.000,4424.20637,N,00855.31610,E,1,09,0.9,-3.4,M,44.7,M,,*6B
5788 1627459513 0 7 $GNGGA,080514.000,4424.20714,N,00855.31589,E,1,09,0.9,-3.5,M,44.7,M,,*6E
5789 1627459514 0 7 $GNGGA,080515.000,4424.20789,N,00855.31577,E,1,09,0.9,-3.8,M,44.7,M,,*67
5790 1627459514 0 3 2.52 0.00
5791 1627459514 0 4 2.52 1.41
5792 1627459514 0 5 0.03
5793 1627459514 0 6 0.12
5795 1627459515 0 1 1.266
5796 1627459515 0 0 25.32 8.25 209.5 61.25 99.4 6.26 150.9 19.0 201.9 1.59 41.15 10.8
5797 1627459515 0 7 $GNGGA,080516.000,4424.20873,N,00855.31550,E,1,09,0.9,-3.9,M,44.7,M,,*6A
5798 1627459516 0 7 $GNGGA,080517.000,4424.20951,N,00855.31539,E,1,09,0.9,-3.9,M,44.7,M,,*65
5799 1627459517 0 7 $GNGGA,080518.000,4424.21019,N,00855.31568,E,1,09,0.9,-3.7,M,44.7,M,,*64
5800 1627459517 0 3 2.52 0.00
5801 1627459517 0 4 2.52 1.41
5802 1627459517 0 5 0.03
5803 1627459517 0 6 0.09
5804 1627459517 0 8 4.98 12.25 11.84
5805 1627459518 0 1 1.292
5806 1627459518 0 0 25.27 8.25 209.5 61.32 99.4 6.27 151.4 19.0 202.8 1.63 41.20 10.8
5807 1627459518 0 7 $GNGGA,080519.000,4424.21096,N,00855.31573,E,1,09,0.9,-3.6,M,44.7,M,,*69
5808 1627459519 0 7 $GNGGA,080520.000,4424.21180,N,00855.31552,E,1,09,0.9,-3.7,M,44.7,M,,*67
5809 1627459519 0 2 0.07710000 1.90400009 1.25479996 0.01460000 2.68039989 0.00720000 0.03970000 0.34159998 1.00000000 91.25499725
5810 1627459520 0 7 $GNGGA,080521.000,4424.21262,N,00855.31523,E,1,09,0.9,-3.9,M,44.7,M,,*61
5811 1627459520 0 3 2.53 0.00
5812 1627459520 0 4 2.52 1.41
5813 1627459520 0 5 0.03
5814 1627459521 0 6 0.08
5815 1627459521 0 8 4.97 12.26 11.87
5816 1627459521 0 1 1.364
5817 1627459521 0 0 25.27 8.25 209.5 61.27 99.4 6.27 151.4 19.0 202.3 1.65 41.17 10.8
5818 1627459521 0 7 $GNGGA,080522.000,4424.21345,N,00855.31498,E,1,09,0.9,-4.2,M,44.7,M,,*6B
5819 1627459522 0 7 $GNGGA,080523.000,4424.21420,N,00855.31473,E,1,09,0.9,-4.4,M,44.7,M,,*6D
5820 1627459523 0 7 $GNGGA,080524.000,4424.21501,N,00855.31456,E,1,09,0.9,-4.8,M,44.7,M,,*63
5821 1627459523 0 3 2.53 0.00
5822 1627459523 0 4 2.52 1.41
5823 1627459523 0 5 0.03
5824 1627459523 0 6 0.12
5825 1627459523 0 8 4.98 12.28 11.87
5826 1627459524 0 1 1.538
5827 1627459524 0 0 25.27 8.25 209.4 61.30 99.4 6.27 151.2 19.0 202.4 1.65 41.19 10.8
5828 1627459524 0 7 $GNGGA,080525.000,4424.21582,N,00855.31444,E,1,09,0.9,-5.0,M,44.7,M,,*63
5829 1627459525 0 7 $GNGGA,080526.000,4424.21663,N,00855.31437,E,1,09,0.9,-5.2,M,44.7,M,,*6A
5830 1627459526 0 7 $GNGGA,080527.000,4424.21744,N,00855.31426,E,1,09,0.9,-5.3,M,44.7,M,,*6E
5831 1627459526 0 3 2.53 0.00
5832 1627459526 0 4 2.52 1.41
5833 1627459526 0 5 0.03
5834 1627459527 0 6 0.11
5835 1627459527 0 8 4.97 12.27 11.87
5837 1627459527 0 0 25.28 8.25 209.4 61.20 99.4 6.27 151.0 19.0 202.2 1.62 41.11 10.8
5838 1627459527 0 7 $GNGGA,080528.000,4424.21823,N,00855.31411,E,1,09,0.9,-5.5,M,44.7,M,,*6D
5839 1627459528 0 7 $GNGGA,080529.000,4424.21901,N,00855.31407,E,1,09,0.9,-5.6,M,44.7,M,,*69
5840 1627459529 0 7 $GNGGA,080530.000,4424.21994,N,00855.31401,E,1,09,0.9,-5.3,M,44.7,M,,*6E
5841 1627459529 0 3 2.53 0.00
5842 1627459529 0 4 2.52 1.41
5843 1627459529 0 5 0.03
5848 1627459530 0 7 $GNGGA,080531.000,4424.22092,N,00855.31395,E,1,09,0.9,-5.1,M,44.7,M,,*6B
5849 1627459531 0 7 $GNGGA,080532.000,4424.22181,N,00855.31394,E,1,09,0.9,-5.0,M,44.7,M,,*6B
5850 1627459532 0 7 $GNGGA,080533.000,4424.22264,N,00855.31390,E,1,09,0.9,-4.8,M,44.7,M,,*6F
5851 1627459532 0 3 2.52 0.00
5853 1627459532 0 5 0.03
5854 1627459533 0 6 0.11
5855 1627459533 0 8 4.98 12.27 11.87
5856 1627459533 0 1 1.452
5857 1627459533 0 0 25.26 8.25 209.4 61.26 99.4 6.27 151.3 19.0 202.7 1.67 41.16 10.8
5858 1627459533 0 7 $GNGGA,080534.000,4424.22336,N,00855.31374,E,1,09,0.9,-4.5,M,44.7,M,,*69
5859 1627459534 0 7 $GNGGA,080535.000,4424.22409,N,00855.31343,E,1,09,0.9,-4.7,M,44.7,M,,*65
5860 1627459535 0 7 $GNGGA,080536.000,4424.22498,N,00855.31294,E,1,09,0.9,-5.3,M,44.7,M,,*60
5861 1627459535 0 3 2.52 0.00
5862 1627459535 0 4 2.52 1.41
5863 1627459535 0 5 0.03
5864 1627459535 0 6 0.10
5865 1627459535 0 8 4.98 12.27 11.87
5866 1627459536 0 1 1.416
5867 1627459536 0 0 25.27 8.25 209.3 61.27 99.4 6.26 150.9 19.0 201.7 1.68 41.16 10.8
5868 1627459536 0 7 $GNGGA,080537.000,4424.22588,N,00855.31236,E,1,09,0.9,-5.3,M,44.7,M,,*69
5869 1627459537 0 7 $GNGGA,080538.000,4424.22679,N,00855.31179,E,1,09,0.9,-5.4,M,44.7,M,,*64
5870 1627459538 0 7 $GNGGA,080539.000,4424.22762,N,00855.31149,E,1,09,0.9,-5.4,M,44.7,M,,*6D
5871 1627459538 0 3 2.52 0.00
5875 1627459539 0 8 4.97 12.27 11.87
5876 1627459539 0 1 1.306
5877 1627459539 0 0 25.30 8.25 209.3 61.30 99.3 6.26 150.8 19.0 201.4 1.67 41.19 10.8
5878 1627459539 0 7 $GNGGA,080540.000,4424.22850,N,00855.31114,E,1,09,0.9,-5.2,M,44.7,M,,*63
5879 1627459540 0 7 $GNGGA,080541.000,4424.22929,N,00855.31077,E,1,09,0.9,-5.0,M,44.7,M,,*6B
5880 1627459541 0 7 $GNGGA,080542.000,4424.23008,N,00855.31035,E,1,09,0.9,-4.7,M,44.7,M,,*63
5881 1627459541 0 3 2.53 0.00
5882 1627459541 0 4 2.52 1.42
5883 1627459541 0 5 0.03
5884 1627459541 0 6 0.10
5885 1627459542 0 8 4.98 12.27 11.87
5889 1627459543 0 7 $GNGGA,080544.000,4424.23179,N,00855.30971,E,1,09,0.9,-4.5,M,44.7,M,,*68
5890 1627459544 0 7 $GNGGA,080545.000,4424.23262,N,00855.30946,E,1,09,0.9,-4.5,M,44.7,M,,*64
5891 1627459544 0 3 2.53 0.00
5892 1627459544 0 4 2.52 1.42
5895 1627459545 0 8 4.98 12.28 11.84
5896 1627459545 0 1 1.134
5897 1627459545 0 0 25.33 8.25 209.2 61.38 99.3 6.25 150.5 19.1 201.7 1.65 41.25 10.8
5898 1627459545 0 7 $GNGGA,080546.000,4424.23340,N,00855.30923,E,1,09,0.9,-4.5,M,44.7,M,,*65
5899 1627459546 0 7 $GNGGA,080547.000,4424.23413,N,00855.30901,E,1,09,0.9,-4.3,M,44.7,M,,*63
5900 1627459547 0 7 $GNGGA,080548.000,4424.23490,N,00855.30882,E,1,09,0.9,-4.0,M,44.7,M,,*6E
5901 1627459547 0 3 2.52 0.00
5902 1627459547 0 4 2.52 1.42
5903 1627459547 0 5 0.03
5904 1627459547 0 6 0.10
5905 1627459548 0 8 4.98 12.27 11.84
5906 1627459548 0 1 1.157
5907 1627459548 0 0 25.34 8.25 209.1 61.30 99.3 6.25 150.4 19.1 201.5 1.60 41.18 10.8
5908 1627459548 0 7 $GNGGA,080549.000,4424.23558,N,00855.30861,E,1,09,0.9,-3.7,M,44.7,M,,*67
5909 1627459549 0 7 $GNGGA,080550.000,4424.23633,N,00855.30829,E,1,09,0.9,-3.5,M,44.7,M,,*6F
5910 1627459550 0 7 $GNGGA,080551.000,4424.23709,N,00855.30794,E,1,09,0.9,-3.7,M,44.7,M,,*6D
5911 1627459550 0 3 2.52 0.00
5912 1627459550 0 4 2.52 1.42
5913 1627459550 0 5 0.03
5914 1627459551 0 6 0.11
5915 1627459551 0 8 4.97 12.27 11.87
5916 1627459551 0 1 1.393
5917 1627459551 0 0 25.34 8.25 209.1 61.30 99.2 6.25 150.7 19.0 201.7 1.61 41.18 10.9
5918 1627459551 0 7 $GNGGA,080552.000,4424.23783,N,00855.30753,E,1,09,0.9,-3.9,M,44.7,M,,*69
5919 1627459552 0 7 $GNGGA,080553.000,4424.23862,N,00855.30720,E,1,09,0.9,-3.8,M,44.7,M,,*6D
5920 1627459553 0 7 $GNGGA,080554.000,4424.23945,N,00855.30678,E,1,09,0.9,-3.7,M,44.7,M,,*6D
5921 1627459553 0 3 2.52 0.00
5923 1627459553 0 5 0.03
5924 1627459553 0 6 0.08
5925 1627459554 0 8 4.97 12.27 11.87
5926 1627459554 0 1 1.357
5927 1627459554 0 0 25.30 8.25 209.0 61.32 99.2 6.25 150.8 19.0 202.7 1.60 41.21 10.9
5928 1627459554 0 7 $GNGGA,080555.000,4424.24019,N,00855.30643,E,1,09,0.9,-3.7,M,44.7,M,,*63
5929 1627459555 0 7 $GNGGA,080556.000,4424.24091,N,00855.30611,E,1,09,0.9,-3.6,M,44.7,M,,*66
5930 1627459556 0 7 $GNGGA,080557.000,4424.24166,N,00855.30571,E,1,09,0.9,-3.3,M,44.7,M,,*6E
5931 1627459556 0 3 2.52 0.00
5932 1627459556 0 4 2.52 1.42
5933 1627459556 0 5 0.03
5934 1627459557 0 6 0.09
5935 1627459557 0 8 4.98 12.26 11.87
5936 1627459557 0 1 2.026
5937 1627459557 0 0 25.30 8.25 209.0 61.30 99.3 6.25 150.8 19.0 202.2 1.60 41.19 10.8
5938 1627459557 0 7 $GNGGA,080558.000,4424.24233,N,00855.30539,E,1,09,0.9,-2.9,M,44.7,M,,*65
5939 1627459558 0 7 $GNGGA,080559.000,4424.24299,N,00855.30530,E,1,09,0.9,-2.9,M,44.7,M,,*6D
5940 1627459559 0 7 $GNGGA,080600.000,4424.24361,N,00855.30511,E,1,09,0.9,-3.1,M,44.7,M,,*6E
5941 1627459559 0 3 2.53 0.00
5942 1627459559 0 4 2.52 1.42
5943 1627459559 0 5 0.03
5944 1627459560 0 6 0.12
5945 1627459560 0 8 4.97 12.25 11.87
5946 1627459560 0 1 1.341
5947 1627459560 0 0 25.30 8.25 208.9 61.31 99.2 6.25 151.1 19.0 202.3 1.59 41.20 10.8
5948 1627459560 0 7 $GNGGA,080601.000,4424.24426,N,00855.30480,E,1,09,0.9,-3.3,M,44.7,M,,*60
5949 1627459561 0 7 $GNGGA,080602.000,4424.24504,N,00855.30465,E,1,09,0.9,-2.7,M,44.7,M,,*6C
5950 1627459562 0 7 $GNGGA,080603.000,4424.24593,N,00855.30444,E,1,09,0.9,-2.5,M,44.7,M,,*62
5951 1627459562 0 3 2.52 0.00
5952 1627459562 0 4 2.52 1.42
5953 1627459563 0 5 0.03
5954 1627459563 0 6 0.12
5955 1627459563 0 8 4.98 12.24 11.87
5956 1627459563 0 1 1.295
5957 1627459563 0 0 25.33 8.25 208.9 61.31 99.3 6.25 150.7 19.0 201.9 1.59 41.19 10.8
5958 1627459563 0 7 $GNGGA,080604.000,4424.24673,N,00855.30422,E,1,09,0.9,-2.6,M,44.7,M,,*6B
5959 1627459564 0 7 $GNGGA,080605.000,4424.24737,N,00855.30389,E,1,09,0.9,-2.1,M,44.7,M,,*6A
5960 1627459565 0 7 $GNGGA,080606.000,4424.24802,N,00855.30359,E,1,09,0.9,-1.8,M,44.7,M,,*67
5961 1627459565 0 3 2.52 0.00
5964 1627459565 0 6 0.12
5965 1627459566 0 8 4.98 12.23 11.87
5966 1627459566 0 1 1.219
5967 1627459566 0 0 25.33 8.25 208.9 61.29 99.3 6.25 150.7 19.0 202.4 1.60 41.18 10.8
5968 1627459566 0 7 $GNGGA,080607.000,4424.24863,N,00855.30327,E,1,09,0.9,-1.5,M,44.7,M,,*65
5969 1627459567 0 7 $GNGGA,080608.000,4424.24928,N,00855.30309,E,1,09,0.9,-1.2,M,44.7,M,,*6F
5970 1627459568 0 7 $GNGGA,080609.000,4424.25011,N,00855.30295,E,1,09,0.9,-0.8,M,44.7,M,,*63
5971 1627459568 0 3 2.53 0.00
5972 1627459568 0 4 2.52 1.42
5973 1627459568 0 5 0.03
5977 1627459569 0 0 25.32 8.25 208.8 61.29 99.3 6.25 150.8 19.0 202.0 1.62 41.18 10.8
5978 1627459569 0 7 $GNGGA,080610.000,4424.25101,N,00855.30282,E,1,09,0.9,-0.2,M,44.7,M,,*67
5979 1627459570 0 7 $GNGGA,080611.000,4424.25175,N,00855.30263,E,1,09,0.9,-0.4,M,44.7,M,,*6C
5980 1627459571 0 7 $GNGGA,080612.000,4424.25239,N,00855.30238,E,1,09,0.9,-0.4,M,44.7,M,,*6A
5981 1627459571 0 3 2.52 0.00
5982 1627459571 0 4 2.52 1.42
5983 1627459571 0 5 0.03
5984 1627459571 0 6 0.08
5985 1627459572 0 8 4.97 12.29 11.87
5986 1627459572 0 1 1.278
5987 1627459572 0 0 25.32 8.25 208.8 61.26 99.3 6.26 150.9 19.0 202.8 1.61 41.16 10.8
5988 1627459572 0 7 $GNGGA,080613.000,4424.25303,N,00855.30225,E,1,09,0.9,0.0,M,44.7,M,,*46
5989 1627459573 0 7 $GNGGA,080614.000,4424.25357,N,00855.30220,E,1,09,0.9,0.1,M,44.7,M,,*44
5990 1627459574 0 7 $GNGGA,080615.000,4424.25411,N,00855.30209,E,1,09,0.9,0.2,M,44.7,M,,*48
5991 1627459574 0 3 2.52 0.00
5992 1627459574 0 4 2.52 1.42
5993 1627459574 0 5 0.03
5994 1627459574 0 6 0.11
5995 1627459575 0 8 4.97 12.27 11.87
5996 1627459575 0 1 1.399
5997 1627459575 0 0 25.32 8.25 208.8 61.19 99.3 6.26 150.9 19.0 202.1 1.59 41.10 10.8
5998 1627459575 0 7 $GNGGA,080616.000,4424.25498,N,00855.30199,E,1,09,0.9,0.5,M,44.7,M,,*47
5999 1627459576 0 7 $GNGGA,080617.000,4424.25586,N,00855.30173,E,1,09,0.9,0.9,M,44.7,M,,*40
6000 1627459577 0 7 $GNGGA,080618.000,4424.25660,N,00855.30125,E,1,09,0.9,0.9,M,44.7,M,,*47
6001 1627459577 0 3 2.52 0.00
6002 1627459577 0 4 2.52 1.42
6003 1627459577 0 5 0.03
6004 1627459577 0 6 0.12
6005 1627459577 0 8 4.98 12.27 11.84
6006 1627459577 0 1 1.573
6007 1627459578 0 0 25.28 8.25 208.7 61.19 99.3 6.26 151.2 19.0 202.7 1.59 41.11 10.8
6008 1627459578 0 7 $GNGGA,080619.000,4424.25739,N,00855.30085,E,1,09,0.9,0.7,M,44.7,M,,*4E
6009 1627459579 0 7 $GNGGA,080620.000,4424.25822,N,00855.30066,E,1,09,0.9,0.6,M,44.7,M,,*4D
6010 1627459580 0 7 $GNGGA,080621.000,4424.25877,N,00855.30027,E,1,09,0.9,1.1,M,44.7,M,,*4F
6011 1627459580 0 3 2.52 0.00
6012 1627459580 0 4 2.52 1.42
6013 1627459580 0 5 0.03
6014 1627459580 0 6 0.12
6015 1627459580 0 8 4.97 11.97 11.84
6017 1627459581 0 0 25.27 8.24 208.7 61.23 99.3 6.26 151.3 19.0 202.6 1.54 41.13 10.8
6018 1627459581 0 7 $GNGGA,080622.000,4424.25937,N,00855.29992,E,1,09,0.9,1.3,M,44.7,M,,*44
6019 1627459582 0 7 $GNGGA,080623.000,4424.26007,N,00855.29961,E,1,09,0.9,1.4,M,44.7,M,,*47
6020 1627459583 0 7 $GNGGA,080624.000,4424.26089,N,00855.29947,E,1,09,0.9,1.5,M,44.7,M,,*43
6021 1627459583 0 3 2.52 0.00
6023 1627459583 0 5 0.03
6024 1627459583 0 6 0.12
6025 1627459583 0 8 4.97 12.06 11.84
6026 1627459584 0 1 2.079
6027 1627459584 0 0 25.28 8.24 208.8 61.29 99.3 6.26 151.2 19.0 202.5 1.54 41.18 10.8
6028 1627459584 0 7 $GNGGA,080625.000,4424.26180,N,00855.29927,E,1,09,0.9,1.4,M,44.7,M,,*4D
6029 1627459585 0 7 $GNGGA,080626.000,4424.26270,N,00855.29898,E,1,09,0.9,1.3,M,44.7,M,,*40
6030 1627459586 0 7 $GNGGA,080627.000,4424.26354,N,00855.29874,E,1,09,0.9,1.3,M,44.7,M,,*44
6031 1627459586 0 3 2.52 0.00
6032 1627459586 0 4 2.52 1.42
6033 1627459586 0 5 0.03
6034 1627459586 0 6 0.10
6035 1627459586 0 8 4.98 12.14 11.87
6036 1627459587 0 1 1.357
6037 1627459587 0 0 25.28 8.25 208.8 61.19 99.3 6.26 151.3 19.0 202.0 1.59 41.10 10.8
6038 1627459587 0 7 $GNGGA,080628.000,4424.26429,N,00855.29857,E,1,09,0.9,1.3,M,44.7,M,,*47
6039 1627459588 0 7 $GNGGA,080629.000,4424.26512,N,00855.29837,E,1,09,0.9,1.2,M,44.7,M,,*48
6040 1627459589 0 7 $GNGGA,080630.000,4424.26591,N,00855.29804,E,1,09,0.9,0.9,M,44.7,M,,*41
6041 1627459589 0 3 2.52 0.00
6042 1627459589 0 4 2.52 1.42
6043 1627459589 0 5 0.03
6044 1627459589 0 6 0.08
6045 1627459589 0 8 4.97 11.96 11.84
6046 1627459589 0 1 1.391
6047 1627459590 0 0 25.30 8.25 208.7 61.25 99.3 6.26 150.9 19.0 202.5 1.60 41.15 10.8
6048 1627459590 0 7 $GNGGA,080631.000,4424.26678,N,00855.29764,E,1,09,0.9,0.9,M,44.7,M,,*4D
6049 1627459591 0 7 $GNGGA,080632.000,4424.26770,N,00855.29728,E,1,09,0.9,0.8,M,44.7,M,,*4E
6050 1627459592 0 7 $GNGGA,080633.000,4424.26860,N,00855.29718,E,1,09,0.9,0.6,M,44.7,M,,*4C
6051 1627459592 0 3 2.52 0.00
6052 1627459592 0 4 2.52 1.42
6053 1627459592 0 5 0.03
6055 1627459593 0 8 4.98 12.11 11.87
6056 1627459593 0 1 1.321
6057 1627459593 0 0 25.29 8.25 208.6 61.25 99.3 6.26 151.0 19.0 202.6 1.59 41.15 10.8
6058 1627459593 0 7 $GNGGA,080634.000,4424.26945,N,00855.29705,E,1,09,0.9,0.4,M,44.7,M,,*43
6059 1627459594 0 7 $GNGGA,080635.000,4424.27025,N,00855.29677,E,1,09,0.9,0.0,M,44.7,M,,*4C
6060 1627459595 0 7 $GNGGA,080636.000,4424.27116,N,00855.29640,E,1,09,0.9,-0.4,M,44.7,M,,*63
6061 1627459595 0 3 2.52 0.00
6062 1627459595 0 4 2.52 1.42
6063 1627459595 0 5 0.03
6064 1627459595 0 6 0.12
6066 1627459595 0 1 1.312
6067 1627459596 0 0 25.28 8.25 208.6 61.22 99.3 6.26 151.2 19.0 202.7 1.59 41.13 10.8
6068 1627459596 0 7 $GNGGA,080637.000,4424.27202,N,00855.29598,E,1,09,0.9,-0.9,M,44.7,M,,*6F
6069 1627459597 0 7 $GNGGA,080638.000,4424.27276,N,00855.29567,E,1,09,0.9,-0.7,M,44.7,M,,*6D
6070 1627459598 0 7 $GNGGA,080639.000,4424.27349,N,00855.29561,E,1,09,0.9,0.2,M,44.7,M,,*4F
6071 1627459598 0 3 2.52 0.00
6072 1627459598 0 4 2.52 1.42
6073 1627459598 0 5 0.03
6074 1627459598 0 6 0.13
6075 1627459598 0 8 4.98 12.02 11.84
6076 1627459599 0 1 1.250
6077 1627459599 0 0 25.28 8.25 208.5 61.24 99.3 6.26 151.2 19.0 202.6 1.54 41.15 10.8
6078 1627459599 0 7 $GNGGA,080640.000,4424.27432,N,00855.29543,E,1,09,0.9,0.7,M,44.7,M,,*4F
6079 1627459600 0 7 $GNGGA,080641.000,4424.27521,N,00855.29512,E,1,09,0.9,1.2,M,44.7,M,,*4D
6080 1627459601 0 7 $GNGGA,080642.000,4424.27611,N,00855.29459,E,1,09,0.9,1.2,M,44.7,M,,*40
6081 1627459601 0 3 2.52 0.00
6082 1627459601 0 4 2.52 1.42
6083 1627459601 0 5 0.03
6084 1627459601 0 6 0.11
6085 1627459601 0 8 4.97 12.02 11.87
6086 1627459601 0 1 1.328
6087 1627459602 0 0 25.28 8.25 208.5 61.20 99.3 6.26 151.2 19.0 202.5 1.53 41.12 10.8
6088 1627459602 0 7 $GNGGA,080643.000,4424.27702,N,00855.29371,E,1,09,0.9,1.5,M,44.7,M,,*48
6089 1627459603 0 7 $GNGGA,080644.000,4424.27790,N,00855.29308,E,1,09,0.9,1.7,M,44.7,M,,*48
6090 1627459604 0 7 $GNGGA,080645.000,4424.27875,N,00855.29284,E,1,09,0.9,2.0,M,44.7,M,,*4C
6091 1627459604 0 3 2.52 0.00
6096 1627459605 0 1 1.506
6097 1627459605 0 0 25.29 8.25 208.4 61.23 99.3 6.26 151.1 19.0 202.5 1.56 41.13 10.8
6098 1627459605 0 7 $GNGGA,080646.000,4424.27950,N,00855.29266,E,1,09,0.9,2.3,M,44.7,M,,*46
6099 1627459606 0 7 $GNGGA,080647.000,4424.28029,N,00855.29235,E,1,09,0.9,2.4,M,44.7,M,,*4E
6100 1627459607 0 7 $GNGGA,080648.000,4424.28112,N,00855.29193,E,1,09,0.9,2.5,M,44.7,M,,*46
6101 1627459607 0 3 2.52 0.00
6102 1627459607 0 4 2.52 1.42
6103 1627459607 0 5 0.03
6104 1627459607 0 6 0.07
6105 1627459607 0 8 4.97 12.00 11.87
6106 1627459607 0 1 1.337
6107 1627459608 0 0 25.28 8.25 208.5 61.19 99.3 6.26 151.0 19.0 202.9 1.54 41.11 10.8
6108 1627459608 0 7 $GNGGA,080649.000,4424.28194,N,00855.29152,E,1,09,0.9,2.8,M,44.7,M,,*49
6109 1627459609 0 7 $GNGGA,080650.000,4424.28267,N,00855.29108,E,1,09,0.9,2.6,M,44.7,M,,*4F
6110 1627459610 0 7 $GNGGA,080651.000,4424.28347,N,00855.29052,E,1,09,0.9,2.3,M,44.7,M,,*46
6111 1627459610 0 3 2.52 0.00
6112 1627459610 0 4 2.52 1.42
6113 1627459610 0 5 0.03
6114 1627459610 0 6 0.13
6115 1627459611 0 8 4.97 11.84 11.87
6116 1627459611 0 1 1.897
6117 1627459611 0 0 25.29 8.25 208.4 61.17 99.3 6.26 151.0 19.0 202.9 1.53 41.09 10.8
6118 1627459611 0 7 $GNGGA,080652.000,4424.28421,N,00855.28961,E,1,09,0.9,1.9,M,44.7,M,,*43
6119 1627459612 0 7 $GNGGA,080653.000,4424.28492,N,00855.28881,E,1,09,0.9,1.8,M,44.7,M,,*44
6120 1627459613 0 7 $GNGGA,080654.000,4424.28572,N,00855.28834,E,1,09,0.9,1.6,M,44.7,M,,*4C
6121 1627459613 0 3 2.52 0.00
6122 1627459613 0 4 2.52 1.42
6124 1627459613 0 6 0.12
6125 1627459613 0 8 4.98 11.82 11.84
6126 1627459613 0 1 1.357
6127 1627459614 0 0 25.27 8.25 208.4 61.26 99.3 6.26 151.1 19.0 202.8 1.52 41.16 10.8
6128 1627459614 0 7 $GNGGA,080655.000,4424.28660,N,00855.28789,E,1,09,0.9,0.8,M,44.7,M,,*4B
6129 1627459615 0 7 $GNGGA,080656.000,4424.28758,N,00855.28753,E,1,09,0.9,0.1,M,44.7,M,,*4C
6130 1627459616 0 7 $GNGGA,080657.000,4424.28843,N,00855.28695,E,1,09,0.9,-0.9,M,44.7,M,,*66
6131 1627459616 0 3 2.52 0.00
6132 1627459616 0 4 2.52 1.42
6133 1627459616 0 5 0.03
6134 1627459616 0 6 0.10
6135 1627459616 0 8 4.98 12.29 11.87
6136 1627459617 0 1 1.404
6137 1627459617 0 0 25.27 8.25 208.3 61.20 99.2 6.26 151.2 19.0 202.8 1.55 41.11 10.8
6138 1627459617 0 7 $GNGGA,080658.000,4424.28928,N,00855.28639,E,1,09,0.9,-1.7,M,44.7,M,,*6C
6139 1627459618 0 7 $GNGGA,080659.000,4424.28986,N,00855.28598,E,1,09,0.9,-2.0,M,44.7,M,,*65
6140 1627459619 0 7 $GNGGA,080700.000,4424.29035,N,00855.28561,E,1,09,0.9,-2.2,M,44.7,M,,*6C
6141 1627459619 0 3 2.53 0.00
6142 1627459619 0 4 2.52 1.42
6143 1627459619 0 5 0.03
6144 1627459619 0 6 0.11
6145 1627459619 0 8 4.97 12.30 11.84
6146 1627459619 0 1 1.405
6147 1627459620 0 0 25.27 8.25 208.3 61.21 99.3 6.26 151.2 19.0 202.6 1.60 41.12 10.8
6148 1627459620 0 7 $GNGGA,080701.000,4424.29078,N,00855.28511,E,1,09,0.9,-2.3,M,44.7,M,,*62
6149 1627459621 0 7 $GNGGA,080702.000,4424.29129,N,00855.28450,E,1,09,0.9,-2.7,M,44.7,M,,*64
6150 1627459622 0 7 $GNGGA,080703.000,4424.29207,N,00855.28393,E,1,09,0.9,-3.4,M,44.7,M,,*60
6151 1627459622 0 3 2.52 0.00
6152 1627459622 0 4 2.52 1.42
6153 1627459622 0 5 0.03
6154 1627459622 0 6 0.09
6155 1627459623 0 8 4.97 12.29 11.84
6156 1627459623 0 1 1.408
6157 1627459623 0 0 25.27 8.25 208.3 61.16 99.2 6.26 151.0 19.0 202.3 1.63 41.09 10.8
6158 1627459623 0 7 $GNGGA,080704.000,4424.29282,N,00855.28344,E,1,09,0.9,-3.8,M,44.7,M,,*6C
6159 1627459624 0 7 $GNGGA,080705.000,4424.29351,N,00855.28297,E,1,09,0.9,-4.2,M,44.7,M,,*60
6160 1627459625 0 7 $GNGGA,080706.000,4424.29422,N,00855.28249,E,1,09,0.9,-4.3,M,44.7,M,,*62
6161 1627459625 0 3 2.52 0.00
6162 1627459625 0 4 2.52 1.42
6163 1627459625 0 5 0.03
6164 1627459625 0 6 0.13
6165 1627459625 0 8 4.97 12.29 11.84
6166 1627459626 0 1 1.255
6167 1627459626 0 0 25.28 8.25 208.3 61.26 99.2 6.25 151.0 19.0 202.1 1.64 41.16 10.8
6168 1627459626 0 7 $GNGGA,080707.000,4424.29490,N,00855.28183,E,1,09,0.9,-4.4,M,44.7,M,,*68
6169 1627459627 0 7 $GNGGA,080708.000,4424.29558,N,00855.28120,E,1,09,0.9,-4.3,M,44.7,M,,*6C
6170 1627459628 0 7 $GNGGA,080709.000,4424.29641,N,00855.28048,E,1,09,0.9,-4.3,M,44.7,M,,*69
6171 1627459628 0 3 2.52 0.00
6172 1627459628 0 4 2.52 1.42
6173 1627459628 0 5 0.03
6174 1627459628 0 6 0.12
6175 1627459629 0 8 4.98 12.28 11.87
6176 1627459629 0 1 1.315
6177 1627459629 0 0 25.30 8.25 208.2 61.30 99.2 6.25 150.8 19.0 201.8 1.63 41.19 10.8
6178 1627459629 0 7 $GNGGA,080710.000,4424.29712,N,00855.27989,E,1,09,0.9,-4.1,M,44.7,M,,*6F
6179 1627459630 0 7 $GNGGA,080711.000,4424.29775,N,00855.27929,E,1,09,0.9,-4.0,M,44.7,M,,*64
6180 1627459631 0 7 $GNGGA,080712.000,4424.29850,N,00855.27868,E,1,09,0.9,-4.0,M,44.7,M,,*6B
6181 1627459631 0 3 2.52 0.00
6182 1627459631 0 4 2.52 1.43
6183 1627459631 0 5 0.03
6184 1627459631 0 6 0.10
6185 1627459631 0 8 4.98 12.28 11.87
6186 1627459631 0 1 1.468
6187 1627459632 0 0 25.32 8.25 208.1 61.25 99.2 6.25 150.8 19.0 202.0 1.66 41.15 10.8
6188 1627459632 0 7 $GNGGA,080713.000,4424.29926,N,00855.27792,E,1,09,0.9,-4.0,M,44.7,M,,*60
6189 1627459633 0 7 $GNGGA,080714.000,4424.30001,N,00855.27708,E,1,09,0.9,-3.9,M,44.7,M,,*6E
6190 1627459634 0 7 $GNGGA,080715.000,4424.30072,N,00855.27632,E,1,09,0.9,-3.8,M,44.7,M,,*62
6191 1627459634 0 3 2.52 0.00
6192 1627459634 0 4 2.52 1.43
6193 1627459634 0 5 0.03
6194 1627459634 0 6 0.09
6195 1627459635 0 8 4.98 12.28 11.87
6196 1627459635 0 1 1.338
6197 1627459635 0 0 25.34 8.25 208.1 61.23 99.3 6.25 150.4 19.0 201.5 1.68 41.13 10.8
6198 1627459635 0 7 $GNGGA,080716.000,4424.30150,N,00855.27561,E,1,09,0.9,-3.7,M,44.7,M,,*6A
6199 1627459636 0 7 $GNGGA,080717.000,4424.30219,N,00855.27481,E,1,09,0.9,-3.9,M,44.7,M,,*64
6200 1627459637 0 7 $GNGGA,080718.000,4424.30287,N,00855.27405,E,1,09,0.9,-4.2,M,44.7,M,,*6C
6201 1627459637 0 3 2.52 0.00
6202 1627459637 0 4 2.52 1.42
6203 1627459637 0 5 0.03
6204 1627459637 0 6 0.07
6205 1627459637 0 8 4.97 12.27 11.87
6206 1627459637 0 1 2.131
6207 1627459638 0 0 25.35 8.24 208.2 61.24 99.3 6.25 150.3 19.0 201.8 1.67 41.14 10.7
6208 1627459638 0 7 $GNGGA,080719.000,4424.30354,N,00855.27345,E,1,09,0.9,-4.3,M,44.7,M,,*60
6209 1627459639 0 7 $GNGGA,080720.000,4424.30425,N,00855.27272,E,1,09,0.9,-4.6,M,44.7,M,,*6B
6210 1627459639 0 2 0.06550001 1.51440000 1.24310004 0.01160000 2.67840003 0.00610000 0.03650000 0.29019999 1.00000000 91.93699645
6211 1627459640 0 7 $GNGGA,080721.000,4424.30497,N,00855.27204,E,1,09,0.9,-4.9,M,44.7,M,,*6D
6212 1627459640 0 3 2.52 0.00
6213 1627459640 0 4 2.52 1.42
6215 1627459640 0 6 0.11
6216 1627459640 0 8 4.97 12.27 11.87
6217 1627459640 0 1 1.525
6218 1627459641 0 0 25.29 8.24 208.3 61.22 99.2 6.26 151.0 19.0 202.2 1.67 41.13 10.6
6219 1627459641 0 7 $GNGGA,080722.000,4424.30563,N,00855.27133,E,1,09,0.9,-5.3,M,44.7,M,,*68
6220 1627459642 0 7 $GNGGA,080723.000,4424.30633,N,00855.27053,E,1,09,0.9,-5.6,M,44.7,M,,*6D
6221 1627459643 0 7 $GNGGA,080724.000,4424.30710,N,00855.26968,E,1,09,0.9,-5.7,M,44.7,M,,*6B
6222 1627459643 0 3 2.53 0.00
6223 1627459643 0 4 2.52 1.42
6224 1627459643 0 5 0.03
6225 1627459643 0 6 0.12
6226 1627459643 0 8 4.98 12.27 11.87
6227 1627459643 0 1 1.331
6228 1627459644 0 0 25.32 8.24 208.3 61.20 99.2 6.25 150.6 19.0 202.5 1.64 41.11 10.5
6229 1627459644 0 7 $GNGGA,080725.000,4424.30796,N,00855.26900,E,1,09,0.9,-5.8,M,44.7,M,,*65
6230 1627459645 0 7 $GNGGA,080726.000,4424.30879,N,00855.26821,E,1,09,0.9,-6.4,M,44.7,M,,*65
6231 1627459646 0 7 $GNGGA,080727.000,4424.30954,N,00855.26751,E,1,09,0.9,-6.8,M,44.7,M,,*6E
6232 1627459646 0 3 2.52 0.00
6233 1627459646 0 4 2.52 1.42
6234 1627459646 0 5 0.03
6235 1627459646 0 6 0.11
6236 1627459646 0 8 4.98 12.27 11.87
6237 1627459647 0 1 1.368
6238 1627459647 0 0 25.31 8.24 208.3 61.19 99.2 6.25 150.8 19.0 202.2 1.63 41.10 10.6
6239 1627459647 0 7 $GNGGA,080728.000,4424.31024,N,00855.26685,E,1,09,0.9,-7.2,M,44.7,M,,*6D
6240 1627459648 0 7 $GNGGA,080729.000,4424.31082,N,00855.26631,E,1,09,0.9,-7.2,M,44.7,M,,*6F
6241 1627459649 0 7 $GNGGA,080730.000,4424.31143,N,00855.26571,E,1,09,0.9,-7.2,M,44.7,M,,*6C
6242 1627459649 0 3 2.52 0.00
6243 1627459649 0 4 2.52 1.42
6244 1627459649 0 5 0.03
6245 1627459649 0 6 0.11
6246 1627459649 0 8 4.98 12.28 11.87
6247 1627459649 0 1 1.446
6248 1627459650 0 0 25.29 8.24 208.2 61.21 99.2 6.25 150.9 19.0 202.1 1.64 41.12 10.6
6249 1627459650 0 7 $GNGGA,080731.000,4424.31200,N,00855.26503,E,1,09,0.9,-7.1,M,44.7,M,,*6F
6250 1627459651 0 7 $GNGGA,080732.000,4424.31243,N,00855.26431,E,1,09,0.9,-7.0,M,44.7,M,,*6A
6251 1627459652 0 7 $GNGGA,080733.000,4424.31296,N,00855.26357,E,1,09,0.9,-6.7,M,44.7,M,,*62
6252 1627459652 0 3 2.52 0.00
6253 1627459652 0 4 2.52 1.42
6254 1627459652 0 5 0.03
6255 1627459652 0 6 0.09
6256 1627459652 0 8 4.98 12.28 11.87
6257 1627459652 0 1 1.341
6258 1627459653 0 0 25.31 8.24 208.2 61.24 99.2 6.25 150.6 19.0 201.9 1.68 41.15 10.6
6259 1627459653 0 7 $GNGGA,080734.000,4424.31358,N,00855.26282,E,1,09,0.9,-6.5,M,44.7,M,,*6D
6260 1627459654 0 7 $GNGGA,080735.000,4424.31419,N,00855.26201,E,1,09,0.9,-6.6,M,44.7,M,,*66
6261 1627459655 0 7 $GNGGA,080736.000,4424.31473,N,00855.26133,E,1,09,0.9,-6.6,M,44.7,M,,*6B
6262 1627459655 0 3 2.52 0.00
6263 1627459655 0 4 2.52 1.42
6264 1627459655 0 5 0.03
6265 1627459655 0 6 0.09
6266 1627459655 0 8 4.98 12.28 11.87
6267 1627459656 0 1 1.361
6268 1627459656 0 0 25.31 8.24 208.2 61.21 99.1 6.25 150.7 19.0 201.8 1.67 41.12 10.6
6269 1627459656 0 7 $GNGGA,080737.000,4424.31525,N,00855.26071,E,1,09,0.9,-6.3,M,44.7,M,,*6A
6270 1627459657 0 7 $GNGGA,080738.000,4424.31579,N,00855.26004,E,1,09,0.9,-6.0,M,44.7,M,,*6D
6271 1627459658 0 7 $GNGGA,080739.000,4424.31642,N,00855.25948,E,1,09,0.9,-5.6,M,44.7,M,,*60
6272 1627459658 0 3 2.52 0.00
6273 1627459658 0 4 2.52 1.42
6274 1627459658 0 5 0.03
6275 1627459658 0 6 0.10
6276 1627459658 0 8 4.98 12.27 11.87
6277 1627459659 0 1 1.568
6278 1627459659 0 0 25.32 8.24 208.2 61.19 99.1 6.25 150.6 19.0 202.2 1.68 41.11 10.6
6279 1627459659 0 7 $GNGGA,080740.000,4424.31707,N,00855.25889,E,1,09,0.9,-5.4,M,44.7,M,,*60
6280 1627459660 0 7 $GNGGA,080741.000,4424.31775,N,00855.25815,E,1,09,0.9,-5.1,M,44.7,M,,*64
6281 1627459661 0 7 $GNGGA,080742.000,4424.31839,N,00855.25745,E,1,09,0.9,-4.8,M,44.7,M,,*62
6282 1627459661 0 3 2.52 0.00
6283 1627459661 0 4 2.52 1.42
6284 1627459661 0 5 0.03
6285 1627459661 0 6 0.13
6286 1627459661 0 8 4.98 11.89 11.84
6287 1627459662 0 1 1.437
6289 1627459662 0 7 $GNGGA,080743.000,4424.31908,N,00855.25672,E,1,09,0.9,-4.2,M,44.7,M,,*6F
6290 1627459663 0 7 $GNGGA,080744.000,4424.31974,N,00855.25597,E,1,09,0.9,-4.1,M,44.7,M,,*68
6291 1627459664 0 7 $GNGGA,080745.000,4424.32039,N,00855.25522,E,1,09,0.9,-4.0,M,44.7,M,,*65
6292 1627459664 0 3 2.52 0.00
6293 1627459664 0 4 2.52 1.43
6294 1627459664 0 5 0.03
6295 1627459664 0 6 0.12
6296 1627459664 0 8 4.98 11.87 11.87
6297 1627459665 0 1 2.181
6298 1627459665 0 0 25.33 8.24 208.1 61.21 99.0 6.24 150.5 19.0 202.0 1.63 41.12 10.5
6299 1627459665 0 7 $GNGGA,080746.000,4424.32108,N,00855.25455,E,1,09,0.9,-4.1,M,44.7,M,,*65
6300 1627459666 0 7 $GNGGA,080747.000,4424.32175,N,00855.25389,E,1,09,0.9,-3.8,M,44.7,M,,*66
6301 1627459667 0 7 $GNGGA,080748.000,4424.32235,N,00855.25307,E,1,09,0.9,-3.5,M,44.7,M,,*65
6302 1627459667 0 3 2.52 0.00
6303 1627459667 0 4 2.52 1.43
6304 1627459667 0 5 0.03
6305 1627459667 0 6 0.11
6306 1627459667 0 8 4.97 11.86 11.84
6307 1627459668 0 1 1.337
6308 1627459668 0 0 25.33 8.24 208.1 61.14 99.0 6.24 150.7 19.0 201.6 1.62 41.06 10.5
6309 1627459668 0 7 $GNGGA,080749.000,4424.32288,N,00855.25224,E,1,09,0.9,-2.8,M,44.7,M,,*6E
6310 1627459669 0 7 $GNGGA,080750.000,4424.32336,N,00855.25121,E,1,09,0.9,-2.3,M,44.7,M,,*6F
6311 1627459670 0 7 $GNGGA,080751.000,4424.32398,N,00855.25032,E,1,09,0.9,-2.0,M,44.7,M,,*6A
6312 1627459670 0 3 2.53 0.00
6313 1627459670 0 4 2.52 1.43
6314 1627459670 0 5 0.03
6315 1627459670 0 6 0.10
6316 1627459670 0 8 4.97 11.87 11.87
6317 1627459671 0 1 1.306
6318 1627459671 0 0 25.33 8.23 208.1 61.24 99.0 6.24 150.4 19.0 202.3 1.64 41.14 10.4
6319 1627459671 0 7 $GNGGA,080752.000,4424.32466,N,00855.24966,E,1,09,0.9,-2.1,M,44.7,M,,*67
6320 1627459672 0 7 $GNGGA,080753.000,4424.32513,N,00855.24881,E,1,09,0.9,-2.5,M,44.7,M,,*69
6321 1627459673 0 7 $GNGGA,080754.000,4424.32535,N,00855.24794,E,1,09,0.9,-2.6,M,44.7,M,,*62
6322 1627459673 0 3 2.52 0.00
6323 1627459673 0 4 2.52 1.43
6324 1627459673 0 5 0.03
6325 1627459673 0 6 0.10
6326 1627459673 0 8 4.97 11.88 11.84
6327 1627459674 0 1 1.304
6328 1627459674 0 0 25.31 8.23 208.1 61.19 99.0 6.24 150.7 19.0 201.9 1.67 41.10 10.5
6329 1627459674 0 7 $GNGGA,080755.000,4424.32558,N,00855.24678,E,1,09,0.9,-2.7,M,44.7,M,,*6A
6330 1627459675 0 7 $GNGGA,080756.000,4424.32601,N,00855.24571,E,1,09,0.9,-2.9,M,44.7,M,,*62
6331 1627459676 0 7 $GNGGA,080757.000,4424.32659,N,00855.24488,E,1,09,0.9,-2.9,M,44.7,M,,*69
6332 1627459676 0 3 2.52 0.00
6333 1627459676 0 4 2.52 1.43
6334 1627459676 0 5 0.03
6335 1627459676 0 6 0.10
6336 1627459676 0 8 4.98 11.88 11.87
6337 1627459677 0 1 1.366
6338 1627459677 0 0 25.32 8.23 208.0 61.20 99.0 6.24 150.6 19.0 201.7 1.69 41.11 10.5
6339 1627459677 0 7 $GNGGA,080758.000,4424.32714,N,00855.24375,E,1,09,0.9,-2.9,M,44.7,M,,*6B
6340 1627459678 0 7 $GNGGA,080759.000,4424.32778,N,00855.24282,E,1,09,0.9,-2.5,M,44.7,M,,*65
6341 1627459679 0 7 $GNGGA,080800.000,4424.32852,N,00855.24221,E,1,09,0.9,-1.8,M,44.7,M,,*66
6342 1627459679 0 3 2.53 0.00
6343 1627459679 0 4 2.52 1.43
6344 1627459679 0 5 0.03
6345 1627459679 0 6 0.11
6346 1627459679 0 8 4.98 11.91 11.87
6347 1627459680 0 1 1.433
6348 1627459680 0 0 25.30 8.23 208.0 61.27 99.0 6.24 150.9 19.0 202.3 1.70 41.16 10.5
6349 1627459680 0 7 $GNGGA,080801.000,4424.32919,N,00855.24147,E,1,09,0.9,-1.7,M,44.7,M,,*65
6350 1627459681 0 7 $GNGGA,080802.000,4424.32973,N,00855.24069,E,1,09,0.9,-1.7,M,44.7,M,,*67
6351 1627459682 0 7 $GNGGA,080803.000,4424.33027,N,00855.23992,E,1,09,0.9,-1.8,M,44.7,M,,*6A
6352 1627459682 0 3 2.52 0.00
6353 1627459682 0 4 2.52 1.44
6354 1627459682 0 5 0.03
6355 1627459682 0 6 0.13
6356 1627459682 0 8 4.97 11.77 11.84
6357 1627459683 0 1 1.450
6358 1627459683 0 0 25.29 8.24 207.9 61.26 98.9 6.23 150.9 19.0 202.5 1.67 41.16 10.5
6359 1627459683 0 7 $GNGGA,080804.000,4424.33086,N,00855.23906,E,1,09,0.9,-2.7,M,44.7,M,,*67
6360 1627459684 0 7 $GNGGA,080805.000,4424.33153,N,00855.23826,E,1,09,0.9,-3.6,M,44.7,M,,*6C
6361 1627459685 0 7 $GNGGA,080806.000,4424.33209,N,00855.23746,E,1,09,0.9,-3.7,M,44.7,M,,*6B
6362 1627459685 0 3 2.52 0.00
6363 1627459685 0 4 2.52 1.44
6364 1627459685 0 5 0.03
6365 1627459685 0 6 0.11
6366 1627459685 0 8 4.98 11.72 11.87
6367 1627459686 0 1 1.583
6368 1627459686 0 0 25.28 8.23 207.9 61.30 98.9 6.23 151.0 19.0 202.5 1.67 41.19 10.5
6369 1627459686 0 7 $GNGGA,080807.000,4424.33263,N,00855.23674,E,1,09,0.9,-3.8,M,44.7,M,,*69
6370 1627459687 0 7 $GNGGA,080808.000,4424.33315,N,00855.23608,E,1,09,0.9,-4.0,M,44.7,M,,*62
6371 1627459688 0 7 $GNGGA,080809.000,4424.33362,N,00855.23529,E,1,09,0.9,-4.2,M,44.7,M,,*61
6372 1627459688 0 3 2.52 0.00
6373 1627459688 0 4 2.52 1.45
6374 1627459688 0 5 0.03
6375 1627459688 0 6 0.10
6376 1627459688 0 8 4.98 11.69 11.87
6377 1627459689 0 1 1.425
6378 1627459689 0 0 25.31 8.23 208.0 61.24 98.8 6.23 150.6 19.0 201.9 1.68 41.14 10.4
6379 1627459689 0 7 $GNGGA,080810.000,4424.33413,N,00855.23465,E,1,09,0.9,-4.3,M,44.7,M,,*60
6380 1627459690 0 7 $GNGGA,080811.000,4424.33470,N,00855.23388,E,1,09,0.9,-4.3,M,44.7,M,,*60
6381 1627459691 0 7 $GNGGA,080812.000,4424.33509,N,00855.23299,E,1,09,0.9,-4.6,M,44.7,M,,*68
6382 1627459691 0 3 2.52 0.00
6383 1627459691 0 4 2.52 1.46
6384 1627459691 0 5 0.03
6385 1627459691 0 6 0.09
6386 1627459691 0 8 4.98 11.71 11.87
6387 1627459692 0 1 2.283
6388 1627459692 0 0 25.29 8.23 208.0 61.19 98.8 6.23 150.9 19.0 202.5 1.71 41.11 10.5
6389 1627459692 0 7 $GNGGA,080813.000,4424.33546,N,00855.23204,E,1,09,0.9,-4.9,M,44.7,M,,*69
6390 1627459693 0 7 $GNGGA,080814.000,4424.33588,N,00855.23110,E,1,09,0.9,-5.1,M,44.7,M,,*63
6391 1627459694 0 7 $GNGGA,080815.000,4424.33634,N,00855.23017,E,1,09,0.9,-5.5,M,44.7,M,,*64
6392 1627459694 0 3 2.53 0.00
6393 1627459694 0 4 2.52 1.46
6394 1627459694 0 5 0.03
6398 1627459695 0 0 25.32 8.23 207.9 61.21 98.8 6.22 150.4 19.0 201.5 1.71 41.12 10.4
6399 1627459695 0 7 $GNGGA,080816.000,4424.33682,N,00855.22926,E,1,09,0.9,-5.8,M,44.7,M,,*6D
6400 1627459696 0 7 $GNGGA,080817.000,4424.33739,N,00855.22814,E,1,09,0.9,-6.3,M,44.7,M,,*65
6401 1627459697 0 7 $GNGGA,080818.000,4424.33806,N,00855.22726,E,1,09,0.9,-6.4,M,44.7,M,,*60
6402 1627459697 0 3 2.52 0.00
6403 1627459697 0 4 2.52 1.46
6404 1627459697 0 5 0.03
6405 1627459697 0 6 0.11
6406 1627459697 0 8 4.98 12.30 11.87
6407 1627459698 0 1 1.430
6408 1627459698 0 0 25.32 8.23 207.9 61.15 98.8 6.22 150.7 19.0 202.3 1.69 41.08 10.4
6409 1627459698 0 7 $GNGGA,080819.000,4424.33877,N,00855.22646,E,1,09,0.9,-6.9,M,44.7,M,,*6D
6410 1627459699 0 7 $GNGGA,080820.000,4424.33951,N,00855.22552,E,1,09,0.9,-7.4,M,44.7,M,,*68
6411 1627459700 0 7 $GNGGA,080821.000,4424.34035,N,00855.22461,E,1,09,0.9,-7.5,M,44.7,M,,*65
6412 1627459700 0 3 2.52 0.00
6413 1627459700 0 4 2.52 1.46
6414 1627459700 0 5 0.03
6415 1627459700 0 6 0.12
6416 1627459700 0 8 4.98 12.15 11.84
6417 1627459701 0 1 1.441
6418 1627459701 0 0 25.29 8.23 207.9 61.23 98.7 6.22 150.7 19.0 202.2 1.65 41.14 10.4
6419 1627459701 0 7 $GNGGA,080822.000,4424.34106,N,00855.22357,E,1,09,0.9,-7.7,M,44.7,M,,*67
6420 1627459702 0 7 $GNGGA,080823.000,4424.34152,N,00855.22239,E,1,09,0.9,-8.1,M,44.7,M,,*67
6421 1627459703 0 7 $GNGGA,080824.000,4424.34195,N,00855.22153,E,1,09,0.9,-8.0,M,44.7,M,,*65
6422 1627459703 0 3 2.52 0.00
6423 1627459703 0 4 2.52 1.46
6424 1627459703 0 5 0.03
6425 1627459703 0 6 0.12
6426 1627459703 0 8 4.98 12.30 11.87
6427 1627459704 0 1 1.471
6428 1627459704 0 0 25.31 8.23 207.8 61.13 98.7 6.22 150.7 19.0 201.6 1.64 41.06 10.5
6429 1627459704 0 7 $GNGGA,080825.000,4424.34246,N,00855.22058,E,1,09,0.9,-8.2,M,44.7,M,,*61
6430 1627459705 0 7 $GNGGA,080826.000,4424.34292,N,00855.21940,E,1,09,0.9,-8.8,M,44.7,M,,*62
6431 1627459706 0 7 $GNGGA,080827.000,4424.34336,N,00855.21829,E,1,09,0.9,-9.1,M,44.7,M,,*6A
6432 1627459706 0 3 2.52 0.00
6433 1627459706 0 4 2.52 1.46
6434 1627459706 0 5 0.03
6435 1627459706 0 6 0.09
6436 1627459706 0 8 4.97 12.29 11.84
6437 1627459707 0 1 1.482
6438 1627459707 0 0 25.29 8.24 207.7 61.17 98.7 6.22 150.9 18.9 202.2 1.65 41.09 10.5
6439 1627459707 0 7 $GNGGA,080828.000,4424.34373,N,00855.21730,E,1,09,0.9,-8.8,M,44.7,M,,*6B
6440 1627459708 0 7 $GNGGA,080829.000,4424.34405,N,00855.21644,E,1,09,0.9,-8.1,M,44.7,M,,*67
6441 1627459709 0 7 $GNGGA,080830.000,4424.34440,N,00855.21557,E,1,09,0.9,-7.9,M,44.7,M,,*68
6442 1627459709 0 3 2.52 0.00
6443 1627459709 0 4 2.52 1.46
6444 1627459709 0 5 0.03
6445 1627459709 0 6 0.09
6446 1627459709 0 8 4.97 12.14 11.82
6447 1627459710 0 1 1.541
6448 1627459710 0 0 25.31 8.23 207.8 61.21 98.6 6.22 150.5 19.0 201.9 1.66 41.12 10.4
6449 1627459710 0 7 $GNGGA,080831.000,4424.34475,N,00855.21487,E,1,09,0.9,-7.7,M,44.7,M,,*6D
6450 1627459711 0 7 $GNGGA,080832.000,4424.34513,N,00855.21407,E,1,09,0.9,-7.7,M,44.7,M,,*67
6451 1627459712 0 7 $GNGGA,080833.000,4424.34559,N,00855.21313,E,1,09,0.9,-7.8,M,44.7,M,,*65
6452 1627459712 0 3 2.52 0.00
6453 1627459712 0 4 2.52 1.46
6454 1627459712 0 5 0.03
6455 1627459712 0 6 0.10
6456 1627459712 0 8 4.97 12.29 11.87
6457 1627459713 0 1 1.626
6458 1627459713 0 0 25.29 8.23 207.7 61.17 98.6 6.22 150.6 18.9 202.5 1.64 41.09 10.4
6459 1627459713 0 7 $GNGGA,080834.000,4424.34598,N,00855.21210,E,1,09,0.9,-7.7,M,44.7,M,,*62
6460 1627459714 0 7 $GNGGA,080835.000,4424.34648,N,00855.21105,E,1,09,0.9,-7.7,M,44.7,M,,*6A
6461 1627459715 0 7 $GNGGA,080836.000,4424.34695,N,00855.20994,E,1,09,0.9,-7.8,M,44.7,M,,*67
6462 1627459715 0 3 2.52 0.00
6463 1627459715 0 4 2.52 1.46
6464 1627459715 0 5 0.03
6465 1627459715 0 6 0.09
6466 1627459715 0 8 4.97 12.14 11.84
6467 1627459716 0 1 1.499
6468 1627459716 0 0 25.32 8.23 207.8 61.20 98.6 6.21 150.1 19.0 202.5 1.66 41.11 10.3
6469 1627459716 0 7 $GNGGA,080837.000,4424.34745,N,00855.20895,E,1,09,0.9,-7.7,M,44.7,M,,*65
6470 1627459717 0 7 $GNGGA,080838.000,4424.34786,N,00855.20802,E,1,09,0.9,-7.7,M,44.7,M,,*6B
6471 1627459718 0 7 $GNGGA,080839.000,4424.34821,N,00855.20702,E,1,09,0.9,-7.6,M,44.7,M,,*66
6472 1627459718 0 3 2.52 0.00
6473 1627459718 0 4 2.52 1.46
6474 1627459718 0 5 0.03
6475 1627459718 0 6 0.12
6476 1627459718 0 8 4.97 12.13 11.84
6477 1627459719 0 1 2.233
6478 1627459719 0 0 25.32 8.23 207.8 61.23 98.5 6.21 150.2 18.9 201.8 1.65 41.14 10.3
6479 1627459719 0 7 $GNGGA,080840.000,4424.34850,N,00855.20602,E,1,09,0.9,-7.7,M,44.7,M,,*6E
6480 1627459720 0 7 $GNGGA,080841.000,4424.34885,N,00855.20539,E,1,09,0.9,-7.3,M,44.7,M,,*68
6481 1627459721 0 7 $GNGGA,080842.000,4424.34921,N,00855.20456,E,1,09,0.9,-7.3,M,44.7,M,,*6C
6482 1627459721 0 3 2.52 0.00
6483 1627459721 0 4 2.52 1.46
6484 1627459721 0 5 0.03
6485 1627459721 0 6 0.13
6486 1627459721 0 8 4.98 12.23 11.87
6487 1627459722 0 1 1.600
6488 1627459722 0 0 25.31 8.23 207.7 61.19 98.5 6.21 150.6 19.0 201.8 1.65 41.10 10.3
6489 1627459722 0 7 $GNGGA,080843.000,4424.34963,N,00855.20361,E,1,09,0.9,-7.6,M,44.7,M,,*6D
6490 1627459723 0 7 $GNGGA,080844.000,4424.35004,N,00855.20263,E,1,08,1.1,-7.7,M,44.7,M,,*69
6491 1627459724 0 7 $GNGGA,080845.000,4424.35047,N,00855.20170,E,1,08,1.1,-7.8,M,44.7,M,,*61
6492 1627459724 0 3 2.52 0.00
6493 1627459724 0 4 2.52 1.46
6494 1627459724 0 5 0.03
6495 1627459724 0 6 0.11
6496 1627459724 0 8 4.98 12.24 11.87
6497 1627459725 0 1 1.660
6498 1627459725 0 0 25.30 8.23 207.8 61.19 98.5 6.21 150.4 18.9 202.1 1.62 41.10 10.3
6499 1627459725 0 7 $GNGGA,080846.000,4424.35080,N,00855.20059,E,1,08,1.1,-8.0,M,44.7,M,,*64
6500 1627459726 0 7 $GNGGA,080847.000,4424.35112,N,00855.19949,E,1,08,1.1,-8.2,M,44.7,M,,*6F
6501 1627459727 0 7 $GNGGA,080848.000,4424.35143,N,00855.19855,E,1,09,0.9,-8.3,M,44.7,M,,*61
6502 1627459727 0 3 2.52 0.00
6503 1627459727 0 4 2.52 1.46
6504 1627459727 0 5 0.03
6505 1627459727 0 6 0.10
6506 1627459727 0 8 4.97 12.25 11.84
6507 1627459728 0 1 1.685
6508 1627459728 0 0 25.30 8.23 207.7 61.18 98.4 6.20 150.6 19.0 202.1 1.64 41.10 10.4
6509 1627459728 0 7 $GNGGA,080849.000,4424.35178,N,00855.19755,E,1,09,0.9,-8.2,M,44.7,M,,*66
6510 1627459729 0 7 $GNGGA,080850.000,4424.35222,N,00855.19665,E,1,09,0.9,-8.2,M,44.7,M,,*60
6511 1627459730 0 7 $GNGGA,080851.000,4424.35270,N,00855.19602,E,1,09,0.9,-8.6,M,44.7,M,,*63
6512 1627459730 0 3 2.52 0.00
6513 1627459730 0 4 2.52 1.46
6514 1627459730 0 5 0.03
6515 1627459730 0 6 0.10
6516 1627459730 0 8 4.97 12.14 11.84
6517 1627459731 0 1 1.666
6518 1627459731 0 0 25.30 8.23 207.6 61.19 98.4 6.20 150.6 19.0 202.2 1.66 41.10 10.4
6519 1627459731 0 7 $GNGGA,080852.000,4424.35299,N,00855.19525,E,1,09,0.9,-8.1,M,44.7,M,,*66
6520 1627459732 0 7 $GNGGA,080853.000,4424.35359,N,00855.19452,E,1,09,0.9,-8.6,M,44.7,M,,*6C
6521 1627459733 0 7 $GNGGA,080854.000,4424.35416,N,00855.19377,E,1,09,0.9,-9.0,M,44.7,M,,*60
6522 1627459733 0 3 2.52 0.00
6523 1627459733 0 4 2.52 1.46
6524 1627459733 0 5 0.03
6525 1627459733 0 6 0.09
6526 1627459733 0 8 4.98 12.18 11.84
6527 1627459734 0 1 1.583
6528 1627459734 0 0 25.30 8.23 207.5 61.24 98.3 6.19 150.4 18.9 201.9 1.66 41.14 10.5
6529 1627459734 0 7 $GNGGA,080855.000,4424.35475,N,00855.19295,E,1,09,0.9,-9.3,M,44.7,M,,*6A
6530 1627459735 0 7 $GNGGA,080856.000,4424.35527,N,00855.19204,E,1,09,0.9,-9.5,M,44.7,M,,*61
6531 1627459736 0 7 $GNGGA,080857.000,4424.35589,N,00855.19107,E,1,09,0.9,-9.7,M,44.7,M,,*66
6532 1627459736 0 3 2.52 0.00
6533 1627459736 0 4 2.52 1.45
6534 1627459736 0 5 0.03
6535 1627459736 0 6 0.12
6536 1627459736 0 8 4.98 11.73 11.87
6537 1627459737 0 1 1.705
6538 1627459737 0 0 25.29 8.24 207.5 61.29 98.2 6.19 150.5 19.0 202.0 1.64 41.18 10.5
6539 1627459737 0 7 $GNGGA,080858.000,4424.35645,N,00855.19004,E,1,09,0.9,-9.7,M,44.7,M,,*68
6540 1627459738 0 7 $GNGGA,080859.000,4424.35695,N,00855.18905,E,1,09,0.9,-9.7,M,44.7,M,,*6D
6541 1627459739 0 7 $GNGGA,080900.000,4424.35744,N,00855.18808,E,1,09,0.9,-9.4,M,44.7,M,,*62
6542 1627459739 0 3 2.52 0.00
6543 1627459739 0 4 2.52 1.46
6544 1627459739 0 5 0.03
6545 1627459739 0 6 0.14
6546 1627459739 0 8 4.98 11.67 11.87
6547 1627459740 0 1 1.807
6548 1627459740 0 0 25.29 8.23 207.5 61.24 98.2 6.19 150.6 19.0 202.2 1.60 41.14 10.5
6549 1627459740 0 7 $GNGGA,080901.000,4424.35781,N,00855.18701,E,1,09,0.9,-8.8,M,44.7,M,,*61
6550 1627459741 0 7 $GNGGA,080902.000,4424.35832,N,00855.18607,E,1,09,0.9,-8.7,M,44.7,M,,*6D
6551 1627459742 0 7 $GNGGA,080903.000,4424.35887,N,00855.18515,E,1,09,0.9,-8.6,M,44.7,M,,*63
6552 1627459742 0 3 2.52 0.00
6553 1627459742 0 4 2.52 1.45
6554 1627459742 0 5 0.03
6555 1627459742 0 6 0.13
6556 1627459742 0 8 4.97 12.26 11.84
6557 1627459743 0 1 1.708
6558 1627459743 0 0 25.29 8.24 207.4 61.25 98.2 6.19 150.8 18.9 202.5 1.61 41.15 10.5
6559 1627459743 0 7 $GNGGA,080904.000,4424.35929,N,00855.18425,E,1,09,0.9,-8.3,M,44.7,M,,*66
6560 1627459744 0 7 $GNGGA,080905.000,4424.35969,N,00855.18323,E,1,09,0.9,-8.2,M,44.7,M,,*63
6561 1627459745 0 7 $GNGGA,080906.000,4424.36005,N,00855.18236,E,1,09,0.9,-7.9,M,44.7,M,,*61
6562 1627459745 0 3 2.52 0.00
6563 1627459745 0 4 2.52 1.46
6564 1627459745 0 5 0.03
6565 1627459745 0 6 0.10
6566 1627459745 0 8 4.98 12.19 11.87
6567 1627459746 0 1 2.351
6568 1627459746 0 0 25.29 8.23 207.4 61.20 98.2 6.19 150.7 19.0 202.2 1.63 41.11 10.5
6569 1627459746 0 7 $GNGGA,080907.000,4424.36041,N,00855.18154,E,1,09,0.9,-7.6,M,44.7,M,,*68
6570 1627459747 0 7 $GNGGA,080908.000,4424.36081,N,00855.18055,E,1,09,0.9,-7.4,M,44.7,M,,*69
6571 1627459748 0 7 $GNGGA,080909.000,4424.36120,N,00855.17957,E,1,09,0.9,-7.4,M,44.7,M,,*66
6572 1627459748 0 3 2.52 0.00
6573 1627459748 0 4 2.52 1.46
6574 1627459748 0 5 0.03
6575 1627459748 0 6 0.09
6576 1627459748 0 8 4.98 12.17 11.87
6577 1627459749 0 1 1.689
6578 1627459749 0 0 25.30 8.23 207.4 61.30 98.1 6.18 150.4 19.0 202.0 1.64 41.19 10.5
6579 1627459749 0 7 $GNGGA,080910.000,4424.36161,N,00855.17858,E,1,09,0.9,-7.4,M,44.7,M,,*65
6580 1627459750 0 7 $GNGGA,080911.000,4424.36208,N,00855.17766,E,1,09,0.9,-7.5,M,44.7,M,,*6B
6581 1627459751 0 7 $GNGGA,080912.000,4424.36252,N,00855.17679,E,1,08,1.1,-7.6,M,44.7,M,,*63
6582 1627459751 0 3 2.52 0.00
6583 1627459751 0 4 2.52 1.46
6584 1627459751 0 5 0.03
6585 1627459751 0 6 0.10
6586 1627459751 0 8 4.98 12.09 11.87
6587 1627459752 0 1 1.577
6588 1627459752 0 0 25.30 8.23 207.4 61.26 98.1 6.18 150.5 18.9 202.1 1.64 41.16 10.5
6589 1627459752 0 7 $GNGGA,080913.000,4424.36294,N,00855.17593,E,1,08,1.1,-7.6,M,44.7,M,,*6F
6590 1627459753 0 7 $GNGGA,080914.000,4424.36344,N,00855.17507,E,1,08,1.1,-8.0,M,44.7,M,,*60
6591 1627459754 0 7 $GNGGA,080915.000,4424.36397,N,00855.17412,E,1,08,1.1,-8.6,M,44.7,M,,*6C
6592 1627459754 0 3 2.52 0.00
6593 1627459754 0 4 2.52 1.46
6594 1627459754 0 5 0.03
6595 1627459754 0 6 0.11
6596 1627459754 0 8 4.97 11.88 11.87
6597 1627459755 0 1 1.554
6598 1627459755 0 0 25.30 8.23 207.4 61.21 98.1 6.18 150.6 18.9 201.9 1.63 41.12 10.4
6599 1627459755 0 7 $GNGGA,080916.000,4424.36442,N,00855.17316,E,1,08,1.1,-9.0,M,44.7,M,,*64
6600 1627459756 0 7 $GNGGA,080917.000,4424.36493,N,00855.17215,E,1,08,1.1,-9.2,M,44.7,M,,*69
6601 1627459757 0 7 $GNGGA,080918.000,4424.36543,N,00855.17120,E,1,08,1.1,-9.4,M,44.7,M,,*69
6602 1627459757 0 3 2.52 0.00
6603 1627459757 0 4 2.52 1.46
6604 1627459757 0 5 0.03
6605 1627459757 0 6 0.14
6606 1627459757 0 8 4.97 11.11 11.84
6607 1627459758 0 1 1.699
6608 1627459758 0 0 25.30 8.23 207.4 61.27 98.1 6.18 150.6 18.9 202.4 1.59 41.17 10.5
6609 1627459758 0 7 $GNGGA,080919.000,4424.36605,N,00855.17041,E,1,08,1.1,-10.1,M,44.7,M,,*52
6610 1627459759 0 7 $GNGGA,080920.000,4424.36661,N,00855.16968,E,1,08,1.1,-10.3,M,44.7,M,,*5B
6611 1627459759 0 2 0.07180000 1.62500000 1.24880003 0.01250000 2.69959998 0.00610000 0.03750000 0.31819999 1.00000000 91.73300170
6612 1627459760 0 7 $GNGGA,080921.000,4424.36713,N,00855.16910,E,1,08,1.1,-10.7,M,44.7,M,,*55
6613 1627459760 0 3 2.52 0.00
6614 1627459760 0 4 2.52 1.46
6615 1627459760 0 5 0.03
6616 1627459760 0 6 0.11
6617 1627459760 0 8 4.98 11.10 11.87
6618 1627459761 0 1 1.459
6619 1627459761 0 0 25.32 8.23 207.4 61.27 98.1 6.18 150.3 19.0 201.9 1.59 41.17 10.4
6620 1627459761 0 7 $GNGGA,080922.000,4424.36775,N,00855.16828,E,1,08,1.1,-11.0,M,44.7,M,,*5A
6621 1627459762 0 7 $GNGGA,080923.000,4424.36824,N,00855.16725,E,1,08,1.1,-11.1,M,44.7,M,,*53
6622 1627459763 0 7 $GNGGA,080924.000,4424.36877,N,00855.16624,E,1,08,1.1,-11.2,M,44.7,M,,*51
6623 1627459763 0 3 2.52 0.00
6624 1627459763 0 4 2.52 1.46
6625 1627459763 0 5 0.03
6627 1627459763 0 8 4.97 11.01 11.84
6628 1627459764 0 1 1.722
6629 1627459764 0 0 25.30 8.23 207.3 61.17 98.0 6.18 150.4 18.9 202.3 1.63 41.09 10.4
6630 1627459764 0 7 $GNGGA,080925.000,4424.36931,N,00855.16525,E,1,08,1.1,-11.2,M,44.7,M,,*51
6631 1627459765 0 7 $GNGGA,080926.000,4424.36982,N,00855.16420,E,1,08,1.1,-11.1,M,44.7,M,,*5D
6632 1627459766 0 7 $GNGGA,080927.000,4424.37024,N,00855.16310,E,1,08,1.1,-11.1,M,44.7,M,,*5C
6633 1627459766 0 3 2.52 0.00
6634 1627459766 0 4 2.52 1.46
6635 1627459766 0 5 0.03
6636 1627459766 0 6 0.10
6637 1627459766 0 8 4.98 11.01 11.87
6638 1627459767 0 1 1.874
6639 1627459767 0 0 25.27 8.24 207.2 61.24 98.0 6.18 150.8 18.9 202.3 1.66 41.14 10.5
6640 1627459767 0 7 $GNGGA,080928.000,4424.37069,N,00855.16201,E,1,08,1.1,-11.2,M,44.7,M,,*58
6641 1627459768 0 7 $GNGGA,080929.000,4424.37124,N,00855.16100,E,1,08,1.1,-11.6,M,44.7,M,,*57
6642 1627459769 0 7 $GNGGA,080930.000,4424.37184,N,00855.15983,E,1,08,1.1,-11.8,M,44.7,M,,*5B
6643 1627459769 0 3 2.52 0.00
6644 1627459769 0 4 2.52 1.46
6646 1627459769 0 6 0.10
6647 1627459769 0 8 4.97 10.86 11.87
6648 1627459770 0 1 1.756
6649 1627459770 0 0 25.29 8.24 207.2 61.19 98.0 6.18 150.5 18.9 202.4 1.67 41.10 10.5
6650 1627459770 0 7 $GNGGA,080931.000,4424.37230,N,00855.15866,E,1,08,1.1,-12.1,M,44.7,M,,*56
6651 1627459771 0 7 $GNGGA,080932.000,4424.37275,N,00855.15753,E,1,08,1.1,-12.4,M,44.7,M,,*58
6652 1627459772 0 7 $GNGGA,080933.000,4424.37329,N,00855.15655,E,1,08,1.1,-12.5,M,44.7,M,,*57
6653 1627459772 0 3 2.52 0.00
6654 1627459772 0 4 2.52 1.47
6655 1627459772 0 5 0.03
6656 1627459772 0 6 0.10
6657 1627459772 0 8 4.98 11.14 11.84
6658 1627459773 0 1 2.439
6659 1627459773 0 0 25.30 8.23 207.2 61.25 98.0 6.18 150.5 19.0 201.9 1.66 41.15 10.4
6660 1627459773 0 7 $GNGGA,080934.000,4424.37381,N,00855.15564,E,1,08,1.1,-12.4,M,44.7,M,,*52
6661 1627459774 0 7 $GNGGA,080935.000,4424.37427,N,00855.15465,E,1,08,1.1,-11.9,M,44.7,M,,*56
6662 1627459775 0 7 $GNGGA,080936.000,4424.37464,N,00855.15369,E,1,08,1.1,-11.1,M,44.7,M,,*51
6663 1627459775 0 3 2.52 0.00
6664 1627459775 0 4 2.52 1.47
6665 1627459775 0 5 0.03
6666 1627459775 0 6 0.10
6667 1627459775 0 8 4.98 10.89 11.87
6668 1627459776 0 0 25.32 8.23 207.2 61.21 98.0 6.18 150.2 19.0 201.4 1.66 41.12 10.4
6669 1627459776 0 7 $GNGGA,080937.000,4424.37506,N,00855.15281,E,1,08,1.1,-10.4,M,44.7,M,,*56
6670 1627459777 0 7 $GNGGA,080938.000,4424.37566,N,00855.15201,E,1,08,1.1,-10.0,M,44.7,M,,*53
6671 1627459778 0 7 $GNGGA,080939.000,4424.37631,N,00855.15114,E,1,08,1.1,-10.0,M,44.7,M,,*54
6672 1627459778 0 3 2.52 0.00
6673 1627459778 0 4 2.52 1.47
6674 1627459778 0 5 0.03
6675 1627459778 0 6 0.12
6676 1627459778 0 8 4.98 10.83 11.87
6677 1627459779 0 0 25.32 8.23 207.2 61.24 98.1 6.18 150.3 18.9 201.8 1.64 41.14 10.5
6678 1627459779 0 7 $GNGGA,080940.000,4424.37675,N,00855.15012,E,1,08,1.1,-10.1,M,44.7,M,,*5C
6679 1627459780 0 7 $GNGGA,080941.000,4424.37724,N,00855.14922,E,1,08,1.1,-10.1,M,44.7,M,,*53
6680 1627459781 0 7 $GNGGA,080942.000,4424.37767,N,00855.14819,E,1,08,1.1,-10.0,M,44.7,M,,*5F
6681 1627459781 0 3 2.52 0.00
6682 1627459781 0 4 2.52 1.47
6683 1627459781 0 5 0.03
6684 1627459781 0 6 0.11
6685 1627459781 0 8 4.97 10.92 11.87
6687 1627459782 0 7 $GNGGA,080943.000,4424.37800,N,00855.14708,E,1,08,1.1,-9.9,M,44.7,M,,*6E
6688 1627459783 0 7 $GNGGA,080944.000,4424.37834,N,00855.14600,E,1,08,1.1,-9.8,M,44.7,M,,*66
6689 1627459784 0 7 $GNGGA,080945.000,4424.37870,N,00855.14494,E,1,08,1.1,-9.8,M,44.7,M,,*68
6690 1627459784 0 3 2.52 0.00
6691 1627459784 0 4 2.52 1.47
6692 1627459784 0 5 0.03
6693 1627459784 0 6 0.11
6694 1627459785 0 8 4.98 11.80 11.87
6695 1627459785 0 0 25.30 8.24 207.1 61.17 98.1 6.18 150.6 18.9 202.3 1.64 41.09 10.5
6696 1627459785 0 7 $GNGGA,080946.000,4424.37906,N,00855.14394,E,1,08,1.1,-9.6,M,44.7,M,,*62
6697 1627459785 0 1 1.761
6698 1627459786 0 7 $GNGGA,080947.000,4424.37935,N,00855.14286,E,1,08,1.1,-9.6,M,44.7,M,,*61
6699 1627459787 0 7 $GNGGA,080948.000,4424.37961,N,00855.14182,E,1,08,1.1,-9.7,M,44.7,M,,*69
6700 1627459787 0 3 2.52 0.00
6701 1627459787 0 4 2.52 1.47
6702 1627459787 0 5 0.03
6703 1627459787 0 6 0.11
6704 1627459787 0 8 4.97 11.22 11.87
6705 1627459788 0 1 1.662
6706 1627459788 0 0 25.32 8.23 207.2 61.25 98.1 6.18 150.3 19.0 201.5 1.63 41.15 10.4
6707 1627459788 0 7 $GNGGA,080949.000,4424.37988,N,00855.14077,E,1,08,1.1,-9.6,M,44.7,M,,*65
6708 1627459789 0 7 $GNGGA,080950.000,4424.38025,N,00855.13962,E,1,08,1.1,-9.5,M,44.7,M,,*65
6709 1627459790 0 7 $GNGGA,080951.000,4424.38068,N,00855.13843,E,1,09,0.9,-9.4,M,44.7,M,,*66
6710 1627459790 0 3 2.52 0.00
6711 1627459790 0 4 2.52 1.47
6712 1627459790 0 5 0.03
6713 1627459790 0 6 0.09
6714 1627459790 0 8 4.98 10.80 11.84
6715 1627459791 0 1 2.096
6716 1627459791 0 0 25.30 8.23 207.1 61.16 98.1 6.18 150.6 18.9 202.2 1.61 41.08 10.5
6717 1627459791 0 7 $GNGGA,080952.000,4424.38125,N,00855.13727,E,1,09,0.9,-9.5,M,44.7,M,,*61
6718 1627459792 0 7 $GNGGA,080953.000,4424.38164,N,00855.13608,E,1,09,0.9,-9.6,M,44.7,M,,*6A
6719 1627459793 0 7 $GNGGA,080954.000,4424.38213,N,00855.13504,E,1,09,0.9,-9.7,M,44.7,M,,*60
6720 1627459793 0 3 2.52 0.00
6721 1627459793 0 4 2.52 1.47
6722 1627459793 0 5 0.03
6723 1627459793 0 6 0.10
6724 1627459793 0 8 4.98 10.61 11.87
6725 1627459794 0 1 1.667
6726 1627459794 0 0 25.32 8.23 207.1 61.19 98.1 6.18 150.4 18.9 201.8 1.63 41.10 10.5
6727 1627459794 0 7 $GNGGA,080955.000,4424.38270,N,00855.13417,E,1,09,0.9,-9.6,M,44.7,M,,*66
6728 1627459795 0 7 $GNGGA,080956.000,4424.38315,N,00855.13307,E,1,09,0.9,-9.7,M,44.7,M,,*60
6729 1627459796 0 7 $GNGGA,080957.000,4424.38360,N,00855.13205,E,1,09,0.9,-9.4,M,44.7,M,,*63
6730 1627459796 0 3 2.52 0.00
6731 1627459796 0 4 2.52 1.47
6732 1627459796 0 5 0.03
6733 1627459796 0 6 0.10
6734 1627459797 0 8 4.98 10.51 11.87
6735 1627459797 0 1 2.375
6736 1627459797 0 0 25.33 8.23 207.1 61.21 98.0 6.18 150.4 18.9 201.6 1.63 41.12 10.5
6737 1627459797 0 7 $GNGGA,080958.000,4424.38410,N,00855.13101,E,1,08,1.1,-9.3,M,44.7,M,,*64
6738 1627459798 0 7 $GNGGA,080959.000,4424.38455,N,00855.13003,E,1,08,1.1,-9.1,M,44.7,M,,*65
6739 1627459799 0 7 $GNGGA,081000.000,4424.38495,N,00855.12915,E,1,08,1.1,-8.9,M,44.7,M,,*6B
6740 1627459799 0 3 2.52 0.00
6741 1627459799 0 4 2.52 1.47
6742 1627459799 0 5 0.03
6743 1627459799 0 6 0.10
6744 1627459799 0 8 4.97 10.54 11.84
6745 1627459800 0 1 1.512
6746 1627459800 0 0 25.33 8.24 206.9 61.17 98.0 6.18 150.4 19.0 201.6 1.66 41.09 10.5
6747 1627459800 0 7 $GNGGA,081001.000,4424.38529,N,00855.12833,E,1,08,1.1,-8.6,M,44.7,M,,*66
6748 1627459801 0 7 $GNGGA,081002.000,4424.38564,N,00855.12725,E,1,08,1.1,-8.4,M,44.7,M,,*66
6749 1627459802 0 7 $GNGGA,081003.000,4424.38609,N,00855.12617,E,1,08,1.1,-8.3,M,44.7,M,,*68
6750 1627459802 0 3 2.52 0.00
6751 1627459802 0 4 2.52 1.47
6752 1627459802 0 5 0.03
6753 1627459802 0 6 0.12
6754 1627459802 0 8 4.97 10.54 11.87
6755 1627459803 0 1 1.403
6756 1627459803 0 0 25.34 8.23 207.0 61.16 98.1 6.18 150.3 19.0 202.0 1.66 41.08 10.5
6757 1627459803 0 7 $GNGGA,081004.000,4424.38650,N,00855.12520,E,1,08,1.1,-8.3,M,44.7,M,,*64
6758 1627459804 0 7 $GNGGA,081005.000,4424.38704,N,00855.12411,E,1,08,1.1,-8.4,M,44.7,M,,*61
6759 1627459805 0 7 $GNGGA,081006.000,4424.38754,N,00855.12313,E,1,09,0.9,-8.6,M,44.7,M,,*68
6760 1627459805 0 3 2.53 0.00
6761 1627459805 0 4 2.52 1.47
6762 1627459805 0 5 0.03
6763 1627459805 0 6 0.12
6764 1627459805 0 8 4.97 10.57 11.87
6765 1627459806 0 1 1.462
6766 1627459806 0 0 25.35 8.23 207.0 61.28 98.1 6.17 150.0 19.0 201.8 1.68 41.17 10.5
6767 1627459806 0 7 $GNGGA,081007.000,4424.38777,N,00855.12235,E,1,09,0.9,-8.2,M,44.7,M,,*69
6768 1627459807 0 7 $GNGGA,081008.000,4424.38823,N,00855.12135,E,1,09,0.9,-8.3,M,44.7,M,,*6A
6769 1627459808 0 7 $GNGGA,081009.000,4424.38872,N,00855.12037,E,1,09,0.9,-8.2,M,44.7,M,,*6D
6770 1627459808 0 3 2.52 0.00
6771 1627459808 0 4 2.52 1.47
6772 1627459808 0 5 0.03
6773 1627459808 0 6 0.10
6774 1627459808 0 8 4.98 10.58 11.87
6775 1627459809 0 1 1.849
6776 1627459809 0 0 25.32 8.22 207.1 61.26 98.1 6.18 150.3 18.9 202.2 1.65 41.15 10.2
6777 1627459809 0 7 $GNGGA,081010.000,4424.38916,N,00855.11943,E,1,09,0.9,-8.1,M,44.7,M,,*6C
6778 1627459810 0 7 $GNGGA,081011.000,4424.38967,N,00855.11844,E,1,09,0.9,-7.9,M,44.7,M,,*6A
6779 1627459811 0 7 $GNGGA,081012.000,4424.39020,N,00855.11745,E,1,09,0.9,-7.6,M,44.7,M,,*63
6780 1627459811 0 3 2.52 0.00
6781 1627459811 0 4 2.52 1.47
6782 1627459811 0 5 0.03
6783 1627459811 0 6 0.10
6784 1627459811 0 8 4.98 10.60 11.87
6785 1627459812 0 1 1.614
6786 1627459812 0 0 25.34 8.22 207.2 61.09 98.0 6.18 150.2 19.0 201.6 1.65 41.03 10.1
6787 1627459812 0 7 $GNGGA,081013.000,4424.39074,N,00855.11655,E,1,09,0.9,-7.5,M,44.7,M,,*60
6788 1627459813 0 7 $GNGGA,081014.000,4424.39122,N,00855.11573,E,1,09,0.9,-7.3,M,44.7,M,,*64
6789 1627459814 0 7 $GNGGA,081015.000,4424.39168,N,00855.11482,E,1,09,0.9,-7.2,M,44.7,M,,*65
6790 1627459814 0 3 2.52 0.00
6791 1627459814 0 4 2.52 1.48
6792 1627459814 0 5 0.03
6793 1627459814 0 6 0.11
6794 1627459814 0 8 4.98 10.60 11.84
6796 1627459815 0 0 25.32 8.22 207.1 61.08 98.0 6.18 150.4 18.9 202.2 1.68 41.02 10.1
6797 1627459815 0 7 $GNGGA,081016.000,4424.39214,N,00855.11388,E,1,09,0.9,-7.0,M,44.7,M,,*61
6798 1627459816 0 7 $GNGGA,081017.000,4424.39274,N,00855.11295,E,1,09,0.9,-6.9,M,44.7,M,,*63
6799 1627459817 0 7 $GNGGA,081018.000,4424.39316,N,00855.11214,E,1,08,1.1,-6.7,M,44.7,M,,*66
6800 1627459817 0 3 2.52 0.00
6801 1627459817 0 4 2.52 1.48
6802 1627459817 0 5 0.03
6803 1627459817 0 6 0.12
6804 1627459818 0 8 4.98 10.63 11.87
6805 1627459818 0 1 1.906
6806 1627459818 0 0 25.30 8.22 207.1 61.12 98.1 6.18 150.6 18.9 202.5 1.67 41.05 10.2
6807 1627459818 0 7 $GNGGA,081019.000,4424.39351,N,00855.11167,E,1,08,1.1,-6.2,M,44.7,M,,*66
6808 1627459819 0 7 $GNGGA,081020.000,4424.39413,N,00855.11080,E,1,09,0.9,-5.8,M,44.7,M,,*64
6809 1627459820 0 7 $GNGGA,081021.000,4424.39479,N,00855.10985,E,1,09,0.9,-5.2,M,44.7,M,,*6E
6810 1627459820 0 3 2.52 0.00
6811 1627459820 0 4 2.52 1.48
6812 1627459820 0 5 0.03
6813 1627459820 0 6 0.11
6814 1627459820 0 8 4.98 10.53 11.84
6815 1627459821 0 0 25.30 8.22 207.1 61.24 98.1 6.18 150.5 18.9 202.4 1.68 41.14 10.1
6816 1627459821 0 7 $GNGGA,081022.000,4424.39542,N,00855.10906,E,1,08,1.1,-4.7,M,44.7,M,,*63
6817 1627459822 0 7 $GNGGA,081023.000,4424.39606,N,00855.10817,E,1,08,1.1,-4.3,M,44.7,M,,*64
6818 1627459823 0 7 $GNGGA,081024.000,4424.39678,N,00855.10719,E,1,08,1.1,-4.7,M,44.7,M,,*6F
6819 1627459823 0 3 2.52 0.00
6820 1627459823 0 4 2.52 1.48
6821 1627459823 0 5 0.03
6822 1627459823 0 6 0.09
6823 1627459823 0 8 4.98 10.67 11.87
6824 1627459824 0 0 25.32 8.21 207.2 61.18 98.1 6.18 150.2 18.9 201.7 1.68 41.10 10.0
6825 1627459824 0 7 $GNGGA,081025.000,4424.39744,N,00855.10639,E,1,08,1.1,-4.6,M,44.7,M,,*62
6826 1627459825 0 7 $GNGGA,081026.000,4424.39812,N,00855.10530,E,1,08,1.1,-4.6,M,44.7,M,,*67
6827 1627459826 0 7 $GNGGA,081027.000,4424.39876,N,00855.10418,E,1,08,1.1,-4.7,M,44.7,M,,*6E
6828 1627459826 0 3 2.53 0.00
6829 1627459826 0 4 2.52 1.47
6830 1627459826 0 5 0.03
6832 1627459826 0 8 4.98 10.64 11.87
6833 1627459827 0 0 25.34 8.21 207.2 61.16 98.1 6.18 150.0 18.9 201.8 1.69 41.08 10.0
6834 1627459827 0 7 $GNGGA,081028.000,4424.39926,N,00855.10328,E,1,08,1.1,-4.4,M,44.7,M,,*62
6835 1627459828 0 7 $GNGGA,081029.000,4424.39993,N,00855.10245,E,1,08,1.1,-4.3,M,44.7,M,,*60
6836 1627459829 0 7 $GNGGA,081030.000,4424.40075,N,00855.10162,E,1,08,1.1,-4.2,M,44.7,M,,*60
6837 1627459829 0 3 2.53 0.00
6838 1627459829 0 4 2.52 1.47
6839 1627459829 0 5 0.03
6840 1627459829 0 6 0.11
6841 1627459830 0 8 4.98 10.51 11.84
6842 1627459830 0 0 25.37 8.21 207.2 61.17 98.0 6.17 149.7 19.0 201.4 1.73 41.09 10.0
6843 1627459830 0 7 $GNGGA,081031.000,4424.40137,N,00855.10066,E,1,08,1.1,-4.2,M,44.7,M,,*63
6844 1627459830 0 1 1.567
6845 1627459831 0 7 $GNGGA,081032.000,4424.40191,N,00855.09987,E,1,08,1.1,-4.1,M,44.7,M,,*61
6846 1627459832 0 7 $GNGGA,081033.000,4424.40236,N,00855.09909,E,1,08,1.1,-3.8,M,44.7,M,,*66
6847 1627459832 0 3 2.53 0.00
6848 1627459832 0 4 2.52 1.47
6849 1627459832 0 5 0.03
6850 1627459832 0 6 0.12
6851 1627459833 0 8 4.98 10.58 11.87
6852 1627459833 0 1 1.748
6853 1627459833 0 0 25.34 8.21 207.2 61.10 98.0 6.18 150.0 18.9 201.7 1.74 41.04 9.9
6854 1627459833 0 7 $GNGGA,081034.000,4424.40295,N,00855.09831,E,1,08,1.1,-3.7,M,44.7,M,,*6D
6855 1627459834 0 7 $GNGGA,081035.000,4424.40362,N,00855.09754,E,1,08,1.1,-3.7,M,44.7,M,,*69
6856 1627459835 0 7 $GNGGA,081036.000,4424.40434,N,00855.09672,E,1,08,1.1,-3.7,M,44.7,M,,*6B
6857 1627459835 0 3 2.53 0.00
6861 1627459835 0 8 4.97 10.54 11.84
6862 1627459836 0 1 1.796
6863 1627459836 0 0 25.38 8.21 207.1 61.15 98.0 6.17 149.7 18.9 201.4 1.75 41.07 9.9
6864 1627459836 0 7 $GNGGA,081037.000,4424.40497,N,00855.09586,E,1,08,1.1,-3.7,M,44.7,M,,*6B
6865 1627459837 0 7 $GNGGA,081038.000,4424.40565,N,00855.09508,E,1,08,1.1,-3.7,M,44.7,M,,*6E
6866 1627459838 0 7 $GNGGA,081039.000,4424.40645,N,00855.09431,E,1,08,1.1,-3.3,M,44.7,M,,*61
6867 1627459838 0 3 2.53 0.00
6868 1627459838 0 4 2.52 1.47
6869 1627459838 0 5 0.03
6870 1627459838 0 6 0.13
6871 1627459839 0 8 4.97 10.48 11.84
6873 1627459839 0 0 25.36 8.21 207.2 61.20 97.9 6.17 149.9 18.9 201.8 1.75 41.11 9.9
6874 1627459839 0 7 $GNGGA,081040.000,4424.40731,N,00855.09355,E,1,08,1.1,-3.0,M,44.7,M,,*6B
6875 1627459840 0 7 $GNGGA,081041.000,4424.40806,N,00855.09271,E,1,08,1.1,-2.5,M,44.7,M,,*62
6876 1627459841 0 7 $GNGGA,081042.000,4424.40883,N,00855.09195,E,1,08,1.1,-2.1,M,44.7,M,,*61
6877 1627459841 0 3 2.53 0.00
6878 1627459841 0 4 2.52 1.48
6879 1627459841 0 5 0.03
6880 1627459841 0 6 0.14
6884 1627459842 0 7 $GNGGA,081043.000,4424.40979,N,00855.09115,E,1,08,1.1,-1.5,M,44.7,M,,*6B
6885 1627459843 0 7 $GNGGA,081044.000,4424.41068,N,00855.09050,E,1,09,0.9,-1.1,M,44.7,M,,*68
6886 1627459844 0 7 $GNGGA,081045.000,4424.41144,N,00855.08986,E,1,09,0.9,-0.9,M,44.7,M,,*6C
6887 1627459844 0 3 2.53 0.00
6888 1627459844 0 4 2.52 1.48
6889 1627459844 0 5 0.03
6890 1627459844 0 6 0.13
6891 1627459845 0 8 4.97 10.58 11.87
6892 1627459845 0 1 1.558
6893 1627459845 0 0 25.34 8.21 207.1 61.19 97.8 6.16 150.3 18.9 202.1 1.77 41.10 10.0
6894 1627459845 0 7 $GNGGA,081046.000,4424.41223,N,00855.08920,E,1,09,0.9,-1.2,M,44.7,M,,*6B
6895 1627459846 0 7 $GNGGA,081047.000,4424.41287,N,00855.08854,E,1,09,0.9,-1.3,M,44.7,M,,*67
6896 1627459847 0 7 $GNGGA,081048.000,4424.41347,N,00855.08784,E,1,09,0.9,-1.3,M,44.7,M,,*67
6897 1627459847 0 3 2.53 0.00
6898 1627459847 0 4 2.52 1.48
6899 1627459847 0 5 0.03
6900 1627459848 0 6 0.11
6901 1627459848 0 8 4.97 10.60 11.87
6902 1627459848 0 1 1.469
6903 1627459848 0 0 25.34 8.22 207.0 61.20 97.8 6.16 150.3 18.9 202.4 1.74 41.11 10.1
6904 1627459848 0 7 $GNGGA,081049.000,4424.41425,N,00855.08724,E,1,09,0.9,-1.3,M,44.7,M,,*6F
6905 1627459849 0 7 $GNGGA,081050.000,4424.41500,N,00855.08674,E,1,09,0.9,-1.1,M,44.7,M,,*67
6906 1627459850 0 7 $GNGGA,081051.000,4424.41567,N,00855.08618,E,1,09,0.9,-1.0,M,44.7,M,,*6C
6907 1627459850 0 3 2.53 0.00
6908 1627459850 0 4 2.52 1.48
6909 1627459850 0 5 0.03
6910 1627459850 0 6 0.09
6911 1627459851 0 8 4.98 10.55 11.87
6912 1627459851 0 1 1.443
6913 1627459851 0 0 25.34 8.22 207.0 61.14 97.7 6.16 150.1 19.0 202.4 1.75 41.06 10.1
6914 1627459851 0 7 $GNGGA,081052.000,4424.41625,N,00855.08552,E,1,09,0.9,-0.8,M,44.7,M,,*6E
6915 1627459852 0 7 $GNGGA,081053.000,4424.41698,N,00855.08495,E,1,09,0.9,-0.9,M,44.7,M,,*62
6916 1627459853 0 7 $GNGGA,081054.000,4424.41766,N,00855.08425,E,1,09,0.9,-0.8,M,44.7,M,,*6F
6917 1627459853 0 3 2.53 0.00
6918 1627459853 0 4 2.52 1.49
6919 1627459853 0 5 0.03
6922 1627459854 0 1 1.490
6923 1627459854 0 0 25.35 8.21 207.0 61.10 97.7 6.16 150.1 19.0 201.9 1.72 41.03 10.0
6924 1627459854 0 7 $GNGGA,081055.000,4424.41834,N,00855.08361,E,1,09,0.9,-0.7,M,44.7,M,,*6E
6925 1627459855 0 7 $GNGGA,081056.000,4424.41925,N,00855.08327,E,1,09,0.9,-0.4,M,44.7,M,,*6D
6926 1627459856 0 7 $GNGGA,081057.000,4424.42021,N,00855.08298,E,1,09,0.9,-0.3,M,44.7,M,,*60
6927 1627459856 0 3 2.53 0.00
6928 1627459856 0 4 2.52 1.48
6929 1627459856 0 5 0.03
6930 1627459856 0 6 0.11
6931 1627459857 0 8 4.98 10.58 11.87
6932 1627459857 0 1 1.303
6933 1627459857 0 0 25.36 8.21 207.0 61.12 97.7 6.15 149.8 19.0 201.8 1.73 41.05 10.0
6934 1627459857 0 7 $GNGGA,081058.000,4424.42100,N,00855.08249,E,1,09,0.9,-0.2,M,44.7,M,,*60
6935 1627459858 0 7 $GNGGA,081059.000,4424.42164,N,00855.08190,E,1,09,0.9,-0.1,M,44.7,M,,*67
6936 1627459859 0 7 $GNGGA,081100.000,4424.42242,N,00855.08131,E,1,09,0.9,0.0,M,44.7,M,,*4A
6937 1627459859 0 3 2.53 0.00
6938 1627459859 0 4 2.52 1.49
6939 1627459859 0 5 0.03
6940 1627459859 0 6 0.09
6941 1627459860 0 8 4.98 10.63 11.84
6942 1627459860 0 1 1.317
6943 1627459860 0 0 25.35 8.22 206.9 61.14 97.6 6.15 150.1 19.0 202.2 1.78 41.06 10.1
6944 1627459860 0 7 $GNGGA,081101.000,4424.42329,N,00855.08083,E,1,09,0.9,-0.1,M,44.7,M,,*63
6945 1627459861 0 7 $GNGGA,081102.000,4424.42412,N,00855.08050,E,1,09,0.9,-0.3,M,44.7,M,,*63
6946 1627459862 0 7 $GNGGA,081103.000,4424.42494,N,00855.08027,E,1,09,0.9,-0.3,M,44.7,M,,*6C
6947 1627459862 0 3 2.53 0.00
6948 1627459862 0 4 2.52 1.49
6949 1627459862 0 5 0.03
6950 1627459862 0 6 0.12
6951 1627459863 0 8 4.98 10.67 11.87
6952 1627459863 0 1 1.702
6953 1627459863 0 0 25.32 8.23 206.8 61.15 97.5 6.14 150.5 19.0 202.9 1.78 41.07 10.3
