/home/matrac-user/Devel/SEPG_2021-07-28/tuttomatrac/apps/build-mokupUI-Desktop_Qt_5_15_0_GCC_64bit-Release/SEPG_grid_batimetria.xyz__2m_5.000000x5.000000x2.000000x.mesh
9821 1627460724 0 7 $GNGGA,082524.000,4424.35615,N,00855.23940,E,1,10,1.0,-0.9,M,44.7,M,,*6E
9822 1627460724 0 3 2.53 0.00
9823 1627460724 0 4 2.52 1.70
9824 1627460724 0 5 0.03
9825 1627460724 0 6 0.39
9826 1627460724 0 8 4.98 12.27 11.87
9827 1627460725 0 1 2.265
9828 1627460725 0 0 25.29 8.23 198.8 61.17 97.4 6.14 149.7 18.9 198.7 2.09 41.09 10.3
9829 1627460725 0 7 $GNGGA,082525.000,4424.35576,N,00855.24049,E,1,10,1.0,-1.0,M,44.7,M,,*66
9830 1627460726 0 7 $GNGGA,082526.000,4424.35551,N,00855.24157,E,1,10,1.0,-0.9,M,44.7,M,,*66
9831 1627460727 0 7 $GNGGA,082527.000,4424.35535,N,00855.24275,E,1,10,1.0,-0.8,M,44.7,M,,*67
9832 1627460727 0 3 2.53 0.00
9833 1627460727 0 4 2.52 1.70
9834 1627460727 0 5 0.03
9835 1627460727 0 6 0.45
9836 1627460727 0 8 4.98 12.26 11.84
9837 1627460728 0 1 2.438
9838 1627460728 0 0 25.28 8.23 198.8 61.10 97.4 6.15 149.9 18.9 199.1 2.11 41.03 10.3
9839 1627460728 0 7 $GNGGA,082528.000,4424.35529,N,00855.24382,E,1,10,1.0,-0.8,M,44.7,M,,*6C
9840 1627460729 0 7 $GNGGA,082529.000,4424.35508,N,00855.24483,E,1,10,1.0,-1.2,M,44.7,M,,*63
9841 1627460730 0 7 $GNGGA,082530.000,4424.35466,N,00855.24552,E,1,10,1.0,-1.9,M,44.7,M,,*64
9842 1627460730 0 3 2.53 0.00
9843 1627460730 0 4 2.52 1.66
9844 1627460730 0 5 0.03
9845 1627460730 0 6 0.44
9846 1627460731 0 8 4.98 12.26 11.87
9847 1627460731 0 1 2.201
9848 1627460731 0 0 25.27 8.23 198.8 61.22 97.5 6.15 149.8 18.9 199.0 2.11 41.13 10.3
9849 1627460731 0 7 $GNGGA,082531.000,4424.35417,N,00855.24606,E,1,10,1.0,-2.5,M,44.7,M,,*6E
9850 1627460732 0 7 $GNGGA,082532.000,4424.35371,N,00855.24649,E,1,10,1.0,-3.0,M,44.7,M,,*65
9851 1627460733 0 7 $GNGGA,082533.000,4424.35314,N,00855.24712,E,1,10,1.0,-3.5,M,44.7,M,,*6D
9852 1627460733 0 3 2.53 0.00
9853 1627460733 0 4 2.52 1.68
9854 1627460733 0 5 0.03
9855 1627460733 0 6 0.35
9856 1627460733 0 8 4.98 12.26 11.87
9857 1627460734 0 1 2.953
9858 1627460734 0 0 25.27 8.23 198.8 61.21 97.5 6.15 149.9 18.9 199.3 2.14 41.12 10.3
9859 1627460734 0 7 $GNGGA,082534.000,4424.35278,N,00855.24779,E,1,10,1.0,-3.8,M,44.7,M,,*61
9860 1627460735 0 7 $GNGGA,082535.000,4424.35228,N,00855.24848,E,1,10,1.0,-4.0,M,44.7,M,,*67
9861 1627460736 0 7 $GNGGA,082536.000,4424.35195,N,00855.24939,E,1,10,1.0,-4.3,M,44.7,M,,*65
9862 1627460736 0 3 2.53 0.00
9863 1627460736 0 4 2.52 1.67
9864 1627460736 0 5 0.03
9865 1627460736 0 6 0.36
9866 1627460737 0 8 4.98 12.26 11.87
9867 1627460737 0 1 2.435
9868 1627460737 0 0 25.27 8.23 198.8 61.15 97.5 6.15 149.8 18.9 199.0 2.17 41.08 10.3
9869 1627460737 0 7 $GNGGA,082537.000,4424.35173,N,00855.25043,E,1,10,1.0,-4.4,M,44.7,M,,*6E
9870 1627460738 0 7 $GNGGA,082538.000,4424.35130,N,00855.25121,E,1,10,1.0,-4.1,M,44.7,M,,*66
9871 1627460739 0 7 $GNGGA,082539.000,4424.35047,N,00855.25183,E,1,10,1.0,-3.6,M,44.7,M,,*6E
9872 1627460739 0 3 2.53 0.00
9873 1627460739 0 4 2.52 1.68
9874 1627460739 0 5 0.03
9875 1627460739 0 6 0.42
9876 1627460740 0 8 4.98 12.26 11.87
9877 1627460740 0 1 2.322
9878 1627460740 0 0 25.27 8.23 198.7 61.22 97.5 6.15 149.7 18.9 198.6 2.17 41.13 10.3
9879 1627460740 0 7 $GNGGA,082540.000,4424.34953,N,00855.25232,E,1,10,1.0,-3.6,M,44.7,M,,*64
9880 1627460741 0 7 $GNGGA,082541.000,4424.34878,N,00855.25288,E,1,10,1.0,-3.9,M,44.7,M,,*63
9881 1627460742 0 7 $GNGGA,082542.000,4424.34817,N,00855.25324,E,1,10,1.0,-4.0,M,44.7,M,,*60
9882 1627460742 0 3 2.53 0.00
9883 1627460742 0 4 2.52 1.68
9884 1627460742 0 5 0.03
9885 1627460742 0 6 0.36
9886 1627460743 0 8 4.98 12.26 11.87
9887 1627460743 0 1 2.336
9888 1627460743 0 0 25.27 8.23 198.7 61.25 97.5 6.15 149.8 18.9 199.3 2.17 41.15 10.3
9889 1627460743 0 7 $GNGGA,082543.000,4424.34775,N,00855.25365,E,1,10,1.0,-4.2,M,44.7,M,,*6D
9890 1627460744 0 7 $GNGGA,082544.000,4424.34718,N,00855.25416,E,1,10,1.0,-4.2,M,44.7,M,,*62
9891 1627460745 0 7 $GNGGA,082545.000,4424.34651,N,00855.25478,E,1,10,1.0,-4.1,M,44.7,M,,*64
9892 1627460745 0 3 2.53 0.00
9893 1627460745 0 4 2.52 1.68
9894 1627460745 0 5 0.03
9895 1627460745 0 6 0.40
9896 1627460746 0 8 4.97 12.26 11.87
9897 1627460746 0 1 2.392
9898 1627460746 0 0 25.27 8.23 198.7 61.27 97.6 6.15 149.9 18.9 198.9 2.19 41.16 10.4
9899 1627460746 0 7 $GNGGA,082546.000,4424.34570,N,00855.25536,E,1,10,1.0,-4.0,M,44.7,M,,*6D
9900 1627460747 0 7 $GNGGA,082547.000,4424.34495,N,00855.25590,E,1,10,1.0,-4.1,M,44.7,M,,*6B
9901 1627460748 0 7 $GNGGA,082548.000,4424.34438,N,00855.25641,E,1,10,1.0,-4.0,M,44.7,M,,*6D
9902 1627460748 0 3 2.53 0.00
9903 1627460748 0 4 2.52 1.68
9904 1627460748 0 5 0.03
9905 1627460748 0 6 0.38
9906 1627460749 0 8 4.97 12.26 11.87
9907 1627460749 0 1 2.354
9908 1627460749 0 0 25.26 8.24 198.7 61.18 97.5 6.15 149.8 18.9 198.8 2.21 41.10 10.4
9909 1627460749 0 7 $GNGGA,082549.000,4424.34404,N,00855.25681,E,1,10,1.0,-4.5,M,44.7,M,,*6A
9910 1627460750 0 7 $GNGGA,082550.000,4424.34370,N,00855.25730,E,1,10,1.0,-4.7,M,44.7,M,,*6F
9911 1627460751 0 7 $GNGGA,082551.000,4424.34335,N,00855.25779,E,1,10,1.0,-4.7,M,44.7,M,,*62
9912 1627460751 0 3 2.53 0.00
9913 1627460751 0 4 2.52 1.68
9914 1627460751 0 5 0.03
9915 1627460751 0 6 0.34
9916 1627460752 0 8 4.98 12.25 11.87
9917 1627460752 0 1 2.393
9919 1627460752 0 7 $GNGGA,082552.000,4424.34301,N,00855.25843,E,1,10,1.0,-4.7,M,44.7,M,,*60
9920 1627460753 0 7 $GNGGA,082553.000,4424.34261,N,00855.25912,E,1,10,1.0,-4.5,M,44.7,M,,*61
9921 1627460754 0 7 $GNGGA,082554.000,4424.34213,N,00855.25988,E,1,10,1.0,-4.4,M,44.7,M,,*61
9922 1627460754 0 3 2.53 0.00
9923 1627460754 0 4 2.52 1.68
9924 1627460754 0 5 0.03
9925 1627460754 0 6 0.37
9926 1627460755 0 8 4.97 12.24 11.87
9927 1627460755 0 1 2.642
9932 1627460757 0 3 2.53 0.00
9933 1627460757 0 4 2.52 1.68
9934 1627460757 0 5 0.03
9935 1627460757 0 6 0.36
9936 1627460758 0 8 4.98 12.25 11.87
9937 1627460758 0 1 2.623
9938 1627460758 0 0 25.27 8.24 198.6 61.24 97.5 6.15 149.7 18.9 198.8 2.21 41.14 10.5
9939 1627460758 0 7 $GNGGA,082558.000,4424.33980,N,00855.26211,E,1,10,1.0,-3.0,M,44.7,M,,*60
9940 1627460759 0 7 $GNGGA,082559.000,4424.33908,N,00855.26251,E,1,10,1.0,-2.9,M,44.7,M,,*6D
9941 1627460760 0 7 $GNGGA,082600.000,4424.33844,N,00855.26300,E,1,10,1.0,-2.9,M,44.7,M,,*6E
9942 1627460760 0 3 2.53 0.00
9943 1627460760 0 4 2.52 1.68
9944 1627460760 0 5 0.03
9945 1627460760 0 6 0.35
9946 1627460761 0 8 4.98 12.24 11.84
9947 1627460761 0 1 3.141
9948 1627460761 0 0 25.27 8.24 198.6 61.22 97.5 6.15 149.8 18.9 198.9 2.22 41.13 10.5
9949 1627460761 0 7 $GNGGA,082601.000,4424.33766,N,00855.26345,E,1,10,1.0,-2.6,M,44.7,M,,*6E
9950 1627460762 0 7 $GNGGA,082602.000,4424.33700,N,00855.26399,E,1,10,1.0,-2.8,M,44.7,M,,*62
9951 1627460763 0 7 $GNGGA,082603.000,4424.33654,N,00855.26447,E,1,10,1.0,-3.0,M,44.7,M,,*6E
9952 1627460763 0 3 2.53 0.00
9953 1627460763 0 4 2.52 1.68
9954 1627460763 0 5 0.03
9955 1627460763 0 6 0.35
9956 1627460764 0 8 4.98 12.24 11.87
9957 1627460764 0 1 2.557
9958 1627460764 0 0 25.27 8.24 198.6 61.21 97.5 6.15 149.7 18.9 198.9 2.23 41.12 10.4
9959 1627460764 0 7 $GNGGA,082604.000,4424.33593,N,00855.26480,E,1,10,1.0,-2.4,M,44.7,M,,*6F
9960 1627460765 0 7 $GNGGA,082605.000,4424.33535,N,00855.26527,E,1,10,1.0,-2.1,M,44.7,M,,*6B
9961 1627460766 0 7 $GNGGA,082606.000,4424.33473,N,00855.26574,E,1,10,1.0,-1.7,M,44.7,M,,*68
9962 1627460766 0 3 2.53 0.00
9963 1627460766 0 4 2.52 1.68
9964 1627460766 0 5 0.03
9965 1627460766 0 6 0.36
9966 1627460767 0 8 4.98 12.23 11.87
9967 1627460767 0 1 2.460
9968 1627460767 0 0 25.27 8.23 198.6 61.26 97.5 6.15 149.6 18.9 198.6 2.23 41.16 10.4
9969 1627460767 0 7 $GNGGA,082607.000,4424.33415,N,00855.26629,E,1,10,1.0,-1.2,M,44.7,M,,*67
9970 1627460768 0 7 $GNGGA,082608.000,4424.33350,N,00855.26684,E,1,10,1.0,-0.8,M,44.7,M,,*62
9971 1627460769 0 7 $GNGGA,082609.000,4424.33287,N,00855.26730,E,1,10,1.0,-0.7,M,44.7,M,,*69
9972 1627460769 0 3 2.53 0.00
9973 1627460769 0 4 2.52 1.68
9974 1627460769 0 5 0.03
9975 1627460769 0 6 0.33
9976 1627460770 0 8 4.98 12.22 11.87
9977 1627460770 0 1 2.584
9978 1627460770 0 0 25.28 8.23 198.7 61.19 97.5 6.15 149.5 18.9 198.0 2.23 41.10 10.3
9979 1627460770 0 7 $GNGGA,082610.000,4424.33225,N,00855.26776,E,1,10,1.0,-1.0,M,44.7,M,,*6D
9980 1627460771 0 7 $GNGGA,082611.000,4424.33160,N,00855.26811,E,1,10,1.0,-1.3,M,44.7,M,,*63
9981 1627460772 0 7 $GNGGA,082612.000,4424.33098,N,00855.26831,E,1,10,1.0,-1.4,M,44.7,M,,*63
9982 1627460772 0 3 2.53 0.00
9983 1627460772 0 4 2.52 1.68
9984 1627460772 0 5 0.03
9985 1627460772 0 6 0.35
9986 1627460773 0 8 4.98 12.21 11.87
9987 1627460773 0 1 2.690
9988 1627460773 0 0 25.28 8.23 198.7 61.24 97.6 6.15 149.5 18.9 198.5 2.22 41.15 10.3
9989 1627460773 0 7 $GNGGA,082613.000,4424.33041,N,00855.26859,E,1,10,1.0,-1.5,M,44.7,M,,*69
9990 1627460774 0 7 $GNGGA,082614.000,4424.32993,N,00855.26901,E,1,10,1.0,-0.6,M,44.7,M,,*67
9991 1627460775 0 7 $GNGGA,082615.000,4424.32945,N,00855.26946,E,1,10,1.0,-0.2,M,44.7,M,,*6A
9992 1627460775 0 3 2.53 0.00
9993 1627460775 0 4 2.52 1.68
9994 1627460775 0 5 0.03
9995 1627460775 0 6 0.35
9996 1627460775 0 8 4.98 12.21 11.87
9997 1627460775 0 1 2.572
9998 1627460776 0 0 25.28 8.23 198.6 61.20 97.6 6.15 149.6 18.9 198.6 2.20 41.12 10.3
9999 1627460776 0 7 $GNGGA,082616.000,4424.32872,N,00855.26987,E,1,10,1.0,0.2,M,44.7,M,,*4C
10000 1627460777 0 7 $GNGGA,082617.000,4424.32793,N,00855.27020,E,1,10,1.0,0.7,M,44.7,M,,*4D
10001 1627460778 0 7 $GNGGA,082618.000,4424.32694,N,00855.27039,E,1,10,1.0,1.6,M,44.7,M,,*4C
10002 1627460778 0 3 2.53 0.00
10003 1627460778 0 4 2.52 1.68
10004 1627460778 0 5 0.03
10005 1627460778 0 6 0.34
10006 1627460778 0 8 4.97 12.21 11.84
10007 1627460778 0 1 2.713
10008 1627460779 0 0 25.27 8.24 198.6 61.26 97.6 6.15 149.6 18.9 198.8 2.20 41.16 10.4
10009 1627460779 0 7 $GNGGA,082619.000,4424.32590,N,00855.27064,E,1,10,1.0,2.3,M,44.7,M,,*44
10010 1627460779 0 7 $GNGGA,082620.000,4424.32498,N,00855.27098,E,1,10,1.0,3.2,M,44.7,M,,*44
10011 1627460781 0 7 $GNGGA,082621.000,4424.32415,N,00855.27137,E,1,10,1.0,4.0,M,44.7,M,,*41
10012 1627460781 0 3 2.53 0.00
10013 1627460781 0 4 2.52 1.68
10014 1627460781 0 5 0.03
10015 1627460781 0 6 0.33
10016 1627460781 0 8 4.97 12.06 11.84
10017 1627460781 0 1 2.835
10018 1627460782 0 0 25.28 8.24 198.6 61.26 97.7 6.16 149.5 18.9 198.8 2.18 41.16 10.4
10019 1627460782 0 7 $GNGGA,082622.000,4424.32346,N,00855.27178,E,1,10,1.0,4.8,M,44.7,M,,*40
10020 1627460782 0 7 $GNGGA,082623.000,4424.32273,N,00855.27231,E,1,10,1.0,4.7,M,44.7,M,,*47
10021 1627460783 0 7 $GNGGA,082624.000,4424.32178,N,00855.27272,E,1,10,1.0,4.7,M,44.7,M,,*4F
10022 1627460784 0 3 2.53 0.00
10023 1627460784 0 4 2.52 1.68
10024 1627460784 0 5 0.03
10025 1627460784 0 6 0.36
10026 1627460784 0 8 4.98 12.20 11.87
10027 1627460784 0 1 2.584
10028 1627460785 0 0 25.29 8.24 198.5 61.23 97.7 6.16 149.6 18.9 198.5 2.17 41.13 10.4
10029 1627460785 0 7 $GNGGA,082625.000,4424.32084,N,00855.27293,E,1,10,1.0,4.5,M,44.7,M,,*41
10030 1627460785 0 7 $GNGGA,082626.000,4424.32015,N,00855.27311,E,1,10,1.0,3.7,M,44.7,M,,*44
10031 1627460786 0 7 $GNGGA,082627.000,4424.31930,N,00855.27321,E,1,10,1.0,3.2,M,44.7,M,,*4E
10032 1627460787 0 3 2.53 0.00
10038 1627460788 0 0 25.31 8.24 198.5 61.19 97.7 6.15 149.2 18.9 198.4 2.16 41.10 10.4
10039 1627460788 0 7 $GNGGA,082628.000,4424.31843,N,00855.27328,E,1,10,1.0,2.9,M,44.7,M,,*47
10040 1627460788 0 7 $GNGGA,082629.000,4424.31774,N,00855.27344,E,1,10,1.0,2.9,M,44.7,M,,*47
10041 1627460789 0 7 $GNGGA,082630.000,4424.31719,N,00855.27400,E,1,10,1.0,3.1,M,44.7,M,,*4A
10042 1627460790 0 3 2.53 0.00
10043 1627460790 0 4 2.52 1.67
10044 1627460790 0 5 0.03
10045 1627460790 0 6 0.31
10046 1627460790 0 8 4.97 12.05 11.84
10047 1627460790 0 1 2.803
10048 1627460791 0 0 25.31 8.24 198.4 61.24 97.7 6.16 149.3 18.9 199.0 2.13 41.14 10.5
10049 1627460791 0 7 $GNGGA,082631.000,4424.31669,N,00855.27471,E,1,10,1.0,3.3,M,44.7,M,,*49
10050 1627460791 0 7 $GNGGA,082632.000,4424.31615,N,00855.27539,E,1,10,1.0,3.4,M,44.7,M,,*4B
10051 1627460792 0 7 $GNGGA,082633.000,4424.31560,N,00855.27581,E,1,10,1.0,3.5,M,44.7,M,,*49
10052 1627460793 0 3 2.53 0.00
10053 1627460793 0 4 2.52 1.67
10054 1627460793 0 5 0.03
10055 1627460793 0 6 0.30
10056 1627460793 0 8 4.98 12.19 11.87
10057 1627460793 0 1 2.584
10058 1627460794 0 0 25.34 8.24 198.4 61.21 97.7 6.15 149.1 18.9 198.1 2.09 41.12 10.6
10059 1627460794 0 7 $GNGGA,082634.000,4424.31523,N,00855.27607,E,1,10,1.0,3.1,M,44.7,M,,*40
10060 1627460794 0 7 $GNGGA,082635.000,4424.31475,N,00855.27615,E,1,10,1.0,3.4,M,44.7,M,,*45
10061 1627460796 0 7 $GNGGA,082636.000,4424.31414,N,00855.27623,E,1,10,1.0,4.0,M,44.7,M,,*47
10062 1627460796 0 3 2.53 0.00
10063 1627460796 0 4 2.52 1.66
10064 1627460796 0 5 0.03
10065 1627460796 0 6 0.32
10066 1627460796 0 8 4.98 12.06 11.84
10067 1627460796 0 1 2.608
10068 1627460797 0 0 25.33 8.24 198.3 61.29 97.7 6.15 149.3 18.9 199.0 2.06 41.18 10.6
10069 1627460797 0 7 $GNGGA,082637.000,4424.31330,N,00855.27609,E,1,10,1.0,4.6,M,44.7,M,,*49
10070 1627460797 0 7 $GNGGA,082638.000,4424.31259,N,00855.27612,E,1,10,1.0,4.8,M,44.7,M,,*4C
10071 1627460798 0 7 $GNGGA,082639.000,4424.31162,N,00855.27587,E,1,09,1.2,5.0,M,44.7,M,,*4A
10072 1627460799 0 3 2.53 0.00
10073 1627460799 0 4 2.52 1.66
10074 1627460799 0 5 0.03
10075 1627460799 0 6 0.41
10076 1627460799 0 8 4.97 12.05 11.87
10077 1627460799 0 1 2.417
10078 1627460800 0 0 25.33 8.24 198.3 61.26 97.8 6.16 149.4 18.9 199.2 2.04 41.16 10.6
10079 1627460800 0 7 $GNGGA,082640.000,4424.31065,N,00855.27560,E,1,10,1.0,4.9,M,44.7,M,,*49
10080 1627460801 0 7 $GNGGA,082641.000,4424.30954,N,00855.27537,E,1,10,1.0,4.2,M,44.7,M,,*4B
10081 1627460802 0 7 $GNGGA,082642.000,4424.30843,N,00855.27512,E,1,10,1.0,3.8,M,44.7,M,,*45
10082 1627460802 0 3 2.53 0.00
10083 1627460802 0 4 2.52 1.66
10084 1627460802 0 5 0.03
10085 1627460802 0 6 0.42
10086 1627460802 0 8 4.98 12.18 11.84
10087 1627460802 0 1 2.522
10088 1627460803 0 0 25.34 8.24 198.2 61.25 97.8 6.16 149.4 18.9 198.8 2.04 41.15 10.7
10089 1627460803 0 7 $GNGGA,082643.000,4424.30738,N,00855.27496,E,1,10,1.0,3.4,M,44.7,M,,*46
10090 1627460803 0 7 $GNGGA,082644.000,4424.30647,N,00855.27481,E,1,10,1.0,3.4,M,44.7,M,,*4E
10091 1627460804 0 7 $GNGGA,082645.000,4424.30546,N,00855.27441,E,1,10,1.0,4.3,M,44.7,M,,*41
10092 1627460805 0 3 2.53 0.00
10093 1627460805 0 4 2.52 1.66
10094 1627460805 0 5 0.03
10095 1627460805 0 6 0.42
10096 1627460805 0 8 4.98 12.19 11.87
10097 1627460805 0 1 2.719
10098 1627460806 0 0 25.33 8.24 198.2 61.27 97.9 6.16 149.5 18.9 199.1 2.05 41.16 10.7
10099 1627460806 0 7 $GNGGA,082646.000,4424.30466,N,00855.27444,E,1,10,1.0,4.8,M,44.7,M,,*4F
10100 1627460806 0 7 $GNGGA,082647.000,4424.30402,N,00855.27471,E,1,10,1.0,5.4,M,44.7,M,,*47
10101 1627460807 0 7 $GNGGA,082648.000,4424.30348,N,00855.27503,E,1,10,1.0,5.6,M,44.7,M,,*47
10102 1627460808 0 3 2.53 0.00
10103 1627460808 0 4 2.52 1.66
10104 1627460808 0 5 0.03
10105 1627460808 0 6 0.39
10106 1627460808 0 8 4.98 12.20 11.87
10107 1627460808 0 1 2.928
10108 1627460809 0 0 25.30 8.25 198.2 61.20 97.9 6.17 149.8 18.9 199.0 2.03 41.11 10.7
10401 1627460896 0 7 $GNGGA,082817.000,4424.24361,N,00855.28654,E,1,09,1.2,8.5,M,44.7,M,,*47
10402 1627460897 0 7 $GNGGA,082818.000,4424.24282,N,00855.28637,E,1,09,1.2,8.2,M,44.7,M,,*46
10403 1627460898 0 3 2.52 0.00
10404 1627460898 0 4 2.52 1.61
10405 1627460898 0 5 0.03
10406 1627460898 0 6 0.15
10407 1627460898 0 8 4.98 12.17 11.87
10408 1627460899 0 1 2.312
10409 1627460899 0 0 25.32 8.25 197.6 61.31 99.6 6.27 149.7 18.8 199.2 1.94 41.20 10.9
10410 1627460899 0 7 $GNGGA,082819.000,4424.24209,N,00855.28635,E,1,09,1.2,8.0,M,44.7,M,,*44
10411 1627460899 0 7 $GNGGA,082820.000,4424.24139,N,00855.28635,E,1,09,1.2,8.2,M,44.7,M,,*4C
10412 1627460900 0 7 $GNGGA,082821.000,4424.24052,N,00855.28646,E,1,09,1.2,7.8,M,44.7,M,,*40
10413 1627460901 0 3 2.53 0.00
10414 1627460901 0 4 2.52 1.61
10415 1627460901 0 5 0.03
10416 1627460901 0 6 0.14
10417 1627460901 0 8 4.97 12.03 11.82
10418 1627460902 0 1 2.184
10419 1627460902 0 0 25.35 8.25 197.6 61.12 99.6 6.27 149.4 18.9 198.7 1.93 41.05 10.9
10420 1627460902 0 7 $GNGGA,082822.000,4424.23972,N,00855.28657,E,1,09,1.2,7.6,M,44.7,M,,*41
10421 1627460902 0 7 $GNGGA,082823.000,4424.23883,N,00855.28675,E,1,09,1.2,7.4,M,44.7,M,,*4D
10422 1627460903 0 7 $GNGGA,082824.000,4424.23795,N,00855.28683,E,1,09,1.2,7.2,M,44.7,M,,*4D
10423 1627460904 0 3 2.52 0.00
10424 1627460904 0 4 2.52 1.61
10425 1627460904 0 5 0.03
10426 1627460904 0 6 0.11
10427 1627460904 0 8 4.98 12.18 11.87
10428 1627460905 0 1 2.312
10429 1627460905 0 0 25.37 8.25 197.6 61.21 99.6 6.27 149.3 18.9 198.6 1.90 41.12 10.8
10430 1627460905 0 7 $GNGGA,082825.000,4424.23699,N,00855.28678,E,1,09,1.2,7.2,M,44.7,M,,*45
10431 1627460905 0 7 $GNGGA,082826.000,4424.23611,N,00855.28659,E,1,09,1.2,7.1,M,44.7,M,,*46
10432 1627460907 0 7 $GNGGA,082827.000,4424.23533,N,00855.28662,E,1,09,1.2,7.0,M,44.7,M,,*4D
10433 1627460907 0 3 2.52 0.00
10434 1627460907 0 4 2.52 1.62
10435 1627460907 0 5 0.03
10436 1627460907 0 6 0.11
10437 1627460907 0 8 4.97 12.16 11.75
10438 1627460908 0 1 2.208
10439 1627460908 0 0 25.37 8.25 197.6 61.23 99.6 6.27 149.4 18.9 199.2 1.89 41.13 10.8
10440 1627460908 0 7 $GNGGA,082828.000,4424.23457,N,00855.28668,E,1,09,1.2,7.0,M,44.7,M,,*4B
10441 1627460908 0 7 $GNGGA,082829.000,4424.23390,N,00855.28683,E,1,09,1.2,6.9,M,44.7,M,,*4B
10442 1627460909 0 7 $GNGGA,082830.000,4424.23325,N,00855.28690,E,1,09,1.2,6.8,M,44.7,M,,*4E
10443 1627460910 0 3 2.52 0.00
10444 1627460910 0 4 2.52 1.62
10445 1627460910 0 5 0.03
10446 1627460910 0 6 0.12
10447 1627460910 0 8 4.97 12.02 11.84
10448 1627460911 0 1 2.232
10449 1627460911 0 0 25.36 8.25 197.6 61.25 99.6 6.27 149.5 18.9 199.0 1.90 41.15 10.9
10450 1627460911 0 7 $GNGGA,082831.000,4424.23269,N,00855.28691,E,1,09,1.2,6.5,M,44.7,M,,*4A
10451 1627460911 0 7 $GNGGA,082832.000,4424.23219,N,00855.28694,E,1,09,1.2,6.3,M,44.7,M,,*4D
10452 1627460912 0 7 $GNGGA,082833.000,4424.23140,N,00855.28694,E,1,09,1.2,6.6,M,44.7,M,,*46
10453 1627460913 0 3 2.52 0.00
10454 1627460913 0 4 2.52 1.62
10455 1627460913 0 5 0.03
10456 1627460913 0 6 0.11
10457 1627460913 0 8 4.98 12.16 11.87
10458 1627460914 0 1 2.393
10459 1627460914 0 0 25.36 8.25 197.6 61.27 99.7 6.27 149.5 18.8 199.0 1.89 41.16 10.8
10460 1627460914 0 7 $GNGGA,082834.000,4424.23040,N,00855.28693,E,1,09,1.2,7.0,M,44.7,M,,*40
10461 1627460914 0 7 $GNGGA,082835.000,4424.22938,N,00855.28682,E,1,09,1.2,7.5,M,44.7,M,,*43
10462 1627460915 0 7 $GNGGA,082836.000,4424.22839,N,00855.28672,E,1,09,1.2,8.1,M,44.7,M,,*44
10463 1627460916 0 3 2.52 0.00
10464 1627460916 0 4 2.52 1.61
10465 1627460916 0 5 0.03
10466 1627460916 0 6 0.09
10467 1627460917 0 8 4.97 12.02 11.84
10468 1627460917 0 1 2.415
10469 1627460917 0 0 25.35 8.25 197.6 61.20 99.7 6.28 149.7 18.8 199.2 1.92 41.11 10.8
10470 1627460917 0 7 $GNGGA,082837.000,4424.22739,N,00855.28664,E,1,09,1.2,8.5,M,44.7,M,,*49
10471 1627460917 0 7 $GNGGA,082838.000,4424.22652,N,00855.28653,E,1,09,1.2,8.6,M,44.7,M,,*4D
10472 1627460918 0 7 $GNGGA,082839.000,4424.22571,N,00855.28638,E,1,09,1.2,8.0,M,44.7,M,,*45
10473 1627460919 0 3 2.52 0.00
10474 1627460919 0 4 2.52 1.61
10475 1627460919 0 5 0.03
10476 1627460919 0 6 0.10
10477 1627460919 0 8 4.97 12.03 11.84
10478 1627460920 0 1 2.381
10479 1627460920 0 0 25.34 8.25 197.6 61.31 99.7 6.28 149.8 18.8 199.6 1.90 41.20 10.8
10480 1627460920 0 7 $GNGGA,082840.000,4424.22484,N,00855.28631,E,1,09,1.2,7.6,M,44.7,M,,*40
10481 1627460920 0 7 $GNGGA,082841.000,4424.22404,N,00855.28631,E,1,09,1.2,7.2,M,44.7,M,,*4D
10482 1627460921 0 7 $GNGGA,082842.000,4424.22331,N,00855.28635,E,1,09,1.2,7.0,M,44.7,M,,*49
10483 1627460922 0 3 2.52 0.00
10484 1627460922 0 4 2.52 1.61
10485 1627460922 0 5 0.03
10486 1627460922 0 6 0.10
10487 1627460922 0 8 4.98 12.16 11.87
10488 1627460923 0 1 3.037
10489 1627460923 0 0 25.33 8.25 197.6 61.26 99.7 6.28 149.7 18.8 199.6 1.88 41.16 10.8
10490 1627460923 0 7 $GNGGA,082843.000,4424.22257,N,00855.28687,E,1,09,1.2,6.6,M,44.7,M,,*47
10491 1627460923 0 7 $GNGGA,082844.000,4424.22170,N,00855.28726,E,1,09,1.2,6.5,M,44.7,M,,*4F
10492 1627460924 0 7 $GNGGA,082845.000,4424.22077,N,00855.28711,E,1,09,1.2,6.7,M,44.7,M,,*4E
10493 1627460925 0 3 2.52 0.00
10494 1627460925 0 4 2.52 1.61
10495 1627460925 0 5 0.03
10496 1627460925 0 6 0.10
10497 1627460926 0 8 4.98 12.15 11.87
10498 1627460926 0 1 2.565
10499 1627460926 0 0 25.32 8.25 197.6 61.27 99.8 6.28 149.8 18.8 200.1 1.88 41.16 10.9
10500 1627460926 0 7 $GNGGA,082846.000,4424.21993,N,00855.28692,E,1,09,1.2,6.6,M,44.7,M,,*46
10501 1627460926 0 7 $GNGGA,082847.000,4424.21914,N,00855.28677,E,1,09,1.2,6.6,M,44.7,M,,*43
10502 1627460927 0 7 $GNGGA,082848.000,4424.21825,N,00855.28669,E,1,09,1.2,6.5,M,44.7,M,,*43
10503 1627460928 0 3 2.52 0.00
10504 1627460928 0 4 2.52 1.61
10505 1627460928 0 5 0.03
10506 1627460928 0 6 0.12
10507 1627460928 0 8 4.98 12.15 11.87
10508 1627460929 0 1 2.459
10509 1627460929 0 0 25.30 8.25 197.6 61.30 99.8 6.29 150.1 18.8 199.8 1.87 41.19 10.9
10510 1627460929 0 7 $GNGGA,082849.000,4424.21728,N,00855.28660,E,1,09,1.2,6.4,M,44.7,M,,*48
10511 1627460929 0 7 $GNGGA,082850.000,4424.21639,N,00855.28656,E,1,09,1.2,6.2,M,44.7,M,,*42
10512 1627460930 0 7 $GNGGA,082851.000,4424.21557,N,00855.28656,E,1,09,1.2,6.1,M,44.7,M,,*4B
10513 1627460931 0 3 2.52 0.00
10514 1627460931 0 4 2.52 1.61
10515 1627460931 0 5 0.03
10516 1627460931 0 6 0.13
10517 1627460932 0 8 4.97 12.14 11.87
10518 1627460932 0 1 2.520
10519 1627460932 0 0 25.28 8.25 197.5 61.29 99.8 6.29 150.0 18.8 200.1 1.88 41.18 10.8
10520 1627460932 0 7 $GNGGA,082852.000,4424.21475,N,00855.28662,E,1,09,1.2,6.0,M,44.7,M,,*4F
10521 1627460932 0 7 $GNGGA,082853.000,4424.21389,N,00855.28662,E,1,09,1.2,6.6,M,44.7,M,,*4C
10522 1627460933 0 7 $GNGGA,082854.000,4424.21295,N,00855.28659,E,1,09,1.2,7.1,M,44.7,M,,*49
10523 1627460934 0 3 2.52 0.00
10524 1627460934 0 4 2.52 1.61
10525 1627460934 0 5 0.03
10526 1627460934 0 6 0.13
10527 1627460934 0 8 4.98 12.14 11.87
10528 1627460935 0 1 2.467
10529 1627460935 0 0 25.27 8.25 197.6 61.34 99.8 6.29 150.2 18.8 200.4 1.86 41.22 10.9
10530 1627460935 0 7 $GNGGA,082855.000,4424.21193,N,00855.28653,E,1,09,1.2,7.5,M,44.7,M,,*43
10531 1627460935 0 7 $GNGGA,082856.000,4424.21108,N,00855.28647,E,1,09,1.2,7.6,M,44.7,M,,*44
10532 1627460936 0 7 $GNGGA,082857.000,4424.21016,N,00855.28647,E,1,09,1.2,7.7,M,44.7,M,,*4A
10533 1627460937 0 3 2.52 0.00
10534 1627460937 0 4 2.52 1.61
10535 1627460937 0 5 0.03
10536 1627460937 0 6 0.13
10537 1627460937 0 8 4.98 12.14 11.87
10538 1627460938 0 1 2.519
10539 1627460938 0 0 25.28 8.25 197.5 61.24 99.8 6.29 150.0 18.8 199.8 1.85 41.14 10.8
10540 1627460938 0 7 $GNGGA,082858.000,4424.20931,N,00855.28649,E,1,09,1.2,8.0,M,44.7,M,,*4E
10541 1627460938 0 7 $GNGGA,082859.000,4424.20843,N,00855.28653,E,1,09,1.2,8.2,M,44.7,M,,*42
10542 1627460939 0 7 $GNGGA,082900.000,4424.20759,N,00855.28650,E,1,09,1.2,8.2,M,44.7,M,,*48
10543 1627460940 0 3 2.52 0.00
10544 1627460940 0 4 2.52 1.61
10545 1627460940 0 5 0.03
10546 1627460940 0 6 0.13
10547 1627460940 0 8 4.98 12.13 11.87
10548 1627460941 0 1 2.443
10549 1627460941 0 0 25.31 8.25 197.5 61.19 99.8 6.29 149.7 18.8 199.5 1.86 41.11 10.8
10550 1627460941 0 7 $GNGGA,082901.000,4424.20681,N,00855.28637,E,1,09,1.2,8.1,M,44.7,M,,*4F
10551 1627460941 0 7 $GNGGA,082902.000,4424.20599,N,00855.28631,E,1,09,1.2,8.3,M,44.7,M,,*42
10552 1627460942 0 7 $GNGGA,082903.000,4424.20517,N,00855.28632,E,1,09,1.2,8.1,M,44.7,M,,*44
10553 1627460943 0 3 2.52 0.00
10554 1627460943 0 4 2.52 1.61
10555 1627460943 0 5 0.03
10556 1627460943 0 6 0.12
10557 1627460943 0 8 4.98 12.14 11.87
10558 1627460944 0 1 2.722
10559 1627460944 0 0 25.30 8.25 197.5 61.25 99.9 6.29 150.0 18.8 199.8 1.83 41.15 10.8
10560 1627460944 0 7 $GNGGA,082904.000,4424.20442,N,00855.28637,E,1,09,1.2,7.9,M,44.7,M,,*40
10561 1627460944 0 7 $GNGGA,082905.000,4424.20365,N,00855.28636,E,1,09,1.2,7.9,M,44.7,M,,*42
10562 1627460945 0 7 $GNGGA,082906.000,4424.20281,N,00855.28624,E,1,09,1.2,8.1,M,44.7,M,,*4E
10563 1627460946 0 3 2.52 0.00
10564 1627460946 0 4 2.52 1.61
10565 1627460946 0 5 0.03
10566 1627460946 0 6 0.11
10567 1627460947 0 8 4.98 12.14 11.84
10568 1627460947 0 1 2.545
10569 1627460947 0 0 25.32 8.25 197.5 61.27 99.9 6.29 149.6 18.8 199.4 1.82 41.16 10.8
10570 1627460947 0 7 $GNGGA,082907.000,4424.20192,N,00855.28594,E,1,09,1.2,8.4,M,44.7,M,,*43
10571 1627460947 0 7 $GNGGA,082908.000,4424.20122,N,00855.28550,E,1,09,1.2,8.3,M,44.7,M,,*48
10572 1627460948 0 7 $GNGGA,082909.000,4424.20055,N,00855.28508,E,1,09,1.2,8.2,M,44.7,M,,*44
10573 1627460949 0 3 2.52 0.00
10574 1627460949 0 4 2.52 1.61
10575 1627460949 0 5 0.03
10576 1627460949 0 6 0.12
10577 1627460950 0 8 4.98 12.11 11.84
10578 1627460950 0 1 3.131
10579 1627460950 0 0 25.31 8.25 197.5 61.29 99.9 6.29 149.7 18.8 199.4 1.84 41.18 10.8
10580 1627460950 0 7 $GNGGA,082910.000,4424.19969,N,00855.28490,E,1,09,1.2,8.1,M,44.7,M,,*43
10581 1627460950 0 7 $GNGGA,082911.000,4424.19863,N,00855.28486,E,1,09,1.2,8.2,M,44.7,M,,*4D
10582 1627460951 0 7 $GNGGA,082912.000,4424.19779,N,00855.28481,E,1,09,1.2,8.2,M,44.7,M,,*4D
10583 1627460952 0 3 2.52 0.00
10584 1627460952 0 4 2.52 1.61
10585 1627460952 0 5 0.03
10586 1627460952 0 6 0.09
10587 1627460952 0 8 4.98 12.11 11.84
10588 1627460953 0 1 2.449
10589 1627460953 0 0 25.31 8.25 197.6 61.21 99.9 6.30 149.7 18.8 199.5 1.82 41.12 10.8
10590 1627460953 0 7 $GNGGA,082913.000,4424.19709,N,00855.28471,E,1,09,1.2,8.4,M,44.7,M,,*42
10591 1627460953 0 7 $GNGGA,082914.000,4424.19648,N,00855.28437,E,1,09,1.2,8.0,M,44.7,M,,*47
10592 1627460954 0 7 $GNGGA,082915.000,4424.19591,N,00855.28395,E,1,09,1.2,7.8,M,44.7,M,,*49
10593 1627460955 0 3 2.52 0.00
10594 1627460955 0 4 2.52 1.61
10595 1627460955 0 5 0.03
10596 1627460955 0 6 0.09
10597 1627460955 0 8 4.98 12.10 11.84
10598 1627460956 0 1 2.535
10599 1627460956 0 0 25.35 8.25 197.6 61.21 99.9 6.29 149.5 18.8 199.2 1.81 41.12 10.7
10600 1627460956 0 7 $GNGGA,082916.000,4424.19530,N,00855.28364,E,1,09,1.2,7.5,M,44.7,M,,*42
10601 1627460956 0 7 $GNGGA,082917.000,4424.19453,N,00855.28348,E,1,09,1.2,7.3,M,44.7,M,,*4F
10602 1627460957 0 7 $GNGGA,082918.000,4424.19373,N,00855.28334,E,1,09,1.2,7.2,M,44.7,M,,*4F
10603 1627460958 0 3 2.52 0.00
10604 1627460958 0 4 2.52 1.60
10605 1627460958 0 5 0.03
10606 1627460958 0 6 0.12
10607 1627460958 0 8 4.97 12.07 11.87
10608 1627460959 0 1 2.613
10609 1627460959 0 0 25.34 8.25 197.6 61.12 99.9 6.29 149.4 18.8 198.9 1.83 41.05 10.8
10610 1627460959 0 7 $GNGGA,082919.000,4424.19293,N,00855.28347,E,1,09,1.2,7.1,M,44.7,M,,*46
10611 1627460959 0 7 $GNGGA,082920.000,4424.19204,N,00855.28354,E,1,09,1.2,6.7,M,44.7,M,,*47
10612 1627460960 0 2 0.06380000 1.69430007 1.18649995 0.01300000 2.79460000 0.00630000 0.03680000 0.28250000 1.00000000 91.88300323
10613 1627460960 0 7 $GNGGA,082921.000,4424.19097,N,00855.28340,E,1,09,1.2,6.4,M,44.7,M,,*48
10614 1627460961 0 3 2.52 0.00
10615 1627460961 0 4 2.52 1.61
10616 1627460961 0 5 0.03
10617 1627460961 0 6 0.12
10618 1627460962 0 8 4.97 12.08 11.87
10619 1627460962 0 1 2.516
10620 1627460962 0 0 25.35 8.24 197.6 61.19 99.8 6.29 149.3 18.8 199.3 1.87 41.10 10.7
10621 1627460962 0 7 $GNGGA,082922.000,4424.18996,N,00855.28318,E,1,09,1.2,5.7,M,44.7,M,,*4F
10622 1627460962 0 7 $GNGGA,082923.000,4424.18917,N,00855.28322,E,1,09,1.2,5.4,M,44.7,M,,*4D
10623 1627460963 0 7 $GNGGA,082924.000,4424.18840,N,00855.28323,E,1,09,1.2,5.3,M,44.7,M,,*4F
10624 1627460964 0 3 2.52 0.00
10625 1627460964 0 4 2.52 1.61
10626 1627460965 0 5 0.03
10627 1627460965 0 6 0.13
10628 1627460965 0 8 4.98 12.08 11.87
10629 1627460965 0 1 2.532
10630 1627460965 0 0 25.38 8.24 197.6 61.19 99.8 6.28 149.2 18.8 198.7 1.86 41.11 10.6
10631 1627460965 0 7 $GNGGA,082925.000,4424.18766,N,00855.28323,E,1,09,1.2,4.9,M,44.7,M,,*4E
10632 1627460965 0 7 $GNGGA,082926.000,4424.18670,N,00855.28324,E,1,09,1.2,4.8,M,44.7,M,,*4D
10633 1627460966 0 7 $GNGGA,082927.000,4424.18566,N,00855.28324,E,1,09,1.2,4.7,M,44.7,M,,*47
10634 1627460967 0 3 2.52 0.00
10635 1627460967 0 4 2.52 1.60
10636 1627460967 0 5 0.03
10637 1627460967 0 6 0.14
10638 1627460967 0 8 4.98 12.09 11.87
10639 1627460968 0 1 2.616
10641 1627460968 0 7 $GNGGA,082928.000,4424.18465,N,00855.28343,E,1,09,1.2,4.7,M,44.7,M,,*4B
10642 1627460968 0 7 $GNGGA,082929.000,4424.18357,N,00855.28345,E,1,09,1.2,4.3,M,44.7,M,,*4E
10643 1627460969 0 7 $GNGGA,082930.000,4424.18255,N,00855.28347,E,1,09,1.2,4.5,M,44.7,M,,*41
10644 1627460970 0 3 2.52 0.00
10645 1627460970 0 4 2.52 1.61
10646 1627460970 0 5 0.03
10647 1627460970 0 6 0.14
10648 1627460970 0 8 4.98 12.08 11.87
10649 1627460971 0 1 2.824
10650 1627460971 0 0 25.35 8.24 197.7 61.27 99.9 6.29 149.4 18.8 199.3 1.83 41.17 10.6
10651 1627460971 0 7 $GNGGA,082931.000,4424.18147,N,00855.28349,E,1,09,1.2,4.7,M,44.7,M,,*4C
10652 1627460971 0 7 $GNGGA,082932.000,4424.18059,N,00855.28371,E,1,09,1.2,4.7,M,44.7,M,,*4A
10653 1627460972 0 7 $GNGGA,082933.000,4424.17976,N,00855.28402,E,1,09,1.2,4.7,M,44.7,M,,*43
10654 1627460973 0 3 2.52 0.00
10655 1627460973 0 4 2.52 1.60
10656 1627460973 0 5 0.03
10657 1627460973 0 6 0.10
10658 1627460973 0 8 4.98 12.05 11.87
10659 1627460974 0 1 2.757
10660 1627460974 0 0 25.36 8.24 197.7 61.16 99.9 6.29 149.4 18.8 199.3 1.81 41.08 10.6
10661 1627460974 0 7 $GNGGA,082934.000,4424.17908,N,00855.28440,E,1,09,1.2,4.7,M,44.7,M,,*4B
10662 1627460974 0 7 $GNGGA,082935.000,4424.17832,N,00855.28472,E,1,09,1.2,4.1,M,44.7,M,,*45
10663 1627460975 0 7 $GNGGA,082936.000,4424.17756,N,00855.28516,E,1,09,1.2,3.8,M,44.7,M,,*46
10664 1627460976 0 3 2.52 0.00
10665 1627460976 0 4 2.52 1.60
10666 1627460976 0 5 0.03
10667 1627460976 0 6 0.10
10668 1627460976 0 8 4.97 12.06 11.84
10669 1627460977 0 1 3.368
10670 1627460977 0 0 25.35 8.24 197.6 61.23 99.9 6.29 149.4 18.8 199.3 1.79 41.13 10.6
10671 1627460977 0 7 $GNGGA,082937.000,4424.17668,N,00855.28547,E,1,09,1.2,3.5,M,44.7,M,,*42
10672 1627460977 0 7 $GNGGA,082938.000,4424.17564,N,00855.28549,E,1,09,1.2,3.2,M,44.7,M,,*4B
10673 1627460978 0 7 $GNGGA,082939.000,4424.17468,N,00855.28550,E,1,09,1.2,3.0,M,44.7,M,,*4D
10674 1627460979 0 3 2.52 0.00
10675 1627460979 0 4 2.52 1.60
10676 1627460979 0 5 0.03
10677 1627460979 0 6 0.13
10678 1627460979 0 8 4.97 12.13 11.87
10679 1627460980 0 1 2.713
10680 1627460980 0 0 25.36 8.24 197.7 61.24 99.9 6.29 149.5 18.8 199.0 1.83 41.14 10.6
10681 1627460980 0 7 $GNGGA,082940.000,4424.17372,N,00855.28560,E,1,09,1.2,2.9,M,44.7,M,,*44
10682 1627460980 0 7 $GNGGA,082941.000,4424.17283,N,00855.28579,E,1,09,1.2,3.0,M,44.7,M,,*4A
10683 1627460981 0 7 $GNGGA,082942.000,4424.17204,N,00855.28596,E,1,09,1.2,3.2,M,44.7,M,,*45
10684 1627460982 0 3 2.53 0.00
10685 1627460982 0 4 2.52 1.60
10686 1627460982 0 5 0.03
10687 1627460982 0 6 0.12
10688 1627460983 0 8 4.98 12.10 11.84
10689 1627460983 0 1 2.781
10690 1627460983 0 0 25.36 8.24 197.7 61.27 99.8 6.28 149.4 18.8 198.9 1.88 41.16 10.5
10691 1627460983 0 7 $GNGGA,082943.000,4424.17136,N,00855.28604,E,1,09,1.2,3.2,M,44.7,M,,*4E
10692 1627460983 0 7 $GNGGA,082944.000,4424.17038,N,00855.28607,E,1,09,1.2,2.9,M,44.7,M,,*4F
10693 1627460984 0 7 $GNGGA,082945.000,4424.16936,N,00855.28611,E,1,09,1.2,2.8,M,44.7,M,,*4E
10694 1627460985 0 3 2.53 0.00
10695 1627460985 0 4 2.52 1.59
10696 1627460985 0 5 0.03
10697 1627460985 0 6 0.07
10698 1627460985 0 8 4.97 12.09 11.87
10699 1627460986 0 1 2.662
10700 1627460986 0 0 25.35 8.24 197.7 61.14 99.8 6.29 149.6 18.8 199.1 1.87 41.07 10.5
10701 1627460986 0 7 $GNGGA,082946.000,4424.16824,N,00855.28611,E,1,09,1.2,2.8,M,44.7,M,,*4F
10702 1627460986 0 7 $GNGGA,082947.000,4424.16719,N,00855.28633,E,1,09,1.2,2.7,M,44.7,M,,*40
10703 1627460987 0 7 $GNGGA,082948.000,4424.16575,N,00855.28651,E,1,09,1.2,2.5,M,44.7,M,,*41
10704 1627460988 0 3 2.52 0.00
10705 1627460988 0 4 2.52 1.60
10706 1627460988 0 5 0.03
10707 1627460988 0 6 0.08
10708 1627460988 0 8 4.98 12.07 11.84
10709 1627460989 0 1 2.726
10710 1627460989 0 0 25.35 8.24 197.7 61.21 99.8 6.29 149.5 18.8 198.9 1.86 41.12 10.6
10711 1627460989 0 7 $GNGGA,082949.000,4424.16416,N,00855.28688,E,1,09,1.2,2.0,M,44.7,M,,*45
10712 1627460989 0 7 $GNGGA,082950.000,4424.16285,N,00855.28706,E,1,09,1.2,1.9,M,44.7,M,,*4C
10713 1627460990 0 7 $GNGGA,082951.000,4424.16190,N,00855.28723,E,1,09,1.2,2.0,M,44.7,M,,*47
10714 1627460991 0 3 2.52 0.00
10715 1627460991 0 4 2.52 1.59
10716 1627460991 0 5 0.03
10717 1627460991 0 6 0.12
10718 1627460991 0 8 4.98 12.07 11.87
10719 1627460992 0 1 2.775
10720 1627460992 0 0 25.34 8.24 197.7 61.30 99.8 6.29 149.6 18.8 199.4 1.89 41.19 10.6
10721 1627460992 0 7 $GNGGA,082952.000,4424.16116,N,00855.28730,E,1,09,1.2,2.3,M,44.7,M,,*4B
10722 1627460992 0 7 $GNGGA,082953.000,4424.16060,N,00855.28750,E,1,09,1.2,2.4,M,44.7,M,,*4B
10723 1627460993 0 7 $GNGGA,082954.000,4424.16012,N,00855.28771,E,1,09,1.2,2.4,M,44.7,M,,*4A
10724 1627460994 0 3 2.53 0.00
10725 1627460994 0 4 2.52 1.59
10726 1627460994 0 5 0.03
10727 1627460994 0 6 0.12
10728 1627460994 0 8 4.98 12.08 11.87
10729 1627460995 0 1 2.849
10730 1627460995 0 0 25.34 8.24 197.6 61.27 99.9 6.29 149.6 18.8 199.0 1.92 41.16 10.5
10731 1627460995 0 7 $GNGGA,082955.000,4424.15948,N,00855.28782,E,1,09,1.2,2.5,M,44.7,M,,*43
10732 1627460995 0 7 $GNGGA,082956.000,4424.15880,N,00855.28806,E,1,09,1.2,2.7,M,44.7,M,,*44
10733 1627460996 0 7 $GNGGA,082957.000,4424.15818,N,00855.28822,E,1,09,1.2,2.6,M,44.7,M,,*43
10734 1627460997 0 3 2.53 0.00
10735 1627460997 0 4 2.52 1.58
10736 1627460997 0 5 0.03
10737 1627460997 0 6 0.11
10738 1627460997 0 8 4.98 12.06 11.87
10739 1627460998 0 1 3.006
10740 1627460998 0 0 25.33 8.24 197.6 61.29 99.8 6.29 149.6 18.8 199.2 1.93 41.18 10.6
10741 1627460998 0 7 $GNGGA,082958.000,4424.15762,N,00855.28826,E,1,09,1.2,2.8,M,44.7,M,,*44
10742 1627460998 0 7 $GNGGA,082959.000,4424.15693,N,00855.28833,E,1,09,1.2,2.9,M,44.7,M,,*4F
10743 1627460999 0 7 $GNGGA,083000.000,4424.15616,N,00855.28854,E,1,09,1.2,2.9,M,44.7,M,,*47
10744 1627461000 0 3 2.53 0.00
10745 1627461000 0 4 2.52 1.59
10746 1627461000 0 5 0.03
10747 1627461000 0 6 0.12
10748 1627461000 0 8 4.98 12.06 11.87
10749 1627461001 0 1 2.768
10750 1627461001 0 0 25.33 8.24 197.6 61.21 99.8 6.29 149.5 18.8 199.2 1.95 41.12 10.5
10751 1627461001 0 7 $GNGGA,083001.000,4424.15571,N,00855.28879,E,1,09,1.2,3.0,M,44.7,M,,*43
10752 1627461001 0 7 $GNGGA,083002.000,4424.15509,N,00855.28896,E,1,09,1.2,2.8,M,44.7,M,,*47
10753 1627461002 0 7 $GNGGA,083003.000,4424.15440,N,00855.28916,E,1,09,1.2,2.7,M,44.7,M,,*4C
10754 1627461003 0 3 2.53 0.00
10755 1627461003 0 4 2.52 1.59
10756 1627461003 0 5 0.03
10757 1627461003 0 6 0.12
10758 1627461003 0 8 4.98 12.26 11.87
10759 1627461004 0 1 3.482
10760 1627461004 0 0 25.32 8.24 197.6 61.25 99.8 6.29 149.6 18.8 199.1 1.93 41.15 10.5
10761 1627461004 0 7 $GNGGA,083004.000,4424.15363,N,00855.28938,E,1,09,1.2,2.5,M,44.7,M,,*43
10762 1627461004 0 7 $GNGGA,083005.000,4424.15289,N,00855.28959,E,1,09,1.2,2.1,M,44.7,M,,*44
10763 1627461005 0 7 $GNGGA,083006.000,4424.15205,N,00855.28963,E,1,09,1.2,1.4,M,44.7,M,,*4C
10764 1627461006 0 3 2.53 0.00
10765 1627461006 0 4 2.52 1.59
10766 1627461006 0 5 0.03
10767 1627461006 0 6 0.13
10768 1627461006 0 8 4.98 12.26 11.87
10769 1627461007 0 1 2.921
10770 1627461007 0 0 25.32 8.24 197.5 61.26 99.8 6.29 149.7 18.8 199.2 1.94 41.16 10.5
10771 1627461007 0 7 $GNGGA,083007.000,4424.15118,N,00855.28956,E,1,09,1.2,0.9,M,44.7,M,,*48
10772 1627461007 0 7 $GNGGA,083008.000,4424.15046,N,00855.28968,E,1,09,1.2,0.4,M,44.7,M,,*4D
10773 1627461008 0 7 $GNGGA,083009.000,4424.14979,N,00855.28993,E,1,09,1.2,0.3,M,44.7,M,,*4B
10774 1627461009 0 3 2.53 0.00
10775 1627461009 0 4 2.52 1.59
10776 1627461009 0 5 0.03
10777 1627461009 0 6 0.13
10778 1627461009 0 8 4.97 12.26 11.87
10779 1627461010 0 1 2.802
10780 1627461010 0 0 25.31 8.24 197.5 61.36 99.8 6.28 149.8 18.8 199.6 1.95 41.23 10.6
10781 1627461010 0 7 $GNGGA,083010.000,4424.14920,N,00855.29024,E,1,09,1.2,0.1,M,44.7,M,,*49
10782 1627461010 0 7 $GNGGA,083011.000,4424.14852,N,00855.29050,E,1,09,1.2,-0.0,M,44.7,M,,*63
10783 1627461011 0 7 $GNGGA,083012.000,4424.14767,N,00855.29080,E,1,09,1.2,0.1,M,44.7,M,,*48
10784 1627461012 0 3 2.53 0.00
10785 1627461012 0 4 2.52 1.59
10786 1627461012 0 5 0.03
10787 1627461012 0 6 0.13
10788 1627461012 0 8 4.98 12.26 11.87
10789 1627461013 0 1 2.777
10790 1627461013 0 0 25.30 8.24 197.6 61.25 99.8 6.29 149.9 18.8 199.2 1.93 41.15 10.6
10791 1627461013 0 7 $GNGGA,083013.000,4424.14666,N,00855.29105,E,1,09,1.2,0.0,M,44.7,M,,*44
10792 1627461013 0 7 $GNGGA,083014.000,4424.14586,N,00855.29148,E,1,09,1.2,0.1,M,44.7,M,,*46
10793 1627461014 0 7 $GNGGA,083015.000,4424.14519,N,00855.29185,E,1,09,1.2,-0.1,M,44.7,M,,*6D
10794 1627461015 0 3 2.53 0.00
10795 1627461015 0 4 2.52 1.59
10796 1627461015 0 5 0.03
10797 1627461015 0 6 0.09
10798 1627461015 0 8 4.98 12.25 11.87
10799 1627461016 0 1 2.631
10800 1627461016 0 0 25.30 8.24 197.5 61.29 99.8 6.29 149.9 18.8 199.6 1.91 41.18 10.6
10801 1627461016 0 7 $GNGGA,083016.000,4424.14447,N,00855.29197,E,1,09,1.2,-0.4,M,44.7,M,,*62
10802 1627461016 0 7 $GNGGA,083017.000,4424.14374,N,00855.29201,E,1,09,1.2,-0.7,M,44.7,M,,*6B
10803 1627461017 0 7 $GNGGA,083018.000,4424.14301,N,00855.29217,E,1,09,1.2,-1.1,M,44.7,M,,*66
10804 1627461018 0 3 2.53 0.00
10805 1627461018 0 4 2.52 1.58
10806 1627461018 0 5 0.03
10807 1627461018 0 6 0.11
10808 1627461018 0 8 4.98 12.25 11.87
10809 1627461019 0 1 2.536
10810 1627461019 0 0 25.29 8.24 197.5 61.18 99.8 6.29 149.8 18.8 199.6 1.90 41.10 10.6
10811 1627461019 0 7 $GNGGA,083019.000,4424.14222,N,00855.29242,E,1,09,1.2,-1.8,M,44.7,M,,*6E
10812 1627461019 0 7 $GNGGA,083020.000,4424.14145,N,00855.29272,E,1,09,1.2,-2.1,M,44.7,M,,*6F
10813 1627461020 0 7 $GNGGA,083021.000,4424.14084,N,00855.29307,E,1,09,1.2,-2.0,M,44.7,M,,*60
10814 1627461021 0 3 2.53 0.00
10815 1627461021 0 4 2.52 1.58
10816 1627461021 0 5 0.03
10817 1627461021 0 6 0.12
10818 1627461022 0 8 4.98 12.10 11.84
10819 1627461022 0 1 2.526
10820 1627461022 0 0 25.28 8.24 197.5 61.29 99.8 6.29 149.9 18.8 199.9 1.92 41.18 10.7
10821 1627461022 0 7 $GNGGA,083022.000,4424.14027,N,00855.29339,E,1,09,1.2,-2.1,M,44.7,M,,*66
10822 1627461022 0 7 $GNGGA,083023.000,4424.13965,N,00855.29362,E,1,09,1.2,-2.3,M,44.7,M,,*63
10823 1627461023 0 7 $GNGGA,083024.000,4424.13892,N,00855.29385,E,1,09,1.2,-2.0,M,44.7,M,,*67
10824 1627461024 0 3 2.53 0.00
10825 1627461024 0 4 2.52 1.58
10826 1627461024 0 5 0.03
10827 1627461024 0 6 0.10
10828 1627461024 0 8 4.98 12.25 11.87
10829 1627461025 0 1 2.819
10830 1627461025 0 0 25.29 8.24 197.4 61.20 99.8 6.29 149.7 18.8 198.8 1.93 41.11 10.6
10831 1627461025 0 7 $GNGGA,083025.000,4424.13807,N,00855.29406,E,1,09,1.2,-1.8,M,44.7,M,,*6D
10832 1627461025 0 7 $GNGGA,083026.000,4424.13718,N,00855.29413,E,1,09,1.2,-1.6,M,44.7,M,,*65
10833 1627461026 0 7 $GNGGA,083027.000,4424.13634,N,00855.29416,E,1,09,1.2,-1.3,M,44.7,M,,*6B
10834 1627461027 0 3 2.53 0.00
10835 1627461027 0 4 2.52 1.58
10836 1627461027 0 5 0.03
10837 1627461027 0 6 0.08
10838 1627461027 0 8 4.98 12.25 11.75
10839 1627461028 0 1 2.613
10840 1627461028 0 0 25.30 8.24 197.5 61.12 99.8 6.29 149.7 18.8 199.1 1.91 41.05 10.6
10841 1627461028 0 7 $GNGGA,083028.000,4424.13560,N,00855.29433,E,1,09,1.2,-0.6,M,44.7,M,,*65
10842 1627461028 0 7 $GNGGA,083029.000,4424.13502,N,00855.29464,E,1,09,1.2,-0.0,M,44.7,M,,*64
10843 1627461029 0 7 $GNGGA,083030.000,4424.13428,N,00855.29487,E,1,09,1.2,0.5,M,44.7,M,,*40
10844 1627461030 0 3 2.53 0.00
10845 1627461030 0 4 2.52 1.58
10846 1627461030 0 5 0.03
10847 1627461030 0 6 0.09
10848 1627461030 0 8 4.97 12.10 11.84
10849 1627461031 0 1 3.377
10850 1627461031 0 0 25.30 8.24 197.5 61.24 99.8 6.29 149.7 18.8 198.8 1.91 41.14 10.6
10851 1627461031 0 7 $GNGGA,083031.000,4424.13348,N,00855.29512,E,1,09,1.2,1.0,M,44.7,M,,*49
10852 1627461031 0 7 $GNGGA,083032.000,4424.13274,N,00855.29540,E,1,09,1.2,1.3,M,44.7,M,,*40
10853 1627461032 0 7 $GNGGA,083033.000,4424.13201,N,00855.29563,E,1,09,1.2,1.1,M,44.7,M,,*40
10854 1627461033 0 3 2.53 0.00
10855 1627461033 0 4 2.52 1.59
10856 1627461033 0 5 0.03
10857 1627461033 0 6 0.11
10858 1627461034 0 8 4.98 12.24 11.87
10859 1627461034 0 1 2.690
10860 1627461034 0 0 25.29 8.24 197.4 61.27 99.7 6.28 149.9 18.8 199.3 1.93 41.16 10.6
10861 1627461034 0 7 $GNGGA,083034.000,4424.13118,N,00855.29578,E,1,09,1.2,1.4,M,44.7,M,,*43
10862 1627461034 0 7 $GNGGA,083035.000,4424.13033,N,00855.29596,E,1,09,1.2,1.5,M,44.7,M,,*4B
10863 1627461035 0 7 $GNGGA,083036.000,4424.12967,N,00855.29628,E,1,09,1.2,1.6,M,44.7,M,,*44
10864 1627461036 0 3 2.53 0.00
10865 1627461036 0 4 2.52 1.58
10866 1627461036 0 5 0.03
10867 1627461036 0 6 0.09
10868 1627461037 0 8 4.98 12.11 11.84
10869 1627461037 0 1 2.431
10870 1627461037 0 0 25.28 8.24 197.4 61.25 99.7 6.29 149.9 18.8 199.4 1.94 41.15 10.6
10871 1627461037 0 7 $GNGGA,083037.000,4424.12926,N,00855.29677,E,1,09,1.2,1.9,M,44.7,M,,*45
10872 1627461037 0 7 $GNGGA,083038.000,4424.12879,N,00855.29718,E,1,09,1.2,2.0,M,44.7,M,,*43
10873 1627461039 0 7 $GNGGA,083039.000,4424.12801,N,00855.29744,E,1,09,1.2,2.2,M,44.7,M,,*46
10874 1627461039 0 3 2.53 0.00
10875 1627461039 0 4 2.52 1.59
10876 1627461039 0 5 0.03
10877 1627461039 0 6 0.10
10878 1627461040 0 8 4.98 12.22 11.87
10879 1627461040 0 1 2.496
10880 1627461040 0 0 25.28 8.24 197.4 61.24 99.7 6.29 149.9 18.8 199.4 1.94 41.14 10.6
10881 1627461040 0 7 $GNGGA,083040.000,4424.12709,N,00855.29755,E,1,09,1.2,2.6,M,44.7,M,,*4B
10882 1627461040 0 7 $GNGGA,083041.000,4424.12614,N,00855.29764,E,1,09,1.2,2.8,M,44.7,M,,*4B
10883 1627461042 0 7 $GNGGA,083042.000,4424.12513,N,00855.29770,E,1,09,1.2,3.2,M,44.7,M,,*42
10884 1627461042 0 3 2.53 0.00
10885 1627461042 0 4 2.52 1.58
10886 1627461042 0 5 0.03
10887 1627461042 0 6 0.11
10888 1627461042 0 8 4.98 12.24 11.87
10889 1627461043 0 1 2.507
10890 1627461043 0 0 25.27 8.24 197.4 61.24 99.7 6.29 150.1 18.8 199.2 1.93 41.14 10.6
10891 1627461043 0 7 $GNGGA,083043.000,4424.12415,N,00855.29784,E,1,09,1.2,3.6,M,44.7,M,,*4B
10892 1627461043 0 7 $GNGGA,083044.000,4424.12326,N,00855.29793,E,1,09,1.2,4.2,M,44.7,M,,*4E
10893 1627461044 0 7 $GNGGA,083045.000,4424.12246,N,00855.29813,E,1,09,1.2,4.8,M,44.7,M,,*45
10894 1627461045 0 3 2.53 0.00
10895 1627461045 0 4 2.52 1.59
10896 1627461045 0 5 0.03
10897 1627461045 0 6 0.12
10898 1627461046 0 8 4.98 12.23 11.84
10899 1627461046 0 1 2.312
10900 1627461046 0 0 25.26 8.24 197.3 61.19 99.7 6.29 149.9 18.8 199.5 1.96 41.10 10.6
10901 1627461046 0 7 $GNGGA,083046.000,4424.12158,N,00855.29834,E,1,09,1.2,5.2,M,44.7,M,,*44
10902 1627461046 0 7 $GNGGA,083047.000,4424.12062,N,00855.29853,E,1,09,1.2,5.7,M,44.7,M,,*49
10903 1627461047 0 7 $GNGGA,083048.000,4424.11986,N,00855.29881,E,1,09,1.2,5.7,M,44.7,M,,*49
10904 1627461048 0 3 2.52 0.00
10905 1627461048 0 4 2.52 1.59
10906 1627461048 0 5 0.03
10907 1627461048 0 6 0.11
10908 1627461049 0 8 4.98 12.25 11.87
10909 1627461049 0 1 2.544
10910 1627461049 0 0 25.27 8.24 197.4 61.22 99.7 6.29 149.8 18.8 199.1 1.96 41.13 10.6
10911 1627461049 0 7 $GNGGA,083049.000,4424.11927,N,00855.29917,E,1,09,1.2,5.6,M,44.7,M,,*4C
10912 1627461049 0 7 $GNGGA,083050.000,4424.11869,N,00855.29946,E,1,09,1.2,5.7,M,44.7,M,,*4A
10913 1627461050 0 7 $GNGGA,083051.000,4424.11806,N,00855.29998,E,1,09,1.2,5.8,M,44.7,M,,*4E
10914 1627461051 0 3 2.53 0.00
10915 1627461051 0 4 2.52 1.59
10916 1627461051 0 5 0.03
10917 1627461051 0 6 0.12
10918 1627461052 0 8 4.98 12.24 11.84
10919 1627461052 0 1 2.697
10920 1627461052 0 0 25.27 8.24 197.3 61.23 99.7 6.29 149.9 18.8 199.2 1.92 41.14 10.6
10921 1627461052 0 7 $GNGGA,083052.000,4424.11756,N,00855.30056,E,1,09,1.2,5.8,M,44.7,M,,*44
10922 1627461052 0 7 $GNGGA,083053.000,4424.11715,N,00855.30088,E,1,09,1.2,5.9,M,44.7,M,,*40
10923 1627461053 0 7 $GNGGA,083054.000,4424.11668,N,00855.30131,E,1,09,1.2,5.8,M,44.7,M,,*4E
10924 1627461054 0 3 2.53 0.00
10925 1627461054 0 4 2.52 1.59
10926 1627461054 0 5 0.03
10927 1627461054 0 6 0.12
10928 1627461055 0 8 4.97 12.24 11.87
10929 1627461055 0 1 2.628
10930 1627461055 0 0 25.27 8.24 197.3 61.16 99.7 6.29 149.9 18.8 199.2 1.90 41.08 10.5
10931 1627461055 0 7 $GNGGA,083055.000,4424.11622,N,00855.30181,E,1,09,1.2,5.5,M,44.7,M,,*47
10932 1627461055 0 7 $GNGGA,083056.000,4424.11567,N,00855.30222,E,1,09,1.2,5.0,M,44.7,M,,*49
10933 1627461056 0 7 $GNGGA,083057.000,4424.11499,N,00855.30249,E,1,09,1.2,5.0,M,44.7,M,,*45
10934 1627461057 0 3 2.53 0.00
10935 1627461057 0 4 2.52 1.59
10936 1627461057 0 5 0.03
10937 1627461057 0 6 0.14
10938 1627461058 0 8 4.98 12.24 11.87
10939 1627461058 0 1 3.074
10940 1627461058 0 0 25.25 8.24 197.3 61.17 99.7 6.29 150.1 18.8 199.6 1.92 41.09 10.6
10941 1627461058 0 7 $GNGGA,083058.000,4424.11422,N,00855.30263,E,1,09,1.2,5.3,M,44.7,M,,*41
10942 1627461058 0 7 $GNGGA,083059.000,4424.11339,N,00855.30280,E,1,09,1.2,5.0,M,44.7,M,,*43
10943 1627461059 0 7 $GNGGA,083100.000,4424.11265,N,00855.30293,E,1,09,1.2,4.9,M,44.7,M,,*4C
10944 1627461060 0 3 2.53 0.00
10945 1627461060 0 4 2.52 1.59
10946 1627461060 0 5 0.03
10947 1627461060 0 6 0.14
10948 1627461061 0 8 4.98 12.24 11.87
10949 1627461061 0 1 2.696
10950 1627461061 0 0 25.26 8.24 197.3 61.22 99.7 6.29 149.9 18.8 199.4 1.95 41.13 10.5
10951 1627461061 0 7 $GNGGA,083101.000,4424.11183,N,00855.30309,E,1,09,1.2,4.8,M,44.7,M,,*45
10952 1627461061 0 7 $GNGGA,083102.000,4424.11112,N,00855.30324,E,1,09,1.2,4.8,M,44.7,M,,*41
10953 1627461062 0 7 $GNGGA,083103.000,4424.11062,N,00855.30352,E,1,09,1.2,4.8,M,44.7,M,,*47
10954 1627461063 0 3 2.53 0.00
10955 1627461063 0 4 2.52 1.59
10956 1627461063 0 5 0.03
10957 1627461063 0 6 0.11
10958 1627461064 0 8 4.97 12.24 11.87
10959 1627461064 0 1 2.837
10960 1627461064 0 0 25.26 8.24 197.3 61.21 99.6 6.29 150.0 18.8 199.2 1.94 41.12 10.5
10961 1627461064 0 7 $GNGGA,083104.000,4424.11002,N,00855.30384,E,1,09,1.2,5.0,M,44.7,M,,*44
10962 1627461064 0 7 $GNGGA,083105.000,4424.10928,N,00855.30406,E,1,09,1.2,4.8,M,44.7,M,,*41
10963 1627461065 0 7 $GNGGA,083106.000,4424.10842,N,00855.30430,E,1,09,1.2,4.7,M,44.7,M,,*45
10964 1627461066 0 3 2.53 0.00
10965 1627461066 0 4 2.52 1.59
10966 1627461066 0 5 0.03
10967 1627461066 0 6 0.14
10968 1627461067 0 8 4.98 12.24 11.87
10969 1627461067 0 1 2.236
10970 1627461067 0 0 25.26 8.24 197.3 61.22 99.6 6.28 150.0 18.8 199.7 1.92 41.13 10.5
10971 1627461067 0 7 $GNGGA,083107.000,4424.10761,N,00855.30462,E,1,09,1.2,4.9,M,44.7,M,,*43
10972 1627461067 0 7 $GNGGA,083108.000,4424.10684,N,00855.30488,E,1,09,1.2,5.0,M,44.7,M,,*4A
10973 1627461068 0 7 $GNGGA,083109.000,4424.10608,N,00855.30503,E,1,09,1.2,5.1,M,44.7,M,,*4C
10974 1627461069 0 3 2.53 0.00
10975 1627461069 0 4 2.52 1.59
10976 1627461069 0 5 0.03
10977 1627461069 0 6 0.11
10978 1627461070 0 8 4.98 12.22 11.84
10979 1627461070 0 1 2.454
10980 1627461070 0 0 25.26 8.24 197.2 61.18 99.6 6.28 149.7 18.8 198.7 1.94 41.10 10.5
10981 1627461070 0 7 $GNGGA,083110.000,4424.10532,N,00855.30524,E,1,09,1.2,5.1,M,44.7,M,,*4B
10982 1627461070 0 7 $GNGGA,083111.000,4424.10465,N,00855.30554,E,1,09,1.2,5.4,M,44.7,M,,*4B
10983 1627461071 0 7 $GNGGA,083112.000,4424.10392,N,00855.30592,E,1,09,1.2,5.5,M,44.7,M,,*4C
10984 1627461072 0 3 2.53 0.00
10985 1627461072 0 4 2.52 1.59
10986 1627461072 0 5 0.03
10987 1627461072 0 6 0.10
10988 1627461073 0 8 4.98 12.24 11.84
10989 1627461073 0 1 2.398
10990 1627461073 0 0 25.26 8.24 197.3 61.19 99.6 6.28 149.8 18.8 199.4 1.95 41.10 10.5
10991 1627461073 0 7 $GNGGA,083113.000,4424.10298,N,00855.30627,E,1,09,1.2,5.6,M,44.7,M,,*48
10992 1627461073 0 7 $GNGGA,083114.000,4424.10210,N,00855.30671,E,1,09,1.2,5.6,M,44.7,M,,*4C
10993 1627461074 0 7 $GNGGA,083115.000,4424.10133,N,00855.30710,E,1,09,1.2,5.6,M,44.7,M,,*49
10994 1627461075 0 3 2.53 0.00
10995 1627461075 0 4 2.52 1.59
10996 1627461075 0 5 0.03
10997 1627461075 0 6 0.09
10998 1627461075 0 8 4.98 12.24 11.87
10999 1627461076 0 1 2.365
11000 1627461076 0 0 25.25 8.24 197.2 61.20 99.6 6.28 149.9 18.8 199.4 1.95 41.11 10.5
11001 1627461076 0 7 $GNGGA,083116.000,4424.10039,N,00855.30742,E,1,09,1.2,5.4,M,44.7,M,,*44
11002 1627461076 0 7 $GNGGA,083117.000,4424.09960,N,00855.30778,E,1,09,1.2,5.5,M,44.7,M,,*40
11003 1627461077 0 7 $GNGGA,083118.000,4424.09869,N,00855.30811,E,1,09,1.2,5.8,M,44.7,M,,*4A
11004 1627461078 0 3 2.53 0.00
11005 1627461078 0 4 2.52 1.57
11006 1627461078 0 5 0.03
11007 1627461078 0 6 0.10
11008 1627461079 0 8 4.98 12.24 11.87
11009 1627461079 0 1 2.447
11010 1627461079 0 0 25.25 8.24 197.1 61.20 99.5 6.28 150.0 18.8 199.4 1.98 41.12 10.5
11011 1627461079 0 7 $GNGGA,083119.000,4424.09803,N,00855.30850,E,1,09,1.2,6.1,M,44.7,M,,*48
11012 1627461079 0 7 $GNGGA,083120.000,4424.09742,N,00855.30878,E,1,09,1.2,6.3,M,44.7,M,,*40
11013 1627461080 0 2 0.07650000 2.07529997 1.24779999 0.01600000 2.67160010 0.00690000 0.04090000 0.33910000 1.00000000 91.00800323
11014 1627461080 0 7 $GNGGA,083121.000,4424.09675,N,00855.30907,E,1,09,1.2,6.6,M,44.7,M,,*48
11015 1627461081 0 3 2.53 0.00
11016 1627461081 0 4 2.52 1.58
11017 1627461081 0 5 0.03
11018 1627461081 0 6 0.11
11019 1627461081 0 8 4.97 12.24 11.84
11020 1627461082 0 1 2.258
11021 1627461082 0 0 25.25 8.24 197.2 61.20 99.5 6.28 149.9 18.8 199.4 2.03 41.12 10.5
11022 1627461082 0 7 $GNGGA,083122.000,4424.09612,N,00855.30938,E,1,09,1.2,6.9,M,44.7,M,,*49
11023 1627461082 0 7 $GNGGA,083123.000,4424.09561,N,00855.30961,E,1,09,1.2,7.7,M,44.7,M,,*4C
11024 1627461083 0 7 $GNGGA,083124.000,4424.09507,N,00855.30995,E,1,09,1.2,8.5,M,44.7,M,,*4D
11025 1627461084 0 3 2.53 0.00
11026 1627461084 0 4 2.52 1.58
11027 1627461084 0 5 0.03
11028 1627461084 0 6 0.10
11029 1627461084 0 8 4.98 12.24 11.87
11030 1627461085 0 1 2.923
11031 1627461085 0 0 25.24 8.24 197.2 61.17 99.4 6.27 149.8 18.8 199.3 2.02 41.09 10.5
11032 1627461085 0 7 $GNGGA,083125.000,4424.09451,N,00855.31034,E,1,09,1.2,8.8,M,44.7,M,,*40
11033 1627461085 0 7 $GNGGA,083126.000,4424.09390,N,00855.31074,E,1,09,1.2,9.3,M,44.7,M,,*47
11034 1627461086 0 7 $GNGGA,083127.000,4424.09329,N,00855.31114,E,1,09,1.2,9.7,M,44.7,M,,*47
11035 1627461087 0 3 2.53 0.00
11036 1627461087 0 4 2.52 1.58
11037 1627461087 0 5 0.03
11038 1627461087 0 6 0.12
11039 1627461087 0 8 4.98 12.24 11.87
11040 1627461088 0 1 2.188
11041 1627461088 0 0 25.26 8.24 197.1 61.18 99.4 6.27 149.7 18.8 199.4 2.00 41.10 10.5
11042 1627461088 0 7 $GNGGA,083128.000,4424.09271,N,00855.31150,E,1,09,1.2,9.6,M,44.7,M,,*45
11043 1627461088 0 7 $GNGGA,083129.000,4424.09195,N,00855.31181,E,1,09,1.2,9.4,M,44.7,M,,*43
11044 1627461089 0 7 $GNGGA,083130.000,4424.09135,N,00855.31230,E,1,09,1.2,9.2,M,44.7,M,,*4E
11045 1627461090 0 3 2.53 0.00
11046 1627461090 0 4 2.52 1.58
11047 1627461090 0 5 0.03
11048 1627461090 0 6 0.11
11049 1627461090 0 8 4.98 12.24 11.87
11050 1627461091 0 1 2.217
11051 1627461091 0 0 25.26 8.24 197.1 61.16 99.4 6.27 149.7 18.8 198.9 2.01 41.08 10.5
11052 1627461091 0 7 $GNGGA,083131.000,4424.09083,N,00855.31276,E,1,09,1.2,9.0,M,44.7,M,,*43
11053 1627461091 0 7 $GNGGA,083132.000,4424.09002,N,00855.31301,E,1,09,1.2,8.4,M,44.7,M,,*4D
11054 1627461092 0 7 $GNGGA,083133.000,4424.08913,N,00855.31314,E,1,09,1.2,7.8,M,44.7,M,,*43
11055 1627461093 0 3 2.53 0.00
11056 1627461093 0 4 2.52 1.58
11057 1627461093 0 5 0.03
11058 1627461093 0 6 0.12
11059 1627461093 0 8 4.98 12.23 11.87
11060 1627461094 0 1 2.250
11061 1627461094 0 0 25.27 8.24 197.1 61.15 99.4 6.27 149.7 18.8 199.1 2.00 41.07 10.5
11062 1627461094 0 7 $GNGGA,083134.000,4424.08841,N,00855.31324,E,1,09,1.2,7.2,M,44.7,M,,*4B
11063 1627461094 0 7 $GNGGA,083135.000,4424.08751,N,00855.31337,E,1,09,1.2,6.6,M,44.7,M,,*43
11064 1627461095 0 7 $GNGGA,083136.000,4424.08656,N,00855.31369,E,1,09,1.2,5.9,M,44.7,M,,*41
11065 1627461096 0 3 2.53 0.00
11066 1627461096 0 4 2.52 1.58
11067 1627461096 0 5 0.03
11068 1627461096 0 6 0.12
11069 1627461097 0 8 4.98 12.23 11.87
11070 1627461097 0 1 2.083
11071 1627461097 0 0 25.25 8.24 197.1 61.17 99.4 6.27 150.0 18.8 199.6 1.98 41.09 10.5
11072 1627461097 0 7 $GNGGA,083137.000,4424.08567,N,00855.31416,E,1,09,1.2,5.6,M,44.7,M,,*41
11073 1627461097 0 7 $GNGGA,083138.000,4424.08485,N,00855.31464,E,1,09,1.2,5.4,M,44.7,M,,*44
11074 1627461098 0 7 $GNGGA,083139.000,4424.08401,N,00855.31499,E,1,09,1.2,5.1,M,44.7,M,,*4E
11075 1627461099 0 3 2.53 0.00
11076 1627461099 0 4 2.52 1.58
11077 1627461099 0 5 0.03
11078 1627461099 0 6 0.12
11079 1627461099 0 8 4.98 12.24 11.84
11080 1627461100 0 1 1.780
11081 1627461100 0 0 25.29 8.24 197.0 61.12 99.4 6.27 149.6 18.8 198.4 1.96 41.05 10.5
11082 1627461100 0 7 $GNGGA,083140.000,4424.08323,N,00855.31529,E,1,09,1.2,5.2,M,44.7,M,,*4E
11083 1627461100 0 7 $GNGGA,083141.000,4424.08260,N,00855.31574,E,1,09,1.2,5.2,M,44.7,M,,*41
11084 1627461101 0 7 $GNGGA,083142.000,4424.08187,N,00855.31627,E,1,09,1.2,5.2,M,44.7,M,,*4D
11085 1627461102 0 3 2.53 0.00
11086 1627461102 0 4 2.52 1.58
11087 1627461102 0 5 0.03
11088 1627461102 0 6 0.08
11089 1627461102 0 8 4.98 12.24 11.87
11090 1627461103 0 1 1.712
11091 1627461103 0 0 25.29 8.24 197.0 61.18 99.3 6.26 149.7 18.8 198.9 1.90 41.10 10.6
11092 1627461103 0 7 $GNGGA,083143.000,4424.08097,N,00855.31678,E,1,09,1.2,5.5,M,44.7,M,,*41
11095 1627461105 0 3 2.52 0.00
11096 1627461105 0 4 2.52 1.58
11097 1627461105 0 5 0.03
11098 1627461105 0 6 0.12
11099 1627461105 0 8 4.98 12.24 11.87
11100 1627461106 0 1 2.114
11101 1627461106 0 0 25.28 8.24 196.9 61.21 99.3 6.26 149.9 18.8 198.6 1.91 41.12 10.5
11102 1627461106 0 7 $GNGGA,083146.000,4424.07807,N,00855.31799,E,1,09,1.2,5.3,M,44.7,M,,*42
11103 1627461106 0 7 $GNGGA,083147.000,4424.07737,N,00855.31828,E,1,09,1.2,5.0,M,44.7,M,,*49
11104 1627461107 0 7 $GNGGA,083148.000,4424.07680,N,00855.31868,E,1,09,1.2,4.6,M,44.7,M,,*48
11105 1627461108 0 3 2.53 0.00
11106 1627461108 0 4 2.52 1.58
11107 1627461108 0 5 0.03
11108 1627461108 0 6 0.11
11109 1627461108 0 8 4.98 12.24 11.87
11110 1627461109 0 1 1.720
11111 1627461109 0 0 25.31 8.24 196.9 61.18 99.3 6.26 149.5 18.8 198.9 1.93 41.10 10.6
11112 1627461109 0 7 $GNGGA,083149.000,4424.07624,N,00855.31917,E,1,09,1.2,4.1,M,44.7,M,,*49
11113 1627461109 0 7 $GNGGA,083150.000,4424.07560,N,00855.31960,E,1,09,1.2,3.8,M,44.7,M,,*4C
11114 1627461110 0 7 $GNGGA,083151.000,4424.07495,N,00855.31993,E,1,09,1.2,3.6,M,44.7,M,,*44
11115 1627461111 0 3 2.53 0.00
11116 1627461111 0 4 2.52 1.58
11117 1627461111 0 5 0.03
11118 1627461111 0 6 0.09
11119 1627461111 0 8 4.98 12.23 11.87
11120 1627461112 0 1 2.758
11121 1627461112 0 0 25.30 8.24 196.9 61.25 99.3 6.26 149.6 18.8 199.2 1.94 41.15 10.6
11122 1627461112 0 7 $GNGGA,083152.000,4424.07453,N,00855.32049,E,1,09,1.2,3.5,M,44.7,M,,*43
11123 1627461112 0 7 $GNGGA,083153.000,4424.07408,N,00855.32094,E,1,09,1.2,3.5,M,44.7,M,,*4C
11124 1627461113 0 7 $GNGGA,083154.000,4424.07338,N,00855.32122,E,1,09,1.2,3.5,M,44.7,M,,*43
11125 1627461114 0 3 2.53 0.00
11126 1627461114 0 4 2.52 1.58
11127 1627461114 0 5 0.03
11128 1627461114 0 6 0.10
11129 1627461114 0 8 4.98 12.24 11.87
11130 1627461115 0 1 2.029
11131 1627461115 0 0 25.28 8.25 196.8 61.23 99.2 6.26 149.8 18.8 199.3 1.92 41.14 10.7
11132 1627461115 0 7 $GNGGA,083155.000,4424.07282,N,00855.32158,E,1,09,1.2,3.6,M,44.7,M,,*4C
11133 1627461115 0 7 $GNGGA,083156.000,4424.07225,N,00855.32207,E,1,09,1.2,3.6,M,44.7,M,,*4B
11134 1627461116 0 7 $GNGGA,083157.000,4424.07153,N,00855.32254,E,1,09,1.2,3.6,M,44.7,M,,*4E
11135 1627461117 0 3 2.53 0.00
11136 1627461117 0 4 2.52 1.58
11137 1627461117 0 5 0.03
11138 1627461117 0 6 0.11
11139 1627461117 0 8 4.98 12.24 11.87
11140 1627461118 0 1 1.754
11141 1627461118 0 0 25.30 8.24 196.7 61.20 99.3 6.26 149.5 18.8 199.0 1.93 41.11 10.7
11142 1627461118 0 7 $GNGGA,083158.000,4424.07076,N,00855.32305,E,1,09,1.2,3.5,M,44.7,M,,*41
11143 1627461118 0 7 $GNGGA,083159.000,4424.07006,N,00855.32357,E,1,09,1.2,3.6,M,44.7,M,,*43
11144 1627461119 0 7 $GNGGA,083200.000,4424.06935,N,00855.32395,E,1,09,1.2,3.9,M,44.7,M,,*45
11145 1627461120 0 3 2.53 0.00
11146 1627461120 0 4 2.52 1.58
11147 1627461120 0 5 0.03
11148 1627461120 0 6 0.10
11149 1627461120 0 8 4.98 12.24 11.87
11150 1627461121 0 1 1.849
11151 1627461121 0 0 25.30 8.24 196.8 61.20 99.2 6.25 149.5 18.8 199.3 1.96 41.11 10.7
11152 1627461121 0 7 $GNGGA,083201.000,4424.06876,N,00855.32441,E,1,09,1.2,3.8,M,44.7,M,,*4D
11153 1627461121 0 7 $GNGGA,083202.000,4424.06814,N,00855.32512,E,1,09,1.2,3.5,M,44.7,M,,*40
11154 1627461122 0 7 $GNGGA,083203.000,4424.06764,N,00855.32591,E,1,09,1.2,3.2,M,44.7,M,,*45
11155 1627461123 0 3 2.53 0.00
11156 1627461123 0 4 2.52 1.58
11157 1627461123 0 5 0.03
11158 1627461123 0 6 0.09
11159 1627461123 0 8 4.98 12.24 11.87
11160 1627461124 0 1 1.954
11161 1627461124 0 0 25.28 8.25 196.7 61.23 99.2 6.26 149.8 18.8 199.0 1.94 41.14 10.7
11162 1627461124 0 7 $GNGGA,083204.000,4424.06709,N,00855.32659,E,1,09,1.2,3.4,M,44.7,M,,*48
11163 1627461124 0 7 $GNGGA,083205.000,4424.06651,N,00855.32717,E,1,09,1.2,3.5,M,44.7,M,,*4F
11164 1627461125 0 7 $GNGGA,083206.000,4424.06606,N,00855.32781,E,1,09,1.2,3.1,M,44.7,M,,*45
11165 1627461126 0 3 2.53 0.00
11166 1627461126 0 4 2.52 1.60
11167 1627461126 0 5 0.03
11168 1627461126 0 6 0.12
11169 1627461126 0 8 4.98 12.22 11.87
11170 1627461127 0 1 2.020
11171 1627461127 0 0 25.30 8.25 196.6 61.30 99.2 6.25 149.7 18.8 198.8 1.91 41.19 10.7
11172 1627461127 0 7 $GNGGA,083207.000,4424.06540,N,00855.32831,E,1,09,1.2,3.0,M,44.7,M,,*40
11173 1627461127 0 7 $GNGGA,083208.000,4424.06461,N,00855.32882,E,1,09,1.2,2.8,M,44.7,M,,*4C
11174 1627461128 0 7 $GNGGA,083209.000,4424.06392,N,00855.32942,E,1,09,1.2,2.7,M,44.7,M,,*44
11175 1627461129 0 3 2.53 0.00
11176 1627461129 0 4 2.52 1.60
11177 1627461129 0 5 0.03
11178 1627461129 0 6 0.14
11179 1627461129 0 8 4.98 12.24 11.87
11180 1627461130 0 1 1.985
11181 1627461130 0 0 25.31 8.24 196.7 61.23 99.2 6.25 149.7 18.8 199.1 1.87 41.13 10.7
11182 1627461130 0 7 $GNGGA,083210.000,4424.06344,N,00855.33004,E,1,09,1.2,2.3,M,44.7,M,,*49
11183 1627461130 0 7 $GNGGA,083211.000,4424.06302,N,00855.33053,E,1,09,1.2,2.5,M,44.7,M,,*4E
11184 1627461131 0 7 $GNGGA,083212.000,4424.06263,N,00855.33115,E,1,09,1.2,2.6,M,44.7,M,,*4B
11185 1627461132 0 3 2.53 0.00
11186 1627461132 0 4 2.52 1.60
11187 1627461132 0 5 0.03
11188 1627461132 0 6 0.14
11189 1627461133 0 8 4.98 12.24 11.87
11190 1627461133 0 1 2.232
11191 1627461133 0 0 25.30 8.25 196.7 61.22 99.2 6.25 149.6 18.8 199.0 1.86 41.13 10.7
11192 1627461133 0 7 $GNGGA,083213.000,4424.06229,N,00855.33188,E,1,09,1.2,2.7,M,44.7,M,,*41
11193 1627461133 0 7 $GNGGA,083214.000,4424.06179,N,00855.33245,E,1,09,1.2,3.2,M,44.7,M,,*46
11194 1627461134 0 7 $GNGGA,083215.000,4424.06143,N,00855.33318,E,1,09,1.2,3.2,M,44.7,M,,*47
11195 1627461135 0 3 2.53 0.00
11196 1627461135 0 4 2.52 1.60
11197 1627461135 0 5 0.03
11198 1627461135 0 6 0.14
11199 1627461136 0 8 4.98 12.24 11.87
11200 1627461136 0 1 1.961
11204 1627461137 0 7 $GNGGA,083218.000,4424.05959,N,00855.33494,E,1,09,1.2,2.8,M,44.7,M,,*42
11205 1627461138 0 3 2.53 0.00
11206 1627461138 0 4 2.52 1.60
11207 1627461138 0 5 0.03
11208 1627461138 0 6 0.14
11209 1627461139 0 8 4.98 12.24 11.87
11210 1627461139 0 1 2.948
11211 1627461139 0 0 25.30 8.25 196.6 61.25 99.2 6.25 149.7 18.8 199.0 1.89 41.15 10.7
11212 1627461139 0 7 $GNGGA,083219.000,4424.05883,N,00855.33545,E,1,09,1.2,3.0,M,44.7,M,,*41
11213 1627461139 0 7 $GNGGA,083220.000,4424.05825,N,00855.33605,E,1,09,1.2,3.0,M,44.7,M,,*40
11214 1627461140 0 7 $GNGGA,083221.000,4424.05778,N,00855.33667,E,1,09,1.2,2.8,M,44.7,M,,*4B
11215 1627461141 0 3 2.53 0.00
11216 1627461141 0 4 2.52 1.60
11217 1627461141 0 5 0.03
11218 1627461141 0 6 0.11
11219 1627461142 0 8 4.98 12.08 11.84
11220 1627461142 0 1 2.248
11221 1627461142 0 0 25.30 8.25 196.5 61.29 99.2 6.25 149.7 18.8 199.4 1.87 41.18 10.7
11222 1627461142 0 7 $GNGGA,083222.000,4424.05739,N,00855.33731,E,1,09,1.2,2.7,M,44.7,M,,*40
11223 1627461142 0 7 $GNGGA,083223.000,4424.05706,N,00855.33789,E,1,09,1.2,2.9,M,44.7,M,,*40
11224 1627461143 0 7 $GNGGA,083224.000,4424.05655,N,00855.33848,E,1,09,1.2,2.8,M,44.7,M,,*43
11225 1627461144 0 3 2.53 0.00
11226 1627461144 0 4 2.52 1.59
11227 1627461144 0 5 0.03
11228 1627461144 0 6 0.10
11229 1627461145 0 8 4.98 12.23 11.84
11230 1627461145 0 1 2.196
11231 1627461145 0 0 25.31 8.25 196.5 61.24 99.3 6.26 149.6 18.8 199.0 1.90 41.15 10.7
11232 1627461145 0 7 $GNGGA,083225.000,4424.05605,N,00855.33904,E,1,09,1.2,2.8,M,44.7,M,,*4E
11233 1627461145 0 7 $GNGGA,083226.000,4424.05549,N,00855.33938,E,1,09,1.2,2.7,M,44.7,M,,*46
11234 1627461146 0 7 $GNGGA,083227.000,4424.05481,N,00855.33967,E,1,09,1.2,2.6,M,44.7,M,,*49
11235 1627461147 0 3 2.53 0.00
11236 1627461147 0 4 2.52 1.59
11237 1627461147 0 5 0.03
11238 1627461147 0 6 0.12
11239 1627461148 0 8 4.98 12.24 11.84
11240 1627461148 0 1 2.394
11241 1627461148 0 0 25.30 8.25 196.5 61.25 99.3 6.26 149.6 18.8 199.6 1.91 41.15 10.8
11242 1627461148 0 7 $GNGGA,083228.000,4424.05402,N,00855.34011,E,1,09,1.2,2.5,M,44.7,M,,*41
11243 1627461148 0 7 $GNGGA,083229.000,4424.05324,N,00855.34076,E,1,09,1.2,2.4,M,44.7,M,,*43
11244 1627461149 0 7 $GNGGA,083230.000,4424.05243,N,00855.34135,E,1,09,1.2,2.3,M,44.7,M,,*4A
11245 1627461150 0 3 2.53 0.00
11246 1627461150 0 4 2.52 1.59
11247 1627461150 0 5 0.03
11248 1627461150 0 6 0.13
11249 1627461151 0 8 4.98 12.09 11.84
11250 1627461151 0 1 2.228
11251 1627461151 0 0 25.31 8.25 196.5 61.18 99.3 6.26 149.5 18.8 198.7 1.91 41.10 10.7
11252 1627461151 0 7 $GNGGA,083231.000,4424.05171,N,00855.34190,E,1,09,1.2,2.3,M,44.7,M,,*46
11253 1627461151 0 7 $GNGGA,083232.000,4424.05103,N,00855.34224,E,1,09,1.2,2.2,M,44.7,M,,*4D
11254 1627461152 0 7 $GNGGA,083233.000,4424.05039,N,00855.34266,E,1,09,1.2,2.0,M,44.7,M,,*40
11255 1627461153 0 3 2.53 0.00
11256 1627461153 0 4 2.52 1.59
11257 1627461153 0 5 0.03
11258 1627461153 0 6 0.14
11259 1627461154 0 8 4.98 12.24 11.87
11260 1627461154 0 1 2.136
11261 1627461154 0 0 25.31 8.25 196.4 61.24 99.3 6.26 149.6 18.8 198.7 1.91 41.14 10.8
11262 1627461154 0 7 $GNGGA,083234.000,4424.04956,N,00855.34307,E,1,09,1.2,1.5,M,44.7,M,,*46
11263 1627461154 0 7 $GNGGA,083235.000,4424.04862,N,00855.34342,E,1,09,1.2,1.0,M,44.7,M,,*45
11264 1627461155 0 7 $GNGGA,083236.000,4424.04766,N,00855.34378,E,1,09,1.2,0.5,M,44.7,M,,*40
11265 1627461156 0 3 2.53 0.00
11266 1627461156 0 4 2.52 1.59
11267 1627461156 0 5 0.03
11268 1627461156 0 6 0.12
11269 1627461157 0 8 4.98 12.10 11.84
11270 1627461157 0 1 2.219
11271 1627461157 0 0 25.32 8.25 196.4 61.32 99.3 6.26 149.6 18.8 198.7 1.90 41.20 10.8
11272 1627461157 0 7 $GNGGA,083237.000,4424.04669,N,00855.34418,E,1,09,1.2,-0.1,M,44.7,M,,*67
11273 1627461157 0 7 $GNGGA,083238.000,4424.04583,N,00855.34454,E,1,09,1.2,-0.5,M,44.7,M,,*63
11274 1627461158 0 7 $GNGGA,083239.000,4424.04519,N,00855.34510,E,1,09,1.2,-0.7,M,44.7,M,,*62
11275 1627461159 0 3 2.53 0.00
11276 1627461159 0 4 2.52 1.59
11277 1627461159 0 5 0.03
11278 1627461159 0 6 0.12
11279 1627461160 0 8 4.98 12.25 11.87
11280 1627461160 0 1 2.323
11281 1627461160 0 0 25.33 8.25 196.3 61.23 99.4 6.26 149.6 18.8 198.9 1.94 41.14 10.8
11282 1627461160 0 7 $GNGGA,083240.000,4424.04471,N,00855.34582,E,1,09,1.2,-0.8,M,44.7,M,,*67
11283 1627461160 0 7 $GNGGA,083241.000,4424.04391,N,00855.34643,E,1,09,1.2,-1.0,M,44.7,M,,*68
11284 1627461161 0 7 $GNGGA,083242.000,4424.04305,N,00855.34696,E,1,09,1.2,-1.3,M,44.7,M,,*6D
11285 1627461162 0 3 2.53 0.00
11286 1627461162 0 4 2.52 1.59
11287 1627461162 0 5 0.03
11288 1627461162 0 6 0.15
11289 1627461163 0 8 4.98 12.23 11.87
11290 1627461163 0 1 2.192
11291 1627461163 0 0 25.32 8.25 196.4 61.24 99.4 6.26 149.5 18.8 198.9 1.95 41.14 10.8
11292 1627461163 0 7 $GNGGA,083243.000,4424.04225,N,00855.34745,E,1,09,1.2,-1.6,M,44.7,M,,*65
11293 1627461163 0 7 $GNGGA,083244.000,4424.04129,N,00855.34790,E,1,09,1.2,-2.2,M,44.7,M,,*62
11294 1627461164 0 7 $GNGGA,083245.000,4424.04026,N,00855.34843,E,1,09,1.2,-3.1,M,44.7,M,,*6E
11295 1627461165 0 3 2.53 0.00
11296 1627461165 0 4 2.52 1.59
11297 1627461165 0 5 0.03
11298 1627461165 0 6 0.10
11299 1627461166 0 8 4.98 12.23 11.87
11300 1627461166 0 1 2.908
11301 1627461166 0 0 25.32 8.25 196.4 61.27 99.4 6.26 149.5 18.8 198.6 1.92 41.16 10.8
11302 1627461166 0 7 $GNGGA,083246.000,4424.03925,N,00855.34897,E,1,09,1.2,-4.0,M,44.7,M,,*6F
11303 1627461166 0 7 $GNGGA,083247.000,4424.03851,N,00855.34946,E,1,09,1.2,-4.3,M,44.7,M,,*62
11304 1627461167 0 7 $GNGGA,083248.000,4424.03812,N,00855.35025,E,1,09,1.2,-4.8,M,44.7,M,,*6C
11305 1627461168 0 3 2.53 0.00
11306 1627461168 0 4 2.52 1.59
11307 1627461168 0 5 0.03
11313 1627461169 0 7 $GNGGA,083250.000,4424.03707,N,00855.35168,E,1,09,1.2,-5.5,M,44.7,M,,*6A
11314 1627461170 0 7 $GNGGA,083251.000,4424.03636,N,00855.35221,E,1,09,1.2,-5.6,M,44.7,M,,*65
11315 1627461171 0 3 2.53 0.00
11316 1627461171 0 4 2.52 1.59
11317 1627461171 0 5 0.03
11318 1627461171 0 6 0.09
11319 1627461172 0 8 4.98 12.23 11.84
11320 1627461172 0 1 2.017
11321 1627461172 0 0 25.32 8.25 196.3 61.31 99.5 6.26 149.5 18.8 198.6 1.92 41.20 10.9
11322 1627461172 0 7 $GNGGA,083252.000,4424.03564,N,00855.35273,E,1,09,1.2,-5.7,M,44.7,M,,*64
11323 1627461172 0 7 $GNGGA,083253.000,4424.03476,N,00855.35321,E,1,09,1.2,-6.0,M,44.7,M,,*65
11324 1627461173 0 7 $GNGGA,083254.000,4424.03395,N,00855.35371,E,1,09,1.2,-6.3,M,44.7,M,,*6E
11325 1627461174 0 3 2.53 0.00
11326 1627461174 0 4 2.52 1.58
11327 1627461174 0 5 0.03
11328 1627461174 0 6 0.10
11329 1627461175 0 8 4.98 12.23 11.87
11330 1627461175 0 1 2.107
11331 1627461175 0 0 25.32 8.25 196.3 61.24 99.4 6.26 149.6 18.8 198.8 1.91 41.14 10.8
11332 1627461175 0 7 $GNGGA,083255.000,4424.03327,N,00855.35415,E,1,09,1.2,-6.9,M,44.7,M,,*69
11333 1627461175 0 7 $GNGGA,083256.000,4424.03263,N,00855.35463,E,1,09,1.2,-7.5,M,44.7,M,,*67
11334 1627461176 0 7 $GNGGA,083257.000,4424.03204,N,00855.35507,E,1,09,1.2,-8.1,M,44.7,M,,*6F
11335 1627461177 0 3 2.53 0.00
11336 1627461177 0 4 2.52 1.59
11337 1627461177 0 5 0.03
11338 1627461177 0 6 0.10
11339 1627461178 0 8 4.98 12.24 11.87
11340 1627461178 0 1 1.969
11341 1627461178 0 0 25.32 8.25 196.2 61.27 99.5 6.27 149.6 18.8 198.9 1.86 41.16 10.8
11342 1627461178 0 7 $GNGGA,083258.000,4424.03139,N,00855.35552,E,1,09,1.2,-8.5,M,44.7,M,,*69
11343 1627461178 0 7 $GNGGA,083259.000,4424.03067,N,00855.35598,E,1,09,1.2,-9.2,M,44.7,M,,*62
11344 1627461179 0 7 $GNGGA,083300.000,4424.02991,N,00855.35644,E,1,09,1.2,-9.9,M,44.7,M,,*67
11345 1627461180 0 3 2.53 0.00
11347 1627461180 0 5 0.03
11348 1627461180 0 6 0.12
11349 1627461181 0 8 4.98 12.24 11.87
11350 1627461181 0 1 2.208
11351 1627461181 0 0 25.31 8.25 196.2 61.23 99.5 6.27 149.6 18.8 198.8 1.88 41.13 10.8
11352 1627461181 0 7 $GNGGA,083301.000,4424.02913,N,00855.35693,E,1,09,1.2,-10.5,M,44.7,M,,*52
11353 1627461181 0 7 $GNGGA,083302.000,4424.02839,N,00855.35741,E,1,09,1.2,-10.9,M,44.7,M,,*5A
11354 1627461182 0 7 $GNGGA,083303.000,4424.02764,N,00855.35769,E,1,09,1.2,-11.2,M,44.7,M,,*5C
11355 1627461183 0 3 2.53 0.00
11356 1627461183 0 4 2.52 1.59
11357 1627461183 0 5 0.03
11358 1627461183 0 6 0.10
11359 1627461184 0 8 4.98 12.23 11.87
11360 1627461184 0 1 2.267
11361 1627461184 0 0 25.30 8.25 196.3 61.25 99.6 6.27 149.6 18.8 199.0 1.90 41.15 10.9
11362 1627461184 0 7 $GNGGA,083304.000,4424.02694,N,00855.35803,E,1,09,1.2,-11.1,M,44.7,M,,*55
11364 1627461185 0 7 $GNGGA,083306.000,4424.02577,N,00855.35952,E,1,09,1.2,-12.5,M,44.7,M,,*5B
11365 1627461186 0 3 2.53 0.00
11366 1627461186 0 4 2.52 1.59
11367 1627461186 0 5 0.03
11368 1627461186 0 6 0.12
11369 1627461187 0 8 4.98 12.23 11.87
11370 1627461187 0 1 2.433
11371 1627461187 0 0 25.30 8.25 196.3 61.29 99.6 6.27 149.7 18.8 199.0 1.90 41.18 10.8
11372 1627461187 0 7 $GNGGA,083307.000,4424.02512,N,00855.36012,E,1,09,1.2,-13.5,M,44.7,M,,*56
11373 1627461187 0 7 $GNGGA,083308.000,4424.02449,N,00855.36061,E,1,09,1.2,-13.8,M,44.7,M,,*5F
11374 1627461188 0 7 $GNGGA,083309.000,4424.02386,N,00855.36105,E,1,09,1.2,-14.3,M,44.7,M,,*55
11375 1627461189 0 3 2.53 0.00
11376 1627461189 0 4 2.52 1.57
11377 1627461189 0 5 0.03
11378 1627461189 0 6 0.13
11379 1627461190 0 8 4.98 12.23 11.87
11380 1627461190 0 1 2.056
11381 1627461190 0 0 25.30 8.25 196.2 61.23 99.6 6.28 149.8 18.8 199.4 1.91 41.13 10.9
11382 1627461190 0 7 $GNGGA,083310.000,4424.02314,N,00855.36143,E,1,09,1.2,-13.9,M,44.7,M,,*59
11383 1627461190 0 7 $GNGGA,083311.000,4424.02230,N,00855.36179,E,1,09,1.2,-12.6,M,44.7,M,,*58
11384 1627461191 0 7 $GNGGA,083312.000,4424.02162,N,00855.36228,E,1,09,1.2,-12.6,M,44.7,M,,*58
11385 1627461192 0 3 2.53 0.00
11386 1627461192 0 4 2.52 1.58
11387 1627461192 0 5 0.03
11388 1627461193 0 6 0.14
11389 1627461193 0 8 4.98 12.24 11.87
11390 1627461193 0 1 2.753
11391 1627461193 0 0 25.30 8.26 196.2 61.27 99.6 6.28 149.8 18.8 199.0 1.94 41.16 11.0
11392 1627461193 0 7 $GNGGA,083313.000,4424.02098,N,00855.36283,E,1,09,1.2,-12.7,M,44.7,M,,*5D
11393 1627461193 0 7 $GNGGA,083314.000,4424.02031,N,00855.36339,E,1,09,1.2,-12.8,M,44.7,M,,*56
11394 1627461194 0 7 $GNGGA,083315.000,4424.01958,N,00855.36394,E,1,09,1.2,-12.5,M,44.7,M,,*58
11395 1627461195 0 3 2.53 0.00
11396 1627461195 0 4 2.52 1.57
11397 1627461195 0 5 0.03
11398 1627461195 0 6 0.13
11399 1627461196 0 8 4.98 12.23 11.87
11400 1627461196 0 1 1.462
11401 1627461196 0 0 25.32 8.26 196.1 61.30 99.6 6.28 149.6 18.8 198.9 1.94 41.19 11.1
11402 1627461196 0 7 $GNGGA,083316.000,4424.01894,N,00855.36457,E,1,09,1.2,-12.1,M,44.7,M,,*56
11403 1627461196 0 7 $GNGGA,083317.000,4424.01835,N,00855.36522,E,1,09,1.2,-11.9,M,44.7,M,,*54
11404 1627461197 0 7 $GNGGA,083318.000,4424.01773,N,00855.36571,E,1,09,1.2,-12.0,M,44.7,M,,*5A
11405 1627461198 0 3 2.53 0.00
11406 1627461198 0 4 2.52 1.57
11407 1627461198 0 5 0.03
11408 1627461198 0 6 0.11
11409 1627461199 0 8 4.98 12.24 11.87
11410 1627461199 0 1 1.495
11411 1627461199 0 0 25.31 8.26 196.0 61.26 99.7 6.28 149.6 18.8 199.6 1.87 41.16 11.2
11412 1627461199 0 7 $GNGGA,083319.000,4424.01704,N,00855.36583,E,1,09,1.2,-12.5,M,44.7,M,,*53
11413 1627461199 0 7 $GNGGA,083320.000,4424.01643,N,00855.36610,E,1,09,1.2,-12.4,M,44.7,M,,*53
11414 1627461200 0 2 0.07760000 1.77110004 1.24329996 0.01360000 2.68149995 0.00660000 0.03850000 0.34380002 1.00000000 91.51899719
11415 1627461200 0 7 $GNGGA,083321.000,4424.01577,N,00855.36663,E,1,09,1.2,-12.4,M,44.7,M,,*52
11416 1627461201 0 3 2.53 0.00
11417 1627461201 0 4 2.52 1.57
11418 1627461201 0 5 0.03
11419 1627461201 0 6 0.07
11420 1627461202 0 8 4.98 12.23 11.87
11421 1627461202 0 1 1.314
11422 1627461202 0 0 25.32 8.27 196.0 61.27 99.7 6.28 149.6 18.8 198.8 1.86 41.16 11.2
11423 1627461202 0 7 $GNGGA,083322.000,4424.01503,N,00855.36730,E,1,09,1.2,-12.5,M,44.7,M,,*54
11424 1627461202 0 7 $GNGGA,083323.000,4424.01430,N,00855.36781,E,1,09,1.2,-12.6,M,44.7,M,,*5D
11425 1627461203 0 7 $GNGGA,083324.000,4424.01367,N,00855.36832,E,1,09,1.2,-12.5,M,44.7,M,,*5B
11426 1627461204 0 3 2.52 0.00
11427 1627461204 0 4 2.52 1.57
11428 1627461204 0 5 0.03
11429 1627461204 0 6 0.12
11430 1627461205 0 8 4.98 12.23 11.84
11431 1627461205 0 1 1.212
11432 1627461205 0 0 25.32 8.27 195.9 61.25 99.7 6.28 149.7 18.8 198.5 1.93 41.15 11.3
11433 1627461205 0 7 $GNGGA,083325.000,4424.01307,N,00855.36901,E,1,09,1.2,-12.4,M,44.7,M,,*5C
11434 1627461205 0 7 $GNGGA,083326.000,4424.01237,N,00855.36980,E,1,09,1.2,-12.2,M,44.7,M,,*52
11435 1627461206 0 7 $GNGGA,083327.000,4424.01156,N,00855.37043,E,1,09,1.2,-12.0,M,44.7,M,,*52
11436 1627461207 0 3 2.53 0.00
11437 1627461207 0 4 2.52 1.56
11438 1627461207 0 5 0.03
11439 1627461207 0 6 0.11
11440 1627461208 0 8 4.98 12.23 11.87
11441 1627461208 0 1 1.129
11442 1627461208 0 0 25.31 8.27 195.8 61.31 99.8 6.29 149.8 18.8 199.0 1.82 41.20 11.4
11443 1627461208 0 7 $GNGGA,083328.000,4424.01096,N,00855.37095,E,1,09,1.2,-12.4,M,44.7,M,,*5F
11444 1627461208 0 7 $GNGGA,083329.000,4424.01046,N,00855.37156,E,1,09,1.2,-12.4,M,44.7,M,,*5D
11445 1627461209 0 7 $GNGGA,083330.000,4424.00985,N,00855.37223,E,1,09,1.2,-12.2,M,44.7,M,,*55
11446 1627461210 0 3 2.53 0.00
11447 1627461210 0 4 2.52 1.55
11448 1627461210 0 5 0.03
11449 1627461211 0 6 0.14
11450 1627461211 0 8 4.98 12.24 11.84
11451 1627461211 0 1 1.165
11452 1627461211 0 0 25.32 8.27 195.8 61.28 99.8 6.28 149.6 18.8 198.4 1.85 41.17 11.4
11453 1627461211 0 7 $GNGGA,083331.000,4424.00923,N,00855.37308,E,1,09,1.2,-11.9,M,44.7,M,,*58
11454 1627461211 0 7 $GNGGA,083332.000,4424.00854,N,00855.37383,E,1,09,1.2,-11.7,M,44.7,M,,*57
11455 1627461212 0 7 $GNGGA,083333.000,4424.00778,N,00855.37441,E,1,09,1.2,-11.8,M,44.7,M,,*51
11456 1627461213 0 3 2.53 0.00
11457 1627461213 0 4 2.52 1.54
11458 1627461213 0 5 0.03
11459 1627461213 0 6 0.13
11460 1627461214 0 8 4.97 12.23 11.87
11461 1627461214 0 1 1.276
11462 1627461214 0 0 25.31 8.28 195.8 61.22 99.9 6.29 149.8 18.8 198.7 1.93 41.13 11.5
11463 1627461214 0 7 $GNGGA,083334.000,4424.00708,N,00855.37500,E,1,09,1.2,-11.8,M,44.7,M,,*55
11464 1627461214 0 7 $GNGGA,083335.000,4424.00647,N,00855.37549,E,1,09,1.2,-11.8,M,44.7,M,,*53
11465 1627461215 0 7 $GNGGA,083336.000,4424.00587,N,00855.37598,E,1,09,1.2,-11.7,M,44.7,M,,*5C
11466 1627461216 0 3 2.53 0.00
11467 1627461216 0 4 2.52 1.54
11468 1627461216 0 5 0.03
11469 1627461216 0 6 0.17
11470 1627461217 0 8 4.97 12.23 11.87
11471 1627461217 0 1 0.999
11472 1627461217 0 0 25.30 8.28 195.8 61.30 99.9 6.29 149.9 18.8 199.4 1.90 41.19 11.5
11473 1627461217 0 7 $GNGGA,083337.000,4424.00514,N,00855.37658,E,1,09,1.2,-11.5,M,44.7,M,,*5A
11474 1627461217 0 7 $GNGGA,083338.000,4424.00456,N,00855.37714,E,1,09,1.2,-11.4,M,44.7,M,,*5A
11475 1627461218 0 7 $GNGGA,083339.000,4424.00395,N,00855.37749,E,1,09,1.2,-11.6,M,44.7,M,,*59
11476 1627461219 0 3 2.53 0.00
11477 1627461219 0 4 2.52 1.50
11478 1627461219 0 5 0.03
11479 1627461219 0 6 0.14
11480 1627461220 0 8 4.98 12.23 11.87
11481 1627461220 0 1 1.729
11482 1627461220 0 0 25.31 8.28 195.7 61.23 99.9 6.30 149.8 18.8 199.1 1.92 41.14 11.5
11483 1627461220 0 7 $GNGGA,083340.000,4424.00334,N,00855.37792,E,1,09,1.2,-11.9,M,44.7,M,,*55
11484 1627461220 0 7 $GNGGA,083341.000,4424.00257,N,00855.37830,E,1,09,1.2,-12.0,M,44.7,M,,*5D
11485 1627461221 0 7 $GNGGA,083342.000,4424.00170,N,00855.37863,E,1,09,1.2,-12.0,M,44.7,M,,*5E
11486 1627461222 0 3 2.53 0.00
11487 1627461222 0 4 2.52 1.53
11488 1627461222 0 5 0.03
11489 1627461222 0 6 0.17
11490 1627461223 0 8 4.98 12.23 11.87
11491 1627461223 0 1 0.964
11492 1627461223 0 0 25.30 8.28 195.8 61.28 100.0 6.30 149.8 18.8 199.4 1.94 41.17 11.6
11493 1627461223 0 7 $GNGGA,083343.000,4424.00070,N,00855.37903,E,1,09,1.2,-12.0,M,44.7,M,,*59
11494 1627461223 0 7 $GNGGA,083344.000,4423.99987,N,00855.37944,E,1,09,1.2,-11.5,M,44.7,M,,*5D
11495 1627461224 0 7 $GNGGA,083345.000,4423.99907,N,00855.37967,E,1,09,1.2,-11.2,M,44.7,M,,*52
11496 1627461225 0 3 2.53 0.00
11497 1627461225 0 4 2.52 1.53
11498 1627461225 0 5 0.03
11499 1627461225 0 6 0.16
11500 1627461226 0 8 4.98 12.24 11.87
11501 1627461226 0 1 0.997
11502 1627461226 0 0 25.31 8.28 195.7 61.27 100.0 6.30 149.9 18.8 199.2 1.93 41.17 11.5
11503 1627461226 0 7 $GNGGA,083346.000,4423.99836,N,00855.37996,E,1,09,1.2,-11.1,M,44.7,M,,*5F
11504 1627461226 0 7 $GNGGA,083347.000,4423.99779,N,00855.38056,E,1,09,1.2,-10.7,M,44.7,M,,*57
11505 1627461227 0 7 $GNGGA,083348.000,4423.99728,N,00855.38125,E,1,09,1.2,-10.5,M,44.7,M,,*5B
11506 1627461228 0 3 2.53 0.00
11507 1627461228 0 4 2.52 1.53
11508 1627461228 0 5 0.03
11509 1627461229 0 6 0.14
11510 1627461229 0 8 4.98 12.24 11.87
11511 1627461229 0 1 0.990
11512 1627461229 0 0 25.33 8.28 195.7 61.30 100.0 6.30 149.6 18.8 198.8 1.92 41.19 11.5
11513 1627461229 0 7 $GNGGA,083349.000,4423.99669,N,00855.38181,E,1,09,1.2,-10.2,M,44.7,M,,*57
11514 1627461229 0 7 $GNGGA,083350.000,4423.99592,N,00855.38227,E,1,09,1.2,-10.0,M,44.7,M,,*55
11515 1627461230 0 7 $GNGGA,083351.000,4423.99518,N,00855.38280,E,1,09,1.2,-9.8,M,44.7,M,,*6B
11516 1627461231 0 3 2.53 0.00
11517 1627461231 0 4 2.52 1.53
11518 1627461231 0 5 0.03
11519 1627461231 0 6 0.15
11520 1627461232 0 8 4.98 12.23 11.87
11521 1627461232 0 1 1.084
11522 1627461232 0 0 25.32 8.28 195.7 61.27 100.1 6.30 149.7 18.8 198.7 1.92 41.16 11.6
11523 1627461232 0 7 $GNGGA,083352.000,4423.99464,N,00855.38341,E,1,09,1.2,-9.3,M,44.7,M,,*65
11524 1627461232 0 7 $GNGGA,083353.000,4423.99416,N,00855.38395,E,1,09,1.2,-9.0,M,44.7,M,,*6B
11525 1627461233 0 7 $GNGGA,083354.000,4423.99359,N,00855.38446,E,1,09,1.2,-8.5,M,44.7,M,,*6D
11526 1627461234 0 3 2.53 0.00
11527 1627461234 0 4 2.52 1.53
11528 1627461234 0 5 0.03
11529 1627461234 0 6 0.15
11530 1627461235 0 8 4.97 12.23 11.87
11531 1627461235 0 1 1.030
11532 1627461235 0 0 25.33 8.28 195.7 61.27 100.1 6.30 149.8 18.7 199.0 1.92 41.16 11.6
11533 1627461235 0 7 $GNGGA,083355.000,4423.99295,N,00855.38515,E,1,09,1.2,-8.3,M,44.7,M,,*6C
11534 1627461235 0 7 $GNGGA,083356.000,4423.99227,N,00855.38582,E,1,09,1.2,-8.4,M,44.7,M,,*6F
11535 1627461236 0 7 $GNGGA,083357.000,4423.99159,N,00855.38617,E,1,09,1.2,-8.7,M,44.7,M,,*68
11536 1627461237 0 3 2.53 0.00
11537 1627461237 0 4 2.52 1.53
11538 1627461237 0 5 0.03
11539 1627461237 0 6 0.14
11540 1627461238 0 8 4.98 12.23 11.87
11541 1627461238 0 1 1.225
11542 1627461238 0 0 25.32 8.28 195.7 61.27 100.1 6.31 149.7 18.8 198.9 1.94 41.16 11.6
11543 1627461238 0 7 $GNGGA,083358.000,4423.99088,N,00855.38661,E,1,09,1.2,-8.9,M,44.7,M,,*65
11544 1627461238 0 7 $GNGGA,083359.000,4423.99017,N,00855.38727,E,1,09,1.2,-8.8,M,44.7,M,,*60
11545 1627461239 0 7 $GNGGA,083400.000,4423.98951,N,00855.38787,E,1,09,1.2,-8.8,M,44.7,M,,*6B
11546 1627461240 0 3 2.53 0.00
11547 1627461240 0 4 2.52 1.53
11548 1627461240 0 5 0.03
11549 1627461240 0 6 0.14
11550 1627461241 0 8 4.98 12.23 11.87
11551 1627461241 0 1 1.265
11552 1627461241 0 0 25.32 8.28 195.7 61.32 100.2 6.31 149.7 18.8 198.9 1.91 41.20 11.6
11553 1627461241 0 7 $GNGGA,083401.000,4423.98884,N,00855.38844,E,1,09,1.2,-8.9,M,44.7,M,,*62
11554 1627461241 0 7 $GNGGA,083402.000,4423.98800,N,00855.38903,E,1,09,1.2,-8.9,M,44.7,M,,*6F
11555 1627461242 0 7 $GNGGA,083403.000,4423.98724,N,00855.38949,E,1,09,1.2,-8.8,M,44.7,M,,*68
11556 1627461243 0 3 2.53 0.00
11557 1627461243 0 4 2.52 1.53
11558 1627461243 0 5 0.03
11559 1627461243 0 6 0.11
11560 1627461244 0 8 4.98 12.22 11.87
11561 1627461244 0 1 1.182
11562 1627461244 0 0 25.31 8.28 195.6 61.32 100.2 6.31 149.8 18.8 199.3 1.91 41.20 11.6
11563 1627461244 0 7 $GNGGA,083404.000,4423.98658,N,00855.39011,E,1,09,1.2,-8.7,M,44.7,M,,*6F
11564 1627461244 0 7 $GNGGA,083405.000,4423.98591,N,00855.39080,E,1,09,1.2,-8.6,M,44.7,M,,*61
11565 1627461245 0 7 $GNGGA,083406.000,4423.98529,N,00855.39138,E,1,09,1.2,-8.2,M,44.7,M,,*67
11566 1627461246 0 3 2.53 0.00
11567 1627461246 0 4 2.52 1.53
11568 1627461246 0 5 0.03
11569 1627461246 0 6 0.11
11570 1627461247 0 8 4.98 12.23 11.84
11571 1627461247 0 1 1.999
11572 1627461247 0 0 25.32 8.28 195.7 61.30 100.3 6.32 149.8 18.8 199.0 1.92 41.19 11.6
11573 1627461247 0 7 $GNGGA,083407.000,4423.98460,N,00855.39180,E,1,09,1.2,-8.0,M,44.7,M,,*6B
11574 1627461247 0 7 $GNGGA,083408.000,4423.98384,N,00855.39223,E,1,09,1.2,-7.7,M,44.7,M,,*6B
11575 1627461248 0 7 $GNGGA,083409.000,4423.98316,N,00855.39269,E,1,09,1.2,-7.2,M,44.7,M,,*6A
11576 1627461249 0 3 2.53 0.00
11577 1627461249 0 4 2.52 1.53
11578 1627461249 0 5 0.03
11579 1627461250 0 6 0.11
11580 1627461250 0 8 4.98 12.23 11.84
11581 1627461250 0 1 1.224
11582 1627461250 0 0 25.32 8.28 195.7 61.32 100.3 6.31 149.8 18.8 199.2 1.92 41.21 11.6
11583 1627461250 0 7 $GNGGA,083410.000,4423.98244,N,00855.39323,E,1,09,1.2,-7.0,M,44.7,M,,*69
11584 1627461250 0 7 $GNGGA,083411.000,4423.98184,N,00855.39373,E,1,09,1.2,-7.0,M,44.7,M,,*62
11585 1627461251 0 7 $GNGGA,083412.000,4423.98117,N,00855.39414,E,1,09,1.2,-6.9,M,44.7,M,,*65
11586 1627461252 0 3 2.53 0.00
11587 1627461252 0 4 2.52 1.53
11588 1627461252 0 5 0.03
11589 1627461252 0 6 0.12
11590 1627461253 0 8 4.98 12.23 11.87
11591 1627461253 0 1 1.273
11592 1627461253 0 0 25.32 8.28 195.7 61.34 100.3 6.32 149.8 18.7 199.1 1.91 41.22 11.6
11593 1627461253 0 7 $GNGGA,083413.000,4423.98042,N,00855.39456,E,1,09,1.2,-6.5,M,44.7,M,,*6F
11594 1627461253 0 7 $GNGGA,083414.000,4423.97968,N,00855.39511,E,1,09,1.2,-6.5,M,44.7,M,,*64
11595 1627461254 0 7 $GNGGA,083415.000,4423.97900,N,00855.39563,E,1,09,1.2,-6.4,M,44.7,M,,*6F
11596 1627461255 0 3 2.53 0.00
11597 1627461255 0 4 2.52 1.53
11598 1627461255 0 5 0.03
11599 1627461255 0 6 0.12
11600 1627461256 0 8 4.97 12.24 11.84
11601 1627461256 0 1 1.218
11602 1627461256 0 0 25.32 8.28 195.7 61.38 100.4 6.32 150.0 18.7 199.4 1.89 41.25 11.6
11603 1627461256 0 7 $GNGGA,083416.000,4423.97829,N,00855.39604,E,1,09,1.2,-6.3,M,44.7,M,,*63
11604 1627461256 0 7 $GNGGA,083417.000,4423.97745,N,00855.39642,E,1,09,1.2,-6.0,M,44.7,M,,*66
11605 1627461257 0 7 $GNGGA,083418.000,4423.97655,N,00855.39686,E,1,09,1.2,-5.7,M,44.7,M,,*65
11606 1627461258 0 3 2.53 0.00
11607 1627461258 0 4 2.52 1.53
11608 1627461258 0 5 0.03
11609 1627461258 0 6 0.13
11610 1627461259 0 8 4.98 12.23 11.87
11611 1627461259 0 1 1.234
11612 1627461259 0 0 25.32 8.28 195.7 61.31 100.4 6.33 149.8 18.7 199.2 1.91 41.20 11.6
11613 1627461259 0 7 $GNGGA,083419.000,4423.97563,N,00855.39725,E,1,09,1.2,-5.4,M,44.7,M,,*69
11614 1627461259 0 7 $GNGGA,083420.000,4423.97486,N,00855.39765,E,1,09,1.2,-5.1,M,44.7,M,,*68
11615 1627461260 0 7 $GNGGA,083421.000,4423.97420,N,00855.39806,E,1,09,1.2,-4.7,M,44.7,M,,*68
11616 1627461261 0 3 2.53 0.00
11617 1627461261 0 4 2.52 1.53
11618 1627461261 0 5 0.03
11619 1627461261 0 6 0.16
11620 1627461262 0 8 4.98 12.08 11.84
11621 1627461262 0 1 1.222
11622 1627461262 0 0 25.33 8.28 195.7 61.23 100.5 6.33 149.8 18.7 198.8 1.94 41.14 11.6
11623 1627461262 0 7 $GNGGA,083422.000,4423.97357,N,00855.39858,E,1,09,1.2,-4.6,M,44.7,M,,*66
11624 1627461262 0 7 $GNGGA,083423.000,4423.97296,N,00855.39912,E,1,09,1.2,-4.4,M,44.7,M,,*66
11625 1627461263 0 7 $GNGGA,083424.000,4423.97244,N,00855.39963,E,1,09,1.2,-4.3,M,44.7,M,,*6F
11626 1627461264 0 3 2.53 0.00
11627 1627461264 0 4 2.52 1.53
11628 1627461264 0 5 0.03
11629 1627461264 0 6 0.12
11630 1627461265 0 8 4.98 12.24 11.87
11631 1627461265 0 1 1.254
11632 1627461265 0 0 25.33 8.28 195.7 61.32 100.5 6.33 149.9 18.7 199.1 1.93 41.20 11.6
11633 1627461265 0 7 $GNGGA,083425.000,4423.97202,N,00855.40015,E,1,09,1.2,-4.0,M,44.7,M,,*69
11634 1627461265 0 7 $GNGGA,083426.000,4423.97154,N,00855.40069,E,1,09,1.2,-3.8,M,44.7,M,,*6E
11635 1627461266 0 7 $GNGGA,083427.000,4423.97103,N,00855.40125,E,1,09,1.2,-3.8,M,44.7,M,,*64
11636 1627461267 0 3 2.53 0.00
11637 1627461267 0 4 2.52 1.53
11638 1627461267 0 5 0.03
11639 1627461267 0 6 0.11
11640 1627461268 0 8 4.98 12.22 11.87
11641 1627461268 0 1 1.513
11642 1627461268 0 0 25.32 8.28 195.6 61.32 100.6 6.33 149.9 18.7 199.6 1.91 41.20 11.6
11643 1627461268 0 7 $GNGGA,083428.000,4423.97049,N,00855.40182,E,1,09,1.2,-3.9,M,44.7,M,,*68
11644 1627461268 0 7 $GNGGA,083429.000,4423.96994,N,00855.40242,E,1,09,1.2,-4.0,M,44.7,M,,*60
11645 1627461269 0 7 $GNGGA,083430.000,4423.96925,N,00855.40278,E,1,09,1.2,-3.6,M,44.7,M,,*6A
11646 1627461270 0 3 2.53 0.00
11647 1627461270 0 4 2.52 1.53
11648 1627461270 0 5 0.03
11649 1627461270 0 6 0.11
11650 1627461271 0 8 4.97 12.09 11.84
11651 1627461271 0 1 1.266
11652 1627461271 0 0 25.32 8.28 195.6 61.32 100.6 6.33 149.9 18.7 199.1 1.91 41.20 11.6
11653 1627461271 0 7 $GNGGA,083431.000,4423.96839,N,00855.40307,E,1,09,1.2,-3.0,M,44.7,M,,*68
11654 1627461271 0 7 $GNGGA,083432.000,4423.96758,N,00855.40329,E,1,09,1.2,-2.4,M,44.7,M,,*6A
11655 1627461272 0 7 $GNGGA,083433.000,4423.96699,N,00855.40354,E,1,09,1.2,-2.0,M,44.7,M,,*69
11656 1627461273 0 3 2.53 0.00
11657 1627461273 0 4 2.52 1.53
11658 1627461273 0 5 0.03
11659 1627461273 0 6 0.13
11660 1627461274 0 8 4.98 12.27 11.84
11661 1627461274 0 7 $GNGGA,083434.000,4423.96637,N,00855.40382,E,1,09,1.2,-1.6,M,44.7,M,,*64
11662 1627461274 0 0 25.33 8.28 195.7 61.29 100.6 6.34 149.9 18.7 199.8 1.95 41.18 11.6
11663 1627461274 0 7 $GNGGA,083435.000,4423.96584,N,00855.40421,E,1,09,1.2,-1.3,M,44.7,M,,*65
11664 1627461275 0 7 $GNGGA,083436.000,4423.96519,N,00855.40465,E,1,09,1.2,-1.1,M,44.7,M,,*60
11665 1627461276 0 3 2.53 0.00
11666 1627461276 0 4 2.52 1.53
11667 1627461276 0 5 0.03
11668 1627461276 0 6 0.13
11669 1627461277 0 8 4.98 12.13 11.84
11670 1627461277 0 0 25.34 8.28 195.7 61.26 100.7 6.34 149.6 18.8 199.5 1.97 41.16 11.6
11671 1627461277 0 7 $GNGGA,083437.000,4423.96441,N,00855.40509,E,1,09,1.2,-1.2,M,44.7,M,,*65
11672 1627461277 0 7 $GNGGA,083438.000,4423.96349,N,00855.40546,E,1,09,1.2,-1.2,M,44.7,M,,*6E
11673 1627461278 0 7 $GNGGA,083439.000,4423.96276,N,00855.40600,E,1,09,1.2,-1.3,M,44.7,M,,*62
11674 1627461279 0 3 2.53 0.00
11675 1627461279 0 4 2.52 1.53
11676 1627461279 0 5 0.03
11677 1627461279 0 6 0.11
11678 1627461280 0 8 4.97 12.12 11.87
11679 1627461280 0 7 $GNGGA,083440.000,4423.96207,N,00855.40659,E,1,09,1.2,-1.3,M,44.7,M,,*66
11680 1627461280 0 0 25.35 8.28 195.6 61.27 100.7 6.34 149.6 18.8 199.2 1.95 41.17 11.6
11681 1627461280 0 7 $GNGGA,083441.000,4423.96145,N,00855.40725,E,1,09,1.2,-1.4,M,44.7,M,,*6F
11682 1627461281 0 7 $GNGGA,083442.000,4423.96087,N,00855.40783,E,1,09,1.2,-1.6,M,44.7,M,,*6D
11683 1627461282 0 3 2.53 0.00
11684 1627461282 0 4 2.52 1.53
11685 1627461282 0 5 0.03
11686 1627461283 0 6 0.09
11687 1627461283 0 8 4.97 12.27 11.87
11688 1627461283 0 0 25.34 8.28 195.6 61.36 100.8 6.34 149.6 18.7 199.4 1.93 41.24 11.6
11689 1627461283 0 7 $GNGGA,083443.000,4423.96054,N,00855.40832,E,1,09,1.2,-1.8,M,44.7,M,,*69
11690 1627461283 0 7 $GNGGA,083444.000,4423.96002,N,00855.40885,E,1,09,1.2,-2.2,M,44.7,M,,*68
11691 1627461283 0 1 1.485
11692 1627461284 0 7 $GNGGA,083445.000,4423.95952,N,00855.40938,E,1,09,1.2,-2.5,M,44.7,M,,*66
11693 1627461285 0 3 2.53 0.00
11694 1627461285 0 4 2.52 1.53
11695 1627461285 0 5 0.03
11696 1627461285 0 6 0.13
11697 1627461286 0 8 4.98 12.23 11.87
11698 1627461286 0 1 1.377
11699 1627461286 0 0 25.34 8.28 195.6 61.29 100.8 6.35 149.7 18.7 199.3 1.97 41.18 11.6
11700 1627461286 0 7 $GNGGA,083446.000,4423.95900,N,00855.40994,E,1,09,1.2,-2.7,M,44.7,M,,*66
11701 1627461286 0 7 $GNGGA,083447.000,4423.95853,N,00855.41057,E,1,09,1.2,-3.3,M,44.7,M,,*62
11702 1627461287 0 7 $GNGGA,083448.000,4423.95808,N,00855.41109,E,1,09,1.2,-3.5,M,44.7,M,,*6F
11703 1627461288 0 3 2.53 0.00
11704 1627461288 0 4 2.52 1.52
11705 1627461288 0 5 0.03
11706 1627461288 0 6 0.10
11707 1627461289 0 8 4.98 12.24 11.87
11708 1627461289 0 1 1.558
11709 1627461289 0 0 25.34 8.28 195.7 61.40 100.8 6.35 149.7 18.7 199.4 1.96 41.26 11.6
11710 1627461289 0 7 $GNGGA,083449.000,4423.95750,N,00855.41174,E,1,09,1.2,-4.2,M,44.7,M,,*66
11711 1627461289 0 7 $GNGGA,083450.000,4423.95699,N,00855.41224,E,1,09,1.2,-4.8,M,44.7,M,,*66
11712 1627461290 0 7 $GNGGA,083451.000,4423.95623,N,00855.41262,E,1,09,1.2,-5.1,M,44.7,M,,*6C
11713 1627461291 0 3 2.53 0.00
11714 1627461291 0 4 2.52 1.53
11715 1627461291 0 5 0.03
11716 1627461291 0 6 0.12
11717 1627461292 0 8 4.98 12.23 11.87
11718 1627461292 0 1 1.410
11719 1627461292 0 0 25.34 8.28 195.7 61.39 100.9 6.35 149.7 18.7 199.5 1.96 41.26 11.6
11720 1627461292 0 7 $GNGGA,083452.000,4423.95543,N,00855.41304,E,1,09,1.2,-5.7,M,44.7,M,,*6D
11721 1627461292 0 7 $GNGGA,083453.000,4423.95506,N,00855.41348,E,1,09,1.2,-6.4,M,44.7,M,,*65
11722 1627461293 0 7 $GNGGA,083454.000,4423.95460,N,00855.41397,E,1,09,1.2,-6.9,M,44.7,M,,*6C
11723 1627461294 0 3 2.53 0.00
11724 1627461294 0 4 2.52 1.52
11725 1627461294 0 5 0.03
11726 1627461294 0 6 0.15
11727 1627461295 0 8 4.98 12.22 11.87
11728 1627461295 0 1 2.075
11729 1627461295 0 0 25.35 8.28 195.6 61.37 100.9 6.35 149.6 18.7 199.2 1.98 41.24 11.6
11730 1627461295 0 7 $GNGGA,083455.000,4423.95388,N,00855.41435,E,1,09,1.2,-6.9,M,44.7,M,,*63
11731 1627461295 0 7 $GNGGA,083456.000,4423.95320,N,00855.41471,E,1,09,1.2,-6.6,M,44.7,M,,*6D
11732 1627461296 0 7 $GNGGA,083457.000,4423.95268,N,00855.41521,E,1,09,1.2,-6.3,M,44.7,M,,*60
11733 1627461297 0 3 2.53 0.00
11734 1627461297 0 4 2.52 1.53
11735 1627461297 0 5 0.03
11736 1627461297 0 6 0.14
11737 1627461298 0 8 4.97 12.27 11.87
11738 1627461298 0 0 25.32 8.28 195.6 61.33 100.9 6.36 149.8 18.7 200.2 2.00 41.21 11.6
11739 1627461298 0 7 $GNGGA,083458.000,4423.95215,N,00855.41578,E,1,09,1.2,-6.0,M,44.7,M,,*6A
11740 1627461298 0 7 $GNGGA,083459.000,4423.95175,N,00855.41620,E,1,09,1.2,-5.6,M,44.7,M,,*65
11741 1627461299 0 7 $GNGGA,083500.000,4423.95132,N,00855.41666,E,1,09,1.2,-5.5,M,44.7,M,,*6A
11742 1627461300 0 3 2.53 0.00
11743 1627461300 0 4 2.52 1.53
11744 1627461300 0 5 0.03
11745 1627461300 0 6 0.14
11746 1627461301 0 8 4.98 12.27 11.87
11747 1627461301 0 0 25.33 8.28 195.6 61.34 101.0 6.36 149.8 18.7 199.7 2.01 41.22 11.6
11748 1627461301 0 7 $GNGGA,083501.000,4423.95077,N,00855.41701,E,1,09,1.2,-5.2,M,44.7,M,,*6C
11749 1627461301 0 7 $GNGGA,083502.000,4423.94999,N,00855.41731,E,1,09,1.2,-5.1,M,44.7,M,,*67
11750 1627461302 0 7 $GNGGA,083503.000,4423.94929,N,00855.41759,E,1,09,1.2,-4.9,M,44.7,M,,*6A
11751 1627461303 0 3 2.53 0.00
11752 1627461303 0 4 2.52 1.53
11753 1627461303 0 5 0.03
11754 1627461303 0 6 0.14
11755 1627461304 0 8 4.98 12.27 11.87
11756 1627461304 0 7 $GNGGA,083504.000,4423.94870,N,00855.41781,E,1,09,1.2,-5.0,M,44.7,M,,*6D
11757 1627461304 0 0 25.34 8.28 195.6 61.32 101.0 6.36 149.7 18.7 199.3 2.01 41.20 11.6
11758 1627461304 0 7 $GNGGA,083505.000,4423.94812,N,00855.41812,E,1,09,1.2,-5.0,M,44.7,M,,*6D
11759 1627461305 0 7 $GNGGA,083506.000,4423.94743,N,00855.41840,E,1,09,1.2,-4.9,M,44.7,M,,*6A
11760 1627461306 0 3 2.53 0.00
11761 1627461306 0 4 2.52 1.53
11762 1627461306 0 5 0.03
11763 1627461307 0 6 0.15
11764 1627461307 0 8 4.98 12.29 11.87
11765 1627461307 0 0 25.35 8.28 195.7 61.31 101.1 6.36 149.6 18.7 199.3 2.00 41.19 11.6
11766 1627461307 0 7 $GNGGA,083507.000,4423.94685,N,00855.41876,E,1,09,1.2,-4.7,M,44.7,M,,*6B
11767 1627461307 0 7 $GNGGA,083508.000,4423.94633,N,00855.41912,E,1,09,1.2,-4.6,M,44.7,M,,*6B
11768 1627461307 0 1 1.436
11769 1627461308 0 7 $GNGGA,083509.000,4423.94581,N,00855.41948,E,1,09,1.2,-4.3,M,44.7,M,,*6A
11770 1627461309 0 3 2.53 0.00
11771 1627461309 0 4 2.52 1.53
11772 1627461309 0 5 0.03
11773 1627461309 0 6 0.11
11774 1627461310 0 8 4.98 12.23 11.87
11775 1627461310 0 1 1.537
11776 1627461310 0 0 25.36 8.28 195.7 61.26 101.1 6.36 149.6 18.7 199.0 1.99 41.16 11.6
11777 1627461310 0 7 $GNGGA,083510.000,4423.94540,N,00855.41995,E,1,10,1.1,-3.9,M,44.7,M,,*69
11778 1627461310 0 7 $GNGGA,083511.000,4423.94493,N,00855.42047,E,1,10,1.1,-3.5,M,44.7,M,,*6E
11779 1627461311 0 7 $GNGGA,083512.000,4423.94427,N,00855.42109,E,1,10,1.1,-3.5,M,44.7,M,,*69
11780 1627461312 0 3 2.53 0.00
11781 1627461312 0 4 2.52 1.53
11782 1627461312 0 5 0.03
11783 1627461312 0 6 0.16
11784 1627461313 0 8 4.98 12.23 11.87
11785 1627461313 0 1 1.675
11786 1627461313 0 0 25.36 8.28 195.7 61.28 101.1 6.37 149.7 18.7 198.8 2.00 41.17 11.6
11787 1627461313 0 7 $GNGGA,083513.000,4423.94352,N,00855.42164,E,1,10,1.1,-3.4,M,44.7,M,,*67
11788 1627461313 0 7 $GNGGA,083514.000,4423.94278,N,00855.42209,E,1,10,1.1,-3.2,M,44.7,M,,*67
11789 1627461314 0 7 $GNGGA,083515.000,4423.94200,N,00855.42246,E,1,10,1.1,-3.3,M,44.7,M,,*63
11790 1627461315 0 3 2.53 0.00
11791 1627461315 0 4 2.52 1.53
11792 1627461315 0 5 0.03
11793 1627461315 0 6 0.13
11794 1627461316 0 8 4.98 12.24 11.87
11795 1627461316 0 1 1.477
11796 1627461316 0 0 25.35 8.28 195.7 61.33 101.2 6.37 149.7 18.7 199.6 2.01 41.21 11.6
11797 1627461316 0 7 $GNGGA,083516.000,4423.94140,N,00855.42279,E,1,10,1.1,-3.2,M,44.7,M,,*6A
11798 1627461316 0 7 $GNGGA,083517.000,4423.94097,N,00855.42327,E,1,10,1.1,-3.0,M,44.7,M,,*68
11799 1627461317 0 7 $GNGGA,083518.000,4423.94056,N,00855.42376,E,1,10,1.1,-2.8,M,44.7,M,,*67
11800 1627461318 0 3 2.53 0.00
11801 1627461318 0 4 2.52 1.53
11802 1627461318 0 5 0.03
11803 1627461318 0 6 0.13
11804 1627461319 0 8 4.98 12.24 11.87
11805 1627461319 0 1 2.230
11806 1627461319 0 0 25.34 8.28 195.7 61.25 101.2 6.37 149.8 18.7 199.6 2.02 41.15 11.6
11807 1627461319 0 7 $GNGGA,083519.000,4423.94011,N,00855.42421,E,1,10,1.1,-2.5,M,44.7,M,,*6D
11808 1627461319 0 7 $GNGGA,083520.000,4423.93955,N,00855.42465,E,1,10,1.1,-2.3,M,44.7,M,,*6F
11809 1627461320 0 2 0.07020001 1.52980003 1.11670005 0.01180000 2.65709996 0.00660000 0.03410000 0.31119999 1.00000000 92.44799804
11810 1627461320 0 7 $GNGGA,083521.000,4423.93888,N,00855.42508,E,1,10,1.1,-2.4,M,44.7,M,,*62
11811 1627461321 0 3 2.53 0.00
11812 1627461321 0 4 2.52 1.53
11813 1627461321 0 5 0.03
11814 1627461321 0 6 0.10
11815 1627461322 0 8 4.98 12.24 11.87
11816 1627461322 0 1 1.484
11817 1627461322 0 0 25.35 8.28 195.8 61.22 101.3 6.38 149.7 18.7 199.1 1.99 41.13 11.6
11818 1627461322 0 7 $GNGGA,083522.000,4423.93804,N,00855.42550,E,1,10,1.1,-2.5,M,44.7,M,,*69
11819 1627461322 0 7 $GNGGA,083523.000,4423.93717,N,00855.42590,E,1,10,1.1,-2.9,M,44.7,M,,*65
11820 1627461323 0 7 $GNGGA,083524.000,4423.93647,N,00855.42655,E,1,10,1.1,-3.0,M,44.7,M,,*64
11821 1627461324 0 3 2.53 0.00
11822 1627461324 0 4 2.52 1.51
11823 1627461324 0 5 0.03
11824 1627461325 0 6 0.09
11825 1627461325 0 8 4.97 12.24 11.87
11826 1627461325 0 1 1.470
11827 1627461325 0 0 25.34 8.28 195.7 61.25 101.3 6.38 149.8 18.7 199.6 1.98 41.15 11.6
11828 1627461325 0 7 $GNGGA,083525.000,4423.93585,N,00855.42722,E,1,10,1.1,-3.2,M,44.7,M,,*6B
11829 1627461325 0 7 $GNGGA,083526.000,4423.93522,N,00855.42777,E,1,10,1.1,-3.7,M,44.7,M,,*60
11830 1627461326 0 7 $GNGGA,083527.000,4423.93476,N,00855.42820,E,1,10,1.1,-4.0,M,44.7,M,,*6C
11831 1627461327 0 3 2.53 0.00
11832 1627461327 0 4 2.52 1.52
11833 1627461327 0 5 0.03
11834 1627461327 0 6 0.13
11835 1627461328 0 8 4.98 12.24 11.84
11836 1627461328 0 1 1.439
11837 1627461328 0 0 25.35 8.28 195.7 61.32 101.3 6.38 149.8 18.7 199.5 1.99 41.21 11.6
11838 1627461328 0 7 $GNGGA,083528.000,4423.93417,N,00855.42876,E,1,10,1.1,-4.3,M,44.7,M,,*64
11839 1627461328 0 7 $GNGGA,083529.000,4423.93358,N,00855.42920,E,1,10,1.1,-4.2,M,44.7,M,,*6A
11840 1627461329 0 7 $GNGGA,083530.000,4423.93295,N,00855.42963,E,1,10,1.1,-4.3,M,44.7,M,,*64
11841 1627461330 0 3 2.53 0.00
11842 1627461330 0 4 2.52 1.53
11843 1627461330 0 5 0.03
11844 1627461331 0 6 0.11
11845 1627461331 0 8 4.98 12.23 11.84
11846 1627461331 0 1 1.451
11847 1627461331 0 0 25.36 8.28 195.7 61.34 101.3 6.38 149.6 18.7 198.9 1.98 41.21 11.6
11848 1627461331 0 7 $GNGGA,083531.000,4423.93234,N,00855.43001,E,1,10,1.1,-4.4,M,44.7,M,,*65
11849 1627461331 0 7 $GNGGA,083532.000,4423.93168,N,00855.43041,E,1,10,1.1,-3.8,M,44.7,M,,*63
11850 1627461332 0 7 $GNGGA,083533.000,4423.93093,N,00855.43088,E,1,10,1.1,-3.6,M,44.7,M,,*6C
11851 1627461333 0 3 2.53 0.00
11852 1627461333 0 4 2.52 1.53
11853 1627461333 0 5 0.03
11854 1627461334 0 6 0.10
11855 1627461334 0 8 4.98 12.24 11.87
11856 1627461334 0 1 1.462
11857 1627461334 0 0 25.35 8.28 195.7 61.29 101.3 6.38 149.7 18.7 199.1 1.97 41.18 11.7
11858 1627461334 0 7 $GNGGA,083534.000,4423.93025,N,00855.43135,E,1,10,1.1,-3.4,M,44.7,M,,*63
11859 1627461334 0 7 $GNGGA,083535.000,4423.92960,N,00855.43172,E,1,10,1.1,-3.2,M,44.7,M,,*6E
11860 1627461335 0 7 $GNGGA,083536.000,4423.92891,N,00855.43243,E,1,10,1.1,-3.0,M,44.7,M,,*61
11861 1627461336 0 3 2.53 0.00
11862 1627461336 0 4 2.52 1.53
11863 1627461336 0 5 0.03
11864 1627461337 0 6 0.12
11865 1627461337 0 8 4.98 12.23 11.87
11866 1627461337 0 1 1.524
11867 1627461337 0 0 25.35 8.28 195.7 61.34 101.3 6.38 149.6 18.7 199.5 2.00 41.22 11.6
11868 1627461337 0 7 $GNGGA,083537.000,4423.92837,N,00855.43308,E,1,10,1.1,-2.8,M,44.7,M,,*6B
11869 1627461337 0 7 $GNGGA,083538.000,4423.92773,N,00855.43375,E,1,10,1.1,-2.6,M,44.7,M,,*6F
11870 1627461338 0 7 $GNGGA,083539.000,4423.92701,N,00855.43443,E,1,10,1.1,-2.4,M,44.7,M,,*6B
11871 1627461339 0 3 2.53 0.00
11872 1627461339 0 4 2.52 1.49
11873 1627461339 0 5 0.03
11874 1627461340 0 6 0.10
11875 1627461340 0 8 4.97 12.23 11.87
11876 1627461340 0 1 1.725
11877 1627461340 0 0 25.36 8.28 195.8 61.26 101.3 6.38 149.8 18.7 199.4 2.01 41.16 11.6
11878 1627461340 0 7 $GNGGA,083540.000,4423.92602,N,00855.43497,E,1,10,1.1,-2.4,M,44.7,M,,*6E
11879 1627461340 0 7 $GNGGA,083541.000,4423.92495,N,00855.43532,E,1,10,1.1,-2.3,M,44.7,M,,*6A
11880 1627461341 0 7 $GNGGA,083542.000,4423.92419,N,00855.43561,E,1,10,1.1,-2.2,M,44.7,M,,*6A
11881 1627461342 0 3 2.53 0.00
11882 1627461342 0 4 2.52 1.50
11883 1627461342 0 5 0.03
11884 1627461343 0 6 0.12
11885 1627461343 0 8 4.98 12.23 11.84
11886 1627461343 0 1 1.553
11887 1627461343 0 0 25.36 8.28 195.8 61.33 101.3 6.38 149.7 18.7 199.2 1.95 41.21 11.6
11888 1627461343 0 7 $GNGGA,083543.000,4423.92354,N,00855.43600,E,1,10,1.1,-1.9,M,44.7,M,,*69
11889 1627461343 0 7 $GNGGA,083544.000,4423.92301,N,00855.43654,E,1,10,1.1,-1.5,M,44.7,M,,*63
11890 1627461344 0 7 $GNGGA,083545.000,4423.92259,N,00855.43702,E,1,10,1.1,-1.2,M,44.7,M,,*6B
11891 1627461345 0 3 2.53 0.00
11892 1627461345 0 4 2.52 1.50
11893 1627461345 0 5 0.03
11894 1627461346 0 6 0.14
11895 1627461346 0 8 4.97 12.24 11.84
11896 1627461346 0 1 2.311
11897 1627461346 0 0 25.37 8.28 195.7 61.37 101.3 6.37 149.6 18.7 199.5 1.96 41.24 11.6
11898 1627461346 0 7 $GNGGA,083546.000,4423.92216,N,00855.43733,E,1,10,1.1,-1.1,M,44.7,M,,*62
11899 1627461346 0 7 $GNGGA,083547.000,4423.92156,N,00855.43763,E,1,10,1.1,-0.7,M,44.7,M,,*66
11900 1627461347 0 7 $GNGGA,083548.000,4423.92077,N,00855.43812,E,1,10,1.1,-0.4,M,44.7,M,,*61
11901 1627461348 0 3 2.53 0.00
11902 1627461348 0 4 2.52 1.49
11903 1627461348 0 5 0.03
11904 1627461349 0 6 0.14
11905 1627461349 0 8 4.97 12.23 11.87
11906 1627461349 0 1 1.537
11907 1627461349 0 0 25.36 8.28 195.8 61.31 101.3 6.38 149.8 18.7 199.6 2.02 41.19 11.7
11908 1627461349 0 7 $GNGGA,083549.000,4423.92013,N,00855.43883,E,1,10,1.1,-0.7,M,44.7,M,,*69
11909 1627461349 0 7 $GNGGA,083550.000,4423.91944,N,00855.43942,E,1,10,1.1,-0.9,M,44.7,M,,*6B
11910 1627461350 0 7 $GNGGA,083551.000,4423.91885,N,00855.43998,E,1,10,1.1,-1.2,M,44.7,M,,*6B
11911 1627461351 0 3 2.53 0.00
11912 1627461351 0 4 2.52 1.50
11913 1627461351 0 5 0.03
11914 1627461352 0 6 0.15
11915 1627461352 0 8 4.97 12.24 11.87
11916 1627461352 0 1 1.526
11917 1627461352 0 0 25.37 8.28 195.7 61.33 101.3 6.38 149.7 18.7 199.1 1.99 41.21 11.6
11918 1627461352 0 7 $GNGGA,083552.000,4423.91837,N,00855.44064,E,1,10,1.1,-1.1,M,44.7,M,,*6F
11919 1627461352 0 7 $GNGGA,083553.000,4423.91782,N,00855.44140,E,1,10,1.1,-0.7,M,44.7,M,,*6F
11920 1627461353 0 7 $GNGGA,083554.000,4423.91719,N,00855.44213,E,1,10,1.1,-0.3,M,44.7,M,,*6B
11921 1627461354 0 3 2.53 0.00
11922 1627461354 0 4 2.52 1.49
11923 1627461354 0 5 0.03
11924 1627461355 0 6 0.15
11925 1627461355 0 8 4.97 12.23 11.84
11926 1627461355 0 1 1.504
11927 1627461355 0 0 25.37 8.28 195.8 61.33 101.3 6.38 149.5 18.7 199.2 1.95 41.21 11.7
11928 1627461355 0 7 $GNGGA,083555.000,4423.91657,N,00855.44270,E,1,10,1.1,0.1,M,44.7,M,,*4B
11929 1627461355 0 7 $GNGGA,083556.000,4423.91594,N,00855.44311,E,1,10,1.1,0.6,M,44.7,M,,*45
11930 1627461356 0 7 $GNGGA,083557.000,4423.91536,N,00855.44368,E,1,10,1.1,0.9,M,44.7,M,,*4D
11931 1627461357 0 3 2.53 0.00
11932 1627461357 0 4 2.52 1.49
11933 1627461357 0 5 0.03
11934 1627461358 0 6 0.15
11935 1627461358 0 8 4.97 12.23 11.87
11936 1627461358 0 1 1.572
11937 1627461358 0 0 25.37 8.28 195.8 61.36 101.3 6.37 149.7 18.7 199.6 1.96 41.23 11.6
11938 1627461358 0 7 $GNGGA,083558.000,4423.91485,N,00855.44405,E,1,10,1.1,1.1,M,44.7,M,,*4E
11939 1627461358 0 7 $GNGGA,083559.000,4423.91431,N,00855.44431,E,1,10,1.1,1.4,M,44.7,M,,*42
11940 1627461359 0 7 $GNGGA,083600.000,4423.91383,N,00855.44476,E,1,10,1.1,1.3,M,44.7,M,,*47
11941 1627461360 0 3 2.53 0.00
11942 1627461360 0 4 2.52 1.49
11943 1627461360 0 5 0.03
11944 1627461361 0 6 0.16
11945 1627461361 0 8 4.98 12.23 11.87
11946 1627461361 0 1 1.534
11947 1627461361 0 0 25.35 8.28 195.8 61.36 101.3 6.38 149.7 18.7 200.0 1.98 41.23 11.7
11948 1627461361 0 7 $GNGGA,083601.000,4423.91344,N,00855.44516,E,1,10,1.1,1.4,M,44.7,M,,*4D
11949 1627461361 0 7 $GNGGA,083602.000,4423.91281,N,00855.44568,E,1,10,1.1,1.4,M,44.7,M,,*4F
11950 1627461362 0 7 $GNGGA,083603.000,4423.91226,N,00855.44622,E,1,10,1.1,1.3,M,44.7,M,,*49
11951 1627461363 0 3 2.53 0.00
11952 1627461363 0 4 2.52 1.49
11953 1627461363 0 5 0.03
11954 1627461364 0 6 0.14
11955 1627461364 0 8 4.98 12.23 11.87
11956 1627461364 0 1 1.585
11957 1627461364 0 0 25.35 8.28 195.8 61.28 101.4 6.38 149.8 18.7 200.1 1.98 41.17 11.7
11958 1627461364 0 7 $GNGGA,083604.000,4423.91168,N,00855.44693,E,1,10,1.1,1.2,M,44.7,M,,*4C
11959 1627461364 0 7 $GNGGA,083605.000,4423.91129,N,00855.44755,E,1,10,1.1,1.6,M,44.7,M,,*47
11960 1627461365 0 7 $GNGGA,083606.000,4423.91051,N,00855.44791,E,1,10,1.1,1.4,M,44.7,M,,*40
11961 1627461366 0 3 2.53 0.00
11962 1627461366 0 4 2.52 1.49
11963 1627461366 0 5 0.03
11964 1627461367 0 6 0.12
11965 1627461367 0 8 4.98 12.23 11.84
11966 1627461367 0 1 1.633
11967 1627461367 0 0 25.33 8.28 195.8 61.39 101.4 6.38 150.0 18.7 200.4 1.96 41.26 11.7
11968 1627461367 0 7 $GNGGA,083607.000,4423.90973,N,00855.44835,E,1,10,1.1,1.0,M,44.7,M,,*4C
11969 1627461367 0 7 $GNGGA,083608.000,4423.90907,N,00855.44891,E,1,10,1.1,1.5,M,44.7,M,,*4B
11970 1627461368 0 7 $GNGGA,083609.000,4423.90841,N,00855.44938,E,1,10,1.1,1.8,M,44.7,M,,*46
11971 1627461369 0 3 2.53 0.00
11972 1627461369 0 4 2.52 1.49
11973 1627461369 0 5 0.03
11974 1627461370 0 6 0.11
11975 1627461370 0 8 4.98 12.27 11.87
11976 1627461370 0 7 $GNGGA,083610.000,4423.90787,N,00855.44993,E,1,10,1.1,2.3,M,44.7,M,,*42
11977 1627461370 0 0 25.32 8.28 195.8 61.28 101.4 6.39 150.1 18.7 200.1 1.96 41.17 11.7
11978 1627461370 0 7 $GNGGA,083611.000,4423.90731,N,00855.45037,E,1,10,1.1,3.0,M,44.7,M,,*4A
11979 1627461371 0 7 $GNGGA,083612.000,4423.90670,N,00855.45086,E,1,10,1.1,3.3,M,44.7,M,,*44
11980 1627461372 0 3 2.53 0.00
11981 1627461372 0 4 2.52 1.49
11982 1627461372 0 5 0.03
11983 1627461373 0 6 0.09
11984 1627461373 0 8 4.98 12.27 11.84
11985 1627461373 0 0 25.34 8.28 195.8 61.36 101.4 6.38 149.8 18.7 199.6 1.99 41.23 11.7
11986 1627461373 0 7 $GNGGA,083613.000,4423.90623,N,00855.45164,E,1,10,1.1,3.6,M,44.7,M,,*4B
11987 1627461373 0 7 $GNGGA,083614.000,4423.90583,N,00855.45223,E,1,10,1.1,3.9,M,44.7,M,,*4A
11988 1627461374 0 7 $GNGGA,083615.000,4423.90544,N,00855.45274,E,1,10,1.1,3.8,M,44.7,M,,*43
11989 1627461375 0 3 2.53 0.00
11990 1627461375 0 4 2.52 1.49
11991 1627461375 0 5 0.03
11992 1627461375 0 6 0.13
11993 1627461375 0 8 4.98 12.27 11.87
11994 1627461375 0 0 25.34 8.28 195.8 61.37 101.4 6.38 149.7 18.7 199.8 1.95 41.24 11.7
11995 1627461376 0 7 $GNGGA,083616.000,4423.90488,N,00855.45329,E,1,10,1.1,3.6,M,44.7,M,,*46
11996 1627461376 0 7 $GNGGA,083617.000,4423.90419,N,00855.45379,E,1,10,1.1,3.7,M,44.7,M,,*4B
11997 1627461377 0 7 $GNGGA,083618.000,4423.90331,N,00855.45407,E,1,10,1.1,3.8,M,44.7,M,,*48
11998 1627461378 0 3 2.53 0.00
11999 1627461378 0 4 2.52 1.49
12000 1627461378 0 5 0.03
12001 1627461378 0 6 0.12
12002 1627461378 0 8 4.98 12.28 11.87
12003 1627461379 0 0 25.33 8.28 195.8 61.27 101.4 6.39 149.9 18.7 199.8 1.94 41.17 11.7
12004 1627461379 0 7 $GNGGA,083619.000,4423.90254,N,00855.45440,E,1,10,1.1,4.1,M,44.7,M,,*46
12005 1627461379 0 7 $GNGGA,083620.000,4423.90187,N,00855.45494,E,1,10,1.1,4.3,M,44.7,M,,*4A
12006 1627461379 0 1 1.503
12007 1627461380 0 7 $GNGGA,083621.000,4423.90120,N,00855.45563,E,1,10,1.1,4.4,M,44.7,M,,*48
12008 1627461381 0 3 2.53 0.00
12009 1627461381 0 4 2.52 1.49
12010 1627461381 0 5 0.03
12011 1627461381 0 6 0.12
12012 1627461381 0 8 4.98 12.08 11.84
12013 1627461381 0 1 1.487
12014 1627461382 0 0 25.35 8.28 195.8 61.34 101.5 6.39 149.7 18.7 199.6 1.95 41.22 11.7
12015 1627461382 0 7 $GNGGA,083622.000,4423.90044,N,00855.45640,E,1,10,1.1,4.5,M,44.7,M,,*4B
12016 1627461382 0 7 $GNGGA,083623.000,4423.89968,N,00855.45698,E,1,10,1.1,4.7,M,44.7,M,,*42
12017 1627461383 0 7 $GNGGA,083624.000,4423.89893,N,00855.45748,E,1,10,1.1,4.9,M,44.7,M,,*42
12018 1627461384 0 3 2.53 0.00
12019 1627461384 0 4 2.52 1.49
12020 1627461384 0 5 0.03
12021 1627461384 0 6 0.15
12022 1627461384 0 8 4.97 12.23 11.87
12023 1627461384 0 1 1.702
12024 1627461385 0 0 25.35 8.28 195.9 61.38 101.5 6.39 149.8 18.7 199.8 1.93 41.25 11.7
12025 1627461385 0 7 $GNGGA,083625.000,4423.89817,N,00855.45796,E,1,10,1.1,5.1,M,44.7,M,,*45
12026 1627461385 0 7 $GNGGA,083626.000,4423.89748,N,00855.45852,E,1,10,1.1,5.4,M,44.7,M,,*41
12027 1627461386 0 7 $GNGGA,083627.000,4423.89681,N,00855.45917,E,1,10,1.1,5.4,M,44.7,M,,*44
12028 1627461387 0 3 2.53 0.00
12029 1627461387 0 4 2.52 1.48
12030 1627461387 0 5 0.03
12031 1627461387 0 6 0.15
12032 1627461387 0 8 4.98 12.23 11.84
12033 1627461387 0 1 1.595
12034 1627461388 0 0 25.34 8.28 195.8 61.34 101.5 6.39 149.8 18.7 199.7 1.94 41.22 11.7
12035 1627461388 0 7 $GNGGA,083628.000,4423.89636,N,00855.46007,E,1,10,1.1,5.5,M,44.7,M,,*4D
12036 1627461388 0 7 $GNGGA,083629.000,4423.89561,N,00855.46093,E,1,10,1.1,5.3,M,44.7,M,,*46
12037 1627461389 0 7 $GNGGA,083630.000,4423.89466,N,00855.46144,E,1,10,1.1,5.2,M,44.7,M,,*42
12038 1627461390 0 3 2.53 0.00
12039 1627461390 0 4 2.52 1.49
12040 1627461390 0 5 0.03
12041 1627461390 0 6 0.15
12042 1627461390 0 8 4.97 12.09 11.84
12043 1627461390 0 1 2.378
12044 1627461391 0 0 25.35 8.28 195.8 61.25 101.5 6.39 149.9 18.7 199.4 1.91 41.15 11.7
12045 1627461391 0 7 $GNGGA,083631.000,4423.89387,N,00855.46197,E,1,10,1.1,5.5,M,44.7,M,,*42
12046 1627461391 0 7 $GNGGA,083632.000,4423.89313,N,00855.46277,E,1,10,1.1,5.8,M,44.7,M,,*4C
12047 1627461392 0 7 $GNGGA,083633.000,4423.89235,N,00855.46358,E,1,10,1.1,6.4,M,44.7,M,,*4B
12048 1627461393 0 3 2.53 0.00
12049 1627461393 0 4 2.52 1.48
12050 1627461393 0 5 0.03
12051 1627461393 0 6 0.16
12052 1627461393 0 8 4.98 12.23 11.84
12053 1627461393 0 1 1.537
12054 1627461394 0 0 25.35 8.28 195.8 61.37 101.5 6.39 149.8 18.7 199.7 1.91 41.24 11.6
12055 1627461394 0 7 $GNGGA,083634.000,4423.89143,N,00855.46437,E,1,10,1.1,6.4,M,44.7,M,,*40
12056 1627461394 0 7 $GNGGA,083635.000,4423.89074,N,00855.46494,E,1,10,1.1,6.4,M,44.7,M,,*4D
12057 1627461395 0 7 $GNGGA,083636.000,4423.89005,N,00855.46561,E,1,10,1.1,6.3,M,44.7,M,,*44
12058 1627461396 0 3 2.53 0.00
12059 1627461396 0 4 2.52 1.49
12060 1627461396 0 5 0.03
12061 1627461396 0 6 0.16
12062 1627461396 0 8 4.98 12.09 11.84
12063 1627461396 0 1 1.529
12064 1627461397 0 0 25.35 8.28 195.8 61.25 101.6 6.40 149.9 18.7 199.7 1.87 41.15 11.7
12065 1627461397 0 7 $GNGGA,083637.000,4423.88916,N,00855.46625,E,1,10,1.1,6.1,M,44.7,M,,*4E
12066 1627461397 0 7 $GNGGA,083638.000,4423.88840,N,00855.46707,E,1,10,1.1,6.2,M,44.7,M,,*41
12067 1627461398 0 7 $GNGGA,083639.000,4423.88785,N,00855.46800,E,1,10,1.1,6.2,M,44.7,M,,*4E
12068 1627461399 0 3 2.53 0.00
12069 1627461399 0 4 2.52 1.49
12070 1627461399 0 5 0.03
12071 1627461399 0 6 0.17
12072 1627461399 0 8 4.98 12.24 11.87
12073 1627461399 0 1 1.524
12074 1627461400 0 0 25.35 8.28 195.9 61.36 101.5 6.39 149.9 18.7 199.8 1.85 41.23 11.7
12075 1627461400 0 7 $GNGGA,083640.000,4423.88730,N,00855.46895,E,1,10,1.1,5.6,M,44.7,M,,*45
12076 1627461400 0 7 $GNGGA,083641.000,4423.88670,N,00855.46965,E,1,10,1.1,5.6,M,44.7,M,,*4F
12077 1627461401 0 7 $GNGGA,083642.000,4423.88616,N,00855.47033,E,1,10,1.1,6.0,M,44.7,M,,*42
12078 1627461402 0 3 2.53 0.00
12079 1627461402 0 4 2.52 1.49
12080 1627461402 0 5 0.03
12081 1627461402 0 6 0.15
12082 1627461402 0 8 4.98 12.22 11.87
12083 1627461403 0 1 1.568
12084 1627461403 0 0 25.36 8.28 195.8 61.32 101.6 6.39 149.9 18.7 200.0 1.85 41.20 11.7
12085 1627461403 0 7 $GNGGA,083643.000,4423.88562,N,00855.47086,E,1,10,1.1,6.4,M,44.7,M,,*49
12086 1627461403 0 7 $GNGGA,083644.000,4423.88540,N,00855.47117,E,1,10,1.1,6.8,M,44.7,M,,*4B
12087 1627461404 0 7 $GNGGA,083645.000,4423.88495,N,00855.47191,E,1,10,1.1,7.5,M,44.7,M,,*41
12088 1627461405 0 3 2.53 0.00
12089 1627461405 0 4 2.52 1.48
12090 1627461405 0 5 0.03
12091 1627461405 0 6 0.15
12092 1627461405 0 8 4.98 12.22 11.87
12093 1627461405 0 1 1.524
12094 1627461406 0 0 25.35 8.28 195.8 61.39 101.6 6.39 149.8 18.7 200.1 1.86 41.26 11.7
12095 1627461406 0 7 $GNGGA,083646.000,4423.88436,N,00855.47270,E,1,10,1.1,7.4,M,44.7,M,,*46
12096 1627461406 0 7 $GNGGA,083647.000,4423.88373,N,00855.47351,E,1,10,1.1,7.3,M,44.7,M,,*44
12097 1627461407 0 7 $GNGGA,083648.000,4423.88303,N,00855.47423,E,1,10,1.1,7.2,M,44.7,M,,*4F
12098 1627461408 0 3 2.53 0.00
12099 1627461408 0 4 2.52 1.48
12100 1627461408 0 5 0.03
12101 1627461408 0 6 0.10
12102 1627461408 0 8 4.98 12.23 11.84
12103 1627461408 0 1 1.584
12104 1627461409 0 0 25.34 8.28 195.9 61.36 101.6 6.40 150.0 18.7 200.3 1.88 41.23 11.7
12105 1627461409 0 7 $GNGGA,083649.000,4423.88227,N,00855.47477,E,1,10,1.1,6.8,M,44.7,M,,*43
12106 1627461409 0 7 $GNGGA,083650.000,4423.88151,N,00855.47524,E,1,10,1.1,6.5,M,44.7,M,,*43
12107 1627461410 0 7 $GNGGA,083651.000,4423.88065,N,00855.47565,E,1,10,1.1,6.0,M,44.7,M,,*44
12108 1627461411 0 3 2.53 0.00
12109 1627461411 0 4 2.52 1.48
12110 1627461411 0 5 0.03
12111 1627461411 0 6 0.13
12112 1627461411 0 8 4.98 12.22 11.87
12113 1627461411 0 1 1.871
12114 1627461412 0 0 25.33 8.28 195.8 61.35 101.6 6.40 150.1 18.7 200.2 1.87 41.22 11.7
12115 1627461412 0 7 $GNGGA,083652.000,4423.87979,N,00855.47620,E,1,10,1.1,5.4,M,44.7,M,,*49
12116 1627461412 0 7 $GNGGA,083653.000,4423.87904,N,00855.47689,E,1,10,1.1,5.2,M,44.7,M,,*47
12117 1627461413 0 7 $GNGGA,083654.000,4423.87825,N,00855.47753,E,1,10,1.1,5.0,M,44.7,M,,*46
12118 1627461414 0 3 2.53 0.00
12119 1627461414 0 4 2.52 1.49
12120 1627461414 0 5 0.03
12121 1627461414 0 6 0.14
12122 1627461414 0 8 4.98 12.22 11.87
12123 1627461414 0 1 1.515
12124 1627461415 0 0 25.34 8.28 195.8 61.28 101.7 6.40 150.0 18.7 200.0 1.88 41.17 11.7
12125 1627461415 0 7 $GNGGA,083655.000,4423.87764,N,00855.47805,E,1,10,1.1,5.2,M,44.7,M,,*43
12126 1627461415 0 7 $GNGGA,083656.000,4423.87726,N,00855.47845,E,1,10,1.1,5.4,M,44.7,M,,*44
12127 1627461416 0 7 $GNGGA,083657.000,4423.87669,N,00855.47903,E,1,10,1.1,5.6,M,44.7,M,,*4E
12128 1627461417 0 3 2.53 0.00
12129 1627461417 0 4 2.52 1.49
12130 1627461417 0 5 0.03
12131 1627461417 0 6 0.14
12132 1627461417 0 8 4.98 12.24 11.87
12133 1627461417 0 1 2.362
12134 1627461418 0 0 25.36 8.28 195.9 61.23 101.7 6.40 149.6 18.7 199.6 1.88 41.14 11.7
12135 1627461418 0 7 $GNGGA,083658.000,4423.87588,N,00855.47973,E,1,10,1.1,6.0,M,44.7,M,,*4F
12136 1627461418 0 7 $GNGGA,083659.000,4423.87529,N,00855.48046,E,1,10,1.1,6.6,M,44.7,M,,*43
12137 1627461419 0 7 $GNGGA,083700.000,4423.87477,N,00855.48105,E,1,10,1.1,6.8,M,44.7,M,,*4C
12138 1627461420 0 3 2.53 0.00
12139 1627461420 0 4 2.52 1.49
12140 1627461420 0 5 0.03
12141 1627461420 0 6 0.12
12142 1627461420 0 8 4.97 12.24 11.87
12143 1627461420 0 1 1.569
12144 1627461421 0 0 25.37 8.28 195.9 61.32 101.7 6.40 149.7 18.7 200.0 1.86 41.20 11.7
12145 1627461421 0 7 $GNGGA,083701.000,4423.87428,N,00855.48161,E,1,10,1.1,7.1,M,44.7,M,,*4D
12146 1627461421 0 7 $GNGGA,083702.000,4423.87381,N,00855.48217,E,1,10,1.1,7.6,M,44.7,M,,*4F
12147 1627461422 0 7 $GNGGA,083703.000,4423.87336,N,00855.48275,E,1,10,1.1,8.0,M,44.7,M,,*4F
12148 1627461423 0 3 2.52 0.00
12149 1627461423 0 4 2.52 1.49
12150 1627461423 0 5 0.03
12151 1627461423 0 6 0.10
12152 1627461423 0 8 4.97 12.23 11.87
12153 1627461423 0 1 1.590
12154 1627461424 0 0 25.36 8.28 195.9 61.27 101.7 6.40 149.9 18.7 200.1 1.86 41.16 11.7
12155 1627461424 0 7 $GNGGA,083704.000,4423.87295,N,00855.48339,E,1,10,1.1,8.3,M,44.7,M,,*4A
12156 1627461424 0 7 $GNGGA,083705.000,4423.87240,N,00855.48402,E,1,10,1.1,8.6,M,44.7,M,,*49
12157 1627461425 0 7 $GNGGA,083706.000,4423.87169,N,00855.48458,E,1,10,1.1,9.1,M,44.7,M,,*4B
12158 1627461426 0 3 2.53 0.00
12159 1627461426 0 4 2.52 1.49
12160 1627461426 0 5 0.03
12161 1627461426 0 6 0.17
12162 1627461426 0 8 4.97 12.22 11.87
12163 1627461426 0 1 1.482
12164 1627461427 0 0 25.37 8.28 195.8 61.20 101.8 6.41 149.8 18.7 200.0 1.83 41.11 11.7
12165 1627461427 0 7 $GNGGA,083707.000,4423.87095,N,00855.48498,E,1,10,1.1,9.3,M,44.7,M,,*46
12166 1627461427 0 7 $GNGGA,083708.000,4423.87049,N,00855.48523,E,1,10,1.1,9.0,M,44.7,M,,*4A
12167 1627461428 0 7 $GNGGA,083709.000,4423.87003,N,00855.48582,E,1,10,1.1,8.9,M,44.7,M,,*46
12168 1627461429 0 3 2.52 0.00
12169 1627461429 0 4 2.52 1.49
12170 1627461429 0 5 0.03
12171 1627461429 0 6 0.13
12172 1627461429 0 8 4.97 12.21 11.87
12173 1627461429 0 1 1.565
12174 1627461430 0 0 25.36 8.28 195.8 61.30 101.8 6.41 149.8 18.7 200.0 1.81 41.19 11.7
12175 1627461430 0 7 $GNGGA,083710.000,4423.86934,N,00855.48654,E,1,10,1.1,8.6,M,44.7,M,,*45
12176 1627461430 0 7 $GNGGA,083711.000,4423.86868,N,00855.48707,E,1,10,1.1,8.4,M,44.7,M,,*49
12177 1627461431 0 7 $GNGGA,083712.000,4423.86802,N,00855.48749,E,1,10,1.1,8.2,M,44.7,M,,*4A
12178 1627461432 0 3 2.52 0.00
12179 1627461432 0 4 2.52 1.45
12180 1627461432 0 5 0.03
12181 1627461432 0 6 0.15
12182 1627461432 0 8 4.97 12.20 11.84
12183 1627461432 0 1 1.404
12184 1627461433 0 0 25.33 8.28 195.8 61.39 101.8 6.41 150.0 18.7 200.1 1.85 41.26 11.7
12185 1627461433 0 7 $GNGGA,083713.000,4423.86769,N,00855.48799,E,1,10,1.1,8.1,M,44.7,M,,*47
12186 1627461433 0 7 $GNGGA,083714.000,4423.86735,N,00855.48846,E,1,10,1.1,8.1,M,44.7,M,,*44
12187 1627461434 0 7 $GNGGA,083715.000,4423.86683,N,00855.48897,E,1,10,1.1,8.1,M,44.7,M,,*45
12188 1627461435 0 3 2.53 0.00
12189 1627461435 0 4 2.52 1.46
12190 1627461435 0 5 0.03
12191 1627461435 0 6 0.15
12192 1627461435 0 8 4.97 12.18 11.84
12193 1627461435 0 1 1.575
12194 1627461436 0 0 25.35 8.28 195.8 61.33 101.9 6.41 149.9 18.7 200.2 1.84 41.21 11.7
12195 1627461436 0 7 $GNGGA,083716.000,4423.86625,N,00855.48958,E,1,10,1.1,8.3,M,44.7,M,,*4A
12196 1627461436 0 7 $GNGGA,083717.000,4423.86567,N,00855.49019,E,1,10,1.1,8.6,M,44.7,M,,*46
12197 1627461437 0 7 $GNGGA,083718.000,4423.86502,N,00855.49064,E,1,10,1.1,8.9,M,44.7,M,,*4F
12198 1627461438 0 3 2.53 0.00
12199 1627461438 0 4 2.52 1.46
12200 1627461438 0 5 0.03
12201 1627461438 0 6 0.11
12202 1627461438 0 8 4.97 12.18 11.84
12203 1627461438 0 1 1.827
12204 1627461439 0 0 25.33 8.28 195.8 61.39 101.9 6.41 150.1 18.6 200.4 1.86 41.25 11.7
12205 1627461439 0 7 $GNGGA,083719.000,4423.86434,N,00855.49114,E,1,10,1.1,9.0,M,44.7,M,,*44
12206 1627461439 0 7 $GNGGA,083720.000,4423.86350,N,00855.49167,E,1,10,1.1,9.3,M,44.7,M,,*4C
12207 1627461439 0 2 0.06970000 1.50230002 1.08700000 0.01160000 2.71219992 0.00680000 0.03330000 0.30889999 1.00000000 92.62000274
12208 1627461440 0 7 $GNGGA,083721.000,4423.86263,N,00855.49227,E,1,10,1.1,9.4,M,44.7,M,,*4C
12209 1627461441 0 3 2.53 0.00
12210 1627461441 0 4 2.52 1.46
12211 1627461441 0 5 0.03
12212 1627461441 0 6 0.09
12213 1627461441 0 8 4.98 12.18 11.84
12214 1627461442 0 1 1.563
12215 1627461442 0 0 25.31 8.28 195.7 61.32 101.9 6.42 150.3 18.6 200.1 1.87 41.20 11.7
12216 1627461442 0 7 $GNGGA,083722.000,4423.86177,N,00855.49294,E,1,10,1.1,9.8,M,44.7,M,,*4D
12217 1627461442 0 7 $GNGGA,083723.000,4423.86105,N,00855.49365,E,1,10,1.1,10.1,M,44.7,M,,*77
12218 1627461443 0 7 $GNGGA,083724.000,4423.86058,N,00855.49435,E,1,10,1.1,10.1,M,44.7,M,,*7B
12219 1627461444 0 3 2.53 0.00
12220 1627461444 0 4 2.52 1.46
12221 1627461444 0 5 0.03
12222 1627461444 0 6 0.15
12223 1627461444 0 8 4.97 12.18 11.87
12224 1627461444 0 1 2.382
12225 1627461445 0 0 25.32 8.28 195.8 61.31 101.9 6.42 150.1 18.7 200.4 1.86 41.20 11.7
12226 1627461445 0 7 $GNGGA,083725.000,4423.86008,N,00855.49511,E,1,10,1.1,10.2,M,44.7,M,,*7B
12227 1627461445 0 7 $GNGGA,083726.000,4423.85944,N,00855.49574,E,1,10,1.1,10.2,M,44.7,M,,*79
12228 1627461446 0 7 $GNGGA,083727.000,4423.85873,N,00855.49610,E,1,10,1.1,10.2,M,44.7,M,,*7C
12229 1627461447 0 3 2.53 0.00
12230 1627461447 0 4 2.52 1.46
12231 1627461447 0 5 0.03
12232 1627461447 0 6 0.15
12233 1627461448 0 8 4.98 12.18 11.87
12234 1627461448 0 1 1.500
12235 1627461448 0 0 25.32 8.28 195.7 61.27 102.0 6.42 150.1 18.7 200.2 1.89 41.17 11.7
12236 1627461448 0 7 $GNGGA,083728.000,4423.85818,N,00855.49650,E,1,10,1.1,10.3,M,44.7,M,,*7B
12237 1627461448 0 7 $GNGGA,083729.000,4423.85748,N,00855.49679,E,1,10,1.1,10.3,M,44.7,M,,*7B
12238 1627461449 0 7 $GNGGA,083730.000,4423.85676,N,00855.49725,E,1,10,1.1,10.3,M,44.7,M,,*77
12239 1627461450 0 3 2.53 0.00
12240 1627461450 0 4 2.52 1.46
12241 1627461450 0 5 0.03
12242 1627461450 0 6 0.15
12243 1627461450 0 8 4.97 12.18 11.87
12244 1627461451 0 1 1.589
12245 1627461451 0 0 25.32 8.28 195.8 61.32 102.0 6.42 149.9 18.7 200.3 1.89 41.20 11.7
12246 1627461451 0 7 $GNGGA,083731.000,4423.85613,N,00855.49760,E,1,10,1.1,10.1,M,44.7,M,,*76
12247 1627461451 0 7 $GNGGA,083732.000,4423.85537,N,00855.49809,E,1,10,1.1,10.0,M,44.7,M,,*71
12248 1627461452 0 7 $GNGGA,083733.000,4423.85455,N,00855.49848,E,1,10,1.1,10.1,M,44.7,M,,*71
12249 1627461453 0 3 2.53 0.00
12250 1627461453 0 4 2.52 1.46
12251 1627461453 0 5 0.03
12252 1627461453 0 6 0.14
12253 1627461453 0 8 4.98 12.18 11.87
12254 1627461454 0 1 1.440
12255 1627461454 0 0 25.32 8.28 195.8 61.28 102.0 6.43 150.1 18.7 200.6 1.88 41.18 11.7
12256 1627461454 0 7 $GNGGA,083734.000,4423.85369,N,00855.49889,E,1,10,1.1,10.3,M,44.7,M,,*71
12257 1627461454 0 7 $GNGGA,083735.000,4423.85296,N,00855.49927,E,1,10,1.1,10.4,M,44.7,M,,*73
12258 1627461455 0 7 $GNGGA,083736.000,4423.85209,N,00855.49950,E,1,10,1.1,10.6,M,44.7,M,,*74
12259 1627461456 0 3 2.53 0.00
12260 1627461456 0 4 2.52 1.46
12261 1627461456 0 5 0.03
12262 1627461456 0 6 0.16
12263 1627461456 0 8 4.98 12.19 11.87
12264 1627461456 0 1 1.527
12265 1627461457 0 0 25.33 8.28 195.8 61.30 102.0 6.42 150.1 18.7 199.9 1.86 41.19 11.7
12266 1627461457 0 7 $GNGGA,083737.000,4423.85128,N,00855.49981,E,1,10,1.1,10.5,M,44.7,M,,*7A
12267 1627461457 0 7 $GNGGA,083738.000,4423.85073,N,00855.50042,E,1,10,1.1,10.3,M,44.7,M,,*72
12268 1627461458 0 7 $GNGGA,083739.000,4423.85014,N,00855.50124,E,1,10,1.1,9.9,M,44.7,M,,*41
12269 1627461459 0 3 2.53 0.00
12272 1627461459 0 6 0.16
12273 1627461459 0 8 4.98 12.18 11.87
12274 1627461460 0 1 1.533
12275 1627461460 0 0 25.33 8.28 195.9 61.33 102.0 6.42 150.0 18.7 200.0 1.88 41.21 11.7
12276 1627461460 0 7 $GNGGA,083740.000,4423.84956,N,00855.50213,E,1,10,1.1,9.8,M,44.7,M,,*47
12277 1627461460 0 7 $GNGGA,083741.000,4423.84897,N,00855.50283,E,1,10,1.1,9.5,M,44.7,M,,*4E
12278 1627461461 0 7 $GNGGA,083742.000,4423.84829,N,00855.50323,E,1,10,1.1,9.1,M,44.7,M,,*47
12279 1627461462 0 3 2.53 0.00
12280 1627461462 0 4 2.52 1.46
12281 1627461462 0 5 0.03
12282 1627461462 0 6 0.14
12283 1627461462 0 8 4.98 12.18 11.87
12284 1627461463 0 1 1.486
12285 1627461463 0 0 25.32 8.28 195.8 61.30 102.0 6.42 150.2 18.7 200.3 1.90 41.18 11.7
12286 1627461463 0 7 $GNGGA,083743.000,4423.84754,N,00855.50383,E,1,10,1.1,8.5,M,44.7,M,,*4C
12287 1627461463 0 7 $GNGGA,083744.000,4423.84686,N,00855.50450,E,1,10,1.1,8.2,M,44.7,M,,*4B
12288 1627461464 0 7 $GNGGA,083745.000,4423.84619,N,00855.50535,E,1,10,1.1,8.9,M,44.7,M,,*45
12289 1627461465 0 3 2.53 0.00
12290 1627461465 0 4 2.52 1.46
12291 1627461465 0 5 0.03
12292 1627461465 0 6 0.11
12293 1627461465 0 8 4.98 12.18 11.87
12294 1627461466 0 1 1.872
12295 1627461466 0 0 25.33 8.28 195.8 61.35 102.0 6.42 150.0 18.7 199.9 1.87 41.22 11.7
12296 1627461466 0 7 $GNGGA,083746.000,4423.84559,N,00855.50611,E,1,10,1.1,9.2,M,44.7,M,,*4E
12297 1627461466 0 7 $GNGGA,083747.000,4423.84498,N,00855.50687,E,1,10,1.1,9.4,M,44.7,M,,*4A
12298 1627461467 0 7 $GNGGA,083748.000,4423.84439,N,00855.50768,E,1,10,1.1,9.5,M,44.7,M,,*4F
12299 1627461468 0 3 2.53 0.00
12300 1627461468 0 4 2.52 1.46
12301 1627461468 0 5 0.03
12302 1627461468 0 6 0.15
12303 1627461468 0 8 4.97 12.18 11.87
12304 1627461469 0 1 1.456
12305 1627461469 0 0 25.32 8.28 195.8 61.29 102.0 6.42 150.1 18.7 200.1 1.88 41.18 11.7
12306 1627461469 0 7 $GNGGA,083749.000,4423.84378,N,00855.50869,E,1,10,1.1,9.8,M,44.7,M,,*4F
12307 1627461469 0 7 $GNGGA,083750.000,4423.84308,N,00855.50995,E,1,10,1.1,10.2,M,44.7,M,,*70
12308 1627461470 0 7 $GNGGA,083751.000,4423.84233,N,00855.51067,E,1,10,1.1,10.3,M,44.7,M,,*7C
12309 1627461471 0 3 2.53 0.00
12310 1627461471 0 4 2.52 1.46
12311 1627461471 0 5 0.03
12312 1627461471 0 6 0.13
12313 1627461471 0 8 4.98 12.18 11.87
12314 1627461472 0 1 2.331
12315 1627461472 0 0 25.36 8.28 195.8 61.25 102.0 6.42 149.8 18.7 199.8 1.87 41.15 11.7
12316 1627461472 0 7 $GNGGA,083752.000,4423.84160,N,00855.51079,E,1,10,1.1,9.8,M,44.7,M,,*46
12317 1627461472 0 7 $GNGGA,083753.000,4423.84089,N,00855.51113,E,1,10,1.1,9.6,M,44.7,M,,*42
12318 1627461473 0 7 $GNGGA,083754.000,4423.84043,N,00855.51145,E,1,10,1.1,9.6,M,44.7,M,,*40
12319 1627461474 0 3 2.53 0.00
12320 1627461474 0 4 2.52 1.46
12321 1627461474 0 5 0.03
12322 1627461474 0 6 0.15
12323 1627461474 0 8 4.98 12.18 11.87
12324 1627461475 0 1 1.543
12325 1627461475 0 0 25.38 8.28 195.8 61.22 102.0 6.42 149.5 18.7 199.1 1.86 41.13 11.7
12326 1627461475 0 7 $GNGGA,083755.000,4423.83994,N,00855.51194,E,1,10,1.1,9.6,M,44.7,M,,*49
12327 1627461475 0 7 $GNGGA,083756.000,4423.83949,N,00855.51246,E,1,10,1.1,9.5,M,44.7,M,,*45
12328 1627461476 0 7 $GNGGA,083757.000,4423.83905,N,00855.51288,E,1,10,1.1,9.2,M,44.7,M,,*49
12329 1627461477 0 3 2.53 0.00
12330 1627461477 0 4 2.52 1.45
12331 1627461477 0 5 0.03
12332 1627461477 0 6 0.16
12333 1627461477 0 8 4.98 12.18 11.87
12334 1627461478 0 1 1.472
12335 1627461478 0 0 25.37 8.28 195.7 61.33 102.0 6.42 149.8 18.7 199.4 1.84 41.21 11.7
12336 1627461478 0 7 $GNGGA,083758.000,4423.83850,N,00855.51345,E,1,10,1.1,9.1,M,44.7,M,,*44
12337 1627461478 0 7 $GNGGA,083759.000,4423.83793,N,00855.51401,E,1,10,1.1,8.9,M,44.7,M,,*4B
12338 1627461479 0 7 $GNGGA,083800.000,4423.83740,N,00855.51457,E,1,10,1.1,8.8,M,44.7,M,,*44
12339 1627461480 0 3 2.53 0.00
12340 1627461480 0 4 2.52 1.45
12341 1627461480 0 5 0.03
12342 1627461480 0 6 0.14
12343 1627461480 0 8 4.98 12.17 11.87
12344 1627461481 0 1 1.463
12345 1627461481 0 0 25.38 8.28 195.7 61.33 102.0 6.42 149.7 18.7 199.6 1.85 41.21 11.7
12346 1627461481 0 7 $GNGGA,083801.000,4423.83675,N,00855.51504,E,1,10,1.1,9.1,M,44.7,M,,*4D
12347 1627461481 0 7 $GNGGA,083802.000,4423.83593,N,00855.51552,E,1,10,1.1,9.0,M,44.7,M,,*47
12348 1627461482 0 7 $GNGGA,083803.000,4423.83542,N,00855.51607,E,1,10,1.1,8.7,M,44.7,M,,*4F
12349 1627461483 0 3 2.53 0.00
12350 1627461483 0 4 2.52 1.45
12351 1627461483 0 5 0.03
12352 1627461483 0 6 0.15
12353 1627461483 0 8 4.97 12.18 11.87
12354 1627461484 0 1 1.516
12355 1627461484 0 0 25.34 8.28 195.7 61.32 102.0 6.42 150.0 18.7 200.2 1.84 41.20 11.7
12356 1627461484 0 7 $GNGGA,083804.000,4423.83492,N,00855.51648,E,1,10,1.1,8.4,M,44.7,M,,*4C
12357 1627461484 0 7 $GNGGA,083805.000,4423.83435,N,00855.51696,E,1,10,1.1,8.0,M,44.7,M,,*47
12358 1627461485 0 7 $GNGGA,083806.000,4423.83366,N,00855.51757,E,1,10,1.1,7.6,M,44.7,M,,*40
12359 1627461486 0 3 2.53 0.00
12360 1627461486 0 4 2.52 1.45
12361 1627461486 0 5 0.03
12362 1627461486 0 6 0.14
12363 1627461486 0 8 4.97 12.18 11.87
12364 1627461487 0 1 1.517
12365 1627461487 0 0 25.36 8.28 195.7 61.28 102.0 6.42 149.8 18.7 199.7 1.81 41.17 11.7
12366 1627461487 0 7 $GNGGA,083807.000,4423.83294,N,00855.51810,E,1,10,1.1,7.0,M,44.7,M,,*47
12367 1627461487 0 7 $GNGGA,083808.000,4423.83209,N,00855.51845,E,1,10,1.1,6.6,M,44.7,M,,*4B
12368 1627461488 0 7 $GNGGA,083809.000,4423.83119,N,00855.51875,E,1,10,1.1,6.2,M,44.7,M,,*4F
12369 1627461489 0 3 2.53 0.00
12370 1627461489 0 4 2.52 1.45
12371 1627461489 0 5 0.03
12372 1627461489 0 6 0.19
12373 1627461489 0 8 4.97 12.18 11.87
12374 1627461490 0 1 1.526
12375 1627461490 0 0 25.36 8.28 195.7 61.29 102.0 6.42 149.9 18.7 200.0 1.81 41.18 11.7
12376 1627461490 0 7 $GNGGA,083810.000,4423.83047,N,00855.51926,E,1,10,1.1,5.8,M,44.7,M,,*43
12377 1627461490 0 7 $GNGGA,083811.000,4423.82973,N,00855.51983,E,1,10,1.1,5.7,M,44.7,M,,*4D
12378 1627461491 0 7 $GNGGA,083812.000,4423.82883,N,00855.52040,E,1,10,1.1,5.5,M,44.7,M,,*47
12379 1627461492 0 3 2.52 0.00
12380 1627461492 0 4 2.52 1.46
12381 1627461492 0 5 0.03
12382 1627461492 0 6 0.15
12383 1627461492 0 8 4.98 12.18 11.87
12384 1627461493 0 1 1.667
12385 1627461493 0 0 25.37 8.28 195.7 61.28 102.0 6.42 149.9 18.6 199.7 1.83 41.17 11.8
12386 1627461493 0 7 $GNGGA,083813.000,4423.82798,N,00855.52098,E,1,10,1.1,5.3,M,44.7,M,,*40
12387 1627461493 0 7 $GNGGA,083814.000,4423.82719,N,00855.52127,E,1,10,1.1,5.4,M,44.7,M,,*4C
12388 1627461494 0 7 $GNGGA,083815.000,4423.82655,N,00855.52175,E,1,10,1.1,5.8,M,44.7,M,,*4F
12389 1627461495 0 3 2.53 0.00
12390 1627461495 0 4 2.52 1.45
12391 1627461495 0 5 0.03
12392 1627461495 0 6 0.12
12393 1627461495 0 8 4.97 12.18 11.87
12394 1627461496 0 1 1.451
12395 1627461496 0 0 25.37 8.28 195.7 61.34 102.1 6.42 149.8 18.7 199.9 1.84 41.22 11.8
12396 1627461496 0 7 $GNGGA,083816.000,4423.82607,N,00855.52220,E,1,10,1.1,5.7,M,44.7,M,,*47
12397 1627461496 0 7 $GNGGA,083817.000,4423.82542,N,00855.52269,E,1,10,1.1,5.6,M,44.7,M,,*48
12398 1627461497 0 7 $GNGGA,083818.000,4423.82469,N,00855.52337,E,1,10,1.1,5.6,M,44.7,M,,*45
12399 1627461498 0 3 2.53 0.00
12400 1627461498 0 4 2.52 1.45
12401 1627461498 0 5 0.03
12402 1627461498 0 6 0.14
12403 1627461498 0 8 4.98 12.18 11.87
12404 1627461499 0 1 2.117
12405 1627461499 0 0 25.37 8.28 195.7 61.23 102.0 6.42 149.9 18.7 200.0 1.85 41.14 11.8
12406 1627461499 0 7 $GNGGA,083819.000,4423.82397,N,00855.52404,E,1,10,1.1,5.6,M,44.7,M,,*45
12407 1627461499 0 7 $GNGGA,083820.000,4423.82320,N,00855.52454,E,1,10,1.1,5.5,M,44.7,M,,*45
12408 1627461500 0 7 $GNGGA,083821.000,4423.82235,N,00855.52474,E,1,10,1.1,5.2,M,44.7,M,,*44
12409 1627461501 0 3 2.53 0.00
12410 1627461501 0 4 2.52 1.45
12411 1627461501 0 5 0.03
12412 1627461501 0 6 0.12
12413 1627461501 0 8 4.97 12.03 11.84
12414 1627461502 0 1 1.514
12415 1627461502 0 0 25.36 8.28 195.6 61.26 102.0 6.42 149.8 18.6 200.1 1.87 41.15 11.7
12416 1627461502 0 7 $GNGGA,083822.000,4423.82155,N,00855.52486,E,1,10,1.1,5.1,M,44.7,M,,*4C
12417 1627461502 0 7 $GNGGA,083823.000,4423.82072,N,00855.52513,E,1,10,1.1,4.8,M,44.7,M,,*4C
12418 1627461503 0 7 $GNGGA,083824.000,4423.82001,N,00855.52547,E,1,10,1.1,4.5,M,44.7,M,,*43
12419 1627461504 0 3 2.53 0.00
12420 1627461504 0 4 2.52 1.45
12421 1627461504 0 5 0.03
12422 1627461504 0 6 0.11
12423 1627461504 0 8 4.98 12.19 11.87
12424 1627461505 0 1 1.441
12425 1627461505 0 0 25.36 8.28 195.6 61.30 102.0 6.42 149.9 18.6 200.2 1.89 41.18 11.8
12426 1627461505 0 7 $GNGGA,083825.000,4423.81936,N,00855.52578,E,1,10,1.1,4.5,M,44.7,M,,*40
12427 1627461505 0 7 $GNGGA,083826.000,4423.81877,N,00855.52604,E,1,10,1.1,4.6,M,44.7,M,,*4C
12428 1627461506 0 7 $GNGGA,083827.000,4423.81821,N,00855.52643,E,1,10,1.1,4.6,M,44.7,M,,*4D
12429 1627461507 0 3 2.53 0.00
12430 1627461507 0 4 2.52 1.46
12431 1627461507 0 5 0.03
12432 1627461507 0 6 0.13
12433 1627461507 0 8 4.98 12.18 11.84
12434 1627461508 0 1 1.503
12435 1627461508 0 0 25.33 8.28 195.7 61.27 102.0 6.43 150.1 18.6 200.6 1.89 41.17 11.7
12436 1627461508 0 7 $GNGGA,083828.000,4423.81756,N,00855.52687,E,1,10,1.1,4.6,M,44.7,M,,*45
12437 1627461508 0 7 $GNGGA,083829.000,4423.81682,N,00855.52752,E,1,10,1.1,4.7,M,44.7,M,,*44
12438 1627461509 0 7 $GNGGA,083830.000,4423.81620,N,00855.52825,E,1,10,1.1,4.6,M,44.7,M,,*4A
12439 1627461510 0 3 2.53 0.00
12440 1627461510 0 4 2.52 1.45
12441 1627461510 0 5 0.03
12442 1627461510 0 6 0.13
12443 1627461510 0 8 4.97 12.04 11.84
12444 1627461511 0 1 1.503
12445 1627461511 0 0 25.34 8.28 195.7 61.27 102.1 6.43 149.9 18.6 200.1 1.91 41.16 11.7
12446 1627461511 0 7 $GNGGA,083831.000,4423.81574,N,00855.52903,E,1,10,1.1,4.5,M,44.7,M,,*4F
12447 1627461511 0 7 $GNGGA,083832.000,4423.81533,N,00855.52956,E,1,10,1.1,4.6,M,44.7,M,,*4C
12448 1627461512 0 7 $GNGGA,083833.000,4423.81477,N,00855.53005,E,1,10,1.1,4.8,M,44.7,M,,*4C
12449 1627461513 0 3 2.53 0.00
12450 1627461513 0 4 2.52 1.46
12451 1627461513 0 5 0.03
12452 1627461513 0 6 0.14
12453 1627461513 0 8 4.97 12.17 11.87
12454 1627461514 0 1 1.347
12455 1627461514 0 0 25.34 8.28 195.7 61.30 102.0 6.42 149.9 18.6 200.4 1.91 41.19 11.7
12456 1627461514 0 7 $GNGGA,083834.000,4423.81405,N,00855.53068,E,1,10,1.1,5.1,M,44.7,M,,*4D
12457 1627461514 0 7 $GNGGA,083835.000,4423.81343,N,00855.53124,E,1,10,1.1,5.5,M,44.7,M,,*44
12458 1627461515 0 7 $GNGGA,083836.000,4423.81283,N,00855.53168,E,1,10,1.1,5.6,M,44.7,M,,*41
12459 1627461516 0 3 2.53 0.00
12460 1627461516 0 4 2.52 1.46
12461 1627461516 0 5 0.03
12462 1627461516 0 6 0.14
12463 1627461516 0 8 4.97 12.05 11.84
12464 1627461517 0 1 1.444
12465 1627461517 0 0 25.34 8.28 195.7 61.39 102.0 6.42 150.0 18.6 200.2 1.92 41.26 11.7
12466 1627461517 0 7 $GNGGA,083837.000,4423.81220,N,00855.53204,E,1,10,1.1,5.7,M,44.7,M,,*41
12467 1627461517 0 7 $GNGGA,083838.000,4423.81148,N,00855.53238,E,1,10,1.1,5.8,M,44.7,M,,*43
12468 1627461518 0 7 $GNGGA,083839.000,4423.81087,N,00855.53302,E,1,10,1.1,5.9,M,44.7,M,,*49
12469 1627461519 0 3 2.53 0.00
12470 1627461519 0 4 2.52 1.46
12471 1627461519 0 5 0.03
12472 1627461519 0 6 0.16
12473 1627461519 0 8 4.98 12.19 11.87
12474 1627461520 0 1 1.692
12475 1627461520 0 0 25.34 8.28 195.7 61.28 102.0 6.42 149.9 18.6 200.1 1.91 41.18 11.7
12476 1627461520 0 7 $GNGGA,083840.000,4423.81029,N,00855.53379,E,1,10,1.1,5.9,M,44.7,M,,*4F
12477 1627461520 0 7 $GNGGA,083841.000,4423.80969,N,00855.53453,E,1,10,1.1,6.0,M,44.7,M,,*47
12478 1627461521 0 7 $GNGGA,083842.000,4423.80910,N,00855.53515,E,1,10,1.1,6.1,M,44.7,M,,*48
12479 1627461522 0 3 2.53 0.00
12480 1627461522 0 4 2.52 1.46
12481 1627461522 0 5 0.03
12482 1627461522 0 6 0.12
12483 1627461522 0 8 4.98 12.17 11.87
12484 1627461523 0 1 1.475
12485 1627461523 0 0 25.33 8.28 195.7 61.32 102.0 6.42 150.0 18.6 200.3 1.90 41.20 11.7
12486 1627461523 0 7 $GNGGA,083843.000,4423.80848,N,00855.53572,E,1,10,1.1,6.0,M,44.7,M,,*45
12487 1627461523 0 7 $GNGGA,083844.000,4423.80788,N,00855.53630,E,1,10,1.1,6.1,M,44.7,M,,*45
12488 1627461524 0 7 $GNGGA,083845.000,4423.80722,N,00855.53688,E,1,10,1.1,6.1,M,44.7,M,,*47
12489 1627461525 0 3 2.53 0.00
12490 1627461525 0 4 2.52 1.46
12491 1627461525 0 5 0.03
12492 1627461525 0 6 0.17
12493 1627461525 0 8 4.98 12.17 11.87
12494 1627461526 0 1 2.117
12495 1627461526 0 0 25.32 8.28 195.8 61.34 102.1 6.43 150.0 18.6 200.6 1.89 41.22 11.7
12496 1627461526 0 7 $GNGGA,083846.000,4423.80653,N,00855.53749,E,1,10,1.1,6.5,M,44.7,M,,*4B
12497 1627461526 0 7 $GNGGA,083847.000,4423.80582,N,00855.53799,E,1,10,1.1,6.8,M,44.7,M,,*45
12498 1627461527 0 7 $GNGGA,083848.000,4423.80514,N,00855.53854,E,1,10,1.1,7.0,M,44.7,M,,*42
12499 1627461528 0 3 2.53 0.00
12500 1627461528 0 4 2.52 1.46
12501 1627461528 0 5 0.03
12502 1627461528 0 6 0.15
12503 1627461528 0 8 4.97 12.19 11.87
12504 1627461529 0 1 1.471
12505 1627461529 0 0 25.30 8.28 195.8 61.39 102.1 6.43 150.2 18.6 200.1 1.94 41.25 11.7
12506 1627461529 0 7 $GNGGA,083849.000,4423.80444,N,00855.53904,E,1,10,1.1,6.9,M,44.7,M,,*4B
12507 1627461529 0 7 $GNGGA,083850.000,4423.80377,N,00855.53951,E,1,10,1.1,7.1,M,44.7,M,,*4D
12508 1627461530 0 7 $GNGGA,083851.000,4423.80304,N,00855.54004,E,1,10,1.1,7.1,M,44.7,M,,*46
12509 1627461531 0 3 2.53 0.00
12510 1627461531 0 4 2.52 1.46
12511 1627461531 0 5 0.03
12512 1627461531 0 6 0.15
12513 1627461531 0 8 4.98 12.17 11.84
12514 1627461532 0 1 1.458
12515 1627461532 0 0 25.31 8.28 195.8 61.33 102.1 6.43 150.0 18.6 200.5 1.98 41.21 11.7
12516 1627461532 0 7 $GNGGA,083852.000,4423.80230,N,00855.54084,E,1,10,1.1,7.3,M,44.7,M,,*49
12517 1627461532 0 7 $GNGGA,083853.000,4423.80165,N,00855.54151,E,1,10,1.1,7.4,M,44.7,M,,*45
12518 1627461533 0 7 $GNGGA,083854.000,4423.80101,N,00855.54203,E,1,10,1.1,7.6,M,44.7,M,,*46
12519 1627461534 0 3 2.53 0.00
12520 1627461534 0 4 2.52 1.46
12521 1627461534 0 5 0.03
12522 1627461534 0 6 0.12
12523 1627461534 0 8 4.98 12.17 11.84
12524 1627461535 0 1 1.448
12525 1627461535 0 0 25.32 8.28 195.8 61.35 102.1 6.43 149.9 18.6 200.0 2.01 41.23 11.7
12526 1627461535 0 7 $GNGGA,083855.000,4423.80035,N,00855.54238,E,1,10,1.1,7.9,M,44.7,M,,*46
12527 1627461535 0 7 $GNGGA,083856.000,4423.79949,N,00855.54281,E,1,10,1.1,8.1,M,44.7,M,,*44
12528 1627461536 0 7 $GNGGA,083857.000,4423.79878,N,00855.54323,E,1,10,1.1,8.1,M,44.7,M,,*4F
12529 1627461537 0 3 2.53 0.00
12530 1627461537 0 4 2.52 1.47
12531 1627461537 0 5 0.03
12532 1627461537 0 6 0.09
12533 1627461537 0 8 4.98 12.18 11.84
12534 1627461538 0 1 1.377
12535 1627461538 0 0 25.31 8.28 195.8 61.30 102.1 6.43 150.0 18.6 200.5 2.01 41.19 11.7
12536 1627461538 0 7 $GNGGA,083858.000,4423.79798,N,00855.54363,E,1,10,1.1,8.0,M,44.7,M,,*44
12537 1627461538 0 7 $GNGGA,083859.000,4423.79715,N,00855.54420,E,1,10,1.1,8.1,M,44.7,M,,*41
12538 1627461539 0 7 $GNGGA,083900.000,4423.79647,N,00855.54478,E,1,10,1.1,8.1,M,44.7,M,,*47
12539 1627461540 0 3 2.53 0.00
12540 1627461540 0 4 2.52 1.47
12541 1627461540 0 5 0.03
12542 1627461540 0 6 0.09
12543 1627461540 0 8 4.98 12.18 11.84
12544 1627461541 0 1 1.383
12545 1627461541 0 0 25.31 8.28 195.8 61.30 102.1 6.43 150.0 18.6 200.1 2.00 41.19 11.7
12546 1627461541 0 7 $GNGGA,083901.000,4423.79578,N,00855.54544,E,1,10,1.1,8.0,M,44.7,M,,*46
12547 1627461541 0 7 $GNGGA,083902.000,4423.79498,N,00855.54604,E,1,10,1.1,8.2,M,44.7,M,,*4F
12548 1627461542 0 7 $GNGGA,083903.000,4423.79420,N,00855.54647,E,1,10,1.1,8.4,M,44.7,M,,*4C
12549 1627461543 0 3 2.53 0.00
12550 1627461543 0 4 2.52 1.46
12551 1627461543 0 5 0.03
12552 1627461543 0 6 0.15
12553 1627461543 0 8 4.97 12.18 11.87
12554 1627461544 0 1 1.516
12555 1627461544 0 0 25.30 8.28 195.9 61.30 102.1 6.43 150.1 18.6 200.6 1.97 41.19 11.7
12556 1627461544 0 7 $GNGGA,083904.000,4423.79347,N,00855.54676,E,1,10,1.1,8.6,M,44.7,M,,*4D
12557 1627461544 0 7 $GNGGA,083905.000,4423.79270,N,00855.54722,E,1,10,1.1,8.6,M,44.7,M,,*49
12558 1627461545 0 7 $GNGGA,083906.000,4423.79199,N,00855.54800,E,1,10,1.1,8.3,M,44.7,M,,*44
12559 1627461546 0 3 2.53 0.00
12560 1627461546 0 4 2.52 1.46
12561 1627461546 0 5 0.03
12562 1627461546 0 6 0.12
12563 1627461546 0 8 4.98 12.18 11.87
12564 1627461547 0 1 1.574
12565 1627461547 0 0 25.30 8.28 195.8 61.34 102.1 6.43 149.9 18.6 200.1 2.04 41.22 11.7
12566 1627461547 0 7 $GNGGA,083907.000,4423.79144,N,00855.54911,E,1,10,1.1,8.0,M,44.7,M,,*47
12567 1627461547 0 7 $GNGGA,083908.000,4423.79096,N,00855.55005,E,1,10,1.1,7.9,M,44.7,M,,*4D
12568 1627461548 0 7 $GNGGA,083909.000,4423.79033,N,00855.55079,E,1,10,1.1,7.8,M,44.7,M,,*49
12569 1627461549 0 3 2.53 0.00
12570 1627461549 0 4 2.52 1.46
12571 1627461549 0 5 0.03
12572 1627461549 0 6 0.10
12573 1627461549 0 8 4.98 12.17 11.87
12574 1627461550 0 1 1.386
12575 1627461550 0 0 25.30 8.28 195.8 61.33 102.1 6.43 150.0 18.6 200.1 2.06 41.21 11.7
12576 1627461550 0 7 $GNGGA,083910.000,4423.78966,N,00855.55155,E,1,10,1.1,8.2,M,44.7,M,,*43
12577 1627461550 0 7 $GNGGA,083911.000,4423.78922,N,00855.55224,E,1,10,1.1,8.3,M,44.7,M,,*46
12578 1627461551 0 7 $GNGGA,083912.000,4423.78869,N,00855.55307,E,1,10,1.1,8.4,M,44.7,M,,*4C
12579 1627461552 0 3 2.53 0.00
12580 1627461552 0 4 2.52 1.46
12581 1627461552 0 5 0.03
12582 1627461552 0 6 0.13
12583 1627461552 0 8 4.98 12.17 11.87
12584 1627461553 0 1 2.117
12585 1627461553 0 0 25.30 8.28 195.8 61.32 102.1 6.43 150.0 18.6 200.1 2.05 41.20 11.7
12586 1627461553 0 7 $GNGGA,083913.000,4423.78804,N,00855.55355,E,1,10,1.1,8.6,M,44.7,M,,*43
12587 1627461553 0 7 $GNGGA,083914.000,4423.78736,N,00855.55398,E,1,10,1.1,8.6,M,44.7,M,,*4B
12588 1627461554 0 7 $GNGGA,083915.000,4423.78680,N,00855.55464,E,1,10,1.1,8.7,M,44.7,M,,*43
12589 1627461555 0 3 2.53 0.00
12590 1627461555 0 4 2.52 1.46
12591 1627461555 0 5 0.03
12592 1627461555 0 6 0.14
12593 1627461556 0 8 4.98 12.17 11.87
12594 1627461556 0 1 1.460
12595 1627461556 0 0 25.30 8.28 195.8 61.23 102.1 6.44 150.0 18.6 200.2 2.04 41.13 11.7
12596 1627461556 0 7 $GNGGA,083916.000,4423.78607,N,00855.55525,E,1,10,1.1,8.5,M,44.7,M,,*49
12597 1627461556 0 7 $GNGGA,083917.000,4423.78540,N,00855.55591,E,1,10,1.1,8.2,M,44.7,M,,*40
12598 1627461557 0 7 $GNGGA,083918.000,4423.78477,N,00855.55676,E,1,10,1.1,8.0,M,44.7,M,,*42
12599 1627461558 0 3 2.53 0.00
12600 1627461558 0 4 2.52 1.46
12601 1627461558 0 5 0.03
12602 1627461558 0 6 0.15
12603 1627461558 0 8 4.97 12.17 11.84
12604 1627461559 0 1 1.419
12605 1627461559 0 0 25.30 8.28 195.8 61.29 102.1 6.43 150.0 18.6 200.0 2.06 41.18 11.7
12606 1627461559 0 7 $GNGGA,083919.000,4423.78425,N,00855.55766,E,1,10,1.1,7.8,M,44.7,M,,*43
12607 1627461559 0 7 $GNGGA,083920.000,4423.78388,N,00855.55844,E,1,10,1.1,7.8,M,44.7,M,,*46
12608 1627461559 0 2 0.06140000 1.30929994 1.10329997 0.01010000 2.67440009 0.00600000 0.03210000 0.27209999 1.00000000 92.86699676
12609 1627461560 0 7 $GNGGA,083921.000,4423.78360,N,00855.55921,E,1,10,1.1,8.0,M,44.7,M,,*44
12610 1627461561 0 3 2.53 0.00
12611 1627461561 0 4 2.52 1.46
12612 1627461561 0 5 0.03
12613 1627461561 0 6 0.15
12614 1627461561 0 8 4.98 12.17 11.87
12615 1627461562 0 1 1.378
12616 1627461562 0 0 25.29 8.28 195.8 61.26 102.1 6.43 150.1 18.6 200.5 2.07 41.16 11.7
12617 1627461562 0 7 $GNGGA,083922.000,4423.78331,N,00855.55997,E,1,10,1.1,8.1,M,44.7,M,,*4F
12618 1627461562 0 7 $GNGGA,083923.000,4423.78288,N,00855.56045,E,1,10,1.1,8.2,M,44.7,M,,*4B
12619 1627461563 0 7 $GNGGA,083924.000,4423.78241,N,00855.56081,E,1,10,1.1,8.3,M,44.7,M,,*40
12621 1627461564 0 4 2.52 1.46
12622 1627461564 0 5 0.03
12623 1627461564 0 6 0.12
12624 1627461564 0 8 4.98 12.18 11.87
12625 1627461565 0 1 1.456
12626 1627461565 0 0 25.29 8.28 195.8 61.24 102.1 6.44 150.1 18.6 200.2 2.05 41.15 11.7
12627 1627461565 0 7 $GNGGA,083925.000,4423.78198,N,00855.56097,E,1,10,1.1,8.4,M,44.7,M,,*46
12628 1627461565 0 7 $GNGGA,083926.000,4423.78150,N,00855.56111,E,1,10,1.1,8.7,M,44.7,M,,*4D
12629 1627461566 0 7 $GNGGA,083927.000,4423.78118,N,00855.56136,E,1,10,1.1,9.2,M,44.7,M,,*41
12630 1627461567 0 3 2.53 0.00
12631 1627461567 0 4 2.52 1.46
12632 1627461567 0 5 0.03
12633 1627461567 0 6 0.13
12634 1627461567 0 8 4.98 12.17 11.87
12635 1627461568 0 1 1.380
12636 1627461568 0 0 25.28 8.28 195.9 61.31 102.1 6.43 150.1 18.6 200.1 2.06 41.20 11.7
12637 1627461568 0 7 $GNGGA,083928.000,4423.78086,N,00855.56188,E,1,10,1.1,10.0,M,44.7,M,,*77
12638 1627461568 0 7 $GNGGA,083929.000,4423.78048,N,00855.56247,E,1,10,1.1,10.5,M,44.7,M,,*71
12639 1627461569 0 7 $GNGGA,083930.000,4423.78013,N,00855.56306,E,1,10,1.1,11.0,M,44.7,M,,*77
12640 1627461570 0 3 2.53 0.00
12641 1627461570 0 4 2.52 1.46
12642 1627461570 0 5 0.03
12643 1627461570 0 6 0.15
12644 1627461570 0 8 4.97 12.17 11.87
12645 1627461571 0 1 1.387
12646 1627461571 0 0 25.28 8.28 195.9 61.27 102.1 6.43 150.0 18.6 200.3 2.07 41.17 11.7
12647 1627461571 0 7 $GNGGA,083931.000,4423.77983,N,00855.56361,E,1,10,1.1,11.6,M,44.7,M,,*7E
12648 1627461571 0 7 $GNGGA,083932.000,4423.77943,N,00855.56425,E,1,10,1.1,11.8,M,44.7,M,,*78
12649 1627461572 0 7 $GNGGA,083933.000,4423.77909,N,00855.56499,E,1,10,1.1,12.3,M,44.7,M,,*78
12650 1627461573 0 3 2.53 0.00
12651 1627461573 0 4 2.52 1.46
12652 1627461573 0 5 0.03
12653 1627461573 0 6 0.14
12654 1627461574 0 8 4.98 12.17 11.84
12655 1627461574 0 1 1.523
12656 1627461574 0 0 25.28 8.28 195.8 61.29 102.1 6.43 150.1 18.6 199.6 2.11 41.18 11.7
12657 1627461574 0 7 $GNGGA,083934.000,4423.77866,N,00855.56571,E,1,10,1.1,12.7,M,44.7,M,,*74
12658 1627461574 0 7 $GNGGA,083935.000,4423.77807,N,00855.56633,E,1,10,1.1,12.5,M,44.7,M,,*75
12659 1627461575 0 7 $GNGGA,083936.000,4423.77751,N,00855.56688,E,1,10,1.1,12.1,M,44.7,M,,*7E
12660 1627461576 0 3 2.53 0.00
12661 1627461576 0 4 2.52 1.45
12662 1627461576 0 5 0.03
12663 1627461576 0 6 0.12
12664 1627461576 0 8 4.98 12.17 11.87
12665 1627461577 0 1 1.388
12666 1627461577 0 0 25.29 8.28 195.9 61.36 102.1 6.43 150.0 18.6 199.7 2.10 41.23 11.7
12667 1627461577 0 7 $GNGGA,083937.000,4423.77691,N,00855.56735,E,1,10,1.1,11.8,M,44.7,M,,*7F
12668 1627461577 0 7 $GNGGA,083938.000,4423.77630,N,00855.56773,E,1,10,1.1,11.3,M,44.7,M,,*72
12669 1627461578 0 7 $GNGGA,083939.000,4423.77600,N,00855.56841,E,1,10,1.1,10.8,M,44.7,M,,*74
12670 1627461579 0 3 2.53 0.00
12671 1627461579 0 4 2.52 1.45
12672 1627461579 0 5 0.03
12673 1627461579 0 6 0.11
12674 1627461579 0 8 4.97 12.20 11.87
12675 1627461580 0 0 25.28 8.28 195.9 61.39 102.0 6.43 150.0 18.6 199.7 2.08 41.26 11.7
12676 1627461580 0 7 $GNGGA,083940.000,4423.77594,N,00855.56940,E,1,10,1.1,10.4,M,44.7,M,,*78
12677 1627461580 0 7 $GNGGA,083941.000,4423.77582,N,00855.57037,E,1,10,1.1,10.0,M,44.7,M,,*72
12678 1627461581 0 7 $GNGGA,083942.000,4423.77539,N,00855.57107,E,1,10,1.1,9.8,M,44.7,M,,*43
12679 1627461582 0 3 2.53 0.00
12680 1627461582 0 4 2.52 1.45
12681 1627461582 0 5 0.03
12682 1627461582 0 6 0.10
12683 1627461582 0 8 4.97 12.19 11.87
12684 1627461583 0 7 $GNGGA,083943.000,4423.77472,N,00855.57168,E,1,10,1.1,10.0,M,44.7,M,,*75
12685 1627461583 0 0 25.28 8.29 195.9 61.27 102.0 6.43 149.9 18.6 199.6 2.09 41.17 11.7
12686 1627461583 0 7 $GNGGA,083944.000,4423.77409,N,00855.57251,E,1,10,1.1,9.8,M,44.7,M,,*47
12687 1627461584 0 7 $GNGGA,083945.000,4423.77361,N,00855.57358,E,1,10,1.1,9.2,M,44.7,M,,*4D
12688 1627461585 0 3 2.53 0.00
12689 1627461585 0 4 2.52 1.44
12690 1627461585 0 5 0.03
12691 1627461585 0 6 0.12
12692 1627461585 0 8 4.98 12.19 11.87
12693 1627461586 0 0 25.31 8.28 195.9 61.23 102.0 6.43 149.6 18.7 199.2 2.09 41.14 11.7
12694 1627461586 0 7 $GNGGA,083946.000,4423.77307,N,00855.57450,E,1,10,1.1,8.8,M,44.7,M,,*4A
12695 1627461586 0 7 $GNGGA,083947.000,4423.77247,N,00855.57534,E,1,10,1.1,8.4,M,44.7,M,,*41
12696 1627461587 0 7 $GNGGA,083948.000,4423.77191,N,00855.57618,E,1,10,1.1,8.1,M,44.7,M,,*4E
12697 1627461588 0 3 2.53 0.00
12698 1627461588 0 4 2.52 1.44
12699 1627461588 0 5 0.03
12700 1627461588 0 6 0.13
12701 1627461589 0 8 4.97 12.28 11.87
12702 1627461589 0 0 25.33 8.28 195.9 61.27 102.0 6.43 149.5 18.6 199.1 2.08 41.16 11.7
12703 1627461589 0 7 $GNGGA,083949.000,4423.77142,N,00855.57693,E,1,10,1.1,7.7,M,44.7,M,,*4B
12704 1627461589 0 7 $GNGGA,083950.000,4423.77102,N,00855.57743,E,1,10,1.1,7.6,M,44.7,M,,*4A
12705 1627461589 0 1 1.330
12706 1627461590 0 7 $GNGGA,083951.000,4423.77066,N,00855.57792,E,1,10,1.1,7.5,M,44.7,M,,*47
12707 1627461591 0 3 2.53 0.00
12708 1627461591 0 4 2.52 1.44
12709 1627461591 0 5 0.03
12710 1627461591 0 6 0.12
12711 1627461591 0 8 4.98 12.28 11.89
12712 1627461592 0 1 1.339
12713 1627461592 0 0 25.32 8.28 195.9 61.35 102.0 6.42 149.6 18.6 199.5 2.09 41.23 11.7
12714 1627461592 0 7 $GNGGA,083952.000,4423.77037,N,00855.57860,E,1,10,1.1,7.7,M,44.7,M,,*40
12715 1627461592 0 7 $GNGGA,083953.000,4423.76998,N,00855.57930,E,1,10,1.1,7.9,M,44.7,M,,*46
12716 1627461593 0 7 $GNGGA,083954.000,4423.76948,N,00855.57990,E,1,10,1.1,7.8,M,44.7,M,,*47
12717 1627461594 0 3 2.53 0.00
12718 1627461594 0 4 2.52 1.43
12719 1627461594 0 5 0.03
12720 1627461594 0 6 0.11
12721 1627461594 0 8 4.98 12.27 11.84
12722 1627461595 0 1 1.659
12723 1627461595 0 0 25.32 8.28 195.8 61.27 102.0 6.42 149.7 18.7 199.5 2.11 41.16 11.7
12724 1627461595 0 7 $GNGGA,083955.000,4423.76892,N,00855.58049,E,1,10,1.1,7.5,M,44.7,M,,*4F
12725 1627461595 0 7 $GNGGA,083956.000,4423.76826,N,00855.58101,E,1,10,1.1,7.1,M,44.7,M,,*4A
12726 1627461596 0 7 $GNGGA,083957.000,4423.76771,N,00855.58158,E,1,10,1.1,7.2,M,44.7,M,,*49
12727 1627461597 0 3 2.53 0.00
12728 1627461597 0 4 2.52 1.44
12729 1627461597 0 5 0.03
12730 1627461597 0 6 0.05
12731 1627461597 0 8 4.98 12.27 11.87
12732 1627461598 0 1 1.322
12733 1627461598 0 0 25.32 8.28 195.9 61.30 101.9 6.42 149.5 18.6 199.5 2.11 41.19 11.7
12734 1627461598 0 7 $GNGGA,083958.000,4423.76734,N,00855.58230,E,1,10,1.1,7.4,M,44.7,M,,*4C
12735 1627461598 0 7 $GNGGA,083959.000,4423.76714,N,00855.58308,E,1,10,1.1,7.9,M,44.7,M,,*48
12736 1627461599 0 7 $GNGGA,084000.000,4423.76696,N,00855.58394,E,1,10,1.1,8.2,M,44.7,M,,*40
12737 1627461600 0 3 2.53 0.00
12738 1627461600 0 4 2.52 1.44
12739 1627461600 0 5 0.03
12740 1627461600 0 6 0.14
12741 1627461600 0 8 4.98 12.27 11.89
12742 1627461601 0 1 2.054
12743 1627461601 0 0 25.31 8.28 195.9 61.35 101.9 6.42 149.6 18.6 199.6 2.12 41.23 11.6
12744 1627461601 0 7 $GNGGA,084001.000,4423.76664,N,00855.58469,E,1,10,1.1,8.4,M,44.7,M,,*4F
12745 1627461601 0 7 $GNGGA,084002.000,4423.76633,N,00855.58534,E,1,10,1.1,8.6,M,44.7,M,,*45
12746 1627461602 0 7 $GNGGA,084003.000,4423.76606,N,00855.58588,E,1,10,1.1,8.7,M,44.7,M,,*44
12747 1627461603 0 3 2.53 0.00
12748 1627461603 0 4 2.52 1.44
12749 1627461603 0 5 0.03
12750 1627461603 0 6 0.14
12751 1627461603 0 8 4.98 12.27 11.87
12752 1627461604 0 1 1.319
12753 1627461604 0 0 25.32 8.28 195.9 61.29 101.9 6.42 149.5 18.6 199.6 2.17 41.18 11.7
12754 1627461604 0 7 $GNGGA,084004.000,4423.76567,N,00855.58630,E,1,10,1.1,8.6,M,44.7,M,,*46
12755 1627461604 0 7 $GNGGA,084005.000,4423.76534,N,00855.58687,E,1,10,1.1,8.4,M,44.7,M,,*4F
12756 1627461605 0 7 $GNGGA,084006.000,4423.76500,N,00855.58761,E,1,10,1.1,8.5,M,44.7,M,,*43
12757 1627461606 0 3 2.53 0.00
12758 1627461606 0 4 2.52 1.44
12759 1627461606 0 5 0.03
12760 1627461606 0 6 0.11
12761 1627461606 0 8 4.98 12.27 11.87
12762 1627461607 0 1 1.335
12763 1627461607 0 0 25.33 8.28 195.9 61.26 101.9 6.42 149.5 18.6 199.3 2.17 41.16 11.7
12764 1627461607 0 7 $GNGGA,084007.000,4423.76449,N,00855.58835,E,1,10,1.1,8.6,M,44.7,M,,*43
12765 1627461607 0 7 $GNGGA,084008.000,4423.76398,N,00855.58903,E,1,10,1.1,8.7,M,44.7,M,,*42
12766 1627461608 0 7 $GNGGA,084009.000,4423.76355,N,00855.58959,E,1,09,1.2,8.8,M,44.7,M,,*49
12767 1627461609 0 3 2.53 0.00
12768 1627461609 0 4 2.52 1.43
12769 1627461609 0 5 0.03
12770 1627461609 0 6 0.11
12771 1627461609 0 8 4.98 12.31 11.84
12772 1627461610 0 1 1.241
12773 1627461610 0 0 25.33 8.29 196.0 61.31 101.9 6.42 149.6 18.6 199.2 2.18 41.20 11.7
12774 1627461610 0 7 $GNGGA,084010.000,4423.76319,N,00855.59015,E,1,09,1.2,8.8,M,44.7,M,,*49
12775 1627461610 0 7 $GNGGA,084011.000,4423.76288,N,00855.59077,E,1,09,1.2,8.8,M,44.7,M,,*45
12776 1627461611 0 7 $GNGGA,084012.000,4423.76244,N,00855.59149,E,1,09,1.2,8.8,M,44.7,M,,*4A
12777 1627461612 0 3 2.53 0.00
12778 1627461612 0 4 2.52 1.44
12779 1627461612 0 5 0.03
12780 1627461612 0 6 0.11
12781 1627461613 0 8 4.98 12.30 11.87
12782 1627461613 0 1 1.280
12783 1627461613 0 0 25.32 8.29 195.9 61.19 101.9 6.42 149.7 18.6 199.6 2.17 41.11 11.7
12784 1627461613 0 7 $GNGGA,084013.000,4423.76173,N,00855.59204,E,1,09,1.2,8.8,M,44.7,M,,*46
12785 1627461613 0 7 $GNGGA,084014.000,4423.76101,N,00855.59264,E,1,09,1.2,8.8,M,44.7,M,,*42
12786 1627461614 0 7 $GNGGA,084015.000,4423.76041,N,00855.59343,E,1,09,1.2,8.6,M,44.7,M,,*4C
12787 1627461615 0 3 2.53 0.00
12788 1627461615 0 4 2.52 1.43
12789 1627461615 0 5 0.03
12790 1627461615 0 6 0.12
12791 1627461615 0 8 4.98 12.30 11.84
12792 1627461616 0 1 1.274
12793 1627461616 0 0 25.33 8.28 195.9 61.28 101.8 6.41 149.7 18.6 199.4 2.19 41.17 11.7
12794 1627461616 0 7 $GNGGA,084016.000,4423.75994,N,00855.59432,E,1,09,1.2,8.7,M,44.7,M,,*4D
12795 1627461616 0 7 $GNGGA,084017.000,4423.75953,N,00855.59513,E,1,10,1.1,8.9,M,44.7,M,,*40
12796 1627461617 0 7 $GNGGA,084018.000,4423.75916,N,00855.59576,E,1,10,1.1,8.9,M,44.7,M,,*4D
12797 1627461618 0 3 2.53 0.00
12798 1627461618 0 4 2.52 1.43
12799 1627461618 0 5 0.03
12800 1627461618 0 6 0.09
12801 1627461618 0 8 4.98 12.30 11.84
12802 1627461619 0 1 1.182
12803 1627461619 0 0 25.33 8.28 195.9 61.24 101.8 6.41 149.7 18.6 199.5 2.18 41.14 11.7
12804 1627461619 0 7 $GNGGA,084019.000,4423.75901,N,00855.59648,E,1,10,1.1,9.0,M,44.7,M,,*4C
12805 1627461619 0 7 $GNGGA,084020.000,4423.75874,N,00855.59727,E,1,10,1.1,9.1,M,44.7,M,,*4C
12806 1627461620 0 7 $GNGGA,084021.000,4423.75844,N,00855.59806,E,1,10,1.1,9.3,M,44.7,M,,*40
12807 1627461621 0 3 2.53 0.00
12808 1627461621 0 4 2.52 1.44
12809 1627461621 0 5 0.03
12810 1627461621 0 6 0.11
12811 1627461621 0 8 4.98 12.14 11.84
12812 1627461622 0 1 1.372
12813 1627461622 0 0 25.33 8.28 195.9 61.18 101.7 6.41 149.8 18.6 199.6 2.17 41.09 11.7
12814 1627461622 0 7 $GNGGA,084022.000,4423.75801,N,00855.59881,E,1,10,1.1,9.7,M,44.7,M,,*49
12815 1627461622 0 7 $GNGGA,084023.000,4423.75753,N,00855.59928,E,1,10,1.1,9.7,M,44.7,M,,*42
12816 1627461623 0 7 $GNGGA,084024.000,4423.75713,N,00855.59965,E,1,10,1.1,9.5,M,44.7,M,,*4A
12817 1627461624 0 3 2.53 0.00
12818 1627461624 0 4 2.52 1.44
12819 1627461624 0 5 0.03
12820 1627461624 0 6 0.08
12821 1627461624 0 8 4.98 12.30 11.87
12822 1627461625 0 1 1.288
12823 1627461625 0 0 25.33 8.28 195.9 61.24 101.7 6.40 149.9 18.6 199.8 2.18 41.14 11.7
12824 1627461625 0 7 $GNGGA,084025.000,4423.75682,N,00855.60008,E,1,10,1.1,9.5,M,44.7,M,,*4A
12825 1627461625 0 7 $GNGGA,084026.000,4423.75650,N,00855.60086,E,1,10,1.1,9.4,M,44.7,M,,*41
12826 1627461626 0 7 $GNGGA,084027.000,4423.75613,N,00855.60155,E,1,10,1.1,9.4,M,44.7,M,,*48
12827 1627461627 0 3 2.53 0.00
12828 1627461627 0 4 2.52 1.44
12829 1627461627 0 5 0.03
12830 1627461627 0 6 0.10
12831 1627461627 0 8 4.98 12.29 11.84
12832 1627461628 0 1 1.939
12833 1627461628 0 0 25.32 8.28 195.9 61.29 101.6 6.40 149.8 18.6 199.9 2.18 41.18 11.7
12834 1627461628 0 7 $GNGGA,084028.000,4423.75575,N,00855.60221,E,1,10,1.1,9.5,M,44.7,M,,*45
12835 1627461628 0 7 $GNGGA,084029.000,4423.75528,N,00855.60285,E,1,09,1.2,9.5,M,44.7,M,,*49
12836 1627461629 0 7 $GNGGA,084030.000,4423.75471,N,00855.60360,E,1,09,1.2,9.8,M,44.7,M,,*4B
12837 1627461630 0 3 2.53 0.00
12838 1627461630 0 4 2.52 1.44
12839 1627461630 0 5 0.03
12840 1627461630 0 6 0.07
12841 1627461630 0 8 4.97 12.15 11.84
12842 1627461631 0 1 1.226
12843 1627461631 0 0 25.32 8.28 196.0 61.24 101.6 6.40 149.9 18.6 199.6 2.17 41.15 11.7
12844 1627461631 0 7 $GNGGA,084031.000,4423.75422,N,00855.60447,E,1,09,1.2,10.4,M,44.7,M,,*7A
12845 1627461631 0 7 $GNGGA,084032.000,4423.75366,N,00855.60537,E,1,09,1.2,10.9,M,44.7,M,,*75
12846 1627461632 0 7 $GNGGA,084033.000,4423.75312,N,00855.60635,E,1,09,1.2,11.1,M,44.7,M,,*7F
12847 1627461633 0 3 2.53 0.00
12848 1627461633 0 4 2.52 1.44
12849 1627461633 0 5 0.03
12850 1627461633 0 6 0.12
12851 1627461633 0 8 4.98 12.29 11.84
12852 1627461634 0 1 1.269
12853 1627461634 0 0 25.33 8.28 196.0 61.26 101.6 6.40 149.7 18.6 199.7 2.16 41.16 11.7
12854 1627461634 0 7 $GNGGA,084034.000,4423.75270,N,00855.60725,E,1,09,1.2,11.2,M,44.7,M,,*7E
12855 1627461634 0 7 $GNGGA,084035.000,4423.75237,N,00855.60810,E,1,09,1.2,10.8,M,44.7,M,,*7E
12856 1627461635 0 7 $GNGGA,084036.000,4423.75213,N,00855.60884,E,1,09,1.2,10.2,M,44.7,M,,*7C
12857 1627461636 0 3 2.53 0.00
12858 1627461636 0 4 2.52 1.44
12859 1627461636 0 5 0.03
12860 1627461636 0 6 0.11
12861 1627461637 0 8 4.97 12.16 11.84
12862 1627461637 0 1 1.219
12863 1627461637 0 0 25.33 8.28 196.0 61.26 101.6 6.40 149.7 18.6 199.5 2.16 41.16 11.7
12864 1627461637 0 7 $GNGGA,084037.000,4423.75174,N,00855.60950,E,1,09,1.2,9.8,M,44.7,M,,*45
12865 1627461637 0 7 $GNGGA,084038.000,4423.75126,N,00855.61025,E,1,09,1.2,9.5,M,44.7,M,,*4A
12866 1627461638 0 7 $GNGGA,084039.000,4423.75082,N,00855.61122,E,1,09,1.2,9.2,M,44.7,M,,*45
12867 1627461639 0 3 2.53 0.00
12868 1627461639 0 4 2.52 1.44
12869 1627461639 0 5 0.03
12870 1627461639 0 6 0.10
12871 1627461639 0 8 4.98 12.30 11.87
12872 1627461640 0 1 1.310
12873 1627461640 0 0 25.32 8.28 195.9 61.23 101.6 6.40 149.9 18.6 199.7 2.15 41.13 11.7
12874 1627461640 0 7 $GNGGA,084040.000,4423.75044,N,00855.61227,E,1,09,1.2,9.0,M,44.7,M,,*45
12875 1627461640 0 7 $GNGGA,084041.000,4423.74989,N,00855.61345,E,1,10,1.1,9.0,M,44.7,M,,*43
12876 1627461641 0 7 $GNGGA,084042.000,4423.74928,N,00855.61457,E,1,10,1.1,8.9,M,44.7,M,,*47
12877 1627461642 0 3 2.53 0.00
12878 1627461642 0 4 2.52 1.43
12879 1627461642 0 5 0.03
12880 1627461642 0 6 0.09
12881 1627461642 0 8 4.97 12.29 11.87
12882 1627461643 0 1 1.219
12883 1627461643 0 0 25.32 8.28 195.9 61.35 101.6 6.40 149.9 18.6 200.0 2.15 41.22 11.7
12884 1627461643 0 7 $GNGGA,084043.000,4423.74882,N,00855.61518,E,1,10,1.1,8.7,M,44.7,M,,*43
12885 1627461643 0 7 $GNGGA,084044.000,4423.74836,N,00855.61566,E,1,10,1.1,8.7,M,44.7,M,,*42
12886 1627461644 0 7 $GNGGA,084045.000,4423.74772,N,00855.61601,E,1,10,1.1,8.7,M,44.7,M,,*4E
12887 1627461645 0 3 2.53 0.00
12888 1627461645 0 4 2.52 1.43
12889 1627461645 0 5 0.03
12890 1627461645 0 6 0.10
12891 1627461646 0 8 4.98 12.29 11.87
12892 1627461646 0 1 1.259
12893 1627461646 0 0 25.31 8.28 196.0 61.36 101.7 6.40 149.8 18.6 199.9 2.18 41.23 11.7
12894 1627461646 0 7 $GNGGA,084046.000,4423.74719,N,00855.61662,E,1,10,1.1,9.3,M,44.7,M,,*40
12895 1627461646 0 7 $GNGGA,084047.000,4423.74670,N,00855.61758,E,1,10,1.1,9.8,M,44.7,M,,*4C
12896 1627461647 0 7 $GNGGA,084048.000,4423.74626,N,00855.61848,E,1,10,1.1,10.2,M,44.7,M,,*7C
12897 1627461648 0 3 2.53 0.00
12898 1627461648 0 4 2.52 1.44
12899 1627461648 0 5 0.03
12900 1627461648 0 6 0.11
12901 1627461649 0 8 4.98 12.30 11.84
12902 1627461649 0 1 1.456
12903 1627461649 0 0 25.31 8.28 196.0 61.34 101.6 6.40 149.9 18.6 199.5 2.18 41.22 11.7
12904 1627461649 0 7 $GNGGA,084049.000,4423.74576,N,00855.61905,E,1,10,1.1,10.6,M,44.7,M,,*77
12905 1627461649 0 7 $GNGGA,084050.000,4423.74515,N,00855.61965,E,1,10,1.1,10.8,M,44.7,M,,*72
12906 1627461650 0 7 $GNGGA,084051.000,4423.74457,N,00855.62049,E,1,10,1.1,10.6,M,44.7,M,,*7E
12907 1627461651 0 3 2.53 0.00
12908 1627461651 0 4 2.52 1.43
12909 1627461651 0 5 0.03
12910 1627461651 0 6 0.09
12911 1627461652 0 8 4.97 12.29 11.87
12912 1627461652 0 1 1.280
12913 1627461652 0 0 25.31 8.28 196.0 61.27 101.6 6.40 149.9 18.6 199.8 2.16 41.17 11.7
12914 1627461652 0 7 $GNGGA,084052.000,4423.74404,N,00855.62130,E,1,10,1.1,10.3,M,44.7,M,,*71
12915 1627461652 0 7 $GNGGA,084053.000,4423.74353,N,00855.62203,E,1,10,1.1,10.1,M,44.7,M,,*74
12916 1627461653 0 7 $GNGGA,084054.000,4423.74297,N,00855.62270,E,1,10,1.1,10.0,M,44.7,M,,*7F
12917 1627461654 0 3 2.53 0.00
12918 1627461654 0 4 2.52 1.43
12919 1627461654 0 5 0.03
12920 1627461654 0 6 0.11
12921 1627461655 0 8 4.98 12.29 11.87
12922 1627461655 0 1 1.903
12923 1627461655 0 0 25.31 8.29 196.0 61.25 101.6 6.40 149.9 18.6 199.9 2.20 41.15 11.7
12924 1627461655 0 7 $GNGGA,084055.000,4423.74232,N,00855.62340,E,1,10,1.1,10.0,M,44.7,M,,*73
12925 1627461655 0 7 $GNGGA,084056.000,4423.74165,N,00855.62413,E,1,10,1.1,10.0,M,44.7,M,,*70
12926 1627461656 0 7 $GNGGA,084057.000,4423.74097,N,00855.62481,E,1,10,1.1,10.0,M,44.7,M,,*76
12927 1627461657 0 3 2.53 0.00
12928 1627461657 0 4 2.52 1.43
12929 1627461657 0 5 0.03
12930 1627461657 0 6 0.10
12931 1627461658 0 8 4.97 12.30 11.87
12932 1627461658 0 1 1.294
12933 1627461658 0 0 25.32 8.28 196.0 61.37 101.6 6.40 149.9 18.6 199.7 2.18 41.24 11.7
12934 1627461658 0 7 $GNGGA,084058.000,4423.74025,N,00855.62550,E,1,10,1.1,9.9,M,44.7,M,,*4C
12935 1627461658 0 7 $GNGGA,084059.000,4423.73956,N,00855.62607,E,1,10,1.1,9.6,M,44.7,M,,*49
12936 1627461659 0 7 $GNGGA,084100.000,4423.73897,N,00855.62677,E,1,10,1.1,9.2,M,44.7,M,,*4B
12937 1627461660 0 3 2.53 0.00
12938 1627461660 0 4 2.52 1.43
12939 1627461660 0 5 0.03
12940 1627461660 0 6 0.05
12941 1627461661 0 8 4.98 12.29 11.87
12942 1627461661 0 1 1.295
12943 1627461661 0 0 25.32 8.29 196.0 61.27 101.5 6.40 149.8 18.6 199.8 2.13 41.17 11.8
12944 1627461661 0 7 $GNGGA,084101.000,4423.73837,N,00855.62734,E,1,10,1.1,9.1,M,44.7,M,,*45
12945 1627461661 0 7 $GNGGA,084102.000,4423.73760,N,00855.62798,E,1,10,1.1,8.7,M,44.7,M,,*4A
12946 1627461662 0 7 $GNGGA,084103.000,4423.73681,N,00855.62865,E,1,10,1.1,8.3,M,44.7,M,,*4C
12947 1627461663 0 3 2.53 0.00
12949 1627461663 0 5 0.03
12950 1627461663 0 6 0.08
12951 1627461664 0 8 4.98 12.30 11.87
12952 1627461664 0 1 1.358
12953 1627461664 0 0 25.32 8.28 196.0 61.25 101.5 6.40 149.7 18.6 199.5 2.12 41.15 11.7
12954 1627461664 0 7 $GNGGA,084104.000,4423.73612,N,00855.62955,E,1,10,1.1,8.4,M,44.7,M,,*44
12955 1627461664 0 7 $GNGGA,084105.000,4423.73537,N,00855.63049,E,1,10,1.1,7.9,M,44.7,M,,*46
12956 1627461665 0 7 $GNGGA,084106.000,4423.73460,N,00855.63117,E,1,10,1.1,7.8,M,44.7,M,,*4D
12957 1627461666 0 3 2.53 0.00
12958 1627461666 0 4 2.52 1.43
12959 1627461666 0 5 0.03
12960 1627461666 0 6 0.13
12961 1627461667 0 8 4.97 12.29 11.87
12962 1627461667 0 1 1.302
12963 1627461667 0 0 25.32 8.28 195.9 61.27 101.5 6.39 149.8 18.6 199.7 2.16 41.16 11.7
12964 1627461667 0 7 $GNGGA,084107.000,4423.73394,N,00855.63172,E,1,10,1.1,7.9,M,44.7,M,,*42
12965 1627461667 0 7 $GNGGA,084108.000,4423.73332,N,00855.63211,E,1,10,1.1,8.1,M,44.7,M,,*40
12966 1627461668 0 7 $GNGGA,084109.000,4423.73278,N,00855.63261,E,1,10,1.1,8.2,M,44.7,M,,*4A
12967 1627461669 0 3 2.53 0.00
12968 1627461669 0 4 2.52 1.43
12969 1627461669 0 5 0.03
12970 1627461669 0 6 0.09
12971 1627461670 0 8 4.97 12.29 11.87
12972 1627461670 0 1 1.295
12973 1627461670 0 0 25.33 8.28 196.0 61.25 101.5 6.39 149.9 18.6 199.8 2.19 41.15 11.7
12974 1627461670 0 7 $GNGGA,084110.000,4423.73171,N,00855.63333,E,1,10,1.1,7.6,M,44.7,M,,*45
12975 1627461670 0 7 $GNGGA,084111.000,4423.73069,N,00855.63371,E,1,10,1.1,7.3,M,44.7,M,,*4F
12976 1627461671 0 7 $GNGGA,084112.000,4423.72978,N,00855.63394,E,1,10,1.1,7.1,M,44.7,M,,*4D
12977 1627461672 0 3 2.53 0.00
12978 1627461672 0 4 2.52 1.43
12979 1627461672 0 5 0.03
12980 1627461672 0 6 0.10
12981 1627461673 0 8 4.97 12.29 11.84
12982 1627461673 0 1 1.335
12983 1627461673 0 0 25.33 8.29 195.9 61.30 101.5 6.39 149.8 18.6 199.4 2.18 41.19 11.8
12984 1627461673 0 7 $GNGGA,084113.000,4423.72889,N,00855.63423,E,1,10,1.1,6.9,M,44.7,M,,*41
12985 1627461673 0 7 $GNGGA,084114.000,4423.72795,N,00855.63441,E,1,10,1.1,7.0,M,44.7,M,,*48
12986 1627461674 0 7 $GNGGA,084115.000,4423.72693,N,00855.63465,E,1,10,1.1,6.9,M,44.7,M,,*40
