"id_r";"lon_r";"lat_r";"EH"
"122591991155";12.254837;43.621155;NA
"122669935048";12.262612;43.815048;NA
"122939410057";12.289552;43.890057;NA
"123369918107";12.332614;43.778107;NA
"123391954768";12.334831;43.644768;NA
"123449960575";12.340618;43.780575;NA
"123558515045";12.3515;43.515045;NA
"123603115919";12.35596;43.515919;NA
"123613658640";12.35699;43.75864;NA
"124142005047";12.409834;43.665047;NA
"124145886889";12.410222;43.666889;NA
"124347512126";12.430395;43.562126;NA
"124689017809";12.464517;43.847809;NA
"124980908938";12.493713;43.778938;NA
"125195686731";12.51521;43.586731;NA
"125258605878";12.521494;43.665878;NA
"125332863831";12.528898;43.883831;NA
"125572421711";12.552891;43.511711;NA
"126231164472";12.618737;43.794472;NA
"126261345331";12.621783;43.515331;NA
"126308399212";12.626493;43.469212;NA
"126412333278";12.636861;43.723278;NA
"126448727068";12.640526;43.467068;NA
"126522425048";12.647888;43.545048;NA
"126631006490";12.65876;43.40649;NA
"126888628277";12.6845;43.628277;NA
"126963077711";12.69196;43.477711;NA
"127115781498";12.7072;43.781498;NA
"127307641085";12.726417;43.471085;NA
"127308448651";12.726498;43.468651;NA
"127378076997";12.73343;43.776997;NA
"127630718101";12.758709;43.628101;NA
"127686099812";12.764225;43.849812;NA
"127912891849";12.786904;43.851849;NA
"128028374527";12.798468;43.694527;NA
"128286090402";12.824278;43.310402;NA
"128484188672";12.844062;43.568672;NA
"128574865875";12.853168;43.185875;NA
"128606894988";12.856347;43.424988;NA
"128627773376";12.858434;43.433376;NA
"128737790610";12.86939;43.89061;NA
"128991219886";12.894738;43.839886;NA
"129021007555";12.89771;43.907555;NA
"129047364057";12.900417;43.194057;NA
"129083670273";12.904034;43.330273;NA
"129088073750";12.904464;43.43375;NA
"129218030556";12.9175;43.030556;NA
"129410347452";12.936685;43.497452;NA
"129476413132";12.943316;43.253132;NA
"129546997813";12.950388;43.117813;NA
"129571519808";12.95284;43.119808;NA
"129576935000";12.953333;43.605;NA
"129591383364";12.954831;43.073364;NA
"129719322669";12.967556;43.762669;NA
"129736137499";12.96924;43.737499;NA
"129750589035";12.970743;43.159035;NA
"129776491114";12.973331;43.181114;NA
"129846696441";12.980329;43.406441;NA
"129899787814";12.985661;43.177814;NA
"129984503742";12.994152;42.983742;NA
"130044121425";13.000113;42.991425;NA
"130058078369";13.0015;43.078369;NA
"130087587589";13.00445;43.087589;NA
"130189314974";13.014565;43.664974;NA
"130334330269";13.029075;43.580269;NA
"130460408660";13.041702;43.38866;NA
"130507450507";13.046379;43.660507;NA
"130581786328";13.053796;43.826328;NA
"130722890064";13.067975;43.140064;NA
"130891417255";13.084836;43.057255;NA
"130912102571";13.086903;43.072571;NA
"131029256182";13.098633;42.926182;NA
"131302406212";13.125891;43.496212;NA
"131336118383";13.129262;43.498383;NA
"131424404469";13.13815;42.904469;NA
"131467943638";13.1425;42.943638;NA
"131602954702";13.155992;43.034702;NA
"131693652659";13.164999;43.662659;NA
"131700876211";13.165799;42.886211;NA
"131705245873";13.166221;43.035873;NA
"131754279657";13.171053;43.749657;NA
"131928389492";13.188516;43.229492;NA
"131929425834";13.188611;43.315834;NA
"132093743444";13.205087;42.873444;NA
"132101301027";13.20576;43.701027;NA
"132307960036";13.226497;42.990036;NA
"132343251944";13.229972;43.531944;NA
"132424548480";13.238181;42.73848;NA
"132433871081";13.239088;42.991081;NA
"132446684470";13.240395;42.73447;NA
"132458686702";13.241568;43.006702;NA
"132849623368";13.280655;43.073368;NA
"132869227535";13.282602;43.207535;NA
"132932616419";13.288999;42.626419;NA
"132985600306";13.294283;42.770306;NA
"132997177809";13.29544;42.777809;NA
"132998409221";13.29552;43.209221;NA
"133005215565";13.296259;42.625565;NA
"133057983928";13.301495;43.033928;NA
"133096436690";13.305388;42.55669;NA
"133274566423";13.323167;42.896423;NA
"133303999452";13.32611;42.899452;NA
"133445558666";13.3403;42.558666;NA
"133473924166";13.343056;43.364166;NA
"133555105833";13.351167;43.435833;NA
"133556376379";13.35134;42.976379;NA
"133630077539";13.35871;42.977539;NA
"133927415643";13.388394;43.475643;NA
"134010774757";13.396768;43.094757;NA
"134108567415";13.406583;42.737415;NA
"134111205209";13.40683;42.905209;NA
"134132418318";13.408965;42.768318;NA
"134191375035";13.414821;43.165035;NA
"134230292240";13.4187;43.29224;NA
"134304577351";13.426125;43.327351;NA
"134321680038";13.427877;42.910038;NA
"134572288105";13.452868;43.608105;NA
"134724450031";13.468161;42.840031;NA
"134886093379";13.484261;43.483379;NA
"135023405857";13.498032;43.085857;NA
"135061552374";13.501806;43.492374;NA
"135127220359";13.508361;43.610359;NA
"135418149648";13.53753;42.849648;NA
"135425338210";13.53819;43.43821;NA
"135474883381";13.543148;43.403381;NA
"135543790031";13.5501;42.790031;NA
"135728734037";13.568578;42.954037;NA
"135944580944";13.590132;43.260944;NA
"135975883694";13.59325;43.383694;NA
"136029216110";13.598611;43.10611;NA
"136238935791";13.61955;43.435791;NA
"136502555967";13.645953;43.025967;NA
"136765843370";13.672242;43.42337;NA
"136835640035";13.67926;43.040035;NA
"137767292677";13.772406;43.232677;NA
"3668060150944";15.0944;36.6806;0
"3668080150945";15.0945;36.6808;NA
"3672820149927";14.9927;36.7282;NA
"3672820149930";14.993;36.7282;0
"3673330151092";15.1092;36.7333;0
"3675830146881";14.6881;36.7583;0
"3675960146760";14.676;36.7596;0
"3678560149169";14.9169;36.7856;0
"3679140119544";11.9544;36.7914;0
"3683260145288";14.5288;36.8326;0
"3683460145017";14.5017;36.8346;NA
"3683560145303";14.5303;36.8356;0
"3684220150470";15.047;36.8422;0
"3684460150567";15.0567;36.8446;NA
"3688100149010";14.901;36.881;0
"3688160149013";14.9013;36.8816;NA
"3688460150829";15.0829;36.8846;0
"3693250147100";14.71;36.9325;0
"3693330149253";14.9253;36.9333;0
"3694220145294";14.5294;36.9422;0
"3695390146759";14.6759;36.9539;0
"3697330143997";14.3997;36.9733;0
"3697350144000";14.4;36.9735;NA
"3697400147731";14.7731;36.974;NA
"3701240145935";14.5935;37.0124;0
"3701460145903";14.5903;37.0146;NA
"3702270144082";14.4082;37.0227;0
"3702970147094";14.7094;37.0297;0
"3703830150606";15.0606;37.0383;0
"3705170145906";14.5906;37.0517;0
"3705220152364";15.2364;37.0522;0
"3705300148182";14.8182;37.053;0
"3705750142989";14.2989;37.0575;NA
"3706000151576";15.1576;37.06;0
"3706040148709";14.8709;37.0604;NA
"3706040148710";14.871;37.0604;0
"3706040151583";15.1583;37.0604;NA
"3706190149003";14.9003;37.0619;0
"3706280152919";15.2919;37.0628;0.4
"3709430145609";14.5609;37.0943;NA
"3709610145595";14.5595;37.0961;0
"3710100139330";13.933;37.101;0
"3712640148458";14.8458;37.1264;0
"3712700146821";14.6821;37.127;0
"3712990141139";14.1139;37.1299;0
"3713380141128";14.1128;37.1338;NA
"3714560143964";14.3964;37.1456;0
"3715400138881";13.8881;37.154;NA
"3715510142986";14.2986;37.1551;0
"3715570138891";13.8891;37.1557;0
"3716250147494";14.7494;37.1625;0
"3716530150464";15.0464;37.1653;NA
"3718970143544";14.3544;37.1897;0.1
"3719040142896";14.2896;37.1904;NA
"3719720141769";14.1769;37.1972;NA
"3719850138427";13.8427;37.1985;NA
"3720130137612";13.7612;37.2013;0
"3720830139930";13.993;37.2083;NA
"3722220148667";14.8667;37.2222;0
"3723000145748";14.5748;37.23;0
"3723000152278";15.2278;37.23;0
"3723830136364";13.6364;37.2383;0
"3724060145186";14.5186;37.2406;0
"3724410148948";14.8948;37.2441;0
"3724860151426";15.1426;37.2486;0
"3725960147776";14.7776;37.2596;0
"3726190141033";14.1033;37.2619;NA
"3726210137217";13.7217;37.2621;NA
"3726610139189";13.9189;37.2661;0
"3727460140874";14.0874;37.2746;0
"3728130151493";15.1493;37.2813;NA
"3729070144177";14.4177;37.2907;0
"3729280149986";14.9986;37.2928;NA
"3729320143675";14.3675;37.2932;0
"3729670142128";14.2128;37.2967;0
"3730390142189";14.2189;37.3039;0
"3730470135889";13.5889;37.3047;0
"3730870137537";13.7537;37.3087;NA
"3731210149456";14.9456;37.3121;NA
"3731440139889";13.9889;37.3144;0
"3731560143658";14.3658;37.3156;NA
"3731560143789";14.3789;37.3156;0
"3731710141296";14.1296;37.3171;0
"3731880147256";14.7256;37.3188;0
"3732920144450";14.445;37.3292;0.2
"3734050149249";14.9249;37.3405;NA
"3734060139263";13.9263;37.3406;0
"3734150135496";13.5496;37.3415;0
"3734240140038";14.0038;37.3424;0
"3735050149081";14.9081;37.3505;0
"3735680137727";13.7727;37.3568;NA
"3735850137736";13.7736;37.3585;0
"3735970136455";13.6455;37.3597;0
"3735970138611";13.8611;37.3597;0
"3736670150897";15.0897;37.3667;0
"3736890145728";14.5728;37.3689;0
"3737220142812";14.2812;37.3722;0
"3738140146958";14.6958;37.3814;0
"3740550142817";14.2817;37.4055;NA
"3740690137336";13.7336;37.4069;0
"3741060143840";14.384;37.4106;0
"3741060144448";14.4448;37.4106;NA
"3741190141359";14.1359;37.4119;0
"3742860140511";14.0511;37.4286;0
"3743700132657";13.2657;37.437;NA
"3743880132666";13.2666;37.4388;0
"3743890133842";13.3842;37.4389;0
"3744180150677";15.0677;37.4418;0
"3744520145761";14.5761;37.4452;0.1
"3744890144661";14.4661;37.4489;NA
"3744920144700";14.47;37.4492;0
"3745720138775";13.8775;37.4572;NA
"3745770139822";13.9822;37.4577;0
"3746280148981";14.8981;37.4628;0
"3746690135946";13.5946;37.4669;0
"3746870142504";14.2504;37.4687;0
"3747590145354";14.5354;37.4759;0
"3748100146336";14.6336;37.481;0
"3749640140569";14.0569;37.4964;0
"3750330146469";14.6469;37.5033;0
"3750390132747";13.2747;37.5039;0
"3750470150788";15.0788;37.5047;0
"3750500141752";14.1752;37.505;0
"3751250135350";13.535;37.5125;NA
"3751290131269";13.1269;37.5129;0
"3751360138256";13.8256;37.5136;0
"3751380148541";14.8541;37.5138;NA
"3751480148553";14.8553;37.5148;0
"3751570141754";14.1754;37.5157;NA
"3752000150703";15.0703;37.52;NA
"3753370148713";14.8713;37.5337;0
"3755640145028";14.5028;37.5564;0
"3756110138307";13.8307;37.5611;NA
"3756860142683";14.2683;37.5686;0
"3757580132156";13.2156;37.5758;0
"3757580146919";14.6919;37.5758;0
"3758060134081";13.4081;37.5806;0
"3758390140978";14.0978;37.5839;NA
"3758530137550";13.755;37.5853;NA
"3758650141721";14.1721;37.5865;0
"3759020130390";13.039;37.5902;NA
"3759060140374";14.0374;37.5906;0
"3759190130397";13.0397;37.5919;0
"3759390134146";13.4146;37.5939;NA
"3759440129681";12.9681;37.5944;0
"3759550134153";13.4153;37.5955;0
"3759560149244";14.9244;37.5956;0
"3760060139135";13.9135;37.6006;0
"3760440143460";14.346;37.6044;0
"3761160135531";13.5531;37.6116;NA
"3761640150131";15.0131;37.6164;NA
"3761720134335";13.4335;37.6172;0
"3761950136077";13.6077;37.6195;NA
"3762070133082";13.3082;37.6207;0
"3762170145011";14.5011;37.6217;0
"3762170151658";15.1658;37.6217;0
"3762760130622";13.0622;37.6276;0
"3762980137578";13.7578;37.6298;0
"3763160132294";13.2294;37.6316;0
"3763190141875";14.1875;37.6319;NA
"3763210140109";14.0109;37.6321;NA
"3763220140108";14.0108;37.6322;0
"3764080136039";13.6039;37.6408;NA
"3764260150484";15.0484;37.6426;NA
"3764260150485";15.0485;37.6426;0
"3764600128523";12.8523;37.646;0
"3764620128523";12.8523;37.6462;NA
"3765080130942";13.0942;37.6508;0
"3765110144514";14.4514;37.6511;0
"3765500145283";14.5283;37.655;0
"3765720126003";12.6003;37.6572;0
"3767030136301";13.6301;37.6703;NA
"3767090135541";13.5541;37.6709;0
"3767190134681";13.4681;37.6719;0
"3767350146090";14.609;37.6735;NA
"3767810126744";12.6744;37.6781;0
"3767970138350";13.835;37.6797;NA
"3768170148150";14.815;37.6817;NA
"3768360151975";15.1975;37.6836;NA
"3768510151983";15.1983;37.6851;0
"3768670128072";12.8072;37.6867;0
"3768720134212";13.4212;37.6872;0
"3769020127513";12.7513;37.6902;NA
"3769370142621";14.2621;37.6937;0.2
"3769690151078";15.1078;37.6969;0
"3769960130222";13.0222;37.6996;0
"3769970132592";13.2592;37.6997;0
"3770430138492";13.8492;37.7043;NA
"3770600138501";13.8501;37.706;0
"3770670141144";14.1144;37.7067;NA
"3771190129428";12.9428;37.7119;0
"3771260145260";14.526;37.7126;NA
"3772220134045";13.4045;37.7222;NA
"3772290134247";13.4247;37.7229;NA
"3772890130427";13.0427;37.7289;NA
"3772890130429";13.0429;37.7289;0
"3773220151439";15.1439;37.7322;NA
"3773810131325";13.1325;37.7381;0
"3774080137451";13.7451;37.7408;NA
"3775250147853";14.7853;37.7525;NA
"3775320135929";13.5929;37.7532;0
"3775350147862";14.7862;37.7535;0
"3775530139864";13.9864;37.7553;0
"3775530144025";14.4025;37.7553;NA
"3776090140637";14.0637;37.7609;NA
"3776260137069";13.7069;37.7626;NA
"3776290144246";14.4246;37.7629;0
"3778020128795";12.8795;37.7802;0
"3778450141271";14.1271;37.7845;NA
"3778780129625";12.9625;37.7878;0
"3778910143149";14.3149;37.7891;0
"3779000146033";14.6033;37.79;NA
"3779040150346";15.0346;37.7904;0
"3779220130973";13.0973;37.7922;NA
"3779360125682";12.5682;37.7936;0
"3779760142036";14.2036;37.7976;0
"3779970148256";14.8256;37.7997;NA
"3780010125683";12.5683;37.8001;NA
"3780130127072";12.7072;37.8013;0
"3780300132501";13.2501;37.803;0
"3780320132499";13.2499;37.8032;NA
"3780610145056";14.5056;37.8061;NA
"3781310124583";12.4583;37.8131;0
"3781460141934";14.1934;37.8146;NA
"3781600152464";15.2464;37.816;0
"3781620141942";14.1942;37.8162;0
"3781720132928";13.2928;37.8172;0
"3781780127194";12.7194;37.8178;NA
"3782030138922";13.8922;37.8203;0.4
"3782350139950";13.995;37.8235;0
"3782450151309";15.1309;37.8245;0
"3782560141181";14.1181;37.8256;NA
"3782600148723";14.8723;37.826;NA
"3782610151306";15.1306;37.8261;NA
"3782750135431";13.5431;37.8275;0
"3782810152269";15.2269;37.8281;NA
"3782940151506";15.1506;37.8294;NA
"3783140128147";12.8147;37.8314;0
"3783190134306";13.4306;37.8319;0
"3783700146789";14.6789;37.837;NA
"3783710131656";13.1656;37.8371;0
"3783720146786";14.6786;37.8372;0
"3784410152243";15.2243;37.8441;NA
"3785060134947";13.4947;37.8506;NA
"3785440144839";14.4839;37.8544;NA
"3785460128800";12.88;37.8546;0
"3785810126650";12.665;37.8581;0
"3786120143395";14.3395;37.8612;NA
"3786330140997";14.0997;37.8633;NA
"3786330141539";14.1539;37.8633;0.2
"3786860149522";14.9522;37.8686;NA
"3787080139233";13.9233;37.8708;NA
"3787700133671";13.3671;37.877;NA
"3788220127176";12.7176;37.8822;0
"3788350133739";13.3739;37.8835;0
"3788770149790";14.979;37.8877;NA
"3788790144905";14.4905;37.8879;NA
"3788860143108";14.3108;37.8886;0
"3788970149778";14.9778;37.8897;0
"3789450135563";13.5563;37.8945;0
"3789510144858";14.4858;37.8951;0
"3789750133032";13.3032;37.8975;0
"3790330131006";13.1006;37.9033;0
"3790360131002";13.1002;37.9036;NA
"3790670128761";12.8761;37.9067;0
"3790810151453";15.1453;37.9081;0
"3791410130704";13.0704;37.9141;0
"3792520160633";16.0633;37.9252;0
"3792670129297";12.9297;37.9267;0
"3792670143569";14.3569;37.9267;NA
"3792730127421";12.7421;37.9273;NA
"3793090146936";14.6936;37.9309;NA
"3793170131611";13.1611;37.9317;0
"3793530136575";13.6575;37.9353;0
"3794190125527";12.5527;37.9419;0
"3794580126607";12.6607;37.9458;NA
"3794630134663";13.4663;37.9463;0
"3794710126614";12.6614;37.9471;0
"3794970137836";13.7836;37.9497;0
"3795030141008";14.1008;37.9503;0
"3795180136508";13.6508;37.9518;0
"3795370146231";14.6231;37.9537;NA
"3796000134133";13.4133;37.96;NA
"3796280126792";12.6792;37.9628;NA
"3796410132888";13.2888;37.9641;0
"3796970129650";12.965;37.9697;0
"3797080140863";14.0863;37.9708;0
"3797140136115";13.6115;37.9714;0
"3797170152333";15.2333;37.9717;0
"3797260142894";14.2894;37.9726;0
"3797270142892";14.2892;37.9727;NA
"3797300140889";14.0889;37.973;NA
"3797640142372";14.2372;37.9764;0.1
"3797710133418";13.3418;37.9771;0
"3797730152601";15.2601;37.9773;NA
"3797740152602";15.2602;37.9774;0
"3797970131903";13.1903;37.9797;0
"3798000149672";14.9672;37.98;0
"3798060138503";13.8503;37.9806;0
"3798450149660";14.966;37.9845;NA
"3798690149058";14.9058;37.9869;0.1
"3798750157286";15.7286;37.9875;0
"3798940132925";13.2925;37.9894;NA
"3799670159300";15.93;37.9967;0
"3799850139194";13.9194;37.9985;NA
"3800020139202";13.9202;38.0002;0
"3800170160342";16.0342;38.0017;0
"3800270130835";13.0835;38.0027;NA
"3800690125350";12.535;38.0069;0
"3801290128888";12.8888;38.0129;0
"3801330145962";14.5962;38.0133;0
"3801810128869";12.8869;38.0181;0
"3802390132022";13.2022;38.0239;NA
"3802460151411";15.1411;38.0246;NA
"3802480132591";13.2591;38.0248;0
"3802640157486";15.7486;38.0264;NA
"3802680134389";13.4389;38.0268;0
"3802730144888";14.4888;38.0273;NA
"3802950144797";14.4797;38.0295;0
"3803020134425";13.4425;38.0302;NA
"3803110134544";13.4544;38.0311;0
"3803120125847";12.5847;38.0312;NA
"3803300125856";12.5856;38.033;0
"3803330153744";15.3744;38.0333;NA
"3803350153743";15.3743;38.0335;0
"3803470140236";14.0236;38.0347;0
"3803750126645";12.6645;38.0375;0
"3803820146664";14.6664;38.0382;NA
"3804220157242";15.7242;38.0422;0
"3804440159028";15.9028;38.0444;0
"3804750148073";14.8073;38.0475;0.1
"3804920154625";15.4625;38.0492;NA
"3804970154372";15.4372;38.0497;NA
"3805370132553";13.2553;38.0537;0
"3806550130939";13.0939;38.0655;NA
"3806550130940";13.094;38.0655;0
"3806580133033";13.3033;38.0658;NA
"3806780131131";13.1131;38.0678;0
"3807080154747";15.4747;38.0708;NA
"3807330154464";15.4464;38.0733;NA
"3807720149708";14.9708;38.0772;0
"3807920154869";15.4869;38.0792;NA
"3808110151044";15.1044;38.0811;0
"3808500154719";15.4719;38.085;NA
"3809170132547";13.2547;38.0917;0
"3809170160819";16.0819;38.0917;0
"3809690152078";15.2078;38.0969;0
"3809920154808";15.4808;38.0992;0
"3810280156389";15.6389;38.1028;0
"3810550147857";14.7857;38.1055;0
"3810560147856";14.7856;38.1056;NA
"3811110158144";15.8144;38.1111;0
"3811360150650";15.065;38.1136;0
"3811640133006";13.3006;38.1164;NA
"3811670133350";13.335;38.1167;0
"3811970156897";15.6897;38.1197;NA
"3812060157367";15.7367;38.1206;0
"3812360153595";15.3595;38.1236;0
"3812810153593";15.3593;38.1281;NA
"3812930133271";13.3271;38.1293;NA
"3812980133276";13.3276;38.1298;0
"3813940150187";15.0187;38.1394;0
"3814810147778";14.7778;38.1481;0
"3815030161815";16.1815;38.1503;0
"3815110160728";16.0728;38.1511;0
"3815500131144";13.1144;38.155;0
"3817500157561";15.7561;38.175;0
"3817720154711";15.4711;38.1772;0
"3818500156381";15.6381;38.185;0
"3818900153523";15.3523;38.189;0
"3818960153555";15.3555;38.1896;NA
"3819280158442";15.8442;38.1928;0
"3820250155533";15.5533;38.2025;0
"3820440161536";16.1536;38.2044;0
"3821170155036";15.5036;38.2117;0
"3822080152433";15.2433;38.2208;NA
"3822220160444";16.0444;38.2222;0
"3823500157158";15.7158;38.235;NA
"3824190157381";15.7381;38.2419;0
"3824220162578";16.2578;38.2422;0
"3824690157514";15.7514;38.2469;0
"3824920157647";15.7647;38.2492;0
"3825000157808";15.7808;38.25;0
"3825080157139";15.7139;38.2508;0
"3825280159736";15.9736;38.2528;0
"3825700155604";15.5604;38.257;NA
"3825850155613";15.5613;38.2585;0
"3825860158714";15.8714;38.2586;0
"3826080155992";15.5992;38.2608;0
"3827500161472";16.1472;38.275;0
"3829060158119";15.8119;38.2906;0
"3830140163256";16.3256;38.3014;0
"3830810160308";16.0308;38.3081;0
"3832720163953";16.3953;38.3272;0
"3833220161533";16.1533;38.3322;0
"3835360160786";16.0786;38.3536;0
"3835390160106";16.0106;38.3539;NA
"3835750158506";15.8506;38.3575;0
"3837140161892";16.1892;38.3714;0
"3837750159128";15.9128;38.3775;0
"3840780159717";15.9717;38.4078;0
"3840830160775";16.0775;38.4083;0
"3841890164683";16.4683;38.4189;0
"3843080159072";15.9072;38.4308;0
"3843560165700";16.57;38.4356;0
"3843780161431";16.1431;38.4378;0
"3844440162917";16.2917;38.4444;0
"3846580160603";16.0603;38.4658;0
"3848560149317";14.9317;38.4856;0
"3849170163028";16.3028;38.4917;0
"3849970159836";15.9836;38.4997;0
"3851670163194";16.3194;38.5167;0
"3853610165194";16.5194;38.5361;0
"3854940161244";16.1244;38.5494;0
"3855810162128";16.2128;38.5581;0
"3856130148334";14.8334;38.5613;0
"3856130148335";14.8335;38.5613;NA
"3856610163125";16.3125;38.5661;0
"3858280158925";15.8925;38.5828;0
"3860560160606";16.0606;38.6056;0
"3861920158325";15.8325;38.6192;0
"3862470162444";16.2444;38.6247;0
"3865060159822";15.9822;38.6506;0
"3865920162992";16.2992;38.6592;NA
"3867220164017";16.4017;38.6722;0
"3867360161028";16.1028;38.6736;0
"3869000165444";16.5444;38.69;0
"3870280161197";16.1197;38.7028;0
"3870830161919";16.1919;38.7083;0
"3871830161219";16.1219;38.7183;0
"3871940162833";16.2833;38.7194;0
"3873360163439";16.3439;38.7336;0
"3875330164478";16.4478;38.7533;0
"3878420162861";16.2861;38.7842;0
"3881440165597";16.5597;38.8144;0
"3883360164022";16.4022;38.8336;0
"3886530162442";16.2442;38.8653;0
"3889830163322";16.3322;38.8983;0
"3891250165819";16.5819;38.9125;0
"3893720170233";17.0233;38.9372;0
"3893780168564";16.8564;38.9378;0
"3894640165197";16.5197;38.9464;0
"3895140165650";16.565;38.9514;NA
"3895170166775";16.6775;38.9517;0
"3895220165828";16.5828;38.9522;0
"3896890167797";16.7797;38.9689;0
"3897440086203";8.6203;38.9744;0
"3897440165403";16.5403;38.9744;0
"3897750163036";16.3036;38.9775;0
"3898530166208";16.6208;38.9853;NA
"3901390171278";17.1278;39.0139;0
"3901690089986";8.9986;39.0169;0
"3903030165964";16.5964;39.0303;0
"3903310088489";8.8489;39.0331;NA
"3903670170153";17.0153;39.0367;0
"3904330167589";16.7589;39.0433;0
"3904750088317";8.8317;39.0475;0
"3904920163350";16.335;39.0492;NA
"3906190084497";8.4497;39.0619;0
"3906890168906";16.8906;39.0689;0
"3907220170278";17.0278;39.0722;0
"3908220171356";17.1356;39.0822;NA
"3908310162367";16.2367;39.0831;0
"3909170087197";8.7197;39.0917;0
"3910280169278";16.9278;39.1028;0
"3911440167664";16.7664;39.1144;NA
"3912940162553";16.2553;39.1294;NA
"3914190167489";16.7489;39.1419;0
"3915000160781";16.0781;39.15;0
"3915720089653";8.9653;39.1572;0
"3915970167831";16.7831;39.1597;0
"3916330165400";16.54;39.1633;0
"3916360164056";16.4056;39.1636;0
"3917530162808";16.2808;39.1753;NA
"3918360163258";16.3258;39.1836;0
"3918860084817";8.4817;39.1886;0.79980457
"3920030089375";8.9375;39.2003;0
"3920610087769";8.7769;39.2061;0
"3920690094867";9.4867;39.2069;0.2001953
"3921670162028";16.2028;39.2167;0
"3922390091164";9.1164;39.2239;0
"3924420167889";16.7889;39.2442;0
"3924720165444";16.5444;39.2472;0
"3928730162648";16.2648;39.2873;0
"3929060169781";16.9781;39.2906;0
"3930080085631";8.5631;39.3008;0
"3930500093958";9.3958;39.305;0.8007812
"3930580162356";16.2356;39.3058;NA
"3930750089531";8.9531;39.3075;0
"3931470167822";16.7822;39.3147;0
"3932140164289";16.4289;39.3214;0
"3933920086042";8.6042;39.3392;0
"3934060163042";16.3042;39.3406;0
"3935720095597";9.5597;39.3572;1.6000975
"3935810093006";9.3006;39.3581;2.4003904
"3936110160417";16.0417;39.3611;0
"3937170089389";8.9389;39.3717;0
"3937470088019";8.8019;39.3747;0
"3938170170589";17.0589;39.3817;0
"3939810161208";16.1208;39.3981;0
"3940000165375";16.5375;39.4;0
"3940720171108";17.1108;39.4072;0
"3942440170036";17.0036;39.4244;0
"3943720095430";9.543;39.4372;0.199707
"3944970166142";16.6142;39.4497;0
"3945220090181";9.0181;39.4522;0
"3947440162008";16.2008;39.4744;0
"3950000164028";16.4028;39.5;0
"3950440169403";16.9403;39.5044;0
"3950500086239";8.6239;39.505;0
"3951390094231";9.4231;39.5139;0
"3951390167306";16.7306;39.5139;0
"3951750159406";15.9406;39.5175;0
"3952400161622";16.1622;39.524;0
"3952610088461";8.8461;39.5261;0
"3954500091383";9.1383;39.545;0
"3955390093533";9.3533;39.5539;0
"3956190089419";8.9419;39.5619;NA
"3958690165211";16.5211;39.5869;0
"3962000088142";8.8142;39.62;0
"3962030093450";9.345;39.6203;0.2001953
"3962250162781";16.2781;39.6225;0
"3962970158517";15.8517;39.6297;0
"3965920091319";9.1319;39.6592;1.1997069
"3966110160278";16.0278;39.6611;0
"3968830095814";9.5814;39.6883;0.39990228
"3968970085525";8.5525;39.6897;0
"3971060164966";16.4966;39.7106;0
"3973320162710";16.271;39.7332;0
"3974500161175";16.1175;39.745;0
"3975720093053";9.3053;39.7572;0.6000976
"3978430183501";18.3501;39.7843;NA
"3978610162556";16.2556;39.7861;0
"3978690088206";8.8206;39.7869;1.3999022
"3978970163139";16.3139;39.7897;0
"3979560095131";9.5131;39.7956;0.2001953
"3979690164814";16.4814;39.7969;0
"3980800183475";18.3475;39.808;0
"3981280092592";9.2592;39.8128;0
"3985080090475";9.0475;39.8508;0
"3985500160878";16.0878;39.855;0
"3985780095181";9.5181;39.8578;2.200195
"3986560163814";16.3814;39.8656;0
"3987110159058";15.9058;39.8711;0
"3988500159922";15.9922;39.885;NA
"3988860095500";9.55;39.8886;0.199707
"3988980183153";18.3153;39.8898;0
"3992030085661";8.5661;39.9203;NA
"3992560091561";9.1561;39.9256;0.6000976
"3992610164664";16.4664;39.9261;0
"3993750157686";15.7686;39.9375;0
"3994000160506";16.0506;39.94;0
"3995060089322";8.9322;39.9506;0
"3995360159731";15.9731;39.9536;0
"3995770088574";8.8574;39.9577;0
"3996070181020";18.102;39.9607;0
"3996760182669";18.2669;39.9676;NA
"3997620182687";18.2687;39.9762;0
"3997630180865";18.0865;39.9763;NA
"3997980157170";15.717;39.9798;0
"3998390162983";16.2983;39.9839;0
"3998440094258";9.4258;39.9844;0.2001953
"3999110166067";16.6067;39.9911;0
"4000070184000";18.4;40.0007;NA
"4000110157967";15.7967;40.0011;0
"4000720184002";18.4002;40.0072;0
"4002390086708";8.6708;40.0239;0
"4003690083944";8.3944;40.0369;0
"4004420096500";9.65;40.0442;0
"4005000164469";16.4469;40.05;0
"4005450179945";17.9945;40.0545;NA
"4006690181678";18.1678;40.0669;NA
"4006900179763";17.9763;40.069;0
"4006900181780";18.178;40.069;0
"4007000161036";16.1036;40.07;0
"4008390184169";18.4169;40.0839;NA
"4008430183835";18.3835;40.0843;0
"4008870184188";18.4188;40.0887;0
"4008940163306";16.3306;40.0894;0
"4010110182839";18.2839;40.1011;NA
"4010920094117";9.4117;40.1092;0.6005859
"4011100182890";18.289;40.111;0
"4011330092533";9.2533;40.1133;0.1992188
"4011580156278";15.6278;40.1158;0
"4011980184762";18.4762;40.1198;0
"4012810152886";15.2886;40.1281;0
"4013030088139";8.8139;40.1303;0
"4013190154586";15.4586;40.1319;0
"4013390155439";15.5439;40.1339;0
"4013420181678";18.1678;40.1342;NA
"4013440157622";15.7622;40.1344;0
"4014200181780";18.178;40.142;0
"4014280086089";8.6089;40.1428;0.4003906
"4014390155619";15.5619;40.1439;0
"4015030184843";18.4843;40.1503;NA
"4015080183004";18.3004;40.1508;NA
"4015300180728";18.0728;40.153;0
"4015750183037";18.3037;40.1575;0
"4015920095092";9.5092;40.1592;0.3994141
"4016110159861";15.9861;40.1611;0
"4016710180335";18.0335;40.1671;NA
"4016780166514";16.6514;40.1678;0
"4017110089136";8.9136;40.1711;0
"4017280164386";16.4386;40.1728;0
"4017530154311";15.4311;40.1753;0
"4018180180230";18.023;40.1818;0
"4018420180375";18.0375;40.1842;NA
"4021030092853";9.2853;40.2103;0.2000122
"4021280162067";16.2067;40.2128;0
"4021640154344";15.4344;40.2164;0
"4023000152625";15.2625;40.23;0
"4024420155533";15.5533;40.2442;0
"4025190164717";16.4717;40.2519;0
"4025470091897";9.1897;40.2547;1.1997069
"4025560156603";15.6603;40.2556;0
"4025780151300";15.13;40.2578;0
"4026080087653";8.7653;40.2608;0.2001953
"4026530095897";9.5897;40.2653;0.2001953
"4026720182675";18.2675;40.2672;NA
"4026830180513";18.0513;40.2683;0
"4027250182745";18.2745;40.2725;0
"4027940157042";15.7042;40.2794;0
"4029060084775";8.4775;40.2906;0
"4029140152261";15.2261;40.2914;0
"4029830167267";16.7267;40.2983;0
"4029860157867";15.7867;40.2986;0
"4030830158433";15.8433;40.3083;0
"4031000167519";16.7519;40.31;0
"4032080150578";15.0578;40.3208;0.4000244
"4032120177220";17.722;40.3212;0
"4032610090350";9.035;40.3261;0.79980457
"4033170085967";8.5967;40.3317;1.3999022
"4033310093692";9.3692;40.3331;0.2001953
"4033390177173";17.7173;40.3339;NA
"4033410178174";17.8174;40.3341;NA
"4035170178863";17.8863;40.3517;0
"4035430181780";18.178;40.3543;0
"4036670165153";16.5153;40.3667;0
"4036720180508";18.0508;40.3672;NA
"4036830176346";17.6346;40.3683;NA
"4037200180582";18.0582;40.372;0
"4037400167746";16.7746;40.374;0
"4037610160994";16.0994;40.3761;0
"4037650174357";17.4357;40.3765;0
"4037670085039";8.5039;40.3767;2.2001953
"4037670096758";9.6758;40.3767;0.199707
"4038320176460";17.646;40.3832;0
"4039050166568";16.6568;40.3905;0
"4039110155717";15.5717;40.3911;0
"4039280162236";16.2236;40.3928;NA
"4039440156031";15.6031;40.3944;0
"4039560086639";8.6639;40.3956;1.3999022
"4040070172670";17.267;40.4007;NA
"4040500157250";15.725;40.405;0
"4040520178418";17.8418;40.4052;0
"4040650173192";17.3192;40.4065;0
"4041080160872";16.0872;40.4108;0
"4041190093539";9.3539;40.4119;0.39990228
"4042170090044";9.0044;40.4217;0.39990228
"4042310153133";15.3133;40.4231;0
"4043830168657";16.8657;40.4383;0
"4044280172632";17.2632;40.4428;0
"4045050173676";17.3676;40.4505;NA
"4045060159667";15.9667;40.4506;0
"4045380174230";17.423;40.4538;0
"4046330094844";9.4844;40.4633;0.79980457
"4046430172504";17.2504;40.4643;NA
"4046860149658";14.9658;40.4686;0
"4047610151703";15.1703;40.4761;0.8000488
"4047970156414";15.6414;40.4797;0
"4048060162483";16.2483;40.4806;0
"4048680179935";17.9935;40.4868;0
"4049030164481";16.4481;40.4903;0
"4049700150142";15.0142;40.497;0
"4050060157611";15.7611;40.5006;0
"4050170084706";8.4706;40.5017;3.4003906
"4051220150428";15.0428;40.5122;0
"4051390087639";8.7639;40.5139;0.6000976
"4052020174532";17.4532;40.5202;0
"4052170159122";15.9122;40.5217;0
"4052420092192";9.2192;40.5242;0.199707
"4052600172822";17.2822;40.526;0
"4052900177103";17.7103;40.529;0
"4053370174338";17.4338;40.5337;NA
"4053780178155";17.8155;40.5378;0
"4053830150309";15.0309;40.5383;0
"4054250155697";15.5697;40.5425;0
"4054450168627";16.8627;40.5445;0
"4054920154359";15.4359;40.5492;0
"4054970142281";14.2281;40.5497;0
"4055000177006";17.7006;40.55;NA
"4055080170171";17.0171;40.5508;NA
"4055530177907";17.7907;40.5553;0
"4055610163306";16.3306;40.5561;0
"4055780170205";17.0205;40.5578;0
"4055870167012";16.7012;40.5587;0
"4056190152369";15.2369;40.5619;0.2000732
"4056280086433";8.6433;40.5628;5.200195
"4056280173384";17.3384;40.5628;0
"4056490172040";17.204;40.5649;0
"4056940096975";9.6975;40.5694;0.8002929
"4057080094258";9.4258;40.5708;0.2001953
"4057420156569";15.6569;40.5742;0
"4057550171083";17.1083;40.5755;0
"4057800167575";16.7575;40.578;NA
"4057970153361";15.3361;40.5797;0
"4058360083131";8.3131;40.5836;0.6000976
"4058370171007";17.1007;40.5837;NA
"4058940160378";16.0378;40.5894;0
"4059500155175";15.5175;40.595;0
"4059530172485";17.2485;40.5953;0
"4060150175170";17.517;40.6015;NA
"4060360149747";14.9747;40.6036;0
"4060470152925";15.2925;40.6047;0.1999512
"4060640143628";14.3628;40.6064;0
"4061530175203";17.5203;40.6153;0
"4061740169176";16.9176;40.6174;NA
"4061890161383";16.1383;40.6189;0
"4062140145794";14.5794;40.6214;0
"4062180168020";16.802;40.6218;0
"4062610157968";15.7968;40.6261;0
"4062780089886";8.9886;40.6278;0.79980457
"4062870179267";17.9267;40.6287;0
"4063020143870";14.387;40.6302;0
"4063060145033";14.5033;40.6306;0
"4063080170410";17.041;40.6308;0
"4063190088192";8.8192;40.6319;3.8007812
"4063280158108";15.8108;40.6328;0
"4063470162750";16.275;40.6347;0
"4063750153517";15.3517;40.6375;0.2000732
"4063750156372";15.6372;40.6375;0
"4063920145336";14.5336;40.6392;0
"4063940164329";16.4329;40.6394;0
"4064140146039";14.6039;40.6414;0
"4064330085406";8.5406;40.6433;1.7998046
"4064390148367";14.8367;40.6439;0
"4064640148656";14.8656;40.6464;0
"4064670093242";9.3242;40.6467;2.7998044
"4064690145406";14.5406;40.6469;0
"4064940155014";15.5014;40.6494;0
"4065030147022";14.7022;40.6503;0
"4065040177003";17.7003;40.6504;NA
"4065170146067";14.6067;40.6517;0
"4065250146389";14.6389;40.6525;0
"4065360144639";14.4639;40.6536;0
"4065380177518";17.7518;40.6538;0
"4066250149839";14.9839;40.6625;0
"4066620167137";16.7137;40.6662;0
"4066920170325";17.0325;40.6692;0
"4066940159153";15.9153;40.6694;0
"4066940166017";16.6017;40.6694;0
"4067360145017";14.5017;40.6736;0
"4067500148325";14.8325;40.675;NA
"4067640147358";14.7358;40.6764;NA
"4067750147400";14.74;40.6775;0
"4067810152485";15.2485;40.6781;0.4000092
"4068400173341";17.3341;40.684;NA
"4068890145144";14.5144;40.6889;0
"4069220173888";17.3888;40.6922;0
"4069640146456";14.6456;40.6964;0
"4069720147017";14.7017;40.6972;0
"4070780145339";14.5339;40.7078;0
"4071080139500";13.95;40.7108;0
"4071480175847";17.5847;40.7148;0
"4071530085944";8.5944;40.7153;2.7998047
"4071940147706";14.7706;40.7194;0
"4072170138989";13.8989;40.7217;0
"4072560147511";14.7511;40.7256;0
"4072580169037";16.9037;40.7258;0
"4072610091025";9.1025;40.7261;0
"4072640148442";14.8442;40.7264;0
"4072860157144";15.7144;40.7286;0
"4072890145939";14.5939;40.7289;0
"4072970158022";15.8022;40.7297;0
"4073190138792";13.8792;40.7319;0
"4073330152000";15.2;40.7333;0.199997
"4073360155931";15.5931;40.7336;0
"4073400175671";17.5671;40.734;NA
"4073440146808";14.6808;40.7344;0
"4073720086781";8.6781;40.7372;0
"4073890161625";16.1625;40.7389;0
"4074030139472";13.9472;40.7403;0
"4074170162461";16.2461;40.7417;0
"4074190147589";14.7589;40.7419;0
"4075020173336";17.3336;40.7502;NA
"4075140165850";16.585;40.7514;NA
"4075470173362";17.3362;40.7547;0
"4075530094853";9.4853;40.7553;3.9999998
"4075970154789";15.4789;40.7597;0
"4075980168830";16.883;40.7598;NA
"4076110145069";14.5069;40.7611;0
"4076330146272";14.6272;40.7633;0
"4076350165997";16.5997;40.7635;0
"4076390159983";15.9983;40.7639;0
"4077420088019";8.8019;40.7742;2.2001953
"4078000145733";14.5733;40.78;0
"4078500147867";14.7867;40.785;0
"4078580147656";14.7656;40.7858;0
"4078690149122";14.9122;40.7869;0
"4078920167570";16.757;40.7892;0
"4079120171177";17.1177;40.7912;0
"4079360141639";14.1639;40.7936;0
"4079420143806";14.3806;40.7942;0
"4079440149089";14.9089;40.7944;0
"4079670169183";16.9183;40.7967;0
"4080010169170";16.917;40.8001;NA
"4080060155177";15.5177;40.8006;NA
"4080550155270";15.527;40.8055;0
"4081360152264";15.2264;40.8136;0
"4081420143633";14.3633;40.8142;0
"4081690146164";14.6164;40.8169;0
"4081690147017";14.7017;40.8169;0
"4081800153681";15.3681;40.818;NA
"4081830147814";14.7814;40.8183;0
"4082170164082";16.4082;40.8217;0
"4082250084081";8.4081;40.8225;0.6000976
"4082470147111";14.7111;40.8247;0
"4082550173655";17.3655;40.8255;0
"4082640148422";14.8422;40.8264;0
"4082940093236";9.3236;40.8294;0
"4082940146142";14.6142;40.8294;0
"4082970153807";15.3807;40.8297;0.2
"4083060150722";15.0722;40.8306;0
"4083080141278";14.1278;40.8308;0
"4083250152442";15.2442;40.8325;0
"4083370173505";17.3505;40.8337;NA
"4083410152339";15.2339;40.8341;NA
"4083530145953";14.5953;40.8353;0
"4083860150394";15.0394;40.8386;0
"4083920156437";15.6437;40.8392;0
"4084000146564";14.6564;40.84;0
"4084170096528";9.6528;40.8417;0
"4084250144658";14.4658;40.8425;0
"4084700152433";15.2433;40.847;0
"4084790150505";15.0505;40.8479;0
"4084980158543";15.8543;40.8498;NA
"4085500146572";14.6572;40.855;0
"4085530141975";14.1975;40.8553;0
"4085810089597";8.9597;40.8581;3.399414
"4085830147389";14.7389;40.8583;0
"4085860146156";14.6156;40.8586;0
"4086080166348";16.6348;40.8608;0
"4086190152819";15.2819;40.8619;0.3999024
"4086390146494";14.6494;40.8639;0
"4086560142342";14.2342;40.8656;0
"4086760172008";17.2008;40.8676;NA
"4086810156182";15.6182;40.8681;NA
"4087500145608";14.5608;40.875;0
"4087580172080";17.208;40.8758;0
"4088000150294";15.0294;40.88;0
"4088070156323";15.6323;40.8807;0
"4088070167927";16.7927;40.8807;0
"4088250147217";14.7217;40.8825;0
"4088340150835";15.0835;40.8834;NA
"4088370167669";16.7669;40.8837;NA
"4088470150858";15.0858;40.8847;0
"4088810091122";9.1122;40.8881;0.7998047
"4089250148444";14.8444;40.8925;0
"4089280154197";15.4197;40.8928;0
"4089700168425";16.8425;40.897;0
"4090070170527";17.0527;40.9007;0
"4090280155036";15.5036;40.9028;0
"4090830087675";8.7675;40.9083;0.39990228
"4091170147808";14.7808;40.9117;0
"4091220150053";15.0053;40.9122;0
"4091320157138";15.7138;40.9132;0
"4091760151836";15.1836;40.9176;NA
"4091770151750";15.175;40.9177;0
"4091780147292";14.7292;40.9178;0
"4092050171258";17.1258;40.9205;0
"4092720145767";14.5767;40.9272;0
"4092930153195";15.3195;40.9293;0.2
"4092940129697";12.9697;40.9294;0
"4093360156000";15.6;40.9336;NA
"4093390159800";15.98;40.9339;0
"4093600155505";15.5505;40.936;0
"4093820173012";17.3012;40.9382;0
"4093970082131";8.2131;40.9397;0
"4094110140214";14.0214;40.9411;0
"4094140146253";14.6253;40.9414;0
"4094400156147";15.6147;40.944;0
"4095040169168";16.9168;40.9504;NA
"4095070160842";16.0842;40.9507;NA
"4095080171008";17.1008;40.9508;NA
"4095350169175";16.9175;40.9535;0
"4095600157988";15.7988;40.956;0
"4095700161405";16.1405;40.957;0
"4095900165722";16.5722;40.959;0
"4095920145408";14.5408;40.9592;0
"4095940145978";14.5978;40.9594;0
"4095970158036";15.8036;40.9597;0
"4096760164016";16.4016;40.9676;NA
"4097470150036";15.0036;40.9747;0
"4097580164155";16.4155;40.9758;0
"4098250172252";17.2252;40.9825;0
"4098480167181";16.7181;40.9848;NA
"4098800172180";17.218;40.988;NA
"4099080156207";15.6207;40.9908;0
"4099110147278";14.7278;40.9911;0
"4099360096319";9.6319;40.9936;0
"4099800167312";16.7312;40.998;0
"4099940088975";8.8975;40.9994;1
"4100000168510";16.851;41;NA
"4100040153674";15.3674;41.0004;NA
"4100080168672";16.8672;41.0008;0
"4100280147808";14.7808;41.0028;0
"4100340155005";15.5005;41.0034;NA
"4100580144847";14.4847;41.0058;0
"4100830146242";14.6242;41.0083;0
"4100880153618";15.3618;41.0088;0
"4101030146686";14.6686;41.0103;0
"4101730159509";15.9509;41.0173;NA
"4101780157317";15.7317;41.0178;NA
"4101780157667";15.7667;41.0178;0
"4102080145983";14.5983;41.0208;0
"4102200160078";16.0078;41.022;0
"4102250143358";14.3358;41.0225;0
"4102750144861";14.4861;41.0275;0
"4103500139389";13.9389;41.035;0
"4103530144914";14.4914;41.0353;0
"4103690157914";15.7914;41.0369;0
"4105080157952";15.7952;41.0508;NA
"4105770153750";15.375;41.0577;0
"4106650155328";15.5328;41.0665;0
"4106720160834";16.0834;41.0672;NA
"4107230160842";16.0842;41.0723;0
"4107330163195";16.3195;41.0733;0
"4108330091122";9.1122;41.0833;1.1997069
"4108780144967";14.4967;41.0878;0
"4109110150536";15.0536;41.0911;0
"4109260141056";14.1056;41.0926;0
"4109300164887";16.4887;41.093;0
"4109300167050";16.705;41.093;0
"4109530168715";16.8715;41.0953;0
"4109600154413";15.4413;41.096;NA
"4109750143625";14.3625;41.0975;0
"4109750166172";16.6172;41.0975;0
"4109840159915";15.9915;41.0984;0
"4110030154509";15.4509;41.1003;NA
"4110250144639";14.4639;41.1025;0
"4110630161408";16.1408;41.1063;0
"4110890142083";14.2083;41.1089;0
"4111070153312";15.3312;41.1107;0
"4111500148250";14.825;41.115;0
"4111520168773";16.8773;41.1152;0
"4111980168820";16.882;41.1198;NA
"4112080152753";15.2753;41.1208;0
"4112470149708";14.9708;41.1247;0
"4112850159538";15.9538;41.1285;0
"4113400147734";14.7734;41.134;0
"4113440153843";15.3843;41.1344;NA
"4114060150861";15.0861;41.1406;0
"4114220148360";14.836;41.1422;0
"4114400153927";15.3927;41.144;0
"4114400168335";16.8335;41.144;0
"4114620164068";16.4068;41.1462;0
"4114830155212";15.5212;41.1483;0
"4114940148353";14.8353;41.1494;0
"4115070152506";15.2506;41.1507;NA
"4115720152757";15.2757;41.1572;NA
"4116110145042";14.5042;41.1611;0
"4117810143572";14.3572;41.1781;0
"4118350166670";16.667;41.1835;NA
"4118370157508";15.7508;41.1837;NA
"4118650157580";15.758;41.1865;0
"4118750151392";15.1392;41.1875;NA
"4119640138383";13.8383;41.1964;0
"4119670151361";15.1361;41.1967;0
"4120090152675";15.2675;41.2009;NA
"4120360142422";14.2422;41.2036;0
"4120560135747";13.5747;41.2056;0
"4120950152750";15.275;41.2095;0
"4121030155242";15.5242;41.2103;0
"4121280143958";14.3958;41.2128;0
"4121700153837";15.3837;41.217;NA
"4121970153868";15.3868;41.2197;0
"4122120152255";15.2255;41.2212;0
"4122120161058";16.1058;41.2212;0
"4122280093992";9.3992;41.2228;0
"4122360142875";14.2875;41.2236;0
"4123230161935";16.1935;41.2323;0
"4123500144984";14.4984;41.235;0
"4123680159042";15.9042;41.2368;0
"4123680164915";16.4915;41.2368;0
"4124690144728";14.4728;41.2469;0
"4125130152849";15.2849;41.2513;NA
"4125970148975";14.8975;41.2597;0
"4126330152992";15.2992;41.2633;0
"4126810135250";13.525;41.2681;0
"4127170142106";14.2106;41.2717;0
"4127420137897";13.7897;41.2742;0
"4128050138362";13.8362;41.2805;0
"4128080139786";13.9786;41.2808;0
"4129060132567";13.2567;41.2906;0
"4129860130253";13.0253;41.2986;0
"4129890150867";15.0867;41.2989;0
"4130040155168";15.5168;41.3004;NA
"4130100151841";15.1841;41.301;NA
"4130400155183";15.5183;41.304;0
"4130420137328";13.7328;41.3042;0
"4130980151910";15.191;41.3098;0
"4130980156995";15.6995;41.3098;0
"4132950143361";14.3361;41.3295;0
"4133420162080";16.208;41.3342;0
"4133530146661";14.6661;41.3353;0
"4133720145133";14.5133;41.3372;0
"4134170134183";13.4183;41.3417;0
"4134940142741";14.2741;41.3494;0
"4134970153050";15.305;41.3497;0
"4135090151670";15.167;41.3509;NA
"4135290142128";14.2128;41.3529;0
"4135620160620";16.062;41.3562;0
"4135850151705";15.1705;41.3585;0
"4136420148372";14.8372;41.3642;0
"4137280130264";13.0264;41.3728;0
"4138250141728";14.1728;41.3825;0
"4138670136575";13.6575;41.3867;0
"4139110150217";15.0217;41.3911;NA
"4140280138306";13.8306;41.4028;0
"4140520138690";13.869;41.4052;0
"4140580138900";13.89;41.4058;0
"4140600151905";15.1905;41.406;0
"4140890134633";13.4633;41.4089;0
"4140930154365";15.4365;41.4093;0
"4141750145344";14.5344;41.4175;NA
"4141760151171";15.1171;41.4176;NA
"4142220150408";15.0408;41.4222;0
"4142270157783";15.7783;41.4227;0
"4142440154360";15.436;41.4244;NA
"4142470138803";13.8803;41.4247;0
"4142580151212";15.1212;41.4258;0
"4143080131933";13.1933;41.4308;0
"4143350152040";15.204;41.4335;0
"4143580155650";15.565;41.4358;0
"4144350138344";13.8344;41.4435;0
"4145000126303";12.6303;41.45;0
"4145270136661";13.6661;41.4527;0
"4145350151062";15.1062;41.4535;0
"4145390142531";14.2531;41.4539;0
"4145470143978";14.3978;41.4547;0
"4146000128119";12.8119;41.46;0
"4146220130989";13.0989;41.4622;NA
"4146890129078";12.9078;41.4689;0
"4146900154832";15.4832;41.469;0
"4146940150639";15.0639;41.4694;NA
"4147080131858";13.1858;41.4708;0
"4147470145403";14.5403;41.4747;0
"4147700145456";14.5456;41.477;0
"4148330145856";14.5856;41.4833;NA
"4148340138390";13.839;41.4834;0
"4148390149828";14.9828;41.4839;0
"4148670150565";15.0565;41.4867;0
"4148720144669";14.4669;41.4872;NA
"4149000139056";13.9056;41.49;0
"4149360148383";14.8383;41.4936;NA
"4149560130586";13.0586;41.4956;0
"4149750143564";14.3564;41.4975;0
"4150220153312";15.3312;41.5022;0
"4150750149139";14.9139;41.5075;0
"4151100152493";15.2493;41.511;NA
"4151250127697";12.7697;41.5125;0
"4151280134069";13.4069;41.5128;0
"4151870141378";14.1378;41.5187;0
"4153000145547";14.5547;41.53;NA
"4153390151174";15.1174;41.5339;NA
"4153640136478";13.6478;41.5364;0
"4153920146611";14.6611;41.5392;0
"4153980151413";15.1413;41.5398;0
"4154110132794";13.2794;41.5411;0
"4154320135185";13.5185;41.5432;0
"4154640144856";14.4856;41.5464;NA
"4154780156198";15.6198;41.5478;0
"4155020149679";14.9679;41.5502;NA
"4155220149793";14.9793;41.5522;0
"4155970126406";12.6406;41.5597;0
"4156370154996";15.4996;41.5637;0
"4157520158728";15.8728;41.5752;0
"4157890133264";13.3264;41.5789;0
"4158400149572";14.9572;41.584;0
"4158690129708";12.9708;41.5869;0
"4158940128233";12.8233;41.5894;0
"4159390126483";12.6483;41.5939;0
"4160060144433";14.4433;41.6006;0
"4160360134075";13.4075;41.6036;0
"4160670150670";15.067;41.6067;0
"4160940142506";14.2506;41.6094;0
"4161030135622";13.5622;41.6103;0
"4161140125367";12.5367;41.6114;0
"4161360139489";13.9489;41.6136;0
"4161670148689";14.8689;41.6167;NA
"4162530141411";14.1411;41.6253;0
"4162950137697";13.7697;41.6295;0
"4163500147675";14.7675;41.635;NA
"4163920133153";13.3153;41.6392;0
"4164140129153";12.9153;41.6414;0
"4164610126619";12.6619;41.6461;0
"4165220149806";14.9806;41.6522;NA
"4165390134831";13.4831;41.6539;NA
"4166390125008";12.5008;41.6639;0
"4167030138522";13.8522;41.6703;0
"4167220134083";13.4083;41.6722;0
"4167610143928";14.3928;41.6761;NA
"4168580131508";13.1508;41.6858;0
"4168580153927";15.3927;41.6858;0
"4168610127789";12.7789;41.6861;0
"4168750152890";15.289;41.6875;0
"4168860148103";14.8103;41.6886;NA
"4170000141850";14.185;41.7;0
"4170000149256";14.9256;41.7;0
"4170030126500";12.65;41.7003;0
"4170040159507";15.9507;41.7004;NA
"4170070156335";15.6335;41.7007;NA
"4170120157505";15.7505;41.7012;NA
"4170310132611";13.2611;41.7031;0
"4170870155015";15.5015;41.7087;0
"4171020159538";15.9538;41.7102;0
"4171230157550";15.755;41.7123;0
"4171670140689";14.0689;41.7167;NA
"4171670142689";14.2689;41.7167;NA
"4171720123608";12.3608;41.7172;0
"4171820153346";15.3346;41.7182;NA
"4171860146943";14.6943;41.7186;0
"4172100136170";13.617;41.721;0
"4172470148561";14.8561;41.7247;NA
"4172830122889";12.2889;41.7283;0
"4173100133598";13.3598;41.731;0
"4173180153460";15.346;41.7318;0
"4173330146856";14.6856;41.7333;NA
"4173470136750";13.675;41.7347;0
"4174220143831";14.3831;41.7422;0
"4174610126539";12.6539;41.7461;0
"4175000139856";13.9856;41.75;NA
"4175170140937";14.0937;41.7517;0
"4175560125611";12.5611;41.7556;0
"4176100129768";12.9768;41.761;0
"4176580122428";12.2428;41.7658;0
"4176670142522";14.2522;41.7667;NA
"4176940123861";12.3861;41.7694;0
"4177470134050";13.405;41.7747;0
"4177560146931";14.6931;41.7756;NA
"4177970145467";14.5467;41.7797;0
"4178030132356";13.2356;41.7803;0
"4178330141025";14.1025;41.7833;NA
"4178720149011";14.9011;41.7872;NA
"4179000130622";13.0622;41.79;0
"4179250154652";15.4652;41.7925;0
"4179870156557";15.6557;41.7987;0
"4180000143689";14.3689;41.8;NA
"4180220151569";15.1569;41.8022;0
"4180690126867";12.6867;41.8069;NA
"4180940137922";13.7922;41.8094;NA
"4180970126714";12.6714;41.8097;0
"4181110124194";12.4194;41.8111;0
"4181670160340";16.034;41.8167;NA
"4181670160397";16.0397;41.8167;0.2
"4181750122194";12.2194;41.8175;0
"4181770159175";15.9175;41.8177;NA
"4181930135312";13.5312;41.8193;0
"4181940123389";12.3389;41.8194;0
"4182100153592";15.3592;41.821;0
"4182300152407";15.2407;41.823;0
"4182500124944";12.4944;41.825;0
"4182730159245";15.9245;41.8273;0
"4182920147103";14.7103;41.8292;0
"4183220128350";12.835;41.8322;0
"4183380155844";15.5844;41.8338;NA
"4183380158005";15.8005;41.8338;NA
"4183500148606";14.8606;41.835;0
"4183530124842";12.4842;41.8353;0
"4183700139295";13.9295;41.837;0
"4183780128814";12.8814;41.8378;0
"4183830155943";15.5943;41.8383;0
"4183830158047";15.8047;41.8383;0
"4184470158553";15.8553;41.8447;0
"4184580142672";14.2672;41.8458;0
"4184860126281";12.6281;41.8486;0
"4185080153502";15.3502;41.8508;NA
"4185190140835";14.0835;41.8519;0
"4185280121944";12.1944;41.8528;0
"4185420124500";12.45;41.8542;0
"4185430142112";14.2112;41.8543;0
"4185580151205";15.1205;41.8558;0
"4186080141953";14.1953;41.8608;NA
"4186390132475";13.2475;41.8639;0
"4186500140564";14.0564;41.865;NA
"4186670145356";14.5356;41.8667;NA
"4186750161672";16.1672;41.8675;NA
"4186960144545";14.4545;41.8696;0
"4187080125528";12.5528;41.8708;0
"4187150153283";15.3283;41.8715;0
"4187440124778";12.4778;41.8744;0
"4187560127111";12.7111;41.8756;0
"4187810124247";12.4247;41.8781;0
"4188050161758";16.1758;41.8805;NA
"4188110161764";16.1764;41.8811;NA
"4188250124631";12.4631;41.8825;0
"4188280129719";12.9719;41.8828;0
"4188330143022";14.3022;41.8833;NA
"4188330146522";14.6522;41.8833;NA
"4188340124750";12.475;41.8834;0
"4188470122378";12.2378;41.8847;0
"4188530123656";12.3656;41.8853;0
"4188820140590";14.059;41.8882;0
"4188920133297";13.3297;41.8892;0
"4189000147858";14.7858;41.89;0
"4189220125031";12.5031;41.8922;0
"4189610146342";14.6342;41.8961;0
"4189740135789";13.5789;41.8974;0
"4189860124803";12.4803;41.8986;0
"4190000138858";13.8858;41.9;NA
"4190000143522";14.3522;41.9;NA
"4190220152757";15.275;41.902;NA
"4190440124669";12.4669;41.9044;0
"4190500151644";15.1644;41.905;NA
"4190560125028";12.5028;41.9056;0
"4190610151553";15.1553;41.9061;NA
"4191170126306";12.6306;41.9117;0
"4191510134260";13.426;41.9151;0
"4191670149189";14.9189;41.9167;NA
"4191670150022";15.0022;41.9167;NA
"4191760138718";13.8718;41.9176;0
"4191940125722";12.5722;41.9194;0
"4192140131067";13.1067;41.9214;0
"4192220124525";12.4525;41.9222;0
"4192220147092";14.7092;41.9222;NA
"4192360130873";13.0873;41.9236;0
"4192620126648";12.6648;41.9262;0
"4192780124689";12.4689;41.9278;0
"4192800158811";15.8811;41.928;0
"4193330138189";13.8189;41.9333;NA
"4193330139856";13.9856;41.9333;NA
"4193610124247";12.4247;41.9361;0
"4193610124917";12.4917;41.9361;0
"4193610145767";14.5767;41.9361;NA
"4193750124375";12.4375;41.9375;0
"4193760126010";12.601;41.9376;0
"4193890126611";12.6611;41.9389;0
"4194170134129";13.4129;41.9417;0
"4194220147031";14.7031;41.9422;0
"4194230144279";14.4279;41.9423;0
"4194250125113";12.5113;41.9425;0
"4194500160168";16.0168;41.945;0
"4195030143522";14.3522;41.9503;NA
"4195490143565";14.3565;41.9549;0
"4195500120700";12.07;41.955;0
"4195690125456";12.5456;41.9569;0
"4195720136486";13.6486;41.9572;0
"4196110125000";12.5;41.9611;0
"4196250124044";12.4044;41.9625;0
"4196280127986";12.7986;41.9628;0
"4196900124946";12.4946;41.969;0
"4198360141375";14.1375;41.9836;NA
"4198440141411";14.1411;41.9844;NA
"4198610146767";14.6767;41.9861;NA
"4198820124970";12.497;41.9882;0
"4198990142487";14.2487;41.9899;0
"4199350134544";13.4544;41.9935;NA
"4199410130214";13.0214;41.9941;0
"4199440138027";13.8027;41.9944;0
"4199680144831";14.4831;41.9968;0
"4199860120989";12.0989;41.9986;0
"4200000127264";12.7264;42;0
"4200310149994";14.9994;42.0031;0
"4200420123861";12.3861;42.0042;0
"4200560131583";13.1583;42.0056;0
"4201140124914";12.4914;42.0114;0
"4201220119783";11.9783;42.0122;0
"4201670138667";13.8667;42.0167;NA
"4201670140522";14.0522;42.0167;NA
"4201860132283";13.2283;42.0186;NA
"4202910136646";13.6646;42.0291;0
"4203280129969";12.9969;42.0328;NA
"4203330141856";14.1856;42.0333;NA
"4203330143689";14.3689;42.0333;NA
"4203450143682";14.3682;42.0345;0
"4203560132497";13.2497;42.0356;NA
"4203610130197";13.0197;42.0361;0
"4203780132022";13.2022;42.0378;NA
"4203920144880";14.488;42.0392;0
"4204110141824";14.1824;42.0411;0
"4204360134333";13.4333;42.0436;NA
"4205000142692";14.2692;42.05;NA
"4205090139999";13.9999;42.0509;0
"4205140126169";12.6169;42.0514;0
"4205470120458";12.0458;42.0547;0
"4205880131086";13.1086;42.0588;0
"4206000136258";13.6258;42.06;0
"4206570146666";14.6666;42.0657;0
"4206670127650";12.765;42.0667;0
"4206790132654";13.2654;42.0679;0
"4206870139144";13.9144;42.0687;0
"4207380135369";13.5369;42.0738;0
"4207500128997";12.8997;42.075;0
"4207970124011";12.4011;42.0797;0
"4208240137988";13.7988;42.0824;0
"4208330139189";13.9189;42.0833;NA
"4208330142025";14.2025;42.0833;NA
"4208620152787";15.2787;42.0862;NA
"4209250122678";12.2678;42.0925;0
"4209310147011";14.7011;42.0931;NA
"4209570142579";14.2579;42.0957;0
"4209630117859";11.7859;42.0963;0
"4209660133728";13.3728;42.0966;0
"4209890138875";13.8875;42.0989;NA
"4209990146984";14.6984;42.0999;0
"4210140121750";12.175;42.1014;0
"4210140125039";12.5039;42.1014;0
"4210220130056";13.0056;42.1022;0
"4210640146350";14.635;42.1064;NA
"4211670138856";13.8856;42.1167;NA
"4211690127736";12.7736;42.1169;0
"4211810123669";12.3669;42.1181;0
"4211830142914";14.2914;42.1183;NA
"4212340143610";14.361;42.1234;0
"4212670126078";12.6078;42.1267;0
"4212720140275";14.0275;42.1272;NA
"4213110144148";14.4148;42.1311;0
"4213170143803";14.3803;42.1317;NA
"4213190142600";14.26;42.1319;NA
"4213360131313";13.1313;42.1336;0
"4213470127389";12.7389;42.1347;0
"4213580121197";12.1197;42.1358;0
"4213720146435";14.6435;42.1372;0
"4213970130481";13.0481;42.1397;0
"4214330125067";12.5067;42.1433;0
"4215080140191";14.0191;42.1508;0
"4215280120086";12.0086;42.1528;0
"4215510135129";13.5129;42.1551;0
"4215630138298";13.8298;42.1563;0
"4215690140097";14.0097;42.1569;NA
"4215720122464";12.2464;42.1572;0
"4215780141906";14.1906;42.1578;NA
"4215810119078";11.9078;42.1581;0
"4216530127861";12.7861;42.1653;0
"4216670139522";13.9522;42.1667;NA
"4216690126586";12.6586;42.1669;0
"4216720144342";14.4342;42.1672;NA
"4216750144958";14.4958;42.1675;NA
"4217170122431";12.2431;42.1717;NA
"4217190138192";13.8192;42.1719;NA
"4217470139547";13.9547;42.1747;0
"4217470145408";14.5408;42.1747;NA
"4218420146333";14.6333;42.1842;NA
"4218830142150";14.215;42.1883;0
"4219000140994";14.0994;42.19;0
"4219190117825";11.7825;42.1919;0
"4219310132317";13.2317;42.1931;0
"4219950145046";14.5046;42.1995;0
"4219970135203";13.5203;42.1997;NA
"4220000136856";13.6856;42.2;NA
"4220000138522";13.8522;42.2;NA
"4220920124753";12.4753;42.2092;0
"4221410138223";13.8223;42.2141;0
"4221670141500";14.15;42.2167;NA
"4221670142856";14.2856;42.2167;NA
"4221820143885";14.3885;42.2182;0
"4222100137799";13.7799;42.221;0
"4222200141423";14.1423;42.222;NA
"4222530126272";12.6272;42.2253;0
"4223310129408";12.9408;42.2331;0
"4223330126167";12.6167;42.2333;NA
"4223330128103";12.8103;42.2333;0
"4223970140536";14.0536;42.2397;NA
"4224110123378";12.3378;42.2411;0
"4224170122244";12.2244;42.2417;0
"4224250135525";13.5525;42.2425;NA
"4224580137572";13.7572;42.2458;NA
"4224810135673";13.5673;42.2481;0
"4225000120500";12.05;42.25;NA
"4225000136742";13.6742;42.25;NA
"4225000141858";14.1858;42.25;NA
"4225100138865";13.8865;42.251;0
"4225390117389";11.7389;42.2539;0
"4225390126764";12.6764;42.2539;0
"4225420120444";12.0444;42.2542;0
"4226060127525";12.7525;42.2606;0
"4226670133858";13.3858;42.2667;NA
"4226670140022";14.0022;42.2667;NA
"4226830131581";13.1581;42.2683;0.2001953
"4226860118942";11.8942;42.2686;0
"4227090140130";14.013;42.2709;0
"4228140125587";12.5587;42.2814;0
"4228170129180";12.918;42.2817;0
"4228240144367";14.4367;42.2824;0
"4228330141358";14.1358;42.2833;NA
"4228470139850";13.985;42.2847;NA
"4228670144750";14.475;42.2867;0
"4229060132896";13.2896;42.2906;0
"4229190124281";12.4281;42.2919;0
"4229540139852";13.9852;42.2954;0
"4229640122042";12.2042;42.2964;0
"4229810144439";14.4439;42.2981;NA
"4230850142344";14.2344;42.3085;0
"4232220142628";14.2628;42.3222;NA
"4232370135739";13.5739;42.3237;0
"4232680129914";12.9914;42.3268;0
"4233250102911";10.2911;42.3325;0
"4233350137794";13.7794;42.3335;0
"4233400138625";13.8625;42.334;0
"4233410134287";13.4287;42.3341;0
"4233750141072";14.1072;42.3375;NA
"4233970140572";14.0572;42.3397;NA
"4234180141119";14.1119;42.3418;0
"4234610139453";13.9453;42.3461;0
"4234890141672";14.1672;42.3489;NA
"4234910143918";14.3918;42.3491;0
"4235040124601";12.4601;42.3504;0
"4235170115958";11.5958;42.3517;0
"4235840109067";10.9067;42.3584;0
"4236560130050";13.005;42.3656;0
"4236580137272";13.7272;42.3658;0
"4236720138639";13.8639;42.3672;NA
"4237190132619";13.2619;42.3719;0
"4237280139469";13.9469;42.3728;NA
"4237470115575";11.5575;42.3747;0
"4237610140797";14.0797;42.3761;NA
"4237700141831";14.1831;42.377;0
"4237720117919";11.7919;42.3772;0
"4237940126900";12.69;42.3794;0.2001953
"4238390119286";11.9286;42.3839;0
"4238510111685";11.1685;42.3851;0
"4238560129519";12.9519;42.3856;0
"4238720111686";11.1686;42.3872;NA
"4240170122636";12.2636;42.4017;NA
"4240190116303";11.6303;42.4019;0
"4240270128716";12.8716;42.4027;0
"4240540113916";11.3916;42.4054;0
"4240690113867";11.3867;42.4069;NA
"4240920122367";12.2367;42.4092;0
"4241250121044";12.1044;42.4125;0
"4241280118728";11.8728;42.4128;0
"4241530140408";14.0408;42.4153;NA
"4241610125614";12.5614;42.4161;0
"4241960135181";13.5181;42.4196;0
"4242190130789";13.0789;42.4219;0
"4242220142768";14.2768;42.4222;NA
"4242370141628";14.1628;42.4237;0
"4242530141325";14.1325;42.4253;NA
"4242860133174";13.3174;42.4286;0
"4243170142475";14.2475;42.4317;NA
"4243330138192";13.8192;42.4333;NA
"4243420129225";12.9225;42.4342;0
"4244010139150";13.915;42.4401;0
"4244330124088";12.4088;42.4433;0
"4244360139033";13.9033;42.4436;NA
"4244380135578";13.5578;42.4438;0
"4244500132075";13.2075;42.445;NA
"4244920139264";13.9264;42.4492;NA
"4244960142424";14.2424;42.4496;0
"4245190130539";13.0539;42.4519;0
"4245560129925";12.9925;42.4556;0
"4245560141278";14.1278;42.4556;NA
"4246440117489";11.7489;42.4644;0
"4246720124350";12.435;42.4672;NA
"4246880141944";14.1944;42.4688;0
"4247940137150";13.715;42.4794;NA
"4248330136189";13.6189;42.4833;NA
"4248330136689";13.6689;42.4833;NA
"4249580128783";12.8783;42.4958;0
"4249750141425";14.1425;42.4975;NA
"4249810127972";12.7972;42.4981;0
"4250010137980";13.798;42.5001;0
"4250860136664";13.6664;42.5086;NA
"4251390135242";13.5242;42.5139;NA
"4251670140525";14.0525;42.5167;NA
"4251940122911";12.2911;42.5194;0
"4252620132414";13.2414;42.5262;0
"4252670112736";11.2736;42.5267;NA
"4252810141284";14.1284;42.5281;0
"4252830131008";13.1008;42.5283;0
"4253230127735";12.7735;42.5323;0
"4253470119328";11.9328;42.5347;0
"4253500138661";13.8661;42.535;NA
"4253610120208";12.0208;42.5361;0
"4253610134064";13.4064;42.5361;0
"4254060135875";13.5875;42.5406;NA
"4254360113492";11.3492;42.5436;NA
"4254420113364";11.3364;42.5442;0
"4254840134778";13.4778;42.5484;0
"4255110125428";12.5428;42.5511;0
"4255280117636";11.7636;42.5528;0
"4255640136320";13.632;42.5564;0
"4255690118339";11.8339;42.5569;0
"4255690124169";12.4169;42.5569;0
"4255750112386";11.2386;42.5575;0
"4255870133403";13.3403;42.5587;0
"4255970126504";12.6504;42.5597;0
"4256530140725";14.0725;42.5653;NA
"4256670127667";12.7667;42.5667;0
"4257140129572";12.9572;42.5714;0
"4257250139983";13.9983;42.5725;0
"4257390137731";13.7731;42.5739;NA
"4257390139406";13.9406;42.5739;NA
"4258150136384";13.6384;42.5815;0
"4258220140389";14.0389;42.5822;NA
"4258310115489";11.5489;42.5831;NA
"4258330121500";12.15;42.5833;0
"4258390115461";11.5461;42.5839;NA
"4259030131631";13.1631;42.5903;0
"4259360115650";11.565;42.5936;0
"4260070115183";11.5183;42.6007;0
"4260330140294";14.0294;42.6033;NA
"4260810125428";12.5428;42.6081;0
"4260830138189";13.8189;42.6083;NA
"4260890125406";12.5406;42.6089;0
"4260890137686";13.7686;42.6089;0
"4261000137697";13.7697;42.61;NA
"4261350113247";11.3247;42.6135;NA
"4261370112550";11.255;42.6137;0
"4261390136772";13.6772;42.6139;NA
"4261440112564";11.2564;42.6144;NA
"4261530113258";11.3258;42.6153;NA
"4261580139194";13.9194;42.6158;NA
"4262360138950";13.895;42.6236;NA
"4262420139212";13.9212;42.6242;0
"4262440139769";13.9769;42.6244;NA
"4262610121025";12.1025;42.6261;0
"4262960132946";13.2946;42.6296;0
"4263500116544";11.6544;42.635;NA
"4263640135219";13.5219;42.6364;NA
"4264000114242";11.4242;42.64;NA
"4264240114254";11.4254;42.6424;0
"4264670129489";12.9489;42.6467;NA
"4264690127736";12.7736;42.6469;0
"4264740136028";13.6028;42.6474;0
"4265330119722";11.9722;42.6533;0
"4265480137173";13.7173;42.6548;0
"4265940110160";11.016;42.6594;0
"4266110110169";11.0169;42.6611;NA
"4266670139944";13.9944;42.6667;NA
"4267030126542";12.6542;42.6703;2.8007812
"4267360135036";13.5036;42.6736;NA
"4267420138575";13.8575;42.6742;NA
"4267530139731";13.9731;42.6753;NA
"4267750124369";12.4369;42.6775;0
"4268140123478";12.3478;42.6814;0
"4268500115436";11.5436;42.685;NA
"4268890113417";11.3417;42.6889;NA
"4269070115464";11.5464;42.6907;0
"4269380113302";11.3302;42.6938;0
"4269800138754";13.8754;42.698;0
"4269830117331";11.7331;42.6983;NA
"4270400111435";11.1435;42.704;0
"4270580111447";11.1447;42.7058;NA
"4270690125053";12.5053;42.7069;0
"4270710122638";12.2638;42.7071;0
"4271310116308";11.6308;42.7131;0
"4271610121064";12.1064;42.7161;0
"4271640130311";13.0311;42.7164;0
"4271860114909";11.4909;42.7186;0
"4272330114633";11.4633;42.7233;NA
"4272430121421";12.1421;42.7243;0
"4272510121359";12.1359;42.7251;0
"4272970136917";13.6917;42.7297;0
"4273100115965";11.5965;42.731;0
"4273330137819";13.7819;42.7333;NA
"4273740134066";13.4066;42.7374;3.0000002
"4273850132382";13.2382;42.7385;0
"4275000126711";12.6711;42.75;0
"4275000131944";13.1944;42.75;0
"4275170128508";12.8508;42.7517;0
"4275500127386";12.7386;42.755;0
"4275720136456";13.6456;42.7572;NA
"4276250111417";11.1417;42.7625;NA
"4276420111660";11.166;42.7642;0
"4276420118564";11.8564;42.7642;0
"4276500122336";12.2336;42.765;0
"4276690110149";11.0149;42.7669;0
"4276830134090";13.409;42.7683;0.8
"4276860110161";11.0161;42.7686;NA
"4277280120390";12.039;42.7728;0
"4277330136676";13.6676;42.7733;0
"4277470101906";10.1906;42.7747;NA
"4277470125239";12.5239;42.7747;0
"4277540139519";13.9519;42.7754;0
"4277690124050";12.405;42.7769;0
"4277780132954";13.2954;42.7778;0
"4277860137053";13.7053;42.7786;0
"4278220102692";10.2692;42.7822;0
"4278640115055";11.5055;42.7864;0
"4278710111747";11.1747;42.7871;0
"4278780115114";11.5114;42.7878;NA
"4278810125944";12.5944;42.7881;0
"4278860130994";13.0994;42.7886;0
"4278890111758";11.1758;42.7889;NA
"4279040121187";12.1187;42.7904;0
"4279560114058";11.4058;42.7956;NA
"4279560114066";11.4066;42.7956;0
"4279590137586";13.7586;42.7959;0
"4279720114250";11.425;42.7972;NA
"4280280130147";13.0147;42.8028;0
"4280480113032";11.3032;42.8048;0
"4280560113000";11.3;42.8056;NA
"4281360132122";13.2122;42.8136;0
"4282000126883";12.6883;42.82;0
"4282000138169";13.8169;42.82;NA
"4282170138131";13.8131;42.8217;NA
"4282670127589";12.7589;42.8267;0
"4283810123000";12.3;42.8381;0
"4284580115600";11.56;42.8458;NA
"4284810120644";12.0644;42.8481;0
"4284960135375";13.5375;42.8496;0
"4285000135381";13.5381;42.85;NA
"4285220136515";13.6515;42.8522;0
"4285460115559";11.5559;42.8546;0
"4285940137755";13.7755;42.8594;0
"4286750125583";12.5583;42.8675;0
"4286920111671";11.1671;42.8692;0
"4287360132050";13.205;42.8736;6.8
"4287560122006";12.2006;42.8756;0
"4288140116605";11.6605;42.8814;NA
"4288280116667";11.6667;42.8828;0
"4288300116616";11.6616;42.883;0
"4288620131658";13.1658;42.8862;0
"4289080129303";12.9303;42.8908;0.8
"4289170115417";11.5417;42.8917;NA
"4289340109274";10.9274;42.8934;0
"4289440109000";10.9;42.8944;NA
"4289590120209";12.0209;42.8959;0
"4289970133253";13.3253;42.8997;0.2
"4290350115489";11.5489;42.9035;NA
"4290440131380";13.138;42.9044;0
"4290520134068";13.4068;42.9052;0
"4290530115500";11.55;42.9053;NA
"4291190131892";13.1892;42.9119;1
"4292620130986";13.0986;42.9262;0
"4292950110793";11.0793;42.9295;0
"4292980124060";12.406;42.9298;0
"4293000119687";11.9687;42.93;0
"4293310107654";10.7654;42.9331;0
"4293330138892";13.8892;42.9333;0
"4293890112750";11.275;42.9389;NA
"4293890120275";12.0275;42.9389;0
"4293980112844";11.2844;42.9398;0
"4294190122881";12.2881;42.9419;0
"4294360131425";13.1425;42.9436;0
"4294400126387";12.6387;42.944;0
"4294830117331";11.7331;42.9483;NA
"4294970110861";11.0861;42.9497;NA
"4294990126917";12.6917;42.9499;0
"4295000118333";11.8333;42.95;NA
"4295080114393";11.4393;42.9508;0
"4295090118526";11.8526;42.9509;0
"4295420135686";13.5686;42.9542;0
"4295910116166";11.6166;42.9591;NA
"4296060117280";11.728;42.9606;0
"4296070116178";11.6178;42.9607;0
"4296280134897";13.4897;42.9628;0
"4296670116917";11.6917;42.9667;NA
"4296800137118";13.7118;42.968;0
"4297550138688";13.8688;42.9755;0
"4297640133513";13.3513;42.9764;0.2
"4298060110000";11;42.9806;NA
"4298130109787";10.9787;42.9813;0
"4298330113583";11.3583;42.9833;NA
"4298350113644";11.3644;42.9835;0
"4298370129940";12.994;42.9837;0
"4299110132392";13.2392;42.9911;0
"4299210137850";13.785;42.9921;0
"4299360106408";10.6408;42.9936;NA
"4299400106434";10.6434;42.994;0
"4299410114264";11.4264;42.9941;NA
"4299570125839";12.5839;42.9957;0
"4300670132417";13.2417;43.0067;0.2
"4300890124255";12.4255;43.0089;0
"4301060120314";12.0314;43.0106;0
"4301390122731";12.2731;43.0139;0
"4301720108897";10.8897;43.0172;NA
"4301920106138";10.6138;43.0192;0
"4302120108649";10.8649;43.0212;7.589999
"4302560115814";11.5814;43.0256;NA
"4302600136459";13.6459;43.026;0
"4302640110644";11.0644;43.0264;NA
"4302730115821";11.5821;43.0273;0
"4303050129175";12.9175;43.0305;0.6
"4303300110640";11.064;43.033;0
"4303360115872";11.5872;43.0336;NA
"4303470131560";13.156;43.0347;1.4
"4304440126583";12.6583;43.0444;0
"4304550114987";11.4987;43.0455;NA
"4304690114994";11.4994;43.0469;NA
"4304720108833";10.8833;43.0472;NA
"4304720120111";12.0111;43.0472;NA
"4304890120592";12.0592;43.0489;0
"4305000114917";11.4917;43.05;NA
"4305210114910";11.491;43.0521;2.7999997
"4305250105557";10.5557;43.0525;0
"4306100125420";12.542;43.061;0
"4306230113227";11.3227;43.0623;0
"4306390108000";10.8;43.0639;NA
"4306390111667";11.1667;43.0639;NA
"4306400106845";10.6845;43.064;0
"4306530117250";11.725;43.0653;NA
"4306580106858";10.6858;43.0658;NA
"4306590117248";11.7248;43.0659;0
"4306670113250";11.325;43.0667;NA
"4306750107224";10.7224;43.0675;0
"4306810126986";12.6986;43.0681;0
"4307050108144";10.8144;43.0705;0
"4307220111500";11.15;43.0722;NA
"4307260130869";13.0869;43.0726;9.200001
"4308000132816";13.2816;43.08;2.4
"4308340118433";11.8433;43.0834;NA
"4308450118463";11.8463;43.0845;0
"4308580134980";13.498;43.0858;0
"4308700130044";13.0044;43.087;0.2
"4308920118456";11.8456;43.0892;NA
"4308970110294";11.0294;43.0897;NA
"4309010114377";11.4377;43.0901;NA
"4309110114385";11.4385;43.0911;0.59999996
"4309190114389";11.4389;43.0919;NA
"4309830105369";10.5369;43.0983;0
"4310270110388";11.0388;43.1027;0
"4310400133990";13.399;43.104;0
"4310500123719";12.3719;43.105;0
"4310610135986";13.5986;43.1061;0
"4310640121844";12.1844;43.1064;0
"4310720124356";12.4356;43.1072;0
"4311270117937";11.7937;43.1127;0
"4311330127850";12.785;43.1133;0
"4311360123767";12.3767;43.1136;0
"4311470109028";10.9028;43.1147;NA
"4311640121369";12.1369;43.1164;0
"4311670121417";12.1417;43.1167;NA
"4311960129530";12.953;43.1196;5.8
"4311990109212";10.9212;43.1199;NA
"4312140109222";10.9222;43.1214;NA
"4312430106397";10.6397;43.1243;0
"4312440123044";12.3044;43.1244;NA
"4312560120403";12.0403;43.1256;0
"4312700124347";12.4347;43.127;0
"4313920111781";11.1781;43.1392;0
"4314280109744";10.9744;43.1428;0
"4314400125651";12.5651;43.144;0
"4314420108531";10.8531;43.1442;NA
"4314610108626";10.8626;43.1461;0
"4314610130661";13.0661;43.1461;3.2
"4315000112750";11.275;43.15;NA
"4315000116500";11.65;43.15;NA
"4315000121750";12.175;43.15;0
"4315490108075";10.8075;43.1549;0
"4315520116498";11.6498;43.1552;0
"4315750137144";13.7144;43.1575;0
"4315900129708";12.9708;43.159;3
"4316000134036";13.4036;43.16;0
"4316110119528";11.9528;43.1611;0
"4316720108664";10.8664;43.1672;NA
"4317440115438";11.5438;43.1744;0
"4317690118392";11.8392;43.1769;NA
"4317720126597";12.6597;43.1772;0
"4318000123383";12.3383;43.18;0
"4318110129733";12.9733;43.1811;0.6
"4318310119324";11.9324;43.1831;0
"4318330119306";11.9306;43.1833;NA
"4318330121417";12.1417;43.1833;0
"4318470107167";10.7167;43.1847;NA
"4318610107975";10.7975;43.1861;NA
"4318740106267";10.6267;43.1874;0
"4318810125961";12.5961;43.1881;0
"4318920106278";10.6278;43.1892;NA
"4319170110750";11.075;43.1917;NA
"4319400129004";12.9004;43.194;0
"4320220107392";10.7392;43.2022;0
"4320290118036";11.8036;43.2029;0
"4320310110767";11.0767;43.2031;0
"4320420118014";11.8014;43.2042;NA
"4320430108806";10.8806;43.2043;0
"4320900111800";11.18;43.209;0
"4320920132955";13.2955;43.2092;0
"4321470119753";11.9753;43.2147;NA
"4321560109866";10.9866;43.2156;0
"4322190105947";10.5947;43.2219;0
"4322220108200";10.82;43.2222;NA
"4322360105958";10.5958;43.2236;NA
"4322920114556";11.4556;43.2292;NA
"4322950131884";13.1884;43.2295;1.8000001
"4323260137722";13.7722;43.2326;0
"4324080127814";12.7814;43.2408;0
"4324300114167";11.4167;43.243;0
"4324670121139";12.1139;43.2467;0
"4325310129433";12.9433;43.2531;0
"4325350109438";10.9438;43.2535;0
"4325810106918";10.6918;43.2581;0
"4325830114250";11.425;43.2583;NA
"4325980123818";12.3818;43.2598;0
"4326030126808";12.6808;43.2603;0
"4326050105956";10.5956;43.2605;0
"4326080135900";13.59;43.2608;0
"4326220105967";10.5967;43.2622;NA
"4326260116953";11.6953;43.2626;3.8
"4326390109569";10.9569;43.2639;NA
"4326920119962";11.9962;43.2692;0
"4327060112331";11.2331;43.2706;NA
"4327220119903";11.9903;43.2722;NA
"4327630112299";11.2299;43.2763;0
"4328110108072";10.8072;43.2811;NA
"4328120108065";10.8065;43.2812;0
"4328470125306";12.5306;43.2847;0
"4329140110712";11.0712;43.2914;0
"4329210111671";11.1671;43.2921;0
"4329220134187";13.4187;43.2922;0
"4329360111694";11.1694;43.2936;NA
"4329720137288";13.7288;43.2972;0
"4330500124192";12.4192;43.305;0
"4330660109272";10.9272;43.3066;0
"4330670108939";10.8939;43.3067;NA
"4330850118248";11.8248;43.3085;0
"4331030128242";12.8242;43.3103;0
"4331140123483";12.3483;43.3114;0
"4331580131886";13.1886;43.3158;0
"4331810117958";11.7958;43.3181;NA
"4331860126950";12.695;43.3186;0
"4331970117969";11.7969;43.3197;NA
"4332330106698";10.6698;43.3233;0
"4332690106317";10.6317;43.3269;NA
"4332730134260";13.426;43.3273;0
"4332880115552";11.5552;43.3288;0
"4332920115583";11.5583;43.3292;NA
"4333030129040";12.904;43.3303;0.2
"4333420108580";10.858;43.3342;0
"4333890117361";11.7361;43.3389;NA
"4333900117422";11.7422;43.339;0
"4334280119290";11.929;43.3428;0
"4334440119167";11.9167;43.3444;NA
"4334670125658";12.5658;43.3467;0
"4334750121592";12.1592;43.3475;0
"4334990105217";10.5217;43.3499;0
"4335190105225";10.5225;43.3519;NA
"4335830110611";11.0611;43.3583;NA
"4335940122331";12.2331;43.3594;0
"4336220131923";13.1923;43.3622;0
"4336280108156";10.8156;43.3628;NA
"4336420111528";11.1528;43.3642;NA
"4336420133431";13.3431;43.3642;0
"4336530109903";10.9903;43.3653;0
"4336630111514";11.1514;43.3663;0
"4336790106028";10.6028;43.3679;0
"4336800114221";11.4221;43.368;NA
"4336840130795";13.0795;43.3684;38.2
"4336860105997";10.5997;43.3686;NA
"4336990114233";11.4233;43.3699;0
"4337350118902";11.8902;43.3735;0
"4337470119083";11.9083;43.3747;NA
"4337500127292";12.7292;43.375;0
"4338360135933";13.5933;43.3836;0
"4338700107429";10.7429;43.387;0
"4338860130417";13.0417;43.3886;12.800001
"4340000104700";10.47;43.4;0
"4340560108639";10.8639;43.4056;NA
"4340630129803";12.9803;43.4063;1
"4340640126589";12.6589;43.4064;NA
"4340900108623";10.8623;43.409;0
"4340940134369";13.4369;43.4094;0
"4340990106706";10.6706;43.4099;0.2
"4341040105728";10.5728;43.4104;0.2
"4341390115167";11.5167;43.4139;NA
"4341470115168";11.5168;43.4147;0
"4342080119792";11.9792;43.4208;0.2
"4342190108386";10.8386;43.4219;NA
"4342360108394";10.8394;43.4236;NA
"4342500128564";12.8564;43.425;1
"4342630098937";9.8937;43.4263;0
"4342690123617";12.3617;43.4269;0
"4342810098947";9.8947;43.4281;NA
"4343190124611";12.4611;43.4319;0
"4343370129043";12.9043;43.4337;0.6
"4343460107251";10.7251;43.4346;1.2
"4343470116411";11.6411;43.4347;NA
"4343580133511";13.3511;43.4358;0
"4343580136196";13.6196;43.4358;0
"4343620113461";11.3461;43.4362;0
"4343640116489";11.6489;43.4364;0
"4343800135380";13.538;43.438;0
"4344140109525";10.9525;43.4414;NA
"4344180109534";10.9534;43.4418;0
"4344440107247";10.7247;43.4444;NA
"4344730134492";13.4492;43.4473;0
"4344920115281";11.5281;43.4492;NA
"4344940110739";11.0739;43.4494;NA
"4345080115310";11.531;43.4508;0
"4345250110125";11.0125;43.4525;NA
"4345550108302";10.8302;43.4555;3.2
"4345620111253";11.1253;43.4562;NA
"4345640114214";11.4214;43.4564;NA
"4345670122383";12.2383;43.4567;0
"4345780111264";11.1264;43.4578;NA
"4346360110406";11.0406;43.4636;NA
"4346710126405";12.6405;43.4671;0
"4347020111306";11.1306;43.4702;NA
"4347110127264";12.7264;43.4711;0
"4347130110414";11.0414;43.4713;0.8
"4347140111290";11.129;43.4714;0
"4347190118924";11.8924;43.4719;1.6
"4347230105649";10.5649;43.4723;10.199999
"4347310112884";11.2884;43.4731;0
"4347550135944";13.5944;43.4755;0
"4347560133884";13.3884;43.4756;0
"4347770126920";12.692;43.4777;NA
"4347920113772";11.3772;43.4792;NA
"4347960103477";10.3477;43.4796;11.6
"4348030110447";11.0447;43.4803;NA
"4348030118958";11.8958;43.4803;NA
"4348590113791";11.3791;43.4859;0
"4348940121053";12.1053;43.4894;0
"4349230135018";13.5018;43.4923;0
"4349620131258";13.1258;43.4962;0.6
"4349670121608";12.1608;43.4967;0
"4349750129367";12.9367;43.4975;0
"4350560117194";11.7194;43.5056;NA
"4350810122317";12.2317;43.5081;0
"4351180112358";11.2358;43.5118;0
"4351220125534";12.5534;43.5122;0
"4351310112431";11.2431;43.5131;NA
"4351530126218";12.6218;43.5153;0
"4351590123560";12.356;43.5159;0
"4352090104038";10.4038;43.5209;4.3999996
"4352360106194";10.6194;43.5236;NA
"4352580117335";11.7335;43.5258;NA
"4352890117411";11.7411;43.5289;NA
"4353010109278";10.9278;43.5301;0
"4353190105783";10.5783;43.5319;NA
"4353190132300";13.23;43.5319;0
"4353210117425";11.7425;43.5321;NA
"4353280105283";10.5283;43.5328;NA
"4353370117444";11.7444;43.5337;0
"4353470130564";13.0564;43.5347;1
"4353610107958";10.7958;43.5361;NA
"4353720112311";11.2311;43.5372;NA
"4353810109203";10.9203;43.5381;NA
"4353830109947";10.9947;43.5383;NA
"4354000109958";10.9958;43.54;NA
"4354080115660";11.566;43.5408;0
"4354180106494";10.6494;43.5418;7.7999997
"4354220113556";11.3556;43.5422;NA
"4354330133806";13.3806;43.5433;0
"4354440107453";10.7453;43.5444;NA
"4354470110349";11.0349;43.5447;0
"4354620102996";10.2996;43.5462;9
"4354680126439";12.6439;43.5468;0
"4354810113617";11.3617;43.5481;NA
"4354830124865";12.4865;43.5483;0
"4354900113570";11.357;43.549;0
"4355750120583";12.0583;43.5575;NA
"4355800103026";10.3026;43.558;NA
"4355930120974";12.0974;43.5593;0
"4356200124304";12.4304;43.562;0
"4356350107996";10.7996;43.5635;0
"4356640108014";10.8014;43.5664;NA
"4356780117231";11.7231;43.5678;NA
"4356860128441";12.8441;43.5686;0
"4356940117242";11.7242;43.5694;NA
"4357200111630";11.163;43.572;0
"4357440135239";13.5239;43.5744;0
"4357920119065";11.9065;43.5792;9.2
"4358000106861";10.6861;43.58;NA
"4358030130291";13.0291;43.5803;0
"4358360104667";10.4667;43.5836;NA
"4358380115422";11.5422;43.5838;0
"4358400104670";10.467;43.584;1.2
"4358670125152";12.5152;43.5867;0
"4358780111567";11.1567;43.5878;NA
"4358810120467";12.0467;43.5881;0
"4358990105427";10.5427;43.5899;0.6
"4359130116046";11.6046;43.5913;0.6
"4359170105436";10.5436;43.5917;NA
"4359170115167";11.5167;43.5917;NA
"4359190106844";10.6844;43.5919;0.4
"4359440116083";11.6083;43.5944;NA
"4359500112340";11.234;43.595;2.6
"4359980103521";10.3521;43.5998;1.2
"4360310103489";10.3489;43.6031;NA
"4360360109683";10.9683;43.6036;0
"4360500129533";12.9533;43.605;0
"4360530105394";10.5394;43.6053;NA
"4361030135083";13.5083;43.6103;0
"4361060114306";11.4306;43.6106;NA
"4361100134498";13.4498;43.611;0
"4361190113042";11.3042;43.6119;NA
"4361250114272";11.4272;43.6125;0
"4361500118128";11.8128;43.615;15.2
"4361740111350";11.135;43.6174;0
"4361890118153";11.8153;43.6189;NA
"4361920116530";11.653;43.6192;3.8
"4361940111506";11.1506;43.6194;NA
"4362440110372";11.0372;43.6244;NA
"4362610110383";11.0383;43.6261;NA
"4362810127587";12.7587;43.6281;0
"4362820126845";12.6845;43.6282;0
"4362950133723";13.3723;43.6295;0
"4363140108499";10.8499;43.6314;NA
"4363190108508";10.8508;43.6319;0.4
"4363670103856";10.3856;43.6367;NA
"4363790103909";10.3909;43.6379;0.2
"4364030104125";10.4125;43.6403;NA
"4364630133405";13.3405;43.6463;0
"4364720112639";11.2639;43.6472;NA
"4364800112642";11.2642;43.648;1.4
"4364860107444";10.7444;43.6486;NA
"4364860115528";11.5528;43.6486;NA
"4364930110922";11.0922;43.6493;NA
"4365000115552";11.5552;43.65;3.3999999
"4365140105853";10.5853;43.6514;NA
"4365140105879";10.5879;43.6514;0.4
"4365340125521";12.5521;43.6534;0
"4365470113964";11.3964;43.6547;0.2
"4366050130464";13.0464;43.6605;0
"4366250131650";13.165;43.6625;0
"4366410113147";11.3147;43.6641;0
"4366490130144";13.0144;43.6649;0
"4366520106312";10.6312;43.6652;1.4
"4366550110408";11.0408;43.6655;0
"4366610106325";10.6325;43.6661;NA
"4366680124102";12.4102;43.6668;0
"4366750110408";11.0408;43.6675;NA
"4366780107457";10.7457;43.6678;0.4
"4366890120428";12.0428;43.6689;0
"4366890121008";12.1008;43.6689;NA
"4367230120997";12.0997;43.6723;NA
"4367330121012";12.1012;43.6733;0
"4367780108925";10.8925;43.6778;2.8
"4367940108936";10.8936;43.6794;NA
"4368000102782";10.2782;43.68;NA
"4368000105900";10.59;43.68;0.8
"4368000108300";10.83;43.68;1.5999999
"4368070102807";10.2807;43.6807;1
"4368140105989";10.5989;43.6814;NA
"4368230117512";11.7512;43.6823;6.5999994
"4368250127984";12.7984;43.6825;0
"4368330117528";11.7528;43.6833;NA
"4368400105832";10.5832;43.684;NA
"4368460113302";11.3302;43.6846;NA
"4368530108403";10.8403;43.6853;NA
"4368610113314";11.3314;43.6861;NA
"4368750121339";12.1339;43.6875;0.7998047
"4368980114560";11.456;43.6898;15
"4369090109219";10.9219;43.6909;1.5999999
"4369090114561";11.4561;43.6909;NA
"4369250109231";10.9231;43.6925;NA
"4369260113269";11.3269;43.6926;NA
"4369260127675";12.7675;43.6926;0
"4369440113281";11.3281;43.6944;NA
"4369560112933";11.2933;43.6956;NA
"4370100132058";13.2058;43.701;0
"4370690119314";11.9314;43.7069;0
"4371030119297";11.9297;43.7103;NA
"4371110103944";10.3944;43.7111;NA
"4371140118278";11.8278;43.7114;NA
"4371200118302";11.8302;43.712;0.4
"4371210104124";10.4124;43.7121;3.5999997
"4371360104086";10.4086;43.7136;NA
"4371860110363";11.0363;43.7186;0
"4372330126369";12.6369;43.7233;0
"4372420109461";10.9461;43.7242;0.2
"4372780113331";11.3331;43.7278;NA
"4373060115514";11.5514;43.7306;NA
"4373160115572";11.5572;43.7316;3.2
"4373430117814";11.7814;43.7343;1
"4373610117825";11.7825;43.7361;NA
"4373730108546";10.8546;43.7373;NA
"4373750129692";12.9692;43.7375;0
"4374020116205";11.6205;43.7402;1
"4374080116244";11.6244;43.7408;NA
"4374200108937";10.8937;43.742;0
"4374540105538";10.5538;43.7454;1.4
"4374720105547";10.5547;43.7472;NA
"4374960131709";13.1709;43.7496;0
"4375140122769";12.2769;43.7514;NA
"4375190105578";10.5578;43.7519;NA
"4375690111931";11.1931;43.7569;NA
"4375860123570";12.357;43.7586;0
"4375890115025";11.5025;43.7589;NA
"4376010111938";11.1938;43.7601;0.2
"4376260129675";12.9675;43.7626;0
"4376740110497";11.0497;43.7674;0
"4376770110483";11.0483;43.7677;0
"4376830110494";11.0494;43.7683;NA
"4376920103827";10.3827;43.7692;5.7999997
"4376980112635";11.2635;43.7698;NA
"4377070114238";11.4238;43.7707;NA
"4377080103839";10.3839;43.7708;NA
"4377140112647";11.2647;43.7714;NA
"4377160114231";11.4231;43.7716;2
"4377280110962";11.0962;43.7728;NA
"4377310110930";11.093;43.7731;0
"4377410106569";10.6569;43.7741;0
"4377430111823";11.1823;43.7743;0
"4377580120922";12.0922;43.7758;0.7998047
"4377780111339";11.1339;43.7778;NA
"4377780112556";11.2556;43.7778;NA
"4377830105883";10.5883;43.7783;0.6
"4377830109589";10.9589;43.7783;NA
"4377920106583";10.6583;43.7792;NA
"4378000105894";10.5894;43.78;NA
"4378000112600";11.26;43.78;0
"4378030115889";11.5889;43.7803;NA
"4378040103990";10.399;43.7804;2.6
"4378060123406";12.3406;43.7806;0
"4378080102674";10.2674;43.7808;NA
"4378120102700";10.27;43.7812;1
"4378150127072";12.7072;43.7815;0
"4378470115854";11.5854;43.7847;0
"4378560109594";10.9594;43.7856;0
"4378780076121";7.6121;43.7878;0
"4379060121319";12.1319;43.7906;0
"4379140118758";11.8758;43.7914;NA
"4379230105213";10.5213;43.7923;2.3999999
"4379330076189";7.6189;43.7933;0
"4379390105225";10.5225;43.7939;NA
"4379420126188";12.6188;43.7942;NA
"4379430118770";11.877;43.7943;0
"4379600114130";11.413;43.796;1.6
"4379640112447";11.2447;43.7964;NA
"4379670105089";10.5089;43.7967;NA
"4379880112512";11.2512;43.7988;0
"4379920117100";11.71;43.7992;NA
"4380060106483";10.6483;43.8006;NA
"4380090123202";12.3202;43.8009;0
"4380370117026";11.7026;43.8037;5.8
"4380860125126";12.5126;43.8086;NA
"4380940118139";11.8139;43.8094;NA
"4381030118162";11.8162;43.8103;0.8
"4381830111694";11.1694;43.8183;NA
"4381880104143";10.4143;43.8188;3.1999998
"4381920108261";10.8261;43.8192;0
"4381920111681";11.1681;43.8192;0
"4381970122742";12.2742;43.8197;0
"4382040104132";10.4132;43.8204;NA
"4382270077862";7.7862;43.8227;0
"4382360108319";10.8319;43.8236;NA
"4382400104867";10.4867;43.824;NA
"4382700130526";13.0526;43.827;0
"4382760076985";7.6985;43.8276;0
"4382920103081";10.3081;43.8292;NA
"4382970104698";10.4698;43.8297;6.6
"4382990117002";11.7002;43.8299;NA
"4383100075432";7.5432;43.831;0
"4383110113111";11.3111;43.8311;NA
"4383160117013";11.7013;43.8316;2.8
"4383170117022";11.7022;43.8317;NA
"4383230103071";10.3071;43.8323;0.8
"4383700116699";11.6699;43.837;3.6
"4383720111308";11.1308;43.8372;NA
"4383750109169";10.9169;43.8375;NA
"4383960113114";11.3114;43.8396;1
"4384000128947";12.8947;43.84;0
"4384110105122";10.5122;43.8411;NA
"4384170116569";11.6569;43.8417;NA
"4384190105108";10.5108;43.8419;3
"4384290106540";10.654;43.8429;0.6
"4384340125911";12.5911;43.8434;0
"4384500109076";10.9076;43.845;0
"4384600076210";7.621;43.846;0
"4384810114027";11.4027;43.8481;10
"4384860112764";11.2764;43.8486;NA
"4384880112755";11.2755;43.8488;0.2
"4385030113922";11.3922;43.8503;NA
"4385180127868";12.7868;43.8518;0
"4385260079286";7.9286;43.8526;0
"4385920106761";10.6761;43.8592;NA
"4386090111550";11.155;43.8609;0
"4386140108036";10.8036;43.8614;NA
"4386350111552";11.1552;43.8635;NA
"4386500104332";10.4332;43.865;0.6
"4386640102619";10.2619;43.8664;NA
"4386770102594";10.2594;43.8677;0.2
"4386900104300";10.43;43.869;NA
"4387110124956";12.4956;43.8711;0
"4387180102403";10.2403;43.8718;0.4
"4387320075448";7.5448;43.8732;0
"4387350103788";10.3788;43.8735;0.4
"4387500103806";10.3806;43.875;NA
"4387610108472";10.8472;43.8761;NA
"4387690114475";11.4475;43.8769;0.6
"4387960080165";8.0165;43.8796;0
"4387970077739";7.7739;43.8797;0
"4387970110989";11.0989;43.8797;NA
"4388000110000";11;43.88;0
"4388140111000";11.1;43.8814;NA
"4388160104844";10.4844;43.8816;2.2
"4388310110025";11.0025;43.8831;NA
"4388390125289";12.5289;43.8839;0
"4388550110993";11.0993;43.8855;0
"4388580110986";11.0986;43.8858;NA
"4388600115252";11.5252;43.886;0
"4388680104802";10.4802;43.8868;NA
"4388720115281";11.5281;43.8872;NA
"4388860076018";7.6018;43.8886;0
"4389000105292";10.5292;43.89;NA
"4389060128694";12.8694;43.8906;0
"4389240107713";10.7713;43.8924;0
"4389440121917";12.1917;43.8944;0
"4389590102419";10.2419;43.8959;0.4
"4389940102456";10.2456;43.8994;NA
"4390440119022";11.9022;43.9044;0
"4390460077333";7.7333;43.9046;0
"4390590079515";7.9515;43.9059;0.6
"4390600105928";10.5928;43.906;2
"4390760128975";12.8975;43.9076;0
"4390820110831";11.0831;43.9082;NA
"4390820112751";11.2751;43.9082;1.2
"4390970112853";11.2853;43.9097;NA
"4391000110842";11.0842;43.91;NA
"4391370105020";10.502;43.9137;1.8
"4391720103767";10.3767;43.9172;NA
"4391860076945";7.6945;43.9186;0
"4391940102944";10.2944;43.9194;NA
"4391990080677";8.0677;43.9199;0
"4392000103699";10.3699;43.92;0.8
"4392280108936";10.8936;43.9228;0
"4392290111271";11.1271;43.9229;0
"4392360119586";11.9586;43.9236;0
"4392430108924";10.8924;43.9243;NA
"4392860127125";12.7125;43.9286;0
"4392910105154";10.5154;43.9291;3.2
"4392970105950";10.595;43.9297;NA
"4393060126608";12.6608;43.9306;NA
"4393070078420";7.842;43.9307;0.2
"4393330080007";8.0007;43.9333;0.6
"4393350106132";10.6132;43.9335;2.6
"4393360102810";10.281;43.9336;4
"4393360104253";10.4253;43.9336;NA
"4393610102806";10.2806;43.9361;NA
"4393960076081";7.6081;43.9396;0
"4394340105035";10.5035;43.9434;NA
"4394470112136";11.2136;43.9447;0
"4394720109919";10.9919;43.9472;NA
"4394720120786";12.0786;43.9472;0
"4394830116178";11.6178;43.9483;0
"4394970112167";11.2167;43.9497;NA
"4395060104200";10.42;43.9506;NA
"4395170125364";12.5364;43.9517;0
"4395230104227";10.4227;43.9523;5.6
"4395280113836";11.3836;43.9528;NA
"4395370108231";10.8231;43.9537;1.5999999
"4395560108250";10.825;43.9556;NA
"4395780127389";12.7389;43.9578;0
"4395790113898";11.3898;43.9579;0
"4395910110699";11.0699;43.9591;0
"4396140076850";7.685;43.9614;NA
"4396170110694";11.0694;43.9617;NA
"4396280111466";11.1466;43.9628;0
"4396300115396";11.5396;43.963;0
"4396360114061";11.4061;43.9636;NA
"4396440111478";11.1478;43.9644;NA
"4396480111472";11.1472;43.9648;0
"4396520113282";11.3282;43.9652;0
"4396650124284";12.4284;43.9665;0
"4396670115403";11.5403;43.9667;NA
"4396720103406";10.3406;43.9672;NA
"4396830107572";10.7572;43.9683;NA
"4396880107164";10.7164;43.9688;0
"4396890103360";10.336;43.9689;9
"4397170107097";10.7097;43.9717;NA
"4397230107556";10.7556;43.9723;0
"4397240101848";10.1848;43.9724;2
"4397710079532";7.9532;43.9771;0.2
"4397860124050";12.405;43.9786;0
"4397890113192";11.3192;43.9789;NA
"4397920081036";8.1036;43.9792;0
"4397980105515";10.5515;43.9798;0.6
"4398000112297";11.2297;43.98;NA
"4398130078667";7.8667;43.9813;0
"4398150076998";7.6998;43.9815;0
"4398280103225";10.3225;43.9828;NA
"4398350112373";11.2373;43.9835;0
"4398450113886";11.3886;43.9845;NA
"4398530103147";10.3147;43.9853;0.4
"4398600113900";11.39;43.986;0
"4398620105519";10.5519;43.9862;NA
"4399120109641";10.9641;43.9912;0
"4399170104292";10.4292;43.9917;NA
"4399170109611";10.9611;43.9917;NA
"4399180102519";10.2519;43.9918;4.2
"4399290102094";10.2094;43.9929;2.6000001
"4399440119464";11.9464;43.9944;NA
"4399450077624";7.7624;43.9945;0
"4399470108556";10.8556;43.9947;NA
"4399580125803";12.5803;43.9958;NA
"4399630103634";10.3634;43.9963;0.2
"4399970104322";10.4322;43.9997;0
"4400200105574";10.5574;44.002;0.6
"4400280102847";10.2847;44.0028;NA
"4400280116661";11.6661;44.0028;0
"4400390108058";10.8058;44.0039;NA
"4400460105618";10.5618;44.0046;NA
"4400500102715";10.2715;44.005;1.8
"4400620081693";8.1693;44.0062;0
"4400650080352";8.0352;44.0065;0.2
"4400670112733";11.2733;44.0067;NA
"4400710112712";11.2712;44.0071;0
"4400830103228";10.3228;44.0083;NA
"4400840114356";11.4356;44.0084;0
"4400850108041";10.8041;44.0085;2.2
"4400940102025";10.2025;44.0094;NA
"4400960103192";10.3192;44.0096;1.8000001
"4401330108978";10.8978;44.0133;0
"4401940102411";10.2411;44.0194;NA
"4401980105352";10.5352;44.0198;0.6
"4402020105373";10.5373;44.0202;NA
"4402060113373";11.3373;44.0206;0.2
"4402080110819";11.0819;44.0208;NA
"4402140110798";11.0798;44.0214;0
"4402220113333";11.3333;44.0222;NA
"4402330110253";11.0253;44.0233;0
"4402360103639";10.3639;44.0236;NA
"4402370102285";10.2285;44.0237;0.8
"4402850102759";10.2759;44.0285;0.6
"4402890103605";10.3605;44.0289;0.4
"4402920101781";10.1781;44.0292;NA
"4402920118056";11.8056;44.0292;0
"4403010101718";10.1718;44.0301;2.2
"4403180114678";11.4678;44.0318;0
"4403250105991";10.5991;44.0325;4
"4403330120444";12.0444;44.0333;NA
"4403420106003";10.6003;44.0342;NA
"4403440125003";12.5003;44.0344;0
"4403720111494";11.1494;44.0372;NA
"4403860108219";10.8219;44.0386;NA
"4403910102463";10.2463;44.0391;1
"4403970102481";10.2481;44.0397;NA
"4404110119819";11.9819;44.0411;0
"4404160108325";10.8325;44.0416;4
"4404200077934";7.7934;44.042;0
"4404310107195";10.7195;44.0431;8.4
"4404390111986";11.1986;44.0439;NA
"4404420077211";7.7211;44.0442;0
"4404520100601";10.0601;44.0452;1
"4404630101118";10.1118;44.0463;0.8
"4404740113893";11.3893;44.0474;0
"4404780101100";10.11;44.0478;NA
"4404880082108";8.2108;44.0488;0
"4404920113045";11.3045;44.0492;0
"4404950079147";7.9147;44.0495;0
"4404960111969";11.1969;44.0496;0
"4405020100141";10.0141;44.0502;0.6
"4405200098359";9.8359;44.052;3.6000001
"4405310105717";10.5717;44.0531;NA
"4405360107917";10.7917;44.0536;NA
"4405360109050";10.905;44.0536;0.40039068
"4405470113025";11.3025;44.0547;NA
"4405530107884";10.7884;44.0553;5.7999997
"4405560104528";10.4528;44.0556;NA
"4405590111206";11.1206;44.0559;0
"4405610102625";10.2625;44.0561;NA
"4405640125456";12.5456;44.0564;0
"4405690101742";10.1742;44.0569;NA
"4405690102078";10.2078;44.0569;NA
"4405690113978";11.3978;44.0569;0
"4405720080413";8.0413;44.0572;0
"4405760102075";10.2075;44.0576;2.2
"4405830101682";10.1682;44.0583;1
"4405860111242";11.1242;44.0586;NA
"4405880102596";10.2596;44.0588;2.1999998
"4405890112967";11.2967;44.0589;NA
"4405920125736";12.5736;44.0592;0
"4405990105678";10.5678;44.0599;2.2
"4406390078664";7.8664;44.0639;0
"4406390099723";9.9723;44.0639;NA
"4406390100817";10.0817;44.0639;NA
"4406420104431";10.4431;44.0642;0.6
"4406470104589";10.4589;44.0647;NA
"4406510100767";10.0767;44.0651;NA
"4406540080043";8.0043;44.0654;0
"4406810110972";11.0972;44.0681;NA
"4406820104577";10.4577;44.0682;0.4
"4406830124372";12.4372;44.0683;0
"4406880081796";8.1796;44.0688;0
"4406940077306";7.7306;44.0694;0
"4407120110937";11.0937;44.0712;0
"4407130099384";9.9384;44.0713;1.8000001
"4407190124919";12.4919;44.0719;0
"4407210107942";10.7942;44.0721;0.8
"4407250118728";11.8728;44.0725;0
"4407490100090";10.009;44.0749;0.4
"4407500107917";10.7917;44.075;NA
"4407680081342";8.1342;44.0768;0
"4407960112808";11.2808;44.0796;0
"4408050081582";8.1582;44.0805;NA
"4408060110358";11.0358;44.0806;0
"4408110114506";11.4506;44.0811;NA
"4408190102486";10.2486;44.0819;NA
"4408320078733";7.8733;44.0832;0
"4408380101288";10.1288;44.0838;0.2
"4408470112778";11.2778;44.0847;NA
"4408670122078";12.2078;44.0867;0
"4408940101794";10.1794;44.0894;NA
"4409010104528";10.4528;44.0901;1.5999999
"4409110101034";10.1034;44.0911;0.2
"4409190122750";12.275;44.0919;0
"4409400101707";10.1707;44.094;0.2
"4409450098097";9.8097;44.0945;1.2
"4409470098094";9.8094;44.0947;NA
"4409780113719";11.3719;44.0978;NA
"4409820107517";10.7517;44.0982;1.2
"4409970107513";10.7513;44.0997;NA
"4410240103366";10.3366;44.1024;0.4
"4410330099305";9.9305;44.1033;NA
"4410380100070";10.007;44.1038;0.4
"4410630097348";9.7348;44.1063;0.6
"4410700098282";9.8282;44.107;0.6
"4410850102893";10.2893;44.1085;0.4
"4410880105341";10.5341;44.1088;0.2
"4410890111747";11.1747;44.1089;0
"4411230099655";9.9655;44.1123;1
"4411330106889";10.6889;44.1133;NA
"4411600101040";10.104;44.116;0
"4411610115481";11.5481;44.1161;0
"4411780078675";7.8675;44.1178;0
"4411810106096";10.6096;44.1181;1.8
"4411940108092";10.8092;44.1194;2.8007812
"4412000118081";11.8081;44.12;0
"4412190113814";11.3814;44.1219;0
"4412280079965";7.9965;44.1228;0
"4412530107403";10.7403;44.1253;NA
"4412560107903";10.7903;44.1256;NA
"4412750077292";7.7292;44.1275;0
"4412780100003";10.0003;44.1278;NA
"4412920115128";11.5128;44.1292;0
"4412950098689";9.8689;44.1295;0.2
"4412970107820";10.782;44.1297;4.3999996
"4413190102028";10.2028;44.1319;NA
"4413200081189";8.1189;44.132;0.2
"4413250097903";9.7903;44.1325;0
"4413280107433";10.7433;44.1328;2.1999998
"4413390108939";10.8939;44.1339;0.80078137
"4413490101972";10.1972;44.1349;0
"4413800099062";9.9062;44.138;0
"4413830114989";11.4989;44.1383;0
"4413890106722";10.6722;44.1389;NA
"4413900106740";10.674;44.139;1.4
"4413940122406";12.2406;44.1394;0
"4414080107365";10.7365;44.1408;NA
"4414250107375";10.7375;44.1425;NA
"4414440081634";8.1634;44.1444;0.2
"4414660082624";8.2624;44.1466;0
"4414820081645";8.1645;44.1482;NA
"4414830096402";9.6402;44.1483;0
"4414830116914";11.6914;44.1483;0
"4415060121369";12.1369;44.1506;NA
"4415280076190";7.619;44.1528;NA
"4415320097637";9.7637;44.1532;0.4
"4415400109774";10.9774;44.154;0
"4415590100333";10.0333;44.1559;0
"4415940103863";10.3863;44.1594;0.2
"4416170075908";7.5908;44.1617;0
"4416390105206";10.5206;44.1639;1.4000001
"4416390105222";10.5222;44.1639;NA
"4416400082200";8.22;44.164;0.2
"4416580123917";12.3917;44.1658;0
"4416640122689";12.2689;44.1664;0
"4416720073394";7.3394;44.1672;0
"4416910101500";10.15;44.1691;0.2
"4417010119494";11.9494;44.1701;0
"4417090102082";10.2082;44.1709;0.2
"4417140096068";9.6068;44.1714;0
"4417670104853";10.4853;44.1767;NA
"4417750080444";8.0444;44.1775;0.2001953
"4417780108181";10.8181;44.1778;0.1992188
"4417890096187";9.6187;44.1789;0
"4418610104833";10.4833;44.1861;NA
"4418970123478";12.3478;44.1897;0
"4418990097150";9.715;44.1899;0
"4419140106817";10.6817;44.1914;0.5996094
"4419200102920";10.292;44.192;0.4
"4419310077331";7.7331;44.1931;0
"4419320083788";8.3788;44.1932;0
"4419360106992";10.6992;44.1936;NA
"4419420074894";7.4894;44.1942;0
"4419510097710";9.771;44.1951;0
"4419530104856";10.4856;44.1953;1.4000001
"4419570083020";8.302;44.1957;0.6
"4419720104867";10.4867;44.1972;NA
"4419800098490";9.849;44.198;0
"4419860103588";10.3588;44.1986;NA
"4419940105894";10.5894;44.1994;1.2001953
"4420010103598";10.3598;44.2001;2.3999999
"4420060109761";10.9761;44.2006;NA
"4420310082933";8.2933;44.2031;NA
"4420780071469";7.1469;44.2078;3.2001953
"4420830072750";7.275;44.2083;0
"4420830104583";10.4583;44.2083;NA
"4421000104886";10.4886;44.21;2.199219
"4421040104472";10.4472;44.2104;2.8
"4421090101163";10.1163;44.2109;0.4
"4421110079444";7.9444;44.2111;0
"4421360095403";9.5403;44.2136;0
"4421390114336";11.4336;44.2139;0
"4421420115056";11.5056;44.2142;0
"4421500121697";12.1697;44.215;NA
"4421970117553";11.7553;44.2197;0
"4422000078328";7.8328;44.22;0
"4422030120419";12.0419;44.2203;0
"4422100116215";11.6215;44.221;0
"4422200099000";9.9;44.222;0
"4422280113253";11.3253;44.2228;0
"4422360116728";11.6728;44.2236;0
"4422420073931";7.3931;44.2242;0
"4422560107719";10.7719;44.2256;0.4003906
"4422670099667";9.9667;44.2267;NA
"4422700112235";11.2235;44.227;0
"4422860112567";11.2567;44.2286;0
"4422890100683";10.0683;44.2289;NA
"4423130097155";9.7155;44.2313;0
"4423190122340";12.234;44.2319;0
"4423230082024";8.2024;44.2323;1.2
"4423230082025";8.2025;44.2323;NA
"4423360076572";7.6572;44.2336;0
"4423410081182";8.1182;44.2341;NA
"4423510103327";10.3327;44.2351;0.8
"4423530081194";8.1194;44.2353;0.8007812
"4423720105164";10.5164;44.2372;4.8007817
"4424030103403";10.3403;44.2403;NA
"4424240100033";10.0033;44.2424;0.2
"4424330081958";8.1958;44.2433;1
"4424400081958";8.1958;44.244;NA
"4424500096147";9.6147;44.245;0
"4424560114336";11.4336;44.2456;0
"4424690101517";10.1517;44.2469;0.4
"4424830104669";10.4669;44.2483;3.5996094
"4424940115881";11.5881;44.2494;0
"4424970099658";9.9658;44.2497;1.4000001
"4424990098400";9.84;44.2499;0
"4425000099690";9.969;44.25;0
"4425040099699";9.9699;44.2504;NA
"4425140099669";9.9669;44.2514;NA
"4425310103117";10.3117;44.2531;NA
"4425590103096";10.3096;44.2559;1.2
"4425780084492";8.4492;44.2578;NA
"4426000078056";7.8056;44.26;0
"4426030106750";10.675;44.2603;2.600586
"4426060113281";11.3281;44.2606;0
"4426110070500";7.05;44.2611;0.4000244
"4426110103983";10.3983;44.2611;NA
"4426110110358";11.0358;44.2611;0.1992188
"4426280119930";11.993;44.2628;0
"4426390075183";7.5183;44.2639;0
"4426430097370";9.737;44.2643;0.2
"4426750109472";10.9472;44.2675;1.7998047
"4427000094297";9.4297;44.27;NA
"4427470078364";7.8364;44.2747;0
"4427470096596";9.6596;44.2747;0.2
"4427520095977";9.5977;44.2752;0.6
"4427520115783";11.5783;44.2752;0
"4427580119236";11.9236;44.2758;NA
"4427780079022";7.9022;44.2778;0
"4428190103028";10.3028;44.2819;NA
"4428240098635";9.8635;44.2824;3
"4428360082053";8.2053;44.2836;0.5996095
"4428420083714";8.3714;44.2842;0.2
"4428430083714";8.3714;44.2843;NA
"4428440103010";10.301;44.2844;1.6
"4428610079539";7.9539;44.2861;0
"4428650082025";8.2025;44.2865;NA
"4428720111167";11.1167;44.2872;0.4003906
"4428970083006";8.3006;44.2897;0.40039068
"4429080074342";7.4342;44.2908;0
"4429320082979";8.2979;44.2932;NA
"4429360105750";10.575;44.2936;3.4003906
"4429420117830";11.783;44.2942;0
"4429510094814";9.4814;44.2951;1
"4429670093735";9.3735;44.2967;0
"4429680093736";9.3736;44.2968;NA
"4429690103181";10.3181;44.2969;3.199219
"4429770121108";12.1108;44.2977;0
"4429850096775";9.6775;44.2985;0.8
"4429860076386";7.6386;44.2986;0
"4429920102383";10.2383;44.2992;NA
"4430000098000";9.8;44.3;2.3999999
"4430250071147";7.1147;44.3025;0.4003906
"4430280104264";10.4264;44.3028;2.199219
"4430350101195";10.1195;44.3035;0
"4430410102168";10.2168;44.3041;2
"4430540097658";9.7658;44.3054;1.4000001
"4430620084830";8.483;44.3062;0
"4430620084831";8.4831;44.3062;NA
"4431000077442";7.7442;44.31;0
"4431010099845";9.9845;44.3101;1.8
"4431030103567";10.3567;44.3103;7.798828
"4431080073136";7.3136;44.3108;0.2001953
"4431090094410";9.441;44.3109;NA
"4431270095486";9.5486;44.3127;0.6
"4431320081598";8.1598;44.3132;NA
"4431330081596";8.1596;44.3133;0
"4431390121600";12.16;44.3139;0
"4431610114781";11.4781;44.3161;0
"4431690108117";10.8117;44.3169;3.1997068
"4431880093298";9.3298;44.3188;0.2
"4432190093453";9.3453;44.3219;NA
"4432220093455";9.3455;44.3222;NA
"4432320096148";9.6148;44.3232;1
"4432360071514";7.1514;44.3236;0.5999756
"4432710091691";9.1691;44.3271;0.2
"4432830106228";10.6228;44.3283;0
"4433010120314";12.0314;44.3301;0
"4433300083829";8.3829;44.333;0.2
"4433300100335";10.0335;44.333;0.2
"4433420080872";8.0872;44.3342;0
"4433430083478";8.3478;44.3343;NA
"4433440075586";7.5586;44.3344;0
"4433440117511";11.7511;44.3344;0
"4433540084801";8.4801;44.3354;0
"4433620092104";9.2104;44.3362;NA
"4433910098221";9.8221;44.3391;1.4000001
"4434110102811";10.2811;44.3411;3.5996094
"4434170072083";7.2083;44.3417;1.1999512
"4434170101403";10.1403;44.3417;0.7998047
"4434210093562";9.3562;44.3421;0.4
"4434360107300";10.73;44.3436;1.2001953
"4434440110875";11.0875;44.3444;0.3994141
"4434530117128";11.7128;44.3453;0
"4434560084375";8.4375;44.3456;0
"4434700091593";9.1593;44.347;0
"4434830105694";10.5694;44.3483;1.6000975
"4434970096991";9.6991;44.3497;2.6000001
"4435050094808";9.4808;44.3505;2.4
"4435240095841";9.5841;44.3524;2.0000002
"4435290097641";9.7641;44.3529;3.2
"4435450092093";9.2093;44.3545;0.6
"4435610109242";10.9242;44.3561;2.6000977
"4435970119592";11.9592;44.3597;0
"4436180098966";9.8966;44.3618;1.2
"4436190085273";8.5273;44.3619;0
"4436190102008";10.2008;44.3619;1
"4436330101056";10.1056;44.3633;1.7988281
"4436390104617";10.4617;44.3639;2.7998047
"4436640084667";8.4667;44.3664;0
"4436660099559";9.9559;44.3666;0.99999994
"4436690083225";8.3225;44.3669;0
"4436780098915";9.8915;44.3678;NA
"4436810079644";7.9644;44.3681;0
"4436920098830";9.883;44.3692;NA
"4436920098832";9.8832;44.3692;1.5
"4436920113389";11.3389;44.3692;0
"4436940098928";9.8928;44.3694;1.3999999
"4436960081910";8.191;44.3696;0
"4436960098926";9.8926;44.3696;NA
"4437060075275";7.5275;44.3706;0
"4437230085732";8.5732;44.3723;0
"4437360112467";11.2467;44.3736;NA
"4437490094577";9.4577;44.3749;3.6000004
"4437780081139";8.1139;44.3778;0
"4438240085556";8.5556;44.3824;NA
"4438310095842";9.5842;44.3831;2.8000002
"4438400090607";9.0607;44.384;0
"4438720080178";8.0178;44.3872;0
"4438780075472";7.5472;44.3878;0
"4439080114953";11.4953;44.3908;0.20019531
"4439170078147";7.8147;44.3917;0
"4439250069397";6.9397;44.3925;0
"4439360092710";9.271;44.3936;0.6
"4439360102728";10.2728;44.3936;1.5996094
"4439370092710";9.271;44.3937;NA
"4439860071778";7.1778;44.3986;1
"4439920082803";8.2803;44.3992;0
"4440040089459";8.9459;44.4004;0
"4440230082722";8.2722;44.4023;NA
"4440290090932";9.0932;44.4029;0.4
"4440330114633";11.4633;44.4033;NA
"4440350086477";8.6477;44.4035;0
"4440530096205";9.6205;44.4053;3.0000005
"4440580100147";10.0147;44.4058;3.2011719
"4440610096822";9.6822;44.4061;4.4003906
"4440640086246";8.6246;44.4064;0
"4440670085260";8.526;44.4067;0
"4440680095338";9.5338;44.4068;5.2000003
"4440810084122";8.4122;44.4081;0
"4440840091815";9.1815;44.4084;NA
"4440930105231";10.5231;44.4093;0.19970703
"4440940070125";7.0125;44.4094;0.20019531
"4440940073244";7.3244;44.4094;0.20019531
"4441110115969";11.5969;44.4111;0
"4441140088841";8.8841;44.4114;0
"4441260084118";8.4118;44.4126;NA
"4441390081708";8.1708;44.4139;0
"4441500122000";12.2;44.415;0
"4441580084825";8.4825;44.4158;0
"4441610116897";11.6897;44.4161;0
"4441670116897";11.6897;44.4167;NA
"4441680090091";9.0091;44.4168;0
"4441810076919";7.6919;44.4181;0
"4441920107875";10.7875;44.4192;0.19970703
"4442110093219";9.3219;44.4211;1
"4442370089726";8.9726;44.4237;0
"4442420092849";9.2849;44.4242;1
"4442430094101";9.4101;44.4243;1.8000002
"4442670101731";10.1731;44.4267;2.2001953
"4442800089343";8.9343;44.428;0
"4442830104006";10.4006;44.4283;0.20019531
"4442850090635";9.0635;44.4285;0
"4443230088246";8.8246;44.4323;0
"4443280109933";10.9933;44.4328;0
"4443420100317";10.0317;44.4342;5
"4443430087416";8.7416;44.4343;0
"4443440089611";8.9611;44.4344;0
"4443560111342";11.1342;44.4356;0
"4443830100928";10.0928;44.4383;4.0000005
"4443850091074";9.1074;44.4385;0
"4443940112411";11.2411;44.4394;0
"4444080090472";9.0472;44.4408;0
"4444190094786";9.4786;44.4419;3.201172
"4444250088448";8.8448;44.4425;0
"4444370091699";9.1699;44.4437;0
"4444470097844";9.7844;44.4447;6
"4444560080761";8.0761;44.4456;0
"4444750096189";9.6189;44.4475;4.7988286
"4444780096994";9.6994;44.4478;7.5996094
"4444830118667";11.8667;44.4483;0
"4445140074111";7.4111;44.4514;0
"4445380113653";11.3653;44.4538;0
"4445530088956";8.8956;44.4553;0
"4445580070900";7.09;44.4558;0
"4445620087356";8.7356;44.4562;NA
"4445620098232";9.8232;44.4562;5.6
"4445960089796";8.9796;44.4596;0
"4446110093877";9.3877;44.4611;3.0000002
"4446230085809";8.5809;44.4623;NA
"4446270093952";9.3952;44.4627;3.8000004
"4446270093953";9.3953;44.4627;NA
"4446490078827";7.8827;44.4649;0
"4446490087049";8.7049;44.4649;0
"4446500085800";8.58;44.465;0
"4446610080881";8.0881;44.4661;NA
"4446640099205";9.9205;44.4664;8.2
"4446780090954";9.0954;44.4678;0
"4446950086274";8.6274;44.4695;0
"4447290094588";9.4588;44.4729;5
"4447390105178";10.5178;44.4739;NA
"4447420087331";8.7331;44.4742;0.4
"4447420112798";11.2798;44.4742;0
"4447430087331";8.7331;44.4743;NA
"4447510090071";9.0071;44.4751;0
"4447560105086";10.5086;44.4756;0
"4447780100583";10.0583;44.4778;7
"4447830084847";8.4847;44.4783;0
"4447890112986";11.2986;44.4789;0
"4448020087987";8.7987;44.4802;0
"4448230084857";8.4857;44.4823;NA
"4448310092428";9.2428;44.4831;0.40039068
"4448360112851";11.2851;44.4836;NA
"4448440112850";11.285;44.4844;0
"4448470104467";10.4467;44.4847;0
"4448530069817";6.9817;44.4853;0
"4448560089785";8.9785;44.4856;0
"4448560112197";11.2197;44.4856;0
"4448610087360";8.736;44.4861;0.4
"4448760091821";9.1821;44.4876;0
"4448800093402";9.3402;44.488;2.3984377
"4448850089001";8.9001;44.4885;0
"4449220081881";8.1881;44.4922;0
"4449330103300";10.33;44.4933;0.3994141
"4449330113453";11.3453;44.4933;0
"4449530079792";7.9792;44.4953;0
"4449610112000";11.2;44.4961;NA
"4449970101794";10.1794;44.4997;2.7998047
"4450030106064";10.6064;44.5003;0
"4450440110047";11.0047;44.5044;0
"4450560096325";9.6325;44.5056;1.7998047
"4450670099886";9.9886;44.5067;3
"4450670110875";11.0875;44.5067;0
"4450920072539";7.2539;44.5092;0.2001953
"4451110081744";8.1744;44.5111;0
"4451400098421";9.8421;44.514;3
"4451580091556";9.1556;44.5158;0
"4451640102767";10.2767;44.5164;1
"4451680091596";9.1596;44.5168;NA
"4451700079015";7.9015;44.517;0
"4451720091034";9.1034;44.5172;0
"4451770086731";8.6731;44.5177;NA
"4451780086731";8.6731;44.5178;0.2
"4451780103817";10.3817;44.5178;0
"4452010089859";8.9859;44.5201;0
"4452030106978";10.6978;44.5203;0
"4452040089474";8.9474;44.5204;0
"4452110069075";6.9075;44.5211;0
"4452170085383";8.5383;44.5217;0
"4452220083861";8.3861;44.5222;0
"4452810095483";9.5483;44.5281;1.8007814
"4452940104894";10.4894;44.5294;0
"4453010088582";8.8582;44.5301;0
"4453020088582";8.8582;44.5302;NA
"4453060092083";9.2083;44.5306;0.2001953
"4453810080150";8.015;44.5381;0
"4454030089382";8.9382;44.5403;0.2
"4454250077806";7.7806;44.5425;0
"4454260086939";8.6939;44.5426;0
"4454360100319";10.0319;44.5436;1
"4454420096114";9.6114;44.5442;1.4003906
"4454610070886";7.0886;44.5461;0
"4454640081650";8.165;44.5464;0
"4454720094516";9.4516;44.5472;NA
"4454780071211";7.1211;44.5478;0
"4454860089542";8.9542;44.5486;0
"4454860094472";9.4472;44.5486;1.4003906
"4455060089569";8.9569;44.5506;NA
"4455110109092";10.9092;44.5511;NA
"4455360084925";8.4925;44.5536;0
"4455420092842";9.2842;44.5542;0
"4455750074944";7.4944;44.5575;0
"4455810082594";8.2594;44.5581;0
"4456280087678";8.7678;44.5628;0.2001953
"4456330118439";11.8439;44.5633;0
"4456530096794";9.6794;44.5653;0.4003906
"4456640089475";8.9475;44.5664;0
"4456690104669";10.4669;44.5669;1.5996094
"4456720086597";8.6597;44.5672;0
"4456830090778";9.0778;44.5683;0
"4456860098867";9.8867;44.5686;0.6005859
"4456860117325";11.7325;44.5686;0
"4456870083353";8.3353;44.5687;0
"4457000073636";7.3636;44.57;0.1992188
"4457030090749";9.0749;44.5703;NA
"4457080115336";11.5336;44.5708;0
"4457130089489";8.9489;44.5713;NA
"4457230086578";8.6578;44.5723;NA
"4457360080181";8.0181;44.5736;0
"4457440069806";6.9806;44.5744;0
"4457690092772";9.2772;44.5769;0
"4457720092831";9.2831;44.5772;NA
"4458060103292";10.3292;44.5806;0
"4458170095847";9.5847;44.5817;0.40039068
"4458690094825";9.4825;44.5869;0.5996095
"4458890088778";8.8778;44.5889;0.1999512
"4459140112506";11.2506;44.5914;NA
"4459360097675";9.7675;44.5936;0.2001953
"4459390101144";10.1144;44.5939;0.2001953
"4459560106766";10.6766;44.5956;0
"4459920102592";10.2592;44.5992;0.2001953
"4460190120778";12.0778;44.6019;NA
"4460390087556";8.7556;44.6039;0.2011719
"4460470092363";9.2363;44.6047;NA
"4460470092364";9.2364;44.6047;0
"4461060083014";8.3014;44.6106;0
"4461330091875";9.1875;44.6133;0
"4461390070528";7.0528;44.6139;0
"4462080096350";9.635;44.6208;0.2011719
"4462750112906";11.2906;44.6275;0
"4463000097314";9.7314;44.63;0.2001953
"4463030098681";9.8681;44.6303;0.3994141
"4463250074783";7.4783;44.6325;0
"4463270094054";9.4054;44.6327;0
"4463310114572";11.4572;44.6331;0
"4463440104753";10.4753;44.6344;0
"4463610095794";9.5794;44.6361;0
"4463640108053";10.8053;44.6364;0.8007812
"4463890080503";8.0503;44.6389;0
"4464000110272";11.0272;44.64;0.2
"4464020093300";9.33;44.6402;0.2001953
"4464250103569";10.3569;44.6425;NA
"4464310095000";9.5;44.6431;0
"4464470087914";8.7914;44.6447;0
"4464690086361";8.6361;44.6469;0
"4464810102583";10.2583;44.6481;NA
"4464920098208";9.8208;44.6492;0.7998047
"4465000072658";7.2658;44.65;0
"4465000116167";11.6167;44.65;0
"4465640109169";10.9169;44.6564;2.8000002
"4465830095822";9.5822;44.6583;NA
"4466030070883";7.0883;44.6603;NA
"4466390077203";7.7203;44.6639;0
"4466390080431";8.0431;44.6639;NA
"4467360090917";9.0917;44.6736;0
"4467420082333";8.2333;44.6742;0
"4467720092003";9.2003;44.6772;0
"4467830084633";8.4633;44.6783;0
"4467860090231";9.0231;44.6786;0.1999512
"4468050092194";9.2194;44.6805;0
"4468190069797";6.9797;44.6819;0
"4468190088842";8.8842;44.6819;0.5996094
"4468310072647";7.2647;44.6831;0
"4468580102978";10.2978;44.6858;NA
"4468670109658";10.9658;44.6867;0
"4468690080925";8.0925;44.6869;0
"4468780071278";7.1278;44.6878;0
"4468810122114";12.2114;44.6881;0
"4468940101678";10.1678;44.6894;0
"4468940105106";10.5106;44.6894;0.8
"4469220095917";9.5917;44.6922;0.6000976
"4469310108531";10.8531;44.6931;NA
"4469470087678";8.7678;44.6947;0.1999512
"4469470096847";9.6847;44.6947;0.3994141
"4469500111447";11.1447;44.695;0
"4469780101244";10.1244;44.6978;0.2001953
"4469780106336";10.6336;44.6978;0.2
"4469920078508";7.8508;44.6992;0
"4470110071517";7.1517;44.7011;0
"4470310102061";10.2061;44.7031;NA
"4470560080270";8.027;44.7056;0.2001953
"4470720118911";11.8911;44.7072;NA
"4471210095697";9.5697;44.7121;0.2001953
"4471500097983";9.7983;44.715;0.4003906
"4471670081583";8.1583;44.7167;0
"4472610091497";9.1497;44.7261;0
"4472720099344";9.9344;44.7272;0.2001953
"4473030075731";7.5731;44.7303;0
"4473190072500";7.25;44.7319;0.1992188
"4473310100233";10.0233;44.7331;0
"4474250101472";10.1472;44.7425;NA
"4474310107728";10.7728;44.7431;0
"4474440081750";8.175;44.7444;0
"4474640117464";11.7464;44.7464;0
"4474770109876";10.9876;44.7477;0
"4475140079222";7.9222;44.7514;0
"4475190097758";9.7758;44.7519;0
"4475610089064";8.9064;44.7561;0.3994141
"4475830083444";8.3444;44.7583;0
"4476440097094";9.7094;44.7644;0
"4476670109756";10.9756;44.7667;0
"4476720093918";9.3918;44.7672;0
"4476810086722";8.6722;44.7681;0.39990228
"4476810092392";9.2392;44.7681;0
"4478060070531";7.0531;44.7806;0
"4478060080306";8.0306;44.7806;0
"4478060100386";10.0386;44.7806;0.8
"4478110087689";8.7689;44.7811;0.39990228
"4478220113708";11.3708;44.7822;0
"4478420085681";8.5681;44.7842;0.2001953
"4478420089919";8.9919;44.7842;0.2001953
"4478690081131";8.1131;44.7869;0
"4479560096333";9.6333;44.7956;0.5996094
"4479890089314";8.9314;44.7989;0
"4479890111186";11.1186;44.7989;NA
"4480170103272";10.3272;44.8017;0.2
"4480420103333";10.3333;44.8042;NA
"4480440090275";9.0275;44.8044;0.1999512
"4480750091794";9.1794;44.8075;0.2001953
"4480810102722";10.2722;44.8081;0.2
"4481190072419";7.2419;44.8119;0
"4481190074978";7.4978;44.8119;0
"4481390099839";9.9839;44.8139;0.2001953
"4481500122500";12.25;44.815;NA
"4481860071156";7.1156;44.8186;0.2001953
"4481970094986";9.4986;44.8197;0
"4482000096767";9.6767;44.82;0.1992188
"4482190091981";9.1981;44.8219;NA
"4482580097267";9.7267;44.8258;0.2001953
"4482580111256";11.1256;44.8258;0
"4483030088464";8.8464;44.8303;0.39990228
"4483170114542";11.4542;44.8317;0
"4483250116211";11.6211;44.8325;0
"4483280082750";8.275;44.8328;0
"4483610088722";8.8722;44.8361;NA
"4483690105781";10.5781;44.8369;0
"4483970093336";9.3336;44.8397;0
"4484000112850";11.285;44.84;NA
"4484220080815";8.0815;44.8422;0
"4485280079153";7.9153;44.8528;0
"4485860116578";11.6578;44.8586;0
"4487110092378";9.2378;44.8711;0
"4487180084105";8.4105;44.8718;0.2000008
"4487530072019";7.2019;44.8753;0.2001953
"4487690102256";10.2256;44.8769;NA
"4487750094919";9.4919;44.8775;0
"4488330073606";7.3606;44.8833;0
"4488490082122";8.2122;44.8849;0
"4488530072826";7.2826;44.8853;0
"4488530103806";10.3806;44.8853;0
"4488610076858";7.6858;44.8861;0.2001953
"4488610110161";11.0161;44.8861;0.2
"4488640108756";10.8756;44.8864;0
"4488720076889";7.6889;44.8872;0
"4488790116153";11.6153;44.8879;0
"4489110068472";6.8472;44.8911;0.2000732
"4489310100875";10.0875;44.8931;NA
"4489470069192";6.9192;44.8947;0
"4490560070583";7.0583;44.9056;0
"4491210105364";10.5364;44.9121;0
"4491250091950";9.195;44.9125;0
"4491610118211";11.8211;44.9161;0
"4491720098833";9.8833;44.9172;NA
"4491730123691";12.3691;44.9173;0
"4491860081911";8.1911;44.9186;0
"4492060067831";6.7831;44.9206;0
"4492170114269";11.4269;44.9217;0
"4492310078336";7.8336;44.9231;0
"4492670087139";8.7139;44.9267;0.6005859
"4494030067564";6.7564;44.9403;NA
"4494080092758";9.2758;44.9408;0
"4494190094417";9.4417;44.9419;0
"4494360103494";10.3494;44.9436;NA
"4494440077739";7.7739;44.9444;0
"4494670071631";7.1631;44.9467;0
"4494920072908";7.2908;44.9492;0
"4495140068889";6.8889;44.9514;0.1992188
"4495220102592";10.2592;44.9522;NA
"4495330068783";6.8783;44.9533;0.6000976
"4495440069111";6.9111;44.9544;0.2001953
"4495440077144";7.7144;44.9544;0
"4495920070728";7.0728;44.9592;0
"4496030107583";10.7583;44.9603;0
"4496250073900";7.39;44.9625;0
"4496720096833";9.6833;44.9672;NA
"4496750068364";6.8364;44.9675;0.5996094
"4496780068894";6.8894;44.9678;NA
"4498080082114";8.2114;44.9808;0
"4498390093833";9.3833;44.9839;NA
"4499020090176";9.0176;44.9902;0
"4499140069231";6.9231;44.9914;NA
"4499170085672";8.5672;44.9917;0
"4499440069472";6.9472;44.9944;0.2001953
"4500250100047";10.0047;45.0025;0
"4500470122482";12.2482;45.0047;NA
"4500690101678";10.1678;45.0069;0
"4500830081017";8.1017;45.0083;0
"4500970068889";6.8889;45.0097;0.4003906
"4500970069442";6.9442;45.0097;0.2001953
"4501540112899";11.2899;45.0154;0
"4501720076742";7.6742;45.0172;0
"4501860084086";8.4086;45.0186;0
"4502080079339";7.9339;45.0208;0
"4502220088494";8.8494;45.0222;0.2001953
"4502610067539";6.7539;45.0261;0
"4502780068486";6.8486;45.0278;NA
"4503100113025";11.3025;45.031;0
"4503340118260";11.826;45.0334;0
"4503470072431";7.2431;45.0347;0
"4503560074203";7.4203;45.0356;0
"4503690070747";7.0747;45.0369;0
"4504140077672";7.7672;45.0414;0
"4504140095897";9.5897;45.0414;0
"4504470066858";6.6858;45.0447;NA
"4504640068542";6.8542;45.0464;0
"4504670078792";7.8792;45.0467;0
"4505170066892";6.6892;45.0517;NA
"4505390069169";6.9169;45.0539;0
"4505560096803";9.6803;45.0556;0
"4506170099000";9.9;45.0617;NA
"4506390069067";6.9067;45.0639;0
"4506420067042";6.7042;45.0642;0
"4507170076897";7.6897;45.0717;0
"4507610067278";6.7278;45.0761;0
"4507750076789";7.6789;45.0775;0
"4508080075000";7.5;45.0808;0
"4508610076839";7.6839;45.0861;NA
"4509390073864";7.3864;45.0939;0
"4509420082761";8.2761;45.0942;0
"4510640067053";6.7053;45.1064;0
"4511250072678";7.2678;45.1125;0
"4511250076708";7.6708;45.1125;0
"4511390069667";6.9667;45.1139;0
"4511530107922";10.7922;45.1153;NA
"4511940080028";8.0028;45.1194;0
"4511970067031";6.7031;45.1197;NA
"4512170087981";8.7981;45.1217;NA
"4512170101953";10.1953;45.1217;0
"4512860067669";6.7669;45.1286;0
"4512920084950";8.495;45.1292;0
"4513410076312";7.6312;45.1341;0
"4514080069633";6.9633;45.1408;0
"4514470122758";12.2758;45.1447;0
"4514530070494";7.0494;45.1453;0.1999512
"4514720072372";7.2372;45.1472;0
"4515060078836";7.8836;45.1506;0
"4516150120872";12.0872;45.1615;0
"4516190097208";9.7208;45.1619;0
"4517190094889";9.4889;45.1719;0
"4517940100450";10.045;45.1794;0
"4518030118811";11.8811;45.1803;NA
"4518140078514";7.8514;45.1814;0
"4518560080117";8.0117;45.1856;0
"4518640094867";9.4867;45.1864;NA
"4518670118488";11.8488;45.1867;0
"4518830108878";10.8878;45.1883;0.2001953
"4519090091455";9.1455;45.1909;0
"4519170069850";6.985;45.1917;0
"4519220076519";7.6519;45.1922;0
"4519360074700";7.47;45.1936;0
"4519420117456";11.7456;45.1942;NA
"4519640073603";7.3603;45.1964;0
"4520690071500";7.15;45.2069;0
"4521690104158";10.4158;45.2169;NA
"4521750110083";11.0083;45.2175;0
"4522360116542";11.6542;45.2236;NA
"4522470069517";6.9517;45.2247;0
"4522780072739";7.2739;45.2278;0
"4523170073653";7.3653;45.2317;0
"4523330083300";8.33;45.2333;0
"4523890094053";9.4053;45.2389;0
"4524420114689";11.4689;45.2442;0.6
"4524690087006";8.7006;45.2469;0
"4525610099642";9.9642;45.2561;0
"4526000071653";7.1653;45.26;0
"4526360106631";10.6631;45.2636;0
"4526580112512";11.2512;45.2658;0.6
"4526880074860";7.486;45.2688;0
"4526920095625";9.5625;45.2692;0
"4528220089883";8.9883;45.2822;0.2001953
"4528390076681";7.6681;45.2839;0
"4528810078503";7.8503;45.2881;0
"4528860074928";7.4928;45.2886;0
"4529750071392";7.1392;45.2975;0
"4530250072219";7.2219;45.3025;0
"4531530075472";7.5472;45.3153;0
"4531650113832";11.3832;45.3165;0
"4531670073042";7.3042;45.3167;0
"4531920095085";9.5085;45.3192;0
"4532080092675";9.2675;45.3208;0
"4532310083978";8.3978;45.3231;0
"4532630078989";7.8989;45.3263;0
"4533560074128";7.4128;45.3356;0
"4533830123103";12.3103;45.3383;NA
"4534150088796";8.8796;45.3415;0
"4534170075194";7.5194;45.3417;0
"4534270116771";11.6771;45.3427;0
"4534730119522";11.9522;45.3473;0
"4535670096714";9.6714;45.3567;0
"4535990101453";10.1453;45.3599;0
"4536250072194";7.2194;45.3625;0
"4537000076364";7.6364;45.37;NA
"4537240108326";10.8326;45.3724;0.2
"4537420105119";10.5119;45.3742;NA
"4538000078175";7.8175;45.38;0
"4539050113796";11.3796;45.3905;0.6
"4539240107063";10.7063;45.3924;0
"4539930098901";9.8901;45.3993;0
"4540970075436";7.5436;45.4097;0
"4541390112853";11.2853;45.4139;NA
"4541530088025";8.8025;45.4153;0
"4541770080344";8.0344;45.4177;0
"4542000077953";7.7953;45.42;0
"4543060085944";8.5944;45.4306;0
"4543110123300";12.33;45.4311;NA
"4543190074197";7.4197;45.4319;0
"4543360100392";10.0392;45.4336;0
"4543600121175";12.1175;45.436;0
"4543750083842";8.3842;45.4375;0
"4543810074239";7.4239;45.4381;0
"4544030072111";7.2111;45.4403;0
"4544140086333";8.6333;45.4414;0
"4544360076572";7.6572;45.4436;0
"4544420095211";9.5211;45.4442;0
"4544960116620";11.662;45.4496;0
"4545000124592";12.4592;45.45;NA
"4545170114447";11.4447;45.4517;NA
"4545310073139";7.3139;45.4531;0
"4545870124863";12.4863;45.4587;0
"4546030111716";11.1716;45.4603;0
"4546170077750";7.775;45.4617;0
"4546630104028";10.4028;45.4663;NA
"4546940071375";7.1375;45.4694;0
"4547210114692";11.4692;45.4721;0
"4547780081731";8.1731;45.4778;0
"4548250092500";9.25;45.4825;NA
"4548560073947";7.3947;45.4856;NA
"4549090113923";11.3923;45.4909;0
"4549250122464";12.2464;45.4925;NA
"4549550119134";11.9134;45.4955;0
"4549750092567";9.2567;45.4975;0.2001953
"4551330074875";7.4875;45.5133;0
"4551390078069";7.8069;45.5139;0
"4551420078736";7.8736;45.5142;0
"4551800107659";10.7659;45.518;0
"4552220099378";9.9378;45.5222;0
"4552530102614";10.2614;45.5253;0
"4552550115214";11.5214;45.5255;0
"4553220077147";7.7147;45.5322;0
"4554280092056";9.2056;45.5428;0
"4554470086981";8.6981;45.5447;0
"4554640120044";12.0044;45.5464;NA
"4554780124425";12.4425;45.5478;NA
"4554790109233";10.9233;45.5479;0
"4554860088472";8.8472;45.5486;0
"4555560075753";7.5753;45.5556;0
"4556000082481";8.2481;45.56;0
"4556080078917";7.8917;45.5608;0
"4556250080583";8.0583;45.5625;0
"4556380072080";7.208;45.5638;NA
"4556860079492";7.9492;45.5686;0
"4556920085503";8.5503;45.5692;0
"4556920116303";11.6303;45.5692;NA
"4557880071234";7.1234;45.5788;NA
"4557970071917";7.1917;45.5797;NA
"4558070123078";12.3078;45.5807;0
"4558280091587";9.1587;45.5828;NA
"4558670073442";7.3442;45.5867;NA
"4558780073669";7.3669;45.5878;NA
"4559010113698";11.3698;45.5901;0.5999994
"4559580073825";7.3825;45.5958;0
"4559810137431";13.7431;45.5981;0
"4560320127071";12.7071;45.6032;0
"4560470076800";7.68;45.6047;NA
"4560780071214";7.1214;45.6078;NA
"4560780081025";8.1025;45.6078;0
"4560850111814";11.1814;45.6085;0
"4560970103222";10.3222;45.6097;0
"4561180077443";7.7443;45.6118;NA
"4561390070572";7.0572;45.6139;0
"4561580075453";7.5453;45.6158;0
"4561940110386";11.0386;45.6194;0
"4562240076057";7.6057;45.6224;NA
"4562640088239";8.8239;45.6264;0
"4563030079875";7.9875;45.6303;0
"4563110078575";7.8575;45.6311;0
"4563500138328";13.8328;45.635;0
"4564140130775";13.0775;45.6414;0
"4564250083336";8.3336;45.6425;0
"4564470074850";7.485;45.6447;NA
"4564720137644";13.7644;45.6472;0
"4564740072019";7.2019;45.6474;NA
"4564970071529";7.1529;45.6497;NA
"4564970072508";7.2508;45.6497;NA
"4565440122469";12.2469;45.6544;NA
"4565880115477";11.5477;45.6588;0.2
"4566060096589";9.6589;45.6606;0
"4566140080758";8.0758;45.6614;0
"4566140090664";9.0664;45.6614;0
"4566360098222";9.8222;45.6636;NA
"4566440073089";7.3089;45.6644;NA
"4566440093811";9.3811;45.6644;0
"4566520099579";9.9579;45.6652;0
"4566930114644";11.4644;45.6693;0
"4566980119203";11.9203;45.6698;0
"4567390082217";8.2217;45.6739;0
"4567390086275";8.6275;45.6739;0
"4567720081556";8.1556;45.6772;0
"4568080133741";13.3741;45.6808;0
"4568090122215";12.2215;45.6809;0
"4568330069153";6.9153;45.6833;NA
"4568360076131";7.6131;45.6836;NA
"4568360124186";12.4186;45.6836;NA
"4568380071215";7.1215;45.6838;NA
"4568690074978";7.4978;45.6869;NA
"4568730078564";7.8564;45.6873;NA
"4568940088069";8.8069;45.6894;0
"4568960088078";8.8078;45.6896;0
"4569160131451";13.1451;45.6916;0
"4569170101869";10.1869;45.6917;NA
"4569220079589";7.9589;45.6922;0
"4569310137533";13.7533;45.6931;0
"4569490119478";11.9478;45.6949;0
"4569670101881";10.1881;45.6967;NA
"4569890092986";9.2986;45.6989;0
"4570200112147";11.2147;45.702;1.6000004
"4570400111848";11.1848;45.704;0.2
"4570440095880";9.588;45.7044;NA
"4570500084608";8.4608;45.705;0
"4570970069636";6.9636;45.7097;0
"4571060089725";8.9725;45.7106;0
"4571220082778";8.2778;45.7122;0
"4571330091027";9.1027;45.7133;0
"4571660117763";11.7763;45.7166;0.2
"4571710125239";12.5239;45.7171;0
"4571750069725";6.9725;45.7175;NA
"4571860090858";9.0858;45.7186;0
"4571890097083";9.7083;45.7189;0
"4572420104992";10.4992;45.7242;0
"4573220080850";8.085;45.7322;0
"4573510109576";10.9576;45.7351;NA
"4573530109569";10.9569;45.7353;0
"4573560073600";7.36;45.7356;NA
"4573940074392";7.4392;45.7394;NA
"4574040115233";11.5233;45.7404;0.39999968
"4574240076179";7.6179;45.7424;0
"4574550127613";12.7613;45.7455;0
"4574810085131";8.5131;45.7481;0
"4574810088211";8.8211;45.7481;0
"4574830078250";7.825;45.7483;NA
"4575000111669";11.1669;45.75;NA
"4575220083281";8.3281;45.7522;0
"4575780112147";11.2147;45.7578;0
"4575830069500";6.95;45.7583;NA
"4576150070090";7.009;45.7615;NA
"4576190092444";9.2444;45.7619;0
"4576560085670";8.567;45.7656;0
"4576560136869";13.6869;45.7656;0
"4576640068425";6.8425;45.7664;0
"4576640134044";13.4044;45.7664;0
"4576940080167";8.0167;45.7694;0
"4577220129969";12.9969;45.7722;0
"4577310089728";8.9728;45.7731;0
"4577390084411";8.4411;45.7739;0
"4577390088697";8.8697;45.7739;NA
"4578160076987";7.6987;45.7816;NA
"4578170093058";9.3058;45.7817;0
"4578480098219";9.8219;45.7848;0
"4578500121130";12.113;45.785;0
"4578570125390";12.539;45.7857;0
"4578580118947";11.8947;45.7858;0
"4578610099342";9.9342;45.7861;0
"4578900111055";11.1055;45.789;NA
"4578920102684";10.2684;45.7892;0
"4579500111008";11.1008;45.795;0.2000008
"4579580070181";7.0181;45.7958;NA
"4579640135114";13.5114;45.7964;0
"4580130113433";11.3433;45.8013;0
"4580360074917";7.4917;45.8036;NA
"4581110103753";10.3753;45.8111;NA
"4581190098661";9.8661;45.8119;0
"4581390069958";6.9958;45.8139;NA
"4581390101531";10.1531;45.8139;0
"4581550113084";11.3084;45.8155;0
"4581720105456";10.5456;45.8172;0
"4581890132756";13.2756;45.8189;0
"4582030082744";8.2744;45.8203;0
"4582050090670";9.067;45.8205;0
"4582280119921";11.9921;45.8228;NA
"4582560073425";7.3425;45.8256;0
"4582670085064";8.5064;45.8267;0
"4582680131595";13.1595;45.8268;0
"4582840128002";12.8002;45.8284;0
"4583080071594";7.1594;45.8308;0
"4583190134039";13.4039;45.8319;0
"4583250078214";7.8214;45.8325;0
"4583250088236";8.8236;45.8325;0
"4583310131133";13.1133;45.8331;0
"4583470081114";8.1114;45.8347;0
"4583530096647";9.6647;45.8353;NA
"4583540092323";9.2323;45.8354;0
"4583610083647";8.3647;45.8361;0
"4583670096664";9.6664;45.8367;NA
"4583690124399";12.4399;45.8369;0
"4583970095114";9.5114;45.8397;0
"4584010117292";11.7292;45.8401;0.2000122
"4584170118407";11.8407;45.8417;0.2
"4584300092950";9.295;45.843;0
"4584310135472";13.5472;45.8431;0
"4584390126177";12.6177;45.8439;0
"4584440076228";7.6228;45.8444;0
"4584470113673";11.3673;45.8447;0.399994
"4584610088906";8.8906;45.8461;0
"4585220078486";7.8486;45.8522;NA
"4585500127575";12.7575;45.855;0
"4586140105728";10.5728;45.8614;0
"4586170082386";8.2386;45.8617;0
"4586250116592";11.6592;45.8625;0
"4586310106461";10.6461;45.8631;NA
"4586520111763";11.1763;45.8652;NA
"4586710123262";12.3262;45.8671;0
"4586750070278";7.0278;45.8675;NA
"4586780111714";11.1714;45.8678;2
"4586820076162";7.6162;45.8682;NA
"4586840078076";7.8076;45.8684;NA
"4586940071536";7.1536;45.8694;NA
"4586970096392";9.6392;45.8697;0
"4587090101567";10.1567;45.8709;NA
"4587280077139";7.7139;45.8728;NA
"4587360077153";7.7153;45.8736;NA
"4587360079347";7.9347;45.8736;0
"4587390079017";7.9017;45.8739;NA
"4587400127129";12.7129;45.874;0
"4587470101775";10.1775;45.8747;0
"4587550084092";8.4092;45.8755;0
"4587780104469";10.4469;45.8778;NA
"4587950108381";10.8381;45.8795;NA
"4587970080094";8.0094;45.8797;0
"4588020115528";11.5528;45.8802;0.199997
"4588030084472";8.4472;45.8803;0
"4588130122823";12.2823;45.8813;0
"4588140073006";7.3006;45.8814;0
"4588140110219";11.0219;45.8814;0
"4588340115110";11.511;45.8834;0.4
"4588360108439";10.8439;45.8836;0.2000122
"4588390070650";7.065;45.8839;0
"4588530084539";8.4539;45.8853;NA
"4588640099467";9.9467;45.8864;NA
"4588750085111";8.5111;45.8875;0
"4588890097678";9.7678;45.8889;NA
"4589110097889";9.7889;45.8911;0
"4589170095669";9.5669;45.8917;NA
"4589220124935";12.4935;45.8922;0
"4589530110442";11.0442;45.8953;NA
"4589680136000";13.6;45.8968;0
"4589720081606";8.1606;45.8972;0
"4590000074900";7.49;45.9;NA
"4590030111144";11.1144;45.9003;0
"4590250110299";11.0299;45.9025;NA
"4590280135133";13.5133;45.9028;0.3999939
"4590330087428";8.7428;45.9033;0
"4590530092661";9.2661;45.9053;NA
"4590610083106";8.3106;45.9061;0
"4590630086199";8.6199;45.9063;0
"4590920086453";8.6453;45.9092;0
"4590960106189";10.6189;45.9096;0
"4591140085295";8.5295;45.9114;0
"4591140133331";13.3331;45.9114;0
"4591250080503";8.0503;45.9125;0
"4591280094975";9.4975;45.9128;0
"4591440131619";13.1619;45.9144;0
"4591830112067";11.2067;45.9183;NA
"4592140108831";10.8831;45.9214;NA
"4592220117238";11.7238;45.9222;NA
"4592220126139";12.6139;45.9222;0
"4592500100642";10.0642;45.925;0
"4592580128697";12.8697;45.9258;0
"4593000076031";7.6031;45.93;NA
"4593110076628";7.6628;45.9311;NA
"4593420077064";7.7064;45.9342;NA
"4594240131379";13.1379;45.9424;0
"4594250135067";13.5067;45.9425;0.6000061
"4594370125030";12.503;45.9437;0
"4594560102869";10.2869;45.9456;NA
"4594610096728";9.6728;45.9461;0
"4594970098550";9.855;45.9497;0
"4595000098642";9.8642;45.95;0
"4595330079181";7.9181;45.9533;0
"4595360130211";13.0211;45.9536;0
"4595530079167";7.9167;45.9553;NA
"4595560129030";12.903;45.9556;0
"4595700121171";12.1171;45.957;0
"4595860126497";12.6497;45.9586;0
"4596030085311";8.5311;45.9603;0
"4596690110919";11.0919;45.9669;NA
"4597170088503";8.8503;45.9717;0
"4597300084230";8.423;45.973;0
"4597360079542";7.9542;45.9736;0
"4597360095389";9.5389;45.9736;0
"4597360134533";13.4533;45.9736;0
"4597500101042";10.1042;45.975;0
"4598040133923";13.3923;45.9804;0
"4598060102611";10.2611;45.9806;0
"4598540123076";12.3076;45.9854;0
"4598660122461";12.2461;45.9866;0
"4598670080458";8.0458;45.9867;0
"4598670081561";8.1561;45.9867;0
"4599070123003";12.3003;45.9907;NA
"4599190132961";13.2961;45.9919;0
"4599410087301";8.7301;45.9941;0
"4599660079823";7.9823;45.9966;0
"4599780125899";12.5899;45.9978;0
"4600280116553";11.6553;46.0028;NA
"4600310113183";11.3183;46.0031;1.8000183
"4600440116447";11.6447;46.0044;0.2000046
"4600500082669";8.2669;46.005;0
"4600510113246";11.3246;46.0051;NA
"4600560084903";8.4903;46.0056;0
"4600670093808";9.3808;46.0067;0
"4600690101394";10.1394;46.0069;NA
"4600780099481";9.9481;46.0078;0
"4600920127003";12.7003;46.0092;0
"4601000113050";11.305;46.01;NA
"4601290118129";11.8129;46.0129;NA
"4601420096619";9.6619;46.0142;NA
"4601420130392";13.0392;46.0142;0
"4601430128670";12.867;46.0143;0
"4601620118946";11.8946;46.0162;0.2
"4602330103425";10.3425;46.0233;0
"4602500095789";9.5789;46.025;0
"4602690107258";10.7258;46.0269;NA
"4603330109469";10.9469;46.0333;0.2000122
"4603720108700";10.87;46.0372;0
"4603860091408";9.1408;46.0386;NA
"4603890096294";9.6294;46.0389;0
"4604140097972";9.7972;46.0414;0
"4604190113108";11.3108;46.0419;NA
"4604220113092";11.3092;46.0422;2.2000122
"4604250097561";9.7561;46.0425;0
"4604280086778";8.6778;46.0428;0
"4604280107500";10.75;46.0428;0.199997
"4604330133096";13.3096;46.0433;0
"4604470134884";13.4884;46.0447;0
"4604750129817";12.9817;46.0475;0
"4604830114047";11.4047;46.0483;3.8007815
"4605420114600";11.46;46.0542;2.5999908
"4605690131394";13.1394;46.0569;0
"4605780132364";13.2364;46.0578;NA
"4605830086958";8.6958;46.0583;0
"4606110084056";8.4056;46.0611;0
"4606170133581";13.3581;46.0617;0
"4606390100389";10.0389;46.0639;0
"4606390124431";12.4431;46.0639;0
"4606440126031";12.6031;46.0644;0.2011719
"4606690094561";9.4561;46.0669;NA
"4606860114550";11.455;46.0686;NA
"4607030111158";11.1158;46.0703;0.3999939
"4607360114717";11.4717;46.0736;0.8000032
"4607640112764";11.2764;46.0764;0
"4607780116206";11.6206;46.0778;NA
"4607860102969";10.2969;46.0786;0
"4608060103778";10.3778;46.0806;0
"4608610081194";8.1194;46.0861;NA
"4608810127906";12.7906;46.0881;0
"4609140091111";9.1111;46.0914;0
"4609360134208";13.4208;46.0936;0
"4609500111014";11.1014;46.095;NA
"4609860085675";8.5675;46.0986;0
"4610140116600";11.66;46.1014;NA
"4610220107394";10.7394;46.1022;0.2000046
"4610440130933";13.0933;46.1044;0
"4610560095694";9.5694;46.1056;0
"4610780125317";12.5317;46.1078;0
"4610830128825";12.8825;46.1083;0
"4611030083028";8.3028;46.1103;0
"4611370134905";13.4905;46.1137;0
"4611530124917";12.4917;46.1153;0.1992188
"4611530132289";13.2289;46.1153;0
"4611780131658";13.1658;46.1178;0
"4611810125058";12.5058;46.1181;0.1992188
"4611910124402";12.4402;46.1191;0.8
"4611920135850";13.585;46.1192;0.1992188
"4612080114997";11.4997;46.1208;NA
"4612280133089";13.3089;46.1228;0
"4612360081764";8.1764;46.1236;0
"4612580128196";12.8196;46.1258;0
"4612920101483";10.1483;46.1292;0
"4612990123183";12.3183;46.1299;0.6000061
"4613220128932";12.8932;46.1322;0
"4613810084206";8.4206;46.1381;0
"4613810111186";11.1186;46.1381;3.5996094
"4614690130264";13.0264;46.1469;0
"4614990094114";9.4114;46.1499;0
"4615170132139";13.2139;46.1517;0
"4615500097925";9.7925;46.155;0
"4615580107578";10.7578;46.1558;NA
"4615690130139";13.0139;46.1569;0
"4615780136408";13.6408;46.1578;0
"4615930134868";13.4868;46.1593;0
"4615940117528";11.7528;46.1594;NA
"4616080117447";11.7447;46.1608;2.600006
"4616470122447";12.2447;46.1647;2.2
"4616530132597";13.2597;46.1653;0
"4616690131461";13.1461;46.1669;0
"4616750098508";9.8508;46.1675;0
"4616810084561";8.4561;46.1681;0
"4616970112181";11.2181;46.1697;NA
"4617000103414";10.3414;46.17;NA
"4617030107261";10.7261;46.1703;NA
"4617170124147";12.4147;46.1717;NA
"4617170126569";12.6569;46.1717;0.2011719
"4617330107264";10.7264;46.1733;NA
"4617360127194";12.7194;46.1736;0
"4617420118300";11.83;46.1742;0.8000031
"4617500104708";10.4708;46.175;0
"4617580103336";10.3336;46.1758;0
"4617610081903";8.1903;46.1761;0
"4618330093258";9.3258;46.1833;0
"4618360125525";12.5525;46.1836;0
"4618560124817";12.4817;46.1856;0
"4618860135281";13.5281;46.1886;0
"4619070124079";12.4079;46.1907;0
"4619220132036";13.2036;46.1922;0
"4619390111031";11.1031;46.1939;0
"4619530126242";12.6242;46.1953;0.40039068
"4619610126592";12.6592;46.1961;0.2011719
"4619610131536";13.1536;46.1961;0
"4619670133625";13.3625;46.1967;0
"4619720116789";11.6789;46.1972;0
"4620500084317";8.4317;46.205;NA
"4620560118711";11.8711;46.2056;NA
"4620970132278";13.2278;46.2097;0
"4621250135244";13.5244;46.2125;0
"4621310098677";9.8677;46.2131;NA
"4621500082058";8.2058;46.215;0
"4621780127729";12.7729;46.2178;0
"4621970118739";11.8739;46.2197;3.8007815
"4622220083322";8.3322;46.2222;0
"4622420127958";12.7958;46.2242;0
"4622690098581";9.8581;46.2269;NA
"4622690099008";9.9008;46.2269;NA
"4622750098597";9.8597;46.2275;NA
"4622860131614";13.1614;46.2286;0
"4622970129181";12.9181;46.2297;0
"4623000130642";13.0642;46.23;NA
"4623390133806";13.3806;46.2339;0
"4623580126758";12.6758;46.2358;0.8007814
"4623610094267";9.4267;46.2361;0
"4623640111853";11.1853;46.2364;0
"4623780110547";11.0547;46.2378;0
"4623810096325";9.6325;46.2381;0
"4624040094076";9.4076;46.2404;NA
"4624060127503";12.7503;46.2406;0
"4624110117783";11.7783;46.2411;3.199219
"4624140129931";12.9931;46.2414;0
"4624220115031";11.5031;46.2422;1.7998047
"4624250125728";12.5728;46.2425;0.2001953
"4624360095964";9.5964;46.2436;0
"4624470081886";8.1886;46.2447;0
"4624640124714";12.4714;46.2464;1.0000002
"4624750103192";10.3192;46.2475;0
"4624970103092";10.3092;46.2497;NA
"4625610125639";12.5639;46.2561;0.5996095
"4625830098342";9.8342;46.2583;NA
"4625830127006";12.7006;46.2583;0
"4625920128311";12.8311;46.2592;0
"4626030113389";11.3389;46.2603;0
"4626100098499";9.8499;46.261;NA
"4626170105969";10.5969;46.2617;NA
"4626360125006";12.5006;46.2636;0.5996095
"4626550098527";9.8527;46.2655;NA
"4626690133294";13.3294;46.2669;0
"4627060125401";12.5401;46.2706;0
"4627360131347";13.1347;46.2736;0
"4627500081417";8.1417;46.275;0
"4627500108269";10.8269;46.275;0
"4627750124437";12.4437;46.2775;1.0000002
"4627780123706";12.3706;46.2778;0.7988283
"4627800120332";12.0332;46.278;0
"4628140120415";12.0415;46.2814;NA
"4628170128042";12.8042;46.2817;0
"4628420114522";11.4522;46.2842;NA
"4628440114800";11.48;46.2844;0
"4628500114799";11.4799;46.285;NA
"4628860099175";9.9175;46.2886;NA
"4629000133508";13.3508;46.29;0
"4629190127161";12.7161;46.2919;0
"4629250098822";9.8822;46.2925;0
"4629440098656";9.8656;46.2944;NA
"4629610105069";10.5069;46.2961;0
"4629720126017";12.6017;46.2972;1.4003906
"4629830129433";12.9433;46.2983;0
"4629850132691";13.2691;46.2985;0
"4629920099389";9.9389;46.2992;NA
"4629970098361";9.8361;46.2997;NA
"4630360083664";8.3664;46.3036;0
"4630580134000";13.4;46.3058;0
"4630890130558";13.0558;46.3089;0
"4631120107614";10.7614;46.3112;NA
"4631170107617";10.7617;46.3117;0
"4631560082594";8.2594;46.3156;0
"4631610112631";11.2631;46.3161;NA
"4632060110139";11.0139;46.3206;0
"4632060123936";12.3936;46.3206;1.1992189
"4632080097628";9.7628;46.3208;NA
"4633690133958";13.3958;46.3369;0
"4634530125906";12.5906;46.3453;1.4003907
"4634670121846";12.1846;46.3467;0
"4634690113047";11.3047;46.3469;0
"4634720084306";8.4306;46.3472;0
"4634810127983";12.7983;46.3481;0
"4634920109136";10.9136;46.3492;0
"4634920124858";12.4858;46.3492;1.4003906
"4635010103544";10.3544;46.3501;NA
"4635220126778";12.6778;46.3522;0.3984376
"4635240119665";11.9665;46.3524;1.4000016
"4635280129306";12.9306;46.3528;0
"4635420131936";13.1936;46.3542;0
"4635540118695";11.8695;46.3554;0
"4635970093203";9.3203;46.3597;0
"4636720132992";13.2992;46.3672;0
"4637440134703";13.4703;46.3744;0
"4637890124892";12.4892;46.3789;0
"4638330103311";10.3311;46.3833;NA
"4639280127147";12.7147;46.3928;0.2011719
"4639320132177";13.2177;46.3932;0
"4639330116667";11.6667;46.3933;0
"4639420123566";12.3566;46.3942;0
"4639580116700";11.67;46.3958;NA
"4640010131865";13.1865;46.4001;0
"4640160130007";13.0007;46.4016;NA
"4640280133753";13.3753;46.4028;0
"4640460125875";12.5875;46.4046;0.399994
"4640540133102";13.3102;46.4054;0
"4640560113108";11.3108;46.4056;0
"4641130129078";12.9078;46.4113;0
"4641470104978";10.4978;46.4147;NA
"4641540123323";12.3323;46.4154;0
"4641810111975";11.1975;46.4181;NA
"4641890105639";10.5639;46.4189;NA
"4642080105639";10.5639;46.4208;NA
"4642190130217";13.0217;46.4219;0
"4642870119048";11.9048;46.4287;0
"4643390117331";11.7331;46.4339;0
"4643720122426";12.2426;46.4372;0.2
"4643720133803";13.3803;46.4372;0
"4643750083661";8.3661;46.4375;0
"4643890135778";13.5778;46.4389;0
"4644040119900";11.99;46.4404;0
"4644220122456";12.2456;46.4422;0.59960926
"4644330122063";12.2063;46.4433;0
"4644740122504";12.2504;46.4474;1.8007811
"4645190126267";12.6267;46.4519;1.7998046
"4645440125594";12.5594;46.4544;1.2001953
"4645610132486";13.2486;46.4561;0
"4645650130358";13.0358;46.4565;0
"4645830134528";13.4528;46.4583;0
"4645940102425";10.2425;46.4594;NA
"4646090124104";12.4104;46.4609;0
"4646110103433";10.3433;46.4611;0
"4646330103992";10.3992;46.4633;NA
"4646420117153";11.7153;46.4642;NA
"4646640136619";13.6619;46.4664;0
"4646720126819";12.6819;46.4672;6.5996094
"4646890135739";13.5739;46.4689;0
"4647190093481";9.3481;46.4719;0
"4647470117444";11.7444;46.4747;0
"4647780101889";10.1889;46.4778;0
"4647990103551";10.3551;46.4799;NA
"4648030113025";11.3025;46.4803;NA
"4648140131411";13.1411;46.4814;0
"4648390127228";12.7228;46.4839;0.5996095
"4648420112995";11.2995;46.4842;NA
"4648580131892";13.1892;46.4858;0
"4649360102072";10.2072;46.4936;0
"4649360106142";10.6142;46.4936;0.5
"4649500133142";13.3142;46.495;0
"4649610136869";13.6869;46.4961;0
"4649670135969";13.5969;46.4967;0
"4650000118761";11.8761;46.5;0
"4650030118078";11.8078;46.5003;0
"4650140129317";12.9317;46.5014;0
"4650580128639";12.8639;46.5058;0
"4650580134403";13.4403;46.5058;0
"4650860107267";10.7267;46.5086;0
"4650950128032";12.8032;46.5095;0.3999977
"4650970127731";12.7731;46.5097;0.80004877
"4651330115061";11.5061;46.5133;0
"4651360103228";10.3228;46.5136;NA
"4651690103200";10.32;46.5169;NA
"4651780105956";10.5956;46.5178;0
"4651940129172";12.9172;46.5194;0
"4651940131331";13.1331;46.5194;0
"4651990128112";12.8112;46.5199;0.6015626
"4652020120280";12.028;46.5202;0
"4652740121751";12.1751;46.5274;0.2
"4652810130122";13.0122;46.5281;0
"4652980133054";13.3054;46.5298;0
"4653470121344";12.1344;46.5347;NA
"4653670121274";12.1274;46.5367;0
"4653810135169";13.5169;46.5381;0
"4653940109953";10.9953;46.5394;NA
"4654170109903";10.9903;46.5417;0.2
"4654310134750";13.475;46.5431;0
"4654560117683";11.7683;46.5456;0
"4655630124259";12.4259;46.5563;1
"4655720125525";12.5525;46.5572;0
"4655750129833";12.9833;46.5575;0.2011719
"4655840130082";13.0082;46.5584;0
"4655970132753";13.2753;46.5597;0.2011719
"4656440119061";11.9061;46.5644;0
"4656780121866";12.1866;46.5678;NA
"4656780131686";13.1686;46.5678;0
"4657030127464";12.7464;46.5703;0.40039068
"4657070127081";12.7081;46.5707;0
"4657080130147";13.0147;46.5708;0
"4657500127747";12.7747;46.575;0.4000016
"4657640118942";11.8942;46.5764;NA
"4657640122501";12.2501;46.5764;0
"4658440128431";12.8431;46.5844;0
"4658720130294";13.0294;46.5872;0
"4659420128997";12.8997;46.5942;0.7988283
"4661390105942";10.5942;46.6139;NA
"4661610106944";10.6944;46.6161;NA
"4661730106942";10.6942;46.6173;NA
"4662200108675";10.8675;46.622;NA
"4662500106494";10.6494;46.625;0
"4662530116625";11.6625;46.6253;NA
"4663670113650";11.365;46.6367;NA
"4663750104614";10.4614;46.6375;0
"4664780109908";10.9908;46.6478;0
"4665220124240";12.424;46.6522;0.2
"4665870111454";11.1454;46.6587;NA
"4666250123700";12.37;46.6625;0.2
"4667640112553";11.2553;46.6764;NA
"4667920118978";11.8978;46.6792;0
"4670580105211";10.5211;46.7058;0
"4670700116570";11.657;46.707;NA
"4671920116678";11.6678;46.7192;NA
"4672670122275";12.2275;46.7267;NA
"4677580105286";10.5286;46.7758;0
"4677620118795";11.8795;46.7762;NA
"4678220112294";11.2294;46.7822;0
"4679610110881";11.0881;46.7961;0
"4680330119311";11.9311;46.8033;0
"4681330112483";11.2483;46.8133;NA
"4688390114312";11.4312;46.8839;NA
"4688390114383";11.4383;46.8839;0
"4690030119475";11.9475;46.9003;NA
"4690220114306";11.4306;46.9022;NA
"4691610119503";11.9503;46.9161;NA
"4694280120819";12.0819;46.9428;0
"8228534636830";8.2284937;40.9368295;NA
"8285087392989";8.2850468;40.5929892;NA
"8361770661600";8.36173;40.6616;0.2
"8376440768400";8.3764;40.7684;0
"8377470650100";8.37743;40.6501;0
"8381150609900";8.38111;40.6099;0
"8437439218081";8.4373999;39.3180812;NA
"8459720546800";8.45968;40.5468;0.4
"8470020693700";8.46998;40.6937;0
"8473815901755";8.4737754;40.5017548;NA
"8496869443100";8.49683;39.4431;0
"8498490281900";8.49845;40.2819;4.6
"8499350436401";8.499311;39.4364008;NA
"8501172197285";8.5011319;40.2972848;NA
"8524490256900";8.52445;40.2569;4.8
"8538995509427";8.5389562;39.309427;NA
"8564560186900";8.56452;40.1869;5.4
"8568332789626";8.5682926;40.1896256;NA
"8583630475200";8.58359;40.4752;1
"8609021474079";8.6089816;39.8740788;NA
"8610090078900";8.61005;40.0789;1.2
"8613122680231";8.6130826;40.0802309;NA
"8615710227800";8.61567;40.2278;5.6
"8627716733326";8.6276769;39.8333261;NA
"8640289331100";8.64025;39.3311;0
"8643880061200";8.64384;40.0612;0.4
"8646079271100";8.64604;39.2711;0
"8652920741801";8.6528806;40.1418007;NA
"8654460146000";8.65442;40.146;1
"8662219592221";8.6621801;39.4922214;NA
"8677879165400";8.67784;39.1654;0
"8722469591500";8.72243;39.5915;0
"8724000462700";8.72396;40.4627;0.6
"8741319156300";8.74128;39.1563;0
"8743959461400";8.74392;39.4614;0
"8744970661000";8.74493;40.661;2
"8763798964700";8.76376;38.9647;0
"8765910088000";8.76587;40.088;0.2
"8769990378300";8.76995;40.3783;0.4
"8778760561400";8.77872;40.5614;1.8
"8783459449400";8.78342;39.4494;0
"8809690218300";8.80965;40.2183;0
"8818040452900";8.818;40.4529;0.6
"8821651964501";8.8216122;39.7645007;NA
"8823200108300";8.82316;40.1083;0.2
"8838819296500";8.83878;39.2965;0
"8851519868500";8.85148;39.8685;2.6
"8853309134516";8.8532701;39.034516;NA
"8865172456918";8.8651325;39.9569178;NA
"8893320284600";8.89328;40.2846;0
"8895679725600";8.89564;39.7256;0
"8896786232000";8.8967462;40.0319998;NA
"8897704950706";8.8976653;39.6507062;NA
"8904054301340";8.9040152;39.1013403;NA
"8905709786900";8.90567;39.7869;10.6
"8919868993200";8.91983;38.9932;0
"8920640380100";8.9206;40.3801;0.6
"8961979612400";8.96194;39.6124;0
"8966930318600";8.96689;40.3186;1
"8971047398262";8.9710081;39.2982621;NA
"8971098274184";8.9710591;39.1741842;NA
"8976149043900";8.97611;39.0439;0
"8986179546600";8.98614;39.5466;0
"9002926409918";9.0028874;39.0099179;NA
"9003709793600";9.00367;39.7936;0.8
"9003939783851";9.0038992;40.5838509;NA
"9009740228100";9.0097;40.2281;0.4
"9013751742073";9.0137123;39.442073;NA
"9061569806500";9.06153;39.8065;0
"9064029923200";9.06399;39.9232;0
"9073314244720";9.0732743;39.94472;NA
"9084070005600";9.08403;40.0056;4.8
"9091820069600";9.09178;40.0696;0.4
"9104518202790";9.1044773;40.9027904;NA
"9106570027000";9.10653;40.027;0.4
"9110561087119";9.1105212;39.8871186;NA
"9112129762000";9.11209;39.762;0
"9113660727600";9.11362;40.7276;0
"9122899862700";9.12286;39.8627;1.6
"9131064360048";9.1310247;39.6600479;NA
"9141470853700";9.14143;40.8537;0
"9143280063400";9.14324;40.0634;4
"9144170932500";9.14413;40.9325;3.4
"9144349809700";9.14431;39.8097;0.4
"9166470020700";9.16643;40.0207;1.4
"9175591426057";9.1755514;40.0260567;NA
"9183429943400";9.18339;39.9434;3.4
"9183700921600";9.18366;40.9216;1.6
"9186659809019";9.1866205;39.309019;NA
"9189379625300";9.18934;39.6253;0
"9228650011200";9.22861;40.0112;4
"9230161914069";9.2301219;40.0140686;NA
"9231349721400";9.23131;39.7214;0
"9250429818700";9.25039;39.8187;1.6
"9256169787900";9.25613;39.7879;0.2
"9258060570700";9.25802;40.5707;0.4
"9258140073100";9.2581;40.0731;NA
"9262781115800";9.26274;41.1158;0
"9281076810271";9.2810375;39.310271;NA
"9282430347800";9.28239;40.3478;1.8
"9300815891625";9.3007749;40.9916251;NA
"9321116819717";9.3210765;40.3197167;NA
"9326050704638";9.3260099;40.8046381;NA
"9326569036708";9.3265292;39.8367076;NA
"9329791049954";9.3297504;40.6499535;NA
"9340510494200";9.34047;40.4942;0.4
"9341231056500";9.34119;41.0565;0
"9350499464200";9.35046;39.4642;0.2
"9356169344700";9.35613;39.3447;0
"9360597149098";9.3605576;39.5490979;NA
"9367049818800";9.36701;39.8188;0.2
"9367590757800";9.36755;40.7578;0.8
"9367630718600";9.36759;40.7186;5.8
"9372030709000";9.37199;40.709;6
"9378931178800";9.37889;41.1788;0
"9395058904354";9.3950196;39.3043535;NA
"9395900122000";9.39586;40.122;0.4
"9398859808100";9.39882;39.8081;0
"9403586216297";9.4035462;40.0162973;NA
"9403920909600";9.40388;40.9096;16.4
"9441158681359";9.441119;39.6813586;NA
"9443510379600";9.44347;40.3796;0
"9462469688100";9.46243;39.6881;0
"9474401045800";9.47436;41.0458;0
"9487679069763";9.4876386;40.4697629;NA
"9488869207100";9.48883;39.2071;1
"9491900311000";9.49186;40.311;1.2
"9494981102603";9.4949412;39.9026029;NA
"9497149140530";9.4971091;40.0405295;NA
"9497329335751";9.4972901;39.2357512;NA
"9502979445800";9.50294;39.4458;0
"9506719962200";9.50668;39.9622;0.4
"9508223158414";9.508183;40.1584136;NA
"9512021102972";9.5119813;39.8029716;NA
"9521825565724";9.5217848;40.7657238;NA
"9525540103300";9.5255;40.1033;0.6
"9535910257100";9.53587;40.2571;0.4
"9563370023500";9.5633306;39.4234998;NA
"9599880376900";9.59984;40.3769;0.4
"9698484309749";9.6984436;40.7097492;NA
