566652.8;4878167.4
494773.7;4946669.6
494395.7;4946440.5
495120.3;4946559.1
496321.6;4946389.5
496774.3;4946115.7
495522.9;4946092.9
494084.3;4946338.9
494710.8;4945983.3
501218.7;4944959.4
494213.9;4945615
494583.9;4945125.8
496185.1;4945418.5
497031.8;4945494.5
498761.8;4945066.5
498335.2;4945153.8
495338;4945294.8
493228.9;4944992.5
499950.6;4945620
499116.8;4945352.3
499178.6;4945069.3
500833;4944220.1
495963.6;4944653.2
496898.5;4944944.3
493953.6;4944840.3
497368.3;4944518.6
495733.4;4944131.3
493735.1;4944307
499879.2;4943831.8
494703.4;4944087.4
497659.1;4944341
494440.5;4943818
498191.8;4944148.3
496762.1;4944482.4
492724.6;4943746.1
496945.1;4943846.8
498431.3;4943821.8
494228.3;4943450.5
493970.1;4943135.1
497303;4943527.6
498471.8;4943303.7
496646;4943222.5
501148;4943045.5
499265.7;4943290
493468.3;4943062.8
501924.8;4943300.5
492230.2;4942809.7
495683.8;4942815.8
495244.1;4941274.9
497607.2;4942463.6
492886.4;4942439.2
499865.8;4943134.1
497228.3;4942328.2
496176.5;4942271.8
500428.3;4942746.8
502232.6;4942246
500069.7;4942899.9
502770.9;4942409.5
493490.8;4942047.3
501646.8;4943046.4
501596;4942309.8
499060;4942790.5
499055;4942347.4
501046.6;4942059.4
499944.8;4942317.7
492451.6;4942423.7
500056.4;4942019.6
502932.8;4941994
498417.2;4941957.8
493397;4941390.2
500126.2;4941508
496856.6;4942305.4
498889.1;4941167.3
499512.3;4941417.9
500901.9;4941627.1
502957.3;4941687.6
496812.7;4941457.8
495932.5;4941512.6
503032.6;4941105
501349.6;4941427.9
501844.5;4942000.2
503427;4940795.9
498360.4;4941378.6
500338.2;4941388.2
502255;4941202.2
497064.4;4941087.3
497520.8;4940666.5
501185.9;4940995.7
500742.1;4941082.5
496073.4;4940711.7
495612.3;4940770.1
500235.1;4940777.5
494115.4;4940414.5
499916.7;4940126.7
504576.5;4940751.1
505160.2;4940465.3
496499.5;4940365.1
499248.4;4940239.3
501368.9;4940579.2
501928.5;4940476
497748.4;4940201.9
498820.4;4940318.7
503003.4;4940178.6
492672.1;4940309.4
504055.2;4940333.3
518662.9;4940183.1
496066.7;4939767.1
518719.5;4939652.7
493494.7;4939668.1
519309.2;4939604.6
501004.5;4939948
501960.5;4940202.7
517790;4939998.2
494988.2;4939367.2
497037.8;4939609
503566.6;4939797.7
505530.8;4939954.9
507456.9;4939843.2
494872.6;4939744.1
501797.6;4939718.2
506791.2;4939486.7
516803.7;4939490.7
494279.6;4939546.5
502136.8;4939310.1
503701.3;4939525.4
504113;4939414.4
498207.5;4939586.2
500385.4;4939736.2
501189.2;4939394.6
502784.5;4939169.6
500356.6;4939398.9
496582.7;4939533.2
507786.2;4939670.7
523896;4938934.2
496086.7;4938741.1
496713;4938349.5
497403.1;4938853
507376.1;4938708.3
505445.5;4939103.7
495207.1;4938994.7
499182.5;4938356.6
507931.8;4939264.6
498803.3;4939108.1
498339.1;4938672.4
530859.4;4934392
500996.4;4938820.2
493319.1;4939020.5
494351.7;4938601.6
500817.6;4939136.8
503446.6;4938980.4
517795.8;4938942.7
504963.6;4938246.4
526422.7;4936580.1
525664.4;4936943.5
499623.7;4938334.1
506351.3;4938753
495427.3;4938208.1
492864.3;4938498.4
501661.9;4938777
493489.5;4938594.7
519811;4939565.3
502560;4938434.4
503738.8;4938521.6
503389.4;4938136.8
502004.2;4937863.6
517122.6;4938904.8
517148.3;4938211.9
518115;4937698.3
518805.2;4938892.3
501581.1;4938058.3
494523.7;4938008.8
514774.2;4938084
520476.9;4937563.9
507564.3;4937505.8
518747.4;4938392.1
494099.2;4937794.8
500078.9;4938184.9
506506.6;4937749.6
497977.4;4938596.9
497782.7;4936677.9
496796;4937026.5
523652.5;4938025.3
525183.5;4936771.6
532687.5;4938017.5
496971.7;4936817.4
502774.4;4937999.2
500201.3;4937837.2
503989.5;4937625.5
495750.3;4937584.2
531691.9;4936979
500840.5;4937482.9
503336.9;4937329.7
496392.9;4937172.2
502407.1;4937338.6
499377.7;4937332
523038;4937178.7
495538.8;4936708.6
500957.7;4937020.3
514393.1;4936297.2
517322.4;4936624.2
499886.4;4937218.2
516496.4;4936378.7
515292.8;4936035.4
501928.6;4936877.8
522327.7;4937544.9
505895.2;4937402
504702.1;4936991.8
532896.6;4937443.7
495087.7;4936852.3
495998.3;4937299.5
499465.4;4936338
504141.9;4936524.7
506209.5;4937592.7
506696.4;4936500.5
506999.7;4936519.3
473914;4935704.1
493232.7;4936703.4
474469.8;4936106.5
500616.7;4936095.1
502739.7;4936734.5
503097.2;4936177.2
494310.8;4936598.3
521556.5;4935601.8
476910.4;4935605.3
493436.2;4936185.2
494215.8;4936782.2
494424.9;4936366.5
495197;4936052.6
505763.5;4936637.8
522872.7;4935269.9
523280.3;4936094.5
524100.6;4936209
470733.4;4936171.7
501298.8;4936417.1
471248.3;4935845.7
532732.2;4936392.8
470101;4935456.4
502272;4936106
475383.5;4934835.5
505095.1;4936305.7
504820;4935569.1
507752.2;4936382.1
508997.5;4935849.2
509585.1;4935807.7
497967;4935891.7
518450.6;4936008
505753.6;4935625.5
506058.9;4936313.1
494386.4;4936084.8
513378.1;4935703.8
503675.4;4936083.9
504338.1;4935710.3
506221.7;4935881.8
518735;4935802.2
520808;4934934.5
472288.4;4935109.7
493659.9;4935488.1
494602.8;4935469.2
506745.4;4934774.8
496371;4935801.2
508555.9;4935439.2
499482.4;4935683.6
468843.1;4934548
469529.7;4933348.2
507465.1;4935354.3
508269.8;4935293
531364.5;4934873.3
494779.6;4934971.8
495803.5;4935285.9
503163.2;4935184.2
503637.5;4935199.9
513332.6;4935192.5
501796.7;4935040.3
510623;4935380.9
512564;4934078.8
512978.3;4934530.4
533527.1;4934438.9
497965.4;4934788.1
496443;4935270.3
472823.6;4934649.9
473402.3;4934183.4
473994.1;4934570.8
498956.5;4934631
500090.5;4935269
516646;4935514.1
516681.1;4935044
533984.6;4935576.4
500258.9;4935050.7
469844.2;4933216
471080.7;4933082.4
496401.1;4934480
500006.9;4934184.1
502404;4934315.8
502948.3;4935305.3
505222.6;4934557.7
495495.3;4934857
495979.4;4934223.4
506039.5;4934485.7
524894.4;4935086.5
524267.5;4935756.5
517694.3;4934261.6
518684.3;4934978.2
520429.8;4934496.4
497153.1;4934459.9
505734.4;4934583.8
493620;4934245.5
504330.6;4934651.9
509057.1;4934989.3
504942.9;4934803.4
507636;4935109.8
510135.7;4934597.1
489050.7;4933819.5
507628.3;4934753.7
535105;4934720.2
502919.3;4934181.3
503227.1;4934163.4
525390.2;4934442
500251.7;4934826.8
495182.2;4934557.2
526210.6;4934599.1
477859.6;4933585
477863.6;4934992.2
508306.4;4934401
503915;4933789.4
468980.1;4933559.7
471605.9;4932615
473260.7;4931415.3
494804;4933989.7
515535.2;4933891.2
529862;4934235.3
478254;4934035.9
486733.8;4933745.5
494500.5;4934292.4
501368;4934406.4
513936.4;4934130.7
514778;4934095.1
524365.9;4933698.4
468733.8;4933342.7
507070.8;4933992.2
475289.7;4932822.7
536376.8;4933814
537852;4933941.7
487663.7;4933359.5
488490.2;4933498.5
495666;4933718.3
526816.6;4934043.2
529301.6;4933999.8
497201;4933592.6
516240.9;4933547.8
519183;4934087.4
494255.1;4932973.5
504226.6;4934343.9
501024.2;4933902
501441.1;4933785.7
496893.6;4933760.1
504624;4933887
493018.7;4933388.6
474414.5;4932031.1
505242.1;4933826.4
529125.5;4933320.5
505992.5;4933626.7
493777.3;4932836.8
472238.2;4933658.4
497928;4933757.5
471708.2;4932689.8
472108.3;4932808
492338.5;4933467.2
498013.6;4933206.2
498907;4933185
507449;4933497.4
495317.5;4933663.5
510221.7;4933057.5
520741.3;4933197.9
534222.1;4932841.7
500244.5;4932541.9
518324;4932968.3
501889.7;4933472.7
491126.9;4932253.5
489708.3;4932807.8
502722.9;4933128.8
504460.9;4932664.6
505641;4933077.5
486044.4;4932917.7
488242.7;4933294.9
495405.8;4932974.9
501371.6;4932216.3
500520.5;4932168.2
525443.9;4933929.6
477715.1;4932520.2
475865.4;4933579.5
492351.5;4932366.9
499707.2;4932173.4
519810.1;4933037.2
496960.4;4932828.4
527663.8;4933727.3
519277.2;4932420.1
517843.3;4933341.8
525257.7;4933345.7
478665.5;4931556.7
515014;4933086.1
522213.4;4933371.7
523405.4;4933445.3
514469;4933144.1
522382.3;4933026.9
491580.7;4932072.6
492527.4;4933110.9
513898.2;4932899.3
508372.1;4933384.4
526911.8;4932838.5
488351.3;4932392.3
506932.3;4932594.6
508505.3;4932501.1
508722.4;4932814.6
521662.3;4933112.6
493259.4;4932264
486460.7;4932683.3
533437.6;4933282.1
532427.6;4934953.1
487159.4;4932657.1
513102.6;4932663
510499.9;4933813.4
503127.1;4932281.4
502140.2;4931567.3
531379.3;4933066.3
530239.2;4934127.8
495767.4;4932593
497347.9;4932537
497974.4;4932101.7
498905.8;4932536.6
526233.3;4933211.6
516616.8;4932258.5
525018.9;4932631.4
472459.7;4932558.9
522917.2;4932914.6
524342.9;4932455.3
524926.3;4931873.8
486960;4932258.1
514694.1;4932778.8
515200.6;4932798
513107.2;4932142.7
490629.6;4932733.2
522152.1;4932530.4
515227.5;4932390.9
515746.9;4932210.6
538192.7;4933265.7
537785.1;4932561.4
536793;4933466.8
472070.9;4931802.3
490135.5;4931447.1
495789.4;4932206.6
529403.9;4932047.2
531968.2;4932381.2
532626.2;4932653.4
490841.7;4931574.6
472284.3;4931316.9
537365.2;4932263.6
496507.7;4931981.3
516190;4932114.7
536121.1;4932671.5
521354.2;4932297.5
510335.9;4931826.9
530898.1;4932411.7
534486.1;4931896.1
488151.8;4931500.7
524325.1;4930852.5
494866.2;4931998.8
517366.4;4931540
518306.8;4931630.4
514327.3;4932143.1
536407;4932151.6
468971;4930846.1
486703.4;4931764.9
493629.3;4931351.8
507859.4;4932103.1
477730.2;4931884.1
487656.7;4931271.1
486601;4931562.9
503557.6;4932327.8
508475.4;4931551.2
494154;4930908.1
494892.3;4931508.6
506062.5;4931443.3
503836.9;4930783.7
507466.1;4931475.8
521046.7;4931358.7
496135.6;4931358.2
506434.3;4931356.9
506741.1;4931494.7
497506.1;4931213.9
532613.6;4931717.6
485979.5;4931537.4
491826.1;4932277.6
495380.1;4931413.2
471610.6;4931145.2
538776.8;4931448.1
505471.6;4931213.9
507991.1;4931408.1
514704;4931809.5
475659.9;4930486.2
510891.9;4931265.5
514057;4931745.5
467606.9;4930255.9
466786.1;4930142.9
489084.8;4931293.5
492211.4;4931275.7
498910.7;4931365.2
512449;4930686.7
497972.6;4931504.4
504252.8;4930779.1
505064.3;4931156.1
521991.8;4932170.1
523324.1;4930406.3
526366.3;4932158.2
521817.6;4930848.1
496344.5;4931630.1
497131.9;4930947.9
522395.2;4930798.9
485772.3;4931253.9
486218.8;4931274.2
496733.9;4930859.1
527929.9;4930759.3
531565.5;4931321.3
532027.8;4931702.3
514076.7;4931347.1
537309.8;4930765.9
485526.1;4930593.4
486665;4930845.2
492773.4;4931146.6
513290.2;4930061.9
530714.9;4931198.3
441265.2;4929255
536817.9;4931067.1
513784.8;4930113.3
487687.6;4930503.5
515927.3;4930860.7
520267.4;4931301
519040.1;4931016.7
491567.4;4931021.6
492046;4930948.4
515194;4931392.2
485935.5;4930525.1
515711.2;4931450.5
484577.7;4930104.9
502857.4;4930395.7
471355;4930483
490234.6;4930876.7
490526.5;4930392.4
471825.3;4930869.4
491264.3;4929557.3
495066.9;4930628.5
506957.4;4931335.2
514239.1;4930980.5
481383.5;4930289.6
495416.6;4930760.1
489109.8;4930825
489525.9;4929896.1
515097.1;4930712.4
492394.8;4930474
495782.3;4930548.1
515507.8;4930999.1
516671.8;4931022.4
491657.4;4930256.6
492840.3;4930691.6
499897.5;4930476.2
500527.9;4931035.2
506469.6;4930796.4
508632.3;4931288.4
535590.4;4930581
498983.6;4930301.5
498625.9;4930630.4
507255;4930741.9
533519.6;4930003.8
534120.2;4930967.9
499557.8;4930298.8
488671;4930018.6
440764.9;4928880.8
439464.4;4928883.7
471516.3;4929546.9
472959;4930001.8
480041.6;4929754.3
495739.6;4929867.2
500226.4;4930422.8
486128.5;4930313
497580.3;4930570.4
501713.1;4930230.1
505809.4;4930629.4
486379.7;4929639
512878.8;4930137.8
517528.1;4930328
539350.7;4930288.4
538761.6;4930807.6
489930.2;4930324.5
516120.2;4930528
516441.6;4930408.2
474484.1;4929113.5
508134.7;4930265.6
511645;4928843.4
468827.5;4930189.3
492988.8;4929957.8
506311.3;4929969.3
493502.4;4930076.3
508757.2;4930608.5
517827.7;4931483.5
458183.4;4928456.6
468215.6;4929254.9
500287.1;4930087.6
439031.7;4929161.5
510318.6;4930307.4
514699;4930487.1
518656.9;4930488.3
471247.1;4930010.8
504791.8;4930220.3
531913.8;4930836.2
438880.1;4929351.2
469461.2;4929617.7
468942;4929579.7
496440.1;4929990.9
519954.8;4930592.4
522183;4929717.4
531075.2;4930312.2
503352.4;4930743.7
493914.1;4929970.7
494829.5;4929680.4
508860.4;4930191.5
521686.5;4929398.2
497329.3;4929893.9
498662.1;4930336.9
503161.6;4929696.3
501329.9;4929557.8
500511;4929850.3
518177.9;4929707.1
519397.2;4930347
529849.3;4930180
531970.2;4930359.8
492476.9;4929776.8
519323.9;4930091.5
483924.9;4930062.1
487975.6;4929856.8
487983;4929180.4
461679.7;4928372.8
470409.8;4929470.1
530341.4;4929293
485276.2;4930196.2
490627.9;4929888.1
490390.9;4929443
520309.2;4930098.3
537261.2;4929914.9
439120;4927684.9
463595.8;4928257.4
491875.8;4928973.3
499102.4;4929778.9
510090.3;4929783.2
509210.5;4929435
519746.1;4929784.1
476048.4;4928434.3
476609.7;4928736.2
481666.2;4929070.1
516617.1;4930199.4
454017.3;4928502.7
469214.6;4928935
492674.9;4928570.1
493172.7;4928346.2
533545.6;4928863.1
439089.3;4928616.2
480240;4929225.8
484400.3;4928851.4
514886.8;4929309.1
515850.4;4929018.8
514569.8;4929423
516495.3;4929334.7
484760.7;4929061.8
486002.7;4929069.7
494055.6;4929590.8
466674;4929043
479541.4;4929764.4
498499.3;4929052.6
508439.5;4929589.4
507562.6;4929270.9
516675.2;4929603.4
518636.1;4929305.3
519372.9;4929704.1
538985.2;4930534.2
537849.9;4929702.4
442595.8;4928254.8
444736.4;4928090.2
497391.2;4929440.6
499850.1;4929292.2
528273.2;4930218.6
492501;4929406.7
531167.9;4929698.9
531964.8;4929943.6
469631;4928636.7
471593.2;4928987.8
527422.4;4929424.5
527545.9;4928197.6
526574.9;4928675
453545;4928278.5
506942.5;4928988.9
499052.1;4928847.3
455272.9;4927936.2
500759.2;4928825.9
504219.7;4929569.8
506012.3;4929038
512647;4930198.1
517350.9;4929167
500301.6;4928603.2
521143.6;4928801.5
457352.2;4928971.9
531282.9;4929056.3
439875.2;4928860.3
495878.5;4929162.4
511020.2;4928796.7
536380.8;4929670.2
535372.1;4929566.2
503654.1;4929320.7
505153.3;4929201
493822.5;4927370.2
534561.9;4928822
477430;4928673.9
502315.4;4929293
520613.5;4928533.3
453199.4;4928038
478476.3;4928425.8
531878.2;4928864.3
533380.4;4927228.7
539214.2;4929085.3
496133.4;4928704.2
497352.7;4928955.9
504632.7;4928711.1
519447;4927978.2
528953.6;4929314.5
527636.4;4929828.7
537984.7;4929323.4
439163.3;4928220.1
489389.6;4928952.2
504194.5;4928996.9
490401;4928595.5
491011.7;4928625.8
512849.4;4928305.3
486021.3;4928539.2
489669;4928452.4
503103.3;4929115.7
509331.8;4928898.7
510232.6;4928308.8
532641.8;4929027.6
440430.3;4927838.2
468056.1;4928006
529507.3;4928501.4
507801.8;4929012.1
508641.1;4928021.4
479077.1;4927953.2
484708.8;4928386.1
503927.7;4928889.4
487313.1;4928170.4
487696.5;4928106.3
495109.5;4928669.1
466722;4928259.5
487202.9;4928582
466546.5;4927886.3
502177.9;4928387.1
456808;4927923.1
503064.3;4928683.9
502686.8;4927972.1
468776.6;4928050.3
504060.1;4928381.8
526019.2;4927971.9
536069.1;4929257.4
536257.5;4928717.9
439438.5;4927969.8
501505;4928472.5
473102.7;4926288.3
471167.9;4928124.8
488456.8;4928503.8
537375.9;4928980.8
470049.9;4927311.9
500103.5;4929107.1
499413.2;4928310.5
524604.9;4927694.4
443568.7;4927243.6
486803.3;4928489.1
516614.3;4928837
534971.8;4928730
535293.2;4927906.3
469470.7;4928050.2
477033.7;4928256.8
477501.6;4928046.5
518531.2;4927241.7
485954.4;4928133.3
505829.8;4928384.6
452901;4927606.1
462910.3;4927746.6
465797.6;4928145.3
488310.1;4927483.3
497651.1;4928133.5
505110.7;4927528.1
496446.3;4927988.6
514981.5;4928790.7
527973.1;4928540.3
528351.2;4928405.9
465947.4;4927470.4
513847.2;4927435.4
513139.7;4925646.8
515381.4;4927880
441221.3;4927683
486401.8;4927854.4
490163.4;4928177
491015.3;4927919.4
490232.2;4927869.8
507746.4;4927759.7
480491.4;4927458
497379.3;4928101.1
460774.1;4927654.3
506884.7;4927921.8
506979.1;4928332
453567.8;4927478.8
474713.3;4928332.4
477240.6;4927598
536881.9;4928822.8
442271.7;4927453.4
444780.1;4927253.6
517439.7;4928401.1
516741.3;4927734.3
457810.5;4927558.5
476619.6;4927557.7
476981.9;4927220.8
538676.8;4928192
523141.1;4927216.9
523939.7;4927421.5
442946.3;4926524.4
468574.7;4927402.2
474705.1;4927727
452751.2;4927240.6
463544.2;4927432.8
484827.1;4928065.9
485145.9;4927742.3
492051.9;4927857.8
518829.9;4927630.1
464045.3;4927249.5
469669;4927741.2
474929.8;4927640.1
475719;4927410.4
484100.8;4928544.1
510813.1;4927999.1
533270;4928731.7
522509;4927769.5
458993.7;4927396.7
464286.6;4927428.5
464872.4;4927497.5
472659.7;4925869
472003.6;4925665.7
488942.7;4927271.9
491416.9;4927534.8
536435.4;4927817.4
538022.3;4928029.1
536944.8;4927944.9
539034.6;4928449.8
457534.1;4927232.4
498010.9;4927929.6
499326.7;4927635.5
503793.9;4927986.9
441457.9;4927070.6
455733.3;4927383.7
461641.4;4927596
465727.4;4926280.1
484993.6;4927507.3
485921.8;4927796.9
531757.2;4927502.4
531327.3;4927312.3
445524.6;4926563.5
456824.7;4927133.1
461433.7;4927296.3
460544.5;4926318.4
501759.4;4927676
501054.7;4927465.8
440330.9;4926116
455544.9;4926791.8
456498.3;4926614.2
461158.1;4927018
459159.6;4926993.3
467236.3;4926639.5
454896.1;4926845.7
458060.8;4927010
458738.1;4927044.1
474080.1;4927550.5
496754.8;4927401.2
506398.6;4927758.4
505538.5;4927764.8
511233.9;4927700.7
438593.7;4926573.8
474151.8;4927246.2
474834.2;4927175.7
489613.7;4927609.8
498990.2;4927291.2
502203.3;4927736.4
464886.7;4925601.5
500422.3;4927134.8
532861.4;4927323.1
459181;4926718.3
460699.9;4927114.4
490226.9;4926535
462833.9;4927278
487055.4;4927395.6
490444.1;4927428
486200.3;4926470.1
529851.4;4926942.4
534291.4;4927083.4
453248.1;4926688.7
454131.3;4926968.6
529410.1;4927065.6
459459;4926582.4
459818.9;4926584.2
463623.7;4927164.2
439823.5;4926645.6
460540.5;4926690.6
462588.9;4926052.2
483776.4;4927017.3
484767.3;4926908.8
486789.8;4926498
460020.4;4926609
460219;4926571.6
535637.5;4927207.1
452264.6;4926378
463947;4926640
464474.7;4926816.9
469665.3;4926089.9
475168.3;4926444.6
474602.2;4924752.6
484750.6;4927245.6
485713.1;4926176.7
517414.8;4927606.6
465714.6;4927024.4
469318.9;4925833.6
468533.7;4925747.9
453892.9;4926293.6
457401.4;4926654.1
491780.4;4926855.9
510880.5;4927661.7
458262.5;4926255.4
466165.7;4926706.8
466489.3;4926755.7
473963.2;4926538.5
444744.1;4925947.6
476013.7;4926318.6
480195.1;4926596.9
490804.2;4927054.7
507318.5;4927251
506887.6;4927089.6
506796.8;4926180.7
504634.2;4926944.1
510635.3;4927189.1
492582.4;4926637
503453.4;4927187.5
503836.8;4926691.9
506134.7;4926949.1
506455.9;4926815.8
522116.9;4927248.8
528143.5;4927625.3
454407.8;4926215.8
487474.6;4926802.4
501890;4927017
512397.8;4926910
513455.3;4927586.9
494857.4;4927033.9
494614.7;4927617.5
494194.5;4926186.7
520180.8;4928139
446352.1;4925895.1
502698.3;4926968.5
503161.2;4926112.3
509073.9;4926659.1
520572.4;4927131.2
538191.3;4927463.4
508102.4;4926629.9
508440.8;4926608.3
521783.7;4926920.5
528367.9;4926860.6
476788.3;4926743.7
512536.4;4927222.4
535760.5;4925858
538411;4926600.7
455254.7;4926257
483726.5;4926271.6
453530;4926472.7
483934.5;4926604.1
491515.4;4926498.9
495124.4;4926080.4
498349.2;4926167.9
466526.1;4926380.9
477058.8;4925955.5
501196.8;4926973
501254.8;4926577.1
438966.9;4925789.3
452590.2;4925281.9
496344.9;4926386.8
453574.7;4925606.6
464294.3;4926141.5
498765.3;4927074.3
536343.4;4926115.9
454025.7;4925594.8
455409.4;4925848.1
456514.8;4924788.7
497081.2;4926460.7
521012.7;4926162.3
491140.3;4926148
515762.4;4926917.5
438168.9;4925761.3
438851.9;4925538.8
476223.2;4925914
476702.6;4925872.7
494767.1;4926768.6
516536.6;4926175.8
517859.9;4925743.1
503504.2;4926835.4
513846.8;4926348.6
507194.1;4926284.8
507645.5;4926577.6
510182.6;4926816.4
456350.3;4925758.2
463701.9;4926004.3
514476.6;4925287.1
515836.4;4926474.8
526281.3;4926478.6
527403.8;4926962.3
445181.9;4926032.8
455112.1;4925722.6
501916.8;4926474.8
451851.9;4925951.3
485530.4;4925418.7
484689.6;4925794.5
466274.5;4925629.1
511946.7;4926654.5
442462.9;4926038.6
505044.9;4926400.8
505721.4;4926221.2
518237.2;4926267.4
522554.3;4926300.6
441232.9;4924836.6
444101.9;4925723.9
520285.2;4926842.6
437006.4;4925318.9
438423.8;4925332.4
443848.5;4925518.4
446474.9;4925406.5
489946.3;4925920.4
488533.5;4926065.4
487895.6;4926378.5
510794.3;4926443.9
442501.3;4925667.3
480782;4925110.5
509857.3;4926498.1
510433.9;4926257.7
447684.8;4925596.2
480533.3;4925276.1
504361.2;4926797
511799.4;4926282.7
481886.8;4925901.8
487820.9;4926033.3
448311.9;4925624.7
481414.3;4925487.1
481620.2;4925806.9
487480.8;4925629.5
504669.9;4925830
444592.9;4925579.6
463502;4924875.5
470744.3;4925164
482953.6;4925797
501007;4926215.1
488789.3;4925753.1
445649.9;4925060.1
477964.1;4925635.9
478672;4925390.6
491469.1;4926223
491789.1;4925045
520525.6;4925649
444217.9;4925258.3
532272.7;4926979.6
445181.8;4925204
489889.7;4925574.7
496322.7;4925911.8
499685.9;4925832.6
501912.6;4925723.7
528226.7;4926066.8
447621.6;4925347.1
454947.9;4925530.6
492369.3;4925149.9
442755.7;4925395.1
442862.8;4925145.2
501083.9;4925890
509668.6;4925792.6
515276.8;4925867.1
526897.7;4925672.5
526867.4;4924650.4
466107.4;4924794.3
466752.9;4924382.5
479080.6;4925286.9
480004;4925313.1
521438.3;4926238.5
522120.4;4925753.2
440829.3;4924147.6
448160.6;4925191.6
457868.3;4925165.4
463893.2;4925087.4
467692.3;4924464.8
458671.4;4925146.2
458955.2;4925248.9
495433.8;4925859.6
462342.2;4925230.2
476114.4;4924686.3
511605.1;4926035
510793.2;4925975.7
454902.6;4925163.9
455570.1;4925400.1
511601.4;4924055.2
446440.2;4924822.8
482730.3;4924858.5
488193.2;4925560.2
505861.8;4925918.7
507534.3;4926370.2
507577;4925110.4
454422.6;4924792.3
506076.3;4925606.8
508644.8;4925195.7
447459.6;4924885.8
444797.1;4924602.4
445137.8;4924877
445119.5;4924553.3
455456.4;4925059.8
510144;4925375.3
510953.1;4925565.1
438189.9;4924891.1
443850.7;4924998.7
500720.5;4925484.2
530285.8;4924610.8
474993.3;4924949.1
443664.4;4924744.9
495417.4;4925470.9
519933.7;4925634.8
442982.6;4924287.3
460963.8;4925378.4
447731.5;4924544.6
453331.4;4925431.5
489101.1;4925431.8
499718.7;4924014.6
451137.1;4924241.8
481743.1;4924803.9
486628.2;4925125.3
436553.9;4924870.5
437267.3;4924227.8
454094.4;4924815
478150.6;4924496.2
491227.6;4925006.9
523680.7;4925929.5
532033.7;4925407.5
453753.4;4924647.1
458654.7;4924421.4
490864.7;4924902.2
525249.5;4925618.9
487371.5;4924879.2
488407.3;4925288.7
511066.1;4924649.2
455451.4;4924733.6
459358.4;4924211.3
460095.7;4924472.4
462038.3;4924899.9
493191.4;4925242.3
505229.1;4925508.9
448213.4;4924421.4
484441.2;4925389.5
497505.5;4924821.9
501097;4924964.4
505881.6;4925131.7
454810.1;4924860.2
495503.9;4925123.8
496726.1;4925101.3
445852.1;4924618.1
445577.5;4924474.1
484677.8;4925014.5
494363;4925274.5
525002;4925081.3
498322.4;4925132
501945.9;4924592.7
503878.8;4924967.6
482983.3;4924414
501536.7;4925107.8
523812.3;4924922.3
437716.5;4924182.3
438119.9;4924309.2
488545.5;4924987.7
494222.1;4925020.7
513500.5;4925871.5
522469.3;4924973.4
532403.8;4923481.9
444654;4924279.4
450349.9;4923991.2
450611.6;4923922.5
501871;4925192.4
438381.9;4924234.5
461250.7;4924624.4
486952;4925020.5
519736.2;4925104.2
490040.3;4924960
443786.2;4924399.2
446687.4;4924681.1
451622.4;4924582.3
479804.1;4924619.8
504375;4924964.3
505120.7;4924645.7
513974.9;4924341.3
436809.3;4924259.9
454925.5;4924340
437466.8;4923460.9
501956;4923687.4
523382.9;4925263.8
438732.6;4924032.1
470354;4924147.5
516056.8;4925570.9
451693;4924381.2
453295.5;4924103.6
499071.4;4924484.6
516627.2;4924730.3
446538.3;4924045.2
446727.6;4924290.4
505869.3;4924810.1
531387.1;4924927.9
533515.9;4925120.6
469181.7;4923908.8
506218.5;4925212.5
445706.1;4923712.3
527657.4;4925602.9
529781;4925031.6
484465;4923212.5
488727.2;4924573.7
489801.8;4924389.2
500656.1;4924720.4
454468.3;4924248.2
495612.3;4924764
516119.3;4925187
468233.8;4924820.2
481190.6;4924845.8
463539.6;4923886.8
479367.7;4924091.7
485514;4924635.2
484832.8;4923770.9
494600.3;4924378.1
443784.8;4924012.7
445479.2;4923737.1
494104.7;4923560.4
537690.9;4926060.7
464169.2;4924603.6
492826.9;4924641.1
451850.3;4923995.4
515022.6;4925303.5
515759.4;4924745.2
534438.8;4923859.2
444310.8;4923572.7
449986.1;4923272.3
460862.9;4924229.4
462563.1;4923631.6
444908.9;4923387.2
509177.5;4924755.3
527002.4;4924974.5
525998.9;4924805.8
438451.5;4924018.8
447672.4;4924148
447617.5;4923908.5
485402.2;4922886.3
487403;4924516.6
486694.4;4923577.2
507002.1;4923941.3
438770.4;4923772.8
488292.6;4923130.2
448452.3;4923792.1
491672.6;4924372.7
491461.2;4923969
512730.8;4923895.1
513069.2;4922607.6
517569.5;4924768.7
528043.6;4925037.8
436294.9;4923636.4
440519.4;4923495.9
454952.5;4923726
462031.8;4922745.4
521134;4924632.6
457871.4;4923745.8
496472.5;4924584.7
455280.9;4923815.9
487938.3;4922793.4
495515.3;4924023
496699.8;4924414.9
442805.1;4924217.8
446733.5;4923596.8
448052.1;4923464.6
447496.2;4923123.2
451202.4;4923546.5
480695.3;4923297.8
490598.1;4924227.4
490851.9;4923971.3
496434.6;4923864.9
517775.1;4924545.8
519466.9;4924723.7
477148.3;4924045.8
493433;4924168.8
519105.3;4924041.5
440148.8;4923001.2
474779.9;4923502
473997.9;4924336.6
487229.6;4923265.7
492937.1;4923831.4
497772.3;4923848.5
438856.2;4923036.7
443605.3;4923254.9
446044.2;4923609
451740.9;4923744.9
452175.9;4922782.1
527857.4;4923912
449461.7;4923787
535699.3;4923361.9
443119.5;4923359.6
457948.6;4923375.7
503412.9;4924142.2
509659.4;4923636.4
449216.5;4923292.8
456510.1;4923382.4
458583.1;4923212
458883.8;4922744.2
460181.4;4923076
459751.6;4922758.5
478407.1;4923726
531595.6;4924576.1
533222.2;4924447.2
446840.2;4922707.9
481315.1;4923870.5
488773.7;4922983
454548.5;4923398.3
500734;4924009.1
524850.7;4924091.9
477349.2;4923572.7
525338.8;4923708.8
526253;4923759.7
456133.3;4923084.9
454995.3;4922843.7
464508.8;4922905.6
480082.9;4923122.6
519958.7;4924134.2
531939.6;4924416.6
489973.4;4924031.7
522242.1;4924149
515139;4923988.4
517839.2;4924157.4
482948.2;4923932.8
465748.3;4921861.1
508073.6;4924988.6
508967.3;4924147.9
453475.6;4923463.6
492415.7;4923577.8
465164.8;4921801.6
490220.2;4923499.1
523308.3;4923204.6
523947.9;4923939.7
450678.2;4923260.6
504623.9;4923934.6
506007.2;4923239.3
445312.1;4923391.9
469012.7;4923106.6
467314.6;4922793
474004.1;4923500.7
512337.5;4923446.1
517068.8;4923604
446741;4923337.9
453373.5;4923224.7
453337;4922790.9
507799.7;4923153.3
523612.9;4923866.4
453972.7;4922816.2
442115.1;4923230.5
470639.4;4923675.8
482784.5;4923355.8
446035.9;4923022.1
530873.7;4924705.5
442336.3;4922592.5
443483.8;4922493.9
493358.1;4923894
446453.1;4922864.7
471590.6;4922960
481003.6;4922838.9
504776.3;4923083.7
520766.4;4923394.4
531680.4;4923450.9
531333.5;4923758.9
521400.2;4923249.7
471757.7;4922168.7
491690.5;4923160.3
508894.5;4923749.5
448220.3;4922878.9
449025.3;4922578.4
476368.9;4923010.1
477234.4;4922744.5
481872.5;4923105.9
482590.2;4921395.5
450530.9;4922601.8
444688.5;4922298.2
457526.6;4922736.5
494489.1;4923783.7
445371;4922469.1
445997.2;4922749
449276.5;4922833.9
478280.3;4923294.4
500552.6;4923553.2
502900.2;4922965.7
493099.2;4923189.6
479606.3;4922324.7
483006.6;4922688.2
501975.8;4922868.3
519350.5;4923205.7
437875;4922350
530441.4;4923354.2
439354.4;4922213.3
440159.2;4921214.1
440567.3;4922230.7
452675.8;4922948.6
532900;4924107.2
479112.2;4922122.6
489935.1;4923245.8
497380.1;4923350.6
504702.7;4923635.5
496561.4;4922942.2
515639.3;4923688.3
447549.5;4922467.3
452816.8;4922427.7
492191.5;4923032.5
495625.1;4922827.2
469648.4;4922106.2
503586.9;4922511.7
448333.7;4922603.2
475472.3;4922756.7
490032;4922941.8
515509.5;4922966.5
514513.1;4922845.8
522550.9;4923748.8
537165.2;4924241.7
457836.2;4922498.2
458254.3;4922223.2
493327.2;4922973.6
500603;4922572.9
449438.7;4922197.2
449790.2;4922042.4
509248.4;4922863.3
509442.7;4921844.5
527671.1;4923103
536706.6;4922990.3
439127.1;4921960.7
533149.7;4923524.4
462357.1;4923187.2
522503;4923328.2
526886.8;4922647.1
453514.9;4922341.3
521942;4923080.8
447939.3;4922102.4
475129;4922377.4
497888.6;4922645.5
478702.7;4921133.9
519773.8;4923703.4
491141;4922766.7
511921;4923597.1
481192.8;4922126.1
482490.2;4922876.7
510020.1;4923672
437938.9;4922030.6
451385.8;4922423.1
454116.8;4921916.1
455522.3;4921757.8
485991.4;4922211.1
512065.6;4922925.8
523445;4923565.1
446964.4;4922215.3
456254.6;4921656.8
468520;4921833.6
470039.7;4921402.6
448984.5;4921987.8
498499.1;4922730.4
437283.4;4922072.4
497216.3;4922270.4
533394;4922354.2
442824;4921905.2
522404.3;4922636.3
524424.4;4923230.9
531011.2;4923180.9
454659.9;4922080.4
492591.3;4922689.6
510068.1;4922745.3
522225.9;4923016.8
493596.4;4922696.1
525871;4923738.4
526320;4922531.9
438876.1;4921421
450629.8;4921944
457808.5;4921860.2
524962.5;4922861.7
437590;4921360.4
437956.2;4921435.4
484298.3;4922001.3
491078.2;4922347.1
444269.8;4921678.1
489952.5;4922650.1
506512.6;4923332.1
519257.9;4922406.1
447013.5;4921846
457408.7;4921775.1
499530.4;4922294.4
511817.6;4922385.1
444832.2;4921825.8
445208;4921581
453715.2;4921585.6
452967.6;4921714.4
507228.1;4922006.6
446213.4;4921229.1
445995.8;4921890.2
456554;4921327
482291.6;4922250.2
493938.4;4922293.5
494529.8;4921940.3
495005;4922210.1
492407.5;4922212.4
496412.3;4922150.8
496716.7;4922425.9
524318.1;4922864.9
506131.4;4922017.2
449438.5;4921651.5
491460.1;4922490.3
491680.8;4922192.9
525175.1;4922621.2
451745.6;4921179.3
461197.4;4921813
512181.4;4922477.7
518912.7;4922001
529411.2;4922784.1
490020.4;4922226.2
493078;4922151.7
521637.3;4922085.4
481929.3;4920959.5
517029.5;4920927.7
530493.1;4922823
448057.5;4921757
448989;4921683.7
466491.6;4921423.6
516282.5;4922450.6
530896.9;4922516.8
458200.9;4921803.1
448334;4921232.4
461293;4921197.5
486702.8;4920637.7
487167.4;4920567.8
487712.6;4921675.6
490938.9;4921412.6
502325.9;4922793.6
511563.2;4922296.4
442808.2;4921471
454844.5;4921167.8
475148.1;4921907
480013.1;4921569.2
508908.6;4922367.4
449630.1;4921331.9
450613.8;4921494.3
483616.3;4921040.9
524581.4;4922655.8
452058.2;4921636.2
452635.2;4921152.4
473209.2;4920510.4
496159.8;4921682
523923.8;4922263.6
497772.1;4922015.3
499491;4921339.5
501423.4;4922193.2
531818.9;4921814.2
444456.4;4921255.4
447477.2;4920797.6
448877.9;4921294.7
457985.6;4921216.5
467257;4920344.8
468006.6;4920763.9
473815.5;4921140
476611.8;4921484.4
443629.5;4921131
444068.8;4921000.6
459006.2;4921349.7
477026.9;4921456.5
477369.7;4921801.7
483541;4921595.2
510804.9;4921854.7
452140;4921161.1
452440.4;4920940.4
453531.8;4921350
502168.7;4922060.4
524522.2;4921313.6
529492.7;4922519.1
453259.9;4921143.5
453159.6;4920907.6
491747.2;4921723.1
505059.7;4921478.1
524072.8;4921816.2
530063.4;4922031.2
446083.3;4919684
482140.5;4922033.3
445776.3;4920658.1
486217;4921307.6
526814.5;4921235.9
448065.5;4921470.8
454275.4;4921333.9
457393.4;4921337.9
525287;4921909.2
448037.4;4920932.3
520786.8;4921762.9
489939.5;4921620.3
515274.9;4920857
535494.1;4921982.5
493170;4921618.2
494763.4;4921489.9
495503.3;4921141.1
503445.6;4921600.7
514489.6;4921282.6
442587.9;4920968.8
522663.2;4922081.9
520339.8;4921960.6
474421.3;4921609.6
502075.3;4921454.5
484533;4922066.4
527300.7;4922691.5
528076.8;4921691.7
528407.5;4922093
442377.7;4920592.8
450773.4;4920664.5
484975.3;4921071.5
485196.2;4921431.1
464788.8;4922350.4
476727.7;4920952.4
490535.7;4921404.5
500951.6;4921878.8
448904.8;4920858.9
449014.9;4920253.2
458736.3;4921290.9
480616.3;4921261.3
507939.8;4921439.6
441952.4;4919840.3
453676.5;4920220.9
453794.3;4920941.2
474480.9;4921212.8
475788.4;4921239.4
477881.3;4921292.8
500648.7;4920789.9
511857.1;4921545.9
483926.9;4920794.2
517614.1;4921666.7
489714.9;4921129.4
445274.7;4919522.3
522922.4;4921582.4
456929.3;4920448.7
531127.1;4920907.3
458463.3;4920861.7
488687.5;4920568.8
498180.6;4921587
472831.8;4920954.4
497328.3;4921372.1
496626.4;4921886.5
450156.9;4920238.9
495932.1;4920784.9
509918.9;4921222.8
515989.5;4921715.8
459451;4920942.6
459200.2;4920628.3
488256.4;4920357.2
501178.3;4920681.2
487319.4;4920987.6
494312.8;4921051.5
440995.1;4919926
471497.9;4921133.9
479717.9;4920275.7
491697.3;4921299.6
472245.4;4920155.1
482961.3;4920832.8
483116.3;4920701
454200.4;4919754.5
455919.7;4920673.9
486051.7;4921559.3
517939.5;4921053.7
440512.4;4919939
459566.7;4920727.9
509203.3;4921360.1
458151.3;4920570.5
522440.6;4921238.3
477551.2;4920979.6
478580.5;4920225.8
529248.2;4921509.1
528774.8;4921435.3
480194.1;4920736.8
485871.1;4920839.6
489435.7;4920589.3
498055.4;4920753.2
496657.1;4920915.8
452344.1;4920356.1
452968.9;4920413.7
521915.6;4920772.4
490609;4920804.5
497570.5;4920893.2
520913.7;4920470.1
521569.2;4920491.2
474185.3;4920524.6
474759.8;4920712.1
495163.3;4920790.8
520163.7;4920996.6
452168.6;4920157.4
487390.6;4920484.3
487921.4;4920306.4
437535.3;4917960.1
439604.3;4919733.1
460156.1;4920283.5
476650.1;4920484.9
491416.2;4920774.6
491844.2;4920750.3
518606.4;4919601.4
525154.2;4921078.9
530168.3;4920444.8
454830.2;4919540.1
466294.4;4920865
493264.9;4921013.9
443736.4;4920124.9
484941.5;4920156.4
525467.8;4920882.4
534254.7;4921348.8
446462.4;4919944.9
447078.7;4920018.7
458880.4;4920294.8
477147.6;4920329.5
507746.1;4920567
535442.4;4921019.4
471182;4920141.4
470877.7;4920312.4
506481.3;4921046.1
506775.2;4920798.2
453144.7;4920237.1
455994.5;4919296.8
456057;4917873.4
485529.2;4919947.5
535279.9;4921393.8
474812.1;4918856.5
475724.8;4919999.9
481293.4;4920209.9
510536.6;4921214.4
511632.4;4921060.5
442319;4920037.2
486043;4920048.2
492133.1;4920470.3
492853.1;4920413.5
509130.7;4921008
457606.2;4920035
458179;4919697.9
469895.6;4920205.9
519452.4;4921006.3
490669;4920099
458454.2;4919792.9
480551.6;4920008.3
481057.4;4919986.9
495057.3;4920508.9
468954.9;4920054.9
523323.7;4921319.6
443878.5;4919098.1
509674.9;4920577.5
511581.3;4920607.4
509855.1;4919783.3
522512.4;4919741.7
528892.2;4919461.9
493612.2;4919561.3
501902.8;4920662.4
503110.7;4920767.8
504417.4;4920324.9
533095.5;4921178.1
443348.2;4919652.9
481494.1;4920002.8
480106.6;4920240.8
474222.1;4920032.3
447397.5;4919855.7
447862.7;4919480
452959.3;4919968.2
505259.5;4920506.6
533921.9;4920343.6
495166.6;4920180.5
451559.5;4920017.5
465043.4;4919778.7
489775.9;4919899.6
493091;4920626
506574.1;4919624.5
465411.7;4918656.1
451824.5;4919675.9
484608.6;4919948.8
507251.1;4919795.2
452364.8;4919280.9
491421.6;4919954.7
498262.6;4920308.9
450861.5;4919123
466001.6;4918515.7
486635.8;4919723.5
499508.7;4920187.5
513557.8;4920719.2
444919.1;4918770.9
451631.8;4918981.6
461624.8;4919770.3
484157.8;4919970.2
496413.2;4919939
522111.9;4920230.5
478160.7;4919785.9
483102.5;4920234.2
456924.3;4918797.7
457354.4;4919521.8
464846.2;4919326.1
476986.3;4919358.5
517651.6;4921087.8
447154.6;4919288.2
492441.1;4920079.1
457842.3;4919572.4
469484.3;4919657.6
468066.3;4918143.5
511749.1;4920151.9
519471.9;4920571.2
520061.9;4919725.4
496768.5;4919576.4
463732.2;4918307.6
440406.3;4918756.6
463196.1;4919519.3
532030.6;4920369
531582.1;4920917.4
544261.5;4920320.4
543812.8;4919114.5
448721.7;4919152.6
449479.3;4919618.2
450438.7;4919368.6
470001.8;4919698.2
510720.3;4919765.1
517420.1;4919468.1
518154.3;4919545.2
524743.1;4920720
512596.1;4920012.4
483925.4;4919643.6
488977.9;4920506.2
489041;4919417.7
494265.6;4919843.6
471859.2;4918757
532253.8;4920112.1
466580.2;4918474.8
468760.9;4917922
483074.2;4919522
488698.6;4919617.6
526391.3;4919206.1
471092.4;4918559.6
525425;4919079
473477.1;4919441
487700.1;4920402.5
443450.3;4919196.8
482586.5;4919482
499935.9;4919302.6
501561.1;4919619.1
502663.7;4919731.2
463221.9;4918304.3
492282.9;4919705.5
500249.7;4919228.6
500571;4919237
500900.5;4919432.9
441730.2;4919066.1
470197.1;4919325.7
498924.4;4919708
498452.4;4919821.4
513775.2;4919761.4
469196.4;4919206
482865.2;4919400.9
483645.7;4919497.5
483344.9;4919446.1
487702.4;4919499.4
487965;4919511.3
508477.5;4919913.8
452952.9;4918789.8
457971.3;4918999.4
462311.4;4919487.2
461919.7;4918748.5
462688.9;4918967.9
481804.1;4919965.9
512841.2;4919785.8
547606.6;4919024.2
469467.7;4919027.5
469975.5;4918958.2
484392;4919360.5
495284.5;4919665.1
459503.2;4918819.2
481736.6;4919409.7
486245;4919772.2
450039.6;4918674.6
450399.7;4918437.1
458481.3;4918963.2
460288.2;4918732.7
548177.9;4918876.8
524835.3;4919349.8
545300.4;4920007.7
486280.2;4919315.2
523497.8;4919765.9
503814;4919912
506060.6;4918817
504525.7;4919192.2
448335.6;4918494.5
491670.9;4919271.7
442636.1;4918644.9
476884.7;4918938.1
480755;4919606.5
508456.9;4919544.5
446732.9;4917961.7
489266;4918694.1
492893.2;4918648.6
449485.6;4918682.9
473491.2;4917822.8
475553.7;4918738.7
463101.1;4918877.7
478116.6;4919406.2
485317;4919369.2
489664.3;4918966.2
490595.1;4919155.5
489667.4;4918362.4
494078.7;4918556.8
499069.6;4919448.5
503893;4919352.6
511160.7;4919112.9
512037.5;4919847
511596.3;4918616.3
497617;4919124.2
531472.6;4919681.4
495561.1;4918664.5
532104.6;4919628.6
486858.7;4919768.4
488126.8;4919196.3
493755.3;4918990.7
464776.6;4918817.5
472769;4918328.5
477876.2;4918806.8
513717.9;4918989.2
515924.3;4919550.2
496252.8;4919096.3
502222.3;4919176.7
513107.3;4919230
512593.8;4919071.9
512830.5;4917678.8
460213.1;4918437.5
461646.9;4918868.4
473202.9;4918049.7
492593;4918580.3
450849.9;4917987.5
452711.2;4918495
452060.3;4918163.6
459420.7;4919036.9
497234.7;4919004
547144.9;4918227.6
451196;4917803.2
453526;4918334.9
533394.6;4919319.3
453959.6;4917887.9
454866.5;4917119.3
454943.6;4918429.2
469376.9;4918070
521178;4919476.5
509725.3;4918653.1
510620.1;4919387.5
462458.2;4918533.3
476326.1;4918517.6
544652.6;4919647.2
462736.8;4918373.6
488662.9;4918792.4
496862.1;4918604.5
514807.8;4919300.4
439429.8;4917879.1
439784.8;4916775.3
497899.6;4918846.6
499042.4;4919018.5
457915.3;4918583.5
449278.3;4917954.2
492035.4;4918151.3
491399.5;4918747.6
469828;4916837.2
470344.4;4918423.2
478250.1;4918784.8
443132.2;4918354.6
503926;4919030.3
507874.3;4918674.6
508609.2;4919260.6
451605.1;4917146.2
494651.3;4918484.6
496167.6;4918465.2
527248.8;4919314.6
449835.1;4917919.9
443648.1;4917866.1
541556.9;4919043.2
513930;4918546.8
437635.4;4916704.6
442780.1;4917910.5
522832;4917666.7
531183.1;4919129
458533.3;4917038.9
459719.1;4916764.9
465141.4;4917588.8
477649.3;4918317.5
515156.1;4918433.7
514511.9;4918345.9
522505.2;4918641.2
546735.1;4918282.2
461289.2;4918104.3
540629.5;4918569.8
542547.4;4919062.8
519805.7;4918219.2
520560.5;4917809.7
548769.3;4918274.2
490001.6;4918202.2
502368.2;4918674.5
504229.4;4918671
504887;4918567.4
508460.9;4918527
450222.8;4917558.2
544505.2;4918257.2
445584.3;4917366.6
500931;4918383.7
545004.4;4918040.4
545739.3;4918299
507576.8;4918472.4
531355.7;4918829
544579.8;4919294.5
458241.8;4916875.8
490369.3;4918169.9
491090.9;4918163.6
475885.1;4918383.2
491649.3;4918195.4
498905.9;4917159.1
527462.6;4918213.1
441391.2;4917620.4
439507.2;4918448.2
442109.4;4917519.5
444440.2;4917561.6
450562;4917400
475115.6;4917853.7
536991.9;4918828
445032.9;4917421.9
455777.9;4917528.5
461030.1;4917695
498280.2;4918503
499101.2;4918276.4
462068.1;4917861.7
496977.9;4918031.4
451660.7;4916553
470664.1;4918075.9
488862.3;4918459.3
500534.1;4918348.8
501498.9;4917644.8
501821.5;4917875.8
447703.3;4917729.4
470505.7;4917220.2
493356.2;4918036.3
475897.4;4917760.3
495237.1;4918137.9
494934.9;4917581.4
504326.1;4918404.1
504241.5;4917229.6
539465.9;4918512.6
512294.1;4917999.8
443218.4;4917493.7
471292.2;4917045.7
471232.4;4917523.9
476677;4918086.7
448795.8;4917204.9
449113;4917157.6
449551.3;4917040.4
450026.9;4916980.3
498621.9;4917894.3
509795.6;4918070.5
533232;4918481.6
488823.5;4917865.1
502536.1;4918084.5
503548.2;4917218.5
504929;4917925.4
506621.8;4917524
442271.9;4917288.4
504745.6;4918163.8
524903.9;4918494.3
531603.6;4917809.8
438093.6;4916640.4
517489.6;4918466.8
516962.1;4918225.2
494286.3;4918447.6
497976.8;4917942
462200.7;4917239.5
537084.6;4917750.4
515989.9;4918486.3
441369;4916949.2
440481.7;4916410.8
447106;4916960.7
447657.6;4916868.6
499542.3;4917177.2
500649.5;4917611
500713.5;4917947.4
516383.7;4917327.5
536742.8;4918454.7
542985.5;4917817.4
474250.3;4917305.1
492175.4;4917801.3
508102.4;4918265.4
535618.8;4918165
442732.1;4917173.9
443173.1;4916786
475385.6;4917754.1
521570.7;4917237.9
541124.3;4917004.5
457418.3;4917316.9
493126.6;4917954.9
510392.3;4917711.1
441973.4;4916237.4
462082.9;4915995
472494.3;4917140.7
530775.8;4917884.5
492673.2;4917475.7
528014.1;4917778
529496.6;4918226.9
492869.4;4917568.2
495656.4;4917375.6
495225.1;4917142.3
515502.4;4917462.8
457084.9;4917225.9
456857.5;4916481.8
508416.3;4917863.9
511998.2;4917931.3
446242.4;4916483.7
446692.4;4916938
453867.6;4916789.8
472220.9;4916931.5
491639.2;4917724.3
475191.9;4917226.9
475526.9;4917391.5
496081.4;4917459.1
434158.9;4915788.5
461586.7;4916956.3
463981.6;4916495.9
517151.6;4917959.1
528439.3;4917010.1
534645.5;4917750.9
464996.6;4916256.6
508222.7;4917534
455316.2;4917142.8
457748.2;4916468.2
509227.6;4916675.6
513532.4;4917472
444239.3;4916656.2
494699.6;4917780.5
438607.6;4916571.3
496785;4917294.6
496321.9;4917299.3
517653.8;4917714
448332.1;4915956.5
470495;4916761.2
532458.5;4917558.6
504840.7;4916824.5
497862;4917309.4
514724.5;4918062.3
524872.5;4917831.4
527129.4;4917730.4
533955;4917416.9
469337.8;4917124
509793.9;4917035.5
519013.3;4917474.3
526119.1;4917745.4
525947.2;4918687.5
539999.9;4917903.9
549964.2;4918148.8
549392;4918603.1
510943.7;4917592
511682.9;4917569.4
551135.7;4917019.8
458061.6;4916334.9
498610.2;4917307.1
438815.5;4916486.2
469084.4;4916284.8
513909.5;4917001.7
517018.2;4917348.1
529592.6;4917633.8
529788.8;4916568
530480.4;4917619.7
535936.7;4917403.4
435765.1;4915873.9
474883.3;4916824.5
499925;4916446.5
492462.9;4917213.9
501273.2;4916339.4
532847.4;4917460
533388.9;4917231.8
535845.8;4917119.8
456233.5;4916284.7
512057.9;4916911.4
527166;4917163.1
538857.4;4917708
539354.1;4917583.8
517772.2;4917249.8
444063.4;4915885.9
462322.5;4916656.1
550165.1;4917816.2
466229;4916454.1
467298.5;4917013
460550.9;4916944.1
524068.2;4917013.9
525457.7;4917193.3
439427.6;4915788.4
461531.6;4916108
460314.3;4915874.6
502944;4915851.9
508699.1;4916421.7
549378.6;4917328.4
448957.6;4915513.8
539519.7;4917450
551936.4;4916567.2
494088.7;4916974.7
494785.4;4916834
438139.9;4915841.3
500378.9;4916051.9
500769.2;4915958.8
517281;4916456.7
510962.8;4916041.9
511647.5;4915723.2
434762.9;4915858.6
526231.1;4916387
460489.3;4915745.2
463364.7;4915697.5
473242;4916075.2
473645.6;4916908.5
472847.3;4915993.7
497078.3;4916828.4
465596.6;4916477.7
471827.8;4916379.3
496089.1;4916581.6
505561.9;4916890.1
506320.7;4915980.3
452674.5;4916392.4
453491.7;4915773.2
460840.7;4915860.2
474004.1;4916321.3
497507.4;4916131.7
497734.5;4916027.5
498318.7;4916683.6
547639.8;4917156.8
453911.7;4916145.7
470499.6;4916447.7
495455.1;4916440.1
550610.4;4916747.8
516825;4916500.9
501593.4;4916108
495133.3;4916296.6
545216.3;4916276.9
445817.3;4915959
445421.5;4914825.6
454094.2;4915959.8
454660.9;4915206.9
455488.2;4914621.2
468889.1;4916087.7
515761.6;4916300.8
535136.5;4916781.7
447296;4915437.8
513232.7;4916389.3
518634.1;4916279.2
530837.4;4916475.5
532021.1;4916746.9
470512.4;4915362.4
496906.4;4916049.8
496367.5;4916257.1
548609.9;4916833.4
458564;4915952.9
468657.5;4915774.5
501842.6;4915605.4
441117.1;4915694.4
445053.1;4915683.5
469327.3;4916362
471541.8;4915746.2
472094.1;4915918.2
508015.8;4915482.4
506872.9;4915312.2
469717.8;4915921.3
472393.3;4915865.2
443192.9;4915969
540636.2;4916182.5
464887.4;4915404
499676.4;4916690.8
515129.3;4916412.8
532753.8;4916829.6
546176;4916443.7
549845.9;4915607.6
533555.9;4916563.3
454118.5;4915657.8
494938.2;4916028.8
514256.9;4916205.3
528033.7;4916437.1
534556.1;4916071.9
444862.9;4914818.2
465242.7;4915688.8
494586.4;4916111
523562.1;4916329.6
469189.4;4914938.9
522808.1;4915922.1
532381.8;4916407.1
549434.3;4915706.3
498255.4;4915971.4
441258.3;4915285.7
445756.6;4914783.3
446472.9;4915582.5
446622.6;4914480.9
456213.9;4915694.5
437435.5;4915366.8
439034.4;4915434
442500.4;4915191.7
444436.1;4914933
451692;4915450.6
469942.7;4915045
495536.6;4915949.2
505419.6;4916266.7
520150.7;4916192
520687.7;4916755
527805.5;4916414.3
527587.5;4916221.8
449827.9;4914335.2
460990;4915623.6
471157.5;4915517.3
516129.7;4916357.4
435688.3;4915068.2
437033.9;4914698.8
438392;4915186.3
452835.8;4915723.9
467234.6;4915711.7
465741.5;4915559.3
539108.2;4915496.2
442886.4;4915222.6
449596.7;4914963.6
498968.7;4915814.3
457672.3;4914974.2
458094.5;4915311.8
524309.8;4915560.8
446845.7;4914941.7
447022.5;4915061.6
457259;4915302.1
499495.1;4916130.8
504724.1;4915807.1
538609.9;4914903.6
433948.4;4914181.8
444212.5;4914946.7
460962.1;4915088.4
512707.4;4916185.3
532681.5;4916432
533208.5;4915914.1
537165.9;4915456.5
437484.5;4914978.7
456279;4915333.2
544051.3;4916347.9
472037.6;4915443.8
505278;4915261.6
453248.8;4914976.7
452820.9;4914850.7
454127.3;4914798.9
472384.4;4915477
472770.5;4915573.2
505351.6;4916042.3
510128.3;4916185.1
542780.3;4917277.4
547247;4916420.1
546323.9;4917536.2
443376.8;4914492.3
458658.2;4915086.4
548386.7;4916267.1
503535.5;4915110.3
456486.6;4914431.3
461605.5;4915311.9
510146.9;4915970.7
432704.5;4914639.1
496450.9;4915809.1
496053.6;4915783.2
499306.6;4915524.6
468581.7;4914816.5
536710.4;4915313.7
451730.9;4914439.2
508546.6;4915962.9
546191.7;4915855.5
441150.2;4914805
452262.1;4914698.2
460046.1;4915066.1
514244;4915748.6
522473.3;4916071
465488.7;4915082.4
532470.4;4915958.8
531036.9;4916093.9
442085.2;4914443.1
442881;4914673.7
521403;4915757.4
439136;4914948.2
438207.8;4914108.2
460288.5;4914728.7
510012.9;4915463.6
515597;4915303.7
520975.9;4915419.3
528053;4915826.2
533523.4;4916083.3
461867;4914616.9
497192.9;4916078.7
519497.7;4915545
527312.4;4915920
438691.8;4914114.5
447498.6;4915074.6
497259.1;4915391
512767.9;4915137
513618.9;4915224
436492.4;4914818
471541.6;4915051.3
498029.8;4915595.2
528707.9;4915105.1
536404.4;4915203.1
457328.2;4914428.1
458861.4;4914670.7
459637.7;4914496.7
535955;4915022.9
534815;4916352.6
544326.7;4916157.2
432139.7;4914415
439178.7;4914656.9
441041.2;4913818.6
516891;4914523.5
517483.6;4915527.1
466858.9;4914792.5
544533.3;4915308.5
548132;4915104.7
547274.1;4915128.6
447368;4914448.9
531343.3;4915650.9
526696.1;4915801.8
432342.8;4914232.6
434542.4;4914054
435513.5;4914205.4
436021.4;4914411.3
439077.2;4913943.2
497746.6;4915309.1
516065;4914931.2
522807.8;4915214.6
464458.1;4914877.2
510989.3;4915268.1
524658;4914458.9
447179.2;4913955.5
544978.6;4915470.1
439325.2;4914098.7
465836.5;4913851.7
515153.5;4914840.7
526833.8;4915188.6
436386.5;4913805.3
508714.6;4915105.2
509636.2;4914424.3
520051.3;4915153.2
442544.4;4914314.3
529738.2;4915129.5
463920;4914146.3
532459.8;4915484.6
447795.5;4914385.1
499627.9;4915073.5
500041.6;4916097.5
523518.5;4914939.3
534083.8;4915511.8
527779.8;4915058.4
530279.7;4915364.7
462416.6;4914257.2
502037.8;4914996.2
514727;4914737.5
460962.8;4914319.8
461175.8;4914531.6
507454;4915691.4
521969.3;4915401.9
534472;4915173.4
551728.4;4914666.1
437568.1;4913642.3
437291.5;4913353.3
452546.8;4914730.4
464890.1;4913807.9
533051.8;4915016.4
446314.7;4914402.1
458022.2;4914143.2
470951.9;4914690.5
444586.3;4914594
463015.9;4914257.2
500038.6;4914884.8
501554.4;4914882
551622.3;4915664.6
432599.1;4913902
454171.1;4914333.1
463287.3;4913874
525192.5;4914437.2
442107.5;4914077.6
441955.1;4913890.2
451229;4913870.8
550107.1;4915311.7
452510.7;4913968.3
500460.7;4914848.2
503953.7;4914668.2
504311.3;4914512.2
503644.7;4914677.6
510852.4;4915016.8
447932.9;4914032.9
435289.9;4913699.1
444171.4;4913866.5
460226.9;4913530.8
500819.1;4914766.9
501575.9;4915759.2
507361.6;4914977.7
507409.2;4914715.7
513783.3;4914833.5
522042;4914780.7
466467.7;4913372.1
470871;4914351.4
503328.3;4914684.7
518018.8;4915070.3
432120.2;4913523
458745.9;4914163.9
518182.3;4914756.8
468238.9;4914530.2
519367.6;4915014.2
541374.2;4914676.6
466807.4;4913152
467697.1;4914068.4
520703.5;4914808.8
520795.5;4914370.5
531178.2;4915119.4
545883;4915764.9
468383.3;4913827.6
461723.2;4913787
531717.3;4914444.2
534153.2;4915238.8
445762.4;4913737.7
450795;4913616.4
470309.5;4914031.6
504567.9;4914561.9
544462.9;4914517.3
444770.1;4913882.3
448833.5;4913764.9
530437.5;4914626.7
454030.1;4914011
455300.4;4913566.6
501708.3;4914665.1
502213.6;4914586.4
448739.8;4913504.3
447506.1;4913344.2
458384.2;4913688.2
459715.7;4914052.4
510794.9;4914528.2
542888.5;4915111.1
543239.9;4914679.9
546081.8;4915007.7
550281.7;4914922
505784.2;4915247.7
468410.4;4914218.5
460793.9;4913590.3
461208.6;4913453.7
519232.7;4914118.8
517566.9;4913815.6
431976.6;4913003.2
442777.3;4913757.5
454197;4913283.7
443771.3;4913593.4
452596.9;4913649.5
461750.8;4912645.7
462309.6;4913208.1
504888.2;4914446.2
505331.7;4914165.7
534665.5;4914704
546957.3;4914612.7
432890.2;4913434.1
434946.8;4913353.6
435964.2;4913445.1
444059.4;4913384.4
457392.8;4913724.9
503045.9;4914518.5
503326.8;4914291.9
506384;4914121.2
510950.6;4914263.7
444460.3;4912693.2
444969.6;4913285.7
507900.9;4914420.5
506649;4913981.7
528089.1;4914498.9
527591.7;4914409
438987.2;4913434.2
440474.8;4913176.4
531139.1;4914773.5
443032.3;4913143.9
503817.7;4914215.9
504594.1;4914158
518631.4;4913965.5
452303.5;4913146.9
513900.6;4914386.1
533392.8;4914316.3
546454.3;4914189.5
459397.2;4913548.8
434085.3;4913099.4
522980.5;4914514.4
542606.8;4913655.1
454985.2;4913301.5
469480;4913852.1
521610.4;4913539.7
521390;4913972.4
522491.8;4913978.3
545891;4914512
446384.5;4913404.3
535886.1;4914298.7
432509.1;4912949.7
433124.9;4913069.3
436220.9;4912746.2
436879.1;4912908
450435.2;4913229.2
467185.1;4913015.4
508253.9;4913790.6
509071;4913496
512419;4914358.8
512598.6;4913993.3
457619.9;4913495.2
505044.7;4914112
513541.7;4913806.2
456245.3;4914092.3
457770.5;4912965.6
462559.8;4913099.8
526122.9;4914529.3
526756.3;4913517.2
527438.8;4914186.6
435615.3;4912904.6
459692.6;4912059.7
462386.8;4911649.8
463653.9;4913713.4
464779.2;4912799.6
507253.1;4913743.3
511755.5;4914216.2
516248.8;4913811.2
529673.8;4913521.4
529280.7;4914338.2
450027;4912380.5
458582.9;4912808.9
461398.7;4912973.6
468933.2;4913353
512326.3;4913531.4
515138.3;4913864.8
514625.1;4914004.1
515761.7;4913400.7
507566.2;4913615.6
530288.3;4913655.7
530504;4914185.1
434793.5;4912997.9
445517;4913233.1
468430.8;4913183.3
511216.5;4913908.5
535672.9;4914106.6
467458;4912868.5
468129;4913222.3
447920.5;4912908.8
449377.9;4912743.7
434213.3;4912397.5
525470.5;4913803.8
525984.9;4913667.6
446062.3;4912770.4
446455.1;4913012
463062.2;4912095
548998.3;4914275.8
463618.7;4911913.8
532934.5;4913804.3
434646.7;4912613.1
459974.5;4912566.2
433113.8;4912398.6
443723.4;4912229.4
457236.8;4912947.5
456657.9;4912883.3
528366.1;4913900.5
537908.4;4914211.9
523199.4;4913844.8
523867.8;4913970.9
522786.2;4913633.7
465779.3;4912536.6
534752.1;4913393.2
453235.9;4912188.4
511049.3;4913628.4
435228.6;4912649.3
467831.1;4912940
536819.2;4913932.2
552119.4;4914020.7
439315.6;4912575.2
445272.5;4912488.8
514642.7;4913534.1
533989.8;4914278.4
534176.1;4913279.9
543283.3;4914132.6
455600.9;4912417.5
506832.1;4913600.9
527033.8;4913352
528020.3;4913252.7
448357.7;4912867.7
513349;4913426.6
531825.1;4913496.5
547988.1;4913239.3
520030.4;4913546.7
545914.5;4913778.9
450074.9;4912986.4
507780;4913476.2
537323.4;4913932.8
448520.4;4912563.5
454850.8;4912403.8
511854.5;4913332.7
537528.8;4913127.4
432968.5;4911925.2
432124.7;4912267.2
437856.1;4912209.1
518422.7;4913274.4
548967.6;4913460
435879.8;4912594.9
468130.6;4912838.4
510163;4913049.2
451072.8;4911894.6
451864.8;4911936.6
460541.5;4911922.7
460958.4;4912081.1
538388;4913772.5
446843.3;4912434.6
445999.5;4912031.3
436638;4912336.1
445305.1;4912270.6
445666.1;4912149.2
448009.3;4912264.3
453720.7;4911809.3
454726.8;4912622.3
533165.6;4913991.6
533484.8;4913003.2
535796;4913400.8
545069.7;4913928.5
458210.2;4912381.5
464621.8;4912521.6
551228;4913934.1
436100.2;4912100.9
447299.2;4911644.4
447796.4;4911594.3
523238.3;4912658.4
528670.7;4913024.1
544259.7;4913232.2
545930.3;4913316.2
549562.8;4913349.9
550377.9;4913614.9
510531.6;4912963.6
511322.7;4912736.4
522088.1;4912946.3
434664.8;4911775.5
435686.3;4911262.7
518806.9;4913153.5
437027.4;4911546.2
437735;4911706
443217.4;4912092.2
448549.8;4912354.7
449552.5;4911910.5
449098.2;4911676.5
464333.3;4911895.7
514949;4912548.3
508052.2;4913292.8
508586.4;4912961.3
546695.9;4912784.8
547092.1;4913007.5
551500.1;4913718.5
446743.6;4911996.8
461935.8;4911794.2
467689.9;4912558.7
522415.5;4912541.3
456410;4912270.2
457510.5;4911947.6
543017.4;4913244.6
436314.9;4911885.6
436331.4;4910304.5
550804.2;4912988.2
457779.6;4912259.3
541811.2;4913587.5
524828.6;4913278
540485.7;4912097.3
541101.2;4912246.2
519164.9;4912007.1
519961.9;4913064.2
545075.3;4913161
440674.6;4912191.1
432437.7;4911528.8
441778.5;4912104.1
448807.6;4911537.9
509777.7;4912754.5
509145.8;4912823.6
509423.7;4912761.1
516552;4912349.2
517177.8;4912289.7
539440.1;4913104.7
538095.7;4912498.3
511990;4912461.1
512937.2;4912891.3
518191.7;4913101.4
517848.9;4911949.4
524370.8;4912754.3
520941.8;4912597.1
466939.4;4912429.2
441194.4;4911599.4
442862.9;4911661.2
458934.2;4912654.2
433253;4910805.6
445048.6;4911561.1
454268.2;4911738.8
515856.9;4912245
432176.1;4911246.5
448547.2;4911342.2
464748.5;4912127.4
458634.2;4911739.8
446541.8;4911865.2
448027.5;4911061.6
531428.4;4912042.2
452918.1;4911426.1
454623.2;4911251.5
455273;4911560.4
514513.2;4912334.4
530488.2;4913089.9
444149.5;4911167.6
455853.5;4911394.6
533040.8;4912452.6
526075.2;4912952.7
545334.3;4913280.7
551855.4;4912631.9
518129;4911998.5
518546.4;4911949.1
450517.7;4911809.2
519608.7;4911650.1
540275.5;4913102.8
543129.7;4912806.1
549706;4912852.2
466613.5;4912005.6
512859.1;4912499.4
443699.6;4910700.6
457114.8;4911447.9
460372.4;4911037.9
530858.6;4913026.8
459593.6;4911348.1
465535.5;4911544.2
546152.2;4912632.7
445471.9;4911026.4
446070.4;4911528
540068.2;4912481.2
456263.5;4911289.9
446609.2;4911312
465793.4;4911809.3
510096.6;4912353.8
524710.4;4911868.8
529292.5;4912726.7
535096.2;4912514.5
536060.2;4912544.6
452656.5;4911403.8
439497.4;4911589.7
529956.8;4911835.3
545126.5;4912779.4
439605.2;4911239.7
539347.8;4912557.5
438135.7;4910967.1
440918.8;4910667.6
442094.5;4910832.8
442990.2;4911235.6
457585.9;4911242.4
458159;4911332.5
464717.9;4911863.2
465176.9;4911407.2
527799.7;4911848.1
526503.6;4912166.7
527220.3;4912133.7
533964.9;4912329.6
433706.8;4911125.3
434639.3;4910817.4
543431.2;4912708.4
546498.9;4911941.4
439226.2;4911010.5
459198.9;4911061
526260.1;4912342.9
528063.3;4911591.9
548751.2;4912450.3
452503.5;4910962.7
510846.9;4912434.3
512445.7;4912019.9
534933.8;4912102.7
543584.1;4911818.5
542988.7;4911447.4
464396;4911428.8
512665.9;4911635.7
514158;4911602.9
529145.6;4912247.9
444802.7;4910837.5
445716.7;4910904.4
446646.1;4911066.2
450634.4;4911217.4
455077.1;4911273.5
523703.2;4911909.7
525560.8;4912007
520220.4;4911514.3
544099.4;4912359.1
544897.3;4912297.4
445214;4911125.4
449950.8;4911446.3
543890;4912569.7
432014.6;4910698.1
552232.1;4912138.4
449411.5;4911392.8
461314.7;4910338
511585.5;4911673.8
434835;4909966.7
537773;4912177.9
542069.7;4910875.3
545676.9;4911335.4
545482.6;4912347.5
431465.5;4910354.1
454311.7;4910684.3
521453.4;4910687.1
525798.9;4911642
531906.9;4911709.9
432539.2;4910553.2
436864.3;4910302.2
439374.9;4910702.5
552797.1;4908826.8
555033.3;4912461.9
442759.4;4910757.2
443299.7;4910684.6
556167.2;4911719.1
532435.3;4911153.3
539737.8;4912137.1
538203.5;4911749.5
548144.3;4910664.9
554699.9;4911336
535997.2;4911442.2
536708.8;4911430
459256.1;4910363.6
550575;4912434.6
446853;4910573.6
451147.1;4910936
458131.5;4910906.5
458099.8;4910597.1
464127.1;4911032.2
522225.4;4911287.2
526104.4;4911324.9
526992.3;4911668.9
455974.7;4910833.5
462745;4910467.8
533775.2;4911588.9
534504.1;4911887
549020.3;4912067.7
549559;4912109.5
555426.5;4911591.5
555056;4911524.6
446064.8;4910587.9
533204.2;4911735.5
529051.5;4911943.6
460916.8;4910407
449371;4910566.7
451926.1;4910837.1
547782.2;4911820
450268.9;4910765.4
451114.9;4910630.4
456774.4;4910840.1
549574.7;4911723.7
450324.4;4910481.6
450600.8;4910397.1
456086.6;4910431.2
547348.2;4911688.9
432555.9;4910283.9
455140.5;4910704.6
514767.5;4910428.3
517343.8;4911453.4
432139.3;4909754.9
433849.6;4910060.6
433754.1;4909826.1
437963.8;4910618.5
448382.2;4910516.7
453748.3;4910398.4
516535.1;4911772.6
515957.7;4911408.8
439419.3;4910151.3
441191.1;4910229.5
444568;4910383
444962.8;4910004.6
445369.7;4910041
453052;4910308.8
462341.3;4910207.8
528977.6;4911222.6
443259.4;4909993.4
443362.6;4910416
445750.6;4910238.8
435246.5;4910149.5
438085.2;4910064.5
463330.8;4911789.9
550808.1;4911006.2
551463.9;4911260.6
512296.3;4911348.7
441453.6;4910124.8
442009.1;4909895.1
451141.8;4909969.3
451943.2;4910034.9
459557.8;4911003.6
460103.5;4910422.5
514346;4911000.7
517019.8;4910712.9
441707.2;4910035.2
442766.4;4909550
457669.3;4909611.3
512087.3;4911080.6
515586.1;4910263.2
452633.5;4910108.8
429519.4;4909729.6
448251.5;4910264
538775.1;4911403.2
539251.8;4910895.5
464068.5;4910683.6
549115.4;4910366.7
456579.5;4908919.2
518433.4;4911068.2
534388.2;4911379.1
432729.6;4910015.8
446447.5;4910079.8
461749.8;4910277.1
518213.2;4910954.4
524932.3;4911000.1
526395.2;4911091.7
446856.7;4910249.9
447954.6;4909956.2
447729.9;4909978
454520.1;4910183
456873.4;4910422.5
512478.1;4910943.3
463856.4;4910309.9
515249;4910454.5
432718.1;4909335.2
444399.6;4909957.9
444687.7;4909860.4
449568.8;4910095.1
512902.1;4910647
517695.8;4911163.6
454902.8;4909566
455391.6;4909869.7
523481.8;4911061.4
524131.7;4910795.7
526640.6;4910687.3
440630.6;4909536.8
525460.7;4910752.7
456824.5;4910080
432900.5;4909661.7
450612.2;4909750.6
532925.8;4910546.2
534392.2;4910949.4
430894.6;4908990.6
431700.5;4909553.4
460533.8;4909881.3
530390.1;4911621.7
443930.7;4909814.6
547308.6;4910714.2
552731.5;4911080.3
447429.7;4909811.3
446893.5;4909690.8
447238.5;4909067.3
459072.8;4909863.3
527987.4;4910947.2
530571.4;4910724.7
535148.3;4910320.7
436788.7;4909825.6
441492.7;4909143.2
445912.6;4909644.2
456832.2;4909409.2
437519.8;4909150
449217;4909508.5
547665.2;4910629.2
431187.6;4908937.5
434614.7;4910301
448533;4909647.3
453367;4909828.6
518281.8;4910672.8
527161.1;4910824.9
460235.4;4909723.8
513304.2;4910415.7
462112.7;4909791.6
512486;4910643.4
444241.5;4909589.3
454208.1;4909974.9
529302.8;4910813
530138.4;4910733.8
446721.4;4908591.8
438253.9;4909723.3
525210;4910678.7
537050.8;4910827.2
457348.4;4909425.8
461482.5;4909507
541886.2;4910571.2
541490.7;4909752.9
444116.2;4909324.3
520221.9;4910552.6
520150.9;4910949.1
538157.3;4910286.1
433508.8;4909845.8
433558.4;4908601.6
434153.3;4908655.5
440192;4909406.4
454215.4;4909399.7
531396;4910475.1
555822.7;4910713.2
453648.8;4909359.4
462620.2;4910250.4
525674.1;4910027.5
445192.4;4909822.9
447724.7;4909408
512486;4909306.5
517933.4;4910376.2
520848.5;4909892
522096.8;4909950.1
528437.5;4910709.5
439291.9;4908938.8
451543;4909675.5
451901.8;4909111.7
452755.6;4909245.1
518048.8;4910072.4
524601;4909774.9
525398.4;4907834
529519.2;4910204.3
431503.6;4908863
431860.1;4908714.3
432121.2;4909035.8
432040.9;4908865.3
434872.1;4908537.4
434987.2;4908759.3
435672.9;4908729.5
513930.8;4910372
525008.1;4910461
556465.2;4910467.2
445159.7;4909286.6
450303.8;4909578.6
527372.5;4910122.3
459217.3;4909523.8
462516;4909699.2
528918.3;4909857.1
448283;4908671.1
457954.4;4908585
460735;4909516.1
543400;4910255.1
520555.5;4909986.9
428840.3;4908855.8
429735.8;4908814.7
512908.4;4909166.4
513293.8;4909378.1
544078.9;4909855
429053.1;4908618.8
429250;4908317.7
452937.6;4909196.4
530020.5;4910178
530899.1;4909654.7
534810.6;4910262.2
535692.5;4910194.4
536940.7;4910129.5
537288.3;4910417.6
453331.6;4908948.6
528300.6;4910118.7
445733.5;4909258.4
451054.5;4909269.4
517399.5;4910119.9
519532.4;4910106.2
553794.5;4908583.6
554312.7;4911056.2
445739.4;4908888.6
450341.5;4908629.7
449434.4;4909097.8
458406.7;4908680.6
531190.3;4909957.6
539928.2;4910247.6
550475.7;4908811.9
444445.3;4908619.3
445113.3;4908863.9
520155.1;4909999.7
522957.6;4909907.2
438137.2;4908617.9
440602.6;4908772.5
532881.7;4909907
534231.7;4909911.6
539235.1;4910033
541183.7;4909589.3
442644.2;4908798.6
461909.3;4909470.2
517368.6;4909773.5
515388.4;4909264.1
443128.8;4908783.7
444164.5;4908256.7
455290.2;4908527.6
439140.1;4908601.5
441514.7;4908644.7
449022.5;4908780.3
451089.7;4908681.5
453816.4;4909110.6
459105.4;4909248.2
460324.3;4908998.4
545715.9;4910393.3
556969.4;4910102.7
432925.9;4907798.5
525990.2;4909634.3
461567.4;4909067.9
440018.3;4908671.5
459457.3;4908855.3
523541.7;4909349.6
523885.5;4909405.7
526736.4;4910160.8
526316.2;4909510.4
540597.2;4909699.3
551923.7;4909979.4
535978.3;4909371.4
430239.3;4908412.5
555491.2;4909865.9
446297.7;4908749
537537.9;4909868.5
551656.1;4909894.2
438431.5;4908504.2
453141.7;4908116.3
546955.3;4909945.7
547444.4;4909790.6
430048.4;4908153.6
451873.6;4908576.4
452625.9;4908657.8
541640.5;4910188.2
522442.8;4909307.2
554731.9;4909792.3
437151.7;4908229.8
444126.4;4907985.8
443696.9;4907812.6
440839.2;4908602.2
440030.5;4907765.4
527428.9;4909155.8
541989.9;4909573.1
522200;4909374.3
530410.7;4909202.5
529921.8;4907024.9
538137.1;4909491.1
539235.5;4909665.5
546411;4909625.2
445710.4;4908451.4
436805.4;4907727.3
446309.6;4908396.4
457535.9;4908297.6
460257.8;4908431.4
545070.2;4909402.1
445457.6;4908221.3
523456.1;4908844.8
533676.4;4909320
537335.1;4908965
440746.1;4907657.9
448698.1;4908325.1
453413.7;4908404.1
459090;4908249.3
439209.6;4907831.1
524154;4909559.5
430427.6;4906718.7
443077.1;4908041.6
452540.2;4908194.6
517593;4909260.7
528152.6;4909031.9
528832.8;4909298.6
534543.7;4909839
556511;4909222.7
448849.2;4907952.1
459646.5;4908351.9
529150.1;4909418.8
441335.1;4907096.1
442225.7;4906760.8
442535.2;4908109.4
450723.4;4908499
451364.6;4908152.2
521907.6;4909393.3
552078.1;4908335.7
438479.2;4908061.4
555763.3;4909313.7
521045;4909639.6
534728.3;4909337.2
521825;4909074.9
531807.8;4908932.1
533217.1;4909170.5
437644;4907764.1
438007.3;4907957.7
547584.3;4909319.7
539270.4;4909108.4
429437.4;4907877.4
534060;4909224.9
557487.9;4909966.8
516171.3;4908366.1
435078;4907769.4
435431.8;4907269.9
444433.9;4906535.2
540299.5;4909616.9
542548.5;4909289.1
526258.3;4908897.8
529416.6;4908530.3
528381.4;4908778.5
438366.8;4907661
451939.7;4907423
452297.6;4907429.2
534555.5;4908647.7
542879.7;4908832.3
542712.9;4907862.6
447652.6;4907757.6
533361.6;4908446.1
540309.3;4908803.1
540965.5;4909199.4
515104.4;4908509
547156.5;4908854.6
442739.9;4907174.9
459937.4;4907944.5
524888.9;4908962.5
543817;4908327.4
449897.5;4907789.3
450618;4907453.1
451191.7;4907676
443297.1;4907203.4
445191.5;4905832.7
455758.1;4907915.5
458376.7;4907453.5
458685.4;4907401.1
532747.1;4907851.3
545255.1;4908994.3
454200.9;4907688.6
522219.2;4908762.5
522726.9;4908923.3
546596.1;4908901.2
545795.3;4908776.6
458005.8;4907764.5
550014.7;4909013.8
443704;4907292.5
538297.5;4909092
550652.4;4908605.1
542146.9;4908622.2
541392.3;4908200.4
459246.7;4907812
538600;4908253.9
539112.2;4908563.7
456429;4907520.4
457001.9;4907343
526772.4;4908457.1
554611.9;4909321.1
554864.4;4908028.7
437514.4;4907098.5
438197.6;4907115.6
446432.7;4905141.8
516784.1;4907988
517098.1;4908254.1
456433.5;4907714.7
512493.4;4908110.5
512719.7;4908377
535474.9;4908672.4
547961.6;4908946
544906.4;4908551.1
548021.3;4908437
447870.1;4907573.2
459549.7;4907591
455531.6;4907176.6
455895.6;4906771.5
523062.7;4908449.6
524797.7;4908391.8
536043.7;4908377
536448.9;4907809
449620.8;4907238.8
516102.7;4908616.3
525770.4;4908195.9
447772.9;4907248
455201.7;4907300.9
454827;4907139.5
459114.3;4907326.4
526175.2;4908293.7
549292.7;4908178.2
457997.9;4907350.5
529012.2;4908039.8
540417.9;4908497.2
452583.6;4906702
453503.5;4907477.9
523361.9;4908221.8
534348.3;4908086.7
556362.5;4908225
512941.2;4907631.2
513325.4;4907634
523617;4908105
459493.9;4907283.4
451452.9;4907208
523902.9;4908055.9
524315.1;4907965.5
434080.3;4906655.7
436489.4;4907132.2
456349;4906120.2
513671;4907438.1
542384.9;4908205.7
558563.5;4907723.2
431277.4;4905965.4
437181.1;4905867.8
454375.5;4906691.4
526248.5;4908064.2
547611.4;4907650
527238.3;4907845.4
540524.1;4908009.4
546922.7;4908180.7
438264.1;4906123.7
439318.6;4906142.7
440411.5;4907437.1
439645.6;4905879.2
526822.3;4907658
530968.1;4907738.1
535336.4;4908128.5
546245.9;4908470.3
453156.9;4906616.4
453442.3;4906491.9
544449.3;4908302.5
433510.2;4905060.1
436387.9;4906615.1
452114.4;4905867.2
516953.5;4907666.4
545324.7;4908170.2
556811.1;4907693.7
437670.4;4905955.5
459078;4906949.4
449153.7;4906816
536938.3;4908181.3
457700.7;4907045.9
512412.7;4907767.6
513943.9;4907652.6
524796;4907639.9
542039.3;4908075.4
545519.1;4907857.7
535942.6;4907441.5
551106.3;4908030.8
426596.5;4905787.4
536743.7;4907358.2
538161.4;4908217.1
539254.6;4907197.7
435554;4906419.8
537327.8;4907120.4
537601;4906832.5
559597.2;4907529.2
544351.6;4907988.8
544620.6;4907830.8
458382.4;4906551.8
525959.3;4907471.2
526566.8;4907440
535221.2;4907421.4
456809.9;4905999.2
457422.3;4906735
448501.8;4906678.3
516374;4908018.8
527144.2;4907741.6
443031;4906874
447743.8;4906577.4
515821.6;4906897
454819.1;4906788.1
514349.6;4907301.2
514840.6;4906883.8
516194.4;4907090.4
512556.5;4907241.5
531210.1;4907450.9
532188.3;4907984.5
533912.8;4908016.6
546114.3;4907806.4
546840.1;4907846.3
528304.4;4907735.8
528833;4907335.6
533877.6;4906857.5
457157.7;4906226.8
538497;4906561.8
458802.5;4906594.3
516647.7;4907138.6
548727.8;4907881.8
426202.4;4905031.2
447812.3;4906280.5
449151.8;4906313.9
534371.5;4906888.6
455651.5;4906230
436042.8;4906252.1
440827.5;4905981
457904.2;4906155.1
457418;4906394.1
527800.7;4907317.6
551678.7;4907766.9
544717;4907419.2
546412.7;4907560.4
547098.9;4907399.5
534985.7;4906921.8
551945.5;4907458.1
435165.5;4906054.1
435341.5;4905863.5
449737.3;4905766.6
453962.8;4906297.2
525177;4907526.1
545545.9;4907409.3
513389.9;4906923.9
539793.7;4906880.6
550601.5;4907291.3
557873.6;4906076.3
450578.2;4905305.6
540361.7;4906612.7
436241.6;4905932.9
436496.8;4905815.1
451080.4;4905142.6
546565.2;4906791.5
548526.7;4907337.8
434458.9;4904968.9
526289.6;4907249.5
543774.7;4907193.3
531229.6;4907144.6
546938.8;4907143.8
514331.6;4906807.7
515092.9;4906925.5
453472.5;4905385
543418.7;4906952.3
448636.9;4905591
545291;4906801.4
436795.2;4905453
545907.9;4906563
551450.3;4907394.5
436387.8;4905547.4
530968.6;4906613.1
435620.6;4905599.5
516851.7;4906616
528619.7;4906972.5
554164;4905492
555085.1;4905235
456001.4;4906249.3
514254.9;4906499.3
514562.8;4906458.6
529611;4906503.7
531555.6;4906354.1
544523.5;4906711.7
544785.1;4907131
552147.2;4907323.6
455167.2;4905797.9
549269.4;4906774.1
551267;4906904.8
556872.1;4907097.6
454832.5;4904753.4
457301.1;4905752.4
553950.9;4907078.1
515428.6;4906627.6
532496.4;4906557.3
439378.8;4903967.9
440609.4;4903626.2
542402.7;4906766.3
542898;4906010.5
548353.9;4906895.1
551455.6;4906716.8
551739.7;4906539.5
440449;4905479.7
515169.1;4906408.2
535600.7;4906692
544290.2;4906397.8
435765.2;4905237.7
438820;4905900.6
442050.9;4903999.9
550776;4906494.2
549746.2;4906463.1
550246.1;4906958.1
436462.3;4905146.1
457123.9;4905423.6
455814.2;4905340.5
436849;4905168.7
515825.9;4906218.4
515540.3;4906158.8
535779;4906425
547340.2;4906337.8
553975.5;4906775.7
535673.7;4905904.3
536348.6;4906227.7
516760.8;4905905.2
455222.3;4905262
456567.1;4905716.8
543658.2;4906183.9
550021;4906375.9
432791.1;4904965.2
431122.1;4905114.7
431943.5;4903273.5
516401.5;4905944.3
528937.8;4905935.2
430746;4904058.5
548416.5;4906150.5
560204.3;4906814.6
429739.8;4904560.3
434835.3;4904506
435836.1;4904802.6
436955.4;4904919.5
534932.6;4906327
540510.3;4905984.8
552809.9;4905637.2
553231.7;4907761
428339.5;4904469.4
428776.2;4904082.1
560454.7;4906401
560369.4;4906723.8
541677.6;4905638
553442.6;4905822.7
436485.5;4904594.7
456917.4;4905287.6
437085.1;4904608.2
450558;4904703.3
549274.5;4905870.6
531152.6;4906513.5
533068.4;4906167.9
545075.5;4906092.4
431153.7;4904670.5
449292.1;4903919.3
516600.9;4905549.7
437347;4904262.6
451567;4905132.6
451668.4;4905525.3
538146.8;4905522.3
559977;4906175.3
448057.7;4904204.1
452604.8;4904827.1
455654.1;4904811.8
531259.1;4905667.7
532916.4;4905886
534053.8;4905747
534472.4;4905721.1
454290.3;4904958.9
538812.8;4905858.9
530283.1;4905551.8
452068.2;4904801.4
544447;4905630.1
544841.2;4905769.1
529334.9;4906090.6
531598.5;4905405.2
536884.3;4905973.7
543348.4;4905404.2
456239.7;4904783.4
536912.7;4905253.7
537845.8;4905258.3
546690.7;4905595.9
550318.6;4906068.8
435615.3;4904394.1
444454.1;4903911.4
546175.6;4905263.7
550919.8;4905344.9
551075.9;4905728.7
431850.1;4903770.7
545356;4905326.4
529152.6;4905354.2
538966.5;4904344.5
528728;4905492.4
442374.8;4903422.9
451816.4;4904484.3
451859.8;4904096.3
543464.5;4906067.1
436032.6;4904063.9
453081.1;4904591.7
529401.3;4905330.1
529846.6;4905371.6
560018.9;4905263.9
454361.1;4904213.7
455004.4;4904268.8
547674.2;4905851.6
532981;4905467.8
559015.4;4905533.8
429852.2;4903772.5
436607.9;4904004.3
437089.4;4904397.4
435450.6;4904137.3
534831.4;4905643.3
528486.1;4905642.4
535216;4905391.8
547817.1;4905531.3
549902.8;4905496.9
551734;4905526.9
551421.9;4905434.3
535445.8;4905054.8
452982.6;4903830.1
536149.7;4904893
536396.1;4905081.4
450099.8;4902522.5
550412.1;4904893.1
449322.4;4902860.7
455844.2;4904429.9
548340;4905427.1
427210.1;4903716.4
456031.6;4904069.4
533864.5;4905308.9
542212.6;4905379.7
538577.7;4904869.9
549622.1;4905347.2
435672.7;4903525
531645.9;4904998.7
534233.9;4905051.1
528858.1;4905290.7
549212;4905229.5
534564.1;4904111.9
561537.9;4905206
562216.7;4904727.9
452284.5;4903332.7
532171.5;4904186.7
542106.1;4904721.8
529466;4905013.9
529956.2;4905028.2
434661.5;4902971
434970;4903381.7
445757.4;4904999.4
541169.9;4905113.8
532620.8;4904317.9
533444.1;4904656.6
533981.8;4904767.7
548984.5;4904627
437399.8;4903806.5
436839.7;4903300.7
443685.1;4903920.4
531127.2;4904429.6
530302.4;4904623
549507.3;4904825.8
552906.7;4905252.1
455803.5;4903733.7
529687.1;4904708.4
530060;4904423.2
551621.9;4904470.4
427711.4;4902838
542268.8;4904426.8
542967.2;4903650.1
544431;4904693.8
545912.6;4904664.3
429289.5;4902827.3
442814.2;4902466.1
536965.4;4904096.2
428243.8;4902539.4
453741.1;4903400.3
552761.2;4904936.3
432272.8;4902691.7
443264.4;4902306.8
443962.3;4901778.7
444755;4902329.4
541647.7;4904523.5
427129.5;4903206.8
436595.3;4902507.5
535986.4;4903590.5
433237.2;4901939.1
543820.3;4903497.2
556294.6;4902428.2
555096.4;4903902.8
559084.5;4904841.4
451754.9;4903154.5
533195.8;4903806.3
547982;4904551.8
551185.8;4904541.6
553600;4905332.3
430921.6;4903153.9
430223.4;4902424.7
545452.3;4903523.1
552709.1;4904336.4
548668.4;4903279
561314.6;4904452.2
560261.4;4904558.6
559580.7;4904454.4
559162.6;4904077.3
537580.7;4903719.9
562508.5;4904073.8
437707.5;4902452.7
436888.3;4902784.7
563454.7;4903910.8
565641.7;4904057
566265.2;4903603.8
533558.5;4904004.1
430859.7;4902656.4
530639.3;4903999.8
545819.8;4904267.2
544671.3;4903883.4
431273;4901933.3
436112.9;4902968.7
548271.9;4904210.9
552032.4;4904260.2
531385.8;4903759.6
530944.5;4903846.2
540293.5;4903699.6
549417.8;4904102.5
436377;4901617.8
550368.4;4903915.1
435201.4;4900895.3
435905;4901194.5
448058.1;4902900.5
453775.5;4902810.3
532664.1;4903191
530814.8;4903557.5
558080.6;4903484.1
560488.9;4902829
548329.3;4903967.6
549894.7;4903563.1
452761.4;4902226.5
550631.5;4903607.9
552203.7;4904054.5
427360.3;4902256
428068.7;4902027.7
541996.3;4903828.8
551483;4904055.3
434858.5;4901048.7
551965.5;4903644.7
551187.3;4903562.4
534895.5;4903157
541894.8;4903642.9
546456.2;4903569.1
551563.2;4903347.5
446525.5;4902685.6
446333.6;4901996.9
447303.7;4902120.2
453375.3;4902619.8
549344.5;4903748.5
552641.2;4903591.4
539107.6;4903624.7
531581.7;4903645
437508.6;4901816.3
439776.7;4900704.3
441121.3;4900722.5
454676.5;4902483.6
453856.5;4902331.4
533364.5;4903865.6
452624.6;4901544.7
454147.6;4902040.5
441937.5;4900979.7
447760.8;4901987.9
540546.1;4903195.9
425633.5;4900130.6
531353.1;4902992.1
531734.3;4902971.9
541377.3;4902648.4
555215.9;4902021.2
428930.3;4902160.6
451276.4;4901362
532926.1;4903014.1
429038.8;4901708.5
429122.1;4900267.4
430276.9;4900421.6
437905.7;4901054.3
564083.8;4903384.5
562345.4;4903088.8
549054.9;4903430.2
562883.8;4903505.3
533364.7;4902948.1
532339.2;4902653.9
539205.6;4903308
432700.9;4902274.3
534455.7;4903352.6
553031.6;4903200.4
554426.1;4903864.3
438744.1;4900600.5
547306.7;4903002.3
546499.1;4903061.9
554849.6;4903290.3
534276.4;4902725.8
545246.8;4902787.5
558949.1;4903444.1
552418.4;4903170.9
552144.2;4902880.7
446251.7;4901496.5
446686.3;4901267
538465.2;4902832.7
554662;4902980
561980.4;4903324.1
563393.3;4903337.1
562883.8;4903089.2
551001.2;4903010.1
433004.4;4900437.7
427030.2;4899654.9
432249.3;4900317.8
452662.9;4901913
561067.2;4902393.9
447746.6;4901444.3
561967.8;4901952.2
563235.9;4902323.7
563643.2;4902962.9
539195.8;4902790
431395.4;4900852.9
534974.4;4902244.9
531624.2;4901640
537896.4;4902585.9
551283.8;4902766.8
552734.4;4902432.4
552395.6;4902561.5
564392.9;4903040.1
445135.7;4900048.5
546266;4902825.3
546747.8;4902370.4
547304;4902587.7
553757;4902694.8
455196.5;4901506
531684.3;4902166.9
532037.8;4901685.8
453441;4900729.5
532349.5;4901500.9
533012.9;4902353.9
536878.4;4902655.3
559853.1;4902007.4
554768.1;4902672.9
566913.1;4902625.2
538845.3;4902289.3
558084.1;4901793.8
557178;4902092.6
551587.8;4902249.4
446975.5;4900810.5
537303.7;4901878.6
537108.3;4901081.7
549552;4902358.9
447716.9;4900624
448035.4;4900920.3
455410.2;4901161.6
559435.2;4901881.7
564156.3;4902625.1
455848.6;4900817.5
534189.5;4902416.3
533262.7;4902015.5
544426.8;4902375.1
563631.5;4902021.5
436792.6;4900285.4
454533.3;4900227.8
454874.6;4900893.6
561468;4902511.5
532525.4;4901913.6
561638.2;4902383.5
565941.4;4901473.9
433259.2;4900884.5
450246.6;4900570.3
536063.8;4901963.3
536693.5;4901110.6
553290.5;4902294.1
443949.6;4899864.2
445489.5;4900901.6
533258.6;4901505.2
537849.2;4902170.1
455180.4;4900647.2
543460.5;4902227.4
546368.2;4901387.5
548109.1;4902174.9
445710.3;4899618.9
544301;4901035.2
553536.3;4902195.5
554337;4901834.2
554612.9;4901599.4
538148.4;4901726.8
553831.2;4902088
533716.1;4901921.1
545093.4;4901831.2
539934.3;4901952.1
543043.7;4900997.8
565378.8;4901398.5
564062.8;4901828
538609.9;4901867.6
539132.5;4901631.9
446429.5;4899350
451251.8;4900849.1
451823.2;4900865.4
455559.5;4900799.7
541993.4;4901756.1
546838.9;4900922
545423.4;4899239.9
535986.3;4901209.1
540750.3;4901350.2
552302;4901659.8
561233.6;4901899.2
552852.4;4901944
451014;4899583.2
452387.6;4899841.9
549666.3;4901895.7
548051.1;4901867.1
554145.1;4901964.1
432072.6;4899853.4
431380.4;4899707.2
431786.1;4899677.5
449086.4;4899972.8
541560.4;4901323
566843.6;4900823.9
536244.6;4901377.6
551677.1;4901730.5
553539.5;4901496.7
553799.8;4901730.2
453631.9;4899981.1
534916.2;4901593.3
535414.1;4900803.5
549840.3;4901252.6
547946;4901474
567557.7;4900341.3
456298.3;4900840.2
545040.6;4901424.9
447309;4900625
538442.5;4900841.5
437214.4;4899365.7
448236.2;4899317.4
455816.1;4900156.9
538041.7;4900942.1
540272.6;4901376.9
539338.9;4901209.6
552868.4;4901536.4
558219.8;4901361.4
454087.5;4899802.3
447044.8;4899363.1
447571.5;4899212.5
554093.5;4901183.6
559627.2;4900748.1
560806.9;4901409
455462.5;4899865.4
553298.2;4901277.3
533702.1;4900970.5
533960.7;4900933.6
552076.6;4901295.6
552813.9;4901280.3
562399.6;4901251.8
564053.2;4901373.8
433626.2;4899103.9
452834;4899797.9
436821.5;4899667.2
565126.4;4900508.2
437851.2;4899493
532783.9;4900557.5
443702.6;4899094.8
542529.8;4901063.8
547266.4;4900702.6
547942;4900560
551151.7;4900997.5
534909.1;4901053.4
534141;4900693.4
552301.5;4900543.2
552273.6;4901191
440642.1;4898648.1
440329.1;4900838.2
442803.2;4897448
539325.8;4900890.8
553461.9;4900903.8
553847;4901102.3
552983.2;4900720.8
455255.6;4899621.4
534833.8;4900820.6
534423.9;4900509.2
540267.6;4900153.8
545124.5;4900987.2
541355.4;4901003.6
541234.5;4900090.2
557708.9;4901915.1
532287.8;4900641.1
557231.7;4900377.8
560569.1;4900555.9
431116.9;4898700.9
550671;4900910.2
558348.1;4901003.2
550347.2;4900347.6
441439.3;4898456
442333.8;4896700.2
549795.9;4900856.2
449374.3;4899184.4
454960.9;4899569.2
539570;4899746.4
540607.6;4900015.8
437766.1;4898943.3
438196.6;4899287.2
439414.6;4898599.1
539168;4900272.9
539606.1;4900376
553902.9;4900275.5
435106.8;4898682.8
562749.3;4900742.1
535382.2;4900255.1
534931.5;4900358.9
551032.6;4900677.5
454503.9;4899080.7
455131.3;4899306.8
550887.3;4900498.8
558119.9;4899331.6
563528.8;4900516.1
438307.5;4898198.7
559091.8;4900438.6
561246;4900277.1
538924.1;4900165.5
550037.8;4900523.8
549342.6;4900450.7
436071.6;4898566.9
429724.2;4898235.4
452901.6;4898022.4
453332.1;4898168.1
553470.2;4900192.5
558899.9;4900036.3
453810.9;4899588.5
538194.5;4899728.4
538800.4;4899670.2
552445.2;4899889.6
551126.3;4900003.9
428109.4;4897675.8
427455.3;4898336.4
534677.3;4900152.7
556129.3;4900100.1
556822.7;4900503.7
556661.2;4900194.7
452090.6;4898637.9
429142.9;4898249.2
436950.2;4898816.1
541359.1;4899359.9
543712;4899900.8
550709.6;4900194.3
536019.1;4900018.7
549303.5;4900016.1
451755.6;4898461.6
544773.4;4899432.9
436586.8;4897844.7
436879.8;4897925.9
437227.5;4898598.2
549739.6;4899758.2
449785.7;4898839.9
535481.4;4899587
535734.7;4899837.9
536735.5;4899611.7
537833.2;4899340.8
542785.4;4899866.2
559530.6;4900167.6
534981.4;4899615
547308.1;4899246.2
554372.1;4900128.9
545993;4899228.5
564044.4;4899940.1
548398.1;4899575.3
548819.6;4899331.9
561705;4899392
565288.7;4899898.9
451170.5;4898150.5
550627.3;4899779.6
454288.4;4898674.2
554734.8;4899776.5
555429.7;4901571.4
565409.2;4900632
444523.6;4898205.5
445444.1;4897931.7
548059.5;4899602.9
562387.2;4899799.4
445945.6;4898068.4
562769.1;4899490.9
553920.9;4899754.1
433346.7;4897896.9
550159.9;4899761.1
555341.3;4899484.8
556602.1;4899582
556998.4;4899672.1
434332.4;4897129.7
448804.7;4898173.5
563227.6;4899853.9
565164.5;4898830.3
551927.5;4899348.1
554017.3;4899470.9
554542.1;4899578.9
431098.2;4897848.8
432881.7;4896933.5
443603.5;4897705
449605.3;4897445
535985.3;4899359.7
536372.4;4899339.6
555940.3;4899603.1
447497.5;4898115.3
559839.6;4899031
542811.9;4899352.3
559894;4899802.9
435724.2;4897796.5
436306.4;4897403.7
557512.1;4899735.4
446233.6;4897901.9
450901.9;4897236.7
450232.6;4897888.6
454099.4;4898173.5
446408.9;4897393.6
550019.7;4899055.4
551643.8;4899183.9
551191.9;4898845.7
434848.9;4897769.4
435363.9;4897760.9
565542.4;4899443.8
563618.9;4899198.9
539953.4;4899175
563123.1;4899258.8
557411.8;4898971.6
557695;4898772.9
437201.8;4897526.3
444877.7;4897433.3
536953.4;4899285.2
558731.1;4899153.2
563930.6;4899342.2
564507.7;4898881.1
428051.3;4896201.4
429243.4;4896980.5
557152.1;4898599.5
447712.4;4897736.6
452679;4897715.1
548359.5;4898876.7
553368.2;4899112.8
553127;4898402.6
430344.2;4897113.9
448406.3;4897739.5
426184.6;4897236.3
446737.3;4897374.6
556053.4;4899211.8
566142.6;4898904.2
566577.3;4899022
452373.4;4897312.2
539454.7;4898702.4
556673.9;4898790
448950.8;4897768.1
539178.1;4898804
543601.3;4898611.2
435229;4897289.2
542662.9;4898550
538636.4;4898739.8
555134.3;4899223
555376.2;4898500.9
556074.4;4898931.1
568038.8;4899217.2
447898.4;4897029.5
448407.9;4897227.7
453754.5;4897812.9
542368;4898349.6
435808;4896771.8
539732;4898322.9
549915.3;4898653.6
438374.6;4897380.4
439128.1;4898311.5
451722.2;4897477
440194.2;4897522.3
447522.3;4897421.2
448823.5;4897214
540706.7;4898155.1
439554.2;4896487.3
451064.6;4897396.5
445948.3;4897105.4
549016.1;4898383.2
426079.7;4896387.2
545904.4;4898616.4
546830.1;4898553.5
555935.2;4898540.9
561402.1;4898453.5
542154.4;4898127.4
540896.6;4898567.6
563121.3;4898644.6
437913.7;4896053.4
446870.3;4897090.9
556379.9;4898507.8
433864.1;4897132.8
437046;4896782.3
549839.9;4898426.2
561157.5;4898231.5
563339.9;4898419.1
563582.3;4898315.6
566878.6;4897954.5
567596.7;4898710.7
560036.9;4898177.2
561967.5;4898473.6
562856.7;4898291.5
545832.1;4898394.2
546317;4897919.6
547772.4;4898045.1
548699.7;4898182.5
566142.7;4898170.7
446762.8;4896695.3
544995.6;4899178.2
545269.1;4898354
545186.6;4897722.7
426305.7;4896733.3
544216.7;4898010
559219.1;4898451.7
554799;4897966.8
435598.7;4896303.9
431061;4896298
554230.5;4898136.8
549736.7;4898214.8
432237.1;4896982.5
449090.6;4897031.6
452206.1;4896454.6
452672.3;4896478.5
551223.8;4897667.2
557049.7;4898136.5
445705.1;4896808.2
448789.5;4895973.5
426820.7;4895876.2
450795.6;4896503
450215.5;4896450
540132.9;4897910.6
430687;4895775.7
429797.5;4895205.5
445700.4;4894904.2
448194.5;4895935.9
550853.3;4897780.4
453157.6;4896564.6
548566.7;4897873
549820.8;4897532.3
556062.1;4898012.7
556848.1;4897866.1
562335.1;4898338.7
447560.1;4896209.1
449863;4896662.9
542072.6;4897631.8
539927.9;4897662.9
559227.9;4898135.4
560303;4897911.9
562199;4897884.6
562589.2;4897848.4
564227.2;4898310.9
429041.5;4894827.2
428539.8;4895667.8
564410.7;4897962
549576;4897894.8
553767.4;4897975.6
555974.5;4897112.2
568899.2;4897118.3
568129.7;4896782
446806.4;4896372.6
540358.1;4897480.5
553068.2;4897007.9
548559.9;4896875.3
563392.1;4897617.9
436982.9;4895573
447347;4895848.3
449547.9;4896079.6
561284.2;4897596.2
565326.3;4897587.2
451812.1;4896253
564494.8;4896870
547907.1;4897652
556104.2;4897782
560434.1;4897343.6
561438.2;4896949.3
451262.5;4895769.3
558663.8;4897830
559136;4897749.2
562897.7;4897706.6
546492.4;4896739
547973.3;4897325.3
432075.8;4894784.6
541474.1;4896912.3
553173.6;4897696.8
556888.3;4897549.5
557382.1;4897374.6
432890.5;4894401.3
558530.5;4897604.1
435026.9;4895692.9
446421.1;4895355.6
452778;4896137.8
551760.5;4897480.4
446935.2;4896089.8
452954.5;4895947.3
444621.5;4896075.9
556254.8;4897192
556637.3;4897304.8
564907.5;4897164.5
449746.8;4895614.9
450403.8;4895354.3
540289;4897159.9
552632.9;4897326.6
554429.9;4897413
562312.5;4896495.8
550152.7;4897169.1
559150.5;4897222.7
450992.2;4896001.2
550979.8;4897442.1
550623.8;4896898.1
558537.3;4897145.5
436437.6;4895105.8
543354.7;4897312.3
444621;4895694.8
565741.9;4896857.8
555096.2;4897168.9
545637.9;4896861.1
551148.2;4896677.7
551375.5;4896831.9
554294.1;4897170
562752.6;4896515.3
544798.1;4896827.1
439479.9;4894616.9
447089.5;4895552.6
452150.5;4895530.3
452797.4;4895359.9
566485.2;4896890.4
547917.8;4896837.5
543203.1;4896497.7
561089.2;4897184.9
441573.9;4895583.7
540755.8;4896431.1
551634;4897223
551750.8;4896384
563243.6;4896260.8
557600.8;4897171.9
453207.8;4895678.1
557232.1;4896811.4
554577;4896843.2
555319;4896601.3
449200.4;4895335.1
557505.8;4896617.8
558893.5;4896502.1
554698.8;4896282.1
438974.9;4894539.3
549646.3;4896697.3
552498.9;4896393.4
447883.3;4895359.3
560826.1;4896804
444096.9;4895370.3
430752.6;4894370.7
444277.9;4895044.2
447126.6;4895238
543797.5;4896278.5
552939.4;4895976.2
550002.1;4896313.1
451894.8;4895175.1
553948.5;4896059.5
544199.2;4896352.5
550698.9;4895831.4
445015.8;4894123.4
551110.1;4895857.2
551197.5;4896085.4
448744;4894524.2
544211.9;4896018.7
549332.3;4896031.9
555838.9;4896622.4
440462.5;4894177.7
447648;4894893.2
546105;4895867.9
556652.4;4896311.3
448112.1;4894474.8
544938.4;4895960.4
549597.8;4896110.2
557108.7;4896174.1
560390.2;4896247
444495.2;4892723.2
555970.6;4896131.7
449165.8;4894873.8
566623;4895832.3
437890.9;4893714
438529.3;4894362.2
441261.1;4893632.8
442423.4;4894641.9
450135.5;4894576.5
446802.6;4894750.2
446853.4;4894468
555800.8;4896296.3
444909.3;4893263.2
452921.6;4894752.7
452485.9;4894213.1
451365.4;4894893.6
555120.9;4896113
557479.5;4896114.4
434825.8;4894985
449996.2;4894315.6
452015.5;4894274
561320.2;4895471.6
450684.1;4894751.5
548585.3;4895826
542025.2;4896172
437243.8;4894230.7
441986.8;4893842.2
447322.7;4894444.8
449106.7;4894293.9
554516.3;4895592.2
451149.1;4894275.3
435585.4;4893435.6
436264.1;4893904.1
547804.9;4895575.1
565440.6;4895331.2
564241.4;4895142.2
563740.8;4896109.7
542665.2;4895637.6
543268.6;4895453.2
549929.5;4895553.3
446450.6;4893619.3
555553;4895161.6
559792.5;4896191.6
560627.9;4895766.1
546631.9;4894197
553665.2;4896165.1
436468.1;4893531.7
449354;4893707.3
557737.2;4895617.9
452745.7;4894244
452793.9;4893662.2
559190.9;4895578.3
435002.6;4894060.7
544492;4895861.5
543610.5;4895282.5
543908;4895320.3
553396.1;4895463.7
544258;4895314.3
447567.2;4894100.7
545834.1;4895284.6
550944.8;4895250.9
559927.9;4895403.4
544636.4;4895370.8
442290.6;4894167
443038.2;4893970.5
542066.4;4895443.6
559502.3;4895504.8
429888.2;4893446.8
428909.6;4893146.8
430343.6;4892194.2
542758.3;4895419.9
544967.7;4895196.9
546329.9;4895429.1
558810.9;4895602.7
567451.4;4894981.9
447119.4;4893897.6
568776.8;4895032.6
440759.2;4893633.7
549572.1;4894996.3
549567.6;4893877.3
557951.4;4895286.5
558800.7;4895115.7
428523.7;4893218.2
548208.1;4895253.1
549100.6;4895406.4
548184.4;4894985.1
434425.1;4893775.8
448463.9;4893756.7
542816.1;4895147
560137.3;4894918.6
560808.3;4894845.8
562963.3;4896120.8
562081.3;4895562.8
562709;4895193.9
427628.7;4892912.5
451064.3;4893969
450228;4893893.5
547119;4893897.1
557174.2;4895418.3
447525;4893567.3
544338.5;4894839.5
546235.4;4895244.1
550365.4;4895038
553240.5;4895171.7
432905.7;4893009.4
451289.2;4893481.7
548871.6;4894953.4
434491.8;4893518.2
448175.4;4893219.1
564810.1;4895052.1
434690.7;4893221.9
436919.7;4893528.4
552860.1;4894958.8
562347.6;4895039.5
559643.5;4895110.5
559548.7;4894730.5
551500.4;4894869.5
552657.8;4894769.2
563220.3;4894974.9
442995.5;4893178
449595.6;4892898.7
545129.8;4894936.2
555745.4;4894756.3
557773.9;4894963.9
572820.4;4894776.8
555886.5;4894160.3
438725.8;4893043.2
439690.8;4893238.2
450235.1;4893030.3
450727.8;4892822.7
545461.4;4894262.8
447301;4893074.4
450809.9;4893153
545833.5;4894037.5
448786.6;4892373.3
452390;4893223.2
558483.9;4894679
550113.5;4893871.4
442133.5;4892620.1
442571.3;4892793.3
451749.9;4893134.3
551141;4894381.9
544951.2;4894613.9
553182.3;4894020.3
429084.7;4892326.3
563376.1;4894480.6
430683;4892299.5
431982.8;4891789.3
432244.7;4892129.3
447830.6;4892964.7
562583.6;4894616.1
548668.6;4894504.3
559443.1;4894289.2
551383.7;4894541.3
552448.7;4894488
563234.2;4894679
440959.9;4893262.3
557086.9;4894472.1
558973.6;4894123.2
445893.7;4892373.1
445497.7;4894129.8
554114;4893974.3
557890.4;4894530.5
544745.8;4894279.9
438221.7;4892791.7
438699.6;4891743
440587.9;4892702.2
571043.6;4894483.2
446949.2;4892748.6
452096;4892860.3
548050.8;4894135.1
563909.6;4894579
565179.8;4894713.4
441375.3;4892744.4
446391.9;4892507.4
548936.3;4893902.9
562376;4894295.7
441143.7;4891442
451319.1;4892924.1
552273.2;4894137.3
558595.4;4894176.2
438740.1;4892531.3
558178.1;4893976.7
563496;4894101.6
563849.8;4894184.4
548647;4893910.3
573712.5;4894238.5
452388.7;4892512.7
550537.5;4893577.8
564771.2;4894146.1
565559.2;4894299.7
573171.5;4893959.9
451441.1;4892432.1
451772.4;4892799.1
556857.6;4893983.3
557673.7;4894118.7
548637.2;4893275.8
550847.2;4893604.7
551260.4;4893418
572461.9;4894307.8
439612.3;4892418.4
545030.3;4894005.8
564007.8;4893928.1
564763.1;4893527.9
556582;4893856.9
443429.3;4892902.1
449535.2;4892251.4
560407.6;4894020.4
561394.2;4893755.1
567021.3;4893960.3
451886;4892411.8
447034.7;4891642
560596.7;4893813.2
562850.8;4893833.7
565504;4893919.9
449718.5;4892383.3
555712.7;4894441.5
571548.5;4893668.4
441497.8;4892454.6
552374.9;4893605.4
572720.4;4894063.1
447914.3;4891791.3
450054.4;4892221
547495.7;4893482.4
444100.7;4891125.6
443010.2;4891878
556716.5;4893264.6
559483.5;4893467.2
559700.9;4893806.1
574388.8;4894064.9
446527.6;4892211.3
561853;4893562.5
569921.5;4893784.4
570229.7;4893616.8
570921.6;4893882.4
571507.2;4892619.1
428523.7;4891362
573699.1;4893612.9
558784.1;4893532.1
555425.8;4893585.3
566014.4;4893632.9
438719.9;4891014.4
433160.2;4892281.2
441533.5;4891905.7
572792.3;4893886.9
560378.7;4893190.8
567844.4;4893554.6
565429.4;4893167.2
450409;4892220
548663;4893623.7
429842;4892319.6
553638.7;4893922.6
563631.8;4893312
563973.1;4893370.4
426292.8;4890414.8
449456.2;4891988.6
545782.2;4893290.3
553892.9;4893089.4
554206;4893120
562708.8;4893541.9
429835.5;4891609.3
430350.1;4891255.6
566491.9;4892991.3
429647.6;4891442.5
436593.1;4890867.7
553370.3;4893014.9
446595.7;4891975.3
432002.7;4890768.1
431325.8;4890578.5
567808.8;4893159.7
442099.7;4891760.9
442285.4;4891464.7
561257.7;4892220.5
568242.8;4893123.4
573374.7;4893532.6
554762.2;4892865.9
549468.8;4893055.1
449355.3;4891809.2
553097.6;4892886.1
570620.4;4893198.9
570431.5;4892217.8
435390.7;4890655.1
434434.1;4890480.5
552704.7;4892688.2
560723;4892298.8
561842.7;4891989.4
430859.1;4890531.7
558997.3;4893361
565716.8;4893047.1
569998;4893593.5
433663.1;4890629.3
545883.7;4893125
545742.5;4892865.8
546154.3;4892601.1
558961;4892799.2
569926.8;4893133.1
558660.2;4892814.4
564530.7;4892306.6
429783;4891119.7
551188.4;4892612.3
567235.6;4893184.1
552456.5;4892437.3
443369.5;4890995
449186.5;4891450.9
559502.1;4892625.7
570957.7;4892543.1
547669.4;4892948.3
442263.6;4890833.6
564096.8;4891666.2
558151.6;4892890.4
549758.7;4892492.6
549484;4892403.5
550149;4892484.1
566995.7;4892688.1
427938.4;4890629.6
553900.4;4892731.6
556783.9;4892516.8
557562;4892529.4
569100.8;4892419.2
549025.8;4892270.4
548211.7;4892216.2
563251.7;4892795.9
570074.6;4892812.2
567198;4892758.9
572434.6;4893029.7
447899.7;4891045.8
568298;4892630.1
562652.9;4892069.3
570324.8;4892528
428471.4;4890456.2
429693.6;4890759.5
548048;4892052.6
433314.6;4890275.5
554267.2;4892133.4
558217.9;4892378.7
553231.8;4892344.4
556164.8;4892586.3
560778.3;4892838.3
563152.7;4892291.3
571714.6;4892413.7
553503.2;4892007.2
429480.5;4889522.6
446570.8;4890980.8
546926.8;4892243.9
547391.4;4892147.4
547824.1;4891725.7
446028.7;4890566.7
566848.9;4891914.5
569828.8;4892186.8
432613.7;4890383.9
560258.4;4892329.8
444876.1;4890464.1
563330.3;4892117.9
445254.2;4890372.4
445691.4;4890578.9
430101.7;4890227.1
558853.3;4892072.5
559169;4892142.1
554595.3;4891919.8
566216;4892193.9
447390.8;4890915.6
569554.3;4892326.3
429897.6;4890402.4
548440.1;4892022.2
551191;4891952.1
554770.3;4891719.5
556792.8;4892181.3
559805.7;4892144.5
551472;4891708.7
552989;4891491.5
555457.3;4891821.4
555931.8;4891324.5
547141.1;4891797.8
446924.4;4890428.1
552647.5;4891541.1
556797.2;4890857.2
568539.2;4892083.8
446549.6;4890332.9
442891.8;4890213.8
557892.3;4890735.3
557486.9;4890655.7
547541;4891858
438327.8;4890662.9
437666.9;4890904.2
443833.9;4890036.5
549975.8;4891694.1
436203.7;4889903.8
559331.5;4891517
559988;4891592.8
568249.8;4891681.3
553462.5;4891515.9
439135.9;4889858.1
443637.7;4889751.7
571655.6;4892040.1
428306.5;4889395
427446.8;4889283.9
427389.4;4890021.8
445667.2;4890046.9
567866.7;4891819.9
549032.9;4891537.3
432533.5;4889754.9
435101.3;4889551.9
438657.5;4889830.5
446187.8;4890128.6
550046.2;4890932.2
551524.5;4891234.5
550533.4;4891160.6
567643.2;4891469.8
437166.2;4889633.9
563019.6;4891335.5
571528.5;4891659.3
421357.7;4888460.3
430502.8;4889981.6
442232.8;4889597.2
548505;4891229.3
555135.7;4891663
432974.2;4889492.8
562456.3;4891322.4
566937.5;4891317
567316.6;4891428.6
445236.6;4889883.8
432604.3;4888595
560172.9;4890941.2
571070.2;4891349.4
441140.2;4889271.9
430878.2;4889011
566205.6;4891268.7
560966.9;4890584.8
568304.6;4891248.4
439442.1;4889541.2
440649.1;4889245.6
553277.4;4891334.6
553696.9;4890601
419959.4;4887657
420795.1;4888446.1
441579.8;4889255
442700.3;4889155.3
443136.1;4889598.6
422127.6;4888448.2
549202.4;4890972
559446.7;4890897.8
444386.7;4889713.7
566301.8;4890781
558784;4890995.2
562992.2;4891051.7
435474.2;4889237.2
567100.8;4890881.9
568305.9;4890712.2
439106.2;4887845.3
439714.6;4888050.8
559147.2;4890830.9
559836.9;4890688.7
433476.1;4889390.2
434297.9;4889057.5
551038.1;4890306
553449.9;4890176.4
550583.3;4890322.5
552138.4;4890554.3
573704.7;4890817.8
427588.9;4888749
435942.9;4887838.7
563183.7;4890697.2
566805.5;4890807.6
576587.9;4890070
562668;4890692.6
426388.6;4888887.1
434005.6;4888626.5
549664.3;4890014
551299.9;4890548.9
549887.4;4890207.6
577029.8;4889005
442440.3;4888826.8
435030;4888611.4
437477.6;4887475.9
440952.6;4888688.2
430926.1;4888512.6
557881.2;4890095
566722.7;4890124.1
437657.4;4888251.9
557888.4;4889622.8
559374.1;4890007.2
558536.1;4889354.5
560569.6;4890584
563349.4;4890442.9
563643.7;4889799.9
564527.6;4890257.6
565335.8;4889616.9
427980.2;4888455.6
428632.4;4888747.6
442028.7;4888603.2
560351.6;4890094.3
572996.4;4890657.4
426698.2;4888675.1
575807.5;4890546.3
427135;4888096.5
430309.8;4888169.5
439932;4888001.9
567964.2;4890162.9
573151.3;4890271.1
422741;4887592.3
559878.3;4890183.6
400433.5;4887431.8
402423.4;4887240.1
426339.2;4888307
428769.6;4888470.1
555616.8;4889840.5
567735.4;4889972.6
554512.8;4890113.5
573690.3;4889773.3
574573.4;4890325.6
552858.1;4889337.3
561968.9;4890126.8
562939.4;4889835.9
551987.7;4889747.1
575512.7;4890232.2
575590;4889114.7
568834.2;4890114.2
561236.8;4889718.7
424942.2;4887973
428729.8;4887874
440350.2;4887944.7
429550.9;4888317
555478.9;4889602.8
554949.5;4889490.2
551639.8;4889323.6
554185.9;4889396.7
568398.7;4889954.1
438288.6;4888408.8
559540.6;4889446
568907.6;4889446.1
438842.6;4887000.3
574630.9;4889674.3
423015.2;4887155.9
423547.3;4887306.7
425440.2;4887458.8
431517.5;4887905.2
429259.1;4887450.9
430022.9;4887687.1
437188.9;4887188.1
441176.4;4888052.1
551279.7;4889234
561870.6;4889864.2
562356.2;4889279.1
564603.1;4889929.4
420661;4887891.7
566315.6;4889793.1
565647.9;4889820.8
560279.9;4889486.8
564560.2;4889648.1
561700.8;4889137.8
568559.6;4889516.8
440905.1;4887838.7
562004.8;4889462.1
419358.1;4887305
550761.2;4889288.9
428239.3;4887634.3
569860.3;4889649.3
570683.9;4889361
560939.6;4889393.7
565176.8;4889135.2
556670.2;4888853.6
433662.5;4887370.3
566886.8;4889550.9
427231.8;4887055.3
564204.3;4889353
564895.4;4889002.2
431669.5;4887029.8
440860.1;4887541
569759.3;4889194.7
556041.8;4888639.1
559750.8;4889042.1
420715.3;4887428.3
431541;4887546.9
552134.7;4888766.3
555255.2;4888952.7
432660;4887426.6
421295.6;4886997.2
421763.5;4888177.3
431129.4;4887285.2
434171.8;4887332.3
567441.2;4889174.6
422493.4;4887763.6
424668.8;4886495.7
434296.6;4886991.5
560176.9;4888791.5
560914.4;4888794.1
564080.4;4889065.2
563315.4;4889169.9
571120.3;4888654.8
551269.3;4888803.4
398641.6;4886301.1
554544.9;4888868.6
558781.4;4888880.3
561557.6;4888919
398113.7;4886428.6
399706.1;4887122.1
564518.6;4888684.7
566295.8;4889095.5
570630.4;4888758.1
401504;4885856.2
421903;4887067.1
561674.1;4888186.6
553852;4888654.8
563174.3;4888731.7
562788;4888560.7
574676.5;4889307.5
399722.9;4886380
429621.2;4886050.2
553398.2;4888469.1
570109.1;4888966.3
424526.5;4885907.7
435219.3;4887171
563907.7;4888851.4
432654.3;4887018.4
554916.2;4888257.6
551959.9;4888402.7
567057.6;4888498.7
438191.4;4886335.2
438731.5;4886224.6
562163.8;4888504
562469;4888561.3
428573.4;4886613.6
555370.9;4888279
565733;4888563.9
574452.2;4888816
575718.8;4888642.7
421664.6;4886419.5
441164.3;4887205.6
558347.9;4889499.7
568987.7;4888744.7
556847.9;4888384.3
425263.9;4886521.7
558320.7;4888047.6
568426.3;4888435
404041.4;4886557.4
403096.1;4885505.7
422216.9;4886556.8
554350.5;4888042.8
565096.6;4888464.4
576023;4887850.7
425630.5;4886204.3
437344.9;4887540.4
560565.2;4887894.1
577179.2;4887018.9
430829.8;4886069.2
439411.9;4886359.7
564447.4;4888211
563711.3;4888466.3
569298.8;4888240.8
569720.2;4888172.2
423535.4;4886723.1
556903.7;4887967.8
404374.1;4885885.1
405655.8;4885859.9
570088.8;4888298.1
575133.4;4888818.6
433939.9;4886090.3
554173.4;4888174.7
425949.2;4886031.8
561137.8;4888430.7
574701;4888024.2
423423.3;4886312.4
398040.3;4885345.7
421103.1;4885827.7
431662.8;4885814.5
553735.2;4888133.6
565461.6;4888180.4
407577.8;4885284.6
422946.2;4886236.1
558875.1;4887535.7
560044.4;4888115.9
563452.1;4887838.9
553148.1;4888327.9
563326.2;4887581.6
562727.4;4888112
574084.7;4888176.7
577348.9;4888399.4
563863;4888007.4
554645;4887783.1
562422.2;4887693.3
422178.3;4885659.9
422873;4885660.4
426152;4885752
436988.5;4886655.5
568218.2;4888118.4
570826.5;4888589.8
427820.5;4886193.8
428870.5;4885694.7
553702.4;4887780.2
568820.2;4887687.7
427742.2;4884014.3
565330.2;4887697.7
436721.1;4885889.2
435820.8;4886692.2
571575.7;4888321
567910.2;4887728.1
561049.9;4887549.6
561360.1;4887870.3
571402.2;4887958.8
399281;4886082
568497;4887522.7
571921.4;4887815.4
555748.7;4887755.3
556509.2;4887343.6
563040.5;4887532
399949.7;4884531.1
554510.3;4887568.7
401060.2;4885063.7
570728.5;4887277.6
571115.1;4887421.3
564075.6;4887278.2
437674.3;4886472.5
554956.2;4887603
566431.7;4886968.5
570597.8;4887080.1
559110.9;4887008.9
566963.2;4887376.7
437394.6;4886020
437865.4;4885826.2
554235.5;4887526.9
576827.5;4887827.7
569263.8;4887687.5
421832;4885300.3
559887.5;4887172.4
561459.4;4887346.8
569685;4887380.3
439699.1;4886268.4
571628;4887313.5
405038;4885666.4
427940.4;4885794.2
555853.9;4887121.8
557519.3;4887189.8
410082.1;4884354.5
411168.4;4882849.9
575647.9;4887498.7
404076.1;4885288.3
405743.1;4884372.3
572424.2;4887246
434838.1;4885201.8
437111.2;4885433.3
437709.9;4885236.8
572036.6;4886878.2
554844.6;4886995.8
562477.7;4887174.3
575011;4887293.7
564269.6;4886793
555111.5;4887237.5
560507.2;4887282.8
565352.4;4886929.8
430898.6;4885228.6
438757.4;4885411.7
558271.8;4886857.1
428089;4885347
567880.1;4887348.1
561750.2;4886874.1
568113.4;4886923.9
430902.2;4885442.4
435881;4885018.7
436291.6;4884945.6
560952.9;4886951.7
430002.4;4885581.5
417555.7;4884724.3
569423.2;4887108.2
555366.3;4886788.6
562878.4;4887032.4
576477.4;4886655.5
438337.5;4884600.3
577681.1;4886815.3
404216.8;4883826
405192.3;4883766.6
431949.4;4885024.7
432745.9;4884943
561334.9;4886793.4
568424.1;4886384
570328;4886648
403901.2;4884070.7
428171.9;4884939.4
428943.7;4884384.5
569582.8;4886875.8
437232.3;4884619.3
575435.2;4886560.4
425540.8;4884923.4
556398.5;4886575.3
557198.2;4886436.9
422439.1;4884591.8
560218.5;4886621.5
421843.2;4884707
423923.1;4885006.4
555536.1;4886496
561885.1;4886556.1
399478;4883949.5
555977.7;4886481.2
572734.2;4886140.9
562929.1;4886315.9
401859.3;4883940.5
403398.1;4884509.6
430198;4884842.6
431284.7;4884467.3
560185.6;4886298.5
576074.1;4886517.6
402946.2;4883917.5
413524.6;4883647.9
568714.3;4885930.5
418046.7;4883849.4
436660.9;4884672.5
558178;4886023.2
567383.5;4886251.1
559414.1;4886764.8
412019.6;4883424.2
412663.4;4883687.8
557860.3;4886093.2
566160.6;4885989.3
569467.5;4885758.1
570275.6;4886291.2
577827.4;4885751
427241.4;4882898.9
564106.1;4886167.5
565127.6;4886819.9
564746.1;4885806.7
566711.7;4886002
568001.4;4886448.6
408099.2;4883714.7
565877.8;4885719.5
417506.8;4884126.3
423038.7;4884263.5
556408.7;4885924.4
560897.7;4886246.5
571886.1;4886342.6
424433.8;4884061.2
422100;4883878.1
423464.2;4884225.5
558976.8;4885955.6
559279.2;4885765.1
571241.2;4886080.4
432895.6;4883857.8
435799;4883608.7
560627;4885957.2
411467.3;4883218.7
562201.7;4886288.2
561008;4885648.6
421315.4;4884238.5
437019.2;4883493.6
557413.6;4886097.9
423826.7;4883439.8
562526.6;4885175.3
570283.1;4885969.5
575707.4;4885914.2
435763.1;4883122.5
559477.8;4885657.6
560067.5;4885871.5
423138.4;4883450.4
571627.6;4885782.3
422382.1;4883628.1
422755;4883474.1
572003.2;4885658.2
429585.1;4883286.2
430226;4883354.5
423524.7;4883501.9
557307.2;4885638.8
416893.4;4883890.6
556824.2;4885529.6
402128.3;4883313.9
569826.2;4885198.6
558589.9;4885051.7
561796;4885358.6
415820.1;4883526.5
416847.5;4883599
416522;4883273.1
421087.8;4883306.6
402686.2;4882935.4
419116.1;4883991.9
431280.4;4883927.9
419646.5;4883555.3
420575.2;4883450.2
414109.4;4882860.5
557570.2;4885382.4
421276.8;4883578.3
563697.9;4884800.3
562788.3;4885547.8
403112.7;4883157
558112.4;4885424.9
557766.4;4885253.5
559539.5;4885335.5
414307.7;4882066.1
438323.1;4883462.4
438887.6;4883899.7
438504.5;4883561.5
570803.3;4885317.5
415016.5;4882334.8
564988.5;4885665.9
397920.5;4883033.1
400624;4883025.7
398471.4;4883667.9
417091.7;4883250.7
416179.6;4882935.2
565191.4;4885139.3
566093.7;4884638.2
432847.8;4883295.2
569125.6;4885879.1
400435.1;4882812.5
410283.1;4882664
409023.9;4884368.6
420229.7;4883241.7
409669.5;4882946.2
408000;4883041.7
409468.7;4882109.6
419993.3;4882102.5
431951.5;4882326.2
401577.3;4882497
407198.4;4882714.4
419625.8;4883218
438804.6;4883473.5
406403.2;4882727.6
572381.6;4885290.1
573334.9;4884944.8
404378.2;4882631
405825.5;4882129.8
415731.5;4883229.7
558029.7;4884921.4
402276.8;4882847.3
401966.1;4882425.9
564467.1;4884805.7
569008.7;4885141.9
401301.1;4882888.5
417822.4;4881174.6
434105.1;4883279.4
559429.2;4884378
561029.8;4885211.4
564773.4;4884843.2
403394.4;4882100.7
558972.3;4884460.4
582575.1;4883238.3
399006.6;4882745.7
579430.3;4884340.5
579284.3;4885137.5
416817.4;4880612.9
419575;4881497.4
421676.6;4881452.2
561064.1;4884723.2
561358.8;4884398.2
561956.7;4884808.3
404898.5;4882294.6
424393.6;4881943.9
424971.3;4882173.1
566091.8;4885052.6
401188.8;4882340.7
565130.4;4884492
581123.5;4884822.8
582073;4883771.6
422567.6;4881002.9
400031.6;4882308.6
421049.1;4881643
402613.8;4882366.9
409294.8;4882509.2
423241.9;4881071
435183.3;4883176.7
559942.8;4883932.7
570816.6;4884775.8
402452;4882277.5
434205.4;4881913.9
583881.1;4884310.2
433534.4;4881807.4
434471.4;4882696.2
435433.3;4882947.2
571182.4;4884466.4
572437.6;4884888.8
435717;4882217.9
560582.7;4883989.8
558246.2;4884317.1
413633.7;4882763.5
572988.2;4884369.8
572567.6;4884377.1
572193.1;4884364.4
574123.1;4884286.4
408603;4881465.1
425597;4880479.3
436103.7;4881605.6
573482.6;4884223.7
400537;4881202.1
401012;4880898.5
406750.6;4881690.2
435321.1;4881554.7
411522.2;4882222.9
569398.5;4884214.2
570248.2;4884376.5
412289.6;4882094.6
412916.9;4882235.5
562685.6;4884265.2
401367.4;4880786
438104.4;4882695.4
416171.4;4880058.9
412643.9;4882002.4
426153;4882149.6
565490.5;4884421.1
438136.3;4882411.2
402106.5;4881877.2
581038;4883217.4
415021.5;4881729.9
562315.8;4883579.8
566118.5;4883927.3
569983.1;4883740.4
571322.4;4884228.9
577143.8;4884726
409572.1;4881325.5
427627.3;4881295.2
561694.6;4883500.9
570268.6;4883578.1
411607.8;4881774.5
431245.9;4881484.3
436541.2;4882460.9
558535.1;4883702.8
407938;4881463
584423;4884019.7
411767.3;4881318.3
570471.4;4883974.2
413365.3;4881628.9
565567;4884013.9
563278.4;4883654.7
412623.2;4881558.5
426485.9;4880556.2
426747.1;4880610.1
434764.3;4882063.3
584992.2;4883540.5
568955.8;4883967.2
571863.7;4883570.4
437032.3;4881751.7
437139.7;4881884.6
573230.5;4883572.9
409804.8;4881848.1
427770;4881437
570948.3;4883474.6
571309.8;4883666.9
574864.2;4883893.9
565737.6;4883677.3
572864.5;4883572.3
403046.5;4881362
563754.3;4883190.2
564390.5;4883316.3
569246.3;4883663.7
403047.5;4881062.2
405098.4;4881509.4
400132.3;4879860.5
580498.5;4883412
407211.6;4881010.3
560805.5;4883603.1
570761;4883179
399400.9;4879721.9
427575.4;4880913.7
574429.4;4883502.8
573730.8;4883409.4
559500.6;4883920.2
583690.5;4884040.7
410386.6;4881451.5
436862.6;4881509.1
405922.3;4881281.8
426072.8;4880593.9
560982.2;4883337.3
435395.5;4882271.4
560091.3;4883118.5
409915;4880035.3
428366.5;4881171.6
430754.6;4879596.1
430764.9;4880833.1
435048.2;4881452.4
564100.9;4882367.8
565237.7;4882899.7
569305.7;4883356
415038;4881306
559621.5;4882842.2
413281.5;4881013.1
434719;4881080
568957.2;4883151.7
406253.5;4880562.4
405711.1;4880585.4
583745.7;4883328.9
560904;4882655.4
412926.9;4880833.5
405349.9;4880961.1
424191.5;4881594.6
573511.6;4883115.5
569880.1;4882837.8
573406.2;4882754.2
574670.6;4882756.7
574036.9;4882324.6
561795.7;4882851.3
560565;4882766.3
562544.1;4882309.5
561935.8;4882537.1
402356.5;4880403.1
569442.5;4882803.2
572273;4883244.9
405219.2;4880183.9
570107.5;4882728.3
404093.4;4879876.6
403984.2;4880692.9
411930.2;4880368.6
560211.2;4882666.9
412692.8;4880274.1
583482.7;4882356.2
413336.3;4880070.8
414441.2;4880448.9
564154.3;4882881.6
407684.7;4880651.1
408345.7;4880454.9
424849;4879858
570581.7;4882430.3
571657.1;4882196.1
572875.9;4882418.9
433560.1;4880259.1
436658.5;4881229.4
572316;4882469.1
575093.2;4882242.1
433924.7;4881274.4
560440.8;4882384.7
583091.7;4882412.1
585133.6;4882790
575469.2;4882392.2
583756.2;4881674.8
584779.5;4882260
434957.3;4881132.4
564215.6;4881994.8
565689.4;4882260.6
564766.9;4881726.3
575805.8;4882503.8
569905.9;4882422.4
407201.7;4880104.4
408176.6;4880036
561400.8;4882041.8
563000.9;4882072.6
402448.1;4880053.2
423726.7;4879593.8
406789.5;4880152.5
408414.2;4880075.4
409230.3;4880544.1
431986;4880293.4
560962.4;4882058.2
411865.8;4879886.2
413737.6;4879577.2
575878.9;4881752.8
575337.8;4881618.6
561824.3;4881968.7
572400.8;4881769.4
406819.9;4879746.6
401699.9;4879376.8
405677.2;4879179.9
405789.9;4878419.8
404225.4;4878517.1
407519.5;4879568.8
565122.6;4881427.5
572201.6;4881926.2
430761.9;4878931.8
431080.3;4880060.6
420599.6;4879615.6
421272.7;4879641.4
421965.5;4879478.4
565704.9;4881729.3
429786.1;4880194.6
430590.6;4880085.1
408797.9;4878725.9
419424;4879404.2
433280.2;4879728
570891.8;4882068.4
574029;4881300
406726.1;4878573.3
572634.5;4881808.8
574190.2;4881630.6
431638.9;4879919.3
562031.8;4881708
573006.9;4881542.4
573173.2;4881740.4
414374.5;4879649.7
415580.6;4878684.3
397065.2;4878561
427388.4;4880527.2
561663.9;4881520.5
428773.6;4879187.5
562209.7;4881376.1
406749;4877985
406244.9;4878386.7
571015.4;4881726.8
574261.8;4881875.5
397704.3;4878543.2
571849.3;4881727.1
413179.7;4879259.6
432681.2;4879760.1
582439.1;4881784.1
412734.1;4879105.6
565371.1;4880754.9
398069.8;4878268.8
432114.3;4879549
562591.9;4881290.2
562722.8;4880971.2
415122.8;4878369.2
571400;4881463.5
583859.4;4880859.7
403152.7;4879392.5
402743.5;4879693.9
402416;4878375.7
414093.3;4879217.7
576017.5;4881265.8
427016.1;4879279.5
401588.8;4878702
563871.6;4881115.1
572797.6;4881287.1
411557.3;4878761.7
563060.3;4881107.6
563756.3;4880788.8
582560.8;4881201.6
403126.5;4878885.9
412624.5;4878563.8
572948.8;4881017.1
573313.6;4881065.8
435212.8;4879293.8
406050.3;4879317.9
576368.2;4881107.7
414037.4;4878922.6
420479.1;4879128.5
425024.5;4879049.9
424160.6;4879369
433037.5;4879051.8
565751.8;4880615.3
433021;4878854.9
413309.9;4878323.8
417953.7;4878641.2
563205.7;4880613.3
403230.2;4878277.3
420713.1;4878438
410394.6;4878189.3
422685.5;4878847.9
564453.4;4880084.4
564845.7;4880173.2
427379.9;4878475.1
428460.5;4878934.1
574589.8;4880701.4
576663.4;4880936.9
398868.1;4878511.3
400519.3;4877695.8
396549.2;4877934.2
423573.3;4878635.5
573523.2;4880645.8
430063.7;4878461.1
419788.4;4878745.1
398573.9;4877257
400076.1;4877500.4
408810.8;4877751.3
413878.6;4877715.2
419291.7;4878532.8
421378.1;4878567.1
576629.8;4880701.8
398293.8;4877579.8
403100.4;4877868
424796.4;4878661.1
430977.1;4878467.3
422050.2;4878450.6
399163.4;4877322.8
566199.2;4880703.2
420259;4877414.2
422683.9;4878136.6
566071.3;4880294.7
575699.5;4880320.3
418218.1;4877986.9
418888.2;4877855
419546.9;4877788.4
416293.6;4877847.7
400747.7;4877091.8
572881.5;4880222
576759.6;4880448.6
421098.9;4877610
563828.1;4880022.6
423036.8;4878285.7
431699.3;4878146.7
433417.6;4878431
574470.7;4880082.6
404737.6;4878286.8
405149.1;4878045.5
423796.2;4877744
401389.2;4876907.8
421886.7;4877569.7
424982.1;4877991.2
573423.3;4880350.9
416960.6;4877965.1
421423.4;4877484.7
430549.7;4878545.8
411048.5;4877920.3
576529.8;4879978.8
577011.1;4880067
423130.9;4877291.9
402465.5;4877767.1
425774;4877860
429326.7;4877842.2
566195.3;4880072
412096.8;4877413.7
573636.6;4880100
410422.9;4877146.4
422847.1;4877418.8
410836;4877154
424622.9;4877534.8
430471.7;4877969.2
566147.1;4879603.8
573301.6;4879744.3
576004.1;4879762.2
427098.8;4877665.5
408828.1;4877193.8
409960.9;4877136.4
396743.5;4876961.6
407643.8;4877648.8
428625;4877677.3
574680.2;4879742.3
432254.4;4878050.2
432248.3;4877201.8
564952.3;4879426.3
565199.4;4879323.6
399891.1;4876784.1
431625.4;4877796.9
422076.7;4877229.9
564636.1;4879481.1
577237.7;4879282.4
398008.2;4877677.3
431206.5;4876842.7
402391;4876827.7
403059.8;4876711.2
574996.5;4879563.2
397568.1;4876678.4
566360;4879130.2
395346.2;4876462.1
394912.6;4876547.5
395717.9;4876342.1
417567.2;4877300.8
435402.2;4877406.3
574210.5;4879356.1
575032;4879263.6
415561.7;4877169.5
414642.9;4877290.1
566833.5;4879106.4
567313.2;4879440.1
576427.7;4878900.9
433234;4876665.9
425320;4876879.2
416458;4876413
434606.1;4877449.4
435092;4877341.9
434233.3;4876611.6
575991.4;4879196.1
417217.8;4876828.8
418567.9;4877475.8
404568;4877185.9
405439.3;4875853.8
429737.4;4877039.1
424280.5;4877546.1
567462.8;4879180.2
565436.4;4879182.4
566347.6;4878473.6
419192.4;4876832.1
419870.1;4876454.7
394296;4876241.1
574466.2;4878940.1
427178.1;4876464.2
428195.9;4876406.2
429081.6;4876683.2
434949.8;4876368.1
567674.6;4878861.7
567043;4878792.1
574974.5;4878858.3
402764.5;4875998
418091.3;4876650.6
399541.3;4876749.9
413184.1;4876917.3
435891.3;4877114.7
566586.3;4878682.5
575567.4;4878779.7
396550.1;4875788.8
407108.7;4875866.7
415811.9;4876645.8
424143;4876538.6
435376.2;4876540.5
399586.8;4876100.1
411178.2;4877008.5
411838.8;4875982.6
398676.5;4876357.6
406436.4;4875824.2
414651.9;4876432.8
577712.9;4878986.6
398067.6;4875908.6
412420.2;4874563.8
415669.9;4875820.1
421846.7;4875901.8
393017.9;4875576
408991.2;4875879.8
577344.2;4878407.9
402172.5;4875807.8
424615.6;4876062.7
575185.9;4878600.9
425529.4;4876513
398654.1;4876092.1
403368.5;4875501.3
575672.1;4878251
417866;4876126.4
417248.2;4875802.2
418265.3;4876373.2
578196.3;4878339.6
394363;4875872
419346.5;4876468.8
429982;4876180.8
435746.3;4876231.6
576168;4878313.2
576672.9;4877964.8
395021.7;4875583
400394.2;4873883.3
401345.7;4874063.2
418298.9;4875483.8
399076.6;4874959.8
430619.1;4876177
395436.1;4875379.8
396033.4;4876051.7
419462.9;4875192.3
431932;4875927.2
396081.3;4874940.2
576144;4877848
577629.4;4877925.7
578488.8;4877973
414897.2;4875678.6
426097.4;4875522.6
429165.2;4876134.4
429357.9;4875753.2
429926.9;4875206.9
394799.6;4875250.7
408712.5;4875402.7
397449.9;4875061.8
398512.4;4874162.9
427119.3;4875688
428049.5;4875605.3
431490.4;4875381.3
430690.5;4874886.1
435420.2;4875719.5
424533.6;4874983.7
428819.1;4875569.9
428380.1;4874739.1
395509.5;4874428.7
578009.6;4877563.5
578189.5;4877311
427595.5;4874741.5
576604.6;4877300.5
577045.1;4877518.6
416331.1;4875050.7
425561;4874868.3
393511.5;4875241
393484.8;4874686.8
434064.4;4874795.8
433649.9;4876288.6
434685;4875922.1
393672.8;4874972
427423.6;4874971.1
402064.2;4874617.6
403407.3;4874357.9
405261;4875151.8
426450.9;4874934.1
426679.1;4874648.2
433520.3;4874624.1
403507;4874954.7
429556.2;4874763.4
394003.7;4874028
407680.7;4874701.9
414386.7;4873589.9
422161.7;4874979.2
435208.8;4875383.2
409224.5;4874686.8
428055.9;4874729.9
577046.6;4877051.7
402746.4;4874545.1
423116.9;4873845.3
435008.8;4875116.5
429119.6;4874427.6
416197.8;4874436.2
578847.5;4877367.9
432863.2;4873715.7
577295.8;4876769.1
578494.7;4876931.3
420376.7;4874519.8
405368.3;4874328.9
577905.6;4876803.4
433276.6;4873846.4
421156.5;4873598.2
397647.7;4873481.4
434814.9;4874822.7
405663.9;4873716.4
407121.4;4873897.6
393610.7;4874159.1
417230;4873903.8
418563.2;4874490
396975.7;4873949.6
396422.1;4873769.7
434632.1;4874529.1
418914;4873905.4
419541.8;4874410.8
419888;4873519.2
399314.5;4874009.1
432226.9;4874038.5
417737.8;4873674.5
418613.3;4874147.9
425205.1;4874822.7
395028.3;4873372.4
415296;4874369.4
419459.2;4873546.8
430446.3;4873834.2
402102.3;4872954
434702.7;4874094.2
425049.6;4873413.6
399387.9;4873742.5
426026.8;4873546.3
420442.1;4873437.7
427225.7;4873550.2
408563.4;4874315.1
409899;4873807.9
425611.2;4873075.8
426456.9;4873429.9
426890.6;4873501.1
403675.6;4873897.6
402495;4873401
408521.1;4873516.5
408128.8;4873423.7
407252.5;4873271.7
434417.9;4874275.4
415482.5;4873142.6
399019.9;4873089.7
418719;4872816.5
427730.4;4873443.8
408077.9;4872365.3
424682.8;4873235.8
431974.2;4873433.9
404406.3;4873437.8
394159.1;4872750.9
428312.4;4873241.8
416458.4;4873296.2
403229.2;4873262.9
403978.2;4873186.7
397079.5;4872423.8
434200.1;4873728
431581.2;4873215.8
404350.1;4873061.1
428868.6;4872950.5
429367.6;4872958.6
403464.1;4872093.3
404867.8;4871504.7
433357.7;4874163.3
433885.9;4873407.7
399320;4872828.5
407953.8;4872926.7
429647.6;4872889.2
430466.7;4872444.9
431895.5;4872845.3
430104.7;4872599.9
433248.6;4872956.5
403143.5;4872914.3
398600.8;4872413.5
399536.4;4872646.2
396157.4;4872693.5
400373.5;4871846.1
406388.6;4872884.1
405617.6;4872381.4
411187.3;4872380.4
410724.6;4872144.1
395306.2;4872082
404005.2;4871718.4
406662.4;4872698
406727.3;4872378.2
407176.5;4872289.2
412184;4871546.8
412908.4;4871503.7
413334.6;4871464.5
421892.9;4872574.4
422489.4;4874143.3
411684.9;4872444.6
417426.6;4872834.1
403198.6;4872675.8
402651.3;4872100
416166.5;4872720.7
417149.8;4872646
423719.4;4872828.8
408772.1;4872170
426789.9;4872808.8
427718.3;4872691.2
407529.9;4872407
399113.9;4871992
399621.3;4872175.3
432932;4872617.5
433352.5;4873029.1
417063.5;4872132.4
418085.1;4871778.4
432158.1;4872182.1
393671.5;4871904.7
394629.8;4872187.4
426773.3;4872316.8
414225.7;4870771.3
420984;4872243.5
398211.7;4871730.6
415967.3;4872033.6
414489.6;4871533
425823.7;4871923.2
420296.4;4871766.9
423775.5;4871355.4
425540;4871314.3
427487.8;4872022
396645.7;4870677.5
429192.6;4871993
393080.4;4871618
394899;4871305.5
415073.5;4870991.6
426619.3;4871572.6
401596.7;4871493.5
395471.1;4871504.6
402019.4;4871544.7
406072.7;4871774
406067.4;4871311.1
418820;4872095.1
421622.9;4871288.4
421027.1;4871782.1
397875.5;4870998.9
421973.3;4870923.4
428637.2;4871799.2
393743.7;4871362.6
402722.1;4871159.3
393219.3;4870692
393655.9;4870918.4
400149.8;4871013.4
416027.5;4871525.5
427396;4871295.2
406385.6;4870394.2
394274.3;4871201.7
416794;4870685.5
417818.5;4870692
419023;4870660
431338.3;4871790.6
430733.5;4871841.8
409948.7;4871520.3
410837.4;4870694.8
394281.1;4870620.1
401344.3;4871183
401521.9;4870471.3
402026.1;4870808
420872.6;4871249.5
429511.7;4871783.7
429989.9;4871133.2
394924;4870313.1
395585.6;4870571
431315.1;4871254.4
428460.2;4871511.5
427310.8;4870849.5
432143.4;4870850.6
429565;4870765.7
416213.8;4870182.2
427960.2;4870484.3
408667.2;4870640.9
408209.3;4870742.5
432684.8;4871288.8
430634.3;4870994.4
400826.9;4870653.3
402026.6;4870191.7
426266.8;4871265.1
405284.3;4870475.8
419378.7;4870159.7
402768.5;4870436.8
408860.8;4870463.9
409322.3;4869744.4
431287.1;4870932.2
432518.7;4870691.8
395592.8;4869941.1
398398.2;4869762.6
399288.2;4870543.5
400186.4;4870233.8
412512.3;4870718.1
404094.7;4870242.2
419859.2;4869625.1
401064.1;4870371.6
397402.6;4869788.4
398075.6;4869999.9
400491.5;4869332
420252.6;4869207.1
392887.4;4870289.7
410757;4869883.6
431859.4;4870412.5
408095;4867607.8
392404.5;4869103.7
403072.5;4870199.9
394365.1;4869939.1
425047.9;4871107.7
399125.3;4869447.4
403926.6;4869547.6
428547.3;4870616.7
430918.9;4870224
426457.6;4869844.1
394981.8;4869687.6
422627.7;4871078.8
424904.8;4869870.1
398629.3;4869461.2
401294.9;4869613
391644.5;4868302.1
401571.6;4868775.4
412853.4;4870221
426029.2;4869882.8
427749.1;4870630.2
390842.6;4868459.1
422982.8;4868942
402243.9;4870004.5
415100.8;4870400.5
399729.8;4869868.4
425395.8;4868310.4
428933.3;4870327.3
428710.6;4869783.7
429403.9;4869606.3
399700.2;4869684.9
404843.1;4869620.4
400119.8;4869330.7
412822.2;4869784.6
422029.6;4869208.4
432214.7;4869981.6
396134.6;4869673.2
411051.1;4868772.2
411843.4;4868501.2
412814.7;4869166.7
393914.7;4869462
393398.2;4869128.4
431138.9;4869596.9
431980;4869697.5
399558.9;4869092.2
414226.2;4869614.3
396977.5;4868447.3
415949.5;4868820.3
406592.8;4869678
414001.6;4868705.8
417890;4869634.6
394669.9;4869201.5
397541.3;4868712.9
413312.6;4868617
395664;4869101.7
395724.4;4868215.2
395008.5;4868736.3
432306.3;4869331.2
404591.4;4869305.2
404546.6;4868568.8
405598.2;4868818.2
427784;4868649.4
394312.8;4868809.5
398020.8;4868492.3
420492.6;4868369.4
406561.9;4868735.2
418690.2;4869145.6
427255.9;4868192.1
400895.2;4868978
417492.1;4869206.9
418021.9;4868966
431198.9;4868933.2
398911.6;4869363.6
398388.1;4868257.9
431828.6;4869080.6
426871.1;4868204.5
402454.1;4868077.9
409731.1;4868135
392674;4867257.2
398835;4868020.2
390042.5;4867665.7
416833.9;4868194
420886.5;4868001.4
393276.8;4868469.8
430093.3;4867861
407129.9;4868528.3
418830.3;4868592.7
394050;4868114.8
431613;4868080.9
394970.2;4868104
394330.3;4867757.4
393326.1;4868065
431285.9;4868249.9
418447.5;4868183.7
406303.9;4868373.2
412773.4;4868482.3
406175.7;4867657.5
407124.4;4867872.7
389625.2;4867158.8
388079.9;4867586.8
393929.9;4866851.5
395955.7;4867787.6
400658.7;4867558.3
418559.8;4867032.8
419590.1;4867639.7
421891.5;4868443.9
424065.8;4868020.4
423673.5;4868538.4
403810.8;4867933.1
403998;4867227.3
405384.8;4867077.7
428561.4;4867535.8
387107.6;4867155.9
386660.8;4867792.4
397340.7;4866855.6
399542.7;4867625.7
422106;4868025.7
422538.4;4867359.9
417769.8;4867837.9
399320.1;4867232.3
400964.6;4866911.2
416500.4;4867492.7
424564.8;4866452.2
396689;4867144
414144.6;4868238.8
417185.1;4867082.7
392259.7;4867145.5
420877.5;4866859.9
398527.9;4867104.8
414627.1;4867355.2
394767.1;4866517.7
387074.2;4866746.6
386106.9;4866776.7
412081.8;4867360.9
415205.4;4866219.7
415811.7;4866184.1
414354.8;4867244.1
410200.2;4867317.7
393384.2;4866286.7
409543.4;4866667.7
410091;4866867.9
387846.3;4867369.5
411738.4;4867129.3
425176.7;4866363.2
386631.9;4866689.4
387949.8;4866344.8
407249;4867385.5
406869.3;4866707.4
411354.6;4866753.1
413080.3;4866433.3
413792;4867109.2
428733.9;4866642.9
395416.4;4866267.3
400633.3;4867155.2
423900.6;4865747.4
391738;4866687.6
431556.1;4867658.3
421211.9;4866658.1
389764.2;4866328.6
390262.6;4866663.9
428227.2;4867604.2
398484;4866335.7
406236.1;4866582.2
421678.6;4866195.1
416771.1;4867103.1
420229.5;4866582.5
427784.6;4866897.9
386128.2;4866322.7
391263.9;4866144
414398.4;4865894.9
414822.6;4866587.1
385987.8;4865975.9
385065.3;4866283.4
386487;4866392.5
403941.5;4866377.9
386866.9;4865527.6
409419.6;4866205.1
408277.6;4865414.8
427989.9;4866167.4
387426.3;4865725.6
395844;4865498.4
406006.7;4865671.2
406941.8;4865294.8
401839.4;4864933.3
412061.9;4866072
411120;4865377.5
399547.8;4865962.1
401136.7;4864868.8
418274.2;4865891.7
391651.3;4865668.4
392267.4;4865640.9
398890.2;4865347.5
389595.1;4865372.6
391129.3;4865171.1
393041.4;4866105.6
426049.4;4865059.6
385788;4864526.2
416850.1;4863005.6
419608.8;4866286.8
426430.6;4864787.9
427269.7;4866023.3
431015.1;4866564.5
398063.5;4865415.3
404027.3;4865736.9
430675;4866163.5
415171.3;4865609.4
397551.1;4865343.5
396727.3;4865374
420464.6;4865904.6
429080.8;4866223.9
389494.8;4864587.7
422032.5;4865898.3
393507;4865479.5
394583.6;4865196.5
394081.3;4865112
409337.7;4865738.6
430156.8;4865928.5
420010.7;4865026.4
400663.4;4864331.9
422168.6;4865171.3
387337.5;4865060
421266.7;4866205.3
423450.1;4865118
399074.5;4865701.1
399895.2;4864662.7
428755.2;4865146.4
395620.7;4864901.4
392462.6;4865380.1
427246.8;4865342.9
392522.6;4864726.6
423132;4865635.5
429954.1;4865586.1
430360.3;4865409.3
414154.1;4864905
393296.7;4864595
420593.4;4864758.6
411599.3;4864654.5
405519.7;4864995.9
405768.5;4864712.2
406617.4;4864664.1
421729.9;4865034.4
418624.7;4864943.1
421325.4;4864973.2
424304.5;4865094
397496.6;4864990.3
403657.8;4864497.1
429079.3;4864923.7
428002.5;4864758.6
428370.2;4864867.3
386728.6;4863723.2
387506;4864611.3
429510.7;4864730
430042.1;4865174.6
404555.3;4863971.9
408691.8;4864777.1
394215.8;4864510.2
404845.6;4864135.3
395450.5;4863659.2
388233.5;4863286.4
399496.1;4864264.9
423346.3;4864381.7
395285.4;4864599
403337.5;4864165.3
415537.6;4864383.8
414969.4;4864583.1
417356.4;4864222.9
416283.7;4865334.4
387460.8;4863001.6
388617.5;4864287.4
390996.7;4863232.9
391943;4864518.3
407433.6;4864230
408731;4864450.3
422722.1;4863610.1
406168.7;4864052.2
391888.7;4863440.8
405209.9;4863936.8
406107.9;4863697.6
416298.4;4863401.1
427235.6;4864760.6
408998.7;4863979.4
425888.7;4863895.8
425605.9;4866013.4
427268.6;4863915.8
388910.7;4863801.7
421050.5;4864423.5
425559.7;4863453.9
421996.9;4863058.9
388981.9;4862889.1
394012.2;4864195.7
424534.2;4864369.4
410754;4863936.4
419953.4;4863989.3
417870.8;4863872.2
406802.9;4863981.2
423695.1;4864691.5
420207.7;4863617.9
421069.2;4863425.4
407470.7;4863631.4
408842.2;4863401.2
413564.5;4864241.7
413215.3;4863372.6
415641.4;4863249.3
425110.9;4863393.8
428557.5;4864019.8
418107.1;4863645.3
423921.9;4863657
414982.2;4863132.2
418321.5;4863110.9
390101.6;4862802.3
429100.7;4864503
399496.1;4863780
400446.9;4863140.5
418759.3;4863008.1
406799.7;4862605.9
395690.2;4862692.8
410628.2;4863679.7
427579.4;4863998.2
410518.2;4863174.3
402783.1;4863623.5
402671.2;4862001.1
405330.3;4863438.9
385973.7;4861538.4
408380;4863264.5
404317.4;4863173.2
405580.8;4862621.2
401705.3;4863088.4
407682;4863084.1
417251.2;4863205.4
427125.5;4863461.4
402260.8;4862977.2
417734.9;4862711.9
386809.3;4861699.5
423058.9;4862946.8
401321.9;4862690.3
426491.2;4863251.8
426876.5;4863203.4
402227.1;4862307.9
403425.2;4862339.8
408441.8;4862957.4
399268.4;4861937.6
423362.8;4862641.8
424817.9;4862852.3
399736.8;4861888.6
407560.6;4862098.2
408417.6;4862767.5
420625.7;4862964.1
419203.7;4862162.3
420603.5;4862690.9
404155.6;4862553.5
400056.7;4861987.5
401484.3;4862455.5
400313.9;4861718.1
391734.4;4861996
395017.4;4862148.8
391254.1;4862047.7
412882.6;4862419.3
399014.9;4861358.8
421512.1;4862282.1
408396.4;4862546.2
408386.1;4861939.9
411597.8;4862334
387938.8;4862778.5
419358.6;4861549.6
408699.8;4861750.3
424628.3;4862447
411771;4861228.2
410899.7;4862147.2
419546.4;4861137.6
393116.3;4862028.7
393020;4861367.4
395937.5;4862195.4
416244.7;4861956.2
422358;4863274.4
422587.1;4861692.6
416593.6;4862258.7
417615;4861038.5
388625.3;4861770.7
390004.1;4861973.4
396151.3;4861887.7
404895.9;4861957.7
387563.9;4861347.8
401078.9;4861574
401470.1;4861669.1
420650.9;4862236.7
383886.9;4860441.1
398145;4861814.2
397154.8;4860759.9
395650.4;4861628.8
396939.5;4861372.2
418816.9;4862046.3
418333.7;4861767.7
424363;4862132.4
391332.5;4861361.1
413073.9;4861391
423055.4;4861631.9
423514.8;4861007.7
391770.7;4860967.2
406587.9;4861794.9
406245.7;4861028.1
388610.1;4861418.6
400847.9;4861125.4
420668.6;4861891.5
425735.2;4861825.9
418278.5;4861038.2
394935.5;4861219.5
401614;4861329.1
424825.6;4861331.1
401770.8;4860851.2
421497.8;4861244
396379.4;4861122.2
384209.7;4860197.4
404671.5;4860966.1
404518.2;4861438.9
423835.7;4861330.7
424632.8;4861793.6
388718.8;4860414.4
402984.1;4861820.7
395020.1;4861376.7
408805;4861314.9
388265.8;4860924.8
383301.3;4860646.4
382740.8;4860834.4
385460.6;4860393
390253.8;4860422.5
395994.6;4861146.9
420256.7;4860257.8
409547;4861226.3
398755.3;4860811.8
406914.4;4861034.8
407294.7;4861168.1
394206.8;4860600.7
393886.8;4860744.9
420476.6;4860999.2
395720.4;4860642.3
425505;4861482.9
415740.5;4861566.8
391292.7;4860170.8
394718.8;4860470.6
395085.5;4860740.7
402151.8;4860796.6
402405.2;4860431.5
411597.1;4860424.6
418189.8;4859705
417448.4;4859279.2
415167.4;4861092.4
418776.2;4860758.3
425421.9;4861051.4
393288.9;4860811.4
401175.8;4860696
406970.3;4860446.5
392629.6;4860179.7
409435.6;4860833.9
400478.6;4860860.7
402646.1;4860294.7
415198.3;4859226.9
385628.7;4859763.4
387167.3;4860097.8
408188.1;4860442.9
409206.6;4860396.2
420832.5;4860843.9
400235;4860218.8
422855.5;4860730.2
388127.4;4859940.7
388918.3;4860175.1
425467.6;4860531
415379.3;4860666.6
382891.6;4860516.6
403337.8;4859953.8
380607.1;4860017.5
383411.3;4860381.8
392349.4;4860054.2
399144.2;4859957.3
401235.4;4860352.2
382839.9;4859973.8
398689.8;4860345.6
421027.4;4860111
393280.3;4860159.3
393835.3;4859932
423975.4;4860576.8
395221.7;4860102.2
406137;4860200.4
411535.3;4859306.8
421517.8;4860171.6
422097.8;4860367.9
425301.7;4860712.2
403723;4859574.5
382889;4859399
394236.4;4859666.7
397220.3;4859746.4
395314.6;4859755.6
397026.2;4859306
401151.9;4859842.7
424393.8;4860263.1
404268.7;4859456.7
405794.8;4859945.3
420746.8;4859552.1
401699.4;4859880
389418.1;4859636.9
381004.6;4859559.9
380714.4;4859564.1
398681.6;4860010.6
419685.3;4860451
422867.2;4860199.1
394814.2;4859783
407530.9;4860156.3
399597;4859066.7
408979.4;4859751.9
386764.9;4859716.3
399364.7;4859432.3
418657.3;4859869.3
381631.4;4859370.2
382437.7;4858830.4
389767.3;4859427.9
406948.2;4859474.8
384734.8;4859771
385246.6;4859774.2
405198.5;4859417.7
407815.1;4859474.9
419893.1;4859417.8
402855.4;4859882.2
402100.3;4859396.5
386338.8;4859394.2
392863.1;4859453.9
414813.9;4858573.8
422083.2;4859705.4
422790.7;4859711
424676.8;4860127.7
387438;4859209
391660.6;4859679.1
388112.9;4858142
396522;4858863.7
400260.5;4859110.8
419447.2;4859085.1
422340.2;4859745.5
423726.1;4859916.8
405599;4859295.5
388771.4;4858579.8
393338;4859056.9
400298.7;4858795.2
401807.4;4858535.6
381628.5;4859032.3
386645;4859017
390153.5;4859168.5
390211.4;4858298.8
390942.7;4859129.2
396080.9;4858155.7
406368.4;4859376.4
391203.5;4858554.1
391684.5;4859114.2
385677.3;4858494.4
385947.4;4858371.1
421779.8;4859345.4
385182.9;4858870
394331.1;4858563.3
392157.9;4858262.6
421311.7;4859297.2
383900.4;4858732.3
402881.4;4858986.7
392657.6;4858828.9
381781.4;4858801.1
381563.3;4858428.7
406415;4859027.3
393431.1;4858575.6
383752.7;4858241.9
390937.9;4858572.9
406911.7;4858705
409154.5;4859322
389359.3;4858317.7
409386.1;4858533.4
386944;4858726.7
404870.7;4858940.2
391609.6;4858246.1
404622.2;4858739.9
403890.3;4858518.5
409730.6;4857756.5
385175.8;4858337.5
405383.4;4858193.8
421098.2;4859012.7
407568.4;4858592.8
408593.9;4857604
404813.7;4858309.9
398250.6;4858016.8
386596.3;4858025.5
382344.7;4857907.7
381967.4;4857698.9
393268.9;4858310.2
381571.4;4857955.1
398058.8;4858133.8
421048.2;4858508
383643.1;4857662
410349.3;4857772.8
410039.7;4858050.2
420684.8;4858405
381190.4;4857813.9
379959.3;4857794.9
414542.7;4858261.9
384849.6;4857780.2
410632.6;4857861.2
398601.4;4857874.7
411779.3;4857895.3
406686.9;4858320.7
420277.7;4858336.6
407507.2;4857888.1
386190.8;4857390.9
399625.1;4856542.2
400930.4;4857622
410866.5;4857491.4
384555.5;4857579.3
392286.4;4857493.9
380512.7;4857302.3
385709;4857673
390460.5;4857164
412033.2;4857598.3
413992.4;4857868.9
420127.6;4858107.7
393480.4;4857463.5
406771.7;4857154.7
381406.7;4857248.3
404464.5;4855281.1
403240.9;4857780.4
404705;4856509.5
395169.8;4857233.2
397634.3;4856931
386847.5;4857299.8
416891.3;4858222.1
382736;4857253.6
393807.4;4857238.4
394258.9;4857031.6
416125.7;4858474.8
418058.4;4857752.1
399188.6;4856345.1
382068.3;4856800.5
409474.1;4856992.3
388882.6;4856846.1
406938;4857197
385237.1;4856625.6
385762.2;4857045.2
389806.2;4857045.6
382381.4;4856795.6
383360.8;4857446.8
390737.7;4856755.6
379878.1;4857264.8
402478.9;4856947.4
412204.9;4857345.6
383898.9;4857157.9
412703.9;4856226.1
398399;4856780.5
380422.8;4856593.3
405585.6;4857100.8
416788.4;4857396.1
418422.8;4857675.3
419067.9;4857590.3
383457.6;4856911.2
413030.1;4856646.6
387058;4856868.7
417713.4;4857691.1
384208.5;4857066.5
384161.7;4856797.9
381091.1;4856489.5
379481.3;4856117.6
380363.6;4856900.5
417509.6;4857222
417909.5;4857353.8
392167.2;4856683.5
392796.5;4856893.1
388765.8;4855741.8
382599.7;4856926.1
383136.2;4856330.4
396007.4;4857136.6
397208.5;4856349.5
416448.2;4856937.3
387080.7;4856524.5
407175.8;4857395.4
411905.2;4855971.4
413705.7;4857422.8
401583.5;4855731.2
384607.4;4856358.6
402840.5;4856580.3
414571.8;4856970.5
415772.5;4856493.9
385653.9;4856470.2
384274.7;4856332.9
394680.9;4856315.7
410837.1;4856289.1
411473.8;4856333
381696.4;4856579.6
400218.7;4855936.8
406781.8;4856569.3
391864.3;4855853
410445.3;4856684.7
413298.9;4856354
380887.2;4855834.7
382622.1;4855908.6
416889.3;4856483.7
390615.1;4856011.8
381612.4;4855924.3
405177.3;4855826.9
405390.1;4855584.1
406095.3;4856556.3
411650.2;4856045.8
386217.7;4856073.4
392676.6;4856017.5
413428.3;4856038.3
387316.7;4856313
410257.1;4856166.1
382391.9;4855383.3
403367.8;4856200.8
384028.6;4856183.8
385623.2;4854719.3
402202.2;4856290.9
409757.1;4856225.7
392266.1;4855823.2
389807.8;4855758.6
397012.1;4855787.9
403467.2;4854656.2
413713.4;4856191.6
384029.1;4855593.9
390738.9;4855726.8
406386;4856250.8
408440.1;4856000.9
407759.6;4856217.4
386638.7;4855815.3
387349.8;4855881.4
409206.2;4856119.1
414152.7;4856046.3
414780.8;4856080.1
414429.6;4856007.4
383349;4855445.9
403345.3;4854450.2
407170.5;4855914.9
407632.5;4855988.4
415210.6;4856033.6
395908.1;4855413.6
387622;4855675.2
405805.4;4854513.8
407284.6;4855030.1
413760.7;4855631.2
415457;4855947.9
386850;4855437.2
391725.9;4855473.1
395146.2;4855624.6
404067.5;4854523.6
415903.6;4855911.4
399096.9;4853985.8
399886.8;4854169.1
400712.4;4855358.8
416369;4855910.2
392373.7;4852884.4
409141.7;4855775.4
409406.2;4855124.9
381796.7;4854405.9
387771.8;4855149.5
409901.9;4855160.9
382238.8;4854863
401225.6;4854795.3
401647.7;4853922.9
407769.2;4855525.4
394895.2;4855335.9
413464.4;4855472.1
410695.9;4855059.5
413995.6;4855610.8
414677.9;4855552
386506.8;4854441.1
387395.1;4854812.7
394755.6;4855000.3
408533.8;4855146.5
413029.7;4855422.6
415141.1;4855565.7
415672.7;4855739.1
414249.1;4855439.9
389898.2;4854984.2
390742.7;4855175.8
391312.9;4852393.4
412409.5;4856203.9
384333;4854513.8
401959.8;4853991.3
383595.9;4854130.1
412047.4;4854922
400470.6;4855008.5
390724.5;4854720.1
399968.1;4855796.7
400157.3;4854759.9
412824.3;4855095.6
381729.4;4853779.1
393488.1;4852084.6
409111.1;4854858.1
410891.7;4855050.6
389580.3;4854450.7
388723.1;4854557
406455.9;4854292.5
411004.7;4854748.3
408742.8;4854588.9
393061.1;4852260.7
401025.2;4854667.4
387135.8;4854018.3
387463.6;4853773
390424.2;4853376.5
400155.5;4854461
411289.9;4854626.4
388812.9;4854185.5
400754;4854229.6
409748.4;4854393.6
409182.2;4854380.3
398310.8;4853932.1
401065.1;4853321.8
389388.9;4853229
398030.3;4853716.7
388215.4;4853165.7
397910.4;4853431.8
407035;4854019.3
385190;4853351.1
407658.5;4853906.5
395799.1;4853663.9
394659.8;4851832.5
401643.2;4852998.4
386417.1;4853334.4
387551.8;4852930.2
384524.7;4853311.8
384786.3;4852721.8
397900.3;4853115.6
407333.3;4853720.3
406956.9;4853479.5
404360.5;4853549.9
381343.4;4853299.1
382151.2;4853111.4
387259.5;4853226.4
396616.9;4852130.7
382696.7;4852135.8
382535.8;4853042
386434.6;4851199
386541;4853028.7
383060.3;4852922.6
383944.2;4852554.3
404539.2;4853203.6
406261.2;4854045
394753.1;4852878.5
404181.6;4853227.8
397046.5;4852401
398735.7;4852392.4
400081.8;4852479.3
402473.8;4853088.8
403826.8;4853029.4
388464.6;4853146.4
387048.2;4852085.7
404930.3;4853026
381399.7;4850879.8
389021.9;4852524.8
399792.1;4852248.9
388611.8;4852230.4
388018.1;4851585.8
393978.9;4852075.5
381995.6;4850596.6
382886.4;4850854.3
395841.7;4852138.9
384591.8;4851557.7
388558.3;4851650.2
389362.9;4851780.5
390011.8;4851215.7
400725.9;4852265.8
401326.8;4852045.9
397508.8;4852051.4
398408.9;4852104.4
387829.5;4851443.7
395632.5;4851581.7
393059.8;4850512.3
395172.2;4851186.5
397696.3;4851466.8
398481.7;4851517.1
399343.8;4851470.7
387541;4850747.9
396254.7;4851146.6
394972.8;4850919.9
397325.8;4850995.9
385014.7;4851155.5
398289.6;4851229.6
389257.9;4850510.9
388433.7;4851371.7
395432.5;4851262.4
394700.4;4850869.9
385066.6;4850703.7
388375;4850406.7
388875.3;4850110.6
395950.1;4850757.1
396457.3;4850952.9
385450.5;4850486.3
394565.7;4850544.1
383211.8;4851251.6
384097.5;4850024.5
384601.5;4850142.8
395456.8;4850460.9
384969.8;4850307.3
385620.7;4850115.1
386759.4;4849781.8
393863.6;4850086.9
395047.8;4850194.1
385342.1;4850111.2
390317.4;4850615.8
384920.5;4849935.6
394136.1;4850162.7
390209.4;4849783.7
394587.6;4850031.6
388243.3;4850019.8
388981;4849442.5
389655.4;4849724.5
389331.3;4849520
382930.8;4849835.4
383292.8;4849563.4
394050.7;4849581
394790.6;4849793.5
383675.5;4849574.8
384177;4849682.8
387954;4849527.9
394424.3;4849402.3
388401.9;4849430.7
382680.3;4849400.8
393706.9;4849143.3
393427.6;4849013.2
392737.5;4848814.2
391487.7;4849180.7
394044.1;4849047.2
393377.5;4848373.8
393107.6;4848433.6
392800.3;4848282.6
528830.9;4931601.9
476521.3;4930007.3
462751;4910751.6
418677.4;4881017.4
410909.9;4870268.2
