566652.8 4878167.4 90375
494773.7 4946669.6 66894
494395.7 4946440.5 66911
495120.3 4946559.1 66925
496321.6 4946389.5 66936
496774.3 4946115.7 66937
495522.9 4946092.9 66946
494084.3 4946338.9 66996
494710.8 4945983.3 67082
501218.7 4944959.4 67123
494213.9 4945615 67130
494583.9 4945125.8 67197
496185.1 4945418.5 67208
497031.8 4945494.5 67241
498761.8 4945066.5 67247
498335.2 4945153.8 67260
495338 4945294.8 67264
493228.9 4944992.5 67275
499950.6 4945620 67276
499116.8 4945352.3 67282
499178.6 4945069.3 67283
500833 4944220.1 67317
495963.6 4944653.2 67337
496898.5 4944944.3 67338
493953.6 4944840.3 67361
497368.3 4944518.6 67379
495733.4 4944131.3 67402
493735.1 4944307 67409
499879.2 4943831.8 67434
494703.4 4944087.4 67440
497659.1 4944341 67459
494440.5 4943818 67470
498191.8 4944148.3 67496
496762.1 4944482.4 67511
492724.6 4943746.1 67524
496945.1 4943846.8 67636
498431.3 4943821.8 67662
494228.3 4943450.5 67671
493970.1 4943135.1 67678
497303 4943527.6 67685
498471.8 4943303.7 67701
496646 4943222.5 67799
501148 4943045.5 67806
499265.7 4943290 67831
493468.3 4943062.8 67839
501924.8 4943300.5 67840
492230.2 4942809.7 67850
495683.8 4942815.8 67851
495244.1 4941274.9 68194
497607.2 4942463.6 67863
492886.4 4942439.2 67898
499865.8 4943134.1 67899
497228.3 4942328.2 67912
496176.5 4942271.8 67913
500428.3 4942746.8 67914
502232.6 4942246 67915
500069.7 4942899.9 67929
502770.9 4942409.5 67937
493490.8 4942047.3 67943
501646.8 4943046.4 67954
501596 4942309.8 67955
499060 4942790.5 67989
499055 4942347.4 68014
501046.6 4942059.4 68015
499944.8 4942317.7 68026
492451.6 4942423.7 68099
500056.4 4942019.6 68139
502932.8 4941994 68158
498417.2 4941957.8 68182
493397 4941390.2 68193
500126.2 4941508 68195
496856.6 4942305.4 68203
498889.1 4941167.3 68210
499512.3 4941417.9 68211
500901.9 4941627.1 68218
502957.3 4941687.6 68219
496812.7 4941457.8 68223
495932.5 4941512.6 68252
503032.6 4941105 68286
501349.6 4941427.9 68296
501844.5 4942000.2 68297
503427 4940795.9 68298
498360.4 4941378.6 68335
500338.2 4941388.2 68336
502255 4941202.2 68371
497064.4 4941087.3 68380
497520.8 4940666.5 68388
501185.9 4940995.7 68392
500742.1 4941082.5 68412
496073.4 4940711.7 68426
495612.3 4940770.1 68438
500235.1 4940777.5 68461
494115.4 4940414.5 68472
499916.7 4940126.7 68481
504576.5 4940751.1 68482
505160.2 4940465.3 68483
496499.5 4940365.1 68500
499248.4 4940239.3 68508
501368.9 4940579.2 68527
501928.5 4940476 68528
497748.4 4940201.9 68554
498820.4 4940318.7 68555
503003.4 4940178.6 68556
492672.1 4940309.4 68599
504055.2 4940333.3 68605
518662.9 4940183.1 68611
496066.7 4939767.1 68620
518719.5 4939652.7 68635
493494.7 4939668.1 68640
519309.2 4939604.6 68654
501004.5 4939948 68677
501960.5 4940202.7 68678
517790 4939998.2 68684
494988.2 4939367.2 68702
497037.8 4939609 68703
503566.6 4939797.7 68704
505530.8 4939954.9 68707
507456.9 4939843.2 68708
494872.6 4939744.1 68724
501797.6 4939718.2 68725
506791.2 4939486.7 68726
516803.7 4939490.7 68736
494279.6 4939546.5 68746
502136.8 4939310.1 68747
503701.3 4939525.4 68761
504113 4939414.4 68762
498207.5 4939586.2 68776
500385.4 4939736.2 68805
501189.2 4939394.6 68806
502784.5 4939169.6 68810
500356.6 4939398.9 68835
496582.7 4939533.2 68842
507786.2 4939670.7 68850
523896 4938934.2 69026
496086.7 4938741.1 68880
496713 4938349.5 68898
497403.1 4938853 68899
507376.1 4938708.3 68900
505445.5 4939103.7 68919
495207.1 4938994.7 68928
499182.5 4938356.6 68929
507931.8 4939264.6 68930
498803.3 4939108.1 68943
498339.1 4938672.4 68944
530859.4 4934392 69916
500996.4 4938820.2 68957
493319.1 4939020.5 68973
494351.7 4938601.6 68974
500817.6 4939136.8 68975
503446.6 4938980.4 68976
517795.8 4938942.7 68988
504963.6 4938246.4 69025
526422.7 4936580.1 69046
525664.4 4936943.5 69047
499623.7 4938334.1 69056
506351.3 4938753 69075
495427.3 4938208.1 69079
492864.3 4938498.4 69083
501661.9 4938777 69084
493489.5 4938594.7 69092
519811 4939565.3 68872
502560 4938434.4 69114
503738.8 4938521.6 69115
503389.4 4938136.8 69116
502004.2 4937863.6 69124
517122.6 4938904.8 69125
517148.3 4938211.9 69136
518115 4937698.3 69137
518805.2 4938892.3 69138
501581.1 4938058.3 69148
494523.7 4938008.8 69161
514774.2 4938084 69162
520476.9 4937563.9 69175
507564.3 4937505.8 69183
518747.4 4938392.1 69189
494099.2 4937794.8 69201
500078.9 4938184.9 69202
506506.6 4937749.6 69207
497977.4 4938596.9 69220
497782.7 4936677.9 69249
496796 4937026.5 69226
523652.5 4938025.3 69238
525183.5 4936771.6 69239
532687.5 4938017.5 69241
496971.7 4936817.4 69248
502774.4 4937999.2 69250
500201.3 4937837.2 69259
503989.5 4937625.5 69265
495750.3 4937584.2 69279
531691.9 4936979 69298
500840.5 4937482.9 69345
503336.9 4937329.7 69346
496392.9 4937172.2 69355
502407.1 4937338.6 69365
499377.7 4937332 69369
523038 4937178.7 69389
495538.8 4936708.6 69398
500957.7 4937020.3 69408
514393.1 4936297.2 69409
517322.4 4936624.2 69417
499886.4 4937218.2 69425
516496.4 4936378.7 69436
515292.8 4936035.4 69440
501928.6 4936877.8 69457
522327.7 4937544.9 69466
505895.2 4937402 69501
504702.1 4936991.8 69502
532896.6 4937443.7 69509
495087.7 4936852.3 69530
495998.3 4937299.5 69531
499465.4 4936338 69548
504141.9 4936524.7 69549
506209.5 4937592.7 69550
506696.4 4936500.5 69551
506999.7 4936519.3 69552
473914 4935704.1 69556
493232.7 4936703.4 69557
474469.8 4936106.5 69561
500616.7 4936095.1 69573
502739.7 4936734.5 69574
503097.2 4936177.2 69575
494310.8 4936598.3 69579
521556.5 4935601.8 69582
476910.4 4935605.3 69602
493436.2 4936185.2 69613
494215.8 4936782.2 69614
494424.9 4936366.5 69615
495197 4936052.6 69616
505763.5 4936637.8 69617
522872.7 4935269.9 69618
523280.3 4936094.5 69619
524100.6 4936209 69629
470733.4 4936171.7 69636
501298.8 4936417.1 69637
471248.3 4935845.7 69652
532732.2 4936392.8 69661
470101 4935456.4 69675
502272 4936106 69710
475383.5 4934835.5 69724
505095.1 4936305.7 69738
504820 4935569.1 69739
507752.2 4936382.1 69740
508997.5 4935849.2 69741
509585.1 4935807.7 69742
497967 4935891.7 69749
518450.6 4936008 69758
505753.6 4935625.5 69783
506058.9 4936313.1 69784
494386.4 4936084.8 69798
513378.1 4935703.8 69799
503675.4 4936083.9 69820
504338.1 4935710.3 69821
506221.7 4935881.8 69822
518735 4935802.2 69832
520808 4934934.5 69833
472288.4 4935109.7 69841
493659.9 4935488.1 69853
494602.8 4935469.2 69854
506745.4 4934774.8 69855
496371 4935801.2 69864
508555.9 4935439.2 69865
499482.4 4935683.6 69883
468843.1 4934548 69900
469529.7 4933348.2 69901
507465.1 4935354.3 69902
508269.8 4935293 69903
531364.5 4934873.3 69915
494779.6 4934971.8 69924
495803.5 4935285.9 69925
503163.2 4935184.2 69932
503637.5 4935199.9 69933
513332.6 4935192.5 69938
501796.7 4935040.3 69960
510623 4935380.9 69961
512564 4934078.8 69962
512978.3 4934530.4 69965
533527.1 4934438.9 69966
497965.4 4934788.1 69992
496443 4935270.3 69997
472823.6 4934649.9 70010
473402.3 4934183.4 70011
473994.1 4934570.8 70016
498956.5 4934631 70020
500090.5 4935269 70021
516646 4935514.1 70022
516681.1 4935044 70023
533984.6 4935576.4 70024
500258.9 4935050.7 70031
469844.2 4933216 70038
471080.7 4933082.4 70039
496401.1 4934480 70040
500006.9 4934184.1 70041
502404 4934315.8 70042
502948.3 4935305.3 70043
505222.6 4934557.7 70057
495495.3 4934857 70064
495979.4 4934223.4 70065
506039.5 4934485.7 70066
524894.4 4935086.5 70067
524267.5 4935756.5 70058
517694.3 4934261.6 70071
518684.3 4934978.2 70072
520429.8 4934496.4 69998
497153.1 4934459.9 70079
505734.4 4934583.8 70080
493620 4934245.5 70087
504330.6 4934651.9 70090
509057.1 4934989.3 70091
504942.9 4934803.4 70115
507636 4935109.8 70121
510135.7 4934597.1 70122
489050.7 4933819.5 70130
507628.3 4934753.7 70131
535105 4934720.2 70132
502919.3 4934181.3 70151
503227.1 4934163.4 70152
525390.2 4934442 70153
500251.7 4934826.8 70163
495182.2 4934557.2 70182
526210.6 4934599.1 70183
477859.6 4933585 70189
477863.6 4934992.2 70175
508306.4 4934401 70190
503915 4933789.4 70216
468980.1 4933559.7 70221
471605.9 4932615 70222
473260.7 4931415.3 70223
494804 4933989.7 70224
515535.2 4933891.2 70225
529862 4934235.3 70226
478254 4934035.9 70235
486733.8 4933745.5 70236
494500.5 4934292.4 70245
501368 4934406.4 70273
513936.4 4934130.7 70274
514778 4934095.1 70275
524365.9 4933698.4 70276
468733.8 4933342.7 70283
507070.8 4933992.2 70284
475289.7 4932822.7 70293
536376.8 4933814 70300
537852 4933941.7 70299
487663.7 4933359.5 70314
488490.2 4933498.5 70315
495666 4933718.3 70316
526816.6 4934043.2 70317
529301.6 4933999.8 70318
497201 4933592.6 70323
516240.9 4933547.8 70334
519183 4934087.4 70347
494255.1 4932973.5 70350
504226.6 4934343.9 70351
501024.2 4933902 70357
501441.1 4933785.7 70358
496893.6 4933760.1 70367
504624 4933887 70368
493018.7 4933388.6 70385
474414.5 4932031.1 70409
505242.1 4933826.4 70424
529125.5 4933320.5 70428
505992.5 4933626.7 70433
493777.3 4932836.8 70435
472238.2 4933658.4 70442
497928 4933757.5 70444
471708.2 4932689.8 70449
472108.3 4932808 70450
492338.5 4933467.2 70452
498013.6 4933206.2 70453
498907 4933185 70454
507449 4933497.4 70455
495317.5 4933663.5 70474
510221.7 4933057.5 70476
520741.3 4933197.9 70500
534222.1 4932841.7 70505
500244.5 4932541.9 70514
518324 4932968.3 70520
501889.7 4933472.7 70529
491126.9 4932253.5 70535
489708.3 4932807.8 70483
502722.9 4933128.8 70536
504460.9 4932664.6 70537
505641 4933077.5 70538
486044.4 4932917.7 70548
488242.7 4933294.9 70549
495405.8 4932974.9 70550
501371.6 4932216.3 70551
500520.5 4932168.2 70554
525443.9 4933929.6 70555
477715.1 4932520.2 70563
475865.4 4933579.5 70294
492351.5 4932366.9 70564
499707.2 4932173.4 70570
519810.1 4933037.2 70571
496960.4 4932828.4 70582
527663.8 4933727.3 70583
519277.2 4932420.1 70590
517843.3 4933341.8 70589
525257.7 4933345.7 70591
478665.5 4931556.7 70604
515014 4933086.1 70605
522213.4 4933371.7 70606
523405.4 4933445.3 70607
514469 4933144.1 70616
522382.3 4933026.9 70617
491580.7 4932072.6 70623
492527.4 4933110.9 70624
513898.2 4932899.3 70625
508372.1 4933384.4 70629
526911.8 4932838.5 70630
488351.3 4932392.3 70639
506932.3 4932594.6 70640
508505.3 4932501.1 70641
508722.4 4932814.6 70653
521662.3 4933112.6 70654
493259.4 4932264 70661
486460.7 4932683.3 70671
533437.6 4933282.1 70672
532427.6 4934953.1 69866
487159.4 4932657.1 70679
513102.6 4932663 70687
510499.9 4933813.4 70475
503127.1 4932281.4 70703
502140.2 4931567.3 70710
531379.3 4933066.3 70717
530239.2 4934127.8 70123
495767.4 4932593 70722
497347.9 4932537 70723
497974.4 4932101.7 70731
498905.8 4932536.6 70732
526233.3 4933211.6 70733
516616.8 4932258.5 70738
525018.9 4932631.4 70739
472459.7 4932558.9 70749
522917.2 4932914.6 70751
524342.9 4932455.3 70752
524926.3 4931873.8 70753
486960 4932258.1 70764
514694.1 4932778.8 70765
515200.6 4932798 70766
513107.2 4932142.7 70777
490629.6 4932733.2 70786
522152.1 4932530.4 70787
515227.5 4932390.9 70802
515746.9 4932210.6 70803
538192.7 4933265.7 70810
537785.1 4932561.4 70811
536793 4933466.8 70804
472070.9 4931802.3 70815
490135.5 4931447.1 70816
495789.4 4932206.6 70817
529403.9 4932047.2 70818
531968.2 4932381.2 70819
532626.2 4932653.4 70826
490841.7 4931574.6 70832
472284.3 4931316.9 70846
537365.2 4932263.6 70847
496507.7 4931981.3 70856
516190 4932114.7 70857
536121.1 4932671.5 70858
521354.2 4932297.5 70863
510335.9 4931826.9 70870
530898.1 4932411.7 70871
534486.1 4931896.1 70872
488151.8 4931500.7 70877
524325.1 4930852.5 70888
494866.2 4931998.8 70904
517366.4 4931540 70916
518306.8 4931630.4 70917
514327.3 4932143.1 70934
536407 4932151.6 70935
468971 4930846.1 70942
486703.4 4931764.9 70943
493629.3 4931351.8 70944
507859.4 4932103.1 70945
477730.2 4931884.1 70956
487656.7 4931271.1 70963
486601 4931562.9 70964
503557.6 4932327.8 70965
508475.4 4931551.2 70974
494154 4930908.1 70980
494892.3 4931508.6 70981
506062.5 4931443.3 70982
503836.9 4930783.7 70990
507466.1 4931475.8 71003
521046.7 4931358.7 71004
496135.6 4931358.2 71015
506434.3 4931356.9 71016
506741.1 4931494.7 71017
497506.1 4931213.9 71031
532613.6 4931717.6 71032
485979.5 4931537.4 71036
491826.1 4932277.6 71044
495380.1 4931413.2 71045
471610.6 4931145.2 71054
538776.8 4931448.1 71055
505471.6 4931213.9 71058
507991.1 4931408.1 71059
514704 4931809.5 71060
475659.9 4930486.2 71067
510891.9 4931265.5 71068
514057 4931745.5 71069
467606.9 4930255.9 71080
466786.1 4930142.9 71081
489084.8 4931293.5 71082
492211.4 4931275.7 71083
498910.7 4931365.2 71084
512449 4930686.7 71085
497972.6 4931504.4 71094
504252.8 4930779.1 71095
505064.3 4931156.1 71096
521991.8 4932170.1 71097
523324.1 4930406.3 71098
526366.3 4932158.2 71099
521817.6 4930848.1 71105
496344.5 4931630.1 71113
497131.9 4930947.9 71114
522395.2 4930798.9 71116
485772.3 4931253.9 71128
486218.8 4931274.2 71138
496733.9 4930859.1 71139
527929.9 4930759.3 71160
531565.5 4931321.3 71162
532027.8 4931702.3 71163
514076.7 4931347.1 71167
537309.8 4930765.9 71168
485526.1 4930593.4 71175
486665 4930845.2 71176
492773.4 4931146.6 71177
513290.2 4930061.9 71178
530714.9 4931198.3 71183
441265.2 4929255 71191
536817.9 4931067.1 71192
513784.8 4930113.3 71197
487687.6 4930503.5 71205
515927.3 4930860.7 71206
520267.4 4931301 71207
519040.1 4931016.7 71208
491567.4 4931021.6 71216
492046 4930948.4 71217
515194 4931392.2 71218
485935.5 4930525.1 71222
515711.2 4931450.5 71223
484577.7 4930104.9 71227
502857.4 4930395.7 71228
471355 4930483 71237
490234.6 4930876.7 71238
490526.5 4930392.4 71252
471825.3 4930869.4 71259
491264.3 4929557.3 71260
495066.9 4930628.5 71261
506957.4 4931335.2 71262
514239.1 4930980.5 71263
481383.5 4930289.6 71271
495416.6 4930760.1 71272
489109.8 4930825 71281
489525.9 4929896.1 71282
515097.1 4930712.4 71283
492394.8 4930474 71285
495782.3 4930548.1 71296
515507.8 4930999.1 71297
516671.8 4931022.4 71298
491657.4 4930256.6 71321
492840.3 4930691.6 71322
499897.5 4930476.2 71323
500527.9 4931035.2 71324
506469.6 4930796.4 71325
508632.3 4931288.4 71326
535590.4 4930581 71327
498983.6 4930301.5 71338
498625.9 4930630.4 71346
507255 4930741.9 71363
533519.6 4930003.8 71364
534120.2 4930967.9 71365
499557.8 4930298.8 71373
488671 4930018.6 71379
440764.9 4928880.8 71382
439464.4 4928883.7 71440
471516.3 4929546.9 71386
472959 4930001.8 71280
480041.6 4929754.3 71394
495739.6 4929867.2 71403
500226.4 4930422.8 71404
486128.5 4930313 71411
497580.3 4930570.4 71412
501713.1 4930230.1 71416
505809.4 4930629.4 71417
486379.7 4929639 71424
512878.8 4930137.8 71425
517528.1 4930328 71426
539350.7 4930288.4 71428
538761.6 4930807.6 71427
489930.2 4930324.5 71434
516120.2 4930528 71435
516441.6 4930408.2 71436
474484.1 4929113.5 71443
508134.7 4930265.6 71444
511645 4928843.4 71445
468827.5 4930189.3 71460
492988.8 4929957.8 71466
506311.3 4929969.3 71467
493502.4 4930076.3 71475
508757.2 4930608.5 71476
517827.7 4931483.5 71477
458183.4 4928456.6 71485
468215.6 4929254.9 71486
500287.1 4930087.6 71487
439031.7 4929161.5 71499
510318.6 4930307.4 71501
514699 4930487.1 71502
518656.9 4930488.3 71503
471247.1 4930010.8 71507
504791.8 4930220.3 71508
531913.8 4930836.2 71509
438880.1 4929351.2 71522
469461.2 4929617.7 71527
468942 4929579.7 71528
496440.1 4929990.9 71529
519954.8 4930592.4 71530
522183 4929717.4 71531
531075.2 4930312.2 71532
503352.4 4930743.7 71534
493914.1 4929970.7 71539
494829.5 4929680.4 71540
508860.4 4930191.5 71541
521686.5 4929398.2 71542
497329.3 4929893.9 71551
498662.1 4930336.9 71552
503161.6 4929696.3 71563
501329.9 4929557.8 71570
500511 4929850.3 71592
518177.9 4929707.1 71593
519397.2 4930347 71594
529849.3 4930180 71595
531970.2 4930359.8 71600
492476.9 4929776.8 71608
519323.9 4930091.5 71617
483924.9 4930062.1 71632
487975.6 4929856.8 71639
487983 4929180.4 71640
461679.7 4928372.8 71646
470409.8 4929470.1 71647
530341.4 4929293 71648
485276.2 4930196.2 71651
490627.9 4929888.1 71663
490390.9 4929443 71664
520309.2 4930098.3 71665
537261.2 4929914.9 71666
439120 4927684.9 71676
463595.8 4928257.4 71691
491875.8 4928973.3 71701
499102.4 4929778.9 71711
510090.3 4929783.2 71712
509210.5 4929435 71713
519746.1 4929784.1 71721
476048.4 4928434.3 71724
476609.7 4928736.2 71725
481666.2 4929070.1 71726
516617.1 4930199.4 71727
454017.3 4928502.7 71732
469214.6 4928935 71733
492674.9 4928570.1 71734
493172.7 4928346.2 71735
533545.6 4928863.1 71736
439089.3 4928616.2 71742
480240 4929225.8 71745
484400.3 4928851.4 71700
514886.8 4929309.1 71747
515850.4 4929018.8 71748
514569.8 4929423 71754
516495.3 4929334.7 71755
484760.7 4929061.8 71764
486002.7 4929069.7 71765
494055.6 4929590.8 71766
466674 4929043 71777
479541.4 4929764.4 71778
498499.3 4929052.6 71780
508439.5 4929589.4 71781
507562.6 4929270.9 71782
516675.2 4929603.4 71783
518636.1 4929305.3 71784
519372.9 4929704.1 71785
538985.2 4930534.2 71786
537849.9 4929702.4 71787
442595.8 4928254.8 71797
444736.4 4928090.2 71798
497391.2 4929440.6 71799
499850.1 4929292.2 71800
528273.2 4930218.6 71801
492501 4929406.7 71809
531167.9 4929698.9 71810
531964.8 4929943.6 71811
469631 4928636.7 71821
471593.2 4928987.8 71822
527422.4 4929424.5 71823
527545.9 4928197.6 72186
526574.9 4928675 71824
453545 4928278.5 71837
506942.5 4928988.9 71838
499052.1 4928847.3 71846
455272.9 4927936.2 71854
500759.2 4928825.9 71855
504219.7 4929569.8 71856
506012.3 4929038 71857
512647 4930198.1 71864
517350.9 4929167 71865
500301.6 4928603.2 71873
521143.6 4928801.5 71874
457352.2 4928971.9 71881
531282.9 4929056.3 71882
439875.2 4928860.3 71891
495878.5 4929162.4 71892
511020.2 4928796.7 71893
536380.8 4929670.2 71894
535372.1 4929566.2 71903
503654.1 4929320.7 71912
505153.3 4929201 71913
493822.5 4927370.2 71922
534561.9 4928822 71923
477430 4928673.9 71928
502315.4 4929293 71929
520613.5 4928533.3 71930
453199.4 4928038 71937
478476.3 4928425.8 71938
531878.2 4928864.3 71939
533380.4 4927228.7 71940
539214.2 4929085.3 71941
496133.4 4928704.2 71946
497352.7 4928955.9 71947
504632.7 4928711.1 71948
519447 4927978.2 71956
528953.6 4929314.5 71957
527636.4 4929828.7 71902
537984.7 4929323.4 71958
439163.3 4928220.1 71961
489389.6 4928952.2 71963
504194.5 4928996.9 71964
490401 4928595.5 71967
491011.7 4928625.8 71968
512849.4 4928305.3 71969
486021.3 4928539.2 71980
489669 4928452.4 71981
503103.3 4929115.7 71982
509331.8 4928898.7 71983
510232.6 4928308.8 71984
532641.8 4929027.6 71990
440430.3 4927838.2 71992
468056.1 4928006 71994
529507.3 4928501.4 72004
507801.8 4929012.1 72012
508641.1 4928021.4 72013
479077.1 4927953.2 72019
484708.8 4928386.1 72020
503927.7 4928889.4 72021
487313.1 4928170.4 72030
487696.5 4928106.3 72031
495109.5 4928669.1 72032
466722 4928259.5 72040
487202.9 4928582 72041
466546.5 4927886.3 72053
502177.9 4928387.1 72055
456808 4927923.1 72058
503064.3 4928683.9 72059
502686.8 4927972.1 72060
468776.6 4928050.3 72080
504060.1 4928381.8 72081
526019.2 4927971.9 72082
536069.1 4929257.4 72083
536257.5 4928717.9 72084
439438.5 4927969.8 72087
501505 4928472.5 72088
473102.7 4926288.3 72098
471167.9 4928124.8 72105
488456.8 4928503.8 72106
537375.9 4928980.8 72107
470049.9 4927311.9 72117
500103.5 4929107.1 72118
499413.2 4928310.5 72119
524604.9 4927694.4 72120
443568.7 4927243.6 72129
486803.3 4928489.1 72130
516614.3 4928837 72131
534971.8 4928730 72141
535293.2 4927906.3 72142
469470.7 4928050.2 72151
477033.7 4928256.8 72152
477501.6 4928046.5 72153
518531.2 4927241.7 72154
485954.4 4928133.3 72176
505829.8 4928384.6 72177
452901 4927606.1 72183
462910.3 4927746.6 72185
465797.6 4928145.3 72191
488310.1 4927483.3 72192
497651.1 4928133.5 72193
505110.7 4927528.1 72194
496446.3 4927988.6 72203
514981.5 4928790.7 72204
527973.1 4928540.3 72209
528351.2 4928405.9 72210
465947.4 4927470.4 72220
513847.2 4927435.4 72221
513139.7 4925646.8 73061
515381.4 4927880 72222
441221.3 4927683 72230
486401.8 4927854.4 72232
490163.4 4928177 72233
491015.3 4927919.4 72234
490232.2 4927869.8 72235
507746.4 4927759.7 72236
480491.4 4927458 72252
497379.3 4928101.1 72253
460774.1 4927654.3 72259
506884.7 4927921.8 72260
506979.1 4928332 72261
453567.8 4927478.8 72266
474713.3 4928332.4 72267
477240.6 4927598 72268
536881.9 4928822.8 72269
442271.7 4927453.4 72277
444780.1 4927253.6 72278
517439.7 4928401.1 72279
516741.3 4927734.3 72280
457810.5 4927558.5 72290
476619.6 4927557.7 72291
476981.9 4927220.8 72292
538676.8 4928192 72293
523141.1 4927216.9 72299
523939.7 4927421.5 72300
442946.3 4926524.4 72309
468574.7 4927402.2 72310
474705.1 4927727 72311
452751.2 4927240.6 72318
463544.2 4927432.8 72319
484827.1 4928065.9 72320
485145.9 4927742.3 72321
492051.9 4927857.8 72322
518829.9 4927630.1 72323
464045.3 4927249.5 72331
469669 4927741.2 72338
474929.8 4927640.1 72339
475719 4927410.4 72340
484100.8 4928544.1 72348
510813.1 4927999.1 72350
533270 4928731.7 72351
522509 4927769.5 72364
458993.7 4927396.7 72368
464286.6 4927428.5 72369
464872.4 4927497.5 72370
472659.7 4925869 72371
472003.6 4925665.7 72372
488942.7 4927271.9 72373
491416.9 4927534.8 72374
536435.4 4927817.4 72375
538022.3 4928029.1 72376
536944.8 4927944.9 72377
539034.6 4928449.8 72378
457534.1 4927232.4 72384
498010.9 4927929.6 72385
499326.7 4927635.5 72386
503793.9 4927986.9 72387
441457.9 4927070.6 72403
455733.3 4927383.7 72405
461641.4 4927596 72406
465727.4 4926280.1 72407
484993.6 4927507.3 72408
485921.8 4927796.9 72409
531757.2 4927502.4 72410
531327.3 4927312.3 72411
445524.6 4926563.5 72417
456824.7 4927133.1 72418
461433.7 4927296.3 72419
460544.5 4926318.4 72420
501759.4 4927676 72421
501054.7 4927465.8 72422
440330.9 4926116 72436
455544.9 4926791.8 72437
456498.3 4926614.2 72438
461158.1 4927018 72449
459159.6 4926993.3 72459
467236.3 4926639.5 72460
454896.1 4926845.7 72468
458060.8 4927010 72469
458738.1 4927044.1 72470
474080.1 4927550.5 72471
496754.8 4927401.2 72472
506398.6 4927758.4 72474
505538.5 4927764.8 72473
511233.9 4927700.7 72475
438593.7 4926573.8 72482
474151.8 4927246.2 72485
474834.2 4927175.7 72486
489613.7 4927609.8 72487
498990.2 4927291.2 72488
502203.3 4927736.4 72489
464886.7 4925601.5 72497
500422.3 4927134.8 72498
532861.4 4927323.1 72499
459181 4926718.3 72507
460699.9 4927114.4 72508
490226.9 4926535 72513
462833.9 4927278 72522
487055.4 4927395.6 72523
490444.1 4927428 72524
486200.3 4926470.1 72526
529851.4 4926942.4 72527
534291.4 4927083.4 72528
453248.1 4926688.7 72533
454131.3 4926968.6 72534
529410.1 4927065.6 72535
459459 4926582.4 72551
459818.9 4926584.2 72552
463623.7 4927164.2 72553
439823.5 4926645.6 72560
460540.5 4926690.6 72561
462588.9 4926052.2 72562
483776.4 4927017.3 72568
484767.3 4926908.8 72569
486789.8 4926498 72570
460020.4 4926609 72575
460219 4926571.6 72576
535637.5 4927207.1 72582
452264.6 4926378 72586
463947 4926640 72587
464474.7 4926816.9 72588
469665.3 4926089.9 72589
475168.3 4926444.6 72590
474602.2 4924752.6 73282
484750.6 4927245.6 72591
485713.1 4926176.7 72592
517414.8 4927606.6 72593
465714.6 4927024.4 72603
469318.9 4925833.6 72604
468533.7 4925747.9 72605
453892.9 4926293.6 72627
457401.4 4926654.1 72628
491780.4 4926855.9 72629
510880.5 4927661.7 72630
458262.5 4926255.4 72635
466165.7 4926706.8 72636
466489.3 4926755.7 72637
473963.2 4926538.5 72638
444744.1 4925947.6 72649
476013.7 4926318.6 72650
480195.1 4926596.9 72651
490804.2 4927054.7 72652
507318.5 4927251 72654
506887.6 4927089.6 72655
506796.8 4926180.7 72883
504634.2 4926944.1 72665
510635.3 4927189.1 72666
492582.4 4926637 72673
503453.4 4927187.5 72674
503836.8 4926691.9 72675
506134.7 4926949.1 72698
506455.9 4926815.8 72699
522116.9 4927248.8 72711
528143.5 4927625.3 72712
454407.8 4926215.8 72721
487474.6 4926802.4 72722
501890 4927017 72723
512397.8 4926910 72724
513455.3 4927586.9 72312
494857.4 4927033.9 72733
494614.7 4927617.5 72653
494194.5 4926186.7 72734
520180.8 4928139 72735
446352.1 4925895.1 72741
502698.3 4926968.5 72742
503161.2 4926112.3 72743
509073.9 4926659.1 72744
520572.4 4927131.2 72745
538191.3 4927463.4 72746
508102.4 4926629.9 72757
508440.8 4926608.3 72758
521783.7 4926920.5 72759
528367.9 4926860.6 72763
476788.3 4926743.7 72772
512536.4 4927222.4 72773
535760.5 4925858 72774
538411 4926600.7 72775
455254.7 4926257 72783
483726.5 4926271.6 72784
453530 4926472.7 72791
483934.5 4926604.1 72792
491515.4 4926498.9 72793
495124.4 4926080.4 72794
498349.2 4926167.9 72795
466526.1 4926380.9 72802
477058.8 4925955.5 72803
501196.8 4926973 72804
501254.8 4926577.1 72805
438966.9 4925789.3 72815
452590.2 4925281.9 72816
496344.9 4926386.8 72817
453574.7 4925606.6 72821
464294.3 4926141.5 72822
498765.3 4927074.3 72823
536343.4 4926115.9 72824
454025.7 4925594.8 72835
455409.4 4925848.1 72836
456514.8 4924788.7 72837
497081.2 4926460.7 72838
521012.7 4926162.3 72839
491140.3 4926148 72850
515762.4 4926917.5 72854
438168.9 4925761.3 72858
438851.9 4925538.8 72859
476223.2 4925914 72860
476702.6 4925872.7 72861
494767.1 4926768.6 72862
516536.6 4926175.8 72863
517859.9 4925743.1 72864
503504.2 4926835.4 72882
513846.8 4926348.6 72884
507194.1 4926284.8 72891
507645.5 4926577.6 72892
510182.6 4926816.4 72893
456350.3 4925758.2 72900
463701.9 4926004.3 72901
514476.6 4925287.1 72902
515836.4 4926474.8 72903
526281.3 4926478.6 72904
527403.8 4926962.3 72905
445181.9 4926032.8 72909
455112.1 4925722.6 72923
501916.8 4926474.8 72924
451851.9 4925951.3 72929
485530.4 4925418.7 72930
484689.6 4925794.5 72931
466274.5 4925629.1 72938
511946.7 4926654.5 72939
442462.9 4926038.6 72949
505044.9 4926400.8 72950
505721.4 4926221.2 72951
518237.2 4926267.4 72952
522554.3 4926300.6 72953
441232.9 4924836.6 72959
444101.9 4925723.9 72965
520285.2 4926842.6 72966
437006.4 4925318.9 72976
438423.8 4925332.4 72977
443848.5 4925518.4 72978
446474.9 4925406.5 72979
489946.3 4925920.4 72980
488533.5 4926065.4 72981
487895.6 4926378.5 72986
510794.3 4926443.9 72987
442501.3 4925667.3 72996
480782 4925110.5 72997
509857.3 4926498.1 72998
510433.9 4926257.7 72999
447684.8 4925596.2 73011
480533.3 4925276.1 73012
504361.2 4926797 73013
511799.4 4926282.7 73014
481886.8 4925901.8 73024
487820.9 4926033.3 73025
448311.9 4925624.7 73032
481414.3 4925487.1 73033
481620.2 4925806.9 73034
487480.8 4925629.5 73035
504669.9 4925830 73036
444592.9 4925579.6 73043
463502 4924875.5 73060
470744.3 4925164 73066
482953.6 4925797 73067
501007 4926215.1 73068
488789.3 4925753.1 73079
445649.9 4925060.1 73090
477964.1 4925635.9 73091
478672 4925390.6 73092
491469.1 4926223 73093
491789.1 4925045 73094
520525.6 4925649 73095
444217.9 4925258.3 73100
532272.7 4926979.6 73101
445181.8 4925204 73106
489889.7 4925574.7 73108
496322.7 4925911.8 73109
499685.9 4925832.6 73110
501912.6 4925723.7 73111
528226.7 4926066.8 73112
447621.6 4925347.1 73119
454947.9 4925530.6 73120
492369.3 4925149.9 73121
442755.7 4925395.1 73134
442862.8 4925145.2 73135
501083.9 4925890 73136
509668.6 4925792.6 73137
515276.8 4925867.1 73138
526897.7 4925672.5 73139
526867.4 4924650.4 73712
466107.4 4924794.3 73145
466752.9 4924382.5 73146
479080.6 4925286.9 73147
480004 4925313.1 73148
521438.3 4926238.5 73149
522120.4 4925753.2 73150
440829.3 4924147.6 73167
448160.6 4925191.6 73168
457868.3 4925165.4 73169
463893.2 4925087.4 73170
467692.3 4924464.8 73171
458671.4 4925146.2 73175
458955.2 4925248.9 73176
495433.8 4925859.6 73177
462342.2 4925230.2 73189
476114.4 4924686.3 73190
511605.1 4926035 73200
510793.2 4925975.7 73201
454902.6 4925163.9 73206
455570.1 4925400.1 73207
511601.4 4924055.2 73219
446440.2 4924822.8 73236
482730.3 4924858.5 73237
488193.2 4925560.2 73238
505861.8 4925918.7 73239
507534.3 4926370.2 73240
507577 4925110.4 73241
454422.6 4924792.3 73250
506076.3 4925606.8 73251
508644.8 4925195.7 73252
447459.6 4924885.8 73262
444797.1 4924602.4 73271
445137.8 4924877 73272
445119.5 4924553.3 73273
455456.4 4925059.8 73274
510144 4925375.3 73275
510953.1 4925565.1 73276
438189.9 4924891.1 73280
443850.7 4924998.7 73281
500720.5 4925484.2 73283
530285.8 4924610.8 73284
474993.3 4924949.1 73296
443664.4 4924744.9 73303
495417.4 4925470.9 73304
519933.7 4925634.8 73305
442982.6 4924287.3 73310
460963.8 4925378.4 73311
447731.5 4924544.6 73324
453331.4 4925431.5 73325
489101.1 4925431.8 73326
499718.7 4924014.6 73346
451137.1 4924241.8 73355
481743.1 4924803.9 73356
486628.2 4925125.3 73357
436553.9 4924870.5 73367
437267.3 4924227.8 73368
454094.4 4924815 73369
478150.6 4924496.2 73370
491227.6 4925006.9 73371
523680.7 4925929.5 73372
532033.7 4925407.5 73373
453753.4 4924647.1 73382
458654.7 4924421.4 73383
490864.7 4924902.2 73384
525249.5 4925618.9 73385
487371.5 4924879.2 73392
488407.3 4925288.7 73393
511066.1 4924649.2 73394
455451.4 4924733.6 73402
459358.4 4924211.3 73403
460095.7 4924472.4 73404
462038.3 4924899.9 73405
493191.4 4925242.3 73406
505229.1 4925508.9 73407
448213.4 4924421.4 73418
484441.2 4925389.5 73420
497505.5 4924821.9 73421
501097 4924964.4 73422
505881.6 4925131.7 73423
454810.1 4924860.2 73426
495503.9 4925123.8 73427
496726.1 4925101.3 73428
445852.1 4924618.1 73439
445577.5 4924474.1 73440
484677.8 4925014.5 73441
494363 4925274.5 73442
525002 4925081.3 73443
498322.4 4925132 73452
501945.9 4924592.7 73453
503878.8 4924967.6 73454
482983.3 4924414 73459
501536.7 4925107.8 73460
523812.3 4924922.3 73461
437716.5 4924182.3 73469
438119.9 4924309.2 73470
488545.5 4924987.7 73471
494222.1 4925020.7 73472
513500.5 4925871.5 73473
522469.3 4924973.4 73474
532403.8 4923481.9 73475
444654 4924279.4 73489
450349.9 4923991.2 73490
450611.6 4923922.5 73491
501871 4925192.4 73492
438381.9 4924234.5 73499
461250.7 4924624.4 73500
486952 4925020.5 73501
519736.2 4925104.2 73502
490040.3 4924960 73511
443786.2 4924399.2 73523
446687.4 4924681.1 73524
451622.4 4924582.3 73525
479804.1 4924619.8 73526
504375 4924964.3 73527
505120.7 4924645.7 73528
513974.9 4924341.3 73529
436809.3 4924259.9 73534
454925.5 4924340 73536
437466.8 4923460.9 73542
501956 4923687.4 73543
523382.9 4925263.8 73544
438732.6 4924032.1 73550
470354 4924147.5 73551
516056.8 4925570.9 73552
451693 4924381.2 73558
453295.5 4924103.6 73559
499071.4 4924484.6 73560
516627.2 4924730.3 73561
446538.3 4924045.2 73572
446727.6 4924290.4 73573
505869.3 4924810.1 73574
531387.1 4924927.9 73575
533515.9 4925120.6 73576
469181.7 4923908.8 73583
506218.5 4925212.5 73584
445706.1 4923712.3 73593
527657.4 4925602.9 73594
529781 4925031.6 73277
484465 4923212.5 73606
488727.2 4924573.7 73607
489801.8 4924389.2 73608
500656.1 4924720.4 73609
454468.3 4924248.2 73612
495612.3 4924764 73613
516119.3 4925187 73614
468233.8 4924820.2 73622
481190.6 4924845.8 73623
463539.6 4923886.8 73633
479367.7 4924091.7 73640
485514 4924635.2 73641
484832.8 4923770.9 73642
494600.3 4924378.1 73643
443784.8 4924012.7 73647
445479.2 4923737.1 73648
494104.7 4923560.4 73649
537690.9 4926060.7 73650
464169.2 4924603.6 73660
492826.9 4924641.1 73661
451850.3 4923995.4 73667
515022.6 4925303.5 73668
515759.4 4924745.2 73669
534438.8 4923859.2 73670
444310.8 4923572.7 73675
449986.1 4923272.3 73677
460862.9 4924229.4 73678
462563.1 4923631.6 73679
444908.9 4923387.2 73692
509177.5 4924755.3 73693
527002.4 4924974.5 73694
525998.9 4924805.8 73706
438451.5 4924018.8 73710
447672.4 4924148 73711
447617.5 4923908.5 73717
485402.2 4922886.3 73718
487403 4924516.6 73719
486694.4 4923577.2 73843
507002.1 4923941.3 73720
438770.4 4923772.8 73728
488292.6 4923130.2 73738
448452.3 4923792.1 73745
491672.6 4924372.7 73746
491461.2 4923969 73747
512730.8 4923895.1 73748
513069.2 4922607.6 73749
517569.5 4924768.7 73750
528043.6 4925037.8 73751
436294.9 4923636.4 73773
440519.4 4923495.9 73775
454952.5 4923726 73776
462031.8 4922745.4 73777
521134 4924632.6 73786
457871.4 4923745.8 73793
496472.5 4924584.7 73797
455280.9 4923815.9 73804
487938.3 4922793.4 73805
495515.3 4924023 73806
496699.8 4924414.9 73807
442805.1 4924217.8 73809
446733.5 4923596.8 73810
448052.1 4923464.6 73811
447496.2 4923123.2 73812
451202.4 4923546.5 73813
480695.3 4923297.8 73814
490598.1 4924227.4 73815
490851.9 4923971.3 73816
496434.6 4923864.9 73817
517775.1 4924545.8 73818
519466.9 4924723.7 73819
477148.3 4924045.8 73825
493433 4924168.8 73826
519105.3 4924041.5 73827
440148.8 4923001.2 73840
474779.9 4923502 73841
473997.9 4924336.6 73824
487229.6 4923265.7 73842
492937.1 4923831.4 73844
497772.3 4923848.5 73845
438856.2 4923036.7 73852
443605.3 4923254.9 73853
446044.2 4923609 73854
451740.9 4923744.9 73855
452175.9 4922782.1 73856
527857.4 4923912 73857
449461.7 4923787 73868
535699.3 4923361.9 73869
443119.5 4923359.6 73879
457948.6 4923375.7 73880
503412.9 4924142.2 73881
509659.4 4923636.4 73882
449216.5 4923292.8 73891
456510.1 4923382.4 73892
458583.1 4923212 73893
458883.8 4922744.2 73894
460181.4 4923076 73895
459751.6 4922758.5 73897
478407.1 4923726 73898
531595.6 4924576.1 73899
533222.2 4924447.2 73900
446840.2 4922707.9 73906
481315.1 4923870.5 73907
488773.7 4922983 73908
454548.5 4923398.3 73917
500734 4924009.1 73918
524850.7 4924091.9 73919
477349.2 4923572.7 73927
525338.8 4923708.8 73928
526253 4923759.7 73929
456133.3 4923084.9 73936
454995.3 4922843.7 73937
464508.8 4922905.6 73938
480082.9 4923122.6 73939
519958.7 4924134.2 73940
531939.6 4924416.6 73941
489973.4 4924031.7 73955
522242.1 4924149 73956
515139 4923988.4 73963
517839.2 4924157.4 73964
482948.2 4923932.8 73973
465748.3 4921861.1 73980
508073.6 4924988.6 73981
508967.3 4924147.9 73982
453475.6 4923463.6 73988
492415.7 4923577.8 73989
465164.8 4921801.6 73996
490220.2 4923499.1 73997
523308.3 4923204.6 73998
523947.9 4923939.7 73999
450678.2 4923260.6 74008
504623.9 4923934.6 74009
506007.2 4923239.3 74010
445312.1 4923391.9 74015
469012.7 4923106.6 74016
467314.6 4922793 74017
474004.1 4923500.7 74018
512337.5 4923446.1 74019
517068.8 4923604 74020
446741 4923337.9 74030
453373.5 4923224.7 74031
453337 4922790.9 74032
507799.7 4923153.3 74033
523612.9 4923866.4 74034
453972.7 4922816.2 74042
442115.1 4923230.5 74051
470639.4 4923675.8 74052
482784.5 4923355.8 74053
446035.9 4923022.1 74060
530873.7 4924705.5 74061
442336.3 4922592.5 74067
443483.8 4922493.9 74068
493358.1 4923894 74069
446453.1 4922864.7 74073
471590.6 4922960 74074
481003.6 4922838.9 74075
504776.3 4923083.7 74076
520766.4 4923394.4 74077
531680.4 4923450.9 74078
531333.5 4923758.9 74079
521400.2 4923249.7 74082
471757.7 4922168.7 74093
491690.5 4923160.3 74094
508894.5 4923749.5 74095
448220.3 4922878.9 74106
449025.3 4922578.4 74107
476368.9 4923010.1 74108
477234.4 4922744.5 74109
481872.5 4923105.9 74110
482590.2 4921395.5 74111
450530.9 4922601.8 74126
444688.5 4922298.2 74132
457526.6 4922736.5 74138
494489.1 4923783.7 74139
445371 4922469.1 74146
445997.2 4922749 74147
449276.5 4922833.9 74148
478280.3 4923294.4 74149
500552.6 4923553.2 74161
502900.2 4922965.7 74171
493099.2 4923189.6 74176
479606.3 4922324.7 74185
483006.6 4922688.2 74186
501975.8 4922868.3 74187
519350.5 4923205.7 74188
437875 4922350 74197
530441.4 4923354.2 74221
439354.4 4922213.3 74227
440159.2 4921214.1 74229
440567.3 4922230.7 74228
452675.8 4922948.6 74230
532900 4924107.2 74237
479112.2 4922122.6 74244
489935.1 4923245.8 74245
497380.1 4923350.6 74253
504702.7 4923635.5 74254
496561.4 4922942.2 74263
515639.3 4923688.3 74264
447549.5 4922467.3 74269
452816.8 4922427.7 74270
492191.5 4923032.5 74271
495625.1 4922827.2 74272
469648.4 4922106.2 74282
503586.9 4922511.7 74283
448333.7 4922603.2 74290
475472.3 4922756.7 74291
490032 4922941.8 74292
515509.5 4922966.5 74293
514513.1 4922845.8 74294
522550.9 4923748.8 74295
537165.2 4924241.7 74296
457836.2 4922498.2 74303
458254.3 4922223.2 74304
493327.2 4922973.6 74305
500603 4922572.9 74306
449438.7 4922197.2 74311
449790.2 4922042.4 74312
509248.4 4922863.3 74313
509442.7 4921844.5 74715
527671.1 4923103 74314
536706.6 4922990.3 74315
439127.1 4921960.7 74324
533149.7 4923524.4 74325
462357.1 4923187.2 74333
522503 4923328.2 74334
526886.8 4922647.1 74335
453514.9 4922341.3 74345
521942 4923080.8 74346
447939.3 4922102.4 74358
475129 4922377.4 74359
497888.6 4922645.5 74360
478702.7 4921133.9 74363
519773.8 4923703.4 74364
491141 4922766.7 74377
511921 4923597.1 74378
481192.8 4922126.1 74386
482490.2 4922876.7 74387
510020.1 4923672 74388
437938.9 4922030.6 74394
451385.8 4922423.1 74395
454116.8 4921916.1 74396
455522.3 4921757.8 74397
485991.4 4922211.1 74398
512065.6 4922925.8 74399
523445 4923565.1 74400
446964.4 4922215.3 74406
456254.6 4921656.8 74407
468520 4921833.6 74408
470039.7 4921402.6 74409
448984.5 4921987.8 74415
498499.1 4922730.4 74416
437283.4 4922072.4 74431
497216.3 4922270.4 74432
533394 4922354.2 74433
442824 4921905.2 74445
522404.3 4922636.3 74446
524424.4 4923230.9 74447
531011.2 4923180.9 74448
454659.9 4922080.4 74456
492591.3 4922689.6 74457
510068.1 4922745.3 74458
522225.9 4923016.8 74459
493596.4 4922696.1 74471
525871 4923738.4 74472
526320 4922531.9 74473
438876.1 4921421 74479
450629.8 4921944 74480
457808.5 4921860.2 74481
524962.5 4922861.7 74482
437590 4921360.4 74491
437956.2 4921435.4 74492
484298.3 4922001.3 74493
491078.2 4922347.1 74494
444269.8 4921678.1 74502
489952.5 4922650.1 74503
506512.6 4923332.1 74504
519257.9 4922406.1 74505
447013.5 4921846 74511
457408.7 4921775.1 74512
499530.4 4922294.4 74513
511817.6 4922385.1 74514
444832.2 4921825.8 74530
445208 4921581 74531
453715.2 4921585.6 74532
452967.6 4921714.4 74533
507228.1 4922006.6 74534
446213.4 4921229.1 74537
445995.8 4921890.2 74538
456554 4921327 74539
482291.6 4922250.2 74540
493938.4 4922293.5 74541
494529.8 4921940.3 74542
495005 4922210.1 74543
492407.5 4922212.4 74550
496412.3 4922150.8 74551
496716.7 4922425.9 74552
524318.1 4922864.9 74553
506131.4 4922017.2 74561
449438.5 4921651.5 74565
491460.1 4922490.3 74566
491680.8 4922192.9 74567
525175.1 4922621.2 74568
451745.6 4921179.3 74578
461197.4 4921813 74585
512181.4 4922477.7 74586
518912.7 4922001 74587
529411.2 4922784.1 74588
490020.4 4922226.2 74596
493078 4922151.7 74597
521637.3 4922085.4 74598
481929.3 4920959.5 74604
517029.5 4920927.7 74605
530493.1 4922823 74606
448057.5 4921757 74616
448989 4921683.7 74617
466491.6 4921423.6 74618
516282.5 4922450.6 74619
530896.9 4922516.8 74620
458200.9 4921803.1 74630
448334 4921232.4 74638
461293 4921197.5 74639
486702.8 4920637.7 74640
487167.4 4920567.8 74641
487712.6 4921675.6 74642
490938.9 4921412.6 74643
502325.9 4922793.6 74644
511563.2 4922296.4 74652
442808.2 4921471 74656
454844.5 4921167.8 74657
475148.1 4921907 74658
480013.1 4921569.2 74659
508908.6 4922367.4 74660
449630.1 4921331.9 74667
450613.8 4921494.3 74668
483616.3 4921040.9 74669
524581.4 4922655.8 74670
452058.2 4921636.2 74679
452635.2 4921152.4 74680
473209.2 4920510.4 74681
496159.8 4921682 74687
523923.8 4922263.6 74688
497772.1 4922015.3 74701
499491 4921339.5 74702
501423.4 4922193.2 74703
531818.9 4921814.2 74704
444456.4 4921255.4 74713
447477.2 4920797.6 74714
448877.9 4921294.7 74726
457985.6 4921216.5 74727
467257 4920344.8 74728
468006.6 4920763.9 74729
473815.5 4921140 74730
476611.8 4921484.4 74731
443629.5 4921131 74741
444068.8 4921000.6 74742
459006.2 4921349.7 74743
477026.9 4921456.5 74744
477369.7 4921801.7 74745
483541 4921595.2 74746
510804.9 4921854.7 74747
452140 4921161.1 74752
452440.4 4920940.4 74753
453531.8 4921350 74754
502168.7 4922060.4 74755
524522.2 4921313.6 74756
529492.7 4922519.1 74757
453259.9 4921143.5 74763
453159.6 4920907.6 74764
491747.2 4921723.1 74765
505059.7 4921478.1 74766
524072.8 4921816.2 74767
530063.4 4922031.2 74768
446083.3 4919684 74777
482140.5 4922033.3 74778
445776.3 4920658.1 74785
486217 4921307.6 74786
526814.5 4921235.9 74787
448065.5 4921470.8 74795
454275.4 4921333.9 74796
457393.4 4921337.9 74797
525287 4921909.2 74798
448037.4 4920932.3 74805
520786.8 4921762.9 74806
489939.5 4921620.3 74811
515274.9 4920857 74812
535494.1 4921982.5 74813
493170 4921618.2 74824
494763.4 4921489.9 74825
495503.3 4921141.1 74826
503445.6 4921600.7 74827
514489.6 4921282.6 74828
442587.9 4920968.8 74834
522663.2 4922081.9 74835
520339.8 4921960.6 74840
474421.3 4921609.6 74849
502075.3 4921454.5 74850
484533 4922066.4 74857
527300.7 4922691.5 74858
528076.8 4921691.7 74859
528407.5 4922093 74860
442377.7 4920592.8 74869
450773.4 4920664.5 74870
484975.3 4921071.5 74871
485196.2 4921431.1 74872
464788.8 4922350.4 74878
476727.7 4920952.4 74879
490535.7 4921404.5 74880
500951.6 4921878.8 74881
448904.8 4920858.9 74891
449014.9 4920253.2 74892
458736.3 4921290.9 74904
480616.3 4921261.3 74905
507939.8 4921439.6 74906
441952.4 4919840.3 74913
453676.5 4920220.9 74916
453794.3 4920941.2 74922
474480.9 4921212.8 74923
475788.4 4921239.4 74924
477881.3 4921292.8 74925
500648.7 4920789.9 74926
511857.1 4921545.9 74927
483926.9 4920794.2 74935
517614.1 4921666.7 74936
489714.9 4921129.4 74944
445274.7 4919522.3 74951
522922.4 4921582.4 74952
456929.3 4920448.7 74955
531127.1 4920907.3 74956
458463.3 4920861.7 74965
488687.5 4920568.8 74966
498180.6 4921587 74967
472831.8 4920954.4 74975
497328.3 4921372.1 74976
496626.4 4921886.5 74945
450156.9 4920238.9 74986
495932.1 4920784.9 74987
509918.9 4921222.8 74988
515989.5 4921715.8 74989
459451 4920942.6 74997
459200.2 4920628.3 74998
488256.4 4920357.2 74999
501178.3 4920681.2 75000
487319.4 4920987.6 75009
494312.8 4921051.5 75010
440995.1 4919926 75017
471497.9 4921133.9 75018
479717.9 4920275.7 75019
491697.3 4921299.6 75020
472245.4 4920155.1 75024
482961.3 4920832.8 75025
483116.3 4920701 75026
454200.4 4919754.5 75033
455919.7 4920673.9 75034
486051.7 4921559.3 75035
517939.5 4921053.7 75036
440512.4 4919939 75041
459566.7 4920727.9 75047
509203.3 4921360.1 75048
458151.3 4920570.5 75056
522440.6 4921238.3 75057
477551.2 4920979.6 75063
478580.5 4920225.8 75064
529248.2 4921509.1 75065
528774.8 4921435.3 75066
480194.1 4920736.8 75075
485871.1 4920839.6 75076
489435.7 4920589.3 75077
498055.4 4920753.2 75078
496657.1 4920915.8 75089
452344.1 4920356.1 75103
452968.9 4920413.7 75104
521915.6 4920772.4 75105
490609 4920804.5 75112
497570.5 4920893.2 75113
520913.7 4920470.1 75114
521569.2 4920491.2 75115
474185.3 4920524.6 75118
474759.8 4920712.1 75119
495163.3 4920790.8 75120
520163.7 4920996.6 75121
452168.6 4920157.4 75130
487390.6 4920484.3 75131
487921.4 4920306.4 75132
437535.3 4917960.1 75138
439604.3 4919733.1 75139
460156.1 4920283.5 75140
476650.1 4920484.9 75141
491416.2 4920774.6 75142
491844.2 4920750.3 75143
518606.4 4919601.4 75144
525154.2 4921078.9 75145
530168.3 4920444.8 75146
454830.2 4919540.1 75152
466294.4 4920865 75153
493264.9 4921013.9 75155
443736.4 4920124.9 75166
484941.5 4920156.4 75167
525467.8 4920882.4 75168
534254.7 4921348.8 75169
446462.4 4919944.9 75177
447078.7 4920018.7 75178
458880.4 4920294.8 75179
477147.6 4920329.5 75180
507746.1 4920567 75181
535442.4 4921019.4 75182
471182 4920141.4 75191
470877.7 4920312.4 75154
506481.3 4921046.1 75192
506775.2 4920798.2 75193
453144.7 4920237.1 75199
455994.5 4919296.8 75200
456057 4917873.4 76011
485529.2 4919947.5 75201
535279.9 4921393.8 75202
474812.1 4918856.5 75218
475724.8 4919999.9 75219
481293.4 4920209.9 75220
510536.6 4921214.4 75221
511632.4 4921060.5 75222
442319 4920037.2 75229
486043 4920048.2 75230
492133.1 4920470.3 75231
492853.1 4920413.5 75232
509130.7 4921008 75233
457606.2 4920035 75242
458179 4919697.9 75243
469895.6 4920205.9 75244
519452.4 4921006.3 75245
490669 4920099 75251
458454.2 4919792.9 75258
480551.6 4920008.3 75259
481057.4 4919986.9 75260
495057.3 4920508.9 75261
468954.9 4920054.9 75272
523323.7 4921319.6 75273
443878.5 4919098.1 75277
509674.9 4920577.5 75278
511581.3 4920607.4 75279
509855.1 4919783.3 75280
522512.4 4919741.7 75281
528892.2 4919461.9 75282
493612.2 4919561.3 75291
501902.8 4920662.4 75292
503110.7 4920767.8 75293
504417.4 4920324.9 75294
533095.5 4921178.1 75295
443348.2 4919652.9 75304
481494.1 4920002.8 75305
480106.6 4920240.8 75316
474222.1 4920032.3 75320
447397.5 4919855.7 75327
447862.7 4919480 75328
452959.3 4919968.2 75329
505259.5 4920506.6 75330
533921.9 4920343.6 75331
495166.6 4920180.5 75343
451559.5 4920017.5 75347
465043.4 4919778.7 75348
489775.9 4919899.6 75349
493091 4920626 75350
506574.1 4919624.5 75351
465411.7 4918656.1 75364
451824.5 4919675.9 75371
484608.6 4919948.8 75372
507251.1 4919795.2 75380
452364.8 4919280.9 75384
491421.6 4919954.7 75385
498262.6 4920308.9 75386
450861.5 4919123 75398
466001.6 4918515.7 75399
486635.8 4919723.5 75400
499508.7 4920187.5 75401
513557.8 4920719.2 75402
444919.1 4918770.9 75410
451631.8 4918981.6 75411
461624.8 4919770.3 75412
484157.8 4919970.2 75413
496413.2 4919939 75424
522111.9 4920230.5 75425
478160.7 4919785.9 75429
483102.5 4920234.2 75430
456924.3 4918797.7 75436
457354.4 4919521.8 75437
464846.2 4919326.1 75438
476986.3 4919358.5 75439
517651.6 4921087.8 75440
447154.6 4919288.2 75447
492441.1 4920079.1 75448
457842.3 4919572.4 75454
469484.3 4919657.6 75455
468066.3 4918143.5 75460
511749.1 4920151.9 75461
519471.9 4920571.2 75462
520061.9 4919725.4 75463
496768.5 4919576.4 75470
463732.2 4918307.6 75482
440406.3 4918756.6 75490
463196.1 4919519.3 75491
532030.6 4920369 75492
531582.1 4920917.4 75471
544261.5 4920320.4 75493
543812.8 4919114.5 75866
448721.7 4919152.6 75502
449479.3 4919618.2 75501
450438.7 4919368.6 75503
470001.8 4919698.2 75504
510720.3 4919765.1 75506
517420.1 4919468.1 75507
518154.3 4919545.2 75508
524743.1 4920720 75509
512596.1 4920012.4 75520
483925.4 4919643.6 75525
488977.9 4920506.2 75526
489041 4919417.7 75527
494265.6 4919843.6 75528
471859.2 4918757 75537
532253.8 4920112.1 75538
466580.2 4918474.8 75543
468760.9 4917922 75544
483074.2 4919522 75545
488698.6 4919617.6 75546
526391.3 4919206.1 75547
471092.4 4918559.6 75552
525425 4919079 75553
473477.1 4919441 75562
487700.1 4920402.5 75563
443450.3 4919196.8 75565
482586.5 4919482 75566
499935.9 4919302.6 75567
501561.1 4919619.1 75568
502663.7 4919731.2 75569
463221.9 4918304.3 75576
492282.9 4919705.5 75577
500249.7 4919228.6 75578
500571 4919237 75579
500900.5 4919432.9 75580
441730.2 4919066.1 75583
470197.1 4919325.7 75584
498924.4 4919708 75585
498452.4 4919821.4 75505
513775.2 4919761.4 75586
469196.4 4919206 75591
482865.2 4919400.9 75592
483645.7 4919497.5 75593
483344.9 4919446.1 75594
487702.4 4919499.4 75603
487965 4919511.3 75604
508477.5 4919913.8 75605
452952.9 4918789.8 75611
457971.3 4918999.4 75612
462311.4 4919487.2 75613
461919.7 4918748.5 75614
462688.9 4918967.9 75615
481804.1 4919965.9 75616
512841.2 4919785.8 75617
547606.6 4919024.2 75618
469467.7 4919027.5 75638
469975.5 4918958.2 75639
484392 4919360.5 75640
495284.5 4919665.1 75641
459503.2 4918819.2 75646
481736.6 4919409.7 75647
486245 4919772.2 75648
450039.6 4918674.6 75651
450399.7 4918437.1 75652
458481.3 4918963.2 75653
460288.2 4918732.7 75654
548177.9 4918876.8 75656
524835.3 4919349.8 75663
545300.4 4920007.7 75664
486280.2 4919315.2 75669
523497.8 4919765.9 75670
503814 4919912 75675
506060.6 4918817 75676
504525.7 4919192.2 75677
448335.6 4918494.5 75684
491670.9 4919271.7 75685
442636.1 4918644.9 75689
476884.7 4918938.1 75690
480755 4919606.5 75691
508456.9 4919544.5 75692
446732.9 4917961.7 75695
489266 4918694.1 75696
492893.2 4918648.6 75697
449485.6 4918682.9 75708
473491.2 4917822.8 75709
475553.7 4918738.7 75710
463101.1 4918877.7 75717
478116.6 4919406.2 75718
485317 4919369.2 75719
489664.3 4918966.2 75720
490595.1 4919155.5 75721
489667.4 4918362.4 75722
494078.7 4918556.8 75723
499069.6 4919448.5 75730
503893 4919352.6 75731
511160.7 4919112.9 75732
512037.5 4919847 75733
511596.3 4918616.3 75734
497617 4919124.2 75738
531472.6 4919681.4 75739
495561.1 4918664.5 75758
532104.6 4919628.6 75759
486858.7 4919768.4 75765
488126.8 4919196.3 75766
493755.3 4918990.7 75767
464776.6 4918817.5 75776
472769 4918328.5 75777
477876.2 4918806.8 75778
513717.9 4918989.2 75779
515924.3 4919550.2 75780
496252.8 4919096.3 75783
502222.3 4919176.7 75784
513107.3 4919230 75785
512593.8 4919071.9 75786
512830.5 4917678.8 76188
460213.1 4918437.5 75795
461646.9 4918868.4 75796
473202.9 4918049.7 75797
492593 4918580.3 75798
450849.9 4917987.5 75815
452711.2 4918495 75816
452060.3 4918163.6 75817
459420.7 4919036.9 75818
497234.7 4919004 75819
547144.9 4918227.6 75821
451196 4917803.2 75828
453526 4918334.9 75829
533394.6 4919319.3 75830
453959.6 4917887.9 75835
454866.5 4917119.3 75836
454943.6 4918429.2 75837
469376.9 4918070 75838
521178 4919476.5 75846
509725.3 4918653.1 75862
510620.1 4919387.5 75863
462458.2 4918533.3 75864
476326.1 4918517.6 75865
544652.6 4919647.2 75867
462736.8 4918373.6 75870
488662.9 4918792.4 75871
496862.1 4918604.5 75872
514807.8 4919300.4 75873
439429.8 4917879.1 75880
439784.8 4916775.3 76311
497899.6 4918846.6 75881
499042.4 4919018.5 75882
457915.3 4918583.5 75888
449278.3 4917954.2 75900
492035.4 4918151.3 75901
491399.5 4918747.6 75902
469828 4916837.2 75908
470344.4 4918423.2 75909
478250.1 4918784.8 75910
443132.2 4918354.6 75919
503926 4919030.3 75920
507874.3 4918674.6 75926
508609.2 4919260.6 75927
451605.1 4917146.2 75934
494651.3 4918484.6 75935
496167.6 4918465.2 75936
527248.8 4919314.6 75942
449835.1 4917919.9 75946
443648.1 4917866.1 75957
541556.9 4919043.2 75959
513930 4918546.8 75965
437635.4 4916704.6 75971
442780.1 4917910.5 75972
522832 4917666.7 75973
531183.1 4919129 75974
458533.3 4917038.9 75979
459719.1 4916764.9 75980
465141.4 4917588.8 75981
477649.3 4918317.5 75982
515156.1 4918433.7 75983
514511.9 4918345.9 75984
522505.2 4918641.2 75985
546735.1 4918282.2 75986
461289.2 4918104.3 75993
540629.5 4918569.8 75994
542547.4 4919062.8 75995
519805.7 4918219.2 76000
520560.5 4917809.7 76001
548769.3 4918274.2 76002
490001.6 4918202.2 76012
502368.2 4918674.5 76013
504229.4 4918671 76014
504887 4918567.4 76015
508460.9 4918527 76016
450222.8 4917558.2 76023
544505.2 4918257.2 76025
445584.3 4917366.6 76029
500931 4918383.7 76030
545004.4 4918040.4 76031
545739.3 4918299 76032
507576.8 4918472.4 76038
531355.7 4918829 76039
544579.8 4919294.5 76040
458241.8 4916875.8 76048
490369.3 4918169.9 76049
491090.9 4918163.6 76050
475885.1 4918383.2 76058
491649.3 4918195.4 76059
498905.9 4917159.1 76060
527462.6 4918213.1 76061
441391.2 4917620.4 76075
439507.2 4918448.2 75804
442109.4 4917519.5 76076
444440.2 4917561.6 76077
450562 4917400 76078
475115.6 4917853.7 76079
536991.9 4918828 76080
445032.9 4917421.9 76092
455777.9 4917528.5 76093
461030.1 4917695 76094
498280.2 4918503 76095
499101.2 4918276.4 76096
462068.1 4917861.7 76109
496977.9 4918031.4 76110
451660.7 4916553 76132
470664.1 4918075.9 76133
488862.3 4918459.3 76134
500534.1 4918348.8 76135
501498.9 4917644.8 76141
501821.5 4917875.8 76142
447703.3 4917729.4 76148
470505.7 4917220.2 76149
493356.2 4918036.3 76150
475897.4 4917760.3 76161
495237.1 4918137.9 76168
494934.9 4917581.4 76169
504326.1 4918404.1 76175
504241.5 4917229.6 76176
539465.9 4918512.6 76177
512294.1 4917999.8 76187
443218.4 4917493.7 76198
471292.2 4917045.7 76199
471232.4 4917523.9 76200
476677 4918086.7 76201
448795.8 4917204.9 76210
449113 4917157.6 76211
449551.3 4917040.4 76212
450026.9 4916980.3 76213
498621.9 4917894.3 76214
509795.6 4918070.5 76215
533232 4918481.6 76216
488823.5 4917865.1 76225
502536.1 4918084.5 76226
503548.2 4917218.5 76227
504929 4917925.4 76229
506621.8 4917524 76228
442271.9 4917288.4 76236
504745.6 4918163.8 76237
524903.9 4918494.3 76238
531603.6 4917809.8 76239
438093.6 4916640.4 76245
517489.6 4918466.8 76246
516962.1 4918225.2 76247
494286.3 4918447.6 76272
497976.8 4917942 76273
462200.7 4917239.5 76283
537084.6 4917750.4 76284
515989.9 4918486.3 76289
441369 4916949.2 76298
440481.7 4916410.8 76623
447106 4916960.7 76299
447657.6 4916868.6 76300
499542.3 4917177.2 76301
500649.5 4917611 76302
500713.5 4917947.4 76303
516383.7 4917327.5 76304
536742.8 4918454.7 76305
542985.5 4917817.4 76306
474250.3 4917305.1 76312
492175.4 4917801.3 76328
508102.4 4918265.4 76329
535618.8 4918165 76330
442732.1 4917173.9 76341
443173.1 4916786 76342
475385.6 4917754.1 76343
521570.7 4917237.9 76344
541124.3 4917004.5 76345
457418.3 4917316.9 76350
493126.6 4917954.9 76351
510392.3 4917711.1 76352
441973.4 4916237.4 76360
462082.9 4915995 76361
472494.3 4917140.7 76369
530775.8 4917884.5 76370
492673.2 4917475.7 76375
528014.1 4917778 76376
529496.6 4918226.9 76377
492869.4 4917568.2 76383
495656.4 4917375.6 76384
495225.1 4917142.3 76385
515502.4 4917462.8 76386
457084.9 4917225.9 76395
456857.5 4916481.8 76396
508416.3 4917863.9 76397
511998.2 4917931.3 76398
446242.4 4916483.7 76403
446692.4 4916938 76404
453867.6 4916789.8 76405
472220.9 4916931.5 76406
491639.2 4917724.3 76407
475191.9 4917226.9 76418
475526.9 4917391.5 76419
496081.4 4917459.1 76420
434158.9 4915788.5 76428
461586.7 4916956.3 76430
463981.6 4916495.9 76431
517151.6 4917959.1 76432
528439.3 4917010.1 76434
534645.5 4917750.9 76435
464996.6 4916256.6 76445
508222.7 4917534 76446
455316.2 4917142.8 76455
457748.2 4916468.2 76462
509227.6 4916675.6 76463
513532.4 4917472 76464
444239.3 4916656.2 76470
494699.6 4917780.5 76471
438607.6 4916571.3 76491
496785 4917294.6 76492
496321.9 4917299.3 76493
517653.8 4917714 76494
448332.1 4915956.5 76502
470495 4916761.2 76503
532458.5 4917558.6 76504
504840.7 4916824.5 76517
497862 4917309.4 76528
514724.5 4918062.3 76529
524872.5 4917831.4 76530
527129.4 4917730.4 76531
533955 4917416.9 76532
469337.8 4917124 76537
509793.9 4917035.5 76538
519013.3 4917474.3 76539
526119.1 4917745.4 76540
525947.2 4918687.5 76433
539999.9 4917903.9 76548
549964.2 4918148.8 76549
549392 4918603.1 76313
510943.7 4917592 76559
511682.9 4917569.4 76560
551135.7 4917019.8 76561
458061.6 4916334.9 76571
498610.2 4917307.1 76572
438815.5 4916486.2 76578
469084.4 4916284.8 76579
513909.5 4917001.7 76580
517018.2 4917348.1 76581
529592.6 4917633.8 76582
529788.8 4916568 76880
530480.4 4917619.7 76583
535936.7 4917403.4 76584
435765.1 4915873.9 76600
474883.3 4916824.5 76601
499925 4916446.5 76602
492462.9 4917213.9 76608
501273.2 4916339.4 76609
532847.4 4917460 76610
533388.9 4917231.8 76611
535845.8 4917119.8 76612
456233.5 4916284.7 76624
512057.9 4916911.4 76631
527166 4917163.1 76632
538857.4 4917708 76633
539354.1 4917583.8 76634
517772.2 4917249.8 76642
444063.4 4915885.9 76648
462322.5 4916656.1 76649
550165.1 4917816.2 76650
466229 4916454.1 76669
467298.5 4917013 76670
460550.9 4916944.1 76684
524068.2 4917013.9 76685
525457.7 4917193.3 76686
439427.6 4915788.4 76690
461531.6 4916108 76691
460314.3 4915874.6 76692
502944 4915851.9 76693
508699.1 4916421.7 76694
549378.6 4917328.4 76695
448957.6 4915513.8 76702
539519.7 4917450 76703
551936.4 4916567.2 76704
494088.7 4916974.7 76708
494785.4 4916834 76709
438139.9 4915841.3 76712
500378.9 4916051.9 76714
500769.2 4915958.8 76715
517281 4916456.7 76716
510962.8 4916041.9 76723
511647.5 4915723.2 76724
434762.9 4915858.6 76736
526231.1 4916387 76737
460489.3 4915745.2 76751
463364.7 4915697.5 76752
473242 4916075.2 76753
473645.6 4916908.5 76713
472847.3 4915993.7 76754
497078.3 4916828.4 76755
465596.6 4916477.7 76763
471827.8 4916379.3 76764
496089.1 4916581.6 76765
505561.9 4916890.1 76766
506320.7 4915980.3 76772
452674.5 4916392.4 76787
453491.7 4915773.2 76788
460840.7 4915860.2 76789
474004.1 4916321.3 76790
497507.4 4916131.7 76797
497734.5 4916027.5 76798
498318.7 4916683.6 76799
547639.8 4917156.8 76800
453911.7 4916145.7 76815
470499.6 4916447.7 76816
495455.1 4916440.1 76817
550610.4 4916747.8 76818
516825 4916500.9 76825
501593.4 4916108 76838
495133.3 4916296.6 76844
545216.3 4916276.9 76845
445817.3 4915959 76855
445421.5 4914825.6 76986
454094.2 4915959.8 76856
454660.9 4915206.9 76857
455488.2 4914621.2 76864
468889.1 4916087.7 76865
515761.6 4916300.8 76866
535136.5 4916781.7 76867
447296 4915437.8 76877
513232.7 4916389.3 76878
518634.1 4916279.2 76879
530837.4 4916475.5 76881
532021.1 4916746.9 76882
470512.4 4915362.4 76892
496906.4 4916049.8 76893
496367.5 4916257.1 76894
548609.9 4916833.4 76895
458564 4915952.9 76901
468657.5 4915774.5 76902
501842.6 4915605.4 76903
441117.1 4915694.4 76911
445053.1 4915683.5 76912
469327.3 4916362 76913
471541.8 4915746.2 76914
472094.1 4915918.2 76915
508015.8 4915482.4 76917
506872.9 4915312.2 76916
469717.8 4915921.3 76925
472393.3 4915865.2 76926
443192.9 4915969 76929
540636.2 4916182.5 76930
464887.4 4915404 76936
499676.4 4916690.8 76937
515129.3 4916412.8 76938
532753.8 4916829.6 76939
546176 4916443.7 76941
549845.9 4915607.6 76942
533555.9 4916563.3 76946
454118.5 4915657.8 76953
494938.2 4916028.8 76965
514256.9 4916205.3 76966
528033.7 4916437.1 76967
534556.1 4916071.9 76968
444862.9 4914818.2 76972
465242.7 4915688.8 76973
494586.4 4916111 76974
523562.1 4916329.6 76975
469189.4 4914938.9 76987
522808.1 4915922.1 76988
532381.8 4916407.1 76989
549434.3 4915706.3 76990
498255.4 4915971.4 76996
441258.3 4915285.7 77002
445756.6 4914783.3 77003
446472.9 4915582.5 77004
446622.6 4914480.9 77005
456213.9 4915694.5 77006
437435.5 4915366.8 77013
439034.4 4915434 77014
442500.4 4915191.7 77015
444436.1 4914933 77016
451692 4915450.6 77017
469942.7 4915045 77018
495536.6 4915949.2 77019
505419.6 4916266.7 77020
520150.7 4916192 77021
520687.7 4916755 77022
527805.5 4916414.3 77023
527587.5 4916221.8 77036
449827.9 4914335.2 77042
460990 4915623.6 77043
471157.5 4915517.3 77044
516129.7 4916357.4 77045
435688.3 4915068.2 77051
437033.9 4914698.8 77052
438392 4915186.3 77053
452835.8 4915723.9 77054
467234.6 4915711.7 77055
465741.5 4915559.3 77056
539108.2 4915496.2 77057
442886.4 4915222.6 77069
449596.7 4914963.6 77070
498968.7 4915814.3 77071
457672.3 4914974.2 77081
458094.5 4915311.8 77082
524309.8 4915560.8 77083
446845.7 4914941.7 77089
447022.5 4915061.6 77090
457259 4915302.1 77091
499495.1 4916130.8 77092
504724.1 4915807.1 77093
538609.9 4914903.6 77094
433948.4 4914181.8 77107
444212.5 4914946.7 77108
460962.1 4915088.4 77109
512707.4 4916185.3 77110
532681.5 4916432 77111
533208.5 4915914.1 77112
537165.9 4915456.5 77113
437484.5 4914978.7 77118
456279 4915333.2 77119
544051.3 4916347.9 77120
472037.6 4915443.8 77128
505278 4915261.6 77129
453248.8 4914976.7 77132
452820.9 4914850.7 77133
454127.3 4914798.9 77134
472384.4 4915477 77135
472770.5 4915573.2 77136
505351.6 4916042.3 77137
510128.3 4916185.1 77138
542780.3 4917277.4 77139
547247 4916420.1 77140
546323.9 4917536.2 76940
443376.8 4914492.3 77150
458658.2 4915086.4 77151
548386.7 4916267.1 77152
503535.5 4915110.3 77156
456486.6 4914431.3 77164
461605.5 4915311.9 77165
510146.9 4915970.7 77166
432704.5 4914639.1 77173
496450.9 4915809.1 77174
496053.6 4915783.2 77175
499306.6 4915524.6 77176
468581.7 4914816.5 77184
536710.4 4915313.7 77196
451730.9 4914439.2 77199
508546.6 4915962.9 77200
546191.7 4915855.5 77201
441150.2 4914805 77209
452262.1 4914698.2 77210
460046.1 4915066.1 77211
514244 4915748.6 77212
522473.3 4916071 77219
465488.7 4915082.4 77236
532470.4 4915958.8 77237
531036.9 4916093.9 77238
442085.2 4914443.1 77240
442881 4914673.7 77241
521403 4915757.4 77242
439136 4914948.2 77246
438207.8 4914108.2 77247
460288.5 4914728.7 77248
510012.9 4915463.6 77249
515597 4915303.7 77250
520975.9 4915419.3 77251
528053 4915826.2 77252
533523.4 4916083.3 77253
461867 4914616.9 77259
497192.9 4916078.7 77260
519497.7 4915545 77261
527312.4 4915920 77262
438691.8 4914114.5 77283
447498.6 4915074.6 77284
497259.1 4915391 77285
512767.9 4915137 77286
513618.9 4915224 77287
436492.4 4914818 77298
471541.6 4915051.3 77299
498029.8 4915595.2 77300
528707.9 4915105.1 77301
536404.4 4915203.1 77302
457328.2 4914428.1 77311
458861.4 4914670.7 77312
459637.7 4914496.7 77313
535955 4915022.9 77315
534815 4916352.6 77314
544326.7 4916157.2 77321
432139.7 4914415 77334
439178.7 4914656.9 77335
441041.2 4913818.6 77336
516891 4914523.5 77337
517483.6 4915527.1 77338
466858.9 4914792.5 77345
544533.3 4915308.5 77346
548132 4915104.7 77347
547274.1 4915128.6 77348
447368 4914448.9 77356
531343.3 4915650.9 77357
526696.1 4915801.8 77366
432342.8 4914232.6 77372
434542.4 4914054 77373
435513.5 4914205.4 77374
436021.4 4914411.3 77375
439077.2 4913943.2 77376
497746.6 4915309.1 77377
516065 4914931.2 77378
522807.8 4915214.6 77389
464458.1 4914877.2 77399
510989.3 4915268.1 77400
524658 4914458.9 77401
447179.2 4913955.5 77406
544978.6 4915470.1 77407
439325.2 4914098.7 77415
465836.5 4913851.7 77416
515153.5 4914840.7 77417
526833.8 4915188.6 77418
436386.5 4913805.3 77428
508714.6 4915105.2 77429
509636.2 4914424.3 77430
520051.3 4915153.2 77431
442544.4 4914314.3 77448
529738.2 4915129.5 77449
463920 4914146.3 77460
532459.8 4915484.6 77461
447795.5 4914385.1 77466
499627.9 4915073.5 77467
500041.6 4916097.5 77468
523518.5 4914939.3 77469
534083.8 4915511.8 77470
527779.8 4915058.4 77474
530279.7 4915364.7 77475
462416.6 4914257.2 77479
502037.8 4914996.2 77480
514727 4914737.5 77481
460962.8 4914319.8 77488
461175.8 4914531.6 77489
507454 4915691.4 77490
521969.3 4915401.9 77491
534472 4915173.4 77492
551728.4 4914666.1 77493
437568.1 4913642.3 77498
437291.5 4913353.3 77499
452546.8 4914730.4 77500
464890.1 4913807.9 77501
533051.8 4915016.4 77502
446314.7 4914402.1 77509
458022.2 4914143.2 77510
470951.9 4914690.5 77511
444586.3 4914594 77521
463015.9 4914257.2 77522
500038.6 4914884.8 77523
501554.4 4914882 77524
551622.3 4915664.6 77525
432599.1 4913902 77532
454171.1 4914333.1 77533
463287.3 4913874 77534
525192.5 4914437.2 77535
442107.5 4914077.6 77541
441955.1 4913890.2 77542
451229 4913870.8 77543
550107.1 4915311.7 77544
452510.7 4913968.3 77552
500460.7 4914848.2 77553
503953.7 4914668.2 77554
504311.3 4914512.2 77555
503644.7 4914677.6 77564
510852.4 4915016.8 77565
447932.9 4914032.9 77574
435289.9 4913699.1 77579
444171.4 4913866.5 77580
460226.9 4913530.8 77581
500819.1 4914766.9 77582
501575.9 4915759.2 77583
507361.6 4914977.7 77584
507409.2 4914715.7 77585
513783.3 4914833.5 77586
522042 4914780.7 77587
466467.7 4913372.1 77596
470871 4914351.4 77600
503328.3 4914684.7 77601
518018.8 4915070.3 77602
432120.2 4913523 77609
458745.9 4914163.9 77610
518182.3 4914756.8 77611
468238.9 4914530.2 77620
519367.6 4915014.2 77621
541374.2 4914676.6 77622
466807.4 4913152 77632
467697.1 4914068.4 77633
520703.5 4914808.8 77634
520795.5 4914370.5 77635
531178.2 4915119.4 77636
545883 4915764.9 77637
468383.3 4913827.6 77644
461723.2 4913787 77653
531717.3 4914444.2 77654
534153.2 4915238.8 77655
445762.4 4913737.7 77660
450795 4913616.4 77661
470309.5 4914031.6 77662
504567.9 4914561.9 77663
544462.9 4914517.3 77664
444770.1 4913882.3 77678
448833.5 4913764.9 77679
530437.5 4914626.7 77680
454030.1 4914011 77689
455300.4 4913566.6 77690
501708.3 4914665.1 77691
502213.6 4914586.4 77692
448739.8 4913504.3 77698
447506.1 4913344.2 77699
458384.2 4913688.2 77700
459715.7 4914052.4 77701
510794.9 4914528.2 77702
542888.5 4915111.1 77703
543239.9 4914679.9 77704
546081.8 4915007.7 77705
550281.7 4914922 77706
505784.2 4915247.7 77710
468410.4 4914218.5 77717
460793.9 4913590.3 77724
461208.6 4913453.7 77725
519232.7 4914118.8 77726
517566.9 4913815.6 77732
431976.6 4913003.2 77742
442777.3 4913757.5 77743
454197 4913283.7 77744
443771.3 4913593.4 77762
452596.9 4913649.5 77763
461750.8 4912645.7 77764
462309.6 4913208.1 77765
504888.2 4914446.2 77766
505331.7 4914165.7 77771
534665.5 4914704 77772
546957.3 4914612.7 77773
432890.2 4913434.1 77781
434946.8 4913353.6 77782
435964.2 4913445.1 77783
444059.4 4913384.4 77784
457392.8 4913724.9 77785
503045.9 4914518.5 77786
503326.8 4914291.9 77787
506384 4914121.2 77788
510950.6 4914263.7 77789
444460.3 4912693.2 77801
444969.6 4913285.7 77802
507900.9 4914420.5 77803
506649 4913981.7 77804
528089.1 4914498.9 77805
527591.7 4914409 77806
438987.2 4913434.2 77813
440474.8 4913176.4 77814
531139.1 4914773.5 77815
443032.3 4913143.9 77821
503817.7 4914215.9 77822
504594.1 4914158 77823
518631.4 4913965.5 77824
452303.5 4913146.9 77836
513900.6 4914386.1 77837
533392.8 4914316.3 77838
546454.3 4914189.5 77845
459397.2 4913548.8 77849
434085.3 4913099.4 77852
522980.5 4914514.4 77854
542606.8 4913655.1 77855
454985.2 4913301.5 77860
469480 4913852.1 77861
521610.4 4913539.7 77862
521390 4913972.4 77853
522491.8 4913978.3 77863
545891 4914512 77864
446384.5 4913404.3 77875
535886.1 4914298.7 77876
432509.1 4912949.7 77889
433124.9 4913069.3 77890
436220.9 4912746.2 77891
436879.1 4912908 77892
450435.2 4913229.2 77893
467185.1 4913015.4 77894
508253.9 4913790.6 77895
509071 4913496 77896
512419 4914358.8 77897
512598.6 4913993.3 77898
457619.9 4913495.2 77904
505044.7 4914112 77905
513541.7 4913806.2 77906
456245.3 4914092.3 77918
457770.5 4912965.6 77919
462559.8 4913099.8 77920
526122.9 4914529.3 77921
526756.3 4913517.2 77922
527438.8 4914186.6 77923
435615.3 4912904.6 77936
459692.6 4912059.7 77937
462386.8 4911649.8 77938
463653.9 4913713.4 77939
464779.2 4912799.6 77940
507253.1 4913743.3 77941
511755.5 4914216.2 77942
516248.8 4913811.2 77943
529673.8 4913521.4 77945
529280.7 4914338.2 77944
450027 4912380.5 77949
458582.9 4912808.9 77958
461398.7 4912973.6 77965
468933.2 4913353 77966
512326.3 4913531.4 77967
515138.3 4913864.8 77968
514625.1 4914004.1 77969
515761.7 4913400.7 77970
507566.2 4913615.6 77974
530288.3 4913655.7 77975
530504 4914185.1 77976
434793.5 4912997.9 77981
445517 4913233.1 77982
468430.8 4913183.3 77989
511216.5 4913908.5 77990
535672.9 4914106.6 77991
467458 4912868.5 78000
468129 4913222.3 78001
447920.5 4912908.8 78010
449377.9 4912743.7 78011
434213.3 4912397.5 78016
525470.5 4913803.8 78017
525984.9 4913667.6 78018
446062.3 4912770.4 78027
446455.1 4913012 78028
463062.2 4912095 78029
548998.3 4914275.8 78030
463618.7 4911913.8 78038
532934.5 4913804.3 78039
434646.7 4912613.1 78047
459974.5 4912566.2 78048
433113.8 4912398.6 78054
443723.4 4912229.4 78055
457236.8 4912947.5 78056
456657.9 4912883.3 78057
528366.1 4913900.5 78058
537908.4 4914211.9 78059
523199.4 4913844.8 78066
523867.8 4913970.9 78067
522786.2 4913633.7 78077
465779.3 4912536.6 78083
534752.1 4913393.2 78084
453235.9 4912188.4 78094
511049.3 4913628.4 78095
435228.6 4912649.3 78102
467831.1 4912940 78103
536819.2 4913932.2 78104
552119.4 4914020.7 78105
439315.6 4912575.2 78111
445272.5 4912488.8 78112
514642.7 4913534.1 78113
533989.8 4914278.4 78114
534176.1 4913279.9 78115
543283.3 4914132.6 78116
455600.9 4912417.5 78121
506832.1 4913600.9 78122
527033.8 4913352 78123
528020.3 4913252.7 78124
448357.7 4912867.7 78136
513349 4913426.6 78137
531825.1 4913496.5 78138
547988.1 4913239.3 78139
520030.4 4913546.7 78154
545914.5 4913778.9 78155
450074.9 4912986.4 78162
507780 4913476.2 78163
537323.4 4913932.8 78164
448520.4 4912563.5 78172
454850.8 4912403.8 78173
511854.5 4913332.7 78174
537528.8 4913127.4 78175
432968.5 4911925.2 78191
432124.7 4912267.2 78192
437856.1 4912209.1 78193
518422.7 4913274.4 78194
548967.6 4913460 78195
435879.8 4912594.9 78204
468130.6 4912838.4 78205
510163 4913049.2 78206
451072.8 4911894.6 78211
451864.8 4911936.6 78212
460541.5 4911922.7 78213
460958.4 4912081.1 78214
538388 4913772.5 78215
446843.3 4912434.6 78229
445999.5 4912031.3 78230
436638 4912336.1 78239
445305.1 4912270.6 78240
445666.1 4912149.2 78241
448009.3 4912264.3 78242
453720.7 4911809.3 78243
454726.8 4912622.3 78244
533165.6 4913991.6 78245
533484.8 4913003.2 78246
535796 4913400.8 78253
545069.7 4913928.5 78254
458210.2 4912381.5 78260
464621.8 4912521.6 78261
551228 4913934.1 78262
436100.2 4912100.9 78273
447299.2 4911644.4 78274
447796.4 4911594.3 78275
523238.3 4912658.4 78276
528670.7 4913024.1 78277
544259.7 4913232.2 78278
545930.3 4913316.2 78279
549562.8 4913349.9 78280
550377.9 4913614.9 78281
510531.6 4912963.6 78286
511322.7 4912736.4 78287
522088.1 4912946.3 78288
434664.8 4911775.5 78299
435686.3 4911262.7 78300
518806.9 4913153.5 78301
437027.4 4911546.2 78311
437735 4911706 78312
443217.4 4912092.2 78313
448549.8 4912354.7 78314
449552.5 4911910.5 78315
449098.2 4911676.5 78316
464333.3 4911895.7 78317
514949 4912548.3 78318
508052.2 4913292.8 78329
508586.4 4912961.3 78330
546695.9 4912784.8 78331
547092.1 4913007.5 78332
551500.1 4913718.5 78333
446743.6 4911996.8 78338
461935.8 4911794.2 78339
467689.9 4912558.7 78340
522415.5 4912541.3 78341
456410 4912270.2 78345
457510.5 4911947.6 78346
543017.4 4913244.6 78347
436314.9 4911885.6 78355
436331.4 4910304.5 78356
550804.2 4912988.2 78357
457779.6 4912259.3 78369
541811.2 4913587.5 78370
524828.6 4913278 78376
540485.7 4912097.3 78377
541101.2 4912246.2 78378
519164.9 4912007.1 78383
519961.9 4913064.2 78384
545075.3 4913161 78385
440674.6 4912191.1 78392
432437.7 4911528.8 78396
441778.5 4912104.1 78397
448807.6 4911537.9 78398
509777.7 4912754.5 78399
509145.8 4912823.6 78408
509423.7 4912761.1 78409
516552 4912349.2 78410
517177.8 4912289.7 78411
539440.1 4913104.7 78412
538095.7 4912498.3 78678
511990 4912461.1 78416
512937.2 4912891.3 78417
518191.7 4913101.4 78418
517848.9 4911949.4 78419
524370.8 4912754.3 78420
520941.8 4912597.1 78432
466939.4 4912429.2 78441
441194.4 4911599.4 78465
442862.9 4911661.2 78466
458934.2 4912654.2 78467
433253 4910805.6 78474
445048.6 4911561.1 78475
454268.2 4911738.8 78476
515856.9 4912245 78477
432176.1 4911246.5 78488
448547.2 4911342.2 78490
464748.5 4912127.4 78491
458634.2 4911739.8 78494
446541.8 4911865.2 78502
448027.5 4911061.6 78503
531428.4 4912042.2 78517
452918.1 4911426.1 78526
454623.2 4911251.5 78527
455273 4911560.4 78528
514513.2 4912334.4 78535
530488.2 4913089.9 78536
444149.5 4911167.6 78544
455853.5 4911394.6 78545
533040.8 4912452.6 78546
526075.2 4912952.7 78558
545334.3 4913280.7 78559
551855.4 4912631.9 78560
518129 4911998.5 78568
518546.4 4911949.1 78569
450517.7 4911809.2 78576
519608.7 4911650.1 78577
540275.5 4913102.8 78578
543129.7 4912806.1 78590
549706 4912852.2 78591
466613.5 4912005.6 78597
512859.1 4912499.4 78598
443699.6 4910700.6 78603
457114.8 4911447.9 78604
460372.4 4911037.9 78612
530858.6 4913026.8 78613
459593.6 4911348.1 78619
465535.5 4911544.2 78620
546152.2 4912632.7 78621
445471.9 4911026.4 78629
446070.4 4911528 78630
540068.2 4912481.2 78631
456263.5 4911289.9 78637
446609.2 4911312 78641
465793.4 4911809.3 78642
510096.6 4912353.8 78643
524710.4 4911868.8 78644
529292.5 4912726.7 78645
535096.2 4912514.5 78646
536060.2 4912544.6 78647
452656.5 4911403.8 78651
439497.4 4911589.7 78661
529956.8 4911835.3 78662
545126.5 4912779.4 78663
439605.2 4911239.7 78669
539347.8 4912557.5 78670
438135.7 4910967.1 78676
440918.8 4910667.6 78677
442094.5 4910832.8 78689
442990.2 4911235.6 78690
457585.9 4911242.4 78697
458159 4911332.5 78698
464717.9 4911863.2 78699
465176.9 4911407.2 78700
527799.7 4911848.1 78701
526503.6 4912166.7 78704
527220.3 4912133.7 78705
533964.9 4912329.6 78706
433706.8 4911125.3 78713
434639.3 4910817.4 78714
543431.2 4912708.4 78715
546498.9 4911941.4 78716
439226.2 4911010.5 78721
459198.9 4911061 78722
526260.1 4912342.9 78723
528063.3 4911591.9 78724
548751.2 4912450.3 78725
452503.5 4910962.7 78733
510846.9 4912434.3 78734
512445.7 4912019.9 78743
534933.8 4912102.7 78744
543584.1 4911818.5 78745
542988.7 4911447.4 78746
464396 4911428.8 78749
512665.9 4911635.7 78750
514158 4911602.9 78751
529145.6 4912247.9 78752
444802.7 4910837.5 78758
445716.7 4910904.4 78759
446646.1 4911066.2 78760
450634.4 4911217.4 78761
455077.1 4911273.5 78762
523703.2 4911909.7 78763
525560.8 4912007 78764
520220.4 4911514.3 78771
544099.4 4912359.1 78772
544897.3 4912297.4 78773
445214 4911125.4 78775
449950.8 4911446.3 78776
543890 4912569.7 78777
432014.6 4910698.1 78783
552232.1 4912138.4 78795
449411.5 4911392.8 78804
461314.7 4910338 78805
511585.5 4911673.8 78806
434835 4909966.7 78818
537773 4912177.9 78819
542069.7 4910875.3 78820
545676.9 4911335.4 78821
545482.6 4912347.5 78822
431465.5 4910354.1 78835
454311.7 4910684.3 78836
521453.4 4910687.1 78837
525798.9 4911642 78838
531906.9 4911709.9 78839
432539.2 4910553.2 78845
436864.3 4910302.2 78846
439374.9 4910702.5 78847
552797.1 4908826.8 78848
555033.3 4912461.9 78849
442759.4 4910757.2 78854
443299.7 4910684.6 78855
556167.2 4911719.1 78856
532435.3 4911153.3 78865
539737.8 4912137.1 78866
538203.5 4911749.5 78867
548144.3 4910664.9 78868
554699.9 4911336 78869
535997.2 4911442.2 78879
536708.8 4911430 78880
459256.1 4910363.6 78882
550575 4912434.6 78883
446853 4910573.6 78892
451147.1 4910936 78893
458131.5 4910906.5 78894
458099.8 4910597.1 78895
464127.1 4911032.2 78896
522225.4 4911287.2 78897
526104.4 4911324.9 78898
526992.3 4911668.9 78899
455974.7 4910833.5 78904
462745 4910467.8 78906
533775.2 4911588.9 78907
534504.1 4911887 78908
549020.3 4912067.7 78909
549559 4912109.5 78910
555426.5 4911591.5 78912
555056 4911524.6 78911
446064.8 4910587.9 78920
533204.2 4911735.5 78921
529051.5 4911943.6 78932
460916.8 4910407 78939
449371 4910566.7 78951
451926.1 4910837.1 78952
547782.2 4911820 78953
450268.9 4910765.4 78961
451114.9 4910630.4 78962
456774.4 4910840.1 78963
549574.7 4911723.7 78964
450324.4 4910481.6 78974
450600.8 4910397.1 78975
456086.6 4910431.2 78976
547348.2 4911688.9 78977
432555.9 4910283.9 78983
455140.5 4910704.6 78984
514767.5 4910428.3 78985
517343.8 4911453.4 78986
432139.3 4909754.9 78988
433849.6 4910060.6 78999
433754.1 4909826.1 79000
437963.8 4910618.5 79001
448382.2 4910516.7 79002
453748.3 4910398.4 79003
516535.1 4911772.6 79004
515957.7 4911408.8 79005
439419.3 4910151.3 79016
441191.1 4910229.5 79026
444568 4910383 79027
444962.8 4910004.6 79028
445369.7 4910041 79029
453052 4910308.8 79030
462341.3 4910207.8 79031
528977.6 4911222.6 79032
443259.4 4909993.4 79037
443362.6 4910416 79038
445750.6 4910238.8 79039
435246.5 4910149.5 79059
438085.2 4910064.5 79060
463330.8 4911789.9 79061
550808.1 4911006.2 79062
551463.9 4911260.6 79063
512296.3 4911348.7 79071
441453.6 4910124.8 79077
442009.1 4909895.1 79078
451141.8 4909969.3 79079
451943.2 4910034.9 79080
459557.8 4911003.6 79081
460103.5 4910422.5 79082
514346 4911000.7 79083
517019.8 4910712.9 79084
441707.2 4910035.2 79091
442766.4 4909550 79092
457669.3 4909611.3 79093
512087.3 4911080.6 79094
515586.1 4910263.2 79095
452633.5 4910108.8 79105
429519.4 4909729.6 79111
448251.5 4910264 79112
538775.1 4911403.2 79113
539251.8 4910895.5 79114
464068.5 4910683.6 79118
549115.4 4910366.7 79119
456579.5 4908919.2 79127
518433.4 4911068.2 79132
534388.2 4911379.1 79133
432729.6 4910015.8 79138
446447.5 4910079.8 79139
461749.8 4910277.1 79140
518213.2 4910954.4 79141
524932.3 4911000.1 79142
526395.2 4911091.7 79143
446856.7 4910249.9 79153
447954.6 4909956.2 79154
447729.9 4909978 79155
454520.1 4910183 79167
456873.4 4910422.5 79168
512478.1 4910943.3 79169
463856.4 4910309.9 79173
515249 4910454.5 79174
432718.1 4909335.2 79184
444399.6 4909957.9 79185
444687.7 4909860.4 79186
449568.8 4910095.1 79195
512902.1 4910647 79196
517695.8 4911163.6 79197
454902.8 4909566 79209
455391.6 4909869.7 79210
523481.8 4911061.4 79211
524131.7 4910795.7 79212
526640.6 4910687.3 79213
440630.6 4909536.8 79219
525460.7 4910752.7 79227
456824.5 4910080 79234
432900.5 4909661.7 79242
450612.2 4909750.6 79243
532925.8 4910546.2 79244
534392.2 4910949.4 79245
430894.6 4908990.6 79258
431700.5 4909553.4 79259
460533.8 4909881.3 79260
530390.1 4911621.7 79261
443930.7 4909814.6 79269
547308.6 4910714.2 79270
552731.5 4911080.3 79271
447429.7 4909811.3 79275
446893.5 4909690.8 79276
447238.5 4909067.3 79512
459072.8 4909863.3 79277
527987.4 4910947.2 79278
530571.4 4910724.7 79279
535148.3 4910320.7 79280
436788.7 4909825.6 79284
441492.7 4909143.2 79285
445912.6 4909644.2 79286
456832.2 4909409.2 79287
437519.8 4909150 79295
449217 4909508.5 79296
547665.2 4910629.2 79297
431187.6 4908937.5 79307
434614.7 4910301 79316
448533 4909647.3 79317
453367 4909828.6 79318
518281.8 4910672.8 79319
527161.1 4910824.9 79320
460235.4 4909723.8 79334
513304.2 4910415.7 79335
462112.7 4909791.6 79339
512486 4910643.4 79340
444241.5 4909589.3 79346
454208.1 4909974.9 79347
529302.8 4910813 79348
530138.4 4910733.8 79349
446721.4 4908591.8 79359
438253.9 4909723.3 79371
525210 4910678.7 79372
537050.8 4910827.2 79373
457348.4 4909425.8 79378
461482.5 4909507 79379
541886.2 4910571.2 79388
541490.7 4909752.9 79632
444116.2 4909324.3 79403
520221.9 4910552.6 79404
520150.9 4910949.1 79198
538157.3 4910286.1 79414
433508.8 4909845.8 79420
433558.4 4908601.6 79421
434153.3 4908655.5 79422
440192 4909406.4 79423
454215.4 4909399.7 79424
531396 4910475.1 79425
555822.7 4910713.2 79426
453648.8 4909359.4 79433
462620.2 4910250.4 79434
525674.1 4910027.5 79435
445192.4 4909822.9 79445
447724.7 4909408 79446
512486 4909306.5 79447
517933.4 4910376.2 79448
520848.5 4909892 79449
522096.8 4909950.1 79450
528437.5 4910709.5 79451
439291.9 4908938.8 79463
451543 4909675.5 79464
451901.8 4909111.7 79465
452755.6 4909245.1 79466
518048.8 4910072.4 79467
524601 4909774.9 79468
525398.4 4907834 80299
529519.2 4910204.3 79469
431503.6 4908863 79476
431860.1 4908714.3 79477
432121.2 4909035.8 79478
432040.9 4908865.3 79479
434872.1 4908537.4 79480
434987.2 4908759.3 79481
435672.9 4908729.5 79482
513930.8 4910372 79483
525008.1 4910461 79484
556465.2 4910467.2 79490
445159.7 4909286.6 79492
450303.8 4909578.6 79493
527372.5 4910122.3 79494
459217.3 4909523.8 79502
462516 4909699.2 79503
528918.3 4909857.1 79504
448283 4908671.1 79513
457954.4 4908585 79514
460735 4909516.1 79515
543400 4910255.1 79516
520555.5 4909986.9 79535
428840.3 4908855.8 79548
429735.8 4908814.7 79549
512908.4 4909166.4 79550
513293.8 4909378.1 79551
544078.9 4909855 79552
429053.1 4908618.8 79567
429250 4908317.7 79568
452937.6 4909196.4 79569
530020.5 4910178 79570
530899.1 4909654.7 79571
534810.6 4910262.2 79572
535692.5 4910194.4 79573
536940.7 4910129.5 79574
537288.3 4910417.6 79575
453331.6 4908948.6 79586
528300.6 4910118.7 79587
445733.5 4909258.4 79591
451054.5 4909269.4 79592
517399.5 4910119.9 79593
519532.4 4910106.2 79594
553794.5 4908583.6 79595
554312.7 4911056.2 79536
445739.4 4908888.6 79600
450341.5 4908629.7 79601
449434.4 4909097.8 79528
458406.7 4908680.6 79602
531190.3 4909957.6 79603
539928.2 4910247.6 79604
550475.7 4908811.9 79605
444445.3 4908619.3 79611
445113.3 4908863.9 79612
520155.1 4909999.7 79613
522957.6 4909907.2 79614
438137.2 4908617.9 79620
440602.6 4908772.5 79627
532881.7 4909907 79628
534231.7 4909911.6 79629
539235.1 4910033 79630
541183.7 4909589.3 79631
442644.2 4908798.6 79639
461909.3 4909470.2 79646
517368.6 4909773.5 79647
515388.4 4909264.1 79648
443128.8 4908783.7 79651
444164.5 4908256.7 79652
455290.2 4908527.6 79653
439140.1 4908601.5 79665
441514.7 4908644.7 79666
449022.5 4908780.3 79667
451089.7 4908681.5 79668
453816.4 4909110.6 79669
459105.4 4909248.2 79670
460324.3 4908998.4 79671
545715.9 4910393.3 79680
556969.4 4910102.7 79681
432925.9 4907798.5 79689
525990.2 4909634.3 79690
461567.4 4909067.9 79700
440018.3 4908671.5 79709
459457.3 4908855.3 79710
523541.7 4909349.6 79711
523885.5 4909405.7 79712
526736.4 4910160.8 79713
526316.2 4909510.4 79714
540597.2 4909699.3 79725
551923.7 4909979.4 79726
535978.3 4909371.4 79738
430239.3 4908412.5 79749
555491.2 4909865.9 79750
446297.7 4908749 79753
537537.9 4909868.5 79754
551656.1 4909894.2 79755
438431.5 4908504.2 79765
453141.7 4908116.3 79766
546955.3 4909945.7 79780
547444.4 4909790.6 79781
430048.4 4908153.6 79787
451873.6 4908576.4 79788
452625.9 4908657.8 79789
541640.5 4910188.2 79790
522442.8 4909307.2 79792
554731.9 4909792.3 79793
437151.7 4908229.8 79802
444126.4 4907985.8 79812
443696.9 4907812.6 79813
440839.2 4908602.2 79820
440030.5 4907765.4 79821
527428.9 4909155.8 79822
541989.9 4909573.1 79823
522200 4909374.3 79830
530410.7 4909202.5 79831
529921.8 4907024.9 80462
538137.1 4909491.1 79832
539235.5 4909665.5 79833
546411 4909625.2 79834
445710.4 4908451.4 79844
436805.4 4907727.3 79851
446309.6 4908396.4 79852
457535.9 4908297.6 79853
460257.8 4908431.4 79854
545070.2 4909402.1 79855
445457.6 4908221.3 79864
523456.1 4908844.8 79865
533676.4 4909320 79866
537335.1 4908965 79867
440746.1 4907657.9 79876
448698.1 4908325.1 79877
453413.7 4908404.1 79878
459090 4908249.3 79879
439209.6 4907831.1 79885
524154 4909559.5 79886
430427.6 4906718.7 79894
443077.1 4908041.6 79895
452540.2 4908194.6 79896
517593 4909260.7 79904
528152.6 4909031.9 79915
528832.8 4909298.6 79916
534543.7 4909839 79917
556511 4909222.7 79930
448849.2 4907952.1 79946
459646.5 4908351.9 79947
529150.1 4909418.8 79948
441335.1 4907096.1 79954
442225.7 4906760.8 79955
442535.2 4908109.4 79956
450723.4 4908499 79957
451364.6 4908152.2 79958
521907.6 4909393.3 79959
552078.1 4908335.7 79960
438479.2 4908061.4 79979
555763.3 4909313.7 79980
521045 4909639.6 79987
534728.3 4909337.2 79988
521825 4909074.9 79995
531807.8 4908932.1 79996
533217.1 4909170.5 79997
437644 4907764.1 80010
438007.3 4907957.7 80011
547584.3 4909319.7 80012
539270.4 4909108.4 80021
429437.4 4907877.4 80033
534060 4909224.9 80034
557487.9 4909966.8 80035
516171.3 4908366.1 80044
435078 4907769.4 80052
435431.8 4907269.9 80053
444433.9 4906535.2 80054
540299.5 4909616.9 80055
542548.5 4909289.1 80056
526258.3 4908897.8 80063
529416.6 4908530.3 80064
528381.4 4908778.5 80074
438366.8 4907661 80093
451939.7 4907423 80094
452297.6 4907429.2 80095
534555.5 4908647.7 80096
542879.7 4908832.3 80097
542712.9 4907862.6 80098
447652.6 4907757.6 80107
533361.6 4908446.1 80108
540309.3 4908803.1 80109
540965.5 4909199.4 80110
515104.4 4908509 80115
547156.5 4908854.6 80116
442739.9 4907174.9 80119
459937.4 4907944.5 80120
524888.9 4908962.5 80121
543817 4908327.4 80122
449897.5 4907789.3 80125
450618 4907453.1 80126
451191.7 4907676 80127
443297.1 4907203.4 80137
445191.5 4905832.7 80138
455758.1 4907915.5 80139
458376.7 4907453.5 80140
458685.4 4907401.1 80141
532747.1 4907851.3 80142
545255.1 4908994.3 80143
454200.9 4907688.6 80152
522219.2 4908762.5 80153
522726.9 4908923.3 80154
546596.1 4908901.2 80155
545795.3 4908776.6 80156
458005.8 4907764.5 80161
550014.7 4909013.8 80162
443704 4907292.5 80183
538297.5 4909092 80184
550652.4 4908605.1 80185
542146.9 4908622.2 80197
541392.3 4908200.4 80198
459246.7 4907812 80204
538600 4908253.9 80207
539112.2 4908563.7 80208
456429 4907520.4 80213
457001.9 4907343 80214
526772.4 4908457.1 80215
554611.9 4909321.1 80216
554864.4 4908028.7 80348
437514.4 4907098.5 80223
438197.6 4907115.6 80224
446432.7 4905141.8 80225
516784.1 4907988 80228
517098.1 4908254.1 80229
456433.5 4907714.7 80248
512493.4 4908110.5 80249
512719.7 4908377 80250
535474.9 4908672.4 80251
547961.6 4908946 80252
544906.4 4908551.1 80258
548021.3 4908437 80259
447870.1 4907573.2 80265
459549.7 4907591 80266
455531.6 4907176.6 80279
455895.6 4906771.5 80280
523062.7 4908449.6 80281
524797.7 4908391.8 80282
536043.7 4908377 80283
536448.9 4907809 80284
449620.8 4907238.8 80296
516102.7 4908616.3 80297
525770.4 4908195.9 80298
447772.9 4907248 80304
455201.7 4907300.9 80305
454827 4907139.5 80306
459114.3 4907326.4 80307
526175.2 4908293.7 80308
549292.7 4908178.2 80309
457997.9 4907350.5 80321
529012.2 4908039.8 80322
540417.9 4908497.2 80323
452583.6 4906702 80335
453503.5 4907477.9 80336
523361.9 4908221.8 80337
534348.3 4908086.7 80338
556362.5 4908225 80354
512941.2 4907631.2 80359
513325.4 4907634 80360
523617 4908105 80371
459493.9 4907283.4 80375
451452.9 4907208 80379
523902.9 4908055.9 80380
524315.1 4907965.5 80381
434080.3 4906655.7 80394
436489.4 4907132.2 80395
456349 4906120.2 80398
513671 4907438.1 80399
542384.9 4908205.7 80407
558563.5 4907723.2 80408
431277.4 4905965.4 80416
437181.1 4905867.8 80417
454375.5 4906691.4 80418
526248.5 4908064.2 80419
547611.4 4907650 80420
527238.3 4907845.4 80432
540524.1 4908009.4 80433
546922.7 4908180.7 80434
438264.1 4906123.7 80446
439318.6 4906142.7 80447
440411.5 4907437.1 80448
439645.6 4905879.2 80460
526822.3 4907658 80461
530968.1 4907738.1 80463
535336.4 4908128.5 80464
546245.9 4908470.3 80465
453156.9 4906616.4 80470
453442.3 4906491.9 80471
544449.3 4908302.5 80472
433510.2 4905060.1 80485
436387.9 4906615.1 80486
452114.4 4905867.2 80487
516953.5 4907666.4 80488
545324.7 4908170.2 80489
556811.1 4907693.7 80498
437670.4 4905955.5 80504
459078 4906949.4 80505
449153.7 4906816 80509
536938.3 4908181.3 80510
457700.7 4907045.9 80516
512412.7 4907767.6 80517
513943.9 4907652.6 80518
524796 4907639.9 80519
542039.3 4908075.4 80520
545519.1 4907857.7 80521
535942.6 4907441.5 80534
551106.3 4908030.8 80535
426596.5 4905787.4 80540
536743.7 4907358.2 80541
538161.4 4908217.1 80542
539254.6 4907197.7 80543
435554 4906419.8 80551
537327.8 4907120.4 80552
537601 4906832.5 80553
559597.2 4907529.2 80554
544351.6 4907988.8 80561
544620.6 4907830.8 80562
458382.4 4906551.8 80572
525959.3 4907471.2 80573
526566.8 4907440 80574
535221.2 4907421.4 80575
456809.9 4905999.2 80584
457422.3 4906735 80585
448501.8 4906678.3 80591
516374 4908018.8 80592
527144.2 4907741.6 80593
443031 4906874 80600
447743.8 4906577.4 80601
515821.6 4906897 80602
454819.1 4906788.1 80608
514349.6 4907301.2 80609
514840.6 4906883.8 80610
516194.4 4907090.4 80611
512556.5 4907241.5 80619
531210.1 4907450.9 80620
532188.3 4907984.5 80621
533912.8 4908016.6 80631
546114.3 4907806.4 80632
546840.1 4907846.3 80633
528304.4 4907735.8 80643
528833 4907335.6 80644
533877.6 4906857.5 80658
457157.7 4906226.8 80668
538497 4906561.8 80669
458802.5 4906594.3 80681
516647.7 4907138.6 80682
548727.8 4907881.8 80683
426202.4 4905031.2 80690
447812.3 4906280.5 80691
449151.8 4906313.9 80692
534371.5 4906888.6 80693
455651.5 4906230 80702
436042.8 4906252.1 80723
440827.5 4905981 80724
457904.2 4906155.1 80725
457418 4906394.1 80726
527800.7 4907317.6 80727
551678.7 4907766.9 80728
544717 4907419.2 80740
546412.7 4907560.4 80741
547098.9 4907399.5 80742
534985.7 4906921.8 80749
551945.5 4907458.1 80750
435165.5 4906054.1 80760
435341.5 4905863.5 80761
449737.3 4905766.6 80762
453962.8 4906297.2 80763
525177 4907526.1 80764
545545.9 4907409.3 80765
513389.9 4906923.9 80772
539793.7 4906880.6 80773
550601.5 4907291.3 80774
557873.6 4906076.3 80775
450578.2 4905305.6 80781
540361.7 4906612.7 80782
436241.6 4905932.9 80793
436496.8 4905815.1 80794
451080.4 4905142.6 80809
546565.2 4906791.5 80810
548526.7 4907337.8 80811
434458.9 4904968.9 80817
526289.6 4907249.5 80818
543774.7 4907193.3 80819
531229.6 4907144.6 80834
546938.8 4907143.8 80835
514331.6 4906807.7 80850
515092.9 4906925.5 80851
453472.5 4905385 80860
543418.7 4906952.3 80870
448636.9 4905591 80877
545291 4906801.4 80886
436795.2 4905453 80894
545907.9 4906563 80895
551450.3 4907394.5 80896
436387.8 4905547.4 80902
530968.6 4906613.1 80903
435620.6 4905599.5 80913
516851.7 4906616 80914
528619.7 4906972.5 80915
554164 4905492 80916
555085.1 4905235 80917
456001.4 4906249.3 80930
514254.9 4906499.3 80931
514562.8 4906458.6 80932
529611 4906503.7 80933
531555.6 4906354.1 80934
544523.5 4906711.7 80935
544785.1 4907131 80936
552147.2 4907323.6 80937
455167.2 4905797.9 80940
549269.4 4906774.1 80941
551267 4906904.8 80942
556872.1 4907097.6 80943
454832.5 4904753.4 80952
457301.1 4905752.4 80953
553950.9 4907078.1 80954
515428.6 4906627.6 80961
532496.4 4906557.3 80962
439378.8 4903967.9 80970
440609.4 4903626.2 80971
542402.7 4906766.3 80972
542898 4906010.5 81180
548353.9 4906895.1 80973
551455.6 4906716.8 80974
551739.7 4906539.5 80975
440449 4905479.7 80990
515169.1 4906408.2 81019
535600.7 4906692 81020
544290.2 4906397.8 81021
435765.2 4905237.7 81027
438820 4905900.6 81028
442050.9 4903999.9 81029
550776 4906494.2 81030
549746.2 4906463.1 81035
550246.1 4906958.1 81036
436462.3 4905146.1 81052
457123.9 4905423.6 81053
455814.2 4905340.5 81062
436849 4905168.7 81073
515825.9 4906218.4 81075
515540.3 4906158.8 81076
535779 4906425 81084
547340.2 4906337.8 81085
553975.5 4906775.7 81090
535673.7 4905904.3 81099
536348.6 4906227.7 81100
516760.8 4905905.2 81103
455222.3 4905262 81109
456567.1 4905716.8 81113
543658.2 4906183.9 81114
550021 4906375.9 81115
432791.1 4904965.2 81125
431122.1 4905114.7 81124
431943.5 4903273.5 81618
516401.5 4905944.3 81126
528937.8 4905935.2 81127
430746 4904058.5 81136
548416.5 4906150.5 81137
560204.3 4906814.6 81138
429739.8 4904560.3 81146
434835.3 4904506 81147
435836.1 4904802.6 81148
436955.4 4904919.5 81149
534932.6 4906327 81150
540510.3 4905984.8 81151
552809.9 4905637.2 81153
553231.7 4907761 81152
428339.5 4904469.4 81157
428776.2 4904082.1 81158
560454.7 4906401 81159
560369.4 4906723.8 81139
541677.6 4905638 81163
553442.6 4905822.7 81164
436485.5 4904594.7 81173
456917.4 4905287.6 81174
437085.1 4904608.2 81178
450558 4904703.3 81179
549274.5 4905870.6 81181
531152.6 4906513.5 81190
533068.4 4906167.9 81191
545075.5 4906092.4 81192
431153.7 4904670.5 81200
449292.1 4903919.3 81201
516600.9 4905549.7 81202
437347 4904262.6 81212
451567 4905132.6 81213
451668.4 4905525.3 81074
538146.8 4905522.3 81214
559977 4906175.3 81230
448057.7 4904204.1 81235
452604.8 4904827.1 81236
455654.1 4904811.8 81240
531259.1 4905667.7 81241
532916.4 4905886 81242
534053.8 4905747 81254
534472.4 4905721.1 81255
454290.3 4904958.9 81258
538812.8 4905858.9 81261
530283.1 4905551.8 81263
452068.2 4904801.4 81270
544447 4905630.1 81283
544841.2 4905769.1 81284
529334.9 4906090.6 81293
531598.5 4905405.2 81294
536884.3 4905973.7 81295
543348.4 4905404.2 81296
456239.7 4904783.4 81302
536912.7 4905253.7 81309
537845.8 4905258.3 81310
546690.7 4905595.9 81311
550318.6 4906068.8 81312
435615.3 4904394.1 81319
444454.1 4903911.4 81320
546175.6 4905263.7 81326
550919.8 4905344.9 81327
551075.9 4905728.7 81328
431850.1 4903770.7 81344
545356 4905326.4 81345
529152.6 4905354.2 81353
538966.5 4904344.5 81354
528728 4905492.4 81363
442374.8 4903422.9 81369
451816.4 4904484.3 81370
451859.8 4904096.3 81371
543464.5 4906067.1 81372
436032.6 4904063.9 81378
453081.1 4904591.7 81379
529401.3 4905330.1 81380
529846.6 4905371.6 81381
560018.9 4905263.9 81382
454361.1 4904213.7 81391
455004.4 4904268.8 81392
547674.2 4905851.6 81393
532981 4905467.8 81398
559015.4 4905533.8 81399
429852.2 4903772.5 81403
436607.9 4904004.3 81404
437089.4 4904397.4 81405
435450.6 4904137.3 81411
534831.4 4905643.3 81415
528486.1 4905642.4 81422
535216 4905391.8 81429
547817.1 4905531.3 81430
549902.8 4905496.9 81431
551734 4905526.9 81432
551421.9 4905434.3 81433
535445.8 4905054.8 81444
452982.6 4903830.1 81456
536149.7 4904893 81457
536396.1 4905081.4 81458
450099.8 4902522.5 81463
550412.1 4904893.1 81464
449322.4 4902860.7 81473
455844.2 4904429.9 81474
548340 4905427.1 81475
427210.1 4903716.4 81487
456031.6 4904069.4 81489
533864.5 4905308.9 81493
542212.6 4905379.7 81494
538577.7 4904869.9 81498
549622.1 4905347.2 81499
435672.7 4903525 81513
531645.9 4904998.7 81514
534233.9 4905051.1 81523
528858.1 4905290.7 81535
549212 4905229.5 81536
534564.1 4904111.9 81545
561537.9 4905206 81546
562216.7 4904727.9 81547
452284.5 4903332.7 81557
532171.5 4904186.7 81558
542106.1 4904721.8 81559
529466 4905013.9 81566
529956.2 4905028.2 81567
434661.5 4902971 81572
434970 4903381.7 81578
445757.4 4904999.4 81587
541169.9 4905113.8 81588
532620.8 4904317.9 81593
533444.1 4904656.6 81594
533981.8 4904767.7 81595
548984.5 4904627 81596
437399.8 4903806.5 81603
436839.7 4903300.7 81604
443685.1 4903920.4 81605
531127.2 4904429.6 81627
530302.4 4904623 81635
549507.3 4904825.8 81636
552906.7 4905252.1 81637
455803.5 4903733.7 81664
529687.1 4904708.4 81665
530060 4904423.2 81666
551621.9 4904470.4 81667
427711.4 4902838 81683
542268.8 4904426.8 81684
542967.2 4903650.1 81685
544431 4904693.8 81686
545912.6 4904664.3 81687
429289.5 4902827.3 81695
442814.2 4902466.1 81696
536965.4 4904096.2 81697
428243.8 4902539.4 81710
453741.1 4903400.3 81711
552761.2 4904936.3 81712
432272.8 4902691.7 81719
443264.4 4902306.8 81720
443962.3 4901778.7 81721
444755 4902329.4 81722
541647.7 4904523.5 81731
427129.5 4903206.8 81739
436595.3 4902507.5 81742
535986.4 4903590.5 81746
433237.2 4901939.1 81752
543820.3 4903497.2 81753
556294.6 4902428.2 81754
555096.4 4903902.8 81755
559084.5 4904841.4 81756
451754.9 4903154.5 81760
533195.8 4903806.3 81761
547982 4904551.8 81762
551185.8 4904541.6 81763
553600 4905332.3 81764
430921.6 4903153.9 81770
430223.4 4902424.7 81771
545452.3 4903523.1 81777
552709.1 4904336.4 81778
548668.4 4903279 81787
561314.6 4904452.2 81788
560261.4 4904558.6 81793
559580.7 4904454.4 81823
559162.6 4904077.3 81824
537580.7 4903719.9 81835
562508.5 4904073.8 81836
437707.5 4902452.7 81846
436888.3 4902784.7 81847
563454.7 4903910.8 81858
565641.7 4904057 81859
566265.2 4903603.8 81860
533558.5 4904004.1 81862
430859.7 4902656.4 81869
530639.3 4903999.8 81870
545819.8 4904267.2 81871
544671.3 4903883.4 81895
431273 4901933.3 81900
436112.9 4902968.7 81901
548271.9 4904210.9 81906
552032.4 4904260.2 81907
531385.8 4903759.6 81913
530944.5 4903846.2 81920
540293.5 4903699.6 81921
549417.8 4904102.5 81922
436377 4901617.8 81935
550368.4 4903915.1 81939
435201.4 4900895.3 81952
435905 4901194.5 81953
448058.1 4902900.5 81954
453775.5 4902810.3 81955
532664.1 4903191 81956
530814.8 4903557.5 81959
558080.6 4903484.1 81960
560488.9 4902829 81961
548329.3 4903967.6 81969
549894.7 4903563.1 81975
452761.4 4902226.5 81978
550631.5 4903607.9 81979
552203.7 4904054.5 81980
427360.3 4902256 81994
428068.7 4902027.7 81995
541996.3 4903828.8 81996
551483 4904055.3 82002
434858.5 4901048.7 82012
551965.5 4903644.7 82013
551187.3 4903562.4 82023
534895.5 4903157 82029
541894.8 4903642.9 82030
546456.2 4903569.1 82031
551563.2 4903347.5 82032
446525.5 4902685.6 82044
446333.6 4901996.9 82045
447303.7 4902120.2 82046
453375.3 4902619.8 82047
549344.5 4903748.5 82058
552641.2 4903591.4 82062
539107.6 4903624.7 82077
531581.7 4903645 82084
437508.6 4901816.3 82090
439776.7 4900704.3 82091
441121.3 4900722.5 82092
454676.5 4902483.6 82093
453856.5 4902331.4 82094
533364.5 4903865.6 82095
452624.6 4901544.7 82100
454147.6 4902040.5 82101
441937.5 4900979.7 82110
447760.8 4901987.9 82117
540546.1 4903195.9 82120
425633.5 4900130.6 82128
531353.1 4902992.1 82129
531734.3 4902971.9 82130
541377.3 4902648.4 82131
555215.9 4902021.2 82132
428930.3 4902160.6 82138
451276.4 4901362 82139
532926.1 4903014.1 82140
429038.8 4901708.5 82148
429122.1 4900267.4 82158
430276.9 4900421.6 82159
437905.7 4901054.3 82160
564083.8 4903384.5 82161
562345.4 4903088.8 82168
549054.9 4903430.2 82178
562883.8 4903505.3 82179
533364.7 4902948.1 82186
532339.2 4902653.9 82202
539205.6 4903308 82214
432700.9 4902274.3 82222
534455.7 4903352.6 82223
553031.6 4903200.4 82224
554426.1 4903864.3 82225
438744.1 4900600.5 82229
547306.7 4903002.3 82230
546499.1 4903061.9 82231
554849.6 4903290.3 82232
534276.4 4902725.8 82246
545246.8 4902787.5 82247
558949.1 4903444.1 82248
552418.4 4903170.9 82255
552144.2 4902880.7 82256
446251.7 4901496.5 82262
446686.3 4901267 82269
538465.2 4902832.7 82270
554662 4902980 82271
561980.4 4903324.1 82272
563393.3 4903337.1 82273
562883.8 4903089.2 82274
551001.2 4903010.1 82280
433004.4 4900437.7 82290
427030.2 4899654.9 82303
432249.3 4900317.8 82304
452662.9 4901913 82313
561067.2 4902393.9 82324
447746.6 4901444.3 82328
561967.8 4901952.2 82329
563235.9 4902323.7 82330
563643.2 4902962.9 82331
539195.8 4902790 82337
431395.4 4900852.9 82342
534974.4 4902244.9 82343
531624.2 4901640 82358
537896.4 4902585.9 82359
551283.8 4902766.8 82360
552734.4 4902432.4 82361
552395.6 4902561.5 82378
564392.9 4903040.1 82379
445135.7 4900048.5 82386
546266 4902825.3 82387
546747.8 4902370.4 82388
547304 4902587.7 82389
553757 4902694.8 82390
455196.5 4901506 82401
531684.3 4902166.9 82402
532037.8 4901685.8 82403
453441 4900729.5 82412
532349.5 4901500.9 82413
533012.9 4902353.9 82414
536878.4 4902655.3 82415
559853.1 4902007.4 82416
554768.1 4902672.9 82426
566913.1 4902625.2 82427
538845.3 4902289.3 82439
558084.1 4901793.8 82441
557178 4902092.6 82440
551587.8 4902249.4 82446
446975.5 4900810.5 82452
537303.7 4901878.6 82453
537108.3 4901081.7 82885
549552 4902358.9 82454
447716.9 4900624 82461
448035.4 4900920.3 82462
455410.2 4901161.6 82463
559435.2 4901881.7 82464
564156.3 4902625.1 82465
455848.6 4900817.5 82472
534189.5 4902416.3 82473
533262.7 4902015.5 82474
544426.8 4902375.1 82475
563631.5 4902021.5 82476
436792.6 4900285.4 82483
454533.3 4900227.8 82484
454874.6 4900893.6 82485
561468 4902511.5 82486
532525.4 4901913.6 82492
561638.2 4902383.5 82493
565941.4 4901473.9 82494
433259.2 4900884.5 82503
450246.6 4900570.3 82504
536063.8 4901963.3 82505
536693.5 4901110.6 82506
553290.5 4902294.1 82507
443949.6 4899864.2 82514
445489.5 4900901.6 82515
533258.6 4901505.2 82516
537849.2 4902170.1 82517
455180.4 4900647.2 82528
543460.5 4902227.4 82529
546368.2 4901387.5 82530
548109.1 4902174.9 82531
445710.3 4899618.9 82549
544301 4901035.2 82550
553536.3 4902195.5 82551
554337 4901834.2 82552
554612.9 4901599.4 82553
538148.4 4901726.8 82560
553831.2 4902088 82561
533716.1 4901921.1 82573
545093.4 4901831.2 82574
539934.3 4901952.1 82578
543043.7 4900997.8 82580
565378.8 4901398.5 82581
564062.8 4901828 82582
538609.9 4901867.6 82588
539132.5 4901631.9 82589
446429.5 4899350 82598
451251.8 4900849.1 82599
451823.2 4900865.4 82600
455559.5 4900799.7 82601
541993.4 4901756.1 82602
546838.9 4900922 82603
545423.4 4899239.9 83290
535986.3 4901209.1 82616
540750.3 4901350.2 82627
552302 4901659.8 82631
561233.6 4901899.2 82640
552852.4 4901944 82645
451014 4899583.2 82663
452387.6 4899841.9 82664
549666.3 4901895.7 82669
548051.1 4901867.1 82670
554145.1 4901964.1 82671
432072.6 4899853.4 82675
431380.4 4899707.2 82682
431786.1 4899677.5 82683
449086.4 4899972.8 82684
541560.4 4901323 82685
566843.6 4900823.9 82687
536244.6 4901377.6 82694
551677.1 4901730.5 82695
553539.5 4901496.7 82707
553799.8 4901730.2 82708
453631.9 4899981.1 82718
534916.2 4901593.3 82719
535414.1 4900803.5 82720
549840.3 4901252.6 82721
547946 4901474 82729
567557.7 4900341.3 82730
456298.3 4900840.2 82736
545040.6 4901424.9 82741
447309 4900625 82750
538442.5 4900841.5 82751
437214.4 4899365.7 82758
448236.2 4899317.4 82759
455816.1 4900156.9 82760
538041.7 4900942.1 82761
540272.6 4901376.9 82762
539338.9 4901209.6 82763
552868.4 4901536.4 82773
558219.8 4901361.4 82774
454087.5 4899802.3 82784
447044.8 4899363.1 82788
447571.5 4899212.5 82789
554093.5 4901183.6 82793
559627.2 4900748.1 82794
560806.9 4901409 82797
455462.5 4899865.4 82801
553298.2 4901277.3 82802
533702.1 4900970.5 82808
533960.7 4900933.6 82809
552076.6 4901295.6 82810
552813.9 4901280.3 82817
562399.6 4901251.8 82832
564053.2 4901373.8 82833
433626.2 4899103.9 82854
452834 4899797.9 82855
436821.5 4899667.2 82867
565126.4 4900508.2 82868
437851.2 4899493 82876
532783.9 4900557.5 82877
443702.6 4899094.8 82884
542529.8 4901063.8 82886
547266.4 4900702.6 82887
547942 4900560 82888
551151.7 4900997.5 82895
534909.1 4901053.4 82905
534141 4900693.4 82906
552301.5 4900543.2 82907
552273.6 4901191 82908
440642.1 4898648.1 82912
440329.1 4900838.2 82847
442803.2 4897448 82913
539325.8 4900890.8 82914
553461.9 4900903.8 82915
553847 4901102.3 82916
552983.2 4900720.8 82927
455255.6 4899621.4 82936
534833.8 4900820.6 82940
534423.9 4900509.2 82941
540267.6 4900153.8 82942
545124.5 4900987.2 82943
541355.4 4901003.6 82955
541234.5 4900090.2 83068
557708.9 4901915.1 82956
532287.8 4900641.1 82964
557231.7 4900377.8 82965
560569.1 4900555.9 82966
431116.9 4898700.9 82983
550671 4900910.2 82984
558348.1 4901003.2 82985
550347.2 4900347.6 82999
441439.3 4898456 83004
442333.8 4896700.2 83694
549795.9 4900856.2 83013
449374.3 4899184.4 83025
454960.9 4899569.2 83026
539570 4899746.4 83027
540607.6 4900015.8 83028
437766.1 4898943.3 83041
438196.6 4899287.2 83042
439414.6 4898599.1 83043
539168 4900272.9 83044
539606.1 4900376 83045
553902.9 4900275.5 83046
435106.8 4898682.8 83053
562749.3 4900742.1 83054
535382.2 4900255.1 83066
534931.5 4900358.9 83067
551032.6 4900677.5 83069
454503.9 4899080.7 83077
455131.3 4899306.8 83078
550887.3 4900498.8 83079
558119.9 4899331.6 83080
563528.8 4900516.1 83081
438307.5 4898198.7 83087
559091.8 4900438.6 83088
561246 4900277.1 83097
538924.1 4900165.5 83102
550037.8 4900523.8 83103
549342.6 4900450.7 83104
436071.6 4898566.9 83113
429724.2 4898235.4 83124
452901.6 4898022.4 83128
453332.1 4898168.1 83129
553470.2 4900192.5 83130
558899.9 4900036.3 83131
453810.9 4899588.5 83139
538194.5 4899728.4 83140
538800.4 4899670.2 83141
552445.2 4899889.6 83142
551126.3 4900003.9 83147
428109.4 4897675.8 83156
427455.3 4898336.4 83127
534677.3 4900152.7 83157
556129.3 4900100.1 83158
556822.7 4900503.7 83159
556661.2 4900194.7 83160
452090.6 4898637.9 83171
429142.9 4898249.2 83179
436950.2 4898816.1 83180
541359.1 4899359.9 83186
543712 4899900.8 83194
550709.6 4900194.3 83201
536019.1 4900018.7 83211
549303.5 4900016.1 83226
451755.6 4898461.6 83236
544773.4 4899432.9 83237
436586.8 4897844.7 83244
436879.8 4897925.9 83245
437227.5 4898598.2 83246
549739.6 4899758.2 83247
449785.7 4898839.9 83266
535481.4 4899587 83267
535734.7 4899837.9 83268
536735.5 4899611.7 83269
537833.2 4899340.8 83270
542785.4 4899866.2 83271
559530.6 4900167.6 83280
534981.4 4899615 83296
547308.1 4899246.2 83297
554372.1 4900128.9 83298
545993 4899228.5 83303
564044.4 4899940.1 83304
548398.1 4899575.3 83311
548819.6 4899331.9 83312
561705 4899392 83313
565288.7 4899898.9 83314
451170.5 4898150.5 83326
550627.3 4899779.6 83327
454288.4 4898674.2 83335
554734.8 4899776.5 83336
555429.7 4901571.4 83328
565409.2 4900632 83337
444523.6 4898205.5 83342
445444.1 4897931.7 83343
548059.5 4899602.9 83344
562387.2 4899799.4 83345
445945.6 4898068.4 83349
562769.1 4899490.9 83350
553920.9 4899754.1 83365
433346.7 4897896.9 83371
550159.9 4899761.1 83372
555341.3 4899484.8 83373
556602.1 4899582 83374
556998.4 4899672.1 83375
434332.4 4897129.7 83385
448804.7 4898173.5 83386
563227.6 4899853.9 83387
565164.5 4898830.3 83388
551927.5 4899348.1 83393
554017.3 4899470.9 83394
554542.1 4899578.9 83395
431098.2 4897848.8 83397
432881.7 4896933.5 83398
443603.5 4897705 83399
449605.3 4897445 83400
535985.3 4899359.7 83401
536372.4 4899339.6 83402
555940.3 4899603.1 83410
447497.5 4898115.3 83414
559839.6 4899031 83415
542811.9 4899352.3 83424
559894 4899802.9 83425
435724.2 4897796.5 83435
436306.4 4897403.7 83436
557512.1 4899735.4 83437
446233.6 4897901.9 83441
450901.9 4897236.7 83449
450232.6 4897888.6 83450
454099.4 4898173.5 83451
446408.9 4897393.6 83462
550019.7 4899055.4 83463
551643.8 4899183.9 83468
551191.9 4898845.7 83476
434848.9 4897769.4 83479
435363.9 4897760.9 83480
565542.4 4899443.8 83491
563618.9 4899198.9 83495
539953.4 4899175 83502
563123.1 4899258.8 83503
557411.8 4898971.6 83518
557695 4898772.9 83519
437201.8 4897526.3 83526
444877.7 4897433.3 83527
536953.4 4899285.2 83528
558731.1 4899153.2 83529
563930.6 4899342.2 83530
564507.7 4898881.1 83531
428051.3 4896201.4 83538
429243.4 4896980.5 83539
557152.1 4898599.5 83540
447712.4 4897736.6 83546
452679 4897715.1 83547
548359.5 4898876.7 83555
553368.2 4899112.8 83556
553127 4898402.6 83557
430344.2 4897113.9 83565
448406.3 4897739.5 83580
426184.6 4897236.3 83585
446737.3 4897374.6 83586
556053.4 4899211.8 83589
566142.6 4898904.2 83590
566577.3 4899022 83591
452373.4 4897312.2 83616
539454.7 4898702.4 83617
556673.9 4898790 83618
448950.8 4897768.1 83623
539178.1 4898804 83624
543601.3 4898611.2 83625
435229 4897289.2 83639
542662.9 4898550 83640
538636.4 4898739.8 83658
555134.3 4899223 83659
555376.2 4898500.9 83660
556074.4 4898931.1 83661
568038.8 4899217.2 83662
447898.4 4897029.5 83666
448407.9 4897227.7 83667
453754.5 4897812.9 83668
542368 4898349.6 83669
435808 4896771.8 83670
539732 4898322.9 83676
549915.3 4898653.6 83677
438374.6 4897380.4 83683
439128.1 4898311.5 83684
451722.2 4897477 83685
440194.2 4897522.3 83693
447522.3 4897421.2 83695
448823.5 4897214 83696
540706.7 4898155.1 83697
439554.2 4896487.3 83704
451064.6 4897396.5 83705
445948.3 4897105.4 83719
549016.1 4898383.2 83720
426079.7 4896387.2 83750
545904.4 4898616.4 83756
546830.1 4898553.5 83757
555935.2 4898540.9 83758
561402.1 4898453.5 83759
542154.4 4898127.4 83767
540896.6 4898567.6 83766
563121.3 4898644.6 83768
437913.7 4896053.4 83773
446870.3 4897090.9 83774
556379.9 4898507.8 83775
433864.1 4897132.8 83782
437046 4896782.3 83783
549839.9 4898426.2 83792
561157.5 4898231.5 83793
563339.9 4898419.1 83800
563582.3 4898315.6 83801
566878.6 4897954.5 83802
567596.7 4898710.7 83803
560036.9 4898177.2 83810
561967.5 4898473.6 83811
562856.7 4898291.5 83812
545832.1 4898394.2 83821
546317 4897919.6 83822
547772.4 4898045.1 83823
548699.7 4898182.5 83824
566142.7 4898170.7 83825
446762.8 4896695.3 83836
544995.6 4899178.2 83837
545269.1 4898354 83838
545186.6 4897722.7 83843
426305.7 4896733.3 83850
544216.7 4898010 83851
559219.1 4898451.7 83857
554799 4897966.8 83879
435598.7 4896303.9 83885
431061 4896298 83892
554230.5 4898136.8 83893
549736.7 4898214.8 83901
432237.1 4896982.5 83910
449090.6 4897031.6 83911
452206.1 4896454.6 83912
452672.3 4896478.5 83913
551223.8 4897667.2 83914
557049.7 4898136.5 83915
445705.1 4896808.2 83918
448789.5 4895973.5 83919
426820.7 4895876.2 83931
450795.6 4896503 83932
450215.5 4896450 83933
540132.9 4897910.6 83934
430687 4895775.7 83943
429797.5 4895205.5 83944
445700.4 4894904.2 83945
448194.5 4895935.9 83946
550853.3 4897780.4 83947
453157.6 4896564.6 83956
548566.7 4897873 83957
549820.8 4897532.3 83964
556062.1 4898012.7 83973
556848.1 4897866.1 83974
562335.1 4898338.7 83975
447560.1 4896209.1 83978
449863 4896662.9 83979
542072.6 4897631.8 83980
539927.9 4897662.9 83984
559227.9 4898135.4 83985
560303 4897911.9 83986
562199 4897884.6 83987
562589.2 4897848.4 83988
564227.2 4898310.9 83989
429041.5 4894827.2 83997
428539.8 4895667.8 83996
564410.7 4897962 83998
549576 4897894.8 84008
553767.4 4897975.6 84013
555974.5 4897112.2 84022
568899.2 4897118.3 84023
568129.7 4896782 84024
446806.4 4896372.6 84030
540358.1 4897480.5 84035
553068.2 4897007.9 84036
548559.9 4896875.3 84041
563392.1 4897617.9 84042
436982.9 4895573 84044
447347 4895848.3 84045
449547.9 4896079.6 84046
561284.2 4897596.2 84047
565326.3 4897587.2 84048
451812.1 4896253 84055
564494.8 4896870 84056
547907.1 4897652 84063
556104.2 4897782 84064
560434.1 4897343.6 84065
561438.2 4896949.3 84066
451262.5 4895769.3 84074
558663.8 4897830 84075
559136 4897749.2 84076
562897.7 4897706.6 84077
546492.4 4896739 84086
547973.3 4897325.3 84087
432075.8 4894784.6 84091
541474.1 4896912.3 84092
553173.6 4897696.8 84093
556888.3 4897549.5 84094
557382.1 4897374.6 84095
432890.5 4894401.3 84106
558530.5 4897604.1 84107
435026.9 4895692.9 84112
446421.1 4895355.6 84113
452778 4896137.8 84114
551760.5 4897480.4 84120
446935.2 4896089.8 84126
452954.5 4895947.3 84127
444621.5 4896075.9 84135
556254.8 4897192 84139
556637.3 4897304.8 84140
564907.5 4897164.5 84144
449746.8 4895614.9 84149
450403.8 4895354.3 84156
540289 4897159.9 84157
552632.9 4897326.6 84158
554429.9 4897413 84159
562312.5 4896495.8 84168
550152.7 4897169.1 84181
559150.5 4897222.7 84182
450992.2 4896001.2 84189
550979.8 4897442.1 84190
550623.8 4896898.1 84191
558537.3 4897145.5 84192
436437.6 4895105.8 84197
543354.7 4897312.3 84198
444621 4895694.8 84215
565741.9 4896857.8 84216
555096.2 4897168.9 84224
545637.9 4896861.1 84231
551148.2 4896677.7 84232
551375.5 4896831.9 84233
554294.1 4897170 84234
562752.6 4896515.3 84235
544798.1 4896827.1 84243
439479.9 4894616.9 84249
447089.5 4895552.6 84250
452150.5 4895530.3 84251
452797.4 4895359.9 84252
566485.2 4896890.4 84253
547917.8 4896837.5 84272
543203.1 4896497.7 84279
561089.2 4897184.9 84280
441573.9 4895583.7 84287
540755.8 4896431.1 84295
551634 4897223 84296
551750.8 4896384 84297
563243.6 4896260.8 84298
557600.8 4897171.9 84306
453207.8 4895678.1 84312
557232.1 4896811.4 84321
554577 4896843.2 84328
555319 4896601.3 84329
449200.4 4895335.1 84333
557505.8 4896617.8 84334
558893.5 4896502.1 84335
554698.8 4896282.1 84343
438974.9 4894539.3 84352
549646.3 4896697.3 84353
552498.9 4896393.4 84354
447883.3 4895359.3 84363
560826.1 4896804 84378
444096.9 4895370.3 84383
430752.6 4894370.7 84386
444277.9 4895044.2 84387
447126.6 4895238 84388
543797.5 4896278.5 84389
552939.4 4895976.2 84395
550002.1 4896313.1 84402
451894.8 4895175.1 84407
553948.5 4896059.5 84410
544199.2 4896352.5 84420
550698.9 4895831.4 84421
445015.8 4894123.4 84426
551110.1 4895857.2 84427
551197.5 4896085.4 84428
448744 4894524.2 84436
544211.9 4896018.7 84437
549332.3 4896031.9 84438
555838.9 4896622.4 84439
440462.5 4894177.7 84475
447648 4894893.2 84476
546105 4895867.9 84477
556652.4 4896311.3 84478
448112.1 4894474.8 84485
544938.4 4895960.4 84486
549597.8 4896110.2 84487
557108.7 4896174.1 84488
560390.2 4896247 84489
444495.2 4892723.2 84499
555970.6 4896131.7 84500
449165.8 4894873.8 84507
566623 4895832.3 84508
437890.9 4893714 84515
438529.3 4894362.2 84516
441261.1 4893632.8 84517
442423.4 4894641.9 84518
450135.5 4894576.5 84519
446802.6 4894750.2 84526
446853.4 4894468 84527
555800.8 4896296.3 84528
444909.3 4893263.2 84537
452921.6 4894752.7 84538
452485.9 4894213.1 84539
451365.4 4894893.6 84542
555120.9 4896113 84543
557479.5 4896114.4 84544
434825.8 4894985 84551
449996.2 4894315.6 84552
452015.5 4894274 84565
561320.2 4895471.6 84566
450684.1 4894751.5 84569
548585.3 4895826 84570
542025.2 4896172 84598
437243.8 4894230.7 84604
441986.8 4893842.2 84605
447322.7 4894444.8 84615
449106.7 4894293.9 84616
554516.3 4895592.2 84617
451149.1 4894275.3 84624
435585.4 4893435.6 84630
436264.1 4893904.1 84631
547804.9 4895575.1 84632
565440.6 4895331.2 84633
564241.4 4895142.2 84638
563740.8 4896109.7 84581
542665.2 4895637.6 84647
543268.6 4895453.2 84648
549929.5 4895553.3 84649
446450.6 4893619.3 84657
555553 4895161.6 84658
559792.5 4896191.6 84659
560627.9 4895766.1 84660
546631.9 4894197 84662
553665.2 4896165.1 84663
436468.1 4893531.7 84670
449354 4893707.3 84671
557737.2 4895617.9 84672
452745.7 4894244 84677
452793.9 4893662.2 84678
559190.9 4895578.3 84679
435002.6 4894060.7 84691
544492 4895861.5 84692
543610.5 4895282.5 84698
543908 4895320.3 84699
553396.1 4895463.7 84700
544258 4895314.3 84705
447567.2 4894100.7 84712
545834.1 4895284.6 84719
550944.8 4895250.9 84720
559927.9 4895403.4 84721
544636.4 4895370.8 84728
442290.6 4894167 84739
443038.2 4893970.5 84740
542066.4 4895443.6 84741
559502.3 4895504.8 84742
429888.2 4893446.8 84768
428909.6 4893146.8 84767
430343.6 4892194.2 85069
542758.3 4895419.9 84769
544967.7 4895196.9 84781
546329.9 4895429.1 84782
558810.9 4895602.7 84783
567451.4 4894981.9 84784
447119.4 4893897.6 84792
568776.8 4895032.6 84793
440759.2 4893633.7 84805
549572.1 4894996.3 84806
549567.6 4893877.3 85103
557951.4 4895286.5 84807
558800.7 4895115.7 84808
428523.7 4893218.2 84823
548208.1 4895253.1 84824
549100.6 4895406.4 84825
548184.4 4894985.1 84826
434425.1 4893775.8 84832
448463.9 4893756.7 84833
542816.1 4895147 84834
560137.3 4894918.6 84835
560808.3 4894845.8 84836
562963.3 4896120.8 84837
562081.3 4895562.8 84842
562709 4895193.9 84843
427628.7 4892912.5 84852
451064.3 4893969 84853
450228 4893893.5 84862
547119 4893897.1 84863
557174.2 4895418.3 84864
447525 4893567.3 84873
544338.5 4894839.5 84874
546235.4 4895244.1 84875
550365.4 4895038 84876
553240.5 4895171.7 84877
432905.7 4893009.4 84885
451289.2 4893481.7 84886
548871.6 4894953.4 84887
434491.8 4893518.2 84897
448175.4 4893219.1 84903
564810.1 4895052.1 84904
434690.7 4893221.9 84919
436919.7 4893528.4 84927
552860.1 4894958.8 84928
562347.6 4895039.5 84929
559643.5 4895110.5 84936
559548.7 4894730.5 84946
551500.4 4894869.5 84950
552657.8 4894769.2 84951
563220.3 4894974.9 84952
442995.5 4893178 84955
449595.6 4892898.7 84956
545129.8 4894936.2 84957
555745.4 4894756.3 84958
557773.9 4894963.9 84959
572820.4 4894776.8 84973
555886.5 4894160.3 84977
438725.8 4893043.2 84992
439690.8 4893238.2 84993
450235.1 4893030.3 84994
450727.8 4892822.7 84995
545461.4 4894262.8 84996
447301 4893074.4 85002
450809.9 4893153 85003
545833.5 4894037.5 85004
448786.6 4892373.3 85016
452390 4893223.2 85017
558483.9 4894679 85018
550113.5 4893871.4 85031
442133.5 4892620.1 85040
442571.3 4892793.3 85041
451749.9 4893134.3 85042
551141 4894381.9 85043
544951.2 4894613.9 85050
553182.3 4894020.3 85058
429084.7 4892326.3 85068
563376.1 4894480.6 85070
430683 4892299.5 85076
431982.8 4891789.3 85077
432244.7 4892129.3 85078
447830.6 4892964.7 85079
562583.6 4894616.1 85080
548668.6 4894504.3 85095
559443.1 4894289.2 85096
551383.7 4894541.3 85104
552448.7 4894488 85105
563234.2 4894679 85106
440959.9 4893262.3 85115
557086.9 4894472.1 85116
558973.6 4894123.2 85117
445893.7 4892373.1 85124
445497.7 4894129.8 85123
554114 4893974.3 85125
557890.4 4894530.5 85126
544745.8 4894279.9 85133
438221.7 4892791.7 85141
438699.6 4891743 85147
440587.9 4892702.2 85150
571043.6 4894483.2 85151
446949.2 4892748.6 85158
452096 4892860.3 85162
548050.8 4894135.1 85163
563909.6 4894579 85164
565179.8 4894713.4 85171
441375.3 4892744.4 85173
446391.9 4892507.4 85174
548936.3 4893902.9 85175
562376 4894295.7 85182
441143.7 4891442 85185
451319.1 4892924.1 85186
552273.2 4894137.3 85187
558595.4 4894176.2 85188
438740.1 4892531.3 85196
558178.1 4893976.7 85209
563496 4894101.6 85210
563849.8 4894184.4 85211
548647 4893910.3 85217
573712.5 4894238.5 85218
452388.7 4892512.7 85233
550537.5 4893577.8 85234
564771.2 4894146.1 85235
565559.2 4894299.7 85236
573171.5 4893959.9 85241
451441.1 4892432.1 85247
451772.4 4892799.1 85248
556857.6 4893983.3 85249
557673.7 4894118.7 85250
548637.2 4893275.8 85256
550847.2 4893604.7 85257
551260.4 4893418 85258
572461.9 4894307.8 85259
439612.3 4892418.4 85265
545030.3 4894005.8 85266
564007.8 4893928.1 85267
564763.1 4893527.9 85268
556582 4893856.9 85270
443429.3 4892902.1 85282
449535.2 4892251.4 85283
560407.6 4894020.4 85284
561394.2 4893755.1 85285
567021.3 4893960.3 85286
451886 4892411.8 85291
447034.7 4891642 85300
560596.7 4893813.2 85301
562850.8 4893833.7 85302
565504 4893919.9 85303
449718.5 4892383.3 85328
555712.7 4894441.5 85329
571548.5 4893668.4 85330
441497.8 4892454.6 85336
552374.9 4893605.4 85337
572720.4 4894063.1 85338
447914.3 4891791.3 85344
450054.4 4892221 85345
547495.7 4893482.4 85346
444100.7 4891125.6 85357
443010.2 4891878 85363
556716.5 4893264.6 85364
559483.5 4893467.2 85365
559700.9 4893806.1 85366
574388.8 4894064.9 85367
446527.6 4892211.3 85371
561853 4893562.5 85372
569921.5 4893784.4 85373
570229.7 4893616.8 85374
570921.6 4893882.4 85375
571507.2 4892619.1 85376
428523.7 4891362 85380
573699.1 4893612.9 85386
558784.1 4893532.1 85394
555425.8 4893585.3 85408
566014.4 4893632.9 85409
438719.9 4891014.4 85415
433160.2 4892281.2 85416
441533.5 4891905.7 85417
572792.3 4893886.9 85424
560378.7 4893190.8 85439
567844.4 4893554.6 85440
565429.4 4893167.2 85448
450409 4892220 85457
548663 4893623.7 85458
429842 4892319.6 85461
553638.7 4893922.6 85462
563631.8 4893312 85463
563973.1 4893370.4 85464
426292.8 4890414.8 85475
449456.2 4891988.6 85489
545782.2 4893290.3 85495
553892.9 4893089.4 85496
554206 4893120 85497
562708.8 4893541.9 85498
429835.5 4891609.3 85509
430350.1 4891255.6 85510
566491.9 4892991.3 85518
429647.6 4891442.5 85527
436593.1 4890867.7 85528
553370.3 4893014.9 85529
446595.7 4891975.3 85535
432002.7 4890768.1 85540
431325.8 4890578.5 85541
567808.8 4893159.7 85542
442099.7 4891760.9 85547
442285.4 4891464.7 85548
561257.7 4892220.5 85549
568242.8 4893123.4 85550
573374.7 4893532.6 85551
554762.2 4892865.9 85559
549468.8 4893055.1 85563
449355.3 4891809.2 85574
553097.6 4892886.1 85575
570620.4 4893198.9 85576
570431.5 4892217.8 85778
435390.7 4890655.1 85582
434434.1 4890480.5 85583
552704.7 4892688.2 85584
560723 4892298.8 85585
561842.7 4891989.4 85586
430859.1 4890531.7 85591
558997.3 4893361 85592
565716.8 4893047.1 85593
569998 4893593.5 85594
433663.1 4890629.3 85603
545883.7 4893125 85604
545742.5 4892865.8 85605
546154.3 4892601.1 85606
558961 4892799.2 85607
569926.8 4893133.1 85608
558660.2 4892814.4 85615
564530.7 4892306.6 85616
429783 4891119.7 85621
551188.4 4892612.3 85622
567235.6 4893184.1 85623
552456.5 4892437.3 85630
443369.5 4890995 85643
449186.5 4891450.9 85644
559502.1 4892625.7 85652
570957.7 4892543.1 85653
547669.4 4892948.3 85668
442263.6 4890833.6 85683
564096.8 4891666.2 85684
558151.6 4892890.4 85699
549758.7 4892492.6 85702
549484 4892403.5 85703
550149 4892484.1 85704
566995.7 4892688.1 85705
427938.4 4890629.6 85715
553900.4 4892731.6 85727
556783.9 4892516.8 85728
557562 4892529.4 85729
569100.8 4892419.2 85730
549025.8 4892270.4 85737
548211.7 4892216.2 85738
563251.7 4892795.9 85739
570074.6 4892812.2 85740
567198 4892758.9 85750
572434.6 4893029.7 85757
447899.7 4891045.8 85765
568298 4892630.1 85766
562652.9 4892069.3 85776
570324.8 4892528 85777
428471.4 4890456.2 85793
429693.6 4890759.5 85799
548048 4892052.6 85800
433314.6 4890275.5 85808
554267.2 4892133.4 85809
558217.9 4892378.7 85810
553231.8 4892344.4 85816
556164.8 4892586.3 85817
560778.3 4892838.3 85818
563152.7 4892291.3 85819
571714.6 4892413.7 85820
553503.2 4892007.2 85833
429480.5 4889522.6 85838
446570.8 4890980.8 85839
546926.8 4892243.9 85840
547391.4 4892147.4 85841
547824.1 4891725.7 85842
446028.7 4890566.7 85846
566848.9 4891914.5 85847
569828.8 4892186.8 85861
432613.7 4890383.9 85871
560258.4 4892329.8 85872
444876.1 4890464.1 85878
563330.3 4892117.9 85879
445254.2 4890372.4 85884
445691.4 4890578.9 85885
430101.7 4890227.1 85901
558853.3 4892072.5 85902
559169 4892142.1 85903
554595.3 4891919.8 85917
566216 4892193.9 85918
447390.8 4890915.6 85920
569554.3 4892326.3 85927
429897.6 4890402.4 85939
548440.1 4892022.2 85940
551191 4891952.1 85948
554770.3 4891719.5 85949
556792.8 4892181.3 85950
559805.7 4892144.5 85951
551472 4891708.7 85959
552989 4891491.5 85960
555457.3 4891821.4 85961
555931.8 4891324.5 85962
547141.1 4891797.8 85974
446924.4 4890428.1 85985
552647.5 4891541.1 85986
556797.2 4890857.2 85987
568539.2 4892083.8 85988
446549.6 4890332.9 86000
442891.8 4890213.8 86006
557892.3 4890735.3 86007
557486.9 4890655.7 86761
547541 4891858 86025
438327.8 4890662.9 86028
437666.9 4890904.2 85691
443833.9 4890036.5 86029
549975.8 4891694.1 86030
436203.7 4889903.8 86036
559331.5 4891517 86046
559988 4891592.8 86047
568249.8 4891681.3 86055
553462.5 4891515.9 86062
439135.9 4889858.1 86078
443637.7 4889751.7 86084
571655.6 4892040.1 86092
428306.5 4889395 86102
427446.8 4889283.9 86103
427389.4 4890021.8 86091
445667.2 4890046.9 86110
567866.7 4891819.9 86111
549032.9 4891537.3 86129
432533.5 4889754.9 86143
435101.3 4889551.9 86144
438657.5 4889830.5 86145
446187.8 4890128.6 86146
550046.2 4890932.2 86147
551524.5 4891234.5 86148
550533.4 4891160.6 86149
567643.2 4891469.8 86150
437166.2 4889633.9 86160
563019.6 4891335.5 86161
571528.5 4891659.3 86162
421357.7 4888460.3 86177
430502.8 4889981.6 86178
442232.8 4889597.2 86179
548505 4891229.3 86180
555135.7 4891663 86184
432974.2 4889492.8 86202
562456.3 4891322.4 86203
566937.5 4891317 86218
567316.6 4891428.6 86219
445236.6 4889883.8 86223
432604.3 4888595 86228
560172.9 4890941.2 86229
571070.2 4891349.4 86230
441140.2 4889271.9 86240
430878.2 4889011 86245
566205.6 4891268.7 86249
560966.9 4890584.8 86254
568304.6 4891248.4 86255
439442.1 4889541.2 86260
440649.1 4889245.6 86261
553277.4 4891334.6 86272
553696.9 4890601 86273
419959.4 4887657 86392
420795.1 4888446.1 86277
441579.8 4889255 86278
442700.3 4889155.3 86283
443136.1 4889598.6 86284
422127.6 4888448.2 86294
549202.4 4890972 86296
559446.7 4890897.8 86297
444386.7 4889713.7 86303
566301.8 4890781 86304
558784 4890995.2 86311
562992.2 4891051.7 86312
435474.2 4889237.2 86320
567100.8 4890881.9 86321
568305.9 4890712.2 86322
439106.2 4887845.3 86334
439714.6 4888050.8 86335
559147.2 4890830.9 86336
559836.9 4890688.7 86337
433476.1 4889390.2 86345
434297.9 4889057.5 86346
551038.1 4890306 86347
553449.9 4890176.4 86348
550583.3 4890322.5 86353
552138.4 4890554.3 86354
573704.7 4890817.8 86355
427588.9 4888749 86364
435942.9 4887838.7 86381
563183.7 4890697.2 86382
566805.5 4890807.6 86383
576587.9 4890070 86384
562668 4890692.6 86393
426388.6 4888887.1 86401
434005.6 4888626.5 86402
549664.3 4890014 86403
551299.9 4890548.9 86404
549887.4 4890207.6 86418
577029.8 4889005 86424
442440.3 4888826.8 86429
435030 4888611.4 86439
437477.6 4887475.9 86440
440952.6 4888688.2 86441
430926.1 4888512.6 86454
557881.2 4890095 86455
566722.7 4890124.1 86461
437657.4 4888251.9 86464
557888.4 4889622.8 86471
559374.1 4890007.2 86472
558536.1 4889354.5 86473
560569.6 4890584 86474
563349.4 4890442.9 86486
563643.7 4889799.9 86487
564527.6 4890257.6 86488
565335.8 4889616.9 86489
427980.2 4888455.6 86493
428632.4 4888747.6 86494
442028.7 4888603.2 86495
560351.6 4890094.3 86499
572996.4 4890657.4 86506
426698.2 4888675.1 86509
575807.5 4890546.3 86510
427135 4888096.5 86516
430309.8 4888169.5 86517
439932 4888001.9 86518
567964.2 4890162.9 86519
573151.3 4890271.1 86523
422741 4887592.3 86525
559878.3 4890183.6 86526
400433.5 4887431.8 86531
402423.4 4887240.1 86533
426339.2 4888307 86535
428769.6 4888470.1 86536
555616.8 4889840.5 86537
567735.4 4889972.6 86548
554512.8 4890113.5 86557
573690.3 4889773.3 86561
574573.4 4890325.6 86562
552858.1 4889337.3 86577
561968.9 4890126.8 86578
562939.4 4889835.9 86579
551987.7 4889747.1 86595
575512.7 4890232.2 86596
575590 4889114.7 86597
568834.2 4890114.2 86610
561236.8 4889718.7 86619
424942.2 4887973 86624
428729.8 4887874 86625
440350.2 4887944.7 86626
429550.9 4888317 86629
555478.9 4889602.8 86630
554949.5 4889490.2 86631
551639.8 4889323.6 86651
554185.9 4889396.7 86652
568398.7 4889954.1 86653
438288.6 4888408.8 86657
559540.6 4889446 86658
568907.6 4889446.1 86666
438842.6 4887000.3 86672
574630.9 4889674.3 86673
423015.2 4887155.9 86679
423547.3 4887306.7 86680
425440.2 4887458.8 86689
431517.5 4887905.2 86690
429259.1 4887450.9 86696
430022.9 4887687.1 86697
437188.9 4887188.1 86706
441176.4 4888052.1 86707
551279.7 4889234 86708
561870.6 4889864.2 86709
562356.2 4889279.1 86710
564603.1 4889929.4 86711
420661 4887891.7 86722
566315.6 4889793.1 86730
565647.9 4889820.8 86475
560279.9 4889486.8 86739
564560.2 4889648.1 86743
561700.8 4889137.8 86748
568559.6 4889516.8 86754
440905.1 4887838.7 86760
562004.8 4889462.1 86762
419358.1 4887305 86767
550761.2 4889288.9 86768
428239.3 4887634.3 86788
569860.3 4889649.3 86794
570683.9 4889361 86800
560939.6 4889393.7 86806
565176.8 4889135.2 86807
556670.2 4888853.6 86810
433662.5 4887370.3 86815
566886.8 4889550.9 86816
427231.8 4887055.3 86822
564204.3 4889353 86823
564895.4 4889002.2 86824
431669.5 4887029.8 86827
440860.1 4887541 86828
569759.3 4889194.7 86829
556041.8 4888639.1 86839
559750.8 4889042.1 86840
420715.3 4887428.3 86846
431541 4887546.9 86847
552134.7 4888766.3 86848
555255.2 4888952.7 86849
432660 4887426.6 86854
421295.6 4886997.2 86874
421763.5 4888177.3 86886
431129.4 4887285.2 86887
434171.8 4887332.3 86888
567441.2 4889174.6 86889
422493.4 4887763.6 86893
424668.8 4886495.7 86894
434296.6 4886991.5 86895
560176.9 4888791.5 86896
560914.4 4888794.1 86897
564080.4 4889065.2 86898
563315.4 4889169.9 86906
571120.3 4888654.8 86912
551269.3 4888803.4 86918
398641.6 4886301.1 86928
554544.9 4888868.6 86929
558781.4 4888880.3 86930
561557.6 4888919 86931
398113.7 4886428.6 86938
399706.1 4887122.1 86939
564518.6 4888684.7 86940
566295.8 4889095.5 86941
570630.4 4888758.1 86942
401504 4885856.2 86949
421903 4887067.1 86950
561674.1 4888186.6 86954
553852 4888654.8 86955
563174.3 4888731.7 86956
562788 4888560.7 86957
574676.5 4889307.5 86958
399722.9 4886380 86968
429621.2 4886050.2 86969
553398.2 4888469.1 86970
570109.1 4888966.3 86971
424526.5 4885907.7 86981
435219.3 4887171 86982
563907.7 4888851.4 86983
432654.3 4887018.4 86995
554916.2 4888257.6 87000
551959.9 4888402.7 87001
567057.6 4888498.7 87002
438191.4 4886335.2 87008
438731.5 4886224.6 87009
562163.8 4888504 87010
562469 4888561.3 87011
428573.4 4886613.6 87014
555370.9 4888279 87015
565733 4888563.9 87025
574452.2 4888816 87026
575718.8 4888642.7 87027
421664.6 4886419.5 87033
441164.3 4887205.6 87034
558347.9 4889499.7 87035
568987.7 4888744.7 87036
556847.9 4888384.3 87044
425263.9 4886521.7 87050
558320.7 4888047.6 87051
568426.3 4888435 87052
404041.4 4886557.4 87057
403096.1 4885505.7 87058
422216.9 4886556.8 87059
554350.5 4888042.8 87060
565096.6 4888464.4 87061
576023 4887850.7 87062
425630.5 4886204.3 87069
437344.9 4887540.4 87070
560565.2 4887894.1 87078
577179.2 4887018.9 87079
430829.8 4886069.2 87088
439411.9 4886359.7 87089
564447.4 4888211 87090
563711.3 4888466.3 87091
569298.8 4888240.8 87092
569720.2 4888172.2 87093
423535.4 4886723.1 87095
556903.7 4887967.8 87099
404374.1 4885885.1 87112
405655.8 4885859.9 87113
570088.8 4888298.1 87114
575133.4 4888818.6 87115
433939.9 4886090.3 87120
554173.4 4888174.7 87122
425949.2 4886031.8 87127
561137.8 4888430.7 87128
574701 4888024.2 87129
423423.3 4886312.4 87155
398040.3 4885345.7 87161
421103.1 4885827.7 87166
431662.8 4885814.5 87167
553735.2 4888133.6 87182
565461.6 4888180.4 87183
407577.8 4885284.6 87190
422946.2 4886236.1 87191
558875.1 4887535.7 87192
560044.4 4888115.9 87193
563452.1 4887838.9 87194
553148.1 4888327.9 87197
563326.2 4887581.6 87198
562727.4 4888112 87199
574084.7 4888176.7 87200
577348.9 4888399.4 87201
563863 4888007.4 87206
554645 4887783.1 87216
562422.2 4887693.3 87225
422178.3 4885659.9 87236
422873 4885660.4 87237
426152 4885752 87244
436988.5 4886655.5 87245
568218.2 4888118.4 87246
570826.5 4888589.8 87247
427820.5 4886193.8 87251
428870.5 4885694.7 87252
553702.4 4887780.2 87253
568820.2 4887687.7 87254
427742.2 4884014.3 87260
565330.2 4887697.7 87261
436721.1 4885889.2 87268
435820.8 4886692.2 87121
571575.7 4888321 87269
567910.2 4887728.1 87277
561049.9 4887549.6 87282
561360.1 4887870.3 87283
571402.2 4887958.8 87284
399281 4886082 87287
568497 4887522.7 87288
571921.4 4887815.4 87289
555748.7 4887755.3 87297
556509.2 4887343.6 87298
563040.5 4887532 87299
399949.7 4884531.1 87301
554510.3 4887568.7 87303
401060.2 4885063.7 87310
570728.5 4887277.6 87311
571115.1 4887421.3 87312
564075.6 4887278.2 87316
437674.3 4886472.5 87319
554956.2 4887603 87320
566431.7 4886968.5 87321
570597.8 4887080.1 87322
559110.9 4887008.9 87331
566963.2 4887376.7 87332
437394.6 4886020 87341
437865.4 4885826.2 87342
554235.5 4887526.9 87343
576827.5 4887827.7 87344
569263.8 4887687.5 87347
421832 4885300.3 87351
559887.5 4887172.4 87352
561459.4 4887346.8 87360
569685 4887380.3 87361
439699.1 4886268.4 87365
571628 4887313.5 87371
405038 4885666.4 87376
427940.4 4885794.2 87377
555853.9 4887121.8 87378
557519.3 4887189.8 87379
410082.1 4884354.5 87411
411168.4 4882849.9 88079
575647.9 4887498.7 87414
404076.1 4885288.3 87430
405743.1 4884372.3 87431
572424.2 4887246 87432
434838.1 4885201.8 87439
437111.2 4885433.3 87440
437709.9 4885236.8 87441
572036.6 4886878.2 87446
554844.6 4886995.8 87453
562477.7 4887174.3 87454
575011 4887293.7 87455
564269.6 4886793 87459
555111.5 4887237.5 87466
560507.2 4887282.8 87467
565352.4 4886929.8 87468
430898.6 4885228.6 87473
438757.4 4885411.7 87474
558271.8 4886857.1 87475
428089 4885347 87482
567880.1 4887348.1 87483
561750.2 4886874.1 87487
568113.4 4886923.9 87488
430902.2 4885442.4 87494
435881 4885018.7 87495
436291.6 4884945.6 87496
560952.9 4886951.7 87497
430002.4 4885581.5 87503
417555.7 4884724.3 87505
569423.2 4887108.2 87507
555366.3 4886788.6 87512
562878.4 4887032.4 87513
576477.4 4886655.5 87514
438337.5 4884600.3 87522
577681.1 4886815.3 87523
404216.8 4883826 87541
405192.3 4883766.6 87542
431949.4 4885024.7 87543
432745.9 4884943 87544
561334.9 4886793.4 87545
568424.1 4886384 87546
570328 4886648 87547
403901.2 4884070.7 87554
428171.9 4884939.4 87555
428943.7 4884384.5 87556
569582.8 4886875.8 87557
437232.3 4884619.3 87570
575435.2 4886560.4 87571
425540.8 4884923.4 87583
556398.5 4886575.3 87584
557198.2 4886436.9 87585
422439.1 4884591.8 87592
560218.5 4886621.5 87593
421843.2 4884707 87605
423923.1 4885006.4 87606
555536.1 4886496 87607
561885.1 4886556.1 87608
399478 4883949.5 87614
555977.7 4886481.2 87623
572734.2 4886140.9 87624
562929.1 4886315.9 87627
401859.3 4883940.5 87637
403398.1 4884509.6 87638
430198 4884842.6 87639
431284.7 4884467.3 87640
560185.6 4886298.5 87641
576074.1 4886517.6 87642
402946.2 4883917.5 87647
413524.6 4883647.9 87655
568714.3 4885930.5 87656
418046.7 4883849.4 87671
436660.9 4884672.5 87672
558178 4886023.2 87673
567383.5 4886251.1 87674
559414.1 4886764.8 87679
412019.6 4883424.2 87696
412663.4 4883687.8 87697
557860.3 4886093.2 87698
566160.6 4885989.3 87699
569467.5 4885758.1 87700
570275.6 4886291.2 87701
577827.4 4885751 87712
427241.4 4882898.9 87719
564106.1 4886167.5 87734
565127.6 4886819.9 87735
564746.1 4885806.7 87736
566711.7 4886002 87737
568001.4 4886448.6 87738
408099.2 4883714.7 87742
565877.8 4885719.5 87754
417506.8 4884126.3 87762
423038.7 4884263.5 87763
556408.7 4885924.4 87764
560897.7 4886246.5 87765
571886.1 4886342.6 87766
424433.8 4884061.2 87772
422100 4883878.1 87793
423464.2 4884225.5 87794
558976.8 4885955.6 87795
559279.2 4885765.1 87802
571241.2 4886080.4 87803
432895.6 4883857.8 87811
435799 4883608.7 87812
560627 4885957.2 87813
411467.3 4883218.7 87823
562201.7 4886288.2 87828
561008 4885648.6 87829
421315.4 4884238.5 87839
437019.2 4883493.6 87848
557413.6 4886097.9 87855
423826.7 4883439.8 87863
562526.6 4885175.3 87864
570283.1 4885969.5 87865
575707.4 4885914.2 87866
435763.1 4883122.5 87873
559477.8 4885657.6 87874
560067.5 4885871.5 87875
423138.4 4883450.4 87883
571627.6 4885782.3 87884
422382.1 4883628.1 87891
422755 4883474.1 87892
572003.2 4885658.2 87893
429585.1 4883286.2 87897
430226 4883354.5 87898
423524.7 4883501.9 87901
557307.2 4885638.8 87910
416893.4 4883890.6 87920
556824.2 4885529.6 87921
402128.3 4883313.9 87929
569826.2 4885198.6 87930
558589.9 4885051.7 87935
561796 4885358.6 87936
415820.1 4883526.5 87943
416847.5 4883599 87944
416522 4883273.1 87945
421087.8 4883306.6 87946
402686.2 4882935.4 87954
419116.1 4883991.9 87955
431280.4 4883927.9 87961
419646.5 4883555.3 87971
420575.2 4883450.2 87972
414109.4 4882860.5 87984
557570.2 4885382.4 87985
421276.8 4883578.3 88000
563697.9 4884800.3 88001
562788.3 4885547.8 88002
403112.7 4883157 88009
558112.4 4885424.9 88011
557766.4 4885253.5 88020
559539.5 4885335.5 88021
414307.7 4882066.1 88024
438323.1 4883462.4 88025
438887.6 4883899.7 88026
438504.5 4883561.5 88027
570803.3 4885317.5 88028
415016.5 4882334.8 88037
564988.5 4885665.9 88038
397920.5 4883033.1 88048
400624 4883025.7 88058
398471.4 4883667.9 87862
417091.7 4883250.7 88067
416179.6 4882935.2 88068
565191.4 4885139.3 88069
566093.7 4884638.2 88070
432847.8 4883295.2 88075
569125.6 4885879.1 88076
400435.1 4882812.5 88078
410283.1 4882664 88090
409023.9 4884368.6 87648
420229.7 4883241.7 88091
409669.5 4882946.2 88106
408000 4883041.7 88059
409468.7 4882109.6 88295
419993.3 4882102.5 88115
431951.5 4882326.2 88116
401577.3 4882497 88124
407198.4 4882714.4 88125
419625.8 4883218 88126
438804.6 4883473.5 88127
406403.2 4882727.6 88138
572381.6 4885290.1 88139
573334.9 4884944.8 88140
404378.2 4882631 88145
405825.5 4882129.8 88146
415731.5 4883229.7 88147
558029.7 4884921.4 88148
402276.8 4882847.3 88150
401966.1 4882425.9 88151
564467.1 4884805.7 88157
569008.7 4885141.9 88158
401301.1 4882888.5 88166
417822.4 4881174.6 88167
434105.1 4883279.4 88172
559429.2 4884378 88173
561029.8 4885211.4 88174
564773.4 4884843.2 88175
403394.4 4882100.7 88186
558972.3 4884460.4 88187
582575.1 4883238.3 88189
399006.6 4882745.7 88205
579430.3 4884340.5 88214
579284.3 4885137.5 88188
416817.4 4880612.9 88243
419575 4881497.4 88244
421676.6 4881452.2 88245
561064.1 4884723.2 88246
561358.8 4884398.2 88247
561956.7 4884808.3 88248
404898.5 4882294.6 88252
424393.6 4881943.9 88253
424971.3 4882173.1 88254
566091.8 4885052.6 88265
401188.8 4882340.7 88274
565130.4 4884492 88275
581123.5 4884822.8 88276
582073 4883771.6 88277
422567.6 4881002.9 88279
400031.6 4882308.6 88287
421049.1 4881643 88288
402613.8 4882366.9 88293
409294.8 4882509.2 88294
423241.9 4881071 88296
435183.3 4883176.7 88297
559942.8 4883932.7 88306
570816.6 4884775.8 88307
402452 4882277.5 88313
434205.4 4881913.9 88314
583881.1 4884310.2 88315
433534.4 4881807.4 88322
434471.4 4882696.2 88323
435433.3 4882947.2 88324
571182.4 4884466.4 88325
572437.6 4884888.8 88326
435717 4882217.9 88332
560582.7 4883989.8 88333
558246.2 4884317.1 88346
413633.7 4882763.5 88357
572988.2 4884369.8 88358
572567.6 4884377.1 88359
572193.1 4884364.4 88364
574123.1 4884286.4 88365
408603 4881465.1 88367
425597 4880479.3 88372
436103.7 4881605.6 88373
573482.6 4884223.7 88374
400537 4881202.1 88393
401012 4880898.5 88394
406750.6 4881690.2 88395
435321.1 4881554.7 88396
411522.2 4882222.9 88402
569398.5 4884214.2 88403
570248.2 4884376.5 88404
412289.6 4882094.6 88409
412916.9 4882235.5 88410
562685.6 4884265.2 88414
401367.4 4880786 88426
438104.4 4882695.4 88427
416171.4 4880058.9 88431
412643.9 4882002.4 88435
426153 4882149.6 88436
565490.5 4884421.1 88446
438136.3 4882411.2 88454
402106.5 4881877.2 88458
581038 4883217.4 88459
415021.5 4881729.9 88481
562315.8 4883579.8 88482
566118.5 4883927.3 88483
569983.1 4883740.4 88484
571322.4 4884228.9 88485
577143.8 4884726 88486
409572.1 4881325.5 88493
427627.3 4881295.2 88494
561694.6 4883500.9 88495
570268.6 4883578.1 88496
411607.8 4881774.5 88502
431245.9 4881484.3 88503
436541.2 4882460.9 88504
558535.1 4883702.8 88505
407938 4881463 88511
584423 4884019.7 88512
411767.3 4881318.3 88514
570471.4 4883974.2 88515
413365.3 4881628.9 88521
565567 4884013.9 88522
563278.4 4883654.7 88529
412623.2 4881558.5 88536
426485.9 4880556.2 88537
426747.1 4880610.1 88538
434764.3 4882063.3 88541
584992.2 4883540.5 88542
568955.8 4883967.2 88546
571863.7 4883570.4 88547
437032.3 4881751.7 88557
437139.7 4881884.6 88558
573230.5 4883572.9 88559
409804.8 4881848.1 88561
427770 4881437 88562
570948.3 4883474.6 88563
571309.8 4883666.9 88564
574864.2 4883893.9 88565
565737.6 4883677.3 88577
572864.5 4883572.3 88582
403046.5 4881362 88591
563754.3 4883190.2 88597
564390.5 4883316.3 88598
569246.3 4883663.7 88605
403047.5 4881062.2 88612
405098.4 4881509.4 88613
400132.3 4879860.5 88622
580498.5 4883412 88623
407211.6 4881010.3 88628
560805.5 4883603.1 88629
570761 4883179 88634
399400.9 4879721.9 88640
427575.4 4880913.7 88641
574429.4 4883502.8 88647
573730.8 4883409.4 88648
559500.6 4883920.2 88656
583690.5 4884040.7 88657
410386.6 4881451.5 88669
436862.6 4881509.1 88679
405922.3 4881281.8 88688
426072.8 4880593.9 88689
560982.2 4883337.3 88690
435395.5 4882271.4 88701
560091.3 4883118.5 88702
409915 4880035.3 88712
428366.5 4881171.6 88713
430754.6 4879596.1 88722
430764.9 4880833.1 88735
435048.2 4881452.4 88736
564100.9 4882367.8 88737
565237.7 4882899.7 88738
569305.7 4883356 88744
415038 4881306 88749
559621.5 4882842.2 88754
413281.5 4881013.1 88759
434719 4881080 88760
568957.2 4883151.7 88761
406253.5 4880562.4 88763
405711.1 4880585.4 88774
583745.7 4883328.9 88775
560904 4882655.4 88780
412926.9 4880833.5 88783
405349.9 4880961.1 88787
424191.5 4881594.6 88794
573511.6 4883115.5 88795
569880.1 4882837.8 88802
573406.2 4882754.2 88803
574670.6 4882756.7 88804
574036.9 4882324.6 88805
561795.7 4882851.3 88811
560565 4882766.3 88818
562544.1 4882309.5 88819
561935.8 4882537.1 88820
402356.5 4880403.1 88822
569442.5 4882803.2 88823
572273 4883244.9 88824
405219.2 4880183.9 88840
570107.5 4882728.3 88841
404093.4 4879876.6 88849
403984.2 4880692.9 88848
411930.2 4880368.6 88850
560211.2 4882666.9 88851
412692.8 4880274.1 88857
583482.7 4882356.2 88858
413336.3 4880070.8 88864
414441.2 4880448.9 88865
564154.3 4882881.6 88866
407684.7 4880651.1 88881
408345.7 4880454.9 88882
424849 4879858 88883
570581.7 4882430.3 88886
571657.1 4882196.1 88887
572875.9 4882418.9 88888
433560.1 4880259.1 88894
436658.5 4881229.4 88902
572316 4882469.1 88903
575093.2 4882242.1 88904
433924.7 4881274.4 88923
560440.8 4882384.7 88924
583091.7 4882412.1 88925
585133.6 4882790 88926
575469.2 4882392.2 88935
583756.2 4881674.8 88936
584779.5 4882260 88937
434957.3 4881132.4 88940
564215.6 4881994.8 88959
565689.4 4882260.6 88960
564766.9 4881726.3 88966
575805.8 4882503.8 88967
569905.9 4882422.4 88982
407201.7 4880104.4 88986
408176.6 4880036 88987
561400.8 4882041.8 89001
563000.9 4882072.6 89002
402448.1 4880053.2 89005
423726.7 4879593.8 89006
406789.5 4880152.5 89015
408414.2 4880075.4 89016
409230.3 4880544.1 89017
431986 4880293.4 89034
560962.4 4882058.2 89040
411865.8 4879886.2 89065
413737.6 4879577.2 89074
575878.9 4881752.8 89076
575337.8 4881618.6 89077
561824.3 4881968.7 89080
572400.8 4881769.4 89081
406819.9 4879746.6 89086
401699.9 4879376.8 89095
405677.2 4879179.9 89106
405789.9 4878419.8 89107
404225.4 4878517.1 89115
407519.5 4879568.8 89116
565122.6 4881427.5 89117
572201.6 4881926.2 89118
430761.9 4878931.8 89123
431080.3 4880060.6 89124
420599.6 4879615.6 89130
421272.7 4879641.4 89131
421965.5 4879478.4 89075
565704.9 4881729.3 89132
429786.1 4880194.6 89137
430590.6 4880085.1 89138
408797.9 4878725.9 89145
419424 4879404.2 89146
433280.2 4879728 89147
570891.8 4882068.4 89148
574029 4881300 89158
406726.1 4878573.3 89168
572634.5 4881808.8 89169
574190.2 4881630.6 89170
431638.9 4879919.3 89173
562031.8 4881708 89174
573006.9 4881542.4 89175
573173.2 4881740.4 89176
414374.5 4879649.7 89177
415580.6 4878684.3 89178
397065.2 4878561 89195
427388.4 4880527.2 89196
561663.9 4881520.5 89201
428773.6 4879187.5 89207
562209.7 4881376.1 89212
406749 4877985 89222
406244.9 4878386.7 89224
571015.4 4881726.8 89228
574261.8 4881875.5 89229
397704.3 4878543.2 89237
571849.3 4881727.1 89240
413179.7 4879259.6 89250
432681.2 4879760.1 89251
582439.1 4881784.1 89252
412734.1 4879105.6 89259
565371.1 4880754.9 89260
398069.8 4878268.8 89264
432114.3 4879549 89265
562591.9 4881290.2 89266
562722.8 4880971.2 89267
415122.8 4878369.2 89274
571400 4881463.5 89275
583859.4 4880859.7 89288
403152.7 4879392.5 89295
402743.5 4879693.9 89105
402416 4878375.7 89296
414093.3 4879217.7 89297
576017.5 4881265.8 89298
427016.1 4879279.5 89303
401588.8 4878702 89311
563871.6 4881115.1 89315
572797.6 4881287.1 89316
411557.3 4878761.7 89319
563060.3 4881107.6 89320
563756.3 4880788.8 89321
582560.8 4881201.6 89328
403126.5 4878885.9 89332
412624.5 4878563.8 89333
572948.8 4881017.1 89336
573313.6 4881065.8 89337
435212.8 4879293.8 89342
406050.3 4879317.9 89349
576368.2 4881107.7 89361
414037.4 4878922.6 89364
420479.1 4879128.5 89365
425024.5 4879049.9 89366
424160.6 4879369 89327
433037.5 4879051.8 89369
565751.8 4880615.3 89370
433021 4878854.9 89378
413309.9 4878323.8 89385
417953.7 4878641.2 89386
563205.7 4880613.3 89390
403230.2 4878277.3 89404
420713.1 4878438 89405
410394.6 4878189.3 89410
422685.5 4878847.9 89411
564453.4 4880084.4 89425
564845.7 4880173.2 89426
427379.9 4878475.1 89439
428460.5 4878934.1 89440
574589.8 4880701.4 89441
576663.4 4880936.9 89442
398868.1 4878511.3 89446
400519.3 4877695.8 89447
396549.2 4877934.2 89458
423573.3 4878635.5 89459
573523.2 4880645.8 89460
430063.7 4878461.1 89466
419788.4 4878745.1 89474
398573.9 4877257 89480
400076.1 4877500.4 89496
408810.8 4877751.3 89497
413878.6 4877715.2 89498
419291.7 4878532.8 89499
421378.1 4878567.1 89500
576629.8 4880701.8 89501
398293.8 4877579.8 89511
403100.4 4877868 89512
424796.4 4878661.1 89513
430977.1 4878467.3 89514
422050.2 4878450.6 89526
399163.4 4877322.8 89535
566199.2 4880703.2 89536
420259 4877414.2 89544
422683.9 4878136.6 89545
566071.3 4880294.7 89546
575699.5 4880320.3 89547
418218.1 4877986.9 89550
418888.2 4877855 89551
419546.9 4877788.4 89552
416293.6 4877847.7 89567
400747.7 4877091.8 89575
572881.5 4880222 89576
576759.6 4880448.6 89590
421098.9 4877610 89592
563828.1 4880022.6 89593
423036.8 4878285.7 89595
431699.3 4878146.7 89600
433417.6 4878431 89601
574470.7 4880082.6 89606
404737.6 4878286.8 89616
405149.1 4878045.5 89617
423796.2 4877744 89618
401389.2 4876907.8 89626
421886.7 4877569.7 89627
424982.1 4877991.2 89628
573423.3 4880350.9 89629
416960.6 4877965.1 89655
421423.4 4877484.7 89656
430549.7 4878545.8 89657
411048.5 4877920.3 89670
576529.8 4879978.8 89671
577011.1 4880067 89672
423130.9 4877291.9 89675
402465.5 4877767.1 89681
425774 4877860 89682
429326.7 4877842.2 89683
566195.3 4880072 89684
412096.8 4877413.7 89686
573636.6 4880100 89699
410422.9 4877146.4 89714
422847.1 4877418.8 89731
410836 4877154 89738
424622.9 4877534.8 89739
430471.7 4877969.2 89749
566147.1 4879603.8 89750
573301.6 4879744.3 89751
576004.1 4879762.2 89752
427098.8 4877665.5 89758
408828.1 4877193.8 89769
409960.9 4877136.4 89770
396743.5 4876961.6 89775
407643.8 4877648.8 89776
428625 4877677.3 89777
574680.2 4879742.3 89784
432254.4 4878050.2 89798
432248.3 4877201.8 89799
564952.3 4879426.3 89809
565199.4 4879323.6 89817
399891.1 4876784.1 89825
431625.4 4877796.9 89826
422076.7 4877229.9 89831
564636.1 4879481.1 89832
577237.7 4879282.4 89833
398008.2 4877677.3 89837
431206.5 4876842.7 89838
402391 4876827.7 89845
403059.8 4876711.2 89846
574996.5 4879563.2 89851
397568.1 4876678.4 89857
566360 4879130.2 89858
395346.2 4876462.1 89866
394912.6 4876547.5 89844
395717.9 4876342.1 89867
417567.2 4877300.8 89868
435402.2 4877406.3 89869
574210.5 4879356.1 89870
575032 4879263.6 89871
415561.7 4877169.5 89878
414642.9 4877290.1 89847
566833.5 4879106.4 89879
567313.2 4879440.1 89880
576427.7 4878900.9 89884
433234 4876665.9 89896
425320 4876879.2 89905
416458 4876413 89923
434606.1 4877449.4 89924
435092 4877341.9 89925
434233.3 4876611.6 89930
575991.4 4879196.1 89952
417217.8 4876828.8 89958
418567.9 4877475.8 89959
404568 4877185.9 89969
405439.3 4875853.8 89970
429737.4 4877039.1 89971
424280.5 4877546.1 89979
567462.8 4879180.2 89980
565436.4 4879182.4 89986
566347.6 4878473.6 89987
419192.4 4876832.1 89999
419870.1 4876454.7 90000
394296 4876241.1 90007
574466.2 4878940.1 90011
427178.1 4876464.2 90023
428195.9 4876406.2 90024
429081.6 4876683.2 90029
434949.8 4876368.1 90035
567674.6 4878861.7 90036
567043 4878792.1 90045
574974.5 4878858.3 90046
402764.5 4875998 90057
418091.3 4876650.6 90067
399541.3 4876749.9 90076
413184.1 4876917.3 90077
435891.3 4877114.7 90078
566586.3 4878682.5 90079
575567.4 4878779.7 90080
396550.1 4875788.8 90090
407108.7 4875866.7 90091
415811.9 4876645.8 90092
424143 4876538.6 90093
435376.2 4876540.5 90094
399586.8 4876100.1 90100
411178.2 4877008.5 90101
411838.8 4875982.6 90102
398676.5 4876357.6 90105
406436.4 4875824.2 90106
414651.9 4876432.8 90115
577712.9 4878986.6 90122
398067.6 4875908.6 90143
412420.2 4874563.8 90144
415669.9 4875820.1 90151
421846.7 4875901.8 90152
393017.9 4875576 90170
408991.2 4875879.8 90180
577344.2 4878407.9 90181
402172.5 4875807.8 90188
424615.6 4876062.7 90189
575185.9 4878600.9 90190
425529.4 4876513 90217
398654.1 4876092.1 90224
403368.5 4875501.3 90225
575672.1 4878251 90226
417866 4876126.4 90237
417248.2 4875802.2 90238
418265.3 4876373.2 90239
578196.3 4878339.6 90244
394363 4875872 90252
419346.5 4876468.8 90253
429982 4876180.8 90254
435746.3 4876231.6 90259
576168 4878313.2 90260
576672.9 4877964.8 90261
395021.7 4875583 90276
400394.2 4873883.3 90277
401345.7 4874063.2 90278
418298.9 4875483.8 90286
399076.6 4874959.8 90295
430619.1 4876177 90296
395436.1 4875379.8 90303
396033.4 4876051.7 90325
419462.9 4875192.3 90326
431932 4875927.2 90327
396081.3 4874940.2 90333
576144 4877848 90343
577629.4 4877925.7 90350
578488.8 4877973 90351
414897.2 4875678.6 90362
426097.4 4875522.6 90363
429165.2 4876134.4 90364
429357.9 4875753.2 90365
429926.9 4875206.9 90366
394799.6 4875250.7 90374
408712.5 4875402.7 90413
397449.9 4875061.8 90443
398512.4 4874162.9 90444
427119.3 4875688 90451
428049.5 4875605.3 90452
431490.4 4875381.3 90453
430690.5 4874886.1 90461
435420.2 4875719.5 90462
424533.6 4874983.7 90475
428819.1 4875569.9 90487
428380.1 4874739.1 90488
395509.5 4874428.7 90498
578009.6 4877563.5 90499
578189.5 4877311 90506
427595.5 4874741.5 90541
576604.6 4877300.5 90551
577045.1 4877518.6 90552
416331.1 4875050.7 90559
425561 4874868.3 90560
393511.5 4875241 90565
393484.8 4874686.8 90566
434064.4 4874795.8 90572
433649.9 4876288.6 90561
434685 4875922.1 90573
393672.8 4874972 90581
427423.6 4874971.1 90582
402064.2 4874617.6 90592
403407.3 4874357.9 90598
405261 4875151.8 90597
426450.9 4874934.1 90599
426679.1 4874648.2 90600
433520.3 4874624.1 90601
403507 4874954.7 90610
429556.2 4874763.4 90611
394003.7 4874028 90616
407680.7 4874701.9 90617
414386.7 4873589.9 90624
422161.7 4874979.2 90625
435208.8 4875383.2 90626
409224.5 4874686.8 90631
428055.9 4874729.9 90632
577046.6 4877051.7 90633
402746.4 4874545.1 90645
423116.9 4873845.3 90651
435008.8 4875116.5 90652
429119.6 4874427.6 90657
416197.8 4874436.2 90664
578847.5 4877367.9 90665
432863.2 4873715.7 90673
577295.8 4876769.1 90674
578494.7 4876931.3 90699
420376.7 4874519.8 90715
405368.3 4874328.9 90723
577905.6 4876803.4 90724
433276.6 4873846.4 90733
421156.5 4873598.2 90752
397647.7 4873481.4 90770
434814.9 4874822.7 90771
405663.9 4873716.4 90780
407121.4 4873897.6 90781
393610.7 4874159.1 90786
417230 4873903.8 90802
418563.2 4874490 90803
396975.7 4873949.6 90808
396422.1 4873769.7 90809
434632.1 4874529.1 90834
418914 4873905.4 90862
419541.8 4874410.8 90863
419888 4873519.2 90887
399314.5 4874009.1 90892
432226.9 4874038.5 90893
417737.8 4873674.5 90905
418613.3 4874147.9 90906
425205.1 4874822.7 90939
395028.3 4873372.4 90948
415296 4874369.4 90949
419459.2 4873546.8 90950
430446.3 4873834.2 90951
402102.3 4872954 90957
434702.7 4874094.2 90958
425049.6 4873413.6 90968
399387.9 4873742.5 90979
426026.8 4873546.3 90980
420442.1 4873437.7 90994
427225.7 4873550.2 90995
408563.4 4874315.1 91004
409899 4873807.9 91005
425611.2 4873075.8 91006
426456.9 4873429.9 91007
426890.6 4873501.1 91008
403675.6 4873897.6 91024
402495 4873401 91025
408521.1 4873516.5 91026
408128.8 4873423.7 91040
407252.5 4873271.7 91186
434417.9 4874275.4 91041
415482.5 4873142.6 91048
399019.9 4873089.7 91061
418719 4872816.5 91062
427730.4 4873443.8 91063
408077.9 4872365.3 91067
424682.8 4873235.8 91068
431974.2 4873433.9 91069
404406.3 4873437.8 91075
394159.1 4872750.9 91084
428312.4 4873241.8 91085
416458.4 4873296.2 91099
403229.2 4873262.9 91108
403978.2 4873186.7 91109
397079.5 4872423.8 91113
434200.1 4873728 91114
431581.2 4873215.8 91140
404350.1 4873061.1 91192
428868.6 4872950.5 91193
429367.6 4872958.6 91194
403464.1 4872093.3 91220
404867.8 4871504.7 91221
433357.7 4874163.3 91222
433885.9 4873407.7 91223
399320 4872828.5 91234
407953.8 4872926.7 91235
429647.6 4872889.2 91239
430466.7 4872444.9 91240
431895.5 4872845.3 91409
430104.7 4872599.9 91252
433248.6 4872956.5 91265
403143.5 4872914.3 91271
398600.8 4872413.5 91278
399536.4 4872646.2 91279
396157.4 4872693.5 91284
400373.5 4871846.1 91285
406388.6 4872884.1 91286
405617.6 4872381.4 91287
411187.3 4872380.4 91288
410724.6 4872144.1 91289
395306.2 4872082 91299
404005.2 4871718.4 91302
406662.4 4872698 91303
406727.3 4872378.2 91304
407176.5 4872289.2 91305
412184 4871546.8 91310
412908.4 4871503.7 91311
413334.6 4871464.5 91312
421892.9 4872574.4 91313
422489.4 4874143.3 90934
411684.9 4872444.6 91319
417426.6 4872834.1 91320
403198.6 4872675.8 91332
402651.3 4872100 91333
416166.5 4872720.7 91334
417149.8 4872646 91339
423719.4 4872828.8 91357
408772.1 4872170 91371
426789.9 4872808.8 91372
427718.3 4872691.2 91399
407529.9 4872407 91416
399113.9 4871992 91454
399621.3 4872175.3 91455
432932 4872617.5 91460
433352.5 4873029.1 91465
417063.5 4872132.4 91471
418085.1 4871778.4 91472
432158.1 4872182.1 91473
393671.5 4871904.7 91486
394629.8 4872187.4 91487
426773.3 4872316.8 91493
414225.7 4870771.3 91517
420984 4872243.5 91518
398211.7 4871730.6 91536
415967.3 4872033.6 91544
414489.6 4871533 91555
425823.7 4871923.2 91556
420296.4 4871766.9 91564
423775.5 4871355.4 91575
425540 4871314.3 91576
427487.8 4872022 91577
396645.7 4870677.5 91597
429192.6 4871993 91598
393080.4 4871618 91608
394899 4871305.5 91622
415073.5 4870991.6 91623
426619.3 4871572.6 91624
401596.7 4871493.5 91634
395471.1 4871504.6 91639
402019.4 4871544.7 91640
406072.7 4871774 91655
406067.4 4871311.1 91656
418820 4872095.1 91667
421622.9 4871288.4 91668
421027.1 4871782.1 91675
397875.5 4870998.9 91692
421973.3 4870923.4 91699
428637.2 4871799.2 91700
393743.7 4871362.6 91713
402722.1 4871159.3 91726
393219.3 4870692 91755
393655.9 4870918.4 91768
400149.8 4871013.4 91769
416027.5 4871525.5 91770
427396 4871295.2 91777
406385.6 4870394.2 91779
394274.3 4871201.7 91806
416794 4870685.5 91807
417818.5 4870692 91808
419023 4870660 91826
431338.3 4871790.6 91827
430733.5 4871841.8 91578
409948.7 4871520.3 91838
410837.4 4870694.8 91845
394281.1 4870620.1 91852
401344.3 4871183 91853
401521.9 4870471.3 91861
402026.1 4870808 91862
420872.6 4871249.5 91863
429511.7 4871783.7 91864
429989.9 4871133.2 91865
394924 4870313.1 91880
395585.6 4870571 91881
431315.1 4871254.4 91892
428460.2 4871511.5 91902
427310.8 4870849.5 91964
432143.4 4870850.6 91911
429565 4870765.7 91924
416213.8 4870182.2 91948
427960.2 4870484.3 91949
408667.2 4870640.9 91963
408209.3 4870742.5 91972
432684.8 4871288.8 91973
430634.3 4870994.4 91984
400826.9 4870653.3 92003
402026.6 4870191.7 92004
426266.8 4871265.1 92005
405284.3 4870475.8 92012
419378.7 4870159.7 92050
402768.5 4870436.8 92073
408860.8 4870463.9 92074
409322.3 4869744.4 92075
431287.1 4870932.2 92100
432518.7 4870691.8 92101
395592.8 4869941.1 92112
398398.2 4869762.6 92113
399288.2 4870543.5 92114
400186.4 4870233.8 92128
412512.3 4870718.1 92129
404094.7 4870242.2 92138
419859.2 4869625.1 92139
401064.1 4870371.6 92146
397402.6 4869788.4 92162
398075.6 4869999.9 92163
400491.5 4869332 92164
420252.6 4869207.1 92165
392887.4 4870289.7 92172
410757 4869883.6 92178
431859.4 4870412.5 92183
408095 4867607.8 92189
392404.5 4869103.7 92197
403072.5 4870199.9 92198
394365.1 4869939.1 92214
425047.9 4871107.7 92215
399125.3 4869447.4 92237
403926.6 4869547.6 92238
428547.3 4870616.7 92239
430918.9 4870224 92240
426457.6 4869844.1 92255
394981.8 4869687.6 92275
422627.7 4871078.8 92276
424904.8 4869870.1 92277
398629.3 4869461.2 92284
401294.9 4869613 92285
391644.5 4868302.1 92290
401571.6 4868775.4 92291
412853.4 4870221 92292
426029.2 4869882.8 92293
427749.1 4870630.2 92294
390842.6 4868459.1 92305
422982.8 4868942 92307
402243.9 4870004.5 92335
415100.8 4870400.5 92336
399729.8 4869868.4 92344
425395.8 4868310.4 92353
428933.3 4870327.3 92354
428710.6 4869783.7 92355
429403.9 4869606.3 92356
399700.2 4869684.9 92362
404843.1 4869620.4 92370
400119.8 4869330.7 92376
412822.2 4869784.6 92377
422029.6 4869208.4 92385
432214.7 4869981.6 92386
396134.6 4869673.2 92407
411051.1 4868772.2 92408
411843.4 4868501.2 92409
412814.7 4869166.7 92413
393914.7 4869462 92434
393398.2 4869128.4 92435
431138.9 4869596.9 92436
431980 4869697.5 92447
399558.9 4869092.2 92458
414226.2 4869614.3 92466
396977.5 4868447.3 92474
415949.5 4868820.3 92475
406592.8 4869678 92486
414001.6 4868705.8 92487
417890 4869634.6 92488
394669.9 4869201.5 92494
397541.3 4868712.9 92505
413312.6 4868617 92513
395664 4869101.7 92529
395724.4 4868215.2 92530
395008.5 4868736.3 92540
432306.3 4869331.2 92541
404591.4 4869305.2 92549
404546.6 4868568.8 92550
405598.2 4868818.2 92551
427784 4868649.4 92552
394312.8 4868809.5 92568
398020.8 4868492.3 92592
420492.6 4868369.4 92593
406561.9 4868735.2 92607
418690.2 4869145.6 92608
427255.9 4868192.1 92609
400895.2 4868978 92620
417492.1 4869206.9 92621
418021.9 4868966 92622
431198.9 4868933.2 92625
398911.6 4869363.6 92636
398388.1 4868257.9 92650
431828.6 4869080.6 92661
426871.1 4868204.5 92675
402454.1 4868077.9 92680
409731.1 4868135 92681
392674 4867257.2 92713
398835 4868020.2 92714
390042.5 4867665.7 92753
416833.9 4868194 92754
420886.5 4868001.4 92772
393276.8 4868469.8 92791
430093.3 4867861 92792
407129.9 4868528.3 92800
418830.3 4868592.7 92815
394050 4868114.8 92828
431613 4868080.9 92853
394970.2 4868104 92868
394330.3 4867757.4 92875
393326.1 4868065 92881
431285.9 4868249.9 92882
418447.5 4868183.7 92891
406303.9 4868373.2 92916
412773.4 4868482.3 92917
406175.7 4867657.5 92938
407124.4 4867872.7 92939
389625.2 4867158.8 92953
388079.9 4867586.8 92867
393929.9 4866851.5 92984
395955.7 4867787.6 92993
400658.7 4867558.3 93001
418559.8 4867032.8 93008
419590.1 4867639.7 93009
421891.5 4868443.9 93010
424065.8 4868020.4 93017
423673.5 4868538.4 92816
403810.8 4867933.1 93030
403998 4867227.3 93043
405384.8 4867077.7 93044
428561.4 4867535.8 93045
387107.6 4867155.9 93056
386660.8 4867792.4 93029
397340.7 4866855.6 93057
399542.7 4867625.7 93058
422106 4868025.7 93059
422538.4 4867359.9 93060
417769.8 4867837.9 93078
399320.1 4867232.3 93084
400964.6 4866911.2 93085
416500.4 4867492.7 93086
424564.8 4866452.2 93097
396689 4867144 93119
414144.6 4868238.8 93120
417185.1 4867082.7 93121
392259.7 4867145.5 93126
420877.5 4866859.9 93145
398527.9 4867104.8 93153
414627.1 4867355.2 93184
394767.1 4866517.7 93194
387074.2 4866746.6 93204
386106.9 4866776.7 93205
412081.8 4867360.9 93212
415205.4 4866219.7 93219
415811.7 4866184.1 93220
414354.8 4867244.1 93238
410200.2 4867317.7 93252
393384.2 4866286.7 93265
409543.4 4866667.7 93266
410091 4866867.9 93267
387846.3 4867369.5 93274
411738.4 4867129.3 93298
425176.7 4866363.2 93307
386631.9 4866689.4 93313
387949.8 4866344.8 93314
407249 4867385.5 93315
406869.3 4866707.4 93326
411354.6 4866753.1 93327
413080.3 4866433.3 93328
413792 4867109.2 93329
428733.9 4866642.9 93342
395416.4 4866267.3 93351
400633.3 4867155.2 93352
423900.6 4865747.4 93353
391738 4866687.6 93372
431556.1 4867658.3 93373
421211.9 4866658.1 93383
389764.2 4866328.6 93388
390262.6 4866663.9 93389
428227.2 4867604.2 93398
398484 4866335.7 93413
406236.1 4866582.2 93414
421678.6 4866195.1 93419
416771.1 4867103.1 93454
420229.5 4866582.5 93455
427784.6 4866897.9 93456
386128.2 4866322.7 93485
391263.9 4866144 93486
414398.4 4865894.9 93487
414822.6 4866587.1 93488
385987.8 4865975.9 93499
385065.3 4866283.4 93325
386487 4866392.5 93522
403941.5 4866377.9 93523
386866.9 4865527.6 93541
409419.6 4866205.1 93542
408277.6 4865414.8 93549
427989.9 4866167.4 93550
387426.3 4865725.6 93591
395844 4865498.4 93592
406006.7 4865671.2 93593
406941.8 4865294.8 93594
401839.4 4864933.3 93606
412061.9 4866072 93616
411120 4865377.5 93617
399547.8 4865962.1 93626
401136.7 4864868.8 93627
418274.2 4865891.7 93628
391651.3 4865668.4 93645
392267.4 4865640.9 93646
398890.2 4865347.5 93647
389595.1 4865372.6 93658
391129.3 4865171.1 93659
393041.4 4866105.6 93666
426049.4 4865059.6 93678
385788 4864526.2 93682
416850.1 4863005.6 93683
419608.8 4866286.8 93694
426430.6 4864787.9 93695
427269.7 4866023.3 93696
431015.1 4866564.5 93697
398063.5 4865415.3 93710
404027.3 4865736.9 93716
430675 4866163.5 93717
415171.3 4865609.4 93723
397551.1 4865343.5 93728
396727.3 4865374 93729
420464.6 4865904.6 93739
429080.8 4866223.9 93740
389494.8 4864587.7 93751
422032.5 4865898.3 93752
393507 4865479.5 93762
394583.6 4865196.5 93763
394081.3 4865112 93764
409337.7 4865738.6 93773
430156.8 4865928.5 93774
420010.7 4865026.4 93782
400663.4 4864331.9 93803
422168.6 4865171.3 93804
387337.5 4865060 93814
421266.7 4866205.3 93815
423450.1 4865118 93816
399074.5 4865701.1 93826
399895.2 4864662.7 93827
428755.2 4865146.4 93866
395620.7 4864901.4 93881
392462.6 4865380.1 93890
427246.8 4865342.9 93891
392522.6 4864726.6 93921
423132 4865635.5 93935
429954.1 4865586.1 93958
430360.3 4865409.3 93959
414154.1 4864905 93967
393296.7 4864595 93977
420593.4 4864758.6 93978
411599.3 4864654.5 93992
405519.7 4864995.9 93999
405768.5 4864712.2 94000
406617.4 4864664.1 94001
421729.9 4865034.4 94002
418624.7 4864943.1 94013
421325.4 4864973.2 94014
424304.5 4865094 94031
397496.6 4864990.3 94040
403657.8 4864497.1 94041
429079.3 4864923.7 94042
428002.5 4864758.6 94051
428370.2 4864867.3 94052
386728.6 4863723.2 94075
387506 4864611.3 94076
429510.7 4864730 94077
430042.1 4865174.6 94078
404555.3 4863971.9 94087
408691.8 4864777.1 94088
394215.8 4864510.2 94103
404845.6 4864135.3 94104
395450.5 4863659.2 94120
388233.5 4863286.4 94131
399496.1 4864264.9 94132
423346.3 4864381.7 94150
395285.4 4864599 94166
403337.5 4864165.3 94173
415537.6 4864383.8 94174
414969.4 4864583.1 94206
417356.4 4864222.9 94207
416283.7 4865334.4 94220
387460.8 4863001.6 94249
388617.5 4864287.4 94250
390996.7 4863232.9 94260
391943 4864518.3 94261
407433.6 4864230 94263
408731 4864450.3 94264
422722.1 4863610.1 94265
406168.7 4864052.2 94272
391888.7 4863440.8 94277
405209.9 4863936.8 94278
406107.9 4863697.6 94279
416298.4 4863401.1 94280
427235.6 4864760.6 94281
408998.7 4863979.4 94295
425888.7 4863895.8 94301
425605.9 4866013.4 93648
427268.6 4863915.8 94302
388910.7 4863801.7 94309
421050.5 4864423.5 94310
425559.7 4863453.9 94311
421996.9 4863058.9 94319
388981.9 4862889.1 94327
394012.2 4864195.7 94328
424534.2 4864369.4 94336
410754 4863936.4 94362
419953.4 4863989.3 94363
417870.8 4863872.2 94380
406802.9 4863981.2 94386
423695.1 4864691.5 94391
420207.7 4863617.9 94403
421069.2 4863425.4 94404
407470.7 4863631.4 94411
408842.2 4863401.2 94412
413564.5 4864241.7 94438
413215.3 4863372.6 94439
415641.4 4863249.3 94440
425110.9 4863393.8 94441
428557.5 4864019.8 94442
418107.1 4863645.3 94452
423921.9 4863657 94453
414982.2 4863132.2 94462
418321.5 4863110.9 94463
390101.6 4862802.3 94485
429100.7 4864503 94499
399496.1 4863780 94504
400446.9 4863140.5 94505
418759.3 4863008.1 94510
406799.7 4862605.9 94523
395690.2 4862692.8 94553
410628.2 4863679.7 94572
427579.4 4863998.2 94588
410518.2 4863174.3 94602
402783.1 4863623.5 94610
402671.2 4862001.1 94786
405330.3 4863438.9 94633
385973.7 4861538.4 94674
408380 4863264.5 94675
404317.4 4863173.2 94682
405580.8 4862621.2 94683
401705.3 4863088.4 94692
407682 4863084.1 94693
417251.2 4863205.4 94699
427125.5 4863461.4 94706
402260.8 4862977.2 94723
417734.9 4862711.9 94724
386809.3 4861699.5 94733
423058.9 4862946.8 94734
401321.9 4862690.3 94749
426491.2 4863251.8 94750
426876.5 4863203.4 94751
402227.1 4862307.9 94775
403425.2 4862339.8 94776
408441.8 4862957.4 94777
399268.4 4861937.6 94790
423362.8 4862641.8 94791
424817.9 4862852.3 94792
399736.8 4861888.6 94802
407560.6 4862098.2 94803
408417.6 4862767.5 94804
420625.7 4862964.1 94805
419203.7 4862162.3 94811
420603.5 4862690.9 94812
404155.6 4862553.5 94835
400056.7 4861987.5 94851
401484.3 4862455.5 94852
400313.9 4861718.1 94893
391734.4 4861996 94897
395017.4 4862148.8 94919
391254.1 4862047.7 94923
412882.6 4862419.3 94924
399014.9 4861358.8 94959
421512.1 4862282.1 94960
408396.4 4862546.2 94967
408386.1 4861939.9 94968
411597.8 4862334 94973
387938.8 4862778.5 94979
419358.6 4861549.6 94980
408699.8 4861750.3 94997
424628.3 4862447 94998
411771 4861228.2 95003
410899.7 4862147.2 95004
419546.4 4861137.6 95005
393116.3 4862028.7 95010
393020 4861367.4 95205
395937.5 4862195.4 95017
416244.7 4861956.2 95018
422358 4863274.4 95019
422587.1 4861692.6 95028
416593.6 4862258.7 95035
417615 4861038.5 95036
388625.3 4861770.7 95049
390004.1 4861973.4 94988
396151.3 4861887.7 95060
404895.9 4861957.7 95067
387563.9 4861347.8 95077
401078.9 4861574 95078
401470.1 4861669.1 95079
420650.9 4862236.7 95090
383886.9 4860441.1 95104
398145 4861814.2 95105
397154.8 4860759.9 95106
395650.4 4861628.8 95135
396939.5 4861372.2 95136
418816.9 4862046.3 95144
418333.7 4861767.7 95156
424363 4862132.4 95165
391332.5 4861361.1 95169
413073.9 4861391 95170
423055.4 4861631.9 95171
423514.8 4861007.7 95172
391770.7 4860967.2 95185
406587.9 4861794.9 95186
406245.7 4861028.1 95187
388610.1 4861418.6 95190
400847.9 4861125.4 95191
420668.6 4861891.5 95192
425735.2 4861825.9 95206
418278.5 4861038.2 95213
394935.5 4861219.5 95222
401614 4861329.1 95223
424825.6 4861331.1 95224
401770.8 4860851.2 95239
421497.8 4861244 95240
396379.4 4861122.2 95247
384209.7 4860197.4 95251
404671.5 4860966.1 95252
404518.2 4861438.9 95270
423835.7 4861330.7 95271
424632.8 4861793.6 95272
388718.8 4860414.4 95280
402984.1 4861820.7 95281
395020.1 4861376.7 95285
408805 4861314.9 95286
388265.8 4860924.8 95290
383301.3 4860646.4 95296
382740.8 4860834.4 95259
385460.6 4860393 95297
390253.8 4860422.5 95298
395994.6 4861146.9 95299
420256.7 4860257.8 95300
409547 4861226.3 95305
398755.3 4860811.8 95318
406914.4 4861034.8 95333
407294.7 4861168.1 95334
394206.8 4860600.7 95344
393886.8 4860744.9 95349
420476.6 4860999.2 95350
395720.4 4860642.3 95369
425505 4861482.9 95370
415740.5 4861566.8 95378
391292.7 4860170.8 95389
394718.8 4860470.6 95390
395085.5 4860740.7 95391
402151.8 4860796.6 95397
402405.2 4860431.5 95398
411597.1 4860424.6 95405
418189.8 4859705 95426
417448.4 4859279.2 95427
415167.4 4861092.4 95440
418776.2 4860758.3 95450
425421.9 4861051.4 95457
393288.9 4860811.4 95462
401175.8 4860696 95472
406970.3 4860446.5 95473
392629.6 4860179.7 95477
409435.6 4860833.9 95478
400478.6 4860860.7 95486
402646.1 4860294.7 95512
415198.3 4859226.9 95518
385628.7 4859763.4 95531
387167.3 4860097.8 95532
408188.1 4860442.9 95535
409206.6 4860396.2 95536
420832.5 4860843.9 95537
400235 4860218.8 95545
422855.5 4860730.2 95546
388127.4 4859940.7 95552
388918.3 4860175.1 95511
425467.6 4860531 95553
415379.3 4860666.6 95560
382891.6 4860516.6 95573
403337.8 4859953.8 95574
380607.1 4860017.5 95591
383411.3 4860381.8 95592
392349.4 4860054.2 95593
399144.2 4859957.3 95594
401235.4 4860352.2 95595
382839.9 4859973.8 95603
398689.8 4860345.6 95608
421027.4 4860111 95609
393280.3 4860159.3 95628
393835.3 4859932 95631
423975.4 4860576.8 95642
395221.7 4860102.2 95650
406137 4860200.4 95660
411535.3 4859306.8 95670
421517.8 4860171.6 95671
422097.8 4860367.9 95672
425301.7 4860712.2 95673
403723 4859574.5 95680
382889 4859399 95684
394236.4 4859666.7 95685
397220.3 4859746.4 95686
395314.6 4859755.6 95697
397026.2 4859306 95698
401151.9 4859842.7 95699
424393.8 4860263.1 95700
404268.7 4859456.7 95708
405794.8 4859945.3 95709
420746.8 4859552.1 95710
401699.4 4859880 95730
389418.1 4859636.9 95737
381004.6 4859559.9 95748
380714.4 4859564.1 95590
398681.6 4860010.6 95749
419685.3 4860451 95750
422867.2 4860199.1 95761
394814.2 4859783 95764
407530.9 4860156.3 95768
399597 4859066.7 95777
408979.4 4859751.9 95778
386764.9 4859716.3 95786
399364.7 4859432.3 95791
418657.3 4859869.3 95821
381631.4 4859370.2 95830
382437.7 4858830.4 95831
389767.3 4859427.9 95832
406948.2 4859474.8 95833
384734.8 4859771 95839
385246.6 4859774.2 95840
405198.5 4859417.7 95841
407815.1 4859474.9 95842
419893.1 4859417.8 95843
402855.4 4859882.2 95856
402100.3 4859396.5 95857
386338.8 4859394.2 95869
392863.1 4859453.9 95877
414813.9 4858573.8 95878
422083.2 4859705.4 95879
422790.7 4859711 95880
424676.8 4860127.7 95881
387438 4859209 95888
391660.6 4859679.1 95889
388112.9 4858142 95898
396522 4858863.7 95899
400260.5 4859110.8 95900
419447.2 4859085.1 95909
422340.2 4859745.5 95910
423726.1 4859916.8 95911
405599 4859295.5 95919
388771.4 4858579.8 95927
393338 4859056.9 95928
400298.7 4858795.2 95929
401807.4 4858535.6 95930
381628.5 4859032.3 95938
386645 4859017 95939
390153.5 4859168.5 95940
390211.4 4858298.8 95941
390942.7 4859129.2 95942
396080.9 4858155.7 95943
406368.4 4859376.4 95944
391203.5 4858554.1 95973
391684.5 4859114.2 95974
385677.3 4858494.4 95985
385947.4 4858371.1 95986
421779.8 4859345.4 95987
385182.9 4858870 96007
394331.1 4858563.3 96008
392157.9 4858262.6 96017
421311.7 4859297.2 96033
383900.4 4858732.3 96043
402881.4 4858986.7 96044
392657.6 4858828.9 96067
381781.4 4858801.1 96079
381563.3 4858428.7 96080
406415 4859027.3 96087
393431.1 4858575.6 96092
383752.7 4858241.9 96098
390937.9 4858572.9 96099
406911.7 4858705 96100
409154.5 4859322 96101
389359.3 4858317.7 96110
409386.1 4858533.4 96111
386944 4858726.7 96116
404870.7 4858940.2 96117
391609.6 4858246.1 96145
404622.2 4858739.9 96146
403890.3 4858518.5 96162
409730.6 4857756.5 96179
385175.8 4858337.5 96194
405383.4 4858193.8 96198
421098.2 4859012.7 96199
407568.4 4858592.8 96216
408593.9 4857604 96217
404813.7 4858309.9 96228
398250.6 4858016.8 96235
386596.3 4858025.5 96247
382344.7 4857907.7 96252
381967.4 4857698.9 96268
393268.9 4858310.2 96269
381571.4 4857955.1 96277
398058.8 4858133.8 96278
421048.2 4858508 96283
383643.1 4857662 96287
410349.3 4857772.8 96292
410039.7 4858050.2 96210
420684.8 4858405 96295
381190.4 4857813.9 96311
379959.3 4857794.9 96310
414542.7 4858261.9 96312
384849.6 4857780.2 96321
410632.6 4857861.2 96322
398601.4 4857874.7 96330
411779.3 4857895.3 96331
406686.9 4858320.7 96346
420277.7 4858336.6 96347
407507.2 4857888.1 96356
386190.8 4857390.9 96368
399625.1 4856542.2 96369
400930.4 4857622 96370
410866.5 4857491.4 96371
384555.5 4857579.3 96392
392286.4 4857493.9 96393
380512.7 4857302.3 96396
385709 4857673 96397
390460.5 4857164 96398
412033.2 4857598.3 96399
413992.4 4857868.9 96400
420127.6 4858107.7 96401
393480.4 4857463.5 96411
406771.7 4857154.7 96415
381406.7 4857248.3 96441
404464.5 4855281.1 96442
403240.9 4857780.4 96431
404705 4856509.5 96443
395169.8 4857233.2 96453
397634.3 4856931 96454
386847.5 4857299.8 96460
416891.3 4858222.1 96461
382736 4857253.6 96478
393807.4 4857238.4 96501
394258.9 4857031.6 96502
416125.7 4858474.8 96503
418058.4 4857752.1 96504
399188.6 4856345.1 96510
382068.3 4856800.5 96518
409474.1 4856992.3 96519
388882.6 4856846.1 96526
406938 4857197 96535
385237.1 4856625.6 96542
385762.2 4857045.2 96543
389806.2 4857045.6 96544
382381.4 4856795.6 96554
383360.8 4857446.8 96555
390737.7 4856755.6 96556
379878.1 4857264.8 96567
402478.9 4856947.4 96568
412204.9 4857345.6 96569
383898.9 4857157.9 96582
412703.9 4856226.1 96583
398399 4856780.5 96595
380422.8 4856593.3 96607
405585.6 4857100.8 96608
416788.4 4857396.1 96609
418422.8 4857675.3 96616
419067.9 4857590.3 96617
383457.6 4856911.2 96631
413030.1 4856646.6 96641
387058 4856868.7 96645
417713.4 4857691.1 96646
384208.5 4857066.5 96659
384161.7 4856797.9 96662
381091.1 4856489.5 96668
379481.3 4856117.6 96674
380363.6 4856900.5 96675
417509.6 4857222 96676
417909.5 4857353.8 96677
392167.2 4856683.5 96680
392796.5 4856893.1 96681
388765.8 4855741.8 96692
382599.7 4856926.1 96698
383136.2 4856330.4 96699
396007.4 4857136.6 96700
397208.5 4856349.5 96701
416448.2 4856937.3 96702
387080.7 4856524.5 96709
407175.8 4857395.4 96714
411905.2 4855971.4 96715
413705.7 4857422.8 96716
401583.5 4855731.2 96737
384607.4 4856358.6 96742
402840.5 4856580.3 96743
414571.8 4856970.5 96744
415772.5 4856493.9 96745
385653.9 4856470.2 96752
384274.7 4856332.9 96763
394680.9 4856315.7 96764
410837.1 4856289.1 96774
411473.8 4856333 96775
381696.4 4856579.6 96815
400218.7 4855936.8 96816
406781.8 4856569.3 96818
391864.3 4855853 96822
410445.3 4856684.7 96823
413298.9 4856354 96824
380887.2 4855834.7 96833
382622.1 4855908.6 96834
416889.3 4856483.7 96835
390615.1 4856011.8 96845
381612.4 4855924.3 96849
405177.3 4855826.9 96850
405390.1 4855584.1 96860
406095.3 4856556.3 96861
411650.2 4856045.8 96862
386217.7 4856073.4 96883
392676.6 4856017.5 96884
413428.3 4856038.3 96895
387316.7 4856313 96903
410257.1 4856166.1 96904
382391.9 4855383.3 96911
403367.8 4856200.8 96912
384028.6 4856183.8 96921
385623.2 4854719.3 96922
402202.2 4856290.9 96923
409757.1 4856225.7 96938
392266.1 4855823.2 96949
389807.8 4855758.6 96954
397012.1 4855787.9 96955
403467.2 4854656.2 96956
413713.4 4856191.6 96957
384029.1 4855593.9 96968
390738.9 4855726.8 96969
406386 4856250.8 96970
408440.1 4856000.9 96971
407759.6 4856217.4 96985
386638.7 4855815.3 96997
387349.8 4855881.4 96998
409206.2 4856119.1 96999
414152.7 4856046.3 97004
414780.8 4856080.1 97008
414429.6 4856007.4 97009
383349 4855445.9 97037
403345.3 4854450.2 97038
407170.5 4855914.9 97056
407632.5 4855988.4 97057
415210.6 4856033.6 97058
395908.1 4855413.6 97066
387622 4855675.2 97086
405805.4 4854513.8 97101
407284.6 4855030.1 97102
413760.7 4855631.2 97113
415457 4855947.9 97114
386850 4855437.2 97135
391725.9 4855473.1 97136
395146.2 4855624.6 97137
404067.5 4854523.6 97138
415903.6 4855911.4 97139
399096.9 4853985.8 97147
399886.8 4854169.1 97148
400712.4 4855358.8 97149
416369 4855910.2 97150
392373.7 4852884.4 97170
409141.7 4855775.4 97178
409406.2 4855124.9 97179
381796.7 4854405.9 97183
387771.8 4855149.5 97184
409901.9 4855160.9 97185
382238.8 4854863 97188
401225.6 4854795.3 97189
401647.7 4853922.9 97686
407769.2 4855525.4 97190
394895.2 4855335.9 97205
413464.4 4855472.1 97206
410695.9 4855059.5 97222
413995.6 4855610.8 97223
414677.9 4855552 97224
386506.8 4854441.1 97229
387395.1 4854812.7 97230
394755.6 4855000.3 97231
408533.8 4855146.5 97232
413029.7 4855422.6 97233
415141.1 4855565.7 97234
415672.7 4855739.1 97246
414249.1 4855439.9 97255
389898.2 4854984.2 97263
390742.7 4855175.8 97300
391312.9 4852393.4 97309
412409.5 4856203.9 97323
384333 4854513.8 97345
401959.8 4853991.3 97346
383595.9 4854130.1 97356
412047.4 4854922 97362
400470.6 4855008.5 97395
390724.5 4854720.1 97414
399968.1 4855796.7 97415
400157.3 4854759.9 97416
412824.3 4855095.6 97421
381729.4 4853779.1 97424
393488.1 4852084.6 97429
409111.1 4854858.1 97430
410891.7 4855050.6 97431
389580.3 4854450.7 97444
388723.1 4854557 97456
406455.9 4854292.5 97457
411004.7 4854748.3 97469
408742.8 4854588.9 97487
393061.1 4852260.7 97501
401025.2 4854667.4 97513
387135.8 4854018.3 97518
387463.6 4853773 97519
390424.2 4853376.5 97529
400155.5 4854461 97530
411289.9 4854626.4 97531
388812.9 4854185.5 97544
400754 4854229.6 97553
409748.4 4854393.6 97566
409182.2 4854380.3 97567
398310.8 4853932.1 97573
401065.1 4853321.8 97574
389388.9 4853229 97580
398030.3 4853716.7 97619
388215.4 4853165.7 97643
397910.4 4853431.8 97644
407035 4854019.3 97645
385190 4853351.1 97673
407658.5 4853906.5 97681
395799.1 4853663.9 97693
394659.8 4851832.5 97700
401643.2 4852998.4 97704
386417.1 4853334.4 97712
387551.8 4852930.2 97719
384524.7 4853311.8 97723
384786.3 4852721.8 97728
397900.3 4853115.6 97731
407333.3 4853720.3 97741
406956.9 4853479.5 97742
404360.5 4853549.9 97752
381343.4 4853299.1 97755
382151.2 4853111.4 97761
387259.5 4853226.4 97762
396616.9 4852130.7 97767
382696.7 4852135.8 97774
382535.8 4853042 97799
386434.6 4851199 97811
386541 4853028.7 97812
383060.3 4852922.6 97815
383944.2 4852554.3 97816
404539.2 4853203.6 97823
406261.2 4854045 97824
394753.1 4852878.5 97833
404181.6 4853227.8 97841
397046.5 4852401 97851
398735.7 4852392.4 97874
400081.8 4852479.3 97875
402473.8 4853088.8 97876
403826.8 4853029.4 97877
388464.6 4853146.4 97889
387048.2 4852085.7 97893
404930.3 4853026 97916
381399.7 4850879.8 97947
389021.9 4852524.8 97957
399792.1 4852248.9 97958
388611.8 4852230.4 97970
388018.1 4851585.8 97994
393978.9 4852075.5 98020
381995.6 4850596.6 98035
382886.4 4850854.3 98053
395841.7 4852138.9 98061
384591.8 4851557.7 98066
388558.3 4851650.2 98067
389362.9 4851780.5 98068
390011.8 4851215.7 98069
400725.9 4852265.8 98070
401326.8 4852045.9 98071
397508.8 4852051.4 98121
398408.9 4852104.4 97962
387829.5 4851443.7 98135
395632.5 4851581.7 98149
393059.8 4850512.3 98166
395172.2 4851186.5 98167
397696.3 4851466.8 98177
398481.7 4851517.1 98184
399343.8 4851470.7 98214
387541 4850747.9 98231
396254.7 4851146.6 98232
394972.8 4850919.9 98246
397325.8 4850995.9 98247
385014.7 4851155.5 98254
398289.6 4851229.6 98255
389257.9 4850510.9 98264
388433.7 4851371.7 98271
395432.5 4851262.4 98284
394700.4 4850869.9 98306
385066.6 4850703.7 98324
388375 4850406.7 98337
388875.3 4850110.6 98338
395950.1 4850757.1 98353
396457.3 4850952.9 98354
385450.5 4850486.3 98408
394565.7 4850544.1 98421
383211.8 4851251.6 98428
384097.5 4850024.5 98440
384601.5 4850142.8 98441
395456.8 4850460.9 98445
384969.8 4850307.3 98455
385620.7 4850115.1 98456
386759.4 4849781.8 98457
393863.6 4850086.9 98486
395047.8 4850194.1 98509
385342.1 4850111.2 98529
390317.4 4850615.8 98534
384920.5 4849935.6 98547
394136.1 4850162.7 98557
390209.4 4849783.7 98564
394587.6 4850031.6 98565
388243.3 4850019.8 98591
388981 4849442.5 98592
389655.4 4849724.5 98602
389331.3 4849520 98603
382930.8 4849835.4 98609
383292.8 4849563.4 98610
394050.7 4849581 98618
394790.6 4849793.5 98619
383675.5 4849574.8 98628
384177 4849682.8 98629
387954 4849527.9 98662
394424.3 4849402.3 98669
388401.9 4849430.7 98731
382680.3 4849400.8 98756
393706.9 4849143.3 98757
393427.6 4849013.2 98786
392737.5 4848814.2 98812
391487.7 4849180.7 98823
394044.1 4849047.2 98856
393377.5 4848373.8 98944
393107.6 4848433.6 99002
392800.3 4848282.6 99117
528830.9 4931601.9 71161
476521.3 4930007.3 71720
462751 4910751.6 78905
418677.4 4881017.4 88965
410909.9 4870268.2 92306
