0.00400305
0.234895
0.732914
0.0803947
0.724999
0.00461311
0.199942
0.0662426
0.0565101
0.00238216
0.0831781
0.108357
0.0793612
0.0840052
9.93344e-11
0.0666176
0.170071
0.0109211
1e-10
0.678628
0.174074
0.0639082
0.0944908
0.000875605
1.45333e-10
9.7213e-11
0.00481767
0.00919115
0.355327
0.035451
0.157159
0.000449476
0.278082
0.033594
1.12903e-10
0.806555
0.15959
0.161858
0.406931
0.118159
0.615982
0.890233
0.0611466
0.0963097
0.070411
0.449254
0.0793017
1.75034e-10
0.67475
0.249312
0.0894224
0.301452
0.633759
0.952431
0.478934
0.105858
0.0580622
0.13493
0.00365082
0.0015533
1.01027e-10
0.804613
0.00230415
0.000152257
0.0642099
0.939762
0.0491736
0.329253
0.0772655
9.90677e-11
0.685698
0.198692
0.748081
0.0128309
0.0140514
0.000180787
0.00225749
0.994991
0.10797
0.0144411
0.279366
0.0496349
0.00173813
0.114683
9.88798e-11
0.588836
0.659225
0.265469
0.169161
0.680994
0.64911
0.284065
0.000374124
0.463819
0.595164
0.735343
0.244984
0.0111175
0.0578402
0.0778312
0.0759869
0.00154385
0.0995779
0.540391
0.06548
1.13573e-10
1.0853e-10
0.600892
0.0710419
0.0369879
0.731939
0.798752
0.00785059
0.0667215
0.226234
0.431148
0.318286
0.790132
9.96728e-11
0.0844305
0.00462499
0.724945
0.0481465
0.164949
1.00485e-10
0.290582
0.838539
0.0914142
0.042958
0.13039
0.774122
0.0249474
0.0373262
0.00620038
9.96927e-11
0.090361
0.178654
0.375314
0.779461
0.00508166
0.00241857
0.982766
0.676074
0.879273
0.00050013
0.627349
0.265806
0.000317801
0.000251898
0.396183
1.14059e-10
0.670628
0.134657
0.0239073
0.00863373
0.447744
0.957308
0.700043
0.0890225
0.214937
0.185901
0.147351
1e-10
0.650386
0.15108
0.029101
0.0315742
0.0818366
1.00183e-10
0.403649
0.284887
0.247931
0.00496811
0.275184
0.35389
0.641502
0.302397
0.001568
0.414871
0.876738
0.305237
0.665009
0.381296
0.185829
0.0568727
0.0498959
0.0903187
0.0867309
0.114347
0.495763
1.03319e-10
0.00894657
0.0351799
0.744523
0.00085565
0.00720512
0.488573
0.0498496
0.094571
0.0227461
0.00571287
0.00573609
0.114228
0.931208
0.0478638
1e-10
0.0367407
0.582149
0.00490144
0.0732517
0.155017
0.00258433
0.0389955
0.554059
0.612682
0.0124215
0.0454886
0.0981948
0.0106991
0.424059
0.594009
0.33274
0.0733687
0.600091
1.00579e-10
0.0375875
0.0716812
0.0249263
1.0351e-10
9.43665e-11
1e-10
0.00042811
0.504966
0.292087
0.0135287
0.555251
0.326073
0.28411
0.0943076
0.107423
0.391461
0.0493279
0.458712
0.222304
0.254249
0.64334
0.274566
0.489661
0.451405
0.00193525
0.00742347
0.868357
1.00777e-10
9.5664e-11
0.28825
0.444709
0.00439415
0.0922455
0.613994
2.14266e-10
9.47209e-11
0.946932
0.360407
1.00595e-10
0.00751469
0.355957
0.0380011
0.00388358
0.0536022
0.160669
1.01571e-10
0.0472113
0.00734767
0.710351
0.0652519
0.0982389
0.380224
0.543258
0.195664
0.0783861
0.0943537
0.0862795
0.015377
0.858869
0.00528901
0.0432567
0.149146
0.0103469
0.0549395
0.621704
0.0421021
0.238338
9.97587e-11
0.698027
0.0727753
0.782789
0.00705282
0.596481
0.669371
0.157276
0.268853
9.96787e-11
0.00369413
0.161984
9.41212e-11
0.989266
0.621445
0.242393
0.00192086
0.00284226
9.54808e-11
0.076418
0.0149037
0.0888564
0.251388
0.0404687
0.00522632
0.044125
0.029434
0.589057
0.0449319
0.0855691
0.051361
0.186847
0.13262
0.092894
0.394071
0.580553
0.253628
0.000446442
0.569249
0.375617
0.192675
0.676863
0.4418
0.007357
0.357588
0.0815469
0.157605
0.13298
0.00492654
0.712727
0.179484
0.260675
0.522825
0.941337
0.772295
1.00638e-10
0.0352607
9.74499e-11
0.123062
0.0178743
0.896471
9.59498e-11
0.0216804
0.170657
0.432741
0.0710583
0.0113319
0.441339
0.508672
0.068802
0.899487
1.02661e-10
0.0701176
0.073174
0.46811
0.820006
9.7973e-11
0.174404
0.997128
0.8621
0.164267
0.617722
0.831991
0.129901
0.0153676
0.185739
0.979062
0.00784537
0.00343809
9.919e-11
9.96716e-11
0.0751471
0.0832378
0.0938825
0.102161
0.0236266
9.97344e-11
8.51639e-05
0.00806755
9.87582e-11
0.0696292
1.06795e-10
0.0021291
0.449096
0.104472
0.0729417
9.90146e-11
0.1354
0.00947234
0.0461741
0.506222
0.039988
0.0872389
0.0955493
0.0190109
9.74964e-11
1.0262e-10
1.1443e-10
0.0426423
0.0407458
9.3692e-11
0.0241176
0.0349889
1.01038e-10
0.00224764
0.0963534
0.0647902
9.99862e-11
0.143134
0.0340896
1.01626e-10
0.972928
0.655919
0.10486
0.409401
9.44611e-11
9.43205e-11
0.9438
0.729478
0.737522
0.779374
0.191632
0.129908
0.509137
0.638843
0.660409
0.640893
0.0609765
0.171425
0.161059
0.0812304
0.448657
0.104341
0.0390119
9.95811e-11
0.156591
0.00135119
0.0313456
0.0922097
0.0857572
0.0750557
0.0470206
9.79203e-11
0.188434
0.211121
0.160025
0.00708249
0.163765
0.0373849
0.329373
0.371633
0.491903
0.385168
0.314671
0.0823734
0.897564
0.799478
0.834
0.631305
0.785747
0.758704
0.107009
0.763937
0.562535
0.443078
0.840795
0.674249
0.708349
0.708349
0.458861
0.910698
0.0182888
0.00641199
0.0606872
0.00566697
0.0214784
0.0103918
0.136657
0.0354891
0.00920405
0.00141779
0.0104283
0.0490662
1.00404e-10
0.0156655
9.95876e-11
0.00947466
9.93183e-11
0.00341748
0.712003
0.637128
0.850976
0.630922
0.817952
0.777003
0.645368
0.575946
0.664981
0.556661
0.0990987
0.577283
0.652018
0.244058
0.518175
0.662801
0.639838
0.542204
0.103563
0.573832
0.664135
0.622107
0.60633
0.443171
0.676687
0.497827
0.559731
0.322821
0.684529
0.514509
0.114464
0.494354
0.422011
0.276492
0.392036
0.412015
0.18839
0.0760934
0.644749
0.693714
0.436516
0.0198773
0.0516086
0.0225612
0.265959
0.0141215
9.19654e-11
0.0222382
0.207909
0.169749
0.276601
0.183251
0.132794
0.204289
0.218827
0.133956
0.519427
0.650671
0.676396
0.295737
0.135216
0.807653
0.898602
0.772305
0.123428
0.873755
0.900723
0.688831
0.142174
1.05552e-10
0.019124
0.0677964
2.95169e-05
0.993131
0.0135592
0.00164417
0.0198633
0.0573379
0.0104681
0.0364638
0.00639004
9.72588e-11
0.499957
0.496235
0.245294
0.984759
0.00273834
0.999069
1.13394e-10
0.87607
0.997838
0.980547
9.98311e-11
0.475822
0.0195264
0.00293143
0.914233
0.997364
0.982835
0.998519
1
0.597902
0.000373697
9.93262e-11
0.878822
0.0105282
0.681597
0.668048
0.539026
1
0.99494
1
0.000119853
0.000124882
0.6663
0.933304
0.913065
0.0234685
0.954963
0.993714
0.00278521
0.327424
0.896415
0.908244
0.971064
0.424661
0.964708
0.795328
0.974535
0.995355
0.669197
0.996195
0.703408
0.995278
0.976377
0.690926
0.853836
0.604408
0.968182
1
0.995912
0.999363
0.980386
0.995427
0.00526171
0.938893
1
0.989406
0.953188
0.364302
0.97397
0.998939
0.939853
0.0527731
0.96112
0.929346
0.785972
0.907303
0.941692
0.914627
0.980102
0.124034
0.976383
0.2253
0.253191
0.782063
0.694366
0.995529
0.73521
9.97448e-11
0.972383
0.0868552
0.984884
0.994926
0.969012
0.992609
0.959544
9.94208e-11
0.994827
0.886056
0.602188
0.00208565
0.00223937
0.000230408
0.000143825
0.00483336
0.00677977
9.9719e-11
0.00847215
0.0680907
0.0262638
1e-10
0.0425067
0.838224
9.99554e-11
0.0218459
0.0267653
0.761914
0.784405
0.942508
0.70003
0.918791
0.935089
0.967062
0.704535
0.915864
0.0029509
9.96958e-11
1
0.877759
0.955598
0.987477
0.928762
0.837045
0.867328
0.87496
0.26086
0.745251
0.787739
0.849595
0.594979
0.748916
0.814236
0.413522
0.717635
0.717466
0.844652
0.48462
0.370162
0.773452
0.796412
0.307702
0.29461
0.744143
0.850168
0.180414
0.650186
0.70647
0.832161
0.779814
0.738334
0.717454
0.884213
0.857151
0.666178
0.269147
0.817352
0.401288
0.604196
0.789454
0.0799218
0.331393
0.720934
0.799208
0.262744
0.0900032
0.212761
0.43589
0.531496
0.180223
0.249756
0.0598445
0.254331
0.100748
0.750796
0.117794
0.135584
0.0606886
0.17542
0.29243
0.575995
0.0933696
0.0793741
0.109263
0.684572
0.656108
0.311942
0.923704
0.0478371
0.452827
0.163348
0.0217229
0.76115
0.101512
1e-10
0.936959
1e-10
0.989577
0.0294421
1e-10
0.0808345
0.014611
1e-10
0.947544
0.252431
0.852866
1
0.0766227
9.99057e-11
0.515364
0.787207
0.813506
0.00230426
0.00405585
0.000119624
0.00264286
0.0920134
0.0578742
0.971518
0.548667
0.249847
0.0267056
9.997e-11
0.014901
0.161004
0.377914
0.07425
0.423751
0.0208884
0.165849
0.0543445
0.0504665
0.147003
9.99869e-11
0.453548
0.0355997
0.795789
0.405008
0.895286
0.494595
0.224586
0.711471
0.590409
0.855256
0.612348
0.0935414
0.686032
0.518467
0.31369
0.178936
0.222201
0.159718
0.744696
0.0844924
0.636109
0.113681
0.61323
0.754127
0.530512
0.33212
0.126598
0.363746
0.396353
0.231116
0.520123
0.394711
0.3081
0.768895
0.349
0.693264
0.239251
0.584721
0.304296
0.423087
0.0875236
0.461353
0.401568
0.422948
0.215448
0.361896
0.657126
0.426023
0.312608
0.310775
0.261817
0.236936
0.324686
0.288099
0.0338399
0.0103872
0.00745038
0.147148
0.0253104
0.103907
0.0891609
0.0534013
0.0164321
0.110269
0.0547525
0.00850955
9.63508e-11
1e-10
0.0141062
0.528925
0.212668
0.740005
0.104327
0.709193
0.280766
0.51504
0.828878
0.394364
0.23993
0.213845
0.891658
0.663461
0.636188
0.735476
0.513824
0.736022
0.528254
0.878824
0.58023
0.449661
0.772723
0.676201
0.572735
0.796633
0.5334
0.905313
0.83584
0.86671
0.508597
0.623483
0.387443
0.289724
0.817489
0.884241
0.815971
0.318415
0.296642
0.896946
0.691177
0.198558
0.86673
0.149188
0.911326
0.845283
0.357446
0.862553
0.186907
0.844398
0.886778
0.867999
0.143727
0.978909
0.89067
0.213607
0.932215
1
0.850767
0.98498
0.591961
0.87559
0.677338
0.0711581
0.951295
0.0324829
0.254518
0.298355
0.173704
0.928836
0.843782
0.809896
0.617088
0.830407
0.897343
0.730942
0.821864
0.4732
0.747274
0.900203
0.384392
0.829939
0.73648
0.0886764
0.856709
0.568494
0.789109
0.751659
0.496221
0.682828
0.169501
0.292302
0.0640462
0.0582264
0.84267
0.708193
0.17165
0.710669
0.221063
0.414913
0.0908902
0.0692379
0.781236
0.259072
0.0777078
0.0453322
0.843421
0.575368
0.222224
0.758196
0.602908
0.210097
0.811148
0.747188
0.758261
0.619907
0.533642
0.833993
0.423947
0.222543
0.377662
0.238205
0.170784
0.183609
0.0849583
0.866223
0.765215
0.934333
0.945892
0.822961
0.891065
0.949568
0.524308
9.956e-11
0.886709
0.964119
0.955097
0.938609
0.0928317
0.471193
1
0.644617
0.710133
0.224152
0.973492
0.979662
0.995801
0.980297
0.988791
0.902334
0.654405
1e-10
0.00619972
0.746821
0.928145
0.997019
0.687257
0.969913
0.933221
0.939387
0.200688
0.472651
0.0110441
0.939239
0.998991
0.576944
0.232444
0.0408377
1e-10
0.0192941
0.344074
0.113439
0.172748
0.383832
0.0215574
0.223826
0.768638
0.114707
0.566506
0.0827637
0.213488
0.0646613
0.615707
0.337522
0.130315
0.0367042
0.191609
0.0662409
0.441796
0.0671091
0.132809
0.0376798
0.0695579
0.0115515
0.414707
0.0802591
0.0284284
0.0903483
0.0824513
0.123811
0.0814213
0.0681982
0.693788
0.601961
0.420922
0.338587
0.508523
0.206055
0.348483
0.361447
0.277233
0.120659
0.186202
1.94301e-10
0.959606
0.965983
0.878865
0.838109
0.0945304
0.02652
0.594024
0.884086
0.275319
0.0382826
0.250543
0.704658
0.751017
0.49441
0.702606
0.648412
0.672842
0.810524
0.588231
0.636472
0.585334
0.829563
0.648367
0.572021
0.437483
0.393872
0.489371
0.386328
0.534257
0.24859
0.580928
0.444713
0.369964
0.231237
0.226399
0.0106942
0.0948259
0.112117
0.228908
0.184409
0.175167
0.0781634
0.18807
0.135222
0.370952
0.296934
0.348081
0.0109445
0.528982
0.656798
0.154006
0.0966181
0.380538
0.22708
0.61691
0.293228
0.622758
0.663271
0.656921
0.762412
0.171757
0.196684
0.657981
0.63183
0.336172
0.259986
0.419306
0.232397
0.43907
0.40689
0.30357
0.207695
0.240364
0.137948
0.612792
0.816524
0.463632
0.232625
0.358857
0.255703
0.271259
0.193937
0.127445
0.136957
0.480645
0.138466
0.243263
0.134565
0.0967831
0.401219
0.326893
0.231174
0.310576
0.253133
0.304493
0.2897
0.361733
0.317536
1e-10
0.987345
0.995527
0.00157752
0.99311
0.0129614
0.883204
0.47064
0.994633
0.976661
0.922119
1
0.232591
0.999824
0.726541
0.759678
0.734284
0.112491
0.806107
0.749983
0.993804
0.977869
0.0680716
0.000269874
0.0431633
0.863213
0.775889
1.00279e-10
0.969291
0.987641
0.119211
1.07102e-10
1e-10
0.407792
0.958556
0.999948
0.218301
0.250537
0.95595
1.09227e-10
0.76462
0.038595
0.889736
0.640699
0.720374
0.558896
0.146195
0.112847
0.252983
0.293458
0.661725
0.773276
0.0894575
0.119633
0.000327447
0.00356445
9.97291e-11
0.00280166
1.10203e-10
0.000833142
0.00501017
0.000510348
0.00488333
0.00505545
0.0857912
9.9957e-11
0.0247533
0.00148684
0.00929283
0.214446
0.0300482
0.0995971
0.0105376
0.181929
0.0285723
0.397392
0.0191458
0.178176
0.0464726
0.0117995
0.00289756
0.0941794
0.00871893
0.0707793
0.078663
1.00876e-10
0.0152613
0.00109432
1.02394e-10
0.00826989
0.00311666
9.95191e-11
0.00411065
0.000458028
0.000954744
0.0434961
0.151931
0.0849632
0.00890949
1.04671e-10
0.00770043
0.0734026
0.0601128
0.174118
0.00545529
0.0891683
0.0906611
0.0918106
0.0577389
0.0686088
0.00678003
0.0971599
0.133253
0.0176043
0.821484
0.0952864
0.106003
0.00889378
0.107234
0.148483
0.184448
0.17134
0.071815
0.252501
9.95409e-11
0.900208
0.81084
0.23066
0.903357
0.794095
0.807552
0.68959
0.203903
0.42961
0.495764
0.70306
0.59118
0.544342
0.265967
0.561825
0.596198
0.531831
0.534619
0.342879
0.499749
0.687387
0.403038
0.586906
0.675904
0.23208
0.200888
0.467822
0.397044
0.283865
0.349562
0.765026
0.588206
0.193465
0.173886
0.291244
0.252009
0.0201833
0.292092
0.325113
0.355954
0.473024
0.441844
0.303116
0.258353
0.146458
0.184426
0.217138
0.260199
0.188608
0.136145
0.158845
0.0191358
0.230942
0.0979736
0.132832
0.119896
0.147279
0.144392
0.17983
0.169597
0.153057
0.0531562
0.0062978
0.182521
0.0567767
0.408083
0.739416
0.432102
0.175612
0.210616
0.334042
0.467814
0.594812
0.61505
0.322806
0.863544
0.69608
0.0147261
0.0182004
0.0307913
1.14354e-10
9.74728e-11
0.0201536
0.0037291
0.00164528
0.0579661
1e-10
9.80406e-11
0.00459829
0.00604982
9.99109e-11
0.188109
0.130438
0.0120669
0.0295554
1e-10
9.86975e-11
0.0114197
0.00067756
1e-10
1.00382e-10
1.0256e-10
0.000819148
1e-10
0.00219188
0.0106826
0.00024698
0.00107837
1e-10
0.0401593
0.0179996
0.00179188
0.0928198
0.00179051
0.00107392
0.0362702
0.0273099
0.0139364
9.79456e-11
0.00218002
0.00026051
0.0809611
0.00158378
0.00265513
0.0329603
0.0639715
0.127639
9.76586e-11
0.000799735
1.00072e-10
0.0140766
9.91714e-11
0.0605978
0.00612783
0.211837
0.187137
0.623274
0.594332
0.272186
0.695074
0.116042
0.23517
0.249902
0.420075
0.227269
0.743052
0.526524
0.517934
0.68608
0.430904
0.522041
0.60066
0.460459
0.624781
0.6717
0.534014
0.335572
0.840678
0.613314
0.468308
0.470972
0.296521
0.387823
0.34735
0.70238
0.845337
0.561294
0.885739
0.760296
0.662786
0.782652
0.696731
0.804306
0.460759
0.73124
0.492913
0.537943
0.662651
0.518901
0.429756
0.657256
0.436416
0.624038
0.60943
0.596099
0.185741
0.169342
0.243573
0.272817
0.176393
0.0981601
0.188061
0.099872
0.185924
0.177467
0.08361
0.170574
0.186915
0.75415
0.557846
0.497241
0.300003
0.294765
0.217285
0.760233
0.896374
0.765493
0.768801
0.180828
0.620481
0.764786
0.799866
0.733123
0.585779
0.9
0.805194
0.485354
0.0307636
0.840627
0.609772
0.789427
0.748023
0.536935
0.0651173
0.0810648
0.71616
0.340634
0.0493281
0.086303
0.0897004
0.110064
0.846747
0.274406
0.0875139
0.0572969
9.96713e-11
0.00456799
9.94752e-11
0.0841002
1e-10
0.059324
0.0250961
0.0193011
0.0587523
1e-10
9.57136e-11
0.0698619
0.0444269
9.75391e-11
1.04476e-10
0.0626573
0.0153351
0.526281
0.55828
0.104237
0.153905
0.566008
0.472331
0.548617
0.572839
0.428555
0.449969
0.393118
0.638499
0.41779
0.492566
0.557837
0.447163
0.751544
0.619534
0.761126
0.674501
0.956552
0.778675
0.466537
0.44681
0.79533
0.438491
0.82248
0.750657
0.539467
0.435983
0.739482
0.82088
0.559411
0.453061
0.549822
0.544662
0.532905
0.669344
0.620845
0.604867
0.666105
0.709862
0.050519
0.018314
0.690494
0.636297
0.535967
0.517418
0.832784
0.314121
0.934098
0.657943
0.744421
0.787414
0.353032
0.602398
0.680355
0.380819
0.640512
0.352753
0.761568
0.487008
0.659642
0.590895
0.566209
0.483093
0.588358
0.288816
0.709144
0.464236
0.368703
0.480403
0.717993
0.471685
0.780095
0.82653
0.670133
0.583517
0.114359
0.364295
0.444022
0.354649
0.234211
0.0978283
0.298547
0.50367
0.456371
0.534274
0.475509
0.435384
0.194559
0.0932211
0.71755
0.604826
0.0399994
0.183843
0.316864
0.375722
0.528744
0.513869
0.404254
0.464777
0.634095
0.242047
0.291831
0.270214
0.136845
0.208049
0.184686
0.210973
0.780818
0.200231
0.149821
0.0917109
0.0743182
0.341991
0.653174
0.212973
0.723766
0.673354
0.664719
0.612571
0.382997
0.859042
0.140006
0.451817
0.589195
0.466342
0.4401
0.854183
0.148441
0.494057
0.459544
0.80086
0.772032
0.766872
0.107286
0.598222
8.85995e-11
0.0425297
0.0285679
0.105033
0.0414891
0.00146986
0.0485023
0.50148
0.044031
0.178359
0.130545
0.00637854
0.105944
0.598064
0.0944764
0.0988343
0.0510408
0.0510589
0.00856679
0.132516
0.12797
0.0637556
1.08424e-10
0.0356461
0.0666238
0.0829611
1.02809e-10
0.0732995
0.113214
0.0331511
0.076266
0.383506
0.0794233
0.138308
1.00137e-10
0.134985
0.0398682
0.0924792
0.0707154
0.442811
0.123714
0.0339212
0.127816
0.0827681
0.35957
0.562634
0.624597
0.265239
0.677092
0.487047
0.243503
0.507236
0.667435
0.533119
0.426323
0.423499
0.131603
0.473017
0.349688
0.436224
0.727325
0.345391
0.256083
0.394319
0.50403
0.375935
0.344408
0.158011
0.7567
0.480468
0.198662
0.126678
0.538647
0.312667
0.6714
0.147169
0.344231
0.205905
0.639274
0.418689
0.654468
0.151073
0.689773
0.433404
0.114003
0.24913
0.668116
0.577267
0.114288
0.0916874
0.826942
0.141524
0.530286
0.886405
0.239138
0.683596
0.0148808
0.0315177
0.58138
0.751533
0.748766
0.795968
0.880358
0.804798
0.788522
0.863276
0.879529
0.792948
0.022731
0.0624926
0.0662608
0.0513303
0.00293023
0.0280294
0.00167746
0.00138649
0.0296675
9.76207e-11
0.0400616
0.0973673
0.073899
0.058482
0.102588
0.143728
0.0532802
0.0605338
0.00680382
9.89999e-11
0.0796949
0.0703584
0.011879
0.00151709
0.00182268
0.0607722
0.0499627
0.0166795
0.0504074
3.96322e-05
0.179127
0.0425662
0.0106861
1.00338e-10
9.98975e-11
0.0624622
0.00192885
0.0592723
0.146991
0.010948
0.0734378
0.173754
0.582256
0.34558
0.242633
0.286178
0.350665
0.266209
0.105185
0.0314508
0.542901
0.425395
0.437348
0.350815
0.578121
0.495233
0.526394
0.640209
0.595531
0.549189
0.617378
0.377906
0.589416
0.371768
0.458744
0.688033
0.6543
0.61764
0.752265
0.448492
0.729385
0.550543
0.566343
0.505449
0.500712
0.302027
0.519381
0.777224
0.772704
0.711682
1.05983e-10
0.0282276
0.00708876
9.95889e-11
0.112455
0.186589
0.681442
0.2489
0.154241
0.347732
0.386006
0.363235
0.221769
0.304325
0.251639
0.269035
0.156196
0.126895
0.0539349
0.311915
0.0443275
0.217037
0.157283
0.0967354
0.0542253
0.0931853
0.0158333
0.0169384
0.00725554
0.0878633
0.11275
0.395833
0.35669
9.98982e-11
0.493429
0.171698
9.98884e-11
0.00674697
0.000276447
0.0140147
9.97368e-11
0.078779
0.0385448
0.027193
0.0305244
0.00429033
0.0130193
0.0706926
0.000853626
0.056261
0.059888
9.9914e-11
0.0162809
0.00329279
0.0785021
0.03476
0.0147487
0.000550528
1.05487e-10
0.164233
0.0153462
0.022979
0.0188977
0.113508
0.166593
0.0108929
0.0836161
0.0509024
0.0955584
0.131956
0.0768089
0.0832643
0.15227
0.0897726
0.118033
0.0926372
0.143092
0.0350499
0.0713037
0.176135
0.0810887
0.172685
0.258286
0.430795
0.376287
0.151537
0.19184
0.106358
0.0146954
0.537652
0.786258
0.896229
0.711459
0.590566
0.605616
0.654366
0.677452
0.494968
0.466274
0.59926
0.762491
0.84828
0.804086
0.482877
0.0996083
0.832616
0.611391
0.570307
0.807284
0.627684
0.63524
0.0666563
0.27861
0.81727
0.345839
0.934335
0.9281
0.984301
0.636875
0.686507
0.224936
0.05137
0.252621
0.209904
0.15168
0.071089
0.0758056
0.287756
0.170468
0.127331
0.137017
0.158326
0.18869
0.171223
0.114057
0.143617
0.504615
0.615846
9.92116e-11
9.95012e-11
0.0709427
9.87187e-11
9.59609e-11
0.0249228
9.98023e-11
0.0634663
0.0305378
0.0598315
0.191029
0.278122
0.192657
0.110036
0.20531
0.0765709
0.261252
0.259321
0.203454
0.263407
0.131198
0.10986
0.0322004
0.15807
0.260911
0.187748
0.108227
0.119822
0.45002
0.416983
0.307759
0.457404
0.213036
0.134895
0.0675723
9.92128e-11
0.32693
0.824244
0.466886
0.694169
0.549388
0.368575
0.709967
0.618578
0.480001
0.58561
0.446423
0.180573
0.435896
0.508517
0.517006
0.491989
0.329662
0.700223
0.396702
0.794927
0.526717
0.912394
0.711
0.621072
0.476311
0.649652
0.584675
0.618301
0.731435
0.7647
0.74085
0.797171
0.870391
0.541027
0.110803
0.316937
0.998753
0.45913
0.0782455
0.0721015
0.111032
0.26895
0.217256
0.354092
0.19617
0.0656084
0.165791
0.436842
0.377496
0.26944
0.0292569
0.0205002
0.238842
0.0376004
0.127168
0.421366
0.154072
0.0952808
0.443247
0.562711
0.186007
0.45809
0.0961555
0.31132
0.224805
0.329375
0.119662
0.133326
0.245202
0.0916544
0.310597
0.295819
0.256259
0.506379
0.27016
0.309649
0.36613
0.109679
0.733392
0.867467
0.507174
0.698667
0.582858
0.414566
0.463411
0.53855
0.483017
0.524336
0.552315
0.334825
0.644652
0.17397
0.555475
0.311309
0.433889
0.429669
0.459549
0.491552
0.441721
0.401152
0.943256
0.728282
0.857877
0.992352
0.134121
0.569456
0.324684
0.50764
0.431914
0.253528
0.343209
0.182018
0.285061
0.348318
0.36495
0.213672
0.162419
0.248327
0.0867052
0.297792
0.193123
0.191109
0.0333395
0.758166
0.139569
0.452095
0.191431
0.361998
0.200967
0.735385
0.691484
0.682997
0.452972
0.528527
0.433211
0.352111
0.516996
0.366396
0.401308
0.395783
0.205898
0.251294
0.0768511
0.0759461
0.374866
0.688229
0.127544
0.718683
0.0309344
0.958823
0.280751
0.754889
0.408557
0.333549
0.204197
0.208999
0.742311
0.585342
0.72497
0.90199
0.702586
0.831676
0.0885473
0.0915561
0.0293154
0.00692922
0.0195554
0.0939845
0.0905067
0.209249
0.130721
0.0530024
0.877644
0.471192
0.707496
0.731431
0.369286
0.146161
0.203662
0.322041
0.794617
0.268038
0.355428
0.132319
0.0514467
0.18821
0.0704284
0.187707
0.359271
0.328401
0.471114
0.143588
0.15298
0.828152
0.235812
0.788216
0.456033
0.254515
0.41349
0.294414
0.0593076
0.689326
0.596395
0.758519
0.397361
0.580957
0.0711899
0.465013
0.732548
0.544024
0.641113
0.583834
0.0837995
0.474693
0.524781
0.449538
0.69239
0.649766
0.543604
0.571831
0.689391
0.655367
0.555479
0.640184
0.709732
0.000558004
0.701969
0.612873
0.51207
0.691712
0.533151
0.165585
0.527396
0.653548
0.556384
0.375202
0.554881
0.54899
0.306
0.151177
0.88324
0.767499
0.523716
0.26231
0.0937857
0.680317
0.724497
0.937666
0.396021
0.736647
0.794106
0.669288
0.404693
0.543278
0.634036
0.635181
0.722122
0.249255
0.525808
0.86842
0.485762
0.807931
0.285506
0.811882
0.751123
1
0.836883
0.856391
0.884933
0.878678
0.945954
0.731641
0.662324
0.682784
0.615811
0.73939
0.560666
0.534552
0.603854
0.723471
0.6256
0.60573
0.771102
0.749628
0.442386
0.700881
0.681226
0.690491
0.718489
0.984941
0.987627
0.239363
0.837165
0.844942
0.785958
0.940728
0.919942
0.946422
0.94206
0.223146
0.823316
0.703499
0.743793
0.611191
0.762106
0.671768
0.0514652
0.028573
0.0459478
0.61996
0.104035
0.193132
0.301949
0.411318
0.476091
0.658587
1
0.203376
0.00116076
0.407357
0.995013
0.993341
0.132765
0.0316799
1.04064e-10
0.0237743
0.148879
0.0231824
0.0508502
0.0340819
0.0300453
0.037393
0.996804
0.0695618
0.243773
0.554358
0.988466
0.706449
0.00202369
0.00010381
0.610792
9.97464e-11
0.0406049
0.171992
0.0643897
0.0665885
0.284626
0.907649
0.998648
0.984232
0.00339509
0.624241
0.0409578
0.0951093
0.00798197
0.137002
0.175605
0.206449
0.0996811
0.0736914
0.223858
0.0798982
0.0620595
0.0837257
0.170297
0.156887
0.0176923
0.879733
0.383286
0.438483
0.0982616
0.383087
0.906097
0.852533
0.0398901
0.454434
0.189028
0.130241
0.715667
0.594175
0.75011
0.621163
0.841052
0.756925
0.937034
0.929846
0.216409
0.0328301
0.0287143
0.624434
0.826774
0.70957
0.826409
0.856823
0.750114
0.69685
0.829414
0.707726
0.824879
0.741404
0.83899
0.829195
0.756107
0.759502
0.684534
0.721003
0.75337
0.749702
0.81449
0.754951
0.749591
0.761166
0.717363
0.761207
0.881522
0.867922
0.750938
0.752919
0.7106
0.67486
0.883731
0.876306
0.864146
0.943828
0.821502
0.688077
0.651323
0.760353
0.938684
0.941908
0.857347
0.573459
0.438869
0.762273
0.832691
0.738277
0.64985
0.667804
0.0175171
0.9612
0.705377
0.661091
0.815602
0.861332
0.806083
0.831626
0.834336
0.440356
0.852362
0.78487
0.381107
0.155561
0.515986
0.938549
0.877928
0.909352
0.981116
0.792029
0.0406576
0.0264486
0.150714
0.0101288
0.60718
0.625485
0.378946
0.529851
0.176396
0.325471
0.2177
0.374689
0.0896621
0.44123
0.22411
0.276138
0.793891
0.781728
0.622477
0.766118
1
0.90758
0.0214996
0.892116
0.960171
0.912304
1
1
0.844127
0.0441057
0.844151
0.99654
0.998733
1
0.987672
0.0587458
0.0216461
0.935526
0.00111829
1
0.968604
0.00623991
0.99536
0.656418
0.999513
0.176619
0.964393
0.994574
0.921458
0.991046
0.94635
0.939407
0.59836
0.990836
0.897936
0.966922
0.837556
0.99919
0.942499
0.964942
0.906781
0.907068
0.955157
0.661115
0.851203
0.882792
0.893751
0.856775
0.709262
0.502523
0.957786
0.978221
0.541063
0.230292
0.835618
0.996097
0.445504
0.0112801
0.466574
0.898648
0.731933
0.118822
0.0403511
0.691462
0.863622
0.0607255
0.984817
0.997759
0.621111
0.165517
0.844372
0.769047
0.0988624
0.000244199
0.879578
0.999391
0.750616
0.548819
0.223332
0.018339
0.042756
0.380138
0.999959
0.995192
0.992944
0.975681
0.470094
1
0.469676
0.052282
0.720555
0.996412
0.0350626
0.970166
0.00250525
1
0.0775942
0.95533
0.263988
0.231553
0.104848
0.145869
0.0184524
1.00054e-10
0.000428501
0.19833
0.0311068
9.9378e-11
0.0286468
0.0152029
0.0339842
0.0350069
0.357142
1e-10
1
0.0131764
0.00347915
0.00178168
0.0501976
1e-10
0.90159
0.0359724
0.945954
0.021141
0.0231105
0.000173465
0.0258395
9.98334e-11
0.979078
0.99456
0.906101
0.558753
0.70226
0.0116015
0.0698467
0.207563
0.909949
0.464712
0.681517
0.091778
0.070768
0.00696911
9.62127e-11
0.0103057
0.0033429
0.00312482
9.834e-11
9.95367e-11
0.967328
0.108766
0.0270288
0.0226063
0.0210838
0.963551
0.0148395
9.98361e-11
0.014501
0.666065
0.0183384
0.00762342
0.013624
0.0178709
0.000637016
0.215475
9.78515e-11
0.0103182
0.0071598
0.00443732
0.958382
0.710011
9.94195e-11
1.00203e-10
0.954289
0.774077
0.995306
0.966312
0.415665
0.00435135
0.0225981
0.98643
0.824366
0.917954
0.754363
0.646525
0.920902
1
0.992137
0.0192481
0.966636
0.747686
0.201195
0.0586564
0.142199
0.136083
0.1146
0.083089
0.0695353
0.112164
0.221672
0.0168604
0.105117
0.206905
0.200562
0.173972
0.236199
0.177901
0.133625
0.117403
0.000788698
0.062631
0.100053
0.112607
0.0971992
0.191172
0.243017
0.0436539
0.181229
0.156675
0.0886731
0.0944786
0.192728
0.158772
0.0771822
0.058406
0.182048
0.21374
0.161535
0.229887
0.247092
0.209498
0.127046
0.244779
0.295285
0.307187
0.22394
0.268316
0.143651
0.00951305
0.0919507
0.0195301
0.0830341
0.233116
0.10091
0.401377
0.255999
0.383908
0.0595635
0.0722538
0.128992
0.094899
0.307557
0.231574
0.0072868
0.06259
0.0420055
0.0238682
0.202252
0.31067
0.133686
0.0998898
0.386927
0.278398
0.246705
0.304149
0.321645
0.364824
0.313942
1.01855e-10
0.208947
0.131994
0.080727
0.14053
0.249433
0.190456
0.311327
0.023023
0.364206
0.265421
0.0252141
0.128437
0.233394
0.0599004
0.158361
0.105345
0.286937
0.251218
0.134998
0.0035873
0.00936267
0.169384
0.229333
0.354668
0.408889
0.415512
0.521344
0.389744
0.322093
0.281725
0.713465
0.395073
0.284928
0.225207
0.0345154
0.0418169
0.0161881
0.037996
0.0015138
0.0677128
0.0498523
0.0481806
0.122408
0.000394147
0.0329826
1.03004e-10
1.0123e-10
0.0699282
0.0316535
0.326082
0.469146
0.700355
0.255949
0.0560909
0.813973
0.354959
0.231607
0.0541001
0.107383
0.00717128
0.274711
0.260423
8.29528e-11
0.0179398
0.685347
0.785175
0.742581
0.823455
0.0184509
0.0536705
0.014076
8.41072e-11
1.64418e-10
0.0230804
0.000950517
0.0914242
0.762666
0.730317
0.1868
0.0897273
1.04528e-10
1.0103e-10
0.35299
0.00173352
0.274079
1e-10
0.447678
1.07416e-10
0.215976
0.148812
0.423917
0.22933
0.0975351
0.0101418
0.0461136
1.00843e-10
0.872245
0.859784
0.326466
0.995658
0.00294462
1.0018e-10
0.703988
0.988946
1
0.0752041
0.90397
0.960222
0.0296842
0.000846961
0.000987645
0.00134929
0.00195666
0.0013465
0.00127653
0.0911587
0.814026
0.0212865
0.913002
0.837485
0.952996
0.997391
0.121179
0.0257741
9.94784e-11
0.00534304
9.97074e-11
0.00236597
0.0441025
4.78822e-11
5.97505e-05
0.00402392
0.0126193
0.00110321
1e-10
0.00227672
0.29845
0.165612
8.81247e-05
0.0111602
0.000822094
0.0094087
0.72501
0.958983
0.959632
0.878157
0.819914
0.726595
0.827417
0.921421
0.781956
0.240863
0.807055
0.857426
0.735929
0.745217
0.81442
0.786086
0.80009
0.840342
0.855439
0.824185
0.904543
0.82626
0.812733
0.543019
0.516119
0.494034
0.568763
0.73407
0.660565
0.608439
0.753602
0.677167
0.411396
9.92979e-11
0.69981
0.68844
0.166596
0.706788
0.365511
0.462962
0.320489
0.424562
0.472086
0.199616
0.596399
0.795943
0.0372568
9.96972e-11
0.797258
0.703165
0.372603
0.00338779
0.711871
0.0832021
0.139104
0.0679172
0.518563
0.50318
0.192552
0.00412982
0.138856
0.0288744
0.105345
9.48356e-11
0.348959
0.288053
0.024638
0.0199344
0.272391
9.83425e-11
0.102743
0.0167172
0.0662367
0.00737767
0.0718875
0.00607322
0.0254476
9.6533e-11
0.00109683
0.0412476
0.0178565
0.00468059
0.0755491
0.000865455
0.0280975
1.03776e-10
0.614371
0.40258
0.483608
0.520628
0.505999
0.601806
0.610529
0.354442
0.464876
0.500532
0.00387963
0.000615874
0.134931
1.00108e-10
0.00728057
9.71149e-11
0.100965
1.00348e-10
0.0570733
0.00311574
9.82646e-11
0.00558487
0.0421603
0.036469
0.091077
0.085042
0.00939553
0.105917
0.173738
0.135315
0.735614
0.583176
0.2061
0.05029
0.337564
1.06314e-10
0.113138
0.0218919
0.135912
0.755004
0.646301
0.00162358
0.195256
0.0104373
0.0556488
1.09695e-10
0.0174592
0.732213
0.663698
0.0723922
0.0196841
0.0477066
0.00522764
0.0206288
9.89801e-11
0.913166
0.785085
0.749942
0.924123
0.884948
1
0.877669
0.838803
0.99155
0.985459
0.950238
0.979665
0.917814
0.846674
0.207969
0.0217246
0.556124
0.120169
0.0400295
0.000611054
0.0584662
0.479062
0.172848
0.115221
0.0594387
0.0163173
0.846194
0.0523294
0.997647
0.380809
0.00194398
0.018329
0.0105282
0.0145116
0.994141
0.724897
0.820454
0.826871
0.723191
0.855306
0.82091
0.968409
0.848776
0.749444
0.544097
0.769769
0.762659
0.747882
0.984346
0.973339
0.762645
0.849479
0.909254
0.875531
0.700354
0.848376
0.501931
0.790037
0.941283
0.992885
0.996269
1
0.895866
1
0.225446
0.289879
0.117907
0.144337
0.126969
0.0312642
0.0436853
0.0412175
0.10179
0.17097
1.00856e-10
0.00366782
0.00774308
0.0203379
1.00093e-10
0.0397452
0.0351955
1.01114e-10
1e-10
0.0447984
0.0118093
0.000601133
1.01055e-10
0.00373767
0.0122987
0.00141095
0.00171506
0.0156141
0.000254379
9.64681e-05
1e-10
9.99627e-11
1.03394e-10
2.48423e-06
0.947144
9.21421e-11
0.00190925
0.00048949
0.38455
0.531487
0.340911
0.402261
0.167704
0.0847706
0.111712
0.133419
0.373092
0.432485
0.341242
0.395927
0.249564
0.288322
0.550117
0.564626
0.562719
0.412753
0.363047
0.472862
0.339157
0.068066
0.367591
0.0120655
0.176443
0.170043
0.393418
0.0948355
0.132897
0.0983478
0.495151
0.386436
0.00727725
0.0250303
0.205446
0.178485
0.503589
0.386205
0.176509
0.190127
0.171654
0.0752733
0.508273
0.446432
0.0534671
0.00437911
0.00575188
0.00136059
1
0.930425
0.792859
0.893181
0.843901
0.72907
0.614457
0.751795
0.95727
0.430087
0.998719
0.860674
1
0.689903
0.988155
0.99683
0.976711
0.950533
7.72713e-05
0.44101
0.928096
0.0643674
0.985442
9.94479e-11
0.978572
9.77356e-11
0.949121
0.949016
0.995455
0.0787324
3.08034e-06
9.98413e-11
0.000798104
0.00213176
9.9618e-11
0.0271674
0.000912821
0.0107964
9.6892e-11
1.05095e-10
0.0710424
9.86464e-11
0.00138122
9.82183e-11
1.08212e-10
0.270087
0.00551559
0.000927117
0.00268701
9.88065e-11
9.81692e-11
0.0176722
0.000560443
1.00705e-10
0.00108061
0.00187338
1.01792e-10
0.000638655
0.00423108
1.10193e-10
0.000493312
1.02063e-10
1.01299e-10
1.01032e-10
0.000874407
0.896559
0.11273
0.771486
0.939965
1
1
0.977975
0.870896
0.060907
0.0894965
0.00381862
0.0357963
0.886358
0.0618394
1e-10
0.0794903
0.0173615
0.0786542
1.00751e-10
0.00124534
9.53862e-11
9.9663e-11
8.71988e-11
1.00621e-10
0.0162653
9.72589e-11
0.000945959
0.000323055
0.00319275
1.0034e-10
0.00345504
1.00395e-10
1.03237e-10
1.01999e-10
9.88944e-11
1.02332e-10
0.00030047
0.00233444
9.77106e-11
9.07311e-11
4.88619e-05
9.99443e-11
0.000959693
0.899505
0.973323
4.17929e-06
0.243744
0.000291495
5.12091e-05
9.9871e-11
7.95696e-05
9.99913e-11
1.42083e-10
1.00179e-10
1.07326e-10
0.941576
0.304321
0.113712
0.0103473
1.00864e-10
0.000162084
0.848759
0.321605
0.159637
9.15175e-11
0.253482
0.128494
0.267441
0.347079
0.185749
0.274501
0.0608244
0.249136
0.430338
0.487363
0.233781
0.354755
0.355496
0.468009
0.45973
0.440289
0.452658
0.40569
0.309151
0.414501
0.28757
0.292925
0.0488642
0.0353287
0.0833446
0.192552
0.0782174
0.101727
0.106441
0.274783
0.183258
0.32714
0.422602
0.245396
0.206452
0.201407
0.143294
0.188101
0.126175
0.0962836
0.0421923
0.115369
0.282518
0.134257
0.14524
0.155764
0.340148
0.474784
0.140092
0.0054538
0.12071
0.188949
0.126372
0.128913
0.034999
0.0929698
0.0698765
0.188522
0.185473
0.210826
0.0266125
0.140432
0.125891
0.0911776
0.0980214
0.0792001
0.061012
0.151431
0.117875
0.0149564
0.0858715
9.9098e-11
0.00930694
0.915782
0.631702
0.876028
0.738523
0.911524
0.629941
0.503926
0.924427
0.0095839
9.56973e-11
0.353549
0.0438962
0.00413249
1.00571e-10
9.94003e-11
9.95711e-11
0.555806
9.9462e-11
0.0385838
0.00335963
9.98713e-11
1.0079e-10
0.0457877
9.69579e-11
0.0890762
0.00691244
0.00175698
1e-10
0.0234596
0.0015681
1.08789e-10
0.058586
0.000221753
0.00497446
0.00657526
1.21787e-10
9.58836e-11
0.0154443
1.00666e-10
0.00247482
0.00497753
0.0821561
0.0147231
0.0979315
0.0196272
0.0778531
0.000556457
0.00178509
0.0369532
9.65165e-11
0.0023653
0.0219798
0.000703347
0.00824737
9.80083e-11
0.01358
9.65744e-11
0.104739
0.0932863
1e-10
0.0755322
0.0829061
0.105823
0.0825296
0.00180814
9.79273e-11
1.00196e-10
1.0019e-10
1.0543e-10
1.18743e-10
8.89802e-11
1.11192e-10
9.34451e-11
8.79825e-11
0.0101267
1e-10
9.5017e-11
1.26225e-10
0.00274572
1.34968e-10
9.69212e-11
0.000871073
9.58723e-11
1.9976e-05
9.69218e-11
0.887125
0.931218
0.965958
0.944983
0.547253
0.987582
1
0.93572
0.909759
0.916986
0.968843
0.89787
0.939168
0.926929
0.694377
0.933179
0.994889
0.917822
0.928938
0.979933
0.917292
0.243914
0.902948
1
0.853335
1
0.981603
0.927615
0.623942
0.491616
0.381975
0.871119
0.963208
0.995249
0.974962
0.99503
0.94253
0.994708
0.998654
0.00736102
0.969778
0.999206
1
1
0.178339
0.971366
0.951724
0.973273
0.983107
1
0.958078
0.99526
0.999556
0.999115
0.563572
0.2
0.0218104
1.01496e-10
0.0975505
0.492279
0.336771
0.418186
1.02714e-10
0.0188321
0.0867447
0.0819357
0.0729978
0.222968
0.209307
0.0442231
0.0362896
0.0163781
0.0569639
1.01595e-10
0.112254
0.0851301
0.0922202
0.0552002
1.0407e-10
0.0900428
1.00689e-10
0.117357
1.08556e-10
0.10432
9.90008e-11
0.0301791
0.150187
0.0984821
0.0113266
0.0167673
1.01495e-10
0.169316
0.0780866
0.0120796
0.0117912
0.134094
0.201169
0.0684123
0.0877444
0.0713501
0.0949592
0.971024
0.445156
0.597865
0.739787
0.0936596
0.821506
0.00129301
0.0288827
9.7506e-11
0.000483674
0.00793901
0.00150117
1.10253e-10
1.01946e-10
9.72589e-11
0.000757183
0.0201154
0.00167792
0.0338359
0.00829916
9.68508e-11
0.887675
0.363042
0.280237
0.961492
0.934862
0.53382
0.939154
0.790102
0.694279
0.473767
0.0425102
0.99796
0.433222
0.364054
0.989556
0.00471084
0.334364
0.242618
0.0651351
0.00379798
0.00011672
0.00282819
0.00510047
9.37262e-11
9.24903e-11
9.31273e-11
9.91937e-11
1.09194e-10
0.00194473
0.000189219
9.97692e-11
0.00147423
9.95242e-11
1e-10
1.02925e-10
0.00330744
1e-10
1.00248e-10
0.000259463
0.00508624
0.934005
0.71999
0.791116
0.948919
0.914865
0.839142
0.640613
0.712812
0.842368
0.174182
0.376628
0.554482
0.148492
0.460358
0.582397
0.359652
0.948809
0.459956
0.679984
0.856706
9.59094e-11
0.00811882
0.119314
0.00157278
0.00117561
0.00048193
9.4041e-11
0.0010037
0.00068693
9.57285e-11
0.00618053
9.1806e-11
0.0015073
0.0435273
0.906388
0.853527
0.869622
0.655566
0.323597
0.965243
0.925942
0.946229
0.892658
0.257031
0.52578
0.936133
0.00776801
0.560582
0.925753
0.951185
0.998993
0.00593876
0.00652118
0.0162948
0.705007
0.0463982
0.941979
0.94587
0.529906
0.998489
2.45545e-05
0.911879
0.507407
0.978012
0.569893
0.816898
0.167198
0.184136
0.00194752
0.996682
0.040268
0.0100324
8.10193e-11
0.0226769
0.998996
0.995356
0.943872
0.989204
0.118199
0.88252
0.95379
0.172781
0.00626239
0.0171258
0.0228185
0.144433
0.98507
0.975698
1
1
0.671193
0.911593
1
0.920424
0.00514082
0.00802846
0.98681
0.968432
0.00140321
0.00124932
0.999873
0.32427
0.655578
0.574064
3.553e-10
1e-10
0.331277
0.594232
0.0443555
0.378254
0.421537
0.511644
0.049725
0.270744
0.00303202
0.00478544
0.000242625
1.58087e-10
0.00637836
9.9705e-11
0.00151644
0.00312502
0.0531095
1.08229e-10
7.79578e-05
1.26894e-10
0.083697
0.298772
0.000199008
0.00668585
0.0279988
0.016585
1e-10
0.00554861
0.00228869
4.67467e-05
1.00089e-10
0.00322861
0.000994495
9.99582e-11
0.000518269
1e-10
0.0190406
0.029145
1.0004e-10
9.85626e-11
0.000231759
0.00145012
9.99202e-11
1e-10
1e-10
0.000779316
0.000520624
0.0143225
1.01043e-10
1.00018e-10
1e-10
1.00251e-10
0.000467529
5.2405e-05
0.0035195
0.000213696
0.0132533
0.835916
0.0362509
0.265759
0.544707
1
0.878815
0.920634
0.0820378
0.484803
9.92485e-11
0.0168397
0.991319
0.854682
0.828184
0.515182
0.445314
0.455053
8.05521e-11
0.0318371
9.94729e-11
0.0377021
0.0126613
0.0230705
9.81398e-11
0.00629482
9.9854e-11
0.000603439
0.00266301
0.987101
0.724093
0.00898806
9.9773e-11
9.94502e-11
1.03353e-10
0.00809157
0.0120605
0.000689622
0.16793
0.176872
1e-10
9.83381e-11
1e-10
0.00456119
0.00102425
0.0854895
0.00167473
0.954301
9.96218e-11
9.77406e-11
9.30134e-05
1.00076e-10
0.0704917
1e-10
0.0114974
0.0285208
0.00984652
0.0533828
0.0182212
0.0510426
0.00152834
1.01518e-10
0.000418804
9.88676e-11
0.00280864
0.00475164
1.09983e-10
0.0392727
0.069839
0.946476
0.00238879
0.0666285
0.0396539
9.68641e-11
0.773619
0.901364
0.0276363
0.019672
0.01557
9.43843e-11
0.00516094
0.015745
0.0087614
0.000976738
1e-10
0.0305442
9.40164e-11
0.103672
0.0573718
0.0363475
0.0891638
0.109276
9.43867e-11
9.81705e-11
0.132131
0.058626
0.0843683
0.0665209
0.915916
0.708964
0.389946
0.912879
0.889404
0.97562
0.529583
0.919659
0.00171557
0.458077
0.976263
0.0193773
0.996794
0.385127
9.97537e-11
0.94901
0.694999
0.887541
3.28562e-05
0.00129375
0.349314
0.0873541
8.94753e-11
0.0491453
0.914774
0.233902
1.0034e-10
0.0267723
0.356075
0.451169
0.0262697
9.92847e-11
0.201564
0.968901
0.0122534
0.14762
0.131632
0.0611526
0.0438201
0.103368
0.0917217
0.988023
0.0774983
0.76114
0.784006
0.811982
0.605338
0.863882
0.700615
0.865964
0.244541
0.128933
0.0670257
9.45925e-11
0.166191
0.0658845
0.0664175
0.199543
0.150903
0.0645589
0.0702911
0.170617
0.0491784
0.00602591
9.01286e-11
0.00154325
0.142187
0.0705947
0.0534928
0.0314647
0.0981785
0.0490749
0.084696
0.0112966
0.111054
0.249505
0.274105
9.56302e-11
0.306333
0.0500136
0.433627
0.673743
0.0316665
0.0229189
0.353696
0.83282
0.980887
0.0905249
0.942449
0.981627
0.983823
0.0255246
1.02409e-10
0.0129055
0.0192325
0.0927153
0.134576
0.158573
0.0775674
0.0664273
0.115484
0.0454823
0.108556
0.890117
0.732611
0.93357
0.0106813
0.00303202
0.0753252
0.00405705
1e-10
0.00289076
0.0488533
0.100296
0.0125468
0.120165
0.124233
0.00306424
9.99809e-11
0.0179314
0.095758
9.98233e-11
0.948475
0.0771058
0.225542
0.144293
0.224721
0.0138972
0.117389
0.989192
0.97238
0.0457417
0.157868
0.0112396
0.0588411
0.0114669
0.029661
0.822023
0.234081
0.0978508
0.0114133
0.0140145
0.0479832
0.0483648
0.173965
0.769699
0.890127
0.118742
0.837351
0.784781
0.803468
0.383885
0.88639
0.790546
0.808538
0.908181
0.680341
0.330125
0.403277
0.940594
0.9018
0.885449
0.0232605
0.000552745
0.209076
0.794212
0.211056
0.870415
0.73728
0.015301
0.744279
0.052953
0.00588756
0.537506
0.00987215
0.676001
0.194262
0.985294
0.0215982
0.997225
0.996576
0.990533
1
0.0235628
0.0719133
0.0772485
0.129818
0.0277546
9.95281e-11
0.00081775
0.00813033
0.0135991
0.458082
0.0420432
0.806315
0.264995
0.11828
0.115283
0.504305
0.307477
1.0226e-10
0.189125
0.152931
0.374305
0.184814
0.75838
0.867585
0.933013
0.617224
0.911208
0.828632
0.785565
0.019763
0.0152103
0.0856822
0.0315307
1.01004e-10
0.00326899
0.153024
0.00315011
0.118808
0.0716595
1.00468e-10
0.37663
1.00536e-10
0.0716965
1.01646e-10
0.000131493
0.0570165
0.0112373
0.0411375
0.000502903
0.0333974
0.0599195
0.0389695
0.160245
0.999385
0.997398
0.981669
0.999289
0.0490135
0.0169086
0.0776585
0.00124728
0.154008
0.394159
0.07632
0.0963367
0.126084
0.102107
0.164074
0.102852
9.95269e-11
0.973861
0.0292034
0.0188629
0.80591
0.069139
0.0240898
0.0104234
9.98302e-11
0.891682
0.898066
0.184741
0.0113867
0.00290642
0.90727
0.950101
0.371831
0.992517
0.979476
0.0126143
0.980061
0.993665
0.999789
0.130736
0.93945
0.998068
0.961774
0.991113
0.711149
0.382244
0.240545
0.992466
0.976229
0.993484
0.812685
0.99662
0.969285
0.149555
0.1748
0.152486
0.741421
0.00868153
0.000273437
0.0200725
1.00313e-10
0.00795006
2.42605e-05
0.178797
0.10711
0.229955
0.0583772
0.164677
0.203783
0.112102
0.227556
0.299893
0.118918
0.204013
0.156681
0.177793
0.178787
0.228853
0.274498
0.147532
0.17632
0.209347
0.157199
9.52809e-11
0.112725
0.20683
1
0.998317
0.514642
0.943936
0.882975
0.0450395
0.780409
0.461906
0.768806
0.904816
0.670142
0.985928
0.160775
0.83548
0.846457
0.708374
0.844387
0.940574
1
0.771273
0.220168
0.892401
0.558793
0.950117
0.539791
0.896085
0.930148
0.892775
0.994868
0.866603
0.194669
0.436384
0.413756
0.842217
0.118641
0.937496
0.464043
0.401476
0.16379
0.994526
0.897369
0.977572
0.997572
0.9094
0.871226
1
0.938797
0.908949
0.984272
0.941958
0.997228
0.675324
0.974447
0.932312
0.986571
0.209098
0.523191
0.0220574
0.0257667
0.11843
0.178008
0.163934
0.0818084
0.242502
0.0898046
0.176956
0.13236
0.281929
0.0992578
0.00197354
0.138338
0.0693129
0.0844246
0.339942
0.111872
0.18464
0.202663
0.219315
0.193653
0.127878
0.20288
0.202207
0.461452
0.377504
0.655495
0.397946
0.432105
0.161758
0.147634
0.151394
0.155823
0.494784
0.643728
0.212527
0.103046
0.619432
0.0131834
0.170611
0.293725
0.375064
0.484499
0.544201
0.635322
0.218817
0.2731
0.199956
0.618105
0.199099
0.401126
0.211089
0.530523
0.636728
0.623157
0.431093
0.81538
0.792073
0.463679
0.336184
0.669785
0.532009
0.715103
0.644264
0.453047
0.40264
0.737064
0.63702
0.519066
0.630785
0.749838
0.576222
0.516648
0.503605
0.521772
0.520159
0.669066
0.408599
0.298452
0.602225
0.350671
0.704739
0.788683
0.36039
0.269105
0.466851
0.585357
0.730082
0.413418
0.453334
0.318174
0.463727
0.370702
0.9
0.645886
0.588768
0.364497
0.38075
0.378345
0.55289
0.309614
0.633725
0.850475
0.60062
0.414022
0.472713
0.646305
0.487439
0.389122
0.371125
0.631975
0.369152
0.585828
0.382255
0.436282
0.619086
0.693996
0.478834
0.355376
0.56686
0.808303
0.278686
0.317637
0.401059
0.661163
0.32718
0.491876
0.548508
0.551889
0.586901
0.474422
0.29494
0.301173
0.68659
0.345638
0.0478779
0.0282587
0.0189991
0.0520992
0.0715478
0.0674446
0.0984703
0.0383388
0.127594
0.0974214
0.750036
0.675816
0.425104
0.535792
0.675679
0.818291
0.598606
0.765901
0.60583
0.532938
0.663176
0.792167
0.447839
0.477504
0.696587
0.549669
0.374308
0.369395
0.450107
0.555778
0.541337
0.464856
0.534397
0.633936
0.353534
0.374857
0.409882
0.330954
0.417574
0.456164
0.110267
0.677024
0.485714
0.587846
0.346781
0.368175
0.754783
0.611568
0.553523
0.63345
0.259453
0.257948
0.459619
0.811034
0.302006
0.321296
0.378429
0.365146
0.196852
0.825761
0.375024
0.459604
0.543734
0.641716
0.485892
0.301824
0.454672
0.383547
0.221576
0.427476
0.436286
0.411902
0.53259
0.373075
0.182844
0.389695
0.464548
0.391533
0.52565
0.322521
0.411025
0.488307
0.334073
0.353845
0.512285
0.472573
0.468143
0.239713
0.402611
0.45185
0.437814
0.377017
0.447358
0.486009
0.372409
0.321999
0.353037
0.492109
0.494275
0.540674
0.640654
0.286249
0.534641
0.437709
0.455386
0.368787
0.454541
0.364622
0.0860952
0.38676
0.571138
0.454701
0.502722
0.325935
0.101227
0.450821
0.0887718
0.349971
0.201745
0.247467
0.154572
0.378096
0.274218
0.348697
0.146121
0.17475
0.09065
0.12145
0.234671
0.156765
0.150911
0.175272
0.185
0.123132
0.0975578
0.236492
0.0894698
0.138269
0.153372
0.107068
0.306918
0.233172
0.200853
0.451058
0.189422
0.277292
0.4595
0.558309
0.248379
0.284184
0.155551
0.143839
0.232926
0.158904
0.0949173
0.179976
0.186895
0.0996568
0.279514
0.697842
0.363412
0.395722
0.215757
0.412849
0.923593
0.292092
0.84301
0.732464
0.985973
0.0741625
0.993211
0.720435
0.524417
0.999832
0.511088
0.192492
0.438179
0.353598
0.38225
0.33224
0.194415
0.309205
0.340663
0.332392
0.522812
0.599274
0.437117
0.645059
0.364621
0.489722
0.411451
0.38968
0.475404
0.538373
0.377062
0.529137
0.121947
0.375051
0.362791
0.461805
0.402952
0.215928
0.595369
0.638887
0.565809
0.67484
0.636129
0.463916
0.498734
0.402043
0.629427
0.258572
0.310721
0.413487
0.35548
0.378939
0.504548
0.443642
0.627346
0.682905
0.819196
0.906706
0.774148
0.811279
0.125242
0.0990014
0.416552
0.226294
0.386195
0.482011
0.397294
0.349823
0.193979
0.39473
0.100127
0.259899
0.243167
0.230107
0.418598
0.503076
0.391785
0.425858
0.381971
0.485394
0.368375
0.407206
0.295425
0.246
0.521291
0.308936
0.0786961
0.289383
0.0858646
0.0977787
0.189154
0.204339
0.0901328
0.20587
0.232296
0.0650694
0.254554
0.0988402
0.175231
0.190698
0.30601
0.141542
9.86132e-11
0.00973429
0.139689
1.11806e-10
0.0511954
0.192946
0.652299
0.475037
0.269997
0.335201
0.514689
0.345404
0.297695
0.0212435
0.0459362
0.16631
0.278314
0.0216615
0.673409
0.983301
0.0652014
1.00072e-10
0.983398
0.0298998
0.305576
0.0117395
0.604629
0.125512
0.369642
0.0392631
9.99056e-11
0.928028
0.956168
0.635598
0.979591
0.831387
0.845673
0.186453
0.237519
0.57312
0.432997
0.580557
0.30483
0.615693
0.547518
0.63586
0.795784
0.606165
0.613073
0.657486
0.661013
0.776911
0.684067
0.7556
0.653801
0.648713
0.577651
0.436722
0.3806
0.335556
0.289645
0.369359
0.361625
0.484716
0.372982
0.190588
0.107551
0.608434
0.221303
0.867406
0.460104
0.318866
0.441496
0.546608
0.472588
0.411128
0.203826
0.41482
0.289535
0.43626
0.427932
0.523822
0.564135
0.41346
0.330589
0.493272
0.358132
0.474493
0.477145
0.548529
0.747478
0.402149
0.365292
0.488788
0.340389
0.308919
0.729817
0.843875
0.496976
0.583422
0.38083
0.318043
0.10311
0.319739
0.424814
0.250781
0.399384
0.465541
0.47651
0.245744
0.192023
0.469674
0.0877965
0.340425
0.352118
0.3
0.460724
0.401443
0.550153
0.488022
0.0931284
0.439644
0.309259
0.126717
0.518052
0.231506
0.312793
0.0538896
0.274158
0.113694
0.355817
0.261166
0.503201
0.407602
0.451814
0.371628
0.418985
0.0919944
0.395284
0.160375
0.368342
0.424127
0.439076
0.471042
0.195615
0.813636
0.137031
0.190291
0.385627
0.299388
0.40259
0.284824
0.223746
0.362415
0.608805
0.817784
1
0.92414
0.530963
0.658493
0.104691
0.481026
0.293144
0.784605
0.243191
0.25679
0.369105
0.67127
0.272348
0.760372
0.451744
0.619826
0.473152
0.523219
0.592589
0.456186
0.449787
0.356095
0.124398
0.23144
0.0956444
0.177057
0.229775
0.173189
0.856836
0.421421
0.25875
0.273661
0.826345
0.797071
0.714176
0.535568
0.274218
0.687238
0.762929
0.725956
0.689947
0.543388
0.313337
0.51262
0.762528
0.315893
0.292696
0.457837
0.214637
0.2256
0.631803
0.895127
0.232444
0.370999
0.853888
0.9518
0.624888
0.648401
0.341017
0.38141
0.581535
0.654262
0.32262
0.674286
0.717879
0.844014
0.512073
0.265358
0.554231
0.777527
0.90626
0.8287
0.561349
0.692591
0.565956
0.697139
0.549298
0.448786
0.258763
0.633008
0.373335
0.790346
0.550823
0.696751
0.347697
0.514153
0.889858
0.885783
0.785233
0.791808
0.754235
0.616561
0.678992
0.7936
0.75496
0.366994
0.625853
0.773077
0.823942
0.799297
0.72871
0.888329
0.453439
0.336823
0.174992
0.914134
0.742136
0.716058
0.140888
0.248722
0.573257
0.768016
0.207794
0.458444
0.692165
0.788959
0.422986
0.630492
0.763935
0.577767
0.40451
0.432992
0.77711
0.481161
0.446975
0.436083
0.836143
0.860232
0.225077
0.429346
0.889299
0.89741
0.515815
0.361727
0.726777
0.868927
0.854679
0.801076
0.502843
0.695413
0.619086
0.534976
0.73599
0.705514
0.683693
0.606553
0.651006
0.56324
0.85527
0.398655
0.39003
0.360226
0.623207
0.656626
0.862141
0.706081
0.689319
0.808782
0.537891
0.712068
0.81471
0.764339
0.6987
0.829667
1
0.860344
0.974546
0.986344
0.248241
0.845831
0.662885
0.753379
0.744845
0.718604
0.654445
0.723173
0.892304
0.416525
0.357408
0.840757
0.302347
0.293364
0.0901345
0.217976
0.783131
0.873385
1
0.916337
0.544384
0.627498
0.811721
0.827781
0.146432
0.390729
0.844095
0.642023
0.00804406
0.816297
0.00183003
0.969457
0.788581
0.826304
0.999157
0.989305
0.185088
0.536572
0.485969
0.36901
0.838272
0.727325
0.0231388
0.388232
0.351239
0.292108
0.251614
0.100217
0.279513
0.322903
0.442586
0.360674
0.254243
0.193106
0.194117
0.241999
0.105033
0.286581
0.267955
0.262914
0.0586619
0.0454903
0.0258618
0.189347
0.0314295
0.0366003
0.17123
0.0598447
0.359645
0.300864
0.641273
0.607598
0.583182
0.676411
0.761433
0.543789
0.67851
0.523431
0.821319
0.721436
0.838296
0.828496
0.644626
0.849539
0.784365
0.555317
0.719323
0.797665
0.239038
0.468106
0.421298
0.734031
0.61401
0.662062
0.272446
0.67794
0.658096
0.586628
0.70827
0.484106
0.783888
0.783738
0.591991
0.975081
0.337388
0.799543
0.904679
0.773638
0.689321
0.434458
0.927787
0.776476
0.231433
0.552718
0.811707
0.761292
0.156671
0.0580814
0.404877
0.759167
0.148658
0.104718
0.0126249
0.831869
0.00479368
0.0789356
0.00149224
0.0328713
0.308744
0.260669
0.181722
0.169419
0.207584
0.27537
0.159483
0.252555
0.248755
0.514574
0.190404
0.1923
0.0823979
0.16754
0.395058
0.453591
0.463294
0.564825
0.0734934
0.189451
0.233639
0.11039
0.442371
0.538957
0.26335
0.413746
0.123309
0.603615
0.171027
0.621007
0.555399
0.545794
0.157482
0.106415
0.441213
0.662951
0.405196
0.323358
0.18764
0.160767
0.371649
0.114053
0.388395
0.706947
0.480863
0.600393
0.139996
0.768613
0.264837
0.170972
0.590289
0.52402
0.363724
0.186341
0.384177
0.751277
0.390574
0.406621
0.329528
0.573159
0.676408
0.231639
0.188624
0.0528606
0.576988
0.381711
0.301161
0.58325
0.659297
0.689759
0.425143
0.629532
0.421553
0.217682
0.716816
0.358277
0.62691
0.420434
0.240046
0.457803
0.554725
0.826195
0.468717
0.572084
0.337306
0.108032
0.297897
0.720624
0.542727
0.156931
0.745867
0.526853
0.615424
0.271805
0.566355
0.50323
0.674589
0.831357
0.792189
0.0742808
0.299475
0.41952
0.0639774
0.187942
0.0379388
0.0814274
0.128634
0.106965
0.646804
0.124194
0.984031
0.974922
0.894761
0.153655
0.0481789
0.0293635
0.249448
0.531841
0.640743
0.521958
0.166627
0.488834
0.573072
0.401185
0.839136
0.774801
0.144091
0.240029
0.328601
0.266099
0.163899
0.171573
0.139063
0.152173
0.140379
0.27581
0.294615
0.0369703
0.167513
0.168954
0.278011
0.30537
0.0995599
0.164595
0.24668
0.0519391
0.0694977
0.081002
0.136047
0.130107
0.0190836
0.00229942
0.0828931
0.00365048
0.670543
0.846992
0.62782
0.102019
0.605667
0.15495
0.98147
0.99643
0.0716644
0.217348
0.685468
0.770758
0.56921
0.807149
0.619211
0.838467
0.256065
0.822769
0.577604
0.618022
0.501687
0.525195
0.931543
0.702985
0.853048
0.891303
0.196279
0.249168
0.277625
0.140048
0.768352
0.765374
0.12474
0.611578
0.0531864
0.960631
0.341211
0.773192
0.311274
0.390033
0.437056
0.528953
0.66678
0.842434
0.907471
0.593328
0.927548
0.780054
0.902948
0.804459
0.773486
0.867234
0.84344
0.806818
0.166258
0.903445
0.910383
0.900316
0.728699
0.824837
0.73502
0.897157
0.823886
0.872363
0.905891
0.900285
0.743509
0.721975
0.846089
0.763362
0.914492
0.775508
0.546151
0.828163
0.76077
0.821515
0.789619
0.853448
0.874764
0.912674
0.206135
0.442326
0.931458
0.796332
0.517274
0.740891
0.696109
0.565555
0.732528
0.843949
0.701301
0.429886
0.701394
0.723181
0.765238
0.598903
0.39008
0.598306
0.576592
0.280605
0.268429
0.279422
0.478099
0.482744
0.255476
0.339914
0.329259
0.382689
0.326152
0.219943
0.27034
0.557221
0.224315
0.33529
0.272047
0.421838
0.216059
0.331921
0.433638
0.624902
0.396751
0.187553
0.50013
0.32688
0.181563
0.564384
0.574793
0.799617
0.259304
0.373428
0.250691
0.171708
0.159729
0.389379
0.352804
0.259983
0.322975
0.462894
0.184664
0.128107
0.474258
0.623743
0.508976
0.157836
0.735628
0.755281
0.938321
0.764414
0.665904
0.536908
0.313192
0.39442
0.341197
0.445455
0.600589
0.573996
0.498539
0.551298
0.310035
0.676774
0.406951
0.392414
0.476334
0.676287
0.502668
0.679604
0.526223
0.284342
0.220344
0.701909
0.494174
0.61999
0.253851
0.338461
0.508245
0.396291
0.352516
0.420817
0.775475
0.428433
0.857602
0.830251
0.803716
0.650956
0.696525
0.769761
0.83537
0.832013
0.476938
0.729199
0.468008
0.892621
0.649797
0.86228
0.898386
0.8568
0.532447
0.541463
0.900552
0.834028
0.330691
0.584001
0.270342
0.912292
0.922004
0.775655
0.274858
0.679226
0.220586
0.162658
0.246325
0.570531
0.349836
0.623999
0.751738
1
0.902622
0.315078
0.820303
0.852684
0.829667
0.95986
0.924265
0.543023
0.680926
0.796605
0.631093
0.886229
0.93195
0.863608
0.298822
0.679428
0.594143
0.29947
0.477608
0.562063
0.469259
0.223113
0.276979
0.473775
0.321035
0.805698
0.298815
0.300514
0.372383
0.22335
0.82784
0.944454
0.727045
0.449336
0.940551
0.932058
0.827574
0.887174
0.859022
0.830513
0.78188
0.437129
0.155385
0.238286
0.436289
0.592598
0.457339
0.397972
0.887909
0.704092
0.291537
0.127846
0.661934
0.34763
0.956058
0.888511
0.933741
0.99906
0.91981
0.89284
1
0.979358
0.22494
0.0943783
0.139944
0.171698
0.157974
0.370333
0.171459
0.307584
0.353474
0.161625
0.0877809
0.129634
0.213679
0.985068
0.299397
1.01459e-10
0.667816
0.0863104
0.583078
0.774561
0.573911
0.396369
0.2527
0.660742
0.169691
0.676748
0.99344
0.592156
0.307129
1e-10
0.791513
0.0435706
0.547222
0.072978
0.101175
0.167339
0.345216
0.057857
0.109358
0.29196
0.442069
0.354439
0.270744
0.338264
0.407743
0.43773
0.165868
0.99689
1
0.967579
0.98059
0.721532
0.942806
0.655514
0.998981
0.855559
0.164204
0.230842
0.0700209
0.181454
0.245631
0.280188
0.0948632
0.2032
0.56808
0.513316
0.265443
0.282675
0.248291
0.432409
0.286744
0.198711
0.338754
0.236269
0.319543
0.258029
0.382506
0.334175
0.274554
0.264895
0.249924
0.329689
0.198411
0.514745
0.295368
0.286356
0.286301
0.406127
0.338494
0.493447
0.187809
0.505671
0.354177
0.556492
0.427949
0.462446
0.182615
0.254477
0.331152
0.364782
0.275571
0.776089
0.245892
0.197501
0.228951
0.492012
0.281413
0.178567
0.146861
0.560224
0.277789
0.33402
0.427689
0.348525
0.347152
0.269094
0.838447
0.887504
0.737869
0.815753
0.750419
0.736928
0.738199
0.85086
0.71738
0.879209
0.700648
0.728522
0.713261
0.803088
0.363399
0.787875
0.630254
0.791198
0.737642
0.774397
0.618513
0.403218
0.0865255
0.108022
0.367453
0.660599
0.34367
0.300271
0.334642
0.251245
0.254914
0.981533
0.404719
0.370939
0.46794
0.19537
0.842563
0.928925
0.614512
0.218692
0.912469
0.841583
0.429633
0.358266
1
0.372246
0.567724
0.521305
0.588077
0.699662
0.695457
0.775124
0.714992
0.678644
0.299082
0.609771
0.168691
0.296668
0.192396
0.330164
0.329862
0.279128
0.22564
0.171131
0.350133
0.223868
0.622086
0.0972471
0.20472
0.294463
0.309247
0.239222
0.194895
0.255925
0.808639
0.382807
0.626584
0.348714
0.591098
0.622387
0.366393
0.216739
0.511539
0.240802
0.351983
0.319726
0.688467
0.624067
0.888406
0.851127
0.14231
0.26104
0.629931
0.646767
0.491612
0.677552
0.605642
0.644722
0.561513
0.547831
0.754715
0.617767
0.649346
0.508673
0.28634
0.290731
0.377049
0.159263
0.261643
0.289177
0.327
0.282448
0.36066
0.321992
0.842179
0.824482
0.40132
0.680298
0.435959
0.299009
0.530876
0.562075
0.527295
0.422224
0.707579
0.484372
0.694359
0.702172
0.751462
0.54157
0.528107
0.581142
0.467427
0.699238
0.758116
0.496304
0.42656
0.739571
0.417379
0.534613
0.629562
0.840431
0.749785
0.833554
0.711463
0.671574
0.482591
0.556643
0.620268
0.753988
0.325549
0.350191
0.458444
0.407793
0.742624
0.544223
0.478593
0.520841
0.718878
0.763741
0.561588
0.529687
0.479307
0.447113
0.954582
0.531025
0.768423
0.122514
0.229851
0.261986
0.348114
0.245608
0.0460435
0.19115
0.439204
0.63169
0.308211
0.236723
0.297049
0.00896259
0.976531
0.956681
0.124978
0.793374
0.364123
1e-10
0.379647
1
0.125457
0.135409
0.260252
0.924811
0.964864
0.869059
0.764346
0.814632
1
0.954628
0.997282
0.990727
0.438019
0.136204
0.325319
0.282034
0.133135
0.0910064
0.990223
0.691589
0.886123
0.169681
0.812691
0.620858
1
0.931294
0.0122658
0.0191973
0.704508
0.752423
0.476541
0.720486
0.347884
0.393385
0.561444
0.437253
0.546707
0.447353
0.260286
0.327872
0.30198
0.293259
0.265182
0.273647
9.8694e-11
0.347121
0.372708
0.30575
0.223972
0.328856
0.341051
0.314202
0.221005
0.383847
0.382793
0.0982589
0.283943
0.214086
0.210671
0.147734
0.261788
0.18445
0.207144
0.253112
0.17146
0.170584
0.106147
9.64896e-11
0.208216
0.355408
0.126544
0.0131299
0.293089
0.353842
0.21184
0.0923443
0.13212
0.0889975
0.246903
0.264486
0.230861
0.266352
0.231993
0.100937
0.260312
0.0636275
0.256273
0.218949
0.189439
0.119319
0.238424
0.298713
0.191202
0.186036
0.167538
0.134602
0.755292
6.09256e-11
0.455208
0.475421
0.634785
0.311705
0.237235
0.643448
1e-10
0.0138366
0.505786
0.0673414
0.110126
0.498242
0.107043
0.43183
0.350219
0.0090524
0.821609
0.248814
0.033194
0.0389288
0.0996671
0.010451
0.978876
0.478652
0.900878
0.950573
0.966587
0.996478
0.410378
0.206031
0.104731
0.168469
0.429947
0.236918
0.166968
0.200224
0.380002
0.288947
0.506992
0.398625
0.348815
0.279229
0.685622
0.572723
0.233011
0.427529
0.189734
0.362959
0.371055
0.269121
0.223801
0.259102
0.301468
0.180831
0.541483
0.216045
0.563677
0.256799
0.560387
0.512373
0.288585
0.252582
0.160366
0.460017
0.494731
0.21058
0.688891
0.645359
0.482539
0.442134
0.266976
0.588762
0.670573
0.444131
0.559323
0.583759
0.326818
0.52196
0.515076
0.489116
0.492244
0.579428
0.596597
0.425337
0.337919
0.406486
0.530852
0.59743
0.524563
0.491479
0.466648
0.0999053
0.420027
0.322238
0.459407
0.545163
0.127687
0.156016
0.565797
0.190599
0.583638
0.618866
0.424424
0.324072
0.0489111
0.171926
0.481333
0.70141
0.274465
0.316996
0.465199
0.462137
0.210126
0.151848
0.0932997
0.248703
0.565827
0.56615
0.662489
0.658358
0.192427
0.485726
0.329702
0.00403471
0.0962492
0.188844
0.144204
0.00469456
0.104694
0.168424
9.88285e-11
0.0869065
0.998161
0.766974
0.0170047
1e-10
0.00065995
0.91349
0.00313925
0.18772
0.911179
1
0.193726
0.933722
0.0817749
0.0960213
0.156441
0.173801
0.121443
0.224635
9.98676e-11
1.00921e-10
0.158646
0.162799
0.0749688
0.050395
0.0788122
0.167744
0.280475
0.140539
0.174238
0.109203
0.0936039
0.172889
0.526768
0.0540887
0.995409
0.890904
0.827341
0.418534
0.0161056
0.994669
0.253778
0.455132
0.310176
0.374078
0.314588
0.293173
0.326496
0.191233
0.0509037
1.00136e-10
0.112047
0.12557
0.0176238
0.000145456
9.31432e-11
0.0489775
0.00526249
0.00484693
0.100398
0.00170172
0.240358
0.0922091
9.94943e-11
0.0104242
0.0715353
0.0942993
0.150629
1.00659e-10
0.0201576
0.0620456
0.143319
0.00737875
9.98371e-11
0.134643
0.213149
0.0900819
0.153136
0.182746
0.098261
0.250345
0.282897
0.0916843
0.242914
0.0273019
0.157118
0.052873
0.045999
0.0230222
0.0630002
0.184212
0.199234
0.944059
0.999576
0.00243364
0.998215
0.990663
0.0833144
0.917349
0.999473
0.850963
0.923896
0.998171
1
1
0.983233
0.999892
0.992427
1
0.198799
0.174489
0.318189
0.113224
0.0754057
0.164109
0.143543
0.771198
0.0940373
0.802647
0.545659
0.188672
0.109544
0.116428
0.300358
0.212438
0.153516
0.133435
0.23602
0.183185
0.156162
0.194738
0.975353
0.0689892
0.0171717
0.795029
0.0665706
0.999148
0.909229
0.987573
0.514642
0.834039
0.267457
0.418843
0.419478
0.948178
0.954293
0.223876
0.534612
0.986448
0.952837
0.952048
0.580301
0.99261
0.212588
0.727143
0.000708772
0.637102
0.0470448
0.148065
0.0683004
0.724484
0.108023
0.984011
0.93313
0.72157
0.44431
0.988338
0.9442
1
0.999721
0.0268944
0.00136257
1e-10
9.97732e-11
0.026162
0.0151944
0.0303109
0.0265757
0.131188
0.114207
0.267073
0.113318
0.001778
0.0633491
0.99831
0.54693
0.952677
0.975432
0.798404
0.901918
0.952663
0.945443
0.983918
0.992507
0.119803
0.156925
0.00209149
0.0108948
0.0995044
0.00253635
0.00192717
0.134996
0.0998113
0.0930161
0.186774
0.00200518
1.00477e-10
9.90985e-11
0.0613735
0.0376678
0.00613508
0.0033112
0.123253
0.126866
0.159505
1.00812e-10
0.0938192
0.0226341
0.125197
1e-10
0.0399151
0.000407879
0.0805526
0.0813382
0.0506614
0.0126298
1.02725e-10
0.106479
0.0750693
0.0770533
0.0261831
0.0643903
1.0068e-10
2.09801e-05
0.0209669
0.0300284
0.000663529
0.000188155
0.00296871
0.00559457
0.0855365
0.0139985
0.0462066
0.0212047
0.0753792
0.0554947
0.0542509
0.0632423
1.00989e-10
1.29323e-10
0.233149
0.967301
0.938393
0.939737
0.47787
0.457589
0.488009
0.741929
0.912224
0.826936
0.982965
1
0.619538
0.726497
0.902583
0.628686
0.731642
0.473256
0.875217
0.146069
0.630634
0.574768
0.991435
0.999513
0.979679
0.975112
0.998657
1
0.0790192
0.943702
0.373676
0.00371489
0.969475
1
0.862199
0.511286
0.936275
0.983284
0.945947
0.930231
0.991798
0.99983
0.959289
0.96866
0.84912
0.82858
0.91614
0.923189
0.984463
0.978615
0.983177
0.251752
0.478602
1
0.323983
0.427882
0.809742
0.690701
0.959323
0.788638
0.735718
0.686005
0.945115
0.673441
0.789901
0.842234
0.931236
0.968086
0.964579
1
0.819308
0.833698
1
0.986277
0.66968
0.952429
0.618807
0.605151
0.498748
0.822228
0.831417
0.845607
0.801311
0.7039
0.59858
0.497211
0.969346
0.946942
0.71984
0.47982
0.691559
0.653959
0.820783
0.430016
0.829705
0.436827
0.630186
0.687805
0.437247
0.373948
0.458135
0.454183
0.786134
0.748967
0.758128
0.65454
0.746316
0.695523
0.859479
0.745787
0.734818
0.620939
0.967386
1e-10
0.830787
0.927396
0.0749843
0.98416
0.992021
0.158883
0.128596
0.1671
0.988285
0.980139
0.00797878
0.959588
0.000405494
0.739537
0.000525221
0.155847
0.982608
0.109098
1
0.936354
1
0.935373
0.245629
0.158687
0.862324
0.697748
0.204393
0.195724
0.704381
0.426254
0.175513
0.876706
0.220827
0.434858
0.297802
0.220936
0.162817
0.387955
0.0730476
0.387549
0.654435
0.292437
0.126429
0.129809
0.685847
0.196641
0.183436
0.118172
0.10572
0.176149
0.383292
0.736814
0.359607
0.405356
0.565911
0.502052
0.561506
0.436992
0.730854
0.513619
0.62322
0.646849
0.62811
0.546167
0.676122
0.573733
0.849757
0.561755
0.35139
0.77097
0.530594
0.671498
0.470322
0.308314
0.741688
0.560308
1
0.934872
4.92392e-05
1e-10
0.0626999
1e-10
0.00672777
0.00164179
0.0170301
0.601604
0.884682
0.305879
0.275065
0.396909
0.353155
0.188964
0.528424
0.702921
0.753256
0.647105
0.597737
0.566622
0.587576
0.617334
0.404989
0.488652
0.724299
0.828377
0.937931
0.764648
0.930941
0.617194
0.45051
0.335433
0.760569
0.760444
0.382743
0.695174
0.44339
0.409416
0.366264
0.562757
0.435884
0.434728
0.243445
0.508327
0.520775
0.818352
0.381988
0.513669
0.283674
0.524117
0.526821
0.49438
0.553771
0.406535
0.313156
0.400717
0.502271
0.352081
0.697329
0.558906
0.405806
0.496211
0.445508
0.805614
0.401117
0.495975
0.320681
0.554778
0.451946
0.414538
0.324395
0.41641
0.441312
0.732428
0.539612
0.628227
0.408664
0.530154
0.26944
0.204091
0.726468
0.720111
0.428605
0.461694
0.530171
0.228881
0.669515
0.687073
0.546941
0.667968
0.604048
0.525195
0.336382
0.545926
0.552514
0.486149
0.105532
0.491095
0.400601
0.453736
0.597248
0.389821
0.212685
0.839625
0.6197
0.819397
0.100331
0.0333854
0.358107
0.162118
0.160786
0.0601602
0.100917
0.247972
0.526575
0.0499139
0.146249
0.220822
0.204335
0.808368
0.749541
0.226453
0.51817
0.687772
0.388489
0.341671
0.4709
0.265961
0.477082
0.324422
0.340611
0.431587
0.264162
0.424978
0.463319
0.261709
0.541034
0.523078
0.445084
0.358899
0.483458
0.454759
0.359602
0.384272
0.544849
0.216728
0.190453
0.518799
0.73432
0.612302
0.227252
0.594379
0.507798
0.348716
0.294411
0.360105
0.519279
0.535099
0.448644
0.582322
0.475792
0.380936
0.684418
0.481101
0.507213
0.659386
0.371444
0.292924
0.298591
0.515181
0.400185
0.29791
0.32924
0.35848
0.498849
0.311813
0.379797
0.492317
0.415308
0.668081
0.584756
0.557877
0.584928
0.692419
0.608092
0.488699
0.523788
0.681415
0.424224
0.684947
0.691251
0.52645
0.62195
0.638792
0.642989
0.622025
0.670807
0.527167
0.438279
0.59726
0.557828
0.226034
0.59522
0.548751
0.18186
0.0976921
0.430207
0.35674
0.21744
0.259076
0.240645
0.282904
0.333115
0.190283
0.212453
0.261778
0.48435
0.251177
0.233837
0.175884
0.361639
0.248787
0.406597
0.347573
0.362785
0.366873
0.462774
0.510324
0.498384
0.403398
0.10162
0.14917
0.472304
0.327373
0.289243
0.283153
0.232982
0.33278
0.430442
0.0282029
0.432262
0.21023
0.0610744
0.309638
0.222982
0.170995
0.122775
0.415649
0.154281
0.379022
0.177703
0.264868
0.232741
0.373507
0.168601
0.243654
0.237829
0.152941
0.154814
0.228732
0.268448
0.294531
0.18373
0.12547
0.465304
0.413148
0.344005
0.319117
0.0446491
0.482462
0.231913
0.0796769
0.201633
0.130757
0.541897
0.351079
0.338703
0.403861
0.133545
0.483281
0.305882
0.335175
0.147695
0.403526
0.0836212
0.353012
0.0851307
0.248639
0.165423
0.296928
0.230847
0.199815
0.255808
0.505534
0.0312694
0.295371
0.734509
0.560288
0.439852
0.499929
0.20546
0.453431
0.341589
0.322573
0.115297
0.153592
0.212699
0.178002
0.151411
0.199515
0.399194
0.264779
0.454467
0.464268
0.578292
0.404439
0.414198
0.333046
0.501955
0.381081
0.336971
0.495409
0.440078
0.592969
0.484344
0.677481
0.26834
0.728657
0.444857
0.606905
0.416156
0.438729
0.394809
0.31125
0.543369
0.585322
0.439897
0.460119
0.392073
0.453869
0.345507
0.581526
0.350997
0.42437
0.484538
0.58639
0.712267
0.743645
0.279392
0.402526
0.495514
0.387247
0.3977
0.312114
0.531827
0.393462
0.442142
0.665779
0.546904
0.50758
0.438713
0.521167
0.403758
0.464075
0.387152
0.683463
0.450816
0.444447
0.526745
0.307106
0.388568
0.304268
0.638513
0.507902
0.641991
0.350144
0.304461
0.638193
0.506542
0.479641
0.457104
0.395449
0.636291
0.594996
0.3898
0.67126
0.485471
0.491833
0.492485
0.572002
0.0142919
0.191943
0.202919
0.161965
0.303246
0.275461
0.245281
0.730875
0.554261
0.666592
0.649783
0.563455
0.512891
0.596056
0.500429
0.372855
0.491947
0.625438
0.326822
0.448249
0.440135
0.49523
0.576892
0.308966
0.753718
0.433118
0.594093
0.68979
0.627765
0.440263
0.278644
0.657665
0.715818
0.765771
0.719029
0.481347
0.693708
0.452135
0.46392
0.593601
0.665056
0.690236
0.611958
0.612303
0.587221
0.543457
0.806035
0.690556
0.620083
0.642184
0.506079
0.512589
0.10141
0.371888
0.307234
0.510854
0.377579
0.643015
0.618957
0.725209
0.865325
0.420206
0.406376
0.763353
0.662911
0.0765622
0.388971
0.594759
0.629505
0.163493
0.529384
0.597269
0.59633
0.565956
0.535659
0.3015
0.702147
0.599937
0.54176
0.332512
0.619374
0.373274
0.295197
0.301823
0.506715
0.481712
0.505182
0.347186
0.291109
0.625431
0.519584
0.495589
0.0427623
0.340487
0.535114
0.37986
0.315779
0.449604
0.18554
0.140626
0.165467
0.475144
0.224206
0.357562
0.222505
0.551129
0.589798
0.554761
0.478469
0.224017
0.0518607
0.509943
0.499361
0.424753
0.431206
0.362997
0.299485
0.134263
0.533232
0.35484
0.332058
0.275651
0.206325
0.054734
0.0677868
0.0954704
0.0261848
0.156392
1.05795e-10
0.283412
0.302827
0.0685746
0.0809117
0.162651
0.15645
0.346929
0.232831
0.338383
0.0324326
0.0866782
0.0320528
1.00013e-10
0.201958
0.0759114
0.102244
0.0129581
0.102542
0.148568
0.0611829
0.237532
0.222551
0.569459
0.178635
0.231277
0.0545498
0.0806429
0.0752517
0.0431248
0.430204
0.152566
0.160166
0.108963
9.96749e-11
0.333869
0.115234
0.160156
0.000127596
0.662257
0.398677
0.886943
1.02382e-10
1.00795e-10
0.0251139
0.150528
0.0745446
0.477138
0.131849
0.33427
0.573648
0.795684
0.447736
0.390404
0.937121
0.36902
0.206088
0.00292051
0.0111642
0.00449845
0.0323136
0.0183159
1.01494e-10
0.0568934
0.0306823
0.202929
0.753154
0.677648
0.870145
0.802199
0.00172598
0.0053475
0.0198588
0.278935
0.407753
0.197096
0.435628
0.172992
0.729621
0.596674
0.00848126
0.794067
0.873994
0.765586
0.909015
0.526749
0.824492
0.243203
0.00253579
0.185525
0.449734
0.69572
0.870109
0.883448
0.908833
0.573811
0.377729
0.15809
0.0772479
0.00128935
1e-10
0.311352
0.02926
0.00702547
0.830893
0.569941
0.00119648
0.642849
0.94453
0.947499
0.932729
0.984157
0.91932
0.89291
0.796144
0.911915
1
0.933499
0.984162
0.989129
1
0.998707
0.99414
0.222155
0.108937
0.670073
0.773336
0.368986
1.0148e-10
0.354696
0.274766
0.0853233
0.0635237
0.201991
0.512791
0.0871444
0.342606
0.162301
0.380701
0.47332
0.437565
0.535587
0.344031
0.699031
0.29346
0.1
0.0869995
0.306097
0.383188
0.228296
0.231036
0.814407
0.0405954
0.586508
0.115487
0.602114
0.0575095
0.412974
0.438446
0.472521
0.536835
0.0722954
0.573201
0.467889
0.431073
0.620653
0.224258
0.200869
0.191286
0.0536169
0.299027
0.589883
0.739175
0.560105
0.671919
0.154625
0.0099606
0.367509
0.166346
0.708463
0.505618
0.756105
0.797066
0.674089
0.12841
0.454857
0.551087
0.381798
0.664895
0.229683
0.124007
0.427295
0.385791
0.157402
1.00772e-10
0.183968
0.24518
0.0852974
0.0134215
0.109894
0.131423
0.0216537
0.0754212
0.101642
0.109955
0.0332316
0.0397519
0.0245798
0.102261
0.557009
0.52447
1.00853e-10
0.501436
0.0334888
0.0355743
0.00716477
0.0251694
0.647687
0.862715
0.6458
0.589041
0.0756206
0.686088
0.0770891
0.276587
0.592135
0.578119
0.0774873
0.816552
0.742404
0.931179
0.650391
0.74261
0.0194354
0.00211875
0.00826438
0.0030765
0.0757347
0.0185952
0.00342541
0.0528201
0.0584212
0.0138771
0.179476
0.0845026
1.06652e-10
0.206204
0.245533
0.812182
1e-10
9.90239e-11
1.01667e-10
0.000235061
0.00526993
0.423051
0.0200325
0.0116364
0.0140268
0.000839404
0.173041
0.967252
0.0059803
0.097995
0.0118778
1e-10
0.726823
0.710941
0.346615
0.568827
0.883123
0.0528639
0.861766
0.743731
0.0126727
0.0918575
0.171094
0.221397
0.206605
0.177228
0.191537
0.194853
0.219327
0.188451
0.226332
0.161232
0.147754
0.192268
0.192765
0.993219
0.907658
0.851566
0.76127
0.285149
0.797014
0.50087
0.464264
0.805313
0.274157
0.698098
0.904515
0.752168
0.510001
0.278027
0.0970782
0.429928
0.437832
0.43611
0.118203
0.0810831
0.162094
0.806961
0.608689
0.833656
0.69284
0.758896
0.896622
0.595038
0.588266
0.877302
0.809688
0.771932
0.449984
0.732266
0.623285
0.739482
0.698986
0.649495
0.757089
0.688271
0.711639
0.469372
0.0937506
0.198826
0.584142
0.809366
0.598534
0.641588
0.2786
0.0269201
0.0907042
0.180726
0.151269
0.0620229
0.193659
0.0209785
0.207908
0.102042
0.13599
0.0530922
0.0698567
0.102493
0.069663
0.180069
0.0926326
0.0792273
0.0239072
9.74308e-11
0.0971085
0.220829
0.0985962
0.141993
0.182727
0.0928166
0.0350512
0.029639
1.01511e-10
0.0533821
0.0551975
0.220047
0.21613
0.528402
0.215308
0.195842
0.161723
0.160394
0.134394
0.108045
0.232126
0.601469
0.00141449
0.216452
0.0241595
0.208293
0.108322
0.109131
9.30037e-11
0.0987019
0.116355
0.10825
0.153222
0.098268
0.158649
0.369883
0.0338832
0.208429
0.162871
0.35699
0.23097
0.593499
1.10651e-10
0.117835
0.039122
2.12328e-10
0.0175547
0.0017388
1.03605e-10
0.0068761
0.0394621
0.0935195
0.0208646
0.000856351
1.01756e-10
0.000499056
0.00146039
0.0997065
9.38046e-11
0.0109826
0.471473
0.192524
0.861363
0.0667664
0.6163
0.104334
0.630953
0.360174
0.116769
0.094929
0.0675463
0.00322093
0.00123871
0.262284
0.881299
0.373519
0.191682
0.338184
0.0142968
0.571174
0.6243
0.398277
0.801646
0.00355987
0.849615
0.68863
0.870107
0.513152
0.334271
0.0131551
0.170321
0.351299
0.649654
0.263892
0.14059
0.233929
0.630637
0.503917
0.511191
0.142866
0.35335
0.302
0.333293
0.011213
0.0176301
9.59269e-11
9.66673e-11
0.0014793
0.0957803
0.253099
0.872839
0.625235
0.564319
0.258216
0.274504
0.192935
0.846391
0.8313
0.75636
0.782829
0.862558
0.264604
0.166919
0.0725198
0.880551
0.104382
0.120523
0.181539
0.293743
0.54518
0.41193
0.103516
0.66693
0.588791
0.418173
0.27357
0.48488
0.934373
0.325837
0.0709983
0.613377
0.950794
0.386815
0.564459
0.338996
0.00503251
0.158573
0.106015
0.165573
0.517972
0.360344
0.0209036
0.0300243
0.0371108
0.00602003
0.228185
1.34736e-10
0.315597
0.117674
0.276245
0.325727
0.766749
0.44637
0.0916509
0.00706659
0.179468
0.0470023
0.150105
0.0412231
0.0497034
1.01017e-10
0.0179628
0.225855
0.00297897
0.00691388
0.0937622
0.132759
0.101553
0.0853759
0.0902881
0.0892797
0.179803
1.13074e-10
9.99013e-11
0.0264277
9.80447e-11
9.43217e-11
0.0038874
9.56566e-11
0.0749415
0.00241807
1.18387e-10
1.00811e-10
0.0478065
0.000541177
0.0210696
1.08026e-10
0.0438482
1.08242e-10
0.0396301
7.85414e-11
8.36264e-10
0.0426784
0.0325185
0.077563
2.42973e-10
0.0340883
0.00447203
0.0491427
0.000270335
9.87649e-11
0.000641738
1.00923e-10
8.93148e-11
0.00256631
0.0015383
0.00046314
0.00292618
1.07786e-10
0.00163054
1.01818e-10
7.01596e-05
0.00112762
0.0235148
0.00310974
1.01984e-10
1.01492e-10
1.02144e-10
0.00394558
1.0388e-10
0.00416932
0.00200205
1.05496e-10
1.03912e-10
9.73758e-11
0.00704942
0.000908875
0.00300713
1.02471e-10
0.0250447
0.00278749
9.83144e-11
0.00254977
0.130727
0.0759882
0.186954
0.00658349
0.773076
0.0559178
0.0493071
0.00941678
0.00326291
0.748732
0.254414
0.0602463
0.0792283
0.941164
1e-10
0.566912
0.788415
0.758413
0.724891
0.983918
0.516786
0.612733
0.161063
0.649684
0.28118
0.65014
0.30798
0.481759
0.249682
0.438246
0.382034
0.504604
0.319125
0.306934
0.361673
0.662257
0.326506
0.719372
0.79067
0.199497
0.908174
0.819237
0.651625
0.758844
0.810901
0.178741
0.230413
0.473169
0.772691
0.0211756
0.434525
0.780415
0.875217
0.0534229
0.766664
0.4597
1.00188e-10
0.00452611
0.791495
0.139145
0.00816352
0.903172
0.845967
0.00602227
8.39595e-05
0.795861
0.818695
0.00402544
0.00299326
0.00310708
0.0282601
9.99248e-11
9.92282e-11
0.676023
0.36131
1e-10
0.998536
0.563276
0.990908
0.0285439
0.0178742
0.00359412
0.0249704
0.986385
0.9848
0.298317
0.348401
0.0017644
0.270878
0.975322
0.291628
0.0358952
1.00154e-10
0.0090557
8.9783e-11
0.0236003
0.0994171
0.00473595
0.399223
0.999826
0.975309
0.864567
0.798662
0.989636
0.994579
0.0672011
0.10598
0.0896141
0.00226416
0.00711958
1.01451e-10
0.760314
0.120946
0.741009
0.522612
0.348543
0.118901
0.549957
0.000513953
0.274617
0.215621
0.250182
0.247137
0.041331
0.280516
0.162054
0.476002
0.525501
0.427338
0.0479269
0.00276939
0.0662802
0.0872553
0.294531
0.0706828
0.0683527
0.0877702
0.22819
0.146529
0.888573
0.00930338
0.267806
0.976659
0.666516
0.313671
0.192079
0.627392
0.589039
0.664682
0.210176
0.130274
0.133978
0.0407218
0.546982
0.568211
0.410101
0.527453
0.276951
0.18259
0.283628
0.653425
0.0271932
0.941236
0.133696
0.237806
0.0284909
0.828857
0.621095
0.184456
0.302211
0.854293
0.855497
0.152138
0.25438
0.820991
0.307261
0.729843
0.430012
0.64478
0.473317
0.332801
0.0874821
0.410785
0.343069
0.169565
0.426506
0.499331
0.641071
0.263166
0.115509
0.702371
0.593318
0.512268
0.0245509
0.0714213
0.497381
0.614025
0.0351881
0.123339
0.335188
0.185476
0.0689965
0.0283718
0.0310376
0.0414361
0.0412598
0.0443289
0.287181
0.0947285
0.0416835
0.0563104
0.0442799
0.0342738
0.215151
0.0167335
0.0622026
0.0159556
0.0136508
0.103021
1e-10
0.162695
0.0395371
0.0428394
0.00649044
0.00275315
0.0103824
0.0224095
0.0526749
0.0131652
0.00341767
0.0274096
0.225426
0.181625
0.772685
0.846651
0.383715
0.253496
0.252398
0.329672
0.364641
0.277619
0.244815
0.264306
0.302989
0.334724
0.34342
0.855725
0.122116
0.139533
0.00116708
0.0557908
0.634119
0.631326
0.82589
0.128853
0.615091
0.2285
0.295002
0.328174
0.776246
0.276902
0.980275
0.0750016
0.18092
0.655143
0.632926
0.494277
0.278462
0.214044
0.598687
0.525592
0.32312
0.158871
0.602568
0.0664586
0.683947
0.825189
0.289485
0.57378
0.228455
0.327643
0.503269
0.480052
0.486261
0.590408
0.655762
0.768185
0.877206
0.344498
0.232397
0.338466
0.596344
0.398549
0.46141
0.410493
0.639496
0.295251
0.635914
0.480166
0.447984
0.597386
0.764013
0.852575
0.497074
0.328261
0.61424
0.435801
0.597583
0.406972
0.506946
0.582558
0.38697
0.476766
0.463891
0.480527
0.484881
0.525612
0.518869
0.546215
0.317868
0.560921
0.670779
0.381332
0.374747
0.368061
0.37207
0.507724
0.47056
0.842846
0.504687
0.578051
0.687536
0.438932
0.396649
0.358535
0.54899
0.44782
0.59528
0.476023
0.57577
0.441467
0.462811
0.340886
0.22129
0.182974
0.40321
0.38718
0.34227
0.33817
0.723371
0.90304
0.477986
0.678053
0.759983
0.767351
0.932862
0.848774
0.697067
0.732466
0.999888
0.894811
0.84152
0.906033
0.933105
0.851194
0.685956
0.823921
0.72473
0.708765
0.771272
0.880814
0.859889
0.349148
0.921776
0.610405
0.855387
0.789654
0.743343
0.719674
0.792598
0.995241
0.999939
0.918615
0.672862
0.755328
0.15354
0.217392
0.128621
0.299881
0.779764
0.77816
0.740755
0.620365
0.639539
0.834993
0.756486
0.222754
0.932557
0.623671
0.806907
0.385093
0.574858
0.491333
0.413267
0.693484
0.507672
0.533877
0.665787
0.676997
0.09022
9.69084e-11
0.648845
0.890276
0.78015
0.741801
0.639134
0.776173
0.877859
0.734711
0.80551
0.633227
0.818878
0.830809
0.992989
0.869896
0.901083
0.996665
0.595764
0.916564
0.843897
0.316523
0.583545
0.615453
0.888957
0.826572
0.660407
0.854032
0.940152
0.212027
0.794447
0.794773
0.788784
0.599891
0.786202
0.788795
0.849225
0.075537
0.894942
0.950023
0.819912
0.87085
0.755484
0.682565
0.091837
0.898554
0.706818
0.7654
0.900469
0.851783
0.619019
9.98074e-11
0.694256
0.0277513
0.552691
0.622815
0.0876601
0.598181
0.00316611
0.430776
0.0327385
0.0224593
0.957306
0.998525
0.188233
0.98478
0.327062
0.999117
0.337334
0.120314
9.88443e-11
0.00416271
0.182979
0.173725
1
0.207787
0.378965
1e-10
0.0213193
0.01157
0.221127
0.0606861
0.026309
0.0356627
0.00213681
0.0120406
0.70153
0.0250631
0.0614954
0.24539
0.0308112
0.00140294
0.0439038
0.0215562
0.617072
0.258141
0.479789
0.41364
0.804041
0.4787
0.655104
0.203038
0.988714
0.998892
0.660574
0.164712
0.0953414
1.00799e-10
0.555426
0.369646
1
0.0146433
0.961515
0.78253
1
0.193074
0.790394
0.820661
0.613439
0.281115
0.285919
0.133623
0.712367
0.701114
1
0.990919
0.997195
0.811308
0.992331
1
0.00856228
0.0273569
0.999911
0.0103006
0.987362
0.82629
0.386888
0.123222
0.854673
0.932018
0.904181
0.967223
0.796497
0.876234
0.757674
0.259215
0.380772
0.231315
0.745104
0.819638
0.951662
0.755556
0.375732
0.156626
0.633754
0.268358
0.654855
0.671759
0.383683
0.690075
0.17061
0.340278
0.277293
0.644479
0.525519
0.71342
0.056944
1e-10
0.0852081
1e-10
0.150196
0.0600486
1e-10
0.00133663
0.0407218
0.00408351
0.0130672
0.0181609
9.9941e-11
9.9074e-11
0.00805399
0.0150207
0.00340218
0.00856114
0.0608439
0.062153
0.304268
0.0912961
0.0946179
0.0113149
0.0203645
9.54117e-11
0.389572
0.129131
0.00914665
0.0187143
0.149542
1.04104e-10
0.0135613
1.04981e-10
0.00987043
1.00771e-10
0.0576238
9.93511e-11
0.0291297
0.0589744
0.0532654
0.150477
0.23516
0.163205
0.145184
0.0383438
0.0184674
0.0764747
0.129727
0.135138
0.485609
0.00247136
0.19224
0.577318
0.0523221
1.02786e-10
7.25779e-11
7.12246e-11
0.154236
0.0406096
9.22994e-11
0.040249
1.05201e-10
0.0274466
0.0111715
0.020731
0.0159734
0.0474777
0.0908214
0.0279141
9.10216e-11
0.00137663
0.0244736
9.99524e-11
0.0421269
0.143213
0.0452898
0.0939014
0.190878
0.170451
0.151073
0.170484
0.477163
0.22702
0.168626
0.281611
0.615721
0.20796
0.573528
0.296759
0.542265
0.203789
0.763965
0.445742
0.390062
0.27276
0.663366
0.475482
0.217976
0.414281
0.244478
0.294834
0.368433
0.18418
0.62647
0.48505
0.207666
0.129742
0.270388
0.307195
0.546357
0.37057
0.744717
0.225741
0.310335
0.337651
0.691086
0.844354
0.724787
0.72732
0.93998
0.637667
0.740366
0.506096
0.776459
0.573837
0.536112
0.549952
0.69197
0.740801
0.386722
0.657039
0.0677245
0.0593356
0.0361445
0.0417362
0.0338563
0.00862285
0.0361386
0.0429949
0.0713236
0.0659691
0.0666147
0.0514342
0.0686349
0.0692667
0.00939778
0.00143263
0.050172
0.0383316
0.0484816
0.0796328
0.173036
0.0319383
0.251124
0.156105
0.0997251
0.0946243
0.159707
0.181459
0.00691105
1.02127e-10
0.0516314
0.105637
0.232571
0.0897064
0.0525343
1.01948e-10
0.174195
0.182059
0.193317
0.146292
0.287684
0.213668
0.217201
0.306058
0.212367
0.404134
0.162317
0.295278
0.209121
0.118253
0.272532
0.207119
0.185392
0.217391
0.188474
0.0661774
0.00943338
0.0287946
0.016666
0.0103703
0.253301
0.276971
0.371353
0.267038
0.298957
0.245858
0.313843
0.243657
0.380947
0.744741
0.207688
0.0744049
0.0171496
0.0295449
0.363523
0.279271
0.524411
0.35712
0.365227
0.331784
0.658068
0.0788649
0.420399
0.704856
0.479485
0.88761
0.156113
0.724347
0.602898
0.403537
0.363949
0.632532
0.0530314
0.997361
0.53795
0.427147
0.752192
0.459342
0.678078
0.463838
0.402258
0.370907
0.566296
0.464584
0.616629
0.664882
0.55884
0.224153
0.658878
0.573289
0.269799
0.500905
0.310441
0.470623
0.571534
0.403347
0.516833
0.275671
0.576032
0.548697
0.681236
0.617836
0.514616
0.586999
0.512088
0.389019
0.608883
0.352621
0.313012
0.388309
0.619592
0.441345
0.523136
0.63847
0.460185
0.485803
0.409088
0.622551
0.671852
0.663058
0.220891
0.391986
0.514462
0.430204
0.515681
0.379384
0.494794
0.584347
0.601442
0.4438
0.360418
0.601193
0.545298
0.358913
0.418793
0.541434
0.53506
0.56043
1.00938e-10
0.252452
0.411958
0.154983
0.546915
0.420771
0.51981
0.458654
0.353195
0.470471
0.14864
0.213178
0.329383
0.493152
0.169603
0.338011
0.39244
0.546394
0.107139
0.0475036
0.346701
0.330283
0.270373
0.26315
0.163007
0.0825232
0.304133
0.139486
0.0928682
1.02078e-10
0.0309489
0.0929903
0.0894833
0.0304449
0.0973052
0.0560398
0.578341
0.736103
0.63044
0.453502
0.175938
0.419631
0.417914
0.40601
0.341167
0.223427
0.477183
0.403723
0.462227
0.791959
0.598877
0.251608
0.292509
0.32661
0.538564
0.478759
0.364102
0.527622
0.37584
0.406402
0.33981
0.231724
0.632468
0.524831
0.430607
0.559793
0.31182
0.259565
0.519109
0.128812
0.0375767
0.36639
0.30349
0.360933
0.676129
0.16767
0.285865
0.136329
0.308859
0.248991
0.339688
0.180539
0.115489
0.562102
0.359559
0.508073
0.542922
0.0899239
0.14217
0.00624184
0.00254869
0.0358932
0.0950647
0.088859
0.108597
0.0901559
0.0943027
0.135282
0.521567
0.106329
0.0875388
0.0923099
0.152192
0.173473
0.349765
0.082073
0.0687377
1.08595e-10
0.0977738
0.0424582
0.107569
0.0450072
0.199376
0.0723432
0.162884
0.18508
0.215683
9.94772e-11
0.0320339
0.109327
0.181744
0.201401
0.154663
0.00249447
0.000394087
0.141368
0.0423734
0.0604029
1.00508e-10
0.178194
0.210126
0.177751
0.0867561
0.0689492
0.155868
0.0031776
0.0670084
0.120222
0.098952
0.079322
0.090556
0.0674372
0.0648666
0.0387901
1.25539e-10
0.0986584
0.086828
0.543744
0.455653
0.407772
0.296555
0.21465
0.120649
0.130947
0.166277
0.16795
0.281955
0.12106
0.212681
0.12747
0.0934867
0.872342
0.247146
0.831283
0.203204
0.0640854
0.0428182
0.73539
0.355698
0.623798
0.731338
0.864707
0.98716
0.776935
0.116253
0.108149
0.52364
0.549971
0.807566
0.113837
0.196602
0.16342
0.160677
0.584661
0.200283
0.652374
0.653901
0.135653
0.301066
0.116485
0.409264
0.223948
0.286216
0.224434
0.250435
0.14719
0.627758
0.158758
0.683858
0.631944
0.42123
0.112262
0.101352
0.000931688
0.0460697
0.119202
0.00512415
0.204515
0.648333
0.411505
0.222046
0.248718
0.303986
0.183471
0.359265
0.00018108
1
0.0936026
0.0177108
0.666631
0.735552
0.215375
0.318826
0.183999
0.23104
0.242444
0.342584
0.228904
0.196392
0.402284
0.558277
0.00279505
0.0467692
0.415141
0.246926
0.661593
0.410388
0.487235
0.557665
0.435174
0.287305
1
0.00572366
0.000687684
0.0032686
0.389799
0.107502
1.06445e-10
0.0984173
0.0506881
0.0166169
0.00544547
0.103998
0.989206
0.820032
9.98723e-11
0.0851737
0.13327
0.67048
0.126445
0.14769
0.741936
0.788818
0.0733263
0.839413
0.153256
0.0570519
0.0139822
0.975243
0.711146
0.743056
0.0443105
0.175698
0.554146
0.00470721
0.0354111
0.00551058
0.11272
0.149702
0.0568896
0.107842
0.470163
0.303515
0.157112
0.278207
0.021163
0.00429636
0.102851
0.0739349
0.0408362
0.022953
0.00704375
1.00881e-10
1.0298e-10
0.000191515
0.00855123
0.0195723
1e-10
9.94891e-11
0.00164537
0.00142449
1.00422e-10
0.00956157
0.00874787
0.0407065
1e-10
0.0020299
0.00642957
0.00293199
0.00479767
1e-10
1e-10
0.00111503
0.000249807
0.00164055
0.00424547
0.0148009
0.00520874
0.0283142
0.0496867
0.00337794
0.0708495
0.0195264
1.00806e-10
0.0245619
1e-10
0.0194271
9.91625e-11
0.000369252
0.000377355
0.0012005
0.0109193
0.00778276
9.769e-11
0.0135106
0.00422918
0.0231398
1.09894e-05
1e-10
9.99117e-11
0.00419406
1.0151e-10
0.00165355
1e-10
1e-10
0.0339449
0.00537425
0.00340058
0.00214049
1e-10
5.13333e-05
1e-10
1e-10
0.000155114
0.0223298
0.000585663
0.0181768
0.0443526
0.000568279
6.42823e-05
0.966499
0.00226212
0.00193654
0.835243
0.531661
0.0191211
0.165522
0.949991
0.985501
0.821113
0.974107
0.740767
0.00137622
0.00720365
0.00104649
1e-10
0.0277579
9.90838e-11
0.104161
0.0616112
0.692374
0.536932
0.758712
0.125783
0.0312495
0.1
0.8362
0.873478
0.98382
0.996071
0.995626
0.88326
1.00562e-10
0.0409434
9.9487e-11
1.03555e-10
0.728888
0.57129
0.933311
0.534774
0.832653
0.796621
0.0349766
0.481051
0.0310508
0.873824
0.536637
0.259258
0.66124
0.695185
0.0156
0.0201543
1e-10
0.00114737
0.232237
0.00451595
0.0650529
1e-10
1e-10
0.0720247
9.83274e-11
0.325805
0.368749
0.0438271
0.0121798
0.000858133
0.00511145
0.0623486
1.05081e-10
0.555193
0.802108
0.0177282
9.88221e-11
0.0993003
0.0277548
0.15545
0.182153
0.111417
0.119499
0.156677
0.0853361
0.108115
0.0729751
0.0470058
0.113309
0.227156
0.172292
0.167927
0.0870147
0.0875819
0.68058
0.263657
0.0290693
0.050848
8.50626e-05
0.333044
0.0603498
0.0506343
0.112957
0.116922
0.255483
0.0834432
0.0335255
0.119004
0.0148064
0.0445297
0.0224556
0.000268446
9.5552e-11
0.199548
0.0852476
9.55495e-11
0.083806
0.040725
0.00100329
1e-10
0.0388462
0.153335
0.345861
0.19101
9.84849e-11
8.507e-11
0.151754
0.0179723
9.90082e-11
0.0136665
9.64543e-11
0.380044
0.621759
0.173307
0.0826904
0.0907658
0.120951
0.00370935
0.000371634
0.175116
0.042517
0.29526
0.00156843
0.044241
0.015917
0.0890367
0.821477
0.111309
0.108423
0.702813
0.648388
0.090241
0.65051
1.02586e-10
0.153223
0.0415752
0.201549
0.775147
0.276775
0.296941
0.153087
0.0184393
1.01866e-10
0.330421
0.398765
0.11004
0.378395
0.486744
0.388049
0.659402
0.668626
0.73116
0.4081
0.172305
0.336215
0.0666594
0.0104868
0.0276087
0.777771
0.44372
0.195976
0.775789
0.802988
0.168578
0.497913
0.83021
0.407819
0.554429
0.566201
0.68312
0.732961
0.279753
0.367978
0.839193
0.901589
0.78663
0.0656388
0.140602
0.026393
0.320063
0.223343
0.697484
0.693617
0.713597
0.163072
0.899994
0.0844638
0.812881
0.885365
0.647183
0.575695
0.416957
0.0679752
0.695044
0.735049
0.58637
0.191055
0.617337
0.141209
0.705381
0.308385
0.943537
0.0023361
0.958786
0.00246081
0.99803
0.986406
0.538843
8.60441e-05
0.321863
1e-10
0.0247875
0.0107097
0.0626967
1.02409e-10
0.18129
0.247281
0.0626258
0.31491
0.130041
0.272697
0.0942403
0.0360725
1e-10
0.0892661
0.0406837
0.0647343
0.0894027
0.235469
0.0835128
0.0883195
0.204078
0.163793
0.259721
0.255732
0.277263
0.0989566
0.00569869
0.001853
0.346273
0.372024
0.399419
0.130812
0.536645
0.529341
0.643264
0.249907
0.00344074
0.0690152
0.146984
0.228296
0.919525
0.966313
0.180646
0.137462
0.276578
0.185262
0.363231
0.465347
0.0681751
0.179931
0.130694
0.0347125
0.197443
0.161903
0.717789
0.355342
0.154464
0.182262
0.0517626
0.148991
0.292289
0.245791
0.36097
0.0195805
0.160857
0.536139
0.233095
0.244068
0.143422
0.167801
0.659023
0.745047
0.156992
0.0438762
0.650706
0.363461
0.796774
0.52718
0.669699
0.0345731
0.122845
0.276237
0.580158
0.362033
0.40152
0.416016
0.593479
0.384554
0.620054
0.167377
0.178295
0.393335
0.379922
0.15258
0.119943
0.0823444
0.606584
0.160319
0.64071
0.424134
0.236704
0.165132
0.340864
9.09913e-11
0.456973
0.422364
0.127654
0.0965626
0.341274
0.161052
0.22658
0.148584
0.263015
0.314118
0.444676
0.426392
0.103589
0.00538957
0.309335
0.0875819
0.158286
0.213198
0.388859
0.329041
0.191795
0.169369
0.0898896
0.198194
0.0384585
0.567835
0.173179
0.25942
0.0948817
0.191547
0.181967
0.0800275
0.44558
0.0719447
0.254873
0.0732792
0.514332
0.0931971
0.139451
0.236222
0.570127
0.160646
0.160337
0.408395
0.264776
0.539578
0.510369
0.502843
0.727018
0.349692
0.479074
0.615314
0.537175
0.23711
0.517849
0.00636274
0.894394
0.267878
0.843646
0.653736
0.00436728
0.18089
0.222084
0.587585
1.00212e-10
0.160642
0.1292
0.20284
0.436247
0.211348
0.803048
0.850706
0.59519
0.526514
0.44949
0.430807
0.374594
9.8336e-11
0.302765
0.0602294
0.0559478
0.0880534
0.449589
0.0999524
0.065601
0.0600143
0.0925672
0.0799965
0.126648
0.203742
0.0820799
0.0780469
0.0220103
0.138044
0.419611
0.357025
0.28121
0.0891234
0.276396
0.107005
0.0829075
0.0545604
0.150257
0.0799459
7.11336e-06
0.0518571
0.259456
0.167206
0.247229
0.0339229
0.533728
0.235407
0.0804351
0.310561
0.373542
0.0141428
0.386876
0.308409
0.635251
0.6339
0.375575
0.652354
0.0917199
0.614705
0.069735
0.27244
0.367115
0.0669062
0.673774
0.434237
0.0821255
0.466405
0.254647
0.200146
0.297309
0.325166
0.224027
0.0948418
0.099523
0.159745
0.165487
0.0995988
0.420911
0.499588
0.37933
0.00248046
0.0496299
0.295119
0.103291
0.210584
0.114703
0.072759
0.0444142
0.0797261
0.271758
0.100507
0.336914
0.370585
0.166826
0.0355121
0.0400127
0.136393
0.0488402
0.264941
0.100154
0.131856
0.10497
0.0207012
0.259248
0.0871515
0.13719
0.165392
0.258811
0.2905
0.233679
0.107053
0.111203
0.342226
0.0686399
0.0863618
0.00408837
0.109346
0.146308
0.0961964
0.0988318
0.0561576
0.0349912
0.0998582
0.0273149
0.0282796
0.0951285
0.120096
0.056556
0.0799092
0.275674
0.356268
0.0922412
0.112193
0.0940632
0.00174778
0.117736
0.0399498
0.0262228
0.0507816
0.119721
0.131491
0.169867
0.113439
1.01605e-10
1.02884e-10
0.0535518
0.0751736
0.156877
0.0966934
0.017316
0.0363433
0.112829
9.77535e-11
0.0878883
0.0664268
0.0933293
0.100615
0.0844576
0.0554647
0.0883466
0.0764619
0.381958
0.314616
0.366937
0.340533
0.36304
0.672272
0.210082
0.399326
0.147756
0.337223
0.161671
0.423536
0.151914
0.355737
0.0336942
0.281654
0.18536
0.0568384
0.265603
0.276955
0.159867
0.0392683
0.310432
0.170153
0.19303
0.09077
0.324518
0.0450746
0.0140301
0.00893284
0.260821
0.158757
0.515031
0.60803
0.152972
0.203083
0.100156
0.11379
0.20575
0.212266
0.248584
0.0923001
0.135203
0.210107
0.10138
0.252319
0.401922
0.479539
0.423235
0.575178
0.200914
0.162349
0.334946
0.811685
0.555938
0.322311
0.36872
0.0945918
0.338327
0.123024
0.356988
0.361232
0.460247
0.502115
0.571111
0.615935
0.516541
0.617331
0.711783
0.455083
0.801274
0.662049
0.0201605
0.893228
0.781089
0.754298
0.656218
0.552332
0.180958
0.288057
8.13597e-11
0.171711
0.247066
0.463885
0.184572
0.523509
0.549178
0.323309
0.271732
0.186122
9.94426e-11
0.0157648
0.770027
0.604632
0.680833
0.68945
0.360581
0.0320708
0.529114
0.546671
0.466274
0.544056
0.307053
0.291243
0.117304
0.0806103
0.28184
0.0876005
0.0324173
0.401069
0.261971
0.736953
0.377855
0.414505
0.10681
0.170617
1.0778e-10
0.00144733
0.0137483
9.58844e-11
0.473645
0.44939
0.100897
0.102608
0.191738
0.0644027
0.0358203
1.10436e-10
0.00153128
0.0895899
0.0771946
0.00313971
0.472733
0.62933
0.504802
0.235257
0.724428
0.547152
0.645956
0.617913
0.368053
0.445888
0.780361
0.547647
0.654979
0.433519
0.60416
0.619449
0.645937
0.544683
0.767592
0.846009
0.713669
0.502704
0.601996
0.664142
0.616556
0.472924
0.485438
0.371503
0.00504564
0.0943563
0.0804216
0.0179589
0.479619
0.410057
0.00399577
0.0141617
0.0258772
0.0150525
0.0853639
0.0615525
0.023049
0.0534253
0.122988
0.075736
0.0297915
0.0920225
1.14846e-10
1.11277e-10
1.15094e-10
0.0254276
0.0872626
0.0435386
0.0187888
0.0982701
0.0354096
0.000584458
0.00405754
0.0653709
0.0688874
0.0350718
0.0740155
9.65083e-11
0.216444
0.0215256
0.0820337
1.06929e-10
1.56535e-10
0.0365698
0.0323766
0.00177893
1.07259e-10
0.0653618
0.0498885
0.172457
0.0495131
0.0474489
9.92589e-11
9.84124e-11
1.09157e-10
0.08148
0.0146343
0.0638997
0.05038
1.14272e-10
0.07583
0.0936978
0.00558256
0.00276314
0.00153028
0.00819771
0.0366211
9.87296e-11
0.00478367
1.00443e-10
0.000743369
0.00313868
0.00424524
9.32166e-11
9.72301e-11
0.00483212
0.0498113
8.86454e-11
1e-10
0.00443301
0.053754
0.0313331
0.00833355
0.018816
0.178108
0.246712
0.00484817
9.32834e-11
0.000540483
0.240565
0.07908
0.593112
0.482424
0.0066951
0.388725
0.735566
0.939586
1
0.0190375
0.99099
0.000554008
0.973078
0.41169
0.0359351
0.0140966
0.573559
9.64148e-11
0.0104524
0.000913226
0.0225174
0.0257067
0.847423
0.87629
0.00239383
0.969931
0.941828
0.817972
0.038295
0.0327517
0.0733208
0.0420183
0.0311965
0.0127465
0.000484577
0.00816588
9.04448e-11
0.0534928
0.112868
0.00370916
9.87281e-11
0.985063
0.334476
0.0360204
1
0.0555578
0.0991672
0.0683379
0.0500397
0.000615571
0.00847712
0.00588622
9.08622e-11
0.0974254
0.0965555
0.0038965
0.0828531
0.0895467
0.0732716
0.104636
1.07979e-10
0.0450886
0.0027629
0.0772439
0.00956516
0.0992434
1.02005e-10
0.128182
0.00476465
0.0817556
0.0443374
0.163721
1.16629e-10
0.0273779
0.155456
0.242028
0.241785
0.185734
0.0601044
0.105555
0.22857
0.0829275
9.12395e-11
0.0137739
9.94646e-11
1.31138e-10
0.000615297
0.000200429
0.000982396
9.61959e-11
9.9632e-11
1.01019e-10
0.0107413
1.01649e-10
1.01364e-10
1.01704e-10
9.95025e-11
0.00302158
0.000720939
0.00287365
1e-10
7.79392e-05
0.0028384
9.77955e-11
0.0132168
1.04762e-10
0.00837479
0.00959602
0.00156986
1.00553e-10
0.00877378
1e-10
7.71377e-05
0.00248939
0.0596937
0.0201175
0.000769894
9.90205e-11
1e-10
5.23971e-05
0.000142867
1e-10
1.00475e-10
9.93985e-11
0.101869
0.00233831
0.000943349
1.00016e-10
0.0100579
0.00214651
1.03779e-10
0.0155703
0.0420124
1e-10
0.000388049
0.00562556
1.00273e-10
1.0007e-10
0.000201912
0.00172581
0.00026719
1e-10
1.00888e-10
0.0127462
0.0551868
0.00406516
0.002526
0.00984813
0.00394968
0.00251782
9.98043e-11
1.01555e-10
1.01363e-10
0.0553223
1e-10
1e-10
0.0531249
1e-10
0.0180802
0.00109687
1.0072e-10
1.00742e-10
0.00204842
0.0175176
0.0285206
7.16102e-05
0.00328102
9.98504e-11
9.98816e-11
0.00034719
0.00144555
0.000390484
0.0275124
1e-10
9.86181e-11
0.00243616
0.0447745
0.000508008
0.0573259
0.0148058
0.012352
1.00943e-10
0.212588
0.000419324
0.0020269
0.00204476
9.99775e-11
1.03197e-10
8.95402e-05
1.00876e-10
0.0024224
0.0423706
0.060539
1.00683e-10
0.000465922
1.00554e-10
0.0585139
0.0376335
1e-10
0.177722
0.00394562
1.15504e-10
0.0848366
0.158153
1.00028e-10
0.184495
0.0103203
0.00997219
0.0874658
0.0600473
0.0750555
0.112977
0.0215645
0.271471
0.0818522
0.299378
0.0751254
0.147318
0.162871
0.187212
1e-10
0.0688278
0.250074
0.0863713
0.436838
0.157975
0.196972
0.159495
0.0598721
0.114801
0.165589
0.00764828
0.0399063
0.236499
0.317986
0.321454
0.408998
0.0568835
0.103509
0.0880724
0.14853
0.0324102
0.000542647
0.0656868
7.26926e-11
1e-10
0.000184476
0.00198956
0.0229867
0.00140823
1e-10
0.000520026
0.0379596
0.0607323
0.00933973
0.0932726
0.0787525
0.0077839
0.00214849
0.116668
0.106733
1.00004e-10
0.000769813
0.0240738
0.000112724
1.01129e-10
1.01727e-10
0.00453404
0.0393163
0.0534845
1.02766e-10
9.83122e-11
0.0210557
0.0834354
9.90978e-11
0.0414043
0.095478
1.06865e-10
0.0691922
0.248759
0.0724152
0.0984296
0.18802
0.0598038
0.356944
0.158496
0.270085
0.0771121
0.188771
0.157184
0.135032
0.267935
0.136176
0.295826
0.229144
0.277351
0.150787
0.151247
0.250063
0.208089
0.143827
0.243609
0.294122
0.000879524
9.80569e-11
0.0601172
0.0163762
0.0518135
0.147482
0.0862019
1.01791e-10
0.0236276
0.0217617
9.45651e-11
1.00356e-10
0.845321
0.391507
0.000713269
9.97385e-11
0.261085
0.176649
0.12149
0.168113
0.691496
0.234249
0.0637935
0.0581561
0.0323161
0.095954
0.00670167
0.15071
0.0722357
0.18262
0.0828856
0.0899499
9.59606e-11
0.126779
0.0242702
0.0498262
0.376944
0.11936
0.0994277
0.105261
0.0813466
0.0828106
0.332244
0.1409
0.153111
0.24815
0.0723996
0.108752
0.0383017
0.0188076
0.0672086
0.152184
0.00799711
0.205517
0.16527
0.184663
0.0689817
0.254578
0.155385
9.8998e-11
0.0935542
0.0634117
0.0972347
0.161803
0.146476
0.00213631
0.22724
0.105501
0.176618
0.170018
0.177021
0.239683
0.231905
0.190571
0.257997
0.0580348
0.0262176
9.96969e-11
0.0784254
0.0308714
0.0216451
0.431682
0.221511
0.16444
0.180425
0.183253
0.195456
0.139482
0.0482357
0.0448401
0.089085
0.296205
0.0832839
0.392975
0.211864
0.0817996
0.140648
0.472991
0.415466
0.20849
0.0928627
0.0925857
0.0596714
0.555788
0.337059
0.483435
0.355936
0.58058
0.800376
0.320954
0.312683
0.554481
0.347513
0.300869
0.217917
0.0993563
9.8654e-11
0.0798461
0.109643
0.132069
0.107474
0.146029
0.547303
0.358335
0.509951
0.177542
0.242649
0.0922055
9.73238e-11
0.607637
0.507468
0.667247
0.195765
0.114261
0.378533
0.210843
0.231622
0.144489
0.271723
0.0138372
0.0552961
0.0792589
1.01943e-10
0.165833
0.097574
0.200228
0.224645
0.264104
0.216898
0.299786
0.057442
0.109669
0.181937
0.151226
0.328342
0.209984
0.280445
0.172524
0.181735
0.218918
0.107243
0.227726
0.169031
0.324983
0.148754
0.242098
0.231586
0.306328
0.362595
0.283504
0.330732
0.355742
0.230822
0.208046
0.140693
0.221252
0.531007
0.521228
0.0917311
0.60471
0.621103
0.247595
0.0968797
0.130128
0.19588
0.0813756
0.186392
0.251734
0.0820311
0.23345
0.193243
0.306716
0.192783
0.306385
0.240251
0.281128
0.1986
0.645152
0.496807
0.441875
0.410922
0.501582
0.565279
0.662917
0.24545
0.0589805
0.281311
0.617495
0.477678
0.331078
0.151183
0.098387
0.0805205
0.536415
0.211637
0.570803
0.149394
0.675473
0.61244
0.514954
0.527093
0.708668
0.637672
0.670745
0.608532
0.65552
0.113384
0.427257
0.614829
0.337018
0.602334
0.481525
0.571334
0.82025
0.643206
0.288783
0.879084
0.162368
0.741439
0.625099
0.114103
0.849527
0.0800463
0.799718
0.609095
0.650121
0.734531
0.77877
0.0211975
0.567527
0.874281
0.721191
0.650221
0.150632
0.00418635
0.786527
0.104758
0.789282
0.0866912
0.655663
0.667449
0.080663
0.0504204
0.862695
0.735628
0.87898
0.0250298
0.289708
0.238716
0.142701
0.094626
0.199996
0.0335727
0.268108
0.191305
0.371431
0.635763
0.677694
0.371767
0.313317
0.185041
0.282774
0.177123
0.354575
0.11953
0.395599
0.403898
0.275302
0.293672
0.681625
0.105421
0.277216
0.358249
0.083813
0.229663
0.477564
0.357576
0.228196
0.175126
0.248331
0.197782
0.0922103
0.0765561
0.399618
0.388489
0.287027
0.27224
0.867289
0.978575
0.845859
0.210779
0.0415458
0.293852
0.2274
0.285671
0.872411
0.868757
0.56639
0.824753
0.195764
0.173683
0.165039
0.402281
0.930075
0.996727
0.310509
0.955072
0.0917576
0.00175472
0.0318614
1.01793e-10
0.854342
0.0285574
1
0.129082
0.0757648
1e-10
0.00386473
0.148174
0.960163
5.15087e-05
0.6001
0.993736
0.431757
0.018378
0.0720432
0.622212
0.372972
0.793569
0.0160045
0.292962
0.837562
0.105197
0.36733
0.215045
0.276191
0.329469
0.371469
0.1877
0.418407
0.196876
0.143379
0.499879
0.430283
0.409104
0.543295
0.435939
0.150501
0.532396
0.619194
0.476048
0.293248
0.097546
0.917198
0.863903
0.611514
0.58812
0.228085
0.155857
0.746683
0.36405
0.183904
0.151222
0.37179
0.163797
0.679443
9.98318e-11
0.456252
0.87353
0.209828
0.774121
0.0744285
0.185192
0.132276
0.546698
0.694386
0.443645
0.656489
0.684578
0.605648
0.254569
0.151056
0.168728
0.0894506
0.1
0.476662
0.0995232
0.174777
0.137391
1.13337e-10
0.0974274
0.218777
0.238841
0.861731
0.883776
0.914355
0.826603
0.875506
0.896161
0.836233
0.877868
0.943558
0.892876
0.979069
1
0.957292
0.606319
0.999907
0.800239
0.197671
0.591531
0.765517
0.831271
0.857919
0.838348
0.939765
0.844476
0.885967
0.836544
0.995918
0.93214
0.719091
0.245947
0.923758
1
0.999342
0.967409
0.868361
1
0.997576
1
0.960235
0.984153
0.994098
0.999587
0.00892587
0.428344
0.815774
0.840224
0.596532
0.899306
0.897027
0.812225
0.533465
0.736883
0.222718
0.124955
0.486895
0.344814
0.879932
0.87593
0.000818072
0.0926743
0.994653
0.99716
0.00382739
0.981867
0.824799
0.8783
0.9554
0.959762
0.979532
0.984593
0.685002
1
1
1
0.818811
0.834472
0.949434
0.991547
0.991105
0.992306
0.987307
0.963694
0.987597
0.997164
0.999448
0.999349
0.358128
0.0224387
0.166879
1e-10
0.785724
0.603548
0.276776
0.677093
0.00340701
0.000659858
0.138851
0.654677
0.694085
0.881577
0.224568
0.254984
0.628236
0.59984
0.180452
0.20515
0.623521
0.258324
0.0843059
0.021148
0.174074
0.078328
0.0676164
0.0965123
0.0658812
1.00462e-10
0.186943
0.00567799
0.134928
0.0418915
0.619374
0.993977
0.710931
0.877887
0.794054
0.698654
0.257017
0.802886
0.935319
0.634882
0.123342
0.731291
0.686512
0.954186
9.92407e-11
0.420518
0.00364476
0.00270715
0.23649
0.381966
0.0263621
0.00694338
0.14527
1.0927e-10
0.00172846
0.00699398
0.0293887
0.000342026
0.974089
0.0232749
0.0777305
0.00890795
1e-10
9.60292e-11
0.00200016
0.0140453
0.138902
0.651266
0.809954
0.0341126
0.166095
0.892299
1e-10
0.44995
0.204004
0.0531029
0.987188
0.61673
9.93311e-11
0.129971
0.0509639
0.0253549
0.126109
0.6233
0.424309
0.176863
0.970109
0.812992
0.0528755
0.0965695
0.132177
0.994253
0.102702
0.0400835
0.0355916
0.165
0.38375
0.0905987
0.98437
0.960086
0.967656
0.0614784
0.266437
0.0500251
0.969681
0.830628
0.0731065
0.265677
0.919448
0.930216
0.839894
0.26946
0.659962
0.253658
0.896047
0.970108
0.797597
0.283153
0.327839
0.504636
0.750992
0.609586
0.166894
0.193923
0.298657
0.294935
0.0661727
0.0680963
0.0870385
0.173007
0.183132
0.081586
0.00215993
0.0419088
1
0.615163
0.997687
0.981821
0.797252
0.995775
0.557109
0.977686
0.965738
0.503306
0.992535
0.949522
0.0021649
0.00256815
0.00666643
0.0452885
0.846707
0.0435819
0.112764
0.0134109
0.179517
0.667292
0.188273
0.191546
1
0.0457972
0.0170363
0.907528
0.000688004
0.150294
0.514534
0.365709
0.0101929
0.333232
0.0191341
0.224319
0.0218121
0.138119
0.022388
0.0517387
1.00501e-10
0.0129433
0.591873
0.157795
0.228267
0.566998
0.0731299
0.00564084
0.000114836
0.0938659
0.0359259
0.000338438
0.00250533
0.108642
0.0711401
0.097319
0.192813
0.107542
0.0346239
0.033142
0.0586653
1.03152e-10
0.98848
0.909476
0.904941
0.0946809
0.770469
0.856961
0.821597
0.0967675
0.0736031
0.588692
0.736599
0.0348766
0.472636
0.81399
0.902848
0.881408
0.960064
0.839621
0.0159501
0.123565
0.794441
0.000222128
0.663549
0.70814
0.260531
0.193796
0.519101
0.736168
0.893935
0.820248
0.0273229
0.354981
0.52991
0.662983
0.74397
0.504648
0.40262
0.575248
0.708729
0.644567
0.518528
0.792725
0.524135
0.340532
0.282888
0.182848
0.814934
0.821184
0.726297
0.665718
0.815508
0.802288
0.218691
0.155704
0.733957
0.121841
0.792205
0.0304364
0.990064
0.789877
0.948344
0.237685
0.0231179
0.0739127
0.871145
0.895539
0.339662
0.168984
0.552731
0.160345
9.96235e-11
9.74995e-11
0.279615
0.273788
0.888091
0.685063
0.9494
0.484872
0.848423
0.657213
0.273198
0.404373
0.0941099
0.052436
0.958473
0.768388
0.950054
0.915814
0.181353
0.202903
0.0975817
0.59332
0.813269
0.936483
0.907564
0.901028
0.963137
0.812175
0.778118
0.564452
0.927458
0.152623
0.928152
0.744947
0.0332395
0.375397
0.0694096
0.222134
0.834808
0.931646
0.996332
0.99345
0.24825
0.134907
0.115726
0.186136
0.930337
0.927411
0.934021
0.077838
0.868122
0.86438
0.294925
0.03503
0.570417
0.0923789
0.706249
0.139166
0.99355
0.64633
0.0400455
0.874795
0.994212
0.10771
0.0117101
0.691562
0.687917
0.867928
0.0811647
0.487523
0.215139
0.463432
0.135173
0.167992
0.373214
0.651058
0.280913
0.459428
0.557869
0.584343
0.370296
0.639851
0.453182
0.0910099
0.427349
0.497236
0.615181
0.197816
0.536238
0.634275
0.496988
0.0762422
0.870531
0.148778
0.597428
0.180323
0.639216
0.775529
0.0278418
0.58714
0.101333
0.1711
0.0832226
0.21061
0.848993
0.781549
0.114948
0.311788
0.410807
0.6236
0.698592
0.597918
0.530367
0.159906
0.142686
0.272415
0.342997
0.0550309
0.135799
0.18306
0.1476
0.127105
0.00811325
0.0865299
0.0799242
0.0948238
0.0865352
0.00411959
0.0779906
0.106635
0.0815496
9.60653e-11
0.00140072
9.9417e-11
9.41775e-11
0.032245
0.0965593
9.64892e-11
0.000571132
1.0091e-10
1.04766e-10
0.0546707
0.00343493
1.12375e-10
9.84461e-11
0.00242513
0.0148408
0.00473744
9.80453e-11
0.057827
0.916521
0.999165
0.0125014
0.985544
0.0849241
0.787049
0.656988
0.295277
0.502145
0.148945
0.126163
0.244982
0.866128
0.188476
0.481705
0.119267
0.731272
0.367255
0.602943
0.848377
0.131127
0.670084
0.508762
0.356025
0.75785
0.909435
0.72553
0.743759
0.756528
0.719484
0.910582
0.797285
0.413372
0.586644
0.86668
0.422187
0.880959
0.577787
0.673026
0.755002
0.974201
0.993185
0.852463
0.310267
0.910534
0.70565
0.0462904
0.1089
0.0973716
0.549345
0.531571
0.743675
0.144606
0.110777
0.140865
0.612101
0.958517
0.943176
0.364365
0.186667
0.190377
0.865722
0.0149303
0.00314802
0.0183585
0.0377849
0.0199945
0.000763788
0.00390795
0.112565
0.125401
0.0162231
0.107984
0.215099
0.299746
0.280266
0.558132
0.708854
0.730006
0.983409
0.0188382
0.993073
0.671707
0.986996
0.1316
0.148524
0.181924
0.180957
0.130962
0.384551
0.207738
0.150241
0.0167533
0.0423981
0.00828513
0.28016
0.999772
0.0147573
0.680142
0.683079
0.129826
0.909195
0.670956
0.848727
0.585014
0.651935
0.0418412
0.803677
0.513515
0.495685
0.487071
0.797188
0.176239
0.00157228
0.225287
0.189465
0.509406
0.145866
0.433228
0.129948
0.421857
0.74099
9.32673e-11
0.345943
0.628242
0.737268
0.10797
0.664878
0.129191
0.776505
0.664499
0.765294
1.03004e-10
0.983514
1.00464e-10
9.87342e-11
0.970703
0.978404
0.00159978
0.00281064
0.00110305
9.99838e-11
0.184495
0.277303
0.676345
0.368114
0.0112084
0.00102662
0.00308896
0.00163124
0.0636076
0.0184492
0.527977
0.0354516
1.0171e-10
0.0126716
0.048975
0.00124523
1e-10
9.72812e-11
0.501335
0.00361138
0.00169461
1.00266e-10
0.0183394
0.0250828
0.000135319
1.26129e-10
1.03677e-10
0.00138688
0.252793
1.00272e-10
0.0025113
0.0150889
0.000981907
0.00222719
0.0374161
9.76504e-11
1e-10
0.000797634
0.00159503
0.0182781
0.211859
0.0521084
0.0727788
0.0721918
0.00779016
0.0294552
0.297691
0.139707
0.169723
0.0582866
0.565946
0.268761
0.364075
0.436845
0.665461
0.686729
0.442062
0.0225217
0.446388
0.328249
0.162124
0.21128
0.489287
0.293123
0.748441
0.741127
0.743057
0.689374
0.394656
0.39852
0.255225
0.67865
0.775914
0.535815
0.252144
0.590446
0.740436
0.647774
0.632815
0.541645
0.345661
0.643841
0.401135
0.544072
0.540788
0.569961
0.48959
0.51881
0.168815
0.326226
0.474444
0.504508
0.335111
0.506322
0.519013
0.219504
0.689932
0.625236
0.32701
0.602415
0.561176
0.231565
0.212211
0.243185
0.296162
0.469747
0.289741
0.262114
0.46544
0.343127
0.37746
0.394726
0.218457
0.283913
0.398947
0.438954
0.500958
0.690516
0.258442
0.630977
0.401049
0.36036
0.182737
0.471564
0.177687
0.464242
0.391992
0.259026
0.49503
0.573368
0.789465
0.612553
0.400928
0.291167
0.531809
0.241745
0.55698
0.506263
0.634049
0.234347
0.732028
0.474489
0.74442
0.720798
0.791845
0.74292
0.792873
0.466399
0.614713
0.675596
0.686743
0.707167
0.603022
0.461899
0.60827
0.544329
0.672444
0.550955
0.804287
1
0.508511
0.417902
0.447975
0.522007
0.474443
0.288197
0.00317353
0.177885
0.519266
0.31159
0.335987
0.291375
0.177492
0.327195
0.341391
0.09304
0.305575
0.16922
0.664192
0.290268
0.513732
9.63305e-11
0.163417
0.131381
0.409073
0.394579
0.49591
0.361638
0.00881905
0.322283
1e-10
0.67124
0.543346
0.710809
0.656569
0.169257
0.132254
0.426382
0.544472
0.454511
0.888195
0.216326
0.221615
0.404953
0.047583
0.560322
0.151952
0.0983001
0.240507
0.126769
0.264476
0.0913896
0.000278984
0.318795
0.2628
0.441537
0.538048
0.618833
0.0641093
0.180618
0.0165422
0.132448
0.0428347
0.186986
0.805728
0.734763
0.0290655
0.0554863
0.248145
0.388973
0.385537
0.252607
0.989572
0.064056
0.0074682
0.188761
0.0727322
0.0126645
1.03484e-10
0.317595
0.199581
0.873754
0.588011
0.803254
0.69123
0.647348
0.253431
1.0581e-10
0.000192913
0.00148212
0.000991268
0.275889
0.20357
0.312365
0.238656
0.448634
0.447149
0.198665
0.0280623
0.446185
0.444476
0.122807
0.470092
0.270473
0.579376
0.391087
0.184452
0.241413
0.400481
0.383456
0.298161
0.356959
0.504671
0.417369
0.446971
0.284443
0.402422
0.313358
0.211893
0.304921
0.383791
0.262234
0.271619
0.0935259
0.0778058
0.66853
0.525086
0.713671
0.759781
0.562208
0.196549
0.339051
0.189487
0.113121
0.174703
0.191049
0.226818
0.141938
0.182023
0.319383
0.174914
0.144264
0.354222
0.154581
0.722559
0.908953
0.616521
0.541667
0.530516
0.736212
0.521691
0.567629
0.796088
0.609908
0.674436
0.677064
0.899427
0.725476
0.772308
0.677911
0.414305
0.108847
0.199307
0.237434
0.671674
0.75504
0.774523
0.662947
0.642945
0.606235
0.697032
0.792493
0.633376
0.467297
0.66234
0.390905
0.222851
0.305549
0.31027
0.752288
0.163706
0.173777
0.174702
0.217163
0.412319
0.223662
0.680008
0.706294
0.31777
0.386839
0.59085
0.601084
0.540661
0.708791
0.644824
0.190054
0.920415
0.763826
0.78058
0.89358
0.89847
0.800181
0.863685
0.935658
0.545539
0.890235
0.813749
0.935354
0.759539
0.613838
0.890682
0.792893
0.785763
0.107775
0.413174
0.289187
0.261252
0.223913
0.200919
0.0485635
0.153034
0.284742
0.0264883
0.300463
0.178145
0.328213
0.284975
0.00174199
0.00131108
0.0696421
0.0726163
0.132267
0.0687243
0.0131531
0.095718
0.176597
0.187423
0.0761641
0.0562985
0.172011
0.0723184
0.0850992
0.0850823
0.064128
0.106277
0.236553
0.318944
0.222251
0.296565
0.0975071
0.0761521
0.0672609
0.0826833
0.333157
0.262453
0.302229
0.243967
0.292913
0.40038
0.790056
0.823678
0.695081
0.729813
0.0794091
9.55445e-11
0.675305
0.844185
0.743287
0.83699
0.638487
0.289749
0.513695
1
0.463866
0.591412
0.280264
0.491984
0.246873
0.0722999
0.180815
0.0743526
0.0428617
0.0501408
0.15203
0.172029
0.29743
0.729801
0.81504
0.649735
0.110407
0.101728
0.0219905
9.91044e-11
0.00162904
0.0444725
0.0717801
0.002595
0.00404035
2.12989e-10
0.00163974
0.000266784
0.0165452
0.000311803
1.00261e-10
1.02918e-10
0.000363421
0.0367706
0.0018393
0.53652
0.0565757
1.01248e-10
0.000150848
1e-10
1.00726e-10
8.80827e-11
0.0114253
0.0100699
1.01769e-10
0.025
0.0179492
0.00268881
0.00126425
0.00784042
0.000426528
0.000373667
0.000632345
0.0270699
0.00219831
1.02894e-10
9.15807e-11
0.00351835
1e-10
0.0284988
1.03587e-10
9.62376e-11
0.00583065
0.000161356
1.00049e-10
0.00291455
9.82079e-11
1.02398e-10
0.0158204
9.53527e-11
9.56185e-11
1.00275e-10
9.67017e-11
0.000358188
9.68731e-11
0.206699
0.42617
0.584961
0.317422
0.125143
0.124466
0.193566
0.0352151
0.0478877
0.0408132
0.101107
0.0655368
0.0424463
0.104777
0.00493032
0.287274
0.0965117
1.07538e-10
9.96474e-11
0.0199094
0.366121
0.0304171
0.0967534
0.0417734
0.0901312
1.01427e-10
0.0810879
0.0395507
0.0814231
0.0479195
1.02244e-10
0.021409
0.00148473
0.00275753
0.0917825
0.0875074
0.0919652
0.0929102
0.00337728
0.0218135
0.00119638
0.000593113
0.000962286
1.00027e-10
0.000819075
1.0705e-10
0.0172271
0.0186471
1.00254e-10
2.81468e-06
9.87615e-11
9.97081e-11
0.0222734
0.00335585
0.00192678
0.000500643
1.0005e-10
9.98148e-11
0.00236105
1.06588e-10
1e-10
0.00240756
0.00512448
0.000955036
0.0161166
2.07547e-10
9.70291e-11
0.00401031
0.00373875
0.00624046
0.00235619
9.75329e-11
9.52329e-11
0.00418534
0.00187009
0.003911
0.000586309
1e-10
0.0779237
9.94132e-11
0.0759763
9.9178e-11
0.00852134
0.00144465
9.98469e-11
9.55438e-11
9.4715e-11
1.00408e-10
1.04215e-10
0.0413842
0.00412368
0.00352087
0.0433457
8.03524e-11
0.00220744
0.0269675
1e-10
0.0574958
0.0114491
1e-10
0.504767
0.251669
0.605595
0.418247
0.534425
0.609665
0.657739
0.474986
0.434076
0.498546
0.215543
0.381662
0.300281
0.650647
0.642982
0.531319
0.445403
0.412251
0.463905
0.395924
0.435233
0.469786
0.384267
0.278469
0.645495
0.53691
0.424996
0.563805
0.410659
0.281202
0.223342
0.310761
0.655233
0.67773
0.711357
0.56525
0.616668
0.703837
0.60363
0.673011
0.259204
0.627427
0.615114
0.656338
0.614292
0.576321
0.12229
0.766719
0.316385
0.183062
0.593871
0.447775
0.15641
0.177714
0.302057
0.461062
0.612639
0.0109322
0.571578
0.249985
0.526164
0.7089
0.641973
0.541897
0.388304
0.635989
0.636109
0.539292
0.229981
0.324593
0.454275
0.462751
0.145777
0.210911
0.2938
0.216251
0.171294
0.276394
0.457908
0.282157
0.163449
0.465374
0.3903
0.302665
0.150425
0.308762
0.44749
0.31377
0.510113
0.350815
0.0834698
0.201681
0.110627
0.0745517
0.318038
0.211233
0.602574
0.568043
0.768426
0.709498
0.672276
0.232288
0.755186
0.616823
0.495452
0.260237
0.190629
0.14651
0.538596
0.434565
0.57104
0.507138
0.466699
0.217946
0.713788
0.419526
0.531544
0.268434
0.330486
0.111865
0.581935
0.636465
0.483409
0.459351
0.535762
0.310146
0.353121
0.387801
0.294616
0.489849
0.413572
0.167317
0.265523
0.180147
0.341945
0.125052
0.425089
0.234399
0.35763
0.288914
0.282806
0.345967
0.285541
0.312404
0.683665
0.585789
0.612518
0.666254
0.735893
0.750699
0.0454642
0.46349
0.603706
0.436905
0.578138
0.371515
0.0723055
0.316355
0.182869
0.413417
0.126418
0.0299815
0.240744
0.171786
0.629884
0.654349
0.381979
0.18521
0.382463
0.577749
0.356162
0.287802
0.476236
0.448833
0.507993
0.260372
0.13796
0.425006
0.508899
0.462395
0.433792
0.574509
0.0405438
0.511616
0.617358
0.516856
0.324771
0.410696
0.206923
0.435093
0.373973
0.459278
0.258324
0.482
0.653393
0.728411
0.608014
0.535059
0.624627
0.566497
0.765856
0.778609
0.861133
0.82947
0.786895
0.838818
0.54247
0.581096
0.451
0.547287
0.487637
0.132637
0.431259
0.575686
0.354985
0.359967
0.710004
0.454665
0.822876
0.155145
0.909286
1
0.799381
0.760077
0.777419
0.704205
0.675201
0.251584
0.808267
0.687629
0.172949
0.674273
0.936519
0.311131
0.276213
0.682951
0.900691
0.831984
0.893623
0.843241
0.53661
0.247453
0.801702
0.690345
0.787038
0.624737
0.764632
0.731581
0.084143
1.00366e-10
0.0843328
1.08404e-10
0.0660413
0.0103202
0.0900186
0.0634432
9.93482e-11
0.0385561
0.0132643
0.0136666
0.0696694
6.98957e-05
0.0688559
0.0353954
0.0257025
0.0076792
0.000314809
9.99067e-11
9.95234e-11
0.050716
0.00151273
1.00786e-10
0.000751508
0.000229326
0.00141029
0.000578378
0.0376792
9.91988e-11
0.0152698
0.0286881
9.7767e-11
0.0157464
0.00108744
1.00289e-10
0.00484117
1.02478e-10
0.000769155
1.02641e-10
2.9693e-05
1.14302e-10
9.9186e-11
1.0006e-10
0.0802125
0.000585484
1.00015e-10
9.65868e-11
0.00672462
9.78491e-11
0.0464724
0.00404802
9.99846e-11
1.04765e-10
0.000237994
9.21218e-11
0.000711495
0.00283803
0.000307887
9.70613e-11
0.0675314
0.000714572
0.137967
0.0765796
0.0564974
0.0816696
0.972781
0.00575917
0.0132521
0.000830115
0.997274
0.614319
0.866413
0.973069
0.99621
0.530921
0.0201781
0.988356
0.710419
0.451027
0.660172
0.680283
0.709679
0.722656
0.719507
0.604113
0.476154
0.716339
0.0631317
0.565858
0.896859
0.779724
0.615133
0.882044
0.321668
0.73292
0.839711
0.61139
0.768079
0.560615
0.283919
0.56987
0.673003
0.181535
0.302356
0.14901
0.607875
0.942763
1e-10
0.143804
0.554217
0.649885
1.00116e-10
0.229927
0.875019
0.154745
9.74216e-11
0.0682466
1.01525e-10
0.104782
9.76429e-11
0.035629
0.0524475
0.134673
0.220997
1.0089e-10
0.0864214
1.02325e-10
9.74234e-11
0.0280249
0.0164721
0.214871
0.223115
0.251704
0.231328
0.254385
0.0980854
0.308014
0.0750132
0.156018
0.174414
0.223872
0.32409
0.400875
0.370894
0.361027
0.138463
0.345157
0.201186
0.232921
0.380277
0.0887366
0.128953
0.22162
0.211289
0.266658
0.273607
0.195721
0.0743166
0.178691
0.0506838
0.0296445
0.0185367
0.0778114
0.0307483
0.0768861
0.0484868
0.0579129
0.0898326
0.182278
0.0863107
0.0983542
0.136191
0.026851
0.0214913
0.0357338
0.0440735
0.00814961
0.0305008
0.0350321
0.0870827
0.0744631
0.0113764
0.0229167
9.76735e-11
0.0258879
0.135842
9.52919e-11
9.79832e-11
0.0305149
0.0817876
0.235799
0.255752
0.169167
0.270363
0.182265
0.089382
0.145969
0.173029
0.0707537
0.00982814
1.01601e-10
9.96612e-11
0.0953189
0.0862852
0.111249
1.06242e-10
0.063383
0.11387
0.0670836
9.36783e-11
1.07279e-10
1.02842e-10
0.0295726
0.0313553
0.314422
0.142836
0.210525
0.315106
0.258779
0.228478
0.134209
0.1128
0.000114974
0.0787924
0.17079
0.111711
0.102487
0.0202322
0.0645226
9.86959e-11
0.331661
0.0303429
0.247169
0.0106785
1.03065e-10
0.0867222
1.06054e-10
3.67342e-05
0.00929454
1.07694e-10
1.03136e-10
0.0108182
0.00682224
0.000785035
0.00792181
0.00123175
0.00300464
9.66102e-11
0.0754395
9.78511e-11
0.000955469
0.00954345
0.00347373
0.0189509
9.57093e-11
0.0510278
1.08312e-10
0.0413535
1.04596e-10
0.00560601
0.0146116
0.00198421
0.000136761
0.00788495
0.0787147
9.75898e-11
0.000369652
0.000733389
1.00125e-10
1.00334e-10
1.00877e-10
9.99999e-11
1.01781e-10
0.000126644
0.0790159
9.96757e-11
0.000259115
9.8738e-11
1.00809e-10
1e-10
0.000286456
0.000306663
0.00608766
0.00695838
9.95703e-11
0.00122394
0.00540014
9.96055e-11
1.00143e-10
9.95651e-11
0.0342182
0.12711
9.76346e-11
0.00280467
0.0148955
0.0268032
0.000228075
9.93365e-11
0.00035816
1.01728e-10
0.0371356
1.00265e-10
0.000116988
0.0313997
0.00407111
9.75684e-11
0.00711263
0.00149698
0.00255687
0.00419778
0.199451
0.133137
0.0776799
0.030195
0.0549279
1.55938e-10
0.000481914
0.065201
1.01023e-10
5.27115e-05
9.82521e-11
0.00479925
0.00822181
0.000105692
0.0297123
9.95824e-11
9.80173e-11
9.87044e-11
9.49362e-11
0.00519937
0.00220398
0.00139462
0.053001
1.01486e-10
0.00766364
9.9355e-11
0.00725165
9.42523e-11
0.00134515
9.73113e-11
0.0080588
9.53326e-11
0.0412483
0.00322793
0.0691586
0.0352577
0.0334853
0.0975769
0.00422929
0.001925
9.2721e-11
0.0101593
0.0150025
0.0548456
0.00481006
0.053413
0.0124878
0.00595858
9.99067e-11
0.133743
0.381295
0.254762
9.81543e-11
1.87272e-10
1e-10
0.000402649
0.0714782
0.00100926
0.0111222
0.00095239
0.0184564
1.37941e-10
9.98125e-11
0.0809711
1e-10
0.00209581
9.84973e-11
9.93323e-11
0.0347726
0.13661
0.247482
0.738862
0.0171911
0.0916286
0.104239
0.0970404
0.185237
0.129848
0.124215
0.125788
0.168638
0.100276
0.074099
0.0991092
0.151044
0.136123
0.0539453
0.118093
0.285792
0.302696
0.0297844
0.0173673
0.0710863
0.124111
0.188142
9.87603e-11
0.0591496
0.171083
1.01598e-10
0.000404609
9.92699e-11
9.90849e-11
0.0205778
0.115552
0.475122
0.225561
0.750127
1
0.0962544
0.160125
0.0944319
0.136439
0.35054
0.142229
0.0164127
0.0253168
0.329539
0.0368817
0.298824
0.0181335
1e-10
0.0754161
0.163814
0.112668
0.00979641
0.0114163
0.112331
1e-10
0.015853
0.106949
0.0380491
0.00262808
9.48909e-11
0.0120402
1.00444e-10
0.0261802
9.83108e-11
9.59644e-11
0.0027201
0.0768851
0.000507301
9.88482e-11
0.00165405
0.0804462
1e-10
1.04291e-10
0.0945053
0.0377029
0.0110621
9.90138e-11
0.0674399
0.0689075
0.00431742
1.31808e-10
0.0349752
0.0014366
0.0803091
0.0469975
0.0103034
0.0489464
0.0257129
0.0584786
0.350101
0.15184
0.399523
0.397689
0.105486
0.476893
0.570581
0.545585
0.752044
0.997721
0.402582
0.477474
0.42213
0.485689
0.40596
0.688131
0.725234
0.817205
0.536294
0.676466
0.556605
0.463807
0.326345
0.396158
0.538121
0.435065
0.579079
0.630213
0.508723
0.254002
0.574117
0.443813
0.4297
0.766902
0.439251
0.44186
0.620897
0.523805
0.363023
0.373864
0.438616
0.350086
0.469286
0.365707
0.573397
0.479734
0.605327
0.586868
0.647
0.402808
0.422921
0.433545
0.480942
0.752714
0.748283
0.608559
0.493461
0.550476
0.631969
0.627158
0.50634
0.667902
0.542352
0.376868
0.17929
0.105289
0.076556
0.0256023
0.092631
0.060356
0.088072
0.680582
0.000227297
0.0573496
0.655464
0.0689008
5.23895e-05
0.00840536
1.00002e-10
1e-10
0.565425
1.00017e-10
0.00101341
0.000132541
0.987013
0.924844
0.00414833
0.0405449
0.0739725
0.00087997
0.950724
0.00454453
9.95926e-11
1e-10
0.0236829
0.00243328
0.616998
0.0949003
0.891711
0.712559
0.998713
0.385423
0.642787
0.915542
0.377346
0.00585142
0.890201
0.963075
0.954539
0.771402
0.961882
0.375
0.993524
0.968939
0.812851
0.921972
1e-10
0.987481
0.00999563
0.00140525
0.755838
0.762962
0.662321
0.803532
1e-10
0.0138206
0.597341
0.00332624
0.873096
0.366571
0.10057
0.911956
1e-10
0.154164
0.0142958
0.0819584
0.00673566
1.00386e-10
0.00152088
0.000306312
0.462442
0.0772313
0.922903
0.854488
0.836128
0.786327
0.196652
0.374114
0.780576
0.688551
0.749814
0.644809
0.943709
0.980566
0.00577317
1.03254e-10
0.00719934
0.000764887
0.759803
0.784851
0.383708
0.659019
0.346261
0.743544
0.870759
0.981285
0.800845
0.947231
0.179178
0.297647
0.514675
0.58033
0.739512
0.736244
0.77691
0.354048
0.640089
0.742651
0.799075
0.585644
0.370771
0.617771
0.379044
0.884014
0.381957
0.593392
0.550169
0.673468
0.587727
0.628627
0.417885
0.703463
0.214453
0.25302
0.639519
0.511219
0.966832
0.285531
0.884702
0.657425
0.66447
0.397045
0.718063
0.795795
0.79262
0.763855
0.735326
0.266009
0.311225
0.77211
0.855266
0.917
0.6793
0.493303
0.903744
0.767501
0.678757
0.813057
0.727455
0.711351
0.77965
0.915164
0.275753
0.403678
0.124144
0.831634
0.825452
0.372631
0.11646
0.88771
0.414109
0.746432
0.701723
0.673452
0.227056
0.250814
0.112885
0.792303
0.279783
0.420647
0.160602
0.691289
0.94038
0.272967
0.308487
0.677076
0.78719
0.61037
0.707676
0.69264
0.860068
0.296034
0.0670048
0.118475
0.210167
0.417915
0.258557
0.223243
0.720997
0.294594
0.0901116
0.596125
0.830396
0.956377
0.647868
0.866471
0.650427
0.356875
0.474205
0.442064
0.7218
0.952306
0.72828
0.797028
0.081129
0.752634
0.920882
0.798558
0.874968
0.75965
0.798647
0.474432
0.0332555
0.970295
0.984093
0.763012
0.93462
0.849877
0.00845018
0.972515
0.997765
0.936319
1.18062e-05
0.00172156
0.0907219
1.52309e-10
0.00208979
1.04452e-10
1.08549e-10
0.00544158
9.81402e-11
9.32103e-11
0.000878817
1.08784e-10
1.15061e-10
0.00895633
9.25356e-11
1.02797e-10
0.00131534
9.91311e-11
9.92096e-11
0.00918743
9.67577e-11
0.0523493
0.200676
0.186468
0.307055
0.21691
0.163464
0.28707
0.0238686
0.111157
0.0505747
0.0237987
0.00622652
1
0.995395
0.955142
0.0875506
0.865102
0.947449
0.876211
0.973071
0.881116
0.829644
0.923929
0.00972045
0.798057
0.0625868
0.760747
0.983065
0.898604
0.97418
0.910535
0.921242
0.835604
0.83356
0.888585
0.888204
0.187219
0.143456
1
0.178567
0.131076
0.195292
1.01604e-10
0.0252327
1.32131e-10
9.79759e-11
9.93463e-11
0.00239569
0.00131187
0.00702052
1.07494e-10
9.41747e-11
9.65512e-11
0.00960066
9.29991e-11
1.09458e-10
0.00525482
0.00106595
0.0264386
0.000998815
0.0994691
9.8554e-11
9.6768e-11
9.7738e-11
0.0673351
0.0427282
1.01283e-10
0.0788435
0.0586741
1.00174e-10
0.0141269
9.55e-11
0.0560011
0.00895432
1.01753e-10
0.0734571
0.0748417
0.0113978
0.0798938
0.0740387
0.035774
0.00385492
0.0725671
0.0102329
0.0203297
1.0197e-10
8.73286e-05
1.0297e-10
1.00714e-10
0.00303601
0.00505892
0.0667206
0.0387647
0.0387461
1.02425e-10
0.00108556
0.0500398
0.0891186
9.79181e-11
1.00784e-10
0.119221
0.271005
0.252748
0.895704
1.00586e-10
0.0845111
0.101418
0.0490773
0.0695059
0.0712538
0.00535112
0.00882186
0.0418753
0.994563
0.989047
0.0683129
0.00446019
0.0404512
0.00468043
0.952629
0.979021
0.696949
0.765316
0.944934
0.879173
0.808779
0.917513
0.0246633
0.0170141
0.381638
0.964573
0.759186
0.919352
0.104139
0.167267
0.0774202
0.0353341
0.0523059
0.156378
0.000246432
0.98528
0.195271
0.0620485
0.206166
0.0736548
0.00207874
0.00308141
0.128684
0.184405
0.32804
0.131692
0.0140151
0.0714902
0.298495
0.0428038
0.222696
0.173371
0.459178
0.727939
0.0517753
0.0435043
0.0586573
0.0504564
0.0148266
0.0166001
0.15845
0.312692
0.382102
0.378955
0.0339572
0.972431
0.00382941
0.00443205
1e-10
0.000589448
0.0666518
0.00505479
1e-10
0.000496855
0.00234007
0.0353239
1e-10
1.00622e-10
1
0.812962
0.999458
0.573268
0.911702
0.882108
0.946776
0.843744
0.910398
0.951426
0.976906
0.970323
0.999205
0.941637
0.995867
1
0.000675877
0.893497
0.099438
0.0446378
0.0407166
0.999641
0.00811144
0.141883
0.993335
0.930975
1
0.998469
0.422509
0.00214526
1
0.997749
1
0.987009
0.996808
0.990722
9.85478e-11
1.00386e-10
9.87912e-11
0.601888
9.98879e-11
0.102464
0.00893556
1.01518e-10
0.111815
9.58669e-11
0.0167871
9.99742e-11
9.90998e-11
9.98798e-11
0.902817
0.938539
0.985499
0.8933
0.0580408
0.968315
0.000688694
1.01882e-10
0.0788174
0.0276907
0.0145463
0.00516268
0.00509041
0.00554667
0.0042128
0.000531525
1.01172e-10
0.0244592
0.0538
0.00683016
0.0831113
0.0336493
0.00360091
0.0670557
0.214337
0.0195299
0.044336
0.213571
0.208918
0.00310295
0.0051054
9.65278e-11
1e-10
0.117758
0.00397206
0.0211012
0.0633208
0.0986887
0.0488534
0.0239256
9.966e-11
0.000408439
0.013217
0.999937
0.997545
0.982254
0.991331
0.997844
0.0629845
0.994659
0.982015
9.97363e-11
0.0528262
0.700748
0.121713
0.968582
0.767871
0.538759
0.422521
0.83922
0.450173
0.854303
0.807157
0.893489
0.797742
0.65028
0.762351
0.223713
0.2865
0.638528
0.617127
0.1778
0.00413155
0.248388
1.01126e-10
0.00709772
0.0983721
0.0187116
0.008215
0.0059894
0.0796439
0.00146583
0.0208845
0.0861506
0.00777353
0.221242
1.00612e-10
0.00406114
0.234289
9.78599e-11
0.000539278
0.00628227
0.00632493
0.00272275
1.02621e-10
0.00835405
0.0073159
0.689583
0.0888949
0.00315381
0.00265558
1e-10
0.00161553
0.00750503
0.0041396
0.0022175
0.000761917
0.0153928
0.000300956
1.00382e-10
0.0181507
0.0464863
0.00720699
0.149346
0.0110586
0.0783311
0.061614
0.00111205
0.102467
1e-10
0.0164889
9.93862e-11
0.000925901
0.00727257
0.00132054
0.00336532
0.776979
0.00210486
0.397681
0.234401
0.18194
0.030543
0.0640838
0.0148166
0.591347
1.00214e-10
0.00813596
0.0118707
0.0746217
0.00322471
0.089664
0.0277866
1.01496e-10
0.463967
0.101256
0.0809733
0.853602
1.07046e-10
0.195624
0.346726
0.123992
0.213166
0.225422
0.171476
0.184791
0.79239
0.472571
0.0142621
0.394934
0.113513
0.416672
0.208112
0.203995
0.0406224
0.00120981
0.0757339
9.96144e-11
1.00923e-10
0.286708
9.92224e-11
0.0239649
0.0131182
0.244062
0.212052
0.0267344
0.00207722
0.0117975
0.0261326
0.0954163
0.273797
0.285534
0.297462
0.328795
0.0961522
0.0241438
0.50429
0.200358
0.252098
0.0743812
0.774424
0.413568
0.665968
0.676237
0.44514
0.468705
0.550242
0.297994
0.734209
0.538916
0.760407
0.467282
0.871033
0.78969
0.584371
0.408873
0.170531
0.0880476
0.857391
0.716572
0.508385
0.52657
0.176619
0.0704423
0.136952
0.45627
0.605428
0.48224
0.457725
0.231306
0.192748
0.18913
0.372113
0.583135
0.812093
0.795231
0.378757
0.730637
0.630635
0.704141
0.393819
0.475149
0.399088
0.462512
0.955457
0.718145
0.654963
0.693376
0.762288
0.676684
0.261656
0.673045
0.698268
0.743256
0.723504
0.377231
0.658423
0.405742
0.367883
0.345782
0.0249
0.0682469
0.175627
0.0554423
0.087694
0.0708987
0.582932
0.437227
0.637978
0.250174
0.414807
0.276906
0.167938
0.263115
0.758347
0.350441
0.887834
0.164439
0.491517
0.267608
0.426412
0.446205
0.518216
0.44961
0.397561
0.459844
0.260857
0.411362
0.496491
0.478131
0.138399
0.129374
0.111262
0.0735345
1.00804e-10
0.08582
0.0136911
0.339814
0.078186
9.9897e-11
0.236807
0.0966179
0.0661048
0.0643476
9.96121e-11
0.0310398
0.0255002
0.0235543
0.0597005
0.127773
0.127354
0.205942
0.248185
0.147764
0.0209986
0.0609184
0.0598276
0.816975
0.0716869
0.0679497
0.158912
0.0544953
0.254188
1.01149e-10
0.245223
0.22286
0.180047
0.395047
0.341478
0.193826
0.11717
0.0748623
0.271911
0.124667
0.202253
0.1456
0.325643
0.184522
0.152395
0.183594
0.254336
0.142379
0.281841
0.205383
0.201875
0.0513614
0.235443
0.10164
0.194016
0.223339
0.120005
0.214141
0.249822
0.0374217
9.99169e-11
0.161717
0.00254679
0.989137
0.804086
0.872597
0.82387
0.119536
0.308731
0.362455
0.762147
0.726688
0.414558
0.418165
0.936288
0.809257
0.184351
0.622375
0.818521
0.217343
0.683454
0.641968
0.839678
0.98016
0.898222
0.959927
0.536238
0.907063
0.445059
0.922088
0.362327
0.367838
0.723321
0.871245
0.965478
0.460912
0.712746
0.607947
0.372956
0.543811
0.387841
0.663474
0.760128
0.538062
0.0210576
0.00307435
0.621697
0.668002
0.516487
0.998805
0.972651
0.0829656
0.936751
0.33772
0.91849
1
0.998433
0.962888
0.954802
0.344756
0.430313
0.423778
0.935397
0.953509
0.997072
0.948107
0.985797
0.709823
0.849526
0.773874
0.929391
0.874407
0.863954
0.901989
0.920857
0.967902
0.765448
0.999976
0.947888
0.761926
0.896522
0.833334
0.893924
0.987574
0.980857
0.574003
0.845462
0.844258
0.856862
0.910127
0.865973
0.825564
0.913099
0.632847
0.392314
0.907333
0.798294
0.834845
0.893855
0.775747
0.462587
0.335144
0.705447
0.77225
0.894586
0.621839
0.193126
0.632884
0.504675
0.505453
0.435405
0.735723
0.669593
0.182372
0.447704
0.336351
0.241002
0.294013
0.238342
0.172611
0.259712
0.379888
0.17321
0.431725
0.0526933
0.17878
0.313525
0.287389
0.330562
0.108452
0.0846649
0.204983
0.052125
0.15628
0.184301
0.21372
0.0962682
0.160587
0.315249
0.50633
0.413573
0.502533
0.377231
0.465398
0.359632
0.192639
0.182415
0.285248
0.00239681
0.316015
0.294061
0.459373
0.54722
0.153314
0.0788722
0.0500175
0.0169802
0.366261
0.402307
0.00844791
0.118542
0.103408
0.0383532
0.145283
0.112132
0.113886
0.861462
0.325965
0.511077
0.049904
0.638385
0.897684
0.271033
0.493625
0.69667
0.205737
0.153254
0.922625
0.93147
0.758256
0.930094
0.753263
0.396834
0.0980767
0.292145
0.775858
0.869045
0.884132
0.860498
0.0489555
0.148187
0.000671557
0.0473648
0.0375
0.0442082
0.246624
0.632684
0.111861
0.287005
0.126407
0.112801
0.0533285
0.117353
0.227078
0.232142
0.044827
0.0705787
0.141739
0.14854
0.135732
0.400313
0.182022
0.196476
1.01721e-10
0.0563136
0.233715
0.689688
0.201406
0.0568553
0.201199
0.117128
0.216233
0.359036
0.0986548
0.154959
0.773508
0.933495
0.884296
0.785871
0.977533
0.977531
0.981644
0.990342
0.00994407
0.99535
0.941617
0.679174
0.759493
0.403196
0.389545
0.724046
0.77743
0.76586
0.709017
0.77208
0.703297
0.549135
0.919575
0.279459
0.178821
0.347984
0.239555
0.27212
0.369681
0.344248
0.351098
0.230014
0.250151
0.236177
1.02045e-10
9.9649e-11
0.0927998
1e-10
0.079956
0.50074
0.117729
0.221931
0.248754
0.272507
0.385142
0.480698
0.103188
0.132875
0.0443824
0.0897009
0.042101
0.169699
0.341075
0.208566
0.125954
0.079675
0.429021
0.0684894
0.00654822
0.0808508
0.00340823
0.0972606
0.121712
0.175001
0.0858973
0.0774869
0.0587218
9.99241e-11
0.31651
0.0835765
0.00837807
9.99216e-11
0.00671829
0.000601683
0.191929
0.141116
0.135083
0.240425
0.970076
0.573641
0.139146
0.591445
0.191311
0.257122
0.439149
0.47629
0.141645
0.325865
0.306012
0.37973
0.619081
0.360304
0.215705
0.477129
0.299328
0.387384
0.257853
0.334181
0.347616
0.318754
0.418632
0.301103
0.522382
0.108535
0.226103
0.0692311
0.124498
0.14499
0.343246
1e-10
0.00148399
0.00893899
0.739507
0.578942
9.96154e-11
0.672094
9.8536e-11
0.67004
0.350742
1.02762e-10
0.0105402
1.02643e-10
0.0721362
0.0682337
0.0460308
0.146527
0.3665
0.174215
0.873895
0.180922
0.268766
0.160097
0.137816
0.117388
0.0225008
0.122882
0.147208
0.120411
9.92011e-11
0.00700126
0.03924
0.0126375
9.984e-11
0.0158851
0.00515983
9.95867e-11
0.635524
0.770526
0.322592
0.641748
0.0265146
1.03818e-10
0.0244536
0.404775
0.00281124
1.07915e-10
0.201209
0.17147
0.000800962
1.03115e-10
0.0196829
0.00464714
0.000734472
0.00140028
0.392304
0.22918
0.282042
0.570883
0.302353
0.215002
0.273708
0.596942
0.561462
0.727924
0.592813
0.553727
0.627218
0.920602
0.536145
0.314239
0.525323
0.635076
0.539004
0.376899
0.683634
0.761194
0.812827
0.614785
0.442984
0.736144
0.833561
0.66152
0.624458
0.48801
0.281768
0.346184
0.700979
0.8857
0.563447
0.745939
0.685473
0.68419
0.644997
0.743871
0.697531
0.689353
0.816945
0.523307
0.473167
0.397172
0.4347
0.361043
0.253825
0.333931
0.342594
0.451487
0.0467565
0.18612
0.322422
0.581492
0.0594467
0.288971
0.229183
0.788922
0.252349
0.799263
0.725702
0.850245
0.847783
0.784085
0.832008
0.774086
0.745419
0.762168
0.800415
0.699283
0.621862
0.849504
0.781996
0.821564
0.723041
0.0815737
0.15808
0.05067
0.0923514
0.443652
0.179056
0.394498
0.156012
0.112764
0.0570894
0.25576
0.229201
0.130184
0.11802
0.630101
0.761223
0.661754
0.766559
0.663469
0.171524
0.0422286
0.0588471
0.101355
0.959936
0.0361002
0.0458995
0.143
0.0728744
0.171405
9.69958e-11
0.385933
0.0728212
0.230208
0.0584083
0.0939634
0.163129
0.248976
0.264256
0.624587
0.569529
0.417396
0.26572
0.253177
0.135626
0.012444
0.232324
0.201426
0.118019
0.0192784
0.0520987
0.113248
9.31541e-11
0.696383
0.692733
0.0680861
0.0577234
0.0792922
0.120129
0.0634463
0.0764364
1.01035e-10
0.131221
0.117159
0.0991577
0.857788
0.650281
0.330632
0.122365
0.327907
0.0980625
0.274852
0.10795
0.159827
0.171261
0.183253
0.134779
0.0520207
0.00452116
0.053675
0.0908776
9.5281e-11
0.0637257
0.593002
0.091273
0.300108
0.282174
0.236289
0.183771
0.168036
0.182369
0.141699
0.227212
0.175028
0.996933
0.161947
0.144365
0.0885532
0.212129
0.300931
0.133161
0.0456133
0.0552247
0.00742119
0.00216062
0.0632071
0.747152
0.0221297
0.996399
0.0803611
0.00431877
0.065256
9.99853e-11
0.383645
0.0870709
0.24372
0.291595
0.000790457
0.053318
0.159949
0.0602569
0.899689
0.942635
0.0844756
0.127613
0.0381312
0.719674
0.0367029
0.0634891
0.0360375
0.0475708
0.00514149
0.149065
0.175195
0.298733
0.183602
0.16368
0.172996
0.15526
0.964917
1
0.017988
1.02054e-10
0.000693779
0.0711076
0.0346158
0.00537742
0.134418
0.141638
1.02192e-10
0.00257082
0.0316201
0.162807
0.111119
0.120006
0.0799963
0.0779394
0.157865
0.0741162
0.228128
0.377271
0.900466
0.922839
0.788839
0.950341
0.350355
0.80437
0.624491
0.0460827
0.0218103
1e-10
9.69962e-11
0.0411413
0.0295435
0.220184
0.975248
0.00034414
0.178648
0.17591
0.00569783
1e-10
0.00195705
1.0002e-10
1.10801e-10
1.06026e-10
0.00240807
0.00442052
0.0269662
0.0290503
1.00055e-10
0.827706
0.521872
0.18052
0.144673
0.358397
0.264337
0.157967
0.0234322
1.23558e-10
0.112339
0.0821025
0.353652
0.0847111
0.1862
0.171241
0.164212
0.197857
0.127387
0.528076
0.221193
0.183595
0.138401
0.228044
0.324539
0.064909
0.15728
0.125427
0.258989
0.111117
0.172236
0.041279
0.143942
0.214761
0.234519
0.424878
0.209495
0.368517
0.412352
0.138241
0.320158
0.543562
0.726118
0.526663
0.381431
0.252639
0.684019
0.243238
0.692529
0.382576
0.645225
0.23643
0.279734
0.366087
0.134188
0.260053
0.187623
0.505286
0.613871
0.509077
0.279523
0.522049
0.488834
0.378515
0.638963
0.195435
0.695657
0.188312
0.545297
0.770704
0.839316
0.136064
0.442547
0.81933
0.827951
0.091813
0.0831432
0.0557228
0.0937684
0.251953
0.15041
0.175042
0.0718555
0.183436
0.314155
0.252806
0.216385
0.171321
0.131767
0.333718
0.602377
0.734349
0.60902
0.211082
0.549817
0.247927
0.145861
0.145009
0.52184
0.361675
0.415329
0.0843059
0.00442588
5.7817e-11
0.0799964
9.73874e-11
0.0501096
9.71491e-11
0.0624073
0.0272093
0.0324408
9.55298e-11
0.116895
0.0999073
0.0395104
0.560756
0.349189
0.0056092
0.00594539
0.0352539
0.0446672
9.77665e-11
0.0604346
0.00377065
9.60566e-11
0.00306818
0.139312
0.00132913
9.43023e-11
0.0121792
0.00176566
0.152676
0.252913
0.728325
0.563106
0.798962
0.767059
0.708324
0.342724
0.215098
0.234981
0.225699
0.239031
0.112964
0.083214
0.230187
0.256469
0.225167
0.160499
0.237703
0.215973
0.132005
0.130572
0.111251
0.0779621
0.285159
0.333482
0.101529
0.152864
0.232316
0.261264
0.087157
0.166953
0.114311
0.00469718
0.167445
0.0582716
0.1
0.0995947
0.112726
0.150654
0.242398
0.11504
0.204757
0.060106
0.342479
0.0711497
0.586244
0.305319
0.207703
0.243807
0.216966
0.291498
0.146097
0.141818
0.302027
0.413202
0.105836
0.225322
0.549292
0.494388
0.100006
0.250965
0.317606
0.31786
0.354757
0.282995
0.185195
0.288167
0.250238
0.54515
0.325649
0.358288
0.281698
0.329419
0.500932
0.492879
0.206149
0.26238
0.219194
0.522672
0.229953
0.613339
0.319448
0.471076
0.38775
0.252953
0.648294
0.201394
0.451873
0.294162
0.42256
0.1853
0.343212
0.299946
0.1999
0.484843
0.25958
0.153218
0.323101
0.485673
0.240578
0.547408
0.231258
0.228426
0.162708
0.136166
0.342557
0.596123
0.454045
0.248304
0.340949
0.739334
0.279801
0.276905
0.188446
0.171001
0.393044
0.708576
0.197565
0.659245
0.296264
0.53731
0.360342
0.228752
0.346185
0.436434
0.494307
0.679435
0.705908
0.580245
0.592695
0.597309
0.571142
0.601576
0.343189
0.533598
0.248221
0.53242
0.619282
0.614443
0.00104111
0.00161913
0.0148531
5.31444e-05
0.0763794
0.0363268
0.028337
0.0118987
0.0372797
0.0558108
0.00617964
0.0218928
0.0895453
0.0452219
0.0217469
0.0748149
0.0658767
0.0363814
0.116776
0.103758
0.0083049
0.021098
0.761675
0.698737
0.840961
0.84254
0.648001
0.875963
0.586375
0.829152
0.209579
0.0498375
0.334802
0.449484
0.245361
0.195144
0.402687
0.211778
0.198826
0.353664
0.281377
0.491079
0.3497
0.756557
0.66046
0.598329
0.43872
0.173814
0.343668
0.591819
0.0787038
0.22937
0.225663
0.733194
0.254576
0.742481
0.155427
0.400104
0.841916
0.661198
0.164361
0.568222
0.823044
0.621975
0.645854
0.169258
0.331089
0.801461
0.814898
0.123836
0.108148
0.651293
0.0305451
1
0.08488
0.185949
0.0317115
0.99328
0.891689
0.986224
0.933389
0.99287
0.0755577
1.00192e-10
0.98418
0.955348
1
0.996653
0.92301
0.960965
0.947695
0.983435
1
0.894031
0.972005
0.98952
1
0.00796586
0.303308
0.897715
0.944047
0.955731
0.594382
0.988158
0.954425
0.972193
0.981511
1.0008e-10
0.848937
0.809472
0.971057
0.971506
0.468944
0.719326
0.981878
0.978567
0.258428
0.993246
0.00471017
0.0862182
0.782715
0.963185
0.997295
0.442481
0.950159
0.0763882
0.798341
0.0795093
0.836368
0.975446
0.196393
0.996269
0.653295
0.99274
0.820359
0.929869
0.158809
0.856765
0.945355
0.893411
0.648319
0.774825
0.10111
0.791333
0.727489
0.892334
0.0830067
0.195341
0.700562
0.0694308
0.865989
0.260226
0.264098
0.9079
0.816221
0.692348
0.881595
0.879392
0.690794
0.816892
0.814517
0.0847394
0.350235
0.705222
0.11759
0.637336
0.0961602
0.137792
0.39387
0.351108
0.874713
0.340898
0.57393
0.842596
0.652095
0.785105
0.551338
0.424622
0.79502
0.80418
0.335609
0.742023
0.351014
0.617113
0.449739
0.554259
0.652599
0.573101
0.645218
0.283987
0.784972
0.438713
0.950249
0.309219
0.620473
0.469597
0.509445
0.640371
0.869992
0.549896
0.884037
0.196652
0.783608
0.773316
0.710445
0.538509
0.773488
0.0158628
0.764281
0.33007
0.846337
0.895042
0.325304
0.553822
0.00790749
1e-10
0.000952894
0.0258053
0.000381804
0.000402015
0.00470757
9.99693e-11
0.0153412
0.00290116
0.144759
0.0412247
0.0101447
0.00651736
0.00211898
0.0590228
0.00127915
0.00481177
9.34691e-11
0.00755092
0.077098
0.0791365
0.0809872
0.065443
0.0338652
0.0676494
9.68425e-11
0.0641892
0.00236142
0.000355043
0.00608131
0.00431154
0.179325
0.00400062
0.000550115
0.00073474
0.0283418
1e-10
9.99773e-11
0.0396612
0.0357545
0.0515422
0.0113624
0.324436
0.00224763
0.581175
0.960068
0.600711
0.145481
0.0598409
0.192119
9.80079e-11
0.592492
0.875953
0.602228
0.4555
0.879662
0.847893
0.885729
0.724783
0.140601
0.433873
0.547113
0.574728
0.278365
0.25482
0.413653
0.499267
0.306969
0.540997
0.646447
0.3119
0.62777
0.26115
0.577536
0.491893
0.724265
0.552968
0.679721
0.296883
0.590851
0.347707
0.626276
0.615687
0.221926
0.411065
0.423849
0.46857
0.229635
0.470054
0.591705
0.521584
0.539467
0.171051
0.415468
0.554133
0.140398
0.1716
0.456118
0.7619
0.30783
0.847662
0.869242
0.471188
0.282522
0.275686
0.362889
0.109637
0.00238321
0.19255
0.255141
0.306542
0.305855
0.286705
0.566039
0.377079
0.672731
0.535622
0.242952
0.406435
0.00110494
0.00145438
0.073661
0.0837152
0.0829381
0.070182
0.0310914
0.0149953
0.0119404
0.0491395
0.0538401
0.0697972
0.114125
0.0180067
0.107086
0.569607
0.0278511
0.28224
0.143503
0.0887727
0.0892704
0.240381
0.366213
0.0655567
0.842815
0.822611
0.0792095
0.139019
0.140833
0.142119
0.12953
0.0773635
0.078251
0.0873517
0.880732
0.247802
0.683405
0.778952
0.614495
0.582929
0.923005
0.350475
0.551858
0.288109
0.284543
0.336941
0.741017
0.282622
0.763671
0.462218
0.51472
0.481186
0.705553
0.195598
0.294331
0.323282
0.326028
0.282107
0.609296
0.362909
0.314874
0.123425
0.69819
0.415127
0.194563
0.215515
0.0862889
0.0885016
0.273649
0.169838
9.05481e-11
0.047785
0.0363371
0.0997515
0.671223
0.583131
0.631494
0.407268
0.570913
0.390743
0.713056
0.529432
0.698369
0.703722
0.718533
0.678385
0.272432
0.549174
0.670368
0.576525
0.622722
0.68358
0.417368
0.63088
0.645621
0.484533
0.593901
0.715294
0.469093
0.582531
0.607166
0.481442
0.34452
0.48811
0.386522
0.595129
0.109571
0.314299
0.302117
0.445891
0.161346
0.104963
0.00438599
0.127142
0.314868
0.240546
0.0781051
0.678828
0.69611
0.649148
0.842065
0.145519
0.192472
0.612919
0.0326338
0.0564818
0.0544285
0.287828
0.0902525
0.0852842
0.142966
0.0807235
0.0865638
0.134488
0.129935
0.102431
0.260969
0.368047
0.317066
0.256294
0.241201
0.430417
0.662556
0.631725
0.304203
0.704782
0.775445
0.351063
0.736206
0.00948395
0.00960457
0.993493
0.869792
0.919322
0.00750725
0.0154332
0.00498906
1.00056e-10
0.610824
0.935006
0.294182
0.803862
0.11124
0.0501374
0.188202
0.139785
0.0917959
0.101181
0.199121
0.316391
0.406352
0.415814
0.212653
0.260319
0.247586
0.252562
0.118819
0.486842
0.6442
0.23447
0.598276
0.924641
0.58025
0.507979
0.734188
0.621007
0.924724
1
0.488913
0.945964
0.0382319
0.99812
0.207229
0.0608131
0.99936
0.135465
0.0804931
0.998824
1e-10
0.342972
0.119419
0.760143
0.833767
0.105952
0.00976738
0.986419
0.946091
0.979965
0.944413
0.00990761
0.00564014
0.959472
0.53486
0.201372
0.421645
0.152405
0.174154
0.705485
0.367743
0.912335
0.341916
0.473064
0.369709
0.341567
0.438668
0.153467
0.372494
0.297318
0.301197
0.551014
0.419851
0.46026
0.315721
0.530089
0.33601
0.404671
0.515881
0.435896
0.282039
0.721296
0.639372
0.666528
0.510178
0.536645
0.698496
0.810828
0.581469
0.508009
0.413445
0.583509
0.454026
0.140101
0.99253
0.0665629
0.962523
0.00623197
1e-10
0.478574
0.275916
0.58426
0.590629
0.00380829
0.00783523
0.0581193
0.181293
0.00259525
0.625372
0.0383094
0.000410359
0.46376
0.334911
0.547238
0.0509139
0.433565
0.515159
0.359177
0.443188
0.218527
0.976714
0.0922984
0.359683
0.367001
0.279882
0.0917386
0.557883
0.609932
0.993683
0.193396
0.926388
0.0764814
0.808884
0.824477
0.995011
0.403521
0.194282
0.425569
0.261797
0.334203
0.330834
0.35066
0.113852
0.259771
0.597159
0.701482
0.177898
0.190685
0.289507
0.251931
0.308279
0.253823
0.33932
0.215912
0.14676
0.684734
0.577775
0.599314
0.589966
0.316437
0.456487
0.513455
0.34837
0.22492
0.393756
0.232924
0.663619
0.677648
0.489128
0.332684
0.0696159
0.286879
0.00357515
0.575811
0.691095
0.228207
0.402623
0.0303417
0.309021
0.0601866
0.355032
0.219975
0.232152
0.912241
0.146262
0.469865
0.758362
0.715304
0.377825
0.476395
0.407068
0.284665
0.732449
0.750066
0.593509
0.90974
0.208599
0.792989
0.858196
0.641381
0.422671
0.816484
0.00161579
0.759317
0.517513
0.990187
0.805328
0.182723
0.247955
0.744609
0.450022
0.571953
0.342923
0.891705
0.785092
0.177066
0.228532
0.187607
0.0886916
0.297888
0.353314
0.437456
0.409627
0.412503
0.288384
0.3323
0.58943
0.354541
0.254698
0.407921
0.350079
0.285771
0.313216
0.309094
0.355408
0.515621
0.281701
0.429386
0.194881
0.915509
0.973759
0.298665
0.864633
0.523071
0.21593
0.452157
0.227532
0.233936
0.555093
0.511735
0.433121
0.369732
0.273846
0.522056
0.43842
0.851026
0.137821
0.269162
0.443785
0.615631
0.426761
0.431312
0.46074
0.126778
0.614555
0.146498
0.128693
0.852066
0.788749
0.723822
0.6988
0.706592
0.686111
0.927164
0.793702
0.837639
0.843234
0.80933
0.185985
0.822111
0.82472
0.00777591
1
0.995638
1
0.991559
0.628298
0.972734
0.985969
0.586072
0.643402
1
0.566395
0.986165
1
0.95881
0.913367
0.0572816
0.14005
0.938817
0.823716
0.000987103
0.978653
0.23092
0.00180903
0.97679
0.768822
0.963885
0.947558
0.876018
0.942488
0.163235
1e-10
0.712506
0.08864
0.0511353
0.42201
0.825256
0.408734
0.00101463
0.349564
0.920903
0.55586
0.301388
0.919791
0.89201
0.957065
0.0407862
0.915409
0.737995
0.730205
1
0.971049
0.969251
0.295666
0.829506
0.829511
0.874758
0.608976
0.250806
0.795037
0.857691
0.607749
0.892311
0.821237
0.784744
0.242491
0.125349
0.109732
0.879868
0.710214
0.779762
0.368853
0.807134
0.466405
0.00865708
0.473814
0.577543
0.493085
0.974046
0.220564
0.928778
0.948705
0.808799
0.900101
0.264207
0.0545056
0.0594118
0.0457295
0.0698167
0.757349
0.00683334
0.544811
0.690889
0.0310323
0.366382
0.467112
0.467387
0.0952828
0.189491
0.182701
0.101315
0.741517
0.222116
0.291787
0.132631
0.444683
0.180185
0.175395
0.431334
0.478788
0.328722
0.278329
0.153661
0.121767
0.12307
0.335043
0.48378
0.4673
0.541405
0.0838424
0.170997
0.286722
0.244116
0.0881707
0.0771229
0.154795
0.642287
0.735675
0.433512
0.0605404
0.0638536
0.113734
0.250776
0.303734
0.292483
0.433153
0.695641
0.713266
0.200444
0.257367
0.740741
0.0552215
0.211189
0.133617
0.263064
0.415837
0.0217006
0.256248
1e-10
1e-10
0.00536069
0.026298
0.0207499
0.0002241
0.0803922
0.752573
0.00493146
0.146851
0.112205
0.701658
0.777511
0.786467
0.000731408
0.0053037
0.22048
0.808188
0.172745
0.0462088
0.175894
0.0276615
0.0107169
0.156256
0.149634
0.0307037
1.04874e-10
0.208231
0.00862349
0.0020143
0.0337529
0.18765
0.00903424
9.69234e-11
0.0135736
0.00220743
0.0153285
1e-10
0.000136202
0.0226157
0.0140265
0.00857708
0.00443406
1.10562e-10
0.00444035
1e-10
0.00697295
0.0477071
9.95803e-11
0.00217215
0.0107355
1e-10
0.376889
0.173166
0.339968
0.0969563
0.192224
0.182707
0.241771
0.214482
0.437019
0.254534
0.373656
0.102247
0.252905
0.370839
0.381412
0.265792
0.410246
0.13873
0.179035
0.232632
0.78467
0.415689
0.267303
0.106462
0.184271
0.60323
0.413779
0.405976
0.187847
0.146607
0.595816
0.740759
0.657299
0.766446
0.158769
0.0954779
0.507231
0.353727
0.532398
0.380748
0.276287
0.306296
0.541991
0.536885
0.0548128
0.414923
0.352502
0.215682
0.201447
0.243266
0.345935
0.201422
0.842178
0.573435
0.530655
0.214044
0.181845
0.180683
0.744105
0.613453
0.281174
0.354916
0.00370871
0.000608015
0.0105811
0.289987
0.71159
0.230449
0.277555
0.786199
0.124067
0.558727
0.227809
0.584924
0.64322
0.801353
0.714393
0.787881
0.621296
0.898768
0.520822
0.572511
0.820322
0.739442
0.466768
0.200317
0.764627
0.660468
0.0209584
1e-10
0.0656569
0.149934
0.0241764
0.22816
0.151713
1.00397e-10
0.18772
1.02278e-10
0.168285
0.239931
0.0283823
0.218522
1.03575e-10
0.0953789
1.0116e-10
0.0587502
0.133938
0.317449
0.10699
0.0028925
0.0100718
0.00699457
9.98645e-11
9.91793e-11
0.17704
0.181034
0.0630013
0.00633766
0.340703
0.121082
0.165779
0.112367
0.175701
0.201103
1.09613e-10
0.298304
1e-10
0.0169775
0.591346
0.61122
0.707692
0.772255
0.627334
0.664901
0.610948
0.330557
0.530902
0.631033
0.48861
0.707737
0.0900362
0.0625316
0.262483
0.329115
0.26696
0.239968
0.161732
0.0155145
0.0501297
0.0513969
0.0318275
9.99663e-11
0.00965455
0.0284055
3.27896e-05
1.01084e-10
0.000857619
0.0987411
0.0235087
1.00953e-10
0.0711221
0.0296754
0.031191
0.0325956
0.0234798
1.00246e-10
0.0560649
9.97838e-11
0.0829591
0.0633248
0.0353162
0.0542448
0.0839047
0.0544058
1.65842e-10
0.0641196
0.000672383
9.99315e-11
0.000961886
0.00171221
0.00192758
0.361909
9.98263e-11
0.000479574
0.0371482
1.00159e-10
0.00181494
1.00041e-10
2.40267e-05
0.356046
0.00816753
0.0805049
0.0316786
0.0257161
0.00179954
0.167289
1.10332e-10
0.0844911
0.0845282
0.236944
0.263903
0.0385802
0.0909748
0.00160194
9.89697e-11
0.373745
0.071985
0.0959143
0.0814823
0.154953
0.00251728
0.00310968
0.0125
0.00799267
1.03446e-10
0.0176585
9.80713e-11
1.80318e-05
9.54706e-11
1.0807e-10
0.00058575
0.0288147
0.0951459
0.083285
0.0130677
0.0152318
0.137669
2.22949e-05
0.0110153
0.00704755
0.00716956
0.000546025
0.0494367
1.00796e-10
0.00311324
0.00891558
9.99097e-11
1.26051e-10
0.0277136
0.00319507
0.00273832
1.20575e-10
0.0234001
9.9278e-11
8.19937e-11
1.06326e-10
1.00895e-10
0.0113698
9.4881e-11
9.99435e-11
9.65011e-11
1e-10
0.00528256
0.481176
9.18756e-11
9.6131e-11
9.83196e-05
0.0244588
9.72271e-11
0.0786984
9.79045e-11
0.107319
0.0624684
0.018993
1.00112e-10
0.0919086
0.0103512
0.00739153
0.0362807
0.00404965
1.2726e-10
1.05874e-10
0.0107926
0.00152579
9.97881e-11
0.000392472
0.00233574
1.05985e-10
9.39923e-11
1.02179e-10
0.0185713
0.0950316
9.30882e-11
0.138975
0.113908
0.0240546
0.037944
0.0418771
9.73893e-11
0.143092
0.00130773
0.0716025
0.0110559
0.0141129
1e-10
0.00478395
1.01197e-10
0.0017972
0.0119708
0.0569445
0.0822852
0.00110546
0.00273388
0.00447907
0.00117248
0.000188202
0.0103604
0.0136608
0.000325742
0.00139961
0.0802312
9.51224e-11
0.00157506
0.000879958
1.36677e-10
9.00783e-11
0.00307114
0.000623753
7.28961e-05
0.0022126
1.01683e-10
0.000695706
9.25922e-11
5.94938e-06
0.293155
0.102115
0.202515
0.00019404
0.0699307
0.104324
9.71127e-11
9.67944e-11
0.246785
1.03006e-10
1.03128e-10
0.0038985
0.0026695
9.94965e-11
0.000285054
0.0260838
0.0253903
9.84329e-11
9.87053e-11
0.000455017
1.0007e-10
1.00044e-10
1e-10
0.0585121
0.078658
9.77698e-11
0.0680705
0.00034696
9.91383e-11
0.00208008
0.00358128
1e-10
0.0498561
0.372986
0.0957072
0.0167423
0.00192073
0.000150986
0.00081755
9.98581e-11
8.94391e-11
0.143974
0.0237219
0.0919962
0.222524
0.0784181
0.136884
0.231803
0.153529
0.21298
0.173083
0.14232
0.0919992
0.163029
0.318435
0.18374
0.0800418
0.179138
0.207463
0.244408
0.394584
0.437509
0.372127
0.530067
0.464414
0.265133
0.389314
0.101687
0.152658
0.379111
0.227614
0.138572
9.88255e-11
0.724575
0.382733
0.741134
0.626533
0.71772
0.307879
0.00351234
0.291039
0.613785
0.365328
0.389917
0.510101
0.689796
0.687743
0.241377
0.0882244
1.03239e-10
0.300475
0.0272095
9.93056e-11
0.0703707
0.24759
0.14646
0.0407324
0.00350701
0.00352732
9.58119e-11
9.92362e-11
9.9104e-11
0.00358396
0.000651529
1.00546e-10
1.10654e-10
0.0093389
1.0368e-10
0.0239713
0.05969
1.05699e-10
0.189974
0.00273473
0.0104526
0.000175474
0.0352749
9.502e-11
0.00381935
0.00242267
0.172241
0.0416224
0.00346268
9.95237e-11
0.0431108
0.0719703
0.0597094
0.0488435
0.184005
0.0678065
0.0878473
0.146649
0.313823
0.0753302
0.00313241
0.0059189
1.02419e-10
0.000894886
1.00198e-10
0.0334795
2.27321e-10
9.94458e-11
1.00538e-10
9.94831e-11
9.86932e-11
0.0481652
0.008259
0.00123603
0.0498231
0.0883177
0.00098731
0.0121186
0.017507
0.0690609
1.069e-10
1.06709e-10
0.0327813
0.00114937
0.0341067
8.99908e-11
0.0318054
0.00388772
1.24128e-10
0.00246315
9.71576e-11
9.9008e-11
9.94261e-11
1e-10
1.01263e-10
0.056158
0.00306123
9.89808e-11
0.00587821
0.0280569
0.0173195
9.99168e-11
0.0396616
0.0341007
0.00510212
0.0273202
0.194769
0.152816
0.0287856
0.0194388
0.384095
0.145793
0.171177
1.00448e-10
1.00069e-10
8.96795e-05
0.00169792
1.00226e-10
1e-10
9.96901e-11
1.15873e-10
9.95017e-11
1.17596e-10
0.00236038
0.00128031
0.0059697
9.44922e-11
0.000283363
9.52944e-11
9.84634e-11
1.00358e-10
9.65986e-11
9.41286e-11
0.0827581
9.67627e-11
9.04557e-11
8.91411e-11
0.0248882
1.02534e-10
0.0219554
0.00467389
0.00333224
1.04473e-10
0.0143362
9.38291e-11
0.0234197
0.0166308
0.0562171
0.162585
0.14409
0.104165
0.0229319
0.0990643
1.02357e-10
0.00411745
0.0775808
0.00181523
0.000532079
0.00242493
0.0152183
0.00190346
9.27039e-11
0.0182414
9.46632e-11
6.13055e-06
0.00297636
0.137363
0.0665374
9.84475e-11
9.74521e-11
1.07172e-10
1.00784e-10
0.00238951
0.0181473
0.0196082
9.86491e-11
0.179676
0.313894
0.0104685
0.064618
0.000798871
0.00533755
9.4745e-11
9.61659e-11
0.00106767
0.00145154
0.0015919
0.00225612
9.19391e-11
0.0355294
0.0079016
0.0028494
9.41008e-11
9.65148e-11
1.09415e-10
0.000322225
9.46403e-11
0.00105551
9.15623e-11
9.83635e-11
1.00356e-10
1.00942e-10
1.61933e-10
0.0756685
9.61632e-11
0.00289129
9.63964e-11
3.82466e-05
0.004163
1.01782e-10
0.0485172
0.00281749
0.0601802
1.03447e-10
9.03396e-11
1.00197e-10
0.000141054
0.00181725
0.0019255
0.0506956
1.00146e-10
9.85379e-11
0.000714337
0.0711007
6.63624e-05
4.08005e-05
0.000445109
1.0063e-10
0.00065053
9.97315e-11
0.000340053
0.000126675
0.214922
0.0921766
0.00386579
0.00232091
0.16395
0.272729
0.0977558
0.102439
0.182208
0.0876579
0.0983691
0.154932
0.17755
0.152908
0.031242
0.0971071
0.243029
0.18336
0.200433
0.326299
0.188345
0.0824245
0.0856745
0.140151
0.105481
0.00456969
1.25034e-10
9.84186e-11
9.99699e-11
0.01676
0.0280337
0.00116259
9.98129e-11
0.0220375
0.00127918
1.56042e-10
9.48314e-11
0.0064549
0.00803409
0.0142917
1.0113e-10
9.61181e-11
0.036024
0.00252707
0.000572639
1.10594e-10
1.02382e-10
0.00557745
9.5866e-11
1e-10
0.0375001
8.93669e-11
0.000240351
0.00238249
0.00111712
0.0131732
9.7955e-11
0.0237394
9.92822e-11
9.27638e-11
0.00705321
9.96581e-11
9.93062e-05
0.0329546
9.71303e-11
9.11523e-11
0.00680113
0.0841068
0.00293606
0.0218182
0.00189076
0.000222899
0.0243647
1.00471e-10
0.0334453
0.137826
0.00197453
1e-10
1.01716e-10
9.93318e-11
0.00780186
0.000567774
9.97001e-11
0.233555
0.269219
0.394783
0.224559
0.392572
0.365473
0.440781
0.266436
0.391936
0.25279
0.407855
0.304874
0.296791
0.07559
0.26606
0.787984
0.410013
0.748232
0.388562
0.24469
0.518336
0.106173
0.332098
0.776164
0.444837
0.296254
0.671696
0.551528
0.287029
0.00762125
0.579526
0.569551
0.280532
0.0981077
0.0769164
0.157791
0.0396956
0.0988309
0.00059147
0.00036277
0.0877172
0.174176
0.215645
0.209076
0.575898
0.688507
0.633717
0.5641
0.531792
0.63539
0.500937
0.176573
0.718321
0.732617
0.566061
0.756079
0.763489
0.669618
0.463355
0.812079
0.687197
0.0801069
0.0611133
0.0127837
0.000952597
0.00925315
1.00114e-10
0.00383557
0.0718953
9.47283e-11
0.00756743
0.000391458
0.197652
0.278481
0.119947
0.340138
0.296284
0.28843
0.362938
0.280028
0.371328
0.369494
0.505525
0.479992
0.395806
0.342879
0.343581
0.399433
0.210253
0.207738
0.311481
0.137112
0.0943309
0.184104
0.0764554
0.0140126
0.0116277
0.155768
0.513584
0.702565
0.0169338
0.763844
0.0734365
0.000744793
0.0167262
0.0445383
1e-10
0.105266
0.00799397
0.002237
0.000596077
0.000424683
0.613963
0.647279
0.665317
0.294576
0.722583
0.832464
0.0485466
0.0580723
0.0042406
0.0241065
1.00317e-10
0.0243921
9.89182e-11
0.00428812
0.00132033
1.72741e-05
1e-10
9.98443e-11
0.00249503
6.73888e-06
0.000235223
0.0187398
0.0038438
0.0730102
0.0045106
0.0016797
0.0598895
0.0294591
0.00258994
9.61216e-11
0.00325336
0.00643612
0.0093605
0.0164325
0.877006
0.971016
0.0532175
0.981146
0.976531
0.183948
0.998947
0.997504
0.641667
0.939671
0.835679
0.991914
0.985703
1
0.0137131
0.0116831
0.792676
0.805255
0.0113576
0.992666
0.38628
1
0.587421
0.819432
0.990622
0.92402
0.937727
0.990967
0.989121
0.999837
0.99774
0.0455278
0.607371
0.959206
0.935444
0.989966
0.00937171
0.995933
0.565302
0.8022
0.871455
0.941265
0.789857
0.0195539
0.994094
0.369546
0.446117
0.50014
0.432399
0.388401
0.582827
0.667432
0.568208
0.656551
0.404003
0.426443
0.181889
0.319613
0.195113
0.72685
0.357888
0.330036
0.617453
0.602706
0.295515
0.775653
0.253529
0.760325
0.755027
0.716319
9.85949e-11
1e-10
0.776696
0.0703951
1.07192e-10
1.01018e-10
0.0584054
0.00383238
0.780056
0.843993
0.715375
0.00344585
0.433046
0.00454925
0.350447
0.241666
0.280084
0.08905
0.877632
0.188709
0.198668
0.0836946
0.97081
0.987747
0.540379
0.612977
0.668001
0.978922
0.641447
0.738063
0.293725
0.261354
0.533131
0.901703
0.60188
0.940711
0.427912
0.620821
0.942064
0.907044
0.694947
0.659285
1
0.74649
0.00313117
0.0362454
0.97473
0.641019
0.205716
0.643011
0.098381
0.0135319
0.914565
9.98808e-11
0.883346
0.660448
0.0763021
0.0698199
0.871241
0.703323
0.0148584
0.074526
0.331896
0.821497
0.104573
0.907885
0.554462
0.692975
0.945271
0.187429
0.899976
0.696092
0.137757
1e-10
0.00531183
0.236665
0.152995
0.593792
0.92348
0.920149
0.671559
0.945475
0.870469
0.895018
0.836983
0.773408
0.952081
0.959593
0.0465058
0.0783589
0.634012
0.251488
0.900471
0.793738
0.0117717
0.0657545
0.757258
0.366135
0.525241
0.772135
0.608887
0.167267
0.581658
0.778936
0.0784639
0.0414568
0.753149
0.756829
0.790633
0.705558
0.761886
0.546535
0.125161
0.366204
1.00356e-10
0.21554
0.201505
0.0333468
0.210158
0.00203274
9.87614e-11
0.11716
9.94645e-11
0.0245476
0.0174374
9.97316e-11
0.0941591
2.81581e-05
0.40002
0.236303
0.311756
0.314578
0.325812
0.663885
0.748626
0.676095
0.416442
0.323012
0.461623
0.0242682
0.221745
0.282577
0.281856
0.647953
0.000441089
0.01497
0.216074
0.0910875
0.125548
0.13659
0.0836543
0.0901478
0.111994
0.112504
0.12234
0.0845731
0.0206103
0.00544847
0.130174
0.103198
1.01053e-10
0.0585856
0.0692526
9.15441e-11
1.06232e-10
0.0315892
0.00807534
0.0108162
0.000602468
1.01678e-10
9.66215e-11
9.98176e-11
0.683519
0.703328
0.222607
0.764781
0.748372
0.0811115
0.690529
0.612152
0.158758
0.0583923
1.00005e-10
0.00418711
0.00844126
9.75974e-11
0.0119674
1.00034e-10
0.00207757
0.00504716
1.02967e-10
0.010037
0.0903731
0.0808682
0.0189592
0.0907011
0.00710079
0.00804213
0.00369589
9.86909e-11
0.0675694
0.0250073
0.0142537
0.0311
0.000674849
0.00079826
0.00197176
0.00912984
0.0179604
9.93199e-11
9.81656e-11
0.0022415
0.0044807
1.01127e-10
0.0121873
0.00373533
0.00148444
0.0315671
0.355328
0.319088
0.511149
0.364387
0.556147
0.509905
0.411264
0.440967
0.273601
0.411464
0.191195
0.277452
0.654677
0.650407
0.601663
0.438162
0.589806
0.557149
0.576834
0.336852
0.487063
0.636827
0.490917
0.714074
0.498427
0.267619
0.638681
0.422533
0.428458
0.540453
0.422424
0.696356
0.0799067
0.446342
0.296066
0.0397152
0.62855
0.386004
0.686673
0.254404
0.375879
0.30713
0.303247
0.375783
0.510132
0.641018
0.788216
0.564621
0.775798
0.515929
0.79367
0.425961
0.542188
0.388677
0.394042
0.232963
0.261129
0.6607
0.775139
0.604709
0.769522
0.487814
0.482903
0.533709
0.349078
0.678308
0.731547
0.563651
0.597444
0.685713
0.46191
0.595704
0.779494
0.58044
0.63832
0.756251
0.897334
0.359799
0.610331
0.272746
0.737238
0.50412
0.735057
0.127067
0.117916
0.083409
0.163337
0.225482
0.222199
0.670238
0.151821
0.00415904
9.69897e-11
0.123377
0.217355
0.235949
0.730528
0.513975
0.256075
0.798484
0.709876
0.701745
0.701034
0.752684
0.82368
0.846832
0.889956
0.793769
0.640885
0.879812
0.683045
0.758446
0.83579
0.621691
0.753707
0.281144
0.790847
0.0853042
0.200049
0.152741
0.228595
0.0860889
0.441413
0.435188
0.589897
0.561604
0.245011
0.0769449
0.182883
0.146464
0.093019
0.657142
0.536058
0.205705
0.235675
0.340936
0.239338
0.604614
0.201647
0.71112
0.840615
0.0830227
0.135344
9.93254e-11
9.58266e-11
0.159062
0.260209
0.634862
0.704673
0.523243
0.192013
0.322701
0.200277
0.282026
0.063382
0.131632
0.410104
0.19356
0.775472
0.658224
0.843777
0.876065
0.83376
0.277299
0.724841
0.806457
0.756541
0.690859
0.852565
0.338366
0.648249
0.757245
0.8092
0.798488
0.61204
0.733715
0.814386
0.685391
0.379449
0.316054
0.261565
0.26232
0.394254
0.532508
0.388884
0.426929
0.286313
0.35239
0.436226
0.530459
0.275245
0.537471
0.362738
0.46829
0.536332
0.395892
0.526511
0.760758
0.664236
0.793998
0.664462
0.568098
0.823472
0.663777
0.584631
0.74512
0.607392
0.832553
0.575505
0.743523
0.342976
0.336721
0.661706
0.772672
0.158115
0.150436
0.136295
0.587152
0.23229
0.828879
0.785949
0.586871
0.697162
0.863022
0.813596
0.744207
0.892407
0.325627
0.75314
0.526156
0.73424
0.453112
0.718653
0.679468
0.948607
0.857397
0.847271
0.855069
0.47075
0.887259
0.774086
0.900486
0.0468656
0.878936
0.0815572
0.211677
0.781704
0.53732
0.716686
0.183733
0.786937
0.46266
0.830212
0.00778786
0.11967
0.641017
0.0769683
0.0781911
0.500059
0.713182
0.0807881
0.220325
0.100569
0.252327
0.0397069
0.134658
0.0559466
0.0144311
0.186755
0.196059
0.00809585
0.00958829
0.278592
0.19486
0.129811
1.08967e-10
0.00383953
0.00422164
0.0100558
0.00391773
0.00227731
1.02315e-10
0.906753
0.0229714
0.00226004
0.762047
0.048121
9.89191e-11
0.00312757
0.00173502
0.000477888
0.0229104
0.0134634
0.00543927
9.98439e-11
0.0909547
1.01713e-10
1e-10
0.0315104
0.00128796
0.00100259
0.000497999
0.0624473
0.0500157
1e-10
0.121951
0.00147901
0.00275086
0.000964453
7.84012e-11
1e-10
9.97593e-11
0.000769407
0.0055973
9.73367e-11
0.0314437
0.0628966
1e-10
0.0039864
0.0122306
0.0047954
0.00536053
0.924217
0.680214
0.100684
0.227439
0.0909679
0.000482273
0.753784
0.894289
0.128143
0.095575
0.118797
0.934179
1e-10
0.159013
0.96492
0.903685
1.00125e-10
1
0.276737
0.975591
0.000765296
1e-10
0.820298
0.967997
0.00196704
0.0166178
0.000761878
1e-10
9.99896e-11
1.00065e-10
0.00157977
1e-10
0.000337238
0.00119063
0.00279263
0.00257451
0.0040712
0.0902474
0.137471
1.00034e-10
0.0716837
0.0624784
0.000860598
0.0672009
0.0115404
0.0116904
0.00221161
0.00381048
0.0344532
0.0579587
1.56626e-10
0.00134417
0.0229767
1.00605e-10
0.0288262
1.01551e-10
9.81897e-11
0.000129417
0.00323389
1.05327e-10
9.99144e-11
0.000551546
0.000772128
1.01348e-10
0.00352351
1e-10
0.0469393
0.00133007
0.100702
0.00364252
9.85573e-11
5.14693e-11
0.214994
1e-10
9.99972e-11
0.000795698
0.000400898
1.00081e-10
0.00289787
0.367055
0.986077
0.00251718
0.000581914
1.00038e-10
0.00114242
0.00317595
0.00316214
0.00182512
0.000659316
0.0217661
0.000796863
0.0185098
9.99829e-11
0.0972032
0.132304
0.0831714
0.0236741
0.0314415
0.028957
0.087087
0.009689
9.96874e-11
1e-10
0.0603307
9.85381e-11
0.103718
1.00125e-10
0.212473
0.00405315
1e-10
0.174948
0.0207951
0.0665887
0.0561899
0.0596136
0.000147327
0.0154639
0.0775977
0.27254
9.70742e-11
0.125806
0.257841
0.275514
1.09017e-10
1.47385e-10
0.0523347
0.673353
0.0148524
1.28243e-10
9.37409e-11
0.025
0.0360387
0.322281
1.21383e-10
0.0726487
0.207171
0.918311
0.697375
0.915512
0.0385653
0.972643
0.249496
0.761499
0.123565
0.839871
0.213774
0.242312
0.19944
0.447268
0.979992
0.256098
8.90188e-11
0.134575
0.998965
0.233922
0.0158664
0.0167135
1e-10
0.0851444
0.0364317
0.0459249
0.0193634
0.0245461
0.184442
0.1391
0.0952992
0.179902
6.30153e-05
9.80451e-11
0.0705664
0.0549656
0.0803413
0.0297798
0.185608
0.0906827
0.0910529
0.184401
0.000405726
0.00126745
0.218646
0.579364
0.0875726
0.261357
1.00292e-10
9.74987e-11
0.0169561
0.752429
0.141275
9.36088e-11
0.318069
0.408857
0.359783
0.161451
0.141334
0.271541
0.812886
0.0364691
0.535432
0.707155
0.9
0.773596
0.887296
0.657158
0.168365
0.237406
0.327292
0.193127
9.47331e-11
0.250242
0.19012
0.0236689
0.000355751
0.0946548
0.432827
0.0163006
0.277926
0.291593
0.113462
0.0256261
0.272669
0.106931
0.0581958
0.0801577
0.145193
0.0554914
0.56092
0.208476
0.168788
0.627423
0.238932
0.824037
0.773417
9.67568e-11
0.329198
0.572864
0.234656
0.00360082
0.00221411
0.903702
0.000608011
1.00484e-10
0.2926
0.650539
0.431307
0.891012
1
0.11839
0.0818273
0.162365
0.618578
0.404164
0.285173
0.984538
0.976999
0.329588
0.400813
0.549963
0.947723
0.12621
0.0619532
0.155854
0.0964513
0.194432
0.0335927
0.00135214
0.0724101
1e-10
0.0845335
0.372029
0.0799194
0.135695
0.0841433
0.221997
0.244679
0.262978
0.203676
0.172261
0.170121
0.702865
0.147812
0.0789533
0.0805853
0.142758
0.085267
0.131022
0.121398
0.178021
0.0553378
0.15322
0.149224
0.0700626
0.169442
0.0764679
0.105729
0.156593
0.169487
0.121045
0.0558124
0.0982778
0.134991
0.135808
0.0109939
0.149044
0.0936866
0.0176568
0.0984966
0.197092
0.187609
0.0667427
0.0714464
0.0929703
0.203746
0.0831721
0.125359
0.0888266
0.0535689
1e-10
0.0926956
0.22025
0.684241
0.188906
0.925351
0.580506
0.734009
0.0844689
0.130188
0.0310743
0.826727
0.653113
0.361893
0.920934
0.124896
0.873817
0.921345
0.52439
0.903777
0.729773
0.36019
0.932189
0.96148
0.78838
0.75552
0.999133
0.936601
0.551832
0.901929
0.956725
1
0.999824
1
0.645669
0.95173
0.966998
0.983648
0.98942
0.957426
0.975353
0.998739
0.983591
1
0.0588683
0.98361
0.748956
0.993385
0.615367
1
0.807153
0.981924
0.898096
1
0.993475
0.863978
0.0197894
0.978675
0.129867
0.876489
0.178927
0.105688
0.905297
0.217139
0.940547
0.125924
0.851987
0.522742
0.053938
0.487604
0.106172
0.91335
0.459461
0.500047
0.493064
0.29338
0.904272
0.735534
0.855883
0.667852
0.876798
0.214263
0.45132
0.492278
0.923611
0.806066
0.214131
0.538782
0.738492
0.791044
0.216719
0.174771
0.228911
0.191122
0.635286
0.253098
0.163544
0.856221
0.668672
0.584202
0.191947
0.240543
0.848676
0.164696
0.831153
0.226467
0.334026
0.901067
0.979272
0.939163
0.905183
0.583664
0.44619
0.490365
0.579766
0.501335
0.774047
0.992627
0.662721
0.686687
0.27458
0.676317
0.512859
0.794003
0.71166
0.165961
0.204725
0.758503
0.684166
0.0548335
0.0803986
0.887278
0.285443
0.154552
0.579642
0.194838
0.287935
0.171998
0.154039
0.983086
0.802916
0.61261
0.135507
0.874385
0.276428
0.778931
1.07139e-10
0.0888746
0.221869
0.789062
1e-10
0.331228
0.615779
0.262729
0.24936
0.356517
0.330156
0.802045
0.559585
0.88
0.5155
0.678053
0.159031
0.408022
0.461915
0.471627
0.578591
0.832693
0.489687
0.324373
0.578099
0.74816
0.596115
0.587728
0.0403823
9.99664e-11
0.187457
0.117386
0.621021
0.162053
0.315418
0.131566
0.304829
0.786275
0.731527
0.36858
0.793946
0.789651
0.858299
0.253075
0.746556
0.423513
0.428213
0.571943
0.21153
0.943435
0.164031
0.0126749
0.334921
0.604673
1e-10
1.00466e-10
0.000825522
9.9988e-11
0.00696267
1e-10
0.00939476
0.10631
0.00174721
1e-10
0.00572037
1e-10
1e-10
0.000180211
0.0377718
1e-10
0.0105206
0.00449237
1e-10
0.0893704
1e-10
0.0780577
0.0172516
0.0497807
0.0168375
0.0248212
0.0861907
0.221916
0.0493602
0.0806613
0.06801
0.059871
0.0646661
0.0399022
0.000694535
0.0389763
0.0892464
0.11906
0.0577986
0.0872852
0.808179
0.182072
0.10194
0.545818
0.116293
0.0490969
0.0142916
1.01287e-10
0.859377
1.00978e-10
0.278416
0.0935022
0.176543
0.0875899
0.08733
0.095232
0.15446
1.00467e-10
0.095101
0.0546461
0.106239
0.571897
0.829877
0.912851
9.99961e-11
0.357788
0.549563
0.62101
0.0484667
0.114767
0.981003
0.0144593
0.021387
0.0613215
0.994751
0.970086
0.79965
0.973023
0.827526
0.959982
1
0.313363
0.938857
0.84562
0.896791
0.980139
0.925265
0.941615
0.867519
0.797499
0.530828
0.810234
0.754961
0.848081
0.495994
0.474935
0.791495
0.837389
0.182723
0.710849
0.63557
0.0486699
0.697726
0.733334
0.866242
0.324027
0.320086
0.504823
0.224619
0.568104
0.770774
0.513715
0.70984
0.653521
0.263372
0.688615
0.610688
0.396105
0.618778
0.396796
0.181574
0.296427
0.92235
0.194161
0.389848
0.568791
0.782415
0.68442
0.408265
0.455992
0.259086
0.354643
0.621031
0.737487
0.621561
0.65129
0.538069
0.27064
0.436718
0.389876
0.670989
0.593684
0.335406
0.789261
0.0922563
0.104518
0.67554
0.763202
0.0963917
0.259913
0.230828
0.590228
0.849908
0.617867
0.18702
9.61498e-11
0.685285
0.218427
0.325605
0.567707
0.650492
0.421783
0.612538
0.714607
0.380975
0.600575
0.524916
0.310162
0.397859
0.572202
0.986721
0.338009
0.351635
0.498963
0.824428
0.051249
0.808023
1.03236e-10
0.25019
0.562518
0.137877
0.664758
0.6003
0.529693
0.677657
0.143883
9.77934e-11
0.178079
0.00234284
0.111383
0.500168
1e-10
0.251269
0.321288
0.781194
0.650741
0.386855
0.103313
0.259673
0.403402
0.707063
1e-10
0.0206289
1e-10
0.0709285
0.0554913
0.142665
0.00781604
1.0048e-10
0.125268
0.18814
0.0252558
0.00728075
0.128544
0.105176
0.0160667
0.0992965
0.0948338
1e-10
0.0950933
0.0924602
0.0853924
0.0991307
1.04456e-10
0.171162
0.184849
0.199846
0.0929574
0.12826
0.126444
0.0877763
0.224693
0.0256049
1.00132e-10
0.0939953
0.0924897
1.00096e-10
0.00548141
1.00809e-10
0.0386264
0.401424
0.28405
0.605111
0.339783
0.316137
0.391728
0.434199
0.486823
0.4721
0.52943
0.261478
0.416651
0.535109
0.0878426
0.303267
0.491435
0.194739
0.217135
0.346377
0.121047
0.228246
0.419141
0.359112
0.276599
0.205199
0.366093
0.241649
0.222763
0.428097
0.336722
0.344437
0.34884
0.184545
0.112238
0.486022
0.17783
0.305482
0.278861
0.282127
0.249592
0.241422
0.456382
0.267411
0.405269
0.29308
0.377308
0.349711
0.223197
0.287721
0.459113
0.232371
0.27676
0.208371
0.293534
0.218892
0.292477
0.139459
0.197668
0.0998677
0.532056
0.19949
0.2362
0.179673
0.213607
0.310176
0.0909475
0.153999
0.17608
0.21332
0.173937
0.104433
0.140096
0.113497
0.159464
0.199366
0.222884
0.220349
0.0201182
0.125735
0.399195
0.101421
0.0170633
0.0953244
0.181991
0.179637
0.0803151
0.238535
0.229153
0.176486
0.079692
0.194953
0.154816
0.195685
0.181144
0.17937
0.131444
0.196121
0.12216
0.129259
0.074239
0.191719
0.163197
0.241001
0.11366
0.53273
0.161497
0.238538
0.148907
0.0916679
0.269917
0.254395
0.451123
0.0915135
0.230833
0.151627
0.264327
0.306171
0.290835
0.575556
0.0188664
0.181715
0.278797
8.77528e-11
0.177721
0.360856
0.0918638
0.0717642
0.20948
0.137583
0.0935806
0.089837
0.163127
0.103134
0.129523
0.19596
0.159108
0.173651
0.349719
0.332828
0.361906
0.0597933
0.299289
0.464133
0.156224
0.181988
0.141447
0.241063
0.133021
0.275163
0.408327
0.388414
0.231556
0.244433
0.366896
0.310295
0.210983
0.475687
0.421164
0.208349
0.289757
0.29439
0.230205
0.301498
0.309903
0.4609
0.181712
0.181897
0.323757
0.52611
0.280175
0.297499
0.369627
0.210419
0.260798
0.432508
0.349626
0.297153
0.164238
0.12931
0.014101
0.0815509
0.409621
0.253187
0.321683
0.251334
0.153823
0.448658
0.230355
0.106332
0.249202
0.488415
0.216964
0.103355
0.24654
0.266659
0.109342
0.19011
0.177999
0.0722701
0.175195
0.0580442
0.209556
0.0871977
0.178133
1.01177e-10
0.316186
0.0770488
0.0958619
0.100425
0.159037
0.00842068
0.282574
0.0664662
0.247062
0.083324
0.177686
0.096912
0.00650894
0.0674373
1.00975e-10
0.18797
0.123335
0.0531142
0.186463
0.175602
0.056191
0.160586
0.128395
0.205413
0.504312
0.26808
0.410499
0.385694
0.240309
0.240772
0.0867735
0.192055
9.70941e-11
9.78304e-11
0.0982508
0.0594821
0.0729205
0.0818424
0.0600336
0.0982973
0.0621384
0.153419
0.19743
0.176384
0.0605156
0.000388775
0.2239
0.0513402
0.157042
0.209515
0.0816385
0.174768
0.0889941
9.87347e-11
0.170918
0.0395153
0.0627984
0.0426223
9.96423e-11
0.0866665
0.153558
0.0923504
0.0787774
1.01014e-10
0.138261
0.20868
0.116686
0.191187
0.235163
0.0957152
0.0917159
1.0274e-10
0.0994386
0.124748
0.00179835
0.0982288
0.0799668
0.0981237
5.98519e-05
0.00827187
0.067885
0.0819845
0.0490734
0.0426519
0.10405
0.0931419
0.00912955
0.00291389
0.184107
0.0770381
0.000502172
0.130487
0.0900724
0.0701971
9.90152e-11
0.16439
9.77589e-11
0.00102172
0.137256
0.0612651
0.115686
0.086079
0.0974559
0.0485497
0.176964
0.184744
0.134438
0.142908
0.0285275
0.00859773
0.254114
0.191298
0.0975284
0.219278
0.180096
0.183299
0.00203677
0.00908623
0.186747
0.100596
0.00435651
0.0920626
0.0505942
0.031439
0.217411
0.134554
0.0784072
0.0979024
0.0802976
0.139627
0.00957555
0.00414088
9.99481e-11
0.0623884
0.185291
0.72182
0.127792
0.14707
0.0328926
0.673275
1.01956e-10
0.0964697
0.114651
0.0929976
0.0617687
0.0958363
0.154249
0.153703
0.2208
0.174727
0.116526
0.180172
0.00158013
0.0860123
1.02351e-10
0.192854
1.02318e-10
1.04204e-10
0.147488
0.0867842
0.0027324
0.0773241
0.742058
0.54039
0.0272256
0.0468874
0.095357
0.13878
1.03334e-10
0.0355598
0.0906033
0.117449
0.0538391
0.0844617
0.171706
0.0595409
0.342539
0.0931605
9.89579e-11
0.0511361
0.180537
0.192942
0.12675
0.0323483
0.183835
0.0821592
0.115209
0.111357
0.0112339
0.0733118
9.60779e-11
0.0746587
0.165469
0.0858271
0.0790839
0.155104
0.0288398
0.0970943
0.191982
0.0705715
0.0531735
0.00277265
0.145742
0.0983662
0.142048
0.0855885
0.279899
0.243356
0.206695
0.249635
0.0924422
0.381291
0.184574
0.301489
0.094564
0.18622
0.101418
0.0985193
0.1
0.182078
0.118415
0.154181
0.156219
0.0951869
0.115103
0.087406
0.26463
0.312813
0.137639
0.187523
0.077692
5.01772e-05
0.188177
0.142701
0.107571
0.333848
0.0886744
0.406981
0.474672
0.306399
0.298094
0.114664
0.0862405
0.192683
0.118072
0.997472
0.535829
0.791077
0.195497
0.36119
0.269819
0.149607
0.341804
0.181496
0.0932699
0.185947
0.132744
0.10025
0.515872
0.442063
0.268782
0.482726
0.369068
0.36589
0.489591
0.536797
0.0731314
0.0132779
0.0517164
0.0624925
0.0152954
0.0434266
0.0113252
0.139361
0.0182476
1.0122e-10
0.00335267
0.0141309
1.02186e-10
0.038481
0.00279895
0.0925196
0.136924
1.03237e-10
0.102063
0.00769237
0.0107006
0.094912
0.108272
0.0606571
0.313473
0.0512022
0.166988
0.0216694
0.0554574
0.199282
0.255442
0.188853
0.0980227
0.17574
0.269303
0.161032
0.154865
0.140934
0.116122
0.099622
0.0648596
0.0495731
0.260889
0.0930963
0.0010625
1.08692e-10
0.238509
0.149676
0.153689
0.0668342
0.0253204
0.0928506
0.0571322
0.000593939
0.165036
0.105521
0.221683
0.0877567
0.0585354
0.167758
0.0577236
0.122946
0.214514
0.0787372
0.200224
0.269087
0.0872881
0.152893
0.298849
0.252718
0.224864
0.144197
0.218615
0.189985
0.248105
0.27689
0.170223
0.159923
9.94238e-11
0.274683
0.358602
0.181032
0.142337
0.166369
0.0731239
1e-10
0.046209
0.216593
0.129818
0.355952
0.253518
0.453883
0.28701
0.381497
0.293861
0.0863099
0.354869
0.255198
0.00112669
0.245561
0.132352
0.197079
0.252735
0.187705
0.184428
0.0177476
0.067557
0.0890349
0.0353377
0.092703
0.20011
0.280081
0.264615
0.101639
0.614336
0.13006
0.247646
0.193206
0.30621
0.28092
0.27882
0.358778
0.255693
0.34737
0.387373
0.241569
0.320821
0.393214
0.332706
0.151846
0.266846
0.267019
0.503807
0.207475
0.497243
0.366193
0.290876
0.440919
0.175427
0.149437
0.401365
0.426479
0.128625
0.285843
0.38233
0.380784
0.512727
0.33538
0.346239
0.398157
0.158949
0.326603
0.354607
0.307347
0.12855
0.68998
0.813672
0.551185
0.643887
0.187597
0.477896
0.345236
0.588133
0.424952
0.399759
0.267869
0.491581
0.561183
0.575611
0.31952
0.607454
0.254413
0.487791
0.389341
0.503635
0.313173
0.0351728
0.383642
0.49851
0.387023
0.151323
0.23621
0.482495
0.249424
0.637158
0.378633
0.517042
0.259536
0.2464
0.209082
0.242499
0.633646
0.590827
0.761687
0.328149
0.698883
0.490249
0.328384
0.212594
0.537371
0.456848
0.401526
0.390659
0.631798
0.543582
0.268136
0.286178
0.455106
0.516014
0.274
0.404593
0.409589
0.381378
0.399973
0.399532
0.31801
0.567966
0.544698
0.339563
0.530285
0.567641
0.43856
0.503198
0.664217
0.413694
0.109763
0.19739
0.0799042
0.608763
0.103777
0.139631
0.0930174
0.0304523
0.215144
0.41771
0.238181
0.468904
0.380101
0.223854
0.487893
0.468914
0.00810101
0.0978473
0.134337
1.05492e-10
1.00592e-10
0.0774428
0.0999999
0.0946716
0.664224
0.399042
0.06392
0.108642
0.627123
0.774187
0.468018
0.404601
0.508292
0.0897559
0.195342
0.435707
0.212739
0.0936402
0.0814093
0.0909682
0.565153
0.0896273
0.22267
0.511633
0.012494
0.107124
0.61586
0.481616
0.115425
0.633988
0.229773
0.119176
0.00340503
0.00443905
0.051208
0.70202
0.452521
0.809257
0.092849
0.0908455
0.0972421
0.116461
0.0421844
0.0712801
0.0213937
9.81482e-11
0.190904
0.150047
0.135339
0.677559
1.00693e-10
0.693269
0.0299777
0.0880373
0.279313
0.559677
0.0147478
9.70597e-11
0.128227
0.144873
1.05374e-10
0.09064
0.0841176
1.09527e-10
0.864988
0.1989
0.0705852
0.672832
0.742577
0.724809
0.236921
0.593667
0.167469
0.770938
0.0738051
0.0636943
0.038442
1.06362e-10
0.0803774
1.01378e-10
0.035987
0.10605
0.124204
0.112024
0.138082
0.017023
1.08202e-10
1.04294e-10
0.573383
0.594877
0.00323547
0.687098
0.894212
0.617962
0.430772
0.495299
0.00669848
0.000450257
0.0439042
0.187993
0.0507851
9.18719e-11
0.134798
0.00365593
0.114922
0.121213
0.0723944
0.0232767
0.0681275
0.0367851
0.00803967
0.0474857
0.0219697
0.0541682
0.00136703
0.158474
0.0764896
0.193938
0.0971551
0.181346
0.266339
0.456194
0.0963727
0.391537
0.493776
0.262702
0.0989655
0.177487
0.160303
0.82869
0.151333
0.312315
0.423837
0.233341
0.447328
0.866413
1
0.542715
0.736932
0.711536
0.593487
0.677504
0.712044
0.73803
0.0909631
0.00228792
1.02209e-10
1.0793e-10
0.267771
0.0860235
0.0350554
0.0401471
0.00100224
0.0536921
0.122684
0.12549
1.0486e-10
0.0638353
0.880436
0.412153
0.959693
0.981389
0.734916
1e-10
0.0419554
0.895718
0.280082
0.175438
0.33065
0.00309992
0.000263332
0.0592538
0.486739
0.562344
1.08438e-10
9.85893e-11
0.0005731
0.00340122
1.00694e-10
0.00348047
0.0361085
0.0519777
0.00522784
9.44006e-11
0.0158412
0.00588708
1.00427e-10
0.0059885
0.885199
0.917057
0.334104
0.350761
0.793689
0.701718
0.952489
0.953834
9.70942e-11
0.818998
0.0519521
0.912736
0.994689
0.87681
0.912718
0.546783
0.910413
0.97901
0.930905
0.913527
0.277582
0.628354
0.721326
0.826756
0.819046
0.717824
0.890148
0.794653
0.375965
0.842349
1
0.654359
0.853263
0.625732
0.777495
0.707319
0.858068
0.940847
0.511068
0.423263
0.646097
0.551972
0.649624
0.710368
0.401615
0.764408
0.735245
0.691001
0.0650048
0.000624282
0.000612638
0.00221898
9.82656e-11
0.0581173
0.0030757
1.01485e-10
9.73621e-11
9.88141e-11
0.00571878
0.000806563
0.00275739
0.00173853
1.01211e-10
9.842e-11
9.73002e-11
9.27058e-11
0.00247659
0.00217487
0.00181825
0.00477718
0.0438611
0.00194784
0.00435989
0.000720596
1.0214e-10
0.00366152
0.141312
0.00514825
0.00503297
0.00240894
1.04033e-10
0.00757337
9.99441e-11
1.04528e-10
0.000118727
0.00516366
1.05696e-10
0.00240582
0.00297797
0.0654594
0.25518
9.78914e-11
0.0823475
9.36933e-11
0.0290622
0.827085
0.865376
0.453972
0.703916
1.05097e-10
0.0404258
0.0661433
0.191847
0.000142363
0.177695
0.100607
0.0902455
0.0844663
0.0927483
0.0177512
0.0305212
0.0146226
9.97363e-11
0.00347238
0.00356339
0.0443838
0.109234
0.185535
0.050957
0.0134154
0.0812762
0.0740435
0.0951212
0.0266256
0.190801
0.035362
0.11222
0.0846386
0.0832841
9.55669e-11
9.86146e-11
0.362877
0.157597
0.306083
0.175355
0.176139
0.718081
0.139152
0.540097
0.178361
0.450463
0.994382
0.253802
0.475903
0.498725
0.00358169
0.986452
0.161847
0.999726
0.999007
0.0457589
0.0673446
0.0535024
0.055344
0.0285667
0.808352
0.990907
0.0408847
0.922666
0.368237
0.00305509
0.11286
0.3034
0.933385
0.378884
0.963861
0.950647
0.930398
1
0.800215
0.155425
1.01018e-10
0.00575213
0.00204435
0.0507353
0.00814057
1.07135e-10
0.268953
0.00190242
0.790497
0.0183582
0.149192
0.112626
9.56725e-11
0.0623207
0.0163802
0.000245337
0.326209
0.768725
0.222875
0.0670459
0.725978
0.175151
0.598716
0.645338
0.880887
0.31672
0.503028
0.387139
0.764881
0.455505
0.756365
0.527602
0.736915
0.750404
0.304905
0.210234
0.211018
0.133987
0.446281
0.566516
0.578642
0.400613
0.425916
0.813027
0.867232
0.618858
0.426887
0.389505
0.56619
0.675646
0.817414
0.60611
0.481507
0.531313
0.233573
0.177596
0.582612
0.507431
0.590046
0.405381
0.803472
0.581086
1
0.845468
0.745786
0.579483
0.681397
0.522657
0.535238
0.592119
0.458953
0.271334
0.265918
0.223672
0.426551
0.312005
0.536267
0.319237
0.554205
0.730962
0.697587
0.597642
0.271601
0.408558
0.95297
0.662204
0.0027282
0.970996
0.718051
0.803184
0.850711
0.237092
0.703957
0.2198
0.840196
0.186467
0.0691199
0.79979
0.187899
0.833265
0.114048
0.558187
0.359786
0.409333
0.368563
0.164081
0.769152
1
0.579685
0.806982
0.683269
0.999579
0.896059
0.835424
0.727415
0.914557
0.8982
0.982257
0.364242
0.992431
0.0343639
0.976053
0.966488
0.00695297
0.372701
0.880223
0.844045
0.975164
0.845981
0.904528
0.379728
0.405659
0.827787
0.399976
0.250506
0.811309
0.78022
0.541654
0.807361
0.169137
0.748876
0.761223
0.623787
0.630673
0.283465
0.00685643
0.0361154
0.977498
1
0.0850141
0.782181
0.150898
0.730137
0.458986
0.374254
0.668494
0.743107
0.705642
0.55547
0.869691
0.577187
0.731114
0.346764
0.802998
0.535851
0.186342
0.631799
0.792626
0.539799
0.294334
0.786275
0.251174
0.601637
0.13487
0.605554
0.611974
0.730607
0.656767
0.545184
0.494376
0.298226
0.403871
0.399074
0.502582
0.334572
0.352387
0.489927
0.402307
0.272187
0.314971
0.327802
0.398457
0.273891
0.402365
0.375458
0.423188
0.49974
0.618762
0.353825
0.407187
0.385622
0.724648
0.477203
0.457357
0.691013
0.280532
0.81956
0.578632
0.431128
0.465927
0.368071
0.663995
0.347243
0.332802
0.358234
0.334119
0.411226
0.539359
0.527926
0.630028
0.488645
0.531293
0.85526
0.709108
0.22164
0.238901
0.662313
0.246943
0.610961
0.795273
0.776522
0.780396
0.760006
0.83547
0.577129
0.656269
0.251093
0.397101
0.164354
0.694448
0.185627
0.300567
0.790698
0.69173
0.875412
0.62103
0.424759
0.507088
0.521229
0.415622
0.455658
0.553629
0.359893
0.711486
0.549422
0.423483
0.482486
0.347414
0.332337
0.523302
0.561139
0.53468
0.440414
0.0443031
0.248295
0.314346
0.518771
0.610024
0.343287
0.548011
0.174394
0.692048
0.540846
0.595237
0.241458
0.453537
0.694664
0.451865
0.497583
0.41542
0.0813212
0.369597
0.211128
0.522039
0.188165
0.359285
0.586704
0.593723
0.230586
0.4441
0.604552
0.41756
0.13714
0.166343
0.225757
0.266668
0.193834
0.30258
0.208147
0.100661
0.109617
0.0904765
0.467698
0.828501
0.306968
0.164096
0.571028
0.156437
0.516652
0.630564
0.35754
0.513296
0.0773766
0.171632
0.711093
0.468639
0.178068
0.181825
0.401446
0.615588
0.67108
0.51042
0.200348
0.224899
0.335049
0.248308
0.604703
0.703336
0.135195
0.29622
0.708172
0.364545
0.71467
0.601655
0.278451
0.246802
0.241968
0.282182
0.246603
0.297253
0.172864
0.189009
0.333982
0.263028
0.400854
0.27386
0.857268
0.774318
0.832218
0.823054
0.85786
0.785598
0.860466
0.709886
0.936429
0.850009
0.144587
0.834393
0.757815
0.725451
0.753523
0.821521
0.713753
0.935114
4.84003e-05
0.26066
0.188574
0.107843
0.47291
0.817665
0.28117
0.852524
0.857453
0.899572
0.854289
0.048785
0.0783486
0.466687
0.76362
0.449179
0.0560712
0.297798
0.611694
0.34211
0.883573
0.326175
0.891032
0.950556
0.16182
0.102995
0.677056
0.898482
0.734336
0.987838
0.993232
0.939962
0.843898
0.680758
0.963625
0.997869
0.563482
0.99861
0.989753
0.998647
0.995059
0.97866
0.954241
1e-10
0.859193
0.234704
0.377748
0.190457
0.314952
0.361587
0.0025166
0.131583
0.00581777
0.0336809
0.413315
0.228353
0.265503
0.856258
0.878579
0.817213
0.115182
0.0530758
0.989006
0.00374842
0.954955
0.00897123
0.963603
0.216162
0.0165498
0.00178306
0.986066
0.95769
0.0508292
0.981213
1.00593e-10
0.0579776
1
0.00882237
0.0126816
0.0141365
0.907893
9.78758e-11
0.967526
0.806893
0.101301
0.528051
0.582677
0.109389
0.975701
0.00235175
0.914355
0.993011
0.00205506
0.000192748
0.107756
0.00615326
0.160033
0.241739
0.990821
0.937672
0.996097
0.974771
0.614104
0.0314328
0.537054
0.353033
0.0297747
0.63937
0.00533314
0.551767
0.0149133
0.410226
0.439956
0.535618
0.893618
0.717337
0.770317
0.788196
0.338635
0.257942
0.191877
0.421959
0.38977
0.328573
0.23138
0.59209
0.363183
0.567538
0.312678
0.20976
0.557293
0.323531
0.517901
0.50684
0.257433
0.501103
0.226013
0.338749
0.273319
0.30613
0.211223
0.106104
0.256611
0.107083
0.849606
0.87051
0.771435
0.0569111
9.84644e-11
0.97465
0.504772
0.206513
0.802554
0.0953012
0.473475
0.835971
0.733306
0.303521
0.16754
0.562696
0.33758
0.409028
0.615565
0.151035
0.229242
0.791326
0.00634269
0.489396
0.650278
0.630517
0.419005
0.522
0.594441
0.553042
0.518577
0.437621
0.677312
0.0780507
0.566343
0.598252
0.187977
0.117781
0.235161
0.684818
0.232302
0.0511081
0.0408343
0.047154
0.0757916
1.07953e-10
0.0127733
0.06913
9.9526e-11
0.0147213
1.01466e-10
0.0105594
0.00554513
0.844576
0.893131
0.115229
1.01063e-10
0.661234
0.554125
0.0641441
0.00045923
0.00708079
0.00354304
0.0180952
0.0145027
0.28196
1.03494e-10
0.0254144
1.01833e-10
0.000767189
0.0125
8.94992e-11
1.04231e-10
0.00758645
0.1
1.00694e-10
0.00358629
0.342877
0.210912
0.0935443
0.00217653
0.00153702
0.0153856
0.0215823
0.333071
0.0602124
0.0855506
0.0280669
1.55014e-10
0.0157464
0.505478
0.399921
0.99941
0.863412
0.812994
0.859223
0.877706
0.579525
0.617295
0.561591
0.407171
0.219009
0.340315
0.289369
0.329045
0.370542
0.415064
0.234979
0.536704
0.649842
0.270143
0.409065
0.306196
0.193452
0.250802
0.332515
0.311743
0.467527
0.312554
0.211719
0.206711
0.279383
0.288267
0.576977
0.425864
0.410434
0.536167
0.530394
0.499776
0.510774
0.55947
0.382188
0.0806751
0.0705162
0.0582639
0.112046
0.0695603
0.093507
0.0472891
0.427732
0.995998
0.106157
0.406359
0.113519
0.0926172
0.128551
0.98371
0.00251596
0.103329
0.0102309
0.980597
1e-10
0.127827
0.025169
0.0239437
0.0641891
0.710111
0.104421
9.79662e-11
1.01971e-10
1.10087e-10
0.000467129
7.60668e-11
0.00577276
9.76931e-11
9.47988e-11
0.0412939
1.34778e-10
0.000405063
0.0205377
0.00491686
0.00121942
1.19942e-10
0.0221482
0.00146575
0.0637146
0.0109544
7.60476e-11
9.3894e-11
0.976048
0.926344
0.925653
0.984932
0.796039
0.926606
0.795033
0.818606
0.988451
0.995838
0.977274
0.76791
0.221018
0.344851
0.985266
0.980508
0.769129
0.80288
0.041425
0.971032
0.599631
0.311727
0.585099
0.424712
0.013883
0.0113022
0.536308
0.129971
0.971295
0.985036
0.876922
0.789071
0.416482
0.705925
0.951877
0.0581597
0.970518
0.0105301
0.00791539
0.00574786
0.0151395
1
1
0.998072
0.962028
0.987928
0.876335
0.614353
0.861709
0.774279
0.757147
0.749767
0.847729
0.596253
0.0640439
0.709937
0.59823
0.109741
0.0209818
0.00290796
0.0753662
0.0550414
0.233059
0.765048
0.020146
0.49002
0.0511751
0.178828
0.691477
0.0169792
0.122338
0.0909504
0.141875
0.18897
0.0214658
0.0654926
0.00939906
0.000169318
0.00140991
0.00491112
0.0673269
0.0114499
0.00843229
1.01142e-10
0.1082
0.0826444
7.60664e-11
9.8602e-11
0.0420072
0.00169809
0.0613466
0.066462
0.00760479
0.000634409
0.143539
0.0632566
0.0321401
0.00793258
0.0694463
0.00275176
0.0143693
9.90742e-11
8.47737e-05
0.000649021
0.30709
0.266594
0.00671901
0.0711371
0.0439399
0.00974092
0.00557404
0.00757997
0.00120694
9.86776e-11
0.00953343
0.00617815
0.0029546
0.0111773
1.53517e-10
1e-10
0.0787612
0.0567595
0.116986
0.0962636
0.113799
0.212277
0.0314287
0.0661047
0.363043
0.0092451
0.00020606
0.00196767
0.00093205
0.0142361
0.0063635
0.00321912
0.0306296
1e-10
0.000799171
0.00191605
0.000232942
0.0220269
0.0111155
0.0934022
0.0541795
1.00036e-10
0.569405
0.7552
0.138486
0.693944
0.749841
0.00292756
0.716904
0.140202
0.883754
0.605843
9.99885e-11
0.0766208
0.00308722
0.0033821
0.610907
0.509437
0.724472
0.0798087
0.00124644
0.00980683
0.517733
0.0277798
0.54771
0.691935
0.0484368
0.241172
0.039512
0.202314
0.537351
0.368189
0.240327
0.0596496
0.0379558
0.179394
0.0867608
0.0448233
9.2206e-11
1.00097e-10
0.0132024
0.0271569
0.237564
0.235018
0.0843881
0.130385
0.0838767
0.158902
1.01471e-10
0.00846453
0.110889
0.0746751
0.0849874
0.156587
0.117776
0.139362
1.12147e-10
0.0310785
0.0261696
0.00340174
0.103975
1e-10
1.01473e-10
0.176089
0.0129232
0.014729
0.280844
0.25591
0.0919863
0.00608659
0.203886
0.0917815
0.0577528
0.0913804
0.0141556
1e-10
0.000273818
1e-10
0.0576792
0.024795
0.00723504
0.00497725
0.000281061
0.00228403
0.0322066
1e-10
0.0277982
1.00661e-10
0.00269408
0.00176914
0.023844
1.00476e-10
0.00214067
0.0164674
9.98965e-11
0.00212146
0.048414
0.000674915
9.61712e-11
0.012268
0.157987
0.227804
0.475092
0.601
0.264316
0.604194
0.0805064
0.206846
0.0855861
0.210681
0.533438
0.692793
0.163683
0.110395
0.154037
0.252814
0.100765
0.00131022
0.0105806
0.257945
0.0408451
0.0981954
0.285168
0.000301149
0.247233
0.0997431
0.0537841
0.224763
0.293706
0.0186527
0.110942
0.0307296
0.145391
0.136988
0.189074
0.17033
1.00104e-10
0.138814
0.542916
0.14798
0.177183
0.24242
0.111762
0.147834
0.241719
0.0505223
0.155933
0.228567
0.156132
0.131597
0.317796
0.0832789
0.289825
0.0800654
0.144222
0.267701
0.168849
1.00562e-10
1.00965e-10
0.0823615
0.0214849
0.119452
0.0278033
0.00341869
0.0215314
0.00826061
0.00175088
0.00467954
0.000386628
0.00979252
1.00725e-10
0.000343811
9.97921e-11
1.00151e-10
1.01707e-10
1.00888e-10
0.0021604
1.00184e-10
0.0216476
0.00134755
1.00658e-10
1.00473e-10
0.00226076
1.00758e-10
0.0098578
1.01827e-10
9.9516e-11
9.95329e-11
0.00751216
0.00318664
0.0842853
0.220118
0.111234
0.1
0.182997
0.117262
0.028453
0.242164
0.493466
0.556415
0.0859634
0.0796871
0.966493
0.659421
0.512719
0.198394
0.869421
0.696231
0.259587
0.215467
0.228419
0.435053
0.219034
0.190203
0.234272
0.225676
0.180685
0.284587
0.205214
0.211954
0.315118
0.340575
0.266004
0.286732
0.30536
0.31646
0.302683
0.557945
0.361997
0.190872
0.31707
0.436051
0.426129
0.375754
0.467189
0.252281
0.28965
0.460502
0.3882
0.250373
0.335548
0.38884
0.363712
0.425869
0.581698
0.613071
0.248173
0.310554
0.313955
0.380066
0.387292
0.355849
0.372431
0.605608
0.658744
0.625336
0.143017
0.248707
0.14689
0.236072
0.124391
0.758992
0.608647
0.708443
0.123379
0.391684
0.563416
0.366778
0.125569
0.211709
0.301169
0.261475
0.299701
0.080903
0.115711
0.0810089
0.196659
0.559609
0.676578
0.177498
0.0992767
0.143727
0.144364
0.172228
0.171772
0.16737
0.267295
0.37113
0.680363
0.67915
0.776737
0.55713
0.699336
0.856401
0.748206
0.695588
0.849341
0.568881
0.838623
0.881941
0.834064
0.179439
0.805487
0.58106
0.335608
0.306083
0.206856
0.578829
0.391564
0.639895
0.345405
0.502911
0.629341
0.557078
0.264937
0.850456
0.651092
0.67026
0.274184
0.331134
0.305798
0.599372
0.283319
0.320731
0.158548
0.694192
0.681268
0.378869
0.439858
0.579102
0.672613
0.53909
0.736521
0.510947
0.48737
0.585072
0.493424
0.784107
0.614424
0.819777
0.772223
0.917065
0.817016
0.728797
0.615038
0.201311
0.616332
1.01544e-10
0.0995783
1.07627e-10
1.00844e-10
1.00844e-10
1.03114e-10
0.0938052
1.05308e-10
0.0517199
1.00218e-10
1.0012e-10
0.0434705
1.00666e-10
1.04939e-10
0.0192639
1.01205e-10
0.0482095
0.00326531
1.04206e-10
1.00894e-10
0.0768529
1.00315e-10
0.024146
0.0471267
1.00035e-10
1e-10
9.99313e-11
9.99251e-11
0.1799
1.0064e-10
0.0945563
0.186945
0.131022
0.172665
0.0951079
1.01195e-10
9.97565e-11
0.167205
0.0905932
1.001e-10
0.0225971
0.0514904
0.129373
0.00837922
0.0897714
1.0078e-10
1.01749e-10
0.00532995
0.197197
0.142035
0.043752
0.125227
0.175138
0.188615
0.0982428
0.147641
0.115505
0.0982745
0.181797
0.176141
0.0945619
0.0927311
6.38729e-05
0.188559
0.000866347
9.98202e-11
0.163327
0.0878444
1.00201e-10
0.0808149
0.157915
0.0961629
0.0921614
0.00759053
1.00767e-10
0.0658421
0.0918096
0.0958541
0.00530708
0.0397875
0.157009
0.0853791
0.104428
0.217807
0.136493
1.03517e-10
0.0533292
0.0765655
1.00913e-10
0.10401
0.011937
0.0366572
0.273589
0.599421
0.324613
0.176394
0.258727
0.288136
0.21645
0.184508
0.113453
0.230133
0.226957
0.223544
0.206954
0.164138
0.188493
0.224931
0.190251
0.279186
0.350375
0.253666
0.286934
0.310485
0.369079
0.306406
0.250837
0.209188
0.350517
0.295812
0.199551
0.2406
0.201889
0.205119
0.208743
0.299938
0.192262
0.290486
0.273412
0.363649
0.197095
0.272576
0.254044
0.340787
0.196467
0.341268
0.203444
0.142595
0.199497
0.940306
0.948436
0.942667
0.967543
0.952273
0.99515
0.0778461
0.983982
0.982456
0.0147581
0.997762
0.950185
0.886984
0.67062
0.947004
0.941854
0.334709
0.138504
0.1667
0.887605
0.771309
0.434195
0.354308
0.893126
0.654026
0.583791
0.26294
0.714622
0.936346
0.862269
0.232061
0.321265
0.758001
0.903773
0.864002
0.86694
0.986733
0.908075
0.589026
0.828514
0.318059
0.977185
0.277721
0.965942
0.912788
0.922992
0.693008
0.773875
0.50324
0.174294
0.491846
0.512591
0.377888
0.355646
0.343088
0.249236
0.184383
0.573931
0.504108
0.627977
0.708887
0.690467
0.548168
0.717647
0.741722
0.579434
0.60148
0.755848
0.700193
0.389476
0.426119
0.498369
0.629246
0.415908
0.489361
0.375665
0.453591
0.522622
0.550164
0.488657
0.606773
0.412403
0.611987
0.531344
0.466033
0.311772
0.65731
0.420005
0.663937
0.26026
0.80597
0.595212
0.811371
0.625599
0.884471
0.878054
0.644214
0.673888
0.888933
0.322403
0.396378
0.950558
0.681773
0.882633
0.599435
0.334844
0.822568
0.398914
0.450416
0.757574
0.838161
0.850194
0.372699
0.29326
0.749054
0.519708
0.626153
0.609751
0.496288
0.440706
0.279341
0.524257
0.352357
0.515892
0.399121
0.552593
0.673208
0.482021
0.304205
0.207082
0.380003
0.345607
0.483236
0.4989
0.380312
0.466142
0.461019
0.520619
0.469754
0.524366
0.419225
0.347798
0.400952
0.404845
0.46538
0.284605
0.233109
0.498721
0.443655
0.462737
0.367996
0.364953
0.517423
0.483542
0.505086
0.44745
0.26998
0.493942
0.446985
0.750945
0.252194
0.177832
0.367977
0.225069
0.364399
0.765236
0.338901
0.272952
0.698817
0.630087
0.726204
0.792456
0.487742
0.819
0.779524
0.851155
0.724089
0.723908
0.477716
0.430739
0.63186
0.552449
0.160273
0.138491
0.430408
0.111973
0.7995
0.20305
0.562135
0.248359
0.61388
0.30391
0.212254
0.466758
0.671607
0.605262
0.498274
0.460227
0.481022
0.591129
0.670511
0.572712
0.203714
0.196761
0.286145
0.554241
0.229119
0.426729
0.366711
0.267199
0.313029
0.524157
0.379129
0.20083
0.76833
0.782759
0.507432
0.433371
0.019234
0.588316
0.506832
0.215673
0.489553
0.46928
0.191392
0.523738
0.420846
0.448446
0.432576
0.247507
0.380082
0.226147
0.525764
0.391642
0.51605
0.407198
0.606773
0.414054
0.187055
0.0966827
0.318584
0.356212
0.205548
0.27539
0.177437
0.0836748
0.443882
0.444198
0.408636
0.331684
0.255086
0.424369
0.499872
0.22796
0.363691
0.146019
0.31126
0.380957
0.495551
0.468706
0.441342
0.303536
0.197761
0.410015
0.285331
9.59759e-11
0.206834
0.138098
0.153128
0.135543
0.196206
0.242902
0.34949
0.528923
0.181721
0.447855
0.447387
0.497857
0.0894783
0.437278
0.229482
0.462831
0.35153
0.548202
0.244354
0.370443
0.0129593
0.445514
0.345383
0.375244
0.217408
0.168926
0.236613
0.31522
0.0756492
0.299017
0.318813
0.319052
0.412893
0.179652
0.26922
0.186628
0.319104
0.331858
0.167992
0.456706
0.167806
0.158229
0.191692
0.229558
0.456308
0.151264
0.537596
0.541129
0.313035
0.276709
0.0822663
0.219974
0.168554
0.177204
0.150286
0.135499
0.198208
0.190073
0.327199
0.15988
1.06199e-10
0.0732207
0.0402513
0.133971
0.0799909
0.032388
0.042867
0.150716
0.0421955
0.0811698
0.0817106
0.185446
0.0940634
0.203272
0.104284
0.162634
0.216447
0.0963706
0.533978
0.269752
0.0361466
0.114806
0.0872583
0.239294
0.185305
0.175916
0.194061
0.0843374
0.120953
0.101071
0.292971
0.100748
0.250474
0.243859
0.302441
0.185403
0.228907
0.136792
0.217599
0.52025
0.155347
0.154395
0.00439306
0.0674491
0.177769
0.0846826
0.264688
0.32318
0.168898
0.016363
0.383498
0.277778
9.71759e-11
0.293568
0.248051
0.326758
0.225771
0.0402176
0.197366
0.105203
0.302736
0.176995
0.220928
0.43872
0.215724
0.288362
0.147858
0.174602
0.184923
0.368155
0.512814
0.460818
0.0938213
0.0940328
0.139567
0.0300475
0.0726562
0.000241561
0.426986
0.20505
0.207517
0.186968
0.0705496
0.123525
0.293937
0.0667226
0.081916
0.109997
0.238248
0.237778
0.622673
0.162246
0.191552
0.446148
0.257849
0.370267
0.344359
0.324463
0.303273
0.261454
0.285677
0.280589
0.335673
0.301964
0.0866388
0.39054
0.0718048
0.0495562
0.174343
0.328876
9.55588e-11
0.282876
0.121632
0.225393
0.0571638
0.0732669
1.69428e-10
0.58841
0.143326
0.127698
0.0629021
0.195687
0.179186
0.155684
0.220546
0.182007
0.216287
0.183302
0.136069
0.193731
0.25594
0.240533
0.126033
9.82126e-11
0.125545
0.204878
0.0455722
0.0697058
0.282192
0.145179
0.19323
0.149193
0.119916
0.0768832
0.0766431
9.66949e-11
0.0859295
0.0473642
0.419725
0.143508
0.30413
0.22015
0.239272
0.0968033
0.165351
0.242222
0.0561695
0.162232
0.182558
0.232975
0.138417
0.460774
0.162643
0.270853
0.181356
0.197193
0.196097
0.354262
0.200756
0.179667
0.223493
0.10575
0.179187
0.183319
0.178814
0.0461119
0.0166973
0.0347132
0.0902757
9.43051e-11
0.00120944
0.0366548
0.00913099
0.0609401
0.107963
0.0105322
0.0918427
0.083305
0.274529
0.195647
0.241726
6.54052e-11
0.00220575
0.00659882
0.277447
0.134757
0.0407379
0.0940574
0.190043
0.221337
0.231142
0.279847
0.144129
0.196907
0.194971
0.169129
0.141115
0.215833
0.0522619
0.214168
0.10874
0.0505428
0.127933
0.269892
0.138
0.14252
0.219369
0.156499
0.286658
0.258729
0.656494
0.162733
0.134439
0.202598
0.18355
0.0979707
0.112401
0.115983
0.284465
0.127409
0.15706
0.0486923
0.218443
0.157927
0.223304
0.128116
0.269977
0.137734
0.217062
0.216451
0.19936
0.138754
0.0478071
0.191274
0.265943
0.0685683
0.169572
0.0770136
0.0376333
0.101646
9.73426e-11
0.951282
0.141485
0.923827
1.01045e-10
0.240226
0.264011
0.202076
0.217291
0.0947303
0.11928
0.0617812
0.0103035
0.0569767
0.0819334
0.200948
0.0111795
0.0376649
0.0827335
0.0411342
0.0952934
0.147996
0.0261784
0.0064689
0.268484
0.0476515
0.441045
0.468747
0.0842802
0.0961556
0.0185401
0.291336
0.0199125
0.00365166
0.0141231
0.0741659
0.690118
0.107492
0.279905
0.0536362
0.984747
1
0.370138
0.615966
0.975261
0.364016
0.9802
0.338105
0.00957067
0.000807041
1.03432e-10
0.00146744
0.0576361
0.00974614
0.365797
0.578999
0.256684
0.197312
0.30547
0.17524
0.289704
0.372479
0.109551
0.215683
0.274086
0.30654
0.356152
0.412067
0.219097
0.451929
0.307404
0.229025
0.237863
0.207892
0.180741
0.151855
0.285278
0.149197
0.328324
0.495583
0.497829
0.472201
0.113047
0.159515
0.4737
0.477608
0.219855
0.427263
0.671996
0.610401
0.36006
0.105058
0.375148
0.613409
0.415578
0.4541
0.461818
0.481395
0.277741
0.246482
0.592389
0.712898
0.545164
0.197133
0.759683
0.245006
0.402658
0.382011
0.173328
0.18903
0.717633
0.441983
0.158535
0.13731
0.187885
9.98878e-11
0.203331
0.152842
0.189293
0.219976
0.13053
0.308913
0.231925
0.170591
0.278792
0.357283
0.373019
0.438469
0.298533
0.414523
0.111562
0.484585
0.568985
0.561577
0.302765
0.440366
0.260219
0.379596
0.211547
0.326397
0.46565
0.227542
0.64267
0.333208
0.504805
0.175931
0.449592
0.369711
0.135985
0.21803
0.35272
0.347739
0.566788
0.573811
0.236151
0.323034
0.509035
0.417942
0.725487
0.516761
0.086997
9.6845e-11
0.00253344
9.59781e-11
0.968034
0.73923
0.020243
0.0845896
1.38303e-10
0.0302656
0.00849932
0.0380013
0.100689
0.110778
9.50287e-11
1.05327e-10
0.000248527
0.00259992
0.0789222
0.0217761
0.0414143
1.01224e-10
0.0245225
9.99769e-11
9.8687e-11
0.0547365
0.0127269
0.0101109
0.00283071
0.0122187
0.0954191
0.194769
0.0158769
0.296365
0.00452925
0.000388622
0.195859
0.748347
9.44789e-11
0.000329111
0.000451412
0.000715384
0.000310562
0.709684
0.00374696
0.00620475
0.0112725
0.0550233
9.51192e-11
0.00252651
0.356386
0.0783876
0.0145295
0.00614462
9.36227e-11
9.35865e-11
0.106671
0.0197305
0.000207041
0.00833287
0.0264466
9.99718e-11
0.124859
0.968789
9.57389e-11
0.0446642
9.70113e-11
0.0184175
0.0247169
0.0501906
0.0273079
0.0575283
0.355384
0.0892105
0.0885871
0.828988
0.0882048
0.103836
0.0107491
0.131984
0.343355
0.375298
0.170861
0.222232
0.875959
0.75207
0.576568
0.497827
0.745002
0.780478
0.384662
0.629187
0.805105
0.569543
0.786729
0.726781
0.78778
0.777031
0.358908
0.834302
0.406676
0.397535
0.431378
0.350806
0.539589
0.607453
0.640183
0.435997
0.38923
0.284917
0.475864
0.420969
0.497276
0.452121
0.551582
0.662903
0.610039
0.661184
0.590158
0.646292
0.564301
0.65727
0.642658
0.543153
0.384472
0.437578
0.663158
0.606009
0.664034
0.673041
0.645658
0.707672
0.689313
0.569127
0.315798
0.460092
0.310991
0.464074
0.252218
0.227202
0.890965
0.876407
0.749769
0.922214
0.299644
0.77312
0.55099
0.997225
0.673112
0.533632
0.540198
0.0587287
1.07196e-10
0.000345258
9.4305e-11
0.00207049
0.463403
0.723632
0.0981201
0.168813
0.867836
0.806125
0.766762
0.774679
0.712174
0.383248
0.740189
0.251639
0.485298
0.690595
0.862032
0.755615
0.410728
0.650677
0.809157
0.824437
0.235403
0.874819
0.42377
0.914969
0.949441
0.993953
0.239141
0.797843
0.881746
0.795464
0.619105
0.770821
0.300251
0.478958
0.896799
0.66377
0.596295
0.556551
0.744952
0.71874
0.61833
0.488907
0.612829
0.849925
0.616755
0.439308
0.728441
0.731022
0.648392
0.800096
0.729707
0.790292
0.926888
0.995873
0.433707
0.453776
0.415678
0.593823
0.383291
0.630208
0.646841
0.486764
0.483726
0.470119
0.588789
0.486769
0.651723
0.356851
0.423167
0.174162
0.995937
0.492772
0.815226
0.934603
0.412102
0.119433
0.891233
0.93114
0.997732
9.95139e-11
9.59725e-11
0.340241
0.143032
0.113274
0.800229
0.0926933
0.0639638
0.329734
0.374767
0.685888
0.645412
0.511061
0.675112
0.61371
0.787969
0.777137
0.729475
0.802888
0.440215
0.445805
0.565809
0.844103
0.370179
0.6392
0.342602
0.580405
0.560707
0.554852
0.283433
0.425866
0.399456
0.189876
0.772622
0.196699
0.875748
0.849503
0.98127
0.988256
0.998162
0.978794
0.786789
0.978423
1.01305e-10
0.996307
0.00383598
0.990942
0.978884
0.753518
0.273117
0.965359
0.995822
0.979591
0.998963
0.99999
0.126942
1
0.996379
0.781917
0.674787
0.936956
0.961423
0.8131
0.637103
0.0346873
0.703552
0.327379
0.881932
0.725621
0.708672
0.763999
0.207392
0.991664
0.665101
0.782842
0.633928
0.996963
0.544192
0.819332
0.876168
0.853642
0.567088
0.364391
0.761108
0.0804042
0.401543
0.238774
0.583069
0.153529
0.122342
0.649838
0.465625
0.557911
0.713482
0.70018
0.448038
0.634081
0.75368
0.891733
0.105447
0.497724
0.627291
0.797279
0.803922
0.0386296
0.997692
0.729424
0.770854
0.988987
0.933418
0.999974
1
0.999842
0.936915
0.988389
0.998518
0.152421
0.363256
0.533476
0.990764
0.415136
0.976636
0.999781
0.0663632
0.999614
0.0614466
0.999906
0.999349
0.924652
0.0726484
0.991048
1
0.94687
0.998936
0.68748
0.925808
1
0.827946
0.944773
0.892571
0.996561
0.988885
0.307739
0.986605
0.833968
0.982197
0.989708
0.857641
0.594484
0.498298
0.148675
0.191042
0.146397
0.18636
1
0.961443
0.771798
0.9257
9.96416e-11
0.0210688
0.647403
0.75448
0.988789
0.983046
0.875624
0.22162
0.959014
0.963172
0.99925
0.0145101
1
0.997725
0.0654962
0.752149
0.500016
0.00927189
0.747481
0.278064
0.764531
0.328628
0.762475
0.0100324
0.981597
0.929065
0.96571
0.539189
0.962618
0.208105
1
0.906634
0.471667
0.443568
0.552999
0.0805506
0.95439
0.584556
0.591648
0.833265
1
0.827529
0.912264
0.920386
0.858574
0.943175
0.868034
0.919768
0.328304
0.726391
0.915012
0.944195
0.924899
0.947614
0.612626
0.909864
0.871486
0.909576
0.956372
0.916656
0.311957
0.373636
0.678637
0.44406
0.992836
0.899326
0.388187
0.95214
0.801293
0.566623
0.997604
0.797427
0.655125
0.908846
0.844497
0.909422
0.882618
0.868328
0.917254
0.921602
0.917417
0.793026
0.855307
0.561453
0.512074
0.55856
1
0.583014
0.981293
1
0.633298
0.702965
1
0.559332
0.784793
0.453291
0.855162
0.850931
0.866891
0.511523
0.797056
0.993003
0.751549
0.660152
0.839479
0.974631
0.858578
0.956573
0.912799
0.999793
0.8271
0.897832
0.648979
0.999723
0.820272
0.85475
0.976462
0.914897
0.9791
0.923913
0.911491
0.789624
0.944586
0.832984
0.357977
0.840582
0.803506
0.35224
0.814472
0.388433
0.4461
0.487733
0.603204
0.666527
0.327672
0.113945
0.74523
0.122944
0.770972
0.0320873
0.762207
0.634074
0.707748
0.8356
0.854305
0.118538
0.727522
0.998646
0.946944
0.945865
0.833453
0.939196
0.750018
0.783567
0.737881
0.884185
0.638768
0.835996
0.818531
0.746079
0.954855
0.813215
0.696481
0.67092
0.144466
0.0963283
0.593209
0.468067
0.621644
0.732326
0.92952
0.896189
0.283313
0.90538
0.883078
0.233119
0.445564
0.729036
0.825705
0.776776
0.788796
0.500628
0.875354
0.827617
0.837683
0.468296
0.772276
0.89699
0.78033
0.836415
0.763112
0.856742
0.994531
0.933466
0.91607
0.873797
0.957078
0.931266
0.900024
0.489628
0.8185
0.843029
0.706792
0.962686
1
0.994908
0.743443
1
0.689509
0.601587
0.752358
0.630325
0.973879
0.790654
0.798183
0.830794
0.578043
0.793204
0.765473
0.85666
0.925573
0.998924
1
0.831695
0.970473
0.601923
0.227995
0.713937
0.341549
0.343278
0.638954
0.575712
1.01521e-10
0.0146783
0.144357
0.3437
0.317078
0.287524
0.148021
0.277234
0.245009
0.0408922
0.298415
0.0963566
0.115777
0.263905
0.115009
0.0981732
0.647341
0.560435
0.38019
0.703354
0.731762
0.591816
0.463109
0.20354
0.226613
0.338074
0.629248
0.343333
0.645515
0.722455
0.745921
0.657783
0.534604
0.616002
0.803436
0.614648
0.373973
0.182408
0.0985386
0.367085
0.298903
0.250193
0.275886
0.460797
0.163431
0.293334
0.174134
0.200582
0.688485
0.744521
0.615183
0.539095
0.67491
0.243912
0.178646
0.363413
0.328032
0.194215
0.207287
0.185429
0.282276
0.281274
0.245257
0.305108
0.274721
0.193812
0.195498
0.271531
0.236665
0.35367
0.435692
0.39621
0.28909
0.291045
0.167521
0.432973
0.282572
0.305393
0.317996
0.293487
0.299475
0.205988
0.550801
0.292338
0.479627
0.145047
0.328867
0.248385
0.152065
0.651394
0.522603
0.665478
0.536399
0.482821
0.0549365
0.0210413
1.00239e-10
1.00023e-10
1e-10
0.0158892
0.0046605
0.0783864
0.0464214
1.00017e-10
1.01966e-10
1.01017e-10
0.0917171
0.000937712
1.00368e-10
0.0436879
0.0153249
0.00787806
0.00207171
0.00191226
1.00004e-10
0.00274505
0.0964144
9.99992e-11
9.99642e-11
0.048719
0.0135986
1.00874e-10
1.00394e-10
0.0606863
1.00841e-10
0.0132487
0.0971518
1.00053e-10
0.088652
0.0864211
0.0130977
1.00654e-10
0.0319788
0.00602858
0.1
0.00144026
0.0160219
0.0988165
0.0899968
0.0551123
0.0990669
0.0977315
0.0594003
0.114284
1.00738e-10
0.0324284
1.00049e-10
0.0993152
1.0008e-10
0.0974181
0.059745
1.00817e-10
1.00372e-10
1.00037e-10
0.0886391
1.00382e-10
0.0748832
0.0986466
9.99531e-11
0.1
1.00545e-10
0.0957344
1e-10
0.0984876
1.00004e-10
9.99788e-11
0.000566449
1.00023e-10
0.0382102
0.0601234
0.0972331
0.036789
0.0974622
0.0522043
1.02034e-10
0.0722337
1.0001e-10
1e-10
1.00477e-10
1.00006e-10
0.04174
1.00252e-10
0.0495606
1.00016e-10
1.00196e-10
1e-10
1.00298e-10
1.00134e-10
0.0988233
0.00250437
1.00008e-10
0.130851
1.00724e-10
1e-10
1.00473e-10
9.99787e-11
0.00410568
0.00408087
0.0248654
0.011925
9.99538e-11
0.0111296
1.00336e-10
1.00622e-10
1.00314e-10
1.07313e-10
1.00357e-10
1.00175e-10
1.00041e-10
0.0203186
0.00324777
1.00151e-10
0.000363341
1.01291e-10
9.99038e-11
9.99961e-11
0.00651171
9.99771e-11
1.08922e-10
1.00373e-10
1.00522e-10
1.00397e-10
0.0418557
1.00194e-10
1.02115e-10
1.00156e-10
1.00108e-10
1.00094e-10
1.00083e-10
1.00015e-10
9.96878e-11
1.00065e-10
1.02956e-10
0.00516584
0.0853451
0.0597947
0.0604114
0.00244593
0.132972
0.175242
0.00232575
1.00921e-10
0.0240098
0.0733039
0.0932192
0.0102856
9.88091e-11
1.04371e-10
0.0527062
1.03831e-10
0.0473617
9.77736e-11
0.00144833
0.00227438
9.97611e-11
9.76338e-11
0.00752451
0.0355422
9.92308e-11
0.0028288
0.00148547
0.00645981
0.00334434
0.492737
0.226917
0.621458
0.4057
0.583895
0.736592
0.192894
0.70373
0.573043
0.555713
0.691614
0.256914
0.477777
0.522046
0.657642
0.599021
0.492101
0.353164
0.801794
0.33327
0.618637
0.71051
0.755931
0.175272
0.161859
0.475548
0.189914
0.298512
0.995812
0.973437
0.675863
0.176707
0.0698838
0.292894
1.01023e-10
0.550272
0.0839897
0.0953875
0.0121636
0.983738
0.0937499
9.993e-11
0.00411905
0.171544
0.201784
0.121392
0.425144
0.0925105
0.213977
0.332428
0.268986
0.169495
0.00330493
0.0263776
0.0458809
0.0918738
0.168993
0.161112
0.00187621
0.876136
0.147598
0.210052
0.181175
0.565064
0.696134
0.891585
0.391629
0.222328
0.160669
0.907465
0.365304
0.807686
0.0162395
0.0191932
0.696508
0.0118112
0.790918
0.26533
0.00231462
0.990646
0.0018175
0.970793
0.0576556
0.956242
1
0.891762
0.982542
0.506391
0.0783966
0.979895
0.0206803
0.78482
0.0742525
0.0391615
0.073511
0.0460373
0.00416696
0.921974
0.0203693
0.183982
0.111459
0.13596
0.214767
0.291316
0.254122
0.530135
0.337774
0.300639
0.812333
0.769894
0.276326
0.430109
0.599562
0.528088
0.395807
0.382704
0.558633
0.47447
0.351429
0.642917
0.426769
0.649025
0.691716
0.465177
0.721175
0.778443
0.472442
0.523643
0.996786
0.960469
0.76827
0.340916
0.139814
0.00333708
0.472028
0.399918
0.563163
0.520613
0.430905
0.593912
0.249829
0.402364
0.363342
0.376063
0.281293
0.378492
0.433349
0.429735
0.930566
0.544824
0.468101
0.417026
0.822839
0.711379
0.731792
0.583281
0.830305
0.761395
0.832069
0.78697
0.595787
0.702754
0.342278
0.469876
0.444679
0.769539
0.57301
0.788097
0.808462
0.752927
0.45488
0.712602
0.373807
0.341511
0.465975
0.616157
0.617151
0.268586
0.46165
0.62311
0.501933
0.380498
0.595027
0.660414
0.533595
0.394621
0.822555
0.726099
0.646861
0.197668
0.780311
0.590613
0.763352
0.533732
0.656526
0.979789
0.203173
0.00987597
0.0170475
0.204494
0.764558
0.697847
0.965769
0.865835
0.229033
0.727212
0.164599
0.76985
0.85824
0.811702
0.760908
0.220421
0.614377
0.0730677
0.326966
0.681846
0.115479
0.0298295
0.356145
0.103942
0.865046
0.0190339
0.198735
0.0446983
0.67407
0.0332579
0.558545
0.172599
0.0208771
0.0397347
0.119902
0.0763835
9.44698e-11
0.00319562
0.604338
0.0375342
0.843049
0.114379
0.934368
0.602716
0.0203095
0.380168
0.15053
0.669251
0.139929
0.215267
0.0466404
0.0252268
0.0680333
0.156311
0.0418847
0.0971166
0.0935683
0.0147897
9.98392e-11
9.85578e-11
0.00258853
0.018291
0.000865121
0.0216356
0.00286412
0.0732677
9.85389e-11
9.79642e-11
5.75674e-11
0.00449743
0.0713895
0.0147476
0.0820313
0.0957413
0.0778817
0.0855885
1.05699e-10
0.0608126
9.79832e-11
0.0716258
0.145077
0.0167907
0.00129739
0.00167465
0.151897
0.0727982
0.0207581
0.000257454
0.0940058
1.00227e-10
0.0056415
0.0317523
1.00759e-10
0.154197
0.0453424
0.0254777
0.0728723
9.93966e-11
0.144093
1.0383e-10
0.124476
0.0117935
0.000252258
0.00130809
9.95083e-11
0.000778136
0.0617157
0.00113531
0.0615439
0.0308246
0.126281
6.04595e-05
0.0785477
0.137032
0.1764
0.00341672
0.00093497
0.0289703
0.0034876
1.00103e-10
1e-10
0.0449128
0.000187728
9.86504e-11
0.0153334
0.425505
0.00639617
0.359882
0.990651
0.0338197
0.639485
0.742829
0.602179
0.777424
0.665898
0.572476
0.214791
0.0849087
0.320666
0.721543
0.620246
0.434184
0.681029
0.542277
0.189123
0.102574
0.130552
0.00771008
0.0239105
0.0877463
0.315387
0.0253763
0.161202
0.0419275
0.265446
1.02644e-10
0.0692665
0.087304
0.178852
1.14262e-10
0.261638
0.122001
0.0695333
0.124584
0.0884096
0.00786053
0.167641
0.568232
0.0025306
0.0150066
0.111294
0.420963
0.000504181
0.158809
1.34028e-10
0.00691957
0.0100662
0.0390591
0.0314435
0.0222795
0.0431377
0.00342417
0.0132196
0.0322703
7.9335e-11
0.0215577
0.0394018
0.00504219
0.272796
0.00818274
0.668146
0.223143
0.432532
0.143014
0.396291
0.191401
0.103093
0.271758
0.151287
0.147745
0.600758
9.91313e-11
0.00349609
0.00330425
0.00264922
0.00441303
0.684317
0.443896
0.223677
0.533622
1.0221e-10
0.00691483
0.220838
0.510846
0.54759
0.635838
0.116578
0.331606
9.36002e-11
9.25905e-11
0.177435
0.106431
0.397329
0.148354
0.12232
0.0771371
9.61774e-11
0.00237695
1e-10
0.000965933
9.99922e-11
2.18979e-07
0.701299
0.383471
0.460951
0.251748
0.323
0.406607
0.644388
0.0566706
0.56051
0.649495
0.729214
0.794569
0.0340538
0.0705294
0.666625
0.700816
0.598997
0.160538
0.34736
0.321993
0.625566
0.470718
0.279646
0.029713
0.626007
0.30666
0.336746
0.252225
9.79768e-11
0.0727807
0.542201
0.595968
0.287322
0.192495
0.170243
0.699413
0.21552
0.641773
0.0836362
0.287131
0.153377
0.0160433
0.594725
0.512011
0.186081
0.0959961
9.96138e-11
0.159705
0.634048
0.574748
0.525567
0.491928
0.331749
0.74785
0.60522
0.525907
0.419837
0.484357
0.109308
0.512128
0.607469
0.274878
0.00325463
0.00203106
1.00841e-10
0.00813008
0.00388893
0.00457461
0.0096084
0.000576495
0.0120561
0.0844492
0.0124055
1.01406e-10
0.0044682
1.00489e-10
0.00574324
0.00743051
0.00953875
0.00260639
0.00134897
0.00821546
0.0175693
0.00045259
0.0074082
8.40372e-11
0.000711573
1.61393e-10
9.95215e-11
0.198243
0.15462
0.0710011
0.101654
0.274214
0.0709803
0.179387
1e-10
0.169015
0.0627311
0.039794
0.212451
0.00462283
0.129461
1e-10
1.00001e-10
0.000870115
0.208807
0.0336295
0.0731114
0.0824328
0.0541802
0.0668985
0.109487
0.0826994
0.0552687
0.0773681
9.95028e-11
1e-10
1.00228e-10
0.084834
0.0567417
0.0106889
0.18044
1.008e-10
1.00095e-10
0.0835506
0.105573
0.215668
0.0823953
1.00399e-10
9.97968e-11
0.00282265
0.0275592
9.95455e-11
1.0196e-10
0.0513999
0.0386706
0.0250686
9.82473e-11
1.0077e-10
0.0421643
1.01765e-10
0.073413
0.0572903
0.102289
0.0727985
0.037783
0.0628937
0.0156717
1.00572e-10
0.0131251
1.00187e-10
1e-10
0.0514536
0.0400317
6.44914e-05
2.21931e-05
0.00332834
9.99367e-11
0.00508932
0.00094439
0.00713592
0.000863739
1e-10
1e-10
0.000401543
1.00239e-10
9.99754e-11
9.63564e-11
7.57613e-11
1e-10
1e-10
1e-10
1.00859e-10
0.0692226
0.00196738
9.58374e-11
1e-10
0.00181357
0.00215093
0.0026721
0.00441028
1e-10
0.0050794
0.0174797
0.0436186
0.0183968
0.00564886
0.0638792
9.65961e-11
1.00692e-10
0.00383796
1.05946e-10
9.99432e-11
9.98727e-11
9.66348e-11
0.00116485
1.01147e-10
1.01022e-10
1e-10
9.94633e-11
9.87811e-11
1.03539e-10
0.0508488
1e-10
0.0871888
0.078662
0.140482
9.97625e-11
0.00302572
9.97769e-11
1e-10
8.21243e-11
0.0136757
0.0843872
0.131825
0.00555972
0.184288
0.182277
0.0845376
0.0371705
0.0740532
0.12933
0.185228
0.0622691
0.145769
0.194301
0.189894
0.0586109
0.0628841
9.79624e-11
0.140806
0.0210444
0.0930446
9.9018e-11
0.11642
9.97465e-11
1.00114e-10
0.119522
0.0255997
0.00157416
0.00135979
0.155921
0.158511
0.0497549
0.137186
0.0747954
0.116992
0.0259048
0.0638435
0.0250769
0.0569709
0.0867776
0.0577443
0.169515
0.0998122
0.148782
0.18474
0.171574
0.192127
0.0103056
0.0940813
0.487012
0.446052
0.689628
0.504336
0.373709
0.384143
0.331031
0.622275
0.168009
0.22637
0.156464
0.0401916
0.0701741
0.266074
0.795323
0.54888
1
0.774873
0.717773
0.758556
0.7427
0.840488
0.369779
0.536208
0.680795
0.33818
0.231585
0.183382
0.716484
0.528179
0.832537
0.388086
0.755612
0.742355
0.827385
0.719498
0.553398
0.920034
0.757996
0.697113
0.749465
0.591949
0.547475
0.531078
0.812745
0.879838
0.157429
0.0381343
0.0830293
0.00153275
9.99469e-11
0.00732815
0.0861453
9.94239e-11
0.00419676
9.99917e-11
0.160528
0.178061
0.173891
0.462981
0.285986
0.540186
0.647689
0.54643
0.789817
0.737503
0.0875535
9.93767e-11
0.0817966
9.92853e-11
0.0798375
0.0623697
0.0869831
0.0114531
0.00262745
0.104637
0.0176203
0.050206
0.766226
0.0803693
0.0816273
0.085279
0.157474
0.0882003
1.03146e-10
0.0465786
0.101102
1e-10
0.0475889
9.89787e-11
0.673412
0.750422
0.879507
0.716465
0.830054
0.822462
0.345336
0.675196
0.0863511
0.0493439
0.00820833
0.0879229
9.89597e-11
0.00631963
1.03955e-10
0.0982721
0.100651
0.106449
0.0888772
0.0379008
0.0998155
0.0612721
0.0419902
0.0950023
1.07908e-10
0.196018
0.340928
0.0922446
0.17228
0.0958586
0.0665918
0.00294229
0.169077
0.110705
0.554066
0.0869385
0.196276
0.00222132
0.13997
0.259684
0.0760547
0.0123513
9.92274e-11
0.0940342
0.12264
0.180914
0.732272
0.734491
0.708993
0.734664
0.735349
0.59717
0.754327
0.625964
0.630255
0.702177
0.717212
0.788382
0.814362
0.812067
0.811118
0.424385
0.689927
0.544188
0.454296
0.692636
0.617374
0.648517
0.308747
0.68201
0.322295
9.88012e-11
1.0164e-10
0.00141795
9.67663e-11
1.03101e-10
0.00726169
0.441917
0.504806
0.684041
0.487996
0.780332
0.560654
1.00427e-10
0.116293
0.292138
1.00901e-10
0.588223
0.510603
0.179135
0.466317
0.637705
0.477127
0.580751
0.633737
0.448986
0.461505
0.516471
0.361693
0.486772
0.559325
0.694004
0.718708
0.403534
0.535831
0.712589
0.572046
0.625491
0.737862
0.736867
0.680125
0.0575591
0.0427118
0.352305
0.42977
0.396248
0.525909
0.507385
0.451968
0.438052
0.39266
0.57131
0.431586
0.667564
0.513338
0.494062
0.529572
0.432976
9.98629e-11
0.293952
0.534151
0.0962478
0.416877
0.974361
0.994945
0.483423
0.895008
0.830171
0.0759679
0.332992
0.322614
0.807857
0.786249
0.739873
0.909703
0.937885
0.844347
0.866418
0.734395
0.739927
0.348503
0.818553
0.615967
0.144185
0.337624
0.848342
0.747798
0.362045
0.208796
1.00385e-10
1.00012e-10
0.241255
0.560551
0.461955
0.353182
0.435335
0.470394
0.51247
0.47373
0.398416
0.371208
0.370554
0.53184
0.45949
0.349452
0.527844
0.453703
0.442819
0.562331
0.30074
0.517529
0.500737
0.393055
0.566157
0.679489
0.834427
0.652751
0.540258
0.439932
0.563363
0.607424
0.412009
0.415586
0.394744
0.507635
0.560798
0.542853
0.522191
0.511553
0.199091
0.0409221
0.0863105
0.000702135
0.0903937
0.000513933
9.93812e-11
0.0160231
0.0031748
0.0528217
0.00948064
1.01839e-10
0.00712123
0.0146371
0.0997864
1.05629e-10
0.092525
0.0814493
9.82106e-11
0.0273612
1.0006e-10
1.00392e-10
0.0752328
1.00094e-10
0.0522211
0.0133262
0.0856466
0.00276014
9.97494e-11
9.86381e-11
1e-10
0.099365
1.00109e-10
9.87315e-11
9.83415e-11
0.023031
0.128387
9.87972e-11
9.81037e-11
0.00846627
1.08181e-10
9.84923e-11
0.0896082
1.01261e-10
0.109139
9.83754e-11
0.0427519
9.92682e-11
0.0892612
0.0858141
9.96603e-11
1.03766e-10
0.0528048
1.11764e-10
0.097239
0.0845644
0.101888
0.0966788
0.0805602
1.00094e-10
0.00743409
1.01031e-10
0.0395218
0.0288942
0.00753858
9.96405e-11
0.0970334
9.78805e-11
9.9989e-11
9.97649e-11
1.0035e-10
0.00343775
1.0036e-10
1.00175e-10
0.0434637
0.0312892
1.0066e-10
9.96986e-11
9.95531e-11
0.0987705
1.00019e-10
0.0888865
0.00111431
9.81468e-11
9.96729e-11
9.97676e-11
0.044907
1.01178e-10
1.01472e-10
9.93215e-11
0.452739
1.0714e-10
0.0559428
9.98115e-11
0.0219338
1.37213e-10
1e-10
0.0240201
1.00032e-10
9.97798e-11
0.0907574
0.0951356
0.0997377
0.00400839
1.00106e-10
0.00226804
9.93448e-11
1.00116e-10
1.00244e-10
1.02147e-10
1.01928e-10
0.00122537
9.97038e-11
1.00105e-10
9.99238e-11
0.409628
0.00654798
9.88624e-11
0.0898723
0.0032595
9.93836e-11
0.0969
9.99362e-11
9.98778e-11
1.00574e-10
1.00106e-10
9.99007e-11
9.98162e-11
9.99604e-11
0.0313872
1.022e-10
1.00283e-10
1.00003e-10
1.00084e-10
0.0903032
1.00044e-10
9.78603e-11
0.0970272
9.81828e-11
9.93314e-11
1.29735e-10
0.0915955
9.93653e-11
9.99074e-11
0.0952164
9.98429e-11
9.98415e-11
9.97778e-11
9.98129e-11
0.0132384
0.0147623
0.0801982
9.7694e-11
0.0984892
1.00008e-10
9.97667e-11
9.94936e-11
0.096839
1.0315e-10
0.00981693
0.0815165
0.00901898
1.00119e-10
0.0492624
0.000581995
9.97467e-11
1.0318e-10
0.000344817
0.000206791
0.10135
0.0978399
0.0883452
0.0228831
9.99571e-11
0.00628997
0.00183198
9.90972e-11
1.0131e-10
0.0014136
0.0926851
1.00045e-10
9.97343e-11
9.99649e-11
0.097725
9.9712e-11
9.98843e-11
9.97922e-11
1.02365e-10
9.9815e-11
1.00147e-10
9.98638e-11
9.7882e-11
0.0926795
0.00178311
0.0879299
0.091859
1.00414e-10
0.0712775
1.00037e-10
0.0942583
9.95556e-11
0.00258458
0.0669699
9.63808e-11
9.97316e-11
9.95958e-11
0.0974446
9.98797e-11
9.98508e-11
0.0524017
0.000482413
9.99756e-11
9.9444e-11
1.00175e-10
9.9329e-11
1e-10
1.18294e-10
9.99135e-11
9.99121e-11
1.20616e-10
1.00078e-10
1.00112e-10
0.000101271
0.00415205
0.00734502
9.97856e-11
0.00166515
0.0142536
9.84346e-11
0.0982607
0.0966166
9.97345e-11
9.99635e-11
1.00182e-10
1e-10
9.98812e-11
9.7337e-11
0.00858646
1.00038e-10
9.98916e-11
0.096874
0.166876
9.98563e-11
0.0924533
1.00019e-10
1.00254e-10
9.97604e-11
1.00072e-10
9.98365e-11
9.99855e-11
1.00006e-10
0.0950671
0.098436
0.000228242
0.0974032
1.0001e-10
9.98157e-11
1.00124e-10
9.88375e-11
9.99062e-11
1.00039e-10
1.12047e-10
0.0380218
0.0940823
1.00279e-10
1.00252e-10
1.00255e-10
1.00062e-10
9.98367e-11
0.0992723
0.0914467
1.00036e-10
0.0109157
0.0119563
9.95798e-11
9.97548e-11
9.94275e-11
9.95653e-11
1.00162e-10
9.95273e-11
1.00006e-10
9.74869e-11
1.00001e-10
1.00896e-10
0.0952228
9.97658e-11
9.77483e-11
9.94513e-11
1.00086e-10
1.00154e-10
0.00138988
0.00182311
0.002048
0.00544102
1.00114e-10
1.00199e-10
0.0945384
1.00048e-10
0.0168813
0.000463024
0.00142387
1.00368e-10
1.00171e-10
1.00644e-10
0.0881666
9.98952e-11
0.0263797
0.0365677
0.0225509
0.0962099
1.03384e-10
9.99937e-11
1.00229e-10
9.99278e-11
1.0017e-10
0.00342977
1.00131e-10
9.95514e-11
0.00875839
0.0979197
0.0517315
1e-10
0.0979593
9.77744e-11
1.00232e-10
0.0989982
9.98758e-11
0.00699589
1.00029e-10
0.095628
0.0959349
1e-10
0.0983198
1.00032e-10
9.79745e-11
1.04193e-10
1.0003e-10
1.00082e-10
1.00229e-10
0.0309485
0.1
0.0972855
0.1
0.0982717
0.0991593
0.1
9.9562e-11
0.1
0.0985662
0.1
0.0937752
1.07245e-10
0.0990435
0.00088963
1.00106e-10
1.00161e-10
0.00869472
9.99696e-11
0.0989008
1.00251e-10
0.00580015
1.10192e-10
0.00587942
0.00426149
1.00548e-10
0.0033363
1.01322e-10
1.00215e-10
1.00256e-10
1.00023e-10
0.096443
0.074139
0.0998263
0.0980488
1.00007e-10
0.00152807
1.00246e-10
0.0957858
1.00084e-10
9.98595e-11
1.00466e-10
1.00013e-10
1.00532e-10
1.00006e-10
1e-10
9.99145e-11
1.01679e-10
1.0041e-10
0.00338251
0.0258543
0.0984622
9.99479e-11
1.00016e-10
9.98318e-11
9.92642e-11
0.1
0.0069867
1.00327e-10
0.0975551
0.0835139
0.1
0.099831
0.0931595
0.1
1.00234e-10
0.0937132
0.0979394
0.1
0.0978994
0.0994496
0.1
0.1
0.1
0.1
0.0981834
0.0949529
0.0984103
0.0966209
0.097683
0.0999258
0.0986614
0.0960897
0.0981297
0.0999552
0.0981056
0.0966261
0.1
0.0998556
0.097998
0.0968631
0.0967542
0.0737715
0.0975269
0.098843
0.0997632
0.1
0.0788233
0.0960061
0.0994763
0.0999562
0.1
0.0949991
0.0961268
0.1
0.099991
0.0956936
0.0954316
0.0928827
1.00605e-10
1.00106e-10
1.00279e-10
0.0963109
0.099936
1.00313e-10
1.00072e-10
0.000187081
0.0923399
0.1
0.1
0.081672
0.0819158
1e-10
1.00219e-10
1.00221e-10
1.00132e-10
1.04439e-10
9.72968e-11
9.98307e-11
9.99998e-11
9.94873e-11
9.93521e-11
9.96444e-11
1.00162e-10
9.80109e-11
1.00166e-10
9.99198e-11
1.00108e-10
1.00155e-10
0.0872805
1.00161e-10
0.00490707
0.00527837
0.0992537
1.03247e-10
0.0951263
0.0448309
0.0929361
1.00375e-10
0.0983486
1.00087e-10
9.99772e-11
1.00069e-10
0.320936
0.579544
0.683366
0.407168
0.369823
0.68869
0.646479
0.604614
0.608906
0.402338
0.522995
0.589506
0.650284
0.65693
0.412905
0.186691
0.537985
0.633714
0.457703
0.3765
0.193598
0.580309
0.46325
0.573752
0.230844
0.0252853
0.498938
0.372573
0.546479
0.516583
0.561495
0.361992
0.500517
0.000507893
0.052765
0.191057
0.208882
0.183098
0.458597
0.493589
0.479308
0.313807
0.489861
0.446158
0.274255
0.554017
0.165745
0.499136
0.505178
0.278939
0.470397
0.400796
0.278087
0.0553035
0.62499
0.716075
0.00104653
0.00340556
1.01728e-10
0.00856295
0.0116996
1.00027e-10
1.00104e-10
0.0808684
0.0115154
0.183925
0.0987232
0.0058336
0.0120772
0.136357
0.11299
1.00204e-10
0.00629429
1.00121e-10
0.0858122
0.0939789
0.0621444
0.0888036
0.063425
1.00015e-10
9.96102e-11
0.00483757
0.0992085
0.0894181
1.00306e-10
1.00038e-10
0.0990817
0.0911081
0.0565769
9.92185e-11
0.0132453
0.0547696
9.80097e-11
1.00172e-10
1.13005e-10
0.0303581
9.90445e-11
1.00217e-10
9.71432e-11
1.00337e-10
1.00127e-10
1.02556e-10
9.91365e-11
9.96974e-11
1.00301e-10
0.00435502
1.00062e-10
9.9661e-11
0.0968426
0.0931703
0.000750806
9.9831e-11
9.79357e-11
1.14805e-10
9.8037e-11
0.101653
0.0883072
9.98777e-11
9.85095e-11
0.0865636
0.00734421
9.89542e-11
0.11081
0.020827
0.0980347
0.0540116
0.0516041
0.0940172
0.105121
0.0502737
0.258815
0.167956
0.196859
9.90572e-11
0.0775394
0.0971103
9.6296e-11
0.0402338
0.0434141
0.130215
0.0765016
0.102172
0.0887539
0.0742082
0.0946075
0.106609
0.16904
1.00626e-10
9.88189e-11
0.497712
0.110525
0.136925
0.163255
0.00313157
0.188422
0.156774
0.0584838
0.155009
0.13787
1.00451e-10
0.0390008
0.0829277
0.0810579
0.0297255
0.0954669
0.140213
0.0991042
0.1207
0.100634
0.0984743
0.116733
0.0918397
0.0429767
0.145633
0.156105
0.197624
0.00309711
0.0944647
0.0990471
0.0974609
0.0979656
0.127113
0.00352547
0.133081
0.112463
0.09609
0.104681
0.0540034
0.105995
0.112525
0.323324
0.165874
0.261038
0.0893212
0.0695039
0.272956
0.250921
0.344707
0.167403
0.300238
0.281313
0.234473
0.210042
1.0309e-10
0.168157
0.231349
0.312127
0.0948427
0.00351201
0.055059
1.01632e-10
0.198176
0.325761
0.396818
0.0827202
0.205597
0.0642
0.29164
0.234006
0.379269
0.280911
0.314282
0.286458
0.248709
0.33356
0.256524
0.345996
0.124339
0.167994
0.300593
0.196389
0.149513
0.23966
0.124077
0.00438519
0.308764
0.280574
0.407613
0.325286
0.277821
0.454801
0.5719
0.384592
0.448379
0.553158
0.316303
0.284427
0.23476
0.388618
0.281994
0.403659
0.274227
0.192296
0.426727
0.371583
0.181004
0.424686
0.437852
0.244182
0.457368
0.297437
0.532153
0.189586
0.384227
0.304493
0.430958
0.172987
0.224635
0.308092
0.312425
0.292322
0.224753
0.213699
0.322191
0.178673
0.368633
0.193279
0.366888
0.257567
0.30476
0.29246
0.066684
0.00248474
9.31911e-11
0.0645124
0.224208
0.110475
0.204106
0.290633
0.273084
0.0901352
0.362923
0.233016
0.289665
0.184833
0.165168
0.0882731
0.271663
0.278981
0.545229
0.353155
0.0784101
0.405525
0.171077
9.55705e-11
0.186522
0.242525
0.217856
0.173681
0.085822
0.175597
9.66414e-11
0.149412
0.0774751
0.260034
0.187604
0.221444
0.231003
0.214929
0.203745
0.185225
0.509892
0.241028
0.360213
0.191131
0.251563
0.130818
0.338199
0.183724
0.371227
0.317426
0.276279
0.188086
0.270468
0.202095
0.174461
0.380573
0.272565
0.268877
9.98381e-11
9.99989e-11
1.00454e-10
1.0237e-10
0.112323
0.0445413
0.254609
0.228123
0.267532
0.20124
0.31832
0.186169
0.218721
0.010081
0.00071758
9.89096e-11
0.360018
0.504076
0.523506
0.576761
0.0203975
0.000150632
0.0153404
0.32506
0.105406
0.106672
0.137385
0.042029
0.232467
0.167987
9.99826e-11
0.00123751
1.00145e-10
9.98879e-11
1.00007e-10
0.00620966
1.00283e-10
9.95683e-11
0.00419348
9.98323e-11
0.0332475
1.4166e-05
1.00024e-10
0.0102071
0.159537
0.00620367
0.0996085
0.23918
9.89773e-11
0.00213036
1.00015e-10
1.00183e-10
1.03256e-10
1.00192e-10
9.97738e-11
0.00281323
0.114803
0.158792
0.170859
0.15986
9.73046e-11
9.99661e-11
0.00705075
0.00833413
0.083694
0.0422302
0.0798281
0.0949273
0.061108
0.121122
