1.01069e-10
1.12082e-10
8.94806e-11
1.05516e-10
0.0400974
1.00708e-10
1.11266e-10
1.02919e-10
9.90454e-11
1.03791e-10
9.96221e-11
1.06278e-10
1.09358e-10
9.99776e-11
9.93344e-11
9.90107e-11
1.14301e-10
9.89863e-11
1e-10
8.96763e-11
9.93121e-11
1.00526e-10
1.07065e-10
1.05576e-10
1.45333e-10
9.7213e-11
9.88878e-11
9.7098e-11
0.000457787
1.00768e-10
1.01345e-10
9.8891e-11
0.27638
1.02308e-10
1.12903e-10
9.7565e-11
1.01905e-10
1.04109e-10
9.66288e-11
1.16941e-10
8.3644e-11
9.74593e-11
1.02945e-10
1.03503e-10
1.10796e-10
1.03144e-10
9.46582e-11
1.75034e-10
9.50999e-11
1.36446e-10
1.02641e-10
9.53304e-11
9.61203e-11
9.97409e-11
9.65437e-11
1.03404e-10
1.00411e-10
1.03482e-10
1.22342e-10
1.00924e-10
1.01027e-10
9.86966e-11
9.97559e-11
9.74528e-11
9.66595e-11
9.64236e-11
9.54223e-11
1.85304e-10
1.05976e-10
9.90677e-11
1.07191e-10
9.60717e-11
9.34368e-11
1.06888e-10
1.00165e-10
1.00162e-10
1.02099e-10
9.971e-11
1.02528e-10
1.04213e-10
1.11956e-10
1.01585e-10
1.06689e-10
9.22043e-11
9.88798e-11
9.43302e-11
9.70407e-11
1.01086e-10
9.75577e-11
9.83725e-11
9.31592e-11
1.01084e-10
9.99893e-11
1.0078e-10
9.15339e-11
9.50941e-11
1.05657e-10
1.00509e-10
1.0295e-10
1.00358e-10
1.00769e-10
9.8424e-11
9.85163e-11
1.01874e-10
9.833e-11
1.13573e-10
1.0853e-10
9.21092e-11
2.63559e-10
1.02446e-10
0.00457101
9.68665e-11
1.01483e-10
9.68577e-11
0.0972722
0.127864
1.01196e-10
9.42998e-11
9.96728e-11
9.58681e-11
1.44159e-10
9.94658e-11
9.81464e-11
9.79473e-11
1.00485e-10
1.02447e-10
0.00243819
1.01029e-10
8.93015e-11
1.03076e-10
9.66524e-11
9.94925e-11
9.82157e-11
1.05283e-10
9.96927e-11
1.01344e-10
1.0073e-10
7.82861e-11
9.45822e-11
9.95157e-11
9.98077e-11
1.01183e-10
9.64785e-11
9.7396e-11
9.96933e-11
1.33011e-10
9.9909e-11
9.76178e-11
1.0103e-10
0.0569832
1.14059e-10
1.07609e-10
1.02383e-10
0.0082361
1.00347e-10
1.05962e-10
9.8394e-11
9.50297e-11
1.00062e-10
1.00846e-10
9.7779e-11
9.79409e-11
1e-10
9.60046e-11
9.69507e-11
1.01797e-10
1.04512e-10
1.04948e-10
1.00183e-10
1.00504e-10
1.2381e-10
9.92784e-11
1.00162e-10
1.08548e-10
1.00252e-10
0.0335076
0.0772623
1.00682e-10
9.97289e-11
0.101471
1.01305e-10
1.24378e-10
9.04436e-11
1.80733e-10
1.04285e-10
1.0506e-10
9.48603e-11
1.02814e-10
1.04781e-10
1.56043e-10
1.03319e-10
1.66429e-10
1.01809e-10
9.83809e-11
1.00798e-10
9.9105e-11
1.03361e-10
9.87608e-11
1.01314e-10
9.78965e-11
1.03606e-10
1.03422e-10
9.46555e-11
9.85482e-11
1.05925e-10
1e-10
1.64065e-10
8.83849e-11
1.01365e-10
9.67029e-11
1.04363e-10
9.97884e-11
1.01615e-10
9.96595e-11
9.65316e-11
9.4992e-11
8.82129e-11
9.87126e-11
9.94683e-11
1.06245e-10
9.7095e-11
6.92332e-11
9.63356e-11
9.76627e-11
1.00579e-10
9.83881e-11
1.09471e-10
1.01135e-10
1.0351e-10
9.43665e-11
1e-10
1.00144e-10
1.0107e-10
1.00615e-10
1.01375e-10
9.10014e-11
9.78592e-11
1.02077e-10
1.02583e-10
1.0284e-10
1.1364e-10
1.01257e-10
1.0502e-10
1.03402e-10
1.26027e-10
1.012e-10
1.01247e-10
9.50134e-11
1.12557e-10
1.02528e-10
9.59826e-11
9.7765e-11
1.00777e-10
9.5664e-11
1.06116e-10
1.01898e-10
8.46399e-11
1.03237e-10
1.14024e-10
2.14266e-10
9.47209e-11
9.71372e-11
1.02198e-10
1.00595e-10
1.0167e-10
9.75768e-11
9.46513e-11
1.00312e-10
9.56698e-11
9.96944e-11
1.01571e-10
1.0111e-10
1.03592e-10
9.62328e-11
1.017e-10
9.97273e-11
1.03435e-10
1.07408e-10
1.00108e-10
9.82758e-11
1.1333e-10
1.23674e-10
9.73329e-11
9.82134e-11
1.19447e-10
1.57613e-10
1.00855e-10
7.67641e-11
1.0033e-10
1.1397e-10
1.02182e-10
1.04834e-10
9.97587e-11
9.39104e-11
1.09327e-10
9.57898e-11
8.98112e-11
9.77688e-11
1.03077e-10
1.01535e-10
9.54402e-11
9.96787e-11
9.79073e-11
9.79387e-11
9.41212e-11
1.00768e-10
9.76986e-11
9.98462e-11
1.00183e-10
9.7768e-11
9.54808e-11
9.797e-11
0.0125
1.01458e-10
9.96451e-11
9.71882e-11
9.85902e-11
1.09115e-10
9.78442e-11
9.08817e-11
1.0304e-10
9.58404e-11
1.00784e-10
1.01678e-10
1.021e-10
9.92721e-11
9.61562e-11
9.60518e-11
1.17436e-10
1.00068e-10
1.21212e-05
1.10691e-10
1.01671e-10
9.93237e-11
1.01839e-10
1.13109e-10
9.48032e-11
1.05576e-10
9.79908e-11
9.89976e-11
1.00268e-10
9.94496e-11
1.02755e-10
1.09062e-10
0.0078628
9.62915e-11
9.71482e-11
1.00638e-10
9.54093e-11
9.74499e-11
1.00748e-10
9.85851e-11
9.85544e-11
9.59498e-11
9.89584e-11
1.02484e-10
9.51357e-11
1.13072e-10
9.58396e-11
9.5202e-11
1.11047e-10
1.01481e-10
9.68634e-11
1.02661e-10
1.00693e-10
1.03318e-10
1.01434e-10
9.68939e-11
9.7973e-11
1.07512e-10
9.99591e-11
9.6664e-11
1.01475e-10
1.01694e-10
9.89334e-11
1.06135e-10
9.47554e-11
1.02943e-10
1.00109e-10
1.04128e-10
1.00697e-10
9.919e-11
9.96716e-11
9.71907e-11
1.02236e-10
1.04064e-10
1.64256e-10
1.00991e-10
9.97344e-11
9.69601e-11
9.95242e-11
9.87582e-11
1.05862e-10
1.06795e-10
9.86463e-11
1.16061e-10
9.80325e-11
1.01475e-10
9.90146e-11
9.688e-11
1.04004e-10
9.93537e-11
1.03179e-10
9.60638e-11
1.0568e-10
9.82855e-11
9.3668e-11
9.74964e-11
1.0262e-10
1.1443e-10
1.03298e-10
9.57423e-11
9.3692e-11
1.00076e-10
9.79494e-11
1.01038e-10
1.07694e-10
9.76418e-11
9.931e-11
9.99862e-11
1.03445e-10
9.42414e-11
1.01626e-10
9.83734e-11
9.92977e-11
1.00049e-10
9.97134e-11
9.44611e-11
9.43205e-11
9.71939e-11
9.83076e-11
9.98501e-11
9.15974e-11
1.02441e-10
1.03969e-10
9.0408e-11
9.68641e-11
8.93223e-11
9.61428e-11
1.01761e-10
1.15143e-10
1.11856e-10
1.05025e-10
9.93033e-11
9.40479e-11
1.07057e-10
9.95811e-11
9.83212e-11
1.03183e-10
9.74125e-11
1.01056e-10
9.91803e-11
1.03198e-10
9.94677e-11
9.79203e-11
1.08884e-10
9.6354e-11
1.118e-10
1.00301e-10
9.59441e-11
9.89524e-11
1.03835e-10
1.08039e-10
1.04414e-10
9.80288e-11
8.86711e-11
9.48592e-11
9.56566e-11
9.37821e-11
9.68296e-11
9.11928e-11
9.75948e-11
9.45001e-11
1.01764e-10
9.58732e-11
1.07265e-10
8.97678e-11
1.02923e-10
8.93752e-11
1.14158e-10
9.06672e-11
1.02451e-10
9.73263e-11
9.66381e-11
1.00372e-10
9.32633e-11
9.69253e-11
1.06854e-10
9.88503e-11
1.43984e-10
1.04305e-10
9.9649e-11
1.00034e-10
1.0224e-10
1.02258e-10
1.00404e-10
1.00586e-10
9.95876e-11
9.93274e-11
9.93183e-11
9.87779e-11
9.38267e-11
9.84122e-11
9.58054e-11
9.41822e-11
9.27817e-11
9.73673e-11
9.16632e-11
9.46507e-11
9.65539e-11
9.60406e-11
1.05404e-10
9.03781e-11
9.1364e-11
1.07501e-10
1.03345e-10
9.0549e-11
9.3755e-11
9.72226e-11
9.20483e-11
9.18535e-11
9.32655e-11
9.57377e-11
1.01558e-10
9.76786e-11
9.69124e-11
1.01382e-10
9.25628e-11
8.79242e-11
9.34746e-11
9.20483e-11
9.54813e-11
9.37458e-11
9.05008e-11
9.03778e-11
1.06829e-10
9.62678e-11
9.74847e-11
9.23763e-11
9.28943e-11
9.05336e-11
9.39985e-11
1.01829e-10
9.30519e-11
1.00282e-10
9.80824e-11
1.02023e-10
9.19654e-11
1.02332e-10
1.02377e-10
9.08304e-11
9.71744e-11
9.22386e-11
9.89523e-11
1.03108e-10
9.84745e-11
9.21126e-11
9.27663e-11
9.84905e-11
1.1393e-10
9.58362e-11
1.04463e-10
9.7806e-11
9.77919e-11
9.88896e-11
6.51974e-11
9.71227e-11
9.63553e-11
9.21258e-11
9.28315e-11
1.05552e-10
9.3871e-11
1.03128e-10
9.92528e-11
9.99679e-11
9.88992e-11
1.06261e-10
9.75633e-11
1.01158e-10
1.03655e-10
9.32939e-11
9.77426e-11
9.72588e-11
9.52389e-11
9.98303e-11
1.06211e-10
9.9621e-11
9.99478e-11
9.99069e-11
1.13394e-10
9.66605e-11
9.98843e-11
9.9808e-11
9.98311e-11
9.35409e-11
9.72081e-11
9.94819e-11
1.01427e-10
9.99539e-11
9.95212e-11
1.00073e-10
1e-10
9.31893e-11
1.00572e-10
9.93262e-11
9.44688e-11
9.97503e-11
9.99615e-11
9.87236e-11
9.9446e-11
1e-10
9.98648e-11
1e-10
9.82683e-11
1.00587e-10
1.11584e-10
1.02711e-10
1.01684e-10
9.96651e-11
9.54963e-11
9.95798e-11
1.00673e-10
9.61927e-11
1.53592e-10
9.66626e-11
1.01767e-10
1.03117e-10
1.0123e-10
9.47015e-11
9.95147e-11
9.98292e-11
1.00927e-10
1.00257e-10
1.3564e-10
9.96392e-11
9.25635e-06
9.46872e-11
0.000235925
6.93944e-11
9.91857e-11
1e-10
9.97798e-11
9.99866e-11
9.97001e-11
9.98579e-11
1.00377e-10
9.88475e-11
1e-10
9.98836e-11
9.89118e-11
1.11914e-10
1.00872e-10
9.99963e-11
9.81663e-11
1.0293e-10
9.90205e-11
9.74968e-11
9.54604e-11
9.68956e-11
9.82252e-11
9.89803e-11
9.87262e-11
1.07131e-10
1.0014e-10
1.09935e-10
1.08135e-10
9.4656e-11
9.98755e-11
1.0018e-10
9.50041e-11
9.97448e-11
9.90837e-11
1.03682e-10
1.00293e-10
9.94926e-11
9.93649e-11
9.95235e-11
1.01046e-10
9.94208e-11
1.00071e-10
9.47551e-11
1.00242e-10
1.00031e-10
9.89995e-11
9.96666e-11
9.96016e-11
1.01092e-10
1.09221e-10
9.9719e-11
9.88872e-11
1.02903e-10
1.00637e-10
1e-10
9.775e-11
9.69413e-11
9.99554e-11
1.00559e-10
1.0264e-10
9.55298e-11
9.56243e-11
9.78762e-11
9.8265e-11
9.8219e-11
9.71613e-11
9.84176e-11
9.45294e-11
9.82848e-11
9.97609e-11
9.96958e-11
1e-10
9.48113e-11
9.87173e-11
9.96319e-11
9.68675e-11
9.92533e-11
9.73987e-11
9.86247e-11
1.0514e-10
9.40848e-11
9.68342e-11
9.65908e-11
1.02016e-10
9.41062e-11
9.7429e-11
1.13296e-10
9.23213e-11
9.21438e-11
9.87196e-11
1.08446e-10
1.12247e-10
9.61181e-11
9.26191e-11
1.13234e-10
1.13255e-10
9.77178e-11
1.00659e-10
1.05317e-10
9.90677e-11
9.6802e-11
9.62242e-11
9.70278e-11
9.39515e-11
9.70391e-11
9.90349e-11
9.69439e-11
9.35297e-11
1.07214e-10
9.59607e-11
1.14407e-10
9.08158e-11
9.75184e-11
1.07181e-10
1.05801e-10
9.6361e-11
9.5688e-11
1.0406e-10
1.03509e-10
1.01479e-10
1.12415e-10
9.71954e-11
1.02362e-10
1.04947e-10
1.01425e-10
1.03528e-10
1.03094e-10
9.17746e-11
1.00586e-10
1.01409e-10
1.02635e-10
1.09851e-10
1.13624e-10
1.07444e-10
1.01863e-10
1.04441e-10
1.03945e-10
9.4639e-11
9.49092e-11
1.09292e-10
9.76275e-11
1.02777e-10
1.04432e-10
1.39943e-10
9.99553e-11
9.57633e-11
1.01242e-10
1e-10
9.82786e-11
1e-10
9.95988e-11
1.02223e-10
1e-10
1.03341e-10
9.91132e-11
1e-10
1.02475e-10
1.00061e-10
9.58795e-11
1e-10
9.94954e-11
9.99057e-11
9.89975e-11
9.73238e-11
9.48456e-11
9.80127e-11
1.00316e-10
1.00026e-10
9.99414e-11
1.00917e-10
1.03413e-10
9.87274e-11
0.0174947
1.00677e-10
9.8558e-11
9.997e-11
9.82003e-11
1.00014e-10
9.67402e-11
1.00631e-10
9.7297e-11
1.17771e-10
1.07401e-10
9.99035e-11
1.01149e-10
0.000319999
9.99869e-11
1.00086e-10
9.99211e-11
9.14595e-11
9.82504e-11
9.83151e-11
9.47477e-11
1.07368e-10
9.70203e-11
9.63903e-11
9.72169e-11
9.4074e-11
1.03901e-10
9.8455e-11
1.00708e-10
1.07016e-10
9.9036e-11
1.02292e-10
1.02148e-10
9.39055e-11
1.0591e-10
9.61012e-11
1.01167e-10
9.78009e-11
9.83831e-11
1.03779e-10
1.05814e-10
1.0343e-10
1.0169e-10
1.03615e-10
1.02491e-10
1.12118e-10
1.09683e-10
1.03034e-10
9.76242e-11
1.08036e-10
1.08615e-10
1.05158e-10
1.1438e-10
1.0205e-10
1.04431e-10
1.02236e-10
1.05793e-10
1.11181e-10
9.7205e-11
1.06271e-10
9.90866e-11
9.53808e-11
9.18251e-11
1.00317e-10
1.10109e-10
1.05791e-10
1.03272e-10
1.04752e-10
1.08241e-10
1.02425e-10
1.00257e-10
9.92487e-11
1.06534e-10
1.03206e-10
1.00442e-10
1.02321e-10
1.01384e-10
9.17636e-11
9.52874e-11
1.01967e-10
9.3015e-11
9.63508e-11
1e-10
9.91894e-11
9.35086e-11
1.03507e-10
9.79934e-11
1.00193e-10
9.40403e-11
1.07865e-10
1.21683e-10
9.42984e-11
1.11275e-10
1.05131e-10
1.04044e-10
9.77e-11
9.05894e-11
9.55073e-11
9.6139e-11
1.16261e-10
1.15634e-10
9.99692e-11
1.04371e-10
1.01058e-10
1.08852e-10
1.0143e-10
9.74608e-11
9.27708e-11
9.60219e-11
9.08201e-11
9.55052e-11
9.3874e-11
1.04199e-10
9.33516e-11
9.58565e-11
1.08841e-10
1.03633e-10
9.62512e-11
9.73052e-11
9.56613e-11
1.11064e-10
1.06581e-10
9.62604e-11
9.83842e-11
1.11702e-10
9.98582e-11
1.04275e-10
9.79306e-11
1.00253e-10
1.06457e-10
9.75939e-11
1.12795e-10
9.37516e-11
9.77742e-11
9.75661e-11
1.06619e-10
9.84194e-11
9.68096e-11
1.14053e-10
9.76313e-11
1e-10
9.42727e-11
9.95562e-11
8.82116e-11
9.77926e-11
1.03163e-10
1.02901e-10
9.67125e-11
1.01567e-10
1.0954e-10
1.08021e-10
1.03818e-10
9.81894e-11
9.56948e-11
9.40839e-11
9.15037e-11
9.5846e-11
9.72526e-11
9.69376e-11
9.79023e-11
1.07612e-10
9.63673e-11
9.58572e-11
1.07813e-10
9.74057e-11
9.58073e-11
1.06058e-10
9.4765e-11
8.79462e-11
9.68889e-11
9.55087e-11
9.61148e-11
9.56896e-11
1.01816e-10
1.09327e-10
9.61347e-11
1.0757e-10
1.21816e-10
9.55172e-11
9.92541e-11
9.64203e-11
9.52152e-11
9.56179e-11
1.0338e-10
1.17016e-10
9.92393e-11
1.07439e-10
1.07458e-10
1.15288e-10
9.73617e-11
1.29002e-10
1.01753e-10
9.52902e-11
9.38961e-11
1.01946e-10
9.62585e-11
9.72882e-11
1.00124e-10
9.8362e-11
9.31844e-11
9.70954e-11
9.3828e-11
1.0511e-10
9.2602e-11
1.05757e-10
1.01072e-10
1.15011e-10
1.01172e-10
9.94847e-11
9.41177e-11
9.75139e-11
9.6388e-11
9.31409e-11
9.04959e-11
9.80617e-11
8.37457e-11
9.956e-11
9.20897e-11
9.98116e-11
9.79222e-11
9.94095e-11
1.00057e-10
1.19019e-10
1.00884e-10
9.60817e-11
9.88302e-11
1.07797e-10
9.85376e-11
9.91201e-11
1.0002e-10
9.98604e-11
9.95221e-11
9.71717e-11
0.0624748
1e-10
1.00413e-10
9.89252e-11
9.66145e-11
9.98188e-11
9.63248e-11
1.00239e-10
9.70914e-11
9.76432e-11
1.00781e-10
0.0336126
9.95822e-11
9.85121e-11
1.00186e-10
1.77059e-10
1.07567e-10
1.01868e-10
1e-10
1.01457e-10
1.71431e-10
1.21975e-10
0.00456803
1.06962e-10
1.00415e-10
1.02794e-10
0.067953
1.0288e-10
9.04088e-11
1.04631e-10
9.48933e-11
1.02092e-10
9.69245e-11
1.02195e-10
1.01946e-10
1.02211e-10
1.00628e-10
1.01459e-10
1.02861e-10
1.01065e-10
1.01042e-10
9.67692e-11
9.75579e-11
1.0033e-10
1.12426e-10
9.79408e-11
9.85288e-11
1.0084e-10
9.78474e-11
1.03096e-10
1.01437e-10
0.000550614
9.8105e-11
1.044e-10
8.61978e-11
9.60348e-11
8.5709e-11
1.06807e-10
1.02788e-10
1.01548e-10
1.01322e-10
1.01514e-10
1.12796e-10
1.94301e-10
9.86018e-11
1.3732e-10
9.45334e-11
0.0105965
1.03198e-10
1.01387e-10
0.0714831
9.78468e-11
9.96214e-11
9.50991e-11
9.67941e-11
9.40655e-11
9.7199e-11
1.18288e-10
9.72588e-11
9.37649e-11
9.51728e-11
9.57556e-11
9.56289e-11
9.17655e-11
1.04794e-10
9.9179e-11
9.74483e-11
9.16485e-11
9.99943e-11
1.0458e-10
1.27144e-10
9.73035e-11
9.95728e-11
1.05456e-10
9.26828e-11
1.11182e-10
9.33422e-11
9.99886e-11
9.84797e-11
1.05734e-10
9.80213e-11
1.01623e-10
1.15212e-10
1.02505e-10
1.00413e-10
1.12199e-10
9.86137e-11
1.01471e-10
9.65108e-11
1.00219e-10
1.06969e-10
1.01153e-10
1.23806e-10
9.72574e-11
1.07268e-10
1.04877e-10
9.63845e-11
9.82695e-11
9.4294e-11
9.9075e-11
9.71559e-11
1.00384e-10
9.49426e-11
1.03599e-10
9.8983e-11
1.00742e-10
8.93515e-11
1.01753e-10
1.04051e-10
1.03548e-10
1.02964e-10
1.01539e-10
9.7177e-11
1.01313e-10
1.00927e-10
1.0518e-10
9.29257e-11
9.76861e-11
9.39948e-11
9.73418e-11
1.15725e-10
1.10896e-10
1.03389e-10
1.1034e-10
9.90991e-11
1.02174e-10
9.96554e-11
1.00168e-10
9.56962e-11
9.18009e-11
1.01388e-10
1.03992e-10
1.01632e-10
1.02688e-10
1.0144e-10
1.11658e-10
1.07975e-10
1.02043e-10
1.03536e-10
1.1096e-10
1.07949e-10
1.14785e-10
1e-10
1.00763e-10
1.00075e-10
1.00053e-10
9.98297e-11
0.00353344
9.88118e-11
0.0782539
9.99316e-11
1.01244e-10
9.52431e-11
1e-10
0.1
1.00049e-10
1.01168e-10
1.03355e-10
0.0170382
9.80411e-11
9.29388e-11
0.0280945
9.95288e-11
9.96848e-11
1.13756e-10
1.13062e-10
1.06751e-10
9.65981e-11
9.05991e-11
1.00279e-10
9.86359e-11
1.73332e-10
1.11425e-10
1.07102e-10
1e-10
9.02161e-11
9.61909e-11
9.99948e-11
2.77044e-10
1.06671e-10
9.63528e-11
1.09227e-10
9.8053e-11
1.09023e-10
9.4241e-11
8.77895e-11
8.77052e-11
8.65574e-11
9.68602e-11
1.04659e-10
1.73109e-10
1.03815e-10
9.42458e-11
1.18564e-10
1.01617e-10
1.18771e-10
9.87043e-11
1.12979e-10
9.97291e-11
1.06471e-10
1.10203e-10
9.69753e-11
9.67543e-11
1.01333e-10
1.09406e-10
1.02029e-10
1.0427e-10
9.9957e-11
9.54877e-11
9.80058e-11
1.00082e-10
5.41676e-11
1.00015e-10
1.07989e-10
1.00836e-10
1.08142e-10
1.01894e-10
1.01515e-10
1.0052e-10
1.05914e-10
9.28338e-11
1.00836e-10
9.88038e-11
1.72022e-10
9.64404e-11
1.01335e-10
1.00902e-10
1.00876e-10
1.02656e-10
9.74266e-11
1.02394e-10
9.60157e-11
9.75431e-11
9.95191e-11
9.84431e-11
9.97287e-11
1.32259e-10
9.63153e-11
1.29425e-10
1.02132e-10
9.67087e-11
1.04671e-10
9.97137e-11
9.86114e-11
9.31371e-11
1.01583e-10
1.02626e-10
1.05116e-10
9.60902e-11
9.86547e-11
1.04429e-10
1.02964e-10
9.43574e-11
9.76295e-11
1.17759e-10
1.01711e-10
0.0174754
1.00167e-10
9.91501e-11
1.00198e-10
1.18413e-10
1.01143e-10
1.0337e-10
1.03909e-10
9.83594e-11
1.10077e-10
9.95409e-11
9.47555e-11
9.57634e-11
1.09789e-10
9.72798e-11
9.52664e-11
0.0660455
0.0360164
0.048182
9.83356e-11
9.67932e-11
9.98532e-11
9.79824e-11
9.9894e-11
1.098e-10
1.04577e-10
9.98704e-11
9.73808e-11
1.06588e-10
9.51268e-11
1.0849e-10
9.31459e-11
1.02541e-10
9.73253e-11
9.81611e-11
9.97587e-11
1.03827e-10
9.99453e-11
1.07126e-10
1.03229e-10
1.04423e-10
9.62846e-11
9.78816e-11
1.00259e-10
1.00928e-10
1.00593e-10
1.05242e-10
9.96002e-11
9.98893e-11
1.03544e-10
1.0501e-10
1.04455e-10
9.87368e-11
1.13071e-10
1.09155e-10
1.02695e-10
9.99597e-11
1.0457e-10
1.0184e-10
9.82306e-11
9.68383e-11
1.05498e-10
9.98894e-11
9.90551e-11
1.02384e-10
1.01282e-10
1.0226e-10
9.90941e-11
1.00003e-10
1.01609e-10
9.98058e-11
1.05231e-10
1.04878e-10
9.83163e-11
1.02635e-10
1.01148e-10
1.23754e-10
1.00764e-10
9.89802e-11
1.02417e-10
1.04426e-10
1.14581e-10
1.05851e-10
1.89681e-10
8.9396e-11
1.0599e-10
0.0113552
9.38918e-11
1.04105e-10
9.97086e-11
9.87498e-11
1.14354e-10
9.74728e-11
9.81949e-11
1.00239e-10
9.88212e-11
1.0258e-10
1e-10
9.80406e-11
1.00581e-10
9.78147e-11
9.99109e-11
1.06706e-10
8.14988e-10
9.97105e-11
1.23364e-10
1e-10
9.86975e-11
1.0202e-10
9.75425e-11
1e-10
1.00382e-10
1.0256e-10
9.98299e-11
1e-10
1.01284e-10
9.79004e-11
9.99726e-11
1.00105e-10
1e-10
9.42774e-11
1.10894e-10
9.99377e-11
1.0018e-10
9.97103e-11
9.98413e-11
1.0038e-10
1.03732e-10
9.86703e-11
9.79456e-11
9.88995e-11
9.99495e-11
1.04421e-10
9.98879e-11
9.91217e-11
9.64075e-11
9.87668e-11
1.01972e-10
9.76586e-11
9.98326e-11
1.00072e-10
1.0054e-10
9.91714e-11
1.00423e-10
1.07443e-10
6.69314e-11
1.0524e-10
9.98804e-11
1.04036e-10
9.81137e-11
9.79817e-11
1.06171e-10
9.3607e-11
1.06501e-10
1.07604e-10
1.03613e-10
9.7011e-11
9.79931e-11
1.03801e-10
1.03781e-10
1.12821e-10
1.00587e-10
9.74943e-11
1.04716e-10
9.69384e-11
9.78565e-11
9.45998e-11
1.04506e-10
9.78694e-11
9.75515e-11
1.03567e-10
1.01434e-10
1.00533e-10
1.04927e-10
1.07474e-10
9.91237e-11
9.66759e-11
9.80425e-11
9.80058e-11
9.65748e-11
9.5335e-11
9.68279e-11
9.49632e-11
9.79122e-11
1.09192e-10
9.81564e-11
9.55614e-11
9.69786e-11
9.83027e-11
9.75879e-11
1.05587e-10
9.68052e-11
9.95178e-11
9.89651e-11
9.79577e-11
9.67485e-11
1.03105e-10
1.01719e-10
1.00057e-10
1.06032e-10
1.02606e-10
1.03461e-10
1.02307e-10
1.00035e-10
1.00021e-10
1.02036e-10
1.018e-10
1.01126e-10
1.00316e-10
9.11337e-11
9.54158e-11
7.31708e-11
0.0651298
1.04175e-10
1.08618e-10
9.5343e-11
0.016745
9.85358e-11
9.73764e-11
1.05555e-10
8.6681e-11
8.82224e-11
9.15123e-11
0.00486428
1.02665e-10
1.34503e-10
9.57374e-11
9.69522e-11
9.11381e-11
9.4441e-11
0.025026
0.00902425
9.60782e-11
9.77002e-11
4.18165e-10
9.91032e-11
9.51394e-11
3.19919e-09
1.41749e-10
1.55963e-10
1.57148e-10
9.82518e-11
9.53584e-11
1.8888e-10
1.13002e-10
1.14567e-10
9.96713e-11
9.882e-11
9.94752e-11
9.84719e-11
1e-10
9.89178e-11
9.96085e-11
9.92807e-11
9.92391e-11
1e-10
9.57136e-11
9.83502e-11
1.01208e-10
9.75391e-11
1.04476e-10
9.93839e-11
9.93757e-11
1.11287e-10
1.02087e-10
9.74261e-11
1.01654e-10
9.88383e-11
9.87461e-11
9.66759e-11
1.06141e-10
9.74844e-11
1.04042e-10
1.05085e-10
1.12353e-10
9.83367e-11
1.05157e-10
1.13827e-10
1.04252e-10
9.55802e-11
9.59826e-11
9.68039e-11
9.75454e-11
9.93625e-11
9.72091e-11
1.12023e-10
1.07213e-10
9.78983e-11
1.09407e-10
9.6741e-11
9.65193e-11
1.07899e-10
1.09396e-10
9.8803e-11
9.84122e-11
1.00466e-10
1.05796e-10
1.02209e-10
9.75246e-11
9.66952e-11
9.90224e-11
9.15768e-11
0.0111578
9.53438e-11
0.100347
9.64009e-11
7.53332e-11
1.04055e-10
1.02231e-10
1.02036e-10
1.0832e-10
9.48036e-11
1.01223e-10
9.81666e-11
9.57805e-11
9.77329e-11
9.71089e-11
9.4197e-11
9.87236e-11
1.12762e-10
9.58566e-11
9.82418e-11
9.85507e-11
1.0033e-10
9.43188e-11
9.45788e-11
9.81855e-11
9.33887e-11
9.72075e-11
9.18995e-11
9.14045e-11
9.70641e-11
9.65128e-11
9.64771e-11
9.53554e-11
9.79892e-11
9.497e-11
9.65297e-11
9.74263e-11
9.73075e-11
9.24271e-11
1.07351e-10
9.49104e-11
9.48671e-11
9.80481e-11
1.1736e-10
9.98267e-11
1.02145e-10
1.01271e-10
1.00984e-10
1.01892e-10
1.01318e-10
9.64901e-11
1.00614e-10
9.99859e-11
9.53706e-11
9.41161e-11
1.03589e-10
1.04311e-10
1.04095e-10
9.57482e-11
9.40591e-11
9.66271e-11
9.68023e-11
9.65626e-11
9.97e-11
1.00558e-10
1.02108e-10
1.01641e-10
9.80968e-11
1.12982e-10
1.04237e-10
1.04325e-10
9.70221e-11
1.02306e-10
1.03594e-10
9.94546e-11
1.12778e-10
9.96863e-11
9.44056e-11
1.01486e-10
9.78568e-11
9.55186e-11
9.74055e-11
9.63731e-11
1.02936e-10
1.00084e-10
9.28319e-11
9.0242e-11
0.0382525
0.0680783
0.0442185
9.74575e-11
1.03211e-10
0.0790652
0.256754
0.0109935
0.0110711
9.17644e-11
1.04501e-10
0.317659
8.85995e-11
9.65748e-11
2.09234e-10
1.32326e-10
9.2685e-11
1.00899e-10
1.01921e-10
9.70824e-11
9.9341e-11
9.92041e-11
1.09254e-10
1.01015e-10
9.78262e-11
9.26406e-11
1.01436e-10
1.08689e-10
9.43925e-11
9.82972e-11
1.0034e-10
1.05137e-10
9.91327e-11
1.17636e-10
1.08424e-10
9.89473e-11
9.99931e-11
9.62284e-11
1.02809e-10
9.90113e-11
1.10514e-10
1.04107e-10
1.01894e-10
9.90339e-11
9.65883e-11
1.00875e-10
1.00137e-10
9.68626e-11
1.02169e-10
1.0389e-10
9.36279e-11
9.75213e-11
1.01082e-10
9.86379e-11
1.017e-10
9.81553e-11
1.01656e-10
9.87278e-11
9.5326e-11
1.05836e-10
1.00568e-10
9.78273e-11
1.0153e-10
1.0227e-10
9.80928e-11
1.0491e-10
9.60243e-11
9.62125e-11
1.02852e-10
9.93721e-11
1.01899e-10
1.02391e-10
9.71766e-11
9.3795e-11
1.03722e-10
9.92569e-11
1.08228e-10
1.01597e-10
1.01964e-10
1.02752e-10
9.28151e-11
1.05286e-10
1.00895e-10
1.02065e-10
9.42251e-11
1.03245e-10
9.4149e-11
1.0359e-10
1.03398e-10
1.00393e-10
1.00715e-10
1.07252e-10
9.80536e-11
1.02995e-10
9.56082e-11
1.05018e-10
9.65091e-11
1.01627e-10
9.6186e-11
9.73855e-11
1.08721e-10
9.9881e-11
9.47149e-11
1.03204e-10
9.44121e-11
9.99384e-11
1.04765e-10
9.57405e-11
1.01335e-10
1.00726e-10
9.08344e-11
9.74827e-11
9.90906e-11
1.00901e-10
9.93377e-11
9.66661e-11
9.59653e-11
9.83425e-11
9.79784e-11
9.65175e-11
1.0074e-10
1.01781e-10
9.84098e-11
1.00738e-10
9.97737e-11
1.00348e-10
9.90671e-11
1.00044e-10
9.52064e-11
9.76207e-11
1.07077e-10
1.01295e-10
1.02409e-10
1.02858e-10
1.02766e-10
1.08561e-10
1.0353e-10
9.89738e-11
9.96109e-11
9.89999e-11
9.25226e-11
9.97075e-11
9.67851e-11
9.98909e-11
9.97548e-11
1.00305e-10
9.4327e-11
1.00289e-10
1.00933e-10
1.04575e-10
1.12207e-10
9.98514e-11
1.00463e-10
1.00338e-10
9.98975e-11
9.77859e-11
1.00653e-10
9.95674e-11
1.02677e-10
1.01106e-10
9.95754e-11
1.02892e-10
9.62166e-11
1.00333e-10
1.01099e-10
1.02083e-10
1.03277e-10
1.02584e-10
1.04084e-10
9.88105e-11
9.99683e-11
1.02968e-10
9.67064e-11
1.04771e-10
9.79868e-11
9.60869e-11
9.55017e-11
1.00021e-10
9.66055e-11
9.72166e-11
9.68123e-11
1.01451e-10
0.000637156
0.0255552
0.0660456
9.35187e-11
9.44222e-11
9.50117e-11
9.95819e-11
9.96803e-11
9.99359e-11
9.58838e-11
9.69329e-11
9.80801e-11
0.0627359
0.0470469
0.0594253
0.148652
0.122863
0.0632452
1.05983e-10
1.02312e-10
9.82141e-11
9.95889e-11
1.09131e-10
1.10211e-10
1.04224e-10
9.75065e-11
9.81048e-11
9.89896e-11
9.86766e-11
1.03536e-10
9.40914e-11
1.07486e-10
1.06001e-10
1.06568e-10
9.91536e-11
9.8376e-11
9.90391e-11
1.0351e-10
9.94657e-11
1.00502e-10
1.01001e-10
1.05171e-10
9.99546e-11
1.05492e-10
9.91924e-11
9.83248e-11
1.01276e-10
9.60687e-11
1.02127e-10
1.02739e-10
1.02364e-10
9.98982e-11
9.11205e-11
1.05457e-10
9.98884e-11
1.00312e-10
1.00064e-10
9.45374e-11
9.97368e-11
1.01714e-10
9.17247e-11
9.11648e-11
9.50224e-11
9.91751e-11
9.95956e-11
9.27162e-11
9.75778e-11
9.34384e-11
9.52886e-11
9.9914e-11
9.56525e-11
8.88765e-11
1.13018e-10
8.74905e-11
9.2351e-11
9.89635e-11
1.05487e-10
9.80098e-11
1.01535e-10
1.02122e-10
1.00078e-10
1.01786e-10
1.02737e-10
9.97035e-11
9.94132e-11
1.01342e-10
9.86573e-11
1.02032e-10
1.00423e-10
1.03197e-10
1.07714e-10
9.76913e-11
9.45433e-11
9.94606e-11
9.48765e-11
1.12881e-10
9.67836e-11
1.02709e-10
9.9129e-11
9.90883e-11
9.97787e-11
9.94276e-11
9.62306e-11
9.99146e-11
1.01367e-10
1.02266e-10
1.15629e-10
9.86357e-11
1.03185e-10
9.69429e-11
9.80468e-11
9.92075e-11
9.62721e-11
9.47587e-11
9.67627e-11
9.76095e-11
9.15559e-11
9.5715e-11
9.92512e-11
9.94476e-11
9.80545e-11
9.46082e-11
9.99882e-11
9.85397e-11
9.34755e-11
9.34945e-11
9.96831e-11
9.66777e-11
9.87377e-11
1.08332e-10
1.09364e-10
0.073529
9.92356e-11
9.83461e-11
0.0104133
0.00378158
0.0459044
0.00547138
1.03231e-10
1.05937e-10
9.25726e-11
1.03966e-10
1.04281e-10
1.00768e-10
1.07436e-10
9.90034e-11
1.01016e-10
1.04102e-10
9.97534e-11
1.0343e-10
2.12429e-10
1.09572e-10
1.00498e-10
1.0635e-10
9.67589e-11
9.66404e-11
9.92116e-11
9.95012e-11
1.0076e-10
9.87187e-11
9.59609e-11
1.08554e-10
9.98023e-11
1.01329e-10
8.50111e-11
9.441e-11
1.04958e-10
1.01328e-10
9.88631e-11
9.22715e-11
9.64945e-11
8.99268e-11
1.031e-10
1.03001e-10
9.87e-11
1.01216e-10
1.13459e-10
1.00118e-10
1.0164e-10
1.02849e-10
1.0189e-10
1.02403e-10
1.04645e-10
1.06633e-10
1.00329e-10
1.02624e-10
9.95769e-11
1.0088e-10
1.01675e-10
9.86943e-11
9.9866e-11
9.92128e-11
9.53696e-11
9.80785e-11
9.84513e-11
9.5392e-11
9.21276e-11
1.11619e-10
1.0936e-10
9.49993e-11
9.92625e-11
9.73089e-11
9.53149e-11
1.04029e-10
9.97726e-11
9.45733e-11
9.78606e-11
9.53939e-11
1.01825e-10
9.54107e-11
1.02227e-10
1.09288e-10
9.94685e-11
9.85847e-11
9.75727e-11
9.72634e-11
1.14219e-10
9.48508e-11
9.67841e-11
9.55886e-11
9.77615e-11
9.55045e-11
1.0109e-10
9.71705e-11
9.82949e-11
8.99468e-11
0.0106016
0.0767426
9.98753e-11
9.93361e-11
1.00729e-10
1.02773e-10
1.01192e-10
9.61209e-11
0.016177
9.71659e-11
1.08697e-10
1.01069e-10
1.00635e-10
1.00308e-10
1.12866e-10
1.05349e-10
1.03121e-10
9.91893e-11
1.02861e-10
9.71191e-11
1.0118e-10
1.00363e-10
1.01436e-10
1.02368e-10
9.6053e-11
9.85648e-11
1.01344e-10
1.09705e-10
1.04761e-10
1.01742e-10
1.12054e-10
9.40544e-11
1.05954e-10
1.04012e-10
1.01837e-10
9.95208e-11
9.87139e-11
1.03909e-10
1.0036e-10
9.69277e-11
9.75324e-11
1.07248e-10
9.6847e-11
1.01734e-10
1.04093e-10
9.57652e-11
9.44802e-11
9.96029e-11
9.63044e-11
1.08776e-10
1.05352e-10
9.57802e-11
9.45273e-11
9.50227e-11
1.08027e-10
9.74012e-11
9.6969e-11
1.04274e-10
1.1659e-10
1.02816e-10
1.14961e-10
1.01192e-10
1.0276e-10
1.03392e-10
9.52474e-11
1.00218e-10
9.92202e-11
9.93841e-11
9.67792e-11
9.926e-11
1.04443e-10
1.14613e-10
1.05627e-10
1.00229e-10
9.97489e-11
9.8552e-11
1.04737e-10
1.02986e-10
1.01325e-10
9.54281e-11
1.00386e-10
1.00715e-10
1.0073e-10
9.84717e-11
1.00617e-10
1.01991e-10
9.92043e-11
1.0101e-10
9.76955e-11
9.68863e-11
1.09075e-10
1.02693e-10
1.03803e-10
1.03867e-10
1.0364e-10
9.77955e-11
9.61992e-11
9.7415e-11
9.80804e-11
9.56353e-11
9.36688e-11
9.66584e-11
9.24952e-11
9.82309e-11
9.76996e-11
9.68262e-11
1.02477e-10
9.84447e-11
1.02595e-10
9.87145e-11
1.04409e-10
9.55619e-11
1.01038e-10
1.08676e-10
1.00456e-10
9.86074e-11
1.07742e-10
1.02703e-10
9.7448e-11
9.86573e-11
1.0045e-10
1.00905e-10
0.174537
0.370684
0.244212
0.041205
0.200986
0.157276
9.81289e-11
9.83629e-11
1.01936e-10
9.55893e-11
9.99439e-11
9.92109e-11
9.84101e-11
1.00512e-10
8.8953e-11
1.01467e-10
9.94819e-11
1.02219e-10
9.64259e-11
9.63197e-11
1.07078e-10
9.7469e-11
1.10986e-10
1.02165e-10
9.44454e-11
1.08737e-10
1.02427e-10
1.00827e-10
9.84828e-11
1.07401e-10
1.02955e-10
1.05226e-10
1.1984e-10
1.07939e-10
1.1132e-10
9.81063e-11
1.02239e-10
9.55211e-11
1.05227e-10
9.5761e-11
1.03971e-10
1.07194e-10
9.80984e-11
1.06449e-10
1.01407e-10
9.60127e-11
9.47298e-11
9.68317e-11
1.06141e-10
9.6789e-11
9.54429e-11
9.40005e-11
9.87121e-11
9.52301e-11
9.5203e-11
8.91299e-11
1.00878e-10
1.04316e-10
1.08308e-10
1.20607e-10
9.62588e-11
9.92153e-11
9.7111e-11
9.55247e-11
9.71693e-11
9.53174e-11
9.47498e-11
9.85328e-11
1.76536e-10
1.00183e-10
9.45357e-11
9.32614e-11
9.30367e-11
9.79979e-11
9.50786e-11
1.04563e-10
9.18333e-11
0.000299062
9.45292e-11
1.09506e-10
9.38627e-11
9.89026e-11
1.07318e-10
1.04272e-10
9.73806e-11
9.50759e-11
9.40778e-11
1.05952e-10
1.02308e-10
8.84063e-11
1.05411e-10
9.8597e-11
1.08958e-10
9.34917e-11
9.73538e-11
9.61648e-11
1.0985e-10
8.82697e-11
9.44961e-11
9.19196e-11
9.43425e-11
1.12886e-10
1.15487e-10
9.60356e-11
1.13604e-10
9.70625e-11
1.04294e-10
9.16405e-11
9.78916e-11
1e-10
9.54353e-11
1.00347e-10
9.91782e-11
9.5662e-11
9.74016e-11
1.06817e-10
9.75942e-11
9.59956e-11
9.77713e-11
9.544e-11
9.52967e-11
1.23266e-10
9.90827e-11
9.80413e-11
9.32762e-11
9.53601e-11
9.57504e-11
9.93712e-11
1.06541e-10
9.5379e-11
9.5665e-11
9.54605e-11
9.19065e-11
9.95157e-11
1.0029e-10
1.0871e-10
9.9139e-11
9.52798e-11
9.88872e-11
9.91609e-11
1.01888e-10
9.86481e-11
9.84044e-11
1.09805e-10
1.03451e-10
9.34211e-11
9.21713e-11
9.6873e-11
9.26236e-11
9.104e-11
1.01235e-10
1.00434e-10
1.04159e-10
9.08724e-11
1.05772e-10
1.06643e-10
1.15947e-10
1.1107e-10
1.10495e-10
9.02454e-11
1e-10
9.65991e-11
1.03516e-10
9.84542e-11
1.00996e-10
9.98355e-11
1.07194e-10
1.00833e-10
1.04064e-10
1.00672e-10
1.03703e-10
1.312e-10
1.01098e-10
1.05587e-10
9.90771e-11
1.0087e-10
1.0008e-10
1.01433e-10
1.03229e-10
1.01074e-10
9.99168e-11
1.14745e-10
9.91512e-11
9.98088e-11
9.40235e-11
9.97464e-11
1.01857e-10
1.0215e-10
1.05676e-10
1.05181e-10
9.32112e-11
9.80692e-11
9.98648e-11
9.91099e-11
9.99066e-11
1.13957e-10
9.88547e-11
9.78557e-11
1.01642e-10
1.01985e-10
1.04723e-10
1.03769e-10
1.00818e-10
1.02202e-10
9.94069e-11
1.0588e-10
1.06164e-10
1.03444e-10
1.01974e-10
1.08164e-10
1.00462e-10
9.60661e-11
1.15417e-10
9.8499e-11
9.81542e-11
9.25312e-11
9.87001e-11
9.87243e-11
1.01213e-10
9.60331e-11
1.01813e-10
1.0357e-10
9.27788e-11
9.5692e-11
9.63755e-11
9.72751e-11
9.75108e-11
9.91617e-11
1.00015e-10
9.88068e-11
1.18519e-10
1.63646e-10
1.00988e-10
9.67727e-11
9.54392e-11
9.41354e-11
9.49195e-11
9.84737e-11
9.49443e-11
9.63016e-11
9.64485e-11
9.64384e-11
9.65667e-11
9.52437e-11
1.1428e-10
9.65719e-11
9.77014e-11
9.59614e-11
9.77297e-11
9.72474e-11
9.65383e-11
9.63461e-11
1.01668e-10
9.79843e-11
9.87671e-11
9.16266e-11
9.72298e-11
9.55356e-11
9.83002e-11
1.03079e-10
9.79099e-11
9.51407e-11
9.41928e-11
9.20372e-11
9.8053e-11
9.67807e-11
9.80487e-11
9.84358e-11
9.73871e-11
9.1194e-11
9.77991e-11
9.85896e-11
9.8549e-11
9.92931e-11
9.51923e-11
1.13267e-10
1.08218e-10
9.19385e-11
9.5253e-11
9.78667e-11
9.05748e-11
1.04462e-10
1.03399e-10
9.91911e-11
9.27806e-11
1.56313e-10
9.58033e-11
9.47652e-11
9.7435e-11
9.61747e-11
9.86618e-11
1.09647e-10
9.46427e-11
9.50193e-11
9.39307e-11
9.9775e-11
9.54835e-11
1.01568e-10
9.60029e-11
1.00752e-10
2.56608e-10
9.45433e-11
1.02912e-10
9.88133e-11
1.05551e-10
9.49085e-11
9.87177e-11
1.85639e-10
1.04281e-10
1.04705e-10
9.9897e-11
1.06461e-10
1.00334e-10
1.02897e-10
9.9414e-11
1.00632e-10
1.09339e-10
1.08095e-10
9.61476e-11
9.64556e-11
9.81889e-11
9.99235e-11
1e-10
9.94688e-11
1.02857e-10
9.60959e-11
9.90829e-11
9.94147e-11
1e-10
1e-10
9.78352e-11
9.99876e-11
9.77832e-11
9.9654e-11
1.00046e-10
1.00042e-10
9.91302e-11
1.0587e-10
1.01167e-10
1.02513e-10
1.00019e-10
1e-10
9.96734e-11
9.99046e-11
9.98431e-11
1.11673e-10
9.99513e-11
1.08282e-10
1.01945e-10
9.9948e-11
9.69592e-11
9.9991e-11
9.75187e-11
1.15504e-10
6.31731e-11
1.0159e-10
1.00618e-10
1.28698e-10
1.0621e-10
9.9919e-11
9.63058e-11
1.04319e-10
1.06022e-10
9.85931e-11
9.81109e-11
9.66455e-11
9.67315e-11
1.02477e-10
9.67434e-11
9.6812e-11
1.06349e-10
7.16932e-11
1.10902e-10
2.03578e-10
1.06557e-10
1.02542e-10
9.20131e-11
9.98291e-11
9.04694e-11
1.05766e-10
9.9275e-11
9.74719e-11
8.93003e-11
1.18056e-10
1.07299e-10
1.08333e-10
9.71959e-11
7.22247e-11
1.00081e-10
9.97759e-11
9.70457e-11
1.00708e-10
9.61943e-11
9.76811e-11
1.28023e-10
9.99282e-11
9.78878e-11
1.00005e-10
9.62385e-11
9.05487e-11
6.31967e-11
1.01531e-10
1.13176e-10
1.02117e-10
9.99959e-11
9.97375e-11
1.0055e-10
9.96045e-11
1.05331e-10
1e-10
9.8678e-11
9.98792e-11
1.00466e-10
9.98314e-11
1.01724e-10
9.842e-11
1.00135e-10
1e-10
9.83681e-11
1.36637e-10
1.05502e-10
1.08434e-10
9.91013e-11
1.02724e-10
1.0024e-10
1.00054e-10
9.86563e-11
1.06406e-10
9.95e-11
9.9378e-11
9.82474e-11
1.00064e-10
9.75395e-11
1.00579e-10
1.00516e-10
1e-10
1e-10
1.01216e-10
9.56656e-11
1.00542e-10
1.01955e-10
1e-10
9.74293e-11
1.01977e-10
9.84874e-11
9.91701e-11
1e-10
1.00111e-10
1.00803e-10
9.98334e-11
9.88898e-11
9.9456e-11
9.7138e-11
9.28007e-11
1.00049e-10
9.76131e-11
1.01347e-10
1.07867e-10
9.86833e-11
9.70097e-11
9.10419e-11
1.00013e-10
1.04989e-10
9.85088e-11
9.62127e-11
1.0189e-10
1.00553e-10
1.00163e-10
9.834e-11
9.95367e-11
9.83346e-11
1.05668e-10
1.03144e-10
9.98604e-11
1.0341e-10
9.80667e-11
9.9079e-11
9.98361e-11
9.96036e-11
9.65794e-11
1.0105e-10
1.00381e-10
1.00407e-10
1.00229e-10
9.99263e-11
1.10981e-10
9.78515e-11
1.00524e-10
1.00072e-10
1.00626e-10
9.87342e-11
1.03208e-10
9.94195e-11
1.00203e-10
9.77409e-11
9.94741e-11
9.99124e-11
9.87089e-11
9.47251e-11
8.95587e-11
1.0137e-10
9.9353e-11
9.53805e-11
9.74607e-11
9.7367e-11
9.52942e-11
1.05268e-10
1e-10
9.97154e-11
8.59044e-11
9.94768e-11
1.01702e-10
1.01262e-10
9.89542e-11
1.04384e-10
1.0426e-10
9.40237e-11
1.02895e-10
1.03887e-10
9.68929e-11
1.03333e-10
1.00538e-10
1.01979e-10
9.9464e-11
9.72601e-11
9.96885e-11
9.82013e-11
1.00572e-10
1.16099e-10
1.00262e-10
1.02166e-10
9.70077e-11
1.0326e-10
1.00142e-10
1.02604e-10
1.05846e-10
9.67738e-11
1.03774e-10
1.01281e-10
1.06268e-10
1.05321e-10
1.03578e-10
1.16265e-10
1.01046e-10
1.04493e-10
1.02707e-10
1.0423e-10
9.99026e-11
9.86888e-11
1.03828e-10
1.03592e-10
9.86976e-11
1.0021e-10
1.02825e-10
1.01987e-10
1.03211e-10
1.01812e-10
1.00734e-10
1.04509e-10
1.08001e-10
1.02023e-10
9.74053e-11
1.06058e-10
9.75133e-11
1.05975e-10
1.09586e-10
1.04431e-10
9.79505e-11
1.01489e-10
1.06248e-10
1.00444e-10
1.00062e-10
1.13193e-10
1.01486e-10
1.05965e-10
1.01347e-10
9.93745e-11
1.03522e-10
1.01853e-10
1.04064e-10
9.70204e-11
1.00599e-10
1.21023e-10
1.03666e-10
1.01528e-10
1.03985e-10
1.0473e-10
1.03649e-10
1.04443e-10
0.000850259
1.00213e-10
1.21042e-10
9.97892e-11
1.15294e-10
3.8485e-10
1.01088e-10
1.02333e-10
1.08413e-10
9.95594e-11
1.09327e-10
1.01643e-10
1.09353e-10
0.0125
9.85098e-11
1.05468e-10
9.54353e-11
1.03323e-10
1.03381e-10
1.316e-10
1.00392e-10
1.01689e-10
1.11939e-10
1.16897e-10
1.1128e-10
1.10135e-10
1.07107e-10
1.09226e-10
1.27371e-10
1.10037e-10
1.06141e-10
9.87729e-11
1.63414e-10
1.06511e-10
1.05561e-10
1.01369e-10
1.03154e-10
1.0831e-10
1.00208e-10
9.46608e-11
1.01471e-10
1.02289e-10
9.67336e-11
1.01148e-10
9.38475e-11
1.01562e-10
1.03004e-10
1.0123e-10
1.0318e-10
1.01341e-10
1.04612e-10
1.06046e-10
8.34891e-11
1.10797e-10
1.23273e-10
9.79155e-11
1.12627e-10
5.23461e-10
1.01396e-10
9.41642e-11
9.20845e-11
1.72409e-10
5.26005e-10
8.29528e-11
1.01331e-10
9.51513e-11
9.69928e-11
1.08743e-10
1.01753e-10
1.10136e-10
8.1221e-11
1.1266e-10
8.41072e-11
1.64418e-10
9.95564e-11
1.11693e-10
9.79521e-11
1.00432e-10
8.42536e-11
1.11464e-10
1.04476e-10
1.04528e-10
1.0103e-10
9.20361e-11
9.96604e-11
1.00046e-10
1e-10
9.8363e-11
1.07416e-10
1.18187e-10
1.62007e-08
1.10599e-10
1.99763e-10
1.2529e-10
1.00161e-10
1.04469e-10
1.00843e-10
6.97883e-10
1.03056e-10
9.11775e-11
9.97528e-11
5.80632e-11
1.0018e-10
7.79765e-11
9.96028e-11
1e-10
9.83773e-11
1.03015e-10
9.60523e-11
1.05649e-10
1.00674e-10
9.8799e-11
9.99856e-11
1.00764e-10
5.10101e-11
1.00375e-10
1.26632e-10
1.03609e-10
9.80686e-11
9.436e-11
9.13101e-11
1.006e-10
9.98174e-11
1.12843e-10
9.59528e-11
9.94784e-11
1.02828e-10
9.97074e-11
8.88112e-11
9.0676e-11
4.78822e-11
1.09155e-10
1.04942e-10
1.0183e-10
1.07786e-10
1e-10
1.30469e-10
0.0125
1.22804e-10
9.96738e-11
1.05263e-10
1.02216e-10
9.84523e-11
9.44371e-11
9.83457e-11
9.69872e-11
9.86859e-11
9.83564e-11
9.67797e-11
9.5382e-11
9.82934e-11
9.47992e-11
1.04038e-10
0.000613179
9.74511e-11
9.71084e-11
9.37881e-11
9.99755e-11
9.54949e-11
9.90176e-11
9.63418e-11
1.0327e-10
9.62534e-11
9.90912e-11
9.58211e-11
9.8118e-11
9.75229e-11
9.93368e-11
9.37847e-11
9.71106e-11
9.65621e-11
9.67068e-11
9.63753e-11
9.78866e-11
9.74924e-11
9.28656e-11
9.92979e-11
9.66209e-11
9.76991e-11
1.08039e-10
9.69736e-11
9.90638e-11
9.73409e-11
1.00577e-10
9.87662e-11
9.58479e-11
1.07668e-10
9.85026e-11
9.62228e-11
1.05783e-10
9.96972e-11
9.87205e-11
9.91136e-11
9.5586e-11
9.74404e-11
9.89359e-11
1.19345e-10
1.00351e-10
1.07698e-10
9.02197e-11
9.66213e-11
9.97589e-11
9.97061e-11
1.01821e-10
1.03684e-10
9.89804e-11
9.48356e-11
9.74911e-11
1.03965e-10
1.02136e-10
9.65681e-11
1.07439e-10
9.83425e-11
0.000799835
1.03591e-10
1.01007e-10
9.88828e-11
9.62907e-11
9.86246e-11
1.09328e-10
9.6533e-11
9.73955e-11
9.73105e-11
0.000757603
1.01121e-10
9.96478e-11
9.87933e-11
1.06829e-10
1.03776e-10
9.70893e-11
9.98383e-11
9.05958e-11
0.000560124
1.03924e-10
9.78202e-11
9.59488e-11
8.99137e-11
9.42825e-11
9.80659e-11
9.62737e-11
9.70199e-11
1.00539e-10
1.00108e-10
9.85532e-11
9.71149e-11
9.77115e-11
1.00348e-10
9.9046e-11
9.8025e-11
9.82646e-11
9.97275e-11
9.78777e-11
1.01685e-10
9.79843e-11
9.91801e-11
1.03852e-10
9.65029e-11
9.72269e-11
1.03901e-10
9.49386e-11
1.13505e-10
1.04748e-10
1.06472e-10
9.44283e-11
1.06314e-10
1.09306e-10
1.08228e-10
1.10551e-10
9.423e-11
9.53641e-11
1.00313e-10
1.13723e-10
9.73559e-11
1.02265e-10
1.09695e-10
9.63303e-11
9.68525e-11
9.68013e-11
1.03758e-10
1.04836e-10
1.00152e-10
1.06975e-10
1.033e-10
9.89801e-11
9.99372e-11
1.03537e-10
1.00759e-10
1.03018e-10
1.02958e-10
2.03702e-10
9.53955e-11
9.93147e-11
9.91795e-11
9.98779e-11
1.04709e-10
1.00314e-10
1.0358e-10
1.03824e-10
1.08972e-10
1.02675e-10
1.0017e-10
1.05363e-10
1.00973e-10
9.9976e-11
1.01886e-10
9.71006e-11
1.0717e-10
1.0502e-10
1.11367e-10
9.99418e-11
9.65302e-11
9.99471e-11
2.36471e-10
8.44316e-11
1.02433e-10
1.04155e-10
9.94395e-11
1.03525e-10
9.95069e-11
7.8333e-11
9.60314e-11
8.98357e-11
1.06175e-10
1.0137e-10
9.73862e-11
9.84989e-11
9.46084e-11
9.77244e-11
1.11839e-10
9.76557e-11
9.40674e-11
9.64241e-11
9.84346e-11
9.77315e-11
9.86852e-11
9.277e-11
1.04279e-10
9.75455e-11
0.0125
9.74667e-11
1.11925e-10
1.05777e-10
1.5295e-10
9.99429e-11
1.00664e-10
1e-10
1.06549e-10
1e-10
1.06617e-10
1.01866e-10
1.09869e-10
1.0668e-10
1.0596e-10
1.00429e-10
1.01611e-10
1.05899e-10
1.13634e-10
1.0405e-10
1.00856e-10
9.89848e-11
9.94321e-11
1.00714e-10
1.00093e-10
1.00085e-10
9.82636e-11
1.01114e-10
1e-10
9.7226e-11
1.00117e-10
1.00483e-10
1.01055e-10
9.91526e-11
9.60501e-11
1.05013e-10
9.97284e-11
1.00349e-10
9.99619e-11
9.99758e-11
1e-10
9.99627e-11
1.03394e-10
1.0007e-10
9.62187e-11
9.21421e-11
1.03222e-10
1.02535e-10
9.87217e-11
9.78029e-11
9.36271e-11
1.01317e-10
9.8085e-11
9.78931e-11
9.75367e-11
9.33711e-11
1.01041e-10
9.89628e-11
9.58942e-11
1.01005e-10
9.30466e-11
9.25898e-11
9.86804e-11
9.79225e-11
9.57249e-11
9.42615e-11
9.54667e-11
9.72346e-11
1.04194e-10
9.66028e-11
9.72955e-11
9.70253e-11
1.02946e-10
1.03087e-10
1.00336e-10
1.05932e-10
1.06113e-10
9.85023e-11
9.77694e-11
9.89213e-11
1.04585e-10
0.00137172
1.12638e-10
1.04655e-10
1.04769e-10
1.07126e-10
1.07207e-10
1.0157e-10
1.06209e-10
9.86073e-11
1.02939e-10
9.77788e-11
9.86053e-11
9.89139e-11
9.70391e-11
1.00672e-10
1e-10
9.97833e-11
9.76196e-11
9.47878e-11
9.45498e-11
1.02649e-10
9.80165e-11
1.01236e-10
9.79896e-11
1.17e-10
1.0014e-10
9.39455e-11
1e-10
1.00951e-10
9.88155e-11
9.99909e-11
9.88572e-11
9.81682e-11
9.67817e-11
9.99961e-11
9.73595e-11
1.06686e-10
9.97613e-11
9.94479e-11
9.92454e-11
9.77356e-11
9.8736e-11
9.85256e-11
9.96227e-11
1.0575e-10
9.98992e-11
9.98413e-11
9.96703e-11
9.93483e-11
9.9618e-11
1.01471e-10
9.92147e-11
1.00776e-10
9.6892e-11
1.05095e-10
6.14832e-11
9.86464e-11
9.51953e-11
9.82183e-11
1.08212e-10
1.1059e-10
9.76562e-11
9.82839e-11
1.00308e-10
9.88065e-11
9.81692e-11
1.29262e-10
9.7562e-11
1.00705e-10
9.80027e-11
9.60834e-11
1.01792e-10
1.11499e-10
1.07026e-10
1.10193e-10
9.74739e-11
1.02063e-10
1.01299e-10
1.01032e-10
9.42692e-11
9.61527e-11
1.05764e-10
1.02905e-10
9.94711e-11
1e-10
1e-10
9.84109e-11
1.34182e-10
1.00902e-10
1.01679e-10
1.00712e-10
1.10193e-10
9.41054e-11
1.18139e-10
1e-10
1.03966e-10
9.46026e-11
1.10636e-10
1.00751e-10
1.00695e-10
9.53862e-11
9.9663e-11
8.71988e-11
1.00621e-10
1.0296e-10
9.72589e-11
9.88146e-11
9.96141e-11
1.04543e-10
1.0034e-10
9.96545e-11
1.00395e-10
1.03237e-10
1.01999e-10
9.88944e-11
1.02332e-10
1.00608e-10
1.00313e-10
9.77106e-11
9.07311e-11
9.99951e-11
9.99443e-11
9.99504e-11
9.56232e-11
9.90229e-11
9.82726e-11
1.76754e-10
1.00158e-10
1.0002e-10
9.9871e-11
9.9992e-11
9.99913e-11
1.42083e-10
1.00179e-10
1.07326e-10
9.70792e-11
8.45082e-11
2.58565e-10
9.23448e-11
1.00864e-10
9.99838e-11
9.78957e-11
0.0125
1.02127e-10
9.15175e-11
1.30727e-10
1.23793e-10
9.13178e-11
9.94989e-11
9.76152e-11
1.02304e-10
9.65986e-11
1.01874e-10
1.08785e-10
1.00036e-10
9.84409e-11
1.0577e-10
1.03695e-10
1.03354e-10
9.92334e-11
1.02289e-10
9.82291e-11
1.01744e-10
9.53296e-11
1.05037e-10
1.0068e-10
1.00321e-10
1.04456e-10
1.01452e-10
9.76e-11
1.04052e-10
9.48909e-11
1.07489e-10
1.03938e-10
1.04886e-10
1.08024e-10
1.05516e-10
1.02446e-10
1.0634e-10
1.03232e-10
1.02155e-10
1.00017e-10
9.79082e-11
9.99511e-11
1.00195e-10
8.72328e-05
1.02521e-10
1.00838e-10
1.02578e-10
1.01019e-10
9.65489e-11
1.01395e-10
9.84247e-11
9.92069e-11
9.56632e-11
1.00921e-10
9.58755e-11
1.00096e-10
1.11925e-10
1.02008e-10
1.00968e-10
1.08007e-10
1.08085e-10
1.0476e-10
1.0164e-10
1.04725e-10
1.07068e-10
1.12723e-10
9.8272e-11
1.04627e-10
9.18403e-11
9.33136e-11
1.17922e-10
9.6946e-11
9.75108e-11
9.02811e-11
9.9098e-11
1.28521e-10
9.95373e-11
1.02458e-10
9.42835e-11
1.00829e-10
9.59654e-11
9.12104e-11
9.7287e-11
9.68052e-11
1.02829e-10
9.56973e-11
9.93637e-11
1.03798e-10
1.03797e-10
1.00571e-10
9.94003e-11
9.95711e-11
1.27418e-10
9.9462e-11
1.189e-10
9.41662e-11
9.98713e-11
1.0079e-10
9.96603e-11
9.69579e-11
6.79095e-11
1.00191e-10
9.95857e-11
1e-10
1.20943e-10
7.04502e-11
1.08789e-10
7.45202e-11
9.9945e-11
9.73546e-11
9.72652e-11
1.21787e-10
9.58836e-11
9.48813e-11
1.00666e-10
1.0043e-10
9.94875e-11
9.25201e-11
9.86168e-11
9.454e-11
1.00463e-10
9.69316e-11
1.04427e-10
9.50404e-11
9.5979e-11
9.65165e-11
9.50658e-11
9.81884e-11
9.89935e-11
9.77061e-11
9.80083e-11
9.2883e-11
9.65744e-11
9.83141e-11
1.11644e-10
1e-10
9.57057e-11
9.57029e-11
1.02999e-10
1.0785e-10
9.74674e-11
9.79273e-11
1.00196e-10
1.0019e-10
1.0543e-10
1.18743e-10
8.89802e-11
1.11192e-10
9.34451e-11
8.79825e-11
9.72393e-11
1e-10
9.5017e-11
1.26225e-10
1.75732e-10
1.34968e-10
9.69212e-11
9.51309e-11
9.58723e-11
9.35783e-11
9.69218e-11
9.60285e-11
9.65435e-11
9.9048e-11
9.81218e-11
1.01028e-10
9.89235e-11
1e-10
9.52211e-11
9.93132e-11
9.41691e-11
9.76355e-11
9.48316e-11
9.82942e-11
1.05632e-10
1.03509e-10
9.6337e-11
1.00307e-10
9.86966e-11
9.49424e-11
9.8411e-11
9.76928e-11
1.31377e-10
1.06142e-10
1e-10
9.36023e-11
1e-10
9.8909e-11
9.62668e-11
1.0253e-10
1.02271e-10
1.09889e-10
9.9601e-11
9.82212e-11
9.97574e-11
9.89468e-11
1.00206e-10
9.66853e-11
9.9709e-11
9.99122e-11
1.00199e-10
9.69778e-11
1.00006e-10
1.00127e-10
1.00004e-10
1.11989e-10
9.9518e-11
9.71656e-11
9.91769e-11
9.94555e-11
1e-10
9.8293e-11
9.9526e-11
9.99556e-11
1.0012e-10
1.11492e-10
1.27956e-10
1.81789e-10
1.01496e-10
1.14962e-10
0.0125
1.02976e-10
1.06277e-10
1.02714e-10
9.81976e-11
1.13478e-10
1.05225e-10
1.05134e-10
1.0399e-10
1.0865e-10
1.03331e-10
1.13914e-10
1.04277e-10
9.77071e-11
1.01595e-10
1.06823e-10
1.1548e-10
1.05172e-10
1.05095e-10
1.0407e-10
9.86755e-11
1.00689e-10
1.20697e-10
1.08556e-10
1.05973e-10
9.90008e-11
9.53391e-11
1.01097e-10
1.01825e-10
9.69193e-11
1.00864e-10
1.01495e-10
1.01426e-10
1.03571e-10
9.89701e-11
9.65189e-11
1.1454e-10
1.03948e-10
9.42914e-11
9.97646e-11
9.96853e-11
9.96375e-11
9.87555e-11
1.01214e-10
7.79512e-11
9.02698e-11
1.01567e-10
9.38751e-11
9.52039e-11
1.12366e-10
9.7506e-11
1.05807e-10
9.87625e-11
9.89692e-11
1.10253e-10
1.01946e-10
9.72589e-11
9.84283e-11
1.00151e-10
1.00142e-10
1.06311e-10
9.54112e-11
9.68508e-11
9.75785e-11
1.70877e-10
1.1367e-10
9.92948e-11
9.61108e-11
9.59649e-11
9.70411e-11
9.19799e-11
9.63768e-11
9.81914e-11
1.08351e-10
1.00389e-10
9.72757e-11
1.69682e-10
9.9166e-11
1.00203e-10
0.0125
8.18143e-11
1.02594e-10
9.69767e-11
9.89774e-11
1.2592e-10
9.74455e-11
9.37262e-11
9.24903e-11
9.31273e-11
9.91937e-11
1.09194e-10
8.1807e-11
1.06768e-10
9.97692e-11
9.73361e-11
9.95242e-11
1e-10
1.02925e-10
9.96051e-11
1e-10
1.00248e-10
7.80688e-11
9.2032e-11
9.68855e-11
8.97186e-11
9.27037e-11
9.86446e-11
9.72988e-11
9.71503e-11
9.54101e-11
9.95329e-11
9.23092e-11
1.09512e-10
1.04639e-10
9.17327e-11
1.06613e-10
9.9171e-11
1.01621e-10
9.73785e-11
9.69721e-11
1.05762e-10
9.52724e-11
9.63523e-11
9.59094e-11
9.23518e-11
1.04006e-10
6.78917e-11
9.79602e-11
1.01478e-10
9.4041e-11
1.04166e-10
9.88624e-11
9.57285e-11
9.78201e-11
9.1806e-11
9.29824e-11
1.07032e-10
1.01256e-10
2.14224e-10
9.56468e-11
9.82063e-11
9.73196e-11
9.87606e-11
9.84349e-11
9.88351e-11
9.14827e-11
1.11444e-10
1.04836e-10
9.71462e-11
1.0205e-10
1.03245e-10
9.70007e-11
9.85471e-11
1.77305e-10
1.00078e-10
1.00403e-10
9.99115e-11
9.47904e-11
9.97627e-11
1.00899e-10
1.0139e-10
9.19903e-11
1.00297e-10
1.00009e-10
9.67958e-11
1.00812e-10
9.99695e-11
1.72471e-10
9.75951e-11
1.01483e-10
1.00963e-10
9.99206e-11
9.99549e-11
1.01799e-10
9.9539e-11
8.10193e-11
1.00316e-10
9.99558e-11
1.00144e-10
9.8153e-11
1.00607e-10
1.03884e-10
9.45828e-11
9.79989e-11
1.02969e-10
1.00032e-10
9.80883e-11
1.00562e-10
1.03754e-10
9.8507e-11
1.01541e-10
1.00095e-10
1e-10
9.7311e-11
1.01439e-10
1e-10
1.92981e-10
9.98737e-11
9.98922e-11
9.95064e-11
9.78229e-11
9.24342e-11
1.00056e-10
9.99873e-11
1.02583e-10
8.60541e-11
2.4654e-10
3.553e-10
1e-10
9.35299e-11
1.62104e-10
9.71166e-11
9.45094e-11
1.18463e-10
1.45459e-10
9.86561e-11
1.19144e-10
9.98177e-11
9.99639e-11
1.01467e-10
1.58087e-10
9.93622e-11
9.9705e-11
9.99818e-11
9.50289e-11
0.05
1.08229e-10
9.87765e-11
1.26894e-10
0.05
9.65941e-11
1.00795e-10
1.00663e-10
7.49337e-11
1.01911e-10
1e-10
9.52452e-11
9.57523e-11
8.90817e-11
1.00089e-10
9.93351e-11
1.00577e-10
9.99582e-11
9.99887e-11
1e-10
1.00734e-10
1.01364e-10
1.0004e-10
9.85626e-11
9.9638e-11
9.95173e-11
9.99202e-11
1e-10
1e-10
1.00565e-10
1.03076e-10
1.01437e-10
1.01043e-10
1.00018e-10
1e-10
1.00251e-10
9.99487e-11
1.00017e-10
9.92871e-11
1.00135e-10
1.01824e-10
9.54269e-11
1.02335e-10
1.03807e-10
9.7697e-11
1e-10
9.62992e-11
9.87169e-11
8.25307e-11
9.99116e-11
9.92485e-11
1.25272e-10
1.01222e-10
9.52099e-11
1.14055e-10
1.05593e-10
1.01272e-10
9.60812e-11
8.05521e-11
9.91371e-11
9.94729e-11
9.26066e-11
1.48759e-10
9.07415e-11
9.81398e-11
1.45885e-10
9.9854e-11
9.91105e-11
9.97549e-11
9.96776e-11
9.85882e-11
1.00215e-10
9.9773e-11
9.94502e-11
1.03353e-10
9.64328e-11
1.08079e-10
9.99635e-11
1.13233e-10
1.09561e-10
1e-10
9.83381e-11
1e-10
1.04582e-10
9.97611e-11
9.41588e-11
9.41321e-11
1.00862e-10
9.96218e-11
9.77406e-11
1.0025e-10
1.00076e-10
1.00277e-10
1e-10
1.00759e-10
1.02358e-10
9.74837e-11
1.03078e-10
1.00619e-10
9.88036e-11
9.90053e-11
1.01518e-10
9.99414e-11
9.88676e-11
9.94367e-11
9.99309e-11
1.09983e-10
9.9093e-11
9.76657e-11
9.95838e-11
9.62235e-11
9.44679e-11
9.588e-11
9.68641e-11
9.63713e-11
9.6285e-11
9.69896e-11
1.01902e-10
9.04977e-11
9.43843e-11
1.03155e-10
9.99796e-11
9.73822e-11
9.93906e-11
1e-10
1.09243e-10
9.40164e-11
9.87667e-11
1.06095e-10
9.91885e-11
1.11965e-10
1.00504e-10
9.43867e-11
9.81705e-11
1.07308e-10
9.48421e-11
1.06475e-10
8.99567e-11
9.69747e-11
8.1549e-11
1.1113e-10
9.63093e-11
1.03872e-10
1.00953e-10
1.00488e-10
1.0313e-10
9.91559e-11
1.11085e-10
9.94835e-11
9.99445e-11
9.99058e-11
1.09349e-10
9.97537e-11
9.58551e-11
9.74903e-11
9.7969e-11
1.02256e-10
7.22036e-11
1.01756e-10
1.01106e-10
8.94753e-11
9.82242e-11
9.60029e-11
1.00448e-10
1.0034e-10
9.88056e-11
1.07237e-10
1.03832e-10
9.92356e-11
9.92847e-11
1.08155e-10
1.0058e-10
1.00545e-10
1.02051e-10
1.10792e-10
9.47643e-11
9.3615e-11
9.33773e-11
1.03822e-10
9.99305e-11
1.02334e-10
9.52253e-11
9.41647e-11
9.52064e-11
9.24863e-11
9.7114e-11
9.77143e-11
9.6151e-11
1.09926e-10
9.9831e-11
1.07262e-10
9.45925e-11
1.1149e-10
1.0935e-10
9.24505e-11
1.08957e-10
9.50425e-11
1.05729e-10
1.03478e-10
9.92682e-11
9.39772e-11
1.11912e-10
9.01286e-11
1.0188e-10
9.92084e-11
9.58048e-11
9.62477e-11
9.47025e-11
1.00288e-10
9.37958e-11
9.43138e-11
1.01489e-10
9.55065e-11
9.60251e-11
1.18161e-10
9.56302e-11
1.09565e-10
9.8844e-11
1.16524e-10
9.66579e-11
1.01596e-10
1.01327e-10
1.0466e-10
9.78992e-11
9.93472e-11
1.0098e-10
1.01015e-10
9.94589e-11
9.85393e-11
9.93683e-11
1.02409e-10
9.52318e-11
9.77739e-11
1.08136e-10
1.05596e-10
9.87991e-11
1.0066e-10
9.76621e-11
9.55135e-11
9.72729e-11
9.35421e-11
9.59229e-11
9.09288e-11
9.6323e-11
9.91068e-11
1.0008e-10
1.03283e-10
9.99153e-11
1e-10
1.00542e-10
1.03242e-10
1.03296e-10
9.94386e-11
1.0225e-10
1.03218e-10
1.00025e-10
9.99809e-11
1.01819e-10
1.03019e-10
9.98233e-11
1.06016e-10
1.05833e-10
1.05689e-10
1.04288e-10
1.05035e-10
1.0091e-10
9.8866e-11
9.97229e-11
9.90035e-11
1.01539e-10
1.03871e-10
9.99292e-11
1.02917e-10
9.94568e-11
1.02243e-10
9.55047e-11
1.05804e-10
1.01303e-10
1.01522e-10
9.96201e-11
9.95812e-11
1.00512e-10
1.06746e-10
9.34706e-11
9.62525e-11
1.04228e-10
9.45915e-11
9.61593e-11
9.3937e-11
1.10204e-10
9.859e-11
9.63071e-11
9.62064e-11
9.37978e-11
9.78428e-11
1.07382e-10
1.03204e-10
9.89295e-11
9.26113e-11
9.67737e-11
1.07472e-10
9.9771e-11
1.13711e-10
9.43589e-11
1.02641e-10
1.0109e-10
9.14095e-11
1.05636e-10
9.22855e-11
9.96554e-11
9.98315e-11
9.0165e-11
9.84751e-11
9.81722e-11
1.15346e-10
9.99418e-11
1.02896e-10
9.97225e-11
1.00002e-10
1.00021e-10
1e-10
9.70054e-11
9.35828e-11
9.47596e-11
1.06569e-10
1.07587e-10
9.95281e-11
9.99338e-11
1.00779e-10
1.0001e-10
9.9499e-11
1.01386e-10
9.6838e-11
1.01916e-10
1.02733e-10
1.04939e-10
1.12673e-10
1.09726e-10
1.0226e-10
1.03676e-10
1.04724e-10
1.10994e-10
1.07687e-10
9.53357e-11
9.74431e-11
9.81238e-11
9.42921e-11
9.6598e-11
9.65827e-11
9.50685e-11
1.01126e-10
1.00853e-10
1.11519e-10
1.03461e-10
1.01004e-10
9.87719e-11
1.04054e-10
9.93981e-11
1.00465e-10
1.0314e-10
1.00468e-10
1.07087e-10
1.00536e-10
1.00948e-10
1.01646e-10
9.99866e-11
1.00765e-10
1.0227e-10
1.01512e-10
1.01665e-10
1.00592e-10
1.06015e-10
1.00682e-10
1.047e-10
9.99748e-11
9.9782e-11
9.9058e-11
9.99348e-11
9.60977e-11
1.15914e-10
9.63735e-11
1.11937e-10
9.88246e-11
1.04081e-10
1.08049e-10
9.46395e-11
1.01095e-10
1.13975e-10
9.90641e-11
9.31816e-11
9.95269e-11
9.94397e-11
1.01097e-10
1.00177e-10
9.35386e-11
1.01763e-10
9.79373e-11
1.01575e-10
9.98302e-11
9.75487e-11
9.81146e-11
1.04244e-10
1.003e-10
9.99761e-11
9.92463e-11
1.00476e-10
1.09245e-10
9.97752e-11
9.91978e-11
9.99665e-11
1.00017e-10
9.98033e-11
1.0002e-10
9.18973e-11
9.76851e-11
9.98068e-11
9.88713e-11
1.00176e-10
9.17506e-11
1.01049e-10
1.0009e-10
9.97571e-11
1.05765e-10
9.96763e-11
9.35414e-11
9.99278e-11
9.96792e-11
1.04673e-10
1.01032e-10
1.03121e-10
9.38663e-11
1.00033e-10
1.00019e-10
1.00172e-10
1.00313e-10
1.00788e-10
9.998e-11
1.00166e-10
9.91825e-11
1.33048e-10
1.00881e-10
9.72458e-11
9.60888e-11
9.79432e-11
9.7908e-11
1.01736e-10
9.64927e-11
8.91142e-11
9.89284e-11
9.65916e-11
9.77356e-11
9.68969e-11
9.2579e-11
9.69634e-11
9.84229e-11
9.85225e-11
9.39058e-11
9.52809e-11
9.36872e-11
1.03869e-10
1e-10
9.99499e-11
9.79416e-11
9.83639e-11
9.93392e-11
9.88695e-11
9.66734e-11
1.11458e-10
9.55477e-11
9.86827e-11
9.68185e-11
1.00549e-10
9.72681e-11
9.75673e-11
9.46472e-11
1.04861e-10
9.53205e-11
9.6381e-11
1e-10
2.45414e-10
1.01183e-10
9.93707e-11
1.08205e-10
9.89838e-11
1.00694e-10
1.00442e-10
9.96736e-11
9.7674e-11
1.00228e-10
9.69834e-11
9.88686e-11
2.07232e-10
7.36432e-11
9.43302e-11
1.04034e-10
9.70908e-11
1.00672e-10
8.36139e-11
1.07122e-10
9.94526e-11
9.69301e-11
9.85762e-11
9.97572e-11
9.61667e-11
1.05783e-10
1e-10
9.85956e-11
9.50597e-11
9.95826e-11
9.93749e-11
1.00319e-10
1.03421e-10
9.86354e-11
9.80441e-11
1.00128e-10
1.08665e-10
1.15783e-10
9.86751e-11
1.03107e-10
1.04175e-10
1.08969e-10
9.86e-11
9.64621e-11
1.0578e-10
9.54389e-11
9.69068e-11
9.76851e-11
9.96563e-11
1.06472e-10
9.07736e-11
9.47465e-11
9.8401e-11
9.55119e-11
1.04633e-10
9.80223e-11
9.61479e-11
9.98953e-11
9.92362e-11
9.81337e-11
1.02199e-10
9.79674e-11
9.80204e-11
1.08031e-10
1.01014e-10
9.89618e-11
9.91e-11
9.74196e-11
9.99547e-11
1.00827e-10
9.75295e-11
1.02952e-10
9.45298e-11
9.54609e-11
1.05485e-10
1.01548e-10
9.68468e-11
9.87241e-11
9.79822e-11
1.027e-10
1.02543e-10
9.59183e-11
1.05955e-10
9.18042e-11
1.11725e-10
9.81286e-11
1.03927e-10
9.92277e-11
1.04591e-10
1.04264e-10
1.12544e-10
9.57747e-11
9.47756e-11
9.41364e-11
1.07975e-10
9.78146e-11
9.73683e-11
9.66134e-11
1.03793e-10
9.26703e-11
9.4754e-11
9.85303e-11
9.95183e-11
9.45018e-11
1.02889e-10
9.51949e-11
9.57839e-11
9.53367e-11
1.00979e-10
9.73828e-11
9.54298e-11
9.11889e-11
9.76862e-11
9.66019e-11
9.42216e-11
9.50961e-11
1.01816e-10
1.03533e-10
1.00941e-10
1.02383e-10
1.08673e-10
9.9484e-11
1.03691e-10
1.0279e-10
1.02093e-10
9.61133e-11
1.16964e-10
1.00773e-10
1.01843e-10
1.04547e-10
9.60537e-11
9.3914e-11
1.01014e-10
9.76394e-11
9.71076e-11
1.03119e-10
1.0393e-10
9.94085e-11
9.85415e-11
1.03309e-10
9.79634e-11
9.7221e-11
1.00195e-10
9.77344e-11
9.80518e-11
9.92783e-11
9.54412e-11
1.00082e-10
1.02317e-10
1.0235e-10
9.96203e-11
9.62909e-11
1.01363e-10
1.01175e-10
1.03173e-10
9.82786e-11
9.68878e-11
1.00044e-10
1.04258e-10
9.85334e-11
1.00871e-10
1.01837e-10
1.01749e-10
9.82538e-11
9.73034e-11
9.76522e-11
9.98037e-11
1.00627e-10
9.82641e-11
9.77326e-11
1.03837e-10
1.04714e-10
1.00084e-10
1.02185e-10
1.01749e-10
9.89197e-11
9.98857e-11
1.01499e-10
1.00249e-10
1.01336e-10
1.0096e-10
1.02218e-10
1.06021e-10
1.04129e-10
9.86142e-11
9.84453e-11
1.04865e-10
9.27751e-11
1.02882e-10
9.91774e-11
1.03069e-10
9.98345e-11
1.04939e-10
1.00181e-10
9.56932e-11
9.94635e-11
1.02805e-10
9.63545e-11
9.7473e-11
9.74765e-11
1.00685e-10
1.01788e-10
9.4185e-11
1.03891e-10
9.74665e-11
1.03275e-10
1.04428e-10
1.11329e-10
9.34239e-11
1.18002e-10
1.05904e-10
1.06921e-10
1.04132e-10
9.9256e-11
9.86728e-11
9.80306e-11
9.9704e-11
9.91851e-11
1.1771e-10
1.02998e-10
9.88603e-11
9.67654e-11
9.71923e-11
9.72383e-11
1.01005e-10
1.04229e-10
1.03809e-10
9.7706e-11
9.95926e-11
1.02771e-10
9.98717e-11
1.07917e-10
9.95683e-11
9.69303e-11
1.01451e-10
1.06413e-10
1.0174e-10
1.03742e-10
1.04536e-10
9.9454e-11
1.03638e-10
1.01978e-10
9.8342e-11
9.97427e-11
1.01471e-10
1.03661e-10
1.02047e-10
1.06866e-10
9.89385e-11
9.59298e-11
9.64845e-11
9.64527e-11
9.76481e-11
1.06252e-10
9.95485e-11
1.02467e-10
1.01684e-10
1.05341e-10
9.85989e-11
9.53239e-11
9.49549e-11
9.82827e-11
1.03863e-10
1.04983e-10
1.01213e-10
1.02633e-10
1.00014e-10
1.00953e-10
1.00756e-10
9.88673e-11
9.52798e-11
1.02948e-10
1.01226e-10
1.00105e-10
9.76654e-11
9.96891e-11
9.78062e-11
9.60159e-11
9.60991e-11
1.02657e-10
1.08671e-10
1.00817e-10
1.01387e-10
1.0095e-10
1.05599e-10
1.01981e-10
9.67221e-11
1.06856e-10
1.01943e-10
1.09704e-10
1.03497e-10
1.09132e-10
1.06157e-10
9.93789e-11
1.0009e-10
1.25409e-10
1.09055e-10
1.04273e-10
1.00875e-10
1.01386e-10
1.44871e-10
1.08185e-10
1.01102e-10
1.02895e-10
9.97997e-11
1.00614e-10
1.08376e-10
1.00892e-10
1.03288e-10
1.019e-10
1.09966e-10
1.02718e-10
1.04046e-10
9.95436e-11
1.22165e-10
1.10097e-10
9.02904e-11
9.70243e-11
1.04477e-10
9.86303e-11
9.76704e-11
9.58361e-11
1.02333e-10
1.07461e-10
1.03889e-10
9.93454e-11
9.8998e-11
9.71186e-11
9.81571e-11
1.0423e-10
9.78491e-11
9.87089e-11
1.03805e-10
9.81472e-11
1.11558e-10
1.00207e-10
1.12449e-10
9.98457e-11
9.68156e-11
1.00216e-10
1.07918e-10
1.02949e-10
9.97023e-11
9.99413e-11
1.01193e-10
1.07372e-10
1.12033e-10
1.00046e-10
9.69292e-11
9.71803e-11
1.08319e-10
9.97097e-11
1.01733e-10
9.56586e-11
1.02141e-10
1.05477e-10
1.04025e-10
9.27649e-11
1.02e-10
9.5447e-11
9.82006e-11
9.55956e-11
1.00986e-10
1.0104e-10
1.04429e-10
1.04383e-10
9.79837e-11
9.82203e-11
1.01751e-10
1.03525e-10
1.04146e-10
1.03549e-10
1.03074e-10
1.04405e-10
1.00734e-10
1.00524e-10
1.05603e-10
1.04441e-10
1.02779e-10
1.01995e-10
1.06932e-10
1.01989e-10
1.02121e-10
1.02112e-10
9.98326e-11
1.01153e-10
9.75242e-11
1.01572e-10
1.03384e-10
1.0356e-10
1.04214e-10
1.06082e-10
1.01715e-10
1.07026e-10
9.88051e-11
9.95354e-11
9.84878e-11
9.96736e-11
9.65157e-11
1.02513e-10
1.07186e-10
1.04886e-10
1.04461e-10
1.02837e-10
1.02475e-10
1.06479e-10
1.03517e-10
1.00207e-10
1.00482e-10
1.09052e-10
9.82219e-11
1.03428e-10
1.00941e-10
1.01673e-10
1.01849e-10
1.05991e-10
9.52191e-11
1.03364e-10
1.04775e-10
1.0031e-10
9.76841e-11
9.99888e-11
9.33165e-11
9.34345e-11
1.00106e-10
1.02684e-10
9.96931e-11
9.65271e-11
1.0356e-10
1.01201e-10
1.02232e-10
1.0165e-10
1.05932e-10
9.60903e-11
1.02146e-10
1.02327e-10
9.75171e-11
1.07303e-10
1.23085e-10
9.57484e-11
9.86132e-11
1.01078e-10
9.31025e-11
1.11806e-10
9.62807e-11
8.84678e-11
9.8279e-11
9.63369e-11
1.01668e-10
1.02166e-10
1.05371e-10
1.09491e-10
1.02126e-10
9.99722e-11
9.94564e-11
1.03036e-10
7.34557e-11
1.00727e-10
9.18214e-11
1.00806e-10
9.87475e-11
1.00072e-10
9.98733e-11
1.0235e-10
1.01509e-10
9.97605e-11
9.53002e-11
9.85633e-11
9.78162e-11
9.85527e-11
9.99056e-11
9.7918e-11
1.0041e-10
9.27588e-11
9.94564e-11
9.49934e-11
9.54679e-11
1.02767e-10
9.808e-11
9.67066e-11
1.06127e-10
1.04659e-10
1.07686e-10
1.05344e-10
9.88331e-11
1.02902e-10
3.01994e-10
1.03848e-10
1.03495e-10
9.77534e-11
1.04551e-10
9.88145e-11
9.83965e-11
9.8198e-11
9.80064e-11
9.88667e-11
1.02685e-10
1.01695e-10
1.04735e-10
1.07008e-10
1.07609e-10
1.04091e-10
1.04803e-10
1.02696e-10
1.04295e-10
1.00691e-10
9.87382e-11
9.66178e-11
1.02128e-10
9.79988e-11
1.01423e-10
1.01533e-10
1.0006e-10
1.05015e-10
1.06399e-10
1.02885e-10
1.01895e-10
1.02316e-10
9.84097e-11
1.0326e-10
1.02827e-10
1.01097e-10
1.03593e-10
1.02422e-10
1.0458e-10
1.05211e-10
1.03001e-10
1.03047e-10
1.02093e-10
1.074e-10
9.82516e-11
9.51514e-11
1.02959e-10
1.07337e-10
1.04057e-10
1.08279e-10
9.40977e-11
9.82416e-11
1.03802e-10
1.01969e-10
1.10994e-10
1.04296e-10
1.02619e-10
1.05739e-10
1.06952e-10
1.01488e-10
1.03851e-10
1.05985e-10
1.00713e-10
1.03427e-10
1.02381e-10
1.06281e-10
1.00809e-10
1.06423e-10
1.02305e-10
1.01868e-10
1.0382e-10
1.04649e-10
1.04564e-10
1.01779e-10
1.03742e-10
1.06231e-10
1.03575e-10
1.02335e-10
1.05519e-10
1.05034e-10
1.04988e-10
1.02625e-10
1.01608e-10
1.06236e-10
1.05552e-10
1.04729e-10
1.01638e-10
1.07909e-10
1.04265e-10
1.04558e-10
1.06344e-10
1.01904e-10
1.01216e-10
1.23392e-10
9.88085e-11
9.71536e-11
1.03586e-10
9.55994e-11
1.02777e-10
9.96718e-11
1.06277e-10
1.08239e-10
1.02543e-10
1.04307e-10
1.02704e-10
1.07602e-10
1.03498e-10
1.08294e-10
1.09364e-10
9.63739e-11
1e-10
9.94366e-11
1.16382e-10
1.00009e-10
1.01706e-10
9.90982e-11
1.07749e-10
9.85037e-11
1.03583e-10
1.04148e-10
1.10596e-10
9.83802e-11
1.01208e-10
9.81526e-11
1.14474e-10
9.46487e-11
1.00559e-10
9.42981e-11
1.00525e-10
9.66231e-11
1.02061e-10
1.08291e-10
1.01981e-10
1.05654e-10
1.06327e-10
1.03791e-10
1.03002e-10
1.03249e-10
9.85667e-11
9.80909e-11
1.03433e-10
1.01521e-10
9.94935e-11
9.90425e-11
1.05006e-10
9.28011e-11
9.66016e-11
9.64269e-11
9.66138e-11
1.04482e-10
9.72863e-11
1.00646e-10
1.03234e-10
1.04656e-10
1.02511e-10
1.02516e-10
1.0456e-10
1.03269e-10
1.03255e-10
1.06837e-10
9.55061e-11
9.72604e-11
1.04438e-10
1.08856e-10
9.90717e-11
9.87938e-11
9.81833e-11
9.55226e-11
1.04364e-10
9.85304e-11
9.56201e-11
1.03045e-10
1.04032e-10
9.88163e-11
9.65532e-11
9.79699e-11
1.00373e-10
1.0764e-10
9.50878e-11
9.91437e-11
9.98143e-11
9.61777e-11
1.0561e-10
9.4744e-11
1.04576e-10
9.64158e-11
1.04188e-10
9.78649e-11
1.10488e-10
9.46924e-11
1.1268e-10
9.6474e-11
8.59362e-11
9.86647e-11
1.01541e-10
8.55247e-11
9.69872e-11
9.84959e-11
9.83092e-11
9.82069e-11
9.97034e-11
9.7576e-11
9.53482e-11
9.73717e-11
9.61364e-11
1.08419e-10
9.38912e-11
9.70204e-11
9.74575e-11
9.60972e-11
9.81356e-11
9.78333e-11
1.0531e-10
1.02248e-10
1.09758e-10
9.94914e-11
9.41419e-11
9.21794e-11
1.05731e-10
1.02798e-10
1.07249e-10
9.45698e-11
1.01222e-10
1.10709e-10
9.42868e-11
9.77292e-11
1.0592e-10
9.90372e-11
9.58413e-11
9.82354e-11
1.00485e-10
9.32975e-11
9.50836e-11
1.05317e-10
1.05103e-10
1.05434e-10
9.6854e-11
9.77065e-11
1.04219e-10
9.51618e-11
9.84817e-11
9.63927e-11
9.28557e-11
1.07298e-10
1.08117e-10
9.9469e-11
9.86156e-11
9.76395e-11
1.05653e-10
9.66416e-11
9.32664e-11
9.57748e-11
9.30921e-11
9.71455e-11
9.60482e-11
9.19769e-11
9.65229e-11
1.0713e-10
9.7939e-11
1.06299e-10
1.06277e-10
9.9916e-11
9.42292e-11
9.67422e-11
9.61853e-11
9.47029e-11
9.09209e-11
9.69414e-11
1.06971e-10
9.47316e-11
9.72814e-11
9.94419e-11
9.51962e-11
9.90765e-11
1.00134e-10
9.80221e-11
9.88998e-11
1.00517e-10
1.07405e-10
9.84579e-11
9.47906e-11
9.76676e-11
9.57853e-11
9.53984e-11
9.70384e-11
9.38308e-11
9.88543e-11
1.04747e-10
1.08039e-10
9.56341e-11
1.03486e-10
1.04119e-10
1.00454e-10
1.03972e-10
9.42991e-11
9.59901e-11
1e-10
9.6687e-11
9.52985e-11
9.56874e-11
9.88099e-11
9.54101e-11
1.00099e-10
1.05974e-10
9.75343e-11
9.48862e-11
1.00211e-10
9.62416e-11
9.99991e-11
9.94143e-11
9.58243e-11
9.48968e-11
9.99393e-11
9.96276e-11
1.06296e-10
1.12735e-10
1.2738e-10
1.03853e-10
9.94897e-11
9.76761e-11
1.01714e-10
1.07096e-10
1.08524e-10
1.04508e-10
1.02619e-10
9.79338e-11
1.08792e-10
1.07105e-10
1.07114e-10
1.02817e-10
1.12627e-10
1.08085e-10
9.87209e-11
1.45028e-10
1.15003e-10
1.03979e-10
1.05936e-10
1.03407e-10
1.15458e-10
1.1147e-10
1.00915e-10
1.019e-10
9.5562e-11
1.0053e-10
9.3293e-11
1.00012e-10
1.00893e-10
1.05117e-10
9.88753e-11
9.94876e-11
1.03503e-10
9.73353e-11
9.6914e-11
1.08836e-10
1.11024e-10
9.69106e-11
9.51941e-11
9.99462e-11
9.51251e-11
9.84345e-11
1.00259e-10
1.00202e-10
9.88968e-11
1.06126e-10
9.22088e-11
9.74953e-11
1.02404e-10
9.49545e-11
8.80681e-11
9.31121e-11
9.41215e-11
9.55678e-11
1.16052e-10
9.32981e-11
9.4931e-11
9.22051e-11
9.2337e-11
1.17556e-10
9.6449e-11
9.81074e-11
1.19585e-10
9.96221e-11
1.02631e-10
9.74361e-11
9.59395e-11
9.39627e-11
9.44472e-11
1.08232e-10
1.02703e-10
9.86597e-11
1.04337e-10
8.71511e-11
9.77939e-11
9.85091e-11
1.03728e-10
1.04447e-10
1.08906e-10
9.89105e-11
1.06599e-10
1.09513e-10
1.00093e-10
9.49438e-11
1.00084e-10
1.03397e-10
1.0047e-10
1.03109e-10
9.89257e-11
1.02914e-10
1.03771e-10
1.03173e-10
1.05714e-10
9.74836e-11
9.48706e-11
1.04816e-10
1.00109e-10
1.0437e-10
1.01825e-10
9.90934e-11
1.0819e-10
9.84049e-11
1.06914e-10
1.11122e-10
9.92161e-11
1.02208e-10
1.0688e-10
9.95373e-11
9.83519e-11
1.00779e-10
9.22271e-11
9.65567e-11
1.00816e-10
1.03545e-10
9.9538e-11
9.55627e-11
1.05515e-10
9.54976e-11
9.54728e-11
1.04701e-10
1.08536e-10
9.6909e-11
9.28246e-11
1.05972e-10
9.41629e-11
1.02179e-10
1.05386e-10
1.02677e-10
1.64355e-10
1.1404e-10
9.52273e-11
9.51869e-11
9.16547e-11
9.52216e-11
1.00539e-10
1.03715e-10
1.03634e-10
1.04257e-10
1.06071e-10
1.19046e-10
9.94925e-11
1.02555e-10
9.79612e-11
9.65977e-11
1.04506e-10
1.05073e-10
1.03111e-10
9.8797e-11
9.6597e-11
1.02215e-10
1.04571e-10
1.04576e-10
9.60048e-11
1.05529e-10
1.03306e-10
9.51484e-11
9.74102e-11
9.869e-11
1.0798e-10
9.55354e-11
1.03787e-10
1.01561e-10
1.04474e-10
1.02097e-10
1.03564e-10
1.02954e-10
1.05433e-10
1.05089e-10
1.1087e-10
9.84631e-11
1.04768e-10
1.06387e-10
9.5539e-11
1.07082e-10
1.04629e-10
9.22145e-11
8.81046e-11
1.02456e-10
9.43724e-11
8.84483e-11
9.14473e-11
1.13695e-10
9.3345e-11
8.82157e-11
9.44065e-11
9.84032e-11
9.56104e-11
1.02567e-10
1.07912e-10
1.06261e-10
1.00228e-10
1.01547e-10
1.01576e-10
9.86921e-11
1.03333e-10
1.04411e-10
8.97458e-11
1.03202e-10
1.00517e-10
0.000323626
9.79886e-11
9.9751e-11
0.000348492
1.03398e-10
1.06598e-10
8.97141e-11
9.62688e-11
8.76947e-11
1.064e-10
1.05862e-10
9.15397e-11
9.57244e-11
9.65721e-11
9.53336e-11
1.03028e-10
1.04647e-10
1.04016e-10
1.01516e-10
1.06406e-10
1.06274e-10
1.07658e-10
1.06128e-10
1.00972e-10
1.08069e-10
1.12776e-10
9.9215e-11
1.12043e-10
9.73426e-11
1.08077e-10
1.03955e-10
1.02836e-10
1.09018e-10
1.14197e-10
1.03139e-10
1.19807e-10
1.01437e-10
1.01845e-10
9.7586e-11
1.04401e-10
1.13349e-10
9.85871e-11
9.45615e-11
9.85806e-11
9.91489e-11
1.1387e-10
9.93359e-11
9.54484e-11
1.11018e-10
9.9938e-11
9.96906e-11
1.05749e-10
1.06997e-10
1.06015e-10
9.94884e-11
1.3987e-10
1.03235e-10
1.02877e-10
9.70854e-11
1.07084e-10
9.86406e-11
1.034e-10
1.06602e-10
1.1951e-10
1.06901e-10
9.88956e-11
1.04893e-10
9.67762e-11
9.70501e-11
9.6772e-11
9.77063e-11
1.06576e-10
1.1602e-10
9.86109e-11
1.00997e-10
1.10921e-10
9.3888e-11
1.02346e-10
9.84605e-11
1.01351e-10
9.27738e-11
1.02875e-10
1.05277e-10
1.0517e-10
1.04406e-10
9.48656e-11
9.77436e-11
1.06698e-10
9.40095e-11
9.87444e-11
9.85695e-11
1.01892e-10
9.7702e-11
9.69679e-11
9.91797e-11
9.85385e-11
9.51149e-11
1.01464e-10
9.69253e-11
1.00426e-10
1.08212e-10
9.71261e-11
9.94041e-11
9.48764e-11
9.91966e-11
9.50507e-11
9.85417e-11
9.95034e-11
9.80926e-11
9.61771e-11
9.8888e-11
9.85254e-11
9.8563e-11
9.85642e-11
9.60803e-11
9.70029e-11
9.8668e-11
9.56119e-11
9.71145e-11
9.83677e-11
9.97393e-11
9.862e-11
9.91725e-11
9.52364e-11
1.01768e-10
9.85674e-11
9.90386e-11
9.46369e-11
9.38882e-11
9.65256e-11
9.7652e-11
9.98181e-11
9.76704e-11
1.11995e-10
9.50513e-11
1.00132e-10
1.03666e-10
9.75485e-11
9.73752e-11
1.00282e-10
9.56137e-11
9.43818e-11
1.0364e-10
9.87723e-11
1.00764e-10
8.96872e-11
9.69967e-11
1.02599e-10
9.01848e-11
9.56397e-11
9.26383e-11
1.01314e-10
1.0626e-10
9.75408e-11
9.65512e-11
1.31534e-10
9.57274e-11
1.07181e-10
1.01185e-10
1.11159e-10
9.2476e-11
9.61017e-11
9.30313e-11
9.48896e-11
9.98719e-11
9.37597e-11
9.53686e-11
1.00068e-10
9.67278e-11
9.75914e-11
9.81864e-11
9.90017e-11
1.07529e-10
9.64197e-11
9.73739e-11
9.77134e-11
1.04772e-10
1.04464e-10
1.14887e-10
9.63728e-11
9.82374e-11
1.03479e-10
9.92852e-11
9.94078e-11
1.01886e-10
9.82139e-11
1.03415e-10
9.61113e-11
9.23772e-11
9.99292e-11
9.45641e-11
9.70154e-11
9.36461e-11
1.0063e-10
1.00653e-10
1.04542e-10
9.80515e-11
9.8012e-11
9.90752e-11
9.85084e-11
9.83975e-11
9.52657e-11
9.8212e-11
1.02603e-10
9.96305e-11
9.68744e-11
9.81494e-11
9.85431e-11
9.74558e-11
9.7936e-11
1.02756e-10
1.03336e-10
9.46092e-11
9.86693e-11
9.8354e-11
1.02493e-10
9.88441e-11
1.00597e-10
9.99024e-11
1.01594e-10
1.08271e-10
9.57779e-11
9.56656e-11
9.64945e-11
1.26879e-10
9.79668e-11
9.27461e-11
9.95327e-11
9.32648e-11
1.01217e-10
9.93401e-11
9.32388e-11
9.44117e-11
1.08514e-10
9.89391e-11
1.0269e-10
9.59622e-11
9.96344e-11
9.92416e-11
1.07897e-10
9.35068e-11
9.77838e-11
9.66133e-11
1.05928e-10
9.60046e-11
1.03225e-10
9.78339e-11
9.84811e-11
9.28775e-11
1.04948e-10
1.01398e-10
1.03727e-10
1.03762e-10
1.02619e-10
9.59429e-11
1.05108e-10
9.63503e-11
9.73438e-11
1e-10
9.68652e-11
1.08292e-10
9.77274e-11
9.63197e-11
9.86364e-11
9.80533e-11
9.91156e-11
1.15322e-10
1.11605e-10
9.82371e-11
1.15653e-10
9.2976e-11
1.01207e-10
9.53518e-11
1.09214e-10
9.465e-11
9.46017e-11
1.02998e-10
9.54053e-11
9.54081e-11
1.02135e-10
1.02751e-10
1.01078e-10
9.34696e-11
1.05507e-10
9.56239e-11
1.06425e-10
1.06498e-10
1.01769e-10
1.02794e-10
9.31328e-11
1.01515e-10
9.65753e-11
1.07061e-10
9.78077e-11
9.82246e-11
9.40794e-11
9.63154e-11
9.33354e-11
9.41477e-11
9.28006e-11
1.17153e-10
1.00002e-10
9.8721e-11
1.08261e-10
9.64553e-11
1.01179e-10
1.04082e-10
9.67222e-11
1.0043e-10
1.04765e-10
1.04606e-10
9.24267e-11
1.1698e-10
9.90851e-11
9.73432e-11
9.98534e-11
9.9911e-11
9.75081e-11
9.46433e-11
1e-10
1.00916e-10
1.04123e-10
1.0272e-10
1.01669e-10
1.00559e-10
1.02433e-10
9.42195e-11
1.03074e-10
1.00839e-10
9.41102e-11
1.00038e-10
1.01994e-10
9.91843e-11
1.04949e-10
1.00088e-10
1.00961e-10
1.01459e-10
9.71504e-11
1.03678e-10
9.19685e-11
9.31861e-11
9.19239e-11
1.08028e-10
1.01319e-10
9.01547e-11
2.72835e-10
8.89887e-11
1.00008e-10
1.04352e-10
1.02784e-10
1e-10
9.4947e-11
1.02735e-10
1.04118e-10
7.52116e-11
9.34215e-11
9.82846e-11
1.20229e-10
1.04011e-10
9.90899e-11
1.02961e-10
9.79787e-11
9.97417e-11
1.04415e-10
1.02946e-10
1.13944e-10
9.46167e-11
1.09096e-10
9.99508e-11
1e-10
1.0043e-10
9.9886e-11
9.20362e-11
9.87144e-11
8.66081e-11
1.01443e-10
9.68761e-11
1.02046e-10
1.00609e-10
1.00524e-10
9.95609e-11
9.8378e-11
9.78656e-11
1.01968e-10
1.0185e-10
9.77027e-11
1.00686e-10
9.9195e-11
1.01892e-10
1.04742e-10
1.02575e-10
8.98804e-11
9.93237e-11
1.01333e-10
1.07483e-10
9.93947e-11
1.00168e-10
9.50602e-11
1.06586e-10
1.04042e-10
1.04494e-10
9.3306e-11
9.69353e-11
9.93878e-11
9.38681e-11
1.01672e-10
9.78963e-11
9.78014e-11
9.97993e-11
1e-10
9.63676e-11
1.03538e-10
9.54432e-11
1.03239e-10
1.0556e-10
9.78017e-11
1.03547e-10
1.12983e-10
9.75874e-11
1.01047e-10
1.0458e-10
1.01915e-10
9.78674e-11
9.73249e-11
1.01047e-10
9.80803e-11
1.11859e-10
1.00199e-10
1.05575e-10
9.80119e-11
9.41487e-11
9.9382e-11
1.00255e-10
9.42441e-11
9.77052e-11
1.01524e-10
9.80467e-11
9.86987e-11
9.93236e-11
9.953e-11
9.93272e-11
9.50835e-11
1.05107e-10
9.70426e-11
9.98005e-11
9.5161e-11
9.82096e-11
1.02488e-10
9.82659e-11
9.94558e-11
1.00493e-10
9.81459e-11
9.93536e-11
1.02227e-10
9.87899e-11
9.59531e-11
1.01447e-10
9.98962e-11
1.07661e-10
1.02527e-10
1.0172e-10
1.09066e-10
8.97097e-11
1.01131e-10
1.02414e-10
1.13032e-10
1.01937e-10
1.16813e-10
1.02271e-10
9.52365e-11
1.05769e-10
1.02965e-10
1.02163e-10
9.63034e-11
9.78907e-11
8.84706e-11
1.25971e-10
9.28358e-11
9.12945e-11
1.00343e-10
1.00921e-10
1e-10
1.01984e-10
9.29694e-11
1.08391e-10
9.8987e-11
1.29107e-10
9.86113e-11
9.74516e-11
9.46958e-11
9.97167e-11
1.07037e-10
9.72872e-11
1.02035e-10
1.01517e-10
1.02972e-10
1.00178e-10
1.03977e-10
1.07543e-10
1.08331e-10
9.93262e-11
1.05171e-10
1.01141e-10
9.68343e-11
9.82336e-11
1.01824e-10
1.00469e-10
9.98751e-11
9.84388e-11
1.01242e-10
1.09121e-10
1.03896e-10
1.08862e-10
9.88608e-11
1.0513e-10
9.79229e-11
9.64121e-11
1.14958e-10
9.57813e-11
1.17083e-10
1.04069e-10
1.02355e-10
1.04678e-10
9.61197e-11
9.47188e-11
1.04937e-10
1.02392e-10
1.05128e-10
1.1068e-10
9.90738e-11
9.7668e-11
9.6039e-11
9.56702e-11
9.61561e-11
9.91445e-11
9.88309e-11
9.24231e-11
9.98812e-11
9.66082e-11
1.06111e-10
9.61696e-11
1.01814e-10
9.84625e-11
1.05012e-10
9.66126e-11
9.93001e-11
1.09321e-10
9.97852e-11
9.91229e-11
1.00022e-10
1.02723e-10
9.82237e-11
9.94929e-11
1.12677e-10
9.78255e-11
9.63174e-11
9.61022e-11
9.55556e-11
1.02265e-10
9.66946e-11
1.03284e-10
9.64797e-11
1.04026e-10
9.60374e-11
1.02339e-10
1.0838e-10
1.01505e-10
1.05828e-10
9.57778e-11
9.60782e-11
9.73849e-11
1.00204e-10
9.2446e-11
1.06131e-10
9.85505e-11
9.94684e-11
9.79369e-11
9.81227e-11
9.78964e-11
9.58521e-11
9.93033e-11
9.79825e-11
9.75097e-11
9.75004e-11
9.89699e-11
1.00656e-10
9.94391e-11
9.86385e-11
1.11435e-10
1.02499e-10
1.01346e-10
9.96438e-11
9.6771e-11
9.73034e-11
1.06042e-10
9.92471e-11
9.7738e-11
1.04354e-10
1.02702e-10
1.04693e-10
1.01497e-10
9.84255e-11
9.43697e-11
9.75344e-11
1.03232e-10
1.05046e-10
1.74907e-10
1.07003e-10
1.04102e-10
1.02411e-10
1.06824e-10
1.12536e-10
9.24753e-11
1.12084e-10
1.07561e-10
1.13546e-10
9.9923e-11
9.93522e-11
9.94407e-11
1.03044e-10
9.47277e-11
1.10483e-10
1e-10
9.73683e-11
1e-10
1.03751e-10
1.02167e-10
1.11486e-10
9.49347e-11
9.84707e-11
9.6178e-11
9.13164e-11
9.63774e-11
1.00204e-10
9.91514e-11
9.97282e-11
9.95811e-11
1.11017e-10
1.02585e-10
9.62856e-11
9.68337e-11
1.00739e-10
9.91237e-11
1.00068e-10
4.17512e-10
1.21739e-10
1.05352e-10
9.27832e-11
9.3483e-11
1e-10
9.85851e-11
1.01783e-10
1.00296e-10
1.07362e-10
9.99339e-11
9.28108e-11
1.00318e-10
1.07109e-10
9.81382e-11
9.27855e-11
1.13208e-10
1.22716e-10
9.18439e-11
9.84151e-11
9.55288e-11
1.01818e-10
9.95163e-11
9.96866e-11
1.04538e-10
9.8694e-11
1.08828e-10
1.07134e-10
1.02313e-10
1.01955e-10
1.02873e-10
1.02834e-10
1.02739e-10
1.03671e-10
1.04007e-10
1.03926e-10
1.02624e-10
1.00732e-10
1.25209e-10
1.03361e-10
1.14475e-10
1.0398e-10
1.02466e-10
1.00323e-10
1.0055e-10
1.14939e-10
9.82954e-11
1.09955e-10
9.64896e-11
1.0703e-10
1.02907e-10
1.00151e-10
9.61992e-11
1.06244e-10
1.03641e-10
1.03096e-10
9.91208e-11
1.10984e-10
1.0343e-10
1.02053e-10
1.0616e-10
1.01186e-10
9.7963e-11
9.59553e-11
9.94464e-11
9.83387e-11
1.04075e-10
1.02122e-10
1.08568e-10
9.81515e-11
1.0174e-10
9.77609e-11
1.04612e-10
1.01714e-10
9.92656e-11
1.01002e-10
1.04274e-10
9.22799e-11
6.09256e-11
1.10831e-10
6.81313e-11
9.59721e-11
1.07463e-10
9.53274e-11
9.28498e-11
1e-10
9.99223e-11
1.19444e-10
9.89243e-11
1.00704e-10
9.60602e-11
1.00765e-10
1.00482e-10
9.35027e-09
9.27314e-11
9.20375e-11
1.82173e-10
9.9929e-11
1.0091e-10
9.85084e-11
1.00666e-10
9.9152e-11
1.10281e-10
9.83103e-11
9.88401e-11
1.81287e-10
9.98168e-11
1.00511e-10
1.00115e-10
1.06681e-10
9.81097e-11
1.0542e-10
9.97454e-11
1.02669e-10
1.03809e-10
9.76976e-11
9.66164e-11
9.59e-11
1.02546e-10
1.02805e-10
1.18494e-10
9.88571e-11
9.78718e-11
1.06746e-10
1.0658e-10
9.97914e-11
1.04036e-10
1.15177e-10
9.19304e-11
1.03971e-10
9.9291e-11
1.00348e-10
1.00008e-10
9.82896e-11
1.04794e-10
9.60349e-11
1.05957e-10
1.04955e-10
9.40251e-11
9.69464e-11
1.01445e-10
1.04427e-10
9.93197e-11
9.60255e-11
9.84772e-11
1.00121e-10
1.01565e-10
1.0169e-10
1.01124e-10
1.16988e-10
1.04056e-10
1.01276e-10
1.14516e-10
9.79079e-11
9.98281e-11
1.00021e-10
1.00785e-10
1.00097e-10
1.0796e-10
1.01548e-10
1.00621e-10
1.07075e-10
9.76895e-11
1.07544e-10
1.01315e-10
1.02835e-10
9.85323e-11
1.05401e-10
1.02727e-10
1.00271e-10
1.18518e-10
9.88265e-11
9.92432e-11
1.04816e-10
1.24702e-10
1.12382e-10
1.20377e-10
1.00628e-10
1.10271e-10
9.84073e-11
1.02127e-10
9.67881e-11
1.02263e-10
1.15144e-10
1.01831e-10
1.03183e-10
1.01237e-10
1.02033e-10
1.11406e-10
9.86974e-11
1.03155e-10
1.05058e-10
1.14965e-10
1.07634e-10
1.15356e-10
9.6213e-11
9.83657e-11
1.05606e-10
1.0144e-10
1.07144e-10
1.01002e-10
1.0704e-10
1.08869e-10
1.02725e-10
9.74344e-11
9.87255e-11
1.00563e-10
0.0125
9.76388e-11
9.88285e-11
1.00928e-10
1.002e-10
9.51431e-11
9.95187e-11
1e-10
1.00093e-10
9.54334e-11
9.99492e-11
1.01818e-10
1.0319e-10
1e-10
1.06694e-10
9.72477e-11
9.48292e-11
1.15428e-10
1.05816e-10
1.06772e-10
1.00545e-10
1.02724e-10
9.98676e-11
1.00921e-10
1.01733e-10
9.97366e-11
1.03108e-10
1.00369e-10
1.03335e-10
9.94366e-11
9.83589e-11
9.9116e-11
9.73674e-11
1.00754e-10
1.04653e-10
9.81931e-11
8.99546e-11
9.47725e-11
9.95409e-11
1.44938e-10
9.56349e-11
9.39361e-11
9.94833e-11
9.96804e-11
9.99963e-11
1.04079e-10
9.90769e-11
9.99407e-11
1.01171e-10
1.15218e-10
1.03659e-10
9.95079e-11
9.84143e-11
1.00136e-10
1.01807e-10
9.96795e-11
1.07536e-10
9.83632e-11
9.31432e-11
9.22873e-11
9.80257e-11
9.59961e-11
9.22439e-11
9.90122e-11
1.04764e-10
9.911e-11
9.94943e-11
9.834e-11
1.08123e-10
1.00006e-10
1.13295e-10
1.00659e-10
1.00912e-10
1.02597e-10
9.75224e-11
1.00644e-10
9.98371e-11
1.05576e-10
1.1181e-10
1.02879e-10
1.03212e-10
1.0229e-10
1.04123e-10
1.04457e-10
1.04337e-10
1.02225e-10
9.64834e-11
1.01244e-10
1.01204e-10
1.01743e-10
1.12017e-10
0.000142683
9.90475e-11
1.12032e-10
1.00584e-10
1.00075e-10
9.99994e-11
1.00345e-10
1.00297e-10
9.95381e-11
1.02081e-10
1.00804e-10
9.99807e-11
1.06032e-10
1.05438e-10
1.00431e-10
1.00671e-10
1.35013e-10
9.83233e-11
1.00003e-10
1.00623e-10
1e-10
1.0598e-10
9.76953e-11
1.05175e-10
1.07858e-10
1.02419e-10
1.13399e-10
1.01828e-10
9.27965e-11
1.01508e-10
9.33489e-11
8.87777e-11
1.08e-10
9.9768e-11
1.04464e-10
1.04161e-10
1.0056e-10
1.00001e-10
1.04429e-10
1.08652e-10
1.01802e-10
1.00711e-10
1.07315e-10
9.95116e-11
1.01115e-10
1.01021e-10
9.25742e-11
1.03349e-10
9.99797e-11
9.70147e-11
9.98239e-11
1.18866e-10
9.51809e-11
1.04813e-10
9.80276e-11
9.03371e-11
9.72871e-11
9.86454e-11
1.11336e-10
8.94441e-11
9.99256e-11
9.85738e-11
9.70255e-11
8.66659e-11
9.95714e-11
1.08075e-10
9.49735e-11
9.99765e-11
9.16561e-11
9.87669e-11
1.04276e-10
1.02456e-10
9.23487e-11
1.01102e-10
9.92558e-11
9.77825e-11
9.11411e-11
9.04767e-11
9.99475e-11
9.94481e-11
1e-10
1.00018e-10
1.00343e-10
9.97277e-11
1e-10
9.97732e-11
1.01609e-10
1.00641e-10
1.01906e-10
1.00235e-10
1.02995e-10
1.03414e-10
9.96738e-11
1.05677e-10
9.58517e-11
1.03438e-10
1.00091e-10
9.49181e-11
9.90376e-11
9.84552e-11
9.78877e-11
9.75604e-11
9.90579e-11
9.72554e-11
9.90491e-11
9.96246e-11
1.01125e-10
1.05073e-10
1.03417e-10
1.01801e-10
9.99838e-11
1.18695e-10
1.0025e-10
1.05642e-10
9.97307e-11
1.00678e-10
1.0229e-10
9.9081e-11
1.00477e-10
9.90985e-11
1.02042e-10
9.7281e-11
1.02476e-10
1.01823e-10
1.04833e-10
1.05236e-10
1.04742e-10
1.00812e-10
1.04723e-10
1.05916e-10
1.0071e-10
1e-10
9.82803e-11
9.86286e-11
1.14324e-10
9.75417e-11
1.04764e-10
1.0026e-10
1.02725e-10
1.02031e-10
1.00146e-10
1.01492e-10
1.00073e-10
9.79493e-11
1.0068e-10
9.874e-11
9.78839e-11
1.00766e-10
9.93355e-11
1.00159e-10
1.02402e-10
1.0064e-10
9.99692e-11
9.92377e-11
9.96626e-11
1.00978e-10
1.00338e-10
1.06665e-10
1.01288e-10
9.99995e-11
1.00989e-10
1.29323e-10
1.05408e-10
9.89562e-11
9.8016e-11
9.94485e-11
1.14811e-10
1.09753e-10
1.17682e-10
9.89528e-11
1.00453e-10
9.87908e-11
9.92005e-11
1e-10
9.83511e-11
1.1441e-10
9.77617e-11
1.01067e-10
9.68213e-11
9.61975e-11
9.65355e-11
9.84923e-11
1.18799e-10
1.08683e-10
9.98665e-11
1.00043e-10
9.91738e-11
9.9425e-11
1.01063e-10
1e-10
9.95333e-11
9.93927e-11
0.075
1.00121e-10
9.89605e-11
1e-10
9.9521e-11
1.07766e-10
1.00191e-10
9.90766e-11
9.89379e-11
9.74312e-11
1.00069e-10
1.00399e-10
9.83826e-11
9.89942e-11
9.57534e-11
9.69608e-11
1.00191e-10
9.78893e-11
9.9054e-11
9.98953e-11
9.99363e-11
1.11868e-10
1.16555e-10
1.00024e-10
1.02205e-10
1.11615e-10
9.92585e-11
1.02008e-10
9.99373e-11
9.86569e-11
9.20342e-11
9.58388e-11
9.61657e-11
9.76939e-11
9.70215e-11
9.92173e-11
9.77013e-11
1.05801e-10
9.9588e-11
1e-10
1.02177e-10
9.95028e-11
1e-10
9.9795e-11
9.91739e-11
9.9455e-11
9.52551e-11
9.61065e-11
9.52713e-11
9.41331e-11
9.82148e-11
9.71473e-11
9.47402e-11
9.81238e-11
9.26557e-11
1.11455e-10
9.78976e-11
1.01405e-10
1.01041e-10
9.79629e-11
9.25688e-11
9.58037e-11
9.58987e-11
1.05224e-10
9.93842e-11
1.02817e-10
9.46374e-11
9.6414e-11
1.03182e-10
1.04945e-10
9.83946e-11
9.19001e-11
9.74709e-11
9.78608e-11
9.77377e-11
1.02175e-10
9.57188e-11
9.63587e-11
9.73846e-11
9.84868e-11
9.57741e-11
9.76121e-11
9.87311e-11
1e-10
9.42787e-11
9.96232e-11
1.06078e-10
9.97392e-11
9.95621e-11
9.41047e-11
1.0288e-10
1.06035e-10
9.93932e-11
9.9293e-11
1.006e-10
1.00764e-10
1.00304e-10
9.86285e-11
9.99399e-11
1.01931e-10
9.9973e-11
1.01379e-10
1e-10
9.84641e-11
1e-10
1.0006e-10
1.06868e-10
1.06722e-10
9.42451e-11
9.3359e-11
1.03236e-10
1.02373e-10
9.46432e-11
1.09225e-10
1.0285e-10
9.86963e-11
9.88759e-11
1.05411e-10
1.02806e-10
1.01343e-10
1.05562e-10
1.00867e-10
1.01755e-10
1.04654e-10
9.67571e-11
1.06534e-10
1.05411e-10
1.03943e-10
9.40179e-11
9.94727e-11
1.02343e-10
9.96064e-11
9.85874e-11
1.09789e-10
1.0257e-10
9.81611e-11
1.03507e-10
1.04245e-10
9.36535e-11
9.57391e-11
1.12293e-10
1.08239e-10
9.86224e-11
1.07069e-10
9.58315e-11
9.8244e-11
9.49783e-11
9.18786e-11
1.20526e-10
9.72745e-11
9.76278e-11
1.10444e-10
1.14374e-10
1.04733e-10
9.55185e-11
9.66175e-11
9.06288e-11
1.02024e-10
9.123e-11
9.54677e-11
1e-10
9.59433e-11
1.00037e-10
1e-10
1.03208e-10
1e-10
1.00056e-10
9.86066e-11
1.00298e-10
9.49489e-11
9.49926e-11
1.02182e-10
1.05018e-10
1.03111e-10
1.03452e-10
1.0183e-10
1.08677e-10
9.93029e-11
1.00094e-10
9.77335e-11
1.09256e-10
1.06275e-10
9.55451e-11
9.96971e-11
1.01977e-10
1.07982e-10
9.64699e-11
9.78196e-11
1.00057e-10
9.00691e-11
9.85793e-11
9.55438e-11
1.01884e-10
1.00453e-10
9.63668e-11
1.0026e-10
1.01993e-10
1.31597e-10
9.95164e-11
1.08172e-10
1.24703e-10
9.53307e-11
9.41877e-11
1.06118e-10
1.04104e-10
1.02956e-10
1.03715e-10
9.79354e-11
1.00538e-10
9.49585e-11
1.04757e-10
9.2677e-11
9.69865e-11
9.40026e-11
8.97286e-11
9.21253e-11
1.06569e-10
1.03493e-10
9.93092e-11
1.05689e-10
1.03893e-10
1.07201e-10
1.03648e-10
9.95332e-11
1.01619e-10
9.87222e-11
1.029e-10
9.68904e-11
1.09617e-10
1.002e-10
9.66421e-11
1.01936e-10
1.07184e-10
1.0121e-10
1.02368e-10
9.62716e-11
9.16915e-11
9.87259e-11
1.03593e-10
1.0581e-10
1.00123e-10
1.06404e-10
9.41711e-11
9.20175e-11
1.02035e-10
1.03465e-10
1.06248e-10
1.02515e-10
9.50633e-11
9.52848e-11
9.7082e-11
9.6126e-11
9.33204e-11
9.29646e-11
1.04688e-10
9.12706e-11
1.06334e-10
8.90865e-11
1.06632e-10
1.04413e-10
1.04475e-10
1.06824e-10
9.43866e-11
9.38582e-11
9.93173e-11
9.72438e-11
9.2889e-11
9.60269e-11
9.9437e-11
9.99866e-11
1.03431e-10
1.00792e-10
9.9946e-11
9.97197e-11
1.01939e-10
1.0056e-10
9.37869e-11
9.32341e-11
1.01575e-10
9.70851e-11
1.00072e-10
9.61049e-11
1.03397e-10
9.41044e-11
8.92483e-11
9.61389e-11
1.03169e-10
1.05377e-10
1.03121e-10
1.02985e-10
1.01319e-10
1.02202e-10
1.00747e-10
1.04049e-10
1.07986e-10
1.02303e-10
1.07288e-10
1.10645e-10
9.59894e-11
1.0884e-10
1.0874e-10
1.05506e-10
1.04618e-10
1.02762e-10
1.00674e-10
1.03664e-10
1.07583e-10
1.01636e-10
1.07856e-10
9.29255e-11
9.77054e-11
9.89363e-11
1.04772e-10
1.08191e-10
1.01564e-10
1.08902e-10
9.43884e-11
9.53156e-11
9.40697e-11
9.51664e-11
1.04488e-10
9.79366e-11
9.4436e-11
1.00379e-10
1.03501e-10
9.55946e-11
9.91265e-11
9.37542e-11
9.20811e-11
8.86288e-11
9.56305e-11
1.13612e-10
9.52931e-11
9.84871e-11
9.42974e-11
9.50432e-11
1.00072e-10
8.93449e-11
1.48203e-10
9.51979e-11
9.43109e-11
9.43916e-11
9.55231e-11
9.84871e-11
9.80371e-11
1.02807e-10
9.17996e-11
1.03352e-10
9.76998e-11
9.77921e-11
1.01994e-10
9.67868e-11
9.70424e-11
9.89044e-11
9.97279e-11
1.00541e-10
9.6967e-11
9.25881e-11
1.15203e-10
9.62209e-11
9.42555e-11
1.00208e-10
9.46865e-11
9.20953e-11
9.99366e-11
1.02279e-10
1.00266e-10
9.25821e-11
1.00336e-10
9.47618e-11
9.2194e-11
9.24541e-11
9.69521e-11
1.07045e-10
9.67015e-11
8.97648e-11
9.7934e-11
9.36809e-11
1.0018e-10
9.8188e-11
8.64865e-11
9.11419e-11
9.68792e-11
9.79767e-11
9.64636e-11
1.00674e-10
9.57344e-11
8.69364e-11
9.58126e-11
1.02323e-10
9.76717e-11
9.89265e-11
9.19249e-11
8.89216e-11
9.5193e-11
9.29183e-11
9.38045e-11
8.85437e-11
9.61428e-11
8.3825e-11
8.58913e-11
9.52929e-11
9.13265e-11
8.86123e-11
1.05693e-10
9.1262e-11
9.71463e-11
9.19507e-11
1.04005e-10
1.02149e-10
9.20596e-11
1.00273e-10
8.56377e-11
1.00865e-10
9.49524e-11
1.00824e-10
8.75875e-11
9.76137e-11
8.91424e-11
9.08702e-11
1.08267e-10
1.01263e-10
8.91394e-11
9.47945e-11
8.62164e-11
9.69525e-11
1.02073e-10
1.00362e-10
9.41265e-11
9.89096e-11
9.21591e-11
9.41936e-11
8.06731e-11
9.96838e-11
1.26895e-10
9.8278e-11
1.0113e-10
1.18567e-10
1.00455e-10
1.0819e-10
9.59985e-11
1.13411e-10
9.88744e-11
1.06848e-10
1.02292e-10
1.10427e-10
1.09451e-10
1.15875e-10
1.01746e-10
1.00842e-10
9.46458e-11
1.05065e-10
9.99896e-11
1.13884e-10
1.04601e-10
1.03897e-10
1.02986e-10
1.01427e-10
9.54385e-11
9.89405e-11
1.15252e-10
1.10412e-10
1.1649e-10
9.45607e-11
3.53787e-10
1.00757e-10
8.98394e-11
9.57493e-11
1.01356e-10
1.09947e-10
9.90756e-11
1.03369e-10
1.0138e-10
1.14431e-10
9.65236e-11
9.92054e-11
1.00175e-10
1.14715e-10
9.87784e-11
9.6378e-11
9.64078e-11
9.94096e-11
8.96404e-11
9.56116e-11
1.03436e-10
9.95971e-11
9.90588e-11
1.0289e-10
1.03517e-10
9.8786e-11
1.07926e-10
1.04376e-10
1.09169e-10
1.01514e-10
9.60282e-11
9.37831e-11
1.02675e-10
1.03292e-10
9.50664e-11
9.56671e-11
9.16423e-11
9.43659e-11
9.8232e-11
1.0249e-10
8.88245e-11
9.74124e-11
9.86938e-11
1.01031e-10
1.04111e-10
1.01991e-10
1.13808e-10
1.03506e-10
1.05815e-10
1.02838e-10
1.00304e-10
9.49867e-11
9.70601e-11
1.01507e-10
9.21291e-11
9.95592e-11
9.41338e-11
1.0487e-10
9.49985e-11
9.56714e-11
1.05677e-10
1.18944e-10
1.16417e-10
1.06112e-10
1.06794e-10
1.05765e-10
9.36788e-11
1.0025e-10
1.14093e-10
1.07847e-10
9.53698e-11
1.07626e-10
9.81095e-11
1.04928e-10
9.07853e-11
9.36119e-11
9.68099e-11
9.80853e-11
9.39218e-11
1.03956e-10
9.32269e-11
9.55363e-11
9.8755e-11
9.7543e-11
9.34855e-11
1.00744e-10
9.36477e-11
9.73517e-11
1.03638e-10
9.66933e-11
7.5863e-11
9.4976e-11
9.42042e-11
9.25652e-11
9.31325e-11
9.53524e-11
1.84214e-10
9.66853e-11
9.67159e-11
1.08178e-10
1.05029e-10
9.79335e-11
9.78018e-11
9.35378e-11
9.43052e-11
9.48782e-11
8.97629e-11
1.11659e-10
1.0349e-10
1.01868e-10
1.05312e-10
1.04039e-10
9.68218e-11
1.03659e-10
9.65157e-11
9.88067e-11
9.79417e-11
1.03273e-10
1.03258e-10
9.66843e-11
9.47695e-11
1.11492e-10
9.5211e-11
1.04253e-10
1.67826e-10
9.40397e-11
9.98063e-11
1.03758e-10
1.03868e-10
9.34463e-11
9.72158e-11
9.72782e-11
9.82715e-11
9.78677e-11
9.98884e-11
9.92027e-11
9.88049e-11
1.02637e-10
9.92466e-11
9.56057e-11
9.79872e-11
9.9174e-11
1.00251e-10
1.0456e-10
1.11805e-10
9.76686e-11
9.69919e-11
9.65164e-11
9.60433e-11
9.88252e-11
9.90233e-11
9.64095e-11
9.41472e-11
1.02132e-10
9.29182e-11
1.06531e-10
9.22658e-11
1.03282e-10
9.71711e-11
1.00006e-10
9.68983e-11
9.77226e-11
1.04051e-10
1.09155e-10
9.52286e-11
1.21685e-10
9.56973e-11
1.04729e-10
9.58877e-11
1.03063e-10
1.06969e-10
1.02875e-10
9.41628e-11
1.01341e-10
9.60132e-11
1.06224e-10
1.06069e-10
9.60925e-11
1.07449e-10
9.85177e-11
9.82043e-11
8.93e-11
9.22496e-11
9.22876e-11
1.11425e-10
1.03755e-10
1.0199e-10
1.06328e-10
1.12277e-10
1.00708e-10
1.04017e-10
9.73405e-11
1.0366e-10
9.37539e-11
9.11041e-11
9.83092e-11
9.34922e-11
1.0176e-10
1.02198e-10
9.21542e-11
9.89823e-11
9.32346e-11
1.00655e-10
9.97853e-11
1.03929e-10
1.31605e-10
9.48278e-11
9.54773e-11
9.19651e-11
1.00545e-10
1.09429e-10
1.007e-10
1.02166e-10
1.00428e-10
9.92714e-11
1.00763e-10
1.05795e-10
1.06682e-10
1.06409e-10
1.04633e-10
9.52879e-11
1.02749e-10
1.02525e-10
1.02809e-10
1.01786e-10
9.99087e-11
1.02043e-10
1.01163e-10
9.88325e-11
1.00013e-10
1.00178e-10
1.02624e-10
1.02252e-10
9.99178e-11
1.0625e-10
1.05346e-10
1.01879e-10
1.04046e-10
1.05241e-10
1.12069e-10
1.01204e-10
1.06073e-10
1.03218e-10
1.02484e-10
1.01838e-10
0.0215387
9.70716e-11
1.0174e-10
1.09592e-10
1.04777e-10
9.96749e-11
9.1736e-11
9.98311e-11
1.01882e-10
1.00354e-10
0.00017654
1.10024e-10
0.0656679
1.02382e-10
1.00795e-10
1.00649e-10
1.06563e-10
1.02046e-10
1.14356e-10
0.02335
1.02813e-10
8.78244e-11
0.0502961
1.15395e-10
8.99232e-11
0.000118829
9.96831e-11
0.0013674
9.99129e-11
1.00061e-10
9.97935e-11
9.97962e-11
1.00192e-10
1.01494e-10
1.03176e-10
9.93097e-11
0.011623
0.0495361
0.141851
9.59211e-11
0.00458083
9.97735e-11
1.00113e-10
1.01426e-10
1.06282e-10
9.48514e-11
1.05582e-10
1.03978e-10
1.05113e-10
0.00430573
0.308869
1.00041e-10
0.166258
0.0805514
0.234414
0.0628012
0.00221726
0.03695
0.00870092
1.00666e-10
9.98033e-11
1.02148e-10
0.0265382
0.0204636
0.0528411
0.0575319
0.0331083
1.06214e-10
0.0456731
1.02526e-10
9.99536e-11
1e-10
1.09347e-10
1.02607e-10
9.9777e-11
9.4559e-11
0.312717
1.02351e-10
9.1072e-11
9.7853e-11
1.00594e-10
9.85375e-11
9.89036e-11
9.88586e-11
0.0233334
0.0862336
0.0311734
1e-10
9.79838e-11
9.90993e-11
0.00072121
1e-10
4.18686e-05
1.00337e-10
1.04345e-10
1.1057e-10
0.28864
0.0404689
9.79725e-11
1.0148e-10
9.8263e-11
1.04779e-10
9.93561e-11
1.04233e-10
1.00505e-10
1.00037e-10
1.01051e-10
8.74998e-11
9.54421e-11
9.29088e-11
9.09138e-11
9.26141e-11
9.93168e-11
1.03114e-10
9.3864e-11
1.15936e-10
1.03998e-10
1.08823e-10
1.06464e-10
9.2435e-11
1.0076e-10
1.0547e-10
9.27036e-11
1.0116e-10
9.21328e-11
1.00297e-10
9.40035e-11
1.04685e-10
8.79367e-11
8.99602e-11
9.57596e-11
9.44357e-11
9.70422e-11
8.843e-11
9.16404e-11
9.1239e-11
9.3549e-11
1.05819e-10
9.74758e-11
1.038e-10
1.04417e-10
1.06705e-10
9.06414e-11
9.34524e-11
8.87316e-11
9.16848e-11
1.06853e-10
9.82481e-11
9.32059e-11
1.04897e-10
9.49762e-11
8.89816e-11
9.01714e-11
9.48769e-11
9.0544e-11
1.01899e-10
9.92603e-11
8.65171e-11
1.15053e-10
9.06888e-11
8.78812e-11
1.03603e-10
8.85205e-11
1.06384e-10
1.15633e-10
1.00772e-10
1.01722e-10
9.92617e-11
2.22217e-10
9.38782e-11
1.03753e-10
9.10391e-11
9.94147e-11
1.03579e-10
1.18721e-10
1.13784e-10
1.03533e-10
1.02232e-10
9.88337e-11
9.82065e-11
9.00189e-11
8.82268e-11
1.00853e-10
8.95876e-11
1.07591e-10
9.75143e-11
1.06281e-10
1.07407e-10
8.72113e-11
9.66759e-11
8.88051e-11
9.08923e-11
1.01506e-10
9.95297e-11
9.92341e-11
1.0942e-10
8.75035e-11
9.28865e-11
9.98083e-11
9.86838e-11
9.46273e-11
9.79996e-11
9.44359e-11
9.36304e-11
1.04901e-10
1.02204e-10
1.07377e-10
9.91577e-11
1.08271e-10
1.04805e-10
1.05696e-10
1.14973e-10
1.0271e-10
9.89099e-11
1.15468e-10
1.09858e-10
1.06652e-10
1.14377e-10
1.10497e-10
9.34622e-11
1e-10
9.90239e-11
1.01667e-10
9.99748e-11
9.99498e-11
9.93131e-11
1.04535e-10
1.02917e-10
9.52419e-11
1.00393e-10
1.00921e-10
9.96543e-11
9.68634e-11
8.82428e-11
1.00064e-10
1e-10
9.85186e-11
9.67933e-11
1.08305e-10
1.117e-10
1.00504e-10
1.01776e-10
9.72979e-11
9.75822e-11
9.76383e-11
9.98547e-11
1.01254e-10
9.64202e-11
1.07511e-10
1.00176e-10
1.02006e-10
9.76822e-11
9.89247e-11
9.74808e-11
9.7317e-11
9.96654e-11
9.59135e-11
9.69458e-11
9.86125e-11
9.98058e-11
9.67984e-11
1.00516e-10
9.63084e-11
1.03633e-10
9.63349e-11
9.21147e-11
1.08189e-10
9.77121e-11
1.04821e-10
9.80051e-11
9.56488e-11
9.54811e-11
1.1155e-10
1.03535e-10
1.01964e-10
1.03639e-10
1.10252e-10
1.07192e-10
1.05316e-10
1.03141e-10
1.05445e-10
9.50295e-11
1.0447e-10
9.87423e-11
9.83702e-11
9.68626e-11
9.9192e-11
9.59788e-11
9.58162e-11
9.8239e-11
1.00373e-10
9.93236e-11
1.03585e-10
9.82667e-11
1.04533e-10
9.74999e-11
9.75951e-11
9.69085e-11
9.66943e-11
9.8195e-11
1.44358e-10
1.04473e-10
9.8921e-11
1.04138e-10
9.00389e-11
9.62075e-11
1.03462e-10
9.08963e-11
1.05113e-10
9.99608e-11
9.92364e-11
1.07329e-10
1.04877e-10
9.36859e-11
9.78347e-11
1.05387e-10
1.11187e-10
9.81971e-11
9.87864e-11
9.23509e-11
6.61649e-10
9.68003e-11
1.01525e-10
9.92267e-11
1.00612e-10
1.13194e-10
1.15531e-10
9.74308e-11
8.66951e-11
1.08247e-10
1.06961e-10
9.91101e-11
1.0985e-10
2.93277e-10
9.66494e-11
1.11036e-10
1.01511e-10
1.0531e-10
1.06385e-10
1.03701e-10
1.10357e-10
9.21232e-11
1.0228e-10
1.04791e-10
1.04413e-10
1.09332e-10
1.05748e-10
1.01464e-10
1.06036e-10
9.28327e-11
1.13248e-10
1.05286e-10
1.04514e-10
1.05261e-10
1.05016e-10
1.06192e-10
9.30037e-11
1.00697e-10
9.77177e-11
1.03061e-10
9.65612e-11
1.03869e-10
1.01008e-10
1.22166e-10
9.67645e-11
1.09702e-10
1.00889e-10
9.3798e-11
1.21514e-10
9.71935e-11
0.0982098
1.08056e-10
1.0689e-10
2.12328e-10
1.10866e-10
1.02779e-10
1.03605e-10
9.17424e-11
1.05262e-10
1.03518e-10
8.91725e-11
1.01281e-10
1.01756e-10
9.86724e-11
1.10333e-10
9.82021e-11
9.38046e-11
9.82518e-11
1.02472e-10
1.11056e-10
9.65443e-11
9.85119e-11
1.00978e-10
1.08694e-10
9.89055e-11
1.09243e-10
1.10592e-10
1.14564e-10
9.99487e-11
9.45609e-11
9.83389e-11
1.0484e-10
9.9917e-11
1.16402e-10
1.053e-10
1.44141e-10
1.04567e-10
9.95517e-11
9.56543e-11
1.04635e-10
1.00766e-10
1.00633e-10
9.98598e-11
9.48552e-11
9.61703e-11
9.52552e-11
1.06801e-10
1.0223e-10
1.066e-10
1.03927e-10
9.43771e-11
1.01615e-10
1.03948e-10
1.01408e-10
9.5277e-11
9.55352e-11
1.09366e-10
1.01067e-10
9.47891e-11
1.06252e-10
1.10013e-10
9.32998e-11
1.04177e-10
9.59269e-11
9.66673e-11
9.63234e-11
9.94297e-11
1.08079e-10
9.59211e-11
9.10832e-11
1.05054e-10
1.08776e-10
1.07397e-10
1.06561e-10
9.95576e-11
9.72136e-11
1.05551e-10
9.6247e-11
9.53719e-11
1.0246e-10
9.96249e-11
1.01982e-10
9.6926e-11
1.01058e-10
9.5634e-11
1.03555e-10
1.08504e-10
1.13585e-10
1.1005e-10
1.05915e-10
9.59484e-11
9.18311e-11
1.05953e-10
1.05663e-10
9.10526e-11
9.62233e-11
1.14717e-10
1.03634e-10
1.16401e-10
9.77326e-11
1.17424e-10
2.48837e-10
1.05894e-10
1.00409e-10
1.13776e-10
1.01411e-10
1.0452e-10
1.26745e-10
2.1435e-10
1.10094e-10
0.1125
1.38477e-10
2.45669e-10
1.64385e-10
1.34736e-10
1.6261e-10
1.26421e-10
1.12024e-10
1.2324e-10
9.69815e-11
1.19796e-10
1.08231e-10
1.31753e-10
1.02918e-10
9.17565e-11
1.05929e-10
9.55964e-11
1.13567e-10
1.01017e-10
1.1019e-10
1.08879e-10
1.0122e-10
1.04195e-10
1.05812e-10
1.11466e-10
1.14413e-10
1.03152e-10
9.6807e-11
1.26068e-10
1.0969e-10
1.13074e-10
9.99013e-11
9.36774e-11
9.80447e-11
9.43217e-11
9.92425e-11
9.56566e-11
1.90318e-10
9.55168e-11
1.18387e-10
1.00811e-10
1.02512e-10
1.05452e-10
1.06499e-10
1.08026e-10
1.05201e-10
1.08242e-10
0.025
7.85414e-11
8.36264e-10
0.0755078
8.86479e-11
9.88545e-11
2.42973e-10
1.21189e-10
1.33128e-10
1.02305e-10
1.00041e-10
9.87649e-11
9.889e-11
1.00923e-10
8.93148e-11
9.49744e-11
9.56569e-11
9.76789e-11
9.83432e-11
1.07786e-10
9.98432e-11
1.01818e-10
9.54744e-11
1.00482e-10
9.47663e-11
9.66423e-11
1.01984e-10
1.01492e-10
1.02144e-10
9.6588e-11
1.0388e-10
1.04188e-10
1.01442e-10
1.05496e-10
1.03912e-10
9.73758e-11
9.86822e-11
1.00881e-10
1.04812e-10
1.02471e-10
1.01164e-10
9.37636e-11
9.83144e-11
9.99127e-11
9.98448e-11
9.90619e-11
1.07828e-10
1.01415e-10
8.22221e-11
9.94409e-11
1.00564e-10
1.0247e-10
1.05999e-10
9.30876e-11
1.08126e-10
9.95308e-11
1.01609e-10
9.81562e-11
1e-10
8.93786e-11
9.54854e-11
9.50231e-11
9.11844e-11
1.0008e-10
9.67416e-11
1.46151e-10
1.06803e-10
9.65617e-11
1.05739e-10
9.37576e-11
1.04804e-10
9.78161e-11
1.0979e-10
9.40657e-11
1.04898e-10
9.4961e-11
1.03314e-10
1.10152e-10
9.43558e-11
9.57241e-11
1.18092e-10
8.89142e-11
8.94796e-11
1.08733e-10
9.08401e-11
9.39455e-11
1.16995e-10
9.31274e-11
8.68855e-11
1.09659e-10
1.12402e-10
1.216e-10
9.26937e-11
9.94293e-11
8.18614e-11
6.50341e-10
1.02564e-10
1.0287e-10
9.23608e-11
9.56157e-11
1.00188e-10
9.94435e-11
1.9377e-10
1.03456e-10
9.99219e-11
9.32391e-11
8.86813e-11
1.00206e-10
9.93895e-11
9.77565e-11
9.80998e-11
9.99526e-11
9.75926e-11
9.98124e-11
9.36537e-11
9.99248e-11
9.92282e-11
1.0001e-10
6.8791e-11
1e-10
1.00305e-10
9.56113e-11
1.27749e-10
9.80298e-11
9.86239e-11
1.00146e-10
9.75973e-11
1.00263e-10
1.01826e-10
1.0319e-10
9.07615e-11
1.00339e-10
9.61136e-11
9.91468e-11
1.20629e-10
9.9855e-11
1.00154e-10
1.00426e-10
8.9783e-11
1.00413e-10
9.99239e-11
1.00121e-10
1.22664e-10
9.99855e-11
9.82163e-11
9.85449e-11
9.90978e-11
9.95509e-11
1.00702e-10
1.02397e-10
9.41974e-11
1.04308e-10
9.97736e-11
9.9198e-11
1.01451e-10
9.6783e-11
1.01789e-10
9.48087e-11
9.27407e-11
1.04076e-10
1.00211e-10
9.4014e-11
1.00118e-10
1.3093e-10
1.03674e-10
9.78628e-11
1.03681e-10
1.06737e-10
1.05243e-10
1.01122e-10
8.98244e-11
9.35389e-11
9.92959e-11
9.92553e-11
9.97237e-11
1.00109e-10
1.00033e-10
1.08053e-10
1.00833e-10
1.02645e-10
1.03719e-10
1.88305e-10
1.07857e-10
9.33493e-11
1.04744e-10
1.12336e-10
1.0024e-10
9.30437e-11
1.044e-10
1.05372e-10
9.36798e-11
9.67911e-11
9.60225e-11
1.03855e-10
1.06526e-10
1.04456e-10
1.00858e-10
9.29471e-11
9.2572e-11
1.04871e-10
9.70635e-11
1.02384e-10
1.03756e-10
1.16503e-10
9.31378e-11
1.00181e-10
9.94884e-11
1.07919e-10
1.03695e-10
1.04844e-10
9.35972e-11
9.02138e-11
1.05883e-10
1.07449e-10
0.000363705
9.76422e-11
1.09855e-10
1.03891e-10
9.34875e-11
1.15977e-10
9.90906e-11
1.04623e-10
1.0273e-10
1.10907e-10
1.03558e-10
1.01291e-10
1.05194e-10
1.02881e-10
1.0272e-10
1.09651e-10
1.05004e-10
8.94859e-11
1.08772e-10
1.05831e-10
9.1239e-11
9.04388e-11
8.86047e-11
1.00175e-10
8.60506e-11
1.00328e-10
1.00456e-10
9.90569e-11
9.67289e-11
1.04663e-10
7.7345e-11
9.6301e-11
9.82549e-11
9.95734e-11
9.72651e-11
1.08016e-10
1.00725e-10
1.11887e-10
1.40438e-10
9.62245e-11
1.00274e-10
0.000498754
9.687e-11
1.84087e-10
1.07237e-10
1.04638e-10
1.05127e-10
1.1115e-10
1.16341e-10
1e-10
1.14161e-10
9.62903e-11
9.92308e-11
9.93399e-11
1.00028e-10
9.9268e-11
1.01625e-10
1.0146e-10
9.8797e-11
1.02143e-10
1.0041e-10
9.74308e-11
1.03091e-10
9.43736e-11
9.96388e-11
9.09676e-11
1.10224e-10
9.86375e-11
1.08107e-10
1.03066e-10
1.016e-10
1.27281e-10
9.78133e-11
1.062e-10
9.8289e-11
1.05517e-10
9.74173e-11
9.47111e-11
1.05895e-10
1.00368e-10
0.0107034
9.47412e-11
9.56171e-11
9.77375e-11
1.01499e-10
9.39978e-11
9.75798e-11
1.00139e-10
1.06304e-10
9.7253e-11
1.22351e-10
9.93051e-11
0.00195449
1.02153e-10
9.44543e-11
9.73319e-11
9.5223e-11
1.00426e-10
9.69393e-11
1.09926e-10
1.068e-10
9.59545e-11
1.09136e-10
9.58016e-11
9.78109e-11
8.97767e-11
9.8665e-11
1.04917e-10
1.09548e-10
1.01574e-10
1.07014e-10
9.62313e-11
1.05095e-10
9.4154e-11
9.70709e-11
1.00633e-10
9.85527e-11
9.83149e-11
1.05021e-10
1.0087e-10
1.08327e-10
9.73788e-11
9.95884e-11
1.01383e-10
9.8794e-11
9.59576e-11
1.02947e-10
9.37116e-11
9.41692e-11
1.08704e-10
8.78235e-11
9.73972e-11
9.67069e-11
9.51597e-11
1.01803e-10
1.01276e-10
1.11622e-10
9.95479e-11
9.89297e-11
9.85856e-11
9.75385e-11
1.08351e-10
9.71777e-11
9.88502e-11
1.0101e-10
9.54802e-11
1.07335e-10
1.03926e-10
9.79214e-11
1.02768e-10
9.72828e-11
9.11881e-11
9.94441e-11
1.01849e-10
1.06506e-10
1.05947e-10
1.0084e-10
9.91057e-11
9.94511e-11
9.50871e-11
9.3044e-11
9.66083e-11
1.01109e-10
9.48507e-11
1.06465e-10
9.13245e-11
9.98312e-11
9.57187e-11
9.81665e-11
8.9301e-11
9.02925e-11
1.03593e-10
1.00041e-10
1.01045e-10
1.1307e-10
1.02633e-10
1.26498e-10
9.38542e-11
1.02832e-10
9.44012e-11
9.63484e-11
1.06491e-10
9.44138e-11
9.67792e-11
9.63046e-11
9.93761e-11
9.75411e-11
1.01326e-10
9.87751e-11
1.05079e-10
1.00126e-10
9.88775e-11
1.00056e-10
9.53007e-11
9.5069e-11
9.23033e-11
9.6075e-11
9.62519e-11
9.46295e-11
1.01223e-10
9.91748e-11
9.77769e-11
9.39515e-11
9.88283e-11
9.70648e-11
9.958e-11
9.85029e-11
9.57672e-11
9.69806e-11
9.92287e-11
9.95241e-11
9.99939e-11
9.8858e-11
9.70504e-11
9.89023e-11
1.02941e-10
9.70576e-11
1.01111e-10
1.01826e-10
9.73177e-11
9.85039e-11
1.00305e-10
9.82636e-11
9.73599e-11
1.04822e-10
1.01326e-10
1.06331e-10
9.90721e-11
9.84411e-11
9.784e-11
9.60113e-11
9.73399e-11
1.05906e-10
1.00008e-10
9.39324e-11
1.00733e-10
9.80697e-11
9.3199e-11
9.49068e-11
0.0875
9.69084e-11
9.0293e-11
9.64562e-11
0.135276
0.202856
0.0509544
0.195215
0.0388344
0.019485
9.41984e-11
9.77993e-11
0.115927
9.93439e-11
0.00354527
0.0533665
0.0367693
9.97139e-11
0.182101
9.66317e-11
0.0346213
0.61698
9.73297e-11
9.42823e-11
9.77208e-11
0.110695
0.281408
0.0983505
9.94327e-11
0.707901
0.0614625
0.0632432
0.0380848
0.00139677
9.59552e-11
0.0523597
0.0309096
0.894952
0.037316
9.94031e-11
0.0892046
0.0661243
0.165794
0.26152
9.91715e-11
0.00543514
9.05237e-11
9.18753e-11
0.0248957
0.0586084
8.89976e-11
9.98074e-11
0.00719855
1.00318e-10
9.85286e-11
9.97689e-11
0.0283307
0.0212082
9.97179e-11
0.50874
1.01231e-10
0.977541
9.9851e-11
0.000214575
0.119873
0.000270747
0.246561
9.99617e-11
0.025122
1.0211e-10
9.88443e-11
1.04604e-10
0.0465276
8.27293e-11
1.57719e-10
9.43937e-11
6.16758e-11
1e-10
1.01963e-10
9.85573e-11
1.07303e-10
9.85817e-11
9.95391e-11
1.01529e-10
1.00254e-10
9.93171e-11
9.45056e-11
1.20994e-10
0.000413672
7.8537e-11
9.79567e-11
9.99441e-11
1.02294e-10
9.99499e-11
8.83968e-11
1.05461e-10
0.053796
0.131893
0.127143
0.0535944
2.74539e-10
0.0407074
1.31447e-10
9.98892e-11
0.200592
1.00545e-10
9.936e-11
1.00799e-10
0.198146
0.12326
1e-10
0.966599
0.0118845
0.124321
1e-10
1.11588e-10
0.142742
0.150544
0.185617
0.0217447
1.07801e-10
1.00991e-10
9.66252e-11
0.2125
1e-10
9.96208e-11
1.00094e-10
0.180766
0.00233603
1e-10
0.990335
0.957807
9.99911e-11
0.987471
0.00975348
0.000398592
0.578913
0.856174
0.132506
0.0632431
0.0587511
0.0324132
0.166157
0.0515487
0.112666
1.00516e-10
1.1012e-10
1.03723e-10
0.0729843
0.134938
0.0483378
0.116101
0.01143
1.00643e-10
9.10913e-11
9.85546e-11
9.46873e-11
0.0812622
0.0650239
0.00491637
0.0386122
1.05624e-10
0.0778725
1.11233e-10
1.13236e-10
1.01235e-10
1.01842e-10
1e-10
1.72508e-10
1e-10
1.01784e-10
1.95037e-10
1e-10
9.99797e-11
8.24793e-05
1.0066e-10
9.97574e-11
9.26611e-11
9.9941e-11
9.9074e-11
9.94519e-11
9.92209e-11
9.99447e-11
9.82826e-11
1.78519e-10
1.0471e-10
7.53545e-11
1.08747e-10
1.06242e-10
9.88503e-11
9.28084e-11
9.54117e-11
1.03e-10
9.59775e-11
9.99208e-11
9.88708e-11
1.02132e-10
1.04104e-10
9.82565e-11
1.04981e-10
1.33114e-10
1.00771e-10
1.02707e-10
9.93511e-11
9.86618e-11
1.00019e-10
1.03444e-10
1.01824e-10
1.09827e-10
1.05555e-10
1.00911e-10
1.00367e-10
1.00244e-10
1.00716e-10
1.00955e-10
9.88594e-11
0.0619753
1.00195e-10
1.05311e-10
9.26342e-11
9.54916e-11
1.02786e-10
7.25779e-11
7.12246e-11
1.00605e-10
1.12637e-10
9.22994e-11
1.59159e-10
1.05201e-10
9.22405e-11
5.36563e-11
9.02754e-11
9.97949e-11
9.85728e-11
1.14354e-10
8.8342e-11
9.10216e-11
9.11342e-11
9.87715e-11
9.99524e-11
9.95403e-11
1.01677e-10
9.75442e-11
1.21046e-10
1.04236e-10
1.02971e-10
0.0860889
1.01508e-10
9.7335e-11
1.05413e-10
1.03581e-10
1.02776e-10
0.0563941
1.0357e-10
9.49938e-11
9.61889e-11
0.0955762
0.0389034
0.0598792
1.06478e-10
0.0819052
0.0437287
9.45302e-11
0.0015476
0.0286126
0.0214593
1.05871e-10
1.00819e-10
1.03637e-10
0.00805432
0.08969
0.060659
9.84294e-11
1.02253e-10
1.02566e-10
1.01774e-10
0.151653
1.04527e-10
0.0587815
0.411557
0.668652
0.315092
0.0915651
0.00963559
0.125238
0.114485
0.0231214
0.286332
0.136038
0.41903
0.080596
0.272003
0.453219
0.142227
0.182284
0.190951
0.613278
0.261021
1.0008e-10
1.29507e-10
1.09902e-10
1.01334e-10
1.08081e-10
1.04123e-10
1.03495e-10
9.97803e-11
9.56772e-11
9.61299e-11
9.81411e-11
1.11116e-10
1.02359e-10
9.43127e-11
9.3083e-11
9.51523e-11
9.46927e-11
9.2879e-11
9.4066e-11
9.26895e-11
1.37853e-10
9.51509e-11
1.02563e-10
9.96999e-11
0.0124783
9.94487e-11
1.01425e-10
1.04383e-10
9.97874e-11
1.02127e-10
1.03787e-10
1.02893e-10
1.02059e-10
1.00835e-10
9.28379e-11
1.01948e-10
1.02511e-10
1.00229e-10
1.00687e-10
1.02733e-10
1.01807e-10
1.01688e-10
1.01294e-10
1.05048e-10
1.05386e-10
0.114131
1.05917e-10
1.00039e-10
0.00227359
1.1168e-10
1.01516e-10
1.04903e-10
1.00649e-10
1.01093e-10
1.01792e-10
1.0059e-10
1.01168e-10
9.93962e-11
1.02705e-10
9.99121e-11
0.00600091
1.05477e-10
1.06189e-10
1.03703e-10
1.02942e-10
1.04481e-10
1.04451e-10
1.02811e-10
0.123424
0.128358
1.23382e-10
9.99619e-11
9.79442e-11
0.000195383
1.04756e-10
1.02227e-10
1.06917e-10
1.01798e-10
1.01175e-10
0.0318911
0.222778
1.0095e-10
9.61115e-11
0.131877
0.46398
9.84207e-11
0.0472614
0.0390654
0.100827
0.451389
0.432275
0.158689
1.01672e-10
1.34415e-10
0.0121577
0.0684026
9.9473e-11
0.0802759
0.197686
0.0582269
1.05422e-10
0.0990073
0.0961867
0.0735184
0.0880724
0.0485959
0.0342853
0.00651822
0.0407223
0.0100159
0.0762052
0.0848903
1.03198e-10
1.06377e-10
0.156489
1.06172e-10
9.67817e-11
1.0236e-10
0.0921524
0.0015298
0.0864593
0.0151575
0.0462773
1.0943e-10
1.08565e-10
0.00828352
1.07869e-10
9.46525e-11
1.0023e-10
1.00182e-10
0.0632755
9.85352e-11
0.0676376
9.97395e-11
8.73704e-11
0.0846439
0.266458
0.00959276
0.0856225
0.160737
0.337356
0.429254
0.0335626
9.318e-11
0.063654
0.00795391
0.20517
0.190745
0.0355304
0.00292863
0.229715
9.92123e-11
0.0964462
0.173415
0.0514601
0.0803945
0.0910808
0.157366
1.00938e-10
0.00650712
0.00031189
1.01544e-10
0.0537361
0.151445
0.00346901
0.0920861
0.00881911
1.04356e-10
1.03547e-10
0.0789066
0.00828701
1.03529e-10
0.000657786
1.04526e-10
0.140419
0.0728277
1.04646e-10
0.0112383
0.000377808
0.026563
1.06981e-10
0.0994385
9.84723e-11
9.89e-11
1.06217e-10
1.03086e-10
1.05759e-10
0.0771761
1.03244e-10
1.01349e-10
0.00328775
0.0569657
1.04901e-10
0.0136253
0.0205138
0.0384523
0.0204008
0.0765445
0.0599254
0.0605137
0.196692
1.07693e-10
1.05295e-10
0.1143
0.00463322
0.109576
0.00340442
1.06903e-10
9.9393e-11
1.03111e-10
9.82767e-11
1.05092e-10
1.01411e-10
1.05162e-10
9.53241e-11
1.04483e-10
9.57012e-11
1.07992e-10
0.00123768
1.07582e-10
0.0138008
1.01433e-10
0.0228659
9.67156e-11
0.044204
0.121131
0.0279715
0.0860053
0.0428243
0.0746575
9.80997e-11
1.09172e-10
1.02515e-10
1.03029e-10
0.0963727
0.0819939
0.0828886
0.0494771
1.00347e-10
0.0672141
0.156857
0.087047
0.332926
0.0868581
0.111806
0.0971189
0.0823277
1.02119e-10
1.00263e-10
9.70128e-11
9.92555e-11
1.01432e-10
0.000109898
9.99628e-11
1.11768e-10
1.0681e-10
9.43027e-11
1.0177e-10
1.00016e-10
1.07958e-10
1.01463e-10
1.0407e-10
0.0873987
1.04671e-10
1.04355e-10
1.08595e-10
1.0238e-10
1.0816e-10
1.03529e-10
1.36245e-10
0.0823322
1.06831e-10
0.0748908
1.01393e-10
0.0985977
9.94772e-11
0.0690396
1.10831e-10
0.0943527
1.01458e-10
0.0618096
9.92131e-11
9.94979e-11
9.64563e-11
0.0551041
1.06881e-10
1.00508e-10
0.100688
0.0930369
0.0990025
1.00268e-10
0.00720749
9.82877e-11
1.01379e-10
0.00303077
0.0878547
1.03518e-10
1.03217e-10
1.00354e-10
1.0865e-10
1.06602e-10
1.09748e-10
1.25539e-10
0.0988004
0.0813129
9.6301e-11
0.000403185
0.0564992
9.69789e-11
0.099393
1.02533e-10
0.0733355
0.0382367
0.0909416
0.0832956
0.0955658
0.0914025
1.03886e-10
9.90206e-11
9.56657e-11
1.10917e-10
9.52533e-11
0.000214109
9.86258e-11
1.01771e-10
1.01484e-10
1.04638e-10
8.75602e-11
8.96591e-11
9.36861e-11
1.01874e-10
9.03803e-11
1.0156e-10
1.04373e-10
8.31418e-11
8.61126e-11
9.36428e-11
1.01625e-10
1.01253e-10
0.000485984
9.54028e-11
9.06884e-11
9.87419e-11
9.14799e-11
1.01167e-10
1.03261e-10
9.74686e-11
1.01466e-10
1.07676e-10
1.03285e-10
1.10529e-10
1.03101e-10
1.00508e-10
1.00599e-10
9.16919e-11
1.02273e-10
1.05574e-10
9.35137e-11
1.03957e-10
1.03035e-10
1.0412e-10
1.00085e-10
0.020798
0.00108334
9.98307e-11
1.0257e-10
9.24322e-11
1.02942e-10
1.04131e-10
1.01762e-10
1.11411e-10
1.04776e-10
1.03529e-10
9.98506e-11
1e-10
1.02518e-10
1.00539e-10
9.49661e-11
9.20503e-11
0.00173295
1.02996e-10
1.04525e-10
1.02033e-10
1.04265e-10
1.02412e-10
1.06348e-10
1.0251e-10
1.20123e-10
1.0128e-10
0.000328545
0.00296407
1.05888e-10
1.03189e-10
9.25594e-11
9.85203e-11
1.07458e-10
1.00145e-10
8.45964e-11
9.94203e-11
1e-10
0.000210112
1.00046e-10
1.00469e-10
9.85363e-11
9.76721e-11
1.06445e-10
1.17013e-10
1.01831e-10
1.01246e-10
1.00101e-10
8.55115e-11
1.00639e-10
9.55964e-11
9.98723e-11
1.01456e-10
1.0164e-10
9.94548e-11
1.08105e-10
1.08471e-10
0.101195
0.0401339
0.0717721
0.0437699
0.00241976
1.01677e-10
1.00272e-10
9.92345e-11
8.90641e-11
9.57126e-11
1.01766e-10
0.0284067
9.91512e-11
9.9684e-11
1.04448e-10
0.000126578
0.000216843
0.0251218
9.39805e-11
1.02242e-10
1.05457e-10
9.99802e-11
9.74526e-11
1.04321e-10
9.87367e-11
1.01374e-10
1.00519e-10
1.0304e-10
1.02523e-10
1.00127e-10
1.0044e-10
1.00881e-10
1.0298e-10
1.00419e-10
1.02187e-10
9.99437e-11
1e-10
9.94891e-11
1.00085e-10
9.95316e-11
1.00422e-10
9.86193e-11
1.02034e-10
1.00971e-10
1e-10
9.94482e-11
1.00355e-10
9.76853e-11
9.80001e-11
1e-10
1e-10
1.00074e-10
9.94808e-11
1.0044e-10
9.95755e-11
1.00794e-10
1.00019e-10
9.91935e-11
1.07819e-10
1.00477e-10
1.354e-10
1.01278e-10
1.00806e-10
9.85109e-11
1e-10
9.98226e-11
9.91625e-11
9.99631e-11
1.00136e-10
9.97594e-11
9.99242e-11
6.57928e-11
9.769e-11
9.98676e-11
1.00371e-10
9.96583e-11
1.00103e-10
1e-10
9.99117e-11
7.35462e-11
1.0151e-10
1.00563e-10
1e-10
1e-10
9.88559e-11
1.00082e-10
9.97215e-11
9.9786e-11
1e-10
9.99913e-11
1e-10
1e-10
1.00013e-10
9.93806e-11
9.99431e-11
1.00928e-09
1.02399e-10
1.00057e-10
1.00012e-10
1.00177e-10
1.75317e-05
9.09523e-11
9.4949e-11
9.13487e-11
1.04417e-10
6.34418e-11
9.92611e-11
9.98245e-11
9.79825e-11
9.97002e-11
9.20221e-11
1.01138e-10
9.7748e-11
1.00082e-10
1e-10
1.00706e-10
9.90838e-11
1.02853e-10
1.0228e-10
9.66272e-11
8.77519e-11
9.48869e-11
1.02028e-10
9.80011e-11
1.00403e-10
9.55464e-11
9.86712e-11
9.95786e-11
1.00066e-10
9.97489e-11
9.64112e-11
1.00562e-10
1.00566e-10
9.9487e-11
1.03555e-10
9.92886e-11
9.00505e-11
1.01814e-10
2.41451e-10
0.00623763
9.44352e-11
4.92114e-05
9.98452e-11
0.000402956
3.36887e-10
1.05224e-10
0.0875
7.59863e-11
9.4761e-11
1.004e-10
2.26184e-05
1e-10
9.94645e-11
1.40162e-10
9.91907e-11
1.00315e-10
1e-10
1e-10
9.90382e-11
9.83274e-11
1.30859e-10
1.02949e-10
9.70593e-11
1.01574e-10
9.95256e-11
9.94889e-11
9.98898e-11
1.05081e-10
9.82855e-11
9.90701e-11
1.03397e-10
9.88221e-11
1.00071e-10
1.00683e-10
1.03333e-10
1.00455e-10
1.01574e-10
1.00911e-10
9.8261e-11
9.99893e-11
9.96721e-11
1.00461e-10
9.74872e-11
1.01605e-10
1.0195e-10
9.86675e-11
1.08162e-10
1.01276e-10
1.03482e-10
9.41333e-11
1.03829e-10
9.81347e-11
1.30489e-10
1.01245e-10
9.97202e-11
1.01015e-10
9.97036e-11
1.08651e-10
1.01965e-10
5.70056e-11
1.00006e-10
1.00687e-10
1.03104e-10
9.96085e-11
9.86902e-11
1.02907e-10
9.91651e-11
9.5552e-11
1.01273e-10
1.01461e-10
9.55495e-11
1.03987e-10
9.80255e-11
1.01503e-10
1e-10
9.91551e-11
1.04056e-10
1.52839e-10
1.02025e-10
9.84849e-11
8.507e-11
3.64436e-10
9.83153e-11
9.90082e-11
1.04102e-10
9.64543e-11
1.4751e-10
1.94704e-10
1.00743e-10
9.88398e-11
1.02016e-10
9.98587e-11
1.04581e-10
9.67108e-11
1.05363e-10
9.41702e-11
1.00821e-10
9.71593e-11
1.30919e-10
9.73908e-11
1.05464e-10
7.83413e-05
1.015e-10
9.55223e-11
9.11509e-11
9.13842e-11
9.80231e-11
9.60917e-11
1.02586e-10
1.05892e-10
9.83662e-11
9.99926e-11
9.37562e-11
1.77323e-10
1.04668e-10
9.62298e-11
1.03024e-10
1.01866e-10
1.19248e-10
9.96596e-11
1.0308e-10
1.10083e-10
9.24537e-11
1.09662e-10
9.40909e-11
9.66689e-11
9.62685e-11
9.95319e-11
1.13594e-10
1.04241e-10
1.02939e-10
1.01223e-10
1.01919e-10
1.42082e-10
1.11093e-10
1.01001e-10
9.4437e-11
9.5285e-11
1.04308e-10
9.56789e-11
9.38283e-11
1.03337e-10
9.24578e-11
9.12226e-11
8.04759e-11
8.72444e-11
1.04066e-10
1.09906e-10
9.58891e-11
9.83413e-11
9.37508e-11
1.02987e-10
1.0327e-10
1.01653e-10
9.64643e-11
1.01543e-10
9.73607e-11
9.76212e-11
9.32975e-11
1.04631e-10
9.89925e-11
1.06246e-10
9.52081e-11
9.71963e-11
9.52473e-11
9.23765e-11
1.09019e-10
1.00825e-10
9.74727e-11
9.45271e-11
9.8636e-11
1.06597e-10
9.46539e-11
1.01755e-10
9.50885e-11
1.05001e-10
9.80633e-11
9.93216e-11
9.67769e-11
9.9886e-11
1.00106e-10
9.95782e-11
1.02742e-10
9.99976e-11
1.03447e-10
1e-10
1.00854e-10
1.01207e-10
9.69843e-11
1.02409e-10
1.04622e-10
1.01906e-10
9.82759e-11
9.97585e-11
1.04242e-10
1.03768e-10
1.00743e-10
1.0019e-10
1e-10
1.02714e-10
1.04604e-10
9.52759e-11
1.03585e-10
0.00935969
1.00669e-10
1.02336e-10
1.02557e-10
1.01241e-10
9.98922e-11
1.06059e-10
2.4185e-10
1.03716e-10
9.62175e-11
9.75801e-11
1.79339e-10
1.50741e-10
1.04954e-10
1.06356e-10
9.42128e-11
9.05491e-11
1.04283e-10
1.06987e-10
9.95958e-11
1.03179e-10
1.06095e-10
1.09285e-10
1.00699e-10
9.88949e-11
1.00068e-10
9.96011e-11
9.94163e-11
1.04328e-10
9.68037e-11
1.01734e-10
1.02309e-10
1.00811e-10
9.89481e-11
1.04388e-10
0.0526278
9.95362e-11
9.7575e-11
9.90186e-11
1.06022e-10
1.02104e-10
9.87781e-11
1.02416e-10
9.44088e-11
0.0408617
9.66955e-11
1.05038e-10
1.0091e-10
1.00075e-10
9.48848e-11
0.0503397
1.01546e-10
1.03954e-10
9.11139e-11
9.83999e-11
9.88718e-11
9.90933e-11
9.35224e-11
1.04499e-10
9.31722e-11
9.49605e-11
9.57005e-11
1.01071e-10
1.04833e-10
1.03467e-10
9.45453e-11
1.05946e-10
9.10288e-11
0.0403613
9.85409e-11
5.10809e-05
9.8581e-11
1.04857e-10
1.02241e-10
9.68895e-11
9.25996e-11
9.54561e-11
9.76748e-11
1.01655e-10
1.01422e-10
1.02879e-10
9.48544e-11
9.68117e-11
1.03719e-10
1.04391e-10
0.124292
9.09913e-11
1.30462e-10
1.04861e-10
1.0863e-10
1.02734e-10
9.62349e-11
9.90926e-11
9.64859e-11
1.00038e-10
0.111969
9.92513e-11
1.07624e-10
1.34904e-10
9.8135e-11
1.26836e-10
0.0461748
1.01734e-10
1.03745e-10
1.0432e-10
9.89409e-11
0.00346092
1.05883e-10
1.14624e-10
9.80147e-11
1.02119e-10
9.83917e-11
1.15785e-10
9.79562e-11
1.0318e-10
1.00908e-10
1.05555e-10
0.0222077
1.02638e-10
8.68926e-11
1.02538e-10
1.05477e-10
1.03026e-10
9.33903e-11
0.00545833
9.62733e-11
1.01163e-10
9.30816e-11
1.00202e-10
1.02872e-10
9.34771e-11
9.29717e-11
0.0710416
9.30514e-11
8.5902e-11
0.00271698
8.98002e-11
8.93007e-11
0.00989033
8.73601e-11
9.8504e-11
8.98334e-11
0.000144952
9.87881e-11
0.0703612
0.0288482
1.11104e-10
9.84496e-11
9.99033e-11
1.02256e-10
0.00120507
1.00212e-10
1.12476e-10
9.2839e-11
1.01519e-10
0.00574055
1.0538e-10
0.000958749
9.53614e-11
9.52022e-11
9.45798e-11
9.60785e-11
9.45665e-11
9.34413e-11
9.8336e-11
9.27954e-11
0.0387683
9.78763e-11
1.03745e-10
9.04133e-11
1.00567e-10
0.00102845
1.02322e-10
0.0013677
1.01652e-10
1.02699e-10
0.000337009
1.01216e-10
0.0172341
1.00332e-10
1.0049e-10
8.74e-11
9.35375e-11
9.57514e-11
1.01084e-10
0.00121469
1.02237e-10
1.00462e-10
1.02021e-10
1.00031e-10
1.02398e-10
9.7478e-11
0.00277886
1.08451e-10
1.01522e-10
0.000153063
9.50297e-11
9.35523e-11
1.04646e-10
1.04199e-10
9.021e-11
9.3399e-11
1.17064e-10
9.13817e-11
9.40413e-11
9.7173e-11
9.34516e-11
1.64217e-10
9.45198e-11
9.46946e-11
9.39387e-11
9.82841e-11
1.09792e-10
1.8026e-10
1.09083e-10
9.56351e-11
9.79505e-11
9.78793e-11
9.24468e-11
1.02649e-10
9.56095e-11
9.5604e-11
1.03943e-10
9.80957e-11
1.01129e-10
9.46122e-11
1.00941e-10
1.00765e-10
1.00195e-10
9.68841e-11
9.88895e-11
1.02103e-10
1.00062e-10
1.02667e-10
1.08059e-10
9.91323e-11
9.69282e-11
5.4201e-05
1.00389e-10
1.00283e-10
0.000400177
9.91563e-11
1.06346e-10
1.03752e-10
9.58421e-11
9.62167e-11
9.35146e-11
9.46269e-11
9.85342e-11
1.11836e-10
9.38244e-11
8.94126e-11
9.21931e-11
0.000309356
0.0145428
9.3621e-11
9.6998e-11
0.00220261
0.000161451
9.91461e-11
9.77467e-11
9.22712e-11
0.0248753
1.00238e-10
9.66741e-11
1.78586e-10
9.82142e-11
0.00938076
1.03643e-10
9.90867e-11
9.63398e-11
1.13587e-10
1.02904e-10
1.06795e-10
1.05238e-10
9.52759e-11
9.90906e-11
9.88259e-11
1.0293e-10
1.0014e-10
9.46629e-11
0.00703779
0.00206462
9.8596e-11
1.03006e-10
0.000194456
9.96151e-11
9.91908e-11
1.05549e-10
9.93637e-11
1.02675e-10
0.00260437
1.07784e-10
1.0917e-10
9.17766e-11
1.01605e-10
1.02884e-10
9.47847e-11
1.06938e-10
0.000438409
0.0418426
1.05095e-10
9.75486e-11
0.00113086
9.77535e-11
1.03151e-10
9.64739e-11
1.09492e-10
1.11704e-10
1.03196e-10
9.95058e-11
1.0149e-10
9.83402e-11
1.15749e-10
1.06915e-10
1.02184e-10
1.00636e-10
9.83398e-11
1.06242e-10
9.49061e-11
1.0504e-10
1.00517e-10
1.00878e-10
9.97517e-11
1.04913e-10
1.05354e-10
9.88891e-11
1.04482e-10
1.04893e-10
1.055e-10
1.00222e-10
1.03435e-10
1.02548e-10
1.02967e-10
1.08121e-10
1.06123e-10
1.01757e-10
1.01349e-10
1.02698e-10
1.02875e-10
1.00097e-10
9.59038e-11
0.000243187
1.04408e-10
9.36348e-11
1.00333e-10
9.68927e-11
9.88323e-11
1.02705e-10
9.56513e-11
1.07612e-10
1.03185e-10
1.01476e-10
9.72655e-11
1.00004e-10
1.02961e-10
1.01905e-10
9.73707e-11
9.94444e-11
9.84302e-11
9.45875e-11
1.01516e-10
1.01544e-10
9.43664e-11
9.28755e-11
9.87615e-11
9.8536e-11
9.80182e-11
9.85391e-11
1.03822e-10
1.0191e-10
9.39837e-11
9.93747e-11
1.02222e-10
1.21439e-10
1.00866e-10
9.58779e-11
9.9003e-11
1.04327e-10
1.00419e-10
1.09289e-10
9.49267e-11
9.98725e-11
1.36088e-10
1.00929e-10
0.000151308
9.65759e-11
9.43958e-11
1.00295e-10
9.73418e-11
9.73666e-11
9.98424e-11
9.93309e-11
8.13597e-11
1.03787e-10
9.28044e-11
9.7706e-11
9.29893e-11
9.4408e-11
9.16492e-11
9.49968e-11
1.06551e-10
1.03184e-10
9.94426e-11
0.00719945
9.79754e-11
9.27608e-11
9.70319e-11
1.02983e-10
1.01804e-10
9.37694e-11
9.56282e-11
0.0644134
9.21366e-11
9.84827e-11
1.03119e-10
1.00263e-10
1.0426e-10
1.00986e-10
1.00892e-10
1.05476e-10
9.59836e-11
9.90576e-11
1.01515e-10
9.73897e-11
9.79267e-11
9.53307e-11
9.7621e-11
9.38316e-11
1.0778e-10
1.01091e-10
9.38395e-11
9.58844e-11
1.0036e-10
9.6309e-11
9.90568e-11
9.92897e-11
1.03874e-10
9.64034e-11
9.72511e-11
1.10436e-10
1.01375e-10
1.09834e-10
1.01264e-10
9.72196e-11
9.9959e-11
9.61943e-11
9.43447e-11
1.04358e-10
9.81438e-11
9.49624e-11
9.86575e-11
9.83886e-11
1.03893e-10
9.69727e-11
1.0019e-10
9.46425e-11
9.82851e-11
9.91479e-11
9.77814e-11
9.56579e-11
1.02736e-10
9.4416e-11
9.66369e-11
9.84082e-11
1.01884e-10
9.69427e-11
0.00419551
9.52145e-11
9.6838e-11
9.96516e-11
9.41136e-11
1.11056e-10
9.18912e-11
1.58441e-10
1.18065e-10
1.04586e-10
1.06405e-10
1.18238e-09
9.93441e-11
1.39127e-10
9.40636e-11
1.04057e-10
1.03539e-10
9.39948e-11
9.48322e-11
1.07416e-10
1.10365e-10
9.51845e-11
1.0246e-10
9.76189e-11
1.14846e-10
1.11277e-10
1.15094e-10
1.02571e-10
1.00339e-10
1.0375e-10
1.03074e-10
9.9299e-11
1.03024e-10
1.07951e-10
1.09418e-10
1.13716e-10
1.0155e-10
1.31697e-10
9.46479e-11
9.65083e-11
1.06103e-10
1.18944e-10
9.85896e-11
1.06929e-10
1.56535e-10
1.06463e-10
9.58881e-11
9.88794e-11
1.07259e-10
1.10328e-10
9.46517e-11
1.24483e-10
9.42705e-11
1.04452e-10
9.92589e-11
9.84124e-11
1.09157e-10
9.80577e-11
1.04707e-10
9.67468e-11
9.33716e-11
1.14272e-10
8.93894e-11
9.61656e-11
0.000822648
9.96639e-11
1.02079e-10
1.03615e-10
1.01419e-10
9.87296e-11
1.01018e-10
1.00443e-10
9.40379e-11
1.00518e-10
9.82254e-11
9.32166e-11
9.72301e-11
9.33028e-11
9.51901e-11
8.86454e-11
1e-10
1.11792e-10
9.33847e-11
8.9615e-11
9.89325e-11
1.00422e-10
9.78238e-11
1.03133e-10
1.14014e-10
9.32834e-11
9.40654e-11
0.0125
1.03266e-10
9.89784e-11
1.92153e-10
9.99975e-11
1.23654e-10
9.571e-11
9.83334e-11
1e-10
1.01013e-10
1.00088e-10
9.99129e-11
9.88781e-11
7.07548e-11
1.00918e-10
1.0076e-10
9.1395e-11
9.64148e-11
9.9566e-11
9.51844e-11
9.03784e-11
9.38615e-11
9.44093e-11
9.61015e-11
9.85311e-11
9.91534e-11
9.77541e-11
9.71582e-11
1.0061e-10
1.02086e-10
1.00344e-10
1.08233e-10
1.02575e-10
1.01706e-10
9.69935e-11
8.67916e-11
9.04448e-11
9.09307e-11
1.02052e-10
9.8837e-11
9.87281e-11
9.99544e-11
7.18069e-11
1.00064e-10
1e-10
9.78339e-11
9.89214e-11
1.00792e-10
9.93268e-11
9.75538e-11
9.5704e-11
9.91717e-11
9.08622e-11
1.20649e-10
1.0223e-10
1.00832e-10
9.65964e-11
9.8771e-11
1.03142e-10
9.95836e-11
1.07979e-10
1.00879e-10
1.00144e-10
9.99007e-11
9.86024e-11
1.02289e-10
1.02005e-10
1.11938e-10
1.01068e-10
1.00651e-10
1.03016e-10
1.08812e-10
1.16629e-10
9.38849e-11
1.0037e-10
1.0762e-10
1.16866e-10
1.00304e-10
9.57911e-11
9.82901e-11
1.02154e-10
1.08799e-10
9.12395e-11
9.89641e-11
9.94646e-11
1.31138e-10
1.01889e-10
9.73649e-11
9.83363e-11
9.61959e-11
9.9632e-11
1.01019e-10
1.00317e-10
1.01649e-10
1.01364e-10
1.01704e-10
9.95025e-11
9.75329e-11
9.13003e-11
1.00366e-10
1e-10
1.00128e-10
1.00043e-10
9.77955e-11
9.64327e-11
1.04762e-10
9.75497e-11
1.01221e-10
6.88033e-11
1.00553e-10
9.82e-11
1e-10
8.7016e-11
9.99387e-11
1.48048e-10
1.69265e-10
9.95463e-11
9.90205e-11
1e-10
9.988e-11
1.00083e-10
1e-10
1.00475e-10
9.93985e-11
9.89601e-11
1.00314e-10
1.01333e-10
1.00016e-10
1.00559e-10
9.95163e-11
1.03779e-10
9.73811e-11
0.0375
1e-10
1.92094e-10
9.93575e-11
1.00273e-10
1.0007e-10
1.00156e-10
9.97585e-11
1.01829e-10
1e-10
1.00888e-10
1.02715e-10
1.51256e-10
1.00477e-10
1.69568e-10
5.26823e-11
8.89976e-11
9.97535e-11
9.98043e-11
1.01555e-10
1.01363e-10
1.03618e-10
1e-10
1e-10
9.94125e-11
1e-10
9.9845e-11
1.00009e-10
1.0072e-10
1.00742e-10
9.9787e-11
9.69357e-11
9.64714e-11
9.70154e-11
9.97587e-11
9.98504e-11
9.98816e-11
1.00189e-10
9.02232e-11
9.98608e-11
1.0074e-10
1e-10
9.86181e-11
1.08423e-10
1.07188e-10
9.99309e-11
1.21377e-10
9.56519e-11
9.89152e-11
1.00943e-10
9.92896e-11
9.9884e-11
9.963e-11
1.04138e-10
9.99775e-11
1.03197e-10
1.00356e-10
1.00876e-10
1.00311e-10
1.00554e-10
9.76691e-11
1.00683e-10
9.98449e-11
1.00554e-10
9.97277e-11
1.09697e-10
1e-10
1.09578e-10
1.01478e-10
1.15504e-10
1.03119e-10
9.94183e-11
1.00028e-10
1.00476e-10
1.01184e-10
1.04464e-10
9.68864e-11
9.43905e-11
9.96945e-11
9.81439e-11
1.02044e-10
1.02179e-10
9.99255e-11
1.05215e-10
1.00028e-10
1.00468e-10
1.04697e-10
1.00055e-10
1e-10
9.85626e-11
1.08113e-10
9.63322e-11
1.06889e-10
1.04211e-10
1.01269e-10
1.01479e-10
1.01108e-10
9.93108e-11
1.0198e-10
1.04874e-10
1.05754e-10
1.0614e-10
1.03958e-10
1.10968e-10
9.35604e-11
1.02929e-10
1.07007e-10
1.01046e-10
1.03893e-10
9.95034e-11
1.01846e-10
8.56063e-11
7.26926e-11
1e-10
9.97202e-11
1.00659e-10
9.56125e-11
6.18625e-11
1e-10
9.9701e-11
1.00974e-10
9.91828e-11
1.00894e-10
1.03893e-10
1.07314e-10
9.90827e-11
1.02026e-10
1.03711e-10
9.54304e-11
1.00004e-10
1.01213e-10
1.05353e-10
1.02896e-10
1.01129e-10
1.01727e-10
9.8807e-11
9.39137e-11
9.74458e-11
1.02766e-10
9.83122e-11
9.9428e-11
9.84779e-11
9.90978e-11
9.98563e-11
1.01404e-10
1.06865e-10
1.06945e-10
1.00248e-10
1.0028e-10
1.15819e-10
9.84815e-11
1.06612e-10
1.02237e-10
9.9476e-11
1.10314e-10
1.03966e-10
1.0536e-10
1.15764e-10
1.05479e-10
1.01987e-10
1.00223e-10
1.09685e-10
1.03916e-10
1.0056e-10
1.10773e-10
1.05833e-10
1.04155e-10
1.01725e-10
1.03449e-10
1.04281e-10
1.02534e-10
1.00827e-10
9.80569e-11
1.02565e-10
1.12016e-10
1.03285e-10
1.12e-10
1.14852e-10
1.01791e-10
1.08395e-10
9.76057e-11
9.45651e-11
1.00356e-10
9.39729e-11
8.95357e-11
9.63985e-11
9.97385e-11
1.19572e-10
1.0416e-10
1.07805e-10
1.04141e-10
9.55882e-11
1.13577e-10
9.93752e-11
9.78102e-11
1.01827e-10
9.74134e-11
9.89899e-11
9.99441e-11
1.05919e-10
1.13676e-10
1.07118e-10
1.01006e-10
9.59606e-11
1.0878e-10
1.04064e-10
9.53745e-11
1.06961e-10
1.00321e-10
1.00632e-10
9.8029e-11
1.02619e-10
9.91938e-11
1.01003e-10
1.02631e-10
9.87944e-11
1.03645e-10
1.08253e-10
1.00621e-10
1.20872e-10
9.78333e-11
9.67082e-11
1.01735e-10
9.77641e-11
9.76689e-11
1.01185e-10
1.02922e-10
1.05366e-10
9.75902e-11
9.27876e-11
9.8998e-11
1.0364e-10
9.46677e-11
9.45872e-11
1.03961e-10
9.9203e-11
1.09553e-10
1.07479e-10
1.01902e-10
1.02667e-10
1.00218e-10
9.65458e-11
9.44179e-11
9.87691e-11
1.03632e-10
9.95622e-11
9.83139e-11
9.56069e-11
9.96969e-11
1.01884e-10
9.51647e-11
9.77405e-11
9.3449e-11
1.03818e-10
1.02927e-10
1.01054e-10
1.03749e-10
1.02408e-10
1.00667e-10
9.66122e-11
9.81573e-11
1.00877e-10
9.86899e-11
1.10716e-10
9.16276e-11
1.00777e-10
9.56333e-11
9.61914e-11
9.26717e-11
9.62239e-11
8.88707e-11
1.03161e-10
1.02259e-10
9.68084e-11
9.52202e-11
9.72883e-11
9.2552e-11
1.70363e-10
1.02721e-10
9.62488e-11
1.00201e-10
9.7211e-11
9.40279e-11
1.03421e-10
9.9118e-11
1.02628e-10
1.02175e-10
9.8654e-11
1.01611e-10
9.96119e-11
1.01637e-10
1.07303e-10
1.14048e-10
9.65594e-11
1.06802e-10
9.36173e-11
1.01732e-10
1.01572e-10
1.00342e-10
9.73238e-11
9.79465e-11
9.33761e-11
9.7661e-11
1.04558e-10
1.08128e-10
9.46771e-11
1.02552e-10
1.03304e-10
9.86318e-11
9.7803e-11
9.67219e-11
9.99267e-11
1.00724e-10
1.01943e-10
1.00024e-10
1.02244e-10
9.83358e-11
9.5974e-11
9.60356e-11
9.89698e-11
9.92548e-11
9.36674e-11
9.88902e-11
9.75762e-11
1.07239e-10
8.81886e-11
9.41555e-11
1.00178e-10
9.86992e-11
1.0235e-10
9.87398e-11
9.92932e-11
9.7102e-11
1.01964e-10
1.04404e-10
1.03536e-10
9.34665e-11
9.61358e-11
1.0379e-10
9.5107e-11
1.02489e-10
9.50433e-11
9.54633e-11
9.65566e-11
9.33792e-11
1.01077e-10
1.02983e-10
9.44614e-11
9.6715e-11
1.00994e-10
9.16986e-11
9.33331e-11
1.01338e-10
1.01783e-10
9.71539e-11
1.01837e-10
9.8583e-11
9.89582e-11
9.74957e-11
9.22426e-11
1.00842e-10
9.97801e-11
9.61354e-11
9.82819e-11
9.6334e-11
9.93357e-11
9.37878e-11
1.01564e-10
9.53208e-11
8.94796e-11
9.4349e-11
9.32354e-11
9.56848e-11
9.55879e-11
9.12412e-11
1.02549e-10
1.01335e-10
1.03592e-10
9.81741e-11
8.94128e-11
1.01514e-10
1.0843e-10
1.1155e-10
9.77774e-11
8.62554e-11
1.10306e-10
9.38402e-11
1.09285e-10
9.33212e-11
9.70463e-11
9.96645e-11
9.29177e-11
9.5035e-11
9.62236e-11
9.47975e-11
9.47236e-11
9.20326e-11
9.8886e-11
1.02923e-10
1.01266e-10
8.66606e-11
9.32134e-11
9.20007e-11
9.47097e-11
9.54216e-11
9.4614e-11
1.10707e-10
9.94426e-11
1.03734e-10
9.70754e-11
9.05923e-11
1.02224e-10
1.02391e-10
1.3101e-10
9.4397e-11
8.78128e-11
9.698e-11
9.47173e-11
9.57746e-11
1.00891e-10
9.90838e-11
9.63236e-11
9.3395e-11
9.45408e-11
9.73015e-11
1.00293e-10
9.20994e-11
1.01239e-10
1.65122e-10
9.88537e-11
9.47941e-11
9.17795e-11
1.0281e-10
9.9202e-11
9.6641e-11
9.15248e-11
9.53512e-11
1.01396e-10
9.52706e-11
9.82061e-11
9.78261e-11
9.88398e-11
9.719e-11
9.82659e-11
1.01177e-10
1.03822e-10
1.05483e-10
9.32755e-11
9.60626e-11
9.84101e-11
1.04312e-10
1.04355e-10
1.03095e-10
1.04253e-10
1.08472e-10
9.78514e-11
9.56732e-11
9.64237e-11
1.00878e-10
9.39891e-11
9.64011e-11
1.0899e-10
1.05893e-10
9.27049e-11
1.02306e-10
1.04322e-10
9.30977e-11
9.49833e-11
1.04746e-10
9.83252e-11
1.06965e-10
1.03001e-10
1.0133e-10
1.01993e-10
9.55269e-11
9.46968e-11
9.42162e-11
9.9359e-11
9.61956e-11
0.016652
9.54757e-11
1.10495e-10
1.0261e-10
1.12425e-10
1.13144e-10
1.08989e-10
9.70649e-11
9.61563e-11
9.75205e-11
9.34948e-11
1.05324e-10
1.04884e-10
1.06161e-10
8.74567e-11
9.7405e-11
9.99315e-11
1.0475e-10
9.80524e-11
1.01456e-10
9.95314e-11
9.86333e-11
1.01793e-10
9.79827e-11
1.01162e-10
1e-10
1.05849e-10
9.43027e-11
1e-10
0.00550477
1.02386e-10
9.84927e-11
1.00061e-10
1.11747e-10
9.99023e-11
9.92589e-11
1.0117e-10
1.10179e-10
9.60159e-11
1.06687e-10
9.40167e-11
9.99696e-11
1.05209e-10
9.84153e-11
1.03182e-10
9.26993e-11
9.05925e-11
1.01605e-10
9.79657e-11
9.54994e-11
1.17531e-10
1.12085e-10
1.04349e-10
1.19715e-10
9.72939e-11
9.39123e-11
9.38224e-11
9.47456e-11
9.54766e-11
1.07626e-10
9.52418e-11
9.55983e-11
1.16774e-10
1.12114e-10
1.0632e-10
9.81073e-11
9.56874e-11
9.20721e-11
9.17433e-11
1.0717e-10
1.05272e-10
9.58201e-11
1.11349e-10
1.03152e-10
1.12696e-10
1.04307e-10
1.05122e-10
9.87403e-11
9.98318e-11
1.03356e-10
9.54254e-11
1.03918e-10
8.38637e-11
1.0701e-10
1.01395e-10
1.02042e-10
8.7903e-11
9.32453e-11
1.13419e-10
9.30594e-11
9.92914e-11
9.86399e-11
1.06644e-10
1.03001e-10
1.14966e-10
1.0785e-10
1.04996e-10
9.56341e-11
1.06631e-10
9.96518e-11
1.08276e-10
1.13337e-10
1.01858e-10
1.16623e-10
9.98937e-11
1.08586e-10
9.44264e-11
9.80831e-11
9.55378e-11
9.65231e-11
9.77059e-11
9.84686e-11
9.85023e-11
9.86959e-11
9.76188e-11
9.91486e-11
1e-10
1.00817e-10
1.0362e-10
2.86661e-10
9.219e-11
1.05117e-10
9.15575e-11
9.31113e-11
1.01654e-10
9.72271e-11
9.8323e-11
1.03397e-10
9.83137e-11
9.84645e-11
9.27073e-11
1.00049e-10
9.75776e-11
1.26468e-10
1.09487e-10
1.06404e-10
1e-10
9.995e-11
0.0224948
1.04283e-10
1e-10
9.97778e-11
1e-10
9.8842e-11
9.99153e-11
9.96954e-11
9.99587e-11
1.00303e-10
1.06532e-10
9.50379e-11
9.75418e-11
9.45558e-11
9.84764e-11
9.73336e-11
9.70543e-11
1.01193e-10
1.06046e-10
8.19886e-11
1.05909e-10
1.32466e-10
1.01793e-10
9.8055e-11
9.81716e-11
1.00131e-10
0.0019385
1.003e-10
9.9716e-11
1.00197e-10
9.9521e-11
9.70188e-11
9.72358e-11
9.90021e-11
9.7308e-11
1.00301e-10
1.00151e-10
9.85922e-11
1e-10
1e-10
1e-10
0.0595513
9.65633e-11
1.00113e-10
9.91547e-11
9.94554e-11
0.00769389
0.00450488
9.90342e-11
0.000597445
9.97562e-11
1.00534e-10
9.99829e-11
1.01297e-10
1.17453e-10
1.04331e-10
1e-10
9.31253e-11
9.16566e-11
7.74852e-11
9.55265e-11
9.94904e-11
1.00105e-10
1.06806e-10
9.26164e-11
9.08769e-11
9.79919e-11
1.09142e-10
1.10801e-10
9.31102e-11
9.20932e-11
1.13431e-10
1.21972e-10
8.52009e-11
1.13332e-10
1.07991e-10
9.34813e-11
9.782e-11
1.03911e-10
1.05747e-10
1.04078e-10
9.70323e-11
1.00462e-10
1.06301e-10
2.27621e-10
1.22696e-10
9.49223e-11
1.05629e-10
1.00114e-10
9.40427e-11
9.47746e-11
9.58804e-11
9.46371e-11
1.07488e-10
9.62067e-11
1.00562e-10
9.46472e-11
9.64554e-11
9.53242e-11
9.19513e-11
9.84622e-11
9.92407e-11
1.00548e-10
1.00731e-10
9.99189e-11
1.04069e-10
1.05275e-10
1.01028e-10
1.00035e-10
1.48247e-10
1.0927e-10
9.95542e-11
1.00519e-10
1.00126e-10
1.00186e-10
1.00182e-10
9.9927e-11
1.0289e-10
1.00879e-10
1e-10
9.60292e-11
9.93908e-11
1.02539e-10
8.43772e-11
7.84105e-11
9.74062e-11
1.02051e-10
1.0161e-10
9.77852e-11
1e-10
9.58529e-11
1.014e-10
8.88784e-11
9.94255e-11
9.46773e-11
9.93311e-11
1.02753e-10
0.000986515
1.03076e-10
7.11961e-11
9.01712e-11
1.04563e-10
0.025
9.78256e-11
5.35914e-05
1.01856e-10
1.02395e-10
9.97207e-11
9.98866e-11
9.87876e-11
1.03447e-10
1.0044e-10
1.16587e-10
1.12366e-10
1.0397e-10
9.89863e-11
9.93527e-11
9.81456e-11
1.06174e-10
1.07749e-10
1.02506e-10
9.81971e-11
9.64289e-11
1.03994e-10
1.02862e-10
9.94781e-11
9.75042e-11
8.94423e-05
1.04976e-10
9.52762e-11
1.01043e-10
9.84015e-11
9.81739e-11
9.32556e-11
1.0351e-10
1.13582e-10
1.12842e-10
9.8633e-11
1.13006e-10
9.93059e-11
1.0657e-10
1.43265e-10
7.91585e-11
1.10791e-10
1.09307e-10
1.03884e-10
1.06286e-10
1.04125e-10
1.07806e-10
1.02526e-10
1.05338e-10
1.45564e-10
9.89057e-11
9.99196e-11
9.90875e-11
9.48539e-11
9.97757e-11
1.00452e-10
9.96051e-11
9.74387e-11
9.77857e-11
9.95213e-11
9.88026e-11
1.00247e-10
9.96764e-11
1.00115e-10
1.01766e-10
9.51746e-11
1.02271e-10
1.05952e-10
9.69879e-11
2.14351e-10
7.89379e-11
1.42561e-10
1.98652e-10
1e-10
8.60182e-11
1.01148e-10
9.52102e-11
9.92865e-11
1.20925e-10
1.17573e-10
9.55529e-11
1.1417e-10
1.97117e-10
9.787e-11
1.04108e-10
1.02951e-10
1.37472e-10
1.41625e-10
1.01423e-10
1.00501e-10
0.0125
9.17116e-11
1.2608e-10
1.04524e-10
8.95454e-11
1.22856e-10
9.21831e-11
1.04556e-10
1.09951e-10
1.08381e-10
1.59468e-10
1.09311e-10
1.2202e-10
9.82385e-11
1.07239e-10
1.07539e-10
1.10284e-10
1.00267e-10
1.05602e-10
1.09029e-10
1.03152e-10
9.93472e-11
9.78572e-11
9.76407e-11
1.03749e-10
9.18194e-11
9.7805e-11
9.52326e-11
1.05625e-10
9.58283e-11
9.62694e-11
0.09939
9.94013e-11
1.04271e-10
9.42003e-11
9.99449e-11
9.46724e-11
9.85173e-11
9.9407e-11
1.01144e-10
0.0344218
0.0946024
0.00554474
9.48146e-11
9.18247e-11
1.20156e-10
9.70441e-11
9.14649e-11
9.67174e-11
9.59699e-11
9.6117e-11
0.0099044
9.41501e-11
9.57232e-11
9.9132e-11
9.49935e-11
9.58631e-11
9.31548e-11
9.59181e-11
1.04865e-10
1.00097e-10
9.19628e-11
9.66899e-11
0.00132271
1.00313e-10
1.00642e-10
9.76963e-11
9.46696e-11
9.62913e-11
9.40253e-11
9.0287e-11
9.34507e-11
9.53576e-11
1.06836e-10
0.00364361
9.35229e-11
9.97041e-11
0.0442278
1.01348e-10
9.93043e-11
0.0545955
1.00015e-10
0.030083
1.01038e-10
1.02737e-10
0.041779
0.0647127
9.34511e-11
1.0681e-10
9.76975e-11
1.028e-10
9.96235e-11
9.74995e-11
1.12e-10
1.04429e-10
0.0535716
9.67085e-11
9.82206e-11
0.088001
9.60749e-11
1.01787e-10
1.00957e-10
1.02198e-10
1.0209e-10
1.01262e-10
0.0415271
0.0792578
9.91225e-11
0.0393633
1.04837e-10
9.86927e-11
9.60818e-11
9.43491e-11
0.0330372
0.0412831
9.68748e-11
0.0346866
0.00997688
0.0464988
9.48606e-11
0.00319458
9.81726e-11
0.00766301
0.0369598
0.0626839
9.77416e-11
1.19059e-10
9.72401e-11
1.06207e-10
0.0557074
0.0428872
1.00141e-10
9.95769e-11
1.0334e-10
9.89859e-11
9.88721e-11
1.00934e-10
0.0100381
0.0259126
9.65001e-11
0.00525913
9.78588e-11
9.63869e-11
1.01841e-10
1.10164e-10
9.50778e-11
9.82821e-11
9.59099e-11
1.00218e-10
9.97225e-11
9.95587e-11
1.01804e-10
9.84332e-11
9.9468e-11
1.10441e-10
1.01112e-10
9.5751e-11
0.0745446
9.74014e-11
9.8225e-11
9.50946e-11
1.05063e-10
1.0236e-10
1.02801e-10
1.00402e-10
1.04314e-10
9.89079e-11
1.05403e-10
9.13494e-11
8.95775e-11
1.03612e-10
1.14318e-10
1.0079e-10
1.03498e-10
1.00822e-10
8.7666e-11
9.39429e-11
9.14807e-11
1.03612e-10
8.79149e-11
9.16009e-11
9.43271e-11
1.04008e-10
9.9131e-11
1.1012e-10
9.42713e-11
9.60502e-11
9.3528e-11
9.36103e-11
1.01024e-10
8.91789e-11
1.04352e-10
1.0567e-10
1.05093e-10
7.05309e-05
9.67347e-11
9.49966e-11
9.66712e-11
1.04697e-10
8.91478e-11
8.90983e-11
8.89719e-11
9.37545e-11
9.31784e-11
1.00026e-10
1.05313e-10
1.07037e-10
1.06941e-10
1.05843e-10
1.00052e-10
1.041e-10
1.30666e-10
1.02959e-10
1.03878e-10
1.002e-10
1.11244e-10
1.06664e-10
1.1207e-10
1.06202e-10
1.00116e-10
1.2026e-10
1.13501e-10
9.60653e-11
1.04179e-10
9.9417e-11
9.41775e-11
1.02405e-10
8.98614e-11
9.64892e-11
9.17337e-11
1.0091e-10
1.04766e-10
1.04716e-10
9.95997e-11
1.12375e-10
9.84461e-11
1.02485e-10
9.62536e-11
9.48345e-11
9.80453e-11
9.92366e-11
9.86052e-11
1.0002e-10
1.00922e-10
9.95988e-11
1.01313e-10
8.84335e-11
7.64293e-11
1.4131e-10
9.18669e-11
1.03244e-10
1.01367e-10
0.00232726
9.79791e-11
1.02126e-10
9.48404e-11
1.00724e-10
0.0545433
0.0920556
9.36028e-11
9.84953e-11
1.01664e-10
9.33342e-11
0.0272406
1.02329e-10
0.0618049
0.00168829
0.0208531
0.0768261
0.0585186
9.13945e-11
9.9888e-11
9.60726e-11
9.38393e-11
0.0648403
9.78403e-11
0.0660746
9.78068e-11
0.0951955
0.0887089
9.6553e-11
1.0197e-10
9.97185e-11
9.3126e-11
1.65234e-10
1.01144e-10
9.40532e-11
1.05318e-10
1.05611e-10
1.01146e-10
9.22058e-11
9.58144e-11
9.05365e-11
1.04026e-10
1.03177e-10
1.04649e-10
9.1971e-11
9.79354e-11
9.83301e-11
1.04413e-10
0.00351801
8.73363e-11
9.32779e-11
1.02458e-10
1.01369e-10
9.87197e-11
1.01236e-10
1.00098e-10
9.96012e-11
1.00221e-10
1.04264e-10
1.05955e-10
9.97035e-11
1.04856e-10
1.06576e-10
1.07547e-10
1.06581e-10
9.02857e-11
9.01699e-11
9.94666e-11
9.95252e-11
1.01273e-10
9.99892e-11
1.08524e-10
9.90856e-11
1.0968e-10
1.15336e-10
0.0926134
1.0286e-10
1.03991e-10
1.02514e-10
0.00130464
1.037e-10
9.98869e-11
1.00528e-10
1.02404e-10
8.18673e-11
9.99772e-11
9.68219e-11
9.22274e-11
9.00324e-11
9.47031e-11
9.6115e-11
9.24297e-11
9.74042e-11
8.89271e-11
9.71627e-11
9.86159e-11
9.78741e-11
9.36668e-11
1.03668e-10
8.94553e-11
9.38201e-11
1.06202e-10
1.00069e-10
1.00995e-10
9.9764e-11
9.57483e-11
9.8073e-11
9.2411e-11
1.01725e-10
8.84868e-11
9.46059e-11
9.32673e-11
1.28216e-10
9.18328e-11
9.35377e-11
1.03535e-10
9.29052e-11
9.81996e-11
9.22275e-11
8.83153e-11
9.46466e-11
1.03004e-10
9.90401e-11
1.00464e-10
9.87342e-11
1.01301e-10
9.87241e-11
9.6547e-11
1.00119e-10
9.96063e-11
9.99838e-11
1.07136e-10
1.02734e-10
9.19576e-11
1.22485e-10
9.89792e-11
1.46852e-10
9.78481e-11
9.97807e-11
1.10316e-10
1.02629e-10
8.27225e-11
9.71263e-11
1.0171e-10
1.02104e-10
1.04199e-10
1.10641e-10
1e-10
9.72812e-11
9.03011e-11
9.87431e-11
9.61187e-11
1.00266e-10
9.9643e-11
1.043e-10
9.99124e-11
1.26129e-10
1.03677e-10
9.76125e-11
9.92094e-11
1.00272e-10
1.01115e-10
1.06404e-10
1.01838e-10
1.03334e-10
1.11251e-10
9.76504e-11
1e-10
1.00712e-10
1.00552e-10
1.04757e-10
1.06525e-10
9.89545e-11
1.00269e-10
9.62031e-11
1.07274e-10
9.93476e-11
1.00291e-10
1.00466e-10
9.93991e-11
1.00777e-10
9.67479e-11
9.93492e-11
1.0495e-10
1.04773e-10
9.53223e-11
9.74957e-11
1.11593e-10
9.88736e-11
1.15449e-10
9.18047e-11
1.01484e-10
1.06895e-10
9.71813e-11
9.83969e-11
9.86418e-11
9.52054e-11
9.61453e-11
9.64101e-11
9.49192e-11
9.60355e-11
0.0124501
9.73216e-11
9.86185e-11
9.71277e-11
0.0847511
9.41819e-11
9.62491e-11
9.73745e-11
9.37371e-11
9.32214e-11
9.27214e-11
9.59001e-11
9.52922e-11
9.41946e-11
9.79749e-11
9.89072e-11
0.00226073
9.82371e-11
1.02695e-10
1.03767e-10
9.72919e-11
9.69162e-11
0.0594295
0.0918132
9.17869e-11
0.0218558
0.0924389
9.50582e-11
0.0997663
9.48237e-11
1.17203e-10
1.02096e-10
1.00131e-10
1.03119e-10
1.07394e-10
9.50098e-11
1.00282e-10
9.22909e-11
0.0760872
0.0495395
0.0827333
0.087512
0.0861433
0.000327199
9.6571e-11
9.41947e-11
9.23172e-11
9.79988e-11
0.0860086
9.63873e-11
9.63888e-11
9.34266e-11
1.03131e-10
9.62338e-11
9.60502e-11
9.70377e-11
9.40662e-11
1.02417e-10
9.48654e-11
0.0465865
0.0151527
9.53183e-11
0.0977212
0.024963
9.52958e-11
9.74492e-11
9.48505e-11
9.5229e-11
9.48039e-11
0.0925401
0.00316532
0.0962779
0.0915396
0.0316922
9.84555e-11
1.00334e-10
9.62918e-11
0.0725571
0.0700807
0.0975581
0.0656903
0.0420178
0.0725844
0.0922767
0.0307201
9.70848e-11
0.066611
0.0830723
0.0677968
1e-10
0.0865906
0.0793553
0.0947298
0.0633202
0.0855001
0.0885898
1.00828e-10
0.0906779
0.0722826
0.0983495
0.0915864
0.083946
1.0203e-10
0.0864327
9.48079e-11
1.00142e-10
9.77086e-11
1.00892e-10
0.0855129
0.080436
0.0813373
9.63305e-11
1.00405e-10
9.5497e-11
0.072648
0.0847556
8.9915e-11
0.0974237
1.0051e-10
1.02224e-10
1e-10
9.51188e-11
0.0690206
9.12026e-11
9.73817e-11
9.33918e-11
9.86434e-11
9.37917e-11
9.33265e-11
1.02539e-10
9.25993e-11
1.15648e-10
9.84662e-11
1.02544e-10
1.00345e-10
9.74834e-11
9.44291e-11
9.60775e-11
1.01561e-10
9.54801e-11
1.01349e-10
9.97857e-11
9.27672e-11
9.79859e-11
9.79823e-11
8.72794e-11
9.36286e-11
8.63345e-11
9.58669e-11
1.14677e-10
9.94707e-11
1.12425e-10
9.24405e-11
9.68732e-11
9.60948e-11
8.78573e-11
9.71995e-11
9.8541e-11
5.91446e-11
9.99993e-11
1.01868e-10
1.07336e-10
9.89781e-11
1.03483e-10
1.02195e-10
1.08805e-10
1.0458e-10
1.00997e-10
1.03484e-10
1.15788e-10
1.0778e-10
9.78539e-11
9.22694e-11
9.59626e-11
9.89865e-11
9.90536e-11
1.07078e-10
1.0581e-10
1.04428e-10
1.02295e-10
1.03118e-10
1.06609e-10
1.0763e-10
1.00761e-10
1.08967e-10
0.093187
0.0886399
1.00951e-10
0.0356138
0.0969386
0.0433408
1.0374e-10
0.0503317
0.0900325
0.0624149
0.0880472
0.0908737
0.09098
0.083617
9.97811e-11
0.00752991
0.0776238
0.0468591
0.085402
0.0945618
0.0837369
0.0355211
0.0679159
1.10016e-10
1.01522e-10
1.01386e-10
0.079287
9.32712e-11
9.50128e-11
1.03288e-10
0.0628282
0.0709088
0.0986753
0.0984819
9.4103e-11
1.00267e-10
0.0789618
9.94662e-11
1.06889e-10
1.01583e-10
1.0785e-10
1.05753e-10
1.03957e-10
0.0790446
9.63204e-11
0.0978057
1.01508e-10
9.92177e-11
1.09056e-10
0.0350881
0.0209035
0.026947
9.03018e-11
0.0576321
0.0409321
1.07843e-10
0.054227
0.0769203
0.0583882
0.0821828
0.0612707
9.9901e-11
0.0568742
0.0980383
0.0645301
0.043961
0.0841758
1.0897e-10
0.0241624
0.0827265
0.0627752
0.0496146
0.0188705
0.089162
0.0736063
0.0441645
0.070991
9.15267e-11
0.0691941
9.76069e-11
0.0275229
0.0788101
0.008979
0.0208281
9.23617e-11
1.03359e-10
1.0796e-10
9.80447e-11
0.0181378
9.65228e-11
0.0150719
0.0706586
0.0669238
0.08459
0.070709
9.83584e-11
9.2235e-11
8.85994e-11
9.30096e-11
8.92827e-11
0.0140004
9.66528e-11
9.48764e-11
8.9367e-11
9.69143e-11
9.32749e-11
9.45585e-11
9.36508e-11
9.79546e-11
1.0135e-10
9.90492e-11
9.19921e-11
9.78387e-11
9.41094e-11
0.000292095
9.65436e-11
9.28107e-11
8.70654e-11
1.07687e-10
9.73682e-11
1.00939e-10
1.03867e-10
1.01467e-10
1.02091e-10
9.47642e-11
9.78425e-11
1.05644e-10
1.00934e-10
1.12943e-10
9.76775e-11
9.54392e-11
1.03649e-10
9.67812e-11
9.98374e-11
1.04082e-10
1.08124e-10
8.96287e-11
1.26003e-10
9.75502e-11
1.17129e-10
1.08136e-10
9.91279e-11
9.49294e-11
1.0248e-10
1.07067e-10
9.97906e-11
9.51787e-11
1.01627e-10
9.99175e-11
1.0741e-10
1.02138e-10
1.16577e-10
1.00894e-10
1.0518e-10
9.99856e-11
1.09545e-10
9.43761e-11
1.02454e-10
8.84383e-11
1.09663e-10
9.76107e-11
9.84785e-11
1.00209e-10
9.91424e-11
9.44686e-11
9.37017e-11
8.57903e-11
8.74572e-11
9.39127e-11
9.55445e-11
9.23363e-11
9.50483e-11
8.56964e-11
8.94878e-11
9.15044e-11
1.4473e-10
1.83467e-10
1e-10
1.08336e-10
9.45148e-11
1.02714e-10
1.0297e-10
1.06275e-10
9.58603e-11
1.04774e-10
1.25181e-10
1.15653e-10
1.00234e-10
1.1317e-10
1.09986e-10
1.08809e-10
3.30369e-10
9.54978e-11
2.78811e-10
1.04442e-10
1.1227e-10
1.0101e-10
9.91044e-11
1.03496e-10
1.05231e-10
1.01967e-10
9.79624e-11
1.0197e-10
2.12989e-10
1.0178e-10
1.00763e-10
1.04417e-10
1.05671e-10
1.00261e-10
1.02918e-10
1.08159e-10
1.13074e-10
1.01092e-10
9.99586e-11
9.92e-11
1.01248e-10
9.85547e-11
1e-10
1.00726e-10
8.80827e-11
6.69106e-11
9.53836e-11
1.01769e-10
0.025
9.65207e-11
9.71831e-11
6.72851e-11
1.14457e-10
9.03774e-11
7.80925e-11
8.89646e-11
9.88586e-11
9.80466e-11
1.02894e-10
9.15807e-11
6.57173e-11
1e-10
9.56492e-11
1.03587e-10
9.62376e-11
9.98354e-11
9.99295e-11
1.00049e-10
1.19056e-10
9.82079e-11
1.02398e-10
1.05563e-10
9.53527e-11
9.56185e-11
1.00275e-10
9.67017e-11
9.99468e-11
9.68731e-11
1.06057e-10
9.84673e-11
9.60146e-11
0.0633617
1.00132e-10
1.03963e-10
9.66832e-11
1.07097e-10
1.04523e-10
1.02763e-10
9.6763e-11
1.01358e-10
1.01545e-10
1.03619e-10
1.02996e-10
1.04108e-10
1.02257e-10
1.07538e-10
9.96474e-11
1.01317e-10
9.59884e-11
1.00413e-10
9.64495e-11
1.04625e-10
9.76656e-11
1.01427e-10
9.84479e-11
9.93424e-11
1.01301e-10
1.04199e-10
1.02244e-10
9.64162e-11
9.98944e-11
1.05017e-10
1.10975e-10
9.91179e-11
1.0223e-10
9.95978e-11
1.05885e-10
1.04492e-10
1.00221e-10
1.00646e-10
1.05176e-10
1.00027e-10
1.06236e-10
1.0705e-10
1.02159e-10
9.74344e-11
1.00254e-10
9.67058e-11
9.87615e-11
9.97081e-11
1.07679e-10
0.00010124
1.01169e-10
9.9835e-11
1.0005e-10
9.98148e-11
1.00488e-10
1.06588e-10
1e-10
1.00676e-10
9.80962e-11
1.00108e-10
5.65125e-11
2.07547e-10
9.70291e-11
9.72665e-11
9.69023e-11
9.83673e-11
9.67404e-11
9.75329e-11
9.52329e-11
9.5337e-11
9.97111e-11
9.84332e-11
1.0017e-10
1e-10
1.09562e-10
9.94132e-11
1.01911e-10
9.9178e-11
1.05796e-10
1.04286e-10
9.98469e-11
9.55438e-11
9.4715e-11
1.00408e-10
1.04215e-10
1.00039e-10
9.88175e-11
9.93424e-11
0.0375
8.03524e-11
9.50698e-11
9.89592e-11
1e-10
9.9955e-11
1.01886e-10
1e-10
1.0805e-10
1.03135e-10
1.02355e-10
1.10075e-10
9.38516e-11
9.44665e-11
1.11451e-10
9.65315e-11
1.05275e-10
1.04117e-10
9.9163e-11
9.06807e-11
1.10589e-10
9.70775e-11
1.18921e-10
9.80157e-11
1.04082e-10
1.03456e-10
1.00848e-10
9.92427e-11
1.13952e-10
1.00863e-10
1.08521e-10
1.06515e-10
9.75198e-11
1.06418e-10
1.14617e-10
9.82648e-11
1.04827e-10
1.04319e-10
1.05185e-10
1.03846e-10
9.39952e-11
1.05953e-10
9.50453e-11
9.57709e-11
9.67064e-11
9.66734e-11
1.03041e-10
1.02753e-10
1.02549e-10
9.21092e-11
9.4048e-11
9.03138e-11
9.19934e-11
9.14388e-11
1.03071e-10
9.66766e-11
1.01762e-10
1.03272e-10
9.31413e-11
1.05546e-10
1.33355e-10
1.02596e-10
1.21922e-10
1.20726e-10
9.35517e-11
9.75762e-11
9.21267e-11
1.13156e-10
9.70821e-11
9.25993e-11
9.27681e-11
9.13105e-11
1.12794e-10
9.29337e-11
9.29705e-11
9.24517e-11
9.87012e-11
1.02338e-10
9.20489e-11
1.11102e-10
1.03843e-10
9.86783e-11
1.00613e-10
1.01943e-10
1.06653e-10
1.00976e-10
1.01932e-10
1.08454e-10
1.18434e-10
9.87394e-11
1.06054e-10
1.15186e-10
1.08421e-10
1.04438e-10
1.07709e-10
9.70676e-11
1.16812e-10
9.8004e-11
1.10608e-10
1.06524e-10
1.01546e-10
1.0821e-10
1.07621e-10
9.6286e-11
9.48047e-11
9.24579e-11
9.49138e-11
9.33439e-11
9.16679e-11
1.19927e-10
9.31352e-11
9.30283e-11
9.54076e-11
1.1103e-10
9.85411e-11
9.72766e-11
1.02085e-10
1.05889e-10
9.90276e-11
9.43951e-11
9.93239e-11
9.68881e-11
1.00292e-10
1.00255e-10
9.73527e-11
1.01468e-10
1.00916e-10
1.01116e-10
1.00898e-10
9.62294e-11
1.08549e-10
9.87118e-11
9.5277e-11
9.72934e-11
9.2843e-11
9.65198e-11
1.01233e-10
1.0426e-10
9.60031e-11
1.00297e-10
1.02047e-10
1.10993e-10
1.04703e-10
1.01477e-10
9.47194e-11
9.82715e-11
9.69933e-11
1.01242e-10
1.00879e-10
9.76527e-11
9.47499e-11
1.06347e-10
9.3328e-11
9.38643e-11
9.55518e-11
9.43571e-11
9.76655e-11
9.70718e-11
9.90537e-11
9.15605e-11
9.76489e-11
9.45041e-11
9.81213e-11
1.02038e-10
9.96531e-11
1.06858e-10
1.0043e-10
9.08142e-11
1.05827e-10
9.97643e-11
1.047e-10
1.01269e-10
9.4259e-11
9.51587e-11
9.6674e-11
1.00623e-10
9.61117e-11
9.37257e-11
1.04721e-10
1.04638e-10
9.03545e-11
9.40485e-11
9.93198e-11
9.72817e-11
1.02081e-10
9.7674e-11
9.73243e-11
9.82906e-11
9.51538e-11
1.01417e-10
1.01815e-10
9.44339e-11
9.47845e-11
9.74295e-11
9.45864e-11
9.31155e-11
1.03429e-10
9.52702e-11
1.00775e-10
9.95706e-11
1.11923e-10
1.01159e-10
9.63288e-11
9.56733e-11
9.4064e-11
9.53483e-11
9.89686e-11
9.65118e-11
9.82092e-11
9.91382e-11
9.82346e-11
9.91855e-11
9.69892e-11
9.58393e-11
1.08226e-10
9.61925e-11
9.9237e-11
0.452414
0.0611649
1.81088e-10
0.00143886
0.00689355
0.0289091
0.00888826
0.131059
0.545335
0.0196376
0.805383
0.0907139
1e-10
0.0311735
0.239923
0.205077
0.202882
0.0903605
0.65033
9.67354e-11
0.255463
0.789598
0.322047
0.0290204
0.64461
0.694742
0.223447
0.0827545
0.150977
0.0874267
0.031685
0.292062
0.645826
0.198298
0.213885
0.197995
0.282234
0.175102
0.268419
9.86212e-11
1.00366e-10
1.01712e-10
1.08404e-10
1.04503e-10
1.14111e-10
1.03493e-10
1.0073e-10
9.93482e-11
1.05682e-10
1.09869e-10
9.99274e-11
1.09111e-10
1.0013e-10
1.03338e-10
1.02783e-10
9.96324e-11
0.00122433
9.98412e-11
9.99067e-11
9.95234e-11
1.02532e-10
1.00007e-10
0.00302764
9.98157e-11
9.98452e-11
9.9677e-11
9.99052e-11
1.00496e-10
9.91988e-11
9.23427e-11
1.02209e-10
9.7767e-11
0.000115481
9.83446e-11
1.00289e-10
1.06756e-10
1.02478e-10
9.9964e-11
1.02641e-10
2.05544e-05
1.14302e-10
9.9186e-11
1.0006e-10
1.06981e-10
9.19483e-11
1.00015e-10
9.65868e-11
1.01211e-10
9.78491e-11
1.04945e-10
1.01201e-10
9.99846e-11
1.04765e-10
9.90299e-11
9.21218e-11
9.81759e-11
1.10947e-10
1.00071e-10
9.70613e-11
1.04665e-10
0.000438214
1.04007e-10
1.01504e-10
1.04363e-10
9.87062e-11
9.86068e-11
1.00322e-10
9.9283e-11
1.00055e-10
9.99258e-11
9.7503e-11
0.00580702
9.7914e-11
9.99893e-11
1.03484e-10
9.96025e-11
9.99075e-11
1.18548e-10
0.00138382
9.54527e-11
9.16251e-11
9.65859e-11
9.03489e-11
9.44844e-11
9.52889e-11
9.15443e-11
9.70181e-11
1.31811e-10
9.47684e-11
9.93749e-11
1.00135e-10
9.86678e-11
9.60351e-11
1.03817e-10
1.35275e-10
1.00249e-10
9.72195e-11
9.52447e-11
1.40561e-10
9.9454e-11
9.1529e-11
9.31984e-11
1.07075e-10
1.15927e-10
9.95957e-11
8.80223e-11
9.7631e-11
1e-10
1.17036e-10
9.31392e-11
9.94641e-11
1.00116e-10
1.1518e-10
9.78759e-11
1.04362e-10
9.74216e-11
9.52623e-11
1.01525e-10
9.63751e-11
9.76429e-11
9.79874e-11
1.00499e-10
9.96259e-11
1.03281e-10
1.0089e-10
1.04777e-10
1.02325e-10
9.74234e-11
3.13764e-05
1.12412e-10
1.00884e-10
1.02978e-10
9.9195e-11
1.05575e-10
9.95635e-11
1.02332e-10
9.82627e-11
1.01414e-10
1.01767e-10
0.00242958
9.99103e-11
1.02724e-10
9.95459e-11
9.83718e-11
1.01982e-10
1.05668e-10
1.02633e-10
1.04134e-10
1.0084e-10
1.00334e-10
9.58661e-11
1.00533e-10
1.01823e-10
1.02522e-10
1.11323e-10
1.00825e-10
1.03012e-10
1.01392e-10
9.99155e-11
1.01494e-10
1.03706e-10
1.04914e-10
1.01926e-10
1.04726e-10
1.02281e-10
9.59682e-11
9.91663e-11
9.64792e-11
9.8344e-11
1.06908e-10
9.75989e-11
9.95598e-11
9.87648e-11
9.32901e-11
9.34462e-11
0.00107011
9.87241e-11
9.97298e-11
9.74745e-11
9.92399e-11
9.92088e-11
1.0691e-10
9.66525e-11
9.76735e-11
9.66567e-11
1.0072e-10
9.52919e-11
9.79832e-11
9.77513e-11
9.90316e-11
1.02106e-10
1.05778e-10
1.03928e-10
1.18476e-10
1.00866e-10
9.898e-11
1.00797e-10
1.03685e-10
1.01157e-10
1.00693e-10
1.01601e-10
9.96612e-11
1.17839e-10
1.27913e-10
1.03145e-10
1.06242e-10
1.08855e-10
1.09761e-10
1.00553e-10
9.36783e-11
1.07279e-10
1.02842e-10
1.01237e-10
1.14924e-10
1.04059e-10
9.93484e-11
1.00207e-10
1.04165e-10
1.01529e-10
9.77767e-11
1.02501e-10
1.05276e-10
9.96336e-11
9.66066e-11
1.00486e-10
9.76039e-11
1.10008e-10
1.04309e-10
1.00728e-10
9.86959e-11
1.00076e-10
1.02555e-10
1.04763e-10
9.91232e-11
1.03065e-10
1.03288e-10
1.06054e-10
9.61979e-11
9.78289e-11
1.07694e-10
1.03136e-10
1.02992e-10
1.00275e-10
1.0006e-10
1.00526e-10
1.02032e-10
9.77182e-11
9.66102e-11
9.6435e-11
9.78511e-11
1.00657e-10
1.05595e-10
1.04389e-10
9.91713e-11
9.57093e-11
9.80999e-11
1.08312e-10
9.74845e-11
1.04596e-10
9.7092e-11
1.01541e-10
9.73377e-11
9.79858e-11
9.94391e-11
9.80227e-11
9.75898e-11
1.0081e-10
1.02637e-10
1.00125e-10
1.00334e-10
1.00877e-10
9.99999e-11
1.01781e-10
9.99912e-11
1.03508e-10
9.96757e-11
9.95354e-11
9.8738e-11
1.00809e-10
1e-10
1.00722e-10
1.13219e-10
9.96257e-11
9.99021e-11
9.95703e-11
9.96723e-11
1.00136e-10
9.96055e-11
1.00143e-10
9.95651e-11
1.01879e-10
1.03359e-10
9.76346e-11
9.75133e-11
1.00629e-10
1.01196e-10
1.00044e-10
9.93365e-11
9.98359e-11
1.01728e-10
9.62864e-11
1.00265e-10
1.00074e-10
1.01786e-10
9.99737e-11
9.75684e-11
9.99381e-11
9.94774e-11
1.0001e-10
9.99085e-11
1.03586e-10
9.877e-11
1.02229e-10
1.01864e-10
1.01262e-10
1.55938e-10
9.99979e-11
9.67095e-11
1.01023e-10
1.00259e-10
9.82521e-11
9.94429e-11
1.01432e-10
9.83411e-11
1.11019e-10
9.95824e-11
9.80173e-11
9.87044e-11
9.49362e-11
9.95745e-11
1.04188e-10
1.1772e-10
1.0284e-10
1.01486e-10
1.00212e-10
9.9355e-11
4.4774e-05
9.42523e-11
9.69351e-11
9.73113e-11
1.14822e-10
9.53326e-11
1.00151e-10
1.06928e-10
1.19499e-10
1.09234e-10
1.10649e-10
1.10426e-10
9.27068e-11
1.0522e-10
9.2721e-11
9.83871e-11
9.39939e-11
9.90878e-11
9.80168e-11
9.93593e-11
9.24481e-11
9.66768e-11
9.99067e-11
9.82315e-11
0.0757155
1.08642e-10
9.81543e-11
1.87272e-10
1e-10
9.68152e-11
9.89392e-11
9.85745e-11
9.98505e-11
9.97197e-11
9.75732e-11
1.37941e-10
9.98125e-11
9.89199e-11
1e-10
9.36234e-06
9.84973e-11
9.93323e-11
1.14134e-10
1.04587e-10
1.08105e-10
9.24333e-11
1.02629e-10
1.03027e-10
1.01515e-10
1.03704e-10
1.01011e-10
9.77175e-11
9.88609e-11
1.00223e-10
1.16019e-10
9.74465e-11
1.00763e-10
9.94455e-11
9.83732e-11
9.84788e-11
1.00727e-10
1.04897e-10
1.0371e-10
1.01939e-10
9.69586e-11
9.8861e-11
1.00282e-10
1.08576e-10
1.03764e-10
9.87603e-11
1.07848e-10
1.01566e-10
1.01598e-10
9.98924e-11
9.92699e-11
9.90849e-11
1.00873e-10
1.01576e-10
9.53711e-11
1.0137e-10
9.33387e-11
1e-10
9.9731e-11
1.02017e-10
1.02761e-10
1.01207e-10
9.24409e-11
1.02983e-10
9.97927e-11
1.00753e-10
1.06459e-10
1.02722e-10
9.2259e-11
9.88123e-11
1e-10
1.02079e-10
1.03524e-10
1.03354e-10
1.0081e-10
1.01417e-10
1.01527e-10
1e-10
1.0003e-10
1.03077e-10
1.00874e-10
1.012e-10
9.48909e-11
0.000107024
1.00444e-10
1.13822e-10
9.83108e-11
9.59644e-11
9.97398e-11
9.98723e-11
1.03296e-10
9.88482e-11
1.00386e-10
9.9851e-11
1e-10
1.04291e-10
9.99118e-11
1.01378e-10
1.01279e-10
9.90138e-11
1.02018e-10
1.02279e-10
9.57383e-11
1.31808e-10
1.03142e-10
1.01318e-10
1.00828e-10
0.000780158
9.73165e-11
9.6948e-11
4.5461e-05
9.98256e-11
9.37281e-11
1.13381e-10
9.51416e-11
9.80881e-11
1.29673e-10
9.35117e-11
0.0718591
0.125628
9.80925e-11
9.99046e-11
9.20572e-11
9.394e-11
9.18217e-11
0.167144
0.0763338
9.51653e-11
0.131387
9.49984e-11
9.31498e-11
9.05637e-11
9.78537e-11
0.113215
0.0604498
9.19035e-11
1.08032e-10
1.04234e-10
0.109778
0.0243063
9.59692e-11
0.10729
0.155822
0.0932218
9.4737e-11
9.64655e-11
9.48574e-11
0.133363
9.4723e-11
9.59017e-11
9.63744e-11
9.03252e-11
0.0842044
0.193183
1.0232e-10
1.06268e-10
9.64874e-11
0.0441129
0.10823
0.0388685
9.81403e-11
0.0895541
0.157427
0.132261
1.13458e-10
9.61447e-11
0.0388105
9.13503e-11
0.0747877
0.0971482
9.51693e-11
9.88952e-11
9.33814e-11
9.47338e-11
9.55243e-11
1.04778e-10
9.93958e-11
9.83925e-11
1.0004e-10
1.05582e-10
1.05579e-10
1.00271e-10
1.02134e-10
0.000168656
1.00017e-10
1.02962e-10
9.88339e-11
1.03705e-10
1.00502e-10
9.93404e-11
1.00002e-10
1e-10
9.9882e-11
1.00017e-10
9.9751e-11
9.97846e-11
9.95738e-11
9.72483e-11
1.00637e-10
9.91095e-11
9.90457e-11
1.00197e-10
9.82108e-11
1.03107e-10
6.74047e-05
1e-10
9.85731e-11
0.000992697
0.00536364
1.0242e-10
9.90621e-11
9.51035e-11
1.0002e-10
1.00476e-10
9.80897e-11
0.00333384
0.0114702
1.00167e-10
0.00077415
9.91064e-11
9.88008e-11
9.59156e-11
9.89505e-11
0.075
1.00179e-10
9.68939e-11
0.0993284
0.0365324
1e-10
0.000205913
9.99969e-11
1.00383e-10
0.167244
0.0253692
9.56597e-11
9.68052e-11
1e-10
1.01111e-10
0.000150723
1.00891e-10
0.0489823
0.0963944
1.03776e-10
9.91183e-11
1e-10
0.0123141
1.03705e-10
9.57379e-11
1.01196e-10
1.00386e-10
1.01309e-10
9.97862e-11
9.79775e-11
1.01093e-10
0.0754563
0.0330935
0.0773977
0.11639
0.59371
0.506808
0.0693917
8.96236e-11
9.27236e-11
0.000613039
9.76907e-11
1.00151e-10
9.89894e-11
1.03254e-10
9.80568e-11
1.00063e-10
9.54066e-11
9.18237e-11
1.07556e-10
9.48271e-11
9.7548e-11
9.55676e-11
9.81992e-11
9.90314e-11
9.27707e-11
9.81929e-11
9.91316e-11
9.58584e-11
9.12476e-11
9.26803e-11
9.37215e-11
9.51099e-11
9.57585e-11
0.394286
0.045877
0.0722138
9.43548e-11
9.44354e-11
0.259662
0.0688528
0.275411
0.0653605
0.139213
9.26677e-11
9.19918e-11
9.12678e-11
9.58492e-11
9.59826e-11
9.44551e-11
9.38362e-11
1.09265e-10
1.10089e-10
9.77392e-11
9.33826e-11
0.00123487
1.06769e-10
9.94818e-11
1.123e-10
9.55857e-11
9.29248e-11
9.52201e-11
9.78816e-11
1.03418e-10
9.38313e-11
9.71604e-11
1.02552e-10
1.0442e-10
0.000452447
9.96057e-11
9.62591e-11
1.07565e-10
1.04647e-10
9.74045e-11
9.34674e-11
9.76142e-11
9.61837e-11
9.40475e-11
9.36877e-11
1.09759e-10
1.04332e-10
1.05325e-10
1.07252e-10
0.0982814
9.95252e-11
9.94657e-11
9.8956e-11
0.0989676
9.81962e-11
0.290001
0.0346283
9.62753e-11
9.05545e-11
1.01574e-10
9.2129e-11
1.06648e-10
1.03831e-10
1.03036e-10
0.0928631
0.0500527
0.000543943
9.81924e-11
1.06017e-10
0.0990833
0.0572572
1.03597e-10
9.2548e-11
9.79062e-11
1.00214e-10
9.57269e-11
1.05251e-10
0.0633875
0.000123312
1.04643e-10
9.90665e-11
1.22166e-10
1.1126e-10
9.23599e-11
0.503237
0.00230019
0.146814
9.58588e-11
9.71403e-11
1.04293e-10
1.01657e-10
0.106091
0.194929
0.162621
0.19373
0.0504871
0.0269779
0.0521086
9.44772e-11
0.843422
0.0462031
9.8625e-11
0.0392847
9.9043e-11
9.83815e-11
9.58804e-11
0.372956
0.965012
9.97679e-11
1.00055e-10
9.98451e-11
9.80247e-11
9.45533e-11
9.98815e-11
0.0012229
1.00048e-10
1.00423e-10
9.99988e-11
9.98515e-11
9.97886e-11
1.52309e-10
9.92758e-11
1.04452e-10
1.08549e-10
8.98342e-11
9.81402e-11
9.32103e-11
1.07836e-10
1.08784e-10
1.15061e-10
1.01529e-10
9.25356e-11
1.02797e-10
9.90588e-11
9.91311e-11
9.92096e-11
1.03238e-10
9.67577e-11
9.72998e-11
1.04862e-10
9.93777e-11
9.6589e-11
1.03079e-10
1.01612e-10
1.01632e-10
9.89782e-11
1.04777e-10
1.00369e-10
9.9763e-11
1.00929e-10
1e-10
9.98147e-11
9.86521e-11
1.0274e-10
9.76159e-11
9.77787e-11
9.9426e-11
1.00728e-10
1.07617e-10
9.95022e-11
9.50182e-11
1.00746e-10
0.00296286
0.0396188
9.48495e-11
9.99534e-11
9.8534e-11
9.86592e-11
9.61731e-11
1.00817e-10
9.66516e-11
9.46252e-11
0.000711792
9.89323e-11
0.0245943
1.07402e-10
1e-10
0.0375206
1.01164e-10
0.077855
1.01604e-10
9.88294e-11
1.32131e-10
9.79759e-11
9.93463e-11
9.62737e-11
9.7218e-11
9.87999e-11
1.07494e-10
9.41747e-11
9.65512e-11
1.21483e-10
9.29991e-11
1.09458e-10
1.05477e-10
9.68633e-11
9.99204e-11
9.45951e-11
9.89747e-11
9.8554e-11
9.6768e-11
9.7738e-11
1.00319e-10
1.04401e-10
1.01283e-10
1.0128e-10
1.06473e-10
0.00167917
1.00491e-10
9.55e-11
1.00756e-10
6.32848e-06
1.01753e-10
9.84295e-11
9.61962e-11
1.00357e-10
9.72355e-11
9.77637e-11
1.04718e-10
1.00056e-10
9.855e-11
9.95488e-11
0.00113138
1.0197e-10
9.92546e-11
1.0297e-10
1.00714e-10
1.0067e-10
9.90295e-11
9.81745e-11
1.04409e-10
9.75768e-11
1.02425e-10
1.00779e-10
1.02796e-10
9.79642e-11
9.79181e-11
1.00784e-10
1.29583e-10
1.00401e-10
1.27365e-10
9.61306e-11
1.00586e-10
9.68095e-11
9.67029e-11
9.61417e-11
1.00412e-10
9.85808e-11
1.0081e-10
1.01221e-10
1.02387e-10
9.98619e-11
0.0032311
1.01365e-10
1.00311e-10
9.90816e-11
1.00582e-10
9.87746e-11
9.88542e-11
9.67041e-11
9.71022e-11
9.77994e-11
9.51487e-11
9.45827e-11
9.74713e-11
1.0715e-10
1.00397e-10
1.06168e-10
9.84926e-11
9.32712e-11
9.58719e-11
1.17813e-10
1.08336e-10
9.95596e-11
1.01978e-10
1.05445e-10
1.0504e-10
9.91315e-11
9.96474e-11
1.05266e-10
9.96305e-11
1.11255e-10
9.88568e-11
1.01144e-10
9.98667e-11
1.0836e-10
1.10083e-10
1.19323e-10
1.04154e-10
9.65544e-11
9.78889e-11
1.03357e-10
9.49087e-11
1.10063e-10
1.16041e-10
1.13781e-10
9.59997e-11
1.01285e-10
1.03493e-10
9.85184e-11
9.70153e-11
1.00342e-10
1.00884e-10
2.05482e-10
1.06419e-10
1.12927e-10
1.13324e-10
1.05972e-10
1.00725e-10
1.00355e-10
9.99262e-11
1e-10
9.84585e-11
9.75163e-11
9.9272e-11
1e-10
1.00371e-10
7.10375e-11
5.79251e-11
1e-10
1.00622e-10
1e-10
9.63132e-11
9.99484e-11
0.0158967
1.03174e-10
9.83365e-11
1.01413e-10
9.73082e-11
9.7866e-11
9.90149e-11
9.91339e-11
9.91006e-11
1.03501e-10
9.76988e-11
1.00103e-10
1e-10
1.0089e-10
9.7208e-11
1.07127e-10
1.00837e-10
1.00977e-10
9.99641e-11
0.0015295
0.0147897
1.00095e-10
0.000404637
1.0005e-10
1.00005e-10
1.03499e-10
1.00131e-10
1e-10
1.0006e-10
1e-10
9.90028e-11
9.96999e-11
9.98914e-11
9.85478e-11
1.00386e-10
9.87912e-11
9.0536e-11
9.98879e-11
1.01598e-10
9.85445e-11
1.01518e-10
1.03267e-10
0.000614191
9.886e-11
9.99742e-11
9.90998e-11
9.98798e-11
9.69833e-11
1.00193e-10
9.89527e-11
9.71137e-11
1.0073e-10
1.01692e-10
1.00445e-10
1.01882e-10
1.00303e-10
9.98143e-11
1.01115e-10
1.00496e-10
1.00319e-10
1.00513e-10
1.0047e-10
1.00171e-10
1.01172e-10
9.95016e-11
9.92321e-11
0.00110543
9.93003e-11
1.02757e-10
9.91698e-11
1.0665e-10
1.11744e-10
1.01232e-10
1.04033e-10
1.10923e-10
0.0353819
1.00265e-10
1.0372e-10
9.65278e-11
1e-10
1.00476e-10
1.28596e-10
9.96864e-11
9.04777e-11
1.00765e-10
1.01555e-10
1.01923e-10
9.966e-11
1.00072e-10
1.05921e-10
1.00005e-10
9.99611e-11
9.91559e-11
9.96783e-11
1.0006e-10
1.04736e-10
1.00431e-10
9.88117e-11
9.97363e-11
0.0711168
0.207639
0.00273174
0.00933876
9.77563e-11
0.323992
0.403327
9.7716e-11
8.95145e-11
0.0631442
0.0555837
0.0209095
0.0963677
0.000378961
9.29043e-11
0.647278
0.509306
9.85504e-11
9.52984e-11
0.0367301
1.01377e-10
1.05589e-10
1.01126e-10
1.00353e-10
1.02782e-10
1.01815e-10
1.00362e-10
1.01919e-10
0.00842116
1.0074e-10
0.00931184
1.01636e-10
1.00126e-10
0.0860801
1.00612e-10
1.00579e-10
1.0509e-10
9.78599e-11
9.76181e-11
1.04028e-10
1.00008e-10
9.50661e-11
1.02621e-10
1.05325e-10
9.88557e-11
8.11575e-11
9.78514e-11
1.00153e-10
1.00067e-10
1e-10
1.00807e-10
1.02176e-10
1.00945e-10
1.0013e-10
9.99238e-11
1.0391e-10
1.00017e-10
1.00382e-10
9.96327e-11
1.00872e-10
9.89611e-11
9.55425e-11
1.0285e-10
1.04269e-10
1.02823e-10
9.93256e-11
1.0461e-10
1e-10
1.00263e-10
0.0886192
9.9302e-11
1.00641e-10
9.76573e-11
1.04429e-10
0.0223645
1.00017e-10
9.24727e-11
1.02197e-10
0.0831595
0.0290088
0.0124926
0.0910856
1.02806e-10
0.0946114
9.87033e-11
0.00321365
0.0943633
1.01441e-10
9.95063e-11
9.95838e-11
1.01496e-10
0.0521411
0.0582959
0.0575839
9.75263e-11
1.07046e-10
0.0440583
0.13334
0.0605225
0.0898159
0.0472402
0.0833231
0.0856851
0.0676034
1.14346e-10
9.98792e-11
1.01604e-10
1.07902e-10
0.156536
1.04027e-10
0.0218758
1.01705e-10
1.04384e-10
1.03779e-10
9.96144e-11
1.00923e-10
0.0765899
9.92224e-11
0.00699606
0.0595152
0.078248
0.0950278
1.05842e-10
0.00232122
0.00627843
1.00797e-10
0.048065
0.0727135
0.087592
9.53856e-11
0.0866432
0.0566412
1.0313e-10
0.0662106
1.08859e-10
0.0327724
1.02331e-10
9.82119e-11
1.10873e-10
0.162141
0.0845927
0.0733872
0.00162584
0.0204689
0.0870305
9.25461e-11
9.59817e-11
0.0307768
0.276343
0.0667509
0.0671606
0.297328
0.0781536
0.0497783
0.0853563
9.98585e-11
0.0884685
0.0616555
9.80182e-11
9.51911e-11
1.00617e-10
0.0981948
0.0460917
0.0865375
0.0757915
0.0361633
9.82312e-11
1.10593e-10
1.08398e-10
0.478117
0.204133
9.57916e-11
9.51352e-11
0.422378
9.53295e-11
0.316167
0.0550406
0.252433
0.272668
1.02921e-10
0.365699
9.96894e-11
0.0826871
9.39019e-11
0.0300741
0.115164
9.57307e-11
1.02743e-10
1.05583e-10
0.0570563
0.0674897
9.59841e-11
0.248263
0.0828891
0.206466
0.285124
0.230872
1.0199e-10
1.00481e-10
1.08324e-10
1.00983e-10
1.09226e-10
1.11017e-10
9.40434e-11
9.54116e-11
0.151252
0.191803
0.183738
0.165797
0.112261
0.0765484
9.66913e-11
1.13177e-10
9.75655e-11
1.03179e-10
0.099898
0.158304
0.310691
0.109305
0.24521
0.0343653
1.00751e-10
0.183264
0.0308801
0.0385712
9.95594e-11
0.0540328
0.0923059
1.11641e-10
1.2044e-10
1.05952e-10
1.00804e-10
1.04896e-10
1.01515e-10
1.08186e-10
9.76853e-11
9.9897e-11
1.05993e-10
1.03081e-10
1.01792e-10
1.06448e-10
9.96121e-11
0.000619823
1.06043e-10
1.0224e-10
9.91685e-11
1.06671e-10
1.03986e-10
1.10106e-10
1.05634e-10
1.07062e-10
1.00685e-10
1.03574e-10
1.02683e-10
9.74189e-11
1.03389e-10
1.01254e-10
1.02304e-10
1.0317e-10
1.07066e-10
1.01149e-10
1.03582e-10
1.05519e-10
9.96708e-11
0.162904
1.00718e-10
1.04947e-10
1.04642e-10
1.00405e-10
0.00380119
9.96754e-11
9.89377e-11
9.95741e-11
1.00118e-10
0.0723851
1.08134e-10
9.99425e-11
1.76213e-10
9.68233e-11
0.0146431
1.82107e-10
0.0643852
0.10239
1.03916e-10
0.00842129
0.0669486
9.78096e-11
1.10439e-10
1.0287e-10
0.0401141
1.04849e-10
9.99169e-11
9.97782e-11
1.00606e-10
9.93302e-11
9.5833e-11
0.0788657
0.0455982
1.37477e-10
0.00126376
1.08669e-10
0.0267905
9.48674e-11
1.17132e-10
9.74595e-11
9.99318e-11
9.46544e-11
0.00154913
9.96646e-11
9.32398e-11
1.07921e-10
9.5439e-11
9.83443e-11
9.6414e-11
9.87039e-11
9.75981e-11
9.97307e-11
1.0126e-10
9.85394e-11
1.08574e-10
9.84663e-11
1.07603e-10
1.02094e-10
9.69711e-11
0.0456241
0.0182585
0.00161739
9.60336e-11
9.81461e-11
1.07608e-10
1.05902e-10
1.08066e-10
0.0325912
9.6209e-11
9.96518e-11
9.9692e-11
9.98501e-11
0.0125
0.0169501
0.470724
9.98805e-11
9.87605e-11
1.31441e-10
9.85651e-11
7.72277e-11
1.71961e-10
1.00172e-10
9.99905e-11
9.99179e-11
9.94154e-11
1.04814e-10
0.0186355
1.15459e-10
9.6796e-11
9.53509e-11
9.97072e-11
9.72017e-11
9.94286e-11
1.03578e-10
9.55246e-11
8.46072e-11
9.77893e-11
9.61391e-11
9.59211e-11
9.76177e-11
9.86414e-11
9.98504e-11
9.47251e-11
1.00175e-10
9.86618e-11
9.6179e-11
9.79151e-11
9.52391e-11
9.97813e-11
0.00356928
1.00309e-10
8.70823e-11
0.000172762
9.23263e-11
9.66747e-11
1.0625e-10
9.53268e-11
9.2524e-11
9.96656e-11
9.71803e-11
1.12982e-10
9.7689e-11
9.14239e-11
9.43781e-11
9.57839e-11
9.46352e-11
1.04055e-10
0.0149629
1.09497e-10
9.45899e-11
9.94899e-11
0.0199727
1.04806e-10
9.56995e-11
0.0524086
0.133203
0.19729
0.0461872
0.124952
1.03585e-10
1.03669e-10
1.15018e-10
0.0786632
1.09705e-10
1.00667e-10
1.01142e-10
1.09633e-10
9.72682e-11
1.01794e-10
0.0929471
1.08281e-10
9.93723e-11
0.169394
0.0858065
1.03108e-10
1.04078e-10
1.06111e-10
1.02202e-10
1.12199e-10
1.17313e-10
1.06096e-10
1.20363e-10
9.79948e-11
0.0659168
0.171896
0.0950182
0.0875599
0.0918778
0.167339
0.0862204
1.01545e-10
0.00065457
0.0188173
1.15536e-10
1.00253e-10
0.129287
0.0622057
0.0951817
0.0473635
1.1889e-10
1.03241e-10
9.96616e-11
1.07568e-10
0.0299628
0.143345
1.02556e-10
1.0078e-10
1.01669e-10
1.02325e-10
9.97567e-11
9.89485e-11
1.10886e-10
9.85817e-11
1.04798e-10
9.40653e-11
1.34541e-10
9.06003e-11
9.3202e-11
1.10533e-10
8.30343e-11
8.18185e-11
5.63971e-11
0.0375
9.81908e-11
9.61556e-11
8.58489e-11
9.75405e-11
7.85097e-11
7.87267e-11
0.05
1.30639e-10
9.33599e-11
9.6247e-11
9.79217e-11
9.80401e-11
1.01812e-10
1.07123e-10
9.03934e-11
9.37164e-11
0.0375
0.0375
1.16787e-10
8.80299e-11
1.17925e-10
1.09828e-10
1.03332e-10
9.51207e-11
1.12206e-10
1.02659e-10
1.05284e-10
9.99516e-11
1.71911e-10
1.00992e-10
1.03603e-10
9.35271e-11
1.0082e-10
1.05012e-10
1.04413e-10
1.14833e-10
1.01721e-10
1.05259e-10
1.13678e-10
9.7288e-11
1.00059e-10
1.0381e-10
1.13655e-10
9.81941e-11
9.22534e-11
9.73395e-11
1.02493e-10
9.83914e-11
1.01173e-10
9.81809e-11
9.72723e-11
0.057963
0.00817668
1.00023e-10
9.97326e-11
1.00482e-10
0.990056
9.98183e-11
0.024644
0.320624
9.46524e-11
9.03499e-11
1.05096e-10
9.52576e-11
9.89655e-11
9.05226e-11
1.02595e-10
9.65634e-11
9.51786e-11
0.0299175
1.00923e-10
1.02804e-10
1.0317e-10
1.02365e-10
1.01335e-10
1.03647e-10
1.04393e-10
1.01103e-10
0.0334971
0.0292921
0.00132513
1.07504e-10
1.02045e-10
0.00565507
1.01922e-10
1e-10
1.07722e-10
1.08845e-10
1.06626e-10
1.06133e-10
1.17567e-10
0.00105995
0.112743
0.114178
1.01092e-10
1.06525e-10
9.64327e-11
1.05189e-10
9.74056e-11
1.02214e-10
1.12054e-10
1.22113e-10
9.81135e-11
9.92022e-11
1.06415e-10
1.09518e-10
1.01406e-10
1.06793e-10
1.00545e-10
0.0125341
9.9196e-11
1.00127e-10
0.0131347
1.00963e-10
1.09249e-10
9.99241e-11
1.08188e-10
1.00198e-10
1.0129e-10
9.99216e-11
1.01572e-10
9.95812e-11
1.18628e-10
1.08017e-10
1.05572e-10
1.1522e-10
0.0212732
0.377215
1.10702e-10
9.6678e-11
1.09509e-10
1.11639e-10
0.0834756
1.0614e-10
1.05028e-10
0.0333066
1.11376e-10
0.00328707
1.10799e-10
1.0418e-10
1.12293e-10
1.19265e-10
9.81078e-11
1.11907e-10
9.87312e-11
0.0765601
0.0456783
1.15821e-10
1.04337e-10
1.07714e-10
1.06316e-10
1.01174e-10
1.07818e-10
1.07783e-10
1.07493e-10
1.17207e-10
9.5876e-11
1e-10
9.74451e-11
9.74819e-11
1.12308e-10
1.06841e-10
9.96154e-11
1.06645e-10
9.8536e-11
1.12458e-10
1.22966e-10
1.02762e-10
9.96554e-11
1.02643e-10
0.0287944
1.01691e-10
1.05065e-10
1.00048e-10
1.09623e-10
1.09126e-10
9.56473e-11
1.0539e-10
1.07257e-10
1.01375e-10
1.0698e-10
1.01165e-10
9.92572e-11
1.13233e-10
9.66942e-11
1.06624e-10
9.92011e-11
9.79606e-11
1.06339e-10
1.01932e-10
9.984e-11
9.93133e-11
9.97375e-11
9.95867e-11
9.48399e-11
1.13199e-10
1.06961e-10
1.09826e-10
1.09021e-10
1.03818e-10
1.04148e-10
1.21975e-10
9.99336e-11
1.07915e-10
9.7971e-11
1.00514e-10
9.68332e-11
1.03115e-10
1.01252e-10
1.0131e-10
9.91548e-11
9.71712e-11
1.13176e-10
9.87601e-11
1.22311e-10
1.13409e-10
1.05003e-10
1.02271e-10
1.07335e-10
9.57539e-11
0.00311328
1.03148e-10
9.7687e-11
9.61209e-11
9.60221e-11
9.74738e-11
1.03966e-10
1.17523e-10
1.18495e-10
1.03866e-10
1.10621e-10
9.89702e-11
1.05028e-10
9.28084e-11
9.64607e-11
9.93665e-11
1.13638e-10
9.70806e-11
9.8731e-11
9.91297e-11
1.03933e-10
1.19318e-10
1.14058e-10
1.10987e-10
1.01755e-10
1.04614e-10
9.38042e-11
9.24602e-11
9.60519e-11
9.44131e-11
9.46157e-11
1.01344e-10
9.48872e-11
9.51587e-11
1.00848e-10
9.33939e-11
1.10716e-10
9.50349e-11
1.00069e-10
9.65416e-11
9.36176e-11
9.55118e-11
1.0706e-10
9.73594e-11
9.66239e-11
1.02609e-10
9.53564e-11
1.01335e-10
1.16298e-10
9.54354e-11
9.07498e-11
9.87827e-11
1.12843e-10
9.68647e-11
9.54303e-11
9.86877e-11
9.77899e-11
9.52416e-11
9.75307e-11
9.85168e-11
9.95528e-11
9.70132e-11
9.67883e-11
9.27863e-11
9.44528e-11
1.01112e-10
9.84924e-11
9.75486e-11
9.53142e-11
9.32956e-11
1.40462e-10
9.79112e-11
1.00314e-10
1.02718e-10
1.13104e-10
1.18614e-10
1.05085e-10
2.58588e-06
9.48745e-11
1.01432e-10
9.92572e-11
1.11819e-10
9.49359e-11
9.41912e-11
9.68889e-11
9.75408e-11
9.40265e-11
9.46446e-11
1.05529e-10
9.29514e-11
9.50841e-11
1.03753e-10
9.88326e-11
9.61538e-11
1.00379e-10
9.46038e-11
9.67059e-11
9.53801e-11
9.69958e-11
1.00254e-10
9.41299e-11
9.55545e-11
1.02986e-10
9.85967e-11
1.01128e-10
9.58169e-11
1.04581e-10
9.61884e-11
9.45265e-11
1.11883e-10
6.8323e-05
1.1738e-10
1.24689e-10
9.89596e-11
1.05557e-10
1.04511e-10
1.11365e-10
9.22799e-11
9.70841e-11
1.03233e-10
9.31541e-11
9.52103e-11
0.146209
1.02708e-10
0.0044935
8.78316e-11
9.94741e-11
9.57806e-11
1.0131e-10
1.01035e-10
1.02944e-10
9.59484e-11
9.77074e-11
9.78215e-11
1.05451e-10
1.02478e-10
1.10256e-10
1.08487e-10
1.07353e-10
1.09418e-10
1.1268e-10
9.92446e-11
9.74841e-11
1.08073e-10
1.0679e-10
1.02379e-10
1.08903e-10
9.45835e-11
9.35857e-11
9.5281e-11
1.01903e-10
1.09374e-10
1.13011e-10
1.14712e-10
1.2135e-10
1.05525e-10
1.15809e-10
1.03088e-10
1.03178e-10
1.12729e-10
9.53597e-11
9.88723e-11
9.99712e-11
9.82724e-11
1.03151e-10
1.01643e-10
9.71413e-11
1.03307e-10
1.01918e-10
9.82464e-11
1.03551e-10
1.00157e-10
1.10834e-10
1.01278e-10
0.129023
1.00519e-10
9.99161e-11
1.04494e-10
1.00254e-10
1.0105e-10
9.99853e-11
1.1171e-10
1.02868e-10
1.01748e-10
0.0643008
9.87008e-11
1.04603e-10
9.93686e-11
1.00578e-10
9.6964e-11
9.78891e-11
9.89239e-11
1.04536e-10
1.0249e-10
0.000133089
1.01177e-10
9.95458e-11
9.63606e-11
9.84066e-11
9.597e-11
1.05338e-10
9.80368e-11
1.15759e-10
9.9404e-11
1.0456e-10
1.05995e-10
1.1168e-10
9.81718e-11
1e-10
9.4901e-11
1.02054e-10
9.7311e-11
1.00326e-10
9.4708e-11
9.78167e-11
9.66008e-11
1.00013e-10
1.02192e-10
1.02921e-10
9.73464e-11
9.70708e-11
1.00234e-10
1.02799e-10
1.06372e-10
1.02358e-10
8.90463e-11
1.00021e-10
1.02344e-10
1.06613e-10
1.00005e-10
9.77076e-11
9.04283e-11
9.76316e-11
1.13265e-10
9.5231e-11
9.71942e-11
1.07437e-10
1.00686e-10
1e-10
9.69962e-11
9.72237e-11
1.03483e-10
1.02501e-10
9.95705e-11
1.00005e-10
1.02917e-10
9.87243e-11
9.93944e-11
1e-10
1.08807e-10
1.0002e-10
1.10801e-10
1.06026e-10
9.93331e-11
9.9376e-11
9.73021e-11
9.703e-11
1.00055e-10
9.77411e-11
9.48972e-11
9.88015e-11
9.97729e-11
9.96673e-11
1.01216e-10
0.000421141
1.06662e-10
1.23558e-10
1.17961e-10
9.92857e-11
1.01638e-10
9.86249e-11
9.56983e-11
1.0143e-10
1.03454e-10
1.0302e-10
1.00001e-10
8.87719e-11
2.06184e-07
1.08252e-10
1.04208e-10
1.01371e-10
1.10245e-10
1.00592e-10
9.92552e-11
9.96837e-11
9.99424e-11
1.00396e-10
1.05315e-10
1.03451e-10
1.00134e-10
1.04942e-10
1.02809e-10
1.00851e-10
1.03454e-10
9.65739e-11
1.01131e-10
1.02663e-10
0.00287262
0.00101063
9.43267e-11
1.02485e-10
1.08246e-10
1.01517e-10
9.74689e-11
1.03397e-10
9.23047e-11
1.07523e-10
0.0036759
1.03412e-10
1.10946e-10
1.08844e-10
1.01674e-10
9.6076e-11
1.02867e-10
1.06847e-10
9.06348e-11
9.48706e-11
1.13833e-10
1.02978e-10
1.13773e-10
1.03021e-10
9.58548e-11
1.20259e-10
9.54621e-11
1.00069e-10
9.30128e-11
9.39752e-11
9.80765e-11
9.77939e-11
1.0419e-10
9.77659e-11
9.58459e-11
1.00645e-10
0.000880673
1.00704e-10
1.00272e-10
1.0148e-10
1.02811e-10
9.90136e-11
1.05798e-10
9.94899e-11
1.02768e-10
1.03118e-10
0.00331362
1.04389e-10
1.00997e-10
1.03604e-10
9.77143e-11
9.69277e-11
1.07891e-10
9.99424e-11
1.00978e-10
1.03989e-10
9.7398e-11
1.07709e-10
9.82504e-11
9.76207e-11
1.01326e-10
9.91147e-11
9.06711e-11
5.7817e-11
9.11563e-11
9.73874e-11
1.00972e-10
9.71491e-11
6.43198e-11
9.94415e-11
9.93459e-11
9.55298e-11
9.33513e-11
1.0277e-10
9.72143e-11
0.15703
1.1489e-10
1.00605e-10
1.09363e-10
1.11481e-10
1.01995e-10
9.77665e-11
9.49453e-11
1.06246e-10
9.60566e-11
9.26961e-11
1.22294e-10
1.13358e-10
9.43023e-11
0.000106709
9.92453e-11
9.93673e-11
1.06999e-10
9.1562e-11
9.1349e-11
9.66918e-11
9.81046e-11
9.18095e-11
1.12373e-10
1.02305e-10
1.03612e-10
1.01964e-10
1.06102e-10
1.03136e-10
1.00719e-10
1.03311e-10
1.10735e-10
1.01552e-10
1.01367e-10
1.09265e-10
1.00747e-10
1.01146e-10
1.0129e-10
1.02469e-10
0.0303815
0.00823382
9.8253e-11
0.0590347
1.00267e-10
1.03738e-10
0.0226221
1.0191e-10
0.0331257
9.80525e-11
1.00663e-10
0.120338
0.0922056
1.01677e-10
1.04331e-10
0.0181344
0.0936231
9.56473e-11
0.0377902
0.0625725
0.202848
0.090973
0.0560751
0.042152
9.79503e-11
9.68683e-11
0.00574411
0.204456
1.05463e-10
0.035703
0.0153626
0.197257
0.175927
0.279734
0.246824
0.217545
0.15058
0.145212
0.139432
0.181791
0.119602
0.0340226
9.88488e-11
0.0819721
0.213943
0.135843
0.134131
0.232539
0.439348
0.297985
0.257587
0.220603
0.19569
0.28746
0.0897582
0.159915
0.0977254
0.0984782
0.201598
0.0584312
0.115253
0.180082
0.0896714
9.56845e-11
0.0475482
9.88761e-11
0.103613
0.0775435
0.183557
0.212843
0.0547837
0.135765
0.0149219
0.140295
0.245646
9.38508e-11
9.80071e-11
9.98664e-11
9.55371e-11
0.00716465
1.03037e-10
1.04782e-10
9.92013e-11
0.0259582
9.74746e-11
0.0253831
1.01335e-10
0.182005
9.2642e-11
0.0154036
1.02158e-10
0.0231601
1.01048e-10
9.85604e-11
0.1036
0.00223124
9.76652e-11
1.05799e-10
9.50668e-11
1.00368e-10
0.0968867
1.04e-10
1.02262e-10
9.54124e-11
9.66469e-11
9.46382e-11
9.30972e-11
9.6068e-11
9.63544e-11
9.40376e-11
9.42481e-11
1.00708e-10
0.0903422
1.03792e-10
9.258e-11
9.67107e-11
1.02688e-10
9.98839e-11
9.96366e-11
1.00704e-10
9.99881e-11
9.97639e-11
1.01182e-10
1.00928e-10
9.965e-11
9.92674e-11
9.94365e-11
1.0059e-10
9.89997e-11
9.69767e-11
9.8452e-11
9.82977e-11
1.14968e-10
1.04515e-10
9.7354e-11
1.03026e-10
1.06975e-10
9.84695e-11
8.5607e-11
0.0055372
9.59704e-11
9.45279e-11
9.53009e-11
9.33671e-11
9.73527e-11
9.41088e-11
0.0534814
1.02268e-10
0.000143655
9.26836e-11
0.257839
1.03974e-10
1.07766e-10
0.0988802
0.00314701
0.00784102
0.0429501
1.0614e-10
0.0249502
1.06674e-10
0.109515
9.29583e-11
0.158074
1.07017e-10
0.0143823
0.0906176
0.0162526
1.02946e-10
1.02314e-10
0.000764265
0.0745816
0.0223559
0.104611
1.04329e-10
1.05764e-10
0.0963132
0.188569
0.0157713
9.76763e-11
0.0595187
0.134622
0.0559366
0.0267455
0.490027
0.0305228
0.0436181
1.04562e-10
0.013002
0.116056
1.02236e-10
1e-10
0.0233636
1.05725e-10
1.00521e-10
9.96898e-11
0.0617389
9.97233e-11
9.75035e-11
9.99305e-11
9.91203e-11
1.00192e-10
9.91113e-11
9.88498e-11
1e-10
9.96899e-11
9.71692e-11
9.9323e-11
9.79216e-11
9.94067e-11
1e-10
9.58108e-11
9.95414e-11
9.93138e-11
1e-10
1.00088e-10
1.05798e-10
9.84662e-11
9.93838e-11
9.81799e-11
0.000367831
9.93753e-11
0.00737032
9.88897e-11
0.00338128
1.0008e-10
9.45527e-11
1.00358e-10
9.86025e-11
9.78304e-11
1.00608e-10
9.91504e-11
9.83953e-11
9.85742e-11
1.0171e-10
9.97678e-11
1.00211e-10
0.0229086
9.80459e-11
1.01196e-10
1.03544e-10
1.00324e-10
9.84308e-11
1.15767e-10
9.7399e-11
9.96223e-11
0.000144761
9.9214e-11
1.05607e-10
9.98647e-11
9.98168e-11
1.01264e-10
9.75003e-11
9.73e-11
0.000769987
9.93153e-11
9.81973e-11
1.0258e-10
9.89157e-11
9.76361e-11
0.405244
9.73035e-11
0.0101068
9.62034e-11
1.04292e-10
1.04756e-10
0.05432
1.03432e-10
9.72036e-11
1.02959e-10
1.02986e-10
9.94558e-11
0.035383
9.25566e-11
9.85153e-11
9.64078e-11
9.64643e-11
9.65088e-11
9.77924e-11
1.00315e-10
0.050689
9.65541e-11
0.0770116
9.5922e-11
0.0958651
1.01323e-10
0.0167379
1.0356e-10
9.80964e-11
1.05563e-10
9.4673e-11
9.34727e-11
0.0690045
9.68157e-11
0.0894751
0.0582684
9.71636e-11
9.74549e-11
0.00481838
9.63759e-11
0.0793776
0.0157996
0.0274979
0.0801785
9.78878e-11
0.00370499
0.0105835
0.179196
0.00628226
0.0324427
9.75965e-11
0.0674991
9.25374e-11
0.0693893
9.00751e-11
9.44663e-11
0.0216892
0.0696295
9.80133e-11
0.171568
0.0040464
9.22957e-11
9.47681e-11
8.83179e-11
9.12251e-11
0.0106662
9.69544e-11
0.00480093
9.63502e-11
9.95042e-11
0.016743
0.13934
9.87132e-11
1e-10
1.00424e-10
9.56289e-11
3.89937e-05
9.85533e-11
1.05698e-10
9.99693e-11
9.81522e-11
1.00289e-10
9.76724e-11
1.15761e-10
1.06845e-10
0.00161757
9.95201e-11
1.05788e-10
9.90974e-11
9.80377e-11
9.34691e-11
9.73511e-11
9.89124e-11
8.55773e-11
0.000175372
9.93409e-11
1.0621e-10
1.05029e-10
9.68425e-11
8.45288e-11
9.97798e-11
9.96021e-11
9.9424e-11
9.98923e-11
1.01926e-10
0.000781142
9.93664e-11
9.99132e-11
9.81199e-11
1e-10
9.99773e-11
1.01144e-10
1.00811e-10
1.02724e-10
9.88062e-11
9.96254e-11
5.99662e-06
9.94629e-11
9.90378e-11
9.89491e-11
1.03814e-10
1.02293e-10
1.03841e-10
2.13221e-05
1.42926e-10
9.72552e-11
1.04984e-10
1.00553e-10
1.01658e-10
9.64864e-11
9.82852e-11
9.53149e-11
1.04113e-10
1.02942e-10
0.09429
0.0988207
0.000469825
0.0111561
0.191785
0.0820013
0.0275459
0.0478447
0.0645401
0.248382
0.117546
0.447988
0.0117478
0.152598
0.104181
0.279193
0.208489
0.488331
0.203374
0.149842
0.0676664
0.102107
0.255049
0.277026
0.380269
0.26734
0.0192569
0.0808294
0.0740168
0.137407
9.26453e-11
0.172456
0.0855002
0.208685
0.0762394
1.08779e-10
0.408231
0.136342
0.102158
0.000262883
9.73945e-11
0.0255997
0.151697
0.0514991
0.0955546
0.0597535
0.0966796
1.01548e-10
0.169164
0.163135
0.170673
0.117044
9.43389e-11
1.08665e-10
9.81111e-11
1.06048e-10
1.09032e-10
0.029399
1.0147e-10
1.00464e-10
9.95844e-11
9.81247e-11
1.04109e-10
1.04215e-10
9.96671e-11
1.0211e-10
9.93825e-11
9.60626e-11
1.08599e-10
1.03617e-10
1.02588e-10
9.76623e-11
1.04662e-10
1.07249e-10
1.00103e-10
1.01429e-10
9.94037e-11
1.25486e-10
1.01801e-10
1.05392e-10
1.47727e-10
1.02537e-10
9.87324e-11
9.64836e-11
9.93944e-11
1.01189e-10
1.03332e-10
1.02131e-10
9.68074e-11
9.91239e-11
9.66168e-11
9.6435e-11
9.75661e-11
1.05034e-10
9.3447e-11
9.61171e-11
9.66012e-11
0.00061166
9.85042e-11
1.0426e-10
9.57119e-11
9.87828e-11
1.05237e-10
1.01411e-10
9.62051e-11
1.08592e-10
9.60307e-11
9.64507e-11
1.06379e-10
1.06549e-10
9.77237e-11
1.02613e-10
1.01299e-10
1.05226e-10
1.02211e-10
1.05448e-10
9.81976e-11
1.08713e-10
1.043e-10
1.06684e-10
9.46326e-11
1.0324e-10
1.01784e-10
1.04569e-10
1.01341e-10
1.01329e-10
1.02846e-10
1.00451e-10
9.05481e-11
9.48174e-11
9.69778e-11
1.04163e-10
9.87592e-11
9.71743e-11
9.31418e-11
1.10783e-10
9.79457e-11
1.06014e-10
9.46462e-11
9.60562e-11
9.64645e-11
9.68795e-11
9.77852e-11
9.89559e-11
9.87384e-11
9.75973e-11
9.92197e-11
9.66065e-11
9.45497e-11
9.82035e-11
0.00173485
9.98822e-11
9.75498e-11
9.66134e-11
9.54717e-11
9.99201e-11
9.81915e-11
9.56963e-11
9.71332e-11
9.83364e-11
0.0137603
9.16303e-11
1.0344e-10
9.27033e-11
0.0824378
0.00794057
0.0140403
9.71465e-11
0.0469082
0.0448798
0.00151067
1.06562e-10
1.16253e-10
1.10519e-10
0.0320857
0.0906388
0.0373146
0.0814284
0.0210681
0.684888
0.585599
0.184016
0.95343
1.02802e-10
0.822396
0.557871
9.97692e-11
1.03031e-10
9.90866e-11
1.00085e-10
9.85711e-11
9.51538e-11
9.79444e-11
9.50624e-11
1.04284e-10
1.07269e-10
1.01309e-10
1.03989e-10
1.02612e-10
1.06942e-10
9.84582e-11
9.49409e-11
0.542176
0.219427
0.0357198
0.0972195
0.0363618
1.00535e-10
0.000867309
9.99629e-11
0.0564025
0.0284134
1.00029e-10
0.00114152
0.0118312
1.00056e-10
0.0191092
0.00888378
9.98802e-11
0.022632
1.03358e-10
1.00409e-10
1.01721e-10
1.00198e-10
1.00582e-10
9.6861e-11
1.02915e-10
1.08898e-10
1.05283e-10
1.04574e-10
1.02707e-10
1.02339e-10
1.04117e-10
1.05665e-10
1.04368e-10
9.66779e-11
9.89029e-11
0.0866158
9.39048e-11
1.03448e-10
9.7084e-11
0.000522022
9.95823e-11
1.60438e-10
9.81856e-11
1e-10
1.09696e-10
0.0532188
0.961768
1.00052e-10
0.700476
0.938421
9.99724e-11
0.0573346
0.0204789
1.00015e-10
1
0.0875
0.534663
0.210117
0.02916
0.879735
1.00356e-10
9.9362e-11
0.0210673
9.97519e-11
0.037703
0.988574
0.976385
9.97803e-11
0.456114
0.107396
0.194043
0.010387
0.0663728
0.0460078
0.466886
9.82089e-11
0.0257579
1.05022e-10
1.0031e-10
0.0504545
0.295378
1.03215e-10
1.00712e-10
0.0607038
0.0876336
9.57472e-11
1.01746e-10
0.0804498
1.10725e-10
9.79238e-11
0.0343148
1.1559e-10
1.0659e-10
1.04188e-10
1.10238e-10
9.92052e-11
9.48608e-11
1.02554e-10
0.0365732
1.03147e-10
9.5914e-11
9.77537e-11
9.95628e-11
9.52342e-11
1.01894e-10
9.98662e-11
1.04493e-10
1.06109e-10
1.01241e-10
1.02442e-10
1.00508e-10
1.00094e-10
1e-10
0.0892223
0.0113458
9.65242e-11
9.63665e-11
0.00607236
0.00692395
0.000831173
1.08677e-10
9.99348e-11
8.91066e-11
0.00637402
0.00103945
1.01497e-10
0.0589916
9.72542e-11
9.99189e-11
1.14299e-10
0.0292599
1.10465e-10
1.08553e-10
0.00648462
9.96584e-11
1.02989e-10
0.338294
1.02157e-10
0.0202782
1.06732e-10
9.9479e-11
0.0060461
9.97573e-11
1.05276e-10
9.61412e-11
1.03864e-10
9.42926e-11
0.00445324
9.99222e-11
0.0390237
0.0464915
1.02397e-10
1.00127e-10
1.15573e-10
1.05126e-10
0.083566
0.430713
0.0796799
1.05754e-10
0.0988262
1.01355e-10
0.0455314
0.0027204
0.0123781
0.0197472
1.0176e-10
0.0149278
0.253903
1.01798e-10
0.0744073
0.132184
0.0668914
0.088597
0.075792
9.71597e-11
1.05067e-10
1.01142e-10
0.0971219
0.0125687
0.0570043
0.00920904
1.07125e-10
0.0732728
0.0895714
0.0772378
1.0661e-10
0.0714879
0.073769
0.0598223
0.0857151
0.0966698
1.02144e-10
0.0779344
0.0258556
0.00272477
0.0801238
0.0813229
9.69934e-11
0.0757973
0.174406
9.68091e-11
9.5649e-11
0.0719361
0.183143
0.218109
1.05338e-10
9.94241e-11
0.015095
0.152206
1.00482e-10
0.551447
0.0292969
9.69067e-11
0.077275
0.119371
9.50951e-11
0.00103251
9.56162e-11
0.20293
1.35524e-05
9.4112e-11
1.07096e-10
0.108116
9.85709e-11
0.11465
0.0922221
0.0987336
9.88991e-11
0.00579136
1.10795e-10
1.02059e-10
0.0799622
0.089112
0.361169
0.0934294
0.157642
9.99262e-11
0.0864887
9.62475e-11
0.0891989
1.01146e-10
0.103323
0.00628855
0.0958782
0.0915014
9.8167e-11
0.173599
0.0803547
0.0768371
9.98017e-11
0.129719
0.175535
0.185652
9.67745e-11
9.91631e-11
1.11838e-10
9.65406e-11
0.0429253
1.1309e-10
9.39189e-11
0.313387
0.063124
9.74861e-11
0.104897
0.130682
1.09143e-10
0.00534537
9.16542e-11
9.88801e-11
0.0486738
1.10927e-10
0.038019
9.50263e-11
0.192669
9.3234e-11
0.286016
0.53926
0.0109941
0.115529
1.04669e-10
1.01263e-10
0.115863
0.0814506
9.60227e-11
0.0991122
0.248139
9.62537e-11
0.0185536
0.0651634
0.12191
9.8206e-11
0.163383
0.683065
9.89712e-11
9.62933e-11
1.00534e-10
1.0002e-10
9.99105e-11
1e-10
9.92271e-11
1.08179e-10
9.77429e-11
1.00094e-10
9.17247e-11
1.00093e-10
1e-10
9.96906e-11
9.90142e-11
1e-10
9.96516e-11
9.52357e-11
1.61344e-10
1.0167e-10
1.69594e-10
9.7728e-11
9.99166e-11
9.82598e-11
7.49826e-11
9.98254e-11
1.00209e-10
9.28637e-11
9.91377e-11
9.81558e-11
9.43105e-11
9.7521e-11
0.00131175
1e-10
9.56994e-11
0.00112433
0.345903
0.00740989
0.00098976
0.0119352
0.0133856
1.00751e-10
1.00259e-10
9.35752e-11
7.43475e-11
9.509e-11
9.40607e-11
9.9372e-11
1.00569e-10
9.52303e-11
1.05758e-10
9.58583e-11
1e-10
1.35751e-10
1.00224e-10
4.00059e-05
8.82094e-11
9.72766e-11
9.6085e-11
9.74524e-11
1.03803e-10
0.0170993
9.6384e-11
8.9551e-11
1.00885e-10
9.56247e-11
9.50332e-11
1.05237e-10
1.03021e-10
1.06841e-10
9.47019e-11
9.5231e-11
9.66804e-11
1.05534e-10
1.06851e-10
9.35502e-11
1.21457e-10
9.03494e-11
8.83477e-11
9.07284e-11
9.82449e-11
1.12411e-10
9.71935e-11
9.79349e-11
9.4159e-11
9.82919e-11
1.12853e-10
1.0308e-10
1.02664e-10
1.05004e-10
1.09012e-10
9.20456e-11
1.01911e-10
9.20451e-11
0.000118138
1.07429e-10
0.0914456
9.55259e-11
1.02017e-10
1.06493e-10
1.01917e-10
1.03441e-10
0.0958255
9.81343e-11
0.088967
1.03551e-10
0.0888606
0.0327957
1.01933e-10
1.06007e-10
0.201158
9.64539e-11
0.265684
0.240735
1.01331e-10
0.0674998
0.0584826
0.0117958
9.6192e-11
9.28678e-11
9.00559e-11
1.07105e-10
1.07538e-10
1.09917e-10
1.09542e-10
1.02394e-10
1.07705e-10
1.05985e-10
9.38109e-11
0.110623
0.0202766
0.0078596
1.03128e-10
1.0339e-10
0.060123
1.10073e-10
1.06306e-10
1.67763e-10
9.49212e-11
9.60572e-11
0.0366908
0.0776748
9.4824e-11
1.05412e-10
1.03281e-05
1.8813e-10
7.36936e-11
9.34836e-11
1.03087e-10
8.67689e-11
1e-10
1e-10
9.97685e-11
1.08148e-10
9.92855e-11
1.00076e-10
9.58401e-11
1.05122e-05
1.85523e-10
9.56911e-10
1.4105e-10
8.08512e-11
9.65389e-11
9.58427e-11
1.20293e-10
0.000170885
1.14619e-10
0.000290189
1.11301e-10
0.00279857
1.09801e-10
1.03832e-10
1.02441e-10
1.10814e-10
1.1441e-10
1.06101e-10
1.04874e-10
1.06254e-10
1.03583e-10
1.00307e-10
1.03074e-10
0.0044187
3.75692e-05
9.69234e-11
1.02842e-10
1.03157e-10
9.75707e-11
1e-10
9.93631e-11
9.94761e-11
9.87434e-11
1.04562e-10
1.13722e-10
1.10562e-10
1.00156e-10
1e-10
1.05608e-10
1.06884e-10
9.95803e-11
1.00615e-10
1.00143e-10
1e-10
9.97335e-11
1.01666e-10
1.03938e-10
0.00113231
1.0214e-10
1.02997e-10
1.02091e-10
9.9275e-11
1.00588e-10
1.01345e-10
9.7451e-11
1.00216e-10
1.0555e-10
1.04703e-10
9.60365e-11
1.11835e-10
0.0530704
1.00422e-10
0.0793895
1.01713e-10
9.74651e-11
1.00078e-10
1.01828e-10
1.05775e-10
0.0988146
1.07202e-10
1.01872e-10
1.04933e-10
1.04691e-10
9.96106e-11
9.60706e-11
1.00541e-10
9.72434e-11
9.90941e-11
1.01479e-10
1.03868e-10
9.3956e-11
0.00213373
1.06726e-10
1.03681e-10
1.20808e-10
1.03218e-10
1.03364e-10
9.85497e-11
1.14108e-10
1.02524e-10
1.03796e-10
1.00452e-10
1.16688e-10
1.11413e-10
0.00131153
1.19641e-10
9.75852e-11
9.36659e-11
1.04125e-10
0.00180076
1.09582e-10
1.05849e-10
1.02789e-10
9.38585e-11
1.0646e-10
0.00605358
1.00184e-10
9.18928e-11
9.92393e-11
1.11703e-10
1.08045e-05
0.000731141
1.40672e-10
9.94286e-11
1.01722e-10
3.36682e-05
1.09612e-10
8.32488e-11
9.28618e-11
9.85801e-11
9.69055e-11
9.79262e-11
9.48354e-11
9.99534e-11
9.71768e-11
1.06791e-10
9.80257e-11
9.06497e-11
9.23662e-11
0.0154159
9.50637e-11
0.0147498
0.000575727
1e-10
1.03517e-10
1.03143e-10
2.00452e-10
9.7441e-11
1.04178e-10
1.00397e-10
0.000109685
1.02278e-10
1.00446e-10
0.0126527
9.89971e-11
1.08285e-10
1.03575e-10
1.0122e-10
1.0116e-10
1.0265e-10
1.46604e-10
9.68842e-11
9.52104e-11
9.83133e-11
9.95343e-11
9.93005e-11
9.98645e-11
9.91793e-11
0.00303762
9.85561e-11
9.50083e-11
9.80519e-11
1.04868e-10
9.73694e-11
9.54397e-11
1.04212e-10
1.00508e-10
1.02945e-10
1.09613e-10
1.07035e-10
1e-10
1.01703e-10
8.8531e-11
9.1719e-11
9.73528e-11
0.00346807
9.44489e-11
9.96995e-11
9.0182e-11
1.16963e-10
9.45196e-11
9.58253e-11
9.33065e-11
9.31878e-11
1.02503e-10
1.02489e-10
0.0642359
9.79772e-11
1.01811e-10
9.31075e-11
1.00072e-10
1.02269e-10
1.04553e-10
1.08576e-10
9.99732e-11
9.99663e-11
1.05719e-10
9.85618e-11
1.0042e-10
1.01084e-10
1.0389e-10
1.03248e-10
1.07505e-10
1.00953e-10
1.04916e-10
1.03087e-10
1.01888e-10
1.03587e-10
0.000110484
1.00246e-10
9.69499e-11
9.97838e-11
1.0481e-10
1.07566e-10
9.73837e-11
9.97209e-11
9.85586e-11
1.01868e-10
1.65842e-10
1.07213e-10
9.9863e-11
9.99315e-11
1.00056e-10
1.00097e-10
1.00242e-10
1.00445e-10
9.98263e-11
1.00036e-10
9.85375e-11
1.00159e-10
9.98167e-11
1.00041e-10
9.99976e-11
0.077161
9.57424e-11
1.01237e-10
1.06354e-10
1.02318e-10
9.94639e-11
1.08077e-10
1.10332e-10
1.00325e-10
1.08785e-10
0.00286803
1.01652e-10
9.83883e-11
9.62179e-11
9.99215e-11
9.89697e-11
0.0135043
9.93012e-11
1.1103e-10
1.00902e-10
9.86471e-11
1.00574e-10
9.40738e-11
0.0125
1.44491e-10
1.03446e-10
1.12136e-10
9.80713e-11
9.96319e-11
9.54706e-11
1.0807e-10
2.02098e-10
9.70387e-11
1.03147e-10
1.00268e-10
9.86936e-11
1.14312e-10
0.0119333
9.95789e-11
9.96636e-11
9.93707e-11
1.01326e-10
1.00416e-10
1.01006e-10
1.00796e-10
9.86074e-11
9.94869e-11
9.99097e-11
1.26051e-10
1.0326e-10
9.87303e-11
1.14339e-10
1.20575e-10
9.71692e-11
9.9278e-11
8.19937e-11
1.06326e-10
1.00895e-10
2.16322e-10
9.4881e-11
9.99435e-11
9.65011e-11
1e-10
8.2677e-11
1.01691e-10
9.18756e-11
9.6131e-11
1.00273e-10
9.78483e-11
9.72271e-11
1.01168e-10
9.79045e-11
9.70803e-11
1.04325e-10
9.45872e-11
1.00112e-10
1.03187e-10
1.0026e-10
1.03072e-10
9.88403e-11
9.28891e-11
1.2726e-10
1.05874e-10
9.98622e-11
9.68644e-11
9.97881e-11
1.00257e-10
1.00256e-10
1.05985e-10
9.39923e-11
1.02179e-10
8.72976e-11
1.02871e-10
9.30882e-11
1.04181e-10
9.88345e-11
9.61849e-11
1.05085e-10
2.92629e-10
9.73893e-11
1.03285e-10
1.0525e-10
1.00887e-10
1.04449e-10
1.00777e-10
1e-10
9.96505e-11
1.01197e-10
9.98203e-11
6.22195e-11
0.0125
1.42468e-10
1.00114e-10
9.9316e-11
1.01703e-10
9.99045e-11
1.0006e-10
1.0044e-10
9.92658e-11
7.72169e-05
9.50272e-11
9.48131e-11
9.51224e-11
9.83048e-11
1.00039e-10
1.36677e-10
9.00783e-11
1.7609e-10
1.00341e-10
9.96683e-11
9.9791e-11
1.01683e-10
9.49714e-11
9.25922e-11
1.00458e-10
1.15555e-10
1.10895e-10
0.000440432
9.85643e-11
1.08723e-10
1.00605e-10
9.71127e-11
9.67944e-11
9.44341e-11
1.03006e-10
1.03128e-10
1.0336e-10
1.00155e-10
9.94965e-11
9.67312e-11
9.70716e-11
9.71016e-11
9.84329e-11
9.87053e-11
9.84412e-11
1.0007e-10
1.00044e-10
1e-10
9.87124e-11
9.78388e-11
9.77698e-11
1.14607e-10
1.01535e-10
9.91383e-11
1.01622e-10
0.0114026
1e-10
9.99164e-11
0.0144455
1.01835e-10
1.84793e-10
1.03809e-10
9.91908e-11
9.88787e-11
9.98581e-11
8.94391e-11
1.0051e-10
1.15988e-10
1.03413e-10
9.62446e-11
9.74911e-11
9.98815e-11
1.0505e-10
9.53973e-11
1.08167e-10
9.82319e-11
9.79234e-11
1.15171e-10
9.63839e-11
1.00542e-10
1.21977e-10
1.03821e-10
1.02967e-10
9.07811e-11
1.02236e-10
1.01134e-10
1.02228e-10
1.02735e-10
1.07035e-10
1.03865e-10
1.02162e-10
1.0004e-10
1.01269e-10
9.67381e-11
9.57735e-11
1.08374e-10
1.0882e-10
9.88255e-11
9.90618e-11
9.68028e-11
9.72261e-11
9.55259e-11
9.17314e-11
9.29146e-11
1.0877e-10
9.08776e-11
9.50966e-11
0.00228801
1.01544e-10
1.03336e-10
9.53111e-11
9.63702e-11
9.66046e-11
1.07026e-10
1.03239e-10
1.11956e-10
1.01674e-10
9.93056e-11
0.0131534
0.0991423
9.92687e-11
1.04735e-10
9.37579e-11
1.21138e-10
9.58119e-11
9.92362e-11
9.9104e-11
8.79895e-11
9.61691e-11
1.00546e-10
1.10654e-10
9.29218e-11
1.0368e-10
9.51252e-11
1.08617e-10
1.05699e-10
9.6652e-11
1.15384e-10
1.15092e-10
9.12004e-11
1.07467e-10
9.502e-11
1.00132e-10
9.99344e-11
1.23339e-10
1.12062e-10
0.0035885
9.95237e-11
1.03848e-10
1.05153e-10
1.0137e-10
1.01102e-10
1.05619e-10
9.79744e-11
1.01928e-10
0.0359158
0.0941229
9.66675e-11
1.14418e-10
1.11078e-10
1.02419e-10
9.91611e-11
1.00198e-10
1.05225e-10
2.27321e-10
9.94458e-11
1.00538e-10
9.94831e-11
9.86932e-11
1.17792e-10
1.08041e-10
1.18084e-10
1.06053e-10
9.72472e-11
9.20095e-11
6.81713e-05
1.02404e-10
1.08823e-10
1.069e-10
1.06709e-10
1.06931e-10
9.36441e-11
1.07433e-10
8.99908e-11
1.08128e-10
1.02189e-10
1.24128e-10
9.8407e-11
9.71576e-11
9.9008e-11
9.94261e-11
1e-10
1.01263e-10
1.0719e-10
9.95075e-11
9.89808e-11
9.92422e-11
1.00378e-10
9.81061e-11
9.99168e-11
4.052e-05
1.01339e-10
9.5679e-11
9.8038e-11
1.03781e-10
1.05074e-10
1.02006e-10
1.02082e-10
0.0991256
0.0700959
0.083894
1.00448e-10
1.00069e-10
9.77636e-11
9.69213e-11
1.00226e-10
1e-10
9.96901e-11
1.15873e-10
9.95017e-11
1.17596e-10
9.10095e-11
9.89296e-11
9.23233e-11
9.44922e-11
9.56004e-11
9.52944e-11
9.84634e-11
1.00358e-10
9.65986e-11
9.41286e-11
0.00555244
9.67627e-11
9.04557e-11
8.91411e-11
9.96961e-11
1.02534e-10
1.05339e-10
9.81255e-11
1.03227e-10
1.04473e-10
1.00819e-10
9.38291e-11
1.04106e-10
1.01968e-10
1.05585e-10
9.88528e-11
1.02117e-10
1.0581e-10
1.05159e-10
9.94002e-11
1.02357e-10
1.03255e-10
1.02067e-10
9.9947e-11
9.89353e-11
1.01069e-10
1.03015e-10
9.87949e-11
9.27039e-11
1.01648e-10
9.46632e-11
9.84609e-11
9.83377e-11
1.01667e-10
9.64346e-11
9.84475e-11
9.74521e-11
1.07172e-10
1.00784e-10
9.84186e-11
9.38896e-11
1.00251e-10
9.86491e-11
0.0333315
0.046775
9.77241e-11
1.07341e-10
9.58808e-11
9.68551e-11
9.4745e-11
9.61659e-11
9.66629e-11
9.58497e-11
9.28713e-11
9.31651e-11
9.19391e-11
1.11875e-10
0.000116596
9.68113e-11
9.41008e-11
9.65148e-11
1.09415e-10
1.04071e-10
9.46403e-11
8.83744e-11
9.15623e-11
9.83635e-11
1.00356e-10
1.00942e-10
1.61933e-10
9.19811e-11
9.61632e-11
9.14736e-11
9.63964e-11
1.01832e-10
9.11664e-11
1.01782e-10
9.5883e-11
0.0414109
1.00738e-10
1.03447e-10
9.03396e-11
1.00197e-10
9.63122e-11
9.25752e-11
9.36365e-11
0.00108173
0.0398887
9.85379e-11
0.00750657
1.00799e-10
9.96926e-11
9.98423e-11
0.0490729
0.0224288
9.99349e-11
9.97315e-11
9.99697e-11
9.96995e-11
1.09845e-10
1.00834e-10
9.85583e-11
1.00132e-10
1.00639e-10
0.0882674
0.0687954
0.0847074
0.0381597
0.0691462
9.72238e-11
0.0494705
0.0690345
0.0651318
0.0875769
1.00502e-10
0.0223255
0.067176
0.0289342
0.0455571
0.0758327
1.07922e-10
0.0144465
1.02685e-10
9.81694e-11
9.64739e-11
1.25034e-10
9.84186e-11
9.99699e-11
9.95999e-11
9.78734e-11
1.40401e-10
9.98129e-11
1.00834e-10
9.93157e-11
1.56042e-10
9.48314e-11
9.38091e-11
1.07467e-10
9.6593e-11
1.0113e-10
9.61181e-11
1.01108e-10
1.00791e-10
9.48994e-11
1.10594e-10
1.02382e-10
1.04702e-10
9.5866e-11
1e-10
9.88801e-11
8.93669e-11
9.64033e-11
1.06994e-10
1.0364e-10
1.00258e-10
9.7955e-11
1.03725e-10
0.000251442
9.27638e-11
9.21247e-11
9.96581e-11
9.46372e-11
9.32075e-11
9.71303e-11
9.11523e-11
9.80186e-11
1.438e-10
9.8595e-11
9.48431e-11
1.00642e-10
9.4704e-11
9.18582e-11
1.00471e-10
9.61711e-11
1.01495e-10
0.0034797
1e-10
1.01716e-10
9.93318e-11
1.08051e-10
1.00246e-10
9.97001e-11
1.06868e-10
0.0768403
0.0827129
0.0843529
0.0993681
0.099504
0.09942
0.0950165
0.0460974
1.08285e-10
0.0959069
0.0603899
0.0680499
1.20867e-10
1.04583e-10
9.66618e-11
0.085269
0.0883493
0.096181
0.092526
0.0950164
1.30997e-10
0.159314
9.61469e-11
0.0920629
0.0824804
0.0711789
0.0910505
0.0996009
9.65115e-11
0.0712913
0.0768617
0.0716568
9.87369e-11
9.918e-11
0.0786977
1.00257e-10
9.61791e-11
9.58383e-11
9.51716e-11
9.7231e-11
9.9686e-11
1.00837e-10
0.00841367
9.85344e-11
9.48043e-11
0.0973679
0.0462613
0.0666186
0.0842776
0.0542863
0.0250334
0.0977999
0.0415225
0.0809933
0.0613198
9.89684e-11
0.0859119
0.0918291
0.078624
9.17553e-11
1.04421e-10
1.01329e-10
9.80825e-11
1.00587e-10
9.7506e-11
1.00114e-10
9.89252e-11
1.01859e-10
9.47283e-11
9.91075e-11
9.97221e-11
0.00333866
9.93865e-11
0.0136128
1.0055e-10
0.0881898
0.0805915
0.0964517
0.0837083
0.095412
0.0851868
0.0951385
0.0901145
0.099764
0.0938915
0.0898713
0.1
1.20492e-10
0.0152784
0.0120784
1.03105e-10
0.0081078
0.0913652
1.00926e-10
0.014687
1.02594e-10
0.0321209
0.0830081
0.0822324
0.0062694
9.52552e-11
9.97035e-11
7.30859e-11
1.00253e-10
9.92169e-11
1e-10
1.01047e-10
1.00181e-10
9.92668e-11
0.00628997
1.00194e-10
0.0648477
0.0364347
0.0888483
0.0726746
9.57866e-11
9.94262e-11
9.74942e-11
1.00572e-10
9.97801e-11
9.75467e-11
1.00317e-10
1.00829e-10
9.89182e-11
9.08069e-11
9.83434e-11
9.99805e-11
1e-10
9.98443e-11
9.87098e-11
1.0129e-10
1.00326e-10
9.91325e-11
0.0288356
1.02273e-10
1.00394e-10
1.00404e-10
1.02467e-10
0.040842
1.01875e-10
9.61216e-11
9.86459e-11
1.01386e-10
1.07302e-10
0.0477591
9.90656e-11
9.90736e-11
1.00832e-10
9.94841e-11
4.1123e-05
1.08069e-10
1.90628e-05
9.98426e-11
0.0686949
9.88206e-11
9.49605e-11
1.01567e-10
9.93741e-11
1e-10
9.91309e-11
0.0344711
0.0379126
0.000504543
1.01013e-10
9.9672e-11
1.03309e-10
1e-10
0.0635889
9.7498e-11
1.00264e-10
9.72427e-11
9.70809e-11
0.00903294
9.9225e-11
9.99837e-11
9.99468e-11
1.03806e-10
1.11852e-10
0.0407942
9.83349e-11
9.93507e-11
9.97727e-11
1.11116e-10
9.36232e-11
0.0561271
9.66164e-11
9.82316e-11
0.0784747
1.00278e-10
5.48295e-05
9.98735e-11
0.0896351
0.0771353
0.077388
0.0857699
0.0866293
0.0865335
9.75808e-11
0.0829676
0.1
1.06539e-10
0.0844811
1.09156e-10
0.0843545
9.44073e-11
0.05502
0.0687253
0.120898
8.6728e-11
0.0303428
0.0921284
0.150675
0.0552504
0.0362285
0.041428
9.85949e-11
1e-10
9.85689e-11
1.04563e-10
1.07192e-10
1.01018e-10
1.24025e-10
1.04151e-10
9.44326e-11
9.65798e-11
9.6685e-11
7.08537e-05
9.93902e-11
0.000733008
7.34529e-11
1.04937e-10
9.56531e-11
9.92168e-11
1.31549e-10
1.05493e-10
1.07061e-10
1.00228e-10
1.82471e-05
1.00408e-10
1.57374e-10
9.87043e-11
0.000807078
9.8965e-11
8.77307e-11
9.03788e-11
1.07479e-10
1.05048e-10
1.41314e-10
9.74738e-11
9.19385e-11
0.00298729
9.8167e-11
9.35395e-11
9.90624e-11
9.77118e-11
9.63184e-11
9.22618e-11
1e-10
9.47495e-11
9.4242e-11
1.01998e-10
9.9412e-11
9.55517e-11
1.01019e-10
2.14377e-10
9.67529e-11
1.00186e-10
0.00101484
9.98808e-11
9.64639e-11
9.93746e-11
1.02248e-10
9.79073e-11
9.67061e-11
0.0337571
1.01771e-10
1.03631e-10
0.00158615
9.57187e-11
1.04913e-10
9.72471e-11
8.96215e-11
9.40194e-11
9.84884e-11
0.0234701
0.0221953
0.0208224
0.696996
1e-10
0.0301671
0.0486638
0.00303535
9.19432e-11
9.64899e-11
9.7906e-11
9.10634e-11
1.01192e-10
9.52004e-11
9.61652e-11
9.67816e-11
9.44899e-11
9.74458e-11
9.9035e-11
0.0318312
1.03288e-10
0.0738257
1.04836e-10
0.0296855
9.47039e-11
1.0256e-10
0.00249772
9.18334e-11
1.02373e-10
9.29734e-11
9.38141e-11
0.0275168
0.0460774
9.51475e-11
0.0307614
1.00066e-10
1.02374e-10
9.83354e-11
9.828e-11
0.0824777
0.0606799
0.0815065
0.0480703
1.00144e-10
0.000524765
1.00356e-10
1.00705e-10
1.03251e-10
1.00095e-10
0.0399007
9.90924e-11
9.87614e-11
1.02036e-10
9.94645e-11
0.0356212
9.85624e-11
9.97316e-11
0.0122629
1.01469e-10
8.51659e-11
1.02733e-10
0.0844838
1.06517e-10
1.06039e-10
9.13453e-11
0.0375764
0.00329203
1.07576e-10
1.05602e-10
1.09315e-10
0.0896462
0.0943743
1.03806e-10
1.01847e-10
0.0740613
9.90828e-11
9.85233e-11
0.00140475
1.03427e-10
1.00374e-10
1.01608e-10
1.01119e-10
9.84274e-11
1.01047e-10
9.96952e-11
1.02719e-10
1.0068e-10
9.99902e-11
9.89729e-11
9.93016e-11
1.01854e-10
1.01053e-10
1.03791e-10
9.31321e-11
9.15441e-11
1.06232e-10
5.36107e-05
9.82035e-11
1.05775e-10
9.81443e-11
1.01678e-10
9.66215e-11
9.98176e-11
9.85525e-11
0.160765
0.0199454
9.20124e-11
0.0970818
1.02369e-10
0.0828616
0.0716594
0.0821256
0.0691038
1.00005e-10
9.46482e-11
9.92604e-11
9.75974e-11
9.6736e-11
0.0853398
9.92925e-11
9.89947e-11
1.02967e-10
1.01623e-10
1.0827e-10
9.74276e-11
1.08646e-10
9.94343e-11
0.0032529
9.07655e-11
9.99832e-11
9.86909e-11
1.11238e-10
1.04676e-10
9.58985e-11
9.92228e-11
9.85169e-11
1.00782e-10
1.03564e-10
1.03172e-10
0.0073257
9.93199e-11
9.81656e-11
1.03328e-10
9.83587e-11
1.01127e-10
0.00530957
9.72956e-11
9.72271e-11
9.92729e-11
1.02362e-10
1.01894e-10
0.0699084
0.0554984
9.51639e-11
0.0936718
0.120993
0.2128
0.0633374
0.0838529
0.0917526
0.0906239
9.63408e-11
0.0638449
9.74875e-11
0.140074
0.159843
0.0493355
0.0430868
0.251027
0.119824
9.02437e-11
0.0736063
0.0102427
0.0712108
0.0836269
0.0749103
0.0835179
0.081492
0.0263833
1.03428e-10
0.0260835
0.0170853
0.028437
0.00120753
0.0460634
9.5048e-11
0.0955918
0.0851485
0.0872178
0.0643289
1.03818e-10
0.0649427
0.289586
9.25515e-11
0.18923
9.35743e-11
0.00839459
0.117691
0.272173
0.117844
0.0752579
0.228147
0.161992
0.0861305
0.223144
0.151866
0.020278
0.00138973
0.1285
0.0662997
0.254955
0.357454
0.12167
0.330304
0.139988
1.03287e-10
0.358479
0.283855
0.0525302
0.450555
0.211365
1.01365e-10
0.173575
0.112207
9.72294e-11
0.0897577
0.234703
0.152623
0.479446
0.211591
0.259356
0.0686392
1.05061e-10
1.02871e-10
1.00323e-10
1.01362e-10
1.03875e-10
9.46098e-11
1.11393e-10
1.09924e-10
9.68345e-11
9.69897e-11
1.05316e-10
0.64027
1.09834e-10
9.49652e-11
8.67787e-11
1.02721e-10
9.74896e-11
9.44737e-11
8.96733e-11
9.79292e-11
9.86971e-11
9.80977e-11
9.80522e-11
9.81305e-11
9.84741e-11
9.50386e-11
9.87828e-11
9.49566e-11
9.40719e-11
9.92632e-11
9.5027e-11
9.75524e-11
1.06509e-10
9.4726e-11
9.96088e-11
1.04994e-10
9.5794e-11
1.03034e-10
1.01176e-10
9.15877e-11
1.04345e-10
1.08103e-10
9.71106e-11
9.49134e-11
1.00518e-10
1.04376e-10
1.00182e-10
1.01423e-10
9.90221e-11
9.56468e-11
1.05998e-10
1.04166e-10
1.02973e-10
1.07358e-10
9.7395e-11
1.00649e-10
0.00155076
9.58784e-11
1.01517e-10
1.0139e-10
9.93254e-11
9.58266e-11
0.0812954
0.0829896
0.102563
0.0802908
0.16289
0.0394175
1.10719e-10
1.06912e-10
1.10335e-10
0.0397673
1.05858e-10
1.08381e-10
0.0710517
9.53908e-11
0.0556618
9.67601e-11
0.0304559
0.117164
0.0322142
0.091307
0.0839627
0.0890816
0.093048
9.86686e-11
1.13962e-10
0.247954
0.0570482
0.122356
0.0202835
0.259206
9.78069e-11
0.04975
0.0845298
0.0941749
0.0814542
0.1
0.08751
0.0934721
0.0970285
0.08102
0.080644
0.0975952
0.0978622
0.0901403
0.0918246
0.0831458
0.0855679
0.0556387
0.0957654
0.0898675
0.0985587
0.00922789
9.71642e-11
0.033616
0.00914874
0.0407877
1.22425e-10
0.00136678
9.10935e-11
0.0305033
0.0104225
0.14964
9.79924e-11
0.14549
9.68621e-11
0.0462718
0.0996966
0.0179616
9.84402e-11
1.00496e-10
1.04818e-10
1.19447e-10
0.313745
1.044e-10
0.0104098
9.79639e-11
0.00134349
0.0294056
0.0507532
1.04274e-10
0.0335981
9.75972e-11
0.497275
0.0789043
0.0986463
0.00916267
1.46733e-10
0.0447746
0.000733194
0.0302197
0.0734183
0.144554
0.0574391
0.324353
0.0566912
0.00542947
1.00079e-10
1.04933e-10
9.72089e-11
1.03835e-10
1.0594e-10
9.85705e-11
1.08687e-10
0.0205546
0.0264073
0.0423225
1.11182e-10
0.0426229
9.93915e-11
0.00197453
9.80748e-11
1.04032e-10
1.10448e-10
1.07205e-10
9.21592e-11
1.07182e-10
1.07966e-10
1.14649e-10
1.09026e-10
0.00613839
1.03473e-10
1.14253e-10
1.51517e-10
9.98359e-11
1.08556e-10
1.01685e-10
1.13009e-10
1.07549e-10
1.06123e-10
0.000304192
1.08967e-10
1.06198e-10
1.00296e-10
1.03043e-10
9.93387e-11
9.97885e-11
1.02315e-10
9.89558e-11
1.01939e-10
9.04115e-11
0.0217013
9.92119e-11
9.89191e-11
9.97898e-11
5.97368e-05
1.0095e-10
1.11377e-10
1.02558e-10
1.00982e-10
9.98439e-11
9.90806e-11
1.01713e-10
1e-10
9.94391e-11
9.98712e-11
1.00597e-10
9.92272e-11
1.0196e-10
9.34314e-11
1e-10
9.02616e-11
9.98521e-11
9.97249e-11
9.99679e-11
7.84012e-11
1e-10
9.97593e-11
1.00349e-10
0.000560577
9.73367e-11
9.88464e-11
1.06269e-10
1e-10
9.31106e-11
1.02827e-10
9.79857e-11
1.00284e-10
0.0137548
0.000609607
1.05569e-10
1.22531e-10
1.03469e-10
9.7837e-11
8.77019e-11
9.55977e-11
1.08348e-10
0.000344508
1.06994e-10
1.01878e-10
1e-10
1.04372e-10
0.00324115
9.96315e-11
1.00125e-10
2.68229e-10
1.499e-10
0.00328898
9.83128e-11
1e-10
5.24603e-06
0.000592077
1.00039e-10
1.03776e-10
9.99091e-11
1e-10
9.99896e-11
1.00065e-10
9.96859e-11
1e-10
1.00103e-10
9.94661e-11
9.99185e-11
9.96841e-11
9.99106e-11
1.0003e-10
9.97622e-11
1.00034e-10
9.77724e-11
1.0133e-10
9.89306e-11
1.0319e-10
1.0473e-10
8.83016e-11
1.05437e-10
1.00812e-10
2.22491e-10
9.70143e-11
1.56626e-10
1.00788e-10
1.06262e-10
1.00605e-10
1.1428e-10
1.01551e-10
3.1569e-05
9.95545e-11
1.09295e-10
1.05327e-10
9.99144e-11
1.00804e-10
9.81128e-11
1.01348e-10
9.96476e-11
1e-10
1.11657e-10
1.02049e-10
1.00953e-10
1.79097e-10
9.85573e-11
5.14693e-11
1.03862e-10
1e-10
9.99972e-11
2.59291e-10
6.32054e-11
1.00081e-10
1.00076e-10
1.05041e-10
1.00436e-10
0.0011682
1.00006e-10
1.00038e-10
1.00011e-10
9.99569e-11
1.0031e-10
9.9788e-11
9.99784e-11
9.77401e-11
1.00195e-10
1.00097e-10
9.99829e-11
1.05442e-10
9.8601e-11
1.01475e-10
9.90699e-11
1.10283e-10
1.00299e-10
9.59417e-11
9.53898e-11
9.96874e-11
1e-10
1.04306e-10
0.00227782
1.02901e-10
1.00125e-10
0.00029894
9.95506e-11
1e-10
1.01794e-10
8.67123e-11
1.00375e-10
1.05257e-10
1.10716e-10
1.00071e-10
9.89869e-11
1.01404e-10
1.05004e-10
9.70742e-11
1.05925e-10
1.129e-10
8.72256e-11
1.09017e-10
1.47385e-10
1.07169e-10
0.140817
1.01454e-10
1.28243e-10
9.37409e-11
0.025
1.08248e-10
0.0125
1.21383e-10
1.57408e-10
1.54111e-10
0.0216484
9.83448e-11
0.0243275
9.93908e-11
9.79214e-11
1.11511e-10
8.93343e-11
1.08284e-10
8.76755e-11
6.75077e-05
7.25275e-11
1.17034e-10
2.11379e-10
1.00874e-10
1.11941e-10
8.90188e-11
1.39708e-10
3.36379e-05
9.51899e-11
9.84497e-11
1.00744e-10
1e-10
9.93452e-11
1.00485e-10
1.0184e-10
1.02735e-10
9.31828e-11
2.11345e-05
1.023e-10
1.01411e-10
1.01127e-10
9.95889e-11
9.80451e-11
9.75843e-11
1.02298e-10
9.85138e-11
1.08338e-10
1.04023e-10
1.16622e-10
1.35178e-10
1.03915e-10
9.87993e-11
1.01748e-10
1.25598e-10
9.80445e-11
1.02525e-10
1.04387e-10
1.00292e-10
9.74987e-11
9.70463e-11
0.0949621
9.389e-11
9.36088e-11
1.08395e-10
0.0141193
1.02923e-10
9.6826e-11
1.08073e-10
0.000442356
1.00049e-10
1.04488e-10
9.55007e-11
0.19121
1.15706e-10
0.016824
0.00692112
9.67856e-11
1.06014e-10
1.04208e-10
0.00605891
9.94866e-11
9.47331e-11
1.00241e-10
9.89536e-11
1.02061e-10
9.99644e-11
1.00513e-10
1.10799e-10
9.9992e-11
1.01113e-10
1.08806e-10
9.97248e-11
9.96383e-11
1.02074e-10
9.55276e-11
1.02011e-10
9.99822e-11
0.000724011
1.013e-10
1.07815e-10
1.10343e-10
1.01708e-10
8.8779e-11
1.02823e-10
9.73018e-11
9.66052e-11
9.67568e-11
1.01013e-10
2.0868e-10
0.000312554
0.00959067
0.000904154
0.0121824
1.00001e-10
0.997705
0.313643
7.22543e-11
1.47864e-10
0.0418976
1e-10
1.06106e-10
0.00588177
1.03637e-10
9.71925e-11
0.31631
0.153884
0.0086108
9.83287e-11
0.00075555
0.000878844
0.409316
0.0522774
1.03813e-10
0.0103922
9.9874e-11
1.00956e-10
9.79693e-11
9.85517e-11
9.97643e-11
9.98935e-11
1e-10
1.07107e-10
1.02074e-10
1.01482e-10
1.01571e-10
9.80489e-11
9.25384e-11
1.09112e-10
1.06857e-10
9.96177e-11
1.08699e-10
1.00043e-10
9.65672e-11
1.02065e-10
1.07781e-10
9.93781e-11
1.04025e-10
1.00941e-10
1.0425e-10
9.88792e-11
1.01775e-10
9.65746e-11
1.01906e-10
1.01499e-10
1.0347e-10
1.05409e-10
1.00189e-10
1.04576e-10
1.061e-10
9.9796e-11
1.01554e-10
1.00998e-10
1.02129e-10
9.87647e-11
1.01857e-10
1.01569e-10
1.06451e-10
1.00145e-10
9.96964e-11
1.04109e-10
1.05866e-10
1.24192e-10
1.01494e-10
1.00977e-10
9.94176e-11
1.08009e-10
9.88896e-11
1.00868e-10
9.98092e-11
1.07102e-10
1e-10
1.07041e-10
9.88698e-11
0.134189
9.70427e-11
9.97086e-11
9.56266e-11
0.000872081
1.01248e-10
1.00343e-10
1.02016e-10
9.79702e-11
9.594e-11
1.02863e-10
9.93103e-11
1.03334e-10
9.35412e-11
9.99947e-11
7.80954e-11
9.39522e-11
9.95799e-11
0.550302
9.71893e-11
1.76131e-10
9.72838e-11
9.45804e-11
9.99539e-11
1.02029e-10
9.07723e-11
1.27989e-10
0.0432204
1.15392e-10
9.99824e-11
1e-10
0.328629
9.90865e-11
0.00605872
0.00796737
0.00161248
9.83605e-11
0.0184623
9.98739e-11
1.07564e-10
1e-10
0.602611
9.90135e-11
0.251044
0.00107671
0.377773
1e-10
0.192847
0.0180762
0.101904
1e-10
0.00524415
0.0985081
0.953378
0.00933624
1.0177e-10
0.0235106
1.0396e-10
1.04428e-10
0.00422367
1.06576e-10
9.81108e-11
1.00073e-10
9.81941e-11
0.416267
9.51952e-11
1.03892e-10
9.70431e-11
9.75967e-11
0.425762
0.322644
0.487901
0.676681
0.0582172
0.24701
0.082358
0.264362
9.65293e-11
1.03572e-10
1.14194e-10
1.06834e-10
9.82481e-11
9.70148e-11
1.0846e-10
9.24926e-11
0.261508
0.0521208
1.06865e-10
1.08347e-10
1.05059e-10
0.0712095
0.290123
1.03569e-10
1.05476e-10
9.8198e-11
0.00549791
0.342665
1.04239e-10
1.01157e-10
9.88354e-11
1.07326e-10
9.68525e-11
1.09544e-10
0.607343
0.0276046
0.0207279
1.0106e-10
0.0359103
0.0192503
0.553686
0.0166166
0.271779
0.409249
0.153192
1.00215e-10
0.303757
0.22443
1.02817e-10
0.131982
0.00707527
0.115798
0.0529418
1.04627e-10
0.0160989
0.0779146
0.142542
1.06089e-10
9.69213e-11
0.0426712
0.0355603
9.90817e-11
1.10562e-10
1.05495e-10
1.05132e-10
0.0603615
1.06497e-10
0.0156253
0.0328084
1.00605e-10
1.13858e-10
0.0149786
1.04168e-10
0.0538295
1.07139e-10
1.02039e-10
1.09882e-10
9.79179e-11
1e-10
9.69674e-11
9.71461e-11
9.9788e-11
1.03408e-10
0.00579517
1.04883e-10
0.0422173
0.00720341
9.73984e-11
1.05131e-10
9.55623e-11
9.93924e-11
0.580877
1.25605e-10
1.03471e-10
0.201043
9.87041e-11
9.1854e-11
9.65976e-11
9.61242e-11
9.99986e-11
0.00292988
9.65964e-11
1.01789e-10
9.99664e-11
1.02652e-10
1.19584e-10
9.48224e-11
9.61712e-11
1.10196e-10
1.12326e-10
1.0792e-10
0.00656695
9.77054e-11
1.08847e-10
9.77986e-11
0.00105953
0.00223496
1.00882e-10
9.54131e-11
0.337331
9.5094e-11
9.62716e-11
1.02514e-10
0.00381954
1.03858e-10
1.04633e-10
1.11325e-10
9.39521e-11
1e-10
1.00466e-10
1.01606e-10
9.9988e-11
9.95139e-11
1e-10
1.00964e-10
1.0072e-10
1.00176e-10
1e-10
9.97044e-11
1e-10
1e-10
3.73793e-05
1.04143e-10
1e-10
9.95537e-11
9.95393e-11
1e-10
1.03174e-10
1e-10
1.01467e-10
9.88775e-11
1.07627e-10
1.03663e-10
1.02598e-10
1.00284e-10
1.0196e-10
1.00082e-10
1.02528e-10
9.97557e-11
9.83145e-11
9.89866e-11
9.81932e-11
9.99991e-11
9.9127e-11
1.01652e-10
1.00657e-10
9.79013e-11
1.03074e-10
9.67194e-11
9.94483e-11
9.92822e-11
9.55378e-11
1.11097e-10
1.01983e-10
1.05839e-10
1.01287e-10
0.0271626
1.00978e-10
9.97651e-11
9.93277e-11
1.00041e-10
1.0254e-10
1.00996e-10
1.0292e-10
9.96725e-11
1.00467e-10
1.01691e-10
1.33922e-10
9.77792e-11
9.52875e-11
9.71535e-11
9.97993e-11
9.99961e-11
9.02937e-11
0.000354485
0.00319585
1.05397e-10
1.00658e-10
9.93013e-11
0.973724
0.950129
0.89897
9.98623e-11
9.78878e-11
0.0796048
0.00465024
0.0407641
0.0175923
1e-10
0.568947
0.0372853
0.0583858
0.0673103
0.0140698
9.68755e-11
9.62095e-11
0.0757375
0.0346785
0.469172
0.146195
0.0668598
0.0870901
0.377108
0.427291
0.0729794
0.0770899
1.0504e-10
9.59825e-11
9.87729e-11
9.24729e-11
9.40828e-11
9.93776e-11
0.0087011
9.94939e-11
1.0381e-10
0.0215136
1.04207e-10
9.88814e-11
9.68137e-11
0.000324404
9.73877e-11
9.79752e-11
1.04207e-10
9.67201e-11
9.97429e-11
1.31654e-10
9.61745e-11
1.11997e-10
1.15393e-10
1.03522e-10
9.90446e-11
1.03174e-10
0.0173851
9.96592e-11
9.71695e-11
9.76138e-11
1.03051e-10
1.03743e-10
1.04775e-10
9.50051e-11
9.57062e-11
1.04703e-10
9.97713e-11
9.70025e-11
9.39902e-11
1.15243e-10
9.50558e-11
9.24892e-11
9.87094e-11
9.64388e-11
1.07566e-10
9.99381e-11
1.00198e-10
1.067e-10
9.62982e-11
9.3855e-11
9.97439e-11
1.11128e-10
1.11698e-10
0.218063
9.77591e-11
9.62064e-11
9.82191e-11
9.61498e-11
9.72228e-11
1.00017e-10
1.04933e-10
0.00178309
1.03138e-10
1.04665e-10
9.59116e-11
9.8032e-11
1.07754e-10
1.07257e-10
1.01787e-10
1.04272e-10
1.04539e-10
9.76625e-11
1.07818e-10
9.74358e-11
9.77261e-11
9.68731e-11
9.651e-11
1.15651e-10
0.0881007
1.03236e-10
1.06466e-10
9.66304e-11
1.08324e-10
9.38236e-11
9.68534e-11
1.05929e-10
9.54277e-11
9.96311e-11
9.77934e-11
1.01217e-10
9.85505e-11
1.00062e-10
9.38506e-11
1e-10
9.99969e-11
1.07325e-10
0.00106688
8.78387e-11
1.04714e-10
9.3194e-11
9.77249e-11
0.226477
9.72962e-11
1e-10
1.01674e-10
1e-10
1.03652e-10
1.02517e-10
1.00751e-10
1.06106e-10
1.0048e-10
1.08634e-10
9.71899e-11
9.76118e-11
1.03231e-10
1.03287e-10
1.01089e-10
1.03326e-10
1.05743e-10
1.01369e-10
1e-10
9.86196e-11
1.03334e-10
9.71176e-11
1.00175e-10
1.04456e-10
1.00749e-10
1.0047e-10
1.01505e-10
9.89547e-11
1.00532e-10
1.01436e-10
9.99073e-11
1.00377e-10
9.88121e-11
1.00132e-10
1.00942e-10
1.01749e-10
1.00096e-10
1.01175e-10
1.00809e-10
1.04341e-10
9.26998e-11
9.87014e-11
1.04884e-10
1.68843e-10
9.70753e-11
1.00828e-10
9.73331e-11
9.6475e-11
9.69947e-11
9.81376e-11
9.90878e-11
9.93059e-11
1.08275e-10
1.0564e-10
0.001692
9.64094e-11
1.0814e-10
1.0011e-10
1.03669e-10
1.12486e-10
1.02938e-10
9.87548e-11
1.00878e-10
1.0429e-10
1.03062e-10
1.0108e-10
0.0211233
1.07031e-10
9.8531e-11
9.43434e-11
9.83637e-11
9.73198e-11
1.0232e-10
1.02008e-10
1.01518e-10
9.66011e-11
1.04036e-10
1.0565e-10
1.04008e-10
1.00019e-10
9.73604e-11
1.03367e-10
1.00245e-10
1.09929e-10
1.01555e-10
1.02528e-10
9.62879e-11
9.6896e-11
9.44612e-11
1.03921e-10
9.75536e-11
0.00627132
1.02121e-10
9.89889e-11
1.02202e-10
9.86065e-11
9.82808e-11
0.000764856
1.00401e-10
1.00496e-10
9.75153e-11
1.00081e-10
9.98992e-11
9.89024e-11
1.01598e-10
1.00418e-10
9.6444e-11
1.03545e-10
9.89201e-11
9.91669e-11
1.03909e-10
1.02039e-10
9.83251e-11
1.063e-10
9.91833e-11
1.00322e-10
9.98991e-11
1.02481e-10
9.96965e-11
9.62839e-11
1.08414e-10
9.59813e-11
8.80049e-11
1.03042e-10
9.56372e-11
9.78454e-11
1.0288e-10
9.8246e-11
1.00068e-10
9.95045e-11
9.69719e-11
0.0182437
9.86003e-11
1.00729e-10
1.00638e-10
1.00294e-10
9.52099e-11
1.01578e-10
1.029e-10
9.93599e-11
9.51606e-11
9.92691e-11
9.35667e-11
9.76069e-11
1.19299e-10
9.99263e-11
1.02081e-10
1.09167e-10
9.83153e-11
1.00309e-10
9.39536e-11
9.7814e-11
9.91688e-11
9.53032e-11
9.83197e-11
9.59564e-11
9.4134e-11
8.81099e-11
9.19732e-11
9.76149e-11
9.92818e-11
9.02241e-11
8.77528e-11
9.24821e-11
1.04989e-10
9.51573e-11
1.01272e-10
9.47785e-11
1.01123e-10
1.0158e-10
9.83728e-11
9.40485e-11
9.46816e-11
9.734e-11
9.68681e-11
1.03546e-10
1.1254e-10
1.00876e-10
1.00412e-10
1.00993e-10
1.00894e-10
9.20825e-11
9.55922e-11
1.02279e-10
9.86233e-11
9.37463e-11
9.99435e-11
9.68046e-11
1.00826e-10
9.27846e-11
9.66803e-11
1.00182e-10
9.59982e-11
1.54069e-10
9.42936e-11
1.00272e-10
1.07228e-10
9.03135e-11
9.45921e-11
9.32408e-11
9.71606e-11
9.9128e-11
9.81435e-11
9.33236e-11
9.76949e-11
9.76191e-11
9.46185e-11
9.75614e-11
9.52008e-11
1.14271e-10
9.09244e-11
1.03255e-10
9.39294e-11
1.04211e-10
1.05157e-10
9.50229e-11
1.04132e-10
1.33237e-10
8.91265e-11
1.10928e-10
9.79662e-11
9.54846e-11
1.09535e-10
1.00665e-10
1.17782e-10
9.76499e-11
9.40327e-11
9.2594e-11
9.595e-11
9.64832e-11
9.40831e-11
1.03256e-10
9.17439e-11
9.8036e-11
1.02426e-10
1.00664e-10
1.09935e-10
9.43583e-11
8.91506e-11
9.6318e-11
9.58892e-11
9.61131e-11
9.74176e-11
9.32629e-11
1.01177e-10
8.98712e-11
9.34936e-11
9.25052e-11
1.00093e-10
9.10571e-11
9.97193e-11
9.51692e-11
9.37395e-11
1.0008e-10
9.8644e-11
1.01407e-10
1.00412e-10
9.87714e-11
9.88338e-11
1.00975e-10
9.28737e-11
9.22185e-11
9.15021e-11
1.03363e-10
1.01952e-10
9.95956e-11
1.09706e-10
1.00072e-10
9.94873e-11
1.05449e-10
1.03221e-10
9.99893e-11
1.04112e-10
9.33162e-11
9.58339e-11
9.83698e-11
1.05545e-10
9.70941e-11
9.78304e-11
1.04122e-10
1.0827e-10
1.01162e-10
1.05967e-10
1.05361e-10
1.00848e-10
9.47384e-11
9.79176e-11
1.02128e-10
9.99983e-11
1.0355e-10
9.31705e-11
1.04751e-10
9.76861e-11
1.09843e-10
9.5173e-11
1.03228e-10
9.76938e-11
1.03069e-10
9.87347e-11
1.09157e-10
9.67717e-11
1.11075e-10
0.000200001
9.96423e-11
9.6068e-11
1.02898e-10
1.00978e-10
9.80708e-11
1.01014e-10
9.8454e-11
9.58269e-11
9.89963e-11
1.05126e-10
9.98783e-11
1.02527e-10
1.02821e-10
1.0274e-10
1.02119e-10
9.96855e-11
1.0052e-10
9.9217e-11
1.00654e-10
9.83438e-11
9.83034e-11
0.00891521
1.01425e-10
1.00505e-10
1.04147e-10
9.98476e-11
1.06169e-10
9.81409e-11
1.04263e-10
9.65761e-11
1.02814e-10
1.00225e-10
9.68264e-11
9.95027e-11
9.57741e-11
1.00062e-10
9.90152e-11
9.74879e-11
9.77589e-11
9.86e-11
1.00709e-10
1.02252e-10
9.71215e-11
1.02222e-10
8.92517e-11
9.72671e-11
1.006e-10
1.01401e-10
8.79166e-11
9.63344e-11
8.55962e-11
9.10227e-11
1.03572e-10
1.01112e-10
9.92073e-11
1.01425e-10
0.0926195
0.00359889
9.70463e-11
1.04322e-10
9.99228e-11
9.94676e-11
9.05727e-11
1.05626e-10
9.44027e-11
9.48308e-11
8.58752e-11
8.8443e-11
1.02463e-10
9.11435e-11
9.98109e-11
1.02126e-10
3.03338e-10
1.05243e-10
9.99481e-11
9.92219e-11
9.84711e-11
2.14311e-10
9.70887e-11
1.23957e-10
9.87605e-11
9.48302e-11
1.01956e-10
9.84341e-11
1.12142e-10
1.0037e-10
1.08627e-10
1.01815e-10
9.78172e-11
9.48067e-11
9.9934e-11
1.02707e-10
1.04197e-10
1.08294e-10
9.69648e-11
9.40249e-11
1.02351e-10
1.11673e-10
1.02318e-10
1.04204e-10
1.00924e-10
1.0271e-10
1.10934e-10
1.08246e-10
9.20968e-11
9.42643e-11
9.70096e-11
1.07448e-10
9.88166e-11
9.8793e-11
1.03334e-10
9.90142e-11
5.68216e-05
1.06649e-10
1.0983e-10
1.00985e-10
1.05537e-10
1.00722e-10
1.03074e-10
1.01128e-10
9.89579e-11
1.03281e-10
1.03731e-10
1.65423e-10
1.35071e-10
1.15543e-10
1.07008e-10
9.71018e-11
9.5533e-11
1.11764e-10
1.16512e-10
1.02964e-10
9.60779e-11
9.47848e-11
1.0348e-10
1.00369e-10
1.06757e-10
9.98462e-11
9.95788e-11
1.00898e-10
9.76362e-11
9.77426e-11
9.8924e-11
1.02451e-10
0.00158954
9.44643e-11
1.03566e-10
1.02824e-10
9.38519e-11
0.0952133
0.0198307
1.09888e-10
1.02315e-10
0.00621923
1.12124e-10
1.06385e-10
9.97808e-11
1.04676e-10
0.0011731
1.02209e-10
9.69108e-11
9.84808e-11
1.10019e-10
1.00435e-10
1.06317e-10
1.015e-10
9.87173e-11
1.02276e-10
9.92277e-11
0.057701
1.01205e-10
1.02208e-10
1.06564e-10
9.99531e-11
1.02775e-10
1.09165e-10
1.06368e-10
9.90473e-11
1.0351e-10
1.00818e-10
9.23406e-11
9.77232e-11
0.023176
1.03875e-10
1.05079e-10
1.10856e-10
9.89881e-11
9.99866e-11
9.46063e-11
9.17258e-11
9.86143e-11
9.64755e-11
1.02756e-10
1.00561e-10
9.69297e-11
0.0913707
9.77059e-11
1.02933e-10
1.02644e-10
0.0243254
9.55342e-11
9.60284e-11
1.01252e-10
9.6153e-11
1.00688e-10
9.70222e-11
9.75475e-11
0.0404294
1.07168e-10
9.974e-11
1.20335e-10
1.04656e-10
1.00302e-10
9.94147e-11
9.72266e-11
1.01358e-10
1.01484e-10
1.0122e-10
1.01643e-10
9.77168e-11
1.02186e-10
1.02715e-10
1.02135e-10
1.13005e-10
1.01828e-10
1.03237e-10
1.05048e-10
1.02697e-10
1.02001e-10
9.72509e-11
9.96674e-11
1.04223e-10
0.00922093
1.01628e-10
9.87348e-11
9.80375e-11
1.02665e-10
1.02192e-10
1.03551e-10
1.02769e-10
9.95432e-11
9.93726e-11
1.05992e-10
1.019e-10
1.03522e-10
1.08897e-10
1.11116e-10
9.89943e-11
1.01332e-10
9.57923e-11
1.07534e-10
1.00501e-10
1.03153e-10
1.08692e-10
9.89704e-11
0.0919911
1.01412e-10
9.92079e-11
9.66713e-11
9.76312e-11
1.04899e-10
1.0113e-10
1.01381e-10
1.01661e-10
9.59516e-11
9.88334e-11
1.03715e-10
1.03081e-10
9.75497e-11
1.01871e-10
9.90881e-11
0.00026939
1.07478e-10
0.0788785
1.01403e-10
1.0571e-10
9.16958e-11
9.76213e-11
9.75088e-11
9.69756e-11
9.79354e-11
1.4273e-10
0.00907166
1.02046e-10
9.4148e-11
9.63615e-11
9.94238e-11
0.0138673
1.01616e-10
1.04585e-10
9.44898e-11
9.98473e-11
9.89802e-11
1e-10
1.02233e-10
0.0786802
9.66861e-11
0.0618814
0.0619306
9.63294e-11
1.0335e-10
0.0513459
1.03549e-10
0.093833
9.9173e-11
1.0425e-10
9.81215e-11
1.02106e-10
1.02858e-10
1.01335e-10
0.0272441
1.08274e-10
0.00710747
9.9593e-11
1.03769e-10
1.03096e-10
9.83891e-11
0.0866479
1.227e-10
1.046e-10
1.05818e-10
1.08379e-10
0.0423352
1.04176e-10
0.0915702
9.6966e-11
0.0779714
0.053701
0.0896346
0.00247102
0.0937329
1.00398e-10
9.55241e-11
9.51404e-11
1.00155e-10
9.99338e-11
9.94808e-11
0.0890746
0.0890317
0.00999292
1.05196e-10
1.00331e-10
9.89342e-11
9.77835e-11
9.81309e-11
0.0629294
0.0804224
0.0956619
9.63705e-11
1.00181e-10
0.0816761
0.0716126
9.97389e-11
0.047868
0.0872779
0.0897739
0.0924171
1.00874e-10
0.0944376
9.97897e-11
0.0954687
0.0544493
0.0950082
9.4503e-11
9.88525e-11
0.0386257
9.75235e-11
1.01497e-10
9.54525e-11
1.04939e-10
0.0155078
0.0753654
9.64539e-11
9.81375e-11
9.59496e-11
9.69184e-11
9.38898e-11
9.97801e-11
0.00737545
0.0389762
9.19954e-11
0.0814851
9.49421e-11
9.84542e-11
1.00212e-10
1.02662e-10
1.09208e-10
0.0714895
1.0004e-10
0.0628957
9.86944e-11
9.99135e-11
9.53877e-11
9.45859e-11
0.0615661
0.1
1.02855e-10
1.01294e-10
1.03721e-10
9.60288e-11
9.61429e-11
0.0368506
0.0455571
9.70694e-11
9.62287e-11
0.0252272
9.79477e-11
0.0677985
1.05878e-10
0.032964
9.70976e-11
9.92042e-11
1.07497e-10
0.0923307
0.0756502
9.54105e-11
9.23707e-11
9.56041e-11
0.00271981
9.58275e-11
0.0846397
0.0810038
0.0218143
9.97963e-11
0.0355365
9.89475e-11
9.5554e-11
9.21077e-11
1.02123e-10
0.0253594
0.0453067
9.65138e-11
9.47746e-11
1.04466e-10
1.01444e-10
9.70003e-11
0.00408487
0.000217442
1.00362e-10
1.02501e-10
9.63226e-11
9.8993e-11
9.42853e-11
1.00518e-10
9.14772e-11
8.70505e-11
9.47328e-11
8.81829e-11
0.00982705
1.05485e-10
9.9376e-11
1.10499e-10
1.05492e-10
1.00592e-10
1.06915e-10
1.01065e-10
1.05156e-10
9.02404e-11
9.25883e-11
9.8625e-11
1.08562e-10
9.44777e-11
9.38197e-11
9.10384e-11
1.07874e-10
9.30373e-11
9.74811e-11
9.96326e-11
1.00202e-10
1.00052e-10
1.03317e-10
1.10943e-10
1.01706e-10
9.48622e-11
9.66014e-11
9.93451e-11
9.02323e-11
9.39539e-11
1.04643e-10
9.04012e-11
9.17919e-11
1.00686e-10
8.84218e-11
1.01251e-10
1.0027e-10
1.20731e-10
9.6338e-11
1.02292e-10
9.27929e-11
8.89217e-11
9.37266e-11
1.17677e-10
9.66454e-11
1.05768e-10
1.24667e-10
1.02408e-10
1.0975e-10
1.13985e-10
9.81482e-11
1.05263e-10
9.79697e-11
1.30396e-05
8.93005e-11
1.00693e-10
9.43436e-11
1.04703e-10
1.07508e-10
1.05903e-10
9.24426e-11
9.78982e-11
9.70597e-11
9.91669e-11
1.05636e-10
1.05374e-10
1.04827e-10
1.06821e-10
1.09527e-10
1.05215e-10
1.0351e-10
9.78884e-11
9.23399e-11
9.59267e-11
9.35614e-11
1.12598e-10
1.09991e-10
9.65451e-11
9.34767e-11
1.01299e-10
9.66066e-11
1.11188e-10
1.06362e-10
1.07319e-10
1.01378e-10
1.08078e-10
1.00777e-10
1.00098e-10
9.86101e-11
9.98508e-11
9.95689e-11
1.08202e-10
1.04294e-10
9.26635e-11
9.6835e-11
1.00031e-10
9.42777e-11
9.81257e-11
9.32447e-11
9.15197e-11
9.28183e-11
1.03582e-10
1.09008e-10
9.48952e-11
1.09134e-10
1.10678e-10
9.18719e-11
1.16332e-10
1.16436e-10
1.06866e-10
1.027e-10
1.0716e-10
1.03223e-10
1.0065e-10
1.04807e-10
1.00358e-10
1.67065e-10
1.06451e-10
1.16276e-10
9.4917e-11
9.96105e-11
1.06967e-10
1.01252e-10
1.06446e-10
1.2558e-10
1.17909e-10
1.46447e-10
9.91449e-11
3.07399e-10
0.00120727
9.62752e-11
1.07303e-10
1.00665e-10
9.85669e-11
9.98414e-11
0.00988763
1.32507e-10
9.03037e-11
1.11318e-10
1.12911e-10
9.54511e-11
1e-10
1.06828e-10
9.25717e-11
9.2369e-11
9.49554e-11
9.93614e-11
9.83416e-11
9.80412e-11
9.96409e-11
9.99189e-11
1.02209e-10
1.0793e-10
1.14965e-10
9.9998e-11
1.2308e-10
9.31444e-11
1.04515e-10
1.09182e-10
1.18106e-10
9.60793e-11
1.0486e-10
1.03895e-10
9.58311e-11
1.01818e-10
9.81075e-11
9.93629e-11
9.49925e-11
1e-10
9.75639e-11
1.00705e-10
2.25796e-10
1.25664e-10
9.73708e-11
9.99667e-11
1.08036e-10
1.00153e-10
9.23352e-11
9.49358e-11
1.08438e-10
9.85893e-11
9.77767e-11
1.05744e-10
1.00694e-10
9.1978e-11
1.01337e-10
1.02267e-10
9.93652e-11
9.44006e-11
9.89449e-11
9.8289e-11
1.00427e-10
1.00251e-10
9.73466e-11
9.94406e-11
1.06891e-10
1.12113e-10
9.58877e-11
9.59004e-11
9.88631e-11
9.96652e-11
9.70942e-11
9.48903e-11
1.0331e-10
9.73133e-11
9.95149e-11
9.76573e-11
9.76334e-11
1.16154e-10
9.62312e-11
9.99827e-11
9.82929e-11
0.00383394
1.09215e-10
1.13797e-10
0.0102568
9.38817e-11
1.03625e-10
9.66135e-11
1.00399e-10
9.57739e-11
1.01697e-10
9.63638e-11
1e-10
0.00367101
9.93779e-11
1.01118e-10
9.84909e-11
1.02225e-10
1.00477e-10
9.88055e-11
0.0936929
1.03105e-10
0.0576554
9.61238e-11
9.67855e-11
9.82616e-11
1.10761e-10
9.77929e-11
9.67468e-11
9.22784e-11
9.60472e-11
1.0701e-10
9.76788e-11
1.05699e-10
9.82656e-11
1.07591e-10
1.05457e-10
1.01485e-10
9.73621e-11
9.88141e-11
9.98764e-11
9.91696e-11
9.97677e-11
9.13554e-11
1.01211e-10
9.842e-11
9.73002e-11
9.27058e-11
9.54284e-11
1.01505e-10
9.79366e-11
9.48191e-11
9.92358e-11
1.0011e-10
1.0367e-10
9.93077e-11
1.0214e-10
9.82227e-11
1.12605e-10
9.50364e-11
9.70387e-11
1.0296e-10
1.04033e-10
1.07196e-10
9.99441e-11
1.04528e-10
1.02991e-10
9.5623e-11
1.05696e-10
1.06107e-10
9.39743e-11
9.49368e-11
1.05977e-10
9.78914e-11
9.77817e-11
9.36933e-11
9.34538e-11
9.56329e-11
9.6531e-11
1.16975e-10
0.0801279
1.05097e-10
1.04999e-10
9.40092e-11
8.86784e-11
1.0171e-10
9.75229e-11
1.01201e-10
1.00353e-10
9.60889e-11
1.93211e-10
9.85593e-11
9.41578e-11
9.66803e-11
9.97363e-11
1.06007e-10
9.68874e-11
8.81363e-11
9.32684e-11
9.02453e-11
8.63896e-11
9.6691e-11
9.76242e-11
1.02585e-10
9.6244e-11
9.51889e-11
9.58705e-11
9.44591e-11
9.17e-11
9.57587e-11
9.0183e-11
9.55669e-11
9.86146e-11
1.03341e-10
1.0082e-10
9.48337e-11
1.631e-10
1.10866e-10
0.0295548
9.92402e-11
1.49003e-10
1.08247e-10
1.03212e-10
9.97417e-11
1.01482e-10
1.06892e-10
1.06831e-10
9.88835e-11
1.00168e-10
1.08545e-10
9.99726e-11
9.99007e-11
9.86499e-11
9.80935e-11
1.03669e-10
1.0195e-10
9.89842e-11
9.71433e-11
9.94003e-11
9.73539e-11
9.91438e-11
1.00015e-10
9.98567e-11
9.56942e-11
1.0312e-10
9.9565e-11
1.128e-10
9.87028e-11
9.69704e-11
9.87026e-11
1e-10
9.57659e-11
1.02749e-10
1.01018e-10
1.00085e-10
9.92709e-11
9.77499e-11
1.04138e-10
1.07135e-10
1.03246e-10
9.54943e-11
9.49401e-11
9.40714e-11
9.99897e-11
9.65877e-11
9.56725e-11
1.02358e-10
9.5512e-11
9.92084e-11
1.0734e-10
9.34767e-11
1.04792e-10
1.00205e-10
9.41232e-11
0.0833052
1.02398e-10
0.0752955
9.70699e-11
1.11114e-10
1.08721e-10
0.0827147
0.0352548
1.0461e-10
9.43197e-11
1.13826e-10
0.0435536
0.0577386
1.07352e-10
0.00518462
1.08302e-10
1.01636e-10
0.0902171
0.0757333
0.0384749
0.0752549
0.0897187
0.0837112
9.78632e-11
9.58101e-11
0.053855
0.0795026
1.04333e-10
1.00131e-10
9.85872e-11
9.53678e-11
0.0696369
9.71353e-11
0.0862989
1.0101e-10
0.0705517
9.96199e-11
9.56301e-11
0.0907768
9.79082e-11
0.0560867
1e-10
9.51256e-11
9.77999e-11
1.11059e-10
9.35789e-11
0.0425939
0.0794883
0.072069
0.0678874
0.0892677
0.000685761
0.0905708
0.0935073
0.0841709
0.081645
0.0466329
0.0821093
0.0412375
9.8041e-11
0.0742652
1.01016e-10
1.01278e-10
1e-10
0.00613242
9.98818e-11
1.00389e-10
9.52218e-11
9.44349e-11
9.38976e-11
1.11504e-10
9.54409e-11
1.01104e-10
9.96825e-11
9.73731e-11
1.07007e-10
9.64023e-11
1.03801e-10
9.68141e-11
9.82977e-11
9.66487e-11
0.0945738
0.0793938
0.0746366
9.45103e-11
9.45088e-11
1e-10
9.59637e-11
9.41429e-11
1.08724e-10
9.99969e-11
9.53599e-11
1.03982e-10
9.57978e-11
9.68869e-11
9.98568e-11
9.95455e-11
1.13835e-10
9.97276e-11
1.01467e-10
9.79973e-11
1.19906e-10
1.00305e-10
1.12714e-10
9.52421e-11
9.50149e-11
9.87951e-11
9.58259e-11
9.70462e-11
1.10814e-10
1.0408e-10
9.64707e-11
1.03338e-10
1.10966e-10
9.65277e-11
9.39335e-11
9.48972e-11
1.18206e-10
0.0420624
9.26356e-11
9.27119e-11
9.7036e-11
7.34861e-11
9.61906e-11
9.97152e-11
1.00783e-10
9.92476e-11
1e-10
1.89174e-10
9.80976e-11
9.84647e-11
9.53679e-11
1.13652e-10
1.07699e-10
9.46317e-11
9.72415e-11
9.01969e-11
9.26848e-11
9.31305e-11
9.9285e-11
9.60122e-11
1.03198e-10
9.56917e-11
1.09798e-10
1.04599e-10
9.78817e-11
9.64757e-11
9.42117e-11
1.13125e-10
9.42881e-11
1.03311e-10
9.28062e-11
1.01955e-10
1.00361e-10
9.70113e-11
0.0330939
9.69701e-11
0.0945343
0.0766641
0.1
0.0498073
0.0660054
0.0841698
0.0784483
0.0754677
0.0675555
9.99698e-11
0.0931384
0.08119
0.0944097
0.0812456
0.0880248
0.0885966
0.0976215
0.0961405
0.0879906
0.0832938
0.0789156
0.0527366
0.0893432
0.00255612
0.089254
0.0997313
0.0748986
0.1
9.77388e-11
0.0738843
0.0765125
0.0967735
0.0477287
0.083491
0.088961
0.0805174
0.1
0.0932269
0.0839428
0.0916997
0.0793579
0.0772673
0.0533613
0.0332851
2.39624e-10
9.23294e-11
1.04587e-10
1.11045e-10
9.01971e-11
1.06998e-10
9.44023e-11
9.59186e-11
9.38118e-11
9.73052e-11
9.31554e-11
1.0062e-10
9.42314e-11
0.0367782
1.0747e-10
9.31397e-11
1.04329e-10
9.6749e-11
9.93067e-11
9.77796e-11
0.0778842
9.41573e-11
9.87319e-11
9.3979e-11
0.0925878
0.0866948
1.01921e-10
0.0516041
0.0507052
0.0956448
0.0798568
0.0933077
0.0848611
0.0601535
0.097551
0.0882839
0.0412514
0.0881624
0.0751051
0.0887016
0.0901899
9.90784e-11
0.0928165
0.0858366
0.0732476
0.0888247
0.0338439
0.0932784
0.000209892
0.019624
9.748e-11
0.00758223
1.01653e-10
9.33027e-11
0.0565377
0.0745572
9.78801e-11
0.0688222
1.022e-10
1.02296e-10
9.57519e-11
0.0837608
0.00684952
9.6056e-11
9.78797e-11
0.0662206
1.03214e-10
9.76474e-11
0.0587989
0.0877553
0.00173722
0.00387882
9.51566e-11
1.00812e-10
0.0322352
0.0574476
9.62813e-11
0.00473155
1.04409e-10
1.0126e-10
9.74079e-11
9.07932e-11
1.05108e-10
9.90143e-11
0.00435396
1.07969e-10
0.0809588
0.0849866
0.0935922
0.079906
1.016e-10
1.31059e-10
9.73491e-11
1.03816e-10
1.0029e-10
9.86913e-11
1.0082e-10
0.0874027
9.2809e-11
9.13426e-11
1.00628e-10
1.01609e-10
1.04771e-10
1.05996e-10
9.66902e-11
9.45834e-11
1.04388e-10
1.05044e-10
0.0274381
0.000248868
9.42256e-11
9.1285e-11
1.03158e-10
1.02302e-10
1.017e-10
1.01223e-10
1.12741e-10
0.078089
1.00186e-10
0.00245809
1.02867e-10
1.04204e-10
1.03509e-10
1.01052e-10
9.65199e-11
9.58796e-11
9.88249e-11
9.7224e-11
0.0351742
9.60294e-11
9.70598e-11
9.71969e-11
9.90793e-11
9.21121e-11
1.04688e-10
1.01197e-10
0.00979354
9.63933e-11
1.00917e-10
0.0156956
9.65894e-11
1.0114e-10
1.00045e-10
1.26317e-10
1.07375e-10
1.02847e-10
1.13044e-10
9.58002e-11
1.09194e-10
9.41013e-11
1.00016e-10
9.75142e-11
9.72207e-11
1.13847e-10
1.03634e-10
0.0117561
9.47762e-11
1.02226e-10
1.19731e-10
1.10611e-10
1.57363e-10
1.0103e-10
1.06258e-10
1.37464e-09
9.88029e-11
9.69478e-11
1.01875e-10
0.00314347
0.0151052
9.93258e-11
1.8465e-10
9.9016e-11
9.99626e-11
9.78852e-11
1.34195e-10
1.00014e-10
9.86284e-11
1.00328e-10
1.02148e-10
1.00014e-10
9.95365e-11
1.03888e-10
1.01037e-10
9.94136e-11
9.89677e-11
1e-10
9.61564e-11
9.77647e-11
1.02694e-10
1.09894e-10
9.87696e-11
1.14371e-10
9.97355e-11
1.07241e-10
9.96689e-11
9.86536e-11
6.54873e-11
1.082e-10
9.90336e-11
9.95477e-11
9.40839e-11
9.58542e-11
1.02654e-10
1.0448e-10
9.93558e-11
1.01094e-10
9.80115e-11
1.0063e-10
9.91173e-11
1.02593e-10
9.73076e-11
1.00233e-10
9.97934e-11
9.84357e-11
1.03675e-10
1.00343e-10
1.00593e-10
9.92468e-11
1e-10
9.99583e-11
9.95026e-11
9.7239e-11
9.75484e-11
9.78758e-11
9.84183e-11
9.5365e-11
9.78259e-11
8.59248e-11
9.03e-11
9.64574e-11
9.87848e-11
9.05786e-11
9.86691e-11
9.97231e-11
9.99894e-11
1.00024e-10
9.80589e-11
1.00919e-10
1.30511e-10
9.97683e-11
9.98582e-11
9.76725e-11
1.0021e-10
1.01481e-10
1.00983e-10
9.85238e-11
9.1218e-11
7.6094e-11
9.98199e-11
1.07769e-10
1.02395e-10
9.25419e-11
1.00214e-10
1.06469e-10
1.0497e-10
1.058e-10
0.00936049
9.23342e-11
9.97716e-11
9.42746e-11
1.07448e-10
1.07325e-10
1.05192e-10
9.56763e-11
0.0940534
0.070504
1.03846e-10
9.91194e-11
9.76099e-11
9.62842e-11
1.00352e-10
1.09119e-10
9.04047e-11
1.04218e-10
9.55944e-11
9.1686e-11
1.03626e-10
9.42985e-11
1.05673e-10
9.43272e-11
9.9637e-11
0.00206687
9.85702e-11
1.02092e-10
0.00180497
1.07308e-10
9.52154e-11
9.78705e-11
9.46814e-11
1.02883e-10
9.84644e-11
9.99453e-11
8.99769e-11
1.0814e-10
9.46381e-11
1.05115e-10
9.23993e-11
9.53968e-11
9.34874e-11
1.05519e-10
1.00512e-10
9.44103e-11
1.06203e-10
1.11312e-10
9.20763e-11
1.07561e-10
1.0721e-10
9.73588e-11
1.07861e-10
9.50619e-11
9.87369e-11
9.67222e-11
8.85277e-11
8.50763e-11
9.30392e-11
9.27711e-11
9.45856e-11
1.07183e-10
9.11287e-11
1.0486e-10
8.84886e-11
8.96931e-11
1.03628e-10
1.0067e-10
1.15338e-10
8.19935e-11
1.99133e-10
1.043e-10
1.05997e-10
1.00583e-10
1.00236e-10
1.07953e-10
1.09219e-10
1.33281e-10
9.9526e-11
9.57971e-11
1.01466e-10
0.00558094
1.08928e-10
9.32641e-11
9.29414e-11
9.83963e-11
1.01063e-10
1.05118e-10
7.28927e-11
9.83282e-11
8.67731e-11
9.89535e-11
9.88246e-11
9.36843e-11
1.08853e-10
1.37022e-10
1.03494e-10
1.04237e-10
1.01833e-10
9.50387e-11
0.0125
8.94992e-11
1.04231e-10
9.59497e-11
1.09191e-10
1.00694e-10
9.97095e-11
1.06412e-10
1.04252e-10
9.99017e-11
1.01489e-10
8.88878e-11
9.37178e-11
1.02392e-10
9.25287e-11
9.67888e-11
0.025
1.90111e-10
1.55014e-10
9.92573e-11
1.12038e-10
9.66672e-11
9.99441e-11
9.56755e-11
9.77412e-11
1.04258e-10
9.27762e-11
9.23614e-11
9.28106e-11
1.0649e-10
0.0947715
0.1
0.09514
0.0982782
0.0904429
1.08098e-10
0.1
0.0967702
1.03289e-10
1.03031e-10
0.1
0.0988024
0.0999315
0.0936509
0.082718
0.0753924
0.0277527
1.02869e-10
0.0782776
0.0997895
0.0959635
0.0919461
0.0491042
0.0790289
0.0963026
0.0713945
0.0827293
0.0807506
0.0922304
0.0745193
0.00107619
1.23044e-10
7.71465e-11
8.18707e-10
9.5508e-11
7.09685e-10
1.66426e-10
2.81446e-10
9.78793e-11
1.46865e-10
9.98433e-11
1.10244e-10
8.86514e-11
1.23572e-10
2.02359e-10
1.32405e-10
9.94096e-11
9.65895e-11
1.02779e-10
1.01805e-10
9.9152e-11
1e-10
1.10229e-10
9.868e-11
1.1193e-10
1.10134e-10
9.55364e-11
1.12295e-10
9.79662e-11
1.01971e-10
1.10087e-10
8.62157e-11
7.60668e-11
9.74519e-11
9.76931e-11
9.47988e-11
6.91602e-11
1.34778e-10
9.24207e-11
0.0125
1.21277e-10
1.02999e-10
1.19942e-10
1.00351e-10
1.00099e-10
9.95084e-11
1.89948e-10
7.60476e-11
9.3894e-11
1.00074e-10
9.96993e-11
1.01425e-10
9.96104e-11
9.45742e-11
9.7649e-11
9.69699e-11
9.19104e-11
9.99203e-11
9.95838e-11
9.85825e-11
9.52667e-11
1.12551e-10
1.276e-10
9.88587e-11
9.9411e-11
9.07276e-11
9.54086e-11
9.95524e-11
9.93362e-11
9.40864e-11
1.14181e-10
9.07154e-11
1.22977e-10
1.00267e-10
1.03414e-10
9.76248e-11
1.03968e-10
1.06532e-10
9.94565e-11
9.50694e-11
9.42779e-11
1.10891e-10
9.39703e-11
9.95466e-11
1.01419e-10
1.00122e-10
0.000144264
9.94468e-11
9.99774e-11
9.95615e-11
1e-10
1e-10
9.99461e-11
9.76857e-11
1.00134e-10
9.41275e-11
9.51112e-11
9.48174e-11
9.63155e-11
9.39163e-11
9.44008e-11
9.51235e-11
9.36335e-11
9.82026e-11
9.16579e-11
9.06037e-11
1.04635e-10
9.66559e-11
1.02371e-10
1.06096e-10
1.07804e-10
1.3746e-10
9.29621e-11
9.8777e-11
9.42186e-11
1.02576e-10
1.02951e-10
9.15866e-11
9.88824e-11
1.09432e-10
9.9321e-11
1.08034e-10
9.92238e-11
9.72709e-11
1.15652e-10
1.02388e-10
9.78202e-11
9.98138e-11
1.07956e-10
1.09953e-10
9.93832e-11
9.89997e-11
1.01142e-10
1.00842e-10
1.06033e-10
7.60664e-11
9.8602e-11
9.77172e-11
9.58581e-11
1.09253e-10
1.04261e-10
1.0879e-10
1.11616e-10
1.22889e-10
9.59253e-11
0.025
8.79491e-11
6.88078e-11
1.02343e-10
9.71193e-11
9.90742e-11
1.04583e-10
1.00041e-10
1.17222e-10
1.04757e-10
7.19999e-11
1.01554e-10
9.39825e-11
9.97982e-11
1.00661e-10
1.01041e-10
9.97347e-11
9.86776e-11
9.94156e-11
1.01887e-10
1.01038e-10
1.01294e-10
1.53517e-10
1e-10
9.964e-11
1.00204e-10
1.15105e-10
1.09353e-10
1.01981e-10
1.05007e-10
1.43254e-10
1.00027e-10
9.86972e-11
9.82831e-11
1.00534e-10
1.00372e-10
5.71961e-11
9.51037e-11
1.07483e-10
9.93019e-11
1.0283e-10
1e-10
9.97995e-11
9.98084e-11
1.0027e-10
1.00218e-10
9.97226e-11
1.00214e-10
1.04137e-10
1.00036e-10
8.96682e-11
9.27978e-11
1.20149e-10
9.41485e-11
9.08406e-11
9.77554e-11
9.40938e-11
9.92386e-11
9.55157e-11
9.39584e-11
9.99885e-11
1.00886e-10
9.80476e-11
1.04621e-10
8.71511e-11
8.65992e-11
8.93417e-11
1.07375e-10
9.57406e-11
1.02222e-10
8.52928e-11
9.7823e-11
9.31962e-11
9.0661e-11
9.95889e-11
1.0985e-10
1.00079e-10
1.04417e-10
1.03219e-10
1.0062e-10
1.00345e-10
9.5947e-11
1.01092e-10
1.09715e-10
9.96672e-11
9.56806e-11
9.2206e-11
1.00097e-10
9.97113e-11
9.699e-11
9.63469e-11
1.01706e-10
9.03895e-11
9.53014e-11
9.51327e-11
1.06069e-10
1.01471e-10
1.02083e-10
9.72351e-11
9.93657e-11
9.68525e-11
9.55645e-11
1.07523e-10
1.01937e-10
1.12147e-10
9.97664e-11
1.02127e-10
1.08405e-10
1.01739e-10
1e-10
1.01473e-10
1.01775e-10
1.50435e-10
9.99336e-11
1.14208e-10
1.06449e-10
9.96231e-11
1.00031e-10
1.03895e-10
1.02212e-10
1.04281e-10
9.85941e-11
1.00859e-10
1e-10
1.02422e-10
1e-10
1.0852e-10
1.00315e-10
9.97751e-11
1.00865e-10
1.00223e-10
9.70839e-11
9.70833e-11
1e-10
1.00385e-10
1.00661e-10
9.73227e-11
1.04696e-10
1.02168e-10
1.00476e-10
9.92429e-11
9.87324e-11
9.98965e-11
1.00039e-10
9.89847e-11
9.97653e-11
9.61712e-11
1.00673e-10
1.01132e-10
1.03864e-10
9.29797e-11
9.52495e-11
1.13938e-10
8.94112e-11
1.06106e-10
1.10066e-10
1.03565e-10
1.03621e-10
9.48856e-11
9.47789e-11
1.05971e-10
1.01549e-10
1.02029e-10
1.08532e-10
1.05318e-10
9.9869e-11
1.0164e-10
9.78944e-11
1.08336e-10
9.85589e-11
9.91978e-11
1.00322e-10
1.08072e-10
1.0005e-10
9.90875e-11
1.00519e-10
9.01639e-11
1.02781e-10
9.41663e-11
1.03326e-10
9.65e-11
1.01486e-10
9.99477e-11
9.6805e-11
1.00104e-10
1.03001e-10
9.73204e-11
1.0251e-10
1.02754e-10
9.90479e-11
1.04993e-10
1.0285e-10
1.06502e-10
1.047e-10
9.99868e-11
1.06205e-10
1.01165e-10
9.78596e-11
1.20275e-10
1.03422e-10
1.0413e-10
1.02343e-10
9.98676e-11
1.00127e-10
1.11357e-10
1.00562e-10
1.00965e-10
1.01713e-10
1.13513e-10
1.05083e-10
1.01544e-10
1.00157e-10
0.00285758
1.00402e-10
9.9796e-11
1.01967e-10
0.00184644
0.00124899
1.00725e-10
9.73077e-11
9.97921e-11
1.00151e-10
1.01707e-10
1.00888e-10
1.01336e-10
1.00184e-10
1.02044e-10
1.01386e-10
1.00658e-10
1.00473e-10
1.0098e-10
1.00758e-10
1.02881e-10
1.01827e-10
9.9516e-11
9.95329e-11
1.02336e-10
1.00538e-10
9.83526e-11
1.18741e-10
9.41069e-11
9.86538e-11
1.13575e-10
1.07978e-10
1.0939e-10
0.153297
1.02626e-10
9.74707e-11
9.96267e-11
1.00063e-10
1.02023e-10
0.044265
0.0188481
0.692613
0.0178741
9.30047e-11
0.619981
0.716867
9.7728e-11
1.08312e-10
9.77053e-11
0.0641319
0.00313072
0.064647
0.0386261
9.63907e-11
1.00928e-10
1.01785e-10
1.1339e-10
0.0553822
0.0458556
0.0393201
9.97098e-11
1.03038e-10
0.0986502
0.0868774
0.1
0.0300665
0.0860335
0.0939895
0.0546504
0.0851989
0.0975738
0.0967518
0.0934246
0.099609
0.0991682
0.1
0.0996312
0.0946761
0.0973265
0.0815233
0.0952844
0.0938281
0.0999055
0.0768486
0.1
0.0994261
0.0925724
0.0837484
0.083997
0.0943558
0.086319
9.38134e-11
1.05511e-10
1.0232e-10
1.0046e-10
1.05212e-10
1.11969e-10
9.2945e-11
9.2769e-11
9.80187e-11
1.04419e-10
1.0696e-10
9.46805e-11
1.03202e-10
1.01531e-10
1.02286e-10
1.03578e-10
1.05227e-10
1.02834e-10
9.93467e-11
1.00626e-10
1.04266e-10
1.05102e-10
9.43709e-11
9.63965e-11
1.03837e-10
1.00161e-10
1.03392e-10
1.03243e-10
9.7759e-11
1.00654e-10
1.16302e-10
1.0218e-10
1.0433e-10
9.81291e-11
9.63442e-11
9.78932e-11
0.161302
0.121233
0.0135331
1.05098e-10
0.0987738
0.00167617
9.69764e-11
9.81557e-11
9.81948e-11
1.03712e-10
1.0022e-10
1.02703e-10
9.97556e-11
1.04345e-10
0.00109335
1.02613e-10
9.71472e-11
1.06844e-10
9.93975e-11
1.02189e-10
9.6494e-11
9.67925e-11
0.163695
1.08347e-10
9.86914e-11
9.89107e-11
0.0283978
1.02574e-10
1.04097e-10
0.0163944
9.78733e-11
1.17234e-10
1.07035e-10
1.02492e-10
0.137442
0.000321886
1.04246e-10
9.7734e-11
9.45941e-11
1.02513e-10
0.132696
0.0411533
9.95169e-11
9.84294e-11
0.0135405
9.72847e-11
9.62909e-11
0.168911
9.70591e-11
9.68115e-11
9.86102e-11
9.90888e-11
0.0560038
0.187004
1.04653e-10
0.0777423
1.01544e-10
1.01285e-10
1.07627e-10
1.00844e-10
1.00844e-10
1.03114e-10
1.03318e-10
1.05308e-10
1.02443e-10
1.00218e-10
1.0012e-10
9.69067e-11
1.00666e-10
1.04939e-10
1.04354e-10
1.01205e-10
1.2969e-10
9.96071e-11
1.04206e-10
1.00894e-10
9.93066e-11
1.00315e-10
1.01275e-10
9.99273e-11
1.00035e-10
1e-10
9.99313e-11
9.99251e-11
1.02765e-10
1.0064e-10
1.01646e-10
1.00914e-10
1.02415e-10
1.01787e-10
1.02309e-10
1.01195e-10
9.97565e-11
1.01304e-10
9.92363e-11
1.001e-10
1.01841e-10
1.00886e-10
1.00515e-10
9.96828e-11
9.93096e-11
1.0078e-10
1.01749e-10
1.06246e-10
1.02028e-10
1.12396e-10
1.03244e-10
9.83725e-11
1.01232e-10
9.96421e-11
9.8053e-11
9.94761e-11
1.0207e-10
1.02223e-10
1.03566e-10
1.03657e-10
1.00868e-10
1.01424e-10
1.01602e-10
1.02615e-10
9.88605e-11
9.98202e-11
1.01619e-10
1.02423e-10
1.00201e-10
1.01724e-10
1.01069e-10
1.00202e-10
1.12231e-10
1.12968e-10
1.00767e-10
1.0095e-10
1.01833e-10
1.02111e-10
1.00652e-10
1.00975e-10
9.87764e-11
1.05067e-10
0.000536939
1.00222e-10
1.05683e-10
1.03517e-10
1.01345e-10
9.9088e-11
1.00913e-10
1.01321e-10
1.02109e-10
1.04285e-10
1.10933e-10
9.79776e-11
0.00558827
1.00857e-10
9.82165e-11
1.04071e-10
1.19358e-10
1.00721e-10
1.01833e-10
9.83869e-11
9.80369e-11
9.98562e-11
1.01088e-10
1.00142e-10
1.05002e-10
9.66244e-11
1.06134e-10
0.0176464
0.0880742
1.01969e-10
1.00571e-10
1.28695e-10
1.00842e-10
0.0964053
0.0741187
1.04849e-10
0.09762
0.0981866
0.1
0.0727581
0.089862
0.0917297
0.0492683
0.1
0.0995901
0.0776232
0.0871745
0.0968243
1.0222e-10
0.0994546
0.0889284
0.0978839
0.074393
0.0893956
0.0819622
0.0862918
0.1
9.80921e-11
9.87126e-11
9.94747e-11
9.81475e-11
9.97922e-11
9.95876e-11
1.00202e-10
9.92222e-11
9.99275e-11
1.00378e-10
1.00455e-10
9.80193e-11
9.69582e-11
9.75567e-11
9.79362e-11
9.90824e-11
1.09438e-10
1.08118e-10
1.07478e-10
9.51718e-11
9.52164e-11
1.11438e-10
1.09678e-10
9.99123e-11
9.47376e-11
9.53191e-11
9.84476e-11
9.93219e-11
9.74718e-11
9.54455e-11
1.10574e-10
1.08943e-10
9.33396e-11
9.81252e-11
9.38359e-11
9.65478e-11
9.89986e-11
9.88068e-11
9.13491e-11
9.56618e-11
1.0958e-10
9.86124e-11
1.0566e-10
9.8773e-11
9.68237e-11
9.70866e-11
9.59088e-11
9.66023e-11
1.11254e-10
9.92087e-11
9.61928e-11
9.60339e-11
1.0071e-10
1.05238e-10
9.93502e-11
1.03299e-10
1.06339e-10
9.35913e-11
9.86252e-11
9.26068e-11
9.90567e-11
9.87837e-11
9.64903e-11
9.85249e-11
9.50594e-11
9.18025e-11
9.36758e-11
9.8375e-11
9.61572e-11
1.11445e-10
9.59896e-11
9.06587e-11
9.66911e-11
9.25761e-11
1.00191e-10
1.03892e-10
9.14202e-11
9.47525e-11
9.34166e-11
9.29659e-11
1.06038e-10
9.07992e-11
9.36511e-11
9.18863e-11
9.56228e-11
1.04149e-10
8.75022e-11
1.10912e-10
9.88281e-11
1.02134e-10
9.85311e-11
9.74727e-11
9.91442e-11
9.5008e-11
9.68673e-11
9.73109e-11
9.4902e-11
9.13774e-11
1.00353e-10
1.13062e-10
1.07344e-10
9.97496e-11
1.00004e-10
9.76872e-11
9.4563e-11
1.08439e-10
9.94432e-11
1.01723e-10
1.02548e-10
9.5064e-11
9.99867e-11
1.00877e-10
9.30312e-11
1.05387e-10
9.69155e-11
9.86687e-11
9.16587e-11
9.12844e-11
9.46084e-11
8.98532e-11
1.16924e-10
1.00682e-10
1.04914e-10
1.08129e-10
1.0254e-10
9.39346e-11
9.31407e-11
9.56631e-11
9.93156e-11
1.09412e-10
9.91122e-11
9.98991e-11
1.0041e-10
1.01797e-10
1.01639e-10
9.64392e-11
1.0421e-10
9.31732e-11
9.74077e-11
9.17082e-11
9.99158e-11
1.04807e-10
9.76356e-11
9.33426e-11
9.19874e-11
1.01225e-10
1.08398e-10
1.00498e-10
1.06929e-10
1.03167e-10
9.92708e-11
9.61532e-11
9.76393e-11
1.10182e-10
1.02631e-10
1.00639e-10
9.78632e-11
9.73668e-11
1.05206e-10
9.77103e-11
9.5899e-11
1.07652e-10
9.84404e-11
1.04336e-10
9.5076e-11
9.47529e-11
1.07e-10
1.0565e-10
9.03719e-11
1.17191e-10
9.17456e-11
9.8658e-11
1.17409e-10
9.96096e-11
9.53327e-11
9.6363e-11
9.67395e-11
9.84414e-11
8.69703e-11
9.5218e-11
9.26313e-11
9.77112e-11
9.45491e-11
1.07015e-10
9.67678e-11
1.05057e-10
9.62792e-11
1.12911e-10
9.03606e-11
9.77531e-11
9.66812e-11
8.87796e-11
1.04927e-10
9.43587e-11
9.40769e-11
9.1782e-11
9.51341e-11
9.55335e-11
9.71356e-11
9.13074e-11
9.90262e-11
9.78737e-11
9.88416e-11
1.05695e-10
1.05105e-10
1.04047e-10
1.01439e-10
1.01149e-10
1.17595e-10
1.02014e-10
1.12804e-10
9.55151e-11
1.04545e-10
9.6346e-11
1.01879e-10
9.74925e-11
1.03275e-10
1.10112e-10
1.01125e-10
9.92758e-11
9.99015e-11
1.01545e-10
9.37003e-11
9.7729e-11
9.99688e-11
9.66986e-11
9.94977e-11
9.89212e-11
1.07313e-10
1.00489e-10
9.30922e-11
9.85965e-11
1.00974e-10
1.01038e-10
9.01366e-11
9.45072e-11
1.01153e-10
9.6672e-11
9.9418e-11
9.88485e-11
8.98644e-11
1.10275e-10
1.08317e-10
9.8584e-11
9.65563e-11
9.95015e-11
9.29573e-11
1.0515e-10
9.24795e-11
9.65015e-11
9.60994e-11
9.93437e-11
9.43261e-11
9.8825e-11
9.53976e-11
1.01917e-10
9.60073e-11
9.65669e-11
1.01807e-10
9.96955e-11
9.37065e-11
9.82997e-11
9.80845e-11
9.76771e-11
9.88181e-11
9.59759e-11
1.00043e-10
1.00013e-10
1.02347e-10
1.03252e-10
9.78981e-11
1.10742e-10
1.07938e-10
9.78399e-11
1.05649e-10
9.39278e-11
9.75448e-11
9.29171e-11
9.44824e-11
9.77998e-11
9.27153e-11
9.93494e-11
1.00056e-10
1.0666e-10
1.0456e-10
9.57151e-11
1.01322e-10
1.00006e-10
9.54804e-11
9.67637e-11
9.37619e-11
9.15686e-11
1.01879e-10
9.22254e-11
9.65661e-11
8.99275e-11
9.96298e-11
1.37601e-10
9.28673e-11
1.00955e-10
9.333e-11
9.40975e-11
9.90807e-11
1.0358e-10
1.17144e-10
9.94184e-11
1.02532e-10
1.09623e-10
1.08206e-10
1.01766e-10
9.35451e-11
1.0189e-10
9.81253e-11
8.97285e-11
9.87151e-11
1.09088e-10
1.02728e-10
9.02848e-11
1.1305e-10
1.07418e-10
1.16657e-10
1.03062e-10
9.64566e-11
1.04172e-10
8.79968e-11
1.08377e-10
1.06199e-10
1.02836e-10
1.13331e-10
1.00812e-10
1.02831e-10
1.06435e-10
1.04628e-10
9.87089e-11
9.94287e-11
1.13008e-10
9.87598e-11
1.14802e-10
9.71743e-11
9.79445e-11
9.78013e-11
1.04298e-10
1.06937e-10
9.37294e-11
8.93801e-11
1.10949e-10
1.02897e-10
1.06734e-10
1.03879e-10
1.0094e-10
1.13811e-10
1.14423e-10
9.9561e-11
1.11602e-10
1.13882e-10
9.68843e-11
1.10059e-10
1.0531e-10
9.76879e-11
1.07448e-10
9.99935e-11
9.80442e-11
1.04552e-10
9.57724e-11
1.02768e-10
9.50029e-11
9.67182e-11
9.48368e-11
1.55747e-10
9.98686e-11
9.46927e-11
9.66327e-11
9.87374e-11
9.79744e-11
9.5939e-11
9.875e-11
9.56021e-11
9.35951e-11
9.71759e-11
1.06648e-10
9.67556e-11
1.01459e-10
9.79344e-11
1.11045e-10
9.31891e-11
1.02819e-10
9.30697e-11
9.74926e-11
8.97667e-11
9.74968e-11
9.38638e-11
9.55877e-11
9.98792e-11
1.07678e-10
1.26013e-10
8.90242e-11
8.94722e-11
9.0392e-11
1.03607e-10
1.03553e-10
9.69219e-11
9.44468e-11
9.82375e-11
1.10476e-10
9.31226e-11
1.10277e-10
1.12152e-10
1.08154e-10
1.02246e-10
1.00604e-10
1.03717e-10
1.0757e-10
1.03127e-10
1.01206e-10
1.08256e-10
1.15031e-10
1.09905e-10
1.02258e-10
1.0361e-10
1.02449e-10
1.1709e-10
8.46103e-11
1.02546e-10
9.97085e-11
1.02136e-10
9.31448e-11
1.00689e-10
1.06776e-10
1.04179e-10
9.61211e-11
9.98529e-11
1.01794e-10
9.62713e-11
9.76245e-11
9.66812e-11
1.03926e-10
9.55588e-11
1.0495e-10
1.16762e-10
1.0032e-10
1.0224e-10
1.02128e-10
1.69428e-10
9.59608e-11
1.0813e-10
3.23404e-05
1.07335e-10
9.93315e-11
8.65718e-11
9.82947e-11
9.81146e-11
1.0404e-10
1.00374e-10
9.85648e-11
1.02862e-10
9.50193e-11
1.00864e-10
1.06676e-10
1.02104e-10
9.82126e-11
1.08625e-10
1.0727e-10
9.8233e-11
1.09437e-10
1.04296e-10
1.0743e-10
1.02325e-10
9.54961e-11
1.03341e-10
9.12646e-11
1.08752e-10
9.66949e-11
1.01284e-10
9.9212e-11
1.04391e-10
1.04134e-10
1.04135e-10
1.00596e-10
1.0593e-10
1.01225e-10
1.07696e-10
1.05225e-10
1.07129e-10
1.0374e-10
9.98499e-11
1.0726e-10
9.55726e-11
1.05444e-10
9.57226e-11
1.03692e-10
1.09046e-10
1.16053e-10
9.43065e-11
1.09685e-10
8.76195e-11
1.00153e-10
9.61957e-11
9.41364e-11
9.33399e-11
9.36744e-11
9.53137e-11
9.33552e-11
9.7068e-11
9.52865e-11
9.60502e-11
9.43051e-11
9.85047e-11
1.08472e-10
9.90289e-11
9.55284e-11
9.45846e-11
1.01647e-10
9.98915e-11
9.90453e-11
1.01614e-10
1.07651e-10
1.002e-10
6.54052e-11
1.00325e-10
1.54801e-10
1.01885e-10
1.11054e-10
9.20346e-11
9.96563e-11
1.04884e-10
1.14029e-10
1.04285e-10
1.05152e-10
9.63846e-11
1.0791e-10
1.02378e-10
1.02039e-10
1.10451e-10
1.00883e-10
1.02063e-10
1.013e-10
9.92418e-11
1.00851e-10
9.94198e-11
1.0493e-10
9.54408e-11
9.84872e-11
1.00066e-10
1.08882e-10
1.02041e-10
9.67807e-11
1.14121e-10
1.01815e-10
3.4336e-10
1.04899e-10
1.12125e-10
1.03898e-10
9.68182e-11
9.8831e-11
9.57964e-11
1.00367e-10
9.0106e-11
9.63259e-11
8.90244e-11
1.01978e-10
1.1089e-10
9.4355e-11
1.0788e-10
1.08688e-10
1.20398e-10
8.89816e-11
9.92228e-11
1.03773e-10
9.57716e-11
9.78145e-11
1.08735e-10
9.35332e-11
9.23776e-11
8.96709e-11
9.6658e-11
1.03359e-10
9.73426e-11
9.85791e-11
1.01938e-10
9.69812e-11
1.01045e-10
1.06886e-10
1.02944e-10
1.03485e-10
2.0437e-10
1.31452e-10
1.6937e-10
0.0125
9.73806e-11
9.68266e-11
1.055e-10
1.03034e-10
9.86323e-11
1.03387e-10
9.30495e-11
9.8712e-11
9.89657e-11
1.03553e-10
9.13339e-11
1.11819e-10
1.03023e-10
1.01938e-10
1.2852e-10
1.08106e-10
9.7637e-11
1.10522e-10
9.79821e-11
1.04003e-10
1.05594e-10
9.98178e-11
8.5304e-11
1.37229e-10
9.35904e-11
1.20953e-10
1.14313e-10
9.86952e-11
9.98699e-11
1e-10
1.04617e-10
9.66878e-11
1.00265e-10
1.04269e-10
9.93563e-11
1.05809e-10
9.21471e-11
9.96454e-11
1.03432e-10
9.62071e-11
9.50076e-11
9.71316e-11
1.08984e-10
1.24899e-10
1.04142e-10
1.05634e-10
1.1617e-10
1.03547e-10
1.04732e-10
1.04403e-10
9.97448e-11
1.04813e-10
1.00668e-10
1.1529e-10
1.06639e-10
1.06563e-10
1.1088e-10
0.00484461
1.08194e-10
1.0138e-10
9.92856e-11
1.02006e-10
1.05215e-10
1.15491e-10
1.06443e-10
1.0897e-10
0.000845246
1.05039e-10
9.71485e-11
1.08786e-10
1.01167e-10
1.00348e-10
9.41988e-11
9.84494e-11
1.03334e-10
1.09611e-10
9.98837e-11
9.36238e-11
1.00432e-10
1.01838e-10
1.08787e-10
9.6115e-11
1.15557e-10
1.07347e-10
1.15752e-10
1.0385e-10
1.01355e-10
9.79428e-11
9.28214e-11
9.47675e-11
9.10004e-11
1.02619e-10
1.04912e-10
1.02549e-10
1.03187e-10
1.02157e-10
1.04443e-10
1.03731e-10
9.22331e-11
1.02491e-10
9.85895e-11
1.06514e-10
1.04892e-10
9.98878e-11
1.05023e-10
1.01855e-10
9.88846e-11
1.04511e-10
9.78077e-11
1.06493e-10
1.11207e-10
9.9792e-11
9.70189e-11
9.9337e-11
9.7253e-11
9.61423e-11
1.01629e-10
9.88539e-11
9.8283e-11
9.5781e-11
9.40338e-11
9.84577e-11
1.04388e-10
9.80252e-11
1.03055e-10
9.51967e-11
9.87768e-11
1.02994e-10
9.81983e-11
9.93717e-11
9.53845e-11
1.03142e-10
1.12427e-10
9.93747e-11
1.02968e-10
1.41283e-10
1.01412e-10
1.07673e-10
1.09157e-10
9.85174e-11
1.05105e-10
9.63674e-11
9.82567e-11
9.72944e-11
9.49354e-11
9.91739e-11
9.78542e-11
1.06292e-10
9.57185e-11
9.6845e-11
1.18074e-10
9.59781e-11
9.9096e-11
9.19514e-11
9.84103e-11
1.00477e-10
1.38303e-10
9.54165e-11
1.76168e-10
9.54266e-11
1.06394e-10
1.14788e-10
9.50287e-11
1.05327e-10
1.02611e-09
9.43782e-11
1.05628e-10
1.00667e-10
1.04654e-10
1.01224e-10
1.06927e-10
9.99769e-11
9.8687e-11
9.14907e-11
1.02077e-10
9.41802e-11
9.89858e-11
9.96687e-11
1.01975e-10
9.46179e-11
9.77607e-11
9.63968e-11
9.96664e-11
1.0007e-10
1.01489e-10
1.02176e-10
9.44789e-11
9.98897e-11
9.70096e-11
9.94899e-11
9.99989e-11
1.00411e-10
9.24228e-11
1.00633e-10
9.58516e-11
9.62007e-11
9.51192e-11
9.2457e-11
1.00145e-10
9.87024e-11
9.58325e-11
9.5207e-11
9.36227e-11
9.35865e-11
1.03258e-10
1.01424e-10
9.96738e-11
1.00924e-10
1.00852e-10
9.99718e-11
1.05712e-10
9.9724e-11
9.57389e-11
8.74366e-11
9.70113e-11
9.86059e-11
9.5265e-11
9.7395e-11
9.0782e-11
9.52988e-11
1.03282e-10
1.02918e-10
9.52274e-11
9.80227e-11
1.01036e-10
1.0177e-10
1.00984e-10
1.0462e-10
1.07848e-10
1.02634e-10
1.02479e-10
1.04788e-10
9.97351e-11
9.42107e-11
9.67749e-11
9.28487e-11
9.76214e-11
9.76391e-11
1.20723e-10
9.45869e-11
9.49758e-11
9.53762e-11
9.97921e-11
9.64886e-11
9.27978e-11
9.41357e-11
1.0782e-10
9.5839e-11
9.55935e-11
1.01075e-10
9.87275e-11
1.041e-10
9.81906e-11
9.89619e-11
9.95429e-11
9.30165e-11
9.79262e-11
9.74878e-11
9.60476e-11
1.00654e-10
9.59797e-11
9.70593e-11
9.74495e-11
9.67764e-11
9.39092e-11
9.66298e-11
8.97018e-11
9.69901e-11
9.31235e-11
9.65897e-11
9.4531e-11
9.15415e-11
1.12737e-10
9.42737e-11
1.01087e-10
9.57354e-11
9.62273e-11
1.66907e-10
9.93055e-11
1.00459e-10
9.82266e-11
9.45887e-11
9.73416e-11
9.90647e-11
1.03722e-10
1.00252e-10
1.02526e-10
9.43415e-11
9.67105e-11
9.78495e-11
9.24852e-11
1.00595e-10
1.06641e-10
1.03349e-10
9.62335e-11
9.99288e-11
1.0167e-10
1.32176e-10
9.97311e-11
9.82568e-11
1.07196e-10
1.1189e-10
9.4305e-11
9.67645e-11
1.0865e-10
9.62905e-11
1.02238e-10
1.01463e-10
9.90908e-11
9.58596e-11
9.54752e-11
9.51174e-11
9.37659e-11
1.07824e-10
9.37012e-11
1.10548e-10
1.13257e-10
9.64435e-11
9.91834e-11
9.497e-11
9.70894e-11
9.25065e-11
9.58739e-11
1.02997e-10
1.04844e-10
9.66761e-11
1.101e-10
9.87954e-11
1.05448e-10
9.98621e-11
1.02241e-10
9.37556e-11
9.68166e-11
9.57113e-11
9.14613e-11
9.78768e-11
1.07931e-10
1.06642e-10
9.93216e-11
9.3611e-11
9.52318e-11
9.88144e-11
9.68247e-11
9.68503e-11
9.29259e-11
1.07392e-10
9.65292e-11
9.6277e-11
9.68931e-11
9.00408e-11
1.01175e-10
9.41643e-11
9.81652e-11
9.66187e-11
9.87632e-11
9.56987e-11
1.44649e-10
9.9877e-11
9.65512e-11
9.5972e-11
1.01398e-10
9.50972e-11
1.14223e-10
9.41518e-11
9.33773e-11
9.47194e-11
9.41749e-11
1.04711e-10
9.31671e-11
9.06607e-11
9.29055e-11
9.15947e-11
9.78853e-11
1.0467e-10
9.99422e-11
1.05889e-10
1.01085e-10
9.7387e-11
1.00799e-10
1.02352e-10
9.80622e-11
9.80805e-11
9.99083e-11
9.95139e-11
9.59725e-11
1.06552e-10
1.07289e-10
1.0353e-10
9.28316e-11
1.04931e-10
1.06897e-10
1.09697e-10
1.03973e-10
9.37521e-11
9.45332e-11
1.05811e-10
9.10206e-11
9.49171e-11
9.68552e-11
9.59633e-11
9.29648e-11
9.76927e-11
1.0744e-10
9.47589e-11
9.53054e-11
9.87691e-11
9.43775e-11
9.3303e-11
9.40937e-11
9.27652e-11
9.49407e-11
9.48335e-11
1.10463e-10
9.84932e-11
9.67999e-11
1.04251e-10
9.55144e-11
1.07223e-10
9.65353e-11
9.76598e-11
9.90957e-11
9.91055e-11
1.00186e-10
1.00152e-10
9.51294e-11
1.02564e-10
1.01305e-10
9.97082e-11
1.00259e-10
1.01794e-10
1.00603e-10
9.0894e-11
1.23875e-10
9.89911e-11
9.98384e-11
9.98732e-11
9.99617e-11
1.00515e-10
9.64995e-11
1e-10
1.01294e-10
1.04113e-10
1.0342e-10
1.0552e-10
9.94119e-11
1.23568e-10
9.44647e-11
9.9156e-11
7.15498e-11
9.88149e-11
9.63477e-11
8.88032e-11
8.97531e-11
1.16497e-10
1.58778e-10
9.95939e-11
1.00248e-10
9.61803e-11
8.71765e-11
1.00161e-10
9.77553e-11
9.32995e-11
9.56013e-11
9.45947e-11
8.86091e-11
1.06104e-10
9.28227e-11
1.03023e-10
1.06791e-10
1.08042e-10
9.40389e-11
1.08551e-10
1.06539e-10
9.33844e-11
9.41765e-11
8.97112e-11
9.14833e-11
8.97674e-11
9.54871e-11
9.69949e-11
9.20855e-11
1.0192e-10
1.19447e-10
1.06177e-10
1.07826e-10
9.45917e-11
9.75086e-11
9.94361e-11
9.99885e-11
9.47103e-11
9.73999e-11
9.9045e-11
1.02194e-10
1.00154e-10
1.00175e-10
1.0014e-10
9.79802e-11
9.91765e-11
9.99645e-11
1.08562e-10
9.81831e-11
9.47121e-11
1.0041e-10
9.95911e-11
1.00609e-10
9.99781e-11
1.04471e-10
1.00082e-10
1.00927e-10
9.99906e-11
1.00351e-10
9.77508e-11
9.64631e-11
9.97951e-11
1e-10
9.89547e-11
9.99603e-11
9.40173e-11
9.67612e-11
1e-10
9.47163e-11
9.76943e-11
9.79713e-11
9.98852e-11
9.91881e-11
1.05182e-10
9.96932e-11
9.89457e-11
9.95754e-11
9.96117e-11
9.75311e-11
9.39478e-11
1.09403e-10
1.07974e-10
1.00311e-10
1.05189e-10
1.06613e-10
1e-10
9.88306e-11
9.87784e-11
9.86583e-11
9.96416e-11
1.00665e-10
9.21944e-11
9.35642e-11
9.96619e-11
9.95696e-11
9.72196e-11
1.0236e-10
9.70309e-11
9.89645e-11
1.00471e-10
1.00766e-10
1e-10
9.97729e-11
1.03463e-10
9.55798e-11
9.42419e-11
1.01249e-10
9.85276e-11
1.02489e-10
9.54283e-11
7.72487e-11
9.74094e-11
9.95263e-11
9.96401e-11
9.84589e-11
9.98016e-11
1.06548e-10
1.00167e-10
1.07225e-10
1.00075e-10
9.71935e-11
1.14935e-10
1.16455e-10
9.55627e-11
1.01123e-10
9.89587e-11
1.13773e-10
1.06173e-10
9.70793e-11
1e-10
9.59392e-11
9.81009e-11
9.73465e-11
9.60817e-11
9.83914e-11
9.79105e-11
1.00054e-10
1.01795e-10
9.34435e-11
9.6432e-11
9.8631e-11
9.88547e-11
9.88815e-11
1.12081e-10
9.95598e-11
9.79878e-11
1.00043e-10
1.00809e-10
9.76083e-11
1.04202e-10
1.0681e-10
9.05848e-11
9.32906e-11
1.00119e-10
9.7119e-11
1.0926e-10
9.87148e-11
9.40651e-11
1.18134e-10
9.98195e-11
9.67289e-11
1.12241e-10
9.98592e-11
9.74737e-11
1.0018e-10
9.89663e-11
9.85646e-11
9.97904e-11
9.99378e-11
9.99204e-11
1.13698e-10
9.76349e-11
9.1554e-11
1.04694e-10
9.38036e-11
1e-10
1.18441e-10
9.96935e-11
1e-10
1.12419e-10
1.14145e-10
1.00244e-10
1.01175e-10
1.47507e-10
9.07701e-11
9.99504e-11
9.83846e-11
9.76603e-11
9.46766e-11
1.09431e-10
1.00357e-10
9.77503e-11
1.05543e-10
9.96635e-11
1.0152e-10
9.91083e-11
1.00809e-10
1.00295e-10
1.0008e-10
9.89619e-11
9.81326e-11
1.06226e-10
1.00124e-10
9.93987e-11
1.06949e-10
1.00358e-10
9.90308e-11
1.00163e-10
9.92271e-11
9.92613e-11
1.09992e-10
9.85242e-11
9.55643e-11
1.1127e-10
9.8744e-11
9.61967e-11
1.09944e-10
9.69573e-11
1.12608e-10
1.05846e-10
1.0788e-10
9.43908e-11
9.81067e-11
1.10644e-10
1.00078e-10
9.34198e-11
9.97741e-11
9.28251e-11
1.00652e-10
9.4894e-11
9.14161e-11
9.30176e-11
9.85863e-11
9.71263e-11
1.05558e-10
9.68018e-11
9.99571e-11
9.93576e-11
9.89387e-11
9.67953e-11
9.84356e-11
9.80233e-11
9.88867e-11
9.87041e-11
9.74422e-11
1.09711e-10
9.86263e-11
9.68276e-11
1.13043e-10
9.96799e-11
9.93879e-11
1.0504e-10
1.09287e-10
9.92728e-11
1.00311e-10
9.19421e-11
8.79968e-11
9.38321e-11
9.41415e-11
9.97473e-11
1.01566e-10
1.06669e-10
9.83777e-11
9.66148e-11
1.09199e-10
1.16287e-10
9.49686e-11
9.56775e-11
9.55551e-11
9.55315e-11
1.13282e-10
9.71868e-11
9.82617e-11
9.68692e-11
1.14416e-10
9.65776e-11
1.00201e-10
1.03958e-10
1.09219e-10
1.02278e-10
9.93305e-11
9.99343e-11
9.98461e-11
9.94076e-11
9.73698e-11
1.05995e-10
1.00205e-10
9.9219e-11
1.04368e-10
1.00449e-10
9.86075e-11
1.11637e-10
1.01917e-10
1.00236e-10
9.98089e-11
1.10222e-10
1e-10
9.68993e-11
1.08999e-10
9.73861e-11
1.10175e-10
9.91424e-11
9.64775e-11
9.61856e-11
9.85089e-11
9.52469e-11
9.64809e-11
9.84153e-11
1.00908e-10
9.95185e-11
1.00152e-10
1e-10
9.82197e-11
9.93786e-11
9.74819e-11
1.03783e-10
9.65582e-11
1.04354e-10
1.05434e-10
1.05188e-10
9.55322e-11
1.01521e-10
8.51072e-11
9.93854e-11
1.12291e-10
1.12794e-10
1.20225e-10
1.05042e-10
1.15336e-10
1.03234e-10
1.03762e-10
1.18007e-10
1.06367e-10
1.08688e-10
1.02324e-10
1.05658e-10
1.07067e-10
0.092117
0.0706637
9.78737e-11
9.46947e-11
0.0860324
9.34444e-11
1.17661e-10
1.02619e-10
0.00485084
1.02676e-10
0.00488672
0.247251
9.36477e-11
1.00437e-10
9.78757e-11
1.00601e-10
0.0785019
9.60149e-11
0.0139803
9.92609e-11
1.09701e-10
1.03752e-10
1.0974e-10
1.05824e-10
1.19387e-10
1.07478e-10
9.92978e-11
1.06814e-10
1.01543e-10
1.0624e-10
1.04129e-10
9.88488e-11
9.2692e-11
9.79387e-11
9.9319e-11
0.0462225
9.45827e-11
1.03952e-10
9.55184e-11
9.82206e-11
1.0816e-10
9.8998e-11
1.0641e-10
0.000698558
1.03464e-10
1.05146e-10
2.41974e-10
1.01186e-10
9.72626e-11
1.02821e-10
1.00427e-10
1.14746e-10
1.04156e-10
1.01045e-10
1.12189e-10
1.12039e-10
9.86527e-11
1.04249e-10
1.12619e-10
1.37766e-10
1.00162e-10
1.03438e-10
1.01206e-10
9.60268e-11
1.00824e-10
9.89931e-11
1.07034e-10
9.77698e-11
1.01617e-10
1.00746e-10
1.02225e-10
9.97785e-11
9.88232e-11
9.81867e-11
9.84847e-11
9.63776e-11
0.0420565
0.0181175
9.75833e-11
1.00119e-10
1.00239e-10
1.00023e-10
1e-10
9.5281e-11
1.01428e-10
9.99545e-11
1.00362e-10
1.00017e-10
1.01966e-10
1.01017e-10
1.01615e-10
9.99005e-11
1.00368e-10
9.89772e-11
9.87992e-11
9.95194e-11
9.99635e-11
1.00027e-10
1.00004e-10
9.96988e-11
1.00945e-10
9.99992e-11
9.99642e-11
1.00108e-10
9.86682e-11
1.00874e-10
1.00394e-10
9.92587e-11
1.00841e-10
1.04223e-10
1.02392e-10
1.00053e-10
1.02112e-10
1.01381e-10
1.00683e-10
1.00654e-10
1.00229e-10
9.96591e-11
1.00542e-10
1.02917e-10
9.85569e-11
1.00758e-10
1.01367e-10
1.12374e-10
1.00423e-10
1.01673e-10
1.00646e-10
9.86864e-11
1.00738e-10
9.99668e-11
1.00049e-10
1.00601e-10
1.0008e-10
1.0133e-10
1.0104e-10
1.00817e-10
1.00372e-10
1.00037e-10
1.02557e-10
1.00382e-10
9.93019e-11
1.00126e-10
9.99531e-11
1.02524e-10
1.00545e-10
1.01524e-10
1e-10
1.02527e-10
1.00004e-10
9.99788e-11
1.00248e-10
1.00023e-10
1.02223e-10
1.00138e-10
1.00931e-10
9.65306e-11
1.00968e-10
1.00436e-10
1.02034e-10
1.00391e-10
1.0001e-10
1e-10
1.00477e-10
1.00006e-10
1.00818e-10
1.00252e-10
1.00249e-10
1.00016e-10
1.00196e-10
1e-10
1.00298e-10
1.00134e-10
1.00838e-10
9.97625e-11
1.00008e-10
1.05169e-10
1.00724e-10
1e-10
1.00473e-10
9.99787e-11
9.95894e-11
9.96993e-11
1.02271e-10
1.02155e-10
9.99538e-11
1.00722e-10
1.00336e-10
1.00622e-10
1.00314e-10
1.07313e-10
1.00357e-10
1.00175e-10
1.00041e-10
9.97205e-11
9.94855e-11
1.00151e-10
9.99822e-11
1.01291e-10
9.99038e-11
9.99961e-11
9.82787e-11
9.99771e-11
1.08922e-10
1.00373e-10
1.00522e-10
1.00397e-10
1.01949e-10
1.00194e-10
1.02115e-10
1.00156e-10
1.00108e-10
1.00094e-10
1.00083e-10
1.00015e-10
9.96878e-11
1.00065e-10
1.02956e-10
1.08955e-10
9.64922e-11
1.06577e-10
1.03635e-10
9.96766e-11
1.02998e-10
1.05378e-10
9.84282e-11
1.00921e-10
9.92927e-11
1.03985e-10
1.09751e-10
1.08047e-10
9.88091e-11
1.04371e-10
1.00699e-10
1.03831e-10
1.08758e-10
9.77736e-11
9.93737e-11
1.00215e-10
9.97611e-11
9.76338e-11
9.98409e-11
9.75728e-11
9.92308e-11
9.94037e-11
1.00141e-10
9.79394e-11
9.96492e-11
9.41098e-11
9.68964e-11
9.4805e-11
9.24048e-11
9.41791e-11
9.16107e-11
1.01453e-10
9.16054e-11
9.16057e-11
9.30781e-11
9.47316e-11
9.85523e-11
9.4567e-11
9.52428e-11
9.21169e-11
9.49025e-11
1.0214e-10
1.03691e-10
1.01679e-10
1.08303e-10
9.03582e-11
9.79884e-11
9.03949e-11
9.91423e-11
1.17781e-10
8.74012e-11
1.02788e-10
1.07869e-10
9.98756e-11
1.00162e-10
1.48509e-10
1.01551e-10
9.47281e-11
1.10019e-10
1.01023e-10
9.04779e-11
1.02671e-10
1.03749e-10
1.0162e-10
9.91475e-11
1.01885e-10
9.993e-11
1.00424e-10
1.00632e-10
1.04653e-10
1.04406e-10
1.0649e-10
1.02964e-10
1.13065e-10
1.02127e-10
7.00207e-11
1.50945e-10
9.89197e-11
9.97132e-11
1.02194e-10
1.0191e-10
1.08024e-10
2.09134e-10
9.87902e-11
9.8579e-11
1.04391e-10
1.06583e-10
1.02247e-10
9.17787e-11
9.68399e-11
9.6425e-11
1.12684e-10
1.1101e-10
1.02698e-10
1.06717e-10
9.72132e-11
9.79623e-11
9.90134e-11
9.98937e-11
9.46578e-11
8.3399e-11
9.51485e-11
1.09162e-10
1.00196e-10
9.96134e-11
1.00066e-10
9.85102e-11
1.00561e-10
9.92277e-11
1e-10
9.72248e-11
1.01395e-10
8.18458e-11
7.08427e-11
9.866e-11
1.0138e-10
9.54149e-11
1.04541e-10
1.01082e-10
9.74182e-11
1.0748e-10
9.99657e-11
9.60879e-11
9.88887e-11
1.08891e-10
1.02573e-10
1.04655e-10
1.03285e-10
1.76232e-10
1.07255e-10
9.13676e-11
1.01064e-10
9.89221e-11
9.56989e-11
9.42756e-11
1.021e-10
1.04017e-10
9.33669e-11
9.23872e-11
1.0291e-10
1.03447e-10
1.11512e-10
1.03653e-10
1.03393e-10
9.48683e-11
9.47376e-11
9.0066e-11
9.78945e-11
1.05006e-10
8.08734e-11
9.32423e-11
7.94637e-11
1.74807e-10
1.0096e-10
9.71901e-11
9.17921e-11
1.19093e-10
1.08278e-10
1.04491e-10
1.03591e-10
1.03452e-10
9.64506e-11
1.08885e-10
9.48648e-11
1.01196e-10
1.05289e-10
1.07412e-10
1.03645e-10
1.05657e-10
1.03802e-10
9.76246e-11
1.08272e-10
1.08673e-10
9.86556e-11
1.03942e-10
1.05792e-10
1.19343e-10
9.54526e-11
9.83522e-11
9.50078e-11
9.73132e-11
9.64117e-11
1.04295e-10
9.48365e-11
9.4996e-11
9.13389e-11
9.35228e-11
1.06126e-10
1.08706e-10
1.10588e-10
9.5154e-11
9.67026e-11
9.82157e-11
9.78497e-11
9.57491e-11
9.64884e-11
9.47232e-11
1.04001e-10
1.08935e-10
1.04633e-10
1.07135e-10
1.0772e-10
1.09088e-10
1.04778e-10
9.70638e-11
9.42999e-11
1.0821e-10
9.57167e-11
9.58077e-11
9.71422e-11
9.87126e-11
9.73918e-11
9.20206e-11
7.72391e-11
1.05092e-10
9.30871e-11
7.80233e-11
1.82135e-10
1.42156e-10
9.63361e-11
9.92284e-11
1.09286e-10
1.00588e-10
9.99753e-11
1.25757e-10
9.63503e-11
9.13672e-11
9.77309e-11
9.33466e-11
1.04757e-10
9.47641e-11
1.0424e-10
9.13459e-11
9.49551e-11
9.20288e-11
9.21747e-11
1.05608e-10
7.80421e-11
1.07671e-10
1.19301e-10
8.62313e-11
1.15438e-10
0.000934673
2.8317e-10
9.90255e-11
9.59945e-11
1.02512e-10
1.01651e-10
1.13985e-10
9.11963e-11
1.01854e-10
8.68201e-11
9.96296e-11
1.03502e-10
1.00962e-10
1.0314e-10
1.0185e-10
9.44698e-11
9.88234e-11
9.25666e-11
1.06809e-10
9.56812e-11
1.03028e-10
1.3576e-10
8.97294e-11
9.73549e-11
9.7021e-11
1.69164e-10
7.75589e-11
1.05345e-10
1.02992e-10
9.83072e-11
9.84334e-11
1.01637e-10
1.07873e-10
1.10115e-10
1.0303e-10
1.01404e-10
9.75599e-11
9.98392e-11
9.85578e-11
1.26932e-10
9.98764e-11
1.03746e-10
1.12464e-10
9.90807e-11
1.03152e-10
9.85389e-11
9.79642e-11
5.75674e-11
9.44972e-11
9.96305e-11
1.01091e-10
1.15323e-10
1.00318e-10
1.03218e-10
1.07574e-10
1.05699e-10
9.93719e-11
9.79832e-11
1.06604e-10
1.04909e-10
9.59379e-11
9.88524e-11
1.48504e-10
1.08705e-10
9.73836e-11
9.87332e-11
9.97962e-11
1.06096e-10
1.00227e-10
1.07113e-10
9.28356e-11
1.00759e-10
9.90879e-11
9.35272e-11
1.02541e-10
1.07516e-10
9.93966e-11
9.86365e-11
1.0383e-10
1.15054e-10
9.56597e-11
9.97783e-11
9.97687e-11
9.95083e-11
1.01889e-10
9.72204e-11
1.03106e-10
1.00874e-10
1.00645e-10
9.50363e-11
1.03135e-10
9.21145e-11
1.02084e-10
1.07126e-10
1.10261e-10
1.03223e-10
1.13925e-10
9.97726e-11
1.00103e-10
1e-10
1.04337e-10
1.45392e-10
9.86504e-11
9.93267e-11
8.58312e-11
1.00349e-10
8.40078e-11
9.92007e-11
9.87275e-11
8.16015e-11
9.45871e-11
9.24524e-11
9.07678e-11
9.65125e-11
9.29224e-11
9.70823e-11
9.76383e-11
1.05109e-10
9.82474e-11
9.46024e-11
1.15025e-10
8.9671e-11
8.67859e-11
1.11007e-10
1.06991e-10
9.94566e-11
1.05073e-10
1.05342e-10
1.01556e-10
1.09118e-10
1.00915e-10
9.60499e-11
1.0563e-10
1.08799e-10
1.02644e-10
9.5877e-11
1.00317e-10
1.03185e-10
1.14262e-10
1.10056e-10
9.69106e-11
1.13592e-10
1.03641e-10
1.06319e-10
1.02277e-10
9.99102e-11
8.8369e-11
1.14076e-10
1.14601e-10
1.18102e-10
8.69579e-11
9.97445e-11
9.54471e-11
1.34028e-10
1.3221e-10
1.00337e-10
1.215e-10
0.025
6.32702e-11
9.93576e-11
1.00805e-10
9.70138e-11
0.0125
7.9335e-11
1.11672e-10
1.03902e-10
9.55397e-11
1.05014e-10
9.84757e-11
9.33394e-11
1.02607e-10
1.1415e-10
9.8653e-11
1.11684e-10
1.04956e-10
1.05658e-10
1.13302e-10
1.1148e-10
1.07701e-10
8.60973e-11
9.91313e-11
1.01021e-10
7.58692e-11
8.81299e-11
8.35119e-11
9.63741e-11
9.4398e-11
1.00758e-10
9.02324e-11
1.0221e-10
9.51593e-11
1.10277e-10
1.09473e-10
9.20146e-11
9.23734e-11
1.02637e-10
1.0434e-10
9.36002e-11
9.25905e-11
1.0399e-10
1.04245e-10
1.12951e-10
9.95885e-11
9.89767e-11
9.3668e-11
9.61774e-11
1.00725e-10
1e-10
1.00227e-10
9.99922e-11
9.96066e-11
9.87568e-11
1.02294e-10
1.12958e-10
1.1128e-10
1.11901e-10
1.0966e-10
9.07362e-11
9.83116e-11
1.31569e-10
9.19895e-11
9.37843e-11
9.75553e-11
9.8368e-11
1.04985e-10
9.71305e-11
9.15932e-11
9.73937e-11
1.00351e-10
1.01559e-10
1.06608e-10
9.1582e-11
1.10583e-10
9.90918e-11
9.72733e-11
9.50607e-11
2.12666e-10
9.95885e-11
1.05074e-10
9.79768e-11
9.94362e-11
9.79665e-11
9.84273e-11
9.79941e-11
1.07281e-10
1.00438e-10
9.84163e-11
1.04012e-10
9.54127e-11
1.0755e-10
1.04766e-10
9.76165e-11
9.98639e-11
9.70173e-11
1.06102e-10
9.74388e-11
1.06078e-10
9.96138e-11
1.05869e-10
9.94568e-11
9.80109e-11
1.03324e-10
9.69686e-11
1.02866e-10
9.97699e-11
9.14678e-11
1.06992e-10
1.00186e-10
1.01264e-10
9.84883e-11
1.16973e-10
9.69562e-11
1.07042e-10
9.26124e-11
1.01242e-10
1.00841e-10
1.0426e-10
8.70121e-11
1.42799e-10
9.70807e-11
1.00285e-10
1.01653e-10
1.00997e-10
1.05608e-10
1.01406e-10
1.03735e-10
1.00489e-10
9.98696e-11
9.71382e-11
2.72839e-10
9.11563e-11
1.01151e-10
1.00087e-10
0.0125
1.12724e-10
1.15547e-10
8.40372e-11
8.13151e-11
1.61393e-10
9.95215e-11
1.02962e-10
9.97979e-11
1.03547e-10
1.0687e-10
1.10319e-10
9.36578e-11
9.81443e-11
1e-10
1.02672e-10
1.0041e-10
1.00802e-10
1.04395e-10
1.05177e-10
1.01544e-10
1e-10
1.00001e-10
1.00664e-10
1.01196e-10
9.80084e-11
1.04565e-10
1.02823e-10
1.02526e-10
1.00064e-10
1.02735e-10
1.02606e-10
9.40947e-11
9.81009e-11
9.95028e-11
1e-10
1.00228e-10
9.79864e-11
9.82352e-11
1.02712e-10
9.85959e-11
1.008e-10
1.00095e-10
1.02885e-10
1.07803e-10
1.02103e-10
1.04605e-10
1.00399e-10
9.97968e-11
1.004e-10
1.00242e-10
9.95455e-11
1.0196e-10
1.04489e-10
1.14179e-10
9.54263e-11
9.82473e-11
1.0077e-10
9.8201e-11
1.01765e-10
1.0369e-10
1.01668e-10
9.53655e-11
1.01366e-10
9.60423e-11
1.00745e-10
1.01071e-10
1.00572e-10
9.8794e-11
1.00187e-10
1e-10
1.03468e-10
1.02927e-10
9.907e-11
1.02323e-10
1.00059e-10
9.99367e-11
9.91434e-11
1.00366e-10
9.98203e-11
1.00174e-10
1e-10
1e-10
9.98707e-11
1.00239e-10
9.99754e-11
9.63564e-11
7.57613e-11
1e-10
1e-10
1e-10
1.00859e-10
9.81625e-11
9.97791e-11
9.58374e-11
1e-10
9.8674e-11
9.95322e-11
9.98507e-11
1.00899e-10
1e-10
9.95235e-11
1.00879e-10
9.78463e-11
9.82099e-11
1.06701e-10
9.90624e-11
9.65961e-11
1.00692e-10
9.40132e-11
1.05946e-10
9.99432e-11
9.98727e-11
9.66348e-11
9.75714e-11
1.01147e-10
1.01022e-10
1e-10
9.94633e-11
9.87811e-11
1.03539e-10
9.61643e-11
1e-10
9.88179e-11
9.85877e-11
9.58025e-11
9.97625e-11
9.96148e-11
9.97769e-11
1e-10
8.21243e-11
8.38739e-11
1.0097e-10
1.01379e-10
1.02122e-10
9.65715e-11
1.01095e-10
1.003e-10
9.8145e-11
9.69133e-11
9.71382e-11
1.00256e-10
1.0074e-10
9.79253e-11
1.0188e-10
9.99578e-11
1.00581e-10
9.64736e-11
9.79624e-11
9.6558e-11
1.54495e-10
9.78153e-11
9.9018e-11
9.77224e-11
9.97465e-11
1.00114e-10
9.67524e-11
9.72973e-11
1.00949e-10
9.84571e-11
9.83451e-11
1.00341e-10
1.01117e-10
9.65448e-11
1.00834e-10
1.06383e-10
1.0534e-10
1.0691e-10
8.86022e-11
1.06886e-10
9.35014e-11
9.6005e-11
9.98767e-11
1.0656e-10
9.03812e-11
1.01655e-10
1.09345e-10
1.01001e-10
1.12048e-10
1.00041e-10
9.44002e-11
1.03639e-10
9.79496e-11
1.0883e-10
1.04729e-10
1.04059e-10
1.02662e-10
9.43834e-11
1.07488e-10
1.07396e-10
9.89764e-11
9.72463e-11
9.95393e-11
1.14983e-10
9.77659e-11
1.01245e-10
1e-10
9.87176e-11
9.98812e-11
9.75612e-11
1.08673e-10
9.88106e-11
9.45359e-11
1.02178e-10
9.62805e-11
1.02028e-10
1.14545e-10
1.02195e-10
9.5026e-11
1.11016e-10
9.84668e-11
9.5794e-11
9.79166e-11
9.8615e-11
9.86882e-11
9.8032e-11
9.97295e-11
9.90606e-11
9.79751e-11
1.01919e-10
1.01707e-10
9.85327e-11
1.06075e-10
1.02993e-10
9.67062e-11
9.63934e-11
9.49577e-11
9.84135e-11
1.00507e-10
9.98467e-11
9.99469e-11
9.90532e-11
1.00086e-10
9.94239e-11
1.00438e-10
9.99917e-11
1.07255e-10
1.04538e-10
1.00226e-10
1.16492e-10
1.02123e-10
1.01792e-10
8.95668e-11
9.66303e-11
9.91488e-11
9.78251e-11
1.03767e-10
9.93767e-11
9.83297e-11
9.92853e-11
1.04522e-10
9.77386e-11
1.02323e-10
1.08954e-10
1.0066e-10
1.01195e-10
9.67556e-11
1.11791e-10
9.81113e-11
9.90946e-11
1.01349e-10
9.71077e-11
1.05905e-10
9.9691e-11
1.03146e-10
9.93389e-11
9.86601e-11
1e-10
9.61915e-11
9.89787e-11
9.7313e-11
9.92937e-11
1.0371e-10
1.00478e-10
9.68823e-11
9.86121e-11
1.0264e-10
9.66892e-11
1.03185e-10
1.00601e-10
1.02211e-10
1.01175e-10
9.89597e-11
9.99976e-11
1.03955e-10
1.01351e-10
9.87517e-11
9.95118e-11
1.06555e-10
9.87653e-11
1.0143e-10
1.07652e-10
1.02767e-10
9.94409e-11
1.07908e-10
1.02992e-10
9.93752e-11
1.00508e-10
1.03628e-10
9.94164e-11
1.05764e-10
9.84573e-11
1.00999e-10
9.78175e-11
9.77435e-11
1.00357e-10
9.50293e-11
1.01866e-10
9.95382e-11
9.65431e-11
9.80021e-11
9.85264e-11
9.92274e-11
1.0002e-10
9.78699e-11
1.01317e-10
9.90541e-11
9.91999e-11
1.02366e-10
1.0124e-10
9.86702e-11
1.29107e-10
1.00401e-10
1.01959e-10
1.04659e-10
9.74564e-11
9.83702e-11
9.90274e-11
9.87203e-11
9.99487e-11
9.99476e-11
1.01134e-10
9.65131e-11
9.82731e-11
1.00435e-10
1.02817e-10
9.57308e-11
9.97534e-11
9.97722e-11
1.01653e-10
1.07444e-10
9.88012e-11
1.0164e-10
1.00865e-10
9.67663e-11
1.03101e-10
9.96524e-11
1.052e-10
1.04511e-10
9.62684e-11
1.00123e-10
9.86437e-11
9.64565e-11
1.00427e-10
9.9305e-11
1.03059e-10
1.00901e-10
1.07027e-10
1.01702e-10
1.00853e-10
1.03103e-10
9.97486e-11
1.00883e-10
1.09797e-10
9.7552e-11
1.02869e-10
9.75016e-11
1.07142e-10
1.03742e-10
1.023e-10
1.02385e-10
1.06214e-10
9.98253e-11
1.01965e-10
9.94546e-11
9.67805e-11
1.0005e-10
1.03919e-10
9.86057e-11
9.95543e-11
1.00246e-10
9.9082e-11
9.87716e-11
1.07014e-10
1.02947e-10
9.95559e-11
1.07309e-10
1.01435e-10
9.83566e-11
9.8678e-11
1.03215e-10
1.03224e-10
9.8533e-11
1.0437e-10
1.33721e-10
1.06395e-10
1.01824e-10
9.69514e-11
9.98629e-11
1.00979e-10
9.53445e-11
9.97073e-11
1.00076e-10
1.00235e-10
9.97457e-11
1.02037e-10
9.87663e-11
9.73562e-11
1.0355e-10
1.0812e-10
1.05256e-10
9.86757e-11
9.67869e-11
9.96606e-11
9.80942e-11
9.94508e-11
9.85009e-11
9.6884e-11
9.46516e-11
9.77248e-11
1.07545e-10
9.73069e-11
9.17227e-11
1.05576e-10
1.12793e-10
9.69536e-11
9.46695e-11
9.89731e-11
1.07276e-10
1.00385e-10
1.00012e-10
1.12576e-10
9.58392e-11
1.073e-10
1.00178e-10
1.02533e-10
1.00938e-10
1.00996e-10
1.01429e-10
9.86177e-11
1.01544e-10
9.98997e-11
1.03499e-10
1.06175e-10
9.69123e-11
9.7403e-11
9.77309e-11
1.03474e-10
9.93745e-11
1.07949e-10
1.06065e-10
1.05674e-10
1.05975e-10
1.04529e-10
9.80299e-11
9.97794e-11
9.50658e-11
1.0962e-10
1.04607e-10
1.01571e-10
9.49333e-11
1.0585e-10
1.01407e-10
1.049e-10
1.0405e-10
1.06252e-10
1.01179e-10
1.01696e-10
8.60427e-11
1.05005e-10
9.82596e-11
1.00063e-10
9.90535e-11
1.00387e-10
1.02278e-10
9.93812e-11
1.00624e-10
9.96367e-11
9.69145e-11
1.04351e-10
1.01839e-10
9.95859e-11
9.85503e-11
1.00337e-10
1.05629e-10
9.9243e-11
1.00832e-10
9.82106e-11
1.05936e-10
1.0006e-10
1.00392e-10
1.04898e-10
1.00094e-10
9.92621e-11
1.00007e-10
9.85723e-11
9.79621e-11
9.97494e-11
9.86381e-11
1e-10
1.0029e-10
1.00109e-10
9.87315e-11
9.83415e-11
1.03059e-10
1.10379e-10
9.87972e-11
9.81037e-11
9.75607e-11
1.08181e-10
9.84923e-11
9.90697e-11
1.01261e-10
1.02288e-10
9.83754e-11
9.63873e-11
9.92682e-11
9.90569e-11
1.01014e-10
9.96603e-11
1.03766e-10
1.03344e-10
1.11764e-10
1.03761e-10
1.00894e-10
1.00552e-10
9.93565e-11
1.01153e-10
1.00094e-10
9.79386e-11
1.01031e-10
9.65174e-11
9.96851e-11
1.00586e-10
9.96405e-11
9.92613e-11
9.78805e-11
9.9989e-11
9.97649e-11
1.0035e-10
9.96562e-11
1.0036e-10
1.00175e-10
9.56684e-11
9.98731e-11
1.0066e-10
9.96986e-11
9.95531e-11
1.01096e-10
1.00019e-10
1.00556e-10
9.99676e-11
9.81468e-11
9.96729e-11
9.97676e-11
9.97508e-11
1.01178e-10
1.01472e-10
9.93215e-11
9.3461e-11
1.0714e-10
1.39466e-10
9.98115e-11
9.65843e-11
1.37213e-10
1e-10
1.02896e-10
1.00032e-10
9.97798e-11
1.0244e-10
9.95136e-11
9.99738e-11
9.96237e-11
1.00106e-10
1.01235e-10
9.93448e-11
1.00116e-10
1.00244e-10
1.02147e-10
1.01928e-10
9.99717e-11
9.97038e-11
1.00105e-10
9.99238e-11
1.00343e-10
9.97911e-11
9.88624e-11
9.95284e-11
1.02241e-10
9.93836e-11
1.00791e-10
9.99362e-11
9.98778e-11
1.00574e-10
1.00106e-10
9.99007e-11
9.98162e-11
9.99604e-11
9.65809e-11
1.022e-10
1.00283e-10
1.00003e-10
1.00084e-10
1.05099e-10
1.00044e-10
9.78603e-11
1.00521e-10
9.81828e-11
9.93314e-11
1.29735e-10
9.93589e-11
9.93653e-11
9.99074e-11
1.00985e-10
9.98429e-11
9.98415e-11
9.97778e-11
9.98129e-11
9.86762e-11
1.02774e-10
9.95913e-11
9.7694e-11
9.80827e-11
1.00008e-10
9.97667e-11
9.94936e-11
1.02502e-10
1.0315e-10
1.01512e-10
1.06439e-10
9.89482e-11
1.00119e-10
1.02319e-10
1.00015e-10
9.97467e-11
1.0318e-10
1.00552e-10
9.94075e-11
9.89674e-11
1.00657e-10
1.00235e-10
9.77273e-11
9.99571e-11
9.942e-11
9.94791e-11
9.90972e-11
1.0131e-10
9.78377e-11
1.01123e-10
1.00045e-10
9.97343e-11
9.99649e-11
1.00933e-10
9.9712e-11
9.98843e-11
9.97922e-11
1.02365e-10
9.9815e-11
1.00147e-10
9.98638e-11
9.7882e-11
9.97236e-11
9.98505e-11
1.00242e-10
9.91597e-11
1.00414e-10
9.84605e-11
1.00037e-10
1.00112e-10
9.95556e-11
9.95724e-11
1.00172e-10
9.63808e-11
9.97316e-11
9.95958e-11
1.01265e-10
9.98797e-11
9.98508e-11
9.88189e-11
1.00014e-10
9.99756e-11
9.9444e-11
1.00175e-10
9.9329e-11
1e-10
1.18294e-10
9.99135e-11
9.99121e-11
1.20616e-10
1.00078e-10
1.00112e-10
9.97093e-11
9.96523e-11
9.9143e-11
9.97856e-11
9.95455e-11
1.00099e-10
9.84346e-11
1.00501e-10
9.96617e-11
9.97345e-11
9.99635e-11
1.00182e-10
1e-10
9.98812e-11
9.7337e-11
1.09919e-10
1.00038e-10
9.98916e-11
1.00768e-10
1.01709e-10
9.98563e-11
1.10209e-10
1.00019e-10
1.00254e-10
9.97604e-11
1.00072e-10
9.98365e-11
9.99855e-11
1.00006e-10
1.01059e-10
1.00165e-10
1.00427e-10
1.00068e-10
1.0001e-10
9.98157e-11
1.00124e-10
9.88375e-11
9.99062e-11
1.00039e-10
1.12047e-10
1.0086e-10
1.00802e-10
1.00279e-10
1.00252e-10
1.00255e-10
1.00062e-10
9.98367e-11
1.06433e-10
1.01201e-10
1.00036e-10
1.02351e-10
9.84545e-11
9.95798e-11
9.97548e-11
9.94275e-11
9.95653e-11
1.00162e-10
9.95273e-11
1.00006e-10
9.74869e-11
1.00001e-10
1.00896e-10
1.01533e-10
9.97658e-11
9.77483e-11
9.94513e-11
1.00086e-10
1.00154e-10
1.0034e-10
1.00442e-10
1.00352e-10
9.98129e-11
1.00114e-10
1.00199e-10
1.01533e-10
1.00048e-10
1.08512e-10
1.00223e-10
9.99043e-11
1.00368e-10
1.00171e-10
1.00644e-10
1.03741e-10
9.98952e-11
1.14465e-10
1.0834e-10
1.08478e-10
1.00082e-10
1.03384e-10
9.99937e-11
1.00229e-10
9.99278e-11
1.0017e-10
9.97862e-11
1.00131e-10
9.95514e-11
9.76309e-11
9.93111e-11
9.91177e-11
1e-10
9.93094e-11
9.77744e-11
1.00232e-10
1.0022e-10
9.98758e-11
9.92118e-11
1.00029e-10
1.15986e-10
9.91807e-11
1e-10
1.03982e-10
1.00032e-10
9.79745e-11
1.04193e-10
1.0003e-10
1.00082e-10
1.00229e-10
9.93386e-11
1e-10
9.98184e-11
1e-10
9.98171e-11
9.99159e-11
1e-10
9.9562e-11
1.01719e-10
9.98566e-11
1.00875e-10
1.01818e-10
1.07245e-10
9.99043e-11
9.95055e-11
1.00106e-10
1.00161e-10
9.95264e-11
9.99696e-11
9.98901e-11
1.00251e-10
9.95447e-11
1.10192e-10
9.96073e-11
9.99336e-11
1.00548e-10
9.74105e-11
1.01322e-10
1.00215e-10
1.00256e-10
1.00023e-10
9.96443e-11
1.00943e-10
9.99826e-11
9.98049e-11
1.00007e-10
9.98709e-11
1.00246e-10
1.00534e-10
1.00084e-10
9.98595e-11
1.00466e-10
1.00013e-10
1.00532e-10
1.00006e-10
1e-10
9.99145e-11
1.01679e-10
1.0041e-10
9.96617e-11
1.00989e-10
9.98462e-11
9.99479e-11
1.00016e-10
9.98318e-11
9.92642e-11
1.00891e-10
9.50674e-11
1.00327e-10
1.00773e-10
1.01999e-10
9.97066e-11
9.99227e-11
1.01354e-10
1e-10
1.00234e-10
1.01962e-10
9.67347e-11
1e-10
1.02372e-10
1.00099e-10
1.0012e-10
1e-10
1e-10
1.00035e-10
0.0137151
9.94953e-11
1.00964e-10
9.96451e-11
9.97683e-11
9.99146e-11
1.0016e-10
9.94696e-11
9.9813e-11
1.05186e-10
1.09052e-10
1.00632e-10
1e-10
9.99856e-11
9.97998e-11
9.96403e-11
9.96754e-11
1.11955e-10
9.97527e-11
1.00746e-10
9.99763e-11
1.13661e-10
9.91595e-11
9.96006e-11
9.99476e-11
9.99956e-11
9.86348e-11
9.94999e-11
9.96127e-11
1.00512e-10
9.99991e-11
9.95694e-11
9.9528e-11
1.00696e-10
1.00605e-10
1.00106e-10
1.00279e-10
9.96311e-11
9.99936e-11
1.00313e-10
1.00072e-10
9.78258e-11
1.06428e-10
1.0405e-10
1.00738e-10
9.99005e-11
9.81033e-11
1e-10
1.00219e-10
1.00221e-10
1.00132e-10
0.00521893
9.72968e-11
9.98307e-11
9.99998e-11
9.94873e-11
9.93521e-11
9.96444e-11
1.00162e-10
9.80109e-11
1.00166e-10
9.99198e-11
1.00108e-10
1.00155e-10
1.02224e-10
1.00161e-10
9.95629e-11
9.94792e-11
1.00631e-10
1.03247e-10
1.04652e-10
1.01306e-10
9.98464e-11
1.00375e-10
1.01231e-10
1.00087e-10
9.99772e-11
1.00069e-10
9.90466e-11
9.28341e-11
1.01561e-10
1.0132e-10
9.71973e-11
9.91172e-11
1.07577e-10
9.51818e-11
1.00705e-10
9.24696e-11
1.09583e-10
1.13752e-10
1.04799e-10
1.00157e-10
1.02635e-10
9.98581e-11
9.50186e-11
9.63692e-11
9.78762e-11
9.3584e-11
9.59708e-11
9.66185e-11
9.99362e-11
9.76289e-11
9.77945e-11
1.0235e-10
9.65992e-11
9.03983e-11
9.77172e-11
1.02189e-10
9.99167e-11
1.09534e-10
9.49518e-11
9.97442e-11
1.04219e-10
1.00211e-10
1.03624e-10
1.01138e-10
9.88315e-11
1.01286e-10
9.59671e-11
9.9734e-11
9.83688e-11
1.02861e-10
1.00415e-10
9.7461e-11
9.91949e-11
9.33695e-11
9.50317e-11
1.01229e-10
9.67732e-11
9.41932e-11
1.00625e-10
1.00201e-10
9.66783e-11
9.27848e-11
1.00225e-10
9.99182e-11
1.01728e-10
9.88787e-11
1.0669e-10
1.00027e-10
1.00104e-10
9.95871e-11
1.00153e-10
9.96246e-11
9.9017e-11
1.03008e-10
9.78393e-11
1.00741e-10
9.84169e-11
1.00204e-10
9.97962e-11
1.00121e-10
9.8007e-11
9.8648e-11
1.00155e-10
9.95895e-11
1.26335e-10
1.00015e-10
9.96102e-11
9.8921e-11
1.00415e-10
1.00752e-10
1.00306e-10
1.00038e-10
1.00445e-10
9.97239e-11
1.00663e-10
9.92185e-11
9.8846e-11
1.01319e-10
9.80097e-11
1.00172e-10
1.13005e-10
9.80619e-11
9.90445e-11
1.00217e-10
9.71432e-11
1.00337e-10
1.00127e-10
1.02556e-10
9.91365e-11
9.96974e-11
1.00301e-10
9.95846e-11
1.00062e-10
9.9661e-11
1.0073e-10
9.91649e-11
1.00958e-10
9.9831e-11
9.79357e-11
1.14805e-10
9.8037e-11
1.0393e-10
9.91088e-11
9.98777e-11
9.85095e-11
9.998e-11
9.9788e-11
9.89542e-11
1.05482e-10
9.99993e-11
9.97506e-11
9.97898e-11
9.8047e-11
1.00112e-10
1.02366e-10
1.0333e-10
1.03972e-10
9.95427e-11
1.00002e-10
9.90572e-11
1.00041e-10
9.61616e-11
9.6296e-11
9.92969e-11
1.04118e-10
1.01718e-10
9.49539e-11
0.000262866
1.02135e-10
9.93314e-11
9.81548e-11
1.02786e-10
1.06507e-10
1.00626e-10
9.88189e-11
1.00137e-10
1.01121e-10
9.70587e-11
9.99577e-11
9.94353e-11
1.18365e-10
1.07642e-10
1.00415e-10
9.88067e-11
9.94044e-11
1.00451e-10
1.00902e-10
9.99274e-11
9.9826e-11
9.75005e-11
1.06308e-10
9.98362e-11
9.98835e-11
9.84869e-11
1.00733e-10
9.9626e-11
9.70508e-11
1.01856e-10
9.89916e-11
9.76177e-11
1.01226e-10
9.98016e-11
9.75216e-11
1.01948e-10
1.00376e-10
1.00781e-10
1.0034e-10
1.01527e-10
9.90543e-11
9.85525e-11
9.93567e-11
1.02006e-10
1.01481e-10
1.02047e-10
1.53431e-10
9.91658e-11
1.00002e-10
1.0426e-10
1.01732e-10
9.99859e-11
9.75712e-11
1.05441e-10
9.62384e-11
1.01456e-10
1.01633e-10
9.87618e-11
9.64385e-11
1.02565e-10
9.67446e-11
1.0309e-10
9.84019e-11
9.87683e-11
9.83839e-11
1.00297e-10
1.05662e-10
1.01405e-10
1.01632e-10
1.02482e-10
1.04494e-10
9.82361e-11
1.01212e-10
1.02349e-10
1.00044e-10
1.02273e-10
1.04775e-10
1.00037e-10
1.03119e-10
9.62478e-11
1.04542e-10
1.02088e-10
1.02679e-10
9.99821e-11
9.99146e-11
9.78472e-11
1.04727e-10
9.88175e-11
1.04436e-10
1.01373e-10
1.02432e-10
9.78742e-11
9.92776e-11
1.04793e-10
1.01303e-10
1.20363e-10
1.0883e-10
9.6242e-11
9.37679e-11
9.57928e-11
1.023e-10
1.53449e-10
9.68463e-11
1.00522e-10
1.01551e-10
1.02968e-10
1.02187e-10
1.12455e-10
9.43307e-11
9.96895e-11
9.96561e-11
9.83388e-11
1.0014e-10
1.08968e-10
1.06504e-10
1.01662e-10
9.58338e-11
1.11237e-10
9.81341e-11
9.46684e-11
9.90145e-11
1.0414e-10
1.01495e-10
1.12986e-10
1.0819e-10
1.04849e-10
1.04462e-10
9.6861e-11
9.76079e-11
1.03152e-10
1.18595e-10
1.15125e-10
9.66784e-11
1.09252e-10
1.02746e-10
9.33487e-11
1.01144e-10
9.99003e-11
1.1847e-10
9.35083e-11
9.5871e-11
9.31911e-11
9.64607e-11
9.95934e-11
9.69541e-11
9.9196e-11
1.00098e-10
9.68238e-11
1.01136e-10
1.06034e-10
9.79565e-11
1.07579e-10
1.0001e-10
9.96943e-11
9.99134e-11
1.05306e-10
1.07095e-10
1.02552e-10
1.25131e-10
9.83714e-11
2.16975e-10
9.82786e-11
9.55705e-11
1.01917e-10
9.86726e-11
1.01855e-10
1.12495e-10
9.74623e-11
9.97687e-11
9.66414e-11
1.02897e-10
9.76415e-11
1.25952e-10
1.12792e-10
1.00058e-10
1.06935e-10
1.02051e-10
1.17621e-10
1.01662e-10
9.50742e-11
1.01654e-10
1.03328e-10
1.01181e-10
1.16325e-10
1.00585e-10
1.02087e-10
1.01419e-10
1.00284e-10
1.08576e-10
1.01414e-10
1.02878e-10
1.14756e-10
1.06409e-10
9.92412e-11
9.97398e-11
9.62042e-11
9.96411e-11
9.98381e-11
9.99989e-11
1.00454e-10
1.0237e-10
0.0017444
1.03981e-10
0.0868748
1.30481e-10
9.97732e-11
0.0711243
9.93556e-11
0.0824426
0.0971081
1.01845e-10
9.97084e-11
9.89096e-11
1.07602e-10
0.0198852
1.02642e-10
1.06618e-10
9.47569e-11
9.98489e-11
1.00603e-10
1.05144e-10
1.0308e-10
1.07247e-10
1.00741e-10
9.99361e-11
9.866e-11
1.00421e-10
9.99826e-11
9.98577e-11
1.00145e-10
9.98879e-11
1.00007e-10
1.01268e-10
1.00283e-10
9.95683e-11
9.99086e-11
9.98323e-11
1.05038e-10
9.96875e-11
1.00024e-10
9.94261e-11
1.00036e-10
9.92959e-11
1.00163e-10
1.00382e-10
9.89773e-11
9.96875e-11
1.00015e-10
1.00183e-10
1.03256e-10
1.00192e-10
9.97738e-11
1.00023e-10
9.78872e-11
9.93895e-11
9.45199e-11
9.67217e-11
9.73046e-11
9.99661e-11
9.94731e-11
9.86001e-11
9.7567e-11
1.11629e-10
9.98095e-11
1.11992e-10
1.14543e-10
9.92595e-11
