1.01069e-10
1.12082e-10
8.94806e-11
0.917784
9.41301e-11
1.00708e-10
1.11266e-10
1.02919e-10
9.90454e-11
1.03791e-10
9.96221e-11
1.06278e-10
1.09358e-10
9.99776e-11
9.93344e-11
9.90107e-11
1.14301e-10
9.89863e-11
1
8.96763e-11
9.93121e-11
1.00526e-10
0.53728
1.05576e-10
1.45333e-10
0.0475754
9.88878e-11
9.7098e-11
0.502694
0.0153264
1.01345e-10
9.8891e-11
8.75185e-11
1.02308e-10
1.12903e-10
9.7565e-11
1.01905e-10
1.04109e-10
0.360383
0.0411937
0.00933503
9.74593e-11
1.02945e-10
1.03503e-10
1.10796e-10
0.279999
9.46582e-11
1.75034e-10
9.50999e-11
1.36446e-10
1.02641e-10
9.53304e-11
9.61203e-11
9.97409e-11
9.65437e-11
0.0786247
1.00411e-10
1.03482e-10
1.22342e-10
1.00924e-10
1.01027e-10
0.00215255
9.97559e-11
9.74528e-11
9.66595e-11
9.64236e-11
0.881607
1.85304e-10
1.05976e-10
9.90677e-11
0.0974371
0.35653
9.34368e-11
0.00360372
1.00165e-10
0.99691
0.98344
9.971e-11
1.02528e-10
1.04213e-10
0.0909585
0.925201
1.06689e-10
9.22043e-11
9.88798e-11
9.43302e-11
9.70407e-11
0.504934
0.436111
0.225551
9.31592e-11
0.464031
0.998298
1.0078e-10
0.00305597
9.50941e-11
1.05657e-10
0.988882
1.0295e-10
1.00358e-10
1.00769e-10
0.020574
9.85163e-11
1.01874e-10
9.833e-11
1.13573e-10
1.0853e-10
9.21092e-11
2.63559e-10
1.02446e-10
9.67463e-11
9.68665e-11
1.01483e-10
9.68577e-11
0.0868643
1.072e-10
0.000192273
9.42998e-11
9.96728e-11
9.58681e-11
0.860441
0.0106095
9.81464e-11
0.595702
1.00485e-10
0.070117
9.82413e-11
1.01029e-10
8.93015e-11
1.03076e-10
9.66524e-11
9.94925e-11
0.024061
0.00265187
9.96927e-11
0.909639
0.470521
0.000176886
9.45822e-11
0.929669
0.996639
1.01183e-10
0.124541
9.7396e-11
9.96933e-11
1.33011e-10
9.9909e-11
9.76178e-11
1.0103e-10
1.06449e-10
0.198808
0.00113085
0.728277
1.01275e-10
0.057353
1.05962e-10
9.8394e-11
9.50297e-11
1.00062e-10
1.00846e-10
9.7779e-11
0.480733
1
0.102869
9.69507e-11
1.01797e-10
0.700022
0.666806
0.989812
1.00504e-10
1.2381e-10
9.92784e-11
1.00162e-10
0.0644764
0.0890984
0.168987
1.0753e-10
1.00682e-10
9.97289e-11
9.94817e-11
1.01305e-10
0.03783
0.166975
0.228994
1.04285e-10
1.0506e-10
0.0910018
1.02814e-10
0.000164704
1.56043e-10
0.865481
0.940721
1.01809e-10
9.83809e-11
0.999144
9.9105e-11
2.00828e-05
9.87608e-11
0.905029
9.78965e-11
1.03606e-10
1.03422e-10
9.46555e-11
9.85482e-11
1.05925e-10
1e-10
1.64065e-10
8.83849e-11
1.01365e-10
9.67029e-11
1.04363e-10
9.97884e-11
1.01615e-10
9.96595e-11
9.65316e-11
9.4992e-11
8.82129e-11
9.87126e-11
9.94683e-11
1.06245e-10
9.7095e-11
6.92332e-11
9.63356e-11
9.76627e-11
0.999214
0.323264
0.170634
0.972112
0.995485
9.43665e-11
1
0.9983
0.00648398
0.505668
0.797247
0.172976
9.78592e-11
1.02077e-10
1.02583e-10
0.354791
0.301691
0.0997887
0.313893
1.03402e-10
0.381276
1.012e-10
1.01247e-10
9.50134e-11
1.12557e-10
1.02528e-10
9.59826e-11
0.0035023
1.00777e-10
9.5664e-11
1.06116e-10
1.01898e-10
8.46399e-11
1.03237e-10
1.14024e-10
2.14266e-10
9.47209e-11
9.71372e-11
1.02198e-10
1.00595e-10
1.0167e-10
9.75768e-11
9.46513e-11
0.939373
9.56698e-11
9.96944e-11
0.932674
0.848371
1.03592e-10
9.62328e-11
0.858828
0.63277
1.03435e-10
1.07408e-10
0.194793
9.82758e-11
0.0904248
1.23674e-10
9.73329e-11
0.0772165
0.00156126
1.57613e-10
1.00855e-10
7.67641e-11
1.0033e-10
1.1397e-10
1.02182e-10
1.04834e-10
9.97587e-11
9.39104e-11
1.09327e-10
9.57898e-11
8.98112e-11
9.77688e-11
0.00125848
0.72608
0.370808
0.938411
9.79073e-11
0.228557
0.225587
0.000183556
0.209874
0.557349
0.987854
9.7768e-11
9.54808e-11
0.318289
0.2125
0.0912167
0.405797
0.896998
9.85902e-11
0.00919472
0.0946133
0.118388
1.0304e-10
0.372535
0.501525
0.162267
0.86738
0.0864539
0.370279
9.60518e-11
0.51333
1.00068e-10
0.0168495
0.0136823
1.01671e-10
9.93237e-11
0.348873
0.257639
9.48032e-11
0.091349
0.716932
0.235625
1.00268e-10
9.94496e-11
0.088059
0.0613202
1.00067e-10
0.00123252
0.00149759
1.00638e-10
9.54093e-11
0.963475
1.00748e-10
9.85851e-11
9.85544e-11
0.952421
9.89584e-11
1.02484e-10
0.411032
1.13072e-10
9.58396e-11
0.558661
1.11047e-10
1.01481e-10
9.68634e-11
1.02661e-10
1.00693e-10
0.16566
1.01434e-10
0.0798815
9.7973e-11
0.0070875
9.99591e-11
9.6664e-11
0.0688149
0.148458
9.89334e-11
1.06135e-10
0.121794
0.482217
1.00109e-10
1.04128e-10
1.00697e-10
0.967165
0.804766
9.71907e-11
0.0045974
0.81053
1.64256e-10
0.801833
0.898682
9.69601e-11
0.9
9.87582e-11
0.296039
0.898107
9.86463e-11
0.0835013
9.80325e-11
1.01475e-10
9.90146e-11
5.10613e-05
1.04004e-10
9.93537e-11
1.03179e-10
9.60638e-11
1.0568e-10
9.82855e-11
9.3668e-11
9.74964e-11
1.0262e-10
1.1443e-10
1.03298e-10
9.57423e-11
9.3692e-11
1.00076e-10
9.79494e-11
1.01038e-10
1.07694e-10
9.76418e-11
9.931e-11
9.99862e-11
1.03445e-10
9.42414e-11
1.01626e-10
9.83734e-11
9.92977e-11
1.00049e-10
9.97134e-11
9.44611e-11
9.43205e-11
9.71939e-11
9.83076e-11
9.98501e-11
9.15974e-11
1.02441e-10
1.03969e-10
9.0408e-11
9.68641e-11
8.93223e-11
9.61428e-11
1.01761e-10
1.15143e-10
1.11856e-10
1.05025e-10
9.93033e-11
9.40479e-11
1.07057e-10
9.95811e-11
9.83212e-11
1.03183e-10
9.74125e-11
1.01056e-10
9.91803e-11
1.03198e-10
9.94677e-11
9.79203e-11
1.08884e-10
9.6354e-11
1.118e-10
1.00301e-10
9.59441e-11
9.89524e-11
1.03835e-10
1.08039e-10
1.04414e-10
9.80288e-11
8.86711e-11
9.48592e-11
9.56566e-11
9.37821e-11
9.68296e-11
9.11928e-11
9.75948e-11
9.45001e-11
1.01764e-10
9.58732e-11
0.000706623
8.97678e-11
1.02923e-10
8.93752e-11
1.14158e-10
9.06672e-11
1.02451e-10
9.73263e-11
9.66381e-11
1.00372e-10
9.32633e-11
9.69253e-11
1.06854e-10
9.88503e-11
1.43984e-10
1.04305e-10
9.9649e-11
1.00034e-10
1.0224e-10
1.02258e-10
1.00404e-10
1.00586e-10
9.95876e-11
9.93274e-11
9.93183e-11
9.87779e-11
9.38267e-11
9.84122e-11
9.58054e-11
9.41822e-11
9.27817e-11
9.73673e-11
9.16632e-11
9.46507e-11
9.65539e-11
9.60406e-11
1.05404e-10
0.000458679
9.1364e-11
1.07501e-10
1.03345e-10
9.0549e-11
9.3755e-11
9.72226e-11
9.20483e-11
9.18535e-11
9.32655e-11
9.57377e-11
1.01558e-10
9.76786e-11
9.69124e-11
1.01382e-10
9.25628e-11
8.79242e-11
9.34746e-11
9.20483e-11
0.000511373
9.37458e-11
9.05008e-11
9.03778e-11
1.06829e-10
9.62678e-11
9.74847e-11
9.23763e-11
0.000498207
0.0166143
9.39985e-11
1.01829e-10
9.30519e-11
1.00282e-10
9.80824e-11
1.02023e-10
9.19654e-11
0.000135473
1.02377e-10
9.08304e-11
9.71744e-11
9.22386e-11
9.89523e-11
1.03108e-10
9.84745e-11
9.21126e-11
9.27663e-11
9.84905e-11
1.1393e-10
9.58362e-11
1.04463e-10
0.000249695
9.77919e-11
9.88896e-11
6.51974e-11
9.71227e-11
9.63553e-11
0.0101451
9.28315e-11
1.05552e-10
9.3871e-11
1.03128e-10
9.92528e-11
9.99679e-11
9.88992e-11
1.06261e-10
9.75633e-11
1.01158e-10
1.03655e-10
9.32939e-11
9.77426e-11
9.72588e-11
9.52389e-11
9.98303e-11
1.06211e-10
9.9621e-11
9.99478e-11
9.99069e-11
1.13394e-10
9.66605e-11
9.98843e-11
9.9808e-11
9.98311e-11
0.0819391
9.72081e-11
9.94819e-11
0.00049949
9.99539e-11
9.95212e-11
1.00073e-10
1e-10
9.31893e-11
1.00572e-10
9.93262e-11
9.44688e-11
9.97503e-11
0.0016208
7.14585e-05
9.9446e-11
1e-10
9.98648e-11
1e-10
9.82683e-11
1.00587e-10
1.11584e-10
1.02711e-10
1.01684e-10
9.96651e-11
9.54963e-11
9.95798e-11
1.00673e-10
9.61927e-11
1.53592e-10
9.66626e-11
9.80044e-05
1.03117e-10
1.0123e-10
9.47015e-11
9.95147e-11
9.98292e-11
1.00927e-10
1.00257e-10
1.3564e-10
9.96392e-11
9.96694e-11
9.46872e-11
0.000262993
6.93944e-11
9.91857e-11
1e-10
9.97798e-11
9.99866e-11
9.97001e-11
9.98579e-11
1.00377e-10
9.88475e-11
1e-10
9.98836e-11
0.00646343
1.11914e-10
1.00872e-10
9.99963e-11
9.81663e-11
1.0293e-10
0.00138557
9.74968e-11
9.54604e-11
9.68956e-11
9.82252e-11
9.89803e-11
9.87262e-11
1.07131e-10
1.0014e-10
1.09935e-10
1.08135e-10
9.4656e-11
9.98755e-11
1.0018e-10
9.50041e-11
9.97448e-11
9.90837e-11
1.03682e-10
1.00293e-10
9.94926e-11
9.93649e-11
9.95235e-11
1.01046e-10
9.94208e-11
1.00071e-10
9.47551e-11
0.000786355
1.00031e-10
9.89995e-11
9.96666e-11
9.96016e-11
1.01092e-10
1.09221e-10
9.9719e-11
9.88872e-11
1.02903e-10
1.00637e-10
1e-10
9.775e-11
9.69413e-11
9.99554e-11
1.00559e-10
1.0264e-10
9.55298e-11
9.56243e-11
9.78762e-11
9.8265e-11
9.8219e-11
9.71613e-11
9.84176e-11
9.45294e-11
9.82848e-11
9.97609e-11
9.96958e-11
1e-10
9.48113e-11
9.87173e-11
9.96319e-11
9.68675e-11
9.92533e-11
9.73987e-11
9.86247e-11
1.0514e-10
9.40848e-11
9.68342e-11
8.31212e-05
1.02016e-10
9.41062e-11
9.7429e-11
1.13296e-10
9.23213e-11
9.21438e-11
9.87196e-11
1.08446e-10
1.12247e-10
9.61181e-11
9.26191e-11
0.000607393
1.13255e-10
9.77178e-11
1.00659e-10
1.05317e-10
9.90677e-11
9.6802e-11
9.62242e-11
9.70278e-11
9.39515e-11
9.70391e-11
9.90349e-11
9.69439e-11
9.35297e-11
1.07214e-10
9.59607e-11
1.14407e-10
0.00427513
0.00245573
1.07181e-10
1.05801e-10
9.6361e-11
9.5688e-11
1.0406e-10
1.03509e-10
1.01479e-10
1.12415e-10
0.00297754
1.02362e-10
0.0039873
1.01425e-10
1.03528e-10
1.03094e-10
9.17746e-11
1.00586e-10
1.01409e-10
1.02635e-10
1.09851e-10
1.13624e-10
1.07444e-10
1.01863e-10
1.04441e-10
1.03945e-10
9.4639e-11
0.0238674
1.09292e-10
9.76275e-11
1.02777e-10
4.78839e-05
1.39943e-10
9.99553e-11
9.57633e-11
1.01242e-10
1e-10
0.000145308
1e-10
9.95988e-11
1.02223e-10
1e-10
1.03341e-10
9.91132e-11
1e-10
1.02475e-10
1.00061e-10
9.58795e-11
1e-10
9.94954e-11
9.99057e-11
0.0149656
9.73238e-11
9.48456e-11
0.0012283
1.00316e-10
1.00026e-10
9.99414e-11
1.00917e-10
1.03413e-10
9.87274e-11
0.0216975
1.00677e-10
9.8558e-11
9.997e-11
9.82003e-11
1.00014e-10
9.67402e-11
1.00631e-10
9.7297e-11
1.17771e-10
1.07401e-10
9.99035e-11
1.01149e-10
0.00777321
9.99869e-11
1.00086e-10
9.99211e-11
9.14595e-11
9.82504e-11
9.83151e-11
9.47477e-11
1.07368e-10
0.0121411
9.63903e-11
9.72169e-11
0.0267951
1.03901e-10
9.8455e-11
1.00708e-10
1.07016e-10
0.00634403
1.02292e-10
1.02148e-10
9.39055e-11
1.0591e-10
9.61012e-11
0.00376609
9.78009e-11
9.83831e-11
1.03779e-10
1.05814e-10
1.0343e-10
1.0169e-10
1.03615e-10
1.02491e-10
1.12118e-10
1.09683e-10
0.436064
0.0127612
1.08036e-10
0.0321177
1.05158e-10
1.1438e-10
1.0205e-10
0.0641325
1.02236e-10
0.0349365
1.11181e-10
0.0905326
0.0428406
0.0925361
0.0880661
0.0444605
1.00317e-10
1.10109e-10
1.05791e-10
1.03272e-10
1.04752e-10
1.08241e-10
1.02425e-10
1.00257e-10
0.00708486
1.06534e-10
1.03206e-10
1.00442e-10
1.02321e-10
0.937529
9.17636e-11
9.52874e-11
1.01967e-10
9.3015e-11
9.63508e-11
1e-10
9.91894e-11
0.0916646
1.03507e-10
9.79934e-11
1.00193e-10
9.40403e-11
1.07865e-10
0.031341
0.0602237
1.11275e-10
0.00612334
1.04044e-10
9.77e-11
0.0066251
0.0931833
0.0851684
1.16261e-10
1.15634e-10
0.0150482
0.0382295
0.0147053
0.0657374
1.0143e-10
0.104515
0.0150919
9.60219e-11
0.183298
9.55052e-11
0.000159746
0.00252005
0.178994
0.00229406
1.08841e-10
1.03633e-10
9.62512e-11
0.0238521
9.56613e-11
1.11064e-10
0.000207999
9.62604e-11
1.51323e-06
1.11702e-10
9.98582e-11
1.04275e-10
9.79306e-11
0.0834719
0.00369979
0.00889779
1.12795e-10
9.37516e-11
9.77742e-11
9.75661e-11
1.06619e-10
9.84194e-11
9.68096e-11
1.14053e-10
9.76313e-11
1e-10
9.42727e-11
9.95562e-11
0.0434678
9.77926e-11
0.0128468
1.02901e-10
9.67125e-11
6.8639e-05
0.0296895
1.08021e-10
0.181691
0.000904028
0.0598606
0.0350628
9.15037e-11
0.0387515
9.72526e-11
0.089566
0.00266408
0.12232
0.0126754
9.58572e-11
0.0264588
0.0187004
0.0304313
0.388484
9.4765e-11
0.0701417
0.0951608
0.0307703
0.0736251
0.0197627
0.109771
0.162831
0.388673
0.0381686
1.21816e-10
0.0651877
0.0682381
9.64203e-11
0.410319
0.165261
0.188844
0.128169
0.0786714
0.245662
0.40408
0.401545
9.73617e-11
0.136039
0.0623054
0.0664526
0.159261
0.27563
0.0115567
0.00226382
0.00860337
0.0975128
0.0835142
0.00294355
0.11903
0.240611
0.301423
0.270495
1.01072e-10
1.15011e-10
0.131367
0.04842
0.0937415
0.0600437
0.0363777
0.0276214
0.00702737
0.02175
6.77843e-05
9.956e-11
9.20897e-11
9.98116e-11
9.79222e-11
9.94095e-11
1.00057e-10
1.19019e-10
1.00884e-10
9.60817e-11
9.88302e-11
0.00111635
9.85376e-11
9.91201e-11
1.0002e-10
9.98604e-11
9.95221e-11
9.71717e-11
9.4565e-11
1e-10
0.000257428
9.89252e-11
9.66145e-11
9.98188e-11
0.00497394
1.00239e-10
9.70914e-11
9.76432e-11
0.031886
0.0153066
9.95822e-11
9.85121e-11
0.00065556
1.77059e-10
1.07567e-10
1.01868e-10
1e-10
1.01457e-10
1.71431e-10
1.21975e-10
0.0324154
0.0268844
1.00415e-10
0.020195
1.66509e-10
1.0288e-10
9.04088e-11
0.0641822
9.48933e-11
1.02092e-10
9.69245e-11
1.02195e-10
1.01946e-10
1.02211e-10
1.00628e-10
1.01459e-10
1.02861e-10
1.01065e-10
1.01042e-10
9.67692e-11
0.0289685
0.0398834
1.12426e-10
9.79408e-11
9.85288e-11
1.0084e-10
9.78474e-11
1.03096e-10
1.01437e-10
1.00474e-10
0.0778839
0.0104372
0.122866
0.16711
0.0227202
0.138864
0.08913
0.0830398
0.414078
0.585041
0.728928
0.346163
0.000651876
1.3732e-10
0.0129105
0.00129131
1.03198e-10
0.0654342
0.0178044
9.78468e-11
0.0646394
9.50991e-11
0.305257
0.165647
0.0023806
0.0434538
0.061012
0.0295243
0.0900939
0.0128785
0.0733132
0.0543464
0.0337901
9.9179e-11
0.0848633
0.201171
0.0879356
0.0394578
0.0172406
0.142115
0.019496
0.134353
0.0387054
1.11182e-10
0.201974
0.310861
0.357272
0.679898
0.438377
0.408684
0.432178
0.581728
0.452136
0.421235
0.397927
0.46367
0.180422
0.342439
0.421262
0.726317
0.275652
0.172372
0.495193
0.537512
0.451494
0.397855
0.282873
0.327742
0.0168163
0.186046
0.0187499
1.03599e-10
0.555174
0.561773
0.0424908
0.120023
0.387267
0.370192
0.0871955
0.487069
0.364536
0.526375
0.34477
0.481548
0.446343
0.267045
0.0343388
0.00698924
0.274885
0.440365
0.409272
0.317466
0.171527
0.593837
0.513489
0.717501
0.19621
0.344547
0.493653
0.667037
0.710399
0.431735
0.491308
0.456102
0.354733
0.586911
0.469027
0.388354
0.511625
0.51193
1e-10
1.00763e-10
6.89103e-05
1.00053e-10
9.98297e-11
9.97547e-11
0.0214604
9.28223e-11
0.000115563
0.00126616
0.00602981
1e-10
0.1
1.00049e-10
1.01168e-10
1.03355e-10
2.38706e-10
0.000332329
9.29388e-11
9.52348e-11
9.95288e-11
0.00254094
0.0329361
0.00368056
0.0682128
9.65981e-11
0.0400553
1.00279e-10
0.0215586
0.000735824
0.0278419
0.159479
1e-10
0.0341241
0.00494208
9.99948e-11
0.0100817
0.00593101
0.00463063
0.945873
0.00553428
0.0371232
0.00874212
0.0384716
0.0469689
0.00873098
0.207849
0.327802
1.73109e-10
0.022666
9.42458e-11
1.18564e-10
0.910542
0.0109351
0.462095
0.29221
0.960741
0.922826
0.456011
0.809807
0.914333
0.0184517
0.335704
0.814686
0.665694
0.87734
0.059363
0.0463715
0.000317972
0.198687
0.284161
0.159189
0.37195
0.290837
0.552513
1.01515e-10
0.8908
0.678735
0.151363
0.836355
0.956434
0.637768
0.415837
0.756515
0.27109
0.920136
0.737158
0.840445
0.799201
0.874824
0.0222246
0.787621
0.965172
0.997117
0.64327
0.0079422
0.745186
0.737428
0.895714
0.836877
0.761086
0.76104
0.468611
0.566789
0.803841
0.712582
0.736803
0.80995
0.863491
0.83289
0.524234
0.737395
0.72562
0.692896
9.50583e-11
0.867846
0.803601
0.821634
0.877294
0.824476
0.815552
0.709667
0.808777
1.10077e-10
0.825398
9.47555e-11
9.57634e-11
1.09789e-10
9.72798e-11
9.52664e-11
9.60449e-11
9.67488e-11
1.03741e-10
0.0370828
0.176936
0.00776999
0.0828306
0.0945211
0.1778
0.0872254
0.0901875
0.0773291
0.0047879
0.0833229
0.0212721
0.0751041
0.074506
0.0974838
0.0994289
0.104896
0.52896
0.106816
0.0179935
0.4229
0.454086
0.0764422
0.0783491
0.0779384
0.415565
0.0974084
0.405455
0.396427
0.225976
1.03544e-10
1.0501e-10
0.0011243
9.87368e-11
0.310447
0.414541
0.487462
0.616767
0.590373
0.562654
0.694173
0.73732
0.589205
0.789319
0.665243
0.67866
0.475012
0.63637
0.681517
0.796051
0.655418
0.779447
0.71435
0.85505
0.797631
0.817479
0.919151
0.0233061
0.0509231
0.277356
0.504864
0.5344
0.479763
1.05851e-10
0.00143287
0.0299951
1.0599e-10
0.0514344
0.052594
0.0169684
0.098197
0.886952
0.851352
0.476871
0.88089
0.99595
0.983678
0.941009
1
0.947496
0.941507
0.877625
0.999109
0.502967
0.381089
0.967203
0.698947
1
0.984545
0.870032
0.892865
1
0.997813
0.942918
0.997285
1
0.599638
0.970365
0.998265
0.996547
1
0.90571
0.94475
0.997431
0.806433
0.996779
0.998413
0.955748
0.9708
0.96244
0.973013
0.988995
0.999126
0.84565
0.995436
0.988185
0.868407
0.907439
0.872361
0.930246
0.980724
0.96079
0.985923
0.990232
0.939402
0.890116
0.35847
0.812863
9.98804e-11
1.04036e-10
0.292771
0.016339
0.256158
0.247793
0.0158922
0.00814737
1.03613e-10
9.7011e-11
0.0860288
1.03801e-10
0.00034126
1.12821e-10
1.00587e-10
9.74943e-11
1.04716e-10
9.69384e-11
9.78565e-11
9.45998e-11
1.04506e-10
9.78694e-11
9.75515e-11
1.03567e-10
1.01434e-10
1.00533e-10
1.04927e-10
1.07474e-10
0.010619
9.66759e-11
9.80425e-11
9.80058e-11
9.65748e-11
9.5335e-11
9.68279e-11
0.00426717
9.79122e-11
1.09192e-10
9.81564e-11
9.55614e-11
9.69786e-11
9.83027e-11
0.00185111
1.05587e-10
9.68052e-11
0.0315986
9.89651e-11
9.79577e-11
9.67485e-11
0.593483
0.674829
0.572851
0.541752
0.712554
0.659883
0.716452
0.705163
0.613176
0.58798
0.770054
0.733743
0.621829
0.0606328
0.0390985
7.31708e-11
0.00338348
1.04175e-10
1.08618e-10
0.0352777
0.0467941
0.137224
0.0388434
1.05555e-10
0.02405
0.0887543
9.15123e-11
0.0355585
1.02665e-10
0.1
9.57374e-11
0.0231257
0.646286
0.0884177
0.0755489
0.0291701
0.0811639
0.0133427
0.195877
0.840238
0.0141658
0.180907
0.1
0.0120099
0.412193
0.148774
9.53584e-11
0.0196693
0.0110911
0.88094
0.996713
0.874335
0.994371
0.860507
1
0.903095
0.971269
0.974451
0.934081
1
0.957136
0.906452
0.955573
0.908011
0.869035
0.930657
0.984665
0.026874
0.073097
0.0973711
0.116793
9.88383e-11
9.87461e-11
0.0805567
1.06141e-10
0.0857513
1.04042e-10
0.0211081
1.12353e-10
9.83367e-11
1.05157e-10
0.00254673
0.0386636
9.55802e-11
9.59826e-11
9.68039e-11
9.75454e-11
9.93625e-11
0.00212454
1.12023e-10
1.07213e-10
9.78983e-11
1.09407e-10
9.6741e-11
9.65193e-11
0.0112325
1.09396e-10
9.8803e-11
9.84122e-11
1.00466e-10
1.05796e-10
1.02209e-10
9.75246e-11
0.00487085
9.90224e-11
0.0050847
0.0612589
9.53438e-11
0.0038072
0.851363
0.200251
1.04055e-10
1.02231e-10
1.02036e-10
0.00776561
9.48036e-11
1.01223e-10
9.81666e-11
9.57805e-11
9.77329e-11
9.71089e-11
9.4197e-11
9.87236e-11
0.0216096
9.58566e-11
9.82418e-11
9.85507e-11
1.0033e-10
9.43188e-11
0.000382678
9.81855e-11
9.33887e-11
9.72075e-11
9.18995e-11
0.00866517
9.70641e-11
9.65128e-11
9.64771e-11
9.53554e-11
9.79892e-11
9.497e-11
0.000144451
9.74263e-11
9.73075e-11
9.24271e-11
1.07351e-10
9.49104e-11
9.48671e-11
9.80481e-11
1.1736e-10
0.0274727
1.02145e-10
1.01271e-10
1.00984e-10
1.01892e-10
1.01318e-10
9.64901e-11
1.00614e-10
9.99859e-11
9.53706e-11
9.41161e-11
1.03589e-10
1.04311e-10
1.04095e-10
0.085773
9.40591e-11
9.66271e-11
9.68023e-11
9.65626e-11
9.97e-11
1.00558e-10
1.02108e-10
1.01641e-10
9.80968e-11
0.000376287
1.04237e-10
1.04325e-10
9.70221e-11
1.02306e-10
1.03594e-10
9.94546e-11
1.12778e-10
9.96863e-11
9.44056e-11
1.01486e-10
9.78568e-11
9.55186e-11
9.74055e-11
9.63731e-11
1.02936e-10
1.00084e-10
0.0826694
0.0550347
9.29137e-11
1.21286e-10
0.0209015
9.74575e-11
0.0501569
1.10812e-10
1.02128e-10
9.6054e-11
9.18136e-11
0.00416641
0.0910997
1.15239e-10
0.879073
0.180959
0.556078
0.812385
0.91733
0.803753
0.906269
0.282491
0.80205
0.0812355
0.644524
0.800593
0.552017
0.000921345
0.243958
0.076219
0.735457
0.731324
0.817401
0.440237
0.238154
0.16605
0.968091
0.637503
0.678281
0.541798
0.878771
0.842365
0.870433
0.513206
0.703381
0.3639
0.809207
0.678794
0.932855
0.632549
0.957334
0.668274
0.786759
0.288962
0.851753
0.786856
0.856198
0.68916
0.0885071
9.87278e-11
9.5326e-11
1.05836e-10
1.00568e-10
9.78273e-11
0.0230385
1.0227e-10
9.80928e-11
0.0912123
9.60243e-11
9.62125e-11
1.02852e-10
0.000647935
1.01899e-10
1.02391e-10
9.71766e-11
9.3795e-11
0.0905905
0.0882235
1.08228e-10
1.01597e-10
1.01964e-10
1.02752e-10
9.28151e-11
1.05286e-10
0.0836195
1.02065e-10
9.42251e-11
1.03245e-10
9.4149e-11
1.0359e-10
1.03398e-10
1.00393e-10
1.00715e-10
1.07252e-10
9.80536e-11
1.02995e-10
9.56082e-11
1.05018e-10
9.65091e-11
1.01627e-10
0.0961944
0.000248332
1.08721e-10
9.9881e-11
9.47149e-11
1.03204e-10
9.44121e-11
9.99384e-11
0.00135701
9.57405e-11
1.01335e-10
1.00726e-10
9.08344e-11
9.74827e-11
9.90906e-11
1.00901e-10
9.93377e-11
9.66661e-11
9.59653e-11
9.83425e-11
9.79784e-11
0.00261063
1.0074e-10
1.01781e-10
9.84098e-11
1.00738e-10
0.00113696
1.00348e-10
9.90671e-11
1.00044e-10
9.52064e-11
9.76207e-11
1.07077e-10
1.01295e-10
1.02409e-10
1.02858e-10
1.02766e-10
1.08561e-10
1.0353e-10
9.89738e-11
9.96109e-11
9.89999e-11
9.25226e-11
9.97075e-11
9.67851e-11
9.98909e-11
9.97548e-11
1.00305e-10
9.4327e-11
1.00289e-10
1.00933e-10
1.04575e-10
1.12207e-10
9.98514e-11
0.000892961
1.00338e-10
9.98975e-11
9.77859e-11
1.00653e-10
9.95674e-11
1.02677e-10
1.01106e-10
9.95754e-11
1.02892e-10
9.62166e-11
1.00333e-10
1.01099e-10
1.02083e-10
1.03277e-10
1.02584e-10
1.04084e-10
9.88105e-11
9.99683e-11
0.0861027
0.0931486
0.0875848
9.79868e-11
9.60869e-11
0.0267621
1.00021e-10
0.0907052
0.078755
0.0816729
0.0195386
0.00470373
0.00281107
0.066436
0.0691497
9.44222e-11
0.0365427
9.95819e-11
9.96803e-11
0.000343096
9.58838e-11
9.69329e-11
9.80801e-11
0.0634915
0.0532935
2.59256e-05
9.876e-11
9.62262e-11
9.51494e-11
0.970355
0.897969
0.91197
0.937698
0.117591
0.0810179
0.1291
0.105519
0.550672
0.0331844
0.259346
0.288275
0.0338835
0.00398959
0.355643
0.523717
0.65427
0.553916
0.736616
0.297366
0.648721
0.403061
0.681392
0.824713
0.945775
0.749803
0.973783
0.909674
0.731899
0.712071
1.02127e-10
1.02739e-10
1.02364e-10
9.98982e-11
9.11205e-11
1.05457e-10
9.98884e-11
1.00312e-10
1.00064e-10
9.45374e-11
9.97368e-11
1.01714e-10
9.17247e-11
9.11648e-11
9.50224e-11
9.91751e-11
9.95956e-11
9.27162e-11
9.75778e-11
9.34384e-11
9.52886e-11
9.9914e-11
9.56525e-11
8.88765e-11
1.13018e-10
8.74905e-11
9.2351e-11
9.89635e-11
1.05487e-10
9.80098e-11
1.01535e-10
1.02122e-10
1.00078e-10
1.01786e-10
1.02737e-10
9.97035e-11
9.94132e-11
1.01342e-10
9.86573e-11
1.02032e-10
1.00423e-10
1.03197e-10
1.07714e-10
9.76913e-11
9.45433e-11
9.94606e-11
9.48765e-11
1.12881e-10
9.67836e-11
1.02709e-10
9.9129e-11
9.90883e-11
9.97787e-11
9.94276e-11
9.62306e-11
9.99146e-11
1.01367e-10
1.02266e-10
1.15629e-10
9.86357e-11
1.03185e-10
9.69429e-11
9.80468e-11
0.0810919
0.0316546
0.0760008
9.67627e-11
0.058275
9.06345e-05
0.0794194
0.0109597
0.099119
9.80545e-11
9.46082e-11
0.314517
9.85397e-11
9.34755e-11
0.0497913
0.0963765
0.0851057
0.0609143
0.0116533
1.09364e-10
9.17605e-11
9.92356e-11
9.83461e-11
0.00094823
1.04161e-10
0.00379948
0.0674932
0.0799599
0.75828
0.461719
0.592611
0.598138
0.890865
0.787696
0.439118
0.524432
0.775171
0.581317
0.563395
0.540741
0.468745
0.697264
0.626648
9.67589e-11
9.66404e-11
9.92116e-11
9.95012e-11
1.0076e-10
9.87187e-11
9.59609e-11
1.08554e-10
9.98023e-11
1.01329e-10
8.50111e-11
9.441e-11
1.04958e-10
1.01328e-10
9.88631e-11
9.22715e-11
9.64945e-11
8.99268e-11
1.031e-10
1.03001e-10
9.87e-11
1.01216e-10
1.13459e-10
1.00118e-10
1.0164e-10
1.02849e-10
1.0189e-10
1.02403e-10
1.04645e-10
1.06633e-10
1.00329e-10
1.02624e-10
0.00111642
1.0088e-10
1.01675e-10
9.86943e-11
9.9866e-11
9.92128e-11
9.53696e-11
9.80785e-11
9.84513e-11
9.5392e-11
0.0481933
1.11619e-10
0.000656534
0.10236
0.0973407
0.0795561
9.53149e-11
1.04029e-10
0.0732298
0.0620257
9.78606e-11
9.53939e-11
0.0825063
0.075692
0.017145
0.00234097
9.94685e-11
0.0843819
0.0953013
0.0923598
1.14219e-10
0.13462
0.0275884
0.00253107
0.0690472
0.0813674
1.0109e-10
0.0738687
9.82949e-11
8.99468e-11
0.0336289
1.0759e-10
9.98753e-11
9.93361e-11
1.00729e-10
1.02773e-10
1.01192e-10
9.61209e-11
0.0878302
0.0649046
1.08697e-10
1.01069e-10
1.00635e-10
0.0437078
0.0351462
0.0878715
1.03121e-10
9.91893e-11
1.02861e-10
0.0182223
1.0118e-10
1.00363e-10
1.01436e-10
1.02368e-10
9.6053e-11
9.85648e-11
1.01344e-10
1.09705e-10
1.04761e-10
1.01742e-10
1.12054e-10
9.40544e-11
1.05954e-10
1.04012e-10
1.01837e-10
9.95208e-11
9.87139e-11
1.03909e-10
1.0036e-10
9.69277e-11
6.05196e-05
1.07248e-10
9.6847e-11
1.01734e-10
0.036119
9.57652e-11
9.44802e-11
9.96029e-11
9.63044e-11
1.08776e-10
1.05352e-10
9.57802e-11
0.00944139
9.50227e-11
0.098756
0.00793731
0.089147
0.82603
0.00367807
0.101553
0.00788029
0.0145725
0.099763
0.00166424
9.52474e-11
1.00218e-10
9.92202e-11
0.0912337
0.0475778
9.926e-11
0.232707
0.0878518
0.0622056
1.00229e-10
0.0292328
0.0970557
1.04737e-10
0.00661253
0.0301374
9.54281e-11
0.0468584
0.0860382
1.0073e-10
0.042427
1.00617e-10
1.01991e-10
0.00599656
0.0919908
9.76955e-11
0.0762704
0.0960112
1.02693e-10
1.03803e-10
1.03867e-10
1.0364e-10
0.0950082
0.0731449
0.0876153
9.80804e-11
9.56353e-11
0.0764144
0.063348
0.0304265
0.083018
9.76996e-11
0.0890799
1.02477e-10
0.0542357
0.00177864
9.87145e-11
0.0811435
0.066217
1.01038e-10
1.08676e-10
1.00456e-10
0.0407848
0.0530709
0.0607487
0.0810611
0.0908408
0.0846807
0.0831394
9.5914e-11
1.13406e-10
9.3923e-11
9.50278e-11
1.04489e-10
9.90513e-11
9.81289e-11
9.83629e-11
1.01936e-10
9.55893e-11
9.99439e-11
9.92109e-11
9.84101e-11
1.00512e-10
8.8953e-11
1.01467e-10
9.94819e-11
1.02219e-10
9.64259e-11
9.63197e-11
0.0818728
0.692546
0.742285
0.412342
0.0307439
0.0347475
0.0624766
0.0851644
9.84828e-11
1.07401e-10
1.02955e-10
1.05226e-10
1.1984e-10
1.07939e-10
1.1132e-10
9.81063e-11
1.02239e-10
9.55211e-11
7.15156e-05
0.0291994
1.03971e-10
1.07194e-10
9.80984e-11
1.06449e-10
1.01407e-10
9.60127e-11
0.0043896
9.68317e-11
1.06141e-10
9.6789e-11
9.54429e-11
9.40005e-11
9.87121e-11
9.52301e-11
9.5203e-11
8.91299e-11
1.00878e-10
1.04316e-10
1.08308e-10
1.20607e-10
9.62588e-11
9.92153e-11
4.13723e-05
9.55247e-11
9.71693e-11
9.53174e-11
9.47498e-11
7.36741e-05
1.76536e-10
1.00183e-10
9.45357e-11
9.32614e-11
9.30367e-11
9.79979e-11
9.50786e-11
1.04563e-10
9.18333e-11
0.00196237
9.45292e-11
1.09506e-10
9.38627e-11
9.89026e-11
1.07318e-10
1.04272e-10
9.73806e-11
9.50759e-11
9.40778e-11
1.05952e-10
1.02308e-10
0.000295183
1.05411e-10
9.8597e-11
1.08958e-10
9.34917e-11
9.73538e-11
9.61648e-11
1.0985e-10
8.82697e-11
9.44961e-11
9.19196e-11
9.43425e-11
1.12886e-10
1.15487e-10
9.60356e-11
1.13604e-10
9.70625e-11
1.04294e-10
9.16405e-11
9.78916e-11
1e-10
9.54353e-11
1.00347e-10
9.91782e-11
9.5662e-11
9.74016e-11
1.06817e-10
9.75942e-11
9.59956e-11
9.77713e-11
9.544e-11
9.52967e-11
1.23266e-10
9.90827e-11
9.80413e-11
9.32762e-11
9.53601e-11
0.0173302
0.0174747
1.06541e-10
9.5379e-11
9.5665e-11
9.54605e-11
9.19065e-11
9.95157e-11
0.00220959
1.0871e-10
9.9139e-11
9.52798e-11
9.88872e-11
9.91609e-11
1.01888e-10
9.86481e-11
9.84044e-11
1.09805e-10
1.03451e-10
9.34211e-11
9.21713e-11
9.6873e-11
9.26236e-11
9.104e-11
0.00297778
1.00434e-10
1.04159e-10
9.08724e-11
1.05772e-10
1.06643e-10
1.15947e-10
1.1107e-10
1.10495e-10
9.02454e-11
1e-10
9.65991e-11
1.03516e-10
9.84542e-11
1.00996e-10
9.98355e-11
1.07194e-10
6.0695e-06
1.04064e-10
1.00672e-10
1.03703e-10
1.312e-10
1.01098e-10
1.05587e-10
9.90771e-11
1.0087e-10
1.0008e-10
0.00564427
1.03229e-10
1.01074e-10
0.000146475
0.000327997
9.91512e-11
0.000734896
0.0152716
9.97464e-11
1.01857e-10
1.0215e-10
1.05676e-10
1.05181e-10
9.32112e-11
9.80692e-11
9.98648e-11
9.91099e-11
9.99066e-11
1.13957e-10
9.88547e-11
9.78557e-11
1.01642e-10
1.01985e-10
1.04723e-10
1.03769e-10
1.00818e-10
1.02202e-10
9.94069e-11
1.0588e-10
1.06164e-10
1.03444e-10
1.01974e-10
0.0610897
1.00462e-10
0.00122931
1.15417e-10
9.8499e-11
9.81542e-11
0.0602655
0.0247564
0.0358633
1.01213e-10
9.60331e-11
0.0159397
0.0060008
9.27788e-11
0.0438
0.0384012
0.083453
9.75108e-11
9.91617e-11
0.0618266
0.0701542
1.18519e-10
1.63646e-10
1.00988e-10
9.67727e-11
0.0786814
0.0596166
9.49195e-11
0.0974921
0.0619327
0.0858818
0.0613076
0.0946959
0.0526561
0.0751786
0.0675873
0.0384918
0.0534024
0.0579102
0.0958267
0.093748
0.0680795
0.0857884
0.0911427
0.0881176
0.0983479
9.16266e-11
0.0952857
0.0652055
0.0860936
0.000166944
0.162484
0.0716009
0.00308948
0.0945081
6.06165e-05
0.0612659
0.067326
0.0454394
0.0925602
0.0489259
9.77991e-11
0.0062092
9.8549e-11
0.0580923
0.0188253
1.13267e-10
0.0804678
0.0299106
0.074091
0.0477447
0.0187414
0.0524602
1.03399e-10
0.0388001
9.27806e-11
0.1
0.0679415
9.47652e-11
0.0660395
0.0634863
0.0661498
0.0742584
0.057925
0.0563377
9.39307e-11
9.9775e-11
9.54835e-11
1.01568e-10
0.0447284
1.00752e-10
0.00358115
0.0387879
1.02912e-10
9.88133e-11
0.0222173
9.49085e-11
9.87177e-11
1.85639e-10
0.00802631
0.2609
0.712001
0.375712
0.177747
0.309199
0.0733632
0.100041
0.610136
0.0262039
0.0644569
0.0741306
9.81889e-11
9.99235e-11
1e-10
9.94688e-11
0.0896289
9.60959e-11
9.90829e-11
9.94147e-11
1e-10
1e-10
9.78352e-11
9.99876e-11
9.77832e-11
9.9654e-11
1.00046e-10
1.00042e-10
9.91302e-11
1.0587e-10
1.01167e-10
1.02513e-10
1.00019e-10
1e-10
9.96734e-11
9.99046e-11
9.98431e-11
1.11673e-10
9.99513e-11
1.08282e-10
1.01945e-10
9.9948e-11
9.69592e-11
9.9991e-11
9.75187e-11
1.15504e-10
6.31731e-11
1.0159e-10
1.00618e-10
0.0330783
1.0621e-10
7.67354e-05
9.63058e-11
1.04319e-10
1.06022e-10
9.85931e-11
9.81109e-11
0.0971361
9.67315e-11
1.02477e-10
9.67434e-11
9.6812e-11
1.06349e-10
7.16932e-11
1.10902e-10
2.03578e-10
0.0249891
1.02542e-10
9.20131e-11
9.98291e-11
0.0662932
1.05766e-10
9.9275e-11
9.74719e-11
8.93003e-11
1.18056e-10
1.07299e-10
1.08333e-10
9.71959e-11
7.22247e-11
1.00081e-10
9.97759e-11
0.0893051
0.0250743
0.0479901
9.76811e-11
0.082591
9.99282e-11
9.78878e-11
1.00005e-10
9.62385e-11
0.0728117
0.0265424
1.01531e-10
1.13176e-10
1.02117e-10
9.99959e-11
9.97375e-11
1.0055e-10
9.96045e-11
1.05331e-10
1e-10
9.8678e-11
9.98792e-11
1.00466e-10
9.98314e-11
1.01724e-10
9.842e-11
1.00135e-10
1e-10
9.83681e-11
1.36637e-10
1.05502e-10
1.08434e-10
9.91013e-11
1.02724e-10
9.23592e-06
1.00054e-10
9.86563e-11
1.06406e-10
9.95e-11
9.9378e-11
9.82474e-11
1.00064e-10
4.09732e-05
1.00579e-10
1.00516e-10
1e-10
1e-10
1.01216e-10
9.56656e-11
1.00542e-10
1.01955e-10
1e-10
9.74293e-11
1.01977e-10
9.84874e-11
9.91701e-11
5.01584e-05
1.00111e-10
1.00803e-10
9.98334e-11
9.88898e-11
9.9456e-11
9.7138e-11
9.28007e-11
1.00049e-10
9.76131e-11
1.01347e-10
1.07867e-10
9.86833e-11
9.70097e-11
9.10419e-11
1.00013e-10
1.04989e-10
9.85088e-11
9.62127e-11
1.0189e-10
1.00553e-10
1.00163e-10
9.834e-11
9.95367e-11
9.83346e-11
1.05668e-10
0.000139138
9.98604e-11
1.0341e-10
0.00224003
9.9079e-11
9.98361e-11
9.96036e-11
9.65794e-11
1.0105e-10
1.00381e-10
1.00407e-10
1.00229e-10
9.99263e-11
1.10981e-10
9.78515e-11
1.00524e-10
1.00072e-10
1.00626e-10
9.87342e-11
0.00145857
9.94195e-11
1.00203e-10
9.77409e-11
9.94741e-11
9.99124e-11
9.87089e-11
9.47251e-11
0.000344925
1.0137e-10
6.29156e-06
0.0528084
9.74607e-11
0.0841287
0.0584864
0.0162078
1e-10
7.94936e-05
0.762268
0.0241411
0.0830211
1.01262e-10
9.89542e-11
0.00406281
1.0426e-10
9.40237e-11
1.02895e-10
0.755149
0.657268
0.45136
0.944025
0.625841
0.504273
0.538763
0.616229
0.566408
0.270092
0.67278
0.718768
0.86205
0.673601
0.785973
0.768917
0.809484
0.686343
0.644966
0.74886
0.0401664
0.105352
0.66634
0.547759
0.564201
0.463147
0.841278
0.913737
0.758718
0.78626
0.637251
0.673463
0.634729
0.677148
0.518535
0.525106
0.615559
0.589763
0.628397
0.649892
0.120152
0.00913482
0.622638
0.77884
0.697614
0.554753
0.496462
0.373686
0.0380213
0.282459
0.809133
0.924295
0.754923
0.75619
0.692443
0.731003
0.984706
0.863744
0.805578
0.925463
0.69722
0.590187
0.139398
0.593567
0.202192
0.310127
0.00067964
0.00938381
1.0473e-10
0.100363
0.00410151
0.209429
1.00213e-10
0.0599723
0.0435754
0.315095
0.0191636
0.145394
1.02333e-10
0.236994
9.95594e-11
0.0110186
0.115875
0.0873687
0.147299
0.0393846
1.05468e-10
0.481914
0.597613
0.648782
0.118114
0.954473
0.952522
0.830616
0.0780712
0.0744917
0.0992
0.0524363
0.0748222
0.0915932
1.10037e-10
1.06141e-10
0.000452835
1.63414e-10
0.631285
0.771982
0.874568
0.958183
0.150345
0.899455
0.181333
0.218669
0.565591
0.702502
0.757134
0.913188
0.92768
0.904698
0.996798
0.929652
0.0760304
1.04612e-10
1.06046e-10
0.0195429
0.0991325
0.0441835
0.0349255
0.000913375
0.148635
0.0977901
0.236776
0.676456
0.124683
0.0549565
0.78087
0.98206
0.0378928
6.43549e-05
0.00303247
0.0373282
0.00296241
0.114877
0.809275
0.761379
1.64418e-10
0.973588
0.920597
0.822338
0.00701738
0.0449845
1.11464e-10
0.000488513
1.04528e-10
0.873123
0.01142
0.00532845
1.00046e-10
1e-10
9.8363e-11
1.07416e-10
0.107642
0.110371
0.00500403
0.076121
0.242231
0.98627
0.910735
0.997896
6.97883e-10
0.0822167
9.11775e-11
9.97528e-11
0.577077
0.983893
0.00383836
9.96028e-11
1e-10
9.83773e-11
1.03015e-10
0.000819178
0.034655
6.33654e-05
0.0120496
0.991141
1.00764e-10
0.000258231
0.00503383
0.488525
1.03609e-10
0.01579
9.436e-11
0.00145553
1.006e-10
0.00200086
0.0173879
0.771752
0.00587076
0.978347
0.996407
0.564136
0.739862
0.447765
0.000270308
0.100823
0.176799
0.988945
1
0.564517
0.0507322
0.393052
0.992092
0.98602
0.982319
0.981832
9.44371e-11
0.022154
9.69872e-11
0.0332786
9.83564e-11
9.67797e-11
0.0652473
0.0765399
0.0465246
0.0965654
0.0804467
9.74511e-11
9.71084e-11
0.0312883
9.99755e-11
9.54949e-11
9.90176e-11
9.63418e-11
1.0327e-10
0.0641884
9.90912e-11
9.58211e-11
9.8118e-11
9.75229e-11
9.93368e-11
9.37847e-11
9.71106e-11
9.65621e-11
9.67068e-11
9.63753e-11
9.78866e-11
9.74924e-11
0.0782781
9.92979e-11
0.00888764
9.76991e-11
0.0867938
0.0229186
9.90638e-11
0.0556339
1.00577e-10
0.0120749
0.0442016
0.097676
9.85026e-11
0.0407775
1.05783e-10
0.0860235
0.0903134
9.91136e-11
0.0769831
0.082372
0.021275
0.0843592
1.00351e-10
0.0982013
9.02197e-11
0.0530009
9.97589e-11
0.1
0.0900991
0.0821868
9.89804e-11
0.0663833
9.74911e-11
1.03965e-10
0.0831687
0.0843973
0.0827292
0.0238664
0.00350187
0.0851948
0.0884492
9.88828e-11
0.0697098
0.0705237
0.0871799
0.084451
0.0824259
0.0887974
0.00479115
0.0247534
9.96478e-11
0.099
0.0524439
0.0574251
9.70893e-11
0.096462
9.05958e-11
0.0186471
0.0108584
9.78202e-11
9.59488e-11
8.99137e-11
9.42825e-11
9.80659e-11
0.0923713
0.0805331
0.0644958
0.0846353
0.1
0.0397798
0.0923473
0.1
0.0341772
0.0993516
0.0900129
9.97275e-11
0.0752162
0.0950078
0.0721957
0.0680131
0.0942757
9.65029e-11
9.72269e-11
1.03901e-10
0.0165272
0.0782177
1.04748e-10
1.06472e-10
0.0889178
0.0886507
0.0894484
1.08228e-10
0.0726439
0.0529599
0.0338081
1.00313e-10
0.0483746
9.73559e-11
0.0584217
1.09695e-10
9.63303e-11
0.0258737
0.034738
0.0672294
0.0980787
0.0610517
1.06975e-10
0.0200118
9.89801e-11
9.99372e-11
1.03537e-10
1.00759e-10
1.03018e-10
1.02958e-10
2.03702e-10
0.000578084
9.93147e-11
9.91795e-11
9.98779e-11
1.04709e-10
1.00314e-10
1.0358e-10
1.03824e-10
1.08972e-10
1.02675e-10
1.0017e-10
3.9519e-05
1.00973e-10
9.9976e-11
1.01886e-10
9.71006e-11
1.0717e-10
1.0502e-10
1.11367e-10
9.99418e-11
9.65302e-11
9.99471e-11
2.36471e-10
0.000399
1.02433e-10
1.04155e-10
9.94395e-11
1.03525e-10
9.95069e-11
7.8333e-11
0.0130987
8.98357e-11
0.000284029
0.00217472
9.73862e-11
0.00250742
0.00479653
9.77244e-11
1.11839e-10
9.76557e-11
0.00669803
9.64241e-11
9.84346e-11
9.77315e-11
0.0665659
0.0361949
0.0907459
0.0576912
0.0125
0.0092468
0.0277624
0.0568101
0.0470159
9.90465e-05
1.00664e-10
1e-10
0.0560202
1e-10
0.712561
0.701728
0.882093
0.854971
0.821757
0.968736
0.916027
0.93893
0.0251292
0.827171
1
0.983551
0.970647
0.979662
0.991174
0.960255
0.963939
0.990375
1
0.95486
0.988191
0.993192
0.905037
0.991526
0.924203
0.967651
0.997284
0.984061
0.999619
0.999462
1
0.999627
1
0.999984
9.62187e-11
0.0698217
0.0471049
0.969342
9.87217e-11
9.78029e-11
9.36271e-11
1.01317e-10
9.8085e-11
9.78931e-11
9.75367e-11
9.33711e-11
1.01041e-10
9.89628e-11
9.58942e-11
1.01005e-10
9.30466e-11
9.25898e-11
9.86804e-11
9.79225e-11
9.57249e-11
9.42615e-11
9.54667e-11
0.000582526
1.04194e-10
9.66028e-11
0.0349678
0.0788775
1.02946e-10
1.03087e-10
0.0933955
1.05932e-10
0.00094413
0.0989678
9.77694e-11
9.89213e-11
1.04585e-10
0.0476701
0.028973
1.04655e-10
1.04769e-10
1.07126e-10
1.07207e-10
0.0491377
1.06209e-10
0.0778012
1.02939e-10
0.0421932
9.86053e-11
9.89139e-11
9.70391e-11
1.00672e-10
1e-10
9.97833e-11
9.76196e-11
9.47878e-11
9.45498e-11
1.02649e-10
0.00136537
1.01236e-10
9.79896e-11
1.17e-10
1.0014e-10
9.39455e-11
1e-10
1.00951e-10
9.88155e-11
9.99909e-11
9.88572e-11
9.81682e-11
9.67817e-11
9.99961e-11
9.73595e-11
1.06686e-10
9.97613e-11
9.94479e-11
9.92454e-11
9.77356e-11
9.8736e-11
9.85256e-11
9.96227e-11
1.0575e-10
9.98992e-11
9.98413e-11
9.96703e-11
9.93483e-11
9.9618e-11
1.01471e-10
9.92147e-11
1.00776e-10
9.6892e-11
1.05095e-10
6.14832e-11
9.86464e-11
9.51953e-11
9.82183e-11
1.08212e-10
1.1059e-10
9.76562e-11
9.82839e-11
0.000178701
9.88065e-11
9.81692e-11
1.29262e-10
0.000109799
1.00705e-10
9.80027e-11
9.60834e-11
1.01792e-10
1.11499e-10
1.07026e-10
1.10193e-10
9.74739e-11
1.02063e-10
1.01299e-10
1.01032e-10
9.42692e-11
9.61527e-11
1.05764e-10
1.02905e-10
9.94711e-11
1e-10
1e-10
0.0220247
0.0389194
0.92953
0.847689
0.0148473
0.0297908
9.41054e-11
0.163623
1
0.0200681
0.0732004
0.00659273
0.995738
0.880638
0.250123
0.274159
0.871988
1
0.977875
0.354408
0.924419
0.981395
0.97512
0.994819
0.996545
0.999876
0.968037
0.99334
0.904542
0.910824
0.995497
0.944645
0.942045
0.907311
0.999951
0.986085
0.996903
9.56232e-11
9.90229e-11
0.122265
0.0145813
0.998172
0.998078
0.995797
0.99992
0.999913
0.997387
1
0.995345
9.70792e-11
0.000249771
0.133313
0.0572671
0.997615
0.999838
0.00230637
0.0125
0.141694
0.113997
1.30727e-10
0.056967
9.13178e-11
9.94989e-11
9.76152e-11
1.02304e-10
9.65986e-11
1.01874e-10
1.08785e-10
0.000233237
9.84409e-11
1.0577e-10
1.03695e-10
1.03354e-10
9.92334e-11
1.02289e-10
9.82291e-11
1.01744e-10
9.53296e-11
1.05037e-10
1.0068e-10
1.00321e-10
1.04456e-10
1.01452e-10
9.76e-11
1.04052e-10
9.48909e-11
1.07489e-10
1.03938e-10
0.000576104
1.08024e-10
1.05516e-10
1.02446e-10
1.0634e-10
1.03232e-10
1.02155e-10
1.00017e-10
9.79082e-11
9.99511e-11
1.00195e-10
0.00593453
1.02521e-10
1.00838e-10
1.02578e-10
1.01019e-10
9.65489e-11
1.01395e-10
9.84247e-11
9.92069e-11
9.56632e-11
1.00921e-10
9.58755e-11
1.00096e-10
1.11925e-10
1.02008e-10
1.00968e-10
1.08007e-10
1.08085e-10
1.0476e-10
1.0164e-10
1.04725e-10
1.07068e-10
1.12723e-10
0.0105528
1.04627e-10
9.18403e-11
9.33136e-11
1.17922e-10
0.00673544
9.75108e-11
9.02811e-11
9.9098e-11
1.28521e-10
9.95373e-11
1.02458e-10
9.42835e-11
1.00829e-10
1.01898e-06
9.12104e-11
9.7287e-11
9.68052e-11
1.02829e-10
9.56973e-11
9.93637e-11
1.03798e-10
1.03797e-10
1.00571e-10
9.94003e-11
9.95711e-11
1.27418e-10
9.9462e-11
1.189e-10
9.41662e-11
9.98713e-11
1.0079e-10
9.96603e-11
9.69579e-11
6.79095e-11
1.00191e-10
9.95857e-11
1e-10
0.000329752
7.04502e-11
1.08789e-10
7.45202e-11
9.9945e-11
9.73546e-11
9.72652e-11
1.21787e-10
9.58836e-11
0.000265715
1.00666e-10
1.0043e-10
9.94875e-11
0.00317324
0.0351302
0.0743279
0.00581542
9.69316e-11
1.04427e-10
9.50404e-11
9.5979e-11
9.65165e-11
0.0780565
0.00460446
0.0687366
0.00772996
0.0728885
0.0206378
9.65744e-11
9.83141e-11
1.11644e-10
1e-10
9.57057e-11
9.57029e-11
1.02999e-10
1.0785e-10
9.74674e-11
0.0142505
1.00196e-10
0.000285131
1.0543e-10
1.18743e-10
8.89802e-11
1.11192e-10
9.34451e-11
8.79825e-11
9.72393e-11
1e-10
9.5017e-11
1.26225e-10
1.75732e-10
1.34968e-10
9.69212e-11
9.51309e-11
9.58723e-11
9.35783e-11
9.69218e-11
9.60285e-11
9.65435e-11
9.9048e-11
9.91262e-05
1.01028e-10
9.89235e-11
1e-10
9.52211e-11
9.93132e-11
9.41691e-11
9.76355e-11
9.48316e-11
9.82942e-11
1.05632e-10
0.000209737
0.00766888
0.000110526
9.86966e-11
9.49424e-11
0.00036945
9.76928e-11
1.31377e-10
1.06142e-10
1e-10
0.000104682
1e-10
3.19629e-05
9.62668e-11
1.0253e-10
1.02271e-10
1.09889e-10
9.9601e-11
9.82212e-11
0.00160036
0.000322705
0.000665797
9.66853e-11
9.9709e-11
9.99122e-11
1.00199e-10
9.69778e-11
1.00006e-10
1.00127e-10
1.00004e-10
1.11989e-10
9.9518e-11
9.71656e-11
9.91769e-11
9.94555e-11
1e-10
9.8293e-11
9.9526e-11
9.99556e-11
1.0012e-10
1.11492e-10
0.0601087
0.787122
0.976516
0.0111709
0.0884305
1.02976e-10
1.06277e-10
1.02714e-10
9.81976e-11
1.13478e-10
1.05225e-10
1.05134e-10
1.0399e-10
1.0865e-10
1.03331e-10
1.13914e-10
1.04277e-10
9.77071e-11
1.01595e-10
1.06823e-10
1.1548e-10
1.05172e-10
1.05095e-10
1.0407e-10
9.86755e-11
1.00689e-10
1.20697e-10
1.08556e-10
1.05973e-10
9.90008e-11
0.00520201
1.01097e-10
1.01825e-10
0.00355968
0.00234645
1.01495e-10
1.01426e-10
1.03571e-10
9.89701e-11
9.65189e-11
1.1454e-10
1.03948e-10
0.0718771
9.97646e-11
0.0719334
0.0949902
9.87555e-11
1.01214e-10
7.79512e-11
9.02698e-11
1.01567e-10
9.38751e-11
9.52039e-11
1.12366e-10
9.7506e-11
1.05807e-10
9.87625e-11
9.89692e-11
1.10253e-10
1.01946e-10
9.72589e-11
9.84283e-11
1.00151e-10
1.00142e-10
1.06311e-10
9.54112e-11
9.68508e-11
9.75785e-11
1.70877e-10
0.0178714
9.92948e-11
0.00106089
0.0109117
9.70411e-11
0.00416199
9.63768e-11
0.0134739
1.08351e-10
1.00389e-10
9.72757e-11
0.0437448
5.18879e-06
0.000535898
0.0125
0.00348729
0.0508915
0.894075
0.94603
0.848714
0.809475
0.797048
0.921738
0.877332
0.849377
0.917224
0.679482
0.999811
0.997692
0.949976
0.992316
1
1
0.992748
1
0.99938
0.395354
0.733897
9.68855e-11
8.97186e-11
9.27037e-11
9.86446e-11
9.72988e-11
9.71503e-11
0.000100618
9.95329e-11
9.23092e-11
1.09512e-10
1.04639e-10
9.17327e-11
1.06613e-10
9.9171e-11
1.01621e-10
9.73785e-11
9.69721e-11
1.05762e-10
9.52724e-11
9.63523e-11
9.59094e-11
9.23518e-11
1.04006e-10
0.00020333
9.79602e-11
1.01478e-10
9.4041e-11
1.04166e-10
9.88624e-11
9.57285e-11
9.78201e-11
9.1806e-11
9.29824e-11
1.07032e-10
0.00514038
2.14224e-10
9.56468e-11
9.82063e-11
9.73196e-11
9.87606e-11
9.84349e-11
9.88351e-11
9.14827e-11
1.11444e-10
1.04836e-10
9.71462e-11
1.0205e-10
1.03245e-10
9.70007e-11
9.85471e-11
1.77305e-10
9.42034e-06
1.00403e-10
9.99115e-11
9.47904e-11
0.00039481
1.00899e-10
0.00196528
9.19903e-11
1.00297e-10
1.00009e-10
9.67958e-11
1.00812e-10
9.99695e-11
1.72471e-10
9.75951e-11
1.01483e-10
1.00963e-10
9.99206e-11
9.99549e-11
1.01799e-10
9.9539e-11
8.10193e-11
1.00316e-10
9.99558e-11
1.00144e-10
9.8153e-11
1.00607e-10
0.00950232
9.45828e-11
9.79989e-11
1.02969e-10
1.00032e-10
9.80883e-11
1.00562e-10
1.03754e-10
9.8507e-11
1.01541e-10
1.00095e-10
1e-10
9.7311e-11
1.01439e-10
1e-10
1.92981e-10
2.99986e-06
9.98922e-11
9.95064e-11
9.78229e-11
9.24342e-11
1.00056e-10
9.99873e-11
0.0118244
8.60541e-11
2.4654e-10
3.553e-10
1e-10
4.32848e-05
1.62104e-10
9.71166e-11
0.000416717
1.18463e-10
1.45459e-10
9.86561e-11
1.19144e-10
9.98177e-11
9.99639e-11
0.00246161
1.58087e-10
9.93622e-11
0.00163875
0.995607
0.950289
0.248981
0.643201
0.971722
1
0.113437
9.65941e-11
0.008324
0.965475
0.697402
0.958763
1
0.883617
0.880077
0.888752
0.99962
0.993351
0.0662149
0.999582
0.993791
1
0.0577163
0.944117
1
0.973165
0.995843
0.990715
0.999202
1
1
0.995615
0.99647
0.966094
0.991026
0.999996
1
1
0.999487
0.998233
0.986085
0.998221
1.01824e-10
9.54269e-11
1.02335e-10
1.03807e-10
9.7697e-11
1e-10
9.62992e-11
9.87169e-11
8.25307e-11
9.99116e-11
9.92485e-11
1.25272e-10
1.01222e-10
9.52099e-11
1.14055e-10
1.05593e-10
1.01272e-10
9.60812e-11
8.05521e-11
9.91371e-11
9.94729e-11
9.26066e-11
2.55088e-05
9.07415e-11
9.81398e-11
0.000136637
9.9854e-11
9.91105e-11
9.97549e-11
9.96776e-11
9.85882e-11
1.00215e-10
9.9773e-11
9.94502e-11
1.03353e-10
9.64328e-11
1.08079e-10
9.99635e-11
1.13233e-10
1.09561e-10
1e-10
9.83381e-11
1e-10
1.04582e-10
9.97611e-11
9.41588e-11
9.41321e-11
1.00862e-10
9.96218e-11
9.77406e-11
1.0025e-10
1.00076e-10
1.00277e-10
1e-10
1.00759e-10
1.02358e-10
9.74837e-11
1.03078e-10
1.00619e-10
9.88036e-11
9.90053e-11
1.01518e-10
9.99414e-11
9.88676e-11
9.94367e-11
9.99309e-11
1.09983e-10
9.9093e-11
9.76657e-11
9.95838e-11
9.62235e-11
9.44679e-11
9.588e-11
9.68641e-11
9.63713e-11
9.6285e-11
9.69896e-11
1.01902e-10
9.04977e-11
9.43843e-11
1.03155e-10
9.99796e-11
9.73822e-11
9.93906e-11
1e-10
1.09243e-10
9.40164e-11
9.87667e-11
1.06095e-10
9.91885e-11
1.11965e-10
1.00504e-10
9.43867e-11
9.81705e-11
1.07308e-10
9.48421e-11
1.06475e-10
8.99567e-11
9.69747e-11
8.1549e-11
0.000744347
3.33095e-05
1.03872e-10
1.00953e-10
1.00488e-10
1.0313e-10
9.91559e-11
1.11085e-10
9.94835e-11
9.99445e-11
9.99058e-11
1.09349e-10
9.97537e-11
9.58551e-11
0.0663637
9.7969e-11
1.02256e-10
7.22036e-11
1.01756e-10
1.01106e-10
8.94753e-11
9.82242e-11
9.60029e-11
1.00448e-10
1.0034e-10
9.88056e-11
1.07237e-10
1.03832e-10
9.92356e-11
9.92847e-11
1.08155e-10
1.0058e-10
1.00545e-10
1.02051e-10
1.10792e-10
9.47643e-11
9.3615e-11
9.33773e-11
1.03822e-10
9.99305e-11
1.02334e-10
9.52253e-11
9.41647e-11
9.52064e-11
9.24863e-11
9.7114e-11
9.77143e-11
9.6151e-11
1.09926e-10
9.9831e-11
1.07262e-10
9.45925e-11
1.1149e-10
1.0935e-10
9.24505e-11
1.08957e-10
9.50425e-11
1.05729e-10
1.03478e-10
9.92682e-11
9.39772e-11
1.11912e-10
9.01286e-11
1.0188e-10
9.92084e-11
9.58048e-11
9.62477e-11
9.47025e-11
1.00288e-10
9.37958e-11
9.43138e-11
1.01489e-10
9.55065e-11
9.60251e-11
1.18161e-10
9.56302e-11
1.09565e-10
9.8844e-11
1.16524e-10
9.66579e-11
1.01596e-10
0.000202141
1.0466e-10
9.78992e-11
0.00374271
1.0098e-10
1.01015e-10
9.94589e-11
9.85393e-11
9.93683e-11
1.02409e-10
9.52318e-11
9.77739e-11
1.08136e-10
1.05596e-10
9.87991e-11
1.0066e-10
9.76621e-11
9.55135e-11
9.72729e-11
9.35421e-11
9.59229e-11
9.09288e-11
9.6323e-11
9.91068e-11
1.0008e-10
1.03283e-10
9.99153e-11
1e-10
7.92857e-05
1.03242e-10
1.03296e-10
9.94386e-11
1.0225e-10
1.03218e-10
1.00025e-10
9.99809e-11
1.01819e-10
1.03019e-10
9.98233e-11
1.06016e-10
1.05833e-10
1.05689e-10
0.000532197
1.05035e-10
1.0091e-10
9.8866e-11
9.97229e-11
9.90035e-11
1.01539e-10
1.03871e-10
9.99292e-11
1.02917e-10
9.94568e-11
1.02243e-10
9.55047e-11
1.05804e-10
1.01303e-10
1.01522e-10
9.96201e-11
9.95812e-11
1.00512e-10
1.06746e-10
9.34706e-11
9.62525e-11
1.04228e-10
0.0466681
9.61593e-11
0.000628341
1.10204e-10
9.859e-11
9.63071e-11
9.62064e-11
9.37978e-11
9.78428e-11
1.07382e-10
1.03204e-10
0.00447229
9.26113e-11
0.00447348
0.0756288
9.9771e-11
0.0158015
9.43589e-11
0.106666
1.0109e-10
9.14095e-11
0.125252
9.22855e-11
0.920497
0.00714628
9.0165e-11
9.84751e-11
9.81722e-11
1.15346e-10
9.99418e-11
1.02896e-10
9.97225e-11
1.00002e-10
1.00021e-10
1e-10
0.000139188
9.35828e-11
9.47596e-11
1.06569e-10
1.07587e-10
9.95281e-11
9.99338e-11
1.00779e-10
1.0001e-10
9.9499e-11
1.01386e-10
9.6838e-11
1.01916e-10
1.02733e-10
1.04939e-10
0.00471705
1.09726e-10
1.0226e-10
1.03676e-10
1.04724e-10
1.10994e-10
1.07687e-10
9.53357e-11
9.74431e-11
0.000438651
0.0211912
9.6598e-11
9.65827e-11
0.0018244
0.335846
0.0498629
1.11519e-10
0.0544877
0.0123478
0.0349838
0.123045
0.928496
0.030351
0.92834
1.00468e-10
0.0139916
0.65106
0.928304
0.969243
0.999859
0.888431
0.933179
0.0623274
0.129382
1.00592e-10
0.0538685
1.00682e-10
1.047e-10
9.99748e-11
9.9782e-11
9.9058e-11
9.99348e-11
9.60977e-11
1.15914e-10
9.63735e-11
1.11937e-10
9.88246e-11
1.04081e-10
1.08049e-10
9.46395e-11
1.01095e-10
1.13975e-10
9.90641e-11
9.31816e-11
9.95269e-11
9.94397e-11
1.01097e-10
1.00177e-10
9.35386e-11
1.01763e-10
9.79373e-11
1.01575e-10
9.98302e-11
9.75487e-11
9.81146e-11
1.04244e-10
1.003e-10
9.99761e-11
9.92463e-11
1.00476e-10
1.09245e-10
9.97752e-11
9.91978e-11
9.99665e-11
1.00017e-10
9.98033e-11
1.0002e-10
9.18973e-11
9.76851e-11
9.98068e-11
9.88713e-11
0.000739842
9.17506e-11
0.00523155
1.0009e-10
9.97571e-11
1.05765e-10
9.96763e-11
9.35414e-11
9.99278e-11
9.96792e-11
0.0687647
0.235088
0.0196889
0.0418162
0.991191
0.998951
0.979928
0.977025
0.99205
0.9998
1.00166e-10
9.91825e-11
1.33048e-10
1.00881e-10
0.00426967
9.60888e-11
9.79432e-11
9.7908e-11
1.01736e-10
9.64927e-11
8.91142e-11
9.89284e-11
9.65916e-11
9.77356e-11
9.68969e-11
9.2579e-11
9.69634e-11
9.84229e-11
9.85225e-11
9.39058e-11
9.52809e-11
9.36872e-11
1.03869e-10
1e-10
9.99499e-11
9.79416e-11
9.83639e-11
9.93392e-11
9.88695e-11
9.66734e-11
1.11458e-10
9.55477e-11
9.86827e-11
9.68185e-11
1.00549e-10
9.72681e-11
9.75673e-11
9.46472e-11
1.04861e-10
9.53205e-11
9.6381e-11
1e-10
2.45414e-10
0.00510459
9.93707e-11
1.08205e-10
9.89838e-11
1.00694e-10
1.00442e-10
9.96736e-11
9.7674e-11
1.00228e-10
7.02153e-05
9.88686e-11
2.07232e-10
7.36432e-11
9.43302e-11
1.04034e-10
9.70908e-11
1.00672e-10
8.36139e-11
1.07122e-10
0.000178937
9.69301e-11
9.85762e-11
9.97572e-11
9.86876e-05
1.05783e-10
1e-10
9.85956e-11
9.50597e-11
9.95826e-11
9.93749e-11
1.00319e-10
1.03421e-10
9.86354e-11
9.80441e-11
1.00128e-10
1.08665e-10
1.15783e-10
0.925752
0.974085
0.787276
0.466854
9.86e-11
9.64621e-11
1.0578e-10
9.54389e-11
9.69068e-11
9.76851e-11
9.96563e-11
1.06472e-10
9.07736e-11
9.47465e-11
9.8401e-11
9.55119e-11
1.04633e-10
9.80223e-11
9.61479e-11
9.98953e-11
9.92362e-11
9.81337e-11
1.02199e-10
9.79674e-11
9.80204e-11
1.08031e-10
1.01014e-10
9.89618e-11
9.91e-11
9.74196e-11
9.99547e-11
1.00827e-10
9.75295e-11
1.02952e-10
9.45298e-11
9.54609e-11
1.05485e-10
1.01548e-10
9.68468e-11
9.87241e-11
9.79822e-11
1.027e-10
1.02543e-10
9.59183e-11
1.05955e-10
9.18042e-11
1.11725e-10
9.81286e-11
1.03927e-10
9.92277e-11
1.04591e-10
1.04264e-10
1.12544e-10
9.57747e-11
9.47756e-11
9.41364e-11
1.07975e-10
9.78146e-11
9.73683e-11
9.66134e-11
1.03793e-10
9.26703e-11
9.4754e-11
9.85303e-11
9.95183e-11
9.45018e-11
1.02889e-10
9.51949e-11
9.57839e-11
9.53367e-11
1.00979e-10
9.73828e-11
9.54298e-11
9.11889e-11
9.76862e-11
9.66019e-11
9.42216e-11
9.50961e-11
1.01816e-10
1.03533e-10
1.00941e-10
1.02383e-10
1.08673e-10
9.9484e-11
1.03691e-10
1.0279e-10
1.02093e-10
9.61133e-11
1.16964e-10
1.00773e-10
1.01843e-10
1.04547e-10
9.60537e-11
9.3914e-11
1.01014e-10
9.76394e-11
9.71076e-11
1.03119e-10
1.0393e-10
9.94085e-11
9.85415e-11
1.03309e-10
9.79634e-11
9.7221e-11
1.00195e-10
9.77344e-11
9.80518e-11
9.92783e-11
9.54412e-11
1.00082e-10
1.02317e-10
1.0235e-10
9.96203e-11
9.62909e-11
1.01363e-10
1.01175e-10
1.03173e-10
9.82786e-11
9.68878e-11
1.00044e-10
0.000377249
0.0092175
1.00871e-10
1.01837e-10
1.01749e-10
9.82538e-11
9.73034e-11
9.76522e-11
9.98037e-11
1.00627e-10
9.82641e-11
9.77326e-11
1.03837e-10
1.04714e-10
1.00084e-10
0.00885804
0.952122
0.96447
0.980293
0.945038
0.876236
0.932555
0.840696
0.961661
0.00355763
1.04129e-10
9.86142e-11
9.84453e-11
1.04865e-10
9.27751e-11
1.02882e-10
9.91774e-11
1.03069e-10
9.98345e-11
1.04939e-10
1.00181e-10
9.56932e-11
9.94635e-11
1.02805e-10
9.63545e-11
9.7473e-11
9.74765e-11
1.00685e-10
1.01788e-10
9.4185e-11
1.03891e-10
9.74665e-11
1.03275e-10
1.04428e-10
1.11329e-10
9.34239e-11
1.18002e-10
1.05904e-10
1.06921e-10
1.04132e-10
9.9256e-11
9.86728e-11
9.80306e-11
9.9704e-11
9.91851e-11
1.1771e-10
1.02998e-10
9.88603e-11
9.67654e-11
9.71923e-11
9.72383e-11
1.01005e-10
1.04229e-10
1.03809e-10
9.7706e-11
9.95926e-11
1.02771e-10
9.98717e-11
1.07917e-10
9.95683e-11
9.69303e-11
1.01451e-10
1.06413e-10
1.0174e-10
0.00374316
1.04536e-10
9.9454e-11
1.03638e-10
1.01978e-10
9.8342e-11
9.97427e-11
1.01471e-10
1.03661e-10
1.02047e-10
1.06866e-10
9.89385e-11
9.59298e-11
9.64845e-11
9.64527e-11
9.76481e-11
1.06252e-10
9.95485e-11
1.02467e-10
1.01684e-10
1.05341e-10
9.85989e-11
9.53239e-11
9.49549e-11
9.82827e-11
1.03863e-10
1.04983e-10
1.01213e-10
1.02633e-10
1.00014e-10
1.00953e-10
1.00756e-10
9.88673e-11
9.52798e-11
1.02948e-10
1.01226e-10
1.00105e-10
9.76654e-11
9.96891e-11
9.78062e-11
9.60159e-11
9.60991e-11
1.02657e-10
1.08671e-10
1.00817e-10
1.01387e-10
1.0095e-10
1.05599e-10
1.01981e-10
9.67221e-11
1.06856e-10
1.01943e-10
1.09704e-10
1.03497e-10
1.09132e-10
1.06157e-10
9.93789e-11
1.0009e-10
1.25409e-10
1.09055e-10
1.04273e-10
1.00875e-10
1.01386e-10
1.44871e-10
1.08185e-10
1.01102e-10
1.02895e-10
9.97997e-11
1.00614e-10
1.08376e-10
1.00892e-10
1.03288e-10
1.019e-10
1.09966e-10
1.02718e-10
1.04046e-10
9.95436e-11
1.22165e-10
1.10097e-10
9.02904e-11
9.70243e-11
1.04477e-10
0.000939609
9.76704e-11
9.58361e-11
1.02333e-10
1.07461e-10
1.03889e-10
9.93454e-11
9.8998e-11
9.71186e-11
9.81571e-11
1.0423e-10
9.78491e-11
9.87089e-11
1.03805e-10
9.81472e-11
1.11558e-10
1.00207e-10
1.12449e-10
9.98457e-11
9.68156e-11
1.00216e-10
1.07918e-10
1.02949e-10
9.97023e-11
9.99413e-11
1.01193e-10
1.07372e-10
1.12033e-10
1.00046e-10
9.69292e-11
9.71803e-11
1.08319e-10
9.97097e-11
1.01733e-10
9.56586e-11
1.02141e-10
1.05477e-10
1.04025e-10
9.27649e-11
1.02e-10
9.5447e-11
9.82006e-11
9.55956e-11
1.00986e-10
1.0104e-10
0.000510192
1.04383e-10
9.79837e-11
9.82203e-11
1.01751e-10
1.03525e-10
1.04146e-10
1.03549e-10
0.000803496
1.04405e-10
1.00734e-10
1.00524e-10
1.05603e-10
0.000802942
1.02779e-10
1.01995e-10
1.06932e-10
1.01989e-10
1.02121e-10
1.02112e-10
9.98326e-11
0.00121272
9.75242e-11
1.01572e-10
1.03384e-10
1.0356e-10
1.04214e-10
1.06082e-10
1.01715e-10
1.07026e-10
9.88051e-11
9.95354e-11
9.84878e-11
9.96736e-11
9.65157e-11
1.02513e-10
1.07186e-10
1.04886e-10
1.04461e-10
1.02837e-10
1.02475e-10
1.06479e-10
1.03517e-10
1.00207e-10
1.00482e-10
1.09052e-10
9.82219e-11
1.03428e-10
1.00941e-10
1.01673e-10
1.01849e-10
1.05991e-10
9.52191e-11
1.03364e-10
1.04775e-10
1.0031e-10
9.76841e-11
9.99888e-11
9.33165e-11
9.34345e-11
1.00106e-10
1.02684e-10
9.96931e-11
9.65271e-11
1.0356e-10
1.01201e-10
1.02232e-10
1.0165e-10
1.05932e-10
9.60903e-11
1.02146e-10
1.02327e-10
9.75171e-11
1.07303e-10
1.23085e-10
9.57484e-11
9.86132e-11
1.01078e-10
9.31025e-11
1.11806e-10
9.62807e-11
8.84678e-11
9.8279e-11
9.63369e-11
1.01668e-10
1.02166e-10
1.05371e-10
1.09491e-10
1.02126e-10
9.99722e-11
9.94564e-11
1.03036e-10
7.34557e-11
1.00727e-10
9.18214e-11
1.00806e-10
9.87475e-11
1.00072e-10
9.98733e-11
1.0235e-10
1.01509e-10
9.97605e-11
9.53002e-11
9.85633e-11
9.78162e-11
9.85527e-11
9.99056e-11
9.7918e-11
1.0041e-10
9.27588e-11
9.94564e-11
9.49934e-11
9.54679e-11
1.02767e-10
9.808e-11
9.67066e-11
1.06127e-10
1.04659e-10
1.07686e-10
1.05344e-10
9.88331e-11
1.02902e-10
3.01994e-10
1.03848e-10
1.03495e-10
1.92589e-05
1.04551e-10
9.88145e-11
9.83965e-11
9.8198e-11
9.80064e-11
9.88667e-11
1.02685e-10
1.01695e-10
1.04735e-10
1.07008e-10
1.07609e-10
1.04091e-10
1.04803e-10
1.02696e-10
1.04295e-10
1.00691e-10
9.87382e-11
9.66178e-11
1.02128e-10
9.79988e-11
1.01423e-10
1.01533e-10
1.0006e-10
1.05015e-10
1.06399e-10
1.02885e-10
1.01895e-10
1.02316e-10
9.84097e-11
1.0326e-10
1.02827e-10
1.01097e-10
1.03593e-10
1.02422e-10
1.0458e-10
1.05211e-10
1.03001e-10
0.000964592
0.00211805
1.074e-10
9.82516e-11
9.51514e-11
1.02959e-10
1.07337e-10
1.04057e-10
1.08279e-10
9.40977e-11
9.82416e-11
1.03802e-10
1.01969e-10
1.10994e-10
1.04296e-10
1.02619e-10
1.05739e-10
1.06952e-10
1.01488e-10
1.03851e-10
1.05985e-10
0.00175911
1.03427e-10
1.02381e-10
1.06281e-10
1.00809e-10
1.06423e-10
1.02305e-10
1.01868e-10
0.00250219
1.04649e-10
0.000707864
1.01779e-10
1.03742e-10
1.06231e-10
0.00162939
1.02335e-10
0.000453315
1.05034e-10
1.04988e-10
1.02625e-10
1.01608e-10
1.06236e-10
1.05552e-10
1.04729e-10
1.01638e-10
1.07909e-10
1.04265e-10
1.04558e-10
1.06344e-10
1.01904e-10
1.01216e-10
0.0213816
9.88085e-11
9.71536e-11
1.03586e-10
9.55994e-11
1.02777e-10
9.96718e-11
1.06277e-10
1.08239e-10
1.02543e-10
1.04307e-10
1.02704e-10
1.07602e-10
1.03498e-10
1.08294e-10
1.09364e-10
9.63739e-11
1e-10
9.94366e-11
1.16382e-10
0.000808678
1.01706e-10
9.90982e-11
1.07749e-10
9.85037e-11
1.03583e-10
1.04148e-10
1.10596e-10
9.83802e-11
0.00362842
9.81526e-11
1.14474e-10
9.46487e-11
1.00559e-10
9.42981e-11
0.0349441
9.66231e-11
7.13679e-05
1.08291e-10
1.01981e-10
1.05654e-10
1.06327e-10
1.03791e-10
1.03002e-10
1.03249e-10
9.85667e-11
9.80909e-11
1.03433e-10
1.01521e-10
9.94935e-11
9.90425e-11
1.05006e-10
9.28011e-11
0.0490347
9.64269e-11
9.66138e-11
0.0428076
9.72863e-11
1.00646e-10
1.03234e-10
1.04656e-10
1.02511e-10
1.02516e-10
1.0456e-10
1.03269e-10
1.03255e-10
1.06837e-10
9.55061e-11
9.72604e-11
1.04438e-10
1.08856e-10
9.90717e-11
9.87938e-11
0.000484289
9.55226e-11
1.04364e-10
9.85304e-11
9.56201e-11
1.03045e-10
1.04032e-10
9.88163e-11
9.65532e-11
9.79699e-11
1.00373e-10
0.00330893
9.50878e-11
9.91437e-11
9.98143e-11
9.61777e-11
1.0561e-10
9.4744e-11
1.04576e-10
9.64158e-11
1.04188e-10
0.0913284
1.10488e-10
9.46924e-11
1.1268e-10
9.6474e-11
0.0317584
0.0188888
0.0853895
8.55247e-11
9.69872e-11
9.84959e-11
9.83092e-11
9.82069e-11
9.97034e-11
9.7576e-11
0.0356619
9.73717e-11
9.61364e-11
1.08419e-10
9.38912e-11
9.70204e-11
9.74575e-11
9.60972e-11
9.81356e-11
9.78333e-11
1.0531e-10
1.02248e-10
1.09758e-10
9.94914e-11
0.0687763
0.0601708
1.05731e-10
1.02798e-10
0.00532984
9.45698e-11
1.01222e-10
1.10709e-10
9.42868e-11
9.77292e-11
1.0592e-10
9.90372e-11
9.58413e-11
9.82354e-11
1.00485e-10
9.32975e-11
9.50836e-11
1.05317e-10
1.05103e-10
1.05434e-10
9.6854e-11
9.77065e-11
1.04219e-10
9.51618e-11
9.84817e-11
9.63927e-11
9.28557e-11
1.07298e-10
1.08117e-10
9.9469e-11
9.86156e-11
9.76395e-11
0.0948509
9.66416e-11
0.0272988
9.57748e-11
0.000464854
9.71455e-11
0.0779866
9.19769e-11
0.08869
1.0713e-10
9.7939e-11
1.06299e-10
0.0598435
0.0400129
0.0874707
0.081902
9.61853e-11
9.47029e-11
9.09209e-11
0.0266873
1.06971e-10
9.47316e-11
9.72814e-11
9.94419e-11
9.51962e-11
9.90765e-11
1.00134e-10
9.80221e-11
9.88998e-11
1.00517e-10
1.07405e-10
0.00189892
0.0619554
9.76676e-11
9.57853e-11
9.53984e-11
0.0985605
0.0115552
9.88543e-11
1.04747e-10
1.08039e-10
9.56341e-11
1.03486e-10
1.04119e-10
1.00454e-10
1.03972e-10
9.42991e-11
9.59901e-11
1e-10
9.6687e-11
9.52985e-11
9.56874e-11
9.88099e-11
0.0321238
1.00099e-10
1.05974e-10
9.75343e-11
9.48862e-11
1.00211e-10
9.62416e-11
9.99991e-11
9.94143e-11
9.58243e-11
9.48968e-11
9.99393e-11
9.96276e-11
1.06296e-10
1.12735e-10
1.2738e-10
1.03853e-10
9.94897e-11
9.76761e-11
1.01714e-10
1.07096e-10
1.08524e-10
1.04508e-10
1.02619e-10
9.79338e-11
1.08792e-10
1.07105e-10
1.07114e-10
1.02817e-10
1.12627e-10
1.08085e-10
9.87209e-11
1.45028e-10
1.15003e-10
1.03979e-10
1.05936e-10
1.03407e-10
1.15458e-10
1.1147e-10
1.00915e-10
1.019e-10
9.5562e-11
1.0053e-10
9.3293e-11
1.00012e-10
1.00893e-10
1.05117e-10
9.88753e-11
9.94876e-11
1.03503e-10
9.73353e-11
9.6914e-11
1.08836e-10
1.11024e-10
9.69106e-11
9.51941e-11
0.0308284
0.0152149
0.0050578
0.0561277
1.00202e-10
9.88968e-11
1.06126e-10
0.0872898
0.0575928
0.0988115
0.0513115
0.0665782
9.31121e-11
9.41215e-11
9.55678e-11
0.0738451
0.00613131
0.0145642
9.22051e-11
9.2337e-11
0.0617241
0.0640556
9.81074e-11
1.19585e-10
0.000284139
1.02631e-10
9.74361e-11
9.59395e-11
9.39627e-11
9.44472e-11
1.08232e-10
1.02703e-10
9.86597e-11
1.04337e-10
8.71511e-11
9.77939e-11
9.85091e-11
1.03728e-10
1.04447e-10
1.08906e-10
9.89105e-11
1.06599e-10
1.09513e-10
1.00093e-10
9.49438e-11
1.00084e-10
1.03397e-10
1.0047e-10
1.03109e-10
9.89257e-11
1.02914e-10
1.03771e-10
1.03173e-10
4.56824e-05
9.74836e-11
9.48706e-11
1.04816e-10
1.00109e-10
1.0437e-10
1.01825e-10
9.90934e-11
1.0819e-10
9.84049e-11
1.06914e-10
1.11122e-10
9.92161e-11
1.02208e-10
1.0688e-10
9.95373e-11
9.83519e-11
1.00779e-10
9.22271e-11
9.65567e-11
1.00816e-10
1.03545e-10
9.9538e-11
9.55627e-11
1.05515e-10
9.54976e-11
9.54728e-11
1.04701e-10
1.08536e-10
9.6909e-11
9.28246e-11
1.05972e-10
9.41629e-11
1.02179e-10
1.05386e-10
1.02677e-10
1.64355e-10
1.1404e-10
9.52273e-11
9.51869e-11
9.16547e-11
9.52216e-11
1.00539e-10
1.03715e-10
1.03634e-10
1.04257e-10
1.06071e-10
1.19046e-10
9.94925e-11
1.02555e-10
9.79612e-11
9.65977e-11
1.04506e-10
1.05073e-10
1.03111e-10
9.8797e-11
9.6597e-11
1.02215e-10
1.04571e-10
1.04576e-10
9.60048e-11
0.000185174
1.03306e-10
9.51484e-11
9.74102e-11
9.869e-11
1.0798e-10
9.55354e-11
1.03787e-10
1.01561e-10
1.04474e-10
1.02097e-10
1.03564e-10
1.02954e-10
1.05433e-10
1.05089e-10
1.1087e-10
9.84631e-11
1.04768e-10
1.06387e-10
0.086782
0.256776
0.00032982
9.22145e-11
8.81046e-11
1.02456e-10
9.43724e-11
8.84483e-11
0.000351095
1.13695e-10
9.3345e-11
8.82157e-11
9.44065e-11
9.84032e-11
9.56104e-11
1.02567e-10
1.07912e-10
1.06261e-10
1.00228e-10
1.01547e-10
1.01576e-10
9.86921e-11
1.03333e-10
1.04411e-10
8.97458e-11
1.03202e-10
1.00517e-10
0.0015925
9.79886e-11
9.9751e-11
0.00406023
1.03398e-10
1.06598e-10
8.97141e-11
9.62688e-11
8.76947e-11
1.064e-10
1.05862e-10
9.15397e-11
9.57244e-11
9.65721e-11
9.53336e-11
1.03028e-10
1.04647e-10
1.04016e-10
1.01516e-10
1.06406e-10
1.06274e-10
1.07658e-10
1.06128e-10
1.00972e-10
1.08069e-10
1.12776e-10
9.9215e-11
1.12043e-10
9.73426e-11
1.08077e-10
1.03955e-10
1.02836e-10
1.09018e-10
1.14197e-10
1.03139e-10
0.000444528
1.01437e-10
1.01845e-10
9.7586e-11
1.04401e-10
1.13349e-10
9.85871e-11
9.45615e-11
9.85806e-11
9.91489e-11
1.1387e-10
9.93359e-11
9.54484e-11
0.09805
9.9938e-11
9.96906e-11
1.05749e-10
1.06997e-10
1.06015e-10
9.94884e-11
1.3987e-10
1.03235e-10
1.02877e-10
9.70854e-11
1.07084e-10
9.86406e-11
1.034e-10
1.06602e-10
1.1951e-10
1.06901e-10
9.88956e-11
1.04893e-10
9.67762e-11
9.70501e-11
0.0872936
0.0574123
0.000645723
0.0746871
9.86109e-11
1.00997e-10
1.10921e-10
0.0148211
1.02346e-10
9.84605e-11
1.01351e-10
9.27738e-11
1.02875e-10
1.05277e-10
1.0517e-10
1.04406e-10
9.48656e-11
9.77436e-11
1.06698e-10
9.40095e-11
9.87444e-11
9.85695e-11
1.01892e-10
9.7702e-11
9.69679e-11
7.5379e-05
9.85385e-11
0.00108168
1.01464e-10
9.69253e-11
1.00426e-10
1.08212e-10
9.71261e-11
9.94041e-11
9.48764e-11
9.91966e-11
9.50507e-11
9.85417e-11
9.95034e-11
9.80926e-11
9.61771e-11
0.0357104
9.85254e-11
9.8563e-11
9.85642e-11
9.60803e-11
9.70029e-11
9.8668e-11
9.56119e-11
9.71145e-11
9.83677e-11
9.97393e-11
9.862e-11
9.91725e-11
9.52364e-11
1.01768e-10
9.85674e-11
9.90386e-11
0.0762044
9.38882e-11
9.65256e-11
9.7652e-11
9.98181e-11
9.76704e-11
1.11995e-10
9.50513e-11
0.0454469
1.03666e-10
9.75485e-11
9.73752e-11
1.00282e-10
9.56137e-11
9.43818e-11
1.0364e-10
0.075206
0.111192
8.96872e-11
9.69967e-11
1.02599e-10
9.01848e-11
0.0195061
9.26383e-11
1.01314e-10
1.0626e-10
0.077129
9.65512e-11
0.0815412
9.57274e-11
1.07181e-10
1.01185e-10
1.11159e-10
0.0738222
0.0889046
9.30313e-11
9.48896e-11
0.0350303
9.37597e-11
0.00148115
0.0596587
9.67278e-11
9.75914e-11
9.81864e-11
0.0809126
0.0471448
0.0911845
0.078907
0.0750831
0.0978951
0.0551347
1.14887e-10
0.0866445
0.0507138
1.03479e-10
9.92852e-11
9.94078e-11
1.01886e-10
0.0228873
1.03415e-10
9.61113e-11
0.00509586
9.99292e-11
9.45641e-11
9.70154e-11
9.36461e-11
0.177304
0.0958994
0.089868
0.023366
0.00367614
0.0939421
9.85084e-11
0.00310194
0.0596543
9.8212e-11
0.0722551
0.0969704
9.68744e-11
9.81494e-11
9.85431e-11
9.74558e-11
9.7936e-11
0.0848198
0.177674
0.0861707
0.0971949
9.8354e-11
1.02493e-10
9.88441e-11
1.00597e-10
0.00342811
0.0904763
0.0952117
9.57779e-11
9.56656e-11
9.64945e-11
1.26879e-10
9.79668e-11
9.27461e-11
9.95327e-11
9.32648e-11
1.01217e-10
9.93401e-11
9.32388e-11
9.44117e-11
1.08514e-10
9.89391e-11
1.0269e-10
9.59622e-11
9.96344e-11
9.92416e-11
1.07897e-10
9.35068e-11
9.77838e-11
9.66133e-11
1.05928e-10
9.60046e-11
1.03225e-10
0.000383726
9.84811e-11
9.28775e-11
1.04948e-10
1.01398e-10
1.03727e-10
0.0683275
0.0225893
9.59429e-11
1.05108e-10
9.63503e-11
9.73438e-11
1e-10
9.68652e-11
1.08292e-10
9.77274e-11
9.63197e-11
9.86364e-11
9.80533e-11
9.91156e-11
0.000732498
1.11605e-10
9.82371e-11
1.15653e-10
9.2976e-11
1.01207e-10
9.53518e-11
1.09214e-10
9.465e-11
9.46017e-11
1.02998e-10
9.54053e-11
9.54081e-11
1.02135e-10
0.0445363
0.0106245
9.34696e-11
1.05507e-10
9.56239e-11
1.06425e-10
1.06498e-10
1.01769e-10
1.02794e-10
9.31328e-11
1.01515e-10
9.65753e-11
1.07061e-10
9.78077e-11
9.82246e-11
9.40794e-11
9.63154e-11
9.33354e-11
0.000161494
9.28006e-11
0.354183
0.0853076
0.0669618
1.08261e-10
9.64553e-11
1.01179e-10
1.04082e-10
9.67222e-11
1.0043e-10
1.04765e-10
1.04606e-10
9.24267e-11
1.1698e-10
9.90851e-11
9.73432e-11
9.98534e-11
9.9911e-11
9.75081e-11
9.46433e-11
1e-10
1.00916e-10
0.0656486
0.0346655
0.0152319
1.00559e-10
0.0484788
9.42195e-11
0.0923688
0.079207
9.41102e-11
1.00038e-10
1.01994e-10
9.91843e-11
1.04949e-10
1.00088e-10
1.00961e-10
0.0703557
9.71504e-11
1.03678e-10
9.19685e-11
9.31861e-11
0.0124377
1.08028e-10
1.01319e-10
9.01547e-11
2.72835e-10
8.89887e-11
1.00008e-10
1.04352e-10
1.02784e-10
1e-10
9.4947e-11
1.02735e-10
1.04118e-10
7.52116e-11
9.34215e-11
9.82846e-11
1.20229e-10
1.04011e-10
9.90899e-11
1.02961e-10
9.79787e-11
0.0488534
1.04415e-10
1.02946e-10
1.13944e-10
9.46167e-11
1.09096e-10
9.99508e-11
1e-10
1.0043e-10
9.9886e-11
9.20362e-11
9.87144e-11
8.66081e-11
1.01443e-10
9.68761e-11
0.0563229
0.0931817
0.0685126
0.0892652
0.0906182
0.095579
0.0447005
0.0956305
0.261237
0.176008
0.00458584
0.1584
0.115449
0.134042
0.0976924
0.0868331
0.0907879
0.0974418
0.113238
0.0773474
0.117124
0.174052
0.577309
1.04494e-10
0.153829
0.276113
0.13991
0.0862735
0.126627
0.191355
0.17494
0.462186
0.0955519
0.0950655
0.173742
0.0931638
0.105073
0.0313929
0.0936691
0.15951
0.0775967
0.270576
0.304729
0.0918387
0.125067
0.081964
0.0990325
0.0985028
0.228936
0.370966
0.443837
0.197904
0.176971
0.0771679
0.275999
0.178206
0.0836003
0.0939386
0.182099
0.243363
9.86987e-11
9.93236e-11
9.953e-11
9.93272e-11
9.50835e-11
1.05107e-10
0.00368059
9.98005e-11
9.5161e-11
9.82096e-11
1.02488e-10
9.82659e-11
9.94558e-11
1.00493e-10
9.81459e-11
9.93536e-11
1.02227e-10
9.87899e-11
9.59531e-11
1.01447e-10
9.98962e-11
1.07661e-10
1.02527e-10
1.0172e-10
1.09066e-10
8.97097e-11
1.01131e-10
0.000290027
1.13032e-10
1.01937e-10
1.16813e-10
1.02271e-10
9.52365e-11
1.05769e-10
0.194407
0.0867413
9.63034e-11
9.78907e-11
8.84706e-11
1.25971e-10
9.28358e-11
1.39603e-05
1.00343e-10
1.00921e-10
1e-10
1.01984e-10
0.0353756
0.122193
0.00205904
0.0975967
0.0879914
0.0976468
9.46958e-11
0.00935445
0.0733519
0.136737
0.0904269
0.0952729
0.194512
0.160836
0.105641
0.0982063
0.167623
0.2562
0.165851
0.262498
0.0879691
0.25754
0.0387749
0.134486
0.417134
0.158323
0.351092
0.0998099
0.0340975
1.08862e-10
0.0361751
1.0513e-10
9.79229e-11
0.160414
0.0892563
0.0725789
0.161574
0.0533028
0.0255519
0.098843
9.61197e-11
0.159872
0.00454952
0.0733372
0.173553
0.0500588
0.0994167
0.0933988
0.0748433
0.0767247
0.07802
0.00710904
0.0915099
0.0304258
0.0782818
0.0961001
0.0562338
9.61696e-11
0.21649
0.348138
0.528214
0.32625
0.546581
0.301535
0.0886811
0.253503
0.179492
0.298861
9.82237e-11
9.94929e-11
2.20403e-05
9.78255e-11
9.63174e-11
9.61022e-11
9.55556e-11
1.02265e-10
9.66946e-11
1.03284e-10
9.64797e-11
1.04026e-10
9.60374e-11
1.02339e-10
1.0838e-10
1.01505e-10
0.0888016
0.0334786
0.0864094
9.73849e-11
1.00204e-10
0.013198
1.06131e-10
9.85505e-11
9.94684e-11
9.79369e-11
9.81227e-11
9.78964e-11
9.58521e-11
9.93033e-11
9.79825e-11
9.75097e-11
9.75004e-11
9.89699e-11
1.00656e-10
9.94391e-11
9.86385e-11
1.11435e-10
1.02499e-10
1.01346e-10
9.96438e-11
9.6771e-11
9.73034e-11
1.06042e-10
9.92471e-11
9.7738e-11
1.04354e-10
1.02702e-10
1.04693e-10
1.01497e-10
9.84255e-11
9.43697e-11
9.75344e-11
1.03232e-10
1.05046e-10
1.74907e-10
1.07003e-10
1.04102e-10
1.02411e-10
1.06824e-10
1.12536e-10
9.24753e-11
1.12084e-10
1.07561e-10
1.13546e-10
9.9923e-11
9.93522e-11
9.94407e-11
1.03044e-10
9.47277e-11
1.10483e-10
1e-10
9.73683e-11
1e-10
1.03751e-10
1.02167e-10
1.11486e-10
9.49347e-11
9.84707e-11
9.6178e-11
9.13164e-11
9.63774e-11
1.00204e-10
9.91514e-11
9.97282e-11
9.95811e-11
0.0977578
1.02585e-10
0.208191
0.0309602
0.0469569
0.127833
1.00068e-10
4.17512e-10
1.21739e-10
1.05352e-10
9.27832e-11
9.3483e-11
1e-10
9.85851e-11
1.01783e-10
1.00296e-10
1.07362e-10
9.99339e-11
9.28108e-11
1.00318e-10
0.113972
0.111313
0.0721688
0.0990884
0.147835
0.16835
0.307297
0.37327
0.508615
0.282283
0.540073
0.364211
0.848417
0.542975
0.367622
0.523794
0.514492
0.503256
0.481267
0.523208
0.681991
0.527063
0.359224
0.714565
0.544348
0.614194
0.529978
0.637981
0.553192
0.639675
0.3767
0.342866
0.635857
0.231981
0.849979
0.758037
0.698489
0.444685
0.688302
0.68014
0.617349
0.353338
0.595964
0.717117
0.76795
0.741346
0.645011
0.0779496
0.217775
0.336328
0.382902
0.264554
0.21828
0.463263
1.02122e-10
0.158609
0.684122
0.718373
0.179531
0.146575
0.438948
0.0783181
0.0929689
0.096148
9.22799e-11
6.09256e-11
1.10831e-10
6.81313e-11
9.59721e-11
1.07463e-10
9.53274e-11
9.28498e-11
1e-10
9.99223e-11
1.19444e-10
9.89243e-11
1.00704e-10
9.60602e-11
1.00765e-10
1.00482e-10
9.35027e-09
9.27314e-11
9.20375e-11
1.82173e-10
9.9929e-11
1.0091e-10
9.85084e-11
1.00666e-10
9.9152e-11
1.10281e-10
9.83103e-11
9.88401e-11
0.00020462
1.67728e-05
0.24246
0.155969
0.168635
0.0340436
0.110504
0.0787762
0.0914551
0.0911958
0.170066
0.0953483
0.0366377
0.241154
0.193436
0.0936359
0.220222
0.195526
0.426289
0.465298
0.389653
0.0962366
0.330857
0.138639
0.0404089
0.0791067
0.0879062
0.189079
0.366304
0.426188
0.221222
0.243645
0.278303
0.169335
0.0960727
0.0074991
0.133037
0.271158
0.339903
0.207173
0.215473
0.354641
0.152885
0.210962
0.49404
0.282821
0.223612
0.185483
0.330451
0.223559
0.319554
0.224064
0.408531
0.360113
0.41815
0.377911
0.385233
0.283489
0.277592
0.425401
0.322524
0.301278
0.339181
0.376539
0.443913
0.624158
0.452131
0.585879
0.327719
0.339636
0.584431
0.626365
0.342482
0.59377
0.31736
0.196985
0.42673
0.579962
0.651941
0.630284
0.334031
0.223431
0.512669
0.469031
0.291407
0.377164
0.412805
0.650877
0.56131
0.540234
0.341958
0.248366
0.206579
0.174239
0.515741
0.248571
0.457613
0.68466
0.660991
0.678668
0.488985
0.648615
0.578066
0.694491
0.68868
0.707221
1.002e-10
9.51431e-11
9.95187e-11
1e-10
1.00093e-10
9.54334e-11
9.99492e-11
1.01818e-10
1.0319e-10
1e-10
1.06694e-10
9.72477e-11
0.87792
0.810743
0.746236
0.649209
0.488692
0.550009
0.911181
0.996859
0.113722
0.0861732
0.731084
0.219467
0.139441
0.230601
0.0698797
0.135412
0.246053
0.124504
0.0428396
0.0733798
8.99546e-11
9.47725e-11
9.95409e-11
1.44938e-10
9.56349e-11
9.39361e-11
9.94833e-11
9.96804e-11
0.513092
0.251
0.370701
0.3446
0.54731
0.614426
0.47915
0.684915
0.849586
0.900126
0.6981
0.681249
0.788037
0.773494
0.680295
0.866857
0.83523
0.842778
0.764182
0.717978
0.665074
0.835376
0.821653
0.715619
0.775118
0.685329
0.74383
1
0.876848
0.903376
0.854395
0.986722
0.998371
0.784088
0.695162
0.732757
0.700076
0.720376
0.416777
0.650903
0.620199
0.80895
0.647595
0.87315
0.651861
0.881482
0.873805
0.883017
0.897005
0.717045
0.701152
1.00075e-10
9.99994e-11
1.00345e-10
1.00297e-10
9.95381e-11
1.02081e-10
1.00804e-10
9.99807e-11
1.06032e-10
1.05438e-10
1.00431e-10
1.00671e-10
1.35013e-10
9.83233e-11
1.00003e-10
1.00623e-10
1e-10
1.0598e-10
0.36964
0.371746
0.544168
0.870192
0.149959
0.152504
9.27965e-11
1.01508e-10
9.33489e-11
8.87777e-11
0.613083
0.854764
0.595319
0.463734
0.694532
0.705324
0.787458
0.672919
0.463218
0.747236
1.07315e-10
9.95116e-11
1.01115e-10
1.01021e-10
9.25742e-11
1.03349e-10
9.99797e-11
9.70147e-11
9.98239e-11
1.18866e-10
9.51809e-11
1.04813e-10
9.80276e-11
9.03371e-11
9.72871e-11
9.86454e-11
1.11336e-10
8.94441e-11
9.99256e-11
9.85738e-11
9.70255e-11
8.66659e-11
9.95714e-11
1.08075e-10
9.49735e-11
9.99765e-11
9.16561e-11
9.87669e-11
1.04276e-10
1.02456e-10
9.23487e-11
1.01102e-10
9.92558e-11
0.00026787
9.11411e-11
9.04767e-11
9.99475e-11
9.94481e-11
1e-10
1.00018e-10
1.00343e-10
9.97277e-11
1e-10
9.97732e-11
1.01609e-10
1.00641e-10
1.01906e-10
1.00235e-10
1.02995e-10
1.03414e-10
0.465991
0.604267
0.678183
0.658679
1.00091e-10
9.49181e-11
9.90376e-11
9.84552e-11
9.78877e-11
9.75604e-11
9.90579e-11
9.72554e-11
9.90491e-11
9.96246e-11
0.790082
0.652469
0.974866
0.965991
0.815297
0.923453
0.920202
0.67213
0.816315
0.843873
0.721864
0.91314
0.997197
0.919607
0.182236
0.476024
0.150878
0.828633
0.581131
0.286267
0.673127
0.685576
0.578405
0.313183
0.78927
1
0.862209
0.913195
0.102514
0.0628653
0.791208
0.794073
0.75151
0.89327
0.0987822
0.167034
0.165737
0.34029
0.907031
0.972712
0.952003
0.876629
0.922067
0.910115
0.750866
0.788048
0.810194
0.928072
0.859894
0.978795
0.917456
0.93396
0.945576
0.936758
0.905591
0.985771
1.05408e-10
9.89562e-11
9.8016e-11
9.94485e-11
1.14811e-10
1.09753e-10
1.17682e-10
9.89528e-11
1.00453e-10
9.87908e-11
9.92005e-11
1e-10
9.83511e-11
1.1441e-10
9.77617e-11
1.01067e-10
9.68213e-11
9.61975e-11
9.65355e-11
9.84923e-11
1.18799e-10
1.08683e-10
9.98665e-11
1.00043e-10
9.91738e-11
9.9425e-11
1.01063e-10
1e-10
9.95333e-11
9.93927e-11
0.075
1.00121e-10
9.89605e-11
1e-10
9.9521e-11
1.07766e-10
1.00191e-10
9.90766e-11
9.89379e-11
9.74312e-11
1.00069e-10
1.00399e-10
9.83826e-11
9.89942e-11
9.57534e-11
9.69608e-11
1.00191e-10
9.78893e-11
9.9054e-11
9.98953e-11
9.99363e-11
1.11868e-10
1.16555e-10
1.00024e-10
1.02205e-10
1.11615e-10
9.92585e-11
1.02008e-10
9.99373e-11
9.86569e-11
9.20342e-11
9.58388e-11
9.61657e-11
9.76939e-11
9.70215e-11
9.92173e-11
9.77013e-11
1.05801e-10
9.9588e-11
1e-10
1.02177e-10
9.95028e-11
1e-10
9.9795e-11
9.91739e-11
9.9455e-11
9.52551e-11
9.61065e-11
9.52713e-11
9.41331e-11
9.82148e-11
9.71473e-11
9.47402e-11
9.81238e-11
9.26557e-11
1.11455e-10
9.78976e-11
1.01405e-10
1.01041e-10
9.79629e-11
9.25688e-11
9.58037e-11
9.58987e-11
1.05224e-10
9.93842e-11
1.02817e-10
9.46374e-11
9.6414e-11
0.00297397
0.000476974
9.83946e-11
9.19001e-11
9.74709e-11
0.00371287
9.77377e-11
1.02175e-10
9.57188e-11
9.63587e-11
9.73846e-11
9.84868e-11
9.57741e-11
9.76121e-11
9.87311e-11
1e-10
9.42787e-11
9.96232e-11
1.06078e-10
9.97392e-11
9.95621e-11
9.41047e-11
1.0288e-10
1.06035e-10
9.93932e-11
9.9293e-11
1.006e-10
1.00764e-10
1.00304e-10
9.86285e-11
9.75123e-05
1.01931e-10
9.9973e-11
1.01379e-10
1e-10
9.84641e-11
1e-10
1.0006e-10
1.06868e-10
1.06722e-10
9.42451e-11
9.3359e-11
1.03236e-10
1.02373e-10
9.46432e-11
1.09225e-10
1.0285e-10
9.86963e-11
9.88759e-11
1.05411e-10
1.02806e-10
1.01343e-10
1.05562e-10
0.00265539
1.01755e-10
1.04654e-10
9.67571e-11
1.06534e-10
1.05411e-10
1.03943e-10
9.40179e-11
9.94727e-11
0.00311069
9.96064e-11
9.85874e-11
1.09789e-10
1.0257e-10
9.81611e-11
1.03507e-10
1.04245e-10
9.36535e-11
9.57391e-11
1.12293e-10
1.08239e-10
9.86224e-11
1.07069e-10
9.58315e-11
9.8244e-11
9.49783e-11
9.18786e-11
1.20526e-10
9.72745e-11
9.76278e-11
1.10444e-10
1.14374e-10
1.04733e-10
9.55185e-11
9.66175e-11
9.06288e-11
1.02024e-10
9.123e-11
9.54677e-11
1e-10
9.59433e-11
1.00037e-10
1e-10
1.03208e-10
1e-10
1.00056e-10
9.86066e-11
1.00298e-10
9.49489e-11
9.49926e-11
1.02182e-10
1.05018e-10
1.03111e-10
1.03452e-10
1.0183e-10
1.08677e-10
9.93029e-11
1.00094e-10
9.77335e-11
1.09256e-10
1.06275e-10
9.55451e-11
9.96971e-11
1.01977e-10
1.07982e-10
9.64699e-11
9.78196e-11
1.00057e-10
9.00691e-11
9.85793e-11
9.55438e-11
1.01884e-10
1.00453e-10
9.63668e-11
1.0026e-10
1.01993e-10
1.31597e-10
9.95164e-11
1.08172e-10
1.24703e-10
9.53307e-11
9.41877e-11
1.06118e-10
1.04104e-10
1.02956e-10
1.03715e-10
9.79354e-11
1.00538e-10
9.49585e-11
1.04757e-10
9.2677e-11
9.69865e-11
9.40026e-11
8.97286e-11
9.21253e-11
1.06569e-10
1.03493e-10
0.000486883
1.05689e-10
1.03893e-10
1.07201e-10
1.03648e-10
9.95332e-11
1.01619e-10
9.87222e-11
1.029e-10
9.68904e-11
1.09617e-10
1.002e-10
9.66421e-11
1.01936e-10
1.07184e-10
1.0121e-10
1.02368e-10
9.62716e-11
9.16915e-11
9.87259e-11
1.03593e-10
1.0581e-10
1.00123e-10
1.06404e-10
9.41711e-11
9.20175e-11
1.02035e-10
1.03465e-10
1.06248e-10
1.02515e-10
9.50633e-11
9.52848e-11
9.7082e-11
9.6126e-11
9.33204e-11
9.29646e-11
1.04688e-10
9.12706e-11
1.06334e-10
8.90865e-11
1.06632e-10
1.04413e-10
1.04475e-10
1.06824e-10
9.43866e-11
9.38582e-11
9.93173e-11
9.72438e-11
9.2889e-11
9.60269e-11
9.9437e-11
9.99866e-11
1.03431e-10
1.00792e-10
9.9946e-11
9.97197e-11
1.01939e-10
1.0056e-10
9.37869e-11
9.32341e-11
1.01575e-10
9.70851e-11
1.00072e-10
9.61049e-11
0.00402385
9.41044e-11
8.92483e-11
9.61389e-11
1.03169e-10
1.05377e-10
1.03121e-10
1.02985e-10
1.01319e-10
1.02202e-10
1.00747e-10
1.04049e-10
1.07986e-10
0.000297999
1.07288e-10
1.10645e-10
9.59894e-11
1.0884e-10
1.0874e-10
1.05506e-10
1.04618e-10
1.02762e-10
1.00674e-10
1.03664e-10
1.07583e-10
1.01636e-10
1.07856e-10
9.29255e-11
9.77054e-11
9.89363e-11
1.04772e-10
1.08191e-10
0.000312801
1.08902e-10
9.43884e-11
9.53156e-11
9.40697e-11
9.51664e-11
1.04488e-10
9.79366e-11
9.4436e-11
1.00379e-10
1.03501e-10
0.000236219
9.91265e-11
9.37542e-11
9.20811e-11
8.86288e-11
9.56305e-11
1.13612e-10
9.52931e-11
0.000531054
9.42974e-11
9.50432e-11
1.00072e-10
8.93449e-11
1.48203e-10
0.0014878
9.43109e-11
9.43916e-11
9.55231e-11
9.84871e-11
9.80371e-11
1.02807e-10
9.17996e-11
1.03352e-10
9.76998e-11
9.77921e-11
1.01994e-10
9.67868e-11
9.70424e-11
9.89044e-11
9.97279e-11
1.00541e-10
9.6967e-11
9.25881e-11
1.15203e-10
9.62209e-11
9.42555e-11
1.00208e-10
9.46865e-11
9.20953e-11
9.99366e-11
1.02279e-10
1.00266e-10
9.25821e-11
1.00336e-10
9.47618e-11
9.2194e-11
9.24541e-11
0.000882623
1.07045e-10
9.67015e-11
8.97648e-11
9.7934e-11
9.36809e-11
1.0018e-10
9.8188e-11
8.64865e-11
9.11419e-11
9.68792e-11
9.79767e-11
9.64636e-11
1.00674e-10
9.57344e-11
8.69364e-11
9.58126e-11
1.02323e-10
9.76717e-11
9.89265e-11
9.19249e-11
0.000309091
9.5193e-11
9.29183e-11
9.38045e-11
8.85437e-11
9.61428e-11
8.3825e-11
8.58913e-11
9.52929e-11
9.13265e-11
8.86123e-11
1.05693e-10
9.1262e-11
9.71463e-11
9.19507e-11
1.04005e-10
1.02149e-10
9.20596e-11
1.00273e-10
8.56377e-11
1.00865e-10
9.49524e-11
1.00824e-10
8.75875e-11
9.76137e-11
8.91424e-11
9.08702e-11
1.08267e-10
1.01263e-10
8.91394e-11
9.47945e-11
8.62164e-11
9.69525e-11
1.02073e-10
1.00362e-10
9.41265e-11
9.89096e-11
9.21591e-11
9.41936e-11
8.06731e-11
9.96838e-11
1.26895e-10
9.8278e-11
1.0113e-10
1.18567e-10
1.00455e-10
1.0819e-10
9.59985e-11
1.13411e-10
9.88744e-11
1.06848e-10
1.02292e-10
1.10427e-10
1.09451e-10
1.15875e-10
1.01746e-10
1.00842e-10
9.46458e-11
1.05065e-10
9.99896e-11
1.13884e-10
1.04601e-10
1.03897e-10
1.02986e-10
1.01427e-10
9.54385e-11
9.89405e-11
1.15252e-10
1.10412e-10
1.1649e-10
9.45607e-11
3.53787e-10
1.00757e-10
8.98394e-11
9.57493e-11
1.01356e-10
1.09947e-10
9.90756e-11
1.03369e-10
1.0138e-10
1.14431e-10
9.65236e-11
9.92054e-11
1.00175e-10
1.14715e-10
9.87784e-11
9.6378e-11
9.64078e-11
9.94096e-11
8.96404e-11
9.56116e-11
1.03436e-10
9.95971e-11
9.90588e-11
1.0289e-10
1.03517e-10
9.8786e-11
1.07926e-10
1.04376e-10
1.09169e-10
1.01514e-10
9.60282e-11
9.37831e-11
1.02675e-10
1.03292e-10
9.50664e-11
9.56671e-11
9.16423e-11
9.43659e-11
9.8232e-11
1.0249e-10
8.88245e-11
9.74124e-11
9.86938e-11
1.01031e-10
1.04111e-10
1.01991e-10
1.13808e-10
1.03506e-10
1.05815e-10
1.02838e-10
1.00304e-10
9.49867e-11
9.70601e-11
1.01507e-10
9.21291e-11
9.95592e-11
9.41338e-11
1.0487e-10
9.49985e-11
9.56714e-11
1.05677e-10
1.18944e-10
1.16417e-10
1.06112e-10
1.06794e-10
1.05765e-10
9.36788e-11
1.0025e-10
1.14093e-10
1.07847e-10
9.53698e-11
1.07626e-10
9.81095e-11
1.04928e-10
9.07853e-11
9.36119e-11
9.68099e-11
9.80853e-11
9.39218e-11
1.03956e-10
9.32269e-11
9.55363e-11
9.8755e-11
9.7543e-11
9.34855e-11
1.00744e-10
9.36477e-11
9.73517e-11
0.000204412
9.66933e-11
7.5863e-11
9.4976e-11
9.42042e-11
9.25652e-11
9.31325e-11
9.53524e-11
1.84214e-10
9.66853e-11
9.67159e-11
1.08178e-10
1.05029e-10
9.79335e-11
9.78018e-11
9.35378e-11
9.43052e-11
9.48782e-11
8.97629e-11
1.11659e-10
1.0349e-10
0.000428097
1.05312e-10
1.04039e-10
9.68218e-11
1.03659e-10
9.65157e-11
9.88067e-11
9.79417e-11
0.00143053
1.03258e-10
9.66843e-11
9.47695e-11
1.11492e-10
9.5211e-11
1.04253e-10
1.67826e-10
9.40397e-11
9.98063e-11
1.03758e-10
1.03868e-10
9.34463e-11
9.72158e-11
9.72782e-11
9.82715e-11
9.78677e-11
9.98884e-11
9.92027e-11
9.88049e-11
1.02637e-10
9.92466e-11
9.56057e-11
9.79872e-11
9.9174e-11
1.00251e-10
1.0456e-10
1.11805e-10
9.76686e-11
9.69919e-11
9.65164e-11
9.60433e-11
0.0179447
9.90233e-11
9.64095e-11
9.41472e-11
1.02132e-10
9.29182e-11
1.06531e-10
9.22658e-11
1.03282e-10
9.71711e-11
1.00006e-10
9.68983e-11
9.77226e-11
1.04051e-10
1.09155e-10
9.52286e-11
0.00280834
9.56973e-11
0.000542085
9.58877e-11
1.03063e-10
1.06969e-10
1.02875e-10
0.000612564
1.01341e-10
9.60132e-11
1.06224e-10
1.06069e-10
9.60925e-11
1.07449e-10
9.85177e-11
9.82043e-11
8.93e-11
9.22496e-11
9.22876e-11
1.11425e-10
1.03755e-10
1.0199e-10
1.06328e-10
1.12277e-10
1.00708e-10
1.04017e-10
9.73405e-11
1.0366e-10
9.37539e-11
9.11041e-11
9.83092e-11
9.34922e-11
1.0176e-10
1.02198e-10
9.21542e-11
9.89823e-11
9.32346e-11
1.00655e-10
9.97853e-11
1.03929e-10
1.31605e-10
9.48278e-11
9.54773e-11
9.19651e-11
1.00545e-10
0.044256
1.007e-10
1.02166e-10
1.00428e-10
9.92714e-11
1.00763e-10
1.05795e-10
0.0574425
1.06409e-10
0.0544
9.52879e-11
1.02749e-10
1.02525e-10
1.02809e-10
1.01786e-10
9.99087e-11
1.02043e-10
1.01163e-10
9.88325e-11
1.00013e-10
1.00178e-10
1.02624e-10
1.02252e-10
9.99178e-11
1.0625e-10
1.05346e-10
1.01879e-10
1.04046e-10
0.0755526
1.12069e-10
0.0178294
0.0153894
1.03218e-10
1.02484e-10
1.01838e-10
0.0638733
0.0448705
1.0174e-10
1.09592e-10
1.04777e-10
9.96749e-11
0.0733908
0.0890837
1.01882e-10
1.00354e-10
0.0384148
1.10024e-10
1.04291e-10
1.02382e-10
1.00795e-10
0.0041693
0.0734799
1.02046e-10
0.0370208
0.048368
0.0789193
8.78244e-11
9.52509e-11
0.0746955
0.0221632
9.83425e-11
0.191386
1.01243e-10
9.99129e-11
1.00061e-10
9.97935e-11
9.97962e-11
0.000431707
1.01494e-10
1.03176e-10
9.93097e-11
0.0852113
9.70376e-11
9.31363e-11
9.59211e-11
0.0370955
9.97735e-11
1.00113e-10
0.00343018
1.06282e-10
0.0850801
0.0763665
0.0666754
0.0716675
0.0200465
1.02128e-10
1.00041e-10
9.5895e-11
1.01437e-10
9.34864e-11
0.0249165
1.09352e-10
0.0231217
0.0478599
1.00666e-10
0.0928678
0.0400285
9.3669e-11
9.76877e-11
9.76215e-11
0.00953366
0.00753892
0.00233036
1.03333e-10
1.02526e-10
0.00100126
1e-10
0.035153
1.02607e-10
0.00112891
9.4559e-11
1.24367e-10
0.0109093
9.1072e-11
9.7853e-11
0.0137978
9.85375e-11
9.89036e-11
9.88586e-11
0.00210465
9.88337e-11
9.7966e-11
1e-10
9.79838e-11
9.90993e-11
9.90447e-11
1e-10
9.9926e-11
1.00337e-10
0.071272
0.0350823
1.20439e-10
9.33935e-11
0.501731
0.667652
0.522987
0.234774
0.694585
0.682748
0.606541
0.328874
0.548554
0.390026
0.413476
0.316472
0.385628
0.497862
0.409932
0.576791
0.187594
0.320254
0.148361
0.316682
0.248445
0.127994
0.320835
0.2428
0.098442
0.0059345
0.252252
0.34313
0.2012
0.312026
0.370592
0.151513
0.378034
0.22552
0.397537
0.268103
0.341642
0.318616
0.139156
0.0423423
0.207428
0.158097
0.259082
0.194764
0.223329
0.0787801
0.20917
0.0829562
0.395141
0.485252
0.0970211
0.210819
0.153119
8.89816e-11
0.0557992
0.122957
9.0544e-11
1.01899e-10
0.39962
0.0321627
0.237629
0.147633
0.495513
0.229276
0.244164
0.321882
0.502028
0.535242
0.641917
0.468182
0.635735
0.580527
0.49241
0.600988
0.351549
0.58147
0.559403
0.571824
0.821464
0.832353
0.348506
0.213012
0.0453536
0.148169
0.476974
0.0541271
0.800919
0.865692
0.849126
0.552096
0.0483746
0.0715402
0.114122
0.236709
0.19616
0.0343132
0.794486
0.0185938
0.224034
0.127046
0.248309
0.0209761
0.111203
0.042703
0.141467
0.133899
0.72237
0.831231
0.957524
0.987085
0.312054
0.24875
0.852263
0.23438
0.941579
0.597
0.0576983
0.051926
0.337182
0.100209
0.128411
0.0888502
1
0.988472
0.911437
0.00218094
0.99401
9.93131e-11
0.825618
0.835579
0.111129
0.0102056
0.0320428
0.0230035
9.68634e-11
8.82428e-11
1.00064e-10
1
9.85186e-11
9.67933e-11
1.08305e-10
1.117e-10
1.00504e-10
1.01776e-10
9.72979e-11
9.75822e-11
9.76383e-11
9.98547e-11
1.01254e-10
9.64202e-11
1.07511e-10
1.00176e-10
1.02006e-10
9.76822e-11
9.89247e-11
0.0041903
9.7317e-11
9.96654e-11
9.59135e-11
9.69458e-11
9.86125e-11
9.98058e-11
9.67984e-11
1.00516e-10
9.63084e-11
1.03633e-10
9.63349e-11
9.21147e-11
1.08189e-10
9.77121e-11
1.04821e-10
9.80051e-11
9.56488e-11
9.54811e-11
1.1155e-10
1.03535e-10
1.01964e-10
1.03639e-10
1.10252e-10
1.07192e-10
1.05316e-10
1.03141e-10
1.05445e-10
9.50295e-11
1.0447e-10
9.87423e-11
9.83702e-11
9.68626e-11
9.9192e-11
9.59788e-11
9.58162e-11
9.8239e-11
1.00373e-10
9.93236e-11
1.03585e-10
9.82667e-11
1.04533e-10
9.74999e-11
9.75951e-11
9.69085e-11
9.66943e-11
9.8195e-11
1.44358e-10
1.04473e-10
9.8921e-11
1.04138e-10
9.00389e-11
9.62075e-11
1.03462e-10
9.08963e-11
1.05113e-10
9.99608e-11
9.92364e-11
1.07329e-10
1.04877e-10
9.36859e-11
9.78347e-11
1.05387e-10
1.11187e-10
9.81971e-11
9.87864e-11
9.23509e-11
6.61649e-10
9.68003e-11
1.01525e-10
9.92267e-11
1.00612e-10
1.13194e-10
1.15531e-10
9.74308e-11
8.66951e-11
1.08247e-10
1.06961e-10
9.91101e-11
1.0985e-10
2.93277e-10
9.66494e-11
1.11036e-10
1.01511e-10
1.0531e-10
1.06385e-10
1.03701e-10
1.10357e-10
9.21232e-11
1.0228e-10
1.04791e-10
1.04413e-10
1.09332e-10
1.05748e-10
1.01464e-10
1.06036e-10
9.28327e-11
1.13248e-10
0.250226
0.494677
0.449626
0.489095
0.495389
0.539119
0.514908
0.500816
0.603076
0.273874
0.455426
0.542194
0.189492
0.388314
0.598871
0.302341
0.410603
0.413202
0.250484
0.347955
0.560944
0.624021
0.671641
0.557033
0.574774
0.656174
0.692644
0.602723
0.389941
0.526174
0.457023
0.58239
0.715359
0.607005
0.563107
0.609856
0.788128
0.170701
0.0941764
9.65443e-11
0.121798
0.197673
0.34085
0.210808
0.155675
0.604561
0.526891
0.543692
0.616034
0.575046
0.255785
0.0437808
0.0686863
0.325778
0.14675
0.381222
0.200324
0.196667
0.228215
0.0945513
1.00633e-10
0.0781748
0.14925
0.0824684
0.228777
0.0846617
0.37574
0.219543
0.149219
0.153266
0.0150443
0.0815992
0.13656
0.152338
0.193319
0.133474
0.0976695
0.0802231
0.0883792
0.0677533
0.59562
0.642222
0.407006
0.47513
0.655561
0.504056
1.08079e-10
0.00292142
0.0659798
0.191318
1.08776e-10
1.07397e-10
1.06561e-10
0.144015
0.12459
0.0674013
0.0936207
0.117609
0.0712143
0.0568608
1.01982e-10
0.0543059
1.01058e-10
0.00728795
1.03555e-10
1.08504e-10
1.13585e-10
0.00243113
0.013982
9.59484e-11
0.123702
0.053126
1.05663e-10
0.0380616
9.62233e-11
0.167132
0.217791
1.16401e-10
0.0272445
0.026206
0.144755
0.0669948
0.271622
0.200516
0.188784
0.222907
1.26745e-10
0.0562724
0.0265924
0.263531
0.287858
0.33068
0.0616734
0.347034
1.6261e-10
1.26421e-10
0.275497
0.271866
0.0860024
0.320254
0.267193
0.625188
0.317804
0.346654
0.156869
0.39137
0.402577
0.734147
0.244891
0.249576
0.313928
0.241654
0.266851
0.400098
0.337717
0.313177
0.371186
0.457773
0.335776
0.211739
0.0984066
0.266607
0.859475
0.411677
0.233674
0.575142
0.260501
0.0779205
0.120586
0.74547
0.281172
0.41475
0.253257
0.321179
0.221521
0.337833
0.420284
0.108453
0.380647
0.259579
0.0756954
0.253878
0.360267
0.270885
0.179518
0.231135
0.996831
0.958764
0.957805
0.941468
0.874126
0.752784
0.203784
0.828333
0.955085
0.77615
0.998369
0.952196
0.89709
0.958892
0.917455
0.877116
0.841384
0.619232
0.918509
0.842203
0.151655
0.234821
0.784797
0.593451
1
0.730686
0.325664
0.736698
0.60881
0.927803
0.865578
0.806747
0.93175
9.99127e-11
9.98448e-11
0.0105513
0.00299826
0.00306466
8.22221e-11
9.94409e-11
0.00685588
1.0247e-10
1.05999e-10
9.30876e-11
1.08126e-10
0.00794267
1.01609e-10
9.81562e-11
1e-10
8.93786e-11
9.54854e-11
9.50231e-11
9.11844e-11
1.0008e-10
9.67416e-11
1.46151e-10
0.0469458
0.0408506
0.13182
0.0586215
0.0880856
9.78161e-11
0.0861193
0.180179
0.155905
0.0590222
1.03314e-10
1.10152e-10
9.43558e-11
9.57241e-11
0.0647724
0.0999454
0.000665062
0.00640182
9.08401e-11
0.0200043
1.16995e-10
9.31274e-11
8.68855e-11
0.00470307
0.000899058
1.216e-10
0.0416026
9.94293e-11
8.18614e-11
6.50341e-10
1.02564e-10
1.0287e-10
9.23608e-11
9.56157e-11
1.00188e-10
9.94435e-11
1.9377e-10
1.03456e-10
9.99219e-11
0.000399171
0.0023926
0.000571068
0.00277498
0.156875
0.0427813
0.308512
0.373133
0.143913
0.163461
0.850994
0.916169
1.0001e-10
6.8791e-11
1e-10
1.00305e-10
0.00263693
1.27749e-10
9.80298e-11
9.86239e-11
1.00146e-10
9.75973e-11
1.00263e-10
1.01826e-10
0.0320512
0.060442
0.000613873
9.61136e-11
9.91468e-11
1.20629e-10
9.9855e-11
0.998924
1.00426e-10
8.9783e-11
1.00413e-10
9.99239e-11
1.00121e-10
1.22664e-10
9.99855e-11
9.82163e-11
9.85449e-11
9.90978e-11
9.95509e-11
1.00702e-10
0.686823
0.661511
0.630359
0.997736
0.989995
0.996615
9.6783e-11
1.01789e-10
9.48087e-11
9.27407e-11
1.04076e-10
1.00211e-10
9.4014e-11
1.00118e-10
1.3093e-10
1.03674e-10
9.78628e-11
1.03681e-10
1.06737e-10
1.05243e-10
0.000519397
8.98244e-11
9.35389e-11
9.92959e-11
0.00246446
9.97237e-11
1.00109e-10
1.00033e-10
1.08053e-10
1.00833e-10
1.02645e-10
1.03719e-10
1.88305e-10
0.000735161
9.33493e-11
1.04744e-10
1.12336e-10
1.0024e-10
9.30437e-11
1.044e-10
1.05372e-10
9.36798e-11
9.67911e-11
9.60225e-11
1.03855e-10
1.06526e-10
1.04456e-10
1.00858e-10
9.29471e-11
9.2572e-11
1.04871e-10
9.70635e-11
1.02384e-10
1.03756e-10
1.16503e-10
9.31378e-11
1.00181e-10
9.94884e-11
1.07919e-10
1.03695e-10
1.04844e-10
9.35972e-11
9.02138e-11
1.05883e-10
1.07449e-10
9.73613e-11
9.76422e-11
1.09855e-10
1.03891e-10
6.82179e-06
1.15977e-10
9.90906e-11
1.04623e-10
1.0273e-10
1.10907e-10
1.03558e-10
1.01291e-10
1.05194e-10
1.02881e-10
1.0272e-10
1.09651e-10
1.05004e-10
8.94859e-11
1.08772e-10
1.05831e-10
9.1239e-11
9.04388e-11
8.86047e-11
1.00175e-10
8.60506e-11
1.00328e-10
1.00456e-10
9.90569e-11
9.67289e-11
1.04663e-10
7.7345e-11
9.6301e-11
9.82549e-11
9.95734e-11
0.000757907
1.08016e-10
1.00725e-10
0.00024433
1.40438e-10
9.62245e-11
1.00274e-10
9.4984e-11
9.687e-11
1.84087e-10
1.07237e-10
1.04638e-10
1.05127e-10
1.1115e-10
1.16341e-10
1e-10
1.14161e-10
9.62903e-11
9.92308e-11
9.93399e-11
1.00028e-10
0.000433773
1.01625e-10
1.0146e-10
9.8797e-11
1.02143e-10
1.0041e-10
9.74308e-11
0.341649
9.43736e-11
9.96388e-11
9.09676e-11
1.10224e-10
9.86375e-11
1.08107e-10
1.03066e-10
1.016e-10
1.27281e-10
9.78133e-11
1.062e-10
9.8289e-11
1.05517e-10
9.74173e-11
0.0252506
0.0967519
1.00368e-10
1.03739e-10
9.47412e-11
9.56171e-11
9.77375e-11
0.00973956
9.39978e-11
9.75798e-11
0.00229353
1.06304e-10
0.0557818
0.230692
9.93051e-11
0.0156682
0.0137631
9.44543e-11
0.0837212
0.0114413
0.025458
0.0109916
1.09926e-10
1.068e-10
9.59545e-11
1.09136e-10
9.58016e-11
9.78109e-11
8.97767e-11
9.8665e-11
1.04917e-10
1.09548e-10
1.01574e-10
1.07014e-10
9.62313e-11
1.05095e-10
9.4154e-11
9.70709e-11
0.0212175
0.0968294
9.83149e-11
1.05021e-10
0.00147204
1.08327e-10
0.0219025
9.95884e-11
1.01383e-10
9.8794e-11
9.59576e-11
1.02947e-10
9.37116e-11
0.00685047
1.08704e-10
0.012603
9.73972e-11
9.67069e-11
9.51597e-11
1.01803e-10
1.01276e-10
1.11622e-10
9.95479e-11
9.89297e-11
9.85856e-11
9.75385e-11
1.08351e-10
9.71777e-11
9.88502e-11
1.0101e-10
9.54802e-11
1.07335e-10
1.03926e-10
9.79214e-11
1.02768e-10
9.72828e-11
9.11881e-11
9.94441e-11
1.01849e-10
1.06506e-10
1.05947e-10
1.0084e-10
9.91057e-11
9.94511e-11
9.50871e-11
9.3044e-11
9.66083e-11
8.12402e-05
9.48507e-11
1.06465e-10
9.13245e-11
9.98312e-11
9.57187e-11
9.81665e-11
8.9301e-11
9.02925e-11
1.03593e-10
1.00041e-10
0.0927983
0.102163
0.00105318
1.26498e-10
0.0175489
0.0430428
0.072094
9.63484e-11
1.06491e-10
9.44138e-11
0.00710066
9.63046e-11
9.93761e-11
0.0379862
1.01326e-10
0.0770012
0.000111734
0.00571059
0.00630656
1.00056e-10
9.53007e-11
9.5069e-11
0.0632424
0.0586913
0.0238585
9.46295e-11
0.073665
0.0595927
0.0936474
0.159195
0.0782244
0.0828988
9.958e-11
0.0256315
9.57672e-11
0.0856984
0.0912421
9.95241e-11
6.09405e-05
0.0573731
0.0951663
0.128026
0.123825
0.269477
0.197021
0.133964
0.0863638
0.0225748
0.0459245
9.82636e-11
9.73599e-11
1.04822e-10
0.0363711
0.368876
9.90721e-11
9.84411e-11
0.0344272
0.0908521
9.73399e-11
1.05906e-10
1.00008e-10
9.39324e-11
1.00733e-10
9.80697e-11
9.3199e-11
9.49068e-11
0.0875
9.69084e-11
9.0293e-11
9.64562e-11
9.50292e-11
9.25639e-11
1.06536e-10
9.43905e-11
0.043372
0.00454724
0.0587291
0.0111426
0.016238
9.93439e-11
9.97855e-11
9.418e-11
9.63345e-11
9.97139e-11
9.50313e-11
0.00743936
9.63573e-11
1.22557e-10
0.0705276
0.0504797
0.00151078
9.4676e-11
8.86202e-11
9.5938e-11
6.74637e-05
1.08838e-10
9.39645e-11
9.75749e-11
0.0335618
9.23605e-11
9.59552e-11
0.0652098
9.51279e-11
1.0386e-10
9.56744e-11
9.94031e-11
9.38486e-11
9.63798e-11
9.76491e-11
0.00109544
9.91715e-11
9.72436e-11
0.0890357
0.0111647
9.62871e-11
0.0056231
8.89976e-11
9.98074e-11
9.055e-11
0.0102213
0.0364129
9.97689e-11
1.03298e-10
9.57875e-11
9.97179e-11
8.81878e-11
1.01231e-10
1.01073e-10
9.9851e-11
9.99012e-11
2.32462e-10
9.97896e-11
9.854e-11
9.99617e-11
1.11839e-10
1.0211e-10
9.88443e-11
1.04604e-10
1.00966e-10
8.27293e-11
1.57719e-10
9.43937e-11
0.000166913
1e-10
1.01963e-10
9.85573e-11
1.07303e-10
9.85817e-11
9.95391e-11
1.01529e-10
1.00254e-10
9.93171e-11
9.45056e-11
1.20994e-10
0.000150735
7.8537e-11
9.79567e-11
0.00792917
0.00266015
9.99499e-11
8.83968e-11
1.05461e-10
6.61868e-11
3.90857e-10
9.64843e-11
1.13797e-10
2.74539e-10
1.01371e-10
1.31447e-10
9.98892e-11
9.48091e-11
1.00545e-10
9.936e-11
1.00799e-10
2.58103e-10
9.98279e-11
1e-10
9.93313e-11
9.85715e-11
9.18304e-11
1e-10
1.11588e-10
9.65681e-11
6.87775e-05
9.44044e-11
1.01597e-10
1.07801e-10
1.00991e-10
9.66252e-11
0.0125
1e-10
9.96208e-11
1.21022e-05
0.00042826
9.97389e-11
1e-10
9.98848e-11
1.01216e-10
9.99911e-11
1.00214e-10
1.00534e-10
9.46236e-11
6.32021e-11
9.64448e-11
1.12885e-10
1.77277e-10
9.73792e-11
1.02124e-10
9.5586e-11
9.41083e-11
9.62822e-11
1.00516e-10
1.1012e-10
1.03723e-10
9.49135e-11
9.88001e-11
9.84814e-11
9.31005e-11
9.99314e-11
1.00643e-10
9.10913e-11
9.85546e-11
9.46873e-11
9.55777e-11
1.05092e-10
9.33027e-11
1.01995e-10
1.05624e-10
1.07741e-10
1.11233e-10
1.13236e-10
0.000313328
1.01842e-10
1e-10
1.72508e-10
1e-10
1.01784e-10
1.95037e-10
1e-10
9.99797e-11
9.91007e-11
1.0066e-10
9.97574e-11
9.26611e-11
9.9941e-11
9.9074e-11
9.94519e-11
0.000566907
9.99447e-11
2.77778e-07
1.78519e-10
1.0471e-10
0.0165073
1.08747e-10
1.06242e-10
9.88503e-11
9.28084e-11
9.54117e-11
0.0150459
9.59775e-11
9.99208e-11
9.88708e-11
1.02132e-10
1.04104e-10
9.82565e-11
1.04981e-10
1.33114e-10
1.00771e-10
1.02707e-10
9.93511e-11
9.86618e-11
1.00019e-10
1.03444e-10
1.01824e-10
1.09827e-10
1.05555e-10
1.00911e-10
1.00367e-10
1.00244e-10
1.00716e-10
1.00955e-10
9.88594e-11
9.1766e-11
1.00195e-10
1.05311e-10
9.26342e-11
9.54916e-11
1.02786e-10
7.25779e-11
7.12246e-11
1.00605e-10
1.12637e-10
9.22994e-11
1.59159e-10
1.05201e-10
9.22405e-11
5.36563e-11
9.02754e-11
9.97949e-11
9.85728e-11
1.14354e-10
8.8342e-11
9.10216e-11
9.11342e-11
9.87715e-11
9.99524e-11
9.95403e-11
1.01677e-10
9.75442e-11
1.21046e-10
1.04236e-10
1.02971e-10
1.01912e-10
1.01508e-10
9.7335e-11
1.05413e-10
1.03581e-10
1.02776e-10
0.000234184
1.0357e-10
9.49938e-11
9.61889e-11
1.0396e-10
1.05439e-10
9.65958e-11
1.06478e-10
9.31192e-11
1.051e-10
9.45302e-11
0.00409287
1.04392e-10
9.29569e-11
1.05871e-10
1.00819e-10
1.03637e-10
1.02425e-10
1.12871e-10
1.04336e-10
9.84294e-11
1.02253e-10
1.02566e-10
1.01774e-10
9.44777e-11
1.04527e-10
9.84659e-11
1.02961e-10
1.09193e-10
1.07677e-10
1.00155e-10
0.00114599
9.62023e-11
9.56169e-11
1.00385e-10
1.19428e-10
9.6442e-11
1.05232e-10
9.70022e-11
1.06708e-10
1.0576e-10
9.50472e-11
9.44844e-11
9.71205e-11
1.08081e-10
9.54941e-11
1.0008e-10
1.29507e-10
1.09902e-10
1.01334e-10
1.08081e-10
1.04123e-10
1.03495e-10
9.97803e-11
9.56772e-11
9.61299e-11
9.81411e-11
1.11116e-10
1.02359e-10
9.43127e-11
9.3083e-11
9.51523e-11
9.46927e-11
9.2879e-11
9.4066e-11
9.26895e-11
1.37853e-10
9.51509e-11
1.02563e-10
9.96999e-11
1.02587e-10
9.94487e-11
1.01425e-10
1.04383e-10
9.97874e-11
1.02127e-10
1.03787e-10
1.02893e-10
1.02059e-10
0.00272576
9.28379e-11
1.01948e-10
1.02511e-10
1.00229e-10
1.00687e-10
1.02733e-10
1.01807e-10
1.01688e-10
1.01294e-10
1.05048e-10
1.05386e-10
9.74631e-11
1.05917e-10
1.00039e-10
1.01653e-10
1.1168e-10
1.01516e-10
1.04903e-10
1.00649e-10
1.01093e-10
1.01792e-10
1.0059e-10
1.01168e-10
9.93962e-11
0.00522438
9.99121e-11
1.02842e-10
1.05477e-10
1.06189e-10
1.03703e-10
1.02942e-10
1.04481e-10
1.04451e-10
1.02811e-10
9.67647e-11
1.04626e-10
1.23382e-10
9.99619e-11
9.79442e-11
1.00903e-10
1.04756e-10
1.02227e-10
1.06917e-10
1.01798e-10
1.01175e-10
1.02809e-10
9.20227e-11
0.0644795
0.0862696
9.34805e-11
1.0436e-10
9.84207e-11
0.0624008
1.11287e-10
0.0395231
9.11741e-11
1.07401e-10
9.52938e-11
0.00366018
1.34415e-10
0.022699
9.75668e-11
0.0416108
9.72529e-11
9.99808e-11
9.7264e-11
1.05422e-10
9.71849e-11
9.29058e-11
9.7504e-11
9.60998e-11
0.00917408
9.58472e-11
1.02943e-10
9.75048e-11
0.0032923
9.84728e-11
9.27039e-11
1.03198e-10
1.06377e-10
9.44235e-11
1.06172e-10
9.67817e-11
1.0236e-10
9.99677e-11
1.09021e-10
9.96362e-11
9.56593e-11
0.000939994
1.0943e-10
1.08565e-10
1.05314e-10
1.07869e-10
9.46525e-11
1.0023e-10
1.00182e-10
9.44987e-11
9.85352e-11
9.4637e-11
9.97395e-11
0.0675592
9.50852e-11
1.13158e-10
9.63062e-11
9.49613e-11
9.7092e-11
1.02441e-10
1.08075e-10
9.59622e-11
0.0715634
0.0820764
0.0882334
1.00227e-10
9.65695e-11
9.40905e-11
0.0730619
1.15689e-10
9.92123e-11
9.857e-11
1.02141e-10
9.40151e-11
8.85891e-11
9.97644e-11
9.74404e-11
0.0898156
0.0929271
0.068431
0.0918398
1.04279e-10
1.00414e-10
1.02867e-10
9.9143e-11
9.93202e-11
1.04356e-10
0.0904279
9.26735e-11
9.81488e-11
1.03529e-10
1.03697e-10
0.00245819
1.01797e-10
9.70846e-11
0.0804338
0.00225368
0.0942059
1.02457e-10
0.0917528
1.03325e-10
0.017799
9.89e-11
1.06217e-10
1.03086e-10
0.0934798
1.02078e-10
0.0568672
1.01349e-10
0.0865376
0.0395484
1.04901e-10
0.0537433
1.00547e-10
9.96643e-11
1.05222e-10
8.9119e-11
9.77876e-11
1.19252e-10
1.13726e-10
1.07693e-10
1.05295e-10
1.01017e-10
9.80339e-11
1.03676e-10
1.03398e-10
1.06903e-10
9.9393e-11
1.03111e-10
9.82767e-11
1.05092e-10
1.01411e-10
1.05162e-10
9.53241e-11
1.04483e-10
9.57012e-11
1.07992e-10
9.89392e-11
1.07582e-10
1.05769e-10
1.01433e-10
1.06027e-10
9.67156e-11
1.0781e-10
1.09752e-10
9.92812e-11
9.81122e-11
1.19056e-10
1.01501e-10
9.80997e-11
0.00203162
1.02515e-10
1.03029e-10
1.01633e-10
1.30124e-10
9.14518e-11
1.00575e-10
1.00347e-10
1.00245e-10
9.85989e-11
9.72429e-11
1.02805e-10
9.89996e-11
0.00313935
1.02304e-10
1.04669e-10
1.02119e-10
1.00263e-10
9.70128e-11
0.0952418
0.0832172
1.03641e-10
9.99628e-11
0.0867889
1.0681e-10
0.0613298
1.0177e-10
1.00016e-10
0.0896415
0.0262206
1.0407e-10
1.01197e-10
1.04671e-10
1.04355e-10
0.0983648
1.0238e-10
1.0816e-10
1.03529e-10
1.36245e-10
1.03022e-10
1.06831e-10
1.01121e-10
1.01393e-10
1.01763e-10
9.94772e-11
1.06032e-10
1.10831e-10
1.00823e-10
1.01458e-10
1.0383e-10
9.92131e-11
9.94979e-11
9.64563e-11
1.04237e-10
1.06881e-10
1.00508e-10
1.03855e-10
9.58698e-11
1.02777e-10
1.00268e-10
1.00733e-10
9.82877e-11
1.01379e-10
9.95537e-11
1.04785e-10
1.03518e-10
1.03217e-10
1.00354e-10
1.0865e-10
1.06602e-10
1.09748e-10
1.25539e-10
1.12472e-10
1.05021e-10
9.6301e-11
1.01744e-10
1.09327e-10
0.00400802
1.00827e-10
1.02533e-10
9.56858e-11
9.95709e-11
9.86753e-11
0.0022433
1.0105e-10
1.08334e-10
0.0180055
0.14996
0.0507948
0.0375806
0.0123677
1.11676e-10
0.0705712
1.01771e-10
0.0524158
1.04638e-10
0.0223757
8.96591e-11
0.040741
0.00456876
0.0459969
0.0883818
0.0495301
0.0671402
0.112809
0.0349633
1.01625e-10
0.0204766
0.0180084
9.54028e-11
0.0818052
9.87419e-11
0.14218
0.148841
1.03261e-10
9.74686e-11
0.00591011
1.07676e-10
0.0140508
1.10529e-10
0.00970504
0.00426504
0.0146309
9.16919e-11
1.02273e-10
1.05574e-10
0.123635
0.184035
1.03035e-10
1.0412e-10
0.00101253
9.9379e-11
1.0293e-10
9.98307e-11
1.0257e-10
9.24322e-11
1.02942e-10
0.035833
0.0716049
1.11411e-10
0.0221673
0.00198245
0.000324224
1e-10
1.02518e-10
0.000373634
9.49661e-11
0.0191086
0.000467624
1.02996e-10
1.04525e-10
1.02033e-10
0.00674211
1.02412e-10
0.00736798
0.0195407
1.20123e-10
1.0128e-10
0.00142271
0.00198215
0.000107726
1.03189e-10
0.0573439
9.85203e-11
0.00222787
1.00145e-10
8.45964e-11
9.94203e-11
1e-10
1.0004e-10
1.00046e-10
1.00469e-10
9.85363e-11
9.76721e-11
1.06445e-10
0.0211232
1.01831e-10
1.01246e-10
1.00101e-10
0.00333655
0.00697793
9.55964e-11
0.00127707
0.0338526
1.0164e-10
9.94548e-11
0.0614105
1.08471e-10
9.40336e-11
9.37381e-11
1.07168e-10
9.00858e-11
1.05256e-10
1.01677e-10
1.00272e-10
0.00513509
0.0150592
0.118655
1.01766e-10
0.0550727
0.00192172
0.00087081
1.04448e-10
9.97018e-11
0.0832728
1.00489e-10
0.056997
1.02242e-10
0.0759034
9.99802e-11
9.74526e-11
0.0267021
0.949128
0.819641
0.89638
0.856257
0.903051
0.950351
0.828322
0.812192
0.811807
0.999808
0.8786
0.980428
1
0.945832
0.998355
0.995316
0.871057
0.845131
0.988878
0.959293
1
0.988641
0.988052
0.964105
0.976945
1
1
0.998885
0.994808
0.977298
0.995755
0.983857
0.979563
0.944972
0.0167733
0.984291
0.829688
0.977424
0.915229
0.971677
1
0.980573
0.973809
0.999631
0.997001
0.995018
0.984444
0.598009
0.0224787
0.985844
0.975627
0.971735
0.995342
1
0.999117
0.706807
0.999862
0.00181838
1
1
0.966055
0.993566
0.996599
0.99786
1
0.999913
1
1
0.999845
0.976612
0.998931
0.872503
0.910301
0.999403
0.999819
0.0124911
0.00235556
0.858183
0.0109086
9.13487e-11
0.0358564
0.00932329
0.00835674
0.00402925
0.0817067
0.0228227
0.128192
0.0190885
0.0474743
0.957063
1
0.970393
0.990337
0.894705
0.936851
0.145826
0.0445651
0.0315121
1.02028e-10
0.966532
0.0873602
0.0822073
0.050109
0.00469901
1.00066e-10
9.97489e-11
0.0149437
0.999674
0.959057
0.880933
0.926985
0.0209566
0.0283143
1.01814e-10
2.41451e-10
9.71116e-11
0.0650424
6.53446e-11
9.98452e-11
0.0120499
3.36887e-10
0.367795
0.0964924
0.0612362
0.00594886
0.980789
0.979823
1
0.99162
0.682283
0.991907
0.803995
1
1
0.927975
0.974686
1.30859e-10
0.0087566
0.956173
0.983638
0.995256
0.994889
0.937651
0.985216
9.82855e-11
9.90701e-11
0.982272
0.923156
0.9007
0.9204
0.796282
0.790872
0.888583
0.879737
0.831538
0.914092
0.856044
0.927025
0.952558
0.886691
0.6788
0.611947
0.723341
0.871338
0.746943
0.0207909
0.620145
0.925303
0.882624
0.895878
0.666956
0.860438
0.709892
0.809504
0.768328
0.129524
0.916557
0.917427
0.880996
0.764898
0.893111
0.898865
0.957069
0.805174
0.800452
0.684185
0.955495
0.913258
0.919843
0.916281
1
0.961154
0.555456
0.304988
0.709054
0.76783
0.359268
0.388188
0.902477
0.830606
0.732787
0.124357
0.290457
0.15071
0.749705
0.706606
0.736825
0.656259
0.797649
0.719262
0.786637
0.699893
0.491784
0.208161
1.30919e-10
0.0361719
1.05464e-10
0.0119262
0.592464
0.55902
0.144694
0.0453238
0.698349
0.104507
0.891309
0.289136
0.568925
0.328347
0.116042
0.256123
0.18
0.137477
0.701136
0.727926
0.319007
9.96596e-11
0.474035
0.327306
0.233392
0.0192943
0.0783737
0.0824545
0.0485441
0.231687
0.349378
0.166807
0.693725
0.0961274
0.00873537
0.0850024
0.27125
1.01001e-10
9.4437e-11
0.0618611
0.650643
0.00615354
0.0959712
0.17557
0.195939
0.124267
0.0696797
0.0491682
0.150384
0.217201
0.00139169
9.83413e-11
0.0241104
0.0070236
0.0335943
1.01653e-10
0.0162381
0.00742801
0.0872122
9.76212e-11
0.00891192
1.04631e-10
9.89925e-11
0.005566
0.000477877
9.71963e-11
0.0189451
9.23765e-11
1.09019e-10
0.00242277
9.74727e-11
9.45271e-11
9.8636e-11
1.06597e-10
9.46539e-11
0.00131094
0.00738858
1.05001e-10
0.0138656
0.0671411
0.0199029
0.00133391
6.5861e-05
0.00644031
0.0261751
9.99976e-11
0.0322335
1e-10
1.00854e-10
1.01207e-10
0.00320577
1.02409e-10
0.645465
0.313893
0.783838
0.398606
0.787794
0.671292
0.873768
0.887046
1
0.892913
0.806631
0.827216
0.748371
0.721054
0.837172
0.644959
0.793531
0.794402
0.570702
0.744268
0.203804
0.233408
0.90469
0.876606
0.161536
0.212342
1.04954e-10
0.00419255
0.118257
0.0580046
0.0227442
1.06987e-10
0.00775493
1.03179e-10
0.104333
0.0503742
0.0188479
0.0174403
0.410874
9.96011e-11
0.491305
0.657766
0.620652
0.385198
0.876737
0.796749
0.633164
0.724138
0.561935
0.561887
0.101927
0.52559
0.57112
0.53931
0.9
0.548107
0.671682
0.490441
0.431648
0.619861
0.785985
0.383122
0.722846
0.705053
0.643499
0.445826
0.0758982
9.83999e-11
9.88718e-11
9.90933e-11
9.35224e-11
0.0821862
0.110833
9.49605e-11
0.021882
0.00169727
0.00330001
0.00425261
0.079908
1.05946e-10
0.0060776
0.0764851
0.0834123
0.0803682
9.8581e-11
1.04857e-10
1.02241e-10
0.0538593
0.163914
0.0201253
0.0459106
0.0424833
0.0419261
0.0779875
0.127836
0.078521
0.74054
0.631935
0.351065
9.09913e-11
0.42609
0.418694
0.663281
0.595194
0.482199
0.760851
0.573223
0.625593
0.477881
0.521886
0.405821
0.542553
0.641796
0.745066
0.426611
0.662065
0.61148
0.622569
0.501955
0.589603
0.469935
0.610592
0.437063
0.496659
0.252143
1.15785e-10
0.454367
0.386083
0.7187
0.612524
0.605311
0.572241
8.68926e-11
1.02538e-10
0.0206339
1.03026e-10
0.0761012
9.77446e-11
0.0335966
0.0731295
0.0614263
1.00202e-10
1.02872e-10
0.0593661
0.0832403
1.03004e-10
0.0817015
8.5902e-11
0.0537912
0.0732596
0.0374383
0.0577315
0.0664491
0.0283328
0.0588084
0.0726286
9.87881e-11
0.0398502
9.46033e-11
1.11104e-10
0.0855077
0.0907488
0.00446053
0.0397194
1.00212e-10
0.058433
0.0908224
0.0948254
1.17071e-10
1.0538e-10
0.000852425
9.53614e-11
9.52022e-11
9.45798e-11
0.0522588
0.0930228
9.34413e-11
0.0879618
0.0391507
0.0794317
0.00504735
0.0073904
0.0699593
0.106016
9.90161e-11
1.02322e-10
1.0106e-10
0.0848548
1.02699e-10
0.0107265
1.01216e-10
0.00570009
1.00332e-10
0.0834653
0.0690666
0.0744625
0.0922462
0.08961
0.0171818
0.0648534
1.00462e-10
0.0417591
1.00031e-10
1.02398e-10
0.0748792
0.0373489
0.0418953
1.01522e-10
0.071565
0.0738403
0.0713187
0.0671853
1.04199e-10
0.0731223
0.0772929
0.0903391
0.0520409
0.0777031
0.0669221
0.105203
0.36092
0.00904869
0.46888
0.13755
0.560716
0.416968
0.130323
0.0125906
0.0580172
0.294869
0.77688
0.331706
0.720749
0.792826
0.53933
0.479258
0.703332
0.751469
0.897344
0.834579
0.834513
0.814858
0.450129
0.420362
0.249835
1.00062e-10
0.533261
0.455207
0.37111
0.553957
0.00106429
1.00389e-10
1.00283e-10
1.02901e-10
0.0449001
1.06346e-10
1.03752e-10
0.00153332
0.044487
9.35146e-11
9.46269e-11
9.85342e-11
0.00256615
0.0397733
0.0134037
0.00365108
0.099732
0.065888
9.3621e-11
9.6998e-11
0.0601891
1.05868e-10
0.0723784
0.0902788
0.0890854
0.0711118
0.0917132
0.086222
1.78586e-10
0.055009
0.0837597
0.0749889
0.0837948
0.0306098
0.0538392
0.0364832
1.06795e-10
1.05238e-10
0.0930803
0.0893808
0.0869175
0.0931573
1.0014e-10
9.46629e-11
1.00609e-10
0.0678313
9.8596e-11
0.00608087
9.97642e-11
0.080631
0.0335486
0.0175433
0.000151172
1.02675e-10
0.0788055
0.0438544
0.0790079
0.0481246
1.01605e-10
1.02884e-10
9.47847e-11
1.06938e-10
0.0648009
1.05618e-10
0.0797137
0.0953588
0.0858335
0.0916398
1.03151e-10
9.64739e-11
1.09492e-10
0.0809336
0.0896062
0.0887801
0.0838979
0.0816428
0.395311
0.194669
0.544248
0.39175
0.225791
1.06242e-10
0.35682
0.139197
0.271761
0.142084
0.102099
0.185076
0.10988
0.181523
0.707917
0.394001
0.677867
0.626357
0.49234
0.353684
0.524179
0.764613
0.592744
0.549082
0.646884
0.652218
0.473239
0.665953
0.703027
0.769196
0.137183
0.0110236
0.387391
0.188704
0.692766
0.665133
0.650887
0.677215
0.598253
0.672998
0.59921
0.9077
0.596307
0.58711
0.617358
0.621876
0.568481
0.502056
0.333175
0.424822
0.578409
0.547778
0.439609
0.043705
0.377205
0.518166
0.523159
0.555858
0.398744
0.540948
0.485017
0.370375
0.279507
0.349168
0.259391
0.187376
0.28135
0.330343
0.143638
0.321334
0.00503334
0.0908001
0.128031
0.0523239
0.014643
0.150949
0.0562279
0.226882
0.669235
0.569684
8.13597e-11
1.03787e-10
0.518095
0.367651
0.593354
0.33256
0.241986
0.427486
0.54234
0.666444
0.0816792
0.0605185
9.79754e-11
0.0984884
0.000204165
0.0732865
0.187442
9.37694e-11
0.386884
0.379179
0.497688
0.451229
0.402184
0.640003
0.457963
0.417335
0.452255
0.3808
0.085985
0.0927019
0.0839696
9.73897e-11
0.16566
0.118082
0.171979
0.0297114
0.0871871
0.0720162
0.0113139
9.58844e-11
0.154888
0.14753
9.90568e-11
9.92897e-11
0.140742
0.0637139
0.149627
1.10436e-10
1.01375e-10
1.09834e-10
0.00158332
0.0107536
0.453124
0.246508
0.363647
0.485935
0.191219
0.209612
0.16217
0.104227
0.394043
0.421677
1.0019e-10
0.229006
0.25439
0.417205
0.332101
0.277833
0.0948618
0.0525582
0.00754544
9.84082e-11
0.0858013
0.0573419
0.0791503
0.0806807
0.349277
0.495507
0.380844
0.528942
9.18912e-11
1.58441e-10
1.18065e-10
1.04586e-10
1.06405e-10
1.18238e-09
9.93441e-11
1.39127e-10
9.40636e-11
1.04057e-10
1.03539e-10
9.39948e-11
9.48322e-11
1.07416e-10
1.10365e-10
9.51845e-11
1.0246e-10
9.76189e-11
1.14846e-10
1.11277e-10
1.15094e-10
1.02571e-10
1.00339e-10
1.0375e-10
1.03074e-10
9.9299e-11
1.03024e-10
1.07951e-10
1.09418e-10
1.13716e-10
1.0155e-10
1.31697e-10
9.46479e-11
9.65083e-11
1.06103e-10
1.18944e-10
9.85896e-11
1.06929e-10
1.56535e-10
1.06463e-10
9.58881e-11
9.88794e-11
1.07259e-10
1.10328e-10
9.46517e-11
1.24483e-10
9.42705e-11
1.04452e-10
9.92589e-11
9.84124e-11
1.09157e-10
9.80577e-11
1.04707e-10
9.67468e-11
9.33716e-11
1.14272e-10
8.93894e-11
9.61656e-11
0.000771496
9.96639e-11
0.000179587
1.03615e-10
1.01419e-10
9.87296e-11
1.01018e-10
1.00443e-10
9.40379e-11
1.00518e-10
9.82254e-11
9.32166e-11
9.72301e-11
9.33028e-11
9.51901e-11
8.86454e-11
1e-10
1.11792e-10
9.33847e-11
8.9615e-11
9.89325e-11
1.00422e-10
9.78238e-11
1.03133e-10
1.14014e-10
9.32834e-11
9.40654e-11
0.0125
1.03266e-10
9.89784e-11
1.92153e-10
9.99975e-11
1.23654e-10
9.571e-11
9.83334e-11
1e-10
1.01013e-10
1.00088e-10
9.99129e-11
9.88781e-11
7.07548e-11
1.00918e-10
1.0076e-10
2.96204e-05
9.64148e-11
9.9566e-11
9.51844e-11
9.03784e-11
9.38615e-11
9.44093e-11
9.61015e-11
9.85311e-11
9.91534e-11
9.77541e-11
9.71582e-11
1.0061e-10
1.02086e-10
1.00344e-10
1.08233e-10
1.02575e-10
1.01706e-10
9.69935e-11
8.67916e-11
9.04448e-11
9.09307e-11
1.02052e-10
9.8837e-11
9.87281e-11
9.99544e-11
7.18069e-11
0.000274867
1e-10
9.78339e-11
9.89214e-11
1.00792e-10
9.93268e-11
0.318932
0.382072
0.337093
0.564968
0.242999
0.351943
0.585933
0.463818
0.467815
0.488976
0.211362
0.450158
0.422274
0.770631
0.352301
0.606433
0.260529
0.433881
0.244007
0.486205
0.276679
0.196246
0.179366
0.510745
0.351776
0.243425
0.34292
0.220776
0.282169
0.432986
0.415578
0.255418
0.472674
0.419847
0.784416
0.905719
0.958114
0.831473
0.433267
0.34591
0.445376
0.684354
0.877425
0.898656
0.971339
0.955639
0.934286
0.927818
0.96317
0.821569
0.986051
1
0.996447
0.954726
0.968122
0.0574606
1.04762e-10
0.970952
0.983153
0.683381
0.999925
0.895413
1
0.122226
0.912292
0.194091
0.77713
0.978373
0.990042
1e-10
0.98777
0.996967
1
0.999244
0.989439
0.141151
0.991659
0.983061
0.999988
0.989703
0.975265
0.91528
0.718133
0.0474904
1e-10
0.303298
0.00182766
0.999979
0.93019
0.999008
0.965323
0.970441
1e-10
0.949038
0.986723
0.0219916
0.00590449
0.882073
0.461019
0.847533
0.995231
0.998043
0.984224
0.859528
0.94086
1
1
0.837782
1
0.897253
0.956896
0.982187
0.970957
0.948116
3.52756e-05
0.0338953
0.241922
0.930446
0.985264
0.960126
0.00332325
0.0459739
9.98608e-11
1.0074e-10
1e-10
0.0019138
0.00466503
0.909408
0.792629
0.937877
0.0887083
0.956134
0.86181
0.57594
0.0202226
0.136257
0.118517
0.744392
0.612562
0.702576
0.884441
0.972352
0.957629
0.860344
0.951875
0.961904
0.933961
0.882402
0.391216
1
0.82121
0.962219
0.875977
0.877523
0.616978
0.844346
0.586584
0.879306
0.85518
0.730245
0.897429
0.86381
0.456824
0.840508
0.454483
0.746498
0.383264
0.924875
0.645187
0.382341
0.718016
1
0.325291
0.465688
0.127115
1.06889e-10
0.57068
0.693879
0.00534931
0.439096
9.93108e-11
0.0312492
0.0696507
0.108648
0.586626
0.397603
1.10968e-10
0.193891
0.37786
0.085595
0.089023
0.387608
9.95034e-11
1.01846e-10
0.0689136
0.0997041
1e-10
9.97202e-11
1.00659e-10
0.00756121
0.00207475
1e-10
0.936554
0.953816
9.91828e-11
0.000146919
0.0175382
0.00959292
9.90827e-11
0.00292042
1.03711e-10
0.0227995
1.00004e-10
1.01213e-10
1.05353e-10
1.02896e-10
0.480543
0.920493
0.928863
0.87816
0.94352
0.919149
0.902896
0.866184
0.847576
0.943717
0.885566
0.892038
0.0916944
1.06945e-10
1.00248e-10
0.341953
0.0974099
0.0506227
0.0377315
0.00120678
0.0761526
0.0663989
0.0831133
0.0990403
0.0343275
0.0951543
1.01987e-10
1.00223e-10
0.210079
0.37507
0.0974186
0.432728
0.332903
0.379274
0.198382
0.339907
0.32933
0.31936
0.0116811
9.80569e-11
1.02565e-10
0.00332217
1.03285e-10
1.12e-10
1.14852e-10
0.0702082
0.0413017
0.223088
0.0497991
0.111418
0.000100891
8.95357e-11
0.215548
0.0438264
1.19572e-10
1.0416e-10
1.07805e-10
0.000541392
9.55882e-11
1.66319e-05
0.720444
0.843237
0.737657
0.67261
0.916523
0.588954
1.05919e-10
1.13676e-10
0.291415
0.118826
0.17287
0.0943492
0.0337628
0.0519656
0.256997
0.544067
0.534529
0.498798
0.463412
0.807841
0.301156
0.410886
0.670297
0.44666
0.594916
0.69159
0.84669
0.906115
0.77296
0.589451
0.578603
0.515818
0.551092
0.673821
0.371737
0.416875
0.452671
0.821587
0.633785
0.723855
0.751862
0.60638
0.701621
0.681473
0.576092
0.678438
0.488276
0.829982
0.533615
0.599975
0.621213
0.469496
0.518184
0.935549
0.778938
0.926653
0.876909
0.857251
0.977081
0.288922
0.485766
0.668765
0.630435
0.721975
0.713829
0.807943
0.654316
0.607658
0.649434
0.314234
0.423694
0.00563538
0.203228
0.587162
0.506537
0.107012
0.318484
0.409199
0.508596
0.631626
0.639541
0.162322
0.243977
0.285209
0.367761
0.232684
0.176613
0.433972
0.401657
0.167473
0.254331
0.195014
0.227531
0.290969
0.708606
0.567644
0.55596
0.475354
0.534547
0.158726
0.282484
0.393183
0.378678
0.158159
0.182614
0.292983
0.350303
0.177907
0.312683
0.180049
0.215776
0.134245
0.0213692
0.245167
0.279184
0.189953
0.432149
0.316429
0.272935
0.542619
0.436758
0.190208
0.303993
0.402836
0.298589
0.40039
0.502232
0.421227
0.477869
0.694605
0.487844
0.235684
0.224906
0.571756
0.346105
0.303126
0.398026
0.395391
0.535592
0.544996
0.483355
0.155333
0.155384
0.619701
0.482878
0.358684
0.23303
0.189603
0.290126
0.332705
0.379474
0.420381
0.388799
0.200468
0.0900438
0.15025
0.330592
0.22799
0.195449
0.354318
0.226451
0.447942
0.227987
0.526026
0.332638
0.420274
0.492572
0.392639
0.357966
0.367784
0.472806
0.376885
0.331376
0.408543
0.357504
0.152223
0.195093
0.226233
0.302015
0.257911
0.157291
0.0482405
0.274302
0.114661
0.251815
0.173209
0.252936
0.207881
0.218301
0.0616052
0.0993454
0.135827
0.129099
0.217914
0.166245
0.0736783
0.17834
0.177394
0.223686
0.0842075
0.159018
0.197284
0.169364
0.134638
0.110772
0.180959
0.178779
0.161388
0.203287
0.0319759
0.168639
0.0722822
9.4614e-11
0.0845373
0.0689001
0.0671713
0.135291
0.134175
0.0444183
0.0638472
1.3101e-10
0.0934009
0.114876
0.174889
0.0715268
0.105583
0.0982769
0.199446
0.0557596
0.0601244
0.183739
0.0424553
1.00293e-10
0.0708955
0.0895693
0.0681939
0.0654654
0.159507
0.135098
0.0753882
0.0887323
0.0811563
0.129612
0.0103323
1.01396e-10
0.404759
0.371709
0.213413
0.226844
0.086002
0.191061
0.111015
0.128082
0.223179
0.0968931
0.213399
0.358474
0.164106
0.0835575
1.03095e-10
0.0576692
0.11596
0.0574258
0.249899
0.0936698
0.301485
0.329895
0.0700144
0.408418
0.195454
0.264178
0.344606
0.340653
0.229736
0.269827
0.140594
0.309328
0.118295
0.164511
0.357625
0.333776
0.232784
0.087116
0.262041
0.267868
0.0534908
9.88736e-11
0.0779908
0.0480381
0.0491451
0.0218272
0.162481
0.198728
0.0772482
0.0529786
9.75205e-11
0.03529
0.389874
0.227171
0.283817
0.266658
0.0542157
9.99315e-11
0.0660897
0.0338526
0.0677146
0.0599952
0.0259914
0.0600518
0.0587391
0.0356397
1e-10
1.05849e-10
0.0152923
1e-10
1.00832e-10
1.02386e-10
9.84927e-11
1.00061e-10
0.0428501
9.99023e-11
0.0107042
0.00174912
0.0524335
0.122566
0.146465
9.40167e-11
0.0258874
0.100101
9.84153e-11
0.18004
0.140761
0.265969
0.306123
0.411101
0.284424
0.410176
0.16261
0.154934
0.259768
0.134393
0.345441
0.270629
0.0962499
0.245454
0.186089
0.0338178
0.119894
0.191243
0.158261
0.368106
9.81073e-11
0.0362506
0.168675
0.0583234
0.151498
0.0386518
0.0739514
0.0333672
0.121923
0.0523325
0.035132
0.0988272
0.093424
0.0405988
0.000100086
0.063031
0.0028885
0.00490813
0.0462302
0.125311
0.0171177
0.0446995
0.154044
0.0549919
0.0545429
0.075965
0.266798
0.158572
0.365233
0.407077
0.251666
0.156731
0.0901283
0.281921
0.233199
0.278615
0.177008
0.27703
0.152176
0.216808
0.0108977
0.0605729
0.0492247
0.0530306
0.10255
0.0658673
0.117527
0.116251
0.0293104
0.0350951
9.91486e-11
1e-10
0.0418749
1.0362e-10
2.86661e-10
0.0747208
0.130321
0.0555864
0.0583054
0.0746546
0.0555212
0.0628327
0.00254001
0.0764563
0.0784109
0.0512063
0.000560629
0.0198761
0.0811314
0.109594
0.0762422
1e-10
0.000404109
1.02134e-10
0.041139
1e-10
0.000387222
1e-10
9.8842e-11
0.000521082
9.96954e-11
9.99587e-11
0.000761051
1.06532e-10
0.0740656
9.75418e-11
9.45558e-11
0.0428947
0.0598326
0.0639984
1.01193e-10
0.0503875
0.029964
0.101714
0.0692977
0.166014
0.0398163
9.81716e-11
1.00131e-10
1.01041e-10
1.003e-10
9.9716e-11
1.00197e-10
0.000314189
0.0666392
0.000108552
9.90021e-11
9.7308e-11
1.00301e-10
0.0153881
0.0781086
1e-10
1e-10
1e-10
9.6013e-11
9.65633e-11
1.00113e-10
0.00807245
9.94554e-11
1.00508e-10
1.00142e-10
0.000116493
9.94296e-11
0.00283595
1.00534e-10
9.99829e-11
0.0249728
0.0278035
1.04331e-10
1e-10
0.057161
0.135515
0.0019926
0.122071
9.94904e-11
1.00105e-10
1.06806e-10
0.0369847
0.0586762
0.0554509
0.390779
0.143071
0.179715
0.0590897
0.0910609
0.044873
0.0542952
0.14391
0.0173124
0.187554
0.268283
0.298587
0.387147
0.271768
0.20609
0.320276
0.194136
0.094322
0.276926
0.224527
1.05629e-10
1.00114e-10
0.0978785
0.0283832
0.0402455
0.151382
0.0768752
0.0501759
1.00562e-10
9.46472e-11
0.0367686
0.0053069
9.19513e-11
9.84622e-11
0.0707684
0.00385631
1.00731e-10
4.28954e-05
0.00393724
0.0629983
0.0169945
1.00035e-10
0.0972847
1.0927e-10
9.95542e-11
1.00519e-10
1.00126e-10
1.00186e-10
1.00182e-10
9.9927e-11
1.0289e-10
1.00879e-10
1e-10
0.315736
9.93908e-11
0.00154851
0.0284291
0.0243734
9.74062e-11
1.02051e-10
1.0161e-10
0.00168572
1e-10
0.0302109
0.0537262
0.0333942
9.94255e-11
9.46773e-11
9.93311e-11
1.02753e-10
1.02548e-10
1.03076e-10
7.11961e-11
9.01712e-11
1.04563e-10
0.0503831
9.78256e-11
9.47179e-11
1.01856e-10
1.02395e-10
9.97207e-11
9.98866e-11
9.87876e-11
0.00293596
1.0044e-10
1.16587e-10
1.12366e-10
1.0397e-10
9.89863e-11
9.93527e-11
9.81456e-11
1.06174e-10
1.07749e-10
1.02506e-10
9.81971e-11
9.64289e-11
1.03994e-10
1.02862e-10
9.94781e-11
9.75042e-11
0.00232538
1.04976e-10
9.52762e-11
1.01043e-10
9.84015e-11
0.00761735
9.32556e-11
0.000978036
1.13582e-10
1.12842e-10
9.8633e-11
1.13006e-10
9.93059e-11
1.0657e-10
0.1
7.91585e-11
0.103098
0.103125
0.0885177
0.118251
0.240168
0.249186
0.0984814
0.16842
1.45564e-10
9.89057e-11
9.99196e-11
9.90875e-11
9.48539e-11
0.000232578
1.00452e-10
0.00037308
0.0325828
0.000917932
0.00118588
9.88026e-11
0.00281557
8.55303e-05
0.000281992
1.01766e-10
9.51746e-11
1.02271e-10
1.05952e-10
9.69879e-11
0.0193363
0.0264772
0.0384037
0.00258831
1e-10
0.0381771
1.01148e-10
9.52102e-11
9.92865e-11
0.18672
0.120586
0.0670321
0.181467
0.182162
9.787e-11
0.0584765
0.0509966
0.0529791
0.129117
0.103687
1.00501e-10
0.0155571
0.0700183
0.23584
0.122889
0.131688
0.0998807
0.168354
0.116306
0.10368
0.115649
0.121505
0.225915
0.196161
0.280351
0.157796
0.19781
0.0849086
0.0588336
0.0491023
0.153198
0.11745
0.00293
9.78572e-11
9.76407e-11
1.03749e-10
9.18194e-11
9.7805e-11
9.52326e-11
1.05625e-10
9.58283e-11
9.62694e-11
9.73003e-11
9.94013e-11
1.04271e-10
9.42003e-11
9.99449e-11
0.00131377
7.29439e-05
9.9407e-11
1.01144e-10
0.000750849
9.82833e-11
9.98578e-11
9.48146e-11
9.18247e-11
1.20156e-10
9.70441e-11
9.14649e-11
9.67174e-11
9.59699e-11
9.6117e-11
1.00763e-10
9.41501e-11
9.57232e-11
9.9132e-11
9.49935e-11
9.58631e-11
9.31548e-11
9.59181e-11
1.04865e-10
1.00097e-10
9.19628e-11
9.66899e-11
1.06989e-10
1.00313e-10
1.00642e-10
9.76963e-11
9.46696e-11
9.62913e-11
9.40253e-11
9.0287e-11
9.34507e-11
9.53576e-11
1.06836e-10
1.04515e-10
9.35229e-11
0.0856224
9.36177e-11
1.01348e-10
9.93043e-11
9.65357e-11
1.00015e-10
1.04799e-10
1.01038e-10
0.602122
9.98985e-11
1.00006e-10
9.34511e-11
1.0681e-10
9.76975e-11
1.028e-10
9.96235e-11
9.74995e-11
1.12e-10
0.551742
1.00781e-10
9.67085e-11
9.82206e-11
9.7721e-11
9.60749e-11
1.01787e-10
1.00957e-10
1.02198e-10
1.0209e-10
0.011696
9.8738e-11
9.82176e-11
9.91225e-11
9.61732e-11
1.04837e-10
9.86927e-11
9.60818e-11
0.0343801
9.57216e-11
9.88381e-11
9.68748e-11
9.76387e-11
9.89605e-11
9.77761e-11
9.48606e-11
9.1097e-11
9.81726e-11
1.0182e-10
9.77051e-11
9.80815e-11
9.77416e-11
1.19059e-10
9.72401e-11
1.06207e-10
0.00424364
9.80603e-11
1.00141e-10
9.95769e-11
1.0334e-10
0.000443577
9.88721e-11
1.00934e-10
9.78608e-11
9.78962e-11
9.65001e-11
1.0069e-10
9.78588e-11
9.63869e-11
1.01841e-10
1.10164e-10
9.50778e-11
9.82821e-11
9.59099e-11
0.000768467
9.97225e-11
9.95587e-11
4.94094e-05
9.84332e-11
9.9468e-11
1.10441e-10
1.01112e-10
9.5751e-11
9.399e-11
9.74014e-11
9.8225e-11
9.50946e-11
0.0159154
1.0236e-10
1.02801e-10
1.00402e-10
1.04314e-10
9.89079e-11
1.05403e-10
9.13494e-11
0.00402811
1.03612e-10
0.00214845
1.0079e-10
0.033372
1.00822e-10
0.0872602
0.0625641
9.14807e-11
1.03612e-10
0.00330617
9.16009e-11
9.43271e-11
1.04008e-10
9.9131e-11
0.0125036
9.42713e-11
0.000873837
9.3528e-11
9.36103e-11
1.01024e-10
8.91789e-11
0.000563233
1.0567e-10
1.05093e-10
0.00240609
9.67347e-11
0.037555
9.66712e-11
1.04697e-10
0.0894796
8.90983e-11
0.0153751
0.0620239
9.31784e-11
1.00026e-10
1.05313e-10
1.07037e-10
1.06941e-10
1.05843e-10
1.00052e-10
1.041e-10
0.235067
0.160045
0.186735
0.0688211
0.028134
0.14406
0.159191
0.137545
0.133529
0.0783207
0.132966
0.234819
0.000432295
0.157234
0.0719036
0.121775
0.171591
0.0185295
0.14376
0.438315
0.132583
0.14786
0.265969
0.0865589
0.450659
0.218391
0.147985
0.108746
0.145535
0.0862436
9.86052e-11
0.000402809
1.00922e-10
9.95988e-11
1.01313e-10
0.0182336
0.0801701
0.119355
9.18669e-11
1.03244e-10
1.01367e-10
1.01034e-10
9.79791e-11
1.02126e-10
9.48404e-11
1.00724e-10
9.27921e-11
9.53375e-11
9.36028e-11
9.84953e-11
1.01664e-10
9.33342e-11
9.24662e-11
1.02329e-10
9.68759e-11
1.00714e-10
9.57181e-11
9.22405e-11
9.5728e-11
9.13945e-11
9.9888e-11
9.60726e-11
9.38393e-11
9.85349e-11
9.78403e-11
8.912e-11
9.78068e-11
9.80206e-11
9.54593e-11
9.6553e-11
1.0197e-10
9.97185e-11
9.3126e-11
0.0852119
1.01144e-10
9.40532e-11
1.05318e-10
1.05611e-10
1.01146e-10
9.22058e-11
9.58144e-11
9.05365e-11
1.04026e-10
1.03177e-10
1.04649e-10
0.00338924
9.79354e-11
9.83301e-11
1.04413e-10
1.10362e-10
8.73363e-11
9.32779e-11
1.02458e-10
1.01369e-10
9.87197e-11
1.01236e-10
1.00098e-10
9.96012e-11
1.00221e-10
1.04264e-10
1.05955e-10
9.97035e-11
1.04856e-10
1.06576e-10
1.07547e-10
1.06581e-10
9.02857e-11
9.01699e-11
9.94666e-11
9.95252e-11
1.01273e-10
8.02028e-05
1.08524e-10
9.90856e-11
1.0968e-10
1.15336e-10
1.04086e-10
1.0286e-10
1.03991e-10
1.02514e-10
9.58951e-11
1.037e-10
9.98869e-11
1.00528e-10
1.02404e-10
8.18673e-11
9.99772e-11
9.68219e-11
9.22274e-11
9.00324e-11
9.47031e-11
9.6115e-11
9.24297e-11
9.74042e-11
8.89271e-11
9.71627e-11
9.86159e-11
9.78741e-11
9.36668e-11
0.000118127
8.94553e-11
0.00124833
1.06202e-10
1.00069e-10
1.00995e-10
9.9764e-11
9.57483e-11
9.8073e-11
0.0626304
0.0982464
0.0773473
0.0159644
0.00548669
1.28216e-10
0.0701696
9.35377e-11
0.0381751
9.29052e-11
9.81996e-11
0.00269639
8.83153e-11
9.46466e-11
0.0144457
9.90401e-11
1.00464e-10
9.87342e-11
1.01301e-10
9.87241e-11
9.6547e-11
0.00624153
9.96063e-11
0.000374094
1.07136e-10
0.00165873
9.19576e-11
0.0290124
0.00948119
0.141483
0.015417
0.000561692
1.10316e-10
1.02629e-10
8.27225e-11
0.00898477
2.67863e-05
1.02104e-10
0.0211423
0.0100181
1e-10
9.72812e-11
9.03011e-11
0.000936805
0.00640023
1.00266e-10
9.9643e-11
1.043e-10
0.00240459
1.26129e-10
0.0865839
9.76125e-11
0.0763382
1.00272e-10
1.01115e-10
1.06404e-10
1.01838e-10
1.03334e-10
0.0117142
0.0505311
1e-10
0.0144361
0.0115928
1.04757e-10
1.06525e-10
0.0549543
1.00269e-10
0.0760436
0.0190691
9.93476e-11
0.0763275
0.0883264
0.0554538
0.0438904
9.67479e-11
9.93492e-11
1.0495e-10
1.04773e-10
9.53223e-11
9.74957e-11
1.11593e-10
9.88736e-11
1.15449e-10
9.18047e-11
1.01484e-10
1.06895e-10
9.71813e-11
9.83969e-11
9.86418e-11
9.52054e-11
9.61453e-11
9.64101e-11
9.49192e-11
9.60355e-11
1.0537e-10
9.73216e-11
9.86185e-11
9.71277e-11
1.0338e-10
0.000989465
9.62491e-11
9.73745e-11
9.37371e-11
9.32214e-11
9.27214e-11
0.000710407
9.52922e-11
9.41946e-11
9.79749e-11
9.89072e-11
9.51378e-11
9.82371e-11
1.02695e-10
1.03767e-10
9.72919e-11
9.69162e-11
9.88854e-11
9.78602e-11
9.17869e-11
9.46611e-11
1.01498e-10
9.50582e-11
9.38594e-11
9.48237e-11
1.17203e-10
1.02096e-10
1.00131e-10
1.03119e-10
1.07394e-10
9.50098e-11
1.00282e-10
9.22909e-11
9.38284e-11
9.71794e-11
9.49063e-11
9.32534e-11
1.01622e-10
1.01434e-10
9.6571e-11
9.41947e-11
9.23172e-11
9.79988e-11
9.3015e-11
9.63873e-11
9.63888e-11
9.34266e-11
1.03131e-10
9.62338e-11
9.60502e-11
9.70377e-11
9.40662e-11
0.000834216
9.48654e-11
9.20614e-11
9.73884e-11
9.53183e-11
9.61714e-11
9.54516e-11
9.52958e-11
9.74492e-11
9.48505e-11
9.5229e-11
9.48039e-11
9.63055e-11
9.68335e-11
9.52427e-11
9.90662e-11
9.6411e-11
9.84555e-11
1.00334e-10
9.62918e-11
9.64968e-11
9.56505e-11
9.8516e-11
9.80747e-11
9.71314e-11
9.52445e-11
9.24128e-11
9.44017e-11
9.70848e-11
9.47403e-11
9.47835e-11
9.98546e-11
1e-10
9.59858e-11
8.87147e-11
9.53066e-11
9.32553e-11
9.16413e-11
9.85495e-11
0.271065
1.00089e-10
0.00163227
9.92789e-11
9.65022e-11
9.48506e-11
1.0203e-10
9.0911e-11
9.48079e-11
1.00142e-10
9.77086e-11
1.00892e-10
9.71816e-11
9.55724e-11
9.30288e-11
0.236837
1.00405e-10
9.5497e-11
9.33595e-11
9.52684e-11
8.9915e-11
9.76653e-11
1.0051e-10
0.00277317
1e-10
9.51188e-11
9.42901e-11
9.12026e-11
9.73817e-11
9.33918e-11
9.86434e-11
9.37917e-11
9.33265e-11
1.02539e-10
9.25993e-11
1.15648e-10
9.84662e-11
1.02544e-10
1.00345e-10
9.74834e-11
0.0246101
0.180144
0.0868081
9.54801e-11
0.0895461
9.97857e-11
9.27672e-11
9.79859e-11
9.79823e-11
0.0703039
0.0854226
0.0169995
9.58669e-11
1.14677e-10
9.94707e-11
1.12425e-10
9.24405e-11
9.68732e-11
9.60948e-11
8.78573e-11
9.71995e-11
0.000917926
5.91446e-11
9.99993e-11
1.01868e-10
0.00206923
9.89781e-11
0.00438454
0.0485288
1.08805e-10
1.0458e-10
1.00997e-10
1.03484e-10
1.15788e-10
1.0778e-10
9.78539e-11
9.22694e-11
9.59626e-11
9.89865e-11
9.90536e-11
0.0289548
0.000963015
0.0350466
0.0327506
0.0119937
0.0743118
0.0750768
1.00761e-10
1.08967e-10
9.553e-11
1.02582e-10
1.00951e-10
1.01646e-10
9.72366e-11
9.49407e-11
1.0374e-10
9.53295e-11
9.73653e-11
9.89204e-11
9.71534e-11
9.63265e-11
9.70302e-11
9.93319e-11
9.97811e-11
1.02707e-10
9.40513e-11
9.85224e-11
9.42819e-11
9.74329e-11
9.72313e-11
9.66395e-11
9.33699e-11
1.10016e-10
1.01522e-10
1.01386e-10
1.02695e-10
9.32712e-11
9.50128e-11
0.000706933
9.73287e-11
1.05264e-10
9.74209e-11
1.00058e-10
9.4103e-11
1.00267e-10
9.6469e-11
9.94662e-11
1.06889e-10
1.01583e-10
1.0785e-10
1.05753e-10
1.03957e-10
1.04951e-10
9.63204e-11
1.08825e-10
1.01508e-10
9.92177e-11
1.09056e-10
9.62551e-11
9.92207e-11
9.1584e-11
9.03018e-11
9.27616e-11
9.64053e-11
1.07843e-10
8.96422e-11
9.84262e-11
8.892e-11
9.74601e-11
9.50719e-11
9.9901e-11
9.64508e-11
9.26252e-11
9.43379e-11
1.04052e-10
9.24165e-11
1.0897e-10
1.06769e-10
9.68967e-11
9.47502e-11
9.78844e-11
1.00905e-10
9.92616e-11
9.40782e-11
9.33421e-11
9.57277e-11
9.15267e-11
8.89025e-11
9.76069e-11
9.54846e-11
9.68917e-11
9.60939e-11
9.83953e-11
9.23617e-11
1.03359e-10
1.0796e-10
9.80447e-11
1.03074e-10
9.65228e-11
1.09218e-10
9.49632e-11
9.61032e-11
9.52201e-11
9.46013e-11
9.83584e-11
9.2235e-11
8.85994e-11
9.30096e-11
8.92827e-11
9.35998e-11
9.66528e-11
9.48764e-11
8.9367e-11
9.69143e-11
9.32749e-11
9.45585e-11
9.36508e-11
9.79546e-11
1.0135e-10
0.00010451
9.19921e-11
9.78387e-11
9.41094e-11
9.60231e-11
9.65436e-11
9.28107e-11
8.70654e-11
1.07687e-10
9.73682e-11
1.00939e-10
1.03867e-10
1.01467e-10
1.02091e-10
9.47642e-11
0.0519966
0.0976066
0.0689511
0.0139298
9.76775e-11
9.54392e-11
1.03649e-10
0.726554
0.00313783
1.04082e-10
1.08124e-10
5.65355e-06
0.00107921
0.0604993
0.0692058
0.0967884
9.91279e-11
0.0515648
1.0248e-10
1.07067e-10
0.0823382
0.1034
0.149239
0.0714814
0.0835374
1.02138e-10
0.0491797
0.0924915
0.0503487
0.181917
0.163777
0.130795
0.0845522
8.84383e-11
0.00905585
9.76107e-11
9.84785e-11
1.00209e-10
9.91424e-11
9.44686e-11
9.37017e-11
8.57903e-11
8.74572e-11
9.39127e-11
9.55445e-11
9.23363e-11
9.50483e-11
8.56964e-11
8.85804e-05
9.15044e-11
1.4473e-10
1.83467e-10
1e-10
1.08336e-10
9.45148e-11
1.02714e-10
1.0297e-10
1.06275e-10
9.58603e-11
1.04774e-10
1.25181e-10
1.15653e-10
1.00234e-10
1.1317e-10
1.09986e-10
1.08809e-10
3.30369e-10
9.54978e-11
2.78811e-10
1.04442e-10
0.000450942
0.00154985
0.00228912
1.03496e-10
0.00113955
1.01967e-10
0.958985
0.00754665
1
1.0178e-10
0.000455001
0.0026357
0.0141856
1.00261e-10
1.02918e-10
0.0405777
1.13074e-10
0.237438
9.99586e-11
0.0590743
0.0577763
0.218911
1
0.936951
0.129088
6.69106e-11
0.10974
1
0.0333301
0.778901
0.192016
0.654567
0.90693
0.106198
0.0761263
0.0934839
0.071156
0.0123564
0.989233
0.835087
0.627884
1
0.855446
0.917592
0.89944
0.948698
0.999119
1
0.973468
0.510973
1
0.973828
0.919084
0.948433
1
0.853316
0.950804
0.941142
1.06057e-10
9.84673e-11
9.60146e-11
3.17961e-05
4.67603e-06
1.03963e-10
9.66832e-11
1.07097e-10
0.0694259
0.00830802
0.138378
1.01358e-10
0.147045
0.0899009
0.199088
0.0519433
0.247388
0.528775
0.319567
0.0623503
9.59884e-11
0.536288
0.167039
0.300815
0.0899748
0.650206
0.314227
0.700054
1.01301e-10
0.315142
0.434089
0.242667
0.781006
0.129776
0.250772
0.390459
0.110678
0.0251968
0.0524082
0.0786076
0.78847
0.99341
0.570281
0.997199
0.166321
0.856895
0.747345
0.845475
0.000592627
0.0339381
0.962022
0.992623
0.873695
0.985784
0.953056
0.972804
0.887261
0.995496
0.99763
0.985366
1
0.98634
0.0212689
0.0118999
5.65125e-11
0.895568
0.143165
0.0772849
0.875387
0.676745
0.701114
0.776939
0.624111
0.798839
0.530554
0.359475
0.997775
1
0.0340304
0.0574098
0.10028
0.547094
0.274268
0.249326
0.302071
0.397752
0.3279
0.464082
0.945617
0.846507
0.987008
0.993424
0.245375
0.713303
0.264947
0.454158
1
0.941757
0.932589
1
1.0805e-10
1.03135e-10
1.02355e-10
1.10075e-10
9.38516e-11
9.44665e-11
1.11451e-10
9.65315e-11
0.000259919
1.04117e-10
9.9163e-11
9.06807e-11
1.10589e-10
9.70775e-11
1.18921e-10
9.80157e-11
1.04082e-10
1.03456e-10
1.00848e-10
9.92427e-11
1.13952e-10
1.00863e-10
1.08521e-10
1.06515e-10
9.75198e-11
1.06418e-10
1.14617e-10
9.82648e-11
1.04827e-10
1.04319e-10
1.05185e-10
1.03846e-10
9.39952e-11
1.05953e-10
9.50453e-11
9.57709e-11
9.67064e-11
9.66734e-11
1.03041e-10
1.02753e-10
1.02549e-10
9.21092e-11
9.4048e-11
9.03138e-11
9.19934e-11
9.14388e-11
1.03071e-10
9.66766e-11
1.01762e-10
1.03272e-10
9.31413e-11
1.05546e-10
0.02719
1.02596e-10
0.00122365
1.20726e-10
9.35517e-11
0.0108579
9.21267e-11
1.13156e-10
9.70821e-11
0.00020257
9.27681e-11
9.13105e-11
1.12794e-10
9.29337e-11
0.0251989
9.24517e-11
0.00796531
1.02338e-10
9.20489e-11
1.11102e-10
1.03843e-10
9.86783e-11
1.00613e-10
1.01943e-10
1.06653e-10
1.00976e-10
1.01932e-10
1.08454e-10
1.18434e-10
9.87394e-11
1.06054e-10
0.00179961
0.0595009
1.04438e-10
0.00344819
0.00144451
0.000227277
0.00627393
1.10608e-10
0.00898413
0.0045579
1.0821e-10
0.0967499
9.6286e-11
9.48047e-11
5.23831e-05
9.49138e-11
9.33439e-11
9.16679e-11
1.19927e-10
9.31352e-11
9.30283e-11
9.54076e-11
1.1103e-10
0.0170667
9.72766e-11
1.02085e-10
1.05889e-10
9.90276e-11
9.43951e-11
9.93239e-11
9.68881e-11
0.00117056
1.00255e-10
9.73527e-11
0.221253
0.0105374
1.01116e-10
1.00898e-10
0.00505064
1.08549e-10
9.87118e-11
0.00409296
0.00129917
0.0934711
0.188629
0.0188538
0.297076
9.60031e-11
0.251412
0.233234
0.0801463
0.0908304
0.191919
0.0153796
9.82715e-11
9.69933e-11
0.162177
0.0405809
0.0557147
9.47499e-11
0.162032
9.3328e-11
9.38643e-11
0.105774
0.0169423
0.093087
0.0834447
0.0713485
0.093337
0.167833
9.45041e-11
0.172889
0.17239
0.110616
0.0708241
0.0421387
9.08142e-11
0.105194
0.0445359
0.160816
0.118652
0.102226
0.0607114
0.163732
0.230795
9.61117e-11
0.111921
0.161405
0.152989
0.168076
0.211818
0.152876
0.150764
0.114946
0.020885
9.73243e-11
9.82906e-11
0.179239
0.116494
0.171517
9.44339e-11
0.145724
0.182611
0.269836
0.202307
0.196088
0.19904
0.251847
0.231935
0.169845
0.0918551
0.0553494
0.076172
0.0443573
9.53483e-11
9.89686e-11
0.101519
0.0868997
0.033434
9.82346e-11
9.91855e-11
9.69892e-11
9.58393e-11
0.0941716
0.0767269
0.000185256
8.70983e-11
1.09655e-10
1.81088e-10
1.12958e-10
1.07122e-10
1.49538e-10
9.95613e-11
9.20787e-11
9.51765e-11
9.76104e-11
1.04913e-10
9.5665e-11
1e-10
9.68319e-11
9.06886e-11
9.21654e-11
1.00266e-10
1.26529e-10
1.0308e-10
9.67354e-11
8.53298e-11
1.09019e-10
1.02323e-10
9.98011e-11
1.21731e-10
1.0778e-10
9.45105e-11
9.36011e-11
9.84806e-11
9.65685e-11
0.00087677
1.09925e-10
1.09223e-10
9.48573e-11
9.73523e-11
9.48704e-11
1.27876e-10
9.42642e-11
9.16108e-11
0.176162
1.00366e-10
1.01712e-10
1.08404e-10
1.04503e-10
1.14111e-10
1.03493e-10
1.0073e-10
9.93482e-11
0.020942
1.09869e-10
9.99274e-11
1.09111e-10
1.0013e-10
1.03338e-10
1.02783e-10
9.96324e-11
1.00212e-10
0.000123504
9.99067e-11
9.95234e-11
1.02532e-10
1.00007e-10
1.00786e-10
9.98157e-11
9.98452e-11
0.000133556
9.99052e-11
1.00496e-10
9.91988e-11
0.0473163
0.13987
9.7767e-11
9.09603e-11
9.83446e-11
1.00289e-10
1.06756e-10
1.02478e-10
9.9964e-11
1.02641e-10
1.0008e-10
1.14302e-10
9.9186e-11
1.0006e-10
1.06981e-10
9.19483e-11
1.00015e-10
9.65868e-11
1.01211e-10
9.78491e-11
1.04945e-10
1.01201e-10
9.99846e-11
0.0052944
0.000640214
9.21218e-11
9.81759e-11
1.10947e-10
0.00452966
9.70613e-11
3.0281e-05
1.00129e-10
9.76333e-05
1.01504e-10
0.0175584
0.00270105
0.000761986
1.00322e-10
0.000340185
1.00055e-10
9.99258e-11
0.00692153
1.03258e-10
0.00872936
9.99893e-11
0.0845881
9.96025e-11
0.000181389
0.0104553
0.00456199
0.027425
0.0451354
0.0848576
0.0732273
0.0805216
0.0327407
0.0872147
9.70181e-11
0.0151583
0.0565036
9.93749e-11
0.00323471
0.0190194
9.60351e-11
0.1035
0.00291024
0.0169068
0.0453868
9.52447e-11
0.0700791
9.9454e-11
0.0291217
9.31984e-11
0.1
0.00136402
0.078745
0.0643019
0.0176426
1e-10
0.222854
0.147808
9.94641e-11
1.00116e-10
0.150788
9.78759e-11
0.345284
0.169073
0.112024
1.01525e-10
0.0249947
0.226734
9.79874e-11
0.173485
0.190197
0.177248
1.0089e-10
0.00478743
0.0843875
9.74234e-11
9.6804e-11
0.0836297
0.254115
0.0902423
0.258407
1.05575e-10
0.356463
0.387061
0.28166
0.0851782
0.287612
0.311565
0.166693
0.0915766
0.120363
0.127677
0.183759
0.150611
0.0030311
0.090392
0.185455
0.173748
0.111285
0.133486
0.26353
0.178978
0.180537
0.234845
0.118246
1.01392e-10
0.0866044
1.01494e-10
0.0252575
1.04914e-10
0.0916848
0.00129101
1.02281e-10
0.00666575
0.0744928
0.169425
0.0694632
0.160959
0.0393987
9.95598e-11
0.0390732
0.0996467
0.109304
0.106549
0.0743088
9.97298e-11
0.000173972
0.0933757
0.0952501
0.0515722
9.66525e-11
0.00517563
0.0719824
0.0997955
0.0103402
9.79832e-11
0.130976
9.90316e-11
0.325256
0.300637
0.108526
1.18476e-10
0.262571
0.237446
0.0334571
1.03685e-10
1.01157e-10
0.019921
1.01601e-10
9.96612e-11
0.0171795
0.0704244
0.0830216
1.06242e-10
0.00296647
1.09761e-10
1.00553e-10
0.0736405
0.0423506
1.02842e-10
0.0968926
0.0954355
0.368757
0.168098
0.171989
0.0867692
0.204616
0.200155
0.314094
0.178233
0.057068
0.00698924
0.274702
0.278701
0.0064841
0.0364012
1.00728e-10
0.0688778
0.167674
1.02555e-10
0.105282
0.00372971
0.099474
1.03288e-10
0.0773183
0.0923712
0.0328517
0.051966
0.00406267
0.0470756
0.00885677
1.0006e-10
0.000123775
0.038503
0.0297371
0.0669323
0.0703434
0.069677
1.00657e-10
0.0211047
0.0907978
0.0357545
0.0324588
0.0971809
0.0400338
0.0531197
1.04596e-10
0.0480834
1.01541e-10
0.0595284
0.0969817
0.0695427
9.80227e-11
9.75898e-11
1.0081e-10
0.0397231
1.00125e-10
0.000873874
1.00877e-10
9.99999e-11
1.01781e-10
9.99912e-11
1.03508e-10
9.96757e-11
9.95354e-11
0.0356869
0.12151
1e-10
1.00722e-10
1.13219e-10
0.0367149
0.00090398
9.95703e-11
0.000651452
0.010225
0.0383773
1.00143e-10
0.00295237
0.0602484
1.03359e-10
9.76346e-11
9.75133e-11
0.0017141
0.00623506
9.47985e-05
0.0847689
9.98359e-11
1.01728e-10
9.62864e-11
1.00265e-10
1.00074e-10
0.00827109
9.99737e-11
9.75684e-11
9.99381e-11
0.00545036
0.00255267
9.99085e-11
1.03586e-10
0.053961
0.00211488
1.01864e-10
1.01262e-10
0.0218333
9.99979e-11
0.000204727
1.01023e-10
0.0103716
9.82521e-11
0.000329478
1.01432e-10
9.83411e-11
1.11019e-10
9.95824e-11
9.80173e-11
9.87044e-11
0.0122076
0.00992871
1.04188e-10
0.0455057
1.0284e-10
1.01486e-10
1.00212e-10
9.9355e-11
9.89999e-11
0.0150962
0.0728609
0.0145351
1.14822e-10
9.53326e-11
1.00151e-10
0.0649022
1.19499e-10
1.09234e-10
0.000233611
1.10426e-10
9.27068e-11
1.0522e-10
0.00378046
9.83871e-11
9.39939e-11
9.90878e-11
0.0742068
0.0133052
0.0100004
9.66768e-11
0.0670765
0.0588442
0.54299
0.0422385
9.81543e-11
1.87272e-10
1e-10
0.00716344
9.89392e-11
0.0108278
9.98505e-11
9.97197e-11
9.75732e-11
1.37941e-10
9.98125e-11
9.89199e-11
1e-10
0.000646714
9.84973e-11
0.00952479
0.0535608
0.13792
0.37412
0.261138
0.168247
0.165937
0.182103
0.170201
0.306145
0.263219
0.317137
0.314181
0.298009
0.325654
0.16044
0.0313352
0.1549
0.173525
0.164485
0.16638
1.0371e-10
0.126094
0.251447
0.125267
0.136022
0.0599609
0.163724
0.107062
0.0456317
0.0290438
0.135497
0.0634826
0.24079
0.0692223
0.0631832
0.0299762
0.39824
0.208117
0.128323
1e-10
0.0740476
1.02017e-10
1.02761e-10
1.01207e-10
0.285376
0.142407
0.00389127
0.0166008
0.165432
0.103841
0.285478
0.141251
1e-10
1.02079e-10
0.176809
0.158151
0.0682497
0.00440163
0.0249068
1e-10
0.0101172
0.0304568
0.125204
0.0297548
9.48909e-11
9.50021e-11
1.00444e-10
1.13822e-10
9.83108e-11
0.0419981
9.97398e-11
9.98723e-11
1.03296e-10
0.0115182
1.00386e-10
0.00448566
1e-10
0.0858022
0.0020432
1.01378e-10
1.01279e-10
9.90138e-11
1.02018e-10
0.00430121
0.0187262
1.31808e-10
1.03142e-10
0.00121535
1.00828e-10
1.02706e-10
0.0014256
9.6948e-11
1.27712e-10
9.98256e-11
0.272379
0.384982
0.44323
0.421698
0.249392
0.418067
0.290873
0.321694
0.0432268
9.99046e-11
0.487459
0.157111
0.497582
0.247381
0.355248
0.280185
0.0859102
0.0646305
0.240646
0.156531
0.434335
0.407509
0.351159
0.480528
0.315495
0.198704
0.230465
0.249724
0.34012
0.490242
0.242837
0.462966
0.480072
0.148511
0.399587
0.285743
0.311424
0.344881
0.534248
0.461696
0.357471
0.456731
0.431177
0.277018
0.201242
0.412304
0.193178
0.155765
0.350369
0.411471
0.329681
0.34242
0.301576
9.61447e-11
0.163385
0.221484
0.33929
0.296277
0.337309
0.275371
0.116833
0.19446
0.140891
0.251587
0.254169
0.283805
0.109058
0.167482
0.163014
0.226193
0.201004
0.125719
0.00283602
1.02962e-10
0.0104737
0.0395527
1.00502e-10
0.0013888
0.0211468
1e-10
9.9882e-11
0.00104946
0.000240847
0.00927745
0.0124887
0.0245745
0.00432515
0.0183916
9.90457e-11
1.00197e-10
9.82108e-11
0.0646481
0.00208638
1e-10
9.85731e-11
9.83195e-11
9.98353e-11
0.012717
0.0293149
9.51035e-11
1.0002e-10
1.00476e-10
0.0497693
0.0142041
9.80484e-11
0.00397825
0.0250194
0.0123041
9.88008e-11
0.0930234
0.0381181
0.175
0.000169016
0.0310608
9.31054e-11
0.0414952
1e-10
0.00592867
9.99969e-11
1.00383e-10
9.42407e-11
9.27608e-11
0.173356
0.088533
1e-10
1.01111e-10
0.00316165
1.00891e-10
9.70544e-11
1.01724e-10
0.14646
0.0600918
1e-10
1.14517e-10
0.00762105
0.00101436
1.01196e-10
1.00386e-10
1.01309e-10
9.97862e-11
9.79775e-11
1.01093e-10
1.02909e-10
9.71896e-11
1.16554e-10
9.13183e-11
1.03103e-10
0.0029769
9.81758e-11
8.96236e-11
0.11634
0.102424
0.0562909
1.00151e-10
0.00384467
1.03254e-10
9.80568e-11
1.00063e-10
0.136967
0.135243
0.248622
0.240245
0.238528
0.11926
0.0629589
0.0120355
0.14839
0.0416917
0.282525
0.268953
0.146941
0.0729986
0.210855
0.0675313
0.136206
0.146874
0.158819
0.11392
0.127904
0.269398
0.176089
0.152181
0.184663
0.0378062
0.411396
0.246119
0.195527
0.217879
0.331616
0.159661
0.109002
0.170942
0.147259
0.141412
0.167647
0.230246
1.00398e-10
0.0285659
8.48545e-05
0.0466201
9.55857e-11
0.0882641
0.00364147
0.127959
1.03418e-10
9.38313e-11
0.0993433
0.254524
0.158531
0.120079
9.96057e-11
0.0138505
0.0126685
0.0923736
0.0497854
0.133846
9.76142e-11
9.61837e-11
0.0763826
0.0694
0.0142969
1.04332e-10
0.085472
0.0916721
0.0458737
0.117393
0.00444677
0.082364
1.01037e-10
0.0866115
0.160576
0.0573108
9.62753e-11
0.0119826
0.0917742
0.107217
0.0374489
0.00997324
0.160025
0.0223275
0.00123017
0.00134649
0.00536033
0.0727657
1.10077e-10
0.00927386
0.0020402
0.08859
0.0530491
0.0149602
0.0515409
0.0511222
1.04027e-10
0.0264586
0.197804
0.138473
0.152682
0.168411
0.0849161
0.143782
1.01874e-10
0.118102
0.00662311
0.00395201
0.0316576
0.00597817
0.125944
0.237365
0.172176
0.17876
0.171344
0.000998406
0.134448
0.135883
0.0617161
0.0851351
9.8625e-11
0.075895
9.9043e-11
9.83815e-11
0.163246
0.0925956
1.02498e-10
0.0291775
7.82422e-05
4.24467e-05
0.0602856
0.0163903
0.00545824
0.0133374
1.00048e-10
0.0573104
9.99988e-11
0.00124825
9.97886e-11
1.52309e-10
9.92758e-11
1.04452e-10
1.08549e-10
8.98342e-11
9.81402e-11
9.32103e-11
1.07836e-10
1.08784e-10
1.15061e-10
1.01529e-10
9.25356e-11
1.02797e-10
9.90588e-11
9.91311e-11
9.92096e-11
1.03238e-10
9.67577e-11
0.234566
0.191186
0.375639
0.364002
0.188474
0.170673
1.01632e-10
9.89782e-11
1.04777e-10
1.00369e-10
9.9763e-11
0.000367559
1e-10
0.00360374
9.86521e-11
0.0114302
0.0175711
9.77787e-11
9.9426e-11
1.00728e-10
1.07617e-10
9.95022e-11
0.0227214
1.00746e-10
0.0259985
0.00165787
0.0410821
9.99534e-11
0.0161472
0.0121213
9.61731e-11
0.0108306
9.66516e-11
9.46252e-11
0.0427497
9.89323e-11
0.021359
0.0488594
1e-10
1.01379e-10
0.0129512
0.00567053
0.0281556
9.88294e-11
1.32131e-10
9.79759e-11
9.93463e-11
9.62737e-11
9.7218e-11
0.0517786
1.07494e-10
0.0337199
0.00011198
1.21483e-10
9.29991e-11
1.09458e-10
0.0174398
0.000533
9.99204e-11
9.45951e-11
0.0192864
0.0435768
9.6768e-11
9.7738e-11
1.00319e-10
0.0231609
1.01283e-10
1.0128e-10
1.06473e-10
1.00174e-10
0.0564764
0.0237865
1.00756e-10
9.84753e-11
1.01753e-10
0.0688273
0.0182621
0.00340488
9.72355e-11
9.77637e-11
1.04718e-10
0.0497757
9.855e-11
9.95488e-11
1.00019e-10
1.0197e-10
9.92546e-11
1.0297e-10
1.00714e-10
1.0067e-10
0.0219439
9.81745e-11
0.0936519
0.0211144
0.0037849
0.000258627
0.038979
0.00712995
0.0801717
1.00784e-10
0.31559
0.341389
0.027869
0.0193309
1.00586e-10
9.68095e-11
9.67029e-11
9.61417e-11
0.00482048
9.85808e-11
0.0823764
0.064778
1.02387e-10
9.98619e-11
0.000373379
1.01365e-10
1.00311e-10
0.00253181
0.00541644
9.87746e-11
0.0160501
0.0470313
9.71022e-11
9.77994e-11
9.51487e-11
9.45827e-11
9.74713e-11
0.0490015
1.00397e-10
1.06168e-10
0.00646198
9.32712e-11
9.58719e-11
0.0743374
1.08336e-10
0.844549
0.0112681
1.05445e-10
0.0212253
9.91315e-11
9.96474e-11
0.176672
0.067068
0.0115339
0.806811
0.988733
0.996919
0.108082
0.116104
0.165237
0.217724
0.513289
0.842093
0.096363
0.321836
0.103059
0.189514
1.13781e-10
0.00669993
0.00523021
0.131673
0.052381
0.0623327
0.97932
1.00884e-10
0.0392632
0.133663
0.0368779
0.148479
0.966043
1.00725e-10
0.98245
0.00386891
1e-10
0.0184234
0.557499
9.9272e-11
1
0.0059497
0.698195
0.00430375
1e-10
1.00622e-10
1e-10
0.0271681
9.99484e-11
1.08289e-10
0.00944445
9.83365e-11
1.01413e-10
9.73082e-11
0.0147743
9.90149e-11
9.91339e-11
0.00327374
1.03501e-10
0.0358756
1.00103e-10
1e-10
1.0089e-10
9.7208e-11
1.07127e-10
0.00014129
0.0155295
9.99641e-11
7.03948e-05
0.0135924
1.00095e-10
9.91511e-11
1.0005e-10
1.00005e-10
1.03499e-10
1.00131e-10
1e-10
0.000410291
1e-10
4.49974e-05
0.00168727
9.98914e-11
0.0165684
0.0937621
9.87912e-11
9.0536e-11
0.0944255
1.01598e-10
0.0571974
1.01518e-10
1.03267e-10
0.0356565
0.0544684
0.0929588
0.042658
0.090039
0.00327827
1.00193e-10
9.89527e-11
9.71137e-11
0.113171
1.01692e-10
0.997726
0.990509
0.0398529
0.831912
0.984603
0.994837
0.991475
0.902863
0.000772617
0.999182
0.991328
0.971593
0.878954
0.974327
0.840067
0.813467
0.971072
0.130194
0.772195
0.977514
0.799637
0.690404
9.67237e-11
0.993938
0.994895
0.922762
1
0.882242
0.117236
0.978899
0.865539
0.223007
0.92363
0.940679
0.95708
1.00072e-10
0.883044
1.00005e-10
0.00018662
9.91559e-11
0.00866887
1.0006e-10
1.04736e-10
7.87448e-05
9.88117e-11
9.97363e-11
1.02874e-10
0.0517337
0.000232563
1.00343e-10
9.77563e-11
0.0584679
1.02093e-10
9.7716e-11
8.95145e-11
9.68762e-11
9.75172e-11
0.000440181
9.68781e-11
9.36422e-11
0.0139231
1.10667e-10
0.0716984
9.85504e-11
9.52984e-11
1.01412e-10
1.01377e-10
0.000380496
1.01126e-10
1.00353e-10
1.02782e-10
1.01815e-10
0.022958
1.01919e-10
1.05666e-10
1.0074e-10
1.03057e-10
1.01636e-10
0.0803659
1.00547e-10
1.00612e-10
0.0502909
1.0509e-10
0.02806
0.059351
0.0623308
0.0880988
0.0471096
0.0319265
0.0128137
0.0123701
0.00862644
0.00854131
0.995431
0.993133
1
0.992537
0.956268
0.940851
0.996107
0.999238
0.984607
0.998267
0.986738
0.977987
0.903389
0.728715
0.781296
0.97995
0.864764
0.848714
0.927809
0.826978
1
1.00263e-10
9.93862e-11
0.0178513
1.00641e-10
0.0843272
1.04429e-10
9.73364e-11
1.00017e-10
9.24727e-11
1.02197e-10
0.00268618
1.03358e-10
0.00872301
1.00768e-10
1.02806e-10
1.00214e-10
0.00645492
1.00064e-10
1.0185e-10
0.0984303
9.95063e-11
9.95838e-11
1.01496e-10
1.02754e-10
1.01295e-10
1.02584e-10
9.75263e-11
1.07046e-10
1.0041e-10
1.08971e-10
9.92576e-11
1.0318e-10
1.03165e-10
1.02136e-10
1.11763e-10
9.54073e-11
1.14346e-10
0.981551
1.01604e-10
1.07902e-10
1.60261e-10
1.04027e-10
0.00281767
0.0913099
0.0865839
0.0922993
0.0895211
0.0839382
9.84194e-11
0.0775936
0.0906563
0.0547691
1.06889e-10
9.91464e-11
0.0942129
0.0441851
0.000766508
0.0933072
1.02075e-10
9.67253e-11
1.07538e-10
9.53856e-11
1.03466e-10
0.0402251
0.0986024
1.00571e-10
1.08859e-10
9.80553e-11
1.02331e-10
9.82119e-11
1.10873e-10
9.64666e-11
0.000872023
9.62319e-11
9.5415e-11
9.7233e-11
9.66001e-11
9.25461e-11
9.59817e-11
9.68202e-11
1.14978e-10
9.76936e-11
1.01667e-10
9.4747e-11
9.57122e-11
1.05843e-10
1.007e-10
9.98585e-11
9.88311e-11
9.57777e-11
9.80182e-11
0.526939
0.706876
1.02339e-10
9.58149e-11
9.54822e-11
1.00066e-10
1.02172e-10
9.82312e-11
1.10593e-10
0.000882398
1.09342e-10
9.59442e-11
9.57916e-11
9.51352e-11
1.13687e-10
9.53295e-11
1.17805e-10
9.83893e-11
1.2133e-10
1.04414e-10
1.02921e-10
1.0673e-10
9.96894e-11
9.77377e-11
9.39019e-11
0.00331628
9.55761e-11
9.57307e-11
1.02743e-10
1.05583e-10
9.85782e-11
9.94822e-11
9.59841e-11
1.03115e-10
9.73504e-11
9.30151e-11
1.01171e-10
9.21279e-11
0.943446
0.866638
0.590599
0.906825
0.811774
0.897008
9.40434e-11
9.54116e-11
1.03212e-10
9.40862e-11
1.09246e-10
9.62596e-11
9.24596e-11
1.04534e-10
0.0374227
1.13177e-10
9.75655e-11
1.03179e-10
9.80594e-11
9.81993e-11
1.03425e-10
9.81314e-11
1.03448e-10
9.65591e-11
1.00751e-10
1.08898e-10
1.07565e-10
1.04538e-10
9.95594e-11
9.63932e-11
0.446927
0.773816
0.768148
0.896844
0.953462
0.810829
0.840431
0.603812
0.684383
9.9897e-11
0.67942
0.894589
0.933194
0.843938
0.960733
0.882184
0.877502
0.947026
0.854062
0.60414
0.872646
0.589505
0.738768
0.772239
0.945651
0.878511
0.629842
9.74189e-11
0.806694
0.926915
0.610184
0.812769
0.681238
1.01149e-10
0.67511
0.710293
0.389967
0.125876
0.640802
0.728262
0.834465
0.814887
1.01768e-10
9.96754e-11
9.89377e-11
9.95741e-11
1.00118e-10
9.97057e-11
1.08134e-10
9.99425e-11
1.76213e-10
9.68233e-11
9.78853e-11
1.82107e-10
1.0211e-10
1.01054e-10
1.03916e-10
1.05226e-10
1.02101e-10
9.78096e-11
1.10439e-10
1.0287e-10
9.5925e-11
1.04849e-10
9.99169e-11
9.97782e-11
1.00606e-10
9.93302e-11
0.00332249
9.81982e-11
9.42696e-11
1.37477e-10
1.06579e-10
1.08669e-10
9.74516e-11
0.00841577
1.17132e-10
9.74595e-11
9.99318e-11
9.46544e-11
1.08145e-10
9.96646e-11
9.32398e-11
1.07921e-10
9.5439e-11
9.83443e-11
9.6414e-11
9.87039e-11
9.75981e-11
0.00179684
1.0126e-10
9.85394e-11
1.08574e-10
9.84663e-11
1.07603e-10
1.02094e-10
9.69711e-11
9.75712e-11
9.92213e-11
1.0441e-10
9.60336e-11
9.81461e-11
1.07608e-10
1.05902e-10
1.08066e-10
0.0100281
9.6209e-11
0.000259806
0.00165011
0.00295596
0.0125
1.11568e-10
6.44118e-11
9.98805e-11
0.00472687
1.31441e-10
9.85651e-11
0.0101552
0.0115102
1.00172e-10
9.99905e-11
9.99179e-11
9.94154e-11
1.04814e-10
1.04222e-10
1.15459e-10
9.6796e-11
9.53509e-11
9.97072e-11
8.72521e-05
9.94286e-11
1.03578e-10
9.55246e-11
8.46072e-11
9.77893e-11
9.61391e-11
9.59211e-11
9.76177e-11
9.86414e-11
9.98504e-11
9.47251e-11
1.00175e-10
9.86618e-11
9.6179e-11
9.79151e-11
9.52391e-11
9.97813e-11
0.00349235
0.00620266
8.70823e-11
9.45562e-11
9.23263e-11
9.66747e-11
1.0625e-10
9.53268e-11
0.0103274
9.96656e-11
9.71803e-11
1.12982e-10
9.7689e-11
9.14239e-11
9.43781e-11
9.57839e-11
0.000144931
1.04055e-10
1.10506e-10
1.09497e-10
9.45899e-11
9.94899e-11
1.12719e-10
1.04806e-10
9.56995e-11
9.35507e-11
9.86555e-11
9.71878e-11
9.72922e-11
9.6529e-11
1.03585e-10
1.03669e-10
1.15018e-10
1.10607e-10
1.09705e-10
1.00667e-10
1.01142e-10
1.09633e-10
9.72682e-11
1.01794e-10
1.01435e-10
1.08281e-10
9.93723e-11
0.000520602
1.00793e-10
1.03108e-10
1.04078e-10
1.06111e-10
1.02202e-10
1.12199e-10
1.17313e-10
1.06096e-10
1.20363e-10
9.79948e-11
9.83692e-11
1.19365e-10
1.04498e-10
9.80248e-11
0.000761212
1.0629e-10
9.88565e-11
1.01545e-10
1.05501e-10
1.1323e-10
1.15536e-10
1.00253e-10
9.79255e-11
9.98437e-11
9.82936e-11
9.84541e-11
1.1889e-10
1.03241e-10
9.96616e-11
1.07568e-10
9.81431e-11
1.00538e-10
0.727967
0.644412
0.613638
0.822872
0.69822
0.523307
0.699057
9.85817e-11
0.0912938
8.66112e-05
0.0218944
0.000609161
9.3202e-11
1.10533e-10
0.00191218
9.75453e-05
5.63971e-11
0.0375
0.06426
0.00310336
8.58489e-11
9.75405e-11
7.85097e-11
0.00525318
0.101923
0.0121342
9.33599e-11
0.000692213
9.79217e-11
9.80401e-11
0.00891159
0.0904516
0.42368
0.231603
0.24569
0.276457
0.00568633
0.0177929
0.0741806
0.0116484
0.0945897
0.0137754
0.438998
0.723554
0.0413849
0.084645
0.055173
0.121013
0.709849
0.601201
0.736017
0.0377581
0.159453
0.0359718
0.549476
0.69671
1.13678e-10
9.7288e-11
0.0133566
0.460196
0.0187457
0.206762
9.22534e-11
9.73395e-11
1.02493e-10
9.83914e-11
1.01173e-10
9.81809e-11
9.72723e-11
2.28294e-10
0.0081828
0.00619955
0.0118857
1.00482e-10
1.00098e-10
0.0030902
3.51534e-05
6.79848e-11
4.51816e-05
9.03499e-11
1.05096e-10
9.52576e-11
9.89655e-11
9.05226e-11
1.02595e-10
9.65634e-11
9.51786e-11
9.16225e-11
1.00923e-10
1.02804e-10
1.0317e-10
1.02365e-10
1.01335e-10
1.03647e-10
1.04393e-10
1.01103e-10
9.85882e-11
1.12369e-10
1.08581e-10
1.07504e-10
1.02045e-10
9.9649e-11
1.01922e-10
1e-10
1.07722e-10
1.08845e-10
1.06626e-10
1.06133e-10
0.0149
1.09053e-10
1.00219e-10
9.90766e-11
0.688386
0.322717
0.63917
0.661548
0.129395
0.130278
0.0986868
1.22113e-10
9.81135e-11
0.00815912
1.06415e-10
1.09518e-10
1.01406e-10
1.06793e-10
1.00545e-10
9.81982e-11
9.9196e-11
1.00127e-10
1.0385e-10
1.00963e-10
1.09249e-10
9.99241e-11
1.08188e-10
1.00198e-10
1.0129e-10
9.99216e-11
1.01572e-10
9.95812e-11
1.18628e-10
5.67226e-05
1.05572e-10
1.1522e-10
9.82996e-11
0.0205816
1.10702e-10
9.6678e-11
1.09509e-10
1.11639e-10
1.00344e-10
1.0614e-10
1.05028e-10
9.96998e-11
1.11376e-10
1.04717e-10
1.10799e-10
1.0418e-10
1.12293e-10
1.19265e-10
9.81078e-11
1.11907e-10
9.87312e-11
1.02765e-10
1.05829e-10
1.15821e-10
1.04337e-10
1.07714e-10
1.06316e-10
1.01174e-10
1.07818e-10
1.07783e-10
1.07493e-10
1.17207e-10
9.5876e-11
1e-10
9.74451e-11
0.0668168
1.12308e-10
1.06841e-10
9.96154e-11
1.06645e-10
9.8536e-11
1.12458e-10
1.22966e-10
1.02762e-10
9.96554e-11
1.02643e-10
9.90222e-11
1.01691e-10
1.05065e-10
1.00048e-10
1.09623e-10
1.09126e-10
0.0578471
0.022131
1.07257e-10
0.00437404
1.0698e-10
1.01165e-10
9.92572e-11
1.13233e-10
9.66942e-11
1.06624e-10
9.92011e-11
9.79606e-11
1.06339e-10
1.01932e-10
9.984e-11
9.93133e-11
9.97375e-11
9.95867e-11
9.48399e-11
1.13199e-10
1.06961e-10
1.09826e-10
1.09021e-10
0.0106036
1.04148e-10
1.21975e-10
9.99336e-11
1.07915e-10
9.7971e-11
1.00514e-10
9.68332e-11
1.03115e-10
1.01252e-10
0.0330204
9.91548e-11
9.71712e-11
1.13176e-10
9.87601e-11
1.22311e-10
1.13409e-10
1.05003e-10
1.02271e-10
1.07335e-10
9.57539e-11
9.5796e-11
1.03148e-10
9.7687e-11
9.61209e-11
9.60221e-11
9.74738e-11
1.03966e-10
1.17523e-10
1.18495e-10
1.03866e-10
1.10621e-10
9.89702e-11
1.05028e-10
0.0562521
9.64607e-11
9.93665e-11
1.13638e-10
0.0717029
9.8731e-11
9.91297e-11
0.0289207
1.19318e-10
1.14058e-10
0.0964163
0.0667587
1.04614e-10
9.38042e-11
9.24602e-11
9.60519e-11
9.44131e-11
9.46157e-11
1.01344e-10
9.48872e-11
9.51587e-11
1.00848e-10
9.33939e-11
1.10716e-10
0.082739
1.00069e-10
9.65416e-11
9.36176e-11
9.55118e-11
0.00324006
9.73594e-11
9.66239e-11
1.02609e-10
9.53564e-11
1.01335e-10
1.16298e-10
9.54354e-11
9.07498e-11
9.87827e-11
0.0936685
0.0469926
9.54303e-11
9.86877e-11
9.77899e-11
9.52416e-11
9.75307e-11
9.85168e-11
9.95528e-11
9.70132e-11
9.67883e-11
9.27863e-11
9.44528e-11
0.00692833
9.84924e-11
9.75486e-11
9.53142e-11
0.00806826
1.40462e-10
9.79112e-11
1.00314e-10
1.02718e-10
1.13104e-10
1.18614e-10
1.05085e-10
0.600391
0.0103535
0.346175
9.92572e-11
0.0973283
9.49359e-11
9.41912e-11
9.68889e-11
9.75408e-11
9.40265e-11
9.46446e-11
0.067552
0.0167734
9.50841e-11
0.638491
9.88326e-11
9.61538e-11
0.00535523
9.46038e-11
0.00134711
9.53801e-11
0.00729774
1.00254e-10
9.41299e-11
9.55545e-11
1.02986e-10
9.85967e-11
1.01128e-10
9.58169e-11
1.04581e-10
0.00417855
9.45265e-11
3.11655e-05
1.04147e-10
0.00584058
0.0880552
0.0590215
0.011595
0.671247
0.18205
9.22799e-11
9.70841e-11
0.00708033
9.31541e-11
0.0739743
0.0192381
0.0601072
0.00243815
8.78316e-11
9.94741e-11
0.0118675
1.0131e-10
1.01035e-10
1.02944e-10
9.59484e-11
9.77074e-11
9.78215e-11
0.0493051
1.02478e-10
0.089935
1.08487e-10
0.0414738
0.0624335
0.145559
0.267741
0.566198
0.0884751
0.00675108
0.0331169
1.08903e-10
9.45835e-11
9.35857e-11
0.000424122
0.00399061
0.0882981
0.0595366
0.0710574
0.0717105
0.0207359
1.15809e-10
0.2147
0.133104
0.411236
0.200959
0.645184
9.99712e-11
0.511644
0.620948
0.448061
0.519643
0.699069
0.028981
8.16847e-05
0.00180947
1.00157e-10
0.0101181
1.01278e-10
9.36091e-11
0.0214423
0.00135307
0.00100063
1.00254e-10
1.0105e-10
9.99853e-11
0.0767596
1.02868e-10
0.715966
0.335505
0.0679858
0.00874441
0.0345172
0.000445536
0.029712
9.78891e-11
9.89239e-11
0.0519618
1.0249e-10
0.0139978
1.01177e-10
0.147127
9.63606e-11
9.84066e-11
9.597e-11
0.00104243
0.39174
0.411454
9.9404e-11
0.0897082
0.10335
0.0946399
0.0178621
1e-10
0.00263985
1.02054e-10
9.7311e-11
1.00326e-10
9.4708e-11
9.78167e-11
9.66008e-11
1.00013e-10
1.02192e-10
1.02921e-10
9.73464e-11
9.70708e-11
1.00234e-10
1.02799e-10
1.06372e-10
1.02358e-10
8.90463e-11
1.00021e-10
0.0403292
0.136285
1.00005e-10
0.0331533
0.120689
0.0319301
1.13265e-10
0.0162519
9.71942e-11
1.07437e-10
1.00686e-10
1e-10
9.69962e-11
9.72237e-11
0.0858663
0.122068
9.95705e-11
1.00005e-10
0.00418369
0.0836987
9.93944e-11
1e-10
0.000126868
1.0002e-10
1.10801e-10
1.06026e-10
9.93331e-11
9.9376e-11
9.73021e-11
9.703e-11
1.00055e-10
0.0724178
0.0917983
0.0100112
0.0167398
0.48184
1.01216e-10
0.0124496
0.00144357
1.23558e-10
0.0216871
0.0145238
0.188985
0.0826735
0.0619722
0.0403199
0.0169206
0.00014379
0.00769043
0.0748243
0.0716773
0.697398
0.510009
0.769195
0.537542
0.851825
0.655495
0.684354
0.550398
0.682056
0.624041
0.778835
0.768567
0.785239
0.69989
0.401196
0.469908
0.388988
0.170047
0.650657
0.607488
0.330443
0.20681
0.33085
0.150306
0.740985
0.315981
0.598673
0.291936
0.0739078
0.163548
0.115771
0.252685
0.250122
0.116336
0.626487
0.511045
0.484684
0.354881
0.42514
0.0890471
0.384928
0.252098
0.157118
0.274107
0.163024
0.183637
0.0931054
0.224814
0.124424
0.0270491
0.0805964
0.180998
0.18067
0.149495
0.124232
0.183336
0.809209
0.646728
0.635239
0.759714
0.65942
0.887008
0.470091
0.549192
0.491632
0.364872
0.464731
0.295831
0.431837
0.191597
0.162619
0.179568
9.99424e-11
0.21393
9.9149e-05
0.0305135
0.539376
0.319923
0.497237
0.485598
9.91147e-11
0.0162647
5.7817e-11
9.11563e-11
9.73874e-11
1.00972e-10
9.71491e-11
6.43198e-11
9.94415e-11
9.93459e-11
9.55298e-11
9.33513e-11
1.0277e-10
9.72143e-11
0.166593
0.0122595
1.00605e-10
1.09363e-10
1.11481e-10
1.01995e-10
0.000741467
9.49453e-11
1.06246e-10
9.60566e-11
9.26961e-11
1.22294e-10
1.13358e-10
9.43023e-11
9.82946e-11
9.92453e-11
0.0212516
0.0112814
0.179634
0.267288
0.123847
0.232941
0.108473
1.12373e-10
0.698073
0.406217
0.617606
0.374641
0.704988
0.845851
0.743555
0.571978
0.670501
0.576923
0.557467
0.644545
0.548829
0.531858
0.567451
0.585091
0.480766
0.370714
0.438045
0.463984
0.389623
0.500455
0.651181
0.551244
0.672667
0.595939
0.451047
0.61202
0.543637
0.544337
0.510366
0.485663
0.588493
0.476947
0.491742
0.431728
0.421913
0.531392
0.155047
0.319686
0.499601
0.555406
0.394799
0.0776349
0.302508
0.461893
0.265611
0.165127
0.486422
0.166607
0.175207
0.149334
0.569043
0.395642
0.291527
0.428043
0.352455
0.363475
0.383954
0.305861
0.457849
0.203534
0.365315
0.1
0.25949
0.320806
0.162678
0.151809
0.371245
0.229997
0.259654
0.142618
0.166326
0.083101
0.304459
0.278511
0.310037
0.307211
0.17018
0.0872331
0.24345
0.218549
0.27395
0.327656
0.199584
0.192554
0.404174
0.245396
0.404751
0.501688
0.330921
0.424887
0.153808
0.250812
0.454016
0.304256
0.313359
0.42484
0.209455
0.302222
0.258504
0.132213
0.143894
0.0950459
0.259167
0.192557
0.221882
0.27872
0.352398
0.14957
0.237937
0.180158
0.177955
0.365885
0.186743
0.129349
0.229571
0.240655
0.279154
0.263831
0.202674
0.184686
0.383257
0.380712
0.428858
0.33923
0.24006
0.101534
0.0665597
0.21002
0.167389
0.270828
9.98839e-11
9.96366e-11
0.00216673
0.000699302
9.97639e-11
1.01182e-10
1.00928e-10
9.965e-11
0.0727659
9.94365e-11
0.000264997
9.89997e-11
9.69767e-11
0.0204737
0.00959759
1.14968e-10
1.04515e-10
9.7354e-11
1.03026e-10
1.06975e-10
9.84695e-11
8.5607e-11
0.129901
0.1003
0.095444
0.15746
0.126801
0.118935
0.18291
0.0830868
0.186114
0.0995357
0.29402
0.117078
0.129854
0.102794
1.00908e-10
0.0677322
0.16959
0.0696161
0.0397872
0.0967053
0.155208
0.0850526
0.138808
0.088577
0.0904685
0.0569641
1.12591e-10
0.158545
1.02946e-10
0.037629
0.139059
0.0959681
0.0789063
0.0649075
0.198714
0.0814048
0.061771
0.0295875
0.0367459
0.0842055
0.0489503
0.0827676
0.0825326
0.023758
0.0794248
0.0338188
0.00833741
1.04562e-10
1.04137e-10
0.130209
1.02236e-10
1e-10
0.0689034
0.00471748
1.00521e-10
0.00443613
0.00686344
9.97233e-11
9.75035e-11
9.99305e-11
9.91203e-11
0.013217
0.00744527
0.0223826
1e-10
9.96899e-11
0.0380741
0.0221717
9.79216e-11
9.94067e-11
1e-10
0.0502568
9.95414e-11
0.00551038
1e-10
0.0087859
1.05798e-10
9.84662e-11
0.0446009
0.00309039
0.0348768
0.0102478
9.89654e-11
9.88897e-11
0.00799141
1.0008e-10
0.0268356
0.00508129
0.0189383
0.00916177
0.0540345
9.91504e-11
0.0129301
0.00997882
1.0171e-10
0.00651064
1.00211e-10
0.0815919
9.80459e-11
1.01196e-10
1.03544e-10
1.00324e-10
0.0297111
1.15767e-10
9.7399e-11
0.0534802
9.91005e-11
0.00472064
1.05607e-10
9.98647e-11
0.059711
1.01264e-10
9.75003e-11
0.0558454
0.0673425
0.0142091
9.81973e-11
0.0610968
9.89157e-11
9.76361e-11
1.04686e-10
9.73035e-11
0.0785677
0.0482226
0.0593617
0.0644804
0.0528152
0.084719
0.0682208
0.0699434
0.0402643
0.0920996
0.0803997
0.0645439
0.0794563
9.64078e-11
0.0781029
9.65088e-11
9.77924e-11
1.00315e-10
0.00144616
0.0813738
1.03113e-10
0.0817226
0.0820349
0.0597056
8.89843e-11
1.0356e-10
0.0569278
1.05563e-10
0.0472933
0.071508
0.00532868
0.0661418
9.43745e-11
8.91503e-11
0.078489
9.74549e-11
1.04351e-10
9.63759e-11
0.176461
0.182254
0.195384
0.0796114
0.126154
0.112159
0.118385
0.282812
0.105435
0.227498
0.00883999
0.0850252
0.15504
0.206596
0.130321
0.135559
0.055954
0.0808562
0.0377163
0.0838486
0.0951162
0.0768635
0.0685929
0.0968913
0.0224711
1.00404e-10
9.69544e-11
0.149673
0.108088
9.95042e-11
0.154637
0.0551388
0.00370987
1e-10
1.00424e-10
0.0144068
0.000766428
9.85533e-11
1.05698e-10
0.000307454
0.0105437
0.0202241
9.76724e-11
1.15761e-10
0.0121333
0.0162766
0.00422725
0.0604134
0.00250867
9.80377e-11
9.34691e-11
2.45353e-05
0.0195561
8.55773e-11
1.07778e-10
9.93409e-11
1.0621e-10
1.05029e-10
9.68425e-11
8.45288e-11
9.97798e-11
0.0157918
0.0185836
0.000496676
0.0110286
5.62547e-05
9.93664e-11
0.000537478
9.81199e-11
1e-10
9.99773e-11
1.01144e-10
1.00811e-10
4.78932e-05
0.000575555
9.96254e-11
0.00298515
0.00900456
9.90378e-11
9.89491e-11
0.00156466
1.02293e-10
0.00267919
0.0140098
1.42926e-10
9.72552e-11
0.0682869
1.00553e-10
0.0774386
0.0730766
0.0397372
9.53149e-11
1.04113e-10
0.00274571
0.143969
0.0457263
0.171476
0.0888439
0.154051
0.248769
0.141813
0.0666088
0.0649473
0.249107
0.0942151
0.0972403
0.0798918
0.0729931
0.0863313
9.75714e-11
9.25001e-11
0.194366
0.0509825
0.17742
0.174502
0.0945613
0.218561
0.139067
0.0828177
0.0816859
0.152341
0.0430038
0.0785692
0.101387
0.125549
0.102505
0.085229
9.06211e-11
0.0778428
0.0420052
0.067552
0.095773
0.056692
9.749e-11
9.73945e-11
1.19003e-10
0.0762272
0.0811027
0.0758649
0.0874212
0.0745317
0.152356
0.168669
0.0835465
0.0758809
0.133715
0.0841117
0.117308
9.81111e-11
1.06048e-10
1.09032e-10
9.05302e-11
0.0201131
1.00464e-10
9.95844e-11
9.81247e-11
0.0705796
0.0434593
9.96671e-11
0.00973613
9.93825e-11
0.0269137
0.0343656
1.03617e-10
0.00603195
0.0722757
0.0360487
1.07249e-10
1.00103e-10
1.01429e-10
9.94037e-11
0.0376949
0.0705773
1.05392e-10
1.47727e-10
1.02537e-10
9.87324e-11
9.64836e-11
9.93944e-11
1.01189e-10
0.049806
1.02131e-10
0.0356727
9.91239e-11
9.66168e-11
9.6435e-11
9.75661e-11
1.05034e-10
0.0310716
9.61171e-11
9.66012e-11
0.0849499
9.85042e-11
1.0426e-10
0.0520223
9.87828e-11
1.05237e-10
1.01411e-10
9.62051e-11
0.000906044
0.0590414
0.086404
0.0215463
1.06549e-10
0.035069
1.02613e-10
0.00491509
1.05226e-10
1.02211e-10
0.00127397
0.0356165
1.08713e-10
1.043e-10
1.06684e-10
9.46326e-11
0.0130346
1.01784e-10
1.04569e-10
0.0702982
1.01329e-10
0.000557358
1.00451e-10
9.05481e-11
9.48174e-11
9.69778e-11
0.0415533
0.0922955
0.0834438
0.0455534
1.10783e-10
9.79457e-11
1.06014e-10
0.00371704
0.00283843
0.064566
0.0048384
0.00247865
9.89559e-11
0.0733255
0.0854493
0.072901
0.0845915
0.0493939
0.0862289
0.082892
0.0673074
0.0914291
9.66134e-11
0.0650719
9.99201e-11
0.080001
0.0813379
9.71332e-11
0.0916097
1.04711e-10
0.0552693
0.0261772
0.0650572
1.07121e-10
0.0845722
0.0897745
0.0943605
0.0351335
0.0596611
1.00081e-10
1.06562e-10
1.16253e-10
1.10519e-10
0.0293312
0.0155937
9.20176e-11
0.014912
0.0160709
0.151701
0.139995
0.0796787
1.0033e-10
1.02802e-10
0.0492169
0.090731
9.97692e-11
0.000246754
0.0288459
0.00016041
9.85711e-11
9.51538e-11
9.79444e-11
9.50624e-11
1.04284e-10
1.07269e-10
1.01309e-10
1.03989e-10
0.0950261
0.0995757
0.0707242
0.0411683
0.0883795
0.00146794
0.00539265
0.0332014
0.00447049
1.00535e-10
0.0216892
0.00202734
0.0352105
9.69862e-11
1.00029e-10
9.98318e-11
9.98956e-11
1.00056e-10
9.94093e-11
9.68526e-11
9.98802e-11
1.00276e-10
0.0630852
1.00409e-10
1.01721e-10
1.00198e-10
1.00582e-10
9.6861e-11
1.02915e-10
0.00117586
1.05283e-10
1.04574e-10
1.02707e-10
1.02339e-10
1.04117e-10
1.05665e-10
1.04368e-10
0.0865682
0.0896737
0.0932738
0.0793343
1.03448e-10
0.0773116
0.0863324
9.95823e-11
1.60438e-10
0.0237207
1e-10
1.09696e-10
1.02386e-10
1.02298e-10
1.00052e-10
0.0508504
1.0249e-10
9.99724e-11
9.98821e-11
0.0010974
1.00015e-10
1e-10
0.0875
1.01618e-10
0.00926104
9.44237e-11
0.00256965
1.00356e-10
9.9362e-11
0.0128322
9.97519e-11
0.000282596
1.00295e-10
1.00938e-10
0.0202096
5.39711e-11
0.191232
1.06215e-10
0.0248823
1.0678e-10
1.13698e-10
0.00405642
9.82089e-11
0.0733459
0.0852054
0.0964083
0.0476805
0.00133358
1.03215e-10
1.00712e-10
1.026e-10
1.0792e-10
0.0410727
0.0539676
9.82571e-11
0.0325322
0.0739665
1.00398e-10
1.1559e-10
0.0364323
1.04188e-10
0.0965238
9.92052e-11
9.48608e-11
1.02554e-10
0.0818728
0.079575
9.5914e-11
0.0810889
0.095252
0.0790389
0.0794996
0.0777524
0.0828376
0.0674546
1.01241e-10
1.02442e-10
0.0137468
1.00094e-10
1e-10
9.93755e-11
1.07902e-10
0.0455677
0.090495
0.0138371
0.0164961
1.03379e-10
1.08677e-10
0.994513
0.00395025
9.86049e-11
0.000460209
1.01497e-10
1.06264e-10
0.0116912
9.99189e-11
0.0871272
0.0669189
0.0954941
0.0848896
1.10982e-10
9.96584e-11
1.02989e-10
7.61671e-11
1.02157e-10
1.02324e-10
1.06732e-10
9.9479e-11
0.00276352
9.97573e-11
1.05276e-10
0.000339097
0.00403763
0.0444044
0.0283656
0.000122448
1.09986e-10
1.08229e-10
1.02397e-10
1.00127e-10
1.15573e-10
1.05126e-10
1.04787e-10
0.0325809
0.000761431
1.05754e-10
0.000907358
1.01355e-10
1.04858e-10
9.9114e-11
1.00525e-10
1.02828e-10
1.0176e-10
0.00578051
1.10008e-10
1.01798e-10
9.29648e-11
9.2585e-11
9.21615e-11
9.36448e-11
1.05905e-10
9.71597e-11
1.05067e-10
1.01142e-10
0.0971077
1.02733e-10
0.00128868
0.034518
1.07125e-10
0.00112411
0.0893466
0.0895742
0.0199432
0.0795007
0.00308678
9.4877e-11
0.0853754
0.0966715
1.02144e-10
0.0652651
0.062697
0.0219949
0.0638259
0.0394275
0.0677331
1.02703e-10
0.00229928
9.68091e-11
9.5649e-11
0.0045393
1.04438e-10
9.55282e-11
0.0797655
0.0703527
0.0992523
9.42934e-11
0.072319
1.08629e-10
0.0455035
0.0987505
1.07961e-10
1.05636e-10
0.000532277
0.000417173
9.56162e-11
1.11766e-10
7.60455e-05
9.4112e-11
1.07096e-10
1.03728e-10
9.85709e-11
9.0838e-11
9.48438e-11
9.60641e-11
9.88991e-11
0.0258925
0.0772021
0.0473653
1.05065e-10
0.0888506
1.02302e-10
1.04403e-10
9.53059e-11
9.99262e-11
9.99382e-11
9.62475e-11
1.07304e-10
1.01146e-10
1.03118e-10
9.81578e-11
1.1285e-10
1.00644e-10
9.8167e-11
9.87947e-11
1.02162e-10
9.1915e-11
9.98017e-11
1.00898e-10
9.53707e-11
1.02021e-10
0.00190052
9.91631e-11
1.11838e-10
0.0353649
1.01654e-10
0.00299249
9.39189e-11
1.03323e-10
9.81266e-11
9.74861e-11
9.5029e-11
9.06144e-11
1.09143e-10
9.92654e-11
9.16542e-11
9.88801e-11
0.000732025
0.000403182
1.08047e-10
9.50263e-11
1.16585e-10
9.3234e-11
1.11595e-10
1.19702e-10
1.05771e-10
9.51299e-11
1.04669e-10
1.01263e-10
1.00382e-10
0.0952127
9.60227e-11
9.70218e-11
1.14432e-10
9.62537e-11
0.00626931
9.75364e-11
0.00147409
0.0572535
9.17042e-11
1.13568e-10
0.0769573
0.0399193
0.00694214
1.0002e-10
0.00242243
1e-10
9.92271e-11
1.08179e-10
9.77429e-11
0.00359544
9.17247e-11
1.00093e-10
1e-10
9.96906e-11
0.000454628
1e-10
9.96516e-11
9.52357e-11
0.318646
0.85995
0.0320401
0.0560779
0.00326699
0.000708792
0.0308135
0.994162
3.18743e-05
0.0565181
9.91377e-11
9.81558e-11
9.43105e-11
9.7521e-11
0.00653518
1e-10
0.0711208
1.63795e-10
9.19366e-11
0.000371975
0.0115967
9.73945e-05
9.98827e-11
1.00751e-10
1.00259e-10
0.0081123
7.43475e-11
9.509e-11
0.00202561
9.9372e-11
0.119748
9.52303e-11
1.05758e-10
0.0690547
1e-10
1.35751e-10
0.00346402
0.00122432
0.000401904
0.0275378
9.6085e-11
9.74524e-11
1.03803e-10
9.13063e-11
0.000421981
8.9551e-11
1.00885e-10
0.000566253
0.06055
1.05237e-10
0.0454857
0.0175384
0.0470785
0.082682
0.0564415
1.05534e-10
0.0465645
0.144848
0.349977
0.104857
0.0536381
0.00517841
0.011409
1.12411e-10
9.71935e-11
0.00440836
9.4159e-11
9.82919e-11
0.0231351
0.208827
0.0879157
0.095867
0.122909
0.00522023
0.637578
9.20451e-11
9.63606e-11
0.184059
1.03955e-10
9.55259e-11
1.02017e-10
1.06493e-10
1.01917e-10
1.03441e-10
1.03952e-10
0.0899824
1.06832e-10
0.00482312
1.02312e-10
9.31822e-11
1.01933e-10
1.06007e-10
9.61349e-11
9.64539e-11
1.06103e-10
1.04608e-10
1.01331e-10
1.01475e-10
1.10841e-10
1.05948e-10
9.6192e-11
0.00923505
9.00559e-11
2.00831e-05
1.07538e-10
1.09917e-10
1.09542e-10
1.02394e-10
4.19516e-06
0.050898
9.38109e-11
9.18708e-11
0.000927817
1.02193e-10
1.03128e-10
1.0339e-10
1.03198e-10
1.10073e-10
1.06306e-10
1.67763e-10
0.00496125
0.0691055
1.04875e-10
1.06215e-10
9.4824e-11
0.371434
0.000450306
0.169976
7.36936e-11
0.0209171
0.0120403
0.0874216
1e-10
1e-10
9.97685e-11
0.00336374
0.959956
0.797305
0.0834478
0.0471674
0.636006
9.56911e-10
0.116006
8.08512e-11
0.100503
0.0813667
0.210751
0.00114755
0.00243763
0.000839543
0.0190477
0.0216052
0.00857956
0.0049961
0.0434228
1.10814e-10
0.00122492
0.917313
0.210465
1.06254e-10
0.968671
1.00307e-10
0.0253068
1.14843e-10
0.982518
0.93366
0.964711
0.98064
0.0210498
1e-10
0.977173
0.0146411
0.00264424
0.0377204
0.935393
0.957836
0.992266
1
0.876862
0.272436
0.991438
0.987424
0.977108
1
9.97335e-11
1.01666e-10
1.03938e-10
1.00934e-10
1.0214e-10
1.02997e-10
1.02091e-10
9.9275e-11
1.00588e-10
1.01345e-10
9.7451e-11
1.00216e-10
1.0555e-10
1.04703e-10
9.60365e-11
0.00449218
0.00683216
1.00422e-10
0.00201905
1.01713e-10
0.0580217
1.00078e-10
1.01828e-10
1.05775e-10
1.04008e-10
0.0632287
0.0219065
0.0139562
1.04691e-10
9.96106e-11
0.0679091
0.0818008
0.0489101
9.90941e-11
0.0630807
1.03868e-10
0.0465119
1.13136e-10
0.0833436
0.0886832
1.20808e-10
1.03218e-10
0.0948973
0.0867717
0.105343
0.0584759
1.03796e-10
0.0642509
0.00907521
1.11413e-10
1.0072e-10
1.19641e-10
0.00161715
0.00423089
0.0868891
0.0775145
0.0123981
1.05849e-10
0.0281844
9.38585e-11
1.0646e-10
1.10263e-10
0.984753
0.218919
0.103692
0.00688217
0.014627
0.0948036
0.124848
0.0939573
0.0388964
0.048525
0.114347
0.117791
0.0559463
9.85801e-11
0.0434861
0.0164425
0.0549175
9.99534e-11
0.00279485
0.0720113
9.80257e-11
9.06497e-11
9.23662e-11
0.032995
0.070526
0.0747026
0.964257
1
1.03517e-10
1.03143e-10
0.275824
9.7441e-11
1.04178e-10
1.00397e-10
0.0837813
1.02278e-10
0.085327
9.9124e-11
0.0648025
0.00116255
0.0613102
0.05313
0.0738816
0.375546
1.46604e-10
9.68842e-11
9.52104e-11
0.0392665
0.0676444
9.93005e-11
0.998645
0.0808519
9.86838e-11
9.85561e-11
9.50083e-11
0.883895
1.04868e-10
9.73694e-11
0.00939662
0.000780671
1.00508e-10
1.02945e-10
0.736171
1.07035e-10
1
0.895085
0.0213404
9.1719e-11
0.0301067
0.0702243
0.0668265
0.0950538
0.0737662
0.0660935
9.45196e-11
0.13267
0.0844696
0.0609539
1.02503e-10
0.0948672
0.000834016
9.79772e-11
1.01811e-10
9.31075e-11
1.00072e-10
0.98126
1.04553e-10
0.0593546
9.99732e-11
9.99663e-11
1.05719e-10
9.85618e-11
0.00014679
1.01084e-10
0.0346899
1.03248e-10
0.0793737
1.00953e-10
0.0149287
0.0505917
1.01888e-10
0.0591937
0.0580359
0.0854004
0.00315666
9.97838e-11
0.0724105
0.0641104
0.0174156
9.97209e-11
0.0517983
0.089379
1.65842e-10
1.07213e-10
0.998342
0.999315
0.997639
0.997548
0.99651
0.537917
0.966743
0.996386
0.962852
0.999431
0.997082
1.00041e-10
9.99976e-11
0.172584
9.57424e-11
0.0714765
0.149188
0.121955
9.94639e-11
1.08077e-10
0.13833
0.00110531
1.08785e-10
0.00139208
1.01652e-10
9.83883e-11
9.62179e-11
0.00260779
9.89697e-11
1.06349e-10
9.93012e-11
1.1103e-10
1.00902e-10
0.00110078
0.00283939
0.644272
0.218135
0.341858
0.823893
0.252682
0.892655
0.956748
0.653788
0.507512
0.535936
0.970387
0.904854
0.566098
0.554811
0.071737
0.786118
0.715079
0.00924311
9.93707e-11
1.01326e-10
1.00416e-10
1.01006e-10
1.00796e-10
0.00720871
9.94869e-11
9.99097e-11
1.26051e-10
0.00865154
0.0149054
1.14339e-10
1.20575e-10
0.00360363
0.0153869
8.19937e-11
1.06326e-10
1.00895e-10
2.16322e-10
9.4881e-11
9.99435e-11
9.65011e-11
1e-10
8.2677e-11
0.0757456
0.104165
9.6131e-11
0.0387274
0.00100144
9.72271e-11
1.01168e-10
9.79045e-11
0.012202
1.04325e-10
9.45872e-11
1.00112e-10
0.00673582
1.0026e-10
0.0263014
9.88403e-11
0.0530101
1.2726e-10
1.05874e-10
0.00188789
0.00252174
9.97881e-11
1.00257e-10
0.011027
0.086371
0.0364419
0.0771274
0.113872
0.0854765
0.281096
0.104755
0.0269993
0.0441512
0.0591079
0.235853
0.542824
0.0154139
0.237493
0.0867095
0.0867169
0.000535565
1
0.945855
0.986181
0.998203
0.419239
0.260709
0.809685
0.998809
0.991419
0.961209
0.997558
0.999728
0.979593
0.986333
0.999071
0.835882
0.843616
0.834826
0.970564
0.764663
1
0.761448
0.78661
0.989696
0.996274
0.995394
0.951122
0.860236
0.776999
0.68203
0.0208785
0.471284
0.187653
0.734335
0.352121
0.672779
0.0606066
0.695867
0.000394813
0.66523
0.614428
0.614794
0.677554
0.930397
0.73102
0.966127
0.779084
0.75304
0.635186
0.893827
0.888565
0.683665
1
0.74256
0.767636
0.66065
0.780289
0.614157
0.902814
0.632716
0.740341
1
0.904881
0.442507
0.904293
1.84793e-10
1.03809e-10
9.91908e-11
0.00918743
0.00364825
8.94391e-11
0.0841023
0.12536
0.0853632
0.0806112
0.0909917
0.0672098
0.0846138
0.092077
0.0799124
0.0874485
0.0829822
0.0417437
0.0840546
0.163369
0.0744801
0.108338
0.0834735
0.0320822
0.086842
0.0820981
0.0743804
0.070734
0.086305
0.0947807
0.0791643
0.0847771
0.0708561
0.0721598
0.0892291
0.0783134
0.261687
0.509118
0.0874718
0.0781302
9.72261e-11
0.0919918
9.17314e-11
0.00114495
0.417002
0.0168695
0.0694808
0.0764013
0.185611
0.0582175
0.0859502
0.0897938
0.0803187
0.588826
0.765315
0.00312983
0.961317
0.932778
0.834058
0.354656
0.76493
0.947157
9.37579e-11
1.21138e-10
9.58119e-11
0.057538
9.9104e-11
8.79895e-11
9.61691e-11
1.00546e-10
0.00092684
9.29218e-11
0.494517
0.147727
0.178919
0.0981525
0.113615
0.265301
0.124152
0.0976569
0.187211
0.0754717
0.203836
0.038661
0.226213
0.377061
0.723304
0.765604
0.833793
0.889022
0.872359
0.950721
0.647542
0.824644
0.810003
0.684233
0.125719
0.491639
1.14418e-10
1.11078e-10
1.02419e-10
9.91611e-11
0.0119017
1.05225e-10
2.27321e-10
9.94458e-11
0.00128826
0.00157016
0.604205
0.0574797
0.394876
0.221
1.06053e-10
9.72472e-11
0.642409
0.215944
1.02404e-10
0.206331
0.329595
0.177648
0.251877
0.0769655
0.0746513
0.347752
0.11916
0.101829
0.204212
0.187068
0.23987
0.221522
0.984577
1
0.997298
0.872628
0.989828
0.989808
0.940938
0.962118
0.97498
0.994713
0.949345
0.940285
0.919078
0.940191
0.65333
0.679071
0.971214
0.933598
0.0903726
0.441774
0.524525
0.559815
1.00069e-10
0.00477291
9.69213e-11
0.0771016
1e-10
0.00339376
0.0892038
0.0328617
0.0780799
0.0693368
9.89296e-11
9.23233e-11
0.0739683
0.0207528
0.0388312
9.84634e-11
0.0171454
0.000192249
0.0101276
0.161518
9.67627e-11
0.0238511
0.14281
0.00585342
0.522399
0.501016
0.334771
0.647893
0.488044
0.367351
0.372032
0.303552
0.131006
0.0754864
0.0644862
0.026278
0.164498
0.0536724
0.634787
0.471603
0.402199
0.722363
0.485036
0.65347
0.50736
0.330975
0.409961
0.199542
0.291813
0.360347
0.649376
0.332067
0.611925
0.217519
0.716222
0.568127
0.344538
0.425945
0.346538
0.32268
0.634913
0.631595
0.603413
0.262782
0.714801
0.747169
0.210535
0.221389
0.0367745
0.128111
0.00134083
0.0683442
0.0382174
0.0269523
0.100971
0.184079
0.205172
0.0869684
0.0939031
9.65148e-11
0.149841
0.218333
0.1876
0.0867022
0.127023
0.138981
0.136007
0.0444511
0.262742
0.0867801
0.0768928
0.0717742
0.16191
0.0838179
0.264997
0.199864
0.177993
0.00807213
0.148083
1.03447e-10
0.00211111
1.00197e-10
0.0460107
0.0539556
0.00347735
0.121185
1.00146e-10
0.0749297
0.0836271
1.00799e-10
0.0383948
0.00114599
0.0300964
1.0063e-10
9.99349e-11
9.97315e-11
9.99697e-11
0.000655006
0.66606
0.730686
0.976238
0.995843
0.656084
0.3829
0.642649
0.63167
0.478997
0.642241
0.72189
0.583735
0.700992
0.577797
0.635368
0.639989
0.447125
0.416916
0.34032
0.310691
0.478868
0.47183
0.549642
0.583785
9.81694e-11
9.64739e-11
1.25034e-10
9.84186e-11
9.99699e-11
9.95999e-11
9.78734e-11
1.40401e-10
9.98129e-11
0.0219241
9.93157e-11
1.56042e-10
9.48314e-11
0.0454123
0.0432272
9.6593e-11
1.0113e-10
9.61181e-11
1.01108e-10
0.00760318
9.48994e-11
1.10594e-10
0.0312924
1.04702e-10
9.5866e-11
1e-10
0.00150766
0.00375033
9.64033e-11
0.557662
0.781899
0.693503
0.549957
0.301232
0.418612
0.240883
0.156864
0.178453
0.153315
0.17178
0.182627
0.184736
0.25856
0.607978
0.125517
0.135547
0.339451
0.24987
0.232208
0.657361
0.198628
0.151303
0.00455135
1e-10
1.01716e-10
9.93318e-11
1.08051e-10
0.0207182
0.00321758
0.580927
0.365819
0.32401
0.453227
0.329569
0.327547
0.275556
0.469406
0.315874
0.335832
0.285415
0.43866
1.03384e-10
0.299115
0.0792938
0.0673915
0.102035
0.079647
0.124716
0.247345
0.0746387
0.276929
0.0757765
0.10247
0.303206
0.293109
0.137961
0.121637
0.147846
0.339986
0.197115
0.207401
0.297792
0.385917
0.685437
0.32185
0.644112
0.297127
0.464607
0.470425
0.450868
0.478827
0.436187
0.416665
0.310124
0.213836
0.031106
0.168817
0.262915
0.195767
0.144414
0.225509
0.0847062
0.175473
0.282405
0.0465855
0.076394
0.10197
0.243359
0.108719
0.0449732
1.04421e-10
0.209235
0.188812
0.253891
0.119636
1.00114e-10
0.0934136
0.168719
0.077829
0.039014
9.97221e-11
0.602447
0.478457
0.600839
0.405403
0.327313
0.412732
0.138032
0.374225
0.102472
0.132893
0.0793724
0.149172
0.158125
0.277752
0.398519
0.177903
0.0847395
0.305362
0.151301
0.287344
0.300973
0.321712
0.36616
0.447665
0.464209
0.520456
0.0233282
0.0126928
1.01392e-10
0.0571929
9.97035e-11
3.11711e-05
1.00253e-10
0.10499
1e-10
0.00150317
0.0210216
9.92668e-11
0.0305382
0.00715905
0.0766034
0.108066
9.76469e-11
0.0984914
0.139835
0.090746
0.0163796
1.00572e-10
9.97801e-11
9.75467e-11
1.00317e-10
0.00486165
0.0104901
9.08069e-11
0.0119556
9.99805e-11
1e-10
9.98443e-11
9.87098e-11
1.0129e-10
1.00326e-10
0.0115561
9.9826e-11
0.119839
1.00394e-10
1.00404e-10
1.02467e-10
1.00872e-10
0.0121608
0.0719348
0.0197563
1.01386e-10
0.0371427
0.0615295
9.90656e-11
9.90736e-11
1.00832e-10
9.94841e-11
0.000988657
0.0639831
9.99275e-11
0.000406434
0.0320343
9.88206e-11
9.49605e-11
0.00427785
0.00248041
1e-10
0.0198145
0.0771425
9.63933e-11
9.4986e-11
1.01013e-10
9.9672e-11
1.03309e-10
1e-10
0.0838208
9.7498e-11
1.00264e-10
0.00128744
0.00725207
9.94855e-11
0.00286674
9.99837e-11
9.99468e-11
1.03806e-10
0.155886
9.90486e-11
0.0327286
9.93507e-11
9.97727e-11
1.11116e-10
0.11523
0.0420109
0.0095421
0.01541
0.036756
1.00278e-10
9.97663e-11
9.98735e-11
0.160809
1.04119e-10
0.305407
0.0286064
0.185427
0.109957
0.178397
9.58498e-11
0.187472
0.0134664
0.0984563
0.135757
1.0183e-10
0.0384036
1.07525e-10
0.00297337
0.110567
0.000703154
0.000730123
9.46126e-11
0.0818318
0.000284694
9.24455e-11
0.0806917
9.85949e-11
1e-10
9.85689e-11
1.04563e-10
0.00345668
1.01018e-10
0.000730103
1.04151e-10
0.0478149
0.0237707
0.0705906
0.0111328
7.75268e-05
0.0115146
7.34529e-11
0.056608
9.56531e-11
9.92168e-11
1.31549e-10
0.0544162
0.0292384
1.00228e-10
0.014467
1.00408e-10
1.57374e-10
9.87043e-11
0.0265657
0.0210775
8.77307e-11
9.03788e-11
0.000225714
0.0767972
1.41314e-10
9.74738e-11
0.0779529
0.0281494
9.8167e-11
9.35395e-11
9.90624e-11
9.77118e-11
9.63184e-11
0.0764348
1e-10
0.0602284
9.4242e-11
1.01998e-10
9.9412e-11
9.55517e-11
0.0673031
2.14377e-10
9.67529e-11
0.00384461
0.0135296
0.00119646
9.64639e-11
0.083532
0.0219406
9.79073e-11
9.67061e-11
0.0166159
0.000308443
0.00645846
1.005e-10
0.0480928
1.04913e-10
9.72471e-11
8.96215e-11
0.0734425
0.000152871
1.08403e-10
9.8191e-11
9.6625e-11
0.0900347
1e-10
1.00241e-10
0.0543128
0.0342196
9.19432e-11
0.01697
9.7906e-11
9.10634e-11
1.01192e-10
0.0199678
9.61652e-11
9.67816e-11
0.0777823
0.00343734
0.000634134
1.02938e-10
0.0402205
9.24344e-11
0.0450106
9.67229e-11
9.47039e-11
0.0151418
0.0105831
1.17179e-05
0.0243684
0.17678
0.016326
0.0647071
0.183095
0.148254
0.0993896
0.0560125
0.0461163
0.175614
0.149215
0.0373128
0.0738002
0.0864161
0.0710601
0.0566869
0.229638
0.149148
0.165087
0.242057
0.214397
0.145661
0.145872
0.139536
0.388277
0.0751316
0.0792492
0.215732
0.13309
0.307007
0.154862
0.0583205
0.0667798
1.02285e-10
0.0412701
0.0525038
9.13453e-11
0.0733678
0.0285929
0.140132
0.0430687
0.0379043
0.0592213
0.00184116
1.03806e-10
1.01847e-10
0.0627163
9.90828e-11
0.0457034
0.0634111
0.00188342
1.00374e-10
1.01608e-10
0.0509961
9.84274e-11
0.00650775
9.96952e-11
1.02719e-10
1.0068e-10
9.99902e-11
9.89729e-11
0.0220556
0.0459764
1.01053e-10
1.03791e-10
0.0146856
9.15441e-11
1.06232e-10
0.00259868
9.82035e-11
1.05775e-10
0.0129724
1.01678e-10
9.66215e-11
9.98176e-11
0.012194
0.0362501
0.0480423
9.20124e-11
9.79852e-11
0.050723
0.151263
0.115298
0.1021
0.252359
0.124724
0.106645
0.179671
0.207874
0.229953
0.236353
0.103788
0.262755
0.411916
0.220079
0.308917
0.250613
0.338888
0.335153
0.0617706
0.142614
0.240962
0.246419
0.2554
0.264192
0.205281
0.177087
0.276679
0.220111
1.03564e-10
0.193617
0.162958
0.174233
0.154752
0.198197
0.193095
0.132595
0.326225
0.190252
0.321886
0.268184
1.02362e-10
0.173376
0.130834
0.0860814
0.0886268
0.0953872
0.0441218
0.0489501
0.0892091
0.0945233
0.00829362
0.121523
0.0786922
0.0544479
9.74875e-11
0.111159
0.00105138
0.0555636
9.61055e-11
0.0985192
0.0408484
0.00262458
9.43592e-11
9.65348e-11
0.00026152
0.0924383
0.0370025
0.0552073
0.0817065
0.10129
0.0892771
0.0378769
1.04263e-10
0.0731221
0.0989867
1.00274e-10
0.0749626
1.08698e-10
9.55583e-11
1.05193e-10
0.0490046
1.03818e-10
1.04178e-10
0.0850853
0.0137165
9.79415e-11
0.0395138
9.62753e-11
9.462e-11
0.0911258
0.0134609
0.0857971
0.00141175
1.06337e-10
0.0955524
0.0940462
0.0933097
9.51243e-11
0.0635135
0.07786
9.42705e-11
9.47391e-11
0.0375575
0.0665601
0.0277734
0.000944615
0.0948872
0.029089
9.94017e-11
9.47467e-11
1.11956e-10
9.41159e-11
0.103473
0.0915214
0.0540721
0.0819471
9.84308e-11
1.08338e-10
9.90982e-11
1.17008e-10
9.42633e-11
9.68489e-11
0.0771938
1.05061e-10
1.02871e-10
0.0740246
0.03196
0.0888581
9.46098e-11
1.11393e-10
1.09924e-10
9.68345e-11
9.69897e-11
1.05316e-10
0.0840176
0.00876259
0.0796433
8.67787e-11
0.0505741
0.0407888
0.0587987
0.07728
0.103345
0.073999
0.00800593
0.0135826
9.81305e-11
0.123636
0.0847899
0.0333863
0.0749507
0.054152
0.0744504
0.0852644
0.0706244
0.0886332
0.0667448
9.96088e-11
0.0860821
0.0539452
0.083344
0.00374174
0.0991455
0.0852517
1.08103e-10
0.0871372
0.0787801
1.00518e-10
1.04376e-10
1.00182e-10
1.01423e-10
0.0855235
0.125259
0.0743555
0.0929646
0.0853376
0.097598
0.149469
0.0852562
0.0773125
0.071765
0.440702
0.335747
0.179501
0.142829
0.197489
0.276644
0.00042642
9.51144e-11
9.57377e-11
0.0937687
0.0636068
1.06912e-10
1.10335e-10
1.00529e-10
1.05858e-10
0.0767553
1.07439e-10
9.53908e-11
0.00477065
0.0820729
9.85278e-11
9.60942e-11
0.0578409
0.0616831
9.22088e-11
0.000501606
9.84998e-11
0.0443333
1.13962e-10
0.0432785
0.000126179
0.012385
9.20616e-11
0.00106931
0.0850769
0.0789288
0.06238
0.00908029
0.133589
0.161596
0.0424048
0.0204361
0.081032
0.117041
0.132734
0.111944
0.104751
0.135943
0.108266
0.389815
0.276961
0.100333
0.0104217
0.102139
0.143752
0.0997542
0.00458266
0.00172978
0.0462111
1.28403e-10
1.22425e-10
0.0651999
0.0445437
0.0638847
0.0817544
9.32793e-11
9.79924e-11
8.93381e-05
9.68621e-11
0.108174
0.0998895
9.38839e-11
9.84402e-11
0.205335
0.130575
0.0633311
1.09916e-10
0.159455
0.0483137
0.0746683
0.151166
0.0512417
0.0726221
0.0350418
9.23615e-11
9.75972e-11
0.0885163
0.0484697
0.103225
0.00173807
0.0319165
0.11198
0.113941
9.56726e-11
9.60061e-11
0.000598551
0.0565449
0.0993696
0.0309797
0.0924676
1.00079e-10
0.344118
9.72089e-11
0.277084
0.192699
0.179661
0.0335313
0.156551
0.142918
0.0437894
0.0590486
9.88066e-11
0.979698
0.243256
0.0803747
0.27643
0.193953
0.0603724
0.153265
0.823353
0.228613
0.0960286
0.23233
0.429792
0.282714
0.3171
0.51087
0.19322
0.207271
0.95417
0.849629
0.209947
0.251967
0.567865
0.837661
0.857538
0.995778
0.907281
0.984784
0.996948
0.875691
9.89558e-11
0.977029
0.850133
9.63034e-06
0.748665
0.875456
0.982309
0.996612
0.98725
0.814964
0.986537
0.994561
0.998439
0.818027
0.999615
1
0.966669
0.998712
0.994753
0.991554
0.915047
0.710888
1
0.83737
0.998521
0.997249
0.999036
0.784012
1
0.990522
0.999128
0.959284
0.935267
0.950318
0.0513214
1
0.911334
0.987769
0.970421
0.960165
0.00321978
0.0353756
0.321988
0.0325261
0.371443
0.891294
0.00222058
9.55977e-11
0.387944
0.302638
0.0507412
1.01878e-10
1e-10
1.04372e-10
9.81252e-11
9.96315e-11
1.00125e-10
2.68229e-10
0.0737002
0.000630948
0.92782
1e-10
0.00132207
9.71202e-11
0.996966
0.983382
0.998517
1
0.999896
0.999879
0.996859
1
0.999663
0.993048
0.997207
0.996586
0.994076
0.811157
0.697324
0.999928
0.848678
0.886462
0.186616
0.594585
0.485263
0.779013
0.375018
0.881047
0.549539
0.89027
0.332628
0.974561
0.943644
0.994851
0.0870771
0.995906
0.978953
0.990624
0.678769
0.734675
0.00501353
0.991054
0.0323039
0.0346558
0.996476
1e-10
0.270015
0.0365698
0.0400399
0.324735
0.195851
0.485307
0.031138
1e-10
2.79648e-05
0.861298
0.467898
0.000832976
0.000464197
1.05041e-10
1.00436e-10
0.995349
0.999418
0.999731
0.99692
0.996824
0.995801
0.996278
0.997869
0.977401
0.999203
0.981395
0.999578
0.902797
0.781421
0.898655
0.91298
0.930016
0.968714
0.797832
0.902545
0.996874
1
0.862384
0.288242
0.856485
0.940395
0.679837
0.995506
1
0.819174
0.558085
0.933411
0.809852
0.207167
0.885866
0.547406
0.792877
0.643856
0.64864
0.134307
0.154989
0.163839
0.446518
0.2
0.411938
9.62064e-11
0.983676
0.991698
0.186785
0.15337
0.0739034
0.1125
0.320751
0.207962
0.0597576
9.92643e-11
0.0040024
0.0160144
9.93908e-11
9.79214e-11
0.0391888
8.93343e-11
0.490606
0.00743612
9.68795e-11
0.233922
0.0673666
0.106496
1.00874e-10
0.0599061
0.347297
0.194777
2.98541e-05
0.000267183
0.918081
0.983287
1
0.835942
0.962089
0.954075
0.76914
0.866701
0.777394
0.8609
0.864118
0.572876
0.964179
0.927909
0.875977
0.945034
0.841789
0.269867
0.606146
0.79914
0.820541
0.649184
0.896398
0.909808
0.25092
0.0289324
0.663043
0.556241
0.905873
0.335729
0.596047
9.72247e-11
0.718874
9.36088e-11
0.0945564
0.0549143
0.0887331
0.645473
0.182456
0.0696291
1.00049e-10
0.538548
0.261197
0.000456336
1.15706e-10
9.48864e-11
0.00117238
0.139198
0.831635
0.721134
0.305378
0.805513
0.538319
0.656029
0.366153
0.976331
0.999644
0.778709
0.0873893
0.908646
0.722074
0.708044
0.796952
0.366668
0.0952899
0.850954
0.856253
0.314581
1.07173e-10
0.861445
1.07815e-10
0.179208
0.617852
0.0307576
0.425374
9.73018e-11
0.0621297
0.242487
0.176565
0.146521
0.0760572
9.82712e-11
9.9937e-11
0.00595915
1.00001e-10
1.00484e-10
0.0211908
7.22543e-11
1.47864e-10
9.88833e-11
1e-10
1.06106e-10
1.01795e-10
1.03637e-10
0.0485298
0.0191595
8.53748e-11
9.93563e-11
9.83287e-11
0.000300521
0.0411933
0.0039717
9.70281e-11
1.03813e-10
1.03666e-10
0.844146
0.903549
0.776041
0.966407
0.997643
0.92759
1
0.906041
0.178056
0.82029
0.588034
0.215066
0.679733
0.569349
0.429312
0.785376
0.770672
0.530009
0.0552429
0.852188
0.908712
0.919415
0.857242
0.908095
0.227156
0.8425
0.821979
0.944662
0.827016
0.850776
0.908414
0.830558
0.868576
0.880984
0.843407
0.829562
0.867896
0.944188
0.901722
0.865009
0.817272
0.915547
0.755863
0.843077
0.895356
0.798545
0.568429
0.434841
0.933257
0.625994
0.798179
0.470157
0.896148
0.791661
0.814016
0.946431
1
0.194218
0.682302
0.00739147
0.721663
9.97086e-11
0.192841
0.0295508
0.910919
0.866717
0.806297
9.79702e-11
0.179608
0.0935559
9.93103e-11
0.677696
9.35412e-11
9.99947e-11
0.0609407
0.000510978
0.0820278
7.79053e-11
0.000191156
0.00212097
0.0344013
9.45804e-11
9.99539e-11
1.02029e-10
0.0287148
1.27989e-10
9.83872e-11
1.15392e-10
9.99824e-11
1e-10
1.18167e-10
9.90865e-11
9.80073e-11
9.86875e-11
0.00301377
9.83605e-11
9.75353e-11
9.98739e-11
0.00258209
1e-10
0.0242282
0.00782383
9.72418e-11
9.97121e-11
8.79451e-11
1e-10
9.67218e-11
9.97038e-11
9.73933e-11
1e-10
9.95471e-11
9.64423e-11
9.87092e-11
2.76331e-05
0.0109505
1.12796e-10
1.0396e-10
0.0565795
9.95593e-11
0.000938733
0.00315713
0.301602
9.81941e-11
1.0584e-10
0.924917
0.0828581
0.725866
9.75967e-11
1.14286e-10
1.0004e-10
8.57916e-11
1.10728e-10
9.33981e-11
8.89079e-11
0.0102679
9.1978e-11
9.65293e-11
0.0979837
0.0320274
0.0801278
0.00703641
0.0305804
0.286205
0.0740662
9.11625e-11
9.19368e-11
0.0743762
0.0923965
0.0791503
1.0537e-10
9.34928e-11
0.082118
0.153067
0.0145122
9.77868e-11
1.16474e-10
0.358633
0.5817
0.00462471
0.522286
9.68525e-11
0.712808
1.06154e-10
9.63244e-11
9.91533e-11
1.0106e-10
3.93134e-05
9.48001e-11
1.11233e-10
0.0338678
0.000544721
0.0102451
9.17521e-11
1.00215e-10
9.0316e-11
9.01157e-11
0.0879546
0.0192493
0.206875
9.95212e-11
0.0104447
0.69106
1.04065e-10
0.0211595
1.05602e-10
0.863831
0.352389
9.96361e-11
1.8399e-10
0.591156
1.10562e-10
0.0892812
1.05132e-10
0.0561658
0.543343
9.99467e-11
9.52588e-11
0.0765098
0.864493
0.0262669
0.202734
9.62237e-11
0.429947
0.911125
0.119359
0.131776
1
0.230427
0.0792184
0.574132
0.173123
0.0956159
0.499826
9.64455e-11
0.0750577
0.0246984
0.0831632
0.024515
0.655902
0.00510187
0.312119
0.137861
1.07123e-10
9.87041e-11
0.181058
9.65976e-11
0.257635
0.0601223
0.217558
0.174813
1.01789e-10
0.999664
0.812543
0.788931
0.157731
0.341577
0.185498
0.552995
0.272073
9.46437e-11
0.117924
0.11191
0.124141
0.125475
0.00563408
0.0752414
0.0601409
0.0150613
0.167843
0.132928
0.178836
9.8068e-11
0.691444
0.809162
0.455316
0.109523
1
1
0.999174
0.99988
0.992251
1
0.990553
0.837988
0.998201
1
0.994191
1
1
0.99312
0.962228
1
0.989479
0.931743
1
0.91063
1
0.921942
0.884466
0.914203
0.983162
0.969513
0.913809
0.778046
0.933121
0.919339
0.910586
0.939959
0.909731
0.960098
0.999305
0.914089
0.910754
0.88094
0.9265
0.912715
9.67194e-11
0.692235
0.873637
0.16971
0.737834
0.8244
0.898951
0.908283
0.0435703
0.910412
0.552329
0.774008
0.742534
0.826035
0.829876
0.721119
0.84554
0.900803
0.805216
0.846571
0.84344
0.219621
0.0869052
9.97993e-11
9.99961e-11
9.02937e-11
0.196686
0.141353
0.759069
0.618914
9.93013e-11
3.18671e-06
0.000249719
1.02689e-10
9.98623e-11
9.78878e-11
0.0770461
7.54599e-06
0.104644
9.84847e-11
1e-10
0.0711816
9.72026e-11
9.68944e-11
0.0324487
1.09767e-10
0.00220931
9.62095e-11
9.84559e-11
0.00761129
1.21054e-10
0.0190651
9.92356e-11
9.57672e-11
1.20926e-10
1.14665e-10
0.0150963
9.88401e-11
0.784888
0.162053
0.181078
0.284244
0.0858518
0.0933771
1.14403e-10
0.542533
0.0839044
0.0720862
0.0910364
0.0920472
0.0784517
0.0883998
0.0598293
0.0872301
0.0534586
0.0853698
9.97429e-11
0.0980295
0.0961422
0.0830852
0.501244
0.0943489
9.90446e-11
0.0934808
0.0900072
0.0786532
0.0715491
0.0706237
0.0920737
0.085616
0.310434
0.0856842
0.1098
0.0970117
0.0737368
0.0876897
0.0915309
0.147845
0.0896032
0.0866165
0.1
0.0960658
0.0742236
0.137059
0.81648
0.271954
0.098737
9.3855e-11
0.81307
0.407826
0.20953
0.015743
0.0162922
0.0200953
0.646854
9.61498e-11
0.15605
0.085595
0.0830139
0.0884196
0.0827898
1.04665e-10
0.0872598
0.0645781
0.0947279
0.129941
0.0663661
0.0944846
0.0831155
0.0990526
1.07818e-10
0.0848159
0.459028
0.0843489
0.0531796
0.948598
0.00958866
0.902429
0.370558
0.266438
0.761633
0.0356873
0.218434
0.172932
0.106732
0.247664
9.77934e-11
0.721921
9.85505e-11
1.00062e-10
0.164264
1
0.283752
0.57488
0.0384135
0.10182
0.224516
9.3194e-11
0.305854
1.02258e-10
0.000303915
1
0.920592
1
0.929072
0.944509
0.851781
0.949947
0.901251
0.808979
0.784107
0.875304
0.894939
0.871456
0.894201
0.886844
0.832272
0.903036
1
0.838062
0.90754
0.88193
0.900869
0.927119
0.828838
0.815151
0.672553
0.829143
0.87174
0.873556
0.82602
0.689898
0.84083
0.912522
0.906005
0.90751
0.901456
0.895029
1.00809e-10
1.04341e-10
9.26998e-11
9.87014e-11
1.04884e-10
1.68843e-10
9.70753e-11
1.00828e-10
9.73331e-11
0.00335401
9.69947e-11
9.81376e-11
0.000662217
9.93059e-11
1.08275e-10
1.0564e-10
1.00532e-10
9.64094e-11
1.0814e-10
1.0011e-10
1.03669e-10
1.12486e-10
1.02938e-10
9.87548e-11
1.00878e-10
1.0429e-10
1.03062e-10
1.0108e-10
1.05778e-10
1.07031e-10
9.8531e-11
9.43434e-11
9.83637e-11
9.73198e-11
1.0232e-10
1.02008e-10
1.01518e-10
9.66011e-11
1.04036e-10
1.0565e-10
1.04008e-10
1.00019e-10
9.73604e-11
1.03367e-10
1.00245e-10
1.09929e-10
1.01555e-10
1.02528e-10
9.62879e-11
9.6896e-11
9.44612e-11
1.03921e-10
9.75536e-11
1.0135e-10
1.02121e-10
9.89889e-11
1.02202e-10
9.86065e-11
9.82808e-11
1.00437e-10
1.00401e-10
1.00496e-10
9.75153e-11
1.00081e-10
9.98992e-11
9.89024e-11
1.01598e-10
1.00418e-10
9.6444e-11
1.03545e-10
9.89201e-11
9.91669e-11
1.03909e-10
1.02039e-10
9.83251e-11
1.063e-10
9.91833e-11
1.00322e-10
9.98991e-11
1.02481e-10
9.96965e-11
9.62839e-11
1.08414e-10
9.59813e-11
8.80049e-11
1.03042e-10
0.00807911
9.78454e-11
1.0288e-10
9.8246e-11
1.00068e-10
9.95045e-11
9.69719e-11
1.00907e-10
9.86003e-11
1.00729e-10
1.00638e-10
1.00294e-10
9.52099e-11
1.01578e-10
1.029e-10
9.93599e-11
9.51606e-11
9.92691e-11
9.35667e-11
9.76069e-11
1.19299e-10
9.99263e-11
1.02081e-10
1.09167e-10
9.83153e-11
0.0428003
9.39536e-11
9.7814e-11
0.165486
9.53032e-11
0.0821666
9.59564e-11
9.4134e-11
8.81099e-11
9.19732e-11
0.00297567
0.00363563
9.02241e-11
0.0895776
9.24821e-11
1.04989e-10
9.51573e-11
1.01272e-10
9.47785e-11
1.01123e-10
1.0158e-10
9.83728e-11
9.40485e-11
9.46816e-11
9.734e-11
0.000229625
1.03546e-10
1.1254e-10
1.00876e-10
1.00412e-10
1.00993e-10
1.00894e-10
0.00663863
9.55922e-11
1.02279e-10
9.86233e-11
9.37463e-11
9.99435e-11
0.0839449
0.555644
0.0127349
9.66803e-11
1.00182e-10
9.59982e-11
1.54069e-10
9.42936e-11
1.00272e-10
0.00300101
9.03135e-11
9.45921e-11
0.0190079
9.71606e-11
9.9128e-11
9.81435e-11
9.33236e-11
0.000722109
9.76191e-11
0.0134739
9.75614e-11
9.52008e-11
1.14271e-10
9.09244e-11
1.03255e-10
9.39294e-11
1.04211e-10
1.05157e-10
9.50229e-11
1.04132e-10
0.000371638
0.0224942
1.10928e-10
0.0720557
9.54846e-11
0.010478
1.00665e-10
1.17782e-10
0.0943627
9.40327e-11
0.00190594
0.00283205
0.0910131
9.40831e-11
1.03256e-10
0.0677791
0.0626877
1.02426e-10
1.00664e-10
1.09935e-10
0.0238351
0.0790529
9.6318e-11
0.0865956
0.0819366
0.0892291
9.32629e-11
1.01177e-10
0.0745234
0.0517406
0.0281781
1.00093e-10
9.10571e-11
9.97193e-11
9.51692e-11
9.37395e-11
1.0008e-10
9.8644e-11
1.01407e-10
1.00412e-10
9.87714e-11
9.88338e-11
1.00975e-10
0.0576359
0.0823505
9.15021e-11
1.03363e-10
1.01952e-10
9.95956e-11
1.09706e-10
1.00072e-10
9.94873e-11
1.05449e-10
1.03221e-10
9.99893e-11
1.04112e-10
9.33162e-11
9.58339e-11
0.259293
1.05545e-10
0.141788
0.0984485
0.0943597
0.259941
0.0114281
1.05967e-10
0.00580525
1.00848e-10
0.0349105
0.0146943
1.02128e-10
0.00216607
0.000465059
0.240157
1.04751e-10
0.106282
0.0246171
0.0650356
1.03228e-10
0.0961546
0.0893697
0.829759
1.09157e-10
0.0986224
0.0906054
3.88752e-05
0.174638
0.0831595
0.0768907
0.0918296
0.00172862
1.01014e-10
9.8454e-11
9.58269e-11
9.89963e-11
1.05126e-10
0.213991
0.728385
0.722423
0.798849
0.414713
0.643205
0.571861
0.387168
0.560813
0.400645
0.521808
0.546354
0.179471
0.720791
0.43265
0.688764
0.0925931
0.39214
0.179269
0.171574
0.691016
0.659546
0.074963
0.186014
0.149063
0.0910395
0.606288
0.693975
0.218748
0.177234
0.255638
0.532321
0.405002
0.212869
0.0420781
0.0902121
1.006e-10
1.01401e-10
8.79166e-11
9.63344e-11
0.0610109
0.0969929
0.632332
0.616456
0.515969
0.454973
0.639271
0.517178
0.568907
0.526504
0.211301
0.39748
9.05727e-11
0.0967027
0.0760223
9.48308e-11
0.00260612
0.0395215
0.0844195
9.11435e-11
0.0940823
0.0543062
3.03338e-10
0.0877808
0.0835108
0.0813235
0.0993246
2.14311e-10
0.0318735
0.0970473
0.082388
0.0678206
1.01956e-10
0.0964455
0.0896261
0.0818802
0.0964909
0.0759474
0.0772603
0.0470272
0.0898361
1.02707e-10
0.0739079
0.0978498
0.0438784
0.0489358
0.0875126
1.11673e-10
0.0970946
0.0851459
0.108255
0.0856509
0.0978166
0.0822426
0.0754008
0.0272479
0.0710596
0.0848463
0.0981528
0.102007
0.0940257
0.0992541
0.0998034
0.0928868
0.0910894
0.0731631
0.064033
0.09705
0.165077
0.163438
0.0993945
0.0771435
0.188348
0.705017
0.0833918
0.0648618
1.07008e-10
9.71018e-11
0.0867588
0.093529
0.0729688
0.0893343
0.097837
0.0681853
0.0987049
0.1791
0.0790898
0.131492
0.155066
0.186212
0.0979574
0.0741747
0.0919355
0.172026
0.22365
0.496741
0.0920384
0.102647
0.366509
0.383324
0.469139
0.605846
0.65011
0.417254
0.620728
0.523436
0.604196
0.623416
0.0980123
0.0972339
0.515063
0.580043
0.230491
0.484761
0.49215
0.710737
0.289758
0.591676
0.473105
0.551689
0.644467
0.65309
0.121012
0.279642
0.218567
0.0791056
0.393133
0.289179
0.392514
0.37657
0.277646
0.403019
0.367516
0.629919
0.734107
0.573286
0.173867
9.99866e-11
0.219228
9.17258e-11
0.184759
0.199031
0.328549
0.467777
0.251031
0.376742
0.183203
0.151022
0.633712
0.623126
0.126829
0.319889
0.280608
0.321747
0.260901
0.277121
0.18411
0.292041
0.57091
0.801916
0.480474
0.870356
0.523558
0.8286
0.957315
0.860508
0.876303
0.948726
0.884978
0.832049
0.628618
0.505154
0.56669
0.588371
0.470067
0.788443
0.82262
0.616215
0.509618
0.469216
0.576056
0.771868
0.397269
0.829444
0.69565
0.489791
0.724744
0.433249
0.601026
0.531593
0.682398
0.639715
0.549927
0.666803
0.63256
0.650506
0.697437
0.518909
0.57569
0.6334
0.568645
0.813198
0.821642
0.873492
0.626123
0.708799
0.654918
0.849078
0.79776
0.629324
0.901358
0.99212
0.748406
0.779627
0.546424
0.739032
0.734378
0.57438
0.744183
0.681732
0.694281
0.65006
0.465033
0.436513
0.833851
0.769546
0.463038
0.566299
0.606192
0.663168
0.634347
0.57478
0.576777
0.619971
0.661776
0.585261
0.964943
0.506313
0.530469
0.368503
0.583192
0.684812
0.76106
1
0.877529
0.464851
0.68299
0.433405
0.56807
0.41161
0.614714
0.373236
0.569192
0.731993
0.526913
0.634365
0.907219
0.607743
0.77332
0.546976
0.567741
0.707715
0.639306
0.6809
0.847091
0.548151
0.62514
0.627752
0.532429
0.429977
0.485907
0.724035
0.00392666
0.702018
0.543119
0.699448
0.42959
0.455359
0.352344
0.544759
0.390949
0.251962
0.217395
0.402082
0.421712
0.228366
0.341347
0.728803
0.534426
0.320316
0.178391
0.35741
0.256959
0.317853
0.304418
0.25159
0.578284
0.542907
0.455409
0.414096
0.521112
0.437083
0.456098
0.114028
0.0740822
0.208833
0.143344
0.377642
0.546524
0.136173
0.237485
0.302763
0.332389
0.129781
9.88525e-11
0.0894936
0.256168
0.202232
0.128938
0.253897
0.0744078
0.207924
0.266891
0.109052
0.131474
0.0992539
0.249934
0.0827647
0.186586
0.0944941
0.0252608
0.219274
0.0763538
0.249803
0.165874
0.0198231
1.09208e-10
0.248326
0.276659
0.182616
0.0984008
0.199483
0.158274
0.0844493
0.141816
0.135653
0.190692
0.0868796
0.266942
0.143916
0.109732
0.115294
0.411404
0.108092
0.236063
0.192399
0.228332
0.181552
0.114967
0.295671
0.552581
0.226305
0.0910494
0.375638
0.467116
0.211687
0.211789
0.286271
0.17512
0.386737
0.282297
0.318554
0.369629
0.167085
0.149495
0.0710379
0.437166
0.196543
0.162305
0.0937841
0.0794645
0.0820301
0.230135
0.0921603
0.133943
0.196458
0.0998989
0.0972975
0.0955212
0.192288
0.153
0.143853
0.238956
0.175322
0.073279
0.169861
0.153566
0.179496
0.144474
0.111758
0.09784
0.1
0.0959047
0.086674
0.189913
0.0799868
0.127856
0.0598696
0.175212
0.0623596
1.08562e-10
0.17676
0.0322874
0.122058
0.0985416
0.132438
0.142558
0.125954
0.225731
0.111031
0.103119
0.194025
0.0579369
0.141797
0.171221
0.170133
0.194206
0.0872767
0.0522935
0.0864451
0.0680986
0.0724827
0.109785
0.122684
0.0955795
0.0995969
9.6338e-11
1.02292e-10
0.0202384
0.0798906
0.0522335
0.0945475
0.180181
0.10002
0.0857644
0.136162
0.0690498
0.0876223
0.0787146
0.212329
0.135313
0.0489651
0.0801943
1.00693e-10
0.0712425
0.221996
0.192316
0.0533649
0.0749766
0.160951
0.160605
0.184009
0.164578
0.179573
0.0985425
0.153922
0.0858415
0.0451416
0.0143265
0.0189845
0.0848872
0.0745895
0.0596652
0.0242421
0.056715
0.104095
0.0601427
0.0979962
0.0822452
0.0884496
0.0905686
0.0923657
0.0977156
0.0834178
0.0873483
1.00098e-10
0.0948285
0.0892677
0.0980012
1.08202e-10
0.0934564
0.0686402
0.0889506
1.00031e-10
0.122208
9.81257e-11
0.140294
0.157498
0.138753
1.03582e-10
0.0177982
0.0921206
0.0973533
1.10678e-10
9.18719e-11
0.0842248
0.0479092
0.0936001
0.0600749
1.0716e-10
0.0449615
0.0729368
1.04807e-10
0.0289353
1.67065e-10
0.0922645
0.0409785
9.4917e-11
0.0076813
1.06967e-10
0.0817754
0.053503
1.2558e-10
0.019314
1.46447e-10
9.91449e-11
3.07399e-10
0.0974844
0.109333
0.101208
0.144405
9.85669e-11
0.0814268
0.265903
0.0626478
0.0430413
0.171587
0.138534
0.0177125
1e-10
1.06828e-10
0.122306
0.0678264
0.0698242
0.0788665
0.0552544
0.0278007
9.96409e-11
9.99189e-11
0.073169
0.0994408
0.049434
0.0334716
0.0252081
9.31444e-11
0.0817178
0.0478647
1.18106e-10
0.0360381
1.0486e-10
1.03895e-10
9.58311e-11
0.0335359
9.81075e-11
9.93629e-11
0.00195573
1e-10
9.75639e-11
0.0728262
2.25796e-10
0.0196554
9.73708e-11
9.99667e-11
1.08036e-10
1.00153e-10
0.0379301
0.0228753
1.08438e-10
9.85893e-11
9.77767e-11
0.00169251
0.00185314
0.00132698
1.01337e-10
1.02267e-10
9.93652e-11
9.44006e-11
9.89449e-11
9.8289e-11
1.00427e-10
1.00251e-10
9.73466e-11
9.94406e-11
0.0026588
1.12113e-10
9.58877e-11
9.59004e-11
9.88631e-11
9.96652e-11
9.70942e-11
9.48903e-11
1.0331e-10
9.73133e-11
9.95149e-11
9.76573e-11
9.76334e-11
1.16154e-10
9.62312e-11
9.99827e-11
0.00292871
0.000430304
1.09215e-10
1.13797e-10
9.39337e-11
0.0498442
0.0550992
0.0463063
1.00399e-10
9.57739e-11
0.080865
0.070594
1e-10
0.0251867
0.0401853
0.0999371
0.0619582
0.150897
1.00477e-10
0.000599026
1.09779e-10
0.0421362
0.0250736
0.125424
9.67855e-11
0.038924
0.0915864
9.77929e-11
9.67468e-11
9.22784e-11
9.60472e-11
1.0701e-10
9.76788e-11
1.05699e-10
7.29018e-06
1.07591e-10
1.05457e-10
1.01485e-10
9.73621e-11
9.88141e-11
9.98764e-11
9.91696e-11
9.97677e-11
9.13554e-11
1.01211e-10
9.842e-11
9.73002e-11
9.27058e-11
0.0309481
1.01505e-10
9.79366e-11
9.48191e-11
9.92358e-11
0.000833091
1.0367e-10
9.93077e-11
1.0214e-10
9.82227e-11
0.00695747
9.50364e-11
0.000570398
1.0296e-10
1.04033e-10
1.07196e-10
9.99441e-11
1.04528e-10
0.00339272
9.5623e-11
1.05696e-10
1.06107e-10
9.39743e-11
9.49368e-11
1.05977e-10
9.78914e-11
9.77817e-11
9.36933e-11
9.34538e-11
0.0229953
0.00338303
0.00173084
9.75615e-11
1.05097e-10
1.04999e-10
0.0460503
8.86784e-11
0.0221347
9.75229e-11
1.01201e-10
1.00353e-10
9.60889e-11
0.00117962
9.85593e-11
9.41578e-11
9.66803e-11
9.97363e-11
1.06007e-10
9.68874e-11
8.81363e-11
0.00607566
9.02453e-11
8.63896e-11
9.6691e-11
9.76242e-11
1.02585e-10
9.6244e-11
9.51889e-11
9.58705e-11
9.44591e-11
9.17e-11
9.57587e-11
0.000307126
0.00176393
9.86146e-11
0.00260017
1.0082e-10
9.48337e-11
1.631e-10
1.10866e-10
9.28308e-11
9.92402e-11
1.49003e-10
0.00151201
1.03212e-10
7.25577e-06
1.01482e-10
1.06892e-10
1.06831e-10
0.0413374
0.0135477
0.00111166
9.99726e-11
9.99007e-11
9.86499e-11
0.0034458
1.03669e-10
1.0195e-10
9.89842e-11
9.71433e-11
0.00139502
9.73539e-11
9.91438e-11
0.0778557
9.98567e-11
0.000842445
1.0312e-10
9.9565e-11
1.128e-10
0.000494495
9.69704e-11
9.87026e-11
1e-10
9.57659e-11
1.02749e-10
1.01018e-10
1.00085e-10
9.92709e-11
9.77499e-11
1.04138e-10
1.07135e-10
0.00017367
9.54943e-11
0.000628035
0.00808747
9.99897e-11
9.65877e-11
9.56725e-11
1.02358e-10
0.0050609
9.92084e-11
1.0734e-10
9.34767e-11
1.04792e-10
1.00205e-10
0.0213741
1.02769e-10
1.02398e-10
9.69704e-11
9.70699e-11
0.0207552
1.08721e-10
0.345905
0.00308058
0.00510994
0.0384842
1.13826e-10
0.00317402
0.00431508
1.07352e-10
1.0246e-10
0.0362478
1.01636e-10
1.05039e-10
0.0556653
1.1987e-10
0.00291256
0.0435558
0.100967
9.78632e-11
9.58101e-11
1.05484e-10
1.08131e-10
1.04333e-10
1.00131e-10
0.10537
0.0861021
0.0159273
0.0666012
1.00042e-10
0.464339
0.251883
0.221113
0.146279
0.255216
0.0959949
0.104056
1e-10
9.51256e-11
9.77999e-11
1.11059e-10
0.0325447
0.0100218
0.00122627
0.0403427
1.0677e-10
0.00756473
0.33035
0.366037
0.233392
0.228483
0.195095
0.151558
0.089796
0.0665793
0.0822668
9.86004e-11
0.263951
0.120267
0.00465397
0.0146459
9.98818e-11
1.00389e-10
9.52218e-11
9.44349e-11
9.38976e-11
0.0165434
9.54409e-11
1.01104e-10
9.96825e-11
0.0139068
1.07007e-10
9.64023e-11
1.03801e-10
9.68141e-11
9.82977e-11
9.66487e-11
0.0100178
0.0149154
0.116495
0.00834208
0.0329252
1e-10
9.59637e-11
0.0475988
0.0252301
5.07338e-05
0.0328192
1.03982e-10
9.57978e-11
0.0150257
9.98568e-11
9.95455e-11
1.13835e-10
9.97276e-11
1.01467e-10
9.79973e-11
1.19906e-10
1.00305e-10
0.00226414
9.52421e-11
9.50149e-11
9.87951e-11
9.58259e-11
9.70462e-11
1.10814e-10
0.0362284
9.64707e-11
1.03338e-10
1.10966e-10
9.65277e-11
9.39335e-11
9.48972e-11
1.18206e-10
0.0396124
0.0313178
9.27119e-11
0.00551082
7.34861e-11
9.61906e-11
0.001752
1.00783e-10
9.92476e-11
1e-10
1.89174e-10
9.80976e-11
9.84647e-11
9.53679e-11
1.13652e-10
1.07699e-10
9.46317e-11
9.72415e-11
0.0084829
9.26848e-11
9.31305e-11
9.9285e-11
9.60122e-11
1.03198e-10
9.56917e-11
1.09798e-10
1.04599e-10
9.78817e-11
0.000435431
9.42117e-11
1.13125e-10
9.42881e-11
1.03311e-10
0.00327757
1.01955e-10
1.00361e-10
9.70113e-11
9.54536e-11
9.69701e-11
1.02739e-10
0.0964901
0.22245
0.384515
0.333926
0.160566
0.417721
0.294841
0.203296
0.368156
0.341996
0.310884
0.148418
0.365633
0.184446
0.276705
0.337019
0.207628
0.0831363
9.71502e-11
0.00237371
0.150538
0.0795606
0.0317027
0.0149218
9.85638e-11
0.0703166
0.0497052
0.106758
0.0045428
0.00670426
0.0753143
0.029185
0.000104065
0.0622135
0.0471635
0.12517
0.126842
0.0595279
1.09865e-10
0.0335174
9.71477e-11
0.0728894
0.0348993
2.39624e-10
9.23294e-11
1.04587e-10
0.0107522
9.01971e-11
0.0744988
9.44023e-11
9.59186e-11
9.38118e-11
0.000387925
9.31554e-11
1.0062e-10
0.00872172
9.28371e-11
0.0338604
0.0746362
0.0811786
9.6749e-11
9.93067e-11
0.0288014
9.68066e-11
9.41573e-11
9.87319e-11
9.3979e-11
1.0514e-10
9.59445e-11
0.0519531
0.00419076
9.68167e-11
9.78145e-11
0.0607605
1.01814e-10
1.16919e-05
0.124994
9.88542e-11
0.0582814
0.0813268
0.016916
0.0264301
0.100027
0.0031407
0.0885288
1.02188e-10
1.0263e-10
9.71326e-11
9.87934e-11
0.0443396
9.78213e-11
0.0942874
9.74258e-11
9.748e-11
9.62343e-11
0.0666837
9.33027e-11
9.76322e-11
0.0075449
9.78801e-11
9.71717e-11
0.0873466
0.0876308
0.0460787
9.5053e-11
0.0734889
0.0382177
9.78797e-11
9.4534e-11
0.0932376
9.76474e-11
9.85015e-11
0.00477292
0.0851513
0.0782183
0.0631198
0.0583732
0.103475
0.0207739
0.0858869
0.0787287
0.0708467
0.0857622
9.74079e-11
0.00074464
1.05108e-10
9.90143e-11
9.42046e-11
0.000923895
9.49894e-11
9.88053e-11
0.00160942
9.72021e-11
0.0989348
0.0978203
0.00311872
1.03816e-10
0.0927092
0.00473747
0.0818419
0.0150944
9.2809e-11
0.0990225
1.00628e-10
0.00191696
1.04771e-10
1.05996e-10
9.66902e-11
9.45834e-11
1.04388e-10
1.05044e-10
9.74313e-11
1.10947e-10
9.42256e-11
9.1285e-11
0.0992302
0.0995265
0.0999092
0.0873184
0.0713912
0.00293709
0.100769
1.07667e-10
1.02867e-10
0.00120499
1.03509e-10
0.00117315
9.65199e-11
9.58796e-11
0.0023281
9.7224e-11
0.00743296
9.60294e-11
9.70598e-11
9.71969e-11
9.90793e-11
9.21121e-11
1.04688e-10
1.01197e-10
0.000187499
9.63933e-11
1.00917e-10
9.47669e-11
9.65894e-11
0.00394138
1.00045e-10
0.0129214
1.07375e-10
1.02847e-10
1.13044e-10
0.00565376
1.09194e-10
9.41013e-11
1.00016e-10
9.75142e-11
9.72207e-11
1.13847e-10
1.03634e-10
9.7439e-11
9.47762e-11
1.02226e-10
0.00651699
0.0392164
1.57363e-10
1.0103e-10
1.06258e-10
0.0313539
9.88029e-11
0.00279837
1.01875e-10
9.85358e-11
9.10365e-11
9.93258e-11
0.0215301
9.9016e-11
0.000699311
9.78852e-11
1.34195e-10
1.00014e-10
9.86284e-11
1.00328e-10
1.02148e-10
1.00014e-10
9.95365e-11
1.03888e-10
1.01037e-10
0.000268839
1.32208e-05
1e-10
9.61564e-11
9.77647e-11
1.02694e-10
1.09894e-10
9.87696e-11
1.14371e-10
9.97355e-11
2.17273e-05
9.96689e-11
0.0927882
6.54873e-11
1.082e-10
0.00415221
9.95477e-11
9.40839e-11
9.58542e-11
1.02654e-10
0.0424117
9.93558e-11
1.01094e-10
9.80115e-11
1.0063e-10
9.91173e-11
1.02593e-10
9.73076e-11
1.00233e-10
4.32763e-05
9.84357e-11
0.0519599
1.00343e-10
1.60787e-05
9.92468e-11
1e-10
0.000329773
9.95026e-11
9.7239e-11
9.75484e-11
9.78758e-11
9.84183e-11
0.00297841
9.78259e-11
8.59248e-11
0.00237276
0.0332814
9.87848e-11
0.290007
9.86691e-11
9.97231e-11
9.99894e-11
1.00024e-10
9.80589e-11
1.00919e-10
0.000207169
9.97683e-11
9.98582e-11
9.76725e-11
1.0021e-10
1.01481e-10
1.00983e-10
9.85238e-11
9.1218e-11
7.6094e-11
9.98199e-11
1.07769e-10
1.02395e-10
9.25419e-11
0.0259956
1.06469e-10
0.148783
0.0938371
9.52627e-11
9.23342e-11
9.97716e-11
9.42746e-11
0.00055507
1.07325e-10
1.05192e-10
0.0943855
0.00381117
9.66794e-11
1.03846e-10
0.0362805
9.76099e-11
0.0183015
1.00352e-10
0.0572277
0.0679613
0.142098
0.0258605
0.0305264
0.0838214
0.0457369
0.0752429
0.0881334
0.0719168
0.0865957
0.098136
0.09391
0.083039
1.07308e-10
0.00142859
0.00626778
0.00528743
1.02883e-10
0.235603
9.99453e-11
0.0323622
1.0814e-10
0.00579823
0.0189303
0.0758111
0.00285016
9.34874e-11
1.05519e-10
1.00512e-10
9.44103e-11
0.0794609
0.0727709
0.0574655
0.000271937
0.052379
0.0531219
0.223394
0.00824526
9.87369e-11
0.000506354
0.0683612
0.00917583
0.112583
0.0740765
0.0204841
1.07183e-10
9.11287e-11
0.0856291
0.0793507
8.96931e-11
0.100735
0.073194
0.110531
8.19935e-11
0.0263217
0.0862902
0.0840219
0.076777
0.0602941
0.16853
0.204317
1.33281e-10
0.740766
0.129361
0.124218
0.699398
0.15888
9.32641e-11
9.29414e-11
0.0469094
0.233672
0.00401985
0.0444412
0.00981807
0.130646
0.0208572
0.209883
0.254916
0.574554
0.00100836
0.240129
0.271683
0.15751
0.0196301
0.1125
0.146215
0.0782379
0.121568
0.12892
0.995729
0.758705
1.06412e-10
0.0343187
0.0941252
0.649583
0.218408
0.793826
0.0830619
0.060282
0.0465287
0.0807003
0.00181213
1.55014e-10
9.92573e-11
1.12038e-10
9.66672e-11
9.99441e-11
9.56755e-11
9.77412e-11
1.04258e-10
9.27762e-11
9.23614e-11
9.28106e-11
0.0396247
0.0753737
0.179609
0.133139
0.284958
0.186158
0.310267
0.131282
0.202549
0.0358009
0.00330163
0.253004
0.0991026
0.208611
0.325548
0.436111
0.234406
0.378823
0.412059
0.357243
0.37527
0.417414
0.215276
0.382091
0.0158468
0.0979068
0.0994681
0.0605458
0.0931567
0.122827
0.0967707
0.0866866
0.0847988
0.0887841
0.101363
0.057213
0.0633083
0.0874482
0.037079
9.78793e-11
0.00143006
9.98433e-11
1.10244e-10
0.00236003
1.23572e-10
2.02359e-10
0.0546306
9.94096e-11
9.65895e-11
1.02779e-10
1.01805e-10
9.9152e-11
1e-10
1.10229e-10
9.868e-11
0.0137537
0.0563304
9.55364e-11
0.0824484
0.92568
0.674107
0.698739
0.312488
0.685343
0.895637
0.939976
0.0721577
0.0419387
1.34778e-10
0.125197
0.0384127
0.0164978
0.0901118
1.19942e-10
0.00155402
0.0173038
0.040222
0.166458
0.301299
0.0567473
1.00074e-10
9.96993e-11
1.01425e-10
9.96104e-11
9.45742e-11
9.7649e-11
9.69699e-11
9.19104e-11
9.99203e-11
0.00416192
9.85825e-11
9.52667e-11
1.12551e-10
1.276e-10
9.88587e-11
9.9411e-11
9.07276e-11
9.54086e-11
9.95524e-11
9.93362e-11
9.40864e-11
1.14181e-10
9.07154e-11
1.22977e-10
1.00267e-10
1.03414e-10
9.76248e-11
1.03968e-10
1.06532e-10
9.94565e-11
9.50694e-11
0.00103645
1.10891e-10
9.39703e-11
9.95466e-11
0.00225466
0.000394529
9.9842e-11
9.94468e-11
9.99774e-11
0.0015819
1e-10
1e-10
9.99461e-11
9.76857e-11
1.00134e-10
9.41275e-11
9.51112e-11
9.48174e-11
9.63155e-11
9.39163e-11
9.44008e-11
9.51235e-11
9.36335e-11
9.82026e-11
9.16579e-11
9.06037e-11
1.04635e-10
0.1081
0.00811419
1.06096e-10
0.0452644
1.3746e-10
9.29621e-11
6.86621e-06
9.42186e-11
1.02576e-10
0.0114898
9.15866e-11
9.88824e-11
0.0801039
9.9321e-11
0.0111973
9.92238e-11
0.0278989
0.0131931
0.954266
0.911906
0.991764
0.0335851
0.0791192
0.987232
0.959209
0.972449
0.738535
0.917084
0.525774
0.958486
0.912251
0.958581
0.0682811
0.891093
0.601137
0.496654
0.0868567
0.174783
0.239377
0.106978
0.20165
0.0374246
0.931723
0.96716
0.999315
0.999208
1.17222e-10
1.04757e-10
7.19999e-11
1.01554e-10
0.226751
0.00110013
0.00550068
0.0124725
0.0073331
0.00806743
0.00255789
1.01887e-10
1.01038e-10
1.01294e-10
0.897767
1
0.751992
0.939711
0.054286
0.075631
0.0797315
0.00285848
0.0130985
5.04304e-05
9.86972e-11
0.00816881
0.000546202
0.00122816
0.382149
0.0118293
1.07483e-10
0.00568004
1.0283e-10
1e-10
0.992554
0.998084
0.99903
0.976888
0.030393
0.0429094
0.776449
0.995734
8.96682e-11
9.27978e-11
1.20149e-10
9.41485e-11
9.08406e-11
9.77554e-11
9.40938e-11
9.92386e-11
9.55157e-11
9.39584e-11
9.99885e-11
1.00886e-10
9.80476e-11
1.04621e-10
8.71511e-11
8.65992e-11
8.93417e-11
1.07375e-10
9.57406e-11
1.02222e-10
8.52928e-11
0.00172899
9.31962e-11
9.0661e-11
9.95889e-11
0.0349624
1.00079e-10
1.04417e-10
0.0731139
1.0062e-10
1.00345e-10
9.5947e-11
1.01092e-10
1.09715e-10
9.96672e-11
9.56806e-11
0.254144
0.987444
0.00964172
0.0557256
0.130341
0.602143
0.119754
0.764334
0.204235
0.764863
0.877643
0.927818
0.11012
0.241074
0.293465
0.252498
0.602535
0.502131
0.528816
0.954489
0.908691
0.871395
0.765113
1
0.854929
0.722783
0.987
0.972317
0.694538
0.675216
0.908014
0.993731
0.750237
0.908218
0.818482
0.846215
0.969598
1
0.961977
1
0.888463
0.975205
0.992021
0.936032
0.991637
0.970335
0.950996
1
0.971677
0.968001
0.963208
0.987504
0.971067
0.994181
0.959951
0.983166
0.994675
0.993272
0.91386
0.997653
0.951003
0.985322
1.01132e-10
1.03864e-10
9.29797e-11
9.52495e-11
1.13938e-10
8.94112e-11
1.06106e-10
1.10066e-10
1.03565e-10
1.03621e-10
9.48856e-11
9.47789e-11
0.125541
0.855837
0.797581
0.703272
0.889913
0.99869
0.989419
0.672799
0.882993
0.897937
0.527238
0.999699
0.543643
0.801135
0.89132
0.703958
0.573063
0.883235
0.233493
0.851334
0.675931
0.764339
0.70466
0.715974
0.921217
1.03001e-10
9.73204e-11
1.0251e-10
1.02754e-10
0.147724
0.725976
0.716679
0.65514
0.926465
0.692824
0.429518
0.839536
9.78596e-11
0.448512
0.737337
0.710175
0.855405
0.713418
0.642988
0.795104
0.940134
0.999984
0.720019
0.665844
0.801813
1.01544e-10
0.0953886
0.0127645
1.00402e-10
9.9796e-11
1.01967e-10
0.0237254
1.04885e-10
1.00725e-10
9.73077e-11
9.97921e-11
0.0802952
1.01707e-10
0.0820619
1.01336e-10
1.00184e-10
1.02044e-10
1.01386e-10
1.00658e-10
1.00473e-10
1.0098e-10
1.00758e-10
1.02881e-10
1.01827e-10
0.0255741
0.0887249
0.0180409
1.00538e-10
0.332614
0.187943
0.23547
0.640767
0.759605
0.278461
0.240852
0.376321
0.11185
0.0818061
9.96267e-11
0.000608676
1.02023e-10
1.04341e-10
3.22494e-10
7.17875e-11
9.7724e-11
9.30047e-11
1.16946e-10
1.08076e-10
9.7728e-11
0.000793629
9.77053e-11
1.07102e-10
0.00251764
9.84769e-11
9.84828e-11
9.63907e-11
0.72573
0.660723
0.504944
0.3495
0.506379
0.540583
0.441445
0.460253
0.401696
0.262848
0.324249
0.410421
0.426837
0.243368
0.280381
0.347406
0.258096
0.193165
0.320484
0.188009
0.226106
0.263645
0.209037
0.252275
0.133332
0.143516
0.00826506
0.0577653
0.18043
0.303985
0.145195
0.127717
0.224408
0.174915
0.263478
0.0664989
0.0224264
0.0931621
0.0839974
0.0977166
1.0046e-10
0.0614205
0.0359488
0.0566131
0.0740202
0.0777013
0.060027
0.0637729
0.0784642
0.0926667
0.0867262
1.02286e-10
0.0690108
0.0676655
0.0538081
9.93467e-11
0.0431908
0.086634
1.05102e-10
0.0808159
0.0410693
7.44042e-05
1.00161e-10
1.03392e-10
1.03243e-10
0.0429341
0.0443883
0.0853718
0.0810016
0.0946738
0.0873696
0.0483903
9.78932e-11
0.0631535
9.73377e-11
1.00004e-10
0.074112
0.00286463
9.92283e-11
0.0893906
0.0752181
0.0301031
0.0961144
0.355462
0.00157015
9.97556e-11
0.0353349
0.0903457
0.0897953
0.0319555
0.0606841
0.0847213
0.0410794
9.6494e-11
9.67925e-11
0.00526045
0.00313567
9.86914e-11
0.0264431
0.00157488
1.02574e-10
0.0919029
0.0794561
9.78733e-11
0.0865071
1.07035e-10
0.00327605
1.02532e-10
0.025242
0.050663
1.93861e-05
0.0285218
0.00251807
1.12001e-10
0.024221
0.0413892
0.0889982
0.0791026
0.0869447
9.62909e-11
0.0168697
0.014473
0.0492722
9.86102e-11
9.90888e-11
0.0585392
1.06716e-10
1.04653e-10
1.05627e-10
0.907553
0.816547
0.904795
0.950139
0.915762
0.90103
0.831502
0.914127
0.876625
0.90063
0.9
0.935784
0.905661
0.904942
0.895129
0.903995
0.922936
0.900664
0.847996
0.899663
0.916438
0.900988
0.875032
0.853398
0.900679
0.9
0.900687
0.905995
0.693933
0.880744
0.710466
0.651558
0.773341
0.739561
0.819954
0.86158
0.813358
0.732795
0.828967
0.90727
0.880062
0.813512
0.778728
0.90189
0.828382
0.908967
0.91591
0.894816
0.60596
0.760669
0.851192
0.764173
0.642511
0.711385
0.734172
0.701023
0.786647
0.816031
0.710459
0.712508
0.810672
0.812795
0.903169
0.598897
0.85512
0.808934
0.740245
0.827339
0.901172
0.819185
0.74689
0.71159
0.727448
0.903194
0.908427
0.837691
0.816361
0.84212
0.894643
0.860213
0.720523
0.735693
0.689229
0.590433
0.809441
0.860913
0.854127
0.823434
0.9
0.795756
0.895628
0.863215
0.370392
0.188435
0.36347
0.046284
9.82165e-11
1.04071e-10
0.00174315
0.00467657
1.01833e-10
9.83869e-11
9.80369e-11
9.98562e-11
0.00848857
1.00142e-10
1.05002e-10
9.66244e-11
1.06134e-10
0.54362
0.367477
0.60498
0.567898
0.577196
0.513476
0.216304
0.52051
0.58374
0.368306
0.430693
0.332536
0.406283
0.344741
0.418721
0.36322
0.200773
0.35705
0.219983
0.261104
0.344183
0.427457
0.426002
0.418324
0.267156
0.336987
0.26753
0.360863
0.356913
0.279707
9.80921e-11
0.0152752
9.94747e-11
0.000784942
0.00231219
9.95876e-11
1.00202e-10
9.92222e-11
9.99275e-11
1.00378e-10
1.00455e-10
9.80193e-11
9.69582e-11
9.75567e-11
9.79362e-11
9.90824e-11
1.09438e-10
1.08118e-10
1.07478e-10
9.51718e-11
9.52164e-11
1.11438e-10
1.09678e-10
9.99123e-11
9.47376e-11
9.53191e-11
9.84476e-11
9.93219e-11
0.00188292
9.54455e-11
0.00484296
1.08943e-10
9.33396e-11
9.81252e-11
9.38359e-11
9.65478e-11
9.89986e-11
9.88068e-11
9.13491e-11
9.56618e-11
1.0958e-10
9.86124e-11
1.0566e-10
9.8773e-11
9.68237e-11
9.70866e-11
9.59088e-11
9.66023e-11
1.11254e-10
9.92087e-11
9.61928e-11
9.60339e-11
1.0071e-10
1.05238e-10
0.085705
1.03299e-10
1.06339e-10
9.35913e-11
9.86252e-11
9.26068e-11
0.000142637
9.87837e-11
9.64903e-11
9.85249e-11
0.00205255
9.18025e-11
9.36758e-11
9.8375e-11
9.61572e-11
1.11445e-10
9.59896e-11
9.06587e-11
9.66911e-11
9.25761e-11
1.00191e-10
1.03892e-10
0.0295543
0.0842903
9.34166e-11
9.29659e-11
1.06038e-10
9.07992e-11
9.36511e-11
9.18863e-11
9.56228e-11
1.04149e-10
8.75022e-11
1.10912e-10
9.88281e-11
1.02134e-10
9.85311e-11
9.74727e-11
9.91442e-11
9.5008e-11
0.00106642
9.73109e-11
9.4902e-11
0.0390646
1.00353e-10
1.13062e-10
1.07344e-10
9.97496e-11
1.00004e-10
9.76872e-11
9.4563e-11
1.08439e-10
9.94432e-11
1.01723e-10
1.02548e-10
9.5064e-11
9.99867e-11
1.00877e-10
9.30312e-11
1.05387e-10
9.69155e-11
9.86687e-11
9.16587e-11
0.000854883
9.46084e-11
0.0522824
1.16924e-10
1.00682e-10
1.04914e-10
0.0614495
1.0254e-10
9.39346e-11
9.31407e-11
9.56631e-11
9.93156e-11
1.09412e-10
0.0333058
9.98991e-11
1.0041e-10
0.0288776
1.01639e-10
0.0795307
0.0876387
9.31732e-11
9.74077e-11
9.17082e-11
0.00803806
0.0460156
0.0803524
0.024448
9.19874e-11
1.01225e-10
0.0865995
0.0847895
1.06929e-10
1.03167e-10
0.0634922
9.61532e-11
0.0116008
0.0192392
0.0941875
0.0945838
0.0940915
0.0616782
0.0849221
9.77103e-11
0.0450252
1.07652e-10
0.0245795
0.0337307
9.5076e-11
9.47529e-11
1.07e-10
0.0853387
9.03719e-11
1.17191e-10
9.17456e-11
9.8658e-11
0.041601
9.96096e-11
0.0533987
9.6363e-11
0.0660747
9.84414e-11
8.69703e-11
9.5218e-11
9.26313e-11
0.0105949
9.45491e-11
1.07015e-10
0.000878317
1.05057e-10
9.62792e-11
1.12911e-10
9.03606e-11
9.77531e-11
0.000276934
8.87796e-11
0.0851733
9.43587e-11
9.40769e-11
9.1782e-11
0.0619678
0.0606851
0.0725369
9.13074e-11
9.90262e-11
0.0235666
0.0242459
0.0367346
0.0850266
0.0835963
0.0332011
0.081259
0.0756239
0.083727
0.0325707
0.0847784
0.0922591
0.0945337
1.01879e-10
0.00176625
0.0470346
1.10112e-10
0.00522667
0.0494829
0.0884836
0.0880261
0.0862303
0.0869411
0.0853683
0.0645336
0.0886396
0.0906905
0.00421715
0.0917561
9.30922e-11
0.000337316
0.0513873
0.0823835
9.01366e-11
9.45072e-11
1.01153e-10
9.6672e-11
9.9418e-11
9.88485e-11
0.00292832
0.0955482
0.0730426
9.8584e-11
9.65563e-11
9.95015e-11
0.070115
0.042859
9.24795e-11
9.65015e-11
9.60994e-11
9.93437e-11
0.00372213
9.8825e-11
0.0830171
1.01917e-10
0.0393214
9.65669e-11
0.0496268
0.0847992
9.37065e-11
9.82997e-11
9.80845e-11
9.76771e-11
9.88181e-11
9.59759e-11
1.00043e-10
1.00013e-10
1.02347e-10
1.03252e-10
9.78981e-11
1.10742e-10
1.07938e-10
9.78399e-11
1.05649e-10
9.39278e-11
9.75448e-11
1.34276e-06
9.44824e-11
9.77998e-11
0.0379313
9.93494e-11
1.00056e-10
1.0666e-10
1.0456e-10
9.57151e-11
1.01322e-10
1.00006e-10
9.54804e-11
9.67637e-11
9.37619e-11
0.0258215
1.01879e-10
0.00397441
9.65661e-11
8.99275e-11
0.0409083
1.37601e-10
9.28673e-11
1.00955e-10
9.333e-11
9.40975e-11
0.00356983
1.0358e-10
1.17144e-10
9.94184e-11
1.02532e-10
1.09623e-10
1.08206e-10
0.0615422
9.35451e-11
1.0189e-10
9.81253e-11
8.97285e-11
0.000693098
1.09088e-10
1.02728e-10
9.02848e-11
1.1305e-10
1.07418e-10
5.90235e-05
1.03062e-10
9.64566e-11
1.04172e-10
8.79968e-11
0.0925473
1.06199e-10
1.02836e-10
1.13331e-10
0.0796132
1.02831e-10
1.06435e-10
0.00808558
0.0730557
9.94287e-11
0.1053
0.238813
0.144771
0.143611
0.1965
0.114642
0.0956158
0.124406
0.302689
8.93801e-11
0.00167864
0.0751147
0.0893071
1.03879e-10
0.00458165
0.560885
0.0470659
0.0736962
0.059754
1.13882e-10
0.0248098
0.52907
0.799108
0.084467
0.556169
0.143596
0.273037
1.04552e-10
5.80601e-06
1.02768e-10
9.50029e-11
9.67182e-11
9.48368e-11
1.55747e-10
0.000317068
9.46927e-11
9.66327e-11
9.87374e-11
0.001125
9.5939e-11
9.875e-11
9.56021e-11
9.35951e-11
9.71759e-11
1.06648e-10
9.67556e-11
1.01459e-10
9.79344e-11
1.11045e-10
9.31891e-11
1.02819e-10
9.30697e-11
9.74926e-11
8.97667e-11
9.74968e-11
1.42089e-05
9.55877e-11
9.98792e-11
1.07678e-10
0.0624286
8.90242e-11
8.94722e-11
9.0392e-11
1.03607e-10
1.03553e-10
9.69219e-11
9.44468e-11
9.82375e-11
0.0352778
9.31226e-11
1.10277e-10
0.00673344
0.000621336
0.0731487
1.00604e-10
1.03717e-10
1.0757e-10
1.03127e-10
1.01206e-10
1.08256e-10
1.15031e-10
1.09905e-10
0.0707645
1.0361e-10
1.02449e-10
1.1709e-10
0.00146472
1.02546e-10
9.97085e-11
1.02136e-10
9.31448e-11
1.00689e-10
1.06776e-10
1.04179e-10
9.61211e-11
9.98529e-11
1.01794e-10
9.62713e-11
9.76245e-11
9.66812e-11
1.03926e-10
9.55588e-11
1.0495e-10
1.16762e-10
1.0032e-10
1.0224e-10
1.02128e-10
1.69428e-10
0.177847
0.000219029
0.00265256
1.07335e-10
9.93315e-11
0.00889342
0.0914437
9.81146e-11
1.0404e-10
1.00374e-10
9.85648e-11
0.0848011
9.50193e-11
1.00864e-10
1.06676e-10
1.02104e-10
9.82126e-11
1.08625e-10
1.0727e-10
0.0461172
0.0733354
1.04296e-10
0.0011833
1.02325e-10
0.02059
1.03341e-10
9.12646e-11
1.08752e-10
9.66949e-11
1.01284e-10
9.9212e-11
0.580275
0.689001
0.602818
0.616037
0.698783
0.823511
0.743618
0.584365
0.839475
0.690075
0.543582
0.551153
0.0764342
0.279778
0.222735
0.479961
0.539205
0.471885
0.691512
0.466657
8.76195e-11
1.00153e-10
9.61957e-11
9.41364e-11
9.33399e-11
9.36744e-11
9.53137e-11
9.33552e-11
9.7068e-11
9.52865e-11
9.60502e-11
9.43051e-11
9.85047e-11
1.08472e-10
9.90289e-11
9.55284e-11
9.45846e-11
1.01647e-10
9.98915e-11
9.90453e-11
1.01614e-10
1.07651e-10
1.002e-10
6.54052e-11
1.00325e-10
0.0334125
1.01885e-10
0.0087307
9.20346e-11
9.96563e-11
1.04884e-10
1.14029e-10
0.557002
0.368119
0.231789
0.334644
0.0344511
0.695608
0.181398
0.0809852
0.0575109
0.0248317
9.92418e-11
1.00851e-10
0.132021
0.221499
0.0583691
0.135316
1.00066e-10
0.0510281
0.427616
0.353741
1.14121e-10
1.01815e-10
3.4336e-10
1.04899e-10
1.12125e-10
0.0324146
0.0683624
0.0601217
9.57964e-11
1.00367e-10
4.92144e-05
9.63259e-11
0.00135899
0.0016815
1.1089e-10
9.4355e-11
0.111684
1.08688e-10
1.20398e-10
8.89816e-11
9.92228e-11
1.03773e-10
9.57716e-11
9.78145e-11
0.0631184
9.35332e-11
9.23776e-11
8.96709e-11
9.6658e-11
0.0718578
9.73426e-11
9.85791e-11
0.0153746
9.69812e-11
0.0761318
0.0320353
1.02944e-10
1.03485e-10
2.0437e-10
1.31452e-10
0.000555195
0.0125
0.0327182
9.68266e-11
1.055e-10
0.0347879
9.86323e-11
0.00832723
9.30495e-11
9.8712e-11
9.89657e-11
1.03553e-10
9.13339e-11
1.11819e-10
1.03023e-10
0.0184722
0.163747
0.083725
9.7637e-11
1.10522e-10
9.79821e-11
1.04003e-10
1.05594e-10
9.98178e-11
0.00633834
1.37229e-10
0.0964411
0.0320571
0.0214525
0.0267928
9.98699e-11
1e-10
0.359406
0.128668
0.00153596
0.171157
9.93563e-11
0.310175
9.21471e-11
2.43695e-05
1.03432e-10
9.62071e-11
9.50076e-11
0.000122332
0.351867
0.175559
0.573355
0.564141
0.552853
0.82476
0.620828
0.403117
0.71853
0.602069
0.0839459
0.0895662
0.0944638
0.114041
1.1088e-10
0.284033
0.534461
0.526478
0.620039
0.602924
0.726478
0.748852
0.598802
0.433648
0.532443
0.342571
0.291148
0.241339
0.647884
0.720161
0.0727212
0.306808
0.427844
0.362618
0.208468
0.21019
0.452032
0.631367
1.08787e-10
0.184556
0.381635
0.26699
0.368569
0.368065
0.529781
0.584992
0.0438867
0.223716
0.171189
0.181918
0.142777
0.239727
0.263931
0.577952
0.726153
0.699053
0.00946511
0.209873
0.793477
0.692907
0.812115
0.930516
0.669797
0.759002
0.608036
0.780024
0.85806
0.618794
0.634224
0.766599
0.626109
0.511432
0.493835
0.489493
0.515223
0.494815
0.651512
0.430477
0.297315
0.434493
0.595886
0.380151
0.692875
0.511209
0.714402
0.608341
0.461208
0.710959
0.0825947
0.178499
0.450267
0.553146
0.46899
0.538329
0.741468
0.60276
0.469232
0.487974
0.291271
0.3605
0.642564
0.590794
0.451669
0.582058
0.0660997
0.252396
9.57185e-11
9.6845e-11
1.18074e-10
9.59781e-11
9.9096e-11
0.0626364
9.84103e-11
1.00477e-10
1.38303e-10
9.54165e-11
1.76168e-10
9.54266e-11
1.06394e-10
1.14788e-10
9.50287e-11
1.05327e-10
1.02611e-09
9.43782e-11
1.05628e-10
1.00667e-10
1.04654e-10
1.01224e-10
1.06927e-10
9.99769e-11
9.8687e-11
9.14907e-11
1.02077e-10
9.41802e-11
9.89858e-11
9.96687e-11
1.01975e-10
9.46179e-11
9.77607e-11
9.63968e-11
9.96664e-11
1.0007e-10
1.01489e-10
0.00525257
0.0297041
9.98897e-11
9.70096e-11
9.94899e-11
9.99989e-11
1.00411e-10
9.24228e-11
1.00633e-10
9.58516e-11
9.62007e-11
9.51192e-11
9.2457e-11
1.00145e-10
9.87024e-11
9.58325e-11
9.5207e-11
9.36227e-11
9.35865e-11
1.03258e-10
1.01424e-10
9.96738e-11
1.00924e-10
1.00852e-10
9.99718e-11
1.05712e-10
9.9724e-11
9.57389e-11
8.74366e-11
9.70113e-11
9.86059e-11
9.5265e-11
9.7395e-11
9.0782e-11
9.52988e-11
1.03282e-10
1.02918e-10
9.52274e-11
9.80227e-11
1.01036e-10
1.0177e-10
1.00984e-10
1.0462e-10
0.230325
0.164028
1.02479e-10
0.0743465
0.0581916
0.0715003
0.0996753
0.147567
0.0679637
0.0992403
1.20723e-10
0.0423501
0.0436433
0.150233
0.00526953
0.164672
0.0519601
9.41357e-11
0.0741518
0.0781571
0.346223
0.343234
0.553293
0.589859
0.363654
0.377182
0.29963
0.475311
0.382869
0.62869
0.425953
0.361528
0.358224
0.393278
0.0881645
0.240137
0.200492
0.193228
0.213004
0.247563
0.327064
0.293114
0.226713
0.305127
0.377836
0.411653
0.23994
0.252698
0.167332
0.287908
0.192813
0.19121
0.0877289
0.191042
0.530653
0.365902
0.4512
0.433955
0.349941
0.640715
0.000243695
0.0995722
0.0211794
0.0322521
0.088202
1.03349e-10
0.0241606
9.99288e-11
1.0167e-10
0.0387301
9.97311e-11
9.82568e-11
1.07196e-10
1.1189e-10
9.4305e-11
9.67645e-11
1.0865e-10
9.62905e-11
0.00403391
1.01463e-10
0.0342717
0.0426698
0.0501624
0.0196501
0.126393
0.179875
0.024621
0.105506
1.13257e-10
0.0741899
0.069511
0.0815577
0.232437
0.182241
0.148887
0.0405536
0.286616
0.0762682
0.00249137
0.0284503
0.050559
2.20492e-06
0.0927538
0.0464377
0.00386672
9.57113e-11
0.201211
0.158831
0.195765
0.273703
0.0539488
0.188542
0.284143
0.24365
0.148207
0.187259
0.181968
0.22502
0.134607
0.00592233
0.12673
0.149186
0.140067
0.109646
0.0863148
0.0785774
0.016296
0.0520241
0.0109914
8.31688e-05
0.327316
0.457357
0.246802
0.252716
0.105179
0.141365
0.160923
0.334938
0.398128
0.344594
0.302081
0.318359
0.191315
0.570741
0.41913
1.0467e-10
9.99422e-11
1.05889e-10
0.0610728
9.85125e-05
1.00799e-10
1.02352e-10
9.80622e-11
9.80805e-11
9.99083e-11
9.95139e-11
9.59725e-11
1.06552e-10
0.00384684
1.0353e-10
7.21699e-05
1.04931e-10
1.06897e-10
0.128463
0.165227
0.121887
0.155711
0.250614
0.115454
0.0579779
0.0393627
0.109681
0.0376441
0.0289988
0.0482741
0.375922
0.351511
0.115757
0.398719
0.208331
0.416154
0.0948962
0.139939
0.306274
0.298962
0.375758
0.436886
1.04251e-10
9.55144e-11
1.07223e-10
9.65353e-11
9.76598e-11
9.90957e-11
0.00144272
0.000572058
1.00152e-10
0.0925741
1.02564e-10
1.01305e-10
0.00227005
1.00259e-10
0.00905847
1.00603e-10
0.00376838
0.121285
9.89911e-11
9.98384e-11
9.98732e-11
9.99617e-11
1.00515e-10
9.64995e-11
1e-10
1.01294e-10
0.0644844
1.0342e-10
0.0630444
0.0385773
0.023554
0.0510135
0.0445774
0.000244321
0.0629728
0.0481731
0.0682854
0.0346311
0.192808
0.145902
9.95939e-11
1.00248e-10
9.61803e-11
8.71765e-11
0.000928953
0.025065
9.32995e-11
0.0369245
0.0275203
8.86091e-11
0.14534
0.0397942
1.03023e-10
0.035074
0.0339993
0.000537719
0.0162205
0.0525831
9.33844e-11
0.376937
8.97112e-11
0.0302874
0.0736766
0.138691
0.0106978
0.0086406
0.0368909
1.19447e-10
0.00436689
0.00812836
9.45917e-11
0.0141645
0.00105419
9.99885e-11
9.47103e-11
9.73999e-11
0.0032016
1.02194e-10
1.00154e-10
1.00175e-10
1.65786e-05
9.79802e-11
0.00844088
9.99645e-11
0.00562613
0.00366771
0.0193157
1.0041e-10
9.95911e-11
1.00609e-10
0.000219417
1.04471e-10
0.000359003
0.00533168
9.99906e-11
1.00351e-10
9.77508e-11
0.0196728
9.97951e-11
1e-10
9.89547e-11
0.000857231
0.00233113
9.67612e-11
1e-10
9.47163e-11
9.76943e-11
9.79713e-11
9.98852e-11
0.00276001
1.05182e-10
9.96932e-11
9.89457e-11
9.95754e-11
9.96117e-11
9.75311e-11
0.191972
0.083567
1.07974e-10
1.00311e-10
1.05189e-10
1.06613e-10
1e-10
9.88306e-11
9.87784e-11
9.86583e-11
0.809535
1.00665e-10
9.21944e-11
0.0209561
9.96619e-11
9.95696e-11
9.72196e-11
0.00318423
0.0210981
9.89645e-11
0.000706252
1.00766e-10
1e-10
0.00227536
1.03463e-10
9.55798e-11
0.0840693
0.155038
0.00451652
0.102086
9.54283e-11
7.72487e-11
9.74094e-11
0.000832603
9.96401e-11
9.84589e-11
9.98016e-11
1.06548e-10
1.00167e-10
1.07225e-10
1.00075e-10
0.00610281
1.14935e-10
0.00108198
9.55627e-11
1.01123e-10
9.89587e-11
1.13773e-10
1.06173e-10
9.70793e-11
1e-10
9.59392e-11
9.81009e-11
9.73465e-11
9.60817e-11
9.83914e-11
9.79105e-11
1.00054e-10
1.01795e-10
9.34435e-11
9.6432e-11
9.8631e-11
9.88547e-11
9.88815e-11
1.12081e-10
9.95598e-11
9.79878e-11
1.00043e-10
1.00809e-10
9.76083e-11
1.04202e-10
1.0681e-10
9.05848e-11
0.0991483
0.00421504
9.7119e-11
1.0926e-10
9.87148e-11
9.40651e-11
1.18134e-10
9.98195e-11
9.67289e-11
1.12241e-10
9.98592e-11
9.74737e-11
1.0018e-10
9.89663e-11
9.85646e-11
9.97904e-11
9.99378e-11
9.99204e-11
1.13698e-10
9.76349e-11
9.1554e-11
1.04694e-10
9.38036e-11
1e-10
1.18441e-10
9.96935e-11
1e-10
1.12419e-10
1.14145e-10
1.00244e-10
1.01175e-10
0.00110564
9.07701e-11
0.00126218
9.83846e-11
9.76603e-11
0.0979906
1.09431e-10
1.00357e-10
9.77503e-11
1.05543e-10
9.96635e-11
1.0152e-10
9.91083e-11
1.00809e-10
1.00295e-10
1.0008e-10
9.89619e-11
9.81326e-11
1.06226e-10
1.00124e-10
9.93987e-11
1.06949e-10
1.00358e-10
9.90308e-11
1.00163e-10
9.92271e-11
9.92613e-11
1.09992e-10
9.85242e-11
9.55643e-11
0.00207464
9.8744e-11
9.61967e-11
1.09944e-10
9.69573e-11
1.12608e-10
1.05846e-10
1.0788e-10
9.43908e-11
9.81067e-11
0.0813444
0.0551758
9.34198e-11
0.0607288
0.00390835
0.0725188
9.4894e-11
9.14161e-11
9.30176e-11
9.85863e-11
9.71263e-11
1.05558e-10
9.68018e-11
9.99571e-11
9.93576e-11
9.89387e-11
9.67953e-11
9.84356e-11
9.80233e-11
9.88867e-11
9.87041e-11
9.74422e-11
1.09711e-10
9.86263e-11
9.68276e-11
1.13043e-10
9.96799e-11
9.93879e-11
1.0504e-10
1.09287e-10
0.0731372
0.050786
0.00498354
8.79968e-11
9.38321e-11
0.00311022
9.97473e-11
1.01566e-10
0.000827895
9.83777e-11
9.66148e-11
1.09199e-10
1.16287e-10
9.49686e-11
9.56775e-11
9.55551e-11
9.55315e-11
1.13282e-10
9.71868e-11
9.82617e-11
0.00500955
1.14416e-10
9.65776e-11
1.00201e-10
1.03958e-10
1.09219e-10
1.02278e-10
9.93305e-11
9.99343e-11
9.98461e-11
9.94076e-11
0.0118101
0.00207858
0.00978869
9.9219e-11
1.04368e-10
1.00449e-10
9.86075e-11
1.11637e-10
1.01917e-10
1.00236e-10
9.98089e-11
1.10222e-10
1e-10
9.68993e-11
1.08999e-10
9.73861e-11
1.10175e-10
9.91424e-11
9.64775e-11
9.61856e-11
9.85089e-11
9.52469e-11
9.64809e-11
0.00196904
1.00908e-10
9.95185e-11
1.00152e-10
1e-10
9.82197e-11
9.93786e-11
9.74819e-11
1.03783e-10
9.65582e-11
1.04354e-10
1.05434e-10
0.0377324
0.003454
0.231518
0.150144
0.0781833
0.0199183
0.0103702
0.0364851
0.0678423
0.0883697
0.0913083
0.138998
0.0607858
0.102129
0.162282
0.0948265
0.0323577
0.0989409
0.0912293
0.147908
0.389045
9.46947e-11
0.010496
0.077396
0.137708
0.233695
0.512002
0.403561
1.05315e-10
1.00933e-10
0.120918
0.0205893
9.78757e-11
0.0891054
0.000282933
0.00170741
0.034595
0.0498988
0.0918754
0.225293
0.289656
0.362834
0.100814
0.18852
0.483668
0.43224
0.72426
0.580177
0.737832
0.766748
0.0740044
9.79387e-11
0.025067
0.0886309
0.0685292
0.380168
0.341698
0.527148
0.490814
0.387305
0.450513
0.622947
0.604513
0.281523
0.306954
0.549317
0.524838
0.612163
0.605039
0.468552
0.399883
0.451627
0.322793
0.414992
0.507809
0.551671
0.551675
0.393251
0.249022
0.323177
0.387196
0.460818
0.405644
0.525851
0.257371
0.457809
0.3338
0.588842
0.571337
0.513395
0.669606
0.00622525
9.84847e-11
0.0153182
1.06012e-10
0.00175994
0.845474
0.890668
0.900541
0.911412
1
0.941988
0.896864
0.912244
0.856365
0.9
0.873926
0.913313
0.815894
0.902862
0.900657
0.888629
0.886008
0.893932
0.897928
0.89905
0.9
0.899733
0.803146
0.909828
0.905172
0.852369
0.9
0.9
0.901811
0.842774
0.907957
0.886751
0.902682
0.9
0.821122
0.811996
0.889303
0.902281
0.87178
0.894134
0.799992
0.907586
0.885934
0.805772
0.810003
0.84599
0.800933
0.803547
0.841064
0.793646
0.900258
0.868581
0.900558
0.900685
0.900998
0.804204
0.847587
0.904931
0.902843
0.902525
0.812183
0.906117
0.833327
0.801353
0.901341
0.800139
0.907008
0.808269
0.9
0.803082
0.9
0.900949
0.900235
0.9
0.869861
0.839877
0.813148
0.864496
0.805042
0.848504
0.903128
0.828831
0.9
0.9
0.906733
0.901038
0.85826
0.902553
0.850439
0.9
0.901109
0.9
0.905072
0.9
0.80821
0.9
0.900101
0.86047
0.906348
0.9
0.902187
0.900824
0.9
0.9
0.889141
0.9
0.907557
0.890758
0.902305
0.907043
0.907985
0.872129
0.901088
0.905002
0.9
0.879681
0.900865
0.9012
0.899637
0.901795
0.900174
0.901427
0.883884
0.901842
0.869414
0.905169
0.903579
0.903388
0.858144
0.902066
0.896765
0.903597
0.902047
0.9
0.900018
0.9
0.911682
0.904037
1.02956e-10
1.08955e-10
9.64922e-11
1.06577e-10
1.03635e-10
9.96766e-11
1.02998e-10
1.05378e-10
9.84282e-11
1.00921e-10
9.92927e-11
1.03985e-10
1.09751e-10
1.08047e-10
9.88091e-11
1.04371e-10
1.00699e-10
1.03831e-10
1.08758e-10
9.77736e-11
9.93737e-11
2.47816e-05
9.97611e-11
9.76338e-11
9.98409e-11
9.75728e-11
9.92308e-11
9.94037e-11
1.00141e-10
9.79394e-11
9.96492e-11
0.109097
0.209189
0.259544
0.213462
0.156091
0.127065
0.185599
0.145776
0.148968
0.238297
0.0802387
0.186692
0.161288
0.153296
0.19923
0.179019
0.273926
0.316989
0.11946
0.0592314
0.0753877
9.79884e-11
0.0358935
0.0690866
1.17781e-10
0.0784323
0.00107853
0.0838142
9.98756e-11
1.00162e-10
1.48509e-10
0.00734596
0.000680763
1.10019e-10
1.01023e-10
9.04779e-11
1.02671e-10
0.00610305
1.0162e-10
0.00618946
1.01885e-10
9.993e-11
0.00178402
0.00837881
0.0191821
1.04406e-10
1.0649e-10
0.00205499
1.13065e-10
0.0942516
0.0130075
1.50945e-10
0.00407246
9.97132e-11
1.02194e-10
1.0191e-10
1.08024e-10
2.09134e-10
9.87902e-11
0.0257064
0.00702754
1.06583e-10
0.00134869
0.0827251
0.00460189
9.6425e-11
1.12684e-10
0.0703573
0.00138693
0.0486188
9.72132e-11
9.79623e-11
0.00709645
9.98937e-11
0.0726143
0.262494
9.51485e-11
0.0054438
1.00196e-10
9.96134e-11
3.67231e-05
9.85102e-11
1.00561e-10
9.92277e-11
1e-10
9.72248e-11
1.01395e-10
0.000139231
7.08427e-11
9.866e-11
0.000166704
0.026927
1.04541e-10
0.0520771
0.0591855
0.0782327
9.99657e-11
9.60879e-11
2.10716e-05
0.0488952
0.0287008
0.0634169
1.03285e-10
0.113398
0.066766
0.129908
0.0998012
0.147275
9.56989e-11
0.0307362
0.102831
0.0547849
0.129755
0.0924637
0.133699
0.356563
1.11512e-10
1.03653e-10
0.179002
0.151449
0.171747
0.0669306
0.205966
0.24621
8.08734e-11
9.32423e-11
7.94637e-11
1.74807e-10
1.0096e-10
9.71901e-11
9.17921e-11
0.13072
1.08278e-10
0.0984062
0.0396178
0.299337
0.164018
0.0881084
0.268133
0.243819
0.164879
0.104625
0.0977603
0.0891567
0.20644
0.142485
1.08272e-10
0.076373
0.0118306
0.00823098
0.0910598
0.195871
0.00229649
9.83522e-11
0.0607171
9.73132e-11
0.0352666
0.0628174
0.0179788
0.00736242
0.012148
9.35228e-11
0.0793401
0.0362692
1.10588e-10
9.5154e-11
0.0210954
9.82157e-11
0.00288759
9.57491e-11
0.248205
0.139588
0.162936
0.280827
1.04633e-10
1.07135e-10
1.0772e-10
0.0876367
0.00059355
0.260953
0.172743
0.163228
0.293718
0.240219
0.204681
0.449127
9.73918e-11
9.20206e-11
7.72391e-11
0.0146251
0.0286818
7.80233e-11
0.000547799
1.42156e-10
0.0163187
9.92284e-11
1.09286e-10
0.943951
9.99753e-11
0.0408398
9.63503e-11
0.0351395
9.77309e-11
0.0176062
0.0347095
9.47641e-11
1.0424e-10
9.13459e-11
0.0430166
9.20288e-11
0.0103508
1.05608e-10
7.80421e-11
1.07671e-10
0.0902553
8.62313e-11
1.15438e-10
0.0241863
2.8317e-10
0.0232917
9.59945e-11
0.000345097
0.0276765
0.0728009
0.0523176
1.01854e-10
0.00179173
9.96296e-11
1.03502e-10
1.00962e-10
0.0332183
0.766658
0.0946554
0.0476982
9.25666e-11
0.00176299
9.56812e-11
1.03028e-10
1.3576e-10
8.97294e-11
9.73549e-11
9.7021e-11
0.00984529
7.75589e-11
0.0748598
1.02992e-10
0.0828387
0.0897924
0.0980448
1.07873e-10
0.163768
0.0246468
0.0506955
0.240228
0.159052
0.292574
0.309801
0.174439
0.0017452
0.555221
0.0171073
0.0605468
0.0737497
0.0590744
0.506972
0.854654
9.96305e-11
1.01091e-10
1.15323e-10
0.170756
0.0815659
0.0284306
0.0471082
0.0437542
0.0792504
0.0208707
0.0671932
0.245266
0.968195
0.302207
0.0826474
0.81363
0.0466849
0.00165777
0.603428
1
0.0461305
0.197528
1.00759e-10
0.0226126
0.210675
0.859431
0.00939295
0.198741
0.0213061
0.201083
0.168695
0.285053
0.000890064
0.00767998
9.95083e-11
0.00880761
0.209754
0.8375
0.00263276
0.168114
0.138136
0.761559
0.0986282
0.258829
0.612412
0.700754
0.998669
0.780156
0.995653
0.992703
1
0.877885
0.916993
0.964549
0.00809931
8.58312e-11
0.00162151
8.40078e-11
9.92007e-11
0.00561953
0.0221616
0.0591524
0.0213398
9.07678e-11
0.0482441
0.0745416
0.0718866
0.179764
1.05109e-10
0.0730789
0.0565478
0.0815802
0.062169
0.0315805
1.11007e-10
1.06991e-10
0.048018
0.112985
1.05342e-10
0.0179876
0.0206135
0.889341
0.107761
0.0940361
0.0946441
0.158448
0.110569
0.06907
0.0801318
0.17542
0.0925718
0.10652
0.0911484
0.0944032
0.0887256
0.108933
0.0556326
0.0515891
0.0964301
0.0730436
1.18102e-10
8.69579e-11
0.00450866
0.0241686
0.187587
0.101018
0.000253612
0.0392269
0.301845
0.0428164
9.93576e-11
0.918105
0.108447
0.196179
0.0641553
0.189335
0.109524
0.0972036
1.05014e-10
0.0292391
0.000774361
0.171754
0.109246
0.0210509
0.000690611
0.0120991
0.0642544
0.0928054
0.0889566
0.00677858
0.052283
0.271593
0.208207
0.0927302
0.334238
0.29009
0.00261015
0.0889926
0.0272148
0.0162741
0.140069
0.220245
0.117531
1.09473e-10
0.0736085
9.23734e-11
0.094699
0.00294297
0.271229
0.0522873
0.425016
0.655596
0.0875554
0.567762
0.149394
0.16835
0.162614
0.19563
1e-10
0.00195002
9.99922e-11
0.0138797
0.0217772
0.0874611
4.72917e-05
0.104845
0.0926331
0.134933
9.07362e-11
0.0678387
0.0252762
0.0715723
0.0571167
9.75553e-11
0.883943
0.281345
0.0859449
0.0641021
0.067858
0.0275069
0.092847
0.0173786
0.0549985
0.0935014
0.119775
0.156284
9.50607e-11
0.0751408
0.0652839
1.05074e-10
0.920258
0.838195
0.091498
0.0818535
0.149347
0.192587
0.0329002
9.84163e-11
0.0471813
0.0834522
0.1
0.0959668
0.0575384
0.341792
0.0823401
0.0987828
0.12838
0.137824
0.233109
0.130104
0.0343034
0.079601
0.0423808
0.0993497
0.088079
9.97699e-11
0.0311151
0.0898322
0.0873895
0.0819986
0.194547
0.000931967
0.00595527
0.101049
0.100057
0.594625
0.00126255
0.891044
0.259065
0.688793
0.123805
0.994582
0.971105
0.789648
0.987432
0.952602
0.815347
0.980812
0.0035023
0.05925
0.407541
0.141233
0.00752666
0.958806
0.27341
0.0189224
0.491697
0.164274
0.288994
0.572691
0.0764149
0.510495
0.695854
0.79759
0.711268
0.510176
0.12762
0.454909
1
0.631831
0.871508
0.819059
0.636524
0.898151
0.870539
1
1
0.996632
0.704424
0.926547
0.838735
0.782962
0.922495
0.932722
0.786179
0.917301
0.791806
0.844274
0.897952
0.9
0.813034
0.833699
0.779309
0.989311
0.736518
0.920871
0.836589
0.830378
0.653988
0.559713
0.829147
0.997355
0.953302
0.997177
0.972441
0.945314
0.981663
0.854644
0.910965
0.823391
0.927746
0.965602
0.957836
0.922086
0.926587
0.86292
0.787117
0.903004
0.889035
0.882669
0.978877
0.996789
0.982847
0.989503
1
0.929136
0.959968
0.9907
0.960156
0.996542
0.999367
0.979338
0.985313
0.992646
0.996523
1
1
0.993564
0.988157
0.996167
0.963564
0.422296
1
1
1
0.980822
0.879528
0.997791
0.958099
1
0.935855
0.995322
0.988049
0.862916
1
0.994921
0.98252
0.903097
0.852132
0.956296
0.864756
0.964629
0.992336
0.937829
0.997253
0.999432
0.980521
0.843852
0.918843
0.866346
0.927718
1
0.990057
0.975042
0.950104
0.888282
1
0.782686
0.754389
0.718371
0.991906
0.996148
0.997578
1
0.733487
0.781381
0.837799
0.694436
0.861146
0.747921
0.750566
0.876316
0.858683
0.765588
0.752181
0.730338
0.861037
0.691517
0.725374
0.715251
0.858412
0.800556
0.921842
0.774676
0.9
0.743509
0.911814
0.828933
0.932475
0.913572
0.846092
0.876421
0.927926
0.919595
0.789493
0.841489
0.850738
0.702442
0.144808
0.602216
0.17807
0.17976
0.325495
0.637201
0.071921
0.147631
0.712815
0.691204
0.255976
0.58641
0.555598
0.633048
0.539477
0.642062
9.44002e-11
0.0924585
9.79496e-11
0.0733763
0.0994843
1.04059e-10
0.0595057
0.070527
0.0925714
0.0675987
0.0763488
0.0502922
0.0633327
1.14983e-10
9.77659e-11
1.01245e-10
1e-10
9.87176e-11
9.98812e-11
9.75612e-11
1.08673e-10
9.88106e-11
0.00442888
1.02178e-10
9.62805e-11
0.0652328
0.0756882
0.0812901
9.5026e-11
1.11016e-10
9.84668e-11
9.5794e-11
9.79166e-11
9.8615e-11
9.86882e-11
9.8032e-11
9.97295e-11
0.000671118
9.79751e-11
0.0341836
1.01707e-10
9.85327e-11
1.06075e-10
0.0917587
0.041332
0.0277575
0.387207
0.839076
0.816971
0.998467
0.900693
0.875704
0.913855
0.90616
0.851773
0.834821
0.647716
0.582682
0.0914624
0.080185
0.0710347
0.0911161
0.043692
0.085428
9.91488e-11
9.78251e-11
0.810092
0.81867
0.844926
0.909383
0.742102
0.794399
0.819321
0.869482
0.815018
0.798543
0.593514
0.696564
0.0795726
0.91962
0.839076
0.716575
0.502398
0.649439
0.853302
0.870988
0.843635
0.9
0.815746
0.924101
9.7313e-11
9.92937e-11
1.0371e-10
3.50159e-06
9.68823e-11
9.86121e-11
1.0264e-10
9.66892e-11
0.821428
0.907436
0.706821
0.791489
0.914521
0.813608
0.802674
0.801728
0.461299
0.793951
0.573381
0.879773
0.293353
0.810932
0.194766
0.619671
0.626229
0.151178
0.041608
0.808973
0.27595
0.831215
0.842645
0.82183
0.160382
0.146083
0.0668295
0.813433
0.334651
0.82046
0.275699
0.27614
0.845823
0.885264
0.910194
0.806165
0.876177
0.811562
9.90541e-11
0.000124698
1.02366e-10
0.0449464
9.86702e-11
1.29107e-10
1.00401e-10
0.000612945
0.0850677
0.0714289
0.0145965
9.90274e-11
0.00292817
9.99487e-11
9.99476e-11
0.0933741
0.0830533
0.0909782
0.086105
0.0226691
0.094249
9.97534e-11
0.000397407
1.01653e-10
0.0296674
0.815299
0.828976
0.904858
0.84669
0.809174
0.803565
1.052e-10
0.0804675
9.62684e-11
1.00123e-10
9.86437e-11
9.64565e-11
0.812863
0.734047
0.094664
0.855604
0.0755466
1.01702e-10
0.0840018
0.0581093
9.97486e-11
0.0970408
0.065068
9.7552e-11
1.02869e-10
0.0899939
1.07142e-10
0.0910024
0.0961639
0.096067
1.06214e-10
9.98253e-11
0.0884562
0.166317
9.67805e-11
0.029555
1.03919e-10
9.86057e-11
9.95543e-11
1.00246e-10
0.779529
0.831686
0.0868265
0.1
9.95559e-11
0.0901686
1.01435e-10
0.0964349
0.129713
1.03215e-10
0.156221
0.14774
0.0689916
1.33721e-10
0.0878604
0.0507613
0.152516
0.902474
0.0774344
0.153821
0.807417
0.0970301
0.0120678
9.97457e-11
1.02037e-10
9.87663e-11
9.73562e-11
1.0355e-10
1.0812e-10
1.05256e-10
9.86757e-11
9.67869e-11
9.96606e-11
9.80942e-11
9.94508e-11
9.85009e-11
9.6884e-11
9.46516e-11
9.77248e-11
1.07545e-10
9.73069e-11
9.17227e-11
1.05576e-10
1.12793e-10
9.69536e-11
9.46695e-11
0.298455
0.380145
0.90457
0.9
0.150357
0.212431
0.114659
0.490036
0.241699
0.105439
0.0427167
0.175673
0.41445
0.560507
0.520243
0.0569685
0.144116
0.302711
0.265596
0.391405
0.205613
0.396912
0.420842
0.151772
0.174421
0.190898
1.04529e-10
0.00213115
9.97794e-11
0.0327433
0.00901682
0.13573
0.0783095
0.0745385
0.00205086
0.00505496
0.0668022
0.114989
0.00976447
1.01179e-10
1.01696e-10
0.0610419
0.161107
0.820067
0.750528
0.88108
0.816525
0.882851
0.908501
0.852467
0.900458
0.80923
0.878514
0.994638
0.895716
0.885363
0.817903
0.756692
0.791367
0.818567
0.950689
0.707219
0.905994
0.905502
0.802545
0.901403
0.797276
0.79787
0.827544
0.7606
0.91138
0.818013
1
0.774005
0.900817
0.730788
0.923861
0.886822
0.871613
0.917976
0.824078
0.868322
0.848585
0.821549
0.870361
0.817962
0.705968
0.867465
0.835818
0.872363
0.820259
0.914186
0.905317
0.826172
0.8896
0.838949
0.280934
0.915436
0.864464
0.853739
0.91944
0.9
0.913395
0.80524
0.862945
0.869887
0.877587
0.906475
0.812884
0.833815
0.800718
0.843831
0.900631
0.9
0.90044
0.911883
0.9
0.849694
0.870019
0.867649
0.815024
0.802009
0.803323
0.820603
0.807186
0.818709
0.908557
0.90318
0.866187
0.904023
0.7938
0.817482
0.0993979
0.900414
0.79211
0.905603
0.793656
0.818617
0.9
0.789939
0.900095
0.907226
0.809543
0.904864
0.900262
0.834031
0.804663
0.798419
0.817427
0.810899
0.802514
0.747991
0.910543
0.90921
0.897038
0.902197
0.802954
0.19097
0.794242
0.854904
0.788905
0.896507
0.915785
0.805147
0.806774
0.901846
0.803523
0.804609
0.810179
0.80903
0.904388
0.873796
0.88708
0.827457
0.810167
0.803907
0.8766
0.901161
0.883507
0.902581
0.829156
0.877839
0.817719
0.823553
0.807967
0.902675
0.809077
0.805986
0.905907
0.908698
0.810654
0.886762
0.810042
0.842406
0.832269
0.816095
0.811278
0.903839
0.907419
0.805931
0.899545
0.892307
0.577543
0.889716
0.880403
0.851635
0.9
0.902871
0.9
0.909711
0.911616
0.89865
0.90216
0.911655
0.9
0.907601
0.896963
0.839412
0.885793
0.888668
0.826683
0.808469
0.9
0.806452
0.90251
0.802412
0.80288
0.902998
0.903196
0.900988
0.873087
0.807643
0.803615
0.87014
0.80758
0.798217
0.817764
0.824077
0.846716
0.75951
0.900512
0.806137
0.905653
0.823559
0.93303
0.824999
0.900404
0.910998
0.899174
0.900734
0.811439
0.756309
0.901042
0.800927
0.807243
0.804287
0.808806
0.9
0.806048
0.89725
0.852408
0.829991
0.802962
0.803478
0.863176
0.803585
0.796855
0.912841
0.900624
0.786035
0.863512
0.901739
0.903383
0.907741
0.900608
0.859339
0.9
0.843343
0.857927
0.870984
0.806956
0.809829
0.903126
0.692301
0.911553
0.788167
0.80131
0.802747
0.803368
0.806093
0.770117
0.801453
0.9
0.708546
0.709554
0.899772
0.825484
0.805914
0.811521
0.901416
0.818327
0.810468
0.8
0.769869
0.770019
0.709515
0.801692
0.800771
0.801851
0.805187
0.810398
0.754921
0.718005
0.906092
0.793004
0.955785
0.810309
0.804296
0.81759
0.808148
0.900554
0.814796
0.802171
0.864901
0.801444
0.832432
0.711747
0.805176
0.843694
0.806446
0.811874
0.802318
0.79921
0.803975
0.800389
0.794832
0.900499
0.803072
0.905462
0.802985
0.884556
0.802715
0.798576
0.803824
0.90075
0.898181
0.831335
0.902822
0.77537
0.764505
0.779677
0.711308
0.826585
0.811017
0.802257
0.803115
0.8075
0.799875
0.80606
0.836393
0.880282
0.865972
0.860694
0.905275
0.897175
0.862815
0.801949
0.901002
0.80364
0.894921
0.811255
0.789528
0.899937
0.9
0.90168
0.854655
0.824326
0.85076
0.902396
0.904972
0.902911
0.92375
0.9
0.850907
0.9
0.867263
0.900841
0.9
0.90546
0.9
0.901434
0.9
0.837026
0.822734
0.900957
0.905565
0.831309
0.900829
0.794206
0.804025
0.901099
0.800767
0.896126
0.896734
0.797685
0.795567
0.9
0.843648
0.843627
0.90283
0.801932
0.8
0.903557
0.925861
0.900174
0.901951
0.901155
0.898472
0.902963
0.808087
0.902795
0.805212
0.797057
0.9
0.832727
0.902254
1
0.804636
0.826979
0.80437
0.896617
0.882542
0.901538
0.809316
0.9
0.806388
0.813143
0.9
0.844495
0.804056
0.902445
0.894589
0.891396
0.899565
0.906841
0.9
0.901535
0.906287
0.871468
0.9
0.899519
0.90055
0.887825
0.9
0.9
0.9
0.888102
0.905047
0.90159
0.903209
0.902317
0.898541
0.901339
0.902517
0.90187
0.886777
0.877956
0.902997
0.9
0.900144
0.902002
0.902676
0.903246
0.926228
0.902473
0.901157
0.900237
0.822615
0.921177
0.903994
0.900524
0.900044
0.876107
0.905001
0.903873
0.897095
0.900009
0.904306
0.904417
0.857809
0.859719
0.807435
0.902
0.903689
0.900064
0.802119
0.800754
0.831681
0.90766
0.899
0.821854
0.918328
0.853481
1
0.903143
0.802788
0.808885
0.895752
0.845324
0.904112
0.900163
0.820694
0.816464
0.842994
0.803064
0.825093
0.801957
0.903843
0.8
0.801993
0.822885
0.902608
0.895093
0.89275
0.801462
0.9
0.802674
0.860874
0.825607
0.86663
0.805033
0.901419
0.901259
0.9
0.167788
0.0876782
0.0465624
0.0949489
0.093925
0.135369
0.075825
0.0455844
0.0879951
0.17148
0.0892269
0.080708
0.0895613
0.0884432
0.177551
0.250623
0.115349
0.0870386
0.171904
0.102935
0.0953477
0.0969684
0.0862113
0.150073
0.0977464
0.316674
0.0983783
0.0993768
0.079727
0.1
9.99167e-11
0.0159588
0.0936993
0.806921
0.699956
0.301026
0.0984609
0.296666
9.88315e-11
0.165999
0.156431
0.170665
0.182191
0.102417
0.0861062
0.18669
0.566996
0.175757
0.176763
0.171259
0.105089
0.257312
0.18769
0.545887
0.1
0.0010123
0.89984
0.897147
0.90308
0.892387
0.8883
0.9
0.902779
0.721163
0.898001
0.627804
0.732672
0.712211
0.878416
0.671847
0.752662
0.804872
0.73351
0.900579
0.69441
0.819871
0.784253
0.825171
0.702385
0.722995
0.823629
0.804229
0.800792
0.818596
0.850545
0.804713
0.801808
0.817557
0.807501
0.81466
0.798748
0.761348
0.741994
0.900212
0.809551
0.829255
0.81785
0.805713
0.84646
0.9
0.800216
0.773596
0.895644
0.819882
0.901171
0.895645
0.901471
0.81362
0.806348
0.734668
0.873286
0.82961
0.738295
0.719874
0.733732
0.795675
0.733337
0.803192
0.823695
0.817133
0.809425
0.816436
0.715816
0.810917
0.793565
0.793041
0.748396
0.716412
0.698081
0.543833
0.601009
0.333837
0.402832
0.580009
0.656828
0.268354
0.500986
0.810329
0.74277
0.711808
0.797922
0.67487
0.648814
0.758414
0.770052
0.69472
0.64825
0.724288
0.834114
0.129472
0.794083
0.653593
0.369086
0.728574
0.59179
0.513423
0.431528
0.621804
0.598592
0.800704
0.711902
0.735688
0.750328
0.689193
0.681808
0.75694
0.813196
0.744968
0.627503
0.654395
0.589962
0.712495
0.745207
0.597418
0.500261
0.524128
0.732795
0.762114
0.801804
0.747219
0.803728
0.590756
0.82264
0.731768
0.792012
0.808555
0.8005
0.756388
0.799161
0.674466
0.418882
0.461584
0.303248
0.820388
0.796428
0.222978
0.273036
0.216143
0.636799
0.34891
0.455809
0.605098
0.277205
0.46265
0.405095
0.390704
0.27983
0.505284
0.504307
0.507434
0.260243
0.103002
0.567655
0.144201
0.72555
0.431558
0.74277
0.454337
0.468982
0.295775
0.257282
0.293013
0.196834
0.282301
0.0867704
0.267208
0.258206
0.695976
0.646152
0.321189
0.610279
0.599965
0.550038
0.706707
0.811654
0.202411
0.0994598
0.203901
0.129075
0.0850285
0.1171
9.57928e-11
0.0851014
0.190732
0.177095
0.106589
0.043314
0.208243
0.1176
0.292484
0.170687
0.0900819
0.193173
0.110524
0.10883
0.360346
0.196535
0.188206
0.223069
0.28338
0.303577
0.198653
0.279553
0.193736
0.206488
0.196901
0.265983
0.189992
0.20219
0.267701
0.118172
0.298505
0.349417
0.336133
0.341802
0.280545
0.290018
0.343587
0.294099
0.239005
0.274599
0.239141
0.366312
0.336794
0.187644
0.350795
0.366062
0.0123561
0.0297276
0.128327
0.329762
0.0589921
0.133016
0.146176
0.209513
0.168008
0.288492
0.2661
0.0979045
0.161363
0.19123
0.174259
0.171407
0.0460019
0.444722
0.289974
0.122905
0.27844
0.402472
0.358022
0.307001
0.374898
0.382073
0.288568
0.182501
0.290681
0.24831
0.21349
0.287303
0.334895
0.285398
0.156776
0.18791
0.227655
0.273673
0.520984
0.586979
0.462362
0.550039
0.232867
0.30314
0.0933585
0.0937172
0.182941
0.223795
0.267144
0.310172
0.295294
0.30355
0.902989
0.900146
0.903469
0.904526
1.07982e-10
0.0268201
0.518444
0.514046
0.54716
0.509222
0.516486
0.553172
0.638001
1.01845e-10
9.97084e-11
9.89096e-11
1.07602e-10
0.0904482
0.0229425
0.0162612
0.944265
0.995387
0.977618
1.05144e-10
1.0308e-10
1.07247e-10
0.801726
0.878473
0.767533
0.722222
0.900518
0.901758
0.905979
0.872093
0.900082
0.902557
0.901981
0.905397
0.896685
0.913307
0.870832
0.902328
0.900475
0.923358
0.732853
0.893299
0.825491
0.612126
0.924142
0.89949
0.9
0.900377
0.904435
0.900766
0.909636
0.897668
0.746124
0.740989
0.708721
0.73728
0.941322
0.901873
0.896257
0.89597
9.7567e-11
1.11629e-10
9.98095e-11
1.11992e-10
0.000574354
0.762833
