0.0030634
0.000983749
0.0551231
1.05516e-10
0.191025
0.000364895
0.0988112
0.770684
9.90454e-11
0.0994543
0.303199
1.06278e-10
0.093297
0.413894
9.93344e-11
0.0221413
0.00604822
0.394984
1e-10
8.96763e-11
0.0112059
0.789244
0.0601477
1.05576e-10
0.1
9.7213e-11
0.356575
9.7098e-11
9.24542e-11
1.00768e-10
1.01345e-10
9.8891e-11
0.42063
0.574938
0.0536695
0.041498
0.648098
0.133706
0.130691
0.0362078
0.0566609
0.0778217
1.02945e-10
1.03503e-10
1.10796e-10
0.18785
9.46582e-11
1.75034e-10
0.237065
1.36446e-10
0.016205
0.105499
9.61203e-11
0.010141
0.0754326
0.2781
0.159469
1.03482e-10
1.22342e-10
0.0389828
0.10076
0.00458063
0.0216828
0.144781
0.0675504
0.0488284
0.00260446
0.0703017
0.0102891
0.0205629
0.050676
9.60717e-11
9.34368e-11
1.06888e-10
0.97576
1.00162e-10
0.00397332
9.971e-11
1.02528e-10
0.275097
0.1
1.01585e-10
1.06689e-10
0.0711241
0.000688454
9.43302e-11
9.70407e-11
0.0893152
0.00360471
0.0169126
9.31592e-11
0.165681
9.99893e-11
1.0078e-10
0.000377863
0.00101584
0.0565775
1.00509e-10
1.0295e-10
0.245378
0.0678189
9.8424e-11
0.393816
0.00911815
0.771379
0.741281
1.0853e-10
0.0130034
0.305863
0.131705
9.67463e-11
9.68665e-11
0.077674
0.0947942
1.01359e-10
1.072e-10
1.01196e-10
0.0282825
9.96728e-11
9.58681e-11
0.0972084
0.00133262
0.186658
0.0258112
0.302923
0.579184
0.048855
0.277597
0.113042
1.03076e-10
0.0350269
0.957181
0.924271
1.05283e-10
0.440713
1.01344e-10
0.132799
0.0532613
0.0980023
0.0647725
9.98077e-11
0.0130828
0.1628
9.7396e-11
9.96933e-11
1.33011e-10
9.9909e-11
0.0847007
0.156088
1.06449e-10
1.14059e-10
1.07609e-10
0.0365049
1.01275e-10
0.0662709
1.05962e-10
0.0271669
9.50297e-11
0.081391
1.00846e-10
0.312669
9.79409e-11
1e-10
9.60046e-11
0.124365
0.0639279
1.04512e-10
1.04948e-10
1.00183e-10
0.0209837
0.039066
9.92784e-11
1.00162e-10
0.185926
1.00252e-10
0.0685911
1.0753e-10
1.00682e-10
0.573166
9.94817e-11
1.01305e-10
1.24378e-10
0.0890518
0.079672
1.04285e-10
1.0506e-10
9.48603e-11
1.02814e-10
1.04781e-10
1.56043e-10
1.03319e-10
1.66429e-10
1.01809e-10
0.0235991
1.00798e-10
9.9105e-11
1.03361e-10
0.0635891
1.01314e-10
0.636541
0.0543635
0.557219
0.0993675
0.016104
1.05925e-10
1e-10
0.131095
0.31019
0.995005
9.67029e-11
0.517754
0.00944626
0.392724
0.445941
0.269225
9.4992e-11
0.000758363
0.0272755
0.00358305
0.029609
0.129508
0.667223
0.347399
0.28714
1.00579e-10
9.83881e-11
1.09471e-10
1.01135e-10
1.0351e-10
9.43665e-11
1e-10
1.00144e-10
0.0935715
1.00615e-10
1.01375e-10
0.0810757
0.211227
0.287289
0.0932769
0.000701837
1.1364e-10
0.00310008
0.152384
0.0832476
1.26027e-10
0.0724454
0.724974
0.423333
0.491811
0.148315
0.257276
0.0889523
0.340452
9.5664e-11
0.0512759
0.286904
0.616773
1.03237e-10
0.233398
2.14266e-10
0.0616911
9.71372e-11
1.02198e-10
1.00595e-10
0.100226
9.75768e-11
0.0122614
0.00279391
0.0105433
0.110672
1.01571e-10
0.0511543
0.302193
0.114138
1.017e-10
0.21659
0.336758
1.07408e-10
0.511062
9.82758e-11
1.1333e-10
0.0432201
0.621116
0.063915
1.19447e-10
0.153175
0.203315
7.67641e-11
0.0368275
1.1397e-10
0.123439
0.670919
9.97587e-11
0.0641342
0.871939
0.0748912
8.98112e-11
0.0563401
1.03077e-10
0.0221155
0.109389
9.96787e-11
0.29413
0.234916
0.000546713
0.010311
0.0797083
0.0421453
0.000268942
0.226972
0.0738892
0.088232
0.0125
0.0912106
0.242818
0.0255643
0.0879253
0.94668
9.78442e-11
9.08817e-11
0.0118492
0.0898222
0.103803
0.621549
1.021e-10
9.92721e-11
0.086625
0.0949056
0.0212468
0.045509
0.158979
0.546931
1.01671e-10
0.0646078
1.01839e-10
0.030487
0.421114
1.05576e-10
9.79908e-11
9.89976e-11
0.96146
0.0993136
0.303835
0.646998
0.431335
9.62915e-11
0.215281
0.212033
0.589338
0.00100316
0.086557
0.364505
9.85544e-11
0.00417301
0.00333704
1.02484e-10
9.51357e-11
0.221266
0.254711
9.5202e-11
1.11047e-10
0.292538
0.0968474
0.316282
0.238423
1.03318e-10
1.01434e-10
9.68939e-11
0.0659469
0.00103917
1.43979e-05
9.6664e-11
0.262179
0.0122403
9.89334e-11
0.804053
9.47554e-11
0.116332
1.00109e-10
0.173323
0.234749
9.919e-11
9.96716e-11
0.236846
0.289403
1.04064e-10
0.1
1.00991e-10
9.97344e-11
0.240676
9.95242e-11
0.299278
1.05862e-10
1.06795e-10
0.334605
0.228955
0.0264282
0.108396
0.759178
0.860622
0.0481219
0.251204
1.03179e-10
0.047093
0.042888
0.0406428
9.3668e-11
9.74964e-11
1.0262e-10
1.1443e-10
0.0312422
0.00678643
0.0487153
0.380416
0.0535716
0.143454
0.18932
0.0937216
0.36352
0.991852
1.03445e-10
0.0333876
0.366834
0.00239744
9.92977e-11
0.00997535
9.97134e-11
0.434602
0.298844
1.74104e-05
9.83076e-11
9.98501e-11
9.15974e-11
0.02032
0.0595433
0.0682058
0.0294925
8.93223e-11
0.071997
1.01761e-10
1.15143e-10
1.11856e-10
0.0825706
0.000368968
9.40479e-11
1.07057e-10
0.00216698
9.83212e-11
1.03183e-10
0.128792
0.124513
9.91803e-11
0.0076436
0.00859915
0.0152995
1.08884e-10
9.6354e-11
1.118e-10
1.00301e-10
9.59441e-11
9.89524e-11
0.000311174
1.08039e-10
1.04414e-10
0.0566965
8.86711e-11
9.48592e-11
9.56566e-11
9.37821e-11
9.68296e-11
9.11928e-11
0.0886852
0.0052737
1.01764e-10
9.58732e-11
0.000706166
0.0333939
1.02923e-10
0.0181472
1.14158e-10
9.06672e-11
0.246657
0.0117919
9.66381e-11
1.00372e-10
9.32633e-11
0.00644149
0.000301938
9.88503e-11
1.43984e-10
0.0168781
0.000207345
0.000980591
0.0195327
1.02258e-10
1.00404e-10
1.00586e-10
9.95876e-11
9.93274e-11
9.93183e-11
0.00721332
0.000634688
9.84122e-11
9.58054e-11
0.08101
9.27817e-11
0.00933711
3.32405e-05
0.00117735
9.65539e-11
9.60406e-11
1.05404e-10
0.0065966
9.1364e-11
1.07501e-10
0.000167305
9.0549e-11
0.00647872
0.076259
9.20483e-11
0.0264857
0.0102752
9.57377e-11
0.000730464
0.000169605
9.69124e-11
1.01382e-10
6.88324e-06
0.067949
0.00125622
0.0677701
0.00374448
9.37458e-11
0.0315771
9.03778e-11
0.0791883
9.62678e-11
9.74847e-11
9.23763e-11
0.0754941
0.277409
9.39985e-11
0.000657995
9.30519e-11
1.00282e-10
0.00795934
1.02023e-10
9.19654e-11
1.02332e-10
0.105831
9.08304e-11
9.71744e-11
9.22386e-11
9.89523e-11
6.01005e-05
0.00307533
9.21126e-11
9.27663e-11
9.84905e-11
0.307244
9.58362e-11
0.0423403
0.00197446
9.77919e-11
9.88896e-11
0.408044
9.71227e-11
0.0185902
9.21258e-11
9.28315e-11
1.05552e-10
9.3871e-11
1.03128e-10
0.96753
3.93304e-05
9.88992e-11
1.06261e-10
9.75633e-11
7.74113e-05
1.03655e-10
9.32939e-11
9.77426e-11
9.72588e-11
9.52389e-11
9.98303e-11
0.0487656
0.000434065
0.00667234
9.99069e-11
0.738034
9.66605e-11
9.98843e-11
0.00257992
0.00311206
0.26842
0.0100411
6.88744e-06
1.01427e-10
9.99539e-11
9.95212e-11
1.00073e-10
1e-10
9.31893e-11
0.813853
0.0121184
9.44688e-11
3.1302e-05
0.0215298
3.1849e-05
9.9446e-11
1e-10
9.98648e-11
1e-10
0.933697
0.964708
1.11584e-10
1.02711e-10
0.00532819
0.00787815
0.00562974
9.95798e-11
1.00673e-10
0.0129311
1.53592e-10
0.037309
0.000419983
1.03117e-10
1.1862e-05
0.0739881
9.95147e-11
9.98292e-11
1.00927e-10
1.00257e-10
1.3564e-10
9.96392e-11
0.00093335
9.46872e-11
0.0577972
0.324284
9.91857e-11
1e-10
0.00408818
6.86392e-05
9.97001e-11
9.98579e-11
1.00377e-10
0.000191215
1e-10
9.98836e-11
0.00148238
1.11914e-10
1.00872e-10
9.99963e-11
0.0205718
0.000803245
0.0167347
0.00225704
9.54604e-11
9.68956e-11
0.0221011
9.89803e-11
9.87262e-11
0.0602057
1.0014e-10
1.09935e-10
0.459511
9.4656e-11
9.98755e-11
1.0018e-10
9.50041e-11
0.00295644
9.90837e-11
0.00109909
1.00293e-10
0.00507432
0.0114761
9.95235e-11
0.0189013
0.00398693
0.000669229
0.0075433
1.00242e-10
0.00332894
0.0149034
0.0142525
0.00165461
0.186441
0.00398679
0.990817
0.0446176
1.02903e-10
0.003917
1e-10
0.197034
9.69413e-11
0.00301355
0.0160905
1.0264e-10
0.0483337
9.56243e-11
9.78762e-11
0.0718564
0.0046187
0.0150084
9.84176e-11
0.0032688
0.0588924
0.00917575
0.00705527
1e-10
0.019963
0.00933233
9.96319e-11
0.0159761
0.0627669
0.0449495
0.0402652
1.0514e-10
9.40848e-11
0.0726937
0.000361578
0.00042662
9.41062e-11
0.0684364
0.272179
0.023889
0.0565082
0.0823583
0.088241
0.057082
9.61181e-11
9.23493e-05
0.0334296
0.184793
9.77178e-11
1.00659e-10
1.05317e-10
0.0133095
9.6802e-11
0.00307998
9.70278e-11
0.00820803
9.70391e-11
9.90349e-11
9.69439e-11
8.65001e-05
1.07214e-10
0.010087
1.14407e-10
0.0594521
0.0175231
0.0864509
1.05801e-10
0.0182094
9.5688e-11
0.17611
1.03509e-10
1.01479e-10
1.12415e-10
0.0357014
0.00247353
0.110619
1.01425e-10
0.212682
0.0744748
0.0635043
0.703909
0.0856775
0.294303
0.032581
1.13624e-10
0.269083
0.119136
1.04441e-10
1.03945e-10
0.0120323
0.0272956
0.688058
0.0584559
0.128916
0.00556239
0.0570895
0.876101
0.227747
0.295545
1e-10
0.0619307
1e-10
9.95988e-11
1.02223e-10
1e-10
0.00107635
0.00870849
1e-10
0.011782
0.00870809
0.0451943
1e-10
0.000187557
0.000920491
0.0662454
0.0431816
0.0169534
0.340577
0.000588142
0.000106927
9.99414e-11
1.00917e-10
0.0158565
0.0144228
0.236711
1.00677e-10
9.8558e-11
0.00030005
0.0141639
0.0147644
0.000942022
0.00721822
9.7297e-11
0.530101
1.07401e-10
0.349151
0.0128108
0.0436292
9.99869e-11
0.0856958
0.138773
0.00452421
9.82504e-11
9.83151e-11
0.0919613
0.0841803
0.0552619
9.63903e-11
9.72169e-11
0.152914
0.068486
9.8455e-11
0.0803028
0.0920897
0.145543
1.02292e-10
0.14501
0.181412
0.915142
0.0475691
0.00246598
0.00047315
0.0318606
0.0888516
0.0793621
0.0140095
0.0835092
0.100568
0.0740944
0.245075
0.391051
0.0313453
0.166668
0.220365
0.188777
0.0608923
0.277804
0.0722482
0.269694
0.283678
0.113108
0.097831
0.250921
0.0253121
0.285297
0.0782914
0.245695
0.0950798
1.10109e-10
0.0138729
0.0786794
0.265282
0.167156
0.27521
0.91638
0.205415
0.672472
0.0495976
1.00442e-10
0.0553195
1.01384e-10
9.17636e-11
0.0348674
0.00131827
9.3015e-11
9.63508e-11
1e-10
9.91894e-11
0.179049
0.0818537
9.79934e-11
0.385289
0.116058
0.226662
0.255619
0.0551701
0.504489
0.317063
0.586765
0.0426418
0.196428
0.266495
0.147408
0.368861
0.263978
0.260549
0.0350337
0.196113
0.479946
0.0776746
0.212885
0.309847
0.070923
0.133212
0.0380567
0.149226
0.0483706
0.218094
0.247063
0.443064
0.627346
0.0350625
0.0496244
0.12904
0.680205
0.622602
0.0881106
0.308822
0.772092
0.0935339
0.811322
0.0886744
0.0404434
0.578547
0.0562606
0.812771
0.11762
0.113222
0.0650754
0.855709
0.0210915
0.00988986
0.717014
0.0232759
1e-10
9.42727e-11
0.0150196
0.0286264
0.115128
0.309815
0.879143
0.0373296
0.962597
0.67631
0.701067
1.03818e-10
0.0652187
0.0805304
0.0073043
0.328769
0.0186051
0.0921228
0.108719
0.0122939
0.331125
0.228882
0.00535642
0.565688
0.0888729
0.0785249
0.0138625
0.012788
0.0660062
9.68889e-11
0.131764
0.332713
0.182094
0.507211
0.00524104
9.61347e-11
1.0757e-10
0.15733
0.131373
0.61429
0.216775
0.162136
0.149597
0.0490863
0.00405966
0.0924987
0.0998019
0.000721186
0.00142934
0.00734163
1.29002e-10
0.56826
0.171241
0.159031
0.0109656
0.00230616
0.231762
0.14723
0.113896
0.261026
0.101556
0.130855
1.0511e-10
0.0403953
0.0372143
0.611765
0.600947
0.0588837
9.94847e-11
4.80233e-07
9.75139e-11
0.0106613
0.0767204
0.0135045
9.80617e-11
0.435091
0.995186
0.0479967
9.98116e-11
0.0449026
9.94095e-11
0.907168
0.47572
1.00884e-10
0.0236888
9.88302e-11
0.771015
0.0265082
0.0203383
0.00331575
0.0152907
0.00811774
0.0787607
0.28312
1e-10
0.000765142
9.89252e-11
9.66145e-11
0.00298054
0.283512
0.0186136
0.0651104
0.0577533
0.693814
0.0760722
0.983084
0.0565988
1.00186e-10
0.154777
0.276735
0.169669
1e-10
0.963962
0.180037
0.00719415
0.500664
0.427076
0.065786
0.0697272
1.66509e-10
0.0959353
0.00104097
0.178706
0.7305
0.0859041
0.0879604
0.199258
0.0330989
0.0178041
1.00628e-10
1.01459e-10
0.059333
0.0879564
0.246714
0.0602131
0.119572
0.0660872
1.12426e-10
0.0114653
0.0442304
0.156873
0.122657
1.03096e-10
0.0902195
0.175831
0.140298
0.207369
0.358284
0.364557
0.312331
0.445978
0.377631
0.389811
0.149147
1.01514e-10
1.12796e-10
0.085899
0.0116414
0.0323702
0.0628822
0.094786
0.344841
0.063569
0.149062
0.112391
0.0927181
0.167237
0.210518
0.0299676
0.244095
0.396989
0.18559
0.269137
0.147448
0.135456
0.265673
0.176233
0.243104
0.170437
0.158686
0.070584
0.294594
0.40824
0.358283
0.0995348
0.213304
0.534899
0.188047
0.555285
0.180736
0.0861618
0.122435
0.0350927
0.0778689
0.0177232
0.0606794
0.0203964
0.0120529
0.0308466
0.0718079
0.0454214
0.110266
1.00219e-10
1.06969e-10
1.01153e-10
1.23806e-10
0.0857739
0.0633891
0.0803815
0.13222
0.10163
0.0772633
0.176329
0.270865
0.0792215
0.285482
0.237588
0.185693
1.00742e-10
0.21047
0.114053
0.0853554
0.169048
0.105952
0.0959583
0.102128
0.000446016
0.196192
0.0352489
0.153504
0.24876
0.217237
0.173754
0.0924153
0.0674307
0.0885673
0.0602324
0.207618
0.0985853
0.0453121
0.0490205
0.210736
0.325393
0.100154
0.0219809
0.0959919
0.167046
0.179681
0.0961404
0.134963
1.02043e-10
0.161924
0.127703
0.0881468
0.086787
1
0.00871401
0.00440448
0.997645
0.00144661
0.983366
0.0706014
0.451106
9.99316e-11
0.00942743
9.52431e-11
1e-10
0.161513
1.00049e-10
0.256838
0.240322
0.248678
0.882544
0.126144
0.213725
0.000175122
0.0193622
1.13756e-10
0.000835101
0.199285
0.092713
9.05991e-11
0.0010616
0.00915068
7.7478e-05
1.11425e-10
0.0454268
1e-10
0.0215041
0.00202871
5.21313e-05
0.223292
0.737951
9.63528e-11
0.0046582
0.0654544
0.00113467
0.0899507
0.0269913
0.00825274
0.00187853
0.0771042
1.04659e-10
0.278709
0.0194653
0.000215347
0.0395673
1.01617e-10
0.00696229
9.87043e-11
1.12979e-10
9.97291e-11
1.06471e-10
1.10203e-10
0.000885622
9.67543e-11
1.01333e-10
1.09406e-10
0.00598987
1.0427e-10
9.9957e-11
0.0178892
0.000113795
0.000112196
0.0479433
0.0941334
0.0858376
1.00836e-10
0.0157129
0.000307634
0.111657
1.0052e-10
1.05914e-10
0.0198596
1.00836e-10
0.000399936
0.100078
9.64404e-11
1.01335e-10
0.00948166
1.00876e-10
1.02656e-10
0.00322846
0.00143715
9.60157e-11
0.00333976
9.95191e-11
9.84431e-11
9.97287e-11
0.105936
0.0198499
1.29425e-10
1.02132e-10
0.000433759
1.04671e-10
9.97137e-11
9.86114e-11
9.31371e-11
1.01583e-10
0.00856161
1.05116e-10
0.0020557
0.00240054
1.04429e-10
1.02964e-10
9.43574e-11
9.76295e-11
1.17759e-10
1.01711e-10
0.161041
1.00167e-10
0.000596428
1.00198e-10
1.18413e-10
1.01143e-10
1.0337e-10
1.03909e-10
9.83594e-11
0.684442
9.95409e-11
0.0734507
0.186718
0.76934
0.0949668
0.178385
0.108979
0.220786
0.575929
0.317958
0.272685
0.168094
0.23089
0.204144
0.463794
0.224941
0.133775
0.321004
0.182559
0.323335
0.223253
0.0432558
0.0270187
0.16437
0.0898193
0.129975
0.0899323
0.0802792
0.196405
0.102512
0.0976976
9.62846e-11
0.0291933
0.0172867
0.177033
0.0884036
0.0345351
0.174518
0.114541
0.228401
0.0759995
0.400785
0.233908
0.0549087
1.09155e-10
0.0915444
9.99597e-11
1.0457e-10
1.0184e-10
0.00350245
0.00718076
0.00526442
9.98894e-11
0.00544508
1.02384e-10
0.0123682
1.0226e-10
0.00487733
1.00003e-10
1.01609e-10
0.00582704
1.05231e-10
1.04878e-10
9.83163e-11
1.02635e-10
1.01148e-10
0.498249
0.209661
0.0729648
0.186321
0.0792022
0.103153
0.529293
0.277538
0.0880916
0.664779
0.0589439
0.175145
1.04105e-10
0.0117975
9.87498e-11
1.14354e-10
0.0314599
9.81949e-11
0.000320967
0.00121491
0.00102445
1e-10
9.80406e-11
0.000461676
9.78147e-11
9.99109e-11
1.06706e-10
0.0284073
9.97105e-11
0.0259842
1e-10
9.86975e-11
0.0711599
0.073499
1e-10
1.00382e-10
1.0256e-10
0.000129171
1e-10
0.00451709
0.00154652
3.51214e-05
1.00105e-10
1e-10
0.0227237
0.0363038
9.99377e-11
0.0250554
0.00101665
9.98413e-11
0.00781864
0.000535471
0.0154583
9.79456e-11
9.88995e-11
0.000238608
1.04421e-10
9.98879e-11
9.91217e-11
9.64075e-11
0.0245778
1.01972e-10
9.76586e-11
0.0184761
1.00072e-10
1.0054e-10
9.91714e-11
1.00423e-10
1.07443e-10
0.030432
1.0524e-10
0.181062
0.0948049
0.0861261
0.112376
0.0807796
0.0160608
1.06501e-10
0.224469
1.03613e-10
0.0589523
0.0483869
0.0643785
0.0958673
0.0871541
0.0812394
9.74943e-11
0.00328581
0.0772607
0.0830453
0.0854583
0.0902565
0.0502347
0.0522992
1.03567e-10
0.0836891
0.0714801
0.1
0.331906
0.0514466
0.000417347
9.80425e-11
9.80058e-11
9.65748e-11
9.5335e-11
9.68279e-11
0.0688838
9.79122e-11
0.0502045
0.0745834
0.0808188
0.0726293
0.0114282
9.75879e-11
0.0672759
0.0141372
0.187912
9.89651e-11
9.79577e-11
0.0801859
0.0936672
1.01719e-10
0.0509485
1.06032e-10
1.02606e-10
1.03461e-10
1.02307e-10
1.00035e-10
0.000900737
1.02036e-10
1.018e-10
1.01126e-10
1.00316e-10
0.0997938
0.269536
0.500784
0.582371
0.705235
0.779982
0.200018
0.0174205
0.0251396
0.0788689
0.787095
0.325282
0.0072568
0.0660164
0.091002
0.0712718
1.34503e-10
0.000866809
0.12257
0.0806363
0.0139046
0.209164
0.0297884
0.100376
0.0374153
0.323421
0.00148824
0.0696653
0.137918
0.4
0.4
0.115845
0.144329
0.0668299
0.280112
0.0894386
1.14567e-10
9.96713e-11
0.000128999
9.94752e-11
9.84719e-11
1e-10
9.89178e-11
0.00160219
9.92807e-11
9.92391e-11
1e-10
9.57136e-11
9.83502e-11
1.01208e-10
9.75391e-11
1.04476e-10
9.93839e-11
9.93757e-11
0.0511486
0.0829117
0.178461
0.0539263
0.123848
9.87461e-11
9.66759e-11
0.0434896
0.00213255
0.0810055
0.0593493
0.0975264
0.0916914
0.0784385
0.0797874
0.140942
0.0061869
9.59826e-11
9.68039e-11
0.0879537
0.00027415
0.0719611
0.0714349
0.0576973
0.0546218
0.158971
0.00304793
9.65193e-11
0.157145
0.0878813
0.0236336
0.00285812
0.0607403
0.0924296
1.02209e-10
0.0639352
0.0935557
9.90224e-11
0.0666829
0.221496
0.196525
0.082594
0.0981176
0.135828
0.014844
0.105647
0.112525
0.081462
0.0368072
0.178724
9.81666e-11
0.0263071
9.77329e-11
9.71089e-11
0.229024
9.87236e-11
0.0796032
0.0947517
9.82418e-11
0.190256
0.0214923
0.214889
0.211054
9.81855e-11
0.111914
0.0874595
0.12591
0.151264
9.70641e-11
0.182736
0.233704
0.183685
0.0484161
0.162682
9.65297e-11
0.0799226
0.0486883
0.000466731
0.149298
0.247174
0.338966
0.221181
0.230386
0.355932
0.253412
0.228186
0.26993
0.0822773
0.247219
0.151165
0.128278
0.355666
0.0596616
0.118105
0.196613
0.221828
0.188182
0.0920264
0.19744
0.0881465
0.209173
0.104026
0.103346
0.229427
0.0928496
0.207559
0.20472
0.217875
0.229807
0.21009
9.70221e-11
0.307347
0.0700206
0.570785
0.472608
0.256731
0.0414048
0.043743
9.78568e-11
9.55186e-11
0.0722854
9.63731e-11
0.27994
0.037931
0.226078
0.0560337
0.0852127
0.46558
0.360365
0.141218
0.719044
0.40611
0.283395
0.180026
0.180498
0.214525
0.258046
0.0595504
0.0810688
0.20848
0.103768
0.0298794
0.0411812
0.0619785
1.01921e-10
0.000212665
0.0658141
0.145326
0.00847849
0.0328305
0.0467868
0.0823414
0.202949
0.251675
0.00902929
0.0219058
0.0909103
0.0879337
0.172105
0.168364
0.0319088
0.129774
0.0472874
0.154981
0.0451837
0.0776076
0.0163527
0.418013
0.118849
0.0855244
0.0350966
0.148014
0.0455629
0.139473
1.02169e-10
0.15853
0.0259344
0.0372458
0.0139805
9.86379e-11
1.017e-10
0.100531
0.0307991
9.87278e-11
0.029727
0.243453
1.00568e-10
0.156223
0.219397
0.0481013
0.111359
0.0913504
0.0860114
0.197806
0.378091
0.241137
0.315295
0.304884
0.154826
0.216475
0.308354
0.179173
0.0730271
0.151127
0.342728
0.388157
0.144
0.254533
0.45826
0.431795
0.25096
0.308781
0.282973
0.309938
0.267545
0.358987
0.141003
0.181307
0.2757
0.366153
0.152499
0.266645
0.304169
0.29438
0.0692409
0.0880921
0.241045
0.544212
0.0464592
0.0683087
9.44121e-11
9.99384e-11
0.00350722
0.0904534
0.146265
0.192889
0.0555717
9.74827e-11
0.0271107
0.0465201
9.93377e-11
0.0105857
0.0900413
0.0807842
0.0760812
0.0210665
0.0268873
0.134832
0.0500004
0.779435
0.0125836
0.256432
0.93642
0.214424
0.0228423
0.772689
0.0833962
0.165847
0.0925817
0.0966306
0.00142984
0.0808032
0.0376154
0.043773
0.00821453
9.89999e-11
0.0220197
0.432612
0.167581
9.98909e-11
0.788223
0.514919
0.0338464
0.192722
1.00933e-10
0.0650551
0.218168
0.136159
0.156928
0.0925835
0.0938577
0.27009
0.649875
0.60277
1.02677e-10
0.2426
0.458928
0.490478
0.25846
0.295519
0.287612
0.258831
0.177299
0.252579
1.04084e-10
0.279499
9.99683e-11
0.10009
0.047481
0.000964292
9.79868e-11
0.169021
0.0933634
1.00021e-10
9.66055e-11
9.72166e-11
0.0880792
0.0944871
0.0618879
0.461325
0.35162
0.0456087
0.0692314
0.0294216
0.00203012
0.00808224
0.15364
0.181557
0.0578319
9.80801e-11
0.283758
0.52065
0.407037
0.0741236
0.0894983
0.223176
0.0296451
0.0668719
0.0609677
0.0623016
0.0897227
0.170892
0.108467
0.268727
0.111752
0.246693
0.188249
0.24621
0.219062
0.147723
0.0548909
0.167569
0.106394
0.0377999
0.0994713
0.359525
0.0976218
0.253394
0.0383656
0.00101564
9.99546e-11
1.05492e-10
9.91924e-11
9.83248e-11
0.00107743
9.60687e-11
0.185943
0.0826494
0.178031
0.484691
0.00437015
0.0937993
9.98884e-11
1.00312e-10
0.00028358
9.45374e-11
0.000602952
1.01714e-10
0.00418432
0.0282511
0.0228956
9.91751e-11
0.0117975
0.0310427
0.0618161
0.020786
0.0283154
9.9914e-11
0.00116314
0.0306883
0.0130699
0.0130103
0.0120699
0.0373206
0.0530151
0.00784544
0.513084
0.177973
0.16525
0.241152
0.403657
0.299405
0.401797
0.427805
0.115879
0.207816
0.449954
0.08279
0.0970705
0.0217489
0.00691573
0.0973761
0.00302347
0.0740452
0.0847715
1.02709e-10
0.0607129
0.411849
0.284166
0.304471
0.345472
0.279926
0.351919
0.12372
0.201202
9.86357e-11
0.0924184
0.0606948
0.0699384
0.0856578
9.62721e-11
9.47587e-11
0.0693861
9.76095e-11
0.163329
0.0828968
0.0832375
0.0526006
0.0852325
0.120171
0.179065
0.0210888
0.0810633
0.0266393
9.96831e-11
9.66777e-11
0.0901736
0.0648076
0.262302
0.0507268
0.142188
0.0520091
0.0493307
0.00749603
0.157088
0.0751862
0.252968
1.05937e-10
0.00141445
1.03966e-10
1.04281e-10
1.00768e-10
0.00942938
9.90034e-11
1.01016e-10
0.00429584
9.97534e-11
1.0343e-10
2.12429e-10
1.09572e-10
0.0054531
1.0635e-10
0.120583
0.224398
9.92116e-11
9.95012e-11
0.0784906
9.87187e-11
9.59609e-11
0.0225158
9.98023e-11
1.01329e-10
0.0168618
0.00296743
0.0772174
0.0720636
0.0101724
0.0713138
0.00317564
0.0459043
0.270333
0.259644
0.383197
0.287147
0.43501
1.00118e-10
0.506095
0.360863
0.388559
0.441956
0.375735
0.0693398
0.214824
0.296857
0.329316
0.324559
0.235044
0.390762
0.428774
9.92128e-11
0.320893
0.173832
0.179148
0.166221
0.103031
0.16451
0.196649
0.0531648
0.0435513
9.73089e-11
0.156407
0.283105
9.97726e-11
0.0205798
0.0930842
0.0786635
0.169069
0.0846461
0.149758
0.0828361
0.113527
9.85847e-11
9.75727e-11
9.72634e-11
0.126175
0.0761606
0.0521065
0.0876645
0.073485
9.55045e-11
0.0930865
0.0808236
0.121723
0.348259
0.098616
0.340621
9.98753e-11
0.385986
0.0802379
0.00062862
0.145599
0.174204
0.101575
0.27516
0.180402
0.133806
0.110312
0.308586
0.0896152
0.151234
1.03121e-10
0.0701863
0.1
9.71191e-11
0.0810858
0.321316
0.228758
0.0717746
0.305899
0.242757
0.46237
0.346097
0.344978
0.323557
0.128475
0.117582
0.198276
0.212716
0.24937
0.391496
0.371842
0.45282
0.35132
0.260768
0.240766
0.226832
0.103258
0.418874
0.00326387
0.0814088
0.099292
9.96029e-11
0.332454
0.209306
0.267729
0.237644
0.185813
0.147162
0.0961521
0.109613
0.0884398
1.04274e-10
0.0977283
0.0791474
0.130472
0.200108
0.123894
0.130601
0.177376
0.0469499
0.0567441
0.096574
0.0645962
9.926e-11
0.0642481
0.0574216
0.0939469
0.083677
0.0959872
0.152887
0.206408
0.183956
0.144747
0.159931
0.160151
0.191068
0.30452
0.403246
0.414713
0.160376
0.401195
0.361691
0.572719
9.68863e-11
0.277038
0.108761
0.28216
0.193846
0.266992
9.77955e-11
0.0441035
9.7415e-11
0.174843
0.173318
0.148067
0.228135
0.073071
0.0939507
0.148294
0.0888315
0.278949
0.360944
0.342479
0.548541
0.174658
0.0310652
0.111969
0.0712087
0.828786
9.86074e-11
0.098042
0.0249528
0.100496
0.166458
0.194765
0.421101
0.0784238
0.0208863
9.3923e-11
0.0191817
0.0964279
0.0104278
0.0016406
0.00205126
0.063534
0.0532248
0.0359314
9.92109e-11
9.84101e-11
0.0840796
0.0785773
0.140859
0.0341253
0.285352
0.147253
0.160305
0.148386
0.103725
0.054053
0.10605
9.44454e-11
0.0689435
0.234724
0.313624
0.576076
0.343299
0.698938
0.220313
0.0937322
0.216168
0.0770437
0.465028
0.291621
0.0231927
0.0727778
0.00203502
0.312432
0.447895
0.285711
0.337503
0.266664
0.0628895
0.204307
0.16404
0.364128
0.26396
0.319826
0.153762
0.150692
0.29152
0.200982
0.109609
0.323493
0.205906
0.22101
0.312182
0.15023
0.223449
0.273561
0.251852
0.067894
0.171322
0.227539
0.151544
0.283572
0.998341
0.176155
0.253399
0.175417
0.171904
0.0751678
0.271606
0.379301
0.178642
0.330128
0.362521
0.242542
9.89026e-11
0.405333
0.71422
0.00876093
0.0571823
0.247198
0.699213
0.38101
0.156365
0.208702
0.0623336
0.525435
0.111917
0.0691405
0.162225
0.459466
0.129513
0.182678
0.157779
0.182555
0.657407
0.47096
0.0415133
0.475494
0.02952
0.651572
0.13418
0.0765311
1e-10
0.0757642
0.0464003
0.0439015
0.0547307
0.0157688
0.262875
0.147578
0.219583
0.224142
0.18516
0.0594536
0.331087
9.90827e-11
0.170555
0.101511
9.53601e-11
0.0190286
0.0819942
0.28582
0.193178
0.138206
0.238707
0.190074
9.95157e-11
0.00807791
0.726582
0.134807
9.52798e-11
0.214042
0.0485113
0.00797114
0.0278074
0.0312521
0.748123
0.176684
0.108908
0.103483
0.189088
0.0845601
0.0966629
0.183644
0.113774
0.511767
0.108612
0.339569
0.184626
0.634652
0.516919
0.375864
0.326531
1e-10
0.760787
0.48756
0.592643
0.00498743
0.00289271
0.14155
0.33576
0.443368
0.863973
0.209353
0.439722
0.121492
0.32244
0.893096
0.227504
0.000950426
0.765493
0.739098
0.445642
0.000708158
0.0755649
0.826001
9.98088e-11
0.0557612
0.470963
0.407542
0.414925
0.756572
0.838494
0.317411
0.0563673
9.98648e-11
0.0155877
0.27561
0.0477107
0.851973
0.736173
0.747639
0.548888
0.390456
0.220379
0.37926
0.584393
0.41958
0.815713
0.594183
0.521284
0.615207
0.139634
0.94313
0.00745712
0.172921
0.0352249
0.527607
0.0304623
0.0620752
0.0422952
0.259206
0.299872
0.18611
0.273894
0.0396878
0.030395
9.63755e-11
9.72751e-11
0.00835344
0.0285392
1.00015e-10
9.88068e-11
0.218153
0.331404
0.930991
9.67727e-11
0.000139881
0.129938
0.010172
9.84737e-11
0.083728
0.035405
0.0612479
0.074228
9.65667e-11
0.0771119
0.0665879
0.0457464
0.077923
0.0577477
0.000879872
0.00477915
0.077821
0.0357677
0.0280258
9.79843e-11
0.0983432
9.16266e-11
0.123768
9.55356e-11
9.83002e-11
1.03079e-10
0.00070332
0.0719712
0.0900635
0.0668054
0.00338517
0.0339526
9.80487e-11
9.60779e-07
9.73871e-11
0.0522425
0.0954871
0.0791654
9.8549e-11
9.92931e-11
9.51923e-11
0.106702
0.337376
0.0215058
9.5253e-11
0.120974
0.0051772
1.04462e-10
0.729255
9.91911e-11
9.27806e-11
0.0268437
0.0511319
9.47652e-11
0.127878
0.0673116
0.000736231
0.396438
9.46427e-11
0.0541445
0.00222806
0.211042
0.455315
1.01568e-10
0.0343615
0.00390561
2.56608e-10
0.0855571
0.0488736
0.0156835
0.0131623
0.638396
9.87177e-11
0.0141974
0.0919737
1.04705e-10
0.0951658
0.136283
0.0439031
0.196114
0.0808633
0.0483385
0.00513849
0.0768734
9.61476e-11
9.64556e-11
0.0966637
0.108674
1e-10
0.000355624
0.15069
0.00554682
9.90829e-11
9.94147e-11
1e-10
1e-10
0.153752
0.951084
0.139897
9.9654e-11
0.00120058
1.00042e-10
0.00805781
0.929062
0.971399
0.0644743
0.9985
1e-10
0.0238701
0.110762
0.00308239
0.343582
9.99513e-11
0.81992
0.00197156
0.000761098
0.0761928
0.0083957
9.75187e-11
0.0365036
0.385308
0.00916359
0.00731431
1.28698e-10
0.00438522
0.000709493
0.00517581
0.0350578
0.0932185
0.00324261
9.81109e-11
0.0883964
9.67315e-11
0.00309635
0.0223049
9.6812e-11
0.00672266
0.274112
0.0364112
0.0217787
0.0559765
0.432525
0.0869349
0.00390286
0.185041
0.000635202
0.518645
0.0973092
0.138093
0.11537
0.270318
0.308489
0.0324585
0.524181
0.00843437
9.97759e-11
0.0857988
0.591349
9.61943e-11
0.0159075
0.157559
6.46093e-05
0.0771079
1.00005e-10
0.0671184
0.071119
0.466045
0.963364
1.13176e-10
0.130942
4.14148e-05
0.0019379
0.00628384
0.0214498
0.513681
1e-10
0.404001
0.0861943
0.0091741
0.000816588
0.964425
9.842e-11
0.00109838
1e-10
0.270268
0.0239985
0.217702
0.461592
0.704643
0.601655
0.013745
0.995941
0.150478
0.482143
0.904254
0.233045
0.0178329
0.967245
0.0213569
0.00100299
0.00455335
1e-10
1e-10
0.0494193
0.584315
0.990696
0.949283
1e-10
0.00369919
0.84394
0.0399703
0.0106129
0.965265
0.997277
0.929655
0.994919
0.00672682
0.0039499
0.00933019
0.000544705
0.289372
0.847041
0.10409
0.0441117
9.86833e-11
0.0185448
0.0117324
0.0558435
0.0113936
0.0252777
0.890278
0.308492
0.885296
0.469541
0.727518
0.962291
0.0326723
0.0872032
0.081978
0.780542
0.150821
0.00064266
0.778801
0.019772
0.00796231
0.322797
0.867858
0.0168663
0.96573
0.832555
0.00681916
0.615112
0.857248
0.881372
0.971224
0.982626
0.00302549
0.262798
0.0508721
0.000736326
0.0375958
9.94741e-11
0.00307115
0.000252494
0.48216
0.339351
0.000569912
0.0029406
0.0253238
9.74607e-11
0.0647572
0.21423
0.0480727
1e-10
0.00270026
8.59044e-11
9.94768e-11
1.01702e-10
0.277211
0.828229
0.16281
0.176502
0.677017
0.62839
0.175315
0.1539
0.0923165
0.0370707
0.169677
0.127804
0.0812464
0.099515
0.151112
0.090499
0.0421114
0.0931912
0.089832
0.117519
0.100474
0.0755473
0.0917066
0.0609299
0.0244544
0.0627094
0.0988243
0.0901397
0.0805475
0.0585324
0.122555
0.191969
0.0815401
0.0278567
1.0423e-10
9.99026e-11
0.0812182
1.03828e-10
0.0409055
0.0055896
0.0973073
0.0955894
1.01987e-10
1.03211e-10
1.01812e-10
1.00734e-10
0.0853555
0.0546495
0.0650238
0.0999313
0.0857814
0.125386
0.143148
0.0897905
0.0432282
0.0402921
0.0850715
0.00274724
1.00444e-10
0.108466
1.13193e-10
0.0374231
1.05965e-10
0.033149
0.0108867
0.041902
0.000370831
1.04064e-10
0.0871502
0.0342278
0.11006
0.166992
0.158624
0.0993634
0.0994249
0.104774
0.0910425
0.0986861
0.111441
0.0152737
0.0749544
0.0410151
0.0988988
0.0856385
0.097307
0.1111
0.0923849
0.0905747
0.0778494
0.0440267
0.0322017
0.0644779
0.0611928
0.100752
1.03323e-10
1.03381e-10
1.316e-10
0.0184697
1.01689e-10
1.11939e-10
0.0768307
0.0824389
0.0991996
0.0852879
0.0837445
0.0902155
0.0791354
0.0990619
0.0188665
0.0551156
1.06511e-10
1.05561e-10
1.01369e-10
1.03154e-10
0.0709885
1.00208e-10
0.0828502
0.0693864
0.0457403
0.00130267
0.035353
0.00880017
0.0358474
0.0140579
0.0032021
1.0318e-10
0.0889809
1.04612e-10
0.0838626
8.34891e-11
0.0656851
0.116255
0.0894324
0.070906
0.0706997
0.0389034
0.0176234
0.0423594
0.0623806
0.0974287
0.00434885
1.01331e-10
9.51513e-11
0.0705316
0.0552535
1.01753e-10
0.000164461
8.1221e-11
1.1266e-10
8.41072e-11
1.64418e-10
9.95564e-11
1.11693e-10
9.79521e-11
0.0428155
0.023718
0.00950425
0.000457654
1.04528e-10
1.0103e-10
0.012917
9.96604e-11
1.00046e-10
1e-10
0.00297031
1.07416e-10
1.18187e-10
0.0982849
1.10599e-10
0.062983
0.056083
1.00161e-10
0.00510203
0.00210393
6.97883e-10
1.03056e-10
9.11775e-11
9.97528e-11
5.80632e-11
1.0018e-10
7.79765e-11
9.96028e-11
1e-10
0.00380796
0.0275606
9.60523e-11
1.05649e-10
1.00674e-10
9.8799e-11
9.99856e-11
1.00764e-10
5.10101e-11
1.00375e-10
1.26632e-10
0.17598
9.80686e-11
0.000622693
9.13101e-11
1.006e-10
9.98174e-11
1.12843e-10
9.59528e-11
9.94784e-11
1.02828e-10
9.97074e-11
8.88112e-11
9.0676e-11
4.78822e-11
1.09155e-10
1.04942e-10
1.0183e-10
1.07786e-10
1e-10
0.0109589
0.0680634
1.22804e-10
9.96738e-11
1.05263e-10
1.02216e-10
9.84523e-11
0.0631021
9.83457e-11
0.00271592
9.86859e-11
0.0782863
0.13839
9.5382e-11
9.82934e-11
0.0437966
1.04038e-10
0.0177688
0.0154757
0.05991
0.0582392
0.0903944
9.54949e-11
0.0984847
9.63418e-11
0.0390349
0.00312902
0.0109749
0.0895223
0.0117071
0.0106917
0.105489
0.0700928
9.71106e-11
0.0426009
0.00489688
0.0525297
9.78866e-11
0.089382
0.202616
0.172867
0.0774273
0.0603665
0.230619
0.000970066
0.0945782
0.120267
0.0901975
0.0881473
0.193242
0.199344
0.0368119
0.0551741
0.0873169
0.00495643
0.0418293
9.91136e-11
0.253608
0.130782
0.0462859
0.349777
0.336677
0.156696
0.0824172
0.0796221
0.0956939
9.97061e-11
0.169159
0.146905
9.89804e-11
9.48356e-11
0.00885005
0.0753288
0.173795
9.65681e-11
0.224909
0.0598445
0.0770861
0.0668858
0.150493
0.173319
9.62907e-11
0.0447788
0.170575
9.6533e-11
0.0658078
9.73105e-11
0.0118386
0.0245707
9.96478e-11
0.00741748
1.06829e-10
1.03776e-10
9.70893e-11
0.103816
0.0835239
0.0835521
0.112028
0.104487
0.00780952
0.0757881
0.0881374
0.0960702
0.128626
9.70199e-11
0.113463
1.00108e-10
9.85532e-11
9.71149e-11
0.0197893
1.00348e-10
9.9046e-11
0.0213668
9.82646e-11
9.97275e-11
0.0292272
0.13769
9.79843e-11
0.0903647
0.0395366
9.65029e-11
9.72269e-11
0.427584
0.066433
1.13505e-10
0.460647
0.134785
0.341032
1.06314e-10
0.235985
1.08228e-10
0.0690927
0.0293531
0.0786555
1.00313e-10
0.50738
0.0194921
0.543324
1.09695e-10
0.0602436
0.0815364
0.040508
0.419762
1.04836e-10
0.0549874
0.0737261
1.033e-10
9.89801e-11
0.0746431
0.214213
0.240459
0.0131745
0.105641
2.03702e-10
0.120835
0.161197
9.91795e-11
0.0134487
0.0491701
0.00370608
1.0358e-10
0.149367
0.0184673
0.0468092
0.0100857
0.0112628
0.407413
0.941791
0.889524
0.516269
1.0717e-10
0.0689354
0.0518371
0.507181
0.018553
0.0343255
2.36471e-10
0.0665463
0.818936
0.146597
0.8388
0.254446
0.00571594
0.0110867
0.00161936
8.98357e-11
0.0629744
0.0261362
0.0171679
9.84989e-11
0.053813
0.0907635
0.0866843
0.0560766
0.0615998
0.0841247
0.0156541
9.77315e-11
0.17079
0.0201046
1.04279e-10
9.75455e-11
0.0137506
0.0022617
1.11925e-10
1.05777e-10
0.00810596
9.99429e-11
1.00664e-10
1e-10
1.06549e-10
1e-10
0.0465567
0.0083923
1.09869e-10
1.0668e-10
1.0596e-10
1.00429e-10
0.0369717
1.05899e-10
1.13634e-10
1.0405e-10
1.00856e-10
9.89848e-11
9.94321e-11
1.00714e-10
1.00093e-10
1.00085e-10
0.000865727
1.01114e-10
1e-10
9.7226e-11
1.00117e-10
0.00139488
1.01055e-10
0.000545282
9.60501e-11
0.0309385
9.97284e-11
0.000325153
9.99619e-11
0.000175142
1e-10
0.000115345
1.03394e-10
1.0007e-10
9.62187e-11
9.21421e-11
1.03222e-10
1.02535e-10
0.109237
0.0895649
0.0753768
0.00345431
0.18714
9.78931e-11
0.118867
0.0840998
0.0969071
0.0859223
0.0589565
0.00396489
0.124215
0.0406632
0.070143
0.0583344
0.1027
0.0869403
0.0928048
0.0701432
0.0832919
0.100449
9.72955e-11
0.0804231
0.215795
0.177662
0.112658
0.12898
0.1
0.0349515
0.0955319
0.0879458
0.0830587
0.0897779
0.126489
0.117755
0.145528
0.294656
0.0936902
0.18008
0.0860402
0.115857
0.0799414
0.116563
9.86053e-11
6.23811e-05
0.00118082
0.00924843
1e-10
0.0612417
0.207141
0.106819
0.128578
0.27093
0.360471
0.248205
9.79896e-11
0.531461
0.0006581
0.136187
1e-10
0.310097
0.0116745
9.99909e-11
0.0101211
0.0137989
0.0111701
0.306777
0.0339122
0.248327
9.97613e-11
0.0155941
9.92454e-11
0.0163003
0.0176236
9.85256e-11
9.96227e-11
0.879477
0.012432
9.98413e-11
0.939459
0.008785
0.00308923
0.0415243
9.92147e-11
1.00776e-10
9.6892e-11
1.05095e-10
6.14832e-11
9.86464e-11
9.51953e-11
0.00262253
1.08212e-10
0.453567
0.000298615
0.0001728
1.00308e-10
9.88065e-11
9.81692e-11
1.29262e-10
9.7562e-11
0.00385235
9.80027e-11
0.00804529
1.01792e-10
1.11499e-10
0.00268484
1.10193e-10
0.00918135
1.02063e-10
1.01299e-10
1.01032e-10
9.42692e-11
0.00976369
1.05764e-10
1.02905e-10
0.0507887
1e-10
1e-10
9.84109e-11
1.34182e-10
1.00902e-10
0.0343784
1.00712e-10
1.10193e-10
9.41054e-11
1.18139e-10
1e-10
1.03966e-10
9.46026e-11
1.10636e-10
1.00751e-10
1.00695e-10
9.53862e-11
9.9663e-11
8.71988e-11
1.00621e-10
1.0296e-10
9.72589e-11
9.88146e-11
9.96141e-11
1.04543e-10
1.0034e-10
9.96545e-11
1.00395e-10
1.03237e-10
1.01999e-10
9.88944e-11
1.02332e-10
0.000151771
1.00313e-10
9.77106e-11
9.07311e-11
9.99951e-11
9.99443e-11
9.99504e-11
0.100495
9.90229e-11
2.73924e-05
0.00421698
1.00158e-10
0.000199984
9.9871e-11
9.9992e-11
9.99913e-11
1.42083e-10
1.00179e-10
1.07326e-10
9.70792e-11
0.0276475
2.58565e-10
9.23448e-11
1.00864e-10
9.99838e-11
0.0077378
0.0125
1.02127e-10
0.000530802
1.30727e-10
0.00156845
0.0827641
0.0800479
0.00425669
0.0994583
0.0639403
0.0767445
0.0994484
0.0535284
9.84409e-11
1.0577e-10
0.0963707
0.178027
0.0831349
0.0680044
0.0553444
0.0972354
0.0762302
0.0920845
0.0328986
0.0958469
0.015984
0.17358
0.0450798
0.0831426
0.0808325
0.0383725
0.0898518
0.0855361
0.0983228
0.0965743
0.0892474
0.0563009
0.0872656
0.0817436
1.00017e-10
1.45841e-05
0.0852914
0.0712568
1.06414e-10
0.146217
0.078152
0.112622
0.129113
0.114116
0.210256
0.0954609
0.0158863
0.0591624
0.133449
0.100005
0.0970991
0.103746
0.108504
0.122242
1.08007e-10
1.08085e-10
0.000113117
0.0292497
0.1
0.131985
0.182399
0.105924
0.184688
0.125339
0.113233
0.191479
0.11132
0.11244
0.0985481
9.9098e-11
1.28521e-10
9.95373e-11
0.3629
0.112853
0.17271
0.0871371
0.370059
0.494072
0.0298092
0.0343374
0.000420876
0.479264
1.03798e-10
1.03797e-10
1.00571e-10
0.616338
0.0042069
0.021824
0.224757
0.00170359
9.41662e-11
0.00128706
0.000101921
0.0257341
0.0147699
6.79095e-11
1.00191e-10
0.00237059
1e-10
0.00507365
7.04502e-11
0.00155423
7.45202e-11
9.9945e-11
9.73546e-11
0.000227618
1.21787e-10
9.58836e-11
0.000152239
1.00666e-10
1.0043e-10
0.00601238
0.013435
9.86168e-11
0.0653414
1.00463e-10
9.69316e-11
0.00230053
9.50404e-11
9.5979e-11
0.036264
0.0246976
0.00503226
9.89935e-11
9.77061e-11
9.80083e-11
9.2883e-11
9.65744e-11
9.83141e-11
1.11644e-10
1e-10
9.57057e-11
9.57029e-11
1.02999e-10
1.0785e-10
0.0612686
0.00630036
0.000447933
0.000880535
7.93827e-05
1.18743e-10
8.89802e-11
0.00293433
9.34451e-11
8.79825e-11
0.0217719
1e-10
8.39131e-05
1.26225e-10
1.75732e-10
1.34968e-10
9.69212e-11
9.51309e-11
0.00461802
9.35783e-11
0.00306932
0.0508498
0.00872158
0.00873808
0.0527632
0.123455
0.000153027
1e-10
0.0308796
0.084552
9.41691e-11
0.028784
0.101685
0.055882
0.0724376
0.260495
9.6337e-11
1.00307e-10
0.0613236
9.49424e-11
0.00331563
9.76928e-11
1.31377e-10
0.00809536
1e-10
0.144564
1e-10
0.0121693
0.0597197
0.370985
0.508384
0.618025
0.128147
0.0245932
9.97574e-11
9.89468e-11
0.000345667
0.00816517
9.9709e-11
9.99122e-11
0.992388
9.69778e-11
1.00006e-10
1.00127e-10
1.00004e-10
0.802099
0.0256009
0.0473934
0.000231594
9.94555e-11
1e-10
0.0203541
9.9526e-11
0.000444447
1.0012e-10
0.0342518
1.27956e-10
1.81789e-10
1.01496e-10
1.14962e-10
0.0125
0.0798809
0.098102
0.0988822
0.121866
1.13478e-10
1.05225e-10
0.0866189
0.0905388
0.0690267
0.0634255
1.13914e-10
0.000874403
0.0831142
1.01595e-10
0.0487056
0.0607469
0.020512
1.05095e-10
0.0953369
0.0984423
0.000145188
1.20697e-10
1.08556e-10
1.05973e-10
0.0925262
0.0954501
0.0218195
0.0277832
0.0921004
0.0967194
0.0850509
0.186623
0.117815
0.0959171
0.100956
1.1454e-10
0.0040004
0.0945905
0.102712
0.0854281
0.0949855
0.0107658
0.554844
0.223825
0.247502
0.679864
0.0323921
0.0186447
0.393347
9.7506e-11
0.187779
0.00755855
9.89692e-11
1.10253e-10
1.01946e-10
9.72589e-11
0.0183142
1.00151e-10
1.00142e-10
1.06311e-10
9.54112e-11
0.013231
0.0183834
0.0110824
1.1367e-10
0.0036985
9.61108e-11
0.0567472
9.70411e-11
9.19799e-11
0.0370075
9.81914e-11
0.744133
1.00389e-10
0.000741729
1.69682e-10
9.9166e-11
1.00203e-10
0.0125
8.18143e-11
1.02594e-10
9.69767e-11
9.89774e-11
1.2592e-10
9.74455e-11
9.37262e-11
9.24903e-11
9.31273e-11
9.91937e-11
1.09194e-10
8.1807e-11
1.06768e-10
9.97692e-11
9.73361e-11
9.95242e-11
1e-10
1.02925e-10
0.00220797
1e-10
1.00248e-10
7.80688e-11
0.0020155
0.0041709
0.237123
0.197654
0.0111442
0.010873
9.71503e-11
0.00633549
0.286537
0.129077
0.812283
0.623372
0.433355
0.83127
0.539536
0.417603
0.640348
0.0388482
0.398934
0.00248659
0.0141014
9.59094e-11
9.23518e-11
0.632651
6.78917e-11
0.00571899
1.01478e-10
9.4041e-11
0.0952791
9.88624e-11
0.00256136
0.118248
0.0487628
0.0681319
0.0278194
0.0870066
0.0654821
0.130378
0.0119856
0.676403
0.0347567
0.00602833
9.88351e-11
0.00826065
0.120514
0.00693677
0.024142
0.273574
0.361968
0.0027115
9.85471e-11
1.77305e-10
0.994032
0.839004
0.649055
0.142554
0.893948
0.0580208
0.0464358
0.430079
0.00151072
0.999975
0.0411685
0.355189
0.0185221
0.0604154
0.175391
0.2435
0.464994
0.00554057
0.00290149
0.281693
0.00975998
0.691861
0.974511
0.000210169
1.00144e-10
9.8153e-11
1.00607e-10
0.0228871
0.11748
0.0437022
0.103109
0.00412735
0.109632
0.51208
0.686622
0.0149301
1.01541e-10
1.00095e-10
1e-10
0.323875
0.0497474
1e-10
1.92981e-10
0.0246869
0.00117149
9.95064e-11
0.0131479
0.542892
0.00359051
9.99873e-11
0.0629584
0.0134114
0.1
1
1
9.35299e-11
0.00114632
9.71166e-11
9.45094e-11
1.18463e-10
0.0351694
9.86561e-11
1.19144e-10
9.98177e-11
2.05993e-05
1.01467e-10
1.58087e-10
9.93622e-11
9.9705e-11
9.99818e-11
9.50289e-11
0.05
1.08229e-10
9.87765e-11
1.26894e-10
0.05
9.65941e-11
1.00795e-10
4.34105e-05
7.49337e-11
1.01911e-10
1e-10
9.52452e-11
9.57523e-11
8.90817e-11
1.00089e-10
9.93351e-11
0.0136775
9.99582e-11
9.99887e-11
1e-10
1.00734e-10
1.01364e-10
1.0004e-10
9.85626e-11
9.9638e-11
0.000138641
9.99202e-11
1e-10
1e-10
1.00565e-10
1.03076e-10
1.01437e-10
1.01043e-10
1.00018e-10
1e-10
1.00251e-10
9.99487e-11
1.00017e-10
9.92871e-11
1.00135e-10
0.441028
9.54269e-11
0.120326
1.03807e-10
9.7697e-11
1e-10
0.0387123
9.87169e-11
0.649984
9.99116e-11
0.00718681
0.179088
1.01222e-10
0.068446
1.14055e-10
0.484818
0.0715815
0.544947
8.05521e-11
9.91371e-11
9.94729e-11
0.00945755
1.48759e-10
0.00228918
9.81398e-11
0.218195
0.00224053
0.000567295
9.97549e-11
0.0022124
9.85882e-11
0.00476788
9.9773e-11
1.63146e-05
1.03353e-10
9.64328e-11
0.561426
0.981295
1.13233e-10
0.756129
1e-10
0.132745
1e-10
0.00357979
0.000176077
0.000454573
0.000431307
0.01442
9.96218e-11
9.77406e-11
1.0025e-10
1.00076e-10
0.11242
1
0.973514
0.938634
0.011407
0.00372252
1.00619e-10
9.88036e-11
0.000183438
1.01518e-10
9.99414e-11
9.88676e-11
9.94367e-11
0.000690374
1.09983e-10
9.9093e-11
0.803411
0.0080977
0.00801373
9.44679e-11
9.588e-11
9.68641e-11
0.129298
0.00768966
0.074512
0.0494908
9.04977e-11
9.43843e-11
1.03155e-10
0.122416
9.73822e-11
0.00123953
1e-10
1.09243e-10
9.40164e-11
9.87667e-11
1.06095e-10
9.91885e-11
1.11965e-10
0.00446105
0.0358806
9.81705e-11
1.07308e-10
9.48421e-11
1.06475e-10
8.99567e-11
0.0358975
0.000533582
0.5304
0.0423569
0.0734115
0.02438
0.466012
0.0156042
0.990275
0.322839
0.0183569
0.979742
9.99058e-11
0.614873
9.97537e-11
0.00470475
0.0973227
0.0521612
0.952914
0.637995
0.194049
0.268617
0.86251
0.736482
9.60029e-11
0.69048
0.987857
0.749387
0.0871696
0.478326
0.00458096
0.693631
0.574638
1.0058e-10
0.203185
0.389795
0.00815841
0.446916
0.00556676
0.000753142
0.883892
0.0115855
0.320706
0.0547018
0.0872493
0.0919486
0.0336935
0.102675
0.224596
0.0863503
0.0149196
0.0806336
1.07262e-10
0.0246314
1.1149e-10
0.00659907
0.0831235
0.00076794
0.0632929
1.05729e-10
0.0793455
9.92682e-11
9.39772e-11
1.11912e-10
9.01286e-11
1.0188e-10
7.6816e-05
0.0382777
0.000535403
0.00782492
0.0661091
9.37958e-11
9.43138e-11
0.0623092
0.0712605
0.0529538
0.214091
0.0801437
0.165961
0.0664135
0.24211
0.0893038
0.00887064
0.0369296
0.546629
0.124468
9.93472e-11
0.336028
0.0575515
9.94589e-11
9.85393e-11
0.42485
0.546098
0.562042
0.713055
0.0739739
1.05596e-10
0.0749342
0.161603
0.0944198
0.0771922
0.0764494
0.045742
0.0268735
0.0564886
0.0502208
0.0329714
0.965453
0.209934
0.00672373
1e-10
0.996307
0.083318
0.0277108
0.91035
0.759
0.628169
0.996664
0.999529
0.91106
0.595594
0.00547278
0.0509343
0.743755
0.269026
0.834067
0.62551
0.715676
0.66317
0.00224595
0.0215578
0.837083
0.0485008
0.937319
0.121502
0.000992199
0.189169
0.0326394
0.061296
0.885062
0.0460723
0.118016
0.723738
0.799171
0.178707
0.153646
0.0721683
0.109183
0.046323
9.61593e-11
0.000327438
0.461734
0.00103511
9.63071e-11
9.62064e-11
0.0372192
0.285994
0.669875
0.595124
0.0416757
9.26113e-11
9.67737e-11
0.00640523
0.00260985
0.000509573
9.43589e-11
1.02641e-10
1.0109e-10
0.00148007
1.05636e-10
9.22855e-11
9.96554e-11
9.98315e-11
0.000225136
9.84751e-11
9.81722e-11
1.15346e-10
0.000839025
0.00365803
0.00249409
1.00002e-10
1.00021e-10
1e-10
0.00456003
0.0684199
0.0795218
0.00503315
1.07587e-10
0.956179
0.999182
0.954877
0.985782
9.9499e-11
0.0199779
0.0976987
0.135623
0.645141
0.407666
0.00386237
0.043643
0.778544
0.125752
0.0807389
0.0571755
0.0403128
0.0328819
9.74431e-11
9.81238e-11
0.00364275
9.6598e-11
9.65827e-11
0.00195549
0.00546684
1.00853e-10
1.11519e-10
1.03461e-10
1.01004e-10
9.87719e-11
1.04054e-10
9.93981e-11
1.00465e-10
1.0314e-10
1.00468e-10
1.07087e-10
1.00536e-10
1.00948e-10
1.01646e-10
9.99866e-11
1.00765e-10
1.0227e-10
0.000106119
1.01665e-10
1.00592e-10
1.06015e-10
1.00682e-10
1.047e-10
9.99748e-11
9.9782e-11
0.016394
9.99348e-11
9.60977e-11
1.15914e-10
0.0786783
0.00731163
0.0823521
0.186686
1.08049e-10
0.0240305
1.01095e-10
0.0101987
9.90641e-11
0.039833
9.95269e-11
0.00565555
0.0142589
0.00057223
0.0383197
0.12817
0.0800043
0.0164467
0.00571188
9.75487e-11
0.0179058
0.0140146
0.0118247
0.00203821
0.0316396
0.0462323
1.09245e-10
0.00122029
0.0124137
0.0475968
0.00653903
0.00633548
0.00011851
0.869141
0.0578883
0.00193172
0.0254781
0.00198314
0.198042
0.592906
0.647427
0.00753354
0.0220093
0.00276561
0.184603
0.00232473
0.0307145
1.04673e-10
1.01032e-10
0.000366627
9.38663e-11
1.00033e-10
0.0001697
1.00172e-10
1.00313e-10
1.00788e-10
9.998e-11
1.00166e-10
0.000336788
1.33048e-10
0.0687938
0.0223323
0.032875
9.79432e-11
9.7908e-11
1.01736e-10
0.0994969
0.0235609
9.89284e-11
0.000737304
0.000753977
0.0243458
0.0924433
0.0858238
9.84229e-11
9.85225e-11
0.0215727
9.52809e-11
0.0232659
0.125223
1e-10
9.99499e-11
9.79416e-11
0.000182611
0.0890024
9.88695e-11
9.66734e-11
0.168936
9.55477e-11
0.0667827
0.254066
0.00542746
0.00446058
0.0312069
0.1222
0.286704
0.0761184
0.0470702
1e-10
0.0596271
0.771199
0.0724004
0.441207
0.0161097
0.460209
0.0649717
0.0654178
0.0955492
0.00513185
0.09112
0.719629
0.495766
0.522879
0.107783
0.810775
0.0191388
0.535957
0.175702
0.0118604
9.94526e-11
0.0868491
9.85762e-11
0.00175134
0.0323333
0.128765
1e-10
0.0612029
0.0142093
9.95826e-11
0.0580425
0.00258405
0.324676
0.0255525
0.0402553
0.0134288
1.08665e-10
0.00144773
0.000840091
1.03107e-10
1.04175e-10
0.00248138
0.0359097
0.0834926
1.0578e-10
0.0271127
9.69068e-11
9.76851e-11
9.96563e-11
0.0578039
0.0403775
0.0991535
0.0797581
0.0956252
0.0481698
0.191993
0.0629356
0.000667826
9.92362e-11
9.81337e-11
0.00102112
0.0957348
0.0966243
0.272759
1.01014e-10
0.0548482
9.91e-11
0.0412209
9.99547e-11
1.00827e-10
0.0731483
0.0950126
0.172945
0.0731851
0.18956
0.0138854
0.0864885
9.87241e-11
9.79822e-11
0.000339896
0.141627
0.17608
0.317705
0.136174
0.0739254
0.0871045
0.0640559
9.92277e-11
0.0479616
0.114673
0.11689
9.57747e-11
0.00745154
9.41364e-11
0.118996
0.10495
0.081736
0.106481
0.0858336
0.00534905
0.0853728
0.131298
0.0130251
0.176325
0.0573815
0.157717
0.131493
0.0751661
0.0904881
0.185938
0.144908
0.201185
0.0779214
0.289813
0.22742
0.223186
0.329068
0.511596
0.139052
0.518334
0.245936
0.10857
0.445757
0.612654
0.373254
0.331357
0.169866
0.343059
0.3241
0.65346
0.30526
0.18054
0.0466349
0.103493
0.169825
0.481683
0.451864
0.354409
9.85415e-11
0.402069
0.197895
0.0237835
0.0682131
0.0300757
0.432155
0.167625
0.421865
0.450746
0.409076
0.304837
0.52763
0.157225
0.229523
0.506991
0.146093
0.12026
0.452266
0.465565
0.277906
0.0284661
0.625204
0.538431
0.478377
0.144316
0.243961
0.316219
0.0332178
0.351433
0.158418
0.262799
0.551217
0.627929
0.31341
0.572637
1.01749e-10
9.89197e-11
9.98857e-11
0.000240903
0.000581797
1.01336e-10
1.0096e-10
1.02218e-10
0.00742494
0.000648773
0.175263
0.138984
0.112131
0.370597
0.317309
0.00200307
0.137558
0.0868934
0.31042
0.360523
0.170543
0.0219106
0.425695
0.286457
0.209681
0.183747
0.19878
0.279496
0.300224
0.23415
0.266495
0.275443
0.144263
0.26993
0.1858
0.384872
0.371614
0.452125
0.168734
0.112389
0.743372
0.111719
0.0162996
0.00975689
0.201289
0.58103
0.142005
0.280547
0.262428
0.152205
0.740547
0.655043
0.422017
0.0984341
0.309863
0.192663
0.410558
0.0846446
0.291496
0.174239
0.528342
0.379456
0.190214
0.21836
0.296843
0.301257
0.0582625
0.00259861
0.205637
0.471436
0.349778
0.464093
0.291643
0.364889
0.500738
0.28394
0.241028
0.344224
0.0292992
0.19223
0.168113
0.0285127
0.143307
0.0475794
0.390451
0.410163
0.356011
0.293283
0.406671
0.397402
0.338561
0.0954761
0.32606
0.0843081
0.362481
0.377557
0.000377824
0.00285561
0.0245536
0.0856649
9.76654e-11
0.270517
0.109438
0.036824
0.00985015
0.0823846
0.15299
0.293395
0.0447576
0.0419446
0.0428233
1.01981e-10
9.67221e-11
0.00236349
1.01943e-10
1.09704e-10
1.03497e-10
1.09132e-10
1.06157e-10
9.93789e-11
5.93368e-05
1.25409e-10
0.0492182
1.04273e-10
0.096074
0.103873
0.0906386
0.0935508
1.01102e-10
1.02895e-10
0.0946184
0.0441618
0.107302
0.0903687
0.09765
0.00861029
0.00138869
1.02718e-10
1.04046e-10
0.0753032
0.0193161
0.0246239
9.02904e-11
9.70243e-11
1.04477e-10
0.0441384
0.0362346
9.58361e-11
0.0676413
1.07461e-10
1.03889e-10
0.0417819
9.8998e-11
0.0848033
0.0857294
0.0997232
0.0883049
0.102451
0.155837
0.123696
0.35572
0.292472
0.768109
0.540444
0.00829668
0.614709
0.137514
0.0699377
0.0133498
0.925837
1.01193e-10
0.266101
0.475583
1.00046e-10
0.0818939
0.134701
0.0513214
0.0763017
0.00848236
0.000513334
0.179442
0.355771
0.115777
0.323177
0.269533
0.300928
0.321082
0.26635
0.519075
0.415508
0.528201
0.442967
0.39655
0.275927
0.345645
0.36015
0.601388
0.528469
0.452909
0.447446
0.512785
0.535762
0.270646
0.260183
0.337625
0.134957
0.263996
0.355687
0.169309
0.330901
0.114444
0.137366
0.385847
0.182395
0.471211
0.541181
0.401767
0.475532
0.276539
0.15248
0.092481
9.95354e-11
0.149064
0.0898029
0.0984021
0.0392451
1.07186e-10
1.04886e-10
1.04461e-10
1.02837e-10
1.02475e-10
0.0389018
0.0368656
0.00892681
0.0653783
1.09052e-10
0.0998374
0.0130077
0.00229699
0.00139109
1.01849e-10
0.000525446
0.0123249
0.0178257
0.0359651
0.000426887
9.76841e-11
9.99888e-11
9.33165e-11
0.0254276
0.098935
0.0997395
0.100911
0.0908585
0.0964108
0.0760547
0.0984094
0.0988039
0.0988514
0.0513416
0.00140995
0.0659499
0.102208
1.07303e-10
0.0596928
0.0908091
0.182957
0.0462686
0.115609
0.152387
0.0933647
0.109962
0.160716
0.138501
0.0952561
0.204209
0.381592
0.230495
0.178186
0.970778
0.953394
0.833245
0.687563
0.978339
0.257674
0.0123444
0.933179
1
0.0105809
0.969814
0.693757
0.985243
0.395371
0.749182
0.627238
0.957386
0.999056
0.0609944
0.0120857
0.30296
0.0148445
0.0973189
0.0911109
0.173501
0.320023
0.344547
0.468445
0.249748
0.0990848
0.206722
0.330687
0.274656
0.116597
0.210017
0.225363
0.242514
0.241281
0.0510405
0.141003
9.8198e-11
0.174842
0.191564
0.109035
0.363926
0.355026
1.07008e-10
0.0461654
1.04091e-10
0.044253
1.02696e-10
0.00353715
0.0886197
0.0602923
0.163696
0.188265
0.0600436
0.374725
0.0870298
0.314677
0.254449
0.37817
0.390867
0.310565
0.174155
0.20625
0.416672
0.275944
0.229489
0.335945
0.434282
0.477833
0.275681
0.272356
0.21623
0.233389
0.268776
0.104576
0.123568
0.457447
0.169883
0.421657
0.415613
0.167021
9.82416e-11
0.268286
0.193448
0.371575
0.20136
0.771115
0.0861202
0.362914
0.093476
0.257736
0.378185
0.214253
0.501819
0.375621
0.263949
0.317789
0.169689
0.111351
0.202939
0.303212
0.378654
0.443923
0.250323
0.252886
0.429564
0.222639
0.26975
0.0930282
0.241884
0.381272
0.621492
0.279828
0.667127
0.429109
0.451191
0.307489
0.429913
0.367709
0.451901
0.264701
0.179693
0.290132
1.23392e-10
0.166534
0.123493
0.187383
0.173199
0.422774
9.96718e-11
0.60314
0.663713
0.220552
0.491493
0.336037
0.395581
0.103381
0.197824
1.09364e-10
0.1807
1e-10
9.94366e-11
0.00303294
0.149189
0.195609
0.106523
0.205996
0.151361
0.148419
0.192567
0.167591
0.147155
0.168237
0.104958
1.14474e-10
0.0740439
0.247398
0.251879
0.192639
0.0918221
0.343501
0.31845
0.722564
0.175927
0.843275
0.777166
0.512338
0.407863
9.85667e-11
0.137441
0.18595
0.0972542
0.0275992
0.0881256
0.10986
0.178219
0.0810484
0.150462
0.100491
0.128059
0.118821
0.149611
0.253189
0.119048
1.02511e-10
0.277934
0.414529
0.176468
0.318807
0.732322
0.0655962
0.045281
0.177001
0.517456
0.00579961
9.87938e-11
0.171087
0.161679
0.0977648
0.0683707
0.102666
0.0912097
0.192545
0.207635
0.0466542
0.0778364
0.395881
0.494794
0.339062
0.113784
0.027868
0.106161
0.130666
0.112166
0.18208
0.0883445
0.283543
0.253114
0.560054
0.102471
0.563668
0.134628
0.10567
0.0444555
0.345145
8.55247e-11
0.0321788
0.0171739
0.214767
0.112546
0.0976615
0.173855
0.11169
0.128867
9.61364e-11
0.3393
0.0567694
0.0903297
0.000672098
0.0603567
0.176643
0.0390485
0.150902
0.130057
0.18547
0.085866
0.0502847
0.0538829
0.121454
0.0672209
0.260409
9.45698e-11
0.682663
0.450956
0.215184
0.201101
0.537163
0.189614
0.217602
0.225204
0.576889
0.448646
0.134406
0.472298
0.454267
0.371613
0.0801769
0.0527115
0.650993
0.474434
0.0796885
0.062234
0.425994
0.455792
0.159425
0.0207782
0.0654784
0.151105
0.272402
0.168741
0.110069
0.100029
0.130392
0.0381849
0.153833
0.0898298
0.157485
0.149516
0.0820431
0.0811008
0.0356549
0.151756
0.103715
0.128445
9.61853e-11
0.040277
9.09209e-11
0.0101473
0.328515
0.286789
0.0895197
0.0801453
0.0667652
9.90765e-11
1.00134e-10
0.102457
0.0254541
0.0136564
0.749429
0.130434
0.141431
0.108419
0.0733911
0.142295
9.70384e-11
9.38308e-11
0.0764275
0.160071
0.0963566
9.56341e-11
0.146635
0.275904
0.289655
0.161818
0.0586059
0.111706
1e-10
0.0758475
0.370425
0.292613
0.00821105
0.0621446
0.216025
0.162335
0.155905
0.230761
0.989743
0.183703
0.99817
0.00562404
0.211419
0.172405
9.99393e-11
9.96276e-11
0.203524
0.421984
0.0873279
0.177429
0.0642526
0.152456
0.197559
0.0782537
0.0335731
0.00140155
0.00712207
9.79338e-11
0.0423646
0.139035
0.0174746
1.02817e-10
1.12627e-10
0.321889
0.156511
0.305634
0.00356671
0.0286051
1.05936e-10
0.115164
0.00601896
0.00159409
0.0578265
1.019e-10
0.0506
0.0883201
0.143233
0.109763
0.256719
0.430721
0.137796
0.224421
0.0657268
0.137162
0.0868202
0.199044
0.232666
0.261302
9.51941e-11
9.99462e-11
0.000669346
9.84345e-11
0.118683
1.00202e-10
9.88968e-11
0.159887
9.22088e-11
9.74953e-11
1.02404e-10
0.00122173
8.80681e-11
0.00727573
0.0135483
0.000106831
1.16052e-10
9.32981e-11
0.000210993
9.22051e-11
0.10212
0.163775
0.0708994
0.107445
1.19585e-10
0.00250851
0.653763
0.0917868
0.0441703
0.216856
0.279149
0.448331
0.0442544
0.223524
0.695925
0.350178
0.0817816
0.153874
0.688569
0.862556
0.496473
0.240487
0.851342
0.818359
0.987375
0.123785
0.994697
0.921064
0.997789
0.959116
0.156679
0.149967
0.127501
0.218614
0.0911953
0.222393
0.189864
0.262907
0.163249
0.485019
0.244822
0.188966
0.159284
0.172606
0.362435
0.102304
0.19043
0.026292
1.0688e-10
0.0386531
0.303302
0.263662
0.557629
0.289172
0.490791
0.334525
0.319479
0.287108
0.272177
0.166952
0.211533
0.454206
0.164196
0.114562
0.391296
0.237049
0.594804
0.586409
1.05386e-10
1.02677e-10
0.0362983
1.1404e-10
0.335049
0.0788684
0.208566
0.35719
0.813709
0.0650093
0.0220027
1.04257e-10
0.409639
0.47598
0.504544
0.630364
0.615823
0.248723
0.504637
0.497815
0.491687
0.280286
0.193937
0.586549
1.04571e-10
1.04576e-10
0.346328
0.606482
0.520093
0.31704
0.340703
0.198706
0.505577
0.304256
0.267933
0.572057
0.273076
0.453301
0.275164
0.501559
0.712866
0.512586
0.369641
9.84631e-11
0.136319
0.177945
0.000405003
0.0232112
0.698308
0.272934
0.38074
0.745651
0.240229
0.416073
0.303671
0.698294
0.356019
0.380396
0.305138
0.0684655
0.202249
0.925149
0.692378
0.58048
0.789448
0.775806
0.926173
0.810816
0.754972
0.892691
0.282841
0.828596
0.0081891
0.0208117
0.105239
0.762028
0.0962959
0.0273243
0.517562
0.351895
0.11581
0.305273
0.833373
0.511166
0.308898
0.507001
0.0622265
0.208518
0.855909
0.686952
0.56949
0.733901
0.0900744
0.00350201
1.07658e-10
1.06128e-10
1.00972e-10
0.00162525
1.12776e-10
0.099421
1.12043e-10
0.0218025
0.0298724
0.0047891
1.02836e-10
1.09018e-10
1.14197e-10
0.00146988
0.0247214
0.0623024
0.0248034
9.7586e-11
0.0917146
1.13349e-10
0.14757
0.123464
0.228939
9.91489e-11
0.279561
0.879376
9.54484e-11
1.11018e-10
0.00698955
0.00356971
0.00915885
0.0060189
0.142106
0.145797
0.326113
0.0973327
0.27774
0.0704539
0.628508
0.0852074
0.349106
0.280355
0.440946
0.376801
9.88956e-11
0.121003
0.0528171
0.0190947
9.6772e-11
0.00160119
1.06576e-10
1.1602e-10
9.86109e-11
1.00997e-10
1.10921e-10
0.00206585
0.946802
0.0392427
0.658789
0.153962
0.688726
0.497115
0.562944
0.424897
0.324198
9.77436e-11
0.0289255
0.0870727
0.0644665
0.126435
1.01892e-10
0.0606844
0.226514
0.041905
0.00243712
0.0652811
0.219562
9.69253e-11
1.00426e-10
0.0906402
0.0943856
0.0882674
9.48764e-11
0.010298
9.50507e-11
9.85417e-11
9.95034e-11
0.00131424
0.0572376
0.0905848
9.85254e-11
0.0739069
0.0190115
0.0209122
0.0758603
0.00181159
0.0851203
0.0184327
0.0344893
9.97393e-11
0.00521378
0.000191504
0.340854
0.0907061
9.85674e-11
0.00305095
0.0958521
0.0979072
9.65256e-11
0.000215696
0.0924734
9.76704e-11
0.0359548
9.50513e-11
0.0789574
0.0900964
9.75485e-11
0.0983188
0.0280642
0.0860285
0.022872
0.201145
0.125533
0.139732
0.0871903
0.130541
0.206575
0.0483742
0.239789
0.186183
0.135661
0.264834
0.0771044
0.0885157
0.134683
0.117387
0.195619
0.120342
0.233289
0.0226756
9.61017e-11
9.30313e-11
0.0126905
9.98719e-11
0.136608
0.0811422
0.131504
0.0968217
0.0837321
0.0798091
0.0810301
0.120473
0.125855
0.0866482
0.108725
1.04772e-10
0.056716
0.202019
0.0543097
0.0348318
0.167482
0.241256
0.0355046
0.179974
0.0938701
0.1
0.0640042
0.11252
9.99292e-11
0.0352383
0.0119066
0.121812
0.0189485
0.0920616
0.0898068
0.10406
0.053863
0.0518517
9.85084e-11
0.000341069
0.138313
9.8212e-11
0.0566879
0.000783372
0.26135
0.0900223
0.180808
0.114205
0.0959791
0.0850004
0.000437208
9.46092e-11
9.86693e-11
0.00743043
0.15217
0.0914949
0.0159078
0.143452
0.0979894
0.00695753
0.0113799
0.179552
9.64945e-11
0.0262579
9.79668e-11
0.0364814
0.10441
9.32648e-11
1.01217e-10
9.93401e-11
9.32388e-11
9.44117e-11
0.531992
9.89391e-11
0.25148
0.0144329
9.96344e-11
9.92416e-11
0.0668947
0.0633544
0.0226969
0.0705619
0.0467056
9.60046e-11
0.727221
0.0141676
9.84811e-11
0.0500914
0.30891
0.0694527
0.180925
0.138881
0.169923
0.0655075
0.0876994
0.142015
0.176759
1e-10
9.68652e-11
0.171856
0.00493418
9.63197e-11
9.86364e-11
0.01414
0.00368101
0.37086
0.318515
0.0208261
0.283168
9.2976e-11
0.00451061
9.53518e-11
0.097934
0.040357
0.0862878
0.165608
0.151854
0.0784722
0.258545
0.0697718
0.236011
0.131747
0.678965
0.114181
0.647302
0.655418
0.627617
0.666576
0.159282
0.00904098
0.272778
0.458346
0.0109276
9.82246e-11
0.057664
0.019122
0.0188429
0.0315303
0.0943123
0.0159236
0.0904713
0.0949215
0.140261
0.000836619
0.151404
1.04082e-10
9.67222e-11
0.0455458
0.510138
0.144007
0.148488
0.32281
9.90851e-11
0.0105465
0.00219507
0.000745184
9.75081e-11
0.012104
1e-10
1.00916e-10
0.0806303
0.724468
0.179988
1.00559e-10
0.210049
0.0770002
0.153235
0.188051
0.0174698
0.217163
0.152906
0.193862
0.494325
0.0119775
0.295658
0.253339
0.176899
0.0945898
0.167594
0.0492437
0.153465
0.377045
0.465301
0.139378
0.0886857
0.065454
1.00008e-10
0.145006
0.18308
1e-10
9.4947e-11
0.0446784
0.143736
0.259529
0.0253032
9.82846e-11
0.049626
0.0223015
0.0406004
0.0807384
0.127778
0.22447
0.154959
0.224906
0.0808039
0.242719
0.832783
9.29513e-05
1e-10
1.0043e-10
9.9886e-11
0.064153
0.00645679
8.66081e-11
0.00101912
9.68761e-11
0.087277
0.0485261
0.194221
0.197401
0.113403
0.257298
0.167415
0.165345
0.0820955
0.00816929
0.185633
0.0895889
0.0828637
0.037765
0.129278
0.0886549
1.01333e-10
0.0185384
0.0835829
0.0892548
0.0869821
0.0836542
0.000385179
1.04494e-10
0.203069
9.69353e-11
0.0444978
0.0140597
0.0950175
0.00677849
0.408499
0.00173849
0.0710095
9.63676e-11
0.0261245
9.54432e-11
0.0944243
0.0985778
0.19915
0.180438
0.174146
0.0774165
0.0994739
0.233986
0.0433359
9.78674e-11
0.175536
0.0952895
0.248196
1.11859e-10
1.00199e-10
0.121584
0.0733733
9.41487e-11
0.0524244
0.0200955
0.0210621
9.77052e-11
0.0929946
9.80467e-11
0.0809434
0.0844931
0.0902996
0.0921959
0.0916662
0.00760726
0.0932672
0.0589798
0.122928
0.0295252
0.153442
0.0980528
0.107266
0.00851681
0.269195
0.03437
0.104575
0.0323996
0.0686451
0.0849981
0.381487
0.596782
0.913474
0.891978
0.610319
0.199308
0.65633
0.699439
0.60081
0.74667
0.697644
1.02271e-10
0.0906686
1.05769e-10
0.241894
0.0442295
0.0388974
9.78907e-11
0.0371634
0.495548
9.28358e-11
9.12945e-11
0.542543
0.339898
1e-10
0.00333543
9.29694e-11
0.249469
0.283632
1.29107e-10
0.0429847
9.74516e-11
0.131481
0.0994971
1.07037e-10
9.72872e-11
0.0987627
1.01517e-10
1.02972e-10
1.00178e-10
1.03977e-10
0.0101824
1.08331e-10
0.000384378
1.05171e-10
0.01016
0.0032355
9.82336e-11
0.00299284
1.00469e-10
9.98751e-11
9.84388e-11
1.01242e-10
1.09121e-10
0.0145406
1.08862e-10
9.88608e-11
1.0513e-10
9.79229e-11
9.64121e-11
1.14958e-10
0.0219055
1.17083e-10
1.04069e-10
0.00190229
1.04678e-10
0.00130316
0.0101253
1.04937e-10
1.02392e-10
1.05128e-10
1.1068e-10
0.0811158
9.7668e-11
9.6039e-11
0.00467012
0.157035
0.000470725
0.182885
0.173844
9.98812e-11
9.66082e-11
0.0339114
0.0816319
0.0550962
9.84625e-11
1.05012e-10
0.0195934
9.93001e-11
1.09321e-10
9.97852e-11
9.91229e-11
0.00605245
1.02723e-10
0.076606
0.0971466
0.0896883
0.135604
0.180599
0.278991
0.157046
0.242376
0.218811
0.294484
0.109416
0.0961057
0.135787
0.12932
0.0802498
0.108876
0.0753143
0.0196606
9.60782e-11
0.0801772
0.109161
0.228165
0.431901
0.120064
0.257825
0.120321
0.102053
9.78964e-11
0.077677
0.0585758
0.0354397
0.0900811
0.16885
0.204465
0.0891415
0.114296
0.34827
0.227796
0.109375
0.118733
0.13599
0.170237
0.200528
0.0942059
0.106748
0.0743978
0.149063
0.191674
0.244837
0.235317
0.0442566
0.432102
0.218575
0.877486
0.770149
0.661457
0.651886
0.686499
0.953141
0.808465
0.482012
0.329051
0.685859
0.763277
0.702951
0.988264
0.0218849
0.0425956
0.801784
0.204883
0.607219
1
0.612671
1e-10
0.874389
0.859166
0.739748
0.0638374
0.017526
0.110151
0.220298
0.168809
1.00204e-10
0.0174716
0.00211849
0.00927313
0.336503
0.267197
0.171973
0.118284
0.275979
0.199864
0.00132735
0.00626199
0.0473968
1.05352e-10
0.000137204
9.3483e-11
1e-10
9.85851e-11
0.987594
0.979191
0.201135
0.0940831
0.295786
0.139441
1.07109e-10
0.00173424
9.27855e-11
1.13208e-10
1.22716e-10
0.056903
9.84151e-11
9.55288e-11
1.01818e-10
0.00222693
9.96866e-11
1.04538e-10
9.8694e-11
1.08828e-10
1.07134e-10
1.02313e-10
1.01955e-10
1.02873e-10
1.02834e-10
1.02739e-10
1.03671e-10
1.04007e-10
0.198567
1.02624e-10
0.0264199
1.25209e-10
1.03361e-10
1.14475e-10
1.0398e-10
1.02466e-10
1.00323e-10
1.0055e-10
1.14939e-10
9.82954e-11
1.09955e-10
0.000143081
1.0703e-10
1.02907e-10
1.00151e-10
9.61992e-11
0.00179554
1.03641e-10
1.03096e-10
9.91208e-11
1.10984e-10
1.0343e-10
1.02053e-10
1.0616e-10
1.01186e-10
9.7963e-11
9.59553e-11
9.94464e-11
0.000189806
1.04075e-10
1.02122e-10
1.08568e-10
9.81515e-11
1.0174e-10
0.000634639
1.04612e-10
1.01714e-10
9.92656e-11
1.01002e-10
1.04274e-10
0.110617
6.09256e-11
0.471236
0.491769
0.280488
0.603552
0.744923
0.252585
1
0.985059
0.488536
0.932659
0.846266
0.501758
0.849806
0.448011
0.322136
0.0121742
0.0752995
0.529689
0.964625
0.956879
0.884338
0.984055
0.0169813
0.521348
0.0988057
0.0443732
0.00538774
0.00026466
0.239428
0.1
0.173608
0.209118
0.0504169
0.17576
0.139637
0.178375
0.233224
0.0279847
0.167628
0.178493
0.206206
0.11745
0.0892946
0.0683658
1.06746e-10
1.0658e-10
9.97914e-11
0.233828
1.15177e-10
0.308326
0.217328
0.184534
0.0969501
0.311419
9.82896e-11
1.04794e-10
0.0493563
0.396846
0.0979092
0.118708
0.159222
0.192807
0.507475
0.12377
9.60255e-11
0.257312
1.00121e-10
1.01565e-10
0.214277
0.079137
1.16988e-10
1.04056e-10
0.0494509
0.14744
0.0270119
0.00233599
0.0949916
0.0383476
1.00097e-10
1.0796e-10
1.01548e-10
1.00621e-10
1.07075e-10
0.0237182
0.19487
0.0803245
0.0615422
0.00363555
0.0342251
0.131421
1.00271e-10
1.18518e-10
0.0292084
9.92432e-11
0.00201242
0.00569872
1.12382e-10
1.20377e-10
1.00628e-10
1.10271e-10
0.00665988
1.02127e-10
9.67881e-11
1.02263e-10
1.15144e-10
1.01831e-10
0.0324205
1.01237e-10
0.00435821
1.11406e-10
0.0402041
0.025876
1.05058e-10
1.14965e-10
1.07634e-10
1.15356e-10
0.00316566
9.83657e-11
0.0527354
1.0144e-10
1.07144e-10
0.00192858
1.0704e-10
1.08869e-10
1.02725e-10
0.00478327
9.87255e-11
1.00563e-10
0.0125
9.76388e-11
9.88285e-11
1.00928e-10
1.002e-10
0.0881599
9.95187e-11
1e-10
0.000440391
0.0128796
9.99492e-11
0.0318494
1.0319e-10
1e-10
0.700922
0.000534622
9.48292e-11
1.15428e-10
1.05816e-10
1.06772e-10
1.00545e-10
1.02724e-10
9.98676e-11
1.00921e-10
1.01733e-10
9.97366e-11
1.03108e-10
1.00369e-10
1.03335e-10
9.94366e-11
9.83589e-11
9.9116e-11
9.73674e-11
1.00754e-10
1.04653e-10
9.81931e-11
0.363439
0.0287996
0.00287582
0.0511922
0.148789
0.581466
0.983143
9.96804e-11
9.99963e-11
1.04079e-10
9.90769e-11
0.0611511
1.01171e-10
1.15218e-10
1.03659e-10
9.95079e-11
9.84143e-11
1.00136e-10
1.01807e-10
0.00234818
1.07536e-10
9.83632e-11
9.31432e-11
0.00179283
9.80257e-11
9.59961e-11
9.22439e-11
9.90122e-11
1.04764e-10
9.911e-11
9.94943e-11
9.834e-11
1.08123e-10
1.00006e-10
1.13295e-10
1.00659e-10
1.00912e-10
1.02597e-10
9.75224e-11
1.00644e-10
9.98371e-11
1.05576e-10
1.1181e-10
1.02879e-10
1.03212e-10
1.0229e-10
0.00431655
1.04457e-10
1.04337e-10
1.02225e-10
9.64834e-11
1.01244e-10
1.01204e-10
1.01743e-10
1.12017e-10
1.01322e-10
9.90475e-11
1.12032e-10
1.00584e-10
0.0365022
9.99994e-11
0.0110286
1.00297e-10
9.95381e-11
0.143764
0.000395652
0.000419913
1.06032e-10
0.00789658
1.00431e-10
1.00671e-10
1.35013e-10
9.83233e-11
1.00003e-10
1.00623e-10
1e-10
0.741298
9.76953e-11
1.05175e-10
1.07858e-10
1.02419e-10
1.13399e-10
1.01828e-10
0.119959
0.0694628
0.110795
0.260983
1.08e-10
9.9768e-11
1.04464e-10
1.04161e-10
0.00126996
0.00168463
1.04429e-10
1.08652e-10
1.01802e-10
1.00711e-10
1.07315e-10
0.017192
0.0386691
1.01021e-10
9.25742e-11
1.03349e-10
9.99797e-11
0.0200614
0.00648365
1.18866e-10
0.0858335
0.545241
0.178876
0.067403
0.0299798
0.00763296
0.0694603
0.0159549
0.0010652
0.0365175
0.0235644
0.122598
9.95714e-11
0.241111
0.131397
0.0153895
0.00269809
0.00323605
0.147466
0.0443614
0.0439703
0.0145667
9.92558e-11
9.77825e-11
9.11411e-11
0.000269618
9.99475e-11
9.94481e-11
1e-10
1.00018e-10
0.0015346
0.03679
1e-10
0.0022684
1.01609e-10
0.0188684
0.0459973
0.000532277
0.0872737
0.0674195
9.96738e-11
1.05677e-10
9.58517e-11
0.00011606
1.00091e-10
9.49181e-11
0.0145092
0.00318379
0.0399609
0.00361798
0.00548616
9.72554e-11
0.00306419
0.00549304
1.01125e-10
1.05073e-10
1.03417e-10
1.01801e-10
9.99838e-11
1.18695e-10
1.0025e-10
1.05642e-10
9.97307e-11
1.00678e-10
1.0229e-10
0.000318579
1.00477e-10
9.90985e-11
1.02042e-10
9.7281e-11
1.02476e-10
1.01823e-10
1.04833e-10
1.05236e-10
1.04742e-10
1.00812e-10
1.04723e-10
1.05916e-10
1.0071e-10
1e-10
9.82803e-11
0.000818364
1.14324e-10
9.75417e-11
1.04764e-10
0.00232834
1.02725e-10
1.02031e-10
1.00146e-10
1.01492e-10
1.00073e-10
9.79493e-11
1.0068e-10
9.874e-11
0.00801679
1.00766e-10
9.93355e-11
1.00159e-10
1.02402e-10
1.0064e-10
9.99692e-11
9.92377e-11
9.96626e-11
1.00978e-10
1.00338e-10
1.06665e-10
1.01288e-10
9.99995e-11
1.00989e-10
1.29323e-10
0.454327
0.0326985
0.0202936
9.94485e-11
1.14811e-10
0.0312512
0.415494
0.0486884
1.00453e-10
9.87908e-11
9.92005e-11
1e-10
9.83511e-11
0.193767
0.00369974
0.013357
0.00219816
9.61975e-11
0.00714915
9.84923e-11
0.00177117
1.08683e-10
0.00856499
1.00043e-10
9.91738e-11
9.9425e-11
0.00134306
1e-10
0.847744
0.0562976
0.162993
0.996285
0.0305253
1e-10
0.0436235
0.488714
0.000231197
9.90766e-11
0.0411455
0.0130677
1.00069e-10
1.00399e-10
0.0407107
0.03134
0.15088
0.134659
0.0537551
0.0545628
0.000562955
9.98953e-11
0.000579879
0.719591
0.521398
1.00024e-10
0.500014
0.332144
0.134049
0.0177152
0.0347818
9.86569e-11
0.239953
0.148794
0.024185
9.76939e-11
0.0413488
9.92173e-11
0.0113437
0.000194814
9.9588e-11
1e-10
0.00277439
9.95028e-11
1e-10
9.9795e-11
0.00792022
0.00418936
0.161934
0.00209112
9.52713e-11
0.021508
9.82148e-11
9.71473e-11
9.47402e-11
9.81238e-11
0.0627761
0.190647
0.0146242
1.01405e-10
1.01041e-10
0.0418312
9.25688e-11
9.58037e-11
0.147307
0.286644
9.93842e-11
0.0536561
9.46374e-11
9.6414e-11
0.243374
0.0366544
0.0783024
0.107417
0.00271483
0.0121985
9.77377e-11
0.0892236
9.57188e-11
0.135916
9.73846e-11
9.84868e-11
9.57741e-11
0.218537
0.0224884
1
0.153847
0.0624377
0.925016
0.01584
0.00261198
0.837251
0.868324
0.758167
0.00704806
0.00973651
0.991251
0.0404121
0.999595
0.225333
0.986688
0.790439
0.0173923
0.890902
1e-10
0.0383926
1e-10
0.0646274
0.74394
0.841313
0.109125
0.298081
0.667468
0.804276
0.295619
0.493732
0.745742
0.115706
0.635457
0.543776
0.575676
0.720738
0.766953
0.554941
0.874902
0.504374
0.207182
0.56919
0.763431
0.818139
0.259522
0.72369
0.807555
0.85024
0.864374
0.800042
0.470282
0.18667
0.564428
0.520691
0.0617619
0.176886
0.438494
0.428894
0.0585983
0.319644
0.149783
0.173435
0.130106
0.0594792
0.0309677
0.256608
0.074595
0.378043
0.490146
0.184054
0.227176
0.128183
0.150418
0.237201
0.0582257
0.0935038
1e-10
0.0651284
0.998844
1
0.908394
1
0.988626
0.965385
0.972804
0.192702
0.0821467
0.528585
0.63421
0.526339
0.56612
0.641231
0.336647
0.222552
0.00610381
0.137962
0.402263
0.375528
0.209182
0.176948
0.473951
0.415858
0.240561
0.160104
1.00057e-10
0.171329
9.85793e-11
0.181936
0.455679
0.484434
0.0370317
0.00246738
0.446489
0.290377
0.323077
0.261424
0.46188
0.0797099
0.163431
0.38821
0.359164
0.237005
0.446498
0.0997116
0.391963
0.187202
0.419894
0.216757
0.141817
0.293465
0.246441
0.245156
0.447916
0.548903
0.24855
0.39246
0.142198
0.440799
0.389893
0.318011
0.379247
0.025277
0.419571
0.126362
0.513482
0.336966
0.222392
0.321851
0.404253
0.400449
0.354359
0.0874173
0.157466
0.234132
0.121901
0.297972
0.321729
0.23175
0.0796516
0.0600942
0.341779
0.351827
0.237186
0.555649
0.0942047
0.0916915
0.11656
0.165104
0.231436
0.293368
0.390003
0.22421
0.170142
0.294334
0.562499
0.261642
0.510292
0.438101
0.256147
0.169168
0.355116
0.0642973
0.11258
0.0921312
0.517502
0.243679
0.28999
0.471867
0.122717
0.0930671
0.233463
0.45957
0.19958
0.22439
0.175809
0.279525
0.407804
0.11161
0.228024
0.179359
0.111852
0.127338
0.386559
0.456107
0.338874
0.522399
0.360545
0.389263
0.349621
0.368772
0.444186
0.303416
0.301224
0.455096
0.181795
0.232006
0.27878
0.437088
0.207113
0.25794
0.355425
0.288529
0.239002
0.615735
0.471391
0.182037
0.00695804
0.341477
0.403033
0.204682
0.341729
0.425824
0.103955
0.120322
0.134995
0.1161
0.26485
0.0909828
0.105262
0.205426
0.183072
0.269223
0.246225
0.079156
0.0905869
8.86288e-11
0.0640805
0.0407616
0.208318
0.132099
0.350573
0.176708
0.148857
0.134981
0.0891391
0.11669
0.0775009
0.0832623
0.0441347
0.0743326
0.0151247
0.000912314
0.0175977
0.169953
0.0314306
0.00245014
0.198353
0.000611104
9.70424e-11
9.89044e-11
9.97279e-11
1.00541e-10
9.6967e-11
9.25881e-11
0.0928744
9.62209e-11
0.0646327
0.0242369
0.0810247
0.195559
0.233748
0.0996169
0.0975055
0.117261
0.0834111
0.183276
0.0891229
0.10181
9.69521e-11
1.07045e-10
0.0936192
0.0845035
0.0726741
9.36809e-11
0.124759
0.171681
0.0623606
0.177139
0.0844555
0.0124584
0.2239
0.151285
0.181398
0.150465
0.231071
0.142237
0.172104
0.178912
0.068874
0.0798878
0.141698
0.164104
0.195926
0.0537094
0.169802
0.0892397
0.178974
0.000359394
0.0820027
0.0519371
1.05693e-10
0.09084
0.0945572
0.0865489
0.0372553
1.02149e-10
0.0355116
0.0262351
0.0880214
0.0179718
9.49524e-11
1.00824e-10
0.0432299
0.0905323
0.0740732
9.08702e-11
0.0220206
0.0248157
0.0901759
0.157173
8.62164e-11
0.0100974
1.02073e-10
1.00362e-10
9.41265e-11
9.89096e-11
9.21591e-11
0.0925979
0.101164
0.0098511
1.26895e-10
9.8278e-11
0.0131983
1.18567e-10
1.00455e-10
1.0819e-10
9.59985e-11
1.13411e-10
0.00110306
0.0876375
1.02292e-10
0.00313547
0.000393999
0.00417601
1.01746e-10
0.00324139
9.46458e-11
1.05065e-10
0.0272144
1.13884e-10
1.04601e-10
1.03897e-10
0.000108009
8.66918e-06
9.54385e-11
0.00171875
1.15252e-10
1.10412e-10
1.1649e-10
0.00360845
0.128564
0.0285326
0.0103481
9.57493e-11
1.01356e-10
1.09947e-10
0.0539248
0.0353917
1.0138e-10
0.00026113
0.119435
0.0899106
1.00175e-10
0.0944648
0.23229
0.106774
0.101871
0.0874465
0.00634994
0.00094525
1.03436e-10
0.0346345
9.90588e-11
1.0289e-10
0.0490578
9.8786e-11
1.07926e-10
1.04376e-10
1.09169e-10
1.01514e-10
9.60282e-11
9.37831e-11
0.177222
0.161077
0.0895339
0.0789863
0.0649565
0.00328733
9.8232e-11
0.000704785
0.0713315
0.0564384
9.86938e-11
1.01031e-10
1.04111e-10
1.01991e-10
0.00228499
0.017899
1.05815e-10
1.02838e-10
1.00304e-10
0.0614536
0.0170992
1.01507e-10
0.0340749
9.95592e-11
0.00096102
1.0487e-10
9.49985e-11
0.0314563
1.05677e-10
1.18944e-10
1.16417e-10
1.06112e-10
1.06794e-10
0.094318
0.0207415
0.0851344
0.00152585
1.07847e-10
9.53698e-11
1.07626e-10
0.0898485
1.04928e-10
0.160326
9.36119e-11
0.0125112
9.80853e-11
9.39218e-11
1.03956e-10
0.00533598
9.55363e-11
0.0146849
9.7543e-11
0.0971595
0.0648398
0.144873
0.0794479
1.03638e-10
9.66933e-11
0.000396665
0.0035543
0.0525762
0.0623475
0.0179217
9.53524e-11
1.84214e-10
9.66853e-11
0.0770905
1.08178e-10
1.05029e-10
9.79335e-11
0.000242347
0.0751903
0.0659464
0.0835354
0.031894
0.140716
0.11835
7.48401e-05
1.05312e-10
1.04039e-10
8.12726e-05
0.0345877
9.65157e-11
9.88067e-11
9.79417e-11
0.00331918
0.0730445
9.66843e-11
0.00184466
1.11492e-10
9.5211e-11
1.04253e-10
0.0064435
0.0963454
0.0742133
0.000623146
2.13187e-05
9.34463e-11
9.72158e-11
0.0154405
9.82715e-11
9.78677e-11
9.98884e-11
9.92027e-11
9.88049e-11
1.02637e-10
0.000362401
0.0652614
0.00520497
9.9174e-11
0.0468729
1.0456e-10
0.622421
9.76686e-11
9.69919e-11
0.0121309
0.0674768
9.88252e-11
0.113147
9.64095e-11
9.41472e-11
1.02132e-10
0.075732
1.06531e-10
0.0357003
1.03282e-10
9.71711e-11
1.00006e-10
9.68983e-11
0.079946
0.111697
1.09155e-10
9.52286e-11
0.0823017
0.0485634
0.0819666
0.100322
0.0915735
0.0210177
1.02875e-10
0.0339941
0.0506738
9.60132e-11
0.0126653
1.06069e-10
0.00164798
1.07449e-10
0.041681
0.060124
0.0708248
0.0348655
0.0681501
1.11425e-10
0.00279224
0.00471893
0.0707274
0.0554645
1.00708e-10
1.04017e-10
0.00908166
0.0695212
0.0739894
0.0814418
0.078652
0.0748012
0.0102638
1.02198e-10
0.108801
9.89823e-11
0.000386811
1.00655e-10
0.0912122
0.21564
0.413103
0.0239708
0.0897249
0.0365439
0.0981581
0.630563
1.007e-10
1.02166e-10
1.00428e-10
6.02616e-05
0.153798
0.286575
0.311834
0.638641
0.794234
0.0290554
0.299044
0.21986
0.173767
0.209039
0.130349
0.249524
0.15483
0.0668904
0.0755479
0.149466
0.0685562
1.02252e-10
0.149594
1.0625e-10
0.0424481
1.01879e-10
0.474568
0.687099
0.403572
0.751457
0.527821
0.0840042
0.265808
0.0949292
0.693955
0.179081
0.0810252
0.692423
0.264565
0.174437
0.406137
0.429908
0.720973
0.0176356
0.231752
0.511609
0.0396301
0.962566
5.90588e-06
0.0777117
0.527855
0.285262
0.29537
0.671111
0.506941
0.376577
0.141682
0.454569
0.35372
0.0627606
0.197727
0.415555
9.99129e-11
0.0417803
0.0637874
0.0031416
0.0654335
0.0188838
0.0598672
0.0668762
0.50217
0.19731
0.1805
0.104718
0.0840571
0.000539108
0.00155893
1.01426e-10
0.505479
0.297819
0.335404
0.099904
0.654072
0.21219
0.074862
0.986882
0.00155683
0.0385957
9.34864e-11
9.70542e-11
0.471033
0.0432906
0.676769
0.957451
0.398981
0.219505
0.13614
0.0994892
0.0637112
0.0126878
0.240389
0.410226
0.72322
0.892561
0.997709
1
0.63599
0.950619
0.984699
0.116326
0.113826
0.986011
0.332215
0.0388098
0.0387027
0.0672711
0.000141993
0.0596221
0.0710556
0.104471
0.0569113
1e-10
0.0595591
0.0140234
0.0101502
1e-10
4.14753e-05
1.00337e-10
0.510296
0.57086
0.0393938
0.178747
0.0312404
0.146167
0.0196707
0.332132
0.132366
0.137801
1.00505e-10
0.158335
0.000854205
0.072154
0.039144
0.0103385
9.09138e-11
0.0118093
9.93168e-11
1.03114e-10
0.0156818
0.308953
0.751639
0.444968
0.385859
0.285267
0.42383
0.419057
0.0426993
0.244195
0.0837094
0.467747
0.169469
0.627566
0.0868784
0.325018
9.57596e-11
0.0793403
9.70422e-11
0.00432557
0.000917276
0.0719685
0.08472
0.69189
0.515707
0.618075
0.663201
0.429497
0.127577
0.115416
0.0858695
0.12777
0.0481519
9.82481e-11
0.08776
0.0753734
0.0579546
0.00868219
0.149619
0.0247911
0.027198
0.00030205
0.0405431
0.239558
0.225523
0.0587878
0.00557311
0.0991103
0.0273127
1.06384e-10
1.15633e-10
1.00772e-10
1.01722e-10
9.92617e-11
0.0441218
0.0481333
1.03753e-10
9.10391e-11
0.0909871
1.03579e-10
1.18721e-10
1.13784e-10
1.03533e-10
1.02232e-10
0.0780267
0.0735678
0.100382
0.0586223
1.00853e-10
0.0737101
1.07591e-10
0.0118778
0.00411532
1.07407e-10
0.063691
0.0502572
0.0758621
0.0725868
0.669634
0.149397
9.92341e-11
1.0942e-10
0.105746
0.185018
9.98083e-11
0.0829183
0.0574882
0.0261176
0.00472855
0.0581907
1.04901e-10
1.02204e-10
1.07377e-10
9.91577e-11
0.0379585
0.0279394
1.05696e-10
0.00066385
1.0271e-10
0.0700046
1.15468e-10
0.00444229
1.06652e-10
1.14377e-10
0.626056
0.030134
1e-10
9.90239e-11
1.01667e-10
9.22171e-05
9.99498e-11
9.93131e-11
1.04535e-10
0.0171855
9.52419e-11
0.0013329
1.00921e-10
0.000330073
9.68634e-11
8.82428e-11
0.00254899
1e-10
0.072813
0.126143
0.262218
0.162424
0.0428305
0.25959
0.117381
0.0631935
0.12031
0.322494
0.0507636
9.64202e-11
1.07511e-10
0.0625609
1.02006e-10
0.0803268
9.89247e-11
9.74808e-11
9.7317e-11
9.96654e-11
0.00511015
9.69458e-11
5.02668e-05
0.0033054
0.0472732
0.08534
0.102837
0.632088
0.0539339
0.40876
0.477387
0.119772
0.613269
0.162002
0.0273215
0.114367
0.422134
0.598325
0.71314
0.499114
0.49314
0.413804
0.766605
0.785356
0.674644
9.50295e-11
0.31012
0.113904
0.10384
0.00732408
0.0617352
0.0962214
0.210204
0.0618047
0.0773194
0.176944
0.426038
0.139487
0.29182
0.17787
0.154059
0.169539
9.66943e-11
0.05377
0.0711142
0.288468
0.269897
0.331209
0.388565
0.125785
0.380334
0.349464
0.552167
0.0245893
0.20722
0.225878
0.047011
0.00173688
0.192998
1.05387e-10
1.11187e-10
0.0829539
0.149552
0.116606
0.11643
0.23544
0.594182
0.181302
0.281815
1.13194e-10
0.0974909
0.0965754
0.0328081
0.0555632
0.0703782
0.0875605
0.0324278
0.0058923
0.0278853
0.179234
0.179163
1.0531e-10
0.0654858
0.512596
0.269216
0.19241
0.512632
0.41665
0.0963287
0.441815
0.22058
0.137316
0.0730671
0.283915
0.015653
1.05286e-10
0.00106999
1.05261e-10
1.05016e-10
1.06192e-10
9.30037e-11
1.00697e-10
0.0096961
0.00045283
9.65612e-11
1.03869e-10
1.01008e-10
1.22166e-10
9.67645e-11
1.09702e-10
1.00889e-10
9.3798e-11
1.21514e-10
0.0286849
1.10651e-10
1.08056e-10
1.0689e-10
2.12328e-10
0.00132206
1.02779e-10
1.03605e-10
9.17424e-11
1.05262e-10
1.03518e-10
8.91725e-11
1.01281e-10
1.01756e-10
9.86724e-11
1.10333e-10
9.82021e-11
9.38046e-11
9.82518e-11
0.258559
0.197356
9.65443e-11
0.0947848
0.0255476
1.08694e-10
0.0646902
0.00886319
1.10592e-10
1.14564e-10
9.99487e-11
9.45609e-11
9.83389e-11
0.285169
9.9917e-11
7.76701e-05
1.053e-10
1.44141e-10
1.04567e-10
9.95517e-11
0.0707253
0.273508
0.0375541
0.236112
0.0249839
0.0659539
0.0231127
0.207079
0.380973
1.0223e-10
1.066e-10
0.357164
0.097222
0.160085
0.137302
0.353426
0.151563
0.185852
0.272407
0.268166
0.227261
0.417781
0.506123
9.32998e-11
1.04177e-10
9.59269e-11
9.66673e-11
9.63234e-11
9.94297e-11
0.295612
9.59211e-11
0.232686
0.146805
0.206476
0.558518
0.64178
9.95576e-11
0.0288641
1.05551e-10
0.0639863
0.00216328
0.141302
0.25882
0.0992221
0.0318831
0.162893
0.0887589
0.0992792
0.615103
0.383114
0.572187
0.078984
0.298546
0.163732
0.389008
0.201727
0.246751
9.62233e-11
0.0271302
1.03634e-10
1.16401e-10
0.000196293
1.17424e-10
0.077862
1.05894e-10
0.00395465
1.13776e-10
1.01411e-10
0.0106039
1.26745e-10
0.0654946
0.0418255
0.1125
0.0972803
0.0906574
0.094727
0.093656
0.362277
0.00385091
0.0329999
1.2324e-10
0.0297508
1.19796e-10
0.00114396
1.31753e-10
1.02918e-10
9.17565e-11
0.000674487
9.55964e-11
1.13567e-10
0.00123594
0.00181561
1.08879e-10
1.0122e-10
1.04195e-10
1.05812e-10
1.11466e-10
1.14413e-10
1.03152e-10
0.000114773
1.26068e-10
0.000826503
1.13074e-10
9.99013e-11
9.36774e-11
9.80447e-11
9.43217e-11
9.92425e-11
9.56566e-11
1.90318e-10
9.55168e-11
1.18387e-10
1.00811e-10
1.02512e-10
1.05452e-10
1.06499e-10
1.08026e-10
1.05201e-10
1.08242e-10
0.125
7.85414e-11
0.0977536
0.0789285
8.86479e-11
9.88545e-11
0.0569393
0.0206961
1.33128e-10
1.02305e-10
1.00041e-10
9.87649e-11
9.889e-11
1.00923e-10
3.42076e-05
9.49744e-11
9.56569e-11
9.76789e-11
9.83432e-11
1.07786e-10
9.98432e-11
1.01818e-10
9.54744e-11
1.00482e-10
0.00366798
9.66423e-11
1.01984e-10
1.01492e-10
1.02144e-10
9.52337e-05
1.0388e-10
1.04188e-10
1.01442e-10
1.05496e-10
1.03912e-10
9.73758e-11
0.00326949
1.00881e-10
1.04812e-10
1.02471e-10
1.01164e-10
9.37636e-11
9.83144e-11
0.00150988
0.233132
0.101591
0.139782
0.972002
0.0368146
9.94409e-11
0.0738784
0.000108824
0.431792
0.166168
0.293619
0.161542
0.146725
0.0211007
1e-10
0.207571
0.156337
0.155172
0.211626
1.0008e-10
0.0489435
0.0723331
0.781371
0.123977
0.582682
0.1846
0.47276
0.315167
0.602425
0.328804
0.356072
0.228231
0.340847
0.561069
0.37814
0.331749
0.606935
8.89142e-11
0.00343074
0.794101
0.0507222
0.138188
0.348375
0.240851
0.0955347
0.804501
0.753338
0.173546
0.0597321
9.94293e-11
0.172159
0.0676913
0.12135
0.0790404
0.0116563
0.539251
0.000998728
0.0156614
0.208505
0.749608
0.989218
0.0282249
0.0456899
0.00335128
0.0045389
9.77565e-11
0.00836866
9.99526e-11
9.75926e-11
0.00128506
9.36537e-11
9.99248e-11
9.92282e-11
0.0415667
0.254579
1
1.00305e-10
0.396103
0.00297644
0.65627
0.961262
0.985404
0.95245
0.00787376
0.00926764
0.100186
0.0610577
1.00339e-10
0.0495526
0.000427758
1.20629e-10
9.9855e-11
1.00154e-10
0.011012
8.9783e-11
0.934613
0.0580932
0.000828206
1.22664e-10
9.99855e-11
9.82163e-11
0.0517785
9.90978e-11
9.95509e-11
0.00208915
1.02397e-10
9.41974e-11
1.04308e-10
9.97736e-11
9.9198e-11
1.01451e-10
9.6783e-11
0.0216401
9.48087e-11
0.000634936
0.386277
0.0791043
0.0420104
0.126543
1.3093e-10
1.03674e-10
0.101847
0.0534681
0.15388
0.017855
0.0824275
0.378254
0.0448215
9.92959e-11
0.0393571
0.0522598
0.061046
0.0205256
0.0753597
0.0711702
1.02645e-10
1.03719e-10
0.137987
0.0671684
0.0285694
0.1405
0.537504
1.0024e-10
0.115249
0.429862
0.170088
0.152825
0.168743
0.0780996
0.427849
0.320817
0.690324
0.015941
9.29471e-11
9.2572e-11
0.0971668
9.70635e-11
0.0860888
0.0526544
0.546019
0.0887532
0.952356
0.0436883
0.137622
0.0119058
0.881477
0.00426192
0.16404
0.549453
0.341625
0.00031254
0.0568399
0.702905
0.535863
0.108203
0.227995
9.90906e-11
0.233874
0.0791955
0.0809316
0.252305
0.123369
0.266787
0.0492267
0.223014
0.251151
0.291877
0.205238
0.469598
0.884491
0.177355
0.315917
0.216175
0.108245
0.00159415
0.333064
0.282689
9.90569e-11
9.67289e-11
0.0608769
0.0378909
9.6301e-11
9.82549e-11
9.95734e-11
0.0771818
1.08016e-10
0.0884372
1.11887e-10
1.40438e-10
0.0726
1.00274e-10
9.4984e-11
9.687e-11
0.0152271
1.07237e-10
1.04638e-10
0.0138276
0.0750073
0.056395
1e-10
1.14161e-10
9.62903e-11
9.92308e-11
9.93399e-11
1.00028e-10
0.0123234
0.000665591
1.0146e-10
9.8797e-11
1.02143e-10
1.0041e-10
0.0891978
0.346123
9.43736e-11
0.0821605
9.09676e-11
0.0268424
9.86375e-11
0.0289857
0.0144526
0.059588
0.0886662
0.0999003
0.0973884
0.033577
0.0921721
9.74173e-11
0.0169844
0.762782
0.00313717
0.00253892
9.47412e-11
9.56171e-11
9.77375e-11
1.01499e-10
9.39978e-11
0.0811124
0.0995761
0.0912135
0.15122
0.307255
0.000130312
0.000841247
1.02153e-10
0.101546
0.122779
0.205623
0.0909767
0.0783806
0.0187274
0.145917
9.59545e-11
1.09136e-10
9.58016e-11
9.78109e-11
8.97767e-11
9.8665e-11
1.04917e-10
1.09548e-10
1.01574e-10
0.0419046
9.62313e-11
1.05095e-10
0.0813467
0.0225841
0.0449839
0.132394
9.83149e-11
1.05021e-10
0.0035663
1.08327e-10
0.0902638
0.0779658
0.0461942
0.0838035
0.0855173
1.02947e-10
9.37116e-11
0.000615075
0.00176819
8.78235e-11
0.0511672
0.0726885
9.51597e-11
1.01803e-10
0.0331868
0.0970067
0.0318356
0.0622122
0.0954774
0.0556513
0.105595
0.0416353
0.185035
0.145115
0.0677827
0.0192943
0.0158882
0.0366412
0.00353786
0.0875311
0.0289845
0.149553
1.01849e-10
0.184544
0.0755925
1.0084e-10
0.0938971
9.94511e-11
0.0777277
0.111383
9.66083e-11
0.0623512
0.193821
0.14341
0.0297535
0.0164054
0.0232014
0.0428461
0.111616
0.17834
0.140823
1.00041e-10
0.446325
0.357452
0.0918955
0.168526
0.247162
0.258494
0.0518498
9.63484e-11
0.0867588
9.44138e-11
9.67792e-11
0.000276623
9.93761e-11
0.0761398
0.000221467
0.0858523
1.05079e-10
0.0116128
0.0163951
0.0939669
0.0227764
0.0875067
0.250617
0.117388
9.62519e-11
0.0492804
0.120784
0.0562977
0.0427749
0.331382
9.88283e-11
0.304752
0.107019
0.184715
0.0679675
0.122735
0.0902738
9.95241e-11
9.99939e-11
0.0190842
0.231972
0.107079
0.0230628
9.70576e-11
0.640756
0.511495
0.133872
0.182565
0.184877
0.17039
0.0298822
1.04822e-10
0.186606
0.272474
0.0674431
0.320646
0.134002
0.393673
9.73399e-11
0.000488724
1.00008e-10
0.254585
0.0197605
0.0632652
0.0574929
0.0403492
0.256453
9.69084e-11
0.0309441
9.64562e-11
0.0809828
0.0441769
0.29585
0.0286118
0.0399351
9.36179e-11
0.000179267
0.0121351
0.0466745
0.168545
0.000774541
0.0760295
0.0558196
0.00291421
0.195909
0.0720904
0.0641447
0.0664969
0.0587765
0.0019826
0.0705122
0.0609585
0.0581851
0.0476177
0.0584348
0.0800726
0.135681
0.141271
0.13957
0.0761744
0.0618251
0.0779287
0.0645183
0.027114
0.0104954
0.0384931
0.0878224
0.0588341
0.0765616
0.0524335
0.0813351
0.0491844
0.152313
0.159936
0.0409259
0.0123392
8.89976e-11
0.00334425
9.055e-11
0.00662716
9.85286e-11
0.289236
1.03298e-10
0.107412
0.0472457
8.81878e-11
0.0418369
1.01073e-10
0.000462754
3.41909e-06
0.523437
0.0133139
0.426378
0.000883128
0.637544
0.111476
0.717723
0.570615
0.744516
0.6942
1.57719e-10
0.780273
0.616758
1e-10
0.931976
0.973249
0.768042
0.674637
0.0582596
0.829181
0.989659
0.0137332
0.142364
0.119464
0.646116
0.666159
0.919466
9.99441e-11
0.0768754
0.0150586
0.300968
0.728536
0.454719
0.44694
0.0631347
0.467706
0.297715
0.706012
0.0095094
0.000949714
0.0746654
0.0281726
0.616455
0.0702382
0.231221
0.496001
1e-10
0.0187573
0.0266006
0.0380446
1e-10
1.11588e-10
0.0434996
0.0270663
0.0838516
0.451589
0.714081
0.0483711
0.280581
0.0238862
1e-10
0.00903917
4.43208e-05
0.00598941
9.97389e-11
1e-10
0.00102815
0.0148364
9.99911e-11
0.00222794
0.00154359
9.46236e-11
6.32021e-11
0.013917
0.0114609
1.77277e-10
0.0370306
1.02124e-10
0.0369943
0.0568753
9.62822e-11
0.452964
0.553775
0.141513
0.122448
9.88001e-11
9.84814e-11
0.0943943
0.335934
0.088412
0.344394
0.123588
0.313684
0.246979
0.458588
0.260888
0.643722
0.659722
0.644835
0.350378
0.474481
0.2844
0.624274
1e-10
0.0317805
1e-10
0.710965
0.000366769
1e-10
2.46063e-06
0.0125208
1.0066e-10
0.00059092
0.000651738
9.9941e-11
9.9074e-11
9.94519e-11
0.0337334
9.99447e-11
9.82826e-11
0.0589342
0.331224
0.372601
0.00699424
0.077911
0.00472207
9.28084e-11
9.54117e-11
0.192334
0.682994
9.99208e-11
0.00304306
0.0841796
1.04104e-10
9.82565e-11
0.0553479
0.00827484
1.00771e-10
0.0301667
0.0794523
0.0525207
0.122605
0.0805449
0.195952
0.491976
0.0504918
0.077899
0.0846038
0.0717578
0.0976471
0.0871029
0.109677
0.254002
0.0826518
0.19218
0.347608
9.54916e-11
1.02786e-10
7.25779e-11
7.12246e-11
1.00605e-10
0.0716665
9.22994e-11
0.0041384
1.05201e-10
9.22405e-11
5.36563e-11
0.0649322
1.15671e-05
9.85728e-11
0.0924194
0.00107792
9.10216e-11
9.11342e-11
9.87715e-11
9.99524e-11
0.064922
0.178911
0.0143238
1.21046e-10
0.539189
0.241871
0.601887
0.083303
0.107228
0.492632
0.3001
0.537198
0.235031
0.338175
0.221633
0.448431
0.299907
0.642255
0.035756
0.298974
0.445799
0.474028
0.158302
0.378803
0.329166
0.258774
0.382709
0.493622
0.322489
0.521631
0.0331672
0.172978
0.544506
0.103759
0.542595
0.223164
0.0306581
0.306321
0.148584
0.0808825
0.00738565
0.0012804
0.0558846
9.72581e-11
0.149974
0.00130816
0.034202
1.19428e-10
0.00414069
0.0145722
9.70022e-11
0.0123164
0.0011885
9.50472e-11
0.0969128
9.71205e-11
1.08081e-10
0.033003
0.0393058
1.29507e-10
1.09902e-10
1.01334e-10
1.08081e-10
4.88445e-06
0.000255602
0.0254016
0.0338169
0.0133765
9.81411e-11
1.11116e-10
0.0590684
0.0219285
9.3083e-11
9.51523e-11
0.000841996
0.00762941
9.4066e-11
0.0254009
1.37853e-10
9.51509e-11
0.0836908
0.0808587
0.169859
0.0756363
0.131909
0.0349811
0.0851682
0.0826761
0.0527239
0.0764416
0.21851
0.0632703
0.0175967
1.01948e-10
0.214791
0.476466
0.272265
0.225287
0.181142
0.116121
0.256774
0.359904
0.146784
0.184386
0.163797
0.200403
0.471724
0.619449
0.500028
0.230996
0.0744155
0.0912176
0.19861
0.0985674
0.0695958
0.121636
0.0890439
0.042988
0.0871568
0.250226
1.06189e-10
0.197753
0.178555
0.200746
0.0799439
0.18644
0.171491
1.04626e-10
0.286532
0.156073
0.204302
0.144555
0.316503
0.342222
0.353557
0.35757
0.379662
0.422375
0.0384428
1.0095e-10
9.61115e-11
0.00994988
1.0436e-10
9.84207e-11
9.98012e-11
0.00410829
7.13738e-05
0.0053875
1.07401e-10
9.52938e-11
0.054706
0.00213058
8.78962e-11
0.0316753
0.157919
9.72529e-11
0.0553597
0.184793
0.298752
0.154201
0.0552887
0.0628941
0.0879071
0.00642094
0.111582
0.470946
0.103617
0.140615
0.374987
0.145807
0.399811
0.3308
0.0413317
0.111479
0.0617361
0.25735
0.0479148
0.233042
0.00888291
9.56593e-11
8.06477e-05
1.0943e-10
0.218854
0.153312
0.0500122
0.170138
0.129301
0.32638
0.0273444
0.00762022
0.0223724
9.97395e-11
0.312741
0.0868506
0.0789728
9.63062e-11
0.00203012
9.7092e-11
0.0758135
0.0439049
0.189719
0.176664
9.38708e-11
0.0649646
0.0877583
9.65695e-11
9.40905e-11
9.59223e-11
0.0906839
9.92123e-11
0.0913298
1.02141e-10
9.40151e-11
0.0730529
0.091907
9.74404e-11
0.140751
0.0928394
0.208303
0.0917531
0.0737346
0.00731018
1.02867e-10
0.0450371
9.93202e-11
1.04356e-10
0.128031
0.0511009
0.0749964
1.03529e-10
0.119902
0.0646309
0.0146708
1.40108e-05
0.000295553
1.04376e-10
9.83637e-11
1.02457e-10
0.187438
1.03325e-10
9.84723e-11
9.89e-11
0.133793
0.0875537
0.0932409
1.02078e-10
1.03244e-10
1.01349e-10
0.00961609
9.56913e-11
0.0305093
1.02253e-10
0.0492976
0.00134467
1.05222e-10
0.000139815
9.77876e-11
1.19252e-10
0.00574907
0.0436614
1.05295e-10
1.01017e-10
9.80339e-11
1.03676e-10
0.0156844
0.0081373
9.9393e-11
0.167315
0.194371
0.419569
0.00260102
0.101291
0.236475
1.04483e-10
0.22598
0.226395
0.117908
1.07582e-10
0.0208542
1.01433e-10
0.00904442
0.000606966
1.0781e-10
1.09752e-10
9.92812e-11
0.00446778
1.19056e-10
1.01501e-10
9.80997e-11
0.00242684
0.0160759
1.03029e-10
1.01633e-10
0.0403528
0.428853
1.00575e-10
1.00347e-10
1.00245e-10
9.85989e-11
9.72429e-11
0.0908856
9.89996e-11
0.005926
1.02304e-10
0.0202252
0.0483219
1.00263e-10
9.70128e-11
0.054798
1.01432e-10
0.0514329
0.0652533
1.11768e-10
0.814371
9.43027e-11
0.0805363
0.0761165
1.07958e-10
0.0041803
1.0407e-10
0.00086738
1.04671e-10
1.04355e-10
0.046566
1.0238e-10
1.0816e-10
0.000620548
0.00138684
1.03022e-10
0.0195343
1.01121e-10
0.0131117
0.0134258
9.94772e-11
0.000537234
1.10831e-10
1.00823e-10
1.01458e-10
1.0383e-10
0.0103185
0.000574704
9.64563e-11
1.04237e-10
0.00145174
1.00508e-10
1.03855e-10
0.0394997
1.02777e-10
1.00268e-10
0.0119556
9.82877e-11
0.0164063
9.95537e-11
1.04785e-10
1.03518e-10
1.03217e-10
0.00442287
0.00882154
1.06602e-10
0.0626864
0.000335703
0.0327807
1.05021e-10
0.00571804
0.0791515
1.09327e-10
9.69789e-11
1.00827e-10
1.02533e-10
9.56858e-11
9.95709e-11
9.86753e-11
9.88345e-11
1.0105e-10
1.08334e-10
0.795208
0.733942
0.0299569
0.649019
0.119982
0.0175317
0.800583
0.957182
0.198363
0.000950672
0.254033
0.196966
0.0672924
0.00801323
0.14763
0.7931
0.821221
0.402274
0.333728
0.105675
0.714709
0.0736833
0.639713
0.169646
0.125071
0.238801
0.0689719
0.0731508
0.0575104
0.323112
0.171542
1.07676e-10
0.547567
0.15549
0.0976775
0.0896628
0.00900401
0.0786481
0.0837521
1.05574e-10
0.0891773
0.31028
0.362545
0.0444223
0.995867
5.74983e-05
0.0148285
0.0641888
1.0257e-10
0.0525705
1.02942e-10
0.0291214
0.232737
0.0506728
0.132405
0.00790059
0.00579571
1e-10
0.0368489
1.00539e-10
0.0566464
0.0586089
0.0399448
0.0998576
0.025041
0.0138782
0.163405
0.0973539
0.0662952
0.103554
0.029099
1.0128e-10
0.0110789
1.02255e-10
1.05888e-10
1.03189e-10
0.0710835
0.0901761
0.0612
0.0464175
0.197975
9.94203e-11
1e-10
0.00447748
1.00046e-10
1.00469e-10
9.85363e-11
0.0131801
0.934063
0.0858683
0.0568921
0.0899783
1.00101e-10
0.0956661
0.000668529
0.0495366
9.98723e-11
0.133488
0.0863753
0.00529644
0.0761659
1.08471e-10
9.40336e-11
9.37381e-11
0.144712
9.00858e-11
0.0194577
0.0670414
1.00272e-10
0.0187352
0.157907
0.0263634
0.105672
0.509848
0.00332729
0.983373
0.467141
9.97018e-11
0.103131
0.142005
0.883962
0.69574
0.039314
0.685103
0.520879
0.688483
0.0052658
0.000262575
0.000635298
1.0304e-10
1.02523e-10
1.00127e-10
0.00126845
0.00755691
1.0298e-10
1.00419e-10
1.02187e-10
9.99437e-11
1e-10
9.94891e-11
1.00085e-10
9.95316e-11
1.00422e-10
0.000975669
0.00237363
1.00971e-10
1e-10
9.94482e-11
0.00106427
9.76853e-11
9.80001e-11
1e-10
1e-10
1.00074e-10
9.94808e-11
1.0044e-10
9.95755e-11
1.00794e-10
1.00019e-10
9.91935e-11
0.0235497
1.00477e-10
0.00668076
1.01278e-10
0.000409217
9.85109e-11
1e-10
9.98226e-11
9.91625e-11
9.99631e-11
1.00136e-10
9.97594e-11
9.99242e-11
6.57928e-11
9.769e-11
9.98676e-11
1.00371e-10
9.96583e-11
0.00213128
1e-10
9.99117e-11
0.0263365
1.0151e-10
0.00021963
1e-10
1e-10
9.88559e-11
1.00082e-10
9.97215e-11
9.9786e-11
1e-10
9.99913e-11
1e-10
1e-10
1.00013e-10
9.93806e-11
9.99431e-11
1.00928e-09
1.02399e-10
1.00057e-10
1.00012e-10
0.00933967
0.00701213
9.09523e-11
0.0820461
0.468339
0.00120726
6.34418e-11
9.92611e-11
0.000712472
0.0463366
0.00249098
0.131041
1.01138e-10
9.7748e-11
0.00538122
1e-10
1.00706e-10
9.90838e-11
1.02853e-10
1.0228e-10
0.0070172
0.23258
0.178608
0.696063
9.80011e-11
1.00403e-10
0.0416243
0.0194935
0.011466
1.00066e-10
9.97489e-11
0.0926846
1.00562e-10
1.00566e-10
9.9487e-11
1.03555e-10
0.0218139
0.224949
0.0455966
0.408082
0.119341
0.113825
0.637554
0.455165
0.0195918
0.126176
1.05224e-10
0.137841
7.59863e-11
0.233918
0.000144946
1.19443e-10
1e-10
9.94645e-11
1.40162e-10
9.91907e-11
1.00315e-10
1e-10
1e-10
9.90382e-11
9.83274e-11
0.674195
0.604149
9.70593e-11
1.01574e-10
9.95256e-11
9.94889e-11
9.98898e-11
1.05081e-10
0.444807
0.197892
1.03397e-10
9.88221e-11
1.00071e-10
1.00683e-10
1.03333e-10
1.00455e-10
1.01574e-10
1.00911e-10
9.8261e-11
9.99893e-11
9.96721e-11
1.00461e-10
9.74872e-11
1.01605e-10
0.00140309
9.86675e-11
1.08162e-10
1.01276e-10
0.000562115
0.00789974
1.03829e-10
9.81347e-11
1.30489e-10
1.01245e-10
9.97202e-11
0.000894912
9.97036e-11
1.08651e-10
1.01965e-10
5.70056e-11
1.00006e-10
1.00687e-10
1.03104e-10
9.96085e-11
9.86902e-11
1.02907e-10
0.000489847
9.5552e-11
1.01273e-10
0.0851277
9.55495e-11
0.000576942
9.80255e-11
0.0532848
1e-10
9.91551e-11
0.05315
0.00693353
1.02025e-10
9.84849e-11
8.507e-11
3.64436e-10
0.00088278
9.90082e-11
0.000407836
9.64543e-11
1.4751e-10
1.94704e-10
1.00743e-10
0.0687788
0.000118796
0.0545683
0.0171241
9.67108e-11
1.05363e-10
0.0106953
1.00821e-10
0.0171304
0.955759
0.92373
0.808426
0.118355
1.015e-10
9.55223e-11
0.000357903
0.17924
9.80231e-11
9.60917e-11
1.02586e-10
1.05892e-10
9.83662e-11
9.99926e-11
9.37562e-11
0.0104241
0.00243531
9.62298e-11
0.0139229
1.01866e-10
1.19248e-10
0.0883657
0.00056115
1.10083e-10
9.24537e-11
1.09662e-10
0.00992117
9.66689e-11
0.00702804
9.95319e-11
0.00660604
0.0408109
1.02939e-10
0.184038
0.875543
0.0399753
1.11093e-10
0.530918
0.15841
0.071716
0.000570929
0.0967223
0.0133385
0.00667493
9.24578e-11
9.12226e-11
0.0389383
0.0313611
1.04066e-10
0.00105727
0.00451439
0.024411
0.0679658
0.808851
0.768891
0.744657
0.633768
0.756731
0.0690273
9.76212e-11
0.0319183
0.709996
0.0316256
0.782899
0.0742607
0.0790962
0.169245
0.122932
0.510225
0.728182
0.0789042
0.131186
0.0892092
0.400825
0.213697
0.677294
0.104388
0.370126
0.0425978
0.926644
0.0133924
0.996205
0.00176473
9.95782e-11
0.434712
0.999827
0.556608
1
0.975212
0.986177
0.926224
0.999276
1.04622e-10
1.01906e-10
9.82759e-11
9.97585e-11
1.04242e-10
1.03768e-10
1.00743e-10
1.0019e-10
1e-10
1.02714e-10
1.04604e-10
9.52759e-11
1.03585e-10
0.00358026
1.00669e-10
1.02336e-10
1.02557e-10
1.01241e-10
9.98922e-11
1.06059e-10
2.4185e-10
1.03716e-10
9.62175e-11
9.75801e-11
0.00368861
1.50741e-10
0.373823
0.464758
0.00690732
0.14221
0.0503221
0.456429
0.988335
0.930008
0.707658
0.707537
0.061627
0.0118923
1.00068e-10
0.186676
9.94163e-11
1.04328e-10
9.68037e-11
1.01734e-10
1.02309e-10
1.00811e-10
9.89481e-11
1.04388e-10
9.85946e-11
9.95362e-11
9.7575e-11
9.90186e-11
1.06022e-10
1.02104e-10
9.87781e-11
1.02416e-10
9.44088e-11
1.02335e-10
9.66955e-11
1.05038e-10
0.00227287
1.00075e-10
9.48848e-11
1.06335e-10
1.01546e-10
0.000122866
0.208784
0.100524
0.615561
0.731695
0.0497848
0.17947
9.31722e-11
0.0535992
0.0434693
0.533441
0.522356
0.338236
0.0117496
0.257814
0.202253
9.9363e-11
0.0230621
0.228883
9.8581e-11
0.546721
0.421103
0.0466455
0.0231211
0.204005
0.436369
0.386625
0.111766
0.216931
0.0123668
9.68117e-11
1.03719e-10
1.04391e-10
1.06765e-10
9.09913e-11
1.30462e-10
1.04861e-10
1.0863e-10
1.02734e-10
9.62349e-11
0.00147162
9.64859e-11
1.00038e-10
1.06684e-10
9.92513e-11
1.07624e-10
1.34904e-10
9.8135e-11
1.26836e-10
9.37121e-11
1.01734e-10
1.03745e-10
1.0432e-10
9.89409e-11
0.000691609
0.00999337
1.14624e-10
9.80147e-11
1.02119e-10
9.83917e-11
1.15785e-10
9.79562e-11
1.0318e-10
1.00908e-10
1.05555e-10
9.88689e-11
1.02638e-10
0.394825
0.616418
0.415489
0.640898
0.214946
0.586018
0.383824
0.517848
0.169998
0.500135
0.525432
0.22096
0.260525
1.03004e-10
0.221198
0.297006
0.147135
0.386921
0.194115
8.92194e-11
0.11732
0.145735
0.0375113
0.267079
9.87881e-11
1.02147e-10
9.46033e-11
1.11104e-10
0.106359
0.520428
0.0550529
9.47904e-11
0.0606034
0.0527864
0.338989
1.01519e-10
1.17071e-10
0.0927566
1.0004e-10
9.53614e-11
0.306667
0.275856
0.252307
0.244479
0.156788
0.478663
0.10456
9.21823e-11
0.0215903
1.03745e-10
0.193599
0.38126
0.0843254
0.00195049
0.00401936
0.0937504
0.00301116
0.0178281
0.0837725
0.0983987
0.0551123
0.373342
0.140101
0.218476
0.322224
0.25999
0.363214
0.185395
0.0851621
0.11573
0.00183658
0.473887
0.213558
0.196472
0.281303
0.36216
0.106331
0.130164
0.0991532
0.368257
0.395571
0.250689
0.174677
0.31042
0.199202
0.223136
9.7173e-11
9.34516e-11
1.64217e-10
9.45198e-11
0.0463589
0.00240229
7.2078e-05
1.09792e-10
1.8026e-10
0.123203
9.56351e-11
9.79505e-11
9.78793e-11
9.24468e-11
1.02649e-10
0.00249126
9.5604e-11
1.03943e-10
9.80957e-11
1.01129e-10
9.46122e-11
1.00941e-10
1.00765e-10
0.000109593
9.68841e-11
9.88895e-11
1.02103e-10
1.00062e-10
1.02667e-10
1.08059e-10
9.91323e-11
9.69282e-11
0.0262639
0.0892029
0.0581535
0.249536
0.114491
0.308486
0.142195
0.163782
0.129965
0.0473885
0.0392549
0.0815351
0.14963
0.265892
0.0340529
0.133214
0.190391
0.112639
0.204064
0.080901
0.0940953
0.173298
0.0360614
0.242239
0.101331
0.102554
0.260805
0.224701
0.164671
0.000763262
0.204917
0.172259
0.406973
0.192367
0.106401
0.0323658
0.153619
0.0580319
0.123185
0.144788
0.175497
0.0171026
0.103317
0.0803627
1.00609e-10
0.0141435
0.16299
0.22293
0.175127
0.114402
0.131638
0.0910716
0.0153793
0.12936
9.8126e-11
1.07784e-10
0.145038
9.17766e-11
0.095633
0.0929002
0.177688
0.140979
0.0205122
0.0946765
0.166414
0.285251
0.0489678
0.0677272
0.0923861
0.0985836
0.0755595
0.117419
0.083784
0.0947586
1.0149e-10
0.0965834
0.0146215
1.06915e-10
1.02184e-10
1.00636e-10
9.83398e-11
1.06242e-10
0.0810864
1.0504e-10
1.00517e-10
0.00233701
9.97517e-11
1.04913e-10
1.05354e-10
0.0115184
1.04482e-10
1.04893e-10
1.055e-10
0.00362286
1.03435e-10
1.02548e-10
1.02967e-10
1.08121e-10
1.06123e-10
0.0324574
1.01349e-10
1.02698e-10
1.02875e-10
0.000701186
9.59038e-11
1.00046e-10
0.0243737
9.36348e-11
1.00333e-10
9.68927e-11
9.88323e-11
1.02705e-10
9.56513e-11
1.07612e-10
1.03185e-10
1.01476e-10
9.72655e-11
1.00004e-10
0.00283085
1.01905e-10
9.73707e-11
9.94444e-11
9.84302e-11
9.45875e-11
1.01516e-10
1.01544e-10
0.00138753
9.28755e-11
9.87615e-11
9.8536e-11
0.00690075
0.00023147
1.03822e-10
1.0191e-10
9.39837e-11
9.93747e-11
1.02222e-10
1.21439e-10
1.00866e-10
9.58779e-11
9.9003e-11
1.04327e-10
1.00419e-10
1.09289e-10
9.49267e-11
0.00900326
1.36088e-10
1.00929e-10
1.00736e-10
9.65759e-11
9.43958e-11
1.00295e-10
9.73418e-11
9.73666e-11
9.98424e-11
9.93309e-11
8.13597e-11
0.0640705
9.28044e-11
9.7706e-11
9.29893e-11
9.4408e-11
9.16492e-11
9.49968e-11
1.06551e-10
0.00112384
0.150186
0.143552
0.0247107
0.000402153
0.0038892
1.02983e-10
1.01804e-10
0.168235
9.56282e-11
9.22642e-11
9.21366e-11
9.84827e-11
1.03119e-10
1.00263e-10
1.0426e-10
1.00986e-10
1.00892e-10
1.05476e-10
0.163538
9.90576e-11
0.149617
9.73897e-11
0.0280093
0.00768832
0.0296156
0.0136662
1.0778e-10
0.0880956
0.138206
0.181961
1.0036e-10
0.0148308
0.174383
0.0827573
0.0785168
0.0638553
0.0938633
1.10436e-10
0.19149
0.0508355
0.0788739
0.0141929
9.9959e-11
0.00126795
9.43447e-11
1.04358e-10
9.81438e-11
9.49624e-11
9.86575e-11
0.00393992
1.03893e-10
9.69727e-11
1.0019e-10
5.65346e-05
9.82851e-11
9.91479e-11
9.77814e-11
9.56579e-11
1.02736e-10
9.4416e-11
9.66369e-11
9.84082e-11
1.01884e-10
9.69427e-11
9.48444e-11
9.52145e-11
9.6838e-11
9.96516e-11
9.41136e-11
1.11056e-10
0.0687483
0.195894
1.18065e-10
0.0238856
0.334702
0.194165
1.52424e-05
1.39127e-10
0.0750897
0.0924467
0.0943373
0.0589585
0.00693038
0.0223336
0.125988
0.00294961
0.0524641
9.76189e-11
1.14846e-10
0.0275029
0.00822488
1.02571e-10
1.00339e-10
0.00926469
0.0536626
0.0304355
1.03024e-10
0.00200687
0.00117768
0.0312749
0.073534
0.111013
9.46479e-11
0.0235997
0.103908
0.0866029
0.00111252
0.003029
1.56535e-10
0.00378602
0.00935623
0.00130401
1.07259e-10
1.10328e-10
0.0334744
0.0871282
0.0317327
0.000351942
0.100499
0.0475237
0.0689809
0.0417005
0.105129
0.0040585
9.33716e-11
0.09756
8.93894e-11
0.273256
1.07168e-10
9.96639e-11
1.02079e-10
1.03615e-10
0.71552
0.00283097
0.00431384
1.00443e-10
0.00523427
0.0114804
0.000384284
9.32166e-11
9.72301e-11
0.000218983
9.51901e-11
8.86454e-11
1e-10
0.907246
0.00115724
0.0155165
0.00105909
0.957061
0.807087
0.595973
0.00177718
0.0929797
9.40654e-11
0.184314
0.629286
0.0141201
0.0199217
0.990724
0.561894
0.133508
0.0215452
1e-10
0.943071
0.000800957
0.997192
0.00388007
0.354754
0.961875
0.0080817
0.135612
9.64148e-11
0.0486343
0.00299
0.00623632
0.0505419
0.101853
0.0688607
0.902386
0.0182607
0.0395391
0.0304463
0.0390827
0.052093
0.629936
1.08233e-10
0.0141585
0.0102239
9.69935e-11
0.000302098
0.0510177
0.202557
0.253761
0.183888
0.129372
9.99544e-11
0.367151
0.930432
1e-10
0.601736
0.628778
0.309807
0.141912
9.75538e-11
9.5704e-11
9.91717e-11
0.00264146
1.20649e-10
1.0223e-10
1.00832e-10
9.65964e-11
9.8771e-11
1.03142e-10
9.95836e-11
1.07979e-10
1.00879e-10
1.00144e-10
9.99007e-11
9.86024e-11
1.02289e-10
1.02005e-10
1.11938e-10
1.01068e-10
1.00651e-10
1.03016e-10
0.00344008
1.16629e-10
9.38849e-11
0.000674695
1.0762e-10
1.16866e-10
1.00304e-10
9.57911e-11
9.82901e-11
1.02154e-10
1.08799e-10
9.12395e-11
9.89641e-11
9.94646e-11
1.31138e-10
1.01889e-10
9.73649e-11
9.83363e-11
0.000948535
9.9632e-11
1.01019e-10
1.00317e-10
1.01649e-10
1.01364e-10
1.01704e-10
9.95025e-11
9.75329e-11
9.13003e-11
0.0110754
1e-10
1.00128e-10
1.00043e-10
9.77955e-11
0.027913
1.04762e-10
0.000890404
1.01221e-10
0.0011926
1.00553e-10
9.82e-11
1e-10
0.000127172
9.99387e-11
1.48048e-10
1.69265e-10
9.95463e-11
9.90205e-11
1e-10
0.00151687
1.00083e-10
1e-10
1.00475e-10
9.93985e-11
0.230689
0.00403638
1.01333e-10
1.00016e-10
1.00559e-10
9.95163e-11
0.0120343
0.0388851
0.0396358
1e-10
1.92094e-10
0.00143412
1.00273e-10
0.000103797
1.00156e-10
0.000245054
0.00573314
1e-10
1.00888e-10
1.02715e-10
1.51256e-10
1.00477e-10
0.0204522
5.26823e-11
0.00250302
9.97535e-11
9.98043e-11
1.01555e-10
1.01363e-10
0.00349745
1e-10
1e-10
9.94125e-11
1e-10
9.9845e-11
0.0297363
0.0175327
1.00742e-10
9.9787e-11
0.0285379
9.64714e-11
0.00111912
9.97587e-11
0.00270505
9.98816e-11
0.00617677
0.0215086
9.98608e-11
1.0074e-10
1e-10
0.0099082
0.25755
0.0322236
0.0342072
0.00475126
0.17786
0.0205327
1.00943e-10
0.078315
0.0818774
0.104721
0.164479
0.011023
0.0883207
0.0411036
0.0477029
0.0251347
1.00554e-10
9.76691e-11
0.0481249
9.98449e-11
0.0660392
0.0581183
0.158855
1e-10
1.09578e-10
0.0338356
0.00224936
1.03119e-10
0.129013
1.00028e-10
0.183526
0.110374
0.0246869
0.000658123
0.0142962
0.0120567
0.211061
0.0379272
0.143065
0.0848108
0.205527
1.00028e-10
0.0670483
0.239508
0.00115491
1e-10
0.0781939
0.0847954
0.396474
0.363705
0.185894
1.01269e-10
0.0371023
0.215404
0.158254
0.50292
0.139826
0.100916
0.0870587
0.198115
0.459978
0.241348
0.266932
0.441189
0.368536
0.3367
0.00789817
1.01846e-10
0.0750018
0.0108479
1e-10
0.00114309
1.00659e-10
9.56125e-11
6.18625e-11
1e-10
9.9701e-11
0.000377303
0.00221079
0.00641779
0.0900187
0.00940473
9.90827e-11
0.00755103
0.0671527
0.0288023
1.00004e-10
1.01213e-10
0.068457
0.0874224
0.112046
1.01727e-10
9.8807e-11
0.0335366
9.74458e-11
1.02766e-10
0.00383056
0.0863382
9.84779e-11
9.90978e-11
0.0730295
0.00550424
0.312781
0.119511
0.155187
0.229467
0.38495
0.483294
0.415015
0.3403
0.37004
0.314108
0.347568
0.318436
0.109949
0.186402
0.475963
0.447346
0.4171
0.258247
0.380481
0.224017
0.302579
0.279561
0.446488
0.352766
0.362575
0.191932
0.00948857
0.0902182
0.0609758
0.079405
0.0830052
0.00648691
0.179435
0.0652209
0.230963
0.0682512
0.298109
0.202892
0.042042
0.18348
0.111512
0.143137
1.19572e-10
0.275409
1.07805e-10
0.00176261
0.0300741
0.00244075
0.0844722
0.0109802
0.147221
9.74134e-11
0.0767752
0.0908745
0.222846
0.334408
0.334454
0.315831
0.205716
0.365291
0.292889
0.372176
0.204963
0.241255
0.27297
0.17482
0.362224
0.0253404
0.259587
0.312557
0.0797191
0.134939
0.292388
0.0875701
0.038124
0.0144836
0.066279
0.089906
0.0925758
0.0581657
0.0648648
0.0631663
0.17768
0.0571583
0.068767
0.0994334
0.079113
0.061122
0.0802712
0.0768813
0.0784813
0.214072
0.132829
0.180278
0.0865182
1.00218e-10
0.0893345
9.44179e-11
0.0226057
0.187869
0.131602
9.83139e-11
0.0767863
0.0100722
0.0444019
0.04799
9.77405e-11
0.143898
0.292722
0.0781723
0.0945833
0.00515652
0.0286684
0.0309399
0.202145
0.222561
0.261481
0.194963
0.351045
0.490921
0.104448
0.267648
0.17565
0.284296
0.242749
0.221678
0.0761977
0.26692
0.150148
0.174824
0.182217
0.126167
0.0836473
0.163597
0.0211848
0.107309
0.135038
0.242027
0.0799743
0.129217
0.100292
0.332927
0.0807684
0.259726
0.146184
0.107238
0.284645
0.65155
0.0694866
0.0935398
0.100705
0.596373
0.273507
0.37178
0.248071
0.0922319
0.0816262
0.0654457
0.0290989
0.0321525
0.00813526
0.231233
0.216365
0.458579
0.105484
0.284766
0.347679
0.173896
0.220757
0.384696
0.333116
0.124032
0.195297
0.221774
0.0819775
0.0810396
0.104619
0.0707166
0.113505
1.07239e-10
0.174327
0.1416
0.133337
0.334526
0.0874538
0.200106
0.00424469
9.7102e-11
0.0911704
0.184109
0.46308
0.0839117
0.157087
0.128155
0.0955481
0.32711
9.50433e-11
0.0921557
0.114555
0.101193
0.0723902
0.0562823
0.222102
0.210987
0.17278
0.0710609
0.0993969
0.0698844
0.203715
0.121289
0.0969447
0.224518
0.383425
0.13864
0.118013
0.0989716
0.222744
0.17877
0.14534
0.0184454
0.18837
0.0884014
0.130473
0.173895
0.112788
0.16784
0.177179
0.0932969
0.128966
0.23188
0.047779
0.194172
0.189408
0.0611122
0.0747702
0.0163922
0.0983885
0.0617288
0.493925
0.0789023
0.632328
0.0728099
0.0403063
0.145943
0.208518
0.15542
0.140892
0.207125
0.156897
0.0658846
0.186928
0.0251141
0.0361992
0.238793
0.0909154
0.441841
0.183214
0.407909
0.232055
0.0606046
0.265504
0.597997
0.0471637
0.737829
0.0322588
9.05923e-11
0.140393
0.066004
0.126256
0.0677019
0.0104993
0.163598
0.135074
0.00747636
0.318136
0.233027
0.0699594
0.088403
0.143623
0.175986
0.251116
0.00968801
0.136602
0.130635
0.172625
0.151486
0.114585
0.643743
0.323161
0.0394996
0.00653725
0.0216996
0.911475
0.158726
0.188376
0.445719
0.388187
0.291905
0.591877
0.148639
0.182736
0.274773
0.047085
0.00452711
0.170371
0.522577
0.504177
0.108572
0.617263
0.276994
0.0330554
9.56732e-11
0.194553
0.219484
0.185535
0.134609
0.0475993
0.441963
0.215032
0.395252
0.339125
0.0275787
0.0748833
0.500099
0.393189
0.556058
0.543027
0.196956
0.470976
0.2785
0.34775
0.219582
0.364284
0.00361982
0.00477312
0.0166227
0.741171
0.169691
0.379318
1.13144e-10
1.08989e-10
0.00596439
0.0383789
9.75205e-11
9.34948e-11
0.043542
0.0549631
0.0953375
0.0594142
0.0136962
9.99315e-11
0.534537
0.0110758
0.727215
0.872084
0.280824
0.318842
0.0195366
0.0659521
1e-10
0.372031
9.43027e-11
1e-10
0.987755
0.731612
9.84927e-11
0.999948
0.00367541
0.000150678
9.92589e-11
0.000884228
0.833161
0.176811
0.34381
0.0252063
0.316162
0.459093
0.143624
0.00562347
0.286282
0.0707557
0.0345928
9.79657e-11
0.0348827
0.00715167
0.160922
0.109516
0.00182104
9.72939e-11
0.115834
0.135592
0.270692
0.318607
0.43546
0.270358
0.230842
0.290822
0.0175752
0.0956661
9.81073e-11
0.0366781
0.21768
0.335462
0.619182
0.76201
0.179365
0.600151
0.693596
0.727069
0.524563
0.721512
0.085441
0.870988
0.533238
0.0174381
0.0595239
8.38637e-11
0.260103
0.466058
0.713921
0.287581
0.15022
0.449303
0.00311056
0.00481163
0.0146053
1.06644e-10
1.03001e-10
1.14966e-10
0.138993
0.0154863
0.223006
0.0927624
0.0132651
0.0981775
1.13337e-10
0.0813253
0.0578742
0.00781945
0.0604235
0.0266439
0.0243568
0.120366
0.0213825
0.0296283
0.0385599
0.0019843
0.00237824
0.0720293
9.91486e-11
1e-10
1.00817e-10
0.393681
2.86661e-10
0.12504
0.668355
0.352882
0.176063
0.0940744
0.0669197
0.0988194
0.057695
0.0790679
0.0356223
0.112249
0.00222859
0.0479837
0.193706
0.644378
1.06404e-10
1e-10
9.995e-11
1.02134e-10
0.0810414
1e-10
0.00203651
1e-10
0.0395438
9.99153e-11
0.00426605
0.00041339
0.98663
0.571438
0.0716176
0.0672765
9.45558e-11
9.84764e-11
0.0423413
0.123453
0.466535
0.2052
0.747278
0.773331
0.443807
0.489172
9.8055e-11
0.116941
0.998315
0.899453
0.00382066
9.9716e-11
0.995501
0.0093901
0.0547355
0.0203699
0.0088804
0.0340185
1.00301e-10
1.00151e-10
9.85922e-11
1e-10
1e-10
1e-10
0.107411
0.0255115
0.0361825
0.000380512
0.00175042
1.00508e-10
0.00380155
0.0190691
0.0117816
9.97562e-11
1.00534e-10
9.99829e-11
0.00511968
1.17453e-10
0.0386531
1
0.0317719
0.0386821
0.40941
0.0310966
0.992864
0.983349
0.82379
0.165583
0.0205861
0.0454105
1.09142e-10
0.00460841
0.000502687
0.00324273
1.13431e-10
1.21972e-10
0.0321133
1.13332e-10
0.00365351
0.00403519
0.0287808
0.00213671
0.0965808
0.00041088
0.0117256
0.00384585
0.0136431
2.27621e-10
0.0121851
0.0775382
0.380626
0.00602274
0.19089
0.029851
0.1657
0.149084
0.657209
0.146938
0.057673
0.365118
0.0159921
0.251296
0.310792
0.0126518
0.160165
0.569828
0.0117141
0.000852691
0.643623
0.0822589
0.178544
1.00035e-10
0.0916768
0.189364
0.00575556
0.623491
0.0104411
0.0329631
0.0190134
0.920311
0.338629
0.0174003
1
9.60292e-11
0.0192
0.115011
0.347325
0.0294697
9.74062e-11
0.0587211
0.164311
0.0280818
1
0.450422
0.607671
0.416414
0.00583703
0.00353082
0.96741
0.811569
0.0863194
0.960691
0.630353
0.288401
0.563719
0.0914265
0.0161699
0.151424
0.419969
1.02395e-10
0.159012
0.00275752
0.566316
0.810701
0.152835
0.713463
0.00248884
0.218112
0.00517977
9.93527e-11
0.00744748
0.363074
0.0632581
0.3261
0.00289084
0.0285511
0.273183
0.153463
0.0805516
0.0697835
0.0126297
0.037662
0.0458481
0.0221881
0.073202
0.0104918
0.0364388
0.0605458
0.0621511
1.12842e-10
0.0681497
0.0832131
0.0877303
0.0764322
0.00134321
7.91585e-11
0.000633105
1.09307e-10
1.03884e-10
0.00186243
1.04125e-10
1.07806e-10
1.02526e-10
1.05338e-10
1.45564e-10
0.384837
0.0017053
0.00542271
9.48539e-11
0.000768012
0.442891
0.0192584
9.74387e-11
0.406191
0.00161409
0.0350498
0.994787
0.989162
0.993025
0.954712
0.011124
0.933495
0.526706
0.0750146
0.000181723
0.0470553
0.683418
0.805865
1e-10
0.26689
0.938237
0.0272432
0.0169026
1.20925e-10
0.00593137
0.00162199
1.1417e-10
1.97117e-10
0.00979291
1.04108e-10
1.02951e-10
0.00279907
1.41625e-10
1.01423e-10
1.00501e-10
0.0125
0.0331823
1.2608e-10
0.025411
0.0589069
0.00031959
0.00477265
1.04556e-10
1.09951e-10
0.00315799
1.59468e-10
0.0113091
0.000367889
9.82385e-11
1.07239e-10
1.07539e-10
0.00166033
0.00159982
0.000908745
1.09029e-10
1.03152e-10
0.00644377
0.0905236
0.0669105
0.861621
0.228514
0.142109
0.114628
0.899662
0.885675
0.411308
0.164011
0.880752
0.425521
0.18601
0.00543321
0.0501937
0.0126568
0.0155143
0.98405
0.828419
0.0396267
0.805163
0.321058
0.0448073
0.615276
0.47567
0.455234
0.142871
0.0796415
0.117894
0.919945
0.62222
0.356166
0.261486
0.0842834
0.435858
0.59738
0.424752
0.283639
0.145182
0.435223
0.178834
0.0301822
0.0816071
0.566686
0.190267
0.133186
0.178816
0.0024346
0.0803827
0.044036
9.53576e-11
0.779142
0.816243
0.0786195
9.97041e-11
0.140286
0.895534
0.00947378
0.0886882
0.0396559
0.660559
0.619229
0.0826923
0.0843327
0.0397484
0.56472
0.821188
0.367581
0.79265
0.314611
0.221529
0.370364
0.0356655
0.0578698
0.311569
0.000148924
0.0838657
0.0437895
0.294249
0.547461
0.550662
0.187376
0.830949
9.8738e-11
0.13858
0.0499463
9.61732e-11
0.818647
0.797097
0.165065
0.0639702
0.131654
0.0203498
0.0553252
0.0637928
0.0264257
0.137118
0.0345625
9.1097e-11
0.0501464
0.075398
0.0348207
0.141178
0.255355
0.445086
0.347391
0.383096
0.103199
0.00817164
1.00141e-10
0.00123233
0.141997
0.380565
0.488399
0.367112
0.0455803
0.0140586
9.65001e-11
1.0069e-10
0.0306431
9.63869e-11
0.124443
0.207243
0.111274
0.191169
0.16924
0.442844
9.97225e-11
9.95587e-11
0.00132464
9.84332e-11
9.9468e-11
0.0078692
1.01112e-10
0.0755591
0.14763
0.0616361
0.180745
0.177029
0.322051
0.198682
0.228755
0.446676
0.28324
0.163459
0.377366
0.081459
0.121648
0.259722
0.337529
0.135967
0.0940914
0.0739624
0.14648
0.149437
0.278328
0.504857
0.0839648
0.189358
0.215843
0.42873
9.9131e-11
1.1012e-10
0.0783143
0.194219
0.149132
0.182778
0.853479
0.278711
0.650426
0.758444
0.659432
0.477952
9.67347e-11
0.00131942
0.162934
0.17922
0.228374
0.300679
0.110874
0.211243
0.408188
0.606209
0.642868
0.570139
0.123727
0.346986
0.130665
0.194555
1.30666e-10
0.0026429
1.03878e-10
1.002e-10
1.11244e-10
1.06664e-10
1.1207e-10
0.012689
1.00116e-10
1.2026e-10
0.000889202
0.00843261
1.04179e-10
9.9417e-11
9.41775e-11
1.02405e-10
8.98614e-11
9.64892e-11
9.17337e-11
1.0091e-10
1.04766e-10
1.04716e-10
9.95997e-11
1.12375e-10
9.84461e-11
1.02485e-10
0.00782324
9.48345e-11
9.80453e-11
0.0026541
0.0825072
0.000431985
0.986374
0.001367
0.847932
0.0638581
0.00933716
0.00799916
0.450251
0.76145
0.831469
0.678281
0.0890481
0.638938
0.119124
0.16118
0.133711
0.351548
0.397057
0.150822
0.77977
0.244868
0.319909
0.530427
0.179364
0.0850659
0.253616
0.12823
0.184953
0.0635328
0.0892512
0.202567
0.438419
0.275259
0.130177
0.0752035
0.100899
0.0894512
0.234039
0.179278
0.0257052
0.00145521
9.3126e-11
1.65234e-10
1.01144e-10
9.40532e-11
1.05318e-10
1.05611e-10
1.01146e-10
0.057637
0.00186627
0.00162542
1.04026e-10
1.03177e-10
1.04649e-10
9.1971e-11
9.79354e-11
9.83301e-11
1.04413e-10
0.0344452
8.73363e-11
9.32779e-11
1.02458e-10
0.0067227
0.0270696
0.00545462
1.00098e-10
9.96012e-11
0.0028879
1.04264e-10
1.05955e-10
9.97035e-11
0.000736337
0.0257947
1.07547e-10
0.00818527
0.0143592
9.01699e-11
9.94666e-11
9.95252e-11
0.0064462
9.99892e-11
1.08524e-10
9.90856e-11
1.0968e-10
1.15336e-10
0.00299525
0.0787254
0.0651623
1.02514e-10
0.036925
0.0737839
0.000240321
1.00528e-10
1.02404e-10
8.18673e-11
9.99772e-11
9.68219e-11
0.0460219
9.00324e-11
0.0080204
9.6115e-11
9.24297e-11
0.000896363
8.89271e-11
9.71627e-11
9.86159e-11
9.78741e-11
9.36668e-11
0.00020184
0.057869
0.0105783
0.001119
1.00069e-10
0.505618
0.189512
0.251694
0.425208
0.130002
0.0992249
0.142381
0.0781932
9.32673e-11
1.28216e-10
0.0975012
0.114242
0.173767
0.12753
0.714193
0.127449
0.103178
0.114126
0.0108741
0.00953894
0.0404433
0.0395969
0.0105227
0.0064564
0.2417
1.00119e-10
0.000983567
9.99838e-11
0.76805
0.61758
0.0527038
0.185626
9.89792e-11
1.46852e-10
0.000721042
9.97807e-11
0.137013
0.00254204
0.154106
0.0474977
1.0171e-10
0.0806572
0.0258044
0.0853489
1e-10
0.00711203
0.11322
0.000350237
0.0286857
1.00266e-10
0.0118386
0.0109517
9.99124e-11
1.26129e-10
0.000978006
9.76125e-11
0.0750547
1.00272e-10
0.0775309
0.115034
1.01838e-10
1.03334e-10
1.11251e-10
9.76504e-11
1e-10
9.77116e-06
1.00552e-10
1.04757e-10
0.10829
0.0688278
0.121444
0.0747789
0.0152481
0.0180315
0.0989471
0.0213676
0.0148943
1.00777e-10
0.0613606
0.126147
0.046472
1.04773e-10
0.115611
0.0325414
0.207222
0.273736
0.234076
0.163868
0.0878129
0.134844
0.174384
0.00164471
0.242944
0.148108
0.155591
0.150651
0.288217
0.277232
0.514592
0.214864
0.00951693
0.0542524
0.489473
0.219839
0.232688
0.261802
0.194185
0.329716
0.423695
0.273283
0.255419
0.163914
0.175912
0.162517
0.446681
0.406097
0.5926
0.51103
0.183391
0.119572
0.435789
0.212987
0.314893
0.577195
0.197718
0.179312
0.474058
0.293518
0.36722
0.555148
0.603038
0.511654
0.530705
0.266166
0.576568
0.542903
0.207297
0.469726
0.44525
0.402709
0.542494
0.27436
0.258919
0.182817
0.342527
0.0742702
0.402266
0.0345837
0.301505
0.108874
0.647305
0.252141
0.150527
0.219384
0.229544
0.417598
0.361759
0.237364
0.181211
0.250479
0.331841
0.515481
0.0787684
0.0615693
0.235875
0.126062
0.103526
0.49355
0.204767
0.0326093
0.0958736
0.140053
0.111079
0.2403
0.0116558
0.0890188
0.105681
0.0957059
0.0577788
0.164253
0.159194
0.156593
0.139537
0.23153
0.0863005
0.0252432
0.127916
1e-10
0.198567
0.342931
0.0836034
0.226752
0.315793
0.427913
1.00828e-10
0.184731
0.190683
0.49171
0.350257
0.406492
0.564709
0.425329
0.142431
0.182466
0.177251
1.00892e-10
0.0611933
0.188728
0.145178
9.63305e-11
0.100071
0.0972104
0.13623
0.111974
0.0718359
0.189552
0.99002
0.00087466
1e-10
0.00291991
0.174419
9.12026e-11
9.73817e-11
9.33918e-11
9.86434e-11
0.0744019
0.00356136
1.02539e-10
9.25993e-11
0.42506
0.41758
0.0947385
0.449797
0.12668
0.103514
0.046129
0.0877649
0.0324506
0.10633
0.342112
9.27672e-11
0.252598
0.0805014
0.102353
0.146026
8.63345e-11
0.000180706
1.14677e-10
9.94707e-11
0.00209923
0.00026413
9.68732e-11
9.60948e-11
8.78573e-11
0.00904962
0.00285513
5.91446e-11
9.99993e-11
1.01868e-10
1.07336e-10
9.89781e-11
1.03483e-10
1.02195e-10
1.08805e-10
1.0458e-10
1.00997e-10
1.03484e-10
1.15788e-10
1.0778e-10
9.78539e-11
9.22694e-11
9.59626e-11
0.0972283
9.90536e-11
1.07078e-10
1.0581e-10
1.04428e-10
1.02295e-10
0.000810388
0.0985684
0.098069
0.571389
0.648393
0.208151
0.36947
0.615524
0.682638
0.27555
0.310626
0.711896
0.311392
0.459619
0.196806
0.34462
0.548759
0.451928
0.358418
0.415849
0.542006
0.337812
0.35087
0.326648
0.269469
0.443802
0.34391
0.438057
0.328466
0.463963
0.431502
0.484784
0.147181
0.11224
0.0299101
0.0991995
0.000442099
0.110414
0.136063
9.4103e-11
0.0933407
0.0770886
0.0883618
1.06889e-10
0.080192
0.00423686
0.0641674
0.0524879
0.0409349
9.63204e-11
0.0977926
0.0390511
9.92177e-11
0.0509368
9.62551e-11
0.0407629
0.0725015
0.0380759
0.188069
0.122552
0.0834155
0.061111
0.0774415
0.0685179
0.240122
0.216173
0.100573
0.21765
0.0767423
0.216352
1.04052e-10
9.24165e-11
1.0897e-10
0.10016
0.161583
0.175096
0.117072
0.158677
0.16653
0.198413
0.246853
0.136313
0.0663312
0.0451615
9.76069e-11
0.0886288
0.0503835
9.60939e-11
9.83953e-11
9.23617e-11
0.0927087
0.032625
0.170554
0.160248
0.0752119
0.00318128
0.238113
0.226782
0.104818
0.184683
0.0731117
9.2235e-11
0.0768611
9.30096e-11
0.00102871
0.0568363
9.66528e-11
9.48764e-11
8.9367e-11
0.00201007
9.32749e-11
9.45585e-11
9.36508e-11
9.79546e-11
1.0135e-10
0.00111507
0.0238405
9.78387e-11
0.0217801
0.00291187
9.65436e-11
9.28107e-11
8.70654e-11
0.394063
0.223125
0.17115
0.504635
0.0954052
0.186624
0.132415
9.78425e-11
0.0984283
0.110739
0.137911
0.172702
0.323283
1.03649e-10
9.67812e-11
0.0262126
0.084089
1.08124e-10
0.0978202
0.132372
0.0059866
0.0812337
0.0903317
0.0491118
9.49294e-11
0.00422716
0.0789581
9.97906e-11
0.000682887
1.01627e-10
9.99175e-11
0.0887826
0.076995
0.0678586
0.105679
0.0851247
0.00314571
1.09545e-10
9.43761e-11
1.02454e-10
0.166975
0.0842968
0.160603
0.0842908
0.149228
0.208021
9.44686e-11
9.37017e-11
0.00117135
0.0179017
9.39127e-11
9.55445e-11
9.23363e-11
9.50483e-11
8.56964e-11
0.0166943
0.00548662
1.4473e-10
1.83467e-10
1e-10
1.08336e-10
9.45148e-11
1.02714e-10
0.000641167
1.06275e-10
9.58603e-11
1.04774e-10
0.00110002
0.0154272
1.00234e-10
1.1317e-10
1.09986e-10
1.08809e-10
3.30369e-10
0.00796661
0.00198801
1.04442e-10
0.00108007
0.0102755
9.91044e-11
1.03496e-10
1.05231e-10
0.0123587
0.0157056
0.00366428
2.12989e-10
0.00242064
1.00763e-10
0.0207011
0.00027134
1.00261e-10
1.02918e-10
1.08159e-10
0.0012984
0.16154
0.0961353
9.92e-11
1.01248e-10
0.0034194
1e-10
1.00726e-10
8.80827e-11
6.69106e-11
9.53836e-11
1.01769e-10
0.025
0.00145818
9.71831e-11
0.000899258
0.00244014
9.03774e-11
0.0010864
0.0032683
0.0147349
0.0161172
0.0033272
9.15807e-11
6.57173e-11
1e-10
9.56492e-11
1.03587e-10
9.62376e-11
9.98354e-11
0.000114405
1.00049e-10
1.19056e-10
9.82079e-11
1.02398e-10
1.05563e-10
6.71689e-05
9.56185e-11
1.00275e-10
9.67017e-11
9.99468e-11
9.68731e-11
0.459039
0.344249
0.325385
0.438837
0.248055
0.194558
0.173135
0.250306
0.0212721
0.00242209
9.6763e-11
0.0800677
0.117516
0.0633556
0.0805213
0.000419169
0.00299865
0.0316788
9.96474e-11
0.0253436
0.0721319
0.11565
9.64495e-11
1.04625e-10
0.0700152
0.0469988
0.0152924
0.041677
0.0997884
0.143889
0.0736821
0.0769967
0.0246829
1.05017e-10
0.0696508
0.0923397
1.0223e-10
9.95978e-11
1.05885e-10
1.04492e-10
1.00221e-10
1.00646e-10
0.0513005
0.0018739
1.06236e-10
1.0705e-10
1.02159e-10
0.00344801
1.00254e-10
9.67058e-11
9.87615e-11
9.97081e-11
0.00590654
3.26162e-05
0.0011688
8.72015e-05
1.0005e-10
9.98148e-11
1.00488e-10
0.000830856
1e-10
1.00676e-10
9.80962e-11
1.00108e-10
0.00520709
2.07547e-10
9.70291e-11
0.00065029
9.69023e-11
0.00237215
9.67404e-11
9.75329e-11
9.52329e-11
0.00106673
9.97111e-11
9.84332e-11
1.0017e-10
1e-10
1.09562e-10
0.00108117
1.01911e-10
0.0822504
0.00991915
0.15402
0.0175112
0.0674301
0.000334101
0.151567
1.04215e-10
1.00039e-10
0.000565056
9.93424e-11
0.0458915
2.36951e-05
9.50698e-11
0.00145921
1e-10
9.9955e-11
1.01886e-10
1e-10
0.209598
1.03135e-10
0.0821136
0.00473173
9.38516e-11
0.0883172
0.0799704
0.174241
0.00182095
0.126649
0.154776
0.213854
0.366475
0.0928757
0.0529716
0.134795
0.106397
0.183567
0.177998
0.229969
0.213343
0.0845383
0.240065
0.324978
0.00399483
0.126991
0.351821
0.00441994
0.176982
0.17418
0.440947
0.270754
9.39952e-11
0.0703404
0.0272121
0.0404025
0.155205
0.0656249
0.0594727
0.0520272
0.071682
0.0590615
0.0655446
0.100147
0.157767
0.0824502
0.0518768
9.66766e-11
0.342924
0.341233
0.000642501
0.27979
0.0822501
0.0924561
0.00777082
0.0191145
9.35517e-11
9.75762e-11
0.120791
0.014058
9.70821e-11
0.0147379
0.144287
0.093401
0.00384487
0.0270254
0.0637493
0.137002
0.124679
0.103512
0.0102799
0.164671
0.276417
0.159397
0.168724
0.164551
0.421161
0.32278
0.190028
0.286352
0.23117
0.210407
0.135425
0.213996
0.348303
0.253407
0.268456
0.338931
0.120258
0.412396
0.303896
0.124484
0.149475
0.266952
0.212103
0.377495
9.48047e-11
0.00496832
0.00484812
0.0575463
0.0397276
1.19927e-10
0.0955645
0.0254691
0.08566
0.0493006
0.245222
0.304086
0.181416
0.319584
0.339518
0.339197
0.317835
0.436389
0.165289
0.315851
0.355842
0.321729
0.453645
0.43252
0.265597
0.22061
0.288325
0.302831
0.309888
0.431286
0.364285
0.234484
0.563129
0.213075
0.376685
0.240214
0.287291
0.491676
0.3565
0.516945
0.352733
0.514332
0.54675
0.355316
0.332104
0.419938
0.578342
0.441751
0.049052
0.0192555
0.279935
0.29854
0.112689
0.165856
0.810377
0.366931
0.161176
0.563095
0.128399
0.327819
0.642753
0.605401
0.629816
0.519419
0.702819
0.846774
0.460802
0.620345
0.254104
0.260852
0.278899
0.413116
0.497304
0.301636
0.363028
0.389409
0.23561
0.197141
0.253759
0.485542
0.571141
0.460543
0.376743
0.463824
0.238484
0.211975
0.621921
0.475856
0.166383
0.204198
0.221379
0.295105
0.449535
0.233914
0.28063
0.281881
0.421299
0.275535
0.267616
0.186572
0.283886
0.443333
0.21277
0.278554
0.13527
0.154777
0.0661613
0.165751
0.168224
0.137746
0.358305
0.342177
9.9237e-11
8.70983e-11
0.0217873
1.81088e-10
0.0129161
1.07122e-10
1.49538e-10
9.95613e-11
0.000147112
9.51765e-11
9.76104e-11
1.04913e-10
9.5665e-11
1e-10
9.68319e-11
9.06886e-11
9.21654e-11
0.00519255
1.26529e-10
1.0308e-10
9.67354e-11
8.53298e-11
0.000860861
0.00356206
9.98011e-11
1.21731e-10
1.0778e-10
9.45105e-11
9.36011e-11
0.000306149
0.00970216
0.0206708
7.46785e-05
1.09223e-10
9.48573e-11
0.0115222
9.48704e-11
0.00567588
9.42642e-11
9.16108e-11
9.86212e-11
1.00366e-10
0.017025
1.08404e-10
0.00105028
1.14111e-10
1.03493e-10
0.0961558
9.93482e-11
1.05682e-10
1.09869e-10
9.99274e-11
1.09111e-10
1.0013e-10
0.0323213
0.000226186
9.96324e-11
1.00212e-10
0.000518925
9.99067e-11
9.95234e-11
1.02532e-10
1.00007e-10
1.00786e-10
9.98157e-11
9.98452e-11
0.000120882
9.99052e-11
1.00496e-10
9.91988e-11
0.119371
1.02209e-10
9.7767e-11
9.09603e-11
9.83446e-11
1.00289e-10
1.06756e-10
1.02478e-10
9.9964e-11
1.02641e-10
1.0008e-10
1.14302e-10
9.9186e-11
1.0006e-10
0.0513807
9.19483e-11
1.00015e-10
9.65868e-11
1.01211e-10
9.78491e-11
0.0693392
1.01201e-10
9.99846e-11
1.04765e-10
9.90299e-11
9.21218e-11
9.81759e-11
1.10947e-10
1.00071e-10
9.70613e-11
0.867551
1.00129e-10
0.175995
0.225479
0.436012
0.670099
0.00586842
0.990648
0.0095343
1.00055e-10
0.00254933
0.00540961
0.0825441
0.0085274
0.00352193
0.378458
0.928167
0.00475603
0.192235
0.304337
9.54527e-11
9.16251e-11
0.00560767
9.03489e-11
9.44844e-11
9.52889e-11
9.15443e-11
9.70181e-11
1.31811e-10
9.47684e-11
9.93749e-11
1.00135e-10
9.86678e-11
9.60351e-11
1.03817e-10
1.35275e-10
1.00249e-10
9.72195e-11
9.52447e-11
1.40561e-10
9.9454e-11
9.1529e-11
9.31984e-11
1.07075e-10
1.15927e-10
9.95957e-11
8.80223e-11
9.7631e-11
1e-10
1.17036e-10
9.31392e-11
9.94641e-11
1.00116e-10
1.1518e-10
9.78759e-11
1.04362e-10
9.74216e-11
0.026441
1.01525e-10
0.121532
0.0933692
0.0327902
0.0550199
9.96259e-11
1.03281e-10
1.0089e-10
0.00991533
0.084609
0.0787329
9.6804e-11
0.0839678
1.00884e-10
1.02978e-10
9.9195e-11
1.05575e-10
0.0100605
0.0291581
9.82627e-11
1.01414e-10
1.01767e-10
0.0644031
9.99103e-11
0.0262968
9.95459e-11
9.83718e-11
1.01982e-10
1.05668e-10
0.0931118
0.0846636
0.0649319
1.00334e-10
0.0949787
0.0840564
1.01823e-10
1.02522e-10
0.0133746
1.00825e-10
0.0810131
0.0782751
0.00135272
1.01494e-10
0.0587774
0.0483254
0.0977624
1.04726e-10
1.02281e-10
0.000562489
9.91663e-11
0.0537483
9.8344e-11
0.0544297
0.08382
0.0570662
0.0526814
0.0227891
0.000359143
0.0457558
0.072743
0.0315931
0.0969693
0.0933958
0.0692696
0.116804
0.0769517
0.0850098
9.66567e-11
0.0384133
0.0112156
0.0941636
0.00253291
9.90316e-11
1.02106e-10
0.0239187
1.03928e-10
0.0653746
1.00866e-10
9.898e-11
0.0760986
0.0537223
1.01157e-10
1.00693e-10
0.0452388
0.11856
1.17839e-10
0.208532
0.082176
0.0791489
0.197982
0.0664909
0.0701676
9.36783e-11
0.077649
0.0832376
0.02414
0.0952927
1.04059e-10
9.93484e-11
1.00207e-10
1.04165e-10
1.01529e-10
9.77767e-11
0.0756147
1.05276e-10
0.00369108
0.0526588
1.00486e-10
0.0664054
0.0889435
1.04309e-10
0.0950335
0.0628239
1.00076e-10
1.02555e-10
0.00126609
9.91232e-11
1.03065e-10
1.03288e-10
1.06054e-10
9.61979e-11
0.00280579
1.07694e-10
1.03136e-10
1.02992e-10
0.0166496
1.0006e-10
1.00526e-10
0.0102223
0.00367546
0.0212066
0.0440518
9.78511e-11
1.00657e-10
0.043367
1.04389e-10
9.91713e-11
0.0295363
9.80999e-11
1.08312e-10
9.74845e-11
1.04596e-10
0.00287076
1.01541e-10
0.0078539
9.79858e-11
0.0264032
9.80227e-11
0.00469164
1.0081e-10
1.02637e-10
1.00125e-10
1.00334e-10
1.00877e-10
9.99999e-11
1.01781e-10
9.99912e-11
1.03508e-10
9.96757e-11
9.95354e-11
9.8738e-11
1.00809e-10
1e-10
1.00722e-10
1.13219e-10
9.96257e-11
9.99021e-11
0.00994207
9.96723e-11
1.00136e-10
9.96055e-11
1.00143e-10
9.95651e-11
0.0226242
1.03359e-10
9.76346e-11
9.75133e-11
0.0410105
1.01196e-10
1.00044e-10
9.93365e-11
9.98359e-11
0.0237315
9.62864e-11
1.00265e-10
1.00074e-10
1.01786e-10
9.99737e-11
9.75684e-11
9.99381e-11
9.94774e-11
1.0001e-10
9.99085e-11
1.03586e-10
9.877e-11
1.02229e-10
1.01864e-10
1.01262e-10
1.55938e-10
9.99979e-11
0.000895023
1.01023e-10
1.00259e-10
9.82521e-11
0.0157241
0.0117604
9.83411e-11
1.11019e-10
9.95824e-11
9.80173e-11
9.87044e-11
0.0116337
9.95745e-11
1.04188e-10
0.0723637
0.0452896
0.0796779
1.00212e-10
9.9355e-11
0.0610426
0.034235
9.69351e-11
9.73113e-11
0.0248851
9.53326e-11
1.00151e-10
1.06928e-10
0.0754102
0.0803462
0.0959339
0.023209
9.27068e-11
1.0522e-10
9.2721e-11
9.83871e-11
9.39939e-11
9.90878e-11
9.80168e-11
9.93593e-11
0.0254945
9.66768e-11
9.99067e-11
0.0156103
9.19262e-11
1.08642e-10
9.81543e-11
1.87272e-10
1e-10
9.68152e-11
9.89392e-11
0.00230496
9.98505e-11
9.97197e-11
9.75732e-11
0.0140557
9.98125e-11
9.89199e-11
1e-10
9.97112e-11
9.84973e-11
9.93323e-11
0.0488422
1.04587e-10
1.08105e-10
9.24333e-11
1.02629e-10
1.03027e-10
1.01515e-10
1.03704e-10
0.0024896
9.77175e-11
9.88609e-11
1.00223e-10
1.16019e-10
9.74465e-11
1.00763e-10
9.94455e-11
9.83732e-11
0.000907844
1.00727e-10
1.04897e-10
0.0338697
1.01939e-10
9.69586e-11
9.8861e-11
1.00282e-10
0.0180014
0.00175583
9.87603e-11
1.07848e-10
0.0304989
1.01598e-10
9.98924e-11
9.92699e-11
9.90849e-11
1.00873e-10
1.01576e-10
9.53711e-11
1.0137e-10
9.33387e-11
1e-10
9.9731e-11
1.02017e-10
1.02761e-10
1.01207e-10
9.24409e-11
1.02983e-10
5.92797e-05
0.0337943
1.06459e-10
0.00183334
9.2259e-11
0.00125314
1e-10
1.02079e-10
0.000626656
1.03354e-10
1.0081e-10
1.01417e-10
1.01527e-10
1e-10
1.0003e-10
0.00674777
1.00874e-10
1.012e-10
9.48909e-11
0.0239029
1.00444e-10
1.13822e-10
9.83108e-11
9.59644e-11
9.97398e-11
9.98723e-11
1.03296e-10
9.88482e-11
1.00386e-10
9.9851e-11
1e-10
1.04291e-10
9.99118e-11
1.01378e-10
1.01279e-10
9.90138e-11
1.02018e-10
1.02279e-10
9.57383e-11
1.31808e-10
1.03142e-10
1.01318e-10
1.00828e-10
1.02706e-10
9.73165e-11
9.6948e-11
1.27712e-10
9.98256e-11
9.37281e-11
1.13381e-10
9.51416e-11
9.80881e-11
1.29673e-10
9.35117e-11
8.93143e-11
1.06713e-10
9.80925e-11
9.99046e-11
9.20572e-11
0.00453668
0.000657948
8.65242e-11
1.18926e-10
9.51653e-11
9.62675e-11
9.49984e-11
9.31498e-11
9.05637e-11
9.78537e-11
1.04989e-10
9.51685e-11
9.19035e-11
1.08032e-10
1.04234e-10
8.91083e-11
9.34875e-11
9.59692e-11
1.10707e-10
9.72683e-11
1.12899e-10
9.4737e-11
9.64655e-11
9.48574e-11
9.43352e-11
9.4723e-11
9.59017e-11
9.63744e-11
9.03252e-11
9.87054e-11
1.07306e-10
1.0232e-10
1.06268e-10
9.64874e-11
9.12024e-11
0.00184389
8.97254e-11
0.000163375
1.03151e-10
1.01846e-10
1.01926e-10
0.00756581
9.61447e-11
9.42167e-11
9.13503e-11
9.35212e-11
9.75141e-11
9.51693e-11
9.88952e-11
9.33814e-11
9.47338e-11
9.55243e-11
1.04778e-10
9.93958e-11
9.83925e-11
1.0004e-10
1.05582e-10
1.05579e-10
1.00271e-10
1.02134e-10
9.57442e-11
1.00017e-10
1.02962e-10
9.88339e-11
1.03705e-10
1.00502e-10
9.93404e-11
1.00002e-10
1e-10
9.9882e-11
1.00017e-10
9.9751e-11
0.00334205
9.95738e-11
9.72483e-11
1.00637e-10
9.91095e-11
9.90457e-11
1.00197e-10
9.82108e-11
1.03107e-10
9.95926e-11
1e-10
9.85731e-11
9.83195e-11
9.98353e-11
1.0242e-10
9.90621e-11
9.51035e-11
1.0002e-10
1.00476e-10
9.80897e-11
1.01593e-10
9.80484e-11
1.00167e-10
9.98316e-11
9.91064e-11
9.88008e-11
9.59156e-11
9.89505e-11
0.075
1.00179e-10
9.68939e-11
9.31054e-11
1.90533e-10
1e-10
1.00345e-10
9.99969e-11
1.00383e-10
9.42407e-11
9.27608e-11
9.56597e-11
9.68052e-11
1e-10
1.01111e-10
9.73374e-11
1.00891e-10
9.70544e-11
1.01724e-10
0.000281237
9.91183e-11
1e-10
1.14517e-10
1.03705e-10
0.00491209
1.01196e-10
1.00386e-10
1.01309e-10
9.97862e-11
9.79775e-11
1.01093e-10
1.02909e-10
9.71896e-11
1.16554e-10
9.13183e-11
1.03103e-10
1.15162e-10
9.81758e-11
8.96236e-11
9.27236e-11
8.9225e-11
9.76907e-11
1.00151e-10
9.89894e-11
1.03254e-10
9.80568e-11
1.00063e-10
9.54066e-11
9.18237e-11
1.07556e-10
9.48271e-11
9.7548e-11
9.55676e-11
9.81992e-11
9.90314e-11
9.27707e-11
9.81929e-11
9.91316e-11
9.58584e-11
9.12476e-11
9.26803e-11
9.37215e-11
9.51099e-11
9.57585e-11
1.22665e-10
9.86848e-11
9.6944e-11
9.43548e-11
9.44354e-11
1.05486e-10
0.00013522
1.32775e-10
9.83478e-11
1.11655e-10
9.26677e-11
9.19918e-11
9.12678e-11
9.58492e-11
9.59826e-11
9.44551e-11
9.38362e-11
1.09265e-10
1.10089e-10
9.77392e-11
9.33826e-11
1.00398e-10
1.06769e-10
0.000358146
1.123e-10
0.000644391
9.29248e-11
9.52201e-11
9.78816e-11
1.03418e-10
9.38313e-11
9.71604e-11
1.02552e-10
1.0442e-10
9.5214e-11
9.96057e-11
9.62591e-11
1.07565e-10
1.04647e-10
9.74045e-11
9.34674e-11
9.76142e-11
0.00108952
9.40475e-11
9.36877e-11
1.09759e-10
1.04332e-10
1.05325e-10
1.07252e-10
1.00319e-10
9.95252e-11
9.94657e-11
9.8956e-11
1.01037e-10
9.81962e-11
1.09e-10
9.36958e-11
9.62753e-11
9.05545e-11
1.01574e-10
9.2129e-11
1.06648e-10
1.03831e-10
1.03036e-10
1.08675e-10
1.02106e-10
8.9047e-11
9.81924e-11
1.06017e-10
1.10077e-10
8.90274e-11
1.03597e-10
9.2548e-11
9.79062e-11
0.00096103
9.57269e-11
1.05251e-10
1.04027e-10
1.00416e-10
0.000494959
9.90665e-11
1.22166e-10
1.1126e-10
9.23599e-11
1.14466e-10
1.01874e-10
1.0198e-10
9.58588e-11
9.71403e-11
1.04293e-10
1.01657e-10
8.98357e-11
1.12821e-10
9.48204e-11
1.00447e-10
9.58705e-11
9.80167e-11
9.69587e-11
9.44772e-11
1.05634e-10
9.58952e-11
9.8625e-11
9.40043e-11
9.9043e-11
9.83815e-11
9.58804e-11
1.19278e-10
1.02498e-10
9.97679e-11
1.00055e-10
9.98451e-11
9.80247e-11
9.45533e-11
9.98815e-11
9.92374e-11
1.00048e-10
0.00114416
9.99988e-11
9.98515e-11
9.97886e-11
1.52309e-10
9.92758e-11
1.04452e-10
1.08549e-10
8.98342e-11
9.81402e-11
9.32103e-11
1.07836e-10
1.08784e-10
1.15061e-10
1.01529e-10
9.25356e-11
1.02797e-10
9.90588e-11
9.91311e-11
9.92096e-11
1.03238e-10
9.67577e-11
9.72998e-11
0.00448317
9.93777e-11
9.6589e-11
1.03079e-10
1.01612e-10
1.01632e-10
9.89782e-11
1.04777e-10
1.00369e-10
9.9763e-11
1.00929e-10
1e-10
0.000137518
9.86521e-11
1.0274e-10
9.76159e-11
9.77787e-11
9.9426e-11
1.00728e-10
1.07617e-10
9.95022e-11
9.50182e-11
1.00746e-10
9.39534e-11
1.0175e-10
9.48495e-11
9.99534e-11
9.8534e-11
9.86592e-11
9.61731e-11
0.00611614
9.66516e-11
9.46252e-11
9.68449e-11
9.89323e-11
1.23697e-10
1.07402e-10
1e-10
1.01379e-10
2.92354e-05
0.00150998
1.01604e-10
9.88294e-11
1.32131e-10
9.79759e-11
9.93463e-11
9.62737e-11
9.7218e-11
9.87999e-11
1.07494e-10
9.41747e-11
9.65512e-11
1.21483e-10
9.29991e-11
1.09458e-10
1.05477e-10
9.68633e-11
9.99204e-11
9.45951e-11
9.89747e-11
9.8554e-11
9.6768e-11
9.7738e-11
1.00319e-10
1.04401e-10
1.01283e-10
1.0128e-10
1.06473e-10
1.00174e-10
1.00491e-10
9.55e-11
1.00756e-10
9.84753e-11
1.01753e-10
9.84295e-11
9.61962e-11
1.00357e-10
9.72355e-11
9.77637e-11
1.04718e-10
1.00056e-10
9.855e-11
9.95488e-11
1.00019e-10
1.0197e-10
9.92546e-11
1.0297e-10
1.00714e-10
1.0067e-10
9.90295e-11
9.81745e-11
1.04409e-10
9.75768e-11
1.02425e-10
1.00779e-10
1.02796e-10
9.79642e-11
9.79181e-11
1.00784e-10
1.29583e-10
1.00401e-10
1.27365e-10
9.61306e-11
1.00586e-10
9.68095e-11
9.67029e-11
9.61417e-11
0.00204513
9.85808e-11
1.0081e-10
1.01221e-10
1.02387e-10
9.98619e-11
0.00232465
1.01365e-10
1.00311e-10
9.90816e-11
0.00132127
9.87746e-11
9.88542e-11
9.67041e-11
9.71022e-11
9.77994e-11
9.51487e-11
9.45827e-11
9.74713e-11
1.0715e-10
1.00397e-10
1.06168e-10
0.000489255
9.32712e-11
9.58719e-11
1.17813e-10
1.08336e-10
9.95596e-11
1.01978e-10
1.05445e-10
1.0504e-10
9.91315e-11
9.96474e-11
1.05266e-10
9.96305e-11
1.11255e-10
9.88568e-11
1.01144e-10
9.98667e-11
1.0836e-10
1.10083e-10
1.19323e-10
1.04154e-10
9.65544e-11
9.78889e-11
1.03357e-10
9.49087e-11
1.10063e-10
1.16041e-10
1.13781e-10
9.59997e-11
1.01285e-10
1.03493e-10
9.85184e-11
9.70153e-11
1.00342e-10
1.00884e-10
2.05482e-10
0.0038292
1.12927e-10
1.13324e-10
1.05972e-10
1.00725e-10
1.00355e-10
9.99262e-11
1e-10
9.84585e-11
9.75163e-11
9.9272e-11
1e-10
1.00371e-10
7.10375e-11
5.79251e-11
1e-10
1.00622e-10
1e-10
9.63132e-11
9.99484e-11
1.08289e-10
1.03174e-10
9.83365e-11
1.01413e-10
9.73082e-11
9.7866e-11
9.90149e-11
9.91339e-11
9.91006e-11
1.03501e-10
9.76988e-11
1.00103e-10
1e-10
1.0089e-10
9.7208e-11
1.07127e-10
1.00837e-10
1.00977e-10
9.99641e-11
1.00002e-10
9.48707e-11
1.00095e-10
9.91511e-11
1.0005e-10
1.00005e-10
1.03499e-10
1.00131e-10
1e-10
1.0006e-10
1e-10
9.90028e-11
9.96999e-11
9.98914e-11
9.85478e-11
1.00386e-10
9.87912e-11
9.0536e-11
9.98879e-11
1.01598e-10
9.85445e-11
1.01518e-10
1.03267e-10
9.58669e-11
9.886e-11
9.99742e-11
9.90998e-11
9.98798e-11
9.69833e-11
1.00193e-10
9.89527e-11
9.71137e-11
1.0073e-10
1.01692e-10
1.00445e-10
1.01882e-10
1.00303e-10
9.98143e-11
1.01115e-10
1.00496e-10
1.00319e-10
1.00513e-10
1.0047e-10
1.00171e-10
1.01172e-10
9.95016e-11
9.92321e-11
9.99895e-11
9.93003e-11
1.02757e-10
9.91698e-11
1.0665e-10
1.11744e-10
1.01232e-10
1.04033e-10
1.10923e-10
9.67237e-11
1.00265e-10
1.0372e-10
9.65278e-11
1e-10
1.00476e-10
1.28596e-10
9.96864e-11
9.04777e-11
1.00765e-10
1.01555e-10
1.01923e-10
9.966e-11
1.00072e-10
1.05921e-10
1.00005e-10
9.99611e-11
9.91559e-11
9.96783e-11
1.0006e-10
1.04736e-10
1.00431e-10
2.48549e-05
9.97363e-11
0.005219
9.57327e-11
1.10315e-10
1.00343e-10
9.77563e-11
9.28405e-11
1.02093e-10
9.7716e-11
8.95145e-11
9.68762e-11
9.75172e-11
9.68353e-11
9.68781e-11
9.36422e-11
9.29043e-11
1.10667e-10
1.1847e-10
9.85504e-11
9.52984e-11
1.01412e-10
1.01377e-10
1.05589e-10
1.01126e-10
1.00353e-10
1.02782e-10
1.01815e-10
1.00362e-10
1.01919e-10
1.05666e-10
1.0074e-10
1.03057e-10
1.01636e-10
1.00126e-10
1.00547e-10
1.00612e-10
1.00579e-10
1.0509e-10
9.78599e-11
9.76181e-11
1.04028e-10
1.00008e-10
9.50661e-11
1.02621e-10
1.05325e-10
9.88557e-11
8.11575e-11
9.78514e-11
1.00153e-10
1.00067e-10
1e-10
1.00807e-10
1.02176e-10
1.00945e-10
1.0013e-10
9.99238e-11
1.0391e-10
1.00017e-10
1.00382e-10
9.96327e-11
1.00872e-10
9.89611e-11
9.55425e-11
1.0285e-10
1.04269e-10
1.02823e-10
9.93256e-11
1.0461e-10
1e-10
1.00263e-10
9.93862e-11
9.9302e-11
1.00641e-10
9.76573e-11
1.04429e-10
9.73364e-11
1.00017e-10
9.24727e-11
1.02197e-10
1.04098e-10
0.00589714
9.8065e-11
1.00768e-10
1.02806e-10
1.00214e-10
0.00807353
1.00064e-10
1.0185e-10
1.01441e-10
9.95063e-11
9.95838e-11
1.01496e-10
1.02754e-10
1.01295e-10
1.02584e-10
9.75263e-11
1.07046e-10
1.0041e-10
1.08971e-10
9.92576e-11
1.0318e-10
1.03165e-10
1.02136e-10
1.11763e-10
9.54073e-11
1.14346e-10
9.98792e-11
1.01604e-10
1.07902e-10
1.60261e-10
1.04027e-10
1.03342e-10
1.01705e-10
1.04384e-10
1.03779e-10
9.96144e-11
1.00923e-10
9.84194e-11
9.92224e-11
1.04954e-10
9.98973e-11
1.06889e-10
9.91464e-11
1.05842e-10
1.03393e-10
1.00988e-10
1.00797e-10
1.02075e-10
9.67253e-11
1.07538e-10
9.53856e-11
1.03466e-10
1.06356e-10
1.0313e-10
1.00571e-10
1.08859e-10
9.80553e-11
1.02331e-10
9.82119e-11
1.10873e-10
9.64666e-11
9.67316e-11
9.62319e-11
9.5415e-11
9.7233e-11
9.66001e-11
9.25461e-11
9.59817e-11
9.68202e-11
1.14978e-10
9.76936e-11
1.01667e-10
9.4747e-11
9.57122e-11
1.05843e-10
1.007e-10
9.98585e-11
9.88311e-11
9.57777e-11
9.80182e-11
9.51911e-11
1.00617e-10
1.02339e-10
9.58149e-11
9.54822e-11
1.00066e-10
1.02172e-10
9.82312e-11
1.10593e-10
1.08398e-10
0.00458792
9.59442e-11
9.57916e-11
9.51352e-11
1.13687e-10
9.53295e-11
1.17805e-10
9.83893e-11
1.2133e-10
1.04414e-10
1.02921e-10
1.0673e-10
9.96894e-11
9.77377e-11
9.39019e-11
9.27406e-11
9.55761e-11
9.57307e-11
1.02743e-10
1.05583e-10
9.85782e-11
9.94822e-11
9.59841e-11
1.03115e-10
9.73504e-11
9.30151e-11
1.01171e-10
9.21279e-11
1.0199e-10
1.00481e-10
1.08324e-10
1.00983e-10
1.09226e-10
1.11017e-10
9.40434e-11
9.54116e-11
1.03212e-10
9.40862e-11
1.09246e-10
9.62596e-11
9.24596e-11
1.04534e-10
9.66913e-11
1.13177e-10
9.75655e-11
1.03179e-10
9.80594e-11
9.81993e-11
1.03425e-10
9.81314e-11
1.03448e-10
9.65591e-11
1.00751e-10
1.08898e-10
1.07565e-10
1.04538e-10
9.95594e-11
9.63932e-11
9.86241e-11
1.11641e-10
1.2044e-10
1.05952e-10
1.00804e-10
1.04896e-10
0.00656756
1.08186e-10
9.76853e-11
9.9897e-11
1.05993e-10
1.03081e-10
1.01792e-10
1.06448e-10
9.96121e-11
9.98493e-11
1.06043e-10
1.0224e-10
9.91685e-11
1.06671e-10
1.03986e-10
1.10106e-10
1.05634e-10
1.07062e-10
1.00685e-10
1.03574e-10
1.02683e-10
9.74189e-11
1.03389e-10
1.01254e-10
1.02304e-10
1.0317e-10
1.07066e-10
1.01149e-10
1.03582e-10
1.05519e-10
9.96708e-11
9.4265e-11
1.00718e-10
1.04947e-10
1.04642e-10
1.00405e-10
1.01768e-10
9.96754e-11
9.89377e-11
9.95741e-11
1.00118e-10
9.97057e-11
1.08134e-10
9.99425e-11
1.76213e-10
9.68233e-11
9.78853e-11
1.82107e-10
1.0211e-10
1.01054e-10
1.03916e-10
1.05226e-10
1.02101e-10
9.78096e-11
1.10439e-10
1.0287e-10
9.5925e-11
1.04849e-10
9.99169e-11
9.97782e-11
1.00606e-10
9.93302e-11
9.5833e-11
9.81982e-11
9.42696e-11
1.37477e-10
1.06579e-10
1.08669e-10
9.74516e-11
9.48674e-11
1.17132e-10
9.74595e-11
9.99318e-11
9.46544e-11
1.08145e-10
9.96646e-11
9.32398e-11
1.07921e-10
9.5439e-11
9.83443e-11
9.6414e-11
9.87039e-11
9.75981e-11
9.97307e-11
1.0126e-10
9.85394e-11
1.08574e-10
9.84663e-11
1.07603e-10
1.02094e-10
9.69711e-11
9.75712e-11
9.92213e-11
1.0441e-10
9.60336e-11
9.81461e-11
1.07608e-10
1.05902e-10
1.08066e-10
9.44505e-11
9.6209e-11
9.96518e-11
0.000104567
7.00255e-05
0.0125
1.11568e-10
6.44118e-11
9.98805e-11
9.87605e-11
1.31441e-10
9.85651e-11
7.72277e-11
1.71961e-10
1.00172e-10
9.99905e-11
9.99179e-11
9.94154e-11
1.04814e-10
1.04222e-10
1.15459e-10
1.00106e-05
9.53509e-11
9.97072e-11
9.72017e-11
9.94286e-11
1.03578e-10
9.55246e-11
8.46072e-11
9.77893e-11
9.61391e-11
9.59211e-11
9.76177e-11
9.86414e-11
9.98504e-11
9.47251e-11
1.00175e-10
9.86618e-11
9.6179e-11
9.79151e-11
9.52391e-11
0.00252197
9.96546e-11
1.00309e-10
8.70823e-11
9.45562e-11
9.23263e-11
9.66747e-11
1.0625e-10
9.53268e-11
0.00260271
9.96656e-11
9.71803e-11
1.12982e-10
9.7689e-11
9.14239e-11
9.43781e-11
9.57839e-11
9.46352e-11
1.04055e-10
1.10506e-10
1.09497e-10
9.45899e-11
9.94899e-11
1.12719e-10
1.04806e-10
9.56995e-11
9.35507e-11
9.86555e-11
9.71878e-11
9.72922e-11
9.6529e-11
1.03585e-10
1.03669e-10
1.15018e-10
1.10607e-10
1.09705e-10
1.00667e-10
1.01142e-10
1.09633e-10
9.72682e-11
1.01794e-10
1.01435e-10
1.08281e-10
9.93723e-11
9.9803e-11
1.00793e-10
1.03108e-10
1.04078e-10
1.06111e-10
1.02202e-10
1.12199e-10
1.17313e-10
1.06096e-10
1.20363e-10
9.79948e-11
9.83692e-11
1.19365e-10
1.04498e-10
9.80248e-11
9.8971e-11
1.0629e-10
9.88565e-11
1.01545e-10
1.05501e-10
1.1323e-10
1.15536e-10
1.00253e-10
9.79255e-11
9.98437e-11
9.82936e-11
9.84541e-11
1.1889e-10
1.03241e-10
9.96616e-11
1.07568e-10
9.81431e-11
1.00538e-10
1.02556e-10
1.0078e-10
1.01669e-10
1.02325e-10
9.97567e-11
9.89485e-11
1.10886e-10
9.85817e-11
1.04798e-10
9.40653e-11
1.34541e-10
9.06003e-11
9.3202e-11
1.10533e-10
8.30343e-11
8.18185e-11
5.63971e-11
0.0375
9.81908e-11
9.61556e-11
8.58489e-11
9.75405e-11
7.85097e-11
7.87267e-11
0.05
1.30639e-10
9.33599e-11
9.6247e-11
9.79217e-11
9.80401e-11
1.01812e-10
1.07123e-10
9.03934e-11
9.37164e-11
0.0375
0.0375
1.16787e-10
8.80299e-11
1.17925e-10
1.09828e-10
1.03332e-10
9.51207e-11
1.12206e-10
1.02659e-10
1.05284e-10
9.99516e-11
1.71911e-10
1.00992e-10
1.03603e-10
9.35271e-11
1.0082e-10
1.05012e-10
1.04413e-10
1.14833e-10
1.01721e-10
1.05259e-10
1.13678e-10
9.7288e-11
1.00059e-10
1.0381e-10
1.13655e-10
9.81941e-11
9.22534e-11
9.73395e-11
1.02493e-10
9.83914e-11
1.01173e-10
9.81809e-11
9.72723e-11
2.28294e-10
1.01021e-10
1.00023e-10
9.97326e-11
1.00482e-10
1.00098e-10
9.98183e-11
1.01578e-10
6.79848e-11
9.46524e-11
9.03499e-11
1.05096e-10
9.52576e-11
9.89655e-11
9.05226e-11
1.02595e-10
9.65634e-11
9.51786e-11
9.16225e-11
1.00923e-10
1.02804e-10
1.0317e-10
1.02365e-10
1.01335e-10
1.03647e-10
1.04393e-10
1.01103e-10
9.85882e-11
1.12369e-10
1.08581e-10
1.07504e-10
1.02045e-10
9.9649e-11
1.01922e-10
1e-10
1.07722e-10
1.08845e-10
1.06626e-10
1.06133e-10
1.17567e-10
0.00195287
1.00219e-10
9.90766e-11
1.01092e-10
1.06525e-10
9.64327e-11
1.05189e-10
9.74056e-11
1.02214e-10
1.12054e-10
1.22113e-10
9.81135e-11
9.92022e-11
1.06415e-10
1.09518e-10
1.01406e-10
1.06793e-10
1.00545e-10
9.81982e-11
9.9196e-11
1.00127e-10
1.0385e-10
1.00963e-10
1.09249e-10
9.99241e-11
1.08188e-10
1.00198e-10
1.0129e-10
9.99216e-11
1.01572e-10
9.95812e-11
1.18628e-10
1.08017e-10
1.05572e-10
1.1522e-10
9.82996e-11
8.91098e-11
1.10702e-10
9.6678e-11
1.09509e-10
1.11639e-10
1.00344e-10
1.0614e-10
1.05028e-10
9.96998e-11
1.11376e-10
1.04717e-10
1.10799e-10
1.0418e-10
1.12293e-10
1.19265e-10
9.81078e-11
1.11907e-10
9.87312e-11
0.00228624
1.05829e-10
1.15821e-10
1.04337e-10
1.07714e-10
1.06316e-10
1.01174e-10
1.07818e-10
1.07783e-10
1.07493e-10
1.17207e-10
9.5876e-11
1e-10
9.74451e-11
9.74819e-11
1.12308e-10
1.06841e-10
9.96154e-11
1.06645e-10
9.8536e-11
1.12458e-10
1.22966e-10
1.02762e-10
9.96554e-11
1.02643e-10
9.90222e-11
1.01691e-10
1.05065e-10
1.00048e-10
1.09623e-10
1.09126e-10
9.56473e-11
1.0539e-10
1.07257e-10
1.01375e-10
1.0698e-10
1.01165e-10
9.92572e-11
1.13233e-10
9.66942e-11
1.06624e-10
9.92011e-11
9.79606e-11
1.06339e-10
1.01932e-10
9.984e-11
9.93133e-11
9.97375e-11
9.95867e-11
9.48399e-11
1.13199e-10
1.06961e-10
1.09826e-10
1.09021e-10
1.03818e-10
1.04148e-10
1.21975e-10
9.99336e-11
1.07915e-10
9.7971e-11
1.00514e-10
9.68332e-11
1.03115e-10
1.01252e-10
1.0131e-10
9.91548e-11
9.71712e-11
1.13176e-10
9.87601e-11
1.22311e-10
1.13409e-10
1.05003e-10
1.02271e-10
1.07335e-10
9.57539e-11
9.5796e-11
1.03148e-10
9.7687e-11
9.61209e-11
9.60221e-11
9.74738e-11
1.03966e-10
1.17523e-10
1.18495e-10
1.03866e-10
1.10621e-10
9.89702e-11
1.05028e-10
9.28084e-11
9.64607e-11
9.93665e-11
1.13638e-10
9.70806e-11
9.8731e-11
9.91297e-11
1.03933e-10
1.19318e-10
1.14058e-10
1.10987e-10
1.01755e-10
1.04614e-10
9.38042e-11
9.24602e-11
9.60519e-11
9.44131e-11
9.46157e-11
1.01344e-10
9.48872e-11
9.51587e-11
1.00848e-10
9.33939e-11
1.10716e-10
9.50349e-11
1.00069e-10
9.65416e-11
9.36176e-11
9.55118e-11
0.00918699
9.73594e-11
9.66239e-11
1.02609e-10
9.53564e-11
1.01335e-10
1.16298e-10
0.00238737
9.07498e-11
9.87827e-11
1.12843e-10
9.68647e-11
9.54303e-11
9.86877e-11
9.77899e-11
9.52416e-11
9.75307e-11
9.85168e-11
9.95528e-11
9.70132e-11
9.67883e-11
9.27863e-11
9.44528e-11
1.01112e-10
9.84924e-11
9.75486e-11
9.53142e-11
9.32956e-11
1.40462e-10
9.79112e-11
1.00314e-10
1.02718e-10
1.13104e-10
1.18614e-10
1.05085e-10
9.67262e-11
9.48745e-11
1.01432e-10
9.92572e-11
1.11819e-10
9.49359e-11
9.41912e-11
9.68889e-11
9.75408e-11
9.40265e-11
9.46446e-11
1.05529e-10
9.29514e-11
9.50841e-11
1.03753e-10
9.88326e-11
9.61538e-11
1.00379e-10
9.46038e-11
9.67059e-11
9.53801e-11
9.69958e-11
1.00254e-10
9.41299e-11
9.55545e-11
1.02986e-10
9.85967e-11
1.01128e-10
9.58169e-11
1.04581e-10
9.61884e-11
9.45265e-11
1.11883e-10
1.04147e-10
1.1738e-10
1.24689e-10
9.89596e-11
1.05557e-10
1.04511e-10
1.11365e-10
9.22799e-11
9.70841e-11
1.03233e-10
9.31541e-11
9.52103e-11
1.83357e-05
1.02708e-10
1.11606e-10
8.78316e-11
9.94741e-11
9.57806e-11
1.0131e-10
1.01035e-10
1.02944e-10
9.59484e-11
9.77074e-11
9.78215e-11
1.05451e-10
1.02478e-10
1.10256e-10
1.08487e-10
1.07353e-10
1.09418e-10
1.1268e-10
9.92446e-11
9.74841e-11
1.08073e-10
1.0679e-10
1.02379e-10
1.08903e-10
9.45835e-11
9.35857e-11
9.5281e-11
1.01903e-10
1.09374e-10
1.13011e-10
1.14712e-10
1.2135e-10
1.05525e-10
1.15809e-10
1.03088e-10
1.03178e-10
1.12729e-10
9.53597e-11
9.88723e-11
9.99712e-11
9.82724e-11
1.03151e-10
1.01643e-10
9.71413e-11
1.03307e-10
1.01918e-10
9.82464e-11
1.03551e-10
1.00157e-10
1.10834e-10
1.01278e-10
9.36091e-11
1.00519e-10
9.99161e-11
1.04494e-10
1.00254e-10
1.0105e-10
9.99853e-11
1.1171e-10
1.02868e-10
1.01748e-10
9.44727e-11
9.87008e-11
1.04603e-10
9.93686e-11
1.00578e-10
9.6964e-11
9.78891e-11
9.89239e-11
1.04536e-10
1.0249e-10
9.35263e-11
1.01177e-10
9.95458e-11
9.63606e-11
9.84066e-11
9.597e-11
1.05338e-10
9.80368e-11
1.15759e-10
9.9404e-11
1.0456e-10
1.05995e-10
1.1168e-10
9.81718e-11
1e-10
9.4901e-11
1.02054e-10
9.7311e-11
1.00326e-10
9.4708e-11
9.78167e-11
9.66008e-11
1.00013e-10
1.02192e-10
1.02921e-10
9.73464e-11
9.70708e-11
1.00234e-10
1.02799e-10
1.06372e-10
1.02358e-10
8.90463e-11
1.00021e-10
1.02344e-10
1.06613e-10
1.00005e-10
9.77076e-11
9.04283e-11
9.76316e-11
1.13265e-10
9.5231e-11
9.71942e-11
1.07437e-10
1.00686e-10
1e-10
9.69962e-11
9.72237e-11
1.03483e-10
1.02501e-10
9.95705e-11
1.00005e-10
1.02917e-10
9.87243e-11
9.93944e-11
1e-10
1.08807e-10
1.0002e-10
1.10801e-10
1.06026e-10
9.93331e-11
9.9376e-11
9.73021e-11
9.703e-11
1.00055e-10
9.77411e-11
9.48972e-11
9.88015e-11
9.97729e-11
9.96673e-11
1.01216e-10
9.92534e-11
1.06662e-10
1.23558e-10
1.17961e-10
9.92857e-11
1.01638e-10
9.86249e-11
9.56983e-11
1.0143e-10
1.03454e-10
1.0302e-10
1.00001e-10
8.87719e-11
1.05719e-10
1.08252e-10
1.04208e-10
1.01371e-10
1.10245e-10
1.00592e-10
9.92552e-11
9.96837e-11
9.99424e-11
1.00396e-10
0.000805006
1.03451e-10
1.00134e-10
1.04942e-10
1.02809e-10
1.00851e-10
1.03454e-10
9.65739e-11
1.01131e-10
1.02663e-10
1.0256e-10
9.3816e-11
9.43267e-11
1.02485e-10
1.08246e-10
1.01517e-10
9.74689e-11
1.03397e-10
9.23047e-11
1.07523e-10
9.12844e-11
1.03412e-10
1.10946e-10
1.08844e-10
1.01674e-10
9.6076e-11
1.02867e-10
0.000108137
9.06348e-11
9.48706e-11
1.13833e-10
1.02978e-10
1.13773e-10
1.03021e-10
9.58548e-11
1.20259e-10
9.54621e-11
1.00069e-10
9.30128e-11
9.39752e-11
9.80765e-11
9.77939e-11
1.0419e-10
9.77659e-11
9.58459e-11
1.00645e-10
9.92973e-11
1.00704e-10
1.00272e-10
1.0148e-10
1.02811e-10
0.000282926
1.05798e-10
9.94899e-11
1.02768e-10
1.03118e-10
1.02014e-10
1.04389e-10
1.00997e-10
1.03604e-10
9.77143e-11
9.69277e-11
1.07891e-10
9.99424e-11
1.00978e-10
1.03989e-10
9.7398e-11
1.07709e-10
9.82504e-11
9.76207e-11
1.01326e-10
9.91147e-11
9.06711e-11
5.7817e-11
9.11563e-11
9.73874e-11
1.00972e-10
9.71491e-11
6.43198e-11
9.94415e-11
9.93459e-11
9.55298e-11
9.33513e-11
1.0277e-10
9.72143e-11
9.32544e-11
1.1489e-10
1.00605e-10
1.09363e-10
1.11481e-10
1.01995e-10
9.77665e-11
9.49453e-11
1.06246e-10
9.60566e-11
9.26961e-11
1.22294e-10
1.13358e-10
9.43023e-11
9.82946e-11
9.92453e-11
9.93673e-11
1.06999e-10
9.1562e-11
9.1349e-11
9.66918e-11
9.81046e-11
9.18095e-11
1.12373e-10
1.02305e-10
1.03612e-10
1.01964e-10
1.06102e-10
1.03136e-10
1.00719e-10
1.03311e-10
1.10735e-10
1.01552e-10
1.01367e-10
1.09265e-10
1.00747e-10
1.01146e-10
1.0129e-10
1.02469e-10
1.04908e-10
1.01041e-10
9.8253e-11
1.61448e-10
1.00267e-10
1.03738e-10
1.04905e-10
1.0191e-10
1.03411e-10
9.80525e-11
1.00663e-10
1.043e-10
1.01433e-10
1.01677e-10
1.04331e-10
1.00365e-10
9.9243e-11
9.56473e-11
9.88736e-11
9.8004e-11
1.06084e-10
1.05325e-10
1.29443e-10
1.08841e-10
9.79503e-11
9.68683e-11
0.0160088
9.29669e-11
1.05463e-10
1.00912e-10
9.42327e-11
1.03865e-10
9.53641e-11
1.01858e-10
1.03711e-10
9.85476e-11
9.02564e-11
1.04884e-10
9.62171e-11
1.07782e-10
0.000798444
9.42573e-11
9.88488e-11
1.0215e-10
9.61654e-11
9.10208e-11
9.49906e-11
9.73212e-11
1.14691e-10
1.01605e-10
1.02e-10
1.12686e-10
1.1039e-10
1.02394e-10
1.05355e-10
9.89092e-11
1.01142e-10
1.02434e-10
9.82089e-11
1.03363e-10
9.70648e-11
9.91178e-11
1.06046e-10
9.56845e-11
1.06615e-10
9.88761e-11
1.26999e-10
9.7288e-11
1.01089e-10
9.50616e-11
1.0002e-10
1.00873e-10
1.07202e-10
1.29135e-10
1.08131e-10
9.38508e-11
9.80071e-11
9.98664e-11
9.55371e-11
1.08143e-10
1.03037e-10
1.04782e-10
9.92013e-11
1.0283e-10
9.74746e-11
9.72354e-11
1.01335e-10
8.74771e-11
9.2642e-11
1.05745e-10
1.02158e-10
1.02414e-10
1.01048e-10
9.85604e-11
9.60845e-11
1.03399e-10
9.76652e-11
1.05799e-10
9.50668e-11
1.00368e-10
1.00977e-10
1.04e-10
1.02262e-10
9.54124e-11
9.66469e-11
9.46382e-11
9.30972e-11
9.6068e-11
9.63544e-11
9.40376e-11
9.42481e-11
1.00708e-10
9.3249e-11
0.00360476
9.258e-11
0.000155743
1.02688e-10
9.98839e-11
9.96366e-11
1.00704e-10
9.99881e-11
9.97639e-11
1.01182e-10
1.00928e-10
9.965e-11
9.92674e-11
9.94365e-11
1.0059e-10
9.89997e-11
9.69767e-11
9.8452e-11
9.82977e-11
1.14968e-10
1.04515e-10
9.7354e-11
1.03026e-10
1.06975e-10
9.84695e-11
8.5607e-11
9.70393e-11
9.59704e-11
9.45279e-11
9.53009e-11
9.33671e-11
9.73527e-11
9.41088e-11
9.40255e-11
1.02268e-10
1.02007e-10
9.26836e-11
1.12164e-10
1.03974e-10
1.07766e-10
1.00908e-10
1.06958e-10
1.05284e-10
1.04844e-10
1.0614e-10
9.1473e-11
1.06674e-10
9.68428e-11
0.000692712
1.06183e-10
1.07017e-10
1.09325e-10
1.12591e-10
9.10646e-11
1.02946e-10
1.02314e-10
1.19367e-10
9.44727e-11
1.04702e-10
1.00512e-10
1.04329e-10
1.05764e-10
9.646e-11
9.49556e-11
1.00918e-10
9.76763e-11
9.72447e-11
9.66727e-11
0.0013947
1.03533e-10
1.05838e-10
9.11648e-11
9.62119e-11
1.04562e-10
1.04137e-10
9.50909e-11
1.02236e-10
1e-10
1.05381e-10
1.05725e-10
1.00521e-10
9.96898e-11
9.62559e-11
9.97233e-11
9.75035e-11
9.99305e-11
9.91203e-11
1.00192e-10
9.91113e-11
9.88498e-11
1e-10
9.96899e-11
9.71692e-11
9.9323e-11
9.79216e-11
9.94067e-11
1e-10
9.58108e-11
9.95414e-11
9.93138e-11
1e-10
1.00088e-10
1.05798e-10
9.84662e-11
9.93838e-11
9.81799e-11
1.01371e-10
9.93753e-11
9.89654e-11
9.88897e-11
0.000339544
1.0008e-10
9.45527e-11
1.00358e-10
9.86025e-11
9.78304e-11
1.00608e-10
9.91504e-11
9.83953e-11
9.85742e-11
1.0171e-10
9.97678e-11
1.00211e-10
1.05905e-10
9.80459e-11
1.01196e-10
1.03544e-10
1.00324e-10
9.84308e-11
1.15767e-10
0.000311461
9.96223e-11
9.91005e-11
9.9214e-11
1.05607e-10
9.98647e-11
9.98168e-11
1.01264e-10
9.75003e-11
9.73e-11
1.04628e-10
9.93153e-11
9.81973e-11
1.0258e-10
9.89157e-11
9.76361e-11
1.04686e-10
9.73035e-11
9.59717e-11
9.62034e-11
1.04292e-10
1.04756e-10
9.77532e-11
1.03432e-10
9.72036e-11
1.02959e-10
1.02986e-10
9.94558e-11
9.80029e-11
9.25566e-11
9.85153e-11
9.64078e-11
9.64643e-11
9.65088e-11
9.77924e-11
1.00315e-10
1.05505e-10
9.65541e-11
1.03113e-10
9.5922e-11
1.00145e-10
1.01323e-10
8.89843e-11
1.0356e-10
9.80964e-11
1.05563e-10
9.4673e-11
9.34727e-11
9.63413e-11
9.68157e-11
9.43745e-11
8.91503e-11
9.71636e-11
9.74549e-11
1.04351e-10
9.63759e-11
1.03216e-10
9.80789e-11
1.00269e-10
1.05976e-10
9.78878e-11
1.15039e-10
0.00423672
1.08746e-10
9.73463e-11
1.03522e-10
9.75965e-11
9.42322e-11
9.25374e-11
9.44494e-11
9.00751e-11
9.44663e-11
0.0222723
9.26685e-11
9.80133e-11
1.03617e-10
9.65133e-11
9.22957e-11
9.47681e-11
8.83179e-11
9.12251e-11
1.00404e-10
9.69544e-11
1.0273e-10
9.63502e-11
9.95042e-11
1.0246e-10
9.44737e-11
9.87132e-11
1e-10
1.00424e-10
9.56289e-11
9.97183e-11
9.85533e-11
1.05698e-10
9.99693e-11
9.81522e-11
1.00289e-10
9.76724e-11
1.15761e-10
1.06845e-10
9.68868e-11
9.95201e-11
1.05788e-10
9.90974e-11
9.80377e-11
9.34691e-11
9.73511e-11
9.89124e-11
8.55773e-11
1.07778e-10
9.93409e-11
1.0621e-10
1.05029e-10
9.68425e-11
8.45288e-11
9.97798e-11
9.96021e-11
9.9424e-11
9.98923e-11
1.01926e-10
9.71205e-11
9.93664e-11
9.99132e-11
9.81199e-11
1e-10
9.99773e-11
1.01144e-10
1.00811e-10
1.02724e-10
9.88062e-11
9.96254e-11
9.90617e-11
9.94629e-11
9.90378e-11
9.89491e-11
1.03814e-10
1.02293e-10
1.03841e-10
9.80079e-11
1.42926e-10
9.72552e-11
1.04984e-10
1.00553e-10
1.01658e-10
9.64864e-11
9.82852e-11
9.53149e-11
1.04113e-10
1.02942e-10
9.10282e-11
9.26068e-11
9.91742e-11
1.0263e-10
0.00193015
9.36186e-11
1.02391e-10
9.02074e-11
9.17896e-11
1.08296e-10
9.25717e-11
0.000264685
9.07935e-11
9.18023e-11
9.77921e-11
9.75714e-11
9.25001e-11
1.07202e-10
9.58476e-11
1.0432e-10
9.19503e-11
9.10656e-11
1.08354e-10
1.06801e-10
1.0396e-10
9.5936e-11
1.01996e-10
1.10252e-10
9.4039e-11
1.95156e-10
9.26453e-11
1.01191e-10
1.07756e-10
9.06211e-11
1.01603e-10
1.08779e-10
1.10484e-10
9.60021e-11
1.0898e-10
9.749e-11
9.73945e-11
1.19003e-10
9.985e-11
1.00573e-10
1.10667e-10
1.03915e-10
9.9123e-11
0.00295328
1.02184e-10
1.01539e-10
1.01906e-10
1.01989e-10
9.43389e-11
1.08665e-10
9.81111e-11
1.06048e-10
1.09032e-10
9.05302e-11
1.0147e-10
1.00464e-10
9.95844e-11
9.81247e-11
1.04109e-10
1.04215e-10
9.96671e-11
1.0211e-10
9.93825e-11
9.60626e-11
1.08599e-10
1.03617e-10
1.02588e-10
9.76623e-11
1.04662e-10
1.07249e-10
1.00103e-10
1.01429e-10
9.94037e-11
1.25486e-10
1.01801e-10
1.05392e-10
1.47727e-10
1.02537e-10
9.87324e-11
9.64836e-11
9.93944e-11
1.01189e-10
1.03332e-10
1.02131e-10
9.68074e-11
9.91239e-11
9.66168e-11
9.6435e-11
9.75661e-11
1.05034e-10
9.3447e-11
9.61171e-11
9.66012e-11
9.82553e-11
9.85042e-11
1.0426e-10
9.57119e-11
9.87828e-11
1.05237e-10
1.01411e-10
9.62051e-11
1.08592e-10
9.60307e-11
9.64507e-11
1.06379e-10
1.06549e-10
9.77237e-11
1.02613e-10
1.01299e-10
1.05226e-10
1.02211e-10
1.05448e-10
9.81976e-11
1.08713e-10
1.043e-10
1.06684e-10
9.46326e-11
1.0324e-10
1.01784e-10
1.04569e-10
1.01341e-10
1.01329e-10
1.02846e-10
1.00451e-10
9.05481e-11
9.48174e-11
9.69778e-11
1.04163e-10
9.87592e-11
9.71743e-11
9.31418e-11
1.10783e-10
9.79457e-11
1.06014e-10
9.46462e-11
9.60562e-11
9.64645e-11
9.68795e-11
9.77852e-11
9.89559e-11
9.87384e-11
9.75973e-11
9.92197e-11
9.66065e-11
9.45497e-11
9.82035e-11
9.74009e-11
9.98822e-11
9.75498e-11
9.66134e-11
9.54717e-11
9.99201e-11
9.81915e-11
9.56963e-11
9.71332e-11
9.83364e-11
1.04711e-10
9.16303e-11
1.0344e-10
9.27033e-11
1.07121e-10
1.04066e-10
1.05385e-10
9.71465e-11
1.05729e-10
1.02161e-10
1.00081e-10
1.06562e-10
1.16253e-10
1.10519e-10
1.0223e-10
9.3122e-11
9.20176e-11
9.19245e-11
9.37821e-11
1.02484e-10
1.10135e-10
8.76325e-11
1.0033e-10
1.02802e-10
1.01484e-10
1.12493e-10
9.97692e-11
1.03031e-10
9.90866e-11
1.00085e-10
9.85711e-11
9.51538e-11
9.79444e-11
9.50624e-11
1.04284e-10
1.07269e-10
1.01309e-10
1.03989e-10
1.02612e-10
1.06942e-10
9.84582e-11
9.49409e-11
1.17371e-10
6.49239e-05
9.12076e-11
1.0116e-10
9.59946e-11
1.00535e-10
0.000284509
6.85803e-05
9.80763e-11
9.69862e-11
1.00029e-10
9.98318e-11
9.98956e-11
1.00056e-10
9.94093e-11
9.68526e-11
9.98802e-11
1.00276e-10
1.03358e-10
1.00409e-10
1.01721e-10
1.00198e-10
1.00582e-10
9.6861e-11
1.02915e-10
1.08898e-10
1.05283e-10
1.04574e-10
1.02707e-10
1.02339e-10
1.04117e-10
1.05665e-10
1.04368e-10
9.66779e-11
9.89029e-11
1.03652e-10
9.39048e-11
1.03448e-10
9.7084e-11
9.27643e-11
9.95823e-11
1.60438e-10
9.81856e-11
1e-10
1.09696e-10
1.02386e-10
1.02298e-10
1.00052e-10
1.15404e-10
1.0249e-10
9.99724e-11
9.98821e-11
1.04046e-10
1.00015e-10
1e-10
0.0875
1.01618e-10
9.17887e-11
9.44237e-11
1.04896e-10
1.00356e-10
9.9362e-11
9.98171e-11
9.97519e-11
9.87137e-11
1.00295e-10
1.00938e-10
9.97803e-11
5.39711e-11
0.1
1.06215e-10
1.0492e-10
1.0678e-10
1.13698e-10
1.68519e-10
9.82089e-11
1.09968e-10
1.05022e-10
1.0031e-10
1.14818e-10
6.92169e-11
1.03215e-10
1.00712e-10
1.026e-10
1.0792e-10
9.57472e-11
1.01746e-10
9.82571e-11
1.10725e-10
9.79238e-11
1.00398e-10
1.1559e-10
1.0659e-10
1.04188e-10
1.10238e-10
9.92052e-11
9.48608e-11
1.02554e-10
1.03228e-10
1.03147e-10
9.5914e-11
9.77537e-11
9.95628e-11
9.52342e-11
1.01894e-10
9.98662e-11
1.04493e-10
1.06109e-10
1.01241e-10
1.02442e-10
0.00218729
1.00094e-10
1e-10
9.93755e-11
1.07902e-10
9.65242e-11
9.63665e-11
9.82811e-11
1.00036e-10
1.03379e-10
1.08677e-10
0.000748877
8.91066e-11
9.86049e-11
9.9931e-11
1.01497e-10
1.06264e-10
9.72542e-11
9.99189e-11
1.14299e-10
1.55374e-10
1.10465e-10
1.08553e-10
1.10982e-10
9.96584e-11
1.02989e-10
7.61671e-11
1.02157e-10
1.02324e-10
1.06732e-10
0.000153357
1.12316e-10
9.97573e-11
1.05276e-10
0.000477365
1.03864e-10
9.42926e-11
9.8624e-11
9.99222e-11
1.09986e-10
1.08229e-10
1.02397e-10
1.00127e-10
1.15573e-10
1.05126e-10
0.00610065
1.03654e-10
1.04498e-10
1.05754e-10
9.39683e-11
1.01355e-10
1.04858e-10
9.9114e-11
1.00525e-10
1.02828e-10
1.0176e-10
1.02052e-10
1.10008e-10
1.01798e-10
9.29648e-11
9.2585e-11
9.21615e-11
0.00470634
1.05905e-10
0.000854378
1.05067e-10
1.01142e-10
1.07082e-10
1.02733e-10
1.05381e-10
1.00977e-10
1.07125e-10
1.05458e-10
1.05983e-10
1.03993e-10
1.0661e-10
9.76865e-11
9.41374e-11
9.4877e-11
1.03996e-10
1.05791e-10
1.02144e-10
1.06814e-10
1.02533e-10
1.11294e-10
1.03034e-10
1.05456e-10
9.69934e-11
1.02703e-10
9.46177e-11
9.68091e-11
9.5649e-11
9.32661e-11
1.04438e-10
9.55282e-11
1.05338e-10
9.94241e-11
9.45898e-11
9.42934e-11
1.00482e-10
1.08629e-10
9.72026e-11
9.69067e-11
1.07961e-10
1.05636e-10
0.000122173
9.94869e-11
9.56162e-11
1.11766e-10
9.92752e-11
9.4112e-11
1.07096e-10
1.03728e-10
9.85709e-11
9.0838e-11
9.48438e-11
9.60641e-11
9.88991e-11
9.23708e-11
1.10795e-10
1.02059e-10
1.05065e-10
1.01291e-10
1.02302e-10
1.04403e-10
9.53059e-11
9.99262e-11
9.99382e-11
9.62475e-11
1.07304e-10
1.01146e-10
1.03118e-10
9.81578e-11
1.1285e-10
1.00644e-10
9.8167e-11
9.87947e-11
1.02162e-10
9.1915e-11
9.98017e-11
1.00898e-10
9.53707e-11
1.02021e-10
9.67745e-11
9.91631e-11
1.11838e-10
0.00739251
1.01654e-10
1.1309e-10
0.000426852
1.03323e-10
9.81266e-11
9.74861e-11
9.5029e-11
9.06144e-11
1.09143e-10
9.92654e-11
9.16542e-11
9.88801e-11
9.58696e-11
1.10927e-10
1.08047e-10
0.00250146
1.16585e-10
9.3234e-11
1.11595e-10
1.19702e-10
1.05771e-10
9.51299e-11
1.04669e-10
1.01263e-10
1.00382e-10
1.10565e-10
9.60227e-11
9.70218e-11
1.14432e-10
0.000431296
9.70704e-11
9.75364e-11
9.60382e-11
0.00359035
9.17042e-11
1.13568e-10
9.89712e-11
9.62933e-11
1.00534e-10
1.0002e-10
9.99105e-11
1e-10
0.00030723
1.08179e-10
9.77429e-11
1.00094e-10
9.17247e-11
1.00093e-10
1e-10
9.96906e-11
4.93215e-05
1e-10
9.96516e-11
9.52357e-11
1.61344e-10
1.0167e-10
1.69594e-10
9.7728e-11
0.000684456
9.82598e-11
7.49826e-11
0.000413764
1.00209e-10
9.28637e-11
9.91377e-11
9.81558e-11
9.43105e-11
9.7521e-11
2.24713e-10
1e-10
9.56994e-11
1.63795e-10
9.19366e-11
1.34084e-10
1.03818e-10
9.93668e-11
9.98827e-11
1.00751e-10
1.00259e-10
9.35752e-11
7.43475e-11
9.509e-11
9.40607e-11
9.9372e-11
1.00569e-10
9.52303e-11
1.05758e-10
9.58583e-11
1e-10
1.35751e-10
0.000226928
7.90394e-11
8.82094e-11
9.72766e-11
9.6085e-11
9.74524e-11
1.03803e-10
9.13063e-11
9.6384e-11
8.9551e-11
1.00885e-10
9.56247e-11
9.50332e-11
1.05237e-10
1.03021e-10
1.06841e-10
9.47019e-11
9.5231e-11
9.66804e-11
1.05534e-10
1.06851e-10
9.35502e-11
1.21457e-10
9.03494e-11
8.83477e-11
9.07284e-11
9.82449e-11
1.12411e-10
9.71935e-11
9.79349e-11
9.4159e-11
9.82919e-11
1.12853e-10
1.0308e-10
1.02664e-10
1.05004e-10
1.09012e-10
0.00148401
0.00444095
9.20451e-11
9.63606e-11
0.0098621
1.03955e-10
9.55259e-11
1.02017e-10
0.00146791
1.01917e-10
1.03441e-10
1.03952e-10
9.81343e-11
1.06832e-10
1.03551e-10
1.02312e-10
9.31822e-11
1.01933e-10
1.06007e-10
9.61349e-11
9.64539e-11
1.06103e-10
1.04608e-10
1.01331e-10
1.01475e-10
1.10841e-10
1.05948e-10
9.6192e-11
0.000223058
9.00559e-11
1.07105e-10
1.07538e-10
0.000814596
1.09542e-10
1.02394e-10
1.07705e-10
1.05985e-10
9.38109e-11
9.18708e-11
1.07066e-10
1.02193e-10
1.03128e-10
1.0339e-10
1.03198e-10
1.10073e-10
1.06306e-10
1.67763e-10
9.49212e-11
9.60572e-11
1.04875e-10
1.06215e-10
9.4824e-11
1.05412e-10
1.03136e-10
1.8813e-10
7.36936e-11
9.34836e-11
1.03087e-10
8.67689e-11
1e-10
1e-10
9.97685e-11
1.08148e-10
9.92855e-11
1.00076e-10
0.000687114
0.00183132
1.85523e-10
9.56911e-10
1.4105e-10
8.08512e-11
9.65389e-11
9.58427e-11
1.20293e-10
9.97818e-11
1.14619e-10
9.36661e-11
1.11301e-10
1.10632e-10
0.00185233
1.03832e-10
1.02441e-10
1.10814e-10
1.1441e-10
1.06101e-10
1.04874e-10
1.06254e-10
1.03583e-10
1.00307e-10
0.00568228
1.14843e-10
9.9219e-11
9.69234e-11
0.00484395
0.00105308
9.75707e-11
1e-10
9.93631e-11
9.94761e-11
9.87434e-11
1.04562e-10
0.0018005
1.10562e-10
1.00156e-10
1e-10
1.05608e-10
1.06884e-10
9.95803e-11
1.00615e-10
0.0019963
1e-10
9.97335e-11
1.01666e-10
1.03938e-10
0.0018703
1.0214e-10
1.02997e-10
1.02091e-10
9.9275e-11
1.00588e-10
1.01345e-10
9.7451e-11
1.00216e-10
1.0555e-10
1.04703e-10
9.60365e-11
0.00197605
1.04833e-10
1.00422e-10
1.01908e-10
1.01713e-10
9.74651e-11
1.00078e-10
1.01828e-10
1.05775e-10
1.04008e-10
1.07202e-10
1.01872e-10
1.04933e-10
0.0031934
9.96106e-11
9.60706e-11
1.00541e-10
9.72434e-11
0.0109303
0.00421095
1.03868e-10
0.000301701
1.13136e-10
1.06726e-10
1.03681e-10
1.20808e-10
1.03218e-10
0.000128033
9.85497e-11
1.14108e-10
1.02524e-10
0.00383744
0.00262628
1.16688e-10
1.11413e-10
1.0072e-10
0.00204698
9.75852e-11
9.36659e-11
1.04125e-10
1.13306e-10
0.000461665
1.05849e-10
1.02789e-10
9.38585e-11
1.0646e-10
1.10263e-10
0.0114396
0.000851656
9.92393e-11
1.11703e-10
0.000860472
1.10585e-10
1.40672e-10
0.000553695
1.01722e-10
0.00196196
1.09612e-10
8.32488e-11
0.00595867
9.85801e-11
9.69055e-11
9.79262e-11
9.48354e-11
9.99534e-11
9.71768e-11
1.06791e-10
9.80257e-11
0.000373617
9.23662e-11
1.04592e-10
9.50637e-11
9.67677e-11
0.00306501
1e-10
1.03517e-10
1.03143e-10
2.00452e-10
9.7441e-11
1.04178e-10
1.00397e-10
0.0010599
1.02278e-10
1.00446e-10
9.9124e-11
9.89971e-11
1.08285e-10
1.03575e-10
1.0122e-10
1.0116e-10
1.0265e-10
1.46604e-10
9.68842e-11
9.52104e-11
9.83133e-11
9.95343e-11
9.93005e-11
9.98645e-11
9.91793e-11
9.86838e-11
9.85561e-11
9.50083e-11
9.80519e-11
1.04868e-10
9.73694e-11
9.54397e-11
1.04212e-10
1.00508e-10
1.02945e-10
0.0128722
1.07035e-10
1e-10
1.01703e-10
8.8531e-11
9.1719e-11
9.73528e-11
9.66803e-11
9.44489e-11
9.96995e-11
9.0182e-11
1.16963e-10
9.45196e-11
9.58253e-11
9.33065e-11
9.31878e-11
1.02503e-10
2.94365e-05
9.96797e-11
9.79772e-11
1.01811e-10
3.87349e-06
1.00072e-10
1.02269e-10
1.04553e-10
1.08576e-10
9.99732e-11
9.99663e-11
1.05719e-10
9.85618e-11
1.0042e-10
1.01084e-10
1.0389e-10
1.03248e-10
1.07505e-10
1.00953e-10
1.04916e-10
1.03087e-10
1.01888e-10
1.03587e-10
0.00175394
1.00246e-10
9.69499e-11
9.97838e-11
1.0481e-10
1.07566e-10
9.73837e-11
9.97209e-11
9.85586e-11
0.000543442
1.65842e-10
1.07213e-10
0.000107811
9.99315e-11
0.000433143
1.00097e-10
1.00242e-10
0.0264546
9.98263e-11
1.00036e-10
9.85375e-11
1.00159e-10
0.000954309
1.00041e-10
9.99976e-11
0.317725
9.57424e-11
1.01237e-10
1.06354e-10
1.02318e-10
9.94639e-11
1.08077e-10
1.10332e-10
1.00325e-10
1.08785e-10
9.91294e-11
1.01652e-10
9.83883e-11
0.0034661
0.000431977
9.89697e-11
1.06349e-10
9.93012e-11
1.1103e-10
1.00902e-10
9.86471e-11
1.00574e-10
9.40738e-11
0.0125
1.44491e-10
1.03446e-10
1.12136e-10
9.80713e-11
0.0063667
9.54706e-11
1.0807e-10
2.02098e-10
0.000798001
1.03147e-10
0.110096
0.0771832
1.14312e-10
0.0459995
9.95789e-11
0.000283994
9.93707e-11
1.01326e-10
1.00416e-10
1.01006e-10
1.00796e-10
9.86074e-11
0.000619812
9.99097e-11
0.00160252
1.0326e-10
9.87303e-11
1.14339e-10
1.20575e-10
9.71692e-11
9.9278e-11
8.19937e-11
1.06326e-10
1.00895e-10
2.16322e-10
9.4881e-11
9.99435e-11
9.65011e-11
1e-10
0.000741865
1.01691e-10
9.18756e-11
9.6131e-11
1.00273e-10
0.000463078
9.72271e-11
1.01168e-10
9.79045e-11
9.70803e-11
1.04325e-10
9.45872e-11
1.00112e-10
1.03187e-10
0.0010973
1.03072e-10
9.88403e-11
9.28891e-11
1.2726e-10
1.05874e-10
9.98622e-11
9.68644e-11
9.97881e-11
0.000252397
0.000948931
0.00121249
9.39923e-11
1.02179e-10
8.72976e-11
1.02871e-10
9.30882e-11
0.00025607
0.00568052
9.61849e-11
1.05085e-10
0.00103253
9.73893e-11
0.00885095
1.0525e-10
0.0321809
0.0225215
1.00777e-10
1e-10
9.96505e-11
1.01197e-10
9.98203e-11
6.22195e-11
0.0125
1.42468e-10
8.55049e-05
9.9316e-11
0.000552988
9.99045e-11
7.04344e-06
0.000364926
9.92658e-11
9.73438e-05
9.50272e-11
9.48131e-11
9.51224e-11
9.83048e-11
1.00039e-10
1.36677e-10
9.00783e-11
0.00714847
3.05648e-05
9.96683e-11
9.9791e-11
1.01683e-10
9.49714e-11
9.25922e-11
1.00458e-10
0.00234246
1.10895e-10
0.0103719
9.85643e-11
1.08723e-10
0.159121
9.71127e-11
9.67944e-11
9.44341e-11
1.03006e-10
1.03128e-10
1.0336e-10
1.00155e-10
9.94965e-11
9.67312e-11
9.70716e-11
6.55469e-05
0.137272
0.0200149
9.84412e-11
1.0007e-10
1.00044e-10
1e-10
0.0632086
0.0467033
9.77698e-11
1.14607e-10
0.000923126
0.0338665
1.01622e-10
0.0355642
1e-10
9.99164e-11
0.0857628
1.01835e-10
1.84793e-10
0.000864703
9.91908e-11
9.88787e-11
9.98581e-11
8.94391e-11
0.00182725
0.00716532
1.03413e-10
0.00429981
0.00126051
9.98815e-11
1.0505e-10
0.00382184
1.08167e-10
9.82319e-11
9.79234e-11
1.15171e-10
9.63839e-11
1.00542e-10
0.00777189
0.028867
1.02967e-10
0.00836435
1.02236e-10
1.01134e-10
1.02228e-10
1.02735e-10
1.07035e-10
1.03865e-10
1.02162e-10
1.0004e-10
0.0168373
0.00742143
9.57735e-11
1.08374e-10
1.0882e-10
0.0816311
9.90618e-11
9.68028e-11
9.72261e-11
9.55259e-11
9.17314e-11
9.29146e-11
1.0877e-10
9.08776e-11
9.50966e-11
8.68516e-11
1.01544e-10
0.00176733
9.53111e-11
9.63702e-11
9.66046e-11
0.143176
1.03239e-10
1.11956e-10
1.01674e-10
9.93056e-11
0.050166
0.137537
0.0396321
1.04735e-10
9.37579e-11
1.21138e-10
9.58119e-11
9.92362e-11
0.00194985
0.000338878
9.61691e-11
1.00546e-10
0.0091666
9.29218e-11
0.0868702
9.51252e-11
1.08617e-10
1.05699e-10
9.6652e-11
1.15384e-10
1.15092e-10
0.0575369
1.07467e-10
9.502e-11
0.00297504
9.99344e-11
1.23339e-10
1.12062e-10
0.067192
0.0972227
1.03848e-10
1.05153e-10
1.0137e-10
1.01102e-10
0.0856007
0.0168496
0.032081
0.0927791
0.282278
0.134565
0.00382026
1.11078e-10
1.02419e-10
9.91611e-11
0.00715823
0.0617044
2.27321e-10
9.94458e-11
1.00538e-10
9.94831e-11
9.86932e-11
1.17792e-10
1.08041e-10
1.18084e-10
1.06053e-10
9.72472e-11
0.0407881
9.29266e-11
1.02404e-10
1.08823e-10
1.069e-10
1.06709e-10
1.06931e-10
0.00108967
0.000254571
8.99908e-11
0.000383688
1.02189e-10
1.24128e-10
9.8407e-11
9.71576e-11
9.9008e-11
9.94261e-11
1e-10
1.01263e-10
0.030908
9.95075e-11
0.00603752
9.92422e-11
0.00982488
0.00462245
9.99168e-11
0.0096494
0.0218308
9.5679e-11
9.8038e-11
0.107134
0.0716849
1.02006e-10
0.0024021
0.293913
0.0789867
0.0838717
0.139117
1.00069e-10
0.0280963
9.69213e-11
1.00226e-10
1e-10
9.96901e-11
1.15873e-10
9.95017e-11
0.00165843
0.00102197
9.89296e-11
9.23233e-11
9.44922e-11
9.56004e-11
9.52944e-11
9.84634e-11
1.00358e-10
9.65986e-11
0.0613206
0.0350799
9.67627e-11
9.04557e-11
8.91411e-11
0.0890011
1.02534e-10
1.05339e-10
0.0323306
1.03227e-10
1.04473e-10
1.00819e-10
9.38291e-11
1.04106e-10
1.01968e-10
1.05585e-10
0.000490565
1.02117e-10
1.0581e-10
1.05159e-10
0.0990799
0.0639248
1.03255e-10
0.0958042
0.0157119
9.89353e-11
1.01069e-10
1.03015e-10
0.053339
0.0728943
1.01648e-10
0.106619
0.0876998
9.83377e-11
0.0765549
0.0596013
0.0836661
9.74521e-11
1.07172e-10
1.00784e-10
9.84186e-11
0.129152
0.0651543
0.0738226
0.0445338
0.280739
0.0581596
0.0156513
9.58808e-11
9.68551e-11
0.00835626
9.61659e-11
9.66629e-11
9.58497e-11
0.0596116
9.31651e-11
9.19391e-11
1.11875e-10
0.121253
9.68113e-11
9.41008e-11
9.65148e-11
1.09415e-10
1.04071e-10
9.46403e-11
8.83744e-11
9.15623e-11
9.83635e-11
1.00356e-10
1.00942e-10
0.0402475
0.057799
0.074212
9.14736e-11
0.0709341
0.216662
0.0812077
0.190681
0.566638
0.0473677
0.126751
0.182648
0.0615634
0.0641449
0.0282095
0.0125451
0.096801
0.0483596
0.0372427
0.113655
0.272811
0.0654845
0.0127241
9.98423e-11
0.0705758
1.0063e-10
9.99349e-11
9.97315e-11
9.99697e-11
9.96995e-11
0.0584457
0.0738859
0.00534174
0.00183639
0.0768546
0.0765754
0.0678865
9.86814e-11
0.12321
0.160999
0.134461
0.0733057
0.0517379
0.124567
0.0990513
0.0972835
0.114772
0.162815
0.326756
0.275557
0.102452
0.191323
0.17234
0.091967
0.0607733
9.64739e-11
1.25034e-10
9.84186e-11
9.99699e-11
9.95999e-11
9.78734e-11
0.000909076
9.98129e-11
0.00123373
9.93157e-11
1.56042e-10
9.48314e-11
9.38091e-11
0.0893849
9.6593e-11
1.0113e-10
9.61181e-11
0.110933
0.0021624
9.48994e-11
1.10594e-10
0.860908
0.0152636
0.00663088
1e-10
9.88801e-11
8.93669e-11
8.67347e-06
1.06994e-10
1.0364e-10
1.00258e-10
9.7955e-11
0.000395902
9.92822e-11
0.0774022
9.21247e-11
9.96581e-11
0.0763323
0.00964568
9.71303e-11
0.000670665
0.0827596
0.0972304
0.266725
0.0885962
0.0534936
0.0896969
0.102289
0.0776577
0.105022
0.562033
0.179334
1e-10
0.0468439
9.93318e-11
0.567835
1.00246e-10
9.97001e-11
0.0702053
0.170439
0.0984937
0.0691231
0.0830886
0.150319
0.0638361
0.0843142
0.112058
0.186969
0.0984334
0.0911717
0.395142
0.291114
0.457235
9.66618e-11
0.284262
0.0117635
0.245019
0.226354
0.239065
0.436751
0.324169
0.0822317
0.0746529
0.230119
0.0309391
0.158579
0.213223
0.0924691
0.0479446
0.143564
0.20587
0.25637
0.0936466
0.258371
1.00257e-10
0.237219
0.168012
0.0711579
0.171127
0.0876165
0.165913
0.202661
0.0183404
0.011497
0.171051
0.14895
0.0679767
0.0226423
0.12161
0.359342
0.00082919
0.0422552
9.57407e-11
0.0618044
0.131657
0.0538276
0.111937
9.73186e-11
0.26783
0.791781
0.0555223
0.0306439
0.149024
0.556017
0.996835
0.253482
0.0862048
0.725164
0.882766
0.967927
0.125518
0.153724
0.164741
0.154689
0.199317
0.132168
0.379486
0.184029
0.296642
0.326217
0.17312
0.280722
0.273803
0.187994
0.0782066
0.294808
0.60975
0.314292
0.344335
0.403075
0.302296
0.254612
0.237263
0.217667
0.248716
0.0675386
0.17631
0.118359
0.975964
0.0532322
0.173456
0.70549
0.915273
0.689309
1
0.869877
0.965072
0.0110501
0.162805
0.0318622
0.133932
0.126061
0.166414
0.364485
0.0679601
0.0767896
0.00418425
0.782555
0.982483
0.386217
0.38429
0.561489
9.89182e-11
0.738045
0.00142032
0.000233331
1
0.995865
0.00138993
0.00245909
0.998347
0.953003
0.947381
0.666778
0.987851
0.993702
0.919956
0.927331
0.174142
0.697956
0.904146
0.905093
0.904983
0.874279
0.0667816
0.0289837
0.940492
0.0188539
9.98794e-11
1.08069e-10
0.000929945
0.00192105
0.257604
0.0450093
0.13846
0.00143745
0.0115203
1e-10
0.95853
0.876703
0.145654
0.0188936
0.98092
0.00662391
0.61372
1e-10
0.265169
0.109951
0.00937793
0.0672001
0.0550212
9.94855e-11
0.0047917
0.000162918
0.000532511
0.0253663
0.20977
9.90486e-11
0.0232965
0.00975299
0.00484859
0.00406713
0.293131
0.0781291
0.084186
0.0414465
0.00398096
0.980446
0.00555873
9.98735e-11
0.213904
0.338875
0.0922393
0.413656
0.0660483
0.056809
0.164417
0.178445
0.059641
0.224464
0.367499
0.18148
0.438512
0.0921731
0.517054
0.235102
0.145434
0.0301292
0.539866
0.0847302
0.427745
0.0820725
0.191446
0.0763389
0.985949
1
0.223304
0.91297
0.603519
0.977583
0.39836
0.884237
0.0915289
0.132237
0.214035
0.671426
0.566029
0.142914
0.291692
0.625489
0.711106
0.761556
0.0748627
0.740382
0.651131
0.746722
0.00651607
0.012253
0.459621
0.034462
0.218784
9.8965e-11
0.106952
0.121983
0.70605
0.518545
0.388066
0.0362535
0.264828
0.0281526
0.559645
0.379106
9.90624e-11
0.0147295
0.233896
0.234977
1e-10
0.148234
0.644952
0.549956
0.0250481
0.358981
0.72615
0.0602298
0.0298697
0.97843
0.0679405
0.986944
9.64639e-11
0.144018
0.870496
0.0124141
0.0747012
0.13321
1.01771e-10
0.0378474
0.399754
0.13041
0.236337
0.0789648
0.153409
0.199595
0.042804
0.0581894
0.00591557
0.0953068
0.0433886
1
0.330103
0.660358
0.795534
0.20748
0.0244468
0.0252923
0.0942768
0.051828
0.109563
0.104982
0.116431
0.0367396
0.0181534
0.0346382
0.76386
0.874733
0.0223469
0.388849
9.67229e-11
0.107793
0.973085
0.903118
0.0421212
0.130421
0.297979
0.0423986
0.234806
0.520084
0.213991
0.0896549
0.865524
0.722916
0.0712372
9.828e-11
0.0640533
0.0727512
0.0699318
0.334334
0.73213
0.386911
0.752883
0.587685
0.540164
0.624092
0.569523
0.774201
0.558447
0.163359
0.924868
0.767192
0.651822
0.731363
0.284631
0.69891
0.541659
0.689452
0.495633
0.644046
0.551546
0.0587947
0.0548476
0.0303515
0.441119
0.383711
0.500472
0.826864
0.178779
0.214459
0.470584
0.123193
0.898212
0.808519
0.624527
0.329248
0.781069
0.697342
0.748187
0.742622
0.16286
0.0648422
0.067747
0.0174662
0.219835
0.00713558
0.542377
0.462289
0.0836337
0.517252
0.0274898
0.0123637
0.00177869
0.0258248
9.82035e-11
1.05775e-10
9.81443e-11
1.01678e-10
9.66215e-11
9.98176e-11
9.85525e-11
0.000825042
0.329154
0.111202
0.154546
0.693923
0.0197075
0.115372
0.474545
0.433855
0.774653
0.105161
0.556554
0.16282
0.409101
0.597857
0.269909
0.496889
0.0975391
0.16947
0.306683
0.27331
0.433078
0.304846
0.0712996
0.0972926
0.0883874
0.17911
0.150916
0.376807
0.570404
0.544106
0.113992
1.00782e-10
0.0905429
0.156106
0.2366
0.10289
0.0656088
1.03328e-10
9.83587e-11
0.0876007
0.0533393
0.0210924
0.156859
0.0915057
0.340124
0.308962
0.212763
0.373037
0.292798
0.239352
0.333443
0.297283
0.499561
0.279875
0.527549
0.34372
0.262085
0.0789182
0.281228
0.178723
0.169942
0.233152
0.256834
0.285973
0.266976
9.02437e-11
0.343892
0.0242002
0.278793
0.304392
0.162398
0.273868
0.231222
0.15958
0.390104
0.239684
0.902267
0.452099
0.548324
0.883377
0.296487
0.518404
0.137489
0.572482
0.426069
0.483386
0.454047
0.249546
0.367658
0.0750867
0.170553
0.281792
0.106511
0.00238899
0.0504815
0.266427
0.155824
0.35135
0.239739
0.358468
0.380357
0.142298
0.015278
0.188931
0.120928
0.158206
0.118879
0.230404
0.227896
0.137126
1.03287e-10
0.0487805
0.118701
9.47467e-11
0.0063788
0.101338
0.113532
0.0864834
0.0459279
9.72294e-11
9.84308e-11
0.308928
0.237046
0.177898
0.050995
0.107562
9.46768e-11
0.483606
0.528677
0.645748
0.0837403
0.494897
0.17851
0.164004
0.0775379
0.0221864
9.69897e-11
0.876623
0.0306499
0.383914
0.0562797
0.233126
0.409181
0.154504
0.168967
0.147097
0.195622
0.12508
0.168298
0.139585
0.110044
0.0825953
0.253041
0.0863585
0.117042
0.141768
0.077492
0.0616812
0.157013
0.415578
0.140873
0.616767
0.570678
0.433635
0.490731
0.203972
0.375185
0.399441
0.299921
0.349638
0.427044
0.0320672
0.600987
0.0779695
0.440904
0.257334
0.250266
0.631543
0.454286
0.395178
0.422474
0.242695
0.537174
0.175609
0.0703412
0.123501
0.306709
0.0946632
0.0952278
0.422527
0.240718
0.219621
0.162636
0.295804
0.620989
0.613692
0.322257
0.717974
0.371563
0.868368
0.513141
0.735388
9.53908e-11
0.00063601
0.000756022
0.0934795
0.0490755
0.603724
0.0880623
0.0656954
0.0868146
0.160559
0.0941012
0.661634
0.0605186
0.185327
0.045216
0.160615
0.0980074
0.000676297
9.75991e-11
9.23987e-11
0.428376
0.275954
0.281572
0.44169
0.24853
0.168036
0.290239
0.280122
0.361399
0.423662
0.258713
0.0688767
0.159943
0.00163798
0.455711
0.244339
0.182283
0.237206
0.0708334
0.044104
0.0693128
0.0375673
0.105255
1.22425e-10
9.45999e-11
0.00478438
0.0721881
0.0028379
0.109031
0.00261745
0.196635
0.0233687
0.30254
0.275883
0.0744299
9.84402e-11
1.00496e-10
0.00014396
0.00618598
1.09916e-10
1.044e-10
0.00272802
0.000293756
0.0222115
0.0155012
0.000345668
1.04274e-10
9.23615e-11
9.75972e-11
0.0339322
0.000215791
9.8603e-11
9.458e-11
1.46733e-10
9.45849e-11
9.44317e-11
9.56726e-11
9.60061e-11
0.00757708
0.000728016
0.0439421
0.0225291
0.0108871
1.00079e-10
1.04933e-10
9.72089e-11
1.03835e-10
1.0594e-10
9.85705e-11
1.08687e-10
9.85686e-11
1.05611e-10
9.4626e-11
1.11182e-10
9.88066e-11
9.93915e-11
1.7687e-10
0.0152304
1.04032e-10
1.10448e-10
1.07205e-10
9.21592e-11
0.00554362
1.07966e-10
0.00202555
1.09026e-10
0.00146126
0.000395321
1.14253e-10
0.0131058
9.98359e-11
1.08556e-10
0.00238343
1.13009e-10
0.000934171
1.06123e-10
1.02691e-10
1.08967e-10
1.06198e-10
1.00296e-10
1.03043e-10
9.93387e-11
9.97885e-11
1.02315e-10
0.0772792
1.01939e-10
9.04115e-11
0.216242
9.92119e-11
9.89191e-11
0.00414594
1.0121e-10
1.0095e-10
1.11377e-10
1.02558e-10
1.00982e-10
9.98439e-11
9.90806e-11
1.01713e-10
1e-10
0.0018203
9.98712e-11
1.00597e-10
9.92272e-11
0.022506
0.0347483
1e-10
9.02616e-11
9.98521e-11
9.97249e-11
9.99679e-11
7.84012e-11
1e-10
0.00530919
0.000102266
1.0196e-10
9.73367e-11
9.88464e-11
1.06269e-10
1e-10
9.31106e-11
1.02827e-10
9.79857e-11
1.00284e-10
0.00275477
9.13695e-11
1.05569e-10
0.0015141
1.03469e-10
9.7837e-11
8.77019e-11
9.55977e-11
1.08348e-10
1.00519e-10
1.06994e-10
0.00121129
1e-10
1.04372e-10
9.81252e-11
9.96315e-11
1.00125e-10
2.68229e-10
1.499e-10
9.78489e-11
9.83128e-11
1e-10
0.000222581
9.71202e-11
1.00039e-10
1.03776e-10
0.000721527
1e-10
9.99896e-11
1.00065e-10
9.96859e-11
1e-10
1.00103e-10
0.00246066
9.99185e-11
9.96841e-11
9.99106e-11
1.0003e-10
9.97622e-11
1.00034e-10
9.77724e-11
1.0133e-10
0.0538682
1.0319e-10
0.0616038
6.15678e-05
0.0299851
1.00812e-10
0.00770027
0.0183165
0.0200799
1.00788e-10
1.06262e-10
1.00605e-10
1.1428e-10
1.01551e-10
9.81897e-11
9.95545e-11
0.0153962
1.05327e-10
9.99144e-11
1.00804e-10
0.0007912
1.01348e-10
9.96476e-11
1e-10
0.00279351
1.02049e-10
1.00953e-10
1.79097e-10
0.0558111
5.14693e-11
1.03862e-10
1e-10
9.99972e-11
2.59291e-10
6.32054e-11
3.62665e-05
1.00076e-10
1.05041e-10
0.000124573
9.99514e-11
1.00006e-10
1.00038e-10
1.00011e-10
9.99569e-11
0.0010373
9.9788e-11
9.99784e-11
9.77401e-11
1.00195e-10
1.00097e-10
9.99829e-11
1.05442e-10
9.8601e-11
1.01475e-10
0.0279143
1.10283e-10
1.00299e-10
0.0151718
9.53898e-11
9.96874e-11
1e-10
0.00594589
0.0363861
1.02901e-10
1.00125e-10
0.0236037
0.000441301
1e-10
1.01794e-10
8.67123e-11
1.00375e-10
1.05257e-10
0.0580867
1.00071e-10
9.89869e-11
0.018864
1.05004e-10
9.70742e-11
0.0617235
0.0613123
8.72256e-11
0.0295407
0.0350534
0.0821536
0.133841
1.01454e-10
1.28243e-10
0.0431218
0.0515818
0.043273
0.1125
1.21383e-10
1.57408e-10
0.0836156
0.0114394
0.0314312
0.00242241
9.93908e-11
9.79214e-11
0.0362188
8.93343e-11
2.23521e-05
0.0131681
9.68795e-11
7.25275e-11
0.0595621
0.0992789
0.0176296
1.11941e-10
8.90188e-11
0.0227393
9.99879e-11
0.0013587
9.84497e-11
1.00744e-10
1e-10
0.000578534
1.00485e-10
1.0184e-10
1.02735e-10
9.31828e-11
1.00114e-10
1.023e-10
1.01411e-10
1.01127e-10
9.95889e-11
9.80451e-11
0.035775
1.02298e-10
9.85138e-11
1.08338e-10
1.04023e-10
1.16622e-10
0.0229597
1.03915e-10
0.00409518
1.01748e-10
0.097741
0.274687
1.02525e-10
0.0560435
1.00292e-10
9.74987e-11
9.70463e-11
0.145818
9.389e-11
0.0613047
0.389662
0.345865
0.470873
9.6826e-11
0.070682
0.499186
0.187114
0.0935756
0.124468
0.0911211
0.0151047
0.163317
0.0449678
0.0910925
1.06014e-10
1.04208e-10
0.0969567
9.94866e-11
0.0279195
1.00241e-10
0.0893462
1.02061e-10
9.99644e-11
1.00513e-10
0.304044
9.9992e-11
1.01113e-10
1.08806e-10
9.97248e-11
9.96383e-11
0.177063
9.55276e-11
1.02011e-10
0.0825445
0.335729
1.013e-10
0.353678
0.175605
1.01708e-10
0.0621857
1.02823e-10
0.0722083
0.0743708
9.67568e-11
0.0762166
2.0868e-10
0.176353
0.915467
0.996878
0.0781567
0.999392
0.00229467
0.336316
0.330447
0.370792
0.0670903
1e-10
0.50774
0.912291
0.837635
9.71925e-11
0.233798
0.444366
0.00472832
0.0230014
0.665821
0.489738
0.0115515
9.70281e-11
0.324691
0.881443
9.9874e-11
1.00956e-10
9.79693e-11
9.85517e-11
9.97643e-11
9.98935e-11
1e-10
0.000572981
0.177603
1.01482e-10
1.01571e-10
0.0351416
9.25384e-11
0.0356271
0.093874
9.96177e-11
1.08699e-10
0.10319
0.0915035
1.02065e-10
1.07781e-10
9.93781e-11
1.04025e-10
1.00941e-10
0.194194
9.88792e-11
1.01775e-10
9.65746e-11
1.01906e-10
1.01499e-10
1.0347e-10
1.05409e-10
1.00189e-10
1.04576e-10
1.061e-10
9.9796e-11
1.01554e-10
1.00998e-10
1.02129e-10
9.87647e-11
1.01857e-10
1.01569e-10
0.0950935
1.00145e-10
0.00356922
1.04109e-10
0.0976359
0.069609
1.01494e-10
1.00977e-10
9.94176e-11
0.0468341
9.88896e-11
0.00179139
9.98092e-11
1.07102e-10
1e-10
0.178501
0.000394519
0.142703
0.00793526
0.0746486
0.146463
0.146419
1.01248e-10
1.00343e-10
1.02016e-10
0.0837936
0.0830478
0.204395
0.059891
1.03334e-10
0.0419161
0.0581732
0.0741526
9.39522e-11
0.12501
7.79053e-11
9.71893e-11
1.76131e-10
0.147309
0.10165
9.99539e-11
1.02029e-10
9.07723e-11
0.098071
9.83872e-11
1.15392e-10
0.000175574
1e-10
1.18167e-10
0.00083765
9.80073e-11
9.86875e-11
0.00201092
9.83605e-11
9.75353e-11
9.98739e-11
0.0138269
1e-10
0.287074
0.00818591
9.72418e-11
0.000232446
0.00685983
1e-10
9.67218e-11
9.97038e-11
9.73933e-11
1e-10
0.000481995
0.0375141
0.0268047
0.0119607
0.705411
1.12796e-10
0.391147
0.422232
9.95593e-11
0.781837
0.0529096
0.0816259
0.0960295
0.0609913
9.51952e-11
0.201278
9.70431e-11
0.0616775
0.110109
0.0114877
0.00847972
0.029939
9.33981e-11
0.0174556
9.55252e-11
0.00646722
0.123202
0.645604
0.516652
0.20096
0.0612988
0.147632
0.0944437
0.154881
9.11625e-11
0.110949
0.356986
0.41377
0.650476
0.608676
0.026141
0.452837
0.00237303
0.0115659
0.25177
0.0731334
0.0931228
0.0814528
0.0758099
0.0515553
0.0841021
1.09544e-10
0.026807
0.0476926
9.91533e-11
0.051443
0.0490142
0.397085
2.9165e-05
0.459151
0.12443
0.0561087
0.00612221
0.00735565
0.0320102
0.011084
0.187013
0.0840177
0.0694853
0.0849951
0.110526
0.0689454
0.779176
0.105235
0.0859589
1.06089e-10
0.050855
0.0700509
0.477379
0.0536943
0.420358
0.526946
0.712065
0.711475
0.00256508
0.0012889
0.00742623
0.224388
1.13858e-10
0.084199
0.160523
0.119882
0.00298362
1.02039e-10
0.0754577
0.0791619
1e-10
0.116278
0.15931
9.9788e-11
0.099371
0.259616
0.0893246
0.155738
0.171536
9.73984e-11
0.075712
0.171009
0.0995582
0.00578268
1.25605e-10
0.0423325
0.0917955
0.167307
0.176411
0.190052
0.0753177
0.0695074
0.0989669
0.149638
0.0950638
9.99664e-11
1.02652e-10
1.19584e-10
0.124221
0.180517
0.191237
0.086877
0.104939
0.0603675
0.0667799
0.189587
9.77986e-11
0.083558
0.0684963
0.280443
0.124517
0.100967
0.145374
0.196755
0.178253
0.0125113
1.03858e-10
1.04633e-10
0.028069
0.0708718
1e-10
1.00466e-10
1.01606e-10
9.9988e-11
0.000748689
1e-10
1.00964e-10
1.0072e-10
1.00176e-10
1e-10
9.97044e-11
1e-10
1e-10
0.000107027
1.04143e-10
1e-10
9.95537e-11
9.95393e-11
1e-10
1.03174e-10
1e-10
1.01467e-10
9.88775e-11
1.07627e-10
1.03663e-10
1.02598e-10
1.00284e-10
1.0196e-10
1.00082e-10
1.02528e-10
0.0214036
9.83145e-11
9.89866e-11
9.81932e-11
9.99991e-11
9.9127e-11
1.01652e-10
1.00657e-10
9.79013e-11
1.03074e-10
0.137757
0.000606152
0.00317422
0.139028
1.11097e-10
1.01983e-10
1.05839e-10
1.01287e-10
1.01923e-10
1.00978e-10
0.0972229
9.93277e-11
1.00041e-10
1.0254e-10
1.00996e-10
1.0292e-10
9.96725e-11
1.00467e-10
1.01691e-10
1.33922e-10
9.77792e-11
0.128701
9.71535e-11
0.0871486
9.99961e-11
0.0701858
0.135747
0.143307
1.05397e-10
1.00658e-10
0.000178938
0.00279701
0.00651647
0.0105039
9.98623e-11
9.78878e-11
9.62382e-11
9.78872e-11
9.69966e-11
0.00014465
1e-10
0.00812946
0.00921004
0.0959941
0.00250906
1.09767e-10
9.68755e-11
9.62095e-11
0.0291817
0.101727
1.21054e-10
0.0213498
0.147623
0.0648287
0.0453037
0.0875948
0.0340524
0.085521
1.0504e-10
0.0805938
0.0775408
0.0644476
0.208485
0.0934309
0.0659592
0.0418894
0.516878
0.312637
0.592426
0.256819
0.0716113
0.216858
0.145909
0.167081
0.387491
0.184737
0.0990259
0.380195
0.20226
0.185922
0.084304
0.609224
0.0628898
0.61192
0.391646
0.228845
0.101367
0.0765171
0.277972
0.271972
0.0975504
0.242846
0.167192
0.0841531
0.22594
0.11144
0.10861
0.113732
0.241018
0.246718
0.174682
0.122959
0.571695
0.0736803
1.00198e-10
0.0455774
0.101511
0.0194057
9.97439e-11
0.043831
0.185946
0.175966
0.0516827
0.234523
9.82191e-11
0.00288018
0.0857683
0.277213
0.474997
0.159034
0.0940113
0.347596
0.107376
0.220605
0.237354
0.26449
0.0872981
0.368218
0.250364
0.181789
1.07818e-10
0.282921
0.0848036
0.154928
0.0553531
1.15651e-10
9.82893e-11
1.03236e-10
0.121855
0.0859408
1.08324e-10
0.079548
0.0738116
0.0974679
0.0933435
0.177212
9.77934e-11
1.01217e-10
0.00161411
0.432758
0.088258
1e-10
0.192507
1.07325e-10
0.119286
0.112559
0.134235
9.3194e-11
0.0870312
0.102383
0.0731634
1e-10
1.01674e-10
1e-10
1.03652e-10
1.02517e-10
1.00751e-10
1.06106e-10
1.0048e-10
1.08634e-10
9.71899e-11
9.76118e-11
1.03231e-10
1.03287e-10
0.000623481
1.03326e-10
1.05743e-10
1.01369e-10
1e-10
9.86196e-11
1.03334e-10
9.71176e-11
1.00175e-10
1.04456e-10
1.00749e-10
1.0047e-10
1.01505e-10
9.89547e-11
1.00532e-10
1.01436e-10
0.0862041
1.00377e-10
9.88121e-11
1.00132e-10
1.00942e-10
1.01749e-10
1.00096e-10
1.01175e-10
0.0852275
1.04341e-10
0.346145
0.456919
0.0671373
0.0920129
0.428279
0.0953597
0.0588768
0.193277
0.180297
0.0438174
0.428719
0.360778
0.185137
0.208544
0.430737
0.260784
0.429006
0.345919
0.193271
0.48711
0.0514958
0.308657
0.427189
0.506922
0.572626
0.250061
0.353444
0.397912
0.0949481
0.15385
0.18061
0.0927435
0.117522
0.0885509
0.175428
0.100679
0.230526
0.233204
1.04008e-10
0.096065
0.216051
0.0414269
0.164087
0.124851
0.144194
0.110039
0.0841557
0.178839
0.105687
0.0877935
0.119122
0.175228
0.0923954
0.118024
0.16762
0.111668
0.12629
0.00368556
0.0979206
0.10838
0.217294
0.165757
0.0844705
0.0426502
0.0945693
0.0950776
0.0814589
0.0963423
0.101331
0.0887047
0.135962
0.070997
0.0958465
0.119729
0.0950362
0.000520259
0.102894
0.123743
0.0720209
0.176212
0.0908344
0.112758
8.80049e-11
0.10257
0.193771
0.0899689
0.121935
0.0928294
0.109214
0.334521
0.197082
0.180446
0.22206
0.182394
0.196667
0.0884132
0.071815
0.243962
0.277538
0.333774
0.322608
0.257938
0.334731
0.350583
0.216562
0.0946346
0.300338
0.175171
0.310693
0.0146624
0.132151
0.172714
0.0676746
0.0850759
0.108498
0.142188
0.0833709
0.184213
0.0185488
0.0048975
0.104283
0.0428275
0.0459913
0.0913276
1.04989e-10
0.209843
0.32368
0.179327
0.162559
0.0986971
0.0912459
0.203859
0.112931
0.232797
0.210236
0.13399
0.120957
0.0692016
0.0041736
0.0363712
0.0761663
0.245921
0.267016
0.402683
0.403844
0.0982084
0.0816329
0.0561148
0.113954
0.0540232
0.0886619
0.169478
0.172595
0.142055
0.225812
0.352074
0.00640224
0.0768331
0.110289
0.0559542
9.71606e-11
0.198287
0.0819995
0.269351
0.252757
0.0821549
0.0865803
0.304278
0.0811226
0.158063
0.259722
0.195828
0.146455
0.269937
0.357215
0.27722
0.276342
0.0528029
0.0673824
0.161192
9.79662e-11
0.121931
0.0350486
0.212603
0.135808
0.0739473
0.166081
0.0901252
9.595e-11
0.00742548
0.0868327
0.10378
9.17439e-11
0.223883
0.0899354
0.00227591
1.09935e-10
0.102513
0.0356763
0.0896218
0.105461
0.0779543
0.00744802
0.136955
1.01177e-10
0.0411275
0.00393858
0.245216
0.108851
9.10571e-11
9.97193e-11
0.122909
0.124782
0.145172
0.200747
0.00121774
0.104507
0.280712
0.125517
1.00975e-10
0.00432618
0.0457948
9.15021e-11
0.107549
0.0917798
0.0981246
0.144648
0.107901
0.0477967
1.05449e-10
0.0942972
0.0204198
0.000619283
0.116711
0.216157
9.83698e-11
0.0969714
0.0272419
0.0265775
0.0291967
0.0807256
0.00125409
0.1
0.179663
0.0961874
0.171199
0.0772858
0.0198664
0.0878893
1.0355e-10
0.0475076
0.0935518
0.052911
0.0660886
0.0365522
0.092572
0.0130598
0.0914439
9.87347e-11
1.09157e-10
0.00910992
0.062903
0.0438925
9.96423e-11
0.0344136
1.02898e-10
0.011368
0.0886385
0.169026
0.106912
0.006806
0.0812333
0.0976625
0.0290195
1.02527e-10
0.035084
1.0274e-10
0.138115
9.96855e-11
0.0961388
0.0983014
0.0834477
0.0941368
9.83034e-11
0.0098782
0.0406455
1.00505e-10
0.0751267
0.0306035
0.0692591
0.0590153
0.000347961
0.00192123
1.02814e-10
1.00225e-10
9.68264e-11
0.0108537
0.0543877
0.00427046
0.0651271
9.74879e-11
9.77589e-11
0.0842535
0.0895614
0.136766
0.0783617
0.0918343
8.92517e-11
0.0619377
0.0877769
0.0901092
0.0658552
0.107672
8.55962e-11
0.00525292
1.03572e-10
0.0587245
0.0406983
0.0220002
1.01076e-10
0.023827
0.084356
0.0898391
0.0674854
0.0999527
0.0447497
1.05626e-10
0.067262
0.0114364
0.00109237
8.8443e-11
0.154879
0.0885877
9.98109e-11
0.0153792
0.0213629
1.05243e-10
0.000856023
9.92219e-11
9.84711e-11
2.14311e-10
0.000924464
0.0172034
0.00054932
0.0315068
1.01956e-10
9.84341e-11
0.0375405
1.0037e-10
1.08627e-10
1.01815e-10
9.78172e-11
9.48067e-11
9.9934e-11
1.02707e-10
0.0135088
0.00232935
0.0699686
0.0902746
1.02351e-10
0.0956884
0.0517682
0.0942281
0.00167816
1.0271e-10
0.00101381
0.0380656
0.0476875
0.40867
0.0712019
0.0846861
0.0553065
0.0303273
0.106728
0.0712052
0.109681
0.0861481
0.0874064
0.137477
1.05537e-10
0.00125844
0.101511
0.0934217
0.0932899
0.0699196
0.0928129
1.65423e-10
1.35071e-10
0.0239373
0.00976425
0.0979656
9.5533e-11
1.11764e-10
1.16512e-10
0.106657
0.0583772
0.0642136
0.0501695
0.151623
0.175627
0.0540024
0.180676
0.144416
9.76362e-11
9.77426e-11
0.0480652
0.0025367
0.0279586
9.44643e-11
1.03566e-10
0.0845449
0.111124
0.278107
0.11903
1.09888e-10
1.02315e-10
0.0959109
0.00026096
0.0797419
9.97808e-11
1.04676e-10
0.0446761
0.0957406
0.0118106
0.0112688
0.0939855
0.000687391
0.000569942
1.015e-10
0.0913721
0.0574225
0.0913076
0.00799724
1.01205e-10
0.059668
0.20222
0.135988
0.140846
0.0783655
1.06368e-10
0.0940799
0.0886879
0.00967002
0.00269355
0.00556117
0.0367231
0.0661545
1.05079e-10
1.10856e-10
0.086375
9.99866e-11
0.101688
0.00835748
0.1
0.169051
0.116065
0.19197
9.69297e-11
0.0912538
9.77059e-11
0.0964389
0.0150943
0.000684016
0.0385024
9.60284e-11
1.01252e-10
9.6153e-11
1.00688e-10
9.70222e-11
9.75475e-11
9.55276e-11
0.0369004
9.974e-11
0.0218897
1.04656e-10
0.00237268
9.94147e-11
9.72266e-11
1.01358e-10
1.01484e-10
1.0122e-10
1.01643e-10
0.00695503
0.0654
0.0747085
0.125676
0.0706615
0.0987653
1.03237e-10
1.05048e-10
1.02697e-10
0.0999761
0.049299
0.00703777
1.04223e-10
0.0213039
1.01628e-10
0.000422636
9.80375e-11
1.02665e-10
0.0339557
0.000497671
1.02769e-10
0.0491802
0.0204015
0.0913154
1.019e-10
0.000362505
0.084036
0.0168193
0.030525
1.01332e-10
9.57923e-11
1.07534e-10
0.093706
0.000450139
1.08692e-10
0.05594
0.02607
1.01412e-10
9.92079e-11
9.66713e-11
9.76312e-11
1.04899e-10
1.0113e-10
1.01381e-10
1.01661e-10
9.59516e-11
0.000112758
1.03715e-10
1.03081e-10
9.75497e-11
1.01871e-10
0.047681
1.00234e-10
1.07478e-10
0.166979
0.00108451
1.0571e-10
0.048753
0.0594756
9.75088e-11
0.00325049
9.79354e-11
1.4273e-10
9.72351e-11
0.00616386
9.4148e-11
9.63615e-11
9.94238e-11
9.70855e-11
0.0629542
0.327444
9.44898e-11
9.98473e-11
9.89802e-11
1e-10
0.000259438
9.82493e-11
9.66861e-11
0.0795244
0.0433238
9.63294e-11
1.0335e-10
0.0661548
0.0210588
1.03501e-10
0.021614
0.082049
0.0148874
0.0454352
1.02858e-10
1.01335e-10
1.06083e-10
0.0961964
0.0833114
9.9593e-11
1.03769e-10
1.03096e-10
9.83891e-11
0.0804802
0.1
0.0966328
0.0872207
0.095062
0.204275
0.0668003
0.0919171
0.0880226
0.0913311
0.094247
0.279202
0.0923772
0.187477
0.0836697
0.293279
0.00631132
0.169339
9.99338e-11
0.108284
0.0138526
0.0247288
0.066856
0.0928346
0.082889
0.171326
0.194032
0.18255
0.154499
0.0695784
0.120598
0.0712938
0.152967
0.229854
0.133178
0.161572
0.360728
0.308791
0.276839
0.300772
0.171348
0.179992
9.97897e-11
0.114885
0.00626145
0.0311618
0.101592
0.0179799
0.286074
0.00380505
0.138227
0.257714
1.04939e-10
0.255939
0.084724
0.107485
0.0617259
0.209259
0.266469
0.103078
0.0334632
0.112553
0.121841
0.227405
0.119289
0.351777
0.0957447
0.0438732
0.578448
0.423497
0.0704016
0.0856698
0.103358
0.00159917
9.99135e-11
9.53877e-11
0.200465
0.0597814
0.0813833
0.141871
0.0852724
0.0920257
0.12126
0.212533
0.0722894
0.109032
0.12651
0.208522
0.0892981
0.06573
0.170237
0.345642
0.181955
0.0501574
0.0828537
0.288412
0.175867
0.16129
0.239034
0.151612
0.0164132
0.15913
0.113048
0.153388
0.116629
0.148591
0.415387
0.176695
0.244186
0.14042
0.16377
0.132936
0.351704
0.253398
0.253753
0.282722
0.0917639
0.0976663
0.00398518
0.0688007
0.0812702
0.183102
0.0216263
0.0185548
0.0810684
0.0591823
0.19648
0.0651398
0.0964065
0.174149
0.0870057
0.158568
0.0886654
9.9376e-11
0.0554257
0.0730683
0.170126
0.0945585
1.01065e-10
0.0543627
0.057177
0.0574525
9.8625e-11
1.08562e-10
0.0649695
0.000745871
0.0907497
0.0210579
0.00364294
0.0647103
0.0597202
0.057232
0.0340291
1.03317e-10
0.200712
0.0496291
0.0776783
0.084965
0.175462
0.0366644
9.39539e-11
0.10018
0.0386132
0.0685682
0.0870091
8.84218e-11
0.0804916
0.0490192
0.0220141
9.6338e-11
1.02292e-10
0.0459875
0.032242
0.0142365
0.100654
0.0665477
0.0225217
0.0986443
0.124879
0.0921429
0.0948389
0.0952848
0.153703
0.0950363
9.79641e-11
0.0171336
1.00693e-10
9.43436e-11
1.04703e-10
0.119692
0.0426205
0.0574452
0.163253
0.0839608
0.19414
0.00108733
0.0798851
0.102907
0.0532061
0.00464932
1.05215e-10
1.0351e-10
0.000245111
9.23399e-11
0.00128747
9.35614e-11
1.12598e-10
0.266385
0.0942953
0.0604514
0.080314
9.66066e-11
1.11188e-10
0.0907215
0.0908145
1.01378e-10
0.0557701
0.098314
0.0381747
0.0923598
0.0385702
0.129191
0.0293323
0.0935505
0.0577666
9.6835e-11
1.00031e-10
0.044304
0.0385168
0.0995153
0.0966742
0.033303
0.00177987
0.00981178
9.48952e-11
0.000144859
0.000666637
9.18719e-11
0.00275215
0.0943196
1.06866e-10
1.027e-10
1.0716e-10
0.000747551
1.0065e-10
1.04807e-10
1.00358e-10
1.67065e-10
0.0912798
0.0904456
9.4917e-11
9.96105e-11
0.0860999
0.00323789
0.0583482
1.2558e-10
1.17909e-10
1.46447e-10
0.0407766
0.0886517
0.0705221
0.0725773
0.003224
0.0250572
0.0426984
0.00683083
0.0649916
0.0722452
0.0681076
0.0205587
0.0701472
0.0019286
1e-10
0.456638
0.13625
0.220592
0.273358
0.242318
0.149037
0.156719
9.96409e-11
0.00631591
1.02209e-10
0.0179941
1.14965e-10
9.9998e-11
0.0201619
0.0393413
0.0183992
0.0538602
1.18106e-10
9.60793e-11
0.0599547
0.0383134
0.000311104
1.01818e-10
9.81075e-11
0.00103429
9.49925e-11
1e-10
9.75639e-11
1.00705e-10
2.25796e-10
1.25664e-10
9.73708e-11
9.99667e-11
1.08036e-10
1.00153e-10
9.23352e-11
0.0113537
1.08438e-10
9.85893e-11
0.000441852
0.0468174
1.00694e-10
0.00204154
0.0700427
1.02267e-10
0.000264578
0.00035508
0.000279239
0.000258624
1.00427e-10
1.00251e-10
9.73466e-11
9.94406e-11
1.06891e-10
0.0284167
0.000138454
9.59004e-11
9.88631e-11
0.000522261
9.70942e-11
9.48903e-11
7.8596e-06
9.73133e-11
9.95149e-11
0.000490926
0.00230662
0.0214907
9.62312e-11
9.99827e-11
0.0498838
0.0377845
1.09215e-10
0.030653
0.0430005
0.1234
0.00358265
0.124452
0.0546469
0.199315
0.54317
0.0578985
1e-10
0.220728
0.104272
0.143261
0.0800379
0.0456998
0.141932
0.0585536
0.390931
0.485381
0.265491
0.321552
0.280717
0.250708
0.506798
0.235592
0.264755
0.305965
9.60472e-11
1.0701e-10
9.76788e-11
0.00585064
0.000249806
0.0837639
0.0255881
0.0461047
0.00210635
9.88141e-11
0.000208936
0.000275701
9.97677e-11
0.00043178
0.043217
9.842e-11
9.73002e-11
9.27058e-11
0.000699314
0.0324254
9.79366e-11
9.48191e-11
9.92358e-11
0.00250678
0.0789114
9.93077e-11
0.0327893
0.000832971
1.12605e-10
9.50364e-11
0.0936484
0.0212074
1.04033e-10
0.00103942
9.99441e-11
1.04528e-10
1.02991e-10
0.000288132
1.05696e-10
1.06107e-10
0.0481994
9.49368e-11
1.05977e-10
0.0412861
9.77817e-11
9.36933e-11
0.0229112
9.56329e-11
0.0225788
0.522243
0.143452
1.05097e-10
2.71586e-05
0.00151132
8.86784e-11
1.0171e-10
9.75229e-11
0.0266996
0.0244131
9.60889e-11
1.93211e-10
9.85593e-11
0.0953611
9.66803e-11
9.97363e-11
0.00516169
9.68874e-11
8.81363e-11
0.117926
9.02453e-11
8.63896e-11
9.6691e-11
0.0916953
0.16185
9.6244e-11
0.0711357
9.58705e-11
0.0338716
0.0350273
0.0203506
0.238318
9.55669e-11
9.86146e-11
1.03341e-10
1.0082e-10
0.0767579
0.664379
0.00540812
0.249246
9.92402e-11
0.0729011
0.0190135
0.280588
9.97417e-11
0.000266486
1.06892e-10
1.06831e-10
0.0283036
1.00168e-10
0.0044013
2.05493e-05
9.99007e-11
0.00164837
9.80935e-11
1.03669e-10
1.0195e-10
9.89842e-11
9.71433e-11
9.94003e-11
9.73539e-11
9.91438e-11
0.0195002
0.00494628
0.0159295
0.0127852
0.00571827
0.621116
0.00270788
0.0093269
0.0015582
1e-10
9.57659e-11
0.0322039
0.045765
0.0781334
9.92709e-11
0.047799
0.0312573
0.0493003
0.00294657
0.0523814
3.17779e-05
0.00516187
9.99897e-11
0.0397192
0.067517
0.000678004
0.098157
0.0735599
0.0211252
9.34767e-11
0.00435652
1.00205e-10
0.234077
0.741544
0.376002
0.269129
0.119113
0.662273
0.484168
0.181976
0.193574
0.537549
0.204877
0.458784
0.216358
0.183942
0.694283
0.146124
0.122029
0.595629
0.458825
0.301004
0.381565
0.520665
0.440463
9.93933e-11
0.0675141
0.257588
0.433964
0.530992
0.356346
0.189576
0.061047
0.241237
0.274796
0.317482
0.497413
0.262699
0.0607422
0.171455
0.259268
0.167591
0.0979907
0.192768
1e-10
0.154024
0.254214
0.341242
0.283457
0.423742
0.38166
0.29414
0.473159
0.630459
0.315251
0.268562
0.235878
0.280984
0.186993
0.387201
0.239342
0.161221
0.220146
0.260386
0.372085
0.373782
0.0124652
0.00467655
9.98818e-11
0.00532663
9.52218e-11
9.44349e-11
9.38976e-11
0.000872592
9.54409e-11
1.01104e-10
0.0879627
0.00084877
0.00456307
9.64023e-11
0.0334994
0.000499332
0.0145044
0.264737
0.356815
0.40751
0.337664
0.804482
0.0178487
1e-10
0.196005
0.145419
0.0206483
9.99969e-11
0.0495482
0.139957
0.270353
0.0704176
0.077643
9.95455e-11
0.621468
0.000371804
0.965636
0.0239473
0.0308435
0.993047
0.625035
0.106429
0.129298
0.024836
0.143085
0.0954715
0.613282
0.527752
0.172213
0.600024
0.748595
0.188691
0.210841
0.458346
0.192639
0.745333
0.219807
0.238777
0.369457
0.369327
0.716535
9.97152e-11
1.00783e-10
9.92476e-11
1e-10
1.89174e-10
9.80976e-11
0.00545466
9.53679e-11
1.13652e-10
0.037214
9.46317e-11
9.72415e-11
9.01969e-11
9.26848e-11
9.31305e-11
0.00144864
0.0706949
1.03198e-10
9.56917e-11
9.70063e-05
1.04599e-10
0.00281919
0.074669
0.0127107
1.13125e-10
0.011374
0.00428887
9.28062e-11
1.01955e-10
0.328604
0.188297
0.219653
0.277662
0.35521
0.328216
0.289101
0.0573259
0.145828
0.252683
0.0900488
0.201444
0.239222
0.229537
0.216397
0.25103
0.353975
0.072963
0.36919
0.143629
0.0926633
0.195388
0.329133
0.175058
0.314039
0.389538
0.40527
0.176698
0.311298
0.404065
0.163772
0.48132
0.073683
0.342941
0.443107
0.340803
0.553135
0.25241
0.410643
0.438654
0.367055
0.354476
0.368829
0.293703
0.358011
0.292704
0.297219
0.322216
0.139762
0.290883
0.762325
0.709534
0.336878
0.678559
0.388978
0.147073
9.38118e-11
9.73052e-11
9.31554e-11
1.0062e-10
0.249414
0.174672
0.550013
0.248504
0.507147
0.22215
0.255149
0.244529
0.131412
0.269612
0.124588
0.305251
0.482653
0.341164
0.309902
0.500883
0.456602
0.350726
0.405565
0.184232
0.247397
0.229713
0.214974
0.347189
0.396314
0.228743
0.253585
0.19966
0.253396
0.192265
0.658888
0.522566
0.305572
0.212193
0.421339
0.276531
0.360877
0.155005
0.210599
0.238973
0.285917
0.277833
0.156713
0.379734
0.24292
0.328561
0.330797
0.175631
0.45309
0.232635
0.404234
0.290516
0.233419
0.265427
0.324213
0.282254
0.244722
0.324957
0.241317
0.25607
0.303283
0.314883
0.344566
0.402865
0.343071
0.250252
0.246146
0.509322
0.306568
0.0507938
0.263226
0.583537
0.242654
0.262163
0.355018
0.249295
0.360837
0.307275
0.263545
0.192419
0.166886
0.352659
0.288305
0.44258
0.258187
0.172888
0.208751
0.158546
0.204267
0.213562
0.253657
0.215367
0.280344
0.257493
0.0601469
0.23034
0.247506
0.146161
0.283541
0.156689
0.324659
0.373167
0.327793
0.355848
0.301178
0.43664
0.328859
0.470729
0.385691
0.482356
0.281129
0.378883
0.136827
0.131721
0.165454
0.170308
0.0280112
0.196485
0.139345
0.16428
0.0635706
0.108547
0.0859143
0.0246737
0.22668
0.264509
0.246477
0.154097
0.280553
0.0137985
0.014086
0.0699416
0.116536
0.232593
0.52709
0.173274
0.71883
0.0997777
0.142547
0.100428
0.0748705
0.29656
0.237237
0.0576009
0.0381551
0.274008
0.351926
0.498156
0.388306
0.585395
0.0822134
0.0991009
0.0920086
0.0256681
0.113866
0.206227
0.30424
9.93258e-11
0.243224
0.0121622
0.00557075
0.0531431
0.156102
0.319242
0.0363292
0.000994026
0.4091
0.00138979
6.06626e-07
0.00135328
1.01037e-10
0.012146
0.0439017
1e-10
0.0303533
0.0179409
0.130629
0.0741803
9.87696e-11
0.322195
0.994006
0.132953
0.94905
9.86536e-11
0.357871
0.746908
0.725938
0.143496
0.0930917
0.0418507
0.202931
0.00171345
9.93558e-11
0.0150376
0.0157105
1.0063e-10
0.0363968
0.135424
0.40744
9.44622e-05
0.0132201
0.000175425
0.0108714
0.0171421
0.989712
0.0167598
1e-10
0.97006
0.230624
0.820592
0.0411621
0.196395
0.0265513
0.134638
0.145428
0.16923
0.0232959
9.64574e-11
0.0144797
0.009533
0.0856447
0.00261356
0.996895
0.99599
0.469558
0.00131176
1.30511e-10
0.718091
0.0091791
0.0321883
0.000766338
1.01481e-10
0.0106527
0.930029
0.441882
0.549884
0.932448
0.0206844
0.85462
0.344224
0.865759
0.124755
0.318121
0.277487
0.0950245
0.250845
0.229683
0.211804
0.658799
0.740274
0.401139
0.213111
0.324375
0.392337
0.494816
0.126729
0.172211
0.0977806
0.51485
0.00513019
0.150217
0.133878
0.193218
0.203506
0.293511
0.157026
0.338695
0.221747
0.263568
0.217103
0.265772
0.434103
0.2793
0.787323
0.121577
0.0648896
0.17376
0.00155397
0.0318568
9.99453e-11
0.0703104
0.00492252
0.0358495
0.0955862
0.147597
0.021519
0.167428
0.656493
0.360513
0.189896
0.313444
0.347439
0.167543
0.481333
0.421333
0.116264
0.0436046
0.142117
0.133892
0.272262
0.176835
0.112508
0.153924
0.0709449
0.145465
0.380212
0.177256
0.0459324
0.0757817
0.0806928
0.0767358
0.115255
0.0935668
0.0354767
0.111032
0.0587516
0.0661053
0.0754699
1.00236e-10
0.0111555
0.0768378
1.33281e-10
9.9526e-11
0.111852
1.01466e-10
1.03095e-10
1.08928e-10
0.0923573
0.0477023
0.0740471
1.01063e-10
0.289869
0.0308062
0.082995
8.67731e-11
9.89535e-11
9.88246e-11
0.0034738
1.08853e-10
1.37022e-10
0.000693414
0.0123473
0.0628189
0.00499322
0.0125
8.94992e-11
0.0645855
9.59497e-11
1.09191e-10
1.00694e-10
9.97095e-11
0.0982342
0.11517
9.99017e-11
1.01489e-10
8.88878e-11
9.37178e-11
0.0992245
0.142684
0.137718
0.0846114
1.90111e-10
0.00876568
0.970663
0.492969
0.0172618
9.99441e-11
0.136588
0.132942
0.103466
0.0985046
0.188049
0.0753674
0.299193
0.38917
0.399271
0.341097
0.286637
0.284764
0.234616
0.315687
0.368966
0.335057
0.261984
0.288612
0.292751
0.273825
0.282948
0.230369
0.285946
0.0942059
1.02869e-10
0.250122
0.174376
0.155663
0.273759
0.266203
0.326921
0.329101
0.312165
0.205301
0.168921
0.192783
0.187267
0.125315
0.158198
0.105904
0.131892
0.084262
0.132192
0.135532
0.105021
0.00271302
0.0896516
0.00123606
1.10244e-10
0.0380168
0.000736856
0.907383
1.32405e-10
0.00111028
0.0550496
0.00473856
1.01805e-10
9.9152e-11
1e-10
0.061675
0.00439879
1.1193e-10
1.10134e-10
0.0609232
1.12295e-10
0.00396087
1.01971e-10
1.10087e-10
0.00110167
7.60668e-11
0.00597975
9.76931e-11
9.47988e-11
6.91602e-11
1.34778e-10
0.00110776
0.150102
0.00345514
0.173608
0.0395214
0.000449501
1.00099e-10
9.95084e-11
1.89948e-10
7.60476e-11
9.3894e-11
0.0154371
0.0384072
0.074237
0.0150684
0.151406
0.0586254
0.136472
0.10392
0.004368
9.95838e-11
0.00914172
0.204802
0.753753
0.627399
0.0147344
0.0159665
0.208244
0.126068
0.910234
0.00292525
0.290734
0.67982
0.141168
0.283573
0.978427
0.988698
0.462993
0.866033
0.000907142
0.0107883
0.0464863
0.171056
0.499557
0.0978711
0.000736853
0.919786
0.0283966
0.986878
0.992085
0.994252
0.9282
1e-10
1e-10
0.00192827
0.0339914
0.0107314
0.0157463
0.142131
0.0298481
9.63155e-11
0.054719
0.0737254
0.0932822
0.137282
0.224983
0.0793775
0.133659
0.251111
9.66559e-11
1.02371e-10
0.00356062
0.0114692
0.0122835
0.0596478
0.304504
0.034548
0.196828
1.02951e-10
0.0758236
0.470356
1.09432e-10
0.000122248
1.08034e-10
0.207144
6.79295e-06
1.15652e-10
1.02388e-10
9.78202e-11
0.000340357
1.07956e-10
1.09953e-10
8.11887e-05
0.0104022
1.01142e-10
1.00842e-10
1.06033e-10
0.000568465
9.8602e-11
9.77172e-11
9.58581e-11
1.09253e-10
1.04261e-10
1.0879e-10
1.11616e-10
1.22889e-10
9.59253e-11
0.025
8.79491e-11
6.88078e-11
1.02343e-10
9.71193e-11
9.90742e-11
1.04583e-10
1.00041e-10
0.0065191
0.439824
7.19999e-11
0.0074658
9.39825e-11
0.000797848
1.00661e-10
1.01041e-10
0.00028203
9.86776e-11
9.94156e-11
0.00596563
1.01038e-10
1.01294e-10
1.53517e-10
1e-10
9.964e-11
1.00204e-10
1.15105e-10
0.00600637
0.00109402
1.05007e-10
1.43254e-10
0.00897372
9.86972e-11
9.82831e-11
0.0109603
0.000663917
5.71961e-11
0.0103627
1.07483e-10
9.93019e-11
0.000145092
1e-10
0.0019436
9.98084e-11
1.0027e-10
1.00218e-10
9.97226e-11
1.00214e-10
1.04137e-10
1.00036e-10
0.201595
9.27978e-11
0.0744544
0.107356
0.0840064
0.789934
0.120519
0.0735995
0.0629634
0.245432
0.806214
0.210064
0.312717
0.700233
0.211069
0.339481
0.0963183
0.0728455
0.750665
0.846219
0.182583
0.236379
0.180174
0.0967329
0.0750906
1.0985e-10
0.438831
0.370438
1.03219e-10
0.0945883
0.201059
0.225112
0.267881
0.417366
0.339447
0.523264
9.2206e-11
1.00097e-10
9.97113e-11
9.699e-11
9.63469e-11
1.01706e-10
9.03895e-11
9.53014e-11
9.51327e-11
0.000445087
1.01471e-10
1.02083e-10
9.72351e-11
0.000539549
9.68525e-11
9.55645e-11
1.07523e-10
1.01937e-10
1.12147e-10
9.97664e-11
1.02127e-10
0.000772218
1.01739e-10
1e-10
1.01473e-10
0.000981316
4.26982e-05
9.99336e-11
1.14208e-10
1.06449e-10
9.96231e-11
1.00031e-10
1.03895e-10
1.02212e-10
1.04281e-10
9.85941e-11
0.000686876
1e-10
1.02422e-10
1e-10
1.0852e-10
1.00315e-10
9.97751e-11
1.00865e-10
1.00223e-10
9.70839e-11
0.000515963
1e-10
1.00385e-10
1.00661e-10
9.73227e-11
1.04696e-10
0.000763981
0.000218675
9.92429e-11
9.87324e-11
9.98965e-11
1.00039e-10
9.89847e-11
9.97653e-11
9.61712e-11
1.00673e-10
0.187624
0.466066
0.162089
0.122517
0.109274
0.12184
0.0611622
0.0915673
0.174043
0.247336
0.0978734
0.0807674
1.05971e-10
1.01549e-10
1.02029e-10
1.08532e-10
1.05318e-10
9.9869e-11
1.0164e-10
9.78944e-11
1.08336e-10
9.85589e-11
9.91978e-11
1.00322e-10
1.08072e-10
1.0005e-10
0.0097095
1.00519e-10
0.0541746
1.02781e-10
9.41663e-11
1.03326e-10
0.0104152
1.01486e-10
0.00713621
9.6805e-11
1.00104e-10
0.475816
0.123414
0.559596
0.433112
9.90479e-11
1.04993e-10
1.0285e-10
1.06502e-10
1.047e-10
0.0017057
0.000606126
1.01165e-10
9.78596e-11
0.0569265
1.03422e-10
1.0413e-10
1.02343e-10
9.98676e-11
1.00127e-10
1.11357e-10
1.00562e-10
1.00965e-10
1.01713e-10
0.00115689
1.05083e-10
1.01544e-10
1.00157e-10
9.82261e-11
1.00402e-10
9.9796e-11
1.01967e-10
1.00342e-10
1.04885e-10
1.00725e-10
9.73077e-11
9.97921e-11
1.00151e-10
1.01707e-10
1.00888e-10
1.01336e-10
1.00184e-10
1.02044e-10
1.01386e-10
1.00658e-10
1.00473e-10
1.0098e-10
1.00758e-10
1.02881e-10
1.01827e-10
9.9516e-11
9.95329e-11
0.00367133
1.00538e-10
9.83526e-11
1.18741e-10
9.41069e-11
9.86538e-11
1.13575e-10
1.07978e-10
1.0939e-10
9.29302e-11
1.02626e-10
9.74707e-11
9.96267e-11
1.00063e-10
1.02023e-10
1.04341e-10
3.22494e-10
7.17875e-11
9.7724e-11
9.30047e-11
1.16946e-10
1.08076e-10
9.7728e-11
1.08312e-10
9.77053e-11
1.07102e-10
1.01378e-10
9.84769e-11
9.84828e-11
9.63907e-11
0.0690567
0.0552893
0.0916067
0.155129
0.142553
0.0705872
0.193833
0.14134
0.0997869
0.000749707
0.109731
0.178627
0.0981535
0.124633
0.13884
0.0975538
0.0796414
0.311546
0.186787
0.154387
0.187441
0.186063
0.263619
0.169003
0.252242
0.212546
0.252277
0.157821
0.314598
0.193278
0.355615
0.217286
0.193916
0.193196
0.173043
0.143248
0.161486
0.183452
0.59993
0.524181
0.618152
0.550902
0.730454
0.12493
0.253669
0.182364
0.771583
0.404934
0.278981
0.460265
0.627508
0.704172
0.571809
0.608405
0.540383
0.730933
0.799586
0.488033
0.547521
0.279659
0.192228
0.473438
0.446893
0.133805
0.132817
0.499143
0.595613
0.557177
0.55808
0.458173
0.12301
0.179749
0.154302
0.142784
0.0695026
0.0458739
0.130921
0.118721
9.92283e-11
0.181122
9.81557e-11
9.81948e-11
1.03712e-10
0.0952232
1.02703e-10
0.324189
0.346659
0.252155
0.405647
0.265394
0.363151
0.0766373
0.393968
0.244741
0.166746
0.212735
0.447293
0.0784327
0.241379
0.109366
0.429692
0.219504
0.272273
0.140424
0.273677
0.489397
0.553105
0.0889785
0.205945
0.338682
0.315522
0.0889926
0.0964681
0.181207
0.0747709
0.319184
0.274767
0.236033
0.218262
0.215847
0.0959704
0.0794643
9.68115e-11
9.86102e-11
0.000491308
0.0156808
0.0474228
0.517515
0.0917065
1.01544e-10
1.01285e-10
1.07627e-10
1.00844e-10
1.00844e-10
1.03114e-10
1.03318e-10
1.05308e-10
1.02443e-10
1.00218e-10
1.0012e-10
9.69067e-11
1.00666e-10
1.04939e-10
1.04354e-10
1.01205e-10
1.2969e-10
9.96071e-11
1.04206e-10
1.00894e-10
9.93066e-11
1.00315e-10
1.01275e-10
9.99273e-11
1.00035e-10
1e-10
9.99313e-11
9.99251e-11
0.0884159
1.0064e-10
0.0949775
0.0318392
1.02415e-10
1.01787e-10
1.02309e-10
1.01195e-10
9.97565e-11
1.01304e-10
9.92363e-11
1.001e-10
1.01841e-10
1.00886e-10
0.0903689
9.96828e-11
9.93096e-11
1.0078e-10
1.01749e-10
1.06246e-10
0.0976061
0.0972961
1.03244e-10
0.0106187
0.0867819
9.96421e-11
9.8053e-11
9.94761e-11
0.0129352
1.02223e-10
0.0948472
1.03657e-10
0.0947657
1.01424e-10
1.01602e-10
0.0974614
9.88605e-11
9.98202e-11
1.01619e-10
1.02423e-10
1.00201e-10
1.01724e-10
1.01069e-10
0.0961578
1.12231e-10
1.12968e-10
1.00767e-10
1.0095e-10
1.01833e-10
1.02111e-10
1.00652e-10
1.00975e-10
9.87764e-11
0.0877842
0.0978672
0.0947919
1.05683e-10
1.03517e-10
1.01345e-10
9.9088e-11
1.00913e-10
0.00167276
1.02109e-10
1.04285e-10
0.0962412
0.131058
0.0988033
0.00536725
0.0741284
0.0891231
0.132032
0.0971124
0.146464
9.83869e-11
0.0847896
9.98562e-11
0.0658369
0.0895014
0.119102
0.0990198
0.0975098
0.00161745
0.184506
1.01969e-10
0.0132544
0.00755116
0.00914081
0.2984
0.085359
0.102169
0.11539
0.07647
0.269843
0.232988
0.270007
0.1905
0.286023
0.299351
0.262048
0.305485
0.29122
0.0968088
0.269903
0.0913681
0.238704
0.264348
0.296157
0.272468
0.282287
0.277668
0.326667
0.0258583
0.000467365
9.94747e-11
0.00063559
0.0446432
9.95876e-11
0.91928
0.00804542
0.00865108
0.985229
1.00455e-10
0.0277412
9.69582e-11
0.153058
0.0529956
0.0339993
0.660217
0.860961
0.770376
0.0687645
0.0813873
0.443157
1.09678e-10
9.99123e-11
9.47376e-11
0.0743459
9.84476e-11
0.0683143
9.74718e-11
9.54455e-11
1.10574e-10
0.0627399
0.102781
0.0674139
9.38359e-11
0.125328
9.89986e-11
0.0138001
0.210849
0.167769
0.5596
9.86124e-11
0.64074
9.8773e-11
0.0297273
0.0573781
0.00815909
0.0891511
1.11254e-10
9.92087e-11
9.61928e-11
0.0811125
1.0071e-10
1.05238e-10
0.0242202
0.512382
0.021146
0.063868
9.86252e-11
0.111395
9.90567e-11
9.87837e-11
0.0262573
4.69592e-05
0.200426
0.281098
0.0829421
0.0380089
0.0738865
0.423231
9.59896e-11
0.150336
0.0214634
0.0500095
0.0682044
1.03892e-10
9.14202e-11
9.47525e-11
0.0792477
0.075428
0.0197996
0.210651
0.0910275
0.0664827
0.304762
0.610734
0.0529949
0.313851
0.135605
0.516177
0.172188
0.267907
0.120098
0.130222
0.0108357
0.121946
0.249116
0.156364
0.0930818
0.62699
0.397946
0.0112423
0.228154
0.0447784
0.237928
0.495049
0.137146
0.416958
0.315528
0.160847
0.0470897
0.103089
0.289051
0.617339
0.206282
0.0913312
0.0102909
0.103218
0.215188
0.321713
0.153694
0.170904
0.230868
0.0186127
0.261067
0.447407
0.0960559
0.156372
0.223934
0.575347
0.236922
0.122873
0.204047
0.0155044
0.207008
9.64392e-11
0.238481
0.163473
9.74077e-11
9.17082e-11
0.0681469
0.0391623
0.0184711
0.0226141
0.0855577
0.0448552
0.0924734
0.0152105
0.336427
0.0722048
0.0454417
9.61532e-11
0.00590937
0.0452902
1.02631e-10
1.00639e-10
9.78632e-11
0.0342649
0.00963701
0.0107469
0.12041
0.232755
0.132242
0.19122
0.0242315
0.00524356
0.47655
0.382436
0.0420681
0.250744
0.11888
0.0250374
0.308975
8.23125e-05
0.0441008
0.0489336
9.67395e-11
9.84414e-11
0.068298
0.160625
0.0293874
0.172666
9.45491e-11
0.404609
0.0933861
0.428974
0.0166891
0.210186
0.12959
0.25363
0.0433684
0.147848
0.142946
0.113704
0.0127414
9.1782e-11
9.51341e-11
0.0527537
9.71356e-11
0.0545824
0.078139
0.127759
0.128554
0.208716
0.154502
1.04047e-10
0.321462
1.01149e-10
0.15631
0.102685
0.126884
9.55151e-11
1.04545e-10
0.0567245
0.0074826
0.063073
0.140336
0.245172
0.527027
0.00610835
0.0205189
0.21404
9.37003e-11
9.7729e-11
0.141696
9.66986e-11
0.0428737
9.89212e-11
0.136511
0.258749
9.30922e-11
9.85965e-11
0.0620642
1.01038e-10
9.01366e-11
0.114368
1.01153e-10
0.0274543
0.165734
0.0810627
0.0818987
1.10275e-10
0.241571
0.220869
0.145875
0.041064
0.0337596
0.0385417
0.0109324
9.65015e-11
9.60994e-11
0.112532
0.0388679
0.0937634
0.000853724
1.01917e-10
0.0473795
2.46417e-05
1.01807e-10
9.96955e-11
0.0810462
0.0819586
0.171939
0.0823436
0.0563623
0.225746
0.277989
0.388763
0.308119
0.427429
0.275486
0.425715
0.361756
0.080112
0.580641
0.217994
0.0900307
0.0843988
0.059846
0.0745042
0.121293
9.93494e-11
0.160787
0.0812643
0.177136
9.57151e-11
0.039983
0.0788349
0.0837361
0.086254
0.138598
0.218125
0.18866
0.0866915
0.0739602
0.131618
0.0868112
0.136948
0.0503043
0.0871428
9.333e-11
9.40975e-11
9.90807e-11
0.00141236
0.105699
0.081228
0.257766
0.205647
0.198119
0.000995607
0.131821
1.0189e-10
0.127841
0.0521465
0.00276022
0.00875926
1.02728e-10
0.17395
0.216861
0.348188
0.0867545
0.0761114
0.312596
0.277253
0.081064
0.0927336
0.0855742
1.02836e-10
1.13331e-10
1.00812e-10
0.093767
0.0656465
0.006292
9.87089e-11
0.0875004
1.13008e-10
9.87598e-11
0.000826984
9.71743e-11
9.79445e-11
9.78013e-11
1.04298e-10
1.06937e-10
2.47546e-05
0.0028459
0.0874881
0.160849
1.06734e-10
0.0968477
1.0094e-10
1.13811e-10
0.0278666
9.9561e-11
1.11602e-10
0.179583
9.68843e-11
1.10059e-10
1.0531e-10
9.76879e-11
1.07448e-10
9.99935e-11
9.80442e-11
1.04552e-10
0.242632
0.0721029
0.143801
0.165829
0.225571
0.094016
0.0757173
0.0310414
0.152146
9.87374e-11
9.79744e-11
9.5939e-11
0.106944
0.092645
0.00511722
9.71759e-11
0.0403167
9.67556e-11
0.124753
0.0535678
0.161461
9.31891e-11
1.02819e-10
0.0142051
9.74926e-11
0.259721
0.17511
0.238611
0.243555
0.201613
0.251348
0.0628543
0.194951
0.0619604
0.113955
1.03607e-10
0.0966695
9.69219e-11
0.0204449
0.0845607
0.0914022
0.0685079
0.209273
0.0920579
0.197916
1.02246e-10
1.00604e-10
0.184191
1.0757e-10
0.0695932
1.01206e-10
0.0388824
0.0348123
1.09905e-10
1.02258e-10
0.257972
0.050479
0.190056
0.235723
0.207573
0.120118
0.163387
0.101697
0.132708
0.127159
0.20006
0.0626376
0.054501
0.0679616
0.105398
0.0598927
0.0821904
0.0885633
0.0677502
1.0495e-10
0.0876474
1.0032e-10
0.0653249
0.0477697
0.0355593
9.59608e-11
1.0813e-10
1.00059e-10
0.0614384
0.0125944
8.65718e-11
9.82947e-11
0.120405
8.02803e-05
0.0702066
0.0470565
0.0533455
0.0018172
0.0905225
0.00892687
0.0824422
0.0578261
1.08625e-10
0.0741022
9.8233e-11
0.023059
0.0872389
0.0132664
1.02325e-10
0.000689425
1.03341e-10
0.0543101
1.08752e-10
0.0503492
0.0387111
9.9212e-11
1.04391e-10
1.04134e-10
1.04135e-10
1.00596e-10
1.0593e-10
1.01225e-10
0.00139296
1.05225e-10
0.000572958
1.0374e-10
9.98499e-11
1.0726e-10
9.55726e-11
1.05444e-10
9.57226e-11
1.03692e-10
1.09046e-10
1.16053e-10
9.43065e-11
0.000667654
8.76195e-11
1.00153e-10
9.61957e-11
9.41364e-11
0.0395346
9.36744e-11
9.53137e-11
9.33552e-11
0.00417764
9.52865e-11
9.60502e-11
9.43051e-11
9.85047e-11
1.08472e-10
9.90289e-11
9.55284e-11
9.45846e-11
1.01647e-10
0.435814
0.346016
0.293396
0.308169
1.002e-10
6.54052e-11
1.00325e-10
1.54801e-10
1.01885e-10
1.11054e-10
9.20346e-11
9.96563e-11
1.04884e-10
0.0191434
1.04285e-10
1.05152e-10
0.000568597
1.0791e-10
0.0134008
1.02039e-10
1.10451e-10
1.00883e-10
1.02063e-10
1.013e-10
9.92418e-11
1.00851e-10
9.94198e-11
1.0493e-10
9.54408e-11
9.84872e-11
1.00066e-10
1.08882e-10
1.02041e-10
9.67807e-11
0.26473
1.01815e-10
3.4336e-10
1.04899e-10
0.025985
1.03898e-10
9.68182e-11
9.8831e-11
9.57964e-11
1.00367e-10
9.0106e-11
9.63259e-11
8.90244e-11
1.01978e-10
1.1089e-10
9.4355e-11
0.000371482
1.08688e-10
1.20398e-10
0.00183457
9.92228e-11
0.00190901
0.00738347
0.000700706
1.08735e-10
9.35332e-11
9.23776e-11
8.96709e-11
9.6658e-11
1.03359e-10
9.73426e-11
9.85791e-11
1.01938e-10
9.69812e-11
1.01045e-10
1.06886e-10
1.02944e-10
1.03485e-10
2.0437e-10
1.31452e-10
1.6937e-10
0.0125
9.73806e-11
9.68266e-11
1.055e-10
1.03034e-10
9.86323e-11
1.03387e-10
9.30495e-11
9.8712e-11
9.89657e-11
1.03553e-10
0.049461
1.11819e-10
1.03023e-10
1.01938e-10
0.155929
0.0841497
9.7637e-11
1.10522e-10
9.79821e-11
1.04003e-10
1.05594e-10
9.98178e-11
8.5304e-11
1.37229e-10
9.35904e-11
1.20953e-10
1.14313e-10
9.86952e-11
9.98699e-11
1e-10
1.04617e-10
9.66878e-11
0.000772869
1.04269e-10
9.93563e-11
1.05809e-10
9.21471e-11
0.00763652
1.03432e-10
9.62071e-11
0.00336579
0.00331162
1.08984e-10
1.24899e-10
1.04142e-10
1.05634e-10
0.000495657
1.03547e-10
1.04732e-10
1.04403e-10
9.97448e-11
1.04813e-10
1.00668e-10
1.1529e-10
1.06639e-10
1.06563e-10
1.1088e-10
9.46284e-11
1.08194e-10
0.00108494
9.92856e-11
1.02006e-10
1.05215e-10
1.15491e-10
1.06443e-10
1.0897e-10
1.08769e-10
1.05039e-10
9.71485e-11
0.0275341
1.01167e-10
1.00348e-10
9.41988e-11
9.84494e-11
1.03334e-10
1.09611e-10
9.98837e-11
9.36238e-11
1.00432e-10
1.01838e-10
1.08787e-10
9.6115e-11
1.15557e-10
0.000711895
1.15752e-10
1.0385e-10
1.01355e-10
9.79428e-11
9.28214e-11
9.47675e-11
9.10004e-11
1.02619e-10
0.00144197
1.02549e-10
1.03187e-10
1.02157e-10
0.00120234
1.03731e-10
9.22331e-11
1.02491e-10
0.000956254
1.06514e-10
1.04892e-10
9.98878e-11
1.05023e-10
1.01855e-10
9.88846e-11
1.04511e-10
9.78077e-11
1.06493e-10
0.000666519
0.00283949
9.70189e-11
9.9337e-11
0.0554538
9.61423e-11
0.00288286
9.88539e-11
9.8283e-11
9.5781e-11
9.40338e-11
9.84577e-11
1.04388e-10
0.0489889
1.03055e-10
9.51967e-11
9.87768e-11
1.02994e-10
9.81983e-11
9.93717e-11
9.53845e-11
1.03142e-10
1.12427e-10
9.93747e-11
1.02968e-10
1.41283e-10
1.01412e-10
1.07673e-10
1.09157e-10
9.85174e-11
1.05105e-10
9.63674e-11
9.82567e-11
9.72944e-11
9.49354e-11
9.91739e-11
9.78542e-11
1.06292e-10
9.57185e-11
0.0448313
0.015342
0.0617738
9.9096e-11
0.158018
0.00170298
1.00477e-10
1.38303e-10
9.88814e-05
1.76168e-10
9.54266e-11
1.06394e-10
1.14788e-10
9.50287e-11
1.05327e-10
1.02611e-09
9.43782e-11
1.05628e-10
1.00667e-10
1.04654e-10
1.01224e-10
1.06927e-10
9.99769e-11
9.8687e-11
9.14907e-11
1.02077e-10
0.000117948
9.89858e-11
9.96687e-11
0.00159034
9.46179e-11
9.77607e-11
9.63968e-11
9.96664e-11
0.00325706
1.01489e-10
0.00154114
9.44789e-11
9.98897e-11
9.70096e-11
0.000166336
0.000274099
1.00411e-10
0.00064635
1.00633e-10
9.58516e-11
9.62007e-11
9.51192e-11
9.2457e-11
1.00145e-10
9.87024e-11
9.58325e-11
9.5207e-11
9.36227e-11
9.35865e-11
1.03258e-10
1.01424e-10
9.96738e-11
1.00924e-10
1.00852e-10
0.000297761
1.05712e-10
9.9724e-11
0.00179172
8.74366e-11
9.70113e-11
9.86059e-11
9.5265e-11
9.7395e-11
9.0782e-11
9.52988e-11
1.03282e-10
1.02918e-10
9.52274e-11
9.80227e-11
1.01036e-10
1.0177e-10
1.00984e-10
0.00116637
1.07848e-10
1.02634e-10
1.02479e-10
1.04788e-10
9.97351e-11
9.42107e-11
9.67749e-11
9.28487e-11
9.76214e-11
9.76391e-11
1.20723e-10
0.000735967
9.49758e-11
9.53762e-11
5.2965e-06
9.64886e-11
9.27978e-11
9.41357e-11
1.0782e-10
9.5839e-11
9.55935e-11
0.0809248
0.0153293
1.041e-10
9.81906e-11
9.89619e-11
9.95429e-11
9.30165e-11
0.0812876
9.74878e-11
0.0948625
0.0776237
9.59797e-11
9.70593e-11
9.74495e-11
9.67764e-11
9.39092e-11
9.66298e-11
8.97018e-11
9.69901e-11
9.31235e-11
9.65897e-11
9.4531e-11
9.15415e-11
0.103119
9.42737e-11
1.01087e-10
9.57354e-11
0.00127063
1.66907e-10
9.93055e-11
1.00459e-10
9.82266e-11
0.00113166
9.73416e-11
0.0687447
1.03722e-10
1.00252e-10
0.248425
0.0866471
9.67105e-11
0.024021
9.24852e-11
1.00595e-10
1.06641e-10
1.03349e-10
9.62335e-11
9.99288e-11
1.0167e-10
1.32176e-10
9.97311e-11
9.82568e-11
1.07196e-10
1.1189e-10
9.4305e-11
9.67645e-11
1.0865e-10
9.62905e-11
1.02238e-10
1.01463e-10
9.90908e-11
9.58596e-11
0.00153141
9.51174e-11
0.0684532
0.147549
9.37012e-11
0.000457635
1.13257e-10
9.64435e-11
9.91834e-11
0.135934
9.70894e-11
0.0258954
9.58739e-11
1.02997e-10
0.231114
0.0078219
1.101e-10
0.0342319
1.05448e-10
9.98621e-11
0.571004
0.134245
9.68166e-11
9.57113e-11
0.00948993
9.78768e-11
0.340687
0.156973
9.93216e-11
9.3611e-11
9.52318e-11
0.0793009
9.68247e-11
9.68503e-11
9.29259e-11
0.20458
9.65292e-11
9.6277e-11
9.68931e-11
9.00408e-11
0.0569698
0.0455839
0.0673618
9.66187e-11
9.87632e-11
9.56987e-11
1.44649e-10
9.9877e-11
9.65512e-11
9.5972e-11
0.16253
9.50972e-11
0.393113
9.41518e-11
9.33773e-11
9.47194e-11
9.41749e-11
1.04711e-10
9.31671e-11
9.06607e-11
0.0664195
9.15947e-11
9.78853e-11
1.0467e-10
9.99422e-11
0.187701
0.106385
5.05242e-05
1.00799e-10
1.02352e-10
9.80622e-11
9.80805e-11
9.99083e-11
9.95139e-11
0.0570699
1.06552e-10
0.00236643
1.0353e-10
9.28316e-11
1.04931e-10
0.00842986
0.00135769
1.03973e-10
9.37521e-11
8.94514e-05
1.05811e-10
0.00107786
9.49171e-11
9.68552e-11
9.59633e-11
0.00585449
0.000840786
1.0744e-10
9.47589e-11
9.53054e-11
9.87691e-11
9.43775e-11
9.3303e-11
9.40937e-11
9.27652e-11
0.0496739
0.000835915
1.10463e-10
9.84932e-11
0.00342582
1.04251e-10
9.55144e-11
1.07223e-10
9.65353e-11
9.76598e-11
9.90957e-11
9.91055e-11
1.00186e-10
1.00152e-10
0.055074
1.02564e-10
0.686678
9.97082e-11
1.00259e-10
1.01794e-10
1.00603e-10
0.00215176
0.528556
9.89911e-11
9.98384e-11
9.98732e-11
9.99617e-11
1.00515e-10
9.64995e-11
1e-10
1.01294e-10
0.0714299
0.0854631
1.0552e-10
9.94119e-11
1.23568e-10
9.44647e-11
0.919888
0.282584
0.498379
0.0184353
8.88032e-11
8.97531e-11
0.00201123
1.58778e-10
9.95939e-11
0.334899
9.61803e-11
0.226791
8.8468e-05
9.77553e-11
9.32995e-11
9.56013e-11
9.45947e-11
8.86091e-11
1.06104e-10
0.00157588
0.205511
0.541404
1.08042e-10
0.000273691
1.08551e-10
0.00285785
9.33844e-11
9.41765e-11
0.063617
0.000208251
8.97674e-11
0.0117654
9.69949e-11
0.0572489
1.0192e-10
0.073681
1.06177e-10
1.07826e-10
9.45917e-11
9.75086e-11
0.954344
9.99885e-11
9.47103e-11
0.163805
0.00779151
1.02194e-10
1.00154e-10
1.00175e-10
1.0014e-10
0.0274577
9.91765e-11
0.000570118
1.08562e-10
9.81831e-11
0.0150175
0.000168444
9.95911e-11
1.00609e-10
9.99781e-11
0.00209498
1.00082e-10
0.932836
9.99906e-11
1.00351e-10
0.0563356
0.00240556
0.000296896
1e-10
9.89547e-11
9.99603e-11
9.40173e-11
0.00968437
1e-10
0.0281306
0.00798292
0.107429
9.98852e-11
9.91881e-11
0.674413
9.96932e-11
0.0295822
0.0178034
0.00933919
0.000176418
0.00239815
1.09403e-10
0.00593641
0.0416683
1.05189e-10
1.06613e-10
1e-10
9.88306e-11
9.87784e-11
0.0698446
9.96416e-11
1.00665e-10
0.0923456
0.0340449
9.96619e-11
0.0126602
0.0544385
0.0554907
0.00260789
9.89645e-11
7.50578e-06
0.01341
1e-10
9.97729e-11
0.212488
0.00385229
0.132535
1.01249e-10
0.0440798
1.02489e-10
9.54283e-11
0.494468
0.0104074
0.00135363
9.96401e-11
9.84589e-11
0.0262269
0.0426265
0.0364736
0.0839139
1.00075e-10
0.0865887
0.0812829
0.0589013
0.158915
0.28129
9.89587e-11
0.0320648
0.275077
0.0264181
1e-10
9.59392e-11
0.0318205
0.0493321
0.0535102
9.83914e-11
0.0840242
0.0700346
0.345277
0.118798
0.0504721
0.051158
0.0743119
0.0523205
0.316284
9.95598e-11
9.79878e-11
0.0904243
0.0436285
9.76083e-11
0.222044
0.0834221
0.108444
0.105111
2.64155e-05
0.100674
0.611811
0.0467068
0.00397441
0.42267
9.98195e-11
0.00150868
1.12241e-10
9.98592e-11
0.0732132
0.0863612
9.89663e-11
0.0297064
0.0827464
0.0783983
0.0806785
0.204517
0.0749248
0.128671
0.141271
0.191776
1e-10
0.416986
0.0127212
1e-10
1.12419e-10
0.00783941
1.00244e-10
0.170269
0.0233776
0.146993
0.0073833
9.83846e-11
0.133109
0.108805
0.202944
1.00357e-10
0.234308
0.0946346
0.160521
1.0152e-10
0.0558893
0.0418706
0.0860439
1.0008e-10
0.0942182
0.082082
0.0983051
1.00124e-10
0.159791
0.121531
0.0166212
9.90308e-11
1.00163e-10
9.92271e-11
0.0653381
0.153134
9.85242e-11
9.55643e-11
1.1127e-10
9.8744e-11
9.61967e-11
1.09944e-10
9.69573e-11
1.12608e-10
0.158104
0.134452
0.0195799
0.1299
0.0832669
0.727316
0.0587904
0.68489
0.178738
0.464988
0.00527485
0.142062
9.30176e-11
0.0189485
9.71263e-11
1.05558e-10
9.68018e-11
9.99571e-11
0.0496641
9.89387e-11
0.0378083
0.0124085
9.80233e-11
9.88867e-11
0.00933028
0.0287036
1.09711e-10
9.86263e-11
0.00021427
1.13043e-10
0.000435018
0.0546874
0.0945749
0.117248
0.218027
0.290693
0.117287
0.137994
0.136546
0.117046
0.0699074
1.01566e-10
1.06669e-10
9.83777e-11
9.66148e-11
0.000325192
1.16287e-10
9.49686e-11
9.56775e-11
9.55551e-11
9.55315e-11
1.13282e-10
9.71868e-11
9.82617e-11
0.000150755
1.14416e-10
9.65776e-11
1.00201e-10
0.0919655
0.090298
0.095556
0.0986076
9.99343e-11
0.0660687
9.94076e-11
0.0360415
0.0170387
1.00205e-10
0.00510277
1.04368e-10
0.0728446
9.86075e-11
1.11637e-10
1.01917e-10
1.00236e-10
9.98089e-11
1.10222e-10
1e-10
9.68993e-11
1.08999e-10
9.73861e-11
1.10175e-10
9.91424e-11
9.64775e-11
9.61856e-11
9.85089e-11
9.52469e-11
9.64809e-11
9.84153e-11
1.00908e-10
9.95185e-11
1.00152e-10
1e-10
9.82197e-11
9.93786e-11
9.74819e-11
0.206341
0.120883
0.204516
0.0796877
0.188071
0.156499
1.01521e-10
0.000993977
0.0757502
0.0782927
0.0799874
0.108834
0.0672632
0.0841506
0.0150051
0.0546021
0.0894559
0.077623
0.0422928
0.094904
0.09819
1.07067e-10
0.0791496
0.15066
0.0992417
0.0980932
0.0228849
0.0982335
0.0966008
0.167379
0.109034
1.02676e-10
0.18059
0.13262
0.0687602
0.00218135
0.0826988
0.150918
0.156525
0.140339
0.0391356
0.0669172
0.174981
0.140471
0.186505
0.0994806
0.182747
0.183942
0.0566958
1.06814e-10
0.0468657
0.0806863
1.04129e-10
9.88488e-11
0.116926
0.0848606
0.103164
0.170011
0.137607
0.184348
0.168304
0.0165366
1.0816e-10
0.146572
0.0958968
0.00186486
1.03464e-10
0.184776
0.110604
1.01186e-10
0.00493118
1.02821e-10
1.00427e-10
0.0919578
0.0862428
0.0971432
0.096759
0.0929408
0.0920868
0.0648365
0.0892564
0.0827193
0.183124
0.146675
0.0802055
0.167079
0.0952297
0.0948614
0.0958248
0.0962182
0.0931425
0.0963223
1.02225e-10
0.0985949
9.88232e-11
0.232511
0.183511
0.14056
0.142334
0.289968
9.75833e-11
1.00119e-10
1.00239e-10
1.00023e-10
1e-10
9.5281e-11
1.01428e-10
9.99545e-11
1.00362e-10
1.00017e-10
1.01966e-10
1.01017e-10
1.01615e-10
9.99005e-11
1.00368e-10
9.89772e-11
9.87992e-11
9.95194e-11
9.99635e-11
1.00027e-10
1.00004e-10
9.96988e-11
1.00945e-10
9.99992e-11
9.99642e-11
1.00108e-10
9.86682e-11
1.00874e-10
1.00394e-10
9.92587e-11
1.00841e-10
1.04223e-10
1.02392e-10
1.00053e-10
1.02112e-10
1.01381e-10
1.00683e-10
1.00654e-10
1.00229e-10
9.96591e-11
1.00542e-10
1.02917e-10
9.85569e-11
1.00758e-10
1.01367e-10
1.12374e-10
1.00423e-10
1.01673e-10
1.00646e-10
9.86864e-11
1.00738e-10
9.99668e-11
1.00049e-10
1.00601e-10
1.0008e-10
1.0133e-10
1.0104e-10
1.00817e-10
1.00372e-10
1.00037e-10
1.02557e-10
1.00382e-10
9.93019e-11
1.00126e-10
9.99531e-11
1.02524e-10
1.00545e-10
1.01524e-10
1e-10
1.02527e-10
1.00004e-10
9.99788e-11
1.00248e-10
1.00023e-10
1.02223e-10
1.00138e-10
1.00931e-10
9.65306e-11
1.00968e-10
1.00436e-10
1.02034e-10
1.00391e-10
1.0001e-10
1e-10
1.00477e-10
1.00006e-10
1.00818e-10
1.00252e-10
1.00249e-10
1.00016e-10
1.00196e-10
1e-10
1.00298e-10
1.00134e-10
1.00838e-10
9.97625e-11
1.00008e-10
1.05169e-10
1.00724e-10
1e-10
1.00473e-10
9.99787e-11
9.95894e-11
9.96993e-11
1.02271e-10
1.02155e-10
9.99538e-11
1.00722e-10
1.00336e-10
1.00622e-10
1.00314e-10
1.07313e-10
1.00357e-10
1.00175e-10
1.00041e-10
9.97205e-11
9.94855e-11
1.00151e-10
9.99822e-11
1.01291e-10
9.99038e-11
9.99961e-11
9.82787e-11
9.99771e-11
1.08922e-10
1.00373e-10
1.00522e-10
1.00397e-10
1.01949e-10
1.00194e-10
1.02115e-10
1.00156e-10
1.00108e-10
1.00094e-10
1.00083e-10
1.00015e-10
9.96878e-11
1.00065e-10
0.00532825
0.0248757
9.64922e-11
1.06577e-10
1.03635e-10
9.96766e-11
1.02998e-10
0.00221804
0.0485376
1.00921e-10
9.92927e-11
1.03985e-10
1.09751e-10
0.0632114
9.88091e-11
0.110284
1.00699e-10
0.0338402
1.08758e-10
0.0236502
9.93737e-11
1.00215e-10
8.43056e-05
9.76338e-11
0.000151345
9.75728e-11
9.92308e-11
9.94037e-11
0.000600633
9.79394e-11
9.96492e-11
0.00308378
0.00222818
9.4805e-11
9.24048e-11
9.41791e-11
0.0103642
1.01453e-10
0.00102858
0.013302
9.30781e-11
9.47316e-11
0.00133269
0.00236437
9.52428e-11
9.21169e-11
9.49025e-11
1.0214e-10
1.03691e-10
0.00817898
0.00290835
0.0151848
9.79884e-11
0.00541373
0.124488
0.441816
0.0162006
0.207847
0.350621
0.00217533
1.00162e-10
0.0613768
0.182885
0.0510999
0.443959
0.390108
0.0413418
0.872967
0.764909
0.0182931
0.00908362
0.229998
0.957513
0.00304997
0.644019
1.04653e-10
0.0839092
0.570474
0.744454
0.555019
0.405262
0.328648
0.555859
0.967718
0.973622
0.31779
0.831813
0.656424
0.189896
0.970364
0.0433814
0.457137
0.285821
0.704447
9.17787e-11
0.288213
0.059616
0.542901
1.1101e-10
0.698551
0.00267839
0.555052
0.142294
0.00292966
9.98937e-11
0.0786152
8.3399e-11
0.142376
0.698011
0.996691
0.00503673
0.998146
0.0246328
0.114622
0.0126084
1e-10
0.00864188
0.000480113
0.402415
0.457044
0.0155921
0.954568
0.0796615
0.356164
0.814908
0.329472
0.332586
0.994684
0.0625119
0.896607
0.762586
0.283779
0.264772
0.162398
0.0322648
0.13494
9.13676e-11
0.32481
0.0709288
0.107734
0.109527
0.365422
0.407589
0.0493651
0.0215601
0.0865575
1.03447e-10
0.393217
0.52553
0.173719
0.13613
0.0109379
0.0143629
9.78945e-11
0.0735653
0.0223875
0.0889276
0.0469509
1.74807e-10
1.0096e-10
0.0291724
0.0148912
1.19093e-10
0.0276249
1.04491e-10
0.334484
0.000270868
0.109772
0.214218
0.168423
0.0111284
0.299373
0.150221
0.524125
0.410664
0.327268
0.216098
0.400056
0.38913
0.0576037
0.243676
0.238091
0.276284
0.0908671
0.167431
0.157232
0.250402
9.64117e-11
1.04295e-10
0.079614
0.0118015
0.305604
0.0723559
0.468847
0.426518
0.431197
0.146453
0.0201361
0.0493768
0.0764495
0.0627918
9.64884e-11
9.47232e-11
1.04001e-10
1.08935e-10
0.507875
0.383843
0.366004
0.363739
0.354194
0.0316209
0.0738066
0.0824108
9.57167e-11
0.0242261
9.71422e-11
9.87126e-11
0.0778121
0.0883282
0.0348054
1.05092e-10
0.180556
0.0474564
0.0758595
0.311308
0.327155
0.0153615
0.051652
1.00588e-10
9.99753e-11
0.0113001
0.235442
0.0589623
0.00666559
0.0481399
0.641698
0.110706
0.795793
0.0753664
9.49551e-11
0.0617817
9.21747e-11
1.05608e-10
0.000169868
1.07671e-10
0.0041421
0.0311897
0.0281804
1.94504e-10
0.0326324
9.90255e-11
0.00731528
1.02512e-10
0.0381125
1.13985e-10
0.129696
1.01854e-10
0.00536576
9.96296e-11
0.00172777
0.000735661
1.0314e-10
1.0185e-10
9.44698e-11
9.88234e-11
0.00781484
1.06809e-10
9.56812e-11
1.03028e-10
0.0231482
0.00976468
0.0200556
9.7021e-11
1.69164e-10
7.75589e-11
0.736285
0.197317
0.322916
0.587563
1.01637e-10
0.0011315
1.10115e-10
1.0303e-10
1.01404e-10
9.75599e-11
9.98392e-11
9.85578e-11
1.26932e-10
9.98764e-11
1.03746e-10
1.12464e-10
9.90807e-11
1.03152e-10
9.85389e-11
9.79642e-11
5.75674e-11
9.44972e-11
0.0121798
1.01091e-10
1.15323e-10
1.00318e-10
1.03218e-10
1.07574e-10
1.05699e-10
0.00225504
9.79832e-11
1.06604e-10
1.04909e-10
9.59379e-11
9.88524e-11
1.48504e-10
1.08705e-10
9.73836e-11
9.87332e-11
9.97962e-11
1.06096e-10
1.00227e-10
1.07113e-10
0.0015737
1.00759e-10
9.90879e-11
9.35272e-11
1.02541e-10
1.07516e-10
9.93966e-11
9.86365e-11
1.0383e-10
1.15054e-10
9.56597e-11
9.97783e-11
9.97687e-11
9.95083e-11
1.01889e-10
9.72204e-11
0.00065663
1.00874e-10
1.00645e-10
9.50363e-11
1.03135e-10
9.21145e-11
0.000712989
1.07126e-10
1.10261e-10
1.03223e-10
0.00110592
9.97726e-11
1.00103e-10
1e-10
1.04337e-10
1.45392e-10
9.86504e-11
0.000113546
0.0127377
0.00299078
8.40078e-11
0.000856751
9.87275e-11
0.196921
0.0599346
0.0490203
0.0144524
0.213548
0.181483
9.70823e-11
9.76383e-11
0.499294
0.121673
0.0689904
1.15025e-10
0.101024
0.0319728
1.11007e-10
1.06991e-10
9.94566e-11
1.05073e-10
1.05342e-10
1.01556e-10
0.00124088
1.00915e-10
9.60499e-11
1.0563e-10
0.0033872
1.02644e-10
9.5877e-11
1.00317e-10
1.03185e-10
1.14262e-10
1.10056e-10
9.69106e-11
1.13592e-10
1.03641e-10
1.06319e-10
1.02277e-10
0.759006
0.249117
1.14076e-10
1.14601e-10
1.18102e-10
8.69579e-11
9.97445e-11
9.54471e-11
1.34028e-10
0.000573971
0.000193806
1.215e-10
0.025
6.32702e-11
9.93576e-11
1.00805e-10
9.70138e-11
0.0125
7.9335e-11
1.11672e-10
1.03902e-10
0.00396223
1.05014e-10
9.84757e-11
0.0342073
1.02607e-10
0.0111868
0.00110109
1.11684e-10
1.04956e-10
1.05658e-10
1.13302e-10
1.1148e-10
1.07701e-10
0.00101765
9.91313e-11
1.01021e-10
7.58692e-11
8.81299e-11
8.35119e-11
0.0056673
9.4398e-11
1.00758e-10
0.160098
1.0221e-10
9.51593e-11
1.10277e-10
0.304021
0.0587055
0.0777746
1.02637e-10
0.0248146
9.36002e-11
9.25905e-11
1.0399e-10
1.04245e-10
1.12951e-10
9.95885e-11
9.89767e-11
9.3668e-11
9.61774e-11
1.00725e-10
1e-10
1.00227e-10
9.99922e-11
9.96066e-11
0.090515
0.194345
0.0244052
1.1128e-10
1.11901e-10
0.00288182
0.0426774
0.182461
1.31569e-10
0.0310108
0.0573994
0.0479626
9.8368e-11
1.04985e-10
0.172121
0.0224517
0.0712186
1.00351e-10
1.01559e-10
1.06608e-10
0.0327962
1.10583e-10
0.000775405
9.72733e-11
0.0143081
0.034864
9.95885e-11
1.05074e-10
9.79768e-11
9.94362e-11
0.183025
0.100689
9.79941e-11
1.07281e-10
0.173512
0.0988141
0.602763
0.131997
1.0755e-10
1.04766e-10
9.76165e-11
9.98639e-11
0.0684837
0.227766
9.74388e-11
1.06078e-10
9.96138e-11
1.05869e-10
0.0807189
0.0887981
0.210942
0.141972
0.153528
0.0969687
0.156041
0.205227
0.204105
0.296225
9.84883e-11
1.16973e-10
0.14966
1.07042e-10
9.26124e-11
1.01242e-10
1.00841e-10
1.0426e-10
8.70121e-11
1.42799e-10
9.70807e-11
0.000246789
1.01653e-10
6.34559e-05
1.05608e-10
1.01406e-10
0.00113567
1.00489e-10
9.98696e-11
0.000398761
2.72839e-10
9.11563e-11
1.01151e-10
1.00087e-10
0.0125
1.12724e-10
1.15547e-10
8.40372e-11
0.00142318
1.61393e-10
9.95215e-11
1.02962e-10
9.97979e-11
1.03547e-10
1.0687e-10
1.10319e-10
9.36578e-11
9.81443e-11
1e-10
0.000266885
1.0041e-10
1.00802e-10
1.04395e-10
0.000468977
1.01544e-10
1e-10
1.00001e-10
1.00664e-10
1.01196e-10
9.80084e-11
1.04565e-10
1.02823e-10
1.02526e-10
0.000380014
1.02735e-10
1.02606e-10
9.40947e-11
9.81009e-11
9.95028e-11
1e-10
1.00228e-10
9.79864e-11
9.82352e-11
1.02712e-10
9.85959e-11
1.008e-10
1.00095e-10
1.02885e-10
1.07803e-10
1.02103e-10
1.04605e-10
1.00399e-10
9.97968e-11
1.004e-10
1.00242e-10
9.95455e-11
1.0196e-10
1.04489e-10
1.14179e-10
9.54263e-11
9.82473e-11
1.0077e-10
9.8201e-11
1.01765e-10
1.0369e-10
1.01668e-10
9.53655e-11
1.01366e-10
9.60423e-11
1.00745e-10
1.01071e-10
1.00572e-10
9.8794e-11
1.00187e-10
1e-10
1.03468e-10
1.02927e-10
9.907e-11
1.02323e-10
1.00059e-10
9.99367e-11
9.91434e-11
1.00366e-10
9.98203e-11
1.00174e-10
1e-10
1e-10
9.98707e-11
1.00239e-10
9.99754e-11
9.63564e-11
7.57613e-11
1e-10
1e-10
1e-10
1.00859e-10
9.81625e-11
9.97791e-11
9.58374e-11
1e-10
9.8674e-11
9.95322e-11
9.98507e-11
1.00899e-10
1e-10
9.95235e-11
1.00879e-10
9.78463e-11
9.82099e-11
1.06701e-10
9.90624e-11
9.65961e-11
1.00692e-10
0.00147975
1.05946e-10
9.99432e-11
9.98727e-11
9.66348e-11
9.75714e-11
1.01147e-10
1.01022e-10
1e-10
9.94633e-11
9.87811e-11
1.03539e-10
9.61643e-11
1e-10
9.88179e-11
9.85877e-11
9.58025e-11
9.97625e-11
9.96148e-11
9.97769e-11
1e-10
8.21243e-11
0.000482585
1.0097e-10
1.01379e-10
1.02122e-10
9.65715e-11
1.01095e-10
1.003e-10
9.8145e-11
9.69133e-11
9.71382e-11
1.00256e-10
1.0074e-10
9.79253e-11
1.0188e-10
9.99578e-11
1.00581e-10
9.64736e-11
9.79624e-11
9.6558e-11
1.54495e-10
9.78153e-11
9.9018e-11
9.77224e-11
9.97465e-11
1.00114e-10
9.67524e-11
9.72973e-11
1.00949e-10
8.14661e-05
9.83451e-11
1.00341e-10
1.01117e-10
9.65448e-11
1.00834e-10
1.06383e-10
1.0534e-10
1.0691e-10
8.86022e-11
1.06886e-10
9.35014e-11
9.6005e-11
9.98767e-11
1.0656e-10
9.03812e-11
1.01655e-10
1.09345e-10
1.01001e-10
1.12048e-10
1.00041e-10
0.130798
0.239641
0.0468657
0.122268
0.328717
0.167592
0.264668
0.0758055
0.417587
0.574939
0.0974947
0.570675
0.638006
0.614651
0.0732456
0.125491
1e-10
0.0782416
0.0940403
0.0755268
0.156208
0.0838082
0.092558
0.0691817
0.0270726
0.142326
0.424287
0.414757
0.10611
0.182421
9.84668e-11
0.230958
0.0732428
0.0708131
0.0907659
0.0866794
0.112562
0.0649056
0.0688036
0.095303
0.103057
0.0882988
0.0881615
0.189416
0.0683165
0.0870403
9.49577e-11
9.84135e-11
1.00507e-10
9.98467e-11
9.99469e-11
0.00117084
1.00086e-10
9.94239e-11
1.00438e-10
9.99917e-11
1.07255e-10
0.000249903
0.402931
0.288076
0.421286
0.335775
0.153439
0.177419
0.0821166
0.0946265
0.00351064
9.93767e-11
9.83297e-11
9.92853e-11
1.04522e-10
9.77386e-11
1.02323e-10
1.08954e-10
1.0066e-10
1.01195e-10
9.67556e-11
1.11791e-10
9.81113e-11
9.90946e-11
1.01349e-10
0.00145725
1.05905e-10
9.9691e-11
1.03146e-10
9.93389e-11
9.86601e-11
1e-10
9.61915e-11
9.89787e-11
0.0831239
0.0860828
0.0923524
0.0948124
0.0722334
0.091347
0.182271
0.0799871
1.03185e-10
1.00601e-10
1.02211e-10
1.01175e-10
9.89597e-11
9.99976e-11
1.03955e-10
1.01351e-10
9.87517e-11
9.95118e-11
1.06555e-10
9.87653e-11
1.0143e-10
1.07652e-10
1.02767e-10
0.0368324
1.07908e-10
1.02992e-10
0.00664405
1.00508e-10
1.03628e-10
0.00302798
1.05764e-10
9.84573e-11
1.00999e-10
0.00481148
0.132979
1.00357e-10
9.50293e-11
1.01866e-10
9.95382e-11
9.65431e-11
9.80021e-11
9.85264e-11
9.92274e-11
1.0002e-10
9.78699e-11
1.01317e-10
0.101502
0.0910174
0.0889945
0.123514
0.088369
1.29107e-10
0.10742
0.0900836
0.113357
0.087779
0.0917003
0.0952863
0.0532055
0.0939329
0.0990021
0.186885
0.0824362
0.0631048
0.204355
1.02817e-10
0.0123699
0.115289
0.233388
0.112928
0.1975
9.88012e-11
1.0164e-10
1.00865e-10
9.67663e-11
0.0630759
9.96524e-11
0.281819
0.245986
0.120448
0.293577
0.130894
0.0836779
0.00055956
9.9305e-11
0.333959
1.00901e-10
0.072301
0.288846
0.356674
0.174998
0.0918646
0.0970213
0.166419
0.0930664
0.403649
0.190279
0.0791296
0.120137
0.155636
0.15591
0.093822
0.132532
0.278486
0.20193
0.0824613
0.0964634
0.155904
0.0699521
9.95543e-11
0.0817033
9.9082e-11
9.87716e-11
0.164861
0.13064
0.168809
0.220292
0.232425
0.170697
0.120879
0.24761
0.0256778
0.160123
1.0437e-10
0.24073
0.159733
0.125954
9.69514e-11
9.98629e-11
0.240598
9.53445e-11
9.97073e-11
0.0488678
1.00235e-10
0.00183141
1.02037e-10
0.00275981
9.73562e-11
1.0355e-10
1.0812e-10
1.05256e-10
9.86757e-11
9.67869e-11
9.96606e-11
9.80942e-11
9.94508e-11
9.85009e-11
9.6884e-11
9.46516e-11
9.77248e-11
1.07545e-10
9.73069e-11
9.17227e-11
1.05576e-10
1.12793e-10
0.000271002
9.46695e-11
0.1
0.143829
1.00385e-10
1.00012e-10
0.335232
0.0472243
0.190049
1.00178e-10
0.121956
0.128095
0.246583
0.0589654
9.86177e-11
1.01544e-10
0.00187273
0.156656
0.239921
0.192866
0.0312716
0.00104723
0.113649
9.93745e-11
0.0457113
0.174382
0.120672
0.247302
0.343838
0.138344
0.0683178
0.150641
0.287992
0.240282
0.168788
0.246626
0.383423
0.480996
0.431501
0.191402
0.301697
0.282777
0.387625
8.60427e-11
1.05005e-10
9.82596e-11
1.00063e-10
9.90535e-11
1.00387e-10
1.02278e-10
9.93812e-11
1.00624e-10
9.96367e-11
9.69145e-11
0.00100972
1.01839e-10
9.95859e-11
9.85503e-11
1.00337e-10
0.0514289
9.9243e-11
1.00832e-10
9.82106e-11
1.05936e-10
1.0006e-10
1.00392e-10
1.04898e-10
1.00094e-10
9.92621e-11
1.00007e-10
9.85723e-11
0.0525286
9.97494e-11
9.86381e-11
1e-10
0.0267274
1.00109e-10
9.87315e-11
9.83415e-11
1.03059e-10
1.10379e-10
9.87972e-11
9.81037e-11
9.75607e-11
1.08181e-10
9.84923e-11
9.90697e-11
1.01261e-10
1.02288e-10
9.83754e-11
9.63873e-11
9.92682e-11
9.90569e-11
1.01014e-10
9.96603e-11
1.03766e-10
1.03344e-10
1.11764e-10
0.0234537
1.00894e-10
1.00552e-10
9.93565e-11
1.01153e-10
1.00094e-10
9.79386e-11
1.01031e-10
9.65174e-11
9.96851e-11
0.00234778
9.96405e-11
9.92613e-11
9.78805e-11
9.9989e-11
9.97649e-11
1.0035e-10
9.96562e-11
1.0036e-10
1.00175e-10
9.56684e-11
9.98731e-11
1.0066e-10
9.96986e-11
9.95531e-11
1.01096e-10
1.00019e-10
1.00556e-10
9.99676e-11
9.81468e-11
9.96729e-11
9.97676e-11
9.97508e-11
1.01178e-10
1.01472e-10
9.93215e-11
9.3461e-11
1.0714e-10
1.39466e-10
9.98115e-11
9.65843e-11
1.37213e-10
1e-10
1.02896e-10
1.00032e-10
9.97798e-11
1.0244e-10
9.95136e-11
9.99738e-11
9.96237e-11
1.00106e-10
1.01235e-10
9.93448e-11
1.00116e-10
1.00244e-10
0.00864731
1.01928e-10
9.99717e-11
7.20139e-05
1.00105e-10
9.99238e-11
1.00343e-10
9.97911e-11
9.88624e-11
9.95284e-11
1.02241e-10
9.93836e-11
1.00791e-10
9.99362e-11
9.98778e-11
1.00574e-10
1.00106e-10
9.99007e-11
9.98162e-11
9.99604e-11
9.65809e-11
0.0211939
1.00283e-10
1.00003e-10
1.00084e-10
1.05099e-10
1.00044e-10
9.78603e-11
1.00521e-10
9.81828e-11
9.93314e-11
1.29735e-10
9.93589e-11
9.93653e-11
9.99074e-11
1.00985e-10
9.98429e-11
9.98415e-11
9.97778e-11
9.98129e-11
9.86762e-11
1.02774e-10
9.95913e-11
9.7694e-11
9.80827e-11
1.00008e-10
9.97667e-11
9.94936e-11
1.02502e-10
1.0315e-10
1.01512e-10
0.00643821
9.89482e-11
1.00119e-10
1.02319e-10
1.00015e-10
9.97467e-11
1.0318e-10
1.00552e-10
9.94075e-11
9.89674e-11
1.00657e-10
1.00235e-10
9.77273e-11
9.99571e-11
9.942e-11
9.94791e-11
9.90972e-11
1.0131e-10
9.78377e-11
0.00423439
1.00045e-10
9.97343e-11
9.99649e-11
1.00933e-10
9.9712e-11
9.98843e-11
9.97922e-11
1.02365e-10
9.9815e-11
1.00147e-10
9.98638e-11
9.7882e-11
9.97236e-11
9.98505e-11
1.00242e-10
9.91597e-11
1.00414e-10
9.84605e-11
1.00037e-10
1.00112e-10
9.95556e-11
0.00053587
1.00172e-10
0.00176672
0.0069636
9.95958e-11
1.01265e-10
9.98797e-11
9.98508e-11
9.88189e-11
1.00014e-10
9.99756e-11
9.9444e-11
1.00175e-10
9.9329e-11
1e-10
1.18294e-10
9.99135e-11
9.99121e-11
1.20616e-10
1.00078e-10
1.00112e-10
9.97093e-11
9.96523e-11
9.9143e-11
9.97856e-11
9.95455e-11
1.00099e-10
9.84346e-11
1.00501e-10
9.96617e-11
9.97345e-11
9.99635e-11
1.00182e-10
1e-10
9.98812e-11
9.7337e-11
1.09919e-10
1.00038e-10
9.98916e-11
1.00768e-10
1.01709e-10
9.98563e-11
1.10209e-10
1.00019e-10
1.00254e-10
9.97604e-11
1.00072e-10
9.98365e-11
9.99855e-11
1.00006e-10
1.01059e-10
1.00165e-10
1.00427e-10
1.00068e-10
1.0001e-10
9.98157e-11
1.00124e-10
9.88375e-11
9.99062e-11
1.00039e-10
1.12047e-10
1.0086e-10
1.00802e-10
1.00279e-10
1.00252e-10
1.00255e-10
1.00062e-10
9.98367e-11
1.06433e-10
1.01201e-10
1.00036e-10
1.02351e-10
9.84545e-11
9.95798e-11
9.97548e-11
9.94275e-11
9.95653e-11
1.00162e-10
9.95273e-11
1.00006e-10
9.74869e-11
1.00001e-10
1.00896e-10
1.01533e-10
9.97658e-11
9.77483e-11
9.94513e-11
1.00086e-10
1.00154e-10
1.0034e-10
1.00442e-10
1.00352e-10
9.98129e-11
1.00114e-10
1.00199e-10
1.01533e-10
1.00048e-10
1.08512e-10
1.00223e-10
9.99043e-11
1.00368e-10
1.00171e-10
1.00644e-10
1.03741e-10
9.98952e-11
1.14465e-10
1.0834e-10
1.08478e-10
1.00082e-10
1.03384e-10
9.99937e-11
1.00229e-10
9.99278e-11
1.0017e-10
9.97862e-11
1.00131e-10
9.95514e-11
9.76309e-11
9.93111e-11
9.91177e-11
1e-10
9.93094e-11
0.000219656
1.00232e-10
1.0022e-10
9.98758e-11
9.92118e-11
1.00029e-10
1.15986e-10
9.91807e-11
1e-10
1.03982e-10
1.00032e-10
9.79745e-11
1.04193e-10
1.0003e-10
1.00082e-10
1.00229e-10
9.93386e-11
1e-10
9.98184e-11
1e-10
9.98171e-11
9.99159e-11
1e-10
9.9562e-11
1.01719e-10
9.98566e-11
1.00875e-10
1.01818e-10
1.07245e-10
9.99043e-11
9.95055e-11
1.00106e-10
1.00161e-10
9.95264e-11
9.99696e-11
9.98901e-11
1.00251e-10
9.95447e-11
1.10192e-10
9.96073e-11
9.99336e-11
1.00548e-10
9.74105e-11
1.01322e-10
1.00215e-10
1.00256e-10
1.00023e-10
9.96443e-11
1.00943e-10
9.99826e-11
9.98049e-11
1.00007e-10
9.98709e-11
1.00246e-10
1.00534e-10
1.00084e-10
9.98595e-11
1.00466e-10
1.00013e-10
1.00532e-10
1.00006e-10
1e-10
9.99145e-11
1.01679e-10
1.0041e-10
9.96617e-11
1.00989e-10
9.98462e-11
9.99479e-11
1.00016e-10
9.98318e-11
9.92642e-11
1.00891e-10
9.50674e-11
1.00327e-10
1.00773e-10
1.01999e-10
9.97066e-11
9.99227e-11
1.01354e-10
1e-10
1.00234e-10
1.01962e-10
9.67347e-11
1e-10
1.02372e-10
1.00099e-10
1.0012e-10
1e-10
1e-10
1.00035e-10
9.99799e-11
9.94953e-11
1.00964e-10
9.96451e-11
9.97683e-11
9.99146e-11
1.0016e-10
9.94696e-11
9.9813e-11
1.05186e-10
1.09052e-10
1.00632e-10
1e-10
9.99856e-11
9.97998e-11
9.96403e-11
9.96754e-11
1.11955e-10
9.97527e-11
1.00746e-10
9.99763e-11
1.13661e-10
9.91595e-11
9.96006e-11
9.99476e-11
9.99956e-11
9.86348e-11
9.94999e-11
9.96127e-11
1.00512e-10
9.99991e-11
9.95694e-11
9.9528e-11
1.00696e-10
1.00605e-10
1.00106e-10
1.00279e-10
9.96311e-11
9.99936e-11
1.00313e-10
1.00072e-10
9.78258e-11
1.06428e-10
1.0405e-10
1.00738e-10
9.99005e-11
9.81033e-11
1e-10
1.00219e-10
1.00221e-10
1.00132e-10
1.04439e-10
9.72968e-11
9.98307e-11
9.99998e-11
9.94873e-11
9.93521e-11
9.96444e-11
1.00162e-10
9.80109e-11
1.00166e-10
9.99198e-11
1.00108e-10
1.00155e-10
1.02224e-10
1.00161e-10
9.95629e-11
9.94792e-11
1.00631e-10
1.03247e-10
1.04652e-10
1.01306e-10
9.98464e-11
1.00375e-10
1.01231e-10
1.00087e-10
9.99772e-11
1.00069e-10
9.90466e-11
0.146461
0.0841875
0.169147
9.71973e-11
0.0881527
0.1
0.0649147
0.0354723
9.24696e-11
0.188512
0.0798831
0.0947139
0.125029
0.0188566
9.98581e-11
0.1428
0.0492079
9.78762e-11
0.0199449
9.59708e-11
0.00942894
0.0909023
0.0414843
9.77945e-11
1.0235e-10
0.0320718
9.03983e-11
0.133558
0.202186
9.99167e-11
1.09534e-10
9.49518e-11
9.97442e-11
1.04219e-10
0.0963231
1.03624e-10
1.01138e-10
0.14975
0.0784103
0.0898149
0.123492
0.142978
0.145609
0.268269
9.7461e-11
9.91949e-11
9.33695e-11
9.50317e-11
1.01229e-10
9.67732e-11
0.018511
0.0867851
0.0464381
9.66783e-11
9.27848e-11
1.00225e-10
9.99182e-11
1.01728e-10
9.88787e-11
1.0669e-10
1.00027e-10
1.00104e-10
9.95871e-11
1.00153e-10
9.96246e-11
9.9017e-11
1.03008e-10
9.78393e-11
1.00741e-10
5.76759e-05
1.00204e-10
9.97962e-11
1.00121e-10
9.8007e-11
9.8648e-11
1.00155e-10
9.95895e-11
1.26335e-10
1.00015e-10
9.96102e-11
9.8921e-11
1.00415e-10
1.00752e-10
1.00306e-10
1.00038e-10
1.00445e-10
9.97239e-11
1.00663e-10
0.0958679
9.8846e-11
0.0923462
9.80097e-11
1.00172e-10
0.00613402
9.80619e-11
9.90445e-11
1.00217e-10
9.71432e-11
1.00337e-10
1.00127e-10
0.0426611
9.91365e-11
9.96974e-11
1.00301e-10
9.95846e-11
1.00062e-10
9.9661e-11
1.0073e-10
9.91649e-11
0.0069344
9.9831e-11
9.79357e-11
1.14805e-10
9.8037e-11
1.0393e-10
9.91088e-11
9.98777e-11
9.85095e-11
9.998e-11
9.9788e-11
9.89542e-11
1.05482e-10
9.99993e-11
9.97506e-11
9.97898e-11
0.000146304
1.00112e-10
1.02366e-10
1.0333e-10
1.03972e-10
9.95427e-11
0.089726
9.90572e-11
1.00041e-10
0.0189374
9.6296e-11
9.92969e-11
0.00138631
1.01718e-10
0.0543337
9.69163e-11
1.02135e-10
9.93314e-11
9.81548e-11
1.02786e-10
1.06507e-10
1.00626e-10
9.88189e-11
1.00137e-10
1.01121e-10
9.70587e-11
0.0838149
9.94353e-11
1.18365e-10
1.07642e-10
0.0858075
9.88067e-11
9.94044e-11
1.00451e-10
1.00902e-10
9.99274e-11
0.0819546
9.75005e-11
1.06308e-10
9.98362e-11
0.000329015
0.0861709
0.0218147
9.9626e-11
0.0881939
1.01856e-10
9.89916e-11
0.0902653
0.0868683
9.98016e-11
0.0178551
1.01948e-10
1.00376e-10
1.00781e-10
1.0034e-10
0.0093446
0.00589943
9.85525e-11
0.00365039
1.02006e-10
1.01481e-10
1.02047e-10
1.53431e-10
9.91658e-11
0.0968113
0.0422332
0.089502
9.99859e-11
9.75712e-11
1.05441e-10
0.0602015
0.0992685
1.01633e-10
0.0867531
0.0686279
1.02565e-10
9.67446e-11
1.0309e-10
9.84019e-11
9.87683e-11
0.0192704
0.0873104
0.0877407
1.01405e-10
1.01632e-10
0.0322497
0.0999448
0.0447061
1.01212e-10
0.0767188
0.050204
0.0957858
0.0810303
0.0868283
1.03119e-10
0.0859141
1.04542e-10
0.0871271
1.02679e-10
0.0874874
9.99146e-11
0.0843548
0.0666716
0.00733451
1.04436e-10
0.0989103
0.0917881
0.0985588
0.00121178
1.04793e-10
1.01303e-10
1.20363e-10
1.0883e-10
0.0472663
9.37679e-11
0.0609337
1.023e-10
0.0462165
9.68463e-11
1.00522e-10
1.01551e-10
0.00065225
0.029809
0.00622361
9.43307e-11
0.0082956
9.96561e-11
9.83388e-11
0.00321213
0.0910424
1.06504e-10
0.0283674
9.58338e-11
0.0275291
0.0905058
9.46684e-11
0.0264003
1.0414e-10
1.01495e-10
1.12986e-10
1.0819e-10
0.00126649
0.0391062
0.0585859
9.76079e-11
0.0866731
0.0331565
1.15125e-10
9.66784e-11
0.0822627
1.02746e-10
0.0604311
0.0864962
0.0904279
0.095409
9.35083e-11
9.5871e-11
9.31911e-11
0.0179245
9.95934e-11
9.69541e-11
9.9196e-11
1.00098e-10
9.68238e-11
1.01136e-10
0.000563971
9.79565e-11
1.07579e-10
1.0001e-10
4.31389e-05
9.99134e-11
1.05306e-10
1.07095e-10
1.02552e-10
0.0397724
9.83714e-11
2.16975e-10
9.82786e-11
9.55705e-11
1.01917e-10
9.86726e-11
1.01855e-10
0.00605561
9.74623e-11
9.97687e-11
9.66414e-11
1.02897e-10
9.76415e-11
1.25952e-10
1.12792e-10
1.00058e-10
1.06935e-10
0.0884787
0.0969729
0.0540731
9.50742e-11
1.01654e-10
0.0960519
1.01181e-10
0.095821
1.00585e-10
0.048709
0.0333087
0.086891
0.0911446
1.01414e-10
1.02878e-10
0.00813999
1.06409e-10
9.92412e-11
0.0957879
0.0951299
0.0861315
9.98381e-11
9.99989e-11
1.00454e-10
1.0237e-10
1.07982e-10
1.03981e-10
9.65183e-11
1.30481e-10
9.97732e-11
0.00838179
9.93556e-11
9.96897e-11
0.0117819
0.0618039
0.00539923
9.89096e-11
1.07602e-10
0.307227
0.351745
0.30949
9.47569e-11
9.98489e-11
0.000297741
1.05144e-10
1.0308e-10
1.07247e-10
1.00741e-10
9.99361e-11
9.866e-11
0.001498
9.99826e-11
9.98577e-11
1.00145e-10
9.98879e-11
1.00007e-10
1.01268e-10
1.00283e-10
9.95683e-11
9.99086e-11
9.98323e-11
1.05038e-10
9.96875e-11
1.00024e-10
9.94261e-11
1.00036e-10
0.00110155
1.00163e-10
1.00382e-10
9.89773e-11
9.96875e-11
1.00015e-10
1.00183e-10
1.03256e-10
1.00192e-10
9.97738e-11
1.00023e-10
9.78872e-11
9.93895e-11
9.45199e-11
9.67217e-11
9.73046e-11
9.99661e-11
9.94731e-11
0.00474494
9.7567e-11
1.11629e-10
9.98095e-11
1.11992e-10
1.14543e-10
0.021465
