0.00226752
0.0567853
0.0084584
1.05516e-10
0.000507579
0.107168
0.0443492
0.0250057
0.00492378
0.0507345
0.0811582
0.0784813
0.00292337
0.102679
0.0313417
0.0889534
0.0265216
9.89863e-11
1e-10
0.000899674
0.0533645
1.00526e-10
1.07065e-10
0.000456439
1.45333e-10
0.0439622
0.0677243
0.0525569
9.24542e-11
1.00768e-10
0.00111911
0.915586
8.75185e-11
0.013419
0.602936
9.7565e-11
1.01905e-10
0.0734189
9.66288e-11
1.16941e-10
8.3644e-11
0.00321375
1.02945e-10
0.00475287
0.715371
1.03144e-10
0.505883
0.542129
0.0223244
0.0326338
0.0246296
0.175758
0.177332
0.025085
0.00528555
0.421413
0.525611
0.0570484
0.862675
0.0796071
0.0376646
0.0919991
0.907274
0.1
0.600125
0.0081748
9.54223e-11
0.0803505
0.00160539
0.0361887
1.07191e-10
9.60717e-11
9.34368e-11
1.06888e-10
1.00165e-10
1.00162e-10
1.02099e-10
9.971e-11
1.02528e-10
0.0535741
1.11956e-10
1.01585e-10
0.472908
0.0247381
0.42055
0.191581
9.70407e-11
1.01086e-10
0.00996347
9.83725e-11
0.0328404
1.01084e-10
0.00132754
1.0078e-10
9.15339e-11
0.00885578
1.05657e-10
1.00509e-10
0.000357979
0.0844469
1.00769e-10
0.00474535
0.0995789
0.0138451
9.833e-11
1.13573e-10
0.0581512
0.0220774
0.249585
1.02446e-10
9.67463e-11
9.68665e-11
0.306411
0.629245
1.01359e-10
0.00509146
0.000916502
9.42998e-11
0.0808886
0.71371
1.44159e-10
9.94658e-11
9.81464e-11
9.79473e-11
0.0646425
0.0578792
9.82413e-11
0.0977477
0.409164
0.0726102
9.66524e-11
0.000675142
9.82157e-11
1.05283e-10
9.96927e-11
1.01344e-10
1.0073e-10
7.82861e-11
9.45822e-11
9.95157e-11
9.98077e-11
1.01183e-10
9.64785e-11
9.7396e-11
0.989885
1.33011e-10
0.00249519
0.0653134
0.0623974
0.0666912
1.14059e-10
0.122897
1.02383e-10
0.0505938
0.0524411
0.0736053
9.8394e-11
9.50297e-11
1.00062e-10
1.00846e-10
0.255936
9.79409e-11
1e-10
9.60046e-11
0.438527
1.01797e-10
1.04512e-10
1.04948e-10
1.00183e-10
0.085956
0.269532
9.94871e-05
1.00162e-10
5.76883e-05
1.00252e-10
9.56047e-11
0.00280544
0.0204519
9.97289e-11
9.94817e-11
1.01305e-10
0.0379113
9.04436e-11
1.80733e-10
0.236052
0.0772256
0.670456
1.02814e-10
0.105446
1.56043e-10
1.03319e-10
1.66429e-10
0.00678969
0.0968601
1.00798e-10
0.0248369
5.60761e-05
0.0540351
1.01314e-10
0.0712881
0.253879
0.0861866
0.370092
0.0490873
0.442109
1e-10
0.0651715
0.0538082
1.01365e-10
0.715644
0.0998504
9.97884e-11
0.505804
9.96595e-11
9.65316e-11
0.753717
0.618473
0.296277
0.0188974
0.138139
9.7095e-11
6.92332e-11
0.0749395
9.76627e-11
1.00579e-10
9.83881e-11
1.09471e-10
1.01135e-10
1.0351e-10
0.908832
1e-10
1.00144e-10
1.0107e-10
1.00615e-10
1.01375e-10
9.10014e-11
0.00532864
1.02077e-10
0.0978592
1.0284e-10
1.1364e-10
1.01257e-10
1.0502e-10
0.419659
1.26027e-10
1.012e-10
1.01247e-10
9.50134e-11
1.12557e-10
0.0466639
0.109803
9.7765e-11
0.0687973
9.5664e-11
1.06116e-10
1.01898e-10
0.0686833
1.03237e-10
1.14024e-10
0.9
0.751875
9.71372e-11
1.02198e-10
0.334458
0.0490254
9.75768e-11
0.0303407
1.00312e-10
0.651638
0.354568
1.01571e-10
1.0111e-10
0.162075
9.62328e-11
1.017e-10
9.97273e-11
1.03435e-10
0.00777043
1.00108e-10
0.474686
1.1333e-10
0.494506
0.0811342
9.82134e-11
1.19447e-10
0.000431685
1.00855e-10
0.29213
1.0033e-10
1.1397e-10
0.14627
1.04834e-10
0.317448
9.39104e-11
0.0336832
0.0570744
0.624441
0.0770859
0.00226847
1.01535e-10
9.54402e-11
9.96787e-11
0.0179016
9.79387e-11
9.41212e-11
1.00768e-10
9.76986e-11
9.98462e-11
1.00183e-10
0.413481
0.133865
9.797e-11
0.0125
1.01458e-10
0.00224056
9.71882e-11
0.00839749
1.09115e-10
9.78442e-11
9.08817e-11
1.0304e-10
9.58404e-11
1.00784e-10
1.01678e-10
1.021e-10
9.92721e-11
9.61562e-11
0.0889478
1.17436e-10
0.909167
9.59313e-11
1.10691e-10
0.45781
0.0401447
1.01839e-10
0.208395
9.48032e-11
0.185424
9.79908e-11
9.89976e-11
1.00268e-10
0.0886491
1.02755e-10
1.09062e-10
1.00067e-10
9.62915e-11
9.71482e-11
0.086257
0.017105
0.00096005
1.00748e-10
0.0999469
9.85544e-11
0.0024559
0.0194202
1.02484e-10
9.51357e-11
0.119407
0.00180954
9.5202e-11
1.11047e-10
0.0766951
9.68634e-11
0.162122
0.128726
0.0742568
0.00277319
0.0102607
9.7973e-11
1.07512e-10
0.00285741
9.6664e-11
1.01475e-10
1.01694e-10
9.89334e-11
1.06135e-10
0.693513
1.02943e-10
1.00109e-10
0.244136
0.193815
9.919e-11
0.0162113
0.221906
0.136289
1.04064e-10
0.4
1.00991e-10
9.97344e-11
0.04017
9.95242e-11
9.87582e-11
0.0265889
1.06795e-10
0.0779443
0.07153
9.80325e-11
1.01475e-10
0.073244
9.688e-11
1.04004e-10
0.000942363
0.0223072
0.657457
0.399497
0.61572
0.700944
0.744129
0.828051
0.332464
0.0381615
0.814407
0.742973
0.0345963
0.000974849
1.01038e-10
0.0494542
9.76418e-11
0.0798537
9.99862e-11
1.03445e-10
0.298646
0.0721651
0.0016027
9.92977e-11
0.0354631
0.016743
9.44611e-11
0.0246416
9.71939e-11
9.83076e-11
9.98501e-11
9.15974e-11
0.029566
0.0715872
0.0385817
9.68641e-11
1.22975e-05
9.61428e-11
0.00114982
0.000564036
1.11856e-10
1.05025e-10
0.0406538
0.0163431
0.000415947
9.95811e-11
0.116053
0.0473762
0.0512486
0.000523128
0.00066412
1.03198e-10
0.0667335
0.058037
0.129953
0.00743337
0.0969914
0.0115741
9.59441e-11
0.0485241
0.0377272
0.0421226
0.0132965
0.0200043
0.331955
0.417305
9.56566e-11
0.0163104
0.00211942
0.0233462
9.75948e-11
0.00439987
1.01764e-10
9.58732e-11
0.000182338
0.105602
1.02923e-10
0.0262775
0.00691615
9.06672e-11
1.02451e-10
9.73263e-11
0.05709
1.00372e-10
0.706177
0.0101321
0.0370048
0.0323231
0.0954849
0.0167128
0.0346063
0.0112426
0.00178359
1.02258e-10
0.0154459
0.0457697
0.0303062
0.0291001
0.00856321
0.00610161
0.000506691
0.0672397
9.58054e-11
0.0810924
0.0363449
9.73673e-11
9.16632e-11
0.0376414
0.033362
9.60406e-11
0.0112805
0.16267
0.0894637
0.00886983
0.0854607
0.0170309
0.0125048
9.72226e-11
0.411022
0.100235
0.0758256
0.169872
0.0051833
0.16374
9.69124e-11
0.076843
0.0611153
0.136843
0.022484
0.0679876
0.35379
0.331166
0.344924
0.391335
0.285127
0.323554
0.577602
0.506155
9.28943e-11
9.05336e-11
0.348747
0.0389418
0.780823
0.0170882
0.278227
0.0342994
0.663699
0.258887
0.00360941
0.350225
0.297608
0.443524
0.570931
0.0724004
0.316145
0.35909
0.0459255
0.0218619
1.1393e-10
0.150826
1.04463e-10
9.7806e-11
9.77919e-11
0.0097803
6.51974e-11
9.71227e-11
9.63553e-11
9.21258e-11
0.251612
0.055524
0.870434
0.154232
0.00160166
9.99679e-11
0.204079
0.0832077
0.731559
0.0202656
0.690318
0.298835
0.766141
0.0867476
0.00377739
0.0114187
1.06211e-10
0.00296306
0.0147148
9.99069e-11
0.0845647
0.0229504
9.98843e-11
9.9808e-11
0.00938655
9.35409e-11
0.00112245
0.00206309
3.64568e-05
1.58918e-05
9.95212e-11
1.00073e-10
1e-10
9.31893e-11
0.0512247
9.93262e-11
9.44688e-11
0.00164079
9.99615e-11
0.0558941
0.0193825
1e-10
9.98648e-11
1e-10
9.82683e-11
1.00587e-10
0.0532244
0.0142431
1.01684e-10
9.96651e-11
9.54963e-11
9.95798e-11
1.00673e-10
9.61927e-11
0.0890578
9.66626e-11
0.0132486
0.00547492
0.0287209
9.47015e-11
0.00960339
9.98292e-11
1.00927e-10
1.00257e-10
0.052129
9.96392e-11
9.96694e-11
9.46872e-11
0.00514627
6.93944e-11
0.000852762
1e-10
9.97798e-11
9.99866e-11
9.97001e-11
9.98579e-11
1.00377e-10
9.88475e-11
1e-10
1.21422e-05
9.89118e-11
1.11914e-10
1.00872e-10
9.99963e-11
0.0054272
1.0293e-10
9.90205e-11
0.00200291
9.54604e-11
0.00060028
9.82252e-11
9.89803e-11
9.87262e-11
1.07131e-10
1.0014e-10
1.09935e-10
1.08135e-10
9.4656e-11
0.0288698
1.0018e-10
9.50041e-11
9.97448e-11
9.90837e-11
1.03682e-10
1.00293e-10
9.94926e-11
0.000573842
9.95235e-11
1.43189e-05
0.0267026
0.00294321
0.0211097
0.0554606
4.39065e-05
9.89995e-11
9.96666e-11
9.96016e-11
1.01092e-10
0.00132246
0.000105983
0.0107018
1.02903e-10
0.0321836
1e-10
9.775e-11
0.0716997
9.99554e-11
0.00374891
1.0264e-10
9.55298e-11
0.0489804
9.78762e-11
9.25781e-05
9.8219e-11
0.000923221
9.84176e-11
0.0579176
0.00260794
0.000304536
9.96958e-11
1e-10
9.48113e-11
9.87173e-11
9.96319e-11
9.68675e-11
9.92533e-11
9.73987e-11
9.86247e-11
1.0514e-10
9.40848e-11
9.68342e-11
0.0350551
0.0953097
0.00307439
9.7429e-11
0.07471
0.00261103
9.21438e-11
9.87196e-11
0.0181261
1.12247e-10
9.61181e-11
0.0200594
1.13234e-10
1.13255e-10
9.77178e-11
1.00659e-10
1.05317e-10
0.00661267
9.6802e-11
9.62242e-11
0.0168048
9.39515e-11
9.70391e-11
9.90349e-11
9.69439e-11
9.35297e-11
1.07214e-10
9.59607e-11
1.14407e-10
0.0575048
9.75184e-11
1.07181e-10
1.05801e-10
9.6361e-11
9.5688e-11
1.0406e-10
1.03509e-10
1.01479e-10
1.12415e-10
9.71954e-11
1.02362e-10
1.04947e-10
1.01425e-10
1.03528e-10
1.03094e-10
9.17746e-11
1.00586e-10
1.01409e-10
1.02635e-10
1.09851e-10
0.00763046
1.07444e-10
1.01863e-10
1.04441e-10
1.03945e-10
9.4639e-11
9.49092e-11
1.09292e-10
9.76275e-11
1.02777e-10
1.04432e-10
1.39943e-10
9.99553e-11
9.57633e-11
1.01242e-10
1e-10
9.82786e-11
1e-10
9.95988e-11
1.02223e-10
1e-10
1.03341e-10
9.91132e-11
1e-10
1.02475e-10
1.00061e-10
9.58795e-11
1e-10
9.94954e-11
2.2398e-05
9.89975e-11
9.73238e-11
9.48456e-11
9.80127e-11
1.00316e-10
1.00026e-10
9.99414e-11
1.00917e-10
1.03413e-10
9.87274e-11
1.13268e-10
1.00677e-10
9.8558e-11
9.997e-11
9.82003e-11
1.00014e-10
9.67402e-11
1.00631e-10
9.7297e-11
1.17771e-10
0.0539661
9.99035e-11
1.01149e-10
1.02513e-10
9.99869e-11
1.00086e-10
9.99211e-11
9.14595e-11
9.82504e-11
9.83151e-11
0.0280475
1.07368e-10
9.70203e-11
9.63903e-11
9.72169e-11
9.4074e-11
1.03901e-10
0.0264424
1.00708e-10
1.07016e-10
9.9036e-11
1.02292e-10
1.02148e-10
9.39055e-11
1.0591e-10
9.61012e-11
1.01167e-10
0.0584374
9.83831e-11
1.03779e-10
1.05814e-10
1.0343e-10
1.0169e-10
1.03615e-10
1.02491e-10
1.12118e-10
1.09683e-10
1.03034e-10
9.76242e-11
1.08036e-10
1.08615e-10
1.05158e-10
1.1438e-10
1.0205e-10
1.04431e-10
1.02236e-10
1.05793e-10
0.000169987
9.7205e-11
1.06271e-10
9.90866e-11
9.53808e-11
9.18251e-11
1.00317e-10
1.10109e-10
1.05791e-10
1.03272e-10
1.04752e-10
1.08241e-10
1.02425e-10
1.00257e-10
9.92487e-11
1.06534e-10
0.0314991
0.687646
1.02321e-10
1.01384e-10
0.674491
0.656845
1.01967e-10
0.719252
0.916994
1e-10
0.6916
9.35086e-11
0.050157
0.0373033
1.00193e-10
9.40403e-11
1.07865e-10
1.21683e-10
9.42984e-11
1.11275e-10
1.05131e-10
1.04044e-10
9.77e-11
9.05894e-11
9.55073e-11
9.6139e-11
1.16261e-10
1.15634e-10
9.99692e-11
1.04371e-10
1.01058e-10
1.08852e-10
1.0143e-10
9.74608e-11
9.27708e-11
9.60219e-11
9.08201e-11
9.55052e-11
9.3874e-11
1.04199e-10
9.33516e-11
9.58565e-11
1.08841e-10
1.03633e-10
9.62512e-11
9.73052e-11
9.56613e-11
1.11064e-10
1.06581e-10
9.62604e-11
9.83842e-11
1.11702e-10
9.98582e-11
1.04275e-10
9.79306e-11
1.00253e-10
1.06457e-10
9.75939e-11
1.12795e-10
9.37516e-11
9.77742e-11
9.75661e-11
1.06619e-10
9.84194e-11
9.68096e-11
1.14053e-10
9.76313e-11
1e-10
9.42727e-11
9.95562e-11
8.82116e-11
9.77926e-11
1.03163e-10
1.02901e-10
9.67125e-11
1.01567e-10
1.0954e-10
1.08021e-10
1.03818e-10
9.81894e-11
9.56948e-11
5.52451e-06
9.15037e-11
9.5846e-11
9.72526e-11
9.69376e-11
9.79023e-11
3.83434e-05
9.63673e-11
9.58572e-11
1.07813e-10
9.74057e-11
9.58073e-11
1.06058e-10
9.4765e-11
8.79462e-11
9.68889e-11
9.55087e-11
9.61148e-11
8.29963e-05
1.01816e-10
1.09327e-10
9.61347e-11
1.0757e-10
1.21816e-10
0.00171281
9.92541e-11
9.64203e-11
9.52152e-11
9.56179e-11
1.0338e-10
1.17016e-10
9.92393e-11
1.07439e-10
1.07458e-10
1.15288e-10
9.73617e-11
1.29002e-10
1.01753e-10
9.52902e-11
9.38961e-11
1.01946e-10
9.62585e-11
9.72882e-11
1.00124e-10
9.8362e-11
9.31844e-11
9.70954e-11
9.3828e-11
1.0511e-10
9.2602e-11
1.05757e-10
1.01072e-10
1.15011e-10
1.01172e-10
9.94847e-11
9.41177e-11
9.75139e-11
9.6388e-11
9.31409e-11
9.04959e-11
9.80617e-11
8.37457e-11
9.956e-11
9.20897e-11
9.98116e-11
9.79222e-11
9.94095e-11
1.00057e-10
0.00107961
1.00884e-10
9.60817e-11
9.88302e-11
0.00255908
9.85376e-11
9.91201e-11
1.0002e-10
9.98604e-11
1.91879e-05
9.71717e-11
9.4565e-11
1e-10
1.00413e-10
9.89252e-11
9.66145e-11
9.98188e-11
9.63248e-11
1.00239e-10
9.70914e-11
9.76432e-11
1.00781e-10
9.56451e-11
9.95822e-11
9.85121e-11
5.92769e-05
1.77059e-10
1.07567e-10
1.01868e-10
1e-10
1.01457e-10
1.71431e-10
1.21975e-10
4.96269e-05
1.06962e-10
1.00415e-10
1.02794e-10
1.66509e-10
1.0288e-10
0.00144178
1.04631e-10
9.48933e-11
1.02092e-10
9.69245e-11
1.02195e-10
1.01946e-10
1.02211e-10
1.00628e-10
1.01459e-10
1.02861e-10
1.01065e-10
1.01042e-10
9.67692e-11
9.75579e-11
1.0033e-10
1.12426e-10
9.79408e-11
0.00192997
1.0084e-10
9.78474e-11
1.03096e-10
1.01437e-10
1.00474e-10
9.8105e-11
1.044e-10
8.61978e-11
9.60348e-11
8.5709e-11
1.06807e-10
1.02788e-10
1.01548e-10
1.01322e-10
1.01514e-10
1.12796e-10
1.94301e-10
9.86018e-11
3.52177e-06
9.45334e-11
9.49661e-11
1.03198e-10
1.01387e-10
9.51614e-11
9.78468e-11
9.96214e-11
9.50991e-11
9.67941e-11
9.40655e-11
9.7199e-11
1.18288e-10
9.72588e-11
9.37649e-11
9.51728e-11
9.57556e-11
9.56289e-11
9.17655e-11
1.04794e-10
9.9179e-11
9.74483e-11
9.16485e-11
9.99943e-11
1.0458e-10
1.27144e-10
9.73035e-11
9.95728e-11
1.05456e-10
9.26828e-11
1.11182e-10
9.33422e-11
9.99886e-11
9.84797e-11
1.05734e-10
9.80213e-11
1.01623e-10
1.15212e-10
1.02505e-10
1.00413e-10
1.12199e-10
9.86137e-11
1.01471e-10
9.65108e-11
1.00219e-10
1.06969e-10
1.01153e-10
1.23806e-10
9.72574e-11
1.07268e-10
1.04877e-10
9.63845e-11
9.82695e-11
9.4294e-11
9.9075e-11
9.71559e-11
1.00384e-10
9.49426e-11
1.03599e-10
9.8983e-11
1.00742e-10
8.93515e-11
1.01753e-10
1.04051e-10
1.03548e-10
1.02964e-10
1.01539e-10
9.7177e-11
1.01313e-10
1.00927e-10
1.0518e-10
9.29257e-11
9.76861e-11
9.39948e-11
9.73418e-11
1.15725e-10
1.10896e-10
1.03389e-10
1.1034e-10
9.90991e-11
1.02174e-10
9.96554e-11
1.00168e-10
9.56962e-11
9.18009e-11
1.01388e-10
1.03992e-10
1.01632e-10
1.02688e-10
1.0144e-10
1.11658e-10
1.07975e-10
1.02043e-10
1.03536e-10
1.1096e-10
1.07949e-10
1.14785e-10
1e-10
1.00763e-10
1.00075e-10
1.00053e-10
9.98297e-11
9.97547e-11
9.88118e-11
9.28223e-11
9.99316e-11
1.01244e-10
9.52431e-11
1e-10
0.1
1.00049e-10
1.01168e-10
1.03355e-10
2.38706e-10
9.80411e-11
9.29388e-11
9.52348e-11
9.95288e-11
9.96848e-11
3.96972e-06
1.13062e-10
1.06751e-10
9.65981e-11
9.05991e-11
1.00279e-10
9.86359e-11
1.73332e-10
1.11425e-10
1.07102e-10
1e-10
9.02161e-11
9.61909e-11
9.99948e-11
2.77044e-10
1.06671e-10
9.63528e-11
1.09227e-10
9.8053e-11
1.09023e-10
9.4241e-11
8.77895e-11
8.77052e-11
8.65574e-11
9.68602e-11
1.04659e-10
1.73109e-10
1.03815e-10
9.42458e-11
1.18564e-10
1.01617e-10
1.18771e-10
9.87043e-11
1.12979e-10
9.97291e-11
1.06471e-10
1.10203e-10
9.69753e-11
9.67543e-11
1.01333e-10
1.09406e-10
1.02029e-10
1.0427e-10
9.9957e-11
9.54877e-11
0.00426044
1.00082e-10
5.41676e-11
1.00015e-10
0.000624539
1.00836e-10
1.08142e-10
1.01894e-10
1.01515e-10
1.0052e-10
1.05914e-10
9.28338e-11
0.00674869
9.88038e-11
1.72022e-10
9.64404e-11
1.01335e-10
1.00902e-10
1.00876e-10
1.02656e-10
9.74266e-11
1.02394e-10
9.60157e-11
9.75431e-11
9.95191e-11
9.84431e-11
9.97287e-11
1.32259e-10
9.63153e-11
0.0350691
1.02132e-10
0.000358981
0.0203401
9.97137e-11
9.86114e-11
9.31371e-11
1.01583e-10
1.02626e-10
1.05116e-10
0.0115979
9.86547e-11
1.04429e-10
1.02964e-10
9.43574e-11
9.76295e-11
1.17759e-10
1.01711e-10
9.50583e-11
0.000458732
0.00245429
0.0695511
1.18413e-10
1.01143e-10
1.0337e-10
1.03909e-10
0.00185083
1.10077e-10
9.95409e-11
9.47555e-11
9.57634e-11
1.09789e-10
9.72798e-11
2.33065e-06
9.60449e-11
9.67488e-11
1.03741e-10
9.83356e-11
9.67932e-11
9.98532e-11
9.79824e-11
9.9894e-11
1.098e-10
1.04577e-10
9.98704e-11
9.73808e-11
1.06588e-10
9.51268e-11
1.0849e-10
9.31459e-11
1.02541e-10
9.73253e-11
9.81611e-11
9.97587e-11
1.03827e-10
9.99453e-11
1.07126e-10
1.03229e-10
1.04423e-10
9.62846e-11
9.78816e-11
1.00259e-10
1.00928e-10
1.00593e-10
1.05242e-10
9.96002e-11
9.98893e-11
1.03544e-10
1.0501e-10
1.04455e-10
9.87368e-11
1.13071e-10
1.09155e-10
1.02695e-10
9.99597e-11
1.0457e-10
1.0184e-10
6.624e-05
9.68383e-11
1.05498e-10
9.98894e-11
9.90551e-11
1.02384e-10
1.01282e-10
1.0226e-10
0.0180537
1.00003e-10
1.01609e-10
9.98058e-11
1.05231e-10
1.04878e-10
9.83163e-11
1.02635e-10
1.01148e-10
1.23754e-10
1.00764e-10
9.89802e-11
1.02417e-10
1.04426e-10
1.14581e-10
1.05851e-10
1.89681e-10
0.000690551
1.0599e-10
9.64986e-11
9.38918e-11
1.04105e-10
9.97086e-11
9.87498e-11
1.14354e-10
9.74728e-11
9.81949e-11
1.00239e-10
9.88212e-11
1.0258e-10
1e-10
9.80406e-11
1.00581e-10
9.78147e-11
9.99109e-11
1.06706e-10
8.14988e-10
9.97105e-11
1.23364e-10
1e-10
9.86975e-11
1.0202e-10
9.75425e-11
1e-10
1.00382e-10
1.0256e-10
9.98299e-11
1e-10
1.01284e-10
9.79004e-11
9.99726e-11
0.000460242
1e-10
9.42774e-11
1.10894e-10
9.99377e-11
1.0018e-10
9.97103e-11
9.98413e-11
1.0038e-10
1.03732e-10
9.86703e-11
9.79456e-11
9.88995e-11
9.99495e-11
1.04421e-10
9.98879e-11
9.91217e-11
9.64075e-11
9.87668e-11
1.01972e-10
9.76586e-11
9.98326e-11
1.00072e-10
1.0054e-10
9.91714e-11
1.00423e-10
1.07443e-10
6.69314e-11
1.0524e-10
9.98804e-11
1.04036e-10
9.81137e-11
9.79817e-11
1.06171e-10
9.3607e-11
1.06501e-10
1.07604e-10
1.03613e-10
9.7011e-11
9.79931e-11
1.03801e-10
1.03781e-10
1.12821e-10
1.00587e-10
9.74943e-11
1.04716e-10
9.69384e-11
9.78565e-11
9.45998e-11
1.04506e-10
0.0293154
9.75515e-11
1.03567e-10
1.01434e-10
1.00533e-10
1.04927e-10
0.0824572
0.0413163
0.00818548
0.0409997
9.80058e-11
9.65748e-11
9.5335e-11
9.68279e-11
9.49632e-11
9.79122e-11
0.0707616
0.0160601
0.072915
0.056889
0.00420727
9.75879e-11
0.0300986
9.68052e-11
9.95178e-11
9.89651e-11
9.79577e-11
9.67485e-11
1.03105e-10
1.01719e-10
1.00057e-10
1.06032e-10
1.02606e-10
1.03461e-10
1.02307e-10
1.00035e-10
1.00021e-10
1.02036e-10
1.018e-10
1.01126e-10
1.00316e-10
9.11337e-11
9.54158e-11
7.31708e-11
1.08642e-10
1.04175e-10
1.08618e-10
9.5343e-11
9.88727e-11
9.85358e-11
9.73764e-11
1.05555e-10
8.6681e-11
8.82224e-11
9.15123e-11
1.62216e-05
1.02665e-10
1.34503e-10
9.57374e-11
9.69522e-11
9.11381e-11
9.4441e-11
9.16037e-11
8.62427e-06
9.60782e-11
9.77002e-11
4.18165e-10
9.91032e-11
9.51394e-11
3.19919e-09
1.41749e-10
1.55963e-10
1.57148e-10
9.82518e-11
9.53584e-11
1.8888e-10
1.13002e-10
1.14567e-10
9.96713e-11
9.882e-11
9.94752e-11
9.84719e-11
1e-10
0.0186207
9.96085e-11
9.92807e-11
9.92391e-11
1e-10
9.57136e-11
9.83502e-11
1.01208e-10
9.75391e-11
0.0572625
9.93839e-11
9.93757e-11
1.11287e-10
1.02087e-10
9.74261e-11
1.01654e-10
9.88383e-11
9.87461e-11
9.66759e-11
1.06141e-10
0.00887556
1.04042e-10
1.05085e-10
1.12353e-10
9.83367e-11
1.05157e-10
1.13827e-10
1.04252e-10
9.55802e-11
0.0486717
0.0528198
0.0866408
9.93625e-11
0.00300069
1.12023e-10
0.0742976
9.78983e-11
0.0753301
9.6741e-11
0.0300158
0.0549913
0.0876907
9.8803e-11
0.0608488
1.00466e-10
1.05796e-10
1.02209e-10
9.75246e-11
9.66952e-11
9.90224e-11
9.15768e-11
9.16863e-11
9.53438e-11
9.09808e-11
9.64009e-11
7.53332e-11
1.04055e-10
1.02231e-10
1.02036e-10
1.0832e-10
9.48036e-11
0.0656698
9.81666e-11
0.0349538
9.77329e-11
9.71089e-11
0.0845465
0.0247654
1.12762e-10
0.0184366
9.82418e-11
0.0823696
0.0212376
0.00196437
0.000433248
9.81855e-11
9.33887e-11
0.087601
0.0273886
0.082936
9.70641e-11
9.65128e-11
0.0696845
9.53554e-11
9.79892e-11
9.497e-11
9.65297e-11
9.74263e-11
0.0390258
0.0332185
0.0558534
0.0855367
0.0461642
9.80481e-11
1.1736e-10
9.98267e-11
0.0861392
1.01271e-10
0.0791418
1.01892e-10
1.01318e-10
9.64901e-11
1.00614e-10
0.0800484
9.53706e-11
9.41161e-11
0.0217775
0.0647355
0.0646939
0.0931065
0.0770913
0.0725995
0.0871272
9.65626e-11
0.00976473
0.0880306
0.0260838
0.0279614
9.80968e-11
0.0758937
0.0910468
1.04325e-10
9.70221e-11
0.0831538
1.03594e-10
0.0106315
0.0715761
0.0564791
0.0884002
0.0617312
9.78568e-11
9.55186e-11
0.0339086
0.0709813
0.0229739
1.00084e-10
9.28319e-11
9.0242e-11
9.29137e-11
1.21286e-10
1.00601e-10
9.74575e-11
1.96228e-05
1.10812e-10
1.02128e-10
9.6054e-11
9.18136e-11
9.17644e-11
1.04501e-10
1.15239e-10
8.85995e-11
9.65748e-11
2.09234e-10
1.32326e-10
9.2685e-11
1.00899e-10
1.01921e-10
9.70824e-11
9.9341e-11
9.92041e-11
1.09254e-10
1.01015e-10
9.78262e-11
9.26406e-11
1.01436e-10
1.08689e-10
9.43925e-11
9.82972e-11
1.0034e-10
1.05137e-10
9.91327e-11
1.17636e-10
1.08424e-10
9.89473e-11
9.99931e-11
9.62284e-11
1.02809e-10
9.90113e-11
1.10514e-10
1.04107e-10
1.01894e-10
9.90339e-11
9.65883e-11
1.00875e-10
1.00137e-10
9.68626e-11
1.02169e-10
1.0389e-10
9.36279e-11
9.75213e-11
1.01082e-10
9.86379e-11
1.017e-10
9.81553e-11
0.087001
0.0348337
9.5326e-11
0.0866581
1.00568e-10
0.0912584
0.0939036
0.0697769
0.0880541
1.0491e-10
0.1
0.0280402
0.0834791
0.0424029
0.0681972
0.0112815
9.71766e-11
0.0601176
0.0724753
0.0674494
1.08228e-10
1.01597e-10
0.0976378
0.0766973
0.0205277
0.0130215
1.00895e-10
0.0789631
0.0380866
0.0147664
0.014257
0.0370808
1.03398e-10
1.00393e-10
1.00715e-10
0.0175612
9.80536e-11
1.02995e-10
9.56082e-11
0.00416247
0.0825498
0.0306933
9.6186e-11
9.73855e-11
0.0800548
9.9881e-11
0.0162951
1.03204e-10
0.0801717
9.99384e-11
0.0077387
0.0484143
1.01335e-10
0.0767806
0.0139396
9.74827e-11
9.90906e-11
1.00901e-10
0.0380259
0.0603522
0.0411969
9.83425e-11
9.79784e-11
9.65175e-11
0.00143069
1.01781e-10
0.00600135
0.033998
0.00482893
0.00419963
9.90671e-11
1.00044e-10
0.79624
9.76207e-11
0.208768
0.0304647
0.235714
0.21367
0.10599
0.243773
0.0571618
0.125452
0.000894156
0.986248
0.624213
7.58037e-05
0.0529675
0.860899
0.0375155
0.00825326
0.655511
0.0210011
0.0144569
0.2307
1.12207e-10
0.0617641
0.00753122
0.0163941
0.0511518
0.0754927
0.0290213
9.95674e-11
1.02677e-10
0.0772457
0.0749534
0.0922573
0.0016998
1.00333e-10
0.0452016
0.0813378
0.0884683
0.075137
0.145805
0.112913
9.99683e-11
1.02968e-10
9.67064e-11
1.04771e-10
0.0146027
0.0836015
0.0820103
1.00021e-10
9.66055e-11
9.72166e-11
9.68123e-11
1.01451e-10
9.74402e-11
1.04388e-10
9.1325e-11
9.35187e-11
9.44222e-11
9.50117e-11
0.00194298
9.96803e-11
9.99359e-11
9.58838e-11
9.69329e-11
9.80801e-11
8.93557e-11
1.07013e-10
1.00962e-10
9.876e-11
9.62262e-11
9.51494e-11
1.05983e-10
1.02312e-10
9.82141e-11
9.95889e-11
1.09131e-10
1.10211e-10
0.00323272
9.75065e-11
9.81048e-11
9.89896e-11
9.86766e-11
1.03536e-10
9.40914e-11
1.07486e-10
1.06001e-10
1.06568e-10
9.91536e-11
9.8376e-11
9.90391e-11
0.0162462
9.94657e-11
1.00502e-10
1.01001e-10
1.05171e-10
9.99546e-11
1.05492e-10
9.91924e-11
9.83248e-11
1.01276e-10
9.60687e-11
0.214725
0.273935
1.02364e-10
0.0767262
0.0909081
0.0622409
0.99018
0.0185269
0.997481
0.892098
0.00374377
0.0298779
0.0905981
0.804761
0.826008
0.00565481
0.0366957
0.604033
0.819409
0.389859
0.0559925
0.00822325
0.0566593
0.552737
0.0546883
0.535392
0.402434
0.0061389
0.0834111
0.366122
0.068547
1.02122e-10
0.00563265
1.01786e-10
1.02737e-10
9.97035e-11
9.94132e-11
0.0744389
0.288574
0.148673
0.156391
0.167821
0.0502135
0.0955246
0.619238
0.274888
0.426867
0.260101
0.501574
0.217015
0.200731
0.0422524
0.176861
9.94276e-11
0.171562
9.99146e-11
0.196554
0.302592
0.401112
9.86357e-11
1.03185e-10
9.69429e-11
9.80468e-11
9.92075e-11
9.62721e-11
9.47587e-11
9.67627e-11
9.76095e-11
9.15559e-11
9.5715e-11
9.92512e-11
9.94476e-11
9.80545e-11
9.46082e-11
9.99882e-11
6.64037e-05
9.34755e-11
9.34945e-11
9.96831e-11
9.66777e-11
9.87377e-11
1.08332e-10
1.09364e-10
9.17605e-11
9.92356e-11
9.83461e-11
1.04959e-10
1.04161e-10
9.25448e-11
9.19674e-11
1.03231e-10
1.05937e-10
9.25726e-11
1.03966e-10
1.04281e-10
1.00768e-10
1.07436e-10
9.90034e-11
1.01016e-10
1.04102e-10
9.97534e-11
1.0343e-10
2.12429e-10
1.09572e-10
1.00498e-10
1.0635e-10
0.204274
0.0675655
0.98408
0.995012
0.145932
9.87187e-11
9.59609e-11
0.0513653
0.0677212
0.00874852
0.504794
0.63596
0.0355776
0.139606
0.493944
0.37775
0.367585
0.283057
0.0955021
1.03001e-10
0.0975241
0.0856742
0.147358
0.524578
0.151855
0.0843073
0.018052
0.137452
0.128521
0.366585
0.0883327
1.02624e-10
0.0820947
1.0088e-10
0.0929887
0.0894462
0.190539
0.841782
0.0797076
9.80785e-11
9.84513e-11
9.5392e-11
9.21276e-11
1.11619e-10
1.0936e-10
9.49993e-11
9.92625e-11
9.73089e-11
0.0364382
0.0348387
0.0557314
0.0829296
9.78606e-11
0.0239948
0.0796674
9.54107e-11
0.0875247
1.09288e-10
0.0432576
9.85847e-11
0.0196915
9.72634e-11
0.0847457
9.48508e-11
0.0831718
0.0623504
0.0150198
9.55045e-11
1.0109e-10
9.71705e-11
9.82949e-11
8.99468e-11
9.76308e-11
1.0759e-10
9.98753e-11
9.93361e-11
1.00729e-10
0.0299048
1.01192e-10
0.00354278
9.71696e-11
0.00246445
1.08697e-10
5.39783e-05
1.00635e-10
1.00308e-10
1.12866e-10
1.05349e-10
0.0172872
0.0215089
0.14419
0.887894
0.346436
0.102935
0.159904
0.402913
0.14313
0.0443533
0.087094
0.0912601
0.223248
0.109813
0.0946681
0.193781
0.15291
0.0910376
0.178187
0.183601
0.155763
0.162436
0.183204
0.0344802
0.12781
0.124385
0.221083
0.090677
0.0560277
0.0350003
0.160289
0.0837705
0.0778542
0.212032
0.176023
0.0784578
9.45273e-11
9.50227e-11
1.08027e-10
9.74012e-11
9.6969e-11
1.04274e-10
1.1659e-10
1.02816e-10
1.14961e-10
1.01192e-10
1.0276e-10
1.03392e-10
9.52474e-11
1.00218e-10
9.92202e-11
9.93841e-11
9.67792e-11
9.926e-11
1.04443e-10
1.14613e-10
0.1
1.00229e-10
0.0950421
0.0877449
0.0603018
0.0817243
0.0804707
0.0924165
0.0873422
0.0838992
0.0895484
0.0993754
1.00617e-10
0.0662486
0.0948696
0.0921572
0.0529139
9.68863e-11
0.0917066
0.0989425
0.00512635
0.0813261
0.0916764
0.0949291
0.0184456
0.0816797
0.082876
0.0954318
0.0398492
0.0990331
0.0355481
0.0938249
0.0866724
0.0717796
0.0454184
0.0951432
0.02124
9.87145e-11
0.0894451
9.55619e-11
0.102884
0.0685231
0.0101372
0.000392337
1.07742e-10
0.0899722
0.0822082
0.0737048
0.0752504
0.0826368
9.5914e-11
1.13406e-10
9.3923e-11
9.50278e-11
1.04489e-10
9.90513e-11
0.711926
0.538893
0.3594
0.657651
0.622517
0.651988
0.677352
0.447812
0.247137
0.230291
0.0700092
0.162703
0.00239748
0.0486963
1.07078e-10
9.7469e-11
1.10986e-10
1.02165e-10
9.44454e-11
1.08737e-10
0.0857465
0.0848629
9.84828e-11
0.0836738
1.02955e-10
1.05226e-10
0.087085
0.0679149
0.0943509
9.81063e-11
1.02239e-10
9.55211e-11
0.0744915
0.0566594
1.03971e-10
0.0715677
0.186306
0.0830779
1.01407e-10
0.0754565
0.121071
9.68317e-11
0.0858696
0.0187914
9.54429e-11
0.0922864
9.87121e-11
0.0724887
0.0251333
0.00589422
0.00996058
1.04316e-10
0.0950788
0.0921141
0.0917319
0.0280799
0.0560969
0.0644961
0.055366
0.0346232
0.13595
0.0354664
1.76536e-10
0.00110148
0.0558095
0.0534648
0.150351
9.79979e-11
0.0801581
1.04563e-10
9.18333e-11
0.122608
0.104432
0.104629
0.138206
9.89026e-11
0.165007
0.0569411
0.0963099
0.055116
0.167581
1.05952e-10
1.02308e-10
8.84063e-11
0.0491291
9.8597e-11
1.08958e-10
9.34917e-11
0.0345903
0.0604761
1.0985e-10
0.00168476
9.44961e-11
0.0384496
9.43425e-11
1.12886e-10
1.15487e-10
0.0570624
1.13604e-10
0.10006
1.04294e-10
0.043422
0.0528953
1e-10
0.0682798
0.000373127
0.0711658
0.0294121
9.74016e-11
1.32106e-05
9.75942e-11
0.0101617
0.0609622
9.544e-11
0.119537
0.134361
0.198492
0.103023
0.0907899
0.20056
0.0590137
0.0589307
0.180965
0.0457274
0.0421478
0.0316806
9.19065e-11
0.0150205
1.0029e-10
1.0871e-10
9.9139e-11
0.0896504
9.88872e-11
9.91609e-11
0.069813
0.0220709
0.0266878
0.00075372
1.03451e-10
0.000349707
0.0127384
9.6873e-11
9.26236e-11
0.0599688
0.0330156
1.00434e-10
1.04159e-10
0.0108919
1.05772e-10
0.150921
1.15947e-10
1.1107e-10
0.0776868
9.02454e-11
1e-10
0.0358372
0.0869511
9.84542e-11
1.00996e-10
0.000114409
0.106524
0.0479432
0.0567258
0.0487622
0.0341133
0.0323814
0.0509222
0.08051
0.0298897
0.0696574
1.0008e-10
1.01433e-10
1.03229e-10
1.01074e-10
0.00372684
0.00941738
9.91512e-11
9.98088e-11
0.0874864
0.0758224
1.01857e-10
1.0215e-10
1.05676e-10
1.05181e-10
9.32112e-11
9.80692e-11
9.98648e-11
9.91099e-11
0.0597083
1.13957e-10
9.88547e-11
9.78557e-11
1.01642e-10
0.0235903
1.04723e-10
1.03769e-10
0.0905707
0.0484192
9.94069e-11
1.0588e-10
0.0942428
0.0683178
1.01974e-10
1.08164e-10
1.00462e-10
9.60661e-11
1.15417e-10
9.8499e-11
9.81542e-11
9.25312e-11
9.87001e-11
0.00253267
0.0384471
9.60331e-11
1.01813e-10
1.0357e-10
9.27788e-11
0.0771001
0.0646422
0.0759527
9.75108e-11
9.91617e-11
1.00015e-10
9.88068e-11
1.18519e-10
0.0993942
1.00988e-10
9.67727e-11
9.54392e-11
0.00382878
9.49195e-11
9.84737e-11
9.49443e-11
9.63016e-11
0.00144398
0.00577747
9.65667e-11
9.52437e-11
0.00864087
9.65719e-11
9.77014e-11
9.59614e-11
9.77297e-11
0.0313616
9.65383e-11
9.63461e-11
1.01668e-10
0.0127633
9.87671e-11
9.16266e-11
9.72298e-11
9.55356e-11
9.83002e-11
1.03079e-10
0.00030726
9.51407e-11
9.41928e-11
9.20372e-11
9.8053e-11
9.67807e-11
9.80487e-11
9.84358e-11
9.73871e-11
9.1194e-11
9.77991e-11
9.85896e-11
9.8549e-11
9.92931e-11
0.0336816
1.13267e-10
1.08218e-10
9.19385e-11
9.5253e-11
9.78667e-11
0.00918531
1.04462e-10
1.03399e-10
9.91911e-11
0.00480592
1.56313e-10
9.58033e-11
9.47652e-11
9.7435e-11
9.61747e-11
9.86618e-11
1.09647e-10
9.46427e-11
9.50193e-11
0.0890198
9.9775e-11
9.54835e-11
1.01568e-10
0.000527268
1.00752e-10
2.56608e-10
9.45433e-11
1.02912e-10
9.88133e-11
0.0381902
9.49085e-11
9.87177e-11
1.85639e-10
1.04281e-10
1.04705e-10
9.9897e-11
1.06461e-10
1.00334e-10
1.02897e-10
9.9414e-11
1.00632e-10
1.09339e-10
1.08095e-10
0.0178855
0.0661023
0.191575
9.99235e-11
1e-10
0.0187611
0.369784
0.0435615
0.000527636
9.94147e-11
1e-10
1e-10
9.78352e-11
9.99876e-11
0.00808828
9.9654e-11
1.75375e-06
1.00042e-10
9.91302e-11
1.0587e-10
0.000875296
1.02513e-10
1.00019e-10
1e-10
0.000562942
9.99046e-11
9.98431e-11
1.11673e-10
0.000487129
0.000188259
1.01945e-10
9.9948e-11
0.00122686
0.000262397
0.0154206
0.0013008
6.31731e-11
1.0159e-10
0.0942345
1.28698e-10
0.10844
9.9919e-11
0.0185481
1.04319e-10
1.06022e-10
0.0550857
9.81109e-11
0.0965514
0.054395
1.02477e-10
0.0117743
0.064598
1.06349e-10
7.16932e-11
0.0058028
2.03578e-10
0.0687142
0.185106
0.00953552
9.98291e-11
0.123224
0.318166
9.9275e-11
0.000700571
0.00257751
0.373376
0.0319878
1.08333e-10
0.0272585
0.00422795
0.00297287
9.97759e-11
0.09989
0.0298494
0.0375686
0.151018
0.363203
0.0033535
0.0356672
0.000609303
0.131721
0.120849
6.31967e-11
0.0176994
0.343687
0.421184
9.99959e-11
9.97375e-11
1.0055e-10
9.96045e-11
1.05331e-10
1e-10
9.8678e-11
9.98792e-11
1.00466e-10
9.98314e-11
1.73728e-06
9.842e-11
2.70946e-05
1e-10
9.83681e-11
0.0160988
0.00950228
1.08434e-10
9.91013e-11
0.0288981
0.000294494
1.00054e-10
0.0727145
1.06406e-10
0.0300653
0.0222124
9.82474e-11
1.00064e-10
9.75395e-11
0.000376329
0.000108218
1e-10
1e-10
1.01216e-10
9.56656e-11
1.00542e-10
1.01955e-10
1e-10
9.74293e-11
1.01977e-10
9.84874e-11
9.91701e-11
1e-10
1.00111e-10
1.00803e-10
9.98334e-11
2.59203e-05
9.9456e-11
9.7138e-11
9.28007e-11
1.00049e-10
9.76131e-11
1.01347e-10
1.07867e-10
9.86833e-11
9.70097e-11
9.10419e-11
1.00013e-10
1.04989e-10
9.85088e-11
9.62127e-11
1.0189e-10
1.00553e-10
1.00163e-10
9.834e-11
9.95367e-11
9.83346e-11
1.05668e-10
1.03144e-10
9.98604e-11
1.0341e-10
9.80667e-11
9.9079e-11
9.98361e-11
9.96036e-11
9.65794e-11
1.0105e-10
1.00381e-10
1.00407e-10
1.00229e-10
9.99263e-11
1.10981e-10
9.78515e-11
1.00524e-10
1.00072e-10
1.00626e-10
9.87342e-11
1.03208e-10
9.94195e-11
1.00203e-10
9.77409e-11
9.94741e-11
9.99124e-11
9.87089e-11
9.47251e-11
5.09953e-05
1.0137e-10
9.9353e-11
9.53805e-11
9.74607e-11
9.7367e-11
0.0042475
1.05268e-10
1e-10
9.97154e-11
8.59044e-11
9.94768e-11
1.01702e-10
0.0262342
9.89542e-11
1.04384e-10
1.0426e-10
9.40237e-11
0.00770853
1.03887e-10
9.68929e-11
1.03333e-10
1.00538e-10
1.01979e-10
9.9464e-11
9.72601e-11
0.00175605
9.82013e-11
1.00572e-10
1.16099e-10
1.00262e-10
1.02166e-10
9.70077e-11
1.0326e-10
1.00142e-10
1.02604e-10
1.05846e-10
9.67738e-11
1.03774e-10
1.01281e-10
1.06268e-10
1.05321e-10
1.03578e-10
1.16265e-10
1.01046e-10
1.04493e-10
1.02707e-10
1.0423e-10
9.99026e-11
9.86888e-11
1.03828e-10
1.03592e-10
9.86976e-11
1.0021e-10
1.02825e-10
1.01987e-10
1.03211e-10
1.01812e-10
1.00734e-10
1.04509e-10
1.08001e-10
1.02023e-10
9.74053e-11
1.06058e-10
9.75133e-11
1.05975e-10
1.09586e-10
1.04431e-10
9.79505e-11
1.01489e-10
1.06248e-10
1.00444e-10
1.00062e-10
1.13193e-10
1.01486e-10
1.05965e-10
1.01347e-10
9.93745e-11
1.03522e-10
1.01853e-10
1.04064e-10
9.70204e-11
1.00599e-10
0.00439221
1.03666e-10
1.01528e-10
1.03985e-10
1.0473e-10
1.03649e-10
1.04443e-10
1.01855e-10
1.00213e-10
1.21042e-10
9.97892e-11
1.15294e-10
3.8485e-10
1.01088e-10
1.02333e-10
0.00284247
9.95594e-11
1.09327e-10
1.01643e-10
1.09353e-10
0.0125
9.85098e-11
1.05468e-10
9.54353e-11
1.03323e-10
1.03381e-10
1.316e-10
0.00480661
1.01689e-10
1.11939e-10
0.00257201
1.1128e-10
1.10135e-10
1.07107e-10
1.09226e-10
0.000100211
1.10037e-10
1.06141e-10
9.87729e-11
1.63414e-10
1.06511e-10
1.05561e-10
1.01369e-10
1.03154e-10
1.0831e-10
1.00208e-10
9.46608e-11
1.01471e-10
1.02289e-10
9.67336e-11
1.01148e-10
9.38475e-11
1.01562e-10
1.03004e-10
1.0123e-10
1.0318e-10
1.01341e-10
1.04612e-10
1.06046e-10
8.34891e-11
1.10797e-10
1.23273e-10
9.79155e-11
1.12627e-10
5.23461e-10
1.01396e-10
9.41642e-11
9.20845e-11
1.72409e-10
5.26005e-10
8.29528e-11
1.01331e-10
9.51513e-11
9.69928e-11
1.08743e-10
1.01753e-10
1.10136e-10
8.1221e-11
1.1266e-10
8.41072e-11
1.64418e-10
9.95564e-11
1.11693e-10
9.79521e-11
1.00432e-10
8.42536e-11
1.11464e-10
1.04476e-10
1.04528e-10
1.0103e-10
9.20361e-11
9.96604e-11
1.00046e-10
1e-10
9.8363e-11
1.07416e-10
1.18187e-10
1.62007e-08
1.10599e-10
1.99763e-10
1.2529e-10
1.00161e-10
1.04469e-10
1.00843e-10
6.97883e-10
1.03056e-10
9.11775e-11
9.97528e-11
5.80632e-11
1.0018e-10
7.79765e-11
9.96028e-11
1e-10
9.83773e-11
1.03015e-10
9.60523e-11
1.05649e-10
1.00674e-10
9.8799e-11
9.99856e-11
1.00764e-10
5.10101e-11
1.00375e-10
1.26632e-10
1.03609e-10
9.80686e-11
9.436e-11
9.13101e-11
1.006e-10
9.98174e-11
1.12843e-10
9.59528e-11
9.94784e-11
1.02828e-10
9.97074e-11
8.88112e-11
9.0676e-11
4.78822e-11
1.09155e-10
1.04942e-10
1.0183e-10
1.07786e-10
1e-10
1.30469e-10
0.0125
1.22804e-10
9.96738e-11
1.05263e-10
1.02216e-10
9.84523e-11
0.0844314
9.83457e-11
1.20158e-05
0.0885643
0.0935236
0.068643
0.0401613
0.0011275
0.0608589
0.151221
0.0460669
0.0641237
0.0879826
0.0708001
0.0538759
0.0679427
0.1
0.0658496
0.077264
0.0399203
0.084482
0.0783968
0.17556
0.152353
0.137492
0.221322
0.273279
0.14585
0.140397
0.174092
0.0911095
0.1134
0.0756028
0.649337
0.0532353
0.0818962
0.265036
0.0927394
0.270968
0.17924
0.273756
0.145654
0.192982
0.291398
0.190669
9.62228e-11
0.365194
0.683617
9.87205e-11
0.170032
0.138261
0.584638
0.0929816
0.239333
0.233524
0.274054
0.162617
0.0937795
0.231036
0.646416
0.332423
0.383448
0.892404
0.698686
0.253376
0.203301
0.336441
0.643518
0.142536
0.745167
0.392453
0.421906
0.609449
0.628544
0.774288
0.688981
0.332509
0.707215
0.591916
0.696956
0.688805
0.607597
0.655977
0.698154
0.490104
0.411412
0.104256
0.101433
0.195883
0.177075
0.125433
0.075241
0.22125
0.107473
0.248482
0.226013
0.466883
0.648106
0.248776
0.632975
0.48323
0.677042
0.683068
0.700203
0.80462
0.724004
0.727971
0.974159
0.718845
0.370937
0.75216
0.541637
0.583016
0.760042
0.684404
0.345995
0.15597
0.204721
0.294211
0.350012
0.0492139
0.620854
0.221406
0.686375
0.424226
0.0575031
0.120982
0.998376
0.101043
0.884604
0.0400163
0.424578
0.922297
0.0899614
0.166202
0.0988577
0.284256
0.126484
0.3673
0.909748
0.985285
9.99372e-11
1.03537e-10
1.00759e-10
0.0627026
1.02958e-10
2.03702e-10
9.53955e-11
9.93147e-11
0.000723297
0.000244044
1.04709e-10
1.00314e-10
0.0291316
1.03824e-10
1.08972e-10
1.02675e-10
1.0017e-10
1.05363e-10
1.00973e-10
9.9976e-11
1.01886e-10
9.71006e-11
1.0717e-10
1.0502e-10
1.11367e-10
9.99418e-11
9.65302e-11
9.99471e-11
2.36471e-10
8.44316e-11
1.02433e-10
1.04155e-10
9.94395e-11
1.03525e-10
9.95069e-11
7.8333e-11
9.60314e-11
8.98357e-11
1.06175e-10
1.0137e-10
9.73862e-11
9.84989e-11
9.46084e-11
9.77244e-11
1.11839e-10
9.76557e-11
9.40674e-11
9.64241e-11
9.84346e-11
9.77315e-11
9.86852e-11
9.277e-11
1.04279e-10
9.75455e-11
0.0125
9.74667e-11
1.11925e-10
1.05777e-10
1.5295e-10
9.99429e-11
1.00664e-10
1e-10
1.06549e-10
1e-10
1.06617e-10
1.01866e-10
1.09869e-10
1.0668e-10
1.0596e-10
1.00429e-10
1.01611e-10
1.05899e-10
1.13634e-10
1.0405e-10
1.00856e-10
9.89848e-11
0.0216099
1.00714e-10
1.00093e-10
1.00085e-10
9.82636e-11
1.01114e-10
1e-10
9.7226e-11
1.00117e-10
0.00376739
1.01055e-10
9.91526e-11
0.0240921
1.05013e-10
9.97284e-11
1.00349e-10
9.99619e-11
9.99758e-11
1e-10
9.99627e-11
1.03394e-10
1.0007e-10
9.62187e-11
9.21421e-11
1.03222e-10
1.02535e-10
0.231352
0.142373
0.261579
0.153976
0.275129
0.689053
0.546724
0.384599
0.120148
0.104914
0.245919
0.187188
0.21197
0.301411
0.178317
0.117486
0.0988714
0.193163
0.271158
0.23174
0.165941
0.600606
0.13437
0.436346
0.267031
0.170962
0.0931281
0.510422
0.419626
0.537042
0.130579
0.151555
0.595739
0.51665
0.184848
0.166008
0.152614
0.030001
0.42574
0.166597
0.156291
0.437884
0.185514
0.102653
0.82977
0.0138885
0.845161
0.986937
1e-10
9.97833e-11
9.76196e-11
9.47878e-11
0.00983448
1.02649e-10
0.00233741
1.01236e-10
9.79896e-11
1.17e-10
1.0014e-10
0.000197564
1e-10
1.00951e-10
9.88155e-11
9.99909e-11
0.00126406
0.026155
0.892604
0.0575967
0.0369415
0.0401748
0.0145579
0.984406
0.021428
0.288427
0.0284524
0.0350736
0.000203529
0.0417906
0.000910716
0.00295618
0.0295426
0.021508
0.988496
0.0580483
0.983094
0.984847
0.788236
0.259734
0.443682
0.95675
0.764273
0.917319
0.203482
0.0679508
0.939841
0.954719
0.0165479
0.0142288
0.314642
0.29636
0.90313
0.76102
0.96237
0.848067
0.00520802
0.0607274
0.0681461
0.178838
0.909205
0.185594
0.0517726
1.01032e-10
0.786948
9.61527e-11
1.05764e-10
1.02905e-10
9.94711e-11
1e-10
1e-10
9.84109e-11
1.34182e-10
1.00902e-10
1.01679e-10
1.00712e-10
1.10193e-10
9.41054e-11
1.18139e-10
1e-10
1.03966e-10
9.46026e-11
1.10636e-10
0.00426182
1.00695e-10
9.53862e-11
9.9663e-11
8.71988e-11
1.00621e-10
1.0296e-10
9.72589e-11
9.88146e-11
9.96141e-11
0.00517013
1.0034e-10
9.96545e-11
1.00395e-10
1.03237e-10
1.01999e-10
9.88944e-11
1.02332e-10
1.00608e-10
1.00313e-10
9.77106e-11
9.07311e-11
9.99951e-11
9.99443e-11
9.99504e-11
9.56232e-11
9.90229e-11
9.82726e-11
0.1
1.00158e-10
1.0002e-10
0.00420275
9.9992e-11
9.99913e-11
1.42083e-10
1.00179e-10
1.07326e-10
9.70792e-11
8.45082e-11
0.1
9.23448e-11
1.00864e-10
9.99838e-11
9.78957e-11
0.0125
1.02127e-10
0.044108
1.30727e-10
1.23793e-10
0.305624
0.140662
0.504476
0.2187
0.424454
0.224523
0.191236
0.111946
0.384586
0.21669
0.242227
0.122357
0.162135
0.121639
0.0914578
0.103345
0.179302
0.132421
0.361124
0.160716
0.277946
0.231275
0.438062
0.289337
0.351039
0.283539
0.25832
0.226569
0.252977
0.14206
0.139549
0.218808
0.236033
0.235417
0.202596
0.100263
0.114929
0.218345
0.361794
0.16856
0.15945
0.227006
0.173949
0.356917
0.155198
0.0876724
0.40099
0.447188
0.102936
0.0229541
0.195722
0.159176
0.28293
0.190915
1.08007e-10
0.277586
0.00315496
0.060655
0.125551
0.198719
0.22045
0.4014
0.255921
0.419281
0.51413
0.334541
0.210666
0.343808
0.386756
0.99098
0.732077
0.0842176
1.02458e-10
0.0111197
1.00829e-10
9.59654e-11
9.12104e-11
9.7287e-11
9.68052e-11
0.0767987
0.911864
0.0162043
0.0434542
0.647848
0.992554
0.342009
0.00655885
0.301524
0.59212
0.947576
0.632771
0.998713
0.974311
0.847724
0.540031
0.404816
0.978522
0.986412
1
0.839046
0.666221
0.829566
0.487273
0.99787
0.772247
0.874766
0.406382
0.875432
0.849516
0.985056
0.00417033
0.98901
0.709322
0.874085
0.631185
0.905628
0.705904
0.845463
0.769255
0.7946
0.910233
0.767226
0.880363
0.734854
0.906464
0.762752
0.833128
0.708687
0.690452
0.706706
1
0.733052
0.781709
0.776311
0.823561
0.807952
0.922502
0.0238247
0.0157366
0.0419435
0.0670187
0.62879
1.11192e-10
0.0239054
0.198864
0.366219
1
0.86452
0.194576
0.519535
0.78562
0.734548
0.90654
0.916086
0.892228
0.927415
9.60285e-11
9.65435e-11
9.9048e-11
9.81218e-11
1.01028e-10
9.89235e-11
1e-10
9.52211e-11
9.93132e-11
9.41691e-11
9.76355e-11
9.48316e-11
9.82942e-11
1.05632e-10
1.03509e-10
9.6337e-11
1.00307e-10
9.86966e-11
9.49424e-11
9.8411e-11
9.76928e-11
1.31377e-10
1.06142e-10
1e-10
0.000231729
1e-10
9.8909e-11
9.62668e-11
1.0253e-10
1.02271e-10
1.09889e-10
9.9601e-11
9.82212e-11
9.97574e-11
9.89468e-11
1.00206e-10
9.66853e-11
9.9709e-11
9.99122e-11
1.00199e-10
9.69778e-11
1.00006e-10
1.00127e-10
1.00004e-10
1.11989e-10
9.9518e-11
9.71656e-11
9.91769e-11
9.94555e-11
1e-10
9.8293e-11
9.9526e-11
9.99556e-11
1.0012e-10
1.11492e-10
0.1
1.81789e-10
0.0234746
1.14962e-10
0.0125
0.152977
0.113902
0.352871
0.290031
0.371873
0.358143
0.17775
0.192463
0.00882843
0.128708
1.13914e-10
0.0716783
0.168675
0.143745
0.0469556
0.185691
0.0325134
0.0178682
0.140705
0.19199
0.00619399
0.0428263
0.0280656
0.0236337
0.117944
0.259956
1.01097e-10
1.01825e-10
0.387002
0.246524
0.268463
0.176075
0.178884
0.385131
0.402159
1.1454e-10
0.096388
0.53592
0.506585
0.49747
0.504759
0.0182098
1.01214e-10
0.00913126
0.0113817
0.0652112
0.0578379
0.63547
0.0510296
0.877434
0.0706567
0.866476
0.570958
0.351691
0.874129
0.916526
0.980929
0.959167
0.0630928
0.330989
0.802734
0.936056
9.75785e-11
1.70877e-10
1.1367e-10
9.92948e-11
9.61108e-11
9.59649e-11
9.70411e-11
9.19799e-11
9.63768e-11
9.81914e-11
1.08351e-10
1.00389e-10
9.72757e-11
1.69682e-10
9.9166e-11
1.00203e-10
0.0125
8.18143e-11
0.0304131
9.69767e-11
9.89774e-11
1.2592e-10
9.74455e-11
9.37262e-11
9.24903e-11
0.00314506
9.91937e-11
1.09194e-10
0.0432191
1.06768e-10
9.97692e-11
9.73361e-11
9.95242e-11
1e-10
1.02925e-10
9.96051e-11
1e-10
1.00248e-10
7.80688e-11
9.2032e-11
0.0159224
8.97186e-11
0.00910762
0.0399367
0.050316
0.106101
0.0658605
9.95329e-11
0.000333434
1.09512e-10
1.04639e-10
9.17327e-11
8.77146e-05
9.9171e-11
1.01621e-10
9.73785e-11
0.0123431
0.0554135
0.0916113
0.0426849
0.0733293
0.0708838
0.141631
0.464468
0.950247
0.888966
0.727249
0.111951
0.641628
0.420595
0.287386
0.66348
0.623597
0.59099
1.01256e-10
2.14224e-10
9.56468e-11
9.82063e-11
9.73196e-11
9.87606e-11
9.84349e-11
9.88351e-11
9.14827e-11
1.11444e-10
1.04836e-10
9.71462e-11
1.0205e-10
1.03245e-10
9.70007e-11
9.85471e-11
1.77305e-10
1.00078e-10
1.00403e-10
9.99115e-11
9.47904e-11
9.97627e-11
1.00899e-10
1.0139e-10
9.19903e-11
1.00297e-10
1.00009e-10
9.67958e-11
1.00812e-10
9.99695e-11
1.72471e-10
9.75951e-11
1.01483e-10
1.00963e-10
9.99206e-11
9.99549e-11
1.01799e-10
9.9539e-11
8.10193e-11
1.00316e-10
9.99558e-11
1.00144e-10
9.8153e-11
1.00607e-10
1.03884e-10
9.45828e-11
9.79989e-11
1.02969e-10
1.00032e-10
1.96028e-05
1.00562e-10
1.03754e-10
9.8507e-11
1.01541e-10
1.00095e-10
1e-10
9.7311e-11
1.01439e-10
1e-10
1.92981e-10
9.98737e-11
9.98922e-11
9.95064e-11
9.78229e-11
9.24342e-11
1.00056e-10
9.99873e-11
1.02583e-10
8.60541e-11
2.4654e-10
3.553e-10
1e-10
9.35299e-11
1.62104e-10
9.71166e-11
9.45094e-11
1.18463e-10
1.45459e-10
9.86561e-11
1.19144e-10
9.98177e-11
9.99639e-11
1.01467e-10
1.58087e-10
9.93622e-11
9.9705e-11
9.99818e-11
9.50289e-11
0.05
1.08229e-10
9.87765e-11
1.26894e-10
0.05
9.65941e-11
1.00795e-10
1.00663e-10
7.49337e-11
1.01911e-10
1e-10
9.52452e-11
9.57523e-11
8.90817e-11
1.00089e-10
9.93351e-11
1.00577e-10
9.99582e-11
9.99887e-11
1e-10
1.00734e-10
1.01364e-10
1.0004e-10
0.0268347
9.9638e-11
9.95173e-11
9.99202e-11
1e-10
1e-10
1.00565e-10
1.03076e-10
1.01437e-10
1.01043e-10
1.00018e-10
1e-10
1.00251e-10
9.99487e-11
1.00017e-10
9.92871e-11
1.00135e-10
0.0969414
0.0542795
0.160599
0.446954
0.0017877
1e-10
0.0607691
0.00919245
0.216427
9.99116e-11
0.00490263
0.177481
1.01222e-10
0.0142458
0.092665
1.05593e-10
0.431957
9.60812e-11
0.430663
0.963817
0.964624
0.607158
0.978063
0.507267
0.0559597
0.727167
0.0165044
0.945957
0.00498406
0.0040423
0.275907
1.00215e-10
0.996798
0.0102293
0.961799
0.87389
0.341277
0.0168332
0.15172
1.09561e-10
1
0.0415384
1
0.0484088
0.993995
0.682032
0.667856
0.0185762
0.984418
0.862647
0.999907
0.999412
0.0635015
1e-10
0.0126161
0.0293967
0.929233
0.217277
0.883838
0.812527
0.904652
0.0134803
0.999414
0.710262
0.876664
0.000581971
0.0990844
0.242082
0.0307863
0.0295554
0.914482
0.663982
0.611739
0.825981
9.63713e-11
0.00973193
0.61601
0.158595
0.264541
0.69978
0.0119232
0.0464177
0.689296
9.93906e-11
1e-10
0.0506951
0.0774302
0.00780667
0.0489421
0.275195
0.0689498
0.131721
0.85652
0.902875
0.23245
0.747449
0.125724
0.63301
9.69747e-11
8.1549e-11
1.1113e-10
9.63093e-11
1.03872e-10
1.00953e-10
1.00488e-10
1.0313e-10
9.91559e-11
0.0358804
9.94835e-11
9.99445e-11
9.99058e-11
1.09349e-10
9.97537e-11
9.58551e-11
9.74903e-11
9.7969e-11
1.02256e-10
7.22036e-11
1.01756e-10
1.01106e-10
8.94753e-11
9.82242e-11
9.60029e-11
0.0112866
1.0034e-10
9.88056e-11
1.07237e-10
1.03832e-10
9.92356e-11
9.92847e-11
0.0693903
1.0058e-10
0.0449861
0.076984
0.107583
0.0568637
0.711485
0.78668
0.00464993
9.99305e-11
0.0456962
0.0790442
0.00426281
0.00955253
0.0586088
0.00147701
0.060305
0.0157748
0.217911
0.516765
0.396304
0.723187
0.431147
0.31026
0.652075
0.286284
0.587764
0.516295
0.258142
0.52792
0.690527
0.610207
0.689225
0.87526
0.739098
0.75461
0.559284
0.368704
0.264901
0.734136
0.612194
0.350747
0.482568
0.45958
0.0864855
0.700845
0.050863
0.618386
0.0178787
9.66579e-11
1.01596e-10
0.000928678
0.0170539
9.78992e-11
9.93472e-11
1.0098e-10
1.01015e-10
9.94589e-11
9.85393e-11
9.93683e-11
1.02409e-10
9.52318e-11
9.77739e-11
0.551398
0.368968
0.514275
0.259433
0.667907
0.67783
0.755896
0.690725
9.59229e-11
9.09288e-11
9.6323e-11
9.91068e-11
1.0008e-10
1.03283e-10
9.99153e-11
1e-10
1.00542e-10
1.03242e-10
1.03296e-10
9.94386e-11
1.0225e-10
1.03218e-10
1.00025e-10
9.99809e-11
1.01819e-10
1.03019e-10
9.98233e-11
1.06016e-10
1.05833e-10
1.05689e-10
0.00194256
0.0268474
1.0091e-10
9.8866e-11
9.97229e-11
9.90035e-11
1.01539e-10
0.0460977
9.99292e-11
1.02917e-10
9.94568e-11
1.02243e-10
9.55047e-11
1.05804e-10
1.01303e-10
0.00309232
9.96201e-11
9.95812e-11
1.00512e-10
1.06746e-10
9.34706e-11
9.62525e-11
1.04228e-10
9.45915e-11
9.61593e-11
9.3937e-11
1.10204e-10
9.859e-11
9.63071e-11
9.62064e-11
9.37978e-11
9.78428e-11
1.07382e-10
1.03204e-10
9.89295e-11
9.26113e-11
1.06553e-05
1.07472e-10
9.9771e-11
1.13711e-10
9.43589e-11
1.02641e-10
1.0109e-10
9.14095e-11
1.05636e-10
9.22855e-11
9.96554e-11
9.98315e-11
9.0165e-11
9.84751e-11
9.81722e-11
1.15346e-10
9.99418e-11
1.02896e-10
9.97225e-11
1.00002e-10
1.00021e-10
1e-10
0.79606
0.630508
0.711438
0.454258
0.571892
9.95281e-11
9.99338e-11
1.00779e-10
1.0001e-10
9.9499e-11
1.01386e-10
0.0399149
1.01916e-10
0.0423164
0.00550323
1.12673e-10
0.0793386
1.0226e-10
0.01627
1.04724e-10
1.10994e-10
1.07687e-10
9.53357e-11
9.74431e-11
9.81238e-11
9.42921e-11
9.6598e-11
9.65827e-11
9.50685e-11
1.01126e-10
1.00853e-10
1.11519e-10
1.03461e-10
1.01004e-10
9.87719e-11
1.04054e-10
9.93981e-11
1.00465e-10
1.0314e-10
1.00468e-10
1.07087e-10
1.00536e-10
1.00948e-10
1.01646e-10
9.99866e-11
1.00765e-10
1.0227e-10
1.01512e-10
1.01665e-10
1.00592e-10
1.06015e-10
1.00682e-10
1.047e-10
9.99748e-11
9.9782e-11
9.9058e-11
9.99348e-11
0.640286
0.522982
0.592343
0.47969
0.589339
0.14938
0.578958
0.499949
0.205466
0.443247
0.559593
0.648651
0.781719
9.94397e-11
1.01097e-10
1.00177e-10
9.35386e-11
1.01763e-10
9.79373e-11
1.01575e-10
9.98302e-11
9.75487e-11
9.81146e-11
0.00201483
1.003e-10
9.99761e-11
9.92463e-11
1.00476e-10
1.09245e-10
9.97752e-11
9.91978e-11
9.99665e-11
1.00017e-10
9.98033e-11
1.0002e-10
9.18973e-11
9.76851e-11
9.98068e-11
9.88713e-11
0.00602198
9.17506e-11
1.01049e-10
0.0812999
9.97571e-11
1.05765e-10
9.96763e-11
9.35414e-11
9.99278e-11
9.96792e-11
1.04673e-10
1.01032e-10
1.03121e-10
9.38663e-11
1.00033e-10
1.00019e-10
1.00172e-10
1.00313e-10
1.00788e-10
9.998e-11
0.633209
0.569028
0.313567
0.556054
0.634061
0.610459
0.658921
0.679962
0.266204
0.474664
0.63467
0.580514
0.559225
0.57055
0.2975
0.338674
0.489341
0.522851
0.525875
0.252506
0.584415
0.637307
1.03869e-10
1e-10
9.99499e-11
9.79416e-11
9.83639e-11
9.93392e-11
9.88695e-11
9.66734e-11
1.11458e-10
9.55477e-11
9.86827e-11
9.68185e-11
1.00549e-10
9.72681e-11
9.75673e-11
9.46472e-11
1.04861e-10
9.53205e-11
9.6381e-11
1e-10
2.45414e-10
1.01183e-10
9.93707e-11
1.08205e-10
9.89838e-11
1.00694e-10
1.00442e-10
9.96736e-11
9.7674e-11
1.00228e-10
0.0203714
9.88686e-11
0.00042352
7.36432e-11
9.43302e-11
0.00423492
9.70908e-11
1.00672e-10
0.00029675
1.07122e-10
9.94526e-11
9.69301e-11
9.85762e-11
9.97572e-11
9.61667e-11
8.86989e-06
1e-10
9.85956e-11
9.50597e-11
9.95826e-11
9.93749e-11
1.00319e-10
1.03421e-10
9.86354e-11
9.80441e-11
1.00128e-10
1.08665e-10
0.039571
9.86751e-11
1.03107e-10
1.04175e-10
1.08969e-10
0.230153
0.500882
0.238854
0.415448
0.403821
0.348638
0.341464
0.216814
0.3666
0.572342
0.662519
0.659427
0.226232
0.12459
0.365336
0.167844
0.20216
0.146305
0.449741
0.350887
0.265491
0.093241
0.140045
9.89618e-11
0.246448
0.179988
0.595912
0.514278
0.300019
0.282492
9.45298e-11
0.114036
0.181783
0.217073
0.114745
0.197071
0.334908
0.133873
0.0435436
0.092041
1.05955e-10
0.105212
0.130595
0.132257
0.284923
0.0106164
0.272664
0.197176
0.23708
0.0785983
0.0086308
0.0246187
0.105322
9.78146e-11
9.73683e-11
0.161157
0.088177
0.0185411
0.083866
0.0894844
9.95183e-11
9.45018e-11
0.102378
0.0103448
0.0877914
0.0712903
0.0114556
0.0642239
0.0942444
0.0862785
9.76862e-11
0.0572125
0.0963289
9.50961e-11
1.01816e-10
1.03533e-10
0.0496315
0.00124512
1.08673e-10
9.9484e-11
0.0264674
1.0279e-10
1.02093e-10
9.61133e-11
0.00282944
0.114074
1.01843e-10
1.04547e-10
0.0897892
0.08719
1.01014e-10
0.0979865
0.165933
0.0491175
1.0393e-10
0.0093403
9.85415e-11
1.03309e-10
0.0839802
9.7221e-11
0.012385
0.173392
9.80518e-11
0.0844464
9.54412e-11
1.00082e-10
0.131855
0.0109052
9.96203e-11
0.0870315
0.0960122
0.0166412
0.0538161
0.0966277
9.68878e-11
1.00044e-10
0.0366346
0.0778381
1.00871e-10
1.01837e-10
0.00207325
0.00633778
0.0865153
0.0655463
0.0787035
0.0583647
0.094059
0.174395
0.00526377
1.04714e-10
1.00084e-10
1.02185e-10
1.01749e-10
9.89197e-11
9.98857e-11
1.01499e-10
1.00249e-10
1.01336e-10
1.0096e-10
1.02218e-10
0.0810502
0.0830612
9.86142e-11
0.0892
0.156016
0.0197639
1.02882e-10
9.91774e-11
0.062685
9.98345e-11
1.04939e-10
0.096894
0.0168953
0.0733982
0.0821251
0.0110517
0.0937317
9.74765e-11
0.0964446
0.0774678
0.0418827
0.117224
0.00652584
0.0858195
0.0784327
1.11329e-10
0.275046
0.0469309
0.0284553
0.0210188
0.126215
0.184486
0.0960603
9.80306e-11
0.072013
0.0394774
0.257079
1.02998e-10
9.88603e-11
0.0833853
0.0985729
9.72383e-11
1.01005e-10
1.04229e-10
1.03809e-10
9.7706e-11
0.176362
0.170028
0.0982797
0.08401
0.279057
9.69303e-11
0.096633
0.00861775
0.0747814
1.03742e-10
0.137138
0.108109
1.03638e-10
0.0945024
0.284839
6.28543e-05
0.0445107
0.0368772
1.02047e-10
0.0885478
0.178861
0.12708
0.117684
0.176187
0.0787166
0.178502
0.0701751
0.0378072
0.115459
0.143137
0.0972633
0.0909641
9.49549e-11
0.0890368
0.0961681
0.0511249
0.0821304
0.0954487
0.0753438
0.0831225
0.143412
0.0997194
0.211024
0.0560757
1.01226e-10
1.00105e-10
0.0304618
0.0910961
9.78062e-11
0.141263
0.117421
0.0982811
0.0852199
0.0978712
0.261297
0.0977147
0.0882642
0.0825074
0.0426711
0.28417
0.245515
0.117028
0.142899
0.103514
0.29726
0.120267
0.224944
0.00675543
0.0895857
0.100994
0.366653
0.220992
0.441877
0.461515
0.431416
0.496966
0.275888
0.105913
0.334775
0.504734
0.22386
0.109684
0.367053
0.349398
0.29029
0.342321
0.169884
0.246002
0.289676
0.109981
0.465309
0.384098
0.10467
0.0919634
0.3094
0.279846
0.490519
0.50179
0.472782
0.462453
0.397579
0.165461
0.466122
0.278166
9.12414e-05
0.0791863
0.0475257
0.072442
3.21791e-06
9.98457e-11
0.0396911
1.00216e-10
0.0132804
0.0843966
0.000473765
9.99413e-11
0.000112477
0.0092359
1.12033e-10
1.00046e-10
0.101881
0.336714
1.08319e-10
0.185949
0.108655
0.0948693
0.257279
0.17625
0.0850975
0.219902
0.113096
0.0308629
0.15697
0.0417821
0.064825
0.0947709
1.04429e-10
1.04383e-10
9.79837e-11
9.82203e-11
1.01751e-10
0.0110625
0.0842772
1.03549e-10
0.084848
1.04405e-10
1.00734e-10
1.00524e-10
1.05603e-10
1.04441e-10
1.02779e-10
1.01995e-10
1.06932e-10
1.01989e-10
0.0853177
0.0720344
0.0911346
0.0935072
0.0894578
0.0921788
1.03384e-10
1.0356e-10
1.04214e-10
1.06082e-10
1.01715e-10
1.07026e-10
9.88051e-11
9.95354e-11
9.84878e-11
9.96736e-11
0.241696
0.106325
0.158427
0.149361
0.100146
1.02837e-10
0.0284449
0.0525266
0.109154
1.00207e-10
1.00482e-10
0.0109807
0.145937
0.165585
0.0496074
0.00726832
0.0761189
0.212135
0.140775
0.103012
0.055296
0.102206
0.192408
0.268171
0.141488
0.210893
0.233061
0.103283
0.376215
0.426582
0.132352
0.195242
0.134934
0.237828
0.106347
0.193681
0.182868
0.261447
0.0729442
0.117499
0.13972
0.207767
0.214658
0.150491
0.0784872
0.0945833
0.0915251
0.159569
9.8279e-11
0.0862852
0.09528
0.0936942
6.85118e-06
0.0853952
0.0823036
9.99722e-11
9.94564e-11
1.03036e-10
0.0296177
1.00727e-10
0.0228758
1.00806e-10
9.87475e-11
1.00072e-10
0.00576394
1.0235e-10
1.01509e-10
9.97605e-11
9.53002e-11
9.85633e-11
9.78162e-11
9.85527e-11
9.99056e-11
0.0109281
0.0117668
9.27588e-11
0.00556473
0.0483165
0.0357265
0.234282
0.181087
0.082333
1.06127e-10
1.04659e-10
0.0842276
1.05344e-10
9.88331e-11
1.02902e-10
3.01994e-10
1.03848e-10
1.03495e-10
9.77534e-11
1.04551e-10
9.88145e-11
9.83965e-11
9.8198e-11
9.80064e-11
9.88667e-11
1.02685e-10
1.01695e-10
0.0955123
0.139375
0.0501179
0.0515835
0.0332802
0.0388806
0.0983083
0.153697
0.115661
0.0767274
0.0765831
9.79988e-11
1.01423e-10
0.0513155
0.0173384
0.000236538
1.06399e-10
1.02885e-10
0.0592447
1.02316e-10
0.0408344
1.0326e-10
0.0920893
0.00283569
1.03593e-10
1.02422e-10
1.0458e-10
1.05211e-10
0.0924085
1.03047e-10
0.0489861
1.074e-10
9.82516e-11
9.51514e-11
1.02959e-10
1.07337e-10
0.0568056
0.00839914
9.40977e-11
9.82416e-11
1.03802e-10
1.01969e-10
1.10994e-10
0.0872294
0.0601992
0.0711603
1.06952e-10
0.0846353
1.03851e-10
1.05985e-10
1.00713e-10
1.03427e-10
0.0709917
0.0856331
0.0229327
0.0814419
0.0985897
0.0832201
0.00356309
1.04649e-10
1.04564e-10
1.01779e-10
0.0678343
1.06231e-10
0.0867204
0.0670722
1.05519e-10
0.0721522
1.04988e-10
0.0105098
1.01608e-10
1.06236e-10
0.0659201
1.04729e-10
1.01638e-10
1.07909e-10
1.04265e-10
1.04558e-10
1.06344e-10
1.01904e-10
1.01216e-10
1.23392e-10
9.88085e-11
9.71536e-11
1.03586e-10
9.55994e-11
1.02777e-10
9.96718e-11
1.06277e-10
1.08239e-10
0.0298338
1.04307e-10
1.02704e-10
1.07602e-10
0.090165
0.0474329
0.0470255
9.63739e-11
1e-10
9.94366e-11
1.16382e-10
0.0960504
0.0778116
0.0904294
0.0668928
9.85037e-11
0.0887262
0.0865079
0.0197394
0.0841571
0.000257506
0.091173
0.0505064
0.0730293
1.00559e-10
9.42981e-11
1.00525e-10
9.66231e-11
1.02061e-10
1.08291e-10
1.01981e-10
1.05654e-10
1.06327e-10
1.03791e-10
1.03002e-10
1.03249e-10
0.0702136
0.0930123
0.0928458
0.091783
9.94935e-11
0.0260187
1.05006e-10
9.28011e-11
9.66016e-11
9.64269e-11
9.66138e-11
1.04482e-10
9.72863e-11
1.00646e-10
1.03234e-10
1.04656e-10
1.02511e-10
1.02516e-10
1.0456e-10
1.03269e-10
1.03255e-10
1.06837e-10
9.55061e-11
9.72604e-11
1.04438e-10
1.08856e-10
9.90717e-11
9.87938e-11
0.0902297
0.0983981
0.0864414
0.0804975
0.1
1.03045e-10
0.0960303
9.88163e-11
9.65532e-11
9.79699e-11
1.00373e-10
0.0837837
0.0189336
9.91437e-11
9.98143e-11
9.61777e-11
1.0561e-10
9.4744e-11
1.04576e-10
9.64158e-11
1.04188e-10
9.78649e-11
1.10488e-10
9.46924e-11
1.1268e-10
9.6474e-11
8.59362e-11
9.86647e-11
1.01541e-10
8.55247e-11
9.69872e-11
9.84959e-11
9.83092e-11
0.0182593
9.97034e-11
9.7576e-11
9.53482e-11
9.73717e-11
9.61364e-11
1.08419e-10
9.38912e-11
9.70204e-11
9.74575e-11
9.60972e-11
0.000161497
9.78333e-11
1.0531e-10
1.02248e-10
1.09758e-10
9.94914e-11
9.41419e-11
9.21794e-11
1.05731e-10
1.02798e-10
1.07249e-10
9.45698e-11
0.0244056
0.020175
0.0137719
0.00645933
1.0592e-10
0.114253
0.00223482
0.10778
0.0067824
9.32975e-11
0.0205784
1.05317e-10
0.0123238
0.0909354
0.0634327
0.087056
1.04219e-10
9.51618e-11
9.84817e-11
9.63927e-11
9.28557e-11
0.0592113
0.00734814
3.16012e-05
9.86156e-11
0.000426064
1.05653e-10
9.66416e-11
9.32664e-11
9.57748e-11
0.00182012
9.71455e-11
9.60482e-11
9.19769e-11
9.65229e-11
1.0713e-10
9.7939e-11
1.06299e-10
1.06277e-10
9.9916e-11
9.42292e-11
9.67422e-11
9.61853e-11
9.47029e-11
9.09209e-11
9.69414e-11
0.0339368
9.47316e-11
9.72814e-11
0.0770877
0.0334087
0.0349112
1.00134e-10
9.80221e-11
9.88998e-11
1.00517e-10
0.00202597
0.00582987
9.47906e-11
1.01664e-07
9.57853e-11
9.53984e-11
9.70384e-11
9.38308e-11
9.88543e-11
1.04747e-10
1.08039e-10
9.56341e-11
1.03486e-10
1.04119e-10
1.00454e-10
7.3969e-05
0.0326105
0.0149083
1e-10
0.000245342
0.0145831
9.56874e-11
9.88099e-11
9.54101e-11
1.00099e-10
1.05974e-10
9.75343e-11
0.0521362
0.00221296
9.62416e-11
9.99991e-11
0.000640777
9.58243e-11
9.48968e-11
0.000843171
9.96276e-11
0.271067
1.12735e-10
0.119691
0.183337
9.94897e-11
0.000103309
0.105495
0.157161
0.0469329
0.167919
0.141671
0.0923122
0.0881628
0.077259
1.07114e-10
0.0357838
0.0316
0.379271
0.433033
0.225815
0.0697856
0.0117112
0.088323
0.284359
0.0527358
0.0244139
0.136259
0.101474
0.0662883
0.185187
0.0914678
0.116983
0.0428133
0.00142478
0.0982809
0.0919243
1.03503e-10
9.73353e-11
9.6914e-11
1.08836e-10
1.11024e-10
9.69106e-11
9.51941e-11
9.99462e-11
9.51251e-11
9.84345e-11
0.000957823
1.00202e-10
9.88968e-11
1.06126e-10
9.22088e-11
9.74953e-11
1.02404e-10
9.49545e-11
8.80681e-11
9.31121e-11
9.41215e-11
9.55678e-11
0.0070797
9.32981e-11
9.4931e-11
9.22051e-11
9.2337e-11
1.17556e-10
9.6449e-11
9.81074e-11
1.19585e-10
9.96221e-11
0.00884884
0.0734222
7.19833e-05
0.00950585
0.00191771
1.08232e-10
1.02703e-10
9.86597e-11
1.04337e-10
8.71511e-11
0.0306
0.0848334
1.03728e-10
1.04447e-10
1.08906e-10
0.000346174
1.06599e-10
1.09513e-10
1.00093e-10
0.0441213
0.000444135
1.03397e-10
1.0047e-10
1.03109e-10
0.286202
0.186263
0.405329
0.384589
0.194845
0.366176
0.343851
0.324502
0.299435
1.0437e-10
0.401841
0.401609
0.0751256
0.393111
0.154094
0.0475963
0.0542763
0.0905867
0.126772
0.415433
0.320564
0.258211
9.22271e-11
9.65567e-11
0.0968469
0.00417486
0.21362
9.55627e-11
0.346078
0.039136
0.00168126
1.04701e-10
0.2304
0.261546
0.000497669
1.05972e-10
9.41629e-11
1.02179e-10
0.0408124
0.0962389
1.64355e-10
0.124604
9.52273e-11
9.51869e-11
0.150518
0.00305302
1.00539e-10
1.03715e-10
0.0332271
0.0902355
1.06071e-10
1.19046e-10
9.94925e-11
1.02555e-10
9.79612e-11
9.65977e-11
0.0170137
0.095564
1.03111e-10
0.0352893
0.0909568
0.0907768
0.00381155
1.04576e-10
0.00384216
0.000821461
0.100961
9.51484e-11
9.74102e-11
0.0698685
1.0798e-10
0.0534587
0.0957979
0.0922678
0.0101085
0.09416
1.03564e-10
0.00118357
1.05433e-10
1.05089e-10
1.1087e-10
9.84631e-11
1.04768e-10
1.06387e-10
9.5539e-11
1.07082e-10
0.00079906
9.22145e-11
0.028326
1.02456e-10
9.43724e-11
8.20462e-05
0.0172832
1.13695e-10
0.0140962
8.82157e-11
0.0168379
0.0438613
9.56104e-11
1.02567e-10
1.07912e-10
1.06261e-10
1.00228e-10
1.01547e-10
0.0353698
0.0702693
0.0586222
1.04411e-10
0.062187
0.0472101
0.00777988
0.000723096
9.79886e-11
0.059498
0.114747
0.127452
0.127412
0.0905973
0.00589707
0.080104
1.064e-10
1.05862e-10
0.0265214
9.57244e-11
9.65721e-11
9.53336e-11
1.03028e-10
1.04647e-10
1.04016e-10
1.01516e-10
0.0616201
0.00167971
0.117643
0.116595
0.0773836
0.13735
0.0545608
0.175628
0.145115
0.043705
0.152691
0.124044
0.113738
0.0892171
0.0659456
0.0131377
0.109918
0.0751736
0.0863197
0.0984135
0.11957
0.106648
0.1
9.45615e-11
9.85806e-11
9.91489e-11
1.1387e-10
9.93359e-11
9.54484e-11
1.11018e-10
0.0092309
9.96906e-11
0.122765
0.0494739
1.06015e-10
9.94884e-11
0.0065553
1.03235e-10
1.02877e-10
9.70854e-11
0.0233973
9.86406e-11
1.034e-10
1.06602e-10
6.85265e-05
1.06901e-10
9.88956e-11
1.04893e-10
9.67762e-11
9.70501e-11
9.6772e-11
9.77063e-11
1.06576e-10
1.1602e-10
9.86109e-11
1.00997e-10
1.10921e-10
9.3888e-11
1.02346e-10
0.000126454
1.01351e-10
9.27738e-11
1.02875e-10
1.05277e-10
1.0517e-10
1.04406e-10
9.48656e-11
9.77436e-11
1.06698e-10
9.40095e-11
9.87444e-11
9.85695e-11
1.01892e-10
9.7702e-11
9.69679e-11
9.91797e-11
9.85385e-11
9.51149e-11
1.01464e-10
9.69253e-11
1.00426e-10
1.08212e-10
9.71261e-11
9.94041e-11
9.48764e-11
9.91966e-11
9.50507e-11
9.85417e-11
9.95034e-11
9.80926e-11
9.61771e-11
9.8888e-11
9.85254e-11
9.8563e-11
9.85642e-11
9.60803e-11
9.70029e-11
9.8668e-11
9.56119e-11
9.71145e-11
9.83677e-11
9.97393e-11
9.862e-11
9.91725e-11
9.52364e-11
1.01768e-10
9.85674e-11
9.90386e-11
9.46369e-11
9.38882e-11
9.65256e-11
9.7652e-11
9.98181e-11
9.76704e-11
1.11995e-10
9.50513e-11
1.00132e-10
1.03666e-10
9.75485e-11
9.73752e-11
1.00282e-10
9.56137e-11
9.43818e-11
1.0364e-10
9.87723e-11
1.00764e-10
8.96872e-11
9.69967e-11
1.02599e-10
9.01848e-11
9.56397e-11
9.26383e-11
1.01314e-10
1.0626e-10
9.75408e-11
9.65512e-11
1.31534e-10
9.57274e-11
1.07181e-10
1.01185e-10
1.11159e-10
9.2476e-11
9.61017e-11
9.30313e-11
9.48896e-11
9.98719e-11
9.37597e-11
9.53686e-11
1.00068e-10
9.67278e-11
9.75914e-11
9.81864e-11
9.90017e-11
1.07529e-10
9.64197e-11
9.73739e-11
9.77134e-11
1.04772e-10
1.04464e-10
1.14887e-10
9.63728e-11
9.82374e-11
1.03479e-10
9.92852e-11
9.94078e-11
1.01886e-10
9.82139e-11
1.03415e-10
9.61113e-11
9.23772e-11
9.99292e-11
9.45641e-11
9.70154e-11
9.36461e-11
1.0063e-10
1.00653e-10
1.04542e-10
9.80515e-11
9.8012e-11
9.90752e-11
9.85084e-11
9.83975e-11
9.52657e-11
9.8212e-11
1.02603e-10
9.96305e-11
9.68744e-11
9.81494e-11
9.85431e-11
9.74558e-11
9.7936e-11
1.02756e-10
1.03336e-10
9.46092e-11
9.86693e-11
9.8354e-11
1.02493e-10
9.88441e-11
1.00597e-10
9.99024e-11
1.01594e-10
1.08271e-10
9.57779e-11
9.56656e-11
9.64945e-11
1.26879e-10
9.79668e-11
9.27461e-11
9.95327e-11
9.32648e-11
1.01217e-10
9.93401e-11
9.32388e-11
9.44117e-11
1.08514e-10
9.89391e-11
1.0269e-10
9.59622e-11
9.96344e-11
9.92416e-11
1.07897e-10
9.35068e-11
9.77838e-11
9.66133e-11
1.05928e-10
9.60046e-11
0.00235785
9.78339e-11
9.84811e-11
9.28775e-11
1.04948e-10
1.01398e-10
1.03727e-10
1.03762e-10
1.02619e-10
9.59429e-11
1.05108e-10
9.63503e-11
9.73438e-11
1e-10
9.68652e-11
1.08292e-10
9.77274e-11
9.63197e-11
9.86364e-11
9.80533e-11
9.91156e-11
1.15322e-10
1.11605e-10
9.82371e-11
1.15653e-10
9.2976e-11
1.01207e-10
9.53518e-11
1.09214e-10
9.465e-11
9.46017e-11
1.02998e-10
9.54053e-11
9.54081e-11
1.02135e-10
1.02751e-10
1.48855e-05
9.34696e-11
1.05507e-10
9.56239e-11
0.00486777
1.06498e-10
1.01769e-10
1.02794e-10
9.31328e-11
1.01515e-10
9.65753e-11
1.07061e-10
9.78077e-11
9.82246e-11
9.40794e-11
9.63154e-11
9.33354e-11
9.41477e-11
9.28006e-11
1.17153e-10
1.00002e-10
9.8721e-11
1.08261e-10
9.64553e-11
1.01179e-10
1.04082e-10
9.67222e-11
1.0043e-10
1.04765e-10
1.04606e-10
9.24267e-11
1.1698e-10
9.90851e-11
9.73432e-11
9.98534e-11
9.9911e-11
9.75081e-11
9.46433e-11
1e-10
1.00916e-10
1.04123e-10
0.000174034
1.01669e-10
1.00559e-10
1.02433e-10
9.42195e-11
1.03074e-10
7.33704e-06
9.41102e-11
1.00038e-10
1.01994e-10
9.91843e-11
1.04949e-10
1.00088e-10
1.00961e-10
1.01459e-10
9.71504e-11
1.03678e-10
9.19685e-11
9.31861e-11
9.19239e-11
1.08028e-10
1.01319e-10
9.01547e-11
2.72835e-10
8.89887e-11
1.00008e-10
1.04352e-10
1.02784e-10
1e-10
9.4947e-11
1.02735e-10
1.04118e-10
7.52116e-11
9.34215e-11
9.82846e-11
1.20229e-10
1.04011e-10
9.90899e-11
1.02961e-10
9.79787e-11
9.97417e-11
1.04415e-10
1.02946e-10
1.13944e-10
9.46167e-11
1.09096e-10
9.99508e-11
1e-10
1.0043e-10
0.00903289
9.20362e-11
9.87144e-11
8.66081e-11
1.01443e-10
9.68761e-11
1.02046e-10
1.00609e-10
1.00524e-10
9.95609e-11
9.8378e-11
9.78656e-11
1.01968e-10
1.0185e-10
9.77027e-11
1.00686e-10
9.9195e-11
1.01892e-10
2.95561e-05
1.02575e-10
8.98804e-11
9.93237e-11
1.01333e-10
1.07483e-10
9.93947e-11
1.00168e-10
9.50602e-11
1.06586e-10
1.04042e-10
1.04494e-10
9.3306e-11
9.69353e-11
9.93878e-11
9.38681e-11
1.01672e-10
9.78963e-11
9.78014e-11
9.97993e-11
1e-10
9.63676e-11
1.03538e-10
9.54432e-11
1.03239e-10
1.0556e-10
9.78017e-11
1.03547e-10
1.12983e-10
9.75874e-11
1.01047e-10
1.0458e-10
1.01915e-10
9.78674e-11
9.73249e-11
1.01047e-10
9.80803e-11
1.11859e-10
1.00199e-10
1.05575e-10
9.80119e-11
9.41487e-11
0.000707709
1.00255e-10
0.000178482
9.77052e-11
1.01524e-10
9.80467e-11
9.86987e-11
9.93236e-11
9.953e-11
9.93272e-11
9.50835e-11
1.05107e-10
9.70426e-11
9.98005e-11
9.5161e-11
9.82096e-11
1.02488e-10
9.82659e-11
9.94558e-11
1.00493e-10
9.81459e-11
9.93536e-11
1.02227e-10
9.87899e-11
9.59531e-11
1.01447e-10
9.98962e-11
1.07661e-10
1.02527e-10
1.0172e-10
0.0107937
0.0603924
1.01131e-10
1.02414e-10
1.13032e-10
0.000508991
1.16813e-10
1.02271e-10
9.52365e-11
1.05769e-10
1.02965e-10
1.02163e-10
9.63034e-11
9.78907e-11
8.84706e-11
1.25971e-10
9.28358e-11
9.12945e-11
1.00343e-10
1.00921e-10
1e-10
1.01984e-10
9.29694e-11
1.08391e-10
9.8987e-11
1.29107e-10
9.86113e-11
9.74516e-11
9.46958e-11
9.97167e-11
1.07037e-10
9.72872e-11
1.02035e-10
1.01517e-10
1.02972e-10
1.00178e-10
1.03977e-10
1.07543e-10
1.08331e-10
9.93262e-11
1.05171e-10
1.01141e-10
9.68343e-11
9.82336e-11
1.01824e-10
1.00469e-10
9.98751e-11
9.84388e-11
1.01242e-10
1.09121e-10
0.00192786
1.06267e-05
9.88608e-11
1.0513e-10
9.79229e-11
9.64121e-11
1.14958e-10
9.57813e-11
1.17083e-10
1.04069e-10
1.02355e-10
1.04678e-10
9.61197e-11
9.47188e-11
1.04937e-10
1.02392e-10
1.05128e-10
1.1068e-10
9.90738e-11
9.7668e-11
9.6039e-11
9.56702e-11
9.61561e-11
9.91445e-11
9.88309e-11
9.24231e-11
9.98812e-11
9.66082e-11
1.06111e-10
9.61696e-11
1.01814e-10
9.84625e-11
1.05012e-10
9.66126e-11
9.93001e-11
1.09321e-10
9.97852e-11
9.91229e-11
1.00022e-10
1.02723e-10
9.82237e-11
9.94929e-11
1.12677e-10
9.78255e-11
9.63174e-11
9.61022e-11
9.55556e-11
1.02265e-10
9.66946e-11
1.03284e-10
9.64797e-11
1.04026e-10
9.60374e-11
1.02339e-10
1.0838e-10
1.01505e-10
1.05828e-10
9.57778e-11
9.60782e-11
9.73849e-11
1.00204e-10
9.2446e-11
1.06131e-10
9.85505e-11
9.94684e-11
9.79369e-11
9.81227e-11
9.78964e-11
9.58521e-11
9.93033e-11
9.79825e-11
9.75097e-11
9.75004e-11
9.89699e-11
1.00656e-10
9.94391e-11
9.86385e-11
1.11435e-10
1.02499e-10
1.01346e-10
9.96438e-11
9.6771e-11
9.73034e-11
1.06042e-10
9.92471e-11
9.7738e-11
1.04354e-10
1.02702e-10
1.04693e-10
1.01497e-10
9.84255e-11
0.000240375
9.75344e-11
1.03232e-10
1.05046e-10
0.000588425
1.07003e-10
1.04102e-10
1.02411e-10
1.06824e-10
1.12536e-10
9.24753e-11
1.12084e-10
1.07561e-10
1.13546e-10
9.9923e-11
9.93522e-11
9.94407e-11
0.000348789
9.47277e-11
0.0010013
1e-10
9.73683e-11
1e-10
1.03751e-10
1.02167e-10
1.11486e-10
2.9219e-05
9.84707e-11
9.6178e-11
9.13164e-11
9.63774e-11
1.00204e-10
9.91514e-11
9.97282e-11
9.95811e-11
1.11017e-10
1.02585e-10
9.62856e-11
9.68337e-11
1.00739e-10
9.91237e-11
1.00068e-10
4.17512e-10
1.21739e-10
1.05352e-10
9.27832e-11
9.3483e-11
1e-10
9.85851e-11
0.00013969
1.00296e-10
1.07362e-10
9.99339e-11
9.28108e-11
1.00318e-10
1.07109e-10
9.81382e-11
9.27855e-11
1.13208e-10
1.22716e-10
9.18439e-11
9.84151e-11
9.55288e-11
1.01818e-10
9.95163e-11
9.96866e-11
1.04538e-10
9.8694e-11
1.08828e-10
1.07134e-10
1.02313e-10
1.01955e-10
1.02873e-10
1.02834e-10
1.02739e-10
1.03671e-10
1.04007e-10
1.03926e-10
0.0932521
1.00732e-10
1.25209e-10
1.03361e-10
1.14475e-10
1.0398e-10
1.02466e-10
1.00323e-10
1.0055e-10
1.14939e-10
9.82954e-11
1.09955e-10
9.64896e-11
1.0703e-10
1.02907e-10
1.00151e-10
9.61992e-11
1.06244e-10
1.03641e-10
1.03096e-10
9.91208e-11
1.10984e-10
1.0343e-10
1.02053e-10
1.0616e-10
1.01186e-10
9.7963e-11
9.59553e-11
9.94464e-11
9.83387e-11
1.04075e-10
1.02122e-10
1.08568e-10
9.81515e-11
1.0174e-10
9.77609e-11
1.04612e-10
1.01714e-10
9.92656e-11
1.01002e-10
1.04274e-10
0.033534
0.416305
1.10831e-10
6.81313e-11
9.59721e-11
1.07463e-10
9.53274e-11
9.28498e-11
1e-10
9.99223e-11
0.00567821
9.89243e-11
1.00704e-10
9.60602e-11
0.000736352
0.000180468
0.0929424
0.627823
0.0333288
0.0240969
0.00218128
1.0091e-10
0.0036183
1.00666e-10
9.9152e-11
1.10281e-10
9.83103e-11
0.00443382
1.81287e-10
0.000178027
1.00511e-10
1.00115e-10
1.06681e-10
9.81097e-11
1.0542e-10
9.97454e-11
1.02669e-10
1.03809e-10
9.76976e-11
9.66164e-11
9.59e-11
1.02546e-10
1.02805e-10
1.18494e-10
9.88571e-11
9.78718e-11
1.06746e-10
1.0658e-10
9.97914e-11
1.04036e-10
1.15177e-10
9.19304e-11
1.03971e-10
9.9291e-11
1.00348e-10
1.00008e-10
9.82896e-11
1.04794e-10
9.60349e-11
1.05957e-10
1.04955e-10
9.40251e-11
9.69464e-11
1.01445e-10
1.04427e-10
9.93197e-11
9.60255e-11
9.84772e-11
1.00121e-10
1.01565e-10
1.0169e-10
1.01124e-10
1.16988e-10
1.04056e-10
1.01276e-10
1.14516e-10
9.79079e-11
9.98281e-11
1.00021e-10
1.00785e-10
1.00097e-10
1.0796e-10
1.01548e-10
1.00621e-10
1.07075e-10
9.76895e-11
1.07544e-10
1.01315e-10
1.02835e-10
9.85323e-11
1.05401e-10
1.02727e-10
1.00271e-10
1.18518e-10
9.88265e-11
9.92432e-11
1.04816e-10
1.24702e-10
1.12382e-10
0.088832
1.00628e-10
1.10271e-10
9.84073e-11
1.02127e-10
9.67881e-11
1.02263e-10
0.0799659
1.01831e-10
1.03183e-10
1.01237e-10
1.02033e-10
1.11406e-10
9.86974e-11
1.03155e-10
1.05058e-10
1.14965e-10
1.07634e-10
1.15356e-10
9.6213e-11
9.83657e-11
1.05606e-10
1.0144e-10
1.07144e-10
1.01002e-10
1.0704e-10
1.08869e-10
1.02725e-10
9.74344e-11
9.87255e-11
1.00563e-10
0.0125
9.76388e-11
9.88285e-11
1.00928e-10
1.002e-10
9.51431e-11
9.95187e-11
1e-10
1.00093e-10
9.54334e-11
9.99492e-11
1.01818e-10
1.0319e-10
1e-10
5.32299e-05
9.72477e-11
9.48292e-11
1.15428e-10
1.05816e-10
1.06772e-10
1.00545e-10
1.02724e-10
9.98676e-11
1.00921e-10
1.01733e-10
9.97366e-11
1.03108e-10
1.00369e-10
1.03335e-10
9.94366e-11
9.83589e-11
9.9116e-11
9.73674e-11
1.00754e-10
1.04653e-10
9.81931e-11
0.0639156
0.686183
9.95409e-11
0.00198247
9.56349e-11
9.39361e-11
9.94833e-11
9.96804e-11
9.99963e-11
1.04079e-10
9.90769e-11
9.99407e-11
1.01171e-10
1.15218e-10
1.03659e-10
9.95079e-11
9.84143e-11
1.00136e-10
1.01807e-10
9.96795e-11
0.0909257
9.83632e-11
9.31432e-11
9.22873e-11
9.80257e-11
9.59961e-11
9.22439e-11
9.90122e-11
1.04764e-10
9.911e-11
9.94943e-11
9.834e-11
1.08123e-10
1.00006e-10
1.13295e-10
1.00659e-10
1.00912e-10
1.02597e-10
9.75224e-11
1.00644e-10
9.98371e-11
1.05576e-10
1.1181e-10
1.02879e-10
1.03212e-10
1.0229e-10
1.04123e-10
1.04457e-10
1.04337e-10
1.02225e-10
9.64834e-11
1.01244e-10
1.01204e-10
1.01743e-10
1.12017e-10
1.01322e-10
9.90475e-11
1.12032e-10
1.00584e-10
1.00075e-10
9.99994e-11
1.00345e-10
1.00297e-10
9.95381e-11
1.02081e-10
1.00804e-10
9.99807e-11
1.06032e-10
1.05438e-10
1.00431e-10
1.00671e-10
1.35013e-10
9.83233e-11
1.00003e-10
1.00623e-10
1e-10
1.0598e-10
9.76953e-11
1.05175e-10
1.07858e-10
1.02419e-10
1.13399e-10
1.01828e-10
0.0355975
0.194165
0.0208498
0.0718694
1.08e-10
9.9768e-11
1.04464e-10
1.04161e-10
1.0056e-10
1.00001e-10
1.04429e-10
1.08652e-10
1.01802e-10
1.00711e-10
1.07315e-10
9.95116e-11
1.01115e-10
1.01021e-10
9.25742e-11
1.03349e-10
0.000775554
9.70147e-11
9.98239e-11
1.18866e-10
0.0168816
0.00940359
0.0924404
9.03371e-11
9.72871e-11
9.86454e-11
1.11336e-10
8.94441e-11
9.99256e-11
9.85738e-11
9.70255e-11
8.66659e-11
9.95714e-11
1.08075e-10
9.49735e-11
9.99765e-11
9.16561e-11
9.87669e-11
1.04276e-10
1.02456e-10
9.23487e-11
1.01102e-10
0.00130856
9.77825e-11
9.11411e-11
9.04767e-11
0.0116622
9.94481e-11
1e-10
1.00018e-10
1.00343e-10
9.97277e-11
1e-10
9.97732e-11
1.01609e-10
1.00641e-10
1.01906e-10
1.00235e-10
0.024406
0.00512166
9.96738e-11
1.05677e-10
9.58517e-11
1.03438e-10
1.00091e-10
9.49181e-11
0.0100957
9.84552e-11
0.0444265
0.0142182
9.90579e-11
9.72554e-11
0.00821673
0.000484697
1.01125e-10
1.05073e-10
1.03417e-10
1.01801e-10
9.99838e-11
1.18695e-10
1.0025e-10
1.05642e-10
9.97307e-11
1.00678e-10
1.0229e-10
9.9081e-11
1.00477e-10
9.90985e-11
1.02042e-10
9.7281e-11
1.02476e-10
1.01823e-10
1.04833e-10
1.05236e-10
1.04742e-10
1.00812e-10
1.04723e-10
1.05916e-10
1.0071e-10
1e-10
9.82803e-11
9.86286e-11
1.14324e-10
9.75417e-11
1.04764e-10
1.0026e-10
1.02725e-10
1.02031e-10
1.00146e-10
1.01492e-10
1.00073e-10
9.79493e-11
1.0068e-10
9.874e-11
9.78839e-11
1.00766e-10
9.93355e-11
1.00159e-10
1.02402e-10
1.0064e-10
9.99692e-11
9.92377e-11
9.96626e-11
1.00978e-10
0.00496153
1.06665e-10
1.01288e-10
9.99995e-11
1.00989e-10
1.29323e-10
1.05408e-10
9.89562e-11
1.85353e-06
9.94485e-11
1.14811e-10
1.09753e-10
1.17682e-10
9.89528e-11
1.00453e-10
9.87908e-11
9.92005e-11
1e-10
9.83511e-11
1.1441e-10
9.77617e-11
0.00124524
9.68213e-11
9.61975e-11
0.0149085
9.84923e-11
1.18799e-10
1.08683e-10
9.98665e-11
1.00043e-10
9.91738e-11
0.0248876
1.01063e-10
1e-10
9.95333e-11
9.93927e-11
0.075
1.00121e-10
9.89605e-11
1e-10
9.9521e-11
1.07766e-10
0.0147939
9.90766e-11
0.00244423
9.74312e-11
1.00069e-10
1.00399e-10
9.83826e-11
9.89942e-11
9.57534e-11
9.69608e-11
1.00191e-10
9.78893e-11
0.00547135
9.98953e-11
0.0162436
0.0286572
1.16555e-10
1.00024e-10
1.02205e-10
0.0135278
9.92585e-11
0.089187
9.99373e-11
0.057273
9.20342e-11
0.0748103
9.61657e-11
9.76939e-11
9.70215e-11
0.0788016
0.0478295
0.00197724
0.0354214
1e-10
0.0829331
0.0830778
1e-10
9.9795e-11
9.91739e-11
0.00809287
0.0314169
9.61065e-11
9.52713e-11
9.41331e-11
9.82148e-11
9.71473e-11
0.0627667
9.81238e-11
9.26557e-11
1.11455e-10
9.78976e-11
1.01405e-10
1.01041e-10
0.0869026
9.25688e-11
9.58037e-11
9.58987e-11
0.0911838
9.93842e-11
1.02817e-10
9.46374e-11
9.6414e-11
0.0019545
0.0104977
0.0909102
0.045272
9.74709e-11
0.0366932
0.0800183
0.0710946
9.57188e-11
9.63587e-11
9.73846e-11
9.84868e-11
0.0927284
9.76121e-11
9.87311e-11
1e-10
0.0153669
0.00729138
1.06078e-10
9.97392e-11
9.95621e-11
9.41047e-11
1.0288e-10
1.06035e-10
9.93932e-11
9.9293e-11
1.006e-10
1.00764e-10
1.00304e-10
0.00385717
0.000210131
1.01931e-10
9.9973e-11
1.01379e-10
1e-10
0.0245437
1e-10
1.0006e-10
1.06868e-10
1.06722e-10
9.42451e-11
9.3359e-11
1.03236e-10
1.02373e-10
9.46432e-11
1.09225e-10
0.00223904
9.86963e-11
9.88759e-11
0.0102267
0.0129283
1.01343e-10
1.05562e-10
0.000464766
1.01755e-10
1.04654e-10
9.67571e-11
1.06534e-10
1.05411e-10
1.03943e-10
9.40179e-11
9.94727e-11
1.02343e-10
9.96064e-11
9.85874e-11
1.09789e-10
1.0257e-10
0.0133664
1.03507e-10
1.04245e-10
0.0692063
0.0767133
1.12293e-10
0.0652033
0.0593241
1.07069e-10
9.58315e-11
0.0614299
9.49783e-11
9.18786e-11
0.0406189
9.72745e-11
0.0126821
1.10444e-10
0.0173672
1.04733e-10
9.55185e-11
9.66175e-11
0.0399608
0.0685134
9.123e-11
9.54677e-11
1e-10
9.59433e-11
1.00037e-10
1e-10
1.03208e-10
1e-10
2.476e-05
0.00035301
0.00096782
0.0703833
9.49926e-11
1.02182e-10
1.05018e-10
1.03111e-10
1.03452e-10
1.0183e-10
0.0633337
9.93029e-11
0.0307004
0.053023
1.09256e-10
0.0143873
9.55451e-11
9.96971e-11
1.01977e-10
1.07982e-10
9.64699e-11
9.78196e-11
1.00057e-10
0.0224635
9.85793e-11
9.55438e-11
1.01884e-10
1.00453e-10
0.0729703
0.071826
1.01993e-10
1.31597e-10
9.95164e-11
1.08172e-10
1.24703e-10
0.0906396
0.075846
1.06118e-10
0.0725
1.02956e-10
1.03715e-10
9.79354e-11
0.00477661
0.0739632
0.000353517
0.0274548
0.020199
0.0234785
0.021798
0.109349
1.06569e-10
1.03493e-10
9.93092e-11
1.05689e-10
1.03893e-10
1.07201e-10
1.03648e-10
9.95332e-11
1.01619e-10
9.87222e-11
0.000239601
0.0751263
1.09617e-10
1.002e-10
9.66421e-11
0.0001563
1.07184e-10
1.0121e-10
0.0149158
9.62716e-11
0.074579
9.87259e-11
0.0938933
1.0581e-10
0.046966
0.0799017
9.41711e-11
9.20175e-11
1.02035e-10
0.00169074
1.06248e-10
1.02515e-10
9.50633e-11
9.52848e-11
0.0870983
9.6126e-11
9.33204e-11
9.29646e-11
1.04688e-10
0.00119354
0.0142177
0.00555516
0.0234168
1.04413e-10
1.04475e-10
1.06824e-10
9.43866e-11
0.147293
0.141112
9.72438e-11
0.0636026
9.60269e-11
9.9437e-11
0.134013
0.0457154
0.0663878
0.0972299
0.0612117
0.077353
1.0056e-10
0.0442956
0.362751
0.0498648
0.0681558
0.0761646
9.61049e-11
1.03397e-10
0.0950877
0.0856262
0.00788655
1.03169e-10
1.05377e-10
1.03121e-10
1.02985e-10
1.01319e-10
0.0079069
1.00747e-10
1.04049e-10
1.07986e-10
0.00315122
1.07288e-10
1.10645e-10
0.0369729
1.0884e-10
0.0817058
0.0145605
0.0916153
0.0908496
0.0919145
0.0920397
0.0305401
1.01636e-10
0.0397088
0.0849214
0.0797614
9.89363e-11
0.0188489
1.08191e-10
0.0840305
0.0962718
0.0605654
0.0939209
0.0575603
0.0832472
0.0924162
0.0556164
0.0866063
0.0891438
1.03501e-10
0.0865066
0.0361952
9.37542e-11
0.0837753
8.86288e-11
0.0271666
1.13612e-10
0.051961
0.091587
9.42974e-11
0.0795781
0.0927586
0.0734687
1.48203e-10
0.08491
0.0723971
0.034857
0.0713035
0.0287993
9.80371e-11
1.02807e-10
0.084298
1.03352e-10
0.0889412
9.77921e-11
0.0854056
0.0650491
0.0725034
9.89044e-11
9.97279e-11
1.00541e-10
9.6967e-11
9.25881e-11
0.1
0.0837553
0.0846481
0.1
9.46865e-11
0.068775
0.00845374
1.02279e-10
0.0879414
0.0907874
0.0988741
9.47618e-11
0.0888828
0.0660044
9.69521e-11
0.064783
9.67015e-11
0.0867263
0.0919988
9.36809e-11
1.0018e-10
0.0774578
0.0833241
0.0823125
0.0975865
0.0920418
0.0986615
0.0949342
9.57344e-11
0.0790029
9.58126e-11
0.0896777
9.76717e-11
0.0731679
0.0303221
0.0792598
0.00079596
0.0946547
0.0840512
0.0780537
0.0987999
8.3825e-11
8.58913e-11
9.52929e-11
0.0774691
0.0879472
0.0148637
9.1262e-11
6.57719e-05
0.0716101
1.04005e-10
1.02149e-10
0.0751337
1.00273e-10
8.56377e-11
0.0103761
9.49524e-11
0.000673377
0.0918565
9.76137e-11
0.0947774
9.08702e-11
1.08267e-10
1.01263e-10
0.0766008
0.0913881
8.62164e-11
0.588393
1.02073e-10
3.59603e-06
9.41265e-11
9.89096e-11
9.21591e-11
0.0851719
0.0540362
0.0316659
1.26895e-10
9.8278e-11
1.0113e-10
0.00897227
1.00455e-10
0.0326797
0.000165967
1.13411e-10
9.88744e-11
1.06848e-10
1.02292e-10
1.10427e-10
1.09451e-10
1.15875e-10
1.01746e-10
1.00842e-10
9.46458e-11
1.05065e-10
0.00915762
1.13884e-10
1.04601e-10
1.03897e-10
0.0140597
1.01427e-10
0.0393995
0.0433331
1.15252e-10
0.0231597
1.1649e-10
0.0228358
0.0961869
0.0959752
0.0434413
9.57493e-11
1.01356e-10
1.09947e-10
9.90756e-11
0.0701603
1.0138e-10
1.14431e-10
0.0581804
9.92054e-11
1.00175e-10
1.14715e-10
0.0884264
0.098874
9.64078e-11
0.080082
0.0817768
9.56116e-11
1.03436e-10
9.95971e-11
0.0797483
0.0115493
1.03517e-10
9.8786e-11
1.07926e-10
1.04376e-10
0.00510784
1.01514e-10
0.0886316
9.37831e-11
0.0827366
0.0799307
9.50664e-11
0.0778036
0.0761577
9.43659e-11
0.0860224
1.0249e-10
0.0670681
0.07865
9.86938e-11
1.01031e-10
1.04111e-10
1.01991e-10
1.13808e-10
1.03506e-10
1.05815e-10
1.02838e-10
1.00304e-10
9.49867e-11
0.0593028
1.01507e-10
0.051772
9.95592e-11
0.0731114
0.0932689
0.0401822
9.56714e-11
1.05677e-10
1.18944e-10
1.16417e-10
1.06112e-10
1.06794e-10
0.0105058
0.107782
0.288408
0.0811473
1.07847e-10
0.0495038
0.0856734
9.81095e-11
1.04928e-10
0.213098
0.0295274
0.0864117
0.0418676
0.0861231
0.160004
0.00117174
0.0199042
9.8755e-11
9.7543e-11
0.148667
0.0611959
0.0717881
9.73517e-11
1.03638e-10
9.66933e-11
0.0816471
0.00565617
0.08209
0.0913491
0.0980949
0.00665292
0.000418174
0.102203
0.0761598
1.08178e-10
1.05029e-10
0.0127583
0.098437
0.271829
0.14119
0.0967582
0.279652
1.11659e-10
1.0349e-10
1.01868e-10
1.05312e-10
1.04039e-10
0.0116617
1.03659e-10
9.65157e-11
9.88067e-11
9.79417e-11
1.03273e-10
1.03258e-10
9.66843e-11
0.0131272
0.0190709
0.0239794
1.04253e-10
1.67826e-10
9.40397e-11
9.98063e-11
1.03758e-10
1.03868e-10
9.34463e-11
9.72158e-11
0.00133907
0.00607079
9.78677e-11
9.98884e-11
9.92027e-11
9.88049e-11
1.02637e-10
9.92466e-11
0.164389
0.479898
0.0912876
0.0767437
1.0456e-10
1.11805e-10
9.76686e-11
0.188746
9.65164e-11
9.60433e-11
0.28148
0.205811
9.64095e-11
9.41472e-11
1.02132e-10
9.29182e-11
1.06531e-10
9.22658e-11
1.03282e-10
9.71711e-11
1.00006e-10
9.68983e-11
9.77226e-11
1.04051e-10
1.09155e-10
9.52286e-11
0.000435712
0.00374655
0.0192382
9.58877e-11
0.0194619
1.06969e-10
1.02875e-10
0.00130738
1.01341e-10
9.60132e-11
0.122832
0.290769
9.60925e-11
1.07449e-10
9.85177e-11
0.000354408
0.116109
0.0640017
0.359287
0.042484
0.0397432
0.0480401
0.208479
0.179369
1.00708e-10
0.0997652
0.0368507
1.0366e-10
0.0558505
9.11041e-11
9.83092e-11
9.34922e-11
0.00321108
1.02198e-10
0.00114684
9.89823e-11
0.0191499
0.000724506
0.0524212
0.080393
1.31605e-10
9.48278e-11
0.368193
0.319533
0.0105711
1.09429e-10
1.007e-10
0.0297421
1.00428e-10
0.00324041
0.0921061
0.205839
1.06682e-10
1.06409e-10
1.04633e-10
9.52879e-11
1.02749e-10
1.02525e-10
1.02809e-10
1.01786e-10
0.00405486
1.02043e-10
1.01163e-10
9.88325e-11
1.00013e-10
1.00178e-10
1.02624e-10
1.02252e-10
9.99178e-11
0.0314149
1.05346e-10
1.01879e-10
1.04046e-10
1.05241e-10
1.12069e-10
1.01204e-10
1.06073e-10
0.000344145
1.02484e-10
1.01838e-10
1.02151e-10
9.70716e-11
1.0174e-10
1.09592e-10
1.04777e-10
9.96749e-11
9.1736e-11
9.98311e-11
1.01882e-10
1.00354e-10
9.05831e-11
1.10024e-10
1.04291e-10
1.02382e-10
1.00795e-10
0.00141521
1.06563e-10
1.02046e-10
1.14356e-10
9.8431e-11
1.02813e-10
1.40723e-05
9.52509e-11
1.15395e-10
8.99232e-11
9.83425e-11
9.96831e-11
0.0876095
9.99129e-11
1.00061e-10
9.97935e-11
0.0139442
1.00192e-10
0.0352139
1.03176e-10
9.93097e-11
1.10911e-10
9.70376e-11
9.31363e-11
9.59211e-11
2.73985e-07
9.97735e-11
0.000280668
1.01426e-10
1.06282e-10
9.48514e-11
1.05582e-10
1.03978e-10
1.05113e-10
9.53628e-11
1.02128e-10
3.29576e-06
0.000838658
1.01437e-10
9.34864e-11
9.70542e-11
1.09352e-10
9.33408e-11
1.06288e-10
1.00666e-10
9.98033e-11
1.02148e-10
9.3669e-11
9.76877e-11
9.76215e-11
9.60466e-11
9.81357e-11
1.06214e-10
1.03333e-10
1.02526e-10
9.99536e-11
1e-10
1.09347e-10
1.02607e-10
9.9777e-11
9.4559e-11
1.24367e-10
1.02351e-10
9.1072e-11
9.7853e-11
1.00594e-10
9.85375e-11
9.89036e-11
9.88586e-11
9.92952e-11
9.88337e-11
9.7966e-11
1e-10
5.44589e-05
9.90993e-11
9.90447e-11
1e-10
9.9926e-11
1.00337e-10
1.04345e-10
1.1057e-10
1.20439e-10
9.6981e-05
9.79725e-11
1.0148e-10
9.8263e-11
1.04779e-10
9.93561e-11
1.04233e-10
1.00505e-10
1.00037e-10
1.01051e-10
0.00153943
9.54421e-11
9.29088e-11
9.09138e-11
9.26141e-11
9.93168e-11
1.03114e-10
9.3864e-11
1.15936e-10
1.03998e-10
1.08823e-10
1.06464e-10
9.2435e-11
1.0076e-10
1.0547e-10
9.27036e-11
1.0116e-10
9.21328e-11
1.00297e-10
9.40035e-11
1.04685e-10
8.79367e-11
8.99602e-11
9.57596e-11
9.44357e-11
0.00182767
8.843e-11
9.16404e-11
9.1239e-11
9.3549e-11
1.05819e-10
9.74758e-11
1.038e-10
1.04417e-10
1.06705e-10
9.06414e-11
9.34524e-11
8.87316e-11
9.16848e-11
1.06853e-10
9.82481e-11
9.32059e-11
1.04897e-10
9.49762e-11
8.89816e-11
9.01714e-11
0.000760845
9.0544e-11
1.01899e-10
0.00932871
8.65171e-11
1.15053e-10
9.06888e-11
8.78812e-11
1.03603e-10
8.85205e-11
1.06384e-10
1.15633e-10
1.00772e-10
1.01722e-10
9.92617e-11
2.22217e-10
9.38782e-11
1.03753e-10
9.10391e-11
9.94147e-11
1.03579e-10
0.0023747
1.13784e-10
1.03533e-10
1.02232e-10
9.88337e-11
9.82065e-11
9.00189e-11
0.00297072
1.00853e-10
8.95876e-11
1.07591e-10
9.75143e-11
1.06281e-10
1.07407e-10
8.72113e-11
9.66759e-11
8.88051e-11
9.08923e-11
1.01506e-10
9.95297e-11
9.92341e-11
1.0942e-10
8.75035e-11
9.28865e-11
9.98083e-11
9.86838e-11
9.46273e-11
9.79996e-11
9.44359e-11
9.36304e-11
1.04901e-10
1.02204e-10
1.07377e-10
9.91577e-11
1.08271e-10
1.04805e-10
1.05696e-10
1.14973e-10
1.0271e-10
9.89099e-11
1.15468e-10
1.09858e-10
1.06652e-10
1.14377e-10
1.10497e-10
9.34622e-11
1e-10
9.90239e-11
1.01667e-10
9.99748e-11
9.99498e-11
9.93131e-11
1.04535e-10
1.02917e-10
9.52419e-11
1.00393e-10
1.00921e-10
9.96543e-11
0.968634
0.697964
0.743845
1e-10
0.117401
0.0915084
0.121861
0.0748529
0.0233611
0.163702
0.000459786
0.0394597
0.117208
0.106905
0.413176
0.454138
0.5583
0.582892
0.570173
0.513948
0.481869
0.538131
0.441343
0.574353
0.455575
0.507935
0.505651
0.00330408
0.0159081
1.00516e-10
0.0763205
1.03633e-10
0.0665497
9.21147e-11
0.0486432
0.0461714
0.00457465
0.0626672
9.56488e-11
0.106104
1.1155e-10
0.0447031
1.01964e-10
1.03639e-10
0.0626286
0.0793643
1.05316e-10
0.0482256
1.05445e-10
0.0833081
0.0672056
9.87423e-11
0.0932984
0.0936574
0.033112
0.0772953
0.0427345
0.0608929
0.0903115
9.93236e-11
0.0445646
0.035769
1.04533e-10
9.74999e-11
0.000810778
0.0719704
0.0657838
0.0756628
0.0734564
0.00512489
0.265347
0.260207
0.0272931
9.62075e-11
8.89526e-05
0.000130637
0.0840882
0.0206819
0.347216
0.0277293
0.486905
0.40464
0.350452
1.05387e-10
0.107554
0.598493
0.49721
0.481203
0.295844
0.438235
0.0886114
0.397883
0.362635
0.0384381
0.385729
0.117184
0.150109
0.174118
0.0855127
0.0932785
0.147583
0.146992
0.818657
0.106589
0.0953175
0.000306812
0.237297
0.0401964
0.347182
0.0816406
0.137533
0.298639
0.243675
0.273411
0.356032
0.197844
0.312295
0.0748002
0.251391
1.05286e-10
1.04514e-10
1.05261e-10
1.05016e-10
1.06192e-10
9.30037e-11
1.00697e-10
9.77177e-11
1.03061e-10
9.65612e-11
1.03869e-10
1.01008e-10
1.22166e-10
9.67645e-11
1.09702e-10
1.00889e-10
9.3798e-11
1.21514e-10
9.71935e-11
1.10651e-10
1.08056e-10
1.0689e-10
2.12328e-10
1.10866e-10
1.02779e-10
0.0489223
9.17424e-11
1.05262e-10
1.03518e-10
8.91725e-11
1.01281e-10
1.01756e-10
9.86724e-11
1.10333e-10
9.82021e-11
9.38046e-11
8.55913e-05
1.02472e-10
1.11056e-10
9.65443e-11
9.85119e-11
1.00978e-10
0.0188535
9.89055e-11
1.09243e-10
1.10592e-10
1.14564e-10
9.99487e-11
9.45609e-11
9.83389e-11
1.0484e-10
9.9917e-11
1.16402e-10
1.053e-10
1.44141e-10
1.04567e-10
9.95517e-11
9.56543e-11
1.04635e-10
1.00766e-10
1.00633e-10
9.98598e-11
9.48552e-11
9.61703e-11
9.52552e-11
1.06801e-10
1.0223e-10
1.066e-10
1.03927e-10
9.43771e-11
1.01615e-10
1.03948e-10
1.01408e-10
9.5277e-11
9.55352e-11
1.09366e-10
1.01067e-10
9.47891e-11
1.06252e-10
0.00108967
9.32998e-11
1.04177e-10
9.59269e-11
9.66673e-11
9.63234e-11
9.94297e-11
1.08079e-10
9.59211e-11
9.10832e-11
1.05054e-10
1.08776e-10
1.07397e-10
1.06561e-10
9.95576e-11
2.62469e-06
1.05551e-10
9.6247e-11
9.53719e-11
1.0246e-10
9.96249e-11
1.01982e-10
9.6926e-11
1.01058e-10
9.5634e-11
1.03555e-10
1.08504e-10
1.13585e-10
1.1005e-10
1.05915e-10
9.59484e-11
9.18311e-11
1.05953e-10
1.05663e-10
9.10526e-11
9.62233e-11
1.14717e-10
1.03634e-10
1.16401e-10
9.77326e-11
1.17424e-10
2.48837e-10
1.05894e-10
1.00409e-10
1.13776e-10
1.01411e-10
1.0452e-10
1.26745e-10
2.1435e-10
1.10094e-10
0.0125
1.38477e-10
2.45669e-10
1.64385e-10
1.34736e-10
0.0299323
1.26421e-10
1.12024e-10
1.2324e-10
9.69815e-11
1.19796e-10
1.08231e-10
1.31753e-10
1.02918e-10
9.17565e-11
1.05929e-10
9.55964e-11
1.13567e-10
1.01017e-10
5.70406e-05
1.08879e-10
1.0122e-10
1.04195e-10
1.05812e-10
1.11466e-10
1.14413e-10
1.03152e-10
9.6807e-11
1.26068e-10
1.0969e-10
1.13074e-10
9.99013e-11
9.36774e-11
9.80447e-11
9.43217e-11
9.92425e-11
9.56566e-11
0.00442062
9.55168e-11
1.18387e-10
1.00811e-10
1.02512e-10
1.05452e-10
1.06499e-10
1.08026e-10
1.05201e-10
1.08242e-10
0.025
7.85414e-11
8.36264e-10
1.06919e-10
8.86479e-11
9.88545e-11
2.42973e-10
1.21189e-10
1.33128e-10
1.02305e-10
1.00041e-10
9.87649e-11
9.889e-11
1.00923e-10
8.93148e-11
9.49744e-11
9.56569e-11
9.76789e-11
9.83432e-11
1.07786e-10
9.98432e-11
1.01818e-10
9.54744e-11
1.00482e-10
9.47663e-11
0.00766297
1.01984e-10
1.01492e-10
1.02144e-10
9.6588e-11
1.0388e-10
1.04188e-10
1.01442e-10
1.05496e-10
1.03912e-10
9.73758e-11
9.86822e-11
1.00881e-10
1.04812e-10
1.02471e-10
1.01164e-10
9.37636e-11
9.83144e-11
9.99127e-11
9.98448e-11
9.90619e-11
1.07828e-10
1.01415e-10
8.22221e-11
9.94409e-11
1.00564e-10
1.0247e-10
1.05999e-10
9.30876e-11
1.08126e-10
9.95308e-11
1.01609e-10
9.81562e-11
1e-10
8.93786e-11
9.54854e-11
9.50231e-11
9.11844e-11
1.0008e-10
0.00617538
1.46151e-10
0.0106203
9.65617e-11
1.05739e-10
9.37576e-11
1.04804e-10
9.78161e-11
1.0979e-10
9.40657e-11
1.04898e-10
9.4961e-11
1.03314e-10
1.10152e-10
9.43558e-11
9.57241e-11
1.18092e-10
8.89142e-11
8.94796e-11
1.08733e-10
9.08401e-11
9.39455e-11
1.16995e-10
9.31274e-11
0.000363349
1.09659e-10
1.12402e-10
0.0116223
9.26937e-11
9.94293e-11
8.18614e-11
6.50341e-10
1.02564e-10
1.0287e-10
9.23608e-11
9.56157e-11
1.00188e-10
9.94435e-11
1.9377e-10
1.03456e-10
2.229e-07
9.32391e-11
8.86813e-11
1.00206e-10
9.93895e-11
9.77565e-11
9.80998e-11
9.99526e-11
9.75926e-11
9.98124e-11
9.36537e-11
9.99248e-11
9.92282e-11
1.0001e-10
6.8791e-11
1e-10
1.00305e-10
0.0354882
1.27749e-10
9.80298e-11
9.86239e-11
1.00146e-10
9.75973e-11
1.00263e-10
1.01826e-10
1.0319e-10
9.07615e-11
1.00339e-10
9.61136e-11
9.91468e-11
1.20629e-10
9.9855e-11
1.00154e-10
1.00426e-10
8.9783e-11
1.00413e-10
9.99239e-11
1.00121e-10
1.22664e-10
9.99855e-11
9.82163e-11
0.032337
9.90978e-11
9.95509e-11
1.00702e-10
1.02397e-10
9.41974e-11
1.04308e-10
9.97736e-11
9.9198e-11
1.01451e-10
9.6783e-11
1.01789e-10
9.48087e-11
9.27407e-11
1.04076e-10
1.00211e-10
9.4014e-11
1.00118e-10
0.00316285
1.03674e-10
9.78628e-11
1.03681e-10
1.06737e-10
1.05243e-10
0.0204792
8.98244e-11
9.35389e-11
9.92959e-11
9.92553e-11
9.97237e-11
1.00109e-10
1.00033e-10
1.08053e-10
1.00833e-10
1.02645e-10
1.03719e-10
1.88305e-10
1.07857e-10
9.33493e-11
1.04744e-10
1.12336e-10
0.020177
9.30437e-11
1.044e-10
1.05372e-10
9.36798e-11
9.67911e-11
9.60225e-11
1.27442e-05
1.06526e-10
1.04456e-10
0.00222425
9.29471e-11
9.2572e-11
1.04871e-10
0.0634139
1.02384e-10
1.03756e-10
1.16503e-10
0.127652
1.00181e-10
0.00575455
1.07919e-10
1.03695e-10
1.04844e-10
0.0352863
9.02138e-11
1.05883e-10
0.0535196
9.73613e-11
9.76422e-11
0.0247799
1.03891e-10
9.34875e-11
1.15977e-10
9.90906e-11
1.04623e-10
1.0273e-10
1.10907e-10
1.03558e-10
1.01291e-10
1.05194e-10
1.02881e-10
1.0272e-10
0.0612889
1.05004e-10
0.0305742
0.0495006
1.05831e-10
0.0300587
0.0428894
8.86047e-11
0.037153
0.0463657
0.00216056
1.00456e-10
9.90569e-11
9.67289e-11
1.04663e-10
7.7345e-11
0.0233864
9.82549e-11
9.95734e-11
9.72651e-11
0.000194905
1.00725e-10
1.11887e-10
1.40438e-10
9.62245e-11
3.13929e-05
9.4984e-11
9.687e-11
1.84087e-10
0.000204204
1.04638e-10
1.05127e-10
1.1115e-10
1.16341e-10
1e-10
1.14161e-10
9.62903e-11
9.92308e-11
9.93399e-11
1.00028e-10
0.000146826
1.01625e-10
1.0146e-10
0.00324258
0.00166223
7.67778e-05
0.314721
1.03091e-10
0.0936436
9.96388e-11
0.252238
0.0908919
0.385337
0.0796367
0.0726026
0.0678085
0.270471
0.0997542
1.062e-10
0.0332715
0.096931
9.74173e-11
0.374033
1.05895e-10
1.00368e-10
0.101642
0.142806
0.167806
0.0026721
0.21198
9.39978e-11
0.170745
0.291375
0.151745
9.7253e-11
1.22351e-10
9.93051e-11
0.176811
0.156529
0.0769108
9.73319e-11
9.5223e-11
0.249661
0.176876
0.112447
1.068e-10
0.346199
0.0798787
0.163852
0.54504
0.00557868
0.0374653
0.139487
0.0292959
0.0974125
0.136257
0.0714321
0.0418462
0.0272082
0.0263133
0.0783103
9.85527e-11
0.0273634
0.173134
0.239214
1.08327e-10
8.87633e-05
0.0609575
0.0995425
0.0895535
9.59576e-11
1.02947e-10
9.37116e-11
0.1
0.114394
0.00217678
0.062696
9.67069e-11
9.51597e-11
1.01803e-10
1.01276e-10
1.11622e-10
9.95479e-11
0.00946231
9.85856e-11
0.0944213
0.0867208
0.1
9.88502e-11
0.153348
0.0910442
1.07335e-10
0.0595839
9.79214e-11
1.02768e-10
0.0938654
0.0382243
9.94441e-11
1.01849e-10
1.06506e-10
0.00332734
0.0679948
0.0624963
9.94511e-11
9.50871e-11
0.0292436
9.66083e-11
1.01109e-10
9.48507e-11
1.06465e-10
0.03589
0.121121
0.086657
9.81665e-11
0.0288144
0.00893969
0.0011941
1.00041e-10
1.01045e-10
1.1307e-10
1.02633e-10
1.26498e-10
0.000187139
1.02832e-10
9.44012e-11
9.63484e-11
0.0866053
0.10378
0.0702187
0.0889767
9.93761e-11
9.75411e-11
0.0994743
0.013437
1.05079e-10
1.00126e-10
9.88775e-11
1.00056e-10
0.0147561
0.0194541
9.23033e-11
9.6075e-11
0.0950998
0.0787179
1.01223e-10
9.91748e-11
9.77769e-11
9.39515e-11
9.88283e-11
9.70648e-11
9.958e-11
9.85029e-11
0.0598329
9.69806e-11
0.0225897
9.95241e-11
9.99939e-11
9.8858e-11
9.70504e-11
9.89023e-11
1.02941e-10
9.70576e-11
3.72452e-05
1.01826e-10
9.73177e-11
9.85039e-11
1.00305e-10
9.82636e-11
9.73599e-11
1.04822e-10
1.01326e-10
1.06331e-10
9.90721e-11
9.84411e-11
9.784e-11
9.60113e-11
0.0442058
1.05906e-10
0.00228822
0.0044966
0.0143575
9.80697e-11
9.3199e-11
9.49068e-11
0.0875
0.886242
9.0293e-11
9.64562e-11
9.50292e-11
9.25639e-11
1.06536e-10
9.43905e-11
9.64104e-11
9.36179e-11
9.41984e-11
9.77993e-11
9.3452e-11
9.93439e-11
9.97855e-11
9.418e-11
9.63345e-11
9.97139e-11
9.50313e-11
9.66317e-11
9.63573e-11
1.22557e-10
9.73297e-11
8.60417e-06
9.77208e-11
9.4676e-11
8.86202e-11
9.5938e-11
9.94327e-11
1.08838e-10
9.39645e-11
9.75749e-11
9.58715e-11
9.23605e-11
9.59552e-11
9.44176e-11
9.51279e-11
1.0386e-10
9.56744e-11
9.94031e-11
9.38486e-11
9.63798e-11
9.76491e-11
1.0922e-10
9.91715e-11
9.72436e-11
4.40784e-05
9.18753e-11
9.62871e-11
0.00134606
8.89976e-11
9.98074e-11
9.055e-11
1.00318e-10
9.85286e-11
9.97689e-11
0.00301626
9.57875e-11
9.97179e-11
8.81878e-11
1.01231e-10
1.01073e-10
9.9851e-11
9.99012e-11
2.32462e-10
9.97896e-11
9.854e-11
9.99617e-11
1.11839e-10
0.120252
9.88443e-11
0.00402727
0.00799688
8.27293e-11
1.57719e-10
9.43937e-11
6.16758e-11
1e-10
1.01963e-10
9.85573e-11
0.00719195
9.85817e-11
0.000274935
1.01529e-10
1.00254e-10
9.93171e-11
9.45056e-11
1.20994e-10
3.4035e-05
7.8537e-11
9.79567e-11
9.99441e-11
0.000387757
6.58423e-06
8.83968e-11
1.05461e-10
6.61868e-11
3.90857e-10
9.64843e-11
1.13797e-10
2.74539e-10
1.01371e-10
1.31447e-10
9.98892e-11
9.48091e-11
0.01022
9.936e-11
0.132417
2.58103e-10
9.98279e-11
1e-10
9.93313e-11
9.85715e-11
9.18304e-11
1e-10
1.11588e-10
9.65681e-11
9.53161e-11
9.44044e-11
1.01597e-10
1.07801e-10
1.00991e-10
9.66252e-11
0.0125
1e-10
9.96208e-11
1.00094e-10
0.000177755
9.97389e-11
1e-10
9.98848e-11
1.01216e-10
9.99911e-11
1.00214e-10
1.00534e-10
9.46236e-11
6.32021e-11
9.64448e-11
1.12885e-10
1.77277e-10
9.73792e-11
1.02124e-10
0.000351895
9.41083e-11
9.62822e-11
1.00516e-10
1.1012e-10
1.03723e-10
9.49135e-11
9.88001e-11
9.84814e-11
9.31005e-11
9.99314e-11
0.0833118
9.10913e-11
9.85546e-11
9.46873e-11
9.55777e-11
0.00641994
9.33027e-11
1.01995e-10
1.05624e-10
1.07741e-10
1.11233e-10
1.13236e-10
1.01235e-10
1.01842e-10
1e-10
0.188863
1e-10
0.00338734
1.95037e-10
1e-10
0.000102652
0.01275
1.0066e-10
0.00223434
0.855604
0.000662174
0.0339043
0.00662029
0.350586
0.00397084
0.964561
1.78519e-10
0.0530308
7.53545e-11
0.0107175
0.0642333
0.0461857
0.845009
0.919875
1.03e-10
9.59775e-11
9.99208e-11
9.88708e-11
0.00939699
0.108222
0.0105713
0.0340612
0.234966
0.362674
0.0302195
0.0294641
9.86618e-11
1.00019e-10
0.000168078
1.01824e-10
1.09827e-10
0.00548813
0.0745991
0.0813449
0.0124223
1.00716e-10
0.0564898
0.035686
9.1766e-11
0.0822805
0.0102454
9.26342e-11
0.0553882
0.541603
0.305161
0.47934
0.363083
0.222345
0.685357
0.0837837
0.282514
0.216124
0.480987
0.114349
0.00335764
0.382053
0.494816
0.409312
0.655779
0.337872
0.0139473
0.0065621
0.0826569
0.0679767
0.314335
0.338066
0.0086557
0.00570448
1.01912e-10
0.0721549
9.7335e-11
1.05413e-10
1.03581e-10
1.02776e-10
9.2036e-11
1.0357e-10
9.49938e-11
9.61889e-11
1.0396e-10
1.05439e-10
9.65958e-11
1.06478e-10
9.31192e-11
1.051e-10
0.0336326
9.97603e-11
1.04392e-10
0.0288163
1.05871e-10
1.00819e-10
0.0875022
0.0880592
1.12871e-10
0.0877471
9.84294e-11
0.0719935
0.0116433
0.0857123
9.44777e-11
1.04527e-10
9.84659e-11
1.02961e-10
1.09193e-10
0.00308039
1.00155e-10
9.72581e-11
9.62023e-11
9.56169e-11
1.00385e-10
1.19428e-10
0.000753593
1.05232e-10
9.70022e-11
1.06708e-10
0.00012487
9.50472e-11
9.44844e-11
9.71205e-11
1.08081e-10
9.54941e-11
0.000948541
0.135942
0.225567
0.218532
0.320247
0.163344
0.143526
0.470357
0.591762
0.644288
0.577527
0.186174
0.0939169
0.358016
0.563176
0.418695
0.619476
0.550652
0.495929
0.506212
0.350837
0.68547
0.0834865
0.0825251
0.000533669
0.0559323
0.0369233
1.04383e-10
0.00573252
0.128951
0.155379
0.0717183
1.02059e-10
0.0393419
0.332984
0.2215
1.02511e-10
1.00229e-10
0.0915362
1.02733e-10
0.0852252
1.01688e-10
1.01294e-10
0.0460127
0.00138001
0.0492713
1.05917e-10
0.0917161
0.044613
1.1168e-10
1.01516e-10
0.0552344
0.0557609
0.0717243
1.01792e-10
0.0936812
0.0725901
0.070398
0.117251
0.13529
1.02842e-10
0.0502042
0.00826874
0.0676826
0.0786121
0.0853682
0.0888748
0.0649888
9.67647e-11
1.04626e-10
1.23382e-10
0.0329717
0.0133862
0.0276146
1.04756e-10
1.02227e-10
1.06917e-10
0.0703038
1.01175e-10
1.02809e-10
0.000416618
1.0095e-10
9.61115e-11
0.000772247
1.0436e-10
9.84207e-11
9.98012e-11
0.000236043
9.41707e-11
9.11741e-11
1.07401e-10
9.52938e-11
1.01672e-10
1.34415e-10
8.78962e-11
9.75668e-11
0.0130066
9.72529e-11
9.99808e-11
9.7264e-11
1.05422e-10
9.71849e-11
9.29058e-11
0.0301413
9.60998e-11
9.4496e-11
9.58472e-11
0.000236375
9.75048e-11
0.00123656
9.84728e-11
9.27039e-11
1.03198e-10
1.06377e-10
9.44235e-11
1.06172e-10
8.01792e-06
1.0236e-10
9.99677e-11
1.09021e-10
9.96362e-11
9.56593e-11
0.000378488
1.0943e-10
1.08565e-10
1.05314e-10
1.07869e-10
9.46525e-11
0.00120146
1.00182e-10
9.44987e-11
0.0032743
3.17521e-05
9.97395e-11
0.0229323
9.50852e-11
1.13158e-10
9.63062e-11
9.49613e-11
0.00673051
1.02441e-10
1.08075e-10
9.59622e-11
9.318e-11
0.00866456
9.44074e-11
1.00227e-10
9.65695e-11
9.40905e-11
9.59223e-11
1.15689e-10
9.92123e-11
9.857e-11
1.02141e-10
9.40151e-11
8.85891e-11
9.97644e-11
9.74404e-11
0.0900608
0.00931466
0.0711216
1.01544e-10
1.04279e-10
1.00414e-10
0.00429067
9.9143e-11
9.93202e-11
0.000300114
0.0905784
9.26735e-11
0.00243293
0.000173851
1.03697e-10
0.00803003
0.000279081
9.70846e-11
0.0061206
0.00807883
9.82124e-05
0.00798292
0.00582999
0.00389989
9.84723e-11
9.89e-11
1.06217e-10
0.000170153
1.05759e-10
0.0088698
0.0278403
0.00810198
0.00699347
0.00555789
1.04901e-10
0.00634269
0.000194867
0.000620833
5.87634e-05
0.000167676
0.000105831
1.19252e-10
1.13726e-10
0.00283811
0.00713084
0.000364061
9.80339e-11
0.00020711
0.00152761
0.00126803
9.9393e-11
0.00219318
9.82767e-11
1.05092e-10
0.00323368
0.0269567
0.000766313
0.0018421
0.0010383
0.00466036
0.000288861
0.014219
0.00471113
0.000396808
0.00459977
9.67156e-11
0.11407
0.00878536
0.000395455
0.00470108
0.00239175
5.14866e-05
0.000587461
0.000286989
0.0132827
0.00781234
0.00992445
0.00295399
9.14518e-11
0.00409752
0.00615518
0.00466433
0.00603206
9.72429e-11
1.02805e-10
9.89996e-11
1.018e-10
0.00451733
0.00842741
0.062216
1.00263e-10
0.0468112
0.0285321
0.0284182
0.00272219
0.108715
1.11768e-10
1.0681e-10
0.257594
0.105083
0.130085
0.006706
0.0989261
0.00472515
0.00634627
0.00460825
0.00490109
0.10595
0.00731854
0.0686403
0.00414324
0.00445455
0.00432653
0.0932779
0.00141563
0.0045575
0.00891045
0.00625879
0.00389628
0.00909643
0.0031064
0.00558948
0.00816158
0.000482087
0.00339045
0.00126529
0.00228829
0.00434557
0.00379306
0.0011849
0.00501494
0.0151222
0.00362548
0.00504831
0.00511896
0.00113273
0.00561574
0.00490625
0.00959655
0.00829423
0.0168162
0.00122285
0.0183009
0.046511
0.00820665
0.00810996
0.00501047
0.00205117
0.00177096
0.00267818
0.015146
0.00537731
0.0101268
0.00393541
0.000738013
0.00288918
0.00254436
0.00559625
0.00246262
1.03886e-10
9.90206e-11
9.56657e-11
1.10917e-10
9.52533e-11
1.11676e-10
9.86258e-11
1.01771e-10
1.01484e-10
0.00276992
8.75602e-11
8.96591e-11
9.36861e-11
1.01874e-10
9.03803e-11
1.0156e-10
1.04373e-10
8.31418e-11
0.000183892
9.36428e-11
1.01625e-10
1.01253e-10
1.02644e-10
9.54028e-11
9.06884e-11
9.87419e-11
9.14799e-11
1.01167e-10
1.03261e-10
9.74686e-11
1.01466e-10
1.07676e-10
1.03285e-10
3.97182e-05
1.03101e-10
1.00508e-10
1.00599e-10
9.16919e-11
1.02273e-10
1.05574e-10
9.35137e-11
1.03957e-10
1.03035e-10
1.0412e-10
0.000156234
9.9379e-11
1.0293e-10
9.98307e-11
1.0257e-10
9.24322e-11
1.02942e-10
1.04131e-10
1.01762e-10
1.11411e-10
1.04776e-10
1.03529e-10
9.98506e-11
1e-10
1.02518e-10
1.00539e-10
9.49661e-11
9.20503e-11
1.05416e-10
1.02996e-10
1.04525e-10
1.02033e-10
1.04265e-10
1.02412e-10
1.06348e-10
1.0251e-10
1.20123e-10
1.0128e-10
9.98638e-11
1.02255e-10
0.000483891
1.03189e-10
9.25594e-11
9.85203e-11
1.07458e-10
1.00145e-10
8.45964e-11
9.94203e-11
1e-10
1.0004e-10
1.00046e-10
1.00469e-10
9.85363e-11
9.76721e-11
1.06445e-10
1.17013e-10
1.01831e-10
1.01246e-10
1.00101e-10
8.55115e-11
0.00295094
9.55964e-11
9.98723e-11
1.01456e-10
0.0123606
9.94548e-11
1.08105e-10
1.08471e-10
9.40336e-11
9.37381e-11
1.07168e-10
9.00858e-11
1.05256e-10
1.01677e-10
1.00272e-10
9.92345e-11
0.0202087
9.57126e-11
1.01766e-10
8.98091e-11
9.91512e-11
0.000176305
1.04448e-10
9.97018e-11
0.00137729
0.0226033
9.39805e-11
1.02242e-10
1.05457e-10
9.99802e-11
9.74526e-11
1.04321e-10
9.87367e-11
1.01374e-10
1.00519e-10
1.0304e-10
1.02523e-10
1.00127e-10
1.0044e-10
1.00881e-10
1.0298e-10
1.00419e-10
1.02187e-10
9.99437e-11
1e-10
9.94891e-11
1.00085e-10
9.95316e-11
1.00422e-10
9.86193e-11
1.02034e-10
1.00971e-10
1e-10
9.94482e-11
1.00355e-10
9.76853e-11
9.80001e-11
1e-10
1e-10
1.00074e-10
0.000178989
1.0044e-10
9.95755e-11
0.00134228
1.00019e-10
0.000493798
1.07819e-10
1.00477e-10
1.354e-10
1.01278e-10
1.00806e-10
9.85109e-11
1e-10
9.98226e-11
9.91625e-11
9.99631e-11
2.50022e-06
9.97594e-11
9.99242e-11
6.57928e-11
9.769e-11
9.98676e-11
1.00371e-10
9.96583e-11
1.00103e-10
1e-10
9.99117e-11
7.35462e-11
1.0151e-10
1.00563e-10
1e-10
1e-10
9.88559e-11
1.00082e-10
9.97215e-11
9.9786e-11
1e-10
9.99913e-11
1e-10
1e-10
1.00013e-10
9.93806e-11
9.99431e-11
1.00928e-09
0.00397489
2.91466e-05
1.00012e-10
1.00177e-10
1.17883e-06
9.09523e-11
9.4949e-11
9.13487e-11
1.04417e-10
6.34418e-11
9.92611e-11
9.98245e-11
9.79825e-11
9.97002e-11
9.20221e-11
1.01138e-10
9.7748e-11
1.00082e-10
1e-10
1.00706e-10
0.00902995
1.02853e-10
1.0228e-10
9.66272e-11
8.77519e-11
9.48869e-11
0.0129017
9.80011e-11
0.022112
9.55464e-11
9.86712e-11
9.95786e-11
1.00066e-10
9.97489e-11
0.000204727
1.00562e-10
1.00566e-10
9.9487e-11
1.03555e-10
9.92886e-11
9.00505e-11
0.0210922
0.041273
0.00823803
0.0157555
0.00273429
9.98452e-11
1.02273e-10
3.36887e-10
1.05224e-10
0.0875
7.59863e-11
9.4761e-11
1.004e-10
1.19443e-10
1e-10
9.94645e-11
1.40162e-10
9.91907e-11
1.00315e-10
1e-10
1e-10
9.90382e-11
9.83274e-11
1.30859e-10
1.02949e-10
9.70593e-11
1.01574e-10
9.95256e-11
9.94889e-11
9.98898e-11
1.05081e-10
9.82855e-11
9.90701e-11
1.03397e-10
9.88221e-11
1.00071e-10
0.00838392
1.03333e-10
1.00455e-10
1.01574e-10
1.00911e-10
9.8261e-11
9.99893e-11
0.0220565
1.00461e-10
9.74872e-11
1.01605e-10
0.0761919
0.0991197
1.08162e-10
1.01276e-10
0.000396654
9.41333e-11
1.03829e-10
9.81347e-11
1.30489e-10
1.01245e-10
9.97202e-11
1.01015e-10
0.0774525
1.08651e-10
1.01965e-10
5.70056e-11
1.00006e-10
1.00687e-10
1.03104e-10
9.96085e-11
9.86902e-11
1.02907e-10
9.91651e-11
9.5552e-11
1.01273e-10
1.01461e-10
9.55495e-11
1.03987e-10
9.80255e-11
1.01503e-10
1e-10
9.91551e-11
1.04056e-10
1.52839e-10
1.02025e-10
9.84849e-11
8.507e-11
0.00432852
9.83153e-11
9.90082e-11
0.00311943
9.64543e-11
1.4751e-10
1.94704e-10
0.00209266
9.88398e-11
1.02016e-10
9.98587e-11
1.04581e-10
9.67108e-11
1.05363e-10
9.41702e-11
1.00821e-10
9.71593e-11
1.30919e-10
0.0126758
0.102537
1.07725e-10
1.015e-10
9.55223e-11
0.00147826
0.0243689
9.80231e-11
9.60917e-11
1.02586e-10
1.05892e-10
9.83662e-11
9.99926e-11
9.37562e-11
1.77323e-10
1.04668e-10
0.000374688
1.03024e-10
1.01866e-10
1.19248e-10
0.212151
0.00172411
1.10083e-10
9.24537e-11
0.00170591
0.00668068
0.00594527
0.00298304
0.000412861
1.13594e-10
1.04241e-10
1.02939e-10
0.0960432
0.00529359
1.42082e-10
1.11093e-10
1.01001e-10
0.0193632
9.5285e-11
1.04308e-10
0.159014
9.38283e-11
1.03337e-10
9.24578e-11
0.0188951
8.04759e-11
8.72444e-11
1.04066e-10
1.09906e-10
9.58891e-11
9.83413e-11
9.37508e-11
0.0236574
1.0327e-10
0.084201
9.64643e-11
1.01543e-10
0.00488647
9.76212e-11
9.32975e-11
1.04631e-10
0.0031541
0.0409285
9.52081e-11
9.71963e-11
9.52473e-11
9.23765e-11
1.09019e-10
0.0615139
9.74727e-11
9.45271e-11
0.0709996
0.0807991
0.0302143
0.0181718
9.50885e-11
1.05001e-10
9.80633e-11
0.000120577
0.00222078
9.9886e-11
1.00106e-10
9.95782e-11
1.02742e-10
9.99976e-11
0.0805225
1e-10
1.00854e-10
1.01207e-10
9.69843e-11
1.02409e-10
1.04622e-10
1.01906e-10
9.82759e-11
9.97585e-11
1.04242e-10
1.03768e-10
1.00743e-10
1.0019e-10
1e-10
1.02714e-10
1.04604e-10
9.52759e-11
1.03585e-10
1.06807e-10
1.00669e-10
1.02336e-10
1.02557e-10
1.01241e-10
9.98922e-11
1.06059e-10
2.4185e-10
1.03716e-10
9.62175e-11
9.75801e-11
0.0117768
1.50741e-10
0.0561259
0.14372
0.00976896
0.00472651
0.0143473
0.130002
9.95958e-11
1.03179e-10
1.06095e-10
1.09285e-10
1.00699e-10
9.88949e-11
1.00068e-10
0.0931669
9.94163e-11
1.04328e-10
9.68037e-11
0.0613787
0.0241196
1.00811e-10
0.0213155
1.04388e-10
9.85946e-11
9.95362e-11
0.0362613
0.0403778
0.00551363
5.67989e-05
9.87781e-11
1.02416e-10
9.44088e-11
1.02335e-10
9.66955e-11
1.05038e-10
0.000108679
1.00075e-10
0.00747799
1.06335e-10
1.01546e-10
1.03954e-10
0.0126858
0.0553082
3.51726e-05
9.90933e-11
0.0199587
0.150053
9.31722e-11
0.092323
0.0659271
0.131627
0.123961
0.159205
0.0773172
0.168671
0.10963
9.9363e-11
0.0334576
0.0128624
0.105236
0.0589706
0.0950598
0.169176
0.0536796
0.245358
0.174858
0.166311
0.0154021
0.192377
9.48544e-11
0.0789483
1.03719e-10
1.04391e-10
1.06765e-10
0.398408
0.0758692
1.04861e-10
1.0863e-10
0.0964716
9.62349e-11
9.90926e-11
9.64859e-11
1.00038e-10
0.00403298
9.92513e-11
1.07624e-10
1.34904e-10
9.8135e-11
1.26836e-10
9.37121e-11
0.0124925
1.03745e-10
1.0432e-10
9.89409e-11
9.95572e-11
1.05883e-10
1.14624e-10
9.80147e-11
1.02119e-10
9.83917e-11
0.0363111
9.79562e-11
1.0318e-10
1.00908e-10
1.05555e-10
9.88689e-11
1.02638e-10
0.0431873
0.0759846
0.0860719
0.0276004
9.33903e-11
0.0242293
0.126796
1.01163e-10
0.0429668
0.16582
0.103599
0.0250084
0.130225
1.03004e-10
0.018398
8.5902e-11
9.42099e-11
8.98002e-11
8.93007e-11
8.92194e-11
0.0184062
9.8504e-11
8.98334e-11
1.0189e-10
0.000100957
1.02147e-10
9.46033e-11
1.11104e-10
9.84496e-11
9.99033e-11
0.0882214
9.47904e-11
1.00212e-10
1.12476e-10
9.2839e-11
0.0938039
1.17071e-10
1.0538e-10
0.00177663
9.53614e-11
0.06044
0.068459
0.0322063
9.45665e-11
0.29448
0.0584721
0.0457117
0.0344335
9.78763e-11
1.03745e-10
9.04133e-11
0.00265264
0.024276
1.02322e-10
1.0106e-10
1.01652e-10
1.02699e-10
1.02626e-10
1.01216e-10
0.0708208
1.00332e-10
1.0049e-10
0.0421678
0.0165064
9.57514e-11
1.01084e-10
0.00345251
1.02237e-10
1.00462e-10
1.02021e-10
1.00031e-10
1.02398e-10
9.7478e-11
0.0174634
0.0814432
0.294402
0.102682
9.50297e-11
0.0174021
1.04646e-10
0.161998
0.13788
9.3399e-11
0.060513
0.0165575
9.40413e-11
9.7173e-11
0.0192549
0.000790623
9.45198e-11
9.46946e-11
9.39387e-11
9.82841e-11
1.09792e-10
0.051384
0.326132
9.56351e-11
0.0374661
0.0870165
0.0874226
9.29948e-05
9.56095e-11
9.5604e-11
0.0774812
0.0726407
0.0945721
9.46122e-11
0.0053661
1.00765e-10
0.0854333
0.0770449
0.0675437
0.0512178
0.997228
1.02667e-10
1.08059e-10
9.91323e-11
9.69282e-11
0.0082858
1.00389e-10
0.0210551
0.00474232
0.242067
0.331733
0.247045
0.262003
0.601017
0.390309
0.184687
0.0844938
0.538027
0.0584069
0.400761
0.377189
0.0492208
0.0317936
0.30443
0.391958
0.118768
0.263653
0.0630455
9.77467e-11
0.0641062
0.08552
1.00238e-10
0.013778
0.0800221
0.187346
0.0521624
0.00508363
0.0513197
9.63398e-11
0.283862
0.0707846
0.312521
0.259491
0.0874579
9.90906e-11
0.0953918
1.0293e-10
0.0912909
0.173214
0.00131094
0.0858847
0.476108
0.366539
0.0749307
0.0921738
0.359242
0.184824
0.124697
0.156419
0.0189651
1.07784e-10
0.0889583
0.148479
0.0805337
0.104683
0.519533
0.27508
0.109424
0.0189704
0.0591834
0.102409
0.0163823
9.77535e-11
0.113232
0.106801
1.09492e-10
0.0796864
0.115556
0.078014
0.0737699
0.0897266
1.15749e-10
1.06915e-10
1.02184e-10
1.00636e-10
0.0262254
1.06242e-10
9.49061e-11
0.113224
0.0203393
0.105602
0.0028867
1.04913e-10
1.05354e-10
9.88891e-11
1.04482e-10
1.04893e-10
1.055e-10
0.00319289
1.03435e-10
1.02548e-10
1.02967e-10
1.08121e-10
1.06123e-10
1.01757e-10
1.01349e-10
1.02698e-10
1.02875e-10
1.00097e-10
9.59038e-11
0.00329918
0.341032
0.303595
1.00333e-10
0.085051
9.88323e-11
1.02705e-10
9.56513e-11
0.0972067
1.03185e-10
0.0795788
0.0759058
1.00004e-10
1.02961e-10
0.0109072
0.0794868
0.0854859
9.84302e-11
9.45875e-11
1.01516e-10
1.01544e-10
0.0949162
0.0132583
0.0450903
9.8536e-11
9.80182e-11
0.0755982
1.03822e-10
1.0191e-10
9.39837e-11
0.188871
1.02222e-10
0.0254205
0.0823885
0.0331218
0.0671606
0.0269081
0.0499934
0.0523251
0.0652925
0.0765883
0.109504
0.0573285
1.00736e-10
9.65759e-11
0.0840304
0.0101876
9.73418e-11
0.0283865
0.0798159
0.092937
0.450789
0.214497
9.28044e-11
9.7706e-11
9.29893e-11
0.00440558
9.16492e-11
9.49968e-11
1.06551e-10
1.03184e-10
0.0787173
0.0423494
0.00703795
0.0254547
9.70319e-11
1.02983e-10
1.01804e-10
0.321883
9.56282e-11
0.00973704
0.0253128
9.84827e-11
1.03119e-10
1.00263e-10
0.0821848
0.157921
1.00892e-10
1.05476e-10
0.423951
0.156135
0.139746
0.0040713
0.137848
0.065621
0.352096
0.396287
0.520371
0.481543
0.550781
0.383641
0.0513523
0.0303731
0.418567
0.529192
0.00236522
0.508248
0.552269
0.123335
0.465828
0.59754
0.576812
0.486818
9.9959e-11
9.61943e-11
0.0600971
0.0435322
9.81438e-11
0.00443698
0.0757139
0.135766
1.03893e-10
0.00179952
1.0019e-10
9.46425e-11
9.82851e-11
9.91479e-11
9.77814e-11
9.56579e-11
1.02736e-10
0.0771324
0.0116514
9.84082e-11
1.01884e-10
0.162791
0.0955049
0.198344
9.6838e-11
9.96516e-11
9.41136e-11
1.11056e-10
0.69862
0.38743
0.446638
0.200731
0.0407103
0.19371
9.93441e-11
0.696188
0.63621
0.231728
0.138018
0.0493878
0.776131
0.209679
0.0906366
0.0556745
0.0881712
0.182329
0.0911117
0.318334
1.15094e-10
0.0777829
0.0951971
0.0193304
0.0308378
0.13326
0.00883364
0.0229163
0.1922
0.155611
0.115474
0.119118
0.142022
0.0169269
0.0971754
0.097615
0.374315
0.181703
0.0297287
0.0678809
0.703085
0.0403808
0.193424
0.101046
0.0938915
0.128368
0.0119454
0.0803205
0.00460316
0.093663
0.0720495
0.0947392
0.0764659
0.148632
0.623621
0.442951
0.420162
0.133234
0.0985275
0.00386382
0.00130527
0.610861
0.0948722
0.978455
0.0275972
0.743844
0.89009
0.86468
0.0113588
0.77431
0.407823
9.33028e-11
0.806672
0.0164025
1e-10
1.11792e-10
0.490799
0.613873
9.89325e-11
0.00559134
0.0130326
0.0726614
0.192481
0.518036
0.0208779
0.304547
0.0796992
0.379252
0.192305
9.99975e-11
1.23654e-10
0.0303813
0.0295173
1e-10
1.01013e-10
1.00088e-10
9.99129e-11
9.88781e-11
7.07548e-11
0.000900649
0.0126109
0.093507
0.041177
0.115955
0.926534
0.731628
0.72864
9.44093e-11
0.0318136
0.0356132
9.91534e-11
0.00852127
0.0464945
0.0693991
0.129284
0.0743583
0.0282557
0.709371
0.391641
0.533116
0.459642
0.4918
0.437551
0.0839669
0.0973305
0.071885
9.99544e-11
0.00243395
1.00064e-10
1e-10
0.0788006
9.89214e-11
0.0723405
0.0169953
9.75538e-11
0.00159621
0.00382293
9.08622e-11
1.20649e-10
0.0168656
1.00832e-10
9.65964e-11
9.8771e-11
1.03142e-10
9.95836e-11
1.07979e-10
1.00879e-10
1.00144e-10
9.99007e-11
9.86024e-11
1.02289e-10
1.02005e-10
1.11938e-10
1.01068e-10
1.00651e-10
1.03016e-10
1.08812e-10
1.16629e-10
9.38849e-11
1.0037e-10
1.0762e-10
1.16866e-10
1.00304e-10
9.57911e-11
9.82901e-11
1.02154e-10
1.08799e-10
9.12395e-11
9.89641e-11
9.94646e-11
1.31138e-10
1.01889e-10
9.73649e-11
9.83363e-11
9.61959e-11
9.9632e-11
1.01019e-10
0.00164672
1.01649e-10
1.01364e-10
1.01704e-10
9.95025e-11
9.75329e-11
9.13003e-11
1.00366e-10
1e-10
1.00128e-10
1.00043e-10
9.77955e-11
9.64327e-11
1.04762e-10
9.75497e-11
1.01221e-10
6.88033e-11
1.00553e-10
9.82e-11
1e-10
8.7016e-11
9.99387e-11
1.48048e-10
1.69265e-10
9.95463e-11
9.90205e-11
1e-10
9.988e-11
1.00083e-10
1e-10
1.00475e-10
9.93985e-11
9.89601e-11
1.00314e-10
1.01333e-10
1.00016e-10
1.00559e-10
9.95163e-11
1.03779e-10
9.73811e-11
0.0375
1e-10
1.92094e-10
9.93575e-11
1.00273e-10
1.0007e-10
1.00156e-10
9.97585e-11
1.01829e-10
1e-10
1.00888e-10
1.02715e-10
1.51256e-10
1.00477e-10
1.69568e-10
5.26823e-11
8.89976e-11
8.99814e-06
9.98043e-11
1.01555e-10
1.01363e-10
1.03618e-10
1e-10
1e-10
9.94125e-11
1e-10
9.9845e-11
1.00009e-10
1.0072e-10
1.00742e-10
9.9787e-11
9.69357e-11
9.64714e-11
9.70154e-11
9.97587e-11
9.98504e-11
9.98816e-11
1.00189e-10
9.02232e-11
9.98608e-11
1.0074e-10
1e-10
9.86181e-11
1.08423e-10
1.07188e-10
9.99309e-11
1.21377e-10
9.56519e-11
9.89152e-11
1.00943e-10
9.92896e-11
9.9884e-11
9.963e-11
1.04138e-10
9.99775e-11
1.03197e-10
1.00356e-10
1.00876e-10
1.00311e-10
1.00554e-10
9.76691e-11
1.00683e-10
9.98449e-11
1.00554e-10
9.97277e-11
1.09697e-10
1e-10
1.09578e-10
1.01478e-10
1.15504e-10
1.03119e-10
9.94183e-11
1.00028e-10
1.00476e-10
1.01184e-10
1.04464e-10
9.68864e-11
9.43905e-11
9.96945e-11
9.81439e-11
1.02044e-10
1.02179e-10
9.99255e-11
1.05215e-10
1.00028e-10
1.00468e-10
1.04697e-10
1.00055e-10
1e-10
9.85626e-11
1.08113e-10
9.63322e-11
1.06889e-10
1.04211e-10
1.01269e-10
1.01479e-10
1.01108e-10
9.93108e-11
1.0198e-10
1.04874e-10
0.00275193
1.0614e-10
1.03958e-10
1.10968e-10
9.35604e-11
1.02929e-10
0.000158221
1.01046e-10
1.03893e-10
9.95034e-11
1.01846e-10
8.56063e-11
7.26926e-11
1e-10
9.97202e-11
1.00659e-10
9.56125e-11
6.18625e-11
1e-10
9.9701e-11
1.00974e-10
3.44214e-06
1.00894e-10
0.00619693
1.07314e-10
9.90827e-11
1.02026e-10
1.03711e-10
9.54304e-11
1.00004e-10
1.01213e-10
1.05353e-10
1.02896e-10
1.01129e-10
1.01727e-10
9.8807e-11
9.39137e-11
9.74458e-11
1.02766e-10
9.83122e-11
9.9428e-11
9.84779e-11
9.90978e-11
9.98563e-11
1.01404e-10
1.06865e-10
1.06945e-10
1.00248e-10
1.0028e-10
1.15819e-10
9.84815e-11
1.06612e-10
1.02237e-10
9.9476e-11
1.10314e-10
1.03966e-10
1.0536e-10
1.15764e-10
1.05479e-10
1.01987e-10
1.00223e-10
1.09685e-10
1.03916e-10
1.0056e-10
1.10773e-10
1.05833e-10
1.04155e-10
1.01725e-10
1.03449e-10
1.04281e-10
1.02534e-10
1.00827e-10
9.80569e-11
1.02565e-10
1.12016e-10
1.03285e-10
1.12e-10
1.14852e-10
5.23578e-05
1.08395e-10
9.76057e-11
9.45651e-11
1.00356e-10
0.0273157
0.146292
0.000114411
9.97385e-11
1.19572e-10
1.0416e-10
1.07805e-10
1.04141e-10
9.55882e-11
0.000976393
9.93752e-11
9.78102e-11
1.01827e-10
9.74134e-11
9.89899e-11
9.99441e-11
1.05919e-10
1.13676e-10
1.07118e-10
1.01006e-10
9.59606e-11
1.0878e-10
1.04064e-10
9.53745e-11
1.06961e-10
1.00321e-10
1.00632e-10
9.8029e-11
1.02619e-10
9.91938e-11
1.01003e-10
1.02631e-10
9.87944e-11
1.03645e-10
1.08253e-10
1.00621e-10
1.20872e-10
9.78333e-11
9.67082e-11
1.01735e-10
9.77641e-11
9.76689e-11
1.01185e-10
1.02922e-10
1.05366e-10
9.75902e-11
9.27876e-11
9.8998e-11
1.0364e-10
9.46677e-11
9.45872e-11
1.03961e-10
9.9203e-11
1.09553e-10
1.07479e-10
1.01902e-10
1.02667e-10
1.00218e-10
9.65458e-11
9.44179e-11
9.87691e-11
1.03632e-10
9.95622e-11
9.83139e-11
9.56069e-11
9.96969e-11
1.01884e-10
9.51647e-11
9.77405e-11
9.3449e-11
1.03818e-10
1.02927e-10
1.01054e-10
1.03749e-10
4.73062e-05
1.00667e-10
9.66122e-11
9.81573e-11
1.00877e-10
9.86899e-11
1.10716e-10
9.16276e-11
1.00777e-10
9.56333e-11
9.61914e-11
9.26717e-11
9.62239e-11
8.88707e-11
1.03161e-10
1.02259e-10
9.68084e-11
9.52202e-11
9.72883e-11
9.2552e-11
1.70363e-10
1.02721e-10
9.62488e-11
1.00201e-10
9.7211e-11
9.40279e-11
1.03421e-10
9.9118e-11
1.02628e-10
1.02175e-10
9.8654e-11
1.01611e-10
9.96119e-11
1.01637e-10
1.07303e-10
1.14048e-10
9.65594e-11
1.06802e-10
9.36173e-11
1.01732e-10
1.01572e-10
1.00342e-10
9.73238e-11
9.79465e-11
9.33761e-11
9.7661e-11
1.04558e-10
1.08128e-10
9.46771e-11
1.02552e-10
1.03304e-10
9.86318e-11
9.7803e-11
9.67219e-11
9.99267e-11
1.00724e-10
1.01943e-10
1.00024e-10
1.02244e-10
9.83358e-11
1.57639e-05
9.60356e-11
9.89698e-11
9.92548e-11
9.36674e-11
9.88902e-11
9.75762e-11
1.07239e-10
8.81886e-11
9.41555e-11
1.00178e-10
9.86992e-11
1.0235e-10
9.87398e-11
9.92932e-11
9.7102e-11
1.01964e-10
1.04404e-10
1.03536e-10
9.34665e-11
9.61358e-11
1.0379e-10
9.5107e-11
1.02489e-10
9.50433e-11
9.54633e-11
9.65566e-11
9.33792e-11
1.01077e-10
1.02983e-10
9.44614e-11
9.6715e-11
1.00994e-10
9.16986e-11
9.33331e-11
1.01338e-10
1.01783e-10
9.71539e-11
1.01837e-10
9.8583e-11
9.89582e-11
9.74957e-11
9.22426e-11
1.00842e-10
9.97801e-11
9.61354e-11
9.82819e-11
9.6334e-11
9.93357e-11
9.37878e-11
1.01564e-10
9.53208e-11
8.94796e-11
9.4349e-11
9.32354e-11
9.56848e-11
9.55879e-11
9.12412e-11
1.02549e-10
1.01335e-10
2.03809e-05
9.81741e-11
8.94128e-11
1.01514e-10
1.0843e-10
1.1155e-10
9.77774e-11
8.62554e-11
1.10306e-10
9.38402e-11
1.09285e-10
9.33212e-11
9.70463e-11
9.96645e-11
9.29177e-11
9.5035e-11
9.62236e-11
9.47975e-11
9.47236e-11
9.20326e-11
9.8886e-11
1.02923e-10
1.01266e-10
8.66606e-11
9.32134e-11
9.20007e-11
9.47097e-11
9.54216e-11
9.4614e-11
1.10707e-10
0.000337253
1.03734e-10
9.70754e-11
9.05923e-11
1.02224e-10
1.02391e-10
1.3101e-10
9.4397e-11
8.78128e-11
9.698e-11
9.47173e-11
9.57746e-11
1.00891e-10
9.90838e-11
9.63236e-11
9.3395e-11
9.45408e-11
9.73015e-11
1.00293e-10
9.20994e-11
1.01239e-10
1.65122e-10
9.88537e-11
9.47941e-11
9.17795e-11
1.0281e-10
9.9202e-11
9.6641e-11
9.15248e-11
9.53512e-11
1.01396e-10
9.52706e-11
9.82061e-11
9.78261e-11
9.88398e-11
9.719e-11
9.82659e-11
1.01177e-10
1.03822e-10
1.05483e-10
9.32755e-11
9.60626e-11
9.84101e-11
1.04312e-10
1.04355e-10
1.03095e-10
1.04253e-10
1.08472e-10
9.78514e-11
9.56732e-11
0.00117225
1.00878e-10
9.39891e-11
9.64011e-11
1.0899e-10
1.05893e-10
9.27049e-11
1.02306e-10
1.04322e-10
9.30977e-11
9.49833e-11
1.04746e-10
9.83252e-11
1.06965e-10
1.03001e-10
1.0133e-10
1.01993e-10
9.55269e-11
9.46968e-11
9.42162e-11
9.9359e-11
9.61956e-11
9.88736e-11
9.54757e-11
1.10495e-10
1.0261e-10
1.12425e-10
1.13144e-10
1.08989e-10
9.70649e-11
9.61563e-11
9.75205e-11
9.34948e-11
1.05324e-10
1.04884e-10
1.06161e-10
8.74567e-11
1.80489e-05
9.99315e-11
1.0475e-10
9.80524e-11
1.01456e-10
9.95314e-11
9.86333e-11
1.01793e-10
9.79827e-11
1.01162e-10
1e-10
1.05849e-10
9.43027e-11
1e-10
1.00832e-10
1.02386e-10
9.84927e-11
1.00061e-10
1.11747e-10
9.99023e-11
9.92589e-11
1.0117e-10
1.10179e-10
9.60159e-11
1.06687e-10
9.40167e-11
9.99696e-11
1.05209e-10
9.84153e-11
1.03182e-10
9.26993e-11
9.05925e-11
1.01605e-10
9.79657e-11
9.54994e-11
1.17531e-10
1.12085e-10
1.04349e-10
1.19715e-10
9.72939e-11
9.39123e-11
9.38224e-11
9.47456e-11
9.54766e-11
1.07626e-10
9.52418e-11
9.55983e-11
1.16774e-10
1.12114e-10
1.0632e-10
0.0386436
0.0234245
9.20721e-11
9.17433e-11
3.02006e-05
1.05272e-10
9.58201e-11
1.11349e-10
1.03152e-10
1.12696e-10
1.04307e-10
1.05122e-10
9.87403e-11
9.98318e-11
1.03356e-10
9.54254e-11
1.03918e-10
8.38637e-11
1.0701e-10
1.01395e-10
1.02042e-10
8.7903e-11
9.32453e-11
1.13419e-10
9.30594e-11
0.000121671
9.86399e-11
1.06644e-10
1.03001e-10
1.14966e-10
1.0785e-10
1.04996e-10
9.56341e-11
1.06631e-10
9.96518e-11
1.08276e-10
1.13337e-10
1.01858e-10
1.16623e-10
9.98937e-11
0.00817582
9.44264e-11
0.0110998
9.55378e-11
0.00056147
9.77059e-11
0.00232379
9.85023e-11
0.024753
9.76188e-11
9.91486e-11
1e-10
0.000832822
1.0362e-10
2.86661e-10
9.219e-11
1.05117e-10
9.15575e-11
0.000114933
1.01654e-10
9.72271e-11
9.8323e-11
1.03397e-10
9.83137e-11
9.84645e-11
9.27073e-11
1.00049e-10
9.75776e-11
1.26468e-10
1.09487e-10
1.06404e-10
1e-10
9.995e-11
1.02134e-10
1.04283e-10
1e-10
9.97778e-11
1e-10
9.8842e-11
9.99153e-11
9.96954e-11
9.99587e-11
1.00303e-10
1.06532e-10
9.50379e-11
9.75418e-11
9.45558e-11
0.0368118
9.73336e-11
9.70543e-11
1.01193e-10
1.06046e-10
8.19886e-11
1.05909e-10
1.32466e-10
1.01793e-10
0.043037
9.81716e-11
1.00131e-10
1.01041e-10
1.003e-10
9.9716e-11
1.00197e-10
9.9521e-11
9.70188e-11
9.72358e-11
0.00348509
9.7308e-11
1.00301e-10
1.00151e-10
0.0735041
1e-10
1e-10
1e-10
0.0136114
9.65633e-11
7.73709e-05
9.91547e-11
9.94554e-11
1.00508e-10
1.00142e-10
9.90342e-11
9.94296e-11
9.97562e-11
1.00534e-10
9.99829e-11
1.01297e-10
1.17453e-10
1.04331e-10
1e-10
9.31253e-11
9.16566e-11
7.74852e-11
9.55265e-11
9.94904e-11
1.00105e-10
1.06806e-10
9.26164e-11
9.08769e-11
9.79919e-11
1.09142e-10
1.10801e-10
9.31102e-11
9.20932e-11
1.13431e-10
1.21972e-10
8.52009e-11
1.13332e-10
1.07991e-10
9.34813e-11
9.782e-11
1.03911e-10
1.05747e-10
1.04078e-10
9.70323e-11
1.00462e-10
1.06301e-10
2.27621e-10
1.22696e-10
9.49223e-11
1.05629e-10
1.00114e-10
9.40427e-11
9.47746e-11
9.58804e-11
9.46371e-11
1.07488e-10
9.62067e-11
1.00562e-10
9.46472e-11
9.64554e-11
9.53242e-11
9.19513e-11
9.84622e-11
9.92407e-11
1.00548e-10
1.00731e-10
1.28967e-05
1.04069e-10
1.05275e-10
1.01028e-10
1.00035e-10
1.48247e-10
1.0927e-10
9.95542e-11
1.00519e-10
1.00126e-10
1.68557e-05
1.00182e-10
9.9927e-11
1.0289e-10
1.00879e-10
1e-10
9.60292e-11
9.93908e-11
1.02539e-10
8.43772e-11
7.84105e-11
9.74062e-11
1.02051e-10
1.0161e-10
9.77852e-11
1e-10
9.58529e-11
1.014e-10
8.88784e-11
5.05859e-05
9.46773e-11
9.93311e-11
1.02753e-10
1.02548e-10
1.03076e-10
7.11961e-11
9.01712e-11
1.04563e-10
0.025
9.78256e-11
9.47179e-11
1.01856e-10
1.02395e-10
0.000177862
9.98866e-11
9.87876e-11
1.03447e-10
2.36661e-05
1.16587e-10
0.000223914
1.0397e-10
9.89863e-11
9.93527e-11
9.81456e-11
1.06174e-10
1.07749e-10
1.02506e-10
9.81971e-11
9.64289e-11
1.03994e-10
1.02862e-10
9.94781e-11
9.75042e-11
9.55618e-11
1.04976e-10
9.52762e-11
1.01043e-10
9.84015e-11
9.81739e-11
9.32556e-11
1.0351e-10
1.13582e-10
1.12842e-10
9.8633e-11
1.13006e-10
9.93059e-11
1.0657e-10
1.43265e-10
7.91585e-11
1.10791e-10
1.09307e-10
1.03884e-10
1.06286e-10
1.04125e-10
1.07806e-10
1.02526e-10
1.05338e-10
1.45564e-10
9.89057e-11
9.99196e-11
9.90875e-11
9.48539e-11
9.97757e-11
1.00452e-10
9.96051e-11
9.74387e-11
9.77857e-11
9.95213e-11
9.88026e-11
1.00247e-10
9.96764e-11
1.00115e-10
1.01766e-10
9.51746e-11
1.02271e-10
1.05952e-10
9.69879e-11
2.14351e-10
7.89379e-11
1.42561e-10
1.98652e-10
1e-10
8.60182e-11
1.01148e-10
9.52102e-11
9.92865e-11
1.20925e-10
1.17573e-10
9.55529e-11
1.1417e-10
1.97117e-10
9.787e-11
1.04108e-10
1.02951e-10
1.37472e-10
1.41625e-10
1.01423e-10
1.00501e-10
0.0125
9.17116e-11
1.2608e-10
1.04524e-10
8.95454e-11
1.22856e-10
9.21831e-11
1.04556e-10
0.000877347
1.08381e-10
1.59468e-10
1.09311e-10
1.2202e-10
9.82385e-11
1.07239e-10
1.07539e-10
1.10284e-10
1.00267e-10
0.000776522
1.09029e-10
1.03152e-10
9.93472e-11
9.78572e-11
9.76407e-11
1.03749e-10
9.18194e-11
9.7805e-11
9.52326e-11
1.05625e-10
9.58283e-11
9.62694e-11
9.73003e-11
9.94013e-11
1.04271e-10
9.42003e-11
9.99449e-11
9.46724e-11
9.85173e-11
9.9407e-11
1.01144e-10
1.01251e-10
9.82833e-11
9.98578e-11
9.48146e-11
9.18247e-11
1.20156e-10
9.70441e-11
9.14649e-11
9.67174e-11
9.59699e-11
9.6117e-11
1.00763e-10
9.41501e-11
9.57232e-11
9.9132e-11
9.49935e-11
9.58631e-11
9.31548e-11
9.59181e-11
1.04865e-10
1.00097e-10
9.19628e-11
9.66899e-11
1.06989e-10
1.00313e-10
1.00642e-10
9.76963e-11
3.05764e-05
9.62913e-11
9.40253e-11
9.0287e-11
9.34507e-11
9.53576e-11
1.06836e-10
1.04515e-10
9.35229e-11
9.97041e-11
9.36177e-11
1.01348e-10
0.000134346
9.65357e-11
1.00015e-10
1.04799e-10
1.01038e-10
1.02737e-10
9.98985e-11
1.00006e-10
9.34511e-11
0.000169664
9.76975e-11
1.028e-10
9.96235e-11
9.74995e-11
1.12e-10
1.04429e-10
1.00781e-10
9.67085e-11
9.82206e-11
9.7721e-11
0.000258554
1.01787e-10
1.00957e-10
1.02198e-10
1.0209e-10
1.01262e-10
9.8738e-11
9.82176e-11
9.91225e-11
9.61732e-11
1.04837e-10
9.86927e-11
9.60818e-11
9.43491e-11
9.57216e-11
9.88381e-11
9.68748e-11
9.76387e-11
9.89605e-11
9.77761e-11
9.48606e-11
9.1097e-11
9.81726e-11
0.11476
9.77051e-11
9.80815e-11
9.77416e-11
1.19059e-10
9.72401e-11
1.06207e-10
9.8586e-11
9.80603e-11
1.00141e-10
0.000358356
1.0334e-10
9.89859e-11
9.88721e-11
1.00934e-10
9.78608e-11
9.78962e-11
9.65001e-11
0.808266
0.0113195
0.0608567
1.01841e-10
1.10164e-10
9.50778e-11
9.82821e-11
9.59099e-11
1.00218e-10
9.97225e-11
9.95587e-11
0.110055
9.84332e-11
0.000827138
1.10441e-10
0.0210228
9.5751e-11
9.399e-11
9.74014e-11
9.8225e-11
9.50946e-11
1.05063e-10
1.0236e-10
1.02801e-10
1.00402e-10
1.04314e-10
9.89079e-11
1.05403e-10
9.13494e-11
8.95775e-11
1.03612e-10
1.14318e-10
1.0079e-10
1.03498e-10
1.00822e-10
8.7666e-11
9.39429e-11
9.14807e-11
1.03612e-10
8.79149e-11
9.16009e-11
9.43271e-11
1.04008e-10
0.0460671
0.547663
9.42713e-11
0.000456738
9.3528e-11
9.36103e-11
1.01024e-10
8.91789e-11
1.04352e-10
1.0567e-10
1.05093e-10
1.01398e-10
0.0453169
9.49966e-11
9.66712e-11
1.04697e-10
8.91478e-11
8.90983e-11
8.89719e-11
9.37545e-11
9.31784e-11
1.92539e-05
1.05313e-10
1.07037e-10
1.06941e-10
1.05843e-10
1.00052e-10
1.041e-10
1.30666e-10
1.02959e-10
1.03878e-10
1.002e-10
1.11244e-10
1.06664e-10
1.1207e-10
1.06202e-10
1.00116e-10
1.2026e-10
1.13501e-10
9.60653e-11
1.04179e-10
9.9417e-11
9.41775e-11
1.02405e-10
8.98614e-11
9.64892e-11
9.17337e-11
1.0091e-10
1.04766e-10
1.04716e-10
9.95997e-11
1.12375e-10
9.84461e-11
1.02485e-10
9.62536e-11
9.48345e-11
9.80453e-11
9.92366e-11
9.86052e-11
1.0002e-10
1.00922e-10
9.95988e-11
1.01313e-10
8.84335e-11
7.64293e-11
1.4131e-10
9.18669e-11
1.03244e-10
1.01367e-10
1.01034e-10
9.79791e-11
1.02126e-10
9.48404e-11
1.00724e-10
9.27921e-11
9.53375e-11
9.36028e-11
9.84953e-11
1.01664e-10
9.33342e-11
9.24662e-11
1.02329e-10
9.68759e-11
1.00714e-10
9.57181e-11
9.22405e-11
9.5728e-11
0.00567979
9.9888e-11
9.60726e-11
9.38393e-11
9.85349e-11
0.000550311
8.912e-11
9.78068e-11
9.80206e-11
9.54593e-11
9.6553e-11
1.0197e-10
9.97185e-11
0.0192271
0.112967
0.0385826
0.0125981
1.05318e-10
1.05611e-10
1.01146e-10
0.0739777
0.00452428
9.05365e-11
1.04026e-10
1.03177e-10
1.04649e-10
9.1971e-11
9.79354e-11
9.83301e-11
0.00205543
1.10362e-10
8.73363e-11
9.32779e-11
3.17347e-05
1.01369e-10
9.87197e-11
0.0153169
1.00098e-10
0.0273929
1.00221e-10
0.174093
0.788935
0.980163
1.04856e-10
0.00238812
1.07547e-10
0.0118773
9.02857e-11
9.01699e-11
0.00782809
0.000299055
1.01273e-10
9.99892e-11
1.08524e-10
9.90856e-11
0.000450618
1.15336e-10
1.04086e-10
0.0691469
0.118783
0.401294
0.556649
0.123437
0.963169
1.00528e-10
1.02404e-10
0.00268889
9.99772e-11
0.859328
9.22274e-11
0.0289344
9.47031e-11
9.6115e-11
9.24297e-11
9.74042e-11
8.89271e-11
9.71627e-11
0.00355726
9.78741e-11
9.36668e-11
1.03668e-10
0.0563002
7.68323e-05
0.000968177
1.00069e-10
1.00995e-10
9.9764e-11
9.57483e-11
9.8073e-11
9.2411e-11
1.01725e-10
8.84868e-11
9.46059e-11
0.698459
0.100419
9.18328e-11
9.35377e-11
1.03535e-10
9.29052e-11
9.81996e-11
9.22275e-11
8.83153e-11
9.46466e-11
1.03004e-10
9.90401e-11
1.00464e-10
9.87342e-11
1.01301e-10
9.87241e-11
9.6547e-11
1.00119e-10
9.96063e-11
9.75572e-06
1.07136e-10
1.02734e-10
9.19576e-11
1.22485e-10
9.89792e-11
0.1
9.78481e-11
9.97807e-11
1.10316e-10
1.02629e-10
8.27225e-11
9.71263e-11
1.0171e-10
1.02104e-10
1.04199e-10
1.10641e-10
1e-10
9.72812e-11
9.03011e-11
9.87431e-11
9.61187e-11
1.00266e-10
9.9643e-11
1.043e-10
9.99124e-11
1.26129e-10
1.03677e-10
9.76125e-11
9.92094e-11
1.00272e-10
1.01115e-10
1.06404e-10
1.01838e-10
1.03334e-10
1.11251e-10
9.76504e-11
1e-10
1.00712e-10
1.00552e-10
1.04757e-10
1.06525e-10
9.89545e-11
1.00269e-10
9.62031e-11
1.07274e-10
9.93476e-11
1.00291e-10
1.00466e-10
9.93991e-11
1.00777e-10
9.67479e-11
9.93492e-11
1.0495e-10
1.04773e-10
9.53223e-11
9.74957e-11
1.11593e-10
9.88736e-11
1.15449e-10
9.18047e-11
1.01484e-10
1.06895e-10
9.71813e-11
9.83969e-11
9.86418e-11
9.52054e-11
9.61453e-11
0.0002201
9.49192e-11
9.60355e-11
1.0537e-10
9.73216e-11
9.86185e-11
9.71277e-11
1.0338e-10
0.000166858
9.62491e-11
9.73745e-11
9.37371e-11
9.32214e-11
9.27214e-11
7.71024e-05
9.52922e-11
9.41946e-11
9.79749e-11
9.89072e-11
9.51378e-11
9.82371e-11
1.02695e-10
1.03767e-10
9.72919e-11
9.69162e-11
9.88854e-11
9.78602e-11
9.17869e-11
9.46611e-11
1.01498e-10
9.50582e-11
9.38594e-11
9.48237e-11
1.17203e-10
1.02096e-10
1.00131e-10
1.03119e-10
1.07394e-10
9.50098e-11
1.00282e-10
9.22909e-11
9.38284e-11
9.71794e-11
9.49063e-11
0.000742879
1.01622e-10
1.01434e-10
9.6571e-11
9.41947e-11
9.23172e-11
9.79988e-11
9.3015e-11
9.63873e-11
9.63888e-11
9.34266e-11
1.03131e-10
9.62338e-11
9.60502e-11
9.70377e-11
9.40662e-11
1.02417e-10
9.48654e-11
9.20614e-11
9.73884e-11
9.53183e-11
9.61714e-11
9.54516e-11
9.52958e-11
9.74492e-11
9.48505e-11
9.5229e-11
9.48039e-11
9.63055e-11
9.68335e-11
9.52427e-11
9.90662e-11
9.6411e-11
9.84555e-11
1.00334e-10
9.62918e-11
9.64968e-11
9.56505e-11
9.8516e-11
9.80747e-11
9.71314e-11
9.52445e-11
9.24128e-11
9.44017e-11
9.70848e-11
9.47403e-11
9.47835e-11
9.98546e-11
1e-10
9.59858e-11
8.87147e-11
9.53066e-11
9.32553e-11
9.16413e-11
9.85495e-11
1.00828e-10
1.00089e-10
9.74651e-11
9.92789e-11
9.65022e-11
9.48506e-11
1.0203e-10
9.0911e-11
9.48079e-11
1.00142e-10
9.77086e-11
1.00892e-10
9.71816e-11
9.55724e-11
9.30288e-11
9.63305e-11
1.00405e-10
9.5497e-11
9.33595e-11
9.52684e-11
0.0498593
9.76653e-11
1.0051e-10
0.0863745
1
0.071207
9.42901e-11
0.0401104
9.73817e-11
9.33918e-11
9.86434e-11
0.0881834
0.144314
0.429846
5.22863e-06
1.15648e-10
9.84662e-11
1.02544e-10
1.00345e-10
9.74834e-11
9.44291e-11
9.60775e-11
1.01561e-10
9.54801e-11
1.01349e-10
9.97857e-11
9.27672e-11
9.79859e-11
9.79823e-11
8.72794e-11
9.36286e-11
0.0664622
0.807218
0.428622
0.025813
0.20886
0.574235
0.363541
9.60948e-11
0.00505937
0.953609
0.0311224
0.389201
0.164821
1.01868e-10
0.707559
0.00318455
0.100067
0.116106
0.0584121
0.096145
0.0455064
0.172756
0.0826277
0.139501
0.0782369
0.0556517
0.0759617
0.0143841
0.0919067
0.137829
1.0581e-10
1.04428e-10
1.02295e-10
1.03118e-10
1.06609e-10
1.0763e-10
1.00761e-10
1.08967e-10
9.553e-11
1.02582e-10
1.00951e-10
1.01646e-10
9.72366e-11
9.49407e-11
1.0374e-10
9.53295e-11
9.73653e-11
9.89204e-11
9.71534e-11
9.63265e-11
9.70302e-11
9.93319e-11
9.97811e-11
1.02707e-10
9.40513e-11
9.85224e-11
9.42819e-11
9.74329e-11
9.72313e-11
9.66395e-11
9.33699e-11
1.10016e-10
1.01522e-10
1.01386e-10
1.02695e-10
9.32712e-11
9.50128e-11
1.03288e-10
9.73287e-11
1.05264e-10
9.74209e-11
1.00058e-10
9.4103e-11
1.00267e-10
9.6469e-11
9.94662e-11
0.262478
1.01583e-10
0.126655
1.05753e-10
0.0838658
1.04951e-10
0.288374
0.0325664
0.0656881
0.40023
0.240978
9.62551e-11
0.0221588
0.00536506
0.0187803
0.0369797
9.64053e-11
1.07843e-10
8.96422e-11
9.84262e-11
8.892e-11
9.74601e-11
0.000894399
9.9901e-11
9.64508e-11
9.26252e-11
9.43379e-11
0.293762
0.26456
0.118266
0.0318044
0.00083528
9.47502e-11
0.000661988
1.00905e-10
9.92616e-11
9.40782e-11
9.33421e-11
9.57277e-11
9.15267e-11
8.89025e-11
0.0525652
9.54846e-11
0.274261
0.137612
0.328857
9.23617e-11
1.03359e-10
1.0796e-10
7.5788e-05
1.03074e-10
9.65228e-11
1.09218e-10
9.49632e-11
9.61032e-11
9.52201e-11
9.46013e-11
0.0517258
0.0624454
0.0736139
9.30096e-11
0.0142696
0.461216
9.66528e-11
9.48764e-11
0.00150027
9.69143e-11
0.00655376
9.45585e-11
9.36508e-11
9.79546e-11
1.0135e-10
9.90492e-11
9.19921e-11
0.0206816
9.41094e-11
9.60231e-11
9.65436e-11
0.00617811
0.0242946
1.07687e-10
9.73682e-11
1.00939e-10
1.03867e-10
1.01467e-10
1.02091e-10
9.47642e-11
9.78425e-11
1.05644e-10
1.00934e-10
1.12943e-10
9.76775e-11
9.54392e-11
1.03649e-10
9.67812e-11
9.98374e-11
1.04082e-10
1.08124e-10
8.96287e-11
1.26003e-10
9.75502e-11
1.17129e-10
1.08136e-10
9.91279e-11
9.49294e-11
1.0248e-10
1.07067e-10
9.97906e-11
9.51787e-11
1.01627e-10
9.99175e-11
1.0741e-10
1.02138e-10
1.16577e-10
1.00894e-10
1.0518e-10
9.99856e-11
1.09545e-10
9.43761e-11
1.02454e-10
8.84383e-11
1.09663e-10
9.76107e-11
9.84785e-11
1.00209e-10
9.91424e-11
9.44686e-11
9.37017e-11
0.0107528
8.74572e-11
0.423951
0.589725
0.059738
9.50483e-11
8.56964e-11
8.94878e-11
0.000440682
1.4473e-10
0.0296439
1e-10
0.0359178
9.45148e-11
1.02714e-10
1.0297e-10
0.012857
0.0919043
1.04774e-10
0.0342384
0.000355902
1.00234e-10
1.1317e-10
0.00236167
1.08809e-10
3.30369e-10
0.016168
2.78811e-10
0.0488926
0.0303808
1.0101e-10
9.91044e-11
1.03496e-10
1.05231e-10
1.01967e-10
9.79624e-11
1.0197e-10
2.12989e-10
1.0178e-10
1.00763e-10
1.04417e-10
1.05671e-10
1.00261e-10
1.02918e-10
1.08159e-10
1.13074e-10
1.01092e-10
9.99586e-11
9.92e-11
1.01248e-10
9.85547e-11
1e-10
1.00726e-10
8.80827e-11
6.69106e-11
9.53836e-11
1.01769e-10
0.025
7.92531e-05
9.71831e-11
6.72851e-11
1.14457e-10
9.03774e-11
7.80925e-11
8.89646e-11
9.88586e-11
9.80466e-11
1.02894e-10
9.15807e-11
6.57173e-11
1e-10
9.56492e-11
1.03587e-10
9.62376e-11
9.98354e-11
9.99295e-11
1.00049e-10
1.19056e-10
9.82079e-11
1.02398e-10
0.000193669
9.53527e-11
9.56185e-11
1.00275e-10
9.67017e-11
9.99468e-11
9.68731e-11
1.06057e-10
9.84673e-11
9.60146e-11
9.16624e-11
1.00132e-10
1.03963e-10
9.66832e-11
1.07097e-10
1.04523e-10
1.02763e-10
9.6763e-11
1.01358e-10
1.01545e-10
1.03619e-10
1.02996e-10
1.04108e-10
1.02257e-10
1.07538e-10
9.96474e-11
1.01317e-10
9.59884e-11
1.00413e-10
9.64495e-11
1.04625e-10
9.76656e-11
1.01427e-10
9.84479e-11
9.93424e-11
1.01301e-10
1.04199e-10
1.02244e-10
9.64162e-11
9.98944e-11
3.46664e-05
1.10975e-10
9.91179e-11
0.00741928
9.95978e-11
1.05885e-10
1.04492e-10
1.00221e-10
1.00646e-10
1.05176e-10
1.00027e-10
1.06236e-10
1.0705e-10
1.02159e-10
9.74344e-11
1.00254e-10
9.67058e-11
9.87615e-11
9.97081e-11
1.07679e-10
9.99869e-11
1.01169e-10
9.9835e-11
1.0005e-10
9.98148e-11
1.00488e-10
1.06588e-10
1e-10
1.00676e-10
9.80962e-11
1.00108e-10
5.65125e-11
2.07547e-10
9.70291e-11
9.72665e-11
9.69023e-11
9.83673e-11
9.67404e-11
9.75329e-11
9.52329e-11
9.5337e-11
9.97111e-11
9.84332e-11
1.0017e-10
1e-10
1.09562e-10
9.94132e-11
1.01911e-10
9.9178e-11
1.05796e-10
1.04286e-10
9.98469e-11
9.55438e-11
9.4715e-11
1.00408e-10
1.04215e-10
1.00039e-10
9.88175e-11
9.93424e-11
0.0375
8.03524e-11
9.50698e-11
9.89592e-11
1e-10
9.9955e-11
1.01886e-10
1e-10
1.0805e-10
1.03135e-10
0.000269024
1.10075e-10
9.38516e-11
0.0184958
1.11451e-10
9.65315e-11
0.0370235
1.04117e-10
9.9163e-11
9.06807e-11
1.10589e-10
0.0593792
0.000929376
0.082985
0.00301021
1.03456e-10
1.00848e-10
0.0310826
1.13952e-10
0.000446825
0.0947015
0.0612562
9.75198e-11
0.0181156
1.14617e-10
9.82648e-11
1.04827e-10
1.04319e-10
1.05185e-10
0.0661777
0.0953877
1.05953e-10
0.051012
0.0311989
9.67064e-11
9.66734e-11
1.03041e-10
1.02753e-10
1.02549e-10
0.0627006
0.035791
9.03138e-11
9.19934e-11
0.077491
1.03071e-10
9.66766e-11
0.0971
0.146119
0.0576976
0.0805269
1.33355e-10
1.02596e-10
0.00455379
0.016694
0.0394129
9.75762e-11
0.0542539
1.13156e-10
0.0890111
0.0706019
0.0251153
0.0232027
0.0869892
0.0631529
9.29705e-11
0.0234639
0.0110654
0.0157534
9.20489e-11
1.11102e-10
1.03843e-10
9.86783e-11
1.00613e-10
1.01943e-10
1.06653e-10
1.00976e-10
1.01932e-10
1.08454e-10
1.18434e-10
9.87394e-11
1.06054e-10
1.15186e-10
1.08421e-10
1.04438e-10
1.07709e-10
9.70676e-11
1.16812e-10
9.8004e-11
1.10608e-10
1.06524e-10
1.01546e-10
1.0821e-10
1.07621e-10
9.6286e-11
0.131433
0.0480644
9.49138e-11
0.0575861
0.10359
0.0865103
0.0037048
0.123587
0.171727
0.0390477
9.85411e-11
9.72766e-11
1.02085e-10
1.05889e-10
9.90276e-11
9.43951e-11
9.93239e-11
9.68881e-11
1.00292e-10
1.00255e-10
9.73527e-11
1.01468e-10
1.00916e-10
3.95759e-05
1.00898e-10
9.62294e-11
1.08549e-10
9.87118e-11
9.5277e-11
9.72934e-11
9.2843e-11
9.65198e-11
1.01233e-10
1.0426e-10
9.60031e-11
1.00297e-10
1.02047e-10
0.000340713
1.04703e-10
1.01477e-10
9.47194e-11
9.82715e-11
9.69933e-11
1.01242e-10
2.83435e-05
9.76527e-11
9.47499e-11
1.06347e-10
0.0437524
0.100017
9.55518e-11
9.43571e-11
9.76655e-11
9.70718e-11
9.90537e-11
9.15605e-11
9.76489e-11
9.45041e-11
9.81213e-11
1.02038e-10
9.96531e-11
1.06858e-10
1.0043e-10
9.08142e-11
1.05827e-10
9.97643e-11
1.047e-10
1.01269e-10
9.4259e-11
9.51587e-11
9.6674e-11
1.00623e-10
9.61117e-11
9.37257e-11
1.04721e-10
1.04638e-10
9.03545e-11
9.40485e-11
9.93198e-11
9.72817e-11
1.02081e-10
9.7674e-11
9.73243e-11
9.82906e-11
9.51538e-11
1.01417e-10
1.01815e-10
9.44339e-11
9.47845e-11
9.74295e-11
9.45864e-11
9.31155e-11
1.03429e-10
9.52702e-11
1.00775e-10
9.95706e-11
1.11923e-10
1.01159e-10
9.63288e-11
9.56733e-11
9.4064e-11
0.000465202
9.89686e-11
9.65118e-11
9.82092e-11
9.91382e-11
0.0147727
9.91855e-11
9.69892e-11
0.00601713
3.73793e-05
9.61925e-11
9.9237e-11
8.70983e-11
0.000339389
1.81088e-10
1.12958e-10
1.07122e-10
1.49538e-10
9.95613e-11
9.20787e-11
9.51765e-11
9.76104e-11
1.04913e-10
9.5665e-11
1e-10
9.57157e-05
9.06886e-11
9.21654e-11
7.51996e-05
1.26529e-10
0.00100466
9.67354e-11
8.53298e-11
1.09019e-10
1.02323e-10
9.98011e-11
1.21731e-10
1.0778e-10
9.45105e-11
9.36011e-11
9.84806e-11
9.65685e-11
9.77601e-11
1.09925e-10
1.09223e-10
9.48573e-11
9.73523e-11
9.48704e-11
1.27876e-10
9.42642e-11
9.16108e-11
0.715835
0.00315749
0.0889676
0.191541
0.0207962
0.0998911
0.00586522
0.161377
0.000629433
0.00153206
0.201698
0.0024857
1.09111e-10
1.0013e-10
0.116171
0.00235306
9.96324e-11
0.000827523
8.80739e-05
0.00338376
0.00862059
0.00337108
0.00152494
0.00268169
0.00563791
0.00131893
0.0111235
0.000369256
0.00534189
0.0105162
0.631629
9.88124e-06
0.0792038
0.318017
0.0614633
0.00105317
0.0828367
0.0378185
9.9964e-11
0.223187
0.00495034
0.00505537
0.0618876
0.00896543
0.108858
0.803121
0.00155802
0.0776467
0.0806263
0.0597949
0.0769095
0.137126
0.624628
0.228606
0.000380904
0.315548
0.978927
0.486812
0.995162
0.772827
1.04665e-10
1.00129e-10
1.04007e-10
1.01504e-10
1.04363e-10
9.87062e-11
0.00101997
1.00322e-10
9.9283e-11
1.00055e-10
9.99258e-11
9.7503e-11
1.03258e-10
9.7914e-11
9.99893e-11
1.03484e-10
9.96025e-11
9.99075e-11
1.18548e-10
6.7279e-11
0.0318474
0.127976
9.65859e-11
0.0512821
0.0439213
0.0464322
0.0532075
0.0423718
1.31811e-10
9.47684e-11
9.93749e-11
0.0246343
0.10925
0.00737913
0.0929467
0.0159132
0.051145
9.72195e-11
9.52447e-11
0.0817908
0.0857559
3.82914e-05
0.0582377
0.0990821
0.00977912
0.0751434
0.0588345
0.00150305
1e-10
0.096561
9.31392e-11
9.94641e-11
0.00901175
0.0987328
9.78759e-11
2.32936e-05
0.597632
0.516283
0.227658
0.446125
0.224343
0.546766
0.179262
0.172045
0.264853
0.248292
0.364677
0.242023
0.608927
0.775662
0.684633
0.0978314
0.0671216
9.9195e-11
1.05575e-10
9.95635e-11
1.02332e-10
9.82627e-11
1.01414e-10
1.01767e-10
9.61585e-11
0.0563684
0.0777898
0.00984365
0.0108728
1.01982e-10
1.05668e-10
0.0929717
0.121837
0.0429862
1.00334e-10
0.00303301
0.0511989
1.01823e-10
1.02522e-10
0.0462177
0.0130989
1.03012e-10
1.01392e-10
0.0573852
1.01494e-10
0.14034
0.22135
1.01926e-10
0.169802
1.02281e-10
0.0457046
0.549371
0.426771
0.488303
0.233769
0.518776
0.6353
0.702825
0.657284
0.523734
0.497767
0.0257614
0.934026
0.476167
0.638707
0.684102
0.671178
0.557044
0.758894
0.619237
0.185438
0.642682
0.699746
0.785464
0.629746
0.00974029
1.05778e-10
1.03928e-10
1.18476e-10
0.000100293
9.898e-11
1.00797e-10
0.0859809
1.01157e-10
0.173737
0.721443
0.124167
0.14001
0.187279
0.0825686
0.191536
0.103212
0.423548
0.47998
0.633581
0.191062
0.158255
0.465545
0.331098
1.04059e-10
9.93484e-11
0.0532307
1.04165e-10
1.01529e-10
9.77767e-11
0.0317442
1.05276e-10
0.920493
0.73514
1.00486e-10
9.76039e-11
1.10008e-10
0.170002
0.076833
0.0608275
1.00076e-10
0.0208379
1.04763e-10
9.91232e-11
0.144961
1.03288e-10
0.31169
0.901699
0.0162559
0.353836
0.107772
0.135124
0.0790722
1.0006e-10
1.00526e-10
0.148132
0.878103
0.55465
0.640426
0.592036
0.0270707
0.276923
0.300619
0.517113
0.598933
0.794204
0.406545
0.773493
0.196597
0.880568
0.092378
0.774572
0.893936
0.868783
0.734972
0.684886
0.998152
0.376471
0.0642546
0.0259156
0.104591
0.000573801
0.0968697
9.99912e-11
1.03508e-10
0.00630454
0.98923
0.947017
0.87849
1
0.990526
0.0277109
0.955461
0.983279
0.978634
0.991654
0.0526359
0.957672
0.998421
0.981008
0.00411799
1.03359e-10
0.865485
0.639704
0.000170467
1.01196e-10
1.00044e-10
0.866287
0.0101272
0.0273106
9.62864e-11
0.000783871
1.00074e-10
0.0769802
9.99737e-11
0.472833
9.99381e-11
0.00315622
0.00713357
0.00351714
1.03586e-10
9.877e-11
0.0397196
1.01864e-10
0.846083
0.575017
9.99979e-11
0.796457
0.995542
0.989222
0.969266
0.947648
0.0149939
0.95301
0.0795859
0.0159748
0.0546199
0.0868705
0.81164
0.949135
0.0915545
0.211525
0.0548525
0.187885
0.742987
0.982716
0.723312
0.709726
0.871575
0.838029
0.337771
0.725415
0.910707
0.883373
0.339332
0.267771
0.28129
0.507412
0.879853
0.159028
0.818916
0.898787
0.792725
0.897503
0.914292
0.905744
0.745954
0.80445
0.927079
0.771872
9.19262e-11
1.08642e-10
0.920924
0.769485
1e-10
0.504813
0.0761542
0.0158127
0.0253365
0.0293206
0.863292
0.927258
0.00533563
0.320786
1e-10
0.00968495
0.173888
0.98113
1.14134e-10
1.04587e-10
1.08105e-10
9.24333e-11
1.02629e-10
1.03027e-10
1.01515e-10
0.0195677
1.01011e-10
9.77175e-11
0.0266561
1.00223e-10
1.16019e-10
9.74465e-11
1.00763e-10
0.000590469
9.83732e-11
9.84788e-11
1.00727e-10
1.04897e-10
1.0371e-10
1.01939e-10
9.69586e-11
9.8861e-11
1.00282e-10
1.08576e-10
0.00133092
9.87603e-11
1.07848e-10
1.01566e-10
1.01598e-10
7.94921e-05
9.92699e-11
9.90849e-11
1.00873e-10
0.000231768
9.53711e-11
1.0137e-10
0.000271905
1e-10
9.9731e-11
1.02017e-10
1.02761e-10
1.01207e-10
9.24409e-11
1.02983e-10
2.82725e-05
1.00753e-10
1.06459e-10
1.02722e-10
9.2259e-11
0.00719173
1e-10
1.02079e-10
1.03524e-10
1.03354e-10
1.0081e-10
1.01417e-10
1.01527e-10
1e-10
1.0003e-10
1.03077e-10
0.00654363
1.012e-10
0.591217
0.755772
0.99975
0.940661
0.904462
0.745047
9.97398e-11
0.251586
0.221775
9.88482e-11
1.00386e-10
0.0251464
1e-10
0.564618
0.147293
0.0393874
0.396132
0.30244
0.223395
0.169175
0.831184
0.163317
0.0647004
0.0538035
0.00551408
0.298389
0.894766
0.853295
0.888713
0.753132
9.37281e-11
1.13381e-10
9.51416e-11
9.80881e-11
1.29673e-10
9.35117e-11
8.93143e-11
1.06713e-10
9.80925e-11
9.99046e-11
0.000580535
9.394e-11
9.18217e-11
8.65242e-11
0.000186144
0.0237559
9.62675e-11
9.49984e-11
9.31498e-11
9.05637e-11
9.78537e-11
1.04989e-10
9.51685e-11
9.19035e-11
0.00273428
0.00284346
6.48222e-05
9.34875e-11
9.59692e-11
0.0721097
9.72683e-11
1.12899e-10
0.00805061
9.64655e-11
9.48574e-11
9.43352e-11
9.4723e-11
9.59017e-11
9.63744e-11
9.03252e-11
9.87054e-11
1.07306e-10
1.0232e-10
1.06268e-10
9.64874e-11
9.12024e-11
9.24686e-11
8.97254e-11
9.81403e-11
0.00530242
1.01846e-10
1.01926e-10
1.13458e-10
0.0225327
0.0419353
0.00483314
9.35212e-11
0.0546604
9.51693e-11
9.88952e-11
0.0576417
9.47338e-11
9.55243e-11
0.0906332
9.93958e-11
9.83925e-11
0.00467337
1.05582e-10
1.05579e-10
1.00271e-10
1.02134e-10
9.57442e-11
1.00017e-10
1.02962e-10
9.88339e-11
0.534544
1.00502e-10
9.93404e-11
1.00002e-10
1e-10
9.9882e-11
1.00017e-10
9.9751e-11
9.97846e-11
9.95738e-11
9.72483e-11
0.0582635
9.91095e-11
9.90457e-11
1.00197e-10
0.00426206
0.276753
0.00541815
1e-10
0.0156506
0.024349
9.98353e-11
0.0535032
9.90621e-11
0.038082
1.0002e-10
0.0737192
9.80897e-11
1.01593e-10
9.80484e-11
0.0651765
9.98316e-11
9.91064e-11
9.88008e-11
9.59156e-11
9.89505e-11
0.075
1.00179e-10
9.68939e-11
9.31054e-11
1.90533e-10
1e-10
0.000419376
0.0491025
0.0736777
0.00548516
0.0344072
9.56597e-11
9.68052e-11
1e-10
0.0465063
9.73374e-11
0.0239551
9.70544e-11
0.0888032
1.03776e-10
9.91183e-11
1e-10
1.14517e-10
0.138332
0.814156
0.0358014
0.0954296
0.0441533
0.00183127
0.0534737
0.0743097
1.02909e-10
0.0239388
0.0083062
0.00700169
1.03103e-10
1.15162e-10
9.81758e-11
8.96236e-11
9.27236e-11
8.9225e-11
9.76907e-11
0.0109244
0.0610515
1.03254e-10
9.80568e-11
0.0717305
9.54066e-11
9.18237e-11
1.07556e-10
9.48271e-11
9.7548e-11
9.55676e-11
9.81992e-11
9.90314e-11
9.27707e-11
9.81929e-11
9.91316e-11
9.58584e-11
9.12476e-11
9.26803e-11
9.37215e-11
9.51099e-11
9.57585e-11
1.22665e-10
9.86848e-11
9.6944e-11
9.43548e-11
9.44354e-11
1.05486e-10
0.000158714
1.32775e-10
9.83478e-11
1.11655e-10
9.26677e-11
0.0169586
9.12678e-11
9.58492e-11
9.59826e-11
0.0748333
9.38362e-11
0.0168476
1.10089e-10
9.77392e-11
9.33826e-11
1.00398e-10
1.06769e-10
9.94818e-11
0.020287
0.144606
0.0612101
9.52201e-11
9.78816e-11
0.00873055
9.38313e-11
9.71604e-11
0.072037
0.00856014
9.5214e-11
0.0476146
0.0106402
1.07565e-10
1.04647e-10
9.74045e-11
9.34674e-11
9.76142e-11
9.61837e-11
9.40475e-11
9.36877e-11
0.117743
0.084836
1.05325e-10
1.07252e-10
1.00319e-10
9.95252e-11
0.0346132
0.0829608
1.01037e-10
9.81962e-11
1.09e-10
9.36958e-11
9.62753e-11
0.00179472
1.01574e-10
0.120562
1.06648e-10
1.03831e-10
1.03036e-10
1.08675e-10
1.02106e-10
8.9047e-11
9.81924e-11
1.06017e-10
1.10077e-10
8.90274e-11
0.0276634
9.2548e-11
0.0248265
0.0306298
9.57269e-11
1.05251e-10
1.04027e-10
1.00416e-10
0.0670187
0.12669
0.0948269
0.118981
9.23599e-11
1.14466e-10
1.01874e-10
1.0198e-10
0.0580066
0.00146967
1.04293e-10
0.0716821
8.98357e-11
1.12821e-10
0.020699
1.00447e-10
9.58705e-11
9.80167e-11
9.69587e-11
9.44772e-11
1.05634e-10
9.58952e-11
9.8625e-11
9.40043e-11
0.0558038
9.83815e-11
0.0083378
1.19278e-10
1.02498e-10
2.54206e-05
2.42846e-05
9.98451e-11
9.80247e-11
9.45533e-11
9.98815e-11
0.00209436
1.00048e-10
1.00423e-10
9.99988e-11
9.98515e-11
0.690726
0.914858
0.929341
0.967215
0.75156
0.309702
0.903837
0.787183
0.00643155
0.0937342
0.00351348
0.135565
0.161126
0.0874056
0.00189964
0.0141734
0.00797135
0.188852
0.84725
9.72998e-11
1.04862e-10
9.93777e-11
9.6589e-11
1.03079e-10
0.118259
0.0316937
9.89782e-11
0.0557979
0.067387
0.0753178
0.0587834
1e-10
9.98147e-11
9.86521e-11
1.0274e-10
0.0365109
9.77787e-11
9.9426e-11
1.00728e-10
1.07617e-10
9.95022e-11
9.50182e-11
1.00746e-10
0.00628169
1.0175e-10
0.0636033
9.99534e-11
0.0294011
9.86592e-11
9.61731e-11
0.000141861
9.66516e-11
9.46252e-11
9.68449e-11
0.0024463
1.23697e-10
1.07402e-10
1e-10
0.0181819
1.01164e-10
1.08455e-10
0.127042
0.918067
0.382495
0.892865
0.993176
0.864883
0.897619
0.839377
0.258736
0.596097
0.880781
0.192133
0.668871
0.328854
0.234264
0.921764
0.945705
0.793192
0.730267
0.758129
0.850643
0.852142
0.841811
0.0752937
0.0645585
0.0756306
0.343625
0.0302343
0.806486
0.650004
0.943999
0.944282
0.1442
0.762766
0.527453
0.0680002
0.74403
0.772906
0.464524
0.130608
0.722905
9.95488e-11
0.0879499
0.237133
0.144697
0.198737
0.0961304
0.0355224
0.206084
0.710429
0.497823
0.671428
0.0925518
0.208438
0.363044
0.0379081
0.0973802
0.16259
1.29583e-10
1.00401e-10
1.27365e-10
0.0433421
0.170713
0.761011
0.823242
0.723339
0.686886
0.786473
0.172726
0.0465078
0.124067
9.98619e-11
9.97446e-11
0.123063
0.115237
0.0780338
0.133101
6.6556e-06
9.88542e-11
9.67041e-11
9.71022e-11
9.77994e-11
9.51487e-11
9.45827e-11
9.74713e-11
1.0715e-10
0.0328057
0.0481192
9.84926e-11
9.32712e-11
9.58719e-11
1.17813e-10
1.08336e-10
9.95596e-11
1.01978e-10
1.05445e-10
1.0504e-10
9.91315e-11
9.96474e-11
0.00130354
9.96305e-11
0.00348802
9.88568e-11
0.000208489
9.98667e-11
6.7819e-05
1.10083e-10
1.19323e-10
0.0480534
9.65544e-11
9.78889e-11
0.0421861
9.49087e-11
0.0389508
0.0917337
1.13781e-10
9.59997e-11
1.01285e-10
1.03493e-10
9.85184e-11
9.70153e-11
1.00342e-10
1.00884e-10
0.0989674
0.0542413
0.0380777
1.13324e-10
1.05972e-10
1.00725e-10
0.000476584
9.99262e-11
1e-10
9.84585e-11
9.75163e-11
9.9272e-11
1e-10
1.00371e-10
7.10375e-11
0.00236691
1e-10
0.00996298
1e-10
0.000919202
9.99484e-11
1.08289e-10
1.03174e-10
0.042764
1.01413e-10
0.0429412
9.7866e-11
9.90149e-11
9.91339e-11
0.00997928
1.03501e-10
9.76988e-11
1.00103e-10
1e-10
1.0089e-10
9.7208e-11
1.07127e-10
1.00837e-10
1.00977e-10
9.99641e-11
1.00002e-10
9.48707e-11
1.00095e-10
9.91511e-11
1.0005e-10
0.00153081
1.03499e-10
1.00131e-10
1e-10
1.0006e-10
1e-10
0.00207786
9.96999e-11
9.98914e-11
0.0815616
0.0783189
9.87912e-11
0.0505157
0.0941133
0.0902119
0.0813266
0.0838304
0.0948745
0.0938389
0.108085
0.123948
0.0289382
0.102799
0.00299038
1.00193e-10
9.89527e-11
9.71137e-11
1.0073e-10
1.01692e-10
1.00445e-10
1.01882e-10
1.00303e-10
9.98143e-11
1.01115e-10
1.00496e-10
0.000455721
0.00345104
1.0047e-10
1.00171e-10
1.01172e-10
9.95016e-11
9.92321e-11
9.99895e-11
9.93003e-11
1.02757e-10
9.91698e-11
0.013209
1.11744e-10
1.01232e-10
1.04033e-10
1.10923e-10
0.00154086
1.00265e-10
1.0372e-10
9.65278e-11
1e-10
1.00476e-10
1.28596e-10
9.96864e-11
9.04777e-11
1.00765e-10
0.00244357
1.01923e-10
9.966e-11
1.00072e-10
0.00338781
1.00005e-10
0.000995803
9.91559e-11
9.96783e-11
1.0006e-10
0.00185454
0.00485306
9.88117e-11
9.97363e-11
0.102014
0.0127963
0.108399
1.00343e-10
0.0410206
0.00104607
8.45407e-06
0.0781621
0.0455
9.68762e-11
9.75172e-11
9.68353e-11
9.68781e-11
9.36422e-11
9.29043e-11
1.10667e-10
1.1847e-10
0.084637
9.52984e-11
1.01412e-10
0.0716348
0.0154184
0.0520878
0.0608509
0.0583707
0.0424431
0.0788845
0.0728497
0.0537529
0.0649874
0.0481901
0.116886
0.121291
0.0859428
0.0843294
0.165237
0.0949083
0.107635
0.0800108
0.0525552
0.0940975
0.169847
0.150638
1.05325e-10
9.88557e-11
8.11575e-11
0.00609634
1.00153e-10
1.00067e-10
1e-10
1.00807e-10
0.00205342
1.00945e-10
1.0013e-10
9.99238e-11
1.0391e-10
1.00017e-10
1.00382e-10
9.96327e-11
1.00872e-10
9.89611e-11
9.55425e-11
1.0285e-10
1.04269e-10
1.02823e-10
9.93256e-11
1.0461e-10
1e-10
1.00263e-10
0.0885614
0.0805438
0.0775558
0.0650577
0.0641121
0.0352701
0.0310869
9.24727e-11
1.02197e-10
0.059491
0.07754
9.8065e-11
1.00768e-10
0.0726575
0.1
0.100517
0.104302
0.0763986
1.01441e-10
0.0736755
0.171425
0.0827146
0.0947308
0.103643
0.18841
9.75263e-11
0.181766
0.137122
0.0769624
0.0994498
0.00547072
0.0927483
0.0670522
0.0880188
0.0678874
1.14346e-10
9.98792e-11
0.0808294
0.0221213
0.0716708
0.0967614
0.103976
0.00476842
0.184349
0.0310555
9.96144e-11
1.00923e-10
9.84194e-11
9.92224e-11
0.187793
0.0869305
0.15017
0.0968247
0.151618
0.0622113
0.159738
0.225988
0.103673
0.0922939
0.0922707
0.0597139
0.0958112
0.137835
0.128004
0.0739907
0.157888
0.0859361
0.0858893
0.0740717
0.0849386
0.0425921
9.67316e-11
0.0900187
0.13569
0.0886543
0.087523
9.25461e-11
0.0698173
0.0294641
0.082028
0.0547188
1.01667e-10
9.4747e-11
9.57122e-11
1.05843e-10
0.0757533
9.98585e-11
9.88311e-11
0.0977928
0.0922821
9.51911e-11
1.00617e-10
0.0751659
0.0856359
0.0679268
0.0800534
1.02172e-10
9.82312e-11
0.0310696
0.00621597
0.0055462
1.21378e-05
9.57916e-11
9.51352e-11
1.13687e-10
9.53295e-11
1.17805e-10
0.0254624
0.000606148
5.18721e-05
1.02921e-10
1.0673e-10
9.96894e-11
9.77377e-11
9.39019e-11
9.27406e-11
9.55761e-11
9.57307e-11
0.00155947
1.05583e-10
0.0492738
0.0266612
9.59841e-11
1.03115e-10
9.73504e-11
0.0857872
0.0272105
0.0948848
1.0199e-10
1.00481e-10
1.08324e-10
1.00983e-10
1.09226e-10
1.11017e-10
0.0610177
0.0708652
0.0395379
0.0851167
0.000374891
0.0993431
0.0909019
0.0139246
9.66913e-11
0.0267871
0.00504481
1.03179e-10
9.80594e-11
9.81993e-11
1.03425e-10
0.0675368
1.03448e-10
0.0361905
1.00751e-10
0.078615
1.07565e-10
0.00379047
9.95594e-11
0.00715343
9.86241e-11
1.11641e-10
1.2044e-10
1.05952e-10
1.00804e-10
1.04896e-10
0.000191091
1.08186e-10
9.76853e-11
0.00483736
1.05993e-10
1.03081e-10
1.01792e-10
1.06448e-10
9.96121e-11
9.98493e-11
1.06043e-10
1.0224e-10
9.91685e-11
1.06671e-10
1.03986e-10
1.10106e-10
1.05634e-10
1.07062e-10
1.00685e-10
1.03574e-10
1.02683e-10
9.74189e-11
1.03389e-10
1.01254e-10
1.02304e-10
1.0317e-10
1.07066e-10
0.534273
1.03582e-10
1.05519e-10
9.96708e-11
9.4265e-11
1.00718e-10
1.04947e-10
1.04642e-10
1.00405e-10
0.00936773
0.0981044
0.0985564
0.0877081
0.00294911
0.00135506
0.0539177
0.0795863
8.55324e-05
9.68233e-11
0.000291556
0.00655033
0.00044814
0.0855852
0.0249962
5.612e-05
1.02101e-10
0.000322492
0.00426269
0.00628849
0.00257974
0.00115835
0.000705771
9.68997e-05
0.00169403
9.93302e-11
9.5833e-11
9.81982e-11
9.42696e-11
1.37477e-10
1.06579e-10
1.08669e-10
9.74516e-11
9.48674e-11
1.17132e-10
9.74595e-11
9.99318e-11
0.003516
0.00122891
0.00906082
0.000271963
1.07921e-10
9.5439e-11
9.83443e-11
9.6414e-11
0.0120711
9.75981e-11
0.0379762
0.0211089
9.85394e-11
0.0154242
9.84663e-11
0.0166229
0.00405577
9.69711e-11
9.75712e-11
9.92213e-11
1.0441e-10
9.60336e-11
9.81461e-11
0.00444743
1.05902e-10
1.08066e-10
9.44505e-11
9.6209e-11
9.96518e-11
9.9692e-11
9.98501e-11
0.0125
1.11568e-10
6.44118e-11
0.00119524
3.07956e-05
1.31441e-10
9.85651e-11
0.0069327
1.71961e-10
1.00172e-10
9.99905e-11
0.00272574
0.0314415
1.04814e-10
0.0174442
1.15459e-10
0.000817661
9.53509e-11
9.97072e-11
9.72017e-11
0.0142028
0.13419
0.0177026
8.46072e-11
9.77893e-11
9.61391e-11
0.00499238
9.76177e-11
9.86414e-11
9.98504e-11
0.0574777
2.40964e-05
0.000398295
9.6179e-11
9.79151e-11
0.0104055
0.0172565
9.96546e-11
1.00309e-10
8.70823e-11
9.45562e-11
0.0278855
9.66747e-11
0.000160655
0.0106267
0.000284587
0.0664549
0.0855816
0.00554735
9.7689e-11
0.0233515
0.023041
9.57839e-11
0.00371117
1.04055e-10
1.10506e-10
1.09497e-10
0.0466688
9.94899e-11
0.001321
1.04806e-10
9.56995e-11
0.002186
9.86555e-11
9.71878e-11
9.72922e-11
9.6529e-11
1.03585e-10
1.03669e-10
1.15018e-10
0.00293498
1.09705e-10
6.52459e-06
1.01142e-10
0.00606657
1.87558e-05
1.01794e-10
0.000804225
0.00206943
0.0211751
0.00560722
1.00793e-10
0.00731883
0.00343763
0.00771206
0.0376014
0.00204986
0.0145752
0.00554496
1.20363e-10
0.00220135
0.0917196
0.0643262
1.04498e-10
9.80248e-11
0.0931182
0.0436664
9.88565e-11
0.00173907
0.00280111
0.00270661
1.15536e-10
2.95727e-05
0.0959752
0.0818828
0.106787
0.0812203
0.00534272
0.00240005
0.00283108
0.00128695
0.0469219
0.094536
0.00030758
1.0078e-10
1.01669e-10
1.02325e-10
9.97567e-11
9.89485e-11
1.10886e-10
9.85817e-11
0.000222793
9.40653e-11
1.34541e-10
9.06003e-11
9.3202e-11
1.10533e-10
8.30343e-11
8.18185e-11
5.63971e-11
0.0375
0.012
0.0167665
0.000326659
0.00581604
0.000488114
7.87267e-11
0.05
1.30639e-10
0.0184597
9.6247e-11
9.79217e-11
0.0102896
0.000715062
1.07123e-10
9.03934e-11
9.37164e-11
0.0375
0.0375
1.16787e-10
0.0315098
1.17925e-10
1.09828e-10
1.03332e-10
0.0196942
1.12206e-10
1.02659e-10
1.05284e-10
9.99516e-11
1.71911e-10
3.99188e-06
1.03603e-10
9.35271e-11
1.0082e-10
1.05012e-10
1.04413e-10
1.14833e-10
1.01721e-10
1.05259e-10
0.140448
0.0264435
0.00105182
1.0381e-10
0.0236292
9.81941e-11
0.000517156
0.00379852
0.00967364
9.83914e-11
1.01173e-10
9.81809e-11
9.72723e-11
2.28294e-10
1.68723e-05
1.00023e-10
0.000244334
1.00482e-10
1.00098e-10
9.98183e-11
1.01578e-10
6.79848e-11
0.0877047
9.03499e-11
0.00248594
9.52576e-11
9.89655e-11
0.013424
1.02595e-10
0.00816583
9.51786e-11
0.000791399
0.0506059
0.00791894
0.0856297
1.02365e-10
0.0109537
0.0522355
1.04393e-10
1.01103e-10
9.85882e-11
0.073502
1.08581e-10
0.00670537
0.000694018
0.00233309
0.00149069
1e-10
0.0825731
0.240377
0.00670504
0.00788338
0.003277
0.00641802
0.0849704
0.0634988
1.01092e-10
0.0126888
9.64327e-11
1.05189e-10
9.74056e-11
1.02214e-10
1.12054e-10
1.22113e-10
9.81135e-11
9.92022e-11
0.0889162
0.171711
0.00179252
0.00261569
1.00545e-10
9.81982e-11
9.9196e-11
0.004967
0.00349413
0.000673537
0.00219343
0.000759402
0.0465004
0.010849
0.00175303
0.00466058
0.00205806
0.0202056
0.00021913
1.08017e-10
0.077334
0.00603206
0.00111238
8.91098e-11
1.10702e-10
9.6678e-11
0.0729911
0.0861492
1.00344e-10
1.0614e-10
1.05028e-10
9.96998e-11
0.0864304
0.0672674
0.146378
0.0645245
0.00839095
1.19265e-10
0.0817668
0.126339
0.00145322
0.00513713
1.05829e-10
0.00152577
0.181194
0.0124494
0.16823
0.00394518
1.07818e-10
0.0490113
0.10774
0.125191
0.266974
1e-10
0.0770834
0.00256828
0.165576
0.179156
0.0131625
0.138216
0.0440831
0.137181
0.120409
0.00072478
0.00012216
0.00125661
0.000223379
0.0065169
0.00581844
0.0497259
0.0607613
0.0753164
9.56473e-11
0.00109107
0.122918
1.01375e-10
0.144282
0.0890494
0.0786995
1.13233e-10
0.345591
0.308073
0.0294043
0.0486023
0.0329478
0.0143813
2.94576e-05
0.00183072
0.00207901
0.00330222
0.199111
0.129973
0.00879613
0.0847919
0.0112153
0.129474
0.300873
0.193656
0.00178599
0.334053
0.546184
0.567379
0.856728
0.253388
0.0167342
0.0615988
0.038692
0.885628
0.190188
0.211427
0.101439
0.233047
0.196237
0.155468
0.19278
9.57539e-11
0.020405
0.0650275
0.0855648
0.0379489
0.0818964
9.74738e-11
0.191497
0.156636
0.176049
0.252452
0.155417
0.264575
0.183924
0.0120211
0.0899116
0.119657
0.297534
0.0108575
0.137387
0.124321
0.12264
0.252598
0.238915
0.0101658
1.01755e-10
0.104942
0.231612
9.24602e-11
0.0368259
9.44131e-11
0.00135213
0.123547
0.0571254
0.208634
0.17129
0.203083
0.108682
0.306241
0.282614
0.338223
0.209088
0.317069
0.436135
0.426575
0.715408
0.380519
0.40203
0.228565
0.37352
0.437496
0.511196
0.0835599
0.231934
9.68647e-11
0.0582533
0.0345626
0.0175295
0.00576605
9.75307e-11
0.0118524
0.101285
0.102823
0.109106
0.0663405
9.44528e-11
0.143568
0.109046
0.0272426
0.0253237
0.355374
0.385751
0.774414
0.245642
0.246655
0.0829376
0.0876319
1.05085e-10
0.0214253
0.323925
1.01432e-10
0.503183
0.168523
0.436765
0.143056
9.68889e-11
0.128499
9.40265e-11
9.46446e-11
0.0509653
0.570272
0.671951
1.03753e-10
9.88326e-11
0.633979
0.133969
0.610744
0.398695
0.661067
0.906553
0.297039
0.385259
0.406102
0.0816428
0.00292633
1.01128e-10
0.503123
0.27951
0.0467859
0.0469607
1.11883e-10
1.04147e-10
1.1738e-10
1.24689e-10
0.196882
0.0133306
1.04511e-10
1.11365e-10
0.172803
0.583029
0.006889
0.454669
9.52103e-11
9.05792e-11
1.02708e-10
0.01989
0.555024
0.785632
0.231191
1.0131e-10
0.0645375
0.0512342
0.299159
0.356441
0.0197041
0.0720387
1.02478e-10
0.0181327
1.08487e-10
0.0406453
1.09418e-10
0.0298342
9.92446e-11
0.00192348
1.08073e-10
1.0679e-10
0.034268
0.221973
0.580868
0.731114
0.464949
0.0628879
1.09374e-10
1.13011e-10
1.14712e-10
1.2135e-10
1.05525e-10
1.15809e-10
1.03088e-10
1.03178e-10
0.0071921
0.0916938
9.88723e-11
9.99712e-11
9.82724e-11
1.03151e-10
0.0232496
9.71413e-11
1.03307e-10
1.01918e-10
0.571311
0.0653645
0.00100344
0.208461
0.00269427
9.36091e-11
0.0520217
4.36289e-05
0.0575126
1.00254e-10
0.0181157
0.000326986
1.1171e-10
0.00509408
1.01748e-10
9.44727e-11
0.000885197
1.04603e-10
0.033177
0.000714525
9.6964e-11
9.78891e-11
9.89239e-11
0.00135658
0.000365445
9.35263e-11
1.01177e-10
0.00193135
0.789883
0.534293
0.8208
0.227625
0.0866506
0.0176902
9.9404e-11
1.0456e-10
1.05995e-10
1.1168e-10
9.81718e-11
1e-10
0.794178
0.876479
0.671374
0.71922
0.616946
0.686416
0.618019
0.691783
0.917959
0.2217
0.79774
0.287906
0.238523
0.121864
0.164853
0.203436
0.393563
0.704748
1.02344e-10
1.06613e-10
1.00005e-10
9.77076e-11
0.00931016
9.76316e-11
1.13265e-10
9.5231e-11
9.71942e-11
0.153618
0.00178183
1e-10
0.84128
0.703566
1.03483e-10
0.0239542
0.000296653
0.000524816
0.0112208
9.87243e-11
0.698879
1
0.0975296
0.000554125
0.169862
0.077531
0.00795804
0.000180951
0.00392905
0.0012655
0.00358115
0.0259407
9.48972e-11
9.88015e-11
0.0306177
9.96673e-11
1.01216e-10
9.92534e-11
0.146176
0.277952
1.17961e-10
9.92857e-11
1.01638e-10
9.86249e-11
0.0148719
0.0124436
1.03454e-10
1.0302e-10
1.00001e-10
0.00462676
1.05719e-10
1.08252e-10
0.00229734
1.01371e-10
1.10245e-10
1.00592e-10
9.92552e-11
9.96837e-11
9.99424e-11
1.00396e-10
1.05315e-10
1.03451e-10
1.00134e-10
1.04942e-10
1.02809e-10
1.00851e-10
1.03454e-10
9.65739e-11
1.01131e-10
1.02663e-10
1.0256e-10
0.00224971
9.43267e-11
1.02485e-10
1.08246e-10
1.01517e-10
9.74689e-11
1.03397e-10
9.23047e-11
1.07523e-10
9.12844e-11
1.03412e-10
1.10946e-10
1.08844e-10
1.01674e-10
9.6076e-11
1.02867e-10
1.06847e-10
9.06348e-11
9.48706e-11
1.13833e-10
1.02978e-10
1.13773e-10
1.03021e-10
9.58548e-11
1.20259e-10
9.54621e-11
1.00069e-10
9.30128e-11
9.39752e-11
9.80765e-11
9.77939e-11
1.0419e-10
9.77659e-11
9.58459e-11
1.00645e-10
9.92973e-11
1.00704e-10
1.00272e-10
1.0148e-10
1.02811e-10
0.000198858
1.05798e-10
9.94899e-11
1.02768e-10
1.03118e-10
1.02014e-10
1.04389e-10
1.00997e-10
1.03604e-10
9.77143e-11
9.69277e-11
1.07891e-10
0.000236593
1.00978e-10
1.03989e-10
0.001114
1.07709e-10
9.82504e-11
9.76207e-11
1.01326e-10
0.817242
0.77159
0.456906
0.694205
0.727495
0.0180835
0.896237
0.313899
0.0090271
0.0388207
0.896909
0.531931
0.199816
0.175047
9.32544e-11
1.1489e-10
0.248774
0.486305
0.113142
0.17031
0.956157
0.625444
0.209811
0.893021
0.180181
0.663773
0.138158
0.486509
0.00366781
0.0139671
0.0269254
0.012134
9.1562e-11
9.1349e-11
9.66918e-11
9.81046e-11
9.18095e-11
1.12373e-10
2.77478e-05
1.03612e-10
1.01964e-10
1.06102e-10
1.03136e-10
1.00719e-10
1.03311e-10
0.000142194
1.01552e-10
1.01367e-10
1.09265e-10
1.00747e-10
1.01146e-10
1.0129e-10
1.02469e-10
1.04908e-10
1.01041e-10
9.8253e-11
1.61448e-10
1.00267e-10
1.03738e-10
1.04905e-10
1.0191e-10
1.03411e-10
9.80525e-11
1.00663e-10
1.043e-10
1.01433e-10
1.01677e-10
1.04331e-10
1.00365e-10
9.9243e-11
9.56473e-11
9.88736e-11
9.8004e-11
1.06084e-10
1.05325e-10
1.29443e-10
1.08841e-10
9.79503e-11
9.68683e-11
0.000402115
9.29669e-11
1.05463e-10
1.00912e-10
9.42327e-11
1.03865e-10
9.53641e-11
0.000908691
1.03711e-10
9.85476e-11
9.02564e-11
1.04884e-10
9.62171e-11
1.07782e-10
9.93963e-05
9.42573e-11
9.88488e-11
1.0215e-10
9.61654e-11
9.10208e-11
9.49906e-11
9.73212e-11
1.14691e-10
1.01605e-10
1.02e-10
1.12686e-10
1.1039e-10
1.02394e-10
1.05355e-10
9.89092e-11
1.01142e-10
1.02434e-10
9.82089e-11
1.03363e-10
0.00606419
9.91178e-11
1.06046e-10
9.56845e-11
1.06615e-10
9.88761e-11
1.26999e-10
9.7288e-11
1.01089e-10
9.50616e-11
1.0002e-10
1.00873e-10
1.07202e-10
1.29135e-10
1.08131e-10
9.38508e-11
9.80071e-11
9.98664e-11
9.55371e-11
1.08143e-10
1.03037e-10
1.04782e-10
9.92013e-11
1.0283e-10
9.74746e-11
9.72354e-11
1.01335e-10
8.74771e-11
9.2642e-11
1.05745e-10
1.02158e-10
1.02414e-10
1.01048e-10
9.85604e-11
9.60845e-11
1.03399e-10
9.76652e-11
1.05799e-10
9.50668e-11
1.00368e-10
1.00977e-10
1.04e-10
1.02262e-10
9.54124e-11
9.66469e-11
9.46382e-11
9.30972e-11
9.6068e-11
9.63544e-11
9.40376e-11
9.42481e-11
1.00708e-10
9.3249e-11
1.03792e-10
9.258e-11
9.67107e-11
1.02688e-10
0.00502495
0.989185
4.21272e-05
9.99881e-11
0.844701
0.674339
0.941112
9.965e-11
0.82897
0.885438
0.379496
0.913775
0.82878
0.804482
0.86352
0.37138
0.0859003
0.193216
0.0752867
0.126838
0.0447387
0.263952
9.70393e-11
9.59704e-11
9.45279e-11
9.53009e-11
9.33671e-11
9.73527e-11
0.000135707
9.40255e-11
1.02268e-10
1.02007e-10
9.26836e-11
1.12164e-10
1.03974e-10
1.07766e-10
1.00908e-10
0.00718032
7.51175e-05
1.04844e-10
1.0614e-10
9.1473e-11
1.06674e-10
9.68428e-11
9.29583e-11
1.06183e-10
1.07017e-10
1.09325e-10
1.12591e-10
9.10646e-11
1.02946e-10
1.02314e-10
1.19367e-10
9.44727e-11
1.04702e-10
1.00512e-10
1.04329e-10
1.05764e-10
9.646e-11
4.61194e-05
1.00918e-10
9.76763e-11
9.72447e-11
9.66727e-11
9.39477e-11
1.03533e-10
1.05838e-10
9.11648e-11
9.62119e-11
1.04562e-10
0.00298245
9.50909e-11
1.02236e-10
1e-10
1.05381e-10
1.05725e-10
1.00521e-10
9.96898e-11
9.62559e-11
9.97233e-11
9.75035e-11
9.99305e-11
9.91203e-11
1.00192e-10
9.91113e-11
0.00523692
1e-10
9.96899e-11
9.71692e-11
9.9323e-11
9.79216e-11
9.94067e-11
1e-10
9.58108e-11
9.95414e-11
9.93138e-11
1e-10
1.00088e-10
1.05798e-10
9.84662e-11
9.93838e-11
9.81799e-11
1.01371e-10
8.16414e-05
9.89654e-11
9.88897e-11
1.00271e-10
1.0008e-10
9.45527e-11
1.00358e-10
9.86025e-11
9.78304e-11
1.00608e-10
9.91504e-11
9.83953e-11
0.0061663
1.0171e-10
9.97678e-11
1.00211e-10
1.05905e-10
9.80459e-11
1.01196e-10
1.03544e-10
1.00324e-10
0.0016363
0.530318
3.83072e-06
0.0790372
9.91005e-11
9.9214e-11
1.05607e-10
9.98647e-11
9.98168e-11
6.91016e-05
9.75003e-11
9.73e-11
1.04628e-10
0.00519319
9.81973e-11
1.0258e-10
0.000747945
9.76361e-11
1.04686e-10
9.73035e-11
9.59717e-11
3.69525e-05
1.04292e-10
1.04756e-10
9.77532e-11
0.269424
9.72036e-11
1.02959e-10
1.02986e-10
9.94558e-11
9.80029e-11
9.25566e-11
9.85153e-11
0.0188671
9.64643e-11
0.0659646
9.77924e-11
1.00315e-10
1.05505e-10
0.00151992
1.03113e-10
9.5922e-11
1.00145e-10
0.000319679
8.89843e-11
0.138146
9.80964e-11
1.05563e-10
9.4673e-11
9.34727e-11
9.63413e-11
0.000341596
9.43745e-11
8.91503e-11
0.000103531
9.74549e-11
1.04351e-10
9.63759e-11
1.03216e-10
9.80789e-11
1.00269e-10
1.05976e-10
9.78878e-11
1.15039e-10
9.4616e-11
1.08746e-10
9.73463e-11
1.03522e-10
9.75965e-11
9.42322e-11
9.25374e-11
9.44494e-11
9.00751e-11
9.44663e-11
0.000954303
9.26685e-11
9.80133e-11
1.03617e-10
9.65133e-11
9.22957e-11
9.47681e-11
8.83179e-11
9.12251e-11
1.00404e-10
9.69544e-11
1.0273e-10
9.63502e-11
9.95042e-11
1.0246e-10
9.44737e-11
0.859763
1
0.992585
0.891021
0.0122418
0.0656982
0.28221
9.99693e-11
0.0105243
0.450435
0.619864
0.769786
0.521895
0.77966
0.00188635
0.11619
0.52439
0.655722
0.654394
0.925959
0.806691
0.601689
0.577431
0.636061
0.72408
0.375354
0.790827
0.570705
0.00533877
0.00747271
0.000445284
9.98923e-11
1.01926e-10
0.541504
0.0945256
9.99132e-11
9.81199e-11
1e-10
0.00659839
0.351202
0.0259422
0.0737233
9.88062e-11
9.96254e-11
0.00796726
9.94629e-11
9.90378e-11
9.89491e-11
0.0395267
0.0377062
0.0679577
0.0234852
1.42926e-10
9.72552e-11
1.04984e-10
0.00720069
1.01658e-10
9.64864e-11
9.82852e-11
9.53149e-11
1.04113e-10
0.000115658
9.10282e-11
9.26068e-11
9.91742e-11
1.0263e-10
1.09366e-10
9.36186e-11
1.02391e-10
9.02074e-11
9.17896e-11
1.08296e-10
9.25717e-11
1.08919e-10
9.07935e-11
9.18023e-11
9.77921e-11
9.75714e-11
9.25001e-11
1.07202e-10
9.58476e-11
1.0432e-10
9.19503e-11
9.10656e-11
1.08354e-10
1.06801e-10
1.0396e-10
9.5936e-11
1.01996e-10
1.10252e-10
9.4039e-11
1.95156e-10
9.26453e-11
1.01191e-10
1.07756e-10
9.06211e-11
1.01603e-10
1.08779e-10
1.10484e-10
9.60021e-11
0.00260089
9.749e-11
9.73945e-11
1.19003e-10
9.985e-11
1.00573e-10
1.10667e-10
1.03915e-10
9.9123e-11
1.01548e-10
1.02184e-10
1.01539e-10
1.01906e-10
1.01989e-10
9.43389e-11
1.08665e-10
9.81111e-11
1.06048e-10
1.09032e-10
0.000744005
0.0399755
0.0249459
0.859293
0.736879
0.0715227
0.0871554
9.96671e-11
0.309151
0.850266
0.693627
0.40868
0.143969
0.128269
0.632923
0.00955504
1.07249e-10
1.00103e-10
0.148064
0.612067
0.307694
0.151297
0.0405029
1.47727e-10
0.00568581
0.000103684
0.0212355
0.0371847
0.132918
0.101123
0.0225466
0.665583
0.801232
0.640393
0.739923
9.75661e-11
0.0173785
9.3447e-11
9.61171e-11
9.66012e-11
0.0018284
9.85042e-11
1.0426e-10
0.00527885
0.084597
0.0150648
0.00209642
9.62051e-11
0.014394
9.60307e-11
0.0831126
1.06379e-10
1.06549e-10
9.77237e-11
0.00106667
0.160002
0.0276749
1.02211e-10
0.00988601
0.0261371
0.0127075
0.0975786
0.0878055
9.46326e-11
0.0350143
0.168469
0.232618
0.257346
0.272094
0.0913908
0.21365
0.383764
0.580756
0.861626
0.83565
9.87592e-11
9.71743e-11
0.0259583
0.0653965
0.0935906
0.0775751
0.0101
0.0761836
0.00154464
9.68795e-11
9.77852e-11
9.89559e-11
0.0317712
0.0289376
9.92197e-11
9.66065e-11
0.002845
9.82035e-11
9.74009e-11
9.98822e-11
9.75498e-11
9.66134e-11
9.54717e-11
0.000408031
9.81915e-11
9.56963e-11
9.71332e-11
0.00516405
1.04711e-10
9.16303e-11
1.0344e-10
9.27033e-11
0.000346111
1.04066e-10
1.05385e-10
9.71465e-11
1.05729e-10
1.02161e-10
1.00081e-10
1.06562e-10
1.16253e-10
1.10519e-10
1.0223e-10
9.3122e-11
9.20176e-11
9.19245e-11
9.37821e-11
1.02484e-10
1.10135e-10
8.76325e-11
1.0033e-10
1.02802e-10
1.01484e-10
1.12493e-10
0.0213284
9.88839e-05
0.575986
0.817873
0.849746
0.630594
0.646453
0.832381
0.0119631
1.07269e-10
0.219695
0.146552
0.000262728
1.06942e-10
0.000867093
9.49409e-11
1.17371e-10
0.000118011
9.12076e-11
1.0116e-10
9.59946e-11
1.00535e-10
1.00659e-10
1.21515e-05
9.80763e-11
9.69862e-11
1.00029e-10
9.98318e-11
9.98956e-11
1.00056e-10
9.94093e-11
9.68526e-11
9.98802e-11
1.00276e-10
0.23129
0.704851
0.25406
0.554315
0.489551
0.570887
0.120818
0.112262
0.026183
0.0216619
0.278468
0.0953618
0.0828238
0.231673
0.282076
9.66779e-11
9.89029e-11
1.03652e-10
9.39048e-11
1.03448e-10
0.00192666
9.27643e-11
9.95823e-11
1.60438e-10
9.81856e-11
1e-10
1.09696e-10
1.02386e-10
1.02298e-10
1.00052e-10
1.15404e-10
1.0249e-10
9.99724e-11
0.00136677
0.000604693
1.00015e-10
1e-10
0.0875
1.01618e-10
0.00440542
9.44237e-11
0.00025541
1.00356e-10
9.9362e-11
9.98171e-11
9.97519e-11
9.87137e-11
1.00295e-10
1.00938e-10
9.97803e-11
5.39711e-11
0.1
0.0748797
1.0492e-10
1.0678e-10
1.13698e-10
1.68519e-10
9.82089e-11
4.70748e-05
1.05022e-10
1.0031e-10
0.00570488
6.92169e-11
1.03215e-10
4.13079e-05
1.026e-10
1.0792e-10
9.57472e-11
0.00397545
9.82571e-11
1.10725e-10
9.79238e-11
1.00398e-10
1.1559e-10
1.0659e-10
1.04188e-10
1.10238e-10
9.92052e-11
0.000801108
1.02554e-10
1.03228e-10
1.03147e-10
0.000256901
9.77537e-11
0.00457773
9.52342e-11
1.01894e-10
9.98662e-11
0.0551934
1.06109e-10
1.01241e-10
1.02442e-10
5.95336e-05
1.00094e-10
1e-10
9.93755e-11
0.00601749
0.0038127
9.63665e-11
9.82811e-11
1.00036e-10
1.03379e-10
1.08677e-10
9.99348e-11
8.91066e-11
9.86049e-11
9.9931e-11
1.01497e-10
1.06264e-10
9.72542e-11
0.000800838
0.00694062
1.55374e-10
0.000104719
5.69293e-05
1.10982e-10
9.96584e-11
1.02989e-10
7.61671e-11
0.00350725
1.02324e-10
1.06732e-10
9.9479e-11
1.12316e-10
9.97573e-11
1.05276e-10
9.61412e-11
1.03864e-10
9.42926e-11
9.8624e-11
9.99222e-11
1.09986e-10
0.00120727
0.00141251
0.00181161
1.15573e-10
1.05126e-10
0.00270878
0.0806253
1.04498e-10
0.00157783
9.39683e-11
1.01355e-10
0.000233907
0.000469829
0.000954996
0.00150847
0.000765232
0.00076595
1.10008e-10
1.01798e-10
9.29648e-11
9.2585e-11
9.21615e-11
9.36448e-11
1.05905e-10
0.00119882
0.000976637
0.000957179
0.000148212
1.02733e-10
0.00233119
0.00720328
1.07125e-10
5.6557e-05
1.05983e-10
1.03993e-10
1.0661e-10
9.76865e-11
9.41374e-11
9.4877e-11
1.03996e-10
1.05791e-10
1.02144e-10
1.06814e-10
1.02533e-10
1.11294e-10
1.03034e-10
1.05456e-10
9.69934e-11
0.0211654
9.34465e-05
9.68091e-11
0.0534114
9.32661e-11
1.04438e-10
9.55282e-11
1.05338e-10
9.94241e-11
9.45898e-11
9.42934e-11
1.00482e-10
1.08629e-10
0.00432498
9.69067e-11
1.07961e-10
1.05636e-10
0.000142289
9.94869e-11
9.56162e-11
1.11766e-10
9.92752e-11
0.00246272
0.0877232
1.03728e-10
9.85709e-11
9.0838e-11
0.0649525
0.0965695
9.88991e-11
9.23708e-11
1.10795e-10
0.000343869
1.05065e-10
1.01291e-10
1.02302e-10
1.04403e-10
9.53059e-11
9.99262e-11
9.99382e-11
0.000611051
1.07304e-10
0.00958503
1.03118e-10
0.0172882
0.00305616
1.00644e-10
0.00108482
0.00124753
1.02162e-10
9.1915e-11
9.98017e-11
1.00898e-10
9.53707e-11
1.02021e-10
9.67745e-11
9.91631e-11
1.11838e-10
9.65406e-11
1.01654e-10
0.0954678
0.0771358
1.03323e-10
0.0795123
0.0961551
9.5029e-11
1.42352e-05
1.09143e-10
9.92654e-11
9.16542e-11
9.88801e-11
0.000112138
0.00594327
1.08047e-10
0.0674855
1.16585e-10
9.3234e-11
1.11595e-10
1.19702e-10
1.05771e-10
9.51299e-11
1.04669e-10
1.01263e-10
0.00324041
1.10565e-10
9.60227e-11
9.70218e-11
1.14432e-10
9.62537e-11
0.0030528
9.75364e-11
9.60382e-11
0.000377883
9.17042e-11
0.00240834
9.89712e-11
0.000105052
1.00534e-10
1.0002e-10
0.000176699
1e-10
9.92271e-11
1.08179e-10
9.77429e-11
1.00094e-10
0.00553235
1.00093e-10
1e-10
9.96906e-11
9.90142e-11
1e-10
9.96516e-11
9.52357e-11
0.0111077
1.0167e-10
1.69594e-10
0.10513
3.71624e-05
2.74056e-05
0.0198206
9.98254e-11
1.00209e-10
0.111298
9.91377e-11
9.81558e-11
9.43105e-11
9.7521e-11
0.0347037
1e-10
0.0855176
1.63795e-10
9.19366e-11
1.34084e-10
1.03818e-10
9.93668e-11
9.98827e-11
1.00751e-10
1.00259e-10
0.14238
7.43475e-11
9.509e-11
9.40607e-11
9.9372e-11
1.00569e-10
9.52303e-11
1.05758e-10
0.0644423
1e-10
0.0289511
0.0151997
0.0199412
0.014861
0.0370684
9.6085e-11
9.74524e-11
1.03803e-10
4.53109e-05
9.6384e-11
8.9551e-11
1.00885e-10
9.56247e-11
9.50332e-11
1.05237e-10
1.03021e-10
1.06841e-10
0.0220904
0.000470064
0.0139759
1.05534e-10
1.06851e-10
9.35502e-11
1.21457e-10
9.03494e-11
8.83477e-11
9.07284e-11
9.82449e-11
1.12411e-10
9.71935e-11
9.79349e-11
9.4159e-11
9.82919e-11
1.12853e-10
1.0308e-10
1.02664e-10
1.05004e-10
1.09012e-10
9.20456e-11
1.01911e-10
9.20451e-11
9.63606e-11
1.07429e-10
1.03955e-10
9.55259e-11
0.000598036
0.0408134
0.0720634
0.00345104
0.0549003
0.094304
1.06832e-10
0.00648259
0.0267296
9.31822e-11
0.0166429
0.0919171
0.0141471
9.64539e-11
1.06103e-10
1.04608e-10
1.01331e-10
1.01475e-10
1.10841e-10
0.0836603
0.0186982
9.28678e-11
9.00559e-11
0.000377749
1.07538e-10
0.0600105
1.09542e-10
1.02394e-10
1.07705e-10
1.05985e-10
9.38109e-11
9.18708e-11
0.000103675
0.00703618
1.03128e-10
1.0339e-10
1.03198e-10
1.10073e-10
0.00614626
1.67763e-10
0.0652689
0.119549
1.04875e-10
1.06215e-10
9.4824e-11
1.05412e-10
1.03136e-10
1.8813e-10
7.36936e-11
0.0382858
1.03087e-10
0.0616289
1e-10
1e-10
9.97685e-11
1.08148e-10
9.92855e-11
1.00076e-10
0.0126857
0.00919102
1.85523e-10
0.0927803
0.0955274
0.0156926
0.107399
0.0268323
1.20293e-10
9.97818e-11
1.14619e-10
9.36661e-11
1.11301e-10
1.10632e-10
1.09801e-10
0.00466739
1.02441e-10
1.10814e-10
0.00048276
1.06101e-10
1.04874e-10
1.06254e-10
1.03583e-10
1.00307e-10
1.03074e-10
1.14843e-10
9.9219e-11
9.69234e-11
1.02842e-10
1.03157e-10
9.75707e-11
1e-10
9.93631e-11
0.000442508
9.87434e-11
1.04562e-10
1.13722e-10
1.10562e-10
1.00156e-10
1e-10
1.05608e-10
1.06884e-10
9.95803e-11
1.00615e-10
1.00143e-10
1e-10
0.000765842
7.49701e-05
0.00311103
0.0555804
0.000159965
1.02997e-10
0.000769781
0.000820103
1.00588e-10
0.0963743
9.7451e-11
0.0891542
1.0555e-10
0.0917979
0.00842267
1.11835e-10
0.0142519
0.0667376
1.01908e-10
0.163732
0.0840314
0.136546
0.0661354
0.0835463
1.04008e-10
0.0793479
0.017833
0.0734649
0.0438266
0.0859154
0.111964
0.0685466
0.0505976
0.0456948
0.16595
0.177269
0.101419
1.13136e-10
0.142488
0.088741
0.0733492
0.00032793
0.138478
0.0683566
0.068218
0.0498961
0.11238
0.0215352
0.0718902
0.048546
0.00866856
0.00116642
9.75852e-11
0.0715486
1.04125e-10
0.0845263
0.0745589
0.0842659
0.077321
0.160865
1.0646e-10
1.10263e-10
1.00184e-10
0.584244
9.92393e-11
0.0288734
0.0208518
0.0107164
0.0404656
0.0540021
1.01722e-10
0.0697731
1.09612e-10
0.00742203
9.28618e-11
0.0467045
9.69055e-11
0.0571967
0.0334375
0.0928308
0.101254
0.133484
0.0904897
0.00243556
0.0369606
0.0585959
0.0760967
0.102905
1.00245e-10
1e-10
0.00339527
1.91301e-05
2.00452e-10
9.7441e-11
0.0872383
1.00397e-10
0.12512
1.02278e-10
3.39289e-05
0.000786873
7.18257e-05
0.00106136
1.03575e-10
1.0122e-10
1.0116e-10
1.0265e-10
1.46604e-10
9.16036e-05
0.0188742
9.83133e-11
9.95343e-11
9.93005e-11
9.98645e-11
0.000469939
9.86838e-11
0.0250806
9.50083e-11
0.0219004
0.00202594
9.73694e-11
0.0845959
0.0927416
2.41266e-05
0.0227439
0.00326783
0.0795503
1e-10
1.01703e-10
0.0781498
0.0517081
0.152483
0.0874929
0.0466729
0.00353535
0.0590411
0.136123
9.45196e-11
0.0461862
0.0713214
0.0467552
0.0696133
0.00113455
0.00106175
9.79772e-11
0.00150557
0.000381577
1.00072e-10
1.02269e-10
0.00167146
1.08576e-10
9.99732e-11
0.00148628
1.05719e-10
9.85618e-11
0.00381427
1.01084e-10
1.0389e-10
1.03248e-10
0.419277
1.00953e-10
0.00336354
0.116499
1.01888e-10
0.0646513
0.00275981
0.0026812
0.00775652
0.00159609
0.00654397
1.07566e-10
0.00741355
9.97209e-11
0.0676137
0.0487384
0.968652
0.00194269
6.53551e-06
9.99315e-11
1.00056e-10
0.00027745
0.00119284
1.00445e-10
9.98263e-11
0.000346496
9.85375e-11
1.00159e-10
9.98167e-11
1.00041e-10
9.99976e-11
1.02073e-10
0.784554
0.268214
0.182036
0.180673
0.00219652
0.0223468
0.133128
0.0440078
0.138535
9.91294e-11
0.000378582
9.83883e-11
0.00152085
0.000761125
0.000271385
0.00455946
9.93012e-11
0.0361092
1.00902e-10
9.86471e-11
1.00574e-10
9.40738e-11
0.0125209
1.44491e-10
1.03446e-10
0.0394045
9.80713e-11
9.96319e-11
0.0110792
1.0807e-10
0.00607064
9.70387e-11
1.03147e-10
1.00268e-10
9.86936e-11
0.350369
1.04588e-10
9.95789e-11
0.000109835
0.000319682
1.01326e-10
0.00203791
0.07517
0.00165249
0.00361392
0.0176503
9.99097e-11
0.0418723
1.0326e-10
0.00472891
0.514264
1.20575e-10
0.00518823
0.011499
0.401284
0.318291
0.0805787
0.000656548
0.266666
9.99435e-11
0.857165
1e-10
0.50155
0.070429
0.741664
0.884264
0.0237182
0.0580069
0.0843286
0.0962068
0.0209555
9.70803e-11
0.066928
0.0511048
0.00238753
0.0301402
0.0750119
0.126295
0.0557392
0.702478
0.737723
0.223957
0.00468269
0.916589
0.690716
7.19543e-05
0.0179461
0.200497
0.716888
0.040644
0.532939
0.0875818
0.418005
0.105437
0.0841877
9.61849e-11
0.327896
2.92629e-10
9.73893e-11
0.0859125
0.415916
0.212294
0.228975
1.00777e-10
1e-10
0.00229134
1.01197e-10
9.98203e-11
6.22195e-11
0.0125
0.00160366
1.00114e-10
0.000337292
1.01703e-10
9.99045e-11
1.0006e-10
1.0044e-10
9.92658e-11
5.70933e-08
9.50272e-11
9.48131e-11
9.51224e-11
9.83048e-11
1.00039e-10
1.36677e-10
9.00783e-11
1.7609e-10
0.00872766
0.00106616
1.40714e-05
0.0295624
9.49714e-11
9.25922e-11
1.00458e-10
0.0559715
1.10895e-10
0.00455022
0.0486092
1.08723e-10
1.00605e-10
0.787211
9.67944e-11
0.087907
0.0433944
0.0182825
0.0173738
1.00155e-10
9.94965e-11
9.67312e-11
9.70716e-11
0.0187129
9.84329e-11
9.87053e-11
9.84412e-11
1.0007e-10
1.00044e-10
1e-10
9.87124e-11
0.0194821
0.0789573
0.0316049
1.01535e-10
9.91383e-11
1.01622e-10
0.0257765
1e-10
9.99164e-11
9.9913e-11
1.01835e-10
0.6473
0.198039
0.987579
0.981393
0.996014
0.792347
0.000860626
0.14198
0.0365758
0.0749989
0.0810122
0.00789317
0.0825077
9.53973e-11
0.0765085
0.0370143
0.0814457
0.306719
0.036169
0.0259586
0.154294
0.321685
0.0688948
0.0626635
0.0837474
0.179063
0.0221747
0.0557993
0.087199
0.137837
0.0773166
0.0560094
1.01269e-10
9.67381e-11
0.164927
0.138026
0.0864068
0.19027
0.0941808
0.0857029
0.094796
0.0857195
0.0565553
0.0562304
0.096181
0.0909042
0.078455
0.106132
0.16873
0.092299
0.128224
0.123715
0.138249
0.0588062
0.0133909
0.0809992
1.01674e-10
9.93056e-11
0.000946994
1.01559e-10
9.92687e-11
1.04735e-10
0.538564
0.874346
0.791974
0.909946
0.112895
0.203354
0.73769
0.609902
0.119058
0.757901
0.0885145
0.310609
0.0874005
0.18935
0.0265526
0.278078
0.391835
0.667868
0.21413
0.727468
0.249243
0.580804
1.23339e-10
1.12062e-10
0.113858
0.00521903
1.03848e-10
1.05153e-10
1.0137e-10
1.01102e-10
1.05619e-10
0.00375852
1.01928e-10
9.83627e-11
1.06399e-10
0.0491012
0.359695
0.193748
0.938416
0.849624
0.0198435
0.0619076
0.68211
0.96656
0.00610497
0.976286
0.0456439
0.227991
0.148505
0.250426
0.0784322
0.0838358
0.066054
0.205956
0.135206
0.186462
0.158219
0.284201
0.232585
0.567586
0.093659
0.299755
0.0486384
0.173505
0.0854756
0.268353
0.212713
0.258208
9.94261e-11
1e-10
1.01263e-10
1.0719e-10
9.95075e-11
9.89808e-11
0.0171185
1.00378e-10
9.81061e-11
9.99168e-11
1.01187e-10
1.01339e-10
0.00444952
9.8038e-11
1.03781e-10
1.05074e-10
1.02006e-10
1.02082e-10
1.05653e-10
1.03974e-10
9.86559e-11
1.00448e-10
0.999885
0.837379
0.939999
0.902504
1
0.986647
0.152699
0.963954
0.31418
0.648317
0.287561
0.71968
0.693176
0.830018
0.731345
0.880948
0.789337
0.756574
0.756379
0.0484817
0.898127
0.732041
0.524108
0.536592
1.02534e-10
0.0293107
0.11799
0.0888898
0.0980048
0.0974483
0.122634
0.112307
0.175381
0.112396
0.100725
0.109765
0.152527
0.0626435
0.0851222
0.126358
0.0960708
0.0818428
0.0541685
9.89353e-11
0.1
0.0909576
0.160236
0.359446
0.22627
0.210211
0.17462
0.197924
0.00146562
0.293214
0.116487
0.107897
0.0246016
0.103388
0.208514
0.220051
0.105416
0.0928036
1.05525e-10
1.03839e-10
0.0302794
0.0164474
0.420994
0.379105
0.457719
0.440132
0.858033
0.647051
0.653538
0.748966
0.664243
0.335234
0.00486229
0.730032
0.632304
0.705845
0.207613
0.370252
0.391532
0.649958
0.542139
0.61585
0.502228
0.676463
0.0962621
0.320266
0.526367
0.487539
0.446262
0.0757296
0.261408
0.000149194
0.00185613
0.0308794
0.0352965
0.084325
0.482973
1.00197e-10
0.549583
0.622303
0.804984
0.550334
1.00146e-10
0.0377039
0.00541962
0.0705877
0.0549128
0.992435
0.0310525
0.0189504
0.999349
0.984946
0.00116685
0.993328
1.09845e-10
0.0127128
9.85583e-11
1.00132e-10
1.00639e-10
1.07511e-10
0.0296559
9.86814e-11
1.0558e-10
1.00823e-10
9.72238e-11
1.05676e-10
1.01819e-10
0.00478434
1.00992e-10
1.00502e-10
1.06804e-10
1.112e-10
1.0247e-10
1.05134e-10
1.04829e-10
0.00473146
0.00671883
1.02685e-10
0.0835437
0.806196
0.996222
0.513034
0.9988
0.972111
0.0604251
0.596354
0.784112
0.601727
0.98569
0.951978
0.799619
0.88944
0.263499
0.913969
0.970451
0.893857
0.0665873
0.39827
0.90401
0.257358
1.02382e-10
0.309255
0.206929
1
0.810017
0.810686
0.834912
0.0229396
0.00687733
0.0122468
0.0257185
0.0669637
0.0917024
0.298047
0.462012
0.388197
0.413606
0.247036
0.315143
0.314442
0.191825
0.00253142
0.0157683
0.548849
0.127102
0.249952
0.359976
1.00471e-10
0.111751
1.01495e-10
0.132745
1e-10
0.151585
0.455027
0.319785
0.950673
0.995132
1.06868e-10
9.94954e-11
1.07177e-10
1.04437e-10
1.03894e-10
9.80134e-11
1.30735e-10
1.01989e-10
1.0606e-10
1.08285e-10
1.02143e-10
1.02793e-10
1.03384e-10
1.20867e-10
1.04583e-10
9.66618e-11
1.04996e-10
9.67575e-11
1.01391e-10
1.00591e-10
1.02226e-10
1.30997e-10
9.93653e-11
9.61469e-11
9.43377e-11
1.0299e-10
9.27089e-11
9.50357e-11
9.73157e-11
0.0770116
8.72231e-11
9.78323e-11
1.04937e-10
0.0864627
9.918e-11
1.01598e-10
0.078228
0.00137345
0.0405647
0.00830018
0.0836309
0.0857386
0.0873491
0.098144
9.26076e-05
9.48043e-11
1.00405e-10
9.41787e-11
9.32668e-11
9.61214e-11
9.28428e-11
0.0745271
9.98678e-11
9.95936e-11
9.57407e-11
9.45711e-11
9.89684e-11
9.65354e-11
9.54854e-11
9.73186e-11
9.17553e-11
1.04421e-10
0.107901
0.0164549
0.0271776
9.7506e-11
1.00114e-10
9.89252e-11
0.0281014
0.0123366
9.91075e-11
9.97221e-11
1.04417e-10
9.93865e-11
0.000148645
1.0055e-10
1.00957e-10
1.01043e-10
1.01005e-10
1.08354e-10
1.02515e-10
1.0224e-10
1.0073e-10
1.02331e-10
1.08868e-10
9.82702e-11
1.02431e-10
1.01204e-10
1.20492e-10
0.0746488
1.11315e-10
1.03105e-10
0.093687
0.0906299
1.00926e-10
0.0991256
1.02594e-10
0.0817905
1.02691e-10
9.53841e-11
1.01392e-10
9.52552e-11
0.198354
0.000581336
1.00253e-10
0.00204094
1e-10
0.0177538
2.08695e-05
0.000325813
9.98421e-11
0.00382027
9.3267e-11
9.47439e-11
9.76469e-11
1.02861e-10
9.57866e-11
9.94262e-11
0.00997314
1.00572e-10
9.97801e-11
9.75467e-11
0.494668
1.00829e-10
0.000687947
0.213234
0.000385672
9.99805e-11
1e-10
9.98443e-11
9.87098e-11
1.0129e-10
1.00326e-10
0.0167012
9.9826e-11
1.02273e-10
1.00394e-10
1.00404e-10
0.00465673
1.00872e-10
0.00103096
0.0124352
9.86459e-11
1.01386e-10
1.07302e-10
9.93593e-11
9.90656e-11
9.90736e-11
1.00832e-10
9.94841e-11
9.98794e-11
1.08069e-10
9.99275e-11
9.98426e-11
9.58737e-11
9.88206e-11
9.49605e-11
1.01567e-10
9.93741e-11
1e-10
9.91309e-11
9.99885e-11
9.63933e-11
9.4986e-11
1.01013e-10
9.9672e-11
1.03309e-10
1e-10
9.20263e-11
9.7498e-11
1.00264e-10
1.51771e-05
9.70809e-11
9.94855e-11
9.9225e-11
9.99837e-11
9.99468e-11
0.137403
1.11852e-10
9.90486e-11
0.000248769
9.93507e-11
9.97727e-11
1.11116e-10
9.36232e-11
9.5389e-11
9.66164e-11
9.82316e-11
9.8472e-11
1.00278e-10
9.97663e-11
9.98735e-11
9.78046e-11
1.04119e-10
9.67774e-11
1.0557e-10
9.22989e-11
9.86037e-11
9.75808e-11
9.58498e-11
1.0879e-10
1.06539e-10
1.03601e-10
1.09156e-10
1.0183e-10
9.44073e-11
1.07525e-10
1.22382e-10
9.23627e-11
8.6728e-11
1.11893e-10
9.46126e-11
1.07039e-10
9.63279e-11
9.24455e-11
9.93755e-11
9.85949e-11
1e-10
9.85689e-11
1.04563e-10
0.0404793
1.01018e-10
0.0650945
0.00363599
9.44326e-11
9.65798e-11
9.6685e-11
0.0331863
0.000848113
0.0224353
7.34529e-11
0.000333136
9.56531e-11
0.000258861
1.31549e-10
0.000107923
2.12433e-05
0.0418367
0.0081889
1.00408e-10
1.57374e-10
9.87043e-11
1.0967e-10
9.8965e-11
8.77307e-11
9.03788e-11
1.07479e-10
1.05048e-10
1.41314e-10
0.000554463
9.19385e-11
9.66518e-11
9.8167e-11
9.35395e-11
9.90624e-11
0.000596887
9.63184e-11
9.22618e-11
1e-10
9.47495e-11
0.0605353
0.0426509
9.9412e-11
9.55517e-11
1.01019e-10
0.0309963
9.67529e-11
1.00186e-10
9.67284e-11
9.98808e-11
9.64639e-11
9.93746e-11
1.02248e-10
9.79073e-11
9.67061e-11
9.24991e-11
1.01771e-10
1.03631e-10
1.005e-10
9.57187e-11
1.04913e-10
1.71669e-05
8.96215e-11
9.40194e-11
9.84884e-11
1.08403e-10
9.8191e-11
9.6625e-11
1.02845e-10
1e-10
1.00241e-10
1.06199e-10
1.03494e-10
0.031626
9.64899e-11
0.00364324
9.10634e-11
1.01192e-10
9.52004e-11
9.61652e-11
9.67816e-11
0.0509871
9.74458e-11
9.9035e-11
1.02938e-10
1.03288e-10
9.24344e-11
1.04836e-10
9.67229e-11
9.47039e-11
1.0256e-10
9.99469e-11
9.18334e-11
1.02373e-10
9.29734e-11
9.38141e-11
9.22926e-11
1.00049e-10
9.51475e-11
9.84527e-11
1.00066e-10
1.02374e-10
9.83354e-11
9.828e-11
9.36456e-11
9.32251e-11
9.84384e-11
9.10701e-11
1.00144e-10
1.23733e-10
1.00356e-10
1.00705e-10
1.03251e-10
1.00095e-10
1.03582e-10
9.90924e-11
2.54624e-05
0.05843
9.94645e-11
9.90219e-11
9.85624e-11
9.97316e-11
0.0052863
0.000617764
8.51659e-11
0.000301636
1.02285e-10
1.06517e-10
5.96092e-05
9.13453e-11
9.29069e-11
9.48691e-11
8.82683e-05
1.05602e-10
1.09315e-10
9.93696e-11
1.07182e-10
1.03806e-10
1.01847e-10
9.25431e-11
9.90828e-11
0.00391899
0.0065591
0.128616
1.00374e-10
0.00454242
0.00352348
0.0159479
0.0656152
0.109956
0.205192
0.169536
0.024728
0.977116
0.0878697
0.0401708
0.129961
1.03791e-10
0.574007
0.736817
0.287115
0.691116
0.772679
0.868966
0.823501
0.779795
0.829209
0.88465
9.85525e-11
9.94014e-11
1.05898e-10
9.20124e-11
9.79852e-11
0.0331827
9.54603e-11
9.19465e-11
1.00655e-10
1.03136e-10
1.00005e-10
0.202482
0.00840728
9.75974e-11
0.0418673
1.00034e-10
0.00675209
9.89947e-11
1.02967e-10
0.0630831
0.0772195
0.00892039
1.08646e-10
9.94343e-11
0.47844
0.419223
0.115735
0.0342432
0.00842551
1.04676e-10
2.48775e-05
0.0123143
9.85169e-11
0.142694
0.628499
0.057762
9.73124e-11
0.0348496
0.218646
0.192949
0.0939729
0.185735
0.0778212
0.100331
0.0301164
0.10272
1.02362e-10
1.01894e-10
9.19894e-11
1.07005e-10
9.51639e-11
9.40818e-11
9.32289e-11
9.32635e-11
1.02171e-10
9.35863e-11
1.02269e-10
1.03385e-10
9.63408e-11
9.23392e-11
9.74875e-11
9.72599e-11
6.61786e-05
9.50585e-11
9.61055e-11
1.03323e-10
1.03062e-10
9.02437e-11
9.43592e-11
9.65348e-11
1.04302e-10
1.04222e-10
9.62995e-11
9.60351e-11
9.33447e-11
9.67062e-11
1.03428e-10
9.48614e-11
1.04263e-10
1.10211e-10
1.07316e-10
1.00274e-10
9.5048e-11
1.08698e-10
9.55583e-11
1.05193e-10
1.10386e-10
1.03818e-10
1.04178e-10
1.07094e-10
9.25515e-11
9.79415e-11
9.35743e-11
9.62753e-11
9.462e-11
1.08644e-10
9.22523e-11
9.22759e-11
1.0733e-10
1.06337e-10
9.47276e-11
1.03667e-10
9.59119e-11
9.51243e-11
9.4363e-11
9.75495e-11
9.42705e-11
9.47391e-11
1.15084e-10
8.88741e-11
1.05452e-10
1.03296e-10
1.03287e-10
1.20225e-10
9.94017e-11
9.47467e-11
1.11956e-10
9.41159e-11
1.01365e-10
9.724e-11
1.07791e-10
9.72294e-11
9.84308e-11
1.08338e-10
9.90982e-11
1.17008e-10
9.42633e-11
9.68489e-11
9.46768e-11
0.00112884
0.0698264
0.0243413
0.0720332
1.03875e-10
0.148662
0.0838678
0.213696
0.769725
0.761119
1.05316e-10
1.0751e-10
0.0833365
0.0612925
0.000167948
1.02721e-10
0.000133591
9.44737e-11
0.00132865
9.79292e-11
9.86971e-11
1.62689e-05
9.80522e-11
9.81305e-11
9.84741e-11
9.50386e-11
9.87828e-11
0.010645
9.40719e-11
9.92632e-11
0.0816046
9.75524e-11
1.06509e-10
9.4726e-11
0.0888049
1.04994e-10
0.0452439
0.000200383
0.238546
9.15877e-11
1.04345e-10
0.0752719
0.000454294
0.0419641
0.606333
1.04376e-10
0.0613191
0.0907966
9.90221e-11
9.56468e-11
1.05998e-10
1.04166e-10
0.093257
1.07358e-10
0.00322239
0.00422509
0.00880788
9.58784e-11
0.0838879
0.0881593
9.93254e-11
0.444385
1.08634e-10
1.01739e-10
1.09323e-10
9.51144e-11
9.57377e-11
1.01973e-10
1.10719e-10
1.06912e-10
1.10335e-10
1.00529e-10
1.05858e-10
1.08381e-10
1.07439e-10
9.53908e-11
9.07036e-11
9.67601e-11
9.85278e-11
9.60942e-11
1.07009e-10
9.58366e-11
9.22088e-11
9.54071e-11
9.84998e-11
9.86686e-11
1.13962e-10
8.72051e-11
9.68848e-11
9.17261e-11
9.20616e-11
1.02858e-10
9.78069e-11
9.75991e-11
9.23987e-11
1.02753e-10
1.00336e-10
1.09792e-10
1.02724e-10
1.0383e-10
9.81534e-11
1.05903e-10
9.90336e-11
0.00029003
1.06368e-10
1.06527e-10
1.04394e-10
1.01037e-10
1.05565e-10
1.10494e-10
1.08893e-10
1.01374e-10
1.12132e-10
1.01629e-10
9.71642e-11
9.87267e-11
9.42624e-11
1.28403e-10
1.22425e-10
9.45999e-11
9.10935e-11
9.08491e-11
9.97957e-11
9.32793e-11
9.79924e-11
9.56218e-11
9.68621e-11
9.3909e-11
9.97709e-11
9.38839e-11
9.84402e-11
1.00496e-10
1.04818e-10
1.19447e-10
1.09916e-10
1.044e-10
1.05357e-10
9.79639e-11
9.08985e-11
1.0037e-10
9.71484e-11
1.04274e-10
9.23615e-11
9.75972e-11
5.31701e-05
9.68497e-11
0.000119824
9.458e-11
1.46733e-10
9.45849e-11
9.44317e-11
9.56726e-11
9.60061e-11
9.74935e-11
9.44325e-11
1.12024e-10
9.7304e-11
9.68257e-11
1.00079e-10
1.04933e-10
9.72089e-11
1.03835e-10
1.0594e-10
9.85705e-11
1.08687e-10
9.85686e-11
1.05611e-10
9.4626e-11
1.11182e-10
9.88066e-11
9.93915e-11
1.7687e-10
0.000653012
1.04032e-10
1.10448e-10
1.07205e-10
9.21592e-11
1.07182e-10
1.07966e-10
1.14649e-10
1.09026e-10
1.18252e-10
0.000111858
1.14253e-10
1.51517e-10
9.98359e-11
1.08556e-10
1.01685e-10
1.13009e-10
1.07549e-10
1.06123e-10
1.02691e-10
1.08967e-10
1.06198e-10
1.00296e-10
1.03043e-10
9.93387e-11
9.97885e-11
1.02315e-10
9.89558e-11
1.01939e-10
9.04115e-11
9.4036e-11
9.92119e-11
9.89191e-11
9.97898e-11
1.0121e-10
1.0095e-10
1.11377e-10
1.02558e-10
1.00982e-10
9.98439e-11
9.90806e-11
1.01713e-10
1e-10
9.94391e-11
9.98712e-11
1.00597e-10
9.92272e-11
1.0196e-10
9.34314e-11
1e-10
9.02616e-11
9.98521e-11
9.97249e-11
9.99679e-11
7.84012e-11
1e-10
9.97593e-11
1.00349e-10
1.0196e-10
9.73367e-11
9.88464e-11
1.06269e-10
1e-10
9.31106e-11
1.02827e-10
9.79857e-11
1.00284e-10
9.62901e-11
9.13695e-11
1.05569e-10
1.22531e-10
1.03469e-10
9.7837e-11
8.77019e-11
9.55977e-11
1.08348e-10
1.00519e-10
1.06994e-10
1.01878e-10
1e-10
1.04372e-10
9.81252e-11
9.96315e-11
1.00125e-10
2.68229e-10
1.499e-10
9.78489e-11
9.83128e-11
1e-10
9.05337e-11
9.71202e-11
1.00039e-10
1.03776e-10
9.99091e-11
1e-10
9.99896e-11
1.00065e-10
9.96859e-11
1e-10
1.00103e-10
9.94661e-11
9.99185e-11
9.96841e-11
9.99106e-11
1.0003e-10
9.97622e-11
7.19892e-05
9.77724e-11
1.0133e-10
9.89306e-11
1.0319e-10
1.0473e-10
8.83016e-11
1.05437e-10
1.00812e-10
2.22491e-10
9.70143e-11
1.56626e-10
1.00788e-10
1.06262e-10
1.00605e-10
1.1428e-10
1.01551e-10
9.81897e-11
9.95545e-11
1.09295e-10
1.05327e-10
9.99144e-11
1.00804e-10
9.81128e-11
1.01348e-10
9.96476e-11
1e-10
1.11657e-10
1.02049e-10
1.00953e-10
1.79097e-10
9.85573e-11
5.14693e-11
1.03862e-10
1e-10
9.99972e-11
2.59291e-10
6.32054e-11
1.00081e-10
1.00076e-10
1.05041e-10
1.00436e-10
9.99514e-11
1.00006e-10
1.00038e-10
1.00011e-10
9.99569e-11
1.0031e-10
7.34829e-05
9.99784e-11
9.77401e-11
1.00195e-10
1.00097e-10
9.99829e-11
1.05442e-10
9.8601e-11
1.01475e-10
9.90699e-11
1.10283e-10
1.00299e-10
9.59417e-11
9.53898e-11
9.96874e-11
1e-10
1.04306e-10
0.000172527
1.02901e-10
1.00125e-10
0.000375512
9.95506e-11
1e-10
1.01794e-10
8.67123e-11
1.00375e-10
1.05257e-10
1.10716e-10
1.00071e-10
9.89869e-11
1.01404e-10
1.05004e-10
9.70742e-11
1.05925e-10
1.129e-10
8.72256e-11
1.09017e-10
1.47385e-10
1.07169e-10
9.62064e-11
1.01454e-10
1.28243e-10
9.37409e-11
0.025
1.08248e-10
0.0125
1.21383e-10
1.57408e-10
1.54111e-10
9.92643e-11
9.83448e-11
9.54445e-11
9.93908e-11
9.79214e-11
1.11511e-10
8.93343e-11
1.08284e-10
8.76755e-11
9.68795e-11
7.25275e-11
1.17034e-10
2.11379e-10
1.00874e-10
1.11941e-10
8.90188e-11
1.39708e-10
9.99879e-11
9.51899e-11
9.84497e-11
1.00744e-10
1e-10
9.93452e-11
1.00485e-10
1.0184e-10
1.02735e-10
9.31828e-11
1.00114e-10
1.023e-10
1.01411e-10
1.01127e-10
9.95889e-11
9.80451e-11
9.75843e-11
1.02298e-10
9.85138e-11
1.08338e-10
1.04023e-10
1.16622e-10
1.35178e-10
1.03915e-10
9.87993e-11
1.01748e-10
1.25598e-10
0.0692051
1.02525e-10
1.04387e-10
1.00292e-10
9.74987e-11
9.70463e-11
0.000398037
9.389e-11
0.173899
0.0172662
0.0832648
0.0806111
9.6826e-11
1.08073e-10
0.0854833
1.00049e-10
1.04488e-10
9.55007e-11
0.0027115
1.15706e-10
0.0288164
9.91232e-11
9.67856e-11
1.06014e-10
1.04208e-10
1.31983e-10
9.94866e-11
9.47331e-11
1.00241e-10
9.89536e-11
1.02061e-10
9.99644e-11
1.00513e-10
0.0855528
9.9992e-11
1.01113e-10
1.08806e-10
9.97248e-11
9.96383e-11
1.02074e-10
9.55276e-11
1.02011e-10
9.99822e-11
0.00821618
1.013e-10
0.0282932
1.10343e-10
1.01708e-10
8.8779e-11
1.02823e-10
9.73018e-11
9.66052e-11
9.67568e-11
1.01013e-10
2.0868e-10
1.02112e-10
4.87345e-05
9.9937e-11
9.90285e-11
1.00001e-10
1.00484e-10
1.01144e-10
7.22543e-11
1.47864e-10
9.88833e-11
1e-10
1.06106e-10
1.01795e-10
1.03637e-10
9.71925e-11
6.58955e-11
8.53748e-11
9.93563e-11
9.83287e-11
0.000110952
1.35477e-10
6.45473e-11
9.70281e-11
1.03813e-10
1.03666e-10
9.9874e-11
1.00956e-10
9.79693e-11
9.85517e-11
9.97643e-11
9.98935e-11
1e-10
6.72289e-05
1.02074e-10
1.01482e-10
1.01571e-10
9.80489e-11
9.25384e-11
1.09112e-10
1.06857e-10
9.96177e-11
1.08699e-10
1.00043e-10
9.65672e-11
1.02065e-10
1.07781e-10
9.93781e-11
1.04025e-10
1.00941e-10
1.0425e-10
9.88792e-11
1.01775e-10
9.65746e-11
1.01906e-10
1.01499e-10
1.0347e-10
1.05409e-10
1.00189e-10
1.04576e-10
1.061e-10
9.9796e-11
1.01554e-10
1.00998e-10
1.02129e-10
9.87647e-11
1.01857e-10
1.01569e-10
1.06451e-10
1.00145e-10
0.000108089
1.04109e-10
1.05866e-10
1.24192e-10
1.01494e-10
1.00977e-10
9.94176e-11
1.08009e-10
0.000391529
1.00868e-10
9.98092e-11
1.07102e-10
1e-10
1.07041e-10
9.88698e-11
9.61826e-11
9.70427e-11
9.97086e-11
9.56266e-11
9.89207e-11
1.01248e-10
1.00343e-10
1.02016e-10
9.79702e-11
9.594e-11
0.0962965
9.93103e-11
1.03334e-10
9.35412e-11
9.99947e-11
1.8125e-05
9.39522e-11
9.95799e-11
7.79053e-11
9.71893e-11
1.76131e-10
9.72838e-11
9.45804e-11
9.99539e-11
1.02029e-10
9.07723e-11
1.27989e-10
5.42789e-05
1.15392e-10
9.99824e-11
1e-10
1.18167e-10
9.90865e-11
9.80073e-11
9.86875e-11
9.94548e-11
9.83605e-11
9.75353e-11
9.98739e-11
1.07564e-10
1e-10
9.66252e-11
9.90135e-11
9.72418e-11
9.97121e-11
8.79451e-11
1e-10
9.67218e-11
9.97038e-11
9.73933e-11
1e-10
9.95471e-11
9.64423e-11
9.87092e-11
9.96821e-11
1.0177e-10
1.12796e-10
1.0396e-10
1.04428e-10
9.95593e-11
1.06576e-10
9.81108e-11
1.00073e-10
9.81941e-11
1.0584e-10
9.51952e-11
0.0620383
9.70431e-11
9.75967e-11
1.14286e-10
1.0004e-10
8.57916e-11
1.10728e-10
9.33981e-11
8.89079e-11
0.000426836
9.1978e-11
9.65293e-11
1.03572e-10
1.14194e-10
0.0455662
9.82481e-11
9.70148e-11
1.0846e-10
9.24926e-11
9.11625e-11
9.19368e-11
0.0446684
1.08347e-10
1.05059e-10
1.0537e-10
9.34928e-11
0.0653938
1.05476e-10
9.8198e-11
9.77868e-11
1.16474e-10
1.04239e-10
1.01157e-10
9.88354e-11
1.07326e-10
9.68525e-11
1.09544e-10
1.06154e-10
9.63244e-11
9.91533e-11
1.0106e-10
9.59272e-11
9.48001e-11
1.11233e-10
1.1049e-10
0.0167118
1.17736e-10
9.17521e-11
1.00215e-10
7.13501e-05
9.01157e-11
1.02817e-10
9.77577e-11
0.000367033
0.00520403
0.0028155
1.04627e-10
1.04065e-10
9.54866e-11
1.05602e-10
1.06089e-10
9.69213e-11
9.96361e-11
0.0709125
9.90817e-11
1.10562e-10
0.0900846
1.05132e-10
1.05527e-10
1.06497e-10
9.99467e-11
0.0160571
1.00605e-10
1.13858e-10
0.000169998
1.04168e-10
0.00419659
1.07139e-10
1.02039e-10
1.09882e-10
9.79179e-11
1e-10
9.69674e-11
9.71461e-11
9.9788e-11
1.03408e-10
0.0896948
1.04883e-10
9.64455e-11
1.04969e-10
9.73984e-11
1.05131e-10
0.000452812
9.93924e-11
1.20618e-10
1.25605e-10
1.03471e-10
1.07123e-10
9.87041e-11
9.1854e-11
0.000279847
9.61242e-11
9.99986e-11
9.55222e-11
9.65964e-11
0.0827662
9.99664e-11
1.02652e-10
1.19584e-10
9.48224e-11
9.61712e-11
1.10196e-10
1.12326e-10
1.0792e-10
9.46437e-11
9.77054e-11
1.08847e-10
9.77986e-11
1.00691e-10
9.65189e-11
0.0750811
9.54131e-11
0.00742235
9.5094e-11
9.62716e-11
1.02514e-10
9.8068e-11
1.03858e-10
1.04633e-10
1.11325e-10
9.39521e-11
1e-10
1.00466e-10
1.01606e-10
9.9988e-11
3.72218e-05
1e-10
1.00964e-10
1.0072e-10
1.00176e-10
1e-10
9.97044e-11
1e-10
1e-10
1.0062e-10
1.04143e-10
1e-10
9.95537e-11
9.95393e-11
1e-10
1.03174e-10
1e-10
1.01467e-10
9.88775e-11
1.07627e-10
1.03663e-10
1.02598e-10
1.00284e-10
3.12401e-05
1.00082e-10
1.02528e-10
9.97557e-11
9.83145e-11
9.89866e-11
9.81932e-11
9.99991e-11
9.9127e-11
1.01652e-10
1.00657e-10
9.79013e-11
1.03074e-10
0.0540644
9.94483e-11
9.92822e-11
9.55378e-11
1.11097e-10
1.01983e-10
1.05839e-10
1.01287e-10
1.01923e-10
1.00978e-10
9.97651e-11
9.93277e-11
1.00041e-10
1.0254e-10
1.00996e-10
1.0292e-10
9.96725e-11
1.00467e-10
1.01691e-10
1.33922e-10
9.77792e-11
9.52875e-11
9.71535e-11
9.97993e-11
0.0327798
9.02937e-11
9.3887e-11
0.000362847
1.05397e-10
1.00658e-10
9.93013e-11
1.00994e-10
1.01044e-10
1.02689e-10
9.98623e-11
9.78878e-11
9.62382e-11
9.78872e-11
9.69966e-11
9.84847e-11
1e-10
1.15033e-10
9.72026e-11
9.68944e-11
9.5252e-11
1.09767e-10
0.000653038
9.62095e-11
9.84559e-11
0.00182487
1.21054e-10
3.22367e-05
9.92356e-11
9.57672e-11
1.20926e-10
1.14665e-10
0.000805208
9.88401e-11
1.0504e-10
9.59825e-11
9.87729e-11
9.24729e-11
9.40828e-11
9.93776e-11
1.14403e-10
9.94939e-11
1.0381e-10
0.0747234
0.0919182
0.0367769
9.68137e-11
9.95808e-11
0.0813351
9.79752e-11
0.0765829
0.0193337
0.0967514
1.31654e-10
9.61745e-11
0.0768019
1.15393e-10
1.03522e-10
9.90446e-11
0.1
0.0758618
9.96592e-11
0.00467948
9.76138e-11
1.03051e-10
0.0524399
1.04775e-10
0.0738919
0.00161247
0.0115605
9.97713e-11
0.0618135
0.0923258
1.15243e-10
0.0727042
0.0682342
9.87094e-11
9.64388e-11
1.07566e-10
9.99381e-11
2.19963e-05
1.067e-10
9.62982e-11
9.3855e-11
9.97439e-11
1.11128e-10
1.11698e-10
1.14314e-10
9.77591e-11
0.0421483
9.82191e-11
0.163485
0.0025805
0.0928427
0.0923324
0.0365055
1.03138e-10
1.04665e-10
9.59116e-11
9.8032e-11
0.0948003
0.00499421
0.0978424
0.0941013
1.04539e-10
9.76625e-11
0.00024531
0.094703
9.77261e-11
0.0844247
9.651e-11
1.15651e-10
9.82893e-11
1.03236e-10
3.93178e-05
9.66304e-11
1.08324e-10
9.38236e-11
9.68534e-11
1.05929e-10
9.54277e-11
9.96311e-11
0.153879
1.01217e-10
0.0388795
0.0828273
9.38506e-11
1e-10
9.99969e-11
1.07325e-10
1.01783e-10
8.78387e-11
1.04714e-10
0.0783436
9.77249e-11
0.089848
9.72962e-11
1e-10
1.01674e-10
1e-10
1.03652e-10
1.02517e-10
1.00751e-10
1.06106e-10
1.0048e-10
1.08634e-10
9.71899e-11
9.76118e-11
1.03231e-10
1.03287e-10
1.01089e-10
1.03326e-10
1.05743e-10
1.01369e-10
1e-10
9.86196e-11
1.03334e-10
9.71176e-11
1.00175e-10
1.04456e-10
1.00749e-10
1.0047e-10
1.01505e-10
9.89547e-11
1.00532e-10
1.01436e-10
9.99073e-11
1.00377e-10
9.88121e-11
1.00132e-10
1.00942e-10
1.01749e-10
1.00096e-10
1.01175e-10
0.202726
0.0682377
9.26998e-11
9.87014e-11
1.04884e-10
1.68843e-10
9.70753e-11
1.00828e-10
9.73331e-11
9.6475e-11
9.69947e-11
9.81376e-11
9.90878e-11
9.93059e-11
1.08275e-10
1.0564e-10
1.00532e-10
9.64094e-11
1.0814e-10
1.0011e-10
1.03669e-10
1.12486e-10
1.02938e-10
9.87548e-11
1.00878e-10
1.0429e-10
1.03062e-10
1.0108e-10
1.05778e-10
1.07031e-10
9.8531e-11
9.43434e-11
9.83637e-11
9.73198e-11
1.0232e-10
1.02008e-10
1.01518e-10
9.66011e-11
1.04036e-10
1.0565e-10
1.04008e-10
1.00019e-10
9.73604e-11
1.03367e-10
1.00245e-10
1.09929e-10
1.01555e-10
1.02528e-10
9.62879e-11
9.6896e-11
9.44612e-11
1.03921e-10
9.75536e-11
1.0135e-10
1.02121e-10
9.89889e-11
1.02202e-10
9.86065e-11
9.82808e-11
1.00437e-10
0.00234282
1.00496e-10
9.75153e-11
1.00081e-10
9.98992e-11
9.89024e-11
1.01598e-10
1.00418e-10
9.6444e-11
1.03545e-10
9.89201e-11
9.91669e-11
0.000676227
8.0636e-06
0.00228211
1.063e-10
9.91833e-11
1.00322e-10
0.000370088
2.63391e-05
0.000446823
9.62839e-11
0.00215929
9.59813e-11
8.80049e-11
1.03042e-10
8.71494e-05
9.78454e-11
1.0288e-10
9.8246e-11
1.00068e-10
9.95045e-11
9.69719e-11
1.00907e-10
9.86003e-11
1.00729e-10
1.00638e-10
1.00294e-10
9.52099e-11
1.01578e-10
1.029e-10
9.93599e-11
9.51606e-11
9.92691e-11
9.35667e-11
9.76069e-11
1.19299e-10
9.99263e-11
1.02081e-10
1.09167e-10
9.83153e-11
1.00309e-10
9.39536e-11
9.7814e-11
9.91688e-11
9.53032e-11
9.83197e-11
9.59564e-11
0.000233865
8.81099e-11
9.19732e-11
9.76149e-11
9.92818e-11
0.000927379
8.77528e-11
8.06432e-05
1.04989e-10
9.51573e-11
1.01272e-10
0.00229408
1.01123e-10
1.0158e-10
0.00211182
9.40485e-11
0.00045467
9.734e-11
0.00101642
0.0026348
0.00115442
1.00876e-10
1.00412e-10
1.00993e-10
0.000100177
9.20825e-11
9.55922e-11
1.02279e-10
9.86233e-11
9.37463e-11
9.99435e-11
9.68046e-11
1.00826e-10
0.000145989
0.000673134
0.000140383
9.59982e-11
1.54069e-10
9.42936e-11
1.00272e-10
1.07228e-10
9.03135e-11
9.45921e-11
9.32408e-11
9.71606e-11
9.9128e-11
9.81435e-11
9.33236e-11
9.76949e-11
9.76191e-11
9.46185e-11
9.75614e-11
9.52008e-11
1.14271e-10
9.09244e-11
1.03255e-10
9.39294e-11
1.04211e-10
1.05157e-10
9.50229e-11
1.04132e-10
1.33237e-10
8.91265e-11
1.10928e-10
9.79662e-11
0.000197855
1.09535e-10
0.00133596
1.17782e-10
0.000268987
9.40327e-11
0.000482619
9.595e-11
9.64832e-11
9.40831e-11
0.000675665
9.17439e-11
9.8036e-11
0.000241201
1.00664e-10
1.09935e-10
9.43583e-11
8.91506e-11
9.6318e-11
9.58892e-11
9.61131e-11
9.74176e-11
9.32629e-11
1.01177e-10
8.98712e-11
9.34936e-11
0.000132139
0.000916675
9.10571e-11
9.97193e-11
9.51692e-11
0.000406087
1.0008e-10
0.000241827
1.01407e-10
1.00412e-10
9.87714e-11
9.88338e-11
1.00975e-10
9.28737e-11
9.22185e-11
9.15021e-11
1.58468e-05
1.99355e-06
0.0013728
1.09706e-10
0.00289373
0.000794963
1.05449e-10
0.00316396
9.99893e-11
1.04112e-10
9.33162e-11
2.53415e-06
9.83698e-11
1.05545e-10
9.70941e-11
9.78304e-11
1.04122e-10
1.0827e-10
1.01162e-10
1.05967e-10
1.05361e-10
1.00848e-10
9.47384e-11
9.79176e-11
1.02128e-10
9.99983e-11
1.0355e-10
9.31705e-11
1.04751e-10
9.76861e-11
1.09843e-10
9.5173e-11
1.03228e-10
9.76938e-11
1.03069e-10
9.87347e-11
1.09157e-10
9.67717e-11
1.11075e-10
1.05747e-10
9.96423e-11
9.6068e-11
1.02898e-10
1.00978e-10
0.000831021
1.01014e-10
9.64821e-05
9.58269e-11
9.89963e-11
1.05126e-10
9.98783e-11
1.02527e-10
1.02821e-10
1.0274e-10
1.02119e-10
9.96855e-11
1.0052e-10
9.9217e-11
1.00654e-10
9.83438e-11
9.83034e-11
9.28087e-11
1.01425e-10
1.00505e-10
1.04147e-10
9.98476e-11
1.06169e-10
9.81409e-11
1.04263e-10
9.65761e-11
1.02814e-10
1.00225e-10
9.68264e-11
9.95027e-11
9.57741e-11
0.00414929
9.90152e-11
9.74879e-11
9.77589e-11
9.86e-11
0.000428401
1.02252e-10
9.71215e-11
1.02222e-10
8.92517e-11
9.72671e-11
1.89197e-05
0.00271465
8.79166e-11
9.63344e-11
8.55962e-11
9.10227e-11
1.03572e-10
1.01112e-10
9.92073e-11
1.01425e-10
1.01076e-10
1.02133e-10
9.70463e-11
1.04322e-10
9.99228e-11
9.94676e-11
9.05727e-11
1.05626e-10
9.44027e-11
3.55043e-05
8.58752e-11
8.8443e-11
1.02463e-10
9.11435e-11
9.98109e-11
0.00452035
3.03338e-10
1.05243e-10
0.00330438
9.92219e-11
9.84711e-11
2.14311e-10
0.00545846
1.23957e-10
9.87605e-11
0.152325
1.01956e-10
9.84341e-11
1.12142e-10
1.0037e-10
1.08627e-10
1.01815e-10
9.78172e-11
9.48067e-11
9.9934e-11
1.02707e-10
1.04197e-10
1.08294e-10
9.69648e-11
9.40249e-11
1.02351e-10
1.11673e-10
1.02318e-10
1.04204e-10
1.00924e-10
0.0263673
1.10934e-10
0.0025344
0.0268243
9.42643e-11
9.70096e-11
1.07448e-10
9.88166e-11
9.8793e-11
1.03334e-10
9.90142e-11
9.90217e-11
1.06649e-10
1.0983e-10
1.00985e-10
1.05537e-10
1.00722e-10
1.03074e-10
1.01128e-10
9.89579e-11
1.03281e-10
1.03731e-10
1.65423e-10
1.35071e-10
1.15543e-10
1.07008e-10
9.71018e-11
9.5533e-11
1.11764e-10
1.16512e-10
1.02964e-10
9.60779e-11
9.47848e-11
1.0348e-10
1.00369e-10
1.06757e-10
9.98462e-11
9.95788e-11
1.00898e-10
9.76362e-11
9.77426e-11
0.00332232
1.02451e-10
9.90049e-11
9.44643e-11
1.03566e-10
1.02824e-10
9.38519e-11
1.00786e-10
0.106793
1.09888e-10
1.02315e-10
1.0463e-10
0.0052304
1.06385e-10
9.97808e-11
1.04676e-10
9.85543e-11
1.02209e-10
9.69108e-11
0.00663419
1.10019e-10
0.0111437
0.0930645
1.015e-10
9.87173e-11
1.02276e-10
9.92277e-11
1.11044e-10
1.01205e-10
1.02208e-10
1.06564e-10
9.99531e-11
1.02775e-10
1.09165e-10
1.06368e-10
0.0940654
1.0351e-10
1.00818e-10
9.23406e-11
9.77232e-11
0.0932284
0.0963129
0.0869012
0.0669879
9.89881e-11
0.00177371
0.00339546
0.0307437
9.86143e-11
9.64755e-11
1.02756e-10
0.0636187
9.69297e-11
0.120106
9.77059e-11
1.02933e-10
1.02644e-10
0.0206594
9.55342e-11
0.0892702
1.01252e-10
0.071145
1.00688e-10
9.70222e-11
0.0810597
9.55276e-11
1.07168e-10
9.974e-11
1.20335e-10
1.04656e-10
1.00302e-10
9.94147e-11
9.72266e-11
1.01358e-10
1.01484e-10
1.0122e-10
1.01643e-10
9.77168e-11
1.02186e-10
1.02715e-10
1.02135e-10
1.13005e-10
1.01828e-10
1.03237e-10
1.05048e-10
1.02697e-10
1.02001e-10
9.72509e-11
9.96674e-11
1.04223e-10
1.09131e-10
1.01628e-10
9.87348e-11
9.80375e-11
1.02665e-10
1.02192e-10
1.03551e-10
1.02769e-10
9.95432e-11
9.93726e-11
1.05992e-10
1.019e-10
1.03522e-10
1.08897e-10
1.11116e-10
9.89943e-11
1.01332e-10
9.57923e-11
1.07534e-10
1.00501e-10
1.03153e-10
1.08692e-10
9.89704e-11
9.6745e-11
1.01412e-10
9.92079e-11
9.66713e-11
9.76312e-11
1.04899e-10
1.0113e-10
1.01381e-10
1.01661e-10
9.59516e-11
9.88334e-11
1.03715e-10
1.03081e-10
0.00303939
1.01871e-10
9.90881e-11
1.00234e-10
1.07478e-10
0.00596909
1.01403e-10
1.0571e-10
9.16958e-11
9.76213e-11
9.75088e-11
9.69756e-11
9.79354e-11
1.4273e-10
9.72351e-11
1.02046e-10
9.4148e-11
9.63615e-11
9.94238e-11
9.70855e-11
1.01616e-10
1.04585e-10
9.44898e-11
9.98473e-11
9.89802e-11
1e-10
1.02233e-10
9.82493e-11
9.66861e-11
1.04988e-10
9.73349e-11
9.63294e-11
1.0335e-10
1.05216e-10
1.03549e-10
1.03501e-10
9.9173e-11
1.0425e-10
9.81215e-11
1.02106e-10
1.02858e-10
1.01335e-10
0.00304405
1.08274e-10
1.05027e-10
9.9593e-11
1.03769e-10
1.03096e-10
9.83891e-11
1.0171e-10
1.227e-10
1.046e-10
1.05818e-10
1.08379e-10
1.05239e-10
1.04176e-10
0.0171809
9.6966e-11
9.61891e-11
9.72346e-11
9.88655e-11
9.2831e-11
9.99537e-11
1.00398e-10
9.55241e-11
0.0590072
1.00155e-10
0.121217
9.94808e-11
1.16468e-10
1.01723e-10
0.0553225
0.080928
0.135479
9.89342e-11
0.0106863
9.81309e-11
9.45362e-11
1.05226e-10
1.01024e-10
9.63705e-11
1.00181e-10
9.96586e-11
1.006e-10
9.97389e-11
1.04051e-10
9.78418e-11
1.03985e-10
9.67929e-11
1.00874e-10
1.01231e-10
0.187035
9.51384e-11
0.0928536
0.0434254
9.4503e-11
0.0608286
9.68045e-11
0.0131146
0.0862199
9.54525e-11
0.0407133
9.75684e-11
1.04247e-10
9.64539e-11
0.359558
9.59496e-11
9.69184e-11
9.38898e-11
0.157712
0.00691348
0.181638
9.19954e-11
9.09838e-11
9.49421e-11
0.117351
1.00212e-10
1.02662e-10
1.09208e-10
9.23744e-11
0.115409
0.159719
0.0989893
0.176878
9.53877e-11
0.138316
0.0748426
0.0877158
0.142768
0.0986675
0.170446
0.00385706
9.61429e-11
1.00406e-10
9.95948e-11
9.70694e-11
9.62287e-11
0.13055
0.25307
9.5977e-11
1.05878e-10
9.37082e-11
9.70976e-11
0.0452044
1.07497e-10
9.87692e-11
9.98441e-11
0.00140836
9.23707e-11
9.56041e-11
9.81055e-11
9.58275e-11
1.00442e-10
9.63968e-11
9.18485e-11
9.97963e-11
1.05346e-10
9.89475e-11
9.5554e-11
0.00555419
1.02123e-10
1.01192e-10
9.83024e-11
9.65138e-11
9.47746e-11
1.04466e-10
1.01444e-10
9.70003e-11
9.49203e-11
9.93962e-11
0.00122807
1.02501e-10
9.63226e-11
0.00323641
0.0750213
1.00518e-10
9.14772e-11
8.70505e-11
9.47328e-11
8.81829e-11
9.65921e-11
1.05485e-10
5.90232e-05
1.10499e-10
1.05492e-10
1.00592e-10
1.06915e-10
1.01065e-10
1.05156e-10
0.0308274
0.124913
9.8625e-11
1.08562e-10
0.0243953
9.38197e-11
9.10384e-11
0.17319
0.0446037
0.341574
0.361692
0.0342147
1.00052e-10
1.03317e-10
1.10943e-10
1.01706e-10
9.48622e-11
9.66014e-11
9.93451e-11
9.02323e-11
9.39539e-11
1.04643e-10
9.04012e-11
0.161883
1.00686e-10
8.84218e-11
1.01251e-10
1.0027e-10
1.20731e-10
9.6338e-11
0.0186943
0.0117234
8.89217e-11
0.0169442
1.17677e-10
9.66454e-11
0.00411743
1.24667e-10
1.02408e-10
1.0975e-10
1.13985e-10
8.60351e-06
1.05263e-10
9.79697e-11
0.0335989
0.0294749
0.548801
0.179561
1.04703e-10
1.07508e-10
0.0817998
0.0721912
9.78982e-11
9.70597e-11
9.91669e-11
1.05636e-10
1.05374e-10
1.04827e-10
1.06821e-10
1.09527e-10
0.00761588
0.726318
0.740809
0.0994156
0.103819
0.0835355
0.186183
1.09991e-10
0.255826
0.000723394
0.00280705
9.66066e-11
1.11188e-10
1.06362e-10
1.07319e-10
0.00501664
1.08078e-10
0.00547769
1.00098e-10
9.86101e-11
9.98508e-11
9.95689e-11
0.00767096
0.00627459
0.13999
0.0886211
0.996765
0.0388059
0.0286699
9.32447e-11
0.103304
0.111306
1.03582e-10
1.09008e-10
9.48952e-11
1.09134e-10
1.10678e-10
9.18719e-11
1.16332e-10
1.16436e-10
1.06866e-10
1.027e-10
1.0716e-10
1.03223e-10
1.0065e-10
1.04807e-10
1.00358e-10
1.67065e-10
1.06451e-10
1.16276e-10
0.000611214
0.0252723
1.06967e-10
0.0391169
1.06446e-10
1.2558e-10
1.17909e-10
1.46447e-10
0.0221592
3.07399e-10
0.156229
0.366808
0.610662
0.485409
0.620649
0.0285078
0.20574
0.0699526
0.189119
0.0505797
0.0686668
0.0757983
1e-10
1.06828e-10
9.25717e-11
9.2369e-11
9.49554e-11
9.93614e-11
9.83416e-11
9.80412e-11
9.96409e-11
1.62176e-05
1.02209e-10
1.0793e-10
1.14965e-10
9.9998e-11
1.2308e-10
9.31444e-11
1.04515e-10
1.09182e-10
1.18106e-10
9.60793e-11
1.0486e-10
1.03895e-10
0.0152385
0.068521
0.000277513
0.0035566
9.49925e-11
1
0.0228575
1.00705e-10
0.509543
0.258183
9.73708e-11
9.23411e-05
0.00219268
0.000186869
9.23352e-11
9.49358e-11
1.08438e-10
9.85893e-11
0.000341779
0.001311
1.00694e-10
0.00676897
1.01337e-10
1.02267e-10
0.00164063
9.44006e-11
9.89449e-11
9.8289e-11
0.000524739
1.00251e-10
0.0222048
0.000607084
0.0749754
0.277198
0.12185
0.0488685
0.00249441
0.0456437
0.000285642
0.0344823
0.0472525
0.0160724
0.000585054
0.0139014
9.76334e-11
1.16154e-10
9.62312e-11
0.00417402
0.0141398
0.0014014
0.0990419
1.13797e-10
0.0438042
9.38817e-11
0.0382828
9.66135e-11
0.0152146
9.57739e-11
1.01697e-10
9.63638e-11
1e-10
1.09297e-10
9.93779e-11
1.01118e-10
9.84909e-11
0.00346967
1.00477e-10
9.88055e-11
1.09779e-10
1.03105e-10
9.26421e-11
9.61238e-11
9.67855e-11
9.82616e-11
1.10761e-10
9.77929e-11
9.67468e-11
9.22784e-11
9.60472e-11
1.0701e-10
9.76788e-11
1.05699e-10
9.82656e-11
1.07591e-10
1.05457e-10
1.01485e-10
1.86687e-05
9.88141e-11
9.98764e-11
9.91696e-11
9.97677e-11
0.000358784
1.01211e-10
0.000222704
9.73002e-11
9.27058e-11
9.54284e-11
1.01505e-10
0.000603546
9.48191e-11
9.92358e-11
1.0011e-10
0.000369168
0.000139397
1.0214e-10
5.1422e-05
1.12605e-10
0.0356869
0.0115823
3.36124e-05
1.04033e-10
1.07196e-10
2.49939e-05
1.04528e-10
1.02991e-10
0.000121229
1.05696e-10
1.06107e-10
9.39743e-11
9.49368e-11
0.0133462
4.33993e-05
0.00327499
9.36933e-11
0.0230847
0.0268537
0.0129
1.16975e-10
9.75615e-11
1.05097e-10
1.04999e-10
9.40092e-11
8.86784e-11
1.0171e-10
9.75229e-11
1.01201e-10
8.01669e-05
9.60889e-11
1.93211e-10
9.85593e-11
9.41578e-11
9.66803e-11
9.97363e-11
1.06007e-10
9.68874e-11
8.81363e-11
9.32684e-11
9.02453e-11
8.63896e-11
9.6691e-11
9.76242e-11
1.02585e-10
9.6244e-11
9.51889e-11
9.58705e-11
9.44591e-11
9.17e-11
9.57587e-11
0.00217292
9.55669e-11
9.86146e-11
0.0189543
0.737199
0.0503006
1.631e-10
0.0685626
9.28308e-11
0.582421
1.49003e-10
0.0824292
1.03212e-10
0.00341017
0.0318893
0.160496
0.262881
0.87919
1.00168e-10
0.240375
9.99726e-11
9.99007e-11
0.83083
0.773409
0.0199922
0.0169147
0.899135
0.062761
0.00652447
0.74952
0.0660981
0.0834209
0.991568
0.691905
0.106454
9.9565e-11
1.128e-10
9.87028e-11
0.00976565
0.00498382
1e-10
0.0776113
0.0188967
1.01018e-10
1.00085e-10
0.000697175
0.00155741
1.04138e-10
0.00041478
0.00264338
0.00267169
0.0111098
0.000439746
0.599446
9.65877e-11
0.000614147
0.00381683
0.0105467
9.92084e-11
0.0523456
9.34767e-11
1.04792e-10
0.00732126
9.41232e-11
1.02769e-10
1.02398e-10
9.69704e-11
9.70699e-11
1.11114e-10
1.08721e-10
1.1351e-10
9.68283e-11
1.0461e-10
9.43197e-11
1.13826e-10
9.44508e-11
9.46444e-11
1.07352e-10
1.0246e-10
0.000212949
1.01636e-10
1.05039e-10
9.29541e-11
1.1987e-10
1.06202e-10
0.000346863
0.000453884
9.78632e-11
9.58101e-11
1.05484e-10
1.08131e-10
1.04333e-10
1.00131e-10
9.85872e-11
9.53678e-11
9.4563e-11
9.71353e-11
1.00042e-10
1.0101e-10
9.85183e-11
9.96199e-11
9.56301e-11
9.59915e-11
9.79082e-11
9.53521e-11
1e-10
9.51256e-11
9.77999e-11
1.11059e-10
9.35789e-11
1.04024e-10
9.5181e-11
9.19887e-11
1.0677e-10
1.01704e-10
9.54231e-11
9.68316e-11
9.47489e-11
1.0195e-10
9.77614e-11
9.6324e-11
9.69367e-11
9.42793e-11
9.8041e-11
9.86004e-11
1.01016e-10
1.01278e-10
0.022195
0.168837
0.00478652
0.0236778
0.102815
0.0231253
9.38976e-11
1.11504e-10
0.121569
0.592743
9.96825e-11
0.712057
0.2798
0.0705766
0.714641
0.032163
0.0424578
9.66487e-11
9.83264e-11
1.03488e-10
1.01271e-10
0.00285991
9.45088e-11
1e-10
9.59637e-11
9.41429e-11
0.0126771
1.19217e-05
0.0170743
1.03982e-10
9.57978e-11
9.68869e-11
9.98568e-11
0.000153345
1.13835e-10
0.00109891
1.01467e-10
9.79973e-11
0.000168992
1.00305e-10
1.12714e-10
9.52421e-11
9.50149e-11
9.87951e-11
0.00629063
9.70462e-11
1.10814e-10
1.0408e-10
9.64707e-11
1.03338e-10
0.000899057
9.65277e-11
9.39335e-11
9.48972e-11
1.18206e-10
1.04031e-10
9.26356e-11
9.27119e-11
9.7036e-11
7.34861e-11
9.61906e-11
0.00458684
0.0114067
9.92476e-11
1e-10
0.000886334
0.0578016
0.00800691
0.132576
0.0793506
0.0289442
0.06266
0.0851223
0.0897521
0.129201
0.0358963
0.0866296
0.0712404
0.563709
0.067532
0.219122
0.465916
0.158006
0.0163701
0.221254
0.331868
0.0317029
0.593722
0.216094
0.406372
1.00361e-10
9.70113e-11
9.54536e-11
9.69701e-11
1.02739e-10
9.60118e-11
9.87985e-11
9.57405e-11
9.52154e-11
9.75991e-11
9.95834e-11
9.70514e-11
9.68615e-11
9.99698e-11
9.72651e-11
9.79357e-11
9.62608e-11
9.63149e-11
9.92464e-11
9.8938e-11
9.90776e-11
9.93776e-11
9.6512e-11
9.71502e-11
9.55427e-11
1.03532e-10
9.53133e-11
1.02237e-10
9.75222e-11
9.85638e-11
9.71806e-11
1.04832e-10
9.77388e-11
9.56553e-11
9.80835e-11
1.00487e-10
1.03354e-10
9.7183e-11
9.8829e-11
1.04854e-10
1.07192e-10
9.91548e-11
9.70364e-11
1.09865e-10
1.02469e-10
9.71477e-11
9.67188e-11
1.00066e-10
2.39624e-10
9.23294e-11
1.04587e-10
0.000236538
9.01971e-11
1.06998e-10
9.44023e-11
9.59186e-11
0.0591917
0.0592935
0.0828109
0.00042104
0.000143611
9.28371e-11
1.0747e-10
0.0056652
1.04329e-10
9.6749e-11
9.93067e-11
9.77796e-11
9.68066e-11
9.41573e-11
9.87319e-11
9.3979e-11
1.0514e-10
9.59445e-11
1.01921e-10
9.81524e-11
9.68167e-11
9.78145e-11
0.000129996
1.01814e-10
9.61641e-11
9.50517e-11
9.88542e-11
1.02844e-10
9.75282e-11
9.87989e-11
1.0789e-10
9.8148e-11
9.78167e-11
9.90784e-11
1.02188e-10
1.0263e-10
9.71326e-11
9.87934e-11
1.00386e-10
9.78213e-11
0.000908969
9.74258e-11
9.748e-11
9.62343e-11
1.01653e-10
9.33027e-11
9.76322e-11
9.77388e-11
9.78801e-11
9.71717e-11
1.022e-10
1.02296e-10
9.57519e-11
9.5053e-11
1.12621e-10
9.6056e-11
9.78797e-11
9.4534e-11
1.03214e-10
9.76474e-11
9.85015e-11
9.64371e-11
0.00339858
1.00479e-10
9.51566e-11
1.00812e-10
1.01337e-10
9.65019e-11
9.62813e-11
1.02702e-10
1.04409e-10
1.0126e-10
9.74079e-11
9.07932e-11
1.05108e-10
9.90143e-11
9.42046e-11
0.0140644
9.49894e-11
9.88053e-11
9.84156e-11
9.72021e-11
1.016e-10
1.31059e-10
9.73491e-11
0.00158801
0.000799873
9.86913e-11
1.0082e-10
1.06779e-10
9.2809e-11
9.13426e-11
1.00628e-10
1.01609e-10
1.04771e-10
1.05996e-10
9.66902e-11
9.45834e-11
1.04388e-10
1.05044e-10
9.74313e-11
1.10947e-10
9.42256e-11
9.1285e-11
1.03158e-10
0.00101523
1.017e-10
1.01223e-10
0.0020526
0.000205543
1.00186e-10
1.07667e-10
1.02867e-10
1.04204e-10
0.00128099
1.01052e-10
9.65199e-11
0.00669568
9.88249e-11
9.7224e-11
9.47172e-11
9.60294e-11
9.70598e-11
9.71969e-11
9.90793e-11
9.21121e-11
1.04688e-10
1.01197e-10
9.83406e-11
9.63933e-11
1.00917e-10
9.47669e-11
9.65894e-11
1.0114e-10
1.00045e-10
0.00665478
1.07375e-10
1.02847e-10
1.13044e-10
9.58002e-11
1.09194e-10
0.00247879
1.00016e-10
9.75142e-11
9.72207e-11
1.13847e-10
1.03634e-10
9.7439e-11
9.47762e-11
1.02226e-10
1.19731e-10
0.00230285
1.57363e-10
1.0103e-10
1.06258e-10
1.37464e-09
9.88029e-11
9.69478e-11
1.01875e-10
9.85358e-11
9.10365e-11
9.93258e-11
1.8465e-10
9.9016e-11
9.99626e-11
9.78852e-11
1.34195e-10
1.00014e-10
9.86284e-11
1.00328e-10
1.02148e-10
1.00014e-10
9.95365e-11
1.03888e-10
1.01037e-10
1.04405e-06
9.89677e-11
1e-10
9.61564e-11
9.77647e-11
1.02694e-10
1.09894e-10
9.87696e-11
1.14371e-10
9.97355e-11
1.07241e-10
9.96689e-11
0.0900486
6.54873e-11
1.082e-10
9.90336e-11
9.95477e-11
9.40839e-11
9.58542e-11
0.00488943
0.289034
9.93558e-11
1.01094e-10
9.80115e-11
1.0063e-10
9.91173e-11
0.000356317
9.73076e-11
1.00233e-10
9.97934e-11
9.84357e-11
0.0845429
1.76359e-05
1.00593e-10
9.92468e-11
1e-10
9.99583e-11
9.95026e-11
0.00203063
9.75484e-11
9.78758e-11
9.84183e-11
9.5365e-11
9.78259e-11
8.59248e-11
0.0412294
0.425662
9.87848e-11
0.500356
9.86691e-11
9.97231e-11
9.99894e-11
1.00024e-10
9.80589e-11
0.00341189
1.30511e-10
0.000214669
9.98582e-11
9.76725e-11
1.0021e-10
1.01481e-10
1.00983e-10
9.85238e-11
9.1218e-11
7.6094e-11
6.30344e-06
1.07769e-10
1.02395e-10
0.0331754
1.00214e-10
1.06469e-10
1.0497e-10
1.058e-10
9.52627e-11
9.23342e-11
9.97716e-11
9.42746e-11
1.07448e-10
1.07325e-10
1.05192e-10
9.56763e-11
1.01839e-10
9.66794e-11
1.03846e-10
9.91194e-11
9.76099e-11
9.62842e-11
2.10339e-06
0.0995756
9.04047e-11
0.00968186
9.55944e-11
9.1686e-11
0.000248276
0.0174437
1.05673e-10
9.43272e-11
0.000964288
1.12506e-10
9.85702e-11
1.02092e-10
1.01123e-10
1.07308e-10
9.52154e-11
9.78705e-11
9.46814e-11
1.02883e-10
0.582112
9.99453e-11
8.99769e-11
0.00273912
0.000155944
0.00975748
9.23993e-11
9.53968e-11
0.00251474
1.05519e-10
1.00512e-10
9.44103e-11
1.06203e-10
1.11312e-10
9.20763e-11
1.07561e-10
1.0721e-10
9.73588e-11
0.128736
0.00358339
9.87369e-11
9.67222e-11
8.85277e-11
8.50763e-11
9.30392e-11
9.27711e-11
9.45856e-11
1.07183e-10
0.00244599
0.0786929
0.00103279
0.00216289
0.0930849
0.013886
0.0846911
8.19935e-11
0.0300824
1.043e-10
0.0834763
0.0995884
0.152148
0.210336
0.122239
0.0135488
0.16118
0.030127
0.766688
0.184488
0.184917
9.32641e-11
9.29414e-11
0.0618662
0.220914
1.05118e-10
7.28927e-11
9.83282e-11
0.490192
0.20481
0.292653
0.556951
0.343547
0.0813849
0.727742
0.155646
0.0884248
0.228507
0.336922
0.68613
0.122381
0.774146
0.0529817
1.00694e-10
0.155281
0.00778508
0.0895939
0.186118
0.155807
0.670504
0.0561662
1.02392e-10
0.0886874
0.00353334
0.0603752
0.359691
0.683016
9.92573e-11
1.12038e-10
9.66672e-11
9.99441e-11
9.56755e-11
9.77412e-11
1.04258e-10
9.27762e-11
9.23614e-11
9.28106e-11
1.0649e-10
1.05979e-10
0.00156089
9.97498e-11
1.03449e-10
9.53688e-11
1.08098e-10
1.0313e-10
9.98512e-11
1.03289e-10
0.000237488
1.05375e-10
1.09888e-10
1.07323e-10
9.92586e-11
1.00155e-10
1.003e-10
9.52361e-11
1.02869e-10
1.00303e-10
1.02018e-10
1.0135e-10
1.00314e-10
9.6259e-11
9.87127e-11
1.0001e-10
1.04512e-10
1.033e-10
1.02037e-10
9.91917e-11
1.0442e-10
9.5723e-11
1.23044e-10
0.0365982
0.00363475
9.5508e-11
0.00488042
1.66426e-10
0.00707923
0.000440433
1.46865e-10
9.98433e-11
0.0751775
8.86514e-11
1.23572e-10
2.02359e-10
1.32405e-10
0.000335601
9.65895e-11
1.02779e-10
0.0142606
9.9152e-11
1e-10
0.0269164
9.868e-11
0.0953398
0.121416
9.55364e-11
0.0252556
0.0243999
0.160057
0.183423
0.542481
0.295729
9.74519e-11
0.0274271
0.61607
0.0524235
1.34778e-10
0.742907
0.0125
0.202653
0.0520969
0.00906975
0.0321555
0.293011
0.457743
0.439612
7.60476e-11
0.707215
1.00074e-10
9.96993e-11
0.000110216
9.96104e-11
9.45742e-11
9.7649e-11
9.69699e-11
9.19104e-11
9.99203e-11
9.95838e-11
0.000329921
9.52667e-11
1.12551e-10
1.276e-10
9.88587e-11
9.9411e-11
9.07276e-11
9.54086e-11
9.95524e-11
0.000222791
0.00565528
1.14181e-10
0.0687196
0.0787033
1.00267e-10
1.03414e-10
9.76248e-11
1.03968e-10
1.06532e-10
0.00349549
9.50694e-11
7.86856e-07
1.10891e-10
9.39703e-11
9.95466e-11
1.01419e-10
1.00122e-10
9.9842e-11
9.94468e-11
9.99774e-11
0.0151198
1e-10
1e-10
9.99461e-11
9.76857e-11
0.00020131
9.41275e-11
9.51112e-11
4.2985e-06
9.63155e-11
9.39163e-11
9.44008e-11
9.51235e-11
9.36335e-11
0.000172802
9.16579e-11
9.06037e-11
0.000808408
0.74777
1.02371e-10
0.0203654
0.0913153
0.00884898
9.29621e-11
0.0274406
0.0242042
0.00918653
0.222511
1.07063e-05
9.88824e-11
1.09432e-10
0.0218303
0.0978863
9.92238e-11
0.854475
0.175032
0.00891372
0.0343435
0.00648555
0.708567
0.226422
9.93832e-11
0.0123637
0.0210793
1.00842e-10
0.000271204
0.222524
9.8602e-11
0.00519255
0.0220165
0.206967
1.04261e-10
0.0673961
0.500187
0.0874916
0.605669
0.317661
0.73271
0.349973
0.951377
0.0267815
0.023508
1.04583e-10
1.00041e-10
1.17222e-10
0.0687613
0.0658569
0.0276107
0.420611
0.985139
0.976382
0.964221
0.980263
0.981533
9.94156e-11
4.54785e-05
1.01038e-10
0.00275089
0.0396588
1e-10
0.148692
0.00324068
0.109976
0.096921
0.0992437
1.05007e-10
1.43254e-10
0.00890083
9.86972e-11
9.82831e-11
0.00468284
0.00267403
0.522934
0.903912
0.192395
9.93019e-11
1.0283e-10
1e-10
9.97995e-11
9.98084e-11
1.0027e-10
1.00218e-10
0.957135
0.149915
0.116035
0.00155185
8.96682e-11
9.27978e-11
0.0581634
9.41485e-11
9.08406e-11
6.79735e-05
9.40938e-11
0.0710599
0.0218978
9.39584e-11
9.99885e-11
1.00886e-10
9.80476e-11
1.04621e-10
8.71511e-11
8.65992e-11
8.93417e-11
0.0114993
9.57406e-11
0.0418764
8.52928e-11
9.7823e-11
9.31962e-11
0.00502302
9.95889e-11
0.035942
1.00079e-10
1.04417e-10
0.0688704
0.000378985
1.00345e-10
9.5947e-11
1.01092e-10
0.000498914
9.96672e-11
9.56806e-11
0.696833
0.0125559
0.863277
0.728164
0.510143
1.01706e-10
0.505526
0.0609446
0.470152
0.0509259
0.101541
0.0304446
0.669145
0.543587
0.456583
0.563563
0.135969
0.195875
0.249925
0.00383978
0.0589552
0.113705
1.86292e-05
1e-10
1.01473e-10
0.00720652
1.50435e-10
9.99336e-11
1.14208e-10
1.06449e-10
9.96231e-11
6.66121e-06
5.28748e-05
1.02212e-10
0.123765
6.21536e-05
1.00859e-10
1e-10
1.02422e-10
1e-10
1.0852e-10
1.00315e-10
0.000671446
0.00898706
1.00223e-10
9.70839e-11
0.00388684
1e-10
1.00385e-10
0.031456
0.00427765
0.00860189
0.00410229
1.00476e-10
0.00152991
0.000366549
0.00532489
1.00039e-10
9.89847e-11
0.00115917
0.0044933
0.000368345
1.01132e-10
1.03864e-10
9.29797e-11
9.52495e-11
1.13938e-10
0.00102016
0.0439827
0.0508686
1.03565e-10
1.03621e-10
0.00141325
9.47789e-11
0.263427
1.01549e-10
1.02029e-10
1.08532e-10
1.05318e-10
9.9869e-11
1.0164e-10
9.78944e-11
1.08336e-10
9.85589e-11
9.91978e-11
1.00322e-10
1.08072e-10
1.0005e-10
9.90875e-11
1.00519e-10
9.01639e-11
1.02781e-10
0.45088
0.0445606
0.00177822
1.01486e-10
9.99477e-11
0.000167694
1.00104e-10
1.03001e-10
9.73204e-11
0.0665042
1.02754e-10
0.446206
0.0354894
1.0285e-10
1.06502e-10
1.047e-10
0.00872326
0.154347
1.01165e-10
0.419666
1.20275e-10
0.00289465
1.0413e-10
1.02343e-10
9.98676e-11
1.00127e-10
1.11357e-10
1.00562e-10
1.60427e-05
1.01713e-10
0.247064
1.05083e-10
0.0735776
0.1
0.0655858
0.0557685
0.0768359
0.086073
0.0764558
0.038022
0.0824167
0.116945
0.093443
0.108559
0.212131
0.0817141
0.0857244
0.0980011
0.0956617
0.0748228
0.0722821
0.11173
0.177166
0.0594681
0.136173
0.164811
0.0964384
0.0949104
0.180296
0.100187
9.83526e-11
1.18741e-10
0.0196903
9.86538e-11
1.13575e-10
0.092746
0.0581916
9.29302e-11
1.02626e-10
9.74707e-11
0.823167
0.844171
1.02023e-10
1.04341e-10
3.22494e-10
7.17875e-11
9.7724e-11
0.00652136
1.16946e-10
1.08076e-10
0.00106556
0.00158293
0.000414275
0.00148163
0.00247996
0.000732393
9.84828e-11
0.000714491
1.00928e-10
1.01785e-10
1.1339e-10
1.01138e-10
9.93821e-11
9.88508e-11
9.97098e-11
1.03038e-10
1.02264e-10
1.02972e-10
0.000879987
0.000266501
1.05447e-10
1.03021e-10
9.79848e-11
1.02691e-10
1.00559e-10
1.01945e-10
9.7977e-11
1.01511e-10
1.03598e-10
1.13257e-10
1.05162e-10
1.01711e-10
9.43892e-11
1.00957e-10
1.02257e-10
9.66688e-11
9.90739e-11
9.87722e-11
9.85077e-11
1.00848e-10
9.89512e-11
1.03888e-10
1.02829e-10
1.01526e-10
1.00509e-10
0.00107647
0.00606336
1.0232e-10
0.00132536
1.05212e-10
5.89374e-05
9.2945e-11
9.2769e-11
7.80091e-05
1.04419e-10
1.0696e-10
9.46805e-11
1.03202e-10
1.01531e-10
1.02286e-10
1.03578e-10
1.05227e-10
1.02834e-10
9.93467e-11
1.00626e-10
0.000539982
0.112125
9.43709e-11
3.57131e-05
0.0135807
0.0992803
0.126758
0.0761562
0.0525544
0.0505234
0.0154763
0.00144239
1.0433e-10
9.81291e-11
0.00127625
0.0689615
9.32498e-11
9.73377e-11
1.00004e-10
1.05098e-10
1.06263e-10
9.92283e-11
9.69764e-11
9.81557e-11
9.81948e-11
0.000236673
1.0022e-10
1.02703e-10
0.0947503
0.0865384
0.0549933
0.084195
0.0937724
0.0921726
0.0682243
0.0990012
0.0803452
0.0778002
0.0240207
0.0917127
9.86914e-11
9.89107e-11
0.0700274
0.0986503
0.0917527
0.0700634
0.0866611
0.0866011
0.0881399
0.0932269
0.000540888
0.000594986
0.0923227
0.0776374
0.0914517
0.0805316
0.0188784
1.0134e-10
0.0363018
0.0913261
0.0848895
0.0958319
9.62909e-11
1.01394e-10
9.70591e-11
9.68115e-11
9.86102e-11
0.000343676
9.84788e-11
0.00623094
0.0960801
0.0311826
1.01544e-10
1.01285e-10
1.07627e-10
1.00844e-10
1.00844e-10
1.03114e-10
1.03318e-10
1.05308e-10
1.02443e-10
1.00218e-10
1.0012e-10
9.69067e-11
1.00666e-10
0.00347396
1.04354e-10
1.01205e-10
1.2969e-10
9.96071e-11
1.04206e-10
1.00894e-10
9.93066e-11
1.00315e-10
1.01275e-10
0.00231428
1.00035e-10
1e-10
9.99313e-11
9.99251e-11
1.02765e-10
1.0064e-10
1.01646e-10
1.00914e-10
1.02415e-10
1.01787e-10
1.02309e-10
1.01195e-10
9.97565e-11
1.01304e-10
9.92363e-11
1.001e-10
1.01841e-10
1.00886e-10
1.00515e-10
9.96828e-11
9.93096e-11
1.0078e-10
1.01749e-10
1.06246e-10
1.02028e-10
1.12396e-10
1.03244e-10
9.83725e-11
1.01232e-10
9.96421e-11
9.8053e-11
9.94761e-11
1.0207e-10
1.02223e-10
1.03566e-10
0.00337816
1.00868e-10
1.01424e-10
1.01602e-10
1.02615e-10
9.88605e-11
9.98202e-11
1.01619e-10
1.02423e-10
1.00201e-10
1.01724e-10
1.01069e-10
1.00202e-10
1.12231e-10
1.12968e-10
1.00767e-10
1.0095e-10
1.01833e-10
1.02111e-10
1.00652e-10
1.00975e-10
9.87764e-11
1.05067e-10
0.0001217
1.00222e-10
1.05683e-10
1.03517e-10
1.01345e-10
9.9088e-11
1.00913e-10
1.01321e-10
1.02109e-10
1.04285e-10
1.10933e-10
9.79776e-11
9.69719e-11
1.00857e-10
9.82165e-11
1.04071e-10
0.00014945
1.00721e-10
1.01833e-10
9.83869e-11
9.80369e-11
9.98562e-11
1.01088e-10
1.00142e-10
1.05002e-10
9.66244e-11
1.06134e-10
1.0162e-10
1.00162e-10
1.01969e-10
1.00571e-10
1.28695e-10
1.00842e-10
1.03585e-10
9.74635e-11
1.04849e-10
1.0358e-10
1.01836e-10
1.0162e-10
9.7754e-11
1.02045e-10
1.08703e-10
1.04659e-10
1.01362e-10
1.03421e-10
1.03917e-10
1.00288e-10
1.02103e-10
1.0222e-10
1.03152e-10
1.00002e-10
1.03019e-10
1.03591e-10
1.14973e-10
1.01019e-10
9.58407e-11
1.06964e-10
9.80921e-11
0.00091032
9.94747e-11
0.0125761
9.97922e-11
9.95876e-11
0.00187218
0.0020452
9.99275e-11
1.31392e-05
1.00455e-10
0.010692
0.0201775
0.176321
9.79362e-11
9.90824e-11
0.00507481
1.08118e-10
0.00742888
9.51718e-11
0.0676143
1.11438e-10
0.161537
0.0502362
0.175987
0.0147426
0.483544
0.196611
0.00611924
0.0287863
0.118767
0.150359
0.0497265
0.0288127
9.38359e-11
0.00589377
9.89986e-11
9.88068e-11
9.13491e-11
0.00371656
1.0958e-10
9.86124e-11
1.0566e-10
9.8773e-11
0.0234455
9.70866e-11
0.143457
9.66023e-11
0.159127
0.536203
0.308228
0.146992
0.320583
0.234081
0.0946805
1.03299e-10
0.244721
0.101892
0.250638
0.1526
0.0810853
0.0831245
0.174307
0.0798591
0.00148307
0.0151406
0.0896503
0.0103625
0.0666844
0.0426347
0.187073
0.0811317
0.0775972
0.0906155
0.0561816
0.127867
0.0775249
0.0716996
0.0643298
0.0732946
0.150814
9.07992e-11
0.0789855
0.132728
9.56228e-11
0.0131089
0.0459974
0.0676867
0.0530149
0.000581501
0.000295958
9.74727e-11
0.0276981
0.0188751
0.00104834
9.73109e-11
0.0188764
9.13774e-11
1.00353e-10
0.00125744
1.07344e-10
9.97496e-11
1.00004e-10
9.76872e-11
0.000331313
1.08439e-10
9.94432e-11
1.01723e-10
0.0495153
9.5064e-11
9.99867e-11
1.00877e-10
0.0658581
1.05387e-10
9.69155e-11
0.0075707
0.0592693
0.000156309
0.0789675
0.0692538
0.106437
0.0549853
0.0908427
0.080167
0.0836034
9.39346e-11
0.0513879
0.0742926
0.0969261
0.0842175
0.0897516
0.0844384
0.1
0.0856718
0.0895515
0.0926305
0.0729564
0.0830009
0.0811949
0.0882691
0.10156
0.0950935
0.094338
0.0965172
0.0695401
0.0950343
0.0858282
1.00498e-10
0.0918446
0.103905
0.0955308
0.0820926
0.0903229
0.0746792
0.0714448
0.0773188
0.0938256
0.0844956
0.00662229
9.77103e-11
0.0826515
0.09245
0.0899283
0.102394
9.5076e-11
5.0562e-05
0.0796564
0.0831187
9.03719e-11
1.17191e-10
0.00427041
0.00240976
0.0801082
0.0870961
0.00483721
9.6363e-11
0.0775014
0.0752267
8.69703e-11
9.5218e-11
9.26313e-11
9.77112e-11
9.45491e-11
1.07015e-10
9.67678e-11
1.05057e-10
0.0643752
0.000763595
9.03606e-11
9.77531e-11
0.018804
8.87796e-11
0.0513559
9.43587e-11
0.0380258
9.1782e-11
9.51341e-11
0.0293134
0.0718867
9.13074e-11
0.0758512
0.0933281
0.0847599
0.00211898
0.0825587
0.0135726
0.083906
0.0665796
0.0382774
0.0955235
0.0921491
0.0408407
0.0953707
0.0818667
0.0635531
0.0889378
0.0458353
0.0795378
0.0955317
9.92758e-11
0.0740714
0.0864803
0.0854651
0.0911484
0.0944197
9.66986e-11
0.0853171
0.0900606
0.0372145
0.0937008
9.30922e-11
9.85965e-11
0.0596459
0.0978975
9.01366e-11
9.45072e-11
1.01153e-10
9.6672e-11
9.9418e-11
9.88485e-11
0.000613183
0.0689683
1.08317e-10
9.8584e-11
0.0934381
9.95015e-11
0.0564766
0.0812499
9.24795e-11
3.8699e-05
0.000139396
0.000315923
9.43261e-11
9.8825e-11
0.000176388
1.01917e-10
0.0880388
0.000212413
0.0002303
0.000158776
0.000155727
0.00750831
0.0748839
0.0804092
9.88181e-11
9.59759e-11
1.00043e-10
0.0279277
1.02347e-10
1.03252e-10
9.78981e-11
1.10742e-10
1.07938e-10
9.78399e-11
1.05649e-10
0.0122949
9.75448e-11
0.00921097
9.44824e-11
0.000814077
0.000258719
0.00170094
0.00059144
0.0325965
0.00298041
0.00166834
1.01322e-10
0.000453747
0.05381
0.00184847
0.0744497
0.0660611
0.0862985
0.00181754
0.000561592
0.000348122
0.096546
0.00180957
9.28673e-11
1.00955e-10
9.333e-11
9.40975e-11
9.90807e-11
0.00787913
0.00151627
9.94184e-11
1.02532e-10
1.09623e-10
1.08206e-10
0.404862
9.35451e-11
0.164804
9.81253e-11
8.97285e-11
0.00440112
0.00153982
1.02728e-10
0.103895
1.1305e-10
1.07418e-10
0.00359382
1.03062e-10
9.64566e-11
1.04172e-10
8.79968e-11
1.08377e-10
0.0105263
1.02836e-10
0.0418659
0.196558
1.02831e-10
0.0520752
0.036818
0.0415459
0.0239692
0.0864458
0.585122
0.0995079
0.6077
0.487856
0.243483
0.221624
0.326774
0.477471
8.93801e-11
0.0179205
0.141405
0.254818
0.10433
0.259065
0.170176
0.351634
0.432252
0.308993
0.0961686
0.307722
0.0517347
1.0531e-10
0.40396
1.07448e-10
0.350669
0.336976
1.04552e-10
9.57724e-11
0.0886842
9.50029e-11
9.67182e-11
9.48368e-11
0.000407151
9.98686e-11
9.46927e-11
9.66327e-11
9.87374e-11
9.79744e-11
5.96008e-05
9.875e-11
9.56021e-11
0.000222925
0.102503
0.0106788
9.67556e-11
0.00920012
9.79344e-11
1.11045e-10
0.000441826
0.000230825
0.000147449
9.74926e-11
8.97667e-11
0.0314733
9.38638e-11
0.106858
9.98792e-11
0.0176928
0.0537445
8.90242e-11
8.94722e-11
9.0392e-11
1.03607e-10
1.03553e-10
0.000433552
0.000701965
9.82375e-11
0.000877674
9.31226e-11
0.0245534
0.113507
0.0306716
0.222701
0.330572
0.0463358
0.47534
0.256146
0.106943
0.167064
0.273977
0.0575895
0.105711
0.0170835
0.0172974
1.1709e-10
0.00252189
0.00654565
0.0331336
0.0328095
0.106656
0.0852728
0.0418493
0.0081352
0.05891
9.98529e-11
0.0516583
9.62713e-11
9.76245e-11
0.21351
0.0210194
9.55588e-11
1.0495e-10
1.16762e-10
1.0032e-10
1.0224e-10
1.02128e-10
0.000431491
9.59608e-11
0.155029
0.316333
0.00347826
9.93315e-11
0.546221
0.0471391
0.014236
0.198501
0.184181
0.184633
0.204431
0.334533
0.279262
0.20187
1.02104e-10
9.82126e-11
0.0231798
0.00616016
0.430017
0.323479
0.0901078
0.105833
0.262546
0.416272
0.025647
0.00399948
1.08752e-10
9.66949e-11
0.000923995
0.00792844
1.04391e-10
0.0140731
1.04135e-10
1.00596e-10
1.0593e-10
1.01225e-10
1.07696e-10
0.00504035
0.0519958
1.0374e-10
0.0912765
0.0293436
0.324785
0.0155731
0.464587
0.0772587
0.107911
0.154266
0.00101833
0.0226116
0.00146262
4.83698e-06
9.61957e-11
2.94422e-05
0.00238305
0.025138
0.000575502
0.0022802
9.7068e-11
0.00111201
0.00237606
0.000682516
0.000853156
1.08472e-10
0.60695
9.55284e-11
0.000219526
0.00196106
9.98915e-11
9.90453e-11
0.00858978
1.07651e-10
1.002e-10
0.404993
0.00930799
0.0537579
1.01885e-10
0.15031
0.657592
0.271558
0.359187
0.146415
0.110548
0.150754
0.31747
0.208644
0.097532
1.02039e-10
0.256052
0.219911
0.316246
0.131907
0.346845
0.114538
0.0641168
0.014194
0.309449
0.0237206
0.410928
0.0471736
1.02041e-10
0.309752
0.00121444
1.01815e-10
0.0920583
1.04899e-10
0.096603
0.00193657
0.311173
0.38845
0.47248
0.0480392
0.585332
0.613159
0.341804
0.0285858
0.294625
0.569276
1.0788e-10
0.0625219
0.368572
0.276198
0.419776
0.162029
0.180569
0.0321028
0.0111047
0.474997
0.404082
0.420816
0.0272897
0.00361155
0.311039
9.85791e-11
0.0128177
0.000307759
1.01045e-10
1.06886e-10
1.02944e-10
1.03485e-10
0.192731
0.15409
0.0702586
0.231372
0.0635857
9.68266e-11
0.00681295
1.03034e-10
9.86323e-11
1.03387e-10
0.167709
0.0441892
0.0455372
0.0343499
0.000974394
0.10737
0.241548
0.0105385
1.2852e-10
1.08106e-10
9.7637e-11
1.10522e-10
0.038159
1.04003e-10
0.0447053
0.00463173
0.563526
0.143111
9.35904e-11
1.20953e-10
1.14313e-10
0.0102298
0.000383093
1e-10
1.04617e-10
9.66878e-11
1.00265e-10
1.04269e-10
9.93563e-11
1.05809e-10
0.423095
0.00776928
0.0685922
0.855834
0.244458
0.134369
0.0305543
1.24899e-10
1.04142e-10
5.05527e-05
0.00103659
1.03547e-10
1.04732e-10
1.04403e-10
9.97448e-11
1.04813e-10
1.00668e-10
1.1529e-10
0.00165026
0.00223506
0.0229348
9.46284e-11
0.0172279
0.0573663
9.92856e-11
0.00299259
1.05215e-10
1.15491e-10
0.0346034
0.0925149
0.0784334
9.67803e-05
9.71485e-11
1.08786e-10
1.01167e-10
1.00348e-10
0.030998
0.00033529
0.0262336
1.09611e-10
9.98837e-11
9.36238e-11
1.00432e-10
1.01838e-10
1.08787e-10
0.00110742
1.15557e-10
1.07347e-10
1.15752e-10
1.0385e-10
1.01355e-10
9.79428e-11
9.28214e-11
9.47675e-11
0.00546348
0.0495446
1.04912e-10
1.02549e-10
1.03187e-10
1.02157e-10
1.04443e-10
1.03731e-10
9.22331e-11
1.02491e-10
9.85895e-11
1.06514e-10
1.04892e-10
9.98878e-11
1.05023e-10
1.01855e-10
9.88846e-11
1.04511e-10
9.78077e-11
1.06493e-10
0.00472375
9.9792e-11
9.70189e-11
9.9337e-11
9.7253e-11
9.61423e-11
1.01629e-10
9.88539e-11
9.8283e-11
9.5781e-11
9.40338e-11
9.84577e-11
1.04388e-10
9.80252e-11
1.03055e-10
0.00139813
9.87768e-11
1.02994e-10
0.00178587
9.93717e-11
0.000520676
1.03142e-10
1.12427e-10
9.93747e-11
1.02968e-10
0.00146925
1.01412e-10
1.07673e-10
1.09157e-10
9.85174e-11
1.05105e-10
9.63674e-11
0.00700005
9.72944e-11
9.49354e-11
9.91739e-11
9.78542e-11
1.06292e-10
0.00068831
9.6845e-11
0.000266545
0.000601156
0.00171038
9.19514e-11
0.786386
0.563126
0.266605
0.771107
0.194578
0.136138
0.0574973
0.0789986
0.518769
0.471895
0.178201
0.376317
0.314227
0.128861
0.308846
0.352545
0.0274104
0.0012663
0.00901529
0.50463
0.0651785
0.31118
0.44242
0.08116
0.0597059
9.46179e-11
0.0301161
9.63968e-11
9.96664e-11
1.0007e-10
0.000961179
1.02176e-10
0.0655857
0.00438837
0.930189
0.989077
1.8217e-06
1.00411e-10
0.878615
0.0346209
0.645865
0.500658
0.583238
0.471801
0.0181598
0.327094
0.560714
0.713208
0.391636
0.685657
0.0509685
0.00968239
0.0135811
0.0139096
0.0220904
0.0176133
0.217721
0.00895602
0.509778
0.560306
0.747736
0.256317
0.281979
0.681201
0.661131
0.44685
0.0821188
1.02918e-10
0.374856
9.80227e-11
0.20861
0.139523
0.0706223
0.109892
1.07848e-10
1.02634e-10
1.02479e-10
1.04788e-10
9.97351e-11
9.42107e-11
9.67749e-11
9.28487e-11
0.000958621
9.76391e-11
0.015854
0.00341828
9.49758e-11
0.00214278
9.97921e-11
9.64886e-11
9.27978e-11
9.41357e-11
0.000249745
9.5839e-11
9.55935e-11
1.01075e-10
9.87275e-11
1.041e-10
9.81906e-11
9.89619e-11
9.95429e-11
9.30165e-11
9.79262e-11
9.74878e-11
9.60476e-11
1.00654e-10
9.59797e-11
9.70593e-11
9.74495e-11
9.67764e-11
9.39092e-11
9.66298e-11
0.000225384
9.69901e-11
9.31235e-11
9.65897e-11
9.4531e-11
9.15415e-11
1.12737e-10
9.42737e-11
1.01087e-10
9.57354e-11
9.62273e-11
1.66907e-10
9.93055e-11
1.00459e-10
9.82266e-11
9.45887e-11
9.73416e-11
9.90647e-11
1.03722e-10
1.00252e-10
1.02526e-10
9.43415e-11
9.67105e-11
9.78495e-11
6.61313e-05
1.00595e-10
1.06641e-10
1.03349e-10
9.62335e-11
0.00277529
1.0167e-10
1.32176e-10
9.97311e-11
9.82568e-11
0.166436
0.0625578
0.622931
0.381218
0.0214196
9.62905e-11
0.0580239
0.0603797
9.90908e-11
0.00817232
9.54752e-11
9.51174e-11
9.37659e-11
1.07824e-10
4.95948e-05
1.10548e-10
1.13257e-10
9.64435e-11
9.91834e-11
9.497e-11
9.70894e-11
9.25065e-11
9.58739e-11
1.02997e-10
1.04844e-10
9.66761e-11
1.101e-10
9.87954e-11
1.05448e-10
9.98621e-11
1.02241e-10
9.37556e-11
9.68166e-11
9.57113e-11
0.000295202
9.78768e-11
1.07931e-10
1.06642e-10
9.93216e-11
9.3611e-11
9.52318e-11
9.88144e-11
9.68247e-11
9.68503e-11
9.29259e-11
1.07392e-10
9.65292e-11
9.6277e-11
9.68931e-11
9.00408e-11
1.01175e-10
9.41643e-11
9.81652e-11
9.66187e-11
9.87632e-11
9.56987e-11
1.44649e-10
0.000446573
9.65512e-11
9.5972e-11
1.01398e-10
9.50972e-11
1.14223e-10
9.41518e-11
9.33773e-11
9.47194e-11
9.41749e-11
1.04711e-10
9.31671e-11
9.06607e-11
9.29055e-11
0.000547044
9.78853e-11
1.0467e-10
9.99422e-11
1.05889e-10
1.01085e-10
0.000122225
1.00799e-10
0.00713023
0.00029999
9.80805e-11
9.99083e-11
0.0264626
9.59725e-11
0.0401518
0.100172
0.0922565
9.28316e-11
0.136571
0.200936
1.09697e-10
1.03973e-10
9.37521e-11
9.45332e-11
1.05811e-10
9.10206e-11
9.49171e-11
9.68552e-11
9.59633e-11
9.29648e-11
9.76927e-11
1.0744e-10
9.47589e-11
9.53054e-11
9.87691e-11
9.43775e-11
9.3303e-11
9.40937e-11
9.27652e-11
9.49407e-11
9.48335e-11
1.10463e-10
9.84932e-11
9.67999e-11
0.0139492
9.55144e-11
0.00838718
9.65353e-11
9.76598e-11
0.00407942
9.91055e-11
1.00186e-10
1.00152e-10
9.51294e-11
1.02564e-10
1.01305e-10
5.89464e-05
1.00259e-10
1.01794e-10
1.00603e-10
9.0894e-11
1.23875e-10
0.000103678
7.81238e-05
9.98732e-11
9.99617e-11
1.00515e-10
7.76174e-05
1e-10
1.01294e-10
1.04113e-10
1.0342e-10
1.0552e-10
9.94119e-11
1.23568e-10
9.44647e-11
9.9156e-11
7.15498e-11
9.88149e-11
9.63477e-11
8.88032e-11
8.97531e-11
1.16497e-10
1.58778e-10
9.95939e-11
1.00248e-10
9.61803e-11
8.71765e-11
5.44769e-05
9.77553e-11
9.32995e-11
9.56013e-11
9.45947e-11
8.86091e-11
1.06104e-10
9.28227e-11
1.03023e-10
1.06791e-10
1.08042e-10
9.40389e-11
1.08551e-10
1.06539e-10
9.33844e-11
9.41765e-11
8.97112e-11
9.14833e-11
8.97674e-11
9.54871e-11
9.69949e-11
0.0011739
1.0192e-10
1.19447e-10
1.06177e-10
1.07826e-10
9.45917e-11
9.75086e-11
9.94361e-11
9.99885e-11
9.47103e-11
9.73999e-11
9.9045e-11
1.02194e-10
2.59122e-05
1.00175e-10
1.0014e-10
9.79802e-11
9.91765e-11
9.99645e-11
1.08562e-10
9.81831e-11
9.47121e-11
1.0041e-10
9.95911e-11
1.00609e-10
9.99781e-11
1.04471e-10
1.00082e-10
1.00927e-10
9.99906e-11
1.00351e-10
9.77508e-11
9.64631e-11
9.97951e-11
1e-10
9.89547e-11
9.99603e-11
9.40173e-11
9.67612e-11
1e-10
9.47163e-11
9.76943e-11
9.79713e-11
9.98852e-11
0.000347356
0.00089109
9.96932e-11
9.89457e-11
9.95754e-11
9.96117e-11
9.75311e-11
9.39478e-11
1.09403e-10
0.0461169
0.0117758
0.0798374
0.0632083
1e-10
9.88306e-11
9.87784e-11
9.86583e-11
9.96416e-11
1.00665e-10
9.21944e-11
9.35642e-11
9.96619e-11
9.95696e-11
9.72196e-11
1.0236e-10
9.70309e-11
9.89645e-11
1.00471e-10
1.00766e-10
1e-10
9.97729e-11
1.03463e-10
9.55798e-11
9.42419e-11
0.114543
9.85276e-11
1.02489e-10
9.54283e-11
7.72487e-11
9.74094e-11
9.95263e-11
9.96401e-11
9.84589e-11
9.98016e-11
1.06548e-10
1.00167e-10
1.07225e-10
1.00075e-10
9.71935e-11
1.14935e-10
1.16455e-10
9.55627e-11
1.01123e-10
9.89587e-11
1.13773e-10
1.06173e-10
9.70793e-11
1e-10
9.59392e-11
9.81009e-11
9.73465e-11
9.60817e-11
9.83914e-11
9.79105e-11
1.00054e-10
1.01795e-10
9.34435e-11
9.6432e-11
9.8631e-11
9.88547e-11
9.88815e-11
1.12081e-10
9.95598e-11
9.79878e-11
1.00043e-10
1.00809e-10
9.76083e-11
1.04202e-10
1.0681e-10
9.05848e-11
9.32906e-11
1.00119e-10
9.7119e-11
1.54706e-06
9.87148e-11
9.40651e-11
1.18134e-10
9.98195e-11
9.67289e-11
1.12241e-10
9.98592e-11
9.74737e-11
1.0018e-10
9.89663e-11
9.85646e-11
9.97904e-11
9.99378e-11
9.99204e-11
0.0018662
9.76349e-11
9.1554e-11
1.04694e-10
9.38036e-11
1e-10
1.18441e-10
9.96935e-11
1e-10
1.12419e-10
0.000699728
1.00244e-10
1.01175e-10
0.00484913
9.07701e-11
9.99504e-11
9.83846e-11
9.76603e-11
9.46766e-11
1.09431e-10
1.00357e-10
9.77503e-11
1.05543e-10
9.96635e-11
1.0152e-10
9.91083e-11
1.00809e-10
1.00295e-10
1.0008e-10
9.89619e-11
9.81326e-11
1.06226e-10
1.00124e-10
9.93987e-11
1.06949e-10
1.00358e-10
9.90308e-11
1.00163e-10
9.92271e-11
0.000164053
6.1161e-05
9.85242e-11
9.55643e-11
1.1127e-10
9.8744e-11
9.61967e-11
1.09944e-10
9.69573e-11
1.12608e-10
1.05846e-10
1.0788e-10
9.43908e-11
9.81067e-11
1.10644e-10
1.00078e-10
9.34198e-11
9.97741e-11
9.28251e-11
1.00652e-10
9.4894e-11
9.14161e-11
9.30176e-11
9.85863e-11
0.000491411
0.157409
9.68018e-11
9.99571e-11
9.93576e-11
9.89387e-11
9.67953e-11
9.84356e-11
9.80233e-11
9.88867e-11
9.87041e-11
9.74422e-11
1.09711e-10
9.86263e-11
9.68276e-11
1.13043e-10
9.96799e-11
9.93879e-11
1.0504e-10
1.09287e-10
9.92728e-11
1.00311e-10
9.19421e-11
8.79968e-11
9.38321e-11
1.02014e-05
9.97473e-11
7.06004e-05
1.06669e-10
9.83777e-11
0.000319357
1.09199e-10
1.16287e-10
9.49686e-11
0.0141752
9.55551e-11
0.000120479
1.13282e-10
9.71868e-11
9.82617e-11
9.68692e-11
1.14416e-10
0.0209895
1.00201e-10
0.00240104
1.09219e-10
1.02278e-10
9.93305e-11
9.99343e-11
9.98461e-11
9.94076e-11
0.00287414
7.093e-05
0.0019736
0.000317529
1.04368e-10
1.00449e-10
9.86075e-11
0.00372414
0.00502056
1.00236e-10
9.98089e-11
1.10222e-10
1e-10
9.68993e-11
1.08999e-10
9.73861e-11
1.10175e-10
0.0101913
9.64775e-11
0.011619
0.00510326
0.0209346
0.0270615
9.84153e-11
1.00908e-10
9.95185e-11
1.00152e-10
1e-10
9.82197e-11
9.93786e-11
0.0554381
1.03783e-10
9.65582e-11
1.04354e-10
1.05434e-10
1.05188e-10
9.55322e-11
0.766375
0.616024
0.0731933
0.0223348
1.12794e-10
0.0828265
0.0905743
0.0881106
0.0941585
0.122467
1.18007e-10
0.0716636
0.143591
1.02324e-10
0.0523864
0.0830189
1.01272e-10
9.37924e-11
9.78737e-11
9.46947e-11
0.000913014
9.34444e-11
1.17661e-10
1.02619e-10
9.91155e-11
1.02676e-10
0.00263223
0.0922133
9.36477e-11
0.00026528
0.0730207
0.0118001
0.0276665
0.0711116
9.77973e-11
9.92609e-11
1.09701e-10
1.03752e-10
1.0974e-10
1.05824e-10
1.19387e-10
1.07478e-10
9.92978e-11
1.06814e-10
1.01543e-10
1.0624e-10
1.04129e-10
9.88488e-11
9.2692e-11
9.79387e-11
0.0395951
1.12853e-10
9.45827e-11
1.03952e-10
9.55184e-11
9.82206e-11
1.0816e-10
9.8998e-11
1.0641e-10
9.65297e-11
1.03464e-10
1.05146e-10
0.00173327
1.01186e-10
9.72626e-11
1.02821e-10
1.00427e-10
1.14746e-10
1.04156e-10
0.00280677
1.12189e-10
1.12039e-10
9.86527e-11
1.04249e-10
1.12619e-10
0.00204376
1.00162e-10
1.03438e-10
1.01206e-10
9.60268e-11
1.00824e-10
9.89931e-11
1.07034e-10
9.77698e-11
1.01617e-10
1.00746e-10
1.02225e-10
9.97785e-11
9.88232e-11
0.0401452
0.0938532
0.0786791
0.0970234
0.0801226
9.75833e-11
1.00119e-10
1.00239e-10
1.00023e-10
1e-10
9.5281e-11
1.01428e-10
9.99545e-11
1.00362e-10
1.00017e-10
1.01966e-10
1.01017e-10
1.01615e-10
9.99005e-11
1.00368e-10
9.89772e-11
9.87992e-11
9.95194e-11
9.99635e-11
1.00027e-10
1.00004e-10
9.96988e-11
1.00945e-10
9.99992e-11
9.99642e-11
1.00108e-10
9.86682e-11
1.00874e-10
1.00394e-10
9.92587e-11
1.00841e-10
1.04223e-10
1.02392e-10
1.00053e-10
1.02112e-10
1.01381e-10
1.00683e-10
1.00654e-10
1.00229e-10
9.96591e-11
1.00542e-10
1.02917e-10
9.85569e-11
1.00758e-10
1.01367e-10
0.00501153
1.00423e-10
1.01673e-10
1.00646e-10
9.86864e-11
1.00738e-10
9.99668e-11
1.00049e-10
1.00601e-10
1.0008e-10
1.0133e-10
1.0104e-10
1.00817e-10
1.00372e-10
1.00037e-10
1.02557e-10
1.00382e-10
9.93019e-11
1.00126e-10
9.99531e-11
0.00098265
1.00545e-10
1.01524e-10
1e-10
1.02527e-10
1.00004e-10
9.99788e-11
1.00248e-10
1.00023e-10
1.02223e-10
1.00138e-10
1.00931e-10
9.65306e-11
1.00968e-10
1.00436e-10
1.02034e-10
1.00391e-10
1.0001e-10
1e-10
1.00477e-10
1.00006e-10
1.00818e-10
1.00252e-10
1.00249e-10
1.00016e-10
1.00196e-10
1e-10
1.00298e-10
1.00134e-10
1.00838e-10
9.97625e-11
1.00008e-10
1.05169e-10
1.00724e-10
1e-10
1.00473e-10
9.99787e-11
9.95894e-11
9.96993e-11
1.02271e-10
1.02155e-10
9.99538e-11
1.00722e-10
1.00336e-10
1.00622e-10
1.00314e-10
1.07313e-10
1.00357e-10
1.00175e-10
1.00041e-10
9.97205e-11
9.94855e-11
1.00151e-10
9.99822e-11
1.01291e-10
9.99038e-11
9.99961e-11
9.82787e-11
9.99771e-11
1.08922e-10
1.00373e-10
1.00522e-10
1.00397e-10
1.01949e-10
1.00194e-10
1.02115e-10
1.00156e-10
1.00108e-10
1.00094e-10
1.00083e-10
1.00015e-10
9.96878e-11
1.00065e-10
0.0171888
0.0004111
0.111129
0.0339294
0.0278865
0.00107491
1.02998e-10
0.0312281
0.00483064
0.0136603
0.0247099
0.0153012
0.0694471
0.000867437
0.0139675
1.04371e-10
0.0331634
0.0142994
0.0137247
0.00506212
0.0181305
0.00980259
0.00942986
0.174743
0.0332047
0.00587997
0.00912458
0.035412
0.014806
0.0532596
0.0215742
9.41098e-11
9.68964e-11
3.05999e-05
9.24048e-11
9.41791e-11
9.16107e-11
1.01453e-10
9.16054e-11
9.16057e-11
9.30781e-11
9.47316e-11
9.85523e-11
9.4567e-11
9.52428e-11
9.21169e-11
9.49025e-11
1.0214e-10
1.03691e-10
1.01679e-10
1.08303e-10
0.00160729
9.79884e-11
9.03949e-11
9.91423e-11
1.17781e-10
8.74012e-11
1.02788e-10
1.07869e-10
9.98756e-11
1.00162e-10
1.48509e-10
1.01551e-10
9.47281e-11
1.10019e-10
1.01023e-10
9.04779e-11
1.02671e-10
1.03749e-10
1.0162e-10
9.91475e-11
1.01885e-10
9.993e-11
1.00424e-10
1.00632e-10
1.04653e-10
1.04406e-10
1.0649e-10
1.02964e-10
1.13065e-10
1.02127e-10
7.00207e-11
1.50945e-10
9.89197e-11
9.97132e-11
1.02194e-10
1.0191e-10
1.08024e-10
2.09134e-10
9.87902e-11
9.84569e-05
1.04391e-10
1.06583e-10
1.02247e-10
9.17787e-11
0.0061821
9.6425e-11
1.12684e-10
1.1101e-10
1.02698e-10
1.06717e-10
9.72132e-11
9.79623e-11
9.90134e-11
9.98937e-11
9.0185e-06
0.441198
9.51485e-11
1.09162e-10
1.00196e-10
9.96134e-11
1.00066e-10
9.85102e-11
1.00561e-10
9.92277e-11
1e-10
9.72248e-11
1.01395e-10
8.18458e-11
7.08427e-11
9.866e-11
1.0138e-10
9.54149e-11
1.04541e-10
1.01082e-10
9.74182e-11
1.0748e-10
9.99657e-11
9.60879e-11
9.88887e-11
1.08891e-10
1.02573e-10
1.04655e-10
1.03285e-10
1.76232e-10
1.07255e-10
9.13676e-11
1.01064e-10
9.89221e-11
9.56989e-11
9.42756e-11
1.021e-10
1.04017e-10
9.33669e-11
9.23872e-11
1.0291e-10
1.03447e-10
1.11512e-10
1.03653e-10
1.03393e-10
9.48683e-11
9.47376e-11
9.0066e-11
9.78945e-11
0.0054413
8.08734e-11
9.32423e-11
7.94637e-11
1.74807e-10
1.0096e-10
9.71901e-11
9.17921e-11
1.19093e-10
1.08278e-10
0.227347
1.03591e-10
1.03452e-10
9.64506e-11
1.08885e-10
9.48648e-11
1.01196e-10
1.05289e-10
1.07412e-10
1.03645e-10
1.05657e-10
1.03802e-10
9.76246e-11
1.08272e-10
1.08673e-10
9.86556e-11
1.03942e-10
1.05792e-10
1.19343e-10
9.54526e-11
9.83522e-11
9.50078e-11
9.73132e-11
9.64117e-11
1.04295e-10
9.48365e-11
9.4996e-11
9.13389e-11
9.35228e-11
1.06126e-10
1.08706e-10
1.10588e-10
9.5154e-11
9.67026e-11
9.82157e-11
9.78497e-11
9.57491e-11
9.64884e-11
9.47232e-11
1.04001e-10
1.08935e-10
1.04633e-10
1.07135e-10
1.0772e-10
1.09088e-10
1.04778e-10
9.70638e-11
9.42999e-11
1.0821e-10
9.57167e-11
9.58077e-11
9.71422e-11
9.87126e-11
9.73918e-11
9.20206e-11
7.72391e-11
1.05092e-10
9.30871e-11
7.80233e-11
1.82135e-10
2.49464e-05
9.63361e-11
9.92284e-11
1.09286e-10
0.0230001
9.99753e-11
1.25757e-10
9.63503e-11
9.13672e-11
9.77309e-11
9.33466e-11
1.04757e-10
9.47641e-11
1.0424e-10
9.13459e-11
9.49551e-11
9.20288e-11
9.21747e-11
1.05608e-10
6.10089e-06
1.07671e-10
1.19301e-10
8.62313e-11
1.15438e-10
0.124732
2.8317e-10
9.90255e-11
9.59945e-11
1.02512e-10
1.01651e-10
0.0699287
9.11963e-11
1.01854e-10
8.68201e-11
9.96296e-11
0.00549969
0.000236975
1.0314e-10
0.0025973
0.102664
0.00120766
9.25666e-11
1.06809e-10
9.56812e-11
1.03028e-10
0.000917326
8.97294e-11
9.73549e-11
9.7021e-11
1.69164e-10
7.75589e-11
1.05345e-10
1.02992e-10
9.83072e-11
9.84334e-11
1.01637e-10
1.07873e-10
0.0314153
0.034379
1.01404e-10
0.0390015
0.0566435
0.140792
1.26932e-10
9.98764e-11
0.0362881
0.0495876
9.90807e-11
0.0123175
9.85389e-11
0.681006
0.345009
0.0591765
9.96305e-11
1.01091e-10
0.0405257
0.0648717
0.0804293
0.0278635
0.129971
9.93719e-11
0.0259622
1.06604e-10
1.04909e-10
0.729051
0.0117568
0.0639418
0.0480934
9.73836e-11
0.925309
9.97962e-11
0.144196
1.00227e-10
0.000413011
0.715365
1.00759e-10
9.90879e-11
0.64273
0.0162641
0.0541215
0.266732
0.0343934
0.183454
0.541984
0.649144
0.00654342
0.0049758
6.60142e-05
0.00129676
0.628066
0.0476095
1.00874e-10
0.0329993
0.4803
0.182327
0.299519
0.451992
0.0872249
0.130523
0.000395724
0.103736
0.00038987
0.00729721
1e-10
1.04337e-10
1.45392e-10
9.86504e-11
9.93267e-11
8.58312e-11
0.000190189
8.40078e-11
9.92007e-11
9.87275e-11
8.16015e-11
9.45871e-11
9.24524e-11
9.07678e-11
9.65125e-11
9.29224e-11
0.0109838
9.76383e-11
1.05109e-10
9.82474e-11
0.000349845
1.15025e-10
8.9671e-11
8.67859e-11
1.11007e-10
0.00210422
9.94566e-11
0.218098
0.00329975
0.00626011
1.09118e-10
1.00915e-10
0.0593862
0.174274
1.08799e-10
0.15223
0.644124
0.182165
1.03185e-10
0.0137728
1.10056e-10
0.123401
0.0389085
0.192326
0.147267
0.0779017
9.99102e-11
8.8369e-11
0.0133563
0.0513681
1.18102e-10
8.69579e-11
9.97445e-11
0.00275273
0.0445034
0.123642
0.00113201
0.00242646
0.025
0.00369385
0.5569
0.0390202
8.53641e-05
0.145561
7.9335e-11
0.288335
1.03902e-10
0.694457
1.05014e-10
9.84757e-11
9.33394e-11
1.02607e-10
8.9662e-05
0.0210201
1.11684e-10
0.000983536
1.05658e-10
1.13302e-10
0.0110432
1.07701e-10
8.60973e-11
9.91313e-11
1.01021e-10
0.172027
0.534246
0.423411
9.63741e-11
9.4398e-11
1.00758e-10
9.02324e-11
0.261296
9.51593e-11
1.10277e-10
1.09473e-10
9.20146e-11
9.23734e-11
1.02637e-10
1.0434e-10
0.46688
0.316826
1.0399e-10
1.04245e-10
0.00152488
9.95885e-11
0.00616202
0.27866
9.61774e-11
0.192596
1e-10
1.00227e-10
9.99922e-11
9.96066e-11
9.87568e-11
1.02294e-10
1.12958e-10
1.1128e-10
1.11901e-10
0.00122581
9.49101e-06
9.83116e-11
1.31569e-10
9.19895e-11
9.37843e-11
9.75553e-11
9.8368e-11
0.207995
5.00547e-05
9.15932e-11
9.73937e-11
1.00351e-10
0.00115221
1.06608e-10
9.1582e-11
1.10583e-10
9.90918e-11
0.0807787
9.50607e-11
2.12666e-10
9.95885e-11
1.05074e-10
9.79768e-11
9.94362e-11
9.79665e-11
9.84273e-11
0.00378819
0.0873452
1.00438e-10
9.84163e-11
1.04012e-10
9.54127e-11
0.101983
0.0460499
0.151877
0.315469
9.70173e-11
1.06102e-10
0.081352
0.262413
0.271033
0.123141
9.94568e-11
9.80109e-11
1.03324e-10
9.69686e-11
1.02866e-10
9.97699e-11
9.14678e-11
1.06992e-10
1.00186e-10
1.01264e-10
9.84883e-11
1.16973e-10
9.69562e-11
1.07042e-10
0.704325
0.259473
0.989772
0.0887287
0.504768
0.212396
0.795058
0.00445941
0.0168385
1.00997e-10
1.05608e-10
1.01406e-10
0.105203
0.0191881
0.988565
0.895151
0.3
0.70523
0.985161
1.00087e-10
0.213311
0.925149
0.237468
0.578137
0.3181
0.0284613
0.155125
0.0742015
9.97979e-11
1.03547e-10
0.0726015
0.0212262
0.590871
9.81443e-11
1e-10
0.0146099
1.0041e-10
0.0273426
1.04395e-10
1.05177e-10
1.01544e-10
1e-10
1.00001e-10
0.00173632
1.01196e-10
0.00380202
1.04565e-10
1.02823e-10
0.0233249
1.00064e-10
0.0211642
1.02606e-10
9.40947e-11
9.81009e-11
0.000301891
1e-10
1.00228e-10
9.79864e-11
0.00035683
1.02712e-10
0.00720767
0.0011581
1.00095e-10
1.02885e-10
0.00416132
1.02103e-10
1.04605e-10
0.00242038
0.00439177
1.004e-10
1.00242e-10
0.023599
1.0196e-10
5.10147e-05
1.14179e-10
9.54263e-11
9.82473e-11
0.0343984
9.8201e-11
1.01765e-10
1.0369e-10
1.01668e-10
9.53655e-11
1.01366e-10
9.60423e-11
0.000115254
0.00526335
0.00321051
0.00388126
0.00899754
1e-10
0.0194101
1.02927e-10
9.907e-11
1.02323e-10
1.00059e-10
9.99367e-11
0.010615
0.00316186
0.000218537
0.0026135
1e-10
1e-10
0.00121589
1.00239e-10
9.99754e-11
0.00106426
0.336738
1e-10
1e-10
1e-10
1.00859e-10
9.81625e-11
9.97791e-11
0.000448277
1e-10
0.0516558
9.95322e-11
0.00862996
0.110488
1e-10
9.95235e-11
1.00879e-10
9.78463e-11
9.82099e-11
0.000104328
9.90624e-11
0.000167052
1.00692e-10
0.0172391
0.00129779
9.99432e-11
0.0186132
0.109415
0.037432
0.103733
1.01022e-10
1e-10
9.94633e-11
9.87811e-11
1.03539e-10
0.00373402
1e-10
9.88179e-11
9.85877e-11
9.58025e-11
9.97625e-11
9.96148e-11
9.97769e-11
1e-10
0.250809
0.0987253
1.0097e-10
1.01379e-10
1.02122e-10
9.65715e-11
1.01095e-10
1.003e-10
9.8145e-11
9.69133e-11
9.71382e-11
1.00256e-10
1.0074e-10
9.79253e-11
1.0188e-10
9.99578e-11
1.00581e-10
9.64736e-11
9.79624e-11
9.6558e-11
1.54495e-10
9.78153e-11
9.9018e-11
9.77224e-11
9.97465e-11
1.00114e-10
9.67524e-11
9.72973e-11
1.00949e-10
9.84571e-11
9.83451e-11
1.00341e-10
1.01117e-10
9.65448e-11
0.327724
1.06383e-10
0.138317
0.175111
0.330152
0.0387901
0.510591
0.312897
9.98767e-11
1.0656e-10
0.271932
1.01655e-10
1.09345e-10
1.01001e-10
0.0906779
1.00041e-10
9.44002e-11
1.03639e-10
9.79496e-11
1.0883e-10
1.04729e-10
1.04059e-10
1.02662e-10
9.43834e-11
1.07488e-10
1.07396e-10
9.89764e-11
9.72463e-11
9.95393e-11
1.14983e-10
9.77659e-11
1.01245e-10
1e-10
9.87176e-11
9.98812e-11
9.75612e-11
1.08673e-10
9.88106e-11
9.45359e-11
1.02178e-10
9.62805e-11
1.02028e-10
1.14545e-10
1.02195e-10
9.5026e-11
1.11016e-10
9.84668e-11
9.5794e-11
0.000293878
9.8615e-11
9.86882e-11
0.00030901
9.97295e-11
0.000984145
9.79751e-11
1.01919e-10
1.01707e-10
9.85327e-11
1.06075e-10
1.02993e-10
9.67062e-11
9.63934e-11
0.182028
9.84135e-11
0.0474058
9.98467e-11
9.99469e-11
9.90532e-11
1.00086e-10
9.94239e-11
1.00438e-10
9.99917e-11
0.0275763
1.04538e-10
1.00226e-10
1.16492e-10
1.02123e-10
1.01792e-10
8.95668e-11
9.66303e-11
9.67596e-05
9.78251e-11
0.00235457
9.93767e-11
9.83297e-11
9.92853e-11
1.04522e-10
9.77386e-11
1.02323e-10
1.08954e-10
1.0066e-10
1.01195e-10
0.16484
0.00535923
9.81113e-11
9.90946e-11
1.01349e-10
9.71077e-11
0.012173
9.9691e-11
1.03146e-10
9.93389e-11
9.86601e-11
1e-10
9.61915e-11
9.89787e-11
9.7313e-11
9.92937e-11
1.0371e-10
0.000601621
9.68823e-11
9.86121e-11
1.0264e-10
0.000511367
1.03185e-10
1.00601e-10
1.02211e-10
1.01175e-10
9.89597e-11
9.99976e-11
1.03955e-10
1.01351e-10
0.199085
9.95118e-11
0.042765
9.87653e-11
0.205043
1.07652e-10
0.210774
0.0918118
1.07908e-10
1.02992e-10
9.93752e-11
1.00508e-10
0.212918
9.94164e-11
1.05764e-10
9.84573e-11
1.00999e-10
0.168993
9.77435e-11
1.00357e-10
9.50293e-11
1.01866e-10
0.303993
0.135646
9.80021e-11
9.85264e-11
9.92274e-11
1.0002e-10
9.78699e-11
1.01317e-10
9.90541e-11
6.82291e-05
1.02366e-10
1.0124e-10
9.86702e-11
1.29107e-10
1.00401e-10
1.01959e-10
0.00322122
9.74564e-11
9.83702e-11
9.90274e-11
0.0027336
9.99487e-11
9.99476e-11
1.01134e-10
9.65131e-11
9.82731e-11
1.00435e-10
1.02817e-10
9.57308e-11
9.97534e-11
0.000456875
1.01653e-10
1.07444e-10
9.88012e-11
1.0164e-10
1.00865e-10
9.67663e-11
1.03101e-10
9.96524e-11
1.052e-10
1.04511e-10
9.62684e-11
1.00123e-10
9.86437e-11
9.64565e-11
1.00427e-10
9.9305e-11
1.15199e-05
1.00901e-10
1.07027e-10
1.01702e-10
1.00853e-10
1.03103e-10
9.97486e-11
1.00883e-10
1.09797e-10
9.7552e-11
1.02869e-10
9.75016e-11
1.07142e-10
1.03742e-10
1.023e-10
1.02385e-10
1.06214e-10
9.98253e-11
1.01965e-10
9.94546e-11
9.67805e-11
1.0005e-10
1.03919e-10
9.86057e-11
9.95543e-11
1.00246e-10
9.9082e-11
9.87716e-11
1.07014e-10
1.02947e-10
9.95559e-11
1.07309e-10
1.01435e-10
9.83566e-11
9.8678e-11
1.03215e-10
1.03224e-10
9.8533e-11
1.0437e-10
1.33721e-10
1.06395e-10
1.01824e-10
9.69514e-11
9.98629e-11
1.00979e-10
9.53445e-11
9.97073e-11
0.000177833
1.00235e-10
9.97457e-11
0.0529884
0.00716202
9.73562e-11
0.283383
0.130331
0.0834577
9.86757e-11
0.00196167
9.96606e-11
0.00718591
0.0133593
0.00277845
9.6884e-11
0.0413975
9.77248e-11
0.0475846
9.73069e-11
0.0536115
0.0520648
1.12793e-10
0.000595344
9.46695e-11
9.89731e-11
1.07276e-10
1.00385e-10
1.00012e-10
1.12576e-10
9.58392e-11
1.073e-10
1.00178e-10
1.02533e-10
1.00938e-10
1.00996e-10
1.01429e-10
9.86177e-11
1.01544e-10
9.98997e-11
1.03499e-10
1.06175e-10
9.69123e-11
9.7403e-11
9.77309e-11
1.03474e-10
9.93745e-11
1.07949e-10
1.06065e-10
1.05674e-10
1.05975e-10
1.04529e-10
9.80299e-11
9.97794e-11
9.50658e-11
0.00343681
1.04607e-10
1.01571e-10
9.49333e-11
1.0585e-10
1.01407e-10
1.049e-10
1.0405e-10
1.06252e-10
1.01179e-10
1.01696e-10
8.60427e-11
1.05005e-10
9.82596e-11
1.00063e-10
9.90535e-11
1.00387e-10
1.02278e-10
9.93812e-11
1.00624e-10
9.96367e-11
9.69145e-11
1.04351e-10
1.01839e-10
9.95859e-11
9.85503e-11
1.00337e-10
1.05629e-10
9.9243e-11
1.00832e-10
9.82106e-11
1.05936e-10
1.0006e-10
1.00392e-10
1.04898e-10
1.00094e-10
9.92621e-11
1.00007e-10
9.85723e-11
9.79621e-11
9.97494e-11
9.86381e-11
1e-10
1.0029e-10
1.00109e-10
9.87315e-11
9.83415e-11
1.03059e-10
1.10379e-10
9.87972e-11
9.81037e-11
9.75607e-11
1.08181e-10
9.84923e-11
9.90697e-11
1.01261e-10
1.02288e-10
9.83754e-11
9.63873e-11
9.92682e-11
9.90569e-11
1.01014e-10
9.96603e-11
1.03766e-10
1.03344e-10
1.11764e-10
0.347328
1.00894e-10
1.00552e-10
9.93565e-11
1.01153e-10
1.00094e-10
9.79386e-11
1.01031e-10
9.65174e-11
9.96851e-11
1.00586e-10
9.96405e-11
9.92613e-11
9.78805e-11
9.9989e-11
9.97649e-11
1.0035e-10
9.96562e-11
1.0036e-10
1.00175e-10
9.56684e-11
9.98731e-11
1.0066e-10
2.15334e-06
9.95531e-11
1.01096e-10
1.00019e-10
1.00556e-10
9.99676e-11
9.81468e-11
9.96729e-11
9.97676e-11
9.97508e-11
1.01178e-10
0.00137536
9.93215e-11
9.3461e-11
1.0714e-10
1.39466e-10
9.98115e-11
9.65843e-11
1.37213e-10
1e-10
0.0736807
1.00032e-10
9.97798e-11
0.00140248
9.95136e-11
9.99738e-11
9.96237e-11
1.00106e-10
1.01235e-10
9.93448e-11
1.00116e-10
1.00244e-10
1.02147e-10
1.01928e-10
9.99717e-11
9.97038e-11
1.00105e-10
9.99238e-11
1.00343e-10
9.97911e-11
9.88624e-11
9.95284e-11
1.02241e-10
9.93836e-11
1.00791e-10
9.99362e-11
9.98778e-11
1.00574e-10
1.00106e-10
9.99007e-11
0.000180944
9.99604e-11
9.65809e-11
1.022e-10
1.00283e-10
1.00003e-10
1.00084e-10
1.05099e-10
1.00044e-10
9.78603e-11
1.00521e-10
9.81828e-11
9.93314e-11
1.29735e-10
9.93589e-11
9.93653e-11
9.99074e-11
1.00985e-10
9.98429e-11
9.98415e-11
9.97778e-11
9.98129e-11
9.86762e-11
1.02774e-10
9.95913e-11
9.7694e-11
9.80827e-11
1.00008e-10
9.97667e-11
9.94936e-11
1.02502e-10
1.0315e-10
1.01512e-10
1.06439e-10
9.89482e-11
0.00881313
1.02319e-10
1.00015e-10
9.97467e-11
1.0318e-10
1.00552e-10
9.94075e-11
9.89674e-11
1.00657e-10
1.00235e-10
9.77273e-11
9.99571e-11
9.942e-11
9.94791e-11
0.000413568
1.0131e-10
9.78377e-11
1.01123e-10
1.00045e-10
9.97343e-11
9.99649e-11
1.00933e-10
9.9712e-11
9.98843e-11
9.97922e-11
1.02365e-10
9.9815e-11
1.00147e-10
9.98638e-11
9.7882e-11
9.97236e-11
9.98505e-11
1.00242e-10
9.91597e-11
1.00414e-10
9.84605e-11
1.00037e-10
1.00112e-10
9.95556e-11
9.95724e-11
1.00172e-10
9.63808e-11
9.97316e-11
9.95958e-11
0.000306737
9.98797e-11
9.98508e-11
9.88189e-11
1.00014e-10
9.99756e-11
9.9444e-11
1.00175e-10
9.9329e-11
1e-10
1.18294e-10
9.99135e-11
9.99121e-11
1.20616e-10
1.00078e-10
1.00112e-10
9.97093e-11
9.96523e-11
9.9143e-11
9.97856e-11
9.95455e-11
1.00099e-10
9.84346e-11
1.00501e-10
9.96617e-11
9.97345e-11
9.99635e-11
1.00182e-10
1e-10
9.98812e-11
9.7337e-11
1.09919e-10
1.00038e-10
9.98916e-11
1.00768e-10
1.01709e-10
9.98563e-11
1.10209e-10
1.00019e-10
1.00254e-10
9.97604e-11
1.00072e-10
9.98365e-11
9.99855e-11
1.00006e-10
1.01059e-10
1.00165e-10
1.00427e-10
1.00068e-10
1.0001e-10
9.98157e-11
1.00124e-10
9.88375e-11
9.99062e-11
1.00039e-10
1.12047e-10
1.0086e-10
1.00802e-10
1.00279e-10
1.00252e-10
1.00255e-10
1.00062e-10
9.98367e-11
1.06433e-10
1.01201e-10
1.00036e-10
1.02351e-10
9.84545e-11
9.95798e-11
9.97548e-11
9.94275e-11
9.95653e-11
1.00162e-10
9.95273e-11
1.00006e-10
9.74869e-11
1.00001e-10
1.00896e-10
1.01533e-10
9.97658e-11
9.77483e-11
9.94513e-11
1.00086e-10
1.00154e-10
1.0034e-10
1.00442e-10
1.00352e-10
9.98129e-11
1.00114e-10
1.00199e-10
1.01533e-10
1.00048e-10
1.08512e-10
1.00223e-10
9.99043e-11
1.00368e-10
1.00171e-10
1.00644e-10
1.03741e-10
9.98952e-11
1.14465e-10
1.0834e-10
1.08478e-10
1.00082e-10
1.03384e-10
9.99937e-11
1.00229e-10
9.99278e-11
1.0017e-10
9.97862e-11
1.00131e-10
9.95514e-11
9.76309e-11
9.93111e-11
9.91177e-11
1e-10
9.93094e-11
9.77744e-11
1.00232e-10
1.0022e-10
9.98758e-11
9.92118e-11
1.00029e-10
1.15986e-10
9.91807e-11
1e-10
1.03982e-10
1.00032e-10
9.79745e-11
1.04193e-10
1.0003e-10
1.00082e-10
1.00229e-10
9.93386e-11
1e-10
9.98184e-11
1e-10
9.98171e-11
9.99159e-11
1e-10
9.9562e-11
1.01719e-10
9.98566e-11
1.00875e-10
1.01818e-10
1.07245e-10
9.99043e-11
9.95055e-11
1.00106e-10
1.00161e-10
9.95264e-11
9.99696e-11
9.98901e-11
1.00251e-10
9.95447e-11
1.10192e-10
9.96073e-11
9.99336e-11
1.00548e-10
9.74105e-11
1.01322e-10
1.00215e-10
1.00256e-10
1.00023e-10
9.96443e-11
1.00943e-10
9.99826e-11
9.98049e-11
1.00007e-10
9.98709e-11
1.00246e-10
1.00534e-10
1.00084e-10
9.98595e-11
1.00466e-10
1.00013e-10
1.00532e-10
1.00006e-10
1e-10
9.99145e-11
1.01679e-10
1.0041e-10
9.96617e-11
1.00989e-10
9.98462e-11
9.99479e-11
1.00016e-10
9.98318e-11
9.92642e-11
1.00891e-10
9.50674e-11
1.00327e-10
1.00773e-10
1.01999e-10
9.97066e-11
9.99227e-11
1.01354e-10
1e-10
1.00234e-10
1.01962e-10
9.67347e-11
1e-10
1.02372e-10
1.00099e-10
1.0012e-10
1e-10
1e-10
1.00035e-10
9.99799e-11
9.94953e-11
1.00964e-10
9.96451e-11
9.97683e-11
9.99146e-11
1.0016e-10
9.94696e-11
9.9813e-11
1.05186e-10
1.09052e-10
1.00632e-10
1e-10
9.99856e-11
9.97998e-11
9.96403e-11
9.96754e-11
1.11955e-10
9.97527e-11
1.00746e-10
9.99763e-11
1.13661e-10
9.91595e-11
9.96006e-11
9.99476e-11
9.99956e-11
9.86348e-11
9.94999e-11
9.96127e-11
1.00512e-10
9.99991e-11
9.95694e-11
9.9528e-11
1.00696e-10
1.00605e-10
1.00106e-10
1.00279e-10
9.96311e-11
9.99936e-11
1.00313e-10
1.00072e-10
9.78258e-11
1.06428e-10
1.0405e-10
1.00738e-10
9.99005e-11
9.81033e-11
1e-10
1.00219e-10
1.00221e-10
1.00132e-10
1.04439e-10
9.72968e-11
9.98307e-11
9.99998e-11
9.94873e-11
9.93521e-11
9.96444e-11
1.00162e-10
9.80109e-11
1.00166e-10
9.99198e-11
1.00108e-10
1.00155e-10
1.02224e-10
1.00161e-10
9.95629e-11
9.94792e-11
1.00631e-10
1.03247e-10
1.04652e-10
1.01306e-10
9.98464e-11
1.00375e-10
1.01231e-10
1.00087e-10
9.99772e-11
1.00069e-10
9.90466e-11
9.28341e-11
1.01561e-10
1.0132e-10
9.71973e-11
9.91172e-11
1.07577e-10
9.51818e-11
1.00705e-10
9.24696e-11
0.000157795
1.13752e-10
1.04799e-10
0.000559385
1.02635e-10
9.98581e-11
9.50186e-11
9.63692e-11
9.78762e-11
9.3584e-11
9.59708e-11
9.66185e-11
9.99362e-11
9.76289e-11
9.77945e-11
1.0235e-10
9.65992e-11
9.03983e-11
9.77172e-11
1.02189e-10
9.99167e-11
1.09534e-10
9.49518e-11
9.97442e-11
1.04219e-10
0.214369
1.03624e-10
1.01138e-10
9.88315e-11
1.01286e-10
9.59671e-11
9.9734e-11
9.83688e-11
1.02861e-10
1.00415e-10
9.7461e-11
9.91949e-11
9.33695e-11
9.50317e-11
1.01229e-10
9.67732e-11
0.000438858
0.0994413
0.11003
9.66783e-11
0.00026514
1.00225e-10
9.99182e-11
1.01728e-10
9.88787e-11
1.0669e-10
1.00027e-10
1.00104e-10
9.95871e-11
1.00153e-10
9.96246e-11
9.9017e-11
0.00255434
9.78393e-11
1.00741e-10
9.84169e-11
1.00204e-10
9.97962e-11
1.00121e-10
9.8007e-11
9.8648e-11
1.00155e-10
9.95895e-11
1.26335e-10
1.00015e-10
9.96102e-11
9.8921e-11
1.00415e-10
1.00752e-10
1.00306e-10
1.00038e-10
1.00445e-10
9.97239e-11
1.00663e-10
9.92185e-11
9.8846e-11
1.01319e-10
9.80097e-11
1.00172e-10
1.13005e-10
9.80619e-11
9.90445e-11
1.00217e-10
9.71432e-11
1.00337e-10
1.00127e-10
1.02556e-10
9.91365e-11
9.96974e-11
1.00301e-10
9.95846e-11
1.00062e-10
9.9661e-11
1.0073e-10
0.085446
1.00958e-10
9.9831e-11
9.79357e-11
1.14805e-10
9.8037e-11
1.0393e-10
9.91088e-11
9.98777e-11
9.85095e-11
9.998e-11
9.9788e-11
9.89542e-11
1.05482e-10
9.99993e-11
9.97506e-11
9.97898e-11
9.8047e-11
0.0939854
1.02366e-10
0.13805
0.0156322
0.155265
0.0800134
0.160755
1.00041e-10
0.244274
0.173986
9.92969e-11
1.04118e-10
1.01718e-10
9.49539e-11
0.0413028
1.02135e-10
0.0878749
9.81548e-11
1.02786e-10
1.06507e-10
1.00626e-10
9.88189e-11
1.00137e-10
1.01121e-10
0.00543186
0.0825751
0.124209
1.18365e-10
0.175903
0.268272
9.88067e-11
0.0237028
0.0992961
0.0610512
9.99274e-11
9.9826e-11
0.081154
0.0903885
9.98362e-11
9.98835e-11
9.84869e-11
1.00733e-10
9.9626e-11
9.70508e-11
1.01856e-10
9.89916e-11
9.76177e-11
0.0903011
0.0867251
0.0512308
1.01948e-10
1.00376e-10
1.00781e-10
1.0034e-10
0.0863574
9.90543e-11
9.85525e-11
9.93567e-11
1.02006e-10
1.01481e-10
1.02047e-10
1.53431e-10
9.91658e-11
0.029004
0.0132556
0.16021
9.99859e-11
9.75712e-11
0.000139465
9.62384e-11
1.01456e-10
0.0979059
0.0945714
0.0687517
1.02565e-10
0.0474214
0.258387
0.129634
9.87683e-11
9.83839e-11
0.0973586
0.192264
0.17392
0.525272
1.02482e-10
1.04494e-10
9.82361e-11
1.01212e-10
0.0962765
1.00044e-10
0.0460505
0.0253366
0.0571371
1.03119e-10
9.62478e-11
1.04542e-10
0.0512188
1.02679e-10
0.0724831
0.091108
9.78472e-11
1.04727e-10
9.88175e-11
1.04436e-10
1.01373e-10
1.02432e-10
9.78742e-11
9.92776e-11
1.04793e-10
1.01303e-10
1.20363e-10
1.0883e-10
9.6242e-11
9.37679e-11
9.57928e-11
1.023e-10
1.53449e-10
9.68463e-11
1.00522e-10
1.01551e-10
1.02968e-10
1.02187e-10
1.12455e-10
9.43307e-11
9.96895e-11
9.96561e-11
9.83388e-11
1.0014e-10
1.08968e-10
1.06504e-10
1.01662e-10
9.58338e-11
1.11237e-10
9.81341e-11
9.46684e-11
9.90145e-11
1.0414e-10
1.01495e-10
1.12986e-10
1.0819e-10
0.000870249
1.04462e-10
9.6861e-11
0.000575723
1.03152e-10
1.18595e-10
0.0847485
9.66784e-11
0.160475
1.02746e-10
9.33487e-11
0.101669
9.99003e-11
1.1847e-10
0.292739
0.287622
0.291265
0.113468
9.95934e-11
9.69541e-11
0.121918
0.016077
0.00120709
0.0828126
1.06034e-10
9.79565e-11
1.07579e-10
1.0001e-10
4.27581e-05
9.99134e-11
1.05306e-10
1.07095e-10
0.00232838
1.25131e-10
9.83714e-11
2.16975e-10
9.82786e-11
9.55705e-11
0.00536453
9.86726e-11
1.01855e-10
1.12495e-10
9.74623e-11
9.97687e-11
0.0959549
0.00688948
0.11547
1.25952e-10
1.12792e-10
1.00058e-10
1.06935e-10
0.139631
1.17621e-10
1.01662e-10
9.50742e-11
1.01654e-10
1.03328e-10
1.01181e-10
1.16325e-10
0.0913176
1.02087e-10
0.0591766
0.147145
0.0398233
0.00818059
0.0769793
1.14756e-10
0.0573409
9.92412e-11
9.97398e-11
9.62042e-11
0.112148
9.98381e-11
9.99989e-11
1.00454e-10
1.0237e-10
1.07982e-10
1.03981e-10
9.65183e-11
1.30481e-10
9.97732e-11
9.55986e-11
9.93556e-11
9.96897e-11
9.70855e-11
1.01845e-10
9.97084e-11
9.89096e-11
0.211463
1.0789e-10
1.02642e-10
1.06618e-10
9.47569e-11
0.00158766
0.00207934
0.0968325
0.232354
0.241178
1.00741e-10
9.99361e-11
9.866e-11
1.00421e-10
9.99826e-11
9.98577e-11
1.00145e-10
9.98879e-11
1.00007e-10
1.01268e-10
1.00283e-10
9.95683e-11
9.99086e-11
9.98323e-11
1.05038e-10
0.000675355
1.00024e-10
9.94261e-11
1.00036e-10
9.92959e-11
1.00163e-10
1.00382e-10
9.89773e-11
9.96875e-11
1.00015e-10
1.00183e-10
1.03256e-10
1.00192e-10
9.97738e-11
1.00023e-10
9.78872e-11
9.93895e-11
0.000842478
0.000100912
9.73046e-11
9.99661e-11
9.94731e-11
9.86001e-11
0.848965
0.130557
0.244484
0.602125
0.370077
9.92595e-11
