1.01069e-10
1.12082e-10
8.94806e-11
6.84796e-05
9.41301e-11
1.00708e-10
1.11266e-10
1.02919e-10
9.90454e-11
1.03791e-10
9.96221e-11
1.06278e-10
1.09358e-10
9.99776e-11
9.93344e-11
9.90107e-11
1.14301e-10
9.89863e-11
1e-10
8.96763e-11
9.93121e-11
1.00526e-10
0.0807565
1.05576e-10
1.45333e-10
9.7213e-11
9.88878e-11
9.7098e-11
0.0626384
1.00768e-10
1.01345e-10
9.8891e-11
2.72663e-05
1.02308e-10
1.12903e-10
9.7565e-11
1.01905e-10
1.04109e-10
0.0999075
0.794123
0.318022
9.74593e-11
1.02945e-10
1.03503e-10
1.10796e-10
0.00794117
9.46582e-11
1.75034e-10
9.50999e-11
5.99308e-05
1.02641e-10
9.53304e-11
9.61203e-11
9.97409e-11
9.65437e-11
1.03404e-10
1.00411e-10
1.03482e-10
1.22342e-10
1.00924e-10
1.01027e-10
9.86966e-11
9.97559e-11
9.74528e-11
9.66595e-11
9.64236e-11
0.0666153
1.85304e-10
1.05976e-10
9.90677e-11
0.0879588
0.267152
9.34368e-11
0.983565
1.00165e-10
0.000630109
0.0053409
0.00318625
0.000166878
1.04213e-10
0.260151
1.01585e-10
1.06689e-10
9.22043e-11
9.88798e-11
9.43302e-11
9.70407e-11
0.0535827
0.132059
9.83725e-11
9.31592e-11
0.0768193
9.99893e-11
1.0078e-10
0.332491
9.50941e-11
1.05657e-10
1.00509e-10
0.068516
1.00358e-10
1.00769e-10
9.8424e-11
9.85163e-11
1.01874e-10
9.833e-11
1.13573e-10
1.0853e-10
9.21092e-11
2.63559e-10
0.000229815
9.67463e-11
9.68665e-11
1.01483e-10
9.68577e-11
1.01359e-10
1.072e-10
1.01196e-10
9.42998e-11
9.96728e-11
9.58681e-11
0.0377254
0.188136
9.81464e-11
0.213537
1.00485e-10
0.00223767
0.110167
1.01029e-10
8.93015e-11
1.03076e-10
9.66524e-11
9.94925e-11
0.0143417
0.989211
9.96927e-11
1.01344e-10
1.0073e-10
0.571248
9.45822e-11
0.000155603
9.98077e-11
1.01183e-10
0.00141042
9.7396e-11
9.96933e-11
1.33011e-10
0.0522997
9.76178e-11
1.0103e-10
1.06449e-10
1.14059e-10
0.201126
1.02383e-10
1.01275e-10
1.00347e-10
1.05962e-10
9.8394e-11
0.269769
1.00062e-10
1.00846e-10
9.7779e-11
0.0127922
1e-10
9.60046e-11
9.69507e-11
1.01797e-10
0.0201432
1.04948e-10
4.5706e-05
0.281203
1.2381e-10
9.92784e-11
1.00162e-10
0.0914367
0.234591
9.56047e-11
1.0753e-10
1.00682e-10
9.97289e-11
9.94817e-11
1.01305e-10
0.259249
0.238779
0.426532
1.04285e-10
1.0506e-10
9.48603e-11
1.02814e-10
1.04781e-10
1.56043e-10
0.0184202
0.00380759
1.01809e-10
9.83809e-11
1.00798e-10
9.9105e-11
1.03361e-10
9.87608e-11
0.000400234
9.78965e-11
1.03606e-10
1.03422e-10
9.46555e-11
9.85482e-11
1.05925e-10
1e-10
1.64065e-10
8.83849e-11
1.01365e-10
9.67029e-11
1.04363e-10
9.97884e-11
1.01615e-10
9.96595e-11
9.65316e-11
9.4992e-11
8.82129e-11
9.87126e-11
9.94683e-11
1.06245e-10
9.7095e-11
6.92332e-11
9.63356e-11
9.76627e-11
0.00011201
0.540532
0.514724
2.30038e-05
1.0351e-10
9.43665e-11
1e-10
0.00013064
0.0903869
0.0920119
0.189224
0.118426
9.78592e-11
1.02077e-10
1.02583e-10
0.39329
0.220453
0.0205658
1.0502e-10
1.03402e-10
1.26027e-10
0.11131
1.01247e-10
9.50134e-11
1.12557e-10
1.02528e-10
9.59826e-11
8.74139e-05
1.00777e-10
9.5664e-11
1.06116e-10
1.01898e-10
8.46399e-11
1.03237e-10
1.14024e-10
2.14266e-10
9.47209e-11
9.71372e-11
1.02198e-10
1.00595e-10
1.0167e-10
9.75768e-11
9.46513e-11
0.0519347
9.56698e-11
0.200605
1.01571e-10
1.0111e-10
1.03592e-10
0.0812636
8.05076e-05
9.97273e-11
2.83304e-05
1.07408e-10
3.803e-05
9.82758e-11
0.633234
1.23674e-10
9.73329e-11
9.82134e-11
0.984035
1.57613e-10
0.152401
7.67641e-11
1.0033e-10
0.0376119
1.02182e-10
1.04834e-10
9.97587e-11
0.145255
1.09327e-10
9.57898e-11
8.98112e-11
9.77688e-11
0.00049139
1.01535e-10
0.0965603
0.000606048
9.79073e-11
9.79387e-11
0.519901
1.00768e-10
9.76986e-11
0.0981328
0.00277862
9.7768e-11
9.54808e-11
0.082394
0.582586
0.0913178
9.96451e-11
0.00289069
9.85902e-11
1.09115e-10
0.215033
0.235524
0.929666
0.0740402
0.0404762
1.01678e-10
1.021e-10
0.0499439
9.61562e-11
9.60518e-11
0.0965289
1.00068e-10
0.0938614
1.10691e-10
1.01671e-10
9.93237e-11
1.01839e-10
0.168984
0.0799619
0.0588952
0.00044313
0.474388
1.00268e-10
9.94496e-11
1.02755e-10
1.09062e-10
1.00067e-10
0.0567265
0.00161455
1.00638e-10
9.54093e-11
0.0345623
0.716748
9.85851e-11
9.85544e-11
0.0409498
9.89584e-11
0.0964947
9.51357e-11
1.13072e-10
9.58396e-11
9.5202e-11
1.11047e-10
1.01481e-10
0.00335506
1.02661e-10
1.00693e-10
0.631306
1.01434e-10
9.68939e-11
9.7973e-11
0.817469
9.99591e-11
9.6664e-11
1.01475e-10
0.0744101
9.89334e-11
1.06135e-10
0.114681
1.02943e-10
1.00109e-10
1.04128e-10
1.00697e-10
0.0313286
0.179023
9.71907e-11
0.000606616
0.0952322
1.64256e-10
0.174541
0.096404
9.69601e-11
0.0919324
9.87582e-11
0.431736
0.00464353
9.86463e-11
1.16061e-10
9.80325e-11
0.018001
9.90146e-11
9.688e-11
1.04004e-10
9.93537e-11
1.03179e-10
9.60638e-11
1.0568e-10
9.82855e-11
9.3668e-11
9.74964e-11
1.0262e-10
1.1443e-10
1.03298e-10
9.57423e-11
9.3692e-11
1.00076e-10
9.79494e-11
1.01038e-10
1.07694e-10
9.76418e-11
9.931e-11
9.99862e-11
1.03445e-10
9.42414e-11
1.01626e-10
9.83734e-11
9.92977e-11
1.00049e-10
9.97134e-11
9.44611e-11
9.43205e-11
9.71939e-11
9.83076e-11
9.98501e-11
9.15974e-11
1.02441e-10
1.03969e-10
9.0408e-11
9.68641e-11
8.93223e-11
9.61428e-11
1.01761e-10
1.15143e-10
1.11856e-10
1.05025e-10
9.93033e-11
9.40479e-11
1.07057e-10
9.95811e-11
9.83212e-11
1.03183e-10
9.74125e-11
1.01056e-10
9.91803e-11
1.03198e-10
9.94677e-11
9.79203e-11
1.08884e-10
9.6354e-11
1.118e-10
1.00301e-10
9.59441e-11
9.89524e-11
1.03835e-10
1.08039e-10
1.04414e-10
9.80288e-11
8.86711e-11
9.48592e-11
9.56566e-11
9.37821e-11
9.68296e-11
9.11928e-11
9.75948e-11
9.45001e-11
0.050691
9.58732e-11
1.07265e-10
8.97678e-11
1.02923e-10
8.93752e-11
1.14158e-10
9.06672e-11
1.02451e-10
9.73263e-11
9.66381e-11
1.00372e-10
9.32633e-11
9.69253e-11
1.06854e-10
9.88503e-11
1.43984e-10
1.04305e-10
9.9649e-11
1.00034e-10
1.0224e-10
1.02258e-10
1.00404e-10
1.00586e-10
9.95876e-11
9.93274e-11
9.93183e-11
9.87779e-11
0.000214961
9.84122e-11
9.58054e-11
9.41822e-11
9.27817e-11
9.73673e-11
9.16632e-11
9.46507e-11
9.65539e-11
9.60406e-11
1.05404e-10
9.03781e-11
9.1364e-11
1.07501e-10
1.03345e-10
9.0549e-11
9.3755e-11
9.72226e-11
9.20483e-11
9.18535e-11
9.32655e-11
9.57377e-11
1.01558e-10
9.76786e-11
9.69124e-11
1.01382e-10
9.25628e-11
8.79242e-11
9.34746e-11
9.20483e-11
9.54813e-11
9.37458e-11
9.05008e-11
9.03778e-11
1.06829e-10
9.62678e-11
9.74847e-11
9.23763e-11
9.28943e-11
9.05336e-11
9.39985e-11
1.01829e-10
9.30519e-11
1.00282e-10
9.80824e-11
1.02023e-10
9.19654e-11
1.02332e-10
1.02377e-10
9.08304e-11
9.71744e-11
9.22386e-11
9.89523e-11
1.03108e-10
9.84745e-11
9.21126e-11
9.27663e-11
9.84905e-11
1.1393e-10
9.58362e-11
1.04463e-10
9.7806e-11
9.77919e-11
9.88896e-11
6.51974e-11
9.71227e-11
9.63553e-11
9.21258e-11
9.28315e-11
1.05552e-10
9.3871e-11
1.03128e-10
9.92528e-11
9.99679e-11
9.88992e-11
1.06261e-10
9.75633e-11
1.01158e-10
1.03655e-10
9.32939e-11
9.77426e-11
9.72588e-11
9.52389e-11
9.98303e-11
1.06211e-10
8.12669e-05
9.99478e-11
9.99069e-11
1.13394e-10
9.66605e-11
9.98843e-11
9.9808e-11
9.98311e-11
0.169441
9.72081e-11
9.94819e-11
1.01427e-10
9.99539e-11
9.95212e-11
1.00073e-10
1e-10
9.31893e-11
1.00572e-10
9.93262e-11
9.44688e-11
9.97503e-11
9.99615e-11
9.87236e-11
9.9446e-11
1e-10
9.98648e-11
1e-10
9.82683e-11
1.00587e-10
1.11584e-10
1.02711e-10
1.01684e-10
4.36447e-05
9.54963e-11
9.95798e-11
1.00673e-10
9.61927e-11
1.53592e-10
9.66626e-11
1.01767e-10
1.03117e-10
1.0123e-10
9.47015e-11
9.95147e-11
9.98292e-11
1.00927e-10
1.00257e-10
1.3564e-10
9.96392e-11
2.83682e-06
9.46872e-11
9.47564e-11
6.93944e-11
9.91857e-11
1e-10
9.97798e-11
9.99866e-11
9.97001e-11
9.98579e-11
1.00377e-10
6.12966e-05
1e-10
1.29695e-05
9.89118e-11
1.11914e-10
1.00872e-10
9.99963e-11
9.81663e-11
0.000206001
9.90205e-11
9.74968e-11
9.54604e-11
9.68956e-11
9.82252e-11
9.89803e-11
9.87262e-11
1.07131e-10
1.0014e-10
1.09935e-10
0.000208879
9.4656e-11
9.98755e-11
1.0018e-10
9.50041e-11
9.97448e-11
9.90837e-11
1.03682e-10
1.00293e-10
9.94926e-11
9.93649e-11
9.95235e-11
1.01046e-10
9.94208e-11
1.00071e-10
9.47551e-11
1.00242e-10
1.00031e-10
9.89995e-11
9.96666e-11
9.96016e-11
1.01092e-10
1.09221e-10
9.9719e-11
9.88872e-11
1.02903e-10
1.00637e-10
1e-10
9.775e-11
9.69413e-11
9.99554e-11
1.00559e-10
1.0264e-10
9.55298e-11
9.56243e-11
9.78762e-11
9.8265e-11
9.8219e-11
9.71613e-11
9.84176e-11
9.45294e-11
9.82848e-11
9.97609e-11
9.96958e-11
1e-10
9.48113e-11
9.87173e-11
9.96319e-11
9.68675e-11
9.92533e-11
9.73987e-11
9.86247e-11
1.0514e-10
9.40848e-11
9.68342e-11
8.38457e-06
1.02016e-10
9.41062e-11
9.7429e-11
1.13296e-10
9.23213e-11
9.21438e-11
9.87196e-11
1.08446e-10
1.12247e-10
9.61181e-11
9.26191e-11
1.13234e-10
0.0192561
9.77178e-11
1.00659e-10
1.05317e-10
9.90677e-11
9.6802e-11
9.62242e-11
9.70278e-11
9.39515e-11
9.70391e-11
9.90349e-11
9.69439e-11
9.35297e-11
1.07214e-10
9.59607e-11
1.14407e-10
9.08158e-11
1.09207e-05
0.00556643
1.05801e-10
9.6361e-11
9.5688e-11
0.0496751
1.03509e-10
1.01479e-10
1.12415e-10
0.00245961
1.02362e-10
1.04947e-10
0.0557019
1.03528e-10
1.03094e-10
0.0626486
0.0771398
1.01409e-10
1.02635e-10
0.0222866
1.13624e-10
0.00365113
1.01863e-10
1.04441e-10
1.03945e-10
9.4639e-11
9.49092e-11
1.09292e-10
0.0108497
0.0460157
1.533e-05
0.00880947
9.99553e-11
9.57633e-11
0.0794996
1e-10
9.82786e-11
1e-10
9.95988e-11
1.02223e-10
1e-10
1.03341e-10
9.91132e-11
1e-10
1.02475e-10
1.00061e-10
9.58795e-11
1e-10
9.94954e-11
9.99057e-11
9.89975e-11
9.73238e-11
0.000686177
9.80127e-11
0.000358709
0.000149836
9.99414e-11
0.0140143
1.03413e-10
0.0140588
1.13268e-10
1.00677e-10
9.8558e-11
9.997e-11
9.82003e-11
1.00014e-10
9.67402e-11
1.00631e-10
0.000817953
1.17771e-10
1.07401e-10
9.99035e-11
1.01149e-10
1.02513e-10
0.00246605
1.00086e-10
9.99211e-11
9.14595e-11
9.82504e-11
9.83151e-11
9.47477e-11
1.07368e-10
9.70203e-11
9.63903e-11
9.72169e-11
9.4074e-11
1.03901e-10
9.8455e-11
0.18968
0.0156892
9.9036e-11
1.02292e-10
1.02148e-10
9.39055e-11
0.000365277
9.61012e-11
0.0026893
9.78009e-11
9.83831e-11
1.03779e-10
0.00435533
1.0343e-10
1.0169e-10
0.0157179
0.0157616
0.0284389
0.0910017
0.191231
0.0144223
0.072261
0.0631225
1.05158e-10
0.029806
1.0205e-10
0.134572
1.02236e-10
0.0090991
1.11181e-10
0.235599
1.06271e-10
0.0518897
0.175054
0.160942
0.013543
0.00371001
0.0271217
1.03272e-10
1.04752e-10
0.0167401
1.02425e-10
1.2941e-05
9.92487e-11
0.0107984
1.03206e-10
1.00442e-10
1.02321e-10
1.01384e-10
9.17636e-11
9.52874e-11
1.01967e-10
9.3015e-11
9.63508e-11
1e-10
9.91894e-11
0.197688
1.03507e-10
9.79934e-11
0.0879319
0.0776683
1.07865e-10
0.12637
0.0207259
0.0575483
0.0959786
0.0639045
9.77e-11
0.0622802
0.00413303
9.6139e-11
0.0253396
1.15634e-10
0.109805
0.00139198
0.208952
1.08852e-10
0.093992
9.74608e-11
0.0955247
0.104616
0.121532
0.0524308
9.3874e-11
1.04199e-10
0.0755493
0.124952
0.169493
0.0819824
0.0234814
0.0317008
0.0447946
0.000316521
0.0780076
9.62604e-11
9.83842e-11
0.0278946
9.98582e-11
1.04275e-10
9.79306e-11
0.0254539
0.0595621
0.0722884
1.12795e-10
0.0379821
9.77742e-11
9.75661e-11
1.06619e-10
9.84194e-11
0.0340872
1.14053e-10
9.76313e-11
1e-10
0.0423265
9.95562e-11
0.289664
0.0062712
1.03163e-10
0.0493088
0.0113755
1.01567e-10
0.0394818
1.08021e-10
0.574325
0.00439215
0.0158267
0.147731
0.0541425
0.106667
0.0105345
0.0707726
0.163178
0.0725013
0.0095173
0.0944402
0.0168056
0.0624873
0.154564
0.360851
0.130503
0.295358
0.11573
0.0853798
0.0974405
0.115232
0.20294
0.440181
0.335592
0.853442
1.21816e-10
0.0905128
0.145823
0.0707567
0.206481
0.270229
0.671122
0.592863
0.0475943
0.395464
0.465404
0.381513
0.14763
0.270485
0.146192
9.52902e-11
0.0787998
0.189501
0.173915
0.0187864
0.0859052
0.160266
0.118802
0.0604673
0.256534
0.401824
0.273089
0.454086
0.0760756
0.0530124
0.57233
0.085357
0.137235
0.005623
0.00690183
0.0716731
0.087909
0.0286817
0.0206402
9.956e-11
0.0652945
0.0358811
9.79222e-11
0.0584779
1.00057e-10
0.000550545
1.00884e-10
9.60817e-11
9.88302e-11
0.000121106
9.85376e-11
9.91201e-11
1.0002e-10
0.00409647
9.95221e-11
9.71717e-11
9.4565e-11
1e-10
1.00413e-10
9.89252e-11
0.0287642
9.98188e-11
0.0240907
1.00239e-10
9.70914e-11
0.00279714
1.00781e-10
9.56451e-11
0.00235979
9.85121e-11
0.000161942
1.77059e-10
1.07567e-10
1.01868e-10
1e-10
1.01457e-10
1.71431e-10
1.21975e-10
1.18267e-10
1.06962e-10
1.00415e-10
1.02794e-10
1.66509e-10
1.0288e-10
9.04088e-11
1.04631e-10
9.48933e-11
1.02092e-10
9.69245e-11
1.02195e-10
1.01946e-10
1.02211e-10
1.00628e-10
1.01459e-10
1.02861e-10
1.01065e-10
1.01042e-10
9.67692e-11
9.75579e-11
1.0033e-10
1.12426e-10
9.79408e-11
9.85288e-11
1.0084e-10
9.78474e-11
1.03096e-10
1.01437e-10
1.00474e-10
0.0880297
0.180233
0.0953104
0.127121
0.156426
0.203903
0.184756
0.163882
0.159542
0.0551421
0.000875603
0.397255
0.0268375
1.3732e-10
9.45334e-11
9.49661e-11
1.03198e-10
1.01387e-10
9.51614e-11
9.78468e-11
9.96214e-11
9.50991e-11
0.144847
0.0997274
0.00250666
0.0433374
0.037496
0.0529262
0.0857026
0.04079
0.0727826
0.128852
0.0998853
9.9179e-11
0.108084
0.156224
0.179376
0.158431
0.135106
0.278131
0.187658
0.0540072
0.192319
2.34711e-06
0.247326
0.34057
0.282116
0.107321
0.312299
0.140285
0.190896
0.10016
0.219588
0.291836
0.342195
0.0900827
0.324107
0.278298
0.0965254
0.0854166
0.192889
0.0850561
0.121667
1.04877e-10
0.0313479
0.225791
0.022954
0.194253
0.0895609
0.0453798
0.038847
1.03599e-10
0.0873765
1.00742e-10
0.082166
0.133239
0.0937061
0.200774
0.240097
0.0894234
0.00156219
0.0662886
0.155467
0.261117
0.15979
0.326521
0.135633
0.00273264
0.169068
0.147045
0.143304
0.251812
0.21252
0.111482
0.0415924
1.00168e-10
0.11241
0.191594
0.0886332
0.166892
1.01632e-10
1.02688e-10
4.08516e-05
0.136111
0.199728
0.0677859
0.0645563
0.0998363
0.0384955
0.0833937
1e-10
1.00763e-10
1.00075e-10
0.000777522
9.98297e-11
9.97547e-11
9.88118e-11
9.28223e-11
0.00507029
1.01244e-10
0.0677286
1e-10
0.1
1.9595e-05
1.01168e-10
1.03355e-10
2.38706e-10
9.80411e-11
0.00993029
9.52348e-11
0.00587103
0.000227329
0.898988
0.981544
0.528904
5.73579e-05
0.177034
0.998938
9.86359e-11
0.0115403
0.819321
0.531279
1e-10
0.51277
0.0344732
9.99948e-11
0.343478
1.06671e-10
0.03564
0.00739204
0.149329
0.903356
0.00909987
0.293838
0.219876
0.429051
0.380773
0.470262
0.383188
0.664411
0.33806
0.0859894
1.01617e-10
0.715256
9.87043e-11
0.381736
9.97291e-11
0.0220735
0.402135
0.0439608
0.0205281
0.980211
0.494906
0.0745654
0.0935789
0.00856493
0.897995
0.0366065
0.987755
0.288877
0.514027
0.546809
0.488534
0.41796
0.0496293
0.334102
0.0900544
0.0782526
0.742677
0.0207806
0.00631494
0.0943873
0.361265
0.0484587
0.288439
0.079864
0.00800524
0.0712564
1.02394e-10
0.0635269
0.0668504
0.00585627
0.00452889
0.00242488
0.249839
0.0586854
0.00252991
1.02132e-10
0.0186407
0.0166991
0.0361738
0.0874931
0.405443
0.132993
0.0923567
0.174761
0.078846
0.0803328
0.0787701
0.0243633
0.0883831
0.00985228
0.0414031
0.0675919
9.50583e-11
0.00547136
0.0821484
0.0256127
0.00658707
0.0270411
1.0337e-10
0.0914176
0.0848261
1.10077e-10
9.95409e-11
9.47555e-11
9.57634e-11
1.09789e-10
9.72798e-11
9.52664e-11
9.60449e-11
9.67488e-11
1.03741e-10
0.197802
0.0546148
0.121076
0.081493
0.0705248
0.0464743
0.126009
0.179692
0.00247609
0.278035
0.0821418
0.0681981
0.192234
0.447344
0.0685954
0.0555609
0.418573
0.0928319
0.305433
0.366266
0.107773
1.04423e-10
0.158531
0.304252
0.590576
0.0682664
0.521555
0.183198
0.270362
0.190651
0.0825358
0.123908
1.04455e-10
0.206634
0.257428
0.0353915
0.130993
9.99597e-11
0.0049143
0.0462078
9.82306e-11
0.00127628
0.0525695
0.000579802
0.0219178
0.0456286
0.195244
1.0226e-10
9.90941e-11
1.00003e-10
0.0400017
9.98058e-11
1.05231e-10
0.00654131
0.0888957
1.02635e-10
0.0240719
0.0559431
1.00764e-10
0.215601
0.12483
0.09547
0.0609028
0.00289359
0.0427362
0.111454
1.0599e-10
9.64986e-11
0.00687129
0.948432
0.734752
0.00993009
0.0122891
0.0263315
0.0579131
1.00239e-10
0.0133334
1.0258e-10
1e-10
0.0243272
0.0123802
9.78147e-11
0.00089117
0.139771
0.45277
0.0207305
0.245514
1e-10
0.0108125
1.0202e-10
0.0302481
1e-10
3.62444e-05
0.0208057
0.000521288
1e-10
0.387456
0.0105236
9.99726e-11
0.0007099
1e-10
0.0299441
0.000946972
9.99377e-11
0.00170078
9.97103e-11
9.98413e-11
1.0038e-10
0.00135457
0.00789929
0.0269009
0.00730816
9.99495e-11
0.0349286
9.98879e-11
0.00632335
0.0806505
0.00369557
1.01972e-10
0.0471279
9.98326e-11
1.00072e-10
1.0054e-10
0.000291755
1.00423e-10
0.042916
6.69314e-11
1.0524e-10
0.103154
0.223761
0.193427
0.0542422
0.279639
0.351891
0.540107
1.07604e-10
3.67164e-05
9.7011e-11
9.79931e-11
1.03801e-10
1.03781e-10
0.0978053
0.128435
0.10085
1.04716e-10
9.69384e-11
9.78565e-11
9.45998e-11
5.66125e-05
9.78694e-11
9.75515e-11
0.0260785
0.0858943
0.0332064
1.04927e-10
1.07474e-10
9.91237e-11
9.66759e-11
2.4384e-05
9.80058e-11
9.65748e-11
9.5335e-11
9.68279e-11
0.000156285
9.79122e-11
1.09192e-10
9.81564e-11
9.55614e-11
9.69786e-11
9.83027e-11
0.370548
1.05587e-10
9.68052e-11
9.95178e-11
0.00102214
9.79577e-11
9.67485e-11
0.0273113
0.0420859
0.0975877
0.0772874
1.02606e-10
1.03461e-10
1.02307e-10
0.00874581
0.0551376
0.0795088
1.018e-10
1.01126e-10
1.00316e-10
0.0280029
9.54158e-11
7.31708e-11
1.08642e-10
1.04175e-10
1.08618e-10
9.5343e-11
9.88727e-11
9.85358e-11
0.00401259
1.05555e-10
0.0301862
0.139202
0.0505943
0.00151724
1.02665e-10
1.34503e-10
0.139731
0.196455
0.206904
0.0100918
0.0137241
0.00111648
0.00191463
0.341278
0.394124
0.0772093
0.0832445
0.34054
0.350672
0.5
0.290628
0.129157
0.0400725
0.296941
0.736553
1.14567e-10
9.96713e-11
9.882e-11
0.00562927
0.00112676
1e-10
0.0161362
9.96085e-11
9.92807e-11
0.000185133
1e-10
0.0391324
0.0190129
1.01208e-10
0.0125969
1.04476e-10
9.93839e-11
9.93757e-11
0.364598
0.285712
0.495367
0.424478
0.25885
0.113315
9.66759e-11
0.045525
9.74844e-11
0.0017986
0.00356544
1.12353e-10
0.0253409
1.05157e-10
1.13827e-10
1.04252e-10
9.55802e-11
9.59826e-11
9.68039e-11
9.75454e-11
9.93625e-11
9.72091e-11
1.12023e-10
1.07213e-10
9.78983e-11
1.09407e-10
9.6741e-11
9.65193e-11
1.07899e-10
1.09396e-10
9.8803e-11
9.84122e-11
1.00466e-10
1.05796e-10
0.000611096
9.75246e-11
0.000297431
9.90224e-11
0.205742
0.00643539
0.00197121
9.09808e-11
9.64009e-11
0.389492
0.0132184
1.02231e-10
1.02036e-10
0.00317692
9.48036e-11
1.01223e-10
9.81666e-11
9.57805e-11
9.77329e-11
9.71089e-11
9.4197e-11
9.87236e-11
1.12762e-10
9.58566e-11
9.82418e-11
9.85507e-11
1.0033e-10
9.43188e-11
9.45788e-11
9.81855e-11
9.33887e-11
9.72075e-11
9.18995e-11
9.14045e-11
9.70641e-11
9.65128e-11
9.64771e-11
9.53554e-11
9.79892e-11
9.497e-11
9.65297e-11
9.74263e-11
9.73075e-11
9.24271e-11
1.07351e-10
9.49104e-11
9.48671e-11
9.80481e-11
1.1736e-10
9.98267e-11
1.02145e-10
1.01271e-10
1.00984e-10
1.01892e-10
1.01318e-10
9.64901e-11
1.00614e-10
9.99859e-11
9.53706e-11
9.41161e-11
1.03589e-10
1.04311e-10
1.04095e-10
9.57482e-11
9.40591e-11
9.66271e-11
9.68023e-11
9.65626e-11
9.97e-11
1.00558e-10
1.02108e-10
1.01641e-10
9.80968e-11
1.12982e-10
1.04237e-10
1.04325e-10
9.70221e-11
1.02306e-10
1.03594e-10
9.94546e-11
1.12778e-10
9.96863e-11
9.44056e-11
1.01486e-10
9.78568e-11
9.55186e-11
9.74055e-11
9.63731e-11
1.02936e-10
0.0911357
0.399678
0.177192
0.00416516
1.21286e-10
0.000166466
9.74575e-11
0.0160159
0.0207673
6.51788e-05
9.6054e-11
9.18136e-11
9.17644e-11
0.448088
1.15239e-10
8.85995e-11
0.112802
0.181627
0.0146148
9.2685e-11
0.0716419
0.0452289
0.121886
0.0405418
0.164362
0.16203
0.0793535
0.183102
0.0843079
0.127286
0.484116
0.111101
0.0893776
1.0034e-10
0.0832246
0.198028
0.407849
1.08424e-10
0.0811861
9.99931e-11
0.101656
1.02809e-10
0.00273195
1.10514e-10
0.00198762
0.00721252
0.0852863
0.0762734
1.00875e-10
1.00137e-10
0.0892798
1.02169e-10
0.0807174
0.039573
0.115361
1.01082e-10
0.102276
1.017e-10
0.043278
1.01656e-10
9.87278e-11
8.56075e-06
1.05836e-10
1.00568e-10
9.78273e-11
1.0153e-10
1.0227e-10
9.80928e-11
1.0491e-10
9.60243e-11
9.62125e-11
1.02852e-10
9.93721e-11
1.01899e-10
1.02391e-10
9.71766e-11
9.3795e-11
1.03722e-10
9.92569e-11
1.08228e-10
1.01597e-10
1.01964e-10
1.02752e-10
9.28151e-11
1.05286e-10
1.00895e-10
1.02065e-10
9.42251e-11
1.03245e-10
9.4149e-11
1.0359e-10
1.03398e-10
1.00393e-10
0.00398672
1.07252e-10
9.80536e-11
1.02995e-10
9.56082e-11
1.05018e-10
9.65091e-11
1.01627e-10
9.6186e-11
9.73855e-11
1.08721e-10
9.9881e-11
9.47149e-11
1.03204e-10
9.44121e-11
9.99384e-11
1.04765e-10
9.57405e-11
1.01335e-10
1.00726e-10
9.08344e-11
9.74827e-11
9.90906e-11
1.00901e-10
9.93377e-11
9.66661e-11
9.59653e-11
9.83425e-11
9.79784e-11
9.65175e-11
1.0074e-10
1.01781e-10
9.84098e-11
1.00738e-10
9.97737e-11
1.00348e-10
9.90671e-11
1.00044e-10
9.52064e-11
9.76207e-11
1.07077e-10
1.01295e-10
1.02409e-10
1.02858e-10
1.02766e-10
1.08561e-10
1.0353e-10
9.89738e-11
9.96109e-11
9.89999e-11
9.25226e-11
9.97075e-11
9.67851e-11
9.98909e-11
9.97548e-11
1.00305e-10
9.4327e-11
1.00289e-10
1.00933e-10
1.04575e-10
1.12207e-10
9.98514e-11
1.00463e-10
1.00338e-10
9.98975e-11
9.77859e-11
1.00653e-10
9.95674e-11
1.02677e-10
1.01106e-10
9.95754e-11
1.02892e-10
9.62166e-11
1.00333e-10
1.01099e-10
1.02083e-10
1.03277e-10
1.02584e-10
1.04084e-10
9.88105e-11
9.99683e-11
0.00353958
0.00647008
1.04771e-10
8.11084e-07
9.60869e-11
9.55017e-11
1.00021e-10
9.66055e-11
9.72166e-11
9.68123e-11
0.494321
9.74402e-11
0.00672921
0.00741768
0.017444
0.00298443
9.50117e-11
0.0844714
0.0693262
0.00492023
9.58838e-11
0.0735829
0.0500209
8.93557e-11
1.07013e-10
1.00962e-10
9.876e-11
9.62262e-11
9.51494e-11
1.05983e-10
0.00292974
0.0164329
9.95889e-11
0.499119
0.403723
0.0671899
0.21903
0.0211568
0.113639
0.162494
0.0890457
0.261206
0.277175
0.191912
1.06568e-10
0.00201661
0.119956
0.0724
0.00176422
0.0790282
0.00301077
0.0184367
0.0775362
9.99546e-11
0.0363072
0.0103043
0.0733879
1.01276e-10
0.104092
1.02127e-10
1.02739e-10
1.02364e-10
9.98982e-11
9.11205e-11
4.85245e-05
9.98884e-11
1.00312e-10
2.97509e-05
9.45374e-11
9.97368e-11
1.01714e-10
9.17247e-11
9.11648e-11
9.50224e-11
9.91751e-11
9.95956e-11
9.27162e-11
9.75778e-11
9.34384e-11
9.52886e-11
9.9914e-11
9.56525e-11
8.88765e-11
1.13018e-10
8.74905e-11
9.2351e-11
9.89635e-11
1.05487e-10
9.80098e-11
1.01535e-10
1.02122e-10
1.00078e-10
1.01786e-10
1.02737e-10
9.97035e-11
5.89348e-05
1.01342e-10
9.86573e-11
1.02032e-10
1.00423e-10
1.03197e-10
1.07714e-10
9.76913e-11
0.000217872
9.94606e-11
9.48765e-11
1.12881e-10
9.67836e-11
1.02709e-10
9.9129e-11
9.90883e-11
9.97787e-11
9.94276e-11
9.62306e-11
9.99146e-11
1.01367e-10
1.02266e-10
1.15629e-10
0.0920355
0.112009
0.00989403
0.0133538
9.92075e-11
0.010906
0.075157
0.08766
0.0518058
0.226467
9.5715e-11
9.92512e-11
9.94476e-11
9.80545e-11
0.244244
0.183006
0.00732288
0.226075
9.34945e-11
9.96831e-11
9.66777e-11
0.0972636
1.08332e-10
1.09364e-10
9.17605e-11
9.92356e-11
9.83461e-11
1.04959e-10
1.04161e-10
9.25448e-11
9.19674e-11
1.03231e-10
0.131292
0.151304
0.0562975
0.12368
1.00768e-10
0.0239782
0.0775477
0.119338
0.0328842
0.0937299
0.0928825
0.0910696
0.199394
1.00498e-10
0.0440243
9.67589e-11
9.66404e-11
9.92116e-11
9.95012e-11
1.0076e-10
9.87187e-11
9.59609e-11
1.08554e-10
9.98023e-11
1.01329e-10
8.50111e-11
9.441e-11
1.04958e-10
1.01328e-10
9.88631e-11
9.22715e-11
9.64945e-11
8.99268e-11
1.031e-10
1.03001e-10
9.87e-11
1.01216e-10
1.13459e-10
1.00118e-10
1.0164e-10
1.02849e-10
1.0189e-10
1.02403e-10
1.04645e-10
1.06633e-10
1.00329e-10
1.02624e-10
9.95769e-11
1.0088e-10
1.01675e-10
9.86943e-11
9.9866e-11
9.92128e-11
9.53696e-11
9.80785e-11
0.145097
0.0714882
0.204282
0.387427
1.0936e-10
0.0584032
9.92625e-11
9.73089e-11
0.000163221
1.04029e-10
9.97726e-11
9.45733e-11
9.78606e-11
9.53939e-11
1.01825e-10
9.54107e-11
1.02227e-10
1.09288e-10
9.94685e-11
9.85847e-11
9.75727e-11
9.72634e-11
1.14219e-10
0.0329028
9.67841e-11
9.55886e-11
0.000545328
0.0642229
4.94732e-05
9.71705e-11
9.82949e-11
8.99468e-11
9.76308e-11
1.0759e-10
9.98753e-11
9.93361e-11
1.00729e-10
1.02773e-10
1.01192e-10
9.61209e-11
9.71696e-11
9.71659e-11
1.08697e-10
1.01069e-10
1.00635e-10
1.00308e-10
1.12866e-10
1.05349e-10
1.03121e-10
9.91893e-11
1.02861e-10
9.71191e-11
1.0118e-10
1.00363e-10
1.01436e-10
1.02368e-10
9.6053e-11
9.85648e-11
1.01344e-10
1.09705e-10
1.04761e-10
1.01742e-10
1.12054e-10
9.40544e-11
1.05954e-10
1.04012e-10
1.01837e-10
9.95208e-11
9.87139e-11
1.03909e-10
1.0036e-10
9.69277e-11
9.75324e-11
1.07248e-10
9.6847e-11
1.01734e-10
1.04093e-10
9.57652e-11
9.44802e-11
9.96029e-11
9.63044e-11
1.08776e-10
1.05352e-10
9.57802e-11
0.192686
0.245343
0.245597
0.455104
0.177761
1.04274e-10
0.343119
0.489359
0.350327
0.317905
0.258212
0.277749
0.265932
0.463872
9.92202e-11
9.93841e-11
0.0264904
0.00764757
0.136504
0.197362
1.05627e-10
1.00229e-10
9.97489e-11
9.8552e-11
1.04737e-10
1.02986e-10
1.01325e-10
9.54281e-11
1.00386e-10
1.00715e-10
1.0073e-10
6.23562e-05
1.00617e-10
1.01991e-10
9.92043e-11
1.0101e-10
9.76955e-11
9.68863e-11
1.09075e-10
1.02693e-10
1.03803e-10
1.03867e-10
1.0364e-10
9.77955e-11
9.61992e-11
9.7415e-11
9.80804e-11
9.56353e-11
9.36688e-11
9.66584e-11
9.24952e-11
9.82309e-11
9.76996e-11
9.68262e-11
1.02477e-10
9.84447e-11
1.02595e-10
9.87145e-11
1.04409e-10
9.55619e-11
1.01038e-10
1.08676e-10
1.00456e-10
9.86074e-11
1.07742e-10
1.02703e-10
9.7448e-11
9.86573e-11
1.0045e-10
1.00905e-10
9.5914e-11
1.13406e-10
9.3923e-11
9.50278e-11
1.04489e-10
0.000261829
9.81289e-11
9.83629e-11
1.01936e-10
9.55893e-11
9.99439e-11
9.92109e-11
9.84101e-11
1.00512e-10
8.8953e-11
1.01467e-10
9.94819e-11
1.02219e-10
9.64259e-11
9.63197e-11
0.213033
9.7469e-11
1.10986e-10
0.159567
0.0877629
0.543162
1.02427e-10
1.00827e-10
9.84828e-11
1.07401e-10
1.02955e-10
1.05226e-10
1.1984e-10
1.07939e-10
1.1132e-10
9.81063e-11
1.02239e-10
0.0787881
1.05227e-10
9.5761e-11
1.03971e-10
1.07194e-10
9.80984e-11
1.06449e-10
1.01407e-10
9.60127e-11
9.47298e-11
9.68317e-11
1.06141e-10
9.6789e-11
9.54429e-11
9.40005e-11
9.87121e-11
9.52301e-11
9.5203e-11
8.91299e-11
1.00878e-10
1.04316e-10
1.08308e-10
1.20607e-10
9.62588e-11
9.92153e-11
9.7111e-11
9.55247e-11
9.71693e-11
9.53174e-11
9.47498e-11
9.85328e-11
1.76536e-10
1.00183e-10
9.45357e-11
9.32614e-11
9.30367e-11
9.79979e-11
9.50786e-11
1.04563e-10
9.18333e-11
9.6366e-11
9.45292e-11
1.09506e-10
9.38627e-11
9.89026e-11
1.07318e-10
1.04272e-10
9.73806e-11
9.50759e-11
9.40778e-11
1.05952e-10
1.02308e-10
5.30751e-05
1.05411e-10
9.8597e-11
1.08958e-10
9.34917e-11
9.73538e-11
9.61648e-11
1.0985e-10
8.82697e-11
9.44961e-11
9.19196e-11
9.43425e-11
1.12886e-10
1.15487e-10
9.60356e-11
1.13604e-10
9.70625e-11
1.04294e-10
9.16405e-11
9.78916e-11
1e-10
9.54353e-11
1.00347e-10
9.91782e-11
9.5662e-11
9.74016e-11
1.06817e-10
9.75942e-11
9.59956e-11
9.77713e-11
9.544e-11
9.52967e-11
1.23266e-10
9.90827e-11
9.80413e-11
9.32762e-11
9.53601e-11
6.36297e-05
9.93712e-11
1.06541e-10
9.5379e-11
9.5665e-11
9.54605e-11
9.19065e-11
9.95157e-11
1.0029e-10
1.0871e-10
9.9139e-11
9.52798e-11
9.88872e-11
9.91609e-11
1.01888e-10
9.86481e-11
9.84044e-11
1.09805e-10
1.03451e-10
9.34211e-11
9.21713e-11
9.6873e-11
9.26236e-11
9.104e-11
1.01235e-10
1.00434e-10
1.04159e-10
5.00459e-07
1.05772e-10
1.06643e-10
1.15947e-10
1.1107e-10
1.10495e-10
0.000346119
1e-10
9.65991e-11
1.03516e-10
9.84542e-11
1.00996e-10
9.98355e-11
1.07194e-10
1.00833e-10
1.04064e-10
1.00672e-10
1.03703e-10
1.312e-10
1.01098e-10
1.05587e-10
9.90771e-11
1.0087e-10
1.0008e-10
1.01433e-10
1.03229e-10
1.01074e-10
9.99168e-11
1.14745e-10
9.91512e-11
0.00259953
9.40235e-11
9.97464e-11
1.01857e-10
1.0215e-10
1.05676e-10
1.05181e-10
9.32112e-11
9.80692e-11
9.98648e-11
9.91099e-11
9.99066e-11
1.13957e-10
9.88547e-11
9.78557e-11
1.01642e-10
1.01985e-10
1.04723e-10
1.03769e-10
1.00818e-10
1.02202e-10
9.94069e-11
1.0588e-10
1.06164e-10
1.03444e-10
1.01974e-10
1.08164e-10
1.00462e-10
0.000655837
1.15417e-10
9.8499e-11
9.81542e-11
9.25312e-11
9.87001e-11
0.00105752
1.01213e-10
9.60331e-11
1.01813e-10
1.0357e-10
9.27788e-11
9.5692e-11
9.63755e-11
9.72751e-11
9.75108e-11
9.91617e-11
1.00015e-10
9.88068e-11
1.18519e-10
1.63646e-10
1.00988e-10
0.000570286
0.0258121
0.00553616
0.101735
9.62059e-05
9.49443e-11
0.102614
9.64485e-11
9.64384e-11
0.105468
0.0311851
0.00165517
0.0457955
9.77014e-11
0.00616515
9.77297e-11
9.72474e-11
9.65383e-11
9.29366e-05
1.01668e-10
9.79843e-11
6.54699e-05
0.149215
0.00561099
0.0374497
9.83002e-11
0.125113
9.79099e-11
0.103509
0.0799394
0.0730022
9.8053e-11
0.000201725
9.80487e-11
9.84358e-11
0.0242619
0.131736
0.196582
0.0876219
9.8549e-11
9.92931e-11
9.51923e-11
1.13267e-10
0.0033318
0.12916
0.0507662
0.0490686
9.05748e-11
1.04462e-10
1.03399e-10
9.91911e-11
9.27806e-11
0.00014017
9.58033e-11
0.0788453
9.7435e-11
9.61747e-11
9.86618e-11
0.006897
0.0471569
0.0332861
9.39307e-11
9.9775e-11
9.54835e-11
1.01568e-10
9.60029e-11
1.00752e-10
2.56608e-10
0.0346171
1.02912e-10
9.88133e-11
1.05551e-10
9.49085e-11
9.87177e-11
1.85639e-10
0.423442
0.087311
0.0164373
0.16112
0.262812
0.0318803
0.358308
0.195073
0.131409
0.262855
9.61476e-11
9.64556e-11
9.81889e-11
9.99235e-11
1e-10
9.94688e-11
1.02857e-10
9.60959e-11
9.90829e-11
9.94147e-11
1e-10
1e-10
9.78352e-11
9.99876e-11
9.77832e-11
9.9654e-11
1.00046e-10
1.00042e-10
9.91302e-11
1.0587e-10
1.01167e-10
1.02513e-10
1.00019e-10
1e-10
9.96734e-11
9.99046e-11
9.98431e-11
1.11673e-10
9.99513e-11
1.08282e-10
1.01945e-10
9.9948e-11
9.69592e-11
9.9991e-11
9.75187e-11
1.15504e-10
6.31731e-11
1.0159e-10
1.00618e-10
1.28698e-10
1.0621e-10
2.3646e-05
9.63058e-11
1.04319e-10
1.06022e-10
9.85931e-11
9.81109e-11
9.66455e-11
9.67315e-11
1.02477e-10
9.67434e-11
9.6812e-11
1.06349e-10
7.16932e-11
1.10902e-10
2.03578e-10
1.06557e-10
1.02542e-10
9.20131e-11
9.98291e-11
9.04694e-11
1.05766e-10
9.9275e-11
0.000163973
8.93003e-11
1.18056e-10
1.07299e-10
1.08333e-10
9.71959e-11
7.22247e-11
1.00081e-10
9.97759e-11
9.70457e-11
1.00708e-10
9.61943e-11
9.76811e-11
1.28023e-10
9.99282e-11
9.78878e-11
1.00005e-10
9.62385e-11
9.05487e-11
6.31967e-11
1.01531e-10
1.13176e-10
1.02117e-10
9.99959e-11
9.97375e-11
1.0055e-10
9.96045e-11
1.05331e-10
1e-10
9.8678e-11
9.98792e-11
1.00466e-10
9.98314e-11
1.01724e-10
9.842e-11
1.00135e-10
1e-10
9.83681e-11
1.36637e-10
1.05502e-10
1.08434e-10
9.91013e-11
1.02724e-10
2.15103e-05
1.00054e-10
9.86563e-11
1.06406e-10
9.95e-11
9.9264e-05
9.82474e-11
1.00064e-10
9.75395e-11
1.00579e-10
1.00516e-10
1e-10
1e-10
1.01216e-10
9.56656e-11
1.00542e-10
2.70433e-05
1e-10
9.74293e-11
1.01977e-10
9.84874e-11
9.91701e-11
1e-10
1.00111e-10
1.00803e-10
9.98334e-11
9.88898e-11
9.9456e-11
0.000147524
9.28007e-11
1.00049e-10
9.76131e-11
1.01347e-10
1.07867e-10
9.86833e-11
9.70097e-11
9.10419e-11
1.00013e-10
1.04989e-10
9.85088e-11
9.62127e-11
1.0189e-10
1.00553e-10
1.00163e-10
9.834e-11
9.95367e-11
9.83346e-11
1.05668e-10
1.03144e-10
9.98604e-11
1.0341e-10
0.0335662
9.9079e-11
9.98361e-11
9.96036e-11
9.65794e-11
1.0105e-10
1.00381e-10
1.00407e-10
1.00229e-10
9.99263e-11
5.23906e-05
9.78515e-11
1.00524e-10
1.00072e-10
1.00626e-10
9.87342e-11
1.03208e-10
9.94195e-11
1.00203e-10
9.77409e-11
9.94741e-11
9.99124e-11
9.87089e-11
9.47251e-11
8.95587e-11
1.0137e-10
9.9353e-11
0.0703497
0.0820456
0.00135441
9.52942e-11
0.000972134
1e-10
9.97154e-11
0.218484
0.000260365
0.0861544
1.01262e-10
9.89542e-11
1.04384e-10
1.0426e-10
9.40237e-11
1.02895e-10
1.03887e-10
0.0766685
0.137902
0.00204419
0.0993646
0.0856978
0.149147
0.0947657
0.0320008
0.236915
0.0932617
0.069957
0.0473288
0.0708623
0.00908714
0.0429291
0.00160976
1.05846e-10
0.0633784
0.0774833
0.372
0.519739
0.0887978
0.29923
0.0297421
0.0707801
1.04493e-10
1.02707e-10
0.0432225
9.99026e-11
0.0483823
0.00478152
0.00794975
0.00756292
0.160996
0.0907078
1.01987e-10
0.0066868
1.01812e-10
1.00734e-10
0.383773
0.79272
0.14375
0.101698
0.0435523
0.0417071
0.0964709
0.00371219
0.474253
0.119902
0.0424348
1.06248e-10
0.112602
0.0404447
1.13193e-10
1.01486e-10
0.00800729
0.0395036
0.140756
1.03522e-10
1.01853e-10
1.04064e-10
0.245733
0.14221
0.168246
0.180577
0.385103
0.490636
0.433356
0.391759
0.535494
0.29537
0.456253
0.269924
0.642392
0.122517
0.533636
0.126733
0.49783
0.432074
0.472024
0.632985
0.656491
0.573972
0.40405
0.7722
0.780446
0.159104
1.03323e-10
1.03381e-10
0.303218
0.0186637
1.01689e-10
1.11939e-10
0.523912
0.440182
0.283791
0.359001
0.236628
0.396579
0.598771
0.520152
0.177804
0.380258
1.06511e-10
1.05561e-10
0.0909164
1.03154e-10
0.200657
0.0536148
0.320989
0.149158
0.338077
0.182066
0.0668011
0.0771552
0.00348998
0.0515939
1.0123e-10
0.00041948
0.746549
0.629904
0.362933
0.215457
0.400411
0.622626
0.0616694
0.503028
0.479054
0.42145
0.208564
0.214343
0.441355
0.532265
0.123771
1.01331e-10
0.247068
0.0609181
0.102474
0.0725487
0.973429
0.556242
0.176649
0.150495
0.126067
0.000567253
1.11693e-10
0.00406627
0.123665
0.191989
0.789125
0.909326
0.957162
0.0455769
0.598954
0.987828
0.725921
1
0.54805
1
0.494726
0.362823
0.536743
0.529446
0.409346
0.00358787
0.0376282
1.00843e-10
0.0434463
0.0406728
0.673534
0.00429444
0.194189
0.0156527
0.230754
0.00962586
1e-10
0.920988
1.03015e-10
0.0380634
0.934375
0.999033
0.0202329
0.00432197
0.986605
0.504787
1.00375e-10
0.374909
0.00458065
0.923914
0.0863757
0.161059
0.0119683
0.000608449
0.861433
0.0940343
9.94784e-11
1.02828e-10
0.00359343
0.184456
0.216036
0.099534
0.983311
0.0712317
0.0070362
0.0099522
1e-10
0.396629
0.495548
0.38592
0.00433683
2.81082e-05
0.00274927
0.00875941
9.44371e-11
9.83457e-11
9.69872e-11
9.86859e-11
9.83564e-11
9.67797e-11
9.5382e-11
9.82934e-11
9.47992e-11
1.04038e-10
0.00309047
9.74511e-11
9.71084e-11
9.37881e-11
9.99755e-11
9.54949e-11
9.90176e-11
9.63418e-11
1.0327e-10
9.62534e-11
9.90912e-11
9.58211e-11
9.8118e-11
9.75229e-11
9.93368e-11
9.37847e-11
9.71106e-11
9.65621e-11
9.67068e-11
9.63753e-11
9.78866e-11
9.74924e-11
9.28656e-11
9.92979e-11
9.66209e-11
9.76991e-11
1.08039e-10
9.69736e-11
9.90638e-11
9.73409e-11
1.00577e-10
0.000376336
9.58479e-11
1.07668e-10
9.85026e-11
9.62228e-11
1.05783e-10
9.96972e-11
9.87205e-11
9.91136e-11
9.5586e-11
9.74404e-11
3.72425e-06
1.19345e-10
1.00351e-10
1.07698e-10
9.02197e-11
9.66213e-11
9.97589e-11
9.97061e-11
1.01821e-10
1.03684e-10
9.89804e-11
9.48356e-11
9.74911e-11
1.03965e-10
1.02136e-10
9.65681e-11
1.07439e-10
9.83425e-11
1.05774e-10
1.03591e-10
1.01007e-10
9.88828e-11
9.62907e-11
9.86246e-11
1.09328e-10
9.6533e-11
9.73955e-11
9.73105e-11
9.54291e-11
1.01121e-10
9.96478e-11
9.87933e-11
1.06829e-10
1.03776e-10
9.70893e-11
9.98383e-11
9.05958e-11
1.01521e-10
9.62742e-05
9.78202e-11
9.59488e-11
8.99137e-11
9.42825e-11
9.80659e-11
9.62737e-11
9.70199e-11
1.00539e-10
1.00108e-10
9.85532e-11
9.71149e-11
9.77115e-11
1.00348e-10
9.9046e-11
9.8025e-11
9.82646e-11
9.97275e-11
9.78777e-11
1.01685e-10
9.79843e-11
9.91801e-11
1.03852e-10
9.65029e-11
9.72269e-11
1.03901e-10
9.49386e-11
1.13505e-10
1.04748e-10
1.06472e-10
9.44283e-11
1.06314e-10
1.09306e-10
1.08228e-10
1.10551e-10
9.423e-11
9.53641e-11
1.00313e-10
1.13723e-10
9.73559e-11
1.02265e-10
1.09695e-10
9.63303e-11
9.68525e-11
9.68013e-11
1.03758e-10
1.04836e-10
1.00152e-10
1.06975e-10
1.033e-10
9.89801e-11
9.99372e-11
1.03537e-10
1.00759e-10
1.03018e-10
1.02958e-10
2.03702e-10
9.53955e-11
9.93147e-11
9.91795e-11
9.98779e-11
1.04709e-10
1.00314e-10
1.0358e-10
1.03824e-10
1.08972e-10
1.02675e-10
1.0017e-10
1.21812e-05
1.00973e-10
9.9976e-11
1.01886e-10
9.71006e-11
1.0717e-10
1.0502e-10
1.11367e-10
9.99418e-11
9.65302e-11
9.99471e-11
2.36471e-10
0.552246
1.02433e-10
1.04155e-10
9.94395e-11
1.03525e-10
9.95069e-11
0.264016
0.0383362
0.160805
0.122916
0.0991903
0.0852928
0.0290839
0.0442886
0.0903379
0.290454
0.08827
0.0677794
0.0582607
9.84346e-11
0.0265636
9.86852e-11
0.0569458
1.04279e-10
0.000747636
0.1125
0.0648817
0.392077
0.0755796
0.00074667
0.0070158
1.00664e-10
1e-10
1.06549e-10
1e-10
1.06617e-10
1.01866e-10
1.09869e-10
0.000691975
0.0492628
1.00429e-10
0.00186708
0.00137169
0.824533
0.000701198
1.00856e-10
0.0127811
9.94321e-11
1.00714e-10
1.00093e-10
1.00085e-10
9.82636e-11
1.01114e-10
1e-10
0.000341543
1.00117e-10
0.000180853
0.0719249
0.00153573
0.0394058
1.05013e-10
9.97284e-11
1.00349e-10
0.00012617
6.94783e-07
1e-10
0.000257824
1.03394e-10
1.0007e-10
0.0528564
0.584386
0.795629
0.00829401
9.87217e-11
9.78029e-11
9.36271e-11
1.01317e-10
9.8085e-11
9.78931e-11
9.75367e-11
9.33711e-11
1.01041e-10
9.89628e-11
9.58942e-11
1.01005e-10
9.30466e-11
9.25898e-11
9.86804e-11
9.79225e-11
9.57249e-11
9.42615e-11
9.54667e-11
9.72346e-11
1.04194e-10
9.66028e-11
9.72955e-11
9.70253e-11
1.02946e-10
1.03087e-10
1.00336e-10
1.05932e-10
0.000811043
9.85023e-11
9.77694e-11
9.89213e-11
1.04585e-10
1.02473e-10
1.12638e-10
1.04655e-10
1.04769e-10
1.07126e-10
1.07207e-10
1.0157e-10
1.06209e-10
9.86073e-11
1.02939e-10
9.77788e-11
9.86053e-11
9.89139e-11
0.000283401
1.00672e-10
1e-10
9.97833e-11
9.76196e-11
9.47878e-11
9.45498e-11
1.02649e-10
9.80165e-11
1.01236e-10
1.0767e-05
1.17e-10
1.0014e-10
9.39455e-11
1e-10
1.00951e-10
9.88155e-11
9.99909e-11
9.88572e-11
9.81682e-11
9.67817e-11
9.99961e-11
9.73595e-11
1.06686e-10
9.97613e-11
9.94479e-11
9.92454e-11
9.77356e-11
9.8736e-11
9.85256e-11
9.96227e-11
1.0575e-10
9.98992e-11
9.98413e-11
9.96703e-11
9.93483e-11
9.9618e-11
1.01471e-10
9.92147e-11
1.00776e-10
9.6892e-11
1.05095e-10
6.14832e-11
9.86464e-11
9.51953e-11
9.82183e-11
1.08212e-10
1.1059e-10
9.76562e-11
9.82839e-11
1.00308e-10
9.88065e-11
9.81692e-11
1.29262e-10
9.7562e-11
1.77414e-05
9.80027e-11
9.60834e-11
1.01792e-10
1.11499e-10
1.07026e-10
1.10193e-10
9.74739e-11
1.02063e-10
1.01299e-10
1.01032e-10
9.42692e-11
0.00014983
1.05764e-10
1.02905e-10
0.00114016
1e-10
1e-10
9.84109e-11
1.34182e-10
1.00902e-10
1.01679e-10
0.846177
0.883231
0.0995892
0.316434
1e-10
0.884504
0.158598
0.798733
1.00751e-10
0.0910116
0.00308022
0.0976896
0.0821753
1.00621e-10
0.0058595
0.100972
0.0746355
0.00768613
0.0165172
0.000900705
9.96545e-11
1.00395e-10
1.03237e-10
0.00665976
0.04658
0.0739229
0.00405094
0.0475452
0.0579551
0.0926893
9.99951e-11
0.0117339
9.99504e-11
9.56232e-11
9.90229e-11
0.384783
0.471976
0.000629307
1.0002e-10
9.9871e-11
9.9992e-11
8.68336e-05
0.00261272
1.00179e-10
1.93873e-05
0.0584236
0.574577
0.34455
0.146808
1.00864e-10
9.99838e-11
0.11825
0.597643
0.694961
0.278671
0.731322
0.793865
9.13178e-11
9.94989e-11
9.76152e-11
1.02304e-10
9.65986e-11
1.01874e-10
1.08785e-10
1.00036e-10
9.84409e-11
1.0577e-10
1.03695e-10
1.03354e-10
9.92334e-11
1.02289e-10
9.82291e-11
1.01744e-10
9.53296e-11
1.05037e-10
1.0068e-10
1.00321e-10
1.04456e-10
1.01452e-10
9.76e-11
1.04052e-10
9.48909e-11
1.07489e-10
1.03938e-10
0.000750262
1.08024e-10
1.05516e-10
1.02446e-10
1.0634e-10
1.03232e-10
1.02155e-10
1.00017e-10
9.79082e-11
9.99511e-11
1.00195e-10
1.06414e-10
1.02521e-10
1.00838e-10
1.02578e-10
1.01019e-10
9.65489e-11
1.01395e-10
9.84247e-11
9.92069e-11
9.56632e-11
1.00921e-10
9.58755e-11
1.00096e-10
1.11925e-10
1.02008e-10
1.00968e-10
1.08007e-10
1.08085e-10
1.0476e-10
1.0164e-10
1.04725e-10
1.07068e-10
1.12723e-10
9.8272e-11
1.04627e-10
9.18403e-11
9.33136e-11
1.17922e-10
9.6946e-11
9.75108e-11
9.02811e-11
9.9098e-11
1.28521e-10
9.95373e-11
1.02458e-10
9.42835e-11
1.00829e-10
5.24769e-06
9.12104e-11
9.7287e-11
9.68052e-11
1.02829e-10
9.56973e-11
9.93637e-11
1.03798e-10
1.03797e-10
1.00571e-10
9.94003e-11
9.95711e-11
1.27418e-10
9.9462e-11
1.189e-10
9.41662e-11
9.98713e-11
1.0079e-10
9.96603e-11
9.69579e-11
6.79095e-11
1.00191e-10
9.95857e-11
1e-10
0.000659674
7.04502e-11
1.08789e-10
7.45202e-11
9.9945e-11
9.73546e-11
9.72652e-11
1.21787e-10
9.58836e-11
9.48813e-11
1.00666e-10
1.0043e-10
9.94875e-11
9.25201e-11
9.86168e-11
9.454e-11
1.00463e-10
9.69316e-11
1.04427e-10
9.50404e-11
9.5979e-11
9.65165e-11
9.50658e-11
9.81884e-11
9.89935e-11
9.77061e-11
9.80083e-11
0.0011252
9.65744e-11
9.83141e-11
1.11644e-10
1e-10
9.57057e-11
9.57029e-11
1.02999e-10
1.0785e-10
9.74674e-11
9.79273e-11
1.00196e-10
1.0019e-10
1.0543e-10
1.18743e-10
8.89802e-11
1.11192e-10
9.34451e-11
8.79825e-11
9.72393e-11
1e-10
9.5017e-11
1.26225e-10
1.75732e-10
1.34968e-10
9.69212e-11
9.51309e-11
9.58723e-11
9.35783e-11
9.69218e-11
9.60285e-11
9.65435e-11
9.9048e-11
0.00172783
1.01028e-10
9.89235e-11
1e-10
9.52211e-11
0.00480711
0.0830144
9.76355e-11
0.000445358
9.82942e-11
1.05632e-10
0.043757
0.0549081
0.00435874
0.0208541
0.0710623
0.0153831
0.0827079
0.72663
1.06142e-10
1e-10
0.00167587
1e-10
0.00316231
0.00807318
0.00132372
1.02271e-10
1.09889e-10
9.9601e-11
0.0121985
0.00254958
0.0247151
0.00254585
0.0493047
0.00529196
0.00134571
0.000251189
0.0302215
1.00006e-10
1.00127e-10
1.00004e-10
0.0135653
9.9518e-11
9.71656e-11
9.91769e-11
9.94555e-11
1e-10
9.8293e-11
0.00473988
9.99556e-11
7.72896e-05
0.382113
0.239891
0.135997
9.66976e-06
0.821118
0.345581
1.02976e-10
1.06277e-10
1.02714e-10
9.81976e-11
1.13478e-10
1.05225e-10
1.05134e-10
1.0399e-10
1.0865e-10
1.03331e-10
1.13914e-10
1.04277e-10
9.77071e-11
1.01595e-10
1.06823e-10
1.1548e-10
1.05172e-10
1.05095e-10
1.0407e-10
9.86755e-11
1.00689e-10
1.20697e-10
1.08556e-10
1.05973e-10
9.90008e-11
0.000713439
1.01097e-10
1.01825e-10
9.69193e-11
1.00864e-10
1.01495e-10
1.01426e-10
1.03571e-10
9.89701e-11
9.65189e-11
1.1454e-10
1.03948e-10
9.42914e-11
9.97646e-11
9.96853e-11
9.96375e-11
9.87555e-11
1.01214e-10
7.79512e-11
9.02698e-11
1.01567e-10
1.98404e-05
9.52039e-11
1.12366e-10
9.7506e-11
1.05807e-10
9.87625e-11
9.89692e-11
1.10253e-10
1.01946e-10
9.72589e-11
9.84283e-11
1.00151e-10
1.00142e-10
1.06311e-10
9.54112e-11
9.68508e-11
0.0939414
0.565557
0.685046
0.0348094
0.0640768
0.388456
0.0579086
0.205627
0.265704
0.512227
1.08351e-10
1.00389e-10
0.5451
0.592201
0.0104391
0.994753
0.399811
0.555666
0.0891306
0.102127
0.0538537
0.108375
0.154458
0.202952
0.0782616
0.108027
0.150623
0.0571444
0.150662
1.06768e-10
9.97692e-11
0.0481259
0.00768417
1e-10
1.02925e-10
9.96051e-11
1e-10
8.04866e-06
0.104281
0.164126
9.68855e-11
8.97186e-11
9.27037e-11
9.86446e-11
9.72988e-11
9.71503e-11
9.54101e-11
9.95329e-11
9.23092e-11
1.09512e-10
1.04639e-10
9.17327e-11
1.06613e-10
9.9171e-11
1.01621e-10
9.73785e-11
9.69721e-11
1.05762e-10
9.52724e-11
9.63523e-11
9.59094e-11
9.23518e-11
1.04006e-10
6.78917e-11
9.79602e-11
1.01478e-10
9.4041e-11
1.04166e-10
9.88624e-11
9.57285e-11
9.78201e-11
9.1806e-11
9.29824e-11
1.07032e-10
1.01256e-10
0.0736504
9.56468e-11
2.80254e-05
9.73196e-11
9.87606e-11
9.84349e-11
9.88351e-11
0.00627201
1.11444e-10
1.04836e-10
0.0397254
1.0205e-10
1.03245e-10
9.70007e-11
9.85471e-11
0.00100664
1.00078e-10
1.00403e-10
9.99115e-11
9.47904e-11
9.97627e-11
1.00899e-10
1.0139e-10
9.19903e-11
1.00297e-10
1.00009e-10
9.67958e-11
1.00812e-10
9.99695e-11
0.00760507
9.75951e-11
1.01483e-10
1.00963e-10
9.99206e-11
9.00722e-05
0.000433937
4.26395e-05
8.10193e-11
1.00316e-10
0.000741246
3.53325e-06
9.8153e-11
2.95694e-05
1.03884e-10
9.45828e-11
9.79989e-11
1.02969e-10
1.00032e-10
1.79208e-05
1.00562e-10
1.03754e-10
9.8507e-11
0.00135766
1.00095e-10
1e-10
0.00377308
0.0364687
1e-10
0.0795764
9.98737e-11
9.98922e-11
9.95064e-11
9.78229e-11
9.24342e-11
1.00056e-10
2.58978e-05
0.599152
0.326938
0.225936
3.553e-10
1e-10
0.662503
0.404622
0.955645
0.284268
0.578463
0.453186
0.950275
0.595979
0.996968
0.995194
0.99251
1.58087e-10
0.993622
0.00417332
0.000557806
0.0465858
0.34791
0.0614686
0.0122478
1.26894e-10
0.514333
0.701228
0.00318312
0.0211272
0.02489
0.01897
1e-10
0.110835
0.117634
0.107836
0.00038034
9.93351e-11
0.0214068
9.99582e-11
0.00134353
1e-10
0.0392994
5.46275e-05
1.0004e-10
9.85626e-11
0.00392498
0.00737596
9.99202e-11
1e-10
1e-10
1.00565e-10
0.00291125
1.01437e-10
0.000853578
4.30737e-06
1e-10
1.00251e-10
4.53365e-05
0.000130705
0.0087341
1.00135e-10
1.01824e-10
9.54269e-11
1.02335e-10
1.03807e-10
9.7697e-11
1e-10
9.62992e-11
9.87169e-11
8.25307e-11
9.99116e-11
9.92485e-11
1.25272e-10
1.01222e-10
9.52099e-11
1.14055e-10
1.05593e-10
1.01272e-10
9.60812e-11
8.05521e-11
9.91371e-11
9.94729e-11
9.26066e-11
0.000460748
9.07415e-11
9.81398e-11
0.00116029
9.9854e-11
9.91105e-11
9.97549e-11
9.96776e-11
9.85882e-11
1.00215e-10
9.9773e-11
9.94502e-11
1.03353e-10
9.64328e-11
1.08079e-10
9.99635e-11
1.13233e-10
1.09561e-10
1e-10
9.83381e-11
1e-10
1.04582e-10
9.97611e-11
9.41588e-11
9.41321e-11
1.00862e-10
9.96218e-11
9.77406e-11
1.0025e-10
1.00076e-10
1.00277e-10
1e-10
1.00759e-10
1.02358e-10
9.74837e-11
1.03078e-10
1.00619e-10
9.88036e-11
9.90053e-11
1.01518e-10
9.99414e-11
9.88676e-11
9.94367e-11
9.99309e-11
1.09983e-10
9.9093e-11
9.76657e-11
9.95838e-11
9.62235e-11
9.44679e-11
9.588e-11
9.68641e-11
9.63713e-11
9.6285e-11
9.69896e-11
1.01902e-10
9.04977e-11
9.43843e-11
1.03155e-10
9.99796e-11
9.73822e-11
9.93906e-11
1e-10
1.09243e-10
9.40164e-11
9.87667e-11
1.06095e-10
9.91885e-11
1.11965e-10
1.00504e-10
9.43867e-11
9.81705e-11
1.07308e-10
9.48421e-11
1.06475e-10
8.99567e-11
0.0481862
0.290502
0.0775566
0.0437329
0.0371844
1.00953e-10
0.000538606
0.0598763
9.91559e-11
1.11085e-10
0.00484651
0.000400983
9.99058e-11
1.09349e-10
0.993282
0.0456747
9.74903e-11
0.0356163
1.02256e-10
2.50315e-05
1.01756e-10
1.01106e-10
8.94753e-11
9.82242e-11
9.60029e-11
1.00448e-10
1.0034e-10
9.88056e-11
1.07237e-10
1.03832e-10
9.92356e-11
9.92847e-11
1.08155e-10
1.0058e-10
1.00545e-10
1.02051e-10
1.10792e-10
9.47643e-11
9.3615e-11
0.000531094
1.03822e-10
9.99305e-11
1.02334e-10
9.52253e-11
9.41647e-11
9.52064e-11
9.24863e-11
9.7114e-11
9.77143e-11
9.6151e-11
1.09926e-10
9.9831e-11
1.07262e-10
9.45925e-11
1.1149e-10
1.0935e-10
0.000316062
1.08957e-10
9.50425e-11
1.05729e-10
1.03478e-10
9.92682e-11
9.39772e-11
1.11912e-10
9.01286e-11
1.0188e-10
9.92084e-11
9.58048e-11
9.62477e-11
9.47025e-11
1.00288e-10
9.37958e-11
9.43138e-11
1.01489e-10
9.55065e-11
9.60251e-11
1.18161e-10
9.56302e-11
1.09565e-10
9.8844e-11
1.16524e-10
9.66579e-11
1.01596e-10
1.01327e-10
1.0466e-10
9.78992e-11
9.93472e-11
1.0098e-10
1.01015e-10
0.0183728
0.0161772
4.36547e-05
1.02409e-10
0.000225379
9.77739e-11
1.08136e-10
1.05596e-10
9.87991e-11
1.0066e-10
9.76621e-11
9.55135e-11
9.72729e-11
9.35421e-11
9.59229e-11
9.09288e-11
9.6323e-11
9.91068e-11
1.0008e-10
1.03283e-10
9.99153e-11
1e-10
1.00542e-10
1.03242e-10
1.57662e-05
9.94386e-11
1.0225e-10
1.03218e-10
1.00025e-10
9.99809e-11
1.01819e-10
1.03019e-10
9.98233e-11
1.06016e-10
1.05833e-10
1.05689e-10
1.04288e-10
1.05035e-10
1.0091e-10
9.8866e-11
9.97229e-11
9.90035e-11
1.01539e-10
1.03871e-10
9.99292e-11
1.02917e-10
9.94568e-11
1.02243e-10
9.55047e-11
0.000653691
1.01303e-10
1.01522e-10
9.96201e-11
9.95812e-11
1.00512e-10
1.06746e-10
0.0180453
0.000862181
1.04228e-10
9.45915e-11
0.0672276
0.193371
0.00763362
0.104167
0.136814
0.00286325
0.000658791
0.00675719
1.07382e-10
0.00159901
0.0132576
0.0982003
0.0742287
0.718896
0.996434
0.770259
0.146161
0.535477
0.0920307
0.224778
0.543667
0.255721
9.96554e-11
0.958871
0.336103
0.788373
0.236154
0.777287
0.000481141
0.974544
0.000280544
0.00298756
1.00021e-10
1e-10
9.70054e-11
9.35828e-11
9.47596e-11
1.06569e-10
1.07587e-10
9.95281e-11
9.99338e-11
1.00779e-10
1.35065e-05
9.9499e-11
1.01386e-10
9.6838e-11
1.01916e-10
1.02733e-10
1.04939e-10
1.12673e-10
1.09726e-10
1.0226e-10
1.03676e-10
1.04724e-10
1.10994e-10
1.07687e-10
9.53357e-11
0.132415
0.0627082
0.313348
0.0887921
0.0316403
0.12768
0.0434585
1.00853e-10
0.914318
0.586679
0.987652
0.744817
0.0669266
9.93981e-11
0.00165281
1.0314e-10
0.958048
0.53034
0.0332334
1.00948e-10
0.000569948
9.01935e-06
1.00765e-10
1.0227e-10
0.763121
0.503533
0.966603
0.713629
0.95772
0.818375
0.000397686
0.00260156
0.00193691
9.99348e-11
9.60977e-11
1.15914e-10
9.63735e-11
1.11937e-10
9.88246e-11
1.04081e-10
1.08049e-10
9.46395e-11
1.01095e-10
1.13975e-10
9.90641e-11
9.31816e-11
9.95269e-11
9.94397e-11
1.01097e-10
1.00177e-10
9.35386e-11
1.01763e-10
9.79373e-11
1.01575e-10
9.98302e-11
9.75487e-11
9.81146e-11
1.04244e-10
1.003e-10
9.99761e-11
9.92463e-11
1.00476e-10
1.09245e-10
9.97752e-11
9.91978e-11
9.99665e-11
1.00017e-10
9.98033e-11
1.0002e-10
9.18973e-11
9.76851e-11
9.98068e-11
9.88713e-11
0.000141707
9.17506e-11
1.01049e-10
1.0009e-10
9.97571e-11
1.05765e-10
9.96763e-11
9.35414e-11
9.99278e-11
9.96792e-11
0.60344
0.328312
0.664276
0.141598
0.000127386
9.88531e-05
1.00172e-10
1.00313e-10
1.00788e-10
8.76141e-06
1.00166e-10
9.91825e-11
1.33048e-10
1.00881e-10
9.72458e-11
9.60888e-11
9.79432e-11
9.7908e-11
1.01736e-10
9.64927e-11
8.91142e-11
9.89284e-11
9.65916e-11
9.77356e-11
0.0014885
9.2579e-11
9.69634e-11
9.84229e-11
9.85225e-11
9.39058e-11
9.52809e-11
9.36872e-11
1.03869e-10
1e-10
9.99499e-11
9.79416e-11
9.83639e-11
9.93392e-11
9.88695e-11
9.66734e-11
1.11458e-10
9.55477e-11
9.86827e-11
9.68185e-11
1.00549e-10
9.72681e-11
9.75673e-11
9.46472e-11
1.04861e-10
9.53205e-11
9.6381e-11
1e-10
2.45414e-10
1.01183e-10
9.93707e-11
1.08205e-10
9.89838e-11
1.00694e-10
1.00442e-10
9.96736e-11
9.7674e-11
1.00228e-10
9.69834e-11
9.88686e-11
2.07232e-10
7.36432e-11
9.43302e-11
1.04034e-10
9.70908e-11
1.00672e-10
8.36139e-11
1.07122e-10
9.94526e-11
9.69301e-11
9.85762e-11
9.97572e-11
9.61667e-11
1.05783e-10
1e-10
9.85956e-11
9.50597e-11
9.95826e-11
9.93749e-11
1.00319e-10
1.03421e-10
9.86354e-11
9.80441e-11
1.00128e-10
1.08665e-10
1.15783e-10
0.00172303
0.000148099
1.04175e-10
1.08969e-10
9.86e-11
9.64621e-11
1.0578e-10
9.54389e-11
9.69068e-11
9.76851e-11
9.96563e-11
1.06472e-10
9.07736e-11
9.47465e-11
9.8401e-11
9.55119e-11
1.04633e-10
9.80223e-11
9.61479e-11
9.98953e-11
9.92362e-11
9.81337e-11
1.02199e-10
0.000200513
9.80204e-11
1.08031e-10
1.01014e-10
9.89618e-11
9.91e-11
9.74196e-11
9.99547e-11
1.00827e-10
9.75295e-11
1.02952e-10
9.45298e-11
9.54609e-11
1.05485e-10
1.01548e-10
9.68468e-11
9.87241e-11
9.79822e-11
1.027e-10
1.02543e-10
9.59183e-11
1.05955e-10
9.18042e-11
1.11725e-10
9.81286e-11
1.03927e-10
9.92277e-11
1.04591e-10
1.04264e-10
1.12544e-10
9.57747e-11
9.47756e-11
9.41364e-11
1.07975e-10
9.78146e-11
9.73683e-11
9.66134e-11
1.03793e-10
9.26703e-11
9.4754e-11
9.85303e-11
9.95183e-11
9.45018e-11
1.02889e-10
9.51949e-11
9.57839e-11
9.53367e-11
1.00979e-10
9.73828e-11
9.54298e-11
9.11889e-11
9.76862e-11
9.66019e-11
9.42216e-11
9.50961e-11
1.01816e-10
1.03533e-10
1.00941e-10
1.02383e-10
1.08673e-10
9.9484e-11
1.03691e-10
1.0279e-10
1.02093e-10
9.61133e-11
1.16964e-10
1.00773e-10
1.01843e-10
1.04547e-10
9.60537e-11
9.3914e-11
1.01014e-10
9.76394e-11
9.71076e-11
1.03119e-10
1.0393e-10
9.94085e-11
9.85415e-11
1.03309e-10
9.79634e-11
9.7221e-11
1.00195e-10
9.77344e-11
9.80518e-11
9.92783e-11
9.54412e-11
1.00082e-10
1.02317e-10
1.0235e-10
9.96203e-11
9.62909e-11
1.01363e-10
0.000459374
1.03173e-10
9.82786e-11
9.68878e-11
1.00044e-10
8.49022e-06
9.85334e-11
1.00871e-10
1.01837e-10
1.01749e-10
9.82538e-11
9.73034e-11
9.76522e-11
9.98037e-11
1.00627e-10
9.82641e-11
9.77326e-11
1.03837e-10
1.04714e-10
1.00084e-10
1.02185e-10
1.01749e-10
0.000146372
0.000132181
0.000666218
0.00315382
1.01336e-10
1.0096e-10
1.02218e-10
1.06021e-10
1.04129e-10
9.86142e-11
9.84453e-11
1.04865e-10
9.27751e-11
1.02882e-10
9.91774e-11
1.03069e-10
9.98345e-11
1.04939e-10
0.000225574
9.39042e-05
9.94635e-11
1.02805e-10
9.63545e-11
9.7473e-11
9.74765e-11
1.00685e-10
0.00117537
9.4185e-11
1.03891e-10
9.74665e-11
1.03275e-10
1.04428e-10
1.11329e-10
9.34239e-11
1.18002e-10
1.05904e-10
1.06921e-10
1.04132e-10
9.9256e-11
9.86728e-11
9.80306e-11
9.9704e-11
9.91851e-11
1.1771e-10
1.02998e-10
9.88603e-11
9.67654e-11
9.71923e-11
9.72383e-11
1.01005e-10
1.04229e-10
1.03809e-10
9.7706e-11
9.95926e-11
1.02771e-10
9.98717e-11
1.07917e-10
9.95683e-11
9.69303e-11
1.01451e-10
1.06413e-10
1.0174e-10
1.03742e-10
1.04536e-10
0.000121889
1.03638e-10
1.01978e-10
9.8342e-11
9.97427e-11
1.01471e-10
1.03661e-10
1.02047e-10
1.06866e-10
9.89385e-11
9.59298e-11
9.64845e-11
9.64527e-11
9.76481e-11
1.06252e-10
9.95485e-11
1.02467e-10
1.01684e-10
1.05341e-10
9.85989e-11
9.53239e-11
9.49549e-11
9.82827e-11
1.03863e-10
1.04983e-10
1.01213e-10
1.02633e-10
1.00014e-10
1.00953e-10
1.00756e-10
9.88673e-11
9.52798e-11
1.02948e-10
1.01226e-10
1.00105e-10
9.76654e-11
9.96891e-11
9.78062e-11
9.60159e-11
9.60991e-11
1.02657e-10
1.08671e-10
1.00817e-10
1.01387e-10
1.0095e-10
1.05599e-10
1.01981e-10
9.67221e-11
1.06856e-10
1.01943e-10
1.09704e-10
1.03497e-10
1.09132e-10
1.06157e-10
9.93789e-11
1.0009e-10
1.25409e-10
1.09055e-10
1.04273e-10
1.00875e-10
1.01386e-10
1.44871e-10
1.08185e-10
1.01102e-10
1.02895e-10
9.97997e-11
1.00614e-10
1.08376e-10
1.00892e-10
1.03288e-10
1.019e-10
1.09966e-10
1.02718e-10
1.04046e-10
9.95436e-11
1.22165e-10
1.10097e-10
9.02904e-11
9.70243e-11
1.04477e-10
9.86303e-11
9.76704e-11
9.58361e-11
1.02333e-10
1.07461e-10
1.03889e-10
9.93454e-11
9.8998e-11
9.71186e-11
9.81571e-11
1.0423e-10
9.78491e-11
9.87089e-11
0.00695688
9.81472e-11
1.11558e-10
1.00207e-10
1.12449e-10
9.98457e-11
9.68156e-11
1.00216e-10
1.07918e-10
1.02949e-10
9.97023e-11
9.99413e-11
1.01193e-10
1.07372e-10
1.12033e-10
1.00046e-10
9.69292e-11
9.71803e-11
1.08319e-10
9.97097e-11
1.01733e-10
9.56586e-11
1.02141e-10
1.05477e-10
1.04025e-10
9.27649e-11
1.02e-10
9.5447e-11
9.82006e-11
9.55956e-11
1.00986e-10
1.0104e-10
1.04429e-10
1.04383e-10
9.79837e-11
9.82203e-11
1.01751e-10
1.03525e-10
1.04146e-10
1.03549e-10
1.03074e-10
1.04405e-10
1.00734e-10
1.00524e-10
1.05603e-10
1.04441e-10
1.02779e-10
1.01995e-10
1.06932e-10
0.00015599
1.02121e-10
1.02112e-10
9.98326e-11
0.000585094
9.75242e-11
1.01572e-10
1.03384e-10
2.05114e-05
1.04214e-10
1.06082e-10
1.01715e-10
1.07026e-10
9.88051e-11
9.95354e-11
9.84878e-11
9.96736e-11
9.65157e-11
1.02513e-10
1.07186e-10
1.04886e-10
1.04461e-10
1.02837e-10
1.02475e-10
1.06479e-10
1.03517e-10
1.00207e-10
1.00482e-10
1.09052e-10
9.82219e-11
1.03428e-10
1.00941e-10
1.01673e-10
1.01849e-10
1.05991e-10
9.52191e-11
1.03364e-10
1.04775e-10
1.0031e-10
9.76841e-11
9.99888e-11
9.33165e-11
9.34345e-11
1.00106e-10
1.02684e-10
9.96931e-11
9.65271e-11
1.0356e-10
1.01201e-10
1.02232e-10
1.0165e-10
1.05932e-10
9.60903e-11
1.02146e-10
1.02327e-10
9.75171e-11
1.07303e-10
1.23085e-10
9.57484e-11
9.86132e-11
1.01078e-10
9.31025e-11
1.11806e-10
9.62807e-11
8.84678e-11
9.8279e-11
9.63369e-11
1.01668e-10
1.02166e-10
0.000100525
1.09491e-10
1.02126e-10
3.46186e-05
9.94564e-11
1.03036e-10
7.34557e-11
1.00727e-10
9.18214e-11
1.00806e-10
9.87475e-11
1.00072e-10
9.98733e-11
1.0235e-10
1.01509e-10
9.97605e-11
9.53002e-11
9.85633e-11
9.78162e-11
9.85527e-11
9.99056e-11
9.7918e-11
1.0041e-10
9.27588e-11
9.94564e-11
9.49934e-11
9.54679e-11
1.02767e-10
9.808e-11
9.67066e-11
1.06127e-10
1.04659e-10
1.07686e-10
1.05344e-10
1.98912e-05
1.02902e-10
3.01994e-10
1.03848e-10
1.03495e-10
9.77534e-11
1.04551e-10
9.88145e-11
9.83965e-11
9.8198e-11
9.80064e-11
9.88667e-11
1.02685e-10
1.01695e-10
0.000350186
1.07008e-10
1.07609e-10
1.04091e-10
1.04803e-10
1.02696e-10
1.04295e-10
1.00691e-10
9.87382e-11
9.66178e-11
1.02128e-10
9.79988e-11
1.01423e-10
1.01533e-10
1.0006e-10
1.05015e-10
1.06399e-10
1.02885e-10
1.01895e-10
1.02316e-10
9.84097e-11
1.0326e-10
1.02827e-10
1.01097e-10
1.03593e-10
1.02422e-10
1.0458e-10
1.05211e-10
6.49097e-05
0.00403168
0.000189005
1.074e-10
9.82516e-11
0.120671
1.02959e-10
1.07337e-10
1.04057e-10
1.08279e-10
9.40977e-11
0.00781772
1.03802e-10
1.01969e-10
1.10994e-10
1.04296e-10
1.02619e-10
1.05739e-10
1.06952e-10
1.01488e-10
1.03851e-10
1.05985e-10
0.000177127
1.03427e-10
1.02381e-10
1.06281e-10
1.00809e-10
1.06423e-10
1.02305e-10
1.01868e-10
4.90111e-05
1.04649e-10
0.000661068
0.000282115
1.03742e-10
1.06231e-10
1.03575e-10
1.02335e-10
1.05519e-10
1.05034e-10
1.04988e-10
1.02625e-10
1.01608e-10
1.06236e-10
1.05552e-10
1.04729e-10
1.01638e-10
1.07909e-10
1.04265e-10
1.04558e-10
1.06344e-10
1.01904e-10
1.01216e-10
0.681273
9.88085e-11
9.71536e-11
1.03586e-10
0.00121431
1.02777e-10
0.0660905
0.000468986
1.08239e-10
1.02543e-10
3.86843e-05
1.02704e-10
1.07602e-10
1.03498e-10
1.08294e-10
1.09364e-10
9.63739e-11
1e-10
9.94366e-11
1.16382e-10
1.00009e-10
1.01706e-10
9.90982e-11
1.07749e-10
9.85037e-11
1.03583e-10
1.04148e-10
1.10596e-10
9.83802e-11
1.01208e-10
9.81526e-11
1.14474e-10
9.46487e-11
1.00559e-10
0.0675411
0.0956548
9.66231e-11
1.02061e-10
0.000572003
1.01981e-10
1.05654e-10
1.06327e-10
1.03791e-10
1.93297e-05
1.03249e-10
9.85667e-11
9.80909e-11
1.03433e-10
1.01521e-10
9.94935e-11
9.90425e-11
1.05006e-10
0.0107538
0.250224
9.64269e-11
0.000998411
1.04482e-10
9.72863e-11
0.140697
1.03234e-10
1.04656e-10
1.02511e-10
0.000533082
1.0456e-10
0.00164269
1.03255e-10
1.06837e-10
9.55061e-11
9.72604e-11
1.04438e-10
1.08856e-10
9.90717e-11
9.87938e-11
9.81833e-11
9.55226e-11
1.04364e-10
9.85304e-11
9.56201e-11
1.03045e-10
1.04032e-10
9.88163e-11
9.65532e-11
9.79699e-11
1.00373e-10
1.0764e-10
9.50878e-11
9.91437e-11
9.98143e-11
9.61777e-11
1.0561e-10
9.4744e-11
0.00217427
0.0446328
0.0489618
0.0506493
1.10488e-10
0.0022396
1.1268e-10
0.000190504
0.133619
0.0335443
0.135746
0.297541
9.69872e-11
9.84959e-11
9.83092e-11
9.82069e-11
9.97034e-11
0.0578759
0.0133133
9.73717e-11
0.133961
0.0584595
0.0100575
0.0407216
0.00961671
9.60972e-11
9.81356e-11
9.78333e-11
1.0531e-10
1.02248e-10
1.09758e-10
9.94914e-11
9.41419e-11
9.21794e-11
1.05731e-10
0.000116694
0.0450387
0.0463911
1.01222e-10
1.10709e-10
9.42868e-11
9.77292e-11
1.0592e-10
9.90372e-11
9.58413e-11
9.82354e-11
1.00485e-10
9.32975e-11
9.50836e-11
1.05317e-10
1.05103e-10
1.05434e-10
9.6854e-11
9.77065e-11
1.04219e-10
9.51618e-11
9.84817e-11
9.63927e-11
9.28557e-11
1.07298e-10
1.08117e-10
9.9469e-11
9.86156e-11
9.76395e-11
0.0200641
9.66416e-11
0.0970712
0.0984572
7.57509e-05
0.071857
9.60482e-11
0.107354
9.65229e-11
0.0957653
0.00154179
1.06299e-10
1.06277e-10
9.9916e-11
9.42292e-11
9.67422e-11
0.104647
0.142639
0.143072
0.0488681
1.06971e-10
9.47316e-11
9.72814e-11
9.94419e-11
9.51962e-11
9.90765e-11
1.00134e-10
9.80221e-11
9.88998e-11
1.00517e-10
1.07405e-10
0.00222159
9.47906e-11
0.0209759
0.0165403
9.53984e-11
0.0524008
0.0645355
9.88543e-11
1.04747e-10
1.08039e-10
0.020675
1.03486e-10
1.04119e-10
1.00454e-10
1.03972e-10
9.42991e-11
9.59901e-11
1e-10
9.6687e-11
9.52985e-11
9.56874e-11
0.001177
9.54101e-11
0.00148765
1.05974e-10
9.75343e-11
9.48862e-11
1.00211e-10
9.62416e-11
9.99991e-11
9.94143e-11
9.58243e-11
9.48968e-11
9.99393e-11
9.96276e-11
1.06296e-10
1.12735e-10
1.2738e-10
1.03853e-10
9.94897e-11
9.76761e-11
1.01714e-10
1.07096e-10
1.08524e-10
1.04508e-10
0.0075745
9.79338e-11
1.08792e-10
1.07105e-10
1.07114e-10
1.02817e-10
1.12627e-10
1.08085e-10
9.87209e-11
1.45028e-10
1.15003e-10
1.03979e-10
1.05936e-10
1.03407e-10
1.15458e-10
1.1147e-10
1.00915e-10
1.019e-10
9.5562e-11
1.0053e-10
9.3293e-11
1.00012e-10
1.00893e-10
1.05117e-10
9.88753e-11
9.94876e-11
1.03503e-10
9.73353e-11
0.0389794
1.08836e-10
1.11024e-10
0.107994
0.0622094
0.134502
0.0941181
9.84345e-11
0.0698528
0.00114654
0.0442904
0.100146
0.144026
0.0689708
0.481683
0.330037
0.370617
0.160194
0.216121
0.194116
0.433758
0.259827
0.217751
0.256774
0.063232
0.178915
0.00160704
9.81074e-11
2.2457e-05
9.96221e-11
1.02631e-10
9.74361e-11
9.59395e-11
9.39627e-11
9.44472e-11
1.08232e-10
1.02703e-10
9.86597e-11
1.04337e-10
8.71511e-11
9.77939e-11
9.85091e-11
1.03728e-10
1.04447e-10
1.08906e-10
9.89105e-11
1.06599e-10
4.51016e-06
1.00093e-10
9.49438e-11
6.4756e-05
1.03397e-10
1.0047e-10
1.03109e-10
9.89257e-11
1.02914e-10
1.03771e-10
1.03173e-10
0.0001272
9.74836e-11
9.48706e-11
1.04816e-10
1.00109e-10
0.000407006
1.01825e-10
9.90934e-11
1.0819e-10
9.84049e-11
1.06914e-10
1.11122e-10
9.92161e-11
1.02208e-10
0.000167967
9.95373e-11
9.83519e-11
1.00779e-10
9.22271e-11
0.00332999
1.00816e-10
1.03545e-10
9.9538e-11
9.55627e-11
1.05515e-10
9.54976e-11
9.54728e-11
1.04701e-10
1.08536e-10
9.6909e-11
9.28246e-11
1.05972e-10
9.41629e-11
1.02179e-10
1.05386e-10
1.02677e-10
1.64355e-10
1.1404e-10
9.52273e-11
9.51869e-11
9.16547e-11
9.52216e-11
1.00539e-10
1.03715e-10
1.03634e-10
1.04257e-10
1.06071e-10
1.19046e-10
9.94925e-11
1.02555e-10
9.79612e-11
9.65977e-11
1.04506e-10
1.05073e-10
1.03111e-10
9.8797e-11
9.6597e-11
1.02215e-10
1.04571e-10
1.04576e-10
9.60048e-11
0.00638295
1.03306e-10
9.51484e-11
9.74102e-11
9.869e-11
1.0798e-10
9.55354e-11
1.03787e-10
1.01561e-10
1.04474e-10
1.02097e-10
1.03564e-10
1.02954e-10
1.05433e-10
1.05089e-10
1.1087e-10
9.84631e-11
1.04768e-10
1.06387e-10
0.206734
0.260268
1.04629e-10
9.22145e-11
8.81046e-11
1.02456e-10
9.43724e-11
8.84483e-11
0.000316133
1.13695e-10
9.3345e-11
8.82157e-11
9.44065e-11
9.84032e-11
9.56104e-11
1.02567e-10
1.07912e-10
1.06261e-10
1.00228e-10
1.01547e-10
1.01576e-10
9.86921e-11
1.03333e-10
1.04411e-10
8.97458e-11
1.03202e-10
1.00517e-10
9.94753e-11
9.79886e-11
9.9751e-11
0.000385765
1.03398e-10
1.06598e-10
8.97141e-11
9.62688e-11
8.76947e-11
1.064e-10
1.05862e-10
9.15397e-11
9.57244e-11
0.000188351
0.00409883
1.03028e-10
1.04647e-10
1.04016e-10
1.01516e-10
1.06406e-10
1.06274e-10
1.07658e-10
1.06128e-10
1.00972e-10
1.08069e-10
1.12776e-10
9.9215e-11
1.12043e-10
9.73426e-11
1.08077e-10
1.03955e-10
1.02836e-10
1.09018e-10
1.14197e-10
1.03139e-10
0.00262664
1.01437e-10
1.01845e-10
9.7586e-11
1.04401e-10
1.13349e-10
9.85871e-11
9.45615e-11
9.85806e-11
9.91489e-11
4.06259e-05
9.93359e-11
0.182014
0.246099
9.9938e-11
9.96906e-11
1.05749e-10
1.06997e-10
1.06015e-10
9.94884e-11
1.3987e-10
1.03235e-10
1.02877e-10
9.70854e-11
1.07084e-10
9.86406e-11
1.034e-10
1.06602e-10
1.1951e-10
1.06901e-10
9.88956e-11
1.04893e-10
9.67762e-11
9.70501e-11
0.398948
0.467341
0.380274
0.192869
0.149117
0.0584341
0.535562
0.185597
1.02346e-10
9.84605e-11
1.01351e-10
9.27738e-11
1.02875e-10
9.36968e-05
1.0517e-10
0.00922893
6.36513e-05
9.77436e-11
3.94414e-05
0.0490129
9.87444e-11
4.15278e-05
1.01892e-10
9.7702e-11
9.69679e-11
9.91797e-11
9.85385e-11
9.51149e-11
0.0744613
9.69253e-11
1.00426e-10
1.08212e-10
0.0577447
0.00440532
0.119436
9.91966e-11
0.101509
9.85417e-11
9.95034e-11
9.80926e-11
9.61771e-11
0.00604978
9.85254e-11
9.8563e-11
9.85642e-11
0.0193593
0.0894071
2.76675e-05
0.0163793
9.71145e-11
9.83677e-11
9.97393e-11
0.00187278
9.91725e-11
0.0653798
0.181875
9.85674e-11
0.0126003
0.0705934
0.0517562
0.0850409
0.0889758
9.98181e-11
0.0348871
0.164764
0.0904226
0.0358001
0.0185509
0.055894
0.0957686
1.00282e-10
0.0769195
0.0453378
1.0364e-10
0.0899094
0.14326
0.138565
0.117736
0.086388
0.099049
9.56397e-11
0.0746466
1.01314e-10
0.0984366
0.148479
0.0290826
0.147443
0.143726
0.176837
0.251859
0.187529
0.155823
0.0781371
0.238504
0.177033
0.290178
0.28242
0.21993
0.0916652
0.170477
0.160182
9.81864e-11
0.0842942
0.0963686
0.311898
0.3289
0.294099
0.213295
0.275005
0.198612
0.119864
0.127205
0.276303
0.283815
0.15013
0.0298227
0.182543
0.268739
9.61113e-11
0.0276407
9.99292e-11
9.45641e-11
0.0588946
0.0500233
0.0945338
0.0754456
0.193615
0.154438
0.0222878
0.188186
0.18798
0.099828
0.244541
0.177837
0.13555
0.172534
0.17577
9.81494e-11
0.18013
9.74558e-11
0.0619602
0.209418
0.209267
0.0333201
0.0959344
0.187161
0.26658
0.271587
0.269899
0.293233
0.105917
0.216023
0.00613635
9.56656e-11
0.0157546
1.26879e-10
0.0852797
0.17678
0.000378903
0.0412725
1.01217e-10
9.93401e-11
0.178046
0.0726383
1.08514e-10
9.89391e-11
1.0269e-10
9.59622e-11
0.00268201
9.92416e-11
0.112605
0.162269
0.0033755
0.0739142
0.0507359
0.0744595
1.03225e-10
0.0140699
0.00540909
0.0411509
0.137957
0.0722492
0.0139548
0.075576
0.0230544
0.107305
0.08189
9.63503e-11
9.73438e-11
1e-10
9.68652e-11
0.0508713
0.0861012
0.047524
0.095413
0.00117999
9.91156e-11
1.15322e-10
1.11605e-10
9.82371e-11
1.15653e-10
0.0512093
0.0006836
0.0409097
0.124826
9.465e-11
9.46017e-11
0.0911133
9.54053e-11
0.0386356
0.0998052
0.0363627
0.0351055
0.123648
1.05507e-10
9.56239e-11
1.06425e-10
1.06498e-10
1.01769e-10
1.02794e-10
9.31328e-11
1.01515e-10
9.65753e-11
1.07061e-10
9.78077e-11
9.82246e-11
9.40794e-11
9.63154e-11
0.0435019
0.0213902
9.28006e-11
0.189763
1.00002e-10
0.085048
0.0889279
0.0833063
0.100661
0.0914167
9.67222e-11
0.0300363
0.00386694
0.0638247
0.059028
0.0652749
9.90851e-11
9.73432e-11
9.98534e-11
9.9911e-11
9.75081e-11
0.03636
1e-10
1.00916e-10
1.04123e-10
0.000497789
0.0845744
0.0574889
0.0987274
9.42195e-11
0.0905678
0.0944284
0.146381
0.0905022
1.01994e-10
0.0900125
1.04949e-10
1.00088e-10
1.00961e-10
0.076257
0.0726706
1.03678e-10
0.0582123
0.00272482
9.19239e-11
0.0175144
0.00687491
9.01547e-11
2.72835e-10
8.89887e-11
3.27456e-05
0.262838
1.02784e-10
1e-10
0.0462323
1.02735e-10
1.04118e-10
0.000724676
0.0241787
0.00128307
0.0150743
0.00418251
9.90899e-11
1.02961e-10
0.0690252
0.0404901
0.00496692
0.0935832
0.0501464
0.0439305
1.09096e-10
9.99508e-11
1e-10
1.0043e-10
9.9886e-11
0.0690509
9.87144e-11
0.0422022
1.01443e-10
0.0370164
0.0975615
0.0879461
0.0964445
0.104393
0.13089
0.0902866
0.0658919
0.0280258
9.77027e-11
1.00686e-10
0.237092
0.13472
0.122449
0.0327388
0.0880316
0.242232
0.259654
0.281511
0.150405
0.334978
0.0492029
1.06586e-10
1.04042e-10
0.421197
0.161261
0.102857
0.427551
0.123683
0.161239
0.127234
0.110199
0.0375948
0.0750882
0.158156
0.257207
0.17232
0.0704694
1.69469e-05
0.0293015
0.0220993
0.249804
9.75874e-11
9.27896e-05
0.0622587
0.320235
0.0191454
0.116499
0.277456
0.111935
0.000966991
0.00337747
0.188822
0.224884
0.136737
0.00149163
0.197983
0.182459
0.180108
0.104075
0.235809
9.86987e-11
9.93236e-11
0.036954
9.93272e-11
0.0303679
1.05107e-10
0.00227354
9.98005e-11
9.5161e-11
0.00665863
1.02488e-10
0.00166397
9.94558e-11
1.00493e-10
0.267903
9.93536e-11
0.0570118
9.87899e-11
0.00296197
0.0305767
9.98962e-11
1.07661e-10
1.02527e-10
1.0172e-10
1.09066e-10
8.97097e-11
1.01131e-10
1.02414e-10
0.000531163
0.000435921
1.16813e-10
0.0021285
0.0340161
1.05769e-10
1.02965e-10
0.051119
0.00682269
9.78907e-11
0.075665
1.25971e-10
0.0492006
0.055139
1.00343e-10
1.00921e-10
1e-10
1.01984e-10
0.134232
0.0209022
0.039758
0.0136474
9.86113e-11
0.0681253
0.084586
0.125212
0.232161
9.72872e-11
0.26002
0.212601
0.221691
0.232061
0.202685
0.224708
0.231632
0.128327
0.143746
0.109991
0.112301
0.238002
0.53417
0.253416
9.98751e-11
0.34342
0.0175454
0.28604
0.0469004
0.335306
0.0737911
0.329591
0.168733
9.64121e-11
0.277085
0.353703
0.0766689
0.423079
0.170479
0.123763
0.130699
9.47188e-11
0.0359673
1.02392e-10
0.260614
0.360351
0.0877509
0.010964
0.1735
0.0736544
0.0805052
0.177493
0.0912194
0.119642
0.0443752
0.0125462
0.0089707
0.15152
0.136272
9.84625e-11
1.05012e-10
0.155373
9.93001e-11
1.09321e-10
0.164191
0.0036573
0.108646
1.02723e-10
9.82237e-11
0.00589802
0.212977
0.0488855
0.271617
0.261749
0.179244
0.0907695
0.115595
1.03284e-10
9.64797e-11
1.04026e-10
0.00285181
1.02339e-10
1.0838e-10
1.01505e-10
0.129422
0.119089
0.0826005
0.0787336
0.0460163
0.172483
0.0382101
0.0161986
0.211189
0.0777582
0.0656607
0.0806904
9.58521e-11
0.0360279
0.088026
0.00691004
9.75004e-11
0.00928563
1.00656e-10
9.94391e-11
0.221063
0.249129
0.0848643
1.01346e-10
0.000498489
9.6771e-11
0.0929882
0.088747
0.000811595
9.7738e-11
1.04354e-10
1.02702e-10
1.04693e-10
0.000577891
9.84255e-11
9.43697e-11
0.0130025
1.03232e-10
1.05046e-10
1.74907e-10
1.07003e-10
1.04102e-10
1.02411e-10
1.06824e-10
1.12536e-10
9.24753e-11
1.12084e-10
1.07561e-10
1.13546e-10
9.9923e-11
0.00119546
9.94407e-11
1.03044e-10
9.47277e-11
1.10483e-10
1e-10
9.73683e-11
1e-10
0.000154552
1.02167e-10
1.11486e-10
9.49347e-11
9.84707e-11
9.6178e-11
0.0150633
0.0087451
1.00204e-10
0.00180466
9.97282e-11
9.95811e-11
0.0373841
0.0749871
9.62856e-11
0.0725719
0.0898876
0.0713708
1.00068e-10
0.0963802
0.0664802
0.0536664
0.059081
0.0397541
1e-10
9.85851e-11
1.01783e-10
1.00296e-10
1.07362e-10
0.0371111
0.100019
0.0445398
0.198346
0.227482
0.167217
0.241203
0.0423902
0.105046
9.84151e-11
0.00952906
1.01818e-10
0.092778
9.96866e-11
0.0896004
0.0581896
0.00749458
0.0780466
1.02313e-10
0.0282155
1.02873e-10
1.02834e-10
0.0523535
1.03671e-10
1.04007e-10
1.03926e-10
0.0939237
0.0764923
0.0902003
0.00965237
0.0705871
1.0398e-10
1.02466e-10
1.00323e-10
1.0055e-10
0.0965456
0.0873455
0.0438738
0.142306
1.0703e-10
1.02907e-10
0.0851532
0.220765
0.0810851
0.195238
1.03096e-10
0.0443994
1.10984e-10
0.164994
0.00210962
0.27143
0.0385786
9.7963e-11
9.59553e-11
0.146989
0.017168
0.0622184
0.445671
0.270866
9.81515e-11
1.0174e-10
0.0338251
0.424743
1.01714e-10
0.166439
0.117802
0.295657
9.22799e-11
6.09256e-11
1.10831e-10
6.81313e-11
9.59721e-11
1.07463e-10
0.0178419
9.28498e-11
1e-10
9.99223e-11
1.19444e-10
9.89243e-11
1.00704e-10
9.60602e-11
1.00765e-10
1.00482e-10
9.35027e-09
9.27314e-11
9.20375e-11
1.82173e-10
9.9929e-11
1.0091e-10
0.000738639
1.00666e-10
9.9152e-11
1.10281e-10
9.83103e-11
9.88401e-11
0.0243776
9.98168e-11
1.00511e-10
0.058868
0.107819
0.0910194
0.0614288
0.107838
0.0441978
0.0025972
9.76976e-11
0.0962802
6.10865e-05
1.02546e-10
0.087214
0.0730725
0.00486161
9.78718e-11
0.335586
0.107173
0.396787
0.0559083
0.260477
0.157295
0.0913842
0.0865722
0.21293
0.0958243
9.82896e-11
0.266122
9.60349e-11
0.0103682
0.0630131
0.0282088
0.0673329
0.199587
0.105452
9.93197e-11
9.60255e-11
0.0018344
1.00121e-10
1.01565e-10
1.0169e-10
0.00010611
0.227532
0.0162702
1.01276e-10
1.14516e-10
8.86363e-05
0.0217594
1.00021e-10
1.00785e-10
1.00097e-10
0.00281455
1.01548e-10
1.00621e-10
1.07075e-10
0.165447
0.0836801
4.85195e-06
1.02835e-10
9.85323e-11
0.00510319
1.02727e-10
0.0288844
1.18518e-10
0.00512264
9.92432e-11
0.12036
0.00147106
0.287881
0.0754133
0.00625676
0.153276
9.84073e-11
0.0913377
0.0459623
1.02263e-10
0.151531
0.0977899
0.0238656
1.01237e-10
0.203513
0.213028
0.122757
0.126883
0.377069
0.125969
0.345391
0.211063
0.000589816
0.0930844
1.05606e-10
0.0860643
0.262341
0.180428
0.211291
0.308273
0.183931
0.0353377
0.339124
0.340937
0.25474
0.0986862
0.31132
0.107135
0.00183914
9.51431e-11
9.95187e-11
1e-10
1.00093e-10
0.065169
9.99492e-11
0.00156639
1.0319e-10
1e-10
1.06694e-10
9.72477e-11
0.0403052
1.15428e-10
0.0078768
1.06772e-10
1.00545e-10
1.02724e-10
9.98676e-11
1.00921e-10
0.0426473
0.268777
1.03108e-10
0.364135
0.554684
0.430897
0.464539
0.430874
0.355207
0.307234
0.372439
0.329862
8.99546e-11
9.47725e-11
0.0017155
0.00944422
9.56349e-11
9.39361e-11
0.000751127
9.96804e-11
9.99963e-11
0.00789363
0.051782
0.0188441
1.01171e-10
0.00119567
0.194354
0.123851
0.0986764
0.0998744
0.134566
0.151566
0.0932269
0.131261
0.319705
0.0684592
0.15411
0.14886
0.0577867
0.1809
1.04764e-10
0.0129881
0.0950985
0.273957
0.0626582
0.125802
1.13295e-10
1.00659e-10
0.00241493
1.02597e-10
9.75224e-11
0.00364174
9.98371e-11
1.05576e-10
1.1181e-10
0.0883842
0.0462766
1.0229e-10
0.0179749
0.000865372
1.04337e-10
1.02225e-10
9.64834e-11
1.01244e-10
0.000255579
1.01743e-10
1.12017e-10
1.01322e-10
9.90475e-11
1.12032e-10
1.00584e-10
1.00075e-10
9.99994e-11
1.00345e-10
1.00297e-10
9.95381e-11
1.02081e-10
0.0628866
9.99807e-11
0.0942183
1.05438e-10
1.00431e-10
1.00671e-10
1.35013e-10
0.0167674
6.83966e-05
1.00623e-10
1e-10
1.0598e-10
0.0776332
1.05175e-10
0.001842
1.02419e-10
0.0672979
0.121874
9.27965e-11
1.01508e-10
9.33489e-11
8.87777e-11
0.00155136
9.9768e-11
1.04464e-10
0.000655134
1.0056e-10
1.00001e-10
1.04429e-10
0.00601507
1.01802e-10
1.00711e-10
1.07315e-10
9.95116e-11
1.01115e-10
1.01021e-10
0.0215819
1.03349e-10
4.14653e-06
9.70147e-11
9.98239e-11
1.18866e-10
9.51809e-11
1.04813e-10
9.80276e-11
9.03371e-11
1.27278e-05
1.09359e-06
1.11336e-10
8.94441e-11
9.99256e-11
9.85738e-11
0.0141772
0.00903583
9.95714e-11
1.08075e-10
9.49735e-11
9.99765e-11
9.16561e-11
9.87669e-11
1.04276e-10
1.02456e-10
9.23487e-11
1.01102e-10
9.92558e-11
8.72663e-05
0.000157258
0.00153889
9.99475e-11
9.94481e-11
1e-10
3.94308e-05
1.00343e-10
9.97277e-11
1e-10
9.97732e-11
1.01609e-10
1.00641e-10
1.01906e-10
1.00235e-10
1.02995e-10
1.03414e-10
0.00694855
1.05677e-10
0.0685257
1.03438e-10
1.00091e-10
9.49181e-11
9.90376e-11
0.00542641
0.0254777
9.75604e-11
0.000363984
0.0176095
3.25412e-05
9.96246e-11
1.01125e-10
1.05073e-10
1.03417e-10
1.01801e-10
9.99838e-11
0.00288572
1.0025e-10
6.05125e-05
9.97307e-11
1.00678e-10
1.0229e-10
9.9081e-11
1.00477e-10
0.000188578
0.0111127
9.7281e-11
0.475706
1.01823e-10
3.04987e-05
0.25751
0.0101695
1.00812e-10
0.0277784
0.0955473
1.0071e-10
1e-10
0.00010388
0.016864
0.307789
0.144212
1.04764e-10
0.00777142
1.02725e-10
1.02031e-10
0.037857
1.01492e-10
0.105411
0.0607913
1.0068e-10
0.0190734
9.78839e-11
1.00766e-10
9.93355e-11
3.64878e-07
1.02402e-10
1.0064e-10
9.99692e-11
0.000787872
9.96626e-11
1.00978e-10
0.00220311
2.23267e-05
0.000172754
9.99995e-11
1.00989e-10
1.29323e-10
1.05408e-10
9.89562e-11
9.8016e-11
9.94485e-11
1.14811e-10
1.09753e-10
1.17682e-10
9.89528e-11
1.00453e-10
9.87908e-11
9.92005e-11
1e-10
9.83511e-11
1.1441e-10
9.77617e-11
1.01067e-10
9.68213e-11
9.61975e-11
9.65355e-11
9.84923e-11
1.18799e-10
1.08683e-10
9.98665e-11
1.00043e-10
9.91738e-11
9.9425e-11
1.01063e-10
1e-10
0.0373456
9.93927e-11
0.075
1.00121e-10
9.89605e-11
1e-10
9.9521e-11
1.07766e-10
1.00191e-10
9.90766e-11
9.89379e-11
0.000110108
0.0014185
1.00399e-10
9.83826e-11
9.89942e-11
9.57534e-11
9.69608e-11
1.00191e-10
9.78893e-11
0.00557027
9.98953e-11
9.99363e-11
1.11868e-10
1.16555e-10
1.00024e-10
0.077585
0.0885442
9.92585e-11
1.02008e-10
9.99373e-11
9.86569e-11
0.0147942
0.017861
0.0140525
9.76939e-11
9.70215e-11
9.92173e-11
9.77013e-11
1.05801e-10
9.9588e-11
1e-10
1.02177e-10
9.95028e-11
1e-10
9.9795e-11
9.91739e-11
9.9455e-11
0.00619676
9.61065e-11
9.52713e-11
9.41331e-11
9.82148e-11
9.71473e-11
9.47402e-11
9.81238e-11
9.26557e-11
1.11455e-10
9.78976e-11
1.01405e-10
1.01041e-10
9.79629e-11
9.25688e-11
9.58037e-11
9.58987e-11
0.0767781
9.93842e-11
1.02817e-10
9.46374e-11
9.6414e-11
1.03182e-10
1.04945e-10
9.83946e-11
9.19001e-11
0.00370455
0.0118265
9.77377e-11
1.02175e-10
9.57188e-11
9.63587e-11
9.73846e-11
9.84868e-11
9.57741e-11
9.76121e-11
9.87311e-11
1e-10
9.42787e-11
9.96232e-11
1.06078e-10
9.97392e-11
0.00536731
9.41047e-11
1.0288e-10
0.0739985
9.93932e-11
9.9293e-11
4.98495e-05
1.00764e-10
1.00304e-10
0.0260815
9.99399e-11
0.0448274
9.9973e-11
1.01379e-10
1e-10
9.84641e-11
1e-10
1.0006e-10
1.06868e-10
1.06722e-10
0.0278105
9.3359e-11
0.0680904
1.02373e-10
9.46432e-11
1.09225e-10
0.0759251
9.86963e-11
0.0757202
1.05411e-10
0.0653151
0.0583254
1.05562e-10
0.00260001
1.01755e-10
0.0797691
0.0996693
0.044167
0.0535039
0.0487948
9.40179e-11
0.0542293
1.02343e-10
9.96064e-11
0.0245774
1.09789e-10
0.0764613
0.0453286
1.03507e-10
1.04245e-10
9.36535e-11
9.57391e-11
1.12293e-10
1.08239e-10
9.86224e-11
1.07069e-10
9.58315e-11
9.8244e-11
9.49783e-11
9.18786e-11
0.0098383
9.72745e-11
9.76278e-11
1.10444e-10
0.0518401
1.04733e-10
9.55185e-11
0.0952131
0.0363489
1.02024e-10
0.0923849
9.54677e-11
1e-10
9.59433e-11
0.000948611
1e-10
1.03208e-10
1e-10
1.00056e-10
9.86066e-11
1.00298e-10
9.49489e-11
9.49926e-11
0.0844912
0.0698887
0.0734311
1.03452e-10
0.0805852
1.08677e-10
9.93029e-11
0.000276369
0.00595218
1.09256e-10
0.0127051
9.55451e-11
0.0291667
1.01977e-10
1.07982e-10
9.64699e-11
9.78196e-11
1.00057e-10
9.00691e-11
9.85793e-11
9.55438e-11
1.01884e-10
0.0906711
9.63668e-11
1.0026e-10
0.0733093
1.31597e-10
0.0894156
0.0910662
1.24703e-10
1.54868e-05
9.41877e-11
0.0872645
1.04104e-10
0.0892494
1.03715e-10
9.79354e-11
0.0633756
0.0909609
0.0922802
0.0517586
9.69865e-11
0.0758625
8.97286e-11
9.21253e-11
0.0775739
1.03493e-10
0.0337528
0.0925366
0.0760143
1.07201e-10
0.0895276
0.0712595
0.0877238
0.0813289
0.0892739
0.0287966
0.0842211
8.29543e-05
0.076353
0.1
0.094125
0.085437
0.0934785
0.0759984
9.16915e-11
0.0429574
1.03593e-10
1.0581e-10
1.00123e-10
1.06404e-10
0.0954259
0.0438182
0.0717578
0.0834485
0.0886173
0.0848392
9.50633e-11
9.52848e-11
0.00176503
0.0761152
9.33204e-11
0.0737469
0.0918096
0.0741135
0.0442471
0.00080486
0.0126371
0.0889052
0.0878266
0.0753809
0.0746629
9.38582e-11
0.000224696
0.0124842
9.2889e-11
9.60269e-11
9.9437e-11
9.99866e-11
1.03431e-10
1.00792e-10
9.9946e-11
9.97197e-11
0.0135086
0.0369862
9.37869e-11
9.32341e-11
1.01575e-10
9.70851e-11
1.00072e-10
0.0323986
1.03397e-10
9.41044e-11
8.92483e-11
0.0878969
0.0892453
0.0829764
0.1
0.0797995
0.0858271
0.0928886
0.0964762
0.1
0.0919468
0.0831513
1.07288e-10
0.0783686
9.59894e-11
0.0658553
1.0874e-10
0.0990224
1.04618e-10
0.0561959
0.0937992
1.03664e-10
1.07583e-10
0.0947142
0.0987503
9.06889e-05
9.77054e-11
9.89363e-11
0.0597429
1.08191e-10
1.01564e-10
1.08902e-10
9.43884e-11
9.53156e-11
6.0919e-06
9.51664e-11
1.04488e-10
9.79366e-11
0.00756373
1.00379e-10
1.03501e-10
0.0164785
9.91265e-11
9.37542e-11
9.20811e-11
8.86288e-11
9.56305e-11
1.13612e-10
9.52931e-11
9.84871e-11
9.42974e-11
9.50432e-11
1.00072e-10
8.93449e-11
1.48203e-10
0.0193958
9.43109e-11
9.43916e-11
9.55231e-11
9.84871e-11
7.68672e-05
1.02807e-10
9.17996e-11
0.000402769
9.76998e-11
8.81315e-05
0.00322808
9.67868e-11
9.70424e-11
9.89044e-11
9.97279e-11
1.00541e-10
9.6967e-11
9.25881e-11
1.15203e-10
9.62209e-11
9.42555e-11
1.00208e-10
0.0080057
9.20953e-11
9.99366e-11
1.02279e-10
1.00266e-10
9.25821e-11
1.00336e-10
9.47618e-11
9.2194e-11
9.24541e-11
9.69521e-11
1.07045e-10
9.67015e-11
8.97648e-11
9.7934e-11
9.36809e-11
1.0018e-10
0.000938216
8.64865e-11
9.11419e-11
9.68792e-11
9.79767e-11
9.64636e-11
1.00674e-10
0.000785345
8.69364e-11
9.58126e-11
1.02323e-10
9.76717e-11
9.89265e-11
9.19249e-11
8.89216e-11
0.00195205
9.29183e-11
9.38045e-11
8.85437e-11
9.61428e-11
8.3825e-11
8.58913e-11
9.52929e-11
9.13265e-11
8.86123e-11
1.05693e-10
9.1262e-11
9.71463e-11
9.19507e-11
0.00132536
1.02149e-10
9.20596e-11
1.00273e-10
8.56377e-11
1.00865e-10
9.49524e-11
1.00824e-10
8.75875e-11
9.76137e-11
8.91424e-11
9.08702e-11
1.08267e-10
0.00226778
8.91394e-11
9.47945e-11
8.62164e-11
0.0697279
1.02073e-10
1.00362e-10
0.0039666
9.89096e-11
9.21591e-11
0.0451417
8.06731e-11
0.000262264
1.26895e-10
0.00261592
1.0113e-10
0.00238092
1.00455e-10
1.0819e-10
9.59985e-11
1.13411e-10
9.88744e-11
1.06848e-10
1.02292e-10
1.10427e-10
1.09451e-10
0.000100744
1.01746e-10
1.00842e-10
9.46458e-11
0.00330286
9.99896e-11
0.002303
1.04601e-10
1.03897e-10
1.02986e-10
1.01427e-10
0.089824
0.135913
0.0403867
1.10412e-10
1.1649e-10
0.02005
0.0013691
1.00757e-10
8.98394e-11
9.57493e-11
1.01356e-10
1.09947e-10
9.90756e-11
1.03369e-10
1.0138e-10
1.14431e-10
9.65236e-11
9.92054e-11
1.00175e-10
3.4543e-06
9.87784e-11
9.6378e-11
9.64078e-11
9.94096e-11
8.96404e-11
9.56116e-11
1.03436e-10
9.95971e-11
9.90588e-11
1.0289e-10
1.03517e-10
9.8786e-11
1.07926e-10
1.04376e-10
0.0831005
0.0538792
9.60282e-11
9.37831e-11
0.0288132
1.03292e-10
9.50664e-11
9.56671e-11
0.000146057
0.000198825
9.8232e-11
1.0249e-10
8.88245e-11
9.74124e-11
9.86938e-11
1.01031e-10
1.04111e-10
1.01991e-10
7.05278e-05
1.03506e-10
1.05815e-10
1.02838e-10
1.00304e-10
9.49867e-11
9.70601e-11
1.01507e-10
9.21291e-11
9.95592e-11
9.41338e-11
1.0487e-10
9.49985e-11
9.56714e-11
1.05677e-10
1.18944e-10
0.0849976
1.06112e-10
0.0178774
0.000706943
0.0841757
0.111518
0.0889708
0.0442935
0.0584523
0.0753639
0.0836688
1.04928e-10
0.165071
0.252647
0.0948225
0.0875724
0.00386566
0.1
0.130353
0.0903427
0.0814344
0.0839362
0.132884
0.0661186
0.0430824
0.0780538
1.03638e-10
9.66933e-11
7.5863e-11
9.4976e-11
9.42042e-11
9.25652e-11
9.31325e-11
0.0697262
0.09455
0.0219986
9.67159e-11
0.0760321
1.05029e-10
0.0154742
0.11043
9.35378e-11
0.0873367
0.0211442
0.130118
1.11659e-10
1.0349e-10
0.0118264
1.05312e-10
1.04039e-10
9.68218e-11
1.03659e-10
9.65157e-11
9.88067e-11
9.79417e-11
1.03273e-10
1.03258e-10
9.66843e-11
9.47695e-11
1.11492e-10
9.5211e-11
1.04253e-10
1.67826e-10
9.40397e-11
0.00575807
1.03758e-10
1.03868e-10
9.34463e-11
9.72158e-11
0.00118209
9.82715e-11
9.78677e-11
9.98884e-11
9.92027e-11
9.88049e-11
1.02637e-10
9.92466e-11
0.0607306
0.139984
0.266767
0.305498
0.0300618
1.11805e-10
9.76686e-11
0.0148862
0.0360802
0.0671983
0.125162
0.115345
0.00420999
0.00907301
1.02132e-10
9.29182e-11
0.0583861
0.0634775
1.03282e-10
9.71711e-11
1.00006e-10
9.68983e-11
9.77226e-11
1.04051e-10
1.09155e-10
9.52286e-11
1.21685e-10
9.56973e-11
0.00907889
0.216715
1.03063e-10
0.000287076
1.02875e-10
9.41628e-11
1.01341e-10
9.60132e-11
0.28565
0.204639
9.60925e-11
1.07449e-10
9.85177e-11
9.82043e-11
8.93e-11
9.22496e-11
9.22876e-11
1.11425e-10
1.03755e-10
1.0199e-10
1.06328e-10
1.12277e-10
1.00708e-10
1.04017e-10
9.73405e-11
1.0366e-10
9.37539e-11
9.11041e-11
9.83092e-11
9.34922e-11
1.0176e-10
1.02198e-10
9.21542e-11
9.89823e-11
9.32346e-11
1.00655e-10
5.63733e-05
1.03929e-10
1.31605e-10
9.48278e-11
9.54773e-11
9.19651e-11
1.00545e-10
1.09429e-10
1.007e-10
1.02166e-10
1.00428e-10
9.92714e-11
1.00763e-10
1.05795e-10
1.06682e-10
1.06409e-10
1.04633e-10
9.52879e-11
1.02749e-10
1.02525e-10
1.02809e-10
1.01786e-10
9.99087e-11
1.02043e-10
1.01163e-10
9.88325e-11
1.00013e-10
1.00178e-10
1.02624e-10
1.02252e-10
9.99178e-11
1.0625e-10
1.05346e-10
1.01879e-10
1.04046e-10
1.05241e-10
1.12069e-10
1.01204e-10
1.06073e-10
1.03218e-10
1.02484e-10
1.01838e-10
1.02151e-10
9.70716e-11
1.0174e-10
1.09592e-10
1.04777e-10
9.96749e-11
9.1736e-11
9.98311e-11
1.01882e-10
1.00354e-10
9.05831e-11
1.10024e-10
1.04291e-10
1.02382e-10
1.00795e-10
1.00649e-10
1.06563e-10
1.02046e-10
1.14356e-10
9.8431e-11
1.02813e-10
8.78244e-11
9.52509e-11
1.15395e-10
8.99232e-11
9.83425e-11
0.191726
1.01243e-10
9.99129e-11
1.00061e-10
9.97935e-11
9.97962e-11
1.00192e-10
1.01494e-10
1.03176e-10
9.93097e-11
1.10911e-10
9.70376e-11
9.31363e-11
9.59211e-11
9.59956e-11
9.97735e-11
1.00113e-10
1.01426e-10
1.06282e-10
9.48514e-11
1.05582e-10
1.03978e-10
1.05113e-10
9.53628e-11
1.02128e-10
1.00041e-10
0.000796613
1.01437e-10
9.34864e-11
9.70542e-11
1.09352e-10
9.33408e-11
1.06288e-10
1.00666e-10
9.98033e-11
1.02148e-10
9.3669e-11
9.76877e-11
9.76215e-11
9.60466e-11
9.81357e-11
1.06214e-10
1.03333e-10
1.02526e-10
9.99536e-11
1e-10
1.09347e-10
1.02607e-10
9.9777e-11
9.4559e-11
1.24367e-10
1.02351e-10
9.1072e-11
9.7853e-11
1.00594e-10
9.85375e-11
9.89036e-11
9.88586e-11
9.92952e-11
9.88337e-11
9.7966e-11
1e-10
9.79838e-11
4.78888e-06
9.90447e-11
1e-10
9.9926e-11
1.00337e-10
1.04345e-10
1.1057e-10
1.20439e-10
7.56681e-05
0.0567052
0.0999219
0.0518072
1.04779e-10
0.0830947
0.0162507
0.0468777
1.00037e-10
0.232813
0.104448
0.224298
0.178259
0.0782414
0.0206158
0.0544814
0.0791787
0.0199354
0.0773335
1.03998e-10
1.08823e-10
1.06464e-10
0.0550917
0.00463862
0.00750979
0.0301651
1.0116e-10
9.21328e-11
0.000785805
0.000621833
1.04685e-10
0.0521685
8.99602e-11
0.148045
0.0713511
0.402562
0.0507985
0.0949068
0.178343
0.0815759
0.00229099
0.00612484
1.038e-10
1.04417e-10
0.0767127
0.00534137
9.34524e-11
0.0684713
0.0153082
0.291949
0.0960052
0.300474
0.436594
9.49762e-11
0.474027
0.0231154
0.0544245
9.0544e-11
1.01899e-10
0.0888745
0.0566048
0.0584713
0.0625519
0.179168
0.388232
0.149477
0.193368
0.16975
0.262224
1.01722e-10
0.0806092
0.0563475
0.0678578
0.325648
0.16676
0.408831
0.18819
0.176926
0.122982
1.03533e-10
1.02232e-10
0.403214
0.48626
0.220306
0.15777
0.0436298
0.370627
1.07591e-10
9.75143e-11
1.06281e-10
0.0574035
0.222781
9.66759e-11
0.120011
0.0530812
0.00179144
0.0884157
0.000520112
0.704819
8.75035e-11
0.0408782
0.585316
0.0202309
0.0571697
9.79996e-11
0.124846
9.36304e-11
0.0493177
1.02204e-10
0.0109626
9.91577e-11
0.555288
0.140377
0.0105443
0.636567
1.0271e-10
0.0485182
0.744527
0.842517
0.611191
0.69302
1.10497e-10
0.0348805
1e-10
0.0115281
0.0159291
9.99748e-11
0.000720465
9.93131e-11
0.0317584
0.0751109
0.24019
0.987622
0.794917
0.00912514
9.68634e-11
8.82428e-11
1.00064e-10
1e-10
9.85186e-11
9.67933e-11
1.08305e-10
1.117e-10
1.00504e-10
1.01776e-10
9.72979e-11
9.75822e-11
9.76383e-11
9.98547e-11
1.01254e-10
9.64202e-11
1.07511e-10
1.00176e-10
1.02006e-10
9.76822e-11
9.89247e-11
0.000764166
9.7317e-11
9.96654e-11
9.59135e-11
9.69458e-11
9.86125e-11
9.98058e-11
9.67984e-11
1.00516e-10
9.63084e-11
1.03633e-10
9.63349e-11
9.21147e-11
1.08189e-10
9.77121e-11
1.04821e-10
9.80051e-11
9.56488e-11
9.54811e-11
1.1155e-10
1.03535e-10
1.01964e-10
1.03639e-10
1.10252e-10
1.07192e-10
1.05316e-10
1.03141e-10
1.05445e-10
9.50295e-11
1.0447e-10
9.87423e-11
9.83702e-11
9.68626e-11
9.9192e-11
9.59788e-11
9.58162e-11
9.8239e-11
1.00373e-10
9.93236e-11
1.03585e-10
9.82667e-11
1.04533e-10
9.74999e-11
9.75951e-11
9.69085e-11
9.66943e-11
9.8195e-11
1.44358e-10
1.04473e-10
9.8921e-11
1.04138e-10
9.00389e-11
9.62075e-11
1.03462e-10
9.08963e-11
1.05113e-10
9.99608e-11
9.92364e-11
1.07329e-10
1.04877e-10
9.36859e-11
9.78347e-11
1.05387e-10
1.11187e-10
9.81971e-11
9.87864e-11
9.23509e-11
6.61649e-10
9.68003e-11
1.01525e-10
9.92267e-11
1.00612e-10
1.13194e-10
1.15531e-10
9.74308e-11
8.66951e-11
1.08247e-10
1.06961e-10
9.91101e-11
1.0985e-10
2.93277e-10
9.66494e-11
1.11036e-10
1.01511e-10
1.0531e-10
1.06385e-10
1.03701e-10
1.10357e-10
9.21232e-11
1.0228e-10
1.04791e-10
1.04413e-10
1.09332e-10
1.05748e-10
1.01464e-10
1.06036e-10
9.28327e-11
1.13248e-10
0.435526
0.415112
0.326842
0.402584
0.347421
0.322523
0.386391
0.347391
0.286976
0.499639
0.446306
0.296825
0.358667
0.577803
0.1927
0.47419
0.149846
0.250236
0.0169118
0.459415
0.297566
0.33677
0.326957
0.379904
0.418808
0.218708
0.23291
0.357815
0.51654
0.378655
0.445764
0.416146
0.284142
0.389789
0.337186
0.244202
0.144634
1.02472e-10
0.0206662
0.0216521
0.71665
1.00978e-10
0.535963
9.89055e-11
0.307075
0.278671
0.361879
0.388284
0.380745
0.423715
1.0484e-10
9.9917e-11
0.421416
0.42012
0.401139
0.508969
0.0404064
0.0411105
1.04635e-10
0.00850941
1.00633e-10
0.00816936
0.00652294
0.0200455
9.52552e-11
0.0952448
0.476013
0.511515
1.03927e-10
0.0369123
0.089564
0.0848614
0.0844145
9.5277e-11
0.0363208
0.00609219
1.01067e-10
9.47891e-11
1.06252e-10
0.00354081
0.241439
0.340147
0.559897
0.352531
0.271837
0.400164
1.08079e-10
0.119758
0.00512635
1.05054e-10
1.08776e-10
1.07397e-10
0.0002051
0.0065144
0.00814765
0.0937174
0.020934
0.00783191
0.0659746
0.0629775
1.01982e-10
0.0093157
0.0487761
0.0375552
1.03555e-10
1.08504e-10
0.0692512
0.0117429
0.038395
9.59484e-11
0.0566595
0.0722771
1.05663e-10
9.10526e-11
0.0593966
0.479901
0.708155
0.386623
0.00816566
0.586979
0.187857
0.561896
0.545871
0.640912
0.704911
0.526113
0.482028
0.488718
0.903208
0.343944
0.577751
0.572642
0.615415
0.55931
1.6261e-10
0.86591
0.415258
0.402407
0.0449789
0.232803
0.636226
0.367745
0.502728
0.597716
0.69127
0.567407
0.494889
0.168222
0.643612
0.439827
0.67587
0.701841
0.639387
0.466572
0.495356
0.507644
0.4537
0.442898
0.474336
0.569691
0.340391
0.650118
0.140525
0.428937
0.276157
0.205116
0.447498
0.362088
0.48522
0.139811
0.671021
0.539069
0.679669
0.545126
0.611091
0.490779
0.315085
0.354436
0.501165
0.393827
0.261657
0.166553
0.582794
0.67419
0.42164
0.194739
0.000882273
0.0390116
0.0113776
0.0585322
0.0837806
0.166164
0.0681843
0.0931472
0.0180516
0.119791
9.98432e-11
0.0016718
0.0475606
0.00796847
0.0107676
0.0348127
1.01984e-10
0.202368
0.0814905
0.015802
0.477033
0.246652
0.0236128
0.171717
1.03912e-10
0.111567
0.216955
0.0646851
0.15624
0.00489608
0.030828
0.152399
0.0304153
9.99127e-11
0.0218936
9.90619e-11
0.0115624
0.0016222
0.190109
9.94409e-11
0.0523574
1.0247e-10
0.00016137
9.30876e-11
0.00217664
9.95308e-11
1.01609e-10
9.81562e-11
1e-10
8.93786e-11
9.54854e-11
9.50231e-11
0.00202599
1.0008e-10
0.407558
0.00236444
1.06803e-10
9.65617e-11
0.00374239
0.00843576
1.04804e-10
0.0266807
1.0979e-10
0.0527715
1.04898e-10
9.4961e-11
1.03314e-10
1.10152e-10
0.0751444
9.57241e-11
1.18092e-10
0.180683
0.149657
1.08733e-10
0.041104
0.0168766
1.16995e-10
9.31274e-11
0.093201
1.09659e-10
0.0132942
0.30616
0.122582
0.978824
0.393317
0.134847
1.02564e-10
0.00324858
0.18776
9.56157e-11
0.999001
9.94435e-11
1.9377e-10
0.00368539
9.99219e-11
0.0682039
0.105951
0.988907
0.992602
0.0166226
0.0487728
0.272224
0.29874
0.234281
0.258571
0.0915657
0.0824838
1.0001e-10
0.384111
1e-10
1.00305e-10
0.000328037
0.00494543
9.80298e-11
5.01408e-05
4.96938e-05
0.0222747
0.00464712
3.30363e-05
0.569445
0.530099
0.997622
0.679569
0.0242498
0.668629
0.958399
1.00154e-10
0.979932
0.430934
0.00155927
9.99239e-11
0.989857
0.600777
0.000173619
0.0246913
0.051297
0.192944
9.95509e-11
0.00282172
0.182081
0.232509
0.210223
9.97736e-11
9.9198e-11
1.01451e-10
9.6783e-11
1.01789e-10
7.70097e-05
0.00214535
0.0749484
1.00211e-10
9.4014e-11
1.00118e-10
1.3093e-10
1.03674e-10
0.000341686
0.00606066
0.000345115
1.05243e-10
1.01122e-10
8.98244e-11
9.35389e-11
9.92959e-11
0.00520602
9.97237e-11
1.00109e-10
1.00033e-10
1.08053e-10
1.00833e-10
3.98251e-06
1.03719e-10
0.00124079
0.615283
0.0826922
1.04744e-10
0.0894437
0.00102302
0.0630974
0.113747
1.05372e-10
0.039835
9.67911e-11
9.60225e-11
0.106875
1.06526e-10
0.0448604
0.000234558
9.29471e-11
9.2572e-11
1.04871e-10
0.181634
0.00403389
0.000573
0.0739334
0.113022
0.00712669
9.94884e-11
1.07919e-10
1.03695e-10
0.0610582
0.129844
0.121654
0.115289
0.211452
0.122807
0.0870419
0.0813106
0.208523
0.0541216
0.0711964
0.270157
1.04623e-10
0.271068
0.0691813
0.270706
1.01291e-10
0.0891412
1.02881e-10
0.0712942
0.233922
0.0223742
0.0693729
0.114927
1.05831e-10
9.1239e-11
9.04388e-11
8.86047e-11
1.00175e-10
8.60506e-11
0.0068641
1.00456e-10
0.000162537
9.67289e-11
1.04663e-10
0.00123044
9.6301e-11
9.82549e-11
9.95734e-11
9.72651e-11
0.0102853
1.00725e-10
0.0613722
0.0104842
9.62245e-11
1.00274e-10
0.000430305
3.6565e-05
0.00089025
1.07237e-10
0.0184882
1.05127e-10
1.1115e-10
1.16341e-10
1e-10
1.14161e-10
9.62903e-11
9.92308e-11
9.93399e-11
0.00103573
3.21626e-05
0.00367782
0.0360934
9.8797e-11
1.02143e-10
0.00448709
0.172272
1.03091e-10
0.00434511
0.0692694
0.0881827
0.140483
0.239946
0.125726
0.143212
0.312524
0.112291
0.253134
0.127545
0.283378
0.0816762
0.1203
0.0897917
1.05895e-10
1.00368e-10
1.03739e-10
0.0786482
0.0816843
9.77375e-11
0.0560055
0.302648
0.265261
0.0995741
0.277417
0.0100523
0.00659994
9.93051e-11
0.0209542
0.0788439
0.0948276
0.0764079
0.281703
0.144312
0.372769
0.120476
0.293706
0.11731
0.0325442
0.0421652
0.119467
0.024587
0.0397981
0.102062
0.0747311
1.01574e-10
0.0931162
0.234618
0.226189
0.405184
0.256909
0.130072
0.00129068
0.0936641
0.08609
0.172469
0.063819
0.291401
0.353601
0.371418
0.308009
0.0904744
1.02947e-10
0.231055
0.282293
0.254083
0.331083
0.104762
0.0747361
0.435346
0.573076
0.279401
0.441485
0.293976
0.505688
0.123317
0.0876985
0.243985
0.211447
0.215
0.1306
0.356293
0.455094
0.1985
0.266216
5.3699e-05
0.0827649
0.0630409
0.149213
1.01849e-10
0.105406
0.0856017
0.0961925
0.279001
0.157154
0.369688
0.281322
0.312464
0.498636
0.369323
0.498055
0.0755173
0.137395
0.1077
0.134796
0.2838
0.357147
0.380199
0.659114
0.0218579
1.1307e-10
0.502305
0.430869
0.388136
0.307797
0.0805714
0.0635012
0.0881154
0.0692785
0.0879769
0.060359
0.0325379
9.75411e-11
0.100517
0.0889495
1.05079e-10
0.0700712
0.123789
1.00056e-10
9.53007e-11
0.0403427
0.00018392
9.6075e-11
0.0810661
0.0798255
0.0342789
9.91748e-11
9.77769e-11
9.39515e-11
9.88283e-11
0.0019443
0.0370612
9.85029e-11
0.0869035
0.0718917
9.92287e-11
9.95241e-11
9.99939e-11
9.8858e-11
9.70504e-11
9.89023e-11
0.0990579
0.215534
1.01111e-10
1.01826e-10
9.73177e-11
9.85039e-11
0.0204656
0.135769
0.204781
0.0870843
1.01326e-10
1.06331e-10
9.90721e-11
9.84411e-11
0.000727783
0.0397486
0.095545
0.0997444
0.54155
0.0377114
0.379547
0.402858
9.3199e-11
9.49068e-11
0.0875
9.69084e-11
0.000483855
9.64562e-11
9.50292e-11
9.25639e-11
1.06536e-10
9.43905e-11
9.64104e-11
9.36179e-11
9.41984e-11
0.0841487
9.3452e-11
9.93439e-11
9.97855e-11
9.418e-11
9.63345e-11
9.97139e-11
9.50313e-11
0.00102126
9.63573e-11
1.22557e-10
0.144475
1.1478e-05
9.77208e-11
9.4676e-11
8.86202e-11
9.5938e-11
7.84221e-06
1.08838e-10
9.39645e-11
9.75749e-11
9.58715e-11
9.23605e-11
9.59552e-11
0.000626421
9.51279e-11
1.0386e-10
9.56744e-11
9.94031e-11
9.38486e-11
9.63798e-11
9.76491e-11
1.0922e-10
0.00901842
9.72436e-11
0.00423817
0.058534
9.62871e-11
0.00621497
8.89976e-11
9.98074e-11
9.055e-11
1.00318e-10
0.0726484
0.000141831
1.03298e-10
9.57875e-11
9.97179e-11
8.81878e-11
1.01231e-10
1.01073e-10
9.9851e-11
9.99012e-11
2.32462e-10
9.97896e-11
9.854e-11
9.99617e-11
1.11839e-10
1.0211e-10
9.88443e-11
1.04604e-10
1.00966e-10
8.27293e-11
1.57719e-10
9.43937e-11
6.16758e-11
1e-10
1.01963e-10
9.85573e-11
1.07303e-10
9.85817e-11
9.95391e-11
1.01529e-10
1.00254e-10
9.93171e-11
9.45056e-11
1.20994e-10
1.01867e-10
7.8537e-11
9.79567e-11
9.99441e-11
1.02294e-10
9.99499e-11
8.83968e-11
1.05461e-10
6.61868e-11
3.90857e-10
9.64843e-11
1.13797e-10
2.74539e-10
1.01371e-10
1.31447e-10
9.98892e-11
9.48091e-11
1.00545e-10
9.936e-11
1.00799e-10
2.58103e-10
9.98279e-11
1e-10
9.93313e-11
9.85715e-11
9.18304e-11
1e-10
1.11588e-10
9.65681e-11
9.53161e-11
9.44044e-11
0.000260217
1.07801e-10
1.00991e-10
9.66252e-11
0.0125
1e-10
9.96208e-11
1.00094e-10
1.56317e-05
9.97389e-11
1e-10
9.98848e-11
1.01216e-10
9.99911e-11
1.00214e-10
1.00534e-10
9.46236e-11
6.32021e-11
9.64448e-11
1.12885e-10
1.51172e-05
9.73792e-11
1.02124e-10
9.5586e-11
9.41083e-11
9.62822e-11
1.00516e-10
1.1012e-10
1.03723e-10
9.49135e-11
9.88001e-11
9.84814e-11
9.31005e-11
9.99314e-11
1.00643e-10
9.10913e-11
9.85546e-11
9.46873e-11
9.55777e-11
1.05092e-10
9.33027e-11
1.01995e-10
1.05624e-10
1.07741e-10
1.11233e-10
1.13236e-10
1.01235e-10
1.01842e-10
1e-10
1.72508e-10
1e-10
1.01784e-10
1.95037e-10
1e-10
9.99797e-11
9.91007e-11
1.0066e-10
9.97574e-11
9.26611e-11
9.9941e-11
9.9074e-11
9.94519e-11
9.92209e-11
9.99447e-11
9.82826e-11
1.78519e-10
1.0471e-10
7.53545e-11
1.08747e-10
1.06242e-10
9.88503e-11
9.28084e-11
9.54117e-11
1.03e-10
9.59775e-11
9.99208e-11
9.88708e-11
1.02132e-10
1.04104e-10
9.82565e-11
1.04981e-10
1.33114e-10
1.00771e-10
1.02707e-10
9.93511e-11
9.86618e-11
1.00019e-10
1.03444e-10
1.01824e-10
1.09827e-10
1.05555e-10
1.00911e-10
1.00367e-10
1.00244e-10
1.00716e-10
1.00955e-10
9.88594e-11
9.1766e-11
1.00195e-10
1.05311e-10
9.26342e-11
9.54916e-11
1.02786e-10
7.25779e-11
7.12246e-11
1.00605e-10
1.12637e-10
9.22994e-11
1.59159e-10
1.05201e-10
9.22405e-11
5.36563e-11
9.02754e-11
9.97949e-11
9.85728e-11
1.14354e-10
6.94368e-05
9.10216e-11
9.11342e-11
9.87715e-11
9.99524e-11
9.95403e-11
1.01677e-10
9.75442e-11
1.21046e-10
1.04236e-10
1.02971e-10
1.01912e-10
1.01508e-10
9.7335e-11
1.05413e-10
1.03581e-10
1.02776e-10
9.2036e-11
1.0357e-10
9.49938e-11
9.61889e-11
1.0396e-10
1.05439e-10
9.65958e-11
1.06478e-10
9.31192e-11
1.051e-10
9.45302e-11
0.0014715
1.04392e-10
9.29569e-11
1.05871e-10
1.00819e-10
1.03637e-10
1.02425e-10
1.12871e-10
1.04336e-10
9.84294e-11
1.02253e-10
1.02566e-10
1.01774e-10
9.44777e-11
1.04527e-10
9.84659e-11
1.02961e-10
1.09193e-10
1.07677e-10
1.00155e-10
9.72581e-11
9.62023e-11
9.56169e-11
1.00385e-10
1.19428e-10
9.6442e-11
1.05232e-10
9.70022e-11
1.06708e-10
1.0576e-10
9.50472e-11
9.44844e-11
9.71205e-11
1.08081e-10
9.54941e-11
1.0008e-10
1.29507e-10
1.09902e-10
1.01334e-10
1.08081e-10
1.04123e-10
1.03495e-10
9.97803e-11
9.56772e-11
9.61299e-11
9.81411e-11
1.11116e-10
1.02359e-10
9.43127e-11
9.3083e-11
9.51523e-11
9.46927e-11
9.2879e-11
9.4066e-11
9.26895e-11
1.37853e-10
9.51509e-11
1.02563e-10
9.96999e-11
1.02587e-10
9.94487e-11
1.01425e-10
1.04383e-10
9.97874e-11
1.02127e-10
1.03787e-10
1.02893e-10
1.02059e-10
1.00835e-10
9.28379e-11
1.01948e-10
1.02511e-10
1.00229e-10
1.00687e-10
1.02733e-10
1.01807e-10
1.01688e-10
1.01294e-10
1.05048e-10
1.05386e-10
0.00111046
1.05917e-10
1.00039e-10
1.01653e-10
1.1168e-10
1.01516e-10
1.04903e-10
1.00649e-10
1.01093e-10
8.08382e-05
1.0059e-10
1.01168e-10
9.93962e-11
1.02705e-10
9.99121e-11
1.02842e-10
1.05477e-10
1.06189e-10
1.03703e-10
0.000165271
1.04481e-10
1.04451e-10
1.02811e-10
9.67647e-11
1.04626e-10
1.23382e-10
9.99619e-11
9.79442e-11
1.00903e-10
1.04756e-10
1.02227e-10
1.06917e-10
1.01798e-10
1.01175e-10
1.02809e-10
9.20227e-11
1.0095e-10
9.61115e-11
9.34805e-11
1.0436e-10
9.84207e-11
9.98012e-11
1.11287e-10
9.41707e-11
9.11741e-11
1.07401e-10
9.52938e-11
1.01672e-10
1.34415e-10
8.78962e-11
9.75668e-11
9.9473e-11
9.72529e-11
5.30482e-05
9.7264e-11
1.05422e-10
9.71849e-11
9.29058e-11
9.7504e-11
9.60998e-11
9.4496e-11
9.58472e-11
1.02943e-10
9.75048e-11
9.10578e-11
9.84728e-11
9.27039e-11
1.03198e-10
1.06377e-10
9.44235e-11
1.06172e-10
9.67817e-11
1.0236e-10
9.99677e-11
1.09021e-10
9.96362e-11
9.56593e-11
9.32015e-11
1.0943e-10
1.08565e-10
1.05314e-10
1.07869e-10
9.46525e-11
1.0023e-10
1.00182e-10
9.44987e-11
9.85352e-11
9.4637e-11
9.97395e-11
8.73704e-11
9.50852e-11
1.13158e-10
9.63062e-11
9.49613e-11
9.7092e-11
1.02441e-10
1.08075e-10
9.59622e-11
9.318e-11
9.38708e-11
9.44074e-11
1.00227e-10
9.65695e-11
9.40905e-11
9.59223e-11
1.15689e-10
9.92123e-11
9.857e-11
1.02141e-10
9.40151e-11
8.85891e-11
9.97644e-11
9.74404e-11
1.00938e-10
1.07091e-10
9.80537e-11
1.01544e-10
1.04279e-10
1.00414e-10
1.02867e-10
9.9143e-11
9.93202e-11
1.04356e-10
1.03547e-10
9.26735e-11
9.81488e-11
1.03529e-10
1.03697e-10
1.04526e-10
1.01797e-10
9.70846e-11
1.04646e-10
1.04376e-10
9.83637e-11
1.02457e-10
1.06981e-10
1.03325e-10
9.84723e-11
9.89e-11
1.06217e-10
1.03086e-10
1.05759e-10
1.02078e-10
1.03244e-10
1.01349e-10
1.08029e-10
9.56913e-11
1.04901e-10
1.02253e-10
1.00547e-10
9.96643e-11
1.05222e-10
8.9119e-11
9.77876e-11
1.19252e-10
1.13726e-10
1.07693e-10
1.05295e-10
1.01017e-10
9.80339e-11
1.03676e-10
1.03398e-10
1.06903e-10
9.9393e-11
1.03111e-10
9.82767e-11
1.05092e-10
1.01411e-10
1.05162e-10
9.53241e-11
1.04483e-10
9.57012e-11
1.07992e-10
9.89392e-11
1.07582e-10
0.000153777
1.01433e-10
1.06027e-10
9.67156e-11
1.0781e-10
1.09752e-10
9.92812e-11
9.81122e-11
1.19056e-10
1.01501e-10
9.80997e-11
1.09172e-10
1.02515e-10
1.03029e-10
1.01633e-10
1.30124e-10
9.14518e-11
1.00575e-10
1.00347e-10
1.00245e-10
9.85989e-11
9.72429e-11
1.02805e-10
9.89996e-11
1.018e-10
1.02304e-10
1.04669e-10
1.02119e-10
1.00263e-10
9.70128e-11
9.92555e-11
1.01432e-10
1.03641e-10
9.99628e-11
1.11768e-10
1.0681e-10
9.43027e-11
1.0177e-10
1.00016e-10
1.07958e-10
1.01463e-10
1.0407e-10
1.01197e-10
1.04671e-10
1.04355e-10
1.08595e-10
1.0238e-10
1.0816e-10
1.03529e-10
1.36245e-10
1.03022e-10
1.06831e-10
1.01121e-10
1.01393e-10
1.01763e-10
9.94772e-11
1.06032e-10
1.10831e-10
1.00823e-10
1.01458e-10
1.0383e-10
9.92131e-11
9.94979e-11
9.64563e-11
1.04237e-10
1.06881e-10
1.00508e-10
1.03855e-10
5.89796e-05
1.02777e-10
1.00268e-10
1.00733e-10
9.82877e-11
1.01379e-10
9.95537e-11
1.04785e-10
1.03518e-10
1.03217e-10
1.00354e-10
1.0865e-10
1.06602e-10
1.09748e-10
1.25539e-10
1.12472e-10
1.05021e-10
9.6301e-11
1.01744e-10
1.09327e-10
9.69789e-11
1.00827e-10
1.02533e-10
9.56858e-11
9.95709e-11
9.86753e-11
6.9202e-05
1.0105e-10
1.08334e-10
1.03886e-10
0.00585634
2.55958e-05
1.10917e-10
0.00848123
1.11676e-10
0.0645167
1.01771e-10
0.0138317
1.04638e-10
0.081643
0.0656197
9.36861e-11
1.01874e-10
0.0282534
1.0156e-10
1.04373e-10
8.31418e-11
0.00198304
0.0517957
0.0102776
0.0998322
0.0675787
0.446265
0.138274
0.180708
0.0814024
0.0654254
1.03261e-10
0.117683
1.01466e-10
0.0767483
0.022782
0.0149161
1.03101e-10
0.0478508
1.00599e-10
9.16919e-11
1.02273e-10
0.0662264
0.0814631
0.0840161
1.03035e-10
1.0412e-10
1.00085e-10
9.9379e-11
0.00249633
9.98307e-11
1.0257e-10
9.24322e-11
0.0924371
1.04131e-10
0.364269
0.386518
0.0390335
0.0764273
9.98506e-11
1e-10
1.02518e-10
1.00539e-10
9.49661e-11
9.20503e-11
1.05416e-10
1.02996e-10
1.04525e-10
1.02033e-10
0.015799
1.02412e-10
1.06348e-10
1.0251e-10
0.292182
0.048211
9.98638e-11
1.02255e-10
0.0964365
1.03189e-10
9.25594e-11
9.85203e-11
1.07458e-10
0.0164283
8.45964e-11
9.94203e-11
1e-10
1.0004e-10
1.00046e-10
1.00469e-10
9.85363e-11
9.76721e-11
0.00198728
1.17013e-10
1.01831e-10
1.01246e-10
1.00101e-10
8.55115e-11
1.00639e-10
9.55964e-11
9.98723e-11
1.01456e-10
1.0164e-10
9.94548e-11
1.08105e-10
1.08471e-10
9.40336e-11
9.37381e-11
1.07168e-10
9.00858e-11
1.05256e-10
1.01677e-10
1.00272e-10
9.92345e-11
8.90641e-11
9.57126e-11
1.01766e-10
8.98091e-11
9.91512e-11
9.9684e-11
1.04448e-10
9.97018e-11
1.02106e-10
1.00489e-10
9.39805e-11
1.02242e-10
1.05457e-10
9.99802e-11
9.74526e-11
1.04321e-10
0.0100244
1.01374e-10
0.0001333
0.000543155
1.02523e-10
1.00127e-10
0.0258067
0.00274134
0.00528329
1.00419e-10
0.0318048
9.99437e-11
1e-10
0.023426
1.00085e-10
0.0032595
0.00182485
0.00405215
1.02034e-10
1.00971e-10
1e-10
9.94482e-11
0.00151713
0.000793087
0.00728592
1e-10
1e-10
1.00074e-10
0.00387309
0.00710114
9.95755e-11
1.00794e-10
1.00019e-10
0.0153405
0.908981
1.00477e-10
1.354e-10
0.00304915
1.00806e-10
9.85109e-11
1e-10
9.98226e-11
9.91625e-11
9.99631e-11
0.00248583
0.000444585
0.00404757
0.027185
0.0241066
9.98676e-11
0.0168097
0.00512557
0.00112337
1e-10
9.99117e-11
7.35462e-11
1.0151e-10
0.996023
1e-10
1e-10
9.88559e-11
0.000975747
9.97215e-11
9.9786e-11
1e-10
9.99913e-11
1e-10
1e-10
1.00013e-10
9.93806e-11
0.000330009
0.0367945
1.02399e-10
1.00057e-10
1.00012e-10
1.00177e-10
0.986515
0.0361735
9.4949e-11
9.13487e-11
0.942355
0.393086
0.0349117
0.00536211
0.0270238
0.000331878
9.20221e-11
0.979535
0.0283318
0.0270745
1e-10
1.00706e-10
9.90838e-11
1.02853e-10
1.0228e-10
9.66272e-11
8.77519e-11
9.48869e-11
1.02028e-10
9.80011e-11
1.00403e-10
9.55464e-11
0.0485815
1.47303e-05
1.00066e-10
9.97489e-11
0.00847207
1.00562e-10
1.00566e-10
0.00533206
1.03555e-10
9.92886e-11
9.00505e-11
1.01814e-10
2.41451e-10
9.71116e-11
9.44352e-11
6.53446e-11
9.98452e-11
0.924458
3.36887e-10
0.0758087
0.138164
0.223812
9.4761e-11
1.004e-10
1.19443e-10
1e-10
0.00295283
1.40162e-10
9.91907e-11
1.00315e-10
1e-10
1e-10
9.90382e-11
0.0253136
1.30859e-10
1.02949e-10
9.70593e-11
1.01574e-10
0.00367316
9.94889e-11
9.98898e-11
1.05081e-10
9.82855e-11
9.90701e-11
1.03397e-10
9.88221e-11
1.00071e-10
1.00683e-10
0.00188849
0.0080395
1.01574e-10
1.00911e-10
0.00675779
3.92376e-05
9.96721e-11
1.00461e-10
9.74872e-11
1.01605e-10
0.000146503
9.86675e-11
0.0795509
1.01276e-10
1.03482e-10
0.00244459
1.03829e-10
9.81347e-11
1.30489e-10
1.01245e-10
9.97202e-11
0.00228932
0.000786716
1.08651e-10
1.01965e-10
0.367675
1.00006e-10
0.0314142
1.03104e-10
0.00949753
9.86902e-11
0.023626
9.91651e-11
0.0743879
1.01273e-10
0.0886396
0.000385268
1.03987e-10
0.0120765
1.01503e-10
1e-10
9.91551e-11
0.0610115
1.52839e-10
1.02025e-10
0.0837102
0.270137
0.152012
9.83153e-11
0.0794192
1.04102e-10
0.1295
0.0408619
0.15002
0.00980206
9.88398e-11
1.02016e-10
0.0256196
0.0898972
0.0952565
0.00221574
0.134925
0.130781
0.12783
1.30919e-10
6.64962e-05
1.05464e-10
1.07725e-10
1.015e-10
0.0568523
9.11509e-11
9.13842e-11
0.0418227
9.60917e-11
0.00935512
0.360914
0.0013435
9.99926e-11
9.37562e-11
1.77323e-10
0.253222
0.394999
0.184019
0.0927678
0.0972656
9.96596e-11
0.0762068
0.0683681
9.24537e-11
0.200987
0.00239896
9.66689e-11
0.00541771
0.0404158
0.220631
0.0521254
0.0909175
1.01223e-10
1.01919e-10
1.42082e-10
0.112904
1.01001e-10
9.4437e-11
9.5285e-11
1.04308e-10
9.56789e-11
9.38283e-11
0.108969
0.0463306
9.12226e-11
0.150232
0.0822912
0.321558
0.110143
0.0126411
9.83413e-11
0.0153159
1.02987e-10
1.0327e-10
1.01653e-10
9.64643e-11
1.01543e-10
9.73607e-11
9.76212e-11
9.32975e-11
1.04631e-10
9.89925e-11
1.06246e-10
0.00245816
9.71963e-11
9.52473e-11
9.23765e-11
1.09019e-10
1.00825e-10
0.00524066
9.45271e-11
0.00372369
1.06597e-10
9.46539e-11
1.01755e-10
9.50885e-11
1.05001e-10
9.80633e-11
0.000216824
0.00569781
9.9886e-11
1.00106e-10
9.95782e-11
0.000269939
9.99976e-11
1.03447e-10
1e-10
1.00854e-10
1.01207e-10
9.69843e-11
1.02409e-10
1.04622e-10
1.01906e-10
9.82759e-11
0.0868734
0.0821655
1.03768e-10
0.0319913
1.0019e-10
1e-10
1.02714e-10
1.04604e-10
9.52759e-11
0.0900187
1.06807e-10
0.0143357
0.0880429
0.00165446
0.041805
0.0161994
1.06059e-10
0.156933
0.114365
0.0534127
0.121541
0.0580262
0.101493
1.04954e-10
1.06356e-10
9.42128e-11
9.05491e-11
1.04283e-10
1.06987e-10
9.95958e-11
1.03179e-10
0.00474947
1.09285e-10
1.00699e-10
9.88949e-11
0.0859041
9.96011e-11
0.0663816
1.04328e-10
9.68037e-11
0.0880764
1.02309e-10
1.00811e-10
0.0889674
1.04388e-10
9.85946e-11
0.092078
0.0900994
0.0197143
0.0322863
0.0839431
9.87781e-11
0.0877786
9.44088e-11
0.0820377
9.66955e-11
0.0389668
1.0091e-10
1.00075e-10
9.48848e-11
1.06335e-10
0.0853592
0.0944758
9.11139e-11
9.83999e-11
9.88718e-11
9.90933e-11
0.00483446
1.04499e-10
9.31722e-11
9.49605e-11
9.57005e-11
1.01071e-10
1.04833e-10
1.03467e-10
0.00750093
1.05946e-10
9.10288e-11
9.9363e-11
9.85409e-11
9.11941e-11
9.8581e-11
1.04857e-10
1.02241e-10
9.68895e-11
9.25996e-11
9.54561e-11
9.76748e-11
1.01655e-10
1.01422e-10
1.02879e-10
9.48544e-11
0.0813771
1.03719e-10
0.000262426
0.0917443
9.09913e-11
0.0410683
1.04861e-10
1.0863e-10
1.02734e-10
0.0622459
0.0374399
9.64859e-11
1.00038e-10
1.06684e-10
9.92513e-11
7.46482e-05
1.34904e-10
0.0842487
0.0990815
0.0943984
0.0316649
0.00409983
0.0762971
9.89409e-11
0.0022809
1.05883e-10
0.048008
0.0567228
1.02119e-10
9.83917e-11
0.18253
9.79562e-11
1.0318e-10
1.00908e-10
1.05555e-10
9.88689e-11
0.0886492
8.68926e-11
1.02538e-10
1.05477e-10
1.03026e-10
9.33903e-11
9.77446e-11
9.62733e-11
1.01163e-10
9.30816e-11
1.00202e-10
1.02872e-10
9.34771e-11
9.29717e-11
1.03004e-10
9.04028e-05
8.5902e-11
9.42099e-11
8.98002e-11
8.93007e-11
8.92194e-11
8.73601e-11
9.8504e-11
8.98334e-11
1.0189e-10
9.87881e-11
1.02147e-10
9.46033e-11
1.11104e-10
9.84496e-11
9.99033e-11
1.02256e-10
9.47904e-11
1.00212e-10
1.12476e-10
9.2839e-11
1.01519e-10
1.17071e-10
1.0538e-10
1.0004e-10
9.53614e-11
9.52022e-11
9.45798e-11
9.60785e-11
9.45665e-11
9.34413e-11
9.8336e-11
9.27954e-11
9.21823e-11
9.78763e-11
1.03745e-10
9.04133e-11
1.00567e-10
9.90161e-11
1.02322e-10
1.0106e-10
1.01652e-10
1.02699e-10
1.02626e-10
1.01216e-10
9.75779e-11
1.00332e-10
1.0049e-10
0.0089521
9.35375e-11
9.57514e-11
1.01084e-10
1.49002e-10
1.02237e-10
1.00462e-10
1.02021e-10
1.00031e-10
1.02398e-10
9.7478e-11
1.0147e-10
1.08451e-10
1.01522e-10
1.00192e-10
9.50297e-11
9.35523e-11
1.04646e-10
1.04199e-10
9.021e-11
9.3399e-11
1.17064e-10
9.13817e-11
9.40413e-11
9.7173e-11
9.34516e-11
0.109435
3.79211e-05
0.135003
0.0336592
0.075555
0.0989789
1.8026e-10
1.09083e-10
0.255006
9.79505e-11
9.78793e-11
9.24468e-11
0.00921357
9.56095e-11
9.5604e-11
1.03943e-10
9.80957e-11
0.000508175
9.46122e-11
1.00941e-10
1.00765e-10
1.00195e-10
0.00635343
9.88895e-11
1.02103e-10
1.00062e-10
0.0596168
0.0308937
9.91323e-11
9.69282e-11
1.055e-10
1.00389e-10
1.00283e-10
1.02901e-10
9.91563e-11
1.06346e-10
1.03752e-10
9.58421e-11
9.62167e-11
9.35146e-11
9.46269e-11
9.85342e-11
1.11836e-10
9.38244e-11
8.94126e-11
9.21931e-11
1.02326e-10
1.0559e-10
9.3621e-11
9.6998e-11
1.00994e-10
1.05868e-10
9.91461e-11
9.77467e-11
9.22712e-11
1.11145e-10
1.00238e-10
9.66741e-11
1.78586e-10
9.82142e-11
1.04005e-10
1.03643e-10
9.90867e-11
9.63398e-11
1.13587e-10
1.02904e-10
1.06795e-10
1.05238e-10
9.52759e-11
9.90906e-11
9.88259e-11
1.0293e-10
1.0014e-10
9.46629e-11
1.00609e-10
9.2686e-11
9.8596e-11
1.03006e-10
9.97642e-11
9.96151e-11
9.91908e-11
1.05549e-10
9.93637e-11
1.02675e-10
9.8126e-11
1.07784e-10
1.0917e-10
9.17766e-11
1.01605e-10
1.02884e-10
9.47847e-11
1.06938e-10
1.01043e-10
1.05618e-10
1.05095e-10
9.75486e-11
9.8671e-11
0.00288492
1.03151e-10
9.64739e-11
1.09492e-10
1.11704e-10
1.03196e-10
9.95058e-11
1.0149e-10
9.83402e-11
0.0638696
0.0805124
1.02184e-10
1.00636e-10
0.105257
0.157715
0.105739
0.101599
1.00517e-10
1.00878e-10
9.97517e-11
1.04913e-10
0.0408767
0.0856888
0.0877789
0.1
0.0904445
0.0132389
0.0548301
1.02548e-10
0.0360818
0.0759637
1.06123e-10
1.01757e-10
1.01349e-10
0.0862019
1.02875e-10
0.0986788
0.110015
0.0859393
1.04408e-10
9.36348e-11
1.00333e-10
9.68927e-11
9.88323e-11
0.00630457
0.00299566
1.07612e-10
1.03185e-10
1.01476e-10
9.72655e-11
1.00004e-10
0.00697998
1.01905e-10
0.000516869
0.0291247
9.84302e-11
0.0184053
1.01516e-10
1.01544e-10
0.0050928
0.00342054
9.87615e-11
0.0721311
0.0224757
9.85391e-11
0.00376176
1.0191e-10
9.39837e-11
0.0128484
1.02222e-10
1.21439e-10
0.000715847
9.58779e-11
0.100537
1.04327e-10
0.104646
1.09289e-10
0.0792862
9.98725e-11
1.36088e-10
0.000122318
0.702843
9.65759e-11
0.0433695
1.00295e-10
0.203754
0.0951732
9.98424e-11
9.93309e-11
8.13597e-11
1.03787e-10
0.0906423
0.083427
0.0823162
0.0419739
0.0718938
9.49968e-11
1.06551e-10
0.0167747
9.94426e-11
1.00027e-10
9.79754e-11
0.0197804
9.70319e-11
1.02983e-10
1.01804e-10
9.37694e-11
0.081348
9.22642e-11
9.21366e-11
9.84827e-11
1.03119e-10
1.00263e-10
1.0426e-10
1.00986e-10
0.0457212
1.05476e-10
9.59836e-11
9.90576e-11
1.01515e-10
9.73897e-11
0.0005321
9.53307e-11
9.7621e-11
9.38316e-11
1.0778e-10
1.01091e-10
9.38395e-11
9.58844e-11
1.0036e-10
9.6309e-11
9.90568e-11
9.92897e-11
0.00176753
9.64034e-11
9.72511e-11
1.10436e-10
1.01375e-10
1.09834e-10
1.01264e-10
9.72196e-11
9.9959e-11
9.61943e-11
9.43447e-11
1.04358e-10
9.81438e-11
9.49624e-11
0.0115188
5.78171e-05
1.03893e-10
9.69727e-11
0.0330037
9.46425e-11
9.82851e-11
0.00321721
0.00474451
9.56579e-11
0.0140909
9.4416e-11
0.102545
0.0722481
0.094011
9.69427e-11
0.0757569
0.0388899
9.6838e-11
9.96516e-11
9.41136e-11
1.11056e-10
9.18912e-11
1.58441e-10
1.18065e-10
1.04586e-10
1.06405e-10
1.18238e-09
9.93441e-11
1.39127e-10
9.40636e-11
1.04057e-10
1.03539e-10
9.39948e-11
9.48322e-11
1.07416e-10
1.10365e-10
9.51845e-11
1.0246e-10
9.76189e-11
1.14846e-10
1.11277e-10
1.15094e-10
1.02571e-10
1.00339e-10
1.0375e-10
1.03074e-10
9.9299e-11
1.03024e-10
1.07951e-10
1.09418e-10
1.13716e-10
1.0155e-10
1.31697e-10
9.46479e-11
9.65083e-11
1.06103e-10
1.18944e-10
9.85896e-11
1.06929e-10
1.56535e-10
1.06463e-10
9.58881e-11
9.88794e-11
1.07259e-10
1.10328e-10
9.46517e-11
1.24483e-10
0.000253203
1.04452e-10
9.92589e-11
9.84124e-11
1.09157e-10
9.80577e-11
1.04707e-10
9.67468e-11
9.33716e-11
1.14272e-10
8.93894e-11
0.000412472
6.3883e-05
9.96639e-11
0.000178958
1.03615e-10
0.00316339
9.87296e-11
1.01018e-10
1.00443e-10
9.40379e-11
1.00518e-10
9.82254e-11
9.32166e-11
9.72301e-11
9.33028e-11
9.51901e-11
8.86454e-11
1e-10
1.11792e-10
9.33847e-11
8.9615e-11
9.89325e-11
1.00422e-10
9.78238e-11
1.03133e-10
1.14014e-10
9.32834e-11
9.40654e-11
0.0125
1.03266e-10
9.89784e-11
0.00046175
0.000849452
1.23654e-10
9.571e-11
9.83334e-11
1e-10
1.01013e-10
0.00119059
0.000527486
9.88781e-11
7.07548e-11
1.00918e-10
1.0076e-10
9.1395e-11
9.64148e-11
9.9566e-11
9.51844e-11
9.03784e-11
9.38615e-11
9.44093e-11
9.61015e-11
9.85311e-11
9.91534e-11
9.77541e-11
9.71582e-11
1.0061e-10
1.02086e-10
1.00344e-10
1.08233e-10
0.00106198
1.01706e-10
9.69935e-11
8.67916e-11
9.04448e-11
9.09307e-11
1.02052e-10
0.00223858
9.87281e-11
0.000188513
0.000599157
1.00064e-10
1e-10
9.78339e-11
9.89214e-11
1.00792e-10
9.93268e-11
0.387955
0.424709
0.418413
0.237511
0.562078
0.418871
0.237876
0.285868
0.347494
0.437753
0.606946
0.368213
0.339667
0.102156
0.356284
0.222199
0.593153
0.442144
0.532254
0.260188
0.412562
0.578038
0.630868
0.313379
0.541555
0.520241
0.317844
0.419925
0.435852
0.416775
0.36456
0.414733
0.349878
0.502161
0.182955
0.0942812
0.0381289
0.120277
0.387651
0.455674
0.318365
0.131824
0.111277
0.0885615
0.0276501
1.01364e-10
1.01704e-10
0.000386491
0.0306846
0.12016
1.00366e-10
1e-10
1.00128e-10
0.000113415
0.0303106
0.0295598
0.838812
0.00117453
0.000277846
0.0321718
1.00553e-10
0.0128935
1e-10
0.186862
0.0154573
0.414762
0.188467
9.95463e-11
9.90205e-11
1e-10
0.00176537
1.00083e-10
1e-10
0.000211715
0.0105607
0.0447128
0.00116077
1.01333e-10
1.00016e-10
1.00559e-10
9.95163e-11
0.0206448
0.0114475
0.320861
1
0.467332
0.04142
2.1383e-05
1.0007e-10
1.00156e-10
0.00381531
0.0172762
1e-10
1.00888e-10
1.02715e-10
0.922822
0.370906
0.0949484
0.0204946
0.143938
0.0013407
9.98043e-11
1.01555e-10
1.01363e-10
0.000320461
1e-10
1e-10
9.94125e-11
1e-10
9.9845e-11
0.0018131
0.00028057
0.00339648
9.9787e-11
0.952479
0.925353
0.0879192
9.97587e-11
9.98504e-11
9.98816e-11
0.000370863
0.276891
0.99731
0.972488
1
0.0220651
0.284771
1.07188e-10
0.0171144
1.21377e-10
0.0642823
9.89152e-11
1.00943e-10
9.92896e-11
0.222504
0.058957
0.0389703
0.0578995
0.0621069
1.00356e-10
1.00876e-10
1.00311e-10
1.00554e-10
9.76691e-11
1.00683e-10
9.98449e-11
1.00554e-10
9.97277e-11
0.00460912
1e-10
0.000223946
1.01478e-10
1.15504e-10
1.03119e-10
2.69577e-05
1.00028e-10
1.00476e-10
1.01184e-10
1.04464e-10
9.68864e-11
0.000154288
1.36239e-05
8.82937e-05
1.02044e-10
1.02179e-10
9.99255e-11
1.05215e-10
1.00028e-10
1.00468e-10
1.04697e-10
1.00055e-10
1e-10
0.00459971
1.08113e-10
9.63322e-11
0.184449
1.04211e-10
1.01269e-10
0.739708
1.01108e-10
0.582267
1.0198e-10
0.491129
0.52651
1.0614e-10
1.03958e-10
0.129955
9.35604e-11
1.02929e-10
0.0132524
1.01046e-10
1.03893e-10
0.959692
0.999457
0.607693
0.638206
1
0.99692
0.992782
0.0511504
0.612452
1
9.9701e-11
1.00974e-10
0.93432
0.98228
0.708477
0.803536
0.925647
0.928534
0.813627
0.82556
0.986944
0.991979
0.822972
0.737748
1.01129e-10
0.00712831
0.00257011
9.39137e-11
9.74458e-11
1.02766e-10
9.83122e-11
9.9428e-11
9.84779e-11
8.43433e-05
9.98563e-11
0.000424549
0.503501
0.616023
0.523611
1.0028e-10
1.15819e-10
0.0776915
0.225897
0.22122
0.0862595
0.276093
0.153457
0.235804
0.499809
0.364346
0.0423458
0.192619
1.09685e-10
1.03916e-10
1.0056e-10
0.000323101
1.05833e-10
1.04155e-10
1.01725e-10
1.03449e-10
1.04281e-10
1.02534e-10
0.916857
0.786142
0.774544
0.754768
0.836745
0.776893
0.554087
0.711284
0.479601
0.0864681
0.145118
1.00356e-10
0.0825297
0.2664
0.187982
0.356836
0.57044
0.463142
0.788662
0.797237
0.27843
0.761578
9.93752e-11
0.000449794
0.000244532
0.0471201
9.89899e-11
9.99441e-11
0.353506
0.392087
0.00112117
0.0284024
0.0510964
0.000121065
0.401353
0.00935594
1.06961e-10
1.00321e-10
1.00632e-10
9.8029e-11
1.02619e-10
9.91938e-11
9.89493e-05
0.000341732
0.00142014
1.03645e-10
1.08253e-10
1.00621e-10
1.20872e-10
9.78333e-11
9.67082e-11
1.01735e-10
0.00728573
9.76689e-11
1.01185e-10
1.02922e-10
1.05366e-10
9.75902e-11
0.000112891
9.8998e-11
1.0364e-10
9.46677e-11
9.45872e-11
0.00255547
9.9203e-11
1.09553e-10
1.07479e-10
9.29793e-05
1.02667e-10
1.00218e-10
9.65458e-11
9.44179e-11
0.000937712
1.03632e-10
9.95622e-11
9.83139e-11
0.000974796
9.96969e-11
0.00026417
9.51647e-11
9.77405e-11
9.3449e-11
1.03818e-10
1.02927e-10
1.01054e-10
0.000412006
1.02408e-10
1.00667e-10
9.66122e-11
9.81573e-11
1.00877e-10
9.86899e-11
1.10716e-10
0.00279421
1.00777e-10
9.56333e-11
9.61914e-11
9.26717e-11
9.62239e-11
8.88707e-11
1.03161e-10
1.02259e-10
9.68084e-11
9.52202e-11
9.72883e-11
9.2552e-11
1.70363e-10
1.02721e-10
6.76474e-05
1.00201e-10
9.7211e-11
9.40279e-11
1.03421e-10
9.9118e-11
1.02628e-10
1.02175e-10
9.8654e-11
0.0103001
9.96119e-11
0.0506143
0.00713296
1.14048e-10
0.0293981
1.06802e-10
9.36173e-11
0.0171315
3.33112e-05
1.00342e-10
9.73238e-11
9.79465e-11
9.33761e-11
9.7661e-11
0.00027234
0.0576018
0.0429679
1.02552e-10
1.03304e-10
9.86318e-11
0.000877954
0.0440351
9.99267e-11
1.00724e-10
1.01943e-10
1.00024e-10
1.02244e-10
0.0670569
0.0283772
9.60356e-11
0.00381939
0.00592894
0.036701
0.000562415
0.00903978
0.42145
0.115103
0.000241481
1.00178e-10
0.0298266
0.0548849
9.87398e-11
0.00376924
0.00749869
1.01964e-10
1.04404e-10
0.132351
0.000262758
0.00113715
0.00320451
0.088121
0.00480357
0.120874
9.54633e-11
0.0842944
0.00182404
0.000485622
1.02983e-10
0.0754303
0.0315776
1.00994e-10
1.71418e-05
9.33331e-11
1.01338e-10
0.0641227
9.71539e-11
1.01837e-10
9.8583e-11
9.89582e-11
9.74957e-11
9.22426e-11
0.00588508
9.97801e-11
0.00249465
0.00035235
0.0896828
0.00416273
0.0875967
0.0506953
0.0235902
0.0535039
9.4349e-11
0.0152464
9.56848e-11
1.81194e-05
9.12412e-11
1.02549e-10
1.01335e-10
0.0010642
9.81741e-11
0.0371196
0.0242812
1.0843e-10
1.1155e-10
0.0702408
0.0266647
1.10306e-10
0.0334797
0.00508848
9.33212e-11
9.70463e-11
9.96645e-11
9.29177e-11
9.5035e-11
9.62236e-11
9.47975e-11
9.47236e-11
0.0665431
0.0655681
1.02923e-10
1.01266e-10
8.66606e-11
9.32134e-11
9.20007e-11
9.47097e-11
0.0468632
9.4614e-11
1.10707e-10
0.00398854
1.03734e-10
0.0905295
0.0632374
1.02224e-10
0.0164094
1.3101e-10
5.40306e-05
8.78128e-11
9.698e-11
9.47173e-11
0.0598372
1.00891e-10
9.90838e-11
9.63236e-11
0.0664199
9.45408e-11
9.73015e-11
1.00293e-10
0.0466835
1.01239e-10
0.0118891
0.0146888
9.47941e-11
0.0268179
1.0281e-10
9.9202e-11
0.00112024
0.0606273
9.53512e-11
1.01396e-10
0.0015725
0.0665229
0.108205
9.88398e-11
0.0545403
9.82659e-11
1.01177e-10
1.03822e-10
1.05483e-10
0.209048
0.0888039
0.00559346
1.04312e-10
1.04355e-10
1.03095e-10
0.00192192
0.0749393
0.601122
0.354503
9.64237e-11
1.00878e-10
0.0251968
0.0740372
0.351194
1.05893e-10
0.00104336
1.02306e-10
1.04322e-10
0.253513
0.269739
1.04746e-10
6.81476e-05
0.000308186
1.03001e-10
1.0133e-10
1.01993e-10
0.000477112
0.0843079
0.000112748
9.9359e-11
0.0756007
9.88736e-11
0.0595275
1.10495e-10
1.0261e-10
1.12425e-10
0.549621
0.367704
0.0443761
0.0166204
9.75205e-11
0.061185
0.176336
0.274041
0.272438
0.132703
9.7405e-11
9.99315e-11
1.0475e-10
9.80524e-11
0.0701343
0.00170403
9.86333e-11
1.01793e-10
9.79827e-11
0.000254788
1e-10
0.0333479
0.611864
1e-10
1.00832e-10
0.082885
9.84927e-11
1.00061e-10
0.0847555
9.99023e-11
9.92589e-11
1.0117e-10
1.10179e-10
0.0784113
1.06687e-10
0.141254
9.99696e-11
1.05209e-10
3.10197e-05
0.532617
0.137737
0.241936
0.10015
0.0736266
0.0869374
0.164695
0.0909522
0.441662
0.346128
0.271747
0.106855
0.129748
0.0897631
9.54766e-11
0.0557187
0.0836513
0.000250565
1.16774e-10
0.365307
0.233928
9.81073e-11
0.0397442
9.20721e-11
9.17433e-11
1.0717e-10
1.05272e-10
9.58201e-11
1.11349e-10
1.03152e-10
1.12696e-10
1.04307e-10
1.05122e-10
9.87403e-11
9.98318e-11
1.03356e-10
0.00814999
0.00282715
0.184361
1.0701e-10
9.26525e-05
0.131017
0.11229
9.32453e-11
1.13419e-10
0.212746
0.148233
0.0894109
0.379147
0.284637
0.145569
0.259503
0.428305
0.0904843
0.332065
0.514006
0.285111
0.592081
0.266934
0.365803
0.343248
0.0587723
0.0287738
9.80831e-11
9.55378e-11
9.65231e-11
0.00557477
0.000294149
0.0038964
9.86959e-11
9.76188e-11
9.91486e-11
1e-10
1.00817e-10
1.0362e-10
2.86661e-10
9.219e-11
0.000518395
9.15575e-11
9.31113e-11
1.01654e-10
9.72271e-11
9.8323e-11
1.03397e-10
9.83137e-11
9.84645e-11
9.27073e-11
1.00049e-10
9.75776e-11
0.00142621
1.09487e-10
1.06404e-10
1e-10
9.995e-11
1.02134e-10
0.00576208
1e-10
9.97778e-11
1e-10
9.8842e-11
2.32782e-06
9.96954e-11
9.99587e-11
1.00303e-10
1.06532e-10
0.037179
0.0104651
0.0407093
0.0209877
9.73336e-11
9.70543e-11
1.01193e-10
1.06046e-10
8.19886e-11
1.05909e-10
1.32466e-10
1.01793e-10
0.0105562
9.81716e-11
1.00131e-10
1.01041e-10
1.003e-10
9.9716e-11
0.000672015
0.00296647
0.0510745
0.0349662
0.0247345
9.7308e-11
0.00198819
1.90604e-05
9.85922e-11
1e-10
1e-10
1e-10
9.6013e-11
9.65633e-11
1.00113e-10
9.91547e-11
9.94554e-11
1.00508e-10
1.00142e-10
7.69046e-06
2.36777e-05
9.97562e-11
1.00534e-10
9.99829e-11
1.01297e-10
0.4412
1.04331e-10
1e-10
0.125343
0.18775
0.000159239
0.106576
9.94904e-11
1.00105e-10
0.0373588
0.0830936
0.137286
0.0175618
0.287917
0.579936
0.0719241
0.272736
0.517307
0.421904
0.229148
0.50358
0.689035
0.645126
0.281782
0.423135
0.237392
0.344359
0.492398
0.343768
0.421894
0.647155
0.278079
0.389116
1.05629e-10
1.00114e-10
9.40427e-11
0.0638783
9.58804e-11
9.46371e-11
0.00889969
9.62067e-11
0.00067841
9.46472e-11
9.64554e-11
9.53242e-11
9.19513e-11
9.84622e-11
9.92407e-11
0.00570287
0.00138726
8.0859e-05
1.04069e-10
0.0044127
1.01028e-10
1.00035e-10
1.48247e-10
1.0927e-10
9.95542e-11
1.00519e-10
1.00126e-10
1.00186e-10
0.000585774
0.00116585
0.068738
0.0149044
1e-10
0.192666
9.93908e-11
0.000914317
0.43901
0.222272
9.74062e-11
0.000817533
0.0157454
0.0755583
1e-10
0.0692036
0.0628407
0.465216
0.00336981
0.00973019
9.93311e-11
0.0280626
4.70656e-05
1.03076e-10
0.0521397
0.0493812
1.04563e-10
0.025
9.78256e-11
0.00514719
0.0511215
1.02395e-10
9.97207e-11
0.00194142
0.102871
0.0669833
0.0210398
0.0623254
0.0114738
0.0669917
9.89863e-11
9.93527e-11
9.81456e-11
0.0880184
1.07749e-10
0.0575208
9.81971e-11
9.64289e-11
0.0540783
0.0136855
9.94781e-11
9.75042e-11
0.000197121
0.0603424
9.52762e-11
0.0031633
0.00767112
9.81739e-11
9.32556e-11
0.0367527
1.13582e-10
1.12842e-10
9.8633e-11
0.0002971
0.062114
0.059727
0.5
0.680124
0.736878
0.5312
0.558106
0.489017
0.334288
0.52705
0.611219
0.548862
1.45564e-10
9.89057e-11
9.99196e-11
9.90875e-11
0.0756318
0.000540434
1.00452e-10
9.96051e-11
9.74387e-11
0.0805916
9.95213e-11
0.00696118
1.00247e-10
9.96764e-11
1.00115e-10
1.01766e-10
9.51746e-11
1.02271e-10
0.0675206
0.738154
0.725287
0.259175
0.0508155
1.98652e-10
1e-10
0.605676
0.0396359
0.0612367
0.98078
0.619467
0.358949
0.49944
0.617939
0.351145
0.971073
0.585296
0.607412
0.605913
0.775665
0.755429
0.953894
0.693551
0.275237
0.526568
0.503947
0.242407
0.722209
0.161033
0.705947
0.56591
0.822581
0.568281
0.56991
0.593752
0.506076
0.666894
0.521417
0.628389
0.82731
0.755516
0.645713
0.523767
9.93472e-11
9.78572e-11
0.00933985
1.03749e-10
9.18194e-11
9.7805e-11
9.52326e-11
1.05625e-10
9.58283e-11
9.62694e-11
9.73003e-11
9.94013e-11
1.04271e-10
9.42003e-11
9.99449e-11
9.46724e-11
9.85173e-11
9.9407e-11
1.01144e-10
5.79095e-05
9.82833e-11
9.98578e-11
9.48146e-11
9.18247e-11
1.20156e-10
9.70441e-11
9.14649e-11
9.67174e-11
9.59699e-11
9.6117e-11
1.00763e-10
9.41501e-11
9.57232e-11
9.9132e-11
9.49935e-11
9.58631e-11
9.31548e-11
9.59181e-11
1.04865e-10
1.00097e-10
9.19628e-11
9.66899e-11
1.06989e-10
0.0702404
1.00642e-10
9.76963e-11
9.46696e-11
9.62913e-11
9.40253e-11
9.0287e-11
9.34507e-11
9.53576e-11
1.06836e-10
1.04515e-10
0.093924
0.401112
9.36177e-11
1.01348e-10
9.93043e-11
9.65357e-11
1.00015e-10
1.04799e-10
0.11724
1.02737e-10
9.98985e-11
1.00006e-10
9.34511e-11
1.0681e-10
9.76975e-11
1.028e-10
0.0917115
0.0765495
0.0802425
1.04429e-10
1.00781e-10
5.54266e-05
9.82206e-11
9.7721e-11
0.000290024
1.01787e-10
1.00957e-10
1.02198e-10
1.0209e-10
0.00576169
9.8738e-11
9.82176e-11
9.91225e-11
9.61732e-11
1.04837e-10
9.86927e-11
0.00837595
0.241008
9.57216e-11
9.88381e-11
9.68748e-11
9.76387e-11
9.89605e-11
9.77761e-11
1.36193e-05
0.0810861
9.81726e-11
0.00534436
6.77672e-05
0.000323453
0.00761487
0.156364
0.0263916
0.159609
9.8586e-11
9.80603e-11
1.00141e-10
9.95769e-11
1.0334e-10
9.89859e-11
0.108862
0.0817074
9.78608e-11
9.78962e-11
0.00846209
1.0069e-10
9.78588e-11
9.63869e-11
1.01841e-10
0.0945687
9.50778e-11
0.0141187
0.0256175
0.132327
9.97225e-11
9.95587e-11
0.0229788
0.0494337
9.9468e-11
1.10441e-10
1.01112e-10
9.5751e-11
9.399e-11
9.74014e-11
9.8225e-11
9.50946e-11
0.00169743
0.112101
0.00468174
0.037689
0.161702
9.89079e-11
1.05403e-10
0.317585
0.207055
0.107018
0.00997192
0.105627
0.329207
0.793541
0.257153
0.0634423
0.0709536
1.03612e-10
0.174112
0.0373053
0.287169
0.0334423
0.00760766
0.0186206
0.0774726
0.0864853
0.211651
0.0416933
0.0427874
0.111745
0.0818406
0.0704562
0.0942461
0.159985
9.67347e-11
9.49966e-11
9.66712e-11
0.073609
0.266517
0.0757208
0.162296
0.128815
0.0596087
0.0834574
0.0741788
0.0820824
0.0375103
0.0989658
0.000631765
1.041e-10
0.337411
0.457509
0.557791
0.529857
0.53344
0.664356
0.624019
0.660552
0.53481
0.482905
0.62563
0.209495
0.805593
0.363794
0.296051
0.609284
0.647833
0.524918
0.750507
0.40415
0.763032
0.643558
0.448736
0.608369
0.266353
0.422093
0.436731
0.665289
0.543287
0.496323
9.86052e-11
1.0002e-10
0.00103914
0.0126202
0.0391479
0.120361
0.222874
0.496795
9.18669e-11
1.03244e-10
1.01367e-10
1.01034e-10
9.79791e-11
1.02126e-10
9.48404e-11
1.00724e-10
9.27921e-11
9.53375e-11
9.36028e-11
9.84953e-11
1.01664e-10
9.33342e-11
9.24662e-11
1.02329e-10
9.68759e-11
1.00714e-10
9.57181e-11
9.22405e-11
9.5728e-11
9.13945e-11
9.9888e-11
9.60726e-11
9.38393e-11
9.85349e-11
9.78403e-11
8.912e-11
9.78068e-11
9.80206e-11
0.000117703
9.6553e-11
1.0197e-10
9.97185e-11
0.0386605
0.057902
0.000453607
9.40532e-11
1.05318e-10
1.05611e-10
0.0828152
9.22058e-11
9.58144e-11
0.0576853
0.0820228
0.0273887
1.04649e-10
0.0103985
9.79354e-11
9.83301e-11
1.04413e-10
1.10362e-10
8.73363e-11
9.32779e-11
1.02458e-10
1.01369e-10
0.000227571
0.00596697
1.00098e-10
9.96012e-11
0.000361197
1.04264e-10
1.05955e-10
9.97035e-11
0.0230863
0.0807593
0.0737381
0.0649881
0.0257352
0.0384697
9.94666e-11
9.95252e-11
0.00407583
9.99892e-11
1.08524e-10
0.00541656
0.0815925
0.092047
1.04086e-10
1.0286e-10
1.03991e-10
1.02514e-10
0.0270188
1.037e-10
9.98869e-11
1.00528e-10
5.8276e-05
0.0625685
9.99772e-11
9.68219e-11
9.22274e-11
0.0598628
9.47031e-11
9.6115e-11
9.24297e-11
0.0129535
8.89271e-11
0.0239076
0.0334858
9.78741e-11
0.0409605
1.03668e-10
0.0152833
0.0534989
1.06202e-10
2.28653e-05
0.0815151
0.0851153
0.162916
0.207255
0.20958
0.413167
0.261578
0.150629
9.32673e-11
0.0469126
0.202555
0.14849
0.568692
0.207592
0.0917281
0.0933502
0.215079
0.0958364
0.961024
0.00694712
0.959557
0.960403
0.000214555
0.0151394
0.739669
0.000181119
0.994116
0.999616
0.046994
0.088986
0.226489
0.417248
0.97931
0.567911
0.244197
0.997807
0.721117
0.96765
0.289785
0.902363
0.999973
0.895776
0.811538
0.887404
1
0.94818
0.385445
0.974361
0.928939
0.999805
0.947006
0.954787
0.996596
0.931464
0.806852
0.0833054
0.515817
0.953348
0.915859
0.861276
0.999018
0.847063
0.80248
0.0690993
1
0.978513
0.983518
0.981722
0.668273
0.724425
0.604636
0.560994
0.855845
0.926331
0.279304
0.507182
0.638904
0.698311
9.67479e-11
9.93492e-11
1.0495e-10
0.0100733
0.00723829
9.74957e-11
1.11593e-10
9.88736e-11
1.15449e-10
9.18047e-11
1.01484e-10
0.00865716
9.71813e-11
9.83969e-11
9.86418e-11
9.52054e-11
9.61453e-11
0.000461351
9.49192e-11
9.60355e-11
1.0537e-10
9.73216e-11
8.04721e-05
9.71277e-11
1.0338e-10
9.41819e-11
9.62491e-11
9.73745e-11
9.37371e-11
9.32214e-11
9.27214e-11
9.59001e-11
9.52922e-11
9.41946e-11
9.79749e-11
9.89072e-11
9.51378e-11
9.82371e-11
1.02695e-10
1.03767e-10
9.72919e-11
9.69162e-11
9.88854e-11
9.78602e-11
9.17869e-11
9.46611e-11
1.01498e-10
0.00420636
9.38594e-11
9.48237e-11
1.17203e-10
1.02096e-10
1.00131e-10
1.03119e-10
1.07394e-10
9.50098e-11
1.00282e-10
9.22909e-11
9.38284e-11
9.71794e-11
9.49063e-11
9.32534e-11
1.01622e-10
1.01434e-10
9.6571e-11
9.41947e-11
9.23172e-11
9.79988e-11
9.3015e-11
9.63873e-11
9.63888e-11
0.00578899
1.03131e-10
9.62338e-11
9.60502e-11
9.70377e-11
9.40662e-11
1.02417e-10
9.48654e-11
9.20614e-11
4.22577e-05
9.53183e-11
9.61714e-11
9.54516e-11
9.52958e-11
9.74492e-11
9.48505e-11
9.5229e-11
9.48039e-11
9.63055e-11
9.68335e-11
9.52427e-11
9.90662e-11
9.6411e-11
9.84555e-11
1.00334e-10
9.62918e-11
9.64968e-11
9.56505e-11
9.8516e-11
9.80747e-11
9.71314e-11
9.52445e-11
9.24128e-11
9.44017e-11
9.70848e-11
9.47403e-11
9.47835e-11
9.98546e-11
1e-10
9.59858e-11
8.87147e-11
9.53066e-11
9.32553e-11
9.16413e-11
9.85495e-11
0.254661
1.00089e-10
9.74651e-11
9.92789e-11
9.65022e-11
9.48506e-11
1.0203e-10
9.0911e-11
9.48079e-11
0.0913945
9.77086e-11
1.00892e-10
0.00128502
0.00022046
9.30288e-11
0.266136
0.179289
0.114303
9.33595e-11
9.52684e-11
8.9915e-11
9.76653e-11
0.000156246
1.02224e-10
1e-10
9.51188e-11
9.42901e-11
0.047808
9.73817e-11
9.33918e-11
9.86434e-11
0.00533875
0.0466963
1.02539e-10
0.0168358
0.134547
0.212635
1.02544e-10
0.231051
0.221071
0.46941
0.450331
0.40204
0.505766
0.310584
0.0912233
0.679822
0.221245
0.347829
0.259837
0.170495
0.0442358
0.0250041
0.000104061
0.0281483
0.000269691
0.0113575
0.0403131
0.0318065
0.093867
9.71995e-11
0.0211694
0.0127885
0.0279205
0.0404092
0.033583
9.89781e-11
1.03483e-10
1.02195e-10
1.08805e-10
1.0458e-10
1.00997e-10
1.03484e-10
1.15788e-10
1.0778e-10
9.78539e-11
0.0699829
9.59626e-11
0.0999417
0.106349
0.0728015
0.95052
0.732403
0.803709
0.785883
0.449613
0.425915
2.22057e-05
1.08967e-10
9.553e-11
1.02582e-10
1.00951e-10
0.00414278
9.72366e-11
9.49407e-11
1.0374e-10
9.53295e-11
9.73653e-11
9.89204e-11
9.71534e-11
9.63265e-11
9.70302e-11
9.93319e-11
9.97811e-11
1.02707e-10
9.40513e-11
9.85224e-11
9.42819e-11
9.74329e-11
9.72313e-11
9.66395e-11
9.33699e-11
1.10016e-10
1.01522e-10
1.01386e-10
1.02695e-10
0.000520873
0.318253
0.253362
9.73287e-11
9.92236e-05
9.74209e-11
1.00058e-10
9.4103e-11
1.00267e-10
9.6469e-11
9.94662e-11
1.06889e-10
1.01583e-10
1.0785e-10
3.49511e-05
1.03957e-10
1.04951e-10
9.63204e-11
1.08825e-10
1.01508e-10
9.92177e-11
1.09056e-10
9.62551e-11
9.92207e-11
9.1584e-11
9.03018e-11
9.27616e-11
9.64053e-11
1.07843e-10
8.96422e-11
9.84262e-11
8.892e-11
9.74601e-11
0.000304869
9.9901e-11
9.64508e-11
9.26252e-11
9.43379e-11
1.04052e-10
9.24165e-11
1.0897e-10
1.06769e-10
0.000102656
9.47502e-11
0.00011917
1.00905e-10
9.92616e-11
9.40782e-11
9.33421e-11
0.000157054
9.15267e-11
8.89025e-11
9.76069e-11
9.54846e-11
9.68917e-11
9.60939e-11
9.83953e-11
9.23617e-11
1.03359e-10
0.000334009
0.00018351
0.00076826
9.65228e-11
1.09218e-10
9.49632e-11
9.61032e-11
0.000139324
8.45346e-05
0.0191024
9.2235e-11
8.85994e-11
0.0013959
0.0870883
9.35998e-11
9.66528e-11
0.0690175
0.0427492
9.69143e-11
9.32749e-11
0.0650067
0.0123235
9.79546e-11
1.0135e-10
0.00030936
0.0371501
9.78387e-11
0.0559347
9.60231e-11
9.65436e-11
9.28107e-11
8.70654e-11
0.0906838
0.116041
1.00939e-10
0.0820435
1.01467e-10
0.101872
0.475575
0.494636
0.21973
0.39392
0.225204
0.347839
0.101619
0.327071
0.0633769
9.98374e-11
0.491876
0.66015
0.218989
0.396835
0.755668
0.125502
0.346421
0.567907
0.568948
0.76958
0.503096
0.622647
0.507841
0.410973
0.71743
0.511546
0.5091
0.371295
0.345569
0.445078
0.54002
0.457911
0.556675
0.489714
0.188151
0.0927598
0.248057
0.309322
0.288775
0.251128
9.44686e-11
0.0974017
0.0436736
0.0468836
0.0385091
9.55445e-11
0.0101992
0.064133
0.0439642
0.0411935
0.0255834
0.0444889
0.0988162
1e-10
0.116627
0.00785977
1.02714e-10
0.00494567
1.06275e-10
0.029167
1.04774e-10
1.25181e-10
1.15653e-10
1.00234e-10
1.1317e-10
1.09986e-10
1.08809e-10
0.0476029
9.54978e-11
0.0639947
0.00689171
1.1227e-10
0.959991
0.864102
0.852252
0.787872
0.807959
0.0149888
0.977567
2.12989e-10
0.982377
0.0138255
0.877491
0.930106
0.99979
0.995519
0.771746
0.782745
0.011232
9.99586e-11
0.63039
1.01248e-10
0.00619123
1e-10
0.0442577
0.247611
0.62841
0.124092
1.01769e-10
0.425662
0.0892689
0.297814
0.0390863
0.0345192
0.263787
0.402291
0.239038
0.162108
0.0215288
0.00743985
0.164913
0.0666024
1e-10
0.110936
0.00099984
0.0840433
0.0193539
9.15542e-05
1.00049e-10
0.00792162
0.283128
1.02398e-10
0.0101581
0.0808491
0.0133223
1.00275e-10
0.0807836
0.000452811
0.0448608
0.000269063
9.84673e-11
9.60146e-11
9.16624e-11
0.0229686
0.0644743
0.0198634
0.100144
0.624301
0.041309
0.397113
0.496812
0.331895
0.391972
0.14931
0.245481
0.390481
1.07538e-10
0.184482
0.108532
0.0784431
0.0505295
0.39524
0.134288
0.0683027
1.01427e-10
0.198967
9.93424e-11
0.457952
0.0466592
1.02244e-10
0.0914655
9.98944e-11
0.0395285
0.170471
9.91179e-11
0.488452
0.519008
0.773433
0.0792334
1.00221e-10
1.00646e-10
1.05176e-10
1.00027e-10
0.00794274
0.00374094
1.02159e-10
9.74344e-11
0.00269094
0.0314103
0.000320614
0.00143265
0.00777774
9.99869e-11
0.00874371
9.9835e-11
0.0373215
9.98148e-11
9.33877e-06
1.06588e-10
1e-10
1.00676e-10
0.0170075
1.00108e-10
0.504272
0.104432
0.146337
0.70461
0.120874
0.211416
0.205148
0.223061
0.264124
0.130479
0.168936
0.193007
0.000496223
1e-10
0.643084
0.164211
0.396653
9.9178e-11
0.1372
0.0456282
9.98469e-11
0.0435797
9.4715e-11
1.00408e-10
1.04215e-10
1.00039e-10
0.00156516
0.000479581
0.107039
0.157363
0.231268
0.256788
1e-10
9.9955e-11
1.01886e-10
1e-10
0.186654
1.03135e-10
0.0847662
2.11103e-05
0.100388
0.0983092
0.0739087
0.0963905
0.00878274
0.164183
9.9163e-11
0.118039
0.0770258
0.197098
0.216536
0.24158
1.04082e-10
0.0745048
0.0743786
0.0577912
0.240541
1.00863e-10
0.188657
0.239398
0.0980296
0.179744
0.171796
0.257883
1.04827e-10
0.0163208
0.11844
0.268707
0.24938
0.160928
0.210419
0.345019
0.228127
0.140884
0.201571
0.111574
0.667819
0.181193
0.28355
0.216145
0.191178
0.176753
0.8249
0.233281
0.237973
0.21341
0.339383
0.170762
0.623902
0.689452
0.613054
0.45856
0.347948
0.823447
0.188306
0.703857
0.301993
0.201643
0.173816
0.244631
0.520777
0.273833
0.229987
0.293618
0.555064
0.556142
0.535445
0.329841
0.426319
0.629692
0.449377
0.47214
0.335924
0.231161
0.3473
0.294821
0.499656
0.321853
0.37782
0.217725
0.392632
0.437831
0.248001
0.247867
0.350879
0.217007
0.513918
0.544949
0.58788
0.493541
0.284819
0.216008
0.183654
0.342069
0.211494
0.173803
0.181416
0.681201
0.0709827
0.174023
0.158717
0.601595
0.399695
0.482407
0.259444
0.214352
9.90276e-11
0.128242
0.215465
0.208038
0.0760318
0.184712
0.00636017
1.01468e-10
0.0938012
1.01116e-10
0.105633
0.0514135
0.228265
0.237818
0.135174
0.0959208
0.108845
9.65198e-11
0.00126791
1.0426e-10
0.0887302
1.00297e-10
1.02047e-10
1.10993e-10
0.000704536
1.01477e-10
0.11483
0.0108962
9.69933e-11
1.01242e-10
1.00879e-10
0.0469024
0.0302913
1.06347e-10
0.173402
0.24506
0.00111881
0.00160871
0.0291329
9.70718e-11
9.90537e-11
0.000251686
0.00609771
9.45041e-11
0.000646929
1.02038e-10
9.96531e-11
1.06858e-10
1.0043e-10
9.08142e-11
0.00240608
9.97643e-11
1.047e-10
1.01269e-10
9.4259e-11
0.0118158
9.6674e-11
1.00623e-10
9.61117e-11
9.99728e-05
1.04721e-10
1.04638e-10
0.000606636
9.40485e-11
9.93198e-11
9.72817e-11
1.02081e-10
9.7674e-11
0.0394983
9.82906e-11
9.51538e-11
1.01417e-10
1.01815e-10
9.44339e-11
9.47845e-11
9.74295e-11
9.45864e-11
9.31155e-11
1.03429e-10
9.52702e-11
1.00775e-10
9.95706e-11
1.11923e-10
1.01159e-10
0.0236408
0.00884435
9.4064e-11
9.53483e-11
0.0813338
0.0510639
9.82092e-11
9.91382e-11
9.82346e-11
9.91855e-11
0.0448817
0.00748457
1.08226e-10
9.61925e-11
9.9237e-11
8.70983e-11
1.09655e-10
1.81088e-10
1.12958e-10
1.07122e-10
1.49538e-10
9.95613e-11
9.20787e-11
9.51765e-11
9.76104e-11
1.04913e-10
9.5665e-11
1e-10
9.68319e-11
9.06886e-11
9.21654e-11
1.00266e-10
1.26529e-10
0.000521117
9.67354e-11
8.53298e-11
1.09019e-10
1.02323e-10
9.98011e-11
1.21731e-10
1.0778e-10
9.45105e-11
9.36011e-11
9.84806e-11
9.65685e-11
9.77601e-11
1.09925e-10
1.09223e-10
9.48573e-11
7.28259e-05
9.48704e-11
1.27876e-10
9.42642e-11
9.16108e-11
9.86212e-11
1.00366e-10
1.01712e-10
1.08404e-10
1.04503e-10
1.14111e-10
1.03493e-10
1.0073e-10
9.93482e-11
1.05682e-10
1.09869e-10
9.99274e-11
1.09111e-10
1.0013e-10
1.03338e-10
1.02783e-10
9.96324e-11
1.00212e-10
9.98412e-11
9.99067e-11
9.95234e-11
1.02532e-10
1.00007e-10
1.00786e-10
9.98157e-11
9.98452e-11
9.9677e-11
9.99052e-11
1.00496e-10
9.91988e-11
9.23427e-11
0.0162797
9.7767e-11
9.09603e-11
9.83446e-11
1.00289e-10
1.06756e-10
1.02478e-10
9.9964e-11
1.02641e-10
1.0008e-10
1.14302e-10
9.9186e-11
1.0006e-10
1.06981e-10
9.19483e-11
1.00015e-10
9.65868e-11
1.01211e-10
9.78491e-11
1.04945e-10
1.01201e-10
9.99846e-11
1.04765e-10
9.90299e-11
9.21218e-11
9.81759e-11
1.10947e-10
1.00071e-10
9.70613e-11
5.42523e-05
1.4079e-05
0.000122289
1.01504e-10
0.0243622
0.079934
0.0189741
1.00322e-10
9.9283e-11
1.00055e-10
9.99258e-11
9.7503e-11
1.03258e-10
9.7914e-11
9.99893e-11
4.04666e-05
0.0259527
0.00146902
1.18548e-10
6.7279e-11
0.268268
0.00884939
0.112638
0.128334
0.15605
0.313638
0.334956
0.199991
0.848504
0.272754
0.0920594
0.192407
0.235066
0.0979782
0.379025
0.211631
1.00249e-10
0.088358
0.17575
0.194593
0.379475
0.193972
0.17628
0.42123
0.443121
0.422942
0.259008
0.0380916
1e-10
0.299863
0.225986
9.94641e-11
1.00116e-10
0.301456
0.0976714
1.04362e-10
9.74216e-11
9.52623e-11
1.01525e-10
9.63751e-11
9.76429e-11
9.79874e-11
1.00499e-10
9.96259e-11
1.03281e-10
1.0089e-10
1.04777e-10
1.02325e-10
9.74234e-11
9.6804e-11
1.12412e-10
1.00884e-10
0.0996993
0.114139
0.0673492
9.95635e-11
0.0208056
0.0406904
1.01414e-10
0.0161992
0.0279987
9.99103e-11
1.02724e-10
9.95459e-11
0.0142099
1.01982e-10
1.05668e-10
1.02633e-10
1.04134e-10
0.0524939
1.00334e-10
9.58661e-11
1.00533e-10
1.01823e-10
1.02522e-10
1.11323e-10
0.00812269
1.03012e-10
1.01392e-10
0.0392039
1.01494e-10
1.03706e-10
1.04914e-10
1.01926e-10
1.04726e-10
1.02281e-10
0.0246963
9.91663e-11
9.64792e-11
9.8344e-11
1.06908e-10
9.75989e-11
9.95598e-11
9.87648e-11
9.32901e-11
9.34462e-11
9.51362e-11
9.87241e-11
9.97298e-11
9.74745e-11
9.92399e-11
9.92088e-11
1.0691e-10
9.66525e-11
9.76735e-11
9.66567e-11
1.0072e-10
9.52919e-11
9.79832e-11
9.77513e-11
9.90316e-11
1.02106e-10
1.05778e-10
1.03928e-10
1.18476e-10
0.0179877
9.898e-11
1.00797e-10
1.03685e-10
1.01157e-10
1.00693e-10
1.01601e-10
9.96612e-11
1.17839e-10
1.27913e-10
1.03145e-10
1.06242e-10
1.08855e-10
1.09761e-10
1.00553e-10
9.36783e-11
1.07279e-10
1.02842e-10
1.01237e-10
1.14924e-10
1.04059e-10
9.93484e-11
1.00207e-10
1.04165e-10
1.01529e-10
0.0137685
1.02501e-10
1.05276e-10
9.96336e-11
9.66066e-11
1.00486e-10
0.0515241
1.10008e-10
1.04309e-10
1.00728e-10
9.86959e-11
1.00076e-10
1.02555e-10
1.04763e-10
9.91232e-11
1.03065e-10
1.03288e-10
1.06054e-10
9.61979e-11
9.78289e-11
1.07694e-10
1.03136e-10
1.02992e-10
1.00275e-10
1.0006e-10
1.00526e-10
1.02032e-10
9.77182e-11
9.66102e-11
9.6435e-11
9.78511e-11
1.00657e-10
3.73032e-05
1.04389e-10
9.91713e-11
9.57093e-11
9.80999e-11
1.08312e-10
9.74845e-11
1.04596e-10
0.00494417
1.01541e-10
9.73377e-11
9.79858e-11
9.94391e-11
9.80227e-11
9.75898e-11
1.0081e-10
1.02637e-10
1.00125e-10
1.00334e-10
1.00877e-10
9.99999e-11
1.01781e-10
9.99912e-11
1.03508e-10
9.96757e-11
9.95354e-11
9.8738e-11
1.00809e-10
1e-10
5.01115e-05
1.13219e-10
9.96257e-11
9.99021e-11
9.95703e-11
9.96723e-11
1.00136e-10
9.96055e-11
1.00143e-10
9.95651e-11
1.01879e-10
1.03359e-10
9.76346e-11
9.75133e-11
1.00629e-10
1.01196e-10
1.00044e-10
9.93365e-11
9.98359e-11
1.01728e-10
9.62864e-11
1.00265e-10
1.00074e-10
1.01786e-10
9.99737e-11
9.75684e-11
9.99381e-11
9.94774e-11
1.0001e-10
9.99085e-11
1.03586e-10
9.877e-11
1.02229e-10
1.01864e-10
1.01262e-10
1.55938e-10
9.99979e-11
9.67095e-11
1.01023e-10
1.00259e-10
9.82521e-11
9.94429e-11
1.01432e-10
9.83411e-11
8.59634e-06
9.95824e-11
9.80173e-11
9.87044e-11
9.49362e-11
9.95745e-11
1.04188e-10
1.1772e-10
1.0284e-10
1.01486e-10
1.00212e-10
9.9355e-11
9.89999e-11
9.42523e-11
9.69351e-11
9.73113e-11
1.14822e-10
9.53326e-11
1.00151e-10
1.06928e-10
1.19499e-10
1.09234e-10
1.10649e-10
1.10426e-10
9.27068e-11
1.0522e-10
9.2721e-11
9.83871e-11
9.39939e-11
9.90878e-11
9.80168e-11
9.93593e-11
9.24481e-11
9.66768e-11
9.99067e-11
9.82315e-11
9.19262e-11
1.08642e-10
9.81543e-11
1.87272e-10
1e-10
9.68152e-11
9.89392e-11
9.85745e-11
9.98505e-11
0.00120098
9.75732e-11
1.37941e-10
9.98125e-11
9.89199e-11
1e-10
9.97112e-11
9.84973e-11
9.93323e-11
1.14134e-10
1.04587e-10
1.08105e-10
9.24333e-11
1.02629e-10
1.03027e-10
1.01515e-10
1.03704e-10
0.00391289
9.77175e-11
9.88609e-11
1.00223e-10
1.16019e-10
9.74465e-11
1.00763e-10
9.94455e-11
9.83732e-11
0.0769899
1.00727e-10
1.04897e-10
1.0371e-10
0.0543615
9.69586e-11
9.8861e-11
1.00282e-10
1.08576e-10
1.03764e-10
9.87603e-11
1.07848e-10
1.01566e-10
1.01598e-10
9.98924e-11
9.92699e-11
9.90849e-11
1.00873e-10
1.01576e-10
9.53711e-11
1.0137e-10
0.0323957
1e-10
9.9731e-11
1.02017e-10
1.02761e-10
1.01207e-10
9.24409e-11
1.02983e-10
0.00115407
1.00753e-10
1.06459e-10
1.02722e-10
0.0179034
0.0152572
1e-10
1.02079e-10
1.03524e-10
1.03354e-10
1.0081e-10
0.00155041
1.01527e-10
1e-10
1.0003e-10
1.03077e-10
1.00874e-10
1.012e-10
9.48909e-11
9.50021e-11
1.00444e-10
1.13822e-10
9.83108e-11
9.59644e-11
9.97398e-11
9.98723e-11
1.03296e-10
9.88482e-11
1.00386e-10
9.9851e-11
1e-10
1.04291e-10
9.99118e-11
1.01378e-10
1.01279e-10
9.90138e-11
1.02018e-10
1.02279e-10
9.57383e-11
1.31808e-10
1.03142e-10
1.01318e-10
1.00828e-10
1.02706e-10
0.000901582
9.6948e-11
1.27712e-10
9.98256e-11
9.37281e-11
0.0457189
0.0891335
0.0378549
1.29673e-10
0.0757426
8.93143e-11
1.06713e-10
0.00832573
9.99046e-11
0.0821566
9.394e-11
0.0789343
0.0343389
0.0830527
9.51653e-11
0.000506227
0.0483856
9.31498e-11
0.0150956
9.78537e-11
1.04989e-10
0.100611
0.085273
0.0281064
1.04234e-10
0.0722204
9.34875e-11
0.0833222
0.0416921
0.0272247
1.12899e-10
0.0711615
9.64655e-11
0.0873712
0.063474
9.4723e-11
9.59017e-11
0.088483
0.0735458
9.87054e-11
1.07306e-10
1.0232e-10
1.06268e-10
9.64874e-11
0.0336238
9.24686e-11
8.97254e-11
9.81403e-11
1.03151e-10
1.01846e-10
1.01926e-10
0.00669446
9.61447e-11
9.42167e-11
0.00481361
0.0613526
9.75141e-11
9.51693e-11
9.88952e-11
9.33814e-11
9.47338e-11
9.55243e-11
1.04778e-10
9.93958e-11
9.83925e-11
1.0004e-10
1.05582e-10
1.05579e-10
1.00271e-10
1.02134e-10
9.57442e-11
1.00017e-10
1.02962e-10
9.88339e-11
1.03705e-10
1.00502e-10
0.00113952
1.00002e-10
1e-10
9.9882e-11
1.00017e-10
0.00326053
9.97846e-11
9.95738e-11
9.72483e-11
1.00637e-10
9.91095e-11
3.08438e-05
1.00197e-10
0.0450136
0.0827287
9.95926e-11
1e-10
9.85731e-11
9.83195e-11
9.98353e-11
1.0242e-10
9.90621e-11
9.51035e-11
1.0002e-10
1.00476e-10
9.80897e-11
1.01593e-10
9.80484e-11
1.00167e-10
9.98316e-11
0.00610208
9.88008e-11
0.0694752
9.89505e-11
0.075
1.00179e-10
9.68939e-11
9.31054e-11
1.90533e-10
1e-10
1.00345e-10
9.99969e-11
1.00383e-10
0.000482659
9.27608e-11
0.0315228
0.0207443
1e-10
1.01111e-10
0.0470958
1.00891e-10
9.70544e-11
0.0354027
1.03776e-10
9.91183e-11
1e-10
1.14517e-10
1.03705e-10
9.57379e-11
1.01196e-10
1.00386e-10
1.01309e-10
9.97862e-11
9.79775e-11
1.01093e-10
1.02909e-10
9.71896e-11
1.16554e-10
9.13183e-11
1.03103e-10
1.15162e-10
9.81758e-11
8.96236e-11
9.27236e-11
8.9225e-11
9.76907e-11
1.00151e-10
9.89894e-11
1.03254e-10
0.0370045
1.00063e-10
0.00617499
0.0291124
1.07556e-10
9.48271e-11
9.7548e-11
9.55676e-11
9.81992e-11
9.90314e-11
0.0507655
9.81929e-11
9.91316e-11
9.58584e-11
9.12476e-11
9.26803e-11
9.37215e-11
9.51099e-11
9.57585e-11
0.0744173
0.0560831
9.6944e-11
9.43548e-11
9.44354e-11
0.0596469
0.0653207
0.0997013
0.0128193
0.0555955
9.26677e-11
9.19918e-11
0.0217828
9.58492e-11
9.59826e-11
0.00502809
9.38362e-11
0.00192933
1.10089e-10
9.77392e-11
9.33826e-11
0.0221933
1.06769e-10
0.0689733
1.123e-10
9.55857e-11
0.00429193
9.52201e-11
0.00384049
1.03418e-10
0.0293013
9.71604e-11
1.02552e-10
1.0442e-10
9.5214e-11
0.0971191
0.0071235
0.017232
1.04647e-10
9.74045e-11
0.0442539
0.086811
0.0137912
0.034218
0.000355923
0.0716002
1.04332e-10
1.05325e-10
1.07252e-10
1.00319e-10
9.95252e-11
0.000244421
9.8956e-11
1.01037e-10
9.81962e-11
0.0684172
0.0608789
0.1227
9.05545e-11
0.000390311
9.2129e-11
1.06648e-10
0.00689552
0.0259537
0.0100657
1.02106e-10
5.73819e-06
0.0421417
0.000267435
1.10077e-10
8.90274e-11
0.0160577
9.2548e-11
9.79062e-11
1.00214e-10
9.57269e-11
1.05251e-10
1.04027e-10
0.000151271
1.04643e-10
0.0163384
1.22166e-10
0.00817388
0.0166856
0.0281924
1.01874e-10
0.0545888
0.104974
0.0382011
0.320474
0.00129182
0.0490122
0.0882634
0.0982961
0.0876874
9.58705e-11
9.80167e-11
9.69587e-11
9.44772e-11
1.05634e-10
0.04839
9.8625e-11
0.0274134
0.00777187
9.83815e-11
0.0201767
1.19278e-10
1.02498e-10
9.97679e-11
0.00198962
0.0238476
9.80247e-11
9.45533e-11
9.98815e-11
9.92374e-11
1.00048e-10
1.00423e-10
9.99988e-11
9.98515e-11
9.97886e-11
1.52309e-10
9.92758e-11
1.04452e-10
1.08549e-10
8.98342e-11
9.81402e-11
9.32103e-11
1.07836e-10
1.08784e-10
1.15061e-10
1.01529e-10
9.25356e-11
1.02797e-10
9.90588e-11
9.91311e-11
9.92096e-11
1.03238e-10
9.67577e-11
9.72998e-11
0.0447782
9.93777e-11
9.6589e-11
1.03079e-10
1.01612e-10
1.01632e-10
9.89782e-11
1.04777e-10
1.00369e-10
9.9763e-11
1.00929e-10
1e-10
9.98147e-11
9.86521e-11
0.00249053
9.76159e-11
0.000539234
0.0261418
0.000910959
1.07617e-10
9.95022e-11
0.0514184
1.00746e-10
3.59475e-05
1.0175e-10
0.00468879
0.00317238
9.8534e-11
9.86592e-11
0.0882733
0.0616695
0.118429
0.13481
9.68449e-11
9.89323e-11
1.23697e-10
1.07402e-10
1e-10
1.01379e-10
1.01164e-10
0.00275049
1.01604e-10
9.88294e-11
1.32131e-10
9.79759e-11
9.93463e-11
9.62737e-11
9.7218e-11
9.87999e-11
1.07494e-10
9.41747e-11
9.65512e-11
1.21483e-10
9.29991e-11
1.09458e-10
0.00091923
9.68633e-11
9.99204e-11
9.45951e-11
9.89747e-11
9.8554e-11
9.6768e-11
9.7738e-11
1.00319e-10
1.04401e-10
1.01283e-10
1.0128e-10
1.06473e-10
1.00174e-10
1.00491e-10
0.000502057
1.00756e-10
9.84753e-11
1.01753e-10
9.84295e-11
9.61962e-11
1.00357e-10
9.72355e-11
9.77637e-11
1.04718e-10
1.00056e-10
9.855e-11
9.95488e-11
0.0881899
1.0197e-10
9.92546e-11
1.0297e-10
1.00714e-10
0.0282294
9.90295e-11
9.81745e-11
1.04409e-10
9.75768e-11
1.02425e-10
1.00779e-10
1.02796e-10
0.0633281
9.79181e-11
1.00784e-10
1.29583e-10
1.00401e-10
0.70423
0.000554823
1.00586e-10
0.0012885
9.67029e-11
9.61417e-11
1.00412e-10
9.85808e-11
0.000352508
1.01221e-10
0.0290107
0.00311429
0.000922306
1.01365e-10
1.00311e-10
0.0815739
1.00582e-10
0.0466868
9.88542e-11
0.237835
0.234684
0.0528808
0.120827
0.191221
0.0824872
0.81967
0.95018
0.493941
0.0154176
0.240814
0.0806481
0.0898526
0.832733
9.95596e-11
0.953398
0.947694
0.801057
0.0241964
9.96474e-11
0.578429
0.695305
0.775464
0.078826
0.00234711
9.98667e-11
0.680572
0.61225
0.428117
0.112171
0.0704237
0.00453275
0.422354
0.224774
0.542475
0.403521
0.540822
0.261922
0.923497
0.731827
0.18096
0.863942
0.00585361
0.980436
0.46691
0.399008
0.540398
0.399989
1.05972e-10
1.00725e-10
0.00496651
9.99262e-11
1
0.979474
9.75163e-11
0.0224356
1e-10
0.99294
0.00908825
0.469398
1
0.990037
1e-10
0.0420838
9.99484e-11
1.08289e-10
1.03174e-10
0.0682848
0.052991
0.0609487
9.7866e-11
9.90149e-11
0.014596
0.013338
1.03501e-10
9.76988e-11
8.99976e-05
1e-10
0.996939
9.7208e-11
1.07127e-10
1.00837e-10
1.00977e-10
9.99641e-11
9.18702e-05
0.0153715
1.00095e-10
9.91511e-11
1.0005e-10
1.00005e-10
1.03499e-10
1.00131e-10
1e-10
1.0006e-10
1e-10
0.0106546
9.96999e-11
9.98914e-11
0.0371452
1.00386e-10
0.0893833
9.0536e-11
9.98879e-11
1.01598e-10
0.0350326
0.0330366
0.0637076
9.58669e-11
9.886e-11
0.00138175
9.90998e-11
9.98798e-11
0.0588973
0.0614615
0.0145012
0.1067
0.0683979
0.00267453
0.00158482
0.00869007
0.0297413
0.0849353
1.01115e-10
1.00496e-10
0.000196165
0.00512106
1.0047e-10
0.000286857
0.00867188
0.00187778
0.00972069
0.00282058
9.93003e-11
0.0122347
0.00838916
0.0564132
1.11744e-10
0.00295641
0.0106872
0.0012681
9.67237e-11
1.00265e-10
1.0372e-10
9.65278e-11
1e-10
1.00476e-10
0.542023
9.96864e-11
0.0708038
0.168243
1.01555e-10
0.00498347
9.966e-11
0.999592
0.0486724
1.00005e-10
0.00109837
0.0177463
9.96783e-11
0.000849154
0.933406
1.00431e-10
0.0122638
9.97363e-11
1.02874e-10
9.57327e-11
0.0976633
1.00343e-10
0.0705795
9.28405e-11
1.02093e-10
0.0330586
8.95145e-11
9.68762e-11
0.0474886
9.68353e-11
0.0215001
9.36422e-11
0.00958832
1.10667e-10
1.1847e-10
0.0400894
9.52984e-11
1.01412e-10
1.01377e-10
0.0172528
1.01126e-10
1.00353e-10
1.02782e-10
0.000288684
1.00362e-10
1.01919e-10
1.05666e-10
1.0074e-10
0.0205185
0.0878136
0.0119242
0.0461081
1.00612e-10
1.00579e-10
1.0509e-10
9.78599e-11
0.0321571
0.00226372
0.00944348
0.000281296
1.02621e-10
0.971566
0.980314
0.240532
0.861934
1.00153e-10
0.00172699
1e-10
1.00807e-10
0.00762081
1.00945e-10
0.00158009
9.99238e-11
1.0391e-10
0.00143159
1.00382e-10
9.96327e-11
0.000266502
0.000641511
9.55425e-11
1.0285e-10
1.04269e-10
1.02823e-10
9.93256e-11
1.0461e-10
1e-10
1.00263e-10
0.0862295
9.9302e-11
0.00798488
0.0439546
0.012646
9.73364e-11
1.00017e-10
9.24727e-11
1.02197e-10
0.0388383
1.03358e-10
0.0737181
1.00768e-10
1.02806e-10
1.00214e-10
0.0634895
0.0942103
1.0185e-10
1.01441e-10
9.95063e-11
0.0745986
0.0829509
1.02754e-10
0.0773221
0.0808285
9.75263e-11
0.0904163
0.0486377
1.08971e-10
0.088331
0.057409
1.03165e-10
0.0416773
0.0481975
9.54073e-11
1.14346e-10
9.98792e-11
1.01604e-10
1.07902e-10
0.062114
1.04027e-10
4.79489e-06
1.01705e-10
0.0578335
1.03779e-10
9.96144e-11
1.00923e-10
9.84194e-11
0.0612931
1.04954e-10
9.98973e-11
1.06889e-10
9.91464e-11
0.0960624
0.0231103
0.0609201
1.00797e-10
0.0938868
0.0599617
1.07538e-10
0.0479015
1.03466e-10
1.06356e-10
1.0313e-10
0.000115818
1.08859e-10
9.80553e-11
1.02331e-10
9.82119e-11
1.10873e-10
9.64666e-11
9.67316e-11
9.62319e-11
9.5415e-11
9.7233e-11
9.66001e-11
0.0718073
9.59817e-11
0.0891125
1.14978e-10
9.76936e-11
1.01667e-10
9.4747e-11
9.57122e-11
0.00968637
1.007e-10
0.0227543
0.0974616
9.57777e-11
0.0116557
0.0334052
1.00617e-10
1.02339e-10
9.58149e-11
0.0196226
1.00066e-10
1.02172e-10
0.0813654
1.10593e-10
1.08398e-10
0.0480991
9.59442e-11
9.57916e-11
9.51352e-11
0.0827638
9.53295e-11
1.17805e-10
0.000818151
0.00406952
1.04414e-10
1.02921e-10
1.0673e-10
9.96894e-11
0.000315377
9.39019e-11
9.27406e-11
9.55761e-11
9.57307e-11
0.0115866
1.05583e-10
9.85782e-11
0.00608752
9.59841e-11
1.03115e-10
9.73504e-11
9.30151e-11
1.01171e-10
9.21279e-11
1.0199e-10
1.00481e-10
0.0433274
0.0080394
3.85278e-05
1.11017e-10
9.40434e-11
9.54116e-11
1.03212e-10
9.40862e-11
1.09246e-10
9.62596e-11
9.24596e-11
0.000149679
9.66913e-11
1.13177e-10
8.07527e-05
1.03179e-10
9.80594e-11
9.81993e-11
1.03425e-10
9.81314e-11
1.03448e-10
9.65591e-11
1.00751e-10
1.08898e-10
1.07565e-10
1.04538e-10
9.95594e-11
9.63932e-11
0.0950221
1.11641e-10
1.2044e-10
0.00392918
1.00804e-10
1.04896e-10
0.000771232
1.08186e-10
9.76853e-11
9.9897e-11
1.05993e-10
1.03081e-10
0.000701138
0.0530157
9.96121e-11
0.0607102
0.0245979
1.0224e-10
9.91685e-11
1.06671e-10
1.03986e-10
0.0907508
0.00371723
1.07062e-10
0.0100829
1.03574e-10
0.0757911
9.74189e-11
1.03389e-10
1.01254e-10
0.0778759
1.0317e-10
1.07066e-10
1.01149e-10
1.03582e-10
1.05519e-10
9.96708e-11
0.0129804
1.00718e-10
1.04947e-10
1.04642e-10
1.00405e-10
1.01768e-10
9.96754e-11
9.89377e-11
9.95741e-11
1.00118e-10
9.97057e-11
1.08134e-10
0.0848561
1.76213e-10
9.68233e-11
9.78853e-11
1.82107e-10
1.0211e-10
1.01054e-10
1.03916e-10
1.05226e-10
0.0660792
0.030422
1.10439e-10
1.0287e-10
9.5925e-11
1.04849e-10
9.99169e-11
9.97782e-11
1.00606e-10
9.93302e-11
9.5833e-11
9.81982e-11
9.42696e-11
1.37477e-10
1.06579e-10
1.08669e-10
9.74516e-11
9.48674e-11
1.17132e-10
9.74595e-11
9.99318e-11
0.0150618
1.08145e-10
0.00365618
9.32398e-11
1.07921e-10
9.5439e-11
9.83443e-11
9.6414e-11
9.87039e-11
9.75981e-11
0.00030022
0.00149563
9.85394e-11
1.08574e-10
9.84663e-11
1.07603e-10
1.02094e-10
9.69711e-11
9.75712e-11
9.92213e-11
1.0441e-10
9.60336e-11
9.81461e-11
1.07608e-10
1.05902e-10
1.08066e-10
9.44505e-11
9.6209e-11
9.96518e-11
6.68811e-06
2.22872e-05
0.0125
0.0959839
6.44118e-11
9.98805e-11
9.87605e-11
0.736489
9.85651e-11
0.610104
1.71961e-10
1.00172e-10
9.99905e-11
9.99179e-11
0.00309715
1.04814e-10
0.00428661
1.15459e-10
0.0281461
0.0248739
9.97072e-11
0.0142038
9.94286e-11
1.03578e-10
9.55246e-11
0.170923
9.77893e-11
0.000328478
1.63147e-05
9.76177e-11
9.86414e-11
9.98504e-11
9.47251e-11
1.00175e-10
9.86618e-11
0.0146292
9.79151e-11
9.52391e-11
0.00299435
9.96546e-11
0.00156297
0.0420894
9.45562e-11
9.23263e-11
9.66747e-11
1.0625e-10
0.000853832
0.0599623
9.96656e-11
0.00155038
1.12982e-10
0.000184213
9.14239e-11
9.43781e-11
9.57839e-11
9.46352e-11
1.04055e-10
1.10506e-10
1.09497e-10
9.45899e-11
9.94899e-11
1.12719e-10
1.04806e-10
9.56995e-11
9.35507e-11
9.86555e-11
0.0253151
9.72922e-11
9.6529e-11
1.03585e-10
1.03669e-10
1.15018e-10
1.10607e-10
1.09705e-10
1.00667e-10
1.01142e-10
1.09633e-10
9.72682e-11
1.01794e-10
1.01435e-10
1.08281e-10
9.93723e-11
0.000866126
1.00793e-10
0.0153412
1.04078e-10
1.06111e-10
1.02202e-10
1.12199e-10
1.17313e-10
1.06096e-10
1.20363e-10
9.79948e-11
9.83692e-11
1.19365e-10
1.04498e-10
9.80248e-11
9.8971e-11
1.0629e-10
9.88565e-11
1.01545e-10
1.05501e-10
1.1323e-10
1.15536e-10
1.00253e-10
9.79255e-11
9.98437e-11
9.82936e-11
9.84541e-11
1.1889e-10
1.03241e-10
9.96616e-11
1.07568e-10
9.81431e-11
1.00538e-10
0.0174904
1.0078e-10
0.000486354
0.000403447
0.000252347
0.0455445
0.0361742
9.85817e-11
0.424524
0.074933
0.681078
0.139254
9.3202e-11
0.14735
0.477334
0.173297
0.563971
0.421746
9.81908e-11
0.0230643
0.123159
0.00766173
0.23078
0.585624
0.35
0.472715
9.33599e-11
0.0407542
9.79217e-11
9.80401e-11
0.837342
0.432624
0.0244674
0.0545516
0.098855
0.287927
0.640535
0.129516
0.48081
0.618053
0.569122
0.277039
0.0951236
1.02659e-10
0.516012
0.43576
0.3
0.224811
0.00982406
0.0971392
0.0409488
0.392355
0.0712998
0.109636
0.0437063
0.0589548
1.13678e-10
0.175185
0.182221
0.0460377
0.0951491
0.088539
0.0375102
0.0546206
1.02493e-10
9.83914e-11
1.01173e-10
9.81809e-11
9.72723e-11
2.28294e-10
0.00578441
0.0119109
0.00422601
1.00482e-10
1.00098e-10
9.98183e-11
1.01578e-10
6.79848e-11
9.46524e-11
9.03499e-11
1.05096e-10
9.52576e-11
9.89655e-11
9.05226e-11
1.02595e-10
0.0124575
9.51786e-11
9.16225e-11
1.00923e-10
1.02804e-10
1.0317e-10
1.02365e-10
1.01335e-10
1.03647e-10
1.04393e-10
1.01103e-10
9.85882e-11
1.12369e-10
1.08581e-10
1.07504e-10
1.02045e-10
9.9649e-11
1.01922e-10
1e-10
0.000146634
1.08845e-10
1.06626e-10
1.06133e-10
1.17567e-10
0.00749229
1.00219e-10
9.90766e-11
0.048004
1.06525e-10
0.106496
0.050312
0.438735
0.0115093
0.41296
0.377775
0.4316
0.213507
1.06415e-10
1.09518e-10
1.01406e-10
1.06793e-10
1.00545e-10
9.81982e-11
9.9196e-11
1.00127e-10
1.0385e-10
1.00963e-10
1.09249e-10
9.99241e-11
1.08188e-10
1.00198e-10
1.0129e-10
9.99216e-11
1.01572e-10
9.95812e-11
1.18628e-10
1.08017e-10
1.05572e-10
1.1522e-10
0.00753889
0.02339
1.10702e-10
9.6678e-11
1.09509e-10
1.11639e-10
1.00344e-10
0.00760247
1.05028e-10
9.96998e-11
1.11376e-10
1.04717e-10
1.10799e-10
1.0418e-10
1.12293e-10
1.19265e-10
9.81078e-11
1.11907e-10
9.87312e-11
1.02765e-10
1.05829e-10
1.15821e-10
1.04337e-10
1.07714e-10
1.06316e-10
1.01174e-10
1.07818e-10
0.000528987
1.07493e-10
0.000382902
9.5876e-11
1e-10
9.74451e-11
9.74819e-11
1.12308e-10
1.06841e-10
9.96154e-11
1.06645e-10
9.8536e-11
1.12458e-10
1.22966e-10
1.02762e-10
9.96554e-11
1.02643e-10
9.90222e-11
1.01691e-10
1.05065e-10
1.00048e-10
1.09623e-10
1.09126e-10
9.56473e-11
0.101287
1.07257e-10
1.01375e-10
1.0698e-10
1.01165e-10
9.92572e-11
1.13233e-10
9.66942e-11
1.06624e-10
9.92011e-11
9.79606e-11
1.06339e-10
1.01932e-10
9.984e-11
9.93133e-11
9.97375e-11
9.95867e-11
1.7371e-05
1.13199e-10
1.06961e-10
1.09826e-10
1.09021e-10
1.03818e-10
1.04148e-10
1.21975e-10
9.99336e-11
1.07915e-10
9.7971e-11
1.00514e-10
9.68332e-11
1.03115e-10
1.01252e-10
1.0131e-10
0.000170645
9.71712e-11
1.13176e-10
9.87601e-11
1.22311e-10
1.13409e-10
1.05003e-10
1.02271e-10
1.07335e-10
9.57539e-11
9.5796e-11
1.03148e-10
9.7687e-11
9.61209e-11
0.000262897
9.74738e-11
1.03966e-10
0.0475443
1.18495e-10
1.03866e-10
1.10621e-10
9.89702e-11
1.05028e-10
0.0491082
9.64607e-11
9.93665e-11
1.13638e-10
0.0148554
9.8731e-11
9.91297e-11
0.00879349
1.19318e-10
1.14058e-10
0.309286
0.0833213
1.04614e-10
9.38042e-11
9.24602e-11
9.60519e-11
9.44131e-11
3.10709e-05
1.01344e-10
9.48872e-11
9.51587e-11
1.00848e-10
9.33939e-11
1.10716e-10
9.50349e-11
0.00426333
9.65416e-11
9.36176e-11
9.55118e-11
1.0706e-10
9.73594e-11
0.00397466
0.0728056
9.53564e-11
1.01335e-10
1.16298e-10
0.00302816
9.07498e-11
9.87827e-11
0.112122
9.68647e-11
9.54303e-11
9.86877e-11
9.77899e-11
9.52416e-11
9.75307e-11
9.85168e-11
9.95528e-11
9.70132e-11
9.67883e-11
9.27863e-11
9.44528e-11
1.01112e-10
9.84924e-11
0.00132572
9.53142e-11
0.0683873
1.40462e-10
9.79112e-11
1.00314e-10
1.02718e-10
1.13104e-10
0.0875257
0.0880355
0.0928404
0.162282
0.026033
0.000485298
0.0400003
9.49359e-11
0.00181713
9.68889e-11
9.75408e-11
9.40265e-11
0.0502952
0.100349
9.29514e-11
9.50841e-11
0.0319389
9.88326e-11
9.61538e-11
1.00379e-10
9.46038e-11
9.67059e-11
9.53801e-11
9.69958e-11
1.00254e-10
9.41299e-11
0.000156136
1.02986e-10
0.0217436
1.01128e-10
9.58169e-11
1.04581e-10
0.00318885
9.45265e-11
0.243261
0.0382172
0.22354
0.0724331
0.116554
0.250491
1.04511e-10
0.0831418
9.22799e-11
9.70841e-11
0.00286053
9.31541e-11
0.0166725
0.0586156
0.0378584
1.11606e-10
8.78316e-11
9.94741e-11
9.57806e-11
1.0131e-10
1.01035e-10
1.02944e-10
0.14518
9.77074e-11
0.0373613
0.129704
0.250976
0.150354
0.34751
0.207252
0.180474
0.137898
0.148432
0.0744288
0.0640814
0.0302575
0.0015611
0.00312047
0.00125494
9.35857e-11
9.5281e-11
0.0744367
0.0316913
0.348789
0.372427
0.384944
0.136258
0.174711
0.0818774
0.0589915
0.00472014
0.0921759
9.88723e-11
9.99712e-11
0.0851121
1.03151e-10
1.01643e-10
0.076892
1.03307e-10
1.01918e-10
0.00421187
1.03551e-10
1.00157e-10
1.10834e-10
0.0345158
0.0701282
0.0207096
9.99161e-11
1.04494e-10
1.00254e-10
1.0105e-10
9.99853e-11
1.1171e-10
1.02868e-10
1.01748e-10
0.0543949
9.87008e-11
0.0517641
0.027176
1.00578e-10
9.6964e-11
9.78891e-11
9.89239e-11
0.0844665
0.0523029
0.0525586
0.0530654
0.0866523
9.63606e-11
0.0043253
9.597e-11
1.05338e-10
0.0466445
1.15759e-10
0.0971877
0.0713895
0.0718172
0.0628466
9.81718e-11
1e-10
9.4901e-11
1.02054e-10
6.19971e-05
1.00326e-10
0.00240405
9.78167e-11
9.66008e-11
1.00013e-10
1.02192e-10
1.02921e-10
9.73464e-11
9.70708e-11
1.00234e-10
1.02799e-10
1.06372e-10
1.02358e-10
8.90463e-11
1.00021e-10
0.0241562
0.0613461
1.00005e-10
9.77076e-11
0.0439902
9.76316e-11
1.13265e-10
9.5231e-11
9.71942e-11
1.07437e-10
1.00686e-10
1e-10
9.69962e-11
9.72237e-11
1.03483e-10
0.0178379
9.95705e-11
1.00005e-10
0.0626741
0.111224
9.93944e-11
1e-10
1.08807e-10
1.0002e-10
1.10801e-10
1.06026e-10
9.93331e-11
9.9376e-11
9.73021e-11
9.703e-11
1.00055e-10
9.77411e-11
0.183978
0.0826579
9.97729e-11
0.10022
0.0705066
0.035645
0.0272489
0.105715
0.0225455
0.0201934
1.01638e-10
0.0115524
9.56983e-11
1.0143e-10
1.03454e-10
0.131916
0.246269
0.228958
0.376872
0.0586941
0.121751
1.01371e-10
0.0448759
1.00592e-10
0.00227942
9.96837e-11
0.0141048
1.00396e-10
0.000104142
1.03451e-10
1.00134e-10
1.04942e-10
1.02809e-10
0.0556798
0.0344627
9.65739e-11
1.01131e-10
0.0916414
0.0380174
0.0282096
9.43267e-11
1.02485e-10
1.08246e-10
1.01517e-10
9.74689e-11
0.000270433
9.23047e-11
1.07523e-10
9.12844e-11
0.065182
0.00331542
0.101466
0.088988
0.000227497
1.02867e-10
1.06847e-10
0.0312485
0.000453114
0.123073
0.00180815
1.13773e-10
1.03021e-10
9.58548e-11
1.20259e-10
9.54621e-11
0.084453
9.30128e-11
9.39752e-11
0.0273565
0.0821423
0.0108017
9.77659e-11
9.58459e-11
1.00645e-10
0.01878
1.00704e-10
1.00272e-10
1.0148e-10
1.02811e-10
9.90136e-11
0.00139554
0.000525896
1.02768e-10
1.03118e-10
1.02014e-10
1.04389e-10
1.00997e-10
1.03604e-10
9.77143e-11
0.00589266
0.0391867
0.0793754
0.0515927
0.0821986
0.0959316
1.07709e-10
9.82504e-11
9.76207e-11
1.01326e-10
9.91147e-11
9.06711e-11
5.7817e-11
9.11563e-11
9.73874e-11
1.00972e-10
9.71491e-11
6.43198e-11
9.94415e-11
9.93459e-11
5.55756e-05
9.33513e-11
1.0277e-10
9.72143e-11
0.0379238
0.051962
1.00605e-10
1.09363e-10
1.11481e-10
1.01995e-10
9.77665e-11
9.49453e-11
1.06246e-10
9.60566e-11
9.26961e-11
1.22294e-10
1.13358e-10
9.43023e-11
9.82946e-11
9.92453e-11
9.93673e-11
0.0332567
0.0241469
9.1349e-11
0.00162603
9.81046e-11
6.323e-05
1.12373e-10
1.02305e-10
1.03612e-10
1.01964e-10
0.00980793
1.03136e-10
1.00719e-10
1.03311e-10
1.10735e-10
0.00236466
1.01367e-10
1.09265e-10
1.00747e-10
1.01146e-10
1.0129e-10
1.02469e-10
0.0978811
1.01041e-10
0.0336941
0.0976248
0.0958406
0.0133036
0.0903368
1.0191e-10
0.09264
9.80525e-11
1.00663e-10
0.0821324
0.0771177
0.0524095
0.0846895
1.00365e-10
0.0938573
0.000564604
0.0466554
0.0999242
0.0999864
1.05325e-10
0.1
0.0548974
9.79503e-11
0.0530065
0.0884522
0.0674445
0.0030151
0.0843818
0.0546007
1.03865e-10
0.0958725
0.0037207
0.0514457
9.85476e-11
9.02564e-11
0.0993253
0.0904925
0.122224
0.00531394
0.0432427
9.88488e-11
0.100098
0.0952733
0.0749195
0.078102
9.73212e-11
0.0929577
0.0906731
0.0921881
0.0792829
0.0957683
0.0948276
0.139397
9.89092e-11
1.01142e-10
0.23056
0.101397
0.0958776
9.70648e-11
9.91178e-11
0.0907655
0.0896093
0.0631038
0.122057
6.07452e-05
0.0478789
1.01089e-10
0.116551
0.130026
0.0990812
0.0281682
0.0574433
0.0639055
9.38508e-11
9.80071e-11
9.98664e-11
9.55371e-11
1.08143e-10
1.03037e-10
1.04782e-10
0.00110524
1.0283e-10
0.0182855
9.72354e-11
1.01335e-10
8.74771e-11
0.00162451
1.05745e-10
1.02158e-10
1.02414e-10
1.01048e-10
9.85604e-11
0.0317598
1.03399e-10
0.00325194
1.05799e-10
9.50668e-11
1.00368e-10
1.00977e-10
1.04e-10
0.00142837
9.54124e-11
9.66469e-11
9.46382e-11
9.30972e-11
9.6068e-11
9.63544e-11
9.40376e-11
0.00285668
1.00708e-10
9.3249e-11
0.0139478
9.258e-11
9.67107e-11
1.02688e-10
9.98839e-11
9.96366e-11
1.00704e-10
9.99881e-11
9.97639e-11
1.01182e-10
1.00928e-10
9.965e-11
9.92674e-11
9.94365e-11
1.0059e-10
9.89997e-11
9.69767e-11
9.8452e-11
9.82977e-11
1.14968e-10
1.04515e-10
9.7354e-11
1.03026e-10
1.06975e-10
9.84695e-11
8.5607e-11
9.70393e-11
9.59704e-11
9.45279e-11
9.53009e-11
9.33671e-11
9.73527e-11
9.41088e-11
9.40255e-11
0.000255031
1.02007e-10
9.26836e-11
0.0847065
1.03974e-10
1.07766e-10
1.00908e-10
0.00125644
1.05284e-10
1.04844e-10
1.0614e-10
9.1473e-11
1.06674e-10
9.68428e-11
0.0534604
0.0703096
0.000178441
1.09325e-10
1.12591e-10
0.0888169
1.02946e-10
1.02314e-10
1.19367e-10
0.0333656
1.04702e-10
1.00512e-10
1.04329e-10
1.05764e-10
9.646e-11
0.091823
1.00918e-10
9.76763e-11
9.72447e-11
0.0697081
0.0240649
0.0438954
0.0994593
0.0410233
0.0678925
1.04562e-10
0.000198676
0.0379358
1.02236e-10
1e-10
1.05381e-10
1.05725e-10
1.00521e-10
9.96898e-11
9.62559e-11
9.97233e-11
0.024232
9.99305e-11
9.91203e-11
1.00192e-10
9.91113e-11
8.87822e-05
1e-10
9.96899e-11
9.71692e-11
9.9323e-11
9.79216e-11
9.94067e-11
1e-10
0.0118187
9.95414e-11
9.93138e-11
1e-10
1.00088e-10
1.05798e-10
9.84662e-11
9.93838e-11
9.81799e-11
1.01371e-10
9.93753e-11
9.89654e-11
9.88897e-11
0.00377317
1.0008e-10
9.45527e-11
1.00358e-10
9.86025e-11
6.87872e-05
1.00608e-10
9.91504e-11
9.83953e-11
9.85742e-11
1.0171e-10
9.97678e-11
1.00211e-10
1.05905e-10
9.80459e-11
1.01196e-10
1.03544e-10
1.00324e-10
9.84308e-11
1.15767e-10
9.7399e-11
9.96223e-11
9.91005e-11
9.9214e-11
1.05607e-10
9.98647e-11
9.98168e-11
1.01264e-10
9.75003e-11
9.73e-11
1.04628e-10
9.93153e-11
9.81973e-11
1.0258e-10
9.89157e-11
9.76361e-11
1.04686e-10
9.73035e-11
9.59717e-11
9.62034e-11
1.04292e-10
1.04756e-10
9.77532e-11
1.03432e-10
9.72036e-11
1.02959e-10
1.02986e-10
9.94558e-11
9.80029e-11
9.25566e-11
9.85153e-11
9.64078e-11
9.64643e-11
9.65088e-11
9.77924e-11
1.00315e-10
1.05505e-10
9.65541e-11
1.03113e-10
9.5922e-11
1.00145e-10
5.15618e-06
8.89843e-11
1.0356e-10
9.80964e-11
1.05563e-10
9.4673e-11
9.34727e-11
9.63413e-11
9.68157e-11
9.43745e-11
8.91503e-11
9.71636e-11
9.74549e-11
1.04351e-10
9.63759e-11
0.14668
0.00365412
0.0511323
0.0299385
0.0975898
0.123688
0.0294451
0.0298946
0.0195109
1.03522e-10
0.0385531
0.0246046
0.209225
0.034746
0.209827
0.0990812
0.0184201
0.0367248
0.00124038
0.0365475
0.104988
0.125642
0.05381
0.254043
0.171648
2.47984e-05
0.0139712
0.0276967
0.0269389
0.000809391
4.45625e-05
0.0515613
9.87132e-11
1e-10
1.00424e-10
9.56289e-11
9.97183e-11
9.85533e-11
1.05698e-10
9.99693e-11
9.81522e-11
1.00289e-10
9.76724e-11
1.15761e-10
1.06845e-10
9.68868e-11
9.95201e-11
1.05788e-10
9.90974e-11
9.80377e-11
9.34691e-11
9.73511e-11
9.89124e-11
8.55773e-11
1.07778e-10
9.93409e-11
1.0621e-10
1.05029e-10
9.68425e-11
8.45288e-11
9.97798e-11
9.96021e-11
9.9424e-11
9.98923e-11
1.01926e-10
9.71205e-11
9.93664e-11
9.99132e-11
9.81199e-11
1e-10
9.99773e-11
1.01144e-10
1.00811e-10
1.02724e-10
9.88062e-11
9.96254e-11
9.90617e-11
9.94629e-11
9.90378e-11
9.89491e-11
1.03814e-10
1.02293e-10
1.03841e-10
9.80079e-11
1.42926e-10
9.72552e-11
1.04984e-10
1.00553e-10
1.01658e-10
9.64864e-11
9.82852e-11
9.53149e-11
1.04113e-10
1.02942e-10
0.0620919
0.00850743
9.91742e-11
1.0263e-10
0.0998569
0.087895
1.02391e-10
9.02074e-11
9.17896e-11
0.1
9.25717e-11
0.074018
0.0734492
0.0697047
0.00190145
0.0638634
0.0519039
1.1335e-05
0.0929472
0.0614627
9.19503e-11
0.0496383
0.0998052
0.0504873
0.0851977
0.0986016
0.00126037
0.0830339
9.4039e-11
0.0744973
9.26453e-11
1.01191e-10
0.04196
0.0628392
0.0802728
1.08779e-10
0.0506751
9.60021e-11
0.0972495
9.749e-11
0.038832
1.19003e-10
0.0347382
0.00041852
0.000335088
0.00648565
9.9123e-11
0.0313196
1.02184e-10
1.01539e-10
1.01906e-10
1.01989e-10
9.43389e-11
1.08665e-10
9.81111e-11
1.06048e-10
1.09032e-10
9.05302e-11
1.0147e-10
1.00464e-10
9.95844e-11
9.81247e-11
1.04109e-10
1.04215e-10
9.96671e-11
1.0211e-10
9.93825e-11
9.60626e-11
1.08599e-10
1.03617e-10
1.02588e-10
9.76623e-11
1.04662e-10
1.07249e-10
1.00103e-10
1.01429e-10
9.94037e-11
1.25486e-10
1.01801e-10
1.05392e-10
1.47727e-10
1.02537e-10
9.87324e-11
9.64836e-11
9.93944e-11
1.01189e-10
1.03332e-10
1.02131e-10
9.68074e-11
9.91239e-11
9.66168e-11
9.6435e-11
9.75661e-11
1.05034e-10
9.3447e-11
9.61171e-11
9.66012e-11
9.82553e-11
9.85042e-11
1.0426e-10
9.57119e-11
9.87828e-11
1.05237e-10
0.00192244
9.62051e-11
1.08592e-10
9.60307e-11
9.64507e-11
1.06379e-10
1.06549e-10
9.77237e-11
1.02613e-10
1.01299e-10
1.05226e-10
1.02211e-10
1.05448e-10
9.81976e-11
1.08713e-10
1.043e-10
1.06684e-10
9.46326e-11
1.0324e-10
1.01784e-10
1.04569e-10
1.01341e-10
1.01329e-10
1.02846e-10
1.00451e-10
9.05481e-11
9.48174e-11
9.69778e-11
1.04163e-10
9.87592e-11
9.71743e-11
9.31418e-11
1.10783e-10
9.79457e-11
1.06014e-10
9.46462e-11
9.60562e-11
9.64645e-11
9.68795e-11
9.77852e-11
9.89559e-11
9.87384e-11
9.75973e-11
9.92197e-11
9.66065e-11
9.45497e-11
9.82035e-11
9.74009e-11
9.98822e-11
9.75498e-11
9.66134e-11
9.54717e-11
9.99201e-11
9.81915e-11
9.56963e-11
9.71332e-11
9.83364e-11
1.04711e-10
9.16303e-11
1.0344e-10
9.27033e-11
1.07121e-10
1.04066e-10
1.05385e-10
9.71465e-11
1.05729e-10
1.02161e-10
1.00081e-10
0.024403
0.00665532
1.10519e-10
1.0223e-10
0.098576
0.0710062
0.0404516
0.049862
1.02484e-10
0.0549552
0.083067
0.0105912
1.02802e-10
0.0524607
0.0632166
9.97692e-11
1.03031e-10
9.90866e-11
1.00085e-10
9.85711e-11
9.51538e-11
9.79444e-11
9.50624e-11
1.04284e-10
1.07269e-10
1.01309e-10
1.03989e-10
1.02612e-10
1.06942e-10
9.84582e-11
9.49409e-11
0.0561915
0.0437782
9.12076e-11
1.0116e-10
0.025987
1.00535e-10
1.00659e-10
9.99629e-11
0.0385948
9.69862e-11
1.00029e-10
9.98318e-11
9.98956e-11
1.00056e-10
9.94093e-11
9.68526e-11
9.98802e-11
1.00276e-10
1.03358e-10
1.00409e-10
1.01721e-10
1.00198e-10
1.00582e-10
9.6861e-11
1.02915e-10
1.08898e-10
1.05283e-10
1.04574e-10
1.02707e-10
1.02339e-10
1.04117e-10
1.05665e-10
1.04368e-10
9.66779e-11
9.89029e-11
1.03652e-10
9.39048e-11
1.03448e-10
9.7084e-11
9.27643e-11
9.95823e-11
1.60438e-10
0.0505738
1e-10
1.09696e-10
1.02386e-10
1.02298e-10
1.00052e-10
0.0364069
1.0249e-10
9.99724e-11
9.98821e-11
1.04046e-10
1.00015e-10
1e-10
0.0875
1.01618e-10
9.17887e-11
0.0288474
0.000287173
0.000356539
0.00914428
9.98171e-11
9.97519e-11
9.87137e-11
1.00295e-10
1.00938e-10
9.97803e-11
5.39711e-11
0.1
1.06215e-10
1.0492e-10
1.0678e-10
1.13698e-10
1.68519e-10
9.82089e-11
1.09968e-10
1.05022e-10
1.0031e-10
1.14818e-10
6.92169e-11
1.03215e-10
1.00712e-10
1.026e-10
1.0792e-10
9.57472e-11
1.01746e-10
9.82571e-11
1.10725e-10
9.79238e-11
1.00398e-10
1.1559e-10
1.0659e-10
1.04188e-10
1.10238e-10
9.92052e-11
9.48608e-11
1.02554e-10
1.03228e-10
1.03147e-10
9.5914e-11
9.77537e-11
9.95628e-11
9.52342e-11
1.01894e-10
9.98662e-11
1.04493e-10
0.0304903
0.00746973
1.02442e-10
0.000172669
9.20239e-05
1e-10
9.93755e-11
0.000208883
9.65242e-11
9.63665e-11
0.0184672
0.0143925
1.03379e-10
1.08677e-10
9.99348e-11
0.368367
9.86049e-11
9.9931e-11
1.01497e-10
1.06264e-10
9.72542e-11
9.99189e-11
1.14299e-10
1.55374e-10
1.10465e-10
1.08553e-10
0.027483
9.96584e-11
1.02989e-10
7.61671e-11
1.02157e-10
1.02324e-10
1.06732e-10
9.9479e-11
1.12316e-10
0.00413013
1.05276e-10
0.0141419
1.03864e-10
0.000690102
0.0388436
9.99222e-11
1.09986e-10
1.08229e-10
1.02397e-10
1.00127e-10
1.15573e-10
1.05126e-10
1.04787e-10
1.03654e-10
1.04498e-10
0.000117994
9.39683e-11
1.01355e-10
1.04858e-10
9.9114e-11
1.00525e-10
1.02828e-10
1.0176e-10
1.02052e-10
1.10008e-10
1.01798e-10
9.29648e-11
9.2585e-11
9.21615e-11
9.36448e-11
1.05905e-10
9.71597e-11
1.05067e-10
1.01142e-10
1.07082e-10
1.02733e-10
1.05381e-10
1.00977e-10
1.07125e-10
1.05458e-10
1.05983e-10
1.03993e-10
1.0661e-10
9.76865e-11
9.41374e-11
9.4877e-11
1.03996e-10
1.05791e-10
1.02144e-10
1.06814e-10
1.02533e-10
1.11294e-10
1.03034e-10
1.05456e-10
9.69934e-11
1.02703e-10
9.49956e-05
9.68091e-11
9.5649e-11
9.32661e-11
1.04438e-10
9.55282e-11
1.05338e-10
9.94241e-11
9.45898e-11
9.42934e-11
1.00482e-10
1.08629e-10
9.72026e-11
9.69067e-11
1.07961e-10
8.10207e-05
0.00110369
0.00702183
9.56162e-11
1.11766e-10
0.00930368
9.4112e-11
1.07096e-10
1.03728e-10
9.85709e-11
9.0838e-11
9.48438e-11
9.60641e-11
9.88991e-11
9.23708e-11
1.10795e-10
1.02059e-10
1.05065e-10
1.01291e-10
1.02302e-10
1.04403e-10
9.53059e-11
9.99262e-11
9.99382e-11
9.62475e-11
1.07304e-10
1.01146e-10
1.03118e-10
9.81578e-11
1.1285e-10
1.00644e-10
9.8167e-11
6.20328e-05
1.02162e-10
9.1915e-11
9.98017e-11
1.00898e-10
9.53707e-11
1.02021e-10
0.0825903
0.00854468
1.11838e-10
9.65406e-11
1.01654e-10
0.57992
0.0001855
1.03323e-10
9.81266e-11
9.74861e-11
9.5029e-11
9.06144e-11
1.09143e-10
9.92654e-11
9.16542e-11
9.88801e-11
9.58696e-11
1.10927e-10
1.08047e-10
9.50263e-11
1.16585e-10
9.3234e-11
1.11595e-10
1.19702e-10
1.05771e-10
0.000141933
1.04669e-10
1.01263e-10
1.00382e-10
1.10565e-10
9.60227e-11
9.70218e-11
1.14432e-10
9.62537e-11
9.70704e-11
0.000520492
9.60382e-11
9.8206e-11
9.17042e-11
0.000109683
9.89712e-11
0.00170878
1.00534e-10
1.0002e-10
0.00176263
1e-10
0.00543856
1.08179e-10
0.0255972
1.00094e-10
0.404738
1.00093e-10
1e-10
9.96906e-11
0.0125587
1e-10
9.96516e-11
0.048871
0.534188
1.0167e-10
0.0291432
9.7728e-11
0.994742
0.0196817
0.686595
0.00228466
0.0231784
0.0314813
9.91377e-11
0.00123051
0.100773
0.0344568
2.24713e-10
1e-10
9.56994e-11
1.63795e-10
9.19366e-11
0.0386865
2.74552e-05
0.000338265
9.98827e-11
1.00751e-10
0.0115601
0.00957455
0.698612
0.0264135
0.0775806
0.0429351
0.810322
0.0845911
1.05758e-10
9.58583e-11
1e-10
1.35751e-10
0.00875015
0.664375
0.155231
0.011964
0.0856622
0.385815
1.03803e-10
0.0412453
0.0141071
0.336201
0.00945234
0.0251198
0.154706
0.748414
0.817894
0.872041
9.47019e-11
9.5231e-11
9.66804e-11
1.05534e-10
0.0955511
0.315128
0.641366
0.420068
0.365817
0.501736
0.0135515
0.779436
0.0231733
0.0468865
0.191201
0.0998992
0.705584
0.723386
0.837574
0.858404
0.802112
0.230026
0.348635
0.455189
0.281775
0.771023
1.03955e-10
9.55259e-11
1.02017e-10
1.06493e-10
1.01917e-10
1.03441e-10
1.03952e-10
9.81343e-11
1.06832e-10
0.000121668
1.02312e-10
0.000332322
1.01933e-10
1.06007e-10
9.61349e-11
9.64539e-11
1.06103e-10
1.04608e-10
1.01331e-10
1.01475e-10
1.10841e-10
1.05948e-10
9.6192e-11
2.73436e-05
9.00559e-11
1.07105e-10
1.07538e-10
1.09917e-10
1.09542e-10
1.02394e-10
0.00935993
1.05985e-10
9.38109e-11
9.18708e-11
1.07066e-10
1.02193e-10
1.03128e-10
1.0339e-10
1.03198e-10
1.10073e-10
1.06306e-10
1.67763e-10
0.00148913
9.60572e-11
1.04875e-10
1.06215e-10
0.255248
0.573345
0.750945
0.633132
0.736936
0.519731
0.966259
0.590401
1
1
0.99435
0.970338
0.0192941
0.094707
0.773566
0.143134
0.257638
0.720196
0.676262
0.282649
0.00793768
9.58427e-11
0.787492
0.98773
0.768736
0.186785
0.802339
0.92268
0.807394
0.961061
0.92868
0.811939
0.807686
0.0519834
0.789535
0.786493
0.0227057
0.997986
0.929989
0.79647
0.0012449
0.0663213
0.0103896
0.0154779
0.955738
1
0.0223443
0.961402
0.983329
0.922387
0.0583729
0.0421636
0.00329373
1e-10
0.10708
0.679586
9.95803e-11
0.00805265
0.00718075
1e-10
9.97335e-11
1.01666e-10
1.03938e-10
1.00934e-10
1.0214e-10
1.02997e-10
1.02091e-10
9.9275e-11
1.00588e-10
1.01345e-10
9.7451e-11
0.0885801
1.0555e-10
1.04703e-10
9.60365e-11
3.30564e-05
0.000854974
0.0402667
1.01908e-10
0.0818642
0.0131588
0.00942134
0.062055
0.0834716
1.04008e-10
0.0396889
0.0886336
0.0681468
0.046013
0.0875232
0.0709569
1.00541e-10
0.066525
0.0805336
0.163311
1.03868e-10
0.0694962
1.13136e-10
0.0832004
0.0889234
1.20808e-10
1.03218e-10
0.025147
0.0879945
0.657044
1.02524e-10
1.03796e-10
1.00452e-10
1.16688e-10
1.11413e-10
1.0072e-10
0.000151298
9.75852e-11
0.048218
1.04125e-10
1.13306e-10
1.09582e-10
1.05849e-10
1.02789e-10
0.0514055
1.0646e-10
1.10263e-10
1.12996e-05
0.0211803
0.804598
0.674257
0.193863
0.529601
0.440914
0.021056
0.832978
0.109908
0.581914
0.135089
0.064229
0.000169321
9.69055e-11
0.0683189
9.48354e-11
9.99534e-11
9.71768e-11
1.06791e-10
9.80257e-11
0.03927
9.23662e-11
0.00285424
9.50637e-11
9.67677e-11
0.0111439
1e-10
1.03517e-10
1.03143e-10
0.498543
9.7441e-11
1.04178e-10
1.00397e-10
1.15418e-10
1.02278e-10
1.00446e-10
9.9124e-11
9.89971e-11
1.08285e-10
1.03575e-10
1.0122e-10
1.0116e-10
0.367374
1.46604e-10
2.71683e-05
9.52104e-11
9.83133e-11
9.95343e-11
9.93005e-11
0.00135545
9.91793e-11
9.86838e-11
9.85561e-11
9.50083e-11
0.0146232
1.04868e-10
9.73694e-11
9.54397e-11
1.04212e-10
1.00508e-10
0.000133157
0.199427
0.579204
1e-10
1.01703e-10
0.184497
0.0798706
0.0189059
0.000565775
0.071957
0.080516
0.117702
0.351574
0.170454
0.0587284
0.157033
0.0748128
1.02503e-10
0.000169963
9.96797e-11
9.79772e-11
1.01811e-10
8.67092e-06
1.00072e-10
1.02269e-10
1.04553e-10
1.08576e-10
9.99732e-11
9.99663e-11
1.05719e-10
9.85618e-11
1.0042e-10
1.01084e-10
1.0389e-10
1.03248e-10
1.07505e-10
1.00953e-10
0.08143
1.03087e-10
1.01888e-10
0.000774181
1.02533e-10
1.00246e-10
9.69499e-11
9.97838e-11
0.0563918
1.07566e-10
9.73837e-11
9.97209e-11
9.85586e-11
1.01868e-10
1.65842e-10
0.0675691
0.000644547
0.000685349
0.00051143
0.000462134
0.000369639
1.00445e-10
0.004639
0.000641542
9.85375e-11
0.000569248
0.000148742
1.00041e-10
9.99976e-11
1.02073e-10
9.57424e-11
1.01237e-10
1.06354e-10
0.0668056
9.94639e-11
0.038105
1.10332e-10
1.00325e-10
0.0486396
9.91294e-11
1.01652e-10
9.83883e-11
9.62179e-11
9.99215e-11
9.89697e-11
1.06349e-10
9.93012e-11
2.0296e-05
1.00902e-10
9.86471e-11
0.992627
0.245921
0.644793
0.540215
0.0795077
0.622672
0.00160173
9.96319e-11
0.141976
0.396623
0.254587
9.70387e-11
1.03147e-10
1.00268e-10
0.10606
0.0921194
0.000759396
0.122611
9.96636e-11
9.93707e-11
1.01326e-10
1.00416e-10
1.01006e-10
1.00796e-10
9.86074e-11
0.000477463
9.99097e-11
1.26051e-10
1.0326e-10
9.87303e-11
1.14339e-10
1.20575e-10
9.71692e-11
9.9278e-11
8.19937e-11
1.06326e-10
1.00895e-10
2.16322e-10
9.4881e-11
0.0119152
0.0109658
1e-10
8.2677e-11
0.0784786
0.0370303
9.6131e-11
1.00273e-10
9.78483e-11
9.72271e-11
1.01168e-10
9.79045e-11
9.70803e-11
1.04325e-10
9.45872e-11
1.00112e-10
0.062436
1.0026e-10
1.03072e-10
9.88403e-11
0.0674535
1.2726e-10
1.05874e-10
9.98622e-11
9.68644e-11
9.97881e-11
4.43502e-05
1.00256e-10
1.05985e-10
9.39923e-11
0.0829071
0.0305201
1.02871e-10
0.0353833
1.04181e-10
9.88345e-11
9.61849e-11
1.05085e-10
0.467497
0.147698
0.0359721
0.13586
0.0306461
0.090531
0.985352
1e-10
0.0445797
0.0138187
9.98203e-11
0.56879
0.6125
0.105616
1.00114e-10
0.00538373
0.0284341
2.18682e-05
1.85677e-05
0.00754922
6.34227e-06
0.00029154
0.0533368
0.0208826
0.0536264
0.027861
0.110726
1.36677e-10
0.206817
0.20317
1.00341e-10
0.00258697
0.00237948
0.0193154
0.0430834
0.0970049
0.187553
0.485719
0.367029
0.420498
0.0404723
0.335297
1.00605e-10
9.71127e-11
0.076868
0.164185
0.101924
0.276273
0.108061
0.175491
0.000746292
0.0690079
9.70716e-11
0.023794
9.84329e-11
0.059138
0.00436937
1.0007e-10
0.0889448
1e-10
0.0290993
0.0241635
0.0481225
0.0458284
0.162242
4.99793e-05
0.189611
0.0865741
1e-10
0.0122572
9.9913e-11
1.01835e-10
1.84793e-10
1.03809e-10
0.00656372
9.88787e-11
9.98581e-11
8.94391e-11
1.0051e-10
0.0348423
1.03413e-10
9.62446e-11
9.74911e-11
9.98815e-11
1.0505e-10
9.53973e-11
1.08167e-10
9.82319e-11
0.082133
0.099034
9.63839e-11
0.0572466
0.107416
0.156256
0.0125796
0.229792
0.00738161
1.01134e-10
1.02228e-10
0.0856424
0.0838417
0.00922217
0.0250071
1.0004e-10
1.01269e-10
9.67381e-11
0.0794854
0.177427
0.302106
0.0596943
0.0937726
0.111204
0.0145754
9.55259e-11
0.1061
0.28227
0.36302
0.255308
0.0960902
0.171477
1.01544e-10
0.0501546
9.53111e-11
9.63702e-11
0.164293
1.07026e-10
0.14839
0.338457
1.01674e-10
9.93056e-11
1.00873e-10
1.01559e-10
0.000246456
1.04735e-10
0.0148581
1.21138e-10
0.0582018
9.92362e-11
9.9104e-11
8.79895e-11
9.61691e-11
1.00546e-10
0.0713927
0.0115654
0.0796137
0.24167
0.357034
0.338909
0.139766
0.206109
0.246242
0.0431284
0.0680473
1.12123e-05
0.280841
0.166021
0.509187
0.401662
0.0486122
9.95237e-11
1.03848e-10
1.05153e-10
0.000576056
0.000435171
0.00013222
0.00348084
0.0253607
9.83627e-11
0.0870768
0.0442925
1.14418e-10
1.11078e-10
1.02419e-10
9.91611e-11
1.00198e-10
1.05225e-10
2.27321e-10
9.94458e-11
1.00538e-10
9.94831e-11
0.0917418
0.519752
0.332466
0.314763
0.326626
0.289645
0.0930691
0.242709
0.429091
0.132725
0.290586
0.212643
0.280703
0.0953932
0.266009
0.24059
0.145411
0.228685
0.363872
0.16246
0.26636
0.242903
9.94261e-11
1e-10
1.01263e-10
1.0719e-10
9.95075e-11
9.89808e-11
0.00675449
1.00378e-10
0.00195346
0.000857293
1.01187e-10
0.00319946
0.035021
0.01874
1.03781e-10
1.05074e-10
1.02006e-10
1.02082e-10
0.0292243
1.03974e-10
0.0156848
0.0370981
1.00069e-10
0.0338458
9.69213e-11
1.00226e-10
1e-10
9.96901e-11
0.0730141
9.95017e-11
1.17596e-10
0.0351465
0.00486105
9.23233e-11
0.0777024
9.56004e-11
9.52944e-11
9.84634e-11
0.0242652
0.0616407
0.0607911
9.73755e-11
9.67627e-11
0.0378225
8.91411e-11
0.0594722
0.388268
0.306965
0.209881
0.173478
0.21915
0.301471
0.225234
0.241998
0.436511
0.411421
0.289241
0.440129
0.321252
0.501965
9.94002e-11
0.0902596
0.172577
1.02067e-10
0.248645
0.127372
0.14399
0.251536
0.196927
0.205573
0.253054
0.169203
0.0882976
0.138478
0.00512888
0.242918
9.84475e-11
0.081901
0.238734
0.286099
0.197995
0.00426358
0.0667527
0.0880568
0.000669392
1.03839e-10
0.0116675
1.07341e-10
0.237359
0.200855
0.140411
0.151918
0.0243705
0.0953667
0.0619177
0.0515328
0.0293709
0.0896949
0.0100038
0.0645682
0.0648289
0.148982
1.09415e-10
0.0374236
0.0796769
0.087404
0.0752865
0.0953559
0.0733926
0.0765101
1.61933e-10
9.19811e-11
0.0812413
0.164186
0.1
0.00541027
0.0218586
1.01782e-10
9.5883e-11
9.83768e-11
1.00738e-10
1.03447e-10
0.0639387
1.00197e-10
0.0252032
0.000970646
0.0630871
0.0590419
1.00146e-10
9.85379e-11
0.0488869
0.0078009
9.96926e-11
9.98423e-11
9.81618e-11
1.0063e-10
9.99349e-11
0.015054
0.00244323
9.96995e-11
0.000120268
1.00834e-10
0.00400468
1.00132e-10
1.00639e-10
0.0025275
1.05429e-10
9.86814e-11
0.00143951
1.00823e-10
9.72238e-11
1.05676e-10
1.01819e-10
1.00146e-10
1.00992e-10
1.00502e-10
1.06804e-10
1.112e-10
1.0247e-10
1.05134e-10
1.04829e-10
0.0521562
0.00973901
1.02685e-10
0.026381
0.0641513
1.25034e-10
9.84186e-11
0.000285948
9.95999e-11
9.78734e-11
1.40401e-10
9.98129e-11
0.0487497
9.93157e-11
1.56042e-10
0.0123841
9.38091e-11
0.0132953
9.6593e-11
1.0113e-10
0.0664936
1.01108e-10
1.00791e-10
0.0421892
1.10594e-10
1.02382e-10
1.04702e-10
9.5866e-11
1e-10
9.88801e-11
8.93669e-11
0.0132189
0.339892
0.0832172
0.131544
0.135267
0.309585
0.163652
0.24728
0.118169
0.254665
0.105364
0.216829
0.269079
0.204421
0.133776
0.01918
0.0200062
0.10863
0.0516405
0.186013
0.0896441
1.00471e-10
0.228209
1.01495e-10
0.0199322
1e-10
1.01716e-10
9.93318e-11
1.08051e-10
1.00246e-10
9.97001e-11
1.06868e-10
0.0187678
1.07177e-10
1.04437e-10
1.03894e-10
9.80134e-11
1.30735e-10
1.01989e-10
1.0606e-10
0.000348042
1.02143e-10
0.000292177
0.0892867
1.20867e-10
0.0880779
0.0815051
0.000573593
9.67575e-11
1.01391e-10
1.00591e-10
1.02226e-10
0.0148308
0.0804763
9.61469e-11
9.43377e-11
1.0299e-10
9.27089e-11
9.50357e-11
0.000262237
0.207056
2.13128e-06
1.14932e-06
1.04937e-10
9.87369e-11
9.918e-11
1.01598e-10
0.0903313
0.0486548
0.0276554
0.0916073
0.0370909
9.9686e-11
1.00837e-10
1.01256e-10
0.000108821
9.48043e-11
1.00405e-10
9.41787e-11
9.32668e-11
9.61214e-11
3.29269e-05
1.02748e-10
9.98678e-11
9.95936e-11
9.57407e-11
9.45711e-11
9.89684e-11
0.003286
9.54854e-11
9.73186e-11
9.17553e-11
1.04421e-10
1.01329e-10
0.0597575
1.00587e-10
9.7506e-11
1.00114e-10
0.0675092
1.01859e-10
0.0483035
9.91075e-11
0.00482178
1.04417e-10
0.000263108
9.89938e-11
1.0055e-10
1.00957e-10
1.01043e-10
1.01005e-10
1.08354e-10
1.02515e-10
0.000128362
0.00186586
1.02331e-10
0.0026958
9.82702e-11
1.02431e-10
1.01204e-10
0.000973086
1.02348e-10
1.11315e-10
1.03105e-10
0.00193932
1.05932e-10
1.00926e-10
9.74959e-11
1.02594e-10
1.00104e-10
1.02691e-10
9.53841e-11
0.000832303
9.52552e-11
9.97035e-11
7.30859e-11
0.0101543
0.0531277
1e-10
1.01047e-10
1.00181e-10
9.92668e-11
0.0477586
1.00194e-10
0.00328705
9.47439e-11
0.0129512
0.0808871
9.57866e-11
9.94262e-11
0.00110787
1.00572e-10
9.97801e-11
9.75467e-11
1.00317e-10
1.00829e-10
9.89182e-11
9.08069e-11
9.83434e-11
9.99805e-11
1e-10
9.98443e-11
0.0296326
1.0129e-10
1.00326e-10
9.91325e-11
9.9826e-11
1.02273e-10
1.00394e-10
1.00404e-10
1.02467e-10
1.00872e-10
0.00444043
0.0611393
0.0371353
1.01386e-10
1.07302e-10
9.93593e-11
9.90656e-11
9.90736e-11
0.0025459
9.94841e-11
0.0224391
0.752069
9.99275e-11
0.000109607
9.58737e-11
9.88206e-11
9.49605e-11
1.01567e-10
9.93741e-11
1e-10
0.00794209
9.99885e-11
9.63933e-11
9.4986e-11
1.01013e-10
9.9672e-11
1.03309e-10
1e-10
9.20263e-11
9.7498e-11
1.00264e-10
9.72427e-11
9.70809e-11
9.94855e-11
9.9225e-11
9.99837e-11
0.00172764
1.03806e-10
1.11852e-10
9.90486e-11
9.83349e-11
9.93507e-11
9.97727e-11
1.11116e-10
9.36232e-11
9.5389e-11
9.66164e-11
0.000480061
9.8472e-11
1.00278e-10
9.97663e-11
9.98735e-11
9.78046e-11
1.04119e-10
9.67774e-11
1.0557e-10
9.22989e-11
9.86037e-11
9.75808e-11
9.58498e-11
1.0879e-10
0.0576282
0.0662953
1.09156e-10
0.0721208
0.000243314
0.0123754
0.0511181
0.00134953
0.304554
0.0556075
0.044851
0.0862192
9.63279e-11
9.24455e-11
9.93755e-11
9.85949e-11
1e-10
9.85689e-11
1.04563e-10
1.07192e-10
1.01018e-10
1.24025e-10
0.00118798
9.44326e-11
9.65798e-11
9.6685e-11
1.00706e-10
9.93902e-11
0.0427624
7.34529e-11
1.04937e-10
9.56531e-11
9.92168e-11
1.31549e-10
1.05493e-10
1.07061e-10
1.00228e-10
9.81959e-11
1.00408e-10
1.57374e-10
9.87043e-11
1.0967e-10
9.8965e-11
8.77307e-11
9.03788e-11
1.07479e-10
1.05048e-10
1.41314e-10
9.74738e-11
9.19385e-11
9.66518e-11
9.8167e-11
7.20312e-05
9.90624e-11
9.77118e-11
9.63184e-11
9.22618e-11
1e-10
9.47495e-11
9.4242e-11
1.01998e-10
9.9412e-11
9.55517e-11
1.01019e-10
2.14377e-10
9.67529e-11
0.000125094
0.000346294
0.00054449
0.116654
9.93746e-11
1.02248e-10
9.79073e-11
9.67061e-11
0.00388039
1.01771e-10
0.00445887
1.005e-10
9.57187e-11
1.04913e-10
9.72471e-11
8.96215e-11
9.40194e-11
9.84884e-11
1.08403e-10
9.8191e-11
9.6625e-11
0.000551195
1e-10
1.00241e-10
1.06199e-10
0.0142166
1.5333e-05
9.64899e-11
0.000686582
9.10634e-11
1.01192e-10
9.52004e-11
9.61652e-11
9.67816e-11
9.44899e-11
9.74458e-11
9.9035e-11
1.02938e-10
0.00668719
9.24344e-11
1.04836e-10
9.67229e-11
9.47039e-11
1.40884e-06
0.0180466
9.18334e-11
0.00101611
9.29734e-11
9.38141e-11
9.22926e-11
0.00115153
9.51475e-11
9.84527e-11
1.00066e-10
0.0287761
9.83354e-11
9.828e-11
9.36456e-11
9.32251e-11
9.84384e-11
9.10701e-11
5.15885e-05
1.23733e-10
1.00356e-10
0.00139924
1.03251e-10
1.00095e-10
1.03582e-10
9.90924e-11
9.87614e-11
1.02036e-10
9.94645e-11
9.90219e-11
9.85624e-11
9.97316e-11
0.013792
1.01469e-10
8.51659e-11
0.00581997
1.02285e-10
0.00010567
0.000108792
9.13453e-11
9.29069e-11
9.48691e-11
0.00221876
1.05602e-10
1.09315e-10
9.93696e-11
0.00470328
1.03806e-10
0.0678371
0.092076
9.90828e-11
9.85233e-11
1.06688e-10
1.03427e-10
1.00374e-10
1.01608e-10
0.00181835
9.84274e-11
1.01047e-10
9.96952e-11
0.0476617
1.0068e-10
0.0256559
9.89729e-11
9.93016e-11
1.01854e-10
0.0270575
1.03791e-10
0.0432997
0.0424487
0.051112
0.083837
0.0728718
0.0209676
0.0760187
0.025736
0.0507369
9.98176e-11
0.243342
0.0988325
1.05898e-10
9.20124e-11
9.79852e-11
1.02369e-10
9.54603e-11
9.19465e-11
1.00655e-10
5.68697e-06
1.00005e-10
0.061381
9.92604e-11
9.75974e-11
9.6736e-11
1.00034e-10
9.92925e-11
9.89947e-11
0.0168516
1.01623e-10
0.00117502
0.00128366
1.08646e-10
9.94343e-11
0.0569943
0.0877126
0.0518978
9.86909e-11
1.11238e-10
1.04676e-10
0.0103573
9.92228e-11
9.85169e-11
0.00825508
1.03564e-10
1.03172e-10
9.73124e-11
9.93199e-11
0.187889
0.0292565
0.0317284
1.01127e-10
0.0535876
0.0433788
9.72271e-11
9.92729e-11
0.0763648
1.01894e-10
3.87575e-05
0.000622666
0.0624283
9.40818e-11
0.0198313
9.32635e-11
1.02171e-10
0.0595014
0.0912401
0.0786443
9.63408e-11
0.0679052
9.74875e-11
0.1
0.079292
0.0820754
0.0909368
0.0276285
0.0852893
0.325928
0.0915839
0.169229
0.0925863
0.0855009
9.62995e-11
0.0821708
0.096544
0.0969996
0.000111479
9.48614e-11
1.04263e-10
1.10211e-10
1.07316e-10
1.00274e-10
9.5048e-11
1.08698e-10
0.0717101
0.0858964
0.0490469
0.0874601
0.0886112
1.07094e-10
0.0363156
0.0946658
9.35743e-11
0.0926702
9.462e-11
0.0864513
0.0245431
0.0727605
0.0308306
0.0979816
0.0988558
1.03667e-10
0.0764154
0.176724
0.0668654
9.75495e-11
0.0432504
0.0990254
1.15084e-10
0.0476568
0.0649484
0.0185439
0.173566
1.20225e-10
9.94017e-11
0.183335
0.0811559
0.0915929
1.01365e-10
0.0661855
0.112366
0.0807662
0.0129086
0.096569
9.90982e-11
0.0699105
0.000175948
0.068231
0.116424
1.05061e-10
1.02871e-10
1.00323e-10
1.01362e-10
1.03875e-10
0.0145284
1.11393e-10
1.09924e-10
0.0917126
0.0840167
1.05316e-10
0.0277072
1.09834e-10
9.49652e-11
8.67787e-11
1.02721e-10
9.74896e-11
9.44737e-11
8.96733e-11
9.79292e-11
9.86971e-11
9.80977e-11
9.80522e-11
9.81305e-11
9.84741e-11
9.50386e-11
0.000224703
9.49566e-11
9.40719e-11
9.92632e-11
9.5027e-11
9.75524e-11
1.06509e-10
9.4726e-11
9.96088e-11
1.04994e-10
9.5794e-11
1.03034e-10
0.000367484
9.15877e-11
1.04345e-10
1.08103e-10
9.71106e-11
9.49134e-11
0.0622989
1.04376e-10
1.00182e-10
1.01423e-10
9.90221e-11
9.56468e-11
1.05998e-10
1.04166e-10
1.02973e-10
1.07358e-10
9.7395e-11
1.00649e-10
9.90376e-11
9.58784e-11
1.01517e-10
1.0139e-10
9.93254e-11
9.58266e-11
0.0688737
1.01739e-10
1.09323e-10
0.0523997
0.018063
1.01973e-10
1.10719e-10
1.06912e-10
1.10335e-10
1.00529e-10
1.05858e-10
1.08381e-10
1.07439e-10
0.161621
0.269937
0.0733935
9.85278e-11
9.60942e-11
0.00048765
9.58366e-11
0.0438846
0.0670607
0.0555343
0.00620661
1.13962e-10
8.72051e-11
0.000254421
0.0108437
0.0132262
0.0296776
0.0960399
0.0569353
0.119547
1.02753e-10
0.098013
0.0722028
0.0775864
0.0501951
9.81534e-11
1.05903e-10
9.90336e-11
0.0357423
1.06368e-10
1.06527e-10
1.04394e-10
1.01037e-10
1.05565e-10
0.00140524
0.000122123
1.01374e-10
1.12132e-10
0.200389
0.108507
0.181692
0.113075
0.180421
0.431902
0.0443739
0.286895
0.248793
0.159625
0.133937
0.0665958
0.0802583
0.155357
0.118421
0.0878842
0.16472
0.227328
0.636549
0.718636
0.791512
0.0991022
0.608255
0.0961498
0.139089
0.161275
0.108579
0.0128122
0.151362
0.18763
0.107593
0.0545969
0.0835596
0.173218
0.254859
0.514972
0.0526549
0.205858
0.0211736
0.0691845
9.74935e-11
0.0302192
0.061585
0.00254098
0.11713
0.0995135
0.609016
0.121064
0.641359
0.595624
0.0386348
0.429148
0.106208
0.646942
0.126951
0.478291
0.0921814
0.0125145
0.6351
0.258897
0.646602
0.727856
0.439569
0.133553
0.0903157
0.551062
0.801376
0.515343
0.509898
0.58212
0.626953
0.461593
0.620025
0.596671
0.0353503
0.140782
0.510527
0.553173
0.302019
0.162339
0.138622
1.00296e-10
0.0826632
0.0112988
0.000774575
0.124309
0.0159677
1.01939e-10
0.147607
9.4036e-11
0.203214
0.124544
0.00901299
0.00159362
0.0122723
0.162126
1.02558e-10
1.00982e-10
0.00156081
0.0910182
0.00038495
1e-10
9.94391e-11
9.98712e-11
0.00424411
0.00794759
1.0196e-10
0.204348
1e-10
0.040679
9.98521e-11
9.97249e-11
9.99679e-11
0.215988
1e-10
0.00416838
1.00349e-10
0.0345579
0.0647335
0.0182384
0.885782
1e-10
0.0846799
1.02827e-10
0.0247841
0.0344746
0.0560534
0.283801
0.577328
0.738521
0.537589
0.108224
0.243995
0.105711
0.483913
0.601442
0.830461
0.0646093
1
0.840987
0.0318393
0.0963151
1
2.68229e-10
0.649562
0.0204895
0.0714143
1
0.178152
0.0312124
0.00106657
1.03776e-10
9.99091e-11
1e-10
0.000104338
0.000121464
0.00156152
1e-10
1.00103e-10
0.00289505
9.99185e-11
0.000839338
0.0018525
0.0985959
0.165204
1.00034e-10
0.0796388
0.0510596
0.758656
0.338214
0.441593
0.209235
0.592785
0.115142
0.408308
0.0334549
0.647292
0.0240948
0.0333794
0.00514905
0.884097
0.00409402
0.0210154
0.0092465
0.302601
0.265325
0.994986
0.00839411
0.966133
0.965344
9.96476e-11
1
0.680252
0.9621
0.859258
0.671622
0.748338
0.514693
0.753868
1
0.999972
0.137907
0.531701
0.999131
0.996638
0.632945
0.0137986
0.000965208
1.00006e-10
0.000268663
0.001938
9.99569e-11
1.0031e-10
0.00182314
0.00147194
0.000833044
1.00195e-10
9.48679e-05
0.000421697
1.05442e-10
0.0848125
0.0181731
0.0354315
0.0385429
0.00232914
0.0999095
0.0877656
0.00312551
1e-10
0.0713398
0.672922
0.0397967
0.0596052
0.0834114
9.95506e-11
1e-10
0.00587792
0.42112
1.00375e-10
0.133958
0.675133
0.113986
0.43713
0.110662
0.083604
0.35136
0.678163
0.525858
0.560648
0.523941
0.764947
0.453341
0.0407851
0.00147199
0.00830154
0.770093
0.670048
0.846785
0.402719
0.679249
0.719389
0.649456
0.0486013
0.266356
0.041558
0.95968
0.0273568
0.671945
0.238501
0.385807
0.139525
0.786158
0.523766
0.673632
0.337928
0.00237803
0.683996
0.652703
0.647909
0.000971183
0.764204
0.0660522
1.00744e-10
1e-10
0.078335
0.00147967
1.0184e-10
0.211497
0.108753
0.0380347
1.023e-10
0.0405827
0.247221
0.0357579
0.0720909
0.0176811
1.02298e-10
0.0778693
0.700353
0.208246
0.110177
0.0654461
0.166416
0.0991016
0.0889244
0.432693
0.0478111
0.249384
0.126358
0.094127
0.664271
0.386997
0.00437129
0.139851
9.36088e-11
1.08395e-10
1.10165e-10
1.02923e-10
0.193077
0.605528
1.04812e-10
1.00049e-10
0.331407
0.078903
0.00734525
0.0848953
0.0174469
0.0578424
0.112551
1.06014e-10
0.0414607
0.258444
0.00135977
0.433762
0.0937288
0.354381
1.02061e-10
9.99644e-11
0.126636
9.46362e-05
0.0750538
1.01113e-10
0.000362353
0.0895861
0.607706
0.452212
0.0421159
0.0855515
0.522717
1.07173e-10
0.0830641
1.07815e-10
0.436711
0.213361
0.279634
0.335694
0.103755
0.0900821
0.757513
0.418021
0.280615
0.512621
9.82712e-11
4.10831e-06
9.90285e-11
1.00001e-10
1.00484e-10
0.0336158
0.000296676
0.000147293
9.88833e-11
1e-10
1.06106e-10
1.01795e-10
1.03637e-10
0.0161016
0.0265683
8.53748e-11
9.93563e-11
9.83287e-11
4.05895e-05
1.35477e-10
0.0251624
9.70281e-11
1.03813e-10
1.03666e-10
9.9874e-11
1.00956e-10
0.0295267
9.85517e-11
0.00100441
9.98935e-11
1e-10
0.00878556
0.272313
0.0997907
0.276271
0.665649
0.09827
0.150345
0.213836
0.0109483
0.0570667
0.19668
0.150389
1.02065e-10
0.0123352
9.93781e-11
1.04025e-10
0.00663794
0.447628
0.0361018
1.01775e-10
9.65746e-11
0.0197644
1.01499e-10
0.0215238
1.05409e-10
0.0549557
0.0132876
1.061e-10
0.000951524
0.0110585
1.00998e-10
1.02129e-10
9.87647e-11
0.0469197
0.0734593
1.06451e-10
0.0632368
0.0833102
0.102958
0.136843
0.307941
1.01494e-10
0.30256
0.108851
0.279263
0.0202879
0.0811889
0.0971578
1.07102e-10
1e-10
0.534585
0.0970538
0.0314761
0.0814957
9.97086e-11
0.0801893
0.0773695
0.00461193
0.00309472
0.162628
0.0894797
0.0842314
1.02863e-10
0.0191752
0.197408
0.0842668
0.0204818
0.340498
0.0957121
0.0631899
0.0895085
0.06762
0.0348455
0.0299105
0.142829
0.000866822
0.063399
0.419454
1.27989e-10
9.83872e-11
1.15392e-10
9.99824e-11
1e-10
0.0187335
0.0474326
0.0269432
0.00838428
0.00394257
0.042574
0.00618471
9.98739e-11
1.07564e-10
1e-10
0.027218
0.000201544
9.72418e-11
0.00530563
8.79451e-11
1e-10
9.67218e-11
9.97038e-11
9.73933e-11
1e-10
9.95471e-11
9.64423e-11
4.2589e-06
9.96821e-11
1.0177e-10
0.1
1.0396e-10
1.04428e-10
0.0904798
1.06576e-10
0.00338653
0.490848
0.0519834
1.0584e-10
0.021145
1.03892e-10
0.167963
0.0249726
1.14286e-10
0.0835521
0.000136109
1.10728e-10
0.0367788
8.89079e-11
0.0510647
0.0611569
9.65293e-11
0.000454281
1.14194e-10
1.06834e-10
0.00805401
0.0134562
0.40522
0.232271
9.11625e-11
9.19368e-11
1.06865e-10
1.08347e-10
1.05059e-10
1.0537e-10
0.0484505
1.03569e-10
0.681015
0.0711198
0.00744693
1.16474e-10
0.356297
0.0963045
0.0708891
0.261462
0.0847445
0.0607252
0.0318239
9.63244e-11
9.91533e-11
0.00100835
0.00911939
9.48001e-11
9.57323e-05
1.1049e-10
0.00676846
0.0154501
0.0666389
1.73878e-05
9.0316e-11
0.0609202
0.450453
0.0854681
0.167018
9.95212e-11
0.0965943
0.0740337
1.04065e-10
0.0371879
0.0873331
0.0813355
0.516357
9.96361e-11
1.8399e-10
0.200598
1.10562e-10
1.05495e-10
1.05132e-10
1.05527e-10
0.297504
9.99467e-11
0.0847027
0.086492
1.13858e-10
9.68081e-11
0.360314
9.62237e-11
0.56707
1.02039e-10
0.583314
9.79179e-11
1e-10
0.283799
0.145693
0.163139
0.478145
0.000819727
0.0806935
9.64455e-11
1.04969e-10
0.0953012
0.325625
0.125969
0.0855094
4.57961e-05
0.225965
0.34818
0.128571
9.87041e-11
0.151113
0.00945954
0.0889488
0.0227959
0.0812745
0.0878218
0.00987537
0.000105329
1.02652e-10
0.0936829
0.0945851
0.314754
0.307847
0.228562
0.31816
0.0717944
0.0837696
0.329923
0.0811137
5.83352e-05
0.0653356
1.00882e-10
0.0687861
0.0854647
0.258571
0.0983735
0.431381
0.0402338
0.144525
0.178163
0.181694
0.214932
1e-10
1.00466e-10
1.01606e-10
0.000120033
9.95139e-11
1e-10
5.26972e-05
0.055702
5.12926e-05
1e-10
8.87341e-05
1e-10
1e-10
0.00655503
1.04143e-10
1e-10
9.95537e-11
0.0637648
1e-10
1.03174e-10
1e-10
1.01467e-10
0.0982824
0.0360168
1.03663e-10
0.00566548
1.00284e-10
7.30026e-06
0.0175188
1.02528e-10
9.97557e-11
0.000169655
0.0256026
9.81932e-11
9.99991e-11
0.0469343
1.01652e-10
1.00657e-10
0.0125501
1.03074e-10
9.67194e-11
0.125087
0.0212494
0.145444
0.145874
0.126504
0.0867576
0.091717
0.0370327
0.0895882
0.0720317
0.13249
0.080923
0.0863747
0.0827938
0.183649
9.96725e-11
0.0991972
0.0996826
0.0987832
0.0503208
0.079781
0.0832176
9.97993e-11
9.99961e-11
9.02937e-11
0.11765
0.0907715
0.192465
0.26632
0.0108163
0.00876303
0.0207786
0.0186189
0.00516875
0.029776
0.0436995
0.0223193
0.0270661
0.022281
1e-10
0.0383791
0.0146471
9.68944e-11
9.5252e-11
0.00579153
0.0704722
0.0583854
9.84559e-11
0.0566599
1.21054e-10
9.26781e-11
9.92356e-11
9.57672e-11
0.0364952
1.14665e-10
0.084457
9.88401e-11
0.0323899
9.59825e-11
0.105812
0.602638
9.40828e-11
9.93776e-11
0.0590975
0.0915502
1.0381e-10
0.0142168
1.04207e-10
9.88814e-11
9.68137e-11
9.95808e-11
9.73877e-11
9.79752e-11
1.04207e-10
9.67201e-11
9.97429e-11
1.31654e-10
9.61745e-11
0.00120882
0.232879
1.03522e-10
9.90446e-11
1.03174e-10
1.05537e-10
9.96592e-11
0.000133045
9.76138e-11
1.03051e-10
1.03743e-10
0.33293
9.50051e-11
9.57062e-11
0.000176151
9.97713e-11
9.70025e-11
9.39902e-11
0.467783
9.50558e-11
9.24892e-11
0.000438574
9.64388e-11
1.07566e-10
9.99381e-11
0.0912416
0.577951
0.124213
0.144635
0.0905387
0.28843
0.373345
1.14314e-10
0.00135808
9.62064e-11
0.166127
9.61498e-11
9.72228e-11
1.00017e-10
1.04933e-10
9.571e-11
1.03138e-10
1.04665e-10
9.59116e-11
0.000209956
1.07754e-10
1.07257e-10
1.01787e-10
1.04272e-10
1.04539e-10
9.76625e-11
0.0130336
9.74358e-11
0.104534
9.68731e-11
0.067039
0.000152615
9.82893e-11
0.0975711
0.257358
0.0851035
0.100491
0.220007
0.1
0.199908
0.113005
0.431241
9.77934e-11
0.1
0.000153298
1.00062e-10
0.166139
1e-10
0.272473
0.103832
0.0600393
0.13488
0.254394
9.3194e-11
0.347442
1.02258e-10
0.173686
1e-10
0.058779
1e-10
1.03652e-10
1.02517e-10
0.00555439
0.0422371
0.0987491
0.0657527
0.0277531
0.0994405
0.0977802
1.03287e-10
1.01089e-10
0.0970897
0.0684314
0.0021302
1e-10
0.0668443
1.03334e-10
0.0326772
1.00175e-10
0.0728815
1.00749e-10
1.0047e-10
0.127601
0.0779001
1.00532e-10
1.01436e-10
9.99073e-11
0.0854087
0.133565
0.0874782
1.00942e-10
1.01749e-10
0.0985443
0.0994894
1.00809e-10
1.04341e-10
9.26998e-11
9.87014e-11
1.04884e-10
1.68843e-10
9.70753e-11
1.00828e-10
9.73331e-11
9.6475e-11
9.69947e-11
9.81376e-11
0.00859439
0.00704174
1.08275e-10
1.0564e-10
0.00031947
9.64094e-11
1.0814e-10
1.0011e-10
1.03669e-10
1.12486e-10
1.02938e-10
9.87548e-11
0.00941493
1.0429e-10
1.03062e-10
1.0108e-10
7.78222e-06
1.07031e-10
9.8531e-11
9.43434e-11
9.83637e-11
0.0283612
1.0232e-10
1.02008e-10
0.0895903
0.0872628
1.04036e-10
0.00588785
1.04008e-10
1.00019e-10
0.0010949
1.03367e-10
1.00245e-10
1.09929e-10
1.01555e-10
1.02528e-10
9.62879e-11
9.6896e-11
9.44612e-11
1.03921e-10
9.75536e-11
1.0135e-10
1.02121e-10
0.0217634
1.02202e-10
9.86065e-11
9.82808e-11
1.00437e-10
1.00401e-10
1.00496e-10
9.75153e-11
1.00081e-10
9.98992e-11
0.0268295
1.01598e-10
1.00418e-10
9.6444e-11
0.000197649
9.89201e-11
9.91669e-11
0.00556926
1.02039e-10
9.83251e-11
1.063e-10
0.000677706
1.00322e-10
9.98991e-11
1.02481e-10
0.0407755
9.62839e-11
1.08414e-10
9.59813e-11
0.03049
1.03042e-10
0.105553
9.78454e-11
0.0917291
0.0859932
0.113907
0.156545
0.1415
0.111801
0.0322681
0.176315
0.138618
1.00294e-10
0.0346607
0.0732433
0.106999
0.266346
0.23656
0.24088
0.230013
9.76069e-11
0.0631519
0.124416
0.0949511
0.135619
9.83153e-11
0.244183
0.104867
0.0795459
0.452163
0.150659
0.229807
0.0434195
0.288298
0.0701843
0.232224
0.0848572
0.30332
0.294273
0.310504
0.128795
0.241471
9.51573e-11
0.0179475
0.0016509
0.0170854
1.0158e-10
9.83728e-11
0.0730349
0.0917031
9.734e-11
0.0941777
1.03546e-10
0.0822573
1.00876e-10
1.00412e-10
1.00993e-10
1.00894e-10
0.308715
0.0938191
0.226403
0.100645
0.105305
0.179433
9.68046e-11
1.00826e-10
0.0489093
0.0421175
1.00182e-10
9.59982e-11
0.300154
0.163395
0.188064
0.149542
0.0660427
0.150857
0.226717
0.182965
0.223726
0.379089
0.258564
0.130733
0.266702
0.289522
0.0952906
0.117846
0.222337
0.112675
0.331656
0.309725
0.0894293
0.120212
0.165473
0.0983087
0.214917
0.363363
0.294519
9.79662e-11
0.0472509
0.0522181
0.0933063
0.0849278
0.0964151
0.0401606
0.149275
0.163216
0.131086
0.0302563
0.145376
0.070166
9.8036e-11
0.147454
1.00664e-10
0.208036
0.0652237
0.128497
0.17907
0.0862718
9.61131e-11
9.74176e-11
0.0299521
1.01177e-10
0.0981203
0.0822818
0.0270528
1.00093e-10
9.10571e-11
0.0131936
9.51692e-11
0.0447963
1.0008e-10
0.0219204
0.00452535
1.00412e-10
9.87714e-11
0.0032372
1.00975e-10
0.064601
0.119365
0.0567878
0.0172663
1.01952e-10
9.95956e-11
1.09706e-10
0.00113395
9.94873e-11
1.05449e-10
1.03221e-10
0.0270818
1.04112e-10
0.0822034
0.0535979
0.176297
0.126795
0.308684
0.193387
0.450995
0.0405179
0.483577
0.331956
0.34104
0.425183
0.351013
0.346744
0.307938
0.260748
0.382485
0.23924
0.347066
0.270808
0.278853
0.362697
0.394274
0.148545
0.0303856
0.086846
0.330403
0.192302
0.166044
0.285186
0.159392
0.413957
0.0729191
0.0650405
9.80708e-11
1.01014e-10
9.8454e-11
0.027761
0.157603
0.162786
0.0560783
1.02527e-10
1.02821e-10
1.0274e-10
0.111636
0.000244613
0.0889466
9.9217e-11
0.0862592
9.83438e-11
0.0741954
0.0951437
0.129107
0.00490869
0.0773385
0.093814
0.0983533
0.0175613
0.20832
0.184213
0.0922793
0.0888704
0.184465
0.0948721
0.0738513
0.193802
0.0936137
0.0512616
0.35332
0.191421
1.00709e-10
0.082231
0.0634281
1.02222e-10
0.279827
0.168937
1.006e-10
0.0351181
0.180176
0.128499
0.303212
0.256431
1.03572e-10
1.01112e-10
0.0826757
0.0518413
1.01076e-10
0.0909855
0.0995403
0.0945259
0.0828964
9.94676e-11
0.229835
0.190582
0.436548
0.360345
0.114527
0.139319
0.0923599
0.153983
0.244488
0.0833513
0.128779
1.05243e-10
0.124868
0.0888389
0.0337046
2.14311e-10
0.0876018
0.0714843
9.87605e-11
9.48302e-11
0.00152735
9.84341e-11
1.12142e-10
0.088199
1.08627e-10
1.01815e-10
0.093162
0.0555268
0.0772399
0.00975194
0.0581574
0.0694912
0.198302
0.204316
0.182444
0.0941221
0.204464
0.161103
0.000203269
1.0271e-10
0.0517877
0.0560448
9.20968e-11
0.00011615
0.0718605
0.186159
0.189891
0.0959406
0.133479
0.191835
0.0515728
0.185738
0.0943751
0.142538
0.194295
0.140142
1.03074e-10
1.01128e-10
0.130539
0.0910383
0.0192108
1.65423e-10
0.217974
0.131525
0.141436
0.180512
0.0925931
0.146504
0.150555
0.17305
0.208655
0.20194
0.0502769
0.0365532
0.0104139
0.0717313
0.0732909
0.0722372
0.117081
0.170585
0.0904622
0.0984304
0.0910241
0.04282
0.0924771
0.0458738
9.38519e-11
1.00786e-10
1.01439e-10
1.09888e-10
0.0931153
1.0463e-10
0.000115404
1.06385e-10
9.97808e-11
1.04676e-10
0.0898957
1.02209e-10
0.0575527
0.0250986
1.10019e-10
1.00435e-10
1.06317e-10
1.015e-10
0.00149103
1.02276e-10
9.92277e-11
0.00118516
1.01205e-10
1.02208e-10
0.0238242
0.00230777
0.000478153
0.0187205
1.06368e-10
9.90473e-11
1.0351e-10
1.00818e-10
9.23406e-11
0.0658587
1.00229e-10
1.03875e-10
1.05079e-10
1.10856e-10
9.89881e-11
9.99866e-11
1.24275e-05
9.17258e-11
9.86143e-11
9.64755e-11
1.02756e-10
1.00561e-10
9.69297e-11
9.95602e-11
9.77059e-11
0.0266984
1.02644e-10
9.64214e-11
9.55342e-11
9.60284e-11
1.01252e-10
9.6153e-11
1.00688e-10
9.70222e-11
9.75475e-11
9.55276e-11
2.80295e-05
9.974e-11
0.0594941
0.0297679
2.62542e-05
9.94147e-11
0.019382
0.000131271
0.0312826
1.0122e-10
4.69832e-06
0.0106426
0.000989898
0.0400627
0.00570619
0.0220911
0.0784476
1.03237e-10
1.05048e-10
0.0794974
1.02001e-10
9.72509e-11
9.96674e-11
1.04223e-10
0.039763
0.00273762
9.87348e-11
0.1
1.02665e-10
0.0743239
1.03551e-10
1.02769e-10
0.0926037
9.93726e-11
1.05992e-10
1.019e-10
1.03522e-10
2.17522e-05
0.0160942
9.89943e-11
1.01332e-10
9.57923e-11
1.07534e-10
1.00501e-10
0.0395795
1.55935e-05
9.89704e-11
9.6745e-11
0.065467
0.000146695
9.66713e-11
9.76312e-11
0.000356825
0.00591012
1.01381e-10
1.01661e-10
9.59516e-11
6.65735e-05
1.03715e-10
1.03081e-10
9.75497e-11
1.01871e-10
9.90881e-11
1.00234e-10
0.0528048
9.40762e-11
0.000214354
1.0571e-10
0.0163056
9.76213e-11
9.75088e-11
9.69756e-11
9.79354e-11
1.4273e-10
9.72351e-11
1.02046e-10
2.62114e-05
0.00022721
9.94238e-11
0.000303736
1.01616e-10
0.00222004
9.44898e-11
9.98473e-11
9.89802e-11
1e-10
0.000226151
9.82493e-11
9.66861e-11
1.04988e-10
9.73349e-11
9.63294e-11
1.0335e-10
1.05216e-10
1.03549e-10
1.03501e-10
9.9173e-11
0.0106901
9.81215e-11
1.02106e-10
1.02858e-10
0.0659459
1.06083e-10
0.00217786
1.05027e-10
9.9593e-11
1.03769e-10
1.03096e-10
0.0543966
1.0171e-10
1.227e-10
1.046e-10
1.05818e-10
1.08379e-10
1.05239e-10
1.04176e-10
9.62434e-11
9.6966e-11
0.00719055
9.72346e-11
9.88655e-11
9.2831e-11
9.99537e-11
1.00398e-10
9.55241e-11
9.51404e-11
1.00155e-10
9.99338e-11
9.94808e-11
0.0126143
0.000358777
9.92615e-11
1.05196e-10
1.00331e-10
9.89342e-11
9.77835e-11
9.81309e-11
9.45362e-11
1.05226e-10
1.01024e-10
9.63705e-11
1.00181e-10
9.96586e-11
1.006e-10
9.97389e-11
1.04051e-10
9.78418e-11
1.03985e-10
9.67929e-11
1.00874e-10
1.01231e-10
9.97897e-11
9.51384e-11
9.71075e-11
1.08119e-10
9.4503e-11
9.88525e-11
9.68045e-11
9.75235e-11
1.01497e-10
9.54525e-11
1.04939e-10
9.75684e-11
1.04247e-10
9.64539e-11
9.81375e-11
9.59496e-11
9.69184e-11
9.38898e-11
9.97801e-11
9.39826e-11
0.000124664
9.19954e-11
9.09838e-11
9.49421e-11
9.84542e-11
0.000174893
1.02662e-10
1.09208e-10
9.23744e-11
1.0004e-10
9.76116e-11
9.86944e-11
9.99135e-11
9.53877e-11
5.59065e-05
9.25228e-11
1.10907e-10
1.02855e-10
1.01294e-10
1.03721e-10
0.000160169
9.61429e-11
5.60789e-05
9.95948e-11
9.70694e-11
9.62287e-11
9.37797e-11
9.79477e-11
9.5977e-11
1.05878e-10
9.37082e-11
9.70976e-11
9.92042e-11
8.61213e-05
9.87692e-11
9.98441e-11
9.54105e-11
9.23707e-11
9.56041e-11
0.0661237
0.000246596
0.000140802
9.63968e-11
9.18485e-11
9.97963e-11
1.05346e-10
9.89475e-11
9.5554e-11
9.21077e-11
1.02123e-10
1.01192e-10
9.83024e-11
9.65138e-11
9.47746e-11
0.0755622
0.0895215
9.70003e-11
9.49203e-11
9.93962e-11
0.0501684
0.0915999
9.63226e-11
9.8993e-11
9.42853e-11
1.00518e-10
9.14772e-11
0.000496597
9.47328e-11
3.31618e-05
9.65921e-11
0.0962556
0.195714
0.084462
0.0710397
0.0392932
0.0213312
0.0877775
0.0918747
9.02404e-11
9.25883e-11
9.8625e-11
1.08562e-10
9.44777e-11
9.38197e-11
9.10384e-11
1.07874e-10
9.30373e-11
9.74811e-11
9.96326e-11
1.40005e-05
0.111483
0.188096
0.082443
0.0889229
9.48622e-11
9.66014e-11
9.93451e-11
9.02323e-11
0.0109765
0.0914635
9.04012e-11
0.00027993
1.00686e-10
8.84218e-11
1.01251e-10
1.0027e-10
0.0431855
9.6338e-11
1.02292e-10
9.27929e-11
8.89217e-11
9.37266e-11
0.0677195
9.66454e-11
0.0705249
1.24667e-10
0.00117017
1.0975e-10
1.13985e-10
9.81482e-11
1.05263e-10
9.79697e-11
9.79641e-11
8.93005e-11
1.00693e-10
9.43436e-11
0.00917085
0.0882458
1.05903e-10
9.24426e-11
9.78982e-11
9.70597e-11
9.91669e-11
0.151285
0.0776113
0.181234
0.0191738
0.0425057
1.05215e-10
1.0351e-10
0.000156493
9.23399e-11
0.000264986
9.35614e-11
1.12598e-10
1.09991e-10
9.65451e-11
9.34767e-11
0.0458947
9.66066e-11
1.11188e-10
0.0905782
0.089352
0.081362
1.08078e-10
0.0271896
1.00098e-10
0.0369494
9.98508e-11
9.95689e-11
1.08202e-10
1.04294e-10
9.26635e-11
9.6835e-11
1.00031e-10
9.42777e-11
9.81257e-11
8.80963e-05
9.15197e-11
9.28183e-11
1.03582e-10
0.0488171
0.0599298
1.09134e-10
1.10678e-10
9.18719e-11
1.16332e-10
1.16436e-10
1.06866e-10
1.027e-10
1.0716e-10
0.0184394
0.0583074
1.04807e-10
0.00380524
2.10313e-05
1.06451e-10
0.048565
9.4917e-11
9.96105e-11
1.06967e-10
1.01252e-10
0.0321733
1.2558e-10
1.17909e-10
1.46447e-10
9.91449e-11
3.07399e-10
9.23606e-11
9.62752e-11
0.000101828
1.00665e-10
9.85669e-11
9.98414e-11
9.47542e-11
1.32507e-10
0.000284959
1.11318e-10
1.12911e-10
9.54511e-11
1e-10
1.06828e-10
9.25717e-11
9.2369e-11
9.49554e-11
9.93614e-11
9.83416e-11
9.80412e-11
9.96409e-11
9.99189e-11
1.02209e-10
0.00485495
1.14965e-10
9.9998e-11
1.2308e-10
9.31444e-11
0.00928287
0.00520179
1.18106e-10
9.60793e-11
1.0486e-10
1.03895e-10
9.58311e-11
1.01818e-10
9.81075e-11
9.93629e-11
9.49925e-11
1e-10
9.75639e-11
1.00705e-10
2.25796e-10
1.25664e-10
9.73708e-11
9.99667e-11
1.08036e-10
1.00153e-10
9.23352e-11
9.49358e-11
1.08438e-10
9.85893e-11
9.77767e-11
1.05744e-10
1.00694e-10
9.1978e-11
0.0240219
1.02267e-10
9.93652e-11
9.44006e-11
9.89449e-11
9.8289e-11
1.00427e-10
1.00251e-10
9.73466e-11
9.94406e-11
1.06891e-10
1.12113e-10
9.58877e-11
9.59004e-11
9.88631e-11
9.96652e-11
9.70942e-11
9.48903e-11
1.0331e-10
9.73133e-11
9.95149e-11
9.76573e-11
9.76334e-11
1.16154e-10
9.62312e-11
9.99827e-11
9.82929e-11
9.47451e-11
1.09215e-10
1.13797e-10
9.39337e-11
9.38817e-11
1.03625e-10
9.66135e-11
1.00399e-10
9.57739e-11
1.01697e-10
9.63638e-11
1e-10
1.09297e-10
9.93779e-11
1.01118e-10
9.84909e-11
0.00120173
1.00477e-10
9.88055e-11
1.09779e-10
1.03105e-10
9.26421e-11
9.61238e-11
9.67855e-11
9.82616e-11
1.10761e-10
9.77929e-11
9.67468e-11
3.94165e-05
0.0606143
1.0701e-10
0.0425995
1.05699e-10
2.7462e-05
1.07591e-10
1.05457e-10
1.01485e-10
9.73621e-11
0.000118121
1.58306e-05
7.92015e-05
9.97677e-11
9.13554e-11
1.01211e-10
9.842e-11
9.73002e-11
2.03467e-05
0.0268927
2.38576e-05
9.79366e-11
9.48191e-11
9.92358e-11
1.0011e-10
1.0367e-10
9.93077e-11
1.0214e-10
9.82227e-11
1.12605e-10
9.50364e-11
0.00040293
1.0296e-10
1.04033e-10
1.07196e-10
0.00651654
1.04528e-10
1.02991e-10
9.5623e-11
3.2613e-05
1.06107e-10
9.39743e-11
9.49368e-11
1.05977e-10
9.78914e-11
9.77817e-11
9.36933e-11
9.34538e-11
9.56329e-11
9.6531e-11
1.16975e-10
9.75615e-11
1.05097e-10
0.0176569
0.0538451
0.090381
1.0171e-10
0.0366203
1.01201e-10
0.0379043
0.0564995
0.0700637
9.85593e-11
9.41578e-11
9.66803e-11
9.97363e-11
0.00923151
9.68874e-11
8.81363e-11
9.32684e-11
0.0440388
0.0391332
9.6691e-11
0.0208947
1.02585e-10
0.0712548
9.51889e-11
0.092093
9.44591e-11
9.17e-11
0.0338229
9.0183e-11
9.55669e-11
9.86146e-11
4.96828e-05
1.0082e-10
0.0827924
0.00763563
1.10866e-10
9.28308e-11
9.92402e-11
1.49003e-10
1.08247e-10
1.03212e-10
9.97417e-11
1.01482e-10
1.06892e-10
1.06831e-10
1.13856e-05
1.00168e-10
1.08545e-10
9.99726e-11
9.99007e-11
9.86499e-11
9.80935e-11
1.03669e-10
1.0195e-10
9.89842e-11
9.71433e-11
9.94003e-11
9.73539e-11
7.78872e-05
2.17062e-05
9.98567e-11
9.56942e-11
1.0312e-10
9.9565e-11
1.128e-10
0.000120885
9.69704e-11
9.87026e-11
1e-10
9.57659e-11
2.57127e-05
1.01018e-10
1.00085e-10
9.92709e-11
9.77499e-11
1.04138e-10
0.000232002
0.000323088
1.77851e-05
9.49401e-11
0.000102681
9.99897e-11
9.65877e-11
9.56725e-11
1.02358e-10
9.5512e-11
9.92084e-11
1.0734e-10
9.34767e-11
1.04792e-10
1.00205e-10
9.41232e-11
1.02769e-10
3.96689e-05
9.69704e-11
9.70699e-11
1.11114e-10
1.08721e-10
1.1351e-10
0.000223733
1.0461e-10
9.43197e-11
1.13826e-10
9.44508e-11
9.46444e-11
1.07352e-10
0.0014369
4.78354e-05
0.0894303
1.05039e-10
9.29541e-11
1.1987e-10
1.06202e-10
1.01229e-10
9.93933e-11
9.78632e-11
9.58101e-11
1.05484e-10
1.08131e-10
1.04333e-10
1.00131e-10
9.85872e-11
3.79262e-05
9.4563e-11
9.71353e-11
1.00042e-10
1.0101e-10
9.85183e-11
9.96199e-11
0.000197183
9.59915e-11
9.79082e-11
9.53521e-11
1e-10
9.51256e-11
9.77999e-11
1.11059e-10
9.35789e-11
1.04024e-10
9.5181e-11
9.19887e-11
1.0677e-10
1.01704e-10
9.54231e-11
9.68316e-11
9.47489e-11
1.0195e-10
9.77614e-11
9.6324e-11
9.69367e-11
9.42793e-11
9.8041e-11
9.86004e-11
1.01016e-10
1.01278e-10
1e-10
9.96639e-11
9.98818e-11
1.00389e-10
9.52218e-11
9.44349e-11
9.38976e-11
1.11504e-10
9.54409e-11
1.01104e-10
9.96825e-11
9.73731e-11
1.07007e-10
9.64023e-11
1.03801e-10
9.68141e-11
9.82977e-11
0.0018209
9.83264e-11
1.03488e-10
1.01271e-10
9.45103e-11
9.45088e-11
1e-10
9.59637e-11
9.41429e-11
0.000147901
9.99969e-11
9.53599e-11
1.03982e-10
9.57978e-11
9.68869e-11
9.98568e-11
9.95455e-11
1.13835e-10
9.97276e-11
1.01467e-10
9.79973e-11
1.19906e-10
1.00305e-10
1.12714e-10
9.52421e-11
9.50149e-11
9.87951e-11
9.58259e-11
9.70462e-11
1.10814e-10
1.0408e-10
9.64707e-11
1.03338e-10
1.10966e-10
9.65277e-11
9.39335e-11
9.48972e-11
1.18206e-10
1.04031e-10
9.26356e-11
9.27119e-11
9.7036e-11
7.34861e-11
9.61906e-11
9.97152e-11
1.00783e-10
9.92476e-11
1e-10
1.89174e-10
9.80976e-11
9.84647e-11
9.53679e-11
1.13652e-10
1.07699e-10
9.46317e-11
9.72415e-11
9.01969e-11
9.26848e-11
9.31305e-11
9.9285e-11
9.60122e-11
1.03198e-10
9.56917e-11
1.09798e-10
1.04599e-10
9.78817e-11
0.000382979
9.42117e-11
1.13125e-10
0.000632631
0.00114996
9.28062e-11
1.01955e-10
1.00361e-10
9.70113e-11
9.54536e-11
9.69701e-11
1.02739e-10
9.60118e-11
9.87985e-11
3.11002e-05
9.52154e-11
9.75991e-11
9.95834e-11
9.70514e-11
9.68615e-11
9.99698e-11
9.72651e-11
9.79357e-11
9.62608e-11
9.63149e-11
9.92464e-11
9.8938e-11
9.90776e-11
9.93776e-11
9.6512e-11
9.71502e-11
0.000696038
1.03532e-10
9.53133e-11
1.02237e-10
9.75222e-11
9.85638e-11
9.71806e-11
0.000508908
9.77388e-11
9.56553e-11
9.77448e-05
1.00487e-10
1.03354e-10
9.7183e-11
9.8829e-11
1.04854e-10
1.07192e-10
9.91548e-11
9.70364e-11
1.09865e-10
1.02469e-10
9.71477e-11
9.67188e-11
1.00066e-10
2.39624e-10
9.23294e-11
1.04587e-10
0.000150335
9.01971e-11
1.06998e-10
9.44023e-11
9.59186e-11
9.38118e-11
1.3427e-05
9.31554e-11
1.0062e-10
9.42314e-11
9.28371e-11
0.000197856
0.0917161
1.04329e-10
9.6749e-11
0.0759269
9.77796e-11
9.68066e-11
9.41573e-11
9.87319e-11
0.000839259
1.0514e-10
9.59445e-11
1.01921e-10
9.81524e-11
9.68167e-11
9.78145e-11
1.00623e-10
1.01814e-10
9.61641e-11
9.50517e-11
9.88542e-11
1.02844e-10
0.000582748
9.87989e-11
0.00182484
9.8148e-11
0.00125856
0.0907362
1.02188e-10
1.0263e-10
9.71326e-11
9.87934e-11
1.00386e-10
9.78213e-11
1.0116e-10
9.74258e-11
9.748e-11
9.62343e-11
0.000108183
9.33027e-11
9.76322e-11
9.77388e-11
9.78801e-11
0.000491641
1.022e-10
1.02296e-10
9.57519e-11
9.5053e-11
0.00217723
9.6056e-11
9.78797e-11
9.4534e-11
0.00085931
9.76474e-11
8.89555e-05
9.64371e-11
1.01692e-10
0.0807353
0.0896841
0.0833834
0.000373247
9.65019e-11
9.62813e-11
1.02702e-10
0.0839455
0.00023071
9.74079e-11
0.0660034
0.000144631
0.076108
9.42046e-11
1.07969e-10
9.49894e-11
9.88053e-11
0.016313
9.72021e-11
1.016e-10
0.0840791
0.00334131
1.03816e-10
0.092829
0.0854892
0.000152094
0.000436513
0.0784742
0.105565
1.00628e-10
0.00588151
1.04771e-10
1.05996e-10
9.66902e-11
9.45834e-11
1.04388e-10
1.05044e-10
6.2308e-05
1.10947e-10
9.42256e-11
9.1285e-11
1.6264e-05
2.75505e-06
0.0566729
0.00219293
0.000403001
9.86085e-11
0.0878021
1.07667e-10
0.0993286
0.00109104
0.0944393
0.0186298
9.65199e-11
9.58796e-11
9.88249e-11
9.7224e-11
9.47172e-11
9.60294e-11
9.70598e-11
9.71969e-11
9.90793e-11
0.00185282
1.04688e-10
1.01197e-10
9.83406e-11
9.63933e-11
1.00917e-10
9.47669e-11
9.65894e-11
4.86309e-05
1.00045e-10
0.648519
1.07375e-10
1.02847e-10
1.13044e-10
9.58002e-11
1.09194e-10
9.41013e-11
1.00016e-10
9.75142e-11
9.72207e-11
1.13847e-10
1.03634e-10
9.7439e-11
9.47762e-11
1.02226e-10
1.19731e-10
0.0741927
1.57363e-10
1.0103e-10
1.06258e-10
0.000386331
9.88029e-11
9.69478e-11
1.01875e-10
9.85358e-11
9.10365e-11
9.93258e-11
1.8465e-10
9.9016e-11
4.00911e-05
9.78852e-11
1.34195e-10
1.00014e-10
9.86284e-11
1.00328e-10
1.02148e-10
1.00014e-10
9.95365e-11
1.03888e-10
2.28053e-05
9.94136e-11
9.89677e-11
1e-10
9.61564e-11
9.77647e-11
0.000542081
1.09894e-10
9.87696e-11
1.14371e-10
0.00268957
4.57721e-05
0.0296948
0.738975
6.54873e-11
1.082e-10
9.90336e-11
9.95477e-11
9.40839e-11
9.58542e-11
0.00185511
0.135591
9.93558e-11
0.0133675
6.33051e-05
1.0063e-10
9.91173e-11
0.0325463
0.0604686
0.000155054
9.97934e-11
9.84357e-11
0.801034
0.00019634
1.00593e-10
9.92468e-11
1e-10
9.99583e-11
0.00348706
0.0392752
9.75484e-11
0.110757
9.84183e-11
9.5365e-11
0.00307161
8.59248e-11
0.319682
0.137022
0.0096207
0.188519
9.86691e-11
0.00437593
9.99894e-11
1.00024e-10
0.240281
0.988957
0.83976
9.97683e-11
9.98582e-11
0.0236483
1.0021e-10
0.00304633
1.00983e-10
9.85238e-11
0.0207326
7.6094e-11
9.98199e-11
0.0139488
0.0665991
0.000643764
1.00214e-10
1.06469e-10
1.0497e-10
1.058e-10
9.52627e-11
9.23342e-11
9.97716e-11
9.42746e-11
1.07448e-10
1.07325e-10
0.0530691
0.0878808
1.01839e-10
9.66794e-11
1.03846e-10
0.0121495
0.202075
0.089821
0.00139692
0.627946
0.0467129
0.280803
0.0832811
0.0554966
0.0916044
0.165081
0.0903773
0.0720648
0.0984512
0.0925987
0.0511614
0.0934018
0.0849928
1.07308e-10
0.0157697
0.026289
0.0014848
0.938696
0.150429
9.99453e-11
0.229966
0.785825
0.107248
0.749767
0.263454
0.0561872
0.0163098
0.00153872
1.00512e-10
0.0777958
0.092715
0.0869806
0.0712278
1.07561e-10
1.0721e-10
0.0336252
0.591995
0.106312
0.061613
9.67222e-11
0.262181
0.330052
0.067977
0.15636
0.127324
0.0668436
0.0845352
0.627547
0.259097
0.258831
0.539326
0.679883
0.389007
0.213995
0.508934
0.80385
0.725562
0.701011
0.708787
0.543996
0.560212
0.917321
0.0980536
0.677414
0.109094
0.0999738
0.453744
0.0476642
0.0591671
0.635835
0.304025
0.0448773
0.370628
0.762947
0.378703
0.764261
0.262896
0.166564
0.0673962
0.551131
0.0314362
0.514657
0.598674
0.282272
0.488078
0.167656
0.709223
0.0967002
0.718099
0.00412151
0.0824276
0.347046
0.549316
0.333209
0.187638
0.109551
0.133669
0.795244
0.277009
0.713015
0.611639
0.461938
0.3043
5.55823e-05
1.12038e-10
3.20973e-05
9.99441e-11
9.56755e-11
9.77412e-11
1.04258e-10
0.000265399
3.02612e-05
9.28106e-11
1.0649e-10
1.05979e-10
0.000370032
9.97498e-11
0.0014468
9.53688e-11
1.08098e-10
1.0313e-10
9.98512e-11
1.03289e-10
1.03031e-10
1.05375e-10
1.09888e-10
1.07323e-10
9.92586e-11
1.00155e-10
1.003e-10
9.52361e-11
1.02869e-10
1.00303e-10
0.00146379
1.0135e-10
1.00314e-10
9.6259e-11
9.87127e-11
0.000666475
1.04512e-10
1.033e-10
1.02037e-10
6.68496e-05
0.000230681
0.0582438
0.085105
0.558243
0.692323
0.773048
0.686514
0.668807
0.727543
0.949557
0.481187
0.00276576
0.79439
0.553264
0.885744
2.02359e-10
0.816819
0.0148445
0.905736
0.842051
0.919992
0.0194026
1
0.704874
0.969874
0.789275
0.66919
0.228966
0.763246
0.0385627
0.165836
0.117839
0.133716
0.00768975
0.0787922
0.0250362
0.219424
0.573714
0.00179651
0.130383
0.740948
0.683455
0.583247
0.796832
0.00665534
0.0777538
0.417771
0.310778
0.323417
0.191221
1.00074e-10
9.96993e-11
1.01425e-10
9.96104e-11
6.60748e-05
9.7649e-11
9.69699e-11
9.19104e-11
9.99203e-11
9.95838e-11
9.85825e-11
9.52667e-11
1.12551e-10
1.276e-10
9.88587e-11
9.9411e-11
9.07276e-11
9.54086e-11
9.95524e-11
9.93362e-11
6.01717e-06
1.14181e-10
9.07154e-11
1.22977e-10
1.00267e-10
1.03414e-10
9.76248e-11
1.03968e-10
1.06532e-10
2.61839e-06
9.50694e-11
9.42779e-11
1.10891e-10
0.0168535
9.95466e-11
1.01419e-10
1.00122e-10
9.9842e-11
9.94468e-11
9.99774e-11
9.95615e-11
1e-10
1e-10
9.99461e-11
0.000371712
1.00134e-10
9.41275e-11
0.000372393
0.000510168
9.63155e-11
9.39163e-11
0.000232654
9.51235e-11
9.36335e-11
0.0537605
9.16579e-11
0.197589
0.0412005
0.0184954
0.988978
0.893735
0.672796
0.732756
0.175304
0.3773
0.273639
0.0869621
0.120627
0.000486111
0.07995
0.715582
0.856267
0.66906
0.087784
9.72709e-11
0.586004
1.02388e-10
0.0535808
9.98138e-11
0.252937
0.316763
9.93832e-11
0.00959237
0.000360578
0.0769935
1.06033e-10
0.137055
0.0415139
0.0405496
9.58581e-11
0.542988
1.04261e-10
0.319661
0.00252458
0.600044
0.0669587
0.29832
0.149639
0.303186
0.00843259
9.71193e-11
0.00933218
0.000600433
0.000142523
0.547949
0.164744
0.621121
0.89328
0.308698
9.97982e-11
0.01152
0.0150923
0.0109145
0.0104
0.987909
0.954661
0.997045
0.979192
0.0625738
1e-10
0.0205543
1.00204e-10
0.615069
0.628192
0.581781
0.545083
0.953721
0.887
0.636957
0.98253
0.971908
0.986264
0.0939846
0.0576289
0.607901
0.0241415
0.969107
1
0.00470329
9.98084e-11
0.000737214
0.000743289
0.00135688
0.202413
0.00241863
0.00271401
0.207465
0.14554
0.667789
0.193027
0.148139
0.161206
0.124368
0.642434
0.00563683
0.0968006
0.0594186
0.124026
0.154007
0.0769969
0.127876
0.0738187
0.129871
0.675152
0.127193
0.0303728
0.134468
0.128416
0.140899
0.153721
0.721152
0.556871
0.216568
0.228322
1.03219e-10
1.0062e-10
0.0181706
0.200302
0.117776
0.142985
0.234284
0.191685
9.2206e-11
1.00097e-10
9.97113e-11
0.0258119
9.63469e-11
0.086491
0.0936784
0.0424468
0.0173372
0.00639879
0.0208164
1.02083e-10
0.00315768
0.0636406
0.0505836
9.55645e-11
0.0805676
0.0817589
0.0761308
9.97664e-11
1.02127e-10
0.0107264
0.0661261
1e-10
0.0773799
0.0844446
1.50435e-10
0.0129541
0.000208375
0.0684133
9.96231e-11
0.000175258
0.0458235
1.02212e-10
1.04281e-10
9.85941e-11
0.000290525
1e-10
1.02422e-10
1e-10
1.0852e-10
1.00315e-10
7.25551e-05
0.0468254
1.00223e-10
0.0273809
0.00106301
1e-10
0.000524562
0.000543378
0.0256414
0.00212511
8.80854e-06
1.00476e-10
0.000285603
9.87324e-11
9.98965e-11
0.0046061
0.000147931
9.97653e-11
0.0414168
0.00013111
0.0688391
0.131878
0.232287
0.169385
0.569594
0.161477
0.680069
0.536431
0.0664467
0.0780476
0.0223174
9.47789e-11
0.179849
0.0337679
1.02029e-10
0.000102898
1.05318e-10
9.9869e-11
1.0164e-10
9.78944e-11
1.08336e-10
0.000329554
9.91978e-11
1.00322e-10
1.08072e-10
5.0799e-05
9.90875e-11
1.00519e-10
0.0586088
1.02781e-10
0.0599557
0.0733756
9.65e-11
1.01486e-10
0.00509677
0.0623689
0.000107841
0.154813
0.176905
1.0251e-10
0.192667
0.101388
0.0840214
0.0789809
1.06502e-10
0.0230125
0.0433072
0.0899314
0.00433235
0.171683
1.20275e-10
0.0861983
1.0413e-10
0.000487602
0.0449463
5.1351e-05
9.97857e-05
1.00562e-10
1.00965e-10
0.0318399
0.0253384
0.0787346
1.01544e-10
1.00157e-10
1.51434e-05
1.00402e-10
9.9796e-11
1.01967e-10
0.0064649
0.00307022
1.00725e-10
0.0238584
9.97921e-11
1.00151e-10
1.01707e-10
1.00888e-10
1.01336e-10
1.00184e-10
1.02044e-10
1.01386e-10
1.00658e-10
1.00473e-10
1.0098e-10
1.00758e-10
1.02881e-10
1.01827e-10
9.9516e-11
9.95329e-11
1.02336e-10
1.00538e-10
0.0594387
0.45216
0.170449
0.154562
0.0573986
0.357543
0.170623
0.101476
0.375886
0.361779
9.96267e-11
1.00063e-10
1.02023e-10
1.04341e-10
0.00163298
7.17875e-11
0.000518257
9.30047e-11
1.16946e-10
1.08076e-10
9.7728e-11
1.08312e-10
9.77053e-11
1.07102e-10
1.01378e-10
9.84769e-11
9.84828e-11
9.63907e-11
1.00928e-10
1.01785e-10
0.00100017
4.9467e-05
0.000339031
0.000331007
9.97098e-11
1.03038e-10
1.02264e-10
1.02972e-10
1.07725e-10
0.00146116
1.05447e-10
1.03021e-10
9.79848e-11
1.02691e-10
1.00559e-10
0.038833
0.0276705
1.01511e-10
1.03598e-10
1.13257e-10
0.0076727
0.000144219
0.00681753
1.00957e-10
0.000103501
0.00267899
0.0639875
0.000733192
0.0416391
0.00275171
0.00425637
1.03888e-10
0.0003445
0.000466442
1.00509e-10
9.38134e-11
0.00120314
1.0232e-10
1.0046e-10
1.05212e-10
0.0079395
9.2945e-11
9.2769e-11
9.80187e-11
1.04419e-10
1.0696e-10
9.46805e-11
1.03202e-10
1.01531e-10
1.02286e-10
1.03578e-10
1.05227e-10
9.19622e-05
9.93467e-11
1.00626e-10
1.04266e-10
1.05102e-10
9.43709e-11
9.63965e-11
1.03837e-10
1.00161e-10
1.03392e-10
1.03243e-10
9.7759e-11
1.00654e-10
1.16302e-10
1.0218e-10
1.0433e-10
9.81291e-11
9.63442e-11
9.78932e-11
0.075631
0.0876325
0.0841919
0.0467608
1.06263e-10
0.0831246
0.0779832
0.0861585
0.0879559
1.03712e-10
0.369876
0.0964499
9.97556e-11
1.04345e-10
9.85005e-11
0.000250434
0.00913268
1.06844e-10
9.93975e-11
1.02189e-10
9.6494e-11
9.67925e-11
9.76257e-11
1.08347e-10
0.0711114
0.0265337
9.72423e-11
1.02574e-10
1.04097e-10
0.000196865
4.19621e-05
1.17234e-10
0.0129096
1.02492e-10
0.0788472
9.8732e-11
1.04246e-10
9.7734e-11
0.0282087
1.02513e-10
1.12001e-10
0.0142559
9.95169e-11
9.84294e-11
9.95339e-11
9.72847e-11
9.62909e-11
0.0819645
0.0862861
0.0895454
0.0829346
0.0880523
0.0916022
0.0811324
1.04653e-10
1.05627e-10
0.0924469
0.083875
0.0952051
0.0498609
0.0842385
0.0989703
0.074693
0.0858726
0.0716553
0.0993695
0.1
0.0207451
0.0943394
0.0915844
0.0856068
0.096005
0.0288542
0.0960709
0.152004
0.1
0.00670945
0.0990124
0.100822
0.0971611
0.0993212
0.1
0.0993133
0.0940055
0.0377512
0.119256
0.1
0.129658
0.0956377
0.0877741
0.0849381
0.13842
0.186642
0.1
0.0804396
0.09273
0.0973411
0.134998
0.00153006
0.0897309
0.0818461
0.0910325
0.0840902
0.0998545
0.0992374
1.12396e-10
0.105056
0.0999809
0.0955692
0.1
0.167585
0.151336
0.0849127
0.0856943
0.0128966
0.107973
1.00868e-10
0.0944742
0.0967668
0.115082
0.144014
0.191066
0.0964285
0.0848167
0.0988276
0.1
0.0951951
0.0960897
0.18039
0.0892159
0.0915732
0.0964669
0.091829
0.0620262
0.10005
0.1
0.122468
0.0911442
0.107818
0.0969684
0.0540662
0.139087
0.0925434
0.1
0.1
0.0985616
0.0924354
0.100128
0.259778
0.0768252
0.206017
0.298208
0.321465
0.203469
0.22702
0.256484
0.24084
0.476831
0.16357
0.26895
0.201741
0.151986
0.114905
0.26025
0.150534
1.0162e-10
0.00284711
1.01969e-10
1.00571e-10
1.28695e-10
1.00842e-10
1.03585e-10
9.74635e-11
1.04849e-10
1.0358e-10
1.01836e-10
1.0162e-10
9.7754e-11
1.02045e-10
1.08703e-10
1.04659e-10
1.01362e-10
1.03421e-10
8.40166e-05
1.00288e-10
1.02103e-10
1.0222e-10
1.03152e-10
1.00002e-10
1.03019e-10
1.03591e-10
1.14973e-10
1.01019e-10
9.58407e-11
2.15498e-05
9.80921e-11
9.87126e-11
9.94747e-11
9.81475e-11
9.97922e-11
9.95876e-11
1.00202e-10
9.92222e-11
9.99275e-11
1.00378e-10
1.00455e-10
9.80193e-11
9.69582e-11
9.75567e-11
9.79362e-11
9.90824e-11
1.09438e-10
1.08118e-10
1.07478e-10
9.51718e-11
9.52164e-11
1.11438e-10
1.09678e-10
9.99123e-11
9.47376e-11
0.000940113
0.00083412
9.93219e-11
9.74718e-11
9.54455e-11
0.000134288
1.08943e-10
9.33396e-11
9.81252e-11
9.38359e-11
9.65478e-11
9.89986e-11
9.88068e-11
9.13491e-11
9.56618e-11
1.0958e-10
9.86124e-11
1.0566e-10
9.8773e-11
9.68237e-11
9.70866e-11
9.59088e-11
9.66023e-11
1.11254e-10
9.92087e-11
9.61928e-11
9.60339e-11
1.0071e-10
1.05238e-10
9.93502e-11
1.03299e-10
1.06339e-10
9.35913e-11
9.86252e-11
9.26068e-11
9.90567e-11
9.87837e-11
5.8193e-05
9.85249e-11
0.0144346
9.18025e-11
9.36758e-11
9.8375e-11
9.61572e-11
1.11445e-10
9.59896e-11
9.06587e-11
9.66911e-11
9.25761e-11
1.00191e-10
1.03892e-10
9.14202e-11
9.47525e-11
9.34166e-11
9.29659e-11
1.06038e-10
9.07992e-11
9.36511e-11
9.18863e-11
9.56228e-11
1.04149e-10
8.75022e-11
1.10912e-10
9.88281e-11
1.02134e-10
9.85311e-11
9.74727e-11
9.91442e-11
9.5008e-11
8.83895e-05
9.73109e-11
9.4902e-11
9.13774e-11
1.00353e-10
1.13062e-10
1.07344e-10
0.000224004
1.00004e-10
9.76872e-11
9.4563e-11
1.08439e-10
9.94432e-11
9.13549e-05
1.02548e-10
9.5064e-11
9.99867e-11
1.00877e-10
9.30312e-11
1.05387e-10
9.69155e-11
0.000685666
9.16587e-11
0.000231434
9.46084e-11
8.98532e-11
1.16924e-10
1.00682e-10
1.04914e-10
1.08129e-10
1.0254e-10
9.39346e-11
9.31407e-11
9.56631e-11
9.93156e-11
1.09412e-10
9.91122e-11
6.44373e-05
1.0041e-10
1.01797e-10
1.01639e-10
9.64392e-11
1.0421e-10
9.31732e-11
9.74077e-11
9.17082e-11
9.99158e-11
1.04807e-10
9.76356e-11
9.33426e-11
9.19874e-11
1.01225e-10
1.08398e-10
1.00498e-10
1.13509e-05
1.1597e-05
9.92708e-11
9.61532e-11
0.00298898
1.10182e-10
1.02631e-10
0.00143377
9.78632e-11
9.73668e-11
1.05206e-10
9.77103e-11
9.5899e-11
1.07652e-10
9.84404e-11
1.04336e-10
0.000228497
9.47529e-11
1.07e-10
6.5121e-05
9.03719e-11
1.17191e-10
9.17456e-11
9.8658e-11
1.17409e-10
9.96096e-11
9.53327e-11
9.6363e-11
9.67395e-11
0.000359215
8.69703e-11
0.0391777
9.26313e-11
0.00513927
0.140704
0.159525
0.00254224
0.137166
9.62792e-11
0.157157
0.012623
0.00382064
9.66812e-11
8.87796e-11
1.04927e-10
9.43587e-11
9.40769e-11
9.1782e-11
9.51341e-11
0.000103159
9.71356e-11
9.13074e-11
0.00038761
9.78737e-11
9.88416e-11
1.05695e-10
1.05105e-10
0.014956
1.01439e-10
1.01149e-10
1.17595e-10
1.02014e-10
1.12804e-10
9.55151e-11
1.04545e-10
9.6346e-11
1.01879e-10
0.000801083
1.03275e-10
1.10112e-10
1.01125e-10
9.92758e-11
9.99015e-11
1.01545e-10
0.000307152
9.7729e-11
9.99688e-11
9.66986e-11
9.94977e-11
9.89212e-11
1.07313e-10
1.00489e-10
9.30922e-11
0.0761568
1.00974e-10
1.01038e-10
9.01366e-11
0.0772948
1.01153e-10
9.6672e-11
0.0957065
0.741537
0.00201474
1.10275e-10
1.08317e-10
0.000128175
9.65563e-11
0.0902179
9.29573e-11
0.0156973
0.0147794
0.0511713
0.0896365
9.93437e-11
0.00929478
0.00614136
9.53976e-11
0.0439028
9.60073e-11
0.0395906
1.01807e-10
9.96955e-11
9.37065e-11
0.0360503
9.80845e-11
9.76771e-11
9.88181e-11
0.0864494
0.114395
0.0797618
0.255954
0.169783
0.193105
0.176246
0.137308
0.23153
0.110336
0.147392
9.75448e-11
0.039938
9.44824e-11
9.77998e-11
0.0253143
0.0947806
0.0325783
1.0666e-10
1.0456e-10
0.0876958
1.01322e-10
1.00006e-10
9.54804e-11
9.67637e-11
9.37619e-11
9.15686e-11
1.01879e-10
9.22254e-11
0.0904324
8.99275e-11
9.96298e-11
1.37601e-10
0.0154135
1.00955e-10
0.0794175
0.0591264
0.0313514
0.097307
1.17144e-10
0.176848
0.0822825
0.160167
0.168626
0.234813
0.269833
0.173693
0.200531
0.339535
9.87151e-11
1.09088e-10
0.0687201
0.245559
0.169822
0.127406
0.0738065
0.124855
0.197322
0.283543
0.402897
0.434821
0.680717
0.759503
0.831428
0.209478
0.732277
0.699098
0.815643
0.593613
0.655989
0.678562
0.0112233
0.564588
0.0656269
0.0350289
0.214703
0.399492
1.06937e-10
0.0553274
0.327013
0.343068
0.378087
0.212778
0.469075
0.306914
1.13811e-10
0.0996467
0.185821
0.156547
0.314713
0.298502
0.0105488
1.0531e-10
0.133811
0.0633598
9.99935e-11
0.0928683
0.107428
0.173635
0.282991
0.044093
0.0397564
0.159424
1.69796e-06
0.0770725
0.0304623
0.0529033
0.0383006
0.00667826
9.5939e-11
9.875e-11
9.56021e-11
0.0295167
9.71759e-11
0.0111331
0.0434171
0.219123
9.79344e-11
1.11045e-10
0.0293094
0.0213933
0.0713773
0.0402032
0.243111
0.0988339
0.123361
0.173538
0.389957
0.265146
0.44492
0.20955
0.31335
0.187762
0.631181
0.629754
0.69456
0.743374
0.666772
0.712076
0.254533
0.338138
0.295587
0.32362
0.321178
0.324743
0.242286
0.25394
0.26865
0.215396
0.255676
0.261261
0.0696289
0.342471
0.237668
0.287378
0.286416
0.186759
0.092394
0.109818
0.108089
0.205805
0.27026
0.353619
0.199699
0.0761935
0.0825244
0.0199413
0.118469
0.047488
0.202508
0.140994
0.0759355
1.0495e-10
0.0456609
0.0899698
0.0861716
0.0692343
1.69428e-10
0.000109126
0.0771574
0.179399
0.126786
0.0268578
0.0815861
0.105708
0.154996
0.1326
0.267726
0.188093
0.31879
0.125355
0.0807662
0.287553
1.02104e-10
9.82126e-11
0.0919962
0.157454
0.270732
0.24433
0.187322
0.32937
0.143358
0.269719
0.0854996
0.156068
0.0236387
9.66949e-11
0.0602153
0.0874833
1.04391e-10
0.0696104
1.04135e-10
1.00596e-10
1.0593e-10
1.01225e-10
4.04625e-05
1.05225e-10
0.0326603
0.0541194
0.0912953
0.0836028
0.233216
0.0133931
0.0812263
0.0255515
0.0812246
0.09212
0.0549565
0.0818944
0.0390326
1.00153e-10
9.61957e-11
9.41364e-11
0.0437351
9.36744e-11
9.53137e-11
9.33552e-11
9.7068e-11
0.0253601
9.60502e-11
9.43051e-11
9.85047e-11
1.08472e-10
0.00191436
9.55284e-11
0.0179368
1.01647e-10
0.200692
0.244839
0.0920929
0.109146
0.107818
0.0501737
0.024407
1.54801e-10
0.0372368
0.0858483
0.0664694
0.122966
0.0581438
0.169786
1.04285e-10
0.0620678
0.0898683
0.0741552
0.163003
0.0872983
0.0700374
0.00488138
0.214856
0.159144
0.175219
0.082739
0.117031
0.0376832
0.113797
0.0975142
0.190834
0.114684
1.02041e-10
9.67807e-11
1.14121e-10
0.103284
0.0791123
1.04899e-10
0.0409454
1.03898e-10
0.177404
0.129475
0.0920609
0.165112
0.0720497
9.63259e-11
0.0813305
0.0867591
0.175007
0.0542948
0.0819292
0.1472
0.152377
0.0692715
0.112313
0.19306
0.0563474
0.0812726
1.08735e-10
0.0760594
0.0786709
0.0743501
0.0945928
0.0560504
9.73426e-11
9.85791e-11
1.01938e-10
0.0188435
0.0305277
1.06886e-10
0.122274
0.139545
0.0159242
0.0233109
0.105437
0.0886062
0.072006
0.0670577
0.0520113
0.0327046
9.86323e-11
0.0477082
0.0653634
0.0153289
0.0658954
1.03553e-10
0.0436214
3.85752e-05
0.0910434
0.0120345
1.2852e-10
1.08106e-10
0.0730254
1.10522e-10
9.79821e-11
1.04003e-10
1.05594e-10
0.00180558
0.123537
1.37229e-10
0.0398731
0.000676744
1.14313e-10
9.86952e-11
9.98699e-11
1e-10
0.0767526
9.66878e-11
0.0101981
0.077322
0.00830475
1.05809e-10
9.21471e-11
0.000102345
1.03432e-10
0.00975938
9.50076e-11
9.71316e-11
1.08984e-10
1.24899e-10
1.04142e-10
0.000876043
1.1617e-10
1.03547e-10
0.0049371
0.0901653
0.0813663
1.04813e-10
0.098225
0.0990039
0.0911124
0.0455525
1.1088e-10
9.46284e-11
1.08194e-10
1.0138e-10
0.0614992
0.0517359
0.00741384
7.38219e-05
1.06443e-10
0.0081707
0.0112668
1.05039e-10
9.71485e-11
1.08786e-10
0.0716521
0.0430183
9.41988e-11
9.84494e-11
1.03334e-10
1.09611e-10
9.98837e-11
9.36238e-11
0.0889933
0.0676122
1.08787e-10
0.0195566
1.15557e-10
0.0936756
0.074676
1.0385e-10
0.0878185
0.028918
8.44609e-06
9.47675e-11
9.10004e-11
0.0800035
0.0141923
0.0747142
1.03187e-10
1.02157e-10
1.04443e-10
1.03731e-10
0.0287918
0.0883864
0.00102125
1.06514e-10
1.04892e-10
9.98878e-11
1.05023e-10
1.01855e-10
0.0776079
1.04511e-10
9.78077e-11
1.06493e-10
1.11207e-10
0.00108432
0.0106761
9.9337e-11
9.7253e-11
9.61423e-11
1.01629e-10
9.88539e-11
0.0819926
9.5781e-11
9.40338e-11
9.84577e-11
6.25781e-05
9.80252e-11
0.0469061
0.0382364
9.87768e-11
1.02994e-10
0.0344498
9.93717e-11
0.000696931
0.0955326
0.0138836
9.93747e-11
1.02968e-10
1.41283e-10
1.01412e-10
1.07673e-10
0.0870691
0.0758471
1.05105e-10
5.15951e-06
0.0755486
9.72944e-11
0.00163558
9.91739e-11
0.0101242
1.06292e-10
9.57185e-11
9.6845e-11
1.18074e-10
9.59781e-11
5.09895e-06
9.19514e-11
9.84103e-11
0.0369711
1.38303e-10
0.0135143
0.145477
0.181043
0.0372233
0.142072
9.50287e-11
1.05327e-10
0.0103351
9.43782e-11
1.05628e-10
0.13446
1.04654e-10
1.01224e-10
1.06927e-10
9.99769e-11
0.0228339
0.000220548
1.02077e-10
0.0194104
9.89858e-11
9.96687e-11
1.01975e-10
9.46179e-11
9.77607e-11
0.0365911
0.000240481
1.0007e-10
1.01489e-10
0.000118312
0.0051743
9.98897e-11
9.70096e-11
9.94899e-11
9.99989e-11
0.00956583
0.00497864
1.00633e-10
9.58516e-11
9.62007e-11
0.0139028
9.2457e-11
2.52807e-05
9.87024e-11
0.00468694
9.5207e-11
9.36227e-11
9.35865e-11
1.03258e-10
1.01424e-10
9.96738e-11
1.00924e-10
1.00852e-10
9.99718e-11
1.05712e-10
9.9724e-11
9.57389e-11
8.74366e-11
9.70113e-11
9.86059e-11
0.000225809
9.7395e-11
9.0782e-11
9.52988e-11
1.03282e-10
1.02918e-10
9.52274e-11
9.80227e-11
1.01036e-10
1.0177e-10
1.00984e-10
1.0462e-10
0.0775021
0.0462945
0.0840244
1.04788e-10
9.97351e-11
0.00347703
0.0734754
0.0359613
9.76214e-11
0.0169827
0.0603472
0.0497368
9.49758e-11
9.53762e-11
0.000550181
0.000447927
0.0180413
9.41357e-11
1.0782e-10
5.42111e-06
0.0789026
1.01075e-10
9.87275e-11
0.000535712
0.00571953
9.89619e-11
9.95429e-11
9.30165e-11
9.79262e-11
0.000223084
0.00332019
1.00654e-10
9.59797e-11
9.70593e-11
0.08869
9.67764e-11
9.39092e-11
9.66298e-11
0.0369054
9.69901e-11
0.0364059
9.65897e-11
9.4531e-11
0.0385826
1.12737e-10
0.0847682
0.0098186
9.57354e-11
9.62273e-11
0.0287863
0.0423112
1.00459e-10
0.0318856
0.0792768
0.0692183
9.90647e-11
0.0720317
0.0759505
1.02526e-10
0.0375707
0.00164519
9.78495e-11
0.000109544
0.00182567
1.06641e-10
1.03349e-10
9.62335e-11
9.99288e-11
1.0167e-10
1.32176e-10
9.97311e-11
9.82568e-11
1.07196e-10
0.0754045
9.4305e-11
9.67645e-11
1.0865e-10
9.62905e-11
1.02238e-10
1.01463e-10
0.0261139
0.00303501
0.0560817
0.00808618
9.37659e-11
0.0987169
9.37012e-11
1.10548e-10
1.13257e-10
9.64435e-11
9.91834e-11
9.497e-11
0.038767
0.0603323
9.58739e-11
1.02997e-10
0.0834735
9.66761e-11
1.101e-10
7.80896e-05
1.05448e-10
9.98621e-11
0.081009
0.0177863
9.68166e-11
0.0420909
0.000241628
9.78768e-11
1.07931e-10
1.06642e-10
9.93216e-11
0.0121901
0.0750308
0.0819747
9.68247e-11
9.68503e-11
0.000386594
1.07392e-10
9.65292e-11
9.6277e-11
0.085165
0.0315941
0.0608981
0.0571631
0.0158904
9.66187e-11
0.0822041
0.0804253
1.44649e-10
9.9877e-11
0.0782973
0.000766575
0.0798702
0.0861502
0.068165
0.0908214
9.33773e-11
0.0742006
0.027876
1.04711e-10
9.31671e-11
0.0757616
0.0213738
9.15947e-11
9.78853e-11
1.0467e-10
9.99422e-11
1.05889e-10
1.01085e-10
3.1173e-06
1.00799e-10
0.000553618
9.80622e-11
9.80805e-11
9.99083e-11
9.95139e-11
9.59725e-11
1.06552e-10
4.734e-05
1.0353e-10
9.28316e-11
1.04931e-10
1.06897e-10
0.0762197
0.0836685
0.0661959
0.0402667
0.00017686
9.10206e-11
9.49171e-11
0.0671899
9.59633e-11
0.00553407
0.0100469
1.0744e-10
0.000264147
9.53054e-11
9.87691e-11
0.0908171
9.3303e-11
0.0894841
0.0804356
9.49407e-11
0.0624606
0.0884398
9.84932e-11
0.0790304
1.04251e-10
9.55144e-11
1.07223e-10
9.65353e-11
9.76598e-11
9.90957e-11
0.0101315
1.00186e-10
1.00152e-10
9.51294e-11
1.02564e-10
0.000229076
9.97082e-11
1.00259e-10
1.01794e-10
1.00603e-10
0.0433214
1.23875e-10
9.89911e-11
9.98384e-11
9.98732e-11
9.99617e-11
1.03832e-05
9.64995e-11
1e-10
1.01294e-10
0.0496448
0.0805745
1.0552e-10
9.94119e-11
0.000157675
0.0342914
9.9156e-11
7.15498e-11
0.0465102
9.63477e-11
0.0306741
0.0533644
1.16497e-10
0.0146219
9.95939e-11
1.00248e-10
9.61803e-11
8.71765e-11
1.00161e-10
9.77553e-11
0.0428149
0.0668787
0.0561191
8.86091e-11
1.06104e-10
9.28227e-11
0.00147474
0.000115957
1.08042e-10
9.40389e-11
1.08551e-10
1.06539e-10
9.33844e-11
0.0751964
8.97112e-11
0.0247827
0.0638403
9.54871e-11
9.69949e-11
9.20855e-11
1.0192e-10
0.000758259
6.68485e-05
1.07826e-10
0.0624783
0.0489617
9.94361e-11
9.99885e-11
9.47103e-11
9.73999e-11
9.9045e-11
0.0665824
1.00154e-10
1.00175e-10
1.94848e-05
9.79802e-11
9.36846e-05
9.99645e-11
4.97454e-05
9.81831e-11
9.47121e-11
1.0041e-10
9.95911e-11
1.00609e-10
9.99781e-11
0.00013211
1.00082e-10
1.00927e-10
9.99906e-11
1.00351e-10
9.77508e-11
9.64631e-11
9.97951e-11
1e-10
9.89547e-11
0.000206419
9.40173e-11
9.67612e-11
1e-10
9.47163e-11
9.76943e-11
9.79713e-11
9.98852e-11
5.5764e-05
1.05182e-10
9.96932e-11
9.89457e-11
9.95754e-11
0.000300063
9.75311e-11
0.0276856
0.0800122
1.07974e-10
1.00311e-10
1.05189e-10
1.06613e-10
1e-10
9.88306e-11
9.87784e-11
9.86583e-11
0.190465
1.00665e-10
9.21944e-11
0.0365086
9.96619e-11
9.95696e-11
9.72196e-11
0.0334703
9.70309e-11
9.89645e-11
1.75174e-05
0.00115224
1e-10
9.97729e-11
1.03463e-10
0.0388027
0.253792
0.12853
0.193984
0.608255
0.0523241
0.00218166
0.0479444
7.49678e-05
9.96401e-11
9.84589e-11
9.98016e-11
1.06548e-10
1.00167e-10
1.07225e-10
1.00075e-10
9.71935e-11
1.14935e-10
0.000338134
0.0581147
0.0804793
9.89587e-11
1.13773e-10
1.06173e-10
9.70793e-11
1e-10
9.59392e-11
9.81009e-11
9.73465e-11
0.0280702
9.83914e-11
9.79105e-11
0.0013115
0.106456
0.154413
9.6432e-11
9.8631e-11
0.000141684
9.88815e-11
1.12081e-10
9.95598e-11
9.79878e-11
1.00043e-10
1.00809e-10
9.76083e-11
0.0227107
1.0681e-10
0.0510667
0.069027
0.000704164
9.7119e-11
1.0926e-10
9.87148e-11
9.40651e-11
1.18134e-10
9.98195e-11
9.67289e-11
1.12241e-10
9.98592e-11
9.74737e-11
1.0018e-10
9.89663e-11
9.85646e-11
9.97904e-11
9.99378e-11
9.99204e-11
0.000590621
9.76349e-11
0.0824397
0.0305528
0.0785787
1e-10
1.18441e-10
9.96935e-11
1e-10
1.12419e-10
1.14145e-10
1.00244e-10
1.01175e-10
0.0233596
0.0408752
5.50438e-07
9.83846e-11
9.76603e-11
0.281006
1.09431e-10
1.00357e-10
9.77503e-11
1.05543e-10
9.96635e-11
0.00280688
9.91083e-11
0.000432775
1.00295e-10
1.0008e-10
9.89619e-11
9.81326e-11
1.06226e-10
1.00124e-10
9.93987e-11
6.65021e-05
1.00358e-10
9.90308e-11
0.000126033
9.92271e-11
0.000416881
1.09992e-10
9.85242e-11
9.55643e-11
0.000213898
9.8744e-11
9.61967e-11
1.09944e-10
9.69573e-11
1.12608e-10
1.05846e-10
0.000343702
0.0849227
0.0112032
0.0876229
0.0829987
0.0471264
9.97741e-11
9.28251e-11
1.00652e-10
0.00128386
0.0769408
9.30176e-11
9.85863e-11
9.71263e-11
1.05558e-10
9.68018e-11
9.99571e-11
9.93576e-11
9.89387e-11
0.00022169
9.84356e-11
9.80233e-11
9.88867e-11
9.87041e-11
0.000224954
1.09711e-10
9.86263e-11
9.68276e-11
1.13043e-10
0.000668765
9.93879e-11
1.0504e-10
1.09287e-10
0.034418
0.0303932
0.0327542
0.0566375
9.38321e-11
0.0536742
9.97473e-11
1.01566e-10
1.06669e-10
9.83777e-11
9.66148e-11
4.47397e-05
1.16287e-10
9.49686e-11
9.56775e-11
9.55551e-11
0.000649952
1.13282e-10
9.71868e-11
9.82617e-11
0.00868332
1.14416e-10
9.65776e-11
1.00201e-10
0.00103782
1.09219e-10
1.02278e-10
9.93305e-11
9.99343e-11
9.98461e-11
9.94076e-11
9.73698e-11
1.05995e-10
0.0206142
9.9219e-11
1.04368e-10
0.0110182
9.86075e-11
1.11637e-10
0.00041533
1.00236e-10
0.00461284
1.10222e-10
1e-10
9.68993e-11
1.08999e-10
9.73861e-11
1.10175e-10
9.91424e-11
9.64775e-11
9.61856e-11
9.85089e-11
9.52469e-11
9.64809e-11
9.84153e-11
1.00908e-10
7.08727e-05
1.00152e-10
1e-10
0.000360561
9.93786e-11
9.74819e-11
1.03783e-10
9.65582e-11
1.04354e-10
1.05434e-10
1.05188e-10
9.55322e-11
0.00210703
0.209704
0.628516
0.347129
0.425296
0.48433
0.626299
0.462135
0.55452
0.643041
0.477828
0.614397
0.452375
0.546364
0.702057
0.719867
1.01272e-10
9.37924e-11
0.131523
0.113102
0.062832
0.140737
0.302582
0.386996
0.147499
0.258365
0.00717104
1.00933e-10
0.111534
0.187824
0.0122975
0.00182771
0.0274718
9.60149e-11
0.068112
0.181996
0.35917
0.451828
0.41176
0.170601
0.417536
0.377345
0.18375
0.106963
0.063568
0.0458028
0.0880346
0.0326696
0.045874
0.0857804
0.0682464
0.0784226
0.0367723
0.191572
0.311352
0.092903
0.181154
0.271908
0.246303
0.189061
0.113211
0.252426
0.335452
0.145575
0.19551
0.194024
0.199463
0.167959
0.277209
0.0947528
0.144756
0.095858
0.111015
0.0924475
0.191547
0.0890126
0.285283
0.224756
0.214602
0.0786162
0.19965
0.1733
0.0960036
0.153636
0.0934304
0.169788
0.099796
0.139625
0.178329
0.00739398
9.84847e-11
9.63776e-11
1.06012e-10
1.00363e-10
0.0995893
0.0882902
0.0994595
0.0885875
1e-10
0.0421231
0.0984759
0.00937004
0.0972133
0.1
0.126074
0.0866866
0.0923884
0.0962006
0.0993323
0.0676828
0.0986671
0.0981897
0.1
0.099038
0.1
0.0975222
0.100439
0.090172
0.0948284
0.0989124
0.0864014
0.1
0.0981889
0.0965394
0.0920429
0.1
0.000166187
0.1
0.090226
0.101582
0.0975992
0.0977192
0.0962411
0.0998378
0.100008
0.0909735
0.0980443
0.0954112
0.1
0.0938858
0.1
0.0987219
0.0995357
0.0920701
0.0997421
0.0989902
0.0994421
1.00601e-10
0.0990022
0.098378
0.0926675
0.0950691
0.0971568
0.0974748
0.0991777
0.0938835
0.0917898
0.1
0.0986587
0.0988783
0.0929921
0.0959962
0.1
0.0984305
0.1
0.0990512
0.0991983
0.1
0.0919284
0.1
0.0896185
0.0987145
0.0974957
0.0992921
0.0968719
0.098935
0.1
0.1
0.0932673
0.0989622
0.1
0.0974473
0.1
0.1
0.0988913
0.1
0.0949277
0.1
0.0929665
0.0974956
0.0998994
0.00867925
0.0936521
0.1
0.0978128
0.0991759
0.0958943
0.0959191
0.0859934
0.088075
0.0924435
0.0981125
0.0976948
0.0929573
0.0920147
0.100235
0.0989116
0.0949984
0.1
0.1
0.095887
0.0987997
0.1
0.0982055
0.099691
0.0985726
0.109604
0.0981585
0.0991672
0.0948311
0.0964215
0.0966117
0.1
0.0979339
0.103235
0.0964035
0.0979533
0.1
0.0999817
0.1
0.088318
0.0959625
0.0887438
1.08955e-10
0.0531659
0.0802594
0.0384711
9.96766e-11
0.0905017
0.0835506
0.000494164
1.00921e-10
0.0609487
1.03985e-10
0.0726224
0.0127217
9.88091e-11
1.04371e-10
0.12176
0.0460505
0.0492186
9.77736e-11
0.00328938
1.00215e-10
9.97611e-11
9.76338e-11
9.98409e-11
0.0120224
9.92308e-11
9.94037e-11
1.00141e-10
9.79394e-11
9.96492e-11
9.41098e-11
9.68964e-11
0.000325838
9.24048e-11
9.41791e-11
9.16107e-11
0.000368044
0.000595987
0.0136139
9.30781e-11
9.47316e-11
9.85523e-11
0.000740674
9.52428e-11
9.21169e-11
9.49025e-11
0.00803021
0.000249068
1.01679e-10
0.0482822
0.000401802
9.79884e-11
9.03949e-11
9.91423e-11
1.17781e-10
8.74012e-11
0.0075502
0.000315593
7.99957e-05
1.00162e-10
1.48509e-10
0.000984954
4.6019e-05
1.10019e-10
1.01023e-10
9.04779e-11
1.02671e-10
1.03749e-10
1.0162e-10
9.91475e-11
1.01885e-10
9.993e-11
1.00424e-10
0.000263623
1.04653e-10
0.0049334
1.0649e-10
0.00436531
0.000595096
1.02127e-10
0.000325511
0.00589751
0.00208437
9.97132e-11
1.02194e-10
4.68021e-05
0.000135041
2.09134e-10
0.0261233
0.054482
1.04391e-10
0.00172778
0.0311965
0.352211
9.68399e-11
0.0487988
0.00372943
0.698933
0.00186178
0.000259558
0.00607136
9.79623e-11
0.000306711
1.92133e-05
0.152025
0.271059
0.0436002
0.0112298
0.000994116
0.00431356
1.00066e-10
0.00202539
1.00561e-10
0.0311494
1e-10
0.0995965
0.00230462
0.0456433
0.00871066
0.00148668
0.00129083
0.108591
1.04541e-10
1.01082e-10
9.74182e-11
0.0206712
0.00114912
0.0130368
0.00581204
0.00453693
1.02573e-10
1.04655e-10
1.03285e-10
1.76232e-10
1.07255e-10
9.13676e-11
1.01064e-10
9.89221e-11
0.078758
0.00441418
1.021e-10
1.04017e-10
9.33669e-11
9.23872e-11
1.0291e-10
0.0537314
0.0441898
1.03653e-10
1.03393e-10
9.48683e-11
0.00536202
0.0449599
9.78945e-11
0.00168453
0.223271
0.101696
0.480607
0.476357
0.00256521
0.0103514
0.216839
0.494452
0.832561
0.31346
2.85268e-05
0.0315484
9.64506e-11
1.08885e-10
0.00140086
0.000117637
4.2586e-05
5.27667e-05
1.03645e-10
1.05657e-10
1.03802e-10
0.0397791
1.08272e-10
1.08673e-10
9.86556e-11
0.103208
0.0159749
0.00412774
0.0585057
9.83522e-11
0.0494221
9.73132e-11
0.134428
0.175788
0.0703384
0.193866
0.0840971
0.174666
1.06126e-10
6.94802e-05
0.0707922
0.0695989
0.38301
0.162526
0.112201
0.160447
9.64884e-11
9.47232e-11
0.03099
1.08935e-10
1.04633e-10
1.07135e-10
1.0772e-10
1.09088e-10
1.04778e-10
0.00657631
0.0243003
0.000638799
9.57167e-11
9.58077e-11
0.0453261
0.0162293
0.0948793
0.185573
0.318294
0.787707
0.0104515
0.361929
0.0709513
0.154935
9.63361e-11
0.0020969
0.734406
0.0231731
0.982952
0.743366
9.63503e-11
0.206179
0.0273036
0.0682076
0.0945595
0.162082
0.0396076
0.145824
0.098743
0.126516
0.228349
0.779579
0.385447
0.926932
0.574043
0.283472
0.85634
0.816696
0.611223
0.872262
0.127546
0.980621
0.734644
0.812572
0.143917
0.966742
0.434298
0.827401
0.97046
0.959293
0.84435
0.154361
0.340245
0.947899
0.38505
0.898656
0.153686
0.885621
0.0390848
0.387519
0.959635
0.619832
0.827062
0.330749
1.05345e-10
1.02992e-10
0.0031034
9.84334e-11
0.833922
0.842558
0.309083
0.824374
0.855736
0.705981
0.722782
0.385226
0.687611
0.80727
0.958039
0.373556
0.979616
0.848705
0.884152
0.201328
0.14802
0.0816724
0.916431
0.985252
0.877443
0.661535
0.759713
0.858117
0.822921
0.893178
0.0152724
0.896003
0.705005
0.00889298
0.0187511
0.632176
0.637695
0.113572
0.00724757
0.00301593
0.154964
1.00227e-10
0.947483
0.0537808
1
0.82319
0.101252
0.0937871
0.861735
0.199371
0.800075
0.54508
0.164845
0.0540095
0.0234277
0.985867
0.0205414
0.989117
0.0625156
0.113016
0.935823
0.768062
0.219207
0.0560535
0.229196
0.111332
0.0961164
0.163839
1.03223e-10
0.0860319
9.97726e-11
1.00103e-10
1e-10
0.073463
0.0828196
0.0354507
0.976454
0.556337
0.988801
0.640118
0.00849208
0.960099
0.141078
0.138084
0.327461
0.205628
0.0723099
0.0965736
0.630155
0.537246
0.078486
0.0837049
0.252004
0.484236
0.153949
0.39417
0.80845
0.895322
0.745882
0.657709
0.92606
0.888006
0.662759
0.0852827
0.631047
0.608383
0.628414
0.609975
0.176041
0.331218
0.741017
0.75268
0.643858
0.369805
0.706013
0.299153
0.498749
0.664543
0.0177212
0.131061
0.887683
0.858746
0.888505
0.579037
0.994987
0.81427
0.534436
0.62906
0.988354
0.917374
0.541711
0.582611
0.381388
0.0394503
0.878248
0.47599
0.736468
0.500709
0.848871
0.157886
0.727204
0.962578
0.28753
0.605104
0.446945
0.809989
0.597503
0.770504
0.832652
0.629238
0.745293
0.845476
0.336388
0.728407
0.788297
0.436638
0.128867
0.282086
0.307405
0.465169
0.736958
0.290006
0.276139
0.77284
0.661631
0.000201589
0.27191
0.286388
0.788723
0.620891
0.261891
0.125963
0.316521
0.172372
0.513591
0.270055
0.722124
0.305139
0.674999
0.411844
1
0.996646
0.999922
0.986096
0.186409
0.242563
0.514597
0.643407
0.584367
0.454352
0.306721
9.83116e-11
0.414214
0.247922
0.15627
0.157469
0.0820035
0.429507
0.0750676
0.212217
0.261927
0.741077
0.558622
0.660027
0.28664
0.434207
0.567594
0.691912
0.359684
0.583335
0.597695
0.747775
0.0797425
0.0890242
0.091747
0.210757
0.538295
0.527573
0.0880064
9.84163e-11
0.00513303
0.142778
0.671688
0.570852
0.361193
0.232295
0.177068
0.16144
0.577688
0.399575
0.180426
0.587049
0.25093
0.0975755
0.2047
0.21208
1.02866e-10
0.000862821
0.207624
0.179034
0.0316851
0.0637878
0.696145
0.448118
0.146797
0.610045
0.192364
0.143871
0.00896525
0.0120972
0.232277
0.0942368
0.0715289
0.000134898
1.01653e-10
0.125839
0.000162034
0.0473981
0.0738467
1.00489e-10
0.00218923
0.037626
0.282921
0.150931
0.00596287
0.0127133
0.34571
0.0237217
0.251354
0.257589
0.299301
0.398848
0.457655
0.217039
0.149526
0.130194
0.114476
0.194384
0.140291
0.267608
1e-10
0.184278
0.0657614
0.113805
0.151025
0.0967568
1.01544e-10
1e-10
1.00001e-10
1.00664e-10
0.0867685
0.0360214
0.0881537
0.134605
1.02526e-10
1.00064e-10
0.0831704
1.02606e-10
0.152925
0.0783581
0.101746
0.1
0.186966
0.0814671
0.163593
1.02712e-10
0.0758343
0.0776951
0.163411
0.0860717
0.166645
0.224619
0.0884581
0.000224979
0.0423065
1.004e-10
1.00242e-10
0.0310873
0.018337
0.0939055
0.0503641
0.15154
0.0722542
1.0077e-10
9.8201e-11
0.0779137
1.0369e-10
0.0797804
0.110594
0.0241979
0.0731816
0.053006
0.00018787
1.00572e-10
0.000146149
0.00149957
1e-10
1.03468e-10
1.02927e-10
0.00918288
0.0398217
0.000129678
0.000632733
0.00495726
0.00717958
9.98203e-11
1.00174e-10
1e-10
1e-10
0.00481847
1.00239e-10
0.00023426
0.0353719
0.240966
1e-10
1e-10
1e-10
0.0191783
0.0512491
0.000241157
0.0414532
1e-10
0.0106755
0.00252756
0.000648532
0.0188499
1e-10
9.95235e-11
1.00879e-10
0.0532842
0.129471
0.0379503
0.0713647
0.0352035
0.00766354
0.0396141
0.0014488
0.000568246
0.000865396
0.0467328
0.0425603
0.0299207
0.0722824
1e-10
0.00994327
0.0249583
0.049896
0.0571353
1e-10
0.130125
0.166949
0.141147
0.00809393
1.86389e-05
0.00242156
1e-10
0.0157038
0.0439505
0.0778142
0.173739
0.133294
0.0677905
0.0671573
0.0391462
0.104147
0.160359
0.118489
0.0844331
0.0766942
0.162714
0.0803252
0.0948555
0.0829776
0.13656
0.0781584
0.084518
0.0789556
0.163447
0.0881863
0.054647
0.0675252
0.0864276
0.0343858
0.097979
0.0705001
0.0789633
0.0545858
1.00341e-10
0.0995067
0.160372
0.280617
0.203539
0.563805
0.507779
0.245195
0.168946
0.259818
0.402877
0.117293
0.208983
0.256535
0.228851
0.272828
0.174824
0.264697
0.17263
0.0179055
0.092279
0.0306512
0.00277057
0.0709724
1.04059e-10
0.184521
0.160853
1.07488e-10
0.0919356
0.0695228
9.72463e-11
0.0457811
1.14983e-10
9.77659e-11
1.01245e-10
1e-10
9.87176e-11
9.98812e-11
0.0353429
1.08673e-10
0.000429081
0.0843622
1.02178e-10
0.0787816
0.00134048
1.14545e-10
0.00392317
9.5026e-11
0.00288419
0.0830932
0.202529
6.60349e-05
9.8615e-11
9.86882e-11
0.0233579
9.97295e-11
0.00316142
9.79751e-11
0.0247696
0.00281896
0.0878094
1.06075e-10
0.187747
9.67062e-11
9.63934e-11
0.169616
0.12279
0.0525942
9.98467e-11
0.0993065
0.115797
1.00086e-10
0.0938401
0.14403
0.165179
0.164179
0.239007
1.00226e-10
0.0776901
0.123014
0.0329227
0.104812
0.104818
9.91488e-11
0.0515202
0.0964894
0.18133
0.0732773
0.0902545
0.17806
0.143232
0.0936954
0.119064
0.182354
0.0968206
0.1682
0.207963
0.154201
1.08687e-05
0.0792965
0.196688
0.321899
0.262361
0.146698
0.0809108
0.0552622
0.1
0.136665
0.075899
9.7313e-11
9.92937e-11
0.005416
0.00113837
9.68823e-11
9.86121e-11
0.151853
0.0266529
0.0922209
0.0432204
0.20135
0.108511
0.0854793
0.180072
0.197326
0.1
0.140684
0.0996007
0.214487
0.0823262
0.324202
0.127795
0.34094
0.0602995
0.278249
0.524839
0.604602
0.0987827
0.261032
0.0698988
0.0907628
0.175228
0.670541
0.461166
0.246126
0.0996283
0.469073
0.177318
0.187004
0.26018
0.0781221
0.102384
0.0898057
0.0998007
9.78699e-11
0.00752336
0.000112123
9.91999e-11
0.00139814
1.0124e-10
9.86702e-11
0.0125647
1.00401e-10
0.0118257
0.0774273
9.74564e-11
0.0081093
0.0269407
0.0319298
9.99487e-11
9.99476e-11
0.227486
0.0445831
0.149693
0.0244521
0.0949748
0.228599
0.122793
0.173247
0.0650706
0.12069
0.184701
0.171024
0.0937241
0.15331
0.0366921
0.189173
0.190708
0.168741
0.0153623
0.137092
0.0025957
0.0373508
0.186577
0.14966
0.25999
0.144396
0.16877
0.0574839
0.190252
0.000368992
9.97486e-11
0.0847286
0.187761
0.0245643
0.147365
0.258223
0.00631389
0.164803
0.221213
0.188698
0.0161703
9.98253e-11
0.229523
0.0959214
9.67805e-11
0.030751
1.03919e-10
9.86057e-11
0.00785968
0.0353713
0.162912
0.096523
0.302004
0.286951
0.401509
0.161256
0.110848
0.2809
0.260062
0.220287
0.246792
0.18056
0.263445
0.199891
0.224611
0.198575
0.414508
0.0975262
0.292049
0.305795
0.0963353
0.437047
1.00235e-10
9.97457e-11
1.02037e-10
9.87663e-11
9.73562e-11
1.0355e-10
1.0812e-10
1.05256e-10
9.86757e-11
9.67869e-11
9.96606e-11
9.80942e-11
9.94508e-11
9.85009e-11
9.6884e-11
9.46516e-11
0.0075827
1.07545e-10
9.73069e-11
9.17227e-11
1.05576e-10
5.83298e-06
9.69536e-11
9.46695e-11
0.2395
0.26723
0.0954298
0.1
0.000105571
0.000115668
1.073e-10
0.000291501
0.0070562
0.00075369
0.0226884
0.000311936
9.86177e-11
0.000148531
8.44247e-06
0.00030413
1.06175e-10
0.000357336
0.0190674
9.77309e-11
2.70984e-05
9.93745e-11
0.000545583
0.000308274
1.05674e-10
1.05975e-10
1.04529e-10
0.0135178
0.0446747
9.50658e-11
0.000711473
1.04607e-10
0.00102505
9.49333e-11
0.0172875
0.00155551
1.049e-10
1.0405e-10
1.06252e-10
1.01179e-10
1.01696e-10
0.427406
0.635746
0.139011
0.163161
0.0905047
0.0930809
0.0902647
0.0914992
0.13151
0.096367
0.0907701
0.0604933
0.00536188
0.0971632
0.1
0.0823108
0.0961618
0.0998352
0.0927085
0.0493114
0.16907
0.0940061
0.0944979
0.122222
0.098597
0.150503
0.188804
0.0868091
0.0992046
0.0886199
0.181987
1e-10
0.0999024
0.0991826
0.186655
0.0761389
0.0874694
1.10379e-10
0.0820243
0.175922
0.123212
0.151415
0.178451
0.0400307
0.182038
0.184892
0.132535
0.12143
0.127637
0.09048
1.01014e-10
0.0946831
0.173828
0.0575949
0.161051
0.163358
1.00894e-10
1.00552e-10
0.0495817
1.01153e-10
0.1
0.0791713
0.19476
0.0975335
0.101219
0.106287
0.0935249
0.08656
0.166185
0.199282
0.156169
0.0993694
0.0965623
0.0995601
0.0881175
0.0565363
0.1
0.129981
0.08104
0.184976
0.0992204
0.196677
0.0905104
0.1917
0.181291
0.0914434
0.0968203
0.0889063
0.0959772
0.204824
0.182518
0.358828
0.0995861
0.149822
0.0943972
0.0920233
0.175388
0.1
0.0914211
0.0999047
0.092774
0.098297
9.95136e-11
9.99738e-11
0.16196
0.195337
0.199313
0.182573
0.189101
0.197486
0.15477
0.0894572
0.0895651
0.10289
0.0978031
0.197046
0.399402
0.19921
0.145096
0.0897249
0.100234
0.0842151
0.0979528
0.193226
0.0981538
0.196477
0.195391
0.0949507
0.190789
0.0956123
0.0948172
0.0917264
0.172543
0.189833
0.196093
0.0330969
0.0988395
0.116493
0.00039196
0.170844
0.0914458
0.182281
0.0848519
0.192033
0.0973247
0.0957068
0.194014
0.0940932
0.0913023
0.189346
0.1
0.172826
0.0773956
0.167731
0.085416
0.188722
0.0961615
0.0925811
0.09723
0.100455
0.0978757
0.238763
0.101265
0.110784
0.0991024
0.099418
0.0971292
0.1
0.0899446
0.0881774
9.89674e-11
1.00657e-10
1.00235e-10
0.0771169
0.0923986
0.0951685
0.0928196
0.113794
0.111332
0.171903
0.0946117
0.1
0.193548
0.0974902
0.0998625
0.19712
0.097002
0.0968038
0.0990121
0.099928
0.192357
0.196385
0.12986
0.0997408
0.2
0.0943059
0.0840644
0.153284
0.169213
0.0994882
0.0996045
0.094347
0.0967138
1.00172e-10
0.140724
0.0926327
0.089002
0.00307448
0.099266
0.188561
0.19129
0.0984759
0.199073
0.192757
0.195713
0.191194
0.1
0.0970018
0.098583
0.147592
0.170009
0.197038
0.1
0.0974621
0.095848
0.09825
0.0871586
0.0977111
0.199712
0.136488
1.00501e-10
9.96617e-11
0.0922587
0.0993918
0.140661
0.1
0.156657
0.142073
0.120429
0.193044
0.190171
1.00768e-10
0.140823
0.0884471
0.119379
0.19869
0.197253
0.196632
0.193907
0.185936
0.198547
0.1
0.196387
0.19201
0.1
0.0771127
0.194086
0.188479
0.0985843
0.181673
0.189532
0.2
0.230131
0.191959
0.196402
0.198308
0.199229
0.198149
0.194813
0.189602
0.145807
0.190548
0.0939078
0.196081
0.0322591
0.189691
0.195704
0.18241
0.191852
0.099446
0.185204
0.197829
0.135099
0.198556
0.167568
0.19303
0.194824
0.156306
0.193554
0.188126
0.197682
0.1994
0.194202
0.197563
0.199727
0.0995015
0.196928
1.01533e-10
0.197015
0.098563
0.196822
0.2
0.196176
0.09925
0.101819
0.080498
0.0971775
0.19825
0.198927
0.197772
0.192482
0.173415
0.188983
0.197743
0.196885
0.1925
0.196696
0.19394
0.163607
0.11096
0.0361086
0.0875747
0.0947251
0.00486541
0.136965
0.198051
1.0022e-10
0.19636
0.0980827
0.188745
0.114844
0.00412788
0.1
1.03982e-10
0.145345
0.175674
0.14924
0.0976039
0.0950284
0.097089
0.0453018
1e-10
0.0518074
1e-10
0.0344649
9.99159e-11
1e-10
0.09454
1.01719e-10
9.98566e-11
1.00875e-10
0.0691989
0.177266
9.99043e-11
0.0935459
0.168691
0.0991708
0.197099
0.195975
9.98901e-11
0.199233
0.0980742
0.103266
0.196436
0.200171
0.1
0.153016
0.156373
0.0971701
0.198068
0.2
9.96443e-11
1.00943e-10
9.99826e-11
9.98049e-11
0.0988452
0.1
0.0970374
0.0961271
0.0972049
0.194788
0.202943
0.1
0.167273
0.0977461
1e-10
0.195364
0.173021
0.19563
0.1
0.0916036
9.98462e-11
0.190684
0.1
0.193612
0.185924
1.00891e-10
0.148519
0.195816
1.00773e-10
0.0218968
0.00860423
0.000604066
1.01354e-10
1e-10
0.0984646
1.01962e-10
0.0305924
1e-10
0.002582
1.00099e-10
0.0121748
1e-10
1e-10
1.00035e-10
9.99799e-11
9.94953e-11
1.00964e-10
0.000170145
9.97683e-11
0.00153278
1.0016e-10
0.00139339
9.9813e-11
0.0132676
0.0239386
0.000377078
1e-10
9.99856e-11
9.97998e-11
0.000460448
9.96754e-11
1.11955e-10
9.97527e-11
1.00746e-10
9.99763e-11
0.0773849
9.91595e-11
9.96006e-11
9.99476e-11
9.99956e-11
0.0238925
9.94999e-11
9.96127e-11
0.00290521
9.99991e-11
9.95694e-11
0.000151407
0.0493079
0.140281
0.192565
0.0979997
9.96311e-11
9.99936e-11
0.197881
0.199246
0.168132
1.06428e-10
1.0405e-10
0.0781457
9.99005e-11
0.0646032
1e-10
0.0968573
0.197212
0.191115
0.0990293
0.154676
0.0958881
0.0998368
0.179306
0.183536
0.157006
0.196936
0.174907
0.198043
0.0961568
0.2
0.198007
0.0898343
0.097392
0.1
0.1
0.0992843
0.1
0.1022
0.094295
0.0814568
0.13337
0.0966179
0.0985812
0.0987408
0.1
0.511275
0.186317
0.185834
0.325389
0.536252
0.0877885
0.177696
0.284887
0.267626
0.425689
0.166618
0.249903
0.165441
0.129038
0.390688
0.533299
0.197883
0.23004
0.370121
0.50062
0.711054
0.307564
0.359636
0.234691
0.671409
0.560155
0.370612
0.52805
0.237467
0.181231
0.438505
0.606411
0.400789
0.0994921
0.150029
0.083275
0.564092
0.32961
0.124433
0.262002
0.274446
0.3314
0.182882
0.226563
0.279724
0.254565
0.170371
0.325107
0.318059
0.451758
0.424514
0.322942
1.00625e-10
0.142341
0.27501
0.282648
0.0991133
0.0994473
0.0969202
0.0990499
0.1
0.1
0.0972207
0.197968
0.0904833
0.188272
0.168605
0.279402
0.0876312
0.0983175
0.0910787
0.195128
0.191511
0.0994205
0.126078
0.08615
0.153603
0.0845151
0.135494
0.182517
0.176371
0.190934
0.1
0.0919862
0.149455
0.1
0.0991107
0.0913351
0.135922
0.0894718
0.0956933
0.0915364
0.172301
0.0997884
0.096734
0.0954805
0.18215
0.194287
0.15354
0.1
0.0998915
0.09275
0.0872829
0.0896654
0.0988286
0.1
0.0985293
0.18638
0.0968097
0.086716
0.114184
0.0989512
0.180354
0.189293
0.176046
0.0983247
0.0894205
0.196808
0.176305
0.0963034
0.18323
0.183564
0.173374
0.168256
0.0909339
0.0957439
0.199854
0.0939472
0.196798
0.181126
0.124544
0.342942
0.150913
0.178059
0.185991
0.28977
0.297211
0.149437
0.188369
0.157977
0.0712422
0.181392
0.171605
0.0795028
0.135341
0.198671
0.182709
0.184236
0.0921193
0.372816
0.0953912
0.174483
0.206817
0.144086
0.125851
0.110212
0.0576006
0.187128
0.147027
0.1
0.0968543
0.0969612
9.9826e-11
0.181368
0.132337
0.1
0.0873708
9.84869e-11
0.160836
0.151064
0.134248
0.1
0.115262
0.0762646
0.0748342
0.0969581
0.107107
0.133046
0.0991491
0.1
0.0983059
0.0912712
0.0941006
0.0864334
0.0918746
0.0953555
0.0948183
0.148208
0.0948439
0.113161
0.0999948
0.220221
0.0964158
0.090291
0.134068
0.413198
0.213758
0.16981
0.0978918
0.0716183
0.0287434
0.160429
0.308335
0.179877
0.219539
0.280263
0.274434
0.117693
0.118422
0.182237
0.129438
0.583469
0.00129594
0.159801
0.099464
0.1
0.0459968
0.0164056
0.0961555
2.05637e-05
0.273701
0.221689
0.419122
0.162303
0.529243
0.132512
0.097265
9.78472e-11
0.119183
0.0819575
0.093514
0.0670837
0.0810575
9.78742e-11
0.0876111
0.412718
0.533883
0.388486
0.392275
0.509924
0.420081
0.357326
0.507515
0.273151
0.235303
0.49494
0.672259
0.512762
0.443391
0.323573
0.34342
0.618482
0.437701
0.367572
0.401776
0.176386
0.288741
0.255154
0.363998
0.231723
9.81341e-11
0.269194
0.318519
0.422038
0.310084
0.227378
0.462114
0.456279
0.377374
0.186246
0.470872
0.237204
0.287211
0.160014
0.294215
0.108084
0.324928
0.124848
0.087382
0.184981
0.0911264
0.401436
0.246066
0.31735
0.440458
0.424997
0.497384
0.623104
0.663562
0.597382
0.49729
0.57752
0.629654
0.564159
0.516048
0.486763
0.593138
0.462237
0.623115
0.291079
0.410893
0.659999
0.423068
0.694039
0.474084
0.323712
0.54948
0.404445
0.352251
0.387076
0.342293
0.371642
0.412238
0.349005
0.5494
0.468465
0.530245
0.37036
0.0835156
0.265285
0.382925
0.330541
0.466897
1.03328e-10
0.338845
0.0299773
0.0917452
0.048397
0.0683025
0.0917241
0.0978483
0.622182
0.641217
0.533214
0.392837
0.390067
0.0977966
0.0647722
9.96411e-11
0.0970105
0.0998535
0.0965311
0.0954744
0.88215
0.928639
9.65183e-11
1.30481e-10
9.97732e-11
9.55986e-11
9.93556e-11
0.00181843
9.70855e-11
1.01845e-10
0.000138584
9.89096e-11
1.07602e-10
1.0789e-10
0.000131206
1.06618e-10
0.0353374
9.98489e-11
0.00212676
1.05144e-10
1.0308e-10
1.07247e-10
0.0608888
0.0794978
9.866e-11
0.0962081
0.0994823
0.0970049
0.0940213
0.127907
0.0999179
0.0912335
0.0980194
0.0946034
0.0991217
0.0866934
0.0959208
0.096982
0.0995251
0.0664347
0.10761
0.0993956
0.074901
0.148694
0.0758577
0.0983796
0.1
0.0996226
0.0955646
0.099234
0.0903639
0.0995187
0.139073
0.0983812
0.119577
0.102759
0.0575329
0.0981272
0.0966921
0.0909513
9.7567e-11
1.11629e-10
9.98095e-11
1.11992e-10
1.14543e-10
0.0945805
