5.7;1;-0.1;0.532122166;1
5.7;1;-0.3;0.629490759;1
5.7;1;-0.5;0.318134663;1
5.7;1;-0.7;0.595347044;1
5.7;1;-0.9;0.489167636;1
5.7;1;-1.1;0.432347648;1
5.7;1;-1.3;0.455707776;1
5.7;1;-1.5;0.422667451;1
5.7;1;-1.7;0.530120979;1
5.7;1;-1.9;0.402865189;1
5.7;1;-2.07;0.482370681;2
5.7;1;-2.1;0.408136085;2
5.7;1;-2.13;0.41111791;2
5.7;1;-2.16;0.445550789;2
5.7;1;-2.19;0.497239771;2
5.7;1;-2.22;0.476293781;2
5.7;1;-2.25;0.448079613;2
5.7;1;-2.28;0.438715971;2
5.7;1;-2.31;0.402770215;2
5.7;1;-2.34;0.491816682;2
5.7;1;-2.37;0.47036373;2
5.7;1;-2.4;0.44906194;2
5.7;1;-2.43;0.430022085;2
5.7;1;-2.46;0.476474686;2
5.7;1;-2.49;0.400029625;2
5.7;1;-2.55;0.414423411;2
5.7;1;-2.58;0.405606761;2
5.7;1;-2.61;0.420030439;2
5.7;1;-2.64;0.469560782;2
5.7;1;-2.67;0.489407378;2
5.7;1;-2.7;0.432514145;2
5.7;1;-2.73;0.416470077;2
5.7;1;-2.76;0.425144761;2
5.7;1;-2.79;0.481578028;2
5.7;1;-2.82;0.411490507;2
5.7;1;-2.85;0.447479873;2
5.7;1;-2.88;0.436406325;2
5.7;1;-2.91;0.483165769;2
5.7;1;-2.94;0.424156821;2
5.7;1;-2.97;0.419656149;2
5.7;1;-3;0.414588087;2
5.7;1;-3.03;0.419043456;2
5.7;1;-3.06;0.484938975;2
5.7;1;-3.09;0.488264852;2
5.7;1;-3.12;0.47004945;2
5.7;1;-3.15;0.467130009;2
5.7;1;-3.18;0.457389296;2
5.7;1;-3.21;0.467387226;2
5.7;1;-3.24;0.484815748;2
5.7;1;-3.27;0.482810716;2
5.7;1;-3.3;0.417241745;2
5.7;1;-3.33;0.460922806;2
5.7;1;-3.36;0.413442245;2
5.7;1;-3.39;0.416562945;2
5.7;1;-3.45;0.404183862;3
5.7;1;-3.48;0.441211787;3
5.7;1;-3.51;0.406458847;3
5.7;1;-3.54;0.459977072;3
5.7;1;-3.57;0.448453351;3
5.7;1;-3.6;0.498109402;3
5.7;1;-3.63;0.414425873;3
5.7;1;-3.66;0.403949126;3
5.7;1;-3.69;0.441422082;3
5.7;1;-3.72;0.478523634;3
5.7;1;-3.75;0.438384411;3
5.7;1;-3.78;0.4110542;3
5.7;1;-3.81;0.498697111;3
5.7;1;-3.84;0.467404753;3
5.7;1;-3.87;0.470199996;3
5.7;1;-3.9;0.46517875;3
5.7;1;-3.93;0.474759704;3
5.7;1;-3.96;0.402242908;3
5.7;1;-3.99;0.475287282;3
5.7;1;-4.02;0.477975894;3
5.7;1;-4.05;0.450003843;3
5.7;1;-4.08;0.409387154;3
5.7;1;-4.11;0.460666639;3
5.7;1;-4.14;0.42562721;3
5.7;1;-4.17;0.46670053;3
5.7;1;-4.2;0.498487987;3
5.7;1;-4.23;0.409577803;3
5.7;1;-4.29;0.443754725;4
5.7;1;-4.32;0.45504959;4
5.7;1;-4.35;0.464793755;4
5.7;1;-4.38;0.490207056;4
5.7;1;-4.41;0.404932103;4
5.7;1;-4.44;0.416346114;4
5.7;1;-4.47;0.486956851;4
5.7;1;-4.5;0.484279854;4
5.7;1;-4.53;0.498175678;4
5.7;1;-4.59;0.468143766;4
5.7;1;-4.62;0.450023865;4
5.7;1;-4.65;0.403439892;4
5.7;1;-4.68;0.407736004;4
5.7;1;-4.71;0.424900982;4
5.7;1;-4.74;0.436017584;4
5.7;1;-4.77;0.465418658;4
5.7;1;-4.8;0.466947883;4
5.7;1;-4.83;0.447946735;4
5.7;1;-4.86;0.460576503;4
5.7;1;-4.89;0.483993068;4
5.7;1;-4.92;0.439260151;4
5.7;1;-4.95;0.43991144;4
5.7;1;-4.98;0.450612223;4
5.7;1;-5.01;0.451090868;4
5.7;1;-5.04;0.483104016;4
5.7;1;-5.07;0.444288302;4
5.7;1;-5.1;0.471156736;4
5.7;1;-5.13;0.495723222;4
5.7;1;-5.16;0.466437861;4
5.7;1;-5.19;0.440453469;4
5.7;1;-5.22;0.411863279;4
5.7;1;-5.25;0.408916516;4
5.7;1;-5.28;0.469830394;4
5.7;1;-5.31;0.473500339;4
5.7;1;-5.34;0.453279819;4
5.7;1;-5.37;0.421104469;4
5.7;1;-5.4;0.493246194;4
5.7;1;-5.43;0.474855728;4
5.7;1;-5.46;0.483487872;4
5.7;1;-5.49;0.442920903;4
5.7;1;-5.52;0.454342963;4
5.7;1;-5.55;0.415792045;4
5.7;1;-5.61;0.25777904;6
5.7;1;-5.64;0.266776704;6
5.7;1;-5.67;0.336594589;6
5.7;1;-5.7;0.287063518;6
5.7;1;-5.73;0.349956844;6
5.7;1;-5.76;0.261925578;6
5.7;1;-5.79;0.264225583;6
5.7;1;-5.82;0.310405022;6
5.7;1;-5.85;0.326252471;6
5.7;1;-5.88;0.334819767;6
5.7;1;-5.91;0.268718035;6
5.7;1;-5.94;0.271520741;6
5.7;1;-5.97;0.253780486;6
5.7;1;-6;0.343363744;6
5.7;1;-6.03;0.259720757;6
5.7;1;-6.06;0.289877522;6
5.7;1;-6.09;0.312970241;6
5.7;1;-6.12;0.263208806;6
5.7;1;-6.15;0.296201305;6
5.7;1;-6.18;0.267667062;6
5.7;1;-6.21;0.32435106;6
5.7;1;-6.24;0.330204558;6
5.7;1;-6.27;0.30798542;6
5.7;1;-6.3;0.260770945;6
5.7;1;-6.33;0.266806718;6
5.7;1;-6.36;0.301530708;6
5.7;1;-6.39;0.335034895;6
5.7;1;-6.42;0.276768623;6
5.7;1;-6.45;0.297526002;6
5.7;1;-6.48;0.29803853;6
5.7;1;-6.51;0.334122106;6
5.7;1;-6.54;0.254459137;6
5.7;1;-6.6;0.300739731;6
5.7;1;-6.63;0.262306487;6
5.7;1;-6.66;0.272015644;6
5.7;1;-6.69;0.338929106;6
5.7;1;-6.72;0.279318916;6
5.7;1;-6.75;0.309418283;6
5.7;1;-6.78;0.250128078;6
5.7;1;-6.81;0.289395224;6
5.7;1;-6.84;0.311066779;6
5.7;1;-6.87;0.343991573;6
5.7;1;-6.9;0.345826121;6
5.7;1;-6.93;0.297269645;6
5.7;1;-7.11;0.431933259;3
5.7;1;-7.14;0.480286409;3
5.7;1;-7.17;0.418457522;3
5.7;1;-7.2;0.402596299;3
5.7;1;-7.23;0.445231245;3
5.7;1;-7.26;0.47573794;3
5.7;1;-7.29;0.486153546;3
5.7;1;-7.32;0.465046056;3
5.7;1;-7.35;0.408679986;3
5.7;1;-7.41;0.488742898;4
5.7;1;-7.44;0.437523756;4
5.7;1;-7.47;0.429651362;4
5.7;1;-7.5;0.407871134;4
5.7;1;-7.53;0.453372188;4
5.7;1;-7.56;0.465014466;4
5.7;1;-7.59;0.408922203;4
5.7;1;-7.62;0.404995367;4
5.7;1;-7.65;0.470641503;4
5.7;1;-7.68;0.45217163;4
5.7;1;-7.71;0.477468304;4
5.7;1;-7.74;0.44014431;4
5.7;1;-7.77;0.404130167;4
5.7;1;-7.8;0.485634187;4
5.7;1;-7.83;0.455292455;4
5.7;1;-7.86;0.449607809;4
5.7;1;-7.89;0.472112015;4
5.7;1;-7.92;0.405071113;4
5.7;1;-7.95;0.498386676;4
5.7;1;-8.01;0.28321106;6
5.7;1;-8.04;0.293013657;6
5.7;1;-8.07;0.319596952;6
5.7;1;-8.1;0.295035823;6
5.7;1;-8.13;0.333126723;6
5.7;1;-8.16;0.340357698;6
5.7;1;-8.19;0.295897732;6
5.7;1;-8.22;0.279082599;6
5.7;1;-8.25;0.275562478;6
5.7;1;-8.28;0.339986218;6
5.7;1;-8.31;0.289295281;6
5.7;1;-8.34;0.323823497;6
5.7;1;-8.37;0.33761933;6
5.7;1;-8.4;0.280655835;6
5.7;1;-8.43;0.335125642;6
5.7;1;-8.46;0.269000441;6
5.7;1;-8.49;0.321376757;6
5.7;1;-8.52;0.258898061;6
5.7;1;-8.55;0.32073677;6
5.7;1;-8.58;0.279980796;6
5.7;1;-8.61;0.307103211;6
5.7;1;-8.64;0.346855337;6
5.7;1;-8.67;0.323290922;6
5.7;1;-8.7;0.26968288;6
5.7;1;-8.76;0.267485348;6
5.7;1;-8.79;0.257590922;6
5.7;1;-8.82;0.348407588;6
5.7;1;-8.85;0.268959647;6
5.7;1;-8.88;0.272500987;6
5.7;1;-8.91;0.261200419;6
5.7;1;-8.94;0.277578798;6
5.7;1;-8.97;0.32448635;6
5.7;1;-9;0.32869357;6
5.7;1;-9.03;0.265865361;6
5.7;1;-9.09;0.318199334;6
5.7;1;-9.12;0.278023609;6
5.7;1;-9.15;0.336619238;6
5.7;1;-9.18;0.304041538;6
5.7;1;-9.21;0.314536339;6
5.7;1;-9.24;0.282892524;6
5.7;1;-9.27;0.345464533;6
5.7;1;-9.3;0.273072416;6
5.7;1;-9.36;0.26966529;6
5.7;1;-9.39;0.273058185;6
5.7;1;-9.42;0.317095095;6
5.7;1;-9.45;0.275272967;6
5.7;1;-9.48;0.254302488;6
5.7;1;-9.51;0.317710952;6
5.7;1;-9.54;0.327622701;6
5.7;1;-9.6;0.315062869;6
5.7;1;-9.63;0.266612231;6
5.7;1;-9.66;0.261138016;6
5.7;1;-9.69;0.281688341;6
5.7;1;-9.72;0.342755578;6
5.7;1;-9.75;0.293251702;6
5.7;1;-9.78;0.287509821;6
5.7;1;-9.81;0.283092471;6
5.7;1;-9.84;0.315401168;6
5.7;1;-9.87;0.31533533;6
5.7;1;-9.9;0.289596537;6
5.7;1;-9.93;0.278988909;6
5.7;1;-9.96;0.298625104;6
5.7;1;-9.99;0.322507471;6
5.7;1;-10.02;0.281265004;6
5.7;1;-10.05;0.26059005;6
5.7;1;-10.08;0.291672274;6
5.7;1;-10.11;0.300764572;6
5.7;1;-10.17;0.281096469;6
5.7;1;-10.2;0.301092859;6
5.7;1;-10.23;0.3208175;6
5.7;1;-10.26;0.343567757;6
5.7;1;-10.29;0.279967121;6
5.7;1;-10.32;0.28103893;6
5.7;1;-10.35;0.287254113;6
5.7;1;-10.38;0.26145645;6
5.7;1;-10.41;0.325171941;6
5.7;1;-10.44;0.286447177;6
5.7;1;-10.47;0.296930215;6
5.7;1;-10.5;0.300982482;6
5.7;1;-10.53;0.300025704;6
5.7;1;-10.56;0.298070771;6
5.7;1;-10.59;0.288917919;6
5.7;1;-10.62;0.276419106;6
5.7;1;-10.65;0.31717053;6
5.7;1;-10.68;0.263126856;6
5.7;1;-10.71;0.287007669;6
5.7;1;-10.74;0.307614296;6
5.7;1;-10.77;0.313606584;6
5.7;1;-10.8;0.272030766;6
5.7;1;-10.83;0.333619057;6
5.7;1;-10.89;0.307871377;7
5.7;1;-10.92;0.303636175;7
5.7;1;-10.95;0.344789907;7
5.7;1;-10.98;0.318724958;7
5.7;1;-11.01;0.338977048;7
5.7;1;-11.04;0.339212692;7
5.7;1;-11.07;0.346825447;7
5.7;1;-11.1;0.326250673;7
5.7;1;-11.13;0.300345007;7
5.7;1;-11.16;0.330423694;7
5.7;1;-11.19;0.320567433;7
5.7;1;-11.22;0.325248527;7
5.7;1;-11.25;0.319132398;7
5.7;1;-11.28;0.333645044;7
5.7;1;-11.31;0.326460853;7
5.7;1;-11.34;0.312847003;7
5.7;1;-11.37;0.339841513;7
5.7;1;-11.4;0.316133052;7
5.7;1;-11.43;0.314829179;7
5.7;1;-11.49;0.325415065;7
5.7;1;-11.52;0.312772366;7
5.7;1;-11.55;0.336083134;7
5.7;1;-11.58;0.320511586;7
5.7;1;-11.61;0.312251649;7
5.7;1;-11.64;0.344008574;7
5.7;1;-11.67;0.334329261;7
5.7;1;-11.7;0.324671315;7
5.7;1;-11.73;0.30229747;7
5.7;1;-11.76;0.303204917;7
5.7;1;-11.79;0.332229845;7
5.7;1;-11.82;0.349948821;7
5.7;1;-11.85;0.333166027;7
5.7;1;-11.88;0.302442739;7
5.7;1;-11.91;0.315208971;7
5.7;1;-11.94;0.305777626;7
5.7;1;-11.97;0.301994502;7
5.7;1;-12;0.100533069;8
5.7;1;-12.03;0.130016587;8
5.7;1;-12.06;0.115502161;8
5.7;1;-12.09;0.127107416;8
5.7;1;-12.12;0.104619115;8
5.7;1;-12.15;0.102317496;8
5.7;1;-12.18;0.112495114;8
5.7;1;-12.21;0.128044481;8
5.7;1;-12.24;0.139531133;8
5.7;1;-12.27;0.12080613;8
5.7;1;-12.3;0.129494526;8
5.7;1;-12.33;0.146452637;8
5.7;1;-12.36;0.100079829;8
5.7;1;-12.39;0.126838978;8
5.7;1;-12.42;0.117294012;8
5.7;1;-12.45;0.109481535;8
5.7;1;-12.48;0.147708952;8
5.7;1;-12.51;0.144155069;8
5.7;1;-12.54;0.111040236;8
5.7;1;-12.57;0.143867734;8
5.7;1;-12.6;0.112129023;8
5.7;1;-12.63;0.142459759;8
5.7;1;-12.66;0.127419523;8
5.7;1;-12.69;0.10279352;8
5.7;1;-12.72;0.147856633;8
5.7;1;-12.75;0.126638416;8
5.7;1;-12.78;0.113045215;8
5.7;1;-12.81;0.130010082;8
5.7;1;-12.84;0.107123663;8
5.7;1;-12.87;0.115762805;8
5.7;1;-12.9;0.117398275;8
5.7;1;-12.93;0.145718648;8
5.7;1;-12.96;0.116457321;8
5.7;1;-12.99;0.112738158;8
5.7;1;-13.02;0.115766369;8
5.7;1;-13.05;0.10642884;8
5.7;1;-13.08;0.13795104;8
5.7;1;-13.11;0.145218762;8
5.7;1;-13.14;0.111711343;8
5.7;1;-13.17;0.139538546;8
5.7;1;-13.2;0.105193229;8
5.7;1;-13.23;0.135372836;8
5.7;1;-13.26;0.133398384;8
5.7;1;-13.29;0.101260075;8
5.7;1;-13.32;0.109750957;8
5.7;1;-13.35;0.134101301;8
5.7;1;-13.38;0.14473549;8
5.7;1;-13.41;0.115434517;8
5.7;1;-13.44;0.102622473;8
5.7;1;-13.47;0.124816124;8
5.7;1;-13.5;0.140082004;8
5.7;1;-13.53;0.110046706;8
5.7;1;-13.56;0.120084339;8
5.7;1;-13.59;0.102772255;8
5.7;1;-13.62;0.122179387;8
5.7;1;-13.65;0.119704822;8
5.7;1;-13.68;0.103496867;8
5.7;1;-13.71;0.102979924;8
5.7;1;-13.74;0.112692214;8
5.7;1;-13.77;0.100510879;8
5.7;1;-13.8;0.126039415;8
5.7;1;-13.83;0.109069511;8
5.7;1;-13.86;0.115537096;8
5.7;1;-13.89;0.13585581;8
5.7;1;-13.92;0.12751847;8
5.7;1;-13.95;0.135180144;8
5.7;1;-13.98;0.117309355;8
5.7;1;-14.01;0.113586165;8
5.7;1;-14.04;0.101804432;8
5.7;1;-14.07;0.135062762;8
5.7;1;-14.1;0.114058405;8
5.7;1;-14.13;0.119683478;8
5.7;1;-14.16;0.122596108;8
5.7;1;-14.19;0.149312219;8
5.7;1;-14.22;0.12879343;8
5.7;1;-14.25;0.112765377;8
5.7;1;-14.28;0.112873531;8
5.7;1;-14.31;0.102981787;8
5.7;1;-14.34;0.100517844;8
5.7;1;-14.37;0.146523714;8
5.7;1;-14.4;0.130758821;8
5.7;1;-14.43;0.109511584;8
5.7;1;-14.46;0.11581491;8
5.7;1;-14.49;0.135774732;8
5.7;1;-14.52;0.13960466;8
5.7;1;-14.55;0.134453299;8
5.7;1;-14.58;0.107800349;8
5.7;1;-14.61;0.122969917;8
5.7;1;-14.64;0.149586068;8
5.7;1;-14.67;0.12135984;8
5.7;1;-14.7;0.139564244;8
5.7;1;-14.73;0.112273292;8
5.7;1;-14.76;0.109131973;8
5.7;1;-14.79;0.121772284;8
5.7;1;-14.82;0.134665359;8
5.7;1;-14.85;0.108686414;8
5.7;1;-14.88;0.145068859;8
5.7;1;-14.91;0.131168558;8
5.7;1;-14.94;0.136026381;8
5.7;1;-14.97;0.141162006;8
5.7;1;-15;0.149071135;8
14.3;1;-0.15;0.60153643;1
14.3;1;-0.3;0.465459489;1
14.3;1;-0.45;0.499001429;1
14.3;1;-0.6;0.444317868;1
14.3;1;-0.75;0.685213284;1
14.3;1;-0.9;0.453150861;1
14.3;1;-1.05;0.695388158;1
14.3;1;-1.2;0.439095734;1
14.3;1;-1.35;0.737605289;1
14.3;1;-1.5;0.368013003;1
14.3;1;-1.65;0.320541684;1
14.3;1;-1.8;0.781072938;1
14.3;1;-1.95;0.681380456;1
14.3;1;-2.1;0.691376859;1
14.3;1;-2.73;0.420695646;2
14.3;1;-2.76;0.47636838;2
14.3;1;-2.79;0.420378568;2
14.3;1;-2.82;0.489689453;2
14.3;1;-2.85;0.461946407;2
14.3;1;-2.88;0.43808844;2
14.3;1;-2.91;0.433393131;2
14.3;1;-2.94;0.405325361;2
14.3;1;-2.97;0.44253668;2
14.3;1;-3;0.472633775;2
14.3;1;-3.03;0.401953347;2
14.3;1;-3.09;0.462451646;2
14.3;1;-3.12;0.410560418;2
14.3;1;-3.15;0.403898686;2
14.3;1;-3.18;0.490747482;2
14.3;1;-3.21;0.456981613;2
14.3;1;-3.24;0.457114323;2
14.3;1;-3.27;0.43615465;2
14.3;1;-3.3;0.485368235;2
14.3;1;-3.33;0.494611619;2
14.3;1;-3.36;0.451443207;2
14.3;1;-3.39;0.434771757;2
14.3;1;-3.42;0.458163016;2
14.3;1;-3.45;0.474355438;2
14.3;1;-3.48;0.498960371;2
14.3;1;-3.51;0.469279802;2
14.3;1;-3.54;0.471855818;2
14.3;1;-3.57;0.414716116;2
14.3;1;-3.6;0.493294503;2
14.3;1;-3.63;0.459979175;2
14.3;1;-3.66;0.437891279;2
14.3;1;-3.69;0.465184562;2
14.3;1;-3.72;0.458826236;2
14.3;1;-3.75;0.440696414;2
14.3;1;-3.81;0.498615557;3
14.3;1;-3.84;0.437582598;3
14.3;1;-3.87;0.424954666;3
14.3;1;-3.9;0.400760432;3
14.3;1;-3.93;0.458926508;3
14.3;1;-3.96;0.452181761;3
14.3;1;-3.99;0.451131496;3
14.3;1;-4.02;0.41223227;3
14.3;1;-4.05;0.419016282;3
14.3;1;-4.08;0.490187681;3
14.3;1;-4.11;0.408559388;3
14.3;1;-4.14;0.425104181;3
14.3;1;-4.17;0.479658222;3
14.3;1;-4.2;0.472628588;3
14.3;1;-4.23;0.49591947;3
14.3;1;-4.26;0.499309524;3
14.3;1;-4.29;0.453831168;3
14.3;1;-4.32;0.469573535;3
14.3;1;-4.35;0.421419525;3
14.3;1;-4.38;0.466173129;3
14.3;1;-4.41;0.488486784;3
14.3;1;-4.44;0.405113958;3
14.3;1;-4.47;0.437420862;3
14.3;1;-4.5;0.426387629;3
14.3;1;-4.53;0.402094569;3
14.3;1;-4.56;0.456246543;3
14.3;1;-4.59;0.441129758;3
14.3;1;-4.62;0.425948367;3
14.3;1;-4.65;0.47545305;3
14.3;1;-4.68;0.442290389;3
14.3;1;-4.71;0.452605784;3
14.3;1;-4.74;0.460530342;3
14.3;1;-4.77;0.408477147;3
14.3;1;-4.8;0.43691702;3
14.3;1;-4.86;0.427924109;4
14.3;1;-4.89;0.415262806;4
14.3;1;-4.92;0.45897468;4
14.3;1;-4.95;0.499166525;4
14.3;1;-5.1;0.476017807;4
14.3;1;-5.13;0.436764307;4
14.3;1;-5.16;0.411601204;4
14.3;1;-5.19;0.440556061;4
14.3;1;-5.22;0.423172353;4
14.3;1;-5.25;0.421343684;4
14.3;1;-5.28;0.486750692;4
14.3;1;-5.31;0.45187353;4
14.3;1;-5.34;0.440879693;4
14.3;1;-5.4;0.250448976;6
14.3;1;-5.43;0.324544708;6
14.3;1;-5.46;0.333575352;6
14.3;1;-5.49;0.327393178;6
14.3;1;-5.52;0.349539777;6
14.3;1;-5.55;0.290148373;6
14.3;1;-5.58;0.325340918;6
14.3;1;-5.61;0.333227979;6
14.3;1;-5.64;0.321668344;6
14.3;1;-5.67;0.263046578;6
14.3;1;-5.7;0.343663841;6
14.3;1;-5.73;0.260382375;6
14.3;1;-5.76;0.300752367;6
14.3;1;-5.79;0.292613715;6
14.3;1;-5.82;0.31736828;6
14.3;1;-5.85;0.341943973;6
14.3;1;-5.88;0.303299398;6
14.3;1;-5.91;0.312331311;6
14.3;1;-5.94;0.291430436;6
14.3;1;-5.97;0.26350758;6
14.3;1;-6;0.255151536;6
14.3;1;-6.03;0.313123421;6
14.3;1;-6.06;0.307527547;6
14.3;1;-6.09;0.25372594;6
14.3;1;-6.12;0.29385487;6
14.3;1;-6.15;0.280491901;6
14.3;1;-6.18;0.331176659;6
14.3;1;-6.21;0.286707858;6
14.3;1;-6.24;0.320090154;6
14.3;1;-6.27;0.300899381;6
14.3;1;-6.3;0.258118024;6
14.3;1;-6.33;0.283574747;6
14.3;1;-6.39;0.322077732;6
14.3;1;-6.42;0.266054694;6
14.3;1;-6.45;0.315661275;6
14.3;1;-6.48;0.310390604;6
14.3;1;-6.51;0.267222297;6
14.3;1;-6.54;0.335931255;6
14.3;1;-6.57;0.273120116;6
14.3;1;-6.6;0.288532311;6
14.3;1;-6.63;0.285001626;6
14.3;1;-6.66;0.317645602;6
14.3;1;-6.69;0.3398929;6
14.3;1;-6.72;0.307487542;6
14.3;1;-6.75;0.319596051;6
14.3;1;-6.93;0.463924644;3
14.3;1;-6.96;0.442052775;3
14.3;1;-6.99;0.443902749;3
14.3;1;-7.02;0.459503515;3
14.3;1;-7.05;0.4567265;3
14.3;1;-7.08;0.42073917;3
14.3;1;-7.11;0.413105713;3
14.3;1;-7.14;0.490660758;3
14.3;1;-7.17;0.425948706;3
14.3;1;-7.2;0.49342092;3
14.3;1;-7.23;0.432817024;3
14.3;1;-7.26;0.401366462;3
14.3;1;-7.32;0.417980929;4
14.3;1;-7.35;0.462981303;4
14.3;1;-7.38;0.491028775;4
14.3;1;-7.41;0.454013037;4
14.3;1;-7.44;0.469225025;4
14.3;1;-7.47;0.449133497;4
14.3;1;-7.5;0.43382816;4
14.3;1;-7.53;0.432904801;4
14.3;1;-7.56;0.449928416;4
14.3;1;-7.59;0.47643751;4
14.3;1;-7.62;0.485867091;4
14.3;1;-7.65;0.497390285;4
14.3;1;-7.68;0.449285869;4
14.3;1;-7.74;0.411021356;3
14.3;1;-7.77;0.446800213;3
14.3;1;-7.8;0.447601198;3
14.3;1;-7.83;0.421791834;3
14.3;1;-7.86;0.408497479;3
14.3;1;-7.89;0.436680635;3
14.3;1;-7.92;0.483612887;3
14.3;1;-7.95;0.469757853;3
14.3;1;-7.98;0.457346238;3
14.3;1;-8.01;0.473290988;3
14.3;1;-8.04;0.439584812;3
14.3;1;-8.07;0.476472662;3
14.3;1;-8.1;0.47725326;3
14.3;1;-8.13;0.481194103;3
14.3;1;-8.16;0.410098115;3
14.3;1;-8.19;0.429916693;3
14.3;1;-8.22;0.44690235;3
14.3;1;-8.25;0.41518061;3
14.3;1;-8.28;0.410913492;3
14.3;1;-8.31;0.466857522;3
14.3;1;-8.34;0.42982203;3
14.3;1;-8.37;0.479416339;3
14.3;1;-8.4;0.468574114;3
14.3;1;-8.46;0.255307725;5
14.3;1;-8.49;0.253565699;5
14.3;1;-8.52;0.294024091;5
14.3;1;-8.55;0.336286358;5
14.3;1;-8.58;0.339234977;5
14.3;1;-8.61;0.33849561;5
14.3;1;-8.64;0.339930487;5
14.3;1;-8.67;0.263405152;5
14.3;1;-8.7;0.266859762;5
14.3;1;-8.73;0.339671463;5
14.3;1;-8.79;0.251753967;6
14.3;1;-8.82;0.319876552;6
14.3;1;-8.85;0.326778674;6
14.3;1;-8.88;0.254736541;6
14.3;1;-8.91;0.303456135;6
14.3;1;-8.94;0.271317405;6
14.3;1;-8.97;0.332278157;6
14.3;1;-9;0.29438305;6
14.3;1;-9.03;0.256644359;6
14.3;1;-9.06;0.299395691;6
14.3;1;-9.09;0.285195279;6
14.3;1;-9.12;0.337423824;6
14.3;1;-9.15;0.301140752;6
14.3;1;-9.18;0.310393351;6
14.3;1;-9.21;0.253164228;6
14.3;1;-9.36;0.440978476;3
14.3;1;-9.39;0.43299424;3
14.3;1;-9.42;0.472191015;3
14.3;1;-9.45;0.44961319;3
14.3;1;-9.48;0.482564637;3
14.3;1;-9.51;0.429565588;3
14.3;1;-9.54;0.431298978;3
14.3;1;-9.57;0.410933719;3
14.3;1;-9.6;0.494867672;3
14.3;1;-9.63;0.492826696;3
14.3;1;-9.66;0.445915248;3
14.3;1;-9.69;0.432564299;3
14.3;1;-9.72;0.425676216;3
14.3;1;-9.75;0.486547286;3
14.3;1;-9.78;0.426210155;3
14.3;1;-9.81;0.450143877;3
14.3;1;-9.84;0.407098452;3
14.3;1;-9.87;0.420168116;3
14.3;1;-9.9;0.48960893;3
14.3;1;-9.93;0.442479039;3
14.3;1;-9.99;0.402720757;4
14.3;1;-10.02;0.486825726;4
14.3;1;-10.05;0.475884809;4
14.3;1;-10.08;0.490432859;4
14.3;1;-10.11;0.461867962;4
14.3;1;-10.14;0.417273721;4
14.3;1;-10.17;0.441461143;4
14.3;1;-10.2;0.499604791;4
14.3;1;-10.26;0.282510298;6
14.3;1;-10.29;0.31733733;6
14.3;1;-10.32;0.32383181;6
14.3;1;-10.35;0.277185095;6
14.3;1;-10.38;0.257265102;6
14.3;1;-10.44;0.335513571;6
14.3;1;-10.47;0.328640364;6
14.3;1;-10.5;0.298081001;6
14.3;1;-10.53;0.328107518;6
14.3;1;-10.56;0.284244805;6
14.3;1;-10.59;0.348328104;6
14.3;1;-10.62;0.300327345;6
14.3;1;-10.65;0.326017399;6
14.3;1;-10.68;0.286571451;6
14.3;1;-10.71;0.305324215;6
14.3;1;-10.74;0.280665064;6
14.3;1;-10.77;0.311705288;6
14.3;1;-10.8;0.281724724;6
14.3;1;-10.83;0.332436646;6
14.3;1;-10.86;0.295005354;6
14.3;1;-10.89;0.306426502;6
14.3;1;-10.92;0.269277976;6
14.3;1;-10.95;0.322888879;6
14.3;1;-10.98;0.28893593;6
14.3;1;-11.01;0.267801265;6
14.3;1;-11.04;0.339045651;6
14.3;1;-11.07;0.286943349;6
14.3;1;-11.1;0.33773375;6
14.3;1;-11.13;0.251411137;6
14.3;1;-11.16;0.326987756;6
14.3;1;-11.22;0.33127214;6
14.3;1;-11.25;0.268082013;6
14.3;1;-11.28;0.271104871;6
14.3;1;-11.31;0.321632127;6
14.3;1;-11.34;0.290820855;6
14.3;1;-11.37;0.315149785;6
14.3;1;-11.4;0.294593041;6
14.3;1;-11.43;0.336354896;6
14.3;1;-11.46;0.256093991;6
14.3;1;-11.49;0.300593599;6
14.3;1;-11.52;0.262551589;6
14.3;1;-11.55;0.279448553;6
14.3;1;-11.58;0.32103063;6
14.3;1;-11.61;0.283390213;6
14.3;1;-11.64;0.346682663;6
14.3;1;-11.7;0.349998773;7
14.3;1;-11.73;0.336321962;7
14.3;1;-11.76;0.302782743;7
14.3;1;-11.79;0.332853895;7
14.3;1;-11.82;0.313133923;7
14.3;1;-11.85;0.344953115;7
14.3;1;-11.88;0.342485094;7
14.3;1;-11.91;0.318157686;7
14.3;1;-11.94;0.310946481;7
14.3;1;-11.97;0.308378225;7
14.3;1;-12;0.311943234;7
14.3;1;-12.03;0.327830449;7
14.3;1;-12.06;0.305369808;7
14.3;1;-12.09;0.335184156;7
14.3;1;-12.12;0.307883761;7
14.3;1;-12.15;0.320650807;7
14.3;1;-12.18;0.340593361;7
14.3;1;-12.21;0.314191422;7
14.3;1;-12.27;0.337672877;7
14.3;1;-12.3;0.312089203;7
14.3;1;-12.33;0.344274864;7
14.3;1;-12.36;0.312049658;7
14.3;1;-12.39;0.336765018;7
14.3;1;-12.42;0.342553092;7
14.3;1;-12.45;0.334231927;7
14.3;1;-12.48;0.33571535;7
14.3;1;-12.51;0.301749643;7
14.3;1;-12.54;0.308827295;7
14.3;1;-12.57;0.334749682;7
14.3;1;-12.6;0.311729931;7
14.3;1;-12.63;0.34948174;7
14.3;1;-12.66;0.329295164;7
14.3;1;-12.69;0.117646875;8
14.3;1;-12.72;0.13443008;8
14.3;1;-12.75;0.139799941;8
14.3;1;-12.78;0.131205938;8
14.3;1;-12.81;0.120375979;8
14.3;1;-12.84;0.110316614;8
14.3;1;-12.87;0.111082183;8
14.3;1;-12.9;0.103807496;8
14.3;1;-12.93;0.101203532;8
14.3;1;-12.96;0.123197651;8
14.3;1;-12.99;0.114052034;8
14.3;1;-13.02;0.133495893;8
14.3;1;-13.05;0.111612666;8
14.3;1;-13.08;0.130370556;8
14.3;1;-13.11;0.101658472;8
14.3;1;-13.14;0.124977951;8
14.3;1;-13.17;0.11785253;8
14.3;1;-13.2;0.112032487;8
14.3;1;-13.23;0.123535591;8
14.3;1;-13.26;0.117139021;8
14.3;1;-13.29;0.11021392;8
14.3;1;-13.32;0.137724572;8
14.3;1;-13.35;0.109068674;8
14.3;1;-13.38;0.141806329;8
14.3;1;-13.41;0.115437989;8
14.3;1;-13.44;0.146711641;8
14.3;1;-13.47;0.114647632;8
14.3;1;-13.5;0.130463232;8
14.3;1;-13.53;0.148296496;8
14.3;1;-13.56;0.142109035;8
14.3;1;-13.59;0.113720482;8
14.3;1;-13.62;0.14471951;8
14.3;1;-13.65;0.139892055;8
14.3;1;-13.68;0.121900967;8
14.3;1;-13.71;0.146312096;8
14.3;1;-13.74;0.112365653;8
14.3;1;-13.77;0.119406296;8
14.3;1;-13.8;0.13206189;8
14.3;1;-13.83;0.127086932;8
14.3;1;-13.86;0.143314985;8
14.3;1;-13.89;0.112461143;8
14.3;1;-13.92;0.116748233;8
14.3;1;-13.95;0.129809818;8
14.3;1;-13.98;0.143852019;8
14.3;1;-14.01;0.139485069;8
14.3;1;-14.04;0.133993843;8
14.3;1;-14.07;0.131244309;8
14.3;1;-14.1;0.104068463;8
14.3;1;-14.13;0.122880211;8
14.3;1;-14.16;0.114956426;8
14.3;1;-14.19;0.127144058;8
14.3;1;-14.22;0.136900077;8
14.3;1;-14.25;0.149966885;8
14.3;1;-14.28;0.103058173;8
14.3;1;-14.31;0.1419399;8
14.3;1;-14.34;0.135406485;8
14.3;1;-14.37;0.126313628;8
14.3;1;-14.4;0.145185532;8
14.3;1;-14.43;0.127765983;8
14.3;1;-14.46;0.139530073;8
14.3;1;-14.49;0.134224633;8
14.3;1;-14.52;0.10674062;8
14.3;1;-14.55;0.117649742;8
14.3;1;-14.58;0.115710062;8
14.3;1;-14.61;0.103119412;8
14.3;1;-14.64;0.143289123;8
14.3;1;-14.67;0.143708087;8
14.3;1;-14.7;0.103333391;8
14.3;1;-14.73;0.123412701;8
14.3;1;-14.76;0.149247643;8
14.3;1;-14.79;0.108670942;8
14.3;1;-14.82;0.12403995;8
14.3;1;-14.85;0.136498676;8
14.3;1;-14.88;0.125151155;8
14.3;1;-14.91;0.100355991;8
14.3;1;-14.94;0.113444094;8
14.3;1;-14.97;0.111272919;8
14.3;1;-15;0.115442677;8
22.4;1;-0.1;0.485705117;1
22.4;1;-0.3;0.406546601;1
22.4;1;-0.5;0.389115085;1
22.4;1;-0.7;0.515051308;1
22.4;1;-0.9;0.534777233;1
22.4;1;-1.1;0.566167204;1
22.4;1;-1.3;0.354630176;1
22.4;1;-1.5;0.665322813;1
22.4;1;-1.7;0.642607942;1
22.4;1;-1.9;0.672050516;1
22.4;1;-2.16;0.493621866;2
22.4;1;-2.19;0.4636377;2
22.4;1;-2.22;0.455203469;2
22.4;1;-2.25;0.414590178;2
22.4;1;-2.28;0.458839118;2
22.4;1;-2.31;0.433188526;2
22.4;1;-2.34;0.486929983;2
22.4;1;-2.37;0.422166727;2
22.4;1;-2.4;0.483594881;2
22.4;1;-2.43;0.421044301;2
22.4;1;-2.46;0.487537143;2
22.4;1;-2.49;0.487847948;2
22.4;1;-2.55;0.463736765;2
22.4;1;-2.58;0.451808569;2
22.4;1;-2.61;0.418050842;2
22.4;1;-2.64;0.486355755;2
22.4;1;-2.67;0.493251031;2
22.4;1;-2.7;0.418875028;2
22.4;1;-2.73;0.42227849;2
22.4;1;-2.76;0.499757068;2
22.4;1;-2.79;0.462638885;2
22.4;1;-2.82;0.489717839;2
22.4;1;-2.85;0.479495355;2
22.4;1;-2.88;0.449547587;2
22.4;1;-2.91;0.427226878;2
22.4;1;-2.94;0.489779918;2
22.4;1;-2.97;0.475658944;2
22.4;1;-3;0.458805929;2
22.4;1;-3.03;0.469535474;2
22.4;1;-3.06;0.433541821;2
22.4;1;-3.09;0.478455857;2
22.4;1;-3.12;0.437849284;2
22.4;1;-3.15;0.455017791;2
22.4;1;-3.18;0.443340409;2
22.4;1;-3.21;0.435261883;2
22.4;1;-3.24;0.408364305;2
22.4;1;-3.27;0.467218318;2
22.4;1;-3.3;0.459193096;2
22.4;1;-3.33;0.488549849;2
22.4;1;-3.36;0.495218025;2
22.4;1;-3.39;0.405688959;2
22.4;1;-3.42;0.423795231;2
22.4;1;-3.45;0.407374745;2
22.4;1;-3.48;0.48478223;2
22.4;1;-3.51;0.4906904;2
22.4;1;-3.54;0.476470017;2
22.4;1;-3.6;0.489592133;3
22.4;1;-3.63;0.448455604;3
22.4;1;-3.66;0.463284577;3
22.4;1;-3.69;0.44981095;3
22.4;1;-3.72;0.465939267;3
22.4;1;-3.75;0.456004878;3
22.4;1;-3.78;0.419336349;3
22.4;1;-3.81;0.415576664;3
22.4;1;-3.84;0.482556858;3
22.4;1;-3.87;0.453174464;3
22.4;1;-3.9;0.442023658;3
22.4;1;-3.93;0.437966591;3
22.4;1;-3.96;0.401975721;3
22.4;1;-3.99;0.49016412;3
22.4;1;-4.02;0.453824757;3
22.4;1;-4.05;0.403805945;3
22.4;1;-4.08;0.431385088;3
22.4;1;-4.11;0.455297447;3
22.4;1;-4.14;0.46525922;3
22.4;1;-4.17;0.439346702;3
22.4;1;-4.2;0.405526032;3
22.4;1;-4.23;0.411206705;3
22.4;1;-4.29;0.30695546;5
22.4;1;-4.32;0.258112808;5
22.4;1;-4.35;0.290867594;5
22.4;1;-4.38;0.261470951;5
22.4;1;-4.41;0.320067234;5
22.4;1;-4.44;0.32133258;5
22.4;1;-4.47;0.251187643;5
22.4;1;-4.5;0.2550739;5
22.4;1;-4.53;0.309767316;5
22.4;1;-4.56;0.262398358;5
22.4;1;-4.59;0.330222933;5
22.4;1;-4.62;0.254898795;5
22.4;1;-4.65;0.266118626;5
22.4;1;-4.68;0.304759039;5
22.4;1;-4.71;0.314464728;5
22.4;1;-4.74;0.291645823;5
22.4;1;-4.77;0.285218978;5
22.4;1;-4.8;0.317085639;5
22.4;1;-4.83;0.254829805;5
22.4;1;-4.86;0.331772004;5
22.4;1;-4.89;0.317927335;5
22.4;1;-4.92;0.305478386;5
22.4;1;-4.95;0.269441191;5
22.4;1;-4.98;0.275089564;5
22.4;1;-5.01;0.335908865;5
22.4;1;-5.16;0.441135267;3
22.4;1;-5.19;0.495961092;3
22.4;1;-5.22;0.480040204;3
22.4;1;-5.25;0.443595752;3
22.4;1;-5.28;0.423822219;3
22.4;1;-5.31;0.402966164;3
22.4;1;-5.34;0.421266032;3
22.4;1;-5.37;0.488251911;3
22.4;1;-5.4;0.482475867;3
22.4;1;-5.43;0.402234862;3
22.4;1;-5.46;0.420693872;3
22.4;1;-5.49;0.407649878;3
22.4;1;-5.52;0.428711832;3
22.4;1;-5.55;0.452316792;3
22.4;1;-5.58;0.416441406;3
22.4;1;-5.61;0.454183563;3
22.4;1;-5.64;0.458512642;3
22.4;1;-5.67;0.498056431;3
22.4;1;-5.7;0.452342474;3
22.4;1;-5.73;0.444669887;3
22.4;1;-5.79;0.311492886;5
22.4;1;-5.82;0.273820277;5
22.4;1;-5.85;0.284269364;5
22.4;1;-5.88;0.251426106;5
22.4;1;-5.91;0.273981165;5
22.4;1;-5.94;0.289898668;5
22.4;1;-5.97;0.281695813;5
22.4;1;-6;0.286685424;5
22.4;1;-6.03;0.327332219;5
22.4;1;-6.06;0.343496118;5
22.4;1;-6.09;0.301759326;5
22.4;1;-6.12;0.320594894;5
22.4;1;-6.15;0.295558691;5
22.4;1;-6.18;0.285270223;5
22.4;1;-6.21;0.346452753;5
22.4;1;-6.24;0.286224468;5
22.4;1;-6.27;0.285396509;5
22.4;1;-6.3;0.327188451;5
22.4;1;-6.33;0.268853513;5
22.4;1;-6.36;0.34435652;5
22.4;1;-6.39;0.300430422;5
22.4;1;-6.42;0.319430046;5
22.4;1;-6.45;0.253764238;5
22.4;1;-6.51;0.282143;6
22.4;1;-6.54;0.313183617;6
22.4;1;-6.57;0.343272647;6
22.4;1;-6.6;0.253983583;6
22.4;1;-6.63;0.310092148;6
22.4;1;-6.66;0.314354008;6
22.4;1;-6.69;0.27216978;6
22.4;1;-6.72;0.251077141;6
22.4;1;-6.75;0.289579054;6
22.4;1;-6.78;0.304390069;6
22.4;1;-6.81;0.297960696;6
22.4;1;-6.84;0.336757563;6
22.4;1;-6.87;0.291805439;6
22.4;1;-6.9;0.285196993;6
22.4;1;-6.93;0.284596947;6
22.4;1;-6.96;0.304604395;6
22.4;1;-6.99;0.251947809;6
22.4;1;-7.02;0.265790441;6
22.4;1;-7.05;0.308465909;6
22.4;1;-7.08;0.295374058;6
22.4;1;-7.11;0.346298043;6
22.4;1;-7.14;0.287802993;6
22.4;1;-7.17;0.31533903;6
22.4;1;-7.2;0.335803654;6
22.4;1;-7.23;0.267345746;6
22.4;1;-7.26;0.314309321;6
22.4;1;-7.29;0.349944943;6
22.4;1;-7.35;0.26442546;6
22.4;1;-7.38;0.30145309;6
22.4;1;-7.41;0.287095707;6
22.4;1;-7.44;0.290658554;6
22.4;1;-7.47;0.330171147;6
22.4;1;-7.5;0.276872488;6
22.4;1;-7.53;0.312389526;6
22.4;1;-7.56;0.284699684;6
22.4;1;-7.62;0.263028582;5
22.4;1;-7.65;0.255453659;5
22.4;1;-7.68;0.315028011;5
22.4;1;-7.71;0.282978539;5
22.4;1;-7.74;0.314405905;5
22.4;1;-7.77;0.267714394;5
22.4;1;-7.8;0.320429945;5
22.4;1;-7.83;0.262357005;5
22.4;1;-7.89;0.30519607;6
22.4;1;-7.92;0.285645366;6
22.4;1;-7.95;0.289097537;6
22.4;1;-7.98;0.344390008;6
22.4;1;-8.01;0.327628586;6
22.4;1;-8.04;0.302053286;6
22.4;1;-8.07;0.277665656;6
22.4;1;-8.1;0.259465265;6
22.4;1;-8.13;0.321642339;6
22.4;1;-8.16;0.261306644;6
22.4;1;-8.19;0.29075542;6
22.4;1;-8.22;0.347858007;6
22.4;1;-8.25;0.316541641;6
22.4;1;-8.28;0.280989384;6
22.4;1;-8.31;0.261595623;6
22.4;1;-8.34;0.310591515;6
22.4;1;-8.37;0.292812577;6
22.4;1;-8.4;0.332325202;6
22.4;1;-8.43;0.31007721;6
22.4;1;-8.46;0.274073941;6
22.4;1;-8.49;0.26081625;6
22.4;1;-8.52;0.274138331;6
22.4;1;-8.55;0.316358905;6
22.4;1;-8.58;0.314551122;6
22.4;1;-8.61;0.305655727;6
22.4;1;-8.64;0.341917936;6
22.4;1;-8.67;0.318991565;6
22.4;1;-8.82;0.431193159;3
22.4;1;-8.85;0.416249175;3
22.4;1;-8.88;0.412462094;3
22.4;1;-8.91;0.468629142;3
22.4;1;-8.94;0.411005867;3
22.4;1;-8.97;0.471562719;3
22.4;1;-9;0.44377417;3
22.4;1;-9.03;0.409367345;3
22.4;1;-9.06;0.404490804;3
22.4;1;-9.09;0.422953062;3
22.4;1;-9.12;0.411198584;3
22.4;1;-9.15;0.415191484;3
22.4;1;-9.21;0.467247676;4
22.4;1;-9.24;0.48678288;4
22.4;1;-9.27;0.455860561;4
22.4;1;-9.3;0.405530368;4
22.4;1;-9.33;0.434633154;4
22.4;1;-9.36;0.432304321;4
22.4;1;-9.39;0.464231498;4
22.4;1;-9.42;0.428083276;4
22.4;1;-9.48;0.25728597;6
22.4;1;-9.51;0.348691203;6
22.4;1;-9.54;0.307814028;6
22.4;1;-9.57;0.265076841;6
22.4;1;-9.6;0.287307877;6
22.4;1;-9.63;0.300351183;6
22.4;1;-9.66;0.333944653;6
22.4;1;-9.69;0.331431845;6
22.4;1;-9.72;0.268858586;6
22.4;1;-9.75;0.285676038;6
22.4;1;-9.78;0.263989241;6
22.4;1;-9.81;0.298102608;6
22.4;1;-9.84;0.313763172;6
22.4;1;-9.87;0.291233104;6
22.4;1;-9.9;0.286051698;6
22.4;1;-9.93;0.324606195;6
22.4;1;-9.96;0.280543313;6
22.4;1;-9.99;0.344950425;6
22.4;1;-10.02;0.285641966;6
22.4;1;-10.05;0.348272876;6
22.4;1;-10.08;0.349153777;6
22.4;1;-10.14;0.432299956;4
22.4;1;-10.17;0.480735858;4
22.4;1;-10.2;0.434643855;4
22.4;1;-10.23;0.418152546;4
22.4;1;-10.26;0.496218275;4
22.4;1;-10.29;0.491314623;4
22.4;1;-10.32;0.488895401;4
22.4;1;-10.35;0.424305925;4
22.4;1;-10.38;0.443621469;4
22.4;1;-10.41;0.488786729;4
22.4;1;-10.44;0.43993827;4
22.4;1;-10.47;0.432899059;4
22.4;1;-10.5;0.477345372;4
22.4;1;-10.68;0.298052259;6
22.4;1;-10.71;0.266824054;6
22.4;1;-10.74;0.25967614;6
22.4;1;-10.77;0.334690057;6
22.4;1;-10.8;0.289063915;6
22.4;1;-10.83;0.253707408;6
22.4;1;-10.86;0.26354782;6
22.4;1;-10.89;0.332598493;6
22.4;1;-10.92;0.289763199;6
22.4;1;-10.95;0.337631972;6
22.4;1;-10.98;0.261122959;6
22.4;1;-11.01;0.304302412;6
22.4;1;-11.04;0.326283906;6
22.4;1;-11.07;0.326603136;6
22.4;1;-11.1;0.269248385;6
22.4;1;-11.13;0.295104689;6
22.4;1;-11.16;0.255250298;6
22.4;1;-11.22;0.321718336;6
22.4;1;-11.25;0.25896374;6
22.4;1;-11.28;0.32344541;6
22.4;1;-11.31;0.338440731;6
22.4;1;-11.34;0.25377576;6
22.4;1;-11.37;0.315928234;6
22.4;1;-11.4;0.309083983;6
22.4;1;-11.43;0.314179119;6
22.4;1;-11.46;0.290588926;6
22.4;1;-11.49;0.300384662;6
22.4;1;-11.52;0.347924343;6
22.4;1;-11.55;0.346660001;6
22.4;1;-11.58;0.303953469;6
22.4;1;-11.61;0.27217612;6
22.4;1;-11.64;0.321210559;6
22.4;1;-11.67;0.279042272;6
22.4;1;-11.7;0.341752675;6
22.4;1;-11.73;0.341185263;6
22.4;1;-11.79;0.300299403;7
22.4;1;-11.82;0.322555451;7
22.4;1;-11.85;0.307432665;7
22.4;1;-11.88;0.317415643;7
22.4;1;-11.91;0.317439467;7
22.4;1;-11.94;0.301073456;7
22.4;1;-11.97;0.324203868;7
22.4;1;-12;0.338964707;7
22.4;1;-12.03;0.344665318;7
22.4;1;-12.06;0.304795433;7
22.4;1;-12.09;0.326557153;7
22.4;1;-12.12;0.326220613;7
22.4;1;-12.15;0.310873433;7
22.4;1;-12.18;0.318175865;7
22.4;1;-12.21;0.318659923;7
22.4;1;-12.24;0.346589952;7
22.4;1;-12.27;0.329400304;7
22.4;1;-12.3;0.347541486;7
22.4;1;-12.33;0.337940467;7
22.4;1;-12.36;0.310429958;7
22.4;1;-12.42;0.317436699;7
22.4;1;-12.45;0.304101471;7
22.4;1;-12.48;0.346004131;7
22.4;1;-12.51;0.302537581;7
22.4;1;-12.54;0.347386902;7
22.4;1;-12.57;0.306355366;7
22.4;1;-12.6;0.311153118;7
22.4;1;-12.63;0.336211825;7
22.4;1;-12.66;0.307879216;7
22.4;1;-12.69;0.321730868;7
22.4;1;-12.75;0.408115906;3
22.4;1;-12.78;0.478606539;3
22.4;1;-12.81;0.416612977;3
22.4;1;-12.84;0.428858868;3
22.4;1;-12.87;0.480960411;3
22.4;1;-12.9;0.482302686;3
22.4;1;-12.93;0.428829199;3
22.4;1;-12.96;0.44513454;3
22.4;1;-12.99;0.400490845;3
22.4;1;-13.02;0.436533334;3
22.4;1;-13.05;0.481398907;3
22.4;1;-13.08;0.423478934;3
22.4;1;-13.11;0.110823042;8
22.4;1;-13.14;0.118146929;8
22.4;1;-13.17;0.112482168;8
22.4;1;-13.2;0.117993612;8
22.4;1;-13.23;0.146557862;8
22.4;1;-13.26;0.141608186;8
22.4;1;-13.29;0.140530864;8
22.4;1;-13.32;0.10767303;8
22.4;1;-13.35;0.129148104;8
22.4;1;-13.38;0.142580835;8
22.4;1;-13.41;0.13759714;8
22.4;1;-13.44;0.110089929;8
22.4;1;-13.47;0.120263547;8
22.4;1;-13.5;0.105229721;8
22.4;1;-13.53;0.106613605;8
22.4;1;-13.56;0.108461128;8
22.4;1;-13.59;0.108796769;8
22.4;1;-13.62;0.128224073;8
22.4;1;-13.65;0.148064152;8
22.4;1;-13.68;0.127329531;8
22.4;1;-13.71;0.111714034;8
22.4;1;-13.74;0.108683096;8
22.4;1;-13.77;0.124311702;8
22.4;1;-13.8;0.100061405;8
22.4;1;-13.83;0.102751419;8
22.4;1;-13.86;0.149814319;8
22.4;1;-13.89;0.100088814;8
22.4;1;-13.92;0.118947331;8
22.4;1;-13.95;0.108595249;8
22.4;1;-13.98;0.143538931;8
22.4;1;-14.01;0.149575201;8
22.4;1;-14.04;0.144633355;8
22.4;1;-14.07;0.143389119;8
22.4;1;-14.1;0.136973602;8
22.4;1;-14.13;0.104211142;8
22.4;1;-14.16;0.115736857;8
22.4;1;-14.19;0.121364132;8
22.4;1;-14.22;0.147737464;8
22.4;1;-14.25;0.113281911;8
22.4;1;-14.28;0.120976042;8
22.4;1;-14.31;0.112104671;8
22.4;1;-14.34;0.118688838;8
22.4;1;-14.37;0.117316356;8
22.4;1;-14.4;0.117191228;8
22.4;1;-14.43;0.138588618;8
22.4;1;-14.46;0.1072225;8
22.4;1;-14.49;0.129938815;8
22.4;1;-14.52;0.132605727;8
22.4;1;-14.55;0.120067229;8
22.4;1;-14.58;0.145017188;8
22.4;1;-14.61;0.10924226;8
22.4;1;-14.64;0.132594017;8
22.4;1;-14.67;0.109009016;8
22.4;1;-14.7;0.100569569;8
22.4;1;-14.73;0.107051942;8
22.4;1;-14.76;0.137829839;8
22.4;1;-14.79;0.129280951;8
22.4;1;-14.82;0.1227083;8
22.4;1;-14.85;0.110818514;8
22.4;1;-14.88;0.116272928;8
22.4;1;-14.91;0.118892323;8
22.4;1;-14.94;0.138633809;8
22.4;1;-14.97;0.123516024;8
22.4;1;-15;0.142361633;8
31.5;1;-0.1;0.307854605;1
31.5;1;-0.2;0.335577508;1
31.5;1;-0.3;0.417015559;1
31.5;1;-0.4;0.395361291;1
31.5;1;-0.5;0.322196173;1
31.5;1;-0.6;0.483209041;1
31.5;1;-0.7;0.598142479;1
31.5;1;-0.8;0.524450105;1
31.5;1;-1.47;0.488382683;2
31.5;1;-1.5;0.446318985;2
31.5;1;-1.53;0.43357506;2
31.5;1;-1.56;0.499871942;2
31.5;1;-1.59;0.46253146;2
31.5;1;-1.62;0.464395886;2
31.5;1;-1.65;0.445131498;2
31.5;1;-1.68;0.462959195;2
31.5;1;-1.71;0.463388234;2
31.5;1;-1.74;0.439325718;2
31.5;1;-1.77;0.434777531;2
31.5;1;-1.8;0.41234209;2
31.5;1;-1.83;0.43169718;2
31.5;1;-1.86;0.493708971;2
31.5;1;-1.89;0.449764306;2
31.5;1;-1.92;0.400993759;2
31.5;1;-1.98;0.425336688;3
31.5;1;-2.01;0.458230329;3
31.5;1;-2.04;0.414048463;3
31.5;1;-2.07;0.411902139;3
31.5;1;-2.1;0.462418307;3
31.5;1;-2.13;0.440249731;3
31.5;1;-2.16;0.477738296;3
31.5;1;-2.19;0.419065829;3
31.5;1;-2.22;0.480201078;3
31.5;1;-2.25;0.403528664;3
31.5;1;-2.28;0.493516737;3
31.5;1;-2.31;0.418970626;3
31.5;1;-2.34;0.463834705;3
31.5;1;-2.37;0.448276416;3
31.5;1;-2.4;0.481446593;3
31.5;1;-2.43;0.444735238;3
31.5;1;-2.46;0.421645531;3
31.5;1;-2.49;0.489938211;3
31.5;1;-2.52;0.426888314;3
31.5;1;-2.55;0.402676521;3
31.5;1;-2.58;0.426659594;3
31.5;1;-2.61;0.472048799;3
31.5;1;-2.67;0.443421225;4
31.5;1;-2.7;0.415563989;4
31.5;1;-2.73;0.473579741;4
31.5;1;-2.76;0.430443471;4
31.5;1;-2.79;0.452939618;4
31.5;1;-2.82;0.478689549;4
31.5;1;-2.85;0.40258092;4
31.5;1;-2.88;0.479560027;4
31.5;1;-2.91;0.490210406;4
31.5;1;-2.94;0.423360607;4
31.5;1;-2.97;0.460762564;4
31.5;1;-3;0.482427324;4
31.5;1;-3.03;0.460203161;4
31.5;1;-3.06;0.401089831;4
31.5;1;-3.09;0.409928328;4
31.5;1;-3.12;0.459893287;4
31.5;1;-3.15;0.417196046;4
31.5;1;-3.18;0.473283255;4
31.5;1;-3.21;0.47683689;4
31.5;1;-3.36;0.465414782;3
31.5;1;-3.39;0.458435223;3
31.5;1;-3.42;0.458804208;3
31.5;1;-3.45;0.493602222;3
31.5;1;-3.48;0.484268753;3
31.5;1;-3.51;0.465981024;3
31.5;1;-3.54;0.470235364;3
31.5;1;-3.57;0.478783209;3
31.5;1;-3.6;0.440108876;3
31.5;1;-3.63;0.493650616;3
31.5;1;-3.66;0.473926853;3
31.5;1;-3.69;0.430042047;3
31.5;1;-3.75;0.478311871;4
31.5;1;-3.78;0.481469921;4
31.5;1;-3.81;0.493732963;4
31.5;1;-3.84;0.486873509;4
31.5;1;-3.87;0.482079805;4
31.5;1;-3.9;0.481568748;4
31.5;1;-3.93;0.401556853;4
31.5;1;-3.96;0.414931307;4
31.5;1;-3.99;0.454771612;4
31.5;1;-4.02;0.451772603;4
31.5;1;-4.05;0.406468131;4
31.5;1;-4.08;0.468884516;4
31.5;1;-4.14;0.2903098;6
31.5;1;-4.17;0.331950093;6
31.5;1;-4.2;0.278123802;6
31.5;1;-4.23;0.26991562;6
31.5;1;-4.29;0.431594571;4
31.5;1;-4.32;0.406404163;4
31.5;1;-4.35;0.471723364;4
31.5;1;-4.38;0.402526797;4
31.5;1;-4.41;0.455857445;4
31.5;1;-4.44;0.405919501;4
31.5;1;-4.47;0.436239124;4
31.5;1;-4.5;0.440417441;4
31.5;1;-4.53;0.466066793;4
31.5;1;-4.56;0.42382209;4
31.5;1;-4.59;0.448906543;4
31.5;1;-4.65;0.304046109;6
31.5;1;-4.68;0.271671956;6
31.5;1;-4.71;0.284178773;6
31.5;1;-4.74;0.292319914;6
31.5;1;-4.77;0.316753697;6
31.5;1;-4.8;0.250138522;6
31.5;1;-4.83;0.279446445;6
31.5;1;-4.89;0.426334475;4
31.5;1;-4.92;0.400063722;4
31.5;1;-4.95;0.403768339;4
31.5;1;-4.98;0.422770585;4
31.5;1;-5.01;0.413204552;4
31.5;1;-5.04;0.455353868;4
31.5;1;-5.1;0.292257589;6
31.5;1;-5.13;0.327938434;6
31.5;1;-5.16;0.320326772;6
31.5;1;-5.19;0.29875324;6
31.5;1;-5.22;0.33572926;6
31.5;1;-5.25;0.322817159;6
31.5;1;-5.28;0.323454267;6
31.5;1;-5.31;0.281989604;6
31.5;1;-5.34;0.340331178;6
31.5;1;-5.37;0.347019438;6
31.5;1;-5.4;0.343029733;6
31.5;1;-5.43;0.329713594;6
31.5;1;-5.46;0.338430213;6
31.5;1;-5.49;0.294140539;6
31.5;1;-5.52;0.30525208;6
31.5;1;-5.55;0.314147499;6
31.5;1;-5.58;0.341536124;6
31.5;1;-5.61;0.265799752;6
31.5;1;-5.64;0.330210205;6
31.5;1;-5.67;0.251726692;6
31.5;1;-5.73;0.277933865;6
31.5;1;-5.76;0.34577396;6
31.5;1;-5.79;0.279032673;6
31.5;1;-5.82;0.254044488;6
31.5;1;-5.85;0.327563862;6
31.5;1;-5.88;0.316791661;6
31.5;1;-5.91;0.344829316;6
31.5;1;-5.94;0.324179035;6
31.5;1;-5.97;0.258502115;6
31.5;1;-6.03;0.307113681;5
31.5;1;-6.06;0.316082354;5
31.5;1;-6.09;0.284929745;5
31.5;1;-6.12;0.250380146;5
31.5;1;-6.15;0.28796429;5
31.5;1;-6.18;0.293923388;5
31.5;1;-6.21;0.284102302;5
31.5;1;-6.24;0.328627271;5
31.5;1;-6.27;0.287259066;5
31.5;1;-6.3;0.30843561;5
31.5;1;-6.33;0.313757288;5
31.5;1;-6.36;0.280201074;5
31.5;1;-6.39;0.312340182;5
31.5;1;-6.45;0.288641595;6
31.5;1;-6.48;0.311330732;6
31.5;1;-6.51;0.331269899;6
31.5;1;-6.54;0.283508366;6
31.5;1;-6.57;0.295891926;6
31.5;1;-6.6;0.338654814;6
31.5;1;-6.63;0.319084244;6
31.5;1;-6.66;0.302522221;6
31.5;1;-6.69;0.349263771;6
31.5;1;-6.72;0.250308505;6
31.5;1;-6.75;0.331540888;6
31.5;1;-6.78;0.253223359;6
31.5;1;-6.81;0.293286063;6
31.5;1;-6.84;0.321289075;6
31.5;1;-6.87;0.345533886;6
31.5;1;-6.9;0.325446725;6
31.5;1;-6.93;0.341842266;6
31.5;1;-6.96;0.30447014;6
31.5;1;-6.99;0.273811426;6
31.5;1;-7.02;0.312565155;6
31.5;1;-7.05;0.295781455;6
31.5;1;-7.08;0.336900985;6
31.5;1;-7.11;0.297281327;6
31.5;1;-7.14;0.276451778;6
31.5;1;-7.17;0.271861852;6
31.5;1;-7.2;0.272554651;6
31.5;1;-7.23;0.301359;6
31.5;1;-7.26;0.348226066;6
31.5;1;-7.29;0.317842326;6
31.5;1;-7.32;0.326860145;6
31.5;1;-7.35;0.300178727;6
31.5;1;-7.38;0.340000311;6
31.5;1;-7.44;0.488306608;3
31.5;1;-7.47;0.447156854;3
31.5;1;-7.5;0.423295933;3
31.5;1;-7.53;0.439358916;3
31.5;1;-7.56;0.458026076;3
31.5;1;-7.59;0.441817015;3
31.5;1;-7.62;0.408183457;3
31.5;1;-7.65;0.435374568;3
31.5;1;-7.68;0.419146675;3
31.5;1;-7.71;0.420160189;3
31.5;1;-7.74;0.460505106;3
31.5;1;-7.77;0.468957601;3
31.5;1;-7.8;0.434097054;3
31.5;1;-7.83;0.426631886;3
31.5;1;-7.86;0.496087511;3
31.5;1;-7.89;0.49018674;3
31.5;1;-7.92;0.498997631;3
31.5;1;-7.95;0.408554302;3
31.5;1;-7.98;0.405503251;3
31.5;1;-8.01;0.461033561;3
31.5;1;-8.04;0.467845565;3
31.5;1;-8.07;0.474083817;3
31.5;1;-8.1;0.472008966;3
31.5;1;-8.13;0.410376606;3
31.5;1;-8.16;0.437304272;3
31.5;1;-8.19;0.469543498;3
31.5;1;-8.22;0.462105458;3
31.5;1;-8.25;0.422680242;3
31.5;1;-8.28;0.493488255;3
31.5;1;-8.31;0.438881685;3
31.5;1;-8.34;0.407254504;3
31.5;1;-8.37;0.427882333;3
31.5;1;-8.4;0.447793736;3
31.5;1;-8.43;0.492858391;3
31.5;1;-8.46;0.454694607;3
31.5;1;-8.49;0.412430439;3
31.5;1;-8.52;0.496088204;3
31.5;1;-8.55;0.429841668;3
31.5;1;-8.58;0.487742764;3
31.5;1;-8.61;0.413321071;3
31.5;1;-8.67;0.44766359;4
31.5;1;-8.7;0.41556007;4
31.5;1;-8.73;0.443819904;4
31.5;1;-8.76;0.425493027;4
31.5;1;-8.79;0.446649332;4
31.5;1;-8.82;0.434615649;4
31.5;1;-8.85;0.411578307;4
31.5;1;-8.88;0.48447482;4
31.5;1;-8.91;0.451289401;4
31.5;1;-8.94;0.417324347;4
31.5;1;-9;0.273936043;6
31.5;1;-9.03;0.289539068;6
31.5;1;-9.06;0.278455363;6
31.5;1;-9.09;0.31909165;6
31.5;1;-9.12;0.250942552;6
31.5;1;-9.15;0.251007313;6
31.5;1;-9.18;0.27876514;6
31.5;1;-9.21;0.335870616;6
31.5;1;-9.24;0.282008351;6
31.5;1;-9.27;0.27262677;6
31.5;1;-9.3;0.32906608;6
31.5;1;-9.33;0.347946358;6
31.5;1;-9.36;0.327280098;6
31.5;1;-9.39;0.262182166;6
31.5;1;-9.42;0.257857796;6
31.5;1;-9.45;0.347340063;6
31.5;1;-9.48;0.253654622;6
31.5;1;-9.51;0.259192716;6
31.5;1;-9.54;0.254302135;6
31.5;1;-9.57;0.343278756;6
31.5;1;-9.6;0.257309308;6
31.5;1;-9.63;0.282042303;6
31.5;1;-9.66;0.287629391;6
31.5;1;-9.69;0.324558968;6
31.5;1;-9.72;0.271800723;6
31.5;1;-9.75;0.295662931;6
31.5;1;-9.78;0.294058724;6
31.5;1;-9.81;0.305388379;6
31.5;1;-9.87;0.407833546;4
31.5;1;-9.9;0.434961135;4
31.5;1;-9.93;0.454342275;4
31.5;1;-9.96;0.444143839;4
31.5;1;-9.99;0.423949705;4
31.5;1;-10.02;0.43864985;4
31.5;1;-10.05;0.470586272;4
31.5;1;-10.08;0.4739353;4
31.5;1;-10.11;0.499712849;4
31.5;1;-10.14;0.49247278;4
31.5;1;-10.17;0.419648022;4
31.5;1;-10.2;0.49638762;4
31.5;1;-10.23;0.444384393;4
31.5;1;-10.26;0.410824938;4
31.5;1;-10.29;0.440268631;4
31.5;1;-10.32;0.484269543;4
31.5;1;-10.35;0.492714231;4
31.5;1;-10.38;0.434856375;4
31.5;1;-10.41;0.492045427;4
31.5;1;-10.44;0.447381922;4
31.5;1;-10.47;0.489237608;4
31.5;1;-10.5;0.468740481;4
31.5;1;-10.53;0.417171211;4
31.5;1;-10.56;0.488754484;4
31.5;1;-10.59;0.46493759;4
31.5;1;-10.62;0.453633891;4
31.5;1;-10.65;0.429517956;4
31.5;1;-10.71;0.252867902;6
31.5;1;-10.74;0.305498882;6
31.5;1;-10.77;0.306888673;6
31.5;1;-10.8;0.303429917;6
31.5;1;-10.83;0.303187602;6
31.5;1;-10.86;0.332183949;6
31.5;1;-10.89;0.307478845;6
31.5;1;-10.92;0.307182883;6
31.5;1;-10.95;0.342250247;6
31.5;1;-11.1;0.256575695;6
31.5;1;-11.13;0.281348142;6
31.5;1;-11.16;0.303443389;6
31.5;1;-11.19;0.313023043;6
31.5;1;-11.22;0.320803659;6
31.5;1;-11.25;0.31753929;6
31.5;1;-11.28;0.287957897;6
31.5;1;-11.31;0.325378394;6
31.5;1;-11.34;0.30904559;6
31.5;1;-11.37;0.342940748;6
31.5;1;-11.4;0.332513462;6
31.5;1;-11.43;0.317566411;6
31.5;1;-11.46;0.254035466;6
31.5;1;-11.52;0.32023526;6
31.5;1;-11.55;0.292732495;6
31.5;1;-11.58;0.276781288;6
31.5;1;-11.61;0.32232039;6
31.5;1;-11.64;0.345572337;6
31.5;1;-11.67;0.257377077;6
31.5;1;-11.7;0.340030601;6
31.5;1;-11.73;0.264978492;6
31.5;1;-11.76;0.331976045;6
31.5;1;-11.79;0.250468703;6
31.5;1;-11.82;0.281301171;6
31.5;1;-11.85;0.317414665;6
31.5;1;-11.88;0.261746321;6
31.5;1;-11.91;0.329497792;6
31.5;1;-11.97;0.316049777;7
31.5;1;-12;0.337594791;7
31.5;1;-12.03;0.303683758;7
31.5;1;-12.06;0.346037866;7
31.5;1;-12.09;0.309221161;7
31.5;1;-12.12;0.311303055;7
31.5;1;-12.15;0.305395793;7
31.5;1;-12.18;0.306777404;7
31.5;1;-12.21;0.321828628;7
31.5;1;-12.27;0.300899096;7
31.5;1;-12.3;0.325854098;7
31.5;1;-12.33;0.300379752;7
31.5;1;-12.36;0.307289539;7
31.5;1;-12.39;0.322567868;7
31.5;1;-12.45;0.468140504;3
31.5;1;-12.48;0.492205833;3
31.5;1;-12.51;0.452150702;3
31.5;1;-12.54;0.416638973;3
31.5;1;-12.57;0.458404922;3
31.5;1;-12.6;0.433476232;3
31.5;1;-12.63;0.499078208;3
31.5;1;-12.66;0.100806547;8
31.5;1;-12.69;0.10983693;8
31.5;1;-12.72;0.122751561;8
31.5;1;-12.75;0.104508191;8
31.5;1;-12.78;0.100698372;8
31.5;1;-12.81;0.147992125;8
31.5;1;-12.84;0.136181854;8
31.5;1;-12.87;0.131407963;8
31.5;1;-12.9;0.105261747;8
31.5;1;-12.93;0.111639486;8
31.5;1;-12.96;0.140871338;8
31.5;1;-12.99;0.136784908;8
31.5;1;-13.02;0.132649031;8
31.5;1;-13.05;0.149730328;8
31.5;1;-13.08;0.100857576;8
31.5;1;-13.11;0.130322202;8
31.5;1;-13.14;0.123685214;8
31.5;1;-13.17;0.111562152;8
31.5;1;-13.2;0.101811296;8
31.5;1;-13.23;0.139448741;8
31.5;1;-13.26;0.144405628;8
31.5;1;-13.29;0.12233503;8
31.5;1;-13.32;0.132537904;8
31.5;1;-13.35;0.14286668;8
31.5;1;-13.38;0.131403052;8
31.5;1;-13.41;0.11540975;8
31.5;1;-13.44;0.106080873;8
31.5;1;-13.47;0.119018081;8
31.5;1;-13.5;0.120912221;8
31.5;1;-13.53;0.142258542;8
31.5;1;-13.56;0.111855155;8
31.5;1;-13.59;0.116121978;8
31.5;1;-13.62;0.137687802;8
31.5;1;-13.65;0.14333267;8
31.5;1;-13.68;0.136232759;8
31.5;1;-13.71;0.121887116;8
31.5;1;-13.74;0.14179028;8
31.5;1;-13.77;0.103909227;8
31.5;1;-13.8;0.113222635;8
31.5;1;-13.83;0.129783027;8
31.5;1;-13.86;0.108724464;8
31.5;1;-13.89;0.114079024;8
31.5;1;-13.92;0.110379448;8
31.5;1;-13.95;0.125758522;8
31.5;1;-13.98;0.117719757;8
31.5;1;-14.01;0.146616021;8
31.5;1;-14.04;0.142564965;8
31.5;1;-14.07;0.131848794;8
31.5;1;-14.1;0.112856708;8
31.5;1;-14.13;0.143159565;8
31.5;1;-14.16;0.125176067;8
31.5;1;-14.19;0.112604607;8
31.5;1;-14.22;0.137853402;8
31.5;1;-14.25;0.138854917;8
31.5;1;-14.28;0.106462132;8
31.5;1;-14.31;0.102874355;8
31.5;1;-14.34;0.130160928;8
31.5;1;-14.37;0.129859101;8
31.5;1;-14.4;0.116619988;8
31.5;1;-14.43;0.128501354;8
31.5;1;-14.46;0.132970053;8
31.5;1;-14.49;0.131967277;8
31.5;1;-14.52;0.142907027;8
31.5;1;-14.55;0.11921344;8
31.5;1;-14.58;0.143046016;8
31.5;1;-14.61;0.121214441;8
31.5;1;-14.64;0.143523751;8
31.5;1;-14.67;0.13836506;8
31.5;1;-14.7;0.140919475;8
31.5;1;-14.73;0.101529464;8
31.5;1;-14.76;0.11036344;8
31.5;1;-14.79;0.14805825;8
31.5;1;-14.82;0.131774656;8
31.5;1;-14.85;0.113940658;8
31.5;1;-14.88;0.120816517;8
31.5;1;-14.91;0.132392599;8
31.5;1;-14.94;0.144231168;8
31.5;1;-14.97;0.106466981;8
31.5;1;-15;0.134487116;8
37;1;-0.1;0.595150252;1
37;1;-0.2;0.620505118;1
37;1;-0.3;0.40364294;1
37;1;-0.4;0.513560866;1
37;1;-0.5;0.774702154;1
37;1;-0.6;0.726640967;1
37;1;-1.02;0.41490578;2
37;1;-1.05;0.470549942;2
37;1;-1.08;0.493769605;2
37;1;-1.11;0.48988812;2
37;1;-1.14;0.41901263;2
37;1;-1.17;0.451869363;2
37;1;-1.2;0.469891083;2
37;1;-1.23;0.40673898;2
37;1;-1.26;0.450344649;2
37;1;-1.29;0.446463889;2
37;1;-1.32;0.460482637;2
37;1;-1.35;0.474668853;2
37;1;-1.38;0.416727572;2
37;1;-1.41;0.414985587;2
37;1;-1.44;0.44229518;2
37;1;-1.47;0.478770244;2
37;1;-1.53;0.43336378;3
37;1;-1.56;0.472949151;3
37;1;-1.59;0.47013641;3
37;1;-1.62;0.411266257;3
37;1;-1.65;0.425333945;3
37;1;-1.68;0.405193798;3
37;1;-1.71;0.463485329;3
37;1;-1.74;0.467766887;3
37;1;-1.77;0.437490055;3
37;1;-1.8;0.491415243;3
37;1;-1.83;0.495163485;3
37;1;-1.86;0.423591821;3
37;1;-1.89;0.455979938;3
37;1;-1.92;0.423489114;3
37;1;-1.98;0.44425177;4
37;1;-2.01;0.420947798;4
37;1;-2.04;0.425789711;4
37;1;-2.07;0.400977928;4
37;1;-2.1;0.401661468;4
37;1;-2.13;0.413686403;4
37;1;-2.16;0.444834647;4
37;1;-2.19;0.416494103;4
37;1;-2.22;0.457033203;4
37;1;-2.25;0.441143188;4
37;1;-2.28;0.473874734;4
37;1;-2.31;0.439926352;4
37;1;-2.34;0.473200617;4
37;1;-2.37;0.430663805;4
37;1;-2.4;0.433176796;4
37;1;-2.46;0.477942284;3
37;1;-2.49;0.45379101;3
37;1;-2.52;0.465295458;3
37;1;-2.55;0.496243;3
37;1;-2.58;0.400494251;3
37;1;-2.61;0.465271475;3
37;1;-2.64;0.436698574;3
37;1;-2.67;0.401242747;3
37;1;-2.7;0.449728397;3
37;1;-2.73;0.46124597;3
37;1;-2.79;0.405804364;3
37;1;-2.82;0.437201399;3
37;1;-2.85;0.478667859;3
37;1;-2.88;0.440075941;3
37;1;-2.91;0.494604874;3
37;1;-2.94;0.450342701;3
37;1;-2.97;0.403856294;3
37;1;-3;0.444625266;3
37;1;-3.03;0.433912113;3
37;1;-3.06;0.464609812;3
37;1;-3.09;0.414391125;3
37;1;-3.12;0.409571692;3
37;1;-3.15;0.497218285;3
37;1;-3.18;0.437653013;3
37;1;-3.21;0.464347067;3
37;1;-3.24;0.403728017;3
37;1;-3.27;0.462310787;3
37;1;-3.3;0.42926869;3
37;1;-3.33;0.486335571;3
37;1;-3.36;0.450808875;3
37;1;-3.39;0.495982783;3
37;1;-3.45;0.321723909;6
37;1;-3.48;0.321205777;6
37;1;-3.51;0.323425918;6
37;1;-3.54;0.322374983;6
37;1;-3.57;0.308297925;6
37;1;-3.6;0.329724865;6
37;1;-3.63;0.349346746;6
37;1;-3.66;0.28694439;6
37;1;-3.69;0.316777797;6
37;1;-3.72;0.329805365;6
37;1;-3.75;0.256976689;6
37;1;-3.78;0.259891998;6
37;1;-3.81;0.320629034;6
37;1;-3.84;0.257086526;6
37;1;-3.87;0.33034096;6
37;1;-3.9;0.280624253;6
37;1;-3.93;0.299949964;6
37;1;-3.96;0.336780762;6
37;1;-3.99;0.273340841;6
37;1;-4.02;0.313199538;6
37;1;-4.05;0.255398219;6
37;1;-4.08;0.316257382;6
37;1;-4.11;0.286429648;6
37;1;-4.14;0.269309884;6
37;1;-4.17;0.301619466;6
37;1;-4.2;0.28907116;6
37;1;-4.23;0.285684862;6
37;1;-4.26;0.303882039;6
37;1;-4.29;0.256346619;6
37;1;-4.32;0.279860987;6
37;1;-4.35;0.265345107;6
37;1;-4.38;0.330254591;6
37;1;-4.41;0.298783872;6
37;1;-4.44;0.328763181;6
37;1;-4.47;0.265319818;6
37;1;-4.5;0.339455367;6
37;1;-4.53;0.340612737;6
37;1;-4.56;0.296803126;6
37;1;-4.68;0.337612399;6
37;1;-4.71;0.258332086;6
37;1;-4.74;0.300143771;6
37;1;-4.77;0.34679249;6
37;1;-4.8;0.268045597;6
37;1;-4.83;0.34106282;6
37;1;-4.86;0.253691721;6
37;1;-4.89;0.294165515;6
37;1;-4.92;0.323763654;6
37;1;-4.95;0.347269985;6
37;1;-4.98;0.315261414;6
37;1;-5.01;0.301934648;6
37;1;-5.04;0.268713978;6
37;1;-5.07;0.333888925;6
37;1;-5.1;0.338617892;6
37;1;-5.16;0.496574782;3
37;1;-5.19;0.484458049;3
37;1;-5.22;0.465605231;3
37;1;-5.25;0.474160182;3
37;1;-5.28;0.474727268;3
37;1;-5.31;0.458979659;3
37;1;-5.34;0.470691563;3
37;1;-5.37;0.466521457;3
37;1;-5.4;0.464560491;3
37;1;-5.43;0.400652444;3
37;1;-5.49;0.412260013;4
37;1;-5.55;0.255817882;6
37;1;-5.58;0.323033726;6
37;1;-5.61;0.346398344;6
37;1;-5.64;0.322564013;6
37;1;-5.67;0.340416297;6
37;1;-5.7;0.289199946;6
37;1;-5.73;0.34008397;6
37;1;-5.76;0.296176184;6
37;1;-5.79;0.304802144;6
37;1;-5.82;0.288718536;6
37;1;-5.85;0.316800077;6
37;1;-5.88;0.288730522;6
37;1;-5.91;0.280211221;6
37;1;-5.94;0.25770237;6
37;1;-5.97;0.260114189;6
37;1;-6;0.320002385;6
37;1;-6.03;0.256625871;6
37;1;-6.06;0.294330245;6
37;1;-6.09;0.338747413;6
37;1;-6.12;0.299191221;6
37;1;-6.15;0.29988674;6
37;1;-6.18;0.335804813;6
37;1;-6.21;0.318353436;6
37;1;-6.24;0.277062196;6
37;1;-6.27;0.258377317;6
37;1;-6.3;0.33370208;6
37;1;-6.33;0.259153107;6
37;1;-6.36;0.271902326;6
37;1;-6.39;0.282030491;6
37;1;-6.45;0.346318257;6
37;1;-6.48;0.272691175;6
37;1;-6.51;0.266778532;6
37;1;-6.54;0.287240069;6
37;1;-6.57;0.318775724;6
37;1;-6.6;0.317439634;6
37;1;-6.63;0.259129528;6
37;1;-6.66;0.305630849;6
37;1;-6.69;0.341232458;6
37;1;-6.75;0.304634808;6
37;1;-6.78;0.343727119;6
37;1;-6.81;0.25999373;6
37;1;-6.84;0.272369917;6
37;1;-6.87;0.336134634;6
37;1;-6.93;0.429055905;3
37;1;-6.96;0.40030668;3
37;1;-6.99;0.418950665;3
37;1;-7.02;0.411486157;3
37;1;-7.05;0.454711597;3
37;1;-7.08;0.474307934;3
37;1;-7.11;0.416541601;3
37;1;-7.14;0.471035425;3
37;1;-7.17;0.400611878;3
37;1;-7.2;0.475693081;3
37;1;-7.23;0.436784305;3
37;1;-7.26;0.478777069;3
37;1;-7.29;0.435515956;3
37;1;-7.32;0.408731514;3
37;1;-7.35;0.420519626;3
37;1;-7.38;0.489690169;3
37;1;-7.41;0.436585095;3
37;1;-7.44;0.406209781;3
37;1;-7.47;0.459849635;3
37;1;-7.5;0.498798773;3
37;1;-7.53;0.449633006;3
37;1;-7.56;0.436385278;3
37;1;-7.59;0.401840441;3
37;1;-7.62;0.477872462;3
37;1;-7.65;0.418330778;3
37;1;-7.68;0.423695722;3
37;1;-7.71;0.481372437;3
37;1;-7.74;0.465651249;3
37;1;-7.77;0.496507152;3
37;1;-7.8;0.403356661;3
37;1;-7.83;0.452183301;3
37;1;-7.86;0.484114789;3
37;1;-7.89;0.419962839;3
37;1;-7.92;0.412326594;3
37;1;-7.95;0.471018377;3
37;1;-7.98;0.473508981;3
37;1;-8.01;0.419799342;3
37;1;-8.04;0.452173094;3
37;1;-8.07;0.493917192;3
37;1;-8.1;0.471291003;3
37;1;-8.13;0.497611263;3
37;1;-8.16;0.420147005;3
37;1;-8.19;0.400937332;3
37;1;-8.22;0.444639289;3
37;1;-8.28;0.415669117;4
37;1;-8.31;0.456178731;4
37;1;-8.34;0.469863754;4
37;1;-8.37;0.435055687;4
37;1;-8.4;0.414211969;4
37;1;-8.43;0.407811952;4
37;1;-8.46;0.479825698;4
37;1;-8.49;0.40203285;4
37;1;-8.52;0.409051375;4
37;1;-8.55;0.438922059;4
37;1;-8.58;0.477961726;4
37;1;-8.61;0.48324523;4
37;1;-8.67;0.333753721;6
37;1;-8.7;0.278929423;6
37;1;-8.73;0.346036059;6
37;1;-8.76;0.282717796;6
37;1;-8.79;0.283916396;6
37;1;-8.82;0.270344674;6
37;1;-8.85;0.251957874;6
37;1;-8.88;0.262874832;6
37;1;-8.91;0.272621369;6
37;1;-8.94;0.329226493;6
37;1;-8.97;0.33117349;6
37;1;-9;0.327222017;6
37;1;-9.03;0.324201534;6
37;1;-9.06;0.27178129;6
37;1;-9.09;0.343467594;6
37;1;-9.12;0.337125113;6
37;1;-9.15;0.321420288;6
37;1;-9.18;0.267981583;6
37;1;-9.21;0.332362568;6
37;1;-9.24;0.268769117;6
37;1;-9.27;0.330493983;6
37;1;-9.3;0.347905141;6
37;1;-9.33;0.288622034;6
37;1;-9.36;0.308404115;6
37;1;-9.39;0.276725797;6
37;1;-9.42;0.347332473;6
37;1;-9.45;0.312495621;6
37;1;-9.48;0.340391647;6
37;1;-9.51;0.317585925;6
37;1;-9.54;0.325603463;6
37;1;-9.57;0.319142763;6
37;1;-9.6;0.3000137;6
37;1;-9.63;0.309545448;6
37;1;-9.69;0.457339165;4
37;1;-9.72;0.492765062;4
37;1;-9.75;0.473747846;4
37;1;-9.78;0.424402676;4
37;1;-9.81;0.400241337;4
37;1;-9.84;0.49303069;4
37;1;-9.87;0.498409167;4
37;1;-9.9;0.429429524;4
37;1;-9.93;0.473599632;4
37;1;-9.96;0.444890002;4
37;1;-9.99;0.442601761;4
37;1;-10.02;0.430058715;4
37;1;-10.05;0.470090041;4
37;1;-10.08;0.477746939;4
37;1;-10.11;0.408134697;4
37;1;-10.14;0.49423606;4
37;1;-10.17;0.462878218;4
37;1;-10.2;0.404686857;4
37;1;-10.23;0.457996393;4
37;1;-10.29;0.297826859;6
37;1;-10.32;0.305302376;6
37;1;-10.35;0.275553362;6
37;1;-10.38;0.281972281;6
37;1;-10.41;0.269145834;6
37;1;-10.44;0.279524173;6
37;1;-10.47;0.286995634;6
37;1;-10.5;0.265296706;6
37;1;-10.53;0.33082439;6
37;1;-10.56;0.336231539;6
37;1;-10.59;0.27599142;6
37;1;-10.62;0.33078654;6
37;1;-10.65;0.268549559;6
37;1;-10.68;0.287324561;6
37;1;-10.71;0.322028922;6
37;1;-10.74;0.345511511;6
37;1;-10.77;0.32306;6
37;1;-10.8;0.297419338;6
37;1;-10.83;0.257543462;6
37;1;-10.86;0.266381386;6
37;1;-10.89;0.316330421;6
37;1;-10.92;0.329578149;6
37;1;-10.95;0.346838098;6
37;1;-10.98;0.294383352;6
37;1;-11.01;0.325415988;6
37;1;-11.16;0.310849657;6
37;1;-11.19;0.275228609;6
37;1;-11.22;0.327374715;6
37;1;-11.25;0.336276721;6
37;1;-11.28;0.327878579;6
37;1;-11.31;0.319420685;6
37;1;-11.37;0.307192571;6
37;1;-11.4;0.295601925;6
37;1;-11.43;0.256365166;6
37;1;-11.46;0.285421736;6
37;1;-11.49;0.311232066;6
37;1;-11.52;0.343233387;6
37;1;-11.58;0.321749853;7
37;1;-11.61;0.300254711;7
37;1;-11.64;0.340460349;7
37;1;-11.67;0.312784998;7
37;1;-11.7;0.329886988;7
37;1;-11.73;0.32314256;7
37;1;-11.76;0.348016464;7
37;1;-11.79;0.307162883;7
37;1;-11.85;0.331456099;7
37;1;-11.88;0.337468938;7
37;1;-11.91;0.323923295;7
37;1;-11.94;0.336627364;7
37;1;-11.97;0.34306928;7
37;1;-12.15;0.31484889;7
37;1;-12.18;0.329817513;7
37;1;-12.21;0.326923711;7
37;1;-12.24;0.305853621;7
37;1;-12.27;0.310000349;7
37;1;-12.33;0.486176508;3
37;1;-12.36;0.463243724;3
37;1;-12.39;0.44908133;3
37;1;-12.42;0.47610139;3
37;1;-12.45;0.418700582;3
37;1;-12.48;0.146863107;8
37;1;-12.51;0.104955128;8
37;1;-12.54;0.100572903;8
37;1;-12.57;0.136558166;8
37;1;-12.6;0.124628483;8
37;1;-12.63;0.139134696;8
37;1;-12.66;0.100532751;8
37;1;-12.69;0.145879867;8
37;1;-12.72;0.149812288;8
37;1;-12.75;0.129254924;8
37;1;-12.78;0.127422164;8
37;1;-12.81;0.142993874;8
37;1;-12.84;0.124643767;8
37;1;-12.87;0.144526182;8
37;1;-12.9;0.115330658;8
37;1;-12.93;0.143952072;8
37;1;-12.96;0.127091018;8
37;1;-12.99;0.1186799;8
37;1;-13.02;0.112226326;8
37;1;-13.05;0.142796732;8
37;1;-13.08;0.147585362;8
37;1;-13.11;0.135050918;8
37;1;-13.14;0.141831254;8
37;1;-13.17;0.121998748;8
37;1;-13.2;0.137778976;8
37;1;-13.23;0.110119806;8
37;1;-13.26;0.104780322;8
37;1;-13.29;0.137358741;8
37;1;-13.32;0.113471679;8
37;1;-13.35;0.123950564;8
37;1;-13.38;0.11207503;8
37;1;-13.41;0.102713878;8
37;1;-13.44;0.113884728;8
37;1;-13.47;0.11423301;8
37;1;-13.5;0.135949876;8
37;1;-13.53;0.115151617;8
37;1;-13.56;0.12049882;8
37;1;-13.59;0.12746771;8
37;1;-13.62;0.12946811;8
37;1;-13.65;0.149100868;8
37;1;-13.68;0.111817619;8
37;1;-13.71;0.148069022;8
37;1;-13.74;0.141631914;8
37;1;-13.77;0.123937081;8
37;1;-13.8;0.145843484;8
37;1;-13.83;0.111156443;8
37;1;-13.86;0.139500795;8
37;1;-13.89;0.104526287;8
37;1;-13.92;0.124231036;8
37;1;-13.95;0.125910286;8
37;1;-13.98;0.119902768;8
37;1;-14.01;0.119272049;8
37;1;-14.04;0.11234458;8
37;1;-14.07;0.128448582;8
37;1;-14.1;0.120602538;8
37;1;-14.13;0.125205803;8
37;1;-14.16;0.118594126;8
37;1;-14.19;0.123735435;8
37;1;-14.22;0.107774706;8
37;1;-14.25;0.120472253;8
37;1;-14.28;0.1182366;8
37;1;-14.31;0.147916066;8
37;1;-14.34;0.111718915;8
37;1;-14.37;0.147440361;8
37;1;-14.4;0.107077367;8
37;1;-14.43;0.110107201;8
37;1;-14.46;0.107306829;8
37;1;-14.49;0.118458717;8
37;1;-14.52;0.111245227;8
37;1;-14.55;0.140801391;8
37;1;-14.58;0.134152245;8
37;1;-14.61;0.137594573;8
37;1;-14.64;0.11275211;8
37;1;-14.67;0.1179669;8
37;1;-14.7;0.105874185;8
37;1;-14.73;0.144125993;8
37;1;-14.76;0.100347642;8
37;1;-14.79;0.108241907;8
37;1;-14.82;0.111444862;8
37;1;-14.85;0.11840981;8
37;1;-14.88;0.123824757;8
37;1;-14.91;0.116562744;8
37;1;-14.94;0.115835662;8
37;1;-14.97;0.136807412;8
37;1;-15;0.125374041;8
46.9;1;-0.1;0.691835651;1
46.9;1;-0.2;0.616634439;1
46.9;1;-0.3;0.541251147;1
46.9;1;-0.63;0.487249039;2
46.9;1;-0.66;0.441918784;2
46.9;1;-0.69;0.413269897;2
46.9;1;-0.72;0.478058794;2
46.9;1;-0.75;0.415638884;2
46.9;1;-0.78;0.497624304;2
46.9;1;-0.81;0.450823795;2
46.9;1;-0.84;0.412713115;2
46.9;1;-0.87;0.497692439;2
46.9;1;-0.9;0.423788307;2
46.9;1;-0.96;0.406482436;2
46.9;1;-0.99;0.436159927;2
46.9;1;-1.02;0.412376767;2
46.9;1;-1.05;0.416368218;2
46.9;1;-1.08;0.493967519;2
46.9;1;-1.11;0.430243638;2
46.9;1;-1.14;0.413048262;2
46.9;1;-1.17;0.412955238;2
46.9;1;-1.2;0.448004933;2
46.9;1;-1.23;0.455018422;2
46.9;1;-1.26;0.410598452;2
46.9;1;-1.29;0.425024666;2
46.9;1;-1.32;0.482900496;2
46.9;1;-1.35;0.422699113;2
46.9;1;-1.38;0.428555547;2
46.9;1;-1.41;0.457966363;2
46.9;1;-1.44;0.477410408;2
46.9;1;-1.47;0.41043972;2
46.9;1;-1.5;0.437178119;2
46.9;1;-1.53;0.450567454;2
46.9;1;-1.56;0.439403026;2
46.9;1;-1.59;0.470711521;2
46.9;1;-1.62;0.49243637;2
46.9;1;-1.65;0.428189206;2
46.9;1;-1.68;0.400387774;2
46.9;1;-1.71;0.475666493;2
46.9;1;-1.74;0.422297991;2
46.9;1;-1.77;0.480280744;2
46.9;1;-1.8;0.483957964;2
46.9;1;-1.86;0.477372895;3
46.9;1;-1.89;0.475028616;3
46.9;1;-1.92;0.465533138;3
46.9;1;-1.95;0.466996543;3
46.9;1;-1.98;0.426261119;3
46.9;1;-2.01;0.44989264;3
46.9;1;-2.04;0.445979683;3
46.9;1;-2.07;0.455034235;3
46.9;1;-2.1;0.477335389;3
46.9;1;-2.13;0.443412648;3
46.9;1;-2.16;0.453626573;3
46.9;1;-2.19;0.421918573;3
46.9;1;-2.22;0.499125935;3
46.9;1;-2.28;0.45288353;4
46.9;1;-2.31;0.476873619;4
46.9;1;-2.34;0.435198869;4
46.9;1;-2.37;0.497212476;4
46.9;1;-2.4;0.422519895;4
46.9;1;-2.43;0.464193954;4
46.9;1;-2.49;0.277705177;6
46.9;1;-2.52;0.329637192;6
46.9;1;-2.55;0.312998133;6
46.9;1;-2.58;0.34194217;6
46.9;1;-2.61;0.314302761;6
46.9;1;-2.64;0.272001102;6
46.9;1;-2.67;0.343439938;6
46.9;1;-2.7;0.284379137;6
46.9;1;-2.73;0.340951857;6
46.9;1;-2.76;0.336222376;6
46.9;1;-2.79;0.264467673;6
46.9;1;-2.82;0.331779853;6
46.9;1;-2.85;0.28948676;6
46.9;1;-2.88;0.341577092;6
46.9;1;-2.91;0.314635574;6
46.9;1;-2.94;0.328957974;6
46.9;1;-2.97;0.279331807;6
46.9;1;-3;0.318776034;6
46.9;1;-3.03;0.296942057;6
46.9;1;-3.06;0.299696749;6
46.9;1;-3.09;0.276844381;6
46.9;1;-3.15;0.32667902;6
46.9;1;-3.18;0.319070623;6
46.9;1;-3.21;0.293622802;6
46.9;1;-3.24;0.287666472;6
46.9;1;-3.27;0.327700524;6
46.9;1;-3.3;0.305545138;6
46.9;1;-3.33;0.2938226;6
46.9;1;-3.36;0.252198819;6
46.9;1;-3.39;0.255517839;6
46.9;1;-3.42;0.280472576;6
46.9;1;-3.45;0.296283428;6
46.9;1;-3.48;0.311406218;6
46.9;1;-3.51;0.345935842;6
46.9;1;-3.54;0.272492926;6
46.9;1;-3.57;0.259798387;6
46.9;1;-3.6;0.299758366;6
46.9;1;-3.63;0.326208286;6
46.9;1;-3.66;0.262256584;6
46.9;1;-3.69;0.293817302;6
46.9;1;-3.75;0.326766698;6
46.9;1;-3.78;0.296125028;6
46.9;1;-3.81;0.319529058;6
46.9;1;-3.84;0.283190233;6
46.9;1;-3.87;0.262797637;6
46.9;1;-3.9;0.2784079;6
46.9;1;-3.93;0.294133317;6
46.9;1;-3.96;0.296716537;6
46.9;1;-3.99;0.271399812;6
46.9;1;-4.02;0.28273073;6
46.9;1;-4.05;0.290981456;6
46.9;1;-4.08;0.312933284;6
46.9;1;-4.23;0.302965759;6
46.9;1;-4.26;0.282183804;6
46.9;1;-4.29;0.318049513;6
46.9;1;-4.32;0.316803873;6
46.9;1;-4.35;0.322706814;6
46.9;1;-4.38;0.30516365;6
46.9;1;-4.41;0.316768272;6
46.9;1;-4.44;0.297761653;6
46.9;1;-4.47;0.344569964;6
46.9;1;-4.5;0.298476712;6
46.9;1;-4.53;0.327121336;6
46.9;1;-4.56;0.34635142;6
46.9;1;-4.59;0.34133248;6
46.9;1;-4.62;0.314063889;6
46.9;1;-4.65;0.275040657;6
46.9;1;-4.68;0.308123439;6
46.9;1;-4.71;0.334705128;6
46.9;1;-4.74;0.314363635;6
46.9;1;-4.77;0.318104052;6
46.9;1;-4.83;0.485694699;4
46.9;1;-4.86;0.452890197;4
46.9;1;-4.89;0.416699252;4
46.9;1;-4.92;0.495789521;4
46.9;1;-4.95;0.485726103;4
46.9;1;-4.98;0.499322937;4
46.9;1;-5.01;0.457478222;4
46.9;1;-5.04;0.426806003;4
46.9;1;-5.07;0.440055144;4
46.9;1;-5.13;0.332617546;6
46.9;1;-5.16;0.288471883;6
46.9;1;-5.19;0.341154962;6
46.9;1;-5.22;0.270589209;6
46.9;1;-5.25;0.281643785;6
46.9;1;-5.28;0.308473497;6
46.9;1;-5.31;0.304084006;6
46.9;1;-5.34;0.317683484;6
46.9;1;-5.37;0.331883907;6
46.9;1;-5.43;0.433945191;4
46.9;1;-5.46;0.430511268;4
46.9;1;-5.49;0.476881229;4
46.9;1;-5.52;0.400027109;4
46.9;1;-5.55;0.45984381;4
46.9;1;-5.58;0.479146964;4
46.9;1;-5.64;0.282399807;6
46.9;1;-5.67;0.342090334;6
46.9;1;-5.7;0.267174238;6
46.9;1;-5.73;0.303015643;6
46.9;1;-5.76;0.333465842;6
46.9;1;-5.79;0.285014963;6
46.9;1;-5.82;0.297261658;6
46.9;1;-5.85;0.257445661;6
46.9;1;-5.88;0.346884756;6
46.9;1;-5.91;0.280836716;6
46.9;1;-5.94;0.337280687;6
46.9;1;-5.97;0.325725491;6
46.9;1;-6;0.264308056;6
46.9;1;-6.03;0.349645947;6
46.9;1;-6.06;0.315970204;6
46.9;1;-6.09;0.34141779;6
46.9;1;-6.12;0.347913173;6
46.9;1;-6.15;0.267972459;6
46.9;1;-6.18;0.253453958;6
46.9;1;-6.21;0.28100255;6
46.9;1;-6.24;0.25860906;6
46.9;1;-6.27;0.263765304;6
46.9;1;-6.3;0.340558123;6
46.9;1;-6.33;0.34670667;6
46.9;1;-6.36;0.287827627;6
46.9;1;-6.39;0.258640129;6
46.9;1;-6.42;0.267140638;6
46.9;1;-6.45;0.30643047;6
46.9;1;-6.48;0.279784806;6
46.9;1;-6.51;0.271985467;6
46.9;1;-6.57;0.482626571;3
46.9;1;-6.6;0.433214895;3
46.9;1;-6.63;0.487190564;3
46.9;1;-6.66;0.481650799;3
46.9;1;-6.69;0.463274971;3
46.9;1;-6.72;0.487539706;3
46.9;1;-6.75;0.475753093;3
46.9;1;-6.78;0.413753751;3
46.9;1;-6.81;0.417412412;3
46.9;1;-6.84;0.491533518;3
46.9;1;-6.87;0.475576441;3
46.9;1;-6.9;0.442899012;3
46.9;1;-6.93;0.416916662;3
46.9;1;-6.96;0.471141089;3
46.9;1;-6.99;0.44402819;3
46.9;1;-7.02;0.476290434;3
46.9;1;-7.05;0.491394951;3
46.9;1;-7.08;0.482244006;3
46.9;1;-7.11;0.469593524;3
46.9;1;-7.14;0.453049081;3
46.9;1;-7.17;0.452324106;3
46.9;1;-7.2;0.469630014;3
46.9;1;-7.26;0.406124231;4
46.9;1;-7.29;0.429408087;4
46.9;1;-7.32;0.494156827;4
46.9;1;-7.35;0.456364865;4
46.9;1;-7.38;0.421710081;4
46.9;1;-7.41;0.474857289;4
46.9;1;-7.44;0.465511777;4
46.9;1;-7.47;0.410771607;4
46.9;1;-7.5;0.481984173;4
46.9;1;-7.53;0.418414205;4
46.9;1;-7.56;0.424257207;4
46.9;1;-7.59;0.465714597;4
46.9;1;-7.62;0.468987956;4
46.9;1;-7.65;0.464269779;4
46.9;1;-7.68;0.447161355;4
46.9;1;-7.71;0.424601716;4
46.9;1;-7.74;0.485146369;4
46.9;1;-7.77;0.466936019;4
46.9;1;-7.8;0.413631067;4
46.9;1;-7.83;0.402285777;4
46.9;1;-7.86;0.464301588;4
46.9;1;-7.89;0.45214564;4
46.9;1;-7.92;0.405656454;4
46.9;1;-7.95;0.41181656;4
46.9;1;-7.98;0.441883695;4
46.9;1;-8.01;0.410765665;4
46.9;1;-8.04;0.490391644;4
46.9;1;-8.07;0.441863425;4
46.9;1;-8.13;0.470377007;3
46.9;1;-8.16;0.48809114;3
46.9;1;-8.19;0.421542151;3
46.9;1;-8.22;0.428958626;3
46.9;1;-8.25;0.447310811;3
46.9;1;-8.28;0.412520375;3
46.9;1;-8.31;0.419553042;3
46.9;1;-8.34;0.401166511;3
46.9;1;-8.37;0.497238982;3
46.9;1;-8.4;0.484190977;3
46.9;1;-8.43;0.470042871;3
46.9;1;-8.46;0.438756735;3
46.9;1;-8.49;0.493345077;3
46.9;1;-8.52;0.460250387;3
46.9;1;-8.55;0.417257317;3
46.9;1;-8.58;0.470125026;3
46.9;1;-8.64;0.332835755;6
46.9;1;-8.67;0.327639852;6
46.9;1;-8.7;0.328647575;6
46.9;1;-8.73;0.256588886;6
46.9;1;-8.76;0.285880046;6
46.9;1;-8.79;0.286684605;6
46.9;1;-8.82;0.302596525;6
46.9;1;-8.85;0.271605964;6
46.9;1;-8.88;0.291249616;6
46.9;1;-8.91;0.296912383;6
46.9;1;-8.94;0.321985978;6
46.9;1;-8.97;0.324558502;6
46.9;1;-9;0.295343402;6
46.9;1;-9.03;0.331637508;6
46.9;1;-9.06;0.284976297;6
46.9;1;-9.09;0.297503717;6
46.9;1;-9.12;0.34381478;6
46.9;1;-9.15;0.264385463;6
46.9;1;-9.18;0.343702208;6
46.9;1;-9.21;0.27171132;6
46.9;1;-9.24;0.321528478;6
46.9;1;-9.27;0.26666444;6
46.9;1;-9.3;0.335069461;6
46.9;1;-9.33;0.317543704;6
46.9;1;-9.36;0.309931154;6
46.9;1;-9.39;0.311043045;6
46.9;1;-9.42;0.322271853;6
46.9;1;-9.45;0.308061433;6
46.9;1;-9.48;0.294906274;6
46.9;1;-9.51;0.284759134;6
46.9;1;-9.54;0.318271127;6
46.9;1;-9.57;0.25312089;6
46.9;1;-9.6;0.342717163;6
46.9;1;-9.63;0.34269204;6
46.9;1;-9.66;0.32114023;6
46.9;1;-9.69;0.299595264;6
46.9;1;-9.72;0.272647771;6
46.9;1;-9.75;0.301026819;6
46.9;1;-9.78;0.33223458;6
46.9;1;-9.81;0.303442513;6
46.9;1;-9.84;0.262162222;6
46.9;1;-9.87;0.256984917;6
46.9;1;-9.9;0.30765408;6
46.9;1;-9.93;0.269844819;6
46.9;1;-9.96;0.290276102;6
46.9;1;-9.99;0.3073037;6
46.9;1;-10.02;0.342305044;6
46.9;1;-10.08;0.437467655;4
46.9;1;-10.11;0.414470027;4
46.9;1;-10.17;0.275959945;6
46.9;1;-10.2;0.292488738;6
46.9;1;-10.23;0.254996192;6
46.9;1;-10.26;0.299593339;6
46.9;1;-10.29;0.293679486;6
46.9;1;-10.32;0.276838915;6
46.9;1;-10.35;0.264759617;6
46.9;1;-10.38;0.286093614;6
46.9;1;-10.41;0.308147281;6
46.9;1;-10.44;0.253133797;6
46.9;1;-10.47;0.288152732;6
46.9;1;-10.5;0.255851087;6
46.9;1;-10.53;0.252019264;6
46.9;1;-10.56;0.278092468;6
46.9;1;-10.59;0.295857459;6
46.9;1;-10.62;0.330818482;6
46.9;1;-10.65;0.259187585;6
46.9;1;-10.68;0.262373707;6
46.9;1;-10.71;0.34502354;6
46.9;1;-10.74;0.348763572;6
46.9;1;-10.77;0.310882014;6
46.9;1;-10.8;0.33849586;6
46.9;1;-10.86;0.27158661;6
46.9;1;-10.89;0.347332559;6
46.9;1;-10.92;0.266262184;6
46.9;1;-10.95;0.293740497;6
46.9;1;-10.98;0.315395338;6
46.9;1;-11.01;0.318579118;6
46.9;1;-11.04;0.250767562;6
46.9;1;-11.07;0.340981285;6
46.9;1;-11.13;0.292056363;6
46.9;1;-11.16;0.347616851;6
46.9;1;-11.19;0.347949523;6
46.9;1;-11.22;0.258235656;6
46.9;1;-11.25;0.273042588;6
46.9;1;-11.28;0.27296885;6
46.9;1;-11.43;0.26289308;6
46.9;1;-11.46;0.25583823;6
46.9;1;-11.49;0.307157355;6
46.9;1;-11.52;0.309442546;6
46.9;1;-11.55;0.347302183;6
46.9;1;-11.61;0.341474085;7
46.9;1;-11.64;0.329621113;7
46.9;1;-11.67;0.301544287;7
46.9;1;-11.7;0.333178265;7
46.9;1;-11.73;0.349195228;7
46.9;1;-11.76;0.303699122;7
46.9;1;-11.79;0.319565844;7
46.9;1;-11.82;0.325431342;7
46.9;1;-11.85;0.329472914;7
46.9;1;-11.88;0.331616568;7
46.9;1;-11.91;0.317985258;7
46.9;1;-11.94;0.322600647;7
46.9;1;-11.97;0.332719432;7
46.9;1;-12;0.308645571;7
46.9;1;-12.03;0.321074514;7
46.9;1;-12.06;0.336518712;7
46.9;1;-12.09;0.347103743;7
46.9;1;-12.12;0.319105485;7
46.9;1;-12.15;0.329012101;7
46.9;1;-12.21;0.34175488;7
46.9;1;-12.24;0.312869298;7
46.9;1;-12.27;0.338814396;7
46.9;1;-12.3;0.310540837;7
46.9;1;-12.33;0.332935647;7
46.9;1;-12.36;0.316133162;7
46.9;1;-12.39;0.325452957;7
46.9;1;-12.42;0.315017136;7
46.9;1;-12.45;0.323082251;7
46.9;1;-12.48;0.339895013;7
46.9;1;-12.51;0.309112168;7
46.9;1;-12.54;0.328673433;7
46.9;1;-12.57;0.301763996;7
46.9;1;-12.63;0.436668497;3
46.9;1;-12.66;0.416619414;3
46.9;1;-12.69;0.492030193;3
46.9;1;-12.72;0.461546148;3
46.9;1;-12.75;0.485515121;3
46.9;1;-12.78;0.436114869;3
46.9;1;-12.81;0.451071322;3
46.9;1;-12.84;0.469399916;3
46.9;1;-12.87;0.42789828;3
46.9;1;-12.9;0.43673447;3
46.9;1;-12.93;0.43538139;3
46.9;1;-12.96;0.112991043;8
46.9;1;-12.99;0.149802791;8
46.9;1;-13.02;0.137203317;8
46.9;1;-13.05;0.134991096;8
46.9;1;-13.08;0.140881677;8
46.9;1;-13.11;0.140670517;8
46.9;1;-13.14;0.127833199;8
46.9;1;-13.17;0.119069316;8
46.9;1;-13.2;0.14894673;8
46.9;1;-13.23;0.127950927;8
46.9;1;-13.26;0.109537629;8
46.9;1;-13.29;0.148119902;8
46.9;1;-13.32;0.124566521;8
46.9;1;-13.35;0.122341992;8
46.9;1;-13.38;0.109893805;8
46.9;1;-13.41;0.14032458;8
46.9;1;-13.44;0.111650374;8
46.9;1;-13.47;0.143692602;8
46.9;1;-13.5;0.10229055;8
46.9;1;-13.53;0.121848151;8
46.9;1;-13.56;0.133595237;8
46.9;1;-13.59;0.131049937;8
46.9;1;-13.62;0.133545548;8
46.9;1;-13.65;0.108990331;8
46.9;1;-13.68;0.101565437;8
46.9;1;-13.71;0.132113735;8
46.9;1;-13.74;0.149723322;8
46.9;1;-13.77;0.137275363;8
46.9;1;-13.8;0.104426273;8
46.9;1;-13.83;0.148577471;8
46.9;1;-13.86;0.122821463;8
46.9;1;-13.89;0.149622657;8
46.9;1;-13.92;0.134490706;8
46.9;1;-13.95;0.138201155;8
46.9;1;-13.98;0.131362123;8
46.9;1;-14.01;0.129131857;8
46.9;1;-14.04;0.10601439;8
46.9;1;-14.07;0.128358534;8
46.9;1;-14.1;0.149455283;8
46.9;1;-14.13;0.130775869;8
46.9;1;-14.16;0.135881909;8
46.9;1;-14.19;0.106384667;8
46.9;1;-14.22;0.144641905;8
46.9;1;-14.25;0.134423011;8
46.9;1;-14.28;0.109305742;8
46.9;1;-14.31;0.111714696;8
46.9;1;-14.34;0.114433002;8
46.9;1;-14.37;0.114261649;8
46.9;1;-14.4;0.131002861;8
46.9;1;-14.43;0.116300814;8
46.9;1;-14.46;0.105590847;8
46.9;1;-14.49;0.124546726;8
46.9;1;-14.52;0.14513868;8
46.9;1;-14.55;0.140845506;8
46.9;1;-14.58;0.117865321;8
46.9;1;-14.61;0.107349595;8
46.9;1;-14.64;0.134281645;8
46.9;1;-14.67;0.138630154;8
46.9;1;-14.7;0.106389805;8
46.9;1;-14.73;0.117580559;8
46.9;1;-14.76;0.130905195;8
46.9;1;-14.79;0.113201351;8
46.9;1;-14.82;0.110425119;8
46.9;1;-14.85;0.126405433;8
46.9;1;-14.88;0.104464575;8
46.9;1;-14.91;0.112987903;8
46.9;1;-14.94;0.114769851;8
46.9;1;-14.97;0.112677841;8
46.9;1;-15;0.122700591;8
50;1;-0.2;0.724682216;1
50;1;-0.4;0.537164082;1
50;1;-0.5;0.465801415;1
50;1;-0.81;0.444191615;2
50;1;-0.84;0.420764152;2
50;1;-0.87;0.458517113;2
50;1;-0.9;0.477804981;2
50;1;-0.93;0.409631214;2
50;1;-0.96;0.456972832;2
50;1;-0.99;0.435015109;2
50;1;-1.02;0.484581447;2
50;1;-1.05;0.460802094;2
50;1;-1.11;0.498531507;2
50;1;-1.14;0.483454813;2
50;1;-1.17;0.432217148;2
50;1;-1.2;0.422260011;2
50;1;-1.23;0.420576054;2
50;1;-1.26;0.48732815;2
50;1;-1.29;0.401209756;2
50;1;-1.32;0.422952921;2
50;1;-1.35;0.418028865;2
50;1;-1.38;0.460866409;2
50;1;-1.41;0.424895246;2
50;1;-1.44;0.481420754;2
50;1;-1.47;0.480687778;2
50;1;-1.5;0.406089695;2
50;1;-1.53;0.482461728;2
50;1;-1.56;0.423511651;2
50;1;-1.59;0.41365013;2
50;1;-1.62;0.476473711;2
50;1;-1.65;0.487469604;2
50;1;-1.68;0.493381238;2
50;1;-1.71;0.443655198;2
50;1;-1.74;0.463901666;2
50;1;-1.77;0.467427275;2
50;1;-1.8;0.43584773;2
50;1;-1.86;0.416057728;3
50;1;-1.89;0.419567192;3
50;1;-1.92;0.435746513;3
50;1;-1.95;0.482704936;3
50;1;-1.98;0.481334881;3
50;1;-2.01;0.400695171;3
50;1;-2.04;0.49154371;3
50;1;-2.07;0.493299642;3
50;1;-2.1;0.429482973;3
50;1;-2.13;0.446990473;3
50;1;-2.16;0.42842594;3
50;1;-2.19;0.493834609;3
50;1;-2.22;0.445811562;3
50;1;-2.28;0.499798551;4
50;1;-2.31;0.408317181;4
50;1;-2.34;0.48462451;4
50;1;-2.37;0.465102405;4
50;1;-2.4;0.443050296;4
50;1;-2.43;0.42611067;4
50;1;-2.46;0.476916871;4
50;1;-2.49;0.495454351;4
50;1;-2.52;0.441036079;4
50;1;-2.58;0.292077508;6
50;1;-2.61;0.319267217;6
50;1;-2.64;0.311072985;6
50;1;-2.67;0.305376165;6
50;1;-2.7;0.327926549;6
50;1;-2.73;0.254198522;6
50;1;-2.76;0.349144718;6
50;1;-2.79;0.260173447;6
50;1;-2.82;0.296999182;6
50;1;-2.85;0.251218558;6
50;1;-2.88;0.266843711;6
50;1;-2.91;0.262006039;6
50;1;-2.94;0.302814646;6
50;1;-2.97;0.347771002;6
50;1;-3;0.315819961;6
50;1;-3.03;0.273084031;6
50;1;-3.09;0.261705868;6
50;1;-3.12;0.302412773;6
50;1;-3.15;0.290301359;6
50;1;-3.18;0.275840044;6
50;1;-3.21;0.314109862;6
50;1;-3.24;0.273279465;6
50;1;-3.27;0.278189139;6
50;1;-3.3;0.25366795;6
50;1;-3.33;0.259726532;6
50;1;-3.36;0.250146725;6
50;1;-3.39;0.33112984;6
50;1;-3.42;0.295939643;6
50;1;-3.45;0.292114425;6
50;1;-3.48;0.323712019;6
50;1;-3.51;0.274621698;6
50;1;-3.54;0.268644064;6
50;1;-3.57;0.316578443;6
50;1;-3.6;0.314158035;6
50;1;-3.63;0.300095441;6
50;1;-3.69;0.466396528;4
50;1;-3.72;0.411873714;4
50;1;-3.75;0.471649334;4
50;1;-3.78;0.468086394;4
50;1;-3.81;0.41843226;4
50;1;-3.84;0.491939134;4
50;1;-3.87;0.476190987;4
50;1;-3.9;0.422386576;4
50;1;-3.93;0.43402655;4
50;1;-3.96;0.403874775;4
50;1;-3.99;0.482281232;4
50;1;-4.02;0.428920758;4
50;1;-4.05;0.411491393;4
50;1;-4.08;0.409611296;4
50;1;-4.11;0.400797518;4
50;1;-4.14;0.447394548;4
50;1;-4.17;0.437869335;4
50;1;-4.2;0.489033175;4
50;1;-4.23;0.403400049;4
50;1;-4.26;0.41795357;4
50;1;-4.32;0.273374883;6
50;1;-4.35;0.345834388;6
50;1;-4.38;0.277024355;6
50;1;-4.41;0.344547089;6
50;1;-4.44;0.258413169;6
50;1;-4.47;0.346691216;6
50;1;-4.5;0.270175512;6
50;1;-4.53;0.340389137;6
50;1;-4.56;0.310055824;6
50;1;-4.59;0.292117553;6
50;1;-4.65;0.456055259;4
50;1;-4.68;0.413404672;4
50;1;-4.71;0.467425178;4
50;1;-4.74;0.4782899;4
50;1;-4.77;0.408108815;4
50;1;-4.8;0.483089391;4
50;1;-4.83;0.466902892;4
50;1;-4.86;0.486256292;4
50;1;-4.89;0.491197023;4
50;1;-4.92;0.431040514;4
50;1;-4.95;0.49869663;4
50;1;-4.98;0.40239124;4
50;1;-5.01;0.450311481;4
50;1;-5.04;0.40188886;4
50;1;-5.1;0.310519799;6
50;1;-5.13;0.302792004;6
50;1;-5.16;0.265234488;6
50;1;-5.19;0.292717885;6
50;1;-5.22;0.330264291;6
50;1;-5.25;0.348297555;6
50;1;-5.28;0.346169579;6
50;1;-5.31;0.274736795;6
50;1;-5.34;0.269541825;6
50;1;-5.37;0.279215722;6
50;1;-5.4;0.315087614;6
50;1;-5.43;0.305904349;6
50;1;-5.46;0.267058093;6
50;1;-5.49;0.267348334;6
50;1;-5.52;0.325641069;6
50;1;-5.55;0.342296749;6
50;1;-5.58;0.31904653;6
50;1;-5.61;0.341742019;6
50;1;-5.64;0.3286942;6
50;1;-5.67;0.300145214;6
50;1;-5.7;0.338984604;6
50;1;-5.73;0.284087847;6
50;1;-5.76;0.268638511;6
50;1;-5.79;0.312489001;6
50;1;-5.82;0.346247706;6
50;1;-5.85;0.304459152;6
50;1;-5.88;0.309310351;6
50;1;-5.91;0.308952828;6
50;1;-5.94;0.250829952;6
50;1;-5.97;0.264302423;6
50;1;-6;0.296962391;6
50;1;-6.03;0.279362403;6
50;1;-6.06;0.256178167;6
50;1;-6.09;0.285896995;6
50;1;-6.12;0.31210933;6
50;1;-6.15;0.329726453;6
50;1;-6.18;0.255093209;6
50;1;-6.21;0.316218305;6
50;1;-6.24;0.250376207;6
50;1;-6.27;0.335830816;6
50;1;-6.3;0.30285674;6
50;1;-6.33;0.268741035;6
50;1;-6.36;0.252519447;6
50;1;-6.39;0.301339851;6
50;1;-6.42;0.28321681;6
50;1;-6.45;0.348076173;6
50;1;-6.51;0.494762716;3
50;1;-6.54;0.432442952;3
50;1;-6.57;0.458135571;3
50;1;-6.6;0.497893866;3
50;1;-6.63;0.46827841;3
50;1;-6.66;0.405649317;3
50;1;-6.69;0.460406933;3
50;1;-6.72;0.483894207;3
50;1;-6.75;0.499713962;3
50;1;-6.78;0.485460132;3
50;1;-6.81;0.46107212;3
50;1;-6.84;0.473912624;3
50;1;-6.87;0.43881597;3
50;1;-6.9;0.438730462;3
50;1;-6.93;0.471327055;3
50;1;-6.96;0.415850697;3
50;1;-6.99;0.411673143;3
50;1;-7.02;0.420961194;3
50;1;-7.05;0.436169224;3
50;1;-7.08;0.47855762;3
50;1;-7.11;0.491983835;3
50;1;-7.14;0.440924641;3
50;1;-7.17;0.474181571;3
50;1;-7.2;0.427602049;3
50;1;-7.23;0.405310361;3
50;1;-7.26;0.443337088;3
50;1;-7.32;0.448788794;4
50;1;-7.35;0.482234044;4
50;1;-7.38;0.44880136;4
50;1;-7.41;0.420724761;4
50;1;-7.44;0.424280267;4
50;1;-7.47;0.492035777;4
50;1;-7.5;0.498577134;4
50;1;-7.53;0.486678999;4
50;1;-7.56;0.464248087;4
50;1;-7.59;0.432396239;4
50;1;-7.62;0.457239037;4
50;1;-7.65;0.431842485;4
50;1;-7.68;0.466845162;4
50;1;-7.71;0.473574833;4
50;1;-7.74;0.418872587;4
50;1;-7.77;0.420935684;4
50;1;-7.8;0.486341425;4
50;1;-7.83;0.430694242;4
50;1;-7.86;0.46188429;4
50;1;-7.89;0.4706661;4
50;1;-7.92;0.482219656;4
50;1;-7.95;0.408021945;4
50;1;-7.98;0.462394324;4
50;1;-8.01;0.478529277;4
50;1;-8.04;0.481318232;4
50;1;-8.07;0.413201968;4
50;1;-8.1;0.402374425;4
50;1;-8.13;0.471557229;4
50;1;-8.16;0.472497833;4
50;1;-8.19;0.401350043;4
50;1;-8.22;0.418167008;4
50;1;-8.25;0.420766979;4
50;1;-8.28;0.490484471;4
50;1;-8.31;0.44827704;4
50;1;-8.34;0.468038891;4
50;1;-8.4;0.402063938;3
50;1;-8.43;0.459686395;3
50;1;-8.46;0.498411016;3
50;1;-8.49;0.423996978;3
50;1;-8.52;0.47794557;3
50;1;-8.55;0.404958134;3
50;1;-8.58;0.463558233;3
50;1;-8.61;0.439788822;3
50;1;-8.64;0.451323927;3
50;1;-8.67;0.460105937;3
50;1;-8.7;0.420725042;3
50;1;-8.73;0.418749375;3
50;1;-8.76;0.42063156;3
50;1;-8.79;0.41727021;3
50;1;-8.82;0.46035144;3
50;1;-8.85;0.408440723;3
50;1;-8.88;0.471364992;3
50;1;-8.94;0.25648655;6
50;1;-8.97;0.302655616;6
50;1;-9;0.29756644;6
50;1;-9.03;0.259069247;6
50;1;-9.06;0.323696091;6
50;1;-9.09;0.262972115;6
50;1;-9.12;0.339668762;6
50;1;-9.15;0.250525361;6
50;1;-9.18;0.300182443;6
50;1;-9.21;0.291601936;6
50;1;-9.24;0.312850854;6
50;1;-9.27;0.254062508;6
50;1;-9.3;0.307379074;6
50;1;-9.33;0.267758358;6
50;1;-9.36;0.297249141;6
50;1;-9.39;0.307037028;6
50;1;-9.42;0.332901237;6
50;1;-9.45;0.269267408;6
50;1;-9.48;0.30683897;6
50;1;-9.51;0.258552831;6
50;1;-9.54;0.297883963;6
50;1;-9.57;0.331997758;6
50;1;-9.6;0.284586447;6
50;1;-9.63;0.299944081;6
50;1;-9.66;0.26218576;6
50;1;-9.69;0.264760237;6
50;1;-9.72;0.321748135;6
50;1;-9.75;0.347656339;6
50;1;-9.78;0.323088131;6
50;1;-9.81;0.288537804;6
50;1;-9.84;0.294718356;6
50;1;-9.87;0.342871993;6
50;1;-9.9;0.276111421;6
50;1;-9.96;0.425742275;4
50;1;-9.99;0.406340891;4
50;1;-10.02;0.440199385;4
50;1;-10.05;0.410062767;4
50;1;-10.08;0.498458254;4
50;1;-10.11;0.455080906;4
50;1;-10.14;0.438901896;4
50;1;-10.17;0.418664376;4
50;1;-10.23;0.269876444;6
50;1;-10.26;0.347500806;6
50;1;-10.29;0.285110601;6
50;1;-10.32;0.287850979;6
50;1;-10.35;0.320822687;6
50;1;-10.38;0.301147958;6
50;1;-10.41;0.296976408;6
50;1;-10.44;0.333032778;6
50;1;-10.47;0.26003894;6
50;1;-10.5;0.333622354;6
50;1;-10.53;0.289793649;6
50;1;-10.56;0.320709998;6
50;1;-10.59;0.272456402;6
50;1;-10.62;0.31853152;6
50;1;-10.65;0.323885149;6
50;1;-10.68;0.273118012;6
50;1;-10.71;0.339438765;6
50;1;-10.74;0.340267988;6
50;1;-10.77;0.291233569;6
50;1;-10.8;0.284762128;6
50;1;-10.83;0.268131228;6
50;1;-10.86;0.30616414;6
50;1;-10.89;0.289198516;6
50;1;-10.92;0.264329309;6
50;1;-10.95;0.283130261;6
50;1;-10.98;0.267842234;6
50;1;-11.01;0.282117903;6
50;1;-11.04;0.296521123;6
50;1;-11.07;0.323063656;6
50;1;-11.1;0.262629689;6
50;1;-11.16;0.254227631;6
50;1;-11.19;0.321429355;6
50;1;-11.22;0.304157888;6
50;1;-11.25;0.292266891;6
50;1;-11.28;0.303090643;6
50;1;-11.31;0.32793527;6
50;1;-11.34;0.257372808;6
50;1;-11.37;0.303776069;6
50;1;-11.4;0.254733905;6
50;1;-11.43;0.316875245;6
50;1;-11.46;0.286590251;6
50;1;-11.49;0.267440078;6
50;1;-11.52;0.317422314;6
50;1;-11.58;0.33918724;7
50;1;-11.61;0.330146435;7
50;1;-11.64;0.302146116;7
50;1;-11.67;0.329607522;7
50;1;-11.7;0.33802363;7
50;1;-11.73;0.304684065;7
50;1;-11.76;0.317929104;7
50;1;-11.79;0.318869107;7
50;1;-11.82;0.314268508;7
50;1;-11.85;0.342773915;7
50;1;-11.88;0.306257863;7
50;1;-11.91;0.30669018;7
50;1;-11.94;0.339146026;7
50;1;-11.97;0.330890211;7
50;1;-12;0.334235154;7
50;1;-12.03;0.335167042;7
50;1;-12.09;0.307014749;7
50;1;-12.12;0.347826472;7
50;1;-12.15;0.311925997;7
50;1;-12.18;0.312098916;7
50;1;-12.21;0.30969652;7
50;1;-12.24;0.317028821;7
50;1;-12.27;0.333190193;7
50;1;-12.3;0.342154664;7
50;1;-12.33;0.331171901;7
50;1;-12.36;0.338636021;7
50;1;-12.39;0.312661578;7
50;1;-12.42;0.326206304;7
50;1;-12.45;0.347172715;7
50;1;-12.48;0.303588684;7
50;1;-12.51;0.315415461;7
50;1;-12.57;0.461594875;3
50;1;-12.6;0.482272158;3
50;1;-12.63;0.459949661;3
50;1;-12.66;0.443160797;3
50;1;-12.69;0.4233056;3
50;1;-12.72;0.406140815;3
50;1;-12.75;0.417752014;3
50;1;-12.78;0.453759209;3
50;1;-12.81;0.408269942;3
50;1;-12.84;0.437856453;3
50;1;-12.87;0.46215849;3
50;1;-12.9;0.433282822;3
50;1;-12.93;0.450744041;3
50;1;-12.96;0.450623797;3
50;1;-12.99;0.434773506;3
50;1;-13.02;0.100660209;8
50;1;-13.05;0.124414082;8
50;1;-13.08;0.107544605;8
50;1;-13.11;0.117771298;8
50;1;-13.14;0.102955933;8
50;1;-13.17;0.107606358;8
50;1;-13.2;0.14450248;8
50;1;-13.23;0.107802431;8
50;1;-13.26;0.10376794;8
50;1;-13.29;0.128679364;8
50;1;-13.32;0.129530677;8
50;1;-13.35;0.114346641;8
50;1;-13.38;0.109124667;8
50;1;-13.41;0.115207262;8
50;1;-13.44;0.125187901;8
50;1;-13.47;0.101592254;8
50;1;-13.5;0.129547009;8
50;1;-13.53;0.129022017;8
50;1;-13.56;0.125796461;8
50;1;-13.59;0.10569149;8
50;1;-13.62;0.147465138;8
50;1;-13.65;0.147416246;8
50;1;-13.68;0.140252783;8
50;1;-13.71;0.142902637;8
50;1;-13.74;0.123540025;8
50;1;-13.77;0.103467644;8
50;1;-13.8;0.125182114;8
50;1;-13.83;0.133695055;8
50;1;-13.86;0.108957827;8
50;1;-13.89;0.127107043;8
50;1;-13.92;0.116671277;8
50;1;-13.95;0.149988353;8
50;1;-13.98;0.105820438;8
50;1;-14.01;0.133101864;8
50;1;-14.04;0.106783468;8
50;1;-14.07;0.11033737;8
50;1;-14.1;0.101831861;8
50;1;-14.13;0.122392145;8
50;1;-14.16;0.14075679;8
50;1;-14.19;0.122690695;8
50;1;-14.22;0.110125298;8
50;1;-14.25;0.103079897;8
50;1;-14.28;0.102342132;8
50;1;-14.31;0.118311413;8
50;1;-14.34;0.125762122;8
50;1;-14.37;0.118402759;8
50;1;-14.4;0.10635315;8
50;1;-14.43;0.142774939;8
50;1;-14.46;0.113965156;8
50;1;-14.49;0.128786005;8
50;1;-14.52;0.12238093;8
50;1;-14.55;0.14590712;8
50;1;-14.58;0.130335747;8
50;1;-14.61;0.129247645;8
50;1;-14.64;0.14532879;8
50;1;-14.67;0.143343806;8
50;1;-14.7;0.114266964;8
50;1;-14.73;0.130299273;8
50;1;-14.76;0.132254351;8
50;1;-14.79;0.109568432;8
50;1;-14.82;0.140240315;8
50;1;-14.85;0.134912136;8
50;1;-14.88;0.123549425;8
50;1;-14.91;0.134926847;8
50;1;-14.94;0.107292631;8
50;1;-14.97;0.134730578;8
50;1;-15;0.146880935;8
62.9;1;-0.1;0.395480856;1
62.9;1;-0.2;0.451462535;1
62.9;1;-0.3;0.351211939;1
62.9;1;-0.4;0.762803737;1
62.9;1;-0.5;0.514379247;1
62.9;1;-0.6;0.304423502;1
62.9;1;-0.7;0.738436056;1
62.9;1;-0.8;0.778578335;1
62.9;1;-1.35;0.435664718;2
62.9;1;-1.38;0.42013328;2
62.9;1;-1.41;0.424311212;2
62.9;1;-1.44;0.499338026;2
62.9;1;-1.47;0.483471643;2
62.9;1;-1.5;0.479419189;2
62.9;1;-1.53;0.481827632;2
62.9;1;-1.59;0.426784563;3
62.9;1;-1.62;0.493640988;3
62.9;1;-1.65;0.481989433;3
62.9;1;-1.68;0.407456017;3
62.9;1;-1.71;0.426837304;3
62.9;1;-1.74;0.445738601;3
62.9;1;-1.77;0.43252432;3
62.9;1;-1.8;0.420425682;3
62.9;1;-1.83;0.432774933;3
62.9;1;-1.86;0.483924102;3
62.9;1;-1.89;0.466551417;3
62.9;1;-1.92;0.435328502;3
62.9;1;-1.95;0.424863825;3
62.9;1;-1.98;0.449713179;3
62.9;1;-2.04;0.475406352;4
62.9;1;-2.07;0.483515157;4
62.9;1;-2.1;0.408643396;4
62.9;1;-2.13;0.438986012;4
62.9;1;-2.16;0.418735423;4
62.9;1;-2.19;0.400999937;4
62.9;1;-2.22;0.485438311;4
62.9;1;-2.25;0.488271076;4
62.9;1;-2.28;0.480933049;4
62.9;1;-2.31;0.491271228;4
62.9;1;-2.37;0.28016018;6
62.9;1;-2.4;0.273380427;6
62.9;1;-2.43;0.314218777;6
62.9;1;-2.46;0.337135989;6
62.9;1;-2.49;0.330612859;6
62.9;1;-2.52;0.337196482;6
62.9;1;-2.55;0.262895638;6
62.9;1;-2.58;0.263149024;6
62.9;1;-2.61;0.336323351;6
62.9;1;-2.64;0.332087481;6
62.9;1;-2.67;0.277962077;6
62.9;1;-2.7;0.311285988;6
62.9;1;-2.73;0.332728381;6
62.9;1;-2.76;0.267166148;6
62.9;1;-2.79;0.270895449;6
62.9;1;-2.82;0.314781153;6
62.9;1;-2.85;0.320895256;6
62.9;1;-2.88;0.288493839;6
62.9;1;-2.91;0.342707509;6
62.9;1;-2.97;0.405344131;4
62.9;1;-3;0.472775107;4
62.9;1;-3.03;0.485521284;4
62.9;1;-3.06;0.421915776;4
62.9;1;-3.09;0.463194073;4
62.9;1;-3.12;0.441945863;4
62.9;1;-3.15;0.427448357;4
62.9;1;-3.18;0.455814575;4
62.9;1;-3.21;0.448773208;4
62.9;1;-3.24;0.436382373;4
62.9;1;-3.27;0.407883964;4
62.9;1;-3.3;0.453874502;4
62.9;1;-3.33;0.434728586;4
62.9;1;-3.36;0.47672965;4
62.9;1;-3.39;0.473735451;4
62.9;1;-3.42;0.40868099;4
62.9;1;-3.45;0.488789033;4
62.9;1;-3.48;0.487973393;4
62.9;1;-3.51;0.452720766;4
62.9;1;-3.54;0.433303705;4
62.9;1;-3.57;0.431264902;4
62.9;1;-3.6;0.41118244;4
62.9;1;-3.63;0.445898685;4
62.9;1;-3.66;0.443422448;4
62.9;1;-3.69;0.402806747;4
62.9;1;-3.72;0.437238265;4
62.9;1;-3.75;0.411403781;4
62.9;1;-3.78;0.496467209;4
62.9;1;-3.81;0.457962857;4
62.9;1;-3.84;0.498041466;4
62.9;1;-3.87;0.433746133;4
62.9;1;-3.9;0.425976227;4
62.9;1;-3.93;0.46163784;4
62.9;1;-3.96;0.448072695;4
62.9;1;-3.99;0.411059178;4
62.9;1;-4.02;0.474826338;4
62.9;1;-4.05;0.464537554;4
62.9;1;-4.08;0.423936733;4
62.9;1;-4.11;0.408569992;4
62.9;1;-4.14;0.441994896;4
62.9;1;-4.17;0.412787134;4
62.9;1;-4.2;0.470354443;4
62.9;1;-4.26;0.293399919;6
62.9;1;-4.29;0.325677154;6
62.9;1;-4.32;0.290168831;6
62.9;1;-4.35;0.31090207;6
62.9;1;-4.38;0.268269429;6
62.9;1;-4.41;0.333793964;6
62.9;1;-4.44;0.2935894;6
62.9;1;-4.47;0.317354631;6
62.9;1;-4.5;0.294897517;6
62.9;1;-4.53;0.269614806;6
62.9;1;-4.56;0.333292352;6
62.9;1;-4.59;0.323646008;6
62.9;1;-4.62;0.25391694;6
62.9;1;-4.65;0.277422931;6
62.9;1;-4.68;0.312594128;6
62.9;1;-4.71;0.257558768;6
62.9;1;-4.74;0.326721621;6
62.9;1;-4.77;0.321719547;6
62.9;1;-4.83;0.454143238;4
62.9;1;-4.86;0.412862154;4
62.9;1;-4.89;0.473167786;4
62.9;1;-4.92;0.417611911;4
62.9;1;-4.95;0.434857498;4
62.9;1;-5.01;0.303757575;6
62.9;1;-5.04;0.302123649;6
62.9;1;-5.07;0.309632537;6
62.9;1;-5.1;0.27109691;6
62.9;1;-5.13;0.332497504;6
62.9;1;-5.16;0.280318426;6
62.9;1;-5.19;0.271919413;6
62.9;1;-5.22;0.292489207;6
62.9;1;-5.25;0.306251644;6
62.9;1;-5.28;0.284175787;6
62.9;1;-5.31;0.311529516;6
62.9;1;-5.34;0.28361662;6
62.9;1;-5.37;0.329993484;6
62.9;1;-5.4;0.334616461;6
62.9;1;-5.43;0.323459224;6
62.9;1;-5.46;0.310909468;6
62.9;1;-5.49;0.281343915;6
62.9;1;-5.52;0.324640489;6
62.9;1;-5.55;0.300947144;6
62.9;1;-5.58;0.336205262;6
62.9;1;-5.61;0.304602825;6
62.9;1;-5.64;0.340676908;6
62.9;1;-5.67;0.262682307;6
62.9;1;-5.7;0.314163691;6
62.9;1;-5.73;0.344731627;6
62.9;1;-5.76;0.302380739;6
62.9;1;-5.79;0.334512229;6
62.9;1;-5.82;0.34564487;6
62.9;1;-5.85;0.271247748;6
62.9;1;-5.88;0.265329725;6
62.9;1;-5.91;0.272948902;6
62.9;1;-5.94;0.300569142;6
62.9;1;-5.97;0.341934657;6
62.9;1;-6;0.304019331;6
62.9;1;-6.03;0.271494975;6
62.9;1;-6.06;0.269742339;6
62.9;1;-6.09;0.295194154;6
62.9;1;-6.12;0.268471249;6
62.9;1;-6.15;0.337054127;6
62.9;1;-6.18;0.347508581;6
62.9;1;-6.21;0.318043968;6
62.9;1;-6.24;0.260283657;6
62.9;1;-6.27;0.348954698;6
62.9;1;-6.3;0.336159938;6
62.9;1;-6.33;0.30255696;6
62.9;1;-6.36;0.301355309;6
62.9;1;-6.39;0.306579399;6
62.9;1;-6.42;0.327410753;6
62.9;1;-6.45;0.291414721;6
62.9;1;-6.48;0.347854959;6
62.9;1;-6.51;0.309129364;6
62.9;1;-6.54;0.28767839;6
62.9;1;-6.57;0.314941483;6
62.9;1;-6.6;0.252841442;6
62.9;1;-6.75;0.278958431;6
62.9;1;-6.78;0.253812882;6
62.9;1;-6.81;0.276614373;6
62.9;1;-6.84;0.286943741;6
62.9;1;-6.87;0.270866758;6
62.9;1;-6.9;0.328334542;6
62.9;1;-6.93;0.255439183;6
62.9;1;-6.96;0.318475487;6
62.9;1;-6.99;0.251364752;6
62.9;1;-7.02;0.256400641;6
62.9;1;-7.05;0.250211286;6
62.9;1;-7.11;0.487033054;3
62.9;1;-7.14;0.44034896;3
62.9;1;-7.17;0.417969398;3
62.9;1;-7.2;0.493740384;3
62.9;1;-7.23;0.410270388;3
62.9;1;-7.29;0.462636761;4
62.9;1;-7.32;0.438793395;4
62.9;1;-7.35;0.462444174;4
62.9;1;-7.38;0.447862276;4
62.9;1;-7.44;0.29682224;6
62.9;1;-7.47;0.256783325;6
62.9;1;-7.5;0.264010832;6
62.9;1;-7.53;0.267913434;6
62.9;1;-7.56;0.320644616;6
62.9;1;-7.59;0.271456275;6
62.9;1;-7.62;0.322928383;6
62.9;1;-7.65;0.305309024;6
62.9;1;-7.68;0.269468249;6
62.9;1;-7.71;0.312741576;6
62.9;1;-7.74;0.342865418;6
62.9;1;-7.77;0.272897432;6
62.9;1;-7.8;0.311653775;6
62.9;1;-7.83;0.329598956;6
62.9;1;-7.89;0.434852057;3
62.9;1;-7.92;0.490100223;3
62.9;1;-7.95;0.47423874;3
62.9;1;-7.98;0.44469774;3
62.9;1;-8.01;0.46930568;3
62.9;1;-8.04;0.488611854;3
62.9;1;-8.07;0.473361034;3
62.9;1;-8.1;0.406592935;3
62.9;1;-8.13;0.402720466;3
62.9;1;-8.16;0.463255114;3
62.9;1;-8.19;0.433223372;3
62.9;1;-8.22;0.460601458;3
62.9;1;-8.25;0.411825321;3
62.9;1;-8.28;0.493859917;3
62.9;1;-8.31;0.434554399;3
62.9;1;-8.34;0.43975786;3
62.9;1;-8.37;0.442730459;3
62.9;1;-8.4;0.453028124;3
62.9;1;-8.43;0.457296665;3
62.9;1;-8.46;0.461515074;3
62.9;1;-8.49;0.472384468;3
62.9;1;-8.52;0.493855169;3
62.9;1;-8.55;0.485411746;3
62.9;1;-8.58;0.412783331;3
62.9;1;-8.61;0.489318894;3
62.9;1;-8.64;0.495140522;3
62.9;1;-8.67;0.422587796;3
62.9;1;-8.7;0.494120849;3
62.9;1;-8.73;0.418603584;3
62.9;1;-8.76;0.426572682;3
62.9;1;-8.79;0.435453608;3
62.9;1;-8.82;0.413379995;3
62.9;1;-8.85;0.411893694;3
62.9;1;-8.88;0.475473275;3
62.9;1;-8.91;0.466258013;3
62.9;1;-8.94;0.465570937;3
62.9;1;-8.97;0.426695903;3
62.9;1;-9;0.461377764;3
62.9;1;-9.06;0.262565342;6
62.9;1;-9.09;0.29258415;6
62.9;1;-9.12;0.299318267;6
62.9;1;-9.15;0.319328478;6
62.9;1;-9.18;0.254760241;6
62.9;1;-9.21;0.269011161;6
62.9;1;-9.27;0.455899899;4
62.9;1;-9.3;0.446870005;4
62.9;1;-9.33;0.486179373;4
62.9;1;-9.36;0.486739017;4
62.9;1;-9.39;0.451767793;4
62.9;1;-9.42;0.429516184;4
62.9;1;-9.45;0.493466613;4
62.9;1;-9.48;0.432397486;4
62.9;1;-9.51;0.485745757;4
62.9;1;-9.54;0.444593369;4
62.9;1;-9.57;0.464174276;4
62.9;1;-9.6;0.487294815;4
62.9;1;-9.63;0.483733875;4
62.9;1;-9.69;0.283498625;6
62.9;1;-9.72;0.276358672;6
62.9;1;-9.75;0.282205568;6
62.9;1;-9.78;0.344837726;6
62.9;1;-9.81;0.303800653;6
62.9;1;-9.84;0.26775876;6
62.9;1;-9.87;0.30012516;6
62.9;1;-9.9;0.289791198;6
62.9;1;-9.93;0.328955014;6
62.9;1;-9.96;0.272660544;6
62.9;1;-10.02;0.422201593;4
62.9;1;-10.05;0.484371446;4
62.9;1;-10.08;0.466625568;4
62.9;1;-10.11;0.413530781;4
62.9;1;-10.14;0.402700931;4
62.9;1;-10.2;0.265703512;6
62.9;1;-10.23;0.295093543;6
62.9;1;-10.29;0.294161825;6
62.9;1;-10.32;0.294982728;6
62.9;1;-10.35;0.29438826;6
62.9;1;-10.38;0.260235539;6
62.9;1;-10.41;0.316553903;6
62.9;1;-10.44;0.279397026;6
62.9;1;-10.47;0.281240894;6
62.9;1;-10.5;0.291701185;6
62.9;1;-10.53;0.296580605;6
62.9;1;-10.59;0.284813474;6
62.9;1;-10.62;0.28743928;6
62.9;1;-10.65;0.31045104;6
62.9;1;-10.68;0.252872251;6
62.9;1;-10.71;0.337267234;6
62.9;1;-10.74;0.299773249;6
62.9;1;-10.77;0.258413337;6
62.9;1;-10.8;0.282522164;6
62.9;1;-10.86;0.325395327;7
62.9;1;-10.89;0.300680803;7
62.9;1;-10.92;0.347409584;7
62.9;1;-10.95;0.332000083;7
62.9;1;-10.98;0.319199297;7
62.9;1;-11.01;0.318831755;7
62.9;1;-11.04;0.300895799;7
62.9;1;-11.07;0.316413283;7
62.9;1;-11.1;0.327329225;7
62.9;1;-11.13;0.336759125;7
62.9;1;-11.16;0.349664028;7
62.9;1;-11.19;0.346517099;7
62.9;1;-11.22;0.314391241;7
62.9;1;-11.25;0.344097627;7
62.9;1;-11.28;0.31432625;7
62.9;1;-11.34;0.301563281;7
62.9;1;-11.37;0.305817074;7
62.9;1;-11.4;0.307658377;7
62.9;1;-11.43;0.30914078;7
62.9;1;-11.46;0.308588791;7
62.9;1;-11.49;0.343640993;7
62.9;1;-11.52;0.337964497;7
62.9;1;-11.55;0.342487049;7
62.9;1;-11.58;0.323905335;7
62.9;1;-11.61;0.302045593;7
62.9;1;-11.64;0.305105624;7
62.9;1;-11.67;0.320689006;7
62.9;1;-11.7;0.322960737;7
62.9;1;-11.73;0.339982361;7
62.9;1;-11.76;0.310671643;7
62.9;1;-11.79;0.334895756;7
62.9;1;-11.82;0.30266829;7
62.9;1;-11.85;0.338550951;7
62.9;1;-11.88;0.324327576;7
62.9;1;-11.91;0.318684798;7
62.9;1;-11.94;0.325488679;7
62.9;1;-11.97;0.331349881;7
62.9;1;-12;0.301032176;7
62.9;1;-12.03;0.312442214;7
62.9;1;-12.06;0.342344534;7
62.9;1;-12.09;0.311248645;7
62.9;1;-12.12;0.342420773;7
62.9;1;-12.15;0.317363157;7
62.9;1;-12.18;0.301393008;7
62.9;1;-12.21;0.302601846;7
62.9;1;-12.24;0.304551414;7
62.9;1;-12.27;0.31060263;7
62.9;1;-12.3;0.338617947;7
62.9;1;-12.33;0.331117701;7
62.9;1;-12.36;0.301863455;7
62.9;1;-12.39;0.346386838;7
62.9;1;-12.42;0.349261994;7
62.9;1;-12.45;0.321587821;7
62.9;1;-12.48;0.323824891;7
62.9;1;-12.51;0.325623333;7
62.9;1;-12.57;0.421695411;3
62.9;1;-12.6;0.429671314;3
62.9;1;-12.63;0.400666253;3
62.9;1;-12.66;0.411426556;3
62.9;1;-12.69;0.420132949;3
62.9;1;-12.72;0.47680919;3
62.9;1;-12.75;0.438540826;3
62.9;1;-12.78;0.460533301;3
62.9;1;-12.81;0.449063365;3
62.9;1;-12.84;0.437828874;3
62.9;1;-12.87;0.474838835;3
62.9;1;-12.9;0.485957751;3
62.9;1;-12.93;0.445901063;3
62.9;1;-12.96;0.409265292;3
62.9;1;-12.99;0.416325736;3
62.9;1;-13.02;0.469067655;3
62.9;1;-13.05;0.411000007;3
62.9;1;-13.08;0.104132284;8
62.9;1;-13.11;0.125631448;8
62.9;1;-13.14;0.143579832;8
62.9;1;-13.17;0.106478285;8
62.9;1;-13.2;0.139211849;8
62.9;1;-13.23;0.121198036;8
62.9;1;-13.26;0.137690508;8
62.9;1;-13.29;0.109617662;8
62.9;1;-13.32;0.114676496;8
62.9;1;-13.35;0.100655551;8
62.9;1;-13.38;0.102574088;8
62.9;1;-13.41;0.103767402;8
62.9;1;-13.44;0.1045258;8
62.9;1;-13.47;0.147925224;8
62.9;1;-13.5;0.118388094;8
62.9;1;-13.53;0.142313906;8
62.9;1;-13.56;0.132746258;8
62.9;1;-13.59;0.14331981;8
62.9;1;-13.62;0.117586901;8
62.9;1;-13.65;0.141152637;8
62.9;1;-13.68;0.132187474;8
62.9;1;-13.71;0.110099188;8
62.9;1;-13.74;0.114384339;8
62.9;1;-13.77;0.143856308;8
62.9;1;-13.8;0.147503843;8
62.9;1;-13.83;0.102680294;8
62.9;1;-13.86;0.112014144;8
62.9;1;-13.89;0.108585636;8
62.9;1;-13.92;0.115689481;8
62.9;1;-13.95;0.138313717;8
62.9;1;-13.98;0.106946963;8
62.9;1;-14.01;0.12971871;8
62.9;1;-14.04;0.121039385;8
62.9;1;-14.07;0.116328179;8
62.9;1;-14.1;0.137955179;8
62.9;1;-14.13;0.136315046;8
62.9;1;-14.16;0.136992526;8
62.9;1;-14.19;0.143208253;8
62.9;1;-14.22;0.14238856;8
62.9;1;-14.25;0.134033857;8
62.9;1;-14.28;0.132984229;8
62.9;1;-14.31;0.12825891;8
62.9;1;-14.34;0.101864594;8
62.9;1;-14.37;0.138376309;8
62.9;1;-14.4;0.135785042;8
62.9;1;-14.43;0.106459046;8
62.9;1;-14.46;0.127160958;8
62.9;1;-14.49;0.134541727;8
62.9;1;-14.52;0.108361748;8
62.9;1;-14.55;0.14266266;8
62.9;1;-14.58;0.114648682;8
62.9;1;-14.61;0.101778185;8
62.9;1;-14.64;0.105382313;8
62.9;1;-14.67;0.116431036;8
62.9;1;-14.7;0.133239496;8
62.9;1;-14.73;0.137553246;8
62.9;1;-14.76;0.140157128;8
62.9;1;-14.79;0.140214331;8
62.9;1;-14.82;0.135685494;8
62.9;1;-14.85;0.110107746;8
62.9;1;-14.88;0.113326364;8
62.9;1;-14.91;0.102512973;8
62.9;1;-14.94;0.112393357;8
62.9;1;-14.97;0.136175432;8
62.9;1;-15;0.105244237;8
72.9;1;-0.1;0.399903324;1
72.9;1;-0.25;0.351668949;1
72.9;1;-0.4;0.669187246;1
72.9;1;-0.55;0.510121126;1
72.9;1;-0.7;0.350357401;1
72.9;1;-0.85;0.492965496;1
72.9;1;-1;0.679533163;1
72.9;1;-1.15;0.548471342;1
72.9;1;-1.3;0.45348721;1
72.9;1;-1.45;0.332168693;1
72.9;1;-2.13;0.346030028;6
72.9;1;-2.16;0.268970579;6
72.9;1;-2.19;0.290059192;6
72.9;1;-2.22;0.304303634;6
72.9;1;-2.25;0.349145034;6
72.9;1;-2.28;0.256790507;6
72.9;1;-2.31;0.300821294;6
72.9;1;-2.34;0.330350166;6
72.9;1;-2.37;0.330653235;6
72.9;1;-2.4;0.257644191;6
72.9;1;-2.43;0.332637879;6
72.9;1;-2.46;0.280334744;6
72.9;1;-2.49;0.322906431;6
72.9;1;-2.52;0.253034555;6
72.9;1;-2.55;0.31048634;6
72.9;1;-2.58;0.283214797;6
72.9;1;-2.61;0.276925768;6
72.9;1;-2.64;0.320441102;6
72.9;1;-2.67;0.274559454;6
72.9;1;-2.7;0.347459194;6
72.9;1;-2.73;0.347198595;6
72.9;1;-2.76;0.285319886;6
72.9;1;-2.79;0.278817788;6
72.9;1;-2.82;0.261933098;6
72.9;1;-2.85;0.318804096;6
72.9;1;-2.88;0.297505772;6
72.9;1;-2.94;0.435631106;2
72.9;1;-2.97;0.423199688;2
72.9;1;-3;0.40038362;2
72.9;1;-3.03;0.449191984;2
72.9;1;-3.06;0.459036228;2
72.9;1;-3.09;0.440323738;2
72.9;1;-3.12;0.461898412;2
72.9;1;-3.15;0.480100454;2
72.9;1;-3.18;0.498420762;2
72.9;1;-3.24;0.479555146;3
72.9;1;-3.27;0.40827594;3
72.9;1;-3.3;0.41723392;3
72.9;1;-3.33;0.426974527;3
72.9;1;-3.36;0.409461567;3
72.9;1;-3.39;0.430002505;3
72.9;1;-3.42;0.451300487;3
72.9;1;-3.45;0.421728781;3
72.9;1;-3.48;0.494405182;3
72.9;1;-3.51;0.467580934;3
72.9;1;-3.54;0.438779536;3
72.9;1;-3.57;0.411779245;3
72.9;1;-3.6;0.416721623;3
72.9;1;-3.63;0.419109001;3
72.9;1;-3.66;0.479188135;3
72.9;1;-3.69;0.475106949;3
72.9;1;-3.72;0.425395698;3
72.9;1;-3.75;0.497883392;3
72.9;1;-3.84;0.320105919;6
72.9;1;-3.87;0.340982183;6
72.9;1;-3.9;0.333583924;6
72.9;1;-3.93;0.304062105;6
72.9;1;-3.96;0.272098106;6
72.9;1;-3.99;0.276685634;6
72.9;1;-4.02;0.333676456;6
72.9;1;-4.05;0.270124837;6
72.9;1;-4.08;0.30719502;6
72.9;1;-4.11;0.340210648;6
72.9;1;-4.14;0.289023894;6
72.9;1;-4.17;0.282799363;6
72.9;1;-4.2;0.339623051;6
72.9;1;-4.23;0.327851688;6
72.9;1;-4.26;0.250594862;6
72.9;1;-4.29;0.303990036;6
72.9;1;-4.32;0.284032295;6
72.9;1;-4.35;0.315797276;6
72.9;1;-4.38;0.27308889;6
72.9;1;-4.41;0.294885942;6
72.9;1;-4.44;0.320222853;6
72.9;1;-4.47;0.344988346;6
72.9;1;-4.5;0.30908787;6
72.9;1;-4.53;0.281229205;6
72.9;1;-4.56;0.315512661;6
72.9;1;-4.59;0.314365515;6
72.9;1;-4.62;0.334968538;6
72.9;1;-4.65;0.282071564;6
72.9;1;-4.68;0.252248458;6
72.9;1;-4.71;0.346038138;6
72.9;1;-4.74;0.337629849;6
72.9;1;-4.77;0.331646945;6
72.9;1;-4.8;0.323617547;6
72.9;1;-4.83;0.292427473;6
72.9;1;-4.86;0.259287784;6
72.9;1;-4.89;0.266599551;6
72.9;1;-4.92;0.274553295;6
72.9;1;-4.95;0.341606573;6
72.9;1;-4.98;0.281726571;6
72.9;1;-5.01;0.306734417;6
72.9;1;-5.04;0.301755488;6
72.9;1;-5.07;0.344041134;6
72.9;1;-5.1;0.282383283;6
72.9;1;-5.13;0.32631699;6
72.9;1;-5.16;0.336638659;6
72.9;1;-5.19;0.31852651;6
72.9;1;-5.22;0.280444883;6
72.9;1;-5.25;0.291714674;6
72.9;1;-5.28;0.324699452;6
72.9;1;-5.31;0.273662786;6
72.9;1;-5.34;0.343763098;6
72.9;1;-5.37;0.345205452;6
72.9;1;-5.4;0.292234039;6
72.9;1;-5.43;0.336241327;6
72.9;1;-5.46;0.301066638;6
72.9;1;-5.49;0.305878793;6
72.9;1;-5.52;0.324755487;6
72.9;1;-5.55;0.265163041;6
72.9;1;-5.58;0.262710593;6
72.9;1;-5.61;0.287215129;6
72.9;1;-5.64;0.259273629;6
72.9;1;-5.67;0.270075421;6
72.9;1;-5.7;0.283182398;6
72.9;1;-5.73;0.313746188;6
72.9;1;-5.76;0.269624882;6
72.9;1;-5.79;0.265251431;6
72.9;1;-5.82;0.328849138;6
72.9;1;-5.85;0.269972256;6
72.9;1;-5.88;0.271176412;6
72.9;1;-5.91;0.27120873;6
72.9;1;-5.94;0.301511619;6
72.9;1;-5.97;0.300405835;6
72.9;1;-6;0.311855183;6
72.9;1;-6.03;0.316455548;6
72.9;1;-6.06;0.308088426;6
72.9;1;-6.09;0.262551039;6
72.9;1;-6.12;0.302904713;6
72.9;1;-6.15;0.271301844;6
72.9;1;-6.18;0.323500553;6
72.9;1;-6.21;0.291783228;6
72.9;1;-6.24;0.322969937;6
72.9;1;-6.27;0.264046045;6
72.9;1;-6.33;0.475132265;4
72.9;1;-6.36;0.438181718;4
72.9;1;-6.39;0.40640186;4
72.9;1;-6.42;0.418043386;4
72.9;1;-6.45;0.482413488;4
72.9;1;-6.48;0.444771034;4
72.9;1;-6.51;0.490256457;4
72.9;1;-6.54;0.484386604;4
72.9;1;-6.57;0.447682947;4
72.9;1;-6.6;0.461625542;4
72.9;1;-6.63;0.461845344;4
72.9;1;-6.66;0.482776492;4
72.9;1;-6.69;0.492527902;4
72.9;1;-6.72;0.460301378;4
72.9;1;-6.75;0.472767855;4
72.9;1;-6.78;0.499377824;4
72.9;1;-6.81;0.426349302;4
72.9;1;-6.84;0.484473608;4
72.9;1;-6.87;0.403870259;4
72.9;1;-6.9;0.470457764;4
72.9;1;-6.96;0.286924337;6
72.9;1;-6.99;0.308353;6
72.9;1;-7.02;0.259311546;6
72.9;1;-7.05;0.327260737;6
72.9;1;-7.08;0.253642144;6
72.9;1;-7.11;0.309840053;6
72.9;1;-7.14;0.285240732;6
72.9;1;-7.17;0.283943579;6
72.9;1;-7.2;0.347852102;6
72.9;1;-7.23;0.317234539;6
72.9;1;-7.26;0.343230472;6
72.9;1;-7.29;0.254042446;6
72.9;1;-7.32;0.286618835;6
72.9;1;-7.35;0.332637463;6
72.9;1;-7.38;0.302571114;6
72.9;1;-7.41;0.316829017;6
72.9;1;-7.44;0.305340541;6
72.9;1;-7.47;0.338435661;6
72.9;1;-7.5;0.280054858;6
72.9;1;-7.53;0.28691412;6
72.9;1;-7.56;0.274110775;6
72.9;1;-7.59;0.335333373;6
72.9;1;-7.62;0.328239639;6
72.9;1;-7.65;0.312408434;6
72.9;1;-7.68;0.265428607;6
72.9;1;-7.71;0.317961061;6
72.9;1;-7.74;0.301441215;6
72.9;1;-7.77;0.318757206;6
72.9;1;-7.8;0.284554973;6
72.9;1;-7.83;0.314798252;6
72.9;1;-7.86;0.297481944;6
72.9;1;-7.89;0.323951022;6
72.9;1;-7.92;0.33818257;6
72.9;1;-7.95;0.2611948;6
72.9;1;-7.98;0.343867414;6
72.9;1;-8.01;0.290620862;6
72.9;1;-8.04;0.280581521;6
72.9;1;-8.07;0.303531938;6
72.9;1;-8.1;0.31646735;6
72.9;1;-8.13;0.321511802;6
72.9;1;-8.16;0.294744317;6
72.9;1;-8.19;0.265499627;6
72.9;1;-8.22;0.272103698;6
72.9;1;-8.25;0.287956915;6
72.9;1;-8.28;0.349644463;6
72.9;1;-8.31;0.326397712;6
72.9;1;-8.34;0.26980884;6
72.9;1;-8.37;0.276069025;6
72.9;1;-8.43;0.444232982;3
72.9;1;-8.46;0.442567555;3
72.9;1;-8.49;0.400355324;3
72.9;1;-8.52;0.439835554;3
72.9;1;-8.55;0.4802483;3
72.9;1;-8.58;0.433747837;3
72.9;1;-8.61;0.416585687;3
72.9;1;-8.64;0.453251896;3
72.9;1;-8.67;0.46200154;3
72.9;1;-8.7;0.439332508;3
72.9;1;-8.73;0.473802125;3
72.9;1;-8.76;0.417657299;3
72.9;1;-8.79;0.471081585;3
72.9;1;-8.82;0.443743415;3
72.9;1;-8.85;0.46982714;3
72.9;1;-8.88;0.431586233;3
72.9;1;-8.91;0.402386632;3
72.9;1;-8.94;0.425180702;3
72.9;1;-8.97;0.474234945;3
72.9;1;-9;0.465876129;3
72.9;1;-9.03;0.465307344;3
72.9;1;-9.06;0.479619514;3
72.9;1;-9.09;0.487179827;3
72.9;1;-9.12;0.490411957;3
72.9;1;-9.15;0.426507135;3
72.9;1;-9.18;0.486049252;3
72.9;1;-9.21;0.428869503;3
72.9;1;-9.27;0.421516092;4
72.9;1;-9.3;0.493087277;4
72.9;1;-9.33;0.416566869;4
72.9;1;-9.36;0.485990959;4
72.9;1;-9.39;0.418098194;4
72.9;1;-9.42;0.408641075;4
72.9;1;-9.45;0.456907185;4
72.9;1;-9.48;0.412586314;4
72.9;1;-9.51;0.469316281;4
72.9;1;-9.54;0.4945185;4
72.9;1;-9.57;0.441246311;4
72.9;1;-9.6;0.471891148;4
72.9;1;-9.63;0.406322237;4
72.9;1;-9.66;0.426850625;4
72.9;1;-9.69;0.489865409;4
72.9;1;-9.72;0.494708893;4
72.9;1;-9.75;0.495331349;4
72.9;1;-9.78;0.474965476;4
72.9;1;-9.81;0.482957333;4
72.9;1;-9.84;0.461081121;4
72.9;1;-9.87;0.467319146;4
72.9;1;-9.9;0.445002214;4
72.9;1;-9.93;0.488082004;4
72.9;1;-9.99;0.334410848;6
72.9;1;-10.02;0.292507299;6
72.9;1;-10.08;0.279496575;6
72.9;1;-10.11;0.335925935;6
72.9;1;-10.14;0.325344336;6
72.9;1;-10.17;0.287035;6
72.9;1;-10.2;0.337996917;6
72.9;1;-10.23;0.34016626;6
72.9;1;-10.26;0.337338338;6
72.9;1;-10.32;0.269262337;6
72.9;1;-10.35;0.303504507;6
72.9;1;-10.38;0.286632396;6
72.9;1;-10.41;0.275270132;6
72.9;1;-10.44;0.282990653;6
72.9;1;-10.47;0.292709824;6
72.9;1;-10.5;0.292124147;6
72.9;1;-10.53;0.309776019;6
72.9;1;-10.56;0.263623015;6
72.9;1;-10.59;0.295490867;6
72.9;1;-10.62;0.299783624;6
72.9;1;-10.65;0.263547671;6
72.9;1;-10.71;0.305404322;7
72.9;1;-10.74;0.337385372;7
72.9;1;-10.77;0.306343168;7
72.9;1;-10.8;0.339705885;7
72.9;1;-10.83;0.325456957;7
72.9;1;-10.86;0.315256124;7
72.9;1;-10.89;0.318404425;7
72.9;1;-10.92;0.323551499;7
72.9;1;-10.95;0.347457926;7
72.9;1;-10.98;0.318869627;7
72.9;1;-11.01;0.315837131;7
72.9;1;-11.04;0.319538186;7
72.9;1;-11.07;0.301579746;7
72.9;1;-11.1;0.313369246;7
72.9;1;-11.13;0.329667548;7
72.9;1;-11.16;0.341461891;7
72.9;1;-11.19;0.334504517;7
72.9;1;-11.22;0.338080289;7
72.9;1;-11.25;0.303506981;7
72.9;1;-11.28;0.336805394;7
72.9;1;-11.31;0.300643067;7
72.9;1;-11.34;0.312054309;7
72.9;1;-11.37;0.304352468;7
72.9;1;-11.4;0.327293344;7
72.9;1;-11.43;0.315019396;7
72.9;1;-11.46;0.33849558;7
72.9;1;-11.49;0.338160438;7
72.9;1;-11.52;0.3330001;7
72.9;1;-11.55;0.331365944;7
72.9;1;-11.58;0.311875876;7
72.9;1;-11.61;0.342723877;7
72.9;1;-11.64;0.30030174;7
72.9;1;-11.67;0.346465651;7
72.9;1;-11.7;0.331561982;7
72.9;1;-11.73;0.349258612;7
72.9;1;-11.76;0.322265628;7
72.9;1;-11.79;0.32885838;7
72.9;1;-11.82;0.34355267;7
72.9;1;-11.85;0.31595218;7
72.9;1;-11.88;0.339948611;7
72.9;1;-11.91;0.323593004;7
72.9;1;-11.94;0.32026357;7
72.9;1;-11.97;0.332785163;7
72.9;1;-12;0.317321206;7
72.9;1;-12.03;0.311467487;7
72.9;1;-12.06;0.318706154;7
72.9;1;-12.09;0.309735851;7
72.9;1;-12.12;0.34573777;7
72.9;1;-12.15;0.305263821;7
72.9;1;-12.18;0.303929076;7
72.9;1;-12.21;0.300086305;7
72.9;1;-12.24;0.333094844;7
72.9;1;-12.27;0.318225025;7
72.9;1;-12.3;0.346343628;7
72.9;1;-12.33;0.304617153;7
72.9;1;-12.36;0.313027375;7
72.9;1;-12.39;0.32388039;7
72.9;1;-12.42;0.310315681;7
72.9;1;-12.45;0.33658857;7
72.9;1;-12.48;0.345631348;7
72.9;1;-12.54;0.489839499;3
72.9;1;-12.57;0.4207761;3
72.9;1;-12.6;0.425146036;3
72.9;1;-12.63;0.444479354;3
72.9;1;-12.66;0.46248866;3
72.9;1;-12.69;0.44803159;3
72.9;1;-12.72;0.442306669;3
72.9;1;-12.75;0.468709668;3
72.9;1;-12.78;0.452946536;3
72.9;1;-12.81;0.4082852;3
72.9;1;-12.84;0.470983303;3
72.9;1;-12.87;0.488617229;3
72.9;1;-12.9;0.452959273;3
72.9;1;-12.93;0.439508173;3
72.9;1;-12.96;0.472633528;3
72.9;1;-12.99;0.496018624;3
72.9;1;-13.02;0.451229526;3
72.9;1;-13.05;0.44550697;3
72.9;1;-13.08;0.400629012;3
72.9;1;-13.11;0.458019801;3
72.9;1;-13.14;0.129928921;8
72.9;1;-13.17;0.129453191;8
72.9;1;-13.2;0.135644978;8
72.9;1;-13.23;0.14340983;8
72.9;1;-13.26;0.116933658;8
72.9;1;-13.29;0.115519936;8
72.9;1;-13.32;0.139999065;8
72.9;1;-13.35;0.134475694;8
72.9;1;-13.38;0.112825713;8
72.9;1;-13.41;0.114342645;8
72.9;1;-13.44;0.132742777;8
72.9;1;-13.47;0.111951504;8
72.9;1;-13.5;0.146735157;8
72.9;1;-13.53;0.143745291;8
72.9;1;-13.56;0.112117239;8
72.9;1;-13.59;0.125130876;8
72.9;1;-13.62;0.133002714;8
72.9;1;-13.65;0.101769678;8
72.9;1;-13.68;0.105198601;8
72.9;1;-13.71;0.142714891;8
72.9;1;-13.74;0.129276671;8
72.9;1;-13.77;0.112309545;8
72.9;1;-13.8;0.117419602;8
72.9;1;-13.83;0.146882414;8
72.9;1;-13.86;0.148278436;8
72.9;1;-13.89;0.133933782;8
72.9;1;-13.92;0.122450021;8
72.9;1;-13.95;0.104252157;8
72.9;1;-13.98;0.129123803;8
72.9;1;-14.01;0.147148948;8
72.9;1;-14.04;0.14641961;8
72.9;1;-14.07;0.114167604;8
72.9;1;-14.1;0.103577458;8
72.9;1;-14.13;0.128157315;8
72.9;1;-14.16;0.13734372;8
72.9;1;-14.19;0.140053722;8
72.9;1;-14.22;0.14005392;8
72.9;1;-14.25;0.142235197;8
72.9;1;-14.28;0.118490555;8
72.9;1;-14.31;0.127128198;8
72.9;1;-14.34;0.127613621;8
72.9;1;-14.37;0.103641459;8
72.9;1;-14.4;0.103643828;8
72.9;1;-14.43;0.102745105;8
72.9;1;-14.46;0.124967266;8
72.9;1;-14.49;0.112165599;8
72.9;1;-14.52;0.14603779;8
72.9;1;-14.55;0.10573638;8
72.9;1;-14.58;0.132202273;8
72.9;1;-14.61;0.147724666;8
72.9;1;-14.64;0.144818288;8
72.9;1;-14.67;0.104324915;8
72.9;1;-14.7;0.12434307;8
72.9;1;-14.73;0.112227825;8
72.9;1;-14.76;0.130365779;8
72.9;1;-14.79;0.116123378;8
72.9;1;-14.82;0.103717341;8
72.9;1;-14.85;0.12341031;8
72.9;1;-14.88;0.119482838;8
72.9;1;-14.91;0.136902513;8
72.9;1;-14.94;0.127863639;8
72.9;1;-14.97;0.109030074;8
72.9;1;-15;0.135402037;8
84;1;-0.1;0.311077356;1
84;1;-0.25;0.592062365;1
84;1;-0.4;0.781085498;1
84;1;-0.55;0.304130355;1
84;1;-0.7;0.798725393;1
84;1;-0.85;0.599434418;1
84;1;-1;0.323391155;1
84;1;-1.15;0.791471588;1
84;1;-1.3;0.726565427;1
84;1;-1.45;0.661415212;1
84;1;-1.6;0.343467288;1
84;1;-1.75;0.591712612;1
84;1;-2.58;0.414848209;3
84;1;-2.61;0.408597397;3
84;1;-2.64;0.43413495;3
84;1;-2.67;0.469477677;3
84;1;-2.7;0.414362519;3
84;1;-2.73;0.442626144;3
84;1;-2.76;0.42396162;3
84;1;-2.79;0.468065322;3
84;1;-2.82;0.462775335;3
84;1;-2.85;0.427380567;3
84;1;-2.88;0.450353335;3
84;1;-2.91;0.45016374;3
84;1;-2.94;0.461590208;3
84;1;-2.97;0.420355541;3
84;1;-3;0.475145486;3
84;1;-3.03;0.430247228;3
84;1;-3.09;0.284609796;6
84;1;-3.12;0.347106533;6
84;1;-3.15;0.313794834;6
84;1;-3.18;0.329836948;6
84;1;-3.21;0.288630298;6
84;1;-3.24;0.326722043;6
84;1;-3.27;0.319437964;6
84;1;-3.3;0.301703363;6
84;1;-3.33;0.343695777;6
84;1;-3.36;0.297935878;6
84;1;-3.39;0.347563029;6
84;1;-3.42;0.281275883;6
84;1;-3.45;0.289294959;6
84;1;-3.48;0.310021235;6
84;1;-3.51;0.281810182;6
84;1;-3.54;0.266817128;6
84;1;-3.57;0.345950578;6
84;1;-3.6;0.328074076;6
84;1;-3.63;0.287525692;6
84;1;-3.66;0.306573362;6
84;1;-3.69;0.26948361;6
84;1;-3.72;0.286700011;6
84;1;-3.9;0.457883782;2
84;1;-3.93;0.449206257;2
84;1;-3.96;0.49293727;2
84;1;-3.99;0.482235231;2
84;1;-4.02;0.453134463;2
84;1;-4.05;0.429114642;2
84;1;-4.08;0.41191448;2
84;1;-4.11;0.423300654;2
84;1;-4.14;0.421463414;2
84;1;-4.2;0.435648782;3
84;1;-4.23;0.448711782;3
84;1;-4.26;0.432328159;3
84;1;-4.29;0.42520776;3
84;1;-4.32;0.43641855;3
84;1;-4.35;0.405345806;3
84;1;-4.38;0.450431546;3
84;1;-4.41;0.447418007;3
84;1;-4.44;0.47340067;3
84;1;-4.47;0.479197838;3
84;1;-4.5;0.493324559;3
84;1;-4.53;0.460512539;3
84;1;-4.59;0.274455787;6
84;1;-4.62;0.273015582;6
84;1;-4.65;0.327129919;6
84;1;-4.68;0.335242338;6
84;1;-4.71;0.346230585;6
84;1;-4.74;0.262819287;6
84;1;-4.77;0.301779425;6
84;1;-4.8;0.291288632;6
84;1;-4.83;0.265760236;6
84;1;-4.86;0.328028815;6
84;1;-4.89;0.255638559;6
84;1;-4.92;0.309930791;6
84;1;-4.95;0.317820375;6
84;1;-4.98;0.347537784;6
84;1;-5.01;0.288034693;6
84;1;-5.04;0.255389883;6
84;1;-5.07;0.262974316;6
84;1;-5.1;0.311238345;6
84;1;-5.13;0.252964437;6
84;1;-5.16;0.274636772;6
84;1;-5.19;0.252441621;6
84;1;-5.22;0.266033004;6
84;1;-5.25;0.254033251;6
84;1;-5.28;0.338785304;6
84;1;-5.31;0.296619344;6
84;1;-5.34;0.3299227;6
84;1;-5.37;0.301746264;6
84;1;-5.4;0.33999659;6
84;1;-5.43;0.278008021;6
84;1;-5.46;0.325803658;6
84;1;-5.49;0.256402614;6
84;1;-5.52;0.338654897;6
84;1;-5.55;0.29007882;6
84;1;-5.58;0.286341791;6
84;1;-5.61;0.324987522;6
84;1;-5.67;0.464974871;4
84;1;-5.7;0.475798993;4
84;1;-5.73;0.479930973;4
84;1;-5.76;0.422322171;4
84;1;-5.79;0.467142676;4
84;1;-5.82;0.44294493;4
84;1;-5.85;0.40237282;4
84;1;-5.88;0.414846326;4
84;1;-5.91;0.484875985;4
84;1;-5.94;0.434881494;4
84;1;-6;0.2932333;6
84;1;-6.03;0.330062328;6
84;1;-6.06;0.336897484;6
84;1;-6.09;0.330598296;6
84;1;-6.12;0.299999787;6
84;1;-6.15;0.346071958;6
84;1;-6.18;0.266339311;6
84;1;-6.21;0.348892852;6
84;1;-6.24;0.291427377;6
84;1;-6.27;0.25923778;6
84;1;-6.3;0.255125363;6
84;1;-6.33;0.276412206;6
84;1;-6.36;0.335002828;6
84;1;-6.39;0.252299813;6
84;1;-6.42;0.307150666;6
84;1;-6.45;0.312356208;6
84;1;-6.48;0.330209467;6
84;1;-6.51;0.347801519;6
84;1;-6.54;0.259110006;6
84;1;-6.57;0.322666893;6
84;1;-6.6;0.262258796;6
84;1;-6.66;0.342535125;6
84;1;-6.69;0.255068105;6
84;1;-6.72;0.328012261;6
84;1;-6.75;0.34387022;6
84;1;-6.78;0.310320023;6
84;1;-6.81;0.275335813;6
84;1;-6.87;0.485075545;4
84;1;-6.9;0.406034147;4
84;1;-6.93;0.434552021;4
84;1;-6.96;0.459633078;4
84;1;-6.99;0.492791339;4
84;1;-7.02;0.462816809;4
84;1;-7.05;0.453411812;4
84;1;-7.08;0.447969566;4
84;1;-7.11;0.463532583;4
84;1;-7.14;0.453535283;4
84;1;-7.17;0.4622325;4
84;1;-7.2;0.454480304;4
84;1;-7.23;0.481225862;4
84;1;-7.26;0.459947354;4
84;1;-7.29;0.405947871;4
84;1;-7.35;0.314185464;6
84;1;-7.38;0.337818733;6
84;1;-7.41;0.263998676;6
84;1;-7.44;0.293084407;6
84;1;-7.47;0.334144816;6
84;1;-7.5;0.284769115;6
84;1;-7.53;0.329080737;6
84;1;-7.56;0.287764079;6
84;1;-7.59;0.289242031;6
84;1;-7.62;0.334002149;6
84;1;-7.65;0.291997801;6
84;1;-7.68;0.320576129;6
84;1;-7.89;0.26666869;6
84;1;-7.92;0.260279771;6
84;1;-7.95;0.297850581;6
84;1;-7.98;0.304986321;6
84;1;-8.01;0.309918764;6
84;1;-8.04;0.281919797;6
84;1;-8.07;0.306807248;6
84;1;-8.1;0.289084064;6
84;1;-8.13;0.346851559;6
84;1;-8.16;0.311049714;6
84;1;-8.19;0.305068592;6
84;1;-8.22;0.309779245;6
84;1;-8.25;0.265751336;6
84;1;-8.28;0.291387417;6
84;1;-8.31;0.261164265;6
84;1;-8.34;0.326382909;6
84;1;-8.37;0.298473122;6
84;1;-8.4;0.331445831;6
84;1;-8.43;0.280585576;6
84;1;-8.46;0.333724163;6
84;1;-8.49;0.283594953;6
84;1;-8.52;0.280035256;6
84;1;-8.55;0.310589105;6
84;1;-8.58;0.257498752;6
84;1;-8.61;0.251388633;6
84;1;-8.67;0.465997653;3
84;1;-8.7;0.475305504;3
84;1;-8.73;0.472956359;3
84;1;-8.76;0.416342496;3
84;1;-8.79;0.426230819;3
84;1;-8.82;0.436506856;3
84;1;-8.85;0.45893245;3
84;1;-8.88;0.433790456;3
84;1;-8.91;0.44481614;3
84;1;-8.94;0.467729491;3
84;1;-8.97;0.459160945;3
84;1;-9;0.495670727;3
84;1;-9.03;0.400287033;3
84;1;-9.06;0.409291609;3
84;1;-9.09;0.454830107;3
84;1;-9.12;0.419791608;3
84;1;-9.15;0.409897108;3
84;1;-9.18;0.449295995;3
84;1;-9.21;0.427354011;3
84;1;-9.24;0.415237962;3
84;1;-9.3;0.400855139;4
84;1;-9.33;0.455206389;4
84;1;-9.36;0.453689012;4
84;1;-9.39;0.46061283;4
84;1;-9.42;0.445933348;4
84;1;-9.45;0.492077988;4
84;1;-9.48;0.433395327;4
84;1;-9.51;0.453529373;4
84;1;-9.54;0.418931743;4
84;1;-9.57;0.437165094;4
84;1;-9.6;0.420624913;4
84;1;-9.63;0.44834052;4
84;1;-9.66;0.464381275;4
84;1;-9.69;0.406381357;4
84;1;-9.72;0.436686846;4
84;1;-9.75;0.40768966;4
84;1;-9.78;0.415947505;4
84;1;-9.81;0.430835643;4
84;1;-9.87;0.285224036;6
84;1;-9.9;0.267398359;6
84;1;-9.93;0.313811191;6
84;1;-9.99;0.34841294;6
84;1;-10.02;0.28578662;6
84;1;-10.05;0.312115924;6
84;1;-10.08;0.256741272;6
84;1;-10.11;0.327484941;6
84;1;-10.14;0.297102848;6
84;1;-10.17;0.303568386;6
84;1;-10.2;0.32555753;6
84;1;-10.23;0.34616454;6
84;1;-10.26;0.321011809;6
84;1;-10.32;0.25859145;6
84;1;-10.35;0.268018241;6
84;1;-10.38;0.255211104;6
84;1;-10.41;0.272179268;6
84;1;-10.44;0.275724603;6
84;1;-10.47;0.304622638;6
84;1;-10.5;0.277805005;6
84;1;-10.53;0.340492921;6
84;1;-10.56;0.312959805;6
84;1;-10.62;0.332602894;7
84;1;-10.65;0.306088075;7
84;1;-10.68;0.339474074;7
84;1;-10.71;0.308556994;7
84;1;-10.74;0.307636358;7
84;1;-10.77;0.313324469;7
84;1;-10.8;0.343770282;7
84;1;-10.83;0.316771415;7
84;1;-10.86;0.300985508;7
84;1;-10.89;0.331092799;7
84;1;-10.92;0.347597954;7
84;1;-10.95;0.346436225;7
84;1;-10.98;0.331672702;7
84;1;-11.01;0.334843419;7
84;1;-11.04;0.332445981;7
84;1;-11.07;0.340476232;7
84;1;-11.1;0.34917982;7
84;1;-11.13;0.31601329;7
84;1;-11.19;0.332811755;7
84;1;-11.22;0.344369109;7
84;1;-11.25;0.309437102;7
84;1;-11.28;0.304043253;7
84;1;-11.31;0.332901143;7
84;1;-11.34;0.309302988;7
84;1;-11.37;0.349674184;7
84;1;-11.4;0.31018282;7
84;1;-11.43;0.319096922;7
84;1;-11.46;0.344183194;7
84;1;-11.49;0.32618465;7
84;1;-11.52;0.321323367;7
84;1;-11.55;0.313855361;7
84;1;-11.58;0.306325516;7
84;1;-11.61;0.320519513;7
84;1;-11.64;0.324304256;7
84;1;-11.67;0.311220389;7
84;1;-11.7;0.332812637;7
84;1;-11.73;0.323350765;7
84;1;-11.76;0.332067402;7
84;1;-11.79;0.305295183;7
84;1;-11.82;0.349853968;7
84;1;-11.85;0.317761664;7
84;1;-11.91;0.459803466;3
84;1;-11.94;0.413808011;3
84;1;-11.97;0.42414102;3
84;1;-12;0.432565946;3
84;1;-12.03;0.421602793;3
84;1;-12.09;0.497524218;2
84;1;-12.12;0.404832276;2
84;1;-12.15;0.441479263;2
84;1;-12.18;0.473190151;2
84;1;-12.21;0.425478554;2
84;1;-12.24;0.407725049;2
84;1;-12.27;0.417552117;2
84;1;-12.3;0.479042642;2
84;1;-12.33;0.413910432;2
84;1;-12.36;0.412667216;2
84;1;-12.39;0.44815886;2
84;1;-12.42;0.486854811;2
84;1;-12.45;0.413278737;2
84;1;-12.48;0.416262274;2
84;1;-12.51;0.417422656;2
84;1;-12.54;0.433126889;2
84;1;-12.57;0.494989499;2
84;1;-12.6;0.475742547;2
84;1;-12.63;0.116735565;8
84;1;-12.66;0.102423772;8
84;1;-12.69;0.138338445;8
84;1;-12.72;0.149296082;8
84;1;-12.75;0.130368817;8
84;1;-12.78;0.117351938;8
84;1;-12.81;0.119123392;8
84;1;-12.84;0.104787105;8
84;1;-12.87;0.148432974;8
84;1;-12.9;0.107806473;8
84;1;-12.93;0.129262096;8
84;1;-12.96;0.114733016;8
84;1;-12.99;0.102519929;8
84;1;-13.02;0.144039732;8
84;1;-13.05;0.146620544;8
84;1;-13.08;0.119481889;8
84;1;-13.11;0.13910287;8
84;1;-13.14;0.1280022;8
84;1;-13.17;0.127957803;8
84;1;-13.2;0.120815957;8
84;1;-13.23;0.127701503;8
84;1;-13.26;0.147662719;8
84;1;-13.29;0.135175904;8
84;1;-13.32;0.122534651;8
84;1;-13.35;0.129462148;8
84;1;-13.38;0.108372104;8
84;1;-13.41;0.137982305;8
84;1;-13.44;0.106215476;8
84;1;-13.47;0.132697188;8
84;1;-13.5;0.138090446;8
84;1;-13.53;0.138794766;8
84;1;-13.56;0.101146258;8
84;1;-13.59;0.100889787;8
84;1;-13.62;0.131933918;8
84;1;-13.65;0.101252979;8
84;1;-13.68;0.145579272;8
84;1;-13.71;0.113997688;8
84;1;-13.74;0.120046739;8
84;1;-13.77;0.13007425;8
84;1;-13.8;0.127952309;8
84;1;-13.83;0.13406486;8
84;1;-13.86;0.102637905;8
84;1;-13.89;0.138926636;8
84;1;-13.92;0.102001912;8
84;1;-13.95;0.143392171;8
84;1;-13.98;0.10501097;8
84;1;-14.01;0.135651341;8
84;1;-14.04;0.14379317;8
84;1;-14.07;0.118460496;8
84;1;-14.1;0.12734335;8
84;1;-14.13;0.106065874;8
84;1;-14.16;0.121167142;8
84;1;-14.19;0.115949417;8
84;1;-14.22;0.117301378;8
84;1;-14.25;0.14650331;8
84;1;-14.28;0.130811045;8
84;1;-14.31;0.120529968;8
84;1;-14.34;0.132694056;8
84;1;-14.37;0.116549611;8
84;1;-14.4;0.126555979;8
84;1;-14.43;0.143138489;8
84;1;-14.46;0.101359092;8
84;1;-14.49;0.102097649;8
84;1;-14.52;0.11188733;8
84;1;-14.55;0.121021841;8
84;1;-14.58;0.137722327;8
84;1;-14.61;0.119851502;8
84;1;-14.64;0.110081779;8
84;1;-14.67;0.110236013;8
84;1;-14.7;0.124836209;8
84;1;-14.73;0.117592834;8
84;1;-14.76;0.111934665;8
84;1;-14.79;0.133309124;8
84;1;-14.82;0.119661295;8
84;1;-14.85;0.123059672;8
84;1;-14.88;0.109205162;8
84;1;-14.91;0.14701941;8
84;1;-14.94;0.141337551;8
84;1;-14.97;0.123935833;8
84;1;-15;0.117957817;8
91.9;1;-0.15;0.733169456;1
91.9;1;-0.3;0.473319638;1
91.9;1;-0.45;0.343077596;1
91.9;1;-0.6;0.406753027;1
91.9;1;-0.75;0.386180136;1
91.9;1;-0.9;0.572002293;1
91.9;1;-1.05;0.485316678;1
91.9;1;-1.2;0.342532642;1
91.9;1;-1.35;0.53135731;1
91.9;1;-2.49;0.460240027;2
91.9;1;-2.52;0.422105897;2
91.9;1;-2.55;0.435549765;2
91.9;1;-2.58;0.472778804;2
91.9;1;-2.61;0.465584067;2
91.9;1;-2.64;0.430407633;2
91.9;1;-2.67;0.418420942;2
91.9;1;-2.7;0.48011328;2
91.9;1;-2.73;0.464644002;2
91.9;1;-2.76;0.446686512;2
91.9;1;-2.82;0.461877564;3
91.9;1;-2.85;0.46652805;3
91.9;1;-2.88;0.497879176;3
91.9;1;-2.91;0.415858727;3
91.9;1;-2.94;0.420029789;3
91.9;1;-2.97;0.40310016;3
91.9;1;-3;0.499911906;3
91.9;1;-3.03;0.423052784;3
91.9;1;-3.06;0.492419334;3
91.9;1;-3.09;0.450178848;3
91.9;1;-3.12;0.495768502;3
91.9;1;-3.15;0.42389883;3
91.9;1;-3.18;0.42656438;3
91.9;1;-3.21;0.434677286;3
91.9;1;-3.24;0.407346345;3
91.9;1;-3.27;0.453832781;3
91.9;1;-3.3;0.453101027;3
91.9;1;-3.33;0.408402181;3
91.9;1;-3.39;0.4190632;3
91.9;1;-3.42;0.411640683;3
91.9;1;-3.45;0.43872675;3
91.9;1;-3.48;0.470273811;3
91.9;1;-3.51;0.464151896;3
91.9;1;-3.54;0.446217422;3
91.9;1;-3.57;0.496927454;3
91.9;1;-3.6;0.480391344;3
91.9;1;-3.63;0.422671194;3
91.9;1;-3.66;0.401463903;3
91.9;1;-3.69;0.444220723;3
91.9;1;-3.72;0.470047185;3
91.9;1;-3.75;0.484496757;3
91.9;1;-3.78;0.474719926;3
91.9;1;-3.81;0.409545834;3
91.9;1;-3.84;0.437686552;3
91.9;1;-3.87;0.471728375;3
91.9;1;-3.9;0.432812837;3
91.9;1;-3.93;0.456623213;3
91.9;1;-3.99;0.323222873;6
91.9;1;-4.02;0.283351122;6
91.9;1;-4.05;0.272541524;6
91.9;1;-4.08;0.309184449;6
91.9;1;-4.11;0.283947352;6
91.9;1;-4.14;0.34260956;6
91.9;1;-4.17;0.30596405;6
91.9;1;-4.2;0.311431122;6
91.9;1;-4.23;0.343315014;6
91.9;1;-4.26;0.296158428;6
91.9;1;-4.29;0.29145673;6
91.9;1;-4.32;0.25418059;6
91.9;1;-4.35;0.301296141;6
91.9;1;-4.38;0.313175863;6
91.9;1;-4.41;0.305155587;6
91.9;1;-4.44;0.291619957;6
91.9;1;-4.47;0.287275941;6
91.9;1;-4.5;0.314474097;6
91.9;1;-4.53;0.346230794;6
91.9;1;-4.56;0.25543101;6
91.9;1;-4.59;0.250647907;6
91.9;1;-4.62;0.256168479;6
91.9;1;-4.65;0.26598588;6
91.9;1;-4.68;0.276377411;6
91.9;1;-4.71;0.335218649;6
91.9;1;-4.74;0.312190592;6
91.9;1;-4.77;0.344551069;6
91.9;1;-4.8;0.294425576;6
91.9;1;-4.83;0.273556755;6
91.9;1;-4.86;0.332967861;6
91.9;1;-4.89;0.309146802;6
91.9;1;-4.95;0.402192192;3
91.9;1;-4.98;0.475083306;3
91.9;1;-5.01;0.467020099;3
91.9;1;-5.04;0.477810164;3
91.9;1;-5.07;0.471060661;3
91.9;1;-5.1;0.44301979;3
91.9;1;-5.13;0.47507382;3
91.9;1;-5.16;0.404955214;3
91.9;1;-5.19;0.477251134;3
91.9;1;-5.22;0.433724581;3
91.9;1;-5.28;0.272891305;6
91.9;1;-5.31;0.272050119;6
91.9;1;-5.34;0.340299271;6
91.9;1;-5.37;0.321233326;6
91.9;1;-5.4;0.274217602;6
91.9;1;-5.43;0.27245319;6
91.9;1;-5.46;0.274546971;6
91.9;1;-5.49;0.330655115;6
91.9;1;-5.52;0.339250569;6
91.9;1;-5.55;0.326005621;6
91.9;1;-5.58;0.261753202;6
91.9;1;-5.61;0.332847532;6
91.9;1;-5.64;0.250572351;6
91.9;1;-5.67;0.341177503;6
91.9;1;-5.7;0.285604457;6
91.9;1;-5.73;0.312205395;6
91.9;1;-5.76;0.307648718;6
91.9;1;-5.79;0.274171101;6
91.9;1;-5.82;0.258275529;6
91.9;1;-5.85;0.271772345;6
91.9;1;-5.88;0.28772303;6
91.9;1;-5.91;0.311689364;6
91.9;1;-5.94;0.312328288;6
91.9;1;-5.97;0.325881871;6
91.9;1;-6;0.325163929;6
91.9;1;-6.03;0.267684019;6
91.9;1;-6.09;0.475165103;4
91.9;1;-6.12;0.442720676;4
91.9;1;-6.15;0.431741041;4
91.9;1;-6.18;0.439131142;4
91.9;1;-6.21;0.435623787;4
91.9;1;-6.24;0.413378639;4
91.9;1;-6.27;0.409056405;4
91.9;1;-6.33;0.256912513;6
91.9;1;-6.36;0.333307815;6
91.9;1;-6.39;0.298520092;6
91.9;1;-6.42;0.333856048;6
91.9;1;-6.45;0.342634346;6
91.9;1;-6.48;0.257231413;6
91.9;1;-6.51;0.291625027;6
91.9;1;-6.54;0.317558605;6
91.9;1;-6.57;0.305989087;6
91.9;1;-6.6;0.266587747;6
91.9;1;-6.63;0.338425672;6
91.9;1;-6.66;0.282603317;6
91.9;1;-6.69;0.321154875;6
91.9;1;-6.72;0.301007159;6
91.9;1;-6.75;0.349661422;6
91.9;1;-6.78;0.348752183;6
91.9;1;-6.81;0.299653929;6
91.9;1;-6.84;0.346970829;6
91.9;1;-6.87;0.332325514;6
91.9;1;-6.9;0.319325265;6
91.9;1;-6.93;0.252479538;6
91.9;1;-6.96;0.259279161;6
91.9;1;-7.02;0.295936786;6
91.9;1;-7.05;0.25625246;6
91.9;1;-7.08;0.304016793;6
91.9;1;-7.11;0.281251979;6
91.9;1;-7.14;0.328976985;6
91.9;1;-7.17;0.292759045;6
91.9;1;-7.2;0.313856308;6
91.9;1;-7.23;0.282074389;6
91.9;1;-7.26;0.298369059;6
91.9;1;-7.29;0.278501372;6
91.9;1;-7.32;0.321746922;6
91.9;1;-7.35;0.340770763;6
91.9;1;-7.38;0.277529722;6
91.9;1;-7.41;0.28673457;6
91.9;1;-7.47;0.488993821;3
91.9;1;-7.5;0.487192812;3
91.9;1;-7.53;0.489078685;3
91.9;1;-7.56;0.437751756;3
91.9;1;-7.59;0.499250456;3
91.9;1;-7.62;0.49289487;3
91.9;1;-7.77;0.25803421;6
91.9;1;-7.8;0.324836153;6
91.9;1;-7.83;0.324996503;6
91.9;1;-7.86;0.321976181;6
91.9;1;-7.89;0.345998606;6
91.9;1;-7.92;0.261312117;6
91.9;1;-7.95;0.321282411;6
91.9;1;-7.98;0.308118357;6
91.9;1;-8.01;0.273878857;6
91.9;1;-8.04;0.317821971;6
91.9;1;-8.07;0.263375846;6
91.9;1;-8.1;0.335587399;6
91.9;1;-8.13;0.257637924;6
91.9;1;-8.16;0.327083083;6
91.9;1;-8.19;0.25080637;6
91.9;1;-8.22;0.287389345;6
91.9;1;-8.25;0.264759769;6
91.9;1;-8.28;0.264396764;6
91.9;1;-8.31;0.267634693;6
91.9;1;-8.37;0.41598221;3
91.9;1;-8.4;0.431218478;3
91.9;1;-8.43;0.429564296;3
91.9;1;-8.46;0.47191269;3
91.9;1;-8.49;0.403610946;3
91.9;1;-8.52;0.403124208;3
91.9;1;-8.55;0.445140662;3
91.9;1;-8.58;0.495429298;3
91.9;1;-8.61;0.406845213;3
91.9;1;-8.64;0.43607491;3
91.9;1;-8.67;0.431431639;3
91.9;1;-8.7;0.472568035;3
91.9;1;-8.73;0.420435431;3
91.9;1;-8.76;0.472565061;3
91.9;1;-8.79;0.445772684;3
91.9;1;-8.82;0.410175801;3
91.9;1;-8.85;0.405250053;3
91.9;1;-8.88;0.416194468;3
91.9;1;-8.94;0.442569746;4
91.9;1;-8.97;0.408675919;4
91.9;1;-9;0.414250037;4
91.9;1;-9.03;0.474757545;4
91.9;1;-9.06;0.453305965;4
91.9;1;-9.09;0.428076992;4
91.9;1;-9.12;0.417852815;4
91.9;1;-9.15;0.44206392;4
91.9;1;-9.18;0.499086451;4
91.9;1;-9.21;0.46877902;4
91.9;1;-9.24;0.425293583;4
91.9;1;-9.27;0.436423084;4
91.9;1;-9.3;0.402814743;4
91.9;1;-9.33;0.457723298;4
91.9;1;-9.36;0.436807062;4
91.9;1;-9.39;0.406879028;4
91.9;1;-9.42;0.470721329;4
91.9;1;-9.45;0.461139326;4
91.9;1;-9.48;0.488626591;4
91.9;1;-9.51;0.409638999;4
91.9;1;-9.57;0.28969797;6
91.9;1;-9.6;0.278477058;6
91.9;1;-9.63;0.292174944;6
91.9;1;-9.66;0.316707448;6
91.9;1;-9.69;0.271412213;6
91.9;1;-9.75;0.344670832;6
91.9;1;-9.78;0.262105981;6
91.9;1;-9.81;0.336080682;6
91.9;1;-9.84;0.293834195;6
91.9;1;-9.87;0.263748593;6
91.9;1;-9.9;0.348478629;6
91.9;1;-9.93;0.316371182;6
91.9;1;-9.96;0.330629732;6
91.9;1;-9.99;0.278688075;6
91.9;1;-10.02;0.336251028;6
91.9;1;-10.05;0.265025284;6
91.9;1;-10.08;0.254611548;6
91.9;1;-10.11;0.342189426;6
91.9;1;-10.14;0.292958857;6
91.9;1;-10.17;0.280736298;6
91.9;1;-10.23;0.305349197;6
91.9;1;-10.26;0.341264395;6
91.9;1;-10.29;0.306276769;6
91.9;1;-10.32;0.250023916;6
91.9;1;-10.35;0.294326595;6
91.9;1;-10.38;0.310746786;6
91.9;1;-10.41;0.34400777;6
91.9;1;-10.44;0.257334164;6
91.9;1;-10.47;0.325084416;6
91.9;1;-10.5;0.329283;6
91.9;1;-10.56;0.333701447;7
91.9;1;-10.59;0.309512626;7
91.9;1;-10.62;0.305959133;7
91.9;1;-10.65;0.33823984;7
91.9;1;-10.68;0.337406015;7
91.9;1;-10.71;0.324611008;7
91.9;1;-10.74;0.316800431;7
91.9;1;-10.77;0.343023057;7
91.9;1;-10.8;0.341064888;7
91.9;1;-10.83;0.326546585;7
91.9;1;-10.86;0.317699155;7
91.9;1;-10.89;0.346837237;7
91.9;1;-10.92;0.302020081;7
91.9;1;-10.98;0.329365993;7
91.9;1;-11.01;0.3487614;7
91.9;1;-11.04;0.302605941;7
91.9;1;-11.07;0.304219806;7
91.9;1;-11.1;0.349266554;7
91.9;1;-11.13;0.306765248;7
91.9;1;-11.16;0.339785622;7
91.9;1;-11.19;0.337766097;7
91.9;1;-11.22;0.336464917;7
91.9;1;-11.25;0.346022899;7
91.9;1;-11.28;0.313834148;7
91.9;1;-11.31;0.323420826;7
91.9;1;-11.34;0.317635591;7
91.9;1;-11.37;0.330926466;7
91.9;1;-11.4;0.349827894;7
91.9;1;-11.43;0.310219229;7
91.9;1;-11.46;0.318370311;7
91.9;1;-11.49;0.310709838;7
91.9;1;-11.52;0.328560805;7
91.9;1;-11.55;0.316810054;7
91.9;1;-11.58;0.345389241;7
91.9;1;-11.61;0.323322385;7
91.9;1;-11.64;0.324656192;7
91.9;1;-11.7;0.325795261;7
91.9;1;-11.73;0.325548435;7
91.9;1;-11.76;0.301252116;7
91.9;1;-11.79;0.346700095;7
91.9;1;-11.82;0.330413817;7
91.9;1;-11.85;0.322893501;7
91.9;1;-11.88;0.315455769;7
91.9;1;-11.91;0.310037884;7
91.9;1;-11.94;0.326218105;7
91.9;1;-11.97;0.307162377;7
91.9;1;-12.03;0.409485215;3
91.9;1;-12.06;0.42599014;3
91.9;1;-12.09;0.447282689;3
91.9;1;-12.12;0.402707858;3
91.9;1;-12.15;0.421401827;3
91.9;1;-12.18;0.492684279;3
91.9;1;-12.24;0.447595718;2
91.9;1;-12.27;0.42530028;2
91.9;1;-12.3;0.417667946;2
91.9;1;-12.33;0.449388034;2
91.9;1;-12.36;0.410856527;2
91.9;1;-12.39;0.492269021;2
91.9;1;-12.42;0.401574311;2
91.9;1;-12.45;0.4722956;2
91.9;1;-12.48;0.410698112;2
91.9;1;-12.51;0.40971683;2
91.9;1;-12.54;0.480915135;2
91.9;1;-12.57;0.458131312;2
91.9;1;-12.6;0.470235633;2
91.9;1;-12.63;0.497368545;2
91.9;1;-12.66;0.11094218;8
91.9;1;-12.69;0.117697469;8
91.9;1;-12.72;0.106993913;8
91.9;1;-12.75;0.109699067;8
91.9;1;-12.78;0.126124022;8
91.9;1;-12.81;0.126260126;8
91.9;1;-12.84;0.120769383;8
91.9;1;-12.87;0.119180781;8
91.9;1;-12.9;0.14337973;8
91.9;1;-12.93;0.104430776;8
91.9;1;-12.96;0.122615924;8
91.9;1;-12.99;0.128794691;8
91.9;1;-13.02;0.108919324;8
91.9;1;-13.05;0.13734525;8
91.9;1;-13.08;0.11011635;8
91.9;1;-13.11;0.140662257;8
91.9;1;-13.14;0.147306467;8
91.9;1;-13.17;0.11594234;8
91.9;1;-13.2;0.102191506;8
91.9;1;-13.23;0.148862459;8
91.9;1;-13.26;0.142755992;8
91.9;1;-13.29;0.100567522;8
91.9;1;-13.32;0.108242349;8
91.9;1;-13.35;0.111518909;8
91.9;1;-13.38;0.121147974;8
91.9;1;-13.41;0.110617528;8
91.9;1;-13.44;0.112802254;8
91.9;1;-13.47;0.129928992;8
91.9;1;-13.5;0.12671009;8
91.9;1;-13.53;0.137489672;8
91.9;1;-13.56;0.111754758;8
91.9;1;-13.59;0.127903476;8
91.9;1;-13.62;0.125740204;8
91.9;1;-13.65;0.121535727;8
91.9;1;-13.68;0.140084714;8
91.9;1;-13.71;0.108479347;8
91.9;1;-13.74;0.128495118;8
91.9;1;-13.77;0.13851947;8
91.9;1;-13.8;0.144018767;8
91.9;1;-13.83;0.134273525;8
91.9;1;-13.86;0.112007183;8
91.9;1;-13.89;0.109063728;8
91.9;1;-13.92;0.128076848;8
91.9;1;-13.95;0.14589997;8
91.9;1;-13.98;0.125649306;8
91.9;1;-14.01;0.134208747;8
91.9;1;-14.04;0.102981127;8
91.9;1;-14.07;0.109838407;8
91.9;1;-14.1;0.1135766;8
91.9;1;-14.13;0.117782999;8
91.9;1;-14.16;0.11273532;8
91.9;1;-14.19;0.14803878;8
91.9;1;-14.22;0.135653734;8
91.9;1;-14.25;0.115789075;8
91.9;1;-14.28;0.135731239;8
91.9;1;-14.31;0.132364077;8
91.9;1;-14.34;0.101227315;8
91.9;1;-14.37;0.127488777;8
91.9;1;-14.4;0.100001085;8
91.9;1;-14.43;0.101596603;8
91.9;1;-14.46;0.133787995;8
91.9;1;-14.49;0.143199352;8
91.9;1;-14.52;0.146627557;8
91.9;1;-14.55;0.113995596;8
91.9;1;-14.58;0.132129135;8
91.9;1;-14.61;0.136226955;8
91.9;1;-14.64;0.101943377;8
91.9;1;-14.67;0.146988019;8
91.9;1;-14.7;0.113873419;8
91.9;1;-14.73;0.12238809;8
91.9;1;-14.76;0.126217905;8
91.9;1;-14.79;0.101379022;8
91.9;1;-14.82;0.145229849;8
91.9;1;-14.85;0.113436233;8
91.9;1;-14.88;0.105261196;8
91.9;1;-14.91;0.12427142;8
91.9;1;-14.94;0.110886242;8
91.9;1;-14.97;0.107256932;8
91.9;1;-15;0.101401903;8
