X;Y;Z;S;A;Q;C
1416683.679219;4856681.793857;-0.25;447.529995;0.123009;228.593891;1
1416684.054939;4856681.463956;-0.25;443.983406;0.130875;213.152554;1
1416684.430659;4856681.134056;-0.25;440.809913;0.143104;193.543649;1
1416684.806379;4856680.804155;-0.25;437.415192;0.150976;182.039004;1
1416685.182099;4856680.474254;-0.25;431.84054;0.165164;164.281636;1
1416685.557819;4856680.144354;-0.25;424.963644;0.177545;150.391561;1
1416685.933539;4856679.814453;-0.25;417.389107;0.191983;136.602191;1
1416686.309259;4856679.484553;-0.25;410.278158;0.197584;130.46846;1
1416686.68498;4856679.154652;-0.25;393.790443;0.206796;119.647176;1
1416687.0607;4856678.824751;-0.25;392.888587;0.20452;120.701787;1
1416687.43642;4856678.494851;-0.25;393.462986;0.207598;119.085847;1
1416687.81214;4856678.16495;-0.25;397.210827;0.207817;120.093403;1
1416688.18786;4856677.83505;-0.25;405.380294;0.208962;121.891773;1
1416688.56358;4856677.505149;-0.25;418.871081;0.209832;125.426382;1
1416688.9393;4856677.175249;-0.25;435.624186;0.223118;122.675275;1
1416689.31502;4856676.845348;-0.25;469.991548;0.229716;128.551895;1
1416689.690741;4856676.515447;-0.25;486.574032;0.239657;127.567004;1
1416690.066461;4856676.185547;-0.25;502.843734;0.235815;133.980188;1
1416690.442181;4856675.855646;-0.25;517.058611;0.235558;137.918354;1
1416690.817901;4856675.525746;-0.25;524.734925;0.239874;137.44743;1
1416691.193621;4856675.195845;-0.25;518.938731;0.240608;135.514762;1
1416691.569341;4856674.865944;-0.25;497.867359;0.229637;136.223474;1
1416691.945061;4856674.536044;-0.25;452.506543;0.209502;135.711454;1
1416692.320781;4856674.206143;-0.25;412.822748;0.195415;132.735339;1
1416692.696501;4856673.876243;-0.25;393.835748;0.198759;124.49936;1
1416693.072222;4856673.546342;-0.25;364.660276;0.200881;114.058802;1
1416693.447942;4856673.216441;-0.25;340.816757;0.19847;107.896107;1
1416693.823662;4856672.886541;-0.25;321.70868;0.199355;101.394572;1
1416694.199382;4856672.55664;-0.25;311.605346;0.212912;91.957175;1
1416694.575102;4856672.22674;-0.25;320.827178;0.228189;88.339903;1
1416694.950822;4856671.896839;-0.25;334.498619;0.271415;77.435569;1
1416695.326542;4856671.566939;-0.25;333.895631;0.288435;72.734968;1
1416695.702262;4856671.237038;-0.25;347.191037;0.294549;74.06132;1
1416696.077982;4856670.907137;-0.25;361.774137;0.289784;78.440885;1
1416696.453703;4856670.577237;-0.25;376.361929;0.300227;78.765452;1
1416696.829423;4856670.247336;-0.25;397.145137;0.297844;83.780077;1
1416697.205143;4856669.917436;-0.25;400.724539;0.290806;86.581032;1
1416697.580863;4856669.587535;-0.25;386.244789;0.244115;99.413946;1
1416697.956583;4856669.257634;-0.25;386.216503;0.217657;111.490574;1
1416698.332303;4856668.927734;-0.25;374.834426;0.194432;121.129917;1
1416698.708023;4856668.597833;-0.25;364.005649;0.180806;126.49542;1
1416699.083743;4856668.267933;-0.25;356.246127;0.155365;144.071191;1
1416699.459463;4856667.938032;-0.25;339.498395;0.125512;169.954314;1
1416699.835184;4856667.608132;-0.25;325.791638;0.108202;189.184294;1
1416700.210904;4856667.278231;-0.25;328.316474;0.103961;198.428489;1
1416700.586624;4856666.94833;-0.25;326.24953;0.098618;207.860403;1
1416700.962344;4856666.61843;-0.25;323.223842;0.091545;221.845101;1
1416701.338064;4856666.288529;-0.25;324.822508;0.089076;229.121366;1
1416701.713784;4856665.958629;-0.25;325.299656;0.086039;237.557511;1
1416702.089504;4856665.628728;-0.25;320.523573;0.094245;213.689073;1
1416702.465224;4856665.298827;-0.25;320.022684;0.101254;198.586613;1
1416702.840944;4856664.968927;-0.25;308.849038;0.110904;174.975782;1
1416703.216665;4856664.639026;-0.25;303.846795;0.109867;173.767459;1
1416703.592385;4856664.309126;-0.25;300.080917;0.130394;144.597639;1
1416703.968105;4856663.979225;-0.25;287.494459;0.149644;120.711531;1
1416704.343825;4856663.649324;-0.25;276.626833;0.16964;102.457826;1
1416704.719545;4856663.319424;-0.25;274.083642;0.185166;93.004207;1
1416705.095265;4856662.989523;-0.25;279.144965;0.202439;86.639222;1
1416705.470985;4856662.659623;-0.25;289.750784;0.21629;84.171968;1
1416705.846705;4856662.329722;-0.25;298.091058;0.236153;79.311423;1
1416706.222425;4856661.999822;-0.25;312.411842;0.232791;84.321948;1
1416706.598146;4856661.669921;-0.25;337.726305;0.23022;92.172451;1
1416706.973866;4856661.34002;-0.25;368.890623;0.237694;97.512412;1
1416707.349586;4856661.01012;-0.25;402.621842;0.245121;103.203938;1
1416707.725306;4856660.680219;-0.25;415.098075;0.236424;110.316287;1
1416708.101026;4856660.350319;-0.25;422.759047;0.225754;117.662466;1
1416708.476746;4856660.020418;-0.25;412.903028;0.213826;121.329719;1
1416708.852466;4856659.690517;-0.25;399.979098;0.210803;119.217354;1
1416709.228186;4856659.360617;-0.25;386.296734;0.19881;122.084928;1
1416709.603906;4856659.030716;-0.25;363.03839;0.172171;132.48674;1
1416709.979627;4856658.700816;-0.25;343.165074;0.145633;148.055185;1
1416710.355347;4856658.370915;-0.25;341.476786;0.130347;164.604121;1
1416710.731067;4856658.041015;-0.25;343.036628;0.113943;189.16119;1
1416711.106787;4856657.711114;-0.25;354.109586;0.101814;218.529688;1
1416711.482507;4856657.381213;-0.25;367.59559;0.090231;255.974425;1
1416711.858227;4856657.051313;-0.25;380.637675;0.082396;290.260233;1
1416712.233947;4856656.721412;-0.25;404.871136;0.076752;331.441549;1
1416712.609667;4856656.391512;-0.25;433.42813;0.070631;385.565837;1
1416712.985387;4856656.061611;-0.25;444.934286;0.067992;411.164214;1
1416713.361108;4856655.73171;-0.25;455.547382;0.064026;447.053774;1
1416713.736828;4856655.40181;-0.25;463.705501;0.060251;483.568234;1
1416714.112548;4856655.071909;-0.25;468.299847;0.058459;503.333067;1
1416714.488268;4856654.742009;-0.25;472.892524;0.056532;525.590086;1
1416714.863988;4856654.412108;-0.25;479.214431;0.052571;572.74841;1
1416684.430659;4856681.134056;-0.75;450.622877;0.131124;215.929362;1
1416684.806379;4856680.804155;-0.75;448.151122;0.137223;205.199842;1
1416685.182099;4856680.474254;-0.75;446.110816;0.148917;188.224897;1
1416685.557819;4856680.144354;-0.75;442.860246;0.159456;174.503738;1
1416685.933539;4856679.814453;-0.75;438.52684;0.171859;160.326373;1
1416686.309259;4856679.484553;-0.75;433.497172;0.175959;154.794436;1
1416686.68498;4856679.154652;-0.75;420.776563;0.185058;142.864155;1
1416687.0607;4856678.824751;-0.75;420.928277;0.183979;143.753597;1
1416687.43642;4856678.494851;-0.75;422.752316;0.187232;141.868728;1
1416687.81214;4856678.16495;-0.75;426.152479;0.187258;142.989654;1
1416688.18786;4856677.83505;-0.75;434.225751;0.188278;144.909544;1
1416688.56358;4856677.505149;-0.75;446.061424;0.188563;148.633629;1
1416688.9393;4856677.175249;-0.75;461.632176;0.200438;144.709207;1
1416689.31502;4856676.845348;-0.75;490.635186;0.206876;149.014464;1
1416689.690741;4856676.515447;-0.75;505.32265;0.215758;147.157565;1
1416690.066461;4856676.185547;-0.75;519.049798;0.213721;152.595799;1
1416690.442181;4856675.855646;-0.75;530.622202;0.214987;155.079127;1
1416690.817901;4856675.525746;-0.75;536.242607;0.218943;153.889807;1
1416691.193621;4856675.195845;-0.75;533.080292;0.219977;152.263142;1
1416691.569341;4856674.865944;-0.75;516.731909;0.21171;153.357212;1
1416691.945061;4856674.536044;-0.75;478.617687;0.196913;152.719517;1
1416692.320781;4856674.206143;-0.75;446.039816;0.188503;148.673725;1
1416692.696501;4856673.876243;-0.75;429.549601;0.193497;139.482217;1
1416693.072222;4856673.546342;-0.75;402.76035;0.197727;127.985289;1
1416693.447942;4856673.216441;-0.75;381.595984;0.197145;121.61779;1
1416693.823662;4856672.886541;-0.75;366.339967;0.206119;111.672674;1
1416694.199382;4856672.55664;-0.75;356.542166;0.2177;102.903897;1
1416694.575102;4856672.22674;-0.75;366.31507;0.228259;100.833823;1
1416694.950822;4856671.896839;-0.75;378.68931;0.260268;91.42028;1
1416695.326542;4856671.566939;-0.75;378.503093;0.272629;87.232285;1
1416695.702262;4856671.237038;-0.75;392.535229;0.276166;89.307668;1
1416696.077982;4856670.907137;-0.75;406.422533;0.274445;93.047065;1
1416696.453703;4856670.577237;-0.75;414.841274;0.272563;95.6302;1
1416696.829423;4856670.247336;-0.75;433.221029;0.27022;100.732918;1
1416697.205143;4856669.917436;-0.75;440.891582;0.271482;102.039927;1
1416697.580863;4856669.587535;-0.75;428.594439;0.235429;114.384391;1
1416697.956583;4856669.257634;-0.75;428.839186;0.213329;126.306141;1
1416698.332303;4856668.927734;-0.75;417.851767;0.193105;135.959516;1
1416698.708023;4856668.597833;-0.75;409.429051;0.175924;146.229343;1
1416699.083743;4856668.267933;-0.75;402.345213;0.158821;159.173356;1
1416699.459463;4856667.938032;-0.75;385.200391;0.135722;178.326593;1
1416699.835184;4856667.608132;-0.75;367.831934;0.115397;200.278665;1
1416700.210904;4856667.278231;-0.75;368.62872;0.109398;211.719302;1
1416700.586624;4856666.94833;-0.75;365.032175;0.105784;216.816525;1
1416700.962344;4856666.61843;-0.75;360.850106;0.101429;223.534599;1
1416701.338064;4856666.288529;-0.75;358.812252;0.102578;219.781697;1
1416701.713784;4856665.958629;-0.75;357.582002;0.095426;235.444544;1
1416702.089504;4856665.628728;-0.75;351.789968;0.099632;221.853391;1
1416702.465224;4856665.298827;-0.75;350.022571;0.105032;209.38886;1
1416702.840944;4856664.968927;-0.75;339.507149;0.110821;192.489326;1
1416703.216665;4856664.639026;-0.75;333.604336;0.109028;192.25324;1
1416703.592385;4856664.309126;-0.75;331.124252;0.124574;167.010512;1
1416703.968105;4856663.979225;-0.75;319.440676;0.13991;143.457083;1
1416704.343825;4856663.649324;-0.75;309.991283;0.158657;122.763755;1
1416704.719545;4856663.319424;-0.75;307.456278;0.172219;112.17127;1
1416705.095265;4856662.989523;-0.75;312.709752;0.187932;104.548961;1
1416705.470985;4856662.659623;-0.75;322.052506;0.201414;100.465338;1
1416705.846705;4856662.329722;-0.75;329.997192;0.214153;96.820411;1
1416706.222425;4856661.999822;-0.75;341.189744;0.20936;102.396014;1
1416706.598146;4856661.669921;-0.75;360.869619;0.209019;108.478506;1
1416706.973866;4856661.34002;-0.75;384.141652;0.217207;111.12154;1
1416707.349586;4856661.01012;-0.75;411.860026;0.222891;116.101223;1
1416707.725306;4856660.680219;-0.75;420.829224;0.212644;124.346389;1
1416708.101026;4856660.350319;-0.75;426.729303;0.204922;130.841253;1
1416708.476746;4856660.020418;-0.75;420.430517;0.197992;133.421588;1
1416708.852466;4856659.690517;-0.75;411.75497;0.196638;131.568199;1
1416709.228186;4856659.360617;-0.75;404.056724;0.183985;137.987593;1
1416709.603906;4856659.030716;-0.75;387.533326;0.160241;151.955034;1
1416709.979627;4856658.700816;-0.75;371.538893;0.13744;169.852665;1
1416710.355347;4856658.370915;-0.75;370.462889;0.124762;186.57021;1
1416710.731067;4856658.041015;-0.75;372.41134;0.109395;213.897329;1
1416711.106787;4856657.711114;-0.75;382.370475;0.098341;244.303938;1
1416711.482507;4856657.381213;-0.75;393.947059;0.088624;279.296807;1
1416711.858227;4856657.051313;-0.75;405.603499;0.08245;309.095078;1
1416712.233947;4856656.721412;-0.75;427.048755;0.076685;349.902863;1
1416712.609667;4856656.391512;-0.75;450.527343;0.071095;398.161885;1
1416712.985387;4856656.061611;-0.75;460.028399;0.068321;423.06608;1
1416713.361108;4856655.73171;-0.75;468.419457;0.064497;456.323197;1
1416713.736828;4856655.40181;-0.75;474.34356;0.060881;489.546636;1
1416714.112548;4856655.071909;-0.75;478.056797;0.058166;516.401459;1
1416684.806379;4856680.804155;-1.25;461.130767;0.125423;231.007304;1
1416685.182099;4856680.474254;-1.25;460.162369;0.13439;215.141027;1
1416685.557819;4856680.144354;-1.25;459.216331;0.142217;202.882364;1
1416685.933539;4856679.814453;-1.25;457.76959;0.152112;189.087496;1
1416686.309259;4856679.484553;-1.25;455.37502;0.155844;183.594217;1
1416686.68498;4856679.154652;-1.25;445.541125;0.16404;170.654522;1
1416687.0607;4856678.824751;-1.25;447.5732;0.165609;169.808739;1
1416687.43642;4856678.494851;-1.25;449.049162;0.167283;168.663366;1
1416687.81214;4856678.16495;-1.25;453.50301;0.168077;169.532482;1
1416688.18786;4856677.83505;-1.25;461.752822;0.169605;171.060525;1
1416688.56358;4856677.505149;-1.25;473.586423;0.170679;174.340458;1
1416688.9393;4856677.175249;-1.25;488.352232;0.180851;169.664532;1
1416689.31502;4856676.845348;-1.25;514.243682;0.187665;172.173506;1
1416689.690741;4856676.515447;-1.25;527.428272;0.194877;170.052545;1
1416690.066461;4856676.185547;-1.25;540.928985;0.194533;174.713207;1
1416690.442181;4856675.855646;-1.25;551.858288;0.196589;176.379368;1
1416690.817901;4856675.525746;-1.25;557.290374;0.20053;174.614836;1
1416691.193621;4856675.195845;-1.25;553.289466;0.202983;171.266904;1
1416691.569341;4856674.865944;-1.25;538.373932;0.198706;170.236173;1
1416691.945061;4856674.536044;-1.25;505.544887;0.187799;169.139698;1
1416692.320781;4856674.206143;-1.25;476.77623;0.18276;163.913279;1
1416692.696501;4856673.876243;-1.25;462.308883;0.187194;155.17419;1
1416693.072222;4856673.546342;-1.25;437.568168;0.190888;144.027927;1
1416693.447942;4856673.216441;-1.25;419.538495;0.191212;137.859391;1
1416693.823662;4856672.886541;-1.25;406.784152;0.198065;129.043538;1
1416694.199382;4856672.55664;-1.25;398.534373;0.205487;121.860106;1
1416694.575102;4856672.22674;-1.25;409.539259;0.214138;120.16591;1
1416694.950822;4856671.896839;-1.25;421.845312;0.236949;111.861001;1
1416695.326542;4856671.566939;-1.25;421.405717;0.245906;107.674074;1
1416695.702262;4856671.237038;-1.25;437.725973;0.249225;110.354508;1
1416696.077982;4856670.907137;-1.25;452.255152;0.248145;114.513883;1
1416696.453703;4856670.577237;-1.25;458.977334;0.245736;117.355228;1
1416696.829423;4856670.247336;-1.25;476.415818;0.244124;122.618227;1
1416697.205143;4856669.917436;-1.25;483.392091;0.244398;124.27428;1
1416697.580863;4856669.587535;-1.25;471.941002;0.217586;136.281265;1
1416697.956583;4856669.257634;-1.25;472.305793;0.199989;148.387603;1
1416698.332303;4856668.927734;-1.25;458.892459;0.181604;158.769309;1
1416698.708023;4856668.597833;-1.25;448.689039;0.165957;169.874947;1
1416699.083743;4856668.267933;-1.25;444.582817;0.149048;187.416278;1
1416699.459463;4856667.938032;-1.25;426.941592;0.130523;205.523847;1
1416699.835184;4856667.608132;-1.25;408.84984;0.113378;226.576829;1
1416700.210904;4856667.278231;-1.25;409.012919;0.10668;240.899221;1
1416700.586624;4856666.94833;-1.25;404.89503;0.103044;246.888386;1
1416700.962344;4856666.61843;-1.25;399.919456;0.101828;246.765039;1
1416701.338064;4856666.288529;-1.25;396.273923;0.101412;245.520056;1
1416701.713784;4856665.958629;-1.25;389.780787;0.095457;256.561565;1
1416702.089504;4856665.628728;-1.25;382.769928;0.098266;244.744962;1
1416702.465224;4856665.298827;-1.25;381.556733;0.102276;234.40458;1
1416702.840944;4856664.968927;-1.25;370.441554;0.106123;219.325152;1
1416703.216665;4856664.639026;-1.25;364.571336;0.103629;221.045835;1
1416703.592385;4856664.309126;-1.25;361.750626;0.116038;195.879195;1
1416703.968105;4856663.979225;-1.25;351.67977;0.131831;167.613428;1
1416704.343825;4856663.649324;-1.25;343.868428;0.150741;143.330927;1
1416704.719545;4856663.319424;-1.25;341.715259;0.160107;134.101621;1
1416705.095265;4856662.989523;-1.25;346.454719;0.174629;124.654786;1
1416705.470985;4856662.659623;-1.25;355.918759;0.188743;118.484263;1
1416705.846705;4856662.329722;-1.25;361.650259;0.19934;113.991848;1
1416706.222425;4856661.999822;-1.25;371.21335;0.193651;120.443633;1
1416706.598146;4856661.669921;-1.25;387.62305;0.191449;127.214258;1
1416706.973866;4856661.34002;-1.25;407.708096;0.197139;129.944312;1
1416707.349586;4856661.01012;-1.25;431.67021;0.201625;134.520392;1
1416707.725306;4856660.680219;-1.25;436.93383;0.190012;144.48198;1
1416708.101026;4856660.350319;-1.25;440.114517;0.182183;151.787993;1
1416708.476746;4856660.020418;-1.25;435.789373;0.178031;153.802002;1
1416708.852466;4856659.690517;-1.25;428.799526;0.177175;152.065723;1
1416709.228186;4856659.360617;-1.25;422.788059;0.16638;159.661551;1
1416709.603906;4856659.030716;-1.25;410.212125;0.146564;175.857539;1
1416709.979627;4856658.700816;-1.25;396.917001;0.128181;194.560652;1
1416710.355347;4856658.370915;-1.25;397.319571;0.118521;210.632722;1
1416710.731067;4856658.041015;-1.25;399.832714;0.105275;238.633676;1
1416711.106787;4856657.711114;-1.25;409.457841;0.095557;269.233231;1
1416711.482507;4856657.381213;-1.25;420.849283;0.087464;302.32749;1
1416711.858227;4856657.051313;-1.25;431.844234;0.081665;332.255748;1
1416712.233947;4856656.721412;-1.25;450.041937;0.076086;371.643744;1
1416712.609667;4856656.391512;-1.25;469.256409;0.071497;412.381563;1
1416712.985387;4856656.061611;-1.25;475.908273;0.068759;434.881188;1
1416713.361108;4856655.73171;-1.25;482.008285;0.06429;471.074195;1
1416713.736828;4856655.40181;-1.25;486.350248;0.060109;508.383604;1
1416685.182099;4856680.474254;-1.75;500.014431;0.10584;296.833995;1
1416685.557819;4856680.144354;-1.75;508.26396;0.111124;287.383781;1
1416685.933539;4856679.814453;-1.75;515.439048;0.118205;273.981495;1
1416686.309259;4856679.484553;-1.75;520.234795;0.122296;267.280129;1
1416686.68498;4856679.154652;-1.75;528.296793;0.130148;255.046469;1
1416687.0607;4856678.824751;-1.75;533.725918;0.134288;249.725109;1
1416687.43642;4856678.494851;-1.75;537.405701;0.136663;247.076329;1
1416687.81214;4856678.16495;-1.75;540.751949;0.135627;250.513429;1
1416688.18786;4856677.83505;-1.75;547.420079;0.136051;252.813264;1
1416688.56358;4856677.505149;-1.75;557.139522;0.136032;257.337321;1
1416688.9393;4856677.175249;-1.75;567.076525;0.142407;250.201412;1
1416689.31502;4856676.845348;-1.75;571.958;0.147837;243.087088;1
1416689.690741;4856676.515447;-1.75;580.648881;0.153094;238.30657;1
1416690.066461;4856676.185547;-1.75;588.170814;0.155019;238.396349;1
1416690.442181;4856675.855646;-1.75;592.895555;0.156395;238.19695;1
1416690.817901;4856675.525746;-1.75;594.267792;0.161375;231.379661;1
1416691.193621;4856675.195845;-1.75;585.906906;0.159322;231.064597;1
1416691.569341;4856674.865944;-1.75;579.17017;0.158813;229.139147;1
1416691.945061;4856674.536044;-1.75;569.727756;0.153425;233.318965;1
1416692.320781;4856674.206143;-1.75;558.12806;0.151333;231.728465;1
1416692.696501;4856673.876243;-1.75;551.59247;0.154969;223.642023;1
1416693.072222;4856673.546342;-1.75;544.45902;0.162513;210.502642;1
1416693.447942;4856673.216441;-1.75;544.32465;0.164235;208.243749;1
1416693.823662;4856672.886541;-1.75;553.030037;0.175612;197.867509;1
1416694.199382;4856672.55664;-1.75;559.985609;0.17899;196.574511;1
1416694.575102;4856672.22674;-1.75;567.987379;0.185748;192.129988;1
1416694.950822;4856671.896839;-1.75;582.642858;0.209934;174.381466;1
1416695.326542;4856671.566939;-1.75;596.082283;0.226185;165.585614;1
1416695.702262;4856671.237038;-1.75;618.50928;0.236431;164.36979;1
1416696.077982;4856670.907137;-1.75;631.269714;0.245619;161.485071;1
1416696.453703;4856670.577237;-1.75;634.641889;0.252577;157.875777;1
1416696.829423;4856670.247336;-1.75;642.434549;0.256799;157.186531;1
1416697.205143;4856669.917436;-1.75;651.525766;0.258368;158.442724;1
1416697.580863;4856669.587535;-1.75;647.329958;0.235618;172.622362;1
1416697.956583;4856669.257634;-1.75;635.042735;0.212077;188.143531;1
1416698.332303;4856668.927734;-1.75;617.759507;0.190253;204.017793;1
1416698.708023;4856668.597833;-1.75;602.155287;0.168198;224.940866;1
1416699.083743;4856668.267933;-1.75;588.578596;0.147325;251.020132;1
1416699.459463;4856667.938032;-1.75;570.130573;0.131567;272.275166;1
1416699.835184;4856667.608132;-1.75;554.422508;0.118514;293.935523;1
1416700.210904;4856667.278231;-1.75;540.428185;0.107005;317.333411;1
1416700.586624;4856666.94833;-1.75;529.043117;0.104606;317.771171;1
1416700.962344;4856666.61843;-1.75;517.466423;0.104062;312.441431;1
1416701.338064;4856666.288529;-1.75;508.165749;0.104084;306.760774;1
1416701.713784;4856665.958629;-1.75;494.047941;0.098508;315.121437;1
1416702.089504;4856665.628728;-1.75;485.04505;0.099685;305.726613;1
1416702.465224;4856665.298827;-1.75;478.023479;0.101251;296.639639;1
1416702.840944;4856664.968927;-1.75;469.40663;0.104369;282.590397;1
1416703.216665;4856664.639026;-1.75;462.461522;0.102677;282.997738;1
1416703.592385;4856664.309126;-1.75;461.863381;0.110594;262.399214;1
1416703.968105;4856663.979225;-1.75;453.797354;0.122899;232.003275;1
1416704.343825;4856663.649324;-1.75;448.735006;0.138034;204.260867;1
1416704.719545;4856663.319424;-1.75;441.881666;0.146535;189.472389;1
1416705.095265;4856662.989523;-1.75;441.802368;0.158815;174.790345;1
1416705.470985;4856662.659623;-1.75;439.258198;0.168834;163.470933;1
1416705.846705;4856662.329722;-1.75;442.282142;0.172084;161.486988;1
1416706.222425;4856661.999822;-1.75;440.393232;0.162292;170.50006;1
1416706.598146;4856661.669921;-1.75;444.123309;0.15661;178.181978;1
1416706.973866;4856661.34002;-1.75;450.043284;0.156424;180.77196;1
1416707.349586;4856661.01012;-1.75;460.898259;0.15302;189.250372;1
1416707.725306;4856660.680219;-1.75;462.497797;0.138812;209.344565;1
1416708.101026;4856660.350319;-1.75;474.728913;0.134922;221.076026;1
1416708.476746;4856660.020418;-1.75;479.02838;0.135419;222.259669;1
1416708.852466;4856659.690517;-1.75;482.992201;0.139534;217.490779;1
1416709.228186;4856659.360617;-1.75;484.658496;0.133287;228.468773;1
1416709.603906;4856659.030716;-1.75;491.952181;0.121126;255.19188;1
1416709.979627;4856658.700816;-1.75;495.123445;0.111226;279.69668;1
1416710.355347;4856658.370915;-1.75;497.887444;0.107089;292.122751;1
1416710.731067;4856658.041015;-1.75;497.095013;0.097238;321.204698;1
1416711.106787;4856657.711114;-1.75;499.086243;0.089359;350.926475;1
1416711.482507;4856657.381213;-1.75;503.815716;0.083102;380.923954;1
1416711.858227;4856657.051313;-1.75;511.342765;0.077854;412.677159;1
1416712.233947;4856656.721412;-1.75;514.158351;0.0739;437.152022;1
1416712.609667;4856656.391512;-1.75;515.868021;0.070977;456.668329;1
1416712.985387;4856656.061611;-1.75;517.577478;0.06776;479.935442;1
1416713.361108;4856655.73171;-1.75;516.846991;0.062944;515.925729;1
1416713.736828;4856655.40181;-1.75;515.567332;0.058878;550.187519;1
1416685.182099;4856680.474254;-2.25;527.12887;0.077825;425.574701;1
1416685.557819;4856680.144354;-2.25;539.95829;0.079392;427.327273;1
1416685.933539;4856679.814453;-2.25;553.269008;0.081521;426.430663;1
1416686.309259;4856679.484553;-2.25;565.22377;0.083335;426.158679;1
1416686.68498;4856679.154652;-2.25;577.761384;0.087498;414.888737;1
1416687.0607;4856678.824751;-2.25;590.463597;0.09229;401.994685;1
1416687.43642;4856678.494851;-2.25;598.724099;0.095953;392.057571;1
1416687.81214;4856678.16495;-2.25;606.205926;0.098612;386.253004;1
1416688.18786;4856677.83505;-2.25;613.509392;0.100775;382.513841;1
1416688.56358;4856677.505149;-2.25;624.170274;0.102881;381.194998;1
1416688.9393;4856677.175249;-2.25;634.114618;0.106958;372.507167;1
1416689.31502;4856676.845348;-2.25;639.047366;0.114151;351.750657;1
1416689.690741;4856676.515447;-2.25;647.137045;0.121702;334.101135;1
1416690.066461;4856676.185547;-2.25;656.431052;0.128236;321.632058;1
1416690.442181;4856675.855646;-2.25;659.153955;0.128015;323.524337;1
1416690.817901;4856675.525746;-2.25;660.752909;0.131948;314.642336;1
1416691.193621;4856675.195845;-2.25;659.334454;0.133956;309.260827;1
1416691.569341;4856674.865944;-2.25;659.113291;0.137694;300.762436;1
1416691.945061;4856674.536044;-2.25;662.461998;0.137231;303.311126;1
1416692.320781;4856674.206143;-2.25;662.783526;0.138702;300.240832;1
1416692.696501;4856673.876243;-2.25;661.046332;0.139294;298.181365;1
1416693.072222;4856673.546342;-2.25;659.893371;0.147336;281.412746;1
1416693.447942;4856673.216441;-2.25;672.001004;0.148866;283.630719;1
1416693.823662;4856672.886541;-2.25;692.740048;0.159464;272.952219;1
1416694.199382;4856672.55664;-2.25;702.597578;0.159173;277.342829;1
1416694.575102;4856672.22674;-2.25;708.525038;0.15827;281.278077;1
1416694.950822;4856671.896839;-2.25;716.058711;0.155898;288.594376;1
1416695.326542;4856671.566939;-2.25;726.739101;0.157113;290.634634;1
1416695.702262;4856671.237038;-2.25;755.620258;0.161857;293.326667;2
1416696.077982;4856670.907137;-2.25;765.243243;0.168003;286.196006;2
1416696.453703;4856670.577237;-2.25;749.381858;0.159857;294.545182;1
1416696.829423;4856670.247336;-2.25;742.643837;0.160005;291.626212;1
1416697.205143;4856669.917436;-2.25;743.051232;0.162319;287.627227;1
1416697.580863;4856669.587535;-2.25;737.930292;0.161115;287.779516;1
1416697.956583;4856669.257634;-2.25;721.988683;0.151151;300.122456;1
1416698.332303;4856668.927734;-2.25;700.28081;0.139195;316.102252;1
1416698.708023;4856668.597833;-2.25;684.637412;0.124622;345.180305;1
1416699.083743;4856668.267933;-2.25;679.426284;0.118709;359.616659;1
1416699.459463;4856667.938032;-2.25;674.472963;0.113595;373.06527;1
1416699.835184;4856667.608132;-2.25;662.450809;0.106999;389.002167;1
1416700.210904;4856667.278231;-2.25;648.739558;0.099168;411.03605;1
1416700.586624;4856666.94833;-2.25;643.487907;0.099983;404.384261;1
1416700.962344;4856666.61843;-2.25;629.786143;0.097928;404.077592;1
1416701.338064;4856666.288529;-2.25;612.034693;0.099688;385.756899;1
1416701.713784;4856665.958629;-2.25;590.738682;0.094588;392.407523;1
1416702.089504;4856665.628728;-2.25;578.16715;0.090261;402.470667;1
1416702.465224;4856665.298827;-2.25;571.890845;0.08952;401.398142;1
1416702.840944;4856664.968927;-2.25;568.264745;0.092102;387.668203;1
1416703.216665;4856664.639026;-2.25;554.077259;0.094859;367.005253;1
1416703.592385;4856664.309126;-2.25;558.854258;0.101108;347.291667;1
1416703.968105;4856663.979225;-2.25;565.288103;0.107546;330.260284;1
1416704.343825;4856663.649324;-2.25;572.898825;0.116744;308.334287;1
1416704.719545;4856663.319424;-2.25;566.448818;0.125248;284.163968;1
1416705.095265;4856662.989523;-2.25;565.442912;0.135311;262.564528;1
1416705.470985;4856662.659623;-2.25;560.77326;0.137261;256.696578;1
1416705.846705;4856662.329722;-2.25;563.447966;0.132498;267.192152;1
1416706.222425;4856661.999822;-2.25;552.7366;0.123449;281.327282;1
1416706.598146;4856661.669921;-2.25;540.080675;0.119625;283.673149;1
1416706.973866;4856661.34002;-2.25;526.599173;0.121726;271.817745;1
1416707.349586;4856661.01012;-2.25;527.891791;0.116237;285.352483;1
1416707.725306;4856660.680219;-2.25;521.13238;0.102974;317.979568;1
1416708.101026;4856660.350319;-2.25;520.073524;0.103003;317.244156;1
1416708.476746;4856660.020418;-2.25;521.459279;0.107108;305.897807;1
1416708.852466;4856659.690517;-2.25;520.821422;0.109753;298.161908;1
1416709.228186;4856659.360617;-2.25;530.689394;0.105858;314.988691;1
1416709.603906;4856659.030716;-2.25;545.802074;0.096143;356.696499;1
1416709.979627;4856658.700816;-2.25;554.402872;0.092081;378.298349;1
1416710.355347;4856658.370915;-2.25;559.767786;0.090809;387.308478;1
1416710.731067;4856658.041015;-2.25;563.773689;0.085316;415.197782;1
1416711.106787;4856657.711114;-2.25;571.215635;0.079623;450.757914;1
1416711.482507;4856657.381213;-2.25;579.227068;0.07633;476.798;1
1416711.858227;4856657.051313;-2.25;575.908494;0.071573;505.574459;1
1416712.233947;4856656.721412;-2.25;572.606964;0.069136;520.39739;1
1416712.609667;4856656.391512;-2.25;565.699531;0.066961;530.814819;1
1416712.985387;4856656.061611;-2.25;559.87233;0.064392;546.306454;1
1416713.361108;4856655.73171;-2.25;553.728185;0.059919;580.64494;1
1416685.557819;4856680.144354;-2.75;586.573597;0.055133;668.481272;1
1416685.933539;4856679.814453;-2.75;608.924435;0.055054;694.948533;1
1416686.309259;4856679.484553;-2.75;631.704614;0.056942;697.045503;1
1416686.68498;4856679.154652;-2.75;653.511626;0.059347;691.890152;1
1416687.0607;4856678.824751;-2.75;673.445411;0.062497;677.05421;1
1416687.43642;4856678.494851;-2.75;689.676185;0.066103;655.54395;1
1416687.81214;4856678.16495;-2.75;701.894427;0.069968;630.305791;1
1416688.18786;4856677.83505;-2.75;711.402055;0.073692;606.560344;1
1416688.56358;4856677.505149;-2.75;722.215841;0.077788;583.356681;1
1416688.9393;4856677.175249;-2.75;731.730764;0.079761;576.424999;1
1416689.31502;4856676.845348;-2.75;737.474517;0.086649;534.768366;1
1416689.690741;4856676.515447;-2.75;746.482766;0.094058;498.658655;1
1416690.066461;4856676.185547;-2.75;753.134101;0.10152;466.122479;2
1416690.442181;4856675.855646;-2.75;757.685203;0.103438;460.243006;2
1416690.817901;4856675.525746;-2.75;760.21279;0.105434;453.037764;2
1416691.193621;4856675.195845;-2.75;762.549717;0.107192;446.978033;2
1416691.569341;4856674.865944;-2.75;767.096788;0.109996;438.180552;2
1416691.945061;4856674.536044;-2.75;773.148838;0.109706;442.806036;2
1416692.320781;4856674.206143;-2.75;773.828018;0.108135;449.633116;2
1416692.696501;4856673.876243;-2.75;775.272611;0.104915;464.299058;2
1416693.072222;4856673.546342;-2.75;778.817628;0.108358;451.599552;2
1416693.447942;4856673.216441;-2.75;797.930427;0.10792;464.56265;2
1416693.823662;4856672.886541;-2.75;830.980254;0.117196;445.511036;2
1416694.199382;4856672.55664;-2.75;851.016922;0.11915;448.768846;2
1416694.575102;4856672.22674;-2.75;870.090854;0.118776;460.27417;2
1416694.950822;4856671.896839;-2.75;889.189795;0.118478;471.559112;2
1416695.326542;4856671.566939;-2.75;909.501139;0.119779;477.092959;2
1416695.702262;4856671.237038;-2.75;953.41621;0.125963;475.575312;2
1416696.077982;4856670.907137;-2.75;977.239591;0.136787;448.885743;2
1416696.453703;4856670.577237;-2.75;941.757432;0.128776;459.498264;2
1416696.829423;4856670.247336;-2.75;927.505534;0.129293;450.735353;2
1416697.205143;4856669.917436;-2.75;923.417254;0.13343;434.834175;2
1416697.580863;4856669.587535;-2.75;908.985653;0.13467;424.09829;2
1416697.956583;4856669.257634;-2.75;891.450435;0.131267;426.697857;2
1416698.332303;4856668.927734;-2.75;850.910202;0.120366;444.1822;2
1416698.708023;4856668.597833;-2.75;822.189223;0.105707;488.705113;2
1416699.083743;4856668.267933;-2.75;818.587309;0.100255;513.024081;2
1416699.459463;4856667.938032;-2.75;805.328326;0.095478;529.970487;2
1416699.835184;4856667.608132;-2.75;786.515211;0.088534;558.180786;2
1416700.210904;4856667.278231;-2.75;772.138792;0.081265;596.992729;2
1416700.586624;4856666.94833;-2.75;763.738138;0.079748;601.732376;2
1416700.962344;4856666.61843;-2.75;752.688374;0.082347;574.308299;2
1416701.338064;4856666.288529;-2.75;732.169868;0.083815;548.87055;1
1416701.713784;4856665.958629;-2.75;709.162278;0.081606;546.015352;1
1416702.089504;4856665.628728;-2.75;703.017486;0.078361;563.694706;1
1416702.465224;4856665.298827;-2.75;704.071764;0.077681;569.484642;1
1416702.840944;4856664.968927;-2.75;707.262624;0.081457;545.544399;1
1416703.216665;4856664.639026;-2.75;691.541931;0.088117;493.105225;1
1416703.592385;4856664.309126;-2.75;694.843706;0.091787;475.649088;1
1416703.968105;4856663.979225;-2.75;706.160003;0.097483;455.148446;1
1416704.343825;4856663.649324;-2.75;721.59881;0.10493;432.093597;1
1416704.719545;4856663.319424;-2.75;712.164464;0.110974;403.215831;1
1416705.095265;4856662.989523;-2.75;699.669635;0.116646;376.879961;1
1416705.470985;4856662.659623;-2.75;687.566894;0.117831;366.637574;1
1416705.846705;4856662.329722;-2.75;682.02436;0.106092;403.922096;1
1416706.222425;4856661.999822;-2.75;670.10892;0.096068;438.273137;1
1416706.598146;4856661.669921;-2.75;648.334662;0.09094;447.944085;1
1416706.973866;4856661.34002;-2.75;623.994963;0.089007;440.48961;1
1416707.349586;4856661.01012;-2.75;616.620505;0.08103;478.135586;1
1416707.725306;4856660.680219;-2.75;607.976594;0.071877;531.47116;1
1416708.101026;4856660.350319;-2.75;602.855562;0.070332;538.570621;1
1416708.476746;4856660.020418;-2.75;603.75007;0.077185;491.477934;1
1416708.852466;4856659.690517;-2.75;603.008931;0.079748;475.098932;1
1416709.228186;4856659.360617;-2.75;620.154826;0.078661;495.360637;1
1416709.603906;4856659.030716;-2.75;637.406983;0.073151;547.489134;1
1416709.979627;4856658.700816;-2.75;651.071047;0.073612;555.72327;1
1416710.355347;4856658.370915;-2.75;657.984169;0.074683;553.568097;1
1416710.731067;4856658.041015;-2.75;661.866134;0.071916;578.262564;1
1416711.106787;4856657.711114;-2.75;669.769328;0.067501;623.44024;1
1416711.482507;4856657.381213;-2.75;672.754774;0.06495;650.811149;1
1416711.858227;4856657.051313;-2.75;658.844666;0.061549;672.573373;1
1416712.233947;4856656.721412;-2.75;648.102928;0.060159;676.89334;1
1416712.609667;4856656.391512;-2.75;629.485908;0.05906;669.690499;1
1416712.985387;4856656.061611;-2.75;614.574654;0.05637;685.027116;1
1416685.933539;4856679.814453;-3.25;662.296806;0.033953;1225.614979;1
1416686.309259;4856679.484553;-3.25;693.982963;0.035371;1232.760198;1
1416686.68498;4856679.154652;-3.25;728.787772;0.036441;1256.569754;1
1416687.0607;4856678.824751;-3.25;761.727841;0.041015;1166.91846;2
1416687.43642;4856678.494851;-3.25;785.290737;0.043672;1129.825689;2
1416687.81214;4856678.16495;-3.25;807.625084;0.048425;1047.905283;2
1416688.18786;4856677.83505;-3.25;823.157272;0.053122;973.619336;2
1416688.56358;4856677.505149;-3.25;842.531399;0.058877;899.127687;2
1416688.9393;4856677.175249;-3.25;856.782314;0.061528;874.941426;2
1416689.31502;4856676.845348;-3.25;864.485026;0.069065;786.464694;2
1416689.690741;4856676.515447;-3.25;873.847309;0.074487;737.114546;2
1416690.066461;4856676.185547;-3.25;885.312275;0.083298;667.793406;2
1416690.442181;4856675.855646;-3.25;894.179502;0.0848;662.532685;2
1416690.817901;4856675.525746;-3.25;899.673118;0.085566;660.637446;2
1416691.193621;4856675.195845;-3.25;897.350086;0.085571;658.890257;2
1416691.569341;4856674.865944;-3.25;896.862261;0.086849;648.841757;2
1416691.945061;4856674.536044;-3.25;903.998522;0.083966;676.460414;2
1416692.320781;4856674.206143;-3.25;897.656639;0.079561;708.908967;2
1416692.696501;4856673.876243;-3.25;893.365204;0.072315;776.209146;2
1416693.072222;4856673.546342;-3.25;894.436294;0.072647;773.589452;2
1416693.447942;4856673.216441;-3.25;913.114786;0.07163;800.96301;2
1416693.823662;4856672.886541;-3.25;942.139986;0.075699;781.996897;2
1416694.199382;4856672.55664;-3.25;969.519215;0.075893;802.663922;2
1416694.575102;4856672.22674;-3.25;988.787299;0.076564;811.441487;2
1416694.950822;4856671.896839;-3.25;1021.32825;0.077695;825.949624;2
1416695.326542;4856671.566939;-3.25;1053.651995;0.080221;825.251435;2
1416695.702262;4856671.237038;-3.25;1111.734517;0.086557;807.012735;2
1416696.077982;4856670.907137;-3.25;1149.346158;0.095057;759.704214;2
1416696.453703;4856670.577237;-3.25;1136.072854;0.093401;764.244287;2
1416696.829423;4856670.247336;-3.25;1119.649987;0.095775;734.529534;2
1416697.205143;4856669.917436;-3.25;1091.767525;0.096516;710.739845;2
1416697.580863;4856669.587535;-3.25;1066.261245;0.099456;673.615867;2
1416697.956583;4856669.257634;-3.25;1035.566411;0.098784;658.67736;2
1416698.332303;4856668.927734;-3.25;975.795264;0.092335;664.007062;2
1416698.708023;4856668.597833;-3.25;924.852175;0.085607;678.80509;2
1416699.083743;4856668.267933;-3.25;911.974386;0.079188;723.609364;2
1416699.459463;4856667.938032;-3.25;897.384435;0.077551;727.060269;2
1416699.835184;4856667.608132;-3.25;891.780178;0.076269;734.667337;2
1416700.210904;4856667.278231;-3.25;879.062319;0.071263;775.059527;2
1416700.586624;4856666.94833;-3.25;875.127439;0.069309;793.347037;2
1416700.962344;4856666.61843;-3.25;867.942033;0.070625;772.169106;2
1416701.338064;4856666.288529;-3.25;859.933589;0.069109;781.82211;2
1416701.713784;4856665.958629;-3.25;840.925163;0.071797;735.92512;2
1416702.089504;4856665.628728;-3.25;842.589935;0.06865;771.177015;2
1416702.465224;4856665.298827;-3.25;852.043952;0.069396;771.451897;2
1416702.840944;4856664.968927;-3.25;858.992038;0.076754;703.186647;2
1416703.216665;4856664.639026;-3.25;844.222539;0.084871;624.995026;2
1416703.592385;4856664.309126;-3.25;847.561624;0.090043;591.427763;2
1416703.968105;4856663.979225;-3.25;863.413465;0.097258;557.791063;2
1416704.343825;4856663.649324;-3.25;878.789245;0.100432;549.786075;2
1416704.719545;4856663.319424;-3.25;870.100454;0.102562;533.043718;2
1416705.095265;4856662.989523;-3.25;859.136653;0.105232;512.974542;2
1416705.470985;4856662.659623;-3.25;850.415494;0.102511;521.243845;2
1416705.846705;4856662.329722;-3.25;840.805965;0.090275;585.20638;2
1416706.222425;4856661.999822;-3.25;832.919565;0.079677;656.823159;2
1416706.598146;4856661.669921;-3.25;810.028326;0.070503;721.893067;2
1416706.973866;4856661.34002;-3.25;781.281648;0.066141;742.195941;2
1416707.349586;4856661.01012;-3.25;759.566482;0.057936;823.752383;2
1416707.725306;4856660.680219;-3.25;740.629497;0.049777;934.880252;1
1416708.101026;4856660.350319;-3.25;725.403665;0.046276;984.919453;1
1416708.476746;4856660.020418;-3.25;722.45261;0.051915;874.377413;1
1416708.852466;4856659.690517;-3.25;717.107348;0.053453;842.925965;1
1416709.228186;4856659.360617;-3.25;732.459932;0.054305;847.461782;1
1416709.603906;4856659.030716;-3.25;750.694384;0.052426;899.699627;2
1416709.979627;4856658.700816;-3.25;768.532516;0.055775;865.764156;2
1416710.355347;4856658.370915;-3.25;774.082044;0.057857;840.64147;2
1416710.731067;4856658.041015;-3.25;778.258074;0.056624;863.576581;2
1416711.106787;4856657.711114;-3.25;785.053743;0.053232;926.625035;2
1416711.482507;4856657.381213;-3.25;781.840136;0.051581;952.375913;2
1416711.858227;4856657.051313;-3.25;756.483216;0.048872;972.563451;2
1416712.233947;4856656.721412;-3.25;731.27014;0.048559;946.21698;1
1416712.609667;4856656.391512;-3.25;700.519904;0.048309;911.119072;1
1416686.309259;4856679.484553;-3.75;763.45105;0.020994;2284.864704;2
1416686.68498;4856679.154652;-3.75;805.74134;0.02086;2427.008818;2
1416687.0607;4856678.824751;-3.75;849.251305;0.02302;2317.955048;2
1416687.43642;4856678.494851;-3.75;891.306322;0.026605;2104.963697;2
1416687.81214;4856678.16495;-3.75;923.295461;0.030548;1899.028701;2
1416688.18786;4856677.83505;-3.75;950.02121;0.034668;1721.796548;2
1416688.56358;4856677.505149;-3.75;979.587079;0.04042;1522.754702;2
1416688.9393;4856677.175249;-3.75;1002.666948;0.043184;1458.861668;2
1416689.31502;4856676.845348;-3.75;1023.741905;0.049836;1290.700688;2
1416689.690741;4856676.515447;-3.75;1044.937718;0.055468;1183.670227;2
1416690.066461;4856676.185547;-3.75;1059.207762;0.063177;1053.41329;2
1416690.442181;4856675.855646;-3.75;1071.952433;0.064263;1048.085691;2
1416690.817901;4856675.525746;-3.75;1075.098154;0.063866;1057.683719;2
1416691.193621;4856675.195845;-3.75;1070.662041;0.06142;1095.268228;2
1416691.569341;4856674.865944;-3.75;1067.945444;0.059592;1126.013023;2
1416691.945061;4856674.536044;-3.75;1064.894;0.054996;1216.6153;2
1416692.320781;4856674.206143;-3.75;1040.595955;0.048769;1340.666267;2
1416692.696501;4856673.876243;-3.75;1020.255761;0.041096;1559.862529;2
1416693.072222;4856673.546342;-3.75;1012.869958;0.041451;1535.336029;2
1416693.447942;4856673.216441;-3.75;1019.393984;0.03964;1615.789653;2
1416693.823662;4856672.886541;-3.75;1041.403317;0.04404;1485.776129;2
1416694.199382;4856672.55664;-3.75;1067.597777;0.046065;1456.189612;2
1416694.575102;4856672.22674;-3.75;1088.187119;0.046851;1459.363009;2
1416694.950822;4856671.896839;-3.75;1133.514692;0.050577;1408.164971;2
1416695.326542;4856671.566939;-3.75;1184.044008;0.053845;1381.666407;3
1416695.702262;4856671.237038;-3.75;1245.079895;0.058747;1331.646366;3
1416696.077982;4856670.907137;-3.75;1293.602168;0.066959;1213.864608;3
1416696.453703;4856670.577237;-3.75;1294.350643;0.066185;1228.766197;3
1416696.829423;4856670.247336;-3.75;1275.283093;0.068293;1173.309007;3
1416697.205143;4856669.917436;-3.75;1241.201138;0.070137;1111.92964;3
1416697.580863;4856669.587535;-3.75;1201.665516;0.072206;1045.663638;3
1416697.956583;4856669.257634;-3.75;1161.9104;0.074247;983.272688;3
1416698.332303;4856668.927734;-3.75;1099.24226;0.072012;959.109541;2
1416698.708023;4856668.597833;-3.75;1042.199648;0.069237;945.782212;2
1416699.083743;4856668.267933;-3.75;1008.21641;0.068211;928.701548;2
1416699.459463;4856667.938032;-3.75;990.999745;0.066942;930.149326;2
1416699.835184;4856667.608132;-3.75;984.035833;0.066875;924.546004;2
1416700.210904;4856667.278231;-3.75;965.364747;0.063855;949.896678;2
1416700.586624;4856666.94833;-3.75;955.541513;0.061003;984.186434;2
1416700.962344;4856666.61843;-3.75;951.275153;0.058663;1018.873833;2
1416701.338064;4856666.288529;-3.75;950.09001;0.057782;1033.124279;2
1416701.713784;4856665.958629;-3.75;956.338195;0.060704;989.856032;2
1416702.089504;4856665.628728;-3.75;967.463427;0.0607;1001.439239;2
1416702.465224;4856665.298827;-3.75;979.916643;0.063219;973.914223;2
1416702.840944;4856664.968927;-3.75;1005.435228;0.071814;879.675261;2
1416703.216665;4856664.639026;-3.75;991.895939;0.080489;774.303124;2
1416703.592385;4856664.309126;-3.75;995.043069;0.085138;734.339213;2
1416703.968105;4856663.979225;-3.75;1009.461889;0.08825;718.715314;2
1416704.343825;4856663.649324;-3.75;1021.622286;0.088038;729.123406;2
1416704.719545;4856663.319424;-3.75;1006.636616;0.091096;694.31144;2
1416705.095265;4856662.989523;-3.75;1012.030281;0.091042;698.446291;2
1416705.470985;4856662.659623;-3.75;1008.474023;0.083838;755.796082;2
1416705.846705;4856662.329722;-3.75;1018.963593;0.072185;886.93859;2
1416706.222425;4856661.999822;-3.75;1027.278582;0.065062;992.060063;2
1416706.598146;4856661.669921;-3.75;1008.86104;0.057051;1111.093132;2
1416706.973866;4856661.34002;-3.75;970.71534;0.050857;1199.276975;2
1416707.349586;4856661.01012;-3.75;949.381208;0.040839;1460.631489;2
1416707.725306;4856660.680219;-3.75;916.531732;0.035503;1622.054404;2
1416708.101026;4856660.350319;-3.75;897.367767;0.033685;1673.857699;2
1416708.476746;4856660.020418;-3.75;887.423247;0.036574;1524.556014;2
1416708.852466;4856659.690517;-3.75;874.739582;0.036179;1519.164131;2
1416709.228186;4856659.360617;-3.75;892.111174;0.037695;1487.029979;2
1416709.603906;4856659.030716;-3.75;910.439226;0.036944;1548.422467;2
1416709.979627;4856658.700816;-3.75;925.368019;0.040354;1440.827833;2
1416710.355347;4856658.370915;-3.75;926.536072;0.040829;1425.846789;2
1416710.731067;4856658.041015;-3.75;918.744564;0.040339;1431.034178;2
1416711.106787;4856657.711114;-3.75;914.606383;0.037946;1514.420354;2
1416711.482507;4856657.381213;-3.75;897.075726;0.037038;1521.822902;2
1416711.858227;4856657.051313;-3.75;854.329229;0.035408;1516.036169;2
1416712.233947;4856656.721412;-3.75;815.537171;0.035768;1432.613985;2
1416712.609667;4856656.391512;-3.75;774.048687;0.0357;1362.306479;2
1416686.68498;4856679.154652;-4.25;889.614082;0.012506;4469.376458;2
1416687.0607;4856678.824751;-4.25;938.543929;0.013166;4479.100443;2
1416687.43642;4856678.494851;-4.25;988.836661;0.014835;4188.193717;2
1416687.81214;4856678.16495;-4.25;1035.57022;0.018901;3442.581202;2
1416688.18786;4856677.83505;-4.25;1074.846891;0.022468;3005.860701;2
1416688.56358;4856677.505149;-4.25;1106.511599;0.027102;2565.258844;2
1416688.9393;4856677.175249;-4.25;1134.100134;0.02947;2417.973793;2
1416689.31502;4856676.845348;-4.25;1160.484077;0.033689;2164.384913;3
1416689.690741;4856676.515447;-4.25;1192.361122;0.038482;1946.839709;3
1416690.066461;4856676.185547;-4.25;1213.967051;0.044072;1730.7021;3
1416690.442181;4856675.855646;-4.25;1232.653986;0.044918;1724.257322;3
1416690.817901;4856675.525746;-4.25;1235.175999;0.043367;1789.590342;3
1416691.193621;4856675.195845;-4.25;1235.920089;0.043688;1777.479077;3
1416691.569341;4856674.865944;-4.25;1226.18079;0.042061;1831.686554;3
1416691.945061;4856674.536044;-4.25;1197.194056;0.03705;2030.259403;3
1416692.320781;4856674.206143;-4.25;1160.881609;0.031493;2316.101136;3
1416692.696501;4856673.876243;-4.25;1129.467003;0.024452;2902.297069;2
1416693.072222;4856673.546342;-4.25;1107.799311;0.023397;2974.924588;2
1416693.447942;4856673.216441;-4.25;1100.894422;0.022574;3064.179598;2
1416693.823662;4856672.886541;-4.25;1113.447182;0.024748;2826.946425;2
1416694.199382;4856672.55664;-4.25;1129.825409;0.02528;2808.074495;2
1416694.575102;4856672.22674;-4.25;1160.200881;0.027144;2685.546648;3
1416694.950822;4856671.896839;-4.25;1206.693986;0.029693;2553.418192;3
1416695.326542;4856671.566939;-4.25;1257.211921;0.032555;2426.472091;3
1416695.702262;4856671.237038;-4.25;1303.782168;0.033232;2465.087376;3
1416696.077982;4856670.907137;-4.25;1336.888729;0.035266;2381.905485;3
1416696.453703;4856670.577237;-4.25;1340.336079;0.032412;2598.286723;3
1416696.829423;4856670.247336;-4.25;1332.113527;0.034646;2415.805999;3
1416697.205143;4856669.917436;-4.25;1300.822299;0.036386;2246.28336;3
1416697.580863;4856669.587535;-4.25;1257.154445;0.037694;2095.560363;3
1416697.956583;4856669.257634;-4.25;1215.600567;0.041658;1833.478609;3
1416698.332303;4856668.927734;-4.25;1161.904318;0.044799;1629.607174;3
1416698.708023;4856668.597833;-4.25;1115.143731;0.047;1490.785054;2
1416699.083743;4856668.267933;-4.25;1071.384292;0.047482;1417.748257;2
1416699.459463;4856667.938032;-4.25;1041.098403;0.048438;1350.463136;2
1416699.835184;4856667.608132;-4.25;1030.466001;0.049134;1317.744045;2
1416700.210904;4856667.278231;-4.25;1020.019947;0.050253;1275.350851;2
1416700.586624;4856666.94833;-4.25;1017.622381;0.047782;1338.149283;2
1416700.962344;4856666.61843;-4.25;1020.255857;0.045926;1395.822631;2
1416701.338064;4856666.288529;-4.25;1026.893026;0.046775;1379.404085;2
1416701.713784;4856665.958629;-4.25;1042.699517;0.049444;1325.035943;2
1416702.089504;4856665.628728;-4.25;1067.376487;0.048737;1376.068003;2
1416702.465224;4856665.298827;-4.25;1085.133425;0.050647;1346.206239;2
1416702.840944;4856664.968927;-4.25;1111.287204;0.057286;1218.86457;2
1416703.216665;4856664.639026;-4.25;1108.873439;0.065526;1063.283202;2
1416703.592385;4856664.309126;-4.25;1116.423996;0.071153;985.862159;2
1416703.968105;4856663.979225;-4.25;1132.060928;0.074769;951.323841;2
1416704.343825;4856663.649324;-4.25;1165.855782;0.076918;952.348826;3
1416704.719545;4856663.319424;-4.25;1183.973838;0.079771;932.554685;3
1416705.095265;4856662.989523;-4.25;1216.35954;0.081049;942.96746;3
1416705.470985;4856662.659623;-4.25;1239.993305;0.074827;1041.212162;3
1416705.846705;4856662.329722;-4.25;1261.851081;0.063612;1246.371728;3
1416706.222425;4856661.999822;-4.25;1306.355133;0.057785;1420.458208;3
1416706.598146;4856661.669921;-4.25;1310.369207;0.050115;1642.882087;3
1416706.973866;4856661.34002;-4.25;1263.411437;0.043716;1815.879595;3
1416707.349586;4856661.01012;-4.25;1218.740424;0.035218;2174.354013;3
1416707.725306;4856660.680219;-4.25;1175.684873;0.03005;2458.253046;3
1416708.101026;4856660.350319;-4.25;1142.961548;0.027123;2647.734638;2
1416708.476746;4856660.020418;-4.25;1115.018386;0.029652;2362.678851;2
1416708.852466;4856659.690517;-4.25;1091.957273;0.027445;2499.876947;2
1416709.228186;4856659.360617;-4.25;1110.945331;0.027924;2499.775709;2
1416709.603906;4856659.030716;-4.25;1116.093759;0.025925;2704.923644;2
1416709.979627;4856658.700816;-4.25;1123.085175;0.028024;2518.059698;2
1416710.355347;4856658.370915;-4.25;1105.853869;0.02735;2540.53195;2
1416710.731067;4856658.041015;-4.25;1080.904689;0.026693;2544.312096;2
1416711.106787;4856657.711114;-4.25;1068.810644;0.02505;2680.884073;2
1416711.482507;4856657.381213;-4.25;1016.256994;0.023683;2696.156821;2
1416711.858227;4856657.051313;-4.25;949.330767;0.02269;2628.816659;2
1416712.233947;4856656.721412;-4.25;898.980199;0.023509;2402.628886;2
1416687.0607;4856678.824751;-4.75;1019.015913;0.007803;8205.159358;2
1416687.43642;4856678.494851;-4.75;1075.109676;0.007701;8771.328106;2
1416687.81214;4856678.16495;-4.75;1129.881387;0.009765;7270.214414;2
1416688.18786;4856677.83505;-4.75;1180.62926;0.012931;5736.510265;3
1416688.56358;4856677.505149;-4.75;1222.60601;0.016957;4530.233971;3
1416688.9393;4856677.175249;-4.75;1258.522065;0.019214;4115.480835;3
1416689.31502;4856676.845348;-4.75;1291.304959;0.022708;3572.948241;3
1416689.690741;4856676.515447;-4.75;1327.324436;0.024962;3341.063658;3
1416690.066461;4856676.185547;-4.75;1352.853212;0.028386;2994.483637;3
1416690.442181;4856675.855646;-4.75;1379.350025;0.030115;2877.824957;3
1416690.817901;4856675.525746;-4.75;1390.071493;0.028602;3053.690681;3
1416691.193621;4856675.195845;-4.75;1390.404472;0.027531;3173.190624;3
1416691.569341;4856674.865944;-4.75;1369.678028;0.024566;3503.26052;3
1416691.945061;4856674.536044;-4.75;1331.477492;0.021054;3973.513177;3
1416692.320781;4856674.206143;-4.75;1291.285724;0.017641;4599.150332;3
1416692.696501;4856673.876243;-4.75;1261.300116;0.013758;5760.240153;3
1416693.072222;4856673.546342;-4.75;1230.193098;0.011474;6736.764325;3
1416693.447942;4856673.216441;-4.75;1207.265935;0.010564;7180.18191;3
1416693.823662;4856672.886541;-4.75;1195.817926;0.01032;7280.226241;3
1416694.199382;4856672.55664;-4.75;1210.25143;0.011853;6415.452708;3
1416694.575102;4856672.22674;-4.75;1244.107785;0.013237;5905.163537;3
1416694.950822;4856671.896839;-4.75;1290.080742;0.015977;5073.534366;3
1416695.326542;4856671.566939;-4.75;1335.218202;0.017837;4703.494073;3
1416695.702262;4856671.237038;-4.75;1371.858219;0.018118;4757.447619;3
1416696.077982;4856670.907137;-4.75;1406.711875;0.019744;4476.615294;3
1416696.453703;4856670.577237;-4.75;1428.225957;0.019573;4584.80798;3
1416696.829423;4856670.247336;-4.75;1420.313094;0.020891;4271.740969;3
1416697.205143;4856669.917436;-4.75;1388.040566;0.023445;3719.872541;3
1416697.580863;4856669.587535;-4.75;1343.281807;0.025565;3301.419505;3
1416697.956583;4856669.257634;-4.75;1308.541527;0.031282;2628.258397;3
1416698.332303;4856668.927734;-4.75;1252.410156;0.033771;2330.124936;3
1416698.708023;4856668.597833;-4.75;1197.997177;0.03562;2113.201573;3
1416699.083743;4856668.267933;-4.75;1151.223533;0.036241;1995.902354;3
1416699.459463;4856667.938032;-4.75;1118.148717;0.037002;1898.680197;2
1416699.835184;4856667.608132;-4.75;1093.808781;0.035991;1909.55731;2
1416700.210904;4856667.278231;-4.75;1072.033612;0.034478;1953.625673;2
1416700.586624;4856666.94833;-4.75;1050.05625;0.031382;2102.399697;2
1416700.962344;4856666.61843;-4.75;1054.760626;0.032899;2014.44767;2
1416701.338064;4856666.288529;-4.75;1064.427625;0.033847;1975.967275;2
1416701.713784;4856665.958629;-4.75;1083.197515;0.036358;1871.895933;2
1416702.089504;4856665.628728;-4.75;1103.237405;0.038358;1807.128475;2
1416702.465224;4856665.298827;-4.75;1127.153499;0.04116;1720.631939;2
1416702.840944;4856664.968927;-4.75;1156.478183;0.045582;1594.135857;3
1416703.216665;4856664.639026;-4.75;1181.906049;0.050177;1479.983882;3
1416703.592385;4856664.309126;-4.75;1189.98675;0.053101;1408.062396;3
1416703.968105;4856663.979225;-4.75;1212.224016;0.056237;1354.390888;3
1416704.343825;4856663.649324;-4.75;1251.102985;0.059074;1330.692048;3
1416704.719545;4856663.319424;-4.75;1287.696056;0.059382;1362.505888;3
1416705.095265;4856662.989523;-4.75;1346.732147;0.059796;1415.09647;3
1416705.470985;4856662.659623;-4.75;1410.272354;0.058795;1507.111826;3
1416705.846705;4856662.329722;-4.75;1449.466208;0.05237;1739.021624;3
1416706.222425;4856661.999822;-4.75;1538.015051;0.047984;2013.922719;3
1416706.598146;4856661.669921;-4.75;1580.355687;0.042604;2330.694828;3
1416706.973866;4856661.34002;-4.75;1561.837836;0.035903;2733.274012;3
1416707.349586;4856661.01012;-4.75;1542.265264;0.029892;3241.835269;3
1416707.725306;4856660.680219;-4.75;1500.655483;0.02572;3665.993011;3
1416708.101026;4856660.350319;-4.75;1454.687206;0.021164;4318.654945;3
1416708.476746;4856660.020418;-4.75;1423.287576;0.020419;4379.708157;3
1416708.852466;4856659.690517;-4.75;1388.943886;0.017993;4850.195361;3
1416709.228186;4856659.360617;-4.75;1363.571419;0.01645;5208.21277;3
1416709.603906;4856659.030716;-4.75;1346.637945;0.015663;5402.145694;3
1416709.979627;4856658.700816;-4.75;1323.90981;0.016368;5082.062127;3
1416710.355347;4856658.370915;-4.75;1277.772874;0.015203;5280.993231;3
1416710.731067;4856658.041015;-4.75;1225.352794;0.014402;5345.807934;3
1416711.106787;4856657.711114;-4.75;1172.071594;0.013522;5446.285495;3
1416711.482507;4856657.381213;-4.75;1098.058505;0.012903;5347.100708;2
1416687.43642;4856678.494851;-5.25;1157.860116;0.003772;19284.497149;3
1416687.81214;4856678.16495;-5.25;1216.203277;0.004609;16580.940661;3
1416688.18786;4856677.83505;-5.25;1269.424951;0.005885;13553.566967;3
1416688.56358;4856677.505149;-5.25;1317.563641;0.008075;10252.640487;3
1416688.9393;4856677.175249;-5.25;1361.743997;0.011102;7706.585056;3
1416689.31502;4856676.845348;-5.25;1398.093211;0.013792;6369.121156;3
1416689.690741;4856676.515447;-5.25;1433.773566;0.013351;6747.753564;3
1416690.066461;4856676.185547;-5.25;1460.445182;0.01549;5923.878527;3
1416690.442181;4856675.855646;-5.25;1482.590453;0.016719;5571.825139;3
1416690.817901;4856675.525746;-5.25;1486.728546;0.015638;5973.348195;3
1416691.193621;4856675.195845;-5.25;1474.47674;0.014445;6413.728702;3
1416691.569341;4856674.865944;-5.25;1446.576468;0.012242;7424.603461;3
1416691.945061;4856674.536044;-5.25;1411.374543;0.009985;8881.352686;3
1416692.320781;4856674.206143;-5.25;1376.195318;0.009265;9333.122645;3
1416692.696501;4856673.876243;-5.25;1345.547388;0.007521;11240.674402;3
1416693.072222;4856673.546342;-5.25;1322.243589;0.007304;11373.727495;3
1416693.447942;4856673.216441;-5.25;1315.701178;0.00877;9426.415005;3
1416693.823662;4856672.886541;-5.25;1328.125941;0.010943;7626.034732;3
1416694.199382;4856672.55664;-5.25;1351.886691;0.011069;7673.500262;3
1416694.575102;4856672.22674;-5.25;1377.198817;0.011845;7305.263049;3
1416694.950822;4856671.896839;-5.25;1405.087632;0.012835;6878.533898;3
1416695.326542;4856671.566939;-5.25;1443.906098;0.014445;6280.537951;3
1416695.702262;4856671.237038;-5.25;1469.436164;0.013676;6750.859114;3
1416696.077982;4856670.907137;-5.25;1482.337838;0.012723;7320.215612;3
1416696.453703;4856670.577237;-5.25;1475.761085;0.010425;8894.332279;3
1416696.829423;4856670.247336;-5.25;1450.051067;0.011575;7871.208527;3
1416697.205143;4856669.917436;-5.25;1421.302867;0.013247;6741.426224;3
1416697.580863;4856669.587535;-5.25;1381.859737;0.014666;5919.9928;3
1416697.956583;4856669.257634;-5.25;1334.619013;0.017228;4867.435127;3
1416698.332303;4856668.927734;-5.25;1290.350413;0.020212;4011.289228;3
1416698.708023;4856668.597833;-5.25;1249.605819;0.023771;3302.944717;3
1416699.083743;4856668.267933;-5.25;1218.459364;0.025718;2976.811323;3
1416699.459463;4856667.938032;-5.25;1198.605263;0.027989;2690.737933;3
1416699.835184;4856667.608132;-5.25;1169.209611;0.027606;2661.183043;3
1416700.210904;4856667.278231;-5.25;1146.957695;0.027682;2603.337787;2
1416700.586624;4856666.94833;-5.25;1130.993439;0.02593;2740.592032;2
1416700.962344;4856666.61843;-5.25;1130.545968;0.023946;2966.486204;2
1416701.338064;4856666.288529;-5.25;1131.416815;0.022618;3143.004253;2
1416701.713784;4856665.958629;-5.25;1137.441955;0.023615;3026.339939;2
1416702.089504;4856665.628728;-5.25;1146.967965;0.024741;2912.772571;2
1416702.465224;4856665.298827;-5.25;1170.744505;0.027751;2650.691308;3
1416702.840944;4856664.968927;-5.25;1196.543438;0.03148;2388.194882;3
1416703.216665;4856664.639026;-5.25;1224.000732;0.033596;2289.150319;3
1416703.592385;4856664.309126;-5.25;1243.947407;0.036838;2121.688691;3
1416703.968105;4856663.979225;-5.25;1274.934833;0.041132;1947.550514;3
1416704.343825;4856663.649324;-5.25;1307.303175;0.043084;1906.532363;3
1416704.719545;4856663.319424;-5.25;1354.284734;0.04336;1962.457663;3
1416705.095265;4856662.989523;-5.25;1456.394662;0.044698;2047.239156;3
1416705.470985;4856662.659623;-5.25;1550.292425;0.042082;2314.687652;3
1416705.846705;4856662.329722;-5.25;1631.360016;0.039997;2562.746195;3
1416706.222425;4856661.999822;-5.25;1722.077557;0.037979;2848.970088;3
1416706.598146;4856661.669921;-5.25;1775.934445;0.033088;3372.426527;3
1416706.973866;4856661.34002;-5.25;1816.448443;0.029178;3911.496834;3
1416707.349586;4856661.01012;-5.25;1828.610325;0.024905;4613.254615;3
1416707.725306;4856660.680219;-5.25;1751.105993;0.019954;5513.921823;3
1416708.101026;4856660.350319;-5.25;1698.869158;0.017639;6051.549331;3
1416708.476746;4856660.020418;-5.25;1665.552623;0.015661;6682.212976;3
1416708.852466;4856659.690517;-5.25;1640.914061;0.0133;7752.241727;3
1416709.228186;4856659.360617;-5.25;1602.805971;0.011549;8720.078536;3
1416709.603906;4856659.030716;-5.25;1573.89568;0.010717;9227.40644;3
1416709.979627;4856658.700816;-5.25;1520.460689;0.010415;9173.060379;3
1416710.355347;4856658.370915;-5.25;1458.212869;0.009014;10164.420761;3
1416710.731067;4856658.041015;-5.25;1381.302994;0.007985;10868.965173;3
1416711.106787;4856657.711114;-5.25;1297.406911;0.007808;10440.453667;3
1416687.81214;4856678.16495;-5.75;1284.183924;0.001247;64715.57934;3
1416688.18786;4856677.83505;-5.75;1339.594806;0.001352;62273.939728;3
1416688.56358;4856677.505149;-5.75;1387.447153;0.002261;38561.51117;3
1416688.9393;4856677.175249;-5.75;1427.474225;0.003083;29087.408117;3
1416689.31502;4856676.845348;-5.75;1466.790739;0.003919;23517.870432;3
1416689.690741;4856676.515447;-5.75;1507.253823;0.004319;21928.710941;3
1416690.066461;4856676.185547;-5.75;1528.521239;0.004438;21642.372464;3
1416690.442181;4856675.855646;-5.75;1541.986261;0.004922;19683.035231;3
1416690.817901;4856675.525746;-5.75;1544.555434;0.004551;21325.708343;3
1416691.193621;4856675.195845;-5.75;1538.142806;0.004636;20848.274321;3
1416691.569341;4856674.865944;-5.75;1525.493145;0.003997;23978.524776;3
1416691.945061;4856674.536044;-5.75;1493.974557;0.004478;20960.167735;3
1416692.320781;4856674.206143;-5.75;1450.700433;0.004851;18788.696513;3
1416692.696501;4856673.876243;-5.75;1419.943124;0.005143;17348.743769;3
1416693.072222;4856673.546342;-5.75;1400.727402;0.005921;14864.279769;3
1416693.447942;4856673.216441;-5.75;1388.943716;0.006969;12522.142194;3
1416693.823662;4856672.886541;-5.75;1393.010207;0.007709;11353.691552;3
1416694.199382;4856672.55664;-5.75;1408.957877;0.00868;10198.826628;3
1416694.575102;4856672.22674;-5.75;1436.755909;0.009176;9838.473971;3
1416694.950822;4856671.896839;-5.75;1474.72326;0.009231;10037.605114;3
1416695.326542;4856671.566939;-5.75;1509.554268;0.010016;9469.978423;3
1416695.702262;4856671.237038;-5.75;1527.90313;0.009962;9636.293626;3
1416696.077982;4856670.907137;-5.75;1535.791122;0.009856;9790.533742;3
1416696.453703;4856670.577237;-5.75;1527.32706;0.009026;10631.553002;3
1416696.829423;4856670.247336;-5.75;1500.860438;0.008596;10969.94354;3
1416697.205143;4856669.917436;-5.75;1468.687476;0.008115;11371.119673;3
1416697.580863;4856669.587535;-5.75;1423.443287;0.008573;10432.771997;3
1416697.956583;4856669.257634;-5.75;1378.658889;0.010175;8513.543048;3
1416698.332303;4856668.927734;-5.75;1348.520475;0.01092;7758.940781;3
1416698.708023;4856668.597833;-5.75;1319.757859;0.012074;6868.140852;3
1416699.083743;4856668.267933;-5.75;1283.86272;0.013369;6034.118442;3
1416699.459463;4856667.938032;-5.75;1256.514085;0.01302;6063.505033;3
1416699.835184;4856667.608132;-5.75;1220.996587;0.012743;6020.579215;3
1416700.210904;4856667.278231;-5.75;1199.007567;0.012736;5915.159512;3
1416700.586624;4856666.94833;-5.75;1177.722538;0.01108;6678.609911;3
1416700.962344;4856666.61843;-5.75;1166.346595;0.009635;7605.940501;3
1416701.338064;4856666.288529;-5.75;1153.090576;0.00891;8131.098216;3
1416701.713784;4856665.958629;-5.75;1153.430419;0.008908;8135.690248;3
1416702.089504;4856665.628728;-5.75;1158.221544;0.011507;6323.99772;3
1416702.465224;4856665.298827;-5.75;1180.443918;0.012989;5710.318498;3
1416702.840944;4856664.968927;-5.75;1205.246604;0.014318;5289.17881;3
1416703.216665;4856664.639026;-5.75;1234.987523;0.015791;4914.084138;3
1416703.592385;4856664.309126;-5.75;1253.793799;0.01741;4524.987042;3
1416703.968105;4856663.979225;-5.75;1295.96619;0.019466;4183.063074;3
1416704.343825;4856663.649324;-5.75;1343.653175;0.022685;3721.556595;3
1416704.719545;4856663.319424;-5.75;1390.59212;0.02532;3450.776268;3
1416705.095265;4856662.989523;-5.75;1478.491827;0.027487;3379.598686;3
1416705.470985;4856662.659623;-5.75;1562.78193;0.026283;3736.028856;3
1416705.846705;4856662.329722;-5.75;1653.555653;0.026403;3934.971559;3
1416706.222425;4856661.999822;-5.75;1759.085748;0.026903;4108.2875;3
1416706.598146;4856661.669921;-5.75;1830.139387;0.024771;4642.217038;3
1416706.973866;4856661.34002;-5.75;1893.019201;0.021209;5608.173009;3
1416707.349586;4856661.01012;-5.75;1976.691144;0.017084;7270.11651;3
1416707.725306;4856660.680219;-5.75;1950.378799;0.014069;8710.463593;3
1416708.101026;4856660.350319;-5.75;1953.737715;0.013488;9100.999203;3
1416708.476746;4856660.020418;-5.75;1929.45328;0.011197;10827.244683;3
1416708.852466;4856659.690517;-5.75;1895.995198;0.009038;13180.401748;3
1416709.228186;4856659.360617;-5.75;1841.310281;0.0083;13938.129016;3
1416709.603906;4856659.030716;-5.75;1780.637828;0.006856;16319.854692;3
1416709.979627;4856658.700816;-5.75;1681.795767;0.005972;17694.517967;3
1416710.355347;4856658.370915;-5.75;1603.666895;0.004525;22270.159549;3
1416710.731067;4856658.041015;-5.75;1492.437608;0.004508;20802.482115;3
1416688.18786;4856677.83505;-6.25;1403.439688;0.001047;84220.33481;3
1416688.56358;4856677.505149;-6.25;1448.722921;0.001038;87693.705947;3
1416688.9393;4856677.175249;-6.25;1486.623989;0.001166;80119.906311;3
1416689.31502;4856676.845348;-6.25;1511.214116;0.001233;77010.11388;3
1416689.690741;4856676.515447;-6.25;1537.449814;0.001301;74232.249165;3
1416690.066461;4856676.185547;-6.25;1550.682555;0.001222;79712.439117;3
1416690.442181;4856675.855646;-6.25;1554.288986;0.001065;91680.512274;3
1416690.817901;4856675.525746;-6.25;1561.864039;0.001093;89799.05751;3
1416691.193621;4856675.195845;-6.25;1563.376893;0.002057;47754.908473;3
1416691.569341;4856674.865944;-6.25;1556.531995;0.002151;45470.235531;3
1416691.945061;4856674.536044;-6.25;1544.340355;0.003405;28497.168384;3
1416692.320781;4856674.206143;-6.25;1524.732476;0.003911;24497.782788;3
1416692.696501;4856673.876243;-6.25;1517.910974;0.004191;22754.040747;3
1416693.072222;4856673.546342;-6.25;1516.945396;0.004637;20552.717933;3
1416693.447942;4856673.216441;-6.25;1513.224179;0.005676;16751.183383;3
1416693.823662;4856672.886541;-6.25;1521.230165;0.006427;14871.991067;3
1416694.199382;4856672.55664;-6.25;1539.871755;0.0075;12900.981812;3
1416694.575102;4856672.22674;-6.25;1564.68679;0.00778;12636.898027;3
1416694.950822;4856671.896839;-6.25;1596.063358;0.008186;12250.474566;3
1416695.326542;4856671.566939;-6.25;1617.120718;0.009298;10928.359562;3
1416695.702262;4856671.237038;-6.25;1621.680169;0.010321;9872.409789;3
1416696.077982;4856670.907137;-6.25;1615.484964;0.010344;9812.420045;3
1416696.453703;4856670.577237;-6.25;1592.508801;0.009564;10462.705049;3
1416696.829423;4856670.247336;-6.25;1555.931738;0.009062;10788.26063;3
1416697.205143;4856669.917436;-6.25;1520.481062;0.00811;11780.176298;3
1416697.580863;4856669.587535;-6.25;1476.842132;0.007272;12760.371353;3
1416697.956583;4856669.257634;-6.25;1423.907;0.005953;15027.752094;3
1416698.332303;4856668.927734;-6.25;1388.237619;0.004569;19091.507681;3
1416698.708023;4856668.597833;-6.25;1355.433614;0.003542;24045.45872;3
1416699.083743;4856668.267933;-6.25;1320.958982;0.002576;32221.260212;3
1416699.459463;4856667.938032;-6.25;1293.168086;0.001852;43875.294102;3
1416699.835184;4856667.608132;-6.25;1252.912206;0.001256;62663.751504;3
1416700.210904;4856667.278231;-6.25;1232.714246;0.001162;66672.137536;3
1416700.586624;4856666.94833;-6.25;1218.121493;0.00115;66574.302156;3
1416700.962344;4856666.61843;-6.25;1206.254431;0.001096;69129.12384;3
1416701.338064;4856666.288529;-6.25;1194.668772;0.001082;69371.478935;3
1416701.713784;4856665.958629;-6.25;1194.261186;0.001093;68623.459829;3
1416702.089504;4856665.628728;-6.25;1200.972376;0.001112;67848.911519;3
1416702.465224;4856665.298827;-6.25;1222.690857;0.001137;67574.019208;3
1416702.840944;4856664.968927;-6.25;1240.001775;0.002019;38596.606275;3
1416703.216665;4856664.639026;-6.25;1269.245273;0.004;19939.315375;3
1416703.592385;4856664.309126;-6.25;1302.283292;0.00617;13262.110331;3
1416703.968105;4856663.979225;-6.25;1347.754144;0.008797;9625.795943;3
1416704.343825;4856663.649324;-6.25;1397.274398;0.011485;7644.309971;3
1416704.719545;4856663.319424;-6.25;1452.030042;0.014659;6223.722818;3
1416705.095265;4856662.989523;-6.25;1515.201623;0.017581;5414.996858;3
1416705.470985;4856662.659623;-6.25;1582.427299;0.017515;5676.767169;3
1416705.846705;4856662.329722;-6.25;1666.195337;0.016655;6285.658211;3
1416706.222425;4856661.999822;-6.25;1752.934274;0.015519;7097.267968;3
1416706.598146;4856661.669921;-6.25;1837.953181;0.014145;8164.222951;3
1416706.973866;4856661.34002;-6.25;1924.118462;0.013285;9100.260643;3
1416707.349586;4856661.01012;-6.25;1996.614857;0.011052;11350.84739;3
1416707.725306;4856660.680219;-6.25;2057.969771;0.008637;14970.844985;3
1416708.101026;4856660.350319;-6.25;2097.124178;0.008032;16404.310455;3
1416708.476746;4856660.020418;-6.25;2076.292745;0.007078;18432.353816;3
1416708.852466;4856659.690517;-6.25;2053.280182;0.006634;19448.268149;3
1416709.228186;4856659.360617;-6.25;1996.204121;0.005919;21190.420798;3
1416709.603906;4856659.030716;-6.25;1913.819996;0.004159;28913.0574;3
1416709.979627;4856658.700816;-6.25;1805.645492;0.003406;33305.734981;3
1416688.56358;4856677.505149;-6.75;1542.408605;0.001103;87858.148059;3
1416688.9393;4856677.175249;-6.75;1582.963599;0.001146;86820.409375;3
1416689.31502;4856676.845348;-6.75;1614.515155;0.001148;88401.544025;3
1416689.690741;4856676.515447;-6.75;1634.76326;0.001187;86568.008791;3
1416690.066461;4856676.185547;-6.75;1639.353414;0.001113;92534.673794;3
1416690.442181;4856675.855646;-6.75;1635.12915;0.000954;107641.596198;3
1416690.817901;4856675.525746;-6.75;1643.465357;0.000988;104533.006437;3
1416691.193621;4856675.195845;-6.75;1648.431584;0.000936;110681.819413;3
1416691.569341;4856674.865944;-6.75;1647.146167;0.001035;99947.875872;3
1416691.945061;4856674.536044;-6.75;1641.246269;0.001791;57575.9333;3
1416692.320781;4856674.206143;-6.75;1628.235081;0.001794;57018.823406;3
1416692.696501;4856673.876243;-6.75;1630.054599;0.002075;49354.637108;3
1416693.072222;4856673.546342;-6.75;1638.145308;0.002522;40808.172411;3
1416693.447942;4856673.216441;-6.75;1636.144755;0.003572;28783.169417;3
1416693.823662;4856672.886541;-6.75;1637.778386;0.005062;20330.701848;3
1416694.199382;4856672.55664;-6.75;1650.656783;0.006044;17159.302495;3
1416694.575102;4856672.22674;-6.75;1663.880875;0.00687;15217.379638;3
1416694.950822;4856671.896839;-6.75;1680.979897;0.007344;14382.233488;3
1416695.326542;4856671.566939;-6.75;1688.352443;0.008324;12744.598789;3
1416695.702262;4856671.237038;-6.75;1674.727862;0.009204;11432.150403;3
1416696.077982;4856670.907137;-6.75;1654.73531;0.00923;11264.113227;3
1416696.453703;4856670.577237;-6.75;1631.75223;0.008762;11701.098072;3
1416696.829423;4856670.247336;-6.75;1595.338905;0.008331;12032.329634;3
1416697.205143;4856669.917436;-6.75;1559.53548;0.007396;13249.059133;3
1416697.580863;4856669.587535;-6.75;1513.762886;0.006993;13600.33216;3
1416697.956583;4856669.257634;-6.75;1471.852886;0.005797;15953.079711;3
1416698.332303;4856668.927734;-6.75;1447.16408;0.004564;19924.311864;3
1416698.708023;4856668.597833;-6.75;1423.038493;0.003525;25364.384363;3
1416699.083743;4856668.267933;-6.75;1393.719944;0.002502;34996.40943;3
1416699.459463;4856667.938032;-6.75;1370.468027;0.001777;48453.418664;3
1416699.835184;4856667.608132;-6.75;1331.212316;0.001184;70654.114299;3
1416700.210904;4856667.278231;-6.75;1313.116941;0.001095;75319.813696;3
1416700.586624;4856666.94833;-6.75;1288.651668;0.001091;74222.957218;3
1416700.962344;4856666.61843;-6.75;1273.656312;0.001022;78274.049201;3
1416701.338064;4856666.288529;-6.75;1258.258005;0.000994;79500.811557;3
1416701.713784;4856665.958629;-6.75;1255.847567;0.001022;77180.157923;3
1416702.089504;4856665.628728;-6.75;1256.527019;0.001064;74221.772492;3
1416702.465224;4856665.298827;-6.75;1274.405107;0.001092;73333.705592;3
1416702.840944;4856664.968927;-6.75;1289.356064;0.001114;72736.02648;3
1416703.216665;4856664.639026;-6.75;1316.191629;0.001116;74116.426075;3
1416703.592385;4856664.309126;-6.75;1335.982564;0.001151;72944.898817;3
1416703.968105;4856663.979225;-6.75;1371.423469;0.001164;74035.173442;3
1416704.343825;4856663.649324;-6.75;1405.289834;0.001123;78622.637469;3
1416704.719545;4856663.319424;-6.75;1445.011421;0.001196;75911.467872;3
1416705.095265;4856662.989523;-6.75;1503.282175;0.001188;79483.864841;3
1416705.470985;4856662.659623;-6.75;1566.852798;0.001526;64530.316926;3
1416705.846705;4856662.329722;-6.75;1637.640998;0.002126;48395.960093;3
1416706.222425;4856661.999822;-6.75;1723.245186;0.00241;44926.659002;3
1416706.598146;4856661.669921;-6.75;1808.038867;0.00255;44543.262353;3
1416706.973866;4856661.34002;-6.75;1894.211848;0.002864;41549.247324;3
1416707.349586;4856661.01012;-6.75;1981.99813;0.003019;41246.391487;3
1416707.725306;4856660.680219;-6.75;2039.667307;0.003451;37134.991005;3
1416708.101026;4856660.350319;-6.75;2080.99629;0.003339;39163.0322;3
1416708.476746;4856660.020418;-6.75;2097.304223;0.00291;45278.165959;3
1416708.852466;4856659.690517;-6.75;2079.365847;0.00262;49864.299274;3
1416709.228186;4856659.360617;-6.75;2022.239078;0.00259;49067.763612;3
1416689.31502;4856676.845348;-7.25;1699.414265;0.0011;97112.972074;3
1416689.690741;4856676.515447;-7.25;1729.210724;0.001051;103353.13091;3
1416690.066461;4856676.185547;-7.25;1739.957576;0.001059;103256.79921;3
1416690.442181;4856675.855646;-7.25;1742.040009;0.000967;113236.206559;3
1416690.817901;4856675.525746;-7.25;1741.779748;0.000981;111576.333213;3
1416691.193621;4856675.195845;-7.25;1738.96755;0.000933;117048.256625;3
1416691.569341;4856674.865944;-7.25;1731.981967;0.001037;104975.16992;3
1416691.945061;4856674.536044;-7.25;1712.894451;0.001856;57989.197445;3
1416692.320781;4856674.206143;-7.25;1678.782583;0.001872;56342.79417;3
1416692.696501;4856673.876243;-7.25;1656.996862;0.002152;48375.151318;3
1416693.072222;4856673.546342;-7.25;1649.029419;0.002576;40225.832493;3
1416693.447942;4856673.216441;-7.25;1648.014814;0.003598;28781.243412;3
1416693.823662;4856672.886541;-7.25;1653.911767;0.005042;20608.985463;3
1416694.199382;4856672.55664;-7.25;1649.94205;0.005716;18136.992165;3
1416694.575102;4856672.22674;-7.25;1649.852695;0.00541;19162.594434;3
1416694.950822;4856671.896839;-7.25;1670.924377;0.005721;18350.937428;3
1416695.326542;4856671.566939;-7.25;1684.745304;0.006338;16701.358846;3
1416695.702262;4856671.237038;-7.25;1682.1568;0.006552;16131.955275;3
1416696.077982;4856670.907137;-7.25;1662.428417;0.006012;17373.329333;3
1416696.453703;4856670.577237;-7.25;1642.293807;0.004933;20917.623225;3
1416696.829423;4856670.247336;-7.25;1623.188677;0.004374;23315.1717;3
1416697.205143;4856669.917436;-7.25;1610.422758;0.004009;25236.826545;3
1416697.580863;4856669.587535;-7.25;1571.312335;0.003736;26426.042564;3
1416697.956583;4856669.257634;-7.25;1537.361997;0.0029;33307.69929;3
1416698.332303;4856668.927734;-7.25;1510.636298;0.002326;40814.032395;3
1416698.708023;4856668.597833;-7.25;1484.739231;0.001854;50319.246413;3
1416699.083743;4856668.267933;-7.25;1447.127249;0.001474;61696.832493;3
1416699.459463;4856667.938032;-7.25;1419.771111;0.001168;76388.694315;3
1416699.835184;4856667.608132;-7.25;1377.173407;0.001043;82988.625787;3
1416700.210904;4856667.278231;-7.25;1354.364215;0.000968;87908.901153;3
1416700.586624;4856666.94833;-7.25;1326.663358;0.000964;86445.431736;3
1416700.962344;4856666.61843;-7.25;1309.556265;0.00092;89437.968372;3
1416701.338064;4856666.288529;-7.25;1291.503519;0.000902;89921.847819;3
1416701.713784;4856665.958629;-7.25;1289.859955;0.000926;87500.316366;3
1416702.089504;4856665.628728;-7.25;1291.631099;0.000961;84475.965148;3
1416702.465224;4856665.298827;-7.25;1308.81995;0.000979;83987.353391;3
1416702.840944;4856664.968927;-7.25;1323.871406;0.001004;82816.703565;3
1416703.216665;4856664.639026;-7.25;1349.772602;0.00101;83930.943003;3
1416703.592385;4856664.309126;-7.25;1371.169245;0.001053;81834.255357;3
1416703.968105;4856663.979225;-7.25;1400.289121;0.001085;81123.741281;3
1416704.343825;4856663.649324;-7.25;1426.169382;0.001079;83084.369919;3
1416704.719545;4856663.319424;-7.25;1458.441891;0.001031;88919.322683;3
1416705.095265;4856662.989523;-7.25;1510.29122;0.001054;90046.719157;3
1416705.470985;4856662.659623;-7.25;1571.314524;0.001012;97605.367702;3
1416705.846705;4856662.329722;-7.25;1637.930235;0.000987;104266.014125;3
1416706.222425;4856661.999822;-7.25;1704.137268;0.001063;100693.274459;3
1416706.598146;4856661.669921;-7.25;1782.189315;0.000996;112467.131827;3
1416706.973866;4856661.34002;-7.25;1859.570889;0.001004;116365.572496;3
1416707.349586;4856661.01012;-7.25;1935.976247;0.001035;117471.584399;3
1416707.725306;4856660.680219;-7.25;1978.77411;0.000991;125518.379067;3
1416708.101026;4856660.350319;-7.25;2009.440033;0.001;126236.876963;3
1416708.476746;4856660.020418;-7.25;2027.874809;0.001099;115980.693873;3
1416689.690741;4856676.515447;-7.75;1794.728627;0.001034;109098.153717;3
1416690.066461;4856676.185547;-7.75;1817.699176;0.000954;119763.564705;3
1416690.442181;4856675.855646;-7.75;1831.350182;0.000932;123420.117689;3
1416690.817901;4856675.525746;-7.75;1843.936777;0.000966;119938.042796;3
1416691.193621;4856675.195845;-7.75;1848.972206;0.000917;126691.965942;3
1416691.569341;4856674.865944;-7.75;1848.246052;0.000869;133645.818315;3
1416691.945061;4856674.536044;-7.75;1833.143496;0.001385;83169.920982;3
1416692.320781;4856674.206143;-7.75;1802.858864;0.001396;81141.990339;3
1416692.696501;4856673.876243;-7.75;1779.845928;0.001449;77166.256168;3
1416693.072222;4856673.546342;-7.75;1776.422121;0.001458;76562.587856;3
1416693.447942;4856673.216441;-7.75;1762.073927;0.001472;75218.170665;3
1416693.823662;4856672.886541;-7.75;1749.308932;0.001507;72951.893062;3
1416694.199382;4856672.55664;-7.75;1726.377349;0.001861;58275.309861;3
1416694.575102;4856672.22674;-7.75;1726.314326;0.00187;58011.411481;3
1416694.950822;4856671.896839;-7.75;1742.561934;0.002167;50532.016465;3
1416695.326542;4856671.566939;-7.75;1748.096407;0.002369;46358.879068;3
1416695.702262;4856671.237038;-7.75;1734.362966;0.002544;42839.894375;3
1416696.077982;4856670.907137;-7.75;1711.194149;0.002713;39623.574371;3
1416696.453703;4856670.577237;-7.75;1697.964086;0.002826;37749.0657;3
1416696.829423;4856670.247336;-7.75;1687.220094;0.002542;41706.222241;3
1416697.205143;4856669.917436;-7.75;1665.593852;0.002148;48730.11928;3
1416697.580863;4856669.587535;-7.75;1626.503866;0.001876;54464.836711;3
1416697.956583;4856669.257634;-7.75;1591.970809;0.001677;59653.417417;3
1416698.332303;4856668.927734;-7.75;1558.377668;0.00152;64405.349112;3
1416698.708023;4856668.597833;-7.75;1528.52373;0.001299;73945.648741;3
1416699.083743;4856668.267933;-7.75;1478.334395;0.001143;81238.029991;3
1416699.459463;4856667.938032;-7.75;1436.538402;0.001047;86247.134533;3
1416699.835184;4856667.608132;-7.75;1401.216045;0.000927;94927.243326;3
1416700.210904;4856667.278231;-7.75;1377.241015;0.000845;102457.941798;3
1416700.586624;4856666.94833;-7.75;1349.783396;0.000818;103653.4563;3
1416700.962344;4856666.61843;-7.75;1332.167938;0.000824;101543.969815;3
1416701.338064;4856666.288529;-7.75;1318.373091;0.000843;98213.702164;3
1416701.713784;4856665.958629;-7.75;1321.533736;0.000849;97790.987134;3
1416702.089504;4856665.628728;-7.75;1325.306489;0.000863;96512.761321;3
1416702.465224;4856665.298827;-7.75;1330.831917;0.000879;95170.330696;3
1416702.840944;4856664.968927;-7.75;1339.196352;0.000899;93556.784815;3
1416703.216665;4856664.639026;-7.75;1356.042589;0.000901;94590.673535;3
1416703.592385;4856664.309126;-7.75;1374.273512;0.000899;96063.943035;3
1416703.968105;4856663.979225;-7.75;1396.595816;0.000895;98037.440296;3
1416704.343825;4856663.649324;-7.75;1420.994081;0.000891;100203.290774;3
1416704.719545;4856663.319424;-7.75;1457.572206;0.000849;107901.627687;3
1416705.095265;4856662.989523;-7.75;1507.477042;0.000882;107368.941006;3
1416705.470985;4856662.659623;-7.75;1561.501534;0.000856;114663.259312;3
1416705.846705;4856662.329722;-7.75;1628.90378;0.000851;120323.179949;3
1416706.222425;4856661.999822;-7.75;1705.75028;0.000963;111324.433389;3
1416706.598146;4856661.669921;-7.75;1791.845918;0.000929;121239.118278;3
1416706.973866;4856661.34002;-7.75;1877.559713;0.000926;127453.19863;3
1416707.349586;4856661.01012;-7.75;1960.954325;0.000962;128123.518708;3
1416707.725306;4856660.680219;-7.75;2015.385426;0.000957;132331.794296;3
1416690.442181;4856675.855646;-8.25;1886.794707;0.000955;124076.860138;3
1416690.817901;4856675.525746;-8.25;1903.754378;0.000843;141928.421338;3
1416691.193621;4856675.195845;-8.25;1913.699611;0.000934;128775.628647;3
1416691.569341;4856674.865944;-8.25;1907.637485;0.000878;136503.795707;3
1416691.945061;4856674.536044;-8.25;1889.529132;0.001005;118086.766194;3
1416692.320781;4856674.206143;-8.25;1873.614878;0.001028;114551.146249;3
1416692.696501;4856673.876243;-8.25;1863.310943;0.001081;108298.20882;3
1416693.072222;4856673.546342;-8.25;1867.770856;0.001086;108025.321991;3
1416693.447942;4856673.216441;-8.25;1871.257102;0.001108;106133.065674;3
1416693.823662;4856672.886541;-8.25;1873.617622;0.001072;109774.804899;3
1416694.199382;4856672.55664;-8.25;1861.379048;0.001216;96208.178518;3
1416694.575102;4856672.22674;-8.25;1866.806393;0.001177;99630.431407;3
1416694.950822;4856671.896839;-8.25;1863.391108;0.001314;89084.011915;3
1416695.326542;4856671.566939;-8.25;1853.867818;0.001446;80553.473382;3
1416695.702262;4856671.237038;-8.25;1827.976913;0.001603;71663.85519;3
1416696.077982;4856670.907137;-8.25;1789.878601;0.001768;63596.029671;3
1416696.453703;4856670.577237;-8.25;1755.453879;0.001831;60240.909336;3
1416696.829423;4856670.247336;-8.25;1725.583563;0.001706;63560.014113;3
1416697.205143;4856669.917436;-8.25;1691.833942;0.001622;65532.148939;3
1416697.580863;4856669.587535;-8.25;1646.883897;0.001437;72015.206926;3
1416697.956583;4856669.257634;-8.25;1604.35499;0.001284;78524.964004;3
1416698.332303;4856668.927734;-8.25;1553.399904;0.001164;83886.935828;3
1416698.708023;4856668.597833;-8.25;1510.412265;0.001004;94535.914661;3
1416699.083743;4856668.267933;-8.25;1473.602898;0.000901;102796.928156;3
1416699.459463;4856667.938032;-8.25;1441.280104;0.000872;103865.581859;3
1416699.835184;4856667.608132;-8.25;1409.123623;0.000885;100006.579745;3
1416700.210904;4856667.278231;-8.25;1383.969179;0.000896;97049.050232;3
1416700.586624;4856666.94833;-8.25;1363.59369;0.000894;95827.62788;3
1416700.962344;4856666.61843;-8.25;1356.550022;0.000876;97298.265938;3
1416701.338064;4856666.288529;-8.25;1350.754173;0.000864;98183.983906;3
1416701.713784;4856665.958629;-8.25;1347.422041;0.000861;98283.957748;3
1416702.089504;4856665.628728;-8.25;1346.569325;0.00084;100687.346458;3
1416702.465224;4856665.298827;-8.25;1351.8685;0.000824;103116.574275;3
1416702.840944;4856664.968927;-8.25;1365.153103;0.000802;106985.66115;3
1416703.216665;4856664.639026;-8.25;1381.659577;0.000785;110608.43981;3
1416703.592385;4856664.309126;-8.25;1402.902312;0.000779;113169.871078;3
1416703.968105;4856663.979225;-8.25;1428.479039;0.00077;116594.422914;3
1416704.343825;4856663.649324;-8.25;1455.713959;0.000767;119321.244935;3
1416704.719545;4856663.319424;-8.25;1495.188276;0.000751;125027.550369;3
1416705.095265;4856662.989523;-8.25;1543.769413;0.000752;128971.364383;3
1416705.470985;4856662.659623;-8.25;1600.244535;0.00075;134083.886511;3
1416705.846705;4856662.329722;-8.25;1669.745739;0.000764;137326.854084;3
1416706.222425;4856661.999822;-8.25;1740.376151;0.000754;145065.466998;3
1416706.598146;4856661.669921;-8.25;1821.52199;0.000742;154155.136996;3
1416706.973866;4856661.34002;-8.25;1901.969959;0.000782;152730.447519;3
1416691.193621;4856675.195845;-8.75;1955.813027;0.000956;128478.068395;3
1416691.569341;4856674.865944;-8.75;1960.733666;0.000835;147528.960346;3
1416691.945061;4856674.536044;-8.75;1947.382098;0.000965;126816.301211;3
1416692.320781;4856674.206143;-8.75;1936.393344;0.000989;123065.055466;3
1416692.696501;4856673.876243;-8.75;1920.002088;0.001092;110438.215618;3
1416693.072222;4856673.546342;-8.75;1914.315304;0.001144;105177.336036;3
1416693.447942;4856673.216441;-8.75;1915.016911;0.001178;102153.989175;3
1416693.823662;4856672.886541;-8.75;1909.268761;0.001128;106307.072622;3
1416694.199382;4856672.55664;-8.75;1883.719964;0.001174;100849.947241;3
1416694.575102;4856672.22674;-8.75;1878.119893;0.001018;115901.164741;3
1416694.950822;4856671.896839;-8.75;1871.125698;0.000993;118350.848833;3
1416695.326542;4856671.566939;-8.75;1862.446658;0.000928;126065.79766;3
1416695.702262;4856671.237038;-8.75;1836.42241;0.000888;129952.17543;3
1416696.077982;4856670.907137;-8.75;1797.148415;0.000904;124932.020529;3
1416696.453703;4856670.577237;-8.75;1761.673718;0.00093;118992.283428;3
1416696.829423;4856670.247336;-8.75;1732.52918;0.000882;123417.165289;3
1416697.205143;4856669.917436;-8.75;1690.256915;0.000904;117424.481599;3
1416697.580863;4856669.587535;-8.75;1635.949449;0.000857;119970.171077;3
1416697.956583;4856669.257634;-8.75;1591.76724;0.00083;120511.362606;3
1416698.332303;4856668.927734;-8.75;1544.835676;0.000833;116554.939817;3
1416698.708023;4856668.597833;-8.75;1505.326404;0.000815;116017.069388;3
1416699.083743;4856668.267933;-8.75;1466.160487;0.000814;113231.84772;3
1416699.459463;4856667.938032;-8.75;1436.242504;0.000845;106736.582999;3
1416699.835184;4856667.608132;-8.75;1415.660215;0.000851;104492.179683;3
1416700.210904;4856667.278231;-8.75;1397.383733;0.000867;101213.342354;3
1416700.586624;4856666.94833;-8.75;1380.421129;0.000868;99883.272085;3
1416700.962344;4856666.61843;-8.75;1373.130048;0.000846;101980.245625;3
1416701.338064;4856666.288529;-8.75;1366.802341;0.000812;105797.072186;3
1416701.713784;4856665.958629;-8.75;1368.853371;0.000784;109761.51105;3
1416702.089504;4856665.628728;-8.75;1371.014602;0.000755;114168.527553;3
1416702.465224;4856665.298827;-8.75;1379.255971;0.000758;114327.849804;3
1416702.840944;4856664.968927;-8.75;1394.691917;0.000727;120543.243099;3
1416703.216665;4856664.639026;-8.75;1409.776018;0.000706;125525.905993;3
1416703.592385;4856664.309126;-8.75;1430.472059;0.000701;128247.507572;3
1416703.968105;4856663.979225;-8.75;1458.456207;0.000704;130207.47346;3
1416704.343825;4856663.649324;-8.75;1488.42748;0.000709;131983.985974;3
1416704.719545;4856663.319424;-8.75;1531.78845;0.000709;135682.584908;3
1416705.095265;4856662.989523;-8.75;1582.164598;0.000697;142577.273837;3
1416705.470985;4856662.659623;-8.75;1642.311093;0.000711;145094.472835;3
1416705.846705;4856662.329722;-8.75;1711.525682;0.000713;150888.351994;3
1416706.222425;4856661.999822;-8.75;1782.593058;0.000741;151099.580829;3
1416692.320781;4856674.206143;-9.25;1943.249977;0.001114;109576.973878;3
1416692.696501;4856673.876243;-9.25;1926.797953;0.001112;108835.456577;3
1416693.072222;4856673.546342;-9.25;1924.238172;0.001112;108758.396355;3
1416693.447942;4856673.216441;-9.25;1927.089857;0.001108;109319.593276;3
1416693.823662;4856672.886541;-9.25;1929.22333;0.001047;115789.866591;3
1416694.199382;4856672.55664;-9.25;1909.811695;0.001079;111192.15875;3
1416694.575102;4856672.22674;-9.25;1913.556399;0.000982;122430.817503;3
1416694.950822;4856671.896839;-9.25;1909.661028;0.000951;126137.52917;3
1416695.326542;4856671.566939;-9.25;1900.173379;0.000822;145184.351146;3
1416695.702262;4856671.237038;-9.25;1869.05491;0.000752;156224.096336;3
1416696.077982;4856670.907137;-9.25;1823.531204;0.000816;140418.358603;3
1416696.453703;4856670.577237;-9.25;1779.334642;0.000832;134294.606638;3
1416696.829423;4856670.247336;-9.25;1740.164554;0.000814;134296.630827;3
1416697.205143;4856669.917436;-9.25;1692.648469;0.000846;125710.448381;3
1416697.580863;4856669.587535;-9.25;1640.472771;0.000881;116964.75136;3
1416697.956583;4856669.257634;-9.25;1591.040446;0.000929;107662.485911;3
1416698.332303;4856668.927734;-9.25;1544.247688;0.000972;99827.107933;3
1416698.708023;4856668.597833;-9.25;1506.47006;0.00094;100728.327948;3
1416699.083743;4856668.267933;-9.25;1467.661816;0.000961;95912.356031;3
1416699.459463;4856667.938032;-9.25;1440.444732;0.000985;91906.792284;3
1416699.835184;4856667.608132;-9.25;1421.850309;0.001005;88887.323196;3
1416700.210904;4856667.278231;-9.25;1406.894429;0.00106;83382.718719;3
1416700.586624;4856666.94833;-9.25;1398.434035;0.001089;80649.07052;3
1416700.962344;4856666.61843;-9.25;1393.338231;0.00105;83372.946886;3
1416701.338064;4856666.288529;-9.25;1389.016804;0.000996;87620.330571;3
1416701.713784;4856665.958629;-9.25;1392.171458;0.000947;92383.21653;3
1416702.089504;4856665.628728;-9.25;1395.136725;0.000896;97787.853728;3
1416702.465224;4856665.298827;-9.25;1403.691896;0.00088;100259.573463;3
1416702.840944;4856664.968927;-9.25;1417.858732;0.000796;111847.802733;3
1416703.216665;4856664.639026;-9.25;1433.056633;0.00072;125014.198162;3
1416703.592385;4856664.309126;-9.25;1458.782529;0.000709;129295.407432;3
1416703.968105;4856663.979225;-9.25;1491.384762;0.000705;132860.623537;3
1416704.343825;4856663.649324;-9.25;1528.544596;0.000709;135398.447859;3
1416704.719545;4856663.319424;-9.25;1578.248413;0.00071;139747.218158;3
1416705.095265;4856662.989523;-9.25;1625.885363;0.000671;152137.995206;3
1416705.470985;4856662.659623;-9.25;1684.104407;0.000697;151830.04888;3
1416693.823662;4856672.886541;-9.75;2000.877043;0.001235;101780.815043;3
1416694.199382;4856672.55664;-9.75;2000.767872;0.001098;114479.441939;3
1416694.575102;4856672.22674;-9.75;1996.853902;0.00101;124169.083151;3
1416694.950822;4856671.896839;-9.75;1972.921939;0.000926;133934.746515;3
1416695.326542;4856671.566939;-9.75;1941.740499;0.000829;147184.024833;3
1416695.702262;4856671.237038;-9.75;1895.736506;0.000746;159669.085978;3
1416696.077982;4856670.907137;-9.75;1838.775737;0.000775;149168.012423;3
1416696.453703;4856670.577237;-9.75;1778.481343;0.000796;140332.215877;3
1416696.829423;4856670.247336;-9.75;1722.57983;0.000834;129733.558256;3
1416697.205143;4856669.917436;-9.75;1666.795643;0.000876;119557.876975;3
1416697.580863;4856669.587535;-9.75;1616.386421;0.000923;110003.506003;3
1416697.956583;4856669.257634;-9.75;1569.898386;0.000971;101613.15633;3
1416698.332303;4856668.927734;-9.75;1528.490712;0.001009;95165.525926;3
1416698.708023;4856668.597833;-9.75;1495.660023;0.001;93947.300733;3
1416699.083743;4856668.267933;-9.75;1466.555148;0.001017;90632.7943;3
1416699.459463;4856667.938032;-9.75;1441.541982;0.001049;86309.812043;3
1416699.835184;4856667.608132;-9.75;1421.957492;0.001088;82131.138885;3
1416700.210904;4856667.278231;-9.75;1410.330438;0.001149;77095.22468;3
1416700.586624;4856666.94833;-9.75;1404.894079;0.001184;74548.65376;3
1416700.962344;4856666.61843;-9.75;1402.18423;0.001147;76807.976992;3
1416701.338064;4856666.288529;-9.75;1400.639836;0.00109;80732.249219;3
1416701.713784;4856665.958629;-9.75;1405.745299;0.001032;85566.176983;3
1416702.089504;4856665.628728;-9.75;1411.930533;0.000968;91682.452655;3
1416702.465224;4856665.298827;-9.75;1426.69849;0.000933;96108.252496;3
1416702.840944;4856664.968927;-9.75;1444.419003;0.000845;107353.634234;3
1416703.216665;4856664.639026;-9.75;1462.589643;0.000771;119164.919331;3
1416703.592385;4856664.309126;-9.75;1488.41433;0.000749;124885.710885;3
1416703.968105;4856663.979225;-9.75;1528.100348;0.000756;126949.04475;3
1416697.205143;4856669.917436;-10.25;1660.426725;0.001163;89670.619464;3
1416697.580863;4856669.587535;-10.25;1614.8798;0.001153;87964.944347;3
1416697.956583;4856669.257634;-10.25;1574.279324;0.001163;85020.398492;3
1416698.332303;4856668.927734;-10.25;1535.347151;0.001177;81974.216541;3
1416698.708023;4856668.597833;-10.25;1501.313939;0.001166;80899.689445;3
1416699.083743;4856668.267933;-10.25;1471.000176;0.001179;78375.855172;3
1416699.459463;4856667.938032;-10.25;1447.662501;0.001211;75098.287569;3
1416699.835184;4856667.608132;-10.25;1430.055418;0.001262;71199.511121;3
1416700.210904;4856667.278231;-10.25;1420.103038;0.001331;67015.260204;3
1416700.586624;4856666.94833;-10.25;1416.642235;0.001379;64556.175918;3
1416700.962344;4856666.61843;-10.25;1416.331873;0.001358;65540.190222;3
1416701.338064;4856666.288529;-10.25;1417.214344;0.001308;68052.81682;3
1416701.713784;4856665.958629;-10.25;1422.969641;0.001227;72848.911706;3
1416702.089504;4856665.628728;-10.25;1435.110686;0.001146;78669.751453;3
1416707.948276;4856698.25431;-0.125;613.375167;0.002899;13291.788803;1
1416708.12069;4856698.073276;-0.125;613.053786;0.003445;11180.29002;1
1416708.293103;4856697.892241;-0.125;612.711668;0.003752;10259.291708;1
1416708.465517;4856697.711207;-0.125;611.312086;0.004138;9283.348765;1
1416708.637931;4856697.530172;-0.125;610.175842;0.004215;9096.130468;1
1416708.810345;4856697.349138;-0.125;608.698773;0.004392;8708.461746;1
1416708.982759;4856697.168103;-0.125;606.711799;0.005069;7520.281717;1
1416709.155172;4856696.987069;-0.125;605.050823;0.00642;5922.005377;1
1416709.327586;4856696.806034;-0.125;603.143303;0.007984;4746.573472;1
1416709.5;4856696.625;-0.125;600.766959;0.010125;3728.283329;1
1416709.672414;4856696.443966;-0.125;598.138611;0.013821;2719.273479;1
1416709.844828;4856696.262931;-0.125;593.747704;0.019695;1894.204121;1
1416710.017241;4856696.081897;-0.125;587.571781;0.028687;1286.913903;1
1416710.189655;4856695.900862;-0.125;580.117316;0.040849;892.301243;1
1416710.362069;4856695.719828;-0.125;572.581308;0.056442;637.401878;1
1416710.534483;4856695.538793;-0.125;552.427765;0.072044;481.78817;1
1416710.706897;4856695.357759;-0.125;534.744753;0.096736;347.325296;1
1416710.87931;4856695.176724;-0.125;516.985401;0.12537;259.097987;1
1416711.051724;4856694.99569;-0.125;498.605578;0.156719;199.901457;1
1416711.224138;4856694.814655;-0.125;489.784254;0.178458;172.444546;1
1416711.396552;4856694.633621;-0.125;479.473423;0.208519;144.477091;1
1416711.568966;4856694.452586;-0.125;471.81076;0.240432;123.297674;1
1416711.741379;4856694.271552;-0.125;465.212617;0.268459;108.881134;1
1416711.913793;4856694.090517;-0.125;460.624209;0.295367;97.98625;1
1416712.086207;4856693.909483;-0.125;457.570392;0.314907;91.296807;1
1416712.258621;4856693.728448;-0.125;455.386716;0.332461;86.063572;1
1416712.431034;4856693.547414;-0.125;461.779664;0.354151;81.926773;1
1416712.603448;4856693.366379;-0.125;468.691721;0.356801;82.535656;1
1416712.775862;4856693.185345;-0.125;474.329533;0.353302;84.355573;1
1416712.948276;4856693.00431;-0.125;484.222939;0.355714;85.531215;1
1416713.12069;4856692.823276;-0.125;486.361718;0.36556;83.595106;1
1416713.293103;4856692.642241;-0.125;490.303896;0.365537;84.277997;1
1416713.465517;4856692.461207;-0.125;490.956524;0.358869;85.958096;1
1416713.637931;4856692.280172;-0.125;492.025179;0.353105;87.55156;1
1416713.810345;4856692.099138;-0.125;493.386919;0.340214;91.120267;1
1416713.982759;4856691.918103;-0.125;493.552627;0.32678;94.898174;1
1416714.155172;4856691.737069;-0.125;490.745322;0.307011;100.434244;1
1416714.327586;4856691.556034;-0.125;490.048865;0.283249;108.705328;1
1416714.5;4856691.375;-0.125;488.347345;0.268693;114.196291;1
1416714.672414;4856691.193966;-0.125;489.078146;0.260006;118.188246;1
1416714.844828;4856691.012931;-0.125;487.407336;0.244354;125.329493;1
1416715.017241;4856690.831897;-0.125;488.026063;0.232849;131.688563;1
1416715.189655;4856690.650862;-0.125;489.46484;0.223516;137.59205;1
1416715.362069;4856690.469828;-0.125;491.908314;0.218706;141.31963;1
1416715.534483;4856690.288793;-0.125;493.177493;0.221625;139.818278;1
1416715.706897;4856690.107759;-0.125;493.482541;0.235397;131.719624;1
1416715.87931;4856689.926724;-0.125;493.390423;0.251437;123.294054;1
1416716.051724;4856689.74569;-0.125;496.569332;0.273344;114.14336;1
1416716.224138;4856689.564655;-0.125;497.179459;0.301395;103.647188;1
1416716.396552;4856689.383621;-0.125;499.556515;0.331907;94.568917;1
1416716.568966;4856689.202586;-0.125;501.472571;0.351493;89.641866;1
1416716.741379;4856689.021552;-0.125;494.184631;0.367649;84.457056;1
1416716.913793;4856688.840517;-0.125;485.529345;0.389672;78.288121;1
1416717.086207;4856688.659483;-0.125;476.649235;0.409781;73.084803;1
1416717.258621;4856688.478448;-0.125;469.551485;0.432979;68.139153;1
1416717.431034;4856688.297414;-0.125;470.941924;0.442941;66.803764;1
1416717.603448;4856688.116379;-0.125;469.030145;0.442357;66.620425;1
1416717.775862;4856687.935345;-0.125;470.533002;0.447275;66.099078;1
1416717.948276;4856687.75431;-0.125;465.397461;0.464472;62.957017;1
1416718.12069;4856687.573276;-0.125;468.056593;0.451721;65.104094;1
1416718.293103;4856687.392241;-0.125;469.098242;0.435113;67.739515;1
1416718.465517;4856687.211207;-0.125;472.75446;0.422556;70.296031;1
1416718.637931;4856687.030172;-0.125;485.713916;0.410991;74.255327;1
1416718.810345;4856686.849138;-0.125;499.546434;0.391917;80.086875;1
1416718.982759;4856686.668103;-0.125;515.708541;0.373785;86.688662;1
1416719.155172;4856686.487069;-0.125;529.508687;0.349355;95.232808;1
1416719.327586;4856686.306034;-0.125;543.838886;0.336224;101.629874;1
1416719.5;4856686.125;-0.125;559.641525;0.348101;101.014642;1
1416719.672414;4856685.943966;-0.125;572.783646;0.382526;94.082557;1
1416719.844828;4856685.762931;-0.125;605.023412;0.390325;97.392556;1
1416720.017241;4856685.581897;-0.125;624.041282;0.417862;93.834121;1
1416720.189655;4856685.400862;-0.125;639.386748;0.451697;88.939922;1
1416720.362069;4856685.219828;-0.125;644.024562;0.48259;83.850174;1
1416720.534483;4856685.038793;-0.125;644.112191;0.510054;79.346067;1
1416720.706897;4856684.857759;-0.125;635.018774;0.530636;75.191641;1
1416720.87931;4856684.676724;-0.125;602.253034;0.563361;67.169533;1
1416721.051724;4856684.49569;-0.125;573.645297;0.596629;60.411425;1
1416721.224138;4856684.314655;-0.125;541.474699;0.607379;56.01418;1
1416721.396552;4856684.133621;-0.125;516.714584;0.595303;54.537192;1
1416721.568966;4856683.952586;-0.125;494.029766;0.541022;57.374335;1
1416721.741379;4856683.771552;-0.125;462.985193;0.493819;58.908688;1
1416721.913793;4856683.590517;-0.125;439.729317;0.443498;62.297993;1
1416722.086207;4856683.409483;-0.125;421.244363;0.392209;67.483281;1
1416722.258621;4856683.228448;-0.125;408.421264;0.343831;74.635072;1
1416722.431034;4856683.047414;-0.125;397.723996;0.298365;83.755548;1
1416722.603448;4856682.866379;-0.125;389.430569;0.256224;95.497057;1
1416722.775862;4856682.685345;-0.125;389.651984;0.20326;120.449239;1
1416722.948276;4856682.50431;-0.125;389.86997;0.154066;158.997957;1
1416723.12069;4856682.323276;-0.125;387.704056;0.129342;188.33967;1
1416723.293103;4856682.142241;-0.125;385.035178;0.112049;215.910135;1
1416723.465517;4856681.961207;-0.125;383.433836;0.112909;213.374202;1
1416723.637931;4856681.780172;-0.125;380.894826;0.143306;167.001626;1
1416723.810345;4856681.599138;-0.125;376.033018;0.215815;109.477452;1
1416723.982759;4856681.418103;-0.125;371.012493;0.289664;80.477327;1
1416724.155172;4856681.237069;-0.125;365.043433;0.355367;64.542699;1
1416724.327586;4856681.056034;-0.125;358.846241;0.421289;53.519037;1
1416724.5;4856680.875;-0.125;353.315893;0.468175;47.417068;1
1416724.672414;4856680.693966;-0.125;347.881778;0.504458;43.329805;1
1416724.844828;4856680.512931;-0.125;344.169296;0.527199;41.018252;1
1416725.017241;4856680.331897;-0.125;339.869494;0.55319;38.602671;1
1416725.189655;4856680.150862;-0.125;334.499956;0.569689;36.892486;1
1416725.362069;4856679.969828;-0.125;328.687497;0.565421;36.525079;1
1416725.534483;4856679.788793;-0.125;326.848733;0.539161;38.089756;1
1416725.706897;4856679.607759;-0.125;325.313253;0.478036;42.758392;1
1416725.87931;4856679.426724;-0.125;323.519263;0.41289;49.231831;1
1416726.051724;4856679.24569;-0.125;322.57458;0.359613;56.360541;1
1416726.224138;4856679.064655;-0.125;321.731083;0.305491;66.172127;1
1416726.396552;4856678.883621;-0.125;322.191896;0.274921;73.635503;1
1416726.568966;4856678.702586;-0.125;321.857978;0.257197;78.628097;1
1416726.741379;4856678.521552;-0.125;320.517594;0.250223;80.482926;1
1416726.913793;4856678.340517;-0.125;320.450269;0.23275;86.506867;1
1416727.086207;4856678.159483;-0.125;321.733411;0.220137;91.829646;1
1416727.258621;4856677.978448;-0.125;323.043705;0.227419;89.251286;1
1416727.431034;4856677.797414;-0.125;323.995232;0.233879;87.041748;1
1416727.603448;4856677.616379;-0.125;328.162308;0.238232;86.550179;1
1416727.775862;4856677.435345;-0.125;333.134663;0.241808;86.562421;1
1416727.948276;4856677.25431;-0.125;338.430168;0.246708;86.191783;1
1416728.12069;4856677.073276;-0.125;344.559298;0.2506;86.389919;1
1416728.293103;4856676.892241;-0.125;349.795131;0.257581;85.325646;1
1416728.465517;4856676.711207;-0.125;357.724612;0.258123;87.076585;1
1416728.637931;4856676.530172;-0.125;366.3728;0.260167;88.481311;1
1416728.810345;4856676.349138;-0.125;375.524639;0.260177;90.688033;1
1416728.982759;4856676.168103;-0.125;385.458237;0.26161;92.576869;1
1416729.155172;4856675.987069;-0.125;396.639966;0.265673;93.805782;1
1416729.327586;4856675.806034;-0.125;408.03327;0.273791;93.638885;1
1416729.5;4856675.625;-0.125;415.118426;0.284233;91.764998;1
1416729.672414;4856675.443966;-0.125;421.35393;0.296663;89.24082;1
1416729.844828;4856675.262931;-0.125;425.305188;0.305315;87.525069;1
1416730.017241;4856675.081897;-0.125;428.28917;0.314069;85.682418;1
1416730.189655;4856674.900862;-0.125;429.978705;0.31509;85.741724;1
1416730.362069;4856674.719828;-0.125;429.691623;0.318299;84.820545;1
1416730.534483;4856674.538793;-0.125;423.349204;0.324236;82.038415;1
1416730.706897;4856674.357759;-0.125;416.046529;0.325981;80.191705;1
1416730.87931;4856674.176724;-0.125;407.616408;0.329189;77.801199;1
1416731.051724;4856673.99569;-0.125;397.694339;0.330563;75.591921;1
1416731.224138;4856673.814655;-0.125;387.955933;0.328593;74.182976;1
1416731.396552;4856673.633621;-0.125;377.768219;0.325097;73.011772;1
1416731.568966;4856673.452586;-0.125;368.651145;0.317771;72.892201;1
1416731.741379;4856673.271552;-0.125;362.900143;0.307574;74.134022;1
1416731.913793;4856673.090517;-0.125;355.114118;0.307699;72.514047;1
1416732.086207;4856672.909483;-0.125;348.643339;0.30938;70.805872;1
1416732.258621;4856672.728448;-0.125;342.699411;0.3082;69.86522;1
1416732.431034;4856672.547414;-0.125;341.137835;0.296283;72.343983;1
1416732.603448;4856672.366379;-0.125;341.942229;0.290563;73.942261;1
1416732.775862;4856672.185345;-0.125;343.540373;0.278673;77.457445;1
1416732.948276;4856672.00431;-0.125;346.202813;0.262374;82.906851;1
1416733.12069;4856671.823276;-0.125;349.774142;0.240916;91.222593;1
1416733.293103;4856671.642241;-0.125;354.898372;0.217771;102.396396;1
1416733.465517;4856671.461207;-0.125;360.730506;0.195015;116.223666;1
1416733.637931;4856671.280172;-0.125;365.014506;0.175578;130.62299;1
1416733.810345;4856671.099138;-0.125;372.442815;0.146948;159.248525;1
1416733.982759;4856670.918103;-0.125;380.257452;0.118867;201.000086;1
1416734.155172;4856670.737069;-0.125;388.648789;0.093473;261.246327;1
1416734.327586;4856670.556034;-0.125;396.530434;0.074812;333.02932;1
1416734.5;4856670.375;-0.125;402.071172;0.056406;447.878024;1
1416734.672414;4856670.193966;-0.125;407.492147;0.040618;630.344365;1
1416734.844828;4856670.012931;-0.125;412.1474;0.027818;930.915533;1
1416735.017241;4856669.831897;-0.125;416.601917;0.018871;1387.130872;1
1416735.189655;4856669.650862;-0.125;420.670231;0.012922;2045.53744;1
1416735.362069;4856669.469828;-0.125;423.473512;0.008594;3096.112802;1
1416735.534483;4856669.288793;-0.125;425.334175;0.005582;4788.029509;1
1416735.706897;4856669.107759;-0.125;426.701467;0.003577;7495.234121;1
1416735.87931;4856668.926724;-0.125;427.993337;0.002298;11704.147673;1
1416736.051724;4856668.74569;-0.125;428.50506;0.001687;15963.290099;1
1416736.224138;4856668.564655;-0.125;429.068077;0.00124;21739.251935;1
1416736.396552;4856668.383621;-0.125;429.640919;0.000968;27879.210678;1
1416736.568966;4856668.202586;-0.125;430.134345;0.000847;31919.232108;1
1416736.741379;4856668.021552;-0.125;431.422601;0.000774;35033.286678;1
1416708.810345;4856697.349138;-0.375;610.326113;0.004683;8188.893075;1
1416708.982759;4856697.168103;-0.375;607.970788;0.005211;7331.157413;1
1416709.155172;4856696.987069;-0.375;605.874633;0.006276;6065.43863;1
1416709.327586;4856696.806034;-0.375;604.416579;0.007898;4808.380285;1
1416709.5;4856696.625;-0.375;602.701096;0.009965;3800.14469;1
1416709.672414;4856696.443966;-0.375;600.28345;0.012834;2938.805131;1
1416709.844828;4856696.262931;-0.375;596.481686;0.017468;2145.570815;1
1416710.017241;4856696.081897;-0.375;591.256315;0.024587;1510.947687;1
1416710.189655;4856695.900862;-0.375;584.975129;0.03437;1069.407587;1
1416710.362069;4856695.719828;-0.375;578.41392;0.04734;767.701352;1
1416710.534483;4856695.538793;-0.375;561.353203;0.060666;581.398421;1
1416710.706897;4856695.357759;-0.375;546.81036;0.08212;418.376583;1
1416710.87931;4856695.176724;-0.375;532.901468;0.107575;311.252982;1
1416711.051724;4856694.99569;-0.375;517.794192;0.137203;237.122458;1
1416711.224138;4856694.814655;-0.375;509.727905;0.156727;204.350255;1
1416711.396552;4856694.633621;-0.375;499.838184;0.183302;171.332962;1
1416711.568966;4856694.452586;-0.375;493.544125;0.212774;145.742924;1
1416711.741379;4856694.271552;-0.375;488.175897;0.239712;127.957494;1
1416711.913793;4856694.090517;-0.375;484.304217;0.266112;114.349534;1
1416712.086207;4856693.909483;-0.375;481.564352;0.286223;105.713368;1
1416712.258621;4856693.728448;-0.375;479.522287;0.304303;99.010823;1
1416712.431034;4856693.547414;-0.375;485.140449;0.325316;93.700374;1
1416712.603448;4856693.366379;-0.375;490.524562;0.329419;93.560272;1
1416712.775862;4856693.185345;-0.375;494.547629;0.328095;94.70828;1
1416712.948276;4856693.00431;-0.375;501.16073;0.327391;96.181151;1
1416713.12069;4856692.823276;-0.375;502.38848;0.336027;93.939017;1
1416713.293103;4856692.642241;-0.375;505.685541;0.336271;94.486866;1
1416713.465517;4856692.461207;-0.375;505.482924;0.330231;96.176349;1
1416713.637931;4856692.280172;-0.375;505.549549;0.324261;97.959909;1
1416713.810345;4856692.099138;-0.375;506.320201;0.313107;101.604406;1
1416713.982759;4856691.918103;-0.375;506.392442;0.301726;105.451834;1
1416714.155172;4856691.737069;-0.375;503.792485;0.284915;111.10056;1
1416714.327586;4856691.556034;-0.375;501.53923;0.264142;119.301848;1
1416714.5;4856691.375;-0.375;500.27092;0.254658;123.431793;1
1416714.672414;4856691.193966;-0.375;501.021856;0.248223;126.822171;1
1416714.844828;4856691.012931;-0.375;501.127119;0.237729;132.448053;1
1416715.017241;4856690.831897;-0.375;502.429221;0.228558;138.120378;1
1416715.189655;4856690.650862;-0.375;504.388173;0.221288;143.214276;1
1416715.362069;4856690.469828;-0.375;506.927965;0.21777;146.260718;1
1416715.534483;4856690.288793;-0.375;507.999215;0.22012;145.005236;1
1416715.706897;4856690.107759;-0.375;507.889318;0.22958;139.000028;1
1416715.87931;4856689.926724;-0.375;508.821096;0.242207;131.994979;1
1416716.051724;4856689.74569;-0.375;512.354228;0.259885;123.870753;1
1416716.224138;4856689.564655;-0.375;514.62586;0.282564;114.433963;1
1416716.396552;4856689.383621;-0.375;517.042431;0.302941;107.237947;1
1416716.568966;4856689.202586;-0.375;519.489671;0.31606;103.272994;1
1416716.741379;4856689.021552;-0.375;514.103393;0.327632;98.592564;1
1416716.913793;4856688.840517;-0.375;507.3288;0.345381;92.293511;1
1416717.086207;4856688.659483;-0.375;500.412338;0.361487;86.979264;1
1416717.258621;4856688.478448;-0.375;494.456829;0.382564;81.208917;1
1416717.431034;4856688.297414;-0.375;497.628581;0.396719;78.813858;1
1416717.603448;4856688.116379;-0.375;497.539179;0.399443;78.262154;1
1416717.775862;4856687.935345;-0.375;499.590654;0.410343;76.497435;1
1416717.948276;4856687.75431;-0.375;495.545595;0.426214;73.052644;1
1416718.12069;4856687.573276;-0.375;498.448464;0.418292;74.872172;1
1416718.293103;4856687.392241;-0.375;499.132441;0.409007;76.67692;1
1416718.465517;4856687.211207;-0.375;503.119796;0.40159;78.717026;1
1416718.637931;4856687.030172;-0.375;515.521146;0.394046;82.201365;1
1416718.810345;4856686.849138;-0.375;528.642024;0.379456;87.534578;1
1416718.982759;4856686.668103;-0.375;543.534763;0.364975;93.571599;1
1416719.155172;4856686.487069;-0.375;557.097413;0.343324;101.954583;1
1416719.327586;4856686.306034;-0.375;568.52452;0.32756;109.053064;1
1416719.5;4856686.125;-0.375;583.106903;0.336258;108.957024;1
1416719.672414;4856685.943966;-0.375;594.082319;0.356332;104.754325;1
1416719.844828;4856685.762931;-0.375;622.436499;0.356865;109.590076;1
1416720.017241;4856685.581897;-0.375;636.202252;0.377677;105.841224;1
1416720.189655;4856685.400862;-0.375;646.092452;0.400983;101.239057;1
1416720.362069;4856685.219828;-0.375;644.470207;0.423629;95.586501;1
1416720.534483;4856685.038793;-0.375;641.677473;0.447902;90.014652;1
1416720.706897;4856684.857759;-0.375;630.629185;0.466872;84.870346;1
1416720.87931;4856684.676724;-0.375;600.851911;0.492998;76.577605;1
1416721.051724;4856684.49569;-0.375;573.762035;0.519346;69.415287;1
1416721.224138;4856684.314655;-0.375;544.848374;0.524166;65.311037;1
1416721.396552;4856684.133621;-0.375;520.627706;0.50985;64.160087;1
1416721.568966;4856683.952586;-0.375;498.899823;0.465755;67.303245;1
1416721.741379;4856683.771552;-0.375;470.50597;0.430075;68.738679;1
1416721.913793;4856683.590517;-0.375;450.752046;0.387545;73.0794;1
1416722.086207;4856683.409483;-0.375;435.107436;0.345469;79.1347;1
1416722.258621;4856683.228448;-0.375;424.751591;0.306133;87.177512;1
1416722.431034;4856683.047414;-0.375;414.145428;0.265338;98.069271;1
1416722.603448;4856682.866379;-0.375;406.586998;0.2263;112.888357;1
1416722.775862;4856682.685345;-0.375;406.494059;0.181871;140.433577;1
1416722.948276;4856682.50431;-0.375;406.523748;0.140438;181.878565;1
1416723.12069;4856682.323276;-0.375;404.357965;0.122316;207.711774;1
1416723.293103;4856682.142241;-0.375;402.031901;0.109805;230.047428;1
1416723.465517;4856681.961207;-0.375;400.088367;0.111855;224.741002;1
1416723.637931;4856681.780172;-0.375;396.961781;0.139263;179.098258;1
1416723.810345;4856681.599138;-0.375;392.055353;0.197622;124.649957;1
1416723.982759;4856681.418103;-0.375;386.881036;0.261798;92.851885;1
1416724.155172;4856681.237069;-0.375;380.474968;0.319546;74.812216;1
1416724.327586;4856681.056034;-0.375;374.598862;0.376094;62.582105;1
1416724.5;4856680.875;-0.375;368.886619;0.417006;55.58148;1
1416724.672414;4856680.693966;-0.375;363.577227;0.447203;51.082437;1
1416724.844828;4856680.512931;-0.375;359.538674;0.467331;48.339345;1
1416725.017241;4856680.331897;-0.375;355.060196;0.486384;45.867214;1
1416725.189655;4856680.150862;-0.375;349.896748;0.498434;44.107437;1
1416725.362069;4856679.969828;-0.375;344.349141;0.492757;43.908261;1
1416725.534483;4856679.788793;-0.375;342.569202;0.468905;45.903206;1
1416725.706897;4856679.607759;-0.375;340.75573;0.420027;50.973716;1
1416725.87931;4856679.426724;-0.375;339.205901;0.362939;58.723124;1
1416726.051724;4856679.24569;-0.375;338.270251;0.315042;67.464559;1
1416726.224138;4856679.064655;-0.375;337.387448;0.266703;79.484081;1
1416726.396552;4856678.883621;-0.375;337.669813;0.238654;88.900411;1
1416726.568966;4856678.702586;-0.375;337.204955;0.224548;94.354957;1
1416726.741379;4856678.521552;-0.375;336.173963;0.218768;96.551582;1
1416726.913793;4856678.340517;-0.375;336.412967;0.208003;101.620866;1
1416727.086207;4856678.159483;-0.375;337.428218;0.200733;105.618872;1
1416727.258621;4856677.978448;-0.375;338.92144;0.208403;102.181985;1
1416727.431034;4856677.797414;-0.375;340.00317;0.214037;99.809792;1
1416727.603448;4856677.616379;-0.375;343.955429;0.218659;98.835889;1
1416727.775862;4856677.435345;-0.375;348.459822;0.223368;98.019313;1
1416727.948276;4856677.25431;-0.375;353.511347;0.228832;97.066002;1
1416728.12069;4856677.073276;-0.375;359.375516;0.234427;96.321097;1
1416728.293103;4856676.892241;-0.375;364.459187;0.241896;94.667265;1
1416728.465517;4856676.711207;-0.375;371.836997;0.243154;96.084081;1
1416728.637931;4856676.530172;-0.375;379.819662;0.244672;97.537813;1
1416728.810345;4856676.349138;-0.375;388.056365;0.245402;99.356739;1
1416728.982759;4856676.168103;-0.375;397.027415;0.249778;99.872626;1
1416729.155172;4856675.987069;-0.375;406.886219;0.255995;99.866959;1
1416729.327586;4856675.806034;-0.375;416.975759;0.262235;99.907896;1
1416729.5;4856675.625;-0.375;423.528645;0.269915;98.59057;1
1416729.672414;4856675.443966;-0.375;429.368282;0.279565;96.500053;1
1416729.844828;4856675.262931;-0.375;433.180935;0.286345;95.051798;1
1416730.017241;4856675.081897;-0.375;436.150064;0.294112;93.175932;1
1416730.189655;4856674.900862;-0.375;437.670708;0.295987;92.908261;1
1416730.362069;4856674.719828;-0.375;437.320543;0.299587;91.718394;1
1416730.534483;4856674.538793;-0.375;431.928568;0.30558;88.811119;1
1416730.706897;4856674.357759;-0.375;425.842248;0.307216;87.093357;1
1416730.87931;4856674.176724;-0.375;418.733643;0.307666;85.514196;1
1416731.051724;4856673.99569;-0.375;410.297743;0.306575;84.089697;1
1416731.224138;4856673.814655;-0.375;401.991926;0.306092;82.51729;1
1416731.396552;4856673.633621;-0.375;392.899894;0.304557;81.057486;1
1416731.568966;4856673.452586;-0.375;384.658429;0.299797;80.617137;1
1416731.741379;4856673.271552;-0.375;378.924137;0.295246;80.639473;1
1416731.913793;4856673.090517;-0.375;371.57351;0.295072;79.121877;1
1416732.086207;4856672.909483;-0.375;365.67187;0.296199;77.568861;1
1416732.258621;4856672.728448;-0.375;360.133372;0.294068;76.947757;1
1416732.431034;4856672.547414;-0.375;358.464103;0.283503;79.445327;1
1416732.603448;4856672.366379;-0.375;359.03038;0.277249;81.365563;1
1416732.775862;4856672.185345;-0.375;360.422983;0.265651;85.247337;1
1416732.948276;4856672.00431;-0.375;362.967861;0.249592;91.372894;1
1416733.12069;4856671.823276;-0.375;366.245157;0.229436;100.297657;1
1416733.293103;4856671.642241;-0.375;371.235447;0.207349;112.493239;1
1416733.465517;4856671.461207;-0.375;376.714777;0.185186;127.815473;1
1416733.637931;4856671.280172;-0.375;381.230355;0.162985;146.966915;1
1416733.810345;4856671.099138;-0.375;388.34026;0.136161;179.200783;1
1416733.982759;4856670.918103;-0.375;395.726046;0.109886;226.27202;1
1416734.155172;4856670.737069;-0.375;403.594008;0.086286;293.890068;1
1416734.327586;4856670.556034;-0.375;410.910107;0.06789;380.294412;1
1416734.5;4856670.375;-0.375;415.94665;0.050424;518.302173;1
1416734.672414;4856670.193966;-0.375;420.673539;0.035559;743.317233;1
1416734.844828;4856670.012931;-0.375;424.176817;0.023988;1111.059921;1
1416735.017241;4856669.831897;-0.375;427.296348;0.016081;1669.580965;1
1416735.189655;4856669.650862;-0.375;429.90135;0.010923;2472.857045;1
1416735.362069;4856669.469828;-0.375;431.404519;0.007191;3769.261165;1
1416735.534483;4856669.288793;-0.375;432.109135;0.004601;5901.222018;1
1416735.706897;4856669.107759;-0.375;432.379011;0.002996;9067.057419;1
1416735.87931;4856668.926724;-0.375;432.707874;0.001975;13763.276092;1
1416736.051724;4856668.74569;-0.375;432.61958;0.00149;18239.428484;1
1416708.982759;4856697.168103;-0.625;610.233668;0.0063;6086.117884;1
1416709.155172;4856696.987069;-0.625;608.442229;0.007302;5235.571849;1
1416709.327586;4856696.806034;-0.625;606.741832;0.008634;4415.191147;1
1416709.5;4856696.625;-0.625;605.659341;0.010683;3562.21114;1
1416709.672414;4856696.443966;-0.625;604.124471;0.013371;2838.789323;1
1416709.844828;4856696.262931;-0.625;601.618824;0.017613;2146.134278;1
1416710.017241;4856696.081897;-0.625;597.984492;0.024137;1556.602409;1
1416710.189655;4856695.900862;-0.625;593.394442;0.033285;1120.155945;1
1416710.362069;4856695.719828;-0.625;588.563214;0.045327;815.855249;1
1416710.534483;4856695.538793;-0.625;574.410123;0.057946;622.843201;1
1416710.706897;4856695.357759;-0.625;562.180596;0.0778;454.024079;1
1416710.87931;4856695.176724;-0.625;550.321283;0.099056;349.071854;1
1416711.051724;4856694.99569;-0.625;538.104941;0.126811;266.61843;1
1416711.224138;4856694.814655;-0.625;531.980523;0.147676;226.342149;1
1416711.396552;4856694.633621;-0.625;523.057829;0.171672;191.438374;1
1416711.568966;4856694.452586;-0.625;516.251704;0.197261;164.437221;1
1416711.741379;4856694.271552;-0.625;511.47496;0.221677;144.97153;1
1416711.913793;4856694.090517;-0.625;508.18628;0.246055;129.76906;1
1416712.086207;4856693.909483;-0.625;505.756096;0.264895;119.962993;1
1416712.258621;4856693.728448;-0.625;503.800689;0.281659;112.386758;1
1416712.431034;4856693.547414;-0.625;508.727475;0.300679;106.307071;1
1416712.603448;4856693.366379;-0.625;513.476083;0.305374;105.64977;1
1416712.775862;4856693.185345;-0.625;516.428997;0.30577;106.119669;1
1416712.948276;4856693.00431;-0.625;520.247729;0.303503;107.702905;1
1416713.12069;4856692.823276;-0.625;519.924237;0.308148;106.013258;1
1416713.293103;4856692.642241;-0.625;522.697495;0.309226;106.207259;1
1416713.465517;4856692.461207;-0.625;523.369097;0.305688;107.574532;1
1416713.637931;4856692.280172;-0.625;522.700593;0.300764;109.196018;1
1416713.810345;4856692.099138;-0.625;522.479039;0.290851;112.870005;1
1416713.982759;4856691.918103;-0.625;521.807279;0.280548;116.864445;1
1416714.155172;4856691.737069;-0.625;519.278092;0.268876;121.346695;1
1416714.327586;4856691.556034;-0.625;516.703453;0.251848;128.908851;1
1416714.5;4856691.375;-0.625;514.930636;0.243778;132.719391;1
1416714.672414;4856691.193966;-0.625;515.694001;0.238959;135.596258;1
1416714.844828;4856691.012931;-0.625;517.009617;0.231316;140.434039;1
1416715.017241;4856690.831897;-0.625;518.962642;0.224101;145.502904;1
1416715.189655;4856690.650862;-0.625;520.664699;0.217396;150.482431;1
1416715.362069;4856690.469828;-0.625;522.909828;0.213873;153.620883;1
1416715.534483;4856690.288793;-0.625;523.857338;0.215065;153.046422;1
1416715.706897;4856690.107759;-0.625;524.07059;0.222926;147.709494;1
1416715.87931;4856689.926724;-0.625;525.095506;0.233164;141.500316;1
1416716.051724;4856689.74569;-0.625;527.971197;0.244437;135.713588;1
1416716.224138;4856689.564655;-0.625;530.103007;0.262505;126.882958;1
1416716.396552;4856689.383621;-0.625;532.835212;0.278584;120.175803;1
1416716.568966;4856689.202586;-0.625;535.266053;0.288536;116.559818;1
1416716.741379;4856689.021552;-0.625;530.315268;0.299205;111.364007;1
1416716.913793;4856688.840517;-0.625;524.286723;0.315468;104.422269;1
1416717.086207;4856688.659483;-0.625;518.55739;0.329688;98.826578;1
1416717.258621;4856688.478448;-0.625;514.20621;0.346306;93.294853;1
1416717.431034;4856688.297414;-0.625;518.571917;0.35737;91.173843;1
1416717.603448;4856688.116379;-0.625;519.817858;0.358322;91.15025;1
1416717.775862;4856687.935345;-0.625;522.892316;0.36973;88.860286;1
1416717.948276;4856687.75431;-0.625;521.012075;0.385379;84.945287;1
1416718.12069;4856687.573276;-0.625;525.717905;0.380595;86.789973;1
1416718.293103;4856687.392241;-0.625;527.292605;0.374975;88.354602;1
1416718.465517;4856687.211207;-0.625;532.620945;0.370369;90.35728;1
1416718.637931;4856687.030172;-0.625;546.222399;0.364289;94.211242;1
1416718.810345;4856686.849138;-0.625;560.420899;0.351455;100.189973;1
1416718.982759;4856686.668103;-0.625;575.895991;0.339671;106.528523;1
1416719.155172;4856686.487069;-0.625;589.523357;0.323929;114.348627;1
1416719.327586;4856686.306034;-0.625;600.100325;0.313167;120.400381;1
1416719.5;4856686.125;-0.625;613.95852;0.319429;120.765883;1
1416719.672414;4856685.943966;-0.625;624.607263;0.331867;118.255885;1
1416719.844828;4856685.762931;-0.625;647.058538;0.330839;122.887108;1
1416720.017241;4856685.581897;-0.625;654.098302;0.345281;119.028129;1
1416720.189655;4856685.400862;-0.625;661.271283;0.363893;114.178829;1
1416720.362069;4856685.219828;-0.625;656.559422;0.382398;107.879461;1
1416720.534483;4856685.038793;-0.625;650.151366;0.402112;101.589122;1
1416720.706897;4856684.857759;-0.625;636.366768;0.417954;95.666227;1
1416720.87931;4856684.676724;-0.625;606.787724;0.438502;86.945126;1
1416721.051724;4856684.49569;-0.625;579.324065;0.459332;79.24546;1
1416721.224138;4856684.314655;-0.625;551.333972;0.46222;74.945602;1
1416721.396552;4856684.133621;-0.625;526.901817;0.450497;73.488246;1
1416721.568966;4856683.952586;-0.625;505.003394;0.413853;76.670504;1
1416721.741379;4856683.771552;-0.625;480.092434;0.382721;78.817445;1
1416721.913793;4856683.590517;-0.625;462.844965;0.347347;83.724409;1
1416722.086207;4856683.409483;-0.625;448.115297;0.309674;90.921047;1
1416722.258621;4856683.228448;-0.625;438.677455;0.274673;100.348038;1
1416722.431034;4856683.047414;-0.625;428.578568;0.238974;112.683373;1
1416722.603448;4856682.866379;-0.625;421.163949;0.204755;129.240138;1
1416722.775862;4856682.685345;-0.625;421.273214;0.166486;158.988209;1
1416722.948276;4856682.50431;-0.625;421.669135;0.130427;203.134;1
1416723.12069;4856682.323276;-0.625;420.12957;0.114603;230.338934;1
1416723.293103;4856682.142241;-0.625;418.172146;0.104338;251.822356;1
1416723.465517;4856681.961207;-0.625;416.715285;0.107144;244.373124;1
1416723.637931;4856681.780172;-0.625;413.535875;0.129781;200.207967;1
1416723.810345;4856681.599138;-0.625;408.815983;0.178299;144.065213;1
1416723.982759;4856681.418103;-0.625;403.570457;0.232204;109.201715;1
1416724.155172;4856681.237069;-0.625;396.860798;0.280068;89.033654;1
1416724.327586;4856681.056034;-0.625;391.275892;0.326694;75.252555;1
1416724.5;4856680.875;-0.625;386.134093;0.36083;67.238005;1
1416724.672414;4856680.693966;-0.625;380.662429;0.386029;61.958361;1
1416724.844828;4856680.512931;-0.625;376.022197;0.401875;58.789897;1
1416725.017241;4856680.331897;-0.625;370.963737;0.416373;55.979505;1
1416725.189655;4856680.150862;-0.625;365.663653;0.427154;53.786983;1
1416725.362069;4856679.969828;-0.625;360.25352;0.422303;53.599882;1
1416725.534483;4856679.788793;-0.625;358.191188;0.40247;55.919228;1
1416725.706897;4856679.607759;-0.625;356.426248;0.361364;61.973244;1
1416725.87931;4856679.426724;-0.625;354.747197;0.313866;71.01578;1
1416726.051724;4856679.24569;-0.625;353.727255;0.274197;81.056209;1
1416726.224138;4856679.064655;-0.625;352.505949;0.233888;94.697437;1
1416726.396552;4856678.883621;-0.625;352.502057;0.210574;105.18107;1
1416726.568966;4856678.702586;-0.625;351.867696;0.198498;111.378823;1
1416726.741379;4856678.521552;-0.625;351.161586;0.195089;113.097873;1
1416726.913793;4856678.340517;-0.625;351.663201;0.188653;117.123066;1
1416727.086207;4856678.159483;-0.625;352.931411;0.183207;121.039671;1
1416727.258621;4856677.978448;-0.625;354.270608;0.190507;116.843241;1
1416727.431034;4856677.797414;-0.625;355.536549;0.195829;114.074196;1
1416727.603448;4856677.616379;-0.625;359.271106;0.200694;112.477862;1
1416727.775862;4856677.435345;-0.625;363.709903;0.205339;111.291869;1
1416727.948276;4856677.25431;-0.625;368.596919;0.210924;109.800713;1
1416728.12069;4856677.073276;-0.625;374.495798;0.21686;108.50448;1
1416728.293103;4856676.892241;-0.625;379.518644;0.223801;106.549306;1
1416728.465517;4856676.711207;-0.625;386.534232;0.226246;107.346377;1
1416728.637931;4856676.530172;-0.625;393.974194;0.228509;108.328802;1
1416728.810345;4856676.349138;-0.625;401.461619;0.229192;110.058689;1
1416728.982759;4856676.168103;-0.625;409.61723;0.232643;110.628875;1
1416729.155172;4856675.987069;-0.625;418.558001;0.238561;110.239332;1
1416729.327586;4856675.806034;-0.625;427.451504;0.245873;109.233359;1
1416729.5;4856675.625;-0.625;433.134651;0.255367;106.570953;1
1416729.672414;4856675.443966;-0.625;438.370822;0.264283;104.22027;1
1416729.844828;4856675.262931;-0.625;441.964148;0.270229;102.762562;1
1416730.017241;4856675.081897;-0.625;444.591446;0.276806;100.917266;1
1416730.189655;4856674.900862;-0.625;445.88686;0.279248;100.32619;1
1416730.362069;4856674.719828;-0.625;445.667254;0.283408;98.805049;1
1416730.534483;4856674.538793;-0.625;441.14945;0.289141;95.863995;1
1416730.706897;4856674.357759;-0.625;436.198968;0.290989;94.186238;1
1416730.87931;4856674.176724;-0.625;430.15647;0.292971;92.253231;1
1416731.051724;4856673.99569;-0.625;422.970768;0.292384;90.89433;1
1416731.224138;4856673.814655;-0.625;415.348625;0.291556;89.50982;1
1416731.396552;4856673.633621;-0.625;407.40843;0.288147;88.83751;1
1416731.568966;4856673.452586;-0.625;399.885779;0.283807;88.530477;1
1416731.741379;4856673.271552;-0.625;394.62554;0.279144;88.825373;1
1416731.913793;4856673.090517;-0.625;387.853418;0.279351;87.236196;1
1416732.086207;4856672.909483;-0.625;382.189911;0.279316;85.973179;1
1416732.258621;4856672.728448;-0.625;376.988356;0.27638;85.703869;1
1416732.431034;4856672.547414;-0.625;375.360542;0.266349;88.547643;1
1416732.603448;4856672.366379;-0.625;375.682157;0.259759;90.872073;1
1416732.775862;4856672.185345;-0.625;376.799908;0.24817;95.39846;1
1416732.948276;4856672.00431;-0.625;379.031224;0.232415;102.46862;1
1416733.12069;4856671.823276;-0.625;382.477649;0.212359;113.165928;1
1416733.293103;4856671.642241;-0.625;387.194088;0.191216;127.228811;1
1416733.465517;4856671.461207;-0.625;392.465984;0.170141;144.934836;1
1416733.637931;4856671.280172;-0.625;396.743723;0.149833;166.373079;1
1416733.810345;4856671.099138;-0.625;403.464156;0.124637;203.394377;1
1416733.982759;4856670.918103;-0.625;410.525597;0.100401;256.91153;1
1416734.155172;4856670.737069;-0.625;417.722398;0.078603;333.90907;1
1416734.327586;4856670.556034;-0.625;424.229926;0.061226;435.360234;1
1416734.5;4856670.375;-0.625;428.672235;0.044825;600.875591;1
1416734.672414;4856670.193966;-0.625;432.586054;0.031131;873.078721;1
1416734.844828;4856670.012931;-0.625;435.233059;0.020684;1322.079373;1
1416735.017241;4856669.831897;-0.625;437.285096;0.013705;2004.794854;1
1416735.189655;4856669.650862;-0.625;438.70855;0.009198;2996.736703;1
1416735.362069;4856669.469828;-0.625;438.979743;0.006087;4531.304347;1
1416735.534483;4856669.288793;-0.625;438.502285;0.003927;7015.818885;1
1416735.706897;4856669.107759;-0.625;437.959858;0.002595;10605.867967;1
1416735.87931;4856668.926724;-0.625;437.611519;0.001749;15723.415573;1
1416709.155172;4856696.987069;-0.875;610.952373;0.007757;4948.76866;1
1416709.327586;4856696.806034;-0.875;610.019953;0.00966;3967.906819;1
1416709.5;4856696.625;-0.875;609.098254;0.011398;3357.540396;1
1416709.672414;4856696.443966;-0.875;607.698466;0.013699;2787.264122;1
1416709.844828;4856696.262931;-0.875;606.181011;0.017668;2155.674569;1
1416710.017241;4856696.081897;-0.875;603.908812;0.023695;1601.394831;1
1416710.189655;4856695.900862;-0.875;600.872478;0.032093;1176.385413;1
1416710.362069;4856695.719828;-0.875;597.612695;0.043302;867.14103;1
1416710.534483;4856695.538793;-0.875;586.119298;0.05512;668.123169;1
1416710.706897;4856695.357759;-0.875;576.271441;0.073258;494.256204;1
1416710.87931;4856695.176724;-0.875;566.283315;0.092794;383.435604;1
1416711.051724;4856694.99569;-0.875;556.086787;0.116719;299.351508;1
1416711.224138;4856694.814655;-0.875;551.702089;0.136101;254.696601;1
1416711.396552;4856694.633621;-0.875;544.583848;0.160429;213.285549;1
1416711.568966;4856694.452586;-0.875;538.754187;0.184103;183.869697;1
1416711.741379;4856694.271552;-0.875;533.37181;0.205123;163.378533;1
1416711.913793;4856694.090517;-0.875;530.55682;0.227282;146.671849;1
1416712.086207;4856693.909483;-0.875;528.710287;0.244588;135.8197;1
1416712.258621;4856693.728448;-0.875;527.129295;0.259822;127.473968;1
1416712.431034;4856693.547414;-0.875;531.872549;0.276892;120.691656;1
1416712.603448;4856693.366379;-0.875;536.30102;0.281705;119.617121;1
1416712.775862;4856693.185345;-0.875;538.5841;0.282782;119.669067;1
1416712.948276;4856693.00431;-0.875;541.001783;0.281849;120.60424;1
1416713.12069;4856692.823276;-0.875;538.295501;0.284308;118.963035;1
1416713.293103;4856692.642241;-0.875;540.285383;0.283869;119.587207;1
1416713.465517;4856692.461207;-0.875;541.061546;0.281531;120.753801;1
1416713.637931;4856692.280172;-0.875;541.342919;0.279215;121.818614;1
1416713.810345;4856692.099138;-0.875;540.82617;0.273555;124.220506;1
1416713.982759;4856691.918103;-0.875;539.636622;0.267429;126.786419;1
1416714.155172;4856691.737069;-0.875;536.655427;0.258186;130.599876;1
1416714.327586;4856691.556034;-0.875;533.634709;0.243969;137.432709;1
1416714.5;4856691.375;-0.875;530.786919;0.236804;140.834962;1
1416714.672414;4856691.193966;-0.875;531.264599;0.232158;143.783082;1
1416714.844828;4856691.012931;-0.875;532.515626;0.225231;148.553743;1
1416715.017241;4856690.831897;-0.875;535.127771;0.219617;153.098379;1
1416715.189655;4856690.650862;-0.875;536.141635;0.212702;158.375638;1
1416715.362069;4856690.469828;-0.875;538.072258;0.208819;161.901275;1
1416715.534483;4856690.288793;-0.875;539.517039;0.209528;161.786564;1
1416715.706897;4856690.107759;-0.875;539.304221;0.213375;158.806947;1
1416715.87931;4856689.926724;-0.875;539.859313;0.219086;154.826531;1
1416716.051724;4856689.74569;-0.875;542.231553;0.227351;149.85401;1
1416716.224138;4856689.564655;-0.875;544.235739;0.24183;141.402446;1
1416716.396552;4856689.383621;-0.875;547.471552;0.255194;134.793962;1
1416716.568966;4856689.202586;-0.875;549.723827;0.264343;130.664023;1
1416716.741379;4856689.021552;-0.875;545.427176;0.274543;124.826155;1
1416716.913793;4856688.840517;-0.875;540.320864;0.290032;117.053923;1
1416717.086207;4856688.659483;-0.875;535.719139;0.303342;110.964688;1
1416717.258621;4856688.478448;-0.875;532.128555;0.318171;105.083953;1
1416717.431034;4856688.297414;-0.875;536.087408;0.328851;102.427441;1
1416717.603448;4856688.116379;-0.875;538.087183;0.33113;102.101832;1
1416717.775862;4856687.935345;-0.875;541.960629;0.342723;99.358262;1
1416717.948276;4856687.75431;-0.875;541.494477;0.357737;95.106459;1
1416718.12069;4856687.573276;-0.875;546.863058;0.355167;96.744427;1
1416718.293103;4856687.392241;-0.875;548.781798;0.351789;98.016179;1
1416718.465517;4856687.211207;-0.875;554.029979;0.34914;99.704192;1
1416718.637931;4856687.030172;-0.875;568.063132;0.343208;103.996549;1
1416718.810345;4856686.849138;-0.875;582.496917;0.330944;110.5908;1
1416718.982759;4856686.668103;-0.875;597.524331;0.320583;117.110411;1
1416719.155172;4856686.487069;-0.875;610.469904;0.306961;124.957032;1
1416719.327586;4856686.306034;-0.875;620.325492;0.294464;132.363403;1
1416719.5;4856686.125;-0.875;633.125349;0.296688;134.081714;1
1416719.672414;4856685.943966;-0.875;639.895515;0.304899;131.865899;1
1416719.844828;4856685.762931;-0.875;656.780908;0.302143;136.580443;1
1416720.017241;4856685.581897;-0.875;661.636444;0.314103;132.350961;1
1416720.189655;4856685.400862;-0.875;666.924507;0.329813;127.054053;1
1416720.362069;4856685.219828;-0.875;661.675053;0.344789;120.578949;1
1416720.534483;4856685.038793;-0.875;652.815091;0.362469;113.161755;1
1416720.706897;4856684.857759;-0.875;637.239832;0.37673;106.280358;1
1416720.87931;4856684.676724;-0.875;608.421633;0.394095;97.002555;1
1416721.051724;4856684.49569;-0.875;581.986901;0.411421;88.880448;1
1416721.224138;4856684.314655;-0.875;555.127927;0.415532;83.939928;1
1416721.396552;4856684.133621;-0.875;531.616467;0.406625;82.145563;1
1416721.568966;4856683.952586;-0.875;511.957903;0.374485;85.89737;1
1416721.741379;4856683.771552;-0.875;489.470789;0.346935;88.64598;1
1416721.913793;4856683.590517;-0.875;473.16914;0.315165;94.331975;1
1416722.086207;4856683.409483;-0.875;459.242085;0.281545;102.488289;1
1416722.258621;4856683.228448;-0.875;450.813413;0.24985;113.369652;1
1416722.431034;4856683.047414;-0.875;441.57585;0.218004;127.268725;1
1416722.603448;4856682.866379;-0.875;434.549456;0.187701;145.463245;1
1416722.775862;4856682.685345;-0.875;435.300504;0.153837;177.790754;1
1416722.948276;4856682.50431;-0.875;436.179038;0.122263;224.156284;1
1416723.12069;4856682.323276;-0.875;435.111631;0.107787;253.637495;1
1416723.293103;4856682.142241;-0.875;433.350814;0.098145;277.429743;1
1416723.465517;4856681.961207;-0.875;432.489922;0.101259;268.361507;1
1416723.637931;4856681.780172;-0.875;430.052105;0.121355;222.660618;1
1416723.810345;4856681.599138;-0.875;425.4178;0.162577;164.412629;1
1416723.982759;4856681.418103;-0.875;420.09005;0.208535;126.57377;1
1416724.155172;4856681.237069;-0.875;413.378049;0.249545;104.082783;1
1416724.327586;4856681.056034;-0.875;407.993011;0.288967;88.71253;1
1416724.5;4856680.875;-0.875;403.344937;0.318073;79.676455;1
1416724.672414;4856680.693966;-0.875;397.31378;0.339179;73.601044;1
1416724.844828;4856680.512931;-0.875;392.105672;0.352222;69.946648;1
1416725.017241;4856680.331897;-0.875;386.785704;0.365233;66.539536;1
1416725.189655;4856680.150862;-0.875;381.412322;0.37486;63.930188;1
1416725.362069;4856679.969828;-0.875;376.038786;0.370692;63.738201;1
1416725.534483;4856679.788793;-0.875;373.757935;0.353539;66.425266;1
1416725.706897;4856679.607759;-0.875;372.008955;0.3184;73.410742;1
1416725.87931;4856679.426724;-0.875;370.450504;0.277684;83.822114;1
1416726.051724;4856679.24569;-0.875;369.148435;0.243991;95.062011;1
1416726.224138;4856679.064655;-0.875;367.569925;0.209423;110.279801;1
1416726.396552;4856678.883621;-0.875;367.335924;0.189566;121.753832;1
1416726.568966;4856678.702586;-0.875;366.918305;0.180238;127.909675;1
1416726.741379;4856678.521552;-0.875;366.465914;0.178199;129.21393;1
1416726.913793;4856678.340517;-0.875;367.04143;0.171808;134.230891;1
1416727.086207;4856678.159483;-0.875;368.406852;0.167865;137.894342;1
1416727.258621;4856677.978448;-0.875;369.55677;0.174776;132.855546;1
1416727.431034;4856677.797414;-0.875;370.866959;0.180009;129.450801;1
1416727.603448;4856677.616379;-0.875;374.486213;0.184877;127.271641;1
1416727.775862;4856677.435345;-0.875;378.799757;0.189307;125.72515;1
1416727.948276;4856677.25431;-0.875;383.655157;0.194467;123.958362;1
1416728.12069;4856677.073276;-0.875;389.63751;0.200479;122.115774;1
1416728.293103;4856676.892241;-0.875;394.572009;0.20691;119.818887;1
1416728.465517;4856676.711207;-0.875;401.230371;0.209296;120.451838;1
1416728.637931;4856676.530172;-0.875;408.144498;0.211629;121.176482;1
1416728.810345;4856676.349138;-0.875;415.247067;0.212734;122.644997;1
1416728.982759;4856676.168103;-0.875;422.854445;0.215241;123.436985;1
1416729.155172;4856675.987069;-0.875;431.199299;0.220952;122.619858;1
1416729.327586;4856675.806034;-0.875;439.218798;0.22796;121.060266;1
1416729.5;4856675.625;-0.875;444.320496;0.236802;117.893929;1
1416729.672414;4856675.443966;-0.875;448.925112;0.246415;114.468779;1
1416729.844828;4856675.262931;-0.875;452.067056;0.253212;112.17581;1
1416730.017241;4856675.081897;-0.875;454.242944;0.259643;109.923773;1
1416730.189655;4856674.900862;-0.875;455.396563;0.26265;108.941135;1
1416730.362069;4856674.719828;-0.875;455.227538;0.26761;106.882473;1
1416730.534483;4856674.538793;-0.875;451.1692;0.275037;103.069002;1
1416730.706897;4856674.357759;-0.875;446.608986;0.279709;100.322995;1
1416730.87931;4856674.176724;-0.875;441.02591;0.284502;97.400051;1
1416731.051724;4856673.99569;-0.875;434.279377;0.28473;95.833316;1
1416731.224138;4856673.814655;-0.875;427.47759;0.283991;94.577547;1
1416731.396552;4856673.633621;-0.875;420.3745;0.280372;94.206726;1
1416731.568966;4856673.452586;-0.875;413.575796;0.275107;94.456921;1
1416731.741379;4856673.271552;-0.875;408.728138;0.270325;95.000873;1
1416731.913793;4856673.090517;-0.875;402.470164;0.269644;93.782843;1
1416732.086207;4856672.909483;-0.875;397.097464;0.268469;92.935855;1
1416732.258621;4856672.728448;-0.875;392.419876;0.263637;93.52446;1
1416732.431034;4856672.547414;-0.875;391.169764;0.251478;97.734059;1
1416732.603448;4856672.366379;-0.875;391.756564;0.242107;101.668891;1
1416732.775862;4856672.185345;-0.875;393.119908;0.228222;108.229772;1
1416732.948276;4856672.00431;-0.875;395.598568;0.211881;117.312061;1
1416733.12069;4856671.823276;-0.875;398.882019;0.192668;130.080944;1
1416733.293103;4856671.642241;-0.875;403.310832;0.173158;146.344603;1
1416733.465517;4856671.461207;-0.875;408.345452;0.153222;167.450584;1
1416733.637931;4856671.280172;-0.875;412.382871;0.133356;194.298195;1
1416733.810345;4856671.099138;-0.875;418.684948;0.110177;238.767133;1
1416733.982759;4856670.918103;-0.875;425.175525;0.087855;304.074965;1
1416734.155172;4856670.737069;-0.875;431.470503;0.068484;395.862576;1
1416734.327586;4856670.556034;-0.875;437.000087;0.053066;517.426809;1
1416734.5;4856670.375;-0.875;440.501368;0.038661;715.906675;1
1416734.672414;4856670.193966;-0.875;443.379708;0.026775;1040.481215;1
1416734.844828;4856670.012931;-0.875;444.967311;0.017819;1569.040092;1
1416735.017241;4856669.831897;-0.875;445.88949;0.011835;2367.268962;1
1416735.189655;4856669.650862;-0.875;446.145657;0.007971;3516.733059;1
1416735.362069;4856669.469828;-0.875;445.359792;0.005293;5286.798166;1
1416735.534483;4856669.288793;-0.875;444.292456;0.003446;8100.976283;1
1416735.706897;4856669.107759;-0.875;443.191678;0.002309;12061.476279;1
1416709.327586;4856696.806034;-1.125;613.837457;0.00964;4000.935866;1
1416709.5;4856696.625;-1.125;614.016803;0.011306;3412.34455;1
1416709.672414;4856696.443966;-1.125;614.137693;0.013585;2840.505118;1
1416709.844828;4856696.262931;-1.125;613.71529;0.016301;2365.603291;1
1416710.017241;4856696.081897;-1.125;612.960671;0.02064;1865.923977;1
1416710.189655;4856695.900862;-1.125;611.917608;0.026861;1431.36839;1
1416710.362069;4856695.719828;-1.125;611.626074;0.036438;1054.645881;1
1416710.534483;4856695.538793;-1.125;612.274294;0.046358;829.850591;1
1416710.706897;4856695.357759;-1.125;614.3469;0.060123;642.030773;1
1416710.87931;4856695.176724;-1.125;615.790836;0.075019;515.7557;1
1416711.051724;4856694.99569;-1.125;616.281059;0.096478;401.358591;1
1416711.224138;4856694.814655;-1.125;615.686187;0.112768;343.04763;1
1416711.396552;4856694.633621;-1.125;611.899069;0.134893;285.016295;1
1416711.568966;4856694.452586;-1.125;608.408524;0.155912;245.186251;1
1416711.741379;4856694.271552;-1.125;604.39776;0.174922;217.099321;1
1416711.913793;4856694.090517;-1.125;604.172;0.197489;192.219935;1
1416712.086207;4856693.909483;-1.125;604.3761;0.213563;177.812019;1
1416712.258621;4856693.728448;-1.125;603.960439;0.227244;166.992382;1
1416712.431034;4856693.547414;-1.125;600.75402;0.243187;155.216059;1
1416712.603448;4856693.366379;-1.125;596.670381;0.249618;150.189258;1
1416712.775862;4856693.185345;-1.125;589.567774;0.252168;146.900864;1
1416712.948276;4856693.00431;-1.125;583.034367;0.251602;145.599473;1
1416713.12069;4856692.823276;-1.125;578.468898;0.250469;145.112732;1
1416713.293103;4856692.642241;-1.125;577.207048;0.244214;148.505091;1
1416713.465517;4856692.461207;-1.125;576.977075;0.240674;150.629044;1
1416713.637931;4856692.280172;-1.125;577.505794;0.238049;152.430031;1
1416713.810345;4856692.099138;-1.125;576.059385;0.233258;155.171306;1
1416713.982759;4856691.918103;-1.125;574.197935;0.230889;156.256587;1
1416714.155172;4856691.737069;-1.125;571.849574;0.227346;158.042422;1
1416714.327586;4856691.556034;-1.125;570.379162;0.218115;164.307355;1
1416714.5;4856691.375;-1.125;569.230653;0.215606;165.885382;1
1416714.672414;4856691.193966;-1.125;570.904985;0.215496;166.457561;1
1416714.844828;4856691.012931;-1.125;572.260835;0.20994;171.268959;1
1416715.017241;4856690.831897;-1.125;575.066026;0.209734;172.277868;1
1416715.189655;4856690.650862;-1.125;577.05599;0.208105;174.227146;1
1416715.362069;4856690.469828;-1.125;578.358607;0.205015;177.25216;1
1416715.534483;4856690.288793;-1.125;578.769556;0.201282;180.667743;1
1416715.706897;4856690.107759;-1.125;577.534603;0.194072;186.980212;1
1416715.87931;4856689.926724;-1.125;577.455615;0.187235;193.781521;1
1416716.051724;4856689.74569;-1.125;577.960508;0.180165;201.561049;1
1416716.224138;4856689.564655;-1.125;578.328702;0.179737;202.169679;1
1416716.396552;4856689.383621;-1.125;580.380542;0.178696;204.069084;1
1416716.568966;4856689.202586;-1.125;581.596571;0.179713;203.339201;1
1416716.741379;4856689.021552;-1.125;583.928927;0.184951;198.373592;1
1416716.913793;4856688.840517;-1.125;585.870757;0.195659;188.140726;1
1416717.086207;4856688.659483;-1.125;588.935957;0.205546;180.027091;1
1416717.258621;4856688.478448;-1.125;593.496735;0.218477;170.684179;1
1416717.431034;4856688.297414;-1.125;600.975284;0.232498;162.411648;1
1416717.603448;4856688.116379;-1.125;609.269959;0.242415;157.917557;1
1416717.775862;4856687.935345;-1.125;621.351176;0.261755;149.149316;1
1416717.948276;4856687.75431;-1.125;630.504336;0.272289;145.491641;1
1416718.12069;4856687.573276;-1.125;638.250498;0.279729;143.361662;1
1416718.293103;4856687.392241;-1.125;639.831331;0.287567;139.799855;1
1416718.465517;4856687.211207;-1.125;647.140927;0.290668;139.888487;1
1416718.637931;4856687.030172;-1.125;657.471619;0.288401;143.238863;1
1416718.810345;4856686.849138;-1.125;664.767647;0.279789;149.285761;1
1416718.982759;4856686.668103;-1.125;671.050261;0.273033;154.425802;1
1416719.155172;4856686.487069;-1.125;674.370782;0.25992;163.019034;1
1416719.327586;4856686.306034;-1.125;681.255251;0.246909;173.361284;1
1416719.5;4856686.125;-1.125;682.966576;0.237005;181.059659;1
1416719.672414;4856685.943966;-1.125;670.937717;0.219304;192.227761;1
1416719.844828;4856685.762931;-1.125;672.309364;0.218318;193.490205;1
1416720.017241;4856685.581897;-1.125;671.451012;0.217291;194.157135;1
1416720.189655;4856685.400862;-1.125;672.999872;0.217663;194.272298;1
1416720.362069;4856685.219828;-1.125;663.777125;0.216974;192.218458;1
1416720.534483;4856685.038793;-1.125;650.639589;0.22573;181.105561;1
1416720.706897;4856684.857759;-1.125;633.055663;0.234348;169.731035;1
1416720.87931;4856684.676724;-1.125;613.063685;0.236535;162.850584;1
1416721.051724;4856684.49569;-1.125;594.03752;0.235747;158.324397;1
1416721.224138;4856684.314655;-1.125;571.45335;0.233292;153.907722;1
1416721.396552;4856684.133621;-1.125;553.681003;0.231124;150.519773;1
1416721.568966;4856683.952586;-1.125;542.098005;0.228603;148.996229;1
1416721.741379;4856683.771552;-1.125;525.919629;0.217234;152.114537;1
1416721.913793;4856683.590517;-1.125;515.722139;0.201341;160.93967;1
1416722.086207;4856683.409483;-1.125;506.40461;0.181931;174.891892;1
1416722.258621;4856683.228448;-1.125;501.303336;0.167543;187.997942;1
1416722.431034;4856683.047414;-1.125;495.289943;0.147049;211.629523;1
1416722.603448;4856682.866379;-1.125;490.794006;0.125948;244.842871;1
1416722.775862;4856682.685345;-1.125;490.648952;0.109811;280.741249;1
1416722.948276;4856682.50431;-1.125;490.406202;0.100335;307.10154;1
1416723.12069;4856682.323276;-1.125;489.325514;0.09548;322.005902;1
1416723.293103;4856682.142241;-1.125;488.164687;0.092551;331.410369;1
1416723.465517;4856681.961207;-1.125;486.538423;0.092335;331.079948;1
1416723.637931;4856681.780172;-1.125;483.609364;0.095717;317.456749;1
1416723.810345;4856681.599138;-1.125;477.877204;0.104588;287.087715;1
1416723.982759;4856681.418103;-1.125;471.468461;0.119865;247.137872;1
1416724.155172;4856681.237069;-1.125;464.84685;0.126804;230.332907;1
1416724.327586;4856681.056034;-1.125;459.703254;0.131443;219.745455;1
1416724.5;4856680.875;-1.125;455.563903;0.136669;209.440411;1
1416724.672414;4856680.693966;-1.125;449.076838;0.14599;193.275361;1
1416724.844828;4856680.512931;-1.125;442.552648;0.151456;183.593481;1
1416725.017241;4856680.331897;-1.125;436.762186;0.151124;181.589847;1
1416725.189655;4856680.150862;-1.125;430.828316;0.147392;183.658421;1
1416725.362069;4856679.969828;-1.125;426.321104;0.142006;188.629056;1
1416725.534483;4856679.788793;-1.125;423.049162;0.138384;192.081195;1
1416725.706897;4856679.607759;-1.125;420.293812;0.1328;198.853759;1
1416725.87931;4856679.426724;-1.125;418.276632;0.121658;216.023709;1
1416726.051724;4856679.24569;-1.125;416.69198;0.118126;221.640121;1
1416726.224138;4856679.064655;-1.125;414.494643;0.115804;224.892267;1
1416726.396552;4856678.883621;-1.125;413.011699;0.115314;225.040413;1
1416726.568966;4856678.702586;-1.125;412.231045;0.113287;228.634305;1
1416726.741379;4856678.521552;-1.125;412.355981;0.11461;226.062607;1
1416726.913793;4856678.340517;-1.125;413.291876;0.11921;217.833392;1
1416727.086207;4856678.159483;-1.125;415.02079;0.126337;206.40382;1
1416727.258621;4856677.978448;-1.125;416.271299;0.133618;195.745104;1
1416727.431034;4856677.797414;-1.125;417.696356;0.135536;193.635836;1
1416727.603448;4856677.616379;-1.125;420.192547;0.139628;189.084707;1
1416727.775862;4856677.435345;-1.125;422.608527;0.143811;184.640474;1
1416727.948276;4856677.25431;-1.125;425.654502;0.147318;181.543293;1
1416728.12069;4856677.073276;-1.125;429.68154;0.152819;176.66417;1
1416728.293103;4856676.892241;-1.125;433.987455;0.161168;169.191296;1
1416728.465517;4856676.711207;-1.125;438.870573;0.166575;165.541803;1
1416728.637931;4856676.530172;-1.125;443.53629;0.172436;161.614644;1
1416728.810345;4856676.349138;-1.125;448.251413;0.176438;159.628391;1
1416728.982759;4856676.168103;-1.125;452.946666;0.181781;156.559537;1
1416729.155172;4856675.987069;-1.125;458.085936;0.188195;152.939111;1
1416729.327586;4856675.806034;-1.125;462.855236;0.193748;150.102523;1
1416729.5;4856675.625;-1.125;466.740327;0.198943;147.409592;1
1416729.672414;4856675.443966;-1.125;471.213068;0.204892;144.501299;1
1416729.844828;4856675.262931;-1.125;473.977809;0.209034;142.469218;1
1416730.017241;4856675.081897;-1.125;475.766902;0.215766;138.545211;1
1416730.189655;4856674.900862;-1.125;476.652558;0.218804;136.875798;1
1416730.362069;4856674.719828;-1.125;476.43518;0.222612;134.473278;1
1416730.534483;4856674.538793;-1.125;475.897826;0.229585;130.241663;1
1416730.706897;4856674.357759;-1.125;475.138495;0.23535;126.848471;1
1416730.87931;4856674.176724;-1.125;473.171975;0.241939;122.883207;1
1416731.051724;4856673.99569;-1.125;470.228209;0.24638;119.917574;1
1416731.224138;4856673.814655;-1.125;467.080007;0.252697;116.13707;1
1416731.396552;4856673.633621;-1.125;463.147057;0.25599;113.678004;1
1416731.568966;4856673.452586;-1.125;458.989411;0.259042;111.329893;1
1416731.741379;4856673.271552;-1.125;455.923808;0.260405;110.007423;1
1416731.913793;4856673.090517;-1.125;452.101989;0.26282;108.083019;1
1416732.086207;4856672.909483;-1.125;448.891852;0.259859;108.538372;1
1416732.258621;4856672.728448;-1.125;446.276204;0.25461;110.13074;1
1416732.431034;4856672.547414;-1.125;444.573439;0.241747;115.548185;1
1416732.603448;4856672.366379;-1.125;442.404462;0.23039;120.652164;1
1416732.775862;4856672.185345;-1.125;441.77314;0.214167;129.606225;1
1416732.948276;4856672.00431;-1.125;442.249497;0.195414;142.197495;1
1416733.12069;4856671.823276;-1.125;443.302852;0.174579;159.546567;1
1416733.293103;4856671.642241;-1.125;445.773771;0.154115;181.739793;1
1416733.465517;4856671.461207;-1.125;448.594474;0.132377;212.922405;1
1416733.637931;4856671.280172;-1.125;450.757337;0.113337;249.892064;1
1416733.810345;4856671.099138;-1.125;454.285482;0.089412;319.236206;1
1416733.982759;4856670.918103;-1.125;457.390639;0.07019;409.439663;1
1416734.155172;4856670.737069;-1.125;459.89576;0.053828;536.825212;1
1416734.327586;4856670.556034;-1.125;461.457588;0.040634;713.537785;1
1416734.5;4856670.375;-1.125;464.339481;0.028606;1019.907066;1
1416734.672414;4856670.193966;-1.125;466.185268;0.019097;1533.77878;1
1416734.844828;4856670.012931;-1.125;466.415747;0.012385;2366.222954;1
1416735.017241;4856669.831897;-1.125;465.230807;0.008162;3581.201204;1
1416735.189655;4856669.650862;-1.125;462.884564;0.005532;5257.84394;1
1416735.362069;4856669.469828;-1.125;460.161168;0.003741;7729.476641;1
1416735.534483;4856669.288793;-1.125;457.785026;0.002472;11634.633025;1
1416709.5;4856696.625;-1.375;621.529705;0.011271;3464.727852;1
1416709.672414;4856696.443966;-1.375;623.156222;0.015625;2505.782215;1
1416709.844828;4856696.262931;-1.375;624.786666;0.018247;2151.409824;1
1416710.017241;4856696.081897;-1.375;626.507403;0.022459;1752.754467;1
1416710.189655;4856695.900862;-1.375;627.400303;0.027154;1451.746945;1
1416710.362069;4856695.719828;-1.375;629.14196;0.034053;1160.838717;1
1416710.534483;4856695.538793;-1.375;631.708394;0.041727;951.223867;1
1416710.706897;4856695.357759;-1.375;636.639237;0.052256;765.48523;1
1416710.87931;4856695.176724;-1.375;641.582344;0.064711;622.954856;1
1416711.051724;4856694.99569;-1.375;646.849021;0.078932;514.909046;1
1416711.224138;4856694.814655;-1.375;650.636439;0.092412;442.37335;1
1416711.396552;4856694.633621;-1.375;652.200081;0.106074;386.325754;1
1416711.568966;4856694.452586;-1.375;653.068414;0.117894;348.053553;1
1416711.741379;4856694.271552;-1.375;651.800287;0.129208;316.960577;1
1416711.913793;4856694.090517;-1.375;652.155646;0.143017;286.511562;1
1416712.086207;4856693.909483;-1.375;654.475397;0.156281;263.128114;1
1416712.258621;4856693.728448;-1.375;655.937052;0.168108;245.161886;1
1416712.431034;4856693.547414;-1.375;654.808586;0.179329;229.426639;1
1416712.603448;4856693.366379;-1.375;651.558625;0.188183;217.547228;1
1416712.775862;4856693.185345;-1.375;643.689844;0.191144;211.590167;1
1416712.948276;4856693.00431;-1.375;635.092609;0.191111;208.800358;1
1416713.12069;4856692.823276;-1.375;628.277413;0.193383;204.132617;1
1416713.293103;4856692.642241;-1.375;623.51267;0.195722;200.163771;1
1416713.465517;4856692.461207;-1.375;618.862609;0.196222;198.164701;1
1416713.637931;4856692.280172;-1.375;618.163417;0.20093;193.302426;1
1416713.810345;4856692.099138;-1.375;617.490302;0.205715;188.601266;1
1416713.982759;4856691.918103;-1.375;615.058656;0.207597;186.155313;1
1416714.155172;4856691.737069;-1.375;611.185681;0.207549;185.025406;1
1416714.327586;4856691.556034;-1.375;607.940859;0.204383;186.894079;1
1416714.5;4856691.375;-1.375;605.232724;0.201706;188.53093;1
1416714.672414;4856691.193966;-1.375;606.026639;0.20257;187.973081;1
1416714.844828;4856691.012931;-1.375;608.593201;0.205037;186.497913;1
1416715.017241;4856690.831897;-1.375;612.768928;0.203474;189.220744;1
1416715.189655;4856690.650862;-1.375;615.809293;0.201077;192.426323;1
1416715.362069;4856690.469828;-1.375;618.959124;0.19939;195.046161;1
1416715.534483;4856690.288793;-1.375;618.942087;0.194922;199.511914;1
1416715.706897;4856690.107759;-1.375;616.539888;0.186239;208.003308;1
1416715.87931;4856689.926724;-1.375;617.341358;0.179011;216.683167;1
1416716.051724;4856689.74569;-1.375;619.906071;0.172099;226.322762;1
1416716.224138;4856689.564655;-1.375;622.443197;0.170993;228.71803;1
1416716.396552;4856689.383621;-1.375;624.903012;0.16737;234.593247;1
1416716.568966;4856689.202586;-1.375;626.931911;0.166621;236.411897;1
1416716.741379;4856689.021552;-1.375;627.601054;0.167653;235.208211;1
1416716.913793;4856688.840517;-1.375;626.995472;0.172927;227.81494;1
1416717.086207;4856688.659483;-1.375;629.769153;0.180835;218.815954;1
1416717.258621;4856688.478448;-1.375;634.791155;0.192719;206.959776;1
1416717.431034;4856688.297414;-1.375;643.074595;0.204784;197.307897;1
1416717.603448;4856688.116379;-1.375;652.26858;0.215649;190.046145;1
1416717.775862;4856687.935345;-1.375;660.785235;0.230279;180.29615;1
1416717.948276;4856687.75431;-1.375;670.584113;0.241028;174.809991;1
1416718.12069;4856687.573276;-1.375;678.412871;0.249565;170.801009;1
1416718.293103;4856687.392241;-1.375;686.412876;0.262244;164.459863;1
1416718.465517;4856687.211207;-1.375;701.031882;0.268954;163.771687;1
1416718.637931;4856687.030172;-1.375;718.259145;0.271455;166.250784;1
1416718.810345;4856686.849138;-1.375;735.077408;0.270037;171.037158;1
1416718.982759;4856686.668103;-1.375;749.863728;0.2658;177.258717;1
1416719.155172;4856686.487069;-1.375;760.133664;0.255213;187.139972;2
1416719.327586;4856686.306034;-1.375;764.363787;0.24524;195.834578;2
1416719.5;4856686.125;-1.375;764.806869;0.235039;204.451768;2
1416719.672414;4856685.943966;-1.375;758.325076;0.223375;213.304829;2
1416719.844828;4856685.762931;-1.375;752.882209;0.217909;217.086358;2
1416720.017241;4856685.581897;-1.375;744.544238;0.212412;220.237986;1
1416720.189655;4856685.400862;-1.375;734.612482;0.20553;224.576063;1
1416720.362069;4856685.219828;-1.375;710.981726;0.203642;219.366949;1
1416720.534483;4856685.038793;-1.375;685.021385;0.206266;208.668027;1
1416720.706897;4856684.857759;-1.375;656.849585;0.208596;197.85142;1
1416720.87931;4856684.676724;-1.375;628.238486;0.207368;190.354126;1
1416721.051724;4856684.49569;-1.375;603.813736;0.203142;186.760015;1
1416721.224138;4856684.314655;-1.375;582.271387;0.196624;186.06631;1
1416721.396552;4856684.133621;-1.375;564.692518;0.191748;185.038346;1
1416721.568966;4856683.952586;-1.375;550.814636;0.185449;186.621391;1
1416721.741379;4856683.771552;-1.375;537.324563;0.177146;190.583967;1
1416721.913793;4856683.590517;-1.375;528.770325;0.166587;199.437175;1
1416722.086207;4856683.409483;-1.375;521.624994;0.152901;214.352699;1
1416722.258621;4856683.228448;-1.375;519.598516;0.138711;235.361929;1
1416722.431034;4856683.047414;-1.375;516.854971;0.121475;267.337645;1
1416722.603448;4856682.866379;-1.375;517.022846;0.106253;305.736949;1
1416722.775862;4856682.685345;-1.375;520.749665;0.094344;346.812752;1
1416722.948276;4856682.50431;-1.375;524.247031;0.088913;370.468577;1
1416723.12069;4856682.323276;-1.375;525.006922;0.085174;387.292016;1
1416723.293103;4856682.142241;-1.375;525.743621;0.081829;403.68671;1
1416723.465517;4856681.961207;-1.375;525.245666;0.081102;406.920805;1
1416723.637931;4856681.780172;-1.375;523.196164;0.082146;400.182675;1
1416723.810345;4856681.599138;-1.375;519.358949;0.083713;389.813402;1
1416723.982759;4856681.418103;-1.375;513.211972;0.091606;352.009964;1
1416724.155172;4856681.237069;-1.375;504.729218;0.097955;323.751938;1
1416724.327586;4856681.056034;-1.375;498.515225;0.103183;303.564407;1
1416724.5;4856680.875;-1.375;491.2837;0.108251;285.155195;1
1416724.672414;4856680.693966;-1.375;483.267356;0.111395;272.5843;1
1416724.844828;4856680.512931;-1.375;474.516503;0.116865;255.120578;1
1416725.017241;4856680.331897;-1.375;468.655852;0.119787;245.823949;1
1416725.189655;4856680.150862;-1.375;463.759538;0.119491;243.858016;1
1416725.362069;4856679.969828;-1.375;459.058554;0.117913;244.616874;1
1416725.534483;4856679.788793;-1.375;455.807781;0.116776;245.250319;1
1416725.706897;4856679.607759;-1.375;452.993882;0.116118;245.116191;1
1416725.87931;4856679.426724;-1.375;451.121854;0.111121;255.079878;1
1416726.051724;4856679.24569;-1.375;450.855687;0.106476;266.05088;1
1416726.224138;4856679.064655;-1.375;449.61834;0.102714;275.03956;1
1416726.396552;4856678.883621;-1.375;448.924203;0.099909;282.325138;1
1416726.568966;4856678.702586;-1.375;447.976136;0.101839;276.387572;1
1416726.741379;4856678.521552;-1.375;448.585718;0.102449;275.117436;1
1416726.913793;4856678.340517;-1.375;449.896942;0.105893;266.947809;1
1416727.086207;4856678.159483;-1.375;450.55319;0.112103;252.526679;1
1416727.258621;4856677.978448;-1.375;451.97914;0.117874;240.924277;1
1416727.431034;4856677.797414;-1.375;453.279902;0.120976;235.422114;1
1416727.603448;4856677.616379;-1.375;455.171162;0.125581;227.734583;1
1416727.775862;4856677.435345;-1.375;457.584102;0.129702;221.668713;1
1416727.948276;4856677.25431;-1.375;460.672102;0.132868;217.846183;1
1416728.12069;4856677.073276;-1.375;464.531155;0.136904;213.195708;1
1416728.293103;4856676.892241;-1.375;468.622855;0.143305;205.467119;1
1416728.465517;4856676.711207;-1.375;472.442784;0.148405;200.022783;1
1416728.637931;4856676.530172;-1.375;475.637604;0.152327;196.19056;1
1416728.810345;4856676.349138;-1.375;478.656887;0.154648;194.473381;1
1416728.982759;4856676.168103;-1.375;481.933053;0.158293;191.295257;1
1416729.155172;4856675.987069;-1.375;485.419285;0.16425;185.691402;1
1416729.327586;4856675.806034;-1.375;488.562528;0.16871;181.953418;1
1416729.5;4856675.625;-1.375;491.611391;0.172519;179.046311;1
1416729.672414;4856675.443966;-1.375;494.746557;0.177352;175.277443;1
1416729.844828;4856675.262931;-1.375;496.281867;0.180632;172.62894;1
1416730.017241;4856675.081897;-1.375;497.824016;0.185217;168.878441;1
1416730.189655;4856674.900862;-1.375;498.753661;0.188273;166.44778;1
1416730.362069;4856674.719828;-1.375;499.416287;0.190949;164.332827;1
1416730.534483;4856674.538793;-1.375;499.841441;0.19394;161.936574;1
1416730.706897;4856674.357759;-1.375;499.833252;0.197406;159.090319;1
1416730.87931;4856674.176724;-1.375;498.970111;0.198794;157.707088;1
1416731.051724;4856673.99569;-1.375;497.68645;0.197285;158.504116;1
1416731.224138;4856673.814655;-1.375;496.120794;0.19746;157.865629;1
1416731.396552;4856673.633621;-1.375;493.418635;0.196777;157.550618;1
1416731.568966;4856673.452586;-1.375;490.543139;0.195003;158.05739;1
1416731.741379;4856673.271552;-1.375;488.075314;0.196613;155.974776;1
1416731.913793;4856673.090517;-1.375;484.571696;0.197124;154.453992;1
1416732.086207;4856672.909483;-1.375;481.286031;0.195843;154.410119;1
1416732.258621;4856672.728448;-1.375;478.775686;0.189861;158.444529;1
1416732.431034;4856672.547414;-1.375;476.878217;0.181098;165.452593;1
1416732.603448;4856672.366379;-1.375;475.837148;0.172653;173.166706;1
1416732.775862;4856672.185345;-1.375;475.944377;0.162203;184.363925;1
1416732.948276;4856672.00431;-1.375;476.777883;0.149222;200.753258;1
1416733.12069;4856671.823276;-1.375;478.128457;0.134717;222.999003;1
1416733.293103;4856671.642241;-1.375;480.815209;0.119847;252.075999;1
1416733.465517;4856671.461207;-1.375;483.638006;0.104643;290.394372;1
1416733.637931;4856671.280172;-1.375;486.498615;0.087635;348.804534;1
1416733.810345;4856671.099138;-1.375;490.204605;0.070468;437.084724;1
1416733.982759;4856670.918103;-1.375;493.6497;0.053348;581.403197;1
1416734.155172;4856670.737069;-1.375;495.880248;0.04081;763.471195;1
1416734.327586;4856670.556034;-1.375;497.058535;0.029623;1054.272243;1
1416734.5;4856670.375;-1.375;497.084792;0.019534;1598.888321;1
1416734.672414;4856670.193966;-1.375;495.502583;0.012134;2565.844213;1
1416734.844828;4856670.012931;-1.375;492.244211;0.007183;4305.600656;1
1416735.017241;4856669.831897;-1.375;487.744948;0.004382;6993.020844;1
1416735.189655;4856669.650862;-1.375;482.637261;0.002871;10561.73201;1
1416735.362069;4856669.469828;-1.375;477.492543;0.001955;15346.738812;1
1416709.844828;4856696.262931;-1.625;636.828368;0.01895;2111.510846;1
1416710.017241;4856696.081897;-1.625;641.208612;0.024034;1676.335699;1
1416710.189655;4856695.900862;-1.625;645.47836;0.028243;1436.002557;1
1416710.362069;4856695.719828;-1.625;650.140419;0.034036;1200.169276;1
1416710.534483;4856695.538793;-1.625;655.353932;0.041117;1001.457472;1
1416710.706897;4856695.357759;-1.625;662.31197;0.048671;855.019725;1
1416710.87931;4856695.176724;-1.625;669.683517;0.057726;728.911266;1
1416711.051724;4856694.99569;-1.625;677.787689;0.068631;620.513731;1
1416711.224138;4856694.814655;-1.625;685.713679;0.079394;542.67074;1
1416711.396552;4856694.633621;-1.625;692.07727;0.09091;478.322653;1
1416711.568966;4856694.452586;-1.625;696.622049;0.099183;441.306886;1
1416711.741379;4856694.271552;-1.625;697.192184;0.108352;404.290557;1
1416711.913793;4856694.090517;-1.625;699.121621;0.119153;368.660205;1
1416712.086207;4856693.909483;-1.625;702.162569;0.130665;337.644133;1
1416712.258621;4856693.728448;-1.625;706.409238;0.141144;314.466812;1
1416712.431034;4856693.547414;-1.625;706.980149;0.149417;297.294025;1
1416712.603448;4856693.366379;-1.625;705.545698;0.158545;279.610184;1
1416712.775862;4856693.185345;-1.625;699.757136;0.163517;268.883342;1
1416712.948276;4856693.00431;-1.625;690.577493;0.164732;263.399011;1
1416713.12069;4856692.823276;-1.625;681.83157;0.167873;255.197931;1
1416713.293103;4856692.642241;-1.625;674.998754;0.171334;247.536437;1
1416713.465517;4856692.461207;-1.625;668.992272;0.175371;239.686465;1
1416713.637931;4856692.280172;-1.625;667.730186;0.181313;231.394102;1
1416713.810345;4856692.099138;-1.625;666.070563;0.186905;223.913467;1
1416713.982759;4856691.918103;-1.625;663.450291;0.190501;218.821723;1
1416714.155172;4856691.737069;-1.625;657.068213;0.19228;214.712219;1
1416714.327586;4856691.556034;-1.625;653.082522;0.191837;213.90235;1
1416714.5;4856691.375;-1.625;650.035458;0.191051;213.780395;1
1416714.672414;4856691.193966;-1.625;648.456344;0.191866;212.355313;1
1416714.844828;4856691.012931;-1.625;650.00771;0.192711;211.929906;1
1416715.017241;4856690.831897;-1.625;653.424296;0.190095;215.975294;1
1416715.189655;4856690.650862;-1.625;655.487293;0.186159;221.238226;1
1416715.362069;4856690.469828;-1.625;657.880666;0.182135;226.952254;1
1416715.534483;4856690.288793;-1.625;656.925209;0.17655;233.791429;1
1416715.706897;4856690.107759;-1.625;652.699976;0.166272;246.646123;1
1416715.87931;4856689.926724;-1.625;651.095734;0.159341;256.741634;1
1416716.051724;4856689.74569;-1.625;651.312368;0.152354;268.605682;1
1416716.224138;4856689.564655;-1.625;650.669647;0.14802;276.197017;1
1416716.396552;4856689.383621;-1.625;650.483786;0.140739;290.402886;1
1416716.568966;4856689.202586;-1.625;651.923428;0.13755;297.793744;1
1416716.741379;4856689.021552;-1.625;653.046943;0.139271;294.620156;1
1416716.913793;4856688.840517;-1.625;653.053249;0.144518;283.927745;1
1416717.086207;4856688.659483;-1.625;656.119845;0.15003;274.779481;1
1416717.258621;4856688.478448;-1.625;661.16298;0.15832;262.393598;1
1416717.431034;4856688.297414;-1.625;670.426684;0.172007;244.898474;1
1416717.603448;4856688.116379;-1.625;681.646197;0.181819;235.558388;1
1416717.775862;4856687.935345;-1.625;692.671202;0.193408;225.0262;1
1416717.948276;4856687.75431;-1.625;704.880316;0.200923;220.427045;1
1416718.12069;4856687.573276;-1.625;716.878572;0.209464;215.038025;1
1416718.293103;4856687.392241;-1.625;723.350806;0.22081;205.830948;1
1416718.465517;4856687.211207;-1.625;734.290304;0.226173;203.989072;1
1416718.637931;4856687.030172;-1.625;746.322066;0.227329;206.277075;1
1416718.810345;4856686.849138;-1.625;759.502928;0.222238;214.728943;2
1416718.982759;4856686.668103;-1.625;767.925232;0.216512;222.851808;2
1416719.155172;4856686.487069;-1.625;771.287796;0.207459;233.595212;2
1416719.327586;4856686.306034;-1.625;767.535252;0.19218;250.939551;2
1416719.5;4856686.125;-1.625;763.297452;0.181311;264.513923;2
1416719.672414;4856685.943966;-1.625;750.202933;0.167211;281.899889;2
1416719.844828;4856685.762931;-1.625;737.09798;0.158996;291.284614;1
1416720.017241;4856685.581897;-1.625;720.960516;0.153632;294.856028;1
1416720.189655;4856685.400862;-1.625;710.334728;0.150249;297.052051;1
1416720.362069;4856685.219828;-1.625;688.756509;0.147327;293.740675;1
1416720.534483;4856685.038793;-1.625;667.252323;0.148902;281.559816;1
1416720.706897;4856684.857759;-1.625;644.482993;0.154376;262.308495;1
1416720.87931;4856684.676724;-1.625;622.830277;0.156257;250.444368;1
1416721.051724;4856684.49569;-1.625;604.015472;0.157701;240.65478;1
1416721.224138;4856684.314655;-1.625;587.30849;0.153293;240.726796;1
1416721.396552;4856684.133621;-1.625;572.133438;0.150189;239.352911;1
1416721.568966;4856683.952586;-1.625;562.697506;0.147176;240.224151;1
1416721.741379;4856683.771552;-1.625;554.519086;0.143503;242.792315;1
1416721.913793;4856683.590517;-1.625;550.497184;0.135566;255.142855;1
1416722.086207;4856683.409483;-1.625;547.286926;0.12269;280.276325;1
1416722.258621;4856683.228448;-1.625;549.965302;0.11284;306.233175;1
1416722.431034;4856683.047414;-1.625;548.379875;0.101636;339.010659;1
1416722.603448;4856682.866379;-1.625;547.616995;0.08945;384.660018;1
1416722.775862;4856682.685345;-1.625;550.562464;0.080362;430.460243;1
1416722.948276;4856682.50431;-1.625;553.903793;0.073551;473.178124;1
1416723.12069;4856682.323276;-1.625;556.607357;0.072923;479.583092;1
1416723.293103;4856682.142241;-1.625;558.756777;0.072187;486.343183;1
1416723.465517;4856681.961207;-1.625;558.813159;0.073984;474.577325;1
1416723.637931;4856681.780172;-1.625;556.966077;0.077077;454.02969;1
1416723.810345;4856681.599138;-1.625;553.297831;0.079225;438.812166;1
1416723.982759;4856681.418103;-1.625;547.375373;0.088119;390.298732;1
1416724.155172;4856681.237069;-1.625;540.13642;0.095948;353.711195;1
1416724.327586;4856681.056034;-1.625;537.29309;0.100272;336.675358;1
1416724.5;4856680.875;-1.625;533.73508;0.105257;318.607091;1
1416724.672414;4856680.693966;-1.625;527.454023;0.109235;303.391225;1
1416724.844828;4856680.512931;-1.625;519.059876;0.110763;294.444035;1
1416725.017241;4856680.331897;-1.625;512.74975;0.110677;291.090901;1
1416725.189655;4856680.150862;-1.625;507.630179;0.107586;296.464856;1
1416725.362069;4856679.969828;-1.625;503.260158;0.105807;298.854124;1
1416725.534483;4856679.788793;-1.625;500.525313;0.102535;306.714147;1
1416725.706897;4856679.607759;-1.625;498.587939;0.100609;311.374368;1
1416725.87931;4856679.426724;-1.625;496.942652;0.094326;331.021242;1
1416726.051724;4856679.24569;-1.625;495.203988;0.088201;352.768365;1
1416726.224138;4856679.064655;-1.625;492.463889;0.082695;374.176913;1
1416726.396552;4856678.883621;-1.625;489.966524;0.078237;393.489487;1
1416726.568966;4856678.702586;-1.625;488.111678;0.077512;395.667833;1
1416726.741379;4856678.521552;-1.625;488.838887;0.080559;381.269554;1
1416726.913793;4856678.340517;-1.625;489.851168;0.085684;359.207779;1
1416727.086207;4856678.159483;-1.625;490.481606;0.092939;331.592339;1
1416727.258621;4856677.978448;-1.625;491.388048;0.096715;319.233559;1
1416727.431034;4856677.797414;-1.625;491.881654;0.099695;310.005376;1
1416727.603448;4856677.616379;-1.625;492.591333;0.104456;296.302309;1
1416727.775862;4856677.435345;-1.625;494.422622;0.108148;287.250911;1
1416727.948276;4856677.25431;-1.625;496.717676;0.110541;282.337045;1
1416728.12069;4856677.073276;-1.625;499.993987;0.11455;274.252665;1
1416728.293103;4856676.892241;-1.625;503.662741;0.1187;266.605048;1
1416728.465517;4856676.711207;-1.625;506.793543;0.121911;261.196697;1
1416728.637931;4856676.530172;-1.625;509.117323;0.125572;254.744662;1
1416728.810345;4856676.349138;-1.625;511.280408;0.127697;251.569658;1
1416728.982759;4856676.168103;-1.625;513.735923;0.130779;246.821292;1
1416729.155172;4856675.987069;-1.625;516.004624;0.136161;238.111736;1
1416729.327586;4856675.806034;-1.625;518.129506;0.140869;231.102098;1
1416729.5;4856675.625;-1.625;520.442781;0.14427;226.660328;1
1416729.672414;4856675.443966;-1.625;522.237239;0.147927;221.819049;1
1416729.844828;4856675.262931;-1.625;523.281878;0.151514;217.000959;1
1416730.017241;4856675.081897;-1.625;524.799548;0.156209;211.089813;1
1416730.189655;4856674.900862;-1.625;525.624381;0.16104;205.078736;1
1416730.362069;4856674.719828;-1.625;526.999925;0.165474;200.106538;1
1416730.534483;4856674.538793;-1.625;527.633756;0.167526;197.892514;1
1416730.706897;4856674.357759;-1.625;527.591769;0.170926;193.941585;1
1416730.87931;4856674.176724;-1.625;527.417238;0.173172;191.362616;1
1416731.051724;4856673.99569;-1.625;527.386656;0.171665;193.030673;1
1416731.224138;4856673.814655;-1.625;526.994485;0.170792;193.873767;1
1416731.396552;4856673.633621;-1.625;525.096266;0.169174;195.022918;1
1416731.568966;4856673.452586;-1.625;523.037489;0.168422;195.125334;1
1416731.741379;4856673.271552;-1.625;520.843635;0.169962;192.546129;1
1416731.913793;4856673.090517;-1.625;517.222859;0.16957;191.650403;1
1416732.086207;4856672.909483;-1.625;514.421852;0.165786;194.96212;1
1416732.258621;4856672.728448;-1.625;511.875148;0.159107;202.14076;1
1416732.431034;4856672.547414;-1.625;510.468498;0.151057;212.328346;1
1416732.603448;4856672.366379;-1.625;510.007025;0.142317;225.164532;1
1416732.775862;4856672.185345;-1.625;509.839074;0.131362;243.862068;1
1416732.948276;4856672.00431;-1.625;510.148749;0.119559;268.098056;1
1416733.12069;4856671.823276;-1.625;510.604571;0.106963;299.937317;1
1416733.293103;4856671.642241;-1.625;512.21841;0.09437;341.037521;1
1416733.465517;4856671.461207;-1.625;514.11879;0.080952;399.039423;1
1416733.637931;4856671.280172;-1.625;516.055719;0.065688;493.616546;1
1416733.810345;4856671.099138;-1.625;518.563732;0.050961;639.362552;1
1416733.982759;4856670.918103;-1.625;519.838566;0.038635;845.414271;1
1416734.155172;4856670.737069;-1.625;520.015239;0.029073;1123.837027;1
1416734.327586;4856670.556034;-1.625;519.064613;0.02038;1600.274302;1
1416734.5;4856670.375;-1.625;516.672067;0.012895;2517.560978;1
1416734.672414;4856670.193966;-1.625;512.74384;0.007658;4206.784076;1
1416734.844828;4856670.012931;-1.625;507.325976;0.004424;7205.674383;1
1416735.017241;4856669.831897;-1.625;501.30894;0.002784;11313.871538;1
1416735.189655;4856669.650862;-1.625;495.238809;0.001889;16468.561192;1
1416710.017241;4856696.081897;-1.875;657.515096;0.024734;1670.293369;1
1416710.189655;4856695.900862;-1.875;664.278235;0.028442;1467.471597;1
1416710.362069;4856695.719828;-1.875;672.215714;0.032968;1281.124273;1
1416710.534483;4856695.538793;-1.875;680.873099;0.038353;1115.439461;1
1416710.706897;4856695.357759;-1.875;690.695502;0.045173;960.708073;1
1416710.87931;4856695.176724;-1.875;701.276694;0.050786;867.610187;1
1416711.051724;4856694.99569;-1.875;712.945735;0.05948;753.116332;1
1416711.224138;4856694.814655;-1.875;724.485838;0.067908;670.330991;1
1416711.396552;4856694.633621;-1.875;736.283785;0.077011;600.717222;1
1416711.568966;4856694.452586;-1.875;745.923976;0.082965;564.911456;1
1416711.741379;4856694.271552;-1.875;752.260197;0.09006;524.82914;2
1416711.913793;4856694.090517;-1.875;756.717822;0.09869;481.771803;2
1416712.086207;4856693.909483;-1.875;760.646418;0.10696;446.828043;2
1416712.258621;4856693.728448;-1.875;762.625876;0.115031;416.559848;2
1416712.431034;4856693.547414;-1.875;765.773219;0.123131;390.761373;2
1416712.603448;4856693.366379;-1.875;767.066973;0.131236;367.248106;2
1416712.775862;4856693.185345;-1.875;765.168616;0.139152;345.499529;2
1416712.948276;4856693.00431;-1.875;755.540828;0.140428;338.053495;2
1416713.12069;4856692.823276;-1.875;745.722774;0.14386;325.699278;1
1416713.293103;4856692.642241;-1.875;736.786933;0.148154;312.470861;1
1416713.465517;4856692.461207;-1.875;730.083787;0.153604;298.641913;1
1416713.637931;4856692.280172;-1.875;726.211533;0.160476;284.336892;1
1416713.810345;4856692.099138;-1.875;723.010898;0.166918;272.158827;1
1416713.982759;4856691.918103;-1.875;720.327628;0.172392;262.537985;1
1416714.155172;4856691.737069;-1.875;717.224654;0.176971;254.643704;1
1416714.327586;4856691.556034;-1.875;709.860391;0.176801;252.27184;1
1416714.5;4856691.375;-1.875;703.874422;0.176358;250.77274;1
1416714.672414;4856691.193966;-1.875;697.631975;0.173745;252.28664;1
1416714.844828;4856691.012931;-1.875;697.68426;0.173876;252.115921;1
1416715.017241;4856690.831897;-1.875;697.896125;0.170814;256.712342;1
1416715.189655;4856690.650862;-1.875;695.615538;0.165655;263.842491;1
1416715.362069;4856690.469828;-1.875;694.587672;0.160421;272.048366;1
1416715.534483;4856690.288793;-1.875;691.675684;0.154321;281.615613;1
1416715.706897;4856690.107759;-1.875;686.547987;0.144374;298.786956;1
1416715.87931;4856689.926724;-1.875;683.016487;0.136659;314.031335;1
1416716.051724;4856689.74569;-1.875;679.387228;0.128512;332.165622;1
1416716.224138;4856689.564655;-1.875;676.896887;0.123448;344.52373;1
1416716.396552;4856689.383621;-1.875;674.837794;0.116654;363.480082;1
1416716.568966;4856689.202586;-1.875;675.738788;0.113697;373.431367;1
1416716.741379;4856689.021552;-1.875;677.040006;0.11538;368.691658;1
1416716.913793;4856688.840517;-1.875;679.553394;0.12001;355.782214;1
1416717.086207;4856688.659483;-1.875;685.532417;0.124635;345.595733;1
1416717.258621;4856688.478448;-1.875;691.82878;0.128494;338.294394;1
1416717.431034;4856688.297414;-1.875;702.071881;0.13807;319.494069;1
1416717.603448;4856688.116379;-1.875;714.771047;0.146314;306.944296;1
1416717.775862;4856687.935345;-1.875;727.941622;0.156236;292.748782;1
1416717.948276;4856687.75431;-1.875;742.832083;0.162594;287.055404;1
1416718.12069;4856687.573276;-1.875;759.31381;0.169435;281.576776;2
1416718.293103;4856687.392241;-1.875;770.096079;0.17738;272.784653;2
1416718.465517;4856687.211207;-1.875;780.593105;0.183291;267.585719;2
1416718.637931;4856687.030172;-1.875;791.637912;0.183553;270.984746;2
1416718.810345;4856686.849138;-1.875;802.593171;0.177869;283.514158;2
1416718.982759;4856686.668103;-1.875;805.399497;0.171853;294.464564;2
1416719.155172;4856686.487069;-1.875;806.222749;0.166292;304.622756;2
1416719.327586;4856686.306034;-1.875;798.334185;0.154339;325.005007;2
1416719.5;4856686.125;-1.875;791.044185;0.143537;346.271102;2
1416719.672414;4856685.943966;-1.875;774.704006;0.129386;376.206896;2
1416719.844828;4856685.762931;-1.875;756.663481;0.121741;390.521619;2
1416720.017241;4856685.581897;-1.875;734.114228;0.118714;388.5448;1
1416720.189655;4856685.400862;-1.875;717.504526;0.115091;391.708936;1
1416720.362069;4856685.219828;-1.875;697.587971;0.112192;390.675327;1
1416720.534483;4856685.038793;-1.875;678.246573;0.114262;372.961534;1
1416720.706897;4856684.857759;-1.875;656.593302;0.119254;345.943505;1
1416720.87931;4856684.676724;-1.875;638.328524;0.12096;331.575067;1
1416721.051724;4856684.49569;-1.875;621.003028;0.121794;320.366431;1
1416721.224138;4856684.314655;-1.875;606.856528;0.120574;316.235831;1
1416721.396552;4856684.133621;-1.875;593.552626;0.118356;315.098971;1
1416721.568966;4856683.952586;-1.875;585.515471;0.117344;313.514761;1
1416721.741379;4856683.771552;-1.875;581.38323;0.114497;319.042329;1
1416721.913793;4856683.590517;-1.875;581.424534;0.107034;341.31236;1
1416722.086207;4856683.409483;-1.875;582.605774;0.098248;372.588072;1
1416722.258621;4856683.228448;-1.875;587.545994;0.089972;410.313479;1
1416722.431034;4856683.047414;-1.875;587.743631;0.080249;460.178735;1
1416722.603448;4856682.866379;-1.875;588.618174;0.071839;514.815445;1
1416722.775862;4856682.685345;-1.875;593.691021;0.066237;563.170942;1
1416722.948276;4856682.50431;-1.875;598.795831;0.061954;607.284334;1
1416723.12069;4856682.323276;-1.875;603.524601;0.059878;633.293813;1
1416723.293103;4856682.142241;-1.875;607.091562;0.058798;648.746667;1
1416723.465517;4856681.961207;-1.875;609.66174;0.060397;634.235016;1
1416723.637931;4856681.780172;-1.875;608.51672;0.062155;615.141276;1
1416723.810345;4856681.599138;-1.875;605.691283;0.061553;618.27692;1
1416723.982759;4856681.418103;-1.875;599.474067;0.06553;574.789278;1
1416724.155172;4856681.237069;-1.875;591.710129;0.068731;540.926777;1
1416724.327586;4856681.056034;-1.875;588.164613;0.069168;534.287802;1
1416724.5;4856680.875;-1.875;585.050485;0.06976;526.947439;1
1416724.672414;4856680.693966;-1.875;577.952581;0.069432;523.009337;1
1416724.844828;4856680.512931;-1.875;569.127514;0.068826;519.565191;1
1416725.017241;4856680.331897;-1.875;561.759598;0.067634;521.87472;1
1416725.189655;4856680.150862;-1.875;556.431506;0.067981;514.284056;1
1416725.362069;4856679.969828;-1.875;551.819225;0.066525;521.186822;1
1416725.534483;4856679.788793;-1.875;548.412524;0.064888;531.037159;1
1416725.706897;4856679.607759;-1.875;545.614698;0.065528;523.162498;1
1416725.87931;4856679.426724;-1.875;544.422911;0.06287;544.095908;1
1416726.051724;4856679.24569;-1.875;542.553514;0.060783;560.842864;1
1416726.224138;4856679.064655;-1.875;539.673995;0.059217;572.619359;1
1416726.396552;4856678.883621;-1.875;536.863707;0.057965;581.941017;1
1416726.568966;4856678.702586;-1.875;535.163722;0.059687;563.360345;1
1416726.741379;4856678.521552;-1.875;535.837088;0.0634;531.037024;1
1416726.913793;4856678.340517;-1.875;536.343505;0.068469;492.186476;1
1416727.086207;4856678.159483;-1.875;535.883434;0.072739;462.892732;1
1416727.258621;4856677.978448;-1.875;535.758687;0.076842;438.079727;1
1416727.431034;4856677.797414;-1.875;535.701792;0.079395;423.946723;1
1416727.603448;4856677.616379;-1.875;535.728578;0.083387;403.670582;1
1416727.775862;4856677.435345;-1.875;536.013048;0.086376;389.910118;1
1416727.948276;4856677.25431;-1.875;537.30818;0.08859;381.082379;1
1416728.12069;4856677.073276;-1.875;539.677394;0.092488;366.629214;1
1416728.293103;4856676.892241;-1.875;542.257242;0.095891;355.310546;1
1416728.465517;4856676.711207;-1.875;544.084493;0.099026;345.221667;1
1416728.637931;4856676.530172;-1.875;545.558502;0.100923;339.648239;1
1416728.810345;4856676.349138;-1.875;547.256967;0.102819;334.424033;1
1416728.982759;4856676.168103;-1.875;549.1514;0.105881;325.876837;1
1416729.155172;4856675.987069;-1.875;550.5226;0.110418;313.266602;1
1416729.327586;4856675.806034;-1.875;551.729152;0.114267;303.379653;1
1416729.5;4856675.625;-1.875;553.148219;0.117579;295.590623;1
1416729.672414;4856675.443966;-1.875;554.236329;0.121315;287.050785;1
1416729.844828;4856675.262931;-1.875;555.190609;0.124887;279.322023;1
1416730.017241;4856675.081897;-1.875;556.446003;0.128303;272.499721;1
1416730.189655;4856674.900862;-1.875;557.385594;0.131847;265.622881;1
1416730.362069;4856674.719828;-1.875;558.625318;0.135074;259.854195;1
1416730.534483;4856674.538793;-1.875;559.309963;0.139269;252.335977;1
1416730.706897;4856674.357759;-1.875;559.856194;0.14286;246.23296;1
1416730.87931;4856674.176724;-1.875;560.329913;0.145711;241.618432;1
1416731.051724;4856673.99569;-1.875;561.210459;0.144121;244.669031;1
1416731.224138;4856673.814655;-1.875;561.553577;0.143349;246.136188;1
1416731.396552;4856673.633621;-1.875;560.561909;0.142235;247.626508;1
1416731.568966;4856673.452586;-1.875;558.808641;0.141687;247.806805;1
1416731.741379;4856673.271552;-1.875;556.252704;0.142606;245.083986;1
1416731.913793;4856673.090517;-1.875;553.100024;0.140755;246.899574;1
1416732.086207;4856672.909483;-1.875;550.67846;0.13686;252.814772;1
1416732.258621;4856672.728448;-1.875;548.845314;0.131293;262.657407;1
1416732.431034;4856672.547414;-1.875;547.547031;0.12332;278.977517;1
1416732.603448;4856672.366379;-1.875;546.587497;0.114542;299.829254;1
1416732.775862;4856672.185345;-1.875;545.798957;0.103597;331.028676;1
1416732.948276;4856672.00431;-1.875;544.992461;0.093135;367.671285;1
1416733.12069;4856671.823276;-1.875;544.177574;0.082656;413.661147;1
1416733.293103;4856671.642241;-1.875;544.414693;0.071487;478.503449;1
1416733.465517;4856671.461207;-1.875;545.080579;0.059779;572.921201;1
1416733.637931;4856671.280172;-1.875;545.699497;0.046754;733.353471;1
1416733.810345;4856671.099138;-1.875;545.964023;0.03602;952.365778;1
1416733.982759;4856670.918103;-1.875;545.135928;0.026807;1277.737239;1
1416734.155172;4856670.737069;-1.875;542.812957;0.019401;1757.904788;1
1416734.327586;4856670.556034;-1.875;539.303566;0.012731;2661.672943;1
1416734.5;4856670.375;-1.875;534.797005;0.007767;4326.102197;1
1416734.672414;4856670.193966;-1.875;529.026046;0.004424;7514.076113;1
1416734.844828;4856670.012931;-1.875;522.199847;0.002621;12516.050639;1
1416735.017241;4856669.831897;-1.875;515.285932;0.00173;18713.099742;1
1416710.189655;4856695.900862;-2.125;683.116271;0.03142;1366.053422;1
1416710.362069;4856695.719828;-2.125;693.477449;0.035758;1218.552305;1
1416710.534483;4856695.538793;-2.125;705.471647;0.044193;1003.007908;1
1416710.706897;4856695.357759;-2.125;718.74038;0.050497;894.302435;1
1416710.87931;4856695.176724;-2.125;731.787777;0.054976;836.34998;1
1416711.051724;4856694.99569;-2.125;746.239673;0.060707;772.3595;1
1416711.224138;4856694.814655;-2.125;762.300832;0.067739;707.080598;2
1416711.396552;4856694.633621;-2.125;779.966466;0.075768;646.796904;2
1416711.568966;4856694.452586;-2.125;793.113985;0.079194;629.253922;2
1416711.741379;4856694.271552;-2.125;802.666336;0.082927;608.16043;2
1416711.913793;4856694.090517;-2.125;811.568833;0.087383;583.553011;2
1416712.086207;4856693.909483;-2.125;818.205892;0.093267;551.209523;2
1416712.258621;4856693.728448;-2.125;820.99503;0.098762;522.312499;2
1416712.431034;4856693.547414;-2.125;823.466388;0.100826;513.159867;2
1416712.603448;4856693.366379;-2.125;827.23135;0.108596;478.621869;2
1416712.775862;4856693.185345;-2.125;827.319782;0.116493;446.225999;2
1416712.948276;4856693.00431;-2.125;819.841583;0.120066;429.032856;2
1416713.12069;4856692.823276;-2.125;809.055494;0.123435;411.8302;2
1416713.293103;4856692.642241;-2.125;797.676619;0.12712;394.268955;2
1416713.465517;4856692.461207;-2.125;789.721358;0.133511;371.651393;2
1416713.637931;4856692.280172;-2.125;784.771854;0.142179;346.805766;2
1416713.810345;4856692.099138;-2.125;778.66467;0.150631;324.798959;2
1416713.982759;4856691.918103;-2.125;773.089804;0.155857;311.66125;2
1416714.155172;4856691.737069;-2.125;768.888346;0.160832;300.378956;2
1416714.327586;4856691.556034;-2.125;764.14112;0.162762;294.985901;2
1416714.5;4856691.375;-2.125;754.61914;0.160032;296.278819;2
1416714.672414;4856691.193966;-2.125;744.950629;0.156198;299.662448;1
1416714.844828;4856691.012931;-2.125;741.427305;0.154658;301.214052;1
1416715.017241;4856690.831897;-2.125;738.722945;0.151224;306.931694;1
1416715.189655;4856690.650862;-2.125;733.518369;0.145785;316.139586;1
1416715.362069;4856690.469828;-2.125;728.949309;0.139402;328.55544;1
1416715.534483;4856690.288793;-2.125;723.144674;0.132322;343.377618;1
1416715.706897;4856690.107759;-2.125;716.910298;0.122772;366.897493;1
1416715.87931;4856689.926724;-2.125;711.442777;0.115779;386.09127;1
1416716.051724;4856689.74569;-2.125;705.995737;0.108042;410.571848;1
1416716.224138;4856689.564655;-2.125;699.955219;0.102625;428.546644;1
1416716.396552;4856689.383621;-2.125;697.297872;0.098736;443.732008;1
1416716.568966;4856689.202586;-2.125;697.641185;0.097695;448.6831;1
1416716.741379;4856689.021552;-2.125;697.550334;0.099912;438.668896;1
1416716.913793;4856688.840517;-2.125;700.515841;0.104578;420.878704;1
1416717.086207;4856688.659483;-2.125;707.23086;0.109434;406.057482;1
1416717.258621;4856688.478448;-2.125;716.695133;0.111991;402.099015;1
1416717.431034;4856688.297414;-2.125;728.142584;0.11754;389.235204;1
1416717.603448;4856688.116379;-2.125;741.028174;0.123532;376.907285;1
1416717.775862;4856687.935345;-2.125;756.189306;0.128419;369.983423;2
1416717.948276;4856687.75431;-2.125;774.342663;0.132717;366.594572;2
1416718.12069;4856687.573276;-2.125;793.772542;0.137224;363.452239;2
1416718.293103;4856687.392241;-2.125;808.442238;0.142009;357.694077;2
1416718.465517;4856687.211207;-2.125;820.4903;0.145002;355.531599;2
1416718.637931;4856687.030172;-2.125;831.607629;0.143561;363.967783;2
1416718.810345;4856686.849138;-2.125;839.58335;0.136679;385.960497;2
1416718.982759;4856686.668103;-2.125;841.37457;0.130332;405.617752;2
1416719.155172;4856686.487069;-2.125;839.031201;0.126108;418.039224;2
1416719.327586;4856686.306034;-2.125;830.767951;0.117855;442.905256;2
1416719.5;4856686.125;-2.125;820.122535;0.107712;478.404444;2
1416719.672414;4856685.943966;-2.125;800.747915;0.099259;506.883046;2
1416719.844828;4856685.762931;-2.125;777.034172;0.096489;505.989081;2
1416720.017241;4856685.581897;-2.125;752.6549;0.095178;496.865136;2
1416720.189655;4856685.400862;-2.125;735.397155;0.094684;488.007035;1
1416720.362069;4856685.219828;-2.125;716.163496;0.094605;475.640919;1
1416720.534483;4856685.038793;-2.125;697.075515;0.096169;455.435052;1
1416720.706897;4856684.857759;-2.125;677.367275;0.100059;425.352925;1
1416720.87931;4856684.676724;-2.125;659.587209;0.101977;406.398264;1
1416721.051724;4856684.49569;-2.125;643.918809;0.103055;392.592694;1
1416721.224138;4856684.314655;-2.125;631.219822;0.104515;379.475389;1
1416721.396552;4856684.133621;-2.125;620.469029;0.105029;371.183558;1
1416721.568966;4856683.952586;-2.125;614.960354;0.104149;370.998534;1
1416721.741379;4856683.771552;-2.125;614.04043;0.099407;388.11391;1
1416721.913793;4856683.590517;-2.125;615.851544;0.09295;416.299809;1
1416722.086207;4856683.409483;-2.125;618.910284;0.084463;460.403867;1
1416722.258621;4856683.228448;-2.125;625.904698;0.075908;518.082139;1
1416722.431034;4856683.047414;-2.125;629.885028;0.06864;576.587187;1
1416722.603448;4856682.866379;-2.125;632.909611;0.063596;625.309173;1
1416722.775862;4856682.685345;-2.125;640.501249;0.059056;681.448197;1
1416722.948276;4856682.50431;-2.125;647.464312;0.05642;721.049452;1
1416723.12069;4856682.323276;-2.125;652.885038;0.053447;767.527696;1
1416723.293103;4856682.142241;-2.125;658.163378;0.051796;798.393761;1
1416723.465517;4856681.961207;-2.125;663.356072;0.052319;796.642994;1
1416723.637931;4856681.780172;-2.125;664.496247;0.051786;806.235704;1
1416723.810345;4856681.599138;-2.125;662.369291;0.051712;804.804455;1
1416723.982759;4856681.418103;-2.125;655.248739;0.051742;795.687357;1
1416724.155172;4856681.237069;-2.125;646.981711;0.051095;795.59765;1
1416724.327586;4856681.056034;-2.125;642.209308;0.049191;820.300988;1
1416724.5;4856680.875;-2.125;639.098587;0.047011;854.176883;1
1416724.672414;4856680.693966;-2.125;630.647831;0.045711;866.854009;1
1416724.844828;4856680.512931;-2.125;621.244203;0.043182;903.948283;1
1416725.017241;4856680.331897;-2.125;614.358939;0.042662;904.827742;1
1416725.189655;4856680.150862;-2.125;608.110059;0.043696;874.4224;1
1416725.362069;4856679.969828;-2.125;603.094891;0.043757;865.990446;1
1416725.534483;4856679.788793;-2.125;598.999491;0.044098;853.469843;1
1416725.706897;4856679.607759;-2.125;595.911405;0.043903;852.847623;1
1416725.87931;4856679.426724;-2.125;594.072276;0.044831;832.609305;1
1416726.051724;4856679.24569;-2.125;592.19368;0.046422;801.521695;1
1416726.224138;4856679.064655;-2.125;589.330453;0.048499;763.494051;1
1416726.396552;4856678.883621;-2.125;586.510284;0.050007;736.926901;1
1416726.568966;4856678.702586;-2.125;584.879072;0.051732;710.37536;1
1416726.741379;4856678.521552;-2.125;585.185335;0.055552;661.873589;1
1416726.913793;4856678.340517;-2.125;584.918937;0.058314;630.230308;1
1416727.086207;4856678.159483;-2.125;583.832805;0.060127;610.101256;1
1416727.258621;4856677.978448;-2.125;581.930326;0.062476;585.243601;1
1416727.431034;4856677.797414;-2.125;580.89511;0.06471;564.031332;1
1416727.603448;4856677.616379;-2.125;579.697517;0.06749;539.689374;1
1416727.775862;4856677.435345;-2.125;579.284669;0.069215;525.860705;1
1416727.948276;4856677.25431;-2.125;579.362031;0.070634;515.366811;1
1416728.12069;4856677.073276;-2.125;580.595159;0.07276;501.371135;1
1416728.293103;4856676.892241;-2.125;582.012185;0.075316;485.537687;1
1416728.465517;4856676.711207;-2.125;583.190533;0.078658;465.850523;1
1416728.637931;4856676.530172;-2.125;583.760295;0.080823;453.816934;1
1416728.810345;4856676.349138;-2.125;584.906847;0.082328;446.395059;1
1416728.982759;4856676.168103;-2.125;586.931325;0.083544;441.419629;1
1416729.155172;4856675.987069;-2.125;588.619496;0.086427;427.921841;1
1416729.327586;4856675.806034;-2.125;589.454746;0.090493;409.275065;1
1416729.5;4856675.625;-2.125;590.190797;0.094512;392.358905;1
1416729.672414;4856675.443966;-2.125;590.530935;0.098201;377.837574;1
1416729.844828;4856675.262931;-2.125;590.719494;0.101423;365.953223;1
1416730.017241;4856675.081897;-2.125;591.47232;0.103619;358.651987;1
1416730.189655;4856674.900862;-2.125;592.563042;0.106423;349.846307;1
1416730.362069;4856674.719828;-2.125;594.168363;0.108931;342.717652;1
1416730.534483;4856674.538793;-2.125;595.605392;0.11248;332.709031;1
1416730.706897;4856674.357759;-2.125;596.139758;0.115904;323.169582;1
1416730.87931;4856674.176724;-2.125;596.862571;0.119802;313.034247;1
1416731.051724;4856673.99569;-2.125;597.538268;0.119868;313.21479;1
1416731.224138;4856673.814655;-2.125;596.659807;0.118814;315.529999;1
1416731.396552;4856673.633621;-2.125;595.423238;0.117082;319.532597;1
1416731.568966;4856673.452586;-2.125;593.569564;0.116029;321.428264;1
1416731.741379;4856673.271552;-2.125;591.646482;0.114691;324.125806;1
1416731.913793;4856673.090517;-2.125;588.777518;0.113386;326.267023;1
1416732.086207;4856672.909483;-2.125;586.039723;0.109154;337.341092;1
1416732.258621;4856672.728448;-2.125;583.821417;0.103194;355.472718;1
1416732.431034;4856672.547414;-2.125;581.769889;0.095117;384.303677;1
1416732.603448;4856672.366379;-2.125;580.297473;0.086945;419.358296;1
1416732.775862;4856672.185345;-2.125;578.462673;0.077544;468.711556;1
1416732.948276;4856672.00431;-2.125;576.712094;0.068885;526.031988;1
1416733.12069;4856671.823276;-2.125;575.798774;0.059635;606.661432;1
1416733.293103;4856671.642241;-2.125;574.953838;0.050427;716.392167;1
1416733.465517;4856671.461207;-2.125;574.392608;0.04097;880.901531;1
1416733.637931;4856671.280172;-2.125;572.953523;0.032175;1118.863942;1
1416733.810345;4856671.099138;-2.125;571.325914;0.023715;1513.70224;1
1416733.982759;4856670.918103;-2.125;568.405076;0.016816;2123.851534;1
1416734.155172;4856670.737069;-2.125;563.93403;0.01177;3010.516251;1
1416734.327586;4856670.556034;-2.125;558.281508;0.007575;4630.672782;1
1416734.5;4856670.375;-2.125;551.873948;0.004568;7590.663422;1
1416734.672414;4856670.193966;-2.125;544.558672;0.002775;12328.058069;1
1416734.844828;4856670.012931;-2.125;536.750142;0.001721;19597.052295;1
1416710.534483;4856695.538793;-2.375;724.331325;0.043042;1057.374395;1
1416710.706897;4856695.357759;-2.375;739.702143;0.047847;971.364238;1
1416710.87931;4856695.176724;-2.375;755.743975;0.053013;895.722996;2
1416711.051724;4856694.99569;-2.375;772.324319;0.056864;853.372679;2
1416711.224138;4856694.814655;-2.375;790.847036;0.060298;824.076655;2
1416711.396552;4856694.633621;-2.375;813.252616;0.066878;764.048323;2
1416711.568966;4856694.452586;-2.375;833.503354;0.069547;753.022815;2
1416711.741379;4856694.271552;-2.375;847.130023;0.071384;745.637655;2
1416711.913793;4856694.090517;-2.375;859.688596;0.073381;736.097374;2
1416712.086207;4856693.909483;-2.375;872.398476;0.076766;714.04593;2
1416712.258621;4856693.728448;-2.375;877.828388;0.080448;685.602312;2
1416712.431034;4856693.547414;-2.375;877.29081;0.081249;678.427512;2
1416712.603448;4856693.366379;-2.375;877.538806;0.087635;629.170227;2
1416712.775862;4856693.185345;-2.375;880.556539;0.094454;585.758441;2
1416712.948276;4856693.00431;-2.375;877.264163;0.09968;552.968324;2
1416713.12069;4856692.823276;-2.375;867.847997;0.105415;517.272818;2
1416713.293103;4856692.642241;-2.375;853.759285;0.108105;496.215116;2
1416713.465517;4856692.461207;-2.375;841.011192;0.112949;467.840827;2
1416713.637931;4856692.280172;-2.375;835.934908;0.121939;430.734921;2
1416713.810345;4856692.099138;-2.375;829.626822;0.131503;396.394568;2
1416713.982759;4856691.918103;-2.375;821.364323;0.138405;372.876824;2
1416714.155172;4856691.737069;-2.375;815.315637;0.141904;361.002553;2
1416714.327586;4856691.556034;-2.375;811.73369;0.143563;355.263189;2
1416714.5;4856691.375;-2.375;802.861449;0.140941;357.916637;2
1416714.672414;4856691.193966;-2.375;789.223455;0.136534;363.19417;2
1416714.844828;4856691.012931;-2.375;780.351714;0.13389;366.202902;2
1416715.017241;4856690.831897;-2.375;774.368428;0.129866;374.65442;2
1416715.189655;4856690.650862;-2.375;766.886956;0.125047;385.33321;2
1416715.362069;4856690.469828;-2.375;760.368485;0.119198;400.806059;2
1416715.534483;4856690.288793;-2.375;750.67718;0.112083;420.816383;2
1416715.706897;4856690.107759;-2.375;740.306646;0.101874;456.590733;1
1416715.87931;4856689.926724;-2.375;731.266328;0.094496;486.232728;1
1416716.051724;4856689.74569;-2.375;725.525309;0.089694;508.240871;1
1416716.224138;4856689.564655;-2.375;720.924569;0.085963;526.933665;1
1416716.396552;4856689.383621;-2.375;719.323738;0.083815;539.23731;1
1416716.568966;4856689.202586;-2.375;720.250822;0.083608;541.274695;1
1416716.741379;4856689.021552;-2.375;722.034459;0.08497;533.917329;1
1416716.913793;4856688.840517;-2.375;725.574566;0.089295;510.543261;1
1416717.086207;4856688.659483;-2.375;733.447721;0.098389;468.384213;1
1416717.258621;4856688.478448;-2.375;743.897811;0.101994;458.267306;1
1416717.431034;4856688.297414;-2.375;756.943123;0.108605;437.91743;2
1416717.603448;4856688.116379;-2.375;771.924105;0.116089;417.79439;2
1416717.775862;4856687.935345;-2.375;790.450148;0.119015;417.304242;2
1416717.948276;4856687.75431;-2.375;809.229384;0.120598;421.612019;2
1416718.12069;4856687.573276;-2.375;827.748603;0.12259;424.252634;2
1416718.293103;4856687.392241;-2.375;842.517882;0.124612;424.813833;2
1416718.465517;4856687.211207;-2.375;852.69949;0.125437;427.120126;2
1416718.637931;4856687.030172;-2.375;860.041543;0.124016;435.732872;2
1416718.810345;4856686.849138;-2.375;863.657444;0.117962;460.021263;2
1416718.982759;4856686.668103;-2.375;861.175188;0.10781;501.894606;2
1416719.155172;4856686.487069;-2.375;856.142769;0.101536;529.792275;2
1416719.327586;4856686.306034;-2.375;846.59104;0.091288;582.690455;2
1416719.5;4856686.125;-2.375;833.458135;0.082247;636.712592;2
1416719.672414;4856685.943966;-2.375;809.76133;0.07798;652.462396;2
1416719.844828;4856685.762931;-2.375;787.248725;0.077429;638.833396;2
1416720.017241;4856685.581897;-2.375;766.240788;0.079669;604.305214;2
1416720.189655;4856685.400862;-2.375;748.558633;0.080946;581.045813;1
1416720.362069;4856685.219828;-2.375;730.633321;0.082314;557.706764;1
1416720.534483;4856685.038793;-2.375;712.79197;0.084566;529.600571;1
1416720.706897;4856684.857759;-2.375;695.904208;0.087514;499.636437;1
1416720.87931;4856684.676724;-2.375;681.269787;0.089354;479.052822;1
1416721.051724;4856684.49569;-2.375;668.360473;0.091437;459.271728;1
1416721.224138;4856684.314655;-2.375;658.415381;0.093797;441.055036;1
1416721.396552;4856684.133621;-2.375;651.133462;0.093392;438.064622;1
1416721.568966;4856683.952586;-2.375;650.905977;0.092259;443.292486;1
1416721.741379;4856683.771552;-2.375;650.815395;0.088188;463.688517;1
1416721.913793;4856683.590517;-2.375;654.407348;0.081161;506.617271;1
1416722.086207;4856683.409483;-2.375;661.767543;0.074589;557.456314;1
1416722.258621;4856683.228448;-2.375;671.790986;0.067327;626.940014;1
1416722.431034;4856683.047414;-2.375;680.59977;0.060831;702.985931;1
1416722.603448;4856682.866379;-2.375;687.552878;0.05672;761.63779;1
1416722.775862;4856682.685345;-2.375;697.366339;0.052425;835.792876;1
1416722.948276;4856682.50431;-2.375;705.925958;0.051382;863.234373;1
1416723.12069;4856682.323276;-2.375;711.381924;0.049399;904.818577;1
1416723.293103;4856682.142241;-2.375;716.768177;0.048438;929.759186;1
1416723.465517;4856681.961207;-2.375;721.67726;0.04784;947.833308;1
1416723.637931;4856681.780172;-2.375;725.267091;0.048158;946.254832;1
1416723.810345;4856681.599138;-2.375;722.56469;0.0481;943.868954;1
1416723.982759;4856681.418103;-2.375;713.477489;0.047476;944.248531;1
1416724.155172;4856681.237069;-2.375;704.230472;0.047381;933.877687;1
1416724.327586;4856681.056034;-2.375;696.847843;0.045533;961.591706;1
1416724.5;4856680.875;-2.375;691.132856;0.043026;1009.267271;1
1416724.672414;4856680.693966;-2.375;682.200228;0.041779;1025.967945;1
1416724.844828;4856680.512931;-2.375;672.642847;0.039488;1070.277946;1
1416725.017241;4856680.331897;-2.375;666.590926;0.039561;1058.691985;1
1416725.189655;4856680.150862;-2.375;661.566185;0.039333;1056.804927;1
1416725.362069;4856679.969828;-2.375;655.82928;0.039384;1046.280441;1
1416725.534483;4856679.788793;-2.375;651.102091;0.03881;1054.106967;1
1416725.706897;4856679.607759;-2.375;647.043719;0.039475;1029.878254;1
1416725.87931;4856679.426724;-2.375;645.22388;0.040877;991.759636;1
1416726.051724;4856679.24569;-2.375;643.730577;0.042177;958.970502;1
1416726.224138;4856679.064655;-2.375;642.05951;0.044266;911.358207;1
1416726.396552;4856678.883621;-2.375;639.677055;0.045838;876.826432;1
1416726.568966;4856678.702586;-2.375;637.973568;0.04809;833.535744;1
1416726.741379;4856678.521552;-2.375;637.689245;0.050559;792.486165;1
1416726.913793;4856678.340517;-2.375;636.524576;0.050972;784.621337;1
1416727.086207;4856678.159483;-2.375;633.777951;0.052232;762.39015;1
1416727.258621;4856677.978448;-2.375;631.085605;0.053394;742.632706;1
1416727.431034;4856677.797414;-2.375;628.364218;0.054665;722.239487;1
1416727.603448;4856677.616379;-2.375;626.236073;0.055883;704.102756;1
1416727.775862;4856677.435345;-2.375;624.250664;0.056097;699.19409;1
1416727.948276;4856677.25431;-2.375;623.420429;0.056291;695.859156;1
1416728.12069;4856677.073276;-2.375;622.402557;0.057609;678.829387;1
1416728.293103;4856676.892241;-2.375;622.990304;0.059694;655.741061;1
1416728.465517;4856676.711207;-2.375;623.499756;0.061923;632.650051;1
1416728.637931;4856676.530172;-2.375;623.550413;0.063925;612.884355;1
1416728.810345;4856676.349138;-2.375;624.651697;0.065656;597.785623;1
1416728.982759;4856676.168103;-2.375;626.658952;0.067547;582.912466;1
1416729.155172;4856675.987069;-2.375;628.433308;0.070839;557.401215;1
1416729.327586;4856675.806034;-2.375;629.600316;0.073621;537.333534;1
1416729.5;4856675.625;-2.375;630.415455;0.074978;528.287123;1
1416729.672414;4856675.443966;-2.375;630.658405;0.078297;506.093311;1
1416729.844828;4856675.262931;-2.375;630.059846;0.081468;485.928578;1
1416730.017241;4856675.081897;-2.375;631.385192;0.084173;471.306647;1
1416730.189655;4856674.900862;-2.375;632.552271;0.086017;462.05194;1
1416730.362069;4856674.719828;-2.375;634.426178;0.087457;455.79389;1
1416730.534483;4856674.538793;-2.375;635.691919;0.089485;446.352387;1
1416730.706897;4856674.357759;-2.375;635.550005;0.091908;434.488434;1
1416730.87931;4856674.176724;-2.375;635.579613;0.093753;425.953668;1
1416731.051724;4856673.99569;-2.375;634.791239;0.093112;428.354803;1
1416731.224138;4856673.814655;-2.375;633.587469;0.092256;431.512593;1
1416731.396552;4856673.633621;-2.375;631.457951;0.092401;429.387944;1
1416731.568966;4856673.452586;-2.375;629.327557;0.091574;431.803132;1
1416731.741379;4856673.271552;-2.375;626.932908;0.090353;435.969523;1
1416731.913793;4856673.090517;-2.375;623.225035;0.087657;446.724092;1
1416732.086207;4856672.909483;-2.375;620.044293;0.084014;463.714756;1
1416732.258621;4856672.728448;-2.375;617.017019;0.078879;491.49032;1
1416732.431034;4856672.547414;-2.375;614.335691;0.071817;537.473141;1
1416732.603448;4856672.366379;-2.375;612.302095;0.064861;593.142429;1
1416732.775862;4856672.185345;-2.375;610.141033;0.057118;671.175069;1
1416732.948276;4856672.00431;-2.375;608.37273;0.049965;765.041986;1
1416733.12069;4856671.823276;-2.375;605.876183;0.043134;882.561345;1
1416733.293103;4856671.642241;-2.375;603.862565;0.035918;1056.336867;1
1416733.465517;4856671.461207;-2.375;601.604341;0.028331;1334.241173;1
1416733.637931;4856671.280172;-2.375;598.539702;0.02111;1781.471264;1
1416733.810345;4856671.099138;-2.375;595.053348;0.015129;2471.361615;1
1416733.982759;4856670.918103;-2.375;589.933966;0.01026;3612.659049;1
1416734.155172;4856670.737069;-2.375;583.395273;0.006836;5361.890081;1
1416734.327586;4856670.556034;-2.375;575.826421;0.004263;8486.176361;1
1416734.5;4856670.375;-2.375;567.865238;0.002775;12855.92956;1
1416734.672414;4856670.193966;-2.375;559.279562;0.001901;18488.663857;1
1416710.706897;4856695.357759;-2.625;760.644798;0.046357;1030.981134;2
1416710.87931;4856695.176724;-2.625;778.568135;0.050084;976.730764;2
1416711.051724;4856694.99569;-2.625;796.945924;0.053875;929.442706;2
1416711.224138;4856694.814655;-2.625;817.217585;0.056432;909.901448;2
1416711.396552;4856694.633621;-2.625;841.793773;0.059675;886.32234;2
1416711.568966;4856694.452586;-2.625;865.564098;0.060585;897.66873;2
1416711.741379;4856694.271552;-2.625;885.836264;0.061944;898.526177;2
1416711.913793;4856694.090517;-2.625;902.37438;0.062468;907.626672;2
1416712.086207;4856693.909483;-2.625;918.415248;0.064382;896.300133;2
1416712.258621;4856693.728448;-2.625;928.272105;0.066435;877.9293;2
1416712.431034;4856693.547414;-2.625;930.467388;0.065833;888.055839;2
1416712.603448;4856693.366379;-2.625;931.764399;0.071446;819.426712;2
1416712.775862;4856693.185345;-2.625;934.521652;0.077503;757.621587;2
1416712.948276;4856693.00431;-2.625;935.438857;0.082268;714.436774;2
1416713.12069;4856692.823276;-2.625;932.734752;0.089704;653.323408;2
1416713.293103;4856692.642241;-2.625;918.404841;0.094046;613.586052;2
1416713.465517;4856692.461207;-2.625;902.289251;0.098134;577.704566;2
1416713.637931;4856692.280172;-2.625;893.540004;0.105435;532.485203;2
1416713.810345;4856692.099138;-2.625;885.512323;0.112178;495.983542;2
1416713.982759;4856691.918103;-2.625;875.593487;0.116443;472.465462;2
1416714.155172;4856691.737069;-2.625;866.677673;0.119746;454.755028;2
1416714.327586;4856691.556034;-2.625;861.268928;0.121529;445.284965;2
1416714.5;4856691.375;-2.625;850.33256;0.118939;449.206405;2
1416714.672414;4856691.193966;-2.625;833.609172;0.115045;455.274932;2
1416714.844828;4856691.012931;-2.625;818.709806;0.11199;459.337224;2
1416715.017241;4856690.831897;-2.625;808.243606;0.107201;473.721158;2
1416715.189655;4856690.650862;-2.625;799.559448;0.103351;486.090391;2
1416715.362069;4856690.469828;-2.625;791.239811;0.098357;505.455024;2
1416715.534483;4856690.288793;-2.625;777.831481;0.091451;534.413649;2
1416715.706897;4856690.107759;-2.625;766.483846;0.08419;572.032086;2
1416715.87931;4856689.926724;-2.625;755.150747;0.079577;596.247077;2
1416716.051724;4856689.74569;-2.625;747.498698;0.075911;618.711192;1
1416716.224138;4856689.564655;-2.625;740.924562;0.072956;638.102012;1
1416716.396552;4856689.383621;-2.625;740.423011;0.072086;645.37025;1
1416716.568966;4856689.202586;-2.625;744.266099;0.072003;649.470124;1
1416716.741379;4856689.021552;-2.625;749.088228;0.073019;644.57813;1
1416716.913793;4856688.840517;-2.625;753.25562;0.075916;623.433576;2
1416717.086207;4856688.659483;-2.625;761.202464;0.083471;572.988097;2
1416717.258621;4856688.478448;-2.625;773.071181;0.086205;563.465351;2
1416717.431034;4856688.297414;-2.625;791.183387;0.091699;542.116334;2
1416717.603448;4856688.116379;-2.625;808.475837;0.09735;521.807044;2
1416717.775862;4856687.935345;-2.625;827.594363;0.098188;529.587039;2
1416717.948276;4856687.75431;-2.625;848.553485;0.0979;544.597963;2
1416718.12069;4856687.573276;-2.625;869.180614;0.098046;557.008642;2
1416718.293103;4856687.392241;-2.625;884.921507;0.097779;568.64473;2
1416718.465517;4856687.211207;-2.625;896.824074;0.096691;582.77531;2
1416718.637931;4856687.030172;-2.625;902.072128;0.096065;590.002509;2
1416718.810345;4856686.849138;-2.625;901.981448;0.091555;619.007547;2
1416718.982759;4856686.668103;-2.625;896.051155;0.083377;675.255923;2
1416719.155172;4856686.487069;-2.625;889.695109;0.077792;718.601171;2
1416719.327586;4856686.306034;-2.625;875.753211;0.071059;774.359239;2
1416719.5;4856686.125;-2.625;859.176531;0.065917;818.966559;2
1416719.672414;4856685.943966;-2.625;839.560849;0.064942;812.284499;2
1416719.844828;4856685.762931;-2.625;818.307268;0.067209;765.016185;2
1416720.017241;4856685.581897;-2.625;796.792157;0.070953;705.593972;2
1416720.189655;4856685.400862;-2.625;777.556161;0.0735;664.695301;2
1416720.362069;4856685.219828;-2.625;757.543776;0.076684;620.701046;2
1416720.534483;4856685.038793;-2.625;740.664781;0.078508;592.773529;1
1416720.706897;4856684.857759;-2.625;725.712735;0.080997;562.960676;1
1416720.87931;4856684.676724;-2.625;713.740344;0.082371;544.436006;1
1416721.051724;4856684.49569;-2.625;702.499311;0.085046;519.006983;1
1416721.224138;4856684.314655;-2.625;695.571507;0.085664;510.182606;1
1416721.396552;4856684.133621;-2.625;691.756125;0.083851;518.351176;1
1416721.568966;4856683.952586;-2.625;692.958376;0.082794;525.883492;1
1416721.741379;4856683.771552;-2.625;695.811473;0.079234;551.772064;1
1416721.913793;4856683.590517;-2.625;703.588045;0.073272;603.333695;1
1416722.086207;4856683.409483;-2.625;715.604981;0.067571;665.412819;1
1416722.258621;4856683.228448;-2.625;728.951188;0.061527;744.416087;1
1416722.431034;4856683.047414;-2.625;741.981099;0.056147;830.32275;1
1416722.603448;4856682.866379;-2.625;753.675997;0.05201;910.490625;2
1416722.775862;4856682.685345;-2.625;765.784132;0.047968;1003.074061;2
1416722.948276;4856682.50431;-2.625;775.547317;0.046922;1038.504824;2
1416723.12069;4856682.323276;-2.625;780.930663;0.046132;1063.625617;2
1416723.293103;4856682.142241;-2.625;786.230359;0.046386;1064.972178;2
1416723.465517;4856681.961207;-2.625;790.552322;0.046072;1078.125648;2
1416723.637931;4856681.780172;-2.625;792.163561;0.045584;1091.88991;2
1416723.810345;4856681.599138;-2.625;787.461106;0.046068;1074.020515;2
1416723.982759;4856681.418103;-2.625;775.92063;0.045989;1060.096339;2
1416724.155172;4856681.237069;-2.625;764.328239;0.04554;1054.558378;2
1416724.327586;4856681.056034;-2.625;753.428913;0.043401;1090.747274;2
1416724.5;4856680.875;-2.625;744.528082;0.041266;1133.62228;1
1416724.672414;4856680.693966;-2.625;735.786969;0.040512;1141.160485;1
1416724.844828;4856680.512931;-2.625;726.785826;0.038963;1172.003508;1
1416725.017241;4856680.331897;-2.625;721.005225;0.037725;1200.851387;1
1416725.189655;4856680.150862;-2.625;715.473987;0.036612;1227.860708;1
1416725.362069;4856679.969828;-2.625;709.073509;0.036357;1225.426146;1
1416725.534483;4856679.788793;-2.625;703.752551;0.036402;1214.71375;1
1416725.706897;4856679.607759;-2.625;699.388518;0.037033;1186.622702;1
1416725.87931;4856679.426724;-2.625;697.804049;0.037573;1166.904956;1
1416726.051724;4856679.24569;-2.625;697.484823;0.038524;1137.59666;1
1416726.224138;4856679.064655;-2.625;697.070191;0.040785;1073.873892;1
1416726.396552;4856678.883621;-2.625;695.231791;0.042062;1038.529691;1
1416726.568966;4856678.702586;-2.625;692.894857;0.043011;1012.204083;1
1416726.741379;4856678.521552;-2.625;692.193913;0.044304;981.675366;1
1416726.913793;4856678.340517;-2.625;689.751177;0.045306;956.57712;1
1416727.086207;4856678.159483;-2.625;685.872281;0.045242;952.53674;1
1416727.258621;4856677.978448;-2.625;682.870309;0.045065;952.089725;1
1416727.431034;4856677.797414;-2.625;679.026976;0.045087;946.263405;1
1416727.603448;4856677.616379;-2.625;675.925778;0.044951;944.808345;1
1416727.775862;4856677.435345;-2.625;672.531644;0.045133;936.254771;1
1416727.948276;4856677.25431;-2.625;669.839763;0.045035;934.543683;1
1416728.12069;4856677.073276;-2.625;666.484411;0.045113;928.249179;1
1416728.293103;4856676.892241;-2.625;665.172818;0.046447;899.824832;1
1416728.465517;4856676.711207;-2.625;664.372357;0.048286;864.506726;1
1416728.637931;4856676.530172;-2.625;663.349082;0.049931;834.739299;1
1416728.810345;4856676.349138;-2.625;663.528241;0.051136;815.296019;1
1416728.982759;4856676.168103;-2.625;664.990972;0.053471;781.408502;1
1416729.155172;4856675.987069;-2.625;665.948271;0.055957;747.771145;1
1416729.327586;4856675.806034;-2.625;666.998999;0.05763;727.202473;1
1416729.5;4856675.625;-2.625;667.862892;0.058397;718.582014;1
1416729.672414;4856675.443966;-2.625;668.188343;0.05973;702.88641;1
1416729.844828;4856675.262931;-2.625;668.140463;0.061334;684.453425;1
1416730.017241;4856675.081897;-2.625;671.498134;0.063638;662.990568;1
1416730.189655;4856674.900862;-2.625;674.24872;0.064969;652.066695;1
1416730.362069;4856674.719828;-2.625;677.143853;0.065019;654.365626;1
1416730.534483;4856674.538793;-2.625;678.717048;0.064685;659.277251;1
1416730.706897;4856674.357759;-2.625;679.041852;0.064014;666.505962;1
1416730.87931;4856674.176724;-2.625;678.581076;0.06365;669.854162;1
1416731.051724;4856673.99569;-2.625;677.985839;0.062614;680.346464;1
1416731.224138;4856673.814655;-2.625;675.82015;0.062117;683.595732;1
1416731.396552;4856673.633621;-2.625;672.520932;0.062971;671.031336;1
1416731.568966;4856673.452586;-2.625;669.366215;0.063647;660.791877;1
1416731.741379;4856673.271552;-2.625;666.14272;0.063167;662.612609;1
1416731.913793;4856673.090517;-2.625;660.568587;0.061216;678.000483;1
1416732.086207;4856672.909483;-2.625;655.904048;0.058523;704.190658;1
1416732.258621;4856672.728448;-2.625;650.783844;0.055846;732.191572;1
1416732.431034;4856672.547414;-2.625;646.418702;0.052429;774.675198;1
1416732.603448;4856672.366379;-2.625;642.995606;0.049434;817.259888;1
1416732.775862;4856672.185345;-2.625;639.982905;0.044802;897.529992;1
1416732.948276;4856672.00431;-2.625;636.557435;0.040162;995.880134;1
1416733.12069;4856671.823276;-2.625;633.281072;0.035283;1127.732271;1
1416733.293103;4856671.642241;-2.625;629.88055;0.029087;1360.637997;1
1416733.465517;4856671.461207;-2.625;625.761255;0.023065;1704.639359;1
1416733.637931;4856671.280172;-2.625;620.891264;0.018029;2163.77375;1
1416733.810345;4856671.099138;-2.625;615.534025;0.013396;2887.121766;1
1416733.982759;4856670.918103;-2.625;608.557744;0.009863;3876.844134;1
1416734.155172;4856670.737069;-2.625;600.612148;0.006966;5417.301148;1
1416734.327586;4856670.556034;-2.625;591.907323;0.004663;7975.391526;1
1416734.5;4856670.375;-2.625;583.047863;0.003302;11095.464816;1
1416711.051724;4856694.99569;-2.875;821.226258;0.050934;1013.063571;2
1416711.224138;4856694.814655;-2.875;842.284548;0.053443;990.26108;2
1416711.396552;4856694.633621;-2.875;869.112177;0.055486;984.170545;2
1416711.568966;4856694.452586;-2.875;896.478951;0.057506;979.501556;2
1416711.741379;4856694.271552;-2.875;920.773025;0.057585;1004.665577;2
1416711.913793;4856694.090517;-2.875;938.163003;0.054307;1085.425444;2
1416712.086207;4856693.909483;-2.875;956.007832;0.054412;1103.943398;2
1416712.258621;4856693.728448;-2.875;968.15776;0.055384;1098.348728;2
1416712.431034;4856693.547414;-2.875;976.522476;0.053847;1139.474533;2
1416712.603448;4856693.366379;-2.875;983.535437;0.05865;1053.656218;2
1416712.775862;4856693.185345;-2.875;995.198327;0.064876;963.845744;2
1416712.948276;4856693.00431;-2.875;991.65288;0.068636;907.800508;2
1416713.12069;4856692.823276;-2.875;984.386974;0.074191;833.672762;2
1416713.293103;4856692.642241;-2.875;976.188021;0.080291;763.917231;2
1416713.465517;4856692.461207;-2.875;959.152396;0.080233;751.124789;2
1416713.637931;4856692.280172;-2.875;946.093028;0.084252;705.560934;2
1416713.810345;4856692.099138;-2.875;937.819326;0.090208;653.212514;2
1416713.982759;4856691.918103;-2.875;926.473931;0.093261;624.18432;2
1416714.155172;4856691.737069;-2.875;916.460993;0.095432;603.393374;2
1416714.327586;4856691.556034;-2.875;906.939931;0.096884;588.172494;2
1416714.5;4856691.375;-2.875;891.605112;0.094152;595.005333;2
1416714.672414;4856691.193966;-2.875;870.657427;0.089596;610.574662;2
1416714.844828;4856691.012931;-2.875;855.656135;0.08657;621.027098;2
1416715.017241;4856690.831897;-2.875;844.304737;0.081886;647.844358;2
1416715.189655;4856690.650862;-2.875;827.627329;0.07615;682.882303;2
1416715.362069;4856690.469828;-2.875;817.260409;0.074049;693.463815;2
1416715.534483;4856690.288793;-2.875;803.486666;0.070439;716.715409;2
1416715.706897;4856690.107759;-2.875;792.013771;0.066246;751.197832;2
1416715.87931;4856689.926724;-2.875;780.394361;0.063475;772.487601;2
1416716.051724;4856689.74569;-2.875;773.165947;0.061943;784.255949;2
1416716.224138;4856689.564655;-2.875;767.032704;0.060282;799.47897;2
1416716.396552;4856689.383621;-2.875;765.505645;0.059618;806.777608;2
1416716.568966;4856689.202586;-2.875;767.931924;0.060648;795.578876;2
1416716.741379;4856689.021552;-2.875;774.6757;0.065456;743.622784;2
1416716.913793;4856688.840517;-2.875;781.882625;0.068355;718.701151;2
1416717.086207;4856688.659483;-2.875;793.49651;0.07569;658.699075;2
1416717.258621;4856688.478448;-2.875;807.743735;0.077882;651.651952;2
1416717.431034;4856688.297414;-2.875;826.50668;0.083129;624.705936;2
1416717.603448;4856688.116379;-2.875;843.047376;0.087048;608.518032;2
1416717.775862;4856687.935345;-2.875;861.658479;0.08678;623.86855;2
1416717.948276;4856687.75431;-2.875;880.209859;0.084629;653.50137;2
1416718.12069;4856687.573276;-2.875;900.238353;0.083211;679.758052;2
1416718.293103;4856687.392241;-2.875;919.68622;0.08196;705.049691;2
1416718.465517;4856687.211207;-2.875;932.740484;0.078353;747.968019;2
1416718.637931;4856687.030172;-2.875;938.851785;0.07499;786.633027;2
1416718.810345;4856686.849138;-2.875;940.52258;0.071809;822.941375;2
1416718.982759;4856686.668103;-2.875;933.72241;0.064942;903.380859;2
1416719.155172;4856686.487069;-2.875;921.938363;0.062889;921.102545;2
1416719.327586;4856686.306034;-2.875;907.014761;0.058208;979.065053;2
1416719.5;4856686.125;-2.875;894.169033;0.055986;1003.507407;2
1416719.672414;4856685.943966;-2.875;878.49116;0.057424;961.225916;2
1416719.844828;4856685.762931;-2.875;858.661012;0.060636;889.749013;2
1416720.017241;4856685.581897;-2.875;837.687341;0.065274;806.343157;2
1416720.189655;4856685.400862;-2.875;816.926305;0.069438;739.207022;2
1416720.362069;4856685.219828;-2.875;796.253268;0.074111;675.065279;2
1416720.534483;4856685.038793;-2.875;781.057827;0.075644;648.768688;2
1416720.706897;4856684.857759;-2.875;767.059387;0.07818;616.474769;2
1416720.87931;4856684.676724;-2.875;756.532848;0.080196;592.730662;2
1416721.051724;4856684.49569;-2.875;748.822479;0.081209;579.370836;1
1416721.224138;4856684.314655;-2.875;746.186937;0.080592;581.750686;1
1416721.396552;4856684.133621;-2.875;743.550596;0.078245;597.081012;1
1416721.568966;4856683.952586;-2.875;744.735375;0.075764;617.619025;1
1416721.741379;4856683.771552;-2.875;750.167598;0.072683;648.48895;2
1416721.913793;4856683.590517;-2.875;761.709045;0.068445;699.239438;2
1416722.086207;4856683.409483;-2.875;777.511356;0.064011;763.186244;2
1416722.258621;4856683.228448;-2.875;793.965167;0.059051;844.797489;2
1416722.431034;4856683.047414;-2.875;809.163691;0.054423;934.181891;2
1416722.603448;4856682.866379;-2.875;824.650642;0.050403;1027.995814;2
1416722.775862;4856682.685345;-2.875;839.553941;0.046401;1136.85342;2
1416722.948276;4856682.50431;-2.875;851.513914;0.044458;1203.433409;2
1416723.12069;4856682.323276;-2.875;855.762304;0.044317;1213.278422;2
1416723.293103;4856682.142241;-2.875;859.770378;0.044886;1203.52819;2
1416723.465517;4856681.961207;-2.875;863.931641;0.044876;1209.611994;2
1416723.637931;4856681.780172;-2.875;863.721761;0.045258;1199.117885;2
1416723.810345;4856681.599138;-2.875;854.120765;0.045171;1188.056817;2
1416723.982759;4856681.418103;-2.875;839.688483;0.044396;1188.364329;2
1416724.155172;4856681.237069;-2.875;826.454363;0.043543;1192.563655;2
1416724.327586;4856681.056034;-2.875;813.764214;0.042753;1195.933309;2
1416724.5;4856680.875;-2.875;802.482885;0.041906;1203.211199;2
1416724.672414;4856680.693966;-2.875;791.567726;0.041311;1203.93369;2
1416724.844828;4856680.512931;-2.875;781.325041;0.040391;1215.423536;2
1416725.017241;4856680.331897;-2.875;775.040361;0.039489;1233.188571;2
1416725.189655;4856680.150862;-2.875;768.954955;0.03812;1267.456636;2
1416725.362069;4856679.969828;-2.875;761.179556;0.0381;1255.278404;2
1416725.534483;4856679.788793;-2.875;755.688707;0.037745;1257.952337;2
1416725.706897;4856679.607759;-2.875;752.013921;0.037763;1251.232057;2
1416725.87931;4856679.426724;-2.875;750.050945;0.037929;1242.49859;2
1416726.051724;4856679.24569;-2.875;749.000245;0.038588;1219.585531;1
1416726.224138;4856679.064655;-2.875;748.620864;0.039241;1198.661455;1
1416726.396552;4856678.883621;-2.875;746.811168;0.039613;1184.559201;1
1416726.568966;4856678.702586;-2.875;744.38828;0.039522;1183.431107;1
1416726.741379;4856678.521552;-2.875;743.756744;0.039805;1174.026815;1
1416726.913793;4856678.340517;-2.875;740.414536;0.038976;1193.598356;1
1416727.086207;4856678.159483;-2.875;736.029568;0.038009;1216.709881;1
1416727.258621;4856677.978448;-2.875;733.186791;0.037128;1240.760836;1
1416727.431034;4856677.797414;-2.875;729.507096;0.037277;1229.602446;1
1416727.603448;4856677.616379;-2.875;725.830621;0.037501;1216.100802;1
1416727.775862;4856677.435345;-2.875;721.570151;0.038076;1190.726601;1
1416727.948276;4856677.25431;-2.875;718.312508;0.038454;1173.678888;1
1416728.12069;4856677.073276;-2.875;714.616109;0.039027;1150.513489;1
1416728.293103;4856676.892241;-2.875;712.479833;0.039868;1122.855353;1
1416728.465517;4856676.711207;-2.875;711.444184;0.041957;1065.420068;1
1416728.637931;4856676.530172;-2.875;710.344312;0.043414;1028.071993;1
1416728.810345;4856676.349138;-2.875;710.286464;0.045;991.742714;1
1416728.982759;4856676.168103;-2.875;711.482799;0.046923;952.705694;1
1416729.155172;4856675.987069;-2.875;711.935327;0.048545;921.458801;1
1416729.327586;4856675.806034;-2.875;712.570693;0.048908;915.432234;1
1416729.5;4856675.625;-2.875;713.010072;0.048331;926.943747;1
1416729.672414;4856675.443966;-2.875;714.191342;0.048473;925.761165;1
1416729.844828;4856675.262931;-2.875;715.105686;0.048868;919.441832;1
1416730.017241;4856675.081897;-2.875;719.317277;0.049786;907.801626;1
1416730.189655;4856674.900862;-2.875;721.810981;0.050094;905.353825;1
1416730.362069;4856674.719828;-2.875;723.499672;0.050383;902.264284;1
1416730.534483;4856674.538793;-2.875;723.715566;0.050165;906.450038;1
1416730.706897;4856674.357759;-2.875;721.953738;0.05005;906.33329;1
1416730.87931;4856674.176724;-2.875;720.835088;0.050109;903.849376;1
1416731.051724;4856673.99569;-2.875;719.32056;0.049498;913.098264;1
1416731.224138;4856673.814655;-2.875;715.596097;0.049443;909.371896;1
1416731.396552;4856673.633621;-2.875;711.164205;0.050885;878.125753;1
1416731.568966;4856673.452586;-2.875;706.543851;0.050973;870.914612;1
1416731.741379;4856673.271552;-2.875;701.402003;0.050639;870.282709;1
1416731.913793;4856673.090517;-2.875;694.601047;0.048965;891.319011;1
1416732.086207;4856672.909483;-2.875;689.248808;0.046979;921.824528;1
1416732.258621;4856672.728448;-2.875;684.292401;0.043865;980.174546;1
1416732.431034;4856672.547414;-2.875;679.604205;0.040722;1048.59177;1
1416732.603448;4856672.366379;-2.875;676.229163;0.03749;1133.323689;1
1416732.775862;4856672.185345;-2.875;671.641832;0.033605;1255.771775;1
1416732.948276;4856672.00431;-2.875;666.889301;0.030251;1385.132689;1
1416733.12069;4856671.823276;-2.875;662.794926;0.026432;1575.551366;1
1416733.293103;4856671.642241;-2.875;657.937347;0.02119;1950.907518;1
1416733.465517;4856671.461207;-2.875;651.972004;0.017144;2389.391335;1
1416733.637931;4856671.280172;-2.875;645.404667;0.01332;3044.489224;1
1416733.810345;4856671.099138;-2.875;637.623301;0.009972;4017.4667;1
1416733.982759;4856670.918103;-2.875;628.482474;0.007435;5311.024524;1
1416734.155172;4856670.737069;-2.875;618.782591;0.005585;6961.897365;1
1416734.327586;4856670.556034;-2.875;608.751399;0.004147;9223.681803;1
1416711.396552;4856694.633621;-3.125;892.519004;0.050633;1107.559411;2
1416711.568966;4856694.452586;-3.125;920.161331;0.053087;1089.070868;2
1416711.741379;4856694.271552;-3.125;947.828502;0.05264;1131.34906;2
1416711.913793;4856694.090517;-3.125;972.917059;0.050471;1211.192278;2
1416712.086207;4856693.909483;-3.125;993.18836;0.048174;1295.372489;2
1416712.258621;4856693.728448;-3.125;1006.394362;0.046866;1349.233017;2
1416712.431034;4856693.547414;-3.125;1015.97828;0.042614;1498.003112;2
1416712.603448;4856693.366379;-3.125;1025.200093;0.043992;1464.23447;2
1416712.775862;4856693.185345;-3.125;1040.677721;0.046612;1402.798833;2
1416712.948276;4856693.00431;-3.125;1043.197686;0.048795;1343.288645;2
1416713.12069;4856692.823276;-3.125;1035.076104;0.050554;1286.450975;2
1416713.293103;4856692.642241;-3.125;1023.770695;0.053165;1209.912289;2
1416713.465517;4856692.461207;-3.125;1005.816043;0.054664;1156.110395;2
1416713.637931;4856692.280172;-3.125;991.585084;0.057993;1074.314617;2
1416713.810345;4856692.099138;-3.125;976.827215;0.061072;1004.982093;2
1416713.982759;4856691.918103;-3.125;964.487739;0.063869;948.827084;2
1416714.155172;4856691.737069;-3.125;954.336965;0.06596;909.077143;2
1416714.327586;4856691.556034;-3.125;944.441645;0.067874;874.285858;2
1416714.5;4856691.375;-3.125;928.718014;0.067585;863.401855;2
1416714.672414;4856691.193966;-3.125;905.487928;0.06563;866.883771;2
1416714.844828;4856691.012931;-3.125;886.869749;0.063634;875.696512;2
1416715.017241;4856690.831897;-3.125;874.408892;0.061521;893.037836;2
1416715.189655;4856690.650862;-3.125;861.650912;0.058126;931.409446;2
1416715.362069;4856690.469828;-3.125;851.48793;0.055263;968.108682;2
1416715.534483;4856690.288793;-3.125;837.132794;0.053274;987.325528;2
1416715.706897;4856690.107759;-3.125;823.768964;0.051193;1011.053367;2
1416715.87931;4856689.926724;-3.125;810.081697;0.049573;1026.74661;2
1416716.051724;4856689.74569;-3.125;800.723776;0.048543;1036.418881;2
1416716.224138;4856689.564655;-3.125;792.880338;0.049369;1009.106873;2
1416716.396552;4856689.383621;-3.125;790.11857;0.052786;940.481485;2
1416716.568966;4856689.202586;-3.125;792.476254;0.05517;902.539643;2
1416716.741379;4856689.021552;-3.125;799.399885;0.059613;842.567882;2
1416716.913793;4856688.840517;-3.125;808.439003;0.062244;816.068374;2
1416717.086207;4856688.659483;-3.125;820.837228;0.068659;751.170426;2
1416717.258621;4856688.478448;-3.125;836.658418;0.069815;752.968426;2
1416717.431034;4856688.297414;-3.125;856.312438;0.073428;732.738783;2
1416717.603448;4856688.116379;-3.125;875.125013;0.072717;756.163126;2
1416717.775862;4856687.935345;-3.125;895.560849;0.071633;785.531885;2
1416717.948276;4856687.75431;-3.125;915.473864;0.069572;826.785532;2
1416718.12069;4856687.573276;-3.125;937.037551;0.065919;893.158402;2
1416718.293103;4856687.392241;-3.125;959.744679;0.06053;996.241319;2
1416718.465517;4856687.211207;-3.125;974.2023;0.05571;1098.752142;2
1416718.637931;4856687.030172;-3.125;982.915854;0.051526;1198.580713;2
1416718.810345;4856686.849138;-3.125;985.375992;0.049522;1250.209567;2
1416718.982759;4856686.668103;-3.125;975.882696;0.045402;1350.524353;2
1416719.155172;4856686.487069;-3.125;962.650394;0.046951;1288.246762;2
1416719.327586;4856686.306034;-3.125;949.99487;0.046257;1290.406478;2
1416719.5;4856686.125;-3.125;939.856856;0.049316;1197.438999;2
1416719.672414;4856685.943966;-3.125;925.663029;0.052553;1106.71819;2
1416719.844828;4856685.762931;-3.125;905.987035;0.056614;1005.496177;2
1416720.017241;4856685.581897;-3.125;885.326331;0.061935;898.149436;2
1416720.189655;4856685.400862;-3.125;864.671767;0.067371;806.41863;2
1416720.362069;4856685.219828;-3.125;845.704602;0.072917;728.732742;2
1416720.534483;4856685.038793;-3.125;830.793388;0.076489;682.454917;2
1416720.706897;4856684.857759;-3.125;819.160789;0.07928;649.206939;2
1416720.87931;4856684.676724;-3.125;813.754949;0.080348;636.349882;2
1416721.051724;4856684.49569;-3.125;808.473897;0.080513;630.930484;2
1416721.224138;4856684.314655;-3.125;806.272946;0.078425;645.959971;2
1416721.396552;4856684.133621;-3.125;804.637206;0.076308;662.536176;2
1416721.568966;4856683.952586;-3.125;808.753669;0.074018;686.530239;2
1416721.741379;4856683.771552;-3.125;818.332055;0.071148;722.676173;2
1416721.913793;4856683.590517;-3.125;835.517852;0.067785;774.459695;2
1416722.086207;4856683.409483;-3.125;855.14734;0.064529;832.651081;2
1416722.258621;4856683.228448;-3.125;874.437732;0.060218;912.397339;2
1416722.431034;4856683.047414;-3.125;892.616402;0.055832;1004.528594;2
1416722.603448;4856682.866379;-3.125;909.031763;0.052029;1097.774089;2
1416722.775862;4856682.685345;-3.125;924.798178;0.047889;1213.367743;2
1416722.948276;4856682.50431;-3.125;939.255888;0.045109;1308.285901;2
1416723.12069;4856682.323276;-3.125;944.110647;0.045203;1312.319122;2
1416723.293103;4856682.142241;-3.125;946.36615;0.045258;1313.834732;2
1416723.465517;4856681.961207;-3.125;947.198752;0.045166;1317.666831;2
1416723.637931;4856681.780172;-3.125;943.316867;0.045357;1306.755932;2
1416723.810345;4856681.599138;-3.125;926.615646;0.04488;1297.25731;2
1416723.982759;4856681.418103;-3.125;907.074149;0.043952;1296.7118;2
1416724.155172;4856681.237069;-3.125;889.761196;0.04358;1282.818988;2
1416724.327586;4856681.056034;-3.125;872.854478;0.04335;1265.1085;2
1416724.5;4856680.875;-3.125;859.579947;0.042594;1267.987516;2
1416724.672414;4856680.693966;-3.125;846.173745;0.042218;1259.332537;2
1416724.844828;4856680.512931;-3.125;834.580462;0.041402;1266.565176;2
1416725.017241;4856680.331897;-3.125;827.055345;0.039875;1303.209933;2
1416725.189655;4856680.150862;-3.125;819.82113;0.03879;1327.957998;2
1416725.362069;4856679.969828;-3.125;812.628437;0.038314;1332.65595;2
1416725.534483;4856679.788793;-3.125;806.792429;0.037925;1336.631217;2
1416725.706897;4856679.607759;-3.125;803.433853;0.037758;1336.984616;2
1416725.87931;4856679.426724;-3.125;801.351292;0.036689;1372.353148;2
1416726.051724;4856679.24569;-3.125;799.703125;0.036207;1387.77979;2
1416726.224138;4856679.064655;-3.125;798.984698;0.035909;1398.007517;2
1416726.396552;4856678.883621;-3.125;797.434874;0.036079;1388.756802;2
1416726.568966;4856678.702586;-3.125;795.299942;0.03611;1383.823314;2
1416726.741379;4856678.521552;-3.125;793.999943;0.035412;1408.788332;2
1416726.913793;4856678.340517;-3.125;789.834836;0.033909;1463.522732;2
1416727.086207;4856678.159483;-3.125;786.060652;0.032273;1530.355515;2
1416727.258621;4856677.978448;-3.125;782.831537;0.031079;1582.655985;2
1416727.431034;4856677.797414;-3.125;780.009214;0.029993;1634.004601;2
1416727.603448;4856677.616379;-3.125;775.983333;0.029174;1671.250254;2
1416727.775862;4856677.435345;-3.125;771.201176;0.029517;1641.622223;2
1416727.948276;4856677.25431;-3.125;767.977702;0.029564;1632.151792;2
1416728.12069;4856677.073276;-3.125;764.631561;0.030185;1591.631549;2
1416728.293103;4856676.892241;-3.125;761.714704;0.030541;1567.072802;2
1416728.465517;4856676.711207;-3.125;760.435173;0.031768;1504.009888;2
1416728.637931;4856676.530172;-3.125;759.143944;0.033472;1425.041403;2
1416728.810345;4856676.349138;-3.125;758.939424;0.035009;1362.08401;2
1416728.982759;4856676.168103;-3.125;759.436398;0.036592;1304.030958;2
1416729.155172;4856675.987069;-3.125;758.660286;0.037603;1267.65921;2
1416729.327586;4856675.806034;-3.125;758.257217;0.038351;1242.264942;2
1416729.5;4856675.625;-3.125;759.473868;0.038173;1250.090355;2
1416729.672414;4856675.443966;-3.125;761.952241;0.037662;1271.155773;2
1416729.844828;4856675.262931;-3.125;763.112398;0.038007;1261.557755;2
1416730.017241;4856675.081897;-3.125;766.100494;0.038499;1250.304528;2
1416730.189655;4856674.900862;-3.125;767.009237;0.038768;1243.117747;2
1416730.362069;4856674.719828;-3.125;766.819932;0.038499;1251.46599;2
1416730.534483;4856674.538793;-3.125;764.892327;0.038115;1260.915201;2
1416730.706897;4856674.357759;-3.125;762.027349;0.037996;1260.127596;2
1416730.87931;4856674.176724;-3.125;759.886625;0.038461;1241.387419;2
1416731.051724;4856673.99569;-3.125;757.179075;0.03853;1234.736116;2
1416731.224138;4856673.814655;-3.125;752.097775;0.039073;1209.406815;2
1416731.396552;4856673.633621;-3.125;746.009784;0.040014;1171.420419;1
1416731.568966;4856673.452586;-3.125;739.504422;0.040626;1143.704731;1
1416731.741379;4856673.271552;-3.125;734.490116;0.040125;1150.141755;1
1416731.913793;4856673.090517;-3.125;728.00787;0.038628;1184.18033;1
1416732.086207;4856672.909483;-3.125;723.336735;0.036606;1241.572198;1
1416732.258621;4856672.728448;-3.125;718.340175;0.034181;1320.46261;1
1416732.431034;4856672.547414;-3.125;713.947092;0.031431;1427.188345;1
1416732.603448;4856672.366379;-3.125;709.792446;0.028534;1562.950555;1
1416732.775862;4856672.185345;-3.125;704.169503;0.02533;1746.709135;1
1416732.948276;4856672.00431;-3.125;698.461629;0.022916;1915.09859;1
1416733.12069;4856671.823276;-3.125;693.104009;0.019829;2196.201948;1
1416733.293103;4856671.642241;-3.125;686.719986;0.016344;2639.977224;1
1416733.465517;4856671.461207;-3.125;679.176204;0.013207;3231.156905;1
1416733.637931;4856671.280172;-3.125;669.576864;0.010508;4003.588342;1
1416733.810345;4856671.099138;-3.125;659.589087;0.008055;5144.931945;1
1416733.982759;4856670.918103;-3.125;648.593448;0.00643;6337.697238;1
1416734.155172;4856670.737069;-3.125;637.506731;0.005351;7485.459633;1
1416711.568966;4856694.452586;-3.375;947.854648;0.047925;1242.685481;2
1416711.741379;4856694.271552;-3.375;978.799909;0.047207;1302.768608;2
1416711.913793;4856694.090517;-3.375;1007.223544;0.046231;1368.891654;2
1416712.086207;4856693.909483;-3.375;1033.250682;0.044505;1458.720776;2
1416712.258621;4856693.728448;-3.375;1046.612025;0.042403;1550.850641;2
1416712.431034;4856693.547414;-3.375;1059.146063;0.040088;1660.039396;2
1416712.603448;4856693.366379;-3.375;1068.857502;0.040649;1652.145838;2
1416712.775862;4856693.185345;-3.375;1085.284158;0.041775;1632.317464;2
1416712.948276;4856693.00431;-3.375;1088.102244;0.042318;1615.559524;2
1416713.12069;4856692.823276;-3.375;1083.034461;0.042456;1602.812789;2
1416713.293103;4856692.642241;-3.375;1076.669128;0.042962;1574.618697;2
1416713.465517;4856692.461207;-3.375;1060.607488;0.042373;1572.711903;2
1416713.637931;4856692.280172;-3.375;1038.490316;0.045079;1447.478759;2
1416713.810345;4856692.099138;-3.375;1018.52071;0.047124;1358.02338;2
1416713.982759;4856691.918103;-3.375;1003.295565;0.048461;1300.815066;2
1416714.155172;4856691.737069;-3.375;996.751387;0.050761;1233.778513;2
1416714.327586;4856691.556034;-3.375;983.97981;0.049965;1237.373234;2
1416714.5;4856691.375;-3.375;964.985564;0.048504;1250.028732;2
1416714.672414;4856691.193966;-3.375;940.308895;0.046453;1271.865164;2
1416714.844828;4856691.012931;-3.375;921.487106;0.044931;1288.612499;2
1416715.017241;4856690.831897;-3.375;906.657963;0.043656;1304.907406;2
1416715.189655;4856690.650862;-3.375;890.68365;0.042171;1327.045395;2
1416715.362069;4856690.469828;-3.375;879.923702;0.040806;1354.873432;2
1416715.534483;4856690.288793;-3.375;870.873739;0.039673;1379.237359;2
1416715.706897;4856690.107759;-3.375;861.585339;0.038992;1388.356409;2
1416715.87931;4856689.926724;-3.375;847.851028;0.040222;1324.453582;2
1416716.051724;4856689.74569;-3.375;837.871752;0.041984;1253.943374;2
1416716.224138;4856689.564655;-3.375;833.079361;0.043787;1195.430646;2
1416716.396552;4856689.383621;-3.375;833.801878;0.048455;1081.193949;2
1416716.568966;4856689.202586;-3.375;838.059389;0.050928;1033.937939;2
1416716.741379;4856689.021552;-3.375;846.873119;0.054881;969.566421;2
1416716.913793;4856688.840517;-3.375;857.492185;0.056625;951.486104;2
1416717.086207;4856688.659483;-3.375;873.494112;0.062068;884.240944;2
1416717.258621;4856688.478448;-3.375;889.844243;0.062415;895.783278;2
1416717.431034;4856688.297414;-3.375;909.696013;0.062619;912.784324;2
1416717.603448;4856688.116379;-3.375;927.978759;0.061777;943.819302;2
1416717.775862;4856687.935345;-3.375;948.16798;0.058492;1018.524409;2
1416717.948276;4856687.75431;-3.375;967.308465;0.05452;1114.78784;2
1416718.12069;4856687.573276;-3.375;986.704595;0.050577;1225.792764;2
1416718.293103;4856687.392241;-3.375;1006.853301;0.045149;1401.181267;2
1416718.465517;4856687.211207;-3.375;1021.168927;0.040492;1584.5654;2
1416718.637931;4856687.030172;-3.375;1029.340565;0.036105;1791.302935;2
1416718.810345;4856686.849138;-3.375;1027.781212;0.035675;1810.135888;2
1416718.982759;4856686.668103;-3.375;1015.000144;0.033693;1892.832797;2
1416719.155172;4856686.487069;-3.375;1008.943712;0.037047;1711.193229;2
1416719.327586;4856686.306034;-3.375;997.29179;0.040436;1549.634156;2
1416719.5;4856686.125;-3.375;986.906599;0.045027;1377.167855;2
1416719.672414;4856685.943966;-3.375;976.027609;0.049438;1240.443431;2
1416719.844828;4856685.762931;-3.375;957.762289;0.054034;1113.699669;2
1416720.017241;4856685.581897;-3.375;939.12477;0.059865;985.661859;2
1416720.189655;4856685.400862;-3.375;922.851142;0.065233;888.886558;2
1416720.362069;4856685.219828;-3.375;905.559888;0.071469;796.123074;2
1416720.534483;4856685.038793;-3.375;892.14867;0.076359;734.103536;2
1416720.706897;4856684.857759;-3.375;885.783536;0.07887;705.664176;2
1416720.87931;4856684.676724;-3.375;884.694241;0.079121;702.557749;2
1416721.051724;4856684.49569;-3.375;879.217631;0.078345;705.118689;2
1416721.224138;4856684.314655;-3.375;881.139043;0.076265;725.932809;2
1416721.396552;4856684.133621;-3.375;885.675364;0.073205;760.178728;2
1416721.568966;4856683.952586;-3.375;890.715993;0.07152;782.510638;2
1416721.741379;4856683.771552;-3.375;905.350572;0.069122;822.960387;2
1416721.913793;4856683.590517;-3.375;927.501372;0.066705;873.644325;2
1416722.086207;4856683.409483;-3.375;948.103352;0.063834;933.218718;2
1416722.258621;4856683.228448;-3.375;969.614187;0.059903;1017.017687;2
1416722.431034;4856683.047414;-3.375;988.46747;0.055325;1122.583195;2
1416722.603448;4856682.866379;-3.375;1005.088644;0.052368;1205.929193;2
1416722.775862;4856682.685345;-3.375;1021.262886;0.049357;1300.070539;2
1416722.948276;4856682.50431;-3.375;1034.422558;0.047309;1373.835399;2
1416723.12069;4856682.323276;-3.375;1036.260051;0.047292;1376.758826;2
1416723.293103;4856682.142241;-3.375;1035.550931;0.047669;1364.944675;2
1416723.465517;4856681.961207;-3.375;1036.814493;0.047097;1383.204726;2
1416723.637931;4856681.780172;-3.375;1029.744423;0.047068;1374.631146;2
1416723.810345;4856681.599138;-3.375;1009.712876;0.046334;1369.23367;2
1416723.982759;4856681.418103;-3.375;985.995613;0.045406;1364.392007;2
1416724.155172;4856681.237069;-3.375;963.624537;0.04479;1351.788392;2
1416724.327586;4856681.056034;-3.375;944.069816;0.044908;1320.867837;2
1416724.5;4856680.875;-3.375;925.860466;0.043615;1333.799331;2
1416724.672414;4856680.693966;-3.375;908.324046;0.041745;1367.136002;2
1416724.844828;4856680.512931;-3.375;894.668206;0.040108;1401.566605;2
1416725.017241;4856680.331897;-3.375;883.944718;0.038114;1457.195715;2
1416725.189655;4856680.150862;-3.375;873.615074;0.03645;1505.924619;2
1416725.362069;4856679.969828;-3.375;863.994065;0.035564;1526.460973;2
1416725.534483;4856679.788793;-3.375;855.781501;0.034644;1552.0768;2
1416725.706897;4856679.607759;-3.375;849.539229;0.034413;1551.114557;2
1416725.87931;4856679.426724;-3.375;847.333413;0.033042;1611.255451;2
1416726.051724;4856679.24569;-3.375;845.558223;0.032255;1647.122886;2
1416726.224138;4856679.064655;-3.375;843.84222;0.031769;1668.914129;2
1416726.396552;4856678.883621;-3.375;842.582682;0.031694;1670.368871;2
1416726.568966;4856678.702586;-3.375;840.229321;0.031963;1651.682009;2
1416726.741379;4856678.521552;-3.375;837.74026;0.031373;1677.781411;2
1416726.913793;4856678.340517;-3.375;833.812047;0.029682;1765.054903;2
1416727.086207;4856678.159483;-3.375;829.257542;0.027776;1875.866514;2
1416727.258621;4856677.978448;-3.375;826.513042;0.026458;1962.80047;2
1416727.431034;4856677.797414;-3.375;823.726936;0.025412;2036.669683;2
1416727.603448;4856677.616379;-3.375;820.292406;0.023446;2198.222003;2
1416727.775862;4856677.435345;-3.375;816.420974;0.022973;2232.908017;2
1416727.948276;4856677.25431;-3.375;814.698497;0.023206;2205.857249;2
1416728.12069;4856677.073276;-3.375;812.458641;0.023378;2183.585038;2
1416728.293103;4856676.892241;-3.375;810.917724;0.023157;2200.287426;2
1416728.465517;4856676.711207;-3.375;811.59646;0.023722;2149.660279;2
1416728.637931;4856676.530172;-3.375;811.672902;0.02471;2063.924029;2
1416728.810345;4856676.349138;-3.375;811.513401;0.025746;1980.477654;2
1416728.982759;4856676.168103;-3.375;812.659225;0.026992;1891.73108;2
1416729.155172;4856675.987069;-3.375;812.471295;0.027904;1829.428333;2
1416729.327586;4856675.806034;-3.375;812.729207;0.028426;1796.413464;2
1416729.5;4856675.625;-3.375;812.931695;0.028987;1762.0845;2
1416729.672414;4856675.443966;-3.375;814.271312;0.029538;1732.094799;2
1416729.844828;4856675.262931;-3.375;812.745194;0.030144;1694.070493;2
1416730.017241;4856675.081897;-3.375;812.7946;0.031123;1640.862721;2
1416730.189655;4856674.900862;-3.375;811.875544;0.031088;1640.874321;2
1416730.362069;4856674.719828;-3.375;808.553229;0.030688;1655.444037;2
1416730.534483;4856674.538793;-3.375;805.205584;0.030696;1648.169116;2
1416730.706897;4856674.357759;-3.375;801.87133;0.031054;1622.40802;2
1416730.87931;4856674.176724;-3.375;797.697828;0.031516;1590.327825;2
1416731.051724;4856673.99569;-3.375;792.714044;0.031661;1573.180529;2
1416731.224138;4856673.814655;-3.375;786.509604;0.032579;1516.877822;2
1416731.396552;4856673.633621;-3.375;780.577292;0.033652;1457.407964;2
1416731.568966;4856673.452586;-3.375;774.496177;0.034035;1429.798455;2
1416731.741379;4856673.271552;-3.375;770.572361;0.033203;1458.212431;2
1416731.913793;4856673.090517;-3.375;765.230815;0.031525;1525.165233;2
1416732.086207;4856672.909483;-3.375;759.880256;0.030673;1556.592093;2
1416732.258621;4856672.728448;-3.375;754.455667;0.029418;1611.374413;2
1416732.431034;4856672.547414;-3.375;749.035515;0.02749;1712.018264;1
1416732.603448;4856672.366379;-3.375;743.29416;0.025203;1853.03363;1
1416732.775862;4856672.185345;-3.375;737.079052;0.022994;2014.065866;1
1416732.948276;4856672.00431;-3.375;730.011563;0.021189;2164.717032;1
1416733.12069;4856671.823276;-3.375;722.99593;0.01856;2447.614116;1
1416733.293103;4856671.642241;-3.375;714.792318;0.015562;2885.907309;1
1416733.465517;4856671.461207;-3.375;704.080489;0.012966;3411.922627;1
1416733.637931;4856671.280172;-3.375;691.834922;0.010884;3993.733756;1
1416733.810345;4856671.099138;-3.375;680.090833;0.009044;4724.639395;1
1416733.982759;4856670.918103;-3.375;668.164458;0.007421;5656.963808;1
1416711.913793;4856694.090517;-3.625;1023.917328;0.038544;1669.142447;2
1416712.086207;4856693.909483;-3.625;1054.157738;0.037459;1768.213609;2
1416712.258621;4856693.728448;-3.625;1078.144465;0.035829;1890.709577;2
1416712.431034;4856693.547414;-3.625;1090.02267;0.032328;2118.551256;2
1416712.603448;4856693.366379;-3.625;1099.527004;0.032192;2146.025604;2
1416712.775862;4856693.185345;-3.625;1116.165806;0.03258;2152.596535;2
1416712.948276;4856693.00431;-3.625;1120.451402;0.033221;2119.152891;2
1416713.12069;4856692.823276;-3.625;1116.467119;0.034153;2053.987646;2
1416713.293103;4856692.642241;-3.625;1111.518502;0.03437;2031.947224;2
1416713.465517;4856692.461207;-3.625;1097.904685;0.032514;2121.650762;2
1416713.637931;4856692.280172;-3.625;1082.245495;0.033314;2041.163771;2
1416713.810345;4856692.099138;-3.625;1067.70344;0.035997;1863.635877;2
1416713.982759;4856691.918103;-3.625;1047.649977;0.036414;1807.686105;2
1416714.155172;4856691.737069;-3.625;1031.743817;0.037263;1739.705318;2
1416714.327586;4856691.556034;-3.625;1020.648812;0.03745;1712.388534;2
1416714.5;4856691.375;-3.625;1001.60268;0.036795;1710.344013;2
1416714.672414;4856691.193966;-3.625;976.726274;0.03564;1721.927668;2
1416714.844828;4856691.012931;-3.625;956.549149;0.034249;1754.856148;2
1416715.017241;4856690.831897;-3.625;944.619889;0.032832;1807.738399;2
1416715.189655;4856690.650862;-3.625;931.037178;0.031668;1847.231684;2
1416715.362069;4856690.469828;-3.625;920.64726;0.031189;1854.7104;2
1416715.534483;4856690.288793;-3.625;911.146676;0.031058;1843.283444;2
1416715.706897;4856690.107759;-3.625;898.814403;0.029694;1901.875323;2
1416715.87931;4856689.926724;-3.625;887.718854;0.031154;1790.373497;2
1416716.051724;4856689.74569;-3.625;880.344164;0.033407;1655.727854;2
1416716.224138;4856689.564655;-3.625;878.720114;0.035196;1568.700321;2
1416716.396552;4856689.383621;-3.625;884.941206;0.039921;1392.81651;2
1416716.568966;4856689.202586;-3.625;895.158366;0.042998;1308.081806;2
1416716.741379;4856689.021552;-3.625;906.526749;0.04696;1212.914046;2
1416716.913793;4856688.840517;-3.625;915.462396;0.048171;1194.073342;2
1416717.086207;4856688.659483;-3.625;929.663802;0.053087;1100.320689;2
1416717.258621;4856688.478448;-3.625;945.039386;0.053247;1115.157328;2
1416717.431034;4856688.297414;-3.625;963.7401;0.053011;1142.292697;2
1416717.603448;4856688.116379;-3.625;981.009482;0.051927;1187.027042;2
1416717.775862;4856687.935345;-3.625;998.70152;0.049409;1270.005248;2
1416717.948276;4856687.75431;-3.625;1015.886207;0.045456;1404.222922;2
1416718.12069;4856687.573276;-3.625;1030.795344;0.041915;1545.184072;2
1416718.293103;4856687.392241;-3.625;1044.183509;0.036531;1795.973511;2
1416718.465517;4856687.211207;-3.625;1053.365319;0.031206;2120.881107;2
1416718.637931;4856687.030172;-3.625;1061.149764;0.027969;2383.817329;2
1416718.810345;4856686.849138;-3.625;1062.443572;0.028591;2334.876459;2
1416718.982759;4856686.668103;-3.625;1057.226955;0.02762;2405.078062;2
1416719.155172;4856686.487069;-3.625;1052.723525;0.031726;2084.879231;2
1416719.327586;4856686.306034;-3.625;1045.03749;0.036024;1822.699227;2
1416719.5;4856686.125;-3.625;1037.900221;0.041372;1576.268181;2
1416719.672414;4856685.943966;-3.625;1029.713819;0.046737;1384.320215;2
1416719.844828;4856685.762931;-3.625;1015.923285;0.052023;1226.998698;2
1416720.017241;4856685.581897;-3.625;1001.474762;0.057774;1089.149683;2
1416720.189655;4856685.400862;-3.625;989.860891;0.063457;980.109177;2
1416720.362069;4856685.219828;-3.625;977.012907;0.0701;875.70883;2
1416720.534483;4856685.038793;-3.625;967.977001;0.074286;818.725795;2
1416720.706897;4856684.857759;-3.625;964.887787;0.076557;791.902278;2
1416720.87931;4856684.676724;-3.625;964.239713;0.076582;791.117117;2
1416721.051724;4856684.49569;-3.625;963.589212;0.075785;798.892604;2
1416721.224138;4856684.314655;-3.625;970.052817;0.074191;821.527242;2
1416721.396552;4856684.133621;-3.625;977.595382;0.071095;863.970497;2
1416721.568966;4856683.952586;-3.625;990.064355;0.068804;904.128987;2
1416721.741379;4856683.771552;-3.625;1008.835977;0.067127;944.280223;2
1416721.913793;4856683.590517;-3.625;1035.642144;0.064671;1006.196029;2
1416722.086207;4856683.409483;-3.625;1057.70239;0.061672;1077.599384;2
1416722.258621;4856683.228448;-3.625;1078.800758;0.058333;1161.992591;2
1416722.431034;4856683.047414;-3.625;1100.659481;0.055057;1256.081598;2
1416722.603448;4856682.866379;-3.625;1117.509493;0.052069;1348.494621;2
1416722.775862;4856682.685345;-3.625;1130.804352;0.048526;1464.187144;2
1416722.948276;4856682.50431;-3.625;1142.600426;0.046662;1538.559014;2
1416723.12069;4856682.323276;-3.625;1136.249065;0.045836;1557.564235;2
1416723.293103;4856682.142241;-3.625;1128.667431;0.04598;1542.333583;2
1416723.465517;4856681.961207;-3.625;1120.923068;0.044955;1566.682531;2
1416723.637931;4856681.780172;-3.625;1108.896153;0.044532;1564.575388;2
1416723.810345;4856681.599138;-3.625;1084.364356;0.044547;1529.457577;2
1416723.982759;4856681.418103;-3.625;1057.41919;0.044029;1508.995372;2
1416724.155172;4856681.237069;-3.625;1031.073998;0.043499;1489.322417;2
1416724.327586;4856681.056034;-3.625;1005.09926;0.042794;1475.710944;2
1416724.5;4856680.875;-3.625;983.396134;0.041348;1494.363358;2
1416724.672414;4856680.693966;-3.625;963.899535;0.040367;1500.320131;2
1416724.844828;4856680.512931;-3.625;946.386228;0.038626;1539.461645;2
1416725.017241;4856680.331897;-3.625;934.456192;0.037022;1585.891634;2
1416725.189655;4856680.150862;-3.625;922.887715;0.035611;1628.337889;2
1416725.362069;4856679.969828;-3.625;911.338721;0.03498;1636.971557;2
1416725.534483;4856679.788793;-3.625;901.11384;0.033676;1681.286523;2
1416725.706897;4856679.607759;-3.625;893.317517;0.032982;1701.788298;2
1416725.87931;4856679.426724;-3.625;889.813513;0.031798;1758.219647;2
1416726.051724;4856679.24569;-3.625;887.16145;0.030703;1815.540794;2
1416726.224138;4856679.064655;-3.625;884.599352;0.029661;1873.860095;2
1416726.396552;4856678.883621;-3.625;882.383542;0.028899;1918.465181;2
1416726.568966;4856678.702586;-3.625;878.981597;0.02844;1941.880529;2
1416726.741379;4856678.521552;-3.625;877.18055;0.027505;2003.813651;2
1416726.913793;4856678.340517;-3.625;874.496215;0.026016;2112.020971;2
1416727.086207;4856678.159483;-3.625;871.674434;0.024266;2257.055697;2
1416727.258621;4856677.978448;-3.625;868.696174;0.022503;2425.556299;2
1416727.431034;4856677.797414;-3.625;865.682556;0.021476;2532.727877;2
1416727.603448;4856677.616379;-3.625;862.662068;0.019524;2776.17188;2
1416727.775862;4856677.435345;-3.625;859.951494;0.019066;2834.03568;2
1416727.948276;4856677.25431;-3.625;858.786893;0.01902;2836.951404;2
1416728.12069;4856677.073276;-3.625;856.309033;0.01897;2836.230703;2
1416728.293103;4856676.892241;-3.625;855.118883;0.0195;2755.294756;2
1416728.465517;4856676.711207;-3.625;855.690498;0.020327;2645.01692;2
1416728.637931;4856676.530172;-3.625;855.773696;0.021075;2551.345422;2
1416728.810345;4856676.349138;-3.625;855.114128;0.021314;2520.828089;2
1416728.982759;4856676.168103;-3.625;855.122547;0.022158;2424.817896;2
1416729.155172;4856675.987069;-3.625;854.641501;0.023365;2298.251234;2
1416729.327586;4856675.806034;-3.625;854.830359;0.024087;2229.859373;2
1416729.5;4856675.625;-3.625;854.630251;0.024929;2154.075853;2
1416729.672414;4856675.443966;-3.625;855.462173;0.025646;2095.820368;2
1416729.844828;4856675.262931;-3.625;853.504247;0.026363;2034.198333;2
1416730.017241;4856675.081897;-3.625;853.804974;0.027203;1972.036493;2
1416730.189655;4856674.900862;-3.625;853.264512;0.027264;1966.415549;2
1416730.362069;4856674.719828;-3.625;851.40399;0.027236;1964.139594;2
1416730.534483;4856674.538793;-3.625;846.896379;0.02675;1989.258769;2
1416730.706897;4856674.357759;-3.625;841.771268;0.026952;1962.390356;2
1416730.87931;4856674.176724;-3.625;837.049815;0.027045;1944.639281;2
1416731.051724;4856673.99569;-3.625;832.268369;0.027575;1896.386219;2
1416731.224138;4856673.814655;-3.625;826.241764;0.028224;1839.382132;2
1416731.396552;4856673.633621;-3.625;821.974592;0.028236;1829.083348;2
1416731.568966;4856673.452586;-3.625;816.694909;0.027914;1838.336297;2
1416731.741379;4856673.271552;-3.625;812.445036;0.026925;1895.939239;2
1416731.913793;4856673.090517;-3.625;806.778548;0.025448;1991.973466;2
1416732.086207;4856672.909483;-3.625;799.966056;0.024369;2062.589512;2
1416732.258621;4856672.728448;-3.625;792.374892;0.022806;2183.026913;2
1416732.431034;4856672.547414;-3.625;786.016824;0.021899;2255.239483;2
1416732.603448;4856672.366379;-3.625;780.001725;0.020561;2383.549029;2
1416732.775862;4856672.185345;-3.625;772.658074;0.019114;2539.840799;2
1416732.948276;4856672.00431;-3.625;764.392656;0.017176;2796.272231;2
1416733.12069;4856671.823276;-3.625;755.389955;0.014982;3167.912954;2
1416733.293103;4856671.642241;-3.625;743.263514;0.013006;3590.588682;1
1416733.465517;4856671.461207;-3.625;729.27363;0.011389;4023.409032;1
1416733.637931;4856671.280172;-3.625;715.266459;0.01003;4480.534084;1
1416712.258621;4856693.728448;-3.875;1095.715229;0.026984;2551.323617;2
1416712.431034;4856693.547414;-3.875;1112.899142;0.026745;2614.517522;2
1416712.603448;4856693.366379;-3.875;1123.978731;0.025371;2783.552876;2
1416712.775862;4856693.185345;-3.875;1142.746045;0.024647;2913.123716;2
1416712.948276;4856693.00431;-3.875;1150.129958;0.024819;2911.617397;3
1416713.12069;4856692.823276;-3.875;1148.997675;0.024973;2890.908879;2
1416713.293103;4856692.642241;-3.875;1147.43095;0.025366;2842.18932;2
1416713.465517;4856692.461207;-3.875;1136.161462;0.024144;2956.774984;2
1416713.637931;4856692.280172;-3.875;1123.966867;0.023958;2947.720986;2
1416713.810345;4856692.099138;-3.875;1117.407202;0.025272;2778.14739;2
1416713.982759;4856691.918103;-3.875;1103.200849;0.026646;2601.369873;2
1416714.155172;4856691.737069;-3.875;1089.870605;0.028093;2437.558077;2
1416714.327586;4856691.556034;-3.875;1075.637576;0.02759;2449.609257;2
1416714.5;4856691.375;-3.875;1059.225873;0.028026;2374.683045;2
1416714.672414;4856691.193966;-3.875;1037.856797;0.028346;2300.553408;2
1416714.844828;4856691.012931;-3.875;1018.254854;0.027877;2295.080376;2
1416715.017241;4856690.831897;-3.875;1008.999172;0.027646;2293.207512;2
1416715.189655;4856690.650862;-3.875;995.551378;0.026933;2322.528055;2
1416715.362069;4856690.469828;-3.875;988.99405;0.026094;2381.439027;2
1416715.534483;4856690.288793;-3.875;982.661656;0.026801;2303.734892;2
1416715.706897;4856690.107759;-3.875;968.580941;0.02585;2354.241209;2
1416715.87931;4856689.926724;-3.875;954.718859;0.026346;2276.853924;2
1416716.051724;4856689.74569;-3.875;945.370372;0.027648;2148.383094;2
1416716.224138;4856689.564655;-3.875;943.995155;0.029471;2012.582772;2
1416716.396552;4856689.383621;-3.875;950.390617;0.034326;1739.619597;2
1416716.568966;4856689.202586;-3.875;958.979385;0.037181;1620.574785;2
1416716.741379;4856689.021552;-3.875;970.217195;0.041297;1476.137305;2
1416716.913793;4856688.840517;-3.875;975.564993;0.041922;1462.153832;2
1416717.086207;4856688.659483;-3.875;988.142763;0.046562;1333.409146;2
1416717.258621;4856688.478448;-3.875;998.423353;0.046469;1349.996369;2
1416717.431034;4856688.297414;-3.875;1011.694018;0.045944;1383.580596;2
1416717.603448;4856688.116379;-3.875;1026.224458;0.044944;1434.65759;2
1416717.775862;4856687.935345;-3.875;1039.991399;0.042608;1533.635524;2
1416717.948276;4856687.75431;-3.875;1051.552067;0.039334;1679.754801;2
1416718.12069;4856687.573276;-3.875;1064.48531;0.036618;1826.541604;2
1416718.293103;4856687.392241;-3.875;1075.061413;0.031174;2166.808627;2
1416718.465517;4856687.211207;-3.875;1081.484174;0.026434;2570.649074;2
1416718.637931;4856687.030172;-3.875;1089.585131;0.023244;2945.347441;2
1416718.810345;4856686.849138;-3.875;1096.735781;0.02445;2818.361378;2
1416718.982759;4856686.668103;-3.875;1094.192527;0.023512;2923.984907;2
1416719.155172;4856686.487069;-3.875;1093.399663;0.027519;2496.489489;2
1416719.327586;4856686.306034;-3.875;1088.730261;0.032191;2125.009222;2
1416719.5;4856686.125;-3.875;1086.216917;0.037818;1804.646513;2
1416719.672414;4856685.943966;-3.875;1084.236294;0.043363;1571.046807;2
1416719.844828;4856685.762931;-3.875;1076.89784;0.049105;1377.943279;2
1416720.017241;4856685.581897;-3.875;1068.149121;0.055242;1214.906471;2
1416720.189655;4856685.400862;-3.875;1060.925842;0.060848;1095.515323;2
1416720.362069;4856685.219828;-3.875;1054.166626;0.066796;991.608878;2
1416720.534483;4856685.038793;-3.875;1050.006765;0.070424;936.808012;2
1416720.706897;4856684.857759;-3.875;1049.545971;0.072352;911.450932;2
1416720.87931;4856684.676724;-3.875;1054.777114;0.072802;910.322679;2
1416721.051724;4856684.49569;-3.875;1058.477604;0.072538;916.838782;2
1416721.224138;4856684.314655;-3.875;1071.192563;0.071532;940.913524;2
1416721.396552;4856684.133621;-3.875;1085.07903;0.069346;983.154955;2
1416721.568966;4856683.952586;-3.875;1104.342162;0.067523;1027.615667;2
1416721.741379;4856683.771552;-3.875;1129.137835;0.064858;1093.856892;2
1416721.913793;4856683.590517;-3.875;1160.634;0.06192;1177.731503;3
1416722.086207;4856683.409483;-3.875;1185.134683;0.059357;1254.523561;3
1416722.258621;4856683.228448;-3.875;1208.002064;0.057226;1326.339652;3
1416722.431034;4856683.047414;-3.875;1227.925108;0.054392;1418.45445;3
1416722.603448;4856682.866379;-3.875;1241.021568;0.051543;1512.829185;3
1416722.775862;4856682.685345;-3.875;1248.95292;0.048079;1632.203905;3
1416722.948276;4856682.50431;-3.875;1255.365182;0.045466;1734.839901;3
1416723.12069;4856682.323276;-3.875;1244.187854;0.04334;1803.750494;3
1416723.293103;4856682.142241;-3.875;1224.680209;0.042457;1812.401669;3
1416723.465517;4856681.961207;-3.875;1206.529912;0.04088;1854.413641;3
1416723.637931;4856681.780172;-3.875;1188.319994;0.0407;1834.485208;3
1416723.810345;4856681.599138;-3.875;1157.671933;0.039685;1832.882527;3
1416723.982759;4856681.418103;-3.875;1128.122885;0.039106;1812.582675;2
1416724.155172;4856681.237069;-3.875;1097.709185;0.037806;1824.332889;2
1416724.327586;4856681.056034;-3.875;1069.391367;0.036637;1833.97452;2
1416724.5;4856680.875;-3.875;1045.447193;0.03551;1849.827811;2
1416724.672414;4856680.693966;-3.875;1024.828098;0.034669;1857.331565;2
1416724.844828;4856680.512931;-3.875;1004.991612;0.033862;1864.808679;2
1416725.017241;4856680.331897;-3.875;988.87278;0.033218;1870.437145;2
1416725.189655;4856680.150862;-3.875;976.23357;0.032153;1907.682265;2
1416725.362069;4856679.969828;-3.875;961.776755;0.031841;1897.852966;2
1416725.534483;4856679.788793;-3.875;947.316125;0.030999;1920.140535;2
1416725.706897;4856679.607759;-3.875;935.557402;0.031878;1843.966751;2
1416725.87931;4856679.426724;-3.875;927.571662;0.031284;1862.942787;2
1416726.051724;4856679.24569;-3.875;919.890076;0.030789;1877.23279;2
1416726.224138;4856679.064655;-3.875;912.707386;0.0302;1898.916604;2
1416726.396552;4856678.883621;-3.875;906.163138;0.029715;1916.051322;2
1416726.568966;4856678.702586;-3.875;899.004876;0.029658;1904.567931;2
1416726.741379;4856678.521552;-3.875;895.892273;0.028662;1963.928249;2
1416726.913793;4856678.340517;-3.875;892.127893;0.027086;2069.495421;2
1416727.086207;4856678.159483;-3.875;889.675364;0.025672;2177.425449;2
1416727.258621;4856677.978448;-3.875;887.905053;0.024239;2301.639016;2
1416727.431034;4856677.797414;-3.875;885.970881;0.022896;2431.283487;2
1416727.603448;4856677.616379;-3.875;884.518863;0.021286;2610.964547;2
1416727.775862;4856677.435345;-3.875;884.836912;0.020461;2717.165283;2
1416727.948276;4856677.25431;-3.875;887.258455;0.01979;2816.972521;2
1416728.12069;4856677.073276;-3.875;888.407505;0.019382;2880.029601;2
1416728.293103;4856676.892241;-3.875;891.132766;0.019059;2937.799341;2
1416728.465517;4856676.711207;-3.875;894.223288;0.018518;3034.153772;2
1416728.637931;4856676.530172;-3.875;895.561808;0.018989;2963.340343;2
1416728.810345;4856676.349138;-3.875;895.915438;0.01931;2915.189078;2
1416728.982759;4856676.168103;-3.875;895.70135;0.019573;2875.368077;2
1416729.155172;4856675.987069;-3.875;894.707263;0.020204;2782.409236;2
1416729.327586;4856675.806034;-3.875;895.548471;0.020801;2705.051283;2
1416729.5;4856675.625;-3.875;896.544867;0.020883;2697.54648;2
1416729.672414;4856675.443966;-3.875;896.854107;0.02157;2612.477237;2
1416729.844828;4856675.262931;-3.875;895.371119;0.0223;2522.822622;2
1416730.017241;4856675.081897;-3.875;896.576153;0.023424;2404.920343;2
1416730.189655;4856674.900862;-3.875;895.18658;0.023287;2415.330265;2
1416730.362069;4856674.719828;-3.875;892.213848;0.023233;2412.906986;2
1416730.534483;4856674.538793;-3.875;886.347508;0.022558;2468.827513;2
1416730.706897;4856674.357759;-3.875;881.003452;0.022497;2460.530968;2
1416730.87931;4856674.176724;-3.875;875.723515;0.023161;2375.69645;2
1416731.051724;4856673.99569;-3.875;871.236305;0.023438;2335.594921;2
1416731.224138;4856673.814655;-3.875;867.077374;0.023413;2326.876398;2
1416731.396552;4856673.633621;-3.875;863.960385;0.023232;2336.64327;2
1416731.568966;4856673.452586;-3.875;858.963259;0.022505;2398.193058;2
1416731.741379;4856673.271552;-3.875;853.907133;0.021257;2523.999392;2
1416731.913793;4856673.090517;-3.875;846.671149;0.01975;2693.604134;2
1416732.086207;4856672.909483;-3.875;838.712154;0.019116;2756.67435;2
1416732.258621;4856672.728448;-3.875;830.847179;0.01879;2778.307287;2
1416732.431034;4856672.547414;-3.875;824.475182;0.018608;2783.964896;2
1416732.603448;4856672.366379;-3.875;817.409926;0.017744;2894.401571;2
1416732.775862;4856672.185345;-3.875;808.612146;0.016076;3160.403748;2
1416732.948276;4856672.00431;-3.875;797.835249;0.014587;3436.568579;2
1416733.12069;4856671.823276;-3.875;785.110255;0.01345;3667.771542;2
1416733.293103;4856671.642241;-3.875;770.285184;0.011871;4076.91328;2
1416733.465517;4856671.461207;-3.875;754.460453;0.010856;4366.664152;2
1416712.603448;4856693.366379;-4.125;1152.895934;0.021173;3421.345843;3
1416712.775862;4856693.185345;-4.125;1173.812273;0.020321;3629.417583;3
1416712.948276;4856693.00431;-4.125;1184.109018;0.020213;3680.850471;3
1416713.12069;4856692.823276;-4.125;1185.6582;0.020165;3694.412595;3
1416713.293103;4856692.642241;-4.125;1188.622853;0.020796;3591.15868;3
1416713.465517;4856692.461207;-4.125;1181.955434;0.019807;3749.476662;3
1416713.637931;4856692.280172;-4.125;1172.401212;0.01922;3832.778892;3
1416713.810345;4856692.099138;-4.125;1168.971894;0.019814;3706.844221;3
1416713.982759;4856691.918103;-4.125;1161.513288;0.020069;3636.420759;3
1416714.155172;4856691.737069;-4.125;1151.166293;0.020836;3471.329018;3
1416714.327586;4856691.556034;-4.125;1134.921532;0.020194;3531.121863;2
1416714.5;4856691.375;-4.125;1115.286151;0.020504;3417.675606;2
1416714.672414;4856691.193966;-4.125;1095.507961;0.020726;3321.053376;2
1416714.844828;4856691.012931;-4.125;1078.163166;0.020469;3309.602715;2
1416715.017241;4856690.831897;-4.125;1070.775425;0.020527;3277.563237;2
1416715.189655;4856690.650862;-4.125;1061.411885;0.019823;3364.302773;2
1416715.362069;4856690.469828;-4.125;1055.528034;0.019132;3466.542726;2
1416715.534483;4856690.288793;-4.125;1053.563752;0.020749;3190.445891;2
1416715.706897;4856690.107759;-4.125;1042.300316;0.020669;3168.421184;2
1416715.87931;4856689.926724;-4.125;1030.516788;0.022018;2940.791315;2
1416716.051724;4856689.74569;-4.125;1018.980243;0.023646;2707.676328;2
1416716.224138;4856689.564655;-4.125;1012.903341;0.024941;2551.675807;2
1416716.396552;4856689.383621;-4.125;1014.8265;0.028874;2208.309166;2
1416716.568966;4856689.202586;-4.125;1022.409763;0.032064;2003.471732;2
1416716.741379;4856689.021552;-4.125;1031.627769;0.036366;1782.426809;2
1416716.913793;4856688.840517;-4.125;1036.338428;0.036194;1799.075927;2
1416717.086207;4856688.659483;-4.125;1044.616143;0.035994;1823.478833;2
1416717.258621;4856688.478448;-4.125;1051.68974;0.035746;1848.611249;2
1416717.431034;4856688.297414;-4.125;1059.348136;0.03481;1912.099443;2
1416717.603448;4856688.116379;-4.125;1068.472017;0.033376;2011.427069;2
1416717.775862;4856687.935345;-4.125;1075.10944;0.030909;2185.506426;2
1416717.948276;4856687.75431;-4.125;1082.873255;0.028109;2420.57463;2
1416718.12069;4856687.573276;-4.125;1093.247585;0.026021;2639.822;2
1416718.293103;4856687.392241;-4.125;1103.982906;0.021571;3215.687441;2
1416718.465517;4856687.211207;-4.125;1110.214446;0.017461;3994.933946;2
1416718.637931;4856687.030172;-4.125;1119.935014;0.014014;5021.239286;2
1416718.810345;4856686.849138;-4.125;1129.343501;0.014798;4795.159524;2
1416718.982759;4856686.668103;-4.125;1129.745096;0.017352;4090.831546;2
1416719.155172;4856686.487069;-4.125;1132.723735;0.021175;3361.015017;2
1416719.327586;4856686.306034;-4.125;1132.421692;0.025714;2767.085146;2
1416719.5;4856686.125;-4.125;1133.953346;0.03143;2266.888165;2
1416719.672414;4856685.943966;-4.125;1141.180833;0.036551;1961.685602;2
1416719.844828;4856685.762931;-4.125;1142.462153;0.041606;1725.316779;2
1416720.017241;4856685.581897;-4.125;1140.913327;0.047275;1516.362912;2
1416720.189655;4856685.400862;-4.125;1138.308793;0.052914;1351.67039;2
1416720.362069;4856685.219828;-4.125;1136.229889;0.058535;1219.636562;2
1416720.534483;4856685.038793;-4.125;1139.889939;0.062509;1145.785629;2
1416720.706897;4856684.857759;-4.125;1146.381607;0.066309;1086.261656;2
1416720.87931;4856684.676724;-4.125;1158.349536;0.068762;1058.446662;3
1416721.051724;4856684.49569;-4.125;1170.038668;0.069401;1059.292003;3
1416721.224138;4856684.314655;-4.125;1191.384934;0.068979;1085.217625;3
1416721.396552;4856684.133621;-4.125;1216.367402;0.067689;1129.088264;3
1416721.568966;4856683.952586;-4.125;1237.562782;0.066061;1177.060463;3
1416721.741379;4856683.771552;-4.125;1270.442143;0.064216;1243.060575;3
1416721.913793;4856683.590517;-4.125;1307.958824;0.062211;1321.018399;3
1416722.086207;4856683.409483;-4.125;1331.150524;0.059212;1412.53934;3
1416722.258621;4856683.228448;-4.125;1354.725269;0.05691;1495.684144;3
1416722.431034;4856683.047414;-4.125;1366.493596;0.054164;1585.170558;3
1416722.603448;4856682.866379;-4.125;1369.051453;0.050849;1691.667091;3
1416722.775862;4856682.685345;-4.125;1366.88029;0.047239;1818.050703;3
1416722.948276;4856682.50431;-4.125;1365.681071;0.043405;1976.921297;3
1416723.12069;4856682.323276;-4.125;1346.561408;0.040242;2102.450851;3
1416723.293103;4856682.142241;-4.125;1319.242658;0.037888;2187.802521;3
1416723.465517;4856681.961207;-4.125;1295.352595;0.03623;2246.483592;3
1416723.637931;4856681.780172;-4.125;1264.121684;0.034653;2292.043103;3
1416723.810345;4856681.599138;-4.125;1224.083293;0.032697;2352.281211;3
1416723.982759;4856681.418103;-4.125;1192.747712;0.032115;2333.571515;3
1416724.155172;4856681.237069;-4.125;1159.869272;0.030528;2387.236685;3
1416724.327586;4856681.056034;-4.125;1131.315153;0.02984;2382.087668;2
1416724.5;4856680.875;-4.125;1106.832214;0.029497;2357.68647;2
1416724.672414;4856680.693966;-4.125;1083.37488;0.029075;2341.218179;2
1416724.844828;4856680.512931;-4.125;1061.646531;0.029205;2284.03759;2
1416725.017241;4856680.331897;-4.125;1043.318544;0.029412;2228.789345;2
1416725.189655;4856680.150862;-4.125;1025.852192;0.02924;2204.350184;2
1416725.362069;4856679.969828;-4.125;1010.840525;0.029307;2167.174889;2
1416725.534483;4856679.788793;-4.125;997.032967;0.029609;2115.782273;2
1416725.706897;4856679.607759;-4.125;986.024933;0.030074;2060.012939;2
1416725.87931;4856679.426724;-4.125;978.224147;0.029028;2117.366767;2
1416726.051724;4856679.24569;-4.125;969.242306;0.028669;2124.203747;2
1416726.224138;4856679.064655;-4.125;960.140935;0.028049;2150.823582;2
1416726.396552;4856678.883621;-4.125;952.848955;0.027212;2200.090303;2
1416726.568966;4856678.702586;-4.125;946.43217;0.026659;2230.598392;2
1416726.741379;4856678.521552;-4.125;941.067403;0.025699;2300.818537;2
1416726.913793;4856678.340517;-4.125;934.556685;0.024308;2415.688835;2
1416727.086207;4856678.159483;-4.125;932.552382;0.022901;2558.53248;2
1416727.258621;4856677.978448;-4.125;931.518598;0.021839;2680.078601;2
1416727.431034;4856677.797414;-4.125;931.020703;0.020876;2802.124016;2
1416727.603448;4856677.616379;-4.125;929.694718;0.019719;2962.287883;2
1416727.775862;4856677.435345;-4.125;930.354893;0.01952;2994.596749;2
1416727.948276;4856677.25431;-4.125;932.469073;0.018919;3096.798825;2
1416728.12069;4856677.073276;-4.125;935.198655;0.017963;3271.138859;2
1416728.293103;4856676.892241;-4.125;937.011755;0.017242;3414.586892;2
1416728.465517;4856676.711207;-4.125;938.599977;0.016358;3605.116265;2
1416728.637931;4856676.530172;-4.125;940.653713;0.016023;3688.687051;2
1416728.810345;4856676.349138;-4.125;941.660379;0.015933;3713.478668;2
1416728.982759;4856676.168103;-4.125;940.84786;0.015766;3749.643531;2
1416729.155172;4856675.987069;-4.125;937.743848;0.015361;3835.654522;2
1416729.327586;4856675.806034;-4.125;936.678366;0.015433;3813.437726;2
1416729.5;4856675.625;-4.125;937.468069;0.01573;3744.539365;2
1416729.672414;4856675.443966;-4.125;938.459408;0.016041;3675.954801;2
1416729.844828;4856675.262931;-4.125;938.276284;0.016566;3558.656298;2
1416730.017241;4856675.081897;-4.125;938.599969;0.017344;3400.192905;2
1416730.189655;4856674.900862;-4.125;937.428708;0.01762;3342.787795;2
1416730.362069;4856674.719828;-4.125;934.46978;0.017868;3285.939745;2
1416730.534483;4856674.538793;-4.125;928.721629;0.01792;3256.29778;2
1416730.706897;4856674.357759;-4.125;923.510884;0.018295;3171.619038;2
1416730.87931;4856674.176724;-4.125;917.987998;0.019316;2986.09661;2
1416731.051724;4856673.99569;-4.125;915.021849;0.020299;2832.319311;2
1416731.224138;4856673.814655;-4.125;911.355824;0.020244;2828.566517;2
1416731.396552;4856673.633621;-4.125;907.903422;0.019785;2883.226793;2
1416731.568966;4856673.452586;-4.125;901.762292;0.019461;2911.465399;2
1416731.741379;4856673.271552;-4.125;895.147633;0.019006;2959.315366;2
1416731.913793;4856673.090517;-4.125;886.890237;0.01849;3013.83779;2
1416732.086207;4856672.909483;-4.125;878.182898;0.018044;3058.034685;2
1416732.258621;4856672.728448;-4.125;869.521018;0.017792;3070.627965;2
1416732.431034;4856672.547414;-4.125;861.231121;0.017762;3046.616799;2
1416732.603448;4856672.366379;-4.125;852.515273;0.01699;3152.666328;2
1416732.775862;4856672.185345;-4.125;841.243748;0.015435;3424.48155;2
1416732.948276;4856672.00431;-4.125;827.279584;0.014171;3667.982641;2
1416733.12069;4856671.823276;-4.125;812.342173;0.013446;3795.893502;2
1416733.293103;4856671.642241;-4.125;795.53666;0.012279;4070.651417;2
1416712.948276;4856693.00431;-4.375;1201.227483;0.017305;4361.411113;3
1416713.12069;4856692.823276;-4.375;1204.334731;0.017136;4415.900863;3
1416713.293103;4856692.642241;-4.375;1208.553957;0.017477;4344.878891;3
1416713.465517;4856692.461207;-4.375;1204.815213;0.016549;4574.347881;3
1416713.637931;4856692.280172;-4.375;1196.772411;0.015735;4779.006322;3
1416713.810345;4856692.099138;-4.375;1198.003294;0.016335;4607.959101;3
1416713.982759;4856691.918103;-4.375;1195.29102;0.016351;4592.995786;3
1416714.155172;4856691.737069;-4.375;1192.156652;0.016382;4572.380333;3
1416714.327586;4856691.556034;-4.375;1180.899483;0.015192;4883.987093;3
1416714.5;4856691.375;-4.375;1167.505087;0.015641;4689.974265;3
1416714.672414;4856691.193966;-4.375;1149.330485;0.015724;4592.545976;2
1416714.844828;4856691.012931;-4.375;1138.694845;0.016075;4450.848066;2
1416715.017241;4856690.831897;-4.375;1132.524821;0.016164;4402.31493;2
1416715.189655;4856690.650862;-4.375;1125.039197;0.015796;4475.202539;2
1416715.362069;4856690.469828;-4.375;1120.924244;0.015246;4619.485746;2
1416715.534483;4856690.288793;-4.375;1121.645916;0.017135;4112.877;2
1416715.706897;4856690.107759;-4.375;1109.668804;0.017167;4061.456498;2
1416715.87931;4856689.926724;-4.375;1100.124132;0.019024;3633.476669;2
1416716.051724;4856689.74569;-4.375;1090.300886;0.021113;3244.726397;2
1416716.224138;4856689.564655;-4.375;1086.046671;0.022696;3006.685507;2
1416716.396552;4856689.383621;-4.375;1082.774733;0.026128;2603.795274;2
1416716.568966;4856689.202586;-4.375;1084.153316;0.028593;2382.351236;2
1416716.741379;4856689.021552;-4.375;1085.853857;0.032185;2119.795873;2
1416716.913793;4856688.840517;-4.375;1089.573067;0.032072;2134.545153;2
1416717.086207;4856688.659483;-4.375;1097.391642;0.032342;2131.919573;2
1416717.258621;4856688.478448;-4.375;1102.384268;0.032433;2135.635054;2
1416717.431034;4856688.297414;-4.375;1102.658777;0.031502;2199.274337;2
1416717.603448;4856688.116379;-4.375;1106.679557;0.03047;2282.079764;2
1416717.775862;4856687.935345;-4.375;1111.729072;0.0282;2476.984084;2
1416717.948276;4856687.75431;-4.375;1114.059748;0.025591;2735.280845;2
1416718.12069;4856687.573276;-4.375;1120.454462;0.023759;2963.082189;2
1416718.293103;4856687.392241;-4.375;1130.436601;0.019802;3586.833672;2
1416718.465517;4856687.211207;-4.375;1135.976033;0.016276;4385.304949;2
1416718.637931;4856687.030172;-4.375;1147.658242;0.012897;5591.046701;2
1416718.810345;4856686.849138;-4.375;1160.195993;0.013414;5434.586143;3
1416718.982759;4856686.668103;-4.375;1164.788243;0.01421;5150.218671;3
1416719.155172;4856686.487069;-4.375;1169.739682;0.017392;4225.806672;3
1416719.327586;4856686.306034;-4.375;1178.320607;0.021436;3453.772251;3
1416719.5;4856686.125;-4.375;1187.914967;0.02619;2849.946302;3
1416719.672414;4856685.943966;-4.375;1196.363299;0.03099;2425.607966;3
1416719.844828;4856685.762931;-4.375;1206.316364;0.035396;2141.350264;3
1416720.017241;4856685.581897;-4.375;1211.026366;0.039867;1908.614605;3
1416720.189655;4856685.400862;-4.375;1216.62274;0.044736;1708.767232;3
1416720.362069;4856685.219828;-4.375;1224.661947;0.049716;1547.740696;3
1416720.534483;4856685.038793;-4.375;1237.984613;0.053753;1447.083847;3
1416720.706897;4856684.857759;-4.375;1253.471068;0.057748;1363.817311;3
1416720.87931;4856684.676724;-4.375;1272.95571;0.06139;1302.847823;3
1416721.051724;4856684.49569;-4.375;1295.009741;0.06245;1302.937423;3
1416721.224138;4856684.314655;-4.375;1324.166926;0.062594;1329.199931;3
1416721.396552;4856684.133621;-4.375;1354.861554;0.06179;1377.705119;3
1416721.568966;4856683.952586;-4.375;1382.301776;0.060439;1437.029122;3
1416721.741379;4856683.771552;-4.375;1414.891476;0.058774;1512.580519;3
1416721.913793;4856683.590517;-4.375;1453.776262;0.057318;1593.61448;3
1416722.086207;4856683.409483;-4.375;1473.334763;0.054396;1701.834483;3
1416722.258621;4856683.228448;-4.375;1490.477394;0.052178;1794.823297;3
1416722.431034;4856683.047414;-4.375;1491.629858;0.049004;1912.530683;3
1416722.603448;4856682.866379;-4.375;1482.65915;0.046083;2021.522958;3
1416722.775862;4856682.685345;-4.375;1469.789355;0.042663;2164.624605;3
1416722.948276;4856682.50431;-4.375;1460.611195;0.038972;2354.864867;3
1416723.12069;4856682.323276;-4.375;1434.528181;0.035292;2553.973902;3
1416723.293103;4856682.142241;-4.375;1402.759869;0.032521;2710.146919;3
1416723.465517;4856681.961207;-4.375;1371.076007;0.029728;2897.873291;3
1416723.637931;4856681.780172;-4.375;1334.223288;0.028177;2975.132985;3
1416723.810345;4856681.599138;-4.375;1290.99662;0.026031;3116.066696;3
1416723.982759;4856681.418103;-4.375;1256.887684;0.025345;3115.958811;3
1416724.155172;4856681.237069;-4.375;1221.057519;0.024251;3163.604449;3
1416724.327586;4856681.056034;-4.375;1191.352837;0.024543;3049.994645;3
1416724.5;4856680.875;-4.375;1162.083331;0.024145;3024.074483;3
1416724.672414;4856680.693966;-4.375;1133.150792;0.0239;2979.048329;2
1416724.844828;4856680.512931;-4.375;1105.684731;0.024131;2878.930586;2
1416725.017241;4856680.331897;-4.375;1083.702462;0.025511;2669.057218;2
1416725.189655;4856680.150862;-4.375;1063.77649;0.026305;2540.906824;2
1416725.362069;4856679.969828;-4.375;1046.353964;0.026886;2445.258477;2
1416725.534483;4856679.788793;-4.375;1030.996318;0.026912;2407.084;2
1416725.706897;4856679.607759;-4.375;1016.56751;0.027475;2324.800254;2
1416725.87931;4856679.426724;-4.375;1004.888784;0.027433;2301.598414;2
1416726.051724;4856679.24569;-4.375;993.988593;0.027316;2286.325906;2
1416726.224138;4856679.064655;-4.375;983.608083;0.026721;2312.866282;2
1416726.396552;4856678.883621;-4.375;975.054482;0.026213;2337.137766;2
1416726.568966;4856678.702586;-4.375;966.708031;0.026025;2333.919755;2
1416726.741379;4856678.521552;-4.375;959.220295;0.025241;2387.783482;2
1416726.913793;4856678.340517;-4.375;953.040125;0.023747;2521.648452;2
1416727.086207;4856678.159483;-4.375;950.501128;0.022515;2652.494218;2
1416727.258621;4856677.978448;-4.375;949.608655;0.022046;2706.438807;2
1416727.431034;4856677.797414;-4.375;949.49843;0.021546;2768.892015;2
1416727.603448;4856677.616379;-4.375;948.568084;0.02093;2847.558181;2
1416727.775862;4856677.435345;-4.375;950.542314;0.020186;2958.700965;2
1416727.948276;4856677.25431;-4.375;955.708472;0.019467;3084.65396;2
1416728.12069;4856677.073276;-4.375;960.490207;0.018501;3261.977529;2
1416728.293103;4856676.892241;-4.375;964.839038;0.017723;3420.577232;2
1416728.465517;4856676.711207;-4.375;969.9239;0.016677;3654.316289;2
1416728.637931;4856676.530172;-4.375;975.655214;0.01605;3819.366491;2
1416728.810345;4856676.349138;-4.375;978.519376;0.015685;3919.833364;2
1416728.982759;4856676.168103;-4.375;979.356728;0.015271;4029.622634;2
1416729.155172;4856675.987069;-4.375;978.738372;0.014799;4155.495965;2
1416729.327586;4856675.806034;-4.375;980.058842;0.015015;4101.10714;2
1416729.5;4856675.625;-4.375;983.043348;0.01498;4123.239503;2
1416729.672414;4856675.443966;-4.375;985.953645;0.015108;4100.4623;2
1416729.844828;4856675.262931;-4.375;984.518317;0.015212;4066.365362;2
1416730.017241;4856675.081897;-4.375;982.288497;0.015735;3922.406815;2
1416730.189655;4856674.900862;-4.375;979.427538;0.015742;3909.250551;2
1416730.362069;4856674.719828;-4.375;975.570995;0.015985;3834.589263;2
1416730.534483;4856674.538793;-4.375;969.546799;0.016397;3715.292881;2
1416730.706897;4856674.357759;-4.375;963.672114;0.017269;3506.269854;2
1416730.87931;4856674.176724;-4.375;959.247459;0.017407;3462.546291;2
1416731.051724;4856673.99569;-4.375;955.677428;0.018048;3327.065441;2
1416731.224138;4856673.814655;-4.375;951.60559;0.017739;3370.559683;2
1416731.396552;4856673.633621;-4.375;947.074829;0.017437;3412.603037;2
1416731.568966;4856673.452586;-4.375;939.718873;0.017299;3413.095174;2
1416731.741379;4856673.271552;-4.375;932.257058;0.017033;3439.031055;2
1416731.913793;4856673.090517;-4.375;924.626212;0.016605;3498.632066;2
1416732.086207;4856672.909483;-4.375;916.081675;0.016354;3519.470585;2
1416732.258621;4856672.728448;-4.375;906.700225;0.016095;3539.692414;2
1416732.431034;4856672.547414;-4.375;896.660179;0.015608;3609.537042;2
1416732.603448;4856672.366379;-4.375;885.761077;0.014313;3888.356351;2
1416732.775862;4856672.185345;-4.375;870.801912;0.013926;3929.025646;2
1416732.948276;4856672.00431;-4.375;854.388851;0.013054;4112.352302;2
1416713.293103;4856692.642241;-4.625;1231.158812;0.013002;5949.573953;3
1416713.465517;4856692.461207;-4.625;1230.694898;0.013911;5558.572911;3
1416713.637931;4856692.280172;-4.625;1227.397023;0.013546;5693.313143;3
1416713.810345;4856692.099138;-4.625;1230.96544;0.014042;5508.175067;3
1416713.982759;4856691.918103;-4.625;1231.728715;0.01396;5543.864003;3
1416714.155172;4856691.737069;-4.625;1232.930696;0.013938;5558.045704;3
1416714.327586;4856691.556034;-4.625;1228.152016;0.012336;6255.520401;3
1416714.5;4856691.375;-4.625;1220.269627;0.012327;6219.879562;3
1416714.672414;4856691.193966;-4.625;1210.360674;0.013047;5828.945287;3
1416714.844828;4856691.012931;-4.625;1194.943425;0.013362;5619.003944;3
1416715.017241;4856690.831897;-4.625;1186.540106;0.0133;5605.653467;3
1416715.189655;4856690.650862;-4.625;1183.738864;0.013245;5615.396484;3
1416715.362069;4856690.469828;-4.625;1180.682379;0.012335;6013.933895;3
1416715.534483;4856690.288793;-4.625;1178.422914;0.013923;5318.11221;3
1416715.706897;4856690.107759;-4.625;1166.540663;0.014006;5233.182162;3
1416715.87931;4856689.926724;-4.625;1156.580682;0.015809;4596.671433;3
1416716.051724;4856689.74569;-4.625;1144.894154;0.017744;4054.050376;2
1416716.224138;4856689.564655;-4.625;1139.096407;0.0192;3727.608557;2
1416716.396552;4856689.383621;-4.625;1138.127803;0.022783;3138.799344;2
1416716.568966;4856689.202586;-4.625;1139.820965;0.02413;2968.005451;2
1416716.741379;4856689.021552;-4.625;1140.374521;0.024035;2981.135197;2
1416716.913793;4856688.840517;-4.625;1138.819379;0.023721;3016.481047;2
1416717.086207;4856688.659483;-4.625;1143.532225;0.023758;3024.293939;2
1416717.258621;4856688.478448;-4.625;1146.935967;0.024489;2942.756492;2
1416717.431034;4856688.297414;-4.625;1149.021448;0.023986;3009.840811;2
1416717.603448;4856688.116379;-4.625;1152.68042;0.023585;3070.85944;3
1416717.775862;4856687.935345;-4.625;1156.982014;0.021977;3307.80323;3
1416717.948276;4856687.75431;-4.625;1163.105587;0.020017;3650.86901;3
1416718.12069;4856687.573276;-4.625;1169.373717;0.018564;3957.832359;3
1416718.293103;4856687.392241;-4.625;1174.150026;0.01499;4921.516177;3
1416718.465517;4856687.211207;-4.625;1178.04497;0.013052;5671.196614;3
1416718.637931;4856687.030172;-4.625;1186.2332;0.012859;5796.069754;3
1416718.810345;4856686.849138;-4.625;1198.323533;0.012875;5847.830801;3
1416718.982759;4856686.668103;-4.625;1204.829651;0.01349;5611.843961;3
1416719.155172;4856686.487069;-4.625;1217.03914;0.014858;5146.710883;3
1416719.327586;4856686.306034;-4.625;1227.992601;0.018044;4275.975344;3
1416719.5;4856686.125;-4.625;1242.389415;0.021625;3609.846862;3
1416719.672414;4856685.943966;-4.625;1258.395095;0.025492;3101.711473;3
1416719.844828;4856685.762931;-4.625;1270.763514;0.029261;2728.703669;3
1416720.017241;4856685.581897;-4.625;1280.407807;0.03288;2446.82525;3
1416720.189655;4856685.400862;-4.625;1293.469996;0.036601;2220.472606;3
1416720.362069;4856685.219828;-4.625;1309.506212;0.040513;2030.924641;3
1416720.534483;4856685.038793;-4.625;1332.295286;0.044096;1898.361591;3
1416720.706897;4856684.857759;-4.625;1358.734681;0.048012;1778.140641;3
1416720.87931;4856684.676724;-4.625;1390.825313;0.051197;1706.910382;3
1416721.051724;4856684.49569;-4.625;1419.20731;0.052912;1685.27064;3
1416721.224138;4856684.314655;-4.625;1453.911323;0.052969;1724.634637;3
1416721.396552;4856684.133621;-4.625;1488.038623;0.052806;1770.553827;3
1416721.568966;4856683.952586;-4.625;1520.226643;0.052181;1830.530828;3
1416721.741379;4856683.771552;-4.625;1556.441607;0.050893;1921.56048;3
1416721.913793;4856683.590517;-4.625;1593.235487;0.049672;2015.343346;3
1416722.086207;4856683.409483;-4.625;1611.723281;0.047179;2146.47455;3
1416722.258621;4856683.228448;-4.625;1622.697164;0.04506;2262.703569;3
1416722.431034;4856683.047414;-4.625;1616.806007;0.042757;2375.892451;3
1416722.603448;4856682.866379;-4.625;1594.502187;0.040012;2503.917106;3
1416722.775862;4856682.685345;-4.625;1561.556307;0.037022;2650.199884;3
1416722.948276;4856682.50431;-4.625;1538.818955;0.03422;2825.41806;3
1416723.12069;4856682.323276;-4.625;1506.637861;0.031011;3052.634835;3
1416723.293103;4856682.142241;-4.625;1467.799399;0.027757;3322.559306;3
1416723.465517;4856681.961207;-4.625;1426.471916;0.024596;3643.998803;3
1416723.637931;4856681.780172;-4.625;1385.884122;0.022304;3904.168844;3
1416723.810345;4856681.599138;-4.625;1344.945654;0.020206;4182.144822;3
1416723.982759;4856681.418103;-4.625;1308.102578;0.019993;4111.033431;3
1416724.155172;4856681.237069;-4.625;1270.838876;0.019469;4101.330099;3
1416724.327586;4856681.056034;-4.625;1236.806473;0.01892;4107.24384;3
1416724.5;4856680.875;-4.625;1204.401764;0.018632;4061.572574;3
1416724.672414;4856680.693966;-4.625;1174.581584;0.018535;3981.73502;3
1416724.844828;4856680.512931;-4.625;1144.797192;0.01876;3834.211717;2
1416725.017241;4856680.331897;-4.625;1119.715876;0.01959;3591.341445;2
1416725.189655;4856680.150862;-4.625;1097.032956;0.020851;3305.804253;2
1416725.362069;4856679.969828;-4.625;1077.605641;0.021896;3092.19485;2
1416725.534483;4856679.788793;-4.625;1058.621288;0.022787;2918.934937;2
1416725.706897;4856679.607759;-4.625;1040.701843;0.024199;2702.192793;2
1416725.87931;4856679.426724;-4.625;1026.025555;0.024385;2643.681749;2
1416726.051724;4856679.24569;-4.625;1013.063319;0.02463;2584.386206;2
1416726.224138;4856679.064655;-4.625;1000.653747;0.024677;2547.873055;2
1416726.396552;4856678.883621;-4.625;990.375901;0.024547;2535.069823;2
1416726.568966;4856678.702586;-4.625;980.781243;0.02477;2487.90733;2
1416726.741379;4856678.521552;-4.625;971.861951;0.024373;2505.363701;2
1416726.913793;4856678.340517;-4.625;964.72842;0.023876;2538.718333;2
1416727.086207;4856678.159483;-4.625;961.667397;0.023042;2622.30183;2
1416727.258621;4856677.978448;-4.625;960.143772;0.022293;2706.124594;2
1416727.431034;4856677.797414;-4.625;959.488605;0.021704;2777.698496;2
1416727.603448;4856677.616379;-4.625;958.430449;0.020843;2889.21515;2
1416727.775862;4856677.435345;-4.625;962.318494;0.019895;3039.228344;2
1416727.948276;4856677.25431;-4.625;968.310738;0.01878;3239.739927;2
1416728.12069;4856677.073276;-4.625;973.444395;0.017646;3466.038056;2
1416728.293103;4856676.892241;-4.625;979.25607;0.016937;3632.735791;2
1416728.465517;4856676.711207;-4.625;985.930433;0.015781;3925.525496;2
1416728.637931;4856676.530172;-4.625;994.33965;0.014911;4190.049432;2
1416728.810345;4856676.349138;-4.625;1000.038699;0.014259;4406.589786;2
1416728.982759;4856676.168103;-4.625;1003.792245;0.013609;4634.411953;2
1416729.155172;4856675.987069;-4.625;1007.413803;0.013312;4754.896352;2
1416729.327586;4856675.806034;-4.625;1012.607296;0.013277;4792.144744;2
1416729.5;4856675.625;-4.625;1017.488593;0.013036;4904.211952;2
1416729.672414;4856675.443966;-4.625;1017.185686;0.013258;4820.623624;2
1416729.844828;4856675.262931;-4.625;1014.880462;0.013631;4677.947728;2
1416730.017241;4856675.081897;-4.625;1013.606748;0.0146;4362.095988;2
1416730.189655;4856674.900862;-4.625;1011.207345;0.015022;4229.403375;2
1416730.362069;4856674.719828;-4.625;1009.494135;0.015189;4175.927109;2
1416730.534483;4856674.538793;-4.625;1003.840053;0.015744;4006.117917;2
1416730.706897;4856674.357759;-4.625;1000.294587;0.016065;3912.178467;2
1416730.87931;4856674.176724;-4.625;997.312305;0.01612;3887.368388;2
1416731.051724;4856673.99569;-4.625;993.396718;0.016767;3722.504765;2
1416731.224138;4856673.814655;-4.625;987.654291;0.016587;3741.145164;2
1416731.396552;4856673.633621;-4.625;983.165383;0.016452;3754.828071;2
1416731.568966;4856673.452586;-4.625;977.980982;0.016103;3815.855393;2
1416731.741379;4856673.271552;-4.625;971.046868;0.015728;3879.236692;2
1416731.913793;4856673.090517;-4.625;963.186339;0.015042;4023.375185;2
1416732.086207;4856672.909483;-4.625;953.367779;0.014241;4206.263451;2
1416732.258621;4856672.728448;-4.625;941.109743;0.013953;4238.002813;2
1416732.431034;4856672.547414;-4.625;929.14672;0.013594;4294.488216;2
1416732.603448;4856672.366379;-4.625;915.011524;0.013035;4410.58687;2
1416732.775862;4856672.185345;-4.625;897.486241;0.012937;4358.808559;2
1416713.810345;4856692.099138;-4.875;1269.341206;0.01354;5890.21944;3
1416713.982759;4856691.918103;-4.875;1272.979154;0.013524;5914.017095;3
1416714.155172;4856691.737069;-4.875;1277.370445;0.013652;5878.989419;3
1416714.327586;4856691.556034;-4.875;1275.680189;0.012076;6637.453926;3
1416714.5;4856691.375;-4.875;1270.164448;0.01197;6667.043553;3
1416714.672414;4856691.193966;-4.875;1264.89953;0.012435;6391.241784;3
1416714.844828;4856691.012931;-4.875;1256.763897;0.0125;6317.049129;3
1416715.017241;4856690.831897;-4.875;1247.613456;0.012171;6440.850947;3
1416715.189655;4856690.650862;-4.875;1232.781384;0.011828;6548.756761;3
1416715.362069;4856690.469828;-4.875;1219.442945;0.01099;6971.654421;3
1416715.534483;4856690.288793;-4.875;1217.135469;0.012251;6242.292082;3
1416715.706897;4856690.107759;-4.875;1207.672552;0.012215;6212.148094;3
1416715.87931;4856689.926724;-4.875;1199.262124;0.014358;5248.133099;3
1416716.051724;4856689.74569;-4.875;1191.292807;0.016524;4529.863488;3
1416716.224138;4856689.564655;-4.875;1189.452956;0.016742;4463.905731;3
1416716.396552;4856689.383621;-4.875;1192.451543;0.017268;4338.92777;3
1416716.568966;4856689.202586;-4.875;1195.329116;0.017749;4231.403962;3
1416716.741379;4856689.021552;-4.875;1195.363536;0.018224;4121.221806;3
1416716.913793;4856688.840517;-4.875;1193.801467;0.018506;4053.318511;3
1416717.086207;4856688.659483;-4.875;1197.560877;0.018738;4015.708083;3
1416717.258621;4856688.478448;-4.875;1198.386455;0.019306;3900.264191;3
1416717.431034;4856688.297414;-4.875;1199.595466;0.019066;3953.256695;3
1416717.603448;4856688.116379;-4.875;1199.268325;0.01876;4016.7248;3
1416717.775862;4856687.935345;-4.875;1200.852517;0.017212;4383.586449;3
1416717.948276;4856687.75431;-4.875;1202.150686;0.015207;4967.069547;3
1416718.12069;4856687.573276;-4.875;1205.046989;0.015046;5032.164352;3
1416718.293103;4856687.392241;-4.875;1206.707044;0.014535;5216.456391;3
1416718.465517;4856687.211207;-4.875;1208.699916;0.013817;5496.392709;3
1416718.637931;4856687.030172;-4.875;1217.406465;0.013387;5713.718089;3
1416718.810345;4856686.849138;-4.875;1230.125379;0.012532;6167.435952;3
1416718.982759;4856686.668103;-4.875;1241.920927;0.012465;6260.345915;3
1416719.155172;4856686.487069;-4.875;1260.989805;0.012511;6332.995878;3
1416719.327586;4856686.306034;-4.875;1279.458017;0.013818;5817.681052;3
1416719.5;4856686.125;-4.875;1297.540107;0.016579;4917.431808;3
1416719.672414;4856685.943966;-4.875;1321.359322;0.019403;4278.877866;3
1416719.844828;4856685.762931;-4.875;1343.720786;0.022385;3771.697626;3
1416720.017241;4856685.581897;-4.875;1360.379835;0.025648;3332.59574;3
1416720.189655;4856685.400862;-4.875;1379.381156;0.028833;3005.884028;3
1416720.362069;4856685.219828;-4.875;1407.577596;0.031989;2764.714738;3
1416720.534483;4856685.038793;-4.875;1443.525376;0.034854;2602.283074;3
1416720.706897;4856684.857759;-4.875;1478.346991;0.038325;2423.66333;3
1416720.87931;4856684.676724;-4.875;1513.960125;0.041317;2302.303829;3
1416721.051724;4856684.49569;-4.875;1548.912486;0.04337;2243.955035;3
1416721.224138;4856684.314655;-4.875;1589.872435;0.044237;2258.167482;3
1416721.396552;4856684.133621;-4.875;1633.445422;0.043665;2350.433106;3
1416721.568966;4856683.952586;-4.875;1660.202892;0.043241;2412.401534;3
1416721.741379;4856683.771552;-4.875;1689.88992;0.042161;2518.436049;3
1416721.913793;4856683.590517;-4.875;1719.893508;0.040656;2658.042792;3
1416722.086207;4856683.409483;-4.875;1733.647643;0.038027;2864.475239;3
1416722.258621;4856683.228448;-4.875;1732.73549;0.03647;2985.212952;3
1416722.431034;4856683.047414;-4.875;1711.903911;0.034893;3082.657079;3
1416722.603448;4856682.866379;-4.875;1679.390637;0.032729;3224.024537;3
1416722.775862;4856682.685345;-4.875;1641.188767;0.030155;3419.576649;3
1416722.948276;4856682.50431;-4.875;1602.624795;0.027566;3652.945982;3
1416723.12069;4856682.323276;-4.875;1556.363007;0.024706;3958.055049;3
1416723.293103;4856682.142241;-4.875;1508.728957;0.022234;4263.527587;3
1416723.465517;4856681.961207;-4.875;1469.363121;0.019325;4777.477197;3
1416723.637931;4856681.780172;-4.875;1428.924724;0.017455;5143.683106;3
1416723.810345;4856681.599138;-4.875;1389.726331;0.016022;5449.787506;3
1416723.982759;4856681.418103;-4.875;1354.549619;0.015859;5366.608633;3
1416724.155172;4856681.237069;-4.875;1315.398588;0.014936;5533.378227;3
1416724.327586;4856681.056034;-4.875;1278.017531;0.014151;5674.503464;3
1416724.5;4856680.875;-4.875;1241.867044;0.014179;5503.284689;3
1416724.672414;4856680.693966;-4.875;1208.296331;0.014487;5240.572282;3
1416724.844828;4856680.512931;-4.875;1178.875938;0.01541;4806.710058;3
1416725.017241;4856680.331897;-4.875;1152.18514;0.016814;4305.465506;3
1416725.189655;4856680.150862;-4.875;1127.1008;0.018329;3863.664188;2
1416725.362069;4856679.969828;-4.875;1104.08306;0.020074;3455.717323;2
1416725.534483;4856679.788793;-4.875;1082.009862;0.021206;3205.935452;2
1416725.706897;4856679.607759;-4.875;1060.977971;0.022901;2910.926022;2
1416725.87931;4856679.426724;-4.875;1041.806903;0.02384;2745.701889;2
1416726.051724;4856679.24569;-4.875;1026.199919;0.024557;2625.602733;2
1416726.224138;4856679.064655;-4.875;1013.465782;0.024973;2549.82733;2
1416726.396552;4856678.883621;-4.875;1003.989289;0.025492;2474.571968;2
1416726.568966;4856678.702586;-4.875;994.88942;0.026021;2402.306917;2
1416726.741379;4856678.521552;-4.875;985.736395;0.025971;2384.818936;2
1416726.913793;4856678.340517;-4.875;978.248174;0.025819;2380.61364;2
1416727.086207;4856678.159483;-4.875;974.791181;0.02496;2453.81349;2
1416727.258621;4856677.978448;-4.875;972.69981;0.024131;2532.719218;2
1416727.431034;4856677.797414;-4.875;971.832996;0.023666;2580.182901;2
1416727.603448;4856677.616379;-4.875;971.707737;0.022529;2709.981254;2
1416727.775862;4856677.435345;-4.875;975.919623;0.021496;2852.511195;2
1416727.948276;4856677.25431;-4.875;982.682593;0.020468;3016.62563;2
1416728.12069;4856677.073276;-4.875;988.143872;0.019157;3240.971272;2
1416728.293103;4856676.892241;-4.875;994.264568;0.017689;3531.745278;2
1416728.465517;4856676.711207;-4.875;1002.011596;0.016095;3911.739976;2
1416728.637931;4856676.530172;-4.875;1011.687906;0.014748;4310.294824;2
1416728.810345;4856676.349138;-4.875;1020.708652;0.01359;4719.159991;2
1416728.982759;4856676.168103;-4.875;1028.746166;0.013066;4947.000786;2
1416729.155172;4856675.987069;-4.875;1036.939357;0.012566;5184.864613;2
1416729.327586;4856675.806034;-4.875;1044.376559;0.012302;5334.031059;2
1416729.5;4856675.625;-4.875;1047.968664;0.012321;5344.208461;2
1416729.672414;4856675.443966;-4.875;1048.153287;0.01279;5148.972794;2
1416729.844828;4856675.262931;-4.875;1047.598762;0.013331;4937.410636;2
1416730.017241;4856675.081897;-4.875;1048.670464;0.013762;4787.955368;2
1416730.189655;4856674.900862;-4.875;1049.773517;0.013773;4788.920132;2
1416730.362069;4856674.719828;-4.875;1049.42949;0.014145;4661.407776;2
1416730.534483;4856674.538793;-4.875;1046.194181;0.014702;4471.032016;2
1416730.706897;4856674.357759;-4.875;1043.306004;0.01533;4276.085941;2
1416730.87931;4856674.176724;-4.875;1039.016907;0.015293;4268.745459;2
1416731.051724;4856673.99569;-4.875;1033.757894;0.015773;4118.072466;2
1416731.224138;4856673.814655;-4.875;1027.836187;0.015414;4189.648815;2
1416731.396552;4856673.633621;-4.875;1024.882984;0.014921;4315.858116;2
1416731.568966;4856673.452586;-4.875;1020.145714;0.014328;4473.561368;2
1416731.741379;4856673.271552;-4.875;1011.244633;0.013554;4687.759507;2
1416731.913793;4856673.090517;-4.875;1000.668406;0.013212;4758.707235;2
1416732.086207;4856672.909483;-4.875;986.771003;0.013099;4733.278233;2
1416732.258621;4856672.728448;-4.875;972.384567;0.013038;4686.065908;2
1416732.431034;4856672.547414;-4.875;957.459127;0.012943;4647.963203;2
1416714.155172;4856691.737069;-5.125;1302.89305;0.010782;7592.677895;3
1416714.327586;4856691.556034;-5.125;1304.36161;0.010829;7567.911316;3
1416714.5;4856691.375;-5.125;1300.852625;0.011056;7393.149922;3
1416714.672414;4856691.193966;-5.125;1297.762816;0.011366;7173.831984;3
1416714.844828;4856691.012931;-5.125;1290.785155;0.011254;7206.449234;3
1416715.017241;4856690.831897;-5.125;1286.347071;0.01071;7546.561989;3
1416715.189655;4856690.650862;-5.125;1278.867944;0.010188;7886.731693;3
1416715.362069;4856690.469828;-5.125;1265.840168;0.009335;8520.021764;3
1416715.534483;4856690.288793;-5.125;1251.354223;0.00984;7990.096205;3
1416715.706897;4856690.107759;-5.125;1235.010466;0.009274;8367.452835;3
1416715.87931;4856689.926724;-5.125;1226.067607;0.009407;8189.154076;3
1416716.051724;4856689.74569;-5.125;1218.270626;0.009558;8008.25524;3
1416716.224138;4856689.564655;-5.125;1214.131591;0.00993;7682.148855;3
1416716.396552;4856689.383621;-5.125;1214.132159;0.010717;7118.142227;3
1416716.568966;4856689.202586;-5.125;1215.687107;0.011432;6681.48319;3
1416716.741379;4856689.021552;-5.125;1212.658432;0.012162;6265.109803;3
1416716.913793;4856688.840517;-5.125;1209.451853;0.012742;5963.938954;3
1416717.086207;4856688.659483;-5.125;1207.82306;0.013489;5625.986738;3
1416717.258621;4856688.478448;-5.125;1208.809462;0.014066;5399.6249;3
1416717.431034;4856688.297414;-5.125;1209.119401;0.014203;5349.023643;3
1416717.603448;4856688.116379;-5.125;1207.025835;0.014273;5313.616533;3
1416717.775862;4856687.935345;-5.125;1209.320205;0.014696;5170.313861;3
1416717.948276;4856687.75431;-5.125;1211.634001;0.01507;5051.784106;3
1416718.12069;4856687.573276;-5.125;1218.462845;0.015091;5073.223759;3
1416718.293103;4856687.392241;-5.125;1226.287955;0.014366;5363.320977;3
1416718.465517;4856687.211207;-5.125;1232.75148;0.013397;5781.784805;3
1416718.637931;4856687.030172;-5.125;1248.944408;0.012537;6259.570464;3
1416718.810345;4856686.849138;-5.125;1267.646358;0.011679;6819.880393;3
1416718.982759;4856686.668103;-5.125;1289.980548;0.010791;7511.271001;3
1416719.155172;4856686.487069;-5.125;1313.172343;0.010487;7868.116079;3
1416719.327586;4856686.306034;-5.125;1338.58924;0.011011;7638.061464;3
1416719.5;4856686.125;-5.125;1369.470723;0.012148;7083.347077;3
1416719.672414;4856685.943966;-5.125;1397.702851;0.014336;6125.853724;3
1416719.844828;4856685.762931;-5.125;1429.815742;0.016515;5439.904578;3
1416720.017241;4856685.581897;-5.125;1458.515297;0.018805;4873.167353;3
1416720.189655;4856685.400862;-5.125;1482.254089;0.021582;4315.319578;3
1416720.362069;4856685.219828;-5.125;1517.093502;0.024127;3950.804521;3
1416720.534483;4856685.038793;-5.125;1556.258923;0.026453;3696.399154;3
1416720.706897;4856684.857759;-5.125;1595.957827;0.028986;3459.511409;3
1416720.87931;4856684.676724;-5.125;1630.212254;0.031738;3227.309132;3
1416721.051724;4856684.49569;-5.125;1664.213709;0.033728;3100.27533;3
1416721.224138;4856684.314655;-5.125;1700.942072;0.035051;3049.049356;3
1416721.396552;4856684.133621;-5.125;1735.93233;0.035633;3060.936128;3
1416721.568966;4856683.952586;-5.125;1769.122837;0.034805;3193.725629;3
1416721.741379;4856683.771552;-5.125;1791.038029;0.033579;3351.335955;3
1416721.913793;4856683.590517;-5.125;1807.459484;0.03218;3529.049518;3
1416722.086207;4856683.409483;-5.125;1815.511579;0.029747;3834.674124;3
1416722.258621;4856683.228448;-5.125;1806.963614;0.028687;3957.768565;3
1416722.431034;4856683.047414;-5.125;1783.400236;0.027463;4080.147169;3
1416722.603448;4856682.866379;-5.125;1746.788373;0.025506;4303.049676;3
1416722.775862;4856682.685345;-5.125;1703.95463;0.022815;4692.560608;3
1416722.948276;4856682.50431;-5.125;1661.990922;0.020357;5129.73374;3
1416723.12069;4856682.323276;-5.125;1612.390517;0.017936;5648.247843;3
1416723.293103;4856682.142241;-5.125;1559.119779;0.015739;6224.288343;3
1416723.465517;4856681.961207;-5.125;1511.622221;0.013762;6901.614579;3
1416723.637931;4856681.780172;-5.125;1469.271921;0.012559;7350.422499;3
1416723.810345;4856681.599138;-5.125;1426.950345;0.011802;7596.902882;3
1416723.982759;4856681.418103;-5.125;1389.205362;0.011906;7331.320471;3
1416724.155172;4856681.237069;-5.125;1347.06449;0.011079;7639.432223;3
1416724.327586;4856681.056034;-5.125;1305.811884;0.010607;7735.259269;3
1416724.5;4856680.875;-5.125;1268.433979;0.011035;7222.501364;3
1416724.672414;4856680.693966;-5.125;1233.853107;0.012478;6213.142811;3
1416724.844828;4856680.512931;-5.125;1202.934203;0.014239;5308.060771;3
1416725.017241;4856680.331897;-5.125;1175.576857;0.016154;4572.527728;3
1416725.189655;4856680.150862;-5.125;1149.333652;0.018105;3988.690402;2
1416725.362069;4856679.969828;-5.125;1124.314222;0.020021;3528.375696;2
1416725.534483;4856679.788793;-5.125;1100.646439;0.021483;3219.093775;2
1416725.706897;4856679.607759;-5.125;1077.610865;0.022939;2951.647316;2
1416725.87931;4856679.426724;-5.125;1055.875073;0.024068;2756.496983;2
1416726.051724;4856679.24569;-5.125;1039.298931;0.02516;2595.443459;2
1416726.224138;4856679.064655;-5.125;1025.865169;0.025817;2496.669054;2
1416726.396552;4856678.883621;-5.125;1015.285425;0.026431;2413.498387;2
1416726.568966;4856678.702586;-5.125;1006.81324;0.026562;2381.612275;2
1416726.741379;4856678.521552;-5.125;998.737687;0.026079;2406.291046;2
1416726.913793;4856678.340517;-5.125;991.944374;0.025647;2430.168771;2
1416727.086207;4856678.159483;-5.125;989.032627;0.025021;2483.606754;2
1416727.258621;4856677.978448;-5.125;986.71206;0.024344;2546.681567;2
1416727.431034;4856677.797414;-5.125;985.719908;0.023495;2636.113993;2
1416727.603448;4856677.616379;-5.125;986.049196;0.022461;2758.305804;2
1416727.775862;4856677.435345;-5.125;990.650364;0.021826;2851.885915;2
1416727.948276;4856677.25431;-5.125;996.775706;0.021154;2960.580669;2
1416728.12069;4856677.073276;-5.125;1001.637257;0.020368;3089.921179;2
1416728.293103;4856676.892241;-5.125;1006.767691;0.019592;3228.692668;2
1416728.465517;4856676.711207;-5.125;1013.194073;0.018722;3400.242881;2
1416728.637931;4856676.530172;-5.125;1022.284088;0.017568;3656.091327;2
1416728.810345;4856676.349138;-5.125;1032.872461;0.016454;3944.268466;2
1416728.982759;4856676.168103;-5.125;1041.254975;0.015758;4151.673962;2
1416729.155172;4856675.987069;-5.125;1048.982684;0.015182;4341.394606;2
1416729.327586;4856675.806034;-5.125;1056.797642;0.015105;4395.856716;2
1416729.5;4856675.625;-5.125;1064.985065;0.014848;4506.728884;2
1416729.672414;4856675.443966;-5.125;1068.993514;0.014344;4682.607768;2
1416729.844828;4856675.262931;-5.125;1074.453455;0.013632;4952.323654;2
1416730.017241;4856675.081897;-5.125;1081.206174;0.012796;5308.991061;2
1416730.189655;4856674.900862;-5.125;1085.323379;0.012354;5519.69061;2
1416730.362069;4856674.719828;-5.125;1089.022745;0.01248;5482.593184;2
1416730.534483;4856674.538793;-5.125;1088.132851;0.012997;5260.316854;2
1416730.706897;4856674.357759;-5.125;1085.714413;0.013566;5028.38838;2
1416730.87931;4856674.176724;-5.125;1082.151993;0.013237;5136.570164;2
1416731.051724;4856673.99569;-5.125;1078.737913;0.013464;5034.241515;2
1416731.224138;4856673.814655;-5.125;1072.39485;0.012889;5227.704363;2
1416731.396552;4856673.633621;-5.125;1065.830989;0.012647;5295.188275;2
1416731.568966;4856673.452586;-5.125;1058.828896;0.012307;5405.702637;2
1416731.741379;4856673.271552;-5.125;1045.115222;0.012142;5408.276039;2
1416731.913793;4856673.090517;-5.125;1030.373478;0.012745;5079.470957;2
1416732.086207;4856672.909483;-5.125;1014.919546;0.012581;5068.566757;2
1416714.672414;4856691.193966;-5.375;1306.169993;0.007278;11275.593825;3
1416714.844828;4856691.012931;-5.375;1303.601102;0.007824;10468.579646;3
1416715.017241;4856690.831897;-5.375;1301.701877;0.00831;9842.464726;3
1416715.189655;4856690.650862;-5.375;1298.699697;0.008677;9404.004383;3
1416715.362069;4856690.469828;-5.375;1289.383043;0.007585;10681.404545;3
1416715.534483;4856690.288793;-5.375;1278.967475;0.007693;10445.780901;3
1416715.706897;4856690.107759;-5.375;1268.415682;0.007707;10341.046722;3
1416715.87931;4856689.926724;-5.375;1256.458436;0.007869;10032.347337;3
1416716.051724;4856689.74569;-5.375;1246.796957;0.007984;9811.995482;3
1416716.224138;4856689.564655;-5.375;1239.68311;0.008408;9264.159174;3
1416716.396552;4856689.383621;-5.375;1234.112186;0.009154;8470.785803;3
1416716.568966;4856689.202586;-5.375;1230.311176;0.00983;7863.972296;3
1416716.741379;4856689.021552;-5.375;1223.676682;0.010296;7467.76137;3
1416716.913793;4856688.840517;-5.375;1217.060087;0.010665;7170.378469;3
1416717.086207;4856688.659483;-5.375;1212.436516;0.011263;6763.712616;3
1416717.258621;4856688.478448;-5.375;1216.249258;0.012155;6287.089869;3
1416717.431034;4856688.297414;-5.375;1220.729309;0.012863;5963.028382;3
1416717.603448;4856688.116379;-5.375;1221.562351;0.013276;5781.119208;3
1416717.775862;4856687.935345;-5.375;1224.910538;0.013573;5670.288934;3
1416717.948276;4856687.75431;-5.375;1228.297275;0.01387;5564.449343;3
1416718.12069;4856687.573276;-5.375;1237.958934;0.013884;5602.244987;3
1416718.293103;4856687.392241;-5.375;1252.940879;0.0133;5918.949093;3
1416718.465517;4856687.211207;-5.375;1266.824266;0.01262;6307.240264;3
1416718.637931;4856687.030172;-5.375;1290.143043;0.011914;6804.075135;3
1416718.810345;4856686.849138;-5.375;1315.481122;0.011423;7235.525193;3
1416718.982759;4856686.668103;-5.375;1345.298737;0.010837;7799.895044;3
1416719.155172;4856686.487069;-5.375;1374.513597;0.009969;8663.601536;3
1416719.327586;4856686.306034;-5.375;1403.168999;0.009753;9039.470282;3
1416719.5;4856686.125;-5.375;1439.32201;0.010132;8925.921294;3
1416719.672414;4856685.943966;-5.375;1484.492953;0.011045;8444.657437;3
1416719.844828;4856685.762931;-5.375;1527.088543;0.012804;7494.021122;3
1416720.017241;4856685.581897;-5.375;1566.741888;0.014564;6759.392722;3
1416720.189655;4856685.400862;-5.375;1598.734773;0.016524;6079.07228;3
1416720.362069;4856685.219828;-5.375;1636.914709;0.018221;5644.748306;3
1416720.534483;4856685.038793;-5.375;1676.699714;0.020027;5260.36938;3
1416720.706897;4856684.857759;-5.375;1716.756366;0.021717;4966.938501;3
1416720.87931;4856684.676724;-5.375;1749.267297;0.02364;4649.257135;3
1416721.051724;4856684.49569;-5.375;1779.153164;0.025499;4384.042568;3
1416721.224138;4856684.314655;-5.375;1814.691511;0.026755;4261.611785;3
1416721.396552;4856684.133621;-5.375;1843.985177;0.027593;4198.996739;3
1416721.568966;4856683.952586;-5.375;1850.372544;0.027379;4246.351499;3
1416721.741379;4856683.771552;-5.375;1857.188344;0.025757;4530.438178;3
1416721.913793;4856683.590517;-5.375;1861.623331;0.025003;4678.191333;3
1416722.086207;4856683.409483;-5.375;1857.292434;0.02343;4980.57776;3
1416722.258621;4856683.228448;-5.375;1843.094665;0.022662;5110.01848;3
1416722.431034;4856683.047414;-5.375;1810.611609;0.021005;5416.033257;3
1416722.603448;4856682.866379;-5.375;1770.503332;0.018987;5859.052034;3
1416722.775862;4856682.685345;-5.375;1726.547753;0.016875;6428.628598;3
1416722.948276;4856682.50431;-5.375;1681.380757;0.014742;7166.273571;3
1416723.12069;4856682.323276;-5.375;1631.545764;0.012871;7964.785993;3
1416723.293103;4856682.142241;-5.375;1580.661337;0.011265;8816.435177;3
1416723.465517;4856681.961207;-5.375;1536.132995;0.010086;9569.106284;3
1416723.637931;4856681.780172;-5.375;1493.203803;0.009575;9798.830576;3
1416723.810345;4856681.599138;-5.375;1447.26565;0.008382;10849.045609;3
1416723.982759;4856681.418103;-5.375;1406.707926;0.008141;10857.393899;3
1416724.155172;4856681.237069;-5.375;1362.670011;0.007501;11414.74093;3
1416724.327586;4856681.056034;-5.375;1322.482155;0.008004;10381.469192;3
1416724.5;4856680.875;-5.375;1284.054942;0.009255;8717.517125;3
1416724.672414;4856680.693966;-5.375;1248.810834;0.010647;7369.881601;3
1416724.844828;4856680.512931;-5.375;1217.195143;0.01251;6113.295507;3
1416725.017241;4856680.331897;-5.375;1188.617705;0.014241;5244.33117;3
1416725.189655;4856680.150862;-5.375;1161.786095;0.015851;4605.26992;3
1416725.362069;4856679.969828;-5.375;1136.660342;0.017356;4114.925992;2
1416725.534483;4856679.788793;-5.375;1111.962171;0.018969;3683.115391;2
1416725.706897;4856679.607759;-5.375;1088.871282;0.020672;3309.616845;2
1416725.87931;4856679.426724;-5.375;1066.969233;0.021981;3049.898893;2
1416726.051724;4856679.24569;-5.375;1050.389552;0.023215;2842.872465;2
1416726.224138;4856679.064655;-5.375;1036.931235;0.024201;2692.145637;2
1416726.396552;4856678.883621;-5.375;1026.524746;0.024996;2580.397606;2
1416726.568966;4856678.702586;-5.375;1017.291903;0.025525;2504.14035;2
1416726.741379;4856678.521552;-5.375;1008.311481;0.025343;2499.900215;2
1416726.913793;4856678.340517;-5.375;1002.33036;0.025159;2503.175873;2
1416727.086207;4856678.159483;-5.375;999.044076;0.02466;2545.515116;2
1416727.258621;4856677.978448;-5.375;996.928582;0.024118;2597.192244;2
1416727.431034;4856677.797414;-5.375;997.673449;0.023028;2722.159434;2
1416727.603448;4856677.616379;-5.375;999.231645;0.021873;2870.375548;2
1416727.775862;4856677.435345;-5.375;1004.990701;0.02112;2989.827301;2
1416727.948276;4856677.25431;-5.375;1012.417616;0.020287;3135.670464;2
1416728.12069;4856677.073276;-5.375;1019.649898;0.019085;3356.917221;2
1416728.293103;4856676.892241;-5.375;1028.616072;0.017771;3636.90521;2
1416728.465517;4856676.711207;-5.375;1039.172897;0.016361;3990.743378;2
1416728.637931;4856676.530172;-5.375;1049.386032;0.015072;4374.804505;2
1416728.810345;4856676.349138;-5.375;1058.397127;0.014266;4661.376925;2
1416728.982759;4856676.168103;-5.375;1068.584883;0.013543;4957.651331;2
1416729.155172;4856675.987069;-5.375;1079.796958;0.012783;5307.461449;2
1416729.327586;4856675.806034;-5.375;1090.719435;0.012542;5464.158528;2
1416729.5;4856675.625;-5.375;1100.829442;0.012018;5755.479171;2
1416729.672414;4856675.443966;-5.375;1107.07647;0.01128;6166.542959;2
1416729.844828;4856675.262931;-5.375;1112.547179;0.010697;6534.705062;2
1416730.017241;4856675.081897;-5.375;1119.844547;0.010399;6766.179053;2
1416730.189655;4856674.900862;-5.375;1121.633056;0.010468;6732.043369;2
1416730.362069;4856674.719828;-5.375;1122.107851;0.010795;6531.328358;2
1416730.534483;4856674.538793;-5.375;1122.547206;0.0113;6241.55407;2
1416730.706897;4856674.357759;-5.375;1122.09665;0.011462;6151.063513;2
1416730.87931;4856674.176724;-5.375;1117.163369;0.011261;6233.422805;2
1416731.051724;4856673.99569;-5.375;1110.291949;0.01178;5922.246795;2
1416731.224138;4856673.814655;-5.375;1100.62043;0.011502;6012.090811;2
1416731.396552;4856673.633621;-5.375;1091.747549;0.011769;5828.658428;2
1416731.568966;4856673.452586;-5.375;1082.253184;0.012045;5645.674097;2
1416731.741379;4856673.271552;-5.375;1068.236164;0.011968;5608.24862;2
1416731.913793;4856673.090517;-5.375;1051.797971;0.012302;5371.948852;2
1416715.534483;4856690.288793;-5.625;1265.908524;0.003617;21990.605302;3
1416715.706897;4856690.107759;-5.625;1257.593416;0.003958;19962.934805;3
1416715.87931;4856689.926724;-5.625;1247.232827;0.004531;17295.971602;3
1416716.051724;4856689.74569;-5.625;1239.511073;0.005096;15282.088091;3
1416716.224138;4856689.564655;-5.625;1234.370459;0.005713;13575.534356;3
1416716.396552;4856689.383621;-5.625;1229.508203;0.006296;12270.913861;3
1416716.568966;4856689.202586;-5.625;1229.902739;0.007075;10922.957417;3
1416716.741379;4856689.021552;-5.625;1228.796487;0.007791;9910.349493;3
1416716.913793;4856688.840517;-5.625;1227.708254;0.008593;8976.697579;3
1416717.086207;4856688.659483;-5.625;1226.800343;0.009201;8377.92696;3
1416717.258621;4856688.478448;-5.625;1235.272485;0.009827;7898.262103;3
1416717.431034;4856688.297414;-5.625;1245.210535;0.010427;7503.664294;3
1416717.603448;4856688.116379;-5.625;1252.262556;0.010838;7260.03365;3
1416717.775862;4856687.935345;-5.625;1262.636972;0.011156;7111.401928;3
1416717.948276;4856687.75431;-5.625;1272.989309;0.011474;6970.914561;3
1416718.12069;4856687.573276;-5.625;1289.634019;0.011542;7020.394016;3
1416718.293103;4856687.392241;-5.625;1314.234093;0.011525;7165.233505;3
1416718.465517;4856687.211207;-5.625;1336.23546;0.011392;7369.618326;3
1416718.637931;4856687.030172;-5.625;1366.774943;0.011223;7652.030029;3
1416718.810345;4856686.849138;-5.625;1399.598508;0.010954;8028.176898;3
1416718.982759;4856686.668103;-5.625;1435.398196;0.010749;8390.611483;3
1416719.155172;4856686.487069;-5.625;1469.753777;0.010149;9099.559017;3
1416719.327586;4856686.306034;-5.625;1506.026911;0.009597;9859.702782;3
1416719.5;4856686.125;-5.625;1547.515151;0.009519;10214.476532;3
1416719.672414;4856685.943966;-5.625;1596.438867;0.00973;10309.150228;3
1416719.844828;4856685.762931;-5.625;1644.917364;0.01007;10263.020634;3
1416720.017241;4856685.581897;-5.625;1683.529337;0.010395;10175.870491;3
1416720.189655;4856685.400862;-5.625;1715.023812;0.011788;9141.138842;3
1416720.362069;4856685.219828;-5.625;1754.681507;0.012749;8647.804142;3
1416720.534483;4856685.038793;-5.625;1792.685386;0.013874;8118.352867;3
1416720.706897;4856684.857759;-5.625;1828.805957;0.015272;7523.847153;3
1416720.87931;4856684.676724;-5.625;1856.322097;0.01668;6992.595753;3
1416721.051724;4856684.49569;-5.625;1880.940652;0.018033;6553.635715;3
1416721.224138;4856684.314655;-5.625;1903.412557;0.018806;6359.570682;3
1416721.396552;4856684.133621;-5.625;1919.462201;0.019329;6239.640004;3
1416721.568966;4856683.952586;-5.625;1913.435438;0.018994;6329.510177;3
1416721.741379;4856683.771552;-5.625;1908.95066;0.018761;6393.147009;3
1416721.913793;4856683.590517;-5.625;1901.048659;0.019169;6231.370223;3
1416722.086207;4856683.409483;-5.625;1884.255832;0.01766;6703.87259;3
1416722.258621;4856683.228448;-5.625;1854.029495;0.016478;7069.741874;3
1416722.431034;4856683.047414;-5.625;1816.964887;0.015148;7536.501576;3
1416722.603448;4856682.866379;-5.625;1775.393445;0.013351;8355.212415;3
1416722.775862;4856682.685345;-5.625;1732.489823;0.011431;9522.800831;3
1416722.948276;4856682.50431;-5.625;1690.513705;0.009849;10784.650936;3
1416723.12069;4856682.323276;-5.625;1644.838013;0.008951;11545.976885;3
1416723.293103;4856682.142241;-5.625;1598.938106;0.007975;12598.062514;3
1416723.465517;4856681.961207;-5.625;1556.434219;0.007445;13135.681332;3
1416723.637931;4856681.780172;-5.625;1511.098651;0.006771;14021.695612;3
1416723.810345;4856681.599138;-5.625;1464.687414;0.005748;16009.513427;3
1416723.982759;4856681.418103;-5.625;1422.703742;0.005836;15316.61329;3
1416724.155172;4856681.237069;-5.625;1380.526989;0.00608;14265.673272;3
1416724.327586;4856681.056034;-5.625;1339.956066;0.006642;12675.575614;3
1416724.5;4856680.875;-5.625;1300.826211;0.007892;10356.948078;3
1416724.672414;4856680.693966;-5.625;1263.245967;0.009271;8560.964445;3
1416724.844828;4856680.512931;-5.625;1229.335682;0.010743;7190.003733;3
1416725.017241;4856680.331897;-5.625;1197.702109;0.012121;6208.553608;3
1416725.189655;4856680.150862;-5.625;1168.524873;0.01357;5410.644891;3
1416725.362069;4856679.969828;-5.625;1142.96213;0.01493;4810.052543;2
1416725.534483;4856679.788793;-5.625;1121.024588;0.016248;4335.130438;2
1416725.706897;4856679.607759;-5.625;1102.179106;0.017323;3997.731276;2
1416725.87931;4856679.426724;-5.625;1083.868395;0.018117;3759.075181;2
1416726.051724;4856679.24569;-5.625;1070.33212;0.018952;3548.419366;2
1416726.224138;4856679.064655;-5.625;1059.224363;0.019556;3403.205203;2
1416726.396552;4856678.883621;-5.625;1051.235313;0.019996;3303.24019;2
1416726.568966;4856678.702586;-5.625;1045.922433;0.020231;3248.354565;2
1416726.741379;4856678.521552;-5.625;1038.715196;0.020307;3213.965765;2
1416726.913793;4856678.340517;-5.625;1033.981784;0.020144;3225.14428;2
1416727.086207;4856678.159483;-5.625;1031.85219;0.019674;3295.39616;2
1416727.258621;4856677.978448;-5.625;1032.033829;0.019279;3363.550417;2
1416727.431034;4856677.797414;-5.625;1032.967441;0.018495;3509.20148;2
1416727.603448;4856677.616379;-5.625;1034.891268;0.017385;3740.307146;2
1416727.775862;4856677.435345;-5.625;1039.027414;0.01692;3858.506929;2
1416727.948276;4856677.25431;-5.625;1046.216138;0.016272;4039.818554;2
1416728.12069;4856677.073276;-5.625;1052.200539;0.015276;4327.720198;2
1416728.293103;4856676.892241;-5.625;1058.989591;0.014162;4698.483459;2
1416728.465517;4856676.711207;-5.625;1066.071196;0.013369;5010.238364;2
1416728.637931;4856676.530172;-5.625;1075.98776;0.012112;5581.547541;2
1416728.810345;4856676.349138;-5.625;1086.953126;0.011101;6152.115267;2
1416728.982759;4856676.168103;-5.625;1098.759156;0.010504;6572.752121;2
1416729.155172;4856675.987069;-5.625;1110.060687;0.009737;7162.885998;2
1416729.327586;4856675.806034;-5.625;1120.866216;0.009574;7356.298836;2
1416729.5;4856675.625;-5.625;1131.498653;0.009769;7277.209479;2
1416729.672414;4856675.443966;-5.625;1139.576638;0.009342;7664.130535;2
1416729.844828;4856675.262931;-5.625;1143.613854;0.00934;7693.301085;2
1416730.017241;4856675.081897;-5.625;1149.216661;0.009596;7524.529863;2
1416730.189655;4856674.900862;-5.625;1151.96969;0.010003;7235.537279;3
1416730.362069;4856674.719828;-5.625;1154.530383;0.010243;7082.041062;3
1416730.534483;4856674.538793;-5.625;1154.249715;0.010688;6785.380711;3
1416730.706897;4856674.357759;-5.625;1152.606748;0.011243;6441.661145;3
1416730.87931;4856674.176724;-5.625;1145.621915;0.011041;6519.276951;2
1416731.051724;4856673.99569;-5.625;1137.512535;0.01187;6021.1367;2
1416731.224138;4856673.814655;-5.625;1126.672131;0.011855;5971.319598;2
1416731.396552;4856673.633621;-5.625;1114.875105;0.012016;5829.662633;2
1416731.568966;4856673.452586;-5.625;1103.432243;0.012333;5621.689656;2
1416715.87931;4856689.926724;-5.875;1247.290701;0.003539;22144.727951;3
1416716.051724;4856689.74569;-5.875;1242.097908;0.003788;20603.547262;3
1416716.224138;4856689.564655;-5.875;1236.702558;0.003984;19505.528169;3
1416716.396552;4856689.383621;-5.875;1233.496244;0.00456;16996.184154;3
1416716.568966;4856689.202586;-5.875;1234.530289;0.005087;15247.720818;3
1416716.741379;4856689.021552;-5.875;1234.83156;0.00567;13683.305338;3
1416716.913793;4856688.840517;-5.875;1236.05247;0.00641;12115.939896;3
1416717.086207;4856688.659483;-5.875;1240.518974;0.006916;11270.741192;3
1416717.258621;4856688.478448;-5.875;1251.466331;0.007443;10563.963539;3
1416717.431034;4856688.297414;-5.875;1264.631188;0.007995;9938.325161;3
1416717.603448;4856688.116379;-5.875;1275.589895;0.00847;9462.422295;3
1416717.775862;4856687.935345;-5.875;1290.476263;0.008879;9131.611696;3
1416717.948276;4856687.75431;-5.875;1305.514411;0.009348;8774.822179;3
1416718.12069;4856687.573276;-5.875;1328.744495;0.009718;8591.383685;3
1416718.293103;4856687.392241;-5.875;1358.273419;0.009626;8865.679435;3
1416718.465517;4856687.211207;-5.875;1385.917149;0.009613;9058.39951;3
1416718.637931;4856687.030172;-5.875;1422.839554;0.009423;9487.008104;3
1416718.810345;4856686.849138;-5.875;1463.395955;0.00925;9939.804536;3
1416718.982759;4856686.668103;-5.875;1507.737519;0.009122;10385.534305;3
1416719.155172;4856686.487069;-5.875;1547.498857;0.008814;11031.071833;3
1416719.327586;4856686.306034;-5.875;1588.323535;0.008391;11893.904424;3
1416719.5;4856686.125;-5.875;1631.536836;0.007961;12876.621505;3
1416719.672414;4856685.943966;-5.875;1685.359989;0.008151;12991.409128;3
1416719.844828;4856685.762931;-5.875;1738.06734;0.008276;13196.14724;3
1416720.017241;4856685.581897;-5.875;1780.083007;0.008064;13868.965895;3
1416720.189655;4856685.400862;-5.875;1817.148909;0.008397;13597.456028;3
1416720.362069;4856685.219828;-5.875;1861.239628;0.008592;13611.71872;3
1416720.534483;4856685.038793;-5.875;1898.878023;0.009179;12998.695802;3
1416720.706897;4856684.857759;-5.875;1928.114167;0.00961;12606.725972;3
1416720.87931;4856684.676724;-5.875;1947.056759;0.010148;12054.738877;3
1416721.051724;4856684.49569;-5.875;1962.321405;0.010778;11439.854744;3
1416721.224138;4856684.314655;-5.875;1975.581181;0.011213;11070.384859;3
1416721.396552;4856684.133621;-5.875;1980.044086;0.011657;10672.832466;3
1416721.568966;4856683.952586;-5.875;1963.605072;0.011297;10920.963935;3
1416721.741379;4856683.771552;-5.875;1944.943891;0.010712;11408.172015;3
1416721.913793;4856683.590517;-5.875;1919.995294;0.010639;11339.557743;3
1416722.086207;4856683.409483;-5.875;1889.400653;0.009905;11985.768734;3
1416722.258621;4856683.228448;-5.875;1847.984171;0.009528;12186.743671;3
1416722.431034;4856683.047414;-5.875;1808.756736;0.008798;12916.87422;3
1416722.603448;4856682.866379;-5.875;1771.224617;0.008043;13836.03471;3
1416722.775862;4856682.685345;-5.875;1733.590129;0.007128;15281.628983;3
1416722.948276;4856682.50431;-5.875;1693.808251;0.006274;16962.073972;3
1416723.12069;4856682.323276;-5.875;1648.976547;0.005855;17694.721335;3
1416723.293103;4856682.142241;-5.875;1606.871427;0.005474;18445.214283;3
1416723.465517;4856681.961207;-5.875;1565.136066;0.005149;19099.890221;3
1416723.637931;4856681.780172;-5.875;1523.888973;0.005217;18354.341264;3
1416723.810345;4856681.599138;-5.875;1483.443616;0.005219;17860.775688;3
1416723.982759;4856681.418103;-5.875;1442.998609;0.00552;16425.926121;3
1416724.155172;4856681.237069;-5.875;1401.955437;0.005648;15596.988049;3
1416724.327586;4856681.056034;-5.875;1360.668268;0.006063;14100.324721;3
1416724.5;4856680.875;-5.875;1320.050438;0.006787;12220.697319;3
1416724.672414;4856680.693966;-5.875;1280.646363;0.00765;10518.530158;3
1416724.844828;4856680.512931;-5.875;1243.627041;0.008777;8902.830072;3
1416725.017241;4856680.331897;-5.875;1208.713837;0.009944;7637.669042;3
1416725.189655;4856680.150862;-5.875;1178.257602;0.011139;6646.362444;3
1416725.362069;4856679.969828;-5.875;1150.504954;0.01226;5896.516262;3
1416725.534483;4856679.788793;-5.875;1126.192337;0.01334;5304.458058;2
1416725.706897;4856679.607759;-5.875;1104.675324;0.014349;4837.352944;2
1416725.87931;4856679.426724;-5.875;1084.323045;0.015128;4503.538973;2
1416726.051724;4856679.24569;-5.875;1069.844538;0.016103;4174.456877;2
1416726.224138;4856679.064655;-5.875;1057.593978;0.016912;3929.304309;2
1416726.396552;4856678.883621;-5.875;1048.217084;0.017748;3710.964473;2
1416726.568966;4856678.702586;-5.875;1039.445231;0.018198;3588.819763;2
1416726.741379;4856678.521552;-5.875;1033.592568;0.018314;3546.034777;2
1416726.913793;4856678.340517;-5.875;1032.543859;0.018179;3568.779183;2
1416727.086207;4856678.159483;-5.875;1030.444596;0.017792;3638.879172;2
1416727.258621;4856677.978448;-5.875;1030.717516;0.017489;3702.996912;2
1416727.431034;4856677.797414;-5.875;1032.963824;0.016706;3884.964188;2
1416727.603448;4856677.616379;-5.875;1037.161093;0.01578;4129.698171;2
1416727.775862;4856677.435345;-5.875;1043.306424;0.015521;4223.485765;2
1416727.948276;4856677.25431;-5.875;1050.426449;0.01495;4414.641395;2
1416728.12069;4856677.073276;-5.875;1057.386405;0.014033;4734.513782;2
1416728.293103;4856676.892241;-5.875;1065.966244;0.013035;5138.226423;2
1416728.465517;4856676.711207;-5.875;1079.045101;0.012495;5425.950709;2
1416728.637931;4856676.530172;-5.875;1090.951282;0.011347;6041.028107;2
1416728.810345;4856676.349138;-5.875;1102.499766;0.010398;6662.09525;2
1416728.982759;4856676.168103;-5.875;1116.151446;0.009872;7103.568433;2
1416729.155172;4856675.987069;-5.875;1131.826517;0.009306;7641.640279;2
1416729.327586;4856675.806034;-5.875;1144.293022;0.009262;7762.953733;2
1416729.5;4856675.625;-5.875;1155.062516;0.009391;7727.794162;3
1416729.672414;4856675.443966;-5.875;1162.17621;0.009098;8025.964739;3
1416729.844828;4856675.262931;-5.875;1167.08301;0.009228;7946.170819;3
1416730.017241;4856675.081897;-5.875;1172.929854;0.009342;7888.48501;3
1416730.189655;4856674.900862;-5.875;1175.62438;0.009612;7684.776098;3
1416730.362069;4856674.719828;-5.875;1175.722963;0.009733;7589.955024;3
1416730.534483;4856674.538793;-5.875;1174.356474;0.010473;7045.341398;3
1416730.706897;4856674.357759;-5.875;1171.238936;0.011288;6519.461993;3
1416730.87931;4856674.176724;-5.875;1164.789606;0.011353;6446.541204;3
1416731.051724;4856673.99569;-5.875;1155.205137;0.011877;6111.342233;3
1416731.224138;4856673.814655;-5.875;1143.58626;0.011991;5992.324261;2
1416716.396552;4856689.383621;-6.125;1237.669021;0.002783;27940.084699;3
1416716.568966;4856689.202586;-6.125;1241.87146;0.003315;23538.327829;3
1416716.741379;4856689.021552;-6.125;1245.897623;0.003954;19798.143089;3
1416716.913793;4856688.840517;-6.125;1248.318986;0.004588;17097.053653;3
1416717.086207;4856688.659483;-6.125;1254.814823;0.005112;15422.039018;3
1416717.258621;4856688.478448;-6.125;1267.97266;0.005656;14086.391174;3
1416717.431034;4856688.297414;-6.125;1284.583962;0.006197;13025.306556;3
1416717.603448;4856688.116379;-6.125;1298.867942;0.006637;12296.993726;3
1416717.775862;4856687.935345;-6.125;1316.87193;0.007117;11625.157522;3
1416717.948276;4856687.75431;-6.125;1335.821159;0.007656;10962.981458;3
1416718.12069;4856687.573276;-6.125;1363.642539;0.008248;10388.199775;3
1416718.293103;4856687.392241;-6.125;1401.085333;0.008558;10286.0537;3
1416718.465517;4856687.211207;-6.125;1434.97173;0.008643;10431.531416;3
1416718.637931;4856687.030172;-6.125;1476.788753;0.008362;11096.568301;3
1416718.810345;4856686.849138;-6.125;1525.39511;0.008215;11666.45281;3
1416718.982759;4856686.668103;-6.125;1578.043951;0.008122;12208.101969;3
1416719.155172;4856686.487069;-6.125;1625.68299;0.007911;12912.524942;3
1416719.327586;4856686.306034;-6.125;1672.146869;0.007735;13583.667446;3
1416719.5;4856686.125;-6.125;1721.584134;0.007578;14273.404958;3
1416719.672414;4856685.943966;-6.125;1785.284524;0.007329;15304.556144;3
1416719.844828;4856685.762931;-6.125;1842.166808;0.00725;15965.709528;3
1416720.017241;4856685.581897;-6.125;1885.644001;0.007059;16783.564711;3
1416720.189655;4856685.400862;-6.125;1918.332446;0.007143;16874.289261;3
1416720.362069;4856685.219828;-6.125;1958.158844;0.007059;17428.254864;3
1416720.534483;4856685.038793;-6.125;1991.781542;0.007225;17321.719332;3
1416720.706897;4856684.857759;-6.125;2016.484143;0.007213;17564.447002;3
1416720.87931;4856684.676724;-6.125;2029.156898;0.007305;17453.336468;3
1416721.051724;4856684.49569;-6.125;2036.485819;0.00737;17362.701588;3
1416721.224138;4856684.314655;-6.125;2040.354433;0.007331;17487.018228;3
1416721.396552;4856684.133621;-6.125;2035.715081;0.007716;16577.271314;3
1416721.568966;4856683.952586;-6.125;2008.918781;0.00797;15836.420173;3
1416721.741379;4856683.771552;-6.125;1985.66093;0.007558;16507.155577;3
1416721.913793;4856683.590517;-6.125;1956.271838;0.007311;16811.815613;3
1416722.086207;4856683.409483;-6.125;1921.096769;0.006883;17538.054911;3
1416722.258621;4856683.228448;-6.125;1878.122528;0.006789;17381.012971;3
1416722.431034;4856683.047414;-6.125;1834.201126;0.006521;17673.040011;3
1416722.603448;4856682.866379;-6.125;1788.483234;0.006337;17731.809249;3
1416722.775862;4856682.685345;-6.125;1743.114591;0.005997;18264.116319;3
1416722.948276;4856682.50431;-6.125;1700.315642;0.005696;18755.054782;3
1416723.12069;4856682.323276;-6.125;1655.525231;0.005483;18972.991176;3
1416723.293103;4856682.142241;-6.125;1613.431238;0.004943;20510.453011;3
1416723.465517;4856681.961207;-6.125;1571.906609;0.004468;22105.083132;3
1416723.637931;4856681.780172;-6.125;1531.471296;0.004558;21110.597847;3
1416723.810345;4856681.599138;-6.125;1492.541008;0.004513;20782.069194;3
1416723.982759;4856681.418103;-6.125;1454.873191;0.004644;19683.644973;3
1416724.155172;4856681.237069;-6.125;1416.404173;0.004674;19041.241963;3
1416724.327586;4856681.056034;-6.125;1377.096782;0.004935;17532.982064;3
1416724.5;4856680.875;-6.125;1340.017139;0.005436;15487.542654;3
1416724.672414;4856680.693966;-6.125;1304.503049;0.006071;13500.11329;3
1416724.844828;4856680.512931;-6.125;1270.297427;0.006885;11592.848899;3
1416725.017241;4856680.331897;-6.125;1235.959277;0.007608;10207.020566;3
1416725.189655;4856680.150862;-6.125;1205.954844;0.00835;9075.058578;3
1416725.362069;4856679.969828;-6.125;1178.03141;0.009291;7966.537357;3
1416725.534483;4856679.788793;-6.125;1153.325414;0.010216;7093.101633;3
1416725.706897;4856679.607759;-6.125;1132.451821;0.01125;6324.671796;2
1416725.87931;4856679.426724;-6.125;1112.329988;0.012045;5802.420249;2
1416726.051724;4856679.24569;-6.125;1095.753749;0.012793;5381.590742;2
1416726.224138;4856679.064655;-6.125;1081.489636;0.013426;5061.266083;2
1416726.396552;4856678.883621;-6.125;1070.428105;0.014107;4767.643395;2
1416726.568966;4856678.702586;-6.125;1062.223456;0.014546;4588.432365;2
1416726.741379;4856678.521552;-6.125;1056.270423;0.014832;4474.471942;2
1416726.913793;4856678.340517;-6.125;1055.017443;0.015144;4377.244625;2
1416727.086207;4856678.159483;-6.125;1053.266524;0.015152;4367.585684;2
1416727.258621;4856677.978448;-6.125;1053.501084;0.014896;4443.776885;2
1416727.431034;4856677.797414;-6.125;1055.720982;0.014172;4680.474696;2
1416727.603448;4856677.616379;-6.125;1058.463491;0.013164;5051.992959;2
1416727.775862;4856677.435345;-6.125;1063.904063;0.012906;5179.684876;2
1416727.948276;4856677.25431;-6.125;1070.923494;0.01243;5413.420144;2
1416728.12069;4856677.073276;-6.125;1080.222285;0.011833;5736.005963;2
1416728.293103;4856676.892241;-6.125;1091.663801;0.011157;6147.996023;2
1416728.465517;4856676.711207;-6.125;1104.437103;0.010912;6359.405959;2
1416728.637931;4856676.530172;-6.125;1116.961362;0.01024;6853.296952;2
1416728.810345;4856676.349138;-6.125;1129.037011;0.009604;7386.359518;2
1416728.982759;4856676.168103;-6.125;1142.504639;0.009437;7606.723996;2
1416729.155172;4856675.987069;-6.125;1157.414703;0.009225;7882.834103;3
1416729.327586;4856675.806034;-6.125;1168.872417;0.009534;7703.424098;3
1416729.5;4856675.625;-6.125;1179.085093;0.009992;7414.611265;3
1416729.672414;4856675.443966;-6.125;1185.176328;0.009954;7481.109137;3
1416729.844828;4856675.262931;-6.125;1190.655172;0.010416;7182.020519;3
1416730.017241;4856675.081897;-6.125;1195.229353;0.010519;7139.04479;3
1416730.189655;4856674.900862;-6.125;1195.835536;0.010818;6945.482849;3
1416730.362069;4856674.719828;-6.125;1194.035404;0.011017;6809.582102;3
1416730.534483;4856674.538793;-6.125;1190.730274;0.011165;6700.828466;3
1416730.706897;4856674.357759;-6.125;1187.314531;0.01165;6403.649954;3
1416730.87931;4856674.176724;-6.125;1179.924123;0.011666;6354.708396;3
1416717.258621;4856688.478448;-6.375;1285.996043;0.004502;17947.330963;3
1416717.431034;4856688.297414;-6.375;1302.815053;0.005062;16170.143289;3
1416717.603448;4856688.116379;-6.375;1321.784299;0.00541;15349.885148;3
1416717.775862;4856687.935345;-6.375;1345.136989;0.0058;14572.05754;3
1416717.948276;4856687.75431;-6.375;1366.934213;0.006327;13573.873904;3
1416718.12069;4856687.573276;-6.375;1397.426802;0.006878;12765.989169;3
1416718.293103;4856687.392241;-6.375;1438.3507;0.007145;12648.551748;3
1416718.465517;4856687.211207;-6.375;1475.865753;0.007426;12486.631283;3
1416718.637931;4856687.030172;-6.375;1519.738597;0.007291;13097.524143;3
1416718.810345;4856686.849138;-6.375;1569.99912;0.007063;13966.727598;3
1416718.982759;4856686.668103;-6.375;1629.191758;0.007236;14146.825875;3
1416719.155172;4856686.487069;-6.375;1683.777411;0.00733;14433.66032;3
1416719.327586;4856686.306034;-6.375;1736.269202;0.007375;14791.526755;3
1416719.5;4856686.125;-6.375;1784.519047;0.007615;14724.65723;3
1416719.672414;4856685.943966;-6.375;1849.201729;0.007766;14961.248788;3
1416719.844828;4856685.762931;-6.375;1914.614329;0.007516;16006.289372;3
1416720.017241;4856685.581897;-6.375;1965.537909;0.007516;16430.37862;3
1416720.189655;4856685.400862;-6.375;2004.361729;0.007796;16153.55378;3
1416720.362069;4856685.219828;-6.375;2051.169449;0.007898;16318.864703;3
1416720.534483;4856685.038793;-6.375;2090.715911;0.007978;16465.033478;3
1416720.706897;4856684.857759;-6.375;2111.44935;0.00784;16922.402031;3
1416720.87931;4856684.676724;-6.375;2114.261873;0.007542;17614.433862;3
1416721.051724;4856684.49569;-6.375;2115.292796;0.007512;17693.143064;3
1416721.224138;4856684.314655;-6.375;2113.940541;0.007454;17818.291134;3
1416721.396552;4856684.133621;-6.375;2108.642962;0.007226;18335.832144;3
1416721.568966;4856683.952586;-6.375;2073.087162;0.007051;18473.845937;3
1416721.741379;4856683.771552;-6.375;2039.572323;0.006937;18473.211177;3
1416721.913793;4856683.590517;-6.375;2003.601341;0.006993;18001.960638;3
1416722.086207;4856683.409483;-6.375;1967.366062;0.006708;18427.471865;3
1416722.258621;4856683.228448;-6.375;1917.764049;0.006607;18238.296457;3
1416722.431034;4856683.047414;-6.375;1868.269438;0.006363;18448.140771;3
1416722.603448;4856682.866379;-6.375;1819.328885;0.006347;18011.198607;3
1416722.775862;4856682.685345;-6.375;1772.692669;0.006148;18115.983718;3
1416722.948276;4856682.50431;-6.375;1725.007956;0.005645;19199.216373;3
1416723.12069;4856682.323276;-6.375;1676.767226;0.005264;20012.733428;3
1416723.293103;4856682.142241;-6.375;1634.283276;0.005066;20269.161502;3
1416723.465517;4856681.961207;-6.375;1594.072861;0.004736;21148.290464;3
1416723.637931;4856681.780172;-6.375;1553.497953;0.004705;20744.953487;3
1416723.810345;4856681.599138;-6.375;1513.610191;0.004169;22810.841714;3
1416723.982759;4856681.418103;-6.375;1470.859788;0.003988;23175.430995;3
1416724.155172;4856681.237069;-6.375;1431.307262;0.003818;23555.608294;3
1416724.327586;4856681.056034;-6.375;1392.036553;0.003964;22067.210181;3
1416724.5;4856680.875;-6.375;1357.427208;0.004214;20239.019544;3
1416724.672414;4856680.693966;-6.375;1324.127921;0.00467;17814.366645;3
1416724.844828;4856680.512931;-6.375;1292.498147;0.005279;15382.807333;3
1416725.017241;4856680.331897;-6.375;1261.410341;0.005929;13367.256155;3
1416725.189655;4856680.150862;-6.375;1233.167702;0.006573;11788.669027;3
1416725.362069;4856679.969828;-6.375;1206.194657;0.007182;10551.793386;3
1416725.534483;4856679.788793;-6.375;1182.377646;0.007804;9519.732049;3
1416725.706897;4856679.607759;-6.375;1160.71018;0.008569;8510.95589;3
1416725.87931;4856679.426724;-6.375;1140.776933;0.009075;7898.09354;2
1416726.051724;4856679.24569;-6.375;1124.337826;0.009568;7383.599142;2
1416726.224138;4856679.064655;-6.375;1112.264982;0.010167;6873.723747;2
1416726.396552;4856678.883621;-6.375;1101.520929;0.010884;6359.193175;2
1416726.568966;4856678.702586;-6.375;1093.743117;0.011437;6008.669795;2
1416726.741379;4856678.521552;-6.375;1086.812141;0.011897;5739.594875;2
1416726.913793;4856678.340517;-6.375;1083.765967;0.012197;5583.009805;2
1416727.086207;4856678.159483;-6.375;1079.15627;0.012338;5495.7832;2
1416727.258621;4856677.978448;-6.375;1079.926594;0.012336;5500.336493;2
1416727.431034;4856677.797414;-6.375;1082.837393;0.011879;5727.255227;2
1416727.603448;4856677.616379;-6.375;1088.577642;0.011134;6143.07624;2
1416727.775862;4856677.435345;-6.375;1094.800062;0.011081;6207.773373;2
1416727.948276;4856677.25431;-6.375;1103.409559;0.011043;6278.287795;2
1416728.12069;4856677.073276;-6.375;1112.352736;0.010895;6415.227153;2
1416728.293103;4856676.892241;-6.375;1123.827351;0.010563;6685.021715;2
1416728.465517;4856676.711207;-6.375;1135.424983;0.010402;6858.305453;2
1416728.637931;4856676.530172;-6.375;1147.734835;0.009807;7353.200518;2
1416728.810345;4856676.349138;-6.375;1159.396831;0.009292;7840.009126;3
1416728.982759;4856676.168103;-6.375;1173.769246;0.009133;8074.81059;3
1416729.155172;4856675.987069;-6.375;1184.774781;0.009171;8117.425008;3
1416729.327586;4856675.806034;-6.375;1191.96422;0.009707;7715.112199;3
1416729.5;4856675.625;-6.375;1199.54523;0.010406;7243.143233;3
1416729.672414;4856675.443966;-6.375;1206.807007;0.010357;7321.248436;3
1416729.844828;4856675.262931;-6.375;1210.627138;0.010785;7052.866948;3
1416730.017241;4856675.081897;-6.375;1212.984699;0.010685;7132.938245;3
1416730.189655;4856674.900862;-6.375;1211.646605;0.010635;7158.702134;3
1416730.362069;4856674.719828;-6.375;1210.026577;0.010712;7097.749236;3
1416717.948276;4856687.75431;-6.625;1400.670425;0.004903;17950.979902;3
1416718.12069;4856687.573276;-6.625;1434.660316;0.00547;16478.689371;3
1416718.293103;4856687.392241;-6.625;1479.446596;0.005789;16057.807711;3
1416718.465517;4856687.211207;-6.625;1519.831151;0.006075;15720.060272;3
1416718.637931;4856687.030172;-6.625;1567.302613;0.006182;15930.544645;3
1416718.810345;4856686.849138;-6.625;1620.643407;0.006208;16402.145293;3
1416718.982759;4856686.668103;-6.625;1676.252669;0.0064;16456.931737;3
1416719.155172;4856686.487069;-6.625;1725.949914;0.006488;16713.801808;3
1416719.327586;4856686.306034;-6.625;1781.653267;0.006754;16573.402521;3
1416719.5;4856686.125;-6.625;1833.873998;0.007224;15950.126808;3
1416719.672414;4856685.943966;-6.625;1897.108546;0.007878;15130.885548;3
1416719.844828;4856685.762931;-6.625;1959.038948;0.008033;15323.980993;3
1416720.017241;4856685.581897;-6.625;2016.993844;0.007876;16090.26859;3
1416720.189655;4856685.400862;-6.625;2056.806955;0.0082;15759.265333;3
1416720.362069;4856685.219828;-6.625;2095.890224;0.008179;16100.50364;3
1416720.534483;4856685.038793;-6.625;2125.71812;0.008108;16472.480045;3
1416720.706897;4856684.857759;-6.625;2143.229273;0.008155;16513.006235;3
1416720.87931;4856684.676724;-6.625;2149.695691;0.007951;16986.902293;3
1416721.051724;4856684.49569;-6.625;2157.428509;0.007839;17293.157428;3
1416721.224138;4856684.314655;-6.625;2150.342213;0.007625;17718.897179;3
1416721.396552;4856684.133621;-6.625;2142.248725;0.007323;18381.820555;3
1416721.568966;4856683.952586;-6.625;2111.083046;0.006902;19218.89284;3
1416721.741379;4856683.771552;-6.625;2076.855503;0.00662;19713.019708;3
1416721.913793;4856683.590517;-6.625;2031.519458;0.006828;18694.871409;3
1416722.086207;4856683.409483;-6.625;1989.364808;0.006512;19193.891355;3
1416722.258621;4856683.228448;-6.625;1946.579193;0.00651;18787.572303;3
1416722.431034;4856683.047414;-6.625;1903.820922;0.006412;18654.7645;3
1416722.603448;4856682.866379;-6.625;1856.560748;0.006215;18770.088826;3
1416722.775862;4856682.685345;-6.625;1807.577515;0.006205;18304.831167;3
1416722.948276;4856682.50431;-6.625;1758.009443;0.005806;19024.776221;3
1416723.12069;4856682.323276;-6.625;1709.615384;0.00544;19744.390188;3
1416723.293103;4856682.142241;-6.625;1664.9651;0.005141;20348.763231;3
1416723.465517;4856681.961207;-6.625;1619.102028;0.004672;21775.112409;3
1416723.637931;4856681.780172;-6.625;1576.93099;0.004497;22033.040128;3
1416723.810345;4856681.599138;-6.625;1537.586768;0.004006;24115.408726;3
1416723.982759;4856681.418103;-6.625;1498.009649;0.0038;24769.724224;3
1416724.155172;4856681.237069;-6.625;1459.722007;0.003668;25007.165287;3
1416724.327586;4856681.056034;-6.625;1421.774198;0.003744;23858.820707;3
1416724.5;4856680.875;-6.625;1388.094249;0.003862;22584.625104;3
1416724.672414;4856680.693966;-6.625;1356.180573;0.003806;22386.564745;3
1416724.844828;4856680.512931;-6.625;1322.276665;0.004115;20188.75256;3
1416725.017241;4856680.331897;-6.625;1290.212112;0.004507;17986.309337;3
1416725.189655;4856680.150862;-6.625;1261.085168;0.004905;16152.876559;3
1416725.362069;4856679.969828;-6.625;1234.015556;0.005265;14725.940533;3
1416725.534483;4856679.788793;-6.625;1210.00433;0.005631;13500.840591;3
1416725.706897;4856679.607759;-6.625;1188.93237;0.006093;12260.596911;3
1416725.87931;4856679.426724;-6.625;1168.039535;0.006558;11191.77038;3
1416726.051724;4856679.24569;-6.625;1150.478972;0.006961;10384.721806;3
1416726.224138;4856679.064655;-6.625;1135.430479;0.007465;9556.797891;2
1416726.396552;4856678.883621;-6.625;1123.725733;0.00781;9040.486738;2
1416726.568966;4856678.702586;-6.625;1114.973736;0.008001;8756.34542;2
1416726.741379;4856678.521552;-6.625;1109.473293;0.008161;8541.804925;2
1416726.913793;4856678.340517;-6.625;1107.349708;0.00817;8516.211553;2
1416727.086207;4856678.159483;-6.625;1103.800814;0.008378;8277.8583;2
1416727.258621;4856677.978448;-6.625;1104.020986;0.008663;8007.743176;2
1416727.431034;4856677.797414;-6.625;1105.310418;0.008476;8193.195069;2
1416727.603448;4856677.616379;-6.625;1109.505584;0.008224;8476.347568;2
1416727.775862;4856677.435345;-6.625;1117.578274;0.008546;8216.942725;2
1416727.948276;4856677.25431;-6.625;1126.002334;0.00861;8217.140153;2
1416728.12069;4856677.073276;-6.625;1136.343939;0.008665;8239.802759;2
1416728.293103;4856676.892241;-6.625;1147.021632;0.008863;8131.174512;2
1416728.465517;4856676.711207;-6.625;1157.555512;0.009241;7870.492962;3
1416728.637931;4856676.530172;-6.625;1167.716419;0.009202;7972.991235;3
1416728.810345;4856676.349138;-6.625;1176.331852;0.009368;7889.928883;3
1416728.982759;4856676.168103;-6.625;1187.440709;0.009529;7829.745863;3
1416729.155172;4856675.987069;-6.625;1197.531649;0.009702;7755.402418;3
1416729.327586;4856675.806034;-6.625;1206.382778;0.010143;7472.967696;3
1416729.5;4856675.625;-6.625;1214.738395;0.010568;7222.119075;3
1416729.672414;4856675.443966;-6.625;1218.725175;0.010308;7428.650199;3
1416729.844828;4856675.262931;-6.625;1222.422772;0.010608;7240.523785;3
1416730.017241;4856675.081897;-6.625;1224.283375;0.010651;7222.379475;3
1416718.465517;4856687.211207;-6.875;1548.892907;0.004818;20200.850196;3
1416718.637931;4856687.030172;-6.875;1598.731079;0.005013;20038.206339;3
1416718.810345;4856686.849138;-6.875;1654.509974;0.005158;20154.994005;3
1416718.982759;4856686.668103;-6.875;1713.552629;0.005607;19202.119438;3
1416719.155172;4856686.487069;-6.875;1765.451306;0.005783;19182.362857;3
1416719.327586;4856686.306034;-6.875;1817.976861;0.005955;19181.922454;3
1416719.5;4856686.125;-6.875;1866.445513;0.006424;18256.484546;3
1416719.672414;4856685.943966;-6.875;1929.972561;0.007236;16757.712029;3
1416719.844828;4856685.762931;-6.875;1989.509774;0.007841;15942.882257;3
1416720.017241;4856685.581897;-6.875;2040.422589;0.008129;15770.971097;3
1416720.189655;4856685.400862;-6.875;2080.704075;0.008435;15498.823335;3
1416720.362069;4856685.219828;-6.875;2118.121412;0.008642;15399.709298;3
1416720.534483;4856685.038793;-6.875;2150.550111;0.008855;15260.372913;3
1416720.706897;4856684.857759;-6.875;2167.826113;0.008956;15207.999033;3
1416720.87931;4856684.676724;-6.875;2175.765313;0.008872;15408.004188;3
1416721.051724;4856684.49569;-6.875;2185.336439;0.008935;15367.429955;3
1416721.224138;4856684.314655;-6.875;2184.692699;0.008918;15392.660006;3
1416721.396552;4856684.133621;-6.875;2174.018868;0.008658;15777.52439;3
1416721.568966;4856683.952586;-6.875;2139.895004;0.008195;16405.957612;3
1416721.741379;4856683.771552;-6.875;2100.646914;0.00767;17207.987932;3
1416721.913793;4856683.590517;-6.875;2058.498741;0.007567;17092.363953;3
1416722.086207;4856683.409483;-6.875;2016.963446;0.007303;17353.492738;3
1416722.258621;4856683.228448;-6.875;1973.035479;0.007154;17329.348041;3
1416722.431034;4856683.047414;-6.875;1927.889318;0.006798;17818.008518;3
1416722.603448;4856682.866379;-6.875;1880.428033;0.006565;17997.325651;3
1416722.775862;4856682.685345;-6.875;1830.849213;0.006448;17840.617692;3
1416722.948276;4856682.50431;-6.875;1780.27454;0.005986;18686.075113;3
1416723.12069;4856682.323276;-6.875;1729.848944;0.005518;19696.168121;3
1416723.293103;4856682.142241;-6.875;1687.143906;0.005109;20750.090855;3
1416723.465517;4856681.961207;-6.875;1644.462348;0.004557;22671.7334;3
1416723.637931;4856681.780172;-6.875;1605.877118;0.0043;23464.121037;3
1416723.810345;4856681.599138;-6.875;1567.835027;0.003788;26004.276429;3
1416723.982759;4856681.418103;-6.875;1528.601884;0.003511;27354.599725;3
1416724.155172;4856681.237069;-6.875;1492.683878;0.003217;29151.17596;3
1416724.327586;4856681.056034;-6.875;1455.830397;0.003138;29152.14945;3
1416724.5;4856680.875;-6.875;1423.510208;0.003051;29318.525465;3
1416724.672414;4856680.693966;-6.875;1392.178197;0.002833;30878.413536;3
1416724.844828;4856680.512931;-6.875;1358.86912;0.002881;29635.777734;3
1416725.017241;4856680.331897;-6.875;1326.25439;0.003027;27532.768485;3
1416725.189655;4856680.150862;-6.875;1297.089151;0.003227;25252.17899;3
1416725.362069;4856679.969828;-6.875;1269.0849;0.003398;23466.666534;3
1416725.534483;4856679.788793;-6.875;1244.642262;0.003582;21832.250556;3
1416725.706897;4856679.607759;-6.875;1224.500673;0.003987;19298.125648;3
1416725.87931;4856679.426724;-6.875;1205.677032;0.004408;17185.848649;3
1416726.051724;4856679.24569;-6.875;1187.380384;0.004691;15902.707489;3
1416726.224138;4856679.064655;-6.875;1171.531612;0.005108;14411.52129;3
1416726.396552;4856678.883621;-6.875;1157.744637;0.005608;12970.736751;3
1416726.568966;4856678.702586;-6.875;1147.095876;0.005994;12023.748127;2
1416726.741379;4856678.521552;-6.875;1139.511277;0.006386;11212.082393;2
1416726.913793;4856678.340517;-6.875;1137.271662;0.006721;10631.322232;2
1416727.086207;4856678.159483;-6.875;1132.288654;0.006703;10614.282107;2
1416727.258621;4856677.978448;-6.875;1131.343016;0.006929;10259.227686;2
1416727.431034;4856677.797414;-6.875;1131.892955;0.007019;10131.898343;2
1416727.603448;4856677.616379;-6.875;1134.71148;0.006975;10222.028202;2
1416727.775862;4856677.435345;-6.875;1139.467816;0.006955;10294.102429;2
1416727.948276;4856677.25431;-6.875;1146.837567;0.006792;10609.720599;2
1416728.12069;4856677.073276;-6.875;1155.970016;0.006629;10957.308459;3
1416728.293103;4856676.892241;-6.875;1166.58386;0.006406;11442.808847;3
1416728.465517;4856676.711207;-6.875;1176.94104;0.00637;11609.533341;3
1416728.637931;4856676.530172;-6.875;1185.933429;0.006444;11564.114271;3
1416728.810345;4856676.349138;-6.875;1191.788446;0.00668;11209.912104;3
1416728.982759;4856676.168103;-6.875;1202.872074;0.007359;10270.728227;3
1416729.155172;4856675.987069;-6.875;1213.964605;0.007835;9735.241859;3
1416729.327586;4856675.806034;-6.875;1221.860206;0.008338;9207.922675;3
1416729.5;4856675.625;-6.875;1227.631451;0.008987;8582.819411;3
1416718.982759;4856686.668103;-7.125;1742.250016;0.00482;22711.166681;3
1416719.155172;4856686.487069;-7.125;1797.855645;0.005364;21060.470569;3
1416719.327586;4856686.306034;-7.125;1856.816965;0.005765;20236.730101;3
1416719.5;4856686.125;-7.125;1907.579103;0.006201;19329.198864;3
1416719.672414;4856685.943966;-7.125;1960.820956;0.006768;18203.845685;3
1416719.844828;4856685.762931;-7.125;2012.870611;0.007207;17548.112295;3
1416720.017241;4856685.581897;-7.125;2053.773857;0.007466;17284.76112;3
1416720.189655;4856685.400862;-7.125;2088.304661;0.00779;16843.122151;3
1416720.362069;4856685.219828;-7.125;2124.265302;0.008232;16213.663162;3
1416720.534483;4856685.038793;-7.125;2160.617473;0.008685;15631.313576;3
1416720.706897;4856684.857759;-7.125;2183.288253;0.009045;15165.709914;3
1416720.87931;4856684.676724;-7.125;2194.985576;0.009213;14969.576221;3
1416721.051724;4856684.49569;-7.125;2202.594169;0.009448;14648.010816;3
1416721.224138;4856684.314655;-7.125;2198.187034;0.009786;14113.189484;3
1416721.396552;4856684.133621;-7.125;2188.423265;0.009838;13976.650014;3
1416721.568966;4856683.952586;-7.125;2163.616943;0.00968;14043.187782;3
1416721.741379;4856683.771552;-7.125;2126.242345;0.009363;14269.029958;3
1416721.913793;4856683.590517;-7.125;2086.506164;0.009307;14086.294822;3
1416722.086207;4856683.409483;-7.125;2043.890972;0.009089;14129.888527;3
1416722.258621;4856683.228448;-7.125;1999.065949;0.008849;14193.546455;3
1416722.431034;4856683.047414;-7.125;1950.613891;0.008264;14830.98159;3
1416722.603448;4856682.866379;-7.125;1899.314308;0.007755;15389.430255;3
1416722.775862;4856682.685345;-7.125;1848.051678;0.007346;15806.689946;3
1416722.948276;4856682.50431;-7.125;1799.940408;0.006646;17017.231402;3
1416723.12069;4856682.323276;-7.125;1748.358042;0.005872;18708.945173;3
1416723.293103;4856682.142241;-7.125;1704.061998;0.005249;20399.432108;3
1416723.465517;4856681.961207;-7.125;1661.26803;0.004613;22625.179783;3
1416723.637931;4856681.780172;-7.125;1622.820433;0.00424;24049.472034;3
1416723.810345;4856681.599138;-7.125;1585.434025;0.003626;27471.055784;3
1416723.982759;4856681.418103;-7.125;1549.672808;0.0033;29508.363488;3
1416724.155172;4856681.237069;-7.125;1515.040566;0.003014;31580.420391;3
1416724.327586;4856681.056034;-7.125;1479.764003;0.002932;31713.072568;3
1416724.5;4856680.875;-7.125;1449.012693;0.002838;32081.856095;3
1416724.672414;4856680.693966;-7.125;1421.671353;0.002532;35283.594189;3
1416724.844828;4856680.512931;-7.125;1391.592357;0.002454;35628.347345;3
1416725.017241;4856680.331897;-7.125;1363.078414;0.002484;34479.57921;3
1416725.189655;4856680.150862;-7.125;1335.007451;0.00251;33414.413;3
1416725.362069;4856679.969828;-7.125;1309.277878;0.002612;31492.193891;3
1416725.534483;4856679.788793;-7.125;1286.105787;0.002944;27447.106015;3
1416725.706897;4856679.607759;-7.125;1265.690459;0.003423;23229.986152;3
1416725.87931;4856679.426724;-7.125;1244.913852;0.003861;20260.766215;3
1416726.051724;4856679.24569;-7.125;1226.502132;0.004227;18232.376155;3
1416726.224138;4856679.064655;-7.125;1208.705253;0.00452;16802.035382;3
1416726.396552;4856678.883621;-7.125;1193.103908;0.00491;15269.000916;3
1416726.568966;4856678.702586;-7.125;1178.821807;0.005293;13994.564343;3
1416726.741379;4856678.521552;-7.125;1167.882642;0.00574;12783.784678;3
1416726.913793;4856678.340517;-7.125;1161.212255;0.006112;11937.545809;3
1416727.086207;4856678.159483;-7.125;1154.531368;0.006351;11421.737057;3
1416727.258621;4856677.978448;-7.125;1152.268092;0.006724;10767.702041;3
1416727.431034;4856677.797414;-7.125;1152.563506;0.006791;10663.415097;3
1416727.603448;4856677.616379;-7.125;1154.668658;0.006696;10834.223257;3
1416727.775862;4856677.435345;-7.125;1158.907997;0.006639;10968.405642;3
1416727.948276;4856677.25431;-7.125;1164.03242;0.006388;11449.280977;3
1416728.12069;4856677.073276;-7.125;1172.54398;0.006358;11588.349165;3
1416728.293103;4856676.892241;-7.125;1180.800268;0.006399;11593.777243;3
1416728.465517;4856676.711207;-7.125;1188.890821;0.006626;11273.128741;3
1416728.637931;4856676.530172;-7.125;1198.422918;0.006982;10785.40068;3
1416728.810345;4856676.349138;-7.125;1207.663753;0.007213;10520.402437;3
1416728.982759;4856676.168103;-7.125;1219.216561;0.007914;9679.40735;3
1416729.155172;4856675.987069;-7.125;1227.541844;0.008346;9241.149887;3
1416719.327586;4856686.306034;-7.375;1832.034538;0.005058;22760.175442;3
1416719.5;4856686.125;-7.375;1883.564404;0.005681;20832.478591;3
1416719.672414;4856685.943966;-7.375;1939.366505;0.006543;18622.453237;3
1416719.844828;4856685.762931;-7.375;1994.372546;0.007284;17202.827079;3
1416720.017241;4856685.581897;-7.375;2049.421646;0.007747;16621.818554;3
1416720.189655;4856685.400862;-7.375;2098.144554;0.00826;15960.142026;3
1416720.362069;4856685.219828;-7.375;2142.8892;0.008773;15347.840917;3
1416720.534483;4856685.038793;-7.375;2180.833568;0.009276;14772.707597;3
1416720.706897;4856684.857759;-7.375;2208.293015;0.009505;14597.115042;3
1416720.87931;4856684.676724;-7.375;2222.678609;0.009491;14713.760624;3
1416721.051724;4856684.49569;-7.375;2230.22165;0.009521;14717.870395;3
1416721.224138;4856684.314655;-7.375;2226.656915;0.009643;14508.205408;3
1416721.396552;4856684.133621;-7.375;2222.211313;0.009554;14614.29438;3
1416721.568966;4856683.952586;-7.375;2198.064423;0.009263;14909.754765;3
1416721.741379;4856683.771552;-7.375;2162.804071;0.008813;15419.979998;3
1416721.913793;4856683.590517;-7.375;2122.608943;0.008693;15342.486412;3
1416722.086207;4856683.409483;-7.375;2076.330524;0.008425;15484.195857;3
1416722.258621;4856683.228448;-7.375;2027.750294;0.00812;15691.226399;3
1416722.431034;4856683.047414;-7.375;1980.355835;0.007466;16666.759702;3
1416722.603448;4856682.866379;-7.375;1928.333046;0.007032;17228.744251;3
1416722.775862;4856682.685345;-7.375;1879.59565;0.006754;17484.766312;3
1416722.948276;4856682.50431;-7.375;1833.825676;0.006086;18933.477772;3
1416723.12069;4856682.323276;-7.375;1785.212842;0.005401;20767.889652;3
1416723.293103;4856682.142241;-7.375;1741.113228;0.004848;22567.342282;3
1416723.465517;4856681.961207;-7.375;1698.942667;0.004261;25053.568052;3
1416723.637931;4856681.780172;-7.375;1660.127737;0.00393;26540.354274;3
1416723.810345;4856681.599138;-7.375;1621.423171;0.003401;29955.046987;3
1416723.982759;4856681.418103;-7.375;1585.873543;0.003112;32023.07354;3
1416724.155172;4856681.237069;-7.375;1551.259948;0.002859;34095.957846;3
1416724.327586;4856681.056034;-7.375;1515.81145;0.002802;33991.636907;3
1416724.5;4856680.875;-7.375;1485.392602;0.002757;33847.278986;3
1416724.672414;4856680.693966;-7.375;1457.045135;0.002654;34491.864322;3
1416724.844828;4856680.512931;-7.375;1425.89641;0.002771;32334.197217;3
1416725.017241;4856680.331897;-7.375;1397.125344;0.002908;30185.890303;3
1416725.189655;4856680.150862;-7.375;1371.113205;0.003104;27758.233093;3
1416725.362069;4856679.969828;-7.375;1345.071309;0.003141;26904.043063;3
1416725.534483;4856679.788793;-7.375;1319.836039;0.003371;24598.661113;3
1416725.706897;4856679.607759;-7.375;1297.470749;0.003782;21557.608488;3
1416725.87931;4856679.426724;-7.375;1275.473221;0.004173;19203.418067;3
1416726.051724;4856679.24569;-7.375;1255.835311;0.004492;17565.899257;3
1416726.224138;4856679.064655;-7.375;1236.940521;0.004754;16347.237271;3
1416726.396552;4856678.883621;-7.375;1219.912119;0.005082;15082.536542;3
1416726.568966;4856678.702586;-7.375;1203.748643;0.005182;14594.433679;3
1416726.741379;4856678.521552;-7.375;1190.692408;0.005358;13961.745416;3
1416726.913793;4856678.340517;-7.375;1183.013554;0.005696;13050.008601;3
1416727.086207;4856678.159483;-7.375;1173.826762;0.005849;12609.3037;3
1416727.258621;4856677.978448;-7.375;1169.21758;0.006241;11770.864678;3
1416727.431034;4856677.797414;-7.375;1168.434834;0.006368;11528.340637;3
1416727.603448;4856677.616379;-7.375;1169.861112;0.006339;11596.339269;3
1416727.775862;4856677.435345;-7.375;1173.16143;0.006369;11572.659554;3
1416727.948276;4856677.25431;-7.375;1176.002404;0.006343;11648.745629;3
1416728.12069;4856677.073276;-7.375;1182.850579;0.006563;11324.966615;3
1416728.293103;4856676.892241;-7.375;1190.967443;0.006893;10856.144531;3
1416728.465517;4856676.711207;-7.375;1200.900635;0.007269;10380.518095;3
1416728.637931;4856676.530172;-7.375;1212.161251;0.007892;9650.677933;3
1416719.844828;4856685.762931;-7.625;2015.744383;0.007637;16584.282844;3
1416720.017241;4856685.581897;-7.625;2068.665321;0.008175;15898.52822;3
1416720.189655;4856685.400862;-7.625;2114.197222;0.008767;15152.332604;3
1416720.362069;4856685.219828;-7.625;2158.00412;0.009361;14484.129324;3
1416720.534483;4856685.038793;-7.625;2195.406134;0.009903;13928.557767;3
1416720.706897;4856684.857759;-7.625;2222.055862;0.010214;13668.952094;3
1416720.87931;4856684.676724;-7.625;2239.653777;0.010152;13861.698848;3
1416721.051724;4856684.49569;-7.625;2252.527057;0.009898;14298.803877;3
1416721.224138;4856684.314655;-7.625;2247.836534;0.009751;14484.604657;3
1416721.396552;4856684.133621;-7.625;2238.16839;0.009488;14822.276969;3
1416721.568966;4856683.952586;-7.625;2221.591655;0.009081;15371.119276;3
1416721.741379;4856683.771552;-7.625;2195.136306;0.008565;16103.088895;3
1416721.913793;4856683.590517;-7.625;2163.224862;0.008368;16241.891923;3
1416722.086207;4856683.409483;-7.625;2127.609192;0.007959;16795.230663;3
1416722.258621;4856683.228448;-7.625;2085.916859;0.007506;17461.403879;3
1416722.431034;4856683.047414;-7.625;2039.345307;0.006742;19004.636506;3
1416722.603448;4856682.866379;-7.625;1988.246034;0.006145;20330.038128;3
1416722.775862;4856682.685345;-7.625;1937.197349;0.005829;20881.183251;3
1416722.948276;4856682.50431;-7.625;1887.921198;0.005373;22075.447614;3
1416723.12069;4856682.323276;-7.625;1839.973939;0.004874;23720.753595;3
1416723.293103;4856682.142241;-7.625;1793.701493;0.004371;25786.556212;3
1416723.465517;4856681.961207;-7.625;1749.53859;0.003839;28636.985149;3
1416723.637931;4856681.780172;-7.625;1708.010923;0.003481;30825.763681;3
1416723.810345;4856681.599138;-7.625;1669.027702;0.003226;32503.013412;3
1416723.982759;4856681.418103;-7.625;1631.678136;0.003282;31234.593123;3
1416724.155172;4856681.237069;-7.625;1595.459641;0.003372;29726.435708;3
1416724.327586;4856681.056034;-7.625;1559.67383;0.003613;27123.52503;3
1416724.5;4856680.875;-7.625;1527.260554;0.003677;26100.195033;3
1416724.672414;4856680.693966;-7.625;1497.297324;0.003657;25722.893242;3
1416724.844828;4856680.512931;-7.625;1466.817544;0.003803;24234.675437;3
1416725.017241;4856680.331897;-7.625;1438.477642;0.003954;22856.623458;3
1416725.189655;4856680.150862;-7.625;1410.189509;0.004199;21102.256897;3
1416725.362069;4856679.969828;-7.625;1382.337;0.004282;20284.584544;3
1416725.534483;4856679.788793;-7.625;1355.163363;0.004555;18693.85947;3
1416725.706897;4856679.607759;-7.625;1329.506546;0.0047;17772.975902;3
1416725.87931;4856679.426724;-7.625;1303.97089;0.004835;16943.878731;3
1416726.051724;4856679.24569;-7.625;1279.736488;0.004783;16811.013077;3
1416726.224138;4856679.064655;-7.625;1257.038805;0.004723;16722.92454;3
1416726.396552;4856678.883621;-7.625;1237.826591;0.004929;15778.49931;3
1416726.568966;4856678.702586;-7.625;1222.417736;0.005104;15047.16246;3
1416726.741379;4856678.521552;-7.625;1208.671774;0.00539;14089.870084;3
1416726.913793;4856678.340517;-7.625;1198.303357;0.005749;13095.951479;3
1416727.086207;4856678.159483;-7.625;1188.331267;0.005916;12620.555708;3
1416727.258621;4856677.978448;-7.625;1182.537093;0.006341;11717.550822;3
1416727.431034;4856677.797414;-7.625;1179.274715;0.006637;11163.894032;3
1416727.603448;4856677.616379;-7.625;1177.782294;0.006816;10857.207133;3
1416727.775862;4856677.435345;-7.625;1179.988758;0.007056;10507.71281;3
1416720.189655;4856685.400862;-7.875;2127.807167;0.00829;16126.600017;3
1416720.362069;4856685.219828;-7.875;2174.864856;0.008886;15379.034301;3
1416720.534483;4856685.038793;-7.875;2213.935985;0.009528;14600.373491;3
1416720.706897;4856684.857759;-7.875;2239.906333;0.009953;14140.122287;3
1416720.87931;4856684.676724;-7.875;2257.363805;0.009949;14255.883445;3
1416721.051724;4856684.49569;-7.875;2266.815534;0.009854;14454.036471;3
1416721.224138;4856684.314655;-7.875;2263.422434;0.009772;14552.874885;3
1416721.396552;4856684.133621;-7.875;2256.508036;0.009372;15127.723183;3
1416721.568966;4856683.952586;-7.875;2239.244891;0.00873;16115.557841;3
1416721.741379;4856683.771552;-7.875;2212.808695;0.008192;16971.509286;3
1416721.913793;4856683.590517;-7.875;2181.158973;0.007947;17244.240872;3
1416722.086207;4856683.409483;-7.875;2147.188399;0.007542;17887.051924;3
1416722.258621;4856683.228448;-7.875;2107.96126;0.007127;18583.990676;3
1416722.431034;4856683.047414;-7.875;2065.486912;0.00639;20309.555582;3
1416722.603448;4856682.866379;-7.875;2019.561095;0.005755;22048.700196;3
1416722.775862;4856682.685345;-7.875;1973.061696;0.00541;22917.115158;3
1416722.948276;4856682.50431;-7.875;1926.351277;0.004858;24915.131376;3
1416723.12069;4856682.323276;-7.875;1877.962806;0.004337;27206.626272;3
1416723.293103;4856682.142241;-7.875;1830.797834;0.004001;28748.39421;3
1416723.465517;4856681.961207;-7.875;1786.559873;0.003744;29982.843668;3
1416723.637931;4856681.780172;-7.875;1744.586961;0.003455;31729.73159;3
1416723.810345;4856681.599138;-7.875;1705.296989;0.003271;32752.647821;3
1416723.982759;4856681.418103;-7.875;1666.66539;0.003332;31428.350101;3
1416724.155172;4856681.237069;-7.875;1629.22002;0.003437;29782.504381;3
1416724.327586;4856681.056034;-7.875;1592.899977;0.003742;26747.840543;3
1416724.5;4856680.875;-7.875;1560.231526;0.003936;24908.697532;3
1416724.672414;4856680.693966;-7.875;1529.98841;0.004037;23810.438052;3
1416724.844828;4856680.512931;-7.875;1498.957863;0.004258;22117.593977;3
1416725.017241;4856680.331897;-7.875;1469.722278;0.004465;20680.322998;3
1416725.189655;4856680.150862;-7.875;1440.402692;0.004748;19060.103179;3
1416725.362069;4856679.969828;-7.875;1411.302172;0.004869;18211.508022;3
1416725.534483;4856679.788793;-7.875;1383.114198;0.005166;16820.683296;3
1416725.706897;4856679.607759;-7.875;1354.87369;0.005185;16417.115299;3
1416725.87931;4856679.426724;-7.875;1327.031261;0.005213;15994.617159;3
1416726.051724;4856679.24569;-7.875;1302.167413;0.005236;15626.068541;3
1416726.224138;4856679.064655;-7.875;1278.894667;0.005229;15368.247073;3
1416726.396552;4856678.883621;-7.875;1258.510099;0.005492;14398.289813;3
1416726.568966;4856678.702586;-7.875;1240.308229;0.005705;13659.454465;3
1416726.741379;4856678.521552;-7.875;1225.010042;0.006082;12654.279169;3
1416726.913793;4856678.340517;-7.875;1213.496641;0.006537;11664.673552;3
1416720.87931;4856684.676724;-8.125;2276.675891;0.008458;16912.415328;3
1416721.051724;4856684.49569;-8.125;2286.104503;0.00865;16606.35494;3
1416721.224138;4856684.314655;-8.125;2281.797879;0.008799;16293.420698;3
1416721.396552;4856684.133621;-8.125;2270.97612;0.008674;16450.526167;3
1416721.568966;4856683.952586;-8.125;2252.810669;0.008303;17048.565335;3
1416721.741379;4856683.771552;-8.125;2226.899876;0.007832;17864.514078;3
1416721.913793;4856683.590517;-8.125;2198.153103;0.007348;18796.193483;3
1416722.086207;4856683.409483;-8.125;2161.151754;0.006826;19891.756961;3
1416722.258621;4856683.228448;-8.125;2119.457477;0.00628;21204.269013;3
1416722.431034;4856683.047414;-8.125;2076.535885;0.005529;23596.60092;3
1416722.603448;4856682.866379;-8.125;2033.397373;0.004936;25886.162688;3
1416722.775862;4856682.685345;-8.125;1989.853998;0.004628;27013.479582;3
1416722.948276;4856682.50431;-8.125;1947.895046;0.004084;29970.539493;3
1416723.12069;4856682.323276;-8.125;1903.55705;0.003608;33153.055456;3
1416723.293103;4856682.142241;-8.125;1858.298976;0.003232;36127.158444;3
1416723.465517;4856681.961207;-8.125;1814.275186;0.002953;38608.3;3
1416723.637931;4856681.780172;-8.125;1772.623756;0.002742;40616.786193;3
1416723.810345;4856681.599138;-8.125;1732.31643;0.002948;36918.794582;3
1416723.982759;4856681.418103;-8.125;1698.927165;0.003197;33394.194444;3
1416724.155172;4856681.237069;-8.125;1666.398389;0.003514;29794.242015;3
1416724.327586;4856681.056034;-8.125;1633.449894;0.003926;26141.500872;3
1416724.5;4856680.875;-8.125;1599.308333;0.004215;23838.580121;3
1416724.672414;4856680.693966;-8.125;1567.511968;0.004406;22353.404157;3
1416724.844828;4856680.512931;-8.125;1533.505164;0.004767;20212.887351;3
1416725.017241;4856680.331897;-8.125;1501.593288;0.005076;18588.338105;3
1416725.189655;4856680.150862;-8.125;1470.658032;0.005467;16901.559093;3
1416725.362069;4856679.969828;-8.125;1439.767072;0.005701;15868.324542;3
1416725.534483;4856679.788793;-8.125;1409.278184;0.006109;14494.50889;3
1416725.706897;4856679.607759;-8.125;1381.11522;0.006274;13831.880566;3
1416725.87931;4856679.426724;-8.125;1350.771658;0.00652;13016.776974;3
1416726.051724;4856679.24569;-8.125;1323.554346;0.006743;12333.60311;3
1416721.741379;4856683.771552;-8.375;2248.455596;0.006404;22060.489358;3
1416721.913793;4856683.590517;-8.375;2216.612225;0.006172;22566.105902;3
1416722.086207;4856683.409483;-8.375;2179.945164;0.005882;23285.417096;3
1416722.258621;4856683.228448;-8.375;2138.00774;0.005425;24761.983145;3
1416722.431034;4856683.047414;-8.375;2096.197293;0.004785;27526.508035;3
1416722.603448;4856682.866379;-8.375;2053.298585;0.004279;30153.31841;3
1416722.775862;4856682.685345;-8.375;2011.652269;0.00378;33438.349635;3
1416722.948276;4856682.50431;-8.375;1968.742755;0.003322;37241.043857;3
1416723.12069;4856682.323276;-8.375;1925.684162;0.002916;41493.898211;3
1416723.293103;4856682.142241;-8.375;1881.282327;0.002644;44712.199992;3
1416723.465517;4856681.961207;-8.375;1839.120783;0.002496;46302.527787;3
1416723.637931;4856681.780172;-8.375;1798.78387;0.002425;46603.77153;3
1416723.810345;4856681.599138;-8.375;1760.882997;0.002653;41706.622685;3
1416723.982759;4856681.418103;-8.375;1726.556842;0.002965;36585.086497;3
1416724.155172;4856681.237069;-8.375;1693.397833;0.003346;31798.868633;3
1416724.327586;4856681.056034;-8.375;1659.386855;0.003833;27198.557131;3
1416724.5;4856680.875;-8.375;1624.730779;0.00423;24133.989878;3
1416724.672414;4856680.693966;-8.375;1591.034474;0.004822;20733.525775;3
1416724.844828;4856680.512931;-8.375;1559.109423;0.005394;18160.361456;3
1416725.017241;4856680.331897;-8.375;1526.959705;0.005946;16134.824633;3
1416725.189655;4856680.150862;-8.375;1495.990146;0.006544;14363.62014;3
