Column1;Column2;Column3;Column4;Column5;Column6;Column7;Column10;Column11;Column12;Column13;Column14;Column15
Time;soil_moisture_at_depth_0;soil_moisture_at_depth_1;soil_moisture_at_depth_2;soil_moisture_at_depth_3 ;soil_moisture_at_depth_4;soil_moisture_at_depth_5 ;soil_temperature_at_depth_0;soil_temperature_at_depth_1;soil_temperature_at_depth_2;soil_temperature_at_depth_3 ;soil_temperature_at_depth_4 ;soil_temperature_at_depth_5 
2024-04-02 13:26:28;15.1;30.5;36.0;43.4;59.1;76.9;25.3 °C;22.4;22.1;21.3;20.1;19.4
2024-04-02 13:36:31;15.1;30.6;36.0;43.4;58.9;76.8;23.4 °C;20.4;20.1;19.6;18.8;18.3
2024-04-02 13:46:24;15.2;30.6;36;43.3;58.9;76.7;22.3 °C;19.4;19.1;18.7;18.1;17.8
2024-04-02 13:56:26;15.2;30.6;36.0;43.3;58.8;76.6;21.6 °C;18.8;18.4;18.1;17.8;17.4
2024-04-02 14:06:27;15.2;30.7;36.0;43.3;58.8;76.6;21.2 °C;18.4;18.1;17.8;17.5;17.3
2024-04-02 14:16:25;15.2;30.8;36.0;43.3;58.8;76.5;21.1 °C;18.1;17.9;17.6;17.4;17.1
2024-04-02 14:26:24;15.2;30.8;36.0;43.3;58.8;76.5;21 °C;18;17.7;17.5;17.3;17
2024-04-02 14:36:26;15.2;30.9;36.0;43.3;58.8;76.5;21 °C;17.9;17.6;17.4;17.1;16.9
2024-04-02 14:46:30;15.3;30.9;36.0;43.3;58.7;76.5;21.1 °C;17.9;17.5;17.3;17.1;16.8
2024-04-02 14:56:30;15.3;30.9;36.0;43.3;58.8;76.5;21.1 °C;17.9;17.4;17.2;17;16.8
2024-04-02 15:06:30;15.3;31.0;36.1;43.3;58.8;76.5;21.2 °C;17.9;17.4;17.1;16.9;16.8
2024-04-02 15:16:30;15.3;31.0;36.1;43.3;58.8;76.5;21.3 °C;17.9;17.4;17.1;16.9;16.7
2024-04-02 15:26:26;15.3;31.1;36.1;43.3;58.8;76.5;21.3 °C;17.9;17.4;17.1;16.8;16.6
2024-04-02 15:36:26;15.3;31.1;36.1;43.3;58.8;76.5;21.4 °C;17.9;17.3;17.1;16.8;16.6
2024-04-02 15:46:26;15.4;31.1;36.1;43.3;58.8;76.5;21.4 °C;18;17.3;17;16.8;16.6
2024-04-02 15:56:26;15.4;31.1;36.1;43.3;58.8;76.5;21.4 °C;18;17.3;17;16.8;16.6
2024-04-02 16:06:31;15.4;31.2;36.1;43.3;58.8;76.5;21.4 °C;18.1;17.3;16.9;16.8;16.6
2024-04-02 16:16:29;15.4;31.2;36.1;43.4;58.8;76.5;21.5 °C;18.1;17.3;16.9;16.7;16.5
2024-04-02 16:26:24;15.4;31.2;36.1;43.4;58.8;76.5;21.5 °C;18.2;17.3;16.9;16.7;16.5
2024-04-02 16:36:24;15.4;31.2;36.2;43.4;58.8;76.5;21.5 °C;18.2;17.3;16.9;16.7;16.5
2024-04-02 16:46:31;15.4;31.3;36.2;43.4;58.8;76.5;21.4 °C;18.3;17.3;16.9;16.6;16.5
2024-04-02 16:56:24;15.4;31.3;36.2;43.4;58.8;76.5;21.4 °C;18.3;17.4;16.9;16.6;16.5
2024-04-02 17:06:24;15.5;31.3;36.2;43.4;58.8;76.5;21.4 °C;18.3;17.4;16.9;16.6;16.4
2024-04-02 17:16:27;15.5;31.3;36.2;43.4;58.8;76.5;21.4 °C;18.4;17.4;16.9;16.6;16.4
2024-04-02 17:26:24;15.5;31.3;36.2;43.4;58.8;76.5;21.3 °C;18.4;17.4;16.9;16.6;16.4
2024-04-02 17:36:26;15.5;31.4;36.2;43.4;58.9;76.5;21.3 °C;18.4;17.4;16.9;16.6;16.4
2024-04-02 17:46:31;15.5;31.4;36.2;43.4;58.9;76.5;21.2 °C;18.5;17.4;16.9;16.6;16.4
2024-04-02 17:56:28;15.5;31.4;36.2;43.4;58.9;76.5;21.1 °C;18.5;17.4;16.9;16.6;16.4
2024-04-02 18:06:27;15.6;31.4;36.2;43.4;58.9;76.5;21.1 °C;18.6;17.4;16.9;16.6;16.4
2024-04-02 18:16:28;15.5;31.4;36.2;43.4;58.9;76.5;21 °C;18.6;17.5;16.9;16.6;16.4
2024-04-02 18:26:29;15.6;31.4;36.2;43.4;58.9;76.5;20.9 °C;18.6;17.5;16.9;16.6;16.4
2024-04-02 18:36:26;15.6;31.5;36.3;43.4;58.9;76.5;20.8 °C;18.6;17.5;16.9;16.6;16.4
2024-04-02 18:46:31;15.6;31.5;36.3;43.4;58.9;76.5;20.7 °C;18.6;17.6;16.9;16.6;16.4
2024-04-02 18:56:24;15.6;31.5;36.3;43.4;58.9;76.5;20.6 °C;18.7;17.6;16.9;16.6;16.4
2024-04-02 19:06:28;15.6;31.5;36.3;43.5;58.9;76.6;20.4 °C;18.7;17.6;16.9;16.6;16.4
2024-04-02 19:16:27;15.6;31.6;36.3;43.5;58.9;76.6;20.3 °C;18.7;17.6;16.9;16.6;16.4
2024-04-02 19:26:24;15.7;31.5;36.3;43.5;58.9;76.5;20.3 °C;18.7;17.6;16.9;16.6;16.4
2024-04-02 19:36:24;15.6;31.6;36.3;43.5;58.9;76.6;20.1 °C;18.7;17.6;16.9;16.5;16.4
2024-04-02 19:46:31;15.7;31.6;36.3;43.5;58.9;76.6;20 °C;18.7;17.7;16.9;16.5;16.4
2024-04-02 19:56:28;15.7;31.6;36.3;43.5;58.9;76.5;19.9 °C;18.7;17.7;16.9;16.5;16.4
2024-04-02 20:06:26;15.7;31.6;36.4;43.5;58.9;76.6;19.8 °C;18.7;17.7;16.9;16.5;16.4
2024-04-02 20:16:30;15.7;31.6;36.4;43.5;58.9;76.6;19.6 °C;18.7;17.7;16.9;16.5;16.4
2024-04-02 20:26:25;15.7;31.6;36.4;43.6;58.9;76.6;19.6 °C;18.7;17.8;16.9;16.6;16.4
2024-04-02 20:36:26;15.7;31.6;36.4;43.6;58.9;76.6;19.4 °C;18.7;17.8;16.9;16.5;16.4
2024-04-02 20:46:31;15.7;31.6;36.4;43.6;58.9;76.6;19.3 °C;18.6;17.8;17;16.5;16.4
2024-04-02 20:56:24;15.7;31.6;36.4;43.6;58.9;76.6;19.2 °C;18.6;17.8;17;16.6;16.4
2024-04-02 21:06:24;15.7;31.6;36.4;43.6;59.0;76.6;19.1 °C;18.6;17.8;17;16.6;16.4
2024-04-02 21:16:26;15.7;31.6;36.4;43.6;59.0;76.6;19 °C;18.6;17.8;17;16.6;16.4
2024-04-02 21:26:23;15.7;31.6;36.4;43.6;59.0;76.6;18.9 °C;18.6;17.8;17;16.6;16.4
2024-04-02 21:36:26;15.7;31.6;36.4;43.6;59.0;76.6;18.8 °C;18.6;17.8;17;16.6;16.4
2024-04-02 21:46:31;15.7;31.6;36.4;43.6;59.0;76.6;18.7 °C;18.6;17.8;17;16.6;16.4
2024-04-02 21:56:27;15.7;31.7;36.4;43.6;59.0;76.6;18.6 °C;18.5;17.8;17.1;16.6;16.4
2024-04-02 22:06:25;15.7;31.7;36.4;43.6;59.0;76.6;18.5 °C;18.5;17.8;17.1;16.6;16.4
2024-04-02 22:16:30;15.7;31.7;36.4;43.6;59.0;76.6;18.4 °C;18.5;17.9;17.1;16.6;16.4
2024-04-02 22:26:26;15.7;31.7;36.4;43.6;59.0;76.6;18.3 °C;18.4;17.9;17.1;16.6;16.4
2024-04-02 22:36:24;15.7;31.7;36.4;43.6;59.0;76.6;18.2 °C;18.4;17.9;17.1;16.6;16.4
2024-04-02 22:46:27;15.7;31.7;36.4;43.6;59.0;76.6;18.1 °C;18.4;17.9;17.1;16.6;16.4
2024-04-02 22:56:24;15.7;31.7;36.4;43.7;59.0;76.6;18.1 °C;18.4;17.9;17.1;16.6;16.4
2024-04-02 23:06:24;15.7;31.7;36.5;43.7;59.0;76.6;17.9 °C;18.3;17.9;17.1;16.6;16.4
2024-04-02 23:16:27;15.7;31.7;36.5;43.7;59.0;76.6;17.9 °C;18.3;17.9;17.1;16.6;16.4
2024-04-02 23:26:28;15.7;31.7;36.5;43.7;59.0;76.6;17.8 °C;18.3;17.9;17.1;16.6;16.4
2024-04-02 23:36:24;15.7;31.7;36.5;43.7;59.1;76.6;17.7 °C;18.3;17.9;17.1;16.6;16.4
2024-04-02 23:46:27;15.8;31.7;36.5;43.7;59.0;76.6;17.6 °C;18.2;17.9;17.1;16.6;16.4
2024-04-02 23:56:27;15.8;31.7;36.5;43.7;59.1;76.6;17.5 °C;18.2;17.9;17.1;16.6;16.4
2024-04-03 00:06:29;15.8;31.7;36.5;43.7;59.0;76.6;17.4 °C;18.1;17.9;17.1;16.6;16.4
2024-04-03 00:16:30;15.8;31.7;36.5;43.7;59.0;76.6;17.3 °C;18.1;17.9;17.1;16.6;16.4
2024-04-03 00:26:30;15.8;31.7;36.5;43.7;59.0;76.6;17.3 °C;18.1;17.9;17.1;16.6;16.4
2024-04-03 00:36:24;15.8;31.7;36.5;43.7;59.0;76.6;17.2 °C;18.1;17.9;17.1;16.6;16.4
2024-04-03 00:46:31;15.8;31.7;36.5;43.7;59.0;76.6;17.1 °C;18;17.8;17.2;16.6;16.4
2024-04-03 00:56:24;15.8;31.7;36.5;43.7;59.1;76.6;17 °C;17.9;17.8;17.2;16.6;16.4
2024-04-03 01:06:28;15.8;31.7;36.5;43.7;59.0;76.6;16.9 °C;17.9;17.8;17.2;16.6;16.4
2024-04-03 01:16:27;16.0;31.7;36.5;43.7;59.1;76.6;16.8 °C;17.9;17.8;17.2;16.6;16.4
2024-04-03 01:26:25;16.4;31.7;36.5;43.7;59.1;76.6;16.8 °C;17.9;17.8;17.2;16.6;16.4
2024-04-03 01:36:25;15.9;31.7;36.5;43.7;59.1;76.6;16.7 °C;17.8;17.8;17.2;16.6;16.4
2024-04-03 01:46:29;15.9;31.7;36.5;43.7;59.1;76.6;16.6 °C;17.8;17.8;17.2;16.6;16.4
2024-04-03 01:56:25;16.0;31.7;36.5;43.7;59.1;76.6;16.6 °C;17.8;17.8;17.2;16.6;16.4
2024-04-03 02:06:24;16.0;31.7;36.5;43.7;59.1;76.6;16.5 °C;17.7;17.8;17.2;16.6;16.4
2024-04-03 02:16:24;16.0;31.7;36.5;43.7;59.1;76.6;16.4 °C;17.7;17.8;17.2;16.6;16.4
2024-04-03 02:26:30;16.0;31.7;36.5;43.8;59.1;76.6;16.4 °C;17.6;17.8;17.2;16.7;16.4
2024-04-03 02:36:28;16.0;31.8;36.5;43.8;59.1;76.7;16.3 °C;17.6;17.8;17.2;16.7;16.4
2024-04-03 02:46:27;16;31.8;36.5;43.7;59.1;76.6;16.2 °C;17.6;17.8;17.2;16.7;16.4
2024-04-03 02:56:28;16;31.7;36.5;43.7;59.1;76.6;16.1 °C;17.5;17.7;17.2;16.7;16.4
2024-04-03 03:06:27;16;31.7;36.5;43.8;59.1;76.6;16.1 °C;17.5;17.7;17.2;16.7;16.4
2024-04-03 03:16:30;16.0;31.7;36.5;43.8;59.1;76.6;16 °C;17.4;17.7;17.2;16.7;16.4
2024-04-03 03:26:31;16.0;31.7;36.5;43.8;59.1;76.7;15.9 °C;17.4;17.7;17.2;16.7;16.4
2024-04-03 03:36:25;16.0;31.7;36.5;43.8;59.1;76.6;15.9 °C;17.4;17.7;17.2;16.7;16.4
2024-04-03 03:46:29;16.0;31.7;36.5;43.8;59.1;76.7;15.8 °C;17.3;17.6;17.2;16.7;16.4
2024-04-03 03:56:28;16.0;31.7;36.5;43.8;59.1;76.7;15.8 °C;17.3;17.6;17.2;16.7;16.4
2024-04-03 04:06:27;16.0;31.7;36.5;43.8;59.1;76.7;15.7 °C;17.3;17.6;17.2;16.7;16.4
2024-04-03 04:16:26;16.0;31.7;36.5;43.8;59.1;76.7;15.6 °C;17.2;17.6;17.2;16.7;16.4
2024-04-03 04:26:26;16.0;31.7;36.5;43.8;59.1;76.7;15.6 °C;17.2;17.6;17.2;16.7;16.4
2024-04-03 04:36:23;16.0;31.7;36.5;43.8;59.2;76.7;15.6 °C;17.1;17.6;17.2;16.7;16.4
2024-04-03 04:46:29;16.0;31.7;36.5;43.8;59.1;76.7;15.5 °C;17.1;17.6;17.2;16.7;16.4
2024-04-03 04:56:30;16.0;31.7;36.5;43.8;59.2;76.7;15.4 °C;17.1;17.5;17.2;16.7;16.4
2024-04-03 05:06:30;16.0;31.7;36.5;43.8;59.2;76.7;15.4 °C;17;17.5;17.2;16.7;16.4
2024-04-03 05:16:28;16.0;31.7;36.5;43.8;59.2;76.7;15.3 °C;17;17.5;17.1;16.7;16.4
2024-04-03 05:26:30;16.1;31.7;36.5;43.8;59.2;76.7;15.3 °C;16.9;17.5;17.1;16.7;16.4
2024-04-03 05:36:23;16.1;31.8;36.5;43.8;59.2;76.7;15.3 °C;16.9;17.4;17.1;16.7;16.4
2024-04-03 05:46:30;16.1;31.8;36.5;43.8;59.2;76.7;15.2 °C;16.9;17.4;17.1;16.7;16.4
2024-04-03 05:56:27;16.1;31.8;36.5;43.8;59.2;76.7;15.1 °C;16.9;17.4;17.1;16.7;16.4
2024-04-03 06:06:24;16.1;31.8;36.5;43.8;59.2;76.7;15.1 °C;16.8;17.4;17.1;16.7;16.4
2024-04-03 06:16:23;16.1;31.8;36.5;43.8;59.2;76.7;15.1 °C;16.8;17.4;17.1;16.7;16.4
2024-04-03 06:26:29;16.1;31.8;36.5;43.8;59.2;76.7;15 °C;16.8;17.4;17.1;16.7;16.4
2024-04-03 06:36:29;16.1;31.8;36.5;43.8;59.2;76.7;14.9 °C;16.7;17.4;17.1;16.8;16.4
2024-04-03 06:46:31;16.1;31.8;36.5;43.8;59.2;76.7;14.9 °C;16.7;17.3;17.1;16.7;16.4
2024-04-03 06:56:28;16.1;31.8;36.5;43.8;59.2;76.7;14.9 °C;16.6;17.3;17.1;16.7;16.5
2024-04-03 07:06:27;16.1;31.8;36.5;43.8;59.2;76.7;14.8 °C;16.6;17.3;17.1;16.8;16.5
2024-04-03 07:16:30;16.1;31.8;36.5;43.8;59.2;76.7;14.8 °C;16.6;17.3;17.1;16.7;16.5
2024-04-03 07:26:26;16.1;31.8;36.5;43.8;59.2;76.7;14.8 °C;16.5;17.3;17.1;16.7;16.5
2024-04-03 07:36:23;16.1;31.8;36.5;43.8;59.2;76.7;14.7 °C;16.5;17.3;17.1;16.7;16.5
2024-04-03 07:46:30;16.1;31.8;36.5;43.8;59.2;76.7;14.7 °C;16.4;17.2;17.1;16.7;16.5
2024-04-03 07:56:26;16.1;31.8;36.5;43.8;59.2;76.7;14.7 °C;16.4;17.2;17.1;16.8;16.5
2024-04-03 08:06:27;16.1;31.8;36.5;43.8;59.2;76.7;14.6 °C;16.4;17.2;17.1;16.7;16.5
2024-04-03 08:16:25;16.1;31.8;36.5;43.8;59.2;76.7;14.6 °C;16.4;17.1;17.1;16.7;16.5
2024-04-03 08:26:27;16.1;31.8;36.5;43.8;59.2;76.7;14.6 °C;16.3;17.1;17;16.7;16.5
2024-04-03 08:36:28;16.1;31.8;36.5;43.8;59.2;76.7;14.7 °C;16.3;17.1;17;16.7;16.5
2024-04-03 08:46:27;16.1;31.8;36.5;43.8;59.2;76.7;14.7 °C;16.3;17.1;17;16.7;16.5
2024-04-03 08:56:25;16.1;31.8;36.5;43.8;59.2;76.7;14.8 °C;16.3;17.1;17;16.7;16.5
2024-04-03 09:06:30;16.1;31.8;36.5;43.8;59.2;76.7;14.8 °C;16.2;17.1;17;16.7;16.5
2024-04-03 09:16:26;16.1;31.8;36.5;43.8;59.2;76.7;14.9 °C;16.2;17;17;16.7;16.5
2024-04-03 09:26:24;16.2;31.8;36.5;43.8;59.2;76.7;14.9 °C;16.2;17;17;16.7;16.5
2024-04-03 09:36:26;16.1;31.8;36.5;43.8;59.2;76.7;15.1 °C;16.1;17;16.9;16.7;16.5
2024-04-03 09:46:24;16.2;31.8;36.5;43.8;59.2;76.7;15.2 °C;16.1;16.9;16.9;16.7;16.5
2024-04-03 09:56:26;16.1;31.8;36.5;43.8;59.2;76.7;15.3 °C;16.1;16.9;16.9;16.7;16.5
2024-04-03 10:06:27;16.1;31.8;36.5;43.8;59.2;76.7;15.4 °C;16.1;16.9;16.9;16.7;16.5
2024-04-03 10:16:26;16.1;31.8;36.5;43.8;59.2;76.7;15.6 °C;16.1;16.9;16.9;16.7;16.5
2024-04-03 10:26:29;16.1;31.8;36.5;43.8;59.2;76.7;15.8 °C;16.1;16.9;16.9;16.7;16.5
2024-04-03 10:36:24;16.1;31.8;36.5;43.8;59.2;76.7;15.9 °C;16.1;16.9;16.9;16.7;16.5
2024-04-03 10:46:27;16.1;31.8;36.5;43.8;59.2;76.7;16.1 °C;16.1;16.9;16.9;16.7;16.5
2024-04-03 10:56:25;16.1;31.8;36.5;43.8;59.2;76.7;16.3 °C;16.1;16.8;16.9;16.7;16.5
2024-04-03 11:06:25;16.1;31.8;36.5;43.8;59.2;76.7;16.5 °C;16.1;16.8;16.9;16.7;16.5
2024-04-03 11:16:30;16.2;31.8;36.5;43.8;59.2;76.7;16.7 °C;16.1;16.8;16.9;16.7;16.5
2024-04-03 11:26:23;16.2;31.8;36.5;43.8;59.2;76.7;16.9 °C;16.1;16.8;16.8;16.7;16.5
2024-04-03 11:36:27;16.2;31.8;36.5;43.8;59.2;76.7;17.1 °C;16.1;16.8;16.8;16.7;16.5
2024-04-03 11:46:28;16.2;31.9;36.5;43.8;59.2;76.7;17.3 °C;16.2;16.8;16.8;16.6;16.5
2024-04-03 11:56:27;16.2;31.9;36.5;43.8;59.2;76.7;17.5 °C;16.2;16.8;16.8;16.6;16.5
2024-04-03 12:06:25;16.2;31.9;36.5;43.8;59.2;76.7;17.6 °C;16.3;16.8;16.8;16.6;16.5
2024-04-03 12:16:30;16.1;31.9;36.5;43.8;59.2;76.7;17.8 °C;16.3;16.8;16.8;16.6;16.5
2024-04-03 12:26:24;16.2;31.9;36.5;43.8;59.2;76.7;17.9 °C;16.3;16.8;16.8;16.6;16.5
2024-04-03 12:36:28;16.2;31.9;36.5;43.8;59.2;76.7;18.1 °C;16.3;16.7;16.8;16.6;16.5
2024-04-03 12:46:23;16.1;31.9;36.5;43.8;59.2;76.7;18.2 °C;16.4;16.7;16.8;16.6;16.5
2024-04-03 12:56:30;16.1;31.9;36.5;43.8;59.2;76.7;18.4 °C;16.4;16.7;16.8;16.6;16.5
2024-04-03 13:06:27;16.2;31.9;36.5;43.8;59.2;76.7;18.5 °C;16.5;16.7;16.8;16.6;16.5
2024-04-03 13:16:30;16.2;31.9;36.5;43.8;59.2;76.7;18.7 °C;16.5;16.7;16.8;16.6;16.5
2024-04-03 13:26:28;16.2;31.9;36.5;43.8;59.2;76.7;18.9 °C;16.6;16.7;16.8;16.6;16.5
2024-04-03 13:36:29;16.2;31.9;36.5;43.8;59.2;76.7;19.1 °C;16.6;16.7;16.7;16.6;16.5
2024-04-03 13:46:28;16.2;32.0;36.5;43.8;59.2;76.7;19.3 °C;16.7;16.7;16.7;16.6;16.5
2024-04-03 13:56:27;16.2;32.0;36.5;43.8;59.2;76.7;19.4 °C;16.8;16.8;16.7;16.6;16.5
2024-04-03 14:06:29;16.2;32.0;36.5;43.8;59.2;76.7;19.6 °C;16.8;16.8;16.7;16.6;16.5
2024-04-03 14:16:26;16.2;32.0;36.5;43.8;59.2;76.7;19.8 °C;16.9;16.8;16.7;16.6;16.5
2024-04-03 14:26:24;16.2;32.0;36.5;43.8;59.2;76.7;19.9 °C;16.9;16.8;16.7;16.6;16.5
2024-04-03 14:36:28;16.2;32.0;36.5;43.8;59.2;76.7;20.1 °C;17;16.8;16.7;16.6;16.5
2024-04-03 14:46:28;16.2;32.0;36.5;43.8;59.2;76.7;20.2 °C;17.1;16.8;16.7;16.6;16.5
2024-04-03 14:56:23;16.2;32.0;36.5;43.8;59.2;76.7;20.3 °C;17.1;16.8;16.7;16.6;16.5
2024-04-03 15:06:26;16.2;32.0;36.5;43.8;59.2;76.7;20.3 °C;17.2;16.8;16.7;16.6;16.5
2024-04-03 15:16:23;16.2;32;36.5;43.8;59.2;76.7;20.4 °C;17.3;16.8;16.7;16.6;16.5
2024-04-03 15:26:29;16.2;32.0;36.5;43.8;59.2;76.7;20.4 °C;17.3;16.8;16.7;16.6;16.5
2024-04-03 15:36:29;16.2;32.0;36.5;43.8;59.2;76.7;20.4 °C;17.4;16.8;16.7;16.6;16.5
2024-04-03 15:46:29;16.2;32.0;36.5;43.8;59.2;76.7;20.4 °C;17.4;16.9;16.7;16.6;16.5
2024-04-03 15:56:29;16.2;32.1;36.5;43.8;59.2;76.7;20.4 °C;17.5;16.9;16.7;16.6;16.5
2024-04-03 16:06:25;16.2;32.1;36.5;43.8;59.2;76.7;20.4 °C;17.6;16.9;16.7;16.6;16.5
2024-04-03 16:16:23;16.1;32.0;36.5;43.8;59.2;76.7;20.4 °C;17.6;16.9;16.7;16.6;16.5
2024-04-03 16:26:30;16.1;32.1;36.5;43.8;59.2;76.7;20.3 °C;17.7;16.9;16.7;16.5;16.5
2024-04-03 16:36:24;16.1;32.1;36.5;43.8;59.2;76.7;20.3 °C;17.8;16.9;16.7;16.5;16.4
2024-04-03 16:46:23;16.1;32.1;36.5;43.8;59.2;76.7;20.3 °C;17.8;17;16.7;16.5;16.4
2024-04-03 16:56:25;16.2;32.1;36.5;43.8;59.2;76.7;20.3 °C;17.8;17;16.7;16.5;16.4
2024-04-03 17:06:24;16.2;32.1;36.6;43.8;59.2;76.7;20.3 °C;17.9;17.1;16.7;16.5;16.4
2024-04-03 17:16:29;16.2;32.1;36.6;43.8;59.2;76.7;20.3 °C;17.9;17.1;16.7;16.5;16.4
2024-04-03 17:26:30;16.1;32.1;36.6;43.8;59.2;76.7;20.2 °C;17.9;17.1;16.7;16.5;16.4
2024-04-03 17:36:27;16.2;32.1;36.6;43.8;59.2;76.7;20.2 °C;17.9;17.1;16.7;16.5;16.4
2024-04-03 17:46:23;16.1;32.1;36.6;43.8;59.2;76.7;20.2 °C;18;17.1;16.7;16.5;16.4
2024-04-03 17:56:30;16.2;32.1;36.6;43.8;59.2;76.7;20.1 °C;18;17.1;16.7;16.5;16.4
2024-04-03 18:06:22;16.2;32.1;36.6;43.8;59.2;76.8;20.1 °C;18.1;17.2;16.7;16.5;16.4
2024-04-03 18:16:29;16.1;32.1;36.6;43.8;59.2;76.7;20.1 °C;18.1;17.2;16.7;16.5;16.4
2024-04-03 18:26:30;16.2;32.1;36.6;43.8;59.2;76.8;20.1 °C;18.1;17.3;16.8;16.5;16.4
2024-04-03 18:36:24;16.1;32.1;36.6;43.8;59.2;76.7;20 °C;18.1;17.3;16.8;16.5;16.4
2024-04-03 18:46:23;16.2;32.1;36.6;43.8;59.2;76.8;19.9 °C;18.1;17.3;16.8;16.5;16.4
2024-04-03 18:56:29;16.2;32.1;36.6;43.8;59.2;76.8;19.9 °C;18.2;17.3;16.8;16.5;16.4
2024-04-03 19:06:23;16.2;32.1;36.6;43.8;59.3;76.7;19.8 °C;18.2;17.3;16.8;16.5;16.4
2024-04-03 19:16:26;16.2;32.1;36.6;43.9;59.3;76.8;19.8 °C;18.2;17.3;16.8;16.5;16.4
2024-04-03 19:26:28;16.1;32.1;36.6;43.9;59.3;76.7;19.6 °C;18.2;17.4;16.8;16.5;16.4
2024-04-03 19:36:27;16.2;32.1;36.6;43.8;59.3;76.8;19.6 °C;18.3;17.4;16.8;16.5;16.4
2024-04-03 19:46:23;16.2;32.1;36.6;43.8;59.2;76.8;19.4 °C;18.3;17.4;16.8;16.5;16.4
2024-04-03 19:56:26;16.1;32.1;36.6;43.8;59.2;76.8;19.4 °C;18.3;17.4;16.8;16.5;16.4
2024-04-03 20:06:24;16.2;32.1;36.6;43.8;59.2;76.8;19.3 °C;18.3;17.4;16.8;16.5;16.4
2024-04-03 20:16:27;16.2;32.1;36.6;43.9;59.3;76.8;19.1 °C;18.3;17.4;16.8;16.5;16.4
2024-04-03 20:26:25;16.2;32.1;36.6;43.8;59.3;76.8;19.1 °C;18.3;17.4;16.8;16.5;16.4
2024-04-03 20:36:28;16.2;32.1;36.6;43.9;59.3;76.8;18.9 °C;18.3;17.5;16.8;16.5;16.4
2024-04-03 20:46:29;16.2;32.1;36.6;43.9;59.3;76.8;18.8 °C;18.3;17.5;16.9;16.5;16.4
2024-04-03 20:56:26;16.2;32.1;36.6;43.9;59.3;76.8;18.8 °C;18.3;17.5;16.9;16.5;16.4
2024-04-03 21:06:28;16.2;32.1;36.6;43.9;59.3;76.8;18.6 °C;18.3;17.5;16.9;16.5;16.4
2024-04-03 21:16:28;16.2;32.1;36.7;43.9;59.3;76.8;18.5 °C;18.2;17.6;16.9;16.6;16.4
2024-04-03 21:26:28;16.2;32.1;36.7;43.9;59.3;76.8;18.4 °C;18.2;17.6;16.9;16.6;16.4
2024-04-03 21:36:23;16.2;32.1;36.7;43.9;59.3;76.8;18.3 °C;18.2;17.6;16.9;16.6;16.4
2024-04-03 21:46:29;16.2;32.1;36.6;43.9;59.3;76.8;18.2 °C;18.2;17.6;16.9;16.6;16.4
2024-04-03 21:56:24;16.2;32.2;36.7;43.9;59.3;76.8;18.1 °C;18.1;17.6;16.9;16.6;16.4
2024-04-03 22:06:24;16.2;32.2;36.7;43.9;59.3;76.8;18 °C;18.1;17.6;16.9;16.6;16.4
2024-04-03 22:16:29;16.2;32.1;36.7;43.9;59.3;76.8;17.9 °C;18.1;17.6;16.9;16.6;16.4
2024-04-03 22:26:26;16.2;32.1;36.7;43.9;59.3;76.8;17.8 °C;18.1;17.6;16.9;16.6;16.4
2024-04-03 22:36:27;16.2;32.1;36.7;43.9;59.3;76.8;17.8 °C;18.1;17.6;16.9;16.6;16.4
2024-04-03 22:46:24;16.2;32.1;36.7;43.9;59.3;76.8;17.6 °C;18;17.6;16.9;16.6;16.4
2024-04-03 22:56:24;16.2;32.1;36.7;43.9;59.3;76.8;17.6 °C;18;17.6;17;16.6;16.4
2024-04-03 23:06:29;16.2;32.1;36.7;43.9;59.3;76.8;17.5 °C;17.9;17.6;17;16.6;16.4
2024-04-03 23:16:26;16.2;32.1;36.7;43.9;59.3;76.8;17.4 °C;17.9;17.6;17;16.6;16.4
2024-04-03 23:26:27;16.2;32.1;36.7;43.9;59.3;76.8;17.3 °C;17.9;17.6;17;16.6;16.4
2024-04-03 23:36:22;16.2;32.1;36.7;43.9;59.3;76.8;17.3 °C;17.9;17.6;17;16.6;16.4
2024-04-03 23:46:29;16.2;32.1;36.7;43.9;59.3;76.8;17.1 °C;17.9;17.6;17;16.6;16.4
2024-04-03 23:56:30;16.2;32.1;36.7;43.9;59.3;76.8;17.1 °C;17.8;17.6;17;16.6;16.4
2024-04-04 00:06:23;16.2;32.1;36.7;43.9;59.3;76.8;17 °C;17.8;17.6;17;16.6;16.4
2024-04-04 00:16:23;16.2;32.1;36.7;43.9;59.3;76.8;16.9 °C;17.8;17.6;17;16.6;16.4
2024-04-04 00:26:29;16.2;32.1;36.7;43.9;59.3;76.8;16.8 °C;17.8;17.6;17.1;16.6;16.4
2024-04-04 00:36:23;16.2;32.1;36.7;43.9;59.3;76.8;16.8 °C;17.7;17.6;17.1;16.6;16.4
2024-04-04 00:46:26;16.2;32.1;36.7;43.9;59.3;76.8;16.7 °C;17.7;17.6;17.1;16.6;16.4
2024-04-04 00:56:27;16.2;32.1;36.7;43.9;59.3;76.8;16.6 °C;17.6;17.6;17.1;16.6;16.4
2024-04-04 01:06:27;16.2;32.1;36.7;43.9;59.3;76.8;16.5 °C;17.6;17.6;17.1;16.6;16.4
2024-04-04 01:16:26;16.2;32.1;36.7;43.9;59.3;76.8;16.4 °C;17.6;17.6;17.1;16.6;16.5
2024-04-04 01:26:28;16.3;32.1;36.7;43.9;59.3;76.8;16.4 °C;17.5;17.6;17.1;16.6;16.5
2024-04-04 01:36:27;16.2;32.1;36.7;43.9;59.3;76.8;16.3 °C;17.5;17.6;17.1;16.6;16.5
2024-04-04 01:46:26;16.3;32.1;36.7;43.9;59.3;76.8;16.2 °C;17.4;17.6;17.1;16.6;16.5
2024-04-04 01:56:24;16.3;32.1;36.7;43.9;59.3;76.8;16.1 °C;17.4;17.6;17.1;16.6;16.5
2024-04-04 02:06:24;16.3;32.1;36.7;43.9;59.3;76.8;16.1 °C;17.4;17.6;17.1;16.6;16.5
2024-04-04 02:16:25;16.3;32.1;36.7;43.9;59.3;76.8;16 °C;17.3;17.6;17.1;16.7;16.5
2024-04-04 02:26:26;16.3;32.1;36.7;43.9;59.3;76.8;15.9 °C;17.3;17.5;17.1;16.7;16.5
2024-04-04 02:36:28;16.3;32.1;36.7;43.9;59.3;76.8;15.9 °C;17.3;17.5;17.1;16.7;16.5
2024-04-04 02:46:24;16.3;32.1;36.7;43.9;59.3;76.8;15.8 °C;17.3;17.5;17.1;16.7;16.5
2024-04-04 02:56:23;16.3;32.1;36.7;44.0;59.3;76.8;15.8 °C;17.2;17.5;17.1;16.7;16.5
2024-04-04 03:06:22;16.2;32.1;36.7;43.9;59.3;76.8;15.7 °C;17.1;17.5;17.1;16.7;16.5
2024-04-04 03:16:28;16.3;32.1;36.7;43.9;59.3;76.8;15.6 °C;17.1;17.4;17.1;16.7;16.5
2024-04-04 03:26:29;16.3;32.1;36.7;43.9;59.3;76.8;15.6 °C;17.1;17.4;17.1;16.7;16.5
2024-04-04 03:36:30;16.3;32.1;36.7;44.0;59.3;76.8;15.5 °C;17.1;17.4;17.1;16.7;16.5
2024-04-04 03:46:27;16.3;32.1;36.7;44.0;59.4;76.8;15.4 °C;17;17.4;17.1;16.7;16.5
2024-04-04 03:56:26;16.3;32.1;36.7;44.0;59.4;76.8;15.4 °C;16.9;17.4;17.1;16.7;16.5
2024-04-04 04:06:28;16.3;32.0;36.7;43.9;59.3;76.9;15.3 °C;16.9;17.4;17.1;16.7;16.5
2024-04-04 04:16:25;16.3;32.0;36.7;44.0;59.4;76.9;15.3 °C;16.9;17.4;17.1;16.7;16.5
2024-04-04 04:26:26;16.3;32.0;36.7;44.0;59.4;76.9;15.2 °C;16.9;17.4;17.1;16.7;16.5
2024-04-04 04:36:24;16.3;32.0;36.7;43.9;59.3;76.8;15.1 °C;16.8;17.3;17.1;16.7;16.5
2024-04-04 04:46:27;16.3;32.0;36.7;44.0;59.4;76.8;15.1 °C;16.8;17.3;17.1;16.7;16.5
2024-04-04 04:56:22;16.3;32.0;36.7;43.9;59.3;76.8;15 °C;16.8;17.3;17.1;16.7;16.5
2024-04-04 05:06:25;16.3;32.0;36.7;43.9;59.4;76.8;15 °C;16.7;17.3;17.1;16.7;16.5
2024-04-04 05:16:30;16.3;32.0;36.7;43.9;59.3;76.9;14.9 °C;16.7;17.3;17.1;16.7;16.5
2024-04-04 05:26:23;16.3;32.0;36.7;43.9;59.3;76.8;14.9 °C;16.6;17.3;17.1;16.7;16.5
2024-04-04 05:36:22;16.3;32.0;36.7;44.0;59.4;76.9;14.8 °C;16.6;17.3;17.1;16.7;16.5
2024-04-04 05:46:24;16.3;32.0;36.6;44.0;59.3;76.9;14.8 °C;16.6;17.3;17;16.7;16.5
2024-04-04 05:56:24;16.3;32.0;36.7;43.9;59.3;76.9;14.8 °C;16.5;17.2;17;16.7;16.6
2024-04-04 06:06:28;16.3;32.0;36.6;43.9;59.4;76.8;14.7 °C;16.5;17.2;17;16.7;16.5
2024-04-04 06:16:30;16.3;32.0;36.6;43.9;59.3;76.9;14.7 °C;16.4;17.2;17;16.7;16.6
2024-04-04 06:26:27;16.4;32.0;36.6;43.9;59.4;76.8;14.6 °C;16.4;17.1;17;16.7;16.5
2024-04-04 06:36:24;16.3;32.0;36.6;43.9;59.3;76.9;14.6 °C;16.4;17.1;17;16.7;16.6
2024-04-04 06:46:28;16.3;32.0;36.6;43.9;59.3;76.9;14.6 °C;16.4;17.1;17;16.7;16.6
2024-04-04 06:56:27;16.4;32.1;36.6;43.9;59.4;76.9;14.5 °C;16.3;17.1;17;16.7;16.6
2024-04-04 07:06:27;16.3;32.0;36.6;43.9;59.4;76.8;14.5 °C;16.3;17.1;17;16.7;16.6
2024-04-04 07:16:26;16.4;32.1;36.6;43.9;59.4;76.9;14.4 °C;16.3;17.1;16.9;16.7;16.6
2024-04-04 07:26:23;16.4;32.0;36.6;43.9;59.3;76.9;14.4 °C;16.3;17;16.9;16.7;16.6
2024-04-04 07:36:27;16.4;32.1;36.6;44.0;59.3;76.9;14.4 °C;16.2;17;16.9;16.7;16.6
2024-04-04 07:46:29;16.4;32.1;36.6;44.0;59.4;76.9;14.4 °C;16.1;17;16.9;16.7;16.6
2024-04-04 07:56:26;16.4;32.0;36.6;43.9;59.4;76.9;14.4 °C;16.1;17;16.9;16.7;16.6
2024-04-04 08:06:25;16.4;32.0;36.6;43.9;59.4;76.9;14.4 °C;16.1;16.9;16.9;16.7;16.6
2024-04-04 08:16:24;16.4;32.0;36.6;43.9;59.3;76.9;14.4 °C;16.1;16.9;16.9;16.7;16.6
2024-04-04 08:26:27;16.4;32.0;36.6;43.9;59.3;76.9;14.4 °C;16;16.9;16.9;16.7;16.6
2024-04-04 08:36:26;16.4;32.0;36.6;43.9;59.4;76.9;14.4 °C;16;16.9;16.9;16.7;16.6
2024-04-04 08:46:24;16.4;32.0;36.6;43.9;59.4;76.9;14.4 °C;16;16.9;16.9;16.7;16.6
2024-04-04 08:56:30;16.4;32.0;36.6;43.9;59.4;76.9;14.5 °C;15.9;16.9;16.9;16.7;16.6
2024-04-04 09:06:23;16.4;32.0;36.6;43.9;59.3;76.9;14.6 °C;15.9;16.8;16.9;16.7;16.6
2024-04-04 09:16:26;16.4;32.0;36.6;43.9;59.4;76.9;14.6 °C;15.9;16.8;16.9;16.7;16.6
2024-04-04 09:26:25;16.4;32.0;36.6;43.9;59.4;76.9;14.8 °C;15.9;16.8;16.9;16.7;16.6
2024-04-04 09:36:23;16.4;32.0;36.6;43.9;59.4;76.9;14.8 °C;15.9;16.8;16.8;16.7;16.6
2024-04-04 09:46:24;16.4;32.0;36.6;43.9;59.4;76.9;14.9 °C;15.9;16.8;16.8;16.7;16.6
2024-04-04 09:56:27;16.4;32.0;36.6;43.9;59.4;76.9;15.1 °C;15.8;16.8;16.8;16.7;16.6
2024-04-04 10:06:22;16.4;32.0;36.6;43.9;59.3;76.9;15.2 °C;15.8;16.7;16.8;16.7;16.6
2024-04-04 10:16:26;16.4;32.0;36.6;43.9;59.4;76.9;15.4 °C;15.8;16.7;16.8;16.7;16.6
2024-04-04 10:26:27;16.4;32.1;36.6;43.9;59.4;76.9;15.5 °C;15.8;16.7;16.8;16.7;16.6
2024-04-04 10:36:26;16.4;32.0;36.6;43.9;59.3;76.9;15.7 °C;15.8;16.7;16.8;16.6;16.6
2024-04-04 10:46:24;16.4;32.1;36.6;43.9;59.3;76.9;15.9 °C;15.8;16.6;16.8;16.6;16.6
2024-04-04 10:56:30;16.4;32.1;36.6;43.9;59.3;76.9;16.1 °C;15.8;16.6;16.8;16.6;16.6
2024-04-04 11:06:23;16.4;32.1;36.6;43.9;59.3;76.9;16.3 °C;15.8;16.6;16.8;16.6;16.6
2024-04-04 11:16:26;16.4;32.0;36.6;43.9;59.3;76.9;16.4 °C;15.9;16.6;16.8;16.6;16.6
2024-04-04 11:26:24;16.4;32.0;36.6;43.9;59.3;76.9;16.6 °C;15.9;16.6;16.8;16.6;16.6
2024-04-04 11:36:25;16.4;32.1;36.6;43.9;59.3;76.9;16.9 °C;15.9;16.6;16.7;16.6;16.6
2024-04-04 11:46:27;16.4;32.1;36.6;43.9;59.3;76.9;17.1 °C;15.9;16.6;16.7;16.6;16.6
2024-04-04 11:56:27;16.4;32.1;36.6;43.9;59.3;76.9;17.3 °C;15.9;16.6;16.7;16.6;16.6
2024-04-04 12:06:23;16.4;32.1;36.6;43.9;59.3;76.9;17.5 °C;16;16.6;16.7;16.6;16.6
2024-04-04 12:16:24;16.4;32.1;36.6;43.9;59.3;76.9;17.6 °C;16;16.5;16.7;16.6;16.6
2024-04-04 12:26:27;16.4;32.1;36.6;43.9;59.3;76.9;17.8 °C;16.1;16.5;16.7;16.6;16.6
2024-04-04 12:36:26;16.4;32.1;36.6;43.9;59.3;76.9;17.9 °C;16.1;16.5;16.6;16.6;16.6
2024-04-04 12:46:24;16.4;32.1;36.6;43.9;59.3;76.9;18.1 °C;16.1;16.5;16.6;16.6;16.6
2024-04-04 12:56:29;16.4;32.1;36.6;43.9;59.3;76.9;18.3 °C;16.2;16.5;16.6;16.6;16.6
2024-04-04 13:06:23;16.4;32.1;36.6;43.9;59.3;76.9;18.5 °C;16.3;16.5;16.6;16.6;16.6
2024-04-04 13:16:26;16.4;32.1;36.6;43.9;59.3;76.9;18.7 °C;16.3;16.5;16.6;16.6;16.6
2024-04-04 13:26:25;16.4;32.1;36.6;43.9;59.3;76.9;18.9 °C;16.4;16.5;16.6;16.6;16.6
2024-04-04 13:36:23;16.4;32.1;36.6;43.9;59.3;76.9;19.2 °C;16.4;16.5;16.6;16.6;16.6
2024-04-04 13:46:23;16.4;32.1;36.6;43.9;59.3;76.9;19.4 °C;16.5;16.5;16.6;16.6;16.6
2024-04-04 13:56:26;16.4;32.2;36.6;43.9;59.3;76.9;19.6 °C;16.6;16.5;16.6;16.6;16.6
2024-04-04 14:06:24;16.4;32.2;36.6;43.9;59.3;76.9;19.9 °C;16.6;16.6;16.6;16.6;16.5
2024-04-04 14:16:29;16.4;32.2;36.6;43.9;59.3;76.9;20.1 °C;16.7;16.6;16.6;16.6;16.5
2024-04-04 14:26:27;16.4;32.2;36.6;43.9;59.3;76.9;20.3 °C;16.8;16.6;16.6;16.6;16.5
2024-04-04 14:36:25;16.4;32.2;36.6;43.9;59.3;76.9;20.5 °C;16.8;16.6;16.6;16.6;16.5
2024-04-04 14:46:24;16.4;32.2;36.6;43.9;59.3;76.9;20.8 °C;16.9;16.6;16.6;16.5;16.5
2024-04-04 14:56:25;16.3;32.2;36.6;43.9;59.3;76.9;20.9 °C;17;16.6;16.6;16.5;16.5
2024-04-04 15:06:23;16.4;32.2;36.6;43.9;59.3;76.9;21.1 °C;17.1;16.6;16.6;16.5;16.5
2024-04-04 15:16:26;16.3;32.3;36.6;43.9;59.3;76.9;21.3 °C;17.1;16.6;16.6;16.5;16.5
2024-04-04 15:26:25;16.4;32.2;36.6;43.9;59.3;76.9;21.4 °C;17.3;16.6;16.6;16.5;16.5
2024-04-04 15:36:26;16.3;32.2;36.6;43.9;59.3;76.9;21.6 °C;17.3;16.7;16.6;16.5;16.5
2024-04-04 15:46:24;16.3;32.3;36.6;43.9;59.3;76.9;21.8 °C;17.4;16.7;16.6;16.5;16.5
2024-04-04 15:56:24;16.3;32.2;36.6;43.9;59.3;76.9;21.9 °C;17.5;16.7;16.6;16.5;16.5
2024-04-04 16:06:28;16.3;32.3;36.6;43.9;59.3;76.9;22.1 °C;17.6;16.8;16.6;16.5;16.5
2024-04-04 16:16:22;16.3;32.3;36.6;43.9;59.3;76.9;22.1 °C;17.6;16.8;16.6;16.5;16.5
2024-04-04 16:26:25;16.3;32.3;36.6;43.9;59.3;76.9;22.3 °C;17.8;16.8;16.6;16.5;16.5
2024-04-04 16:36:27;16.3;32.3;36.6;43.9;59.3;76.9;22.3 °C;17.8;16.8;16.6;16.5;16.5
2024-04-04 16:46:26;16.3;32.3;36.6;43.9;59.3;76.9;22.4 °C;17.9;16.9;16.6;16.5;16.5
2024-04-04 16:56:24;16.3;32.3;36.6;43.9;59.3;76.9;22.4 °C;18;16.9;16.6;16.5;16.5
2024-04-04 17:06:28;16.3;32.3;36.7;43.9;59.3;76.9;22.5 °C;18.1;16.9;16.6;16.5;16.5
2024-04-04 17:16:24;16.4;32.3;36.7;43.9;59.3;76.9;22.5 °C;18.1;16.9;16.6;16.5;16.5
2024-04-04 17:26:25;16.3;32.3;36.6;43.9;59.3;76.9;22.5 °C;18.3;17;16.6;16.5;16.5
2024-04-04 17:36:26;16.4;32.3;36.6;43.9;59.3;76.9;22.5 °C;18.3;17;16.6;16.4;16.5
2024-04-04 17:46:28;16.4;32.3;36.7;43.9;59.3;76.9;22.5 °C;18.4;17.1;16.6;16.4;16.5
2024-04-04 17:56:26;16.4;32.3;36.7;43.9;59.3;76.9;22.4 °C;18.4;17.1;16.6;16.4;16.5
2024-04-04 18:06:25;16.4;32.4;36.7;43.9;59.3;76.9;22.4 °C;18.5;17.1;16.6;16.4;16.5
2024-04-04 18:16:23;16.4;32.3;36.7;43.9;59.3;76.9;22.3 °C;18.6;17.2;16.6;16.4;16.5
2024-04-04 18:26:27;16.4;32.4;36.7;43.9;59.3;76.9;22.2 °C;18.6;17.2;16.6;16.4;16.5
2024-04-04 18:36:27;16.4;32.4;36.7;43.9;59.3;76.9;22.1 °C;18.7;17.3;16.6;16.4;16.5
2024-04-04 18:46:22;16.5;32.3;36.7;43.9;59.3;76.9;22 °C;18.8;17.3;16.6;16.4;16.5
2024-04-04 18:56:23;16.4;32.4;36.7;43.9;59.3;76.9;21.9 °C;18.8;17.3;16.7;16.4;16.4
2024-04-04 19:06:24;16.5;32.4;36.7;43.9;59.3;76.9;21.8 °C;18.8;17.4;16.7;16.4;16.4
2024-04-04 19:16:25;16.4;32.4;36.7;43.9;59.3;76.9;21.7 °C;18.9;17.4;16.7;16.4;16.4
2024-04-04 19:26:27;16.4;32.4;36.7;43.9;59.3;76.9;21.6 °C;18.9;17.4;16.7;16.4;16.4
2024-04-04 19:36:23;16.4;32.4;36.7;43.9;59.3;76.9;21.5 °C;18.9;17.4;16.7;16.5;16.4
2024-04-04 19:46:23;16.4;32.5;36.7;43.9;59.3;76.9;21.4 °C;18.9;17.5;16.8;16.4;16.4
2024-04-04 19:56:22;16.5;32.4;36.7;43.9;59.3;76.9;21.2 °C;19;17.5;16.8;16.5;16.4
2024-04-04 20:06:26;16.5;32.4;36.8;43.9;59.3;76.9;21.1 °C;19;17.6;16.8;16.5;16.4
2024-04-04 20:16:25;16.4;32.4;36.8;43.9;59.3;76.9;20.9 °C;19;17.6;16.8;16.5;16.4
2024-04-04 20:26:27;16.4;32.4;36.7;43.9;59.3;76.9;20.8 °C;19;17.6;16.8;16.5;16.4
2024-04-04 20:36:22;16.4;32.4;36.8;43.9;59.3;76.9;20.7 °C;19;17.7;16.8;16.5;16.4
2024-04-04 20:46:28;16.4;32.4;36.8;43.9;59.3;76.9;20.6 °C;19;17.7;16.8;16.5;16.4
2024-04-04 20:56:27;16.5;32.4;36.8;43.9;59.3;76.9;20.4 °C;19;17.7;16.9;16.5;16.4
2024-04-04 21:06:24;16.5;32.4;36.8;43.9;59.3;76.9;20.3 °C;19;17.8;16.9;16.5;16.4
2024-04-04 21:16:29;16.3;32.4;36.8;43.9;59.3;76.9;20.2 °C;19;17.8;16.9;16.5;16.4
2024-04-04 21:26:23;16.3;32.4;36.8;43.9;59.4;76.9;20.1 °C;19;17.8;16.9;16.5;16.4
2024-04-04 21:36:27;16.3;32.4;36.8;44.0;59.4;76.9;19.9 °C;19;17.8;16.9;16.5;16.4
2024-04-04 21:46:22;16.3;32.4;36.8;43.9;59.3;76.9;19.8 °C;19;17.8;16.9;16.5;16.4
2024-04-04 21:56:27;16.3;32.4;36.8;44.0;59.4;76.9;19.7 °C;18.9;17.9;16.9;16.5;16.4
2024-04-04 22:06:28;16.3;32.4;36.8;44.0;59.4;76.9;19.6 °C;18.9;17.9;16.9;16.6;16.4
2024-04-04 22:16:25;16.3;32.4;36.8;43.9;59.3;76.9;19.4 °C;18.9;17.9;17;16.6;16.4
2024-04-04 22:26:27;16.3;32.4;36.8;44.0;59.3;76.9;19.3 °C;18.9;17.9;17;16.6;16.4
2024-04-04 22:36:27;16.3;32.4;36.8;44.0;59.4;76.9;19.2 °C;18.9;17.9;17;16.6;16.4
2024-04-04 22:46:25;16.3;32.4;36.9;44.0;59.4;76.9;19.1 °C;18.9;17.9;17;16.6;16.4
2024-04-04 22:56:23;16.3;32.4;36.8;44.0;59.4;76.9;19 °C;18.8;17.9;17.1;16.6;16.5
2024-04-04 23:06:24;16.3;32.4;36.9;44.0;59.4;76.9;18.9 °C;18.8;17.9;17.1;16.6;16.5
2024-04-04 23:16:25;16.3;32.4;36.8;44.0;59.4;76.9;18.8 °C;18.8;18;17.1;16.6;16.5
2024-04-04 23:26:23;16.3;32.3;36.8;44.0;59.4;76.9;18.7 °C;18.8;18;17.1;16.6;16.5
2024-04-04 23:36:23;16.3;32.4;36.8;44.0;59.4;76.9;18.6 °C;18.7;18;17.1;16.6;16.5
2024-04-04 23:46:23;16.3;32.4;36.8;44.0;59.3;76.9;18.5 °C;18.7;18;17.1;16.6;16.5
2024-04-04 23:56:22;16.3;32.4;36.8;44.0;59.4;76.9;18.4 °C;18.6;18;17.1;16.6;16.5
2024-04-05 00:06:23;16.3;32.3;36.8;44.0;59.4;76.9;18.3 °C;18.6;18;17.1;16.6;16.5
2024-04-05 00:16:27;16.3;32.3;36.8;44.0;59.4;76.9;18.2 °C;18.6;18;17.1;16.6;16.5
2024-04-05 00:26:28;16.3;32.3;36.8;44.0;59.4;76.9;18.1 °C;18.6;18;17.2;16.6;16.5
2024-04-05 00:36:29;16.3;32.3;36.8;44.0;59.4;76.9;18 °C;18.5;18;17.2;16.6;16.5
2024-04-05 00:46:26;16.3;32.3;36.9;44.0;59.4;76.9;17.9 °C;18.5;18;17.2;16.6;16.5
2024-04-05 00:56:25;16.3;32.3;36.8;44.0;59.4;76.9;17.9 °C;18.4;18;17.2;16.6;16.5
2024-04-05 01:06:28;16.4;32.3;36.9;44.0;59.4;76.9;17.8 °C;18.4;18;17.2;16.7;16.5
2024-04-05 01:16:25;16.3;32.3;36.9;44.0;59.4;76.9;17.7 °C;18.4;18;17.2;16.7;16.5
2024-04-05 01:26:23;16.3;32.4;36.8;44.0;59.4;76.9;17.6 °C;18.3;18;17.3;16.7;16.5
2024-04-05 01:36:27;16.4;32.3;36.9;44.0;59.4;76.9;17.5 °C;18.3;18;17.3;16.7;16.5
2024-04-05 01:46:27;16.3;32.4;36.9;44.0;59.4;76.9;17.4 °C;18.3;18;17.3;16.7;16.5
2024-04-05 01:56:22;16.4;32.3;36.9;44.0;59.4;76.9;17.4 °C;18.3;18;17.3;16.7;16.5
2024-04-05 02:06:22;16.4;32.3;36.8;44.0;59.4;76.9;17.3 °C;18.2;18;17.3;16.7;16.5
2024-04-05 02:16:29;16.4;32.3;36.9;44.0;59.4;76.9;17.2 °C;18.1;18;17.3;16.8;16.5
2024-04-05 02:26:23;16.4;32.3;36.9;44.0;59.4;76.9;17.1 °C;18.1;18;17.3;16.8;16.5
2024-04-05 02:36:21;16.4;32.3;36.9;44.0;59.4;76.9;17.1 °C;18.1;18;17.3;16.8;16.6
2024-04-05 02:46:23;16.4;32.3;36.9;44.0;59.4;76.9;17 °C;18.1;17.9;17.3;16.8;16.6
2024-04-05 02:56:24;16.4;32.3;36.9;44.0;59.4;76.9;16.9 °C;18;17.9;17.3;16.8;16.6
2024-04-05 03:06:28;16.3;32.3;36.9;44.0;59.4;76.9;16.9 °C;17.9;17.9;17.3;16.8;16.6
2024-04-05 03:16:26;16.4;32.3;36.9;44.1;59.4;76.9;16.8 °C;17.9;17.9;17.3;16.8;16.6
2024-04-05 03:26:25;16.4;32.3;36.9;44.0;59.4;76.9;16.8 °C;17.9;17.9;17.3;16.8;16.6
2024-04-05 03:36:26;16.4;32.3;36.9;44.1;59.4;76.9;16.7 °C;17.9;17.9;17.3;16.8;16.6
2024-04-05 03:46:25;16.4;32.2;36.9;44.1;59.4;76.9;16.6 °C;17.8;17.9;17.3;16.8;16.6
2024-04-05 03:56:27;16.4;32.3;36.8;44.1;59.4;76.9;16.6 °C;17.8;17.9;17.3;16.8;16.6
2024-04-05 04:06:28;16.4;32.3;36.8;44.1;59.4;77.0;16.5 °C;17.8;17.9;17.3;16.8;16.6
2024-04-05 04:16:25;16.4;32.3;36.8;44.1;59.4;77.0;16.4 °C;17.7;17.9;17.3;16.8;16.6
2024-04-05 04:26:22;16.4;32.3;36.8;44.1;59.4;77.0;16.4 °C;17.7;17.9;17.3;16.8;16.6
2024-04-05 04:36:26;16.4;32.2;36.8;44.1;59.4;77.0;16.3 °C;17.6;17.8;17.3;16.8;16.6
2024-04-05 04:46:28;16.4;32.3;36.8;44.0;59.4;76.9;16.3 °C;17.6;17.8;17.3;16.8;16.6
2024-04-05 04:56:26;16.4;32.3;36.8;44.0;59.4;77.0;16.2 °C;17.6;17.8;17.3;16.8;16.6
2024-04-05 05:06:24;16.4;32.3;36.8;44.1;59.4;77.0;16.1 °C;17.5;17.8;17.3;16.8;16.6
2024-04-05 05:16:21;16.4;32.3;36.8;44.1;59.4;77.0;16.1 °C;17.5;17.8;17.3;16.8;16.6
2024-04-05 05:26:27;16.4;32.2;36.8;44.1;59.4;77.0;16 °C;17.4;17.8;17.3;16.8;16.6
2024-04-05 05:36:24;16.4;32.3;36.8;44.0;59.4;77.0;15.9 °C;17.4;17.8;17.3;16.8;16.6
2024-04-05 05:46:28;16.4;32.3;36.8;44.1;59.4;77.0;15.9 °C;17.4;17.8;17.3;16.8;16.6
2024-04-05 05:56:26;16.4;32.3;36.8;44.0;59.4;77.0;15.8 °C;17.3;17.8;17.3;16.8;16.6
2024-04-05 06:06:28;16.4;32.3;36.8;44.1;59.5;77.0;15.8 °C;17.3;17.7;17.3;16.9;16.6
2024-04-05 06:16:25;16.4;32.3;36.8;44.1;59.5;77.0;15.8 °C;17.3;17.7;17.3;16.9;16.6
2024-04-05 06:26:28;16.4;32.2;36.8;44.1;59.5;77.0;15.7 °C;17.3;17.7;17.3;16.9;16.6
2024-04-05 06:36:23;16.4;32.2;36.8;44.1;59.5;77.0;15.6 °C;17.2;17.6;17.3;16.9;16.6
2024-04-05 06:46:27;16.5;32.2;36.8;44.0;59.5;77.0;15.6 °C;17.2;17.6;17.3;16.9;16.6
2024-04-05 06:56:26;16.5;32.3;36.8;44.1;59.5;77.0;15.5 °C;17.1;17.6;17.3;16.9;16.6
2024-04-05 07:06:26;16.4;32.2;36.8;44.1;59.5;77.0;15.4 °C;17.1;17.6;17.3;16.9;16.6
2024-04-05 07:16:24;16.4;32.2;36.8;44.1;59.5;77.0;15.4 °C;17.1;17.6;17.3;16.9;16.6
2024-04-05 07:26:22;16.5;32.2;36.8;44.1;59.5;77.0;15.4 °C;17;17.6;17.3;16.9;16.6
2024-04-05 07:36:28;16.5;32.2;36.8;44.0;59.5;77.0;15.3 °C;17;17.6;17.3;16.9;16.6
2024-04-05 07:46:22;16.5;32.3;36.8;44.0;59.5;77.0;15.3 °C;16.9;17.5;17.3;16.9;16.6
2024-04-05 07:56:24;16.4;32.2;36.8;44.1;59.5;77.0;15.3 °C;16.9;17.5;17.3;16.9;16.6
2024-04-05 08:06:25;16.4;32.2;36.8;44.1;59.5;77.0;15.3 °C;16.9;17.5;17.3;16.9;16.6
2024-04-05 08:16:28;16.4;32.2;36.8;44.0;59.5;77.0;15.3 °C;16.8;17.5;17.3;16.9;16.7
2024-04-05 08:26:28;16.5;32.2;36.8;44.0;59.5;77.0;15.3 °C;16.8;17.4;17.3;16.9;16.7
2024-04-05 08:36:25;16.5;32.2;36.8;44.0;59.5;77.0;15.3 °C;16.8;17.4;17.3;16.9;16.7
2024-04-05 08:46:27;16.5;32.2;36.8;44.1;59.5;77.0;15.4 °C;16.8;17.4;17.3;16.9;16.7
2024-04-05 08:56:25;16.5;32.2;36.8;44.0;59.5;77.0;15.4 °C;16.7;17.4;17.3;16.9;16.7
2024-04-05 09:06:22;16.4;32.2;36.8;44.1;59.5;77.0;15.4 °C;16.7;17.4;17.2;16.9;16.7
2024-04-05 09:16:25;16.5;32.2;36.8;44.0;59.5;77.0;15.5 °C;16.7;17.4;17.2;16.9;16.7
2024-04-05 09:26:27;16.5;32.2;36.8;44.0;59.5;77.0;15.6 °C;16.6;17.3;17.2;16.9;16.7
2024-04-05 09:36:28;16.5;32.2;36.8;44.0;59.5;77.0;15.7 °C;16.6;17.3;17.2;16.9;16.7
2024-04-05 09:46:26;16.5;32.2;36.8;44.0;59.5;77.0;15.8 °C;16.6;17.3;17.2;16.9;16.7
2024-04-05 09:56:26;16.5;32.2;36.8;44.0;59.5;77.0;15.9 °C;16.6;17.3;17.2;16.9;16.7
2024-04-05 10:06:27;16.5;32.2;36.8;44.0;59.5;77.0;16.1 °C;16.6;17.3;17.2;16.9;16.7
2024-04-05 10:16:26;16.5;32.2;36.8;44.0;59.5;77.0;16.3 °C;16.6;17.3;17.2;16.9;16.7
2024-04-05 10:26:25;16.5;32.2;36.8;44.0;59.5;77.0;16.4 °C;16.6;17.3;17.1;16.9;16.7
2024-04-05 10:36:27;16.5;32.2;36.8;44.0;59.5;77.0;16.6 °C;16.6;17.2;17.1;16.9;16.7
2024-04-05 10:46:24;16.5;32.2;36.8;44.0;59.5;77.0;16.8 °C;16.6;17.2;17.1;16.9;16.7
2024-04-05 10:56:21;16.5;32.2;36.7;44.0;59.5;77.0;16.9 °C;16.6;17.2;17.1;16.9;16.7
2024-04-05 11:06:28;16.5;32.2;36.8;44.0;59.5;77.0;17.2 °C;16.6;17.2;17.1;16.9;16.7
2024-04-05 11:16:23;16.5;32.2;36.8;44.0;59.5;77.0;17.4 °C;16.6;17.1;17.1;16.9;16.7
2024-04-05 11:26:22;16.5;32.2;36.8;44.0;59.5;77.0;17.6 °C;16.6;17.1;17.1;16.9;16.7
2024-04-05 11:36:21;16.5;32.2;36.8;44.0;59.5;77.0;17.8 °C;16.6;17.1;17.1;16.9;16.7
2024-04-05 11:46:27;16.5;32.3;36.8;44.0;59.5;77.0;18 °C;16.6;17.1;17.1;16.9;16.7
2024-04-05 11:56:27;16.5;32.2;36.8;44.0;59.5;77.0;18.3 °C;16.7;17.1;17.1;16.9;16.7
2024-04-05 12:06:27;16.5;32.2;36.7;44.0;59.4;77.0;18.4 °C;16.7;17.1;17.1;16.9;16.7
2024-04-05 12:16:27;16.5;32.2;36.8;44.0;59.5;77.0;18.6 °C;16.8;17.1;17.1;16.9;16.7
2024-04-05 12:26:24;16.5;32.2;36.8;44.0;59.4;77.0;18.8 °C;16.8;17.1;17.1;16.8;16.7
2024-04-05 12:36:24;16.6;32.2;36.7;44.0;59.4;77.0;18.9 °C;16.8;17.1;17;16.8;16.7
2024-04-05 12:46:21;16.5;32.2;36.8;44.0;59.4;77.0;19.1 °C;16.9;17.1;17;16.8;16.7
2024-04-05 12:56:27;16.5;32.2;36.7;44.0;59.4;77.0;19.3 °C;16.9;17.1;17;16.8;16.7
2024-04-05 13:06:29;16.6;32.3;36.7;44.0;59.4;77.0;19.5 °C;17;17.1;17;16.8;16.7
2024-04-05 13:16:26;16.5;32.3;36.7;44.0;59.4;77.0;19.8 °C;17.1;17.1;17;16.8;16.7
2024-04-05 13:26:21;16.5;32.3;36.7;44.0;59.4;77.0;19.9 °C;17.1;17.1;17;16.8;16.7
2024-04-05 13:36:27;16.5;32.3;36.8;44.0;59.4;77.0;20.2 °C;17.1;17.1;17;16.8;16.7
2024-04-05 13:46:24;16.5;32.3;36.8;44.0;59.4;77.0;20.4 °C;17.2;17.1;17;16.8;16.7
2024-04-05 13:56:22;16.6;32.3;36.7;44.0;59.4;77.0;20.6 °C;17.3;17.1;17;16.8;16.7
2024-04-05 14:06:21;16.6;32.3;36.8;44.0;59.4;77.0;20.9 °C;17.4;17.1;16.9;16.8;16.7
2024-04-05 14:16:28;16.6;32.4;36.8;44.0;59.4;77.0;21.1 °C;17.4;17.1;16.9;16.8;16.7
2024-04-05 14:26:25;16.6;32.4;36.7;44.0;59.4;77.0;21.3 °C;17.5;17.1;16.9;16.8;16.7
2024-04-05 14:36:23;16.6;32.3;36.8;44.0;59.4;77.0;21.5 °C;17.6;17.1;16.9;16.8;16.7
2024-04-05 14:46:27;16.6;32.4;36.8;44.0;59.4;77.0;21.8 °C;17.6;17.1;16.9;16.8;16.7
2024-04-05 14:56:24;16.6;32.4;36.8;44.0;59.4;77.0;21.9 °C;17.8;17.1;16.9;16.8;16.7
2024-04-05 15:06:22;16.5;32.3;36.8;44.0;59.4;77.0;22.1 °C;17.8;17.2;16.9;16.8;16.7
2024-04-05 15:16:22;16.6;32.4;36.7;44.0;59.4;77.0;22.3 °C;17.9;17.2;16.9;16.8;16.7
2024-04-05 15:26:25;16.7;32.3;36.8;44.0;59.4;77.0;22.4 °C;18;17.2;16.9;16.8;16.7
2024-04-05 15:36:23;16.5;32.4;36.8;44.0;59.4;77.0;22.4 °C;18.1;17.3;16.9;16.8;16.7
2024-04-05 15:46:28;16.6;32.4;36.8;44.0;59.4;77.0;22.5 °C;18.1;17.3;16.9;16.8;16.7
2024-04-05 15:56:25;16.6;32.4;36.8;44.0;59.4;77.0;22.6 °C;18.3;17.3;16.9;16.8;16.7
2024-04-05 16:06:27;16.6;32.4;36.8;44.0;59.4;77.0;22.7 °C;18.3;17.3;16.9;16.8;16.7
2024-04-05 16:16:28;16.6;32.4;36.8;44.0;59.4;77.0;22.7 °C;18.4;17.3;16.9;16.8;16.7
2024-04-05 16:26:21;16.6;32.4;36.8;44.0;59.4;77.0;22.8 °C;18.5;17.4;16.9;16.8;16.7
2024-04-05 16:36:27;16.6;32.4;36.8;44.0;59.4;77.0;22.8 °C;18.6;17.4;16.9;16.8;16.7
2024-04-05 16:46:23;16.6;32.4;36.8;44.0;59.4;77.0;22.8 °C;18.6;17.4;16.9;16.8;16.7
2024-04-05 16:56:24;16.5;32.5;36.8;44.0;59.4;77.0;22.9 °C;18.7;17.4;17;16.8;16.7
2024-04-05 17:06:25;16.5;32.4;36.8;44.0;59.4;77.0;22.9 °C;18.8;17.5;17;16.8;16.7
2024-04-05 17:16:27;16.5;32.5;36.8;44.0;59.4;77.0;22.9 °C;18.8;17.5;17;16.8;16.7
2024-04-05 17:26:27;16.5;32.5;36.8;44.0;59.4;77.0;22.9 °C;18.9;17.6;17;16.8;16.7
2024-04-05 17:36:28;16.6;32.5;36.8;44.0;59.4;77.0;22.9 °C;19;17.6;17;16.8;16.7
2024-04-05 17:46:21;16.6;32.5;36.8;44.0;59.4;77.0;22.9 °C;19.1;17.6;17;16.8;16.7
2024-04-05 17:56:28;16.6;32.5;36.8;44.0;59.4;77.0;22.8 °C;19.1;17.7;17;16.8;16.7
2024-04-05 18:06:21;16.6;32.5;36.8;44.0;59.4;77.0;22.8 °C;19.1;17.7;17;16.8;16.7
2024-04-05 18:16:28;16.6;32.5;36.9;44.0;59.4;77.0;22.8 °C;19.2;17.8;17.1;16.8;16.7
2024-04-05 18:26:24;16.6;32.5;36.9;44.0;59.4;77.0;22.7 °C;19.3;17.8;17.1;16.8;16.7
2024-04-05 18:36:27;16.6;32.5;36.8;44.0;59.4;77.0;22.6 °C;19.3;17.8;17.1;16.8;16.7
2024-04-05 18:46:28;16.6;32.5;36.8;44.0;59.4;77.0;22.5 °C;19.3;17.8;17.1;16.8;16.7
2024-04-05 18:56:22;16.9;32.5;36.9;44.0;59.5;77.0;22.4 °C;19.4;17.9;17.1;16.8;16.7
2024-04-05 19:06:26;16.5;32.5;36.9;44.0;59.4;77.0;22.4 °C;19.4;17.9;17.1;16.8;16.7
2024-04-05 19:16:26;16.5;32.5;36.9;44.0;59.5;77.0;22.3 °C;19.4;17.9;17.1;16.8;16.7
2024-04-05 19:26:25;16.5;32.6;36.9;44.0;59.5;77.0;22.1 °C;19.5;18;17.1;16.8;16.7
2024-04-05 19:36:23;16.5;32.6;36.9;44.0;59.5;77.0;22 °C;19.5;18;17.1;16.8;16.7
2024-04-05 19:46:21;16.6;32.5;36.9;44.0;59.5;77.0;21.9 °C;19.6;18.1;17.2;16.8;16.7
2024-04-05 19:56:28;16.5;32.5;36.9;44.0;59.4;77.0;21.8 °C;19.6;18.1;17.2;16.8;16.7
2024-04-05 20:06:22;16.5;32.5;36.9;44.1;59.4;77.0;21.7 °C;19.6;18.1;17.2;16.8;16.7
2024-04-05 20:16:21;16.6;32.6;36.9;44.0;59.4;77.0;21.5 °C;19.6;18.1;17.2;16.8;16.7
2024-04-05 20:26:23;16.5;32.6;36.9;44.1;59.4;77.0;21.4 °C;19.6;18.2;17.3;16.8;16.7
2024-04-05 20:36:21;16.6;32.5;36.9;44.0;59.4;77.0;21.3 °C;19.6;18.2;17.3;16.8;16.7
2024-04-05 20:46:24;16.5;32.5;36.9;44.1;59.4;77.0;21.1 °C;19.6;18.2;17.3;16.8;16.7
2024-04-05 20:56:24;16.6;32.6;36.9;44.1;59.4;77.0;21 °C;19.6;18.3;17.3;16.8;16.7
2024-04-05 21:06:23;16.6;32.6;37.0;44.1;59.5;77.0;20.9 °C;19.6;18.3;17.3;16.8;16.7
2024-04-05 21:16:28;16.5;32.6;36.9;44.1;59.4;77.0;20.8 °C;19.6;18.3;17.3;16.8;16.7
2024-04-05 21:26:26;16.5;32.5;37.0;44.1;59.4;77.0;20.6 °C;19.6;18.3;17.3;16.8;16.7
2024-04-05 21:36:24;16.6;32.5;37.0;44.1;59.4;77.0;20.5 °C;19.6;18.3;17.3;16.8;16.7
2024-04-05 21:46:23;16.5;32.6;36.9;44.1;59.4;77.0;20.4 °C;19.6;18.4;17.4;16.8;16.7
2024-04-05 21:56:24;16.5;32.6;37.0;44.1;59.5;77.0;20.3 °C;19.5;18.4;17.4;16.9;16.7
2024-04-05 22:06:21;16.6;32.6;37.0;44.1;59.5;77.0;20.2 °C;19.5;18.4;17.4;16.9;16.7
2024-04-05 22:16:25;16.5;32.6;37.0;44.1;59.5;77.0;20.1 °C;19.5;18.4;17.4;16.9;16.7
2024-04-05 22:26:24;16.5;32.6;37.0;44.1;59.5;77.1;19.9 °C;19.4;18.4;17.4;16.9;16.7
2024-04-05 22:36:25;16.6;32.5;37.0;44.1;59.5;77.0;19.8 °C;19.4;18.4;17.4;16.9;16.7
2024-04-05 22:46:20;16.5;32.6;37.0;44.1;59.5;77.1;19.8 °C;19.4;18.4;17.4;16.9;16.7
2024-04-05 22:56:27;16.6;32.5;37.0;44.1;59.5;77.1;19.6 °C;19.4;18.4;17.4;16.9;16.7
2024-04-05 23:06:27;16.5;32.5;37.0;44.1;59.5;77.1;19.6 °C;19.4;18.5;17.5;16.9;16.7
2024-04-05 23:16:21;16.6;32.6;37.0;44.1;59.5;77.1;19.4 °C;19.3;18.5;17.5;16.9;16.7
2024-04-05 23:26:24;16.6;32.6;37.0;44.1;59.5;77.1;19.3 °C;19.3;18.5;17.5;16.9;16.7
2024-04-05 23:36:22;16.5;32.6;37.0;44.1;59.5;77.1;19.3 °C;19.3;18.5;17.5;16.9;16.7
2024-04-05 23:46:25;16.6;32.5;37.0;44.1;59.5;77.1;19.1 °C;19.3;18.5;17.6;16.9;16.8
2024-04-05 23:56:22;16.6;32.5;37.0;44.1;59.5;77.1;19.1 °C;19.2;18.5;17.6;16.9;16.8
2024-04-06 00:06:26;16.5;32.6;37.0;44.2;59.5;77.1;19 °C;19.2;18.5;17.6;16.9;16.8
2024-04-06 00:16:27;16.6;32.6;37.1;44.2;59.5;77.1;18.9 °C;19.1;18.5;17.6;16.9;16.8
2024-04-06 00:26:24;16.5;32.6;37.0;44.2;59.5;77.1;18.8 °C;19.1;18.5;17.6;16.9;16.8
2024-04-06 00:36:26;16.5;32.5;37.1;44.1;59.5;77.1;18.7 °C;19.1;18.5;17.6;17;16.8
2024-04-06 00:46:25;16.5;32.5;37.0;44.1;59.5;77.1;18.6 °C;19.1;18.5;17.6;17;16.8
2024-04-06 00:56:25;16.5;32.5;37.0;44.1;59.5;77.1;18.6 °C;19;18.5;17.6;17;16.8
2024-04-06 01:06:22;16.5;32.5;37.1;44.1;59.5;77.1;18.5 °C;19;18.5;17.6;17;16.8
2024-04-06 01:16:23;16.5;32.5;37.1;44.1;59.5;77.1;18.4 °C;18.9;18.5;17.6;17;16.8
2024-04-06 01:26:22;16.6;32.5;37.1;44.1;59.5;77.1;18.3 °C;18.9;18.5;17.6;17;16.8
2024-04-06 01:36:22;16.5;32.5;37.1;44.2;59.5;77.1;18.3 °C;18.9;18.5;17.6;17;16.8
2024-04-06 01:46:27;16.5;32.5;37.1;44.2;59.5;77.1;18.2 °C;18.8;18.5;17.7;17;16.8
2024-04-06 01:56:27;16.6;32.5;37.1;44.2;59.5;77.1;18.1 °C;18.8;18.5;17.7;17.1;16.8
2024-04-06 02:06:24;16.6;32.5;37.1;44.2;59.5;77.1;18 °C;18.8;18.5;17.7;17.1;16.8
2024-04-06 02:16:22;16.8;32.5;37.0;44.2;59.5;77.1;17.9 °C;18.8;18.5;17.7;17.1;16.8
2024-04-06 02:26:22;16.8;32.5;37.1;44.2;59.5;77.1;17.9 °C;18.7;18.5;17.7;17.1;16.8
2024-04-06 02:36:23;16.9;32.5;37.0;44.2;59.5;77.1;17.8 °C;18.7;18.5;17.7;17.1;16.8
2024-04-06 02:46:24;16.9;32.5;37.1;44.2;59.5;77.1;17.8 °C;18.6;18.4;17.7;17.1;16.8
2024-04-06 02:56:25;16.9;32.5;37.1;44.2;59.6;77.1;17.7 °C;18.6;18.4;17.7;17.1;16.8
2024-04-06 03:06:20;16.9;32.5;37.1;44.2;59.5;77.1;17.6 °C;18.6;18.4;17.8;17.1;16.8
2024-04-06 03:16:23;16.9;32.5;37.1;44.2;59.6;77.1;17.6 °C;18.5;18.4;17.7;17.1;16.8
2024-04-06 03:26:27;16.9;32.5;37.1;44.2;59.6;77.1;17.5 °C;18.5;18.4;17.7;17.1;16.8
2024-04-06 03:36:21;16.9;32.5;37.0;44.2;59.6;77.1;17.4 °C;18.4;18.4;17.8;17.1;16.8
2024-04-06 03:46:24;17.0;32.5;37.1;44.2;59.6;77.1;17.4 °C;18.4;18.4;17.8;17.1;16.8
2024-04-06 03:56:26;17.0;32.5;37.0;44.2;59.6;77.1;17.3 °C;18.4;18.4;17.8;17.1;16.8
2024-04-06 04:06:25;16.9;32.5;37.0;44.2;59.6;77.1;17.3 °C;18.3;18.4;17.8;17.1;16.8
2024-04-06 04:16:20;17.0;32.5;37.1;44.2;59.6;77.1;17.2 °C;18.3;18.4;17.8;17.1;16.8
2024-04-06 04:26:22;16.6;32.5;37.1;44.2;59.6;77.1;17.2 °C;18.3;18.4;17.8;17.1;16.8
2024-04-06 04:36:22;16.5;32.4;37.0;44.2;59.6;77.1;17.1 °C;18.3;18.4;17.8;17.1;16.8
2024-04-06 04:46:24;16.5;32.4;37.1;44.2;59.6;77.1;17.1 °C;18.2;18.3;17.8;17.1;16.9
2024-04-06 04:56:26;16.5;32.4;37.1;44.2;59.6;77.1;17 °C;18.2;18.3;17.8;17.2;16.9
2024-04-06 05:06:21;16.5;32.5;37.1;44.2;59.6;77.1;16.9 °C;18.1;18.3;17.8;17.2;16.9
2024-04-06 05:16:21;16.5;32.5;37.1;44.2;59.6;77.1;16.9 °C;18.1;18.3;17.8;17.2;16.9
2024-04-06 05:26:23;16.5;32.5;37.0;44.2;59.6;77.1;16.8 °C;18.1;18.3;17.8;17.2;16.9
2024-04-06 05:36:22;16.5;32.5;37.1;44.2;59.6;77.1;16.8 °C;18;18.3;17.8;17.2;16.9
2024-04-06 05:46:22;16.5;32.4;37.0;44.2;59.6;77.1;16.8 °C;18;18.3;17.8;17.2;16.9
2024-04-06 05:56:21;16.5;32.5;37.0;44.2;59.6;77.1;16.7 °C;17.9;18.3;17.8;17.2;16.9
2024-04-06 06:06:20;16.6;32.4;37.0;44.2;59.6;77.1;16.6 °C;17.9;18.2;17.8;17.2;16.9
2024-04-06 06:16:22;16.6;32.5;37.0;44.2;59.6;77.1;16.6 °C;17.9;18.2;17.8;17.2;16.9
2024-04-06 06:26:26;16.5;32.4;37.0;44.2;59.6;77.1;16.6 °C;17.9;18.2;17.8;17.2;16.9
2024-04-06 06:36:26;16.6;32.4;37.0;44.2;59.6;77.1;16.5 °C;17.8;18.2;17.8;17.2;16.9
2024-04-06 06:46:28;16.6;32.4;37.0;44.2;59.6;77.1;16.4 °C;17.8;18.1;17.7;17.2;16.9
2024-04-06 06:56:26;16.6;32.4;37.0;44.2;59.6;77.1;16.4 °C;17.8;18.1;17.7;17.2;16.9
2024-04-06 07:06:25;16.7;32.4;37.0;44.2;59.6;77.1;16.4 °C;17.8;18.1;17.7;17.2;16.9
2024-04-06 07:16:24;16.6;32.7;37.0;44.2;59.6;77.1;16.3 °C;17.7;18.1;17.7;17.2;16.9
2024-04-06 07:26:27;16.7;32.4;37.0;44.2;59.6;77.1;16.3 °C;17.7;18.1;17.7;17.2;16.9
2024-04-06 07:36:21;16.7;32.4;37.0;44.2;59.6;77.2;16.3 °C;17.6;18.1;17.7;17.2;16.9
2024-04-06 07:46:25;16.7;32.4;37.0;44.2;59.6;77.1;16.3 °C;17.6;18.1;17.7;17.2;16.9
2024-04-06 07:56:26;16.6;33.4;37.0;44.2;59.6;77.1;16.3 °C;17.6;18.1;17.7;17.2;16.9
2024-04-06 08:06:25;17.2;32.4;37.0;44.2;59.6;77.2;16.3 °C;17.6;18;17.7;17.2;16.9
2024-04-06 08:16:20;16.6;32.4;37.0;44.2;59.6;77.1;16.3 °C;17.5;18;17.7;17.2;16.9
2024-04-06 08:26:28;16.5;32.4;37.0;44.2;59.6;77.2;16.3 °C;17.5;18;17.7;17.3;16.9
2024-04-06 08:36:21;16.6;32.4;37.0;44.2;59.6;77.2;16.3 °C;17.4;17.9;17.7;17.3;16.9
2024-04-06 08:46:24;16.6;32.4;37.0;44.2;59.6;77.2;16.3 °C;17.4;17.9;17.6;17.3;16.9
2024-04-06 08:56:22;16.6;32.4;37.0;44.2;59.6;77.2;16.4 °C;17.4;17.9;17.6;17.3;16.9
2024-04-06 09:06:22;16.5;32.4;37.0;44.2;59.6;77.2;16.4 °C;17.4;17.9;17.6;17.3;16.9
2024-04-06 09:16:27;16.5;32.4;37.0;44.2;59.6;77.2;16.6 °C;17.4;17.9;17.6;17.3;16.9
2024-04-06 09:26:23;16.5;32.4;37.0;44.2;59.6;77.2;16.6 °C;17.3;17.9;17.6;17.3;16.9
2024-04-06 09:36:24;16.5;32.4;37.0;44.2;59.6;77.2;16.8 °C;17.3;17.9;17.6;17.2;16.9
2024-04-06 09:46:22;16.5;32.4;37.0;44.2;59.6;77.2;16.9 °C;17.3;17.8;17.6;17.3;16.9
2024-04-06 09:56:24;16.5;32.4;37.0;44.2;59.6;77.2;17 °C;17.3;17.8;17.6;17.3;16.9
2024-04-06 10:06:25;16.5;32.4;37.0;44.2;59.6;77.2;17.2 °C;17.3;17.8;17.6;17.3;16.9
2024-04-06 10:16:24;16.5;32.4;37.0;44.2;59.6;77.2;17.3 °C;17.3;17.8;17.6;17.3;16.9
2024-04-06 10:26:24;16.5;32.4;37.0;44.2;59.6;77.2;17.5 °C;17.3;17.8;17.6;17.3;16.9
2024-04-06 10:36:25;16.5;32.4;37.0;44.2;59.6;77.2;17.7 °C;17.3;17.8;17.6;17.3;16.9
2024-04-06 10:46:24;16.5;32.4;37.0;44.2;59.6;77.2;17.8 °C;17.3;17.8;17.6;17.3;17
2024-04-06 10:56:27;16.5;32.4;37.0;44.2;59.6;77.2;18 °C;17.3;17.8;17.6;17.2;17
2024-04-06 11:06:25;16.5;32.4;37.0;44.2;59.6;77.2;18.2 °C;17.3;17.7;17.6;17.2;17
2024-04-06 11:16:24;16.5;32.4;37.0;44.2;59.6;77.1;18.4 °C;17.3;17.7;17.6;17.2;17
2024-04-06 11:26:27;16.5;32.4;37.0;44.2;59.6;77.2;18.6 °C;17.3;17.7;17.6;17.2;17
2024-04-06 11:36:20;16.5;32.4;37.0;44.2;59.6;77.2;18.8 °C;17.4;17.7;17.5;17.2;17
2024-04-06 11:46:27;16.5;32.4;37.0;44.2;59.6;77.1;19 °C;17.4;17.7;17.5;17.2;17
2024-04-06 11:56:21;16.5;32.4;37.0;44.2;59.6;77.2;19.3 °C;17.4;17.7;17.5;17.2;17
2024-04-06 12:06:25;16.5;32.4;36.9;44.2;59.6;77.2;19.4 °C;17.4;17.6;17.5;17.2;17
2024-04-06 12:16:20;16.5;32.4;37.0;44.2;59.6;77.2;19.6 °C;17.5;17.6;17.5;17.2;17
2024-04-06 12:26:26;16.5;32.4;37.0;44.2;59.6;77.2;19.7 °C;17.6;17.6;17.5;17.2;17
2024-04-06 12:36:26;16.5;32.4;37.0;44.2;59.6;77.2;19.9 °C;17.6;17.6;17.5;17.2;17
2024-04-06 12:46:23;16.5;32.4;36.9;44.2;59.6;77.2;20 °C;17.6;17.6;17.5;17.2;17
2024-04-06 12:56:24;16.5;32.4;36.9;44.2;59.6;77.2;20.1 °C;17.7;17.6;17.5;17.2;17
2024-04-06 13:06:26;16.5;32.4;36.9;44.2;59.6;77.2;20.3 °C;17.8;17.6;17.4;17.2;17
2024-04-06 13:16:22;16.5;32.4;36.9;44.2;59.6;77.2;20.5 °C;17.8;17.6;17.4;17.2;17
2024-04-06 13:26:27;16.5;32.4;36.9;44.2;59.6;77.1;20.7 °C;17.8;17.6;17.4;17.2;17
2024-04-06 13:36:20;16.5;32.5;36.9;44.2;59.5;77.1;20.9 °C;17.9;17.6;17.4;17.2;17
2024-04-06 13:46:27;16.5;32.5;37.0;44.2;59.6;77.2;21.1 °C;17.9;17.7;17.4;17.2;17
2024-04-06 13:56:25;16.5;32.5;37.0;44.2;59.5;77.2;21.3 °C;18;17.7;17.4;17.2;17
2024-04-06 14:06:25;16.5;32.5;37.0;44.2;59.6;77.2;21.5 °C;18.1;17.7;17.4;17.2;17
2024-04-06 14:16:21;16.5;32.5;37.0;44.2;59.5;77.2;21.7 °C;18.1;17.7;17.4;17.2;17
2024-04-06 14:26:24;16.5;32.5;37.0;44.2;59.5;77.2;21.9 °C;18.2;17.7;17.4;17.2;17
2024-04-06 14:36:26;16.5;32.5;37.0;44.2;59.6;77.2;22.1 °C;18.3;17.7;17.4;17.2;17
2024-04-06 14:46:22;16.5;32.5;37.0;44.2;59.6;77.2;22.3 °C;18.4;17.8;17.4;17.2;17
2024-04-06 14:56:26;16.5;32.5;37.0;44.2;59.6;77.2;22.5 °C;18.4;17.8;17.4;17.2;17
2024-04-06 15:06:21;16.5;32.5;37.0;44.2;59.5;77.1;22.7 °C;18.5;17.8;17.4;17.2;17
2024-04-06 15:16:22;16.6;32.5;37.0;44.2;59.5;77.2;22.8 °C;18.6;17.8;17.4;17.2;17
2024-04-06 15:26:27;17.5;32.5;37.0;44.2;59.6;77.1;22.9 °C;18.6;17.8;17.4;17.1;17
2024-04-06 15:36:20;16.7;32.5;37.0;44.2;59.6;77.2;23.1 °C;18.8;17.8;17.4;17.1;17
2024-04-06 15:46:20;16.6;32.5;37.0;44.2;59.6;77.2;23.1 °C;18.8;17.9;17.4;17.1;17
2024-04-06 15:56:23;16.6;32.6;37.0;44.2;59.6;77.2;23.3 °C;18.9;17.9;17.4;17.1;17
2024-04-06 16:06:21;16.6;32.6;37.0;44.2;59.6;77.2;23.3 °C;18.9;17.9;17.4;17.1;17
2024-04-06 16:16:20;16.5;32.5;37.0;44.2;59.6;77.2;23.4 °C;19.1;17.9;17.4;17.1;17
2024-04-06 16:26:22;16.5;32.6;37.0;44.2;59.6;77.2;23.4 °C;19.1;17.9;17.4;17.1;17
2024-04-06 16:36:26;16.6;32.6;37.0;44.2;59.6;77.2;23.5 °C;19.2;18;17.4;17.1;17
2024-04-06 16:46:26;16.6;32.6;37.0;44.2;59.6;77.2;23.6 °C;19.3;18;17.4;17.1;17
2024-04-06 16:56:26;16.6;32.6;37.0;44.2;59.6;77.2;23.7 °C;19.3;18.1;17.4;17.1;17
2024-04-06 17:06:26;16.6;32.6;37.0;44.2;59.6;77.2;23.7 °C;19.4;18.1;17.4;17.1;17
2024-04-06 17:16:20;16.6;32.6;37.0;44.2;59.6;77.2;23.8 °C;19.5;18.1;17.4;17.1;17
2024-04-06 17:26:27;16.6;32.6;37.0;44.2;59.6;77.2;23.8 °C;19.6;18.1;17.4;17.1;17
2024-04-06 17:36:20;16.6;32.6;37.0;44.2;59.6;77.2;23.8 °C;19.6;18.2;17.5;17.1;17
2024-04-06 17:46:24;16.6;32.7;37.0;44.2;59.6;77.2;23.8 °C;19.7;18.2;17.5;17.1;17
2024-04-06 17:56:23;16.6;32.6;37.0;44.2;59.6;77.2;23.8 °C;19.8;18.3;17.5;17.1;17
2024-04-06 18:06:21;16.6;32.7;37.1;44.2;59.6;77.2;23.8 °C;19.8;18.3;17.5;17.1;17
2024-04-06 18:16:20;16.6;32.7;37.1;44.2;59.6;77.2;23.7 °C;19.9;18.3;17.5;17.1;17
2024-04-06 18:26:24;16.6;32.6;37.1;44.2;59.6;77.2;23.6 °C;19.9;18.3;17.5;17.1;17
2024-04-06 18:36:23;16.5;32.7;37.1;44.2;59.6;77.2;23.5 °C;19.9;18.4;17.6;17.1;17
2024-04-06 18:46:25;16.5;32.7;37.1;44.2;59.6;77.2;23.4 °C;20;18.4;17.6;17.1;17
2024-04-06 18:56:20;16.5;32.7;37.1;44.2;59.6;77.2;23.3 °C;20.1;18.4;17.6;17.1;17
2024-04-06 19:06:26;16.5;32.7;37.1;44.2;59.6;77.2;23.2 °C;20.1;18.5;17.6;17.1;17
2024-04-06 19:16:24;16.4;32.7;37.1;44.2;59.6;77.2;23.1 °C;20.1;18.5;17.6;17.1;17
2024-04-06 19:26:27;16.4;32.7;37.1;44.2;59.6;77.2;23 °C;20.2;18.6;17.6;17.2;17
2024-04-06 19:36:24;16.4;32.7;37.1;44.2;59.6;77.2;22.9 °C;20.2;18.6;17.6;17.2;17
2024-04-06 19:46:24;16.4;32.7;37.1;44.2;59.6;77.2;22.8 °C;20.2;18.6;17.6;17.2;17
2024-04-06 19:56:27;16.4;32.7;37.1;44.2;59.6;77.2;22.6 °C;20.3;18.6;17.6;17.2;17
2024-04-06 20:06:20;16.4;32.7;37.1;44.2;59.6;77.2;22.4 °C;20.3;18.7;17.7;17.2;17
2024-04-06 20:16:25;16.5;32.7;37.1;44.2;59.6;77.2;22.3 °C;20.3;18.7;17.7;17.2;17
2024-04-06 20:26:22;16.5;32.7;37.1;44.2;59.6;77.2;22.2 °C;20.3;18.8;17.7;17.2;17
2024-04-06 20:36:23;16.5;32.7;37.2;44.2;59.6;77.2;22.1 °C;20.3;18.8;17.7;17.2;17
2024-04-06 20:46:25;16.4;32.7;37.2;44.2;59.6;77.2;21.9 °C;20.3;18.8;17.8;17.2;17
2024-04-06 20:56:24;16.5;32.7;37.2;44.2;59.6;77.2;21.8 °C;20.3;18.8;17.8;17.2;17
2024-04-06 21:06:20;16.4;32.7;37.2;44.3;59.6;77.2;21.7 °C;20.3;18.8;17.8;17.2;17
2024-04-06 21:16:23;16.5;32.7;37.2;44.2;59.6;77.2;21.6 °C;20.3;18.9;17.8;17.2;17
2024-04-06 21:26:20;16.5;32.7;37.2;44.2;59.6;77.2;21.4 °C;20.3;18.9;17.8;17.3;17
2024-04-06 21:36:25;16.4;32.7;37.2;44.2;59.6;77.2;21.3 °C;20.3;18.9;17.8;17.3;17
2024-04-06 21:46:26;16.5;32.7;37.2;44.3;59.6;77.2;21.2 °C;20.2;18.9;17.8;17.3;17
2024-04-06 21:56:26;16.5;32.7;37.2;44.3;59.6;77.2;21.1 °C;20.2;18.9;17.9;17.3;17
2024-04-06 22:06:23;16.4;32.7;37.2;44.3;59.6;77.2;20.9 °C;20.2;18.9;17.9;17.3;17
2024-04-06 22:16:26;16.5;32.7;37.2;44.3;59.6;77.2;20.9 °C;20.1;19;17.9;17.3;17
2024-04-06 22:26:23;16.4;32.7;37.2;44.3;59.6;77.2;20.8 °C;20.1;19;17.9;17.3;17
2024-04-06 22:36:21;16.5;32.7;37.2;44.3;59.6;77.2;20.6 °C;20.1;19;17.9;17.3;17
2024-04-06 22:46:25;16.5;32.7;37.2;44.3;59.6;77.2;20.6 °C;20.1;19;17.9;17.3;17
2024-04-06 22:56:24;16.5;32.8;37.2;44.3;59.6;77.2;20.4 °C;20.1;19;17.9;17.3;17
2024-04-06 23:06:21;16.5;32.7;37.2;44.3;59.6;77.2;20.3 °C;20.1;19.1;17.9;17.3;17
2024-04-06 23:16:25;16.5;32.7;37.2;44.3;59.6;77.2;20.3 °C;20;19.1;18;17.3;17
2024-04-06 23:26:22;16.5;32.7;37.2;44.3;59.6;77.2;20.1 °C;20;19.1;18;17.3;17.1
2024-04-06 23:36:23;16.5;32.7;37.2;44.3;59.6;77.2;20.1 °C;19.9;19.1;18;17.3;17.1
2024-04-06 23:46:24;16.5;32.7;37.2;44.3;59.6;77.2;19.9 °C;19.9;19.1;18;17.3;17.1
2024-04-06 23:56:23;16.5;32.7;37.2;44.3;59.6;77.2;19.9 °C;19.9;19.1;18;17.3;17.1
2024-04-07 00:06:22;16.5;32.7;37.2;44.3;59.7;77.2;19.8 °C;19.9;19.1;18.1;17.4;17.1
2024-04-07 00:16:26;16.5;32.7;37.2;44.3;59.7;77.2;19.7 °C;19.8;19.1;18.1;17.4;17.1
2024-04-07 00:26:20;16.5;32.7;37.2;44.3;59.7;77.2;19.6 °C;19.8;19.1;18.1;17.4;17.1
2024-04-07 00:36:27;16.5;32.7;37.2;44.3;59.7;77.2;19.5 °C;19.8;19.1;18.1;17.4;17.1
2024-04-07 00:46:25;16.5;32.7;37.2;44.3;59.7;77.2;19.4 °C;19.7;19.1;18.1;17.4;17.1
2024-04-07 00:56:23;16.5;32.7;37.2;44.3;59.7;77.2;19.3 °C;19.7;19.1;18.1;17.4;17.1
2024-04-07 01:06:21;16.5;32.7;37.2;44.3;59.7;77.2;19.3 °C;19.6;19.1;18.1;17.4;17.1
2024-04-07 01:16:22;16.5;32.7;37.2;44.3;59.7;77.2;19.2 °C;19.6;19.1;18.1;17.4;17.1
2024-04-07 01:26:23;16.5;32.7;37.3;44.3;59.7;77.3;19.1 °C;19.6;19.1;18.1;17.4;17.1
2024-04-07 01:36:21;16.5;32.7;37.3;44.3;59.7;77.3;19 °C;19.6;19.1;18.1;17.4;17.1
2024-04-07 01:46:20;16.5;32.7;37.2;44.4;59.7;77.2;18.9 °C;19.5;19.1;18.1;17.4;17.1
2024-04-07 01:56:19;16.6;32.7;37.2;44.3;59.7;77.2;18.9 °C;19.4;19.1;18.1;17.4;17.1
2024-04-07 02:06:22;16.5;32.7;37.3;44.3;59.7;77.2;18.8 °C;19.4;19.1;18.2;17.4;17.1
2024-04-07 02:16:27;16.5;32.7;37.2;44.3;59.7;77.2;18.8 °C;19.4;19.1;18.2;17.4;17.1
2024-04-07 02:26:24;16.5;32.7;37.2;44.3;59.7;77.2;18.7 °C;19.4;19.1;18.2;17.4;17.1
2024-04-07 02:36:20;16.5;32.7;37.2;44.3;59.7;77.3;18.6 °C;19.3;19.1;18.2;17.4;17.1
2024-04-07 02:46:23;16.5;32.7;37.3;44.3;59.7;77.3;18.6 °C;19.3;19.1;18.2;17.5;17.1
2024-04-07 02:56:20;16.5;32.7;37.2;44.3;59.7;77.3;18.5 °C;19.3;19;18.2;17.5;17.1
2024-04-07 03:06:23;16.5;32.7;37.2;44.3;59.7;77.3;18.4 °C;19.2;19;18.2;17.5;17.1
2024-04-07 03:16:22;16.5;32.7;37.2;44.3;59.7;77.3;18.4 °C;19.2;19;18.2;17.5;17.1
2024-04-07 03:26:26;16.5;32.7;37.3;44.3;59.7;77.3;18.3 °C;19.1;19;18.2;17.5;17.1
2024-04-07 03:36:25;16.5;32.7;37.2;44.3;59.7;77.3;18.3 °C;19.1;19;18.2;17.5;17.1
2024-04-07 03:46:25;16.5;32.7;37.2;44.4;59.7;77.3;18.2 °C;19.1;19;18.2;17.5;17.1
2024-04-07 03:56:20;16.5;32.7;37.3;44.4;59.7;77.3;18.1 °C;19.1;18.9;18.2;17.5;17.1
2024-04-07 04:06:24;16.5;32.6;37.2;44.4;59.7;77.3;18.1 °C;19;18.9;18.2;17.5;17.1
2024-04-07 04:16:26;16.5;32.7;37.2;44.3;59.7;77.3;18 °C;18.9;18.9;18.2;17.6;17.2
2024-04-07 04:26:19;16.5;32.7;37.2;44.3;59.7;77.3;17.9 °C;18.9;18.9;18.2;17.6;17.2
2024-04-07 04:36:21;16.5;32.7;37.3;44.4;59.7;77.3;17.9 °C;18.9;18.9;18.2;17.6;17.2
2024-04-07 04:46:21;16.6;32.7;37.3;44.4;59.7;77.3;17.8 °C;18.9;18.9;18.2;17.6;17.2
2024-04-07 04:56:21;16.6;32.7;37.2;44.4;59.7;77.3;17.8 °C;18.8;18.9;18.2;17.6;17.2
2024-04-07 05:06:26;16.5;32.7;37.2;44.4;59.7;77.3;17.7 °C;18.8;18.9;18.3;17.6;17.2
2024-04-07 05:16:26;16.5;32.6;37.2;44.4;59.7;77.3;17.7 °C;18.8;18.9;18.2;17.6;17.2
2024-04-07 05:26:24;16.6;32.7;37.2;44.4;59.7;77.3;17.6 °C;18.7;18.9;18.2;17.6;17.2
2024-04-07 05:36:23;16.6;32.6;37.2;44.4;59.7;77.3;17.6 °C;18.7;18.8;18.2;17.6;17.2
2024-04-07 05:46:20;16.6;32.6;37.2;44.4;59.8;77.3;17.5 °C;18.6;18.8;18.2;17.6;17.2
2024-04-07 05:56:23;16.6;32.6;37.2;44.3;59.7;77.3;17.4 °C;18.6;18.8;18.2;17.6;17.2
2024-04-07 06:06:25;16.7;32.6;37.2;44.4;59.7;77.3;17.4 °C;18.6;18.8;18.2;17.6;17.2
2024-04-07 06:16:25;16.7;32.6;37.2;44.3;59.7;77.3;17.4 °C;18.6;18.8;18.2;17.6;17.3
2024-04-07 06:26:25;16.6;32.6;37.2;44.4;59.7;77.3;17.3 °C;18.5;18.8;18.2;17.6;17.3
2024-04-07 06:36:22;16.6;32.6;37.2;44.4;59.7;77.3;17.3 °C;18.5;18.8;18.2;17.6;17.3
2024-04-07 06:46:22;16.6;32.6;37.3;44.3;59.7;77.3;17.2 °C;18.4;18.7;18.2;17.6;17.3
2024-04-07 06:56:19;16.7;32.6;37.2;44.4;59.7;77.3;17.1 °C;18.4;18.7;18.2;17.6;17.3
2024-04-07 07:06:26;16.6;32.6;37.3;44.4;59.7;77.3;17.1 °C;18.4;18.7;18.2;17.6;17.3
2024-04-07 07:16:25;16.6;32.7;37.2;44.4;59.7;77.3;17.1 °C;18.3;18.7;18.2;17.6;17.3
2024-04-07 07:26:20;16.6;32.6;37.2;44.3;59.7;77.3;17 °C;18.3;18.6;18.2;17.6;17.3
2024-04-07 07:36:19;16.6;32.6;37.2;44.4;59.7;77.3;17 °C;18.3;18.6;18.2;17.6;17.3
2024-04-07 07:46:26;16.6;32.6;37.2;44.4;59.7;77.3;16.9 °C;18.3;18.6;18.2;17.6;17.3
2024-04-07 07:56:21;16.8;32.6;37.2;44.4;59.7;77.3;16.9 °C;18.2;18.6;18.2;17.6;17.3
2024-04-07 08:06:20;16.8;32.7;37.2;44.4;59.7;77.3;16.9 °C;18.2;18.6;18.2;17.6;17.3
2024-04-07 08:16:20;16.8;32.5;37.3;44.4;59.7;77.3;16.9 °C;18.1;18.6;18.2;17.6;17.3
2024-04-07 08:26:26;16.8;32.6;37.2;44.4;59.7;77.3;16.9 °C;18.1;18.6;18.1;17.6;17.3
2024-04-07 08:36:23;16.8;32.6;37.2;44.4;59.7;77.3;17 °C;18.1;18.5;18.1;17.6;17.3
2024-04-07 08:46:21;16.7;32.5;37.2;44.4;59.7;77.3;17 °C;18.1;18.5;18.1;17.6;17.3
2024-04-07 08:56:26;16.8;32.5;37.2;44.4;59.7;77.3;17.1 °C;18.1;18.5;18.1;17.6;17.3
2024-04-07 09:06:22;16.8;32.5;37.2;44.4;59.7;77.3;17.1 °C;18;18.5;18.1;17.6;17.3
2024-04-07 09:16:19;16.8;32.5;37.2;44.4;59.7;77.3;17.3 °C;18;18.4;18.1;17.6;17.3
2024-04-07 09:26:21;16.8;32.6;37.2;44.4;59.7;77.3;17.3 °C;17.9;18.4;18.1;17.6;17.3
2024-04-07 09:36:21;16.8;32.6;37.1;44.4;59.7;77.3;17.4 °C;17.9;18.4;18.1;17.6;17.3
2024-04-07 09:46:27;16.8;32.6;37.1;44.4;59.7;77.3;17.6 °C;17.9;18.4;18.1;17.6;17.3
2024-04-07 09:56:24;16.8;32.6;37.1;44.4;59.7;77.3;17.7 °C;17.9;18.4;18.1;17.6;17.3
2024-04-07 10:06:19;16.8;32.5;37.1;44.3;59.7;77.3;17.8 °C;17.9;18.4;18.1;17.6;17.3
2024-04-07 10:16:22;16.6;32.6;37.1;44.4;59.7;77.3;18 °C;17.9;18.4;18.1;17.6;17.3
2024-04-07 10:26:22;16.6;32.6;37.2;44.4;59.7;77.3;18.1 °C;17.9;18.3;18.1;17.6;17.3
2024-04-07 10:36:19;16.6;32.6;37.1;44.4;59.7;77.3;18.3 °C;17.9;18.3;18.1;17.6;17.3
2024-04-07 10:46:21;16.6;32.6;37.1;44.3;59.7;77.3;18.5 °C;17.9;18.3;18.1;17.6;17.3
2024-04-07 10:56:25;16.6;32.6;37.2;44.4;59.7;77.3;18.7 °C;17.9;18.3;18.1;17.6;17.3
2024-04-07 11:06:26;16.6;32.6;37.2;44.3;59.7;77.3;18.9 °C;17.9;18.3;18.1;17.6;17.3
2024-04-07 11:16:23;16.6;32.6;37.1;44.3;59.7;77.3;19.1 °C;17.9;18.3;18;17.6;17.3
2024-04-07 11:26:22;16.6;32.6;37.1;44.3;59.7;77.3;19.3 °C;17.9;18.3;18;17.6;17.3
2024-04-07 11:36:19;16.7;32.6;37.1;44.3;59.7;77.3;19.5 °C;18;18.3;18;17.6;17.3
2024-04-07 11:46:26;16.6;32.5;37.1;44.3;59.7;77.3;19.7 °C;18;18.3;18;17.6;17.3
2024-04-07 11:56:19;16.6;32.6;37.1;44.3;59.7;77.3;19.9 °C;18.1;18.2;18;17.6;17.3
2024-04-07 12:06:21;16.6;32.6;37.1;44.3;59.7;77.3;20.1 °C;18.1;18.2;18;17.6;17.3
2024-04-07 12:16:25;16.7;32.6;37.1;44.3;59.7;77.3;20.3 °C;18.1;18.2;18;17.6;17.3
2024-04-07 12:26:22;16.7;32.7;37.1;44.3;59.7;77.3;20.4 °C;18.1;18.2;18;17.6;17.3
2024-04-07 12:36:24;16.6;32.6;37.1;44.4;59.7;77.3;20.6 °C;18.2;18.2;17.9;17.6;17.3
2024-04-07 12:46:19;16.6;32.6;37.1;44.3;59.7;77.3;20.8 °C;18.3;18.2;17.9;17.6;17.3
2024-04-07 12:56:26;16.6;32.6;37.1;44.3;59.7;77.3;20.9 °C;18.3;18.2;17.9;17.6;17.3
2024-04-07 13:06:24;16.6;32.6;37.1;44.4;59.7;77.3;21.1 °C;18.4;18.2;17.9;17.6;17.3
2024-04-07 13:16:24;16.6;32.6;37.1;44.4;59.7;77.3;21.3 °C;18.4;18.2;17.9;17.6;17.3
2024-04-07 13:26:19;16.6;32.6;37.1;44.4;59.7;77.3;21.5 °C;18.4;18.2;17.9;17.6;17.3
2024-04-07 13:36:25;16.6;32.6;37.1;44.3;59.7;77.3;21.7 °C;18.5;18.2;17.9;17.6;17.3
2024-04-07 13:46:22;16.6;32.6;37.1;44.3;59.7;77.3;21.9 °C;18.6;18.2;17.9;17.6;17.3
2024-04-07 13:56:20;16.6;32.6;37.1;44.4;59.7;77.3;22.1 °C;18.6;18.3;17.9;17.6;17.3
2024-04-07 14:06:20;16.7;32.7;37.1;44.3;59.7;77.3;22.3 °C;18.7;18.3;17.9;17.6;17.3
2024-04-07 14:16:23;16.8;32.7;37.2;44.3;59.7;77.3;22.6 °C;18.8;18.3;17.9;17.6;17.3
2024-04-07 14:26:22;16.7;32.7;37.1;44.3;59.7;77.3;22.8 °C;18.8;18.3;17.9;17.6;17.3
2024-04-07 14:36:24;16.8;32.7;37.2;44.3;59.7;77.3;22.9 °C;18.9;18.3;17.9;17.6;17.3
2024-04-07 14:46:19;16.7;32.7;37.2;44.3;59.7;77.3;23.1 °C;19;18.3;17.9;17.6;17.3
2024-04-07 14:56:23;16.7;32.7;37.2;44.3;59.7;77.3;23.3 °C;19.1;18.3;17.9;17.6;17.3
2024-04-07 15:06:22;16.7;32.7;37.2;44.3;59.7;77.3;23.5 °C;19.1;18.3;17.9;17.6;17.3
2024-04-07 15:16:20;16.8;32.7;37.2;44.3;59.7;77.3;23.7 °C;19.2;18.3;17.9;17.6;17.3
2024-04-07 15:26:19;16.9;32.8;37.1;44.3;59.7;77.3;23.8 °C;19.3;18.4;17.9;17.6;17.3
2024-04-07 15:36:25;17.2;32.7;37.1;44.3;59.7;77.3;24 °C;19.4;18.4;17.9;17.6;17.3
2024-04-07 15:46:26;17.6;32.8;37.1;44.3;59.7;77.3;24.1 °C;19.4;18.4;17.9;17.6;17.3
2024-04-07 15:56:23;17.7;32.8;37.2;44.3;59.7;77.3;24.2 °C;19.6;18.4;17.9;17.6;17.3
2024-04-07 16:06:21;17.7;32.8;37.2;44.3;59.7;77.3;24.3 °C;19.6;18.4;17.9;17.6;17.3
2024-04-07 16:16:21;17.7;32.8;37.2;44.3;59.7;77.3;24.4 °C;19.7;18.5;17.9;17.6;17.3
2024-04-07 16:26:22;17.7;32.8;37.2;44.3;59.7;77.3;24.4 °C;19.8;18.5;17.9;17.6;17.3
2024-04-07 16:36:20;17.7;32.9;37.2;44.3;59.7;77.3;24.5 °C;19.9;18.6;17.9;17.6;17.3
2024-04-07 16:46:20;17.5;32.9;37.2;44.3;59.7;77.3;24.6 °C;19.9;18.6;17.9;17.6;17.3
2024-04-07 16:56:19;17.4;32.8;37.2;44.3;59.7;77.3;24.6 °C;20;18.6;17.9;17.6;17.3
2024-04-07 17:06:22;17.6;32.8;37.2;44.3;59.7;77.3;24.7 °C;20.1;18.6;17.9;17.6;17.3
2024-04-07 17:16:22;17.5;32.8;37.2;44.3;59.7;77.3;24.7 °C;20.2;18.7;17.9;17.6;17.3
2024-04-07 17:26:21;17.5;32.9;37.2;44.3;59.7;77.3;24.7 °C;20.3;18.7;17.9;17.6;17.3
2024-04-07 17:36:26;17.6;32.9;37.2;44.4;59.7;77.3;24.7 °C;20.3;18.8;17.9;17.6;17.3
2024-04-07 17:46:24;17.5;32.9;37.2;44.3;59.7;77.3;24.7 °C;20.4;18.8;17.9;17.6;17.3
2024-04-07 17:56:24;17.3;33.0;37.2;44.3;59.7;77.3;24.6 °C;20.4;18.8;18;17.6;17.3
2024-04-07 18:06:18;17.3;33.0;37.2;44.3;59.7;77.3;24.6 °C;20.5;18.8;18;17.6;17.3
2024-04-07 18:16:25;17.3;33.0;37.3;44.3;59.7;77.3;24.6 °C;20.6;18.9;18;17.6;17.3
2024-04-07 18:26:22;17.4;33.1;37.3;44.3;59.7;77.3;24.5 °C;20.6;18.9;18;17.6;17.3
2024-04-07 18:36:20;17.6;33.0;37.3;44.3;59.7;77.3;24.4 °C;20.7;18.9;18;17.6;17.3
2024-04-07 18:46:20;17.3;33.0;37.3;44.3;59.7;77.3;24.3 °C;20.8;19;18.1;17.6;17.3
2024-04-07 18:56:24;17.4;33.0;37.3;44.3;59.7;77.3;24.2 °C;20.8;19;18.1;17.6;17.3
2024-04-07 19:06:18;17.5;33.0;37.3;44.3;59.7;77.3;24.1 °C;20.8;19.1;18.1;17.6;17.3
2024-04-07 19:16:21;17.5;33.0;37.3;44.4;59.8;77.3;24 °C;20.8;19.1;18.1;17.6;17.3
2024-04-07 19:26:25;17.8;33.0;37.3;44.4;59.7;77.4;23.9 °C;20.9;19.1;18.1;17.6;17.4
2024-04-07 19:36:19;16.6;33.1;37.3;44.4;59.8;77.4;23.8 °C;20.9;19.2;18.1;17.6;17.3
2024-04-07 19:46:22;16.6;33.1;37.3;44.4;59.7;77.4;23.6 °C;20.9;19.2;18.1;17.6;17.4
2024-04-07 19:56:24;16.6;33.0;37.3;44.4;59.8;77.4;23.4 °C;20.9;19.3;18.1;17.6;17.4
2024-04-07 20:06:23;16.6;33.0;37.4;44.4;59.7;77.4;23.3 °C;20.9;19.3;18.2;17.6;17.3
2024-04-07 20:16:20;16.6;33.0;37.4;44.4;59.7;77.4;23.2 °C;20.9;19.3;18.2;17.6;17.4
2024-04-07 20:26:25;16.6;33.0;37.4;44.4;59.7;77.4;23.1 °C;21;19.3;18.2;17.6;17.4
2024-04-07 20:36:22;16.6;33.0;37.3;44.4;59.7;77.4;22.9 °C;21;19.4;18.2;17.6;17.4
2024-04-07 20:46:20;16.6;33.0;37.4;44.4;59.7;77.4;22.8 °C;21;19.4;18.3;17.6;17.4
2024-04-07 20:56:20;16.7;33.0;37.4;44.4;59.7;77.4;22.6 °C;21;19.4;18.3;17.6;17.4
2024-04-07 21:06:23;16.6;33.0;37.4;44.4;59.8;77.4;22.5 °C;21;19.4;18.3;17.6;17.4
2024-04-07 21:16:19;16.6;33.0;37.4;44.4;59.7;77.4;22.4 °C;20.9;19.4;18.3;17.6;17.4
2024-04-07 21:26:22;16.6;33.0;37.4;44.4;59.8;77.4;22.3 °C;20.9;19.5;18.3;17.6;17.4
2024-04-07 21:36:24;16.6;33.0;37.4;44.4;59.8;77.4;22.1 °C;20.9;19.5;18.3;17.6;17.4
2024-04-07 21:46:24;16.6;33.0;37.4;44.4;59.8;77.4;22.1 °C;20.9;19.5;18.3;17.7;17.4
2024-04-07 21:56:20;16.6;33.0;37.4;44.4;59.8;77.4;21.9 °C;20.9;19.6;18.4;17.7;17.4
2024-04-07 22:06:19;16.6;33.0;37.4;44.4;59.8;77.4;21.8 °C;20.9;19.6;18.4;17.7;17.4
2024-04-07 22:16:24;16.6;33.0;37.4;44.5;59.8;77.4;21.7 °C;20.9;19.6;18.4;17.7;17.4
2024-04-07 22:26:20;16.7;33.0;37.4;44.4;59.8;77.4;21.6 °C;20.9;19.6;18.4;17.7;17.4
2024-04-07 22:36:25;16.6;33.0;37.4;44.5;59.8;77.4;21.4 °C;20.8;19.6;18.4;17.7;17.4
2024-04-07 22:46:26;16.6;33.0;37.4;44.5;59.8;77.4;21.4 °C;20.8;19.6;18.4;17.7;17.4
2024-04-07 22:56:20;16.6;32.9;37.4;44.5;59.8;77.4;21.3 °C;20.8;19.6;18.4;17.7;17.4
2024-04-07 23:06:20;16.6;32.9;37.4;44.5;59.8;77.4;21.1 °C;20.8;19.6;18.5;17.8;17.4
2024-04-07 23:16:24;16.6;32.9;37.4;44.5;59.8;77.4;21.1 °C;20.8;19.7;18.5;17.8;17.4
2024-04-07 23:26:24;16.6;33.0;37.4;44.5;59.8;77.4;20.9 °C;20.7;19.7;18.5;17.8;17.4
2024-04-07 23:36:19;16.6;33.0;37.4;44.5;59.8;77.4;20.9 °C;20.7;19.7;18.5;17.8;17.4
2024-04-07 23:46:18;16.6;33.0;37.5;44.5;59.8;77.4;20.8 °C;20.6;19.7;18.5;17.8;17.4
2024-04-07 23:56:25;16.7;32.9;37.5;44.5;59.8;77.4;20.6 °C;20.6;19.7;18.6;17.8;17.4
2024-04-08 00:06:21;16.6;32.9;37.5;44.5;59.8;77.4;20.6 °C;20.6;19.7;18.6;17.8;17.4
2024-04-08 00:16:23;16.6;32.9;37.5;44.5;59.8;77.4;20.4 °C;20.6;19.7;18.6;17.8;17.4
2024-04-08 00:26:21;16.7;32.9;37.5;44.5;59.8;77.4;20.4 °C;20.5;19.7;18.6;17.8;17.4
2024-04-08 00:36:18;16.6;32.9;37.5;44.5;59.8;77.4;20.3 °C;20.4;19.7;18.6;17.8;17.4
2024-04-08 00:46:20;16.7;32.9;37.5;44.5;59.8;77.4;20.2 °C;20.4;19.7;18.6;17.8;17.4
2024-04-08 00:56:21;16.7;32.9;37.5;44.5;59.8;77.4;20.1 °C;20.4;19.7;18.6;17.8;17.4
2024-04-08 01:06:26;16.6;32.9;37.5;44.5;59.8;77.4;20 °C;20.4;19.7;18.6;17.8;17.4
2024-04-08 01:16:23;16.6;32.9;37.5;44.5;59.8;77.4;19.9 °C;20.3;19.7;18.6;17.8;17.4
2024-04-08 01:26:18;16.7;32.9;37.5;44.5;59.8;77.4;19.9 °C;20.3;19.7;18.6;17.9;17.4
2024-04-08 01:36:21;16.6;32.9;37.5;44.5;59.8;77.4;19.8 °C;20.3;19.7;18.6;17.9;17.4
2024-04-08 01:46:21;16.7;32.9;37.5;44.5;59.8;77.4;19.7 °C;20.2;19.7;18.7;17.9;17.4
2024-04-08 01:56:19;16.6;32.9;37.4;44.5;59.9;77.4;19.6 °C;20.2;19.7;18.7;17.9;17.4
2024-04-08 02:06:21;16.6;32.9;37.5;44.5;59.8;77.4;19.5 °C;20.1;19.7;18.7;17.9;17.4
2024-04-08 02:16:23;16.6;32.9;37.5;44.5;59.9;77.4;19.4 °C;20.1;19.7;18.7;17.9;17.5
2024-04-08 02:26:21;16.6;32.9;37.4;44.6;59.9;77.4;19.4 °C;20.1;19.7;18.7;17.9;17.5
2024-04-08 02:36:23;16.7;32.9;37.5;44.5;59.9;77.4;19.3 °C;20;19.7;18.7;17.9;17.5
2024-04-08 02:46:21;16.6;32.9;37.4;44.5;59.9;77.4;19.3 °C;20;19.6;18.7;17.9;17.5
2024-04-08 02:56:19;16.7;32.9;37.4;44.5;59.9;77.4;19.1 °C;19.9;19.6;18.7;17.9;17.5
2024-04-08 03:06:21;16.7;32.9;37.4;44.5;59.9;77.4;19.1 °C;19.9;19.6;18.7;17.9;17.5
2024-04-08 03:16:18;16.7;32.8;37.5;44.5;59.9;77.4;19 °C;19.9;19.6;18.8;17.9;17.5
2024-04-08 03:26:20;16.7;32.8;37.4;44.5;59.9;77.4;18.9 °C;19.8;19.6;18.8;17.9;17.5
2024-04-08 03:36:25;16.7;32.9;37.4;44.5;59.9;77.4;18.9 °C;19.8;19.6;18.8;17.9;17.5
2024-04-08 03:46:26;17.0;32.9;37.4;44.6;59.9;77.4;18.8 °C;19.8;19.6;18.8;17.9;17.5
2024-04-08 03:56:23;16.7;32.9;37.4;44.5;59.9;77.5;18.8 °C;19.7;19.6;18.8;17.9;17.5
2024-04-08 04:06:18;16.7;32.9;37.4;44.5;59.8;77.5;18.7 °C;19.7;19.6;18.8;18;17.6
2024-04-08 04:16:25;16.7;32.8;37.4;44.6;59.9;77.5;18.6 °C;19.6;19.6;18.8;18;17.6
2024-04-08 04:26:21;16.8;32.9;37.4;44.5;59.9;77.5;18.5 °C;19.6;19.6;18.8;18;17.6
2024-04-08 04:36:19;16.9;32.9;37.4;44.5;59.9;77.5;18.4 °C;19.6;19.5;18.8;18;17.6
2024-04-08 04:46:21;16.9;32.9;37.4;44.5;59.9;77.5;18.4 °C;19.5;19.5;18.8;18;17.6
2024-04-08 04:56:19;17.0;32.8;37.4;44.5;59.9;77.5;18.3 °C;19.5;19.5;18.8;18;17.6
2024-04-08 05:06:22;17.0;32.8;37.4;44.6;59.9;77.5;18.3 °C;19.4;19.5;18.8;18;17.6
2024-04-08 05:16:23;16.9;32.8;37.4;44.6;59.9;77.5;18.2 °C;19.4;19.5;18.8;18;17.6
2024-04-08 05:26:18;17.0;32.8;37.4;44.6;59.9;77.5;18.2 °C;19.4;19.4;18.8;18;17.6
2024-04-08 05:36:21;17.0;32.8;37.4;44.6;59.9;77.5;18.1 °C;19.3;19.4;18.8;18;17.6
2024-04-08 05:46:24;17.0;32.8;37.4;44.6;59.9;77.5;18.1 °C;19.3;19.4;18.8;18.1;17.6
2024-04-08 05:56:23;17.0;32.8;37.4;44.6;59.9;77.5;18 °C;19.3;19.4;18.8;18.1;17.6
2024-04-08 06:06:18;17.0;32.7;37.4;44.6;59.9;77.5;17.9 °C;19.2;19.4;18.8;18.1;17.6
2024-04-08 06:16:21;17.1;32.7;37.4;44.6;59.9;77.5;17.9 °C;19.2;19.4;18.8;18.1;17.6
2024-04-08 06:26:21;17.1;32.8;37.4;44.5;59.9;77.5;17.8 °C;19.1;19.4;18.8;18.1;17.6
2024-04-08 06:36:19;17.1;32.8;37.4;44.6;59.9;77.5;17.8 °C;19.1;19.4;18.8;18.1;17.6
2024-04-08 06:46:21;17.4;32.7;37.4;44.6;59.9;77.5;17.7 °C;19.1;19.3;18.8;18.1;17.6
2024-04-08 06:56:22;17.2;32.7;37.4;44.6;59.9;77.5;17.6 °C;19;19.3;18.8;18.1;17.6
2024-04-08 07:06:21;17.4;32.7;37.4;44.6;59.9;77.5;17.6 °C;19;19.3;18.8;18.1;17.6
2024-04-08 07:16:23;17.1;32.8;37.4;44.6;59.9;77.5;17.6 °C;18.9;19.3;18.8;18.1;17.6
2024-04-08 07:26:19;17.0;33.6;37.4;44.6;59.9;77.5;17.5 °C;18.9;19.3;18.7;18.1;17.6
2024-04-08 07:36:24;17.6;32.7;37.4;44.6;59.9;77.5;17.4 °C;18.9;19.3;18.7;18.1;17.6
2024-04-08 07:46:19;16.7;32.7;37.4;44.6;59.9;77.5;17.4 °C;18.8;19.2;18.7;18.1;17.6
2024-04-08 07:56:22;17.1;32.7;37.4;44.6;59.9;77.5;17.4 °C;18.8;19.2;18.7;18.1;17.6
2024-04-08 08:06:20;17.7;32.7;37.4;44.6;59.9;77.5;17.4 °C;18.8;19.2;18.7;18.1;17.6
2024-04-08 08:16:20;17.3;33.0;37.4;44.6;59.9;77.5;17.4 °C;18.8;19.2;18.7;18.1;17.6
2024-04-08 08:26:26;17.0;32.6;37.4;44.6;59.9;77.5;17.4 °C;18.7;19.1;18.7;18.1;17.6
2024-04-08 08:36:19;16.8;32.6;37.4;44.6;59.9;77.5;17.4 °C;18.7;19.1;18.7;18.1;17.7
2024-04-08 08:46:18;17.0;32.6;37.4;44.6;59.9;77.5;17.4 °C;18.6;19.1;18.7;18.1;17.7
2024-04-08 08:56:20;17.0;32.6;37.3;44.6;59.9;77.5;17.5 °C;18.6;19.1;18.7;18.1;17.7
2024-04-08 09:06:21;17.2;32.6;37.4;44.6;59.9;77.5;17.6 °C;18.6;19.1;18.7;18.1;17.7
2024-04-08 09:16:23;17.1;32.6;37.4;44.5;59.9;77.5;17.6 °C;18.6;19.1;18.6;18.1;17.7
2024-04-08 09:26:19;17.2;32.6;37.4;44.6;59.9;77.5;17.8 °C;18.5;19;18.6;18.1;17.7
2024-04-08 09:36:19;17.2;32.6;37.3;44.6;59.9;77.5;17.9 °C;18.5;19;18.6;18.1;17.7
2024-04-08 09:46:19;17.5;32.6;37.4;44.6;59.9;77.5;18 °C;18.5;19;18.6;18.1;17.7
2024-04-08 09:56:22;17.2;32.6;37.4;44.5;59.9;77.5;18.1 °C;18.4;18.9;18.6;18.1;17.7
2024-04-08 10:06:21;17.2;32.6;37.4;44.5;59.9;77.5;18.3 °C;18.4;18.9;18.6;18.1;17.7
2024-04-08 10:16:22;17.2;32.6;37.3;44.5;59.9;77.5;18.4 °C;18.4;18.9;18.6;18.1;17.7
2024-04-08 10:26:22;17.2;32.6;37.4;44.6;59.9;77.5;18.6 °C;18.4;18.9;18.6;18.1;17.7
2024-04-08 10:36:19;17.2;32.6;37.4;44.5;59.9;77.5;18.8 °C;18.4;18.9;18.6;18.1;17.7
2024-04-08 10:46:18;17.2;32.6;37.3;44.5;59.9;77.5;18.9 °C;18.4;18.9;18.6;18.1;17.7
2024-04-08 10:56:24;17.2;32.6;37.3;44.5;59.9;77.5;19.2 °C;18.4;18.9;18.6;18.1;17.7
2024-04-08 11:06:25;17.1;32.6;37.3;44.6;59.9;77.5;19.4 °C;18.4;18.8;18.6;18.1;17.7
2024-04-08 11:16:23;17.1;32.6;37.3;44.5;59.9;77.5;19.6 °C;18.4;18.8;18.6;18.1;17.7
2024-04-08 11:26:19;17.2;32.6;37.3;44.5;59.9;77.5;19.8 °C;18.5;18.8;18.6;18.1;17.7
2024-04-08 11:36:22;17.2;32.6;37.3;44.5;59.9;77.5;20 °C;18.5;18.8;18.6;18.1;17.7
2024-04-08 11:46:24;16.8;32.6;37.3;44.6;59.9;77.5;20.2 °C;18.6;18.8;18.5;18.1;17.7
2024-04-08 11:56:20;16.9;32.6;37.3;44.6;59.9;77.5;20.4 °C;18.6;18.8;18.5;18.1;17.8
2024-04-08 12:06:25;16.8;32.6;37.3;44.5;59.9;77.5;20.6 °C;18.6;18.8;18.5;18.1;17.8
2024-04-08 12:16:18;16.8;32.6;37.3;44.5;59.9;77.5;20.8 °C;18.6;18.8;18.5;18.1;17.7
2024-04-08 12:26:25;16.8;32.6;37.3;44.6;59.9;77.5;20.9 °C;18.7;18.8;18.5;18.1;17.8
2024-04-08 12:36:22;16.8;32.6;37.3;44.6;59.9;77.5;21 °C;18.8;18.8;18.5;18.1;17.8
2024-04-08 12:46:24;16.8;32.6;37.3;44.5;59.9;77.5;21.2 °C;18.8;18.8;18.5;18.1;17.8
2024-04-08 12:56:25;16.8;32.6;37.3;44.5;59.9;77.5;21.3 °C;18.8;18.8;18.4;18.1;17.8
2024-04-08 13:06:19;16.8;32.6;37.3;44.5;59.9;77.5;21.5 °C;18.9;18.8;18.4;18.1;17.8
2024-04-08 13:16:23;16.8;32.6;37.3;44.5;59.9;77.5;21.7 °C;18.9;18.8;18.4;18.1;17.8
2024-04-08 13:26:22;16.9;32.6;37.3;44.5;59.9;77.5;21.9 °C;19;18.8;18.4;18.1;17.8
2024-04-08 13:36:24;16.9;32.6;37.3;44.5;59.9;77.5;22.1 °C;19.1;18.8;18.4;18.1;17.8
2024-04-08 13:46:23;16.9;32.6;37.3;44.5;59.9;77.5;22.3 °C;19.1;18.8;18.4;18.1;17.8
2024-04-08 13:56:20;16.9;32.6;37.3;44.5;59.8;77.5;22.6 °C;19.2;18.8;18.4;18.1;17.8
2024-04-08 14:06:21;16.8;32.6;37.3;44.5;59.9;77.5;22.8 °C;19.3;18.8;18.4;18.1;17.8
2024-04-08 14:16:19;17.0;32.6;37.3;44.5;59.9;77.5;22.9 °C;19.3;18.8;18.4;18.1;17.8
2024-04-08 14:26:22;17.4;32.7;37.3;44.5;59.9;77.5;23.1 °C;19.4;18.8;18.4;18.1;17.8
2024-04-08 14:36:21;17.5;32.6;37.4;44.5;59.9;77.5;23.3 °C;19.4;18.8;18.4;18.1;17.8
2024-04-08 14:46:22;17.5;32.7;37.3;44.5;59.9;77.5;23.5 °C;19.5;18.8;18.4;18.1;17.8
2024-04-08 14:56:21;17.5;32.7;37.3;44.5;59.8;77.5;23.6 °C;19.6;18.8;18.4;18;17.8
2024-04-08 15:06:18;17.5;32.7;37.4;44.5;59.8;77.5;23.8 °C;19.7;18.9;18.4;18;17.8
2024-04-08 15:16:20;17.5;32.7;37.4;44.5;59.8;77.5;23.9 °C;19.8;18.9;18.4;18;17.8
2024-04-08 15:26:21;17.5;32.7;37.4;44.5;59.8;77.5;24.1 °C;19.8;18.9;18.4;18;17.8
2024-04-08 15:36:22;17.6;32.7;37.4;44.5;59.9;77.5;24.2 °C;19.9;18.9;18.4;18;17.8
2024-04-08 15:46:21;17.6;32.7;37.4;44.5;59.9;77.5;24.3 °C;20;18.9;18.4;18;17.8
2024-04-08 15:56:22;17.7;32.7;37.4;44.5;59.8;77.5;24.4 °C;20.1;18.9;18.4;18;17.8
2024-04-08 16:06:20;17.6;32.7;37.4;44.5;59.8;77.5;24.4 °C;20.1;19;18.4;18;17.8
2024-04-08 16:16:20;17.7;32.7;37.4;44.5;59.8;77.5;24.5 °C;20.2;19;18.4;18;17.8
2024-04-08 16:26:24;17.7;32.8;37.4;44.5;59.9;77.5;24.5 °C;20.3;19;18.4;18;17.8
2024-04-08 16:36:21;17.7;32.8;37.4;44.5;59.9;77.5;24.6 °C;20.4;19.1;18.4;18;17.8
2024-04-08 16:46:22;17.6;32.8;37.4;44.5;59.8;77.5;24.6 °C;20.4;19.1;18.4;18;17.8
2024-04-08 16:56:20;17.5;32.8;37.4;44.5;59.9;77.5;24.6 °C;20.5;19.1;18.4;18;17.8
2024-04-08 17:06:18;17.5;32.9;37.4;44.5;59.8;77.5;24.6 °C;20.6;19.1;18.4;18;17.8
2024-04-08 17:16:21;17.1;32.8;37.4;44.5;59.8;77.5;24.6 °C;20.6;19.2;18.4;18;17.8
2024-04-08 17:26:17;17.1;32.9;37.4;44.5;59.8;77.5;24.6 °C;20.7;19.2;18.4;18;17.8
2024-04-08 17:36:20;17.3;32.9;37.4;44.5;59.8;77.5;24.6 °C;20.8;19.3;18.4;18;17.8
2024-04-08 17:46:24;17.2;32.8;37.5;44.5;59.8;77.5;24.6 °C;20.8;19.3;18.4;18;17.8
2024-04-08 17:56:22;17.2;32.9;37.4;44.5;59.8;77.5;24.6 °C;20.9;19.3;18.5;18;17.8
2024-04-08 18:06:21;17.3;32.8;37.5;44.5;59.9;77.5;24.5 °C;20.9;19.3;18.5;18;17.8
2024-04-08 18:16:23;17.2;32.8;37.4;44.5;59.8;77.5;24.4 °C;20.9;19.4;18.5;18;17.8
2024-04-08 18:26:22;17.2;32.9;37.4;44.5;59.9;77.5;24.4 °C;21;19.4;18.5;18;17.8
2024-04-08 18:36:24;17.2;32.9;37.5;44.5;59.9;77.6;24.3 °C;21.1;19.4;18.5;18;17.8
2024-04-08 18:46:22;17.3;32.9;37.5;44.6;59.9;77.6;24.2 °C;21.1;19.5;18.5;18;17.8
2024-04-08 18:56:24;17.2;32.9;37.5;44.5;59.9;77.6;24.1 °C;21.1;19.5;18.6;18;17.8
2024-04-08 19:06:18;17.2;32.9;37.5;44.5;59.9;77.5;23.9 °C;21.1;19.6;18.6;18;17.8
2024-04-08 19:16:25;17.2;32.9;37.5;44.5;59.9;77.5;23.8 °C;21.2;19.6;18.6;18;17.8
2024-04-08 19:26:18;16.8;32.9;37.5;44.6;59.9;77.6;23.8 °C;21.2;19.6;18.6;18;17.8
2024-04-08 19:36:22;16.8;32.9;37.5;44.5;59.9;77.6;23.6 °C;21.3;19.6;18.6;18;17.8
2024-04-08 19:46:21;16.8;32.9;37.5;44.6;59.9;77.6;23.5 °C;21.3;19.7;18.6;18.1;17.8
2024-04-08 19:56:17;16.8;32.9;37.5;44.6;59.9;77.6;23.4 °C;21.3;19.7;18.6;18.1;17.8
2024-04-08 20:06:19;16.8;32.9;37.6;44.6;59.9;77.6;23.3 °C;21.3;19.7;18.6;18.1;17.8
2024-04-08 20:16:20;16.8;32.9;37.5;44.6;59.9;77.5;23.1 °C;21.3;19.8;18.6;18.1;17.8
2024-04-08 20:26:24;16.9;32.9;37.5;44.6;59.9;77.5;22.9 °C;21.3;19.8;18.7;18.1;17.8
2024-04-08 20:36:21;16.8;32.9;37.5;44.6;59.9;77.6;22.8 °C;21.3;19.8;18.7;18.1;17.8
2024-04-08 20:46:20;16.8;32.9;37.5;44.6;59.9;77.5;22.7 °C;21.3;19.8;18.7;18.1;17.8
2024-04-08 20:56:24;16.8;32.9;37.5;44.6;59.9;77.6;22.6 °C;21.3;19.8;18.7;18.1;17.8
2024-04-08 21:06:18;16.9;32.9;37.6;44.6;59.9;77.5;22.4 °C;21.3;19.9;18.8;18.1;17.8
2024-04-08 21:16:25;16.8;32.9;37.6;44.6;59.9;77.6;22.3 °C;21.3;19.9;18.8;18.1;17.8
2024-04-08 21:26:22;16.9;32.9;37.6;44.6;59.9;77.6;22.2 °C;21.2;19.9;18.8;18.1;17.8
2024-04-08 21:36:22;16.9;32.9;37.5;44.6;59.9;77.6;22.1 °C;21.2;19.9;18.8;18.1;17.8
2024-04-08 21:46:20;16.9;32.9;37.5;44.6;59.9;77.6;21.9 °C;21.2;19.9;18.8;18.1;17.8
2024-04-08 21:56:18;16.8;32.9;37.6;44.6;59.9;77.6;21.8 °C;21.2;19.9;18.8;18.1;17.8
2024-04-08 22:06:24;16.8;32.9;37.6;44.6;59.9;77.6;21.7 °C;21.1;20;18.8;18.1;17.8
2024-04-08 22:16:18;16.9;32.9;37.6;44.6;59.9;77.6;21.6 °C;21.1;20;18.8;18.1;17.8
2024-04-08 22:26:20;16.8;33.0;37.6;44.6;59.9;77.6;21.4 °C;21.1;20;18.9;18.1;17.8
2024-04-08 22:36:21;16.8;32.9;37.6;44.6;60.0;77.6;21.4 °C;21.1;20;18.9;18.1;17.8
2024-04-08 22:46:24;16.9;32.9;37.6;44.6;60.0;77.6;21.3 °C;21;20;18.9;18.1;17.8
2024-04-08 22:56:25;16.8;32.9;37.6;44.6;60.0;77.6;21.1 °C;21;20;18.9;18.1;17.8
2024-04-08 23:06:22;16.8;32.9;37.6;44.7;59.9;77.5;21.1 °C;20.9;20;18.9;18.1;17.8
2024-04-08 23:16:22;16.8;32.9;37.6;44.7;59.9;77.5;20.9 °C;20.9;20.1;18.9;18.2;17.8
2024-04-08 23:26:25;16.8;32.9;37.6;44.7;59.9;77.6;20.9 °C;20.9;20.1;18.9;18.2;17.8
2024-04-08 23:36:18;16.8;32.9;37.6;44.7;59.9;77.6;20.8 °C;20.9;20.1;18.9;18.2;17.8
2024-04-08 23:46:21;16.8;32.9;37.6;44.7;59.9;77.6;20.6 °C;20.8;20.1;18.9;18.2;17.8
2024-04-08 23:56:24;16.8;32.9;37.6;44.7;59.9;77.6;20.6 °C;20.8;20.1;19;18.2;17.8
2024-04-09 00:06:21;16.8;32.9;37.6;44.7;59.9;77.6;20.4 °C;20.8;20.1;19;18.2;17.8
2024-04-09 00:16:23;16.8;32.8;37.6;44.7;59.9;77.6;20.4 °C;20.8;20.1;19;18.2;17.8
2024-04-09 00:26:23;16.9;32.9;37.6;44.7;60.0;77.6;20.3 °C;20.7;20.1;19;18.2;17.8
2024-04-09 00:36:23;16.8;32.9;37.6;44.7;60.0;77.6;20.2 °C;20.6;20.1;19;18.3;17.8
2024-04-09 00:46:18;16.8;32.9;37.6;44.7;60.0;77.6;20.1 °C;20.6;20.1;19;18.3;17.8
2024-04-09 00:56:21;16.8;32.9;37.6;44.7;60.0;77.6;20.1 °C;20.6;20.1;19;18.3;17.8
2024-04-09 01:06:23;16.8;32.9;37.7;44.7;60.0;77.6;19.9 °C;20.6;20.1;19.1;18.3;17.8
2024-04-09 01:16:20;16.9;32.9;37.6;44.7;60.0;77.6;19.9 °C;20.5;20.1;19.1;18.3;17.8
2024-04-09 01:26:24;16.8;32.9;37.6;44.7;60.0;77.6;19.8 °C;20.4;20;19.1;18.3;17.8
2024-04-09 01:36:17;16.9;32.8;37.6;44.7;60.0;77.6;19.7 °C;20.4;20;19.1;18.3;17.8
2024-04-09 01:46:23;16.9;32.8;37.6;44.7;60.0;77.6;19.6 °C;20.4;20;19.1;18.3;17.9
2024-04-09 01:56:23;16.8;32.9;37.6;44.7;60.0;77.6;19.6 °C;20.3;20;19.1;18.3;17.9
2024-04-09 02:06:19;16.9;32.8;37.6;44.7;60.0;77.6;19.5 °C;20.3;20;19.1;18.3;17.9
2024-04-09 02:16:24;16.9;32.8;37.6;44.7;60.0;77.6;19.4 °C;20.3;20;19.1;18.3;17.9
2024-04-09 02:26:21;16.9;32.8;37.6;44.7;60.0;77.6;19.3 °C;20.3;20;19.1;18.3;17.9
2024-04-09 02:36:18;16.9;32.8;37.6;44.7;60.0;77.6;19.3 °C;20.2;20;19.1;18.3;17.9
2024-04-09 02:46:17;16.9;32.8;37.6;44.7;60.0;77.6;19.2 °C;20.1;19.9;19.1;18.3;17.9
2024-04-09 02:56:23;16.9;32.8;37.6;44.7;60.0;77.6;19.1 °C;20.1;19.9;19.1;18.3;17.9
2024-04-09 03:06:23;16.9;32.8;37.6;44.7;60.0;77.6;19.1 °C;20.1;19.9;19.1;18.3;17.9
2024-04-09 03:16:24;16.9;32.8;37.6;44.7;60.0;77.6;18.9 °C;20;19.9;19.1;18.3;17.9
2024-04-09 03:26:25;16.9;32.8;37.6;44.7;60.0;77.6;18.9 °C;20;19.9;19.1;18.4;17.9
2024-04-09 03:36:18;16.9;32.8;37.6;44.7;60.0;77.6;18.8 °C;19.9;19.9;19.1;18.4;17.9
2024-04-09 03:46:21;16.9;32.8;37.6;44.7;60.0;77.6;18.8 °C;19.9;19.9;19.1;18.4;17.9
2024-04-09 03:56:23;16.9;32.8;37.6;44.7;60.0;77.6;18.7 °C;19.9;19.9;19.1;18.4;17.9
2024-04-09 04:06:19;16.9;32.8;37.6;44.7;60;77.6;18.6 °C;19.8;19.9;19.1;18.4;17.9
2024-04-09 04:16:24;16.9;32.8;37.6;44.7;60;77.6;18.6 °C;19.8;19.9;19.1;18.4;17.9
2024-04-09 04:26:20;16.9;32.8;37.6;44.7;60.0;77.6;18.5 °C;19.8;19.8;19.1;18.4;17.9
2024-04-09 04:36:17;16.9;32.8;37.6;44.7;60.0;77.6;18.4 °C;19.7;19.8;19.1;18.4;17.9
2024-04-09 04:46:20;16.9;32.8;37.6;44.7;60.0;77.6;18.4 °C;19.7;19.8;19.1;18.4;17.9
2024-04-09 04:56:21;16.9;32.8;37.6;44.7;60.0;77.6;18.4 °C;19.6;19.8;19.1;18.4;17.9
2024-04-09 05:06:22;16.9;32.7;37.6;44.7;60;77.6;18.3 °C;19.6;19.8;19.1;18.4;17.9
2024-04-09 05:16:18;16.9;32.7;37.6;44.7;60;77.6;18.3 °C;19.6;19.8;19.1;18.4;17.9
2024-04-09 05:26:20;16.9;32.8;37.6;44.7;60.0;77.6;18.2 °C;19.5;19.8;19.1;18.4;17.9
2024-04-09 05:36:21;17.1;32.8;37.6;44.7;60;77.6;18.1 °C;19.5;19.7;19.1;18.4;17.9
2024-04-09 05:46:23;17.1;32.7;37.6;44.7;60.0;77.6;18.1 °C;19.4;19.7;19.1;18.4;17.9
2024-04-09 05:56:23;17.1;32.7;37.6;44.7;60.0;77.6;18 °C;19.4;19.7;19.1;18.4;17.9
2024-04-09 06:06:23;17.1;32.7;37.6;44.7;60.0;77.6;18 °C;19.4;19.7;19.1;18.4;18
2024-04-09 06:16:20;17.1;32.7;37.6;44.7;60.0;77.6;17.9 °C;19.3;19.6;19.1;18.4;18
2024-04-09 06:26:20;17.2;32.7;37.6;44.7;60.0;77.6;17.9 °C;19.3;19.6;19.1;18.4;18
2024-04-09 06:36:17;17.1;32.8;37.6;44.7;60.0;77.6;17.8 °C;19.3;19.6;19.1;18.4;18
2024-04-09 06:46:23;17.1;32.8;37.6;44.7;60.0;77.6;17.8 °C;19.3;19.6;19.1;18.4;18
2024-04-09 06:56:24;17.1;32.8;37.6;44.7;60.0;77.6;17.8 °C;19.2;19.6;19.1;18.4;18
2024-04-09 07:06:22;17.1;32.7;37.6;44.7;60.0;77.6;17.7 °C;19.1;19.6;19.1;18.4;18
2024-04-09 07:16:18;17.2;32.8;37.6;44.7;60.0;77.6;17.6 °C;19.1;19.5;19.1;18.4;18
2024-04-09 07:26:22;17.2;32.8;37.6;44.7;60.0;77.6;17.6 °C;19.1;19.5;19.1;18.4;18
2024-04-09 07:36:22;17.2;32.8;37.6;44.7;60.0;77.6;17.6 °C;19.1;19.5;19.1;18.4;18
2024-04-09 07:46:22;17.3;32.7;37.6;44.7;60.0;77.6;17.6 °C;19;19.5;19.1;18.4;18
2024-04-09 07:56:18;17.3;32.7;37.6;44.7;60.0;77.6;17.6 °C;19;19.4;19;18.4;18
2024-04-09 08:06:24;17.3;32.8;37.5;44.7;60.0;77.6;17.6 °C;18.9;19.4;19;18.4;18
2024-04-09 08:16:17;17.2;32.8;37.6;44.7;60.0;77.6;17.6 °C;18.9;19.4;19;18.4;18
2024-04-09 08:26:23;17.5;32.7;37.6;44.7;60.0;77.6;17.6 °C;18.9;19.4;19;18.4;18
2024-04-09 08:36:23;17.5;32.7;37.5;44.7;60.0;77.7;17.6 °C;18.9;19.4;19;18.4;18
2024-04-09 08:46:20;17.6;32.7;37.6;44.7;60.0;77.6;17.6 °C;18.8;19.4;19;18.4;18
2024-04-09 08:56:23;17.6;32.7;37.6;44.7;60.0;77.6;17.7 °C;18.8;19.3;19;18.4;18
2024-04-09 09:06:22;17.7;32.6;37.6;44.7;60.0;77.6;17.8 °C;18.8;19.3;19;18.4;18
2024-04-09 09:16:21;17.6;32.6;37.6;44.7;60.0;77.6;17.8 °C;18.8;19.3;18.9;18.4;18.1
2024-04-09 09:26:19;17.7;32.6;37.6;44.7;60.0;77.6;17.9 °C;18.7;19.3;18.9;18.4;18
2024-04-09 09:36:20;17.7;32.6;37.6;44.7;60.0;77.6;18 °C;18.7;19.3;18.9;18.4;18.1
2024-04-09 09:46:18;17.5;32.6;37.6;44.7;60.0;77.6;18.1 °C;18.7;19.3;18.9;18.4;18.1
2024-04-09 09:56:21;17.6;32.6;37.6;44.7;60.0;77.6;18.3 °C;18.6;19.2;18.9;18.4;18.1
2024-04-09 10:06:20;17.6;32.6;37.6;44.7;60.0;77.6;18.4 °C;18.6;19.2;18.9;18.4;18.1
2024-04-09 10:16:22;17.6;32.6;37.6;44.7;60.0;77.6;18.6 °C;18.6;19.2;18.9;18.4;18.1
2024-04-09 10:26:17;17.4;32.6;37.6;44.7;60.0;77.6;18.7 °C;18.6;19.1;18.9;18.4;18.1
2024-04-09 10:36:23;17.3;32.6;37.6;44.7;59.9;77.6;18.9 °C;18.6;19.1;18.9;18.4;18.1
2024-04-09 10:46:23;17.4;32.6;37.6;44.6;60.0;77.6;19.1 °C;18.6;19.1;18.9;18.4;18.1
2024-04-09 10:56:19;17.3;32.7;37.6;44.7;60.0;77.6;19.3 °C;18.6;19.1;18.9;18.4;18.1
2024-04-09 11:06:24;17.4;32.7;37.6;44.6;60.0;77.6;19.5 °C;18.6;19.1;18.9;18.4;18.1
2024-04-09 11:16:18;17.4;32.7;37.5;44.6;59.9;77.6;19.7 °C;18.6;19.1;18.9;18.4;18.1
2024-04-09 11:26:21;17.4;32.7;37.5;44.7;59.9;77.6;19.9 °C;18.7;19.1;18.9;18.4;18.1
2024-04-09 11:36:19;17.3;32.7;37.5;44.6;59.9;77.6;20.1 °C;18.7;19.1;18.8;18.4;18.1
2024-04-09 11:46:19;17.3;32.7;37.5;44.6;59.9;77.6;20.3 °C;18.8;19;18.8;18.4;18.1
2024-04-09 11:56:23;17.4;32.7;37.5;44.6;59.9;77.6;20.5 °C;18.8;19;18.8;18.4;18.1
2024-04-09 12:06:20;17.4;32.7;37.5;44.6;59.9;77.6;20.7 °C;18.8;19;18.8;18.4;18.1
2024-04-09 12:16:22;17.4;32.7;37.5;44.6;59.9;77.6;20.9 °C;18.8;19;18.8;18.4;18.1
2024-04-09 12:26:18;17.4;32.8;37.5;44.6;59.9;77.6;21 °C;18.9;19;18.8;18.4;18.1
2024-04-09 12:36:21;17.4;32.8;37.5;44.6;59.9;77.6;21.2 °C;18.9;19;18.8;18.4;18.1
2024-04-09 12:46:18;17.9;32.8;37.5;44.6;59.9;77.6;21.3 °C;19;19;18.8;18.4;18.1
2024-04-09 12:56:19;17.5;32.8;37.5;44.6;59.9;77.6;21.5 °C;19;19;18.8;18.4;18.1
2024-04-09 13:06:33;17.6;32.9;37.5;44.6;59.9;77.6;21.6 °C;19.1;19;18.8;18.4;18.1
2024-04-09 13:16:17;18.3;32.8;37.5;44.6;59.9;77.6;21.8 °C;19.1;19;18.8;18.4;18.1
2024-04-09 13:26:17;18.5;32.8;37.5;44.6;59.9;77.6;22 °C;19.2;19;18.8;18.4;18.1
2024-04-09 13:36:20;18.5;32.8;37.5;44.6;59.9;77.6;22.2 °C;19.3;19;18.8;18.4;18.1
2024-04-09 13:46:18;18.5;32.8;37.5;44.6;59.9;77.6;22.4 °C;19.3;19;18.7;18.4;18.1
2024-04-09 13:56:17;18.5;32.8;37.5;44.6;59.9;77.6;22.6 °C;19.4;19;18.7;18.4;18.1
2024-04-09 14:06:20;18.5;32.9;37.5;44.6;59.9;77.6;22.8 °C;19.4;19;18.7;18.4;18.1
2024-04-09 14:16:22;18.5;32.9;37.5;44.6;59.9;77.6;22.9 °C;19.5;19;18.7;18.4;18.1
2024-04-09 14:26:18;18.4;32.9;37.5;44.6;59.9;77.6;23.1 °C;19.6;19;18.7;18.4;18.1
2024-04-09 14:36:17;18.4;32.9;37.5;44.6;59.9;77.6;23.3 °C;19.6;19.1;18.7;18.4;18.1
2024-04-09 14:46:19;18.5;32.9;37.5;44.6;59.9;77.6;23.4 °C;19.7;19.1;18.7;18.4;18.1
2024-04-09 14:56:17;18.5;32.9;37.5;44.6;59.9;77.6;23.5 °C;19.8;19.1;18.7;18.4;18.1
2024-04-09 15:06:20;18.7;32.9;37.5;44.6;59.9;77.6;23.7 °C;19.9;19.1;18.7;18.3;18.1
2024-04-09 15:16:21;18.7;32.9;37.6;44.6;59.9;77.6;23.8 °C;19.9;19.1;18.7;18.3;18.1
2024-04-09 15:26:17;18.7;32.9;37.5;44.6;59.9;77.6;23.9 °C;20;19.1;18.7;18.3;18.1
2024-04-09 15:36:20;18.7;32.9;37.5;44.6;59.9;77.6;24 °C;20.1;19.1;18.7;18.3;18.1
2024-04-09 15:46:21;18.7;32.9;37.5;44.6;59.9;77.6;24.1 °C;20.1;19.2;18.7;18.3;18.1
2024-04-09 15:56:21;18.0;32.9;37.5;44.6;60.0;77.6;24.1 °C;20.2;19.2;18.7;18.3;18.1
2024-04-09 16:06:20;18.1;32.9;37.5;44.6;59.9;77.6;24.2 °C;20.3;19.3;18.7;18.3;18.1
2024-04-09 16:16:22;18.0;33.0;37.5;44.6;60.0;77.6;24.3 °C;20.4;19.3;18.7;18.3;18.1
2024-04-09 16:26:21;18.1;33.0;37.6;44.6;59.9;77.6;24.3 °C;20.4;19.3;18.7;18.3;18.1
2024-04-09 16:36:21;18.0;33.0;37.6;44.6;59.9;77.6;24.3 °C;20.5;19.3;18.7;18.3;18.1
2024-04-09 16:46:19;18.0;33.0;37.6;44.6;60.0;77.6;24.4 °C;20.6;19.3;18.7;18.3;18.1
2024-04-09 16:56:17;17.9;33;37.6;44.6;59.9;77.6;24.4 °C;20.6;19.4;18.7;18.3;18.1
2024-04-09 17:06:24;18.0;33.0;37.6;44.6;59.9;77.6;24.4 °C;20.7;19.4;18.7;18.3;18.1
2024-04-09 17:16:18;18.0;33.2;37.6;44.6;59.9;77.6;24.4 °C;20.8;19.4;18.8;18.3;18.1
2024-04-09 17:26:18;18.0;33.3;37.6;44.6;59.9;77.6;24.3 °C;20.8;19.4;18.8;18.3;18.1
2024-04-09 17:36:18;18.4;33.1;37.6;44.6;59.9;77.6;24.3 °C;20.9;19.5;18.8;18.3;18.1
2024-04-09 17:46:22;18.5;33.1;37.6;44.6;60.0;77.6;24.3 °C;20.9;19.5;18.8;18.3;18.1
2024-04-09 17:56:17;18.7;33.1;37.6;44.6;59.9;77.6;24.2 °C;21;19.6;18.8;18.3;18.1
2024-04-09 18:06:18;18.5;33.1;37.6;44.6;59.9;77.6;24.1 °C;21;19.6;18.8;18.3;18.1
2024-04-09 18:16:23;18.7;33.2;37.6;44.6;59.9;77.6;24.1 °C;21.1;19.6;18.8;18.3;18.1
2024-04-09 18:26:20;18.6;33.1;37.6;44.6;59.9;77.6;24 °C;21.1;19.6;18.8;18.3;18.1
2024-04-09 18:36:22;18.6;33.1;37.6;44.6;60.0;77.6;23.9 °C;21.1;19.7;18.8;18.3;18.1
2024-04-09 18:46:16;18.6;33.1;37.6;44.6;59.9;77.6;23.8 °C;21.2;19.7;18.8;18.3;18.1
2024-04-09 18:56:23;18.6;33.1;37.6;44.6;59.9;77.6;23.8 °C;21.2;19.8;18.8;18.3;18.1
2024-04-09 19:06:23;18.6;33.2;37.6;44.6;59.9;77.6;23.6 °C;21.3;19.8;18.8;18.3;18.1
2024-04-09 19:16:17;18.8;33.2;37.7;44.6;59.9;77.6;23.5 °C;21.3;19.8;18.8;18.3;18.1
2024-04-09 19:26:20;18.7;33.2;37.7;44.6;60.0;77.6;23.4 °C;21.3;19.8;18.9;18.3;18.1
2024-04-09 19:36:18;18.7;33.2;37.7;44.6;60.0;77.6;23.3 °C;21.3;19.9;18.9;18.3;18.1
2024-04-09 19:46:22;18.7;33.2;37.7;44.6;59.9;77.6;23.2 °C;21.3;19.9;18.9;18.3;18.1
2024-04-09 19:56:18;17.9;33.2;37.7;44.6;60.0;77.6;23.1 °C;21.3;19.9;18.9;18.3;18.1
2024-04-09 20:06:17;17.8;33.2;37.7;44.6;59.9;77.6;23 °C;21.3;19.9;18.9;18.3;18.1
2024-04-09 20:16:17;18.0;33.2;37.7;44.6;60.0;77.6;22.9 °C;21.3;19.9;18.9;18.3;18.1
2024-04-09 20:26:24;18.1;33.2;37.7;44.6;59.9;77.6;22.8 °C;21.3;20;18.9;18.4;18.1
2024-04-09 20:36:22;18.2;33.2;37.7;44.7;59.9;77.6;22.6 °C;21.3;20;18.9;18.4;18.1
2024-04-09 20:46:17;18.3;33.2;37.7;44.7;59.9;77.6;22.5 °C;21.3;20;18.9;18.4;18.1
2024-04-09 20:56:20;19.0;33.2;37.7;44.6;59.9;77.6;22.4 °C;21.3;20.1;19;18.4;18.1
2024-04-09 21:06:18;18.3;33.2;37.7;44.7;59.9;77.6;22.3 °C;21.3;20.1;19;18.4;18.1
2024-04-09 21:16:22;18.5;33.2;37.7;44.7;59.9;77.6;22.1 °C;21.3;20.1;19;18.4;18.1
2024-04-09 21:26:18;18.7;33.2;37.7;44.7;59.9;77.6;22.1 °C;21.3;20.1;19;18.4;18.1
2024-04-09 21:36:18;18.8;33.2;37.7;44.7;59.9;77.6;21.9 °C;21.3;20.1;19.1;18.4;18.1
2024-04-09 21:46:18;18.7;33.2;37.7;44.7;59.9;77.6;21.8 °C;21.3;20.1;19.1;18.4;18.1
2024-04-09 21:56:21;19.5;33.2;37.7;44.7;60.0;77.6;21.7 °C;21.2;20.1;19.1;18.4;18.1
2024-04-09 22:06:16;18.8;33.2;37.7;44.7;60.0;77.6;21.6 °C;21.2;20.1;19.1;18.4;18.1
2024-04-09 22:16:18;19.1;33.2;37.7;44.7;60.0;77.6;21.5 °C;21.2;20.2;19.1;18.4;18.1
2024-04-09 22:26:23;19.0;33.2;37.7;44.7;60.0;77.6;21.4 °C;21.1;20.2;19.1;18.4;18.1
2024-04-09 22:46:22;19.1;33.2;37.7;44.7;60.0;77.6;21.3 °C;21.1;20.2;19.1;18.4;18.1
2024-04-09 22:56:18;19.7;33.2;37.8;44.7;60.0;77.6;21.1 °C;21.1;20.2;19.1;18.4;18.1
2024-04-09 23:06:22;20.0;33.2;37.7;44.7;60.0;77.6;21.1 °C;21;20.2;19.1;18.4;18.1
2024-04-09 23:16:17;20.3;33.2;37.8;44.7;60.0;77.6;20.9 °C;21;20.2;19.2;18.4;18.1
2024-04-09 23:26:21;20.8;33.2;37.8;44.7;60.0;77.6;20.9 °C;21;20.2;19.2;18.4;18.1
2024-04-09 23:36:20;20.7;33.2;37.8;44.7;60.0;77.6;20.8 °C;20.9;20.3;19.2;18.4;18.1
2024-04-09 23:46:17;21.0;33.2;37.8;44.7;60.0;77.6;20.8 °C;20.9;20.3;19.2;18.5;18.1
2024-04-09 23:56:18;21.6;33.2;37.8;44.7;60.0;77.6;20.6 °C;20.9;20.3;19.2;18.5;18.1
2024-04-10 00:06:22;21.0;33.2;37.8;44.7;60.0;77.6;20.6 °C;20.8;20.3;19.3;18.5;18.1
2024-04-10 00:16:17;21.5;33.2;37.8;44.7;60.0;77.6;20.5 °C;20.8;20.3;19.3;18.5;18.1
2024-04-10 00:26:17;22.0;33.2;37.8;44.7;60.0;77.6;20.4 °C;20.8;20.3;19.3;18.5;18.1
2024-04-10 00:36:20;21.5;33.2;37.8;44.7;60.0;77.6;20.4 °C;20.8;20.3;19.3;18.5;18.1
2024-04-10 00:46:17;21.7;33.2;37.8;44.7;60.0;77.6;20.3 °C;20.7;20.3;19.3;18.5;18.1
2024-04-10 00:56:18;21.7;33.2;37.8;44.7;60.0;77.6;20.2 °C;20.7;20.3;19.3;18.5;18.1
2024-04-10 01:06:18;21.4;33.2;37.8;44.7;60.0;77.6;20.1 °C;20.6;20.2;19.3;18.5;18.1
2024-04-10 01:16:17;22.3;33.2;37.8;44.7;60.0;77.6;20.1 °C;20.6;20.2;19.3;18.5;18.1
2024-04-10 01:26:16;22.4;33.2;37.8;44.7;60.0;77.6;20 °C;20.6;20.2;19.3;18.6;18.1
2024-04-10 01:36:18;22.6;33.2;37.8;44.8;60.0;77.6;19.9 °C;20.6;20.2;19.3;18.6;18.1
2024-04-10 01:46:23;21.9;33.2;37.8;44.8;60.0;77.6;19.9 °C;20.5;20.2;19.3;18.6;18.1
2024-04-10 01:56:22;22.0;33.2;37.8;44.7;60.0;77.6;19.8 °C;20.5;20.2;19.3;18.6;18.1
2024-04-10 02:06:18;22.0;33.2;37.8;44.8;60.0;77.6;19.8 °C;20.4;20.2;19.3;18.6;18.1
2024-04-10 02:16:17;22.1;33.2;37.8;44.8;60.0;77.6;19.7 °C;20.4;20.2;19.3;18.6;18.1
2024-04-10 02:26:20;22.4;33.2;37.8;44.8;60.0;77.6;19.6 °C;20.4;20.2;19.3;18.6;18.1
2024-04-10 02:36:23;22.9;33.2;37.8;44.7;60.0;77.6;19.6 °C;20.3;20.1;19.3;18.6;18.1
2024-04-10 02:46:21;22.5;33.1;37.8;44.8;60.0;77.6;19.5 °C;20.3;20.1;19.3;18.6;18.2
2024-04-10 02:56:17;22.4;33.2;37.8;44.7;60.0;77.6;19.4 °C;20.3;20.1;19.3;18.6;18.2
2024-04-10 03:06:22;22.4;33.2;37.8;44.8;60.0;77.6;19.4 °C;20.3;20.1;19.3;18.6;18.2
2024-04-10 03:16:22;22.4;33.2;37.8;44.7;60.0;77.6;19.3 °C;20.2;20.1;19.3;18.6;18.2
2024-04-10 03:26:21;22.1;33.1;37.8;44.8;60.0;77.6;19.3 °C;20.2;20.1;19.3;18.6;18.2
2024-04-10 03:36:17;22.1;33.1;37.8;44.8;60.0;77.6;19.2 °C;20.1;20.1;19.3;18.6;18.2
2024-04-10 03:46:23;22.1;33.2;37.8;44.7;60.0;77.6;19.1 °C;20.1;20.1;19.3;18.6;18.2
2024-04-10 03:56:16;21.9;33.2;37.8;44.8;60.0;77.6;19.1 °C;20.1;20.1;19.3;18.6;18.2
2024-04-10 04:06:22;22.0;33.2;37.8;44.8;60.0;77.6;19 °C;20;20.1;19.3;18.6;18.2
2024-04-10 04:16:23;21.8;33.2;37.8;44.8;60.0;77.6;18.9 °C;20;20.1;19.3;18.6;18.2
2024-04-10 04:26:17;22.2;33.2;37.8;44.8;60.0;77.6;18.9 °C;19.9;20;19.3;18.6;18.2
2024-04-10 04:36:18;22.3;33.2;37.8;44.8;60.0;77.6;18.8 °C;19.9;20;19.3;18.6;18.2
2024-04-10 04:46:21;22.3;33.2;37.8;44.8;60.0;77.6;18.8 °C;19.9;20;19.3;18.6;18.2
2024-04-10 04:56:20;22.4;33.2;37.8;44.8;60.0;77.6;18.7 °C;19.9;20;19.3;18.6;18.2
2024-04-10 05:06:18;22.5;33.2;37.8;44.8;60.1;77.6;18.6 °C;19.8;20;19.3;18.7;18.3
2024-04-10 05:16:24;22.6;33.2;37.8;44.8;60.1;77.6;18.6 °C;19.8;19.9;19.3;18.7;18.3
2024-04-10 05:26:17;22.7;33.2;37.8;44.8;60.0;77.6;18.6 °C;19.8;19.9;19.3;18.7;18.3
2024-04-10 05:36:20;22.5;33.2;37.8;44.7;60.1;77.6;18.5 °C;19.8;19.9;19.3;18.7;18.3
2024-04-10 05:46:20;22.6;33.2;37.8;44.8;60.1;77.6;18.4 °C;19.7;19.9;19.3;18.7;18.3
2024-04-10 05:56:17;22.7;33.1;37.8;44.8;60.1;77.6;18.4 °C;19.6;19.9;19.3;18.7;18.3
2024-04-10 06:06:16;22.7;33.1;37.8;44.7;60.1;77.6;18.3 °C;19.6;19.9;19.3;18.7;18.3
2024-04-10 06:16:22;22.8;33.1;37.8;44.8;60.1;77.6;18.3 °C;19.6;19.9;19.3;18.7;18.3
2024-04-10 06:26:22;22.8;33.1;37.8;44.7;60.1;77.7;18.2 °C;19.6;19.8;19.3;18.7;18.3
2024-04-10 06:36:24;22.8;33.2;37.8;44.8;60.0;77.6;18.1 °C;19.5;19.8;19.3;18.7;18.3
2024-04-10 06:46:21;23.2;33.1;37.8;44.8;60.1;77.7;18.1 °C;19.5;19.8;19.3;18.7;18.3
2024-04-10 06:56:20;23.2;33.1;37.8;44.7;60.0;77.7;18 °C;19.4;19.8;19.3;18.7;18.3
2024-04-10 07:06:22;23.7;33.1;37.8;44.7;60.0;77.7;17.9 °C;19.4;19.8;19.3;18.7;18.3
2024-04-10 07:16:19;23.7;33.1;37.8;44.7;60.1;77.6;17.9 °C;19.4;19.8;19.3;18.7;18.3
2024-04-10 07:26:17;23.6;33.1;37.8;44.7;60.1;77.6;17.8 °C;19.3;19.8;19.3;18.7;18.3
2024-04-10 07:36:21;24.1;33.1;37.8;44.7;60.1;77.6;17.8 °C;19.3;19.8;19.3;18.7;18.3
2024-04-10 07:46:23;24.0;33.1;37.8;44.7;60.1;77.6;17.8 °C;19.3;19.7;19.3;18.7;18.3
2024-04-10 07:56:20;24.0;33.1;37.8;44.8;60.0;77.6;17.8 °C;19.3;19.7;19.3;18.7;18.3
2024-04-10 08:06:18;24.1;33.1;37.8;44.8;60.1;77.6;17.8 °C;19.2;19.7;19.3;18.7;18.3
2024-04-10 08:16:20;24.1;33.1;37.8;44.7;60.1;77.7;17.8 °C;19.1;19.6;19.3;18.7;18.3
2024-04-10 08:26:17;23.8;33.1;37.8;44.8;60.1;77.7;17.8 °C;19.1;19.6;19.3;18.7;18.3
2024-04-10 08:36:20;24.4;33.1;37.8;44.7;60.1;77.6;17.8 °C;19.1;19.6;19.3;18.7;18.3
2024-04-10 08:46:18;24.2;33.1;37.7;44.7;60.1;77.7;17.8 °C;19.1;19.6;19.3;18.7;18.3
2024-04-10 08:56:22;24.3;33.2;37.7;44.7;60.0;77.6;17.8 °C;19;19.6;19.3;18.7;18.3
2024-04-10 09:06:23;24.6;33.1;37.7;44.7;60.1;77.6;17.9 °C;19;19.6;19.3;18.7;18.3
2024-04-10 09:16:16;24.4;33.0;37.7;44.7;60.1;77.6;17.9 °C;19;19.5;19.2;18.7;18.3
2024-04-10 09:26:19;24.6;33.1;37.8;44.7;60.1;77.7;17.9 °C;18.9;19.5;19.2;18.7;18.3
2024-04-10 09:36:17;24.5;33.1;37.7;44.7;60.0;77.6;18 °C;18.9;19.5;19.2;18.7;18.3
2024-04-10 09:46:21;24.8;33.1;37.7;44.7;60.1;77.6;18.1 °C;18.9;19.5;19.2;18.7;18.3
2024-04-10 09:56:17;24.8;33.1;37.7;44.7;60.0;77.6;18.2 °C;18.9;19.4;19.2;18.7;18.3
2024-04-10 10:06:16;24.8;33.2;37.7;44.7;60.0;77.6;18.3 °C;18.9;19.4;19.2;18.7;18.3
2024-04-10 10:16:18;24.8;33.1;37.7;44.7;60.0;77.6;18.4 °C;18.9;19.4;19.2;18.7;18.3
2024-04-10 10:26:18;24.5;33.1;37.7;44.7;60.1;77.6;18.6 °C;18.8;19.4;19.1;18.7;18.3
2024-04-10 10:36:22;24.5;33.1;37.7;44.7;60.0;77.6;18.7 °C;18.8;19.4;19.1;18.7;18.3
2024-04-10 10:46:22;24.6;33.1;37.7;44.7;60.0;77.6;18.8 °C;18.8;19.4;19.1;18.7;18.3
2024-04-10 10:56:23;25.0;33.1;37.7;44.7;60.0;77.6;18.9 °C;18.8;19.4;19.1;18.7;18.3
2024-04-10 11:06:21;24.9;33.1;37.7;44.7;60.0;77.6;19.1 °C;18.8;19.3;19.1;18.7;18.3
2024-04-10 11:16:21;25.0;33.1;37.7;44.7;60.0;77.6;19.2 °C;18.8;19.3;19.1;18.7;18.3
2024-04-10 11:26:21;24.6;33.1;37.7;44.7;60.0;77.6;19.4 °C;18.8;19.3;19.1;18.7;18.3
2024-04-10 11:36:21;24.7;33.1;37.7;44.7;60.0;77.6;19.5 °C;18.9;19.3;19.1;18.7;18.3
2024-04-10 11:46:21;24.9;33.1;37.7;44.7;60.0;77.6;19.7 °C;18.9;19.3;19.1;18.7;18.3
2024-04-10 11:56:21;25.0;33.1;37.7;44.7;60.0;77.6;19.9 °C;18.9;19.3;19.1;18.7;18.3
2024-04-10 12:06:20;24.9;33.2;37.7;44.7;60.0;77.6;20.1 °C;18.9;19.3;19.1;18.7;18.3
2024-04-10 12:16:22;25.3;33.2;37.7;44.7;60.0;77.6;20.3 °C;18.9;19.3;19.1;18.7;18.3
2024-04-10 12:26:16;25.5;33.2;37.7;44.7;60.0;77.6;20.4 °C;18.9;19.3;19.1;18.7;18.3
2024-04-10 12:36:23;25.6;33.1;37.7;44.7;60.0;77.6;20.6 °C;19;19.2;19;18.6;18.3
2024-04-10 12:46:17;25.4;33.1;37.7;44.7;60.0;77.6;20.7 °C;19;19.2;19;18.6;18.3
2024-04-10 12:56:20;25.1;33.1;37.7;44.7;60.0;77.6;20.9 °C;19.1;19.2;19;18.6;18.3
2024-04-10 13:06:18;25.2;33.1;37.7;44.7;60.0;77.6;21.1 °C;19.1;19.2;19;18.6;18.3
2024-04-10 13:16:18;25.7;33.2;37.7;44.7;60.0;77.6;21.3 °C;19.1;19.2;19;18.6;18.3
2024-04-10 13:26:22;25.7;33.2;37.7;44.7;60.0;77.6;21.4 °C;19.2;19.2;19;18.6;18.3
2024-04-10 13:36:18;25.3;33.2;37.7;44.7;60.0;77.6;21.6 °C;19.3;19.2;19;18.6;18.3
2024-04-10 13:46:22;25.6;33.2;37.7;44.7;60.0;77.6;21.8 °C;19.3;19.2;18.9;18.6;18.3
2024-04-10 13:56:22;26.2;33.2;37.7;44.7;60.0;77.6;22.1 °C;19.3;19.2;18.9;18.6;18.3
2024-04-10 14:06:18;25.9;33.2;37.7;44.7;60.0;77.6;22.3 °C;19.4;19.2;18.9;18.6;18.3
2024-04-10 14:16:22;25.8;33.2;37.7;44.7;60.0;77.6;22.5 °C;19.4;19.2;18.9;18.6;18.3
2024-04-10 14:26:16;26.4;33.1;37.7;44.7;60.0;77.6;22.7 °C;19.5;19.2;18.9;18.6;18.3
2024-04-10 14:36:23;26.0;33.1;37.7;44.7;60.0;77.6;22.9 °C;19.6;19.2;18.9;18.6;18.3
2024-04-10 14:46:20;26.1;33.1;37.7;44.7;60.0;77.6;23.1 °C;19.6;19.3;18.9;18.6;18.3
2024-04-10 14:56:20;26.2;33.2;37.7;44.7;60.0;77.6;23.2 °C;19.7;19.3;18.9;18.6;18.3
2024-04-10 15:06:19;26.7;33.1;37.7;44.7;60.0;77.6;23.3 °C;19.8;19.3;18.9;18.6;18.3
2024-04-10 15:16:16;26.2;33.2;37.7;44.7;60.0;77.6;23.5 °C;19.8;19.3;18.9;18.6;18.3
2024-04-10 15:26:20;26.2;33.2;37.7;44.7;60.0;77.6;23.6 °C;19.9;19.3;18.9;18.6;18.3
2024-04-10 15:36:23;26.7;33.2;37.7;44.7;60.0;77.6;23.7 °C;19.9;19.3;18.9;18.6;18.3
2024-04-10 15:46:20;26.3;33.2;37.7;44.7;59.9;77.6;23.8 °C;20.1;19.3;18.9;18.6;18.3
2024-04-10 15:56:17;26.6;33.2;37.7;44.7;60.0;77.6;23.9 °C;20.1;19.3;18.9;18.6;18.3
2024-04-10 16:06:18;27.4;33.2;37.7;44.7;59.9;77.6;24 °C;20.2;19.3;18.9;18.6;18.3
2024-04-10 16:16:19;27.1;33.2;37.7;44.7;60.0;77.6;24.1 °C;20.3;19.4;18.9;18.6;18.3
2024-04-10 16:26:16;27.8;33.2;37.7;44.7;59.9;77.6;24.2 °C;20.3;19.4;18.9;18.6;18.3
2024-04-10 16:36:16;27.6;33.2;37.7;44.7;60.0;77.6;24.3 °C;20.4;19.4;18.9;18.6;18.3
2024-04-10 16:46:19;27.8;33.3;37.7;44.7;60.0;77.6;24.3 °C;20.4;19.4;18.9;18.6;18.3
2024-04-10 16:56:20;28.3;33.3;37.7;44.7;59.9;77.6;24.3 °C;20.5;19.4;18.9;18.6;18.3
2024-04-10 17:06:16;28.2;33.2;37.7;44.7;60.0;77.6;24.3 °C;20.6;19.5;18.9;18.6;18.3
2024-04-10 17:16:19;28.4;33.3;37.7;44.7;60.0;77.6;24.3 °C;20.7;19.5;18.9;18.6;18.3
2024-04-10 17:26:21;28.5;33.3;37.7;44.7;60.0;77.6;24.2 °C;20.8;19.5;18.9;18.6;18.3
2024-04-10 17:36:21;28.5;33.3;37.7;44.7;60.0;77.6;24.1 °C;20.8;19.6;18.9;18.6;18.3
2024-04-10 17:46:17;28.5;33.3;37.7;44.7;60.0;77.6;24.1 °C;20.8;19.6;18.9;18.6;18.3
2024-04-10 17:56:15;28.5;33.3;37.8;44.7;60.0;77.6;24 °C;20.9;19.6;18.9;18.6;18.3
2024-04-10 18:06:22;28.5;33.3;37.8;44.7;59.9;77.6;23.9 °C;20.9;19.6;18.9;18.6;18.3
2024-04-10 18:16:19;28.6;33.3;37.8;44.7;60.0;77.6;23.8 °C;21;19.7;18.9;18.6;18.3
2024-04-10 18:26:20;28.6;33.3;37.8;44.7;59.9;77.6;23.8 °C;21;19.7;18.9;18.6;18.3
2024-04-10 18:36:16;28.6;33.3;37.8;44.7;60.0;77.6;23.7 °C;21.1;19.8;19;18.6;18.3
2024-04-10 18:46:23;28.6;33.3;37.8;44.7;60.0;77.6;23.6 °C;21.1;19.8;19;18.6;18.3
2024-04-10 18:56:21;28.6;33.3;37.8;44.7;60.0;77.6;23.5 °C;21.1;19.8;19;18.6;18.3
2024-04-10 19:06:21;28.6;33.3;37.8;44.7;59.9;77.6;23.4 °C;21.1;19.8;19;18.6;18.3
2024-04-10 19:16:17;28.6;33.3;37.8;44.7;60.0;77.6;23.3 °C;21.1;19.9;19;18.6;18.3
2024-04-10 19:26:20;28.6;33.3;37.8;44.7;60.0;77.6;23.3 °C;21.2;19.9;19;18.6;18.3
2024-04-10 19:36:19;28.6;33.4;37.8;44.7;60.0;77.6;23.1 °C;21.2;19.9;19.1;18.6;18.3
2024-04-10 19:46:22;28.7;33.3;37.8;44.7;60.0;77.6;23.1 °C;21.2;19.9;19.1;18.6;18.3
2024-04-10 19:56:22;28.6;33.3;37.8;44.7;60.0;77.6;22.9 °C;21.2;19.9;19.1;18.6;18.3
2024-04-10 20:06:16;28.6;33.3;37.8;44.7;60.0;77.6;22.9 °C;21.2;20;19.1;18.6;18.3
2024-04-10 20:16:23;28.7;33.4;37.8;44.7;60.0;77.6;22.8 °C;21.2;20;19.1;18.6;18.3
2024-04-10 20:26:17;28.7;33.3;37.8;44.7;60.0;77.6;22.7 °C;21.2;20;19.1;18.6;18.3
2024-04-10 20:36:20;28.7;33.4;37.8;44.7;60.0;77.6;22.6 °C;21.3;20.1;19.1;18.6;18.3
2024-04-10 20:46:16;28.7;33.4;37.8;44.7;60.0;77.6;22.4 °C;21.2;20.1;19.1;18.6;18.3
2024-04-10 20:56:23;28.7;33.4;37.8;44.7;60.0;77.6;22.4 °C;21.2;20.1;19.1;18.6;18.3
2024-04-10 21:06:20;28.3;33.4;37.8;44.7;60.0;77.6;22.3 °C;21.2;20.1;19.1;18.6;18.3
2024-04-10 21:16:19;28.3;33.5;37.8;44.7;60.0;77.6;22.2 °C;21.2;20.1;19.2;18.6;18.3
2024-04-10 21:26:18;28.4;33.4;37.8;44.7;60.0;77.6;22.1 °C;21.2;20.1;19.2;18.6;18.3
2024-04-10 21:36:18;28.3;33.4;37.8;44.7;60.0;77.6;22 °C;21.2;20.1;19.2;18.6;18.3
2024-04-10 21:46:16;28.3;33.4;37.9;44.7;60.0;77.6;21.9 °C;21.2;20.2;19.2;18.6;18.3
2024-04-10 21:56:22;28.3;33.4;37.9;44.7;60.0;77.6;21.8 °C;21.1;20.2;19.2;18.6;18.3
2024-04-10 22:06:20;28.3;33.4;37.9;44.7;60.0;77.6;21.8 °C;21.1;20.2;19.3;18.6;18.3
2024-04-10 22:16:19;28.3;33.4;37.9;44.7;60.0;77.6;21.6 °C;21.1;20.2;19.3;18.6;18.3
2024-04-10 22:26:21;28.3;33.3;37.9;44.7;60.0;77.6;21.6 °C;21.1;20.2;19.3;18.6;18.3
2024-04-10 22:36:21;28.3;33.4;37.9;44.7;60.0;77.6;21.5 °C;21.1;20.3;19.3;18.6;18.3
2024-04-10 22:46:20;28.3;33.4;37.9;44.8;60.0;77.6;21.4 °C;21.1;20.3;19.3;18.6;18.3
2024-04-10 22:56:16;28.2;33.4;37.9;44.7;60.0;77.6;21.4 °C;21.1;20.3;19.3;18.6;18.3
2024-04-10 23:06:23;28.2;33.4;37.9;44.8;60.0;77.6;21.3 °C;21;20.3;19.3;18.6;18.3
2024-04-10 23:16:16;28.2;33.4;37.9;44.8;60.0;77.6;21.3 °C;21;20.3;19.3;18.6;18.3
2024-04-10 23:26:19;28.2;33.4;37.9;44.8;60.0;77.6;21.2 °C;20.9;20.3;19.3;18.6;18.3
2024-04-10 23:36:17;28.2;33.4;37.9;44.8;60.0;77.6;21.1 °C;20.9;20.3;19.3;18.7;18.3
2024-04-10 23:46:18;28.2;33.4;37.9;44.8;60.0;77.6;21.1 °C;20.9;20.3;19.3;18.7;18.3
2024-04-10 23:56:22;28.2;33.4;37.9;44.8;60.0;77.6;21 °C;20.9;20.3;19.3;18.7;18.3
2024-04-11 00:06:15;28.2;33.4;37.9;44.7;60.0;77.7;20.9 °C;20.9;20.3;19.4;18.7;18.3
2024-04-11 00:16:17;28.3;33.4;37.9;44.7;60.1;77.6;20.9 °C;20.9;20.3;19.4;18.7;18.3
2024-04-11 00:26:22;28.2;33.4;37.9;44.7;60.1;77.7;20.8 °C;20.8;20.3;19.4;18.7;18.3
2024-04-11 00:36:19;28.3;33.4;37.9;44.8;60.1;77.7;20.8 °C;20.8;20.3;19.4;18.7;18.3
2024-04-11 00:46:20;28.3;33.4;37.9;44.8;60.1;77.6;20.7 °C;20.8;20.3;19.4;18.7;18.4
2024-04-11 00:56:16;28.2;33.4;37.9;44.8;60.1;77.6;20.6 °C;20.8;20.3;19.4;18.7;18.4
2024-04-11 01:06:23;28.2;33.4;37.9;44.8;60.1;77.6;20.6 °C;20.8;20.3;19.4;18.7;18.4
2024-04-11 01:16:20;28.3;33.4;37.9;44.8;60.0;77.6;20.6 °C;20.7;20.3;19.4;18.8;18.4
2024-04-11 01:26:20;28.2;33.4;37.9;44.8;60.0;77.6;20.5 °C;20.7;20.3;19.4;18.8;18.4
2024-04-11 01:36:18;28.3;33.3;37.9;44.8;60.1;77.6;20.4 °C;20.6;20.3;19.4;18.8;18.4
2024-04-11 01:46:15;28.2;33.3;37.9;44.8;60.0;77.6;20.4 °C;20.6;20.3;19.4;18.8;18.4
2024-04-11 01:56:23;28.2;33.3;37.9;44.8;60.0;77.6;20.3 °C;20.6;20.3;19.4;18.8;18.4
2024-04-11 02:06:17;28.2;33.4;37.9;44.8;60.1;77.6;20.3 °C;20.6;20.3;19.4;18.8;18.4
2024-04-11 02:16:16;28.2;33.3;37.9;44.8;60.1;77.7;20.3 °C;20.6;20.3;19.4;18.8;18.4
2024-04-11 02:26:15;28.2;33.3;37.9;44.8;60.0;77.6;20.2 °C;20.5;20.3;19.4;18.8;18.4
2024-04-11 02:36:22;28.2;33.3;37.9;44.8;60.0;77.6;20.1 °C;20.5;20.3;19.4;18.8;18.4
2024-04-11 02:46:21;28.4;33.3;37.9;44.8;60.1;77.6;20.1 °C;20.5;20.3;19.4;18.8;18.4
2024-04-11 02:56:16;28.2;33.3;37.9;44.8;60.1;77.6;20.1 °C;20.4;20.3;19.4;18.8;18.4
2024-04-11 03:06:15;28.1;33.3;37.9;44.8;60.1;77.7;20 °C;20.4;20.3;19.4;18.8;18.4
2024-04-11 03:16:23;28.2;33.3;37.9;44.8;60.1;77.6;19.9 °C;20.4;20.2;19.4;18.8;18.4
2024-04-11 03:26:16;28.3;33.3;37.9;44.8;60.1;77.6;19.9 °C;20.4;20.2;19.4;18.8;18.4
2024-04-11 03:36:15;28.1;33.3;37.9;44.8;60.1;77.7;19.9 °C;20.4;20.2;19.4;18.8;18.4
2024-04-11 03:46:17;28.1;33.3;37.9;44.8;60.1;77.6;19.8 °C;20.3;20.2;19.4;18.8;18.4
2024-04-11 03:56:19;28.1;33.3;37.9;44.8;60.1;77.7;19.8 °C;20.3;20.2;19.4;18.8;18.4
2024-04-11 04:06:20;28.1;33.3;37.9;44.8;60.1;77.7;19.7 °C;20.3;20.2;19.4;18.8;18.4
2024-04-11 04:16:15;28.0;33.3;37.9;44.8;60.1;77.7;19.7 °C;20.3;20.2;19.4;18.8;18.4
2024-04-11 04:26:18;28.1;33.3;37.9;44.8;60.1;77.7;19.6 °C;20.3;20.1;19.5;18.8;18.4
2024-04-11 04:36:22;28.0;33.2;37.8;44.8;60.1;77.7;19.6 °C;20.2;20.1;19.5;18.8;18.4
2024-04-11 04:46:15;28.0;33.2;37.8;44.8;60.1;77.7;19.5 °C;20.2;20.1;19.5;18.8;18.4
2024-04-11 04:56:17;28.0;33.2;37.8;44.8;60.1;77.7;19.5 °C;20.1;20.1;19.5;18.8;18.4
2024-04-11 05:06:21;28.0;33.2;37.8;44.8;60.1;77.7;19.4 °C;20.1;20.1;19.5;18.8;18.4
2024-04-11 05:16:19;28.0;33.2;37.8;44.8;60.1;77.7;19.4 °C;20.1;20.1;19.5;18.8;18.4
2024-04-11 05:26:20;28.1;33.3;37.8;44.8;60.1;77.7;19.3 °C;20.1;20.1;19.4;18.8;18.4
2024-04-11 05:36:15;28.1;33.3;37.8;44.8;60.1;77.7;19.3 °C;20.1;20.1;19.4;18.9;18.4
2024-04-11 05:46:21;28.1;33.2;37.8;44.8;60.1;77.7;19.3 °C;20;20.1;19.4;18.9;18.4
2024-04-11 05:56:22;28.1;33.2;37.8;44.8;60.1;77.7;19.2 °C;20;20.1;19.4;18.9;18.4
2024-04-11 06:06:16;28.0;33.2;37.8;44.8;60.1;77.7;19.1 °C;19.9;20.1;19.4;18.9;18.4
2024-04-11 06:16:16;28.0;33.2;37.8;44.8;60.1;77.7;19.1 °C;19.9;20.1;19.4;18.9;18.4
2024-04-11 06:26:19;28.0;33.2;37.8;44.8;60.1;77.7;19.1 °C;19.9;20;19.4;18.9;18.4
2024-04-11 06:36:22;28.0;33.2;37.8;44.8;60.1;77.7;19 °C;19.9;20;19.4;18.9;18.4
2024-04-11 06:46:20;28.1;33.2;37.8;44.8;60.1;77.7;19 °C;19.9;20;19.4;18.9;18.4
2024-04-11 06:56:16;28.0;33.3;37.8;44.8;60.1;77.7;18.9 °C;19.8;20;19.4;18.9;18.4
2024-04-11 07:06:19;28.0;33.3;37.8;44.8;60.1;77.7;18.9 °C;19.8;20;19.4;18.9;18.4
2024-04-11 07:16:22;28.0;33.3;37.8;44.8;60.1;77.7;18.8 °C;19.8;19.9;19.4;18.9;18.5
2024-04-11 07:26:16;28.1;33.3;37.8;44.8;60.1;77.7;18.8 °C;19.8;19.9;19.4;18.9;18.5
2024-04-11 07:36:16;28.1;33.2;37.8;44.8;60.1;77.7;18.8 °C;19.7;19.9;19.4;18.9;18.5
2024-04-11 07:46:19;28.1;33.2;37.8;44.8;60.1;77.7;18.7 °C;19.7;19.9;19.4;18.9;18.5
2024-04-11 07:56:21;28.0;33.3;37.8;44.8;60.1;77.7;18.7 °C;19.7;19.9;19.4;18.9;18.5
2024-04-11 08:06:21;28.1;33.2;37.9;44.8;60.1;77.7;18.7 °C;19.6;19.9;19.4;18.9;18.5
2024-04-11 08:16:22;28.1;33.2;37.9;44.8;60.1;77.7;18.7 °C;19.6;19.9;19.4;18.9;18.5
2024-04-11 08:26:16;28.0;33.2;37.8;44.8;60.1;77.7;18.7 °C;19.6;19.9;19.4;18.9;18.5
2024-04-11 08:36:20;28.0;33.3;37.8;44.8;60.1;77.7;18.8 °C;19.6;19.9;19.4;18.9;18.5
2024-04-11 08:46:20;28.0;33.2;37.8;44.8;60.1;77.7;18.8 °C;19.6;19.9;19.4;18.9;18.5
2024-04-11 08:56:19;28.0;33.2;37.8;44.8;60.1;77.7;18.8 °C;19.5;19.8;19.4;18.9;18.5
2024-04-11 09:06:17;28.0;33.2;37.8;44.8;60.1;77.7;18.9 °C;19.5;19.8;19.4;18.9;18.5
2024-04-11 09:16:17;28.0;33.2;37.8;44.8;60.1;77.7;18.9 °C;19.4;19.8;19.4;18.9;18.5
2024-04-11 09:26:17;28.0;33.2;37.8;44.8;60.1;77.7;18.9 °C;19.4;19.8;19.4;18.9;18.5
2024-04-11 09:36:18;28.1;33.2;37.8;44.8;60.1;77.7;19 °C;19.4;19.8;19.4;18.9;18.5
2024-04-11 09:46:20;28.1;33.2;37.8;44.8;60.1;77.7;19.1 °C;19.4;19.8;19.4;18.9;18.5
2024-04-11 09:56:16;28.0;33.3;37.8;44.8;60.1;77.7;19.1 °C;19.4;19.8;19.4;18.9;18.5
2024-04-11 10:06:15;28.1;33.3;37.8;44.8;60.1;77.7;19.2 °C;19.4;19.8;19.4;18.9;18.5
2024-04-11 10:16:18;28.1;33.3;37.8;44.8;60.1;77.7;19.3 °C;19.4;19.7;19.4;18.9;18.5
2024-04-11 10:26:14;28.1;33.3;37.8;44.8;60.1;77.7;19.3 °C;19.4;19.7;19.4;18.9;18.5
2024-04-11 10:36:17;28.1;33.3;37.8;44.8;60.1;77.7;19.4 °C;19.4;19.7;19.4;18.9;18.5
2024-04-11 10:56:20;28.1;33.2;37.8;44.8;60.1;77.7;19.6 °C;19.4;19.7;19.3;18.9;18.5
2024-04-11 11:06:15;28.1;33.2;37.8;44.8;60.1;77.7;19.6 °C;19.4;19.6;19.3;18.9;18.5
2024-04-11 11:16:16;28.1;33.2;37.8;44.8;60.1;77.7;19.7 °C;19.4;19.6;19.3;18.9;18.5
2024-04-11 11:26:17;28.1;33.2;37.8;44.8;60.1;77.7;19.8 °C;19.4;19.6;19.3;18.9;18.5
2024-04-11 11:36:18;28.1;33.2;37.8;44.8;60.1;77.7;19.8 °C;19.4;19.6;19.3;18.9;18.5
2024-04-11 11:46:20;28.1;33.2;37.8;44.8;60.1;77.7;19.9 °C;19.4;19.6;19.3;18.9;18.5
2024-04-11 11:56:15;28.1;33.2;37.8;44.8;60.1;77.7;19.9 °C;19.4;19.6;19.3;18.9;18.5
2024-04-11 12:06:15;28.1;33.2;37.8;44.8;60.1;77.7;20 °C;19.4;19.6;19.3;18.9;18.6
2024-04-11 12:16:18;28.0;33.2;37.8;44.8;60.1;77.7;20.1 °C;19.4;19.6;19.3;18.9;18.6
2024-04-11 12:26:15;28.0;33.2;37.8;44.8;60.1;77.6;20.2 °C;19.4;19.6;19.3;18.9;18.6
2024-04-11 12:36:15;28.0;33.2;37.8;44.8;60.1;77.7;20.3 °C;19.4;19.6;19.3;18.9;18.6
2024-04-11 12:46:18;28.1;33.3;37.8;44.8;60.1;77.7;20.4 °C;19.4;19.6;19.3;18.9;18.6
2024-04-11 12:56:19;28.1;33.2;37.7;44.8;60.1;77.7;20.4 °C;19.5;19.6;19.3;18.9;18.6
2024-04-11 13:06:17;28.1;33.2;37.8;44.8;60.1;77.7;20.6 °C;19.5;19.6;19.3;18.9;18.6
2024-04-11 13:16:20;28.1;33.2;37.8;44.8;60.1;77.7;20.7 °C;19.5;19.6;19.3;18.9;18.6
2024-04-11 13:26:21;28.1;33.2;37.8;44.8;60.1;77.6;20.8 °C;19.5;19.6;19.3;18.9;18.6
2024-04-11 13:36:18;28.1;33.2;37.8;44.8;60.1;77.6;20.9 °C;19.6;19.6;19.3;18.9;18.6
2024-04-11 13:46:20;28.1;33.2;37.7;44.8;60.1;77.7;21 °C;19.6;19.6;19.3;18.9;18.6
2024-04-11 13:56:19;28.1;33.2;37.7;44.8;60.1;77.7;21.1 °C;19.6;19.6;19.3;18.8;18.6
2024-04-11 14:06:19;28.1;33.2;37.7;44.7;60.1;77.7;21.3 °C;19.6;19.6;19.2;18.8;18.6
2024-04-11 14:16:18;28.1;33.2;37.8;44.7;60.0;77.7;21.4 °C;19.6;19.6;19.2;18.8;18.6
2024-04-11 14:26:16;28.1;33.3;37.7;44.7;60.0;77.6;21.4 °C;19.7;19.6;19.2;18.8;18.6
2024-04-11 14:36:19;28.1;33.3;37.7;44.7;60.1;77.7;21.6 °C;19.7;19.6;19.2;18.8;18.6
2024-04-11 14:46:18;28.1;33.2;37.7;44.7;60.1;77.7;21.6 °C;19.8;19.6;19.2;18.8;18.6
2024-04-11 14:56:17;28.1;33.2;37.7;44.7;60.0;77.7;21.7 °C;19.8;19.6;19.2;18.8;18.6
2024-04-11 15:06:22;28.1;33.2;37.8;44.7;60.1;77.6;21.8 °C;19.8;19.6;19.2;18.8;18.6
2024-04-11 15:16:15;28.1;33.2;37.7;44.7;60.0;77.6;21.9 °C;19.9;19.6;19.2;18.8;18.6
2024-04-11 15:26:20;28.1;33.2;37.8;44.7;60.1;77.6;21.9 °C;19.9;19.6;19.2;18.8;18.6
2024-04-11 15:36:20;28.2;33.2;37.7;44.7;60.1;77.7;22.1 °C;19.9;19.6;19.2;18.8;18.6
2024-04-11 15:46:17;28.1;33.2;37.7;44.7;60.0;77.7;22.1 °C;19.9;19.6;19.2;18.8;18.6
2024-04-11 15:56:22;28.2;33.2;37.8;44.7;60.0;77.6;22.3 °C;20;19.6;19.2;18.8;18.6
2024-04-11 16:06:15;28.1;33.2;37.8;44.7;60.1;77.6;22.3 °C;20.1;19.6;19.2;18.8;18.6
2024-04-11 16:16:19;28.2;33.2;37.8;44.7;60.0;77.6;22.4 °C;20.1;19.6;19.2;18.8;18.6
2024-04-11 16:26:18;28.2;33.2;37.8;44.7;60.0;77.6;22.5 °C;20.1;19.6;19.2;18.8;18.6
2024-04-11 16:36:15;28.5;33.2;37.8;44.7;60.0;77.7;22.6 °C;20.1;19.6;19.2;18.8;18.6
2024-04-11 16:46:14;28.6;33.3;37.8;44.7;60.0;77.7;22.6 °C;20.2;19.6;19.2;18.8;18.6
2024-04-11 16:56:21;28.6;33.2;37.8;44.7;60.0;77.7;22.7 °C;20.3;19.6;19.2;18.8;18.6
2024-04-11 17:06:22;28.6;33.3;37.8;44.7;60.0;77.7;22.8 °C;20.3;19.7;19.2;18.8;18.6
2024-04-11 17:16:20;28.6;33.3;37.8;44.7;60.1;77.6;22.8 °C;20.3;19.7;19.2;18.8;18.6
2024-04-11 17:26:14;28.6;33.3;37.8;44.7;60.0;77.7;22.9 °C;20.4;19.7;19.2;18.8;18.6
2024-04-11 17:36:20;28.6;33.3;37.8;44.7;60.0;77.7;22.9 °C;20.4;19.7;19.2;18.8;18.6
2024-04-11 17:46:17;28.6;33.3;37.8;44.7;60.1;77.7;22.9 °C;20.4;19.7;19.2;18.8;18.6
2024-04-11 17:56:18;28.6;33.3;37.8;44.7;60.0;77.7;23 °C;20.4;19.8;19.2;18.8;18.6
2024-04-11 18:06:19;28.7;33.3;37.8;44.7;60.1;77.7;23 °C;20.5;19.8;19.2;18.8;18.6
2024-04-11 18:16:19;28.6;33.3;37.8;44.7;60.0;77.7;23 °C;20.6;19.8;19.2;18.8;18.5
2024-04-11 18:26:17;28.7;33.3;37.8;44.7;60.0;77.7;22.9 °C;20.6;19.8;19.2;18.8;18.6
2024-04-11 18:36:18;28.7;33.3;37.8;44.7;60.1;77.7;22.9 °C;20.6;19.8;19.2;18.8;18.6
2024-04-11 18:46:21;28.7;33.3;37.8;44.7;60.0;77.7;22.9 °C;20.6;19.8;19.2;18.8;18.5
2024-04-11 18:56:18;28.6;33.4;37.8;44.7;60.0;77.7;22.8 °C;20.7;19.8;19.2;18.8;18.6
2024-04-11 19:06:20;28.7;33.4;37.8;44.7;60.0;77.7;22.8 °C;20.7;19.9;19.2;18.8;18.6
2024-04-11 19:16:19;28.7;33.4;37.8;44.7;60.0;77.7;22.7 °C;20.8;19.9;19.2;18.8;18.6
2024-04-11 19:26:18;28.8;33.3;37.8;44.7;60.1;77.7;22.6 °C;20.8;19.9;19.3;18.8;18.6
2024-04-11 19:36:16;28.7;33.3;37.8;44.7;60.0;77.7;22.5 °C;20.8;19.9;19.3;18.8;18.5
2024-04-11 19:46:18;28.8;33.4;37.8;44.7;60.1;77.7;22.4 °C;20.8;19.9;19.3;18.8;18.6
2024-04-11 19:56:16;28.7;33.4;37.8;44.7;60.1;77.7;22.3 °C;20.8;19.9;19.3;18.8;18.6
2024-04-11 20:06:19;28.7;33.4;37.8;44.7;60.0;77.7;22.3 °C;20.8;19.9;19.3;18.8;18.6
2024-04-11 20:16:14;28.6;33.4;37.8;44.7;60.1;77.7;22.1 °C;20.8;20;19.3;18.8;18.6
2024-04-11 20:26:16;28.5;33.4;37.8;44.7;60.0;77.7;22.1 °C;20.8;20;19.3;18.8;18.5
2024-04-11 20:36:20;28.6;33.4;37.8;44.8;60.1;77.7;21.9 °C;20.9;20;19.3;18.8;18.6
2024-04-11 20:46:16;28.5;33.4;37.8;44.8;60.1;77.7;21.8 °C;20.9;20;19.3;18.8;18.6
2024-04-11 20:56:20;28.4;33.4;37.8;44.8;60.1;77.7;21.8 °C;20.9;20;19.3;18.8;18.6
2024-04-11 21:06:21;28.2;33.4;37.8;44.8;60.1;77.7;21.6 °C;20.9;20.1;19.3;18.8;18.6
2024-04-11 21:16:17;28.2;33.4;37.9;44.7;60.1;77.7;21.6 °C;20.8;20.1;19.3;18.8;18.6
2024-04-11 21:26:18;28.2;33.4;37.8;44.8;60.1;77.7;21.4 °C;20.8;20.1;19.3;18.8;18.5
2024-04-11 21:36:21;28.1;33.4;37.9;44.8;60.1;77.7;21.4 °C;20.8;20.1;19.3;18.8;18.6
2024-04-11 21:46:15;28.2;33.3;37.9;44.8;60.1;77.7;21.3 °C;20.8;20.1;19.3;18.8;18.6
2024-04-11 21:56:15;28.1;33.4;37.8;44.8;60.1;77.7;21.3 °C;20.8;20.1;19.3;18.8;18.6
2024-04-11 22:06:20;28.2;33.4;37.8;44.8;60.1;77.7;21.1 °C;20.8;20.1;19.3;18.8;18.6
2024-04-11 22:16:20;28.1;33.4;37.8;44.8;60.1;77.7;21.1 °C;20.8;20.1;19.3;18.8;18.6
2024-04-11 22:26:15;28.2;33.4;37.8;44.8;60.1;77.7;21 °C;20.8;20.1;19.4;18.8;18.6
2024-04-11 22:36:15;28.1;33.4;37.8;44.8;60.1;77.7;20.9 °C;20.8;20.1;19.4;18.8;18.6
2024-04-11 22:46:21;28.1;33.4;37.8;44.8;60.1;77.7;20.8 °C;20.7;20.1;19.4;18.8;18.6
2024-04-11 22:56:14;28.1;33.4;37.8;44.7;60.1;77.7;20.8 °C;20.7;20.1;19.4;18.8;18.6
2024-04-11 23:06:16;28.1;33.4;37.9;44.8;60.1;77.7;20.7 °C;20.7;20.1;19.4;18.8;18.6
2024-04-11 23:16:20;28.1;33.3;37.9;44.7;60.1;77.7;20.6 °C;20.6;20.1;19.4;18.8;18.6
2024-04-11 23:26:16;28.1;33.3;37.9;44.8;60.1;77.7;20.6 °C;20.6;20.2;19.4;18.8;18.6
2024-04-11 23:36:20;28.1;33.3;37.9;44.8;60.1;77.7;20.5 °C;20.6;20.2;19.4;18.8;18.6
2024-04-11 23:46:20;28.0;33.4;37.9;44.8;60.1;77.7;20.4 °C;20.6;20.2;19.4;18.9;18.6
2024-04-11 23:56:18;28.1;33.4;37.9;44.8;60.1;77.7;20.4 °C;20.6;20.2;19.4;18.9;18.6
2024-04-12 00:06:19;28.0;33.4;37.9;44.8;60.1;77.7;20.3 °C;20.6;20.2;19.4;18.9;18.6
2024-04-12 00:16:18;28.0;33.4;37.9;44.8;60.1;77.7;20.3 °C;20.5;20.2;19.4;18.9;18.6
2024-04-12 00:26:20;28.0;33.3;37.9;44.8;60.1;77.7;20.2 °C;20.5;20.2;19.4;18.9;18.6
2024-04-12 00:36:20;28.1;33.3;37.9;44.8;60.1;77.7;20.1 °C;20.4;20.2;19.4;18.9;18.6
2024-04-12 00:46:17;28.0;33.3;37.9;44.8;60.1;77.7;20.1 °C;20.4;20.2;19.4;18.9;18.6
2024-04-12 00:56:15;28.0;33.3;37.9;44.8;60.1;77.7;20 °C;20.4;20.1;19.4;18.9;18.6
2024-04-12 01:06:19;28.1;33.3;37.9;44.8;60.1;77.7;19.9 °C;20.4;20.1;19.4;18.9;18.6
2024-04-12 01:16:19;28.1;33.3;37.9;44.8;60.1;77.7;19.9 °C;20.4;20.1;19.4;18.9;18.6
2024-04-12 01:26:17;28.1;33.3;37.8;44.8;60.1;77.7;19.8 °C;20.3;20.1;19.4;18.9;18.6
2024-04-12 01:36:18;28.0;33.4;37.8;44.8;60.1;77.7;19.8 °C;20.3;20.1;19.4;18.9;18.6
2024-04-12 01:46:20;28.1;33.4;37.9;44.8;60.1;77.7;19.7 °C;20.3;20.1;19.4;18.9;18.6
2024-04-12 01:56:16;28.1;33.4;37.9;44.8;60.1;77.7;19.6 °C;20.3;20.1;19.4;18.9;18.6
2024-04-12 02:06:20;28.0;33.4;37.9;44.8;60.1;77.7;19.6 °C;20.3;20.1;19.4;18.9;18.6
2024-04-12 02:16:17;28.0;33.4;37.9;44.8;60.1;77.7;19.6 °C;20.2;20.1;19.4;18.9;18.6
2024-04-12 02:26:14;28.1;33.4;37.8;44.8;60.1;77.7;19.5 °C;20.2;20.1;19.4;18.9;18.6
2024-04-12 02:36:17;28;33.4;37.9;44.8;60.1;77.7;19.4 °C;20.1;20.1;19.4;18.9;18.6
2024-04-12 02:46:14;28.0;33.4;37.9;44.8;60.1;77.7;19.4 °C;20.1;20.1;19.5;18.9;18.6
2024-04-12 02:56:18;28.1;33.4;37.9;44.8;60.1;77.7;19.3 °C;20.1;20.1;19.5;18.9;18.6
2024-04-12 03:06:19;28.1;33.4;37.9;44.8;60.1;77.7;19.3 °C;20.1;20.1;19.5;18.9;18.6
2024-04-12 03:16:14;28.1;33.4;37.9;44.8;60.1;77.7;19.3 °C;20;20.1;19.5;18.9;18.6
2024-04-12 03:26:16;28.3;33.4;37.9;44.8;60.1;77.7;19.2 °C;20;20.1;19.5;18.9;18.6
2024-04-12 03:36:20;28.3;33.3;37.9;44.8;60.1;77.7;19.1 °C;20;20.1;19.5;18.9;18.6
2024-04-12 03:46:16;28.3;33.3;37.9;44.8;60.1;77.7;19.1 °C;19.9;20;19.4;18.9;18.6
2024-04-12 03:56:20;28.2;33.4;37.9;44.8;60.1;77.7;19.1 °C;19.9;20;19.5;18.9;18.6
2024-04-12 04:06:20;28.4;33.3;37.9;44.8;60.1;77.7;19 °C;19.9;20;19.5;18.9;18.6
2024-04-12 04:16:17;28.3;33.3;37.9;44.8;60.1;77.7;18.9 °C;19.9;20;19.4;18.9;18.6
2024-04-12 04:26:18;28.3;33.3;37.9;44.8;60.1;77.7;18.9 °C;19.8;20;19.4;18.9;18.6
2024-04-12 04:36:21;28.2;33.3;37.9;44.8;60.1;77.7;18.9 °C;19.8;20;19.4;18.9;18.6
2024-04-12 04:46:14;28.2;33.3;37.9;44.8;60.1;77.7;18.8 °C;19.8;19.9;19.4;18.9;18.6
2024-04-12 04:56:17;28.2;33.3;37.9;44.8;60.1;77.7;18.8 °C;19.8;19.9;19.4;18.9;18.6
2024-04-12 05:06:15;28.3;33.4;37.9;44.8;60.1;77.7;18.8 °C;19.8;19.9;19.4;18.9;18.6
2024-04-12 05:16:19;28.3;33.3;37.9;44.8;60.1;77.7;18.7 °C;19.7;19.9;19.4;18.9;18.6
2024-04-12 05:26:15;28.2;33.3;37.9;44.8;60.1;77.7;18.6 °C;19.7;19.9;19.4;18.9;18.6
2024-04-12 05:36:14;28.3;33.3;37.9;44.8;60.1;77.7;18.6 °C;19.6;19.9;19.4;18.9;18.6
2024-04-12 05:46:17;29.9;33.3;37.9;44.8;60.1;77.7;18.6 °C;19.6;19.9;19.4;18.9;18.6
2024-04-12 05:56:14;28.9;33.3;37.9;44.8;60.1;77.7;18.5 °C;19.6;19.9;19.4;18.9;18.6
2024-04-12 06:06:16;28.2;33.3;37.8;44.8;60.1;77.7;18.5 °C;19.6;19.9;19.4;18.9;18.6
2024-04-12 06:16:15;28.2;33.3;37.8;44.8;60.1;77.8;18.4 °C;19.5;19.9;19.4;18.9;18.6
2024-04-12 06:26:15;28.2;33.3;37.9;44.8;60.1;77.7;18.4 °C;19.5;19.8;19.4;18.9;18.6
2024-04-12 06:36:15;28.1;33.3;37.8;44.8;60.1;77.7;18.4 °C;19.5;19.8;19.4;18.9;18.6
2024-04-12 06:46:15;28.0;33.3;37.8;44.8;60.1;77.7;18.3 °C;19.4;19.8;19.4;18.9;18.6
2024-04-12 06:56:15;28.0;33.3;37.8;44.8;60.1;77.7;18.3 °C;19.4;19.8;19.4;18.9;18.6
2024-04-12 07:06:15;28.1;33.2;37.8;44.8;60.1;77.8;18.3 °C;19.4;19.8;19.4;18.9;18.6
2024-04-12 07:16:15;28.0;33.5;37.8;44.8;60.1;77.8;18.3 °C;19.4;19.8;19.4;18.9;18.6
2024-04-12 07:26:14;28.0;35.7;37.8;44.8;60.1;77.8;18.2 °C;19.3;19.8;19.4;18.9;18.6
2024-04-12 07:36:14;28.0;33.6;37.8;44.8;60.1;77.8;18.2 °C;19.3;19.8;19.4;18.9;18.6
2024-04-12 07:46:17;28.0;33.6;37.9;44.8;60.1;77.8;18.2 °C;19.3;19.7;19.4;18.9;18.6
2024-04-12 07:56:19;28.0;33.6;37.8;44.8;60.1;77.7;18.2 °C;19.3;19.7;19.4;18.9;18.6
2024-04-12 08:06:15;28.0;33.6;37.8;44.8;60.1;77.8;18.2 °C;19.3;19.7;19.4;18.9;18.6
2024-04-12 08:16:15;28.0;33.6;37.8;44.8;60.1;77.7;18.2 °C;19.2;19.7;19.4;18.9;18.6
2024-04-12 08:26:15;28.1;33.6;37.8;44.8;60.1;77.7;18.2 °C;19.2;19.7;19.4;18.9;18.6
2024-04-12 08:36:19;28.0;33.6;37.8;44.8;60.1;77.8;18.3 °C;19.2;19.6;19.4;18.9;18.6
2024-04-12 08:46:15;28.0;33.6;37.8;44.8;60.1;77.7;18.3 °C;19.1;19.6;19.4;18.9;18.6
2024-04-12 08:56:15;28.0;33.6;37.8;44.8;60.1;77.7;18.3 °C;19.1;19.6;19.4;18.9;18.6
2024-04-12 09:06:15;28.0;33.6;37.8;44.8;60.1;77.7;18.4 °C;19.1;19.6;19.3;18.9;18.6
2024-04-12 09:16:19;28;33.6;37.8;44.8;60.1;77.7;18.5 °C;19.1;19.6;19.3;18.9;18.6
2024-04-12 09:26:14;28.0;33.9;37.8;44.8;60.1;77.7;18.6 °C;19.1;19.6;19.3;18.9;18.6
2024-04-12 09:36:14;28.5;33.5;37.8;44.8;60.1;77.7;18.7 °C;19.1;19.6;19.3;18.9;18.6
2024-04-12 09:46:17;27.9;33.4;37.8;44.8;60.1;77.7;18.8 °C;19.1;19.6;19.3;18.9;18.6
2024-04-12 09:56:14;28.0;33.4;37.8;44.8;60.1;77.7;18.9 °C;19.1;19.5;19.3;18.9;18.6
2024-04-12 10:06:14;28.2;33.4;37.8;44.8;60.1;77.7;19.1 °C;19;19.5;19.3;18.9;18.6
2024-04-12 10:16:17;28.3;33.4;37.8;44.8;60.1;77.7;19.2 °C;19;19.5;19.3;18.9;18.6
2024-04-12 10:26:19;28.3;33.4;37.8;44.8;60.1;77.7;19.3 °C;19;19.5;19.3;18.9;18.6
2024-04-12 10:36:14;28.3;33.4;37.8;44.8;60.1;77.7;19.5 °C;19.1;19.4;19.3;18.9;18.6
2024-04-12 10:46:14;28.3;33.4;37.8;44.8;60.1;77.7;19.6 °C;19.1;19.4;19.3;18.9;18.7
2024-04-12 10:56:17;28.3;33.4;37.8;44.8;60.1;77.7;19.8 °C;19.1;19.4;19.3;18.9;18.6
2024-04-12 11:06:15;28.3;33.4;37.8;44.8;60.1;77.7;19.9 °C;19.1;19.4;19.3;18.9;18.6
2024-04-12 11:16:15;28.3;33.4;37.8;44.8;60.1;77.7;20.1 °C;19.1;19.4;19.3;18.9;18.6
2024-04-12 11:26:14;28.4;33.4;37.8;44.8;60.1;77.7;20.3 °C;19.1;19.4;19.3;18.9;18.6
2024-04-12 11:36:14;28.4;33.4;37.8;44.8;60.1;77.7;20.5 °C;19.1;19.4;19.3;18.9;18.6
2024-04-12 11:46:17;28.4;33.4;37.8;44.7;60.1;77.7;20.7 °C;19.1;19.4;19.2;18.9;18.6
2024-04-12 11:56:18;28.4;33.4;37.8;44.7;60.1;77.7;20.9 °C;19.2;19.4;19.2;18.9;18.6
2024-04-12 12:06:14;28.4;33.3;37.8;44.7;60.1;77.7;21.1 °C;19.2;19.4;19.2;18.9;18.6
2024-04-12 12:16:17;28.4;33.3;37.8;44.7;60.1;77.7;21.2 °C;19.3;19.4;19.2;18.9;18.6
2024-04-12 12:26:19;28.4;33.3;37.8;44.7;60.1;77.7;21.3 °C;19.3;19.4;19.2;18.9;18.6
2024-04-12 12:36:18;28.4;33.3;37.8;44.7;60.1;77.7;21.4 °C;19.3;19.4;19.2;18.9;18.6
2024-04-12 12:46:14;28.4;33.3;37.8;44.7;60.1;77.7;21.6 °C;19.4;19.4;19.2;18.9;18.6
2024-04-12 12:56:17;28.4;33.3;37.8;44.7;60.0;77.7;21.8 °C;19.4;19.4;19.2;18.9;18.6
2024-04-12 13:06:15;28.4;33.3;37.8;44.7;60.0;77.7;21.9 °C;19.4;19.4;19.2;18.9;18.6
2024-04-12 13:16:19;28.4;33.4;37.8;44.8;60.0;77.7;22.1 °C;19.5;19.4;19.1;18.9;18.6
2024-04-12 13:26:14;28.4;33.3;37.8;44.7;60.0;77.7;22.4 °C;19.6;19.4;19.1;18.9;18.6
2024-04-12 13:36:14;28.4;33.3;37.8;44.7;60.1;77.7;22.6 °C;19.6;19.4;19.1;18.9;18.6
2024-04-12 13:46:17;28.6;33.3;37.8;44.7;60.0;77.7;22.8 °C;19.7;19.4;19.1;18.9;18.6
2024-04-12 13:56:15;28.7;33.4;37.8;44.8;60.1;77.7;23 °C;19.8;19.4;19.1;18.9;18.6
2024-04-12 14:06:15;28.7;33.4;37.8;44.7;60.0;77.7;23.3 °C;19.8;19.4;19.1;18.9;18.6
2024-04-12 14:16:14;28.7;33.4;37.8;44.7;60.0;77.7;23.4 °C;19.9;19.4;19.1;18.9;18.6
2024-04-12 14:26:14;28.7;33.4;37.8;44.7;60.0;77.7;23.6 °C;19.9;19.4;19.1;18.9;18.6
2024-04-12 14:36:17;28.8;33.4;37.8;44.7;60.0;77.7;23.8 °C;20;19.4;19.1;18.9;18.6
2024-04-12 14:46:19;28.8;33.4;37.8;44.7;60.0;77.7;24.1 °C;20.1;19.4;19.1;18.9;18.6
2024-04-12 14:56:15;28.8;33.4;37.8;44.7;60.0;77.7;24.3 °C;20.1;19.4;19.1;18.8;18.6
2024-04-12 15:06:15;28.9;33.4;37.8;44.7;60.0;77.7;24.4 °C;20.2;19.5;19.1;18.8;18.6
2024-04-12 15:16:15;28.9;33.4;37.8;44.7;60.0;77.7;24.6 °C;20.3;19.5;19.1;18.8;18.6
2024-04-12 15:26:18;29.4;33.4;37.8;44.7;60.0;77.7;24.8 °C;20.4;19.5;19.1;18.8;18.6
2024-04-12 15:36:14;28.7;33.5;37.8;44.7;60.0;77.7;24.9 °C;20.4;19.6;19.1;18.8;18.6
2024-04-12 15:46:17;28.7;33.5;37.8;44.7;60.0;77.7;25 °C;20.6;19.6;19.1;18.8;18.6
2024-04-12 15:56:19;28.7;33.4;37.8;44.7;60.0;77.7;25.1 °C;20.6;19.6;19.1;18.8;18.6
2024-04-12 16:06:19;28.8;33.5;37.8;44.7;60.0;77.7;25.3 °C;20.7;19.6;19.1;18.8;18.6
2024-04-12 16:16:14;28.8;33.5;37.8;44.7;60.0;77.7;25.3 °C;20.8;19.6;19.1;18.8;18.6
2024-04-12 16:26:14;28.8;33.5;37.8;44.7;60.0;77.7;25.4 °C;20.9;19.7;19.1;18.8;18.6
2024-04-12 16:36:21;28.8;33.5;37.8;44.7;60.0;77.7;25.5 °C;20.9;19.7;19.1;18.8;18.6
2024-04-12 16:46:14;29.0;33.5;37.8;44.7;60.0;77.7;25.6 °C;21;19.8;19.1;18.8;18.6
2024-04-12 16:56:14;28.8;33.5;37.8;44.7;60.0;77.7;25.6 °C;21.1;19.8;19.1;18.8;18.6
2024-04-12 17:06:17;28.8;33.5;37.8;44.7;60.0;77.7;25.6 °C;21.2;19.8;19.1;18.8;18.6
2024-04-12 17:16:15;28.8;33.5;37.8;44.7;60.0;77.7;25.7 °C;21.3;19.8;19.2;18.8;18.6
2024-04-12 17:26:15;28.8;33.5;37.8;44.7;60.0;77.7;25.7 °C;21.3;19.9;19.2;18.8;18.6
2024-04-12 17:36:15;28.8;33.5;37.9;44.7;60.0;77.7;25.7 °C;21.4;19.9;19.2;18.8;18.6
2024-04-12 17:46:15;28.8;33.5;37.9;44.7;60.0;77.7;25.7 °C;21.4;19.9;19.2;18.8;18.6
2024-04-12 17:56:14;28.9;33.5;37.9;44.7;60.0;77.7;25.6 °C;21.5;20;19.2;18.8;18.6
2024-04-12 18:06:13;28.9;33.6;37.8;44.7;60.0;77.7;25.6 °C;21.6;20;19.2;18.8;18.6
2024-04-12 18:16:15;28.9;33.6;37.8;44.7;60.0;77.7;25.5 °C;21.6;20.1;19.2;18.8;18.6
2024-04-12 18:26:20;29.0;33.6;37.8;44.7;60.0;77.7;25.4 °C;21.7;20.1;19.3;18.8;18.6
2024-04-12 18:36:21;29.1;33.6;37.8;44.7;60.0;77.7;25.4 °C;21.8;20.1;19.3;18.8;18.6
2024-04-12 18:46:18;29.1;33.6;37.8;44.7;60.0;77.7;25.3 °C;21.8;20.1;19.3;18.8;18.6
2024-04-12 18:56:13;28.9;33.8;37.9;44.7;60.0;77.7;25.2 °C;21.8;20.2;19.3;18.8;18.6
2024-04-12 19:06:20;29.1;33.8;37.9;44.7;60.0;77.7;25.1 °C;21.9;20.2;19.3;18.8;18.6
2024-04-12 19:16:14;29.1;33.9;37.9;44.7;60.1;77.7;24.9 °C;21.9;20.3;19.3;18.8;18.6
2024-04-12 19:26:18;29.0;33.6;37.9;44.7;60.0;77.7;24.8 °C;21.9;20.3;19.3;18.8;18.6
2024-04-12 19:36:14;29.1;33.6;37.9;44.7;60.0;77.7;24.7 °C;22;20.3;19.3;18.8;18.6
2024-04-12 19:46:19;29.1;33.6;37.9;44.8;60.0;77.7;24.6 °C;22;20.4;19.3;18.8;18.6
2024-04-12 19:56:15;28.7;33.6;37.9;44.7;60.0;77.7;24.4 °C;22;20.4;19.4;18.8;18.6
2024-04-12 20:06:18;28.3;33.6;37.9;44.7;60.0;77.7;24.3 °C;22;20.4;19.4;18.9;18.6
2024-04-12 20:16:13;28.3;33.6;37.9;44.7;60.0;77.7;24.2 °C;22.1;20.4;19.4;18.9;18.6
2024-04-12 20:26:21;28.4;33.6;37.9;44.7;60.1;77.7;24.1 °C;22.1;20.5;19.4;18.9;18.6
2024-04-12 20:36:19;28.3;33.7;37.9;44.8;60.0;77.7;23.9 °C;22.1;20.5;19.4;18.9;18.6
2024-04-12 20:46:18;28.3;33.7;37.9;44.8;60.1;77.7;23.8 °C;22.1;20.6;19.4;18.9;18.6
2024-04-12 20:56:13;28.3;33.7;37.9;44.8;60.1;77.7;23.7 °C;22.1;20.6;19.4;18.9;18.6
2024-04-12 21:06:20;28.4;33.7;37.9;44.8;60.1;77.7;23.6 °C;22.1;20.6;19.5;18.9;18.6
2024-04-12 21:16:14;28.3;33.6;37.9;44.8;60.1;77.7;23.4 °C;22.1;20.6;19.5;18.9;18.6
2024-04-12 21:26:18;28.3;33.6;37.9;44.8;60.1;77.7;23.3 °C;22.1;20.6;19.5;18.9;18.6
2024-04-12 21:36:14;28.3;33.6;38.0;44.8;60.1;77.7;23.2 °C;22;20.7;19.5;18.9;18.6
2024-04-12 21:46:18;28.2;33.6;38.0;44.8;60.1;77.7;23.1 °C;22;20.7;19.6;18.9;18.6
2024-04-12 21:56:14;28.3;33.6;38.0;44.8;60.1;77.7;23 °C;22;20.7;19.6;18.9;18.6
2024-04-12 22:06:19;28.3;33.6;38.0;44.8;60.1;77.7;22.9 °C;22;20.8;19.6;18.9;18.6
2024-04-12 22:16:14;28.3;33.6;38.0;44.8;60.1;77.7;22.8 °C;21.9;20.8;19.6;18.9;18.6
2024-04-12 22:26:17;28.3;33.6;38.0;44.8;60.1;77.7;22.6 °C;21.9;20.8;19.6;18.9;18.6
2024-04-12 22:36:17;28.3;33.6;38.0;44.8;60.1;77.7;22.6 °C;21.9;20.8;19.6;18.9;18.6
2024-04-12 22:46:14;28.3;33.6;38.0;44.8;60.1;77.7;22.4 °C;21.9;20.8;19.6;18.9;18.6
2024-04-12 22:56:13;28.3;33.6;38.0;44.8;60.1;77.7;22.4 °C;21.9;20.8;19.6;18.9;18.6
2024-04-12 23:06:20;28.2;33.7;38.0;44.8;60.1;77.7;22.3 °C;21.8;20.8;19.7;18.9;18.6
2024-04-12 23:16:18;28.2;33.6;38.0;44.8;60.1;77.7;22.2 °C;21.8;20.8;19.7;18.9;18.6
2024-04-12 23:26:14;28.2;33.6;38.0;44.8;60.1;77.8;22.1 °C;21.8;20.8;19.7;19;18.6
2024-04-12 23:36:14;28.2;33.6;38.0;44.8;60.1;77.7;22 °C;21.8;20.8;19.7;19;18.6
2024-04-12 23:46:18;28.2;33.6;38.0;44.8;60.1;77.7;21.9 °C;21.8;20.8;19.8;19;18.6
2024-04-12 23:56:18;28.1;33.6;38.0;44.8;60.1;77.8;21.8 °C;21.7;20.8;19.8;19;18.6
2024-04-13 00:06:14;28.3;33.6;38.0;44.8;60.1;77.7;21.7 °C;21.7;20.9;19.8;19;18.7
2024-04-13 00:16:14;28.3;33.7;38.0;44.8;60.1;77.7;21.6 °C;21.6;20.9;19.8;19;18.7
2024-04-13 00:26:18;28.2;33.6;38.0;44.8;60.1;77.8;21.5 °C;21.6;20.9;19.8;19;18.7
2024-04-13 00:36:20;28.3;33.6;38.0;44.8;60.1;77.8;21.4 °C;21.6;20.9;19.8;19.1;18.7
2024-04-13 00:46:17;28.2;33.6;38.0;44.8;60.1;77.7;21.4 °C;21.6;20.9;19.8;19.1;18.7
2024-04-13 00:56:16;28.2;33.7;38.0;44.9;60.1;77.8;21.3 °C;21.5;20.9;19.8;19.1;18.7
2024-04-13 01:06:16;28.2;33.7;38.0;44.9;60.1;77.7;21.2 °C;21.5;20.9;19.8;19.1;18.7
2024-04-13 01:16:13;28.2;33.6;38.0;44.9;60.1;77.8;21.1 °C;21.4;20.9;19.8;19.1;18.7
2024-04-13 01:26:19;28.3;33.6;38.0;44.9;60.2;77.8;21.1 °C;21.4;20.9;19.8;19.1;18.7
2024-04-13 01:36:21;28.3;33.7;38.0;44.9;60.2;77.8;21 °C;21.4;20.9;19.9;19.1;18.7
2024-04-13 01:46:18;28.3;33.7;38.0;44.9;60.2;77.8;20.9 °C;21.4;20.9;19.9;19.1;18.7
2024-04-13 01:56:13;28.3;33.7;38.0;44.9;60.2;77.8;20.8 °C;21.3;20.9;19.9;19.1;18.7
2024-04-13 02:06:19;28.2;33.7;38.0;44.9;60.1;77.8;20.8 °C;21.3;20.9;19.9;19.1;18.7
2024-04-13 02:16:16;28.2;33.7;38.0;44.9;60.2;77.8;20.7 °C;21.3;20.8;19.9;19.1;18.7
2024-04-13 02:26:14;28.2;33.7;38.0;44.9;60.2;77.8;20.6 °C;21.2;20.8;19.9;19.1;18.7
2024-04-13 02:36:14;28.2;33.7;38.0;44.9;60.2;77.8;20.6 °C;21.2;20.8;19.9;19.1;18.8
2024-04-13 02:46:18;28.2;33.7;38.0;44.9;60.2;77.8;20.5 °C;21.1;20.8;19.9;19.1;18.8
2024-04-13 02:56:13;28.2;33.7;38.0;44.9;60.2;77.7;20.4 °C;21.1;20.8;19.9;19.1;18.8
2024-04-13 03:06:15;28.2;33.7;38.1;44.9;60.2;77.8;20.4 °C;21.1;20.8;19.9;19.1;18.8
2024-04-13 03:16:19;28.2;33.7;38.1;44.9;60.2;77.8;20.3 °C;21.1;20.8;19.9;19.2;18.8
2024-04-13 03:26:16;28.2;33.7;38.0;44.9;60.2;77.8;20.3 °C;21;20.8;19.9;19.2;18.8
2024-04-13 03:36:18;28.2;33.7;38.0;44.9;60.2;77.8;20.2 °C;20.9;20.8;19.9;19.2;18.8
2024-04-13 03:46:14;28.2;33.7;38.0;44.9;60.2;77.8;20.1 °C;20.9;20.8;19.9;19.2;18.8
2024-04-13 03:56:17;28.2;33.7;38.0;44.9;60.2;77.8;20.1 °C;20.9;20.8;19.9;19.2;18.8
2024-04-13 04:06:14;28.2;33.7;38.0;44.9;60.2;77.8;20 °C;20.9;20.8;19.9;19.2;18.8
2024-04-13 04:16:15;28.2;33.7;38.0;44.9;60.2;77.8;19.9 °C;20.8;20.8;19.9;19.2;18.8
2024-04-13 04:26:20;28.2;33.7;38.1;44.9;60.2;77.8;19.9 °C;20.8;20.7;19.9;19.2;18.8
2024-04-13 04:36:14;28.5;33.6;38.0;44.9;60.2;77.8;19.8 °C;20.8;20.7;19.9;19.2;18.8
2024-04-13 04:46:14;28.4;33.6;38.1;44.9;60.2;77.8;19.8 °C;20.8;20.7;19.9;19.2;18.8
2024-04-13 04:56:14;28.1;33.9;38.0;44.9;60.2;77.8;19.7 °C;20.7;20.7;19.9;19.3;18.8
2024-04-13 05:06:18;28.3;33.8;38.1;44.9;60.2;77.8;19.7 °C;20.7;20.7;19.9;19.3;18.8
2024-04-13 05:16:13;28.3;33.8;38.0;44.9;60.2;77.8;19.6 °C;20.6;20.6;19.9;19.3;18.8
2024-04-13 05:26:16;28.2;33.8;38.0;44.9;60.2;77.8;19.6 °C;20.6;20.6;19.9;19.3;18.8
2024-04-13 05:36:18;28.3;33.8;38.0;44.9;60.2;77.8;19.5 °C;20.6;20.6;19.9;19.3;18.8
2024-04-13 05:46:18;28.2;33.8;38.0;44.9;60.2;77.8;19.4 °C;20.5;20.6;19.9;19.3;18.8
2024-04-13 05:56:13;28.3;34.1;38.0;44.9;60.2;77.8;19.4 °C;20.5;20.6;19.9;19.3;18.8
2024-04-13 06:06:16;28.1;33.9;38.0;44.9;60.2;77.8;19.4 °C;20.4;20.6;19.9;19.3;18.8
2024-04-13 06:16:13;28.2;33.8;38.0;44.9;60.2;77.8;19.3 °C;20.4;20.6;19.9;19.3;18.8
2024-04-13 06:26:19;28.3;33.9;38.0;44.9;60.2;77.8;19.3 °C;20.4;20.6;19.9;19.3;18.8
2024-04-13 06:36:17;28.3;33.9;38.0;44.9;60.2;77.8;19.2 °C;20.4;20.6;19.9;19.3;18.8
2024-04-13 06:46:16;28.2;33.9;38.0;44.9;60.2;77.8;19.2 °C;20.3;20.6;19.9;19.3;18.8
2024-04-13 06:56:18;28.4;33.9;38.0;44.9;60.2;77.8;19.1 °C;20.3;20.5;19.9;19.3;18.8
2024-04-13 07:06:18;28.5;34.1;38.0;44.9;60.2;77.8;19.1 °C;20.3;20.5;19.9;19.3;18.8
2024-04-13 07:16:18;28.2;34;38.0;44.9;60.2;77.8;19.1 °C;20.3;20.5;19.9;19.3;18.9
2024-04-13 07:26:14;28.2;33.9;38.0;44.9;60.2;77.8;19 °C;20.2;20.4;19.9;19.3;18.9
2024-04-13 07:36:18;28.2;33.8;38.0;44.9;60.2;77.8;19 °C;20.2;20.4;19.9;19.3;18.9
2024-04-13 07:46:17;28.2;33.8;38.1;44.9;60.2;77.8;18.9 °C;20.1;20.4;19.9;19.3;18.9
2024-04-13 07:56:19;28.2;33.9;38.0;44.9;60.2;77.8;18.9 °C;20.1;20.4;19.9;19.3;18.9
2024-04-13 08:06:18;28.2;33.9;38.0;44.9;60.2;77.8;18.9 °C;20.1;20.4;19.9;19.3;18.9
2024-04-13 08:16:15;28.2;34.0;38.0;44.9;60.2;77.8;18.9 °C;20.1;20.4;19.9;19.3;18.9
2024-04-13 08:26:16;28.2;33.9;38.0;44.9;60.2;77.8;18.9 °C;20;20.4;19.9;19.3;18.9
2024-04-13 08:36:13;28.5;33.7;38.0;44.9;60.2;77.8;19 °C;20;20.4;19.9;19.3;18.9
2024-04-13 08:46:18;28.2;33.7;38.0;44.9;60.2;77.8;19.1 °C;19.9;20.3;19.9;19.3;18.9
2024-04-13 08:56:19;28.3;33.7;38.0;44.9;60.2;77.8;19.1 °C;19.9;20.3;19.9;19.3;18.9
2024-04-13 09:06:20;28.2;33.7;38.0;44.9;60.2;77.8;19.2 °C;19.9;20.3;19.9;19.3;18.9
2024-04-13 09:16:17;28.2;33.7;38.0;44.9;60.2;77.8;19.3 °C;19.9;20.3;19.9;19.3;18.9
2024-04-13 09:26:16;28.2;33.6;38.0;44.9;60.2;77.8;19.3 °C;19.9;20.3;19.9;19.3;18.9
2024-04-13 09:36:19;28.2;33.6;38.0;44.9;60.2;77.8;19.4 °C;19.9;20.3;19.9;19.3;18.9
2024-04-13 09:46:15;28.2;33.6;38.0;44.9;60.2;77.8;19.6 °C;19.8;20.3;19.8;19.3;18.9
2024-04-13 09:56:13;28.2;33.6;38.0;44.9;60.2;77.8;19.7 °C;19.8;20.2;19.8;19.3;18.9
2024-04-13 10:06:20;28.2;33.7;38.0;44.9;60.2;77.8;19.8 °C;19.8;20.2;19.8;19.3;18.9
2024-04-13 10:16:12;28.2;33.6;38.0;44.9;60.2;77.8;19.9 °C;19.8;20.2;19.8;19.3;18.9
2024-04-13 10:26:14;28.2;33.6;38.0;44.9;60.2;77.8;20.1 °C;19.8;20.2;19.8;19.3;18.9
2024-04-13 10:36:19;28.3;33.6;38.0;44.9;60.2;77.8;20.3 °C;19.8;20.1;19.8;19.3;18.9
2024-04-13 10:46:16;28.6;33.5;38.0;44.9;60.2;77.8;20.4 °C;19.8;20.1;19.8;19.3;18.9
2024-04-13 10:56:18;28.3;33.6;38.0;44.9;60.2;77.8;20.6 °C;19.8;20.1;19.8;19.3;18.9
2024-04-13 11:06:12;28.3;33.6;38.0;44.9;60.2;77.8;20.8 °C;19.8;20.1;19.8;19.3;18.9
2024-04-13 11:16:18;28.4;33.5;38.0;44.9;60.2;77.8;21 °C;19.8;20.1;19.8;19.3;18.9
2024-04-13 11:26:19;28.4;33.5;38.0;44.9;60.2;77.8;21.2 °C;19.9;20.1;19.8;19.3;18.9
2024-04-13 11:36:15;28.4;33.5;38.0;44.9;60.2;77.8;21.4 °C;19.9;20.1;19.8;19.3;18.9
2024-04-13 11:46:16;28.4;33.5;38.0;44.9;60.2;77.8;21.6 °C;19.9;20.1;19.8;19.3;18.9
2024-04-13 11:56:19;28.5;33.5;38.0;44.9;60.2;77.8;21.8 °C;19.9;20.1;19.8;19.3;18.9
2024-04-13 12:06:16;28.7;33.5;38.0;44.9;60.2;77.8;21.9 °C;20;20.1;19.8;19.3;18.9
2024-04-13 12:16:18;28.5;33.5;38.0;44.9;60.2;77.8;22.1 °C;20;20.1;19.8;19.3;18.9
2024-04-13 12:26:17;28.6;33.5;38.0;44.9;60.2;77.8;22.8 °C;20.1;20.1;19.8;19.3;18.9
2024-04-13 12:36:17;28.7;33.5;38.0;44.9;60.2;77.8;22.7 °C;20.1;20.1;19.7;19.3;18.9
2024-04-13 12:46:16;28.7;33.5;38.0;44.9;60.2;77.8;22.7 °C;20.1;20.1;19.7;19.3;18.9
2024-04-13 12:56:14;28.7;33.5;38.0;44.9;60.2;77.8;22.8 °C;20.2;20.1;19.7;19.3;18.9
2024-04-13 13:06:17;28.7;33.5;38.0;44.9;60.2;77.8;23 °C;20.3;20.1;19.7;19.3;18.9
2024-04-13 13:16:16;28.7;33.5;38.0;44.9;60.2;77.8;23.1 °C;20.3;20.1;19.7;19.3;18.9
2024-04-13 13:26:14;28.8;33.5;38.0;44.9;60.2;77.8;23.4 °C;20.3;20.1;19.7;19.3;18.9
2024-04-13 13:36:18;28.8;33.6;38.0;44.9;60.2;77.8;23.6 °C;20.4;20.1;19.7;19.3;18.9
2024-04-13 13:46:14;29.0;33.6;38.0;44.9;60.2;77.8;23.8 °C;20.4;20.1;19.7;19.3;18.9
2024-04-13 13:56:14;29.1;33.6;38.0;44.9;60.2;77.8;24 °C;20.5;20.1;19.7;19.3;18.9
2024-04-13 14:06:18;29.1;33.5;38.0;44.9;60.2;77.8;24.3 °C;20.6;20.1;19.7;19.3;18.9
2024-04-13 14:16:15;29.1;33.6;38.0;44.9;60.1;77.8;24.4 °C;20.6;20.1;19.7;19.3;18.9
2024-04-13 14:26:20;29.2;33.6;38.0;44.9;60.2;77.8;24.7 °C;20.7;20.1;19.7;19.3;18.9
2024-04-13 14:36:17;29.3;33.6;38.0;44.9;60.1;77.8;24.9 °C;20.8;20.1;19.7;19.3;18.9
2024-04-13 14:46:17;29.2;33.6;38.0;44.9;60.2;77.8;25.1 °C;20.9;20.1;19.7;19.3;18.9
2024-04-13 14:56:16;29.4;33.6;38.0;44.9;60.1;77.8;25.3 °C;20.9;20.1;19.6;19.3;18.9
2024-04-13 15:06:13;29.6;33.6;38.0;44.9;60.1;77.8;25.4 °C;21;20.1;19.7;19.3;18.9
2024-04-13 15:16:16;31.3;33.7;38.0;44.9;60.1;77.8;25.6 °C;21.1;20.2;19.6;19.3;18.9
2024-04-13 15:26:18;31.2;33.6;38.0;44.9;60.1;77.8;25.8 °C;21.2;20.2;19.7;19.3;18.9
2024-04-13 15:36:19;31.1;33.7;38.0;44.9;60.1;77.8;25.9 °C;21.3;20.2;19.6;19.3;18.9
2024-04-13 15:46:20;31.3;33.6;38.0;44.9;60.1;77.8;26.1 °C;21.4;20.3;19.7;19.3;18.9
2024-04-13 15:56:13;31.2;33.7;38.0;44.9;60.1;77.8;26.2 °C;21.4;20.3;19.7;19.3;18.9
2024-04-13 16:06:17;31.3;33.7;38.0;44.9;60.1;77.8;26.3 °C;21.5;20.3;19.7;19.3;18.9
2024-04-13 16:16:19;31.3;33.7;38.0;44.9;60.1;77.8;26.4 °C;21.6;20.3;19.7;19.3;18.9
2024-04-13 16:26:13;31.2;33.7;38.0;44.9;60.1;77.8;26.5 °C;21.7;20.4;19.7;19.3;18.9
2024-04-13 16:36:16;31.2;33.8;38.0;44.9;60.2;77.8;26.6 °C;21.8;20.4;19.7;19.3;18.9
2024-04-13 16:46:13;31.3;33.7;38.0;44.9;60.1;77.8;26.6 °C;21.9;20.4;19.7;19.3;18.9
2024-04-13 16:56:16;31.3;33.8;38.0;44.9;60.1;77.8;26.6 °C;21.9;20.4;19.7;19.3;18.9
2024-04-13 17:06:16;31.3;33.8;38.1;44.9;60.2;77.8;26.6 °C;22;20.5;19.7;19.3;18.9
2024-04-13 17:16:18;31.3;33.9;38.1;44.9;60.1;77.8;26.6 °C;22.1;20.5;19.7;19.3;18.9
2024-04-13 17:26:13;31.3;33.8;38.1;44.9;60.1;77.8;26.6 °C;22.1;20.6;19.7;19.3;18.9
2024-04-13 17:36:17;31.3;33.9;38.1;44.8;60.1;77.8;26.6 °C;22.3;20.6;19.8;19.3;18.9
2024-04-13 17:46:15;31.3;33.8;38.1;44.8;60.1;77.8;26.6 °C;22.3;20.6;19.8;19.3;18.9
2024-04-13 17:56:12;31.3;33.8;38.1;44.8;60.2;77.8;26.5 °C;22.4;20.6;19.8;19.3;18.9
2024-04-13 18:06:14;31.3;33.8;38.1;44.9;60.2;77.8;26.4 °C;22.4;20.7;19.8;19.3;18.9
2024-04-13 18:16:14;31.2;33.8;38.1;44.9;60.2;77.8;26.4 °C;22.4;20.7;19.8;19.3;18.9
2024-04-13 18:26:18;31.3;33.8;38.1;44.9;60.2;77.8;26.3 °C;22.5;20.8;19.8;19.3;18.9
2024-04-13 18:36:18;31.3;33.8;38.1;44.9;60.2;77.8;26.3 °C;22.6;20.8;19.8;19.3;18.9
2024-04-13 18:46:18;31.3;33.8;38.1;44.9;60.2;77.8;26.1 °C;22.6;20.8;19.8;19.3;18.9
2024-04-13 18:56:18;31.3;33.9;38.1;44.9;60.2;77.8;26.1 °C;22.6;20.9;19.8;19.3;18.9
2024-04-13 19:06:16;31.3;33.9;38.1;44.9;60.2;77.8;25.9 °C;22.7;20.9;19.8;19.3;18.9
2024-04-13 19:16:14;31.3;33.9;38.1;44.9;60.2;77.8;25.8 °C;22.8;20.9;19.9;19.3;18.9
2024-04-13 19:26:17;31.4;33.9;38.1;44.9;60.2;77.8;25.8 °C;22.8;21;19.9;19.3;18.9
2024-04-13 19:36:17;31.4;33.9;38.1;44.9;60.2;77.8;25.6 °C;22.8;21;19.9;19.3;18.9
2024-04-13 19:46:15;31.4;33.9;38.2;44.9;60.2;77.8;25.5 °C;22.8;21.1;19.9;19.3;18.9
2024-04-13 19:56:17;30.2;33.9;38.2;44.9;60.2;77.8;25.4 °C;22.8;21.1;19.9;19.3;18.9
2024-04-13 20:06:19;30.2;33.9;38.2;44.9;60.2;77.8;25.3 °C;22.8;21.1;19.9;19.3;18.9
2024-04-13 20:16:12;30.2;33.9;38.2;44.9;60.2;77.8;25.1 °C;22.9;21.1;19.9;19.3;18.9
2024-04-13 20:26:16;30.6;33.9;38.2;44.9;60.2;77.8;25 °C;22.9;21.2;19.9;19.3;18.9
2024-04-13 20:36:13;30.3;33.9;38.2;44.9;60.2;77.8;24.9 °C;22.9;21.2;20;19.3;18.9
2024-04-13 20:46:17;30.3;34.0;38.2;44.9;60.2;77.8;24.7 °C;22.9;21.3;20;19.3;18.9
2024-04-13 20:56:15;30.3;33.9;38.2;44.9;60.2;77.8;24.6 °C;22.9;21.3;20;19.3;18.9
2024-04-13 21:06:16;30.3;33.9;38.2;44.9;60.2;77.9;24.5 °C;22.9;21.3;20.1;19.3;18.9
2024-04-13 21:16:16;30.3;33.9;38.2;44.9;60.2;77.9;24.4 °C;22.8;21.3;20.1;19.3;18.9
2024-04-13 21:26:13;29.4;33.9;38.2;45.0;60.2;77.9;24.3 °C;22.8;21.3;20.1;19.3;18.9
2024-04-13 21:36:12;28.9;33.9;38.2;45.0;60.2;77.9;24.1 °C;22.8;21.4;20.1;19.3;19
2024-04-13 21:46:18;29.0;33.9;38.2;44.9;60.2;77.8;24 °C;22.8;21.4;20.1;19.3;19
2024-04-13 21:56:18;29.0;33.9;38.2;45.0;60.2;77.8;23.9 °C;22.8;21.4;20.1;19.4;19
2024-04-13 22:06:18;29.0;34.0;38.2;45.0;60.2;77.8;23.8 °C;22.8;21.4;20.1;19.4;19
2024-04-13 22:16:18;29.0;33.9;38.2;44.9;60.2;77.9;23.6 °C;22.8;21.4;20.1;19.4;19
2024-04-13 22:26:14;28.9;33.9;38.2;45.0;60.2;77.9;23.6 °C;22.8;21.4;20.2;19.4;19
2024-04-13 22:36:14;28.9;33.9;38.2;45.0;60.2;77.9;23.4 °C;22.7;21.4;20.2;19.4;19
2024-04-13 22:46:14;29.0;33.9;38.2;45.0;60.2;77.9;23.3 °C;22.7;21.4;20.2;19.4;19
2024-04-13 22:56:15;29.0;33.9;38.2;45.0;60.2;77.9;23.2 °C;22.7;21.5;20.3;19.4;19
2024-04-13 23:06:17;28.9;33.9;38.2;44.9;60.2;77.9;23.1 °C;22.6;21.5;20.3;19.4;19
2024-04-13 23:16:15;29.1;33.9;38.2;44.9;60.2;77.9;23 °C;22.6;21.5;20.3;19.4;19
2024-04-13 23:26:16;29.1;33.9;38.2;44.9;60.2;77.9;22.9 °C;22.6;21.5;20.3;19.4;19
2024-04-13 23:36:14;29.2;33.9;38.3;44.9;60.3;77.9;22.8 °C;22.6;21.5;20.3;19.4;19
2024-04-13 23:46:15;29.4;33.9;38.3;44.9;60.3;77.9;22.7 °C;22.5;21.5;20.3;19.4;19
2024-04-13 23:56:17;29.3;33.9;38.3;44.9;60.3;77.9;22.6 °C;22.5;21.5;20.3;19.4;19
2024-04-14 00:06:17;29.3;33.9;38.3;44.9;60.2;77.9;22.5 °C;22.4;21.6;20.3;19.4;19
2024-04-14 00:16:15;29.2;33.9;38.3;44.9;60.3;77.9;22.4 °C;22.4;21.6;20.3;19.5;19
2024-04-14 00:26:16;29.2;33.9;38.3;44.9;60.3;77.9;22.3 °C;22.4;21.6;20.4;19.5;19
2024-04-14 00:36:19;29.2;33.9;38.3;44.9;60.3;77.9;22.3 °C;22.4;21.6;20.4;19.5;19.1
2024-04-14 00:46:15;29.2;33.8;38.3;44.9;60.3;77.9;22.1 °C;22.3;21.6;20.4;19.5;19.1
2024-04-14 00:56:16;29.1;33.9;38.3;44.9;60.3;77.9;22.1 °C;22.3;21.6;20.4;19.5;19.1
2024-04-14 01:06:18;29.2;33.9;38.3;44.9;60.3;77.9;22 °C;22.3;21.6;20.4;19.5;19.1
2024-04-14 01:16:15;29.2;33.8;38.3;44.9;60.3;77.9;21.9 °C;22.2;21.6;20.4;19.5;19.1
2024-04-14 01:26:16;29.2;33.8;38.3;44.9;60.3;77.9;21.8 °C;22.2;21.6;20.4;19.6;19.1
2024-04-14 01:36:19;29.2;33.8;38.2;44.9;60.3;77.9;21.7 °C;22.1;21.6;20.4;19.6;19.1
2024-04-14 01:46:13;29.0;33.8;38.3;44.9;60.3;77.9;21.6 °C;22.1;21.5;20.4;19.6;19.1
2024-04-14 01:56:13;29.2;33.9;38.2;45.0;60.3;77.9;21.6 °C;22.1;21.5;20.4;19.6;19.1
2024-04-14 02:06:16;29.2;33.9;38.3;44.9;60.3;77.9;21.5 °C;22;21.5;20.4;19.6;19.1
2024-04-14 02:16:18;29.1;33.8;38.3;45.0;60.3;77.9;21.4 °C;22;21.5;20.4;19.6;19.1
2024-04-14 02:26:18;29.1;33.8;38.3;45.0;60.3;77.9;21.3 °C;21.9;21.5;20.4;19.6;19.1
2024-04-14 02:36:18;29.2;33.8;38.3;45.0;60.3;77.9;21.3 °C;21.9;21.5;20.5;19.6;19.1
2024-04-14 02:46:14;29.2;33.8;38.3;45.0;60.3;77.9;21.2 °C;21.9;21.5;20.5;19.6;19.1
2024-04-14 02:56:14;29.2;33.8;38.2;45.0;60.3;77.9;21.1 °C;21.8;21.5;20.5;19.6;19.1
2024-04-14 03:06:14;29.0;33.9;38.3;45.0;60.3;77.9;21 °C;21.8;21.5;20.5;19.6;19.1
2024-04-14 03:16:14;29.0;33.8;38.2;45.0;60.3;77.9;20.9 °C;21.8;21.4;20.5;19.6;19.1
2024-04-14 03:26:18;29.1;33.8;38.2;45.0;60.3;77.9;20.9 °C;21.7;21.4;20.5;19.6;19.1
2024-04-14 03:36:18;29.1;33.8;38.2;45.0;60.3;77.9;20.8 °C;21.7;21.4;20.5;19.6;19.1
2024-04-14 03:46:18;29.1;33.8;38.2;45.0;60.3;77.9;20.8 °C;21.6;21.4;20.5;19.6;19.1
2024-04-14 03:56:19;29.1;33.8;38.2;45.0;60.3;77.9;20.7 °C;21.6;21.4;20.5;19.7;19.1
2024-04-14 04:06:13;29.1;33.8;38.2;45.0;60.3;77.9;20.6 °C;21.6;21.4;20.5;19.7;19.1
2024-04-14 04:16:17;29.0;33.8;38.2;45.0;60.3;77.9;20.6 °C;21.5;21.4;20.5;19.7;19.1
2024-04-14 04:26:16;29.1;33.8;38.2;45.0;60.4;77.9;20.5 °C;21.5;21.4;20.5;19.7;19.1
2024-04-14 04:36:19;29.0;33.8;38.2;45.0;60.3;78.0;20.4 °C;21.4;21.4;20.5;19.7;19.2
2024-04-14 04:46:16;28.9;33.8;38.2;45.0;60.3;77.9;20.4 °C;21.4;21.4;20.5;19.7;19.2
2024-04-14 04:56:18;28.9;33.7;38.2;45.0;60.3;78.0;20.3 °C;21.4;21.4;20.5;19.7;19.2
2024-04-14 05:06:14;28.8;33.7;38.2;45.0;60.3;78.0;20.3 °C;21.3;21.3;20.5;19.7;19.2
2024-04-14 05:16:12;28.9;33.7;38.2;45.0;60.3;78.0;20.2 °C;21.3;21.3;20.5;19.7;19.2
2024-04-14 05:26:19;28.8;33.8;38.2;45.0;60.4;78.0;20.1 °C;21.3;21.3;20.5;19.7;19.2
2024-04-14 05:36:12;29.0;33.8;38.2;45.0;60.3;78.0;20.1 °C;21.3;21.3;20.5;19.8;19.2
2024-04-14 05:46:12;29.0;33.7;38.2;45.0;60.3;78.0;20 °C;21.2;21.3;20.5;19.8;19.2
2024-04-14 05:56:15;28.9;33.7;38.2;45.0;60.3;78.0;19.9 °C;21.1;21.3;20.5;19.8;19.2
2024-04-14 06:06:11;29.0;33.7;38.2;45.0;60.3;78.0;19.9 °C;21.1;21.3;20.5;19.8;19.2
2024-04-14 06:16:14;28.9;33.7;38.2;45.0;60.4;78.0;19.8 °C;21.1;21.3;20.5;19.8;19.2
2024-04-14 06:26:19;28.9;33.8;38.2;45.0;60.3;78.0;19.8 °C;21.1;21.2;20.5;19.8;19.2
2024-04-14 06:36:15;28.9;33.7;38.2;45.0;60.3;78.0;19.7 °C;21;21.2;20.5;19.8;19.3
2024-04-14 06:46:14;28.9;33.7;38.2;45.0;60.3;78.0;19.6 °C;20.9;21.2;20.5;19.8;19.3
2024-04-14 06:56:19;28.9;33.8;38.2;45.0;60.4;78.0;19.6 °C;20.9;21.1;20.5;19.8;19.3
2024-04-14 07:06:11;28.9;33.7;38.2;45.0;60.3;78.0;19.6 °C;20.9;21.1;20.5;19.8;19.3
2024-04-14 07:16:18;28.9;33.7;38.2;45.0;60.3;78.0;19.5 °C;20.9;21.1;20.5;19.8;19.3
2024-04-14 07:26:19;28.9;33.7;38.2;45.0;60.3;78.0;19.4 °C;20.8;21.1;20.5;19.8;19.3
2024-04-14 07:36:12;28.9;33.7;38.3;45.0;60.4;78.0;19.4 °C;20.8;21.1;20.5;19.8;19.3
2024-04-14 07:46:12;28.8;33.7;38.2;45.0;60.4;78.0;19.4 °C;20.8;21.1;20.5;19.8;19.3
2024-04-14 07:56:19;28.8;33.7;38.2;45.0;60.4;78.0;19.3 °C;20.7;21.1;20.5;19.8;19.3
2024-04-14 08:06:12;29.0;33.7;38.2;45.0;60.3;78.0;19.3 °C;20.7;21;20.4;19.8;19.3
2024-04-14 08:16:12;29.2;33.8;38.2;45.0;60.3;78.0;19.3 °C;20.6;21;20.4;19.8;19.3
2024-04-14 08:26:15;28.9;33.8;38.2;45.0;60.4;78.0;19.3 °C;20.6;21;20.4;19.8;19.3
2024-04-14 08:36:11;28.9;33.7;38.2;45.0;60.3;78.0;19.4 °C;20.6;20.9;20.4;19.8;19.3
2024-04-14 08:46:14;28.9;33.7;38.2;45.0;60.3;78.0;19.4 °C;20.6;20.9;20.4;19.8;19.3
2024-04-14 08:56:19;29.0;33.7;38.2;45.0;60.4;78.0;19.4 °C;20.5;20.9;20.4;19.8;19.3
2024-04-14 09:06:17;28.9;33.7;38.2;45.0;60.3;78.0;19.5 °C;20.5;20.9;20.4;19.8;19.3
2024-04-14 09:16:12;28.9;33.7;38.2;45.0;60.3;78.0;19.6 °C;20.4;20.9;20.4;19.8;19.3
2024-04-14 09:26:13;28.9;33.7;38.2;45.0;60.3;78.0;19.7 °C;20.4;20.9;20.4;19.8;19.3
2024-04-14 09:36:13;29.0;33.8;38.2;45.0;60.3;78.0;19.8 °C;20.4;20.9;20.4;19.8;19.3
2024-04-14 09:46:14;28.9;33.7;38.2;45;60.3;78.0;19.9 °C;20.4;20.8;20.4;19.8;19.3
2024-04-14 09:56:19;28.9;33.7;38.2;45;60.3;78.0;20.1 °C;20.4;20.8;20.4;19.8;19.3
2024-04-14 10:06:16;29.0;33.7;38.2;45;60.4;78.0;20.3 °C;20.4;20.8;20.4;19.8;19.3
2024-04-14 10:16:12;29.0;33.7;38.1;45;60.3;78.0;20.4 °C;20.4;20.8;20.4;19.8;19.3
2024-04-14 10:26:15;29.0;33.7;38.1;45;60.3;78.0;20.6 °C;20.4;20.8;20.4;19.8;19.3
2024-04-14 10:36:12;29.0;33.7;38.1;45;60.3;78.0;20.8 °C;20.4;20.8;20.4;19.8;19.3
2024-04-14 10:46:16;29.0;33.7;38.2;45;60.3;78.0;21 °C;20.4;20.7;20.4;19.8;19.3
2024-04-14 10:56:15;29;33.7;38.1;45.0;60.3;78.0;21.2 °C;20.4;20.7;20.3;19.8;19.3
2024-04-14 11:06:15;29.1;33.7;38.2;45.0;60.3;78.0;21.4 °C;20.4;20.7;20.3;19.8;19.3
2024-04-14 11:16:13;29.1;33.7;38.2;45.0;60.3;78.0;21.6 °C;20.4;20.7;20.3;19.8;19.3
2024-04-14 11:26:14;29.3;33.7;38.1;45.0;60.3;78.0;21.9 °C;20.4;20.7;20.3;19.8;19.3
2024-04-14 11:36:18;29.1;33.7;38.1;45.0;60.3;78.0;22.1 °C;20.4;20.6;20.3;19.8;19.3
2024-04-14 11:46:12;29.1;33.7;38.1;45.0;60.3;78.0;22.3 °C;20.4;20.6;20.3;19.8;19.3
2024-04-14 11:56:14;29.2;33.7;38.2;44.9;60.3;78.0;22.6 °C;20.5;20.6;20.3;19.8;19.3
2024-04-14 12:06:15;29.2;33.7;38.1;45.0;60.3;78.0;22.8 °C;20.6;20.6;20.3;19.8;19.3
2024-04-14 12:16:18;29.2;33.7;38.1;45.0;60.3;78.0;22.9 °C;20.6;20.6;20.3;19.8;19.3
2024-04-14 12:26:17;29.3;33.7;38.2;45.0;60.3;78.0;23.1 °C;20.6;20.6;20.3;19.8;19.3
2024-04-14 12:36:17;29.2;33.8;38.1;45.0;60.3;78.0;23.3 °C;20.7;20.6;20.3;19.8;19.3
2024-04-14 12:46:14;29.2;33.7;38.1;45.0;60.3;78.0;23.4 °C;20.7;20.6;20.3;19.8;19.3
2024-04-14 12:56:14;29.2;33.7;38.1;45.0;60.3;78.0;23.6 °C;20.8;20.6;20.3;19.8;19.3
2024-04-14 13:06:12;29.3;33.8;38.1;45.0;60.3;78.0;23.8 °C;20.8;20.6;20.3;19.8;19.3
2024-04-14 13:16:18;29.3;33.8;38.1;45.0;60.3;78.0;23.9 °C;20.9;20.6;20.3;19.8;19.3
2024-04-14 13:26:16;29.3;33.8;38.1;45.0;60.3;78.0;24.2 °C;20.9;20.6;20.2;19.8;19.3
2024-04-14 13:36:15;29.4;33.9;38.1;45.0;60.3;78.0;24.4 °C;21;20.6;20.2;19.8;19.3
2024-04-14 13:46:16;29.9;33.8;38.1;45.0;60.3;78.0;24.6 °C;21.1;20.6;20.2;19.8;19.3
2024-04-14 13:56:17;29.7;33.8;38.2;45.0;60.3;77.9;24.9 °C;21.1;20.6;20.2;19.8;19.4
2024-04-14 14:06:17;29.8;33.9;38.2;45.0;60.3;78.0;25.1 °C;21.2;20.6;20.2;19.8;19.4
2024-04-14 14:16:12;30.3;33.9;38.2;45.0;60.3;77.9;25.4 °C;21.3;20.6;20.2;19.8;19.4
2024-04-14 14:26:16;30.2;33.9;38.2;45.0;60.3;78.0;25.6 °C;21.3;20.6;20.2;19.8;19.4
2024-04-14 14:36:18;29.8;34.0;38.2;45.0;60.3;77.9;25.8 °C;21.4;20.7;20.2;19.8;19.4
2024-04-14 14:46:11;29.8;34.0;38.2;45.0;60.3;78.0;26 °C;21.5;20.7;20.2;19.8;19.4
2024-04-14 14:56:13;30.4;34.0;38.2;45.0;60.3;77.9;26.3 °C;21.6;20.7;20.2;19.8;19.4
2024-04-14 15:06:14;30.4;33.9;38.2;45.0;60.3;77.9;26.4 °C;21.7;20.8;20.2;19.8;19.4
2024-04-14 15:16:14;30.3;34.0;38.1;45.0;60.3;77.9;26.6 °C;21.8;20.8;20.2;19.8;19.4
2024-04-14 15:26:15;30.5;34.0;38.2;45.0;60.3;77.9;26.8 °C;21.9;20.8;20.2;19.7;19.4
2024-04-14 15:36:13;30.4;34.0;38.2;45.0;60.3;77.9;26.9 °C;21.9;20.8;20.2;19.7;19.4
2024-04-14 15:46:18;30.5;34.0;38.2;45.0;60.3;77.9;27.1 °C;22;20.8;20.2;19.7;19.4
2024-04-14 15:56:19;30.4;34.0;38.2;44.9;60.3;77.9;27.2 °C;22.1;20.8;20.2;19.7;19.4
2024-04-14 16:06:12;30.4;34.0;38.2;45.0;60.3;77.9;27.3 °C;22.2;20.9;20.2;19.7;19.4
2024-04-14 16:16:11;30.6;34.1;38.2;45.0;60.3;77.9;27.4 °C;22.3;20.9;20.2;19.7;19.4
2024-04-14 16:26:17;30.1;34.1;38.2;45.0;60.3;78.0;27.6 °C;22.4;20.9;20.2;19.7;19.4
2024-04-14 16:36:13;30.1;34.0;38.2;45.0;60.3;77.9;27.6 °C;22.5;20.9;20.2;19.7;19.4
2024-04-14 16:46:17;30.0;34.1;38.2;45.0;60.3;77.9;27.7 °C;22.6;21;20.2;19.7;19.4
2024-04-14 16:56:18;30.1;34.1;38.2;45.0;60.3;77.9;27.8 °C;22.6;21;20.2;19.7;19.4
2024-04-14 17:06:14;30.2;34.1;38.2;45.0;60.3;77.9;27.8 °C;22.8;21.1;20.3;19.7;19.4
2024-04-14 17:16:15;30.1;34.2;38.2;45.0;60.3;77.9;27.8 °C;22.8;21.1;20.3;19.7;19.4
2024-04-14 17:26:18;30.2;34.1;38.2;45.0;60.3;77.9;27.9 °C;22.9;21.1;20.3;19.7;19.4
2024-04-14 17:36:14;30.1;34.1;38.2;45.0;60.3;78.0;27.9 °C;22.9;21.2;20.3;19.7;19.4
2024-04-14 17:46:15;30.0;34.2;38.3;45.0;60.3;77.9;27.8 °C;23.1;21.2;20.3;19.7;19.4
2024-04-14 17:56:17;30.0;34.2;38.3;45.0;60.3;78.0;27.8 °C;23.1;21.3;20.3;19.7;19.4
2024-04-14 18:06:14;30.1;34.2;38.2;45.0;60.3;78.0;27.8 °C;23.2;21.3;20.3;19.7;19.4
2024-04-14 18:16:18;30.2;34.2;38.3;44.9;60.3;78.0;27.7 °C;23.3;21.3;20.3;19.7;19.4
2024-04-14 18:26:12;30.2;34.2;38.3;44.9;60.3;77.9;27.6 °C;23.3;21.4;20.3;19.7;19.4
2024-04-14 18:36:18;30.3;34.3;38.3;45.0;60.3;77.9;27.5 °C;23.4;21.4;20.3;19.7;19.4
2024-04-14 18:46:15;30.5;34.3;38.3;45.0;60.3;78.0;27.4 °C;23.4;21.4;20.3;19.7;19.4
2024-04-14 18:56:17;30.5;34.3;38.3;45.0;60.3;78.0;27.3 °C;23.4;21.5;20.4;19.8;19.4
2024-04-14 19:06:17;30.5;34.3;38.3;45.0;60.3;78.0;27.2 °C;23.5;21.5;20.4;19.8;19.4
2024-04-14 19:16:13;30.5;34.2;38.3;45.0;60.3;78.0;27.1 °C;23.6;21.6;20.4;19.8;19.4
2024-04-14 19:26:13;30.5;34.3;38.4;45;60.3;78.0;26.9 °C;23.6;21.6;20.4;19.8;19.4
2024-04-14 19:36:13;30.4;34.3;38.4;45.0;60.3;78.0;26.8 °C;23.6;21.6;20.4;19.8;19.4
2024-04-14 19:46:13;30.3;34.3;38.3;45.0;60.3;78.0;26.6 °C;23.6;21.7;20.4;19.8;19.4
2024-04-14 19:56:17;29.9;34.3;38.3;45.0;60.3;78.0;26.5 °C;23.6;21.7;20.4;19.8;19.4
2024-04-14 20:06:17;29.9;34.3;38.3;45.0;60.3;78.0;26.4 °C;23.7;21.8;20.4;19.8;19.4
2024-04-14 20:16:19;29.8;34.3;38.3;45.0;60.3;78.0;26.2 °C;23.7;21.8;20.5;19.8;19.4
2024-04-14 20:26:16;29.8;34.3;38.3;45.0;60.3;78.0;26.1 °C;23.7;21.8;20.5;19.8;19.4
2024-04-14 20:36:16;29.7;34.3;38.3;45.0;60.3;78.0;25.9 °C;23.7;21.9;20.5;19.8;19.4
2024-04-14 20:46:18;29.2;34.3;38.3;45.0;60.4;78.0;25.8 °C;23.7;21.9;20.6;19.8;19.4
2024-04-14 20:56:12;29.4;34.3;38.3;45.0;60.4;78.0;25.6 °C;23.7;21.9;20.6;19.8;19.4
2024-04-14 21:06:18;29.4;34.3;38.3;45.0;60.3;78.0;25.4 °C;23.7;21.9;20.6;19.8;19.4
2024-04-14 21:16:11;29.2;34.3;38.3;45.0;60.3;78.0;25.3 °C;23.7;21.9;20.6;19.8;19.4
2024-04-14 21:26:18;29.3;34.3;38.4;45.0;60.3;78.0;25.2 °C;23.7;22;20.6;19.8;19.4
2024-04-14 21:36:18;29.4;34.3;38.4;45.0;60.4;78.0;25 °C;23.7;22;20.6;19.8;19.4
2024-04-14 21:46:11;29.4;34.3;38.3;45.1;60.4;78.0;24.9 °C;23.6;22.1;20.6;19.8;19.4
2024-04-14 21:56:15;29.4;34.3;38.4;45.1;60.4;78.0;24.8 °C;23.6;22.1;20.7;19.8;19.4
2024-04-14 22:06:12;29.4;34.3;38.4;45.1;60.4;78.0;24.6 °C;23.6;22.1;20.7;19.8;19.4
2024-04-14 22:16:15;29.4;34.3;38.3;45.1;60.4;78.0;24.5 °C;23.6;22.1;20.7;19.9;19.4
2024-04-14 22:26:13;29.4;34.3;38.3;45.1;60.4;78.0;24.4 °C;23.6;22.1;20.8;19.9;19.4
2024-04-14 22:36:17;29.3;34.3;38.3;45.1;60.4;78.0;24.3 °C;23.5;22.1;20.8;19.9;19.4
2024-04-14 22:46:18;29.3;34.3;38.4;45.1;60.4;78.0;24.1 °C;23.5;22.1;20.8;19.9;19.4
2024-04-14 22:56:11;29.2;34.3;38.4;45.1;60.4;78.0;24 °C;23.4;22.2;20.8;19.9;19.4
2024-04-14 23:06:15;29.2;34.3;38.4;45.1;60.4;78;23.9 °C;23.4;22.2;20.8;19.9;19.4
2024-04-14 23:16:12;29.2;34.3;38.4;45.1;60.4;78.0;23.8 °C;23.4;22.2;20.8;19.9;19.4
2024-04-14 23:26:15;29.4;34.3;38.4;45.1;60.4;78.0;23.7 °C;23.4;22.2;20.8;19.9;19.4
2024-04-14 23:36:13;29.3;34.3;38.4;45.1;60.4;78.0;23.6 °C;23.3;22.2;20.8;19.9;19.4
2024-04-14 23:46:17;29.2;34.2;38.4;45.1;60.4;78.0;23.4 °C;23.3;22.2;20.9;19.9;19.4
2024-04-14 23:56:17;29.5;34.4;38.4;45.1;60.4;78.0;23.4 °C;23.3;22.2;20.9;19.9;19.4
2024-04-15 00:06:13;29.2;34.3;38.4;45.1;60.4;78.0;23.3 °C;23.2;22.2;20.9;19.9;19.4
2024-04-15 00:16:17;29.1;34.3;38.4;45.1;60.4;78.0;23.1 °C;23.2;22.2;20.9;19.9;19.4
2024-04-15 00:26:14;29.1;34.3;38.4;45.1;60.4;78.0;23.1 °C;23.1;22.2;20.9;19.9;19.4
2024-04-15 00:36:11;29.1;34.2;38.4;45.1;60.4;78.0;22.9 °C;23.1;22.2;20.9;20;19.4
2024-04-15 00:46:13;29.1;34.1;38.4;45.1;60.4;78.1;22.8 °C;23.1;22.2;20.9;20;19.4
2024-04-15 00:56:13;29.0;34.1;38.4;45.1;60.4;78.0;22.8 °C;23;22.2;20.9;20;19.4
2024-04-15 01:06:17;29.2;34.1;38.4;45.1;60.5;78.1;22.7 °C;23;22.2;20.9;20;19.4
2024-04-15 01:16:17;29.1;34.0;38.4;45.2;60.4;78.1;22.6 °C;22.9;22.2;21;20;19.4
2024-04-15 01:26:17;29.1;34.0;38.4;45.2;60.4;78.1;22.5 °C;22.9;22.2;21;20;19.5
2024-04-15 01:36:18;29.1;34;38.4;45.1;60.4;78.1;22.4 °C;22.9;22.2;21;20.1;19.5
2024-04-15 01:46:11;29.1;34.0;38.4;45.2;60.5;78.1;22.3 °C;22.8;22.2;21;20.1;19.5
2024-04-15 01:56:17;29.1;34;38.4;45.2;60.5;78.1;22.3 °C;22.8;22.2;21;20.1;19.5
2024-04-15 02:06:13;29.1;34.0;38.4;45.2;60.5;78.1;22.1 °C;22.8;22.2;21;20.1;19.5
2024-04-15 02:16:13;29.1;34.0;38.4;45.2;60.5;78.1;22.1 °C;22.7;22.2;21.1;20.1;19.5
2024-04-15 02:26:18;29.0;34.0;38.4;45.2;60.5;78.1;21.9 °C;22.6;22.2;21.1;20.1;19.5
2024-04-15 02:36:11;29.0;34.3;38.4;45.2;60.5;78.1;21.9 °C;22.6;22.2;21.1;20.1;19.5
2024-04-15 02:46:13;29.0;34.4;38.5;45.2;60.5;78.1;21.8 °C;22.6;22.1;21.1;20.1;19.5
2024-04-15 02:56:15;29.2;34.2;38.4;45.2;60.5;78.1;21.8 °C;22.5;22.1;21.1;20.1;19.5
2024-04-15 03:06:18;29.2;34.2;38.4;45.2;60.5;78.1;21.6 °C;22.5;22.1;21.1;20.1;19.6
2024-04-15 03:16:16;29.2;34.2;38.4;45.2;60.5;78.1;21.6 °C;22.4;22.1;21.1;20.1;19.6
2024-04-15 03:26:11;29.3;34.2;38.4;45.2;60.5;78.1;21.5 °C;22.4;22.1;21.1;20.1;19.6
2024-04-15 03:36:18;29.2;34.2;38.4;45.2;60.5;78.1;21.4 °C;22.4;22.1;21.1;20.1;19.6
2024-04-15 03:46:11;29.3;34.3;38.4;45.2;60.5;78.1;21.3 °C;22.3;22.1;21.1;20.1;19.6
2024-04-15 03:56:17;29.3;34.4;38.4;45.2;60.5;78.1;21.3 °C;22.3;22.1;21.1;20.1;19.6
2024-04-15 04:06:17;29.2;34.4;38.4;45.2;60.5;78.1;21.2 °C;22.3;22.1;21.1;20.1;19.6
2024-04-15 04:16:11;29.3;34.4;38.4;45.2;60.5;78.1;21.1 °C;22.2;22.1;21.1;20.2;19.6
2024-04-15 04:26:14;29.3;34.1;38.5;45.1;60.5;78.1;21.1 °C;22.1;22;21.1;20.2;19.6
2024-04-15 04:36:12;29.3;34.1;38.4;45.2;60.5;78.1;21 °C;22.1;22;21.1;20.2;19.6
2024-04-15 04:46:16;29.2;34.1;38.4;45.1;60.5;78.1;20.9 °C;22.1;22;21.1;20.2;19.6
2024-04-15 04:56:12;29.3;34.3;38.4;45.2;60.5;78.1;20.9 °C;22;22;21.1;20.2;19.6
2024-04-15 05:06:12;29.3;34.1;38.4;45.2;60.5;78.1;20.8 °C;22;21.9;21.1;20.2;19.6
2024-04-15 05:16:11;29.3;34.1;38.4;45.2;60.5;78.1;20.8 °C;21.9;21.9;21.1;20.2;19.6
2024-04-15 05:26:15;29.4;34.1;38.4;45.2;60.5;78.1;20.7 °C;21.9;21.9;21.1;20.2;19.6
2024-04-15 05:36:14;29.6;34.1;38.4;45.2;60.5;78.1;20.6 °C;21.9;21.9;21.1;20.2;19.6
2024-04-15 05:46:15;29.7;34.2;38.4;45.2;60.5;78.1;20.6 °C;21.8;21.9;21.1;20.3;19.6
2024-04-15 05:56:14;29.7;34.3;38.4;45.2;60.6;78.1;20.5 °C;21.8;21.9;21.1;20.3;19.6
2024-04-15 06:06:12;29.6;34.2;38.4;45.2;60.5;78.1;20.4 °C;21.8;21.9;21.1;20.3;19.6
2024-04-15 06:16:12;29.7;34.1;38.4;45.2;60.5;78.1;20.4 °C;21.7;21.8;21.1;20.3;19.6
2024-04-15 06:26:16;30.1;34.1;38.4;45.2;60.6;78.1;20.3 °C;21.7;21.8;21.1;20.3;19.6
2024-04-15 06:36:12;29.9;34.1;38.4;45.2;60.5;78.1;20.3 °C;21.6;21.8;21.1;20.3;19.6
2024-04-15 06:46:12;30.0;34.1;38.4;45.2;60.5;78.1;20.3 °C;21.6;21.8;21.1;20.3;19.6
2024-04-15 06:56:12;29.9;34.1;38.4;45.2;60.6;78.1;20.2 °C;21.6;21.8;21.1;20.3;19.6
2024-04-15 07:06:15;30.0;34.1;38.4;45.2;60.5;78.1;20.1 °C;21.5;21.8;21.1;20.3;19.7
2024-04-15 07:16:13;30.0;34.1;38.4;45.2;60.6;78.1;20.1 °C;21.5;21.8;21.1;20.3;19.7
2024-04-15 07:26:17;30.2;34.1;38.4;45.2;60.5;78.1;20.1 °C;21.4;21.7;21.1;20.3;19.7
2024-04-15 07:36:18;30.2;34.1;38.4;45.2;60.6;78.1;20.1 °C;21.4;21.7;21.1;20.3;19.7
2024-04-15 07:46:10;30.1;34.1;38.4;45.1;60.6;78.1;20.1 °C;21.4;21.7;21.1;20.3;19.7
2024-04-15 07:56:13;30.0;34.1;38.4;45.1;60.6;78.1;20 °C;21.3;21.6;21.1;20.3;19.7
2024-04-15 08:06:14;30.0;34.4;38.4;45.1;60.6;78.2;20 °C;21.3;21.6;21;20.3;19.7
2024-04-15 08:16:12;29.8;34.4;38.4;45.1;60.5;78.1;20 °C;21.3;21.6;21;20.3;19.7
2024-04-15 08:26:12;29.7;34.4;38.4;45.1;60.6;78.2;20 °C;21.3;21.6;21;20.3;19.7
2024-04-15 08:36:12;29.5;34.4;38.4;45.1;60.6;78.2;20.1 °C;21.2;21.6;21;20.3;19.7
2024-04-15 08:46:10;29.7;34.3;38.4;45.1;60.6;78.2;20.1 °C;21.2;21.6;21;20.3;19.7
2024-04-15 08:56:12;29.9;34.3;38.4;45.1;60.5;78.1;20.1 °C;21.1;21.5;21;20.3;19.7
2024-04-15 09:06:17;29.5;34.3;38.4;45.1;60.5;78.1;20.2 °C;21.1;21.5;21;20.3;19.7
2024-04-15 09:16:18;29.7;34.4;38.4;45.1;60.6;78.2;20.3 °C;21.1;21.5;21;20.3;19.7
2024-04-15 09:26:15;29.6;34.3;38.4;45.1;60.5;78.1;20.4 °C;21.1;21.4;20.9;20.3;19.8
2024-04-15 09:36:12;29.5;34.3;38.4;45.1;60.5;78.1;20.5 °C;21;21.4;20.9;20.3;19.8
2024-04-15 09:46:12;29.3;34.6;38.4;45.1;60.5;78.1;20.6 °C;21;21.4;20.9;20.3;19.8
2024-04-15 09:56:13;29.3;35.4;38.4;45.1;60.6;78.1;20.8 °C;21;21.4;20.9;20.3;19.8
2024-04-15 10:06:14;29.4;34.5;38.4;45.1;60.5;78.1;20.9 °C;21;21.4;20.9;20.3;19.8
2024-04-15 10:16:16;29.3;34.5;38.3;45.1;60.5;78.1;21.1 °C;21;21.4;20.9;20.3;19.8
2024-04-15 10:26:12;29.3;34.5;38.3;45.1;60.5;78.1;21.2 °C;20.9;21.4;20.9;20.3;19.8
2024-04-15 10:36:12;29.5;34.5;38.3;45.1;60.5;78.1;21.3 °C;20.9;21.3;20.9;20.3;19.8
2024-04-15 10:46:11;29.4;34.5;38.4;45.1;60.5;78.1;21.4 °C;21;21.3;20.9;20.3;19.8
2024-04-15 10:56:15;29.3;34.5;38.4;45.1;60.5;78.1;21.6 °C;21;21.3;20.9;20.3;19.8
2024-04-15 11:06:14;29.3;34.5;38.4;45.1;60.5;78.1;21.8 °C;21;21.3;20.9;20.3;19.8
2024-04-15 11:16:16;29.4;34.5;38.4;45.1;60.5;78.1;21.9 °C;21;21.3;20.9;20.3;19.8
2024-04-15 11:26:12;29.4;34.5;38.3;45.1;60.5;78.1;22.1 °C;21;21.3;20.9;20.3;19.8
2024-04-15 11:36:14;29.5;34.5;38.3;45.1;60.5;78.1;22.3 °C;21;21.3;20.9;20.3;19.8
2024-04-15 11:46:12;29.6;34.4;38.3;45.1;60.5;78.1;22.6 °C;21.1;21.3;20.8;20.3;19.8
2024-04-15 11:56:13;31.6;34.2;38.3;45.1;60.5;78.1;22.8 °C;21.1;21.2;20.8;20.3;19.8
2024-04-15 12:06:18;30.8;34.1;38.3;45.1;60.5;78.1;22.9 °C;21.1;21.2;20.8;20.3;19.8
2024-04-15 12:16:12;30.5;34.1;38.3;45.1;60.5;78.1;23.1 °C;21.1;21.2;20.8;20.3;19.8
2024-04-15 12:26:11;30.5;34.1;38.3;45.1;60.5;78.1;23.3 °C;21.2;21.2;20.8;20.3;19.8
2024-04-15 12:36:10;30.5;34.1;38.3;45.1;60.5;78.1;23.4 °C;21.2;21.2;20.8;20.3;19.8
2024-04-15 12:46:16;30.6;34.2;38.3;45.1;60.5;78.1;23.6 °C;21.3;21.2;20.8;20.3;19.8
2024-04-15 12:56:17;30.5;34.2;38.3;45.1;60.5;78.1;23.8 °C;21.3;21.2;20.8;20.3;19.8
2024-04-15 13:06:18;30.4;34.2;38.3;45.1;60.5;78.1;23.9 °C;21.4;21.2;20.8;20.3;19.8
2024-04-15 13:16:16;30.6;34.2;38.3;45.1;60.5;78.1;24 °C;21.4;21.2;20.8;20.3;19.8
2024-04-15 13:26:15;31.1;34.2;38.3;45.1;60.5;78.1;24.2 °C;21.4;21.2;20.8;20.3;19.8
2024-04-15 13:36:15;30.9;34.2;38.3;45.1;60.5;78.1;24.4 °C;21.5;21.2;20.8;20.3;19.8
2024-04-15 13:46:17;31.0;34.2;38.3;45.1;60.5;78.1;24.6 °C;21.6;21.2;20.8;20.3;19.8
2024-04-15 13:56:11;30.7;34.3;38.3;45.1;60.5;78.1;24.8 °C;21.6;21.2;20.8;20.3;19.8
2024-04-15 14:06:18;30.6;34.9;38.3;45.1;60.5;78.1;24.9 °C;21.7;21.2;20.8;20.3;19.8
2024-04-15 14:16:11;30.9;34.3;38.3;45.1;60.5;78.1;25.1 °C;21.8;21.2;20.8;20.3;19.8
2024-04-15 14:26:14;30.8;34.3;38.3;45.1;60.5;78.1;25.1 °C;21.8;21.2;20.8;20.3;19.8
2024-04-15 14:36:13;30.8;34.2;38.3;45.1;60.5;78.1;25.2 °C;21.9;21.2;20.7;20.2;19.8
2024-04-15 14:46:14;30.9;34.3;38.3;45.1;60.5;78.1;25.3 °C;21.9;21.3;20.7;20.2;19.8
2024-04-15 14:56:15;31.3;34.3;38.3;45.1;60.5;78.1;25.3 °C;22;21.3;20.7;20.2;19.8
2024-04-15 15:06:14;31.4;34.3;38.3;45.1;60.5;78.1;25.4 °C;22.1;21.3;20.7;20.2;19.8
2024-04-15 15:16:12;31.6;34.3;38.3;45.1;60.5;78.1;25.4 °C;22.1;21.3;20.7;20.2;19.8
2024-04-15 15:26:16;31.1;34.3;38.3;45.1;60.5;78.1;25.4 °C;22.2;21.3;20.7;20.2;19.8
2024-04-15 15:36:13;30.9;34.4;38.3;45.1;60.5;78.1;25.4 °C;22.2;21.3;20.7;20.2;19.8
2024-04-15 15:46:13;30.8;34.4;38.3;45.1;60.5;78.1;25.4 °C;22.3;21.3;20.7;20.2;19.8
2024-04-15 15:56:15;30.8;34.4;38.3;45.1;60.5;78.1;25.4 °C;22.3;21.4;20.7;20.2;19.8
2024-04-15 16:06:18;30.8;34.4;38.3;45.1;60.5;78.1;25.4 °C;22.4;21.4;20.7;20.2;19.8
2024-04-15 16:16:15;30.8;34.4;38.3;45.1;60.5;78.1;25.4 °C;22.4;21.4;20.7;20.2;19.8
2024-04-15 16:26:10;30.8;34.4;38.3;45.1;60.5;78.1;25.4 °C;22.5;21.4;20.7;20.2;19.8
2024-04-15 16:36:18;30.8;34.4;38.3;45.1;60.5;78.1;25.4 °C;22.5;21.4;20.7;20.2;19.8
2024-04-15 16:46:12;30.8;34.4;38.3;45.1;60.5;78.1;25.4 °C;22.6;21.4;20.7;20.2;19.8
2024-04-15 16:56:15;30.8;34.4;38.3;45.0;60.5;78.1;25.4 °C;22.6;21.5;20.8;20.2;19.8
2024-04-15 17:06:10;30.8;34.4;38.3;45.1;60.5;78.1;25.4 °C;22.6;21.5;20.8;20.2;19.8
2024-04-15 17:16:16;30.9;34.3;38.3;45.1;60.5;78.1;25.4 °C;22.7;21.5;20.8;20.2;19.8
2024-04-15 17:26:16;30.7;34.4;38.4;45.1;60.5;78.1;25.4 °C;22.7;21.6;20.8;20.2;19.8
2024-04-15 17:36:13;30.6;34.5;38.4;45.1;60.5;78.1;25.3 °C;22.8;21.6;20.8;20.2;19.8
2024-04-15 17:46:15;30.8;34.3;38.4;45.1;60.5;78.1;25.3 °C;22.8;21.6;20.8;20.2;19.8
2024-04-15 17:56:16;30.9;34.3;38.4;45.1;60.5;78.1;25.3 °C;22.8;21.6;20.8;20.2;19.8
2024-04-15 18:06:16;30.8;34.3;38.4;45.1;60.5;78.1;25.3 °C;22.8;21.6;20.8;20.2;19.8
2024-04-15 18:16:11;30.8;34.4;38.4;45.1;60.5;78.1;25.2 °C;22.8;21.6;20.8;20.2;19.8
2024-04-15 18:26:14;30.7;34.4;38.4;45.1;60.5;78.1;25.2 °C;22.9;21.7;20.8;20.2;19.8
2024-04-15 18:36:17;30.6;34.3;38.3;45.1;60.5;78.1;25.1 °C;22.9;21.7;20.8;20.2;19.8
2024-04-15 18:46:11;30.6;34.3;38.4;45.1;60.5;78.1;25.1 °C;22.9;21.7;20.8;20.2;19.8
2024-04-15 18:56:12;30.6;34.3;38.4;45.1;60.5;78.1;25 °C;22.9;21.8;20.8;20.2;19.8
2024-04-15 19:06:15;30.8;34.3;38.4;45.1;60.5;78.1;24.9 °C;22.9;21.8;20.8;20.2;19.8
2024-04-15 19:16:14;30.6;34.3;38.4;45.1;60.5;78.1;24.9 °C;22.9;21.8;20.8;20.2;19.8
2024-04-15 19:26:12;30.6;34.3;38.4;45.1;60.5;78.1;24.8 °C;22.9;21.8;20.8;20.2;19.8
2024-04-15 19:36:16;30.3;34.3;38.4;45.1;60.5;78.1;24.7 °C;23;21.8;20.8;20.2;19.8
2024-04-15 19:46:12;30.7;34.3;38.4;45.1;60.5;78.1;24.6 °C;23;21.8;20.9;20.2;19.8
2024-04-15 19:56:14;30.7;34.3;38.3;45.1;60.5;78.1;24.5 °C;23;21.9;20.9;20.2;19.8
2024-04-15 20:06:15;30.6;34.3;38.4;45.1;60.5;78.1;24.4 °C;23;21.9;20.9;20.2;19.8
2024-04-15 20:16:14;30.6;34.3;38.4;45.1;60.5;78.1;24.4 °C;23;21.9;20.9;20.2;19.8
2024-04-15 20:26:12;30.6;34.3;38.4;45.1;60.5;78.1;24.3 °C;23;21.9;20.9;20.2;19.8
2024-04-15 20:36:16;30.6;34.3;38.4;45.1;60.5;78.1;24.2 °C;23;21.9;20.9;20.2;19.8
2024-04-15 20:46:12;30.7;34.3;38.4;45.1;60.5;78.1;24.1 °C;23;21.9;20.9;20.3;19.8
2024-04-15 20:56:14;30.7;34.3;38.4;45.1;60.5;78.1;24 °C;23;21.9;20.9;20.3;19.8
2024-04-15 21:06:15;31.2;34.3;38.4;45.1;60.5;78.1;23.9 °C;22.9;21.9;20.9;20.3;19.8
2024-04-15 21:16:14;30.4;34.2;38.4;45.1;60.5;78.2;23.9 °C;22.9;21.9;20.9;20.3;19.8
2024-04-15 21:26:12;29.7;34.3;38.4;45.1;60.5;78.2;23.8 °C;22.9;22;20.9;20.3;19.8
2024-04-15 21:36:16;29.7;34.3;38.4;45.1;60.5;78.2;23.8 °C;22.9;22;20.9;20.3;19.8
2024-04-15 21:46:13;29.7;34.3;38.4;45.1;60.5;78.1;23.7 °C;22.9;22;20.9;20.3;19.8
2024-04-15 22:06:11;29.7;34.3;38.4;45.1;60.5;78.2;23.6 °C;22.9;22;21;20.3;19.8
2024-04-15 22:16:14;29.8;34.3;38.4;45.1;60.5;78.2;23.5 °C;22.9;22;21;20.3;19.8
2024-04-15 22:26:12;29.7;34.3;38.4;45.1;60.5;78.1;23.4 °C;22.9;22;21;20.3;19.8
2024-04-15 22:36:16;29.7;34.3;38.5;45.1;60.5;78.2;23.4 °C;22.8;22.1;21;20.3;19.8
2024-04-15 22:46:17;29.7;34.3;38.4;45.1;60.5;78.2;23.3 °C;22.8;22.1;21;20.3;19.8
2024-04-15 22:56:11;29.7;34.3;38.4;45.1;60.5;78.1;23.3 °C;22.8;22.1;21;20.3;19.8
2024-04-15 23:06:11;29.7;34.3;38.4;45.1;60.5;78.1;23.2 °C;22.8;22.1;21.1;20.3;19.8
2024-04-15 23:16:14;29.7;34.3;38.5;45.2;60.5;78.2;23.1 °C;22.8;22.1;21.1;20.3;19.8
2024-04-15 23:26:16;29.7;34.3;38.5;45.1;60.5;78.2;23.1 °C;22.8;22.1;21.1;20.3;19.8
2024-04-15 23:36:16;29.8;34.2;38.5;45.1;60.5;78.2;23 °C;22.8;22.1;21.1;20.3;19.8
2024-04-15 23:46:17;29.8;34.2;38.5;45.2;60.5;78.2;23 °C;22.7;22.1;21.1;20.3;19.8
2024-04-15 23:56:10;29.9;34.2;38.4;45.2;60.5;78.2;22.9 °C;22.7;22.1;21.1;20.3;19.8
2024-04-16 00:06:16;29.8;34.3;38.4;45.2;60.5;78.2;22.9 °C;22.7;22.1;21.1;20.3;19.8
2024-04-16 00:16:12;29.7;34.3;38.4;45.2;60.5;78.2;22.8 °C;22.6;22.1;21.1;20.3;19.8
2024-04-16 00:26:13;29.7;34.3;38.4;45.1;60.5;78.2;22.8 °C;22.6;22.1;21.1;20.3;19.8
2024-04-16 00:36:14;29.7;34.3;38.4;45.1;60.5;78.2;22.8 °C;22.6;22.1;21.1;20.3;19.8
2024-04-16 00:46:16;29.8;34.3;38.4;45.1;60.5;78.2;22.7 °C;22.6;22.1;21.1;20.3;19.9
2024-04-16 00:56:16;29.7;34.3;38.5;45.1;60.5;78.2;22.6 °C;22.6;22.1;21.1;20.3;19.9
2024-04-16 01:06:17;29.7;34.2;38.4;45.2;60.5;78.2;22.6 °C;22.6;22.1;21.1;20.3;19.9
2024-04-16 01:16:11;29.7;34.2;38.4;45.1;60.6;78.2;22.6 °C;22.5;22.1;21.1;20.4;19.9
2024-04-16 01:26:15;29.7;34.2;38.4;45.1;60.6;78.2;22.5 °C;22.5;22.1;21.1;20.4;19.9
2024-04-16 01:36:14;29.7;34.2;38.4;45.2;60.6;78.2;22.5 °C;22.5;22.1;21.1;20.4;19.9
2024-04-16 01:46:17;29.8;34.2;38.4;45.2;60.6;78.2;22.4 °C;22.4;22.1;21.1;20.4;19.9
2024-04-16 01:56:13;29.7;34.2;38.4;45.2;60.6;78.2;22.4 °C;22.4;22.1;21.1;20.4;19.9
2024-04-16 02:06:16;29.7;34.2;38.4;45.2;60.6;78.2;22.4 °C;22.4;22;21.1;20.4;19.9
2024-04-16 02:16:13;29.7;34.2;38.4;45.1;60.6;78.2;22.3 °C;22.4;22;21.1;20.4;19.9
2024-04-16 02:26:11;29.9;34.2;38.4;45.2;60.6;78.2;22.3 °C;22.4;22;21.1;20.4;19.9
2024-04-16 02:36:15;29.9;34.2;38.4;45.2;60.6;78.2;22.3 °C;22.4;22;21.1;20.4;19.9
2024-04-16 02:46:14;30.2;34.2;38.4;45.2;60.6;78.2;22.2 °C;22.3;22;21.1;20.4;19.9
2024-04-16 02:56:10;30.1;34.2;38.4;45.2;60.6;78.2;22.1 °C;22.3;22;21.1;20.4;19.9
2024-04-16 03:06:13;30.1;34.2;38.4;45.2;60.6;78.2;22.1 °C;22.3;22;21.2;20.4;19.9
2024-04-16 03:16:09;30.1;34.3;38.4;45.2;60.6;78.2;22.1 °C;22.3;22;21.2;20.4;19.9
2024-04-16 03:26:16;30.2;34.2;38.4;45.2;60.6;78.2;22.1 °C;22.3;22;21.2;20.4;19.9
2024-04-16 03:36:17;30.1;34.2;38.4;45.2;60.6;78.2;22 °C;22.2;22;21.1;20.4;19.9
2024-04-16 03:46:13;30.1;34.2;38.4;45.2;60.6;78.2;21.9 °C;22.2;22;21.2;20.4;19.9
2024-04-16 03:56:12;30.1;34.2;38.4;45.2;60.6;78.2;21.9 °C;22.2;21.9;21.2;20.4;19.9
2024-04-16 04:06:12;30.1;34.2;38.3;45.2;60.6;78.2;21.9 °C;22.1;21.9;21.2;20.4;19.9
2024-04-16 04:16:10;30.2;34.2;38.4;45.2;60.6;78.2;21.9 °C;22.1;21.9;21.2;20.4;19.9
2024-04-16 04:26:17;30.4;34.1;38.4;45.2;60.6;78.2;21.8 °C;22.1;21.9;21.2;20.4;19.9
2024-04-16 04:36:15;30.4;34.2;38.4;45.2;60.6;78.2;21.8 °C;22.1;21.9;21.2;20.4;19.9
2024-04-16 04:46:10;30.5;34.2;38.4;45.2;60.6;78.2;21.8 °C;22.1;21.9;21.2;20.4;19.9
2024-04-16 04:56:12;30.4;34.2;38.3;45.2;60.6;78.2;21.7 °C;22.1;21.9;21.2;20.4;19.9
2024-04-16 05:06:11;30.4;34.2;38.4;45.2;60.6;78.2;21.7 °C;22;21.9;21.2;20.4;19.9
2024-04-16 05:16:12;30.5;34.1;38.3;45.2;60.6;78.2;21.6 °C;22;21.9;21.2;20.4;19.9
2024-04-16 05:26:17;30.3;34.2;38.3;45.2;60.6;78.2;21.6 °C;22;21.9;21.2;20.4;19.9
2024-04-16 05:36:15;30.1;34.2;38.3;45.2;60.6;78.2;21.6 °C;21.9;21.9;21.2;20.4;19.9
2024-04-16 05:46:11;30.1;34.1;38.3;45.2;60.6;78.2;21.5 °C;21.9;21.9;21.2;20.4;19.9
2024-04-16 05:56:09;30.1;34.1;38.4;45.2;60.6;78.2;21.5 °C;21.9;21.9;21.1;20.4;19.9
2024-04-16 06:06:15;30.2;34.1;38.4;45.2;60.6;78.2;21.4 °C;21.9;21.9;21.1;20.4;19.9
2024-04-16 06:16:12;30.1;34.2;38.4;45.2;60.6;78.2;21.4 °C;21.9;21.8;21.1;20.4;19.9
2024-04-16 06:26:17;30.3;34.1;38.4;45.2;60.6;78.2;21.3 °C;21.9;21.8;21.1;20.4;19.9
2024-04-16 06:36:13;30.4;34.1;38.3;45.2;60.6;78.2;21.3 °C;21.8;21.8;21.1;20.4;19.9
2024-04-16 06:46:15;30.2;34.1;38.4;45.2;60.6;78.2;21.3 °C;21.8;21.8;21.1;20.4;19.9
2024-04-16 06:56:16;30.2;34.1;38.3;45.2;60.6;78.2;21.2 °C;21.8;21.8;21.1;20.4;19.9
2024-04-16 07:06:12;30.4;34.1;38.3;45.2;60.6;78.2;21.1 °C;21.8;21.8;21.1;20.4;19.9
2024-04-16 07:16:10;30.2;34.1;38.3;45.2;60.6;78.2;21.1 °C;21.8;21.8;21.1;20.4;19.9
2024-04-16 07:26:16;30.2;34.1;38.3;45.2;60.6;78.2;21.1 °C;21.7;21.8;21.1;20.4;20
2024-04-16 07:36:09;29.9;34.1;38.3;45.2;60.6;78.2;21.1 °C;21.7;21.8;21.1;20.5;20
2024-04-16 07:46:12;29.9;34.1;38.3;45.2;60.6;78.2;21 °C;21.7;21.8;21.1;20.4;20
2024-04-16 07:56:16;29.9;34.1;38.3;45.2;60.6;78.2;21 °C;21.6;21.8;21.1;20.5;20
2024-04-16 08:06:10;30.1;34.1;38.3;45.2;60.6;78.2;21 °C;21.6;21.7;21.1;20.5;20
2024-04-16 08:16:12;30.3;34.1;38.3;45.2;60.6;78.2;21 °C;21.6;21.7;21.1;20.5;20
2024-04-16 08:26:14;29.8;34.3;38.3;45.2;60.6;78.2;21 °C;21.6;21.7;21.1;20.5;20
2024-04-16 08:36:16;30.2;34.2;38.3;45.2;60.6;78.2;21 °C;21.6;21.7;21.1;20.5;20
2024-04-16 08:46:14;30.2;34.2;38.3;45.2;60.6;78.2;21 °C;21.5;21.7;21.1;20.5;20
2024-04-16 08:56:12;30.2;34.2;38.3;45.2;60.6;78.2;21.1 °C;21.5;21.6;21.1;20.5;20
2024-04-16 09:06:09;30.2;34.2;38.3;45.2;60.6;78.2;21.1 °C;21.5;21.6;21.1;20.5;20
2024-04-16 09:16:16;30.2;34.2;38.3;45.2;60.6;78.2;21.1 °C;21.4;21.6;21.1;20.5;20
2024-04-16 09:26:13;30.3;34.2;38.3;45.2;60.6;78.2;21.2 °C;21.4;21.6;21.1;20.5;20
2024-04-16 09:36:14;30.3;34.2;38.4;45.2;60.6;78.2;21.3 °C;21.4;21.6;21.1;20.5;20
2024-04-16 09:46:10;30.4;34.2;38.3;45.2;60.6;78.2;21.3 °C;21.4;21.6;21.1;20.5;20
2024-04-16 09:56:17;30.4;34.2;38.3;45.2;60.6;78.2;21.3 °C;21.4;21.6;21.1;20.5;20
2024-04-16 10:06:15;30.4;34.2;38.3;45.2;60.6;78.2;21.4 °C;21.4;21.6;21.1;20.5;20
2024-04-16 10:16:15;30.4;34.2;38.3;45.2;60.6;78.2;21.4 °C;21.4;21.6;21.1;20.5;20
2024-04-16 10:26:11;30.4;34.2;38.3;45.2;60.6;78.2;21.5 °C;21.4;21.6;21.1;20.5;20
2024-04-16 10:36:15;30.4;34.2;38.3;45.2;60.6;78.2;21.6 °C;21.4;21.5;21.1;20.5;20
2024-04-16 10:46:14;30.4;34.2;38.3;45.2;60.6;78.2;21.7 °C;21.4;21.5;21.1;20.5;20
2024-04-16 10:56:14;30.5;34.2;38.3;45.2;60.6;78.2;21.8 °C;21.4;21.5;21.1;20.5;20
2024-04-16 11:06:12;30.5;34.9;38.3;45.2;60.6;78.2;21.9 °C;21.4;21.5;21.1;20.4;20
2024-04-16 11:16:09;30.5;34.5;38.3;45.2;60.6;78.2;21.9 °C;21.4;21.5;21;20.5;20
2024-04-16 11:26:17;30.4;34.2;38.3;45.2;60.6;78.2;22.1 °C;21.4;21.5;21;20.4;20
2024-04-16 11:36:11;30.2;34.2;38.3;45.2;60.6;78.2;22.2 °C;21.4;21.4;21;20.4;20
2024-04-16 11:46:10;30.2;34.2;38.3;45.2;60.6;78.2;22.3 °C;21.4;21.4;21;20.4;20
2024-04-16 11:56:10;30.6;34.2;38.3;45.2;60.6;78.2;22.4 °C;21.4;21.4;21;20.4;20
2024-04-16 12:06:17;30.1;34.3;38.3;45.2;60.6;78.2;22.5 °C;21.4;21.4;21;20.4;20
2024-04-16 12:16:14;30.3;34.3;38.3;45.2;60.6;78.2;22.6 °C;21.4;21.4;21;20.4;20
2024-04-16 12:26:09;30.8;34.3;38.3;45.2;60.6;78.2;22.8 °C;21.4;21.4;21;20.4;20
2024-04-16 12:36:12;31.3;34.3;38.3;45.2;60.6;78.2;22.9 °C;21.5;21.4;21;20.4;20
2024-04-16 12:46:13;30.8;34.3;38.3;45.2;60.6;78.2;23 °C;21.5;21.4;21;20.4;20
2024-04-16 12:56:10;30.9;34.3;38.3;45.2;60.6;78.2;23.1 °C;21.5;21.4;20.9;20.4;20
2024-04-16 13:06:17;31.1;34.2;38.3;45.2;60.6;78.2;23.3 °C;21.6;21.4;20.9;20.4;20
2024-04-16 13:16:11;30.5;34.5;38.3;45.2;60.6;78.2;23.4 °C;21.6;21.4;20.9;20.4;20
2024-04-16 13:26:17;30.4;35.4;38.3;45.2;60.6;78.2;23.5 °C;21.6;21.4;20.9;20.4;20
2024-04-16 13:36:14;30.6;35.5;38.3;45.2;60.6;78.2;23.6 °C;21.6;21.4;20.9;20.4;20
2024-04-16 13:46:09;30.7;35.5;38.3;45.2;60.6;78.2;23.6 °C;21.7;21.4;20.9;20.4;20
2024-04-16 13:56:12;30.6;35.6;38.3;45.2;60.6;78.2;23.7 °C;21.7;21.4;20.9;20.4;20
2024-04-16 14:06:12;30.6;35.6;38.4;45.2;60.6;78.2;23.8 °C;21.8;21.4;20.9;20.4;20
2024-04-16 14:16:09;30.7;35.6;38.4;45.2;60.6;78.2;23.8 °C;21.8;21.4;20.9;20.4;20
2024-04-16 14:26:11;31.3;35.6;38.4;45.1;60.6;78.2;23.9 °C;21.8;21.4;20.9;20.4;20
2024-04-16 14:36:15;30.8;35.8;38.4;45.1;60.6;78.2;23.9 °C;21.9;21.4;20.9;20.4;20
2024-04-16 14:46:17;30.8;35.9;38.5;45.1;60.6;78.2;23.9 °C;21.9;21.4;20.9;20.4;20
2024-04-16 14:56:15;30.9;35.8;38.4;45.2;60.6;78.2;23.9 °C;21.9;21.4;20.9;20.4;20
2024-04-16 15:06:10;30.8;35.9;38.4;45.1;60.6;78.2;23.9 °C;21.9;21.4;20.9;20.4;20
2024-04-16 15:16:14;30.8;35.8;38.4;45.1;60.6;78.2;23.9 °C;22;21.4;20.9;20.4;20
2024-04-16 15:26:16;30.8;35.9;38.4;45.1;60.6;78.2;23.9 °C;22;21.4;20.9;20.4;20
2024-04-16 15:36:09;30.9;35.8;38.4;45.1;60.6;78.2;23.9 °C;22.1;21.5;20.9;20.4;20.1
2024-04-16 15:46:11;31.0;35.9;38.4;45.1;60.6;78.2;23.9 °C;22.1;21.5;20.9;20.4;20.1
2024-04-16 15:56:11;30.9;35.9;38.4;45.1;60.6;78.2;23.9 °C;22.1;21.5;20.9;20.4;20.1
2024-04-16 16:06:13;30.9;35.9;38.4;45.1;60.6;78.2;23.8 °C;22.1;21.5;20.9;20.4;20.1
2024-04-16 16:16:14;31.1;35.9;38.4;45.1;60.6;78.2;23.8 °C;22.1;21.5;20.9;20.4;20
2024-04-16 16:26:09;31.4;36.0;38.4;45.1;60.6;78.2;23.8 °C;22.2;21.5;20.9;20.4;20
2024-04-16 16:36:12;31.3;36.1;38.4;45.1;60.5;78.2;23.7 °C;22.2;21.6;20.9;20.4;20
2024-04-16 16:46:15;31.4;35.9;38.4;45.1;60.5;78.2;23.6 °C;22.2;21.6;20.9;20.4;20
2024-04-16 16:56:14;31.3;36.1;38.4;45.1;60.5;78.2;23.6 °C;22.3;21.6;20.9;20.4;20
2024-04-16 17:06:09;31.4;35.9;38.5;45.1;60.5;78.2;23.4 °C;22.3;21.6;20.9;20.4;20
2024-04-16 17:16:11;31.6;36.0;38.5;45.1;60.5;78.1;23.4 °C;22.3;21.6;20.9;20.4;20
2024-04-16 17:26:11;31.8;36.0;38.5;45.1;60.5;78.1;23.3 °C;22.3;21.6;20.9;20.4;20
2024-04-16 17:36:11;31.5;36.0;38.5;45.1;60.5;78.1;23.3 °C;22.3;21.6;20.9;20.4;20
2024-04-16 17:46:15;31.5;36.1;38.6;45.1;60.5;78.1;23.2 °C;22.3;21.6;20.9;20.4;20.1
2024-04-16 17:56:15;31.0;36.1;38.5;45.1;60.5;78.1;23.1 °C;22.3;21.6;20.9;20.4;20
2024-04-16 18:06:16;31.1;35.9;38.5;45.1;60.4;78.1;23.1 °C;22.3;21.6;20.9;20.4;20
2024-04-16 18:16:14;30.9;35.7;38.6;45.1;60.5;78.1;23 °C;22.3;21.6;20.9;20.4;20
2024-04-16 18:26:14;31.0;35.8;38.6;45.1;60.5;78.1;22.9 °C;22.3;21.6;20.9;20.4;20
2024-04-16 18:36:15;30.9;35.9;38.6;45.1;60.5;78.1;22.9 °C;22.3;21.6;20.9;20.4;20
2024-04-16 18:46:14;31.0;35.7;38.5;45.1;60.5;78.1;22.8 °C;22.3;21.7;20.9;20.4;20.1
2024-04-16 18:56:13;31.1;35.2;38.6;45.1;60.5;78.1;22.8 °C;22.3;21.7;20.9;20.4;20
2024-04-16 19:06:15;31.0;35.3;38.6;45.1;60.5;78.1;22.7 °C;22.3;21.7;20.9;20.4;20.1
2024-04-16 19:16:11;31.0;35.4;38.6;45.1;60.5;78.1;22.6 °C;22.2;21.7;20.9;20.4;20
2024-04-16 19:26:12;31.0;35.2;38.5;45.1;60.5;78.1;22.6 °C;22.2;21.7;20.9;20.4;20.1
2024-04-16 19:36:09;31.0;35.2;38.6;45.1;60.4;78.1;22.5 °C;22.2;21.7;20.9;20.4;20.1
2024-04-16 19:46:16;30.9;35.1;38.6;45.1;60.4;78.1;22.4 °C;22.2;21.7;20.9;20.4;20
2024-04-16 19:56:14;31.0;35.1;38.6;45.2;60.5;78.1;22.4 °C;22.2;21.7;21;20.4;20.1
2024-04-16 20:06:09;31.1;34.8;38.5;45.2;60.5;78.1;22.3 °C;22.1;21.7;21;20.4;20
2024-04-16 20:16:11;31.1;34.9;38.6;45.1;60.4;78.1;22.3 °C;22.1;21.7;21;20.4;20.1
2024-04-16 20:26:11;31.1;35.0;38.5;45.1;60.4;78.1;22.2 °C;22.1;21.7;21;20.4;20.1
2024-04-16 20:36:11;31.0;34.9;38.6;45.1;60.4;78.1;22.1 °C;22.1;21.7;21;20.4;20
2024-04-16 20:46:15;31.0;34.9;38.5;45.2;60.4;78.1;22.1 °C;22.1;21.7;21;20.4;20.1
2024-04-16 20:56:15;30.9;34.9;38.6;45.1;60.5;78.1;22 °C;22.1;21.7;21;20.4;20
2024-04-16 21:06:16;31.4;34.4;38.5;45.1;60.4;78.1;21.9 °C;22.1;21.7;21;20.4;20.1
2024-04-16 21:16:13;31.6;34.3;38.5;45.1;60.4;78.1;21.9 °C;22;21.7;21;20.4;20.1
2024-04-16 21:26:15;31.0;34.3;38.5;45.2;60.4;78.1;21.8 °C;22;21.7;21;20.4;20.1
2024-04-16 21:36:11;30.9;34.3;38.6;45.1;60.5;78.1;21.8 °C;22;21.7;21;20.4;20.1
2024-04-16 21:46:12;30.9;34.3;38.5;45.2;60.4;78.1;21.7 °C;21.9;21.7;21;20.4;20.1
2024-04-16 21:56:09;31.0;34.3;38.5;45.2;60.5;78.1;21.6 °C;21.9;21.7;21;20.4;20.1
2024-04-16 22:06:15;31.0;34.3;38.6;45.2;60.5;78.1;21.6 °C;21.9;21.7;21;20.4;20.1
2024-04-16 22:16:15;31.0;34.3;38.5;45.2;60.5;78.1;21.6 °C;21.9;21.7;21;20.4;20.1
2024-04-16 22:26:15;30.9;34.3;38.5;45.2;60.5;78.1;21.5 °C;21.9;21.7;21;20.4;20.1
2024-04-16 22:36:13;30.9;34.3;38.5;45.2;60.5;78.1;21.4 °C;21.8;21.7;21;20.4;20.1
2024-04-16 22:46:16;30.8;34.3;38.5;45.2;60.5;78.1;21.4 °C;21.8;21.7;21;20.4;20.1
2024-04-16 22:56:10;30.8;34.3;38.5;45.2;60.5;78.1;21.3 °C;21.8;21.7;21;20.4;20.1
2024-04-16 23:06:13;30.8;34.3;38.5;45.1;60.5;78.1;21.3 °C;21.8;21.7;21;20.4;20.1
2024-04-16 23:16:15;30.8;34.3;38.6;45.1;60.5;78.1;21.3 °C;21.8;21.6;21;20.4;20.1
2024-04-16 23:26:12;30.8;34.3;38.6;45.1;60.5;78.1;21.2 °C;21.7;21.6;21;20.4;20.1
2024-04-16 23:36:13;30.8;34.3;38.5;45.1;60.5;78.1;21.1 °C;21.7;21.6;21;20.4;20.1
2024-04-16 23:46:14;30.9;34.3;38.5;45.1;60.5;78.1;21.1 °C;21.7;21.6;21;20.4;20.1
2024-04-16 23:56:11;30.8;34.3;38.5;45.1;60.5;78.1;21.1 °C;21.6;21.6;21;20.4;20.1
2024-04-17 00:06:16;30.9;34.3;38.5;45.1;60.5;78.1;21 °C;21.6;21.6;21;20.4;20.1
2024-04-17 00:16:10;30.9;34.2;38.5;45.1;60.5;78.1;21 °C;21.6;21.6;21;20.4;20.1
2024-04-17 00:26:12;30.9;34.2;38.6;45.1;60.5;78.1;20.9 °C;21.6;21.6;21;20.4;20.1
2024-04-17 00:36:11;30.9;34.3;38.5;45.1;60.5;78.1;20.9 °C;21.6;21.6;21;20.4;20.1
2024-04-17 00:46:12;30.9;34.2;38.5;45.1;60.5;78.1;20.9 °C;21.5;21.6;21;20.4;20.1
2024-04-17 00:56:13;30.9;34.2;38.5;45.1;60.5;78.1;20.8 °C;21.5;21.6;21;20.4;20.1
2024-04-17 01:06:15;30.8;34.3;38.5;45.1;60.5;78.1;20.8 °C;21.4;21.6;21;20.4;20.1
2024-04-17 01:16:15;30.8;34.3;38.5;45.1;60.5;78.1;20.8 °C;21.4;21.6;21;20.4;20.1
2024-04-17 01:26:15;30.8;34.3;38.6;45.1;60.5;78.1;20.8 °C;21.4;21.6;21;20.4;20.1
2024-04-17 01:36:11;30.9;34.3;38.5;45.1;60.5;78.1;20.7 °C;21.4;21.5;21;20.4;20.1
2024-04-17 01:46:10;30.9;34.3;38.5;45.1;60.5;78.1;20.6 °C;21.4;21.5;21;20.4;20.1
2024-04-17 01:56:11;30.8;34.3;38.5;45.1;60.5;78.2;20.6 °C;21.4;21.5;21;20.4;20.1
2024-04-17 02:06:12;30.8;34.2;38.5;45.1;60.5;78.1;20.6 °C;21.3;21.5;21;20.4;20.1
2024-04-17 02:16:13;30.8;34.2;38.5;45.1;60.5;78.2;20.5 °C;21.3;21.5;21;20.4;20.1
2024-04-17 02:26:09;30.8;34.3;38.5;45.1;60.5;78.2;20.4 °C;21.3;21.4;21;20.4;20.1
2024-04-17 02:36:12;30.8;34.3;38.5;45.1;60.5;78.1;20.4 °C;21.3;21.4;21;20.4;20.1
2024-04-17 02:46:14;30.7;34.3;38.5;45.1;60.5;78.1;20.4 °C;21.3;21.4;21;20.4;20.1
2024-04-17 02:56:14;30.7;34.3;38.5;45.1;60.5;78.1;20.3 °C;21.2;21.4;20.9;20.4;20.1
2024-04-17 03:06:09;31.4;34.2;38.5;45.1;60.5;78.1;20.3 °C;21.2;21.4;20.9;20.4;20.1
2024-04-17 03:16:09;31.4;34.3;38.5;45.1;60.5;78.1;20.2 °C;21.1;21.4;20.9;20.4;20.1
2024-04-17 03:26:16;31.6;34.3;38.5;45.1;60.5;78.1;20.1 °C;21.1;21.4;20.9;20.4;20.1
2024-04-17 03:36:08;31.7;34.2;38.5;45.1;60.5;78.2;20.1 °C;21.1;21.4;20.9;20.4;20.1
2024-04-17 03:46:10;31.6;34.2;38.5;45.1;60.5;78.1;20 °C;21.1;21.4;20.9;20.4;20.1
2024-04-17 03:56:15;31.6;34.2;38.5;45.1;60.5;78.1;19.9 °C;21.1;21.4;20.9;20.4;20.1
2024-04-17 04:06:12;31.7;34.2;38.5;45.1;60.5;78.2;19.9 °C;21;21.3;20.9;20.4;20.1
2024-04-17 04:16:14;31.7;34.2;38.5;45.1;60.5;78.1;19.9 °C;21;21.3;20.9;20.4;20.1
2024-04-17 04:26:10;31.8;34.2;38.5;45.1;60.5;78.2;19.8 °C;20.9;21.3;20.9;20.4;20.1
2024-04-17 04:36:14;31.7;34.2;38.5;45.1;60.5;78.1;19.8 °C;20.9;21.3;20.9;20.4;20.1
2024-04-17 04:46:10;31.8;34.2;38.5;45.1;60.5;78.2;19.7 °C;20.9;21.3;20.9;20.4;20.1
2024-04-17 04:56:12;31.8;34.2;38.5;45.1;60.5;78.1;19.6 °C;20.9;21.3;20.9;20.4;20.1
2024-04-17 05:06:10;31.8;34.2;38.5;45.1;60.5;78.1;19.6 °C;20.8;21.3;20.9;20.4;20.1
2024-04-17 05:16:11;31.8;34.2;38.5;45.1;60.5;78.1;19.6 °C;20.8;21.3;20.9;20.4;20.1
2024-04-17 05:26:16;31.9;34.2;38.5;45.1;60.5;78.1;19.6 °C;20.8;21.3;20.9;20.4;20.1
2024-04-17 05:36:10;31.9;34.3;38.5;45.1;60.5;78.1;19.5 °C;20.8;21.2;20.9;20.4;20.1
2024-04-17 05:46:09;31.9;34.2;38.5;45.1;60.5;78.1;19.4 °C;20.8;21.2;20.9;20.4;20.1
2024-04-17 05:56:09;31.9;34.2;38.5;45.1;60.5;78.1;19.4 °C;20.7;21.2;20.9;20.4;20.1
2024-04-17 06:06:16;32.0;34.2;38.5;45.1;60.5;78.1;19.4 °C;20.7;21.1;20.9;20.4;20.1
2024-04-17 06:16:14;31.9;34.2;38.5;45.1;60.5;78.2;19.4 °C;20.6;21.1;20.9;20.4;20.1
2024-04-17 06:26:10;31.8;34.2;38.5;45.1;60.5;78.1;19.3 °C;20.6;21.1;20.8;20.4;20.1
2024-04-17 06:36:10;32.5;34.2;38.5;45.1;60.5;78.1;19.3 °C;20.6;21.1;20.8;20.4;20.1
2024-04-17 06:46:13;32.6;34.2;38.4;45.0;60.5;78.1;19.3 °C;20.6;21.1;20.8;20.4;20.1
2024-04-17 06:56:13;32.6;34.2;38.4;45.1;60.5;78.1;19.3 °C;20.5;21.1;20.8;20.4;20.1
2024-04-17 07:06:11;31.8;34.5;38.4;45.0;60.5;78.1;19.2 °C;20.5;21.1;20.8;20.4;20.1
2024-04-17 07:16:13;31.8;34.5;38.5;45.1;60.5;78.1;19.2 °C;20.5;21.1;20.8;20.4;20.1
2024-04-17 07:26:16;31.8;34.5;38.4;45.0;60.5;78.1;19.2 °C;20.4;21;20.8;20.4;20.1
2024-04-17 07:36:09;31.8;34.5;38.4;45.0;60.5;78.1;19.1 °C;20.4;21;20.8;20.4;20.1
2024-04-17 07:46:08;31.8;34.5;38.4;45.0;60.5;78.2;19.1 °C;20.4;21;20.8;20.4;20.1
2024-04-17 07:56:15;31.8;34.5;38.4;45.0;60.5;78.2;19.1 °C;20.4;21;20.8;20.4;20.1
2024-04-17 08:06:11;31.8;34.5;38.4;45.0;60.5;78.1;19.1 °C;20.3;20.9;20.8;20.4;20.1
2024-04-17 08:16:12;32.2;34.5;38.4;45.0;60.5;78.2;19.1 °C;20.3;20.9;20.8;20.4;20.1
2024-04-17 08:26:11;32.2;34.4;38.4;45.0;60.5;78.2;19.1 °C;20.3;20.9;20.8;20.4;20.1
2024-04-17 08:36:12;32.3;34.4;38.4;45.0;60.5;78.2;19.1 °C;20.3;20.9;20.8;20.4;20.1
2024-04-17 08:46:13;32.3;34.4;38.4;45.0;60.5;78.2;19.1 °C;20.3;20.9;20.8;20.4;20.1
2024-04-17 08:56:12;32.3;34.3;38.4;45.1;60.5;78.2;19.2 °C;20.3;20.9;20.7;20.4;20.1
2024-04-17 09:06:10;32.3;34.3;38.4;45.1;60.5;78.2;19.3 °C;20.2;20.9;20.7;20.4;20.1
2024-04-17 09:16:14;32.4;34.3;38.4;45.0;60.5;78.2;19.3 °C;20.2;20.8;20.7;20.4;20.1
2024-04-17 09:26:10;32.3;34.3;38.4;45.0;60.5;78.2;19.4 °C;20.2;20.8;20.7;20.4;20.1
2024-04-17 09:36:11;32.3;34.3;38.4;45.1;60.5;78.2;19.4 °C;20.1;20.8;20.7;20.4;20.1
2024-04-17 09:46:15;32.4;34.3;38.4;45.0;60.5;78.2;19.5 °C;20.1;20.8;20.7;20.4;20.1
2024-04-17 09:56:09;32.3;34.3;38.4;45.0;60.5;78.2;19.6 °C;20.1;20.8;20.6;20.4;20.1
2024-04-17 10:06:11;31.9;34.3;38.4;45.0;60.5;78.2;19.7 °C;20.1;20.8;20.6;20.3;20.1
2024-04-17 10:16:12;31.9;34.4;38.4;45.0;60.5;78.2;19.8 °C;20.1;20.8;20.6;20.3;20.1
2024-04-17 10:26:16;31.9;34.3;38.4;45.0;60.5;78.2;19.9 °C;20.1;20.7;20.6;20.3;20.1
2024-04-17 10:36:14;31.9;34.3;38.4;45.0;60.5;78.2;19.9 °C;20.1;20.7;20.6;20.3;20.1
2024-04-17 10:46:09;32.0;34.3;38.4;45.0;60.5;78.2;20 °C;20.1;20.7;20.6;20.3;20.1
2024-04-17 10:56:12;31.9;34.4;38.4;45.0;60.5;78.2;20.1 °C;20.1;20.7;20.6;20.3;20.1
2024-04-17 11:06:14;31.9;34.3;38.4;45.0;60.5;78.2;20.1 °C;20.1;20.6;20.6;20.3;20.1
2024-04-17 11:16:11;31.9;34.3;38.4;45.0;60.4;78.2;20.2 °C;20.1;20.6;20.6;20.3;20.1
2024-04-17 11:26:15;31.9;34.3;38.4;45.0;60.5;78.2;20.3 °C;20.1;20.6;20.6;20.3;20.1
2024-04-17 11:36:08;31.9;34.3;38.4;45.0;60.5;78.2;20.4 °C;20.1;20.6;20.6;20.3;20.1
2024-04-17 11:46:15;32.0;34.3;38.4;45.0;60.4;78.2;20.4 °C;20.1;20.6;20.6;20.3;20.1
2024-04-17 11:56:13;31.9;34.4;38.4;45.0;60.5;78.2;20.6 °C;20.1;20.6;20.5;20.3;20.1
2024-04-17 12:06:13;31.9;34.3;38.4;45.0;60.4;78.1;20.6 °C;20.1;20.6;20.5;20.3;20.1
2024-04-17 12:16:09;31.9;34.4;38.4;45.0;60.5;78.1;20.7 °C;20.1;20.6;20.5;20.3;20.1
2024-04-17 12:26:14;31.9;34.4;38.4;45.0;60.4;78.1;20.7 °C;20.2;20.6;20.5;20.3;20.1
2024-04-17 12:36:13;31.9;34.4;38.4;45.0;60.4;78.1;20.8 °C;20.2;20.6;20.5;20.3;20.1
2024-04-17 12:46:12;31.9;34.4;38.4;45.0;60.4;78.2;20.8 °C;20.2;20.6;20.5;20.3;20.1
2024-04-17 12:56:10;31.9;34.4;38.4;45.0;60.5;78.1;20.8 °C;20.2;20.6;20.4;20.3;20.1
2024-04-17 13:06:10;31.9;34.3;38.4;45.0;60.4;78.2;20.9 °C;20.3;20.6;20.4;20.3;20
2024-04-17 13:16:10;31.9;34.5;38.3;45.0;60.5;78.1;21 °C;20.3;20.6;20.4;20.3;20
2024-04-17 13:26:12;31.9;34.4;38.4;45.0;60.4;78.1;21.1 °C;20.3;20.5;20.4;20.3;20
2024-04-17 13:36:13;32.0;34.4;38.4;45.0;60.5;78.2;21.3 °C;20.3;20.5;20.4;20.3;20
2024-04-17 13:46:08;32.0;34.4;38.4;45.0;60.5;78.2;21.4 °C;20.3;20.5;20.4;20.3;20
2024-04-17 13:56:12;32.0;34.5;38.4;45.0;60.5;78.2;21.5 °C;20.3;20.5;20.4;20.3;20
2024-04-17 14:06:13;32.0;34.4;38.4;44.9;60.5;78.2;21.6 °C;20.3;20.5;20.4;20.3;20
2024-04-17 14:16:12;32.1;34.5;38.4;44.9;60.4;78.1;21.6 °C;20.4;20.5;20.4;20.2;20
2024-04-17 14:26:10;32.1;34.5;38.4;44.9;60.4;78.1;21.6 °C;20.4;20.5;20.4;20.2;20
2024-04-17 14:36:16;32.1;34.5;38.4;44.9;60.4;78.1;21.6 °C;20.4;20.5;20.4;20.2;20
2024-04-17 14:46:09;32.1;34.5;38.4;44.9;60.4;78.1;21.5 °C;20.4;20.5;20.4;20.2;20
2024-04-17 14:56:12;32.1;34.5;38.4;44.9;60.4;78.1;21.5 °C;20.4;20.5;20.4;20.2;20
2024-04-17 15:06:10;32.1;34.5;38.4;44.9;60.4;78.1;21.4 °C;20.5;20.5;20.4;20.2;20
2024-04-17 15:16:10;32.1;34.5;38.4;44.9;60.4;78.1;21.4 °C;20.5;20.5;20.4;20.2;20
2024-04-17 15:26:15;32.0;34.6;38.4;44.9;60.3;78.0;21.4 °C;20.5;20.5;20.4;20.2;20
2024-04-17 15:36:09;32.0;34.6;38.3;44.9;60.3;78.0;21.4 °C;20.6;20.5;20.4;20.2;20
2024-04-17 15:46:09;32.0;34.5;38.3;44.9;60.3;78.0;21.3 °C;20.6;20.5;20.4;20.2;20
2024-04-17 15:56:10;32.0;34.5;38.4;44.9;60.3;78.0;21.3 °C;20.6;20.5;20.4;20.2;20
2024-04-17 16:06:13;32.1;34.5;38.3;44.9;60.3;78.0;21.2 °C;20.6;20.6;20.3;20.1;20
2024-04-17 16:16:08;32.1;34.5;38.3;44.9;60.3;78.0;21.1 °C;20.6;20.6;20.3;20.1;20
2024-04-17 16:26:10;32.0;34.5;38.3;44.9;60.3;78.0;21.1 °C;20.6;20.6;20.3;20.1;20
2024-04-17 16:36:15;32.7;34.2;38.3;44.9;60.3;78.0;21 °C;20.6;20.6;20.3;20.1;20
2024-04-17 16:46:09;32.2;34.2;38.3;44.9;60.3;78.0;20.9 °C;20.6;20.6;20.3;20.1;20
2024-04-17 16:56:08;32.0;34.2;38.3;44.9;60.2;78.0;20.9 °C;20.6;20.6;20.3;20.1;19.9
2024-04-17 17:06:11;32.0;34.2;38.3;44.9;60.2;77.9;20.8 °C;20.6;20.6;20.3;20.1;19.9
2024-04-17 17:16:08;31.9;34.2;38.3;44.9;60.2;77.9;20.8 °C;20.6;20.6;20.3;20.1;19.9
2024-04-17 17:26:11;31.9;34.2;38.3;44.9;60.2;77.9;20.7 °C;20.6;20.6;20.3;20.1;19.9
2024-04-17 17:36:12;31.9;34.2;38.3;44.9;60.2;77.9;20.6 °C;20.6;20.6;20.3;20.1;19.9
2024-04-17 17:46:11;31.9;34.2;38.3;44.9;60.2;77.9;20.6 °C;20.6;20.6;20.3;20.1;19.9
2024-04-17 17:56:13;31.9;34.2;38.3;44.9;60.2;78.0;20.6 °C;20.6;20.6;20.3;20.1;19.9
2024-04-17 18:06:09;31.9;34.2;38.3;44.9;60.2;78.0;20.5 °C;20.6;20.6;20.3;20.1;19.9
2024-04-17 18:16:12;31.9;34.2;38.3;44.9;60.3;77.9;20.4 °C;20.6;20.6;20.3;20.1;19.9
2024-04-17 18:26:08;31.8;34.2;38.3;44.9;60.2;78.0;20.4 °C;20.6;20.6;20.3;20.1;19.9
2024-04-17 18:36:15;31.8;34.2;38.3;44.9;60.3;78.0;20.3 °C;20.6;20.6;20.3;20.1;19.9
2024-04-17 18:46:13;31.9;34.2;38.3;44.9;60.2;77.9;20.2 °C;20.6;20.6;20.3;20.1;19.9
2024-04-17 18:56:12;31.9;34.3;38.3;44.9;60.2;77.9;20.1 °C;20.5;20.6;20.3;20.1;19.9
2024-04-17 19:06:11;32.1;34.3;38.3;44.9;60.2;77.9;20 °C;20.5;20.6;20.3;20.1;19.9
2024-04-17 19:16:09;32.1;34.3;38.3;44.9;60.3;77.9;19.9 °C;20.5;20.6;20.3;20.1;19.9
2024-04-17 19:26:11;32.1;34.3;38.5;44.9;60.3;77.9;19.9 °C;20.5;20.6;20.3;20.1;19.9
2024-04-17 19:36:14;32.0;34.3;38.4;44.9;60.2;77.9;19.8 °C;20.4;20.6;20.3;20.1;19.9
2024-04-17 19:46:15;32.1;34.4;38.4;44.9;60.2;77.9;19.7 °C;20.4;20.6;20.3;20.1;19.9
2024-04-17 19:56:13;32.0;34.4;38.4;44.9;60.2;77.9;19.6 °C;20.4;20.6;20.3;20.1;19.9
2024-04-17 20:06:13;32.0;34.4;38.4;44.9;60.2;77.9;19.5 °C;20.4;20.6;20.3;20.1;19.9
2024-04-17 20:16:13;32.0;34.3;38.3;44.9;60.2;77.9;19.4 °C;20.4;20.6;20.3;20.1;19.9
2024-04-17 20:26:12;32.0;34.3;38.3;44.9;60.2;77.9;19.3 °C;20.4;20.6;20.3;20.1;19.9
2024-04-17 20:36:12;31.9;34.3;38.3;44.8;60.2;77.9;19.3 °C;20.3;20.6;20.3;20.1;19.9
2024-04-17 20:46:15;32.0;34.4;38.3;44.8;60.2;77.9;19.1 °C;20.3;20.6;20.3;20.1;19.9
2024-04-17 20:56:08;32.0;34.2;38.3;44.9;60.2;77.9;19.1 °C;20.3;20.6;20.3;20.1;19.9
2024-04-17 21:06:12;31.9;34.4;38.3;44.8;60.2;77.9;18.9 °C;20.3;20.6;20.3;20.1;19.9
2024-04-17 21:16:15;31.9;34.3;38.3;44.9;60.2;77.9;18.9 °C;20.2;20.5;20.3;20.1;19.9
2024-04-17 21:26:09;32;34.3;38.3;44.8;60.3;77.9;18.8 °C;20.2;20.5;20.3;20.1;19.9
2024-04-17 21:36:09;32.0;34.4;38.3;44.8;60.2;77.9;18.8 °C;20.1;20.5;20.3;20.1;19.9
2024-04-17 21:46:12;31.9;34.2;38.3;44.8;60.2;77.9;18.7 °C;20.1;20.5;20.3;20.1;19.9
2024-04-17 21:56:14;32.0;34.3;38.3;44.9;60.2;77.9;18.6 °C;20.1;20.5;20.3;20.1;19.9
2024-04-17 22:06:14;32.0;34.3;38.3;44.9;60.2;77.9;18.5 °C;20.1;20.5;20.3;20;19.9
2024-04-17 22:16:14;32.0;34.3;38.3;44.9;60.3;77.9;18.4 °C;20;20.5;20.3;20;19.9
2024-04-17 22:26:09;31.9;34.3;38.3;44.9;60.2;77.9;18.4 °C;19.9;20.4;20.3;20;19.9
2024-04-17 22:36:10;32.0;34.3;38.3;44.8;60.2;77.9;18.3 °C;19.9;20.4;20.3;20;19.9
2024-04-17 22:46:11;32.1;34.3;38.3;44.9;60.2;78.0;18.3 °C;19.9;20.4;20.3;20;19.9
2024-04-17 22:56:08;32.0;34.3;38.3;44.9;60.3;78.0;18.2 °C;19.9;20.4;20.3;20;19.9
2024-04-17 23:06:10;32.0;34.3;38.3;44.9;60.3;78.0;18.1 °C;19.8;20.4;20.3;20;19.9
2024-04-17 23:16:13;32.0;34.3;38.3;44.9;60.2;77.9;18.1 °C;19.8;20.4;20.3;20;19.9
2024-04-17 23:26:14;32.1;34.3;38.3;44.9;60.2;78.0;18 °C;19.8;20.4;20.3;20;19.9
2024-04-17 23:36:15;32.0;34.3;38.2;44.9;60.2;77.9;17.9 °C;19.8;20.4;20.3;20;19.9
2024-04-17 23:46:13;32.0;34.2;38.2;44.9;60.2;77.9;17.9 °C;19.7;20.4;20.2;20;19.9
2024-04-17 23:56:12;32.0;34.3;38.3;44.8;60.2;77.9;17.8 °C;19.6;20.3;20.2;20;19.9
2024-04-18 00:06:12;32.1;34.3;38.2;44.8;60.2;77.9;17.8 °C;19.6;20.3;20.2;20;19.9
2024-04-18 00:16:15;32.0;34.2;38.3;44.8;60.2;77.9;17.7 °C;19.6;20.3;20.2;20;19.9
2024-04-18 00:26:07;32.1;34.2;38.3;44.8;60.2;77.9;17.6 °C;19.6;20.3;20.2;20;19.9
2024-04-18 00:36:14;32.0;34.2;38.3;44.8;60.2;77.9;17.5 °C;19.5;20.3;20.2;20;19.9
2024-04-18 00:46:11;32.0;34.3;38.2;44.8;60.2;77.9;17.4 °C;19.5;20.3;20.2;20;19.9
2024-04-18 00:56:08;32.0;34.3;38.3;44.8;60.2;77.9;17.4 °C;19.4;20.3;20.2;20;19.9
2024-04-18 01:06:08;32.0;34.4;38.2;44.8;60.2;77.9;17.3 °C;19.4;20.2;20.2;20;19.9
2024-04-18 01:16:15;32.1;34.2;38.2;44.8;60.2;77.9;17.2 °C;19.4;20.2;20.1;20;19.9
2024-04-18 01:26:13;32.1;34.2;38.2;44.8;60.2;77.9;17.1 °C;19.3;20.2;20.1;20;19.9
2024-04-18 01:36:08;32.1;34.2;38.2;44.8;60.2;78.0;17.1 °C;19.3;20.2;20.1;20;19.9
2024-04-18 01:46:09;32.1;34.2;38.1;44.8;60.2;77.9;17 °C;19.3;20.1;20.1;19.9;19.9
2024-04-18 01:56:09;32.1;34.2;38.1;44.8;60.2;77.9;16.9 °C;19.2;20.1;20.1;19.9;19.9
2024-04-18 02:06:10;32.1;34.1;38.1;44.8;60.2;77.9;16.9 °C;19.2;20.1;20.1;19.9;19.8
2024-04-18 02:16:14;32.1;34.2;38.2;44.7;60.2;77.9;16.8 °C;19.1;20.1;20.1;19.9;19.8
2024-04-18 02:26:11;32.1;34.3;38.1;44.8;60.2;77.9;16.8 °C;19.1;20.1;20.1;19.9;19.8
2024-04-18 02:36:10;32.1;34.3;38.2;44.8;60.2;77.9;16.7 °C;19.1;20.1;20.1;19.9;19.8
2024-04-18 02:46:14;32.0;34.2;38.1;44.8;60.2;77.9;16.6 °C;19;20;20.1;19.9;19.8
2024-04-18 02:56:07;32.0;34.2;38.1;44.8;60.2;78.0;16.6 °C;18.9;20;20.1;19.9;19.8
2024-04-18 03:06:14;32.1;34.2;38.1;44.8;60.2;77.9;16.5 °C;18.9;20;20.1;19.9;19.8
2024-04-18 03:16:15;32.0;34.2;38.1;44.8;60.2;77.9;16.4 °C;18.9;19.9;20.1;19.9;19.8
2024-04-18 03:26:07;32.1;34.1;38.1;44.8;60.2;77.9;16.4 °C;18.8;19.9;20.1;19.9;19.8
2024-04-18 03:36:09;32.1;34.2;38.2;44.8;60.2;77.9;16.3 °C;18.8;19.9;20;19.9;19.8
2024-04-18 03:46:10;32.0;34.1;38.1;44.7;60.2;77.9;16.3 °C;18.8;19.9;20;19.9;19.8
2024-04-18 03:56:10;32.1;34.1;38.1;44.7;60.2;77.9;16.2 °C;18.8;19.9;20;19.9;19.8
2024-04-18 04:06:12;32.1;34.2;38.1;44.7;60.2;77.9;16.1 °C;18.7;19.8;20;19.9;19.8
2024-04-18 04:16:10;32.1;34.2;38.1;44.7;60.2;77.9;16.1 °C;18.6;19.8;20;19.9;19.8
2024-04-18 04:26:11;32.1;34.1;38.1;44.7;60.2;77.9;16 °C;18.6;19.8;19.9;19.9;19.8
2024-04-18 04:36:10;32.1;34.2;38.1;44.7;60.2;77.9;15.9 °C;18.6;19.8;19.9;19.9;19.8
2024-04-18 04:46:11;32.1;34.2;38.1;44.7;60.2;77.9;15.9 °C;18.5;19.8;19.9;19.9;19.8
2024-04-18 04:56:12;32.2;34.1;38.1;44.7;60.2;77.9;15.8 °C;18.5;19.7;19.9;19.9;19.8
2024-04-18 05:06:12;32.1;34.1;38.1;44.7;60.2;77.9;15.8 °C;18.4;19.7;19.9;19.9;19.8
2024-04-18 05:16:09;32.3;34.1;38.1;44.7;60.2;77.9;15.7 °C;18.4;19.7;19.9;19.9;19.8
2024-04-18 05:26:13;32.2;34.1;38.1;44.7;60.2;77.9;15.6 °C;18.4;19.6;19.9;19.9;19.8
2024-04-18 05:36:10;32.1;34.1;38.1;44.7;60.2;77.9;15.6 °C;18.3;19.6;19.9;19.9;19.8
2024-04-18 05:46:10;32.2;34.1;38.1;44.7;60.2;77.9;15.5 °C;18.3;19.6;19.9;19.9;19.8
2024-04-18 05:56:11;32.1;34.1;38.1;44.7;60.2;77.9;15.5 °C;18.3;19.6;19.9;19.8;19.8
2024-04-18 06:06:14;32.5;34.1;38.1;44.7;60.2;77.9;15.4 °C;18.2;19.6;19.8;19.8;19.8
2024-04-18 06:16:14;32.4;34.1;38.1;44.7;60.2;77.9;15.4 °C;18.1;19.5;19.8;19.8;19.8
2024-04-18 06:26:12;32.3;34.1;38.1;44.7;60.2;77.9;15.3 °C;18.1;19.5;19.8;19.8;19.8
2024-04-18 06:36:15;32.5;34.1;38.1;44.6;60.1;77.9;15.3 °C;18.1;19.4;19.8;19.8;19.8
2024-04-18 06:46:09;32.5;34.1;38.1;44.6;60.2;77.9;15.3 °C;18;19.4;19.8;19.8;19.8
2024-04-18 06:56:13;32.3;34.1;38.1;44.6;60.1;77.9;15.2 °C;18;19.4;19.8;19.8;19.8
2024-04-18 07:06:11;32.6;34.1;38.0;44.6;60.1;77.9;15.2 °C;17.9;19.4;19.8;19.8;19.8
2024-04-18 07:16:13;32.6;34.1;38.1;44.6;60.1;77.9;15.1 °C;17.9;19.4;19.8;19.8;19.8
2024-04-18 07:26:14;32.9;34.1;38.1;44.6;60.1;77.9;15.1 °C;17.9;19.3;19.7;19.8;19.8
2024-04-18 07:36:11;32.9;34.1;38.1;44.6;60.1;77.9;15.1 °C;17.8;19.3;19.7;19.8;19.8
2024-04-18 07:46:09;32.8;34.1;38.1;44.6;60.1;77.9;15.1 °C;17.8;19.3;19.7;19.8;19.8
2024-04-18 07:56:13;32.9;34.1;38.1;44.6;60.1;77.9;15.1 °C;17.8;19.3;19.7;19.8;19.8
2024-04-18 08:06:12;32.9;34.2;38.1;44.6;60.1;77.9;15.1 °C;17.8;19.3;19.6;19.8;19.8
2024-04-18 08:16:07;32.9;34.1;38.1;44.6;60.1;77.9;15.1 °C;17.7;19.2;19.6;19.8;19.8
2024-04-18 08:26:10;32.9;34.1;38.1;44.6;60.1;77.9;15.2 °C;17.6;19.2;19.6;19.8;19.8
2024-04-18 08:36:10;33.0;34.1;38.1;44.6;60.1;77.9;15.2 °C;17.6;19.1;19.6;19.7;19.8
2024-04-18 08:46:07;32.9;34.1;38.1;44.6;60.1;77.9;15.3 °C;17.6;19.1;19.6;19.7;19.8
2024-04-18 08:56:10;32.8;34.1;38.1;44.6;60.1;77.9;15.4 °C;17.6;19.1;19.6;19.7;19.7
2024-04-18 09:06:14;32.4;34.1;38.1;44.6;60.1;77.9;15.4 °C;17.6;19.1;19.6;19.7;19.7
2024-04-18 09:16:12;32.5;34.1;38.1;44.6;60.1;77.9;15.6 °C;17.5;19.1;19.6;19.7;19.7
2024-04-18 09:26:10;32.4;34.1;38.1;44.6;60.1;77.9;15.7 °C;17.5;19;19.5;19.7;19.7
2024-04-18 09:36:12;32.4;34.1;38.1;44.6;60.1;77.9;15.8 °C;17.5;19;19.5;19.7;19.7
2024-04-18 09:46:15;32.4;34.1;38.1;44.6;60.1;77.9;15.9 °C;17.4;18.9;19.5;19.6;19.7
2024-04-18 09:56:08;32.4;34.1;38.1;44.6;60.1;77.9;16 °C;17.4;18.9;19.4;19.6;19.7
2024-04-18 10:06:07;32.4;34.1;38.1;44.6;60.1;77.9;16.2 °C;17.4;18.9;19.4;19.6;19.7
2024-04-18 10:16:13;32.5;34.1;38.0;44.6;60.1;77.9;16.4 °C;17.4;18.9;19.4;19.6;19.7
2024-04-18 10:26:10;32.3;34.1;38.1;44.6;60.1;77.9;16.6 °C;17.4;18.9;19.4;19.6;19.7
2024-04-18 10:36:15;32.3;34.1;38.0;44.6;60.1;77.9;16.8 °C;17.4;18.9;19.4;19.6;19.7
2024-04-18 10:46:12;32.2;34.1;38.0;44.6;60.1;77.9;16.9 °C;17.4;18.8;19.4;19.6;19.7
2024-04-18 10:56:12;32.3;34.1;38.0;44.6;60.1;77.9;17.1 °C;17.4;18.8;19.4;19.6;19.6
2024-04-18 11:06:10;32.3;34.1;38.0;44.6;60.1;77.9;17.3 °C;17.4;18.8;19.4;19.6;19.6
2024-04-18 11:16:07;32.3;34.1;38.0;44.6;60.1;77.9;17.5 °C;17.5;18.8;19.3;19.6;19.6
2024-04-18 11:26:13;32.3;34.1;38.0;44.6;60.1;77.9;17.7 °C;17.5;18.8;19.3;19.6;19.6
2024-04-18 11:36:09;32.3;34.2;38.0;44.6;60.1;77.9;17.9 °C;17.5;18.8;19.3;19.6;19.6
2024-04-18 11:46:13;32.3;34.2;38.0;44.5;60.1;77.9;18.1 °C;17.6;18.7;19.3;19.6;19.6
2024-04-18 11:56:14;32.3;34.2;38.0;44.5;60.1;77.9;18.3 °C;17.6;18.7;19.3;19.5;19.6
2024-04-18 12:06:10;32.3;34.1;38.0;44.5;60.1;77.9;18.4 °C;17.6;18.7;19.3;19.5;19.6
2024-04-18 12:16:12;32.3;34.1;38.0;44.5;60.1;77.9;18.4 °C;17.6;18.7;19.3;19.5;19.6
2024-04-18 12:26:14;32.3;34.2;38.0;44.5;60.1;77.9;18.6 °C;17.7;18.7;19.2;19.5;19.6
2024-04-18 12:36:08;32.4;34.2;38.0;44.5;60.1;77.9;18.6 °C;17.8;18.7;19.2;19.5;19.6
2024-04-18 12:46:11;32.4;34.2;38.0;44.5;60.1;77.9;18.7 °C;17.8;18.6;19.2;19.5;19.6
2024-04-18 12:56:08;32.4;34.2;38.0;44.5;60.1;77.9;18.7 °C;17.8;18.6;19.2;19.4;19.6
2024-04-18 13:06:12;32.4;34.2;38.0;44.5;60.1;77.9;18.7 °C;17.8;18.6;19.1;19.4;19.6
2024-04-18 13:16:10;32.4;34.2;38.0;44.5;60.1;77.9;18.7 °C;17.9;18.6;19.1;19.4;19.6
2024-04-18 13:26:12;32.4;34.2;38.0;44.5;60.1;77.9;18.7 °C;17.9;18.6;19.1;19.4;19.6
2024-04-18 13:36:10;32.4;34.2;38.0;44.5;60.1;77.9;18.7 °C;17.9;18.6;19.1;19.4;19.6
2024-04-18 13:46:07;32.5;34.2;38.0;44.5;60.1;77.9;18.7 °C;18;18.6;19.1;19.4;19.6
2024-04-18 13:56:09;32.4;34.2;38.0;44.5;60.1;77.9;18.7 °C;18;18.6;19.1;19.4;19.6
2024-04-18 14:06:09;32.4;34.2;38.0;44.5;60.0;77.9;18.6 °C;18.1;18.6;19.1;19.4;19.6
2024-04-18 14:16:13;32.5;34.2;38.0;44.5;60.0;77.9;18.6 °C;18.1;18.6;19.1;19.4;19.6
2024-04-18 14:26:13;32.4;34.2;38.0;44.5;60.0;77.9;18.5 °C;18.1;18.6;19.1;19.4;19.5
2024-04-18 14:36:13;32.4;34.2;38.0;44.5;60.0;77.9;18.5 °C;18.1;18.6;19.1;19.4;19.5
2024-04-18 14:46:13;32.4;34.2;38.0;44.5;60.1;77.9;18.5 °C;18.1;18.6;19.1;19.3;19.5
2024-04-18 14:56:09;32.5;34.2;38.0;44.4;60.1;77.9;18.5 °C;18.2;18.6;19;19.3;19.5
2024-04-18 15:06:09;32.3;34.2;38.0;44.4;60.1;77.9;18.6 °C;18.2;18.6;19;19.3;19.5
2024-04-18 15:16:10;32.4;34.2;38.0;44.4;60.1;77.9;18.6 °C;18.2;18.7;19;19.3;19.5
2024-04-18 15:26:07;32.4;34.2;38.0;44.4;60.1;77.9;18.6 °C;18.2;18.7;19;19.3;19.5
2024-04-18 15:36:10;32.4;34.2;38.0;44.4;60.0;77.9;18.6 °C;18.3;18.7;19;19.3;19.5
2024-04-18 15:46:12;32.4;34.2;38.0;44.4;60.1;77.9;18.7 °C;18.3;18.7;19;19.3;19.5
2024-04-18 15:56:10;32.4;34.2;38.0;44.4;60.0;77.9;18.7 °C;18.3;18.7;19;19.3;19.5
2024-04-18 16:06:11;32.4;34.2;38.0;44.4;60.0;77.9;18.7 °C;18.3;18.7;19;19.3;19.4
2024-04-18 16:16:10;32.4;34.2;38.0;44.4;60.0;77.9;18.8 °C;18.3;18.7;19;19.3;19.4
2024-04-18 16:26:08;32.4;34.2;38.0;44.4;60.0;77.9;18.8 °C;18.3;18.7;18.9;19.3;19.4
2024-04-18 16:36:08;32.5;34.2;38.0;44.4;60.0;77.9;18.8 °C;18.3;18.7;18.9;19.3;19.4
2024-04-18 16:46:14;32.4;34.2;38.0;44.4;60.0;77.9;18.8 °C;18.3;18.7;18.9;19.3;19.4
2024-04-18 16:56:11;32.4;34.2;38.0;44.4;60.0;77.8;18.8 °C;18.3;18.7;18.9;19.3;19.4
2024-04-18 17:06:09;32.4;34.2;38.0;44.4;60.0;77.8;18.7 °C;18.4;18.7;18.9;19.2;19.4
2024-04-18 17:16:15;32.4;34.2;38.0;44.4;60.0;77.8;18.7 °C;18.4;18.7;18.9;19.2;19.4
2024-04-18 17:26:08;32.4;34.2;38.0;44.4;60.0;77.8;18.7 °C;18.4;18.7;18.9;19.2;19.4
2024-04-18 17:36:11;32.4;34.2;38.0;44.4;60.0;77.8;18.7 °C;18.4;18.8;18.9;19.2;19.4
2024-04-18 17:46:09;32.4;34.2;38.0;44.4;60.0;77.8;18.7 °C;18.4;18.8;18.9;19.2;19.4
2024-04-18 17:56:10;32.4;34.2;38.0;44.5;60.0;77.8;18.7 °C;18.4;18.8;18.9;19.2;19.4
2024-04-18 18:06:12;32.4;34.2;38.0;44.4;60.0;77.8;18.7 °C;18.4;18.8;18.9;19.2;19.4
2024-04-18 18:16:14;32.4;34.2;38.0;44.4;60.0;77.8;18.7 °C;18.4;18.8;18.9;19.2;19.4
2024-04-18 18:26:11;32.5;34.2;38.0;44.4;60.0;77.8;18.7 °C;18.4;18.8;18.9;19.1;19.4
2024-04-18 18:36:09;32.5;34.2;38.0;44.4;60.0;77.8;18.7 °C;18.4;18.8;18.9;19.1;19.4
2024-04-18 18:46:10;32.6;34.2;38.0;44.4;60.0;77.8;18.6 °C;18.4;18.8;18.9;19.1;19.4
2024-04-18 18:56:07;32.5;34.2;38.0;44.4;60.0;77.8;18.6 °C;18.4;18.8;18.9;19.1;19.4
2024-04-18 19:06:13;32.5;34.2;38.0;44.4;60.0;77.8;18.6 °C;18.4;18.8;18.9;19.1;19.4
2024-04-18 19:16:14;32.6;34.2;38.0;44.4;60.0;77.8;18.6 °C;18.4;18.8;18.9;19.1;19.3
2024-04-18 19:26:12;32.6;34.2;38.0;44.4;60.0;77.8;18.5 °C;18.5;18.8;18.9;19.1;19.3
2024-04-18 19:36:07;32.5;34.2;38.0;44.4;60.0;77.8;18.4 °C;18.5;18.8;18.9;19.1;19.3
2024-04-18 19:46:14;32.6;34.2;38.0;44.4;60.0;77.8;18.4 °C;18.5;18.8;18.9;19.1;19.3
2024-04-18 19:56:08;32.3;34.2;38.0;44.4;60.0;77.8;18.3 °C;18.5;18.8;18.9;19.1;19.3
2024-04-18 20:06:12;32.4;34.2;38.0;44.4;60.0;77.8;18.2 °C;18.5;18.8;18.9;19.1;19.3
2024-04-18 20:16:08;32.3;34.1;38.0;44.4;60.0;77.8;18.1 °C;18.5;18.8;18.9;19.1;19.3
2024-04-18 20:26:12;32.4;34.2;38.0;44.4;60.0;77.8;18.1 °C;18.5;18.8;18.9;19.1;19.3
2024-04-18 20:36:07;32.4;34.2;38.0;44.4;60.0;77.8;17.9 °C;18.4;18.8;18.9;19.1;19.3
2024-04-18 20:46:13;32.4;34.2;38.0;44.4;60.0;77.8;17.9 °C;18.4;18.8;18.9;19.1;19.3
2024-04-18 20:56:13;32.4;34.1;38.0;44.4;60.0;77.8;17.8 °C;18.4;18.8;18.9;19.1;19.3
2024-04-18 21:06:10;32.5;34.1;38.0;44.4;59.9;77.8;17.8 °C;18.4;18.8;18.9;19.1;19.3
2024-04-18 21:16:12;32.4;34.2;38.0;44.4;59.9;77.8;17.6 °C;18.4;18.8;18.9;19.1;19.3
2024-04-18 21:26:11;32.4;34.2;38.0;44.4;60.0;77.8;17.6 °C;18.4;18.8;18.9;19.1;19.3
2024-04-18 21:36:11;32.5;34.2;38.0;44.4;60.0;77.8;17.5 °C;18.4;18.8;18.9;19.1;19.3
2024-04-18 21:46:10;32.3;34.1;38.0;44.4;60.0;77.8;17.4 °C;18.4;18.8;18.9;19.1;19.3
2024-04-18 21:56:08;32.5;34.1;38.0;44.4;59.9;77.8;17.4 °C;18.4;18.8;18.9;19.1;19.3
2024-04-18 22:06:12;32.3;34.1;38.0;44.4;59.9;77.8;17.3 °C;18.3;18.8;18.9;19.1;19.3
2024-04-18 22:16:12;32.4;34.2;38.0;44.4;60.0;77.8;17.3 °C;18.3;18.8;18.9;19.1;19.3
2024-04-18 22:26:08;32.4;34.1;38.0;44.4;59.9;77.8;17.2 °C;18.3;18.8;18.9;19.1;19.3
2024-04-18 22:36:08;32.3;34.1;38.0;44.4;60.0;77.8;17.1 °C;18.3;18.8;18.9;19;19.3
2024-04-18 22:46:11;32.3;34.1;38.0;44.4;59.9;77.8;17 °C;18.3;18.8;18.9;19;19.3
2024-04-18 22:56:13;32.4;34.1;38.0;44.4;60.0;77.8;16.9 °C;18.3;18.8;18.9;19;19.3
2024-04-18 23:06:12;32.5;34.1;38.0;44.4;59.9;77.8;16.9 °C;18.2;18.8;18.9;19;19.3
2024-04-18 23:16:13;32.4;34.1;38.0;44.4;59.9;77.8;16.8 °C;18.2;18.8;18.9;19;19.2
2024-04-18 23:26:10;32.4;34.1;38.0;44.4;59.9;77.8;16.7 °C;18.2;18.8;18.9;19;19.2
2024-04-18 23:36:07;32.4;34.1;38.0;44.4;59.9;77.8;16.6 °C;18.1;18.8;18.9;19;19.2
2024-04-18 23:46:11;32.4;34.1;38.0;44.3;59.9;77.8;16.6 °C;18.1;18.8;18.9;19;19.2
2024-04-18 23:56:14;32.4;34.1;38.0;44.4;59.9;77.8;16.5 °C;18.1;18.8;18.9;19;19.2
2024-04-19 00:06:12;32.4;34.1;38.0;44.4;59.9;77.8;16.4 °C;18.1;18.8;18.9;19;19.2
2024-04-19 00:16:06;32.3;34.1;38.0;44.3;59.9;77.8;16.4 °C;18;18.8;18.9;19;19.2
2024-04-19 00:26:13;32.3;34.1;38.0;44.4;59.9;77.8;16.3 °C;18;18.7;18.9;19;19.2
2024-04-19 00:36:10;32.3;34.1;38.0;44.3;59.9;77.8;16.2 °C;17.9;18.7;18.8;19;19.2
2024-04-19 00:46:08;32.4;34.1;38.0;44.3;59.9;77.8;16.1 °C;17.9;18.7;18.8;19;19.2
2024-04-19 00:56:07;32.3;34.1;38.0;44.3;59.9;77.8;16.1 °C;17.9;18.7;18.8;19;19.2
2024-04-19 01:06:11;32.3;34.1;38.0;44.4;59.9;77.8;16 °C;17.9;18.7;18.8;19;19.2
2024-04-19 01:16:09;32.3;34.1;38.0;44.3;59.9;77.8;15.9 °C;17.8;18.7;18.8;19;19.2
2024-04-19 01:26:11;32.3;34.1;38.0;44.3;59.9;77.8;15.9 °C;17.8;18.6;18.8;19;19.2
2024-04-19 01:36:10;32.4;34.2;38.0;44.3;59.9;77.7;15.9 °C;17.8;18.6;18.8;18.9;19.2
2024-04-19 01:46:08;32.4;34.2;38.0;44.3;59.9;77.7;15.8 °C;17.8;18.6;18.8;18.9;19.1
2024-04-19 01:56:08;32.4;34.1;38.0;44.3;59.9;77.7;15.8 °C;17.7;18.6;18.8;18.9;19.1
2024-04-19 02:06:12;32.3;34.2;38.0;44.3;59.9;77.8;15.7 °C;17.7;18.6;18.8;18.9;19.1
2024-04-19 02:16:06;32.3;34.1;38.0;44.3;59.9;77.7;15.7 °C;17.6;18.6;18.8;18.9;19.1
2024-04-19 02:26:09;32.3;34.1;38.0;44.3;59.9;77.7;15.6 °C;17.6;18.6;18.8;18.9;19.1
2024-04-19 02:36:14;32.4;34.1;38.0;44.3;59.9;77.7;15.6 °C;17.6;18.6;18.8;18.9;19.1
2024-04-19 02:46:06;32.3;34.1;38.0;44.3;59.9;77.7;15.6 °C;17.6;18.6;18.8;18.9;19.1
2024-04-19 02:56:08;32.4;34.1;38.0;44.3;59.9;77.7;15.6 °C;17.5;18.5;18.8;18.9;19.1
2024-04-19 03:06:13;32.4;34.1;38.0;44.3;59.9;77.7;15.5 °C;17.5;18.5;18.8;18.9;19.1
2024-04-19 03:16:10;32.4;34.1;38.0;44.3;59.9;77.7;15.5 °C;17.4;18.5;18.8;18.9;19.1
2024-04-19 03:26:10;32.4;34.1;38.0;44.3;59.9;77.7;15.4 °C;17.4;18.5;18.8;18.9;19.1
2024-04-19 03:36:09;32.4;34.1;38.0;44.3;59.9;77.7;15.4 °C;17.4;18.4;18.8;18.9;19.1
2024-04-19 03:46:10;32.5;34.1;38.0;44.3;59.9;77.7;15.4 °C;17.4;18.4;18.8;18.9;19.1
2024-04-19 03:56:12;32.6;34.1;38.0;44.3;59.9;77.7;15.4 °C;17.3;18.4;18.8;18.9;19.1
2024-04-19 04:06:12;32.5;34.1;38.0;44.3;59.9;77.7;15.4 °C;17.3;18.4;18.8;18.9;19.1
2024-04-19 04:16:07;32.5;34.1;37.9;44.3;59.9;77.7;15.3 °C;17.3;18.4;18.7;18.9;19.1
2024-04-19 04:26:07;32.5;34.0;37.9;44.3;59.9;77.7;15.3 °C;17.3;18.4;18.7;18.9;19.1
2024-04-19 04:36:14;32.4;34.0;37.9;44.3;59.8;77.7;15.3 °C;17.3;18.4;18.7;18.9;19.1
2024-04-19 04:46:08;32.4;34.0;37.9;44.3;59.9;77.7;15.3 °C;17.2;18.4;18.7;18.9;19.1
2024-04-19 04:56:07;32.4;34.0;37.9;44.3;59.8;77.7;15.3 °C;17.2;18.3;18.7;18.9;19.1
2024-04-19 05:06:07;32.4;34.0;37.9;44.3;59.8;77.7;15.3 °C;17.2;18.3;18.7;18.9;19.1
2024-04-19 05:16:13;32.4;34.1;37.9;44.3;59.8;77.6;15.3 °C;17.1;18.3;18.7;18.9;19.1
2024-04-19 05:26:11;32.3;34.1;37.9;44.3;59.8;77.6;15.3 °C;17.1;18.3;18.6;18.9;19.1
2024-04-19 05:36:10;32.4;34.0;38.0;44.2;59.7;77.5;15.3 °C;17.1;18.3;18.6;18.9;19.1
2024-04-19 05:46:12;32.3;34.1;38.0;44.2;59.7;77.5;15.3 °C;17.1;18.3;18.6;18.9;19.1
2024-04-19 05:56:12;32.3;34.0;37.9;44.2;59.6;77.5;15.2 °C;17.1;18.3;18.6;18.9;19.1
2024-04-19 06:06:10;32.3;34.0;37.9;44.2;59.6;77.4;15.2 °C;17;18.2;18.6;18.9;19.1
2024-04-19 06:16:08;32.3;34.0;37.9;44.2;59.6;77.4;15.2 °C;17;18.2;18.6;18.8;19.1
2024-04-19 06:26:09;32.3;34.0;38.0;44.2;59.6;77.4;15.2 °C;17;18.2;18.6;18.8;19.1
2024-04-19 06:36:10;32.2;34.1;38.0;44.2;59.5;77.3;15.1 °C;16.9;18.2;18.6;18.8;19.1
2024-04-19 06:46:07;32.2;34.0;38.0;44.2;59.5;77.3;15.1 °C;16.9;18.1;18.6;18.8;19.1
2024-04-19 06:56:06;32.2;34.0;38.0;44.2;59.5;77.3;15.1 °C;16.9;18.1;18.6;18.8;19.1
2024-04-19 07:06:09;32.4;34.0;38.0;44.2;59.5;77.3;15.1 °C;16.9;18.1;18.6;18.8;19.1
2024-04-19 07:16:14;32.4;34.0;38.0;44.2;59.6;77.3;15.1 °C;16.9;18.1;18.6;18.8;19
2024-04-19 07:26:10;32.4;34.0;38.0;44.2;59.6;77.3;15.1 °C;16.9;18.1;18.5;18.8;19
2024-04-19 07:36:08;32.5;34.0;38.0;44.2;59.5;77.3;15 °C;16.9;18.1;18.5;18.8;19
2024-04-19 07:46:13;32.5;34.0;38.0;44.2;59.5;77.3;15 °C;16.8;18.1;18.5;18.8;19
2024-04-19 07:56:10;32.5;34.0;38.0;44.2;59.5;77.3;14.9 °C;16.8;18.1;18.5;18.8;19
2024-04-19 08:06:07;32.5;34.0;38.0;44.2;59.5;77.3;14.9 °C;16.8;18;18.5;18.8;19
2024-04-19 08:16:06;32.5;34.1;38.0;44.2;59.5;77.3;14.9 °C;16.8;18;18.5;18.8;19
2024-04-19 08:26:13;32.5;34.1;38.0;44.2;59.5;77.3;14.9 °C;16.8;18;18.4;18.8;19
2024-04-19 08:36:14;32.5;34.1;38.0;44.2;59.5;77.3;14.9 °C;16.8;17.9;18.4;18.8;19
2024-04-19 08:46:12;32.5;34.1;38.0;44.2;59.5;77.3;14.9 °C;16.7;17.9;18.4;18.8;19
2024-04-19 08:56:07;32.5;34.1;38.0;44.2;59.5;77.3;14.9 °C;16.7;17.9;18.4;18.8;19
2024-04-19 09:06:11;32.5;34.0;38.0;44.2;59.5;77.3;14.9 °C;16.7;17.9;18.4;18.8;19
2024-04-19 09:16:13;32.5;34.1;38.0;44.2;59.5;77.3;14.9 °C;16.6;17.9;18.4;18.8;19
2024-04-19 09:26:06;32.5;34.1;38.0;44.2;59.5;77.3;14.9 °C;16.6;17.9;18.4;18.7;19
2024-04-19 09:36:08;32.5;34.1;38.0;44.2;59.5;77.3;14.9 °C;16.6;17.9;18.4;18.7;18.9
2024-04-19 09:46:09;32.6;34.1;38.0;44.2;59.5;77.3;14.9 °C;16.6;17.9;18.4;18.7;18.9
2024-04-19 09:56:09;32.6;34.1;38.0;44.2;59.5;77.3;14.9 °C;16.6;17.8;18.4;18.7;18.9
2024-04-19 10:06:10;32.6;34.1;38.0;44.1;59.5;77.3;14.9 °C;16.6;17.8;18.4;18.7;18.9
2024-04-19 10:16:08;32.6;34.1;38.0;44.2;59.5;77.3;14.9 °C;16.6;17.8;18.3;18.7;18.9
2024-04-19 10:26:14;32.5;34.1;38.0;44.2;59.5;77.3;14.9 °C;16.6;17.8;18.3;18.7;18.9
2024-04-19 10:36:12;32.7;34.1;38.0;44.2;59.5;77.3;15 °C;16.5;17.8;18.3;18.7;18.9
2024-04-19 10:46:11;32.6;34.1;38.0;44.2;59.5;77.3;15 °C;16.5;17.8;18.3;18.6;18.9
2024-04-19 10:56:06;32.6;34.1;38.0;44.2;59.5;77.3;15.1 °C;16.5;17.8;18.3;18.6;18.9
2024-04-19 11:06:12;32.8;34.1;38.0;44.2;59.5;77.3;15.1 °C;16.5;17.8;18.3;18.6;18.9
2024-04-19 11:16:08;32.7;34.1;38.0;44.2;59.5;77.3;15.2 °C;16.5;17.8;18.3;18.6;18.9
2024-04-19 11:26:08;32.7;34.0;38.0;44.2;59.5;77.3;15.3 °C;16.4;17.7;18.3;18.6;18.9
2024-04-19 11:36:13;32.7;34.0;38.0;44.2;59.5;77.3;15.3 °C;16.4;17.7;18.3;18.6;18.9
2024-04-19 11:46:09;32.8;34.0;37.9;44.2;59.5;77.3;15.4 °C;16.4;17.7;18.3;18.6;18.9
2024-04-19 11:56:10;32.8;34.0;37.9;44.2;59.5;77.3;15.4 °C;16.4;17.7;18.3;18.6;18.9
2024-04-19 12:06:09;32.8;34.0;38.0;44.2;59.5;77.3;15.5 °C;16.4;17.6;18.2;18.6;18.9
2024-04-19 12:16:09;32.8;34.0;37.9;44.2;59.5;77.4;15.5 °C;16.4;17.6;18.2;18.6;18.9
2024-04-19 12:26:10;32.8;34.0;37.9;44.1;59.5;77.4;15.6 °C;16.4;17.6;18.2;18.6;18.9
2024-04-19 12:36:14;32.8;34.0;37.9;44.2;59.5;77.4;15.6 °C;16.4;17.6;18.2;18.6;18.9
2024-04-19 12:46:11;32.9;34.0;37.9;44.2;59.5;77.4;15.6 °C;16.4;17.6;18.2;18.6;18.9
2024-04-19 12:56:06;32.9;34.1;38.0;44.1;59.5;77.4;15.7 °C;16.4;17.6;18.1;18.6;18.9
2024-04-19 13:06:13;32.9;34.1;38.0;44.1;59.5;77.4;15.8 °C;16.4;17.6;18.1;18.6;18.9
2024-04-19 13:16:10;32.9;34.1;38.0;44.2;59.5;77.4;15.9 °C;16.4;17.6;18.1;18.6;18.9
2024-04-19 13:26:07;32.9;34.1;38.0;44.1;59.5;77.4;15.9 °C;16.5;17.6;18.1;18.5;18.9
2024-04-19 13:36:07;33.0;34.1;38.0;44.1;59.5;77.4;15.9 °C;16.5;17.6;18.1;18.5;18.8
2024-04-19 13:46:13;33.1;34.1;38.0;44.1;59.5;77.4;16 °C;16.5;17.6;18.1;18.5;18.8
2024-04-19 13:56:10;33.1;34.1;38.0;44.1;59.5;77.4;16 °C;16.5;17.5;18.1;18.5;18.8
2024-04-19 14:06:09;33.1;34.1;38.0;44.1;59.5;77.4;16.1 °C;16.5;17.5;18.1;18.5;18.8
2024-04-19 14:16:11;33.1;34.1;38.0;44.1;59.5;77.4;16.1 °C;16.5;17.5;18.1;18.5;18.8
2024-04-19 14:26:11;33.0;34.1;38.0;44.1;59.5;77.4;16.1 °C;16.5;17.5;18.1;18.5;18.8
2024-04-19 14:36:12;33.0;34.1;38.0;44.1;59.5;77.4;16.3 °C;16.6;17.5;18.1;18.5;18.8
2024-04-19 14:46:07;33.1;34.1;38.0;44.1;59.5;77.4;16.4 °C;16.6;17.5;18.1;18.4;18.8
2024-04-19 14:56:10;33.0;34.1;38.0;44.1;59.6;77.4;16.4 °C;16.6;17.5;18;18.4;18.8
2024-04-19 15:06:13;33.1;34.1;37.9;44.1;59.5;77.4;16.5 °C;16.6;17.5;18;18.4;18.8
2024-04-19 15:16:09;33.1;34.1;37.9;44.1;59.5;77.4;16.6 °C;16.6;17.5;18;18.4;18.8
2024-04-19 15:26:10;33.1;34.1;38.0;44.1;59.6;77.4;16.6 °C;16.6;17.5;18;18.4;18.8
2024-04-19 15:36:13;33.1;34.1;37.9;44.1;59.5;77.4;16.6 °C;16.6;17.4;18;18.4;18.8
2024-04-19 15:46:09;33.1;34.1;38.0;44.1;59.5;77.4;16.7 °C;16.6;17.4;18;18.4;18.8
2024-04-19 15:56:10;33.2;34.1;38.0;44.1;59.5;77.4;16.7 °C;16.7;17.4;18;18.4;18.8
2024-04-19 16:06:12;33.1;34.1;37.9;44.1;59.5;77.4;16.8 °C;16.7;17.4;17.9;18.4;18.8
2024-04-19 16:16:08;33.2;34.1;38.0;44.1;59.5;77.4;16.8 °C;16.7;17.4;17.9;18.4;18.8
2024-04-19 16:26:14;33.2;34.1;38.0;44.1;59.5;77.4;16.8 °C;16.7;17.4;17.9;18.4;18.8
2024-04-19 16:36:07;33.3;34.1;38.0;44.1;59.5;77.4;16.7 °C;16.8;17.4;17.9;18.4;18.8
2024-04-19 16:46:10;33.3;34.1;38.0;44.1;59.5;77.4;16.7 °C;16.8;17.4;17.9;18.4;18.8
2024-04-19 16:56:08;33.3;34.1;38.0;44.1;59.5;77.4;16.7 °C;16.8;17.4;17.9;18.4;18.8
2024-04-19 17:06:08;33.3;34.1;38.0;44.1;59.5;77.4;16.6 °C;16.8;17.4;17.9;18.4;18.8
2024-04-19 17:16:12;33.3;34.1;38.0;44.1;59.6;77.4;16.6 °C;16.8;17.4;17.9;18.3;18.7
2024-04-19 17:26:08;33.3;34.1;38.0;44.1;59.6;77.4;16.6 °C;16.8;17.4;17.9;18.3;18.7
2024-04-19 17:36:12;33.3;34.1;38.0;44.1;59.6;77.4;16.6 °C;16.8;17.4;17.9;18.3;18.7
2024-04-19 17:46:12;33.3;34.1;38.0;44.1;59.5;77.4;16.6 °C;16.8;17.4;17.9;18.3;18.7
2024-04-19 17:56:08;33.4;34.0;38.0;44.1;59.6;77.4;16.5 °C;16.8;17.4;17.9;18.3;18.7
2024-04-19 18:06:12;33.4;34.1;38.0;44.1;59.5;77.4;16.5 °C;16.8;17.4;17.9;18.3;18.7
2024-04-19 18:16:08;33.3;34.1;38.0;44.1;59.5;77.4;16.4 °C;16.8;17.4;17.9;18.3;18.7
2024-04-19 18:26:09;33.3;34.1;38.0;44.1;59.5;77.4;16.4 °C;16.8;17.4;17.9;18.3;18.7
2024-04-19 18:36:11;33.4;34.1;38.0;44.1;59.5;77.4;16.4 °C;16.8;17.4;17.9;18.3;18.7
2024-04-19 18:46:10;33.4;34.1;38.0;44.1;59.5;77.4;16.3 °C;16.8;17.4;17.9;18.3;18.7
2024-04-19 18:56:09;33.3;34.1;38.0;44.1;59.5;77.4;16.3 °C;16.8;17.4;17.9;18.3;18.6
2024-04-19 19:06:11;33.3;34.1;38.0;44.1;59.5;77.4;16.2 °C;16.8;17.4;17.9;18.3;18.6
2024-04-19 19:16:10;33.3;34.1;38.0;44.1;59.5;77.4;16.1 °C;16.8;17.4;17.9;18.3;18.6
2024-04-19 19:26:13;33.3;34.0;38.0;44.1;59.5;77.4;16.1 °C;16.8;17.4;17.9;18.3;18.6
2024-04-19 19:36:10;33.3;34.1;38.0;44.1;59.5;77.4;16 °C;16.8;17.4;17.8;18.3;18.6
2024-04-19 19:46:12;33.3;34.1;38.0;44.1;59.5;77.4;15.9 °C;16.8;17.4;17.8;18.3;18.6
2024-04-19 19:56:08;33.2;34.1;38.0;44.1;59.5;77.4;15.9 °C;16.8;17.4;17.8;18.3;18.6
2024-04-19 20:06:08;33.2;34.1;38.0;44.1;59.5;77.4;15.8 °C;16.8;17.4;17.8;18.3;18.6
2024-04-19 20:16:09;33.2;34.1;38.0;44.1;59.5;77.4;15.8 °C;16.8;17.4;17.8;18.2;18.6
2024-04-19 20:26:07;33.3;34.1;38.0;44.1;59.5;77.4;15.7 °C;16.8;17.4;17.8;18.2;18.6
2024-04-19 20:36:07;33.3;34.1;38.0;44.1;59.5;77.4;15.6 °C;16.8;17.4;17.8;18.2;18.6
2024-04-19 20:46:06;33.3;34.1;38.0;44.1;59.5;77.4;15.6 °C;16.8;17.4;17.8;18.2;18.6
2024-04-19 20:56:08;33.3;34.1;38.0;44.1;59.5;77.4;15.5 °C;16.8;17.4;17.8;18.2;18.6
2024-04-19 21:06:12;33.3;34.1;38.0;44.1;59.5;77.4;15.4 °C;16.7;17.4;17.8;18.2;18.6
2024-04-19 21:16:13;33.3;34.1;38.0;44.1;59.5;77.4;15.4 °C;16.7;17.4;17.8;18.2;18.6
2024-04-19 21:26:10;33.3;34.1;38.0;44.1;59.5;77.4;15.3 °C;16.7;17.4;17.8;18.2;18.6
2024-04-19 21:36:08;33.3;34.1;38.0;44.1;59.5;77.4;15.3 °C;16.6;17.4;17.8;18.2;18.6
2024-04-19 21:46:09;33.3;34.1;38.0;44.1;59.5;77.4;15.1 °C;16.6;17.4;17.8;18.2;18.6
2024-04-19 21:56:05;33.3;34.1;38.0;44.1;59.5;77.4;15.1 °C;16.6;17.4;17.8;18.2;18.6
2024-04-19 22:06:12;33.3;34.1;38.0;44.1;59.5;77.3;15 °C;16.6;17.4;17.8;18.1;18.6
2024-04-19 22:16:13;33.3;34.1;38.0;44.1;59.5;77.4;14.9 °C;16.6;17.4;17.8;18.1;18.6
2024-04-19 22:26:11;33.3;34.1;38.0;44.1;59.5;77.4;14.9 °C;16.6;17.4;17.8;18.1;18.6
2024-04-19 22:36:07;33.4;34.1;38.0;44.1;59.5;77.4;14.8 °C;16.5;17.4;17.8;18.1;18.5
2024-04-19 22:46:10;33.3;34.1;38.0;44.1;59.5;77.4;14.8 °C;16.5;17.4;17.8;18.1;18.5
2024-04-19 22:56:10;33.3;34.0;38.0;44.1;59.5;77.4;14.7 °C;16.4;17.4;17.8;18.1;18.5
2024-04-19 23:06:13;33.4;34.1;38.0;44.1;59.5;77.4;14.6 °C;16.4;17.4;17.8;18.1;18.5
2024-04-19 23:16:11;33.3;34.0;38.0;44.1;59.5;77.4;14.6 °C;16.4;17.4;17.8;18.1;18.5
2024-04-19 23:26:11;33.3;34.1;38.0;44.1;59.5;77.4;14.5 °C;16.4;17.4;17.8;18.1;18.5
2024-04-19 23:36:10;33.4;34.1;38.0;44.1;59.5;77.4;14.4 °C;16.4;17.4;17.8;18.1;18.5
2024-04-19 23:46:11;33.5;34.1;38.0;44.1;59.5;77.4;14.4 °C;16.3;17.3;17.8;18.1;18.5
2024-04-19 23:56:08;33.5;34.1;38.0;44.1;59.5;77.4;14.3 °C;16.3;17.3;17.8;18.1;18.5
2024-04-20 00:06:09;33.6;34.1;38.0;44.1;59.5;77.4;14.3 °C;16.3;17.3;17.8;18.1;18.5
2024-04-20 00:16:07;33.7;34.0;38.0;44.1;59.5;77.4;14.2 °C;16.3;17.3;17.8;18.1;18.5
2024-04-20 00:26:11;33.6;34.1;38.0;44.1;59.5;77.4;14.1 °C;16.2;17.3;17.7;18.1;18.5
2024-04-20 00:36:05;33.6;34.0;38.0;44.0;59.5;77.4;14.1 °C;16.2;17.3;17.7;18.1;18.5
2024-04-20 00:46:08;33.7;34.1;38.0;44.0;59.5;77.3;14 °C;16.1;17.3;17.7;18.1;18.4
2024-04-20 00:56:13;33.7;34.1;38.0;44.0;59.5;77.3;13.9 °C;16.1;17.3;17.7;18.1;18.4
2024-04-20 01:06:06;33.6;34.0;38.0;44.0;59.5;77.3;13.9 °C;16.1;17.3;17.7;18.1;18.4
2024-04-20 01:16:08;33.6;34.0;38.0;44.0;59.5;77.3;13.9 °C;16.1;17.3;17.7;18.1;18.4
2024-04-20 01:26:12;33.6;34.0;37.9;44.0;59.5;77.3;13.8 °C;16.1;17.2;17.7;18.1;18.4
2024-04-20 01:36:07;33.6;34.1;38.0;44.0;59.5;77.3;13.8 °C;16;17.2;17.7;18.1;18.4
2024-04-20 01:46:12;33.6;34.0;38.0;44.0;59.5;77.3;13.7 °C;15.9;17.2;17.7;18.1;18.4
2024-04-20 01:56:13;33.7;34.0;37.9;44.0;59.5;77.3;13.6 °C;15.9;17.2;17.6;18.1;18.4
2024-04-20 02:16:07;33.7;34.0;38.0;44.0;59.5;77.3;13.5 °C;15.9;17.1;17.6;18.1;18.4
2024-04-20 02:26:11;33.7;34.1;38.0;44.0;59.5;77.3;13.4 °C;15.8;17.1;17.6;18;18.4
2024-04-20 02:36:10;33.6;34.1;38.0;44.0;59.5;77.3;13.4 °C;15.8;17.1;17.6;18;18.4
2024-04-20 02:56:09;33.4;34.1;37.9;44.0;59.5;77.3;13.3 °C;15.8;17.1;17.6;18;18.4
2024-04-20 03:06:07;33.4;34.0;38.0;44.0;59.5;77.3;13.3 °C;15.7;17.1;17.6;18;18.4
2024-04-20 03:36:09;33.5;34.0;37.9;44.0;59.4;77.3;13.1 °C;15.6;17;17.6;18;18.4
2024-04-20 03:46:10;33.6;34.0;37.9;44.0;59.4;77.3;13.1 °C;15.6;17;17.6;18;18.4
2024-04-20 04:06:12;33.5;34.0;37.9;44.0;59.4;77.3;12.9 °C;15.5;16.9;17.6;18;18.4
2024-04-20 04:36:13;33.6;34.1;37.9;44.0;59.5;77.3;12.8 °C;15.4;16.9;17.5;17.9;18.4
2024-04-20 11:56:07;33.7;34.1;37.9;43.9;59.3;77.2;15.8 °C;14.8;16.1;16.9;17.6;18.1
2024-04-20 12:16:12;33.7;34.1;37.9;43.9;59.3;77.2;16.2 °C;14.9;16.1;16.9;17.6;18.1
2024-04-20 12:26:07;33.7;34.1;37.9;43.9;59.3;77.2;16.3 °C;14.9;16;16.9;17.6;18.1
2024-04-20 12:36:07;33.7;34.1;37.9;43.9;59.3;77.2;16.4 °C;15;16;16.9;17.6;18.1
2024-04-20 12:46:06;33.7;34.1;37.9;43.9;59.3;77.2;16.6 °C;15.1;16;16.9;17.6;18.1
2024-04-20 12:56:09;33.8;34.1;37.9;43.9;59.3;77.2;16.8 °C;15.1;16;16.9;17.5;18.1
2024-04-20 13:06:07;33.7;34.1;37.9;43.9;59.3;77.2;16.9 °C;15.2;16;16.8;17.5;18.1
2024-04-20 13:16:12;33.8;34.1;37.9;43.9;59.3;77.2;16.9 °C;15.3;16;16.8;17.5;18.1
2024-04-20 13:26:12;33.7;34.1;37.9;43.9;59.3;77.1;17.1 °C;15.3;16.1;16.8;17.5;18.1
2024-04-20 13:36:05;33.7;34.2;37.9;43.9;59.3;77.2;17.1 °C;15.4;16.1;16.8;17.5;18.1
2024-04-20 13:46:08;33.8;34.1;37.9;43.9;59.3;77.2;17.3 °C;15.4;16.1;16.8;17.5;18.1
2024-04-20 13:56:08;33.8;34.1;37.9;43.9;59.3;77.1;17.3 °C;15.5;16.1;16.8;17.4;18
2024-04-20 14:06:05;33.8;34.2;37.9;43.9;59.3;77.1;17.4 °C;15.6;16.1;16.8;17.4;18
2024-04-20 14:16:09;33.8;34.1;37.9;43.9;59.3;77.1;17.4 °C;15.6;16.1;16.8;17.4;18
2024-04-20 14:26:10;33.7;34.1;37.9;43.9;59.3;77.1;17.4 °C;15.7;16.1;16.8;17.4;18
2024-04-20 14:36:05;33.7;34.2;37.9;43.9;59.3;77.1;17.4 °C;15.7;16.1;16.8;17.4;18
2024-04-20 14:46:07;33.7;34.2;37.9;43.9;59.3;77.1;17.4 °C;15.8;16.1;16.8;17.4;18
2024-04-20 14:56:12;33.7;34.2;37.9;43.9;59.3;77.1;17.4 °C;15.8;16.1;16.8;17.4;18
2024-04-20 15:06:08;33.7;34.1;37.9;43.9;59.3;77.1;17.3 °C;15.9;16.1;16.8;17.4;18
2024-04-20 15:16:09;33.7;34.2;37.9;43.9;59.3;77.1;17.3 °C;15.9;16.2;16.8;17.4;18
2024-04-20 15:26:07;33.7;34.2;38.0;43.9;59.3;77.1;17.3 °C;15.9;16.2;16.8;17.4;17.9
2024-04-20 15:36:07;33.7;34.2;38.0;43.9;59.3;77.1;17.3 °C;16;16.2;16.8;17.4;17.9
2024-04-20 15:46:12;33.7;34.2;37.9;43.9;59.3;77.1;17.3 °C;16.1;16.3;16.8;17.4;17.9
2024-04-20 15:56:08;33.7;34.2;37.9;43.9;59.3;77.1;17.3 °C;16.1;16.3;16.8;17.4;17.9
2024-04-20 16:06:09;33.7;34.2;37.9;43.9;59.2;77.1;17.3 °C;16.1;16.3;16.8;17.4;17.9
2024-04-20 16:16:08;33.7;34.2;38.0;43.9;59.2;77.1;17.2 °C;16.1;16.3;16.8;17.4;17.9
2024-04-20 16:26:06;33.7;34.2;38.0;43.9;59.2;77.1;17.2 °C;16.2;16.3;16.8;17.3;17.9
2024-04-20 16:36:06;33.7;34.2;38.0;43.9;59.2;77.0;17.2 °C;16.2;16.3;16.8;17.3;17.9
2024-04-20 16:46:10;33.6;34.2;38.0;43.9;59.2;77.1;17.2 °C;16.3;16.3;16.8;17.3;17.9
2024-04-20 16:56:06;33.7;34.2;38.0;43.9;59.2;77.0;17.1 °C;16.3;16.4;16.8;17.3;17.9
2024-04-20 17:06:08;33.7;34.2;38.0;43.9;59.2;77.0;17.1 °C;16.3;16.4;16.8;17.3;17.9
2024-04-20 17:16:09;33.7;34.2;38.0;43.9;59.2;77.1;17.1 °C;16.3;16.4;16.8;17.3;17.9
2024-04-20 17:26:12;33.8;34.2;38.0;43.9;59.2;77.1;17.1 °C;16.3;16.4;16.8;17.3;17.9
2024-04-20 17:36:10;33.7;34.2;38.0;43.9;59.2;77.1;17.2 °C;16.4;16.4;16.8;17.3;17.9
2024-04-20 17:46:06;33.7;34.2;38.0;43.9;59.2;77.1;17.2 °C;16.4;16.4;16.8;17.3;17.9
2024-04-20 17:56:12;33.7;34.2;38.0;43.9;59.2;77.1;17.3 °C;16.4;16.4;16.8;17.3;17.9
2024-04-20 18:06:05;33.7;34.2;38.0;43.9;59.2;77.1;17.3 °C;16.4;16.5;16.8;17.3;17.9
2024-04-20 18:16:11;33.7;34.1;38.0;43.9;59.2;77.1;17.3 °C;16.4;16.5;16.8;17.3;17.9
2024-04-20 18:26:12;33.7;34.1;38.0;43.9;59.2;77.1;17.3 °C;16.4;16.5;16.8;17.3;17.8
2024-04-20 18:36:06;33.7;34.2;38.0;43.9;59.2;77.1;17.2 °C;16.4;16.5;16.8;17.3;17.8
2024-04-20 18:46:06;33.7;34.2;38.0;43.9;59.2;77.1;17.2 °C;16.5;16.6;16.8;17.3;17.8
2024-04-20 18:56:10;33.7;34.2;38.0;43.9;59.2;77.1;17.1 °C;16.5;16.6;16.8;17.3;17.8
2024-04-20 19:06:10;33.8;34.2;38.0;43.9;59.2;77.1;17.1 °C;16.5;16.6;16.8;17.3;17.8
2024-04-20 19:16:06;33.8;34.2;38.0;43.9;59.2;77.1;17.1 °C;16.5;16.6;16.8;17.3;17.8
2024-04-20 19:26:06;33.8;34.1;38.0;43.9;59.2;77.0;17 °C;16.6;16.6;16.8;17.3;17.8
2024-04-20 19:36:10;33.7;34.2;38.0;43.9;59.2;77.1;17 °C;16.6;16.6;16.8;17.3;17.8
2024-04-20 19:46:09;33.8;34.2;38.0;43.9;59.2;77.1;16.9 °C;16.6;16.6;16.8;17.3;17.8
2024-04-20 19:56:08;33.8;34.2;38.0;43.9;59.2;77.1;16.9 °C;16.6;16.6;16.8;17.3;17.8
2024-04-20 20:06:10;33.8;34.1;38.0;43.9;59.2;77.1;16.8 °C;16.6;16.6;16.8;17.3;17.8
2024-04-20 20:16:09;33.8;34.1;38.0;43.9;59.2;77.1;16.8 °C;16.6;16.7;16.8;17.3;17.8
2024-04-20 20:26:11;33.7;34.1;38.0;43.9;59.2;77.1;16.7 °C;16.6;16.7;16.8;17.3;17.8
2024-04-20 20:36:11;33.7;34.2;38.0;43.9;59.2;77.1;16.6 °C;16.6;16.7;16.8;17.3;17.8
2024-04-20 20:46:08;33.8;34.1;38.0;43.9;59.2;77.1;16.6 °C;16.6;16.7;16.8;17.3;17.8
2024-04-20 20:56:06;33.8;34.1;38.0;43.9;59.2;77.1;16.5 °C;16.6;16.7;16.8;17.3;17.8
2024-04-20 21:06:09;33.8;34.1;38.0;43.9;59.2;77.1;16.4 °C;16.6;16.7;16.8;17.3;17.8
2024-04-20 21:16:11;33.8;34.1;38.0;43.9;59.2;77.1;16.3 °C;16.6;16.8;16.8;17.3;17.8
2024-04-20 21:26:12;33.7;34.1;38.0;43.9;59.2;77.1;16.3 °C;16.6;16.8;16.9;17.3;17.8
2024-04-20 21:36:10;33.8;34.1;38.0;43.9;59.2;77.1;16.2 °C;16.6;16.8;16.9;17.3;17.8
2024-04-20 21:46:09;33.8;34.1;38.0;43.9;59.2;77.1;16.1 °C;16.6;16.8;16.9;17.3;17.8
2024-04-20 21:56:11;33.7;34.1;38.0;43.9;59.2;77.1;16.1 °C;16.6;16.8;16.9;17.3;17.8
2024-04-20 22:06:07;33.7;34.1;38.0;43.9;59.2;77.1;15.9 °C;16.5;16.8;16.9;17.3;17.8
2024-04-20 22:16:08;33.8;34.1;38.0;43.9;59.2;77.1;15.9 °C;16.5;16.8;16.9;17.3;17.8
2024-04-20 22:26:05;33.8;34.1;38.0;43.9;59.2;77.0;15.8 °C;16.5;16.8;16.9;17.3;17.8
2024-04-20 22:36:12;33.9;34.1;38.0;43.9;59.2;77.1;15.8 °C;16.5;16.8;16.9;17.3;17.8
2024-04-20 22:46:09;33.7;34.1;38.0;43.9;59.2;77.1;15.7 °C;16.5;16.8;16.9;17.3;17.7
2024-04-20 22:56:08;33.7;34.1;38.0;43.9;59.2;77.0;15.6 °C;16.4;16.8;16.9;17.3;17.7
2024-04-20 23:06:10;33.8;34.1;38.0;43.9;59.2;77.0;15.6 °C;16.4;16.8;16.9;17.3;17.7
2024-04-20 23:16:10;33.8;34.1;38.0;43.9;59.2;77.0;15.6 °C;16.4;16.8;16.9;17.3;17.7
2024-04-20 23:26:09;33.8;34.1;38.0;43.9;59.2;77.0;15.5 °C;16.4;16.8;16.9;17.3;17.7
2024-04-20 23:36:07;33.8;34.1;38.0;43.9;59.2;77.0;15.4 °C;16.4;16.8;16.9;17.3;17.7
2024-04-20 23:46:07;33.7;34.1;38.0;43.9;59.2;77.1;15.4 °C;16.4;16.8;16.9;17.3;17.7
2024-04-20 23:56:08;33.8;34.1;38.0;43.9;59.2;77.0;15.4 °C;16.3;16.8;16.9;17.3;17.7
2024-04-21 00:06:05;33.7;34.1;38.0;43.9;59.2;77.1;15.3 °C;16.3;16.8;16.9;17.3;17.7
2024-04-21 00:16:07;33.8;34.1;38.0;43.9;59.2;77.0;15.3 °C;16.3;16.8;16.9;17.3;17.7
2024-04-21 00:26:11;33.7;34.1;38.0;43.9;59.2;77.0;15.3 °C;16.3;16.8;16.9;17.3;17.7
2024-04-21 00:36:12;33.7;34.1;38.0;43.9;59.2;77.0;15.3 °C;16.3;16.8;16.9;17.2;17.7
2024-04-21 00:46:09;33.7;34.1;38.0;43.9;59.2;77.0;15.2 °C;16.3;16.8;16.9;17.3;17.7
2024-04-21 00:56:06;33.7;34.0;38.0;43.9;59.2;77.0;15.2 °C;16.3;16.8;16.9;17.3;17.7
2024-04-21 01:06:07;33.7;34.1;38.0;43.9;59.2;77.0;15.1 °C;16.2;16.8;16.9;17.3;17.7
2024-04-21 01:16:08;33.7;34.1;38.0;43.9;59.2;77.0;15.1 °C;16.2;16.8;16.9;17.3;17.7
2024-04-21 01:26:06;33.6;34.1;38.0;43.9;59.2;77.0;15.1 °C;16.2;16.8;16.9;17.3;17.7
2024-04-21 01:36:04;33.6;34.1;38.0;43.9;59.2;77.0;15.1 °C;16.1;16.8;16.9;17.3;17.7
2024-04-21 01:46:07;33.7;34.1;38.0;43.9;59.2;77.0;15.1 °C;16.1;16.8;16.9;17.3;17.7
2024-04-21 01:56:12;33.7;34.1;38.0;43.9;59.2;77.0;15 °C;16.1;16.8;16.9;17.3;17.7
2024-04-21 02:06:09;33.8;34.1;38.0;43.9;59.2;77.0;15 °C;16.1;16.8;16.9;17.3;17.7
2024-04-21 02:16:05;33.8;34.1;38.0;43.9;59.2;77.0;15 °C;16.1;16.8;16.9;17.3;17.7
2024-04-21 02:36:06;33.8;34.0;38.0;43.9;59.2;77;14.9 °C;16.1;16.8;16.9;17.3;17.6
2024-04-21 02:46:10;34.1;34.1;38.0;43.9;59.2;77;14.9 °C;16.1;16.8;16.9;17.3;17.6
2024-04-21 02:56:04;33.9;34.1;38.0;43.9;59.2;77.0;14.9 °C;16;16.8;16.9;17.3;17.6
2024-04-21 03:06:07;33.9;34.1;38.0;43.9;59.2;77;14.9 °C;16;16.8;16.9;17.3;17.6
2024-04-21 03:16:12;33.9;34.1;38.0;43.9;59.2;77.0;14.8 °C;16;16.7;16.9;17.3;17.6
2024-04-21 03:26:06;33.9;34.1;38.0;43.9;59.2;77.0;14.8 °C;15.9;16.7;16.9;17.3;17.6
2024-04-21 03:36:05;33.9;34.0;38.0;43.9;59.2;77;14.8 °C;15.9;16.7;16.9;17.3;17.6
2024-04-21 03:46:04;33.9;34.0;38.0;43.8;59.2;77;14.8 °C;15.9;16.7;16.9;17.3;17.6
2024-04-21 03:56:11;33.9;34.0;38.0;43.8;59.2;77.0;14.8 °C;15.9;16.7;16.9;17.3;17.6
2024-04-21 04:06:12;33.8;34.0;38.0;43.8;59.2;77.0;14.7 °C;15.9;16.7;16.9;17.3;17.6
2024-04-21 04:16:10;33.9;34.0;38.0;43.8;59.2;77;14.6 °C;15.9;16.7;16.9;17.3;17.6
2024-04-21 04:26:06;33.8;34.0;38.0;43.8;59.2;77;14.6 °C;15.9;16.7;16.9;17.3;17.6
2024-04-21 04:36:10;33.8;34.0;38.0;43.8;59.2;77;14.6 °C;15.9;16.6;16.9;17.3;17.6
2024-04-21 04:46:10;33.8;34.1;38.0;43.8;59.2;77;14.5 °C;15.8;16.6;16.9;17.3;17.6
2024-04-21 04:56:09;33.7;34.1;38.0;43.8;59.2;77.0;14.5 °C;15.8;16.6;16.9;17.3;17.6
2024-04-21 05:06:05;33.7;34.1;38.0;43.8;59.2;77.0;14.4 °C;15.8;16.6;16.9;17.2;17.6
2024-04-21 05:16:12;33.8;34.0;38.0;43.8;59.2;77;14.4 °C;15.8;16.6;16.9;17.2;17.6
2024-04-21 05:26:05;33.8;34.1;38.0;43.8;59.2;77.0;14.3 °C;15.8;16.6;16.9;17.2;17.6
2024-04-21 05:36:08;33.8;34.0;38.0;43.8;59.2;77.0;14.3 °C;15.8;16.6;16.9;17.2;17.6
2024-04-21 05:46:07;33.8;34.0;38.0;43.8;59.2;77;14.3 °C;15.8;16.6;16.9;17.2;17.6
2024-04-21 05:56:08;33.8;34.0;38.0;43.8;59.2;77;14.2 °C;15.7;16.6;16.9;17.2;17.6
2024-04-21 06:06:10;33.8;34.0;38.0;43.8;59.2;77;14.2 °C;15.7;16.6;16.9;17.2;17.6
2024-04-21 06:16:09;33.8;34.0;38.0;43.8;59.2;77.0;14.1 °C;15.7;16.6;16.9;17.2;17.6
2024-04-21 06:26:04;33.8;34.0;38.0;43.8;59.2;77.0;14.1 °C;15.6;16.6;16.9;17.2;17.6
2024-04-21 06:36:07;33.8;34.0;38.0;43.8;59.2;77.0;14.1 °C;15.6;16.6;16.9;17.2;17.6
2024-04-21 06:46:08;33.8;34.0;38.0;43.8;59.2;77.0;14 °C;15.6;16.6;16.9;17.2;17.6
2024-04-21 06:56:05;33.7;34.0;38.0;43.8;59.2;77;13.9 °C;15.6;16.6;16.9;17.2;17.6
2024-04-21 07:06:05;33.8;34.0;38.0;43.8;59.2;77.0;13.9 °C;15.6;16.5;16.9;17.2;17.6
2024-04-21 07:36:05;33.8;34.0;38.0;43.8;59.2;77.0;13.8 °C;15.5;16.5;16.9;17.2;17.6
2024-04-21 07:46:08;33.8;34.0;37.9;43.8;59.2;77.0;13.8 °C;15.5;16.5;16.9;17.2;17.6
2024-04-21 08:26:06;33.8;34.0;37.9;43.8;59.2;77.0;13.8 °C;15.4;16.4;16.8;17.2;17.6
2024-04-21 08:36:07;33.8;34.0;37.9;43.8;59.2;77.0;13.8 °C;15.4;16.4;16.8;17.2;17.6
2024-04-21 08:46:08;33.8;34.0;38.0;43.8;59.2;77.0;13.8 °C;15.4;16.4;16.8;17.2;17.6
2024-04-21 10:46:08;33.8;34.0;37.9;43.8;59.2;77.0;15 °C;15.3;16.3;16.8;17.1;17.6
2024-04-21 11:06:10;33.7;34.0;37.9;43.8;59.2;77.0;15.3 °C;15.3;16.3;16.8;17.1;17.6
2024-04-21 11:16:10;33.8;34.0;37.9;43.8;59.2;77.0;15.4 °C;15.3;16.3;16.8;17.1;17.6
2024-04-21 11:26:05;33.8;34.0;37.9;43.8;59.2;77.0;15.4 °C;15.3;16.3;16.7;17.1;17.6
2024-04-21 11:36:04;33.8;34.0;37.9;43.8;59.2;77.0;15.6 °C;15.3;16.3;16.7;17.1;17.6
2024-04-21 11:46:10;33.8;34.0;37.9;43.8;59.2;77.0;15.6 °C;15.3;16.3;16.7;17.1;17.6
2024-04-21 12:06:10;33.8;34.1;37.9;43.8;59.2;77.0;15.8 °C;15.4;16.2;16.7;17.1;17.6
2024-04-21 12:16:05;33.8;34.0;37.9;43.8;59.2;77.0;15.9 °C;15.4;16.2;16.7;17.1;17.5
2024-04-21 12:36:07;33.8;34.0;37.9;43.8;59.2;77.0;15.9 °C;15.4;16.2;16.7;17.1;17.5
2024-04-21 12:46:04;33.8;34.0;38.0;43.8;59.2;77.0;16 °C;15.5;16.2;16.7;17.1;17.5
2024-04-21 12:56:08;33.8;34.0;38.0;43.8;59.2;77.0;16.1 °C;15.5;16.2;16.6;17.1;17.5
2024-04-21 13:06:05;33.8;34.0;38.0;43.8;59.2;77.0;16.1 °C;15.5;16.2;16.6;17.1;17.5
2024-04-21 13:16:04;33.9;34.1;37.9;43.8;59.2;77.0;16.2 °C;15.6;16.2;16.6;17.1;17.5
2024-04-21 13:26:07;33.8;34.0;37.9;43.8;59.2;77.0;16.3 °C;15.6;16.2;16.6;17.1;17.5
2024-04-21 13:36:11;33.8;34.0;38.0;43.8;59.2;77.0;16.3 °C;15.6;16.2;16.6;17.1;17.5
2024-04-21 13:46:08;33.8;34.0;38.0;43.8;59.2;77.0;16.4 °C;15.6;16.2;16.6;17.1;17.5
2024-04-21 13:56:08;33.8;34.1;38.0;43.8;59.2;77.0;16.4 °C;15.7;16.2;16.6;17.1;17.5
2024-04-21 14:06:10;33.8;34.1;38.0;43.8;59.2;77.0;16.6 °C;15.7;16.2;16.6;17.1;17.5
2024-04-21 14:16:09;33.8;34.1;38.0;43.7;59.2;77.0;16.7 °C;15.8;16.2;16.6;17.1;17.5
2024-04-21 14:26:09;33.8;34.1;38.0;43.7;59.2;77.0;16.8 °C;15.8;16.2;16.6;17.1;17.5
2024-04-21 14:36:07;33.8;34.1;38.0;43.8;59.2;77.0;16.9 °C;15.8;16.2;16.6;17;17.5
2024-04-21 14:46:04;33.8;34.1;37.9;43.8;59.2;77.0;17 °C;15.8;16.3;16.6;17;17.5
2024-04-21 14:56:11;33.8;34.1;37.9;43.8;59.2;77.0;17 °C;15.9;16.3;16.6;17;17.5
2024-04-21 15:06:05;33.8;34.1;38.0;43.7;59.2;77.0;17 °C;15.9;16.3;16.6;17;17.5
2024-04-21 15:16:05;33.8;34.1;38.0;43.7;59.2;77.0;17 °C;15.9;16.3;16.6;17;17.5
2024-04-21 15:26:05;33.8;34.1;37.9;43.8;59.2;77.0;17 °C;15.9;16.3;16.6;17;17.4
2024-04-21 15:36:11;33.8;34.1;38.0;43.8;59.2;77.0;17.1 °C;16;16.3;16.6;17;17.4
2024-04-21 15:46:08;33.9;34.1;37.9;43.8;59.2;77.0;17.1 °C;16;16.3;16.6;17;17.4
2024-04-21 15:56:06;33.9;34.1;37.9;43.8;59.1;77.0;17.2 °C;16.1;16.3;16.6;17;17.4
2024-04-21 16:06:10;33.9;34.1;38.0;43.8;59.2;77.0;17.3 °C;16.1;16.3;16.6;17;17.4
2024-04-21 16:16:08;33.9;34.1;38.0;43.8;59.1;77.0;17.3 °C;16.1;16.3;16.6;17;17.4
2024-04-21 16:26:05;33.9;34.1;38.0;43.8;59.2;77.0;17.3 °C;16.1;16.3;16.6;17;17.4
2024-04-21 16:36:04;33.9;34.1;38.0;43.8;59.2;77.0;17.3 °C;16.2;16.3;16.6;17;17.4
2024-04-21 16:46:10;33.9;34.1;38.0;43.8;59.1;77.0;17.3 °C;16.2;16.3;16.6;17;17.4
2024-04-21 16:56:12;33.9;34.1;38.0;43.8;59.2;76.9;17.4 °C;16.3;16.4;16.6;17;17.4
2024-04-21 17:06:09;33.9;34.1;38.0;43.8;59.1;77.0;17.4 °C;16.3;16.4;16.6;17;17.4
2024-04-21 17:16:04;33.9;34.1;38.0;43.8;59.1;77.0;17.4 °C;16.3;16.4;16.6;17;17.4
2024-04-21 17:26:10;33.9;34.1;38.0;43.8;59.1;76.9;17.4 °C;16.3;16.4;16.6;17;17.4
2024-04-21 17:36:07;33.9;34.1;38.0;43.8;59.2;76.9;17.4 °C;16.3;16.4;16.6;16.9;17.4
2024-04-21 17:46:04;33.9;34.1;38.0;43.7;59.2;76.9;17.4 °C;16.4;16.4;16.6;16.9;17.4
2024-04-21 17:56:06;33.9;34.1;38.0;43.7;59.2;77.0;17.5 °C;16.4;16.4;16.6;16.9;17.4
2024-04-21 18:06:07;33.9;34.1;38.0;43.7;59.2;77.0;17.5 °C;16.4;16.4;16.6;16.9;17.4
2024-04-21 18:16:11;33.9;34.1;38.0;43.7;59.2;77.0;17.5 °C;16.4;16.4;16.6;16.9;17.4
2024-04-21 18:26:08;34.0;34.1;38.0;43.7;59.2;77.0;17.5 °C;16.4;16.4;16.6;16.9;17.4
2024-04-21 18:36:06;34.0;34.1;38.0;43.7;59.2;77.0;17.4 °C;16.5;16.5;16.6;16.9;17.4
2024-04-21 18:46:11;33.9;34.1;38.0;43.7;59.2;77.0;17.4 °C;16.5;16.5;16.6;16.9;17.4
2024-04-21 18:56:05;33.9;34.1;38.0;43.7;59.2;77.0;17.4 °C;16.5;16.5;16.6;16.9;17.4
2024-04-21 19:06:09;33.9;34.1;38.0;43.7;59.2;77.0;17.3 °C;16.5;16.5;16.6;16.9;17.4
2024-04-21 19:16:04;33.9;34.1;38.0;43.8;59.2;77.0;17.3 °C;16.6;16.5;16.6;16.9;17.4
2024-04-21 19:26:10;33.8;34.1;38.0;43.8;59.2;77.0;17.2 °C;16.6;16.6;16.6;16.9;17.4
2024-04-21 19:36:11;33.9;34.1;38.0;43.7;59.2;77.0;17.1 °C;16.6;16.6;16.6;16.9;17.4
2024-04-21 19:46:04;34.0;34.1;38.0;43.7;59.2;77.0;17 °C;16.6;16.6;16.6;16.9;17.4
2024-04-21 19:56:07;33.9;34.1;38.0;43.7;59.2;77.0;16.9 °C;16.6;16.6;16.6;16.9;17.4
2024-04-21 20:06:04;33.9;34.1;38.0;43.7;59.2;77.0;16.9 °C;16.6;16.6;16.6;16.9;17.4
2024-04-21 20:16:11;33.9;34.1;38.0;43.7;59.2;77.0;16.8 °C;16.6;16.6;16.6;16.9;17.4
2024-04-21 20:26:07;33.8;34.1;38.0;43.7;59.2;77.0;16.7 °C;16.6;16.6;16.6;16.9;17.4
2024-04-21 20:36:06;33.9;34.1;38.0;43.8;59.2;77.0;16.6 °C;16.6;16.6;16.7;16.9;17.4
2024-04-21 20:46:11;33.9;34.1;38.0;43.7;59.2;77.0;16.5 °C;16.6;16.6;16.7;16.9;17.4
2024-04-21 20:56:05;33.8;34.1;38.0;43.7;59.2;77.0;16.4 °C;16.6;16.6;16.7;16.9;17.4
2024-04-21 21:06:09;33.8;34.1;38.0;43.8;59.2;77.0;16.3 °C;16.6;16.7;16.7;16.9;17.4
2024-04-21 21:16:05;33.9;34.1;38.0;43.7;59.2;77.0;16.2 °C;16.6;16.7;16.7;16.9;17.4
2024-04-21 21:26:08;33.9;34.1;38.0;43.7;59.2;77.0;16.1 °C;16.6;16.7;16.7;16.9;17.4
2024-04-21 21:36:06;33.8;34.1;38.0;43.7;59.2;77.0;16.1 °C;16.6;16.7;16.7;16.9;17.4
2024-04-21 21:46:06;33.8;34.1;38.0;43.7;59.2;77.0;15.9 °C;16.6;16.7;16.7;16.9;17.4
2024-04-21 21:56:10;33.9;34.1;38.0;43.7;59.2;77.0;15.9 °C;16.5;16.7;16.7;16.9;17.4
2024-04-21 22:06:06;33.9;34.1;38.0;43.7;59.2;77.0;15.8 °C;16.5;16.7;16.7;16.9;17.4
2024-04-21 22:16:11;33.9;34.1;38.0;43.7;59.2;77.0;15.7 °C;16.5;16.7;16.7;16.9;17.4
2024-04-21 22:26:07;33.8;34.0;38.0;43.7;59.2;77.0;15.6 °C;16.4;16.7;16.8;16.9;17.4
2024-04-21 22:36:10;33.8;34.0;38.0;43.8;59.2;77.0;15.5 °C;16.4;16.7;16.8;16.9;17.4
2024-04-21 22:46:11;33.9;34.0;38.0;43.8;59.2;77.0;15.4 °C;16.4;16.7;16.8;16.9;17.4
2024-04-21 22:56:05;34.0;34.1;38.0;43.7;59.2;77.0;15.4 °C;16.4;16.7;16.8;16.9;17.3
2024-04-21 23:06:09;33.9;34.1;38.0;43.7;59.2;77.0;15.3 °C;16.4;16.8;16.8;16.9;17.3
2024-04-21 23:16:08;33.9;34.0;38.0;43.7;59.2;77.0;15.2 °C;16.4;16.7;16.8;16.9;17.4
2024-04-21 23:26:08;33.9;34.0;38.0;43.7;59.2;77.0;15.1 °C;16.3;16.7;16.8;16.9;17.4
2024-04-21 23:36:07;33.8;34.0;38.0;43.7;59.2;77.0;15.1 °C;16.3;16.8;16.8;16.9;17.3
2024-04-21 23:46:05;33.9;34.0;38.0;43.7;59.2;77.0;15 °C;16.3;16.7;16.8;16.9;17.3
2024-04-21 23:56:08;33.8;34.0;38.0;43.7;59.2;77.0;14.9 °C;16.3;16.7;16.8;16.9;17.3
2024-04-22 00:06:11;33.8;34.0;38.0;43.7;59.2;76.9;14.8 °C;16.3;16.7;16.8;16.9;17.3
2024-04-22 00:16:08;33.9;34.0;38.0;43.8;59.2;76.9;14.8 °C;16.2;16.7;16.8;16.9;17.3
2024-04-22 00:26:06;33.8;34.0;38.0;43.7;59.2;76.9;14.7 °C;16.2;16.7;16.8;16.9;17.3
2024-04-22 00:36:04;33.9;34.0;38.0;43.7;59.2;76.9;14.6 °C;16.1;16.7;16.8;16.9;17.3
2024-04-22 00:46:11;33.7;34.0;38.0;43.7;59.2;76.9;14.6 °C;16.1;16.7;16.8;16.9;17.3
2024-04-22 00:56:03;33.7;33.9;38.0;43.7;59.2;76.9;14.5 °C;16.1;16.7;16.8;16.9;17.3
2024-04-22 01:06:06;33.7;33.9;38.0;43.7;59.2;77.0;14.4 °C;16.1;16.7;16.8;16.9;17.3
2024-04-22 01:16:11;33.8;34.0;38.0;43.7;59.2;76.9;14.4 °C;16;16.7;16.8;16.9;17.3
2024-04-22 01:26:04;33.7;34.0;38.0;43.7;59.2;76.9;14.3 °C;16;16.7;16.8;16.9;17.3
2024-04-22 01:36:04;33.8;34.0;38.0;43.7;59.2;76.9;14.3 °C;15.9;16.7;16.8;16.9;17.3
2024-04-22 01:46:07;33.7;33.9;38.0;43.7;59.2;76.9;14.2 °C;15.9;16.6;16.8;16.9;17.3
2024-04-22 01:56:05;33.8;33.9;38.0;43.7;59.2;76.9;14.1 °C;15.9;16.6;16.8;16.9;17.3
2024-04-22 02:06:05;33.8;33.9;37.9;43.7;59.2;76.9;14.1 °C;15.9;16.6;16.8;16.9;17.3
2024-04-22 02:16:05;33.8;33.9;37.9;43.7;59.2;76.9;14 °C;15.8;16.6;16.8;17;17.3
2024-04-22 02:26:03;33.8;34.0;37.9;43.7;59.2;76.9;13.9 °C;15.8;16.6;16.8;17;17.3
2024-04-22 02:36:06;33.8;34.0;38.0;43.7;59.2;76.9;13.9 °C;15.8;16.6;16.8;17;17.3
2024-04-22 02:46:11;33.8;33.9;38.0;43.7;59.2;76.9;13.8 °C;15.8;16.6;16.8;17;17.3
2024-04-22 02:56:08;33.8;33.9;38.0;43.7;59.2;76.9;13.8 °C;15.7;16.6;16.8;17;17.3
2024-04-22 03:06:04;33.8;33.9;38.0;43.7;59.2;76.9;13.7 °C;15.7;16.6;16.8;17;17.3
2024-04-22 03:16:07;33.8;33.9;38.0;43.7;59.2;76.9;13.6 °C;15.6;16.6;16.8;17;17.3
2024-04-22 03:26:04;33.8;33.9;38.0;43.7;59.1;76.9;13.6 °C;15.6;16.6;16.8;17;17.3
2024-04-22 03:36:08;33.8;33.9;38.0;43.7;59.2;76.9;13.6 °C;15.6;16.5;16.8;17;17.3
2024-04-22 03:46:07;33.8;33.9;37.9;43.7;59.1;76.9;13.5 °C;15.6;16.5;16.8;17;17.3
2024-04-22 03:56:09;33.8;33.9;37.9;43.7;59.1;76.9;13.4 °C;15.5;16.5;16.8;17;17.3
2024-04-22 04:06:05;33.8;33.9;37.9;43.7;59.1;76.9;13.4 °C;15.5;16.5;16.8;17;17.3
2024-04-22 04:16:09;33.8;33.9;37.9;43.7;59.1;76.9;13.3 °C;15.4;16.5;16.8;17;17.3
2024-04-22 04:26:04;33.8;33.9;37.9;43.7;59.1;76.9;13.3 °C;15.4;16.4;16.8;17;17.3
2024-04-22 04:36:08;33.8;33.9;37.9;43.7;59.2;76.9;13.3 °C;15.4;16.4;16.8;16.9;17.3
2024-04-22 04:46:07;33.8;34.0;37.9;43.7;59.2;76.9;13.2 °C;15.4;16.4;16.8;16.9;17.3
2024-04-22 07:16:04;33.8;33.9;37.9;43.7;59.2;76.9;12.6 °C;14.9;16.2;16.6;16.9;17.3
2024-04-22 11:56:03;34;33.6;38.0;43.7;59.1;76.9;15.7 °C;14.8;15.8;16.4;16.8;17.3
2024-04-22 12:26:07;34.0;33.7;38.0;43.7;59.1;76.9;16.1 °C;14.9;15.7;16.3;16.8;17.3
2024-04-22 12:46:05;34.1;33.7;38.0;43.7;59.2;76.9;16.3 °C;15;15.7;16.3;16.8;17.3
2024-04-22 12:56:08;34.1;33.7;38.0;43.7;59.2;76.9;16.4 °C;15;15.7;16.3;16.8;17.3
2024-04-22 13:06:07;34.1;33.7;38.0;43.7;59.2;76.9;16.6 °C;15.1;15.8;16.3;16.8;17.2
2024-04-22 13:16:06;34.1;33.7;38.0;43.7;59.2;76.9;16.8 °C;15.1;15.8;16.3;16.8;17.2
2024-04-22 13:26:09;34.2;33.7;38.0;43.7;59.2;76.9;16.9 °C;15.2;15.8;16.3;16.8;17.2
2024-04-22 13:36:08;34.1;33.7;38.0;43.7;59.2;76.9;17.1 °C;15.3;15.8;16.3;16.8;17.2
2024-04-22 13:46:07;34.2;33.7;38.0;43.7;59.2;76.9;17.2 °C;15.3;15.8;16.3;16.8;17.2
2024-04-22 13:56:05;34.2;33.7;38.0;43.7;59.1;76.9;17.3 °C;15.3;15.8;16.3;16.8;17.2
2024-04-22 14:06:06;34.2;33.8;38.0;43.7;59.2;76.9;17.5 °C;15.4;15.8;16.3;16.8;17.2
2024-04-22 14:16:05;34.2;33.8;38.0;43.7;59.1;76.9;17.6 °C;15.4;15.8;16.3;16.8;17.2
2024-04-22 14:26:08;34.2;33.8;38.0;43.7;59.1;76.9;17.8 °C;15.5;15.8;16.3;16.8;17.2
2024-04-22 14:36:03;34.3;33.8;38.0;43.6;59.2;76.9;17.9 °C;15.6;15.8;16.3;16.7;17.2
2024-04-22 14:46:07;34.2;33.8;38.0;43.7;59.1;76.9;18.1 °C;15.6;15.8;16.3;16.7;17.2
2024-04-22 14:56:08;34.2;33.8;38.0;43.6;59.1;76.9;18.2 °C;15.7;15.8;16.3;16.7;17.2
2024-04-22 15:06:07;34.1;33.8;38.0;43.7;59.2;76.9;18.4 °C;15.8;15.8;16.3;16.7;17.2
