Column1;Column2;Column3;Column4;Column5;Column6;Column7;Column10;Column11;Column12;Column13;Column14;Column15
Time;soil_moisture_at_depth_0;soil_moisture_at_depth_1;soil_moisture_at_depth_2;soil_moisture_at_depth_3 ;soil_moisture_at_depth_4;soil_moisture_at_depth_5 ;soil_temperature_at_depth_0;soil_temperature_at_depth_1;soil_temperature_at_depth_2;soil_temperature_at_depth_3 ;soil_temperature_at_depth_4 ;soil_temperature_at_depth_5 
2024-04-02 14:18:34;18.8;45.5;57.8;52.9;71.0;82.3;28.8 °C;28.1;28.6;27.2;28;28.1
2024-04-02 14:28:21;18.9;45.5;58.4;52.9;72.7;82.9;26.5 °C;23.7;22.6;22.3;21.6;21.4
2024-04-02 14:38:21;19.0;45.6;59.2;53.0;74.7;82.5;24.9 °C;21.3;20;19.9;19.3;19.1
2024-04-02 14:48:23;19.0;45.6;59.9;53.0;75.6;82.3;23.9 °C;20.1;18.9;18.8;18.4;18.3
2024-04-02 14:58:20;19.1;45.6;60.5;53.1;76.2;82.2;23.4 °C;19.5;18.3;18.3;17.9;17.8
2024-04-02 15:08:22;19.1;45.7;60.9;53.2;76.5;82.2;23 °C;19.1;18;17.9;17.7;17.5
2024-04-02 15:18:27;19.1;45.8;61.2;53.2;76.8;82.1;22.8 °C;18.9;17.8;17.7;17.5;17.3
2024-04-02 15:28:27;19.2;45.8;61.5;53.3;77.0;82.1;22.6 °C;18.9;17.8;17.6;17.4;17.1
2024-04-02 15:38:24;19.2;45.9;61.9;53.3;77.2;82.1;22.4 °C;18.8;17.6;17.5;17.3;17.1
2024-04-02 15:48:23;19.3;45.9;62.3;53.5;77.5;82.1;22.4 °C;18.8;17.6;17.4;17.2;16.9
2024-04-02 15:58:24;19.3;46.0;62.6;53.6;77.8;82.1;22.3 °C;18.8;17.6;17.4;17.1;16.9
2024-04-02 16:08:21;19.3;46.0;63.0;53.8;78.1;82.1;22.3 °C;18.8;17.5;17.3;17.1;16.8
2024-04-02 16:18:24;19.3;46.1;63.2;54.0;78.3;82.0;22.2 °C;18.9;17.5;17.3;17.1;16.8
2024-04-02 16:28:23;19.4;46.2;63.5;54.2;78.5;82.1;22.2 °C;18.9;17.5;17.3;17;16.8
2024-04-02 16:38:27;19.4;46.3;63.8;54.5;78.7;82.1;22.1 °C;18.9;17.5;17.3;17;16.7
2024-04-02 16:48:24;19.4;46.3;64.1;54.8;79.1;82.1;22 °C;18.9;17.5;17.2;16.9;16.7
2024-04-02 16:58:26;19.4;46.4;64.4;55.2;79.6;82.1;21.9 °C;19;17.5;17.2;16.9;16.6
2024-04-02 17:08:27;19.4;46.4;64.6;55.6;79.9;82.1;21.9 °C;19.1;17.5;17.2;16.9;16.6
2024-04-02 17:18:20;19.5;46.5;64.8;56.0;80.1;82.1;21.8 °C;19.1;17.5;17.2;16.9;16.6
2024-04-02 17:28:26;19.5;46.6;64.9;56.5;80.2;82.1;21.7 °C;19.1;17.5;17.1;16.9;16.6
2024-04-02 17:38:23;19.5;46.7;65.0;56.9;80.4;82.1;21.6 °C;19.1;17.6;17.1;16.9;16.6
2024-04-02 17:48:24;19.5;46.7;65.1;57.3;80.5;82.1;21.4 °C;19.2;17.6;17.1;16.8;16.6
2024-04-02 17:58:26;19.5;46.8;65.2;57.8;80.6;82.1;21.3 °C;19.2;17.6;17.1;16.8;16.6
2024-04-02 18:08:25;19.5;46.8;65.2;58.2;80.7;82.1;21.1 °C;19.3;17.6;17.1;16.8;16.5
2024-04-02 18:18:20;19.6;46.9;65.3;58.5;80.8;82.1;21 °C;19.3;17.6;17.1;16.8;16.5
2024-04-02 18:28:23;19.6;46.9;65.4;58.8;80.9;82.1;20.8 °C;19.3;17.6;17.1;16.8;16.5
2024-04-02 18:38:23;19.6;47.0;65.4;59.2;80.9;82.1;20.7 °C;19.3;17.6;17.1;16.8;16.5
2024-04-02 18:48:20;19.6;47.0;65.6;59.5;81.0;82.2;20.5 °C;19.3;17.7;17.1;16.8;16.5
2024-04-02 18:58:23;19.6;47.1;65.6;59.8;81.1;82.1;20.4 °C;19.3;17.7;17.1;16.8;16.5
2024-04-02 19:08:24;19.6;47.1;65.6;60.0;81.0;82.1;20.2 °C;19.3;17.7;17.1;16.8;16.4
2024-04-02 19:18:22;19.6;47.2;65.7;60.2;81.1;82.2;20 °C;19.3;17.8;17.1;16.8;16.4
2024-04-02 19:28:27;19.7;47.2;65.7;60.4;81.1;82.1;19.9 °C;19.3;17.8;17.1;16.8;16.4
2024-04-02 19:38:24;19.7;47.3;65.8;60.6;81.1;82.2;19.8 °C;19.3;17.8;17.1;16.8;16.4
2024-04-02 19:48:26;19.7;47.3;65.8;60.8;81.2;82.2;19.6 °C;19.3;17.8;17.1;16.8;16.4
2024-04-02 19:58:27;19.7;47.4;65.9;61.0;81.2;82.2;19.5 °C;19.3;17.8;17.1;16.8;16.4
2024-04-02 20:08:24;19.7;47.4;66.0;61.2;81.3;82.2;19.4 °C;19.3;17.8;17.2;16.8;16.4
2024-04-02 20:18:21;19.7;47.4;66.1;61.4;81.4;82.2;19.3 °C;19.3;17.8;17.2;16.8;16.4
2024-04-02 20:28:25;19.8;47.5;66.2;61.6;81.5;82.2;19.1 °C;19.3;17.8;17.2;16.8;16.4
2024-04-02 20:38:24;19.8;47.5;66.4;61.9;81.7;82.2;18.9 °C;19.3;17.9;17.2;16.8;16.4
2024-04-02 20:48:22;19.8;47.6;66.5;62.1;82.0;82.2;18.8 °C;19.3;17.9;17.2;16.8;16.4
2024-04-02 20:58:27;19.8;47.6;66.5;62.3;82.4;82.2;18.8 °C;19.3;17.9;17.2;16.8;16.4
2024-04-02 21:08:20;19.8;47.7;66.5;62.4;82.9;82.2;18.6 °C;19.3;17.9;17.2;16.8;16.4
2024-04-02 21:18:26;19.8;47.7;66.6;62.5;83.4;82.2;18.6 °C;19.2;17.9;17.2;16.8;16.4
2024-04-02 21:28:27;19.9;47.7;66.7;62.7;83.8;82.2;18.4 °C;19.2;17.9;17.2;16.8;16.4
2024-04-02 21:38:20;19.9;47.8;66.8;62.9;84.2;82.2;18.3 °C;19.2;17.9;17.3;16.8;16.4
2024-04-02 21:48:23;19.9;47.8;66.8;63.0;84.5;82.2;18.3 °C;19.1;17.9;17.3;16.8;16.4
2024-04-02 21:58:20;19.9;47.8;66.8;63.1;84.8;82.3;18.1 °C;19.1;17.9;17.3;16.8;16.4
2024-04-02 22:08:27;19.9;47.9;66.9;63.2;85.1;82.2;18.1 °C;19.1;17.9;17.3;16.8;16.4
2024-04-02 22:18:24;19.9;47.9;66.9;63.4;85.4;82.2;17.9 °C;19.1;17.9;17.3;16.8;16.4
2024-04-02 22:28:22;19.9;47.9;66.9;63.4;85.6;82.3;17.8 °C;19;17.9;17.3;16.8;16.4
2024-04-02 22:38:27;20.0;47.9;67.0;63.6;85.7;82.3;17.7 °C;19;17.9;17.3;16.8;16.4
2024-04-02 22:48:20;20.0;48.0;67.0;63.7;85.8;82.3;17.6 °C;18.9;17.9;17.3;16.8;16.4
2024-04-02 22:58:27;20.0;48.0;67.0;63.7;85.9;82.3;17.5 °C;18.9;18;17.3;16.8;16.4
2024-04-02 23:08:25;20.0;48.0;67.1;63.8;85.9;82.3;17.4 °C;18.9;18;17.3;16.8;16.4
2024-04-02 23:18:28;20.0;48.0;67.1;63.9;86.0;82.3;17.3 °C;18.9;18;17.3;16.8;16.4
2024-04-02 23:28:26;20.1;48.0;67.1;64.0;86.0;82.3;17.1 °C;18.8;18;17.3;16.8;16.4
2024-04-02 23:38:26;20.1;48.1;67.1;64.1;86.0;82.3;17.1 °C;18.8;18;17.3;16.8;16.4
2024-04-02 23:48:25;20.1;48.1;67.2;64.2;86.0;82.3;16.9 °C;18.8;17.9;17.3;16.8;16.4
2024-04-02 23:58:25;20.1;48.1;67.2;64.4;86.0;82.3;16.9 °C;18.7;18;17.3;16.8;16.4
2024-04-03 00:08:24;20.1;48.1;67.3;64.6;86.0;82.3;16.8 °C;18.7;17.9;17.3;16.8;16.4
2024-04-03 00:18:27;20.1;48.2;67.3;64.8;86.0;82.3;16.6 °C;18.6;17.9;17.3;16.8;16.4
2024-04-03 00:28:20;20.2;48.2;67.3;65.0;86.0;82.3;16.6 °C;18.6;17.9;17.3;16.8;16.4
2024-04-03 00:38:27;20.2;48.2;67.4;65.3;86.0;82.3;16.4 °C;18.6;17.9;17.4;16.8;16.4
2024-04-03 00:48:20;20.2;48.2;67.4;65.5;86.0;82.3;16.4 °C;18.5;17.9;17.4;16.8;16.4
2024-04-03 00:58:27;20.2;48.2;67.4;65.9;86.0;82.3;16.3 °C;18.5;17.9;17.4;16.8;16.4
2024-04-03 01:08:25;20.3;48.2;67.4;66.3;86.0;82.3;16.2 °C;18.4;17.9;17.4;16.8;16.4
2024-04-03 01:18:28;20.3;48.2;67.4;66.9;86.0;82.3;16.1 °C;18.4;17.9;17.4;16.8;16.4
2024-04-03 01:28:26;20.3;48.2;67.5;67.4;86.0;82.3;16.1 °C;18.4;17.9;17.4;16.8;16.4
2024-04-03 01:38:26;20.3;48.3;67.5;68.0;86.0;82.3;16 °C;18.3;17.9;17.4;16.8;16.4
2024-04-03 01:48:25;20.3;48.3;67.5;68.5;86.0;82.3;15.9 °C;18.3;17.9;17.4;16.8;16.4
2024-04-03 01:58:25;20.3;48.3;67.5;68.9;86.0;82.3;15.9 °C;18.3;17.9;17.4;16.8;16.4
2024-04-03 02:08:25;20.3;48.3;67.5;69.3;86.0;82.3;15.8 °C;18.2;17.9;17.4;16.8;16.4
2024-04-03 02:18:24;20.4;48.3;67.5;69.8;86.0;82.4;15.8 °C;18.1;17.9;17.4;16.8;16.4
2024-04-03 02:28:26;20.4;48.3;67.5;70.2;86.0;82.4;15.7 °C;18.1;17.9;17.4;16.8;16.4
2024-04-03 02:38:23;20.4;48.3;67.5;70.6;86.0;82.4;15.6 °C;18.1;17.8;17.4;16.8;16.4
2024-04-03 02:48:20;20.4;48.3;67.5;71.1;86.0;82.4;15.5 °C;18.1;17.8;17.4;16.8;16.4
2024-04-03 02:58:27;20.5;48.3;67.5;71.4;86.0;82.4;15.4 °C;18;17.8;17.4;16.8;16.4
2024-04-03 03:08:20;20.5;48.4;67.5;71.7;86.1;82.4;15.4 °C;17.9;17.8;17.4;16.8;16.4
2024-04-03 03:18:23;20.5;48.4;67.5;72.0;86.0;82.4;15.3 °C;17.9;17.8;17.4;16.9;16.4
2024-04-03 03:28:25;20.5;48.4;67.6;72.4;86.0;82.4;15.3 °C;17.9;17.8;17.4;16.9;16.4
2024-04-03 03:38:25;20.5;48.4;67.6;72.7;86.0;82.4;15.2 °C;17.8;17.8;17.4;16.9;16.4
2024-04-03 03:48:21;20.5;48.3;67.6;73.2;86.0;82.4;15.1 °C;17.8;17.8;17.4;16.9;16.4
2024-04-03 03:58:21;20.6;48.3;67.6;74.0;86.0;82.4;15.1 °C;17.8;17.8;17.4;16.9;16.4
2024-04-03 04:08:25;20.6;48.4;67.6;74.5;86.1;82.4;15.1 °C;17.7;17.7;17.4;16.9;16.4
2024-04-03 04:18:25;20.6;48.3;67.6;75.1;86.1;82.4;14.9 °C;17.7;17.7;17.4;16.9;16.4
2024-04-03 04:28:20;20.6;48.4;67.6;75.6;86.1;82.4;14.9 °C;17.6;17.7;17.4;16.9;16.4
2024-04-03 04:38:23;20.6;48.4;67.6;76.2;86.1;82.4;14.9 °C;17.6;17.6;17.4;16.9;16.4
2024-04-03 04:48:19;20.6;48.4;67.6;76.9;86.1;82.4;14.8 °C;17.6;17.6;17.4;16.9;16.4
2024-04-03 04:58:26;20.7;48.4;67.6;77.4;86.1;82.4;14.8 °C;17.5;17.6;17.4;16.9;16.4
2024-04-03 05:08:26;20.7;48.4;67.6;78.0;86.1;82.4;14.7 °C;17.4;17.6;17.4;16.9;16.4
2024-04-03 05:18:26;20.7;48.4;67.6;78.4;86.1;82.4;14.7 °C;17.4;17.6;17.4;16.9;16.4
2024-04-03 05:28:26;20.7;48.4;67.6;78.9;86.1;82.4;14.6 °C;17.4;17.6;17.4;16.9;16.4
2024-04-03 05:38:23;20.7;48.4;67.6;79.3;86.1;82.4;14.6 °C;17.4;17.6;17.4;16.9;16.4
2024-04-03 05:48:21;20.7;48.4;67.6;79.7;86.1;82.5;14.5 °C;17.3;17.5;17.3;16.9;16.4
2024-04-03 05:58:24;20.7;48.4;67.6;80.1;86.1;82.5;14.4 °C;17.3;17.5;17.3;16.9;16.4
2024-04-03 06:08:26;20.7;48.4;67.6;80.5;86.1;82.5;14.4 °C;17.3;17.5;17.3;16.9;16.4
2024-04-03 06:18:27;20.7;48.4;67.7;80.9;86.1;82.5;14.4 °C;17.2;17.4;17.3;16.9;16.4
2024-04-03 06:28:25;20.7;48.4;67.7;81.4;86.1;82.5;14.3 °C;17.2;17.4;17.3;16.9;16.4
2024-04-03 06:38:25;20.8;48.4;67.7;81.9;86.1;82.5;14.3 °C;17.1;17.4;17.3;16.9;16.4
2024-04-03 06:48:25;20.8;48.4;67.7;82.3;86.1;82.5;14.3 °C;17.1;17.4;17.3;16.9;16.4
2024-04-03 06:58:24;20.8;48.4;67.7;82.7;86.1;82.5;14.2 °C;17.1;17.4;17.3;16.9;16.5
2024-04-03 07:08:26;20.8;48.4;67.7;83.4;86.1;82.5;14.2 °C;17;17.4;17.3;16.9;16.5
2024-04-03 07:18:23;20.8;48.3;67.8;84.4;86.1;82.5;14.1 °C;17;17.4;17.3;16.9;16.5
2024-04-03 07:28:20;20.8;48.4;67.8;85.4;86.1;82.5;14.1 °C;16.9;17.3;17.3;16.9;16.5
2024-04-03 07:38:26;20.8;48.4;67.9;85.9;86.1;82.5;14.1 °C;16.9;17.3;17.3;16.9;16.5
2024-04-03 07:48:20;20.8;48.4;68.0;86.3;86.1;82.5;14.1 °C;16.9;17.3;17.3;16.9;16.5
2024-04-03 07:58:22;20.8;48.4;68.0;87.0;86.1;82.5;14.1 °C;16.8;17.3;17.3;16.9;16.5
2024-04-03 08:08:26;20.8;48.4;68.0;87.9;86.1;82.5;14.1 °C;16.8;17.3;17.3;16.9;16.5
2024-04-03 08:18:23;20.8;48.4;68.1;88.6;86.1;82.5;14.1 °C;16.8;17.3;17.3;16.9;16.5
2024-04-03 08:28:25;20.8;48.4;68.3;88.8;86.1;82.5;14.2 °C;16.8;17.2;17.3;16.9;16.5
2024-04-03 08:38:21;20.8;48.4;68.4;88.9;86.1;82.6;14.2 °C;16.7;17.2;17.3;16.9;16.5
2024-04-03 08:48:25;20.8;48.4;68.7;88.9;86.1;82.6;14.3 °C;16.7;17.2;17.3;16.9;16.5
2024-04-03 08:58:21;20.8;48.4;69.2;88.9;86.1;82.6;14.4 °C;16.6;17.1;17.2;16.9;16.5
2024-04-03 09:08:24;20.8;48.4;69.8;88.9;86.1;82.6;14.4 °C;16.6;17.1;17.2;16.9;16.5
2024-04-03 09:18:22;20.8;48.4;70.6;88.9;86.1;82.6;14.6 °C;16.6;17.1;17.2;16.9;16.5
2024-04-03 09:28:19;20.8;48.4;71.4;88.9;86.1;82.6;14.8 °C;16.6;17.1;17.2;16.9;16.5
2024-04-03 09:38:21;20.8;48.5;72.1;88.9;86.1;82.6;14.9 °C;16.6;17.1;17.2;16.9;16.5
2024-04-03 09:48:21;20.8;48.4;72.7;88.9;86.1;82.6;15.1 °C;16.5;17.1;17.2;16.9;16.5
2024-04-03 09:58:26;20.8;48.4;74.1;88.9;86.1;82.6;15.3 °C;16.5;17;17.2;16.9;16.5
2024-04-03 10:08:26;20.8;48.4;76.7;88.9;86.2;82.6;15.4 °C;16.5;17;17.1;16.9;16.5
2024-04-03 10:18:27;20.8;48.5;78.9;88.9;86.1;82.6;15.7 °C;16.4;17;17.1;16.9;16.5
2024-04-03 10:28:25;20.8;48.5;80.7;88.9;86.1;82.6;15.9 °C;16.4;16.9;17.1;16.9;16.5
2024-04-03 10:38:25;20.8;48.5;81.0;88.9;86.2;82.6;16.1 °C;16.4;16.9;17.1;16.9;16.5
2024-04-03 10:48:25;20.8;48.5;81.2;88.9;86.2;82.6;16.4 °C;16.4;16.9;17.1;16.9;16.5
2024-04-03 10:58:25;20.7;48.6;81.5;88.9;86.2;82.6;16.6 °C;16.4;16.9;17.1;16.9;16.5
2024-04-03 11:08:25;20.8;48.6;81.5;88.9;86.2;82.7;16.9 °C;16.4;16.9;17.1;16.9;16.5
2024-04-03 11:18:24;20.7;48.6;81.6;88.9;86.2;82.7;17.1 °C;16.4;16.9;17.1;16.8;16.5
2024-04-03 11:28:26;20.7;48.7;81.7;88.9;86.2;82.7;17.3 °C;16.5;16.9;17.1;16.8;16.5
2024-04-03 11:38:20;20.8;48.7;81.8;88.9;86.2;82.7;17.5 °C;16.5;16.8;17.1;16.8;16.5
2024-04-03 11:48:26;20.7;48.7;82.0;88.9;86.2;82.7;17.6 °C;16.5;16.8;17.1;16.8;16.5
2024-04-03 11:58:20;20.7;48.8;82.1;88.9;86.2;82.7;17.7 °C;16.6;16.8;17.1;16.8;16.5
2024-04-03 12:08:26;20.8;48.8;82.3;88.9;86.2;82.7;17.8 °C;16.6;16.8;17;16.8;16.5
2024-04-03 12:18:27;20.7;48.8;82.5;88.9;86.2;82.7;17.8 °C;16.6;16.8;17;16.8;16.5
2024-04-03 12:28:21;20.7;48.8;82.4;88.9;86.2;82.7;17.9 °C;16.6;16.8;17;16.8;16.5
2024-04-03 12:38:21;20.7;48.9;82.4;88.9;86.2;82.7;18.1 °C;16.7;16.8;17;16.8;16.5
2024-04-03 12:48:25;20.7;48.9;82.4;88.9;86.2;82.7;18.3 °C;16.8;16.8;17;16.8;16.5
2024-04-03 12:58:25;20.7;48.9;82.6;88.9;86.2;82.7;18.5 °C;16.8;16.8;17;16.8;16.5
2024-04-03 13:08:21;20.7;48.9;82.8;88.9;86.2;82.7;18.8 °C;16.8;16.8;16.9;16.8;16.5
2024-04-03 13:18:20;20.7;48.9;82.6;88.9;86.2;82.7;19.1 °C;16.9;16.8;16.9;16.8;16.5
2024-04-03 13:28:23;20.7;49.0;82.3;88.9;86.2;82.7;19.3 °C;16.9;16.8;16.9;16.8;16.5
2024-04-03 13:38:26;20.6;49.0;82.0;88.9;86.2;82.7;19.6 °C;16.9;16.8;16.9;16.8;16.5
2024-04-03 13:48:27;20.7;49.0;81.8;88.9;86.2;82.7;19.8 °C;17;16.8;16.9;16.8;16.5
2024-04-03 13:58:24;20.6;49.0;81.7;88.9;86.2;82.7;20 °C;17.1;16.8;16.9;16.8;16.5
2024-04-03 14:08:27;20.6;49.0;81.5;88.9;86.2;82.7;20.2 °C;17.1;16.8;16.9;16.8;16.5
2024-04-03 14:18:21;20.6;49.0;81.3;88.9;86.2;82.7;20.4 °C;17.2;16.8;16.9;16.8;16.5
2024-04-03 14:28:24;20.6;49.0;80.5;88.9;86.2;82.7;20.6 °C;17.3;16.8;16.9;16.8;16.5
2024-04-03 14:38:23;20.6;49.1;78.6;88.9;86.2;82.7;20.6 °C;17.3;16.8;16.9;16.8;16.5
2024-04-03 14:48:26;20.6;49.1;77.2;88.9;86.2;82.7;20.7 °C;17.4;16.8;16.9;16.8;16.5
2024-04-03 14:58:27;20.6;49.0;75.6;88.9;86.2;82.7;20.7 °C;17.4;16.8;16.9;16.8;16.5
2024-04-03 15:08:20;20.6;49.1;74.4;88.9;86.2;82.7;20.7 °C;17.5;16.8;16.9;16.8;16.5
2024-04-03 15:18:23;20.6;49.1;73.8;88.8;86.2;82.7;20.7 °C;17.6;16.8;16.9;16.8;16.5
2024-04-03 15:28:25;20.6;49.1;73.5;88.9;86.2;82.7;20.7 °C;17.6;16.8;16.9;16.8;16.5
2024-04-03 15:38:22;20.6;49.1;73.1;88.9;86.2;82.7;20.6 °C;17.7;16.8;16.9;16.8;16.5
2024-04-03 15:48:26;20.6;49.1;72.7;88.8;86.2;82.7;20.6 °C;17.8;16.8;16.9;16.8;16.5
2024-04-03 15:58:20;20.6;49.1;72.4;88.9;86.2;82.7;20.5 °C;17.8;16.9;16.9;16.8;16.5
2024-04-03 16:08:27;20.6;49.1;72.2;88.9;86.2;82.8;20.4 °C;17.9;16.9;16.9;16.8;16.5
2024-04-03 16:18:25;20.6;49.2;72.0;88.9;86.2;82.8;20.4 °C;17.9;16.9;16.9;16.8;16.5
2024-04-03 16:28:24;20.5;49.2;72.0;88.9;86.2;82.8;20.3 °C;18;16.9;16.9;16.7;16.5
2024-04-03 16:38:19;20.5;49.2;71.9;88.9;86.2;82.8;20.3 °C;18.1;16.9;16.9;16.7;16.5
2024-04-03 16:48:26;20.5;49.2;71.9;88.9;86.2;82.8;20.3 °C;18.1;16.9;16.9;16.7;16.5
2024-04-03 16:58:23;20.5;49.2;71.8;88.9;86.2;82.8;20.3 °C;18.1;16.9;16.9;16.7;16.5
2024-04-03 17:08:21;20.5;49.2;71.7;88.9;86.2;82.8;20.3 °C;18.2;17;16.9;16.7;16.5
2024-04-03 17:18:21;20.5;49.2;71.7;88.9;86.2;82.8;20.2 °C;18.2;17;16.9;16.7;16.5
2024-04-03 17:28:24;20.5;49.2;71.7;88.9;86.2;82.8;20.2 °C;18.3;17.1;16.9;16.7;16.5
2024-04-03 17:38:20;20.5;49.3;71.8;88.9;86.2;82.8;20.2 °C;18.3;17.1;16.9;16.7;16.4
2024-04-03 17:48:22;20.5;49.2;71.8;88.9;86.2;82.8;20.1 °C;18.3;17.1;16.9;16.7;16.4
2024-04-03 17:58:23;20.5;49.3;71.8;88.9;86.2;82.8;20.1 °C;18.3;17.1;16.9;16.7;16.4
2024-04-03 18:08:26;20.5;49.3;71.9;88.9;86.3;82.8;20.1 °C;18.4;17.1;16.9;16.7;16.4
2024-04-03 18:18:23;20.5;49.3;71.9;88.9;86.3;82.8;20 °C;18.4;17.1;16.9;16.7;16.4
2024-04-03 18:28:21;20.5;49.3;71.8;88.9;86.3;82.8;19.9 °C;18.4;17.2;16.9;16.7;16.4
2024-04-03 18:38:22;20.5;49.3;70.7;88.9;86.3;82.8;19.8 °C;18.4;17.2;16.9;16.7;16.4
2024-04-03 18:48:22;20.5;49.3;70.5;88.9;86.3;82.8;19.7 °C;18.4;17.2;16.9;16.7;16.4
2024-04-03 18:58:20;20.5;49.3;70.2;88.9;86.3;82.8;19.6 °C;18.5;17.3;16.9;16.7;16.4
2024-04-03 19:08:22;20.5;49.3;70.1;88.9;86.2;82.8;19.4 °C;18.5;17.3;16.9;16.7;16.4
2024-04-03 19:18:24;20.5;49.3;69.9;88.9;86.3;82.8;19.3 °C;18.5;17.3;16.9;16.7;16.4
2024-04-03 19:28:19;20.5;49.4;69.6;88.9;86.3;82.8;19.1 °C;18.5;17.3;16.9;16.7;16.4
2024-04-03 19:38:21;20.5;49.3;69.5;88.9;86.3;82.8;18.9 °C;18.5;17.3;16.9;16.7;16.4
2024-04-03 19:48:25;20.5;49.3;69.3;88.7;86.3;82.8;18.8 °C;18.6;17.3;16.9;16.7;16.4
2024-04-03 19:58:21;20.5;49.3;69.3;88.4;86.3;82.8;18.6 °C;18.6;17.3;16.9;16.7;16.4
2024-04-03 20:08:25;20.5;49.3;69.2;88.1;86.3;82.8;18.5 °C;18.6;17.4;16.9;16.7;16.4
2024-04-03 20:18:25;20.5;49.4;69.1;87.8;86.3;82.8;18.3 °C;18.6;17.4;16.9;16.7;16.4
2024-04-03 20:28:22;20.5;49.4;69.0;87.5;86.3;82.8;18.2 °C;18.5;17.4;16.9;16.7;16.4
2024-04-03 20:38:24;20.5;49.4;69.0;87.3;86.3;82.8;18 °C;18.5;17.4;16.9;16.7;16.4
2024-04-03 20:48:23;20.6;49.4;68.9;87.0;86.3;82.8;17.9 °C;18.5;17.4;16.9;16.7;16.4
2024-04-03 20:58:25;20.6;49.4;68.9;86.9;86.3;82.8;17.8 °C;18.5;17.4;17;16.7;16.4
2024-04-03 21:08:26;20.6;49.4;68.9;86.7;86.3;82.8;17.7 °C;18.5;17.4;17;16.7;16.4
2024-04-03 21:18:19;20.6;49.4;68.9;86.5;86.3;82.8;17.6 °C;18.4;17.4;17;16.7;16.4
2024-04-03 21:28:25;20.6;49.4;68.9;86.1;86.3;82.8;17.4 °C;18.4;17.4;17;16.7;16.4
2024-04-03 21:38:21;20.6;49.4;68.9;85.7;86.3;82.9;17.3 °C;18.4;17.4;17;16.7;16.4
2024-04-03 21:48:21;20.6;49.4;68.8;85.3;86.3;82.9;17.2 °C;18.4;17.5;17;16.7;16.4
2024-04-03 21:58:25;20.7;49.4;68.9;85.5;86.3;82.9;17.1 °C;18.4;17.5;17;16.7;16.4
2024-04-03 22:08:22;20.7;49.4;68.9;85.2;86.3;82.9;17 °C;18.4;17.5;17;16.7;16.4
2024-04-03 22:18:24;20.7;49.4;68.8;84.8;86.3;82.9;16.9 °C;18.3;17.5;17;16.7;16.4
2024-04-03 22:28:22;20.7;49.4;68.8;84.5;86.3;82.9;16.8 °C;18.3;17.5;17.1;16.7;16.4
2024-04-03 22:38:20;20.7;49.4;68.8;84.1;86.3;82.9;16.7 °C;18.3;17.5;17.1;16.7;16.4
2024-04-03 22:48:19;20.8;49.4;68.8;83.8;86.3;82.9;16.6 °C;18.3;17.5;17.1;16.7;16.4
2024-04-03 22:58:26;20.8;49.4;68.8;83.5;86.3;82.9;16.5 °C;18.2;17.5;17.1;16.7;16.4
2024-04-03 23:08:23;20.8;49.4;68.7;83.2;86.3;82.9;16.4 °C;18.2;17.5;17.1;16.7;16.4
2024-04-03 23:18:21;20.8;49.4;68.7;82.8;86.3;82.9;16.3 °C;18.1;17.5;17.1;16.7;16.4
2024-04-03 23:28:26;20.9;49.4;68.7;82.7;86.3;82.9;16.3 °C;18.1;17.5;17.1;16.7;16.4
2024-04-03 23:38:19;20.9;49.4;68.7;82.2;86.3;82.9;16.1 °C;18.1;17.5;17.1;16.7;16.4
2024-04-03 23:48:25;20.9;49.4;68.7;81.7;86.3;82.9;16.1 °C;18.1;17.5;17.1;16.7;16.4
2024-04-03 23:58:25;20.9;49.4;68.7;81.3;86.3;82.9;15.9 °C;18;17.5;17.1;16.8;16.4
2024-04-04 00:08:22;20.9;49.4;68.7;80.8;86.3;82.9;15.9 °C;18;17.5;17.1;16.8;16.4
2024-04-04 00:18:24;20.9;49.4;68.7;80.5;86.3;82.9;15.8 °C;17.9;17.5;17.1;16.8;16.4
2024-04-04 00:28:23;21.0;49.4;68.7;80.1;86.3;82.9;15.8 °C;17.9;17.5;17.1;16.8;16.4
2024-04-04 00:38:26;21.0;49.4;68.7;79.8;86.3;82.9;15.6 °C;17.9;17.5;17.1;16.8;16.4
2024-04-04 00:48:24;21.0;49.4;68.7;79.6;86.3;82.9;15.6 °C;17.8;17.5;17.1;16.8;16.4
2024-04-04 00:58:23;21.0;49.4;68.7;79.4;86.3;82.9;15.4 °C;17.8;17.5;17.1;16.8;16.4
2024-04-04 01:08:26;21.0;49.4;68.6;79.1;86.3;82.9;15.4 °C;17.8;17.5;17.1;16.8;16.4
2024-04-04 01:18:19;21.0;49.4;68.6;78.3;86.3;83.0;15.3 °C;17.8;17.5;17.1;16.8;16.4
2024-04-04 01:28:26;21.0;49.3;68.6;78.1;86.3;83.0;15.3 °C;17.7;17.4;17.1;16.8;16.4
2024-04-04 01:38:19;21.1;49.4;68.6;77.8;86.3;82.9;15.1 °C;17.6;17.4;17.1;16.8;16.4
2024-04-04 01:48:26;21.1;49.3;68.6;77.3;86.3;83.0;15.1 °C;17.6;17.4;17.1;16.8;16.4
2024-04-04 01:58:23;21.1;49.3;68.6;77.1;86.3;83.0;15 °C;17.6;17.4;17.1;16.8;16.4
2024-04-04 02:08:26;21.1;49.3;68.6;76.8;86.3;83.0;14.9 °C;17.6;17.4;17.1;16.8;16.4
2024-04-04 02:18:24;21.1;49.3;68.6;76.5;86.3;83.0;14.9 °C;17.5;17.4;17.1;16.8;16.4
2024-04-04 02:28:23;21.2;49.3;68.6;76.3;86.3;83.0;14.8 °C;17.4;17.4;17.1;16.8;16.4
2024-04-04 02:38:26;21.2;49.3;68.6;75.9;86.3;83.0;14.8 °C;17.4;17.4;17.1;16.8;16.4
2024-04-04 02:48:20;21.2;49.3;68.6;75.7;86.3;83.0;14.7 °C;17.4;17.4;17.1;16.8;16.4
2024-04-04 02:58:24;21.2;49.3;68.5;75.5;86.3;83.0;14.6 °C;17.4;17.4;17.1;16.8;16.4
2024-04-04 03:08:23;21.2;49.3;68.5;75.3;86.3;83.0;14.6 °C;17.3;17.4;17.1;16.8;16.4
2024-04-04 03:18:25;21.2;49.3;68.5;75.2;86.3;83.0;14.5 °C;17.3;17.3;17.1;16.8;16.4
2024-04-04 03:28:26;21.3;49.3;68.5;75.0;86.3;83.0;14.4 °C;17.3;17.3;17.1;16.8;16.4
2024-04-04 03:38:19;21.3;49.3;68.5;74.8;86.3;83.0;14.4 °C;17.2;17.3;17.1;16.8;16.4
2024-04-04 03:48:26;21.3;49.3;68.5;74.6;86.3;83.0;14.3 °C;17.1;17.3;17.1;16.8;16.4
2024-04-04 03:58:19;21.3;49.3;68.5;74.4;86.3;83.0;14.3 °C;17.1;17.3;17.1;16.8;16.5
2024-04-04 04:08:26;21.3;49.3;68.5;74.3;86.4;83.0;14.3 °C;17.1;17.3;17.1;16.8;16.4
2024-04-04 04:18:24;21.3;49.3;68.4;74.1;86.4;83.0;14.2 °C;17.1;17.3;17.1;16.8;16.5
2024-04-04 04:28:23;21.3;49.2;68.4;73.8;86.4;83.0;14.2 °C;17;17.3;17.1;16.8;16.5
2024-04-04 04:38:22;21.3;49.3;68.4;73.6;86.4;83.0;14.1 °C;16.9;17.2;17.1;16.8;16.5
2024-04-04 04:48:20;21.3;49.3;68.4;73.4;86.4;83.0;14.1 °C;16.9;17.2;17.1;16.8;16.5
2024-04-04 04:58:24;21.3;49.2;68.4;73.2;86.4;83.0;14.1 °C;16.9;17.2;17.1;16.8;16.5
2024-04-04 05:08:23;21.4;49.2;68.4;73.0;86.4;83.0;14 °C;16.9;17.2;17.1;16.8;16.5
2024-04-04 05:18:22;21.4;49.2;68.4;72.9;86.4;83.0;14 °C;16.8;17.1;17.1;16.8;16.5
2024-04-04 05:28:23;21.4;49.2;68.4;72.7;86.4;83.0;13.9 °C;16.8;17.1;17.1;16.8;16.5
2024-04-04 05:38:25;21.3;49.2;68.4;72.5;86.4;83.0;13.9 °C;16.8;17.1;17.1;16.8;16.5
2024-04-04 05:48:22;21.3;49.2;68.4;72.3;86.4;83.0;13.9 °C;16.7;17.1;17.1;16.8;16.5
2024-04-04 05:58:23;21.3;49.2;68.3;72.2;86.4;83.0;13.8 °C;16.7;17.1;17.1;16.8;16.5
2024-04-04 06:08:26;21.4;49.2;68.3;72.0;86.4;83.0;13.8 °C;16.6;17.1;17.1;16.8;16.5
2024-04-04 06:18:19;21.4;49.2;68.3;72.1;86.4;83.0;13.8 °C;16.6;17.1;17.1;16.8;16.5
2024-04-04 06:28:21;21.4;49.2;68.3;72.0;86.4;83.0;13.7 °C;16.6;17;17.1;16.8;16.5
2024-04-04 06:38:21;21.4;49.2;68.3;71.8;86.4;83.1;13.7 °C;16.6;17;17.1;16.8;16.5
2024-04-04 06:48:19;21.4;49.2;68.3;71.8;86.4;83.1;13.7 °C;16.5;17;17.1;16.8;16.5
2024-04-04 06:58:21;21.4;49.2;68.3;71.6;86.4;83.0;13.6 °C;16.5;16.9;17.1;16.8;16.5
2024-04-04 07:08:25;21.4;49.2;68.3;71.6;86.4;83.1;13.6 °C;16.4;16.9;17.1;16.8;16.5
2024-04-04 07:18:26;21.5;49.2;68.3;71.5;86.4;83.1;13.6 °C;16.4;16.9;17.1;16.8;16.5
2024-04-04 07:28:24;21.4;49.2;68.3;71.4;86.4;83.1;13.6 °C;16.4;16.9;17;16.8;16.5
2024-04-04 07:38:19;21.5;49.2;68.3;71.4;86.4;83.1;13.6 °C;16.4;16.9;17;16.8;16.5
2024-04-04 07:48:26;21.5;49.2;68.3;71.3;86.4;83.1;13.6 °C;16.3;16.9;17;16.8;16.5
2024-04-04 07:58:20;21.4;49.2;68.2;71.3;86.4;83.1;13.7 °C;16.3;16.9;17;16.8;16.5
2024-04-04 08:08:24;21.4;49.1;68.3;71.2;86.4;83.1;13.7 °C;16.3;16.8;17;16.8;16.5
2024-04-04 08:18:20;21.4;49.1;68.3;71.2;86.4;83.1;13.8 °C;16.3;16.8;17;16.8;16.5
2024-04-04 08:28:23;21.4;49.1;68.3;71.2;86.4;83.1;13.8 °C;16.2;16.8;17;16.8;16.5
2024-04-04 08:38:19;21.5;49.1;68.2;71.3;86.4;83.1;13.9 °C;16.2;16.8;17;16.8;16.5
2024-04-04 08:48:25;21.4;49.1;68.2;71.3;86.4;83.1;13.9 °C;16.1;16.8;16.9;16.8;16.5
2024-04-04 08:58:25;21.4;49.1;68.2;71.3;86.4;83.1;14.1 °C;16.1;16.8;16.9;16.8;16.5
2024-04-04 09:08:18;21.4;49.1;68.2;71.3;86.4;83.1;14.2 °C;16.1;16.7;16.9;16.8;16.5
2024-04-04 09:18:20;21.4;49.1;68.2;71.3;86.4;83.1;14.3 °C;16.1;16.7;16.9;16.8;16.5
2024-04-04 09:28:21;21.4;49.1;68.2;71.3;86.4;83.1;14.4 °C;16.1;16.7;16.9;16.8;16.5
2024-04-04 09:38:21;21.4;49.1;68.2;71.3;86.4;83.1;14.6 °C;16.1;16.7;16.9;16.8;16.5
2024-04-04 09:48:26;21.4;49.1;68.2;71.3;86.4;83.1;14.8 °C;16;16.6;16.9;16.8;16.5
2024-04-04 09:58:24;21.4;49.1;68.2;71.3;86.4;83.1;15 °C;16;16.6;16.9;16.8;16.5
2024-04-04 10:08:20;21.4;49.1;68.2;71.3;86.4;83.1;15.2 °C;16;16.6;16.9;16.8;16.5
2024-04-04 10:18:20;21.4;49.1;68.2;71.3;86.4;83.1;15.4 °C;16;16.6;16.9;16.8;16.5
2024-04-04 10:28:24;21.3;49.1;68.2;71.3;86.4;83.1;15.7 °C;16;16.6;16.9;16.8;16.5
2024-04-04 10:38:23;21.3;49.1;68.2;71.3;86.4;83.1;15.9 °C;16;16.6;16.9;16.8;16.5
2024-04-04 10:48:22;21.3;49.1;68.2;71.2;86.4;83.1;16.1 °C;16;16.6;16.9;16.8;16.5
2024-04-04 10:58:24;21.3;49.1;68.2;71.2;86.4;83.2;16.3 °C;16;16.5;16.8;16.8;16.5
2024-04-04 11:08:24;21.3;49.2;68.2;71.0;86.4;83.2;16.6 °C;16;16.5;16.8;16.8;16.5
2024-04-04 11:18:23;21.3;49.2;68.1;70.6;86.4;83.1;16.8 °C;16;16.5;16.8;16.8;16.5
2024-04-04 11:28:19;21.2;49.1;68.1;70.5;86.4;83.2;16.9 °C;16.1;16.5;16.8;16.8;16.5
2024-04-04 11:38:26;21.3;49.1;68.1;70.3;86.4;83.2;17.1 °C;16.1;16.4;16.8;16.7;16.5
2024-04-04 11:48:19;21.2;49.2;68.1;70.3;86.4;83.2;17.2 °C;16.1;16.4;16.8;16.7;16.5
2024-04-04 11:58:26;21.2;49.2;68.1;70.1;86.4;83.2;17.3 °C;16.1;16.4;16.8;16.7;16.5
2024-04-04 12:08:23;21.2;49.2;68.1;70.1;86.4;83.2;17.3 °C;16.2;16.4;16.8;16.7;16.5
2024-04-04 12:18:22;21.2;49.2;68.1;69.9;86.4;83.2;17.4 °C;16.2;16.4;16.8;16.7;16.5
2024-04-04 12:28:21;21.2;49.2;68.1;69.8;86.4;83.2;17.5 °C;16.3;16.4;16.8;16.7;16.5
2024-04-04 12:38:21;21.1;49.2;68.1;69.6;86.4;83.2;17.7 °C;16.3;16.4;16.8;16.7;16.5
2024-04-04 12:48:22;21.2;49.2;68.1;69.5;86.4;83.2;17.9 °C;16.3;16.4;16.8;16.7;16.5
2024-04-04 12:58:19;21.2;49.2;68.1;69.3;86.4;83.2;18.2 °C;16.3;16.4;16.8;16.7;16.5
2024-04-04 13:08:18;21.2;49.2;68.0;69.3;86.4;83.2;18.5 °C;16.4;16.4;16.8;16.7;16.5
2024-04-04 13:18:20;21.1;49.2;68.0;69.3;86.3;83.2;18.8 °C;16.4;16.4;16.7;16.7;16.5
2024-04-04 13:28:25;21.1;49.2;68.0;69.3;86.3;83.2;19.1 °C;16.5;16.4;16.7;16.7;16.5
2024-04-04 13:38:25;21.1;49.2;68.0;69.3;86.2;83.2;19.4 °C;16.5;16.4;16.7;16.7;16.5
2024-04-04 13:48:23;21.2;49.2;68.0;69.3;86.2;83.2;19.7 °C;16.6;16.4;16.7;16.7;16.5
2024-04-04 13:58:21;21.1;49.2;68.0;69.3;86.1;83.2;20 °C;16.6;16.4;16.7;16.7;16.5
2024-04-04 14:08:18;21.1;49.2;68.0;69.3;85.9;83.2;20.3 °C;16.7;16.4;16.7;16.6;16.5
2024-04-04 14:18:25;21.1;49.2;68.0;69.2;85.7;83.2;20.5 °C;16.8;16.4;16.7;16.6;16.5
2024-04-04 14:28:21;21.1;49.2;68.0;69.2;85.5;83.2;20.8 °C;16.9;16.4;16.7;16.6;16.5
2024-04-04 14:38:23;21.1;49.3;68.0;69.2;85.3;83.2;21 °C;16.9;16.4;16.6;16.6;16.5
2024-04-04 14:48:18;21.0;49.3;68.0;69.1;85.1;83.2;21.3 °C;17;16.4;16.6;16.6;16.5
2024-04-04 14:58:24;21.1;49.3;68.0;69.0;84.9;83.2;21.4 °C;17.1;16.4;16.6;16.6;16.4
2024-04-04 15:08:24;21.1;49.3;68.0;69.0;84.6;83.2;21.6 °C;17.2;16.4;16.6;16.6;16.4
2024-04-04 15:18:21;21.1;49.4;68.0;68.9;84.3;83.2;21.8 °C;17.3;16.4;16.6;16.6;16.4
2024-04-04 15:28:22;21.0;49.4;68.0;68.7;84.0;83.2;21.9 °C;17.3;16.5;16.6;16.6;16.4
2024-04-04 15:38:24;21.0;49.4;68.0;68.6;83.8;83.2;22.1 °C;17.4;16.5;16.6;16.6;16.4
2024-04-04 15:48:21;21.0;49.4;67.9;68.5;83.5;83.2;22.3 °C;17.5;16.5;16.6;16.6;16.4
2024-04-04 15:58:25;21.0;49.4;68.0;68.4;83.3;83.2;22.4 °C;17.6;16.6;16.6;16.6;16.4
2024-04-04 16:08:18;21.0;49.5;67.9;68.3;83.2;83.2;22.5 °C;17.7;16.6;16.6;16.6;16.4
2024-04-04 16:18:25;21.0;49.4;67.9;68.3;83.1;83.2;22.6 °C;17.8;16.6;16.6;16.6;16.4
2024-04-04 16:28:26;20.9;49.5;67.9;68.2;83.0;83.2;22.7 °C;17.9;16.6;16.6;16.6;16.4
2024-04-04 16:38:19;21.0;49.5;67.9;68.2;82.7;83.2;22.8 °C;18;16.6;16.6;16.6;16.4
2024-04-04 16:48:19;21.0;49.5;67.9;68.1;82.4;83.2;22.8 °C;18.1;16.6;16.6;16.6;16.4
2024-04-04 16:58:25;21.0;49.5;67.9;68.0;82.2;83.2;22.9 °C;18.1;16.7;16.6;16.6;16.4
2024-04-04 17:08:19;20.9;49.6;67.9;67.9;81.9;83.2;22.9 °C;18.3;16.7;16.6;16.6;16.4
2024-04-04 17:18:22;20.9;49.6;67.9;67.7;81.5;83.2;22.9 °C;18.3;16.8;16.6;16.6;16.4
2024-04-04 17:28:23;20.9;49.6;67.9;67.6;81.2;83.2;22.9 °C;18.4;16.8;16.6;16.6;16.4
2024-04-04 17:38:23;20.9;49.6;67.8;67.5;80.9;83.2;22.9 °C;18.5;16.8;16.6;16.6;16.4
2024-04-04 17:48:19;20.9;49.6;67.8;67.3;80.6;83.2;22.8 °C;18.6;16.8;16.6;16.6;16.4
2024-04-04 17:58:21;20.9;49.7;67.8;67.1;80.4;83.2;22.6 °C;18.6;16.9;16.6;16.6;16.4
2024-04-04 18:08:19;20.9;49.7;67.8;67.0;80.2;83.2;22.5 °C;18.7;16.9;16.6;16.6;16.4
2024-04-04 18:18:26;20.9;49.7;67.7;66.8;80;83.2;22.3 °C;18.8;16.9;16.7;16.6;16.4
2024-04-04 18:28:23;20.9;49.7;67.7;66.6;79.9;83.2;22.1 °C;18.8;17;16.7;16.6;16.4
2024-04-04 18:38:19;20.9;49.7;67.7;66.5;79.7;83.2;22 °C;18.9;17;16.7;16.6;16.4
2024-04-04 18:48:18;20.9;49.8;67.6;66.4;79.6;83.2;21.8 °C;18.9;17.1;16.7;16.6;16.4
2024-04-04 18:58:24;20.9;49.7;67.6;66.3;79.5;83.2;21.7 °C;19;17.1;16.7;16.6;16.4
2024-04-04 19:08:20;20.9;49.8;67.6;66.1;79.4;83.2;21.5 °C;19.1;17.1;16.7;16.6;16.4
2024-04-04 19:18:24;20.9;49.8;67.5;66.0;79.3;83.2;21.3 °C;19.1;17.2;16.7;16.6;16.4
2024-04-04 19:28:25;20.9;49.8;67.5;65.9;79.2;83.2;21.1 °C;19.1;17.2;16.7;16.6;16.4
2024-04-04 19:38:22;20.9;49.8;67.5;65.8;79.1;83.2;20.9 °C;19.1;17.3;16.8;16.6;16.4
2024-04-04 19:48:24;20.9;49.8;67.4;65.7;79.0;83.2;20.7 °C;19.2;17.3;16.8;16.6;16.4
2024-04-04 19:58:23;20.9;49.8;67.4;65.6;78.9;83.2;20.5 °C;19.2;17.3;16.8;16.6;16.4
2024-04-04 20:08:23;20.9;49.8;67.4;65.6;78.9;83.2;20.3 °C;19.2;17.3;16.8;16.6;16.4
2024-04-04 20:18:18;20.9;49.8;67.3;65.5;78.8;83.2;20.1 °C;19.2;17.4;16.8;16.6;16.4
2024-04-04 20:28:25;21.0;49.9;67.3;65.4;78.8;83.2;19.9 °C;19.2;17.4;16.8;16.6;16.4
2024-04-04 20:38:19;21.0;49.8;67.2;65.3;78.7;83.2;19.8 °C;19.3;17.4;16.8;16.6;16.4
2024-04-04 20:48:22;21.0;49.9;67.2;65.2;78.7;83.2;19.6 °C;19.3;17.4;16.8;16.6;16.4
2024-04-04 20:58:20;21.0;49.9;67.2;65.2;78.6;83.2;19.4 °C;19.3;17.5;16.8;16.6;16.4
2024-04-04 21:08:20;21.0;49.9;67.2;65.2;78.6;83.2;19.3 °C;19.2;17.5;16.9;16.6;16.4
2024-04-04 21:18:25;21.1;49.9;67.1;65.1;78.5;83.2;19.1 °C;19.2;17.6;16.9;16.6;16.4
2024-04-04 21:28:18;21.1;49.9;67.1;65.0;78.5;83.2;19 °C;19.2;17.6;16.9;16.6;16.4
2024-04-04 21:38:21;21.1;49.9;67.1;65.0;78.5;83.2;18.9 °C;19.2;17.6;16.9;16.6;16.4
2024-04-04 21:48:23;21.1;49.9;67.0;65.0;78.4;83.2;18.8 °C;19.1;17.6;16.9;16.6;16.4
2024-04-04 21:58:22;21.1;49.9;67.0;64.9;78.4;83.2;18.6 °C;19.1;17.6;16.9;16.6;16.4
2024-04-04 22:08:20;21.1;49.9;67.0;64.9;78.4;83.2;18.4 °C;19.1;17.6;16.9;16.6;16.4
2024-04-04 22:18:25;21.1;49.9;67.0;64.8;78.4;83.2;18.4 °C;19.1;17.6;16.9;16.6;16.4
2024-04-04 22:28:21;21.1;49.9;67.0;64.8;78.3;83.2;18.3 °C;19.1;17.7;16.9;16.6;16.4
2024-04-04 22:38:19;21.2;49.9;66.9;64.7;78.3;83.2;18.1 °C;19.1;17.7;17;16.6;16.4
2024-04-04 22:48:19;21.1;49.9;66.9;64.7;78.3;83.2;18 °C;19;17.7;17;16.6;16.4
2024-04-04 22:58:22;21.2;49.9;66.9;64.7;78.3;83.2;17.9 °C;19;17.7;17;16.6;16.4
2024-04-04 23:08:20;21.2;49.9;66.9;64.7;78.3;83.2;17.8 °C;18.9;17.8;17;16.6;16.4
2024-04-04 23:18:24;21.2;49.9;66.9;64.6;78.2;83.2;17.7 °C;18.9;17.8;17;16.6;16.4
2024-04-04 23:28:24;21.2;49.8;66.9;64.6;78.2;83.2;17.6 °C;18.9;17.8;17.1;16.6;16.4
2024-04-04 23:38:20;21.3;49.9;66.8;64.6;78.2;83.2;17.4 °C;18.8;17.8;17.1;16.6;16.4
2024-04-04 23:48:24;21.3;49.9;66.8;64.6;78.2;83.2;17.3 °C;18.8;17.8;17.1;16.6;16.4
2024-04-04 23:58:21;21.2;49.8;66.8;64.6;78.2;83.2;17.3 °C;18.8;17.8;17.1;16.6;16.4
2024-04-05 00:08:18;21.3;49.8;66.8;64.6;78.2;83.2;17.1 °C;18.8;17.8;17.1;16.6;16.4
2024-04-05 00:18:21;21.3;49.9;66.8;64.5;78.1;83.2;17.1 °C;18.7;17.8;17.1;16.6;16.4
2024-04-05 00:28:18;21.3;49.8;66.8;64.5;78.1;83.2;16.9 °C;18.7;17.8;17.1;16.7;16.4
2024-04-05 00:38:21;21.3;49.8;66.7;64.5;78.1;83.2;16.8 °C;18.6;17.8;17.1;16.7;16.4
2024-04-05 00:48:23;21.3;49.8;66.7;64.5;78.1;83.2;16.8 °C;18.6;17.8;17.1;16.7;16.4
2024-04-05 00:58:18;21.3;49.8;66.7;64.5;78.1;83.2;16.7 °C;18.6;17.8;17.1;16.7;16.4
2024-04-05 01:08:20;21.3;49.8;66.7;64.5;78.1;83.2;16.6 °C;18.5;17.8;17.1;16.7;16.4
2024-04-05 01:18:25;21.4;49.8;66.7;64.4;78.1;83.2;16.5 °C;18.5;17.8;17.2;16.7;16.4
2024-04-05 01:28:19;21.4;49.8;66.7;64.4;78.1;83.2;16.4 °C;18.4;17.8;17.2;16.7;16.4
2024-04-05 01:38:18;21.4;49.8;66.7;64.4;78.0;83.1;16.4 °C;18.4;17.8;17.2;16.7;16.4
2024-04-05 01:48:21;21.4;49.8;66.7;64.3;78.0;83.2;16.3 °C;18.4;17.8;17.2;16.7;16.4
2024-04-05 01:58:18;21.4;49.8;66.6;64.3;78.0;83.2;16.2 °C;18.3;17.8;17.2;16.7;16.4
2024-04-05 02:08:21;21.4;49.8;66.6;64.3;78.0;83.2;16.1 °C;18.3;17.8;17.2;16.7;16.4
2024-04-05 02:18:22;21.5;49.8;66.6;64.3;78.0;83.1;16.1 °C;18.3;17.8;17.2;16.8;16.4
2024-04-05 02:28:20;21.5;49.8;66.6;64.3;78;83.2;16 °C;18.2;17.8;17.2;16.8;16.4
2024-04-05 02:38:24;21.5;49.8;66.6;64.3;78.0;83.1;15.9 °C;18.1;17.8;17.3;16.8;16.4
2024-04-05 02:48:21;21.5;49.8;66.5;64.3;77.9;83.2;15.8 °C;18.1;17.7;17.3;16.8;16.4
2024-04-05 02:58:24;21.5;49.7;66.5;64.3;78.0;83.2;15.8 °C;18.1;17.7;17.3;16.8;16.4
2024-04-05 03:08:24;21.5;49.7;66.5;64.3;78.0;83.2;15.7 °C;18;17.7;17.3;16.8;16.4
2024-04-05 03:18:20;21.5;49.7;66.5;64.3;77.9;83.2;15.7 °C;18;17.7;17.3;16.8;16.4
2024-04-05 03:28:20;21.5;49.7;66.5;64.2;78.0;83.2;15.6 °C;17.9;17.7;17.3;16.8;16.4
2024-04-05 03:38:21;21.6;49.7;66.5;64.2;77.9;83.2;15.6 °C;17.9;17.7;17.3;16.8;16.4
2024-04-05 03:48:18;21.6;49.7;66.4;64.2;77.9;83.2;15.6 °C;17.9;17.6;17.3;16.8;16.4
2024-04-05 03:58:20;21.6;49.7;66.4;64.2;77.9;83.2;15.5 °C;17.8;17.6;17.3;16.8;16.4
2024-04-05 04:08:25;21.6;49.7;66.4;64.2;77.9;83.2;15.4 °C;17.8;17.6;17.3;16.8;16.4
2024-04-05 04:18:22;21.6;49.7;66.4;64.2;77.9;83.2;15.4 °C;17.8;17.6;17.3;16.8;16.4
2024-04-05 04:28:20;21.6;49.7;66.4;64.2;77.9;83.2;15.3 °C;17.8;17.6;17.3;16.8;16.4
2024-04-05 04:38:25;21.6;49.6;66.4;64.2;77.9;83.2;15.3 °C;17.7;17.6;17.3;16.8;16.4
2024-04-05 04:48:18;21.6;49.6;66.4;64.2;77.9;83.2;15.2 °C;17.6;17.6;17.3;16.8;16.4
2024-04-05 04:58:25;21.6;49.6;66.4;64.2;77.9;83.2;15.1 °C;17.6;17.6;17.3;16.8;16.5
2024-04-05 05:08:22;21.6;49.6;66.4;64.2;77.9;83.2;15.1 °C;17.6;17.6;17.3;16.8;16.5
2024-04-05 05:18:25;21.7;49.6;66.3;64.1;77.9;83.2;15 °C;17.6;17.5;17.3;16.8;16.5
2024-04-05 05:28:22;21.7;49.6;66.3;64.1;77.9;83.2;14.9 °C;17.5;17.5;17.3;16.8;16.5
2024-04-05 05:38:22;21.7;49.6;66.3;64.1;77.9;83.2;14.9 °C;17.4;17.5;17.3;16.8;16.5
2024-04-05 05:48:24;21.7;49.6;66.3;64.1;77.8;83.2;14.8 °C;17.4;17.5;17.3;16.8;16.5
2024-04-05 05:58:21;21.7;49.6;66.3;64.1;77.8;83.2;14.8 °C;17.4;17.4;17.3;16.8;16.5
2024-04-05 06:08:18;21.7;49.6;66.2;64.1;77.8;83.2;14.7 °C;17.4;17.4;17.3;16.8;16.5
2024-04-05 06:18:25;21.7;49.6;66.2;64.1;77.8;83.2;14.7 °C;17.3;17.4;17.3;16.8;16.5
2024-04-05 06:28:18;21.7;49.6;66.2;64.1;77.8;83.2;14.6 °C;17.3;17.4;17.3;16.8;16.5
2024-04-05 06:38:21;21.7;49.5;66.2;64.0;77.8;83.2;14.6 °C;17.3;17.4;17.3;16.8;16.5
2024-04-05 06:48:22;21.7;49.5;66.2;64.0;77.8;83.2;14.6 °C;17.2;17.4;17.3;16.8;16.5
2024-04-05 06:58:25;21.7;49.5;66.2;64.0;77.8;83.2;14.5 °C;17.2;17.4;17.3;16.8;16.5
2024-04-05 07:08:22;21.8;49.5;66.2;64.0;77.8;83.2;14.4 °C;17.1;17.4;17.3;16.8;16.5
2024-04-05 07:18:21;21.8;49.5;66.2;64.0;77.8;83.2;14.4 °C;17.1;17.3;17.3;16.8;16.5
2024-04-05 07:28:19;21.8;49.5;66.1;64.0;77.8;83.2;14.4 °C;17.1;17.3;17.3;16.8;16.5
2024-04-05 07:38:23;21.8;49.5;66.1;64.0;77.8;83.2;14.4 °C;17;17.3;17.2;16.8;16.5
2024-04-05 07:48:22;21.8;49.5;66.1;64.0;77.8;83.2;14.4 °C;17;17.3;17.2;16.8;16.5
2024-04-05 07:58:20;21.8;49.5;66.1;64.0;77.8;83.2;14.4 °C;16.9;17.3;17.2;16.9;16.5
2024-04-05 08:08:21;21.9;49.5;66.1;64.0;77.8;83.2;14.4 °C;16.9;17.3;17.2;16.9;16.5
2024-04-05 08:18:23;21.8;49.5;66.1;64.0;77.8;83.2;14.5 °C;16.9;17.3;17.2;16.9;16.5
2024-04-05 08:28:19;21.8;49.5;66.1;64.0;77.8;83.2;14.5 °C;16.9;17.2;17.2;16.9;16.5
2024-04-05 08:38:23;21.8;49.4;66.1;64.0;77.8;83.2;14.6 °C;16.8;17.2;17.2;16.9;16.5
2024-04-05 08:48:19;21.8;49.5;66.1;64.0;77.8;83.2;14.6 °C;16.8;17.2;17.2;16.9;16.5
2024-04-05 08:58:19;21.8;49.4;66.1;64.0;77.8;83.2;14.8 °C;16.8;17.1;17.2;16.9;16.5
2024-04-05 09:08:24;21.9;49.4;66.1;63.9;77.8;83.2;14.9 °C;16.8;17.1;17.2;16.9;16.5
2024-04-05 09:18:20;21.8;49.4;66.1;63.9;77.8;83.2;15 °C;16.8;17.1;17.2;16.9;16.6
2024-04-05 09:28:21;21.8;49.4;66.1;63.9;77.8;83.2;15.1 °C;16.7;17.1;17.1;16.9;16.6
2024-04-05 09:38:20;21.8;49.4;66.0;63.9;77.7;83.2;15.3 °C;16.7;17.1;17.1;16.9;16.6
2024-04-05 09:48:20;21.8;49.4;66.0;63.9;77.7;83.2;15.4 °C;16.7;17.1;17.1;16.9;16.6
2024-04-05 09:58:25;21.8;49.4;66.0;63.9;77.8;83.2;15.7 °C;16.6;17.1;17.1;16.9;16.6
2024-04-05 10:08:19;21.8;49.4;66.0;63.9;77.8;83.2;15.9 °C;16.6;17;17.1;16.9;16.6
2024-04-05 10:18:18;21.8;49.4;66.0;63.9;77.7;83.2;16.1 °C;16.6;17;17.1;16.9;16.6
2024-04-05 10:28:18;21.8;49.4;66.0;63.9;77.7;83.2;16.3 °C;16.6;17;17.1;16.9;16.6
2024-04-05 10:38:24;21.8;49.4;66.0;63.9;77.7;83.2;16.6 °C;16.6;17;17.1;16.8;16.6
2024-04-05 10:48:21;21.7;49.4;66.0;63.9;77.7;83.2;16.8 °C;16.6;16.9;17.1;16.9;16.6
2024-04-05 10:58:19;21.7;49.4;66.0;63.9;77.7;83.2;17 °C;16.6;16.9;17.1;16.9;16.6
2024-04-05 11:08:24;21.7;49.4;65.9;63.8;77.7;83.2;17.3 °C;16.6;16.9;17.1;16.8;16.6
2024-04-05 11:18:21;21.7;49.4;65.9;63.8;77.7;83.2;17.4 °C;16.6;16.9;17.1;16.8;16.6
2024-04-05 11:28:18;21.6;49.4;65.9;63.8;77.7;83.2;17.7 °C;16.6;16.9;17.1;16.8;16.6
2024-04-05 11:38:17;21.7;49.4;65.9;63.8;77.7;83.2;17.8 °C;16.7;16.9;17.1;16.8;16.6
2024-04-05 11:48:23;21.7;49.4;65.9;63.8;77.7;83.2;18 °C;16.7;16.9;17.1;16.8;16.6
2024-04-05 11:58:23;21.7;49.4;65.8;63.8;77.7;83.2;18.1 °C;16.8;16.9;17.1;16.8;16.6
2024-04-05 12:08:24;21.7;49.4;65.8;63.8;77.7;83.2;18.1 °C;16.8;16.9;17;16.8;16.6
2024-04-05 12:18:25;21.6;49.4;65.8;63.8;77.7;83.2;18.2 °C;16.8;16.9;17;16.8;16.6
2024-04-05 12:28:18;21.6;49.4;65.8;63.8;77.7;83.2;18.3 °C;16.8;16.8;17;16.8;16.6
2024-04-05 12:38:22;21.6;49.4;65.8;63.8;77.7;83.2;18.5 °C;16.9;16.8;17;16.8;16.6
2024-04-05 12:48:24;21.6;49.5;65.8;63.8;77.7;83.2;18.7 °C;16.9;16.8;17;16.8;16.6
2024-04-05 12:58:18;21.6;49.5;65.8;63.8;77.6;83.2;18.9 °C;16.9;16.8;17;16.8;16.6
2024-04-05 13:08:20;21.6;49.5;65.8;63.7;77.6;83.2;19.3 °C;17;16.8;17;16.8;16.6
2024-04-05 13:18:18;21.5;49.5;65.8;63.7;77.6;83.2;19.6 °C;17;16.8;17;16.8;16.6
2024-04-05 13:28:24;21.6;49.5;65.8;63.8;77.6;83.2;19.9 °C;17.1;16.8;16.9;16.8;16.6
2024-04-05 13:38:22;21.5;49.5;65.8;63.8;77.6;83.2;20.2 °C;17.1;16.8;16.9;16.8;16.6
2024-04-05 13:48:17;21.5;49.5;65.8;63.8;77.6;83.2;20.5 °C;17.2;16.8;16.9;16.8;16.6
2024-04-05 13:58:19;21.5;49.5;65.8;63.8;77.6;83.2;20.8 °C;17.3;16.8;16.9;16.8;16.6
2024-04-05 14:08:20;21.5;49.5;65.8;63.7;77.6;83.2;21.1 °C;17.3;16.8;16.9;16.8;16.6
2024-04-05 14:18:21;21.5;49.6;65.8;63.7;77.6;83.2;21.3 °C;17.4;16.8;16.9;16.8;16.6
2024-04-05 14:28:23;21.5;49.5;65.7;63.7;77.6;83.2;21.6 °C;17.4;16.8;16.9;16.8;16.6
2024-04-05 14:38:19;21.5;49.6;65.7;63.7;77.6;83.2;21.8 °C;17.5;16.8;16.9;16.8;16.6
2024-04-05 14:48:19;21.5;49.5;65.7;63.7;77.6;83.2;22 °C;17.6;16.9;16.9;16.8;16.6
2024-04-05 14:58:19;21.4;49.6;65.7;63.7;77.6;83.2;22.1 °C;17.7;16.9;16.9;16.8;16.6
2024-04-05 15:08:23;21.4;49.6;65.7;63.7;77.6;83.2;22.3 °C;17.8;16.9;16.9;16.8;16.6
2024-04-05 15:18:18;21.4;49.6;65.7;63.7;77.6;83.2;22.3 °C;17.9;16.9;16.9;16.8;16.6
2024-04-05 15:28:18;21.4;49.7;65.7;63.7;77.6;83.2;22.4 °C;17.9;16.9;16.9;16.8;16.6
2024-04-05 15:38:21;21.4;49.7;65.7;63.7;77.6;83.1;22.5 °C;18.1;16.9;16.9;16.8;16.6
2024-04-05 15:48:19;21.4;49.7;65.7;63.7;77.6;83.2;22.6 °C;18.1;16.9;16.9;16.8;16.6
2024-04-05 15:58:18;21.4;49.7;65.7;63.7;77.6;83.1;22.6 °C;18.2;16.9;16.9;16.8;16.6
2024-04-05 16:08:17;21.3;49.7;65.7;63.7;77.6;83.1;22.7 °C;18.3;17;16.9;16.8;16.6
2024-04-05 16:18:20;21.3;49.7;65.7;63.6;77.6;83.1;22.8 °C;18.4;17;16.9;16.8;16.6
2024-04-05 16:28:21;21.3;49.8;65.7;63.6;77.6;83.1;22.8 °C;18.4;17.1;16.9;16.8;16.6
2024-04-05 16:38:20;21.3;49.8;65.8;63.7;77.6;83.1;22.8 °C;18.6;17.1;16.9;16.8;16.6
2024-04-05 16:48:24;21.3;49.8;65.7;63.6;77.6;83.1;22.8 °C;18.6;17.1;16.9;16.8;16.6
2024-04-05 16:58:22;21.3;49.8;65.8;63.6;77.5;83.1;22.9 °C;18.7;17.1;16.9;16.8;16.6
2024-04-05 17:08:21;21.3;49.8;65.8;63.6;77.6;83.1;22.9 °C;18.8;17.1;16.9;16.8;16.6
2024-04-05 17:18:19;21.3;49.9;65.8;63.6;77.6;83.1;22.9 °C;18.8;17.2;16.9;16.8;16.6
2024-04-05 17:28:20;21.3;49.9;65.8;63.6;77.6;83.1;22.8 °C;18.9;17.2;16.9;16.8;16.6
2024-04-05 17:38:17;21.3;49.9;65.8;63.6;77.6;83.1;22.8 °C;18.9;17.3;16.9;16.8;16.6
2024-04-05 17:48:23;21.3;49.9;65.8;63.6;77.6;83.1;22.8 °C;19;17.3;16.9;16.8;16.6
2024-04-05 17:58:23;21.3;50.0;65.8;63.6;77.5;83.1;22.8 °C;19.1;17.3;16.9;16.8;16.6
2024-04-05 18:08:23;21.3;49.9;65.8;63.6;77.5;83.1;22.6 °C;19.1;17.3;16.9;16.8;16.6
2024-04-05 18:18:24;21.3;50.0;65.8;63.6;77.5;83.1;22.6 °C;19.2;17.4;16.9;16.8;16.6
2024-04-05 18:28:17;21.3;50.0;65.8;63.6;77.5;83.1;22.4 °C;19.3;17.4;16.9;16.8;16.6
2024-04-05 18:38:23;21.2;50.0;65.8;63.6;77.5;83.1;22.3 °C;19.3;17.4;16.9;16.8;16.6
2024-04-05 18:48:20;21.3;50.0;65.8;63.6;77.5;83.1;22.1 °C;19.3;17.4;17;16.8;16.6
2024-04-05 18:58:17;21.3;50.0;65.9;63.6;77.5;83.1;22 °C;19.4;17.5;17;16.8;16.6
2024-04-05 19:08:20;21.3;50.0;65.9;63.6;77.5;83.1;21.8 °C;19.4;17.5;17;16.8;16.6
2024-04-05 19:18:20;21.3;50.1;65.9;63.6;77.5;83.1;21.6 °C;19.4;17.6;17;16.8;16.6
2024-04-05 19:28:22;21.3;50.1;65.9;63.6;77.5;83.1;21.5 °C;19.4;17.6;17;16.8;16.6
2024-04-05 19:38:18;21.3;50.1;65.9;63.6;77.5;83.1;21.3 °C;19.5;17.6;17;16.8;16.6
2024-04-05 19:48:17;21.3;50.1;65.9;63.7;77.5;83.1;21.1 °C;19.5;17.6;17.1;16.8;16.5
2024-04-05 19:58:19;21.3;50.1;65.9;63.7;77.5;83.1;20.9 °C;19.6;17.7;17.1;16.8;16.6
2024-04-05 20:08:20;21.3;50;65.9;63.6;77.5;83.1;20.7 °C;19.6;17.7;17.1;16.8;16.5
2024-04-05 20:18:21;21.3;50.0;65.9;63.6;77.5;83.1;20.5 °C;19.6;17.8;17.1;16.8;16.6
2024-04-05 20:28:19;21.3;50.0;65.9;63.6;77.5;83.1;20.3 °C;19.6;17.8;17.1;16.8;16.5
2024-04-05 20:38:24;21.3;50.0;65.9;63.7;77.5;83.1;20.1 °C;19.6;17.8;17.1;16.8;16.5
2024-04-05 20:48:21;21.3;50.0;65.9;63.6;77.5;83.1;20 °C;19.6;17.8;17.1;16.8;16.5
2024-04-05 20:58:24;21.3;50.1;65.9;63.7;77.5;83.1;19.8 °C;19.6;17.8;17.1;16.8;16.6
2024-04-05 21:08:21;21.4;50.0;65.9;63.7;77.5;83.1;19.7 °C;19.6;17.9;17.1;16.8;16.6
2024-04-05 21:18:24;21.3;50.0;65.9;63.7;77.5;83.0;19.5 °C;19.6;17.9;17.1;16.8;16.6
2024-04-05 21:28:17;21.3;50.1;66.0;63.6;77.5;83.0;19.4 °C;19.5;17.9;17.2;16.8;16.6
2024-04-05 21:38:23;21.4;50.0;66.0;63.6;77.5;83.0;19.3 °C;19.5;17.9;17.2;16.8;16.5
2024-04-05 21:48:20;21.4;50.1;66.0;63.6;77.5;83.0;19.1 °C;19.5;17.9;17.2;16.8;16.6
2024-04-05 21:58:17;21.4;50.1;66.0;63.6;77.5;83.0;19 °C;19.5;17.9;17.2;16.8;16.6
2024-04-05 22:08:20;21.4;50.0;65.9;63.7;77.5;83.0;18.9 °C;19.4;18;17.2;16.8;16.6
2024-04-05 22:18:17;21.4;50.0;66.0;63.7;77.5;83.0;18.8 °C;19.4;18;17.3;16.8;16.6
2024-04-05 22:28:19;21.5;50.0;66.0;63.7;77.4;83.0;18.7 °C;19.4;18;17.3;16.8;16.6
2024-04-05 22:38:24;21.4;50.0;66.0;63.7;77.5;83.0;18.6 °C;19.4;18;17.3;16.8;16.6
2024-04-05 22:48:21;21.4;50.0;66.0;63.7;77.5;83.0;18.5 °C;19.4;18.1;17.3;16.8;16.6
2024-04-05 22:58:20;21.4;50.0;66.0;63.7;77.4;83.0;18.4 °C;19.3;18.1;17.3;16.8;16.6
2024-04-05 23:08:22;21.5;50.0;66.0;63.7;77.4;83.0;18.3 °C;19.3;18.1;17.3;16.8;16.6
2024-04-05 23:18:21;21.5;50.0;66.0;63.7;77.4;83.0;18.2 °C;19.3;18.1;17.3;16.8;16.6
2024-04-05 23:28:23;21.5;50.0;66.0;63.7;77.5;83.0;18.1 °C;19.3;18.1;17.3;16.8;16.6
2024-04-05 23:38:24;21.5;50.0;66.0;63.7;77.4;83.0;18.1 °C;19.2;18.1;17.3;16.8;16.6
2024-04-05 23:48:17;21.5;50.0;66.0;63.7;77.5;83.0;17.9 °C;19.2;18.1;17.3;16.8;16.6
2024-04-05 23:58:24;21.5;50.0;66.0;63.7;77.5;83.0;17.9 °C;19.1;18.1;17.4;16.8;16.6
2024-04-06 00:08:17;21.6;50.0;66.0;63.7;77.5;83.0;17.8 °C;19.1;18.1;17.4;16.8;16.6
2024-04-06 00:18:23;21.6;49.9;66.0;63.7;77.5;83.0;17.7 °C;19.1;18.1;17.4;16.9;16.6
2024-04-06 00:28:24;21.6;49.9;66.0;63.7;77.5;83.0;17.6 °C;19.1;18.1;17.4;16.9;16.6
2024-04-06 00:38:17;21.6;49.9;66.0;63.7;77.5;83.0;17.5 °C;19;18.1;17.4;16.9;16.6
2024-04-06 00:48:19;21.6;50.0;66.0;63.7;77.5;83.0;17.4 °C;18.9;18.1;17.4;16.9;16.6
2024-04-06 00:58:20;21.6;49.9;66.0;63.7;77.5;83.0;17.4 °C;18.9;18.1;17.4;16.9;16.6
2024-04-06 01:08:18;21.6;49.9;66.0;63.7;77.5;83.0;17.3 °C;18.9;18.1;17.4;16.9;16.6
2024-04-06 01:18:17;21.6;49.9;66.0;63.7;77.5;83.0;17.2 °C;18.9;18.1;17.4;16.9;16.6
2024-04-06 01:28:20;21.6;49.9;66.0;63.7;77.5;83.0;17.1 °C;18.8;18.1;17.4;16.9;16.6
2024-04-06 01:38:21;21.6;49.9;66.0;63.7;77.5;83.0;17.1 °C;18.8;18.1;17.4;16.9;16.6
2024-04-06 01:48:19;21.7;49.9;66.0;63.7;77.5;83.0;17 °C;18.8;18.1;17.4;16.9;16.6
2024-04-06 01:58:24;21.7;49.9;66.0;63.7;77.5;83.0;16.9 °C;18.7;18.1;17.4;16.9;16.6
2024-04-06 02:08:21;21.7;49.9;65.9;63.7;77.5;83.0;16.8 °C;18.7;18.1;17.4;16.9;16.6
2024-04-06 02:18:24;21.7;49.9;66.0;63.7;77.5;83.0;16.8 °C;18.6;18.1;17.5;16.9;16.6
2024-04-06 02:28:22;21.7;49.9;66.0;63.7;77.5;83.0;16.7 °C;18.6;18.1;17.5;16.9;16.6
2024-04-06 02:38:22;21.7;49.8;65.9;63.7;77.5;83.0;16.6 °C;18.6;18.1;17.5;16.9;16.6
2024-04-06 02:48:21;21.8;49.9;65.9;63.7;77.5;83.0;16.6 °C;18.5;18.1;17.5;16.9;16.6
2024-04-06 02:58:21;21.7;49.9;65.9;63.7;77.5;83.0;16.6 °C;18.5;18.1;17.5;16.9;16.6
2024-04-06 03:08:23;21.7;49.8;65.9;63.7;77.5;82.9;16.5 °C;18.4;18;17.5;16.9;16.6
2024-04-06 03:18:19;21.8;49.8;65.9;63.7;77.5;82.9;16.4 °C;18.4;18;17.5;16.9;16.6
2024-04-06 03:28:19;21.8;49.8;65.9;63.7;77.5;82.9;16.4 °C;18.4;18;17.5;16.9;16.6
2024-04-06 03:38:17;21.8;49.8;65.9;63.7;77.4;82.9;16.3 °C;18.4;18;17.5;17;16.6
2024-04-06 03:48:23;21.8;49.8;65.9;63.7;77.5;82.9;16.3 °C;18.3;18;17.5;17;16.6
2024-04-06 03:58:24;21.8;49.8;65.9;63.7;77.4;82.9;16.2 °C;18.3;18;17.5;17;16.6
2024-04-06 04:08:21;21.8;49.8;65.9;63.7;77.5;82.9;16.2 °C;18.3;17.9;17.5;17;16.6
2024-04-06 04:18:20;21.8;49.8;65.9;63.7;77.5;82.9;16.1 °C;18.2;17.9;17.5;17;16.6
2024-04-06 04:28:18;21.8;49.8;65.9;63.7;77.5;82.9;16.1 °C;18.2;17.9;17.5;17;16.6
2024-04-06 04:38:22;21.9;49.8;65.9;63.7;77.5;82.9;16 °C;18.1;17.9;17.5;17;16.6
2024-04-06 04:48:22;21.8;49.8;65.9;63.7;77.5;82.9;15.9 °C;18.1;17.9;17.5;17;16.6
2024-04-06 04:58:18;21.8;49.7;65.9;63.7;77.5;82.9;15.9 °C;18.1;17.9;17.5;17;16.6
2024-04-06 05:08:17;21.9;49.7;65.9;63.7;77.5;82.9;15.9 °C;18.1;17.9;17.5;17;16.6
2024-04-06 05:18:24;21.9;49.7;65.9;63.7;77.5;82.9;15.8 °C;18;17.9;17.5;17;16.6
2024-04-06 05:28:18;21.9;49.7;65.9;63.7;77.5;82.9;15.8 °C;18;17.9;17.5;17;16.6
2024-04-06 05:38:17;21.9;49.7;65.9;63.7;77.5;82.9;15.7 °C;17.9;17.9;17.5;17;16.6
2024-04-06 05:48:16;21.9;49.7;65.8;63.7;77.5;82.9;15.7 °C;17.9;17.8;17.5;17;16.6
2024-04-06 05:58:22;21.9;49.7;65.8;63.7;77.5;82.9;15.6 °C;17.9;17.8;17.5;17;16.6
2024-04-06 06:18:23;21.9;49.7;65.8;63.7;77.4;82.9;15.6 °C;17.8;17.8;17.5;17.1;16.6
2024-04-06 06:28:21;21.9;49.7;65.8;63.7;77.5;82.9;15.5 °C;17.8;17.8;17.5;17.1;16.6
2024-04-06 06:38:23;21.9;49.7;65.8;63.7;77.4;82.9;15.4 °C;17.8;17.8;17.5;17.1;16.7
2024-04-06 06:48:20;22.0;49.7;65.8;63.7;77.5;82.9;15.4 °C;17.7;17.8;17.5;17.1;16.7
2024-04-06 06:58:17;21.9;49.7;65.8;63.7;77.5;82.9;15.4 °C;17.7;17.8;17.5;17.1;16.7
2024-04-06 07:08:20;22.0;49.6;65.8;63.7;77.4;82.9;15.4 °C;17.6;17.7;17.5;17.1;16.7
2024-04-06 07:18:23;22.0;49.6;65.8;63.7;77.4;82.9;15.4 °C;17.6;17.7;17.5;17.1;16.7
2024-04-06 07:28:23;22.0;49.7;65.8;63.7;77.4;82.9;15.4 °C;17.6;17.7;17.5;17.1;16.7
2024-04-06 07:38:24;22.0;49.7;65.8;63.7;77.4;82.9;15.4 °C;17.6;17.7;17.5;17.1;16.7
2024-04-06 07:48:17;22.0;49.6;65.8;63.7;77.4;82.9;15.4 °C;17.5;17.6;17.5;17.1;16.7
2024-04-06 07:58:21;22.0;49.6;65.8;63.7;77.4;82.9;15.4 °C;17.5;17.6;17.5;17.1;16.7
2024-04-06 08:08:23;22.0;49.6;65.7;63.7;77.4;82.9;15.4 °C;17.4;17.6;17.5;17.1;16.7
2024-04-06 08:18:20;22.0;49.6;65.8;63.7;77.4;82.9;15.5 °C;17.4;17.6;17.5;17.1;16.7
2024-04-06 08:28:21;22.0;49.6;65.8;63.7;77.4;82.9;15.6 °C;17.4;17.6;17.5;17.1;16.7
2024-04-06 08:38:21;22.0;49.6;65.8;63.6;77.4;82.9;15.6 °C;17.4;17.6;17.4;17.1;16.7
2024-04-06 08:48:23;22.0;49.6;65.7;63.6;77.4;82.9;15.7 °C;17.4;17.6;17.4;17.1;16.7
2024-04-06 08:58:20;22.0;49.6;65.7;63.6;77.4;82.9;15.8 °C;17.3;17.6;17.4;17.1;16.7
2024-04-06 09:08:22;22.0;49.6;65.7;63.6;77.4;82.9;16 °C;17.3;17.5;17.4;17.1;16.7
2024-04-06 09:18:19;21.9;49.6;65.7;63.6;77.4;82.9;16.1 °C;17.3;17.5;17.4;17.1;16.7
2024-04-06 09:28:19;22.0;49.6;65.7;63.6;77.4;82.9;16.3 °C;17.3;17.5;17.4;17.1;16.7
2024-04-06 09:38:20;21.9;49.6;65.7;63.6;77.4;82.9;16.5 °C;17.3;17.5;17.4;17.1;16.7
2024-04-06 09:48:18;21.9;49.6;65.7;63.6;77.4;82.9;16.6 °C;17.3;17.4;17.4;17.1;16.7
2024-04-06 09:58:17;21.9;49.6;65.7;63.6;77.4;82.9;16.8 °C;17.3;17.4;17.4;17.1;16.7
2024-04-06 10:08:17;21.9;49.6;65.7;63.6;77.4;82.9;17.1 °C;17.3;17.4;17.4;17.1;16.7
2024-04-06 10:18:20;21.9;49.6;65.6;63.6;77.4;82.9;17.3 °C;17.2;17.4;17.4;17.1;16.7
2024-04-06 10:28:21;21.9;49.6;65.7;63.6;77.4;82.9;17.5 °C;17.2;17.4;17.4;17.1;16.7
2024-04-06 10:38:17;21.9;49.6;65.7;63.6;77.4;82.9;17.7 °C;17.3;17.4;17.4;17.1;16.7
2024-04-06 10:48:20;21.8;49.5;65.6;63.6;77.4;82.9;17.9 °C;17.3;17.4;17.4;17.1;16.7
2024-04-06 10:58:21;21.8;49.5;65.7;63.6;77.4;82.9;18.1 °C;17.3;17.4;17.4;17.1;16.7
2024-04-06 11:08:21;21.8;49.6;65.6;63.6;77.4;82.9;18.3 °C;17.3;17.3;17.4;17.1;16.7
2024-04-06 11:18:19;21.8;49.6;65.6;63.6;77.4;82.9;18.5 °C;17.3;17.3;17.4;17.1;16.8
2024-04-06 11:28:21;21.8;49.6;65.6;63.6;77.4;82.9;18.8 °C;17.3;17.3;17.4;17.1;16.8
2024-04-06 11:38:20;21.8;49.6;65.6;63.6;77.4;82.9;18.9 °C;17.3;17.3;17.4;17.1;16.8
2024-04-06 11:48:22;21.8;49.6;65.6;63.6;77.4;82.9;19.1 °C;17.4;17.3;17.4;17.1;16.8
2024-04-06 11:58:22;21.8;49.6;65.6;63.6;77.4;82.9;19.3 °C;17.4;17.3;17.3;17.1;16.8
2024-04-06 12:08:18;21.7;49.6;65.6;63.6;77.4;82.9;19.4 °C;17.4;17.3;17.3;17.1;16.8
2024-04-06 12:18:19;21.7;49.6;65.6;63.6;77.4;82.9;19.4 °C;17.4;17.3;17.3;17.1;16.8
2024-04-06 12:28:16;21.7;49.6;65.6;63.6;77.4;82.9;19.6 °C;17.5;17.3;17.3;17.1;16.8
2024-04-06 12:38:22;21.7;49.6;65.6;63.6;77.4;82.9;19.7 °C;17.6;17.3;17.3;17.1;16.8
2024-04-06 12:48:22;21.6;49.6;65.6;63.6;77.4;82.9;19.9 °C;17.6;17.3;17.3;17.1;16.8
2024-04-06 12:58:22;21.6;49.6;65.6;63.6;77.4;82.9;20.1 °C;17.6;17.3;17.3;17.1;16.8
2024-04-06 13:08:23;21.6;49.6;65.6;63.5;77.4;82.9;20.3 °C;17.7;17.3;17.3;17.1;16.8
2024-04-06 13:18:19;21.6;49.6;65.6;63.5;77.4;82.9;20.5 °C;17.7;17.3;17.3;17.1;16.8
2024-04-06 13:28:17;21.6;49.6;65.6;63.5;77.4;82.9;20.8 °C;17.8;17.3;17.3;17.1;16.8
2024-04-06 13:38:21;21.5;49.6;65.6;63.5;77.4;82.9;21.1 °C;17.8;17.3;17.3;17.1;16.8
2024-04-06 13:48:23;21.5;49.6;65.6;63.5;77.4;82.9;21.3 °C;17.9;17.3;17.3;17.1;16.8
2024-04-06 13:58:21;21.5;49.7;65.6;63.5;77.4;82.9;21.5 °C;17.9;17.3;17.3;17.1;16.8
2024-04-06 14:08:20;21.5;49.7;65.6;63.5;77.4;82.9;21.8 °C;18;17.3;17.3;17;16.8
2024-04-06 14:18:17;21.5;49.7;65.5;63.5;77.4;82.9;22 °C;18.1;17.3;17.3;17;16.8
2024-04-06 14:28:21;21.5;49.7;65.6;63.5;77.4;82.9;22.3 °C;18.1;17.3;17.3;17;16.8
2024-04-06 14:38:20;21.4;49.7;65.6;63.5;77.4;82.9;22.4 °C;18.2;17.3;17.3;17;16.8
2024-04-06 14:48:18;21.4;49.7;65.6;63.5;77.4;82.9;22.6 °C;18.3;17.3;17.3;17;16.8
2024-04-06 14:58:23;21.4;49.7;65.6;63.5;77.4;82.9;22.8 °C;18.3;17.3;17.3;17;16.8
2024-04-06 15:08:16;21.4;49.7;65.6;63.5;77.4;82.9;22.9 °C;18.4;17.4;17.3;17;16.8
2024-04-06 15:18:23;21.4;49.7;65.6;63.5;77.4;82.9;23.1 °C;18.5;17.4;17.3;17;16.8
2024-04-06 15:28:20;21.4;49.7;65.6;63.5;77.4;82.9;23.2 °C;18.6;17.4;17.3;17;16.8
2024-04-06 15:38:22;21.4;49.7;65.6;63.5;77.4;82.9;23.3 °C;18.6;17.4;17.3;17;16.8
2024-04-06 15:48:22;21.4;49.8;65.6;63.5;77.4;82.9;23.4 °C;18.7;17.4;17.3;17;16.8
2024-04-06 15:58:18;21.3;49.8;65.6;63.5;77.4;82.9;23.4 °C;18.8;17.4;17.3;17;16.8
2024-04-06 16:08:19;21.3;49.8;65.6;63.5;77.3;82.9;23.5 °C;18.9;17.4;17.3;17;16.8
2024-04-06 16:18:16;21.4;49.8;65.6;63.5;77.4;82.9;23.6 °C;18.9;17.5;17.3;17;16.8
2024-04-06 16:28:22;21.3;49.8;65.6;63.5;77.4;82.9;23.7 °C;19.1;17.5;17.3;17;16.8
2024-04-06 16:38:23;21.4;49.9;65.6;63.5;77.3;82.9;23.8 °C;19.1;17.6;17.3;17;16.8
2024-04-06 16:48:20;21.4;49.9;65.6;63.5;77.4;82.9;23.8 °C;19.2;17.6;17.3;17;16.8
2024-04-06 16:58:19;21.3;49.9;65.6;63.5;77.3;82.9;23.9 °C;19.3;17.6;17.3;17;16.8
2024-04-06 17:08:16;21.3;49.9;65.6;63.5;77.3;82.9;23.9 °C;19.3;17.6;17.3;17;16.8
2024-04-06 17:18:23;21.3;49.9;65.6;63.5;77.3;82.9;23.9 °C;19.4;17.6;17.3;17;16.8
2024-04-06 17:28:16;21.3;49.9;65.6;63.5;77.4;82.9;23.9 °C;19.5;17.7;17.3;17;16.8
2024-04-06 17:38:19;21.3;49.9;65.7;63.5;77.3;82.9;23.9 °C;19.6;17.7;17.3;17;16.8
2024-04-06 17:48:21;21.3;50.0;65.7;63.5;77.3;82.9;23.9 °C;19.6;17.8;17.3;17;16.8
2024-04-06 17:58:23;21.3;50.0;65.7;63.5;77.3;82.9;23.8 °C;19.7;17.8;17.3;17;16.8
2024-04-06 18:08:21;21.3;50.0;65.7;63.5;77.3;82.9;23.7 °C;19.8;17.8;17.3;17;16.8
2024-04-06 18:18:17;21.3;50.0;65.7;63.5;77.3;82.9;23.5 °C;19.8;17.8;17.3;17;16.8
2024-04-06 18:28:20;21.3;50.0;65.7;63.5;77.4;82.9;23.4 °C;19.9;17.9;17.3;17;16.8
2024-04-06 18:38:22;21.3;50.0;65.7;63.5;77.3;82.9;23.2 °C;19.9;17.9;17.3;17;16.8
2024-04-06 18:48:18;21.3;50.0;65.7;63.5;77.3;82.9;23.1 °C;19.9;17.9;17.3;17;16.8
2024-04-06 18:58:23;21.3;50.1;65.7;63.5;77.3;82.9;22.9 °C;20;17.9;17.3;17;16.8
2024-04-06 19:08:16;21.3;50.1;65.8;63.5;77.3;82.9;22.7 °C;20.1;18;17.4;17;16.8
2024-04-06 19:18:18;21.3;50.1;65.8;63.5;77.4;82.9;22.5 °C;20.1;18;17.4;17;16.8
2024-04-06 19:28:18;21.3;50.1;65.8;63.5;77.4;82.9;22.3 °C;20.1;18.1;17.4;17;16.8
2024-04-06 19:38:22;21.3;50.1;65.8;63.5;77.3;82.9;22.1 °C;20.1;18.1;17.4;17;16.8
2024-04-06 19:48:22;21.3;50.1;65.8;63.5;77.3;82.9;21.9 °C;20.1;18.1;17.4;17;16.8
2024-04-06 19:58:17;21.3;50.1;65.8;63.5;77.3;82.9;21.7 °C;20.2;18.1;17.4;17;16.8
2024-04-06 20:08:17;21.3;50.1;65.8;63.5;77.3;82.9;21.5 °C;20.2;18.2;17.4;17;16.8
2024-04-06 20:18:21;21.3;50.1;65.8;63.5;77.4;82.9;21.3 °C;20.2;18.2;17.4;17;16.8
2024-04-06 20:28:21;21.3;50.1;65.8;63.5;77.3;82.9;21.1 °C;20.2;18.3;17.4;17;16.8
2024-04-06 20:38:17;21.3;50.1;65.8;63.5;77.3;82.9;20.9 °C;20.2;18.3;17.4;17;16.8
2024-04-06 20:48:19;21.3;50.2;65.9;63.5;77.3;82.9;20.8 °C;20.2;18.3;17.5;17;16.8
2024-04-06 20:58:17;21.4;50.2;65.9;63.5;77.3;82.9;20.6 °C;20.2;18.3;17.5;17;16.8
2024-04-06 21:08:21;21.4;50.1;65.9;63.5;77.3;82.9;20.5 °C;20.2;18.3;17.5;17;16.8
2024-04-06 21:18:17;21.4;50.2;65.9;63.5;77.3;82.9;20.4 °C;20.2;18.4;17.5;17.1;16.8
2024-04-06 21:28:16;21.4;50.1;65.9;63.6;77.3;82.9;20.2 °C;20.2;18.4;17.6;17.1;16.8
2024-04-06 21:38:18;21.4;50.1;65.9;63.6;77.3;82.9;20.1 °C;20.1;18.4;17.6;17.1;16.8
2024-04-06 21:48:19;21.4;50.1;65.9;63.6;77.3;82.9;20 °C;20.1;18.4;17.6;17.1;16.8
2024-04-06 21:58:21;21.4;50.1;65.9;63.6;77.3;82.9;19.9 °C;20.1;18.4;17.6;17.1;16.8
2024-04-06 22:08:16;21.4;50.2;65.9;63.6;77.4;82.9;19.8 °C;20.1;18.4;17.6;17.1;16.8
2024-04-06 22:18:18;21.4;50.2;65.9;63.6;77.3;82.9;19.6 °C;20.1;18.5;17.6;17.1;16.8
2024-04-06 22:28:23;21.5;50.1;65.9;63.6;77.3;82.9;19.5 °C;20.1;18.5;17.6;17.1;16.8
2024-04-06 22:38:17;21.5;50.2;65.9;63.6;77.3;82.9;19.4 °C;20;18.5;17.6;17.1;16.8
2024-04-06 22:48:17;21.5;50.1;65.9;63.6;77.4;82.9;19.3 °C;20;18.5;17.6;17.1;16.8
2024-04-06 22:58:17;21.5;50.1;65.9;63.6;77.3;82.9;19.2 °C;19.9;18.6;17.6;17.1;16.8
2024-04-06 23:08:20;21.5;50.1;65.9;63.6;77.3;82.9;19.1 °C;19.9;18.6;17.7;17.1;16.8
2024-04-06 23:18:18;21.5;50.1;65.9;63.6;77.3;82.9;19 °C;19.9;18.6;17.7;17.1;16.8
2024-04-06 23:28:23;21.5;50.1;65.9;63.6;77.3;82.9;18.9 °C;19.9;18.6;17.7;17.1;16.8
2024-04-06 23:38:20;21.5;50.1;65.9;63.6;77.4;82.9;18.8 °C;19.8;18.6;17.7;17.1;16.8
2024-04-06 23:48:22;21.6;50.1;65.9;63.6;77.3;82.9;18.7 °C;19.8;18.6;17.8;17.1;16.8
2024-04-06 23:58:19;21.5;50.1;65.9;63.6;77.4;82.9;18.6 °C;19.8;18.6;17.8;17.1;16.8
2024-04-07 00:08:21;21.5;50.1;65.9;63.6;77.4;82.9;18.5 °C;19.8;18.6;17.8;17.1;16.8
2024-04-07 00:18:18;21.6;50.1;66.0;63.6;77.4;82.9;18.4 °C;19.7;18.6;17.8;17.1;16.8
2024-04-07 00:28:18;21.6;50.1;66.0;63.6;77.3;82.9;18.3 °C;19.6;18.6;17.8;17.1;16.8
2024-04-07 00:38:18;21.6;50.1;66.0;63.6;77.4;82.9;18.3 °C;19.6;18.6;17.8;17.1;16.8
2024-04-07 00:48:19;21.6;50.1;66.0;63.6;77.3;82.9;18.2 °C;19.6;18.6;17.8;17.2;16.8
2024-04-07 00:58:20;21.6;50.1;65.9;63.6;77.3;82.9;18.1 °C;19.6;18.6;17.8;17.2;16.8
2024-04-07 01:08:16;21.6;50.1;66.0;63.6;77.3;82.9;18 °C;19.5;18.6;17.8;17.2;16.8
2024-04-07 01:18:18;21.6;50.1;65.9;63.6;77.3;82.9;17.9 °C;19.5;18.6;17.8;17.2;16.8
2024-04-07 01:28:23;21.6;50.1;65.9;63.6;77.3;82.9;17.9 °C;19.4;18.6;17.8;17.2;16.8
2024-04-07 01:38:16;21.7;50.0;65.9;63.6;77.3;82.9;17.8 °C;19.4;18.6;17.8;17.2;16.8
2024-04-07 01:48:19;21.7;50.0;65.9;63.6;77.3;82.9;17.8 °C;19.4;18.6;17.8;17.2;16.8
2024-04-07 01:58:21;21.7;50.0;65.9;63.6;77.3;82.9;17.7 °C;19.3;18.6;17.9;17.2;16.8
2024-04-07 02:08:20;21.7;50.0;65.9;63.6;77.3;82.9;17.6 °C;19.3;18.6;17.9;17.2;16.8
2024-04-07 02:18:19;21.7;50.0;65.9;63.6;77.4;82.8;17.6 °C;19.3;18.6;17.9;17.3;16.8
2024-04-07 02:28:21;21.7;50.0;65.9;63.6;77.3;82.9;17.5 °C;19.2;18.6;17.9;17.3;16.8
2024-04-07 02:38:20;21.7;50.0;65.9;63.6;77.3;82.9;17.4 °C;19.2;18.6;17.9;17.3;16.8
2024-04-07 02:48:22;21.7;50.0;65.9;63.6;77.3;82.9;17.4 °C;19.1;18.6;17.9;17.3;16.8
2024-04-07 02:58:19;21.8;50.0;65.9;63.6;77.3;82.9;17.4 °C;19.1;18.5;17.9;17.3;16.8
2024-04-07 03:08:21;21.7;50.0;65.9;63.6;77.3;82.9;17.3 °C;19.1;18.5;17.9;17.3;16.8
2024-04-07 03:18:17;21.8;50;65.9;63.6;77.3;82.9;17.3 °C;19;18.5;17.9;17.3;16.8
2024-04-07 03:28:17;21.7;50.0;65.9;63.6;77.4;82.9;17.2 °C;19;18.5;17.9;17.3;16.8
2024-04-07 03:38:17;21.8;50.0;65.9;63.7;77.4;82.9;17.1 °C;18.9;18.5;17.9;17.3;16.8
2024-04-07 03:48:17;21.8;50.0;65.9;63.6;77.3;82.9;17.1 °C;18.9;18.5;17.9;17.3;16.8
2024-04-07 03:58:22;21.8;50.0;65.9;63.7;77.4;82.9;17 °C;18.9;18.4;17.9;17.3;16.8
2024-04-07 04:08:22;21.8;50.0;65.9;63.7;77.3;82.9;16.9 °C;18.9;18.4;17.9;17.3;16.8
2024-04-07 04:18:23;21.9;49.9;65.9;63.6;77.3;82.9;16.9 °C;18.8;18.4;17.9;17.3;16.8
2024-04-07 04:28:21;21.8;49.9;65.9;63.7;77.4;82.9;16.8 °C;18.8;18.4;17.9;17.3;16.8
2024-04-07 04:38:20;21.9;49.9;65.9;63.7;77.4;82.9;16.8 °C;18.8;18.4;17.9;17.3;16.9
2024-04-07 04:48:23;21.9;49.9;65.9;63.7;77.4;82.9;16.8 °C;18.7;18.4;17.9;17.3;16.9
2024-04-07 04:58:17;21.9;49.9;65.9;63.7;77.4;82.9;16.7 °C;18.7;18.4;17.9;17.3;16.9
2024-04-07 05:08:20;21.9;49.9;65.8;63.7;77.3;82.9;16.6 °C;18.7;18.4;17.9;17.3;16.9
2024-04-07 05:18:23;21.9;49.9;65.9;63.7;77.3;82.9;16.6 °C;18.6;18.4;17.9;17.3;16.9
2024-04-07 05:28:16;21.9;49.9;65.8;63.7;77.4;82.9;16.6 °C;18.6;18.4;17.9;17.3;16.9
2024-04-07 05:38:16;21.9;49.9;65.9;63.7;77.3;82.9;16.5 °C;18.6;18.3;17.9;17.3;16.9
2024-04-07 05:48:22;21.9;49.9;65.8;63.7;77.4;82.9;16.5 °C;18.5;18.3;17.9;17.3;16.9
2024-04-07 05:58:15;21.9;49.9;65.9;63.7;77.3;82.9;16.4 °C;18.5;18.3;17.9;17.3;16.9
2024-04-07 06:08:18;22.0;49.9;65.8;63.7;77.4;82.9;16.4 °C;18.4;18.3;17.9;17.3;16.9
2024-04-07 06:18:23;22.0;49.9;65.9;63.7;77.4;82.9;16.4 °C;18.4;18.3;17.9;17.3;16.9
2024-04-07 06:28:17;22.0;49.8;65.8;63.7;77.4;82.9;16.3 °C;18.4;18.3;17.9;17.3;16.9
2024-04-07 06:38:16;21.9;49.8;65.8;63.7;77.4;82.9;16.3 °C;18.4;18.3;17.9;17.4;16.9
2024-04-07 06:48:19;22.0;49.8;65.8;63.7;77.4;82.9;16.2 °C;18.3;18.3;17.9;17.4;16.9
2024-04-07 06:58:17;22.0;49.8;65.8;63.6;77.4;82.9;16.2 °C;18.3;18.3;17.9;17.4;16.9
2024-04-07 07:08:17;22.0;49.8;65.8;63.7;77.4;82.9;16.1 °C;18.3;18.2;17.9;17.4;16.9
2024-04-07 07:18:17;22;49.8;65.8;63.7;77.4;82.9;16.1 °C;18.3;18.2;17.9;17.4;16.9
2024-04-07 07:28:16;22.0;49.8;65.8;63.6;77.4;82.9;16.1 °C;18.2;18.2;17.9;17.4;16.9
2024-04-07 07:38:15;22;49.8;65.8;63.6;77.4;82.9;16.1 °C;18.2;18.2;17.9;17.4;16.9
2024-04-07 07:48:17;22;49.8;65.8;63.6;77.4;82.9;16.1 °C;18.1;18.1;17.9;17.4;16.9
2024-04-07 07:58:21;22;49.8;65.8;63.6;77.4;82.9;16.1 °C;18.1;18.1;17.9;17.4;16.9
2024-04-07 08:08:21;22.0;49.8;65.8;63.6;77.4;82.9;16.1 °C;18.1;18.1;17.9;17.4;16.9
2024-04-07 08:18:21;22.0;49.8;65.8;63.6;77.4;82.9;16.1 °C;18.1;18.1;17.9;17.4;16.9
2024-04-07 08:28:22;22.0;49.8;65.8;63.6;77.4;82.9;16.2 °C;18;18.1;17.9;17.4;16.9
2024-04-07 08:38:18;22.0;49.8;65.8;63.6;77.4;82.9;16.3 °C;18;18.1;17.9;17.4;16.9
2024-04-07 08:48:15;22.0;49.8;65.7;63.6;77.4;82.9;16.3 °C;17.9;18.1;17.9;17.4;16.9
2024-04-07 08:58:21;22.0;49.8;65.7;63.6;77.4;82.9;16.4 °C;17.9;18.1;17.9;17.4;16.9
2024-04-07 09:08:17;22.0;49.8;65.7;63.6;77.4;82.9;16.6 °C;17.9;18;17.9;17.4;16.9
2024-04-07 09:18:21;22.0;49.8;65.7;63.6;77.4;82.9;16.8 °C;17.9;18;17.9;17.4;16.9
2024-04-07 09:28:21;22.0;49.8;65.7;63.6;77.4;82.9;16.9 °C;17.9;18;17.8;17.4;16.9
2024-04-07 09:38:18;22.0;49.8;65.7;63.6;77.4;82.9;17.1 °C;17.9;18;17.8;17.4;16.9
2024-04-07 09:48:22;21.9;49.7;65.7;63.6;77.4;82.9;17.3 °C;17.8;17.9;17.8;17.4;16.9
2024-04-07 09:58:15;21.9;49.7;65.7;63.6;77.4;82.9;17.5 °C;17.8;17.9;17.8;17.4;16.9
2024-04-07 10:08:22;21.9;49.7;65.7;63.6;77.4;82.9;17.7 °C;17.8;17.9;17.8;17.4;16.9
2024-04-07 10:18:22;21.9;49.7;65.7;63.6;77.4;82.9;17.9 °C;17.8;17.9;17.8;17.4;16.9
2024-04-07 10:28:15;21.9;49.7;65.7;63.6;77.4;82.9;18.1 °C;17.8;17.9;17.8;17.4;16.9
2024-04-07 10:38:18;21.9;49.7;65.6;63.6;77.4;82.9;18.4 °C;17.8;17.9;17.8;17.4;16.9
2024-04-07 10:48:15;21.8;49.7;65.6;63.6;77.4;82.9;18.6 °C;17.8;17.9;17.8;17.4;16.9
2024-04-07 10:58:21;21.8;49.7;65.6;63.6;77.4;82.9;18.8 °C;17.8;17.9;17.8;17.4;16.9
2024-04-07 11:08:22;21.8;49.7;65.6;63.6;77.4;82.9;19 °C;17.8;17.8;17.8;17.4;16.9
2024-04-07 11:18:22;21.8;49.7;65.6;63.6;77.4;82.9;19.2 °C;17.8;17.8;17.8;17.4;16.9
2024-04-07 11:28:20;21.7;49.7;65.6;63.6;77.4;82.9;19.4 °C;17.9;17.8;17.8;17.4;16.9
2024-04-07 11:38:20;21.7;49.7;65.6;63.6;77.3;82.9;19.6 °C;17.9;17.8;17.8;17.4;17
2024-04-07 11:48:22;21.7;49.7;65.6;63.6;77.4;82.9;19.7 °C;17.9;17.8;17.8;17.4;16.9
2024-04-07 11:58:16;21.7;49.7;65.6;63.6;77.4;82.9;19.8 °C;17.9;17.8;17.8;17.4;17
2024-04-07 12:08:23;21.7;49.7;65.6;63.6;77.3;82.9;19.9 °C;18;17.8;17.8;17.4;17
2024-04-07 12:18:17;21.7;49.7;65.6;63.6;77.4;82.9;19.9 °C;18;17.8;17.8;17.4;17
2024-04-07 12:28:21;21.6;49.7;65.6;63.6;77.3;82.9;20.1 °C;18.1;17.8;17.8;17.4;17
2024-04-07 12:38:16;21.6;49.7;65.6;63.6;77.3;82.9;20.3 °C;18.1;17.8;17.7;17.4;17
2024-04-07 12:48:20;21.6;49.8;65.6;63.6;77.3;82.9;20.5 °C;18.1;17.8;17.7;17.4;17
2024-04-07 12:58:15;21.6;49.8;65.6;63.6;77.3;82.9;20.7 °C;18.1;17.8;17.7;17.4;17
2024-04-07 13:08:22;21.5;49.8;65.6;63.6;77.3;82.9;21 °C;18.2;17.8;17.7;17.4;17
2024-04-07 13:18:23;21.5;49.8;65.6;63.6;77.3;82.9;21.3 °C;18.3;17.8;17.7;17.4;17
2024-04-07 13:28:16;21.5;49.8;65.6;63.5;77.3;82.9;21.6 °C;18.3;17.8;17.7;17.4;17
2024-04-07 13:38:16;21.4;49.8;65.6;63.5;77.3;82.9;21.9 °C;18.3;17.8;17.7;17.4;17
2024-04-07 13:48:19;21.4;49.8;65.6;63.5;77.3;82.9;22.2 °C;18.4;17.8;17.7;17.4;17
2024-04-07 13:58:22;21.4;49.8;65.6;63.5;77.3;82.9;22.4 °C;18.4;17.8;17.7;17.4;17
2024-04-07 14:08:23;21.4;49.8;65.6;63.5;77.3;82.9;22.7 °C;18.5;17.8;17.7;17.4;17
2024-04-07 14:18:21;21.4;49.8;65.6;63.5;77.3;82.9;22.9 °C;18.6;17.8;17.7;17.4;17
2024-04-07 14:28:21;21.3;49.8;65.6;63.5;77.3;82.9;23.1 °C;18.6;17.8;17.7;17.4;17
2024-04-07 14:38:20;21.3;49.8;65.6;63.5;77.3;82.9;23.3 °C;18.7;17.8;17.6;17.4;17
2024-04-07 14:48:20;21.3;49.8;65.5;63.5;77.3;82.9;23.6 °C;18.8;17.8;17.6;17.3;17
2024-04-07 14:58:20;21.3;49.8;65.5;63.5;77.3;82.9;23.7 °C;18.9;17.8;17.6;17.4;17
2024-04-07 15:08:22;21.3;49.9;65.6;63.5;77.3;82.9;23.9 °C;18.9;17.8;17.6;17.4;17
2024-04-07 15:18:16;21.3;49.9;65.6;63.5;77.3;82.9;24 °C;19;17.8;17.6;17.3;17
2024-04-07 15:28:20;21.3;49.9;65.6;63.5;77.3;82.9;24.2 °C;19.1;17.9;17.6;17.3;17
2024-04-07 15:38:19;21.2;49.9;65.6;63.5;77.3;82.9;24.3 °C;19.2;17.9;17.6;17.3;17
2024-04-07 15:48:21;21.3;50.0;65.6;63.5;77.3;82.9;24.4 °C;19.3;17.9;17.6;17.3;17
2024-04-07 15:58:22;21.2;49.9;65.6;63.5;77.3;82.9;24.4 °C;19.4;17.9;17.6;17.3;17
2024-04-07 16:08:19;21.2;50.0;65.6;63.5;77.3;82.9;24.5 °C;19.4;17.9;17.6;17.3;17
2024-04-07 16:18:17;21.2;50.0;65.6;63.5;77.3;82.9;24.6 °C;19.5;17.9;17.6;17.3;17
2024-04-07 16:28:20;21.2;50.0;65.6;63.5;77.3;82.9;24.6 °C;19.6;18;17.6;17.3;17
2024-04-07 16:38:20;21.2;50.0;65.6;63.5;77.3;82.9;24.7 °C;19.7;18;17.6;17.3;17
2024-04-07 16:48:16;21.2;50.0;65.6;63.5;77.3;82.9;24.7 °C;19.8;18.1;17.6;17.3;17
2024-04-07 16:58:16;21.2;50.1;65.6;63.5;77.3;82.9;24.7 °C;19.9;18.1;17.6;17.3;17
2024-04-07 17:08:22;21.2;50.1;65.6;63.5;77.3;82.9;24.7 °C;19.9;18.1;17.7;17.3;17
2024-04-07 17:18:16;21.2;50.1;65.6;63.5;77.3;82.9;24.7 °C;20;18.1;17.7;17.3;17
2024-04-07 17:28:16;21.2;50.1;65.7;63.5;77.3;82.9;24.7 °C;20.1;18.1;17.7;17.3;17
2024-04-07 17:38:15;21.2;50.2;65.7;63.5;77.3;82.9;24.6 °C;20.1;18.2;17.7;17.3;17
2024-04-07 17:48:22;21.3;50.2;65.7;63.5;77.3;82.9;24.6 °C;20.3;18.2;17.7;17.3;17
2024-04-07 17:58:19;21.2;50.2;65.7;63.5;77.3;82.9;24.5 °C;20.3;18.3;17.7;17.3;17
2024-04-07 18:08:18;21.3;50.3;65.7;63.5;77.3;82.9;24.4 °C;20.3;18.3;17.7;17.3;17
2024-04-07 18:18:19;21.2;50.3;65.7;63.5;77.3;82.9;24.3 °C;20.4;18.3;17.7;17.3;17
2024-04-07 18:28:21;21.2;50.3;65.7;63.5;77.3;82.9;24.1 °C;20.4;18.4;17.7;17.3;17
2024-04-07 18:38:18;21.2;50.4;65.7;63.5;77.3;82.9;23.9 °C;20.5;18.4;17.8;17.3;17
2024-04-07 18:48:20;21.2;50.3;65.8;63.5;77.3;82.9;23.8 °C;20.6;18.4;17.8;17.3;17
2024-04-07 18:58:19;21.2;50.4;65.8;63.5;77.3;82.9;23.6 °C;20.6;18.4;17.8;17.3;17
2024-04-07 19:08:21;21.2;50.4;65.8;63.5;77.3;82.9;23.4 °C;20.6;18.5;17.8;17.3;17
2024-04-07 19:18:21;21.2;50.4;65.8;63.5;77.3;82.9;23.3 °C;20.7;18.5;17.8;17.3;17
2024-04-07 19:28:18;21.2;50.4;65.8;63.5;77.3;82.9;23.1 °C;20.7;18.6;17.8;17.3;17
2024-04-07 19:38:16;21.2;50.4;65.8;63.5;77.3;82.9;22.9 °C;20.8;18.6;17.8;17.3;17
2024-04-07 19:48:19;21.3;50.4;65.8;63.5;77.3;82.9;22.6 °C;20.8;18.6;17.8;17.3;17
2024-04-07 19:58:21;21.3;50.4;65.8;63.5;77.3;82.9;22.4 °C;20.8;18.6;17.8;17.3;17
2024-04-07 20:08:22;21.3;50.5;65.8;63.5;77.3;82.9;22.3 °C;20.8;18.7;17.8;17.4;17
2024-04-07 20:18:20;21.3;50.5;65.8;63.5;77.3;82.9;22.1 °C;20.8;18.7;17.8;17.3;17
2024-04-07 20:28:19;21.3;50.5;65.9;63.5;77.3;82.9;21.9 °C;20.8;18.8;17.9;17.4;17
2024-04-07 20:38:22;21.3;50.5;65.9;63.6;77.3;82.9;21.8 °C;20.8;18.8;17.9;17.4;17
2024-04-07 20:48:16;21.3;50.5;65.9;63.6;77.3;82.9;21.6 °C;20.8;18.8;17.9;17.4;17
2024-04-07 20:58:19;21.2;50.5;65.9;63.6;77.3;82.9;21.5 °C;20.8;18.8;17.9;17.4;17
2024-04-07 21:08:22;21.3;50.4;65.9;63.6;77.3;82.9;21.4 °C;20.8;18.9;17.9;17.4;17
2024-04-07 21:18:15;21.3;50.4;65.9;63.6;77.3;82.9;21.3 °C;20.8;18.9;17.9;17.4;17
2024-04-07 21:28:17;21.3;50.4;65.9;63.6;77.3;82.9;21.1 °C;20.8;18.9;17.9;17.4;17
2024-04-07 21:38:15;21.3;50.4;65.9;63.6;77.3;82.9;20.9 °C;20.8;18.9;17.9;17.4;17
2024-04-07 21:48:21;21.3;50.4;65.9;63.6;77.3;82.9;20.8 °C;20.8;18.9;18;17.4;17
2024-04-07 21:58:21;21.3;50.4;66.0;63.6;77.3;82.9;20.6 °C;20.8;18.9;18;17.4;17
2024-04-07 22:08:22;21.3;50.4;66.0;63.6;77.3;82.9;20.5 °C;20.7;19;18;17.4;17
2024-04-07 22:18:20;21.3;50.4;66.0;63.6;77.3;82.9;20.4 °C;20.7;19;18;17.4;17
2024-04-07 22:28:19;21.3;50.4;66.0;63.6;77.3;82.9;20.3 °C;20.7;19;18.1;17.4;17
2024-04-07 22:38:22;21.4;50.4;66.0;63.6;77.3;82.9;20.2 °C;20.6;19;18.1;17.4;17
2024-04-07 22:48:16;21.4;50.4;66.0;63.6;77.3;82.9;20.1 °C;20.6;19.1;18.1;17.4;17
2024-04-07 22:58:20;21.4;50.4;66.0;63.6;77.3;82.9;20 °C;20.6;19.1;18.1;17.4;17
2024-04-07 23:08:20;21.4;50.4;66.0;63.6;77.3;82.9;19.9 °C;20.6;19.1;18.1;17.4;17
2024-04-07 23:18:20;21.4;50.4;66.0;63.6;77.3;82.9;19.8 °C;20.5;19.1;18.1;17.4;17
2024-04-07 23:28:16;21.4;50.4;66.0;63.6;77.3;82.9;19.7 °C;20.5;19.1;18.1;17.4;17
2024-04-07 23:38:19;21.4;50.4;66.0;63.7;77.3;82.9;19.6 °C;20.4;19.1;18.1;17.4;17
2024-04-07 23:48:19;21.4;50.4;66.0;63.7;77.3;82.9;19.4 °C;20.4;19.1;18.1;17.4;17
2024-04-07 23:58:21;21.4;50.4;66.0;63.7;77.3;82.9;19.4 °C;20.4;19.1;18.1;17.4;17
2024-04-08 00:08:22;21.5;50.4;66.0;63.6;77.3;82.9;19.3 °C;20.4;19.1;18.2;17.5;17
2024-04-08 00:18:16;21.5;50.4;66.0;63.7;77.3;82.9;19.1 °C;20.3;19.1;18.2;17.5;17.1
2024-04-08 00:28:19;21.5;50.4;66.0;63.6;77.3;82.9;19.1 °C;20.3;19.1;18.2;17.5;17.1
2024-04-08 00:38:22;21.5;50.4;66.0;63.7;77.3;82.9;19 °C;20.3;19.1;18.2;17.5;17.1
2024-04-08 00:48:16;21.5;50.4;66.0;63.7;77.3;82.9;18.9 °C;20.3;19.1;18.2;17.5;17.1
2024-04-08 00:58:15;21.5;50.4;66.0;63.7;77.3;82.9;18.9 °C;20.2;19.1;18.3;17.5;17.1
2024-04-08 01:08:22;21.5;50.3;66.0;63.7;77.3;82.9;18.8 °C;20.1;19.1;18.3;17.5;17.1
2024-04-08 01:18:16;21.5;50.3;66.0;63.7;77.3;82.9;18.7 °C;20.1;19.1;18.3;17.5;17.1
2024-04-08 01:28:16;21.6;50.4;66.0;63.7;77.3;82.9;18.6 °C;20.1;19.1;18.3;17.5;17.1
2024-04-08 01:38:15;21.6;50.3;66.0;63.7;77.3;82.9;18.6 °C;20.1;19.1;18.3;17.6;17.1
2024-04-08 01:48:19;21.5;50.3;66.0;63.7;77.3;82.9;18.5 °C;20;19.1;18.3;17.6;17.1
2024-04-08 01:58:17;21.5;50.3;66.0;63.7;77.3;82.9;18.4 °C;19.9;19.1;18.3;17.6;17.1
2024-04-08 02:08:22;21.6;50.3;66.0;63.7;77.3;82.9;18.3 °C;19.9;19.1;18.3;17.6;17.1
2024-04-08 02:18:20;21.6;50.4;66.0;63.7;77.3;82.9;18.2 °C;19.9;19.1;18.3;17.6;17.1
2024-04-08 02:28:20;21.6;50.3;66.0;63.7;77.3;82.9;18.1 °C;19.9;19.1;18.3;17.6;17.1
2024-04-08 02:38:16;21.6;50.3;66.0;63.7;77.3;82.9;18 °C;19.8;19.1;18.3;17.6;17.1
2024-04-08 02:48:19;21.6;50.3;66.0;63.7;77.3;82.9;17.9 °C;19.8;19.1;18.3;17.6;17.1
2024-04-08 02:58:18;21.6;50.3;66.0;63.7;77.3;82.9;17.8 °C;19.8;19.1;18.3;17.6;17.1
2024-04-08 03:08:21;21.6;50.3;66.0;63.7;77.3;82.9;17.8 °C;19.7;19.1;18.3;17.6;17.1
2024-04-08 03:18:21;21.7;50.4;66.0;63.7;77.3;82.9;17.8 °C;19.7;19.1;18.3;17.6;17.1
2024-04-08 03:28:18;21.7;50.3;66.0;63.7;77.3;82.9;17.7 °C;19.6;19.1;18.3;17.6;17.1
2024-04-08 03:38:15;21.7;50.3;66.0;63.7;77.3;82.9;17.6 °C;19.6;19;18.3;17.6;17.1
2024-04-08 03:48:18;21.7;50.2;66.0;63.7;77.3;82.9;17.5 °C;19.6;19;18.3;17.6;17.1
2024-04-08 03:58:21;21.7;50.3;66.0;63.7;77.3;82.9;17.4 °C;19.5;19;18.3;17.6;17.1
2024-04-08 04:08:21;21.7;50.2;66.0;63.7;77.3;82.9;17.4 °C;19.5;19;18.4;17.6;17.1
2024-04-08 04:18:22;21.7;50.2;66.0;63.7;77.3;82.9;17.3 °C;19.4;19;18.4;17.6;17.1
2024-04-08 04:28:16;21.7;50.2;66.0;63.7;77.3;82.9;17.3 °C;19.4;19;18.4;17.6;17.1
2024-04-08 04:38:20;21.7;50.2;66.0;63.7;77.3;82.9;17.3 °C;19.4;18.9;18.4;17.6;17.1
2024-04-08 04:48:19;21.8;50.2;65.9;63.7;77.3;82.9;17.2 °C;19.3;18.9;18.4;17.6;17.1
2024-04-08 04:58:19;21.8;50.2;65.9;63.7;77.3;82.9;17.1 °C;19.3;18.9;18.4;17.7;17.1
2024-04-08 05:08:17;21.8;50.2;65.9;63.7;77.3;82.9;17.1 °C;19.3;18.9;18.4;17.7;17.1
2024-04-08 05:18:15;21.8;50.1;65.9;63.7;77.3;82.9;17 °C;19.2;18.9;18.4;17.7;17.1
2024-04-08 05:28:21;21.8;50.1;65.9;63.7;77.3;82.9;17 °C;19.2;18.9;18.4;17.7;17.1
2024-04-08 05:38:14;21.8;50.1;65.9;63.7;77.3;83.0;16.9 °C;19.1;18.9;18.4;17.7;17.1
2024-04-08 05:48:16;21.9;50.1;65.9;63.7;77.3;82.9;16.9 °C;19.1;18.9;18.4;17.7;17.2
2024-04-08 05:58:20;21.8;50.1;65.9;63.7;77.3;82.9;16.8 °C;19.1;18.9;18.4;17.7;17.2
2024-04-08 06:08:17;21.9;50.1;65.9;63.7;77.3;82.9;16.8 °C;19;18.8;18.4;17.7;17.2
2024-04-08 06:18:22;21.9;50.1;65.9;63.7;77.3;82.9;16.8 °C;19;18.8;18.4;17.7;17.2
2024-04-08 06:28:20;21.9;50.1;65.9;63.7;77.3;82.9;16.7 °C;18.9;18.8;18.4;17.7;17.2
2024-04-08 06:38:19;21.9;50.1;65.9;63.7;77.3;82.9;16.6 °C;18.9;18.8;18.4;17.7;17.2
2024-04-08 06:48:14;21.9;50.1;65.9;63.7;77.3;82.9;16.6 °C;18.9;18.8;18.4;17.7;17.2
2024-04-08 06:58:20;21.9;50.1;65.9;63.7;77.3;82.9;16.5 °C;18.9;18.8;18.4;17.7;17.2
2024-04-08 07:08:17;21.9;50.1;65.9;63.7;77.3;82.9;16.5 °C;18.8;18.8;18.4;17.7;17.2
2024-04-08 07:18:14;22.0;50.0;65.9;63.7;77.3;82.9;16.4 °C;18.8;18.8;18.4;17.7;17.2
2024-04-08 07:28:16;22.0;50.0;65.8;63.7;77.3;82.9;16.4 °C;18.8;18.7;18.3;17.8;17.2
2024-04-08 07:38:16;22.0;50.0;65.8;63.7;77.3;82.9;16.4 °C;18.7;18.7;18.3;17.8;17.2
2024-04-08 07:48:20;22.0;50.0;65.8;63.7;77.4;82.9;16.3 °C;18.7;18.7;18.3;17.8;17.2
2024-04-08 07:58:20;22.0;50.0;65.8;63.7;77.3;82.9;16.3 °C;18.6;18.6;18.3;17.8;17.2
2024-04-08 08:08:20;22.4;50.0;65.8;63.7;77.3;82.9;16.3 °C;18.6;18.6;18.3;17.8;17.2
2024-04-08 08:18:21;23.2;50.0;65.8;63.7;77.3;82.9;16.4 °C;18.6;18.6;18.3;17.8;17.2
2024-04-08 08:28:14;22.4;50.0;65.8;63.7;77.3;82.9;16.4 °C;18.6;18.6;18.3;17.8;17.2
2024-04-08 08:38:20;22.3;50.0;65.8;63.7;77.3;82.9;16.4 °C;18.5;18.6;18.3;17.8;17.2
2024-04-08 08:48:16;22.5;50.1;65.8;63.7;77.3;82.9;16.6 °C;18.5;18.6;18.3;17.8;17.3
2024-04-08 08:58:17;22.8;50;65.8;63.7;77.3;82.9;16.7 °C;18.4;18.6;18.3;17.8;17.3
2024-04-08 09:08:18;22.0;50;65.8;63.7;77.4;82.9;16.8 °C;18.4;18.6;18.3;17.8;17.3
2024-04-08 09:18:21;22.0;50.0;65.8;63.7;77.3;82.9;16.9 °C;18.4;18.5;18.3;17.8;17.3
2024-04-08 09:28:18;22.0;50.0;65.8;63.7;77.3;82.9;17.1 °C;18.4;18.5;18.3;17.8;17.3
2024-04-08 09:38:17;22.0;50.0;65.8;63.7;77.3;82.9;17.3 °C;18.3;18.5;18.3;17.8;17.3
2024-04-08 09:48:14;22.0;50.0;65.8;63.7;77.3;82.9;17.4 °C;18.3;18.4;18.3;17.8;17.3
2024-04-08 09:58:20;22.0;50.0;65.7;63.7;77.3;82.9;17.7 °C;18.3;18.4;18.3;17.8;17.3
2024-04-08 10:08:17;22.0;50.0;65.7;63.7;77.3;82.9;17.9 °C;18.3;18.4;18.3;17.8;17.3
2024-04-08 10:18:18;22.0;50.0;65.7;63.7;77.3;82.9;18.2 °C;18.3;18.4;18.3;17.8;17.3
2024-04-08 10:28:16;21.9;50.0;65.7;63.7;77.3;82.9;18.4 °C;18.3;18.4;18.3;17.8;17.3
2024-04-08 10:38:17;21.9;49.9;65.7;63.7;77.3;82.9;18.7 °C;18.3;18.4;18.3;17.8;17.3
2024-04-08 10:48:18;21.9;49.9;65.7;63.6;77.3;82.9;19 °C;18.3;18.4;18.3;17.8;17.3
2024-04-08 10:58:20;21.9;50.0;65.7;63.7;77.3;82.9;19.3 °C;18.3;18.3;18.3;17.8;17.3
2024-04-08 11:08:20;21.9;50.0;65.7;63.7;77.3;82.9;19.5 °C;18.3;18.3;18.3;17.8;17.3
2024-04-08 11:18:20;21.9;50.0;65.7;63.6;77.3;82.9;19.8 °C;18.3;18.3;18.2;17.8;17.3
2024-04-08 11:28:16;21.9;50.0;65.7;63.7;77.3;82.9;19.9 °C;18.3;18.3;18.2;17.8;17.3
2024-04-08 11:38:17;21.9;50.0;65.7;63.6;77.3;82.9;20.1 °C;18.3;18.3;18.2;17.8;17.3
2024-04-08 11:48:14;21.8;49.9;65.7;63.6;77.3;82.9;20.3 °C;18.4;18.3;18.2;17.8;17.3
2024-04-08 11:58:20;21.8;50.0;65.7;63.6;77.3;82.9;20.3 °C;18.4;18.3;18.2;17.8;17.3
2024-04-08 12:08:21;21.8;50.0;65.6;63.6;77.3;82.9;20.3 °C;18.4;18.3;18.2;17.8;17.3
2024-04-08 12:18:19;21.8;50.0;65.7;63.6;77.3;82.9;20.4 °C;18.5;18.3;18.2;17.8;17.3
2024-04-08 12:28:14;21.8;50.0;65.6;63.6;77.3;82.9;20.4 °C;18.5;18.3;18.2;17.8;17.3
2024-04-08 12:38:20;21.7;50.0;65.6;63.7;77.3;82.9;20.6 °C;18.6;18.3;18.1;17.8;17.3
2024-04-08 12:48:16;21.7;50.0;65.6;63.6;77.3;82.9;20.8 °C;18.6;18.3;18.1;17.8;17.3
2024-04-08 12:58:16;21.7;50.0;65.6;63.6;77.3;82.9;21 °C;18.6;18.3;18.1;17.8;17.3
2024-04-08 13:08:21;21.6;50.0;65.6;63.6;77.3;82.9;21.3 °C;18.7;18.3;18.1;17.8;17.3
2024-04-08 13:18:15;21.7;50.0;65.6;63.6;77.3;82.9;21.6 °C;18.7;18.3;18.1;17.8;17.3
2024-04-08 13:28:17;21.6;50.0;65.6;63.6;77.3;82.9;21.9 °C;18.8;18.2;18.1;17.8;17.3
2024-04-08 13:38:19;21.6;50.0;65.6;63.6;77.3;82.9;22.3 °C;18.8;18.2;18.1;17.8;17.3
2024-04-08 13:48:19;21.6;50.0;65.6;63.6;77.3;82.9;22.6 °C;18.9;18.3;18.1;17.8;17.3
2024-04-08 13:58:14;21.6;50.0;65.6;63.6;77.3;82.9;22.8 °C;18.9;18.3;18.1;17.8;17.3
2024-04-08 14:08:16;21.6;50.0;65.6;63.6;77.3;82.9;23.1 °C;19;18.3;18.1;17.8;17.3
2024-04-08 14:18:16;21.6;50.0;65.6;63.6;77.3;82.9;23.4 °C;19.1;18.3;18.1;17.8;17.3
2024-04-08 14:28:16;21.6;50.1;65.6;63.6;77.3;82.9;23.6 °C;19.1;18.3;18.1;17.8;17.3
2024-04-08 14:38:21;21.5;50.0;65.6;63.6;77.3;82.9;23.8 °C;19.2;18.3;18.1;17.7;17.3
2024-04-08 14:48:18;21.6;50.1;65.6;63.6;77.3;82.9;23.9 °C;19.3;18.3;18.1;17.7;17.3
2024-04-08 14:58:16;21.5;50.0;65.6;63.6;77.3;82.9;24.1 °C;19.4;18.3;18.1;17.7;17.3
2024-04-08 15:08:20;21.5;50.1;65.6;63.6;77.3;82.9;24.3 °C;19.4;18.3;18.1;17.7;17.3
2024-04-08 15:18:16;21.5;50.1;65.6;63.6;77.3;82.9;24.4 °C;19.5;18.3;18.1;17.7;17.3
2024-04-08 15:28:16;21.5;50.1;65.6;63.6;77.3;82.9;24.6 °C;19.6;18.3;18.1;17.7;17.3
2024-04-08 15:38:20;21.5;50.2;65.7;63.6;77.3;82.9;24.6 °C;19.7;18.3;18.1;17.7;17.3
2024-04-08 15:48:17;21.5;50.2;65.6;63.6;77.3;82.9;24.8 °C;19.8;18.4;18.1;17.7;17.3
2024-04-08 15:58:19;21.5;50.2;65.6;63.6;77.3;82.9;24.8 °C;19.8;18.4;18.1;17.7;17.3
2024-04-08 16:08:15;21.5;50.2;65.6;63.6;77.3;82.9;24.8 °C;19.9;18.4;18.1;17.7;17.3
2024-04-08 16:18:18;21.5;50.3;65.6;63.6;77.2;82.9;24.8 °C;20;18.4;18.1;17.7;17.3
2024-04-08 16:28:17;21.5;50.3;65.6;63.6;77.3;82.9;24.8 °C;20.1;18.4;18.1;17.7;17.3
2024-04-08 16:38:14;21.4;50.2;65.7;63.6;77.3;82.9;24.8 °C;20.2;18.4;18.1;17.7;17.3
2024-04-08 16:48:17;21.5;50.3;65.7;63.6;77.3;82.9;24.8 °C;20.3;18.5;18.1;17.7;17.3
2024-04-08 16:58:14;21.5;50.3;65.7;63.6;77.3;82.9;24.8 °C;20.3;18.5;18.1;17.7;17.3
2024-04-08 17:08:17;21.5;50.3;65.7;63.6;77.3;82.9;24.8 °C;20.4;18.6;18.1;17.7;17.3
2024-04-08 17:18:18;21.5;50.3;65.7;63.6;77.3;82.9;24.8 °C;20.4;18.6;18.1;17.7;17.3
2024-04-08 17:28:16;21.5;50.4;65.7;63.6;77.3;82.9;24.8 °C;20.5;18.6;18.1;17.7;17.3
2024-04-08 17:38:20;21.5;50.3;65.7;63.6;77.3;82.9;24.6 °C;20.6;18.6;18.1;17.7;17.3
2024-04-08 17:48:21;21.5;50.4;65.7;63.6;77.3;82.9;24.6 °C;20.6;18.7;18.1;17.7;17.3
2024-04-08 17:58:15;21.5;50.4;65.7;63.6;77.2;82.9;24.4 °C;20.7;18.7;18.1;17.7;17.3
2024-04-08 18:08:15;21.5;50.4;65.7;63.6;77.3;82.9;24.3 °C;20.8;18.8;18.1;17.7;17.3
2024-04-08 18:18:19;21.5;50.4;65.7;63.6;77.2;82.9;24.1 °C;20.8;18.8;18.1;17.7;17.3
2024-04-08 18:28:18;21.5;50.4;65.8;63.6;77.2;82.9;24 °C;20.9;18.8;18.1;17.7;17.3
2024-04-08 18:38:17;21.5;50.4;65.8;63.6;77.3;82.9;23.8 °C;20.9;18.8;18.1;17.7;17.3
2024-04-08 18:48:18;21.5;50.4;65.8;63.6;77.3;82.9;23.7 °C;20.9;18.9;18.1;17.7;17.3
2024-04-08 18:58:20;21.5;50.4;65.8;63.6;77.3;82.9;23.5 °C;21;18.9;18.2;17.7;17.3
2024-04-08 19:08:17;21.5;50.4;65.8;63.6;77.2;82.9;23.3 °C;21;18.9;18.2;17.7;17.3
2024-04-08 19:18:18;21.5;50.5;65.9;63.6;77.2;82.9;23.2 °C;21.1;18.9;18.2;17.7;17.3
2024-04-08 19:28:20;21.5;50.5;65.9;63.6;77.2;82.9;23 °C;21.1;19;18.2;17.7;17.3
2024-04-08 19:38:17;21.5;50.5;65.8;63.6;77.2;82.9;22.8 °C;21.1;19;18.2;17.7;17.3
2024-04-08 19:48:19;21.5;50.5;65.9;63.6;77.3;82.9;22.6 °C;21.1;19.1;18.2;17.7;17.3
2024-04-08 19:58:18;21.5;50.5;65.9;63.6;77.3;82.9;22.4 °C;21.1;19.1;18.3;17.7;17.3
2024-04-08 20:08:18;21.5;50.5;65.9;63.6;77.2;82.9;22.2 °C;21.1;19.1;18.3;17.7;17.3
2024-04-08 20:18:16;21.5;50.5;65.9;63.6;77.3;82.9;22 °C;21.1;19.1;18.3;17.7;17.3
2024-04-08 20:28:16;21.5;50.5;65.9;63.6;77.3;82.9;21.9 °C;21.1;19.1;18.3;17.7;17.3
2024-04-08 20:38:17;21.5;50.5;65.9;63.6;77.3;82.9;21.7 °C;21.1;19.2;18.3;17.7;17.3
2024-04-08 20:48:15;21.5;50.5;65.9;63.6;77.3;82.9;21.5 °C;21.1;19.2;18.3;17.8;17.3
2024-04-08 20:58:14;21.5;50.5;65.9;63.6;77.3;82.9;21.4 °C;21.1;19.3;18.3;17.7;17.3
2024-04-08 21:08:17;21.5;50.5;65.9;63.6;77.3;82.9;21.2 °C;21.1;19.3;18.3;17.8;17.3
2024-04-08 21:18:19;21.6;50.5;66.0;63.7;77.2;82.9;21.1 °C;21.1;19.3;18.3;17.8;17.3
2024-04-08 21:28:14;21.5;50.5;65.9;63.7;77.3;82.9;20.9 °C;21.1;19.3;18.4;17.8;17.3
2024-04-08 21:38:17;21.5;50.5;66.0;63.7;77.3;82.9;20.8 °C;21.1;19.3;18.4;17.8;17.3
2024-04-08 21:48:18;21.5;50.5;66.0;63.7;77.3;82.9;20.6 °C;21;19.3;18.4;17.8;17.3
2024-04-08 21:58:18;21.6;50.5;66;63.7;77.3;82.9;20.5 °C;21;19.3;18.4;17.8;17.3
2024-04-08 22:08:16;21.6;50.5;66.0;63.7;77.3;82.9;20.4 °C;20.9;19.4;18.4;17.8;17.3
2024-04-08 22:18:21;21.6;50.5;66.0;63.7;77.3;82.9;20.3 °C;20.9;19.4;18.4;17.8;17.3
2024-04-08 22:28:14;21.6;50.4;66.0;63.7;77.3;82.9;20.1 °C;20.9;19.4;18.4;17.8;17.3
2024-04-08 22:38:17;21.6;50.4;66.0;63.7;77.3;82.9;20 °C;20.9;19.4;18.4;17.8;17.3
2024-04-08 22:48:15;21.6;50.4;66.0;63.7;77.3;82.9;19.9 °C;20.8;19.4;18.4;17.8;17.3
2024-04-08 22:58:16;21.6;50.4;66.0;63.7;77.2;82.9;19.8 °C;20.8;19.4;18.4;17.8;17.3
2024-04-08 23:08:20;21.6;50.3;66.0;63.7;77.3;82.9;19.8 °C;20.8;19.4;18.5;17.8;17.3
2024-04-08 23:18:13;21.6;50.3;66.0;63.7;77.2;82.9;19.6 °C;20.8;19.4;18.5;17.8;17.3
2024-04-08 23:28:15;21.7;50.4;66.0;63.7;77.2;82.9;19.5 °C;20.7;19.4;18.5;17.8;17.3
2024-04-08 23:38:19;21.7;50.3;66.0;63.7;77.3;82.9;19.4 °C;20.7;19.4;18.5;17.8;17.3
2024-04-08 23:48:16;21.7;50.3;66.0;63.7;77.3;82.9;19.3 °C;20.6;19.4;18.5;17.8;17.3
2024-04-08 23:58:21;21.7;50.3;66.0;63.7;77.3;82.9;19.2 °C;20.6;19.4;18.6;17.8;17.3
2024-04-09 00:08:18;21.7;50.3;66.0;63.7;77.3;82.9;19.1 °C;20.6;19.4;18.6;17.8;17.3
2024-04-09 00:18:21;21.7;50.3;66.0;63.7;77.3;82.9;19 °C;20.5;19.4;18.6;17.8;17.3
2024-04-09 00:28:19;21.8;50.3;66.0;63.7;77.3;82.9;18.9 °C;20.5;19.4;18.6;17.8;17.4
2024-04-09 00:38:18;21.8;50.3;66.0;63.7;77.3;82.9;18.9 °C;20.4;19.4;18.6;17.8;17.4
2024-04-09 00:48:17;21.8;50.3;66.0;63.7;77.3;82.9;18.8 °C;20.4;19.4;18.6;17.9;17.4
2024-04-09 00:58:19;21.8;50.3;66.0;63.7;77.3;82.9;18.7 °C;20.4;19.4;18.6;17.9;17.4
2024-04-09 01:08:15;21.8;50.3;66.0;63.8;77.3;82.9;18.6 °C;20.3;19.4;18.6;17.9;17.4
2024-04-09 01:18:15;21.8;50.3;66.0;63.8;77.3;82.9;18.5 °C;20.3;19.4;18.6;17.9;17.4
2024-04-09 01:28:15;21.8;50.3;66.0;63.8;77.3;82.9;18.4 °C;20.3;19.4;18.6;17.9;17.4
2024-04-09 01:38:15;21.8;50.3;66.0;63.8;77.3;82.9;18.4 °C;20.2;19.4;18.6;17.9;17.4
2024-04-09 01:48:20;21.9;50.2;66.0;63.8;77.3;82.9;18.3 °C;20.1;19.4;18.6;17.9;17.4
2024-04-09 01:58:21;21.9;50.2;66.0;63.8;77.3;82.9;18.2 °C;20.1;19.4;18.6;17.9;17.4
2024-04-09 02:08:18;21.9;50.2;66.0;63.8;77.3;82.9;18.1 °C;20.1;19.4;18.6;17.9;17.4
2024-04-09 02:18:17;21.9;50.2;66.0;63.8;77.3;82.9;18 °C;20;19.4;18.6;17.9;17.4
2024-04-09 02:28:15;21.9;50.2;66.0;63.8;77.3;82.9;17.9 °C;20;19.4;18.6;17.9;17.4
2024-04-09 02:38:19;21.9;50.2;66.0;63.8;77.3;82.9;17.9 °C;19.9;19.4;18.6;17.9;17.4
2024-04-09 02:48:18;21.9;50.2;65.9;63.8;77.3;82.9;17.8 °C;19.9;19.4;18.6;17.9;17.4
2024-04-09 02:58:14;22.0;50.2;65.9;63.8;77.3;82.9;17.8 °C;19.9;19.3;18.7;17.9;17.4
2024-04-09 03:08:17;22.0;50.2;65.9;63.8;77.3;82.9;17.7 °C;19.8;19.3;18.7;17.9;17.4
2024-04-09 03:18:14;22.0;50.2;65.9;63.8;77.3;82.9;17.6 °C;19.8;19.3;18.7;17.9;17.4
2024-04-09 03:28:18;22.0;50.2;65.9;63.8;77.3;82.9;17.6 °C;19.8;19.3;18.7;17.9;17.4
2024-04-09 03:38:16;22.0;50.2;65.9;63.8;77.3;82.9;17.5 °C;19.7;19.3;18.7;17.9;17.4
2024-04-09 03:48:17;22.0;50.2;65.9;63.8;77.3;82.9;17.4 °C;19.7;19.3;18.7;17.9;17.4
2024-04-09 03:58:15;22.0;50.1;65.9;63.8;77.3;82.9;17.4 °C;19.6;19.3;18.7;17.9;17.4
2024-04-09 04:08:16;22.0;50.1;65.9;63.8;77.3;82.9;17.3 °C;19.6;19.3;18.7;17.9;17.4
2024-04-09 04:18:20;22.1;50.1;65.9;63.8;77.3;82.9;17.3 °C;19.6;19.3;18.7;18;17.4
2024-04-09 04:28:13;22.1;50.1;65.9;63.8;77.3;82.9;17.2 °C;19.5;19.3;18.7;18;17.4
2024-04-09 04:38:16;22.1;50.1;65.9;63.8;77.3;82.9;17.2 °C;19.4;19.2;18.7;18;17.4
2024-04-09 04:48:21;22.1;50.1;65.9;63.8;77.3;82.9;17.1 °C;19.4;19.2;18.7;18;17.4
2024-04-09 04:58:15;22.1;50.1;65.9;63.8;77.3;82.9;17.1 °C;19.4;19.2;18.7;18;17.4
2024-04-09 05:08:15;22.1;50.1;65.9;63.8;77.3;82.9;17.1 °C;19.3;19.2;18.7;18;17.4
2024-04-09 05:18:14;22.1;50.1;65.9;63.8;77.3;82.9;17 °C;19.3;19.1;18.7;18;17.4
2024-04-09 05:28:18;22.1;50.1;65.9;63.8;77.3;82.9;16.9 °C;19.3;19.1;18.7;18;17.4
2024-04-09 05:38:16;22.1;50.1;65.9;63.8;77.3;82.9;16.9 °C;19.3;19.1;18.7;18;17.4
2024-04-09 05:48:18;22.1;50.1;65.9;63.8;77.3;82.9;16.8 °C;19.2;19.1;18.7;18;17.4
2024-04-09 05:58:13;22.2;50.1;65.8;63.8;77.3;82.9;16.8 °C;19.1;19.1;18.7;18;17.4
2024-04-09 06:08:19;22.2;50.1;65.8;63.8;77.3;82.9;16.8 °C;19.1;19.1;18.7;18;17.4
2024-04-09 06:18:19;22.2;50.1;65.8;63.8;77.3;82.9;16.7 °C;19.1;19.1;18.7;18;17.4
2024-04-09 06:28:15;22.2;50.0;65.8;63.8;77.3;82.9;16.6 °C;19.1;19;18.6;18;17.4
2024-04-09 06:38:19;22.2;50.0;65.8;63.8;77.3;82.9;16.6 °C;19;19;18.6;18;17.5
2024-04-09 06:48:15;22.2;50.1;65.8;63.8;77.3;82.9;16.6 °C;18.9;19;18.6;18;17.5
2024-04-09 06:58:16;22.2;50.0;65.8;63.8;77.3;82.9;16.5 °C;18.9;19;18.6;18;17.5
2024-04-09 07:08:21;22.2;50.0;65.8;63.8;77.3;82.9;16.4 °C;18.9;18.9;18.6;18;17.5
2024-04-09 07:18:14;22.2;50.0;65.8;63.8;77.3;82.9;16.4 °C;18.9;18.9;18.6;18;17.5
2024-04-09 07:28:14;22.2;50.0;65.8;63.8;77.3;82.9;16.4 °C;18.8;18.9;18.6;18;17.5
2024-04-09 07:38:17;22.2;50.0;65.8;63.8;77.3;82.9;16.4 °C;18.8;18.9;18.6;18.1;17.5
2024-04-09 07:48:14;22.2;50.0;65.8;63.8;77.3;82.9;16.4 °C;18.8;18.9;18.6;18.1;17.5
2024-04-09 07:58:14;22.3;50.0;65.8;63.8;77.3;82.9;16.4 °C;18.8;18.9;18.6;18.1;17.5
2024-04-09 08:08:16;22.3;50.0;65.7;63.7;77.3;82.9;16.4 °C;18.7;18.8;18.6;18.1;17.5
2024-04-09 08:18:18;22.3;50.0;65.7;63.8;77.3;82.9;16.4 °C;18.7;18.8;18.6;18.1;17.5
2024-04-09 08:28:13;22.3;50.0;65.7;63.7;77.3;83.0;16.5 °C;18.6;18.8;18.6;18.1;17.5
2024-04-09 08:38:16;22.3;49.9;65.7;63.7;77.3;83.0;16.6 °C;18.6;18.8;18.6;18.1;17.5
2024-04-09 08:48:17;22.3;50.0;65.7;63.7;77.3;82.9;16.6 °C;18.6;18.8;18.6;18.1;17.5
2024-04-09 08:58:19;22.3;49.9;65.7;63.7;77.3;83.0;16.8 °C;18.6;18.8;18.6;18.1;17.5
2024-04-09 09:08:19;22.3;49.9;65.7;63.7;77.3;82.9;16.8 °C;18.5;18.8;18.6;18.1;17.5
2024-04-09 09:18:19;22.3;49.9;65.7;63.7;77.3;82.9;17 °C;18.5;18.7;18.6;18.1;17.5
2024-04-09 09:28:16;22.3;49.9;65.7;63.7;77.3;82.9;17.1 °C;18.4;18.7;18.6;18.1;17.5
2024-04-09 09:38:13;22.3;49.9;65.7;63.7;77.3;83.0;17.3 °C;18.4;18.7;18.6;18.1;17.5
2024-04-09 09:48:19;22.3;49.9;65.7;63.7;77.3;83.0;17.5 °C;18.4;18.6;18.6;18.1;17.5
2024-04-09 09:58:15;22.3;49.9;65.7;63.7;77.3;83.0;17.7 °C;18.4;18.6;18.6;18.1;17.5
2024-04-09 10:08:20;22.3;49.9;65.7;63.7;77.3;82.9;17.9 °C;18.4;18.6;18.5;18.1;17.5
2024-04-09 10:18:17;22.2;49.9;65.6;63.7;77.3;83.0;18.2 °C;18.4;18.6;18.5;18.1;17.5
2024-04-09 10:28:19;22.3;49.9;65.6;63.7;77.3;82.9;18.5 °C;18.4;18.6;18.5;18.1;17.6
2024-04-09 10:38:19;22.2;49.9;65.6;63.7;77.3;82.9;18.8 °C;18.4;18.6;18.5;18.1;17.6
2024-04-09 10:48:15;22.2;49.9;65.6;63.7;77.3;82.9;19 °C;18.4;18.6;18.5;18.1;17.6
2024-04-09 10:58:15;22.2;49.9;65.6;63.7;77.3;83.0;19.3 °C;18.4;18.5;18.5;18.1;17.6
2024-04-09 11:08:16;22.2;49.9;65.6;63.7;77.3;83.0;19.5 °C;18.4;18.5;18.5;18.1;17.6
2024-04-09 11:18:13;22.1;49.9;65.6;63.7;77.3;83.0;19.8 °C;18.4;18.5;18.4;18.1;17.6
2024-04-09 11:28:16;22.1;49.9;65.6;63.7;77.3;82.9;20 °C;18.4;18.5;18.4;18;17.6
2024-04-09 11:38:17;22.1;49.9;65.6;63.7;77.3;82.9;20.2 °C;18.4;18.5;18.4;18;17.6
2024-04-09 11:48:15;22.1;49.9;65.6;63.7;77.3;83.0;20.3 °C;18.5;18.4;18.4;18;17.6
2024-04-09 11:58:19;22.1;49.9;65.5;63.7;77.3;83.0;20.4 °C;18.5;18.4;18.4;18;17.6
2024-04-09 12:08:20;22.1;49.9;65.5;63.6;77.3;83.0;20.5 °C;18.6;18.4;18.4;18;17.6
2024-04-09 12:18:13;22.1;49.9;65.6;63.6;77.2;82.9;20.5 °C;18.6;18.4;18.4;18;17.6
2024-04-09 12:28:16;22.0;49.9;65.6;63.7;77.3;83.0;20.6 °C;18.6;18.4;18.4;18;17.6
2024-04-09 12:38:13;22.0;49.9;65.5;63.6;77.3;82.9;20.7 °C;18.7;18.4;18.4;18;17.6
2024-04-09 12:48:20;22.0;49.9;65.5;63.6;77.2;82.9;20.9 °C;18.8;18.4;18.4;18;17.6
2024-04-09 12:58:18;22.0;49.9;65.5;63.6;77.3;82.9;21.2 °C;18.8;18.4;18.4;18;17.6
2024-04-09 13:08:13;21.9;49.9;65.5;63.6;77.2;83.0;21.5 °C;18.8;18.4;18.4;18;17.6
2024-04-09 13:18:15;22.0;49.9;65.5;63.6;77.2;82.9;21.8 °C;18.9;18.4;18.4;18;17.6
2024-04-09 13:28:16;21.9;49.9;65.5;63.6;77.2;82.9;22.1 °C;18.9;18.4;18.4;18;17.6
2024-04-09 13:38:13;21.9;50.0;65.5;63.6;77.2;82.9;22.4 °C;18.9;18.4;18.4;18;17.6
2024-04-09 13:48:15;21.9;49.9;65.5;63.6;77.2;82.9;22.7 °C;19;18.4;18.4;18;17.6
2024-04-09 13:58:20;21.9;49.9;65.5;63.6;77.2;83.0;22.9 °C;19.1;18.4;18.3;18;17.6
2024-04-09 14:08:18;21.8;49.9;65.5;63.6;77.2;83.0;23.1 °C;19.1;18.4;18.3;18;17.6
2024-04-09 14:18:23;21.8;50.0;65.5;63.6;77.2;83.0;23.4 °C;19.2;18.4;18.3;18;17.6
2024-04-09 14:28:14;21.8;50.0;65.5;63.6;77.2;82.9;23.6 °C;19.3;18.4;18.3;18;17.6
2024-04-09 14:38:18;21.7;50.0;65.5;63.6;77.2;82.9;23.8 °C;19.4;18.4;18.3;18;17.6
2024-04-09 14:48:17;21.7;50.0;65.5;63.6;77.2;82.9;24 °C;19.4;18.4;18.3;18;17.6
2024-04-09 14:58:16;21.7;50.0;65.5;63.6;77.2;82.9;24.1 °C;19.5;18.4;18.3;18;17.6
2024-04-09 15:08:18;21.7;50;65.5;63.6;77.2;83.0;24.3 °C;19.6;18.5;18.3;18;17.6
2024-04-09 15:18:18;21.6;50.0;65.5;63.6;77.2;82.9;24.4 °C;19.7;18.5;18.3;18;17.6
2024-04-09 15:28:17;21.7;50.0;65.5;63.6;77.2;82.9;24.6 °C;19.8;18.5;18.3;18;17.6
2024-04-09 15:38:15;21.6;50.1;65.5;63.6;77.2;82.9;24.7 °C;19.8;18.5;18.3;17.9;17.6
2024-04-09 15:48:16;21.7;50.1;65.5;63.6;77.2;82.9;24.8 °C;19.9;18.6;18.3;17.9;17.6
2024-04-09 15:58:13;21.6;50.1;65.5;63.6;77.2;82.9;24.8 °C;20;18.6;18.3;17.9;17.6
2024-04-09 16:08:20;21.6;50.1;65.5;63.6;77.2;82.9;24.8 °C;20.1;18.6;18.3;17.9;17.6
2024-04-09 16:18:17;21.6;50.1;65.6;63.6;77.2;82.9;24.9 °C;20.1;18.6;18.3;17.9;17.6
2024-04-09 16:28:13;21.6;50.1;65.6;63.6;77.2;82.9;24.9 °C;20.3;18.6;18.3;17.9;17.6
2024-04-09 16:38:15;21.6;50.1;65.6;63.6;77.2;82.9;24.9 °C;20.3;18.7;18.3;17.9;17.6
2024-04-09 16:48:15;21.6;50.2;65.6;63.6;77.2;82.9;24.9 °C;20.4;18.7;18.3;17.9;17.6
2024-04-09 16:58:16;21.6;50.2;65.6;63.6;77.2;82.9;24.8 °C;20.4;18.7;18.3;17.9;17.6
2024-04-09 17:08:18;21.6;50.2;65.6;63.6;77.2;82.9;24.8 °C;20.5;18.8;18.3;17.9;17.6
2024-04-09 17:18:13;21.6;50.2;65.6;63.6;77.2;82.9;24.7 °C;20.6;18.8;18.3;17.9;17.6
2024-04-09 17:28:15;21.6;50.2;65.6;63.6;77.2;82.9;24.6 °C;20.7;18.8;18.3;17.9;17.6
2024-04-09 17:38:20;21.6;50.3;65.6;63.6;77.2;82.9;24.6 °C;20.7;18.8;18.3;17.9;17.6
2024-04-09 17:48:14;21.6;50.2;65.6;63.6;77.2;82.9;24.4 °C;20.8;18.9;18.3;17.9;17.6
2024-04-09 17:58:14;21.6;50.2;65.7;63.6;77.2;82.9;24.4 °C;20.8;18.9;18.3;17.9;17.6
2024-04-09 18:08:13;21.6;50.2;65.7;63.6;77.2;82.9;24.3 °C;20.9;18.9;18.3;17.9;17.6
2024-04-09 18:18:20;21.6;50.2;65.7;63.6;77.2;82.9;24.1 °C;20.9;18.9;18.4;17.9;17.6
2024-04-09 18:28:18;21.6;50.3;65.7;63.6;77.2;82.9;23.9 °C;21;19;18.4;17.9;17.6
2024-04-09 18:38:14;21.6;50.3;65.7;63.6;77.2;82.9;23.8 °C;21;19;18.4;17.9;17.6
2024-04-09 18:48:13;21.6;50.3;65.7;63.6;77.2;82.9;23.6 °C;21.1;19.1;18.4;17.9;17.6
2024-04-09 18:58:19;21.5;50.3;65.7;63.6;77.2;82.9;23.5 °C;21.1;19.1;18.4;17.9;17.6
2024-04-09 19:08:12;21.6;50.3;65.7;63.6;77.2;82.9;23.3 °C;21.1;19.1;18.4;17.9;17.6
2024-04-09 19:18:14;21.6;50.3;65.7;63.6;77.2;82.9;23.1 °C;21.1;19.1;18.4;17.9;17.6
2024-04-09 19:28:18;21.6;50.3;65.7;63.6;77.2;82.9;23 °C;21.2;19.2;18.4;17.9;17.6
2024-04-09 19:38:15;21.6;50.3;65.7;63.6;77.2;82.9;22.8 °C;21.2;19.2;18.4;17.9;17.6
2024-04-09 19:48:19;21.6;50.3;65.7;63.6;77.2;82.9;22.6 °C;21.2;19.3;18.4;17.9;17.6
2024-04-09 19:58:20;21.6;50.3;65.8;63.6;77.2;82.9;22.4 °C;21.2;19.3;18.4;17.9;17.6
2024-04-09 20:08:14;21.6;50.3;65.8;63.6;77.2;82.9;22.3 °C;21.2;19.3;18.4;17.9;17.6
2024-04-09 20:18:13;21.6;50.3;65.8;63.6;77.2;82.9;22.1 °C;21.3;19.3;18.5;17.9;17.6
2024-04-09 20:28:20;21.6;50.4;65.8;63.6;77.2;82.9;21.9 °C;21.2;19.3;18.5;17.9;17.6
2024-04-09 20:38:13;21.6;50.4;65.8;63.6;77.2;82.9;21.7 °C;21.2;19.4;18.5;17.9;17.6
2024-04-09 20:48:12;21.6;50.4;65.8;63.7;77.2;82.9;21.6 °C;21.2;19.4;18.5;17.9;17.6
2024-04-09 20:58:14;21.6;50.4;65.8;63.6;77.2;82.9;21.4 °C;21.2;19.4;18.5;17.9;17.6
2024-04-09 21:08:14;21.6;50.3;65.8;63.6;77.2;82.9;21.3 °C;21.2;19.4;18.6;17.9;17.6
2024-04-09 21:18:18;21.6;50.3;65.9;63.6;77.2;82.9;21.1 °C;21.2;19.4;18.6;17.9;17.6
2024-04-09 21:28:19;21.6;50.3;65.9;63.6;77.2;82.9;21 °C;21.1;19.4;18.6;18;17.6
2024-04-09 21:38:19;21.7;50.3;65.9;63.6;77.2;82.9;20.9 °C;21.1;19.5;18.6;18;17.6
2024-04-09 21:48:20;21.7;50.3;65.9;63.7;77.2;82.9;20.8 °C;21.1;19.5;18.6;18;17.6
2024-04-09 21:58:14;21.7;50.3;65.9;63.7;77.2;82.9;20.6 °C;21.1;19.5;18.6;18;17.6
2024-04-09 22:08:17;21.7;50.3;65.9;63.7;77.2;82.9;20.5 °C;21.1;19.5;18.6;18;17.6
2024-04-09 22:18:16;21.7;50.3;65.9;63.7;77.2;82.9;20.4 °C;21;19.6;18.6;18;17.6
2024-04-09 22:28:18;21.7;50.3;65.9;63.7;77.2;82.9;20.3 °C;21;19.6;18.6;18;17.6
2024-04-09 22:38:19;21.7;50.3;65.9;63.7;77.2;82.9;20.3 °C;21;19.6;18.6;18;17.6
2024-04-09 22:48:15;21.7;50.3;65.9;63.7;77.2;82.9;20.1 °C;20.9;19.6;18.7;18;17.6
2024-04-09 22:58:13;21.7;50.3;65.9;63.7;77.2;82.9;20.1 °C;20.9;19.6;18.7;18;17.6
2024-04-09 23:08:19;21.7;50.3;65.9;63.7;77.2;82.9;19.9 °C;20.9;19.6;18.7;18;17.6
2024-04-09 23:18:12;21.7;50.3;65.9;63.7;77.2;82.9;19.9 °C;20.9;19.6;18.7;18;17.6
2024-04-09 23:28:15;21.7;50.3;65.9;63.7;77.2;83.0;19.8 °C;20.8;19.6;18.7;18.1;17.6
2024-04-09 23:38:19;21.8;50.3;65.9;63.7;77.2;82.9;19.7 °C;20.8;19.6;18.8;18.1;17.6
2024-04-09 23:48:16;21.8;50.3;65.9;63.7;77.2;82.9;19.6 °C;20.8;19.6;18.8;18.1;17.6
2024-04-09 23:58:18;21.8;50.3;65.9;63.7;77.2;82.9;19.6 °C;20.7;19.6;18.8;18.1;17.6
2024-04-10 00:08:13;21.8;50.3;65.9;63.7;77.2;82.9;19.4 °C;20.7;19.6;18.8;18.1;17.6
2024-04-10 00:18:17;21.8;50.3;65.9;63.7;77.2;82.9;19.4 °C;20.6;19.6;18.8;18.1;17.6
2024-04-10 00:28:15;21.8;50.3;65.9;63.7;77.2;82.9;19.3 °C;20.6;19.6;18.8;18.1;17.6
2024-04-10 00:38:13;21.8;50.3;65.9;63.7;77.2;82.9;19.3 °C;20.6;19.6;18.8;18.1;17.6
2024-04-10 00:48:15;21.8;50.3;65.9;63.8;77.2;82.9;19.1 °C;20.6;19.6;18.8;18.1;17.6
2024-04-10 00:58:12;21.8;50.2;65.9;63.7;77.2;83.0;19.1 °C;20.5;19.6;18.8;18.1;17.6
2024-04-10 01:08:14;21.8;50.2;65.9;63.7;77.2;82.9;19 °C;20.4;19.6;18.8;18.1;17.6
2024-04-10 01:18:18;21.9;50.2;65.9;63.7;77.2;82.9;18.9 °C;20.4;19.6;18.8;18.1;17.6
2024-04-10 01:28:18;21.9;50.2;65.9;63.8;77.2;82.9;18.9 °C;20.4;19.6;18.8;18.1;17.6
2024-04-10 01:38:19;21.9;50.2;65.9;63.7;77.3;82.9;18.8 °C;20.4;19.6;18.8;18.1;17.6
2024-04-10 01:48:20;21.9;50.2;65.9;63.8;77.2;82.9;18.8 °C;20.3;19.6;18.8;18.1;17.6
2024-04-10 01:58:14;21.9;50.2;65.9;63.8;77.2;82.9;18.7 °C;20.3;19.6;18.8;18.1;17.6
2024-04-10 02:08:18;21.9;50.2;65.9;63.8;77.2;82.9;18.6 °C;20.3;19.6;18.8;18.1;17.6
2024-04-10 02:18:17;21.9;50.2;65.9;63.8;77.2;82.9;18.5 °C;20.2;19.6;18.8;18.1;17.6
2024-04-10 02:28:17;21.9;50.2;65.9;63.8;77.2;82.9;18.4 °C;20.2;19.6;18.9;18.1;17.6
2024-04-10 02:38:15;21.9;50.2;65.9;63.8;77.2;82.9;18.4 °C;20.1;19.6;18.9;18.1;17.6
2024-04-10 02:48:12;21.9;50.1;65.9;63.8;77.3;82.9;18.3 °C;20.1;19.5;18.9;18.1;17.6
2024-04-10 02:58:18;21.9;50.2;65.9;63.8;77.2;82.9;18.3 °C;20.1;19.5;18.9;18.1;17.6
2024-04-10 03:08:15;22.0;50.1;65.9;63.8;77.2;82.9;18.2 °C;20;19.5;18.9;18.2;17.6
2024-04-10 03:18:16;22.0;50.2;65.9;63.8;77.2;82.9;18.1 °C;20;19.5;18.9;18.2;17.6
2024-04-10 03:28:14;22.0;50.1;65.9;63.8;77.2;82.9;18.1 °C;19.9;19.5;18.9;18.2;17.6
2024-04-10 03:38:15;22.0;50.1;65.9;63.8;77.2;82.9;18 °C;19.9;19.5;18.9;18.2;17.6
2024-04-10 03:48:20;22.0;50.1;65.8;63.8;77.2;82.9;17.9 °C;19.9;19.4;18.9;18.2;17.6
2024-04-10 03:58:13;22.0;50.1;65.8;63.8;77.2;82.9;17.9 °C;19.9;19.4;18.9;18.2;17.6
2024-04-10 04:08:13;22.1;50.1;65.8;63.8;77.2;82.9;17.8 °C;19.8;19.4;18.9;18.2;17.6
2024-04-10 04:18:12;22.1;50.1;65.8;63.8;77.2;82.9;17.7 °C;19.8;19.4;18.9;18.2;17.6
2024-04-10 04:28:18;22.1;50.1;65.8;63.8;77.2;82.9;17.6 °C;19.8;19.4;18.9;18.2;17.6
2024-04-10 04:38:19;22.1;50.1;65.8;63.8;77.2;82.9;17.6 °C;19.7;19.4;18.9;18.2;17.6
2024-04-10 04:48:16;22.1;50.1;65.8;63.8;77.2;82.9;17.6 °C;19.7;19.4;18.9;18.2;17.6
2024-04-10 04:58:15;22.1;50.1;65.8;63.8;77.2;82.9;17.5 °C;19.6;19.4;18.9;18.2;17.7
2024-04-10 05:08:15;22.1;50.1;65.8;63.8;77.2;82.9;17.4 °C;19.6;19.4;18.9;18.2;17.7
2024-04-10 05:18:13;22.2;50.1;65.8;63.8;77.2;82.9;17.4 °C;19.6;19.4;18.9;18.2;17.7
2024-04-10 05:28:16;22.2;50.1;65.8;63.8;77.3;82.9;17.3 °C;19.5;19.3;18.9;18.3;17.7
2024-04-10 05:38:14;22.2;50.1;65.8;63.8;77.3;82.9;17.3 °C;19.5;19.3;18.9;18.3;17.7
2024-04-10 05:48:18;22.2;50.1;65.8;63.8;77.3;82.9;17.2 °C;19.4;19.3;18.9;18.3;17.7
2024-04-10 05:58:19;22.2;50.0;65.8;63.8;77.2;82.9;17.1 °C;19.4;19.3;18.9;18.3;17.7
2024-04-10 06:08:15;22.2;50.0;65.8;63.8;77.3;82.9;17 °C;19.4;19.3;18.9;18.3;17.7
2024-04-10 06:18:17;22.2;50.0;65.8;63.8;77.3;82.9;16.9 °C;19.4;19.3;18.9;18.3;17.7
2024-04-10 06:28:16;22.2;50.0;65.7;63.8;77.3;82.9;16.8 °C;19.3;19.3;18.9;18.3;17.7
2024-04-10 06:38:18;22.3;50.0;65.7;63.8;77.3;82.9;16.8 °C;19.3;19.3;18.9;18.3;17.7
2024-04-10 06:48:19;22.3;50.0;65.7;63.8;77.2;82.9;16.7 °C;19.3;19.2;18.9;18.3;17.7
2024-04-10 06:58:16;22.3;50.0;65.7;63.8;77.3;82.9;16.6 °C;19.2;19.2;18.9;18.3;17.7
2024-04-10 07:08:13;22.3;50.0;65.7;63.8;77.3;82.9;16.6 °C;19.2;19.2;18.8;18.3;17.7
2024-04-10 07:18:17;22.3;50.0;65.7;63.8;77.3;82.9;16.6 °C;19.1;19.1;18.8;18.3;17.7
2024-04-10 07:28:16;22.3;50.0;65.7;63.8;77.3;82.9;16.6 °C;19.1;19.1;18.8;18.3;17.7
2024-04-10 07:38:14;22.3;50.0;65.7;63.8;77.3;82.9;16.6 °C;19.1;19.1;18.8;18.3;17.7
2024-04-10 07:48:19;22.4;50.0;65.7;63.8;77.3;83.0;16.6 °C;19;19.1;18.8;18.3;17.7
2024-04-10 07:58:13;22.3;50.0;65.7;63.8;77.2;82.9;16.7 °C;19;19.1;18.8;18.3;17.7
2024-04-10 08:08:19;22.4;50.0;65.7;63.8;77.3;82.9;16.7 °C;18.9;19.1;18.8;18.3;17.7
2024-04-10 08:18:17;22.4;50.0;65.7;63.7;77.3;83.0;16.8 °C;18.9;19.1;18.8;18.3;17.8
2024-04-10 08:28:16;22.4;50.0;65.7;63.8;77.3;83.0;16.8 °C;18.9;19;18.8;18.3;17.8
2024-04-10 08:38:15;22.4;49.9;65.6;63.7;77.2;83.0;16.9 °C;18.9;19;18.8;18.3;17.8
2024-04-10 08:48:12;22.4;49.9;65.6;63.7;77.3;83.0;16.9 °C;18.8;19;18.8;18.3;17.8
2024-04-10 08:58:19;22.4;49.9;65.6;63.8;77.3;83.0;17 °C;18.8;19;18.8;18.3;17.8
2024-04-10 09:08:12;22.4;49.9;65.6;63.8;77.2;83.0;17.1 °C;18.8;18.9;18.8;18.3;17.8
2024-04-10 09:18:14;22.3;49.9;65.6;63.7;77.3;83.0;17.2 °C;18.8;18.9;18.8;18.3;17.8
2024-04-10 09:28:19;22.3;49.9;65.6;63.7;77.2;83.0;17.3 °C;18.7;18.9;18.8;18.3;17.8
2024-04-10 09:38:12;22.3;49.9;65.6;63.7;77.3;83.0;17.4 °C;18.7;18.9;18.8;18.3;17.8
2024-04-10 09:48:15;22.3;49.9;65.6;63.7;77.3;83.0;17.6 °C;18.7;18.9;18.8;18.3;17.8
2024-04-10 09:58:16;22.3;49.9;65.6;63.7;77.2;83.0;17.8 °C;18.7;18.9;18.8;18.3;17.8
2024-04-10 10:08:19;22.3;49.9;65.6;63.7;77.2;83.0;18 °C;18.6;18.9;18.8;18.3;17.8
2024-04-10 10:18:16;22.3;49.9;65.6;63.7;77.2;83.0;18.2 °C;18.6;18.8;18.8;18.3;17.8
2024-04-10 10:28:14;22.3;49.9;65.6;63.7;77.3;83.0;18.3 °C;18.6;18.8;18.8;18.3;17.8
2024-04-10 10:38:15;22.3;49.9;65.6;63.7;77.2;83.0;18.5 °C;18.6;18.8;18.7;18.3;17.8
2024-04-10 10:48:12;22.3;49.9;65.5;63.7;77.2;83.0;18.6 °C;18.6;18.8;18.7;18.3;17.8
2024-04-10 10:58:18;22.3;49.9;65.5;63.7;77.2;83.0;18.8 °C;18.6;18.8;18.7;18.3;17.8
2024-04-10 11:08:18;22.3;49.9;65.5;63.7;77.2;83.0;18.9 °C;18.6;18.8;18.7;18.3;17.8
2024-04-10 11:18:18;22.2;49.9;65.5;63.7;77.2;83.0;19.1 °C;18.6;18.8;18.7;18.3;17.8
2024-04-10 11:28:18;22.2;49.9;65.5;63.7;77.3;83.0;19.4 °C;18.6;18.7;18.7;18.3;17.8
2024-04-10 11:38:14;22.2;49.9;65.5;63.7;77.2;83.0;19.6 °C;18.7;18.7;18.7;18.3;17.8
2024-04-10 11:48:14;22.2;49.9;65.5;63.7;77.2;83.0;19.8 °C;18.7;18.7;18.7;18.3;17.8
2024-04-10 11:58:14;22.2;49.9;65.5;63.7;77.2;83.0;19.9 °C;18.7;18.7;18.6;18.3;17.8
2024-04-10 12:08:14;22.1;49.9;65.5;63.7;77.2;83.0;20 °C;18.8;18.7;18.6;18.3;17.8
2024-04-10 12:18:18;22.1;49.9;65.5;63.7;77.2;83.0;20.1 °C;18.8;18.7;18.6;18.3;17.8
2024-04-10 12:28:19;22.3;49.9;65.5;63.6;77.2;83.0;20.3 °C;18.8;18.6;18.6;18.3;17.8
2024-04-10 12:38:17;22.3;49.9;65.5;63.7;77.2;83.0;20.4 °C;18.8;18.6;18.6;18.3;17.8
2024-04-10 12:48:13;22.3;49.9;65.5;63.6;77.2;83.0;20.6 °C;18.8;18.6;18.6;18.3;17.8
2024-04-10 12:58:16;22.2;49.9;65.5;63.6;77.2;83.0;20.8 °C;18.9;18.6;18.6;18.3;17.8
2024-04-10 13:08:18;22.2;49.9;65.5;63.6;77.2;83.0;21 °C;18.9;18.6;18.6;18.3;17.8
2024-04-10 13:18:15;22.2;49.9;65.5;63.6;77.2;83.0;21.3 °C;18.9;18.6;18.6;18.3;17.8
2024-04-10 13:28:16;22.2;49.9;65.5;63.6;77.2;83.0;21.5 °C;19;18.6;18.6;18.3;17.8
2024-04-10 13:38:19;22.2;49.9;65.4;63.6;77.2;83.0;21.8 °C;19;18.6;18.6;18.2;17.8
2024-04-10 13:48:13;22.2;49.9;65.4;63.6;77.2;83.0;22.1 °C;19.1;18.6;18.6;18.2;17.8
2024-04-10 13:58:12;22.1;49.9;65.5;63.6;77.2;83.0;22.4 °C;19.1;18.6;18.6;18.2;17.8
2024-04-10 14:08:18;22.1;49.9;65.4;63.6;77.2;83.0;22.6 °C;19.2;18.6;18.6;18.2;17.8
2024-04-10 14:18:15;22.1;49.9;65.4;63.6;77.2;83.0;22.9 °C;19.2;18.6;18.6;18.2;17.8
2024-04-10 14:28:17;22.1;49.9;65.4;63.6;77.2;83.0;23.1 °C;19.3;18.6;18.6;18.2;17.8
2024-04-10 14:38:13;22.1;50.0;65.4;63.6;77.2;83.0;23.3 °C;19.3;18.6;18.6;18.2;17.8
2024-04-10 14:48:17;22.1;50.0;65.4;63.6;77.2;83.0;23.5 °C;19.4;18.6;18.6;18.2;17.8
2024-04-10 14:58:13;22.1;50.0;65.5;63.6;77.2;83.0;23.6 °C;19.4;18.6;18.5;18.2;17.8
2024-04-10 15:08:16;22.1;50;65.4;63.6;77.2;83.0;23.8 °C;19.6;18.6;18.5;18.2;17.8
2024-04-10 15:18:15;22.1;50.0;65.4;63.6;77.2;83.0;23.9 °C;19.6;18.6;18.5;18.2;17.8
2024-04-10 15:28:13;22.0;50.0;65.5;63.6;77.2;83.0;24.1 °C;19.7;18.7;18.5;18.2;17.8
2024-04-10 15:38:13;22.1;50.0;65.4;63.6;77.2;83.0;24.2 °C;19.8;18.7;18.5;18.2;17.8
2024-04-10 15:48:17;22.0;50.1;65.5;63.6;77.2;83.0;24.3 °C;19.8;18.7;18.5;18.2;17.8
2024-04-10 15:58:12;22.0;50.0;65.5;63.6;77.2;82.9;24.4 °C;19.9;18.7;18.5;18.2;17.8
2024-04-10 16:08:14;22.0;50.1;65.4;63.6;77.2;83.0;24.6 °C;20;18.8;18.5;18.2;17.8
2024-04-10 16:18:19;22.0;50.1;65.4;63.6;77.2;83.0;24.6 °C;20.1;18.8;18.5;18.2;17.8
2024-04-10 16:28:13;22.2;50.1;65.4;63.6;77.2;83.0;24.6 °C;20.1;18.8;18.5;18.2;17.8
2024-04-10 16:38:13;22.2;50.1;65.5;63.6;77.2;83.0;24.6 °C;20.2;18.8;18.5;18.2;17.8
2024-04-10 16:48:13;22.2;50.1;65.5;63.6;77.2;83.0;24.4 °C;20.3;18.8;18.5;18.2;17.8
2024-04-10 16:58:17;22.2;50.2;65.5;63.6;77.2;83.0;24.3 °C;20.4;18.8;18.5;18.2;17.8
2024-04-10 17:08:13;22.2;50.2;65.5;63.6;77.2;83.0;24.2 °C;20.4;18.9;18.5;18.2;17.8
2024-04-10 17:18:12;22.2;50.2;65.5;63.6;77.2;83.0;24.1 °C;20.5;18.9;18.5;18.2;17.8
2024-04-10 17:28:15;22.2;50.2;65.5;63.6;77.2;83.0;23.9 °C;20.6;18.9;18.5;18.1;17.8
2024-04-10 17:38:12;22.2;50.3;65.5;63.6;77.2;83.0;23.8 °C;20.6;18.9;18.5;18.2;17.8
2024-04-10 17:48:11;22.2;50.3;65.5;63.6;77.2;83.0;23.6 °C;20.7;18.9;18.5;18.1;17.8
2024-04-10 17:58:13;22.2;50.3;65.5;63.6;77.2;83.0;23.5 °C;20.7;19;18.5;18.1;17.8
2024-04-10 18:08:17;22.2;50.3;65.5;63.6;77.2;83.0;23.4 °C;20.8;19;18.5;18.1;17.8
2024-04-10 18:18:18;22.2;50.3;65.5;63.6;77.2;83.0;23.3 °C;20.8;19.1;18.5;18.1;17.8
2024-04-10 18:28:18;22.2;50.3;65.5;63.6;77.2;83.0;23.1 °C;20.8;19.1;18.6;18.1;17.8
2024-04-10 18:38:19;22.2;50.3;65.6;63.6;77.2;83.0;23 °C;20.9;19.1;18.6;18.1;17.8
2024-04-10 18:48:12;22.2;50.4;65.6;63.6;77.2;83.0;22.9 °C;20.9;19.1;18.6;18.1;17.8
2024-04-10 18:58:15;22.2;50.4;65.6;63.6;77.2;83.0;22.8 °C;20.9;19.1;18.6;18.1;17.8
2024-04-10 19:08:18;22.2;50.4;65.6;63.6;77.2;83.0;22.6 °C;20.9;19.2;18.6;18.1;17.8
2024-04-10 19:18:14;22.2;50.4;65.6;63.6;77.2;83.0;22.5 °C;20.9;19.2;18.6;18.1;17.8
2024-04-10 19:28:15;22.2;50.4;65.6;63.6;77.2;83.0;22.4 °C;21;19.3;18.6;18.1;17.8
2024-04-10 19:38:17;22.2;50.4;65.6;63.6;77.2;83.0;22.3 °C;21;19.3;18.6;18.1;17.8
2024-04-10 19:48:14;22.2;50.4;65.6;63.6;77.2;83.0;22.1 °C;21;19.3;18.6;18.1;17.8
2024-04-10 19:58:18;22.2;50.4;65.6;63.6;77.2;82.9;22 °C;21;19.3;18.6;18.1;17.8
2024-04-10 20:08:11;22.2;50.4;65.6;63.6;77.2;82.9;21.8 °C;21;19.3;18.6;18.1;17.8
2024-04-10 20:18:18;22.2;50.4;65.6;63.6;77.2;83.0;21.7 °C;21;19.4;18.6;18.1;17.8
2024-04-10 20:28:18;22.2;50.4;65.6;63.6;77.2;82.9;21.6 °C;21;19.4;18.6;18.1;17.8
2024-04-10 20:38:15;22.2;50.4;65.7;63.6;77.1;83.0;21.5 °C;21;19.4;18.6;18.2;17.8
2024-04-10 20:48:17;22.2;50.4;65.7;63.6;77.2;82.9;21.4 °C;21;19.4;18.6;18.1;17.8
2024-04-10 20:58:17;22.2;50.4;65.7;63.6;77.1;82.9;21.3 °C;21;19.4;18.7;18.2;17.8
2024-04-10 21:08:16;22.3;50.4;65.7;63.6;77.2;83.0;21.2 °C;21;19.4;18.7;18.2;17.8
2024-04-10 21:18:15;22.2;50.4;65.7;63.6;77.2;82.9;21.1 °C;21;19.4;18.7;18.2;17.8
2024-04-10 21:28:13;22.2;50.4;65.7;63.7;77.2;83.0;21 °C;20.9;19.5;18.7;18.2;17.8
2024-04-10 21:38:16;22.3;50.4;65.7;63.7;77.2;83.0;20.9 °C;20.9;19.5;18.7;18.2;17.8
2024-04-10 21:48:16;22.3;50.4;65.7;63.6;77.2;83.0;20.8 °C;20.9;19.5;18.8;18.2;17.8
2024-04-10 21:58:14;22.3;50.4;65.7;63.6;77.2;83.0;20.8 °C;20.9;19.5;18.8;18.2;17.8
2024-04-10 22:08:16;22.3;50.4;65.7;63.6;77.2;82.9;20.6 °C;20.9;19.5;18.8;18.2;17.8
2024-04-10 22:18:18;22.3;50.4;65.7;63.6;77.2;82.9;20.6 °C;20.9;19.6;18.8;18.2;17.8
2024-04-10 22:28:12;22.3;50.4;65.7;63.6;77.2;83.0;20.5 °C;20.9;19.6;18.8;18.2;17.8
2024-04-10 22:38:15;22.3;50.4;65.7;63.6;77.2;83.0;20.4 °C;20.8;19.6;18.8;18.2;17.8
2024-04-10 22:48:12;22.3;50.4;65.7;63.7;77.2;83.0;20.3 °C;20.8;19.6;18.8;18.2;17.8
2024-04-10 22:58:15;22.3;50.4;65.7;63.7;77.2;83.0;20.3 °C;20.8;19.6;18.8;18.2;17.8
2024-04-10 23:08:13;22.3;50.4;65.7;63.7;77.2;83.0;20.2 °C;20.8;19.6;18.8;18.2;17.8
2024-04-10 23:18:18;22.3;50.4;65.7;63.7;77.2;82.9;20.1 °C;20.8;19.6;18.8;18.2;17.8
2024-04-10 23:28:15;22.3;50.4;65.7;63.7;77.2;83.0;20.1 °C;20.8;19.6;18.8;18.2;17.8
2024-04-10 23:38:17;22.3;50.4;65.7;63.7;77.2;83.0;20 °C;20.7;19.6;18.8;18.2;17.8
2024-04-10 23:48:18;22.3;50.4;65.7;63.7;77.2;82.9;19.9 °C;20.7;19.6;18.8;18.2;17.8
2024-04-10 23:58:15;22.4;50.3;65.7;63.7;77.2;83.0;19.9 °C;20.6;19.6;18.9;18.3;17.8
2024-04-11 00:08:13;22.3;50.4;65.7;63.7;77.2;82.9;19.8 °C;20.6;19.6;18.9;18.3;17.8
2024-04-11 00:18:17;22.4;50.4;65.7;63.7;77.2;83.0;19.8 °C;20.6;19.6;18.9;18.3;17.8
2024-04-11 00:28:17;22.4;50.4;65.7;63.7;77.2;83.0;19.8 °C;20.6;19.6;18.9;18.3;17.8
2024-04-11 00:38:12;22.4;50.3;65.7;63.7;77.2;82.9;19.7 °C;20.6;19.6;18.9;18.3;17.8
2024-04-11 00:48:12;22.4;50.4;65.7;63.7;77.2;83.0;19.6 °C;20.5;19.6;18.9;18.3;17.8
2024-04-11 00:58:15;22.4;50.3;65.7;63.7;77.2;82.9;19.6 °C;20.5;19.6;18.9;18.3;17.8
2024-04-11 01:08:17;22.4;50.3;65.7;63.7;77.2;82.9;19.6 °C;20.5;19.6;18.9;18.3;17.8
2024-04-11 01:18:18;22.4;50.4;65.7;63.7;77.2;82.9;19.5 °C;20.4;19.6;18.9;18.3;17.8
2024-04-11 01:28:16;22.4;50.3;65.7;63.7;77.2;82.9;19.4 °C;20.4;19.6;18.9;18.3;17.8
2024-04-11 01:38:18;22.4;50.3;65.7;63.7;77.2;82.9;19.4 °C;20.4;19.6;18.9;18.3;17.8
2024-04-11 01:48:11;22.4;50.3;65.7;63.7;77.2;82.9;19.4 °C;20.4;19.6;18.9;18.3;17.8
2024-04-11 01:58:18;22.4;50.3;65.7;63.7;77.2;82.9;19.3 °C;20.4;19.6;18.9;18.3;17.8
2024-04-11 02:08:11;22.4;50.3;65.7;63.7;77.2;82.9;19.3 °C;20.3;19.6;18.9;18.3;17.8
2024-04-11 02:18:18;22.4;50.3;65.7;63.7;77.2;83.0;19.3 °C;20.3;19.6;18.9;18.3;17.8
2024-04-11 02:28:18;22.4;50.3;65.7;63.7;77.2;82.9;19.2 °C;20.3;19.6;18.9;18.3;17.8
2024-04-11 02:38:12;22.4;50.3;65.7;63.7;77.2;82.9;19.1 °C;20.3;19.6;18.9;18.3;17.8
2024-04-11 02:48:11;22.4;50.3;65.7;63.8;77.2;82.9;19.1 °C;20.3;19.6;18.9;18.3;17.8
2024-04-11 02:58:17;22.4;50.3;65.7;63.7;77.2;82.9;19.1 °C;20.2;19.6;18.9;18.3;17.8
2024-04-11 03:08:14;22.4;50.3;65.7;63.8;77.2;82.9;19 °C;20.2;19.6;18.9;18.3;17.8
2024-04-11 03:18:18;22.5;50.3;65.7;63.7;77.2;83.0;18.9 °C;20.1;19.6;18.9;18.3;17.8
2024-04-11 03:28:16;22.5;50.3;65.7;63.7;77.2;82.9;18.9 °C;20.1;19.6;18.9;18.3;17.8
2024-04-11 03:38:15;22.5;50.3;65.7;63.8;77.2;83.0;18.8 °C;20.1;19.6;18.9;18.3;17.8
2024-04-11 03:48:13;22.5;50.3;65.7;63.8;77.2;83.0;18.8 °C;20.1;19.5;18.9;18.3;17.8
2024-04-11 03:58:14;22.5;50.3;65.7;63.8;77.2;83.0;18.8 °C;20.1;19.5;18.9;18.3;17.8
2024-04-11 04:08:12;22.5;50.3;65.7;63.7;77.2;82.9;18.7 °C;20;19.5;19;18.3;17.8
2024-04-11 04:18:18;22.5;50.3;65.7;63.7;77.2;83.0;18.6 °C;20;19.5;19;18.3;17.8
2024-04-11 04:28:16;22.5;50.3;65.7;63.7;77.2;83.0;18.6 °C;20;19.5;19;18.3;17.8
2024-04-11 04:38:12;22.5;50.2;65.7;63.7;77.2;83.0;18.6 °C;19.9;19.5;19;18.4;17.8
2024-04-11 04:48:11;22.6;50.2;65.7;63.7;77.2;83.0;18.5 °C;19.9;19.5;19;18.4;17.8
2024-04-11 04:58:17;22.5;50.2;65.7;63.7;77.2;83.0;18.4 °C;19.9;19.4;19;18.4;17.8
2024-04-11 05:08:13;22.6;50.2;65.7;63.7;77.2;83.0;18.4 °C;19.9;19.4;19;18.4;17.8
2024-04-11 05:18:18;22.6;50.2;65.7;63.7;77.2;83.0;18.3 °C;19.9;19.4;19;18.4;17.8
2024-04-11 05:28:15;22.6;50.1;65.7;63.7;77.2;83.0;18.3 °C;19.8;19.4;19;18.4;17.9
2024-04-11 05:38:18;22.6;50.1;65.7;63.7;77.2;83.0;18.3 °C;19.8;19.4;19;18.4;17.9
2024-04-11 05:48:18;22.6;50.1;65.6;63.7;77.2;83.0;18.2 °C;19.8;19.4;19;18.4;17.9
2024-04-11 05:58:12;22.6;50.1;65.6;63.7;77.2;83.0;18.2 °C;19.8;19.4;19;18.4;17.9
2024-04-11 06:08:16;22.6;50.1;65.6;63.7;77.2;83.0;18.1 °C;19.8;19.4;19;18.4;17.9
2024-04-11 06:18:15;22.6;50.1;65.6;63.7;77.2;83.0;18.1 °C;19.7;19.4;19;18.4;17.9
2024-04-11 06:28:18;22.6;50.1;65.6;63.7;77.2;83.0;18 °C;19.7;19.4;19;18.4;17.9
2024-04-11 06:38:16;22.6;50.1;65.6;63.7;77.2;83.0;17.9 °C;19.6;19.4;19;18.4;17.9
2024-04-11 06:48:15;22.6;50.1;65.6;63.7;77.2;83.0;17.9 °C;19.6;19.4;19;18.4;17.9
2024-04-11 06:58:17;22.6;50.1;65.6;63.7;77.2;83.0;17.9 °C;19.6;19.4;19;18.4;17.9
2024-04-11 07:08:13;22.6;50.1;65.6;63.7;77.2;83.0;17.8 °C;19.6;19.3;19;18.4;17.9
2024-04-11 07:18:14;22.6;50.1;65.6;63.7;77.2;83.0;17.8 °C;19.6;19.3;18.9;18.4;17.9
2024-04-11 07:28:11;22.7;50.1;65.6;63.7;77.2;83.0;17.8 °C;19.5;19.3;18.9;18.4;17.9
2024-04-11 07:38:17;22.7;50.1;65.6;63.7;77.2;83.0;17.8 °C;19.5;19.3;18.9;18.4;17.9
2024-04-11 07:48:18;22.7;50.1;65.6;63.7;77.2;83.0;17.8 °C;19.4;19.3;18.9;18.4;17.9
2024-04-11 07:58:16;22.7;50.1;65.6;63.7;77.2;83.0;17.8 °C;19.4;19.3;18.9;18.4;17.9
2024-04-11 08:08:12;22.7;50.1;65.6;63.7;77.2;83.0;17.9 °C;19.4;19.3;18.9;18.4;17.9
2024-04-11 08:18:15;22.7;50.0;65.6;63.7;77.2;83.0;17.9 °C;19.4;19.3;18.9;18.4;17.9
2024-04-11 08:28:18;22.8;50.0;65.6;63.7;77.2;83.0;18 °C;19.4;19.3;18.9;18.4;17.9
2024-04-11 08:38:12;22.6;50.0;65.6;63.7;77.2;83.0;18.1 °C;19.4;19.3;18.9;18.4;17.9
2024-04-11 08:48:12;22.7;50.0;65.6;63.7;77.2;83.0;18.1 °C;19.3;19.3;18.9;18.4;17.9
2024-04-11 08:58:15;22.6;50.0;65.6;63.7;77.2;83.0;18.2 °C;19.3;19.2;18.9;18.4;17.9
2024-04-11 09:08:18;22.6;50.0;65.6;63.7;77.2;83.0;18.3 °C;19.3;19.2;18.9;18.4;17.9
2024-04-11 09:18:16;22.6;50.0;65.5;63.7;77.2;83.0;18.4 °C;19.3;19.2;18.9;18.4;17.9
2024-04-11 09:28:11;22.6;50.0;65.5;63.7;77.2;83.0;18.5 °C;19.3;19.2;18.9;18.4;17.9
2024-04-11 09:38:18;22.6;50.0;65.5;63.7;77.2;83.0;18.6 °C;19.3;19.2;18.9;18.4;17.9
2024-04-11 09:48:12;22.6;50.0;65.5;63.7;77.2;83.0;18.6 °C;19.2;19.1;18.9;18.4;17.9
2024-04-11 09:58:16;22.6;50.0;65.5;63.7;77.2;83.0;18.8 °C;19.2;19.1;18.9;18.4;17.9
2024-04-11 10:08:12;22.6;50.0;65.5;63.7;77.2;83.0;18.8 °C;19.2;19.1;18.9;18.4;17.9
2024-04-11 10:18:16;22.6;50.0;65.5;63.7;77.2;83.0;18.9 °C;19.2;19.1;18.9;18.4;17.9
2024-04-11 10:28:12;22.6;50.0;65.5;63.7;77.2;83.0;19 °C;19.2;19.1;18.9;18.4;17.9
2024-04-11 10:38:15;22.6;50.0;65.5;63.7;77.2;83.0;19.1 °C;19.2;19.1;18.9;18.4;17.9
2024-04-11 10:48:10;22.6;50.0;65.5;63.7;77.2;83.0;19.1 °C;19.2;19.1;18.9;18.4;17.9
2024-04-11 10:58:16;22.5;50.0;65.5;63.7;77.2;83.0;19.2 °C;19.2;19.1;18.9;18.4;17.9
2024-04-11 11:08:17;22.5;50.0;65.5;63.7;77.2;83.0;19.3 °C;19.2;19.1;18.9;18.4;17.9
2024-04-11 11:18:13;22.5;50.0;65.5;63.7;77.2;83.0;19.4 °C;19.2;19.1;18.9;18.4;17.9
2024-04-11 11:28:17;22.5;50.0;65.5;63.7;77.2;83.0;19.5 °C;19.2;19;18.9;18.4;17.9
2024-04-11 11:38:14;22.5;50.0;65.5;63.7;77.2;83.0;19.6 °C;19.2;19;18.9;18.4;17.9
2024-04-11 11:48:12;22.5;50.0;65.4;63.7;77.2;83.0;19.7 °C;19.2;19;18.9;18.4;17.9
2024-04-11 11:58:12;22.5;50.0;65.4;63.7;77.2;83.0;19.8 °C;19.2;19;18.9;18.4;17.9
2024-04-11 12:08:16;22.5;50.0;65.4;63.7;77.2;83.0;19.9 °C;19.2;19;18.9;18.4;17.9
2024-04-11 12:18:12;22.4;49.9;65.4;63.7;77.2;83.0;20 °C;19.3;19;18.8;18.4;17.9
2024-04-11 12:28:12;22.4;50.0;65.4;63.7;77.2;83.0;20.1 °C;19.3;19;18.8;18.4;17.9
2024-04-11 12:38:12;22.4;50.0;65.4;63.7;77.2;83.0;20.3 °C;19.3;19;18.8;18.4;17.9
2024-04-11 12:48:15;22.4;50.0;65.4;63.6;77.2;83.0;20.4 °C;19.3;18.9;18.8;18.4;17.9
2024-04-11 12:58:14;22.4;50.0;65.4;63.6;77.2;83.0;20.5 °C;19.3;18.9;18.8;18.4;17.9
2024-04-11 13:08:16;22.4;50.0;65.4;63.7;77.2;83.0;20.6 °C;19.3;18.9;18.8;18.4;17.9
2024-04-11 13:18:11;22.4;50.0;65.4;63.6;77.2;83.0;20.8 °C;19.3;18.9;18.8;18.4;17.9
2024-04-11 13:28:18;22.4;49.9;65.4;63.6;77.2;83.0;20.9 °C;19.4;18.9;18.8;18.4;17.9
2024-04-11 13:38:15;22.4;49.9;65.4;63.6;77.2;83.0;21.1 °C;19.4;18.9;18.8;18.4;17.9
2024-04-11 13:48:18;22.4;49.9;65.4;63.6;77.2;83.0;21.2 °C;19.4;18.9;18.8;18.4;17.9
2024-04-11 13:58:15;22.4;50.0;65.4;63.6;77.1;83.0;21.3 °C;19.4;18.9;18.8;18.4;17.9
2024-04-11 14:08:15;22.3;50.0;65.4;63.6;77.2;83.0;21.4 °C;19.4;18.9;18.8;18.4;17.9
2024-04-11 14:18:17;22.3;50.0;65.4;63.6;77.2;82.9;21.4 °C;19.5;18.9;18.8;18.4;17.9
2024-04-11 14:28:14;22.3;50.0;65.4;63.6;77.2;83.0;21.5 °C;19.5;18.9;18.8;18.4;17.9
2024-04-11 14:38:12;22.3;50.0;65.4;63.6;77.2;83.0;21.6 °C;19.6;18.9;18.8;18.4;17.9
2024-04-11 14:48:15;22.3;50.0;65.4;63.6;77.2;82.9;21.6 °C;19.6;18.9;18.8;18.4;17.9
2024-04-11 14:58:18;22.3;50.0;65.4;63.6;77.2;83.0;21.8 °C;19.6;18.9;18.8;18.4;17.9
2024-04-11 15:08:15;22.3;50.0;65.4;63.6;77.1;82.9;21.8 °C;19.6;18.9;18.8;18.4;17.9
2024-04-11 15:18:11;22.2;50.0;65.4;63.6;77.1;83.0;21.9 °C;19.7;18.9;18.8;18.4;17.9
2024-04-11 15:28:18;22.3;50.0;65.4;63.6;77.1;82.9;22 °C;19.7;18.9;18.8;18.4;17.9
2024-04-11 15:38:11;22.3;50.0;65.4;63.6;77.1;83.0;22.2 °C;19.8;18.9;18.8;18.4;17.9
2024-04-11 15:48:18;22.3;50.0;65.3;63.6;77.1;83.0;22.3 °C;19.8;19;18.8;18.4;17.9
2024-04-11 15:58:16;22.2;50.0;65.3;63.6;77.1;82.9;22.4 °C;19.8;19;18.8;18.4;17.9
2024-04-11 16:08:15;22.3;50.0;65.3;63.6;77.1;83.0;22.4 °C;19.9;19;18.8;18.4;17.9
2024-04-11 16:18:11;22.3;50.0;65.3;63.6;77.1;82.9;22.5 °C;19.9;19;18.8;18.4;17.9
2024-04-11 16:28:17;22.3;50.0;65.4;63.6;77.1;82.9;22.6 °C;19.9;19;18.8;18.4;17.9
2024-04-11 16:38:10;22.3;50.0;65.3;63.6;77.1;83.0;22.6 °C;19.9;19;18.8;18.4;17.9
2024-04-11 16:48:16;22.3;50.0;65.4;63.6;77.1;82.9;22.6 °C;20;19;18.8;18.4;17.9
2024-04-11 16:58:16;22.3;50.0;65.3;63.6;77.1;83.0;22.7 °C;20.1;19.1;18.8;18.4;17.9
2024-04-11 17:08:12;22.2;50.1;65.4;63.6;77.1;82.9;22.8 °C;20.1;19.1;18.8;18.4;17.9
2024-04-11 17:18:17;22.3;50.1;65.4;63.6;77.1;82.9;22.8 °C;20.1;19.1;18.8;18.4;17.9
2024-04-11 17:28:13;22.2;50.1;65.4;63.6;77.1;83.0;22.9 °C;20.2;19.1;18.8;18.4;17.9
2024-04-11 17:38:11;22.2;50.1;65.4;63.6;77.1;82.9;22.9 °C;20.2;19.1;18.8;18.4;17.9
2024-04-11 17:48:13;22.3;50.1;65.4;63.6;77.1;82.9;22.9 °C;20.3;19.1;18.8;18.4;17.9
2024-04-11 17:58:10;22.3;50.1;65.4;63.6;77.1;82.9;22.8 °C;20.3;19.1;18.8;18.4;17.9
2024-04-11 18:08:12;22.3;50.1;65.4;63.6;77.1;82.9;22.8 °C;20.3;19.1;18.8;18.4;17.9
2024-04-11 18:18:17;22.3;50.1;65.4;63.5;77.1;82.9;22.7 °C;20.4;19.1;18.8;18.4;17.9
2024-04-11 18:28:17;22.3;50.1;65.4;63.6;77.1;82.9;22.6 °C;20.4;19.1;18.8;18.4;17.9
2024-04-11 18:38:15;22.3;50.1;65.4;63.6;77.1;82.9;22.4 °C;20.4;19.2;18.8;18.4;17.9
2024-04-11 18:48:14;22.3;50.1;65.4;63.6;77.1;82.9;22.3 °C;20.4;19.2;18.8;18.4;17.9
2024-04-11 18:58:11;22.3;50.2;65.4;63.6;77.1;82.9;22.1 °C;20.5;19.2;18.8;18.4;17.9
2024-04-11 19:08:15;22.3;50.2;65.4;63.6;77.1;82.9;21.9 °C;20.5;19.2;18.8;18.4;17.9
2024-04-11 19:18:17;22.3;50.2;65.4;63.6;77.1;82.9;21.8 °C;20.5;19.3;18.8;18.4;17.9
2024-04-11 19:28:15;22.3;50.2;65.4;63.6;77.1;82.9;21.6 °C;20.6;19.3;18.8;18.4;17.9
2024-04-11 19:38:13;22.3;50.2;65.4;63.6;77.1;82.9;21.5 °C;20.6;19.3;18.8;18.4;17.9
2024-04-11 19:48:10;22.3;50.2;65.4;63.6;77.1;82.9;21.4 °C;20.6;19.3;18.8;18.4;17.9
2024-04-11 19:58:16;22.3;50.2;65.4;63.6;77.1;82.9;21.3 °C;20.6;19.3;18.8;18.4;17.9
2024-04-11 20:08:13;22.3;50.2;65.4;63.6;77.1;82.9;21.1 °C;20.6;19.3;18.8;18.4;17.9
2024-04-11 20:18:14;22.3;50.2;65.4;63.6;77.1;82.9;21 °C;20.6;19.3;18.8;18.4;17.9
2024-04-11 20:28:12;22.3;50.2;65.4;63.6;77.1;83.0;20.9 °C;20.6;19.3;18.8;18.4;17.9
2024-04-11 20:38:12;22.3;50.2;65.5;63.6;77.1;82.9;20.8 °C;20.6;19.4;18.8;18.4;17.9
2024-04-11 20:48:17;22.3;50.2;65.5;63.6;77.1;83.0;20.6 °C;20.6;19.4;18.8;18.4;17.9
2024-04-11 20:58:10;22.3;50.2;65.5;63.6;77.1;82.9;20.5 °C;20.6;19.4;18.8;18.4;17.9
2024-04-11 21:08:12;22.3;50.2;65.5;63.6;77.1;82.9;20.4 °C;20.6;19.4;18.8;18.4;17.9
2024-04-11 21:18:16;22.3;50.3;65.5;63.6;77.1;82.9;20.3 °C;20.6;19.4;18.8;18.4;17.9
2024-04-11 21:28:12;22.4;50.2;65.5;63.6;77.1;83.0;20.3 °C;20.6;19.4;18.8;18.4;17.9
2024-04-11 21:38:17;22.3;50.2;65.5;63.6;77.1;82.9;20.2 °C;20.6;19.4;18.8;18.4;17.9
2024-04-11 21:48:14;22.4;50.2;65.5;63.6;77.1;82.9;20.1 °C;20.6;19.4;18.9;18.4;17.9
2024-04-11 21:58:17;22.4;50.2;65.5;63.6;77.1;82.9;20 °C;20.6;19.4;18.9;18.4;17.9
2024-04-11 22:08:17;22.3;50.2;65.5;63.6;77.1;82.9;19.9 °C;20.5;19.4;18.9;18.4;17.9
2024-04-11 22:18:11;22.4;50.2;65.5;63.6;77.1;83.0;19.8 °C;20.5;19.4;18.9;18.4;17.9
2024-04-11 22:28:14;22.4;50.2;65.5;63.6;77.1;82.9;19.8 °C;20.5;19.4;18.9;18.4;17.9
2024-04-11 22:38:16;22.4;50.2;65.5;63.6;77.1;82.9;19.7 °C;20.5;19.5;18.9;18.4;17.9
2024-04-11 22:48:12;22.4;50.2;65.5;63.6;77.1;82.9;19.6 °C;20.4;19.5;18.9;18.4;17.9
2024-04-11 22:58:16;22.4;50.2;65.5;63.6;77.1;82.9;19.6 °C;20.4;19.5;18.9;18.4;17.9
2024-04-11 23:08:12;22.4;50.2;65.5;63.6;77.1;82.9;19.4 °C;20.4;19.5;18.9;18.4;17.9
2024-04-11 23:18:12;22.4;50.2;65.5;63.6;77.1;82.9;19.4 °C;20.4;19.5;18.9;18.4;17.9
2024-04-11 23:28:16;22.4;50.2;65.5;63.6;77.1;82.9;19.3 °C;20.4;19.5;18.9;18.4;17.9
2024-04-11 23:38:13;22.5;50.1;65.5;63.6;77.1;82.9;19.3 °C;20.4;19.5;18.9;18.4;17.9
2024-04-11 23:48:14;22.5;50.1;65.5;63.6;77.1;82.9;19.2 °C;20.3;19.5;18.9;18.4;17.9
2024-04-11 23:58:13;22.5;50.1;65.5;63.6;77.1;82.9;19.1 °C;20.3;19.5;18.9;18.4;17.9
2024-04-12 00:08:14;22.5;50.1;65.5;63.6;77.1;83.0;19.1 °C;20.3;19.5;18.9;18.4;17.9
2024-04-12 00:18:16;22.5;50.1;65.5;63.6;77.1;83.0;19.1 °C;20.3;19.5;18.9;18.4;17.9
2024-04-12 00:28:15;22.5;50.1;65.5;63.6;77.1;83.0;19 °C;20.3;19.5;18.9;18.4;17.9
2024-04-12 00:38:11;22.5;50.1;65.5;63.6;77.1;82.9;18.9 °C;20.2;19.5;18.9;18.4;17.9
2024-04-12 00:48:10;22.5;50.1;65.5;63.6;77.1;82.9;18.9 °C;20.2;19.5;18.9;18.4;17.9
2024-04-12 00:58:17;22.5;50.1;65.5;63.6;77.1;82.9;18.8 °C;20.2;19.5;18.9;18.4;17.9
2024-04-12 01:08:10;22.5;50.1;65.5;63.6;77.1;82.9;18.8 °C;20.1;19.5;18.9;18.4;17.9
2024-04-12 01:18:12;22.5;50.1;65.5;63.6;77.2;83.0;18.8 °C;20.1;19.5;18.9;18.4;17.9
2024-04-12 01:28:16;22.5;50.1;65.5;63.6;77.2;82.9;18.7 °C;20.1;19.5;19;18.4;17.9
2024-04-12 01:38:13;22.6;50.1;65.5;63.6;77.2;82.9;18.6 °C;20.1;19.5;18.9;18.4;17.9
2024-04-12 01:48:15;22.6;50.1;65.5;63.6;77.1;82.9;18.6 °C;20;19.5;19;18.4;17.9
2024-04-12 01:58:10;22.6;50.1;65.5;63.6;77.2;82.9;18.6 °C;20;19.4;19;18.4;17.9
2024-04-12 02:08:16;22.6;50.1;65.5;63.6;77.1;82.9;18.5 °C;20;19.4;19;18.4;18
2024-04-12 02:18:16;22.6;50.1;65.5;63.6;77.2;82.9;18.4 °C;19.9;19.4;19;18.4;18
2024-04-12 02:28:13;22.6;50.1;65.5;63.6;77.2;82.9;18.4 °C;19.9;19.4;19;18.4;18
2024-04-12 02:38:15;22.6;50.1;65.5;63.6;77.1;82.9;18.4 °C;19.9;19.4;19;18.4;18
2024-04-12 02:48:14;22.6;50.1;65.5;63.6;77.1;82.9;18.3 °C;19.9;19.4;19;18.4;18
2024-04-12 02:58:16;22.6;50.1;65.5;63.6;77.2;82.9;18.3 °C;19.9;19.4;19;18.4;18
2024-04-12 03:08:16;22.6;50.1;65.5;63.6;77.1;82.9;18.3 °C;19.8;19.4;19;18.4;18
2024-04-12 03:18:12;22.6;50.1;65.5;63.6;77.2;82.9;18.2 °C;19.8;19.4;19;18.4;18
2024-04-12 03:28:12;22.7;50.0;65.4;63.6;77.2;82.9;18.1 °C;19.8;19.4;19;18.4;18
2024-04-12 03:38:13;22.7;50.0;65.4;63.6;77.1;82.9;18.1 °C;19.8;19.4;19;18.4;18
2024-04-12 03:48:11;22.7;50.0;65.5;63.6;77.1;82.9;18.1 °C;19.8;19.4;19;18.4;18
2024-04-12 03:58:10;22.7;50.0;65.4;63.6;77.2;82.9;18.1 °C;19.7;19.4;19;18.4;18
2024-04-12 04:08:13;22.7;50.0;65.4;63.6;77.2;82.9;18 °C;19.7;19.4;19;18.4;18
2024-04-12 04:18:14;22.7;50.0;65.4;63.6;77.2;82.9;17.9 °C;19.6;19.4;19;18.4;18
2024-04-12 04:28:13;22.7;50.0;65.4;63.6;77.2;82.9;17.9 °C;19.6;19.4;19;18.4;18
2024-04-12 04:38:15;22.7;50;65.4;63.6;77.2;82.9;17.9 °C;19.6;19.3;19;18.4;18
2024-04-12 04:48:10;22.7;50.0;65.4;63.6;77.1;82.9;17.8 °C;19.6;19.3;19;18.4;18
2024-04-12 04:58:17;22.7;50;65.4;63.6;77.2;82.9;17.8 °C;19.6;19.3;19;18.4;18
2024-04-12 05:08:14;22.8;50.0;65.4;63.6;77.2;82.9;17.7 °C;19.5;19.3;19;18.4;18
2024-04-12 05:18:17;22.7;50.0;65.4;63.6;77.1;82.9;17.7 °C;19.5;19.3;19;18.4;18
2024-04-12 05:28:15;22.7;50.0;65.4;63.6;77.2;82.9;17.6 °C;19.4;19.3;19;18.4;18
2024-04-12 05:38:14;22.8;50.0;65.4;63.6;77.2;82.9;17.6 °C;19.4;19.3;19;18.4;18
2024-04-12 05:48:16;22.8;50.0;65.4;63.6;77.2;82.9;17.5 °C;19.4;19.3;19;18.5;18
2024-04-12 05:58:12;22.8;50.0;65.4;63.6;77.2;82.9;17.5 °C;19.4;19.3;19;18.5;18
2024-04-12 06:08:13;22.8;49.9;65.4;63.6;77.2;82.9;17.4 °C;19.4;19.3;18.9;18.5;18
2024-04-12 06:18:10;22.8;50.0;65.4;63.6;77.2;82.9;17.4 °C;19.3;19.3;18.9;18.5;18
2024-04-12 06:28:17;22.8;50.0;65.4;63.6;77.2;82.9;17.4 °C;19.3;19.3;18.9;18.5;18
2024-04-12 06:38:15;22.8;49.9;65.4;63.6;77.2;83.0;17.3 °C;19.3;19.2;18.9;18.5;18
2024-04-12 06:48:10;22.8;49.9;65.4;63.6;77.2;82.9;17.3 °C;19.3;19.2;18.9;18.5;18
2024-04-12 06:58:13;22.8;49.9;65.3;63.6;77.2;82.9;17.3 °C;19.3;19.2;18.9;18.5;18
2024-04-12 07:08:10;22.8;49.9;65.3;63.6;77.2;82.9;17.3 °C;19.2;19.2;18.9;18.5;18
2024-04-12 07:18:17;22.8;49.9;65.3;63.6;77.2;82.9;17.3 °C;19.2;19.1;18.9;18.5;18
2024-04-12 07:28:15;22.8;49.9;65.3;63.6;77.1;82.9;17.4 °C;19.1;19.1;18.9;18.5;18
2024-04-12 07:38:11;22.9;49.9;65.3;63.6;77.1;82.9;17.4 °C;19.1;19.1;18.9;18.5;18
2024-04-12 07:48:10;22.8;49.9;65.3;63.6;77.1;82.9;17.4 °C;19.1;19.1;18.9;18.5;18
2024-04-12 07:58:17;22.8;49.9;65.3;63.6;77.2;82.9;17.4 °C;19.1;19.1;18.9;18.5;18
2024-04-12 08:08:11;22.8;49.9;65.3;63.6;77.1;82.9;17.4 °C;19.1;19.1;18.9;18.5;18
2024-04-12 08:18:11;22.8;49.9;65.3;63.5;77.1;82.9;17.5 °C;19.1;19.1;18.9;18.5;18
2024-04-12 08:28:10;22.8;49.9;65.3;63.5;77.1;82.9;17.6 °C;19;19.1;18.9;18.5;18
2024-04-12 08:38:17;22.8;49.9;65.3;63.5;77.1;82.9;17.6 °C;19;19.1;18.9;18.5;18
2024-04-12 08:48:15;22.8;49.9;65.3;63.5;77.2;82.9;17.7 °C;19;19;18.9;18.5;18
2024-04-12 08:58:11;22.8;49.9;65.2;63.5;77.1;82.9;17.8 °C;18.9;19;18.9;18.5;18
2024-04-12 09:08:11;22.8;49.9;65.2;63.5;77.1;82.9;17.9 °C;18.9;19;18.9;18.5;18
2024-04-12 09:18:14;22.8;49.9;65.2;63.5;77.1;82.9;18.1 °C;18.9;19;18.9;18.5;18
2024-04-12 09:28:17;22.7;49.8;65.2;63.5;77.1;82.9;18.3 °C;18.9;19;18.9;18.5;18
2024-04-12 09:38:14;22.7;49.8;65.3;63.5;77.1;82.9;18.4 °C;18.9;18.9;18.9;18.5;18
2024-04-12 09:48:09;22.7;49.8;65.2;63.5;77.1;82.9;18.6 °C;18.9;18.9;18.9;18.4;18
2024-04-12 09:58:16;22.7;49.8;65.2;63.5;77.1;82.9;18.8 °C;18.9;18.9;18.9;18.5;18
2024-04-12 10:08:12;22.7;49.8;65.2;63.5;77.1;82.9;18.9 °C;18.9;18.9;18.9;18.4;18.1
2024-04-12 10:18:13;22.7;49.8;65.2;63.5;77.1;82.9;19.2 °C;18.9;18.9;18.9;18.5;18
2024-04-12 10:28:15;22.7;49.8;65.2;63.5;77.1;82.9;19.4 °C;18.9;18.9;18.9;18.4;18.1
2024-04-12 10:38:14;22.7;49.8;65.2;63.5;77.1;82.9;19.6 °C;18.9;18.9;18.8;18.4;18.1
2024-04-12 10:48:13;22.6;49.8;65.2;63.5;77.1;82.9;19.8 °C;18.9;18.9;18.8;18.4;18.1
2024-04-12 10:58:14;22.6;49.8;65.2;63.5;77.1;82.9;19.9 °C;18.9;18.9;18.8;18.4;18.1
2024-04-12 11:08:13;22.6;49.8;65.2;63.5;77.1;82.9;20.1 °C;18.9;18.9;18.8;18.4;18.1
2024-04-12 11:18:15;22.6;49.8;65.2;63.5;77.1;82.9;20.3 °C;18.9;18.9;18.8;18.4;18.1
2024-04-12 11:28:15;22.6;49.8;65.1;63.5;77.1;82.9;20.4 °C;18.9;18.8;18.8;18.4;18.1
2024-04-12 11:38:11;22.6;49.8;65.1;63.5;77.1;82.9;20.6 °C;18.9;18.8;18.8;18.4;18.1
2024-04-12 11:48:12;22.5;49.8;65.1;63.5;77.1;82.9;20.7 °C;19;18.8;18.8;18.4;18.1
2024-04-12 11:58:12;22.5;49.8;65.1;63.5;77.1;82.9;20.8 °C;19;18.8;18.8;18.4;18.1
2024-04-12 12:08:09;22.5;49.8;65.1;63.5;77.1;82.9;20.8 °C;19.1;18.8;18.8;18.4;18.1
2024-04-12 12:18:11;22.5;49.8;65.1;63.5;77.1;82.9;20.9 °C;19.1;18.8;18.8;18.4;18.1
2024-04-12 12:28:15;22.5;49.8;65.1;63.5;77.1;82.9;20.9 °C;19.1;18.8;18.8;18.4;18.1
2024-04-12 12:38:16;22.5;49.8;65.1;63.5;77.1;82.9;21.1 °C;19.1;18.8;18.8;18.4;18.1
2024-04-12 12:48:17;22.5;49.8;65.1;63.4;77.1;82.9;21.2 °C;19.2;18.8;18.8;18.4;18.1
2024-04-12 12:58:14;22.5;49.8;65.1;63.4;77.1;82.9;21.4 °C;19.2;18.8;18.8;18.4;18.1
2024-04-12 13:08:14;22.5;49.8;65.1;63.4;77.1;82.9;21.7 °C;19.3;18.8;18.8;18.4;18.1
2024-04-12 13:18:16;22.4;49.8;65.1;63.4;77.1;82.9;22 °C;19.3;18.8;18.8;18.4;18.1
2024-04-12 13:28:10;22.4;49.8;65.1;63.4;77.1;82.9;22.4 °C;19.3;18.8;18.8;18.4;18.1
2024-04-12 13:38:17;22.4;49.8;65.1;63.4;77.1;82.9;22.7 °C;19.4;18.8;18.8;18.4;18.1
2024-04-12 13:48:10;22.4;49.8;65.1;63.4;77.1;82.9;22.9 °C;19.4;18.8;18.8;18.4;18.1
2024-04-12 13:58:13;22.4;49.8;65.1;63.4;77.1;82.9;23.3 °C;19.4;18.8;18.8;18.4;18.1
2024-04-12 14:08:12;22.4;49.8;65.1;63.4;77.1;82.9;23.5 °C;19.5;18.8;18.8;18.4;18.1
2024-04-12 14:18:12;22.4;49.9;65.1;63.4;77.1;82.9;23.8 °C;19.6;18.8;18.7;18.4;18.1
2024-04-12 14:28:13;22.4;49.9;65.1;63.4;77.1;82.9;23.9 °C;19.6;18.8;18.7;18.4;18.1
2024-04-12 14:38:16;22.4;49.9;65.1;63.4;77.1;82.9;24.1 °C;19.7;18.8;18.7;18.4;18.1
2024-04-12 14:48:17;22.4;49.9;65.1;63.4;77.1;82.9;24.4 °C;19.8;18.8;18.7;18.4;18.1
2024-04-12 14:58:15;22.4;49.9;65.1;63.4;77.0;82.9;24.6 °C;19.8;18.9;18.7;18.4;18.1
2024-04-12 15:08:14;22.4;49.9;65.1;63.4;77.0;82.9;24.8 °C;19.9;18.9;18.7;18.4;18.1
2024-04-12 15:18:13;22.4;49.9;65.1;63.4;77.1;82.9;24.9 °C;20;18.9;18.7;18.4;18.1
2024-04-12 15:28:16;22.4;49.9;65.1;63.4;77.0;82.9;25.1 °C;20.1;18.9;18.7;18.4;18.1
2024-04-12 15:38:13;22.4;49.9;65.1;63.4;77.1;82.9;25.2 °C;20.1;18.9;18.7;18.4;18
2024-04-12 15:48:10;22.4;50.0;65.1;63.4;77.0;82.9;25.3 °C;20.3;18.9;18.7;18.4;18.1
2024-04-12 15:58:14;22.4;50.0;65.1;63.4;77.0;82.9;25.4 °C;20.3;18.9;18.7;18.4;18
2024-04-12 16:08:13;22.4;50.0;65.1;63.4;77.1;82.9;25.6 °C;20.4;18.9;18.7;18.4;18
2024-04-12 16:18:11;22.3;50.0;65.1;63.4;77.0;82.9;25.6 °C;20.5;19;18.7;18.4;18
2024-04-12 16:28:15;22.3;50.0;65.1;63.4;77.0;82.9;25.7 °C;20.6;19;18.7;18.4;18
2024-04-12 16:38:12;22.4;50.0;65.1;63.4;77.1;82.9;25.8 °C;20.6;19.1;18.7;18.4;18
2024-04-12 16:48:13;22.4;50.1;65.1;63.4;77.1;82.9;25.8 °C;20.8;19.1;18.7;18.4;18
2024-04-12 16:58:15;22.4;50.1;65.1;63.4;77.1;82.9;25.8 °C;20.8;19.1;18.7;18.4;18
2024-04-12 17:08:15;22.4;50.1;65.1;63.4;77.1;82.9;25.8 °C;20.9;19.1;18.7;18.4;18
2024-04-12 17:18:10;22.4;50.2;65.2;63.4;77.0;82.9;25.8 °C;20.9;19.1;18.7;18.4;18
2024-04-12 17:28:09;22.4;50.2;65.1;63.3;77.0;82.9;25.7 °C;21.1;19.2;18.8;18.4;18
2024-04-12 17:38:16;22.4;50.2;65.1;63.4;77.0;82.9;25.6 °C;21.1;19.2;18.8;18.4;18
2024-04-12 17:48:09;22.4;50.2;65.2;63.4;77.0;82.9;25.6 °C;21.2;19.3;18.8;18.4;18
2024-04-12 17:58:12;22.4;50.2;65.2;63.4;77.1;82.9;25.5 °C;21.3;19.3;18.8;18.4;18
2024-04-12 18:08:16;22.4;50.2;65.2;63.4;77.0;82.9;25.4 °C;21.3;19.3;18.8;18.4;18
2024-04-12 18:18:09;22.4;50.2;65.2;63.4;77.1;82.9;25.3 °C;21.4;19.3;18.8;18.4;18
2024-04-12 18:28:12;22.4;50.3;65.2;63.4;77.0;82.9;25.1 °C;21.4;19.4;18.8;18.4;18
2024-04-12 18:38:13;22.4;50.3;65.2;63.4;77.0;82.9;24.9 °C;21.5;19.4;18.8;18.4;18
2024-04-12 18:48:15;22.4;50.3;65.2;63.4;77.1;82.9;24.8 °C;21.5;19.4;18.8;18.4;18
2024-04-12 18:58:16;22.4;50.3;65.2;63.4;77.0;82.9;24.6 °C;21.6;19.4;18.8;18.4;18
2024-04-12 19:08:16;22.4;50.3;65.2;63.4;77.1;82.9;24.4 °C;21.6;19.5;18.8;18.4;18
2024-04-12 19:18:10;22.4;50.3;65.2;63.4;77.0;82.9;24.2 °C;21.6;19.6;18.8;18.4;18
2024-04-12 19:28:13;22.4;50.3;65.2;63.4;77.1;82.9;24 °C;21.7;19.6;18.8;18.4;18
2024-04-12 19:38:15;22.4;50.3;65.3;63.4;77.1;82.9;23.8 °C;21.7;19.6;18.8;18.4;18
2024-04-12 19:48:11;22.4;50.3;65.3;63.4;77.0;82.9;23.6 °C;21.8;19.6;18.9;18.4;18
2024-04-12 19:58:15;22.4;50.4;65.3;63.4;77.0;82.9;23.4 °C;21.8;19.7;18.9;18.4;18
2024-04-12 20:08:11;22.3;50.4;65.3;63.4;77.0;82.9;23.3 °C;21.8;19.7;18.9;18.4;18
2024-04-12 20:18:11;22.3;50.4;65.3;63.4;77.1;82.9;23.1 °C;21.8;19.8;18.9;18.4;18
2024-04-12 20:28:15;22.3;50.4;65.3;63.4;77.1;82.9;22.9 °C;21.8;19.8;18.9;18.4;18
2024-04-12 20:38:11;22.4;50.4;65.3;63.4;77.1;82.9;22.8 °C;21.8;19.8;18.9;18.4;18
2024-04-12 20:48:15;22.3;50.4;65.3;63.4;77.1;82.9;22.6 °C;21.8;19.8;18.9;18.4;18
2024-04-12 20:58:16;22.3;50.4;65.3;63.4;77.0;82.9;22.5 °C;21.8;19.8;18.9;18.4;18
2024-04-12 21:08:13;22.3;50.4;65.4;63.4;77.0;82.9;22.4 °C;21.8;19.9;18.9;18.4;18
2024-04-12 21:18:15;22.3;50.4;65.4;63.5;77.0;82.9;22.3 °C;21.8;19.9;18.9;18.4;18
2024-04-12 21:28:14;22.4;50.4;65.4;63.4;77.0;82.9;22.1 °C;21.8;19.9;19;18.4;18
2024-04-12 21:38:14;22.3;50.3;65.3;63.4;77.1;82.9;21.9 °C;21.8;19.9;19;18.4;18
2024-04-12 21:48:09;22.3;50.3;65.4;63.4;77.1;82.9;21.8 °C;21.7;19.9;19;18.4;18
2024-04-12 21:58:16;22.3;50.3;65.4;63.5;77.0;82.9;21.7 °C;21.7;19.9;19;18.4;18
2024-04-12 22:08:09;22.3;50.3;65.4;63.5;77.1;82.9;21.6 °C;21.7;20;19.1;18.4;18
2024-04-12 22:18:15;22.3;50.3;65.4;63.5;77.1;82.9;21.4 °C;21.6;20;19.1;18.4;18
2024-04-12 22:28:15;22.3;50.3;65.4;63.5;77.1;82.9;21.3 °C;21.6;20;19.1;18.4;18
2024-04-12 22:38:11;22.4;50.3;65.4;63.5;77.0;82.9;21.3 °C;21.6;20;19.1;18.4;18
2024-04-12 22:48:16;22.4;50.3;65.4;63.5;77.1;82.9;21.2 °C;21.6;20.1;19.1;18.4;18
2024-04-12 22:58:09;22.4;50.3;65.4;63.5;77.1;82.9;21.1 °C;21.6;20.1;19.1;18.4;18
2024-04-12 23:08:16;22.4;50.3;65.4;63.5;77.1;82.9;21 °C;21.5;20.1;19.1;18.4;18.1
2024-04-12 23:18:14;22.4;50.3;65.5;63.5;77.1;82.9;20.9 °C;21.5;20.1;19.1;18.5;18
2024-04-12 23:28:13;22.4;50.3;65.5;63.5;77.1;82.9;20.8 °C;21.4;20.1;19.1;18.5;18
2024-04-12 23:38:11;22.4;50.3;65.4;63.5;77.1;82.9;20.7 °C;21.4;20.1;19.1;18.5;18.1
2024-04-12 23:48:11;22.4;50.3;65.5;63.5;77.1;82.9;20.6 °C;21.4;20.1;19.2;18.5;18.1
2024-04-12 23:58:12;22.4;50.2;65.4;63.5;77.1;82.9;20.5 °C;21.4;20.1;19.2;18.5;18.1
2024-04-13 00:08:09;22.4;50.2;65.4;63.5;77.1;82.9;20.4 °C;21.4;20.1;19.2;18.5;18.1
2024-04-13 00:18:12;22.4;50.3;65.4;63.5;77.1;82.9;20.3 °C;21.3;20.1;19.2;18.5;18.1
2024-04-13 00:28:14;22.4;50.2;65.4;63.5;77.1;82.9;20.3 °C;21.3;20.1;19.2;18.5;18.1
2024-04-13 00:38:09;22.4;50.3;65.4;63.5;77.1;82.9;20.1 °C;21.3;20.1;19.3;18.5;18.1
2024-04-13 00:48:12;22.4;50.3;65.4;63.5;77.1;82.9;20.1 °C;21.3;20.1;19.3;18.5;18.1
2024-04-13 00:58:13;22.4;50.2;65.4;63.5;77.1;82.9;20 °C;21.2;20.1;19.3;18.5;18.1
2024-04-13 01:08:16;22.4;50.2;65.4;63.5;77.1;82.9;19.9 °C;21.2;20.1;19.3;18.6;18.1
2024-04-13 01:18:13;22.5;50.2;65.4;63.5;77.1;82.9;19.9 °C;21.1;20.1;19.3;18.6;18.1
2024-04-13 01:28:11;22.5;50.2;65.4;63.6;77.1;82.9;19.8 °C;21.1;20.1;19.3;18.6;18.1
2024-04-13 01:38:12;22.5;50.2;65.4;63.6;77.1;82.9;19.7 °C;21.1;20.1;19.3;18.6;18.1
2024-04-13 01:48:10;22.5;50.2;65.4;63.6;77.1;82.9;19.6 °C;21;20.1;19.3;18.6;18.1
2024-04-13 01:58:13;22.5;50.2;65.4;63.6;77.1;82.9;19.6 °C;21;20.1;19.3;18.6;18.1
2024-04-13 02:08:11;22.5;50.2;65.4;63.6;77.1;82.9;19.5 °C;20.9;20.1;19.3;18.6;18.1
2024-04-13 02:18:15;22.5;50.2;65.4;63.6;77.1;82.9;19.4 °C;20.9;20.1;19.3;18.6;18.1
2024-04-13 02:28:12;22.5;50.1;65.4;63.6;77.1;82.9;19.4 °C;20.9;20.1;19.3;18.6;18.1
2024-04-13 02:38:14;22.6;50.1;65.4;63.6;77.1;82.9;19.3 °C;20.9;20.1;19.3;18.6;18.1
2024-04-13 02:48:14;22.6;50.1;65.4;63.6;77.1;82.9;19.3 °C;20.8;20.1;19.3;18.6;18.1
2024-04-13 02:58:11;22.6;50.1;65.4;63.6;77.1;82.9;19.2 °C;20.8;20.1;19.3;18.6;18.1
2024-04-13 03:08:11;22.6;50.1;65.4;63.6;77.1;82.9;19.1 °C;20.8;20.1;19.3;18.6;18.1
2024-04-13 03:18:11;22.6;50.1;65.4;63.6;77.1;82.9;19.1 °C;20.7;20.1;19.4;18.6;18.1
2024-04-13 03:28:12;22.6;50.1;65.4;63.6;77.1;82.9;19 °C;20.7;20.1;19.4;18.6;18.1
2024-04-13 03:38:14;22.6;50.1;65.4;63.6;77.1;82.9;19 °C;20.6;20.1;19.4;18.6;18.1
2024-04-13 03:48:09;22.6;50.0;65.4;63.6;77.1;82.9;18.9 °C;20.6;20;19.4;18.6;18.1
2024-04-13 03:58:09;22.6;50.0;65.4;63.6;77.1;82.9;18.9 °C;20.6;20;19.4;18.6;18.1
2024-04-13 04:08:11;22.6;50.0;65.4;63.6;77.1;82.9;18.8 °C;20.6;20;19.4;18.6;18.1
2024-04-13 04:18:12;22.6;50.0;65.4;63.6;77.1;82.9;18.8 °C;20.5;20;19.4;18.6;18.1
2024-04-13 04:28:13;22.6;50.0;65.4;63.6;77.1;82.9;18.7 °C;20.5;20;19.4;18.7;18.1
2024-04-13 04:38:12;22.6;50.0;65.4;63.6;77.1;82.9;18.6 °C;20.4;20;19.4;18.7;18.1
2024-04-13 04:48:13;22.6;50.0;65.3;63.6;77.1;82.9;18.6 °C;20.4;20;19.4;18.7;18.1
2024-04-13 04:58:12;22.7;50.0;65.3;63.6;77.1;82.9;18.5 °C;20.4;19.9;19.4;18.7;18.1
2024-04-13 05:08:10;22.7;50.0;65.3;63.6;77.1;82.9;18.5 °C;20.4;19.9;19.4;18.7;18.1
2024-04-13 05:18:09;22.7;50.0;65.3;63.6;77.1;82.9;18.4 °C;20.3;19.9;19.4;18.7;18.1
2024-04-13 05:28:15;22.7;50.0;65.3;63.6;77.1;82.9;18.4 °C;20.3;19.9;19.4;18.7;18.1
2024-04-13 05:38:13;22.7;50.0;65.3;63.6;77.1;82.9;18.3 °C;20.3;19.9;19.4;18.7;18.1
2024-04-13 05:48:11;22.7;50.0;65.3;63.6;77.1;82.9;18.3 °C;20.3;19.9;19.4;18.7;18.1
2024-04-13 05:58:16;22.7;50.0;65.3;63.6;77.1;82.9;18.3 °C;20.2;19.9;19.4;18.7;18.1
2024-04-13 06:08:09;22.7;50.0;65.3;63.6;77.1;82.9;18.2 °C;20.2;19.9;19.4;18.7;18.1
2024-04-13 06:18:16;22.7;49.9;65.3;63.6;77.1;82.9;18.1 °C;20.1;19.9;19.4;18.7;18.1
2024-04-13 06:28:13;22.8;49.9;65.3;63.6;77.1;82.9;18.1 °C;20.1;19.8;19.4;18.7;18.2
2024-04-13 06:38:16;22.8;49.9;65.3;63.6;77.1;82.9;18.1 °C;20.1;19.8;19.4;18.7;18.2
2024-04-13 06:48:14;22.8;50.0;65.3;63.6;77.1;82.9;18.1 °C;20;19.8;19.4;18.7;18.2
2024-04-13 06:58:13;22.7;49.9;65.3;63.6;77.1;82.9;18 °C;20;19.8;19.4;18.8;18.2
2024-04-13 07:08:16;22.8;49.9;65.3;63.6;77.1;82.9;18 °C;20;19.8;19.4;18.8;18.2
2024-04-13 07:18:09;22.8;49.9;65.3;63.6;77.1;82.9;17.9 °C;19.9;19.8;19.4;18.8;18.2
2024-04-13 07:28:13;22.8;49.9;65.3;63.6;77.1;82.9;17.9 °C;19.9;19.8;19.4;18.8;18.2
2024-04-13 07:38:15;22.8;49.9;65.3;63.6;77.1;82.9;17.9 °C;19.9;19.8;19.4;18.8;18.2
2024-04-13 07:48:09;22.8;49.9;65.2;63.6;77.1;82.9;18 °C;19.9;19.8;19.4;18.8;18.2
2024-04-13 07:58:11;22.8;49.9;65.2;63.6;77.1;82.9;18 °C;19.8;19.7;19.4;18.8;18.2
2024-04-13 08:08:09;22.8;49.9;65.2;63.6;77.1;82.9;18 °C;19.8;19.7;19.4;18.8;18.2
2024-04-13 08:18:15;22.8;49.9;65.2;63.6;77.1;82.9;18.1 °C;19.8;19.7;19.4;18.8;18.2
2024-04-13 08:28:13;22.8;49.9;65.2;63.6;77.1;82.9;18.1 °C;19.8;19.7;19.4;18.8;18.2
2024-04-13 08:38:12;22.8;49.9;65.2;63.6;77.1;82.9;18.2 °C;19.7;19.6;19.3;18.8;18.2
2024-04-13 08:48:14;22.7;49.9;65.2;63.6;77.1;82.9;18.3 °C;19.7;19.6;19.3;18.8;18.2
2024-04-13 08:58:13;22.8;49.9;65.2;63.6;77.1;82.9;18.4 °C;19.7;19.6;19.3;18.8;18.2
2024-04-13 09:08:16;22.8;49.8;65.2;63.6;77.1;82.9;18.5 °C;19.6;19.6;19.3;18.8;18.2
2024-04-13 09:18:14;22.7;49.9;65.2;63.6;77.1;82.9;18.7 °C;19.6;19.6;19.3;18.8;18.2
2024-04-13 09:28:14;22.7;49.8;65.2;63.6;77.1;82.9;18.8 °C;19.6;19.6;19.3;18.8;18.2
2024-04-13 09:38:14;22.7;49.8;65.2;63.6;77.1;82.9;18.9 °C;19.6;19.6;19.3;18.8;18.2
2024-04-13 09:48:14;22.7;49.8;65.1;63.5;77.1;82.9;19.2 °C;19.6;19.6;19.3;18.8;18.2
2024-04-13 09:58:14;22.7;49.8;65.1;63.6;77.1;82.9;19.4 °C;19.6;19.6;19.3;18.8;18.2
2024-04-13 10:08:13;22.7;49.8;65.1;63.6;77.1;82.9;19.6 °C;19.6;19.5;19.3;18.8;18.3
2024-04-13 10:18:12;22.7;49.8;65.1;63.6;77.1;82.9;19.8 °C;19.6;19.5;19.3;18.8;18.3
2024-04-13 10:28:15;22.6;49.8;65.1;63.5;77.1;82.9;20 °C;19.5;19.5;19.3;18.8;18.3
2024-04-13 10:38:12;22.6;49.8;65.1;63.5;77.1;82.9;20.2 °C;19.5;19.5;19.3;18.8;18.3
2024-04-13 10:48:09;22.6;49.8;65.1;63.5;77.1;82.9;20.4 °C;19.6;19.4;19.3;18.8;18.3
2024-04-13 10:58:13;22.6;49.8;65.1;63.5;77.1;82.9;20.6 °C;19.6;19.4;19.3;18.8;18.3
2024-04-13 11:08:16;22.5;49.8;65.1;63.5;77.1;82.9;20.8 °C;19.6;19.4;19.3;18.8;18.3
2024-04-13 11:18:14;22.6;49.8;65.1;63.5;77.1;82.9;21 °C;19.6;19.4;19.3;18.8;18.3
2024-04-13 11:28:10;22.5;49.8;65.0;63.5;77.1;82.9;21.2 °C;19.6;19.4;19.3;18.8;18.3
2024-04-13 11:38:14;22.5;49.8;65.0;63.5;77.1;82.9;21.4 °C;19.6;19.4;19.3;18.8;18.3
2024-04-13 11:48:14;22.5;49.8;65.0;63.5;77.1;82.9;21.5 °C;19.6;19.4;19.3;18.8;18.3
2024-04-13 11:58:14;22.5;49.8;65.0;63.5;77.1;82.9;21.6 °C;19.7;19.4;19.3;18.8;18.3
2024-04-13 12:08:10;22.5;49.8;65.0;63.5;77.1;82.9;21.7 °C;19.7;19.4;19.3;18.8;18.3
2024-04-13 12:18:13;22.5;49.8;65.0;63.5;77.1;82.9;21.8 °C;19.7;19.4;19.3;18.8;18.3
2024-04-13 12:28:12;22.4;49.8;65.0;63.5;77.1;82.9;21.8 °C;19.8;19.4;19.2;18.8;18.3
2024-04-13 12:38:15;22.4;49.8;65.0;63.5;77.1;82.9;21.9 °C;19.8;19.4;19.2;18.8;18.3
2024-04-13 12:48:16;22.4;49.8;65.0;63.5;77.1;82.9;22 °C;19.8;19.4;19.2;18.8;18.3
2024-04-13 12:58:10;22.4;49.8;65.0;63.5;77.1;82.9;22.3 °C;19.9;19.4;19.2;18.8;18.3
2024-04-13 13:08:14;22.4;49.8;65.0;63.5;77.1;82.9;22.5 °C;19.9;19.4;19.2;18.8;18.3
2024-04-13 13:18:14;22.4;49.8;65.0;63.5;77.1;82.9;22.9 °C;19.9;19.4;19.2;18.8;18.3
2024-04-13 13:28:13;22.5;49.9;65.0;63.5;77.1;82.9;23.2 °C;20;19.4;19.2;18.8;18.3
2024-04-13 13:38:09;22.5;49.9;65.0;63.4;77.1;82.9;23.5 °C;20;19.4;19.2;18.8;18.3
2024-04-13 13:48:16;22.8;49.9;64.9;63.5;77.1;82.9;23.8 °C;20.1;19.4;19.2;18.8;18.3
2024-04-13 13:58:10;22.8;49.9;65.0;63.5;77.1;82.9;24.1 °C;20.1;19.4;19.2;18.8;18.3
2024-04-13 14:08:13;22.9;49.9;64.9;63.5;77.1;82.9;24.3 °C;20.2;19.4;19.2;18.8;18.3
2024-04-13 14:18:09;22.9;49.9;64.9;63.5;77.1;82.9;24.6 °C;20.3;19.4;19.2;18.8;18.3
2024-04-13 14:28:12;22.8;49.9;65.0;63.5;77.1;82.9;24.8 °C;20.3;19.4;19.1;18.8;18.3
2024-04-13 14:38:11;22.8;49.9;65.0;63.5;77.1;82.9;25.1 °C;20.4;19.4;19.1;18.8;18.3
2024-04-13 14:48:12;22.8;49.9;64.9;63.5;77.0;82.9;25.3 °C;20.4;19.4;19.1;18.8;18.3
2024-04-13 14:58:13;22.9;50.0;64.9;63.5;77.0;82.9;25.5 °C;20.5;19.4;19.1;18.8;18.3
2024-04-13 15:08:13;22.8;50.0;64.9;63.5;77.0;82.9;25.7 °C;20.6;19.4;19.1;18.8;18.3
2024-04-13 15:18:08;22.8;50.0;64.9;63.5;77.0;82.9;25.9 °C;20.7;19.4;19.1;18.8;18.3
2024-04-13 15:28:10;22.8;50.0;64.9;63.4;77.0;82.9;26.1 °C;20.8;19.4;19.1;18.8;18.3
2024-04-13 15:38:11;22.8;50.0;65.0;63.4;77.0;82.9;26.3 °C;20.8;19.4;19.1;18.8;18.3
2024-04-13 15:48:12;22.8;50.0;65.0;63.4;77.0;82.9;26.4 °C;20.9;19.5;19.1;18.8;18.3
2024-04-13 15:58:14;22.8;50.0;64.9;63.4;77.0;82.9;26.4 °C;21;19.5;19.1;18.8;18.3
2024-04-13 16:08:10;22.8;50.0;65.0;63.4;77.0;82.9;26.5 °C;21.1;19.5;19.1;18.7;18.3
2024-04-13 16:18:09;22.8;50.0;64.9;63.4;77.1;82.9;26.6 °C;21.2;19.6;19.1;18.7;18.3
2024-04-13 16:28:09;22.8;50.1;64.9;63.4;77.0;82.9;26.6 °C;21.3;19.6;19.1;18.7;18.3
2024-04-13 16:38:12;22.8;50.1;64.9;63.4;77.1;82.9;26.7 °C;21.3;19.6;19.1;18.7;18.3
2024-04-13 16:48:10;22.8;50.1;64.9;63.4;77.1;82.9;26.7 °C;21.4;19.6;19.1;18.7;18.3
2024-04-13 16:58:15;22.8;50.1;65.0;63.4;77.1;82.9;26.7 °C;21.5;19.6;19.1;18.7;18.3
2024-04-13 17:08:16;22.8;50.2;65.0;63.4;77.1;82.9;26.6 °C;21.6;19.7;19.2;18.7;18.3
2024-04-13 17:18:09;22.8;50.2;65.0;63.4;77.1;82.9;26.6 °C;21.7;19.7;19.2;18.7;18.3
2024-04-13 17:28:09;22.8;50.2;65.0;63.4;77.1;82.9;26.5 °C;21.8;19.8;19.2;18.7;18.3
2024-04-13 17:38:12;22.8;50.2;65;63.4;77.1;82.9;26.4 °C;21.8;19.8;19.2;18.7;18.3
2024-04-13 17:48:15;22.8;50.2;65.0;63.4;77.1;82.9;26.4 °C;21.9;19.8;19.2;18.7;18.3
2024-04-13 17:58:12;22.8;50.2;65.0;63.4;77.0;82.9;26.3 °C;21.9;19.8;19.2;18.7;18.3
2024-04-13 18:08:10;22.8;50.3;65.0;63.4;77.1;82.9;26.2 °C;22;19.9;19.2;18.7;18.3
2024-04-13 18:18:11;22.8;50.3;65.0;63.4;77.0;82.9;26.1 °C;22.1;19.9;19.2;18.7;18.3
2024-04-13 18:28:09;22.8;50.3;65.0;63.4;77.1;82.9;25.9 °C;22.1;19.9;19.2;18.7;18.3
2024-04-13 18:38:12;22.8;50.3;65.0;63.4;77.0;82.9;25.8 °C;22.2;19.9;19.2;18.7;18.3
2024-04-13 18:48:11;22.8;50.3;65.1;63.4;77.0;82.9;25.6 °C;22.3;20;19.3;18.7;18.3
2024-04-13 18:58:15;22.8;50.3;65.1;63.4;77.1;82.9;25.4 °C;22.3;20.1;19.3;18.7;18.3
2024-04-13 19:08:13;22.8;50.3;65.1;63.4;77.0;82.9;25.3 °C;22.3;20.1;19.3;18.7;18.3
2024-04-13 19:18:13;22.8;50.3;65.1;63.4;77.0;82.9;25.1 °C;22.3;20.1;19.3;18.7;18.3
2024-04-13 19:28:08;22.8;50.3;65.1;63.4;77.0;82.9;24.9 °C;22.4;20.1;19.3;18.8;18.3
2024-04-13 19:38:14;22.7;50.3;65.1;63.4;77.0;82.9;24.7 °C;22.4;20.2;19.3;18.8;18.3
2024-04-13 19:48:10;22.7;50.4;65.1;63.4;77.0;82.9;24.5 °C;22.4;20.2;19.3;18.8;18.3
2024-04-13 19:58:11;22.7;50.4;65.2;63.5;77.0;82.9;24.3 °C;22.4;20.3;19.3;18.8;18.3
2024-04-13 20:08:15;22.7;50.4;65.2;63.5;77.0;82.9;24.2 °C;22.4;20.3;19.3;18.8;18.3
2024-04-13 20:18:09;22.8;50.4;65.1;63.5;77.0;82.9;24 °C;22.4;20.3;19.3;18.8;18.3
2024-04-13 20:28:09;22.8;50.4;65.2;63.4;77.0;82.9;23.8 °C;22.4;20.3;19.4;18.8;18.3
2024-04-13 20:38:08;22.8;50.4;65.2;63.4;77.0;82.9;23.6 °C;22.4;20.4;19.4;18.8;18.3
2024-04-13 20:48:14;22.7;50.4;65.2;63.4;77.0;82.9;23.5 °C;22.4;20.4;19.4;18.8;18.3
2024-04-13 20:58:15;22.7;50.4;65.2;63.5;77.0;82.9;23.3 °C;22.4;20.4;19.4;18.8;18.3
2024-04-13 21:08:12;22.7;50.4;65.2;63.5;77.0;82.9;23.2 °C;22.4;20.4;19.4;18.8;18.3
2024-04-13 21:18:10;22.7;50.4;65.2;63.5;77.0;82.9;23.1 °C;22.4;20.4;19.4;18.8;18.3
2024-04-13 21:28:10;22.7;50.4;65.2;63.5;77.0;82.9;22.9 °C;22.4;20.4;19.4;18.8;18.3
2024-04-13 21:38:11;22.7;50.4;65.2;63.5;77.0;82.9;22.8 °C;22.4;20.5;19.4;18.8;18.3
2024-04-13 21:48:08;22.7;50.4;65.3;63.5;77.0;82.9;22.7 °C;22.4;20.5;19.4;18.8;18.3
2024-04-13 21:58:10;22.7;50.4;65.3;63.5;77.0;82.9;22.5 °C;22.4;20.5;19.5;18.8;18.3
2024-04-13 22:08:14;22.7;50.4;65.2;63.5;77.0;82.9;22.4 °C;22.4;20.6;19.5;18.8;18.3
2024-04-13 22:18:14;22.8;50.4;65.2;63.5;77.0;82.9;22.3 °C;22.3;20.6;19.5;18.8;18.3
2024-04-13 22:28:15;22.7;50.4;65.3;63.5;77.0;82.9;22.1 °C;22.3;20.6;19.5;18.8;18.3
2024-04-13 22:38:13;22.7;50.4;65.2;63.5;77.1;82.9;22 °C;22.3;20.6;19.6;18.8;18.3
2024-04-13 22:48:12;22.7;50.4;65.3;63.5;77.0;82.9;21.9 °C;22.3;20.6;19.6;18.8;18.3
2024-04-13 22:58:14;22.7;50.4;65.3;63.5;77.1;82.9;21.8 °C;22.3;20.6;19.6;18.8;18.3
2024-04-13 23:08:10;22.7;50.4;65.3;63.5;77.0;82.9;21.7 °C;22.2;20.6;19.6;18.8;18.3
2024-04-13 23:18:11;22.7;50.4;65.3;63.5;77.0;82.9;21.6 °C;22.2;20.6;19.6;18.8;18.3
2024-04-13 23:28:09;22.7;50.4;65.3;63.5;77.1;82.9;21.4 °C;22.1;20.6;19.6;18.8;18.3
2024-04-13 23:38:12;22.7;50.4;65.3;63.5;77.1;82.9;21.4 °C;22.1;20.7;19.6;18.8;18.3
2024-04-13 23:48:10;22.8;50.4;65.3;63.5;77.1;82.9;21.3 °C;22.1;20.7;19.6;18.9;18.3
2024-04-13 23:58:15;22.8;50.4;65.3;63.6;77.1;82.9;21.2 °C;22.1;20.7;19.6;18.9;18.3
2024-04-14 00:08:12;22.8;50.3;65.3;63.6;77.1;82.9;21.1 °C;22;20.7;19.7;18.9;18.3
2024-04-14 00:18:14;22.8;50.3;65.3;63.6;77.1;82.9;21 °C;22;20.7;19.7;18.9;18.3
2024-04-14 00:28:15;22.8;50.3;65.3;63.6;77.1;82.9;20.9 °C;21.9;20.7;19.7;18.9;18.3
2024-04-14 00:38:09;22.8;50.3;65.3;63.6;77.1;82.9;20.8 °C;21.9;20.7;19.7;18.9;18.3
2024-04-14 00:48:13;22.8;50.3;65.3;63.6;77.1;82.9;20.7 °C;21.9;20.7;19.7;18.9;18.3
2024-04-14 00:58:12;22.8;50.3;65.3;63.6;77.1;82.9;20.6 °C;21.8;20.7;19.7;18.9;18.3
2024-04-14 01:08:15;22.8;50.3;65.3;63.6;77.1;82.9;20.5 °C;21.8;20.7;19.8;18.9;18.3
2024-04-14 01:18:13;22.8;50.3;65.3;63.6;77.1;82.9;20.4 °C;21.8;20.7;19.8;18.9;18.3
2024-04-14 01:28:12;22.8;50.3;65.3;63.6;77.1;82.9;20.3 °C;21.8;20.7;19.8;18.9;18.3
2024-04-14 01:38:12;22.8;50.3;65.3;63.6;77.1;82.9;20.3 °C;21.7;20.7;19.8;18.9;18.3
2024-04-14 01:48:14;22.8;50.2;65.3;63.6;77.1;82.9;20.2 °C;21.7;20.7;19.8;18.9;18.3
2024-04-14 01:58:11;22.8;50.3;65.3;63.6;77.1;82.9;20.1 °C;21.6;20.7;19.8;18.9;18.4
2024-04-14 02:08:08;22.8;50.2;65.3;63.6;77.1;82.9;20.1 °C;21.6;20.7;19.8;18.9;18.4
2024-04-14 02:18:14;22.8;50.2;65.3;63.6;77.1;82.9;20 °C;21.6;20.7;19.8;18.9;18.4
2024-04-14 02:28:11;22.8;50.3;65.3;63.6;77.1;82.9;19.9 °C;21.5;20.6;19.8;18.9;18.4
2024-04-14 02:38:13;22.8;50.2;65.3;63.6;77.1;82.9;19.9 °C;21.4;20.6;19.8;18.9;18.4
2024-04-14 02:48:09;22.9;50.2;65.2;63.6;77.1;82.9;19.8 °C;21.4;20.6;19.8;19;18.4
2024-04-14 02:58:12;22.9;50.2;65.2;63.6;77.1;82.9;19.7 °C;21.4;20.6;19.8;19;18.4
2024-04-14 03:08:11;22.9;50.1;65.2;63.6;77.1;82.9;19.6 °C;21.4;20.6;19.8;19;18.4
2024-04-14 03:18:09;22.9;50.1;65.2;63.6;77.1;82.9;19.5 °C;21.3;20.6;19.8;19;18.4
2024-04-14 03:28:09;22.9;50.2;65.2;63.6;77.1;82.9;19.5 °C;21.3;20.6;19.8;19;18.4
2024-04-14 03:38:12;22.9;50.1;65.2;63.6;77.1;82.9;19.4 °C;21.3;20.6;19.8;19;18.4
2024-04-14 03:48:08;22.9;50.1;65.2;63.6;77.1;82.9;19.4 °C;21.2;20.6;19.8;19;18.4
2024-04-14 03:58:10;22.9;50.1;65.2;63.6;77.1;82.9;19.3 °C;21.2;20.6;19.8;19;18.4
2024-04-14 04:08:12;22.9;50.1;65.2;63.6;77.1;82.9;19.3 °C;21.1;20.6;19.8;19;18.4
2024-04-14 04:18:14;22.9;50.1;65.2;63.6;77.1;82.9;19.2 °C;21.1;20.6;19.8;19;18.4
2024-04-14 04:28:15;22.9;50.1;65.2;63.6;77.1;83.0;19.1 °C;21.1;20.6;19.8;19;18.4
2024-04-14 04:38:13;23.0;50.1;65.2;63.6;77.1;82.9;19.1 °C;21;20.5;19.8;19.1;18.4
2024-04-14 04:48:13;22.9;50.1;65.2;63.6;77.1;83.0;19 °C;21;20.5;19.8;19.1;18.4
2024-04-14 04:58:13;23.0;50.1;65.2;63.6;77.1;82.9;18.9 °C;20.9;20.5;19.9;19.1;18.4
2024-04-14 05:08:12;23.0;50.1;65.2;63.6;77.1;82.9;18.9 °C;20.9;20.5;19.8;19.1;18.4
2024-04-14 05:18:15;23.0;50.1;65.2;63.6;77.1;83.0;18.8 °C;20.9;20.5;19.9;19.1;18.4
2024-04-14 05:38:11;23.0;50.1;65.2;63.6;77.1;82.9;18.7 °C;20.8;20.4;19.9;19.1;18.4
2024-04-14 05:48:13;23.0;50.0;65.1;63.6;77.1;83.0;18.6 °C;20.8;20.4;19.8;19.1;18.4
2024-04-14 05:58:09;23.0;50.0;65.1;63.6;77.1;83.0;18.6 °C;20.8;20.4;19.9;19.1;18.4
2024-04-14 06:08:14;23.0;50.0;65.1;63.6;77.1;83.0;18.5 °C;20.7;20.4;19.8;19.1;18.4
2024-04-14 06:18:10;23.0;50.0;65.1;63.6;77.1;83.0;18.4 °C;20.6;20.4;19.9;19.1;18.4
2024-04-14 06:28:11;23.0;50.0;65.1;63.6;77.1;83.0;18.4 °C;20.6;20.4;19.8;19.1;18.4
2024-04-14 06:38:13;23.1;50.0;65.1;63.6;77.1;83.0;18.3 °C;20.6;20.4;19.8;19.1;18.4
2024-04-14 06:48:13;23.1;50.0;65.1;63.6;77.1;83.0;18.3 °C;20.6;20.3;19.8;19.1;18.4
2024-04-14 06:58:08;23.1;50.0;65.1;63.6;77.1;83.0;18.3 °C;20.5;20.3;19.8;19.1;18.5
2024-04-14 07:08:08;23.1;50.0;65.1;63.6;77.1;83.0;18.2 °C;20.5;20.3;19.8;19.1;18.4
2024-04-14 07:18:15;23.1;49.9;65.1;63.6;77.1;83.0;18.2 °C;20.4;20.3;19.8;19.1;18.5
2024-04-14 07:28:09;23.1;49.9;65.1;63.6;77.1;83.0;18.1 °C;20.4;20.3;19.8;19.1;18.5
2024-04-14 07:38:09;23.1;49.9;65.1;63.6;77.1;83.0;18.1 °C;20.4;20.3;19.8;19.1;18.5
2024-04-14 07:48:08;23.1;49.9;65.1;63.6;77.1;83.0;18.1 °C;20.3;20.3;19.8;19.1;18.5
2024-04-14 07:58:11;23.1;49.9;65.1;63.6;77.1;83.0;18.1 °C;20.3;20.3;19.8;19.1;18.5
2024-04-14 08:08:10;23.1;49.9;65.0;63.6;77.1;83.0;18.2 °C;20.3;20.2;19.8;19.1;18.5
2024-04-14 08:18:11;23.1;49.9;65.0;63.6;77.1;83.0;18.2 °C;20.3;20.2;19.8;19.1;18.5
2024-04-14 08:28:09;23.1;49.9;65.0;63.6;77.1;83.0;18.3 °C;20.2;20.2;19.8;19.1;18.5
2024-04-14 08:38:10;23.1;49.9;65.0;63.6;77.1;83.0;18.3 °C;20.2;20.2;19.8;19.1;18.5
2024-04-14 08:48:14;23.1;49.8;65.0;63.6;77.1;83.0;18.4 °C;20.1;20.1;19.8;19.1;18.5
2024-04-14 08:58:08;23.1;49.8;65.0;63.6;77.1;83.0;18.6 °C;20.1;20.1;19.8;19.1;18.5
2024-04-14 09:08:07;23.1;49.8;65.0;63.6;77.1;83.0;18.7 °C;20.1;20.1;19.8;19.1;18.5
2024-04-14 09:18:09;23.1;49.9;65.0;63.5;77.1;83.0;18.8 °C;20.1;20.1;19.8;19.1;18.5
2024-04-14 09:28:10;23.0;49.8;65.0;63.6;77.1;83.0;19 °C;20.1;20.1;19.8;19.1;18.5
2024-04-14 09:38:15;23.1;49.8;64.9;63.5;77.1;83.0;19.2 °C;20;20.1;19.8;19.1;18.5
2024-04-14 09:48:12;23.1;49.8;65.0;63.5;77.1;83.0;19.4 °C;20;20.1;19.8;19.1;18.5
2024-04-14 09:58:08;23.0;49.8;64.9;63.5;77.1;83.0;19.6 °C;20;20;19.8;19.1;18.5
2024-04-14 10:08:10;23.0;49.8;64.9;63.5;77.1;83.0;19.9 °C;19.9;20;19.8;19.1;18.5
2024-04-14 10:18:08;23.0;49.8;64.9;63.5;77.1;83.0;20.1 °C;19.9;20;19.8;19.1;18.5
2024-04-14 10:28:11;23.0;49.8;64.9;63.5;77.1;82.9;20.4 °C;19.9;19.9;19.8;19.1;18.6
2024-04-14 10:38:09;23.0;49.8;64.9;63.5;77.1;82.9;20.6 °C;19.9;19.9;19.8;19.1;18.6
2024-04-14 10:48:13;22.9;49.8;64.9;63.5;77.1;82.9;20.9 °C;19.9;19.9;19.8;19.1;18.6
2024-04-14 10:58:13;22.9;49.8;64.8;63.5;77.1;82.9;21.1 °C;19.9;19.9;19.7;19.1;18.6
2024-04-14 11:08:10;22.9;49.8;64.9;63.5;77.1;82.9;21.3 °C;19.9;19.9;19.7;19.1;18.6
2024-04-14 11:18:11;22.9;49.8;64.9;63.5;77.1;82.9;21.6 °C;20;19.9;19.7;19.1;18.6
2024-04-14 11:28:14;22.9;49.8;64.8;63.5;77.1;82.9;21.8 °C;20;19.9;19.7;19.1;18.6
2024-04-14 11:38:08;22.9;49.8;64.8;63.5;77.1;82.9;22 °C;20;19.9;19.7;19.1;18.6
2024-04-14 11:48:11;22.9;49.8;64.8;63.5;77.1;82.9;22.1 °C;20.1;19.9;19.7;19.1;18.6
2024-04-14 11:58:09;22.9;49.8;64.8;63.5;77.1;83.0;22.3 °C;20.1;19.8;19.7;19.1;18.6
2024-04-14 12:08:12;22.9;49.8;64.8;63.5;77.1;82.9;22.3 °C;20.1;19.8;19.7;19.1;18.6
2024-04-14 12:18:08;22.8;49.8;64.8;63.5;77.1;82.9;22.3 °C;20.2;19.8;19.7;19.1;18.6
2024-04-14 12:28:07;22.8;49.8;64.8;63.5;77.1;82.9;22.3 °C;20.2;19.8;19.6;19.1;18.6
2024-04-14 12:38:09;22.8;49.8;64.8;63.5;77.1;82.9;22.3 °C;20.3;19.8;19.6;19.1;18.6
2024-04-14 12:48:10;22.8;49.8;64.8;63.5;77.1;82.9;22.4 °C;20.3;19.8;19.6;19.1;18.6
2024-04-14 12:58:12;22.8;49.7;64.8;63.5;77.1;82.9;22.6 °C;20.3;19.8;19.6;19.1;18.6
2024-04-14 13:08:11;22.7;49.8;64.8;63.5;77.1;82.9;22.9 °C;20.4;19.8;19.6;19.1;18.6
2024-04-14 13:18:13;22.7;49.8;64.7;63.5;77.1;82.9;23.2 °C;20.4;19.8;19.6;19.1;18.6
2024-04-14 13:28:09;22.7;49.8;64.8;63.5;77.1;82.9;23.6 °C;20.4;19.8;19.6;19.1;18.6
2024-04-14 13:38:13;22.7;49.8;64.8;63.5;77.1;82.9;23.9 °C;20.5;19.8;19.6;19.1;18.6
2024-04-14 13:48:08;22.7;49.8;64.8;63.5;77.1;82.9;24.3 °C;20.5;19.8;19.6;19.1;18.6
2024-04-14 13:58:12;22.8;49.8;64.7;63.4;77.1;82.9;24.6 °C;20.6;19.8;19.6;19.1;18.6
2024-04-14 14:08:07;23.0;49.8;64.7;63.4;77.1;82.9;24.9 °C;20.6;19.8;19.6;19.1;18.6
2024-04-14 14:18:13;23.0;49.8;64.7;63.4;77.1;82.9;25.2 °C;20.7;19.8;19.6;19.1;18.6
2024-04-14 14:28:14;23.0;49.8;64.7;63.4;77.1;82.9;25.5 °C;20.8;19.8;19.6;19.1;18.6
2024-04-14 14:38:07;22.9;49.8;64.7;63.4;77.1;82.9;25.8 °C;20.8;19.8;19.6;19.1;18.6
2024-04-14 14:48:10;22.9;49.9;64.7;63.4;77.1;82.9;26.1 °C;20.9;19.9;19.6;19.1;18.6
2024-04-14 14:58:08;23.0;49.9;64.7;63.4;77.1;82.9;26.3 °C;21;19.9;19.6;19.1;18.6
2024-04-14 15:08:15;22.8;49.9;64.7;63.4;77.1;82.9;26.6 °C;21.1;19.9;19.6;19.1;18.6
2024-04-14 15:18:13;22.8;49.9;64.7;63.4;77.1;82.9;26.8 °C;21.1;19.9;19.6;19.1;18.6
2024-04-14 15:28:09;22.8;49.9;64.7;63.4;77.1;82.9;26.9 °C;21.3;19.9;19.6;19.1;18.6
2024-04-14 15:38:08;22.8;49.9;64.7;63.4;77.1;82.9;27.1 °C;21.3;19.9;19.6;19.1;18.6
2024-04-14 15:48:12;22.8;50.0;64.7;63.4;77.0;82.9;27.3 °C;21.4;19.9;19.6;19.1;18.6
2024-04-14 15:58:12;22.8;49.9;64.7;63.4;77.0;82.9;27.4 °C;21.5;19.9;19.6;19.1;18.6
2024-04-14 16:08:08;22.8;50.0;64.7;63.3;77.0;82.9;27.5 °C;21.6;20;19.6;19.1;18.6
2024-04-14 16:18:11;22.8;50.0;64.7;63.3;77.0;82.9;27.6 °C;21.7;20;19.6;19.1;18.6
2024-04-14 16:28:09;22.8;50.0;64.7;63.4;77.0;82.9;27.8 °C;21.8;20;19.6;19.1;18.6
2024-04-14 16:38:12;22.8;50.1;64.7;63.3;77.0;82.9;27.8 °C;21.9;20.1;19.6;19.1;18.6
2024-04-14 16:48:08;22.8;50.1;64.7;63.4;77.0;82.9;27.8 °C;22;20.1;19.6;19.1;18.6
2024-04-14 16:58:08;22.8;50.1;64.7;63.4;77.0;82.9;27.9 °C;22.1;20.1;19.6;19.1;18.6
2024-04-14 17:08:07;22.8;50.1;64.7;63.3;77.0;82.9;27.9 °C;22.2;20.1;19.6;19.1;18.6
2024-04-14 17:18:14;22.7;50.1;64.8;63.3;77.0;82.9;27.9 °C;22.3;20.2;19.6;19.1;18.6
2024-04-14 17:28:12;22.7;50.2;64.7;63.3;77.0;82.9;27.9 °C;22.3;20.2;19.6;19.1;18.6
2024-04-14 17:38:07;22.7;50.2;64.8;63.4;77.0;82.9;27.8 °C;22.4;20.3;19.6;19.1;18.6
2024-04-14 17:48:10;22.8;50.2;64.8;63.4;77.0;82.9;27.8 °C;22.5;20.3;19.6;19.1;18.6
2024-04-14 17:58:11;22.7;50.2;64.8;63.3;77.0;82.9;27.6 °C;22.6;20.3;19.6;19.1;18.6
2024-04-14 18:08:08;22.7;50.3;64.8;63.3;77.0;82.9;27.4 °C;22.6;20.3;19.6;19.1;18.6
2024-04-14 18:18:08;22.7;50.3;64.8;63.4;77.0;82.9;27.3 °C;22.7;20.4;19.6;19.1;18.6
2024-04-14 18:28:08;22.7;50.3;64.8;63.4;77.0;82.9;27.1 °C;22.8;20.4;19.6;19.1;18.6
2024-04-14 18:38:07;22.7;50.3;64.8;63.3;77.0;82.9;26.9 °C;22.8;20.4;19.6;19.1;18.6
2024-04-14 18:48:09;22.7;50.3;64.9;63.4;77.0;82.9;26.7 °C;22.9;20.5;19.6;19.1;18.6
2024-04-14 18:58:14;22.7;50.3;64.9;63.4;77.0;82.9;26.5 °C;22.9;20.5;19.6;19.1;18.6
2024-04-14 19:08:12;22.8;50.4;64.8;63.4;77.0;82.9;26.3 °C;23;20.6;19.7;19.1;18.6
2024-04-14 19:18:07;22.7;50.4;64.9;63.4;77.0;82.9;26.1 °C;23;20.6;19.7;19.1;18.6
2024-04-14 19:28:10;22.7;50.4;64.9;63.4;77.0;82.9;25.9 °C;23.1;20.6;19.7;19.1;18.6
2024-04-14 19:38:08;22.7;50.4;64.9;63.4;77.0;82.9;25.7 °C;23.1;20.7;19.7;19.1;18.6
2024-04-14 19:48:12;22.7;50.4;64.9;63.4;77.0;82.9;25.5 °C;23.1;20.7;19.8;19.1;18.6
2024-04-14 19:58:07;22.6;50.4;64.9;63.4;77.0;82.9;25.3 °C;23.1;20.8;19.8;19.1;18.6
2024-04-14 20:08:09;22.6;50.4;64.9;63.4;77.0;82.9;25.1 °C;23.1;20.8;19.8;19.1;18.6
2024-04-14 20:18:13;22.6;50.4;65.0;63.4;77.0;82.9;24.9 °C;23.2;20.8;19.8;19.1;18.6
2024-04-14 20:28:09;22.6;50.4;65.0;63.4;77.0;82.9;24.6 °C;23.2;20.8;19.8;19.1;18.6
2024-04-14 20:38:13;22.6;50.4;65.0;63.4;77.0;82.9;24.4 °C;23.2;20.9;19.8;19.1;18.6
2024-04-14 20:48:14;22.6;50.4;65.0;63.4;77.0;82.9;24.3 °C;23.2;20.9;19.8;19.1;18.6
2024-04-14 20:58:07;22.6;50.5;65.0;63.4;77.0;82.9;24.1 °C;23.2;20.9;19.8;19.1;18.6
2024-04-14 21:08:10;22.6;50.4;65.0;63.4;77.0;82.9;23.8 °C;23.1;20.9;19.8;19.1;18.6
2024-04-14 21:18:08;22.6;50.5;65.0;63.4;77.0;82.9;23.7 °C;23.1;21;19.9;19.1;18.6
2024-04-14 21:28:12;22.6;50.4;65.0;63.4;77.0;82.9;23.5 °C;23.1;21;19.9;19.1;18.6
2024-04-14 21:38:07;22.6;50.4;65.0;63.4;77.0;82.9;23.3 °C;23.1;21.1;19.9;19.1;18.6
2024-04-14 21:48:06;22.6;50.4;65.0;63.4;77.1;82.9;23.2 °C;23.1;21.1;19.9;19.1;18.6
2024-04-14 21:58:08;22.6;50.4;65.0;63.4;77.1;82.9;23.1 °C;23.1;21.1;19.9;19.1;18.6
2024-04-14 22:08:09;22.6;50.4;65.1;63.4;77.0;82.9;22.9 °C;23.1;21.1;19.9;19.2;18.6
2024-04-14 22:18:13;22.6;50.5;65.0;63.4;77.0;82.9;22.8 °C;23;21.1;19.9;19.2;18.6
2024-04-14 22:28:13;22.6;50.5;65.0;63.4;77.0;82.9;22.6 °C;23;21.1;19.9;19.2;18.6
2024-04-14 22:38:14;22.6;50.5;65.0;63.5;77.0;82.9;22.5 °C;22.9;21.1;20;19.2;18.6
2024-04-14 22:48:12;22.6;50.4;65.0;63.5;77.0;82.9;22.4 °C;22.9;21.1;20;19.2;18.6
2024-04-14 22:58:12;22.6;50.5;65.0;63.5;77.0;82.9;22.3 °C;22.9;21.2;20;19.2;18.6
2024-04-14 23:08:12;22.6;50.4;65.1;63.5;77.0;82.9;22.1 °C;22.9;21.2;20;19.2;18.6
2024-04-14 23:18:11;22.6;50.4;65.1;63.5;77.0;82.9;22 °C;22.8;21.2;20.1;19.2;18.6
2024-04-14 23:28:11;22.6;50.4;65.0;63.5;77.0;82.9;21.9 °C;22.8;21.2;20.1;19.2;18.6
2024-04-14 23:38:13;22.6;50.4;65.1;63.5;77.0;82.9;21.8 °C;22.8;21.2;20.1;19.2;18.6
2024-04-14 23:48:10;23.0;50.4;65.1;63.5;77.0;82.9;21.7 °C;22.7;21.2;20.1;19.3;18.6
2024-04-14 23:58:07;23.0;50.4;65.1;63.5;77.0;82.9;21.6 °C;22.7;21.2;20.1;19.3;18.6
2024-04-15 00:08:13;22.6;50.5;65.1;63.5;77.0;82.9;21.4 °C;22.6;21.3;20.1;19.3;18.6
2024-04-15 00:18:07;22.8;50.4;65.1;63.5;77.1;82.9;21.4 °C;22.6;21.3;20.1;19.3;18.6
2024-04-15 00:28:09;23.0;50.4;65.1;63.5;77.0;82.9;21.3 °C;22.6;21.3;20.1;19.3;18.6
2024-04-15 00:38:14;22.6;50.4;65.1;63.5;77.1;82.9;21.1 °C;22.5;21.3;20.1;19.3;18.6
2024-04-15 00:48:08;22.7;50.4;65.1;63.5;77.1;82.9;21.1 °C;22.5;21.3;20.2;19.3;18.6
2024-04-15 00:58:08;22.9;50.4;65.1;63.5;77.0;82.9;20.9 °C;22.4;21.3;20.2;19.3;18.6
2024-04-15 01:08:08;22.6;50.5;65.1;63.5;77.1;82.9;20.9 °C;22.4;21.3;20.2;19.3;18.6
2024-04-15 01:18:12;22.7;50.4;65.1;63.5;77.1;82.9;20.8 °C;22.4;21.3;20.2;19.3;18.6
2024-04-15 01:28:08;22.7;50.4;65.1;63.5;77.1;82.9;20.7 °C;22.3;21.3;20.2;19.3;18.6
2024-04-15 01:38:07;22.6;50.6;65.1;63.5;77.1;83.0;20.6 °C;22.3;21.2;20.2;19.3;18.7
2024-04-15 01:48:09;22.6;50.5;65.1;63.5;77.1;82.9;20.5 °C;22.3;21.2;20.2;19.3;18.7
2024-04-15 01:58:06;22.7;50.4;65.0;63.5;77.1;82.9;20.4 °C;22.2;21.2;20.3;19.3;18.7
2024-04-15 02:08:08;22.9;50.4;65.1;63.5;77.1;82.9;20.3 °C;22.1;21.2;20.3;19.3;18.7
2024-04-15 02:18:12;22.6;50.5;65.0;63.5;77.1;83.0;20.2 °C;22.1;21.2;20.3;19.3;18.7
2024-04-15 02:28:12;22.8;50.6;65.0;63.5;77.1;82.9;20.1 °C;22.1;21.2;20.3;19.3;18.7
2024-04-15 02:38:13;22.7;50.5;65.0;63.5;77.1;83.0;20.1 °C;22;21.2;20.3;19.4;18.7
2024-04-15 02:48:13;22.8;50.5;65.0;63.5;77.1;83.0;20 °C;21.9;21.2;20.3;19.4;18.7
2024-04-15 02:58:10;22.5;50.5;65.0;63.5;77.1;83.0;19.9 °C;21.9;21.2;20.3;19.4;18.7
2024-04-15 03:08:07;22.6;50.5;65.0;63.5;77.1;83.0;19.8 °C;21.9;21.1;20.3;19.4;18.7
2024-04-15 03:18:10;22.6;50.5;65.0;63.5;77.1;83.0;19.7 °C;21.8;21.1;20.3;19.4;18.7
2024-04-15 03:28:13;22.6;50.5;65.0;63.6;77.1;83.0;19.6 °C;21.8;21.1;20.3;19.4;18.7
2024-04-15 03:38:13;22.7;50.5;65.0;63.5;77.1;83.0;19.5 °C;21.8;21.1;20.3;19.4;18.7
2024-04-15 03:48:10;22.5;50.5;65.0;63.5;77.1;83.0;19.4 °C;21.7;21.1;20.3;19.4;18.7
2024-04-15 03:58:13;22.5;50.5;65.0;63.6;77.1;83.0;19.4 °C;21.6;21.1;20.3;19.4;18.7
2024-04-15 04:08:09;22.5;50.5;65.0;63.5;77.1;82.9;19.3 °C;21.6;21.1;20.3;19.4;18.8
2024-04-15 04:18:06;22.5;50.5;64.9;63.6;77.1;82.9;19.2 °C;21.6;21.1;20.3;19.4;18.8
2024-04-15 04:28:13;22.5;50.5;64.9;63.5;77.1;82.9;19.1 °C;21.5;21.1;20.3;19.4;18.8
2024-04-15 04:38:09;22.5;50.5;64.9;63.6;77.1;82.9;19.1 °C;21.5;21.1;20.3;19.4;18.8
2024-04-15 04:48:11;22.5;50.5;64.9;63.5;77.1;82.9;19.1 °C;21.4;21;20.3;19.4;18.8
2024-04-15 04:58:09;22.6;50.5;64.9;63.5;77.1;83.0;19 °C;21.4;21;20.3;19.4;18.8
2024-04-15 05:08:06;22.6;50.5;64.9;63.5;77.1;82.9;18.9 °C;21.4;21;20.3;19.4;18.8
2024-04-15 05:18:08;22.6;50.4;64.9;63.5;77.1;83.0;18.9 °C;21.3;21;20.3;19.4;18.8
2024-04-15 05:28:09;22.6;50.5;64.9;63.5;77.1;83.0;18.9 °C;21.3;20.9;20.3;19.4;18.8
2024-04-15 05:38:14;22.6;50.5;64.9;63.6;77.1;83.0;18.8 °C;21.3;20.9;20.3;19.4;18.8
2024-04-15 05:48:11;22.6;50.4;64.9;63.6;77.1;83.0;18.8 °C;21.2;20.9;20.3;19.4;18.8
2024-04-15 05:58:07;22.6;50.4;64.9;63.5;77.1;83.0;18.7 °C;21.1;20.9;20.3;19.4;18.8
2024-04-15 06:08:09;22.6;50.4;64.9;63.5;77.1;83.0;18.6 °C;21.1;20.9;20.3;19.5;18.8
2024-04-15 06:18:06;22.6;50.4;64.8;63.5;77.1;83.0;18.6 °C;21.1;20.9;20.3;19.5;18.8
2024-04-15 06:28:13;22.6;50.4;64.8;63.5;77.1;83.0;18.6 °C;21;20.9;20.3;19.5;18.8
2024-04-15 06:38:14;22.6;50.4;64.8;63.5;77.1;83.0;18.6 °C;21;20.8;20.3;19.5;18.8
2024-04-15 06:48:11;22.6;50.4;64.8;63.5;77.1;83.0;18.6 °C;20.9;20.8;20.3;19.5;18.8
2024-04-15 06:58:07;22.6;50.4;64.8;63.5;77.1;83.0;18.6 °C;20.9;20.8;20.3;19.5;18.8
2024-04-15 07:08:13;22.6;50.4;64.8;63.5;77.1;83.0;18.6 °C;20.9;20.8;20.3;19.5;18.8
2024-04-15 07:18:07;22.6;50.4;64.8;63.5;77.1;83.0;18.6 °C;20.8;20.8;20.3;19.5;18.8
2024-04-15 07:28:13;22.6;50.3;64.8;63.5;77.1;83.0;18.6 °C;20.8;20.8;20.3;19.5;18.8
2024-04-15 07:38:11;22.6;50.3;64.8;63.5;77.1;83.0;18.6 °C;20.8;20.7;20.3;19.5;18.8
2024-04-15 07:48:14;22.6;50.3;64.8;63.5;77.1;83.0;18.6 °C;20.8;20.7;20.3;19.5;18.8
2024-04-15 07:58:12;22.7;50.3;64.8;63.5;77.1;83.0;18.6 °C;20.7;20.7;20.3;19.5;18.8
2024-04-15 08:08:11;22.7;50.3;64.8;63.5;77.1;83.0;18.6 °C;20.7;20.7;20.3;19.5;18.8
2024-04-15 08:18:11;22.7;50.3;64.7;63.5;77.1;83.0;18.7 °C;20.6;20.6;20.3;19.5;18.8
2024-04-15 08:28:10;22.7;50.3;64.7;63.5;77.1;83.0;18.8 °C;20.6;20.6;20.3;19.5;18.8
2024-04-15 08:38:12;22.7;50.3;64.7;63.5;77.1;83.0;18.8 °C;20.6;20.6;20.3;19.5;18.8
2024-04-15 08:48:08;22.7;50.3;64.7;63.5;77.1;83.0;18.9 °C;20.6;20.6;20.3;19.5;18.8
2024-04-15 08:58:09;22.7;50.3;64.7;63.5;77.1;83.0;19.1 °C;20.5;20.6;20.3;19.5;18.8
2024-04-15 09:08:09;22.7;50.3;64.7;63.5;77.1;83.0;19.2 °C;20.5;20.6;20.2;19.5;18.8
2024-04-15 09:18:07;22.7;50.2;64.7;63.5;77.1;83.0;19.3 °C;20.5;20.5;20.2;19.5;18.9
2024-04-15 09:28:09;22.7;50.3;64.7;63.5;77.1;83.0;19.4 °C;20.4;20.5;20.2;19.5;18.9
2024-04-15 09:38:11;22.6;50.3;64.7;63.5;77.1;83.0;19.6 °C;20.4;20.5;20.2;19.5;18.9
2024-04-15 09:48:10;22.6;50.2;64.7;63.5;77.1;83.0;19.9 °C;20.4;20.5;20.2;19.5;18.9
2024-04-15 09:58:12;22.6;50.3;64.6;63.4;77.1;83.0;20.1 °C;20.4;20.4;20.2;19.5;18.9
2024-04-15 10:08:08;22.6;50.2;64.6;63.4;77.1;83.0;20.3 °C;20.4;20.4;20.2;19.5;18.9
2024-04-15 10:18:12;22.6;50.2;64.6;63.4;77.1;83.0;20.5 °C;20.4;20.4;20.2;19.5;18.9
2024-04-15 10:28:07;22.6;50.2;64.6;63.4;77.1;83.0;20.7 °C;20.4;20.4;20.2;19.5;18.9
2024-04-15 10:38:11;22.6;50.2;64.6;63.4;77.1;83.0;20.9 °C;20.4;20.4;20.1;19.5;18.9
2024-04-15 10:48:09;22.6;50.2;64.6;63.4;77.1;83.0;21.1 °C;20.4;20.4;20.1;19.5;18.9
2024-04-15 10:58:07;22.5;50.2;64.6;63.4;77.1;83.0;21.3 °C;20.4;20.4;20.1;19.5;18.9
2024-04-15 11:08:06;22.5;50.2;64.6;63.4;77.1;83.0;21.6 °C;20.4;20.3;20.1;19.5;18.9
2024-04-15 11:18:12;22.5;50.2;64.5;63.4;77.1;83.0;21.8 °C;20.4;20.3;20.1;19.5;18.9
2024-04-15 11:28:13;22.5;50.2;64.5;63.3;77.1;83.0;22.1 °C;20.4;20.3;20.1;19.5;18.9
2024-04-15 11:38:11;22.5;50.2;64.5;63.3;77.1;83.0;22.3 °C;20.4;20.3;20.1;19.5;18.9
2024-04-15 11:48:10;22.5;50.2;64.5;63.3;77.1;83.0;22.4 °C;20.5;20.3;20.1;19.5;18.9
2024-04-15 11:58:08;22.5;50.2;64.5;63.3;77.1;83.0;22.6 °C;20.5;20.3;20.1;19.5;18.9
2024-04-15 12:08:12;22.4;50.2;64.5;63.3;77.1;83.0;22.7 °C;20.6;20.3;20.1;19.5;18.9
2024-04-15 12:18:12;22.4;50.2;64.5;63.3;77.1;83.0;22.8 °C;20.6;20.3;20.1;19.5;18.9
2024-04-15 12:28:07;22.4;50.2;64.5;63.3;77.1;83.0;22.9 °C;20.6;20.3;20.1;19.5;18.9
2024-04-15 12:38:07;22.4;50.2;64.5;63.2;77.1;83.0;22.9 °C;20.6;20.3;20.1;19.5;18.9
2024-04-15 12:48:10;22.3;50.3;64.5;63.3;77.1;83.0;23.1 °C;20.7;20.3;20.1;19.5;18.9
2024-04-15 12:58:13;22.3;50.2;64.5;63.3;77.1;83.0;23.3 °C;20.8;20.3;20.1;19.5;18.9
2024-04-15 13:08:11;22.3;50.2;64.5;63.2;77.1;83.0;23.4 °C;20.8;20.3;20.1;19.5;18.9
2024-04-15 13:18:06;22.3;50.2;64.5;63.2;77.1;83.0;23.7 °C;20.8;20.3;20;19.5;18.9
2024-04-15 13:28:12;22.3;50.3;64.5;63.2;77.1;83.0;24 °C;20.9;20.3;20;19.5;18.9
2024-04-15 13:38:08;22.3;50.2;64.4;63.2;77.0;83.0;24.3 °C;20.9;20.3;20;19.5;18.9
2024-04-15 13:48:09;22.3;50.2;64.4;63.2;77.0;83.0;24.6 °C;20.9;20.3;20;19.5;18.9
2024-04-15 13:58:10;22.2;50.3;64.4;63.2;77.1;83.0;24.7 °C;21;20.3;20;19.5;18.9
2024-04-15 14:08:12;22.2;50.2;64.4;63.2;77.1;83.0;24.8 °C;21.1;20.3;20;19.5;18.9
2024-04-15 14:18:13;22.2;50.2;64.4;63.2;77.0;83.0;24.9 °C;21.1;20.3;20;19.5;18.9
2024-04-15 14:28:11;22.2;50.3;64.4;63.2;77.0;83.0;24.9 °C;21.1;20.3;20;19.5;18.9
2024-04-15 14:38:10;22.2;50.3;64.4;63.2;77.0;83.0;24.9 °C;21.2;20.3;20;19.5;18.9
2024-04-15 14:48:12;22.2;50.3;64.4;63.1;77.1;83.0;24.9 °C;21.3;20.3;20;19.5;18.9
2024-04-15 14:58:08;22.2;50.3;64.4;63.2;77.0;83.0;24.9 °C;21.3;20.3;20;19.5;18.9
2024-04-15 15:08:08;22.2;50.3;64.4;63.1;77.0;83.0;24.9 °C;21.4;20.3;20;19.5;18.9
2024-04-15 15:18:08;22.2;50.3;64.4;63.1;77.0;83.0;24.9 °C;21.4;20.3;20;19.5;18.9
2024-04-15 15:28:09;22.2;50.3;64.4;63.1;77.0;83.0;24.9 °C;21.5;20.3;19.9;19.5;18.9
2024-04-15 15:38:10;22.2;50.3;64.4;63.1;77.0;83.0;24.9 °C;21.6;20.3;19.9;19.5;18.9
2024-04-15 15:48:08;22.1;50.4;64.4;63.1;77.0;83.0;24.9 °C;21.6;20.3;19.9;19.4;18.9
2024-04-15 15:58:12;22.2;50.3;64.4;63.1;77.0;83.0;24.8 °C;21.7;20.4;19.9;19.4;18.9
2024-04-15 16:08:12;22.1;50.4;64.4;63.1;77.0;83.0;24.8 °C;21.7;20.4;19.9;19.4;18.9
2024-04-15 16:18:09;22.1;50.4;64.4;63.1;77.0;83.0;24.8 °C;21.8;20.4;19.9;19.4;18.9
2024-04-15 16:28:11;22.1;50.4;64.4;63.1;77.0;83.0;24.8 °C;21.8;20.4;19.9;19.4;18.9
2024-04-15 16:38:11;22.2;50.4;64.4;63.1;77.0;83.0;24.8 °C;21.9;20.4;19.9;19.4;18.9
2024-04-15 16:48:10;22.2;50.4;64.5;63.1;77.0;83.0;24.8 °C;21.9;20.4;19.9;19.4;18.9
2024-04-15 16:58:09;22.1;50.4;64.4;63.1;77.0;83.0;24.7 °C;21.9;20.4;19.9;19.4;18.9
2024-04-15 17:08:07;22.1;50.4;64.5;63.1;77.0;83.0;24.6 °C;22;20.5;20;19.4;18.9
2024-04-15 17:18:10;22.1;50.5;64.5;63.1;77.0;83.0;24.6 °C;22;20.5;19.9;19.4;18.9
2024-04-15 17:28:13;22.1;50.5;64.5;63.1;77.0;83.0;24.6 °C;22.1;20.5;20;19.4;18.9
2024-04-15 17:38:10;22.1;50.5;64.5;63.1;77.0;83.0;24.5 °C;22.1;20.6;20;19.4;18.9
2024-04-15 17:48:08;22.1;50.5;64.5;63.1;77.0;83.0;24.5 °C;22.1;20.6;20;19.4;18.9
2024-04-15 17:58:09;22.1;50.5;64.5;63.1;77.0;83.0;24.4 °C;22.1;20.6;20;19.4;18.9
2024-04-15 18:08:06;22.1;50.5;64.5;63.1;77.0;83.0;24.4 °C;22.1;20.6;20;19.4;18.9
2024-04-15 18:18:13;22.1;50.5;64.5;63.1;77.0;83.0;24.3 °C;22.2;20.6;20;19.4;18.9
2024-04-15 18:28:11;22.1;50.5;64.5;63.1;77.0;83.0;24.3 °C;22.2;20.6;20;19.4;18.9
2024-04-15 18:38:06;22.1;50.5;64.5;63.1;77.0;83.0;24.1 °C;22.3;20.6;20;19.4;18.9
2024-04-15 18:48:08;22.1;50.5;64.5;63.1;77.0;83.0;24.1 °C;22.3;20.7;20;19.4;18.9
2024-04-15 18:58:08;22.1;50.5;64.5;63.1;77.0;83.0;23.9 °C;22.3;20.7;20;19.4;18.9
2024-04-15 19:08:05;22.1;50.6;64.5;63.1;77.0;83.0;23.8 °C;22.3;20.7;20;19.4;18.9
2024-04-15 19:18:08;22.1;50.5;64.5;63.1;77.0;83.0;23.7 °C;22.3;20.8;20;19.4;18.9
2024-04-15 19:28:12;22.1;50.6;64.5;63.2;77.0;83.0;23.6 °C;22.3;20.8;20.1;19.4;18.9
2024-04-15 19:38:12;22.1;50.5;64.5;63.2;77.0;83.0;23.5 °C;22.3;20.8;20.1;19.4;18.9
2024-04-15 19:48:13;22.1;50.5;64.5;63.2;77.0;83.0;23.4 °C;22.3;20.8;20.1;19.4;18.9
2024-04-15 19:58:11;22.1;50.5;64.5;63.2;77.0;83.0;23.3 °C;22.3;20.8;20.1;19.4;18.9
2024-04-15 20:08:11;22.1;50.5;64.5;63.2;77.0;83.0;23.1 °C;22.3;20.8;20.1;19.4;18.9
2024-04-15 20:18:10;22.1;50.5;64.5;63.2;77.0;83.0;23 °C;22.3;20.8;20.1;19.4;18.9
2024-04-15 20:28:13;22.1;50.5;64.5;63.2;77.0;83.0;22.9 °C;22.3;20.8;20.1;19.4;18.9
2024-04-15 20:38:07;22.1;50.5;64.5;63.2;77.0;83.0;22.8 °C;22.3;20.9;20.1;19.4;18.9
2024-04-15 20:48:10;22.1;50.6;64.5;63.2;77.0;83.0;22.8 °C;22.3;20.9;20.1;19.4;18.9
2024-04-15 20:58:10;22.1;50.5;64.5;63.1;77.0;83.0;22.7 °C;22.3;20.9;20.1;19.4;18.9
2024-04-15 21:08:12;22.1;50.5;64.5;63.1;77.0;83.0;22.6 °C;22.3;20.9;20.1;19.5;18.9
2024-04-15 21:18:12;22.1;50.5;64.5;63.2;77.0;83.0;22.5 °C;22.3;20.9;20.1;19.5;18.9
2024-04-15 21:28:06;22.1;50.6;64.5;63.2;77.0;83.0;22.4 °C;22.3;20.9;20.1;19.5;18.9
2024-04-15 21:38:12;22.1;50.6;64.5;63.2;77.0;83.0;22.4 °C;22.3;20.9;20.1;19.5;18.9
2024-04-15 21:48:09;22.1;50.5;64.5;63.2;77.0;83.0;22.3 °C;22.3;20.9;20.1;19.5;18.9
2024-04-15 21:58:07;22.0;50.5;64.5;63.2;77.0;83.0;22.3 °C;22.3;20.9;20.1;19.5;18.9
2024-04-15 22:08:07;22.1;50.5;64.6;63.2;77.0;83.0;22.2 °C;22.3;20.9;20.2;19.5;18.9
2024-04-15 22:18:10;22.0;50.5;64.5;63.2;77.0;83.0;22.1 °C;22.2;20.9;20.2;19.5;18.9
2024-04-15 22:28:09;22.1;50.5;64.6;63.2;77.0;83.0;22.1 °C;22.2;21;20.2;19.5;18.9
2024-04-15 22:38:11;22.1;50.5;64.5;63.2;77.0;83.0;22 °C;22.2;21;20.2;19.5;18.9
2024-04-15 22:48:06;22.0;50.5;64.5;63.2;77.0;83.0;22 °C;22.2;21;20.2;19.5;18.9
2024-04-15 22:58:10;22.0;50.5;64.6;63.2;77.0;83.0;21.9 °C;22.1;21;20.2;19.5;18.9
2024-04-15 23:08:08;22.0;50.5;64.6;63.2;77.0;83.0;21.9 °C;22.1;21;20.2;19.5;18.9
2024-04-15 23:18:06;22.1;50.5;64.6;63.2;77.0;83.0;21.8 °C;22.1;21;20.2;19.5;18.9
2024-04-15 23:28:08;22.0;50.5;64.6;63.2;77.0;83.0;21.8 °C;22.1;21;20.3;19.5;18.9
2024-04-15 23:38:09;22.0;50.5;64.5;63.2;77.0;83.0;21.7 °C;22.1;21;20.3;19.5;18.9
2024-04-15 23:48:10;22.1;50.5;64.6;63.2;77.0;83.0;21.6 °C;22.1;21;20.3;19.5;18.9
2024-04-15 23:58:09;22.1;50.5;64.6;63.2;77.0;83.0;21.6 °C;22;21;20.3;19.5;18.9
2024-04-16 00:08:11;22.1;50.5;64.6;63.2;77.0;83.0;21.6 °C;22;21;20.3;19.5;18.9
2024-04-16 00:18:06;22.1;50.5;64.6;63.2;77.0;83.0;21.5 °C;22;21;20.3;19.5;18.9
2024-04-16 00:28:13;22.0;50.5;64.6;63.2;77.0;83.0;21.5 °C;21.9;21;20.3;19.6;18.9
2024-04-16 00:38:11;22.1;50.5;64.5;63.2;77.0;83.0;21.4 °C;21.9;21;20.3;19.6;18.9
2024-04-16 00:48:11;22.1;50.5;64.5;63.2;77.0;83.0;21.4 °C;21.9;21;20.3;19.6;18.9
2024-04-16 00:58:06;22.1;50.5;64.5;63.2;77.0;83.0;21.4 °C;21.9;21;20.3;19.6;18.9
2024-04-16 01:08:10;22.1;50.5;64.6;63.2;77.0;83.0;21.3 °C;21.9;21;20.3;19.6;18.9
2024-04-16 01:18:12;22.1;50.5;64.5;63.2;77.0;83.0;21.3 °C;21.9;21;20.3;19.6;18.9
2024-04-16 01:28:06;22.1;50.5;64.6;63.2;77.0;83.0;21.3 °C;21.9;21;20.3;19.6;18.9
2024-04-16 01:38:08;22.1;50.5;64.5;63.2;77.0;83.0;21.2 °C;21.8;21;20.3;19.6;18.9
2024-04-16 01:48:06;22.1;50.5;64.5;63.2;77.0;83.0;21.1 °C;21.8;21;20.3;19.6;18.9
2024-04-16 01:58:13;22.1;50.5;64.5;63.2;77.0;83.0;21.1 °C;21.8;21;20.3;19.6;18.9
2024-04-16 02:08:10;22.1;50.5;64.5;63.2;77.0;83.0;21.1 °C;21.8;21;20.3;19.6;18.9
2024-04-16 02:18:05;22.1;50.5;64.5;63.2;77.0;83.0;21 °C;21.8;21;20.3;19.6;18.9
2024-04-16 02:28:08;22.0;50.5;64.5;63.2;77.0;83.0;21 °C;21.8;21;20.3;19.6;18.9
2024-04-16 02:38:09;22.0;50.4;64.5;63.2;77.0;83.0;20.9 °C;21.7;20.9;20.3;19.6;19
2024-04-16 02:48:07;22.0;50.4;64.5;63.2;77.0;83.0;20.9 °C;21.7;20.9;20.3;19.6;19
2024-04-16 02:58:07;22.1;50.4;64.5;63.2;77.0;83.0;20.9 °C;21.7;20.9;20.3;19.6;19
2024-04-16 03:08:07;22.1;50.4;64.5;63.2;77.0;83.0;20.9 °C;21.6;20.9;20.3;19.6;19
2024-04-16 03:18:07;22.0;50.5;64.5;63.2;77.0;83.0;20.8 °C;21.6;20.9;20.3;19.6;19
2024-04-16 03:28:07;22.0;50.4;64.5;63.2;77.0;83.0;20.8 °C;21.6;20.9;20.3;19.6;19
2024-04-16 03:38:07;22.0;50.4;64.5;63.2;77.0;83.0;20.8 °C;21.6;20.9;20.3;19.6;19
2024-04-16 03:48:06;22.1;50.4;64.5;63.2;77.0;83.0;20.7 °C;21.6;20.9;20.3;19.6;19
2024-04-16 03:58:06;22.1;50.4;64.5;63.2;77.0;83.0;20.6 °C;21.6;20.9;20.3;19.6;19
2024-04-16 04:08:09;22.1;50.4;64.5;63.2;77.0;83.0;20.6 °C;21.5;20.9;20.3;19.6;19
2024-04-16 04:18:10;22.1;50.4;64.5;63.2;77.0;83.0;20.6 °C;21.5;20.9;20.3;19.6;19
2024-04-16 04:28:06;22.1;50.4;64.5;63.2;77.0;83.0;20.5 °C;21.5;20.9;20.3;19.6;19
2024-04-16 04:38:05;22.1;50.4;64.5;63.2;77.0;83.0;20.5 °C;21.4;20.9;20.3;19.6;19
2024-04-16 04:48:07;22.1;50.4;64.5;63.2;77.0;83.0;20.4 °C;21.4;20.9;20.3;19.6;19
2024-04-16 04:58:07;22.1;50.4;64.5;63.2;77.0;83.0;20.4 °C;21.4;20.9;20.3;19.6;19
2024-04-16 05:08:11;22.1;50.4;64.5;63.2;77.0;83.0;20.4 °C;21.4;20.9;20.3;19.6;19
2024-04-16 05:18:11;22.1;50.4;64.5;63.2;77.0;83.0;20.4 °C;21.4;20.9;20.3;19.6;19
2024-04-16 05:28:11;22.1;50.3;64.5;63.2;77.0;83.0;20.3 °C;21.4;20.9;20.3;19.6;19
2024-04-16 05:38:11;22.1;50.3;64.5;63.2;77.0;83.0;20.3 °C;21.3;20.9;20.3;19.6;19
2024-04-16 05:48:07;22.1;50.3;64.5;63.2;77.0;83.0;20.2 °C;21.3;20.8;20.3;19.6;19
2024-04-16 05:58:07;22.1;50.3;64.5;63.2;77.0;83.0;20.1 °C;21.3;20.8;20.3;19.6;19
2024-04-16 06:08:08;22.1;50.3;64.5;63.2;77.0;83.0;20.1 °C;21.3;20.8;20.3;19.6;19
2024-04-16 06:18:05;22.1;50.3;64.5;63.2;77.0;83.0;20 °C;21.3;20.8;20.3;19.6;19
2024-04-16 06:28:07;22.1;50.4;64.5;63.2;77.0;83.0;19.9 °C;21.3;20.8;20.3;19.6;19
2024-04-16 06:38:12;22.1;50.3;64.5;63.2;77.0;83.0;19.9 °C;21.2;20.8;20.3;19.6;19
2024-04-16 06:48:09;22.1;50.3;64.4;63.2;77.0;83.0;19.9 °C;21.2;20.8;20.3;19.6;19.1
2024-04-16 06:58:08;22.1;50.3;64.4;63.2;77.0;83.0;19.8 °C;21.2;20.8;20.3;19.6;19.1
2024-04-16 07:08:09;22.1;50.3;64.4;63.2;77.0;83.0;19.8 °C;21.1;20.8;20.3;19.6;19.1
2024-04-16 07:18:12;22.1;50.3;64.4;63.2;77.0;83;19.8 °C;21.1;20.8;20.3;19.6;19.1
2024-04-16 07:28:08;22.1;50.3;64.4;63.2;77.0;83.0;19.8 °C;21.1;20.8;20.3;19.7;19.1
2024-04-16 07:38:10;22.1;50.3;64.4;63.1;77.0;83;19.8 °C;21.1;20.8;20.3;19.6;19.1
2024-04-16 07:48:12;22.1;50.3;64.4;63.2;77.0;83;19.8 °C;21.1;20.8;20.3;19.7;19.1
2024-04-16 07:58:06;22.1;50.3;64.4;63.1;77.0;83.0;19.8 °C;21.1;20.7;20.3;19.7;19.1
2024-04-16 08:08:05;22.1;50.3;64.4;63.1;77.0;83.0;19.8 °C;21;20.7;20.3;19.7;19.1
2024-04-16 08:18:11;22.1;50.2;64.4;63.2;77.0;83;19.9 °C;21;20.7;20.3;19.7;19.1
2024-04-16 08:28:08;22.1;50.2;64.4;63.1;77.0;83.0;19.9 °C;20.9;20.7;20.3;19.7;19.1
2024-04-16 08:38:09;22.2;50.2;64.4;63.1;77.0;83;20 °C;20.9;20.7;20.3;19.7;19.1
2024-04-16 08:48:08;22.1;50.3;64.4;63.1;77.0;83;20.1 °C;20.9;20.7;20.3;19.7;19.1
2024-04-16 08:58:08;22.2;50.2;64.4;63.1;77.0;83;20.1 °C;20.9;20.7;20.3;19.7;19.1
2024-04-16 09:08:10;22.2;50.3;64.4;63.1;77.0;83;20.3 °C;20.9;20.6;20.3;19.7;19.1
2024-04-16 09:18:10;22.2;50.2;64.3;63.1;77.0;83.0;20.3 °C;20.9;20.6;20.3;19.7;19.1
2024-04-16 09:28:09;22.2;50.2;64.3;63.1;77.0;83;20.4 °C;20.9;20.6;20.3;19.7;19.1
2024-04-16 09:38:10;22.1;50.2;64.3;63.1;77.0;83;20.5 °C;20.9;20.6;20.3;19.7;19.1
2024-04-16 09:48:10;22.1;50.2;64.3;63.1;77.0;83;20.6 °C;20.9;20.6;20.3;19.7;19.1
2024-04-16 09:58:10;22.1;50.2;64.3;63.2;77.0;83;20.7 °C;20.8;20.6;20.3;19.7;19.1
2024-04-16 10:08:05;22.1;50.2;64.3;63.1;77.0;83;20.8 °C;20.8;20.6;20.3;19.7;19.1
2024-04-16 10:18:11;22.1;50.2;64.3;63.1;77.0;83;20.9 °C;20.8;20.6;20.3;19.7;19.1
2024-04-16 10:28:08;22.1;50.2;64.3;63.1;77.0;83;21 °C;20.8;20.6;20.3;19.7;19.1
2024-04-16 10:38:06;22.1;50.2;64.3;63.1;77.0;83.0;21.2 °C;20.8;20.6;20.3;19.7;19.1
2024-04-16 10:48:05;22.1;50.2;64.3;63.1;77.0;83;21.3 °C;20.8;20.6;20.3;19.7;19.1
2024-04-16 10:58:11;22.1;50.2;64.3;63.1;77.0;83;21.4 °C;20.8;20.5;20.3;19.7;19.1
2024-04-16 11:08:11;22.1;50.2;64.3;63.1;77.0;83.0;21.6 °C;20.8;20.5;20.3;19.7;19.1
2024-04-16 11:18:11;22.1;50.2;64.2;63.1;77.0;83.0;21.7 °C;20.8;20.5;20.3;19.7;19.1
2024-04-16 11:28:12;22.1;50.2;64.2;63.1;77.0;83;21.9 °C;20.8;20.5;20.3;19.7;19.1
2024-04-16 11:38:06;22.1;50.2;64.2;63.1;77.0;83;22 °C;20.9;20.5;20.3;19.7;19.1
2024-04-16 11:48:09;22.0;50.2;64.2;63.1;76.9;83.0;22.2 °C;20.9;20.5;20.3;19.7;19.1
2024-04-16 11:58:11;22.1;50.2;64.2;63.1;77.0;83.0;22.3 °C;20.9;20.5;20.2;19.7;19.1
2024-04-16 12:08:07;22.1;50.2;64.2;63.1;76.9;83.0;22.5 °C;20.9;20.5;20.2;19.7;19.1
2024-04-16 12:18:12;22.1;50.2;64.2;63.0;77.0;83.0;22.6 °C;20.9;20.5;20.2;19.7;19.1
2024-04-16 12:28:05;22.1;50.2;64.2;63.1;77.0;83;22.8 °C;20.9;20.4;20.2;19.7;19.1
2024-04-16 12:38:12;22.1;50.2;64.2;63.1;77.0;83.0;22.9 °C;20.9;20.4;20.2;19.7;19.1
2024-04-16 12:48:10;22.1;50.2;64.2;63.0;77.0;83;23 °C;21;20.4;20.2;19.7;19.1
2024-04-16 12:58:09;22.0;50.2;64.2;63.1;77.0;83.0;23.1 °C;21;20.4;20.2;19.7;19.1
2024-04-16 13:08:07;22.1;50.2;64.2;63.0;76.9;83;23.2 °C;21.1;20.4;20.2;19.7;19.1
2024-04-16 13:18:07;22.0;50.2;64.2;63.0;76.9;83.0;23.3 °C;21.1;20.4;20.2;19.7;19.1
2024-04-16 13:28:08;22.0;50.2;64.2;63.0;76.9;83.0;23.3 °C;21.1;20.4;20.2;19.7;19.1
2024-04-16 13:38:06;22.0;50.2;64.2;63.0;76.9;83.0;23.3 °C;21.1;20.4;20.2;19.6;19.1
2024-04-16 13:48:06;22.0;50.2;64.2;63.0;76.9;83.0;23.4 °C;21.1;20.4;20.2;19.6;19.1
2024-04-16 13:58:06;22.0;50.2;64.2;63.0;76.9;83.0;23.4 °C;21.2;20.4;20.2;19.6;19.1
2024-04-16 14:08:05;22.0;50.2;64.2;63.0;76.9;83.0;23.4 °C;21.2;20.4;20.2;19.6;19.1
2024-04-16 14:18:16;22.0;50.2;64.2;63.0;76.9;83.0;23.4 °C;21.3;20.4;20.2;19.6;19.1
2024-04-16 14:28:09;22.0;50.2;64.2;63.0;76.9;83.0;23.4 °C;21.3;20.4;20.1;19.6;19.1
2024-04-16 14:38:08;22.2;50.2;64.2;63.0;76.9;83.0;23.4 °C;21.3;20.4;20.1;19.6;19.1
2024-04-16 14:48:09;22.0;50.2;64.2;63.0;76.9;83.0;23.3 °C;21.3;20.5;20.1;19.6;19.1
2024-04-16 14:58:07;22.1;50.2;64.2;63.0;76.9;83.0;23.3 °C;21.4;20.5;20.1;19.6;19.1
2024-04-16 15:08:08;22.1;50.2;64.2;63.0;76.9;83.0;23.2 °C;21.4;20.5;20.1;19.6;19.1
2024-04-16 15:18:09;22.1;50.2;64.2;63.0;76.9;83.0;23.1 °C;21.4;20.5;20.1;19.6;19.1
2024-04-16 15:28:08;22.1;50.3;64.2;63.0;76.9;83.0;23.1 °C;21.4;20.5;20.1;19.6;19.1
2024-04-16 15:38:06;22.0;50.2;64.2;63.0;76.9;83.0;23 °C;21.5;20.5;20.1;19.6;19.1
2024-04-16 15:48:10;22.0;50.3;64.2;63.0;76.9;83.0;22.9 °C;21.5;20.5;20.1;19.6;19.1
2024-04-16 15:58:07;22.0;50.3;64.2;63.0;76.9;83.0;22.8 °C;21.5;20.5;20.1;19.6;19.1
2024-04-16 16:08:07;22.1;50.3;64.2;63.0;76.9;83.0;22.7 °C;21.6;20.6;20.1;19.6;19.1
2024-04-16 16:18:12;22.2;50.3;64.1;63.0;76.9;83.0;22.6 °C;21.6;20.6;20.1;19.6;19.1
2024-04-16 16:28:05;22.0;50.3;64.1;63.0;76.9;83.0;22.5 °C;21.6;20.6;20.1;19.6;19.1
2024-04-16 16:38:08;22.0;50.3;64.1;63.0;76.9;83.0;22.4 °C;21.6;20.6;20.1;19.6;19.1
2024-04-16 16:48:09;22.0;50.3;64.2;63.0;76.9;83.0;22.3 °C;21.6;20.6;20.1;19.6;19.1
2024-04-16 16:58:08;22.0;50.3;64.1;63.0;76.9;83.0;22.1 °C;21.6;20.6;20.1;19.6;19.1
2024-04-16 17:08:07;22.0;50.3;64.2;63.0;76.9;83.0;22.1 °C;21.6;20.6;20.1;19.6;19.1
2024-04-16 17:18:11;22.0;50.3;64.2;62.9;76.9;82.9;22 °C;21.6;20.6;20.1;19.6;19.1
2024-04-16 17:28:08;22.0;50.3;64.2;62.9;76.9;82.9;21.9 °C;21.6;20.6;20.1;19.6;19.1
2024-04-16 17:38:05;22.0;50.3;64.2;63.0;76.8;82.9;21.9 °C;21.6;20.6;20.1;19.6;19.1
2024-04-16 17:48:07;22.0;50.3;64.2;63.0;76.8;82.9;21.8 °C;21.6;20.6;20.1;19.6;19.1
2024-04-16 17:58:04;22.0;50.3;64.2;63.0;76.9;82.9;21.8 °C;21.6;20.6;20.1;19.6;19.1
2024-04-16 18:08:06;22.0;50.3;64.2;63.0;76.9;82.9;21.7 °C;21.6;20.6;20.1;19.6;19.1
2024-04-16 18:18:10;22.0;50.3;64.2;63.0;76.8;82.9;21.6 °C;21.6;20.6;20.1;19.6;19.1
2024-04-16 18:28:10;22.0;50.3;64.2;62.9;76.8;82.9;21.6 °C;21.6;20.6;20.2;19.6;19.1
2024-04-16 18:38:11;22.0;50.3;64.2;62.9;76.8;82.9;21.6 °C;21.6;20.7;20.2;19.6;19.1
2024-04-16 18:48:11;22.0;50.3;64.2;62.9;76.8;82.9;21.5 °C;21.6;20.7;20.2;19.6;19.1
2024-04-16 18:58:08;22;50.3;64.2;62.9;76.8;82.9;21.4 °C;21.6;20.7;20.2;19.6;19.1
2024-04-16 19:08:05;22;50.3;64.2;62.9;76.8;82.9;21.4 °C;21.6;20.7;20.2;19.6;19.1
2024-04-16 19:18:11;22;50.3;64.2;62.9;76.8;82.9;21.4 °C;21.6;20.7;20.2;19.6;19.1
2024-04-16 19:28:05;22;50.3;64.2;62.9;76.8;82.9;21.3 °C;21.6;20.7;20.2;19.6;19.1
2024-04-16 19:38:07;22.0;50.3;64.2;62.9;76.8;82.9;21.3 °C;21.6;20.7;20.2;19.6;19.1
2024-04-16 19:48:08;22.0;50.3;64.2;62.9;76.8;82.9;21.2 °C;21.6;20.7;20.2;19.6;19.1
2024-04-16 19:58:11;22.0;50.3;64.2;62.9;76.8;82.9;21.1 °C;21.6;20.7;20.2;19.6;19.1
2024-04-16 20:08:11;22.0;50.3;64.2;62.9;76.8;82.8;21 °C;21.6;20.7;20.2;19.6;19.1
2024-04-16 20:18:08;22.0;50.3;64.2;63.0;76.8;82.8;20.9 °C;21.5;20.7;20.2;19.6;19.1
2024-04-16 20:28:11;22.1;50.3;64.2;62.9;76.8;82.8;20.8 °C;21.5;20.7;20.2;19.6;19.1
2024-04-16 20:38:07;22.0;50.3;64.2;62.9;76.8;82.9;20.8 °C;21.5;20.7;20.2;19.6;19.1
2024-04-16 20:48:05;22.1;50.3;64.2;62.9;76.8;82.9;20.7 °C;21.5;20.7;20.2;19.6;19.1
2024-04-16 20:58:11;22.1;50.3;64.2;62.9;76.8;82.9;20.7 °C;21.4;20.7;20.2;19.6;19.1
2024-04-16 21:08:04;22.0;50.3;64.2;62.9;76.8;82.9;20.6 °C;21.4;20.7;20.2;19.6;19.1
2024-04-16 21:18:06;22.0;50.3;64.2;62.9;76.8;82.9;20.6 °C;21.4;20.7;20.2;19.6;19.1
2024-04-16 21:28:10;22.1;50.3;64.1;63.0;76.8;82.9;20.5 °C;21.4;20.7;20.2;19.6;19.1
2024-04-16 21:38:06;22.0;50.3;64.2;62.9;76.8;82.9;20.4 °C;21.4;20.7;20.2;19.6;19.1
2024-04-16 21:48:10;22.1;50.3;64.2;62.9;76.8;82.9;20.4 °C;21.4;20.7;20.2;19.6;19.1
2024-04-16 21:58:11;22.0;50.3;64.1;62.9;76.8;82.9;20.4 °C;21.4;20.7;20.2;19.6;19.1
2024-04-16 22:08:08;22.0;50.3;64.1;62.9;76.8;82.9;20.3 °C;21.3;20.7;20.2;19.6;19.1
2024-04-16 22:18:09;22.1;50.3;64.2;62.9;76.8;82.9;20.3 °C;21.3;20.7;20.2;19.6;19.1
2024-04-16 22:28:09;22.1;50.3;64.1;62.9;76.8;82.9;20.2 °C;21.3;20.7;20.3;19.6;19.1
2024-04-16 22:38:11;22.1;50.3;64.1;62.9;76.8;82.9;20.2 °C;21.3;20.7;20.3;19.6;19.1
2024-04-16 22:48:08;22.1;50.3;64.1;62.9;76.8;82.9;20.1 °C;21.3;20.7;20.3;19.6;19.1
2024-04-16 22:58:10;22.1;50.3;64.1;62.9;76.8;82.9;20.1 °C;21.3;20.7;20.3;19.6;19.1
2024-04-16 23:08:06;22.1;50.3;64.1;62.9;76.8;82.9;20.1 °C;21.2;20.7;20.3;19.6;19.1
2024-04-16 23:18:06;22.1;50.3;64.1;62.9;76.8;82.9;20.1 °C;21.2;20.7;20.3;19.6;19.1
2024-04-16 23:28:06;22.1;50.2;64.1;63.0;76.8;82.9;20 °C;21.2;20.7;20.3;19.6;19.1
2024-04-16 23:38:07;22.1;50.2;64.1;62.9;76.8;82.9;20 °C;21.1;20.7;20.3;19.6;19.1
2024-04-16 23:48:11;22.1;50.2;64.1;62.9;76.8;82.9;19.9 °C;21.1;20.6;20.3;19.6;19.1
2024-04-16 23:58:09;22.1;50.2;64.1;63.0;76.8;82.9;19.9 °C;21.1;20.6;20.3;19.7;19.1
2024-04-17 00:08:08;22.1;50.2;64.1;62.9;76.8;82.9;19.9 °C;21.1;20.6;20.3;19.7;19.1
2024-04-17 00:18:09;22.1;50.2;64.1;62.9;76.8;82.9;19.9 °C;21.1;20.6;20.3;19.7;19.1
2024-04-17 00:28:09;22.1;50.2;64.1;63.0;76.8;82.9;19.8 °C;21.1;20.6;20.3;19.7;19.1
2024-04-17 00:38:12;22.1;50.2;64.1;62.9;76.8;82.9;19.8 °C;21;20.6;20.3;19.6;19.1
2024-04-17 00:48:09;22.1;50.2;64.1;63.0;76.8;82.9;19.8 °C;21;20.6;20.3;19.7;19.1
2024-04-17 00:58:09;22.1;50.2;64.1;62.9;76.8;82.9;19.8 °C;21;20.6;20.3;19.7;19.1
2024-04-17 01:08:12;22.1;50.2;64.1;62.9;76.8;82.9;19.7 °C;20.9;20.6;20.3;19.7;19.1
2024-04-17 01:18:05;22.1;50.2;64.0;62.9;76.8;82.9;19.7 °C;20.9;20.6;20.3;19.7;19.1
2024-04-17 01:28:08;22.1;50.2;64.0;62.9;76.8;82.9;19.6 °C;20.9;20.6;20.3;19.7;19.1
2024-04-17 01:38:11;22.1;50.2;64.0;62.9;76.8;82.9;19.6 °C;20.9;20.6;20.2;19.7;19.1
2024-04-17 01:48:04;22.1;50.2;64.0;62.9;76.8;82.9;19.6 °C;20.9;20.6;20.2;19.7;19.1
2024-04-17 01:58:07;22.1;50.2;64.0;62.9;76.8;82.9;19.5 °C;20.9;20.6;20.2;19.7;19.1
2024-04-17 02:08:08;22.1;50.1;64.0;62.9;76.8;82.9;19.4 °C;20.8;20.6;20.2;19.7;19.1
2024-04-17 02:18:05;22.1;50.1;64.0;62.9;76.8;82.9;19.4 °C;20.8;20.6;20.2;19.7;19.1
2024-04-17 02:28:05;22.1;50.1;64.0;62.9;76.8;82.9;19.3 °C;20.8;20.5;20.2;19.7;19.1
2024-04-17 02:38:07;22.1;50.1;64.0;62.9;76.8;82.9;19.2 °C;20.8;20.5;20.2;19.7;19.1
2024-04-17 02:48:09;22.1;50.1;64.0;62.9;76.8;82.9;19.1 °C;20.8;20.5;20.2;19.7;19.1
2024-04-17 02:58:05;22.1;50.1;64.0;62.9;76.8;82.9;19.1 °C;20.8;20.5;20.2;19.7;19.1
2024-04-17 03:08:08;22.1;50.1;64.0;62.9;76.8;82.9;19 °C;20.7;20.5;20.2;19.7;19.1
2024-04-17 03:18:10;22.1;50.1;64.0;62.9;76.8;82.9;18.9 °C;20.7;20.5;20.2;19.7;19.1
2024-04-17 03:28:10;22.1;50.1;64.0;62.9;76.8;82.9;18.9 °C;20.7;20.5;20.2;19.7;19.1
2024-04-17 03:38:06;22.1;50.1;64.0;62.9;76.8;82.9;18.8 °C;20.6;20.4;20.2;19.7;19.1
2024-04-17 03:48:05;22.1;50.1;64.0;62.9;76.8;82.9;18.7 °C;20.6;20.4;20.2;19.7;19.1
2024-04-17 03:58:09;22.1;50.1;64.0;62.9;76.8;82.9;18.6 °C;20.6;20.4;20.2;19.7;19.1
2024-04-17 04:08:08;22.1;50.1;64.0;62.9;76.8;82.9;18.6 °C;20.6;20.4;20.2;19.7;19.1
2024-04-17 04:18:06;22.2;50.0;64.0;62.9;76.8;82.9;18.5 °C;20.6;20.4;20.2;19.7;19.1
2024-04-17 04:28:10;22.2;50.1;64.0;62.9;76.8;82.9;18.5 °C;20.5;20.4;20.2;19.7;19.1
2024-04-17 04:38:07;22.2;50.1;64.0;62.9;76.8;82.9;18.4 °C;20.5;20.4;20.2;19.7;19.1
2024-04-17 04:48:04;22.2;50.1;64.0;62.9;76.8;82.9;18.4 °C;20.4;20.4;20.2;19.7;19.1
2024-04-17 04:58:06;22.2;50.0;64.0;62.9;76.8;82.9;18.4 °C;20.4;20.4;20.2;19.7;19.1
2024-04-17 05:08:06;22.2;50.0;64.0;62.9;76.8;82.9;18.4 °C;20.4;20.4;20.2;19.7;19.1
2024-04-17 05:18:10;22.2;50.0;63.9;62.9;76.8;82.9;18.4 °C;20.4;20.4;20.1;19.7;19.1
2024-04-17 05:28:11;22.2;50.0;63.9;62.9;76.8;82.9;18.4 °C;20.3;20.3;20.1;19.7;19.1
2024-04-17 05:38:09;22.2;50.0;63.9;62.9;76.8;82.9;18.3 °C;20.3;20.3;20.1;19.7;19.1
2024-04-17 05:48:04;22.2;49.9;63.9;62.9;76.8;82.9;18.3 °C;20.3;20.3;20.1;19.7;19.1
2024-04-17 05:58:10;22.2;50.0;63.9;62.9;76.8;82.9;18.3 °C;20.3;20.3;20.1;19.7;19.1
2024-04-17 06:08:07;22.2;50.0;63.9;62.9;76.8;82.9;18.2 °C;20.3;20.3;20.1;19.7;19.1
2024-04-17 06:18:04;22.2;50.0;63.9;62.9;76.8;82.9;18.2 °C;20.2;20.3;20.1;19.7;19.1
2024-04-17 06:28:07;22.2;49.9;63.9;62.9;76.8;82.9;18.2 °C;20.2;20.3;20.1;19.7;19.1
2024-04-17 06:38:04;22.2;49.9;63.9;62.9;76.8;82.9;18.1 °C;20.1;20.3;20.1;19.7;19.1
2024-04-17 06:48:07;22.2;49.9;63.9;62.9;76.8;82.9;18.1 °C;20.1;20.3;20.1;19.6;19.1
2024-04-17 06:58:08;22.3;49.9;63.9;62.9;76.8;82.9;18.1 °C;20.1;20.2;20.1;19.6;19.1
2024-04-17 07:08:07;22.3;49.9;63.9;62.8;76.8;82.9;18.1 °C;20.1;20.2;20.1;19.7;19.1
2024-04-17 07:18:08;22.2;49.9;63.8;62.9;76.8;82.9;18.1 °C;20.1;20.2;20.1;19.6;19.2
2024-04-17 07:28:06;22.3;49.9;63.8;62.8;76.8;82.9;18.1 °C;20.1;20.2;20.1;19.6;19.2
2024-04-17 07:38:06;22.3;49.9;63.8;62.9;76.8;82.9;18.1 °C;20;20.2;20.1;19.6;19.2
2024-04-17 07:48:10;22.3;49.9;63.8;62.8;76.8;82.9;18.1 °C;20;20.1;20.1;19.6;19.2
2024-04-17 07:58:07;22.3;49.9;63.8;62.8;76.8;82.9;18.1 °C;19.9;20.1;20.1;19.6;19.1
2024-04-17 08:08:08;22.3;49.9;63.8;62.8;76.8;82.9;18.1 °C;19.9;20.1;20.1;19.6;19.2
2024-04-17 08:18:07;22.3;49.9;63.8;62.8;76.8;82.9;18.1 °C;19.9;20.1;20.1;19.6;19.1
2024-04-17 08:28:04;22.3;49.9;63.8;62.8;76.8;82.9;18.1 °C;19.9;20.1;20.1;19.6;19.1
2024-04-17 08:38:06;22.3;49.9;63.8;62.8;76.8;82.9;18.1 °C;19.9;20.1;20.1;19.6;19.1
2024-04-17 08:48:07;22.3;49.9;63.8;62.8;76.8;82.9;18.1 °C;19.9;20.1;20.1;19.6;19.1
2024-04-17 08:58:08;22.3;49.9;63.8;62.8;76.8;83.0;18.2 °C;19.8;20.1;20;19.6;19.1
2024-04-17 09:08:07;22.3;49.9;63.8;62.8;76.8;82.9;18.3 °C;19.8;20;20;19.6;19.2
2024-04-17 09:18:09;22.3;49.9;63.8;62.8;76.8;83.0;18.4 °C;19.8;20;20;19.6;19.1
2024-04-17 09:28:04;22.3;49.8;63.7;62.8;76.8;82.9;18.5 °C;19.8;20;20;19.6;19.1
2024-04-17 09:38:10;22.3;49.8;63.7;62.8;76.8;82.9;18.6 °C;19.8;20;20;19.6;19.2
2024-04-17 09:48:10;22.3;49.8;63.7;62.8;76.8;83.0;18.8 °C;19.8;19.9;20;19.6;19.1
2024-04-17 09:58:07;22.3;49.8;63.7;62.8;76.8;83.0;19 °C;19.8;19.9;20;19.6;19.1
2024-04-17 10:08:09;22.3;49.8;63.7;62.8;76.8;83.0;19.1 °C;19.8;19.9;20;19.6;19.1
2024-04-17 10:18:08;22.3;49.8;63.7;62.8;76.8;83.0;19.2 °C;19.8;19.9;19.9;19.6;19.1
2024-04-17 10:28:11;22.2;49.8;63.7;62.8;76.8;83.0;19.3 °C;19.8;19.9;19.9;19.6;19.1
2024-04-17 10:38:08;22.2;49.9;63.7;62.8;76.8;83.0;19.3 °C;19.7;19.9;19.9;19.6;19.1
2024-04-17 10:48:11;22.2;49.8;63.7;62.8;76.8;83.0;19.4 °C;19.7;19.9;19.9;19.6;19.1
2024-04-17 10:58:04;22.2;49.8;63.7;62.7;76.8;83.0;19.5 °C;19.7;19.9;19.9;19.6;19.1
2024-04-17 11:08:11;22.2;49.8;63.7;62.7;76.8;83.0;19.6 °C;19.8;19.9;19.9;19.6;19.1
2024-04-17 11:18:05;22.2;49.8;63.7;62.7;76.8;83.0;19.8 °C;19.8;19.9;19.9;19.6;19.1
2024-04-17 11:28:08;22.2;49.8;63.6;62.7;76.8;83.0;19.8 °C;19.8;19.8;19.9;19.6;19.1
2024-04-17 11:38:07;22.2;49.8;63.6;62.7;76.8;83.0;19.9 °C;19.8;19.8;19.9;19.6;19.1
2024-04-17 11:48:04;22.2;49.8;63.6;62.7;76.8;83.0;20.1 °C;19.8;19.8;19.9;19.6;19.1
2024-04-17 11:58:07;22.2;49.8;63.6;62.7;76.7;83.0;20.1 °C;19.8;19.8;19.9;19.6;19.1
2024-04-17 12:08:05;22.2;49.8;63.6;62.7;76.8;83.0;20 °C;19.8;19.8;19.9;19.6;19.1
2024-04-17 12:18:04;22.2;49.8;63.6;62.7;76.8;82.9;19.9 °C;19.8;19.8;19.9;19.6;19.1
2024-04-17 12:28:07;22.2;49.8;63.6;62.7;76.8;82.9;19.9 °C;19.8;19.8;19.9;19.6;19.1
2024-04-17 12:38:09;22.2;49.8;63.6;62.7;76.7;83.0;19.9 °C;19.8;19.8;19.9;19.6;19.1
2024-04-17 12:48:04;22.2;49.8;63.6;62.7;76.7;82.9;19.9 °C;19.8;19.8;19.8;19.6;19.1
2024-04-17 12:58:06;22.1;49.8;63.6;62.7;76.7;83.0;20.1 °C;19.8;19.8;19.8;19.6;19.1
2024-04-17 13:08:11;22.2;49.8;63.6;62.7;76.7;83.0;20.3 °C;19.9;19.8;19.8;19.6;19.1
2024-04-17 13:18:05;22.2;49.8;63.6;62.7;76.7;83.0;20.5 °C;19.9;19.8;19.8;19.6;19.1
2024-04-17 13:28:05;22.4;49.8;63.6;62.7;76.7;83.0;20.7 °C;19.9;19.8;19.8;19.6;19.1
2024-04-17 13:38:04;22.5;49.8;63.6;62.7;76.7;83.0;20.8 °C;19.9;19.8;19.8;19.6;19.1
2024-04-17 13:48:10;22.6;49.8;63.6;62.6;76.7;83.0;20.9 °C;19.9;19.8;19.8;19.6;19.1
2024-04-17 13:58:07;22.6;49.8;63.6;62.6;76.7;83.0;20.9 °C;19.9;19.8;19.8;19.6;19.1
2024-04-17 14:08:06;22.7;49.8;63.6;62.6;76.8;83.0;20.9 °C;20;19.8;19.8;19.5;19.1
2024-04-17 14:18:10;22.7;49.9;63.6;62.6;76.7;82.9;20.8 °C;20;19.8;19.8;19.5;19.1
2024-04-17 14:28:06;22.8;49.9;63.6;62.6;76.7;82.9;20.8 °C;20;19.8;19.8;19.5;19.1
2024-04-17 14:38:03;22.9;49.9;63.6;62.6;76.7;82.9;20.6 °C;20.1;19.8;19.8;19.5;19.1
2024-04-17 14:48:05;22.9;49.9;63.6;62.6;76.7;82.9;20.6 °C;20.1;19.8;19.8;19.5;19.1
2024-04-17 14:58:05;22.9;49.9;63.5;62.6;76.7;82.9;20.6 °C;20.1;19.8;19.8;19.5;19.1
2024-04-17 15:08:10;23.0;49.9;63.6;62.6;76.7;82.9;20.5 °C;20.1;19.8;19.8;19.5;19.1
2024-04-17 15:28:11;23.0;50.0;63.6;62.6;76.7;82.9;20.4 °C;20.2;19.8;19.8;19.5;19.1
2024-04-17 15:38:08;23.0;50.0;63.5;62.6;76.7;82.9;20.1 °C;20.2;19.8;19.8;19.5;19.1
2024-04-17 15:48:08;23.0;50.0;63.6;62.6;76.7;82.9;20 °C;20.2;19.8;19.8;19.5;19.1
2024-04-17 15:58:10;23.0;50.1;63.5;62.6;76.7;82.9;19.9 °C;20.2;19.8;19.8;19.5;19.1
2024-04-17 16:08:04;23.0;50.1;63.6;62.6;76.7;82.9;19.8 °C;20.2;19.8;19.8;19.5;19.1
2024-04-17 16:18:10;23.0;50.1;63.6;62.6;76.7;82.9;19.8 °C;20.3;19.8;19.8;19.5;19.1
2024-04-17 16:28:04;23.1;50.1;63.5;62.6;76.6;82.8;19.6 °C;20.3;19.8;19.8;19.5;19.1
2024-04-17 16:38:10;23.1;50.1;63.5;62.6;76.6;82.8;19.6 °C;20.3;19.8;19.7;19.5;19.1
2024-04-17 16:48:08;23.1;50.1;63.6;62.6;76.6;82.8;19.5 °C;20.3;19.8;19.7;19.4;19.1
2024-04-17 16:58:10;23.2;50.2;63.6;62.6;76.6;82.8;19.4 °C;20.3;19.8;19.7;19.4;19.1
2024-04-17 17:08:08;23.2;50.2;63.6;62.6;76.6;82.8;19.4 °C;20.3;19.8;19.7;19.4;19.1
2024-04-17 17:18:10;23.2;50.2;63.5;62.6;76.6;82.8;19.4 °C;20.3;19.8;19.7;19.4;19.1
2024-04-17 17:28:07;23.3;50.2;63.6;62.6;76.6;82.7;19.4 °C;20.2;19.8;19.7;19.4;19.1
2024-04-17 17:38:05;23.3;50.2;63.6;62.6;76.6;82.7;19.3 °C;20.2;19.8;19.7;19.4;19.1
2024-04-17 17:48:08;23.3;50.2;63.5;62.6;76.6;82.7;19.1 °C;20.2;19.8;19.7;19.4;19.1
2024-04-17 17:58:07;23.3;50.2;63.6;62.6;76.6;82.8;18.9 °C;20.2;19.8;19.7;19.4;19.1
2024-04-17 18:08:06;23.3;50.2;63.6;62.6;76.6;82.8;18.8 °C;20.2;19.8;19.7;19.4;19.1
2024-04-17 18:18:10;23.3;50.2;63.5;62.5;76.6;82.8;18.6 °C;20.2;19.8;19.7;19.4;19.1
2024-04-17 18:28:04;23.3;50.2;63.5;62.6;76.6;82.8;18.5 °C;20.2;19.8;19.7;19.4;19.1
2024-04-17 18:38:10;23.3;50.2;63.5;62.5;76.6;82.7;18.4 °C;20.2;19.8;19.7;19.4;19.1
2024-04-17 18:48:08;23.3;50.3;63.5;62.5;76.5;82.7;18.3 °C;20.1;19.8;19.7;19.4;19.1
2024-04-17 18:58:11;23.3;50.2;63.5;62.5;76.5;82.7;18.2 °C;20.1;19.8;19.7;19.4;19.1
2024-04-17 19:08:08;23.4;50.2;63.5;62.5;76.6;82.7;18.1 °C;20.1;19.8;19.7;19.4;19.1
2024-04-17 19:18:08;23.4;50.3;63.5;62.5;76.6;82.7;17.9 °C;20.1;19.8;19.7;19.4;19.1
2024-04-17 19:28:10;23.4;50.3;63.5;62.5;76.6;82.7;17.8 °C;20.1;19.8;19.7;19.4;19.1
2024-04-17 19:38:03;23.4;50.3;63.5;62.5;76.6;82.8;17.7 °C;20.1;19.8;19.7;19.4;19.1
2024-04-17 19:48:10;23.4;50.3;63.5;62.5;76.5;82.7;17.6 °C;20;19.8;19.7;19.4;19.1
2024-04-17 19:58:06;23.4;50.3;63.5;62.5;76.5;82.7;17.5 °C;20;19.8;19.7;19.4;19.1
2024-04-17 20:08:04;23.4;50.3;63.5;62.5;76.5;82.7;17.4 °C;20;19.8;19.7;19.4;19.1
2024-04-17 20:18:06;23.5;50.3;63.5;62.5;76.5;82.7;17.4 °C;19.9;19.8;19.7;19.4;19.1
2024-04-17 20:28:04;23.5;50.3;63.5;62.5;76.5;82.7;17.3 °C;19.9;19.8;19.7;19.4;19.1
2024-04-17 20:38:06;23.5;50.3;63.5;62.5;76.5;82.7;17.3 °C;19.9;19.8;19.7;19.4;19.1
2024-04-17 20:48:08;23.5;50.3;63.5;62.5;76.5;82.7;17.2 °C;19.9;19.8;19.7;19.4;19.1
2024-04-17 20:58:07;23.5;50.2;63.5;62.5;76.6;82.7;17.1 °C;19.8;19.8;19.7;19.4;19.1
2024-04-17 21:08:08;23.5;50.2;63.5;62.5;76.5;82.7;17 °C;19.8;19.8;19.7;19.4;19.1
2024-04-17 21:18:04;23.5;50.2;63.5;62.5;76.5;82.7;16.9 °C;19.8;19.8;19.7;19.4;19.1
2024-04-17 21:28:07;23.5;50.2;63.5;62.5;76.5;82.7;16.9 °C;19.8;19.8;19.7;19.4;19.1
2024-04-17 21:38:06;23.6;50.2;63.5;62.5;76.5;82.7;16.9 °C;19.7;19.8;19.7;19.4;19.1
2024-04-17 21:48:06;23.6;50.2;63.5;62.5;76.5;82.7;16.8 °C;19.7;19.8;19.7;19.4;19.1
2024-04-17 21:58:07;23.6;50.2;63.5;62.5;76.5;82.7;16.8 °C;19.6;19.7;19.7;19.4;19.1
2024-04-17 22:08:10;23.6;50.2;63.5;62.5;76.5;82.7;16.8 °C;19.6;19.7;19.7;19.4;19.1
2024-04-17 22:18:07;23.6;50.2;63.5;62.5;76.5;82.7;16.8 °C;19.6;19.7;19.7;19.4;19.1
2024-04-17 22:28:05;23.6;50.2;63.5;62.5;76.5;82.7;16.8 °C;19.6;19.7;19.7;19.4;19.1
2024-04-17 22:38:06;23.6;50.2;63.5;62.5;76.5;82.8;16.7 °C;19.5;19.7;19.6;19.4;19.1
2024-04-17 22:48:04;23.6;50.2;63.4;62.5;76.5;82.7;16.6 °C;19.5;19.7;19.6;19.4;19.1
2024-04-17 22:58:11;23.6;50.2;63.4;62.4;76.5;82.7;16.6 °C;19.4;19.6;19.6;19.4;19.1
2024-04-17 23:08:09;23.6;50.2;63.4;62.5;76.5;82.8;16.5 °C;19.4;19.6;19.6;19.4;19.1
2024-04-17 23:18:04;23.6;50.2;63.4;62.5;76.5;82.8;16.4 °C;19.4;19.6;19.6;19.4;19.1
2024-04-17 23:28:04;23.6;50.2;63.4;62.5;76.5;82.8;16.4 °C;19.4;19.6;19.6;19.4;19.1
2024-04-17 23:38:07;23.6;50.2;63.4;62.4;76.5;82.8;16.4 °C;19.3;19.6;19.6;19.4;19.1
2024-04-17 23:48:09;23.6;50.1;63.4;62.4;76.5;82.8;16.3 °C;19.3;19.6;19.6;19.4;19.1
2024-04-17 23:58:09;23.6;50.2;63.4;62.4;76.5;82.7;16.3 °C;19.3;19.6;19.6;19.4;19.1
2024-04-18 00:08:09;23.7;50.1;63.4;62.4;76.5;82.8;16.1 °C;19.3;19.6;19.6;19.4;19.1
2024-04-18 00:18:06;23.6;50.1;63.4;62.4;76.5;82.7;16.1 °C;19.2;19.6;19.6;19.4;19.1
2024-04-18 00:28:07;23.6;50.1;63.4;62.4;76.5;82.7;16 °C;19.2;19.6;19.6;19.4;19
2024-04-18 00:38:04;23.6;50.1;63.4;62.4;76.5;82.7;15.9 °C;19.1;19.5;19.6;19.4;19
2024-04-18 00:48:08;23.6;50.1;63.4;62.4;76.5;82.7;15.9 °C;19.1;19.5;19.6;19.4;19
2024-04-18 00:58:04;23.7;50.1;63.4;62.4;76.5;82.7;15.8 °C;19.1;19.5;19.6;19.4;19
2024-04-18 01:08:06;23.7;50.1;63.4;62.4;76.5;82.7;15.8 °C;19;19.5;19.6;19.4;19
2024-04-18 01:18:08;23.7;50.1;63.4;62.4;76.5;82.7;15.7 °C;19;19.4;19.6;19.4;19
2024-04-18 01:28:07;23.7;50.1;63.4;62.4;76.5;82.7;15.6 °C;18.9;19.4;19.6;19.4;19
2024-04-18 01:38:05;23.7;50.1;63.3;62.4;76.5;82.7;15.6 °C;18.9;19.4;19.6;19.4;19
2024-04-18 01:48:09;23.7;50.1;63.3;62.4;76.5;82.7;15.5 °C;18.9;19.4;19.6;19.3;19
2024-04-18 01:58:06;23.7;50.0;63.3;62.4;76.5;82.7;15.4 °C;18.9;19.4;19.6;19.3;19
2024-04-18 02:08:04;23.7;50.1;63.3;62.4;76.5;82.7;15.4 °C;18.8;19.4;19.6;19.3;19
2024-04-18 02:18:06;23.7;50.0;63.3;62.4;76.5;82.7;15.3 °C;18.8;19.4;19.6;19.3;19
2024-04-18 02:28:04;23.7;50.0;63.3;62.4;76.5;82.7;15.2 °C;18.8;19.3;19.5;19.3;19
2024-04-18 02:38:04;23.7;50.0;63.3;62.4;76.5;82.7;15.1 °C;18.7;19.3;19.5;19.3;19
2024-04-18 02:48:03;23.7;50.0;63.3;62.4;76.5;82.7;15.1 °C;18.7;19.3;19.5;19.3;19
2024-04-18 02:58:05;23.7;50.0;63.3;62.4;76.5;82.7;15 °C;18.6;19.3;19.5;19.3;19
2024-04-18 03:08:09;23.7;50.0;63.3;62.4;76.5;82.7;14.9 °C;18.6;19.3;19.5;19.3;19
2024-04-18 03:18:09;23.8;50.0;63.3;62.4;76.5;82.7;14.8 °C;18.6;19.3;19.5;19.3;19
2024-04-18 03:28:10;23.8;50.0;63.3;62.4;76.5;82.7;14.8 °C;18.5;19.3;19.5;19.3;19
2024-04-18 03:38:07;23.8;50.0;63.2;62.4;76.5;82.7;14.7 °C;18.5;19.2;19.5;19.3;19
2024-04-18 03:48:10;23.8;50.0;63.2;62.3;76.5;82.7;14.6 °C;18.4;19.2;19.4;19.3;19
2024-04-18 03:58:03;23.8;50.0;63.2;62.3;76.5;82.7;14.6 °C;18.4;19.2;19.4;19.3;19
2024-04-18 04:08:10;23.8;49.9;63.2;62.3;76.5;82.7;14.5 °C;18.4;19.1;19.4;19.3;19
2024-04-18 04:18:03;23.8;50.0;63.2;62.3;76.5;82.7;14.5 °C;18.3;19.1;19.4;19.3;19
2024-04-18 04:28:09;23.8;50.0;63.2;62.3;76.5;82.7;14.4 °C;18.3;19.1;19.4;19.3;19
2024-04-18 04:38:09;23.8;49.9;63.2;62.3;76.5;82.7;14.4 °C;18.3;19.1;19.4;19.3;19
2024-04-18 04:48:05;23.8;49.9;63.2;62.3;76.5;82.7;14.3 °C;18.2;19.1;19.4;19.3;19
2024-04-18 04:58:10;23.8;49.9;63.2;62.3;76.5;82.7;14.3 °C;18.2;19.1;19.4;19.3;19
2024-04-18 05:08:03;23.8;49.9;63.2;62.3;76.5;82.7;14.3 °C;18.1;19;19.4;19.3;19
2024-04-18 05:18:09;23.8;49.9;63.2;62.3;76.5;82.7;14.2 °C;18.1;19;19.4;19.3;19
2024-04-18 05:28:10;23.8;49.9;63.1;62.3;76.5;82.7;14.1 °C;18.1;19;19.4;19.3;19
2024-04-18 05:38:04;23.8;49.9;63.2;62.3;76.5;82.7;14.1 °C;18;18.9;19.4;19.3;19
2024-04-18 05:48:03;23.8;49.9;63.2;62.3;76.4;82.7;14.1 °C;18;18.9;19.3;19.3;19
2024-04-18 05:58:09;23.8;49.9;63.2;62.3;76.5;82.7;14 °C;17.9;18.9;19.3;19.3;19
2024-04-18 06:08:06;23.8;49.9;63.1;62.3;76.5;82.7;14 °C;17.9;18.9;19.3;19.3;19
2024-04-18 06:18:07;23.8;49.9;63.1;62.3;76.4;82.7;13.9 °C;17.9;18.9;19.3;19.3;19
2024-04-18 06:28:06;23.8;49.9;63.1;62.3;76.4;82.7;13.9 °C;17.8;18.9;19.3;19.3;19
2024-04-18 06:38:04;23.8;49.9;63.1;62.3;76.4;82.7;13.9 °C;17.8;18.8;19.3;19.3;18.9
2024-04-18 06:48:03;23.8;49.9;63.1;62.2;76.4;82.7;13.9 °C;17.8;18.8;19.3;19.3;18.9
2024-04-18 06:58:10;23.8;49.9;63.1;62.2;76.4;82.7;13.9 °C;17.8;18.8;19.3;19.2;18.9
2024-04-18 07:08:07;23.8;49.8;63.1;62.2;76.4;82.7;13.9 °C;17.7;18.8;19.3;19.2;18.9
2024-04-18 07:18:06;23.8;49.8;63.1;62.2;76.4;82.7;13.9 °C;17.6;18.8;19.3;19.2;18.9
2024-04-18 07:28:08;23.8;49.8;63.1;62.2;76.4;82.7;13.9 °C;17.6;18.7;19.3;19.2;18.9
2024-04-18 07:38:08;23.8;49.8;63.1;62.2;76.4;82.7;13.9 °C;17.6;18.7;19.2;19.2;18.9
2024-04-18 07:48:07;23.8;49.8;63.1;62.2;76.4;82.7;13.9 °C;17.6;18.7;19.2;19.2;18.9
2024-04-18 07:58:05;23.8;49.8;63.1;62.2;76.4;82.7;13.9 °C;17.5;18.6;19.2;19.2;18.9
2024-04-18 08:08:06;23.8;49.8;63.1;62.2;76.4;82.7;14 °C;17.5;18.6;19.2;19.2;18.9
2024-04-18 08:18:04;23.8;49.8;63.0;62.2;76.4;82.7;14 °C;17.4;18.6;19.2;19.2;18.9
2024-04-18 08:28:07;23.8;49.8;63.0;62.2;76.4;82.7;14.1 °C;17.4;18.6;19.1;19.1;18.9
2024-04-18 08:38:06;23.8;49.8;63.0;62.2;76.4;82.7;14.2 °C;17.4;18.6;19.1;19.1;18.9
2024-04-18 08:48:08;23.8;49.8;63.0;62.2;76.4;82.7;14.3 °C;17.4;18.5;19.1;19.1;18.9
2024-04-18 08:58:03;23.8;49.8;63.0;62.2;76.4;82.7;14.4 °C;17.3;18.5;19.1;19.1;18.9
2024-04-18 09:08:09;23.8;49.8;63.0;62.2;76.4;82.7;14.5 °C;17.3;18.5;19.1;19.1;18.9
2024-04-18 09:18:10;23.8;49.8;63.0;62.2;76.4;82.7;14.6 °C;17.3;18.4;19.1;19.1;18.9
2024-04-18 09:28:04;23.8;49.8;63.0;62.1;76.4;82.7;14.8 °C;17.3;18.4;19.1;19.1;18.9
2024-04-18 09:38:03;23.8;49.8;63.0;62.1;76.4;82.7;14.9 °C;17.3;18.4;19.1;19.1;18.9
2024-04-18 09:48:09;23.8;49.8;63.0;62.1;76.4;82.7;15.2 °C;17.3;18.4;19.1;19.1;18.9
2024-04-18 09:58:06;23.7;49.8;62.9;62.1;76.4;82.7;15.4 °C;17.3;18.4;19;19.1;18.9
2024-04-18 10:08:08;23.8;49.8;63.0;62.1;76.4;82.7;15.7 °C;17.2;18.3;19;19.1;18.9
2024-04-18 10:18:04;23.8;49.8;63.0;62.1;76.4;82.7;15.9 °C;17.2;18.3;19;19.1;18.9
2024-04-18 10:28:07;23.8;49.8;62.9;62.1;76.4;82.7;16.1 °C;17.2;18.3;19;19.1;18.9
2024-04-18 10:38:06;23.7;49.8;62.9;62.1;76.4;82.7;16.4 °C;17.2;18.3;18.9;19.1;18.9
2024-04-18 10:48:04;23.7;49.8;62.9;62.1;76.4;82.7;16.6 °C;17.2;18.3;18.9;19.1;18.9
2024-04-18 10:58:03;23.8;49.8;62.9;62.1;76.4;82.7;16.8 °C;17.2;18.3;18.9;19.1;18.9
2024-04-18 11:08:10;23.8;49.8;62.9;62.1;76.4;82.7;17 °C;17.3;18.2;18.9;19.1;18.9
2024-04-18 11:18:08;23.8;49.8;62.9;62.1;76.4;82.7;17.3 °C;17.3;18.2;18.9;19.1;18.9
2024-04-18 11:28:04;23.7;49.8;62.9;62.1;76.4;82.7;17.4 °C;17.3;18.2;18.9;19;18.9
2024-04-18 11:38:03;23.7;49.8;62.9;62.0;76.4;82.7;17.6 °C;17.3;18.2;18.9;19;18.9
2024-04-18 11:48:09;23.7;49.8;62.9;62.0;76.4;82.7;17.8 °C;17.3;18.1;18.9;19;18.9
2024-04-18 11:58:06;23.7;49.8;62.9;62.0;76.4;82.7;17.9 °C;17.4;18.1;18.8;19;18.9
2024-04-18 12:08:08;23.7;49.8;62.9;62.0;76.4;82.7;18 °C;17.4;18.1;18.8;19;18.9
2024-04-18 12:18:04;23.7;49.8;62.9;62;76.4;82.7;18.1 °C;17.4;18.1;18.8;19;18.9
2024-04-18 12:28:08;23.7;49.8;62.9;62;76.4;82.7;18.1 °C;17.4;18.1;18.8;19;18.9
2024-04-18 12:38:03;23.7;49.8;62.9;62.0;76.4;82.7;18.1 °C;17.5;18.1;18.8;19;18.9
2024-04-18 12:48:10;23.7;49.8;62.9;62.0;76.4;82.7;18.1 °C;17.6;18.1;18.8;18.9;18.9
2024-04-18 12:58:08;23.7;49.8;62.9;62.0;76.4;82.8;18.1 °C;17.6;18.1;18.8;18.9;18.8
2024-04-18 13:08:07;23.7;49.8;62.9;61.9;76.4;82.8;18 °C;17.6;18.1;18.8;18.9;18.8
2024-04-18 13:18:06;23.7;49.8;62.9;61.9;76.4;82.7;18 °C;17.6;18.1;18.8;18.9;18.8
2024-04-18 13:28:03;23.7;49.8;62.9;62.0;76.4;82.7;17.9 °C;17.7;18.1;18.8;18.9;18.8
2024-04-18 13:38:07;23.7;49.8;62.9;62.0;76.4;82.7;17.9 °C;17.7;18.1;18.7;18.9;18.8
2024-04-18 13:48:09;23.7;49.9;62.8;61.9;76.4;82.7;17.8 °C;17.8;18.1;18.7;18.9;18.8
2024-04-18 13:58:10;23.6;49.8;62.8;62.0;76.4;82.7;17.7 °C;17.8;18.1;18.7;18.9;18.8
2024-04-18 14:08:08;23.6;49.8;62.9;61.9;76.3;82.7;17.6 °C;17.8;18.1;18.7;18.9;18.8
2024-04-18 14:18:08;23.7;49.8;62.8;61.9;76.4;82.7;17.5 °C;17.8;18.1;18.7;18.9;18.8
2024-04-18 14:28:07;23.6;49.8;62.8;61.9;76.3;82.7;17.5 °C;17.8;18.1;18.7;18.9;18.8
2024-04-18 14:38:07;23.6;49.9;62.8;61.9;76.3;82.7;17.6 °C;17.9;18.1;18.6;18.9;18.8
2024-04-18 14:48:09;23.5;49.8;62.8;61.9;76.4;82.7;17.7 °C;17.9;18.1;18.6;18.9;18.8
2024-04-18 14:58:02;23.5;49.8;62.8;61.9;76.3;82.7;17.8 °C;17.9;18.1;18.6;18.9;18.8
2024-04-18 15:08:09;23.5;49.8;62.8;61.9;76.3;82.7;17.9 °C;17.9;18.1;18.6;18.8;18.8
2024-04-18 15:18:05;23.5;49.8;62.8;61.9;76.3;82.7;17.9 °C;17.9;18.1;18.6;18.8;18.8
2024-04-18 15:28:02;23.5;49.8;62.8;61.9;76.3;82.7;17.9 °C;17.9;18.1;18.6;18.8;18.8
2024-04-18 15:38:05;23.5;49.8;62.8;61.9;76.3;82.7;17.8 °C;17.9;18.1;18.6;18.8;18.8
2024-04-18 15:48:05;23.5;49.8;62.8;61.9;76.3;82.7;17.9 °C;17.9;18.1;18.6;18.8;18.8
2024-04-18 15:58:10;23.5;49.8;62.8;61.9;76.3;82.7;17.9 °C;18;18.1;18.6;18.8;18.8
2024-04-18 16:08:08;23.5;49.8;62.8;61.9;76.3;82.7;17.9 °C;18;18.1;18.6;18.8;18.8
2024-04-18 16:18:04;23.5;49.8;62.8;61.8;76.3;82.7;17.9 °C;18;18.1;18.6;18.8;18.8
2024-04-18 16:28:04;23.5;49.8;62.8;61.8;76.3;82.7;17.9 °C;18;18.1;18.6;18.8;18.8
2024-04-18 16:38:07;23.5;49.8;62.8;61.8;76.3;82.7;17.9 °C;18.1;18.1;18.6;18.8;18.8
2024-04-18 16:48:06;23.5;49.8;62.8;61.8;76.3;82.7;17.9 °C;18.1;18.1;18.6;18.8;18.8
2024-04-18 16:58:05;23.5;49.8;62.8;61.8;76.3;82.6;17.9 °C;18.1;18.1;18.6;18.8;18.8
2024-04-18 17:08:09;23.5;49.8;62.8;61.8;76.3;82.7;17.8 °C;18.1;18.1;18.6;18.8;18.8
2024-04-18 17:18:03;23.5;49.8;62.8;61.8;76.3;82.7;17.8 °C;18.1;18.1;18.6;18.8;18.7
2024-04-18 17:28:09;23.5;49.8;62.8;61.8;76.3;82.7;17.8 °C;18.1;18.1;18.6;18.8;18.7
2024-04-18 17:38:07;23.5;49.8;62.8;61.8;76.3;82.7;17.9 °C;18.1;18.1;18.5;18.8;18.7
2024-04-18 17:48:09;23.5;49.8;62.8;61.8;76.3;82.7;17.9 °C;18.1;18.1;18.5;18.8;18.7
2024-04-18 17:58:07;23.5;49.8;62.8;61.8;76.3;82.7;17.9 °C;18.1;18.1;18.5;18.7;18.7
2024-04-18 18:08:10;23.5;49.8;62.8;61.8;76.3;82.7;17.9 °C;18.1;18.1;18.5;18.7;18.7
2024-04-18 18:18:03;23.5;49.8;62.8;61.8;76.3;82.7;17.9 °C;18.1;18.1;18.5;18.7;18.7
2024-04-18 18:28:06;23.5;49.8;62.8;61.8;76.3;82.7;17.9 °C;18.2;18.1;18.5;18.7;18.7
2024-04-18 18:38:09;23.5;49.8;62.8;61.8;76.3;82.7;17.9 °C;18.2;18.1;18.5;18.7;18.7
2024-04-18 18:48:05;23.5;49.8;62.8;61.8;76.3;82.7;17.8 °C;18.2;18.1;18.5;18.7;18.7
2024-04-18 18:58:07;23.5;49.8;62.8;61.8;76.3;82.7;17.8 °C;18.2;18.1;18.5;18.7;18.7
2024-04-18 19:08:09;23.5;49.8;62.8;61.8;76.3;82.7;17.7 °C;18.2;18.1;18.5;18.7;18.7
2024-04-18 19:18:03;23.4;49.8;62.8;61.8;76.2;82.7;17.6 °C;18.2;18.1;18.5;18.7;18.7
2024-04-18 19:28:05;23.4;49.8;62.8;61.8;76.2;82.7;17.5 °C;18.2;18.1;18.5;18.7;18.6
2024-04-18 19:38:03;23.4;49.8;62.8;61.8;76.2;82.7;17.4 °C;18.2;18.1;18.5;18.7;18.6
2024-04-18 19:48:09;23.4;49.8;62.8;61.8;76.2;82.6;17.3 °C;18.2;18.2;18.5;18.6;18.6
2024-04-18 19:58:07;23.4;49.8;62.8;61.8;76.2;82.6;17.1 °C;18.2;18.2;18.5;18.6;18.6
2024-04-18 20:08:06;23.4;49.8;62.8;61.8;76.2;82.6;16.9 °C;18.2;18.2;18.5;18.6;18.6
2024-04-18 20:18:08;23.4;49.8;62.8;61.8;76.2;82.6;16.8 °C;18.2;18.2;18.5;18.6;18.6
2024-04-18 20:28:07;23.4;49.7;62.8;61.8;76.2;82.6;16.8 °C;18.2;18.2;18.5;18.6;18.6
2024-04-18 20:38:07;23.4;49.8;62.8;61.8;76.2;82.6;16.6 °C;18.2;18.2;18.5;18.6;18.6
2024-04-18 20:48:06;23.4;49.8;62.8;61.8;76.2;82.6;16.6 °C;18.2;18.2;18.5;18.6;18.6
2024-04-18 20:58:04;23.4;49.7;62.8;61.8;76.2;82.6;16.5 °C;18.2;18.2;18.5;18.6;18.6
2024-04-18 21:08:08;23.4;49.8;62.8;61.8;76.2;82.6;16.4 °C;18.2;18.2;18.4;18.6;18.6
2024-04-18 21:18:08;23.4;49.8;62.8;61.8;76.2;82.6;16.4 °C;18.1;18.2;18.4;18.6;18.6
2024-04-18 21:28:03;23.4;49.7;62.8;61.8;76.2;82.6;16.3 °C;18.1;18.2;18.4;18.6;18.6
2024-04-18 21:38:03;23.4;49.7;62.8;61.8;76.2;82.6;16.2 °C;18.1;18.2;18.4;18.6;18.6
2024-04-18 21:48:06;23.4;49.7;62.8;61.7;76.2;82.6;16.1 °C;18.1;18.2;18.4;18.6;18.6
2024-04-18 21:58:09;23.4;49.7;62.8;61.7;76.2;82.6;16 °C;18.1;18.2;18.4;18.6;18.6
2024-04-18 22:08:09;23.4;49.7;62.8;61.8;76.2;82.6;15.9 °C;18.1;18.2;18.4;18.6;18.6
2024-04-18 22:18:07;23.4;49.7;62.8;61.7;76.2;82.6;15.8 °C;18.1;18.2;18.4;18.6;18.6
2024-04-18 22:28:06;23.4;49.7;62.7;61.7;76.2;82.6;15.8 °C;18;18.2;18.4;18.6;18.6
2024-04-18 22:38:08;23.4;49.7;62.7;61.7;76.2;82.6;15.6 °C;18;18.2;18.4;18.6;18.6
2024-04-18 22:48:05;23.4;49.7;62.7;61.7;76.2;82.6;15.5 °C;18;18.2;18.4;18.6;18.6
2024-04-18 22:58:02;23.4;49.7;62.7;61.7;76.2;82.6;15.4 °C;17.9;18.2;18.4;18.6;18.6
2024-04-18 23:08:09;23.4;49.7;62.7;61.7;76.2;82.6;15.4 °C;17.9;18.2;18.4;18.6;18.6
2024-04-18 23:18:05;23.4;49.7;62.8;61.7;76.2;82.6;15.3 °C;17.9;18.1;18.4;18.6;18.6
2024-04-18 23:28:07;23.4;49.7;62.8;61.7;76.2;82.6;15.2 °C;17.9;18.1;18.4;18.6;18.6
2024-04-18 23:38:02;23.4;49.7;62.8;61.7;76.2;82.6;15.1 °C;17.9;18.1;18.4;18.6;18.6
2024-04-18 23:48:08;23.4;49.6;62.7;61.7;76.2;82.6;15.1 °C;17.8;18.1;18.4;18.6;18.6
2024-04-18 23:58:09;23.4;49.6;62.8;61.7;76.2;82.6;15 °C;17.8;18.1;18.4;18.6;18.6
2024-04-19 00:08:06;23.4;49.7;62.7;61.7;76.2;82.6;14.9 °C;17.8;18.1;18.4;18.6;18.6
2024-04-19 00:18:07;23.4;49.7;62.7;61.7;76.2;82.6;14.9 °C;17.8;18.1;18.4;18.6;18.6
2024-04-19 00:28:07;23.5;49.7;62.7;61.7;76.2;82.6;14.8 °C;17.7;18.1;18.4;18.6;18.5
2024-04-19 00:38:06;23.4;49.6;62.7;61.7;76.2;82.6;14.7 °C;17.7;18.1;18.4;18.5;18.5
2024-04-19 00:48:05;23.4;49.6;62.7;61.7;76.2;82.6;14.6 °C;17.6;18.1;18.4;18.5;18.5
2024-04-19 00:58:02;23.5;49.6;62.7;61.7;76.2;82.6;14.6 °C;17.6;18.1;18.4;18.5;18.5
2024-04-19 01:08:09;23.4;49.6;62.7;61.7;76.2;82.6;14.5 °C;17.6;18.1;18.4;18.5;18.5
2024-04-19 01:18:05;23.4;49.6;62.7;61.7;76.2;82.6;14.5 °C;17.6;18.1;18.4;18.5;18.5
2024-04-19 01:28:07;23.5;49.6;62.7;61.7;76.2;82.6;14.4 °C;17.6;18.1;18.4;18.5;18.5
2024-04-19 01:38:02;23.5;49.6;62.7;61.7;76.1;82.6;14.4 °C;17.5;18.1;18.4;18.5;18.5
2024-04-19 01:48:09;23.5;49.6;62.7;61.7;76.2;82.6;14.4 °C;17.5;18;18.4;18.5;18.5
2024-04-19 01:58:06;23.5;49.6;62.7;61.6;76.2;82.6;14.4 °C;17.4;18;18.4;18.5;18.5
2024-04-19 02:08:09;23.5;49.6;62.7;61.6;76.1;82.6;14.4 °C;17.4;18;18.4;18.5;18.5
2024-04-19 02:18:07;23.5;49.6;62.7;61.6;76.1;82.6;14.4 °C;17.4;18;18.4;18.5;18.5
2024-04-19 02:28:06;23.5;49.6;62.7;61.6;76.2;82.6;14.3 °C;17.4;18;18.4;18.5;18.5
2024-04-19 02:38:08;23.5;49.6;62.7;61.6;76.1;82.6;14.3 °C;17.3;17.9;18.4;18.5;18.5
2024-04-19 02:48:05;23.5;49.6;62.7;61.6;76.1;82.6;14.3 °C;17.3;17.9;18.4;18.5;18.5
2024-04-19 02:58:02;23.5;49.6;62.7;61.6;76.1;82.5;14.3 °C;17.3;17.9;18.4;18.5;18.5
2024-04-19 03:08:09;23.5;49.6;62.7;61.6;76.1;82.5;14.3 °C;17.3;17.9;18.4;18.5;18.5
2024-04-19 03:18:05;23.5;49.6;62.7;61.6;76.1;82.5;14.3 °C;17.2;17.9;18.4;18.5;18.4
2024-04-19 03:28:07;23.5;49.6;62.6;61.6;76.1;82.6;14.3 °C;17.2;17.9;18.4;18.5;18.4
2024-04-19 03:38:02;23.5;49.6;62.6;61.6;76.1;82.5;14.3 °C;17.1;17.9;18.3;18.5;18.4
2024-04-19 03:48:09;23.5;49.6;62.7;61.6;76.1;82.6;14.3 °C;17.1;17.9;18.3;18.4;18.4
2024-04-19 03:58:07;23.5;49.6;62.6;61.6;76.1;82.5;14.3 °C;17.1;17.9;18.3;18.4;18.4
2024-04-19 04:08:09;23.5;49.6;62.6;61.6;76.1;82.5;14.3 °C;17.1;17.8;18.3;18.4;18.4
2024-04-19 04:18:07;23.5;49.5;62.6;61.6;76.1;82.5;14.3 °C;17.1;17.8;18.3;18.4;18.4
2024-04-19 04:28:07;23.5;49.6;62.6;61.6;76.1;82.5;14.3 °C;17;17.8;18.3;18.4;18.4
2024-04-19 04:38:06;23.5;49.5;62.6;61.6;76.1;82.5;14.2 °C;17;17.8;18.3;18.4;18.4
2024-04-19 04:48:09;23.5;49.5;62.6;61.6;76.1;82.5;14.3 °C;17;17.8;18.3;18.4;18.4
2024-04-19 04:58:02;23.6;49.5;62.6;61.6;76.1;82.5;14.2 °C;16.9;17.8;18.3;18.4;18.4
2024-04-19 05:08:08;23.6;49.5;62.6;61.6;76.1;82.5;14.2 °C;16.9;17.8;18.3;18.4;18.4
2024-04-19 05:18:05;23.6;49.5;62.6;61.6;76.1;82.5;14.2 °C;16.9;17.8;18.3;18.4;18.4
2024-04-19 05:28:03;23.7;49.5;62.6;61.6;76.1;82.5;14.2 °C;16.9;17.7;18.3;18.4;18.4
2024-04-19 05:38:02;24.0;49.5;62.6;61.6;76.0;82.4;14.2 °C;16.9;17.7;18.3;18.4;18.4
2024-04-19 05:48:09;24.2;49.5;62.6;61.5;76.0;82.3;14.2 °C;16.9;17.7;18.3;18.4;18.4
2024-04-19 05:58:07;24.2;49.5;62.6;61.5;76.0;82.3;14.2 °C;16.8;17.7;18.3;18.4;18.4
2024-04-19 06:08:05;24.2;49.5;62.6;61.5;75.9;82.3;14.3 °C;16.8;17.6;18.3;18.4;18.4
2024-04-19 06:18:07;24.2;49.5;62.6;61.5;75.9;82.3;14.3 °C;16.8;17.6;18.2;18.4;18.4
2024-04-19 06:28:07;24.4;49.5;62.6;61.5;75.9;82.3;14.2 °C;16.8;17.6;18.2;18.4;18.4
2024-04-19 06:38:07;24.7;49.5;62.6;61.5;75.9;82.2;14.2 °C;16.8;17.6;18.2;18.4;18.4
2024-04-19 06:48:02;24.7;49.5;62.6;61.5;75.9;82.2;14.2 °C;16.8;17.6;18.2;18.4;18.4
2024-04-19 06:58:08;24.8;49.5;62.6;61.5;75.9;82.2;14.2 °C;16.7;17.6;18.2;18.4;18.4
2024-04-19 07:08:05;24.8;49.5;62.6;61.5;75.9;82.2;14.2 °C;16.7;17.6;18.2;18.4;18.4
2024-04-19 07:18:02;24.7;49.5;62.6;61.5;75.8;82.1;14.1 °C;16.7;17.6;18.2;18.4;18.4
2024-04-19 07:28:05;24.7;49.5;62.6;61.5;75.8;82.1;14.1 °C;16.7;17.5;18.1;18.4;18.4
2024-04-19 07:38:03;24.7;49.5;62.6;61.5;75.8;82.1;14.1 °C;16.6;17.5;18.1;18.4;18.4
2024-04-19 07:48:02;24.7;49.5;62.6;61.5;75.8;82.1;14.1 °C;16.6;17.5;18.1;18.4;18.4
2024-04-19 07:58:04;24.8;49.5;62.6;61.5;75.8;82.1;14 °C;16.6;17.5;18.1;18.4;18.4
2024-04-19 08:08:09;24.8;49.5;62.6;61.5;75.8;82.1;14 °C;16.6;17.5;18.1;18.4;18.4
2024-04-19 08:18:07;24.8;49.5;62.6;61.5;75.9;82.1;14 °C;16.6;17.4;18.1;18.3;18.4
2024-04-19 08:28:02;24.8;49.5;62.5;61.4;75.8;82.1;14 °C;16.6;17.4;18.1;18.3;18.4
2024-04-19 08:38:04;24.8;49.5;62.5;61.4;75.9;82.1;14 °C;16.6;17.4;18.1;18.3;18.4
2024-04-19 08:48:04;24.8;49.5;62.5;61.4;75.8;82.1;14 °C;16.5;17.4;18.1;18.3;18.4
2024-04-19 08:58:05;24.8;49.5;62.6;61.4;75.8;82.1;14 °C;16.5;17.4;18.1;18.3;18.4
2024-04-19 09:08:06;24.8;49.5;62.6;61.4;75.8;82.1;14.1 °C;16.5;17.4;18.1;18.3;18.4
2024-04-19 09:18:05;24.8;49.5;62.5;61.4;75.8;82.1;14.1 °C;16.5;17.4;18.1;18.3;18.4
2024-04-19 09:28:06;24.8;49.5;62.5;61.4;75.8;82.1;14.1 °C;16.5;17.4;18.1;18.3;18.4
2024-04-19 09:38:04;24.9;49.4;62.5;61.4;75.8;82.1;14.1 °C;16.4;17.3;18;18.3;18.4
2024-04-19 09:48:04;24.9;49.5;62.5;61.4;75.8;82.1;14.1 °C;16.4;17.3;18;18.3;18.3
2024-04-19 09:58:09;24.9;49.5;62.5;61.4;75.8;82.1;14.2 °C;16.4;17.3;18;18.3;18.3
2024-04-19 10:08:02;25.0;49.4;62.5;61.4;75.8;82.1;14.2 °C;16.4;17.3;18;18.3;18.3
2024-04-19 10:18:05;25.1;49.5;62.5;61.4;75.8;82.1;14.2 °C;16.4;17.3;18;18.3;18.3
2024-04-19 10:28:07;25.1;49.5;62.5;61.4;75.8;82.1;14.3 °C;16.4;17.3;18;18.3;18.3
2024-04-19 10:38:07;25.2;49.5;62.5;61.4;75.8;82.1;14.3 °C;16.4;17.3;18;18.3;18.3
2024-04-19 10:48:02;25.1;49.5;62.5;61.4;75.8;82.1;14.3 °C;16.4;17.3;17.9;18.3;18.3
2024-04-19 10:58:05;25.2;49.5;62.5;61.4;75.8;82.1;14.4 °C;16.4;17.3;17.9;18.3;18.3
2024-04-19 11:08:02;25.3;49.5;62.5;61.4;75.8;82.1;14.4 °C;16.4;17.3;17.9;18.3;18.3
2024-04-19 11:18:09;25.4;49.5;62.5;61.4;75.8;82.1;14.5 °C;16.3;17.2;17.9;18.3;18.3
2024-04-19 11:28:06;25.4;49.5;62.5;61.4;75.8;82.1;14.6 °C;16.3;17.2;17.9;18.3;18.3
2024-04-19 11:38:01;25.5;49.5;62.5;61.4;75.8;82.1;14.6 °C;16.3;17.2;17.9;18.2;18.3
2024-04-19 11:48:03;25.5;49.5;62.5;61.4;75.8;82.1;14.7 °C;16.3;17.2;17.9;18.2;18.3
2024-04-19 11:58:03;25.5;49.5;62.5;61.4;75.8;82.1;14.8 °C;16.3;17.2;17.9;18.2;18.3
2024-04-19 12:08:03;25.6;49.5;62.5;61.4;75.8;82.1;14.8 °C;16.3;17.1;17.9;18.2;18.3
2024-04-19 12:18:08;25.6;49.5;62.5;61.3;75.8;82.2;14.8 °C;16.3;17.1;17.9;18.2;18.3
2024-04-19 12:28:08;25.6;49.5;62.5;61.4;75.8;82.2;14.9 °C;16.3;17.1;17.9;18.2;18.3
2024-04-19 12:38:09;25.6;49.5;62.5;61.4;75.8;82.2;14.9 °C;16.3;17.1;17.9;18.2;18.3
2024-04-19 12:48:07;25.7;49.5;62.5;61.3;75.8;82.2;15 °C;16.3;17.1;17.8;18.2;18.3
2024-04-19 12:58:07;25.7;49.5;62.5;61.4;75.8;82.2;15.1 °C;16.3;17.1;17.8;18.2;18.3
2024-04-19 13:08:07;25.7;49.5;62.4;61.4;75.8;82.2;15.1 °C;16.3;17.1;17.8;18.2;18.3
2024-04-19 13:18:06;25.8;49.5;62.5;61.3;75.8;82.2;15.2 °C;16.3;17.1;17.8;18.1;18.3
2024-04-19 13:28:09;25.8;49.5;62.5;61.3;75.8;82.2;15.3 °C;16.4;17.1;17.8;18.1;18.3
2024-04-19 13:38:03;25.8;49.5;62.4;61.3;75.8;82.2;15.3 °C;16.4;17.1;17.8;18.1;18.3
2024-04-19 13:48:06;25.8;49.5;62.4;61.3;75.8;82.2;15.3 °C;16.4;17.1;17.8;18.1;18.3
2024-04-19 13:58:06;25.8;49.5;62.4;61.4;75.8;82.2;15.3 °C;16.4;17.1;17.8;18.1;18.3
2024-04-19 14:08:08;25.9;49.5;62.4;61.4;75.8;82.2;15.4 °C;16.4;17.1;17.8;18.1;18.3
2024-04-19 14:18:06;25.9;49.5;62.4;61.3;75.8;82.2;15.5 °C;16.4;17;17.8;18.1;18.3
2024-04-19 14:28:08;25.9;49.5;62.4;61.3;75.8;82.2;15.6 °C;16.4;17;17.8;18.1;18.3
2024-04-19 14:38:05;25.9;49.5;62.4;61.3;75.8;82.2;15.7 °C;16.4;17;17.8;18.1;18.3
2024-04-19 14:48:03;25.9;49.5;62.4;61.3;75.8;82.2;15.8 °C;16.4;17;17.8;18.1;18.2
2024-04-19 14:58:07;25.9;49.5;62.4;61.3;75.8;82.2;15.8 °C;16.4;17;17.8;18.1;18.2
2024-04-19 15:08:07;25.9;49.5;62.4;61.3;75.8;82.2;15.9 °C;16.4;17;17.7;18.1;18.2
2024-04-19 15:18:02;25.9;49.5;62.4;61.3;75.8;82.2;15.9 °C;16.4;17;17.7;18.1;18.2
2024-04-19 15:28:05;25.9;49.5;62.4;61.3;75.8;82.2;16 °C;16.5;17;17.7;18.1;18.2
2024-04-19 15:38:03;25.9;49.5;62.4;61.3;75.8;82.2;16 °C;16.5;17;17.7;18.1;18.2
2024-04-19 15:48:06;25.9;49.5;62.4;61.3;75.8;82.2;16 °C;16.5;17;17.7;18.1;18.2
2024-04-19 15:58:02;25.9;49.5;62.4;61.3;75.8;82.2;16 °C;16.6;17;17.7;18.1;18.2
2024-04-19 16:08:05;25.9;49.5;62.4;61.3;75.8;82.2;16 °C;16.6;17;17.7;18.1;18.2
2024-04-19 16:18:06;25.9;49.5;62.4;61.3;75.8;82.2;15.9 °C;16.6;17;17.6;18.1;18.2
2024-04-19 16:28:06;25.9;49.5;62.4;61.3;75.8;82.2;15.9 °C;16.6;17;17.6;18;18.2
2024-04-19 16:38:04;25.9;49.5;62.4;61.3;75.8;82.2;15.9 °C;16.6;17;17.6;18;18.2
2024-04-19 16:48:06;25.9;49.5;62.4;61.3;75.8;82.2;15.8 °C;16.6;17;17.6;18;18.2
2024-04-19 16:58:08;25.9;49.5;62.4;61.3;75.8;82.2;15.8 °C;16.6;17;17.6;18;18.1
2024-04-19 17:08:05;25.9;49.5;62.4;61.2;75.8;82.2;15.8 °C;16.6;17;17.6;18;18.1
2024-04-19 17:18:07;25.9;49.5;62.4;61.3;75.8;82.2;15.8 °C;16.6;17;17.6;18;18.1
2024-04-19 17:28:07;25.9;49.5;62.4;61.3;75.8;82.2;15.7 °C;16.7;17;17.6;18;18.1
2024-04-19 17:38:06;25.9;49.5;62.4;61.2;75.8;82.2;15.6 °C;16.7;17;17.6;18;18.1
2024-04-19 17:48:01;25.9;49.5;62.4;61.2;75.8;82.2;15.6 °C;16.7;17;17.6;18;18.1
2024-04-19 17:58:07;25.9;49.5;62.4;61.3;75.8;82.2;15.6 °C;16.7;17;17.6;17.9;18.1
2024-04-19 18:08:03;25.9;49.5;62.4;61.3;75.8;82.2;15.5 °C;16.7;17;17.6;17.9;18.1
2024-04-19 18:18:03;25.9;49.5;62.4;61.3;75.8;82.2;15.4 °C;16.7;17;17.6;17.9;18.1
2024-04-19 18:28:08;25.9;49.5;62.4;61.3;75.8;82.2;15.4 °C;16.7;17;17.6;17.9;18.1
2024-04-19 18:38:05;25.9;49.5;62.4;61.3;75.8;82.2;15.3 °C;16.7;17;17.6;17.9;18.1
2024-04-19 18:48:06;25.9;49.5;62.4;61.2;75.8;82.2;15.3 °C;16.7;17;17.6;17.9;18.1
2024-04-19 18:58:02;25.9;49.4;62.4;61.3;75.8;82.2;15.2 °C;16.7;17;17.6;17.9;18.1
2024-04-19 19:08:08;25.9;49.4;62.4;61.2;75.8;82.2;15.1 °C;16.7;17;17.6;17.9;18.1
2024-04-19 19:18:06;25.9;49.4;62.4;61.3;75.8;82.2;15.1 °C;16.7;17;17.6;17.9;18.1
2024-04-19 19:28:05;25.9;49.4;62.4;61.2;75.8;82.2;15 °C;16.7;17;17.6;17.9;18.1
2024-04-19 19:38:03;25.9;49.4;62.4;61.2;75.8;82.2;14.9 °C;16.7;17;17.6;17.9;18.1
2024-04-19 19:48:03;25.9;49.4;62.4;61.2;75.8;82.2;14.9 °C;16.7;17;17.6;17.9;18.1
2024-04-19 19:58:04;25.9;49.4;62.4;61.2;75.8;82.2;14.8 °C;16.7;17;17.6;17.9;18.1
2024-04-19 20:08:01;25.9;49.4;62.4;61.2;75.8;82.2;14.7 °C;16.6;17;17.6;17.9;18.1
2024-04-19 20:18:03;25.9;49.4;62.4;61.2;75.8;82.2;14.6 °C;16.6;17;17.5;17.9;18.1
2024-04-19 20:28:08;25.9;49.4;62.4;61.2;75.8;82.2;14.6 °C;16.6;17;17.5;17.9;18.1
2024-04-19 20:38:09;25.9;49.4;62.4;61.2;75.8;82.2;14.5 °C;16.6;17;17.5;17.9;18.1
2024-04-19 20:48:06;25.9;49.4;62.4;61.2;75.8;82.2;14.4 °C;16.6;17;17.5;17.9;18.1
2024-04-19 20:58:01;25.9;49.4;62.4;61.2;75.8;82.2;14.3 °C;16.6;17;17.5;17.9;18.1
2024-04-19 21:08:08;25.9;49.4;62.4;61.2;75.8;82.2;14.3 °C;16.6;17;17.5;17.9;18.1
2024-04-19 21:18:01;25.9;49.4;62.4;61.2;75.7;82.2;14.1 °C;16.6;17;17.5;17.9;18.1
2024-04-19 21:28:08;25.9;49.4;62.4;61.2;75.8;82.2;14.1 °C;16.5;16.9;17.5;17.9;18
2024-04-19 21:38:08;25.9;49.4;62.4;61.2;75.8;82.2;14 °C;16.5;16.9;17.5;17.8;18
2024-04-19 21:48:02;25.9;49.4;62.4;61.2;75.7;82.2;13.9 °C;16.5;16.9;17.5;17.8;18
2024-04-19 21:58:01;25.9;49.4;62.4;61.2;75.8;82.2;13.9 °C;16.4;16.9;17.5;17.8;18
2024-04-19 22:08:07;26.0;49.4;62.4;61.2;75.7;82.2;13.8 °C;16.4;16.9;17.5;17.8;18
2024-04-19 22:18:04;26.0;49.4;62.4;61.2;75.8;82.2;13.8 °C;16.4;16.9;17.5;17.8;18
2024-04-19 22:28:05;25.9;49.4;62.4;61.2;75.7;82.2;13.7 °C;16.4;16.9;17.5;17.8;18
2024-04-19 22:38:03;25.9;49.4;62.4;61.2;75.7;82.2;13.6 °C;16.4;16.9;17.5;17.8;18
2024-04-19 22:48:03;26.0;49.4;62.4;61.2;75.7;82.2;13.6 °C;16.4;16.9;17.5;17.8;18
2024-04-19 22:58:07;25.9;49.4;62.4;61.2;75.7;82.2;13.5 °C;16.3;16.9;17.5;17.8;18
2024-04-19 23:08:04;25.9;49.4;62.4;61.2;75.7;82.2;13.4 °C;16.3;16.9;17.5;17.8;18
2024-04-19 23:18:06;25.9;49.3;62.4;61.2;75.7;82.2;13.3 °C;16.3;16.9;17.4;17.8;18
2024-04-19 23:28:05;25.9;49.3;62.4;61.2;75.7;82.2;13.3 °C;16.3;16.9;17.4;17.8;18
2024-04-19 23:38:02;25.9;49.3;62.3;61.1;75.7;82.2;13.2 °C;16.3;16.9;17.4;17.8;18
2024-04-19 23:48:02;25.9;49.4;62.4;61.1;75.7;82.2;13.2 °C;16.2;16.9;17.4;17.8;17.9
2024-04-19 23:58:05;25.9;49.4;62.3;61.1;75.8;82.2;13.1 °C;16.2;16.9;17.4;17.8;17.9
2024-04-20 00:08:04;25.9;49.3;62.3;61.1;75.7;82.2;13.1 °C;16.1;16.9;17.4;17.8;17.9
2024-04-20 00:18:08;25.9;49.4;62.3;61.1;75.8;82.2;13 °C;16.1;16.9;17.4;17.8;17.9
2024-04-20 00:28:06;25.9;49.3;62.3;61.1;75.7;82.2;12.9 °C;16.1;16.8;17.4;17.8;17.9
2024-04-20 00:38:05;25.9;49.3;62.3;61.1;75.7;82.2;12.9 °C;16.1;16.8;17.4;17.8;17.9
2024-04-20 00:48:03;25.9;49.4;62.3;61.1;75.7;82.2;12.9 °C;16;16.8;17.4;17.8;17.9
2024-04-20 00:58:04;25.9;49.3;62.3;61.1;75.8;82.2;12.8 °C;16;16.8;17.4;17.8;17.9
2024-04-20 01:08:04;25.9;49.4;62.3;61.1;75.7;82.2;12.8 °C;15.9;16.8;17.4;17.8;17.9
2024-04-20 01:18:02;25.9;49.3;62.3;61.1;75.8;82.2;12.7 °C;15.9;16.8;17.4;17.8;17.9
2024-04-20 01:28:01;25.9;49.3;62.3;61.1;75.7;82.2;12.6 °C;15.9;16.8;17.4;17.8;17.9
2024-04-20 01:38:04;25.9;49.3;62.3;61.1;75.7;82.2;12.6 °C;15.9;16.8;17.4;17.8;17.9
2024-04-20 01:48:06;25.9;49.3;62.3;61.1;75.7;82.2;12.5 °C;15.9;16.8;17.4;17.8;17.9
2024-04-20 01:58:01;25.9;49.3;62.3;61.1;75.7;82.2;12.4 °C;15.8;16.8;17.4;17.8;17.9
2024-04-20 02:08:03;25.9;49.3;62.3;61.1;75.7;82.2;12.4 °C;15.8;16.8;17.4;17.8;17.9
2024-04-20 02:18:08;25.9;49.3;62.3;61.1;75.7;82.2;12.3 °C;15.8;16.7;17.4;17.8;17.9
2024-04-20 02:28:01;25.9;49.3;62.3;61.1;75.7;82.1;12.3 °C;15.8;16.7;17.4;17.7;17.9
2024-04-20 02:38:03;26.0;49.3;62.3;61.1;75.7;82.2;12.3 °C;15.7;16.7;17.4;17.7;17.9
2024-04-20 02:48:08;25.9;49.3;62.3;61.1;75.7;82.2;12.2 °C;15.7;16.7;17.4;17.7;17.9
2024-04-20 02:58:02;25.9;49.3;62.3;61.1;75.7;82.1;12.1 °C;15.6;16.6;17.4;17.7;17.9
2024-04-20 03:08:01;25.9;49.3;62.3;61.1;75.7;82.2;12.1 °C;15.6;16.6;17.3;17.7;17.9
2024-04-20 03:18:03;25.9;49.3;62.3;61.1;75.7;82.2;12.1 °C;15.6;16.6;17.3;17.7;17.9
2024-04-20 03:28:03;25.9;49.3;62.3;61.1;75.7;82.1;12 °C;15.6;16.6;17.3;17.7;17.9
2024-04-20 03:38:08;25.9;49.3;62.3;61.1;75.7;82.2;11.9 °C;15.5;16.6;17.3;17.7;17.9
2024-04-20 03:48:05;25.9;49.3;62.3;61.1;75.7;82.2;11.9 °C;15.5;16.6;17.3;17.7;17.9
2024-04-20 03:58:03;25.9;49.3;62.3;61.1;75.7;82.1;11.8 °C;15.4;16.6;17.3;17.7;17.9
2024-04-20 04:08:07;25.9;49.3;62.3;61.1;75.7;82.1;11.8 °C;15.4;16.6;17.3;17.7;17.9
2024-04-20 04:18:03;25.9;49.3;62.3;61.1;75.7;82.2;11.8 °C;15.4;16.5;17.3;17.7;17.9
2024-04-20 04:28:03;25.9;49.3;62.3;61.1;75.7;82.1;11.7 °C;15.4;16.5;17.3;17.7;17.9
2024-04-20 04:38:07;25.9;49.3;62.3;61.1;75.7;82.2;11.7 °C;15.3;16.5;17.3;17.7;17.9
2024-04-20 04:48:03;25.9;49.3;62.2;61.1;75.7;82.1;11.6 °C;15.3;16.4;17.3;17.6;17.9
2024-04-20 04:58:07;25.9;49.3;62.2;61.1;75.7;82.1;11.6 °C;15.3;16.4;17.3;17.6;17.9
2024-04-20 05:08:08;25.9;49.3;62.2;61.1;75.7;82.1;11.6 °C;15.3;16.4;17.3;17.6;17.9
2024-04-20 05:18:01;25.9;49.3;62.2;61.1;75.7;82.1;11.5 °C;15.2;16.4;17.3;17.6;17.8
2024-04-20 05:28:04;25.9;49.3;62.2;61.1;75.7;82.1;11.5 °C;15.2;16.4;17.3;17.6;17.8
2024-04-20 05:38:01;25.9;49.3;62.3;61.1;75.6;82.1;11.4 °C;15.1;16.4;17.2;17.6;17.8
2024-04-20 05:48:08;25.9;49.3;62.3;61.0;75.6;82.1;11.4 °C;15.1;16.4;17.2;17.6;17.8
2024-04-20 05:58:05;25.9;49.3;62.2;61.1;75.6;82.1;11.4 °C;15.1;16.3;17.2;17.6;17.8
2024-04-20 06:08:04;26.0;49.3;62.2;61.0;75.7;82.1;11.3 °C;15.1;16.3;17.2;17.6;17.8
2024-04-20 06:18:05;25.9;49.3;62.2;61.0;75.7;82.1;11.3 °C;15;16.3;17.2;17.6;17.8
2024-04-20 06:28:07;25.9;49.3;62.2;61.0;75.7;82.1;11.2 °C;15;16.3;17.2;17.6;17.8
2024-04-20 06:38:03;25.9;49.3;62.2;61.0;75.7;82.1;11.1 °C;14.9;16.3;17.2;17.6;17.8
2024-04-20 06:48:07;25.9;49.3;62.2;61.0;75.7;82.1;11.1 °C;14.9;16.3;17.1;17.6;17.8
2024-04-20 06:58:04;25.9;49.3;62.2;61.0;75.6;82.1;11.1 °C;14.9;16.3;17.1;17.6;17.8
2024-04-20 07:08:02;25.9;49.3;62.2;61.0;75.7;82.1;11 °C;14.9;16.2;17.1;17.6;17.8
2024-04-20 07:18:02;25.9;49.3;62.2;61.0;75.6;82.1;11 °C;14.8;16.2;17.1;17.6;17.8
2024-04-20 07:28:06;25.9;49.3;62.2;61.0;75.6;82.1;11 °C;14.8;16.2;17.1;17.6;17.8
2024-04-20 07:38:02;25.9;49.3;62.2;61.0;75.6;82.1;11 °C;14.8;16.1;17.1;17.6;17.8
2024-04-20 07:48:01;25.9;49.3;62.2;61.0;75.6;82.1;11 °C;14.8;16.1;17.1;17.6;17.8
2024-04-20 07:58:03;25.9;49.2;62.2;61.0;75.6;82.1;11 °C;14.7;16.1;17.1;17.6;17.8
2024-04-20 08:08:04;25.9;49.2;62.2;61.0;75.6;82.1;11.1 °C;14.7;16.1;17.1;17.5;17.8
2024-04-20 08:18:06;25.9;49.3;62.2;61.0;75.6;82.1;11.1 °C;14.6;16.1;17.1;17.5;17.8
2024-04-20 08:28:02;25.9;49.2;62.2;61.0;75.6;82.1;11.1 °C;14.6;16.1;17;17.5;17.8
2024-04-20 08:38:01;25.9;49.2;62.2;61.0;75.6;82.1;11.3 °C;14.6;16.1;17;17.5;17.8
2024-04-20 08:48:04;25.9;49.2;62.2;61.0;75.6;82.1;11.3 °C;14.6;16;17;17.5;17.8
2024-04-20 08:58:01;25.9;49.2;62.2;61.0;75.6;82.1;11.4 °C;14.6;16;17;17.5;17.8
2024-04-20 09:08:04;25.9;49.2;62.2;61.0;75.6;82.1;11.6 °C;14.5;16;17;17.5;17.8
2024-04-20 09:18:06;25.9;49.2;62.2;61.0;75.6;82.1;11.8 °C;14.5;15.9;17;17.5;17.8
2024-04-20 09:28:01;25.9;49.2;62.2;61.0;75.6;82.1;11.9 °C;14.5;15.9;16.9;17.5;17.8
2024-04-20 09:38:03;25.9;49.2;62.2;61.0;75.6;82.1;12.2 °C;14.4;15.9;16.9;17.5;17.8
2024-04-20 09:48:08;25.9;49.2;62.1;61.0;75.6;82.1;12.4 °C;14.4;15.9;16.9;17.4;17.8
2024-04-20 09:58:01;25.9;49.2;62.1;61.0;75.6;82.1;12.7 °C;14.4;15.9;16.9;17.4;17.8
2024-04-20 10:08:04;25.9;49.2;62.1;60.9;75.6;82.1;13 °C;14.4;15.9;16.9;17.4;17.7
2024-04-20 10:18:05;25.9;49.2;62.1;60.9;75.6;82.1;13.3 °C;14.4;15.8;16.9;17.4;17.7
2024-04-20 10:28:07;25.9;49.2;62.1;60.9;75.6;82.1;13.6 °C;14.4;15.8;16.9;17.4;17.7
2024-04-20 10:38:08;25.9;49.2;62.1;60.9;75.5;82.1;13.9 °C;14.4;15.8;16.9;17.4;17.7
2024-04-20 10:48:05;25.9;49.2;62.1;60.9;75.6;82.1;14.1 °C;14.4;15.8;16.9;17.4;17.7
2024-04-20 10:58:07;25.9;49.2;62.1;60.9;75.6;82.1;14.4 °C;14.5;15.8;16.9;17.4;17.7
2024-04-20 11:08:03;25.9;49.3;62.1;60.9;75.6;82.1;14.7 °C;14.5;15.8;16.8;17.4;17.7
2024-04-20 11:18:00;25.9;49.3;62.1;60.9;75.6;82.1;14.9 °C;14.6;15.8;16.8;17.4;17.7
2024-04-20 11:28:06;25.9;49.3;62.1;60.9;75.6;82.1;15.2 °C;14.6;15.8;16.8;17.4;17.7
2024-04-20 11:38:02;25.9;49.3;62.1;60.9;75.6;82.0;15.4 °C;14.6;15.7;16.8;17.4;17.7
2024-04-20 11:48:06;26.0;49.3;62.1;60.9;75.6;82.1;15.6 °C;14.7;15.7;16.8;17.4;17.7
2024-04-20 11:58:06;25.9;49.3;62.1;60.9;75.6;82.0;15.7 °C;14.7;15.7;16.8;17.4;17.7
2024-04-20 12:08:02;25.9;49.3;62.1;60.9;75.6;82.1;15.8 °C;14.8;15.7;16.8;17.4;17.7
2024-04-20 12:18:07;25.9;49.3;62.1;60.9;75.6;82.0;15.8 °C;14.8;15.7;16.8;17.4;17.6
2024-04-20 12:28:03;25.9;49.3;62.1;60.9;75.6;82.0;15.8 °C;14.9;15.7;16.8;17.3;17.6
2024-04-20 12:38:04;25.9;49.3;62.1;60.9;75.6;82.1;15.9 °C;14.9;15.7;16.8;17.3;17.6
2024-04-20 12:48:06;25.9;49.3;62.1;60.9;75.6;82.0;16 °C;15;15.7;16.7;17.3;17.6
2024-04-20 12:58:05;25.9;49.3;62.1;60.9;75.6;82.0;16.1 °C;15.1;15.7;16.7;17.3;17.6
2024-04-20 13:08:03;25.9;49.3;62.1;60.9;75.5;82.0;16.2 °C;15.1;15.7;16.7;17.3;17.6
2024-04-20 13:18:04;25.8;49.3;62.1;60.9;75.5;82.0;16.3 °C;15.1;15.7;16.7;17.3;17.6
2024-04-20 13:28:07;25.9;49.3;62.1;60.8;75.5;82.0;16.4 °C;15.2;15.7;16.7;17.3;17.6
2024-04-20 13:38:03;25.8;49.3;62.1;60.8;75.5;82.0;16.5 °C;15.3;15.7;16.7;17.3;17.6
2024-04-20 13:48:08;25.8;49.3;62.1;60.8;75.5;82.0;16.6 °C;15.3;15.7;16.6;17.3;17.6
2024-04-20 13:58:01;25.9;49.4;62.1;60.8;75.5;82.0;16.7 °C;15.4;15.7;16.6;17.3;17.6
2024-04-20 14:08:05;25.8;49.4;62.1;60.8;75.5;82.0;16.8 °C;15.4;15.7;16.6;17.3;17.6
2024-04-20 14:18:03;25.8;49.4;62.1;60.8;75.5;82.1;16.8 °C;15.4;15.7;16.6;17.3;17.6
2024-04-20 14:28:00;25.8;49.4;62.1;60.8;75.5;82.0;16.7 °C;15.5;15.7;16.6;17.3;17.6
2024-04-20 14:38:02;25.8;49.4;62.1;60.8;75.5;82.0;16.7 °C;15.6;15.8;16.6;17.3;17.6
2024-04-20 14:48:03;25.8;49.4;62.1;60.8;75.5;82.0;16.6 °C;15.6;15.8;16.6;17.3;17.6
2024-04-20 14:58:07;25.8;49.4;62.1;60.8;75.5;82.0;16.6 °C;15.6;15.8;16.6;17.2;17.6
2024-04-20 15:08:08;25.8;49.4;62.1;60.8;75.5;82.0;16.6 °C;15.7;15.8;16.6;17.2;17.6
2024-04-20 15:18:06;25.8;49.4;62.1;60.8;75.5;82.0;16.6 °C;15.8;15.8;16.6;17.2;17.6
2024-04-20 15:28:02;25.8;49.4;62.1;60.8;75.5;82.0;16.6 °C;15.8;15.8;16.6;17.2;17.6
2024-04-20 15:38:05;25.8;49.4;62.1;60.8;75.5;82.0;16.6 °C;15.8;15.8;16.6;17.2;17.6
2024-04-20 15:48:08;25.8;49.4;62.2;60.8;75.5;82.0;16.6 °C;15.9;15.8;16.6;17.2;17.6
2024-04-20 15:58:02;25.7;49.4;62.2;60.8;75.4;82.0;16.5 °C;15.9;15.8;16.6;17.2;17.6
2024-04-20 16:08:01;25.8;49.4;62.2;60.8;75.4;81.9;16.5 °C;15.9;15.8;16.6;17.2;17.5
2024-04-20 16:18:05;25.8;49.4;62.1;60.8;75.4;81.9;16.5 °C;15.9;15.9;16.6;17.2;17.5
2024-04-20 16:28:07;25.8;49.4;62.1;60.8;75.4;81.9;16.5 °C;16;15.9;16.6;17.1;17.5
2024-04-20 16:38:04;25.8;49.4;62.1;60.8;75.4;81.9;16.4 °C;16;15.9;16.6;17.1;17.5
2024-04-20 16:48:03;25.8;49.4;62.1;60.8;75.4;81.9;16.4 °C;16.1;15.9;16.6;17.1;17.5
2024-04-20 16:58:04;25.8;49.4;62.2;60.8;75.4;81.9;16.4 °C;16.1;15.9;16.6;17.1;17.5
2024-04-20 17:08:02;25.8;49.4;62.2;60.8;75.4;81.9;16.5 °C;16.1;15.9;16.6;17.1;17.5
2024-04-20 17:18:06;25.8;49.4;62.2;60.8;75.4;81.9;16.5 °C;16.1;15.9;16.6;17.1;17.5
2024-04-20 17:28:02;25.8;49.4;62.2;60.8;75.4;81.9;16.6 °C;16.1;15.9;16.6;17.1;17.5
2024-04-20 17:38:02;25.8;49.5;62.2;60.8;75.4;81.9;16.6 °C;16.2;16;16.6;17.1;17.5
2024-04-20 17:48:02;25.8;49.4;62.2;60.8;75.4;81.9;16.7 °C;16.2;16;16.6;17.1;17.5
2024-04-20 17:58:05;25.8;49.4;62.2;60.8;75.4;81.9;16.7 °C;16.2;16;16.6;17.1;17.5
2024-04-20 18:08:00;25.8;49.4;62.2;60.8;75.4;81.9;16.7 °C;16.3;16;16.6;17.1;17.4
2024-04-20 18:18:02;25.7;49.4;62.2;60.8;75.4;81.9;16.6 °C;16.3;16.1;16.6;17.1;17.4
2024-04-20 18:28:06;25.8;49.4;62.2;60.8;75.4;81.9;16.6 °C;16.3;16.1;16.6;17.1;17.4
2024-04-20 18:38:03;25.7;49.4;62.2;60.8;75.4;81.9;16.6 °C;16.3;16.1;16.6;17.1;17.4
2024-04-20 18:48:08;25.7;49.4;62.2;60.8;75.4;81.9;16.5 °C;16.3;16.1;16.6;17.1;17.4
2024-04-20 18:58:05;25.7;49.4;62.2;60.8;75.4;81.9;16.4 °C;16.3;16.1;16.6;17.1;17.4
2024-04-20 19:08:05;25.7;49.4;62.2;60.8;75.4;81.9;16.4 °C;16.4;16.1;16.6;17.1;17.4
2024-04-20 19:18:00;25.7;49.4;62.2;60.8;75.4;81.9;16.3 °C;16.4;16.1;16.6;17.1;17.4
2024-04-20 19:28:07;25.7;49.4;62.2;60.8;75.4;81.9;16.3 °C;16.4;16.1;16.6;17.1;17.4
2024-04-20 19:38:03;25.7;49.4;62.2;60.8;75.4;81.9;16.2 °C;16.4;16.1;16.6;17.1;17.4
2024-04-20 19:48:01;25.7;49.4;62.2;60.8;75.4;81.9;16.1 °C;16.4;16.2;16.6;17.1;17.4
2024-04-20 19:58:00;25.7;49.4;62.2;60.8;75.4;81.9;16.1 °C;16.4;16.2;16.6;17.1;17.4
2024-04-20 20:08:06;25.7;49.4;62.2;60.8;75.4;81.9;16 °C;16.4;16.2;16.6;17.1;17.4
2024-04-20 20:18:06;25.7;49.4;62.2;60.8;75.4;81.9;15.9 °C;16.4;16.2;16.6;17.1;17.4
2024-04-20 20:28:06;25.7;49.4;62.2;60.7;75.4;81.9;15.8 °C;16.4;16.2;16.6;17.1;17.4
2024-04-20 20:38:06;25.7;49.4;62.2;60.8;75.4;81.9;15.8 °C;16.4;16.3;16.6;17.1;17.4
2024-04-20 20:48:03;25.7;49.4;62.2;60.8;75.4;81.9;15.6 °C;16.4;16.3;16.6;17.1;17.4
2024-04-20 20:58:00;25.7;49.4;62.2;60.8;75.4;81.9;15.6 °C;16.4;16.3;16.6;17.1;17.4
2024-04-20 21:08:06;25.7;49.4;62.2;60.8;75.4;81.9;15.5 °C;16.4;16.3;16.6;17;17.4
2024-04-20 21:18:03;25.9;49.3;62.2;60.8;75.4;81.9;15.4 °C;16.4;16.3;16.6;17;17.4
2024-04-20 21:28:07;25.9;49.3;62.2;60.8;75.4;81.9;15.3 °C;16.4;16.3;16.6;17;17.4
2024-04-20 21:38:05;25.9;49.3;62.2;60.8;75.4;81.9;15.3 °C;16.4;16.3;16.6;17;17.4
2024-04-20 21:48:07;25.8;49.3;62.2;60.8;75.4;81.9;15.2 °C;16.4;16.3;16.6;17;17.4
2024-04-20 21:58:05;25.7;49.3;62.2;60.7;75.4;81.9;15.1 °C;16.4;16.3;16.6;17;17.4
2024-04-20 22:08:04;25.7;49.3;62.2;60.8;75.4;81.9;15 °C;16.4;16.3;16.6;17;17.4
2024-04-20 22:18:06;25.7;49.3;62.2;60.8;75.4;81.9;14.9 °C;16.4;16.3;16.6;17;17.4
2024-04-20 22:28:03;25.7;49.3;62.2;60.8;75.4;81.9;14.9 °C;16.4;16.3;16.6;17;17.3
2024-04-20 22:38:00;25.7;49.3;62.2;60.8;75.4;81.9;14.8 °C;16.4;16.3;16.6;17;17.3
2024-04-20 22:48:07;25.7;49.3;62.2;60.7;75.4;81.9;14.8 °C;16.4;16.3;16.7;17;17.3
2024-04-20 22:58:00;25.7;49.3;62.2;60.7;75.4;81.9;14.8 °C;16.3;16.3;16.7;17;17.3
2024-04-20 23:08:02;25.7;49.3;62.2;60.8;75.4;81.9;14.7 °C;16.3;16.3;16.7;17;17.3
2024-04-20 23:18:06;25.7;49.3;62.2;60.7;75.4;81.9;14.6 °C;16.3;16.3;16.7;17;17.3
2024-04-20 23:28:03;25.7;49.3;62.2;60.7;75.4;81.9;14.6 °C;16.3;16.3;16.7;17;17.3
2024-04-20 23:38:05;25.7;49.2;62.2;60.7;75.4;81.9;14.6 °C;16.3;16.3;16.7;17;17.3
2024-04-20 23:48:04;25.7;49.2;62.2;60.7;75.4;81.9;14.6 °C;16.3;16.4;16.7;17;17.3
2024-04-20 23:58:01;25.7;49.2;62.2;60.8;75.4;81.9;14.5 °C;16.3;16.4;16.7;17;17.3
2024-04-21 00:08:01;25.7;49.2;62.2;60.8;75.4;81.9;14.4 °C;16.2;16.4;16.7;17;17.3
2024-04-21 00:18:04;25.7;49.2;62.2;60.7;75.4;81.9;14.4 °C;16.2;16.4;16.7;17;17.3
2024-04-21 00:28:03;25.7;49.2;62.2;60.7;75.3;81.9;14.4 °C;16.2;16.3;16.7;17;17.3
2024-04-21 00:38:04;25.7;49.2;62.2;60.8;75.3;81.8;14.4 °C;16.2;16.4;16.7;17;17.3
2024-04-21 00:48:02;25.7;49.2;62.2;60.7;75.3;81.8;14.4 °C;16.1;16.3;16.7;17;17.3
2024-04-21 00:58:02;25.7;49.2;62.2;60.7;75.4;81.9;14.3 °C;16.1;16.3;16.7;17;17.3
2024-04-21 01:08:06;25.7;49.2;62.2;60.7;75.3;81.9;14.3 °C;16.1;16.3;16.7;17;17.3
2024-04-21 01:18:02;25.7;49.2;62.2;60.8;75.4;81.9;14.3 °C;16.1;16.3;16.7;17;17.3
2024-04-21 01:28:07;25.7;49.2;62.2;60.7;75.4;81.9;14.3 °C;16.1;16.3;16.7;17;17.3
2024-04-21 01:38:05;25.7;49.2;62.2;60.7;75.3;81.8;14.3 °C;16.1;16.3;16.7;17;17.3
2024-04-21 01:48:04;25.7;49.2;62.2;60.7;75.4;81.8;14.3 °C;16.1;16.3;16.7;17;17.3
2024-04-21 01:58:03;25.7;49.2;62.2;60.7;75.4;81.9;14.2 °C;16;16.3;16.7;17;17.3
2024-04-21 02:08:01;25.8;49.2;62.2;60.7;75.3;81.8;14.2 °C;16;16.3;16.7;17;17.3
2024-04-21 02:18:04;25.8;49.2;62.2;60.7;75.3;81.9;14.2 °C;16;16.3;16.7;17;17.3
2024-04-21 02:28:07;25.8;49.2;62.2;60.7;75.4;81.8;14.1 °C;16;16.3;16.7;17;17.3
2024-04-21 02:38:05;25.8;49.2;62.2;60.7;75.3;81.8;14.1 °C;15.9;16.3;16.7;17;17.3
2024-04-21 02:48:00;25.8;49.2;62.2;60.7;75.3;81.8;14.1 °C;15.9;16.3;16.7;17;17.3
2024-04-21 02:58:06;25.7;49.2;62.1;60.7;75.3;81.8;14.1 °C;15.9;16.3;16.7;17;17.3
2024-04-21 03:08:02;25.7;49.2;62.2;60.7;75.3;81.8;14.1 °C;15.9;16.3;16.7;17;17.3
2024-04-21 03:18:02;25.7;49.2;62.2;60.7;75.3;81.8;14.1 °C;15.9;16.3;16.7;17;17.3
2024-04-21 03:28:07;25.8;49.2;62.2;60.7;75.3;81.8;14 °C;15.9;16.3;16.7;17;17.3
2024-04-21 03:38:00;25.8;49.2;62.1;60.7;75.3;81.8;13.9 °C;15.9;16.3;16.7;17;17.3
2024-04-21 03:48:02;25.7;49.2;62.1;60.7;75.3;81.8;13.9 °C;15.9;16.3;16.7;17;17.3
2024-04-21 03:58:07;25.8;49.2;62.1;60.7;75.3;81.8;13.8 °C;15.9;16.3;16.7;17;17.3
2024-04-21 04:08:00;25.8;49.2;62.1;60.7;75.3;81.8;13.8 °C;15.8;16.3;16.7;17;17.3
2024-04-21 04:18:02;25.8;49.2;62.1;60.7;75.3;81.8;13.8 °C;15.8;16.3;16.7;17;17.3
2024-04-21 04:28:06;25.8;49.2;62.1;60.7;75.3;81.8;13.7 °C;15.8;16.3;16.7;17;17.3
2024-04-21 04:38:02;25.7;49.2;62.1;60.7;75.3;81.8;13.6 °C;15.8;16.3;16.7;17;17.3
2024-04-21 04:48:06;25.8;49.2;62.1;60.7;75.3;81.8;13.6 °C;15.8;16.3;16.7;17;17.3
2024-04-21 04:58:07;25.7;49.2;62.1;60.7;75.3;81.8;13.5 °C;15.8;16.3;16.7;17;17.3
2024-04-21 05:08:00;25.8;49.2;62.1;60.7;75.3;81.8;13.4 °C;15.8;16.2;16.7;17;17.3
2024-04-21 05:18:02;25.8;49.2;62.1;60.7;75.3;81.8;13.4 °C;15.7;16.2;16.7;17;17.3
2024-04-21 05:28:02;25.8;49.2;62.1;60.7;75.3;81.8;13.4 °C;15.7;16.2;16.7;17;17.3
2024-04-21 05:38:02;25.8;49.2;62.1;60.7;75.3;81.8;13.3 °C;15.7;16.2;16.7;17;17.3
2024-04-21 05:48:05;25.8;49.2;62.1;60.7;75.3;81.8;13.3 °C;15.7;16.2;16.7;17;17.3
2024-04-21 05:58:05;25.8;49.2;62.1;60.7;75.3;81.8;13.3 °C;15.6;16.2;16.7;17;17.3
2024-04-21 06:08:06;25.8;49.2;62.1;60.7;75.3;81.8;13.2 °C;15.6;16.2;16.7;17;17.3
2024-04-21 06:18:06;25.8;49.2;62.1;60.7;75.3;81.8;13.1 °C;15.6;16.2;16.7;17;17.3
2024-04-21 06:28:02;25.8;49.2;62.1;60.7;75.3;81.8;13.1 °C;15.6;16.2;16.7;17;17.3
2024-04-21 06:38:02;25.8;49.2;62.1;60.7;75.3;81.8;13.1 °C;15.6;16.1;16.7;17;17.3
2024-04-21 06:48:03;25.8;49.2;62.1;60.7;75.3;81.8;13 °C;15.6;16.1;16.7;17;17.3
2024-04-21 06:58:01;25.8;49.2;62.1;60.7;75.3;81.8;12.9 °C;15.6;16.1;16.7;17;17.3
2024-04-21 07:08:01;25.8;49.1;62.1;60.7;75.3;81.8;12.9 °C;15.5;16.1;16.7;17;17.3
2024-04-21 07:18:01;25.7;49.2;62.1;60.7;75.3;81.8;12.9 °C;15.5;16.1;16.7;17;17.3
2024-04-21 07:28:00;25.8;49.2;62.1;60.7;75.3;81.8;12.9 °C;15.5;16.1;16.7;17;17.3
2024-04-21 07:38:03;25.8;49.2;62.1;60.7;75.3;81.8;12.9 °C;15.4;16.1;16.6;17;17.2
2024-04-21 07:48:04;25.8;49.1;62.1;60.7;75.3;81.8;12.9 °C;15.4;16.1;16.6;17;17.2
2024-04-21 07:58:02;25.8;49.2;62.1;60.7;75.3;81.8;12.9 °C;15.4;16.1;16.6;17;17.2
2024-04-21 08:08:07;25.8;49.1;62.1;60.7;75.3;81.8;12.9 °C;15.4;16.1;16.6;17;17.2
2024-04-21 08:18:04;25.7;49.1;62.1;60.7;75.3;81.8;12.9 °C;15.4;16.1;16.6;16.9;17.2
2024-04-21 08:28:07;25.8;49.1;62.1;60.7;75.4;81.8;12.9 °C;15.3;16.1;16.6;16.9;17.2
2024-04-21 08:38:04;25.8;49.1;62.1;60.7;75.3;81.8;13 °C;15.3;16.1;16.6;16.9;17.2
2024-04-21 08:48:03;25.8;49.1;62.1;60.7;75.3;81.8;13 °C;15.3;16.1;16.6;16.9;17.2
2024-04-21 08:58:05;25.8;49.1;62.1;60.7;75.4;81.8;13.1 °C;15.3;16;16.6;16.9;17.2
2024-04-21 09:08:01;25.8;49.1;62.1;60.7;75.3;81.8;13.2 °C;15.3;16;16.6;16.9;17.2
2024-04-21 09:18:02;25.8;49.1;62.1;60.7;75.3;81.8;13.3 °C;15.3;16;16.6;16.9;17.2
2024-04-21 09:28:02;25.8;49.1;62.1;60.7;75.4;81.8;13.4 °C;15.3;16;16.6;16.9;17.2
2024-04-21 09:38:02;25.8;49.1;62.1;60.7;75.4;81.8;13.6 °C;15.3;16;16.6;16.9;17.2
2024-04-21 09:48:04;25.7;49.1;62.1;60.6;75.4;81.8;13.7 °C;15.2;15.9;16.6;16.9;17.2
2024-04-21 09:58:02;25.8;49.1;62.0;60.7;75.3;81.8;13.9 °C;15.2;15.9;16.6;16.9;17.2
2024-04-21 10:08:07;25.8;49.1;62.0;60.7;75.4;81.8;14.1 °C;15.2;15.9;16.6;16.9;17.2
2024-04-21 10:18:04;25.7;49.1;62.1;60.7;75.3;81.8;14.2 °C;15.2;15.9;16.6;16.9;17.2
2024-04-21 10:28:07;25.7;49.1;62.0;60.7;75.4;81.8;14.4 °C;15.2;15.9;16.6;16.9;17.2
2024-04-21 10:38:05;25.8;49.1;62.0;60.7;75.4;81.8;14.5 °C;15.2;15.9;16.6;16.9;17.2
2024-04-21 10:48:05;25.8;49.1;62.0;60.7;75.3;81.8;14.6 °C;15.2;15.9;16.6;16.9;17.2
2024-04-21 10:58:04;25.8;49.1;62.0;60.7;75.3;81.9;14.8 °C;15.2;15.9;16.6;16.9;17.2
2024-04-21 11:08:07;25.9;49.1;62.0;60.7;75.3;81.8;14.8 °C;15.3;15.9;16.6;16.9;17.2
2024-04-21 11:18:00;25.8;49.1;62.0;60.7;75.4;81.8;14.9 °C;15.3;15.9;16.6;16.9;17.2
2024-04-21 11:28:04;25.9;49.1;62.0;60.6;75.4;81.9;14.9 °C;15.3;15.9;16.6;16.9;17.2
2024-04-21 11:38:06;25.9;49.1;62.0;60.7;75.3;81.8;15 °C;15.3;15.9;16.6;16.9;17.2
2024-04-21 11:47:59;25.9;49.1;62.0;60.6;75.4;81.8;15.1 °C;15.3;15.9;16.6;16.9;17.2
2024-04-21 11:58:02;25.9;49.1;62.0;60.6;75.4;81.9;15.1 °C;15.3;15.9;16.5;16.9;17.2
2024-04-21 12:08:03;25.9;49.1;62.0;60.6;75.4;81.9;15.1 °C;15.4;15.9;16.5;16.9;17.2
2024-04-21 12:18:00;25.8;49.1;62.0;60.6;75.4;81.8;15.1 °C;15.4;15.9;16.5;16.9;17.2
2024-04-21 12:28:03;25.8;49.1;62.0;60.6;75.3;81.9;15.2 °C;15.4;15.8;16.5;16.9;17.2
2024-04-21 12:38:05;25.8;49.1;62.0;60.6;75.3;81.8;15.2 °C;15.4;15.8;16.5;16.9;17.2
2024-04-21 12:48:01;25.6;49.1;62.0;60.6;75.3;81.9;15.3 °C;15.4;15.8;16.5;16.9;17.2
2024-04-21 12:58:00;25.7;49.1;62.0;60.6;75.3;81.8;15.3 °C;15.5;15.8;16.5;16.9;17.1
2024-04-21 13:08:03;25.7;49.1;62.0;60.6;75.3;81.8;15.4 °C;15.5;15.8;16.5;16.9;17.2
2024-04-21 13:18:01;25.6;49.1;62.0;60.6;75.3;81.8;15.4 °C;15.5;15.8;16.5;16.9;17.1
2024-04-21 13:28:01;25.6;49.1;62.0;60.6;75.3;81.8;15.5 °C;15.6;15.8;16.5;16.9;17.1
2024-04-21 13:38:01;25.7;49.1;62.0;60.6;75.3;81.8;15.7 °C;15.6;15.8;16.5;16.9;17.1
2024-04-21 13:48:01;25.7;49.1;62.0;60.6;75.3;81.8;15.9 °C;15.6;15.8;16.5;16.9;17.1
2024-04-21 13:58:00;25.7;49.1;62.0;60.6;75.3;81.8;16.1 °C;15.6;15.8;16.4;16.9;17.1
2024-04-21 14:07:59;25.6;49.1;62.0;60.6;75.3;81.8;16.3 °C;15.6;15.9;16.4;16.9;17.1
2024-04-21 14:18:02;25.7;49.1;62.0;60.6;75.3;81.8;16.4 °C;15.6;15.9;16.4;16.9;17.1
2024-04-21 14:28:06;25.7;49.1;62.0;60.6;75.3;81.8;16.4 °C;15.7;15.9;16.4;16.9;17.1
2024-04-21 14:38:03;25.7;49.1;62.0;60.6;75.3;81.8;16.4 °C;15.7;15.9;16.4;16.9;17.1
2024-04-21 14:48:02;25.7;49.1;62.0;60.6;75.3;81.8;16.4 °C;15.8;15.9;16.4;16.9;17.1
2024-04-21 14:58:06;25.6;49.1;62.0;60.6;75.3;81.8;16.4 °C;15.8;15.9;16.4;16.9;17.1
2024-04-21 15:07:59;25.6;49.2;62.0;60.6;75.3;81.8;16.4 °C;15.8;15.9;16.4;16.9;17.1
2024-04-21 15:18:05;25.5;49.1;62.0;60.6;75.3;81.8;16.5 °C;15.9;15.9;16.4;16.8;17.1
2024-04-21 15:28:05;25.4;49.1;62.0;60.6;75.3;81.8;16.6 °C;15.9;15.9;16.4;16.8;17.1
2024-04-21 15:38:01;25.4;49.1;62.0;60.6;75.3;81.8;16.8 °C;15.9;15.9;16.4;16.8;17.1
2024-04-21 15:48:05;25.5;49.2;62.0;60.6;75.3;81.8;16.8 °C;15.9;15.9;16.4;16.8;17.1
2024-04-21 15:58:01;25.5;49.1;62.0;60.5;75.3;81.8;16.8 °C;16;15.9;16.4;16.8;17.1
2024-04-21 16:08:02;25.5;49.2;62.0;60.5;75.3;81.8;16.9 °C;16;15.9;16.4;16.8;17.1
2024-04-21 16:18:06;25.5;49.1;62.0;60.5;75.3;81.8;16.9 °C;16.1;15.9;16.4;16.8;17.1
2024-04-21 16:28:00;25.5;49.2;62.0;60.6;75.3;81.8;16.9 °C;16.1;15.9;16.4;16.8;17.1
2024-04-21 16:38:02;25.5;49.2;62.0;60.5;75.3;81.8;16.9 °C;16.1;15.9;16.4;16.8;17.1
2024-04-21 16:48:04;25.5;49.2;62.0;60.5;75.3;81.8;16.9 °C;16.1;15.9;16.4;16.8;17.1
2024-04-21 16:58:06;25.4;49.2;62.0;60.6;75.3;81.8;17 °C;16.2;15.9;16.4;16.8;17.1
2024-04-21 17:08:04;25.5;49.2;62.0;60.5;75.3;81.8;17.1 °C;16.2;16;16.4;16.8;17.1
2024-04-21 17:18:03;25.5;49.2;62.0;60.5;75.3;81.8;17.1 °C;16.3;16;16.4;16.8;17.1
2024-04-21 17:28:00;25.5;49.2;62.0;60.5;75.3;81.8;17.2 °C;16.3;16;16.4;16.8;17.1
2024-04-21 17:38:03;25.5;49.2;62.0;60.5;75.3;81.8;17.2 °C;16.3;16;16.4;16.8;17.1
2024-04-21 17:48:06;25.5;49.2;62.0;60.5;75.3;81.8;17.2 °C;16.3;16;16.4;16.8;17.1
2024-04-21 17:58:03;25.5;49.2;62.0;60.5;75.3;81.8;17.1 °C;16.4;16.1;16.4;16.8;17.1
2024-04-21 18:08:01;25.3;49.2;62.0;60.5;75.3;81.8;17.1 °C;16.4;16.1;16.4;16.8;17.1
2024-04-21 18:18:01;25.4;49.2;62.0;60.5;75.3;81.8;17 °C;16.4;16.1;16.4;16.8;17.1
2024-04-21 18:28:01;25.4;49.2;62.0;60.5;75.3;81.8;16.9 °C;16.4;16.1;16.4;16.8;17.1
2024-04-21 18:38:01;25.5;49.2;62.0;60.5;75.3;81.8;16.9 °C;16.5;16.1;16.4;16.8;17.1
2024-04-21 18:48:05;25.4;49.2;62.0;60.5;75.3;81.8;16.8 °C;16.5;16.1;16.4;16.8;17.1
2024-04-21 18:58:05;25.4;49.2;62.1;60.5;75.3;81.8;16.7 °C;16.5;16.1;16.4;16.8;17.1
2024-04-21 19:08:05;25.4;49.2;62.1;60.5;75.3;81.8;16.6 °C;16.5;16.1;16.4;16.8;17.1
2024-04-21 19:18:06;25.4;49.2;62.1;60.5;75.2;81.8;16.5 °C;16.6;16.1;16.4;16.8;17.1
2024-04-21 19:27:59;25.3;49.2;62.1;60.5;75.3;81.8;16.4 °C;16.6;16.2;16.4;16.8;17.1
2024-04-21 19:38:05;25.4;49.2;62.1;60.5;75.3;81.8;16.3 °C;16.6;16.2;16.4;16.8;17.1
2024-04-21 19:48:01;25.4;49.2;62.1;60.5;75.3;81.8;16.2 °C;16.6;16.2;16.4;16.8;17.1
2024-04-21 19:58:02;25.4;49.2;62.1;60.5;75.3;81.8;16.1 °C;16.6;16.2;16.4;16.8;17.1
2024-04-21 20:08:06;25.5;49.2;62.1;60.5;75.3;81.8;16 °C;16.6;16.2;16.5;16.8;17.1
2024-04-21 20:18:00;25.5;49.2;62.1;60.5;75.3;81.8;15.9 °C;16.6;16.3;16.5;16.8;17.1
2024-04-21 20:27:59;25.5;49.2;62.0;60.5;75.3;81.8;15.8 °C;16.6;16.3;16.5;16.8;17.1
2024-04-21 20:38:02;25.4;49.2;62.1;60.5;75.3;81.8;15.6 °C;16.6;16.3;16.5;16.8;17.1
2024-04-21 20:47:59;25.3;49.2;62.1;60.5;75.3;81.8;15.6 °C;16.6;16.3;16.5;16.8;17.1
2024-04-21 20:58:01;25.2;49.2;62.0;60.5;75.3;81.8;15.4 °C;16.6;16.3;16.5;16.8;17.1
2024-04-21 21:08:06;25.2;49.2;62.0;60.5;75.3;81.8;15.3 °C;16.6;16.3;16.5;16.8;17.1
2024-04-21 21:18:03;25.2;49.2;62.1;60.5;75.3;81.8;15.2 °C;16.6;16.3;16.5;16.8;17.1
2024-04-21 21:28:01;25.2;49.2;62.1;60.5;75.3;81.8;15.1 °C;16.6;16.3;16.5;16.8;17.1
2024-04-21 21:38:06;25.2;49.2;62.1;60.5;75.3;81.8;15 °C;16.6;16.3;16.5;16.8;17.1
2024-04-21 21:47:59;25.5;49.2;62.1;60.5;75.3;81.8;14.9 °C;16.5;16.3;16.5;16.8;17.1
2024-04-21 21:58:05;25.6;49.1;62.1;60.5;75.3;81.8;14.8 °C;16.5;16.3;16.5;16.8;17
2024-04-21 22:08:05;25.5;49.1;62.1;60.5;75.3;81.8;14.7 °C;16.5;16.3;16.5;16.8;17
2024-04-21 22:18:01;25.6;49.1;62.1;60.5;75.3;81.8;14.6 °C;16.4;16.3;16.5;16.8;17
2024-04-21 22:28:06;25.6;49.1;62.0;60.5;75.3;81.8;14.5 °C;16.4;16.3;16.6;16.8;17
2024-04-21 22:37:59;25.7;49.1;62.1;60.5;75.3;81.8;14.4 °C;16.4;16.3;16.6;16.8;17
2024-04-21 22:48:05;25.6;49.2;62.1;60.5;75.3;81.8;14.4 °C;16.4;16.3;16.6;16.8;17
2024-04-21 22:58:06;25.6;49.1;62.1;60.5;75.3;81.8;14.3 °C;16.4;16.3;16.6;16.8;17
2024-04-21 23:07:59;25.6;49.1;62.1;60.5;75.3;81.8;14.2 °C;16.4;16.3;16.6;16.8;17
2024-04-21 23:18:02;25.6;49.1;62.0;60.5;75.2;81.8;14.1 °C;16.3;16.3;16.6;16.8;17
2024-04-21 23:27:59;25.7;49.1;62.1;60.5;75.2;81.8;14 °C;16.3;16.4;16.6;16.8;17
2024-04-21 23:38:06;25.6;49.1;62.0;60.5;75.3;81.8;13.9 °C;16.3;16.3;16.6;16.8;17
2024-04-21 23:48:03;25.6;49.1;62.1;60.5;75.2;81.8;13.9 °C;16.3;16.4;16.6;16.8;17
2024-04-21 23:58:02;25.5;49.1;62.0;60.5;75.2;81.8;13.8 °C;16.2;16.3;16.6;16.8;17
2024-04-22 00:08:04;25.4;49.1;62.0;60.5;75.2;81.8;13.7 °C;16.2;16.3;16.6;16.8;17
2024-04-22 00:18:03;25.5;49.1;62.0;60.5;75.2;81.8;13.6 °C;16.1;16.3;16.6;16.8;17
2024-04-22 00:28:06;25.4;49.1;62.0;60.5;75.2;81.8;13.6 °C;16.1;16.3;16.6;16.8;17
2024-04-22 00:38:04;25.4;49.0;62.0;60.5;75.2;81.8;13.5 °C;16.1;16.3;16.6;16.8;17
2024-04-22 00:48:07;25.4;49.0;62.0;60.5;75.2;81.8;13.4 °C;16.1;16.3;16.6;16.8;17
2024-04-22 00:58:01;25.4;49.0;62.0;60.5;75.2;81.8;13.3 °C;16.1;16.3;16.6;16.8;17
2024-04-22 01:08:04;25.5;49.1;62.0;60.5;75.2;81.8;13.3 °C;16;16.3;16.6;16.8;17
2024-04-22 01:18:04;25.4;49.0;62.0;60.5;75.2;81.8;13.2 °C;16;16.3;16.6;16.8;17
2024-04-22 01:28:04;25.4;49.1;62.0;60.5;75.2;81.8;13.1 °C;15.9;16.3;16.6;16.8;17
2024-04-22 01:37:59;25.5;49.1;62.0;60.5;75.2;81.8;13.1 °C;15.9;16.3;16.6;16.8;17
2024-04-22 01:48:05;25.5;49.0;62.0;60.5;75.2;81.8;13 °C;15.9;16.3;16.6;16.8;17
2024-04-22 01:58:02;25.5;49.0;62.0;60.5;75.2;81.8;12.9 °C;15.9;16.3;16.6;16.8;17
2024-04-22 02:08:00;25.5;49.1;62.0;60.5;75.2;81.8;12.9 °C;15.8;16.3;16.6;16.8;17
2024-04-22 02:17:59;25.5;49.0;62.0;60.5;75.2;81.8;12.8 °C;15.8;16.3;16.6;16.8;17
2024-04-22 02:28:06;25.5;49.0;62.0;60.5;75.2;81.8;12.8 °C;15.8;16.3;16.6;16.8;17
2024-04-22 02:38:03;25.5;49.0;62.0;60.5;75.2;81.7;12.7 °C;15.7;16.3;16.6;16.8;17
2024-04-22 02:48:02;25.5;49.0;62.0;60.5;75.2;81.8;12.6 °C;15.7;16.3;16.6;16.8;17
2024-04-22 02:58:04;25.5;49.0;62;60.5;75.2;81.8;12.6 °C;15.6;16.2;16.6;16.8;17
2024-04-22 03:08:04;25.5;49.0;62;60.5;75.2;81.8;12.5 °C;15.6;16.2;16.6;16.8;17
2024-04-22 03:18:03;25.5;49.0;62;60.5;75.2;81.7;12.5 °C;15.6;16.2;16.6;16.8;17
2024-04-22 03:28:01;25.6;49.0;62;60.5;75.2;81.8;12.4 °C;15.6;16.2;16.6;16.8;17
2024-04-22 03:38:01;25.5;49.0;62.0;60.5;75.2;81.8;12.4 °C;15.5;16.2;16.6;16.8;17
2024-04-22 03:48:02;25.5;49.0;62.0;60.5;75.2;81.7;12.3 °C;15.5;16.2;16.6;16.8;17
2024-04-22 03:57:59;25.5;49.0;62.0;60.5;75.2;81.7;12.3 °C;15.4;16.1;16.6;16.8;17
2024-04-22 04:08:02;25.5;49.0;61.9;60.5;75.2;81.8;12.3 °C;15.4;16.1;16.6;16.8;17
2024-04-22 04:18:04;25.5;49.0;61.9;60.5;75.2;81.7;12.2 °C;15.4;16.1;16.6;16.8;17
2024-04-22 04:27:59;25.5;49;61.9;60.5;75.2;81.8;12.2 °C;15.4;16.1;16.6;16.8;17
2024-04-22 04:38:01;25.5;49.0;61.9;60.5;75.2;81.7;12.1 °C;15.3;16.1;16.6;16.8;17
2024-04-22 04:48:06;25.5;49.0;61.9;60.5;75.2;81.7;12.1 °C;15.3;16.1;16.6;16.8;17
2024-04-22 04:58:00;25.5;49.0;61.9;60.5;75.2;81.8;12 °C;15.3;16.1;16.6;16.8;17
2024-04-22 05:07:59;25.5;49.0;61.9;60.5;75.2;81.8;12 °C;15.3;16.1;16.6;16.8;17
2024-04-22 05:18:01;25.5;49.0;61.9;60.5;75.2;81.7;11.9 °C;15.2;16;16.6;16.8;17
2024-04-22 05:28:02;25.5;49.0;62.0;60.5;75.2;81.8;11.9 °C;15.2;16;16.6;16.8;17
2024-04-22 05:38:04;25.5;49.0;61.9;60.5;75.2;81.7;11.8 °C;15.1;16;16.6;16.8;17
2024-04-22 05:47:59;25.5;49.0;61.9;60.5;75.2;81.7;11.8 °C;15.1;16;16.6;16.8;17
2024-04-22 05:58:01;25.5;49.0;61.9;60.5;75.2;81.7;11.8 °C;15.1;16;16.6;16.8;17
2024-04-22 06:08:05;25.5;49.0;61.9;60.5;75.2;81.7;11.7 °C;15.1;15.9;16.6;16.8;17
2024-04-22 06:17:58;25.5;49.0;61.9;60.5;75.2;81.7;11.6 °C;15;15.9;16.5;16.8;17
2024-04-22 06:28:01;25.5;49.0;61.9;60.4;75.2;81.7;11.6 °C;15;15.9;16.5;16.8;17
2024-04-22 06:38:05;25.5;48.9;61.9;60.5;75.2;81.7;11.6 °C;14.9;15.9;16.5;16.8;17
2024-04-22 06:48:01;25.5;48.9;61.9;60.5;75.2;81.7;11.6 °C;14.9;15.9;16.5;16.8;17
2024-04-22 06:58:05;25.6;48.9;61.9;60.5;75.2;81.7;11.6 °C;14.9;15.9;16.5;16.8;17
2024-04-22 07:08:06;25.5;48.9;61.9;60.4;75.2;81.7;11.6 °C;14.9;15.9;16.5;16.8;17
2024-04-22 07:17:59;25.5;49.0;61.9;60.4;75.2;81.7;11.6 °C;14.8;15.8;16.5;16.8;17
2024-04-22 07:28:01;25.5;49.0;61.9;60.4;75.2;81.7;11.6 °C;14.8;15.8;16.5;16.8;17
2024-04-22 07:37:58;25.6;49.0;61.9;60.4;75.2;81.7;11.6 °C;14.8;15.8;16.5;16.8;17
2024-04-22 07:48:04;25.6;49.0;61.9;60.4;75.2;81.7;11.6 °C;14.8;15.8;16.4;16.8;17
2024-04-22 07:58:04;25.6;48.9;61.9;60.4;75.2;81.7;11.6 °C;14.7;15.8;16.4;16.8;17
2024-04-22 08:08:04;25.6;49.0;61.9;60.4;75.2;81.7;11.6 °C;14.7;15.8;16.4;16.8;17
2024-04-22 08:18:04;25.6;49.0;61.9;60.4;75.2;81.7;11.7 °C;14.7;15.8;16.4;16.8;17
2024-04-22 08:28:01;25.6;49.0;61.9;60.4;75.2;81.7;11.8 °C;14.6;15.8;16.4;16.8;17
2024-04-22 08:38:01;25.6;49.0;61.9;60.4;75.2;81.8;11.8 °C;14.6;15.7;16.4;16.8;16.9
2024-04-22 08:48:01;25.6;49.0;61.8;60.4;75.2;81.8;11.9 °C;14.6;15.7;16.4;16.8;16.9
2024-04-22 08:58:02;25.6;49.0;61.9;60.4;75.2;81.7;12 °C;14.6;15.7;16.4;16.8;17
2024-04-22 09:08:04;25.8;49.0;61.8;60.4;75.2;81.8;12.1 °C;14.6;15.6;16.4;16.8;16.9
2024-04-22 09:18:00;25.6;49.0;61.8;60.4;75.2;81.8;12.3 °C;14.6;15.6;16.4;16.8;16.9
2024-04-22 09:28:00;25.7;49.0;61.8;60.4;75.2;81.8;12.4 °C;14.5;15.6;16.4;16.8;16.9
2024-04-22 09:37:59;25.6;49.0;61.8;60.4;75.2;81.8;12.7 °C;14.5;15.6;16.4;16.8;16.9
2024-04-22 09:48:03;25.7;49.0;61.9;60.4;75.2;81.8;12.9 °C;14.5;15.6;16.4;16.8;16.9
2024-04-22 09:58:01;25.8;49.0;61.9;60.4;75.2;81.8;13.1 °C;14.5;15.6;16.4;16.8;16.9
2024-04-22 10:08:06;25.9;49.0;61.8;60.4;75.2;81.7;13.4 °C;14.5;15.6;16.4;16.8;16.9
2024-04-22 10:18:03;25.7;49.0;61.8;60.4;75.2;81.8;13.7 °C;14.5;15.6;16.3;16.8;16.9
2024-04-22 10:28:06;25.8;49.0;61.8;60.4;75.2;81.8;14 °C;14.5;15.5;16.3;16.8;16.9
2024-04-22 10:38:03;25.8;49.0;61.8;60.4;75.2;81.8;14.3 °C;14.5;15.5;16.3;16.7;16.9
2024-04-22 10:48:03;25.6;49.0;61.8;60.4;75.2;81.8;14.6 °C;14.5;15.5;16.3;16.7;16.9
2024-04-22 10:58:05;25.6;49.0;61.8;60.4;75.2;81.8;14.8 °C;14.5;15.5;16.3;16.7;16.9
2024-04-22 11:07:59;25.6;49.0;61.8;60.4;75.2;81.8;15 °C;14.6;15.4;16.3;16.7;16.9
2024-04-22 11:18:05;25.6;49.0;61.8;60.4;75.2;81.8;15.3 °C;14.6;15.4;16.3;16.7;16.9
2024-04-22 11:28:02;25.6;49.0;61.8;60.4;75.2;81.8;15.4 °C;14.6;15.4;16.3;16.7;16.9
2024-04-22 11:37:59;25.8;49.1;61.8;60.3;75.2;81.8;15.5 °C;14.6;15.4;16.3;16.7;16.9
2024-04-22 11:47:58;25.7;49.0;61.8;60.4;75.2;81.8;15.6 °C;14.7;15.4;16.3;16.7;16.9
2024-04-22 11:58:05;25.8;49.0;61.8;60.4;75.2;81.8;15.8 °C;14.8;15.4;16.3;16.7;16.9
2024-04-22 12:08:06;25.7;49.1;61.8;60.3;75.2;81.7;15.8 °C;14.8;15.4;16.3;16.7;16.9
2024-04-22 12:18:03;25.6;49.1;61.8;60.3;75.1;81.7;15.9 °C;14.8;15.4;16.3;16.7;16.9
2024-04-22 12:28:02;25.7;49.1;61.8;60.3;75.2;81.7;16.1 °C;14.9;15.4;16.3;16.7;16.9
2024-04-22 12:38:00;25.7;49.1;61.8;60.4;75.2;81.8;16.1 °C;14.9;15.4;16.2;16.7;16.9
2024-04-22 12:48:03;25.6;49.1;61.8;60.4;75.2;81.8;16.3 °C;14.9;15.4;16.2;16.7;16.9
2024-04-22 12:58:02;25.7;49.1;61.8;60.3;75.1;81.7;16.4 °C;15;15.4;16.2;16.6;16.9
2024-04-22 13:08:01;25.7;49.1;61.8;60.3;75.2;81.8;16.6 °C;15.1;15.4;16.2;16.6;16.9
2024-04-22 13:18:06;25.7;49.1;61.8;60.3;75.1;81.7;16.8 °C;15.1;15.4;16.2;16.6;16.9
2024-04-22 13:27:59;25.7;49.1;61.8;60.3;75.1;81.7;16.9 °C;15.1;15.4;16.2;16.6;16.9
2024-04-22 13:38:06;25.7;49.1;61.8;60.3;75.1;81.7;17.1 °C;15.2;15.4;16.2;16.6;16.9
2024-04-22 13:48:03;25.7;49.1;61.8;60.3;75.1;81.7;17.3 °C;15.3;15.4;16.2;16.6;16.9
2024-04-22 13:58:02;25.8;49.1;61.8;60.3;75.1;81.7;17.5 °C;15.3;15.4;16.1;16.6;16.9
2024-04-22 14:08:00;25.7;49.1;61.8;60.3;75.1;81.7;17.7 °C;15.4;15.4;16.1;16.6;16.9
2024-04-22 14:18:01;25.7;49.1;61.8;60.3;75.1;81.7;17.9 °C;15.4;15.4;16.1;16.6;16.9
2024-04-22 14:28:01;25.7;49.1;61.8;60.3;75.1;81.7;18.1 °C;15.5;15.4;16.1;16.6;16.9
2024-04-22 14:37:58;25.7;49.2;61.8;60.3;75.1;81.7;18.3 °C;15.6;15.4;16.1;16.6;16.9
2024-04-22 14:48:01;25.5;49.1;61.8;60.3;75.1;81.7;18.4 °C;15.6;15.4;16.1;16.6;16.9
2024-04-22 14:58:05;25.5;49.1;61.8;60.3;75.1;81.7;18.6 °C;15.7;15.5;16.1;16.6;16.9
