id_r;lon_r;lat_r;EH
;gradi;gradi; 
;;;R+
;;; 
id_pluv;longitude;latitude;cumulative
;;; 
122591991155;762615.36;4834945.67;NA
122669935048;762394.27;4856506.12;NA
122939410057;764229.25;4864923.42;NA
123369918107;768189.78;4852627.60;0
123391954768;768964.54;4837824.72;NA
123449960575;768822.86;4852927.71;NA
123558515045;770890.69;4823470.69;0
123603115919;771247.28;4823582.31;NA
123613658640;770239.25;4850544.69;NA
124142005047;774921.47;4840323.16;NA
124145886889;774944.33;4840529.04;0
124347512126;777051.99;4828960.12;0
124689017809;778480.64;4860805.75;0
124980908938;781150.89;4853254.89;NA
125195686731;783786.69;4831979.50;NA
125258605878;783920.78;4840791.92;0
125332863831;783484.91;4865025.92;0
125572421711;787185.36;4823776.56;0
126231164472;791137.06;4855412.95;0
126261345331;792736.86;4824419.02;NA
126308399212;793341.03;4819313.20;0.2
126412333278;792942.89;4847569.20;0
126448727068;794486.64;4819124.66;NA
126522425048;794702.06;4827812.00;0
126631006490;796257.54;4812461.02;0
126888628277;797249.62;4837186.92;0
126963077711;798595.03;4820490.19;NA
127115781498;798319.17;4854287.22;0
127307641085;801415.00;4819878.55;0
127308448651;801433.67;4819608.50;NA
127378076997;800452.60;4853882.25;NA
127630718101;803237.78;4837436.08;0
127686099812;802562.63;4862082.47;0
127912891849;804375.26;4862392.08;0
128028374527;806107.41;4844960.38;0
128286090402;810150.78;4802390.88;0
128484188672;810430.08;4831150.87;0
128574865875;813132.24;4788667.68;NA
128606894988;812162.71;4815237.72;NA
128627773376;812288.47;4816177.21;0
128737790610;810803.73;4867004.83;0
128991219886;813105.70;4861466.43;0
129021007555;812989.71;4868994.08;0
129047364057;816929.96;4789754.54;0
129083670273;816516.28;4804897.67;0
129088073750;816012.35;4816392.54;0
129218030556;819168.09;4771659.77;NA
129410347452;818285.46;4823590.92;0
129476413132;820106.33;4796479.54;0
129546997813;821390.77;4781476.96;NA
129571519808;821579.82;4781707.96;0
129576935000;819062.77;4835600.45;0
129591383364;821985.47;4776557.17;NA
129719322669;819371.82;4853168.20;0
129736137499;819641.53;4850378.95;NA
129750589035;822829.66;4786133.80;0
129776491114;822923.55;4788596.09;NA
129846696441;822298.18;4813650.25;NA
129899787814;823943.22;4788277.27;NA
129984503742;825661.44;4766754.99;0
130044121425;826106.84;4767631.48;NA
130058078369;825758.92;4777293.55;0
130087587589;825950.13;4778329.08;NA
130189314974;823682.41;4842499.39;NA
130334330269;825309.61;4833147.68;0
130460408660;827364.06;4811914.77;0
130507450507;826271.92;4842128.02;NA
130581786328;825967.46;4860575.85;0
130722890064;830838.16;4784406.70;0
130891417255;832658.37;4775276.01;0
130912102571;832743.72;4776985.35;NA
131029256182;834493.44;4760772.84;0
131302406212;833591.18;4824195.34;NA
131336118383;833851.78;4824450.02;0
131424404469;837837.67;4758519.40;0
131467943638;837978.27;4762887.32;0
131602954702;838578.06;4773056.10;0
131693652659;835825.37;4842841.08;0
131700876211;840195.76;4756603.09;NA
131705245873;839405.02;4773227.55;NA
131754279657;835826.61;4852528.99;0
131928389492;840144.76;4794823.43;0
131929425834;839671.04;4804413.97;0
132093743444;843475.54;4755344.89;0
132101301027;838895.77;4847268.89;0
132307960036;844572.73;4768382.36;NA
132343251944;841805.14;4828587.40;0
132424548480;846933.91;4740490.49;0
132433871081;845593.50;4768550.24;0
132446684470;847137.58;4740054.23;NA
132458686702;845707.95;4770295.48;0
132849623368;848515.86;4777862.03;NA
132869227535;847911.32;4792772.24;NA
132932616419;851727.26;4728254.66;NA
132985600306;851346.86;4744257.88;0
132997177809;851399.02;4745096.05;NA
132998409221;848951.25;4793013.40;0
133005215565;852327.55;4728190.08;0
133057983928;850437.74;4773568.35;NA
133096436690;853466.07;4720578.48;0
133274566423;852990.47;4758386.51;NA
133303999452;853213.48;4758735.31;0
133445558666;856321.50;4720944.51;NA
133473924166;851917.16;4810423.34;0
133555105833;852158.30;4818418.00;NA
133556376379;854830.83;4767386.02;NA
133630077539;855425.20;4767546.07;0
133927415643;854938.15;4822998.21;0
134010774757;857845.83;4780727.64;0
134108567415;860727.45;4741079.43;0
134111205209;859771.42;4759717.36;NA
134132418318;860742.82;4744522.01;0
134191375035;858903.31;4788610.95;NA
134230292240;858470.89;4802756.69;0
134304577351;858866.25;4806688.56;0
134321680038;861461.65;4760344.10;0
134572288105;859364.11;4837988.97;NA
134724450031;865164.08;4752742.54;NA
134886093379;862646.45;4824271.45;0
135023405857;866141.78;4780177.11;NA
135061552374;864011.34;4825347.31;0
135127220359;863829.45;4838481.42;0
135418149648;870776.56;4754114.34;0
135425338210;867282.14;4819491.07;0
135474883381;867894.74;4815644.32;NA
135543790031;872162.04;4747548.11;NA
135728734037;872683.28;4765846.50;0
135944580944;872571.52;4800031.88;NA
135975883694;872073.08;4813680.34;0
136029216110;874206.50;4782871.65;0
136238935791;873882.42;4819585.01;0
136502555967;878553.43;4774182.70;NA
136765843370;878225.07;4818443.62;NA
136835640035;881180.43;4775896.34;NA
137767292677;887547.96;4797722.46;0
3668060150944;1044811.13;4076787.32;NA
3668080150945;1044818.66;4076810.11;NA
3672820149927;1035378.21;4081500.15;NA
3672820149930;1035405.04;4081501.84;NA
3673330151092;1045761.00;4082727.31;NA
3675830146881;1007940.31;4083177.53;NA
3675960146760;1006850.20;4083257.54;NA
3678560149169;1028203.95;4087454.27;0
3679140119544;763620.55;4075804.73;NA
3683260145288;993223.78;4090593.73;NA
3683460145017;990791.26;4090675.81;NA
3683560145303;993338.37;4090934.73;0
3684220150470;1039430.92;4094472.33;NA
3684460150567;1040280.16;4094794.05;NA
3688100149010;1026126.40;4097964.79;NA
3688160149013;1026149.04;4098033.11;NA
3688460150829;1042335.62;4099387.49;NA
3693250147100;1008737.47;4102645.56;0
3693330149253;1027932.97;4103909.99;0
3694220145294;992569.93;4102770.78;NA
3695390146759;1005554.52;4104840.60;NA
3697330143997;980810.06;4105560.17;NA
3697350144000;980835.53;4105583.91;NA
3697400147731;1014084.48;4107595.74;NA
3701240145935;997825.74;4110903.03;NA
3701460145903;997526.29;4111130.60;NA
3702270144082;981254.94;4111090.13;NA
3702970147094;1008034.56;4113439.87;NA
3703830150606;1039255.11;4116337.25;NA
3705170145906;997310.05;4115253.23;0
3705220152364;1054812.34;4118897.85;0
3705300148182;1017566.00;4116617.37;NA
3705750142989;971305.09;4114405.93;0
3706000151576;1047738.22;4119305.36;NA
3706040148709;1022207.54;4117728.90;NA
3706040148710;1022216.44;4117729.46;NA
3706040151583;1047797.67;4119353.86;NA
3706190149003;1024814.77;4118058.17;NA
3706280152919;1059676.97;4120402.63;0
3709430145609;994388.08;4119829.60;NA
3709610145595;994251.77;4120022.23;NA
3710100139330;938486.21;4117479.40;0
3712640148458;1019520.04;4124922.85;0
3712700146821;1004954.75;4124102.32;NA
3712990141139;954404.25;4121542.17;NA
3713380141128;954283.05;4121970.00;NA
3714560143964;979426.49;4124680.75;NA
3715400138881;934188.65;4123157.84;NA
3715510142986;970671.86;4125244.37;NA
3715570138891;934267.79;4123351.21;NA
3716250147494;1010701.21;4128407.59;0
3716530150464;1037088.73;4130366.64;NA
3718970143544;975414.81;4129366.66;NA
3719040142896;969652.46;4129120.18;NA
3719720141769;959597.26;4129320.96;NA
3719850138427;929900.36;4127891.84;NA
3720130137612;922645.18;4127835.06;NA
3720830139930;943194.42;4129674.71;NA
3722220148667;1020718.39;4135680.74;NA
3723000145748;994736.14;4134975.71;NA
3723000152278;1052744.70;4138603.50;0
3723830136364;911358.71;4131392.49;NA
3724060145186;989675.66;4135859.83;0
3724410148948;1023062.86;4138269.28;NA
3724860151426;1045040.41;4140173.78;NA
3725960147776;1012548.36;4139347.23;NA
3726190141033;952670.23;4136150.68;NA
3726210137217;918799.28;4134410.29;NA
3726610139189;936278.41;4135748.13;NA
3727460140874;951182.85;4137484.89;NA
3728130151493;1045398.49;4143845.84;NA
3729070144177;980395.83;4140905.40;NA
3729280149986;1031937.98;4144261.11;NA
3729320143675;975925.22;4140928.29;0
3729670142128;962176.56;4140546.86;NA
3730390142189;962673.54;4141376.45;NA
3730470135889;906783.53;4138559.25;0
3730870137537;921378.64;4139727.30;NA
3731210149456;1027098.26;4146107.12;NA
3731440139889;942207.50;4141437.98;NA
3731560143658;975632.74;4143407.64;NA
3731560143789;976794.85;4143473.89;NA
3731710141296;954671.33;4142407.62;NA
3731880147256;1007531.68;4145641.98;NA
3732920144450;982571.43;4145321.25;NA
3734050149249;1025062.84;4149146.51;NA
3734060139263;936503.02;4144055.49;NA
3734150135496;903100.68;4142476.41;NA
3734240140038;943364.01;4144617.48;NA
3735050149081;1023502.89;4150163.80;NA
3735680137727;922793.43;4145153.53;NA
3735850137736;922863.64;4145346.34;NA
3735970136455;911502.81;4144911.97;NA
3735970138611;930612.73;4145876.24;0
3736670150897;1039493.28;4152990.62;NA
3736890145728;993646.22;4150394.07;NA
3737220142812;967775.49;4149269.97;NA
3738140146958;1004467.02;4152435.61;0
3740550142817;967612.19;4152970.92;NA
3740690137336;919047.95;4150541.79;0
3741060143840;976643.77;4154051.34;0
3741060144448;982030.60;4154361.54;NA
3741190141359;954655.85;4152966.35;NA
3742860140511;947044.16;4154414.15;NA
3743700132657;877453.78;4151902.33;NA
3743880132666;877524.40;4152105.78;NA
3743890133842;887934.81;4152595.59;NA
3744180150677;1037003.57;4161208.45;NA
3744520145761;993436.12;4158886.73;NA
3744890144661;983670.37;4158725.16;NA
3744920144700;984013.80;4158778.59;NA
3745720138775;931505.13;4156778.45;NA
3745770139822;940770.88;4157320.20;NA
3746280148981;1021833.03;4162584.17;0
3746690135946;906410.29;4156593.69;NA
3746870142504;964446.91;4159834.87;NA
3747590145354;989630.58;4162083.61;NA
3748100146336;998290.02;4163167.32;NA
3749640140569;947152.57;4161971.29;0
3750330146469;999318.30;4165715.22;NA
3750390132747;877912.80;4159365.92;0
3750470150788;1037534.10;4168260.55;NA
3750500141752;957567.80;4163496.90;NA
3751250135350;900891.13;4161400.62;NA
3751290131269;864796.39;4159780.51;NA
3751360138256;926588.99;4162804.22;NA
3751380148541;1017583.04;4168005.99;NA
3751480148553;1017682.30;4168123.71;NA
3751570141754;957519.95;4164686.22;NA
3752000150703;1036671.65;4169911.69;0
3753370148713;1018966.66;4170311.93;NA
3755640145028;986220.05;4170855.54;NA
3756110138307;926768.51;4168102.08;NA
3756860142683;965408.39;4171018.96;0
3757580132156;872326.97;4167112.12;NA
3757580146919;1002811.63;4174009.57;0
3758060134081;889312.21;4168427.18;NA
3758390140978;950243.37;4171884.51;NA
3758530137550;919940.50;4170447.27;0
3758650141721;956794.23;4172533.19;0
3759020130390;856653.79;4168024.07;NA
3759060140374;944865.21;4172339.85;NA
3759190130397;856707.50;4168215.46;NA
3759390134146;889817.02;4169930.89;NA
3759440129681;850370.81;4168222.92;0
3759550134153;889870.50;4170111.45;NA
3759560149244;1023229.42;4177484.47;NA
3760060139135;933858.08;4172868.87;NA
3760440143460;972050.64;4175384.27;NA
3761160135531;901957.83;4172481.59;NA
3761640150131;1030921.95;4180295.54;NA
3761720134335;891364.38;4172596.70;NA
3761950136077;906737.54;4173594.60;NA
3762070133082;880280.32;4172469.00;NA
3762170145011;985643.60;4178099.95;NA
3762170151658;1044378.75;4181763.23;NA
3762760130622;858523.34;4172264.62;NA
3762980137578;919936.94;4175401.23;NA
3763160132294;873266.82;4173362.06;NA
3763190141875;957875.93;4177650.64;NA
3763210140109;942276.77;4176822.98;NA
3763220140108;942267.35;4176833.61;NA
3764080136039;906285.63;4175943.17;0
3764260150484;1033853.36;4183407.61;NA
3764260150485;1033862.20;4183408.18;NA
3764600128523;839906.56;4173524.46;NA
3764620128523;839905.65;4173546.66;NA
3765080130942;861236.25;4174963.23;NA
3765110144514;981062.32;4181108.52;NA
3765500145283;987828.11;4181940.45;0
3765720126003;817615.89;4173882.87;0
3767030136301;908436.95;4179332.89;NA
3767090135541;901725.87;4179070.25;NA
3767190134681;894130.39;4178815.31;NA
3767350146090;994831.66;4184419.95;NA
3767810126744;824064.16;4176456.82;NA
3767970138350;926468.59;4181291.74;NA
3768170148150;1012964.01;4186442.85;NA
3768360151975;1046724.07;4188826.21;NA
3768510151983;1046783.65;4188997.56;NA
3768670128072;835741.95;4177879.73;NA
3768720134212;889910.96;4180317.45;NA
3769020127513;830794.97;4178069.11;NA
3769370142621;964078.94;4184882.35;NA
3769690151078;1038706.71;4189781.95;NA
3769960130222;854648.08;4180105.35;NA
3769970132592;875553.99;4181042.02;NA
3770430138492;927580.15;4184088.39;NA
3770600138501;927649.75;4184281.29;NA
3770670141144;950964.97;4185602.41;NA
3771190129428;847586.78;4181172.63;NA
3771260145260;987246.60;4188326.48;NA
3772220134045;888254.37;4184133.96;NA
3772290134247;890032.20;4184295.83;NA
3772890130427;856315.75;4183436.10;NA
3772890130429;856333.38;4183436.86;NA
3773220151439;1041635.52;4193913.21;0
3773810131325;864188.81;4184803.75;NA
3774080137451;918189.87;4187670.05;NA
3775250147853;1009854.29;4194145.15;NA
3775320135929;904701.28;4188376.00;0
3775350147862;1009926.78;4194261.17;NA
3775530139864;939383.03;4190389.12;0
3775530144025;976074.44;4192431.53;0
3776090140637;946165.09;4191378.00;NA
3776260137069;914699.33;4189920.30;NA
3776290144246;977974.28;4193388.77;NA
3778020128795;841689.48;4188521.25;NA
3778450141271;951610.96;4194304.22;NA
3778780129625;848966.85;4189672.05;NA
3778910143149;968135.50;4195741.93;NA
3779000146033;993551.41;4197330.66;0
3779040150346;1031572.19;4199749.66;NA
3779220130973;860821.87;4190673.23;NA
3779360125682;814205.42;4188915.04;NA
3779760142036;958272.73;4196132.62;NA
3779970148256;1013081.23;4199609.95;NA
3780010125683;814186.65;4189636.89;NA
3780130127072;826415.61;4190246.83;NA
3780300132501;874229.41;4192474.31;NA
3780320132499;874210.78;4192495.71;NA
3780610145056;984833.46;4198605.76;NA
3781310124583;804444.77;4190715.30;0
3781460141934;957268.62;4197970.55;NA
3781600152464;1050056.35;4203825.33;NA
3781620141942;957329.20;4198152.18;NA
3781720132928;877918.42;4194223.09;0
3781780127194;827417.20;4192121.19;NA
3782030138922;930698.79;4197167.83;NA
3782350139950;939735.68;4198003.52;NA
3782450151309;1039813.52;4204092.86;NA
3782560141181;950567.08;4198825.18;NA
3782600148723;1017013.59;4202790.18;NA
3782610151306;1039775.37;4204268.89;NA
3782750135431;899909.16;4196411.16;NA
3782810152269;1048247.55;4205054.60;NA
3782940151506;1041513.73;4204751.85;0
3783140128147;835747.74;4193969.74;0
3783190134306;889978.08;4196422.88;0
3783700146789;999897.52;4202955.00;NA
3783710131656;866616.63;4195924.46;NA
3783720146786;999869.73;4202975.61;NA
3784410152243;1047899.47;4206817.06;NA
3785060134947;895522.84;4198769.44;NA
3785440144839;982605.15;4203857.92;NA
3785460128800;841390.07;4196782.39;NA
3785810126650;822450.97;4196405.17;NA
3786120143395;969844.83;4203873.87;NA
3786330140997;948716.95;4202923.20;0
3786330141539;953489.11;4203186.00;NA
3786860149522;1023751.68;4207970.09;0
3787080139233;933142.04;4202920.15;NA
3787700133671;884151.47;4201166.46;NA
3788220127176;826973.67;4199263.75;NA
3788350133739;884716.03;4201916.24;NA
3788770149790;1025975.54;4210243.49;NA
3788790144905;982966.84;4207613.22;NA
3788860143108;967143.92;4206772.55;NA
3788970149778;1025855.59;4210458.89;NA
3789450135563;900707.84;4203907.34;NA
3789510144858;982505.93;4208388.54;NA
3789750133032;878422.71;4203180.78;NA
3790330131006;860570.05;4203020.30;NA
3790360131002;860533.39;4203052.06;NA
3790670128761;840806.17;4202551.87;NA
3790810151453;1040468.72;4213465.12;NA
3791410130704;857861.00;4204102.74;NA
3792520160633;1121154.06;4221116.09;0
3792670129297;845427.03;4204969.78;0
3792670143569;970958.02;4211236.97;0
3792730127421;828928.10;4204356.53;NA
3793090146936;1000553.95;4213464.99;NA
3793170131611;865751.19;4206409.48;NA
3793530136575;909385.94;4208878.54;NA
3794190125527;812212.72;4205324.66;NA
3794580126607;821689.89;4206125.55;NA
3794630134663;892512.61;4209275.10;NA
3794710126614;821745.75;4206272.28;NA
3794970137836;920393.85;4211040.61;0
3795030141008;948283.91;4212590.60;NA
3795180136508;908705.05;4210681.22;NA
3795370146231;994197.70;4215619.85;NA
3796000134133;887780.33;4210573.74;NA
3796280126792;823241.53;4208076.81;NA
3796410132888;876814.91;4210516.73;NA
3796970129650;848327.70;4209875.14;NA
3797080140863;946884.11;4214797.40;NA
3797140136115;905141.61;4212685.44;NA
3797170152333;1047741.03;4221047.99;NA
3797260142894;964729.27;4215994.83;NA
3797270142892;964711.05;4216004.94;NA
3797300140889;947099.30;4215054.25;NA
3797640142372;960116.02;4216156.74;NA
3797710133418;881406.24;4212176.37;NA
3797730152601;1050056.30;4221828.98;NA
3797740152602;1050064.35;4221840.68;NA
3797970131903;868078.78;4211853.87;0
3798000149672;1024277.63;4220431.08;NA
3798060138503;926079.87;4214775.97;NA
3798450149660;1024139.95;4220924.24;NA
3798690149058;1018829.57;4220852.13;NA
3798750157286;1091183.95;4225849.40;0
3798940132925;877010.40;4213340.74;NA
3799670159300;1108823.27;4228177.89;0
3799850139194;932048.33;4217083.24;NA
3800020139202;932108.63;4217275.75;NA
3800170160342;1117946.37;4229424.68;0
3800270130835;858581.26;4213989.61;NA
3800690125350;810382.49;4212480.62;0
3801290128888;841430.27;4214388.13;NA
3801330145962;991432.47;4222097.32;0
3801810128869;841239.24;4214958.42;NA
3802390132022;868902.55;4216808.38;NA
3802460151411;1039242.18;4226384.60;NA
3802480132591;873895.32;4217136.03;NA
3802640157486;1092628.12;4230300.62;NA
3802680134389;889676.37;4218097.90;NA
3802730144888;981902.01;4223088.33;NA
3802950144797;981088.02;4223285.40;NA
3803020134425;889974.49;4218490.54;NA
3803110134544;891014.81;4218640.56;0
3803120125847;814643.57;4215345.27;NA
3803300125856;814714.88;4215548.13;NA
3803330153744;1059681.41;4228736.48;NA
3803350153743;1059671.09;4228758.10;NA
3803470140236;940987.72;4221593.86;0
3803750126645;821622.64;4216318.07;NA
3803820146664;997432.87;4225237.95;NA
3804220157242;1090355.50;4231900.49;0
3804440159028;1106035.52;4233300.92;0
3804750148073;1009747.30;4227037.43;NA
3804920154625;1067301.22;4231040.02;0
3804970154372;1065074.18;4230940.68;0
3805370132553;873414.46;4220329.40;NA
3806550130939;859187.42;4221001.96;NA
3806550130940;859196.19;4221002.35;NA
3806580133033;877566.17;4221867.22;NA
3806780131131;860861.35;4221331.86;NA
3807080154747;1068205.33;4233515.21;0
3807330154464;1065699.92;4233619.41;0
3807720149708;1023898.39;4231250.19;0
3807920154869;1069211.61;4234523.72;0
3808110151044;1035602.83;4232448.86;0
3808500154719;1067848.96;4235075.94;0
3809170132547;873168.22;4224546.02;NA
3809170160819;1121375.88;4239748.60;0
3809690152078;1044565.81;4234808.51;0
3809920154808;1068520.06;4236708.63;NA
3810280156389;1082375.05;4238093.85;0
3810550147857;1007447.13;4233361.89;NA
3810560147856;1007437.66;4233372.45;NA
3811110158144;1097719.21;4240138.07;0
3811360150650;1031906.03;4235832.20;NA
3811640133006;877068.53;4227474.29;0
3811670133350;880084.47;4227648.23;NA
3811970156897;1086700.14;4240293.67;NA
3812060157367;1090819.33;4240693.54;0
3812360153595;1057682.15;4238680.34;NA
3812810153593;1057630.19;4239179.16;NA
3812930133271;879326.15;4229014.81;NA
3812980133276;879367.40;4229072.38;NA
3813940150187;1027655.32;4238433.07;NA
3814810147778;1006458.04;4238050.94;NA
3815030161815;1129619.02;4246938.07;0
3815110160728;1120070.72;4246289.99;0
3815500131144;860545.63;4231018.10;0
3817500157561;1092080.19;4246863.81;0
3817720154711;1067061.12;4245316.55;NA
3818500156381;1081648.16;4247223.80;0
3818900153523;1056550.33;4245903.90;NA
3818960153555;1056826.37;4245989.89;NA
3819280158442;1099662.74;4249411.83;0
3820250155533;1074071.95;4248636.82;0
3820440161536;1126703.42;4252761.52;0
3821170155036;1069641.71;4249350.70;0
3822080152433;1046752.36;4248784.98;0
3822220160444;1116974.16;4254002.28;0
3823500157158;1088058.99;4253273.81;NA
3824190157381;1089957.67;4254183.35;0
3824220162578;1135512.26;4257678.26;0
3824690157514;1091082.69;4254824.37;0
3824920157647;1092229.59;4255165.50;0
3825000157808;1093634.08;4255358.16;0
3825080157139;1087764.48;4255017.60;0
3825280159736;1110508.56;4256931.18;0
3825700155604;1074263.52;4254737.48;NA
3825850155613;1074330.51;4254909.79;NA
3825860158714;1101503.25;4256902.47;0
3826080155992;1077633.10;4255402.60;NA
3827500161472;1125532.95;4260565.73;0
3829060158119;1096025.89;4260071.54;0
3830140163256;1140932.43;4264730.21;0
3830810160308;1115052.34;4263459.10;0
3832720163953;1146807.58;4268087.31;0
3833220161533;1125572.85;4266965.50;0.1999512
3835360160786;1118849.24;4268837.75;0
3835390160106;1112894.95;4268414.70;0
3835750158506;1098861.83;4267758.54;0
3837140161892;1128375.10;4271568.24;0.1999512
3837750159128;1104137.92;4270389.12;0
3840780159717;1109035.43;4274146.45;0
3840830160775;1118284.24;4274910.39;0
3841890164683;1152370.90;4278799.19;0
3843080159072;1103202.16;4276276.21;0
3843560165700;1161112.85;4281385.53;0
3843780161431;1123766.32;4278634.14;0
3844440162917;1136700.00;4280390.68;0
3846580160603;1116287.84;4281185.70;0
3848560149317;1017544.13;4276401.00;NA
3849170163028;1137251.22;4285726.01;0
3849970159836;1109298.03;4284440.01;0
3851670163194;1138479.27;4288620.94;0
3853610165194;1155770.19;4292194.39;0
3854940161244;1121166.36;4290911.74;0
3855810162128;1128806.53;4292483.66;0.4003906
3856130148334;1008425.52;4284260.23;NA
3856130148335;1008434.25;4284260.79;NA
3856610163125;1137437.55;4294064.25;0
3858280158925;1100645.54;4293073.11;0
3860560160606;1115114.97;4296726.55;0
3861920158325;1095108.92;4296725.67;0
3862470162444;1130977.61;4300104.95;0
3865060159822;1107894.92;4301202.61;0
3865920162992;1135449.50;4304320.68;NA
3867220164017;1144266.34;4306485.82;0
3867360161028;1118207.43;4304570.17;0.2000122
3869000165444;1156539.03;4309484.14;0
3870280161197;1119426.59;4307930.61;0
3870830161919;1125666.99;4309035.65;0
3871830161219;1119483.58;4309668.43;0
3871940162833;1133529.01;4310901.77;0
3873360163439;1138679.16;4312903.98;0
3875330164478;1147546.78;4315828.79;0
3878420162861;1133196.35;4318124.43;0
3881440165597;1156723.22;4323424.73;0
3883360164022;1142850.74;4324431.55;0
3886530162442;1128832.44;4326848.13;0
3889830163322;1136183.72;4331130.19;0
3891250165819;1157743.23;4334491.78;0.2000732
3893720170233;1195843.04;4340538.81;0
3893780168564;1181343.33;4339335.02;0
3894640165197;1152028.16;4337810.60;0.1999512
3895140165650;1155914.42;4338693.78;NA
3895170166775;1165677.81;4339548.69;0
3895220165828;1157452.17;4338911.89;0
3896890167797;1174386.00;4342218.06;0
3897440086203;467109.22;4314004.28;0
3897440165403;1153557.42;4341071.97;0
3897750163036;1132990.22;4339733.61;0.1999512
3898530166208;1160441.26;4342868.55;NA
3901390171278;1204152.42;4349877.31;0
3901690089986;499878.80;4318652.00;0
3903030165964;1157904.15;4347693.40;0
3903310088489;486922.08;4320460.60;0
3903670170153;1194168.06;4351541.24;0
3904330167589;1171871.25;4350335.04;0
3904750088317;485436.35;4322061.21;0
3904920163350;1135068.82;4347923.85;NA
3906190084497;452389.95;4323789.81;0
3906890168906;1183041.66;4354169.96;0
3907220170278;1194901.28;4355584.88;0
3908220171356;1204145.08;4357533.21;0
3908310162367;1126247.06;4351005.68;0.5996094
3909170087197;475759.67;4326990.10;0
3910280169278;1185935.05;4358221.60;0
3911440167664;1171841.85;4358295.82;NA
3912940162553;1127445.12;4356281.28;NA
3914190167489;1170063.57;4361222.96;0
3915000160781;1111925.30;4357353.56;0.3994141
3915720089653;497001.93;4334222.05;0
3915970167831;1172853.78;4363456.89;0
3916330165400;1151779.47;4362069.62;0.2001953
3916360164056;1140145.71;4361139.44;0.2001953
3917530162808;1129241.20;4361560.98;NA
3918360163258;1133059.61;4362798.80;0
3918860084817;455238.76;4337834.00;0
3920030089375;494603.31;4339006.33;0
3920610087769;480737.54;4339671.83;0
3920690094867;542021.29;4339849.73;0
3921670162028;1122125.38;4365620.91;0
3922390091164;510047.44;4341629.94;0
3924420167889;1172543.54;4372894.92;0
3924720165444;1151379.41;4371428.39;0
3928730162648;1126853.18;4373898.54;0
3929060169781;1188443.19;4379487.01;0
3930080085631;462328.70;4350248.52;0
3930500093958;534125.44;4350698.31;0
3930580162356;1124165.63;4375751.64;NA
3930750089531;495956.48;4350902.14;0
3931470167822;1171286.11;4380682.88;0
3932140164289;1140715.09;4378846.43;NA
3933920086042;465891.17;4354493.75;0
3934060163042;1129775.32;4380098.53;0.2000122
3935720095597;548220.93;4356566.03;0
3935810093006;525897.79;4356559.63;0
3936110160417;1106941.25;4380569.40;0
3937170089389;494737.04;4358027.63;0
3937470088019;482937.01;4358377.50;0
3938170170589;1194515.34;4390239.35;0
3939810161208;1113439.89;4385219.44;0
3940000165375;1149358.65;4388364.49;0
3940720171108;1198737.33;4393478.43;0
3942440170036;1189319.85;4394559.85;0
3943720095430;546728.73;4365435.62;0
3944970166142;1155504.75;4394447.98;0
3945220090181;501557.29;4366959.81;0
3947440162008;1119658.02;4394250.15;0
3950000164028;1136823.95;4398513.30;0
3950440169403;1183072.80;4402969.01;0
3950500086239;467665.57;4372886.92;0
3951390094231;536370.54;4373892.58;0
3951390167306;1164921.02;4402444.03;0
3951750159406;1096874.65;4397272.70;0
3952400161622;1115892.39;4399496.61;0
3952610088461;486772.78;4375172.41;0
3954500091383;511883.23;4377267.79;0
3955390093533;530352.95;4378305.99;0
3956190089419;495009.05;4379135.86;0
3958690165211;1146199.61;4409022.01;0
3962000088142;484052.60;4385598.81;0
3962030093450;529611.59;4385672.47;0
3962250162781;1124978.08;4411249.24;0
3962970158517;1088268.03;4409152.68;0
3965920091319;511314.72;4389941.18;0
3966110160278;1103126.84;4413817.31;0
3968830095814;549853.20;4393324.03;0
3968970085525;461629.12;4393413.57;0
3971060164966;1142937.77;4422595.35;0
3973320162710;1123365.44;4423503.67;0
3974500161175;1110088.32;4423752.25;0
3975720093053;526152.40;4400853.92;0
3978430183501;1301267.24;4445858.40;0
3978610162556;1121565.09;4429275.65;0
3978690088206;484638.97;4404121.03;0
3978970163139;1126531.45;4430084.75;0
3979560095131;543928.48;4405197.12;0
3979690164814;1140827.18;4432078.56;0
3980800183475;1300766.28;4448471.48;0
3981280092592;522185.55;4407012.32;0
3985080090475;504063.40;4411198.77;0
3985500160878;1106567.12;4435774.53;0
3985780095181;544316.57;4412103.02;0
3986560163814;1131619.39;4438998.79;0
3987110159058;1090839.29;4436337.62;0
3988500159922;1098116.38;4438460.48;NA
3988860095500;547024.17;4415537.77;0
3988980183153;1297047.04;4457280.66;0
3992030085661;462919.34;4419001.46;0
3992560091561;513339.10;4419511.26;0
3992610164664;1138334.68;4446331.73;0
3993750157686;1078529.31;4442813.28;0.20007324
3994000160506;1102631.29;4444967.89;NA
3995060089322;494208.44;4422276.53;0
3995360159731;1095882.76;4445955.78;0
3995770088574;487820.20;4423072.08;0
3996070181020;1277958.60;4463266.54;0
3996760182669;1291993.14;4465499.95;0
3997620182687;1292046.90;4466472.75;0
3997630180865;1276453.62;4464865.32;0
3997980157170;1073759.83;4447178.74;0.20019531
3998390162983;1123420.99;4451559.73;0
3998440094258;536354.49;4426112.58;NA
3999110166067;1149721.95;4454576.65;0
4000070184000;1302994.01;4470385.00;0
4000110157967;1080391.92;4450064.40;0
4000720184002;1302934.16;4471109.91;0
4002390086708;471909.36;4430461.79;0
4003690083944;448333.83;4432028.42;0
4004420096500;555448.22;4432865.37;0
4005000164469;1135509.06;4459963.28;0
4005450179945;1267695.77;4472758.17;0
4006690181678;1282364.90;4475661.09;0
4006900179763;1265976.27;4474212.59;0
4006900181780;1283212.30;4475985.28;0
4007000161036;1106007.85;4459777.15;0
4008390184169;1303452.25;4479794.52;0
4008430183835;1300593.58;4479534.77;NA
4008870184188;1303557.56;4480345.83;0
4008940163306;1125212.23;4463513.48;0
4010110182839;1291886.61;4480502.80;0
4010920094117;535086.60;4439958.68;0
4011100182890;1292206.21;4481649.92;0
4011330092533;521585.85;4440363.28;0
4011580156278;1065004.66;4461717.68;0
4011980184762;1308089.95;4484331.13;0
4012810152886;1035971.48;4460973.71;0
4013030088139;484144.79;4442236.00;0
4013190154586;1050439.81;4462439.78;0
4013390155439;1057698.42;4463196.39;0
4013420181678;1281586.67;4483146.83;0
4013440157622;1076312.87;4464651.84;0
4014200181780;1282367.11;4484105.06;0
4014280086089;466685.42;4443680.12;0
4014390155619;1059151.18;4464421.21;0.20007324
4015030184843;1308416.33;4487798.52;0
4015080183004;1292712.54;4486179.75;0
4015300180728;1273261.10;4484398.54;0
4015750183037;1292915.48;4486954.77;0
4015920095092;543364.15;4445551.38;0
4016110159861;1095176.05;4469103.14;0
4016710180335;1269746.25;4485622.13;0
4016780166514;1151844.85;4474547.54;0
4017110089136;492643.36;4446751.50;0
4017280164386;1133651.88;4473552.90;0.4000001
4017530154311;1047743.93;4467091.21;0
4018180180230;1268682.83;4487165.24;0
4018420180375;1269892.39;4487559.01;0
4021030092853;524278.27;4451137.91;0
4021280162067;1113517.30;4476359.38;0
4021640154344;1047692.79;4471678.31;0
4023000152625;1032943.91;4472137.49;0
4024420155533;1057591.53;4475511.68;0
4025190164717;1135729.65;4482583.12;0
4025470091897;516132.42;4456044.31;0
4025560156603;1066606.78;4477460.19;0
4025780151300;1021446.57;4474434.88;0
4026080087653;480042.49;4456730.54;0
4026530095897;550141.42;4457370.38;0
4026720182675;1288540.35;4498831.03;0
4026830180513;1270107.24;4497033.54;0
4027250182745;1289074.56;4499483.48;0
4027940157042;1070143.29;4480387.81;0
4029060084775;455589.10;4460142.74;0
4029140152261;1029363.24;4478740.16;0
4029830167267;1156994.95;4489613.19;0
4029860157867;1077000.43;4483058.29;0
4030830158433;1081732.54;4484508.44;0
4031000167519;1159025.26;4491102.30;0
4032080150578;1014820.79;4481010.01;0
4032120177220;1241470.52;4500080.84;0
4032610090350;502973.33;4463952.74;0
4033170085967;465741.54;4464651.77;0
4033310093692;531361.17;4464794.52;0
4033390177173;1240930.34;4501453.39;0
4033410178174;1249446.71;4502326.01;0
4035170178863;1255112.24;4504874.37;0
4035430181780;1279901.97;4507718.24;0
4036670165153;1138353.77;4495658.79;0
4036720180508;1268930.90;4508028.55;0
4036830176346;1233516.63;4504583.48;0
4037200180582;1269505.28;4508627.36;0
4037400167746;1160328.18;4498386.95;0
4037610160994;1102913.13;4493766.84;NA
4037650174357;1216512.88;4503850.80;0
4037670085039;457886.58;4469686.71;0
4037670096758;557368.06;4469787.77;0
4038320176460;1234323.02;4506335.76;0
4039050166568;1150153.70;4499342.04;0
4039110155717;1057941.50;4491950.88;0
4039280162236;1113317.13;4496482.11;NA
4039440156031;1060581.75;4492517.20;0
4039560086639;471476.82;4471720.67;0
4040070172670;1201914.68;4505177.13;0
4040500157250;1070848.12;4494479.23;0
4040520178418;1250726.53;4510441.56;0
4040650173192;1206290.49;4506241.17;0
4041080160872;1101565.49;4497539.56;NA
4041190093539;530026.54;4473535.84;0
4042170090044;500373.26;4474563.51;0
4042310153133;1035733.77;4493899.88;0
4043830168657;1167433.20;4506223.82;0
4044280172632;1201150.90;4509827.37;0
4045050173676;1209937.48;4511524.34;0
4045060159667;1090978.85;4501144.50;0
4045380174230;1214607.79;4512341.83;0
4046330094844;541067.52;4479293.71;0
4046430172504;1199838.73;4512115.35;0
4046860149658;1005885.58;4496896.60;0
4047610151703;1023178.56;4498927.05;0
4047970156414;1063119.76;4502240.24;0
4048060162483;1114611.04;4506412.77;0
4048680179935;1262691.37;4520828.15;0
4049030164481;1131475.93;4508910.50;0
4049700150142;1009776.33;4500331.38;0
4050060157611;1073097.53;4505337.37;NA
4050170084706;455142.93;4483578.03;0
4051220150428;1012085.82;4502186.40;0
4051390087639;479998.46;4484824.40;0
4052020174532;1216460.41;4519971.49;0
4052170159122;1085730.23;4508680.17;NA
4052420092192;518566.99;4485964.01;0
4052600172822;1201890.58;4519229.69;NA
4052900177103;1238178.94;4523089.16;0
4053370174338;1214669.71;4521313.72;0
4053780178155;1247006.37;4524961.88;0
4053830150309;1010877.73;4505016.68;0
4054250155697;1056514.14;4508760.82;NA
4054450168627;1166119.74;4518006.35;0
4054920154359;1045118.05;4508664.91;0
4054970142281;942765.75;4501923.85;0
4055000177006;1237123.65;4525342.37;0
4055080170171;1179149.08;4519893.83;0
4055530177907;1244706.74;4526696.09;0
4055610163306;1120894.09;4515383.90;NA
4055780170205;1179366.09;4520698.40;0
4055870167012;1152286.18;4518368.10;NA
4056190152369;1028152.17;4508858.35;0.2000122
4056280086433;469803.61;4490286.68;0
4056280173384;1206268.63;4523773.67;NA
4056490172040;1194851.12;4522929.83;NA
4056940096975;559041.14;4491191.90;0
4057080094258;536041.77;4491200.67;0
4057420156569;1063638.54;4512840.27;0
4057550171083;1186628.24;4523351.98;0
4057800167575;1156869.09;4520934.67;0
4057970153361;1036414.99;4511438.18;0
4058360083131;441868.41;4492761.08;0
4058370171007;1185899.60;4524203.90;0
4058940160378;1095777.66;4517050.33;0
4059500155175;1051655.94;4514264.24;0
4059530172485;1198305.31;4526664.30;0
4060150175170;1220993.59;4529535.75;0
4060360149747;1005620.54;4511945.56;0
4060470152925;1032522.24;4513949.92;0
4060640143628;953793.94;4508909.58;0
4061530175203;1221123.63;4531097.38;0
4061740169176;1170042.12;4526529.50;0
4061890161383;1104024.78;4521017.60;NA
4062140145794;972025.09;4511718.96;0
4062180168020;1160206.50;4526138.55;NA
4062610157968;1075044.90;4519516.84;0
4062780089886;499035.87;4497440.73;0
4062870179267;1255407.67;4536027.45;0
4063020143870;955680.34;4511678.67;0
4063060145033;965519.79;4512334.04;0
4063080170410;1180358.23;4528973.04;0
4063190088192;484710.16;4497911.49;0
4063280158108;1076172.31;4520353.43;0
4063470162750;1115455.28;4523726.58;0
4063750153517;1037271.21;4517955.67;0
4063750156372;1061436.71;4519747.34;0
4063920145336;968023.77;4513450.67;0
4063940164329;1128780.12;4525372.66;0
4064140146039;973956.88;4514072.81;0
4064330085406;461156.15;4499262.64;0
4064390148367;993637.83;4515635.83;0
4064640148656;996064.74;4516076.80;0
4064670093242;527410.81;4499589.13;0
4064690145406;968562.06;4514343.39;0
4064940155014;1049843.83;4520207.41;NA
4065030147022;982210.53;4515597.76;0
4065040177003;1235986.38;4536503.71;0
4065170146067;974120.64;4515232.11;0
4065250146389;976839.18;4515495.71;0
4065360144639;962026.26;4514680.42;0
4065380177518;1240309.98;4537317.90;0
4066250149839;1005952.87;4518542.11;0
4066620167137;1152292.32;4530410.39;0
4066920170325;1179245.88;4533175.61;NA
4066940159153;1084697.73;4525114.00;NA
4066940166017;1142782.05;4529935.48;0
4067360145017;965084.66;4517102.00;0
4067500148325;993052.47;4519067.06;NA
4067640147358;984863.60;4518682.60;NA
4067750147400;985210.81;4518828.06;0
4067810152485;1028214.78;4521838.37;0
4068400173341;1204618.76;4537213.71;0
4068890145144;966051.79;4518869.04;0
4069220173888;1209160.63;4538568.98;0
4069640146456;977091.82;4520408.80;0
4069720147017;981829.19;4520804.94;0
4070780145339;967567.97;4521072.44;0
4071080139500;918195.11;4518452.38;0
4071480175847;1225491.86;4542694.76;0
4071530085944;465742.02;4507232.54;0
4071940147706;987492.04;4523652.66;0
4072170138989;913808.72;4519420.28;0
4072560147511;985798.63;4524232.93;0
4072580169037;1167774.42;4538472.73;0
4072610091025;508655.99;4508357.34;0
4072640148442;993660.92;4524843.04;0
4072860157144;1067194.59;4530368.26;0
4072890145939;972490.09;4523738.53;0
4072970158022;1074607.02;4531064.39;0
4073190138792;912080.97;4520460.24;0
4073330152000;1023677.94;4527679.49;0
4073360155931;1056899.24;4530143.36;0
4073400175671;1223793.05;4544683.04;0
4073440146808;979794.00;4524822.48;0
4073720086781;472820.45;4509634.26;0
4073890161625;1104981.74;4534520.89;0
4074030139472;917773.43;4521715.46;0
4074170162461;1112022.67;4535415.05;0
4074190147589;986338.67;4526087.00;0
4075020173336;1203873.14;4544569.53;0
4075140165850;1140577.10;4538926.78;0
4075470173362;1204045.11;4545090.84;0
4075530094853;540965.12;4511706.88;0
4075970154789;1047032.04;4532321.66;0
4075980168830;1165682.34;4542093.75;0
4076110145069;964913.16;4526849.16;0
4076330146272;975058.36;4527740.19;0
4076350165997;1141702.46;4540379.78;0
4076390159983;1090879.72;4536173.93;0
4077420088019;483282.75;4513710.49;0
4078000145733;970387.69;4529303.80;0
4078500147867;988370.73;4531029.89;0
4078580147656;986583.24;4531001.04;0
4078690149122;998953.50;4531950.16;0
4078920167570;1154742.02;4544406.69;0
4079120171177;1185195.35;4547404.85;0
4079360141639;935730.80;4528692.54;0
4079420143806;954019.59;4529862.07;0
4079440149089;998618.52;4532764.50;0
4079670169183;1168293.37;4546465.85;0
4080010169170;1168149.21;4546833.81;0
4080060155177;1049970.97;4537109.86;0
4080550155270;1050715.50;4537712.96;0
4081360152264;1025273.41;4536759.42;0
4081420143633;952422.89;4531993.88;0
4081690146164;973763.65;4533635.64;0
4081690147017;980962.44;4534101.92;0
4081800153681;1037198.92;4538111.03;0
4081830147814;987678.46;4534699.52;0
4082170164082;1124969.89;4545456.21;0
4082250084081;450086.87;4519221.72;0
4082470147111;981699.10;4535020.21;0
4082550173655;1205766.01;4553199.47;0
4082640148422;992749.50;4535940.75;0
4082940093236;527285.33;4519869.50;0
4082940146142;973488.76;4535012.25;0
4082970153807;1038167.43;4539488.63;0
4083060150722;1012126.26;4537731.49;0
4083080141278;932441.15;4532645.08;0
4083250152442;1026625.72;4538966.54;0
4083370173505;1204411.75;4553989.43;0
4083410152339;1025743.84;4539082.17;0
4083530145953;971852.06;4535565.32;0
4083860150394;1009296.96;4538428.26;0
4083920156437;1060283.26;4542200.85;0
4084000146564;976973.21;4536419.47;0
4084170096528;555032.80;4521389.53;0
4084250144658;960876.42;4535673.34;0
4084700152433;1026434.52;4540572.08;0
4084790150505;1010161.89;4539526.31;0
4084980158543;1077963.14;4544754.13;0
4085500146572;976932.75;4538090.11;0.1999512
4085530141975;938159.57;4535713.74;0
4085810089597;496603.45;4523005.79;0
4085830147389;983799.69;4538906.49;0
4085860146156;973398.30;4538263.49;0
4086080166348;1143721.25;4551453.48;0
4086190152819;1029571.92;4542461.26;0
4086390146494;976210.88;4539036.16;0
4086560142342;941186.12;4537042.62;0
4086760172008;1191416.13;4556555.81;0
4086810156182;1057887.67;4545248.42;0
4087500145608;968660.48;4539789.40;0
4087580172080;1191937.70;4557524.71;0
4088000150294;1008135.40;4542969.27;0
4088070156323;1058970.47;4546738.84;0
4088070167927;1156847.84;4554846.23;0
4088250147217;982172.75;4541499.55;0
4088340150835;1012670.83;4543663.78;0
4088370167669;1154641.51;4554985.05;0
4088470150858;1012854.68;4543821.74;0
4088810091122;509452.13;4526341.28;0
4089250148444;992443.42;4543296.21;0
4089280154197;1040942.69;4546740.86;0
4089700168425;1160885.80;4557035.58;NA
4090070170527;1178577.30;4559067.46;0
4090280155036;1047933.69;4548376.45;0.1999998
4090830087675;480419.31;4528603.59;0
4091170147808;986940.55;4545071.80;0
4091220150053;1005856.90;4546406.31;0
4091320157138;1065565.40;4550876.41;0
4091760151836;1020841.57;4548057.05;0
4091770151750;1020116.01;4548016.77;0
4091780147292;982547.48;4545462.41;0
4092050171258;1184537.13;4561842.31;0
4092720145767;969630.41;4545673.45;0
4092930153195;1032200.53;4550178.75;0
4092940129697;834252.12;4538512.27;NA
4093360156000;1055801.15;4552409.87;0
4093390159800;1087820.69;4554941.35;0
4093600155505;1051610.02;4552361.53;0
4093820173012;1199139.34;4565208.45;0
4093970082131;433759.93;4532361.30;0
4094110140214;922760.19;4544374.76;0
4094140146253;973623.22;4547513.91;0
4094400156147;1056952.03;4553659.45;0
4095040169168;1166611.87;4563539.17;0
4095070160842;1096450.05;4557518.02;0
4095080171008;1182114.99;4565013.69;0
4095350169175;1166639.45;4563889.13;0
4095600157988;1072358.92;4556188.20;0
4095700161405;1101136.10;4558606.07;0
4095900165722;1137488.64;4561906.48;0
4095920145408;966379.86;4549035.23;0
4095940145978;971178.36;4549364.26;0
4095970158036;1072731.12;4556630.95;0
4096760164016;1123033.59;4561623.96;0
4097470150036;1005235.10;4553339.84;0
4097580164155;1124126.76;4562635.11;0
4098250172252;1192265.74;4569523.43;0
4098480167181;1149526.99;4565855.84;0
4098800172180;1191601.27;4570077.36;0
4099080156207;1057061.81;4558897.94;0
4099110147278;981894.16;4553597.31;0
4099360096319;553149.05;4538238.86;0
4099800167312;1150499.70;4567421.16;0
4099940088975;491379.51;4538695.51;0
4100000168510;1160568.04;4568549.06;0
4100040153674;1035658.85;4558372.26;0
4100080168672;1161924.19;4568761.53;0
4100280147808;986268.96;4555191.92;0
4100340155005;1046837.55;4559534.48;0
4100580144847;961329.81;4553912.69;0
4100830146242;973050.66;4554939.44;0
4100880153618;1035119.21;4559271.04;NA
4101030146686;976772.35;4555404.00;0
4101730159509;1084627.44;4564012.66;0
4101780157317;1066174.82;4562615.60;0
4101780157667;1069120.39;4562844.38;0
4102080145983;970781.94;4556187.48;0
4102200160078;1089374.31;4564919.71;0
4102250143358;948686.72;4554989.06;0
4102750144861;961295.68;4556330.55;0
4103500139389;915220.79;4554407.19;0
4103530144914;961686.83;4557225.10;0
4103690157914;1071033.23;4565128.90;0
4105080157952;1071232.09;4566698.43;0
4105770153750;1035831.64;4564785.41;0
4106650155328;1049029.21;4566749.24;0
4106720160834;1095327.00;4570458.76;0
4107230160842;1095348.01;4571030.99;0
4107330163195;1115127.21;4572785.06;0
4108330091122;509424.30;4548010.28;0
4108780144967;961763.97;4563084.99;0
4109110150536;1008544.71;4566562.90;0
4109260141056;928865.06;4561613.78;0
4109300164887;1129168.31;4576189.52;0
4109300167050;1147355.31;4577783.92;0
4109530168715;1161332.59;4579298.26;0
4109600154413;1041091.78;4569452.12;NA
4109750143625;950419.16;4563457.90;0
4109750166172;1139928.77;4577631.32;0
4109840159915;1087318.61;4573298.96;NA
4110030154509;1041863.16;4569989.80;0
4110250144639;958904.72;4564544.05;0
4110630161408;1099796.80;4575199.56;0
4110890142083;937386.46;4563936.21;0
4111070153312;1031718.75;4570404.50;0
4111500148250;989153.51;4567904.17;0
4111520168773;1161619.08;4581554.51;0
4111980168820;1161967.62;4582101.77;0
4112080152753;1026940.37;4571185.46;0
4112470149708;1001328.81;4569813.88;0
4112850159538;1083881.29;4576388.93;0
4113400147734;984678.07;4569725.31;0
4113440153843;1035986.98;4573364.57;0
4114060150861;1010890.73;4572253.08;0
4114220148360;989874.52;4570987.85;0
4114400153927;1036613.97;4574483.15;0
4114400168335;1157647.56;4584421.58;0
4114620164068;1121776.80;4581510.24;0
4114830155212;1047370.67;4575764.60;0
4114940148353;989761.95;4571783.75;0
4115070152506;1024625.84;4574357.59;0
4115720152757;1026681.39;4575231.98;0
4116110145042;961878.25;4571267.13;0
4117810143572;949421.49;4572383.28;0
4118350166670;1143269.25;4587559.00;0
4118370157508;1066347.75;4581174.33;0
4118650157580;1066927.88;4581532.59;0
4118750151392;1014981.51;4577777.77;NA
4119640138383;905762.59;4571858.08;0
4119670151361;1014648.97;4578781.44;0
4120090152675;1025641.75;4580037.29;0
4120360142422;939599.25;4574626.24;0
4120560135747;883595.59;4571680.72;NA
4120950152750;1026201.88;4581038.31;NA
4121030155242;1047103.90;4582672.26;0
4121280143958;952421.17;4576438.44;0
4121700153837;1035260.59;4582538.07;0
4121970153868;1035498.53;4582857.23;0
4122120152255;1021955.39;4582038.51;0
4122120161058;1095807.22;4587726.17;0
4122280093992;533460.06;4563567.27;0
4122360142875;943263.96;4577078.44;0
4123230161935;1103063.06;4589567.94;0
4123500144984;960870.87;4579445.15;0
4123680159042;1078754.36;4588090.01;0
4123680164915;1128020.34;4592191.48;0
4124690144728;958640.75;4580631.12;0
4125130152849;1026695.39;4585742.57;0
4125970148975;994151.08;4584390.22;0
4126330152992;1027797.35;4587162.96;0
4126810135250;879064.91;4578403.42;NA
4127170142106;936493.66;4582030.67;0
4127420137897;901208.25;4580272.79;NA
4128050138362;905065.45;4581188.92;NA
4128080139786;916994.37;4581898.09;0
4129060132567;856460.81;4579763.54;NA
4129860130253;837037.60;4579725.96;NA
4129890150867;1009705.35;4589843.10;0
4130040155168;1045728.90;4592636.28;0
4130100151841;1017849.04;4590655.35;0
4130400155183;1045824.41;4593045.75;0
4130420137328;896258.59;4583342.76;NA
4130980151910;1018357.12;4591674.38;0
4130980156995;1060956.31;4594851.26;0
4132950143361;946614.94;4589091.26;0
4133420162080;1103334.55;4600993.12;0
4133530146661;974203.83;4591492.96;0
4133720145133;961397.24;4590877.06;0
4134170134183;869707.29;4586116.11;NA
4134940142741;941289.07;4590983.35;0
4134970153050;1027583.46;4596797.54;0
4135090151670;1016020.84;4596096.81;0
4135290142128;936134.80;4591061.02;0
4135620160620;1090905.92;4602426.81;0
4135850151705;1016253.52;4596962.08;0
4136420148372;988312.78;4595656.48;0
4137280130264;836746.64;4587970.24;NA
4138250141728;932590.29;4594147.79;0
4138670136575;889459.09;4592163.58;NA
4139110150217;1003545.84;4599704.75;NA
4140280138306;903837.99;4594746.19;NA
4140520138690;907034.18;4595192.94;0
4140580138900;908786.48;4595358.74;0
4140600151905;1017549.23;4602359.04;0
4140890134633;873088.63;4593772.53;NA
4140930154365;1038098.92;4604231.47;0
4141750145344;962592.43;4599909.80;NA
4141760151171;1011318.44;4603209.94;0
4142220150408;1004901.92;4603271.42;0
4142270157783;1066572.77;4607911.01;0
4142440154360;1037931.90;4605906.02;0
4142470138803;907856.78;4597412.07;0
4142580151212;1011596.68;4604145.24;0
4143080131933;850396.05;4595074.49;NA
4143350152040;1018458.70;4605495.34;0
4143580155650;1048623.23;4607985.96;0
4144350138344;903902.81;4599284.38;NA
4145000126303;803253.23;4595077.46;NA
4145270136661;889782.61;4599532.57;NA
4145350151062;1010124.53;4607133.71;0
4145390142531;938825.56;4602483.79;0
4145470143978;950912.08;4603318.87;0
4146000128119;818376.73;4596841.17;NA
4146220130989;842340.79;4598183.11;NA
4146890129078;826343.29;4598187.39;NA
4146900154832;1041506.27;4611157.02;0
4146940150639;1006464.83;4608650.60;NA
4147080131858;849553.99;4599486.31;NA
4147470145403;962677.81;4606295.35;0
4147700145456;963104.16;4606579.30;0
4148330145856;966400.45;4607494.79;NA
4148340138390;904038.82;4603737.50;NA
4148390149828;999576.42;4609787.92;0
4148670150565;1005711.43;4610529.06;0
4148720144669;956457.77;4607292.54;NA
4149000139056;909559.65;4604784.65;NA
4149360148383;987432.23;4610037.66;NA
4149560130586;838799.90;4601733.34;NA
4149750143564;947157.21;4607857.43;0
4150220153312;1028533.07;4613900.99;0
4150750149139;993640.69;4612012.40;0
4151100152493;1021621.76;4614379.01;NA
4151250127697;814597.01;4602516.56;NA
4151280134069;867784.15;4605069.65;NA
4151870141378;928761.88;4609101.37;0
4153000145547;963484.95;4612515.61;NA
4153390151174;1010426.37;4616132.19;0
4153640136478;887752.77;4608746.16;NA
4153920146611;972299.25;4614115.80;0
4153980151413;1012374.69;4616929.72;0
4154110132794;856985.09;4607676.82;NA
4154320135185;876923.32;4608927.83;NA
4154640144856;957601.09;4613967.75;NA
4154780156198;1052248.41;4620780.60;NA
4155020149679;997821.31;4617067.03;0
4155220149793;998757.24;4617355.25;0
4155970126406;803600.13;4607295.49;NA
4156370154996;1042082.21;4621781.99;NA
4157520158728;1073122.93;4625482.05;0
4157890133264;860696.00;4612070.51;NA
4158400149572;996668.39;4620760.08;0
4158690129708;831002.43;4611531.52;NA
4158940128233;818692.41;4611253.09;NA
4159390126483;804081.66;4611120.46;NA
4160060144433;953690.50;4619764.35;0
4160360134075;867318.61;4615156.44;NA
4160670150670;1005648.78;4623922.12;0
4160940142506;937564.20;4619743.42;0
4161030135622;880174.97;4616572.18;NA
4161140125367;794698.75;4612676.03;NA
4161360139489;912387.29;4618719.44;NA
4161670148689;989055.59;4623886.44;NA
4162530141411;928330.46;4620958.28;0
4162950137697;897352.70;4619642.09;NA
4163500147675;980466.16;4625347.28;NA
4163920133153;859434.80;4618720.93;NA
4164140129153;826100.03;4617372.16;NA
4164610126619;804968.99;4616965.27;NA
4165220149806;998092.97;4628472.03;NA
4165390134831;873329.62;4621068.15;0
4166390125008;791469.93;4618383.79;NA
4167030138522;903971.84;4624558.08;NA
4167220134083;866995.05;4622778.61;NA
4167610143928;948953.90;4627885.70;NA
4168580131508;845480.55;4623222.18;NA
4168580153927;1032152.48;4634678.91;0
4168610127789;814519.53;4621828.41;NA
4168750152890;1023502.27;4634229.52;0
4168860148103;983630.29;4631541.88;NA
4170000141850;931488.64;4629475.21;0
4170000149256;993143.94;4633464.60;0
4170030126500;803722.49;4622942.03;NA
4170040159507;1078495.84;4639916.71;0
4170070156335;1052079.54;4637857.18;0
4170120157505;1061817.66;4638673.19;0
4170310132611;854567.78;4625592.59;NA
4170870155015;1041020.92;4637904.19;NA
4171020159538;1078665.63;4641026.59;0
4171230157550;1062095.18;4639936.04;0
4171670140689;921714.56;4630753.28;NA
4171670142689;938359.10;4631755.24;NA
4171720123608;779581.02;4623837.90;NA
4171820153346;1027047.91;4637919.67;0
4171860146943;973750.08;4634227.31;0
4172100136170;884082.64;4629110.51;NA
4172470148561;987170.39;4635811.34;NA
4172830122889;773551.84;4624839.23;NA
4173100133598;862625.25;4629103.09;NA
4173180153460;1027885.00;4639500.81;0
4173330146856;972917.78;4635812.26;NA
4173470136750;888825.98;4630893.13;NA
4174220143831;947685.75;4635177.39;0
4174610126539;803830.91;4628041.88;NA
4175000139856;914567.49;4634046.16;0
4175170140937;923547.77;4634762.98;NA
4175560125611;796069.49;4628772.86;NA
4176100129768;830608.97;4630889.05;NA
4176580122428;769559.93;4628857.74;NA
4176670142522;936629.35;4637223.92;NA
4176940123861;781457.63;4629717.07;NA
4177470134050;866136.62;4634148.30;NA
4177560146931;973229.89;4640552.58;NA
4177970145467;961026.85;4640209.94;0
4178030132356;852022.72;4634061.42;NA
4178330141025;924070.95;4638316.41;NA
4178720149011;990437.51;4643011.14;NA
4179000130622;837557.61;4634442.01;NA
4179250154652;1037296.19;4646986.14;0
4179870156557;1053082.02;4648889.02;0
4180000143689;946102.45;4641523.75;NA
4180220151569;1011586.00;4646174.46;0
4180690126867;806268.89;4634910.26;0
4180940137922;898112.85;4639727.39;NA
4180970126714;804984.37;4635166.71;NA
4181110124194;784041.56;4634457.39;NA
4181670160340;1084370.70;4653405.67;0
4181670160397;1084844.50;4653444.67;0
4181750122194;767399.36;4634525.60;NA
4181770159175;1074677.96;4652726.76;0
4181930135312;876366.95;4639647.95;0
4181940123389;777317.91;4635115.81;NA
4182100153592;1028247.70;4649492.41;0
4182300152407;1018383.61;4648989.63;0
4182500124944;790209.65;4636251.90;NA
4182730159245;1075173.41;4653840.55;0
4182920147103;974263.26;4646601.94;0
4183220128350;818465.21;4638259.85;NA
4183380155844;1046854.04;4652330.28;0
4183380158005;1064810.79;4653735.66;0
4183500148606;986706.89;4648090.09;0
4183530124842;789315.97;4637361.25;NA
4183700139295;909345.85;4643439.80;0
4183780128814;822290.85;4639055.10;NA
4183830155943;1047638.11;4652893.64;0
4183830158047;1065120.00;4654263.42;0
4184470158553;1069267.39;4655310.46;NA
4184580142672;937336.77;4646086.63;0
4184860126281;801204.20;4639333.59;NA
4185080153502;1027253.99;4652747.66;0
4185190140835;922039.43;4645842.27;0
4185280121944;765176.73;4638367.90;NA
4185420124500;786391.33;4639345.28;NA
4185430142112;932628.21;4646746.25;NA
4185580151205;1008134.35;4651912.23;NA
4186080141953;931264.01;4647388.02;0
4186390132475;852552.13;4643394.87;NA
4186500140564;919703.00;4647164.11;NA
4186670145356;959479.35;4649814.49;NA
4186750161672;1094969.38;4659970.20;0
4186960144545;952724.93;4649704.26;NA
4187080125528;794849.77;4641537.16;NA
4187150153283;1025264.63;4654912.58;0
4187440124778;788608.39;4641681.69;NA
4187560127111;807966.12;4642626.88;NA
4187810124247;784184.85;4641915.15;NA
4188050161758;1095562.28;4661474.75;0
4188110161764;1095606.50;4661545.61;NA
4188250124631;787352.00;4642531.79;NA
4188280129719;829575.25;4644396.72;NA
4188330143022;939985.74;4650431.45;NA
4188330146522;969039.21;4652291.38;NA
4188340124750;788335.49;4642671.70;NA
4188470122378;768646.16;4642045.36;NA
4188530123656;779248.66;4642520.45;NA
4188820140590;919766.59;4649753.77;0
4188920133297;859234.31;4646546.25;NA
4189000147858;980079.47;4653777.21;0
4189220125031;790627.44;4643743.86;NA
4189610146342;967451.33;4653614.69;0
4189740135789;879866.34;4648532.66;0
4189860124803;788706.76;4644377.50;NA
4190000138858;905316.80;4650229.35;NA
4190000143522;944020.08;4652544.85;NA
4190220152757;1020589.91;4657974.85;NA
4190440124669;787568.96;4644976.51;NA
4190500151644;1011386.40;4657639.99;NA
4190560125028;790541.72;4645230.91;NA
4190610151553;1010622.37;4657707.75;NA
4191170126306;801114.96;4646349.70;NA
4191510134260;867077.31;4649831.29;0
4191670149189;990922.30;4657499.48;NA
4191670150022;997834.00;4657981.58;NA
4191760138718;904043.79;4652117.96;NA
4191940125722;796235.03;4647001.12;NA
4192140131067;840557.01;4649210.98;NA
4192220124525;786294.71;4646904.95;NA
4192220147092;973482.41;4656926.88;NA
4192360130873;838936.27;4649378.30;NA
4192620126648;803882.96;4648080.76;NA
4192780124689;787629.65;4647581.78;NA
4192800158811;1070665.18;4664738.38;NA
4193330138189;899557.17;4653613.23;0
4193330139856;913382.70;4654405.68;NA
4193610124247;783927.40;4648355.97;NA
4193610124917;789482.82;4648580.33;NA
4193610145767;962389.27;4657745.26;NA
4193750124375;784982.49;4648553.97;NA
4193760126010;798538.70;4649122.28;NA
4193890126611;803515.81;4649477.99;NA
4194170134129;865838.27;4652729.46;0
4194220147031;972828.07;4659114.82;0
4194230144279;950003.89;4657639.42;0
4194250125113;791078.85;4649357.51;NA
4194500160168;1081769.55;4667544.36;NA
4195030143522;943670.32;4658132.14;NA
4195490143565;943994.85;4658665.45;NA
4195500120700;754442.27;4649339.55;NA
4195690125456;793856.39;4651073.85;NA
4195720136486;885289.16;4655486.15;0
4196110125000;790057.52;4651384.68;NA
4196250124044;782127.62;4651220.55;NA
4196280127986;814798.91;4652628.92;NA
4196900124946;789574.12;4652243.69;NA
4198360141375;925645.24;4660738.48;NA
4198440141411;925938.23;4660845.29;NA
4198610146767;970314.41;4663845.67;NA
4198820124970;789685.87;4654383.99;NA
4198990142487;934817.90;4661998.54;0
4199350134544;868979.74;4658660.90;0
4199410130214;833102.56;4656948.99;NA
4199440138027;897832.35;4660324.02;0
4199680144831;954193.13;4663985.61;0
4199860120989;756662.44;4654267.44;NA
4200000127264;808634.65;4656496.96;NA
4200310149994;996927.21;4667563.63;0
4200420123861;780427.60;4655791.13;NA
4200560131583;844382.26;4658768.77;0
4201140124914;789116.73;4656941.41;NA
4201220119783;746620.35;4655422.84;NA
4201670138667;902993.99;4663100.99;NA
4201670140522;918358.64;4663993.43;NA
4201860132283;850109.17;4660497.06;0
4202910136646;886179.66;4663544.13;NA
4203280129969;830871.82;4661151.74;0
4203330141856;929296.19;4666499.85;0
4203330143689;944475.40;4667438.63;NA
4203450143682;944409.05;4667568.28;0
4203560132497;851787.54;4662473.03;0
4203610130197;832742.33;4661606.80;NA
4203780132022;847842.76;4662522.78;NA
4203920144880;954296.24;4668721.58;0
4204110141824;928978.58;4667350.15;NA
4204360134333;866942.78;4664134.31;NA
4205000142692;936104.54;4668778.94;0.2
4205090139999;913804.15;4667537.13;NA
4205140126169;799322.60;4661815.59;NA
4205470120458;752042.14;4660339.15;NA
4205880131086;839981.29;4664478.02;0
4206000136258;882780.73;4666801.32;0
4206570146666;968889.95;4672632.46;0
4206670127650;811505.75;4664044.37;NA
4206790132654;852908.21;4666125.12;0
4206870139144;906612.28;4669103.01;0
4207380135369;875341.25;4667939.05;0
4207500128997;822610.09;4665466.41;NA
4207970124011;781336.33;4664224.71;NA
4208240137988;896959.74;4670080.02;0
4208330139189;906891.17;4670746.13;NA
4208330142025;930356.92;4672138.88;0
4208620152787;1019390.54;4678461.67;NA
4209250122678;770254.20;4665215.55;NA
4209310147011;971542.01;4675866.65;NA
4209570142579;934856.00;4673797.48;0
4209630117859;730382.76;4664224.73;NA
4209660133728;861632.60;4669762.40;NA
4209890138875;904193.80;4672329.47;NA
4209990146984;971268.09;4676607.09;0
4210140121750;762541.87;4665914.29;NA
4210140125039;789742.03;4666978.39;NA
4210220130056;831230.53;4668892.91;NA
4210640146350;965975.32;4676980.22;NA
4211670138856;903923.32;4674297.54;0
4211690127736;811970.91;4669650.76;NA
4211810123669;778338.80;4668376.93;NA
4211830142914;937471.52;4676479.38;NA
4212340143610;943191.78;4677405.79;NA
4212670126078;798215.99;4670146.04;NA
4212720140275;915589.25;4676146.34;NA
4213110144148;947586.34;4678542.55;0
4213170143803;944729.53;4678428.39;NA
4213190142600;934781.48;4677829.23;0
4213360131313;841457.77;4672875.98;0
4213470127389;809015.13;4671501.21;NA
4213580121197;757828.99;4669565.74;NA
4213720146435;966451.67;4680448.19;NA
4213970130481;834547.84;4673223.53;NA
4214330125067;789782.34;4671641.00;NA
4215080140191;914740.24;4678726.73;0
4215280120086;748579.64;4671123.76;NA
4215510135129;872877.35;4676863.39;0
4215630138298;899059.54;4678432.94;NA
4215690140097;913923.44;4679358.54;0
4215720122464;768210.83;4672332.92;NA
4215780141906;928868.07;4680354.09;0
4215810119078;740230.44;4671423.44;NA
4216530127861;812765.79;4675071.66;NA
4216670139522;909108.05;4680169.08;NA
4216690126586;802224.07;4674789.30;NA
4216720144342;948934.42;4682654.77;NA
4216750144958;954022.74;4683015.04;NA
4217170122431;767876.91;4673932.77;NA
4217190138192;898085.45;4680116.03;NA
4217470139547;909262.91;4681069.68;NA
4217470145408;957689.35;4684056.02;0
4218420146333;965262.67;4685613.32;NA
4218830142150;930677.04;4683865.20;NA
4219000140994;921116.49;4683475.23;0
4219190117825;729755.36;4674831.45;NA
4219310132317;849429.26;4679891.26;NA
4219950145046;954519.91;4686616.69;NA
4219970135203;873225.95;4681849.38;NA
4220000136856;886875.30;4682620.97;0
4220000138522;900634.10;4683392.00;0
4220920124753;786888.82;4678853.13;NA
4221410138223;898075.99;4684817.73;NA
4221670141500;925116.65;4686692.72;NA
4221670142856;936313.04;4687379.76;NA
4221820143885;944799.01;4688079.73;0
4222100137799;894532.06;4685386.55;NA
4222200141423;924445.27;4687242.95;NA
4222530126272;799353.74;4681164.02;NA
4223310129408;825198.94;4683180.86;NA
4223330126167;798449.31;4682015.59;0
4223330128103;814427.38;4682712.64;NA
4223970140536;917005.27;4688769.94;0
4224110123378;775397.94;4681941.69;NA
4224170122244;766037.94;4681647.69;NA
4224250135525;875630.78;4686744.78;NA
4224580137572;892503.91;4688036.04;0
4224810135673;876818.79;4687432.25;NA
4225000120500;751614.21;4682039.15;0
4225000136742;885628.68;4688122.65;0
4225000141858;927846.96;4690571.23;0
4225100138865;903141.36;4689218.80;0
4225390117389;725933.63;4681599.68;NA
4225390126764;803277.57;4684514.40;NA
4225420120444;751135.51;4682489.02;NA
4226060127525;809523.34;4685532.57;NA
4226670133858;861734.96;4688709.68;NA
4226670140022;912586.38;4691518.04;0
4226830131581;842942.64;4687943.67;NA
4226860118942;738689.95;4683655.91;NA
4227090140130;913449.86;4692037.07;NA
4228140125587;793439.16;4687155.58;NA
4228170129180;823068.58;4688491.45;NA
4228240144367;948322.51;4695464.56;0
4228330141358;923497.12;4694019.51;NA
4228470139850;911050.05;4693433.99;0
4228670144750;951450.92;4696145.23;0
4229060132896;853665.13;4690959.24;0
4229190124281;782622.05;4687879.30;NA
4229540139852;910996.78;4694623.45;NA
4229640122042;764142.38;4687659.24;NA
4229810144439;948804.57;4697246.60;NA
4230850142344;931457.20;4697315.21;NA
4232220142628;933704.38;4698981.78;0
4232370135739;876911.45;4695858.27;0
4232680129914;828886.65;4693781.81;NA
4233250102911;606368.24;4687501.54;NA
4233350137794;893787.95;4697879.72;0
4233400138625;900633.12;4698324.24;NA
4233410134287;864883.76;4696379.00;0
4233750141072;920775.98;4699897.60;NA
4233970140572;916640.98;4699895.16;NA
4234180141119;921134.52;4700398.55;NA
4234610139453;907378.45;4700062.52;0
4234890141672;925643.41;4701463.27;NA
4234910143918;944148.14;4702637.50;NA
4235040124601;784996.04;4694482.83;NA
4235170115958;713797.02;4692090.12;NA
4235840109067;657021.90;4691330.91;NA
4236560130050;829804.22;4698143.73;NA
4236580137272;889286.28;4701226.41;0
4236720138639;900537.10;4702018.47;NA
4237190132619;850927.80;4699873.84;0
4237280139469;907337.32;4703035.89;0
4237470115575;710565.46;4694548.55;NA
4237610140797;918252.95;4704049.09;NA
4237700141831;926762.70;4704664.49;0
4237720117919;729856.45;4695433.85;NA
4237940126900;803794.48;4698500.59;NA
4238390119286;741086.15;4696556.91;NA
4238510111685;678507.08;4694812.61;NA
4238560129519;825327.46;4700159.98;NA
4238720111686;678509.36;4695046.01;0
4240170122636;768590.41;4699539.28;NA
4240190116303;716466.11;4697752.06;NA
4240270128716;818629.44;4701754.34;NA
4240540113916;696809.74;4697559.78;NA
4240690113867;696401.81;4697715.00;0
4240920122367;766344.59;4700287.40;NA
4241250121044;755443.36;4700247.12;NA
4241280118728;736383.67;4699609.33;NA
4241530140408;914790.29;4708212.05;0
4241610125614;793034.63;4702124.10;0
4241960135181;871745.13;4706263.46;0
4242190130789;835590.05;4704686.35;NA
4242220142768;934166.99;4710161.37;0
4242370141628;924774.80;4709749.79;0
4242530141325;922270.46;4709775.97;NA
4242860133174;855177.92;4706402.31;0
4243170142475;931690.24;4711066.80;NA
4243330138192;896437.90;4709150.20;NA
4243420129225;822657.25;4705445.21;NA
4244010139150;904276.50;4710358.39;NA
4244330124088;780355.82;4704628.95;0
4244360139033;903291.42;4710691.35;NA
4244380135578;874867.65;4709126.25;0
4244500132075;846044.91;4707769.06;NA
4244920139264;905155.60;4711423.65;0
4244960142424;931147.47;4713029.12;0
4245190130539;833373.53;4707919.57;NA
4245560129925;828304.19;4708090.76;NA
4245560141278;921679.87;4713118.18;0
4246440117489;726002.37;4705001.82;NA
4246720124350;782403.32;4707370.15;NA
4246880141944;927067.99;4714918.42;0
4247940137150;887579.35;4713788.15;NA
4248330136189;879654.64;4713785.74;0
4248330136689;883765.23;4714011.25;0
4249580128783;818707.81;4712119.26;NA
4249750141425;922606.15;4717845.68;0
4249810127972;812030.92;4712072.64;NA
4250010137980;894273.09;4716470.82;0
4250860136664;883404.75;4716810.01;NA
4251390135242;871687.57;4716764.02;0
4251670140525;915080.94;4719532.53;0
4251940122911;770346.43;4712697.77;0
4252620132414;848381.73;4716926.56;0
4252670112736;686737.73;4710762.87;NA
4252810141284;921241.01;4721174.28;NA
4252830131008;836820.03;4716590.42;NA
4253230127735;809913.85;4715783.83;0
4253470119328;740852.75;4713315.31;NA
4253500138661;899647.30;4720666.97;NA
4253610120208;748074.68;4713724.87;NA
4253610134064;861879.55;4718718.89;0
4254060135875;876728.12;4720009.67;NA
4254360113492;692895.24;4712808.99;0
4254420113364;691842.33;4712846.54;NA
4254840134778;867672.03;4720393.06;0
4255110125428;790877.12;4717052.73;0
4255280117636;726890.83;4714857.94;NA
4255640136320;880287.02;4721963.84;0
4255690118339;732647.60;4715504.08;NA
4255690124169;780513.17;4717271.73;0
4255750112386;683772.54;4714106.56;NA
4255870133403;856321.30;4720948.28;NA
4255970126504;799671.29;4718383.39;0
4256530140725;916400.40;4725029.25;NA
4256670127667;809185.21;4719579.42;0
4257140129572;824799.83;4720815.57;NA
4257250139983;910260.70;4725465.87;0
4257390137731;891763.79;4724552.22;NA
4257390139406;905514.59;4725342.72;NA
4258150136384;880659.55;4724780.54;NA
4258220140389;913529.60;4726741.34;0
4258310115489;709161.64;4717669.67;0
4258330121500;758490.67;4719353.31;NA
4258390115461;708929.19;4717751.59;0
4259030131631;841598.82;4723726.36;NA
4259360115650;710447.52;4718875.61;0
4260070115183;706592.30;4719548.95;NA
4260330140294;912610.19;4729038.57;0
4260810125428;790611.94;4723383.05;NA
4260830138189;895305.68;4728586.57;0
4260890125406;790427.73;4723464.33;0
4260890137686;891174.89;4728418.91;0
4261000137697;891258.24;4728546.19;NA
4261350113247;690670.22;4720515.73;NA
4261370112550;684952.63;4720383.16;NA
4261390136772;883645.06;4728554.83;NA
4261440112564;685065.38;4720463.96;0
4261530113258;690754.94;4720718.10;0
4261580139194;903503.05;4729895.19;NA
4262360138950;901451.05;4730645.21;NA
4262420139212;903596.33;4730836.83;NA
4262440139769;908164.02;4731126.97;NA
4262610121025;754418.06;4723962.37;NA
4262960132946;852168.68;4728631.31;NA
4263500116544;717638.55;4723699.40;0.2
4263640135219;870770.56;4730359.92;NA
4264000114242;698747.17;4723687.66;NA
4264240114254;698837.90;4723957.00;NA
4264670129489;823727.66;4729146.75;0
4264690127736;809353.95;4728511.76;0
4264740136028;877338.45;4731940.30;0
4265330119722;743625.85;4726599.04;NA
4265480137173;886680.94;4733280.71;0
4265940110160;665228.38;4724963.09;NA
4266110110169;665297.64;4725153.64;0
4266670139944;909321.35;4735910.29;0
4267030126542;799452.14;4730680.08;0
4267360135036;869049.29;4734411.48;0
4267420138575;898051.36;4736087.85;NA
4267530139731;907518.99;4736762.36;NA
4267750124369;781610.61;4730731.79;0
4268140123478;774292.12;4730871.53;0
4268500115436;708386.21;4728972.61;0
4268890113417;691832.62;4728927.31;0
4269070115464;708596.53;4729612.52;NA
4269380113302;690875.48;4729445.39;NA
4269800138754;899365.60;4738816.10;NA
4269830117331;723864.26;4730934.66;NA
4270400111435;675552.82;4730173.02;NA
4270580111447;675646.02;4730375.40;0
4270690125053;787080.08;4734227.40;0
4270710122638;767298.85;4733456.18;0
4271310116308;715433.30;4732312.04;0.60009766
4271610121064;754370.25;4733969.10;0
4271640130311;830097.42;4737206.43;0
4271860114909;703958.42;4732575.24;NA
4272330114633;701683.15;4733030.85;0
4272430121421;757259.90;4734988.01;NA
4272510121359;756748.93;4735057.97;0
4272970136917;884119.15;4741483.00;0
4273100115965;712563.20;4734212.89;0.2
4273330137819;891482.65;4742298.16;0
4273740134066;860728.93;4741077.83;NA
4273850132382;846935.35;4740492.79;NA
4275000126711;800451.99;4739591.74;0
4275000131944;843285.84;4741590.65;0
4275170128508;815152.17;4740436.88;0
4275500127386;805952.34;4740389.89;0
4275720136456;880175.72;4744328.30;0
4276250111417;675240.53;4736665.66;0
4276420111660;677224.06;4736905.22;NA
4276420118564;733716.47;4738587.48;NA
4276500122336;764578.78;4739791.17;0
4276690110149;664853.34;4736898.64;NA
4276830134090;860745.79;4744520.16;NA
4276860110161;664947.01;4737089.77;0
4277280120390;748623.82;4740064.97;0
4277330136676;881877.28;4746216.14;NA
4277470101906;597398.21;4736483.40;0
4277470125239;788288.84;4741820.73;0
4277540139519;905127.78;4747778.79;0
4277690124050;778550.89;4741665.10;0
4277780132954;851395.80;4745094.89;NA
4277860137053;884929.32;4746976.57;NA
4278220102692;603815.71;4737410.00;NA
4278640115055;704930.30;4740139.94;NA
4278710111747;677870.34;4739466.59;NA
4278780115114;705408.27;4740309.78;0.6000061
4278810125944;793993.51;4743552.60;0
4278860130994;835300.96;4745495.08;0
4278890111758;677955.16;4739668.80;0
4279040121187;755072.33;4742257.76;0
4279560114058;696746.08;4740924.06;0
4279560114066;696811.50;4740925.93;NA
4279590137586;889181.78;4749143.33;0
4279720114250;698311.21;4741146.74;0.19999886
4280280130147;828297.03;4746738.38;0
4280480113032;688327.18;4741711.34;NA
4280560113000;688063.09;4741793.03;0.2000122
4281360132122;844389.50;4748727.23;0
4282000126883;801519.42;4747427.54;NA
4282000138169;893797.40;4752091.60;NA
4282170138131;893475.88;4752262.64;NA
4282670127589;807258.39;4748427.00;0
4283810123000;769694.15;4748120.14;0
4284580115600;709187.75;4746870.46;1.4
4284810120644;750397.73;4748502.80;0
4284960135375;870774.39;4754108.88;NA
4285000135381;870821.03;4754155.95;NA
4285220136515;880075.26;4754906.86;NA
4285460115559;708823.04;4747837.55;NA
4285940137755;890163.62;4756274.87;NA
4286750125583;790667.75;4752245.51;0
4286920111671;677014.17;4748567.88;NA
4287360132050;843467.57;4755361.86;0
4287560122006;761411.58;4751971.14;0
4288140116605;717275.48;4751078.61;NA
4288280116667;717776.91;4751250.12;0.20019531
4288300116616;717359.70;4751259.14;NA
4288620131658;840195.90;4756601.87;NA
4289080129303;820937.83;4756186.41;0
4289170115417;707538.37;4751922.53;1.5999985
4289340109274;657372.74;4750779.14;NA
4289440109000;655132.95;4750839.31;1.2000122
4289590120209;746652.41;4753682.85;0
4289970133253;853145.92;4758759.45;0
4290350115489;708086.60;4753250.76;NA
4290440131380;837825.80;4758511.13;NA
4290520134068;859769.02;4759716.23;NA
4290530115500;708170.34;4753453.38;0.8
4291190131892;841964.77;4759551.32;0
4292620130986;834490.64;4760774.71;NA
4292950110793;669676.71;4755083.41;NA
4292980124060;777945.34;4758649.54;0
4293000119687;742256.34;4757318.13;0
4293310107654;644052.54;4754897.60;NA
4293330138892;898976.75;4765017.68;0
4293890112750;685618.72;4756540.83;1.2000122
4293890120275;747019.34;4758477.73;0
4293980112844;686382.98;4756661.58;NA
4294190122881;768270.78;4759610.09;0
4294360131425;837978.47;4762883.10;0
4294400126387;796868.22;4761022.84;0
4294830117331;722963.35;4758698.31;0.2
4294970110861;670175.96;4757340.42;3.4
4294990126917;801163.92;4761866.85;0
4295000118333;731131.66;4759157.88;0
4295080114393;698986.28;4758238.30;0.2
4295090118526;732702.80;4759311.11;NA
4295420135686;872684.09;4765864.70;0
4295910116166;713421.56;4759595.18;NA
4296060117280;722502.92;4760050.79;NA
4296070116178;713513.90;4759775.92;0.2
4296280134897;866195.75;4766472.45;0
4296670116917;719520.33;4760632.73;0
4296800137118;884281.40;4768043.70;NA
4297550138688;897039.66;4769608.28;0
4297640133513;854827.45;4767388.18;NA
4298060110000;663070.37;4760601.21;1
4298130109787;661331.79;4760637.82;NA
4298330113583;692277.11;4761658.96;0.2000122
4298350113644;692773.85;4761695.15;NA
4298370129940;825649.27;4766749.74;NA
4299110132392;845602.52;4768552.81;0
4299210137850;890099.60;4771058.68;NA
4299360106408;633754.10;4761410.27;0
4299400106434;633965.18;4761458.83;NA
4299410114264;697795.02;4763016.52;NA
4299570125839;792151.73;4766572.56;0
4300670132417;845718.72;4770295.80;0
4300890124255;779178.34;4767499.24;0
4301060120314;747050.11;4766452.13;0
4301390122731;766735.10;4767558.68;0
4301720108897;653985.34;4764457.54;0
4301920106138;631498.45;4764210.55;0
4302120108649;651954.55;4764856.56;NA
4302560115814;710323.30;4766891.60;NA
4302600136459;878548.91;4774186.12;NA
4302640110644;668196.35;4765814.49;1.4000001
4302730115821;710374.53;4767082.15;NA
4303050129175;819168.38;4771653.55;NA
4303300110640;668145.74;4766546.65;NA
4303360115872;710768.49;4767794.61;0
4303470131560;838578.72;4773055.91;NA
4304440126583;797981.29;4772243.17;0
4304550114987;703519.08;4768897.65;NA
4304690114994;703571.46;4769054.83;0
4304720108833;653389.06;4767777.41;0
4304720120111;745249.71;4770457.34;NA
4304890120592;749160.75;4770787.95;0
4305000114917;702934.06;4769380.45;0.19999695
4305210114910;702870.12;4769611.97;NA
4305250105557;626695.62;4767819.22;0
4306100125420;788429.50;4773679.97;0
4306230113227;689131.65;4770351.43;NA
4306390108000;646564.58;4769483.09;0
4306390111667;676423.94;4770189.14;4.5999756
4306400106845;637159.60;4769298.86;NA
4306530117250;721880.68;4771670.56;0.20000076
4306580106858;637261.44;4769500.88;0
4306590117248;721862.23;4771736.67;NA
4306670113250;689305.39;4770845.27;1
4306750107224;640237.67;4769750.21;0
4306810126986;801148.01;4775019.48;0
4307050108144;647721.26;4770241.30;NA
4307220111500;675040.46;4771075.90;4
4307260130869;832743.32;4776988.56;NA
4308000132816;848555.14;4778602.58;NA
4308340118433;731445.50;4774000.61;NA
4308450118463;731685.57;4774131.07;NA
4308580134980;866139.52;4780170.64;NA
4308700130044;825949.19;4778263.46;NA
4308920118456;731610.86;4774651.11;0
4308970110294;665174.59;4772774.68;0
4309010114377;698406.43;4773704.59;NA
4309110114385;698468.31;4773817.54;NA
4309190114389;698498.28;4773907.33;0.2
4309830105369;625071.32;4772877.21;NA
4310270110388;665904.57;4774236.96;0.2000122
4310400133990;857973.55;4781763.83;NA
4310500123719;774380.25;4777995.38;0
4310610135986;874205.66;4782870.49;0
4310640121844;759115.89;4777553.65;0
4310720124356;779554.07;4778450.41;NA
4311270117937;727299.33;4777118.86;NA
4311330127850;807956.68;4780353.88;0
4311360123767;774732.35;4778966.26;0
4311470109028;654807.21;4775309.39;0
4311640121369;755208.94;4778518.41;0
4311670121417;755598.23;4778566.37;NA
4311960129530;821593.92;4781685.47;NA
4311990109212;656290.99;4775921.03;NA
4312140109222;656368.52;4776089.48;0
4312430106397;633380.74;4775923.09;0
4312440123044;768802.16;4779931.06;0
4312560120403;747312.25;4779250.31;0
4312700124347;779390.62;4780646.47;0
4313920111781;677134.89;4778575.68;NA
4314280109744;660559.02;4778564.81;0.20019531
4314400125651;789918.28;4782978.11;0
4314420108531;650691.18;4778494.89;0
4314610108626;651459.03;4778723.03;NA
4314610130661;830653.06;4785069.70;0
4315000112750;684983.01;4779984.60;0.4000244
4315000116500;715476.04;4780881.46;0
4315000121750;758167.33;4782366.92;0
4315490108075;646957.33;4779602.15;0
4315520116498;715441.50;4781458.45;NA
4315750137144;883308.24;4789104.34;0
4315900129708;822834.48;4786130.13;NA
4316000134036;858020.44;4788003.57;0
4316110119528;740055.10;4782938.25;0
4316720108664;651715.81;4781073.18;NA
4317440115438;706758.00;4783323.42;NA
4317690118392;730759.66;4784373.40;NA
4317720126597;797450.61;4786997.66;0
4318000123383;771313.67;4786215.60;0
4318110129733;822921.11;4788594.41;NA
4318310119324;738310.90;4785323.28;NA
4318330119306;738163.83;4785340.36;0
4318330121417;755320.57;4785963.11;0
4318470107167;639506.90;4782756.24;0
4318610107975;646069.87;4783049.57;0
4318740106267;632187.13;4782910.01;NA
4318810125961;792228.86;4787983.99;0
4318920106278;632272.63;4783111.64;0
4319170110750;668605.48;4784193.24;0
4319400129004;816928.87;4789748.14;NA
4320220107392;641295.00;4784737.46;0
4320290118036;727769.30;4787163.40;NA
4320310110767;668712.19;4785462.71;NA
4320420118014;727585.72;4787301.79;0
4320430108806;652777.54;4785219.18;0
4320900111800;677087.51;4786331.47;NA
4320920132955;848949.74;4793010.98;NA
4321470119753;741672.64;4788955.95;0
4321560109866;661359.26;4786673.16;0
4322190105947;629513.71;4786691.36;NA
4322220108200;647811.11;4787098.20;0
4322360105958;629599.45;4786881.86;0
4322920114556;699410.22;4789195.30;0
4322950131884;840135.29;4794823.85;NA
4323260137722;887531.72;4797712.95;0
4324080127814;807023.31;4794501.73;0
4324300114167;696206.86;4790635.86;NA
4324670121139;752798.86;4792920.01;0
4325310129433;820105.19;4796475.92;NA
4325350109438;657784.94;4790800.53;0
4325810106918;637318.49;4790866.52;0
4325830114250;696831.44;4792354.59;0
4325980123818;774490.65;4795220.62;0
4326030126808;798759.12;4796302.61;0
4326050105956;629505.00;4790979.51;NA
4326080135900;872561.69;4800015.30;NA
4326220105967;629590.68;4791170.01;0
4326260116953;718756.59;4793504.44;NA
4326390109569;658821.29;4791980.34;0
4326920119962;743153.32;4795069.49;NA
4327060112331;681218.36;4793286.45;0
4327220119903;742662.56;4795385.51;0
4327630112299;680941.77;4793912.55;NA
4328110108072;646630.12;4793616.90;0
4328120108065;646573.09;4793626.77;NA
4328470125306;786452.26;4798486.11;0
4329140110712;668022.37;4795258.03;NA
4329210111671;675800.29;4795533.17;NA
4329220134187;858471.12;4802752.25;NA
4329360111694;675982.54;4795704.60;NA
4329720137288;883600.06;4804687.84;NA
4330500124192;777320.88;4800364.42;0
4330660109272;656301.39;4796666.49;NA
4330670108939;653600.35;4796615.80;0
4330850118248;729095.16;4798949.47;0
4331030128242;810144.97;4802379.26;0
4331140123483;771541.47;4800842.02;0
4331580131886;839670.33;4804410.15;0
4331810117958;726707.39;4799936.47;NA
4331860126950;799625.05;4802828.78;0
4331970117969;726790.63;4800117.16;0
4332330106698;635388.04;4798071.52;0
4332690106317;632291.02;4798410.25;0
4332730134260;858856.41;4806682.36;NA
4332880115552;707160.28;4800499.33;NA
4332920115583;707410.26;4800551.45;0
4333030129040;816513.38;4804900.54;NA
4333420108580;650620.73;4799604.48;NA
4333890117361;721790.42;4802086.11;0
4333900117422;722284.55;4802113.45;NA
4334280119290;737412.62;4803050.26;NA
4334440119167;736409.36;4803193.02;0
4334670125658;789014.03;4805493.70;0
4334750121592;756052.97;4804253.37;0
4334990105217;623326.00;4800796.12;NA
4335190105225;623386.79;4801019.42;0
4335830110611;667019.54;4802667.60;0
4335940122331;761991.68;4805804.65;0
4336220131923;839711.14;4809578.98;NA
4336280108156;647114.35;4802705.11;0
4336420111528;674433.66;4803510.55;0
4336420133431;851920.53;4810427.31;0
4336530109903;661263.63;4803305.69;0
4336630111514;674314.20;4803740.85;NA
4336790106028;629860.44;4802918.22;NA
4336800114221;696242.53;4804531.08;NA
4336840130795;830536.09;4809813.77;NA
4336860105997;629607.78;4802991.13;0
4336990114233;696333.63;4804744.92;0
4337350118902;734149.31;4806350.19;NA
4337470119083;735611.10;4806534.47;0
4337500127292;802118.27;4809216.51;0
4338360135933;872077.70;4813670.12;0
4338700107429;641167.34;4805267.08;0
4338860130417;827364.22;4811908.09;0
4340000104700;619037.87;4806285.00;NA
4340560108639;650921.83;4807544.76;0
4340630129803;822296.58;4813634.48;NA
4340640126589;796269.31;4812451.52;0
4340900108623;650783.84;4807919.46;NA
4340940134369;859254.38;4815848.58;0
4340990106706;635260.30;4807690.46;0
4341040105728;627340.74;4807591.93;NA
4341390115167;703753.54;4809855.82;0
4341470115168;703758.95;4809944.91;NA
4342080119792;741172.16;4811857.41;NA
4342190108386;648833.28;4809309.53;NA
4342360108394;648893.88;4809499.76;0
4342500128564;812166.94;4815239.25;NA
4342630098937;572338.56;4808544.29;NA
4342690123617;772110.82;4813713.91;0
4342810098947;572417.36;4808745.07;0.2
4343190124611;780134.14;4814598.98;0
4343370129043;815999.33;4816386.37;NA
4343460107251;639616.18;4810523.52;NA
4343470116411;713752.18;4812477.71;0
4343580133511;852153.07;4818414.05;0
4343580136196;873886.41;4819586.23;NA
4343620113461;689871.45;4811929.42;NA
4343640116489;714377.47;4812686.57;NA
4343800135380;867268.04;4819466.90;NA
4344140109525;658002.84;4811684.96;0
4344180109534;658074.63;4811731.09;NA
4344440107247;639561.27;4811611.23;0
4344730134492;860025.24;4820111.52;NA
4344920115281;704557.52;4813804.28;0
4344940110739;667805.05;4812810.91;0
4345080115310;704786.77;4813989.11;NA
4345250110125;662828.56;4813033.30;0
4345550108302;648071.31;4813026.18;0
4345620111253;671944.79;4813670.98;NA
4345640114214;695900.49;4814347.31;0
4345670122383;761992.91;4816627.76;0
4345780111264;672029.25;4813850.95;0
4346360110406;665071.94;4814321.41;0
4346710126405;794484.38;4819128.12;NA
4347020111306;672333.80;4815236.80;0
4347110127264;801413.56;4819880.16;0
4347130110414;665115.68;4815178.17;NA
4347140111290;672200.97;4815366.77;NA
4347190118924;733948.00;4817285.12;NA
4347230105649;626571.98;4814454.45;NA
4347310112884;685088.98;4815897.69;NA
4347550135944;871602.88;4823882.96;NA
4347560133884;854938.89;4822993.46;NA
4347770126920;798598.32;4820489.11;NA
4347920113772;692252.11;4816776.48;0
4347960103477;608991.13;4814957.91;0
4348030110447;665358.05;4816184.27;0
4348030118958;734190.54;4818227.64;0
4348590113791;692384.50;4817525.00;NA
4348940121053;751096.46;4819849.48;NA
4349230135018;864011.30;4825339.06;NA
4349620131258;833583.89;4824193.64;NA
4349670121608;755553.65;4820829.34;0
4349750129367;818286.42;4823596.30;0
4350560117194;719832.17;4820556.14;0
4350810122317;761237.09;4822315.86;0
4351180112358;680719.00;4820080.18;NA
4351220125534;787224.18;4823832.63;NA
4351310112431;681305.18;4820240.45;0
4351530126218;792738.39;4824415.64;NA
4351590123560;771250.60;4823580.34;NA
4352090104038;613450.72;4819619.66;NA
4352360106194;630869.23;4820236.15;0
4352580117335;720898.29;4822837.02;NA
4352890117411;721501.13;4823201.55;0
4353010109278;655775.81;4821489.52;NA
4353190105783;627530.26;4821094.11;0
4353190132300;841807.65;4828582.63;0
4353210117425;721602.54;4823560.69;NA
4353280105283;623488.26;4821118.61;0
4353370117444;721750.20;4823743.46;NA
4353470130564;827763.37;4828193.68;0
4353610107958;645094.97;4821917.09;0
4353720112311;680263.40;4822890.98;0
4353810109203;655149.24;4822364.00;0
4353830109947;661159.93;4822527.73;NA
4354000109958;661244.27;4822718.67;0
4354080115660;707310.44;4824071.56;0
4354180106494;633253.58;4822305.10;0
4354220113556;690307.03;4823723.79;0
4354330133806;853911.35;4830479.96;0
4354440107453;640995.31;4822752.02;0
4354470110349;664390.52;4823317.24;0
4354620102996;604985.62;4822292.65;NA
4354680126439;794371.32;4827992.45;NA
4354810113617;690781.24;4824393.06;0
4354830124865;781647.99;4827613.20;NA
4354900113570;690398.72;4824482.23;NA
4355750120583;747017.52;4827272.30;0
4355800103026;605207.43;4823606.95;0
4355930120974;750168.31;4827589.25;NA
4356200124304;777052.97;4828946.14;0
4356350107996;645336.13;4824966.83;NA
4356640108014;645474.52;4825292.06;0
4356780117231;719904.96;4827474.19;NA
4356860128441;810433.52;4831143.02;0
4356940117242;719987.96;4827654.81;0
4357200111630;674660.49;4826610.57;NA
4357440135239;865301.50;4834555.53;NA
4357920119065;734671.81;4829242.25;NA
4358000106861;636132.52;4826607.13;0
4358030130291;825311.46;4833151.22;NA
4358360104667;618411.31;4826670.89;0
4358380115422;705241.42;4828788.26;NA
4358400104670;618434.74;4826715.74;NA
4358670125152;783786.03;4831976.02;NA
4358780111567;674106.20;4828352.15;0
4358810120467;745955.86;4830636.54;0
4358990105427;624534.11;4827481.69;NA
4359130116046;710253.25;4829777.35;NA
4359170105436;624603.05;4827682.95;0
4359170115167;703156.05;4829602.97;0
4359190106844;635968.47;4827925.99;NA
4359440116083;710541.13;4830131.03;0
4359500112340;680325.12;4829316.75;0
4359980103521;609129.92;4828313.15;NA
4360310103489;608865.69;4828675.45;0
4360360109683;658855.13;4829729.30;0
4360500129533;819060.11;4835600.32;NA
4360530105394;624236.02;4829187.10;0
4361030135083;863824.88;4838474.60;0
4361060114306;696144.12;4831495.06;0
4361100134498;859099.23;4838297.25;NA
4361190113042;685939.63;4831348.57;NA
4361250114272;695863.57;4831698.06;NA
4361500118128;726971.41;4832957.92;NA
4361740111350;672269.83;4831594.38;NA
4361890118153;727158.46;4833397.92;0
4361920116530;714061.40;4832999.79;NA
4361940111506;673522.85;4831849.00;0
4362440110372;664359.26;4832173.54;NA
4362610110383;664443.37;4832364.52;0
4362810127587;803237.06;4837435.94;NA
4362820126845;797250.00;4837178.37;NA
4362950133723;852735.98;4840019.34;NA
4363140108499;649230.48;4832597.19;0
4363190108508;649301.85;4832654.34;NA
4363670103856;611765.39;4832455.89;0
4363790103909;612190.67;4832596.31;NA
4364030104125;613928.42;4832892.28;0
4364630133405;850072.53;4841750.55;NA
4364720112639;682580.55;4835179.69;0
4364800112642;682602.32;4835269.20;NA
4364860107444;640679.57;4834323.21;0
4364860115528;705875.87;4836011.57;0
4364930110922;668726.98;4835049.41;0
4365000115552;706064.64;4836173.02;NA
4365140105853;627842.62;4834376.78;0
4365140105879;628052.29;4834380.78;NA
4365340125521;786447.93;4839511.28;NA
4365470113964;693242.73;4836312.81;NA
4366050130464;826273.65;4842127.32;NA
4366250131650;835826.34;4842823.43;NA
4366410113147;686625.23;4837169.74;0
4366490130144;823669.51;4842490.52;NA
4366520106312;631514.03;4835981.19;NA
4366550110408;664537.44;4836745.41;NA
4366610106325;631616.87;4836083.21;0
4366680124102;774942.96;4840519.08;0
4366750110408;664531.98;4836967.54;0
4366780107457;640739.54;4836457.84;0
4366890120428;745311.85;4839599.30;NA
4366890121008;749988.05;4839772.58;0
4367230120997;749885.25;4840146.90;NA
4367330121012;750002.02;4840262.49;NA
4367780108925;652549.52;4837828.03;NA
4367940108936;652634.13;4838007.75;0
4368000102782;603028.14;4837125.90;NA
4368000105900;628160.77;4837560.44;NA
4368000108300;647506.08;4837959.30;NA
4368070102807;603228.45;4837206.75;0.2
4368140105989;628875.15;4837729.72;NA
4368230117512;721752.64;4840266.11;NA
4368250127984;806163.19;4843624.25;0
4368330117528;721877.92;4840381.46;0
4368400105832;627604.17;4837994.21;0
4368460113302;687810.99;4839481.59;NA
4368530108403;648323.26;4838566.32;0
4368610113314;687903.03;4839650.91;0
4368750121339;752578.60;4841938.83;0
4368980114560;697933.48;4840351.81;NA
4369090109219;654885.70;4839337.47;NA
4369090114561;697937.92;4840474.23;0
4369250109231;654978.28;4839517.42;0
4369260113269;687520.07;4840362.65;NA
4369260127675;803621.36;4844632.34;NA
4369440113281;687611.16;4840565.28;0
4369560112933;684803.03;4840620.38;0
4370100132058;838899.15;4847266.06;NA
4370690119314;736181.07;4843496.29;NA
4371030119297;736030.75;4843869.08;0
4371110103944;612336.33;4840730.86;NA
4371140118278;727816.71;4843705.98;0
4371200118302;728007.79;4843779.22;NA
4371210104124;613784.58;4840866.48;NA
4371360104086;613475.61;4841027.86;0
4371860110363;664029.78;4842634.05;0
4372330126369;792945.92;4847571.78;0
4372420109461;656749.17;4843081.43;0
4372780113331;687909.66;4844286.23;NA
4373060115514;705482.64;4845115.59;0
4373160115572;705946.34;4845241.06;NA
4373430117814;723993.03;4846122.89;NA
4373610117825;724074.90;4846325.79;0
4373730108546;649346.59;4844367.37;NA
4373750129692;819638.30;4850378.91;NA
4374020116205;711014.20;4846355.59;NA
4374080116244;711326.14;4846432.18;0
4374200108937;652483.34;4844960.60;0
4374540105538;625106.70;4844768.73;NA
4374720105547;625175.41;4844970.01;0
4374960131709;835814.61;4852522.04;NA
4375140122769;763823.50;4849482.09;0
4375190105578;625415.19;4845496.70;0
4375690111931;676548.11;4847210.24;0
4375860123570;770240.24;4850540.28;NA
4375890115025;701449.27;4848138.65;0
4376010111938;676595.05;4847567.14;NA
4376260129675;819367.68;4853160.32;0
4376740110497;664975.08;4848080.69;NA
4376770110483;664861.58;4848111.22;NA
4376830110494;664948.46;4848180.05;0
4376920103827;611286.05;4847167.90;NA
4376980112635;682176.39;4848795.52;NA
4377070114238;695075.44;4849260.76;0
4377080103839;611379.67;4847347.22;0
4377140112647;682268.11;4848975.86;0
4377160114231;695016.17;4849359.07;NA
4377280110962;668702.64;4848774.16;0
4377310110930;668444.25;4848800.96;NA
4377410106569;633344.29;4848117.17;NA
4377430111823;675627.74;4849119.83;NA
4377580120922;748851.36;4851620.04;0
4377780111339;671722.49;4849407.01;0
4377780112556;681516.33;4849666.70;0
4377830105883;627814.48;4848475.45;NA
4377830109589;657638.05;4849114.39;0
4377920106583;633445.62;4848685.86;0
4378000105894;627899.37;4848665.96;0
4378000112600;681863.75;4849920.70;NA
4378030115889;708330.26;4850729.39;0
4378040103990;612576.95;4848433.87;0
4378060123406;768821.30;4852930.43;NA
4378080102674;601986.39;4848307.77;NA
4378120102700;602194.93;4848355.40;0
4378150127072;798319.16;4854287.44;NA
4378470115854;708033.34;4851209.28;NA
4378560109594;657659.10;4849926.13;NA
4378780076121;388330.05;4849240.71;1.2
4379060121319;751984.20;4853384.07;0
4379140118758;731375.22;4852724.64;0
4379230105213;622394.19;4849929.11;NA
4379330076189;388887.37;4849842.42;1.2
4379390105225;622487.46;4850108.59;0
4379420126188;791143.45;4855382.96;0
4379430118770;731460.57;4853050.10;NA
4379600114130;694124.26;4852045.38;0
4379640112447;680583.12;4851708.70;0
4379670105089;621387.64;4850399.54;NA
4379880112512;681098.79;4851989.47;NA
4379920117100;718006.80;4853140.61;0
4380060106483;632593.56;4851046.60;NA
4380090123202;767089.09;4855119.08;NA
4380370117026;717395.15;4853620.95;NA
4380860125126;782530.91;4856613.91;0
4380940118139;726326.80;4854552.62;0
4381030118162;726508.40;4854658.88;NA
4381830111694;674461.42;4853979.50;0
4381880104143;613735.26;4852719.69;0
4381920108261;646850.87;4853412.69;NA
4381920111681;674354.25;4854076.72;NA
4381970122742;763305.81;4857059.67;0
4382040104132;613643.77;4852895.89;NA
4382270077862;402395.02;4852896.76;0.4
4382360108319;647306.47;4853911.69;0.1999998
4382400104867;619547.21;4853399.31;NA
4382700130526;825867.62;4860645.77;0
4382760076985;395351.34;4853548.19;NA
4382920103081;605176.53;4853734.27;NA
4382970104698;618177.00;4854008.11;0
4382990117002;717107.07;4856524.66;NA
4383100075432;382870.80;4854134.00;NA
4383110113111;685817.35;4855709.83;0
4383160117013;717189.35;4856716.37;NA
4383170117022;717261.35;4856729.84;0
4383230103071;605090.69;4854077.30;0
4383700116699;714645.28;4857234.13;NA
4383720111308;671303.09;4855997.99;0
4383750109169;654105.80;4855610.42;0
4383960113114;685815.08;4856654.58;NA
4384000128947;813102.05;4861478.95;NA
4384110105122;621562.99;4855335.71;NA
4384170116569;713583.35;4857722.48;0
4384190105108;621448.82;4855422.51;0
4384290106540;632958.16;4855753.85;0
4384340125911;788677.31;4860750.60;NA
4384500109076;653338.92;4856426.13;NA
4384600076210;389153.88;4855692.76;0.8
4384810114027;693127.48;4857807.93;NA
4384860112764;682973.81;4857576.13;0
4384880112755;682900.86;4857596.35;NA
4385030113922;692276.41;4858027.80;0
4385180127868;804367.15;4862386.25;0
4385260079286;413888.87;4856059.48;NA
4385920106761;634698.01;4857600.01;0
4386090111550;673180.04;4858680.72;NA
4386140108036;644939.21;4858060.02;NA
4386350111552;673188.58;4858969.92;0
4386500104332;615166.25;4857877.11;0
4386640102619;601398.79;4857808.22;NA
4386770102594;601195.71;4857949.54;0.6
4386900104300;614901.43;4858316.92;NA
4387110124956;780869.74;4863498.02;0
4387180102403;599654.14;4858381.71;NA
4387320075448;383081.93;4858818.74;0
4387350103788;610779.10;4858746.82;0
4387500103806;610920.94;4858915.84;NA
4387610108472;648406.51;4859770.09;0
4387690114475;696633.83;4861112.38;NA
4387960080165;420989.32;4858970.48;0.2
4387970077739;401499.81;4859242.11;1.4000001
4387970110989;668618.61;4860652.79;NA
4388000110000;660672.38;4860489.03;NA
4388140111000;668702.19;4860843.85;0
4388160104844;619247.41;4859793.42;0
4388310110025;660864.88;4860838.20;NA
4388390125289;783484.75;4865033.59;0
4388550110993;668634.38;4861297.80;NA
4388580110986;668577.30;4861329.69;0
4388600115252;702845.56;4862311.00;NA
4388680104802;618899.66;4860364.92;NA
4388720115281;703074.44;4862451.41;0
4388860076018;387690.58;4860450.12;0.2
4389000105292;622829.13;4860792.01;0
4389060128694;810804.58;4867003.76;0
4389240107713;642269.71;4861446.98;0
4389440121917;756350.43;4865097.26;0
4389590102419;599742.47;4861060.34;NA
4389940102456;600033.77;4861453.55;0.6
4390440119022;733058.54;4865349.81;0
4390460077333;398280.54;4862056.86;1.6000001
4390590079515;415804.51;4861955.72;0.4
4390600105928;627903.42;4862665.60;0
4390760128975;812972.61;4868998.28;0
4390820110831;667269.45;4863786.12;NA
4390820112751;682687.03;4864192.97;NA
4390970112853;683501.48;4864382.19;0
4391000110842;667352.73;4863988.27;0
4391370105020;620596.47;4863384.23;0
4391720103767;610529.50;4863597.64;NA
4391860076945;395189.35;4863660.31;NA
4391940102944;603918.10;4863735.14;NA
4391990080677;425153.06;4863398.79;0.2
4392000103699;609978.40;4863899.55;0.6
4392280108936;652015.50;4865041.35;NA
4392290111271;670760.57;4865508.90;0
4392360119586;737511.41;4867643.17;0
4392430108924;651915.34;4865205.75;0
4392860127125;798011.14;4870645.63;0
4392910105154;621640.99;4865114.33;0
4392970105950;628029.25;4865301.32;NA
4393060126608;793850.99;4870682.26;NA
4393070078420;407050.14;4864827.61;0.4
4393330080007;419792.15;4864949.98;0.2
4393350106132;629481.91;4865751.76;NA
4393360102810;602817.84;4865295.52;1
4393360104253;614399.98;4865485.34;NA
4393610102806;602781.43;4865572.69;NA
4393960076081;388292.08;4866106.01;1
4394340105035;620656.84;4866685.14;NA
4394470112136;677639.87;4868112.78;NA
4394720109919;659841.60;4867937.13;NA
4394720120786;747047.33;4870616.90;0
4394830116178;710064.74;4869462.29;NA
4394970112167;677873.72;4868674.81;0
4395060104200;613942.10;4867366.17;NA
4395170125364;783764.45;4872590.22;0
4395230104227;614155.50;4867558.71;0.8
4395280113836;691256.55;4869392.48;0
4395370108231;646279.98;4868345.99;NA
4395560108250;646427.77;4868560.39;0
4395780127389;799983.36;4873984.78;0
4395790113898;691737.63;4869973.33;NA
4395910110699;666067.72;4869412.89;NA
4396140076850;394502.37;4868426.11;NA
4396170110694;666020.36;4869700.67;0
4396280111466;672210.76;4869981.10;NA
4396300115396;703739.18;4870898.89;NA
4396360114061;693026.97;4870644.45;0
4396440111478;672302.41;4870161.32;0
4396480111472;672253.12;4870204.49;NA
4396520113282;686772.37;4870642.82;NA
4396650124284;775029.66;4873868.08;0
4396670115403;703782.68;4871311.59;0
4396720103406;607540.98;4869103.35;NA
4396830107572;640957.77;4869852.89;0
4396880107164;637683.71;4869839.53;NA
4396890103360;607168.91;4869286.18;1
4397170107097;637139.58;4870150.47;0
4397230107556;640819.96;4870294.44;NA
4397240101848;595034.56;4869489.65;1
4397710079532;416041.29;4869861.98;0.2
4397860124050;773096.89;4875134.27;0
4397890113192;686007.57;4872144.14;0
4397920081036;428106.71;4869953.17;0.2
4397980105515;624432.89;4870799.32;0.6
4398000112297;678825.93;4872068.34;0
4398130078667;409109.93;4870420.13;NA
4398150076998;395724.90;4870639.77;0
4398280103225;606061.24;4870812.59;NA
4398350112373;679424.93;4872473.60;NA
4398450113886;691555.78;4872925.02;NA
4398530103147;605431.27;4871080.26;3
4398600113900;691663.23;4873094.88;0
4398620105519;624451.60;4871510.76;NA
4399120109641;657494.38;4872770.72;NA
4399170104292;614601.25;4871943.82;NA
4399170109611;657252.50;4872820.53;0
4399180102519;600384.09;4871723.86;2
4399290102094;596974.40;4871795.18;1.6
4399440119464;736251.02;4875472.06;0
4399450077624;400767.07;4872006.44;0.2
4399470108556;648785.28;4872957.96;0
4399580125803;787074.39;4877640.68;NA
4399630103634;609316.55;4872365.42;3.1999998
4399970104322;614826.38;4872836.55;1.4000001
4400200105574;624859.53;4873273.97;0.4
4400280102847;602995.15;4872986.06;NA
4400280116661;713744.94;4875639.83;0
4400390108058;644769.80;4873891.16;NA
4400460105618;625206.82;4873569.42;NA
4400500102715;601933.13;4873214.01;3.4
4400620081693;433406.22;4872896.86;0
4400650080352;422656.33;4873047.21;0
4400670112733;682241.03;4875129.41;0
4400710112712;682071.45;4875169.19;NA
4400830103228;606039.87;4873645.23;NA
4400840114356;695246.64;4875689.90;0
4400850108041;644622.33;4874399.09;0
4400940102025;596394.40;4873619.73;NA
4400960103192;605748.97;4873784.99;5
4401330108978;652121.44;4875100.88;NA
4401940102411;599471.94;4874776.27;NA
4401980105352;623042.88;4875217.63;0.8
4402020105373;623210.37;4875265.19;NA
4402060113373;687327.96;4876816.80;NA
4402080110819;666857.47;4876290.16;0
4402140110798;666687.48;4876352.55;NA
4402220113333;687002.33;4876985.42;0
4402330110253;662314.27;4876454.79;0
4402360103639;609306.49;4875398.27;NA
4402370102285;598454.95;4875238.74;3.7999997
4402850102759;602245.47;4875829.58;3
4402890103605;609024.28;4875982.43;4.8
4402920101781;594407.02;4875790.66;NA
4402920118056;724829.31;4878943.43;0
4403010101718;593900.75;4875883.42;4.2
4403180114678;697750.12;4878365.76;NA
4403250105991;628137.01;4876725.58;NA
4403330120444;743949.54;4880078.44;0
4403420106003;628229.50;4876916.27;0.4
4403440125003;780477.34;4881652.51;0
4403720111494;672219.95;4878250.61;0
4403860108219;645975.35;4877773.69;NA
4403910102463;599855.63;4876970.62;2.2
4403970102481;599998.84;4877039.45;NA
4404110119819;738909.85;4880761.58;0
4404160108325;646817.24;4878125.73;0
4404200077934;403329.93;4877245.38;0
4404310107195;637760.27;4878097.19;0.2
4404390111986;676142.29;4879098.81;0
4404420077211;397541.18;4877577.09;NA
4404520100601;584928.19;4877439.38;NA
4404630101118;589068.42;4877616.14;NA
4404740113893;691409.36;4879913.05;0
4404780101100;588921.98;4877780.80;1
4404880082108;436778.41;4877595.71;NA
4404920113045;684610.22;4879919.40;NA
4404950079147;413059.23;4877943.26;0
4404960111969;675989.20;4879728.29;NA
4405020100141;581236.13;4877948.35;1.4000001
4405200098359;566959.06;4877988.02;2.0000002
4405310105717;625897.76;4878971.39;NA
4405360107917;643519.38;4879386.69;NA
4405360109050;652595.09;4879590.34;0
4405470113025;684432.92;4880525.82;0
4405530107884;643250.94;4879569.76;0
4405560104528;616368.55;4879074.23;NA
4405590111206;669858.85;4880267.84;NA
4405610102625;601124.68;4878878.56;NA
4405640125456;784002.10;4884251.52;0
4405690101742;594050.65;4878862.82;NA
4405690102078;596741.95;4878901.73;NA
4405690113978;692059.60;4880988.03;0
4405720080413;423210.84;4878672.71;0.2
4405760102075;596716.78;4878979.13;5.6
4405830101682;593567.86;4879011.49;2.8000002
4405860111242;670139.48;4880575.16;0
4405880102596;600887.80;4879174.90;10.8
4405890112967;683955.32;4880979.35;0
4405920125736;786231.49;4884659.56;0
4405990105678;625570.98;4879720.72;0.6
4406390078664;409212.02;4879594.76;0
4406390099723;577869.70;4879429.64;NA
4406390100817;586631.38;4879538.87;1
4406420104431;615574.85;4880015.78;2.4
4406470104589;616839.26;4880093.61;2.4
4406510100767;586229.20;4879666.91;NA
4406540080043;420258.24;4879618.63;0
4406810110972;667949.99;4881574.92;0
4406820104577;616736.28;4880480.65;NA
4406830124372;775263.71;4885204.93;0
4406880081796;434301.14;4879841.51;0
4406940077306;398345.40;4880364.29;0.2000122
4407120110937;667660.94;4881912.11;NA
4407130099384;575145.34;4880220.07;2.4
4407190124919;779627.49;4885789.27;0
4407210107942;643674.88;4881445.86;0
4407250118728;730046.79;4883938.54;0
4407490100090;580793.98;4880686.75;2.2
4407500107917;643467.67;4881763.60;NA
4407680081342;430674.77;4880767.28;0
4407960112808;682618.08;4883243.14;NA
4408050081582;432600.67;4881158.31;0
4408060110358;662998.49;4882839.91;0
4408110114506;696208.86;4883800.49;0
4408190102486;599967.86;4881727.20;NA
4408320078733;409793.96;4881730.83;0.2
4408380101288;590373.26;4881799.78;2
4408470112778;682362.20;4883802.96;0
4408670122078;756812.16;4886506.90;0
4408940101794;594415.47;4882478.55;NA
4409010104528;616300.95;4882906.16;2
4409110101034;588328.82;4882583.03;NA
4409190122750;762169.30;4887296.49;0
4409400101707;593711.73;4882979.53;5.6
4409450098097;564813.92;4882687.52;NA
4409470098094;564789.69;4882709.50;0
4409780113719;689854.11;4885470.81;0
4409820107517;640209.87;4884271.54;0.4
4409970107513;640174.31;4884437.47;NA
4410240103366;606976.56;4884114.75;2.8
4410330099305;574472.56;4883767.13;NA
4410380100070;580594.58;4883894.72;4
4410630097348;558806.71;4883941.92;1.6
4410700098282;566280.83;4884090.63;1.4
4410850102893;603180.21;4884731.90;5.6
4410880105341;622770.60;4885101.25;1.4
4410890111747;674036.78;4886267.66;0
4411230099655;577262.07;4884799.02;3.4000006
4411330106889;635148.75;4885843.66;NA
4411600101040;588339.76;4885349.33;2
4411610115481;703895.03;4887925.11;0
4411780078675;409382.47;4885580.24;0
4411810106096;628792.54;4886249.62;NA
4411940108092;644760.57;4886725.82;0.7998047
4412000118081;724685.55;4889035.75;0
4412190113814;690537.05;4888169.63;0
4412280079965;419711.27;4886001.64;NA
4412530107403;639233.72;4887262.23;NA
4412560107903;643233.32;4887381.39;NA
4412750077292;398332.91;4886819.22;0
4412780100003;580025.95;4886553.88;NA
4412920115128;701025.87;4889293.28;0
4412950098689;569511.67;4886623.29;NA
4412970107820;642559.40;4887822.36;0
4413190102028;596219.75;4887226.15;NA
4413200081189;429515.31;4886911.35;0
4413250097903;563220.49;4886893.11;3.4000003
4413280107433;639456.09;4888100.35;1
4413390108939;651500.72;4888488.89;0.199707
4413490101972;595766.92;4887552.83;8.799999
4413800099062;572485.26;4887599.58;2.4
4413830114989;699883.12;4890270.16;0
4413890106722;633754.58;4888659.81;NA
4413900106740;633898.33;4888673.84;0.8
4413940122406;759207.47;4892463.51;0
4414080107365;638893.35;4888977.42;NA
4414250107375;638969.35;4889167.93;0.4
4414440081634;433089.15;4888251.47;NA
4414660082624;441009.33;4888420.06;0.2
4414820081645;433181.42;4888672.65;NA
4414830096402;551199.48;4888543.65;0
4414830116914;715244.87;4891866.93;NA
4415060121369;750865.02;4893385.73;0
4415280076190;389563.77;4889771.41;NA
4415320097637;561071.25;4889172.18;NA
4415400109774;658126.62;4890878.64;0
4415590100333;582626.82;4889707.60;4.8
4415940103863;610847.71;4890511.61;3.1999998
4416170075908;387325.59;4890798.20;0
4416390105206;621577.08;4891201.25;0
4416390105222;621705.01;4891203.62;NA
4416400082200;437636.65;4890383.98;NA
4416580123917;771172.95;4895883.65;0
4416640122689;761351.88;4895552.22;0
4416720073394;367236.76;4891784.35;0
4416910101500;591938.15;4891297.62;3.8
4417010119494;735792.06;4894996.42;0
4417090102082;596588.10;4891564.27;3.8
4417140096068;548509.41;4891089.14;1.6
4417670104853;618729.02;4892571.39;NA
4417750080444;423614.29;4892031.61;0
4417780108181;645329.29;4893228.15;0.2001953
4417890096187;549454.46;4891929.27;NA
4418610104833;618550.31;4893612.58;NA
4418970123478;767554.72;4898394.39;0
4418990097150;557141.38;4893213.49;NA
4419140106817;634395.18;4894506.60;0
4419200102920;603250.59;4894009.76;1.8000001
4419310077331;398757.18;4894100.71;0
4419320083788;450357.71;4893519.10;NA
4419360106992;635788.68;4894779.73;NA
4419420074894;379284.31;4894552.01;0
4419510097710;561611.38;4893831.52;3.6000004
4419530104856;618715.66;4894637.77;NA
4419570083020;444222.70;4893846.03;0
4419720104867;618799.75;4894850.40;0
4419800098490;567841.12;4894215.06;3.0000002
4419860103588;608576.84;4894828.94;NA
4419940105894;627001.67;4895248.37;1.3999022
4420010103598;608653.99;4894996.87;2
4420060109761;657898.21;4896052.16;0
4420310082933;443534.55;4894673.91;NA
4420780071469;351948.12;4896622.83;0
4420830072750;362183.82;4896455.47;0
4420830104583;616508.45;4896042.64;NA
4421000104886;618925.81;4896274.88;0
4421040104472;615617.52;4896260.21;1.4000001
4421090101163;589180.89;4895903.30;1.8
4421110079444;415668.72;4895861.42;0
4421360095403;543162.38;4895739.28;NA
4421390114336;694411.08;4898510.70;0
4421420115056;700161.97;4898717.02;0
4421500121697;753212.11;4900639.71;0
4421970117553;720089.38;4899967.02;0
4422000078328;406767.07;4896970.57;0
4422030120419;742980.68;4900842.10;0
4422100116215;709396.80;4899761.41;0
4422200099000;571887.19;4896924.16;NA
4422280113253;685731.26;4899248.57;0
4422360116728;713485.16;4900182.34;0
4422420073931;371653.86;4898030.19;0
4422560107719;641521.76;4898456.80;0.6000976
4422670099667;577208.70;4897506.74;NA
4422700112235;677587.33;4899489.84;0.2000122
4422860112567;680234.11;4899739.91;0.1999512
4422890100683;585320.17;4897851.62;2.4
4423130097155;557141.29;4897812.23;4.2
4423190122340;758274.90;4902717.31;0
4423230082024;436303.10;4897983.70;0
4423230082025;436311.09;4897983.62;0
4423360076572;392765.22;4898695.47;0
4423410081182;429580.96;4898252.38;0
4423510103327;606425.49;4898848.94;2.8000002
4423530081194;429678.22;4898384.64;0
4423720105164;621091.02;4899336.69;2
4424030103403;607022.98;4899436.40;NA
4424240100033;580110.59;4899285.64;1.4
4424330081958;435787.98;4899210.64;0
4424400081958;435788.74;4899288.39;0
4424500096147;549079.80;4899268.74;3.8000004
4424560114336;694306.69;4902031.78;0.199997
4424690101517;591952.92;4899940.96;1.6
4424830104669;617116.18;4900497.80;4.2001953
4424940115881;706629.40;4902831.31;0
4424970099658;577106.77;4900060.57;NA
4424990098400;567063.00;4899972.34;3.4000003
4425000099690;577361.86;4900096.90;NA
4425040099699;577433.19;4900142.18;NA
4425140099669;577192.37;4900250.43;2
4425310103117;604716.55;4900821.26;NA
4425590103096;604543.94;4901129.59;0
4425780084492;456031.74;4900654.26;NA
4426000078056;404659.02;4901444.73;0
4426030106750;633703.65;4902148.64;0.60009766
4426060113281;685835.82;4903453.54;0
4426110070500;344346.90;4902722.31;0
4426110103983;611614.96;4901823.97;NA
4426110110358;662501.91;4902888.63;0
4426280119930;738902.34;4905419.26;0
4426390075183;381733.47;4902251.77;0
4426430097370;558825.43;4901492.82;2.8000002
4426750109472;655412.72;4903427.88;0
4427000094297;534294.21;4901951.62;1.2
4427470078364;407140.74;4903042.20;0
4427470096596;552638.27;4902595.42;4.5999994
4427520095977;547698.04;4902613.12;NA
4427520115783;705756.90;4905672.44;0
4427580119236;733311.20;4906663.45;0
4427780079022;412396.43;4903314.18;0
4428190103028;603955.25;4904008.87;NA
4428240098635;568901.20;4903601.68;3
4428360082053;436589.86;4903679.50;0
4428420083714;449843.72;4903631.21;NA
4428430083714;449843.80;4903642.31;0.6
4428440103010;603807.22;4904284.28;3
4428610079539;416533.81;4904182.20;0
4428650082025;436369.57;4904003.78;0
4428720111167;668884.80;4905951.09;0
4428970083006;444199.75;4904287.82;0
4429080074342;375077.74;4905364.30;0
4429320082979;443987.66;4904678.42;0
4429360105750;625650.28;4905689.36;1.1999513
4429420117830;722021.33;4908316.85;0
4429510094814;538404.02;4904762.47;NA
4429670093735;529795.41;4904895.34;1.6
4429680093736;529803.33;4904906.48;0
4429690103181;605149.33;4905694.49;5.2001953
4429770121108;748158.33;4909645.78;0
4429850096775;554044.93;4905250.61;4.4000006
4429860076386;391399.60;4905939.73;0
4429920102383;598779.53;4905850.76;NA
4430000098000;563815.28;4905505.22;5.3999996
4430250071147;349617.13;4907200.12;0
4430280104264;613777.44;4906494.36;1.7998046
4430350101195;589296.27;4906192.18;3.7999997
4430410102168;597056.39;4906369.36;2.4
4430540097658;561081.57;4906078.99;3.2000005
4430620084830;458763.74;4906012.67;0
4430620084831;458771.71;4906012.62;0
4431000077442;399842.85;4907071.59;0
4431010099845;578519.24;4906787.16;3.9999998
4431030103567;608203.98;4907233.09;2.9999998
4431080073136;365501.67;4907776.54;0
4431090094410;535171.64;4906499.32;1.8000001
4431270095486;543751.87;4906751.02;3.2000003
4431320081598;432993.02;4907003.46;0
4431330081596;432977.18;4907014.73;0
4431390121600;752013.88;4911595.39;0
4431610114781;697623.16;4909968.97;0
4431690108117;644476.70;4908667.27;0
4431880093298;526299.43;4907335.13;NA
4432190093453;527534.01;4907684.55;2.6000001
4432220093455;527549.82;4907717.93;NA
4432320096148;549022.71;4907954.74;3.6000001
4432360071514;352597.41;4909477.17;0
4432710091691;513482.74;4908218.06;NA
4432830106228;629387.42;4909618.00;0.2
4433010120314;741691.05;4913007.36;0
4433300083829;450802.09;4909044.65;0
4433300100335;582395.21;4909378.84;2.6
4433420080872;427229.03;4909397.90;0
4433430083478;448004.91;4909210.71;0
4433440075586;385087.78;4910025.25;0
4433440117511;719326.48;4912696.25;0
4433540084801;458552.99;4909257.50;0
4433620092104;516773.09;4909236.46;NA
4433910098221;565534.64;4909865.66;4.4
4434110102811;602121.00;4910557.22;3
4434170072083;357178.46;4911386.89;0
4434170101403;590896.37;4910458.08;2.8000488
4434210093562;528393.42;4909931.96;1.8
4434360107300;637898.77;4911492.26;0
4434440110875;666393.21;4912244.92;0
4434530117128;716232.93;4913805.17;0
4434560084375;455164.65;4910412.88;0
4434700091593;512697.07;4910426.88;NA
4434830105694;625087.22;4911756.61;0.5999756
4434970096991;555719.50;4910952.07;5.1999993
4435050094808;538320.07;4910915.70;NA
4435240095841;546551.65;4911180.23;2.8000002
4435290097641;560896.80;4911353.76;5.3999996
4435450092093;516680.21;4911268.90;NA
4435610109242;653346.03;4913225.86;0
4435970119592;735815.67;4916084.78;0
4436180098966;571445.92;4912449.32;3.2000003
4436190085273;462332.81;4912178.20;0
4436190102008;595686.12;4912770.68;5.5999756
4436330101056;588097.96;4912819.41;8.600099
4436390104617;616472.15;4913330.63;0.2001953
4436640084667;457507.14;4912707.68;0
4436660099559;576165.05;4913035.90;3.9999998
4436690083225;446017.86;4912848.11;NA
4436780098915;571032.27;4913111.34;NA
4436810079644;417486.63;4913279.69;0
4436920098830;570353.34;4913259.51;NA
4436920098832;570369.27;4913259.68;3.4
4436920113389;686353.72;4915540.95;0
4436940098928;571133.91;4913290.19;3.4
4436960081910;435543.09;4913243.06;NA
4436960098926;571117.74;4913312.23;0
4437060075275;382680.64;4914090.25;0
4437230085732;465996.38;4913313.30;NA
4437360112467;678994.12;4915824.01;0
4437490094577;536463.85;4913615.39;3.2000003
4437780081139;429410.00;4914217.42;0
4438240085556;464600.25;4914442.62;0
4438310095842;546535.31;4914590.29;7.6
4438400090607;504835.07;4914526.11;2.2
4438720080178;421766.83;4915348.84;0
4438780075472;384284.11;4915972.73;0
4439080114953;698742.06;4918308.06;0
4439170078147;405596.90;4916062.75;0
4439250069397;335909.31;4917532.83;0
4439360092710;521583.04;4915626.35;NA
4439360102728;601368.77;4916378.39;2.200195
4439370092710;521583.00;4915637.45;5.4
4439860071778;354887.80;4917760.75;0
4439920082803;442686.95;4916464.51;0
4440040089459;495691.86;4916347.37;1
4440230082722;442044.97;4916814.55;0
4440290090932;507421.48;4916627.86;2.0000002
4440330114633;696151.55;4919619.33;0
4440350086477;471946.78;4916750.63;0
4440530096205;549408.15;4917077.43;3.4
4440580100147;580796.24;4917446.41;8
4440610096822;554320.37;4917205.37;3.600098
4440640086246;470108.83;4917080.93;NA
4440670085260;462258.01;4917154.97;0
4440680095338;542503.46;4917195.38;NA
4440810084122;453197.86;4917369.23;0
4440840091815;514451.41;4917250.57;0
4440930105231;621270.90;4918462.62;0
4440940070125;341753.04;4919266.69;0
4440940073244;366587.03;4918710.97;0
4441110115969;706762.72;4920814.67;0
4441140088841;490772.27;4917574.32;NA
4441260084118;453169.60;4917869.30;NA
4441390081708;433983.48;4918179.80;0
4441500122000;754765.00;4922949.29;0
4441580084825;458800.74;4918186.73;0
4441610116897;714133.22;4921608.78;0
4441670116897;714131.03;4921675.42;NA
4441680090091;500724.46;4918167.63;3.6000001
4441810076919;395863.33;4919144.06;0
4441920107875;642298.85;4919988.01;0
4442110093219;525624.82;4918695.60;6.5999994
4442370089726;497818.92;4918934.38;0.2
4442420092849;522678.24;4919029.02;NA
4442430094101;532644.19;4919082.44;3.2000003
4442670101731;593375.72;4919936.43;1.8000488
4442800089343;494770.57;4919413.74;1.4000001
4442830104006;611481.16;4920398.90;1
4442850090635;505054.27;4919469.14;17.400002
4443230088246;486039.97;4919904.23;0
4443280109933;658645.45;4921877.13;0
4443420100317;582110.11;4920617.90;5.600098
4443430087416;479434.72;4920143.89;0
4443440089611;496904.07;4920123.27;1
4443560111342;669851.59;4922471.05;0
4443830100928;586966.82;4921136.43;3
4443850091074;508547.03;4920583.56;10.800001
4443940112411;678347.81;4923120.69;0
4444080090472;503756.09;4920834.51;0
4444190094786;538085.40;4921066.98;6.5996094
4444250088448;487649.83;4921033.96;0.2
4444370091699;513519.66;4921169.58;NA
4444470097844;562416.99;4921565.80;3.7998047
4444560080761;426483.70;4921781.65;0
4444750096189;549245.31;4921763.89;8.200195
4444780096994;555650.34;4921848.81;3
4444830118667;728099.46;4925664.11;0
4445140074111;373580.80;4923238.56;0
4445380113653;688185.55;4924998.55;0
4445530088956;491694.10;4922449.33;0.8
4445580070900;348044.05;4924273.76;0
4445620087356;478965.06;4922577.99;0
4445620098232;565491.57;4922873.52;4.3999996
4445960089796;498377.13;4922921.86;NA
4446110093877;530841.77;4923161.37;3.2000003
4446230085809;466661.02;4923306.98;0
4446270093952;531437.54;4923341.94;6.2
4446270093953;531445.49;4923341.98;0
4446490078827;411123.78;4924117.42;0
4446490087049;476526.14;4923552.71;NA
4446500085800;466590.97;4923607.25;0
4446610080881;427463.95;4924048.02;NA
4446640099205;573219.76;4924089.01;4.6
4446780090954;507588.26;4923836.92;11.400001
4446950086274;470363.70;4924088.83;NA
4447290094588;536490.47;4924501.34;NA
4447390105178;620715.78;4925630.37;NA
4447420087331;478772.69;4924578.02;NA
4447420112798;681319.83;4927071.34;0
4447430087331;478772.73;4924589.13;0
4447510090071;500564.67;4924643.38;1.4000001
4447560105086;619980.59;4925805.66;0
4447780100583;584164.48;4925487.89;1.8000488
4447830084847;459019.61;4925127.92;0
4447890112986;682800.39;4927635.28;0
4448020087987;483991.69;4925229.55;NA
4448230084857;459101.93;4925571.73;0
4448310092428;519307.63;4925560.64;6.5996094
4448360112851;681712.17;4928127.25;NA
4448440112850;681701.73;4928215.89;0
4448470104467;615039.71;4926727.50;0.60009766
4448530069817;339508.73;4927757.52;0
4448560089785;498290.38;4925809.89;1.8
4448560112197;676505.44;4928206.07;0
4448610087360;479007.61;4925899.09;0.2
4448760091821;514479.61;4926047.94;NA
4448800093402;527050.68;4926132.53;7.9999995
4448850089001;492056.61;4926136.64;0.4
4449220081881;435447.13;4926863.31;0
4449330103300;605744.30;4927525.17;0.39990228
4449330113453;686468.42;4929340.33;0
4449530079792;418842.09;4927393.83;0
4449610112000;674907.53;4929330.04;0
4449970101794;593760.25;4928052.28;1.9999999
4450030106064;627704.85;4928697.46;0
4450440110047;659357.77;4929852.51;0
4450560096325;550277.53;4928225.75;2.8000488
4450670099886;578582.55;4928628.66;3.2000732
4450670110875;665933.24;4930272.83;0
4450920072539;361210.41;4929913.87;0
4451110081744;434379.07;4928973.59;0
4451400098421;566929.08;4929309.10;1.8000488
4451580091556;512366.51;4929175.98;7.199951
4451640102767;601466.48;4930023.51;0.4003906
4451680091596;512684.20;4929287.67;0
4451700079015;412697.00;4929884.31;0
4451720091034;508217.65;4929324.92;NA
4451770086731;474020.05;4929427.22;0.2
4451780086731;474020.09;4929438.33;NA
4451780103817;609808.81;4930314.77;0.2001953
4452010089859;498879.47;4929641.94;1.6
4452030106978;634924.80;4931065.93;0
4452040089474;495819.88;4929676.51;0.8
4452110069075;333710.29;4931882.53;0
4452170085383;463309.50;4929923.22;0
4452220083861;451214.84;4930058.37;0
4452810095483;543567.69;4930676.66;3.5996094
4452940104894;618344.67;4931753.68;0
4453010088582;488733.02;4930762.40;0
4453020088582;488733.04;4930773.51;0.8
4453060092083;516550.72;4930829.26;8
4453810080150;421745.66;4932113.06;0
4454030089382;495090.42;4931887.48;0.6
4454250077806;403130.76;4932853.10;0
4454260086939;475683.46;4932186.66;NA
4454360100319;581972.65;4932770.00;1.8002928
4454420096114;548568.21;4932500.60;2.1999512
4454610070886;348167.29;4934306.78;0
4454640081650;433672.01;4932902.25;0
4454720094516;535872.21;4932751.23;0
4454780071211;350753.30;4934435.69;0
4454860089542;496362.03;4932808.59;0.2
4454860094472;535521.85;4932904.82;3.2000732
4455060089569;496576.61;4933030.63;NA
4455110109092;651644.96;4934858.09;0
4455360084925;459691.86;4933488.21;0
4455420092842;522572.32;4933468.89;4.0000005
4455750074944;380425.65;4934898.60;0
4455810082594;441182.44;4934129.54;0
4456280087678;481560.45;4934411.11;0
4456330118439;725840.44;4938374.97;0
4456530096794;553950.47;4934887.05;3.9999998
4456640089475;495831.11;4934786.11;0.4003906
4456690104669;616482.03;4935886.79;0
4456720086597;472978.01;4934929.95;0
4456830090778;506177.70;4934998.77;0.7998047
4456860098867;570408.00;4935411.49;0.6000976
4456860117325;716974.09;4938661.37;0
4456870083353;447219.91;4935255.11;0
4457000073636;370065.34;4936486.99;0
4457030090749;505947.22;4935220.71;0
4457080115336;701172.68;4938396.04;0
4457130089489;495942.62;4935330.33;0
4457230086578;472829.51;4935497.08;0
4457360080181;422039.36;4936053.40;0
4457440069806;339665.99;4937656.85;0
4457690092772;522007.79;4935988.47;2.7998047
4457720092831;522476.10;4936023.40;0
4458060103292;605522.88;4937221.32;0.7999878
4458170095847;546417.39;4936650.53;3.2001953
4458690094825;538300.65;4937175.10;3.4003906
4458890088778;490300.15;4937291.31;0
4459140112506;678638.61;4940025.52;NA
4459360097675;560916.85;4938092.58;3.399902
4459390101144;588450.07;4938443.40;0.2000122
4459560106766;633068.24;4939395.42;0
4459920102592;599933.81;4939199.28;0.8000488
4460190120778;744253.40;4943336.87;0
4460390087556;480605.29;4938979.29;0
4460470092363;518751.67;4939066.26;0
4460470092364;518759.60;4939066.28;3.5996094
4461060083014;444567.95;4939931.81;0
4461330091875;514876.93;4940011.49;3.7998047
4461390070528;345503.21;4941905.21;0
4462080096350;550376.74;4941023.58;3.2001953
4462750112906;681700.95;4944123.92;0
4463000097314;558015.33;4942109.57;2
4463030098681;568858.15;4942249.23;1.2001952
4463250074783;379302.37;4943253.31;0
4463270094054;532155.20;4942229.27;1.6000975
4463310114572;694897.78;4945130.85;0
4463440104753;617013.46;4943396.72;0.2001953
4463610095794;545953.72;4942690.27;2.4003906
4463640108053;643182.61;4944145.49;0
4463890080503;424680.41;4943276.66;0
4464000110272;660772.18;4944959.10;0
4464020093300;526171.31;4943035.40;2.600098
4464250103569;607607.56;4944133.37;0.8
4464310095000;539651.53;4943426.15;2.5999756
4464470087914;483457.84;4943503.47;0
4464690086361;471143.50;4943791.08;0
4464810102583;599778.57;4944630.01;0.2
4464920098208;565085.15;4944309.80;1.7998046
4465000072658;362488.66;4945533.78;0
4465000116167;707488.68;4947401.95;0
4465640109169;651981.67;4946569.20;0
4465830095822;546158.19;4945157.84;NA
4466030070883;348440.78;4946992.73;NA
4466390077203;398552.04;4946411.50;0
4466390080431;424141.98;4946060.36;NA
4467360090917;507268.28;4946696.63;0.39990228
4467420082333;439230.82;4947045.06;0
4467720092003;515875.09;4947111.94;0.39990228
4467830084633;457463.79;4947354.70;0
4467860090231;501830.78;4947248.20;0.2000122
4468050092194;517387.91;4947482.41;4.3999023
4468190069797;339890.45;4949599.84;0
4468190088842;490822.83;4947621.03;0.2001953
4468310072647;362479.74;4949212.43;0
4468580102978;602844.09;4948866.87;0.2
4468670109658;655777.51;4950027.34;0
4468690080925;428086.61;4948570.43;0
4468780071278;351642.55;4949974.77;0
4468810122114;754478.49;4953321.22;0
4468940101678;592536.49;4949110.87;NA
4468940105106;619700.04;4949557.46;0
4469220095917;546884.03;4948928.91;0.2000122
4469310108531;646830.52;4950528.89;0
4469470087678;481602.16;4949062.57;0.2000008
4469470096847;554250.66;4949264.34;0.9999999
4469500111447;669930.03;4951307.09;0
4469780101244;589084.59;4949995.57;NA
4469780106336;629427.89;4950678.67;0
4469920078508;408952.73;4950178.51;0
4470110071517;353569.98;4951408.90;0
4470310102061;595548.86;4950676.91;NA
4470560080270;422920.98;4950707.56;0
4470720118911;729021.57;4954491.43;NA
4471210095697;545125.37;4951127.01;0.6000976
4471500097983;563229.41;4951601.23;1.4003905
4471670081583;433335.04;4951824.69;0
4472610091497;511854.73;4952535.21;0.6000062
4472720099344;573993.67;4953071.13;0.39990228
4473030075731;387011.99;4953981.12;0
4473190072500;361431.29;4954658.16;0
4473310100233;581025.29;4953811.16;0.4003906
4474250101472;590821.04;4954986.13;0.2
4474310107728;640346.96;4955941.36;0
4474440081750;434688.91;4954888.13;0
4474640117464;717411.90;4958448.87;0
4474770109876;657339.58;4956845.31;0
4475140079222;414686.29;4955899.66;0
4475190097758;561408.23;4955682.94;0.2001953
4475610089064;492591.66;4955861.04;0.1999512
4475830083444;448111.90;4956310.19;0
4476440097094;556140.24;4957023.51;0.2001953
4476670109756;656338.39;4958932.75;0
4476720093918;531004.63;4957164.45;0.4000244
4476810086722;474060.34;4957242.03;0
4476810092392;518928.51;4957217.60;0.1999512
4478060070531;345969.75;4960422.04;0
4478060080306;423305.40;4959035.35;0
4478060100386;582169.40;4959102.93;1.2
4478110087689;481716.56;4958659.83;0
4478220113708;687562.34;4961490.31;NA
4478420085681;465832.13;4959068.93;0
4478420089919;499359.20;4958978.24;0.199707
4478690081131;429840.06;4959660.69;0
4479560096333;550090.88;4960439.61;0
4479890089314;494574.39;4960613.42;0.5999756
4479890111186;667561.48;4962794.50;NA
4480170103272;604963.93;4961778.89;0
4480420103333;605441.80;4962064.49;NA
4480440090275;502174.78;4961222.46;0.6000005
4480750091794;514186.73;4961582.10;0.1999512
4480810102722;600603.02;4962420.28;0
4481190072419;360982.03;4963558.66;0
4481190074978;381216.81;4963152.80;0
4481390099839;577797.02;4962748.20;0.2001953
4481500122500;756973.72;4967539.22;NA
4481860071156;351012.36;4964526.73;0
4481970094986;539420.36;4963042.58;0
4482000096767;553501.05;4963177.70;0.2001953
4482190091981;515661.60;4963185.14;0
4482580097267;557448.37;4963856.12;0
4482580111256;668036.95;4965797.12;0
4483030088464;487858.29;4964110.64;0
4483170114542;693994.36;4967184.80;0
4483250116211;707184.31;4967685.90;0
4483280082750;442692.96;4964632.51;0
4483610088722;489898.73;4964751.39;NA
4483690105781;624730.90;4966043.63;0
4483970093336;526365.99;4965197.48;0
4484000112850;680593.81;4967716.61;0
4484220080815;427409.70;4965831.37;0
4485280079153;414290.40;4967170.80;0
4485860116578;709990.35;4970679.51;0
4487110092378;518784.25;4968658.91;0.4003906
4487180084105;453434.89;4968878.18;0
4487530072019;357975.01;4970670.63;0
4487690102256;596802.69;4970006.28;0
4487750094919;538851.77;4969460.03;0
4488330073606;370528.08;4971293.92;0
4488490082122;437785.11;4970466.22;0
4488530072826;364372.71;4971643.46;0
4488530103806;609029.34;4971135.89;0
4488610076858;396215.88;4971137.72;0
4488610110161;659214.20;4972274.88;0
4488640108756;648117.93;4972042.19;NA
4488720076889;396462.66;4971255.95;0
4488790116153;706527.56;4973825.24;0
4489110068472;330005.12;4973107.59;0
4489310100875;585870.89;4971650.48;0.6
4489470069192;335700.83;4973359.19;0
4490560070583;346713.11;4974297.79;0
4491210105364;621276.89;4974334.05;0
4491250091950;515392.36;4973248.83;0.4000244
4491610118211;722670.47;4977502.40;0
4491720098833;569717.76;4974131.90;NA
4491730123691;765918.94;4979287.12;0
4491860081911;436156.09;4974226.19;0
4492060067831;325033.03;4976520.92;0
4492170114269;691537.42;4977117.65;0
4492310078336;407946.92;4975069.55;0
4492670087139;477422.21;4974847.56;0
4494030067564;322986.31;4978767.27;NA
4494080092758;521759.63;4976411.06;0
4494190094417;534847.88;4976591.15;0
4494360103494;606457.68;4977570.76;0
4494440077739;403271.12;4977505.16;0
4494670071631;355089.93;4978670.77;0
4494920072908;365169.84;4978728.18;0
4495140068889;333472.31;4979719.57;0
4495220102592;599326.73;4978411.65;NA
4495330068783;332641.68;4979952.47;0
4495440069111;335232.08;4980007.47;0
4495440077144;398594.69;4978688.72;0
4495920070728;347999.32;4980224.72;0
4496030107583;638676.67;4980044.07;0
4496250073900;373024.58;4980045.45;0
4496720096833;553885.21;4979533.82;NA
4496750068364;329378.74;4981617.27;0
4496780068894;333559.19;4981540.37;NA
4498080082114;437825.50;4981119.99;0
4498390093833;530218.36;4981233.35;NA
4499020090176;501387.39;4981861.90;0.6000976
4499140069231;336283.96;4984093.36;NA
4499170085672;465883.81;4982119.48;0
4499440069472;338192.14;4984378.20;0
4500250100047;579182.29;4983719.07;0.2
4500470122482;755987.06;4988606.59;0
4500690101678;592029.46;4984380.20;0
4500830081017;429210.44;4984264.89;0
4500970068889;333641.06;4986195.95;0
4500970069442;337998.81;4986083.83;0
4501540112899;680430.84;4987212.04;0
4501720076742;395537.94;4985716.05;0
4501860084086;453403.72;4985186.73;0
4502080079339;416005.41;4985813.82;0
4502220088494;488135.00;4985427.57;0
4502610067539;323053.33;4988304.01;0.6000976
4502780068486;330518.77;4988290.22;NA
4503100113025;681374.35;4988973.17;0
4503340118260;722602.60;4990546.39;0
4503470072431;361613.00;4988306.58;0
4503560074203;375572.59;4988118.92;0
4503690070747;348354.33;4988852.65;0
4504140077672;402906.50;4988288.63;0
4504140095897;546443.90;4987718.56;NA
4504470066858;317747.52;4990521.36;NA
4504640068542;331014.70;4990344.75;0.199997
4504670078792;411735.60;4988749.18;0
4505170066892;318037.49;4991291.33;NA
4505390069169;335973.87;4991048.90;0
4505560096803;553566.16;4989351.97;0.2
4506170099000;570857.59;4990198.48;NA
4506390069067;335199.45;4992180.51;0
4506420067042;319258.06;4992646.31;0.6000976
4507170076897;396857.21;4991750.48;0
4507610067278;321153.16;4993915.80;0.399994
4507750076789;396017.58;4992408.62;0
4508080075000;381943.35;4993020.72;0
4508610076839;396426.67;4993357.57;NA
4509390073864;373031.56;4994648.05;0
4509420082761;443039.18;4993669.78;0
4510640067053;319477.69;4997331.80;0
4511250072678;363743.62;4996907.35;0
4511250076708;395443.94;4996307.18;0
4511390069667;340062.77;4997614.49;0
4511530107922;640969.13;4997321.28;0
4511940080028;421568.80;4996698.01;0
4511970067031;319346.61;4998814.20;NA
4512170087981;484120.91;4996489.70;0.3999024
4512170101953;594008.26;4997164.78;NA
4512860067669;324391.85;4999662.27;1.9999999
4512920084950;460287.83;4997427.08;0
4513410076312;392369.60;4998758.69;0
4514080069633;339870.64;5000609.53;0.199997
4514470122758;757531.93;5004246.65;0
4514530070494;346652.05;5000942.40;0
4514720072372;361420.68;5000814.19;0
4515060078836;412241.43;5000286.56;0
4516150120872;742633.55;5005528.71;0
4516190097208;556649.84;5001188.38;0
4517190094889;538417.40;5002162.85;0
4517940100450;582104.54;5003410.90;0.1999512
4518030118811;726360.98;5007018.43;NA
4518140078514;409758.88;5003743.62;0
4518560080117;422358.75;5004043.59;0
4518640094867;538234.82;5003772.62;NA
4518670118488;723798.16;5007639.32;0
4518830108878;648299.23;5005602.01;0
4519090091455;511429.48;5004167.62;0.1999512
4519170069850;341717.81;5006221.25;0
4519220076519;394104.97;5005185.68;0
4519360074700;379819.45;5005595.88;0
4519420117456;715662.58;5008191.49;NA
4519640073603;371208.92;5006076.08;0
4520690071500;354717.56;5007599.56;0
4521690104158;611164.82;5008020.65;0.2001953
4521750110083;657684.57;5009074.28;0
4522360116542;708375.84;5011217.36;0
4522470069517;339195.09;5009953.08;0
4522780072739;364497.20;5009705.81;0
4523170073653;371681.08;5009989.64;0
4523330083300;447408.50;5009085.92;0
4523890094053;531810.81;5009569.61;0
4524420114689;693758.32;5013043.84;NA
4524690087006;476504.27;5010422.05;0.19995117
4525610099642;575654.38;5011852.66;0
4526000071653;356053.24;5013471.09;0
4526360106631;630475.16;5013579.03;0.19995117
4526580112512;676606.38;5014943.40;0
4526880074860;381233.00;5013926.27;0
4526920095625;544125.51;5013009.70;0
4528220089883;499082.40;5014300.09;0.5999756
4528390076681;395545.68;5015351.68;0
4528810078503;409841.36;5015598.34;0
4528860074928;381807.56;5016115.91;0
4529750071392;354101.66;5017683.98;0
4530250072219;360598.10;5018093.04;0
4531530075472;386126.99;5019003.76;0
4531650113832;686795.12;5020873.44;0
4531670073042;367083.55;5019531.47;0
4531920095085;539854.42;5018536.22;0
4532080092675;520965.11;5018623.02;0
4532310083978;452804.95;5019020.10;0.60009766
4532630078989;413710.52;5019788.90;0
4533560074128;375636.94;5021457.70;0
4533830123103;759360.86;5025864.42;NA
4534150088796;490567.18;5020894.91;1
4534170075194;384001.89;5021976.29;0
4534270116771;709734.04;5024507.81;0
4534730119522;731267.46;5025772.55;0
4535670096714;552587.22;5022795.72;0.20019531
4535990101453;589700.20;5023569.94;0.7998047
4536250072194;360549.47;5024762.96;0
4537000076364;393221.52;5024958.39;NA
4537240108326;643497.94;5025954.19;0
4537420105119;618382.51;5025632.41;0.40039062
4538000078175;407419.09;5025845.05;0
4539050113796;686269.90;5029086.00;0
4539240107063;633561.20;5027958.65;0
4539930098901;569664.48;5027694.43;0.20019531
4540970075436;386034.54;5029496.13;0
4541390112853;678814.48;5031471.55;0
4541530088025;484546.84;5029105.62;0.7998047
4541770080344;424450.98;5029806.72;0
4542000077953;405747.54;5030314.62;0
4543060085944;468272.87;5030866.42;0.7999878
4543110123300;760477.32;5036237.49;NA
4543190074197;376387.68;5032145.45;0
4543360100392;581284.69;5031644.90;0.60009766
4543600121175;743834.39;5036114.88;0
4543750083842;451836.33;5031737.39;0.39990234
4543810074239;376729.71;5032827.79;0
4544030072111;360091.66;5033420.53;0
4544140086333;471321.20;5032051.64;0.60058594
4544360076572;394986.78;5033107.59;0
4544420095211;540752.06;5032429.37;0
4544960116620;708157.93;5036344.47;0
4545000124592;770492.92;5038764.20;NA
4545170114447;691158.99;5036037.78;0.09999847
4545310073139;368161.35;5034668.77;0
4545870124863;772570.01;5039822.35;0
4546030111716;669778.76;5036379.79;0
4546170077750;404229.91;5034971.30;0
4546630104028;609661.48;5035709.59;NA
4546940071375;354410.42;5036784.13;0.4000244
4547210114692;693005.04;5038362.69;NA
4547780081731;435371.60;5036362.67;0
4548250092500;519537.75;5036582.70;NA
4548560073947;374551.33;5038150.03;NA
4549090113923;686931.99;5040269.38;0
4549250122464;753662.34;5042790.99;NA
4549550119134;727631.18;5042125.85;0
4549750092567;520056.04;5038250.81;NA
4551330074875;381861.26;5041086.67;0
4551390078069;406809.96;5040733.02;0
4551420078736;412020.19;5040691.10;0
4551800107659;637919.79;5042012.90;0.4
4552220099378;573238.46;5041390.55;0.39941406
4552530102614;598504.87;5042081.06;0.8000488
4552550115214;696898.89;5044421.95;0
4553220077147;399641.02;5042877.23;0
4554280092056;516050.70;5043272.03;NA
4554470086981;476432.19;5043506.88;0.20019531
4554640120044;734529.36;5048042.68;NA
4554780124425;768720.92;5049573.05;NA
4554790109233;650133.31;5045617.16;0.4
4554860088472;488072.50;5043907.20;0.19995117
4555560075753;388802.56;5045660.64;0
4556000082481;441318.91;5045437.29;0
4556080078917;413505.41;5045848.57;0
4556250080583;426509.49;5045871.35;0
4556380072080;360155.39;5047146.31;0
4556860079492;418004.19;5046654.76;0
4556920085503;464909.45;5046282.81;0.3999939
4556920116303;705243.70;5049549.83;0
4557880071234;353592.39;5048963.74;0.20000076
4557970071917;358923.20;5048941.31;0
4558070123078;758055.65;5052785.42;0
4558280091587;512380.54;5047707.66;0.7998047
4558670073442;370836.67;5049462.04;0
4558780073669;372609.90;5049547.93;0
4559010113698;684848.35;5051237.99;0
4559580073825;373844.71;5050412.05;0
4559810137431;869910.59;5060346.68;0
4560320127071;789090.24;5056648.75;0
4560470076800;397064.11;5050975.80;0
4560780071214;353511.85;5052189.23;0
4560780081025;430015.18;5050864.58;0
4560850111814;670097.35;5052865.03;0.2
4560970103222;603098.29;5051534.12;0.7998047
4561180077443;402090.68;5051684.05;0
4561390070572;348522.17;5052986.27;0
4561580075453;386582.39;5052390.76;0
4561940110386;658931.64;5053782.84;0.4
4562240076057;391304.29;5053040.32;0
4562640088239;486272.69;5052554.41;0.39941406
4563030079875;421079.36;5053471.12;0
4563110078575;410947.63;5053696.24;0
4563500138328;876658.17;5064864.55;0
4564140130775;817757.89;5062296.70;0
4564250083336;448067.82;5054543.98;0.19921875
4564470074850;381941.75;5055688.61;0
4564720137644;871246.73;5065899.94;0
4564740072019;359887.70;5056444.76;NA
4564970071529;356075.43;5056787.17;0
4564970072508;363703.66;5056615.92;0
4565440122469;752972.71;5060778.86;0
4565880115477;698481.93;5059296.01;0.2
4566060096589;551331.17;5056550.05;0
4566140080758;428001.86;5056843.16;0
4566140090664;505172.78;5056429.97;0.40039062
4566360098222;564049.51;5057000.96;NA
4566440073089;368265.23;5058151.86;0
4566440093811;529687.35;5056831.75;0.20019531
4566520099579;574618.42;5057296.18;0.8000488
4566930114644;691956.52;5060259.41;0.2
4566980119203;727464.72;5061509.46;0
4567390082217;439381.42;5058111.13;0.19995117
4567390086275;470987.49;5057884.05;0.6005859
4567720081556;434237.03;5058529.91;0
4568080133741;840631.37;5067894.79;0
4568090122215;750875.26;5063642.95;0
4568330069153;337659.18;5060974.50;0
4568360076131;391998.90;5059829.60;0
4568360124186;766211.25;5064579.95;0
4568380071215;353717.66;5060632.55;0.2000008
4568690074978;383027.14;5060358.23;0
4568730078564;410951.04;5059941.27;0
4568940088069;484964.38;5059556.77;0.8000488
4568960088078;485034.51;5059578.83;NA
4569160131451;822736.63;5068144.32;0
4569170101869;592413.36;5060479.18;NA
4569220079589;418939.49;5060376.76;0.2001953
4569310137533;870078.56;5070947.55;0
4569490119478;729503.94;5064376.53;0.2
4569670101881;592498.54;5061036.07;NA
4569890092986;523246.38;5060637.45;0
4570200112147;672406.64;5063323.94;1.5999908
4570400111848;670072.99;5063482.15;2.2
4570440095880;545772.03;5061373.27;NA
4570500084608;458027.19;5061413.18;0.6000976
4570970069636;341495.02;5063810.70;1.1999513
4571060089725;497859.54;5061894.35;0.9999999
4571220082778;443789.19;5062325.35;0
4571330091027;507993.27;5062199.09;0.60009766
4571660117763;716068.21;5066309.66;0.6
4571710125239;774246.84;5068657.54;0
4571750069725;342209.72;5064659.68;0
4571860090858;506677.29;5062786.37;0.3999024
4571890097083;555122.34;5063060.06;0.80004895
4572420104992;616661.63;5064497.89;0.1999512
4573220080850;428808.48;5064700.86;0
4573510109576;652302.51;5066479.55;1
4573530109569;652247.51;5066500.44;NA
4573560073600;372407.93;5065979.39;0
4573940074392;378577.89;5066278.29;0
4574040115233;696295.12;5068301.45;0.199997
4574240076179;392485.51;5066355.84;0
4574550127613;792573.29;5072654.67;0
4574810085131;462127.50;5066175.56;0.4003906
4574810088211;486084.63;5066075.86;0.8000488
4574830078250;408605.53;5066753.82;0
4575000111669;668541.14;5068554.84;NA
4575220083281;447741.50;5066735.31;0.2001953
4575780112147;672234.96;5069523.29;1
4575830069500;340574.87;5069237.19;0
4576150070090;345172.01;5069476.75;0.7999954
4576190092444;519005.46;5067622.54;0.6005859
4576560085670;466330.52;5068095.74;0.3999024
4576560136869;864436.30;5078696.28;0
4576640068425;332239.16;5070357.11;0
4576640134044;842466.43;5077533.94;0
4576940080167;423545.22;5068896.88;0
4577220129969;810750.24;5076510.91;0
4577310089728;497885.25;5068838.21;NA
4577390084411;456547.16;5069078.60;0.5996094
4577390088697;489869.55;5068934.99;NA
4578160076987;398841.85;5070605.58;0
4578170093058;523771.75;5069838.80;0.80004895
4578480098219;563887.83;5070466.19;1.8000488
4578500121130;741975.57;5074873.70;0.2
4578570125390;775084.33;5076330.69;0
4578580118947;725004.15;5074324.39;NA
4578610099342;572615.42;5070706.51;1.5996093
4578900111055;663651.37;5072760.15;NA
4578920102684;598587.24;5071408.85;2.3999023
4579500111008;663268.54;5073417.14;NA
4579580070181;345974.16;5073269.92;0
4579640135114;850597.35;5081331.46;0
4580130113433;682094.19;5074641.28;0.6
4580360074917;382796.67;5073332.64;0
4581110103753;606854.20;5073979.41;NA
4581190098661;567290.95;5073513.34;1.9999999
4581390069958;344291.56;5075324.09;0
4581390101531;589585.90;5074017.32;2.199707
4581550113084;679336.60;5076139.94;0.6
4581720105456;620072.49;5074899.02;NA
4581890132756;832139.46;5082821.83;0
4582030082744;443633.55;5074337.88;0
4582050090670;505204.72;5074106.31;1.0000001
4582280119921;732420.79;5078714.05;0
4582560073425;371253.80;5076006.58;0.1999512
4582670085064;461660.28;5074911.42;0.8007812
4582680131595;823075.20;5083222.54;0.1999998
4582840128002;795160.54;5082007.74;0.2000122
4583080071594;357044.97;5076895.79;NA
4583190134039;842025.80;5084808.44;0.2001953
4583250078214;408463.47;5076112.74;0
4583250088236;486299.78;5075452.50;1.2001953
4583310131133;819450.85;5083736.32;0.2001953
4583470081114;430989.12;5076065.69;0
4583530096647;551621.72;5075963.26;NA
4583540092323;518040.79;5075785.80;0.79980457
4583610083647;450662.23;5076033.56;0.2001953
4583670096664;551752.45;5076119.91;NA
4583690124399;767136.43;5081682.24;0.2000122
4583970095114;539713.07;5076364.46;1.2001952
4584010117292;711933.94;5079904.24;0.199997
4584170118407;720585.86;5080384.15;1.2
4584300092950;522907.05;5076646.26;0.79980457
4584310135472;853083.43;5086677.50;0
4584390126177;780908.27;5083070.71;0
4584440076228;393061.98;5077681.67;0
4584470113673;683816.20;5079518.05;0.1992188
4584610088906;491505.45;5076954.20;1
4585220078486;410607.52;5078270.66;0
4585500127575;791704.94;5084805.81;0
4586140105728;622088.83;5079851.00;NA
4586170082386;440896.37;5078963.44;0
4586250116592;706415.32;5082209.39;0.5
4586310106461;627774.81;5080154.61;1.6
4586520111763;668923.53;5081373.52;NA
4586710123262;758167.06;5084662.99;0
4586750070278;346924.76;5081217.26;0
4586780111714;668535.34;5081652.03;NA
4586820076162;392595.34;5080334.78;0
4586840078076;407451.25;5080117.26;NA
4586940071536;356693.69;5081194.74;NA
4586970096392;549610.76;5079769.07;1.6005858
4587090101567;589773.86;5080354.24;2.4001465
4587280077139;400186.59;5080719.03;0
4587360077153;400296.68;5080806.16;NA
4587360079347;417323.86;5080555.48;NA
4587390079017;414763.26;5080623.52;0
4587400127129;788144.36;5086754.46;0
4587470101775;591381.95;5080800.04;2.1999512
4587550084092;454150.52;5080384.53;0.3994141
4587780104469;612282.85;5081488.23;NA
4587950108381;642636.27;5082302.00;NA
4587970080094;423129.60;5081158.54;0
4588020115528;698093.45;5083906.10;0
4588030084472;457103.23;5080896.70;0
4588130122823;754694.88;5086099.41;0.2
4588140073006;368131.23;5082274.50;0.199707
4588140110219;656893.60;5082858.12;NA
4588340115110;694838.70;5084158.66;0.2
4588360108439;643075.81;5082767.91;NA
4588390070650;349856.25;5082968.66;0
4588530084539;457626.94;5081448.64;NA
4588640099467;573454.95;5081861.59;1.6000975
4588750085111;462066.71;5081664.29;0.6000061
4588890097678;559571.36;5081990.23;NA
4589110097889;561206.02;5082250.63;NA
4589170095669;543981.92;5082170.97;NA
4589220124935;771029.57;5088006.85;0.2
4589530110442;658584.42;5084446.55;0.6
4589680136000;856838.49;5092878.50;0
4589720081606;434883.12;5082968.35;0.2001953
4590000074900;382867.16;5084045.45;NA
4590030111144;664015.57;5085144.04;NA
4590250110299;657454.71;5085218.15;NA
4590280135133;850075.52;5093160.18;0
4590330087428;480049.75;5083335.71;0.39990228
4590530092661;520639.86;5083560.18;0.3994141
4590610083106;446527.97;5083845.69;0.1999817
4590630086199;470518.34;5083707.10;0.2001953
4590920086453;472489.87;5084020.23;0.5999756
4590960106189;625558.66;5085277.73;1
4591140085295;463510.00;5084311.12;0.1992188
4591140133331;836047.12;5093339.18;0
4591250080503;426346.80;5084764.18;0
4591280094975;538583.03;5084479.37;0.199707
4591440131619;822753.30;5092964.23;0.1992188
4591830112067;671119.90;5087337.86;0.6
4592140108831;646018.31;5087038.66;1.2
4592220117238;711203.08;5089011.29;0
4592220126139;780218.78;5091756.30;0
4592500100642;582514.59;5086265.10;1.0000001
4592580128697;800032.93;5093088.10;0.3994141
4593000076031;391698.81;5087218.72;0
4593110076628;396329.36;5087261.57;0
4593420077064;399715.16;5087550.23;NA
4594240131379;820730.52;5095977.93;0
4594250135067;849313.88;5097541.63;0
4594370125030;771514.97;5093760.78;0
4594560102869;599744.99;5088808.42;1.7998047
4594610096728;552146.99;5088278.91;0.80029297
4594970098550;566264.52;5088814.21;0.7998047
4595000098642;566977.17;5088855.23;0.7998047
4595330079181;416155.69;5089427.84;0
4595360130211;811614.93;5096758.22;0.20019531
4595530079167;416050.21;5089651.52;NA
4595560129030;802452.36;5096524.81;0.40000153
4595700121171;741547.32;5093995.24;1.2
4595860126497;782809.19;5095926.86;0.19921875
4596030085311;463666.04;5089743.44;0.20019531
4596690110919;662076.05;5092497.49;NA
4597170088503;488402.47;5090914.07;NA
4597300084230;455299.85;5091209.45;0.8000488
4597360079542;418982.93;5091645.94;0
4597360095389;541748.10;5091255.45;0.80029297
4597360134533;844981.70;5100763.64;0
4597500101042;585539.09;5091862.53;1.5996094
4598040133923;840214.84;5101256.30;0
4598060102611;597683.75;5092665.14;1
4598540123076;756177.73;5097746.02;NA
4598660122461;751409.22;5097683.22;0
4598670080458;426096.50;5093012.37;0
4598670081561;434639.29;5092915.96;0
4599070123003;755587.94;5098311.38;0
4599190132961;832694.93;5102126.88;0
4599410087301;479098.80;5093427.37;0.19995117
4599660079823;421192.45;5094173.19;0
4599780125899;777979.12;5100071.23;0
4600280116553;705593.17;5097786.88;NA
4600310113183;679499.66;5097005.01;NA
4600440116447;704766.55;5097937.32;NA
4600500082669;443239.54;5094864.27;0.20019531
4600510113246;679980.95;5097241.45;NA
4600560084903;460536.75;5094795.97;0.5996094
4600670093808;529482.66;5094862.39;0.60009766
4600690101394;588215.22;5095445.20;NA
4600780099481;573403.15;5095351.07;0.7998047
4600920127003;786468.47;5101729.47;0.20019531
4601000113050;678447.69;5097741.73;0.4
4601290118129;717755.75;5099328.21;0.10000038
4601420096619;551239.30;5095838.17;NA
4601420130392;812675.62;5103561.73;0.40039062
4601430128670;799345.76;5102910.09;0.40000916
4601620118946;724066.89;5099921.69;1.2
4602330103425;603908.91;5097512.40;1.800293
4602500095789;544805.35;5096988.06;0
4602690107258;633567.22;5098484.16;0.8
4603330109469;650661.50;5099590.06;NA
4603720108700;644700.47;5099880.65;NA
4603860091408;510894.89;5098345.87;NA
4603890096294;548701.70;5098562.11;0
4604140097972;561682.92;5098956.24;0
4604190113108;678793.78;5101298.97;NA
4604220113092;678669.02;5101328.71;NA
4604250097561;558501.67;5099047.43;0.20019531
4604280086778;475070.56;5098853.34;0
4604280107500;635401.29;5100291.63;NA
4604330133096;833430.67;5107893.79;0
4604470134884;847254.49;5108815.35;0
4604750129817;808039.45;5107036.77;0.39990234
4604830114047;686037.47;5102225.37;NA
4605420114600;690295.34;5103011.72;NA
4605690131394;820184.55;5108704.56;0.39990234
4605780132364;827681.71;5109200.10;0
4605830086958;476469.85;5100570.03;0.20019531
4606110084056;454024.95;5101007.88;0
4606170133581;837070.65;5110142.66;0.20019531
4606390100389;580351.62;5101671.87;1
4606390124431;766294.34;5106912.51;0
4606440126031;778665.86;5107516.68;0
4606690094561;535274.28;5101581.69;NA
4606860114550;689859.18;5104599.67;NA
4607030111158;663622.34;5104034.61;0.19998169
4607360114717;691133.38;5105195.20;NA
4607640112764;676022.48;5105055.35;NA
4607780116206;702631.96;5106030.60;NA
4607860102969;600279.37;5103598.09;1
4608060103778;606530.86;5103925.50;0
4608610081194;431919.04;5103990.77;0
4608810127906;793040.81;5110824.42;0.39941406
4609140091111;508588.55;5104208.74;0
4609360134208;841722.38;5113954.65;0.3999939
4609500111014;662436.22;5106749.39;0.2
4609860085675;466570.07;5105093.64;0.39990234
4610140116600;705590.64;5108753.85;NA
4610220107394;634436.81;5106873.37;NA
4610440130933;816346.88;5113796.93;0.7998047
4610560095694;544005.98;5105938.06;0
4610780125317;772929.63;5112090.54;0.19999695
4610830128825;800035.20;5113411.83;0.40039062
4611030083028;446121.61;5106538.95;0
4611370134905;846983.31;5116490.13;0.3999939
4611530124917;769801.93;5112787.10;0
4611530132289;826761.35;5115557.27;0.40039062
4611780131658;821871.46;5115577.14;0.39941406
4611810125058;770877.64;5113146.19;0
4611910124402;765804.45;5113035.58;0.6
4611920135850;854249.46;5117518.80;0.39941406
4612080114997;693133.58;5110507.05;NA
4612280133089;832897.14;5116723.04;0.40039062
4612360081764;436368.98;5108110.12;0
4612580128196;795081.08;5115120.29;0.40000153
4612920101483;588708.12;5109043.53;0.60009766
4612990123183;756336.20;5113834.64;0.3999939
4613220128932;800731.78;5116107.60;0.6000061
4613810084206;455247.49;5109554.69;0
4613810111186;663638.06;5111573.36;NA
4614690130264;810937.32;5118254.20;0.40039062
4614990094114;531769.51;5110784.88;0.19995117
4615170132139;825387.59;5119539.57;0.7998047
4615500097925;561193.46;5111574.52;0.19995117
4615580107578;635727.16;5112860.01;0.4
4615690130139;809915.86;5119316.27;0.39941406
4615780136408;858309.36;5122057.77;0.6000004
4615930134868;846410.82;5121539.93;1.6000023
4615940117528;712539.54;5115442.21;NA
4616080117447;711908.79;5115576.10;NA
4616470122447;750492.83;5117466.02;0.4
4616530132597;828842.73;5121239.43;0.8000183
4616690131461;820064.31;5120952.34;0.7998047
4616750098508;565680.24;5113009.95;0.19995117
4616810084561;458012.31;5112868.60;0
4616970112181;671225.10;5115294.13;0.2
4617000103414;603548.78;5113810.45;NA
4617030107261;633244.48;5114417.39;NA
4617170124147;763582.85;5118794.49;1.2000046
4617170126569;782277.43;5119627.84;0.39941406
4617330107264;633260.39;5114751.22;NA
4617360127194;787091.65;5120063.26;0.2000122
4617420118300;718441.21;5117296.17;NA
4617500104708;613527.38;5114542.87;0
4617580103336;602935.84;5114444.74;0.7998047
4617610081903;437502.34;5113932.33;0
4618330093258;525144.01;5114465.29;0.40014648
4618360125525;774159.96;5120583.72;0.7998047
4618560124817;768686.57;5120563.62;1
4618860135281;849413.20;5124976.33;1.800003
4619070124079;762967.28;5120882.87;0
4619220132036;824353.72;5123996.83;0.5996094
4619390111031;662276.65;5117741.33;0.6000061
4619530126242;779633.61;5122133.97;0.39941406
4619610126592;782329.86;5122346.89;1.2001953
4619610131536;820473.25;5124226.72;0.80029297
4619670133625;836586.10;5125159.40;0.7999878
4619720116789;706692.22;5119446.79;NA
4620500084317;456158.04;5116981.75;0.19999695
4620560118711;721487.26;5120898.82;NA
4620970132278;826117.14;5126040.38;0.80078125
4621250135244;848976.06;5127615.23;0
4621310098677;566929.51;5118090.69;NA
4621500082058;438741.96;5118242.44;0
4621780127729;790987.23;5125168.97;0.80000305
4621970118739;721646.48;5122473.23;NA
4622220083322;448498.13;5118952.63;0
4622420127958;792719.24;5125964.36;0.80000305
4622690098581;566172.45;5119615.96;NA
4622690099008;569465.25;5119652.46;NA
4622750098597;566295.11;5119683.96;NA
4622860131614;820885.37;5127868.99;0.7998047
4622970129181;802119.76;5127034.49;0.80078125
4623000130642;813382.85;5127635.39;0.7999878
4623390133806;837753.91;5129369.26;2.2000122
4623580126758;783406.01;5126816.87;0
4623610094267;532899.54;5120368.84;0
4623640111853;668489.05;5122634.78;0.4
4623780110547;658415.80;5122521.14;NA
4623810096325;548765.40;5120696.99;0
4624040094076;531424.44;5120838.88;NA
4624060127503;789124.40;5127619.34;1.6999989
4624110117783;714190.35;5124588.12;NA
4624140129931;807836.99;5128623.12;0.7998047
4624220115031;692970.82;5124003.60;NA
4624250125728;775431.53;5127198.00;0
4624360095964;545977.52;5121286.54;0.20019531
4624470081886;437449.05;5121555.85;0
4624640124714;767595.91;5127283.81;0.39990234
4624750103192;601691.92;5122392.74;0.8000488
4624970103092;600917.03;5122624.41;NA
4625610125639;774677.48;5128678.09;0
4625830098342;564292.71;5123085.20;NA
4625830127006;785201.20;5129405.66;0.60000014
4625920128311;795253.21;5129983.90;1.2001953
4626030113389;680253.17;5125628.10;NA
4626100098499;565499.51;5123398.05;NA
4626170105969;623066.73;5124364.08;0.4
4626360125006;769762.25;5129293.82;1.2001952
4626550098527;565709.92;5123900.36;NA
4626690133294;833606.11;5132818.40;1.2001953
4627060125401;772771.25;5130206.83;0.199997
4627360131347;818565.61;5132760.64;0.6000062
4627500081417;433869.97;5124960.58;0
4627500108269;640757.62;5126224.59;NA
4627750124437;765310.52;5130645.93;0.3994141
4627780123706;759677.60;5130436.96;0.4003906
4627800120332;733683.92;5129408.30;0.6
4628140120415;734308.84;5129810.58;0.199997
4628170128042;793060.11;5132383.74;1
4628420114522;688902.51;5128547.49;NA
4628440114800;691043.30;5128636.37;NA
4628500114799;691033.51;5128702.80;NA
4628860099175;570673.75;5126522.78;NA
4629000133508;835113.85;5135475.18;0.2001953
4629190127161;786220.48;5133194.62;1.1999998
4629250098822;567949.82;5126925.25;0
4629440098656;566668.94;5127122.27;NA
4629610105069;616058.19;5128050.52;0.1999512
4629720126017;777382.92;5133376.19;0
4629830129433;803683.18;5134752.40;2.2000122
4629850132691;828770.60;5136076.73;1.7988284
4629920099389;572308.20;5127719.88;NA
4629970098361;564390.63;5127686.77;NA
4630360083664;451207.95;5127975.49;0
4630580134000;838805.43;5137440.11;2.6015627
4630890130558;812286.06;5136367.97;3.7988284
4631120107614;635621.68;5130132.54;NA
4631170107617;635643.54;5130188.61;NA
4631560082594;442980.62;5129380.29;0
4631610112631;674234.48;5131658.38;NA
4632060110139;655036.41;5131640.30;NA
4632060123936;761245.61;5135267.89;0
4632080097628;558723.01;5129974.29;NA
4633690133958;838289.96;5140877.27;0.4003906
4634530125906;776285.59;5138681.41;NA
4634670121846;745040.47;5137499.07;0.2
4634690113047;677337.53;5135172.92;0
4634720084306;456186.66;5132782.49;0
4634810127983;792251.45;5139739.08;0
4634920109136;647238.33;5134626.60;NA
4634920124858;768202.92;5138753.98;0
4635010103544;604210.47;5133838.51;NA
4635220126778;782959.28;5139756.34;0
4635240119665;728235.64;5137480.00;0
4635280129306;802404.27;5140758.75;1.6000023
4635420131936;822628.51;5141954.00;0
4635540118695;720760.89;5137538.07;0.4
4635970093203;524640.36;5134063.74;0
4636720132992;830673.40;5143834.75;0.199997
4637440134703;843787.05;5145364.96;0
4637890124892;768318.89;5142065.31;0.6000976
4638330103311;602355.70;5137497.04;NA
4639280127147;785586.08;5144399.82;NA
4639320132177;824251.15;5146385.54;0
4639330116667;705017.33;5141203.21;NA
4639420123566;758050.36;5143323.73;NA
4639580116700;705261.65;5141489.55;NA
4640010131865;821812.11;5147024.53;0
4640160130007;807522.57;5146451.02;NA
4640280133753;836307.01;5148111.15;0
4640460125875;775748.06;5145259.04;NA
4640540133102;831287.80;5148124.83;0.2000046
4640560113108;677616.37;5141708.76;0
4641130129078;800328.84;5147171.26;0
4641470104978;615108.00;5141215.13;NA
4641540123323;756082.99;5145600.12;NA
4641810111975;668869.34;5142849.39;0
4641890105639;620178.58;5141780.14;NA
4642080105639;620174.41;5141991.25;NA
4642190130217;809021.80;5148788.35;0.1992188
4642870119048;723177.31;5145781.37;0
4643390117331;709966.03;5145888.54;NA
4643720122426;749090.60;5147735.45;NA
4643720133803;836479.22;5151954.26;0
4643750083661;451304.00;5142853.81;0
4643890135778;851637.92;5153004.20;0
4644040119900;729673.78;5147325.51;0
4644220122456;749298.22;5148300.44;NA
4644330122063;746274.73;5148299.37;0
4644740122504;749643.11;5148893.36;NA
4645190126267;778519.58;5150651.83;0
4645440125594;773338.96;5150694.38;NA
4645610132486;826250.39;5153501.04;0
4645650130358;809908.60;5152687.74;0.199997
4645830134528;841915.55;5154610.10;NA
4645940102425;595409.94;5145842.01;NA
4646090124104;761866.22;5150911.53;0
4646110103433;603146.96;5146157.53;0
4646330103992;607434.94;5146476.47;NA
4646420117153;708482.91;5149208.01;NA
4646640136619;857916.66;5156437.60;2.2001953
4646720126819;782679.19;5152547.94;0.1992188
4646890135739;851145.12;5156319.76;1.3994141
4647190093481;526724.12;5146539.85;0
4647470117444;710676.60;5150451.89;NA
4647780101889;591263.34;5147823.21;0
4647990103551;604017.20;5148261.95;NA
4648030113025;676736.57;5149990.15;NA
4648140131411;817848.65;5155873.07;0
4648390127228;785731.54;5154550.68;0
4648420112995;676493.69;5150416.77;NA
4648580131892;821514.24;5156556.86;0.5996095
4649360102072;592641.26;5149600.13;0
4649360106142;623874.31;5150158.00;0.1
4649500133142;831050.93;5158096.16;0.2000008
4649610136869;859639.65;5159850.94;NA
4649670135969;852730.59;5159510.94;0
4650000118761;720683.84;5153622.78;0.4
4650030118078;715442.19;5153467.40;NA
4650140129317;801666.80;5157272.76;0.6000976
4650580128639;796441.19;5157504.52;0.8000031
4650580134403;840658.65;5159833.21;0
4650860107267;632471.03;5152007.32;0.2
4650950128032;791764.78;5157689.24;0.6000004
4650970127731;789454.75;5157600.55;0
4651330115061;692247.73;5154132.62;NA
4651360103228;601475.17;5151964.51;NA
4651690103200;601254.24;5152327.60;NA
4651780105956;622392.62;5152817.96;0.2
4651940129172;800455.00;5159217.25;0
4651940131331;817013.37;5160062.72;0.6
4651990128112;792322.61;5158874.35;0.4003906
4652020120280;732252.48;5156303.14;0
4652740121751;743502.49;5157546.71;0.4
4652810130122;807691.82;5160550.26;NA
4652980133054;830164.55;5161925.54;1.7999878
4653470121344;740349.09;5158232.96;NA
4653670121274;739803.54;5158433.87;0
4653810135169;846329.03;5163755.58;0
4653940109953;652990.89;5155915.35;NA
4654170109903;652601.07;5156161.23;NA
4654310134750;843085.19;5164127.74;0
4654560117683;712234.88;5158393.64;NA
4655630124259;762595.97;5161562.61;NA
4655720125525;772294.72;5162092.17;0
4655750129833;805310.59;5163704.30;0
4655840130082;807213.86;5163901.08;0
4655970132753;827676.25;5165121.79;0
4656440119061;722722.01;5160862.56;0.1
4656780121866;744202.97;5162071.06;NA
4656780131686;819451.50;5165583.42;0
4657030127464;787086.59;5164235.85;0.59960926
4657070127081;784149.80;5164141.45;0
4657080130147;807641.81;5165304.12;0.3999939
4657500127747;789230.03;5164861.55;0.5999985
4657640118942;721761.09;5162162.34;NA
4657640122501;749029.57;5163225.29;NA
4658440128431;794419.68;5166159.33;0
4658720130294;808674.92;5167183.73;0.4003906
4659420128997;798701.51;5167461.28;0
4661390105942;622069.43;5163494.00;NA
4661610106944;629736.47;5163898.52;NA
4661730106942;629718.29;5164031.53;NA
4662200108675;642974.57;5164853.60;NA
4662500106494;626270.27;5164814.36;0
4662530116625;703824.78;5166969.99;NA
4663670113650;681012.73;5167509.95;NA
4663750104614;611852.30;5165919.27;0
4664780109908;652341.69;5167951.48;0
4665220124240;761987.10;5172211.51;NA
4665870111454;664138.82;5169473.27;NA
4666250123700;757806.56;5173177.58;0.2
4667640112553;672490.40;5171674.96;NA
4667920118978;721616.63;5173594.70;NA
4670580105211;616274.95;5173595.09;0.1
4670700116570;703097.32;5176033.71;NA
4671920116678;703876.85;5177417.24;NA
4672670122275;746613.20;5179853.88;NA
4677580105286;616697.09;5181384.52;0.1
4677620118795;719822.44;5184321.26;NA
4678220112294;670176.33;5183374.62;NA
4679610110881;659349.76;5184622.87;0.3
4680330119311;723649.03;5187478.10;0.1
4681330112483;671520.07;5186871.46;NA
4688390114312;685229.79;5195132.00;NA
4688390114383;685770.71;5195148.79;0
4690030119475;724495.43;5198303.00;NA
4690220114306;685121.06;5197164.04;NA
4691610119503;724642.60;5200066.64;NA
4694280120819;734545.61;5203418.97;NA
8228534636830;435052.95;4532031.09;NA
8285087392989;439502.74;4493822.21;NA
8361770661600;446046.74;4501388.38;NA
8376440768400;447370.98;4513234.81;NA
8377470650100;447364.84;4500102.32;NA
8381150609900;447644.58;4495637.79;NA
8437439218081;451502.19;4352226.23;0
8459720546800;454248.33;4488589.79;NA
8470020693700;455218.69;4504890.81;NA
8473815901755;455412.02;4483582.50;NA
8496869443100;456702.58;4366070.53;NA
8498490281900;457364.32;4459166.78;NA
8499350436401;456911.94;4365325.86;NA
8501172197285;457601.92;4460873.15;NA
8524490256900;459559.65;4456379.69;NA
8538995509427;460251.79;4351216.26;NA
8564560186900;462929.04;4448592.53;NA
8568332789626;463251.66;4448893.49;NA
8583630475200;464702.94;4480585.20;NA
8609021474079;466561.51;4413854.50;NA
8610090078900;466752.28;4436587.25;NA
8613122680231;467011.49;4436733.84;NA
8615710227800;467302.94;4453112.11;NA
8627716733326;468141.44;4409324.62;NA
8640289331100;468994.28;4353581.85;NA
8643880061200;469625.41;4434610.62;NA
8646079271100;469467.25;4346921.24;NA
8652920741801;470431.34;4443553.65;NA
8654460146000;470564.29;4444019.23;NA
8662219592221;470951.31;4371455.70;NA
8677879165400;472168.64;4335180.88;NA
8722469591500;476166.11;4382456.11;NA
8724000462700;476597.10;4479151.04;NA
8741319156300;477646.34;4334153.46;NA
8743959461400;477970.31;4368011.96;NA
8744970661000;478438.68;4501157.23;NA
8763798964700;479533.39;4312885.85;NA
8765910088000;480040.40;4437550.69;NA
8769990378300;480471.79;4469771.59;NA
8778760561400;481267.19;4490093.68;NA
8783459449400;481365.16;4366671.29;NA
8809690218300;483803.64;4452004.21;NA
8818040452900;484567.65;4478042.56;NA
8821651964501;484720.69;4401634.85;NA
8823200108300;484928.86;4439792.56;NA
8838819296500;486098.13;4349692.73;NA
8851519868500;487298.09;4413172.72;NA
8853309134516;487300.57;4320617.11;NA
8865172456918;488480.52;4422984.24;NA
8893320284600;490928.34;4459351.28;NA
8895679725600;491056.31;4397307.43;NA
8896786232000;491190.40;4431314.00;NA
8897704950706;491220.39;4388995.20;NA
8904054301340;491700.38;4328026.91;0
8905709786900;491923.04;4404109.89;NA
8919868993200;493057.27;4316025.04;NA
8920640380100;493260.17;4469949.02;NA
8961979612400;496732.92;4384739.54;NA
8966930318600;497186.92;4463120.20;NA
8971047398262;497500.11;4349876.30;NA
8971098274184;497500.11;4336106.68;NA
8976149043900;497932.60;4321648.50;NA
8986179546600;498809.13;4377436.32;NA
9002926409918;500249.99;4317877.19;NA
9003709793600;500314.21;4404849.25;NA
9003939783851;500329.98;4492562.24;NA
9009740228100;500825.23;4453074.63;NA
9013751742073;501179.95;4365835.85;NA
9061569806500;505266.98;4406282.78;NA
9064029923200;505468.28;4419235.19;NA
9073314244720;506259.71;4421624.28;NA
9084070005600;507172.19;4428382.15;NA
9091820069600;507826.35;4435486.22;NA
9104518202790;508799.60;4527971.22;NA
9106570027000;509089.79;4430759.40;0
9110561087119;509449.57;4415234.45;0
9112129762000;509601.10;4401348.10;NA
9113660727600;509594.85;4508525.00;NA
9122899862700;510508.27;4412525.66;NA
9131064360048;511239.50;4390035.17;NA
9141470853700;511920.74;4522526.20;NA
9143280063400;512215.61;4434803.87;NA
9144170932500;512133.91;4531273.96;NA
9144349809700;512352.39;4406646.09;NA
9166470020700;514202.13;4430067.98;NA
9175591426057;514979.32;4430664.02;0
9183429943400;515667.04;4421491.30;NA
9183700921600;515464.38;4530070.21;NA
9186659809019;516089.27;4351086.26;NA
9189379625300;516250.00;4386187.66;NA
9228650011200;519510.90;4429025.34;NA
9230161914069;519639.11;4429344.06;0
9231349721400;519824.57;4396861.66;NA
9250429818700;521429.65;4407664.99;NA
9256169787900;521930.69;4404247.99;NA
9258060570700;521840.07;4491134.45;NA
9258140073100;522007.84;4435902.57;NA
9262781115800;522058.13;4551645.35;NA
9281076810271;524228.91;4351246.25;NA
9282430347800;523982.00;4466399.04;NA
9300815891625;525298.85;4537870.93;NA
9321116819717;527278.77;4463293.08;NA
9326050704638;527498.75;4517121.53;NA
9326569036708;527938.74;4409684.62;NA
9329791049954;527878.74;4499952.02;NA
9340510494200;528851.85;4482666.60;NA
9341231056500;528670.11;4545085.20;NA
9350499464200;530147.69;4368350.02;NA
9356169344700;530687.77;4355089.91;NA
9360597149098;530978.60;4377775.51;NA
9367049818800;531410.55;4407710.53;NA
9367590757800;531024.43;4511936.10;NA
9367630718600;531046.02;4507584.72;NA
9372030709000;531422.15;4506520.65;NA
9378931178800;531778.99;4558675.05;NA
9395058904354;534058.47;4350626.27;NA
9395900122000;533730.32;4441373.26;NA
9398859808100;534138.31;4406534.62;NA
9403586216297;534438.44;4429644.05;NA
9403920909600;534013.33;4528800.39;NA
9441158681359;537828.29;4392485.10;NA
9443510379600;537644.08;4469984.87;NA
9462469688100;539651.97;4393242.49;NA
9474401045800;539866.84;4543949.69;NA
9487679069763;541338.12;4480012.60;NA
9488869207100;542205.08;4339872.91;NA
9491900311000;541794.01;4462392.16;NA
9494981102603;542308.09;4417064.41;0
9497149140530;542408.08;4432373.97;NA
9497329335751;542918.07;4343056.49;NA
9502979445800;543275.96;4366370.06;NA
9506719962200;543273.99;4423684.70;NA
9508223158414;543278.04;4445463.60;NA
9512021102972;543828.02;4406014.72;NA
9521825565724;544038.00;4512881.65;NA
9525540103300;544788.96;4439354.92;NA
9535910257100;545569.80;4456431.15;NA
9563370023500;548487.81;4363925.90;NA
9599880376900;550919.69;4469763.47;NA
9698484309749;558997.32;4506771.83;NA
