1497714.6;4921542.49;44.88;1;5
1497707.74;4921538.37;44.85;2;5
1497701.75;4921534.78;44.74;3;5
1497701.01;4921534.1;44.74;4;5
1497695.12;4921528.68;44.64;5;5
1497689.23;4921523.27;44.55;6;5
1497685.69;4921520.01;44.55;7;5
1497683.38;4921517.82;44.49;8;5
1497677.58;4921512.31;44.42;9;5
1497672.84;4921507.8;44.38;10;5
1497671.76;4921506.82;44.38;11;5
1497665.84;4921501.45;44.4;12;5
1497659.91;4921496.08;44.24;13;5
1497657.14;4921493.57;44.27;14;5
1497653.98;4921490.71;44.25;15;5
1497652.28;4921489.17;44.27;16;5
1497648.55;4921484.85;44.21;17;5
1497643.32;4921478.8;44.1;18;5
1497640.07;4921475.04;44.1;19;5
1497637.99;4921472.84;44.02;20;5
1497632.5;4921467.02;43.92;21;5
1497629.15;4921463.47;43.91;22;5
1497627.42;4921461.38;43.91;23;5
1497627.23;4921461.03;43.91;24;5
1497623.34;4921454.04;43.84;25;5
1497619.46;4921447.05;43.76;26;5
1497618.23;4921444.84;43.74;27;5
1497615.57;4921440.06;43.74;28;5
1497611.8;4921433.27;43.68;29;5
1497611.74;4921433.05;43.68;30;5
1497609.71;4921425.31;43.64;31;5
1497608.59;4921421.07;43.81;32;5
1497607.36;4921417.67;43.69;33;5
1497604.62;4921410.16;43.69;34;5
1497603.45;4921406.93;43.51;35;5
1497603.93;4921402.39;42.58;36;5
1497604.74;4921394.73;43.22;37;5
1497604.79;4921394.44;43.22;38;5
1497606.1;4921386.55;43.4;39;5
1497607.41;4921378.66;44.39;40;5
1497608.73;4921370.77;44.39;41;5
1497609.23;4921367.74;44.28;42;5
1497609.53;4921362.82;44.24;43;5
1497610.02;4921354.84;44.25;44;5
1497610.5;4921346.86;44.32;45;5
1497610.52;4921346.54;44.32;46;5
1497610.52;4921338.86;44.23;47;5
1497610.52;4921336.91;44.23;48;5
1497609.66;4921330.92;44.27;49;5
1497608.59;4921323.41;44.23;50;5
1497608.57;4921323;44.23;51;5
1497608.1;4921315.02;44.26;52;5
1497607.95;4921312.49;44.43;53;5
1497606.41;4921307.24;44.36;54;5
1497604.74;4921301.57;44.44;55;5
1497604.38;4921299.52;44.46;56;5
1497602.99;4921291.64;44.46;57;5
1497602.81;4921290.65;44.46;58;5
1497598.85;4921284.89;44.35;59;5
1497595.74;4921280.37;44.35;60;5
1497595.55;4921279.37;44.37;61;5
1497594.93;4921278.01;44.37;62;5
1497591.6;4921270.74;44.38;63;5
1497590.77;4921268.92;44.41;64;5
1497587.66;4921263.79;44.4;65;5
1497587.02;4921262.75;44.4;66;5
1497582.71;4921257.53;44.38;67;5
1497580.14;4921254.42;44.41;68;5
1497576.72;4921252.41;44.35;69;5
1497569.83;4921248.35;44.44;70;5
1497568.4;4921247.51;44.44;71;5
1497562.75;4921244.63;44.48;72;5
1497555.62;4921240.99;44.61;73;5
1497551.48;4921238.88;44.64;74;5
1497549.43;4921236.24;44.63;75;5
1497544.51;4921229.93;44.6;76;5
1497541.81;4921226.45;44.6;77;5
1497540.13;4921223.27;44.51;78;5
1497536.39;4921216.2;44.52;79;5
1497535.6;4921214.7;44.38;80;5
1497535.06;4921208.42;44.35;81;5
1497534.56;4921202.61;44.39;82;5
1497534.79;4921200.46;44.39;83;5
1497535.25;4921196.05;44.45;84;5
1497533.9;4921192.75;44.46;85;5
1497532.15;4921188.45;43.12;86;5
1497530.39;4921185.59;43.12;87;5
1497526.62;4921179.47;43.42;88;5
1497526.14;4921178.82;43.42;89;5
1497521.43;4921172.36;43.71;90;5
1497520.06;4921170.49;43.71;91;5
1497517.16;4921165.6;44.12;92;5
1497513.5;4921159.44;49.25;93;5
1497513.08;4921158.72;49.25;94;5
1497509.06;4921151.81;49.29;95;5
1497505.05;4921144.89;49.69;96;5
1497504.87;4921144.59;49.91;97;5
1497504.45;4921143.73;49.91;98;5
1497501.52;4921137.71;49.77;99;5
1497498.31;4921131.12;49.94;100;5
1497497.9;4921130.6;49.94;101;5
1497493.13;4921124.56;49.99;102;5
1497493.02;4921124.28;49.99;103;5
1497490.13;4921116.82;50.04;104;5
1497487.24;4921109.36;49.85;105;5
1497484.36;4921101.9;49.67;106;5
1497482.43;4921096.93;49.61;107;5
1497482.48;4921094.26;49.71;108;5
1497482.62;4921086.27;49.69;109;5
1497482.76;4921078.27;50.37;110;5
1497482.91;4921070.27;50.56;111;5
1497483.05;4921062.28;50.94;112;5
1497483.12;4921058.43;50.8;113;5
1497482.24;4921054.37;50.96;114;5
1497480.55;4921046.56;52.12;115;5
1497478.85;4921038.74;51.76;116;5
1497478.63;4921037.71;51.76;117;5
1497476.56;4921031.49;51.71;118;5
1497476.76;4921031.16;51.71;119;5
1497479.67;4921026.31;49.17;120;5
1497481.01;4921024.39;47.01;121;5
1497485.58;4921017.82;46.56;122;5
1497490.02;4921011.46;46.61;123;5
1497490.02;4921011.22;46.61;124;5
1497490.02;4921005.93;46.65;125;5
1497488.91;4921003.46;46.69;126;5
1497485.62;4920996.17;46.63;127;5
1497482.33;4920988.88;41.37;128;5
1497479.04;4920981.59;41.42;129;5
1497477.25;4920977.61;42.22;130;5
1497475.65;4920974.35;46.6;131;5
1497472.14;4920967.16;46.35;132;5
1497471.42;4920965.69;46.35;133;5
1497469.65;4920962.07;45.82;134;5
1497468.48;4920960.06;45.82;135;5
1497464.44;4920953.15;46.16;136;5
1497460.41;4920946.24;49.55;137;5
1497456.38;4920939.34;48.93;138;5
1497454.12;4920935.47;45.46;139;5
1497452.7;4920932.25;45.97;140;5
1497449.47;4920924.93;46.59;141;5
1497448.94;4920923.73;46.59;142;5
1497443.12;4920920.43;44.76;143;5
1497436.16;4920916.49;45.19;144;5
1497429.21;4920912.55;43.25;145;5
1497428.22;4920911.99;43.25;146;5
1497425.84;4920905.55;44.02;147;5
1497424.77;4920902.66;42.98;148;5
1497423.15;4920898.02;41.26;149;5
1497420.51;4920890.47;43.59;150;5
1497419.94;4920888.85;41.28;151;5
1497417.37;4920883.12;42.37;152;5
1497414.09;4920875.82;41.12;153;5
1497412.8;4920872.95;43.38;154;5
1497409.37;4920869.52;43.44;155;5
1497403.72;4920863.86;42.88;156;5
1497399.68;4920859.82;42.46;157;5
1497398.12;4920858.16;42.46;158;5
1497392.64;4920852.33;41.76;159;5
1497388.98;4920848.43;41.06;160;5
1497387.32;4920846.36;41.06;161;5
1497382.33;4920840.11;40.76;162;5
1497377.93;4920834.61;40.76;163;5
1497377.56;4920833.73;40.76;164;5
1497374.45;4920826.36;40.72;165;5
1497371.33;4920819;40.7;166;5
1497368.22;4920811.63;40.71;167;5
1497367.57;4920810.09;40.71;168;5
1497365.04;4920804.29;41.5;169;5
1497361.84;4920796.96;40.64;170;5
1497358.64;4920789.63;40.6;171;5
1497355.44;4920782.3;40.62;172;5
1497354.45;4920780.04;40.65;173;5
1497352.31;4920774.94;40.58;174;5
1497349.22;4920767.56;40.59;175;5
1497346.14;4920760.19;40.56;176;5
1497343.05;4920752.81;40.49;177;5
1497339.96;4920745.43;40.5;178;5
1497339.26;4920743.77;40.44;179;5
1497336.65;4920738.15;40.44;180;5
1497334.77;4920734.1;40.4;181;5
1497336.85;4920732.72;40.49;182;5
1497336.46;4920731.76;40.49;183;5
1497333.49;4920724.33;40.51;184;5
1497330.52;4920716.9;40.67;185;5
1497329.94;4920715.45;40.59;186;5
1497330.63;4920713.73;40.69;187;5
1497328.9;4920709.49;40.53;188;5
1497325.87;4920702.09;40.44;189;5
1497322.84;4920694.69;40.42;190;5
1497320.48;4920688.9;40.5;191;5
1497319.82;4920687.28;40.47;192;5
1497318.2;4920683.33;40.45;193;5
1497317.04;4920683.79;40.45;194;5
1497314.74;4920684.71;40.37;195;5
1497313.02;4920685.4;40.49;196;5
1497310.19;4920679.94;41.76;197;5
1497308.19;4920676.08;40.73;198;5
1497304.58;4920675.57;40.53;199;5
1497296.66;4920674.45;41.56;200;5
1497288.74;4920673.33;40.9;201;5
1497288.21;4920673.26;40.9;202;5
1497287.31;4920665.85;41.42;203;5
1497286.83;4920661.86;41.69;204;5
1497284.92;4920658.37;41.82;205;5
1497281.09;4920651.35;42.23;206;5
1497277.25;4920644.33;43.26;207;5
1497274.75;4920639.76;43.8;208;5
1497273.09;4920637.52;43.8;209;5
1497268.33;4920631.1;40.27;210;5
1497266.81;4920629.05;40.56;211;5
1497263.13;4920625.03;40.26;212;5
1497257.74;4920619.12;40.23;213;5
1497255.76;4920616.96;40.23;214;5
1497254.02;4920612.2;39.68;215;5
1497251.96;4920606.6;40.3;216;5
1497251.63;4920604.6;40.3;217;5
1497250.33;4920596.7;40.43;218;5
1497249.04;4920588.81;40.43;219;5
1497247.74;4920580.92;40.38;220;5
1497246.44;4920573.03;40.47;221;5
1497245.15;4920565.13;40.96;222;5
1497243.85;4920557.24;36.83;223;5
1497242.55;4920549.35;41.34;224;5
1497241.26;4920541.46;42.75;225;5
1497239.96;4920533.57;37.11;226;5
1497239.53;4920530.96;37.11;227;5
1497238.62;4920525.68;37.25;228;5
1497237.25;4920517.8;43.28;229;5
1497235.88;4920509.92;43.66;230;5
1497234.52;4920502.04;40.33;231;5
1497233.15;4920494.16;41.93;232;5
1497231.78;4920486.28;43.18;233;5
1497230.42;4920478.4;43.41;234;5
1497229.17;4920471.21;38.98;235;5
1497229.05;4920470.52;38.98;236;5
1497227.63;4920462.65;42.55;237;5
1497226.22;4920454.77;43.5;238;5
1497224.81;4920446.9;37.1;239;5
1497223.4;4920439.03;37.33;240;5
1497221.98;4920431.16;37.26;241;5
1497221.92;4920430.8;37.26;242;5
1497220.52;4920423.29;36.78;243;5
1497219.05;4920415.43;36.57;244;5
1497217.58;4920407.57;36.82;245;5
1497216.11;4920399.71;37.32;246;5
1497214.64;4920391.85;36.61;247;5
1497213.17;4920383.99;36.66;248;5
1497211.82;4920376.76;37.8;249;5
1497211.7;4920376.12;37.8;250;5
1497210.22;4920368.26;37.84;251;5
1497210.2;4920368.14;37.84;252;5
1497215.72;4920364.69;40.56;253;5
1497215.72;4920364.69;40.56;254;5
1497215.84;4920363.33;40.56;255;5
1497216.41;4920356.75;41.42;256;5
1497215.92;4920355.45;41.42;257;5
1497214.31;4920351.13;34.44;258;5
1497213.12;4920347.96;37.05;259;5
1497210.31;4920340.47;38.27;260;5
1497208.13;4920334.64;37.17;261;5
1497207.31;4920333.06;37.17;262;5
1497203.64;4920325.96;33.31;263;5
1497202.95;4920324.62;33.66;264;5
1497201.81;4920318.23;34.38;265;5
1497201.22;4920314.95;34.51;266;5
1497201.22;4920310.28;34.51;267;5
1497201.22;4920309.77;34.1;268;5
1497205.76;4920303.82;36.13;269;5
1497206.75;4920302.52;36.13;270;5
1497210.55;4920301.14;38.57;271;5
1497212.85;4920300.85;38.57;272;5
1497218.83;4920300.1;37.98;273;5
1497220.8;4920300.05;37.84;274;5
1497228.8;4920299.83;37.62;275;5
1497236.79;4920299.61;38.15;276;5
1497236.97;4920299.61;38.15;277;5
1497244.79;4920299.61;38.91;278;5
1497252.79;4920299.61;39.19;279;5
1497260.79;4920299.61;39.5;280;5
1497262.57;4920299.61;39.5;281;5
1497268.66;4920298.39;39.59;282;5
1497276.51;4920296.81;40.79;283;5
1497284.35;4920295.24;42.56;284;5
1497286.52;4920294.8;40.07;285;5
1497291.84;4920292.54;41.14;286;5
1497299.2;4920289.41;40.33;287;5
1497299.73;4920289.19;40.33;288;5
1497305.83;4920284.96;40.48;289;5
1497311.29;4920281.18;44.5;290;5
1497312.39;4920280.38;44.5;291;5
1497318.86;4920275.67;41.21;292;5
1497324.5;4920271.57;40.78;293;5
1497325.34;4920270.99;42.26;294;5
1497331.91;4920266.43;41.06;295;5
1497336.07;4920263.55;41.15;296;5
1497338.18;4920261.5;41.15;297;5
1497343.92;4920255.93;41.29;298;5
1497346.8;4920253.14;41.3;299;5
1497349.2;4920249.96;41.43;300;5
1497354.02;4920243.58;41.46;301;5
1497355.88;4920241.12;41.73;302;5
1497359.04;4920237.35;41.49;303;5
1497364.17;4920231.22;41.44;304;5
1497366.62;4920228.3;51.7;305;5
1497370.08;4920225.93;51.64;306;5
1497376.68;4920221.42;51.36;307;5
1497380.66;4920218.69;49.26;308;5
1497383.64;4920217.6;49.26;309;5
1497391.16;4920214.87;48.08;310;5
1497393.87;4920213.88;48.08;311;5
1497398.96;4920214.29;49.18;312;5
1497403.78;4920214.68;50.31;313;5
1497406.86;4920213.93;51.38;314;5
1497413.69;4920212.28;51.61;315;5
1497414.66;4920212.28;51.61;316;5
1497420.29;4920212.28;51.56;317;5
1497422.64;4920212.56;51.56;318;5
1497426.9;4920213.08;51.53;319;5
1497430.6;4920213.08;51.49;320;5
1497434.33;4920213.08;51.49;321;5
1497438.28;4920214.72;51.49;322;5
1497440.11;4920215.48;51.53;323;5
1497445.07;4920215.48;51.55;324;5
1497445.83;4920214.75;51.47;325;5
1497448.37;4920212.28;51.47;326;5
1497450.26;4920208.25;51.51;327;5
1497452.5;4920203.46;51.57;328;5
1497454.54;4920201.68;51.57;329;5
1497460.57;4920196.42;51.61;330;5
1497460.76;4920196.25;51.61;331;5
1497468.13;4920193.87;50.92;332;5
1497475.62;4920191.45;50.51;333;5
1497475.74;4920191.41;50.51;334;5
1497483.23;4920188.61;50.18;335;5
1497486.36;4920187.44;50.44;336;5
1497489.89;4920184.4;49.82;337;5
1497493.79;4920181.03;50.1;338;5
1497496.14;4920179.43;49.92;339;5
1497502.76;4920174.94;49.79;340;5
1497509.37;4920170.44;50.13;341;5
1497510.3;4920169.81;49.9;342;5
1497515.9;4920165.82;50.17;343;5
1497522.42;4920161.19;50.34;344;5
1497522.69;4920161;50.34;345;5
1497530.22;4920159.54;51.33;346;5
1497530.95;4920159.4;51.33;347;5
1497538.18;4920160.04;51.44;348;5
1497540.03;4920160.2;51.55;349;5
1497545.87;4920162.09;51.55;350;5
1497549.94;4920163.41;51.55;351;5
1497552.74;4920165.85;51.44;352;5
1497558.2;4920170.62;57.09;353;5
1497558.74;4920171.14;57.09;354;5
1497564.48;4920176.71;56.97;355;5
1497570.22;4920182.28;51.43;356;5
1497575.96;4920187.85;51.43;357;5
1497581.7;4920193.42;51.45;358;5
1497586.27;4920197.86;51.41;359;5
1497587.51;4920198.91;51.41;360;5
1497593.61;4920204.09;51.4;361;5
1497599.49;4920209.07;52.24;362;5
1497599.73;4920209.24;52.24;363;5
1497605.58;4920213.5;52.2;364;5
1497606.19;4920213.95;52.2;365;5
1497609.4;4920216.28;52.13;366;5
1497612.88;4920218.31;52.08;367;5
1497617.65;4920221.09;55.28;368;5
1497620.11;4920221.37;53.32;369;5
1497628.06;4920222.28;52.06;370;5
1497631.69;4920222.69;52.31;371;5
1497636.03;4920222.43;52.05;372;5
1497644.01;4920221.94;51.99;373;5
1497650.51;4920221.55;55.55;374;5
1497650.51;4920221.55;55.55;375;5
1497651.73;4920220.7;55.55;376;5
1497656.59;4920217.3;52;377;5
1497656.85;4920217.11;52;378;5
1497656.9;4920217.07;52;379;5
1497656.97;4920217.03;52;380;5
1497657.01;4920217;52;381;5
1497657.04;4920216.98;52;382;5
1497657.14;4920216.91;52;383;5
1497658.28;4920216.11;52;384;5
1497664.83;4920211.52;51.97;385;5
1497671.39;4920206.94;51.89;386;5
1497675.18;4920204.28;51.81;387;5
1497677.98;4920202.41;51.81;388;5
1497684.64;4920197.98;51.83;389;5
1497684.85;4920197.84;51.83;390;5
1497692.57;4920197.28;54.27;391;5
1497696.13;4920197.03;53.7;392;5
1497699.35;4920195.42;53.7;393;5
1497700.14;4920195.7;54.24;394;5
1497707.68;4920198.35;54.83;395;5
1497715.23;4920201;56.36;396;5
1497722.77;4920203.65;56.58;397;5
1497729.15;4920205.89;58;398;5
1497730.24;4920206.48;57.04;399;5
1497737.26;4920210.31;58.98;400;5
1497744.28;4920214.15;57.61;401;5
1497746.87;4920215.56;57.18;402;5
1497749.97;4920219.54;57.18;403;5
1497752.51;4920222.81;59.87;404;5
1497755.85;4920224.74;57.66;405;5
1497762.77;4920228.75;57.5;406;5
1497767.82;4920231.67;57.66;407;5
1497769.6;4920232.9;57.66;408;5
1497776.19;4920237.43;62.56;409;5
1497780.7;4920240.53;63.69;410;5
1497783.02;4920241.54;63.69;411;5
1497790.35;4920244.73;63.36;412;5
1497797.68;4920247.93;64.47;413;5
1497805.02;4920251.12;57.47;414;5
1497812.12;4920254.22;58.35;415;5
1497811.99;4920254.01;58.35;416;5
1497808.09;4920247.78;56.57;417;5
1497807.63;4920247.32;56.57;418;5
1497801.98;4920241.66;59.98;419;5
1497801.65;4920241.33;59.98;420;5
1497795.44;4920237.06;57.33;421;5
1497788.85;4920232.53;55.95;422;5
1497788.76;4920232.47;55.95;423;5
1497781.11;4920230.56;57.16;424;5
1497779.09;4920230.06;57.66;425;5
1497774.64;4920226.16;53.24;426;5
1497772.65;4920224.42;53.09;427;5
1497769.17;4920220.35;52.75;428;5
1497767.82;4920218.78;53.62;429;5
1497762.93;4920215.43;52.95;430;5
1497756.33;4920210.92;52.38;431;5
1497752.51;4920208.31;52.27;432;5
1497749.85;4920206.24;51.28;433;5
1497743.53;4920201.33;51.36;434;5
1497738.01;4920197.03;51.18;435;5
1497737.19;4920196.46;51.18;436;5
1497730.64;4920191.87;50.79;437;5
1497724.08;4920187.29;50.48;438;5
1497721.9;4920185.76;50.48;439;5
1497717.09;4920183.46;49.4;440;5
1497709.87;4920180.01;50.17;441;5
1497703.38;4920176.9;48.56;442;5
1497702.67;4920176.53;48.56;443;5
1497695.59;4920172.8;48.61;444;5
1497688.52;4920169.07;50.45;445;5
1497688.07;4920168.84;50.45;446;5
1497681.97;4920164.48;52.09;447;5
1497675.47;4920159.83;52.31;448;5
1497668.96;4920155.19;49.52;449;5
1497665.52;4920152.73;54.04;450;5
1497662.78;4920150.14;53.05;451;5
1497657.14;4920144.82;60.16;452;5
1497656.96;4920144.65;60.16;453;5
1497651.15;4920139.16;55.95;454;5
1497645.33;4920133.66;54.03;455;5
1497639.52;4920128.17;50.51;456;5
1497636.52;4920125.34;50.51;457;5
1497634.48;4920122.05;48.47;458;5
1497630.27;4920115.25;50.12;459;5
1497626.06;4920108.45;49.42;460;5
1497626.05;4920108.43;49.42;461;5
1497623.09;4920101.02;47.56;462;5
1497622.83;4920100.37;47.56;463;5
1497618.15;4920094.77;47.39;464;5
1497616.18;4920092.4;47.39;465;5
1497616.55;4920092.24;47.39;466;5
1497616.84;4920091.02;47.39;467;5
1497616.49;4920089.98;48.4;468;5
1497614.43;4920089.87;47.48;469;5
1497614.33;4920089.86;47.48;470;5
1497611.52;4920089.54;47.48;471;5
1497606.39;4920088.92;45.63;472;5
1497605.02;4920088.76;45.63;473;5
1497603.81;4920088.61;45.4;474;5
1497598.42;4920088.27;45.03;475;5
1497593.87;4920087.99;44.75;476;5
1497590.43;4920087.97;44.75;477;5
1497582.43;4920087.91;44.08;478;5
1497579.32;4920087.89;43.76;479;5
1497579.16;4920087.89;43.76;480;5
1497574.43;4920087.96;43.43;481;5
1497566.46;4920088.09;42.93;482;5
1497566.44;4920088.09;42.93;483;5
1497558.45;4920088.59;41.1;484;5
1497550.47;4920089.1;41.07;485;5
1497542.49;4920089.61;40.17;486;5
1497535.5;4920090.05;43.32;487;5
1497534.63;4920090.13;43.34;488;5
1497534.51;4920090.14;43.34;489;5
1497526.55;4920090.91;43.36;490;5
1497526.01;4920090.96;43.36;491;5
1497520.81;4920091.44;43.35;492;5
1497518.59;4920091.17;43.36;493;5
1497518.02;4920091.1;43.36;494;5
1497515.68;4920090.82;43.36;495;5
1497510.61;4920090.72;43.38;496;5
1497510.58;4920090.72;43.38;497;5
1497502.64;4920091.39;39.4;498;5
1497501.83;4920091.46;39.4;499;5
1497498.97;4920094.17;41.47;500;5
1497495.87;4920095.12;39.15;501;5
1497488.23;4920097.48;38.98;502;5
1497480.59;4920099.83;42.61;503;5
1497472.94;4920102.19;38.65;504;5
1497466.15;4920104.28;42.73;505;5
1497465.3;4920104.55;42.73;506;5
1497457.66;4920106.91;38.45;507;5
1497450.02;4920109.27;41.6;508;5
1497442.37;4920111.63;38.05;509;5
1497441.87;4920111.78;38.05;510;5
1497434.85;4920114.35;41.51;511;5
1497427.34;4920117.1;37.77;512;5
1497419.83;4920119.84;41.35;513;5
1497412.32;4920122.59;37.56;514;5
1497406.33;4920124.78;41.39;515;5
1497404.81;4920125.35;37.27;516;5
1497397.33;4920128.16;37.27;517;5
1497394.64;4920129.17;39.11;518;5
1497389.56;4920129.91;41.41;519;5
1497384.17;4920130.7;36.95;520;5
1497381.7;4920131.33;36.95;521;5
1497373.96;4920133.32;41.41;522;5
1497366.21;4920135.31;36.55;523;5
1497362.14;4920136.35;37.6;524;5
1497359.75;4920137.04;41.35;525;5
1497358.5;4920137.42;41.35;526;5
1497355.49;4920138.34;41.35;527;5
1497351.21;4920139.92;41.4;528;5
1497351;4920140.12;38.35;529;5
1497348.31;4920142.75;41.46;530;5
1497345.99;4920146.3;41.44;531;5
1497345.8;4920146.59;41.44;532;5
1497344.68;4920147.99;41.41;533;5
1497344.93;4920147.9;41.41;534;5
1497342.54;4920152.97;41.37;535;5
1497340.96;4920156.31;41.39;536;5
1497339.93;4920158;41.34;537;5
1497338.72;4920159.98;41.34;538;5
1497336.22;4920164.07;41.36;539;5
1497335.63;4920165.03;41.36;540;5
1497334.83;4920166.95;41.39;541;5
1497331.74;4920174.32;41.24;542;5
1497330.34;4920177.66;37.99;543;5
1497330.11;4920177.96;37.99;544;5
1497327.68;4920181.14;35.06;545;5
1497322.83;4920187.5;37.13;546;5
1497322.8;4920187.54;37.13;547;5
1497318.59;4920194.28;38.72;548;5
1497317.2;4920196.5;34.65;549;5
1497312.86;4920199.68;36.42;550;5
1497308.51;4920202.87;37.41;551;5
1497306.17;4920204.02;37.41;552;5
1497298.99;4920207.53;34.21;553;5
1497297.86;4920208.08;34.21;554;5
1497291.43;4920210.11;33.4;555;5
1497287.66;4920211.29;34.68;556;5
1497283.73;4920212.27;36.31;557;5
1497277.24;4920213.89;37.14;558;5
1497275.94;4920213.97;37.14;559;5
1497274.66;4920214.06;36.11;560;5
1497271.01;4920214.03;36.11;561;5
1497267.96;4920214.4;36.45;562;5
1497264.35;4920214.83;36.59;563;5
1497264.52;4920215.46;32.31;564;5
1497264.56;4920215.61;32.31;565;5
1497261.01;4920215.46;32.31;566;5
1497255.01;4920215.2;32.31;567;5
1497253.02;4920215.07;32.35;568;5
1497249.44;4920214.84;36.65;569;5
1497249.28;4920215.75;32.87;570;5
1497245.81;4920215.37;32.87;571;5
1497243.48;4920215.11;32.62;572;5
1497243.48;4920215.11;32.62;573;5
1497243.34;4920215.11;32.62;574;5
1497242.63;4920214.75;36.39;575;5
1497238.06;4920213.61;36.29;576;5
1497232.97;4920212.34;35.85;577;5
1497230.39;4920211.36;35.85;578;5
1497222.92;4920208.51;35.26;579;5
1497216.05;4920205.89;35.58;580;5
1497215.53;4920205.5;35.58;581;5
1497209.13;4920200.71;35.03;582;5
1497203.16;4920196.23;38.4;583;5
1497202.72;4920195.92;38.4;584;5
1497196.19;4920191.32;38.21;585;5
1497189.65;4920186.71;36.01;586;5
1497185.74;4920183.96;37.4;587;5
1497183.38;4920181.77;36.65;588;5
1497177.96;4920176.74;34.82;589;5
1497177.84;4920176.15;34.82;590;5
1497176.27;4920168.3;36.02;591;5
1497175.74;4920165.63;36.02;592;5
1497177.54;4920160.68;35.44;593;5
1497180.19;4920153.41;36.63;594;5
1497180.19;4920153.15;36.63;595;5
1497180.19;4920146.75;37.91;596;5
1497179.47;4920145.32;36.32;597;5
1497176.85;4920140.09;37.52;598;5
1497174.81;4920139.43;37.82;599;5
1497167.2;4920136.96;37.34;600;5
1497159.59;4920134.5;36.74;601;5
1497157.98;4920133.98;36.74;602;5
1497153.37;4920129.67;35.53;603;5
1497149.65;4920126.2;34.67;604;5
1497147.59;4920124.14;36.44;605;5
1497141.94;4920118.49;37.38;606;5
1497141.88;4920118.43;37.38;607;5
1497137.81;4920111.64;37.22;608;5
1497133.7;4920104.78;37.25;609;5
1497133.55;4920104.54;37.25;610;5
1497129.04;4920098.28;36.56;611;5
1497124.37;4920091.78;36;612;5
1497123.56;4920090.66;36;613;5
1497120.9;4920084.61;39.02;614;5
1497117.68;4920077.29;37.46;615;5
1497117.45;4920076.77;37.46;616;5
1497112.54;4920071.19;36.63;617;5
1497109.13;4920067.33;33.72;618;5
1497106.34;4920067.89;33.72;619;5
1497103.57;4920068.44;30.1;620;5
1497100.63;4920064.18;33.29;621;5
1497096.09;4920057.59;30.01;622;5
1497092.47;4920052.34;30.46;623;5
1497090.9;4920051.95;30.46;624;5
1497088.03;4920051.23;30;625;5
1497085.65;4920046.79;32.37;626;5
1497081.88;4920039.74;34.46;627;5
1497078.11;4920032.68;33.25;628;5
1497074.33;4920025.63;32.62;629;5
1497070.56;4920018.58;35.4;630;5
1497066.93;4920011.8;37.91;631;5
1497066.81;4920011.52;37.91;632;5
1497063.61;4920004.19;38.02;633;5
1497063.05;4920002.91;38.02;634;5
1497059.13;4919997.59;35.85;635;5
1497055.28;4919992.36;38.9;636;5
1497053.96;4919991.64;34.67;637;5
1497046.94;4919987.81;39.5;638;5
1497039.92;4919983.98;36.28;639;5
1497036.96;4919982.36;36.28;640;5
1497034.27;4919978.6;35.32;641;5
1497029.62;4919972.09;33.46;642;5
1497028.63;4919970.7;33.46;643;5
1497022.34;4919970.7;31.34;644;5
1497020.86;4919970.7;31.34;645;5
1497016.3;4919966.05;30.75;646;5
1497010.7;4919960.34;30.77;647;5
1497005.1;4919954.63;30.76;648;5
1497000.89;4919950.33;30.74;649;5
1496999.5;4919948.91;30.79;650;5
1496993.9;4919943.2;31.03;651;5
1496992.54;4919941.82;31.03;652;5
1496987.79;4919938.06;33.75;653;5
1496982;4919933.49;42.04;654;5
1496981.47;4919933.17;42.04;655;5
1496974.6;4919929.07;39.39;656;5
1496967.74;4919924.96;44.14;657;5
1496964.74;4919923.17;41.02;658;5
1496960.71;4919921.15;41.02;659;5
1496955.07;4919918.33;40.6;660;5
1496953.66;4919917.39;38.01;661;5
1496947.01;4919912.95;38.02;662;5
1496945.41;4919911.89;38.02;663;5
1496941.11;4919907.59;37.51;664;5
1496936.55;4919903.03;37.06;665;5
1496935.36;4919902.04;37.06;666;5
1496931.71;4919899;35.03;667;5
1496930.6;4919895.95;35.03;668;5
1496928.49;4919890.14;32.82;669;5
1496927.21;4919888.86;33.23;670;5
1496921.55;4919883.2;35.21;671;5
1496916.41;4919878.06;31.79;672;5
1496915.79;4919877.68;31.79;673;5
1496908.93;4919873.57;31.71;674;5
1496908.36;4919873.23;31.71;675;5
1496902.7;4919868.57;32.08;676;5
1496896.52;4919863.48;32.08;677;5
1496894.66;4919861.95;32.09;678;5
1496889.92;4919858.99;31.34;679;5
1496883.14;4919854.75;32.01;680;5
1496881.77;4919853.89;32.01;681;5
1496877.03;4919849.62;31.21;682;5
1496873.72;4919846.65;30.76;683;5
1496872.86;4919843.2;30.94;684;5
1496870.92;4919835.44;37.21;685;5
1496868.98;4919827.68;31.54;686;5
1496868.89;4919827.31;31.54;687;5
1496866.88;4919819.97;32.12;688;5
1496866.47;4919818.45;32.12;689;5
1496866.73;4919812.03;34.11;690;5
1496867.05;4919804.04;41.64;691;5
1496867.28;4919798.32;41.83;692;5
1496866.79;4919796.1;41.83;693;5
1496865.05;4919788.29;39.24;694;5
1496864.05;4919783.82;34.39;695;5
1496864.39;4919780.42;34.39;696;5
1496865.19;4919772.46;33.83;697;5
1496865.66;4919767.71;29.9;698;5
1496865.53;4919764.49;29.8;699;5
1496865.2;4919756.5;29.8;700;5
1496864.87;4919748.51;29.84;701;5
1496864.86;4919748.38;29.84;702;5
1496866.09;4919740.61;31.64;703;5
1496867.28;4919733.07;34.76;704;5
1496867.39;4919732.72;34.76;705;5
1496869.77;4919725.08;31.26;706;5
1496871.15;4919720.65;37.58;707;5
1496869.42;4919717.77;32.28;708;5
1496865.31;4919710.92;31.74;709;5
1496862.63;4919706.45;30.37;710;5
1496861.19;4919704.06;30.02;711;5
1496860.52;4919702.94;30.02;712;5
1496857.08;4919697.2;30.4;713;5
1496852.96;4919690.34;30.3;714;5
1496849.97;4919685.36;30.23;715;5
1496848.59;4919683.67;30.83;716;5
1496843.53;4919677.47;31.55;717;5
1496842.73;4919676.5;31.55;718;5
1496840.03;4919670.32;31.23;719;5
1496837.09;4919663.61;31.28;720;5
1496836.76;4919663.03;31.28;721;5
1496832.78;4919656.09;31.26;722;5
1496830.64;4919652.34;31.27;723;5
1496828.31;4919649.49;31.38;724;5
1496823.39;4919643.48;31.28;725;5
1496823.22;4919643.33;31.28;726;5
1496817.15;4919638.12;31.29;727;5
1496812.12;4919633.81;31.44;728;5
1496811.22;4919632.76;31.44;729;5
1496807.28;4919628.17;31.36;730;5
1496805.84;4919626.86;31.36;731;5
1496799.92;4919621.48;31.29;732;5
1496798.42;4919620.12;31.29;733;5
1496793.45;4919616.81;31.27;734;5
1496791.17;4919615.29;31.27;735;5
1496787.2;4919611.85;31.27;736;5
1496781.16;4919606.61;31.8;737;5
1496779.09;4919604.81;32.32;738;5
1496774.3;4919602.64;32.29;739;5
1496770.23;4919600.79;32.29;740;5
1496766.73;4919600.32;32.23;741;5
1496758.81;4919599.27;33;742;5
1496758.15;4919599.18;33;743;5
1496750.81;4919599.18;34.59;744;5
1496749.29;4919599.18;35.76;745;5
1496742.89;4919600.16;31.32;746;5
1496738.82;4919600.79;29.14;747;5
1496734.94;4919600.79;28.07;748;5
1496729.96;4919600.79;28.1;749;5
1496727.37;4919599.24;28.26;750;5
1496725.93;4919598.37;28.26;751;5
1496725.93;4919592.06;31.83;752;5
1496725.93;4919588.7;32.38;753;5
1496725.62;4919584.07;34.63;754;5
1496725.12;4919576.62;37.71;755;5
1496724.86;4919576.15;32.74;756;5
1496721.01;4919569.14;30.61;757;5
1496717.15;4919562.14;28.64;758;5
1496717.15;4919562.13;28.64;759;5
1496713.3;4919555.13;28.57;760;5
1496713.29;4919555.11;28.57;761;5
1496707.03;4919550.17;28.53;762;5
1496700.75;4919545.21;28.64;763;5
1496694.47;4919540.25;28.44;764;5
1496694.12;4919539.98;33.68;765;5
1496691.34;4919537.78;33.68;766;5
1496687.95;4919535.64;28.38;767;5
1496681.19;4919531.37;29.2;768;5
1496676.04;4919528.11;29.38;769;5
1496674.39;4919527.17;28.77;770;5
1496667.42;4919523.24;29.58;771;5
1496660.46;4919519.31;31.33;772;5
1496657.51;4919517.64;30.42;773;5
1496653.39;4919515.58;30.66;774;5
1496649.45;4919513.61;31.36;775;5
1496646.09;4919512.32;31.36;776;5
1496638.98;4919509.59;32.15;777;5
1496638.64;4919509.41;32.15;778;5
1496631.58;4919505.65;29.52;779;5
1496624.52;4919501.89;28.19;780;5
1496617.46;4919498.14;31.65;781;5
1496614.33;4919496.47;31.33;782;5
1496610.44;4919494.31;32.67;783;5
1496603.44;4919490.44;28.6;784;5
1496600.03;4919488.54;30.45;785;5
1496596.4;4919486.65;28.99;786;5
1496589.31;4919482.95;28;787;5
1496582.21;4919479.26;29.68;788;5
1496575.2;4919475.6;28.95;789;5
1496575.11;4919475.6;28.95;790;5
1496567.81;4919475.28;26.94;791;5
1496567.12;4919475.21;26.94;792;5
1496559.17;4919474.36;27.18;793;5
1496558.82;4919474.32;27.18;794;5
1496551.3;4919472.93;26.95;795;5
1496543.44;4919471.48;26.88;796;5
1496535.57;4919470.04;26.92;797;5
1496530.87;4919469.17;26.99;798;5
1496527.78;4919468.28;27.2;799;5
1496520.09;4919466.05;27.63;800;5
1496512.41;4919463.83;27.23;801;5
1496506.45;4919462.11;27.24;802;5
1496504.78;4919461.46;27.42;803;5
1496497.32;4919458.58;45.47;804;5
1496492.31;4919456.64;45.42;805;5
1496490.03;4919455.34;45.42;806;5
1496483.08;4919451.37;45.52;807;5
1496476.57;4919447.65;45.41;808;5
1496476.1;4919447.48;45.41;809;5
1496468.57;4919444.79;45.39;810;5
1496467.58;4919444.44;45.39;811;5
1496460.98;4919442.26;45.39;812;5
1496453.39;4919439.75;45.4;813;5
1496445.79;4919437.25;45.38;814;5
1496438.2;4919434.74;45.33;815;5
1496434.48;4919433.51;45.33;816;5
1496430.71;4919431.95;45.33;817;5
1496425.17;4919429.66;45.34;818;5
1496423.29;4919428.95;45.35;819;5
1496415.81;4919426.13;42.75;820;5
1496408.32;4919423.31;27.14;821;5
1496400.84;4919420.49;26.96;822;5
1496400.43;4919420.34;26.96;823;5
1496393.73;4919416.84;27.34;824;5
1496393.68;4919416.81;27.34;825;5
1496386.28;4919413.92;31.52;826;5
1496380.51;4919411.67;30.66;827;5
1496378.8;4919411.09;29.53;828;5
1496371.23;4919408.51;30.3;829;5
1496364.45;4919406.2;26.79;830;5
1496363.66;4919405.95;26.79;831;5
1496356.41;4919403.63;44.83;832;5
1496356.05;4919403.48;44.83;833;5
1496348.7;4919400.42;44.8;834;5
1496348.67;4919400.41;44.8;835;5
1496343.24;4919399.14;49.43;836;5
1496340.86;4919398.67;49.43;837;5
1496333.01;4919397.14;46.64;838;5
1496330.07;4919396.57;46.64;839;5
1496325.23;4919395.31;44.83;840;5
1496321.4;4919394.32;49.42;841;5
1496317.6;4919392.93;47.31;842;5
1496311.76;4919390.78;44.86;843;5
1496310.09;4919390.2;44.86;844;5
1496302.53;4919387.56;47.97;845;5
1496294.98;4919384.93;49.39;846;5
1496290.55;4919383.39;49.39;847;5
1496287.39;4919382.43;49.37;848;5
1496279.73;4919380.1;44.85;849;5
1496272.08;4919377.77;49.41;850;5
1496268.38;4919376.65;46.55;851;5
1496264.52;4919375.18;44.9;852;5
1496257.05;4919372.33;49.42;853;5
1496249.57;4919369.48;49.41;854;5
1496242.1;4919366.64;49.43;855;5
1496234.65;4919363.8;49.42;856;5
1496234.63;4919363.79;49.42;857;5
1496227.21;4919360.79;45.97;858;5
1496219.79;4919357.8;26.73;859;5
1496217.94;4919357.05;26.73;860;5
1496212.58;4919354.36;29.89;861;5
1496210.23;4919353.19;29.89;862;5
1496205.58;4919350.49;30.53;863;5
1496198.67;4919346.47;26.71;864;5
1496196.42;4919345.16;26.71;865;5
1496192.19;4919341.81;26.74;866;5
1496188.71;4919339.05;26.9;867;5
1496185.16;4919338.78;26.9;868;5
1496184.53;4919338.73;26.97;869;5
1496179.07;4919333.79;27.04;870;5
1496177.79;4919332.63;27.04;871;5
1496172.53;4919329.22;27.12;872;5
1496172.32;4919329.09;27.12;873;5
1496166.96;4919323.49;26.9;874;5
1496164.93;4919321.38;26.9;875;5
1496161.1;4919318.06;26.88;876;5
1496155.3;4919313.03;27.11;877;5
1496155.12;4919312.76;27.11;878;5
1496150.8;4919306.28;27.08;879;5
1496150.68;4919306.11;27.08;880;5
1496148.23;4919302.75;28.36;881;5
1496144.69;4919301.27;28.64;882;5
1496140.52;4919299.54;29.84;883;5
1496137.19;4919298.5;30.09;884;5
1496135.38;4919297.93;30.09;885;5
1496130.17;4919294.76;31.77;886;5
1496123.34;4919290.6;31.78;887;5
1496122.2;4919289.9;33.38;888;5
1496116.79;4919286.01;32.97;889;5
1496111.92;4919282.51;33.95;890;5
1496110.76;4919280.88;33.95;891;5
1496108.71;4919278.01;34.76;892;5
1496104.78;4919275.88;34.67;893;5
1496101;4919273.84;34.62;894;5
1496098.22;4919271.4;34.36;895;5
1496095.86;4919269.34;34.23;896;5
1496093.45;4919265.11;34.09;897;5
1496090.72;4919260.34;34.01;898;5
1496089.77;4919258.02;33.42;899;5
1496086.74;4919250.62;33.87;900;5
1496083.71;4919243.22;33.9;901;5
1496082.69;4919240.74;33.9;902;5
1496080.86;4919235.75;33.97;903;5
1496079.15;4919231.11;33.86;904;5
1496078.48;4919228.13;33.93;905;5
1496076.9;4919221.15;33.88;906;5
1496076.66;4919220.34;33.88;907;5
1496074.38;4919212.68;29.86;908;5
1496073.37;4919209.26;29.8;909;5
1496072.79;4919204.87;29.71;910;5
1496072.09;4919199.62;29.59;911;5
1496071.63;4919196.95;29.59;912;5
1496070.25;4919189.07;31.01;913;5
1496068.88;4919181.19;28.54;914;5
1496068.23;4919177.45;28.72;915;5
1496067.21;4919173.38;28.77;916;5
1496066.3;4919169.74;28.74;917;5
1496066.05;4919165.5;28.74;918;5
1496065.57;4919157.52;28.77;919;5
1496065.34;4919153.68;28.76;920;5
1496064.33;4919149.65;28.74;921;5
1496063.41;4919145.97;28.74;922;5
1496062.62;4919141.84;28.7;923;5
1496061.13;4919133.98;28.71;924;5
1496060.84;4919132.47;28.71;925;5
1496057.63;4919128.62;24.15;926;5
1496056.97;4919127.33;24.15;927;5
1496053.3;4919120.23;24.13;928;5
1496052.49;4919118.66;24.27;929;5
1496049.9;4919112.99;22.45;930;5
1496047.35;4919107.41;24.9;931;5
1496046.67;4919105.68;24.9;932;5
1496043.73;4919098.24;21.56;933;5
1496043.17;4919096.81;21.56;934;5
1496040.43;4919090.95;26.12;935;5
1496037.04;4919083.71;24.41;936;5
1496036.1;4919081.71;24.41;937;5
1496033.97;4919076.33;21.69;938;5
1496031.02;4919068.89;25.84;939;5
1496028.71;4919063.08;21.9;940;5
1496028.01;4919061.48;21.9;941;5
1496025.18;4919055.05;24.11;942;5
1496024.89;4919054.13;20.09;943;5
1496022.46;4919046.5;22.99;944;5
1496022.18;4919045.62;22.99;945;5
1496019.92;4919038.92;21.28;946;5
1496018.75;4919035.45;21.28;947;5
1496016.15;4919031.98;24.89;948;5
1496014.9;4919030.31;21.93;949;5
1496011.71;4919025.34;23.89;950;5
1496009.12;4919021.31;21.93;951;5
1496007.68;4919018.44;22.63;952;5
1496004.94;4919012.96;21.95;953;5
1496003.94;4919011.38;21.95;954;5
1496003.9;4919011.31;21.95;955;5
1496001.08;4919006.86;22.38;956;5
1496000.1;4919004.4;23.37;957;5
1495997.23;4918997.22;22.82;958;5
1495997.23;4918996.95;22.82;959;5
1495997.23;4918989.57;25.27;960;5
1495996.91;4918989.04;25.27;961;5
1495992.7;4918982.24;25.16;962;5
1495988.5;4918975.44;24.06;963;5
1495984.3;4918968.63;26.12;964;5
1495983.22;4918966.89;26.12;965;5
1495980.35;4918961.68;24.33;966;5
1495976.48;4918954.67;23.62;967;5
1495972.62;4918947.67;22.54;968;5
1495968.76;4918940.67;22.53;969;5
1495964.89;4918933.66;22.42;970;5
1495961.03;4918926.66;22.43;971;5
1495957.82;4918920.84;22.37;972;5
1495957.07;4918919.72;22.41;973;5
1495952.64;4918913.06;22.24;974;5
1495948.3;4918906.55;22.15;975;5
1495948.25;4918906.38;22.15;976;5
1495946.17;4918898.66;22.2;977;5
1495944.1;4918890.94;22.14;978;5
1495942.02;4918883.21;22.2;979;5
1495939.94;4918875.49;22;980;5
1495937.86;4918867.77;22.78;981;5
1495937.18;4918865.26;22.78;982;5
1495936.01;4918859.99;21.99;983;5
1495934.28;4918852.18;21.76;984;5
1495932.54;4918844.37;22.02;985;5
1495930.81;4918836.56;22.22;986;5
1495929.07;4918828.75;21.61;987;5
1495927.66;4918822.39;21.6;988;5
1495927.59;4918820.91;21.6;989;5
1495927.19;4918812.93;21.45;990;5
1495926.79;4918804.94;21.21;991;5
1495926.39;4918796.95;21.26;992;5
1495926.07;4918790.63;21.26;993;5
1495926.36;4918788.98;21.36;994;5
1495927.75;4918781.11;21.28;995;5
1495929.14;4918773.23;21.14;996;5
1495930.53;4918765.35;21.05;997;5
1495930.83;4918763.64;21.04;998;5
1495933.28;4918757.88;20.78;999;5
1495936.41;4918750.52;21.77;1000;5
1495939.54;4918743.16;20.65;1001;5
1495942.67;4918735.8;21.79;1002;5
1495945.81;4918728.44;20.8;1003;5
1495946.71;4918726.32;20.8;1004;5
1495950.07;4918721.73;21.26;1005;5
1495954.8;4918715.28;20.61;1006;5
1495959.53;4918708.83;20.55;1007;5
1495964.17;4918702.5;20.58;1008;5
1495964.25;4918702.37;20.58;1009;5
1495968.4;4918695.53;20.63;1010;5
1495972.55;4918688.7;20.55;1011;5
1495976.7;4918681.86;20.54;1012;5
1495977.66;4918680.27;20.54;1013;5
1495982;4918675.93;20.72;1014;5
1495987.66;4918670.27;20.83;1015;5
1495989.57;4918668.36;20.56;1016;5
1495991.98;4918663.65;20.66;1017;5
1495995.62;4918656.53;23.3;1018;5
1495999.26;4918649.41;20.41;1019;5
1496002.9;4918642.29;20.4;1020;5
1496006.55;4918635.17;20.57;1021;5
1496007.03;4918634.22;20.36;1022;5
1496011.64;4918629.03;20.53;1023;5
1496016.95;4918623.05;20.54;1024;5
1496022.26;4918617.08;27.18;1025;5
1496027.57;4918611.1;31.3;1026;5
1496032.88;4918605.12;20.5;1027;5
1496038.19;4918599.14;20.31;1028;5
1496043.51;4918593.16;20.44;1029;5
1496045.12;4918591.34;20.35;1030;5
1496048.53;4918586.94;20.28;1031;5
1496053.42;4918580.61;20.28;1032;5
1496058.31;4918574.28;20.06;1033;5
1496058.62;4918573.88;20.06;1034;5
1496062.91;4918567.74;19.98;1035;5
1496067.5;4918561.19;24.35;1036;5
1496072.08;4918554.63;23.67;1037;5
1496075.28;4918550.06;23.44;1038;5
1496076.99;4918548.35;23.07;1039;5
1496082.65;4918542.69;22.54;1040;5
1496088.3;4918537.04;21.9;1041;5
1496093.96;4918531.38;21.28;1042;5
1496099.1;4918526.24;20.67;1043;5
1496099.49;4918525.63;20.67;1044;5
1496103.8;4918518.89;19.73;1045;5
1496108.11;4918512.15;19.64;1046;5
1496111.79;4918506.39;22.24;1047;5
1496112.36;4918505.38;22.24;1048;5
1496116.3;4918498.42;19.63;1049;5
1496120.23;4918491.46;19.71;1050;5
1496122.11;4918488.13;19.53;1051;5
1496124.83;4918484.96;19.48;1052;5
1496130.03;4918478.88;19.41;1053;5
1496135.24;4918472.81;19.4;1054;5
1496136.4;4918471.45;19.4;1055;5
1496141.91;4918468.59;19.38;1056;5
1496149.01;4918464.91;19.35;1057;5
1496156.11;4918461.23;24.62;1058;5
1496157.83;4918460.34;24.62;1059;5
1496163.3;4918457.72;24.62;1060;5
1496170.51;4918454.27;18.03;1061;5
1496177.73;4918450.82;17.96;1062;5
1496184.94;4918447.37;18.66;1063;5
1496192.16;4918443.91;19.25;1064;5
1496194.34;4918442.87;19.25;1065;5
1496198.26;4918439.87;19.21;1066;5
1496198.77;4918439.48;19.21;1067;5
1496205.13;4918434.62;19.24;1068;5
1496205.25;4918434.53;19.24;1069;5
1496209.81;4918428.15;19.42;1070;5
1496214.46;4918421.64;19.44;1071;5
1496217.16;4918417.86;19.9;1072;5
1496219.33;4918415.31;19.9;1073;5
1496224.51;4918409.21;20.26;1074;5
1496229.69;4918403.11;19.15;1075;5
1496234.86;4918397.02;20.05;1076;5
1496240.04;4918390.92;21.8;1077;5
1496244.14;4918386.1;21.65;1078;5
1496245.26;4918384.86;22.56;1079;5
1496250.63;4918378.93;18.82;1080;5
1496256;4918373;19.48;1081;5
1496261.36;4918367.08;23.47;1082;5
1496266.73;4918361.15;23.56;1083;5
1496272.1;4918355.22;24.45;1084;5
1496277.47;4918349.29;23.68;1085;5
1496282.24;4918344.02;21.49;1086;5
1496283.02;4918343.6;21.49;1087;5
1496290.08;4918339.84;21.04;1088;5
1496294.15;4918337.67;21.04;1089;5
1496297.52;4918338.06;21.33;1090;5
1496305.46;4918338.97;26.89;1091;5
1496313.41;4918339.89;28.59;1092;5
1496314.78;4918340.05;27.96;1093;5
1496320.7;4918343.01;28.36;1094;5
1496327.85;4918346.59;29.6;1095;5
1496332.24;4918348.79;31.22;1096;5
1496334.92;4918350.31;33.6;1097;5
1496341.88;4918354.26;33.92;1098;5
1496348.84;4918358.21;34.33;1099;5
1496355.79;4918362.16;34.29;1100;5
1496361.61;4918365.46;34.73;1101;5
1496362.78;4918366.04;34.73;1102;5
1496369.93;4918369.62;35.22;1103;5
1496377.09;4918373.2;41.23;1104;5
1496377.48;4918373.4;41.23;1105;5
1496384.97;4918374.38;40.88;1106;5
1496392.9;4918375.41;40.21;1107;5
1496395.74;4918375.78;39.95;1108;5
1496400.87;4918375.58;39.68;1109;5
1496408.87;4918375.28;39.39;1110;5
1496416.37;4918374.99;37.81;1111;5
1496416.76;4918374.7;37.81;1112;5
1496423.19;4918369.94;36.29;1113;5
1496429.63;4918365.19;36.29;1114;5
1496434.63;4918361.49;36.21;1115;5
1496435.66;4918360.05;36.08;1116;5
1496440.31;4918353.54;29.86;1117;5
1496444.96;4918347.03;24.22;1118;5
1496449.6;4918340.52;23.39;1119;5
1496450.5;4918339.26;22.31;1120;5
1496454.15;4918333.94;21.43;1121;5
1496458.68;4918327.35;23.18;1122;5
1496463.21;4918320.76;23.59;1123;5
1496467.74;4918314.17;25.11;1124;5
1496467.96;4918313.85;25.11;1125;5
1496474.08;4918309.32;26.13;1126;5
1496480.5;4918304.55;26.7;1127;5
1496486.93;4918299.79;26.88;1128;5
1496489.39;4918297.97;26.88;1129;5
1496493.62;4918295.43;27.08;1130;5
1496500.48;4918291.31;27.71;1131;5
1496507.34;4918287.2;30.63;1132;5
1496513.2;4918283.68;32.01;1133;5
1496514.35;4918283.51;32.01;1134;5
1496522.26;4918282.31;34.39;1135;5
1496530.16;4918281.11;35.82;1136;5
1496538.07;4918279.91;36.87;1137;5
1496539.39;4918279.71;36.87;1138;5
1496546.05;4918279.52;37.02;1139;5
1496554.05;4918279.29;37.19;1140;5
1496562.04;4918279.07;35.55;1141;5
1496567.17;4918278.92;35.51;1142;5
1496570;4918279.38;35.5;1143;5
1496577.9;4918280.65;35.75;1144;5
1496585.79;4918281.92;35.89;1145;5
1496593.69;4918283.2;35.93;1146;5
1496601.59;4918284.47;35.93;1147;5
1496609.48;4918285.75;35.86;1148;5
1496616.38;4918286.86;36.34;1149;5
1496617.33;4918287.2;36.34;1150;5
1496624.85;4918289.92;36.41;1151;5
1496628.49;4918291.24;39.65;1152;5
1496632.54;4918292.05;40.21;1153;5
1496640.38;4918293.62;37.51;1154;5
1496647.94;4918295.14;42.66;1155;5
1496648.23;4918295.14;42.66;1156;5
1496656.23;4918295.14;41.49;1157;5
1496661.41;4918295.14;41.06;1158;5
1496664.15;4918295.78;41.06;1159;5
1496670.95;4918297.38;41.21;1160;5
1496671.96;4918297.48;41.21;1161;5
1496676.56;4918297.94;40.49;1162;5
1496679.87;4918297.28;40.49;1163;5
1496684.98;4918296.26;40.56;1164;5
1496687.47;4918295.01;40.82;1165;5
1496694.62;4918291.43;41.2;1166;5
1496698.44;4918289.52;41.33;1167;5
1496701.45;4918287.32;41.63;1168;5
1496707.9;4918282.6;31.19;1169;5
1496713.03;4918278.85;33.33;1170;5
1496714.48;4918278.06;33.33;1171;5
1496721.51;4918274.26;31.39;1172;5
1496728.55;4918270.45;29.2;1173;5
1496735.58;4918266.64;25.93;1174;5
1496739.97;4918264.26;25.92;1175;5
1496742.52;4918262.68;25.91;1176;5
1496749.33;4918258.47;25.9;1177;5
1496756.13;4918254.27;25.92;1178;5
1496758.55;4918252.77;25.92;1179;5
1496759.63;4918247.73;25.9;1180;5
1496760.97;4918241.45;25.9;1181;5
1496761.83;4918240.13;25.9;1182;5
1496766.21;4918233.44;25.93;1183;5
1496770.58;4918226.74;25.83;1184;5
1496774.71;4918220.42;25.69;1185;5
1496774.98;4918220.06;25.69;1186;5
1496779.74;4918213.63;25.4;1187;5
1496784.5;4918207.21;25.31;1188;5
1496789.26;4918200.78;25.38;1189;5
1496790.88;4918198.59;25.16;1190;5
1496794.78;4918195.04;25.16;1191;5
1496799.77;4918190.5;24.89;1192;5
1496801.01;4918190.36;26.64;1193;5
1496808.96;4918189.48;24.84;1194;5
1496814.32;4918188.88;24.64;1195;5
1496816.91;4918189.15;24.1;1196;5
1496824.87;4918189.99;23.18;1197;5
1496829.68;4918190.5;29.2;1198;5
1496826.64;4918189.66;22.68;1199;5
1496818.93;4918187.53;24.1;1200;5
1496811.22;4918185.4;24.64;1201;5
1496810.11;4918185.09;24.64;1202;5
1496803.99;4918182.03;21.68;1203;5
1496796.83;4918178.45;17.92;1204;5
1496794.4;4918177.23;20.11;1205;5
1496789.6;4918175.05;18;1206;5
1496782.31;4918171.74;18.07;1207;5
1496775.03;4918168.43;16.74;1208;5
1496769.71;4918166.01;19.73;1209;5
1496768.02;4918164.68;20.13;1210;5
1496761.72;4918159.75;20.3;1211;5
1496756.8;4918155.9;20.43;1212;5
1496755.46;4918154.78;19.94;1213;5
1496749.33;4918149.64;19.72;1214;5
1496743.19;4918144.5;19.44;1215;5
1496737.06;4918139.37;19.25;1216;5
1496734.46;4918137.19;19.2;1217;5
1496730.99;4918134.16;19.23;1218;5
1496724.97;4918128.9;19.07;1219;5
1496720.46;4918124.98;19.05;1220;5
1496718.74;4918123.92;19.02;1221;5
1496711.91;4918119.76;18.94;1222;5
1496705.08;4918115.59;18.91;1223;5
1496698.25;4918111.43;18.81;1224;5
1496696.68;4918110.47;18.81;1225;5
1496691.64;4918106.93;18.63;1226;5
1496690.35;4918106.03;18.63;1227;5
1496685.61;4918101.69;18.46;1228;5
1496679.72;4918096.29;18.47;1229;5
1496679.14;4918095.76;18.47;1230;5
1496674.27;4918090.43;18.44;1231;5
1496668.88;4918084.53;18.08;1232;5
1496663.49;4918078.62;17.98;1233;5
1496658.09;4918072.71;18.02;1234;5
1496652.7;4918066.81;17.91;1235;5
1496647.3;4918060.9;17.68;1236;5
1496641.91;4918055;17.49;1237;5
1496636.52;4918049.09;17.16;1238;5
1496631.12;4918043.19;17.07;1239;5
1496628.31;4918040.11;17.02;1240;5
1496625.52;4918037.48;17.05;1241;5
1496619.71;4918031.99;16.97;1242;5
1496617.42;4918029.84;16.79;1243;5
1496615.1;4918025.58;16.79;1244;5
1496611.27;4918018.55;16.75;1245;5
1496609.51;4918015.32;16.83;1246;5
1496608.02;4918011.27;16.75;1247;5
1496605.25;4918003.76;16.65;1248;5
1496602.48;4917996.26;16.67;1249;5
1496599.71;4917988.76;16.71;1250;5
1496596.95;4917981.25;16.61;1251;5
1496596.13;4917979.04;16.48;1252;5
1496594.26;4917973.72;16.51;1253;5
1496591.61;4917966.17;16.38;1254;5
1496588.96;4917958.63;16.31;1255;5
1496586.31;4917951.08;16.21;1256;5
1496583.65;4917943.54;16.17;1257;5
1496581;4917935.99;16.03;1258;5
1496578.35;4917928.44;15.94;1259;5
1496575.7;4917920.9;15.86;1260;5
1496573.05;4917913.35;15.62;1261;5
1496570.4;4917905.81;15.53;1262;5
1496567.74;4917898.26;15.42;1263;5
1496567.41;4917897.3;15.42;1264;5
1496565.83;4917890.5;15.33;1265;5
1496564.01;4917882.71;15.12;1266;5
1496562.2;4917874.92;14.91;1267;5
1496560.39;4917867.13;14.96;1268;5
1496559.58;4917863.67;14.84;1269;5
1496559.76;4917859.23;14.75;1270;5
1496560.07;4917851.24;14.91;1271;5
1496560.38;4917843.25;14.71;1272;5
1496560.7;4917835.26;14.43;1273;5
1496561.01;4917827.26;14.24;1274;5
1496561.32;4917819.27;14.19;1275;5
1496561.64;4917811.28;14.23;1276;5
1496561.75;4917808.39;14.26;1277;5
1496561.62;4917803.29;14.32;1278;5
1496561.41;4917795.29;14.4;1279;5
1496561.3;4917790.95;15.4;1280;5
1496560.26;4917787.44;15.59;1281;5
1496557.99;4917779.78;14.23;1282;5
1496555.72;4917772.11;14.19;1283;5
1496553.44;4917764.44;14.17;1284;5
1496551.17;4917756.77;14.1;1285;5
1496548.9;4917749.1;12.34;1286;5
1496546.63;4917741.43;12.19;1287;5
1496544.36;4917733.76;12.13;1288;5
1496542.09;4917726.09;12.16;1289;5
1496539.82;4917718.42;12.18;1290;5
1496537.55;4917710.76;12.22;1291;5
1496535.27;4917703.09;12.03;1292;5
1496533;4917695.42;12.12;1293;5
1496530.9;4917688.32;11.61;1294;5
1496530.72;4917687.75;11.61;1295;5
1496528.23;4917680.15;11.62;1296;5
1496525.74;4917672.55;11.6;1297;5
1496523.25;4917664.95;11.51;1298;5
1496520.76;4917657.35;11.49;1299;5
1496518.28;4917649.75;12.96;1300;5
1496515.79;4917642.15;10.86;1301;5
1496513.3;4917634.55;10.87;1302;5
1496512.94;4917633.45;10.87;1303;5
1496510.68;4917626.99;10.87;1304;5
1496508.04;4917619.44;10.85;1305;5
1496505.4;4917611.89;10.82;1306;5
1496503.65;4917606.9;10.82;1307;5
1496504.92;4917604.51;10.67;1308;5
1496508.68;4917597.45;10.59;1309;5
1496512.43;4917590.38;10.54;1310;5
1496516.19;4917583.32;10.64;1311;5
1496517.5;4917580.86;10.64;1312;5
1496519.37;4917576;10.65;1313;5
1496522.24;4917568.53;10.98;1314;5
1496525.11;4917561.07;10.89;1315;5
1496525.69;4917559.55;11.01;1316;5
1496525.69;4917553.18;10.95;1317;5
1496525.69;4917545.18;10.84;1318;5
1496525.69;4917537.18;15.57;1319;5
1496525.69;4917533.34;15.55;1320;5
1496524.65;4917529.31;14.83;1321;5
1496522.66;4917521.57;14.82;1322;5
1496520.66;4917513.83;14.93;1323;5
1496518.66;4917506.08;14.81;1324;5
1496516.66;4917498.34;14.44;1325;5
1496514.67;4917490.59;11.26;1326;5
1496512.67;4917482.85;13.96;1327;5
1496512.59;4917482.54;13.96;1328;5
1496510.23;4917475.23;13.83;1329;5
1496507.76;4917467.62;13.5;1330;5
1496505.3;4917460.01;13.29;1331;5
1496502.84;4917452.4;12.89;1332;5
1496500.38;4917444.79;12.68;1333;5
1496497.92;4917437.18;12.4;1334;5
1496495.46;4917429.57;12.24;1335;5
1496494.57;4917426.83;12.19;1336;5
1496494.16;4917421.73;11.91;1337;5
1496493.53;4917413.76;11.78;1338;5
1496492.89;4917405.78;11.65;1339;5
1496492.25;4917397.81;11.37;1340;5
1496491.62;4917389.84;11.16;1341;5
1496491.3;4917385.86;11.16;1342;5
1496492.71;4917382.11;11.42;1343;5
1496495.51;4917374.62;11.25;1344;5
1496498.32;4917367.13;11.19;1345;5
1496501.13;4917359.64;11.33;1346;5
1496503.94;4917352.15;11.29;1347;5
1496506.74;4917344.66;11.54;1348;5
1496509.55;4917337.17;11.53;1349;5
1496512.36;4917329.68;11.45;1350;5
1496515.17;4917322.2;11.37;1351;5
1496515.87;4917320.32;11.37;1352;5
1496518.13;4917314.77;13.24;1353;5
1496521.14;4917307.36;13.21;1354;5
1496524.16;4917299.95;13.54;1355;5
1496527.17;4917292.54;13.08;1356;5
1496530.19;4917285.13;21.26;1357;5
1496533.2;4917277.73;17.52;1358;5
1496536.22;4917270.32;18.48;1359;5
1496539.23;4917262.91;17.64;1360;5
1496542.24;4917255.5;15.91;1361;5
1496545.26;4917248.09;13.16;1362;5
1496548.27;4917240.68;9.15;1363;5
1496551.29;4917233.28;9.09;1364;5
1496554.3;4917225.87;9.1;1365;5
1496557.32;4917218.46;14.05;1366;5
1496560.33;4917211.05;14.33;1367;5
1496561.96;4917207.05;14.55;1368;5
1496563.37;4917203.66;8.32;1369;5
1496566.45;4917196.27;9.07;1370;5
1496569.52;4917188.89;9.48;1371;5
1496572.6;4917181.51;8.85;1372;5
1496575.67;4917174.12;8.96;1373;5
1496578.75;4917166.74;8.96;1374;5
1496581.82;4917159.36;9.11;1375;5
1496582.35;4917158.09;9.11;1376;5
1496584.9;4917151.97;8.99;1377;5
1496587.97;4917144.59;9.09;1378;5
1496590.75;4917137.92;9.16;1379;5
1496591.05;4917137.21;9.16;1380;5
1496594.12;4917129.82;9.09;1381;5
1496595.15;4917127.35;9.1;1382;5
1496597.2;4917122.44;9.1;1383;5
1496597.89;4917120.77;9.1;1384;5
1496598.63;4917118.99;9.11;1385;5
1496599.1;4917117.87;9.11;1386;5
1496599.19;4917117.66;9.11;1387;5
1496599.41;4917117.13;9.11;1388;5
1496600.39;4917115.11;9.12;1389;5
1496603.88;4917107.91;9.13;1390;5
1496604.07;4917107.51;9.13;1391;5
1496607.36;4917100.71;9.2;1392;5
1496610.85;4917093.51;9.19;1393;5
1496614.34;4917086.32;9.18;1394;5
1496617.83;4917079.12;9.4;1395;5
1496621.31;4917071.92;9.29;1396;5
1496622.71;4917069.03;9.17;1397;5
1496624.8;4917064.72;9.18;1398;5
1496625.61;4917063.05;8.84;1399;5
1496628.24;4917057.5;8.73;1400;5
1496631.66;4917050.27;8.78;1401;5
1496634.37;4917044.54;8.74;1402;5
1496635.97;4917044.11;8.67;1403;5
1496643.7;4917042.05;8.62;1404;5
1496649.26;4917040.57;8.63;1405;5
1496651.34;4917041.4;8.6;1406;5
1496658.77;4917044.37;8.62;1407;5
1496666.2;4917047.34;8.43;1408;5
1496667.64;4917047.92;8.43;1409;5
1496674.05;4917048.56;8.46;1410;5
1496674.54;4917048.61;8.46;1411;5
1496680.74;4917050.91;8.51;1412;5
1496681.58;4917051.2;8.51;1413;5
1496689.15;4917053.78;8.45;1414;5
1496696.72;4917056.37;8.14;1415;5
1496698.1;4917056.84;8.14;1416;5
1496704.23;4917059.12;9.06;1417;5
1496711.73;4917061.9;9.23;1418;5
1496716.02;4917063.5;9.05;1419;5
1496719.16;4917064.86;9.05;1420;5
1496726.49;4917068.05;9;1421;5
1496733.48;4917071.09;9.28;1422;5
1496733.83;4917071.22;9.28;1423;5
1496741.33;4917074;9.71;1424;5
1496748.83;4917076.78;9.61;1425;5
1496752.09;4917077.99;9.6;1426;5
1496756.17;4917079.95;9.68;1427;5
1496763.37;4917083.42;9.77;1428;5
1496770.58;4917086.89;10.01;1429;5
1496777.79;4917090.35;9.03;1430;5
1496785;4917093.82;8.83;1431;5
1496788.4;4917095.46;10.02;1432;5
1496792.17;4917097.36;10.18;1433;5
1496799.31;4917100.95;10.08;1434;5
1496806.46;4917104.55;10.15;1435;5
1496813.6;4917108.15;10.33;1436;5
1496820.75;4917111.74;10.49;1437;5
1496825.39;4917114.08;10.65;1438;5
1496827.74;4917115.61;10.71;1439;5
1496834.44;4917119.97;10.87;1440;5
1496839.18;4917123.05;11.04;1441;5
1496841.19;4917124.25;11.22;1442;5
1496848.06;4917128.35;11.41;1443;5
1496854.93;4917132.44;11.34;1444;5
1496861.8;4917136.54;11.66;1445;5
1496862.51;4917136.96;11.66;1446;5
1496868.17;4917141.37;11.56;1447;5
1496872.85;4917145.01;11.32;1448;5
1496874.33;4917146.45;11.32;1449;5
1496880.05;4917152.04;10.62;1450;5
1496882.04;4917153.98;10.62;1451;5
1496885.18;4917158.16;10.52;1452;5
1496886.87;4917160.41;10.31;1453;5
1496889.74;4917164.72;10.31;1454;5
1496890.54;4917165.93;10.24;1455;5
1496894.91;4917169.15;10.24;1456;5
1496895.99;4917169.44;10.28;1457;5
1496898.35;4917170.07;10.39;1458;5
1496903.87;4917170.73;10.47;1459;5
1496904.1;4917170.76;10.47;1460;5
1496911.81;4917169.86;10.62;1461;5
1496913.98;4917169.61;10.62;1462;5
1496919.69;4917168.49;10.91;1463;5
1496924.55;4917167.54;11.29;1464;5
1496927.59;4917167.47;11.1;1465;5
1496935.59;4917167.27;12.35;1466;5
1496943.58;4917167.08;12.27;1467;5
1496943.62;4917167.08;12.27;1468;5
1496951.41;4917168.72;11.6;1469;5
1496959.24;4917170.37;15.05;1470;5
1496967.06;4917172.01;14.8;1471;5
1496974.55;4917173.59;13.75;1472;5
1496974.89;4917173.66;13.75;1473;5
1496982.75;4917175.17;16.07;1474;5
1496990.6;4917176.68;16.54;1475;5
1496998.45;4917178.2;16.75;1476;5
1497006.31;4917179.71;16.94;1477;5
1497014.16;4917181.22;18.36;1478;5
1497022.01;4917182.74;19.27;1479;5
1497029.87;4917184.25;14.44;1480;5
1497037.72;4917185.77;20.57;1481;5
1497045.57;4917187.28;20.82;1482;5
1497053.43;4917188.79;20.86;1483;5
1497061.28;4917190.31;22.07;1484;5
1497069.13;4917191.82;21.85;1485;5
1497076.99;4917193.33;22.12;1486;5
1497082.67;4917194.43;22.15;1487;5
1497084.15;4917196.07;23.17;1488;5
1497089.5;4917202.01;23.18;1489;5
1497094.86;4917207.95;20.43;1490;5
1497100.21;4917213.89;20.46;1491;5
1497105.57;4917219.84;17.43;1492;5
1497110.92;4917225.78;17.08;1493;5
1497116.28;4917231.72;18.7;1494;5
1497116.74;4917232.23;18.7;1495;5
1497121.63;4917237.66;19.47;1496;5
1497126.99;4917243.6;23.99;1497;5
1497132.34;4917249.54;24.49;1498;5
1497137.7;4917255.48;24.58;1499;5
1497143.05;4917261.42;24.53;1500;5
1497148.41;4917267.36;24.8;1501;5
1497150.63;4917269.83;25.66;1502;5
1497153.99;4917273.09;26.2;1503;5
1497159.72;4917278.66;26.88;1504;5
1497165.46;4917284.23;27.65;1505;5
1497171.2;4917289.8;29.9;1506;5
1497176.94;4917295.38;29.87;1507;5
1497182.67;4917300.95;36.19;1508;5
1497188.41;4917306.52;36.5;1509;5
1497194.15;4917312.09;37.19;1510;5
1497199.89;4917317.66;38.44;1511;5
1497201.16;4917318.9;39.09;1512;5
1497205.81;4917323.04;40.12;1513;5
1497211.79;4917328.35;41.22;1514;5
1497217.76;4917333.67;42.69;1515;5
1497223.74;4917338.98;44;1516;5
1497227.91;4917342.69;45.21;1517;5
1497229.89;4917344.08;45.21;1518;5
1497236.44;4917348.67;45.91;1519;5
1497242.77;4917353.1;47.35;1520;5
1497243;4917353.25;47.35;1521;5
1497249.65;4917357.69;47.89;1522;5
1497256.3;4917362.13;48.01;1523;5
1497260.61;4917365;47.85;1524;5
1497263.4;4917365.44;48.02;1525;5
1497271.3;4917366.67;47.76;1526;5
1497279.2;4917367.91;47.72;1527;5
1497287.1;4917369.14;46.19;1528;5
1497295.01;4917370.38;45.51;1529;5
1497302.91;4917371.61;44.53;1530;5
1497310.81;4917372.85;41.08;1531;5
1497318.71;4917374.08;40.02;1532;5
1497326.61;4917375.32;39.64;1533;5
1497334.52;4917376.55;39.17;1534;5
1497342.42;4917377.79;34.18;1535;5
1497350.32;4917379.03;30.79;1536;5
1497355.72;4917379.87;30.5;1537;5
1497358.02;4917380.93;30.62;1538;5
1497365.28;4917384.28;30.33;1539;5
1497372.54;4917387.64;30.45;1540;5
1497379.8;4917390.99;30.71;1541;5
1497387.07;4917394.34;30.77;1542;5
1497394.33;4917397.69;31.08;1543;5
1497394.36;4917397.71;31.08;1544;5
1497402.11;4917399.53;31.69;1545;5
1497409.89;4917401.37;32.28;1546;5
1497417.68;4917403.2;32.13;1547;5
1497419.63;4917403.66;32.13;1548;5
1497425.6;4917404.2;32.16;1549;5
1497433.57;4917404.92;31.42;1550;5
1497435.98;4917405.14;31.64;1551;5
1497441.23;4917407;31.4;1552;5
1497448.77;4917409.67;31.13;1553;5
1497456.31;4917412.35;30.93;1554;5
1497462.13;4917414.41;30.53;1555;5
1497463.85;4917415.03;31.48;1556;5
1497471.37;4917417.74;30.38;1557;5
1497478.89;4917420.45;30.92;1558;5
1497484.84;4917422.6;30.97;1559;5
1497486.46;4917423.03;28.8;1560;5
1497494.19;4917425.08;28.9;1561;5
1497495.82;4917425.51;28.81;1562;5
1497502.06;4917424.58;28.59;1563;5
1497509.97;4917423.39;31.67;1564;5
1497517.88;4917422.21;32.9;1565;5
1497522.46;4917421.53;33.86;1566;5
1497525.71;4917422.44;34.27;1567;5
1497533.41;4917424.61;34.54;1568;5
1497534.29;4917424.86;34.54;1569;5
1497539.02;4917430.12;35.24;1570;5
1497544.36;4917436.08;35.88;1571;5
1497549.7;4917442.03;36.4;1572;5
1497555.04;4917447.98;37.66;1573;5
1497560.39;4917453.94;42.12;1574;5
1497562.92;4917456.76;38.99;1575;5
1497566.32;4917459.24;44.19;1576;5
1497572.78;4917463.95;44.71;1577;5
1497575.26;4917465.76;45.3;1578;5
1497576.34;4917468.14;45.3;1579;5
1497578.58;4917467.58;45.3;1580;5
1497579.2;4917467.43;45.3;1581;5
1497581.27;4917473.86;45.56;1582;5
1497581.78;4917474.18;45.56;1583;5
1497585.75;4917476.64;47.52;1584;5
1497587.95;4917479.14;47.52;1585;5
1497591.97;4917483.7;49.19;1586;5
1497593.56;4917484.77;49.19;1587;5
1497595.97;4917486.4;47.57;1588;5
1497601.06;4917486.58;49.49;1589;5
1497605.44;4917486.74;51.26;1590;5
1497609.05;4917486.67;51.26;1591;5
1497617.05;4917486.53;56.99;1592;5
1497617.22;4917486.53;56.99;1593;5
1497624.89;4917485;63.56;1594;5
1497630.4;4917483.9;75.53;1595;5
1497629.52;4917481.68;71.5;1596;5
1497626.57;4917474.25;75.26;1597;5
1497626.56;4917474.23;75.26;1598;5
1497623.61;4917466.82;74.98;1599;5
1497620.65;4917459.39;75.02;1600;5
1497620.07;4917457.92;75.02;1601;5
1497614.41;4917454.9;71.86;1602;5
1497607.35;4917451.14;66.39;1603;5
1497600.29;4917447.37;64.66;1604;5
1497593.24;4917443.61;64.6;1605;5
1497586.18;4917439.85;64.48;1606;5
1497582.98;4917438.14;63.06;1607;5
1497579.73;4917435.21;60.29;1608;5
1497577.27;4917433;62.61;1609;5
1497575.26;4917428.76;63.94;1610;5
1497571.83;4917421.54;63.39;1611;5
1497568.4;4917414.31;62.8;1612;5
1497564.97;4917407.09;60.26;1613;5
1497563.31;4917403.58;60.47;1614;5
1497562.27;4917399.59;60.66;1615;5
1497560.26;4917391.85;59.73;1616;5
1497558.25;4917384.11;56.5;1617;5
1497556.24;4917376.37;56.43;1618;5
1497554.22;4917368.63;55.19;1619;5
1497552.83;4917363.28;55.61;1620;5
1497550.99;4917362.86;55.61;1621;5
1497550.92;4917362.28;55.61;1622;5
1497550.02;4917354.34;55.84;1623;5
1497549.11;4917346.39;55.64;1624;5
1497548.21;4917338.44;55.66;1625;5
1497547.3;4917330.5;55.79;1626;5
1497547.21;4917329.7;55.94;1627;5
1497545.36;4917322.75;56.09;1628;5
1497543.31;4917315.02;55.83;1629;5
1497542.33;4917311.32;55.82;1630;5
1497542.92;4917307.19;55.78;1631;5
1497544.05;4917299.27;54.9;1632;5
1497545.18;4917291.35;55.37;1633;5
1497545.3;4917290.49;55.37;1634;5
1497542.03;4917284.15;49.79;1635;5
1497538.37;4917277.05;50.52;1636;5
1497538.37;4917277.05;50.52;1637;5
1497534.42;4917272.11;50.85;1638;5
1497533.43;4917270.76;50.85;1639;5
1497528.68;4917264.32;51.35;1640;5
1497523.94;4917257.88;51.81;1641;5
1497520.45;4917253.14;52.28;1642;5
1497518.97;4917251.63;52.13;1643;5
1497513.37;4917245.92;52.78;1644;5
1497511.83;4917244.36;53.2;1645;5
1497506.03;4917244.46;53.03;1646;5
1497498.03;4917244.59;49.35;1647;5
1497490.03;4917244.73;47.08;1648;5
1497486.23;4917244.79;44.82;1649;5
1497485.43;4917248.91;43.21;1650;5
1497483.92;4917256.72;41.5;1651;5
1497483.93;4917256.76;41.5;1652;5
1497485.06;4917264.68;42;1653;5
1497485.56;4917268.22;40.3;1654;5
1497486.93;4917272.42;38.6;1655;5
1497489.41;4917280.03;35.95;1656;5
1497491.89;4917287.63;36.7;1657;5
1497493.89;4917293.76;35.72;1658;5
1497494.15;4917295.29;30.39;1659;5
1497495.51;4917303.17;35.83;1660;5
1497496.35;4917308.02;33.99;1661;5
1497494.54;4917310.51;28.3;1662;5
1497489.84;4917316.98;25.8;1663;5
1497485.14;4917323.46;26.45;1664;5
1497484.29;4917324.63;27.39;1665;5
1497477.93;4917326.18;27.41;1666;5
1497470.16;4917328.06;29.07;1667;5
1497462.39;4917329.95;28.8;1668;5
1497461.7;4917330.12;28.82;1669;5
1497454.83;4917327.67;28.68;1670;5
1497447.3;4917324.99;28.55;1671;5
1497439.76;4917322.3;21.69;1672;5
1497432.23;4917319.62;21.6;1673;5
1497424.7;4917316.93;21.46;1674;5
1497421.89;4917315.93;21.46;1675;5
1497417.06;4917314.59;20.72;1676;5
1497409.35;4917312.44;20.72;1677;5
1497401.64;4917310.3;21.51;1678;5
1497396.54;4917308.88;22.02;1679;5
1497394.84;4917306.79;22.58;1680;5
1497391.84;4917303.09;22.36;1681;5
1497391.39;4917302.54;22.36;1682;5
1497389.97;4917300.44;22.57;1683;5
1497385.49;4917293.82;21.86;1684;5
1497381.01;4917287.19;21.22;1685;5
1497376.53;4917280.57;21.09;1686;5
1497372.06;4917273.94;19.71;1687;5
1497367.58;4917267.32;19.64;1688;5
1497363.1;4917260.69;20.07;1689;5
1497358.62;4917254.06;20.72;1690;5
1497354.14;4917247.44;20.72;1691;5
1497349.66;4917240.81;20.17;1692;5
1497345.18;4917234.19;19.93;1693;5
1497340.7;4917227.56;20.25;1694;5
1497336.22;4917220.94;20.27;1695;5
1497331.74;4917214.31;20.11;1696;5
1497327.26;4917207.68;19.91;1697;5
1497323.03;4917201.43;19.69;1698;5
1497322.75;4917201.08;19.69;1699;5
1497317.84;4917194.77;19.13;1700;5
1497312.92;4917188.46;18.39;1701;5
1497308.01;4917182.15;17.69;1702;5
1497303.09;4917175.84;17.56;1703;5
1497298.17;4917169.53;17.57;1704;5
1497293.26;4917163.22;17.55;1705;5
1497288.34;4917156.92;17.49;1706;5
1497283.42;4917150.61;17.49;1707;5
1497278.51;4917144.3;17.49;1708;5
1497273.59;4917137.99;17.49;1709;5
1497268.67;4917131.68;17.49;1710;5
1497263.76;4917125.37;16.92;1711;5
1497258.84;4917119.06;16.92;1712;5
1497254.66;4917113.7;16.79;1713;5
1497253.81;4917112.85;16.79;1714;5
1497248.16;4917107.2;16.78;1715;5
1497242.51;4917101.54;16.79;1716;5
1497236.85;4917095.88;16.74;1717;5
1497235.34;4917094.37;16.78;1718;5
1497230.74;4917090.74;16.77;1719;5
1497224.45;4917085.79;21.28;1720;5
1497218.17;4917080.85;21.2;1721;5
1497217.08;4917079.99;21.58;1722;5
1497217.23;4917073.38;21.58;1723;5
1497217.4;4917065.38;21.52;1724;5
1497217.58;4917057.39;21.03;1725;5
1497217.75;4917049.39;20.35;1726;5
1497217.93;4917041.39;20.04;1727;5
1497218.07;4917034.99;19.45;1728;5
1497218.03;4917033.4;19.45;1729;5
1497217.82;4917025.4;19.11;1730;5
1497217.61;4917017.41;18.41;1731;5
1497217.41;4917009.41;18.42;1732;5
1497217.2;4917001.42;20.27;1733;5
1497216.99;4916993.42;22.43;1734;5
1497216.96;4916992.15;22.43;1735;5
1497216.35;4916985.45;22.45;1736;5
1497215.63;4916977.48;22.45;1737;5
1497214.91;4916969.52;15.69;1738;5
1497214.19;4916961.55;15.31;1739;5
1497213.47;4916953.59;16.27;1740;5
1497212.75;4916945.62;19.94;1741;5
1497212.02;4916937.66;21.63;1742;5
1497211.3;4916929.69;22.61;1743;5
1497210.58;4916921.73;22.59;1744;5
1497209.86;4916913.76;14.61;1745;5
1497209.78;4916912.82;14.61;1746;5
1497209.85;4916912.84;14.61;1747;5
1497209.23;4916905.89;14.51;1748;5
1497208.52;4916897.92;15.74;1749;5
1497207.87;4916890.75;17.83;1750;5
1497207.28;4916890.22;17.83;1751;5
1497202.8;4916886.16;16.12;1752;5
1497201.42;4916884.77;19.93;1753;5
1497195.78;4916879.1;22.88;1754;5
1497190.15;4916873.43;22.77;1755;5
1497186.45;4916869.71;23.91;1756;5
1497187.45;4916869.14;23.91;1757;5
1497186.45;4916867.88;23.91;1758;5
1497181.49;4916861.62;27.69;1759;5
1497176.52;4916855.35;32.7;1760;5
1497171.56;4916849.08;36.38;1761;5
1497169.31;4916846.24;36.36;1762;5
1497164.93;4916846.25;36.17;1763;5
1497156.93;4916846.26;35.86;1764;5
1497148.93;4916846.27;34.35;1765;5
1497140.93;4916846.28;33.26;1766;5
1497132.93;4916846.29;22.03;1767;5
1497124.94;4916846.3;21.1;1768;5
1497116.94;4916846.31;20.32;1769;5
1497108.94;4916846.32;16.27;1770;5
1497100.94;4916846.33;16.54;1771;5
1497092.94;4916846.34;16.19;1772;5
1497084.95;4916846.35;14.44;1773;5
1497076.95;4916846.36;13.85;1774;5
1497068.95;4916846.37;13.9;1775;5
1497060.95;4916846.38;14.06;1776;5
1497057;4916846.39;15.01;1777;5
1497052.96;4916846.48;16.07;1778;5
1497044.96;4916846.65;17.34;1779;5
1497036.96;4916846.82;18.06;1780;5
1497028.97;4916846.99;18.06;1781;5
1497020.97;4916847.17;30.56;1782;5
1497012.97;4916847.34;30.54;1783;5
1497004.98;4916847.51;30.17;1784;5
1496996.98;4916847.68;29.97;1785;5
1496995.49;4916847.72;29.97;1786;5
1496988.99;4916847.86;29.61;1787;5
1496980.99;4916848.03;29.41;1788;5
1496972.99;4916848.2;29.06;1789;5
1496965;4916848.38;28.92;1790;5
1496957;4916848.55;28.51;1791;5
1496949;4916848.72;28.13;1792;5
1496941.01;4916848.89;27.92;1793;5
1496933.01;4916849.07;27.59;1794;5
1496925.02;4916849.24;27.37;1795;5
1496923.09;4916849.28;27.22;1796;5
1496917.02;4916849.43;26.98;1797;5
1496909.02;4916849.62;26.67;1798;5
1496901.03;4916849.81;26.52;1799;5
1496893.03;4916850.01;13.56;1800;5
1496885.04;4916850.2;13.63;1801;5
1496877.04;4916850.39;13.62;1802;5
1496869.05;4916850.58;14.86;1803;5
1496861.05;4916850.78;13.69;1804;5
1496853.05;4916850.97;14.21;1805;5
1496845.06;4916851.16;24.36;1806;5
1496837.06;4916851.36;22.91;1807;5
1496829.07;4916851.55;23.07;1808;5
1496821.07;4916851.74;22.87;1809;5
1496813.08;4916851.94;23.09;1810;5
1496805.08;4916852.13;22.91;1811;5
1496797.08;4916852.32;22.54;1812;5
1496796.81;4916852.33;22.54;1813;5
1496789.09;4916852.46;22.15;1814;5
1496781.09;4916852.6;22;1815;5
1496773.09;4916852.74;21.52;1816;5
1496765.1;4916852.88;21.33;1817;5
1496757.1;4916853.02;21.05;1818;5
1496749.1;4916853.16;20.64;1819;5
1496741.11;4916853.3;20.42;1820;5
1496733.11;4916853.44;20.03;1821;5
1496725.11;4916853.58;19.81;1822;5
1496717.12;4916853.72;19.35;1823;5
1496709.5;4916853.85;18.81;1824;5
1496709.12;4916853.85;18.81;1825;5
1496701.12;4916853.94;18.64;1826;5
1496693.12;4916854.02;18.19;1827;5
1496685.13;4916854.11;18;1828;5
1496677.13;4916854.19;17.62;1829;5
1496669.13;4916854.27;17.25;1830;5
1496661.13;4916854.36;17.07;1831;5
1496653.14;4916854.44;16.66;1832;5
1496645.14;4916854.53;16.42;1833;5
1496642.81;4916854.55;16.16;1834;5
1496637.82;4916851.86;16;1835;5
1496630.78;4916848.07;15.87;1836;5
1496630.47;4916847.9;15.87;1837;5
1496628.99;4916843.49;15.81;1838;5
1496627.94;4916842.97;15.81;1839;5
1496626.31;4916842.15;15.81;1840;5
1496625.76;4916841.87;15.81;1841;5
1496619.16;4916838.57;15.44;1842;5
1496612.01;4916834.99;15.28;1843;5
1496604.85;4916831.41;14.83;1844;5
1496604.39;4916831.18;14.83;1845;5
1496597.87;4916827.51;14.56;1846;5
1496590.9;4916823.59;14.43;1847;5
1496583.93;4916819.67;14.37;1848;5
1496581.18;4916818.12;14.37;1849;5
1496577.4;4916815.09;14.08;1850;5
1496571.16;4916810.09;13.82;1851;5
1496564.91;4916805.1;12.43;1852;5
1496559.42;4916800.7;12.5;1853;5
1496558.87;4916799.91;13.1;1854;5
1496554.28;4916793.36;12.97;1855;5
1496549.69;4916786.81;13.12;1856;5
1496549.26;4916786.19;13.12;1857;5
1496543.3;4916782.08;12.86;1858;5
1496536.71;4916777.53;12.69;1859;5
1496530.13;4916772.99;12.27;1860;5
1496523.55;4916768.45;11.01;1861;5
1496516.96;4916763.91;11.59;1862;5
1496510.38;4916759.36;11.55;1863;5
1496507.2;4916757.17;11.34;1864;5
1496504.06;4916754.48;11.1;1865;5
1496497.99;4916749.27;11;1866;5
1496491.92;4916744.07;10.5;1867;5
1496485.85;4916738.86;10.33;1868;5
1496479.77;4916733.66;9.77;1869;5
1496476.73;4916731.05;9.77;1870;5
1496474.16;4916728;9.49;1871;5
1496469.01;4916721.88;9.3;1872;5
1496463.86;4916715.76;9.05;1873;5
1496458.71;4916709.64;8.66;1874;5
1496453.56;4916703.52;8.38;1875;5
1496453.52;4916703.48;8.38;1876;5
1496448.51;4916697.32;7.75;1877;5
1496443.46;4916691.12;7.77;1878;5
1496438.41;4916684.92;7.62;1879;5
1496433.36;4916678.72;7.4;1880;5
1496428.31;4916672.51;7.17;1881;5
1496423.26;4916666.31;6.95;1882;5
1496421.61;4916664.29;6.93;1883;5
1496418.75;4916659.72;6.8;1884;5
1496414.51;4916652.93;6.42;1885;5
1496410.28;4916646.15;6.25;1886;5
1496406.04;4916639.37;6.08;1887;5
1496401.8;4916632.59;6.06;1888;5
1496399.85;4916629.47;6.05;1889;5
1496398.08;4916625.53;6.05;1890;5
1496394.8;4916618.23;7.32;1891;5
1496391.52;4916610.94;7.17;1892;5
1496388.24;4916603.64;6.7;1893;5
1496384.96;4916596.35;6.66;1894;5
1496381.68;4916589.05;6.85;1895;5
1496378.4;4916581.76;6.91;1896;5
1496375.12;4916574.47;6.96;1897;5
1496371.84;4916567.17;6.93;1898;5
1496370.82;4916564.91;7.21;1899;5
1496367.66;4916560.39;6.95;1900;5
1496363.08;4916553.83;7.15;1901;5
1496358.5;4916547.27;6.85;1902;5
1496353.92;4916540.72;6.72;1903;5
1496349.34;4916534.16;6.49;1904;5
1496344.76;4916527.6;6.37;1905;5
1496340.18;4916521.05;6.26;1906;5
1496339.77;4916520.46;6.23;1907;5
1496337.46;4916513.55;6.11;1908;5
1496334.93;4916505.97;6.04;1909;5
1496332.4;4916498.38;5.86;1910;5
1496330.82;4916493.65;5.9;1911;5
1496330.02;4916490.74;5.9;1912;5
1496327.92;4916483.03;5.77;1913;5
1496325.82;4916475.31;5.78;1914;5
1496323.71;4916467.6;5.67;1915;5
1496321.61;4916459.88;5.61;1916;5
1496319.5;4916452.16;5.55;1917;5
1496317.4;4916444.45;5.68;1918;5
1496317.12;4916443.43;5.68;1919;5
1496318.12;4916436.56;5.7;1920;5
1496319.28;4916428.64;5.91;1921;5
1496320.43;4916420.73;5.41;1922;5
1496321.58;4916412.82;4.14;1923;5
1496322.74;4916404.9;3.97;1924;5
1496323.89;4916396.99;3.97;1925;5
1496324.7;4916391.42;4.02;1926;5
1496324.68;4916389.05;4.17;1927;5
1496324.6;4916381.05;4.29;1928;5
1496324.52;4916373.05;4.51;1929;5
1496324.44;4916365.05;5.02;1930;5
1496324.37;4916357.06;5.04;1931;5
1496324.29;4916349.06;4.83;1932;5
1496324.21;4916341.06;4.88;1933;5
1496324.13;4916333.06;4.9;1934;5
1496324.05;4916325.07;4.82;1935;5
1496323.98;4916317.07;4.9;1936;5
1496323.9;4916309.07;3.73;1937;5
1496323.89;4916308.34;3.73;1938;5
1496322.92;4916301.14;3.55;1939;5
1496322.24;4916296.18;3.59;1940;5
1496321.84;4916293.21;3.65;1941;5
1496320.77;4916285.29;3.93;1942;5
1496319.69;4916277.36;4.39;1943;5
1496318.88;4916271.37;4.35;1944;5
1496318.24;4916269.53;4.32;1945;5
1496315.71;4916262.32;9.88;1946;5
1496315.56;4916261.99;9.88;1947;5
1496312.17;4916254.75;4.44;1948;5
1496308.78;4916247.5;5.06;1949;5
1496305.39;4916240.26;5;1950;5
1496302.01;4916233.01;4.87;1951;5
1496298.62;4916225.77;4.91;1952;5
1496295.23;4916218.52;4.92;1953;5
1496294.8;4916217.59;4.86;1954;5
1496290.67;4916211.97;5.04;1955;5
1496285.94;4916205.53;4.99;1956;5
1496281.2;4916199.08;4.89;1957;5
1496276.47;4916192.63;4.92;1958;5
1496271.74;4916186.18;6.13;1959;5
1496271.52;4916185.89;6.13;1960;5
1496266.43;4916180.2;11.2;1961;5
1496261.1;4916174.24;11.18;1962;5
1496256.03;4916168.57;10.58;1963;5
1496255.69;4916168.37;10.58;1964;5
1496248.78;4916164.34;5.5;1965;5
1496241.87;4916160.31;5.1;1966;5
1496234.97;4916156.28;4.95;1967;5
1496234.17;4916155.82;4.95;1968;5
1496228.31;4916151.85;4.57;1969;5
1496221.69;4916147.36;9.83;1970;5
1496215.07;4916142.87;9.28;1971;5
1496208.45;4916138.38;8.18;1972;5
1496201.83;4916133.89;6.29;1973;5
1496195.21;4916129.41;6.69;1974;5
1496188.59;4916124.92;5.21;1975;5
1496181.97;4916120.43;7.06;1976;5
1496177.71;4916117.54;14.93;1977;5
1496175.41;4916115.86;14.93;1978;5
1496168.96;4916111.13;14.88;1979;5
1496162.5;4916106.41;14.84;1980;5
1496156.05;4916101.69;14.67;1981;5
1496149.59;4916096.97;13.35;1982;5
1496143.14;4916092.24;13.33;1983;5
1496136.68;4916087.52;13.26;1984;5
1496130.23;4916082.8;13.21;1985;5
1496123.77;4916078.07;12.96;1986;5
1496117.32;4916073.35;12.28;1987;5
1496116.69;4916072.89;12.28;1988;5
1496111.4;4916067.98;11.51;1989;5
1496105.53;4916062.55;10.97;1990;5
1496099.66;4916057.11;10.23;1991;5
1496093.79;4916051.68;10.32;1992;5
1496092.1;4916050.11;10.32;1993;5
1496087.6;4916046.63;9.76;1994;5
1496081.26;4916041.75;7.35;1995;5
1496074.93;4916036.86;6.16;1996;5
1496068.6;4916031.98;5.28;1997;5
1496062.27;4916027.09;5.16;1998;5
1496060.22;4916025.51;5.16;1999;5
1496056.39;4916021.68;6.14;2000;5
1496050.74;4916016.02;5.24;2001;5
1496045.09;4916010.37;5.12;2002;5
1496042;4916007.28;5.28;2003;5
1496039.27;4916004.88;5.42;2004;5
1496033.27;4915999.6;5.53;2005;5
1496027.27;4915994.31;5.6;2006;5
1496021.26;4915989.03;5.68;2007;5
1496019.23;4915987.24;5.67;2008;5
1496015;4915984.06;5.7;2009;5
1496008.6;4915979.26;5.56;2010;5
1496002.21;4915974.46;5.51;2011;5
1496001.02;4915973.57;5.51;2012;5
1495995.32;4915970.42;5.26;2013;5
1495988.32;4915966.55;5.54;2014;5
1495981.32;4915962.67;5.63;2015;5
1495974.32;4915958.8;5.78;2016;5
1495967.32;4915954.93;5.86;2017;5
1495966.41;4915954.43;5.86;2018;5
1495961.49;4915949.51;5.75;2019;5
1495959.12;4915947.14;5.65;2020;5
1495957.4;4915942.83;5.65;2021;5
1495955.48;4915938.03;5.6;2022;5
1495955.48;4915935.2;5.6;2023;5
1495955.48;4915927.2;5.38;2024;5
1495955.48;4915926.18;5.38;2025;5
1495959.35;4915920.37;5.23;2026;5
1495962.77;4915915.25;5.27;2027;5
1495963.9;4915913.8;5.28;2028;5
1495968.8;4915907.48;5.37;2029;5
1495969.14;4915907.05;5.37;2030;5
1495970.95;4915899.82;5.36;2031;5
1495972.89;4915892.06;5.33;2032;5
1495974.83;4915884.3;5.57;2033;5
1495976.76;4915876.54;5.84;2034;5
1495977.34;4915874.24;5.85;2035;5
1495978.2;4915868.68;5.81;2036;5
1495979.43;4915860.78;5.88;2037;5
1495980.66;4915852.88;5.72;2038;5
1495981.89;4915844.97;5.59;2039;5
1495983.11;4915837.07;5.53;2040;5
1495983.71;4915833.23;5.42;2041;5
1495983.57;4915829.12;5.3;2042;5
1495983.48;4915826.66;5.3;2043;5
1495983.28;4915821.13;5.24;2044;5
1495982.99;4915813.13;5.38;2045;5
1495982.8;4915807.72;5.39;2046;5
1495981.79;4915805.34;5.39;2047;5
1495978.67;4915797.98;5.3;2048;5
1495975.55;4915790.62;5.2;2049;5
1495972.43;4915783.25;5.05;2050;5
1495970.05;4915777.65;4.97;2051;5
1495969.68;4915775.77;4.9;2052;5
1495968.11;4915767.93;5.08;2053;5
1495966.54;4915760.09;4.98;2054;5
1495965.21;4915753.43;5.13;2055;5
1495966.04;4915752.55;5.13;2056;5
1495971.54;4915746.75;5.19;2057;5
1495973.98;4915744.18;5.16;2058;5
1495976.32;4915740.38;5.29;2059;5
1495980.51;4915733.57;5.44;2060;5
1495981.19;4915732.46;5.44;2061;5
1495985.68;4915727.49;5.66;2062;5
1495991.04;4915721.56;5.7;2063;5
1495996.4;4915715.63;5.86;2064;5
1495998.31;4915713.52;5.9;2065;5
1496001.55;4915709.51;6.02;2066;5
1494765;4916143.32;3.93;2581;5
1494765;4916151.32;4;2582;5
1494765;4916159.32;3.99;2583;5
1494765;4916167.31;4.03;2584;5
1494765;4916175.31;4.14;2585;5
1494765;4916183.31;4.21;2586;5
1494765;4916191.31;4.17;2587;5
1494765;4916198.64;16.49;2588;5
1494765.45;4916198.15;16.49;2589;5
1494770.88;4916192.28;7.49;2590;5
1494776.31;4916186.41;4.26;2591;5
1494778.99;4916183.52;4.16;2592;5
1494782.09;4916180.9;4.16;2593;5
1494783.49;4916179.72;4.15;2594;5
1494788.2;4916175.74;4.16;2595;5
1494790.71;4916173.61;4.15;2596;5
1494795.17;4916172.12;4.16;2597;5
1494796.12;4916171.8;4.16;2598;5
1494801.07;4916166.85;4.15;2599;5
1494804.23;4916163.69;4.11;2600;5
1494807.2;4916161.78;4.11;2601;5
1494813.92;4916157.45;4.09;2602;5
1494820.65;4916153.13;4.09;2603;5
1494827.38;4916148.8;3.99;2604;5
1494829.46;4916147.46;3.99;2605;5
1494834.3;4916144.8;4.01;2606;5
1494841.3;4916140.94;4.03;2607;5
1494847.48;4916137.54;3.98;2608;5
1494848.26;4916137;3.98;2609;5
1494854.81;4916132.41;3.94;2610;5
1494861.36;4916127.82;4.88;2611;5
1494867.91;4916123.23;6.65;2612;5
1494874.46;4916118.64;8.52;2613;5
1494874.52;4916118.6;8.52;2614;5
1494880.62;4916113.55;16.09;2615;5
1494886.78;4916108.44;13.09;2616;5
1494892.94;4916103.34;9.92;2617;5
1494899.1;4916098.24;6.5;2618;5
1494900.65;4916096.96;8.16;2619;5
1494904.08;4916092.05;3.8;2620;5
1494908.67;4916085.5;3.79;2621;5
1494913.26;4916078.95;3.69;2622;5
1494913.27;4916078.93;3.69;2623;5
1494915;4916071.14;3.79;2624;5
1494915.07;4916070.82;3.79;2625;5
1494915.76;4916063.19;3.78;2626;5
1494915.97;4916060.9;3.78;2627;5
1494916.99;4916055.29;3.8;2628;5
1494917.78;4916050.98;3.79;2629;5
1494921.36;4916050.47;3.99;2630;5
1494924.08;4916050.08;3.99;2631;5
1494929.33;4916050.08;4.15;2632;5
1494934.9;4916050.08;4.41;2633;5
1494937.33;4916050.18;4.58;2634;5
1494945.32;4916050.53;4.8;2635;5
1494953.31;4916050.88;4.94;2636;5
1494955.63;4916050.98;5.02;2637;5
1494961.21;4916051.99;5.1;2638;5
1494965.54;4916052.78;5.2;2639;5
1494968.66;4916054.57;5.2;2640;5
1494971.85;4916056.39;5.3;2641;5
1494974.25;4916059.99;5.3;2642;5
1494977.25;4916064.5;5.95;2643;5
1494979.32;4916066.05;7.15;2644;5
1494980.86;4916067.21;6.54;2645;5
1494986.89;4916067.88;6.19;2646;5
1494988.97;4916068.11;6.19;2647;5
1494994.88;4916068.11;6.1;2648;5
1495002.87;4916068.11;6.08;2649;5
1495010.87;4916068.11;6.07;2650;5
1495018.71;4916068.11;6.05;2651;5
1495018.87;4916068.08;6.05;2652;5
1495026.69;4916066.4;5.91;2653;5
1495031.33;4916065.41;5.92;2654;5
1495034.38;4916064.28;5.4;2655;5
1495041.88;4916061.51;5.86;2656;5
1495048.45;4916059.09;5.25;2657;5
1495049.43;4916058.88;5.25;2658;5
1495057.25;4916057.24;5.35;2659;5
1495065.08;4916055.59;5.76;2660;5
1495065.57;4916055.49;5.76;2661;5
1495073;4916054.53;5.22;2662;5
1495080.94;4916053.5;5.43;2663;5
1495088.87;4916052.47;5.43;2664;5
1495096.8;4916051.44;5.5;2665;5
1495104.73;4916050.41;5.37;2666;5
1495112.66;4916049.38;5.33;2667;5
1495114.23;4916049.18;5.33;2668;5
1495120.49;4916047.75;5.38;2669;5
1495128.28;4916045.96;5.34;2670;5
1495136.08;4916044.17;5.35;2671;5
1495143.87;4916042.38;5.31;2672;5
1495151.67;4916040.59;5.24;2673;5
1495157.49;4916039.26;5.23;2674;5
1495159.46;4916038.8;5.23;2675;5
1495167.26;4916037;5.3;2676;5
1495175.05;4916035.21;5.17;2677;5
1495180.92;4916033.85;5.16;2678;5
1495182.77;4916033.16;5.16;2679;5
1495190.25;4916030.35;5.05;2680;5
1495197.74;4916027.53;5.09;2681;5
1495202.55;4916025.73;4.92;2682;5
1495204.99;4916024.24;5.17;2683;5
1495211.82;4916020.07;4.71;2684;5
1495218.64;4916015.9;4.68;2685;5
1495218.77;4916015.82;4.68;2686;5
1495224.55;4916010.51;4.66;2687;5
1495230.45;4916005.11;4.49;2688;5
1495236.34;4915999.7;5.21;2689;5
1495240.4;4915995.98;4.33;2690;5
1495242.54;4915994.7;5.32;2691;5
1495249.39;4915990.58;4.48;2692;5
1495256.25;4915986.46;4.24;2693;5
1495263.11;4915982.35;4.17;2694;5
1495267.44;4915979.75;4.64;2695;5
1495270.08;4915978.43;3.99;2696;5
1495277.23;4915974.85;3.95;2697;5
1495284.38;4915971.27;3.83;2698;5
1495289.06;4915968.93;3.73;2699;5
1495291.59;4915967.81;3.66;2700;5
1495298.91;4915964.58;3.91;2701;5
1495306.22;4915961.35;4.52;2702;5
1495313.54;4915958.12;5.12;2703;5
1495319.71;4915955.4;5.38;2704;5
1495320.87;4915954.93;5.51;2705;5
1495328.3;4915951.96;5.48;2706;5
1495335.73;4915948.99;5.54;2707;5
1495343.15;4915946.02;5.48;2708;5
1495350.58;4915943.05;5.46;2709;5
1495358;4915940.07;5.42;2710;5
1495364.76;4915937.37;5.46;2711;5
1495365.45;4915937.17;5.47;2712;5
1495373.12;4915934.89;5.43;2713;5
1495377.45;4915933.61;5.41;2714;5
1495380.77;4915932.57;5.47;2715;5
1495384.63;4915931.37;5.47;2716;5
1495388.45;4915930.34;5.45;2717;5
1495389.08;4915930.17;5.45;2718;5
1495389.1;4915930.16;5.45;2719;5
1495389.08;4915930.17;5.45;2720;5
1495394.68;4915934.86;5.49;2721;5
1495399.64;4915939.02;5.44;2722;5
1495400.91;4915939.86;5.49;2723;5
1495407.56;4915944.3;5.38;2724;5
1495414.21;4915948.74;4.28;2725;5
1495420.87;4915953.18;4.24;2726;5
1495427.52;4915957.62;4.24;2727;5
1495434.17;4915962.06;4.3;2728;5
1495440.83;4915966.49;4.29;2729;5
1495441.75;4915967.11;4.29;2730;5
1495446.87;4915971.72;4.34;2731;5
1495452.81;4915977.07;4.36;2732;5
1495457.35;4915981.16;4.33;2733;5
1495458.74;4915982.44;4.33;2734;5
1495464.6;4915987.88;18.01;2735;5
1495470.47;4915993.32;4.42;2736;5
1495476.33;4915998.75;17.58;2737;5
1495478.4;4916000.67;17.33;2738;5
1495481.7;4916004.66;9.49;2739;5
1495486.79;4916010.83;17.05;2740;5
1495491.89;4916017;16.9;2741;5
1495493.22;4916018.61;16.9;2742;5
1495496.55;4916023.48;16.73;2743;5
1495501.07;4916030.09;16.42;2744;5
1495503.36;4916033.44;16.42;2745;5
1495504.81;4916037.1;16.42;2746;5
1495507.76;4916044.53;16.16;2747;5
1495510.71;4916051.97;15.89;2748;5
1495513.66;4916059.4;15.83;2749;5
1495516.61;4916066.83;15.48;2750;5
1495519.57;4916074.27;15.41;2751;5
1495522.52;4916081.7;15.14;2752;5
1495524.42;4916086.5;15.1;2753;5
1495525.09;4916089.26;14.94;2754;5
1495526.96;4916097.03;14.7;2755;5
1495528.84;4916104.81;14.58;2756;5
1495529.88;4916109.13;14.39;2757;5
1495531;4916112.5;14.26;2758;5
1495533.53;4916120.09;13.94;2759;5
1495536.06;4916127.67;13.87;2760;5
1495536.9;4916130.2;13.67;2761;5
1495538.79;4916135.19;13.62;2762;5
1495541.63;4916142.67;13.4;2763;5
1495544.46;4916150.15;13.28;2764;5
1495545.48;4916152.83;13.13;2765;5
1495546.72;4916157.81;12.88;2766;5
1495548.66;4916165.57;12.86;2767;5
1495550.6;4916173.33;12.63;2768;5
1495552.54;4916181.09;12.56;2769;5
1495554.47;4916188.85;13.23;2770;5
1495556.39;4916196.52;11.99;2771;5
1495556.41;4916196.6;11.99;2772;5
1495558.52;4916204.32;12.02;2773;5
1495560.62;4916212.04;12.2;2774;5
1495562.45;4916218.77;12.99;2775;5
1495562.94;4916219.67;12.99;2776;5
1495566.77;4916226.69;10.81;2777;5
1495570.6;4916233.71;10.79;2778;5
1495571.44;4916235.25;10.47;2779;5
1495573.96;4916240.96;10.25;2780;5
1495577.19;4916248.28;10.23;2781;5
1495580.41;4916255.6;10.2;2782;5
1495583.64;4916262.92;10.27;2783;5
1495586.87;4916270.23;11.22;2784;5
1495587.06;4916270.67;11.22;2785;5
1495590.52;4916277.35;9.55;2786;5
1495594.2;4916284.45;9.64;2787;5
1495597.87;4916291.56;10.01;2788;5
1495601.55;4916298.66;9.02;2789;5
1495605.23;4916305.76;8.77;2790;5
1495608.9;4916312.86;8.62;2791;5
1495612.58;4916319.97;8.37;2792;5
1495616.26;4916327.07;8.07;2793;5
1495617.26;4916329.01;8.07;2794;5
1495619;4916334.56;7.99;2795;5
1495621.4;4916342.19;7.68;2796;5
1495623.79;4916349.82;7.59;2797;5
1495626.19;4916357.45;7.21;2798;5
1495628.59;4916365.08;6.93;2799;5
1495628.71;4916365.47;6.93;2800;5
1495630.36;4916372.88;6.95;2801;5
1495632.09;4916380.68;4.64;2802;5
1495632.88;4916384.22;4.64;2803;5
1495631.93;4916388.49;4.63;2804;5
1495630.2;4916396.3;4.61;2805;5
1495630.19;4916396.32;4.61;2806;5
1495628.46;4916404.11;4.56;2807;5
1495626.73;4916411.91;4.75;2808;5
1495626.63;4916412.35;4.75;2809;5
1495624.3;4916419.53;4.74;2810;5
1495621.83;4916427.14;4.71;2811;5
1495620.38;4916431.62;4.71;2812;5
1495619.89;4916432.21;4.69;2813;5
1495617.84;4916433.68;4.69;2814;5
1495611.34;4916438.35;4.69;2815;5
1495604.85;4916443.01;6.58;2816;5
1495598.35;4916447.68;7.03;2817;5
1495595.46;4916449.75;7.03;2818;5
1495591.51;4916451.78;7.49;2819;5
1495584.39;4916455.43;7.53;2820;5
1495577.28;4916459.08;7.62;2821;5
1495570.16;4916462.73;7.52;2822;5
1495563.04;4916466.38;7.49;2823;5
1495555.93;4916470.03;7.65;2824;5
1495551.96;4916472.06;7.64;2825;5
1495548.63;4916473.27;7.59;2826;5
1495541.11;4916476;7.71;2827;5
1495533.59;4916478.72;7.7;2828;5
1495526.07;4916481.45;7.84;2829;5
1495518.55;4916484.17;7.91;2830;5
1495511.03;4916486.9;7.92;2831;5
1495503.52;4916489.62;7.92;2832;5
1495501.31;4916490.42;8.01;2833;5
1495495.87;4916491.97;7.99;2834;5
1495488.18;4916494.16;8.03;2835;5
1495480.49;4916496.35;8.01;2836;5
1495472.8;4916498.54;8.09;2837;5
1495465.1;4916500.73;8.2;2838;5
1495461.25;4916501.83;8.27;2839;5
1495457.54;4916503.3;8.23;2840;5
1495450.11;4916506.25;8.23;2841;5
1495442.67;4916509.19;8.74;2842;5
1495435.24;4916512.14;8.68;2843;5
1495427.8;4916515.09;8.9;2844;5
1495426.34;4916515.67;8.9;2845;5
1495420.71;4916518.77;8.92;2846;5
1495413.7;4916522.62;9.09;2847;5
1495412.84;4916523.09;9.09;2848;5
1495406.35;4916525.75;9.15;2849;5
1495398.95;4916528.79;9.15;2850;5
1495394.84;4916530.47;9.21;2851;5
1495391.91;4916532.49;9.21;2852;5
1495385.32;4916537.02;9.2;2853;5
1495378.72;4916541.55;9.42;2854;5
1495375.2;4916543.97;9.42;2855;5
1495376.63;4916547.41;9.57;2856;5
1495379.69;4916554.8;9.67;2857;5
1495382.75;4916562.19;9.71;2858;5
1495385.81;4916569.57;9.6;2859;5
1495388.87;4916576.96;9.49;2860;5
1495391.94;4916584.35;9.45;2861;5
1495395;4916591.74;9.39;2862;5
1495395.76;4916593.58;9.39;2863;5
1495397.06;4916599.45;9.33;2864;5
1495398.78;4916607.26;9.29;2865;5
1495400.5;4916615.07;9.15;2866;5
1495402.23;4916622.88;9.04;2867;5
1495403.95;4916630.69;8.94;2868;5
1495405.68;4916638.5;9.12;2869;5
1495407.4;4916646.31;8.72;2870;5
1495409.12;4916654.12;8.69;2871;5
1495410.85;4916661.93;8.49;2872;5
1495412.57;4916669.74;8.55;2873;5
1495414.3;4916677.55;8.49;2874;5
1495416.02;4916685.36;8.47;2875;5
1495417.74;4916693.17;8.38;2876;5
1495419.47;4916700.98;8.3;2877;5
1495421.19;4916708.79;8.24;2878;5
1495422.91;4916716.6;8.1;2879;5
1495424.19;4916722.36;8.03;2880;5
1495424.67;4916724.4;8.03;2881;5
1495426.53;4916732.18;7.97;2882;5
1495428.38;4916739.96;7.87;2883;5
1495430.23;4916747.74;7.86;2884;5
1495432.09;4916755.52;7.78;2885;5
1495433.94;4916763.3;7.7;2886;5
1495435.79;4916771.08;7.15;2887;5
1495437.65;4916778.86;7.59;2888;5
1495439.5;4916786.64;7.52;2889;5
1495441.35;4916794.42;6.73;2890;5
1495443.21;4916802.2;7.31;2891;5
1495445.06;4916809.98;6.19;2892;5
1495446.91;4916817.76;6.92;2893;5
1495448.77;4916825.54;7.17;2894;5
1495450.62;4916833.32;7.12;2895;5
1495452.47;4916841.1;7.1;2896;5
1495454.33;4916848.88;7.04;2897;5
1495456.18;4916856.67;6.97;2898;5
1495458.03;4916864.45;6.83;2899;5
1495459.89;4916872.23;6.8;2900;5
1495461.74;4916880.01;6.8;2901;5
1495463.59;4916887.79;6.51;2902;5
1495465.45;4916895.57;6.44;2903;5
1495467.3;4916903.35;6.57;2904;5
1495469.15;4916911.13;6.5;2905;5
1495471.01;4916918.91;6.54;2906;5
1495472.6;4916925.6;6.54;2907;5
1495472.78;4916926.7;6.54;2908;5
1495474.06;4916934.6;6.58;2909;5
1495475.34;4916942.49;6.56;2910;5
1495476.62;4916950.39;6.66;2911;5
1495477.9;4916958.28;6.65;2912;5
1495479.18;4916966.18;6.62;2913;5
1495479.42;4916967.69;6.62;2914;5
1495480.91;4916973.98;6.77;2915;5
1495482.76;4916981.77;6.78;2916;5
1495484.61;4916989.55;6.78;2917;5
1495485.88;4916994.94;6.8;2918;5
1495486.73;4916997.25;6.96;2919;5
1495489.46;4917004.76;7.18;2920;5
1495492.2;4917012.28;7.31;2921;5
1495494.94;4917019.79;7.33;2922;5
1495495.32;4917020.83;7.19;2923;5
1495498.41;4917026.99;7.17;2924;5
1495501.84;4917033.84;7.26;2925;5
1495501.99;4917034.14;7.26;2926;5
1495505.45;4917041.03;7.23;2927;5
1495505.62;4917041.26;7.23;2928;5
1495510.51;4917047.6;7.19;2929;5
1495515.39;4917053.93;7.02;2930;5
1495519.92;4917059.81;6.89;2931;5
1495520.33;4917060.22;6.96;2932;5
1495525.96;4917065.9;6.95;2933;5
1495531.59;4917071.58;7.02;2934;5
1495535.74;4917075.77;7.18;2935;5
1495537.79;4917076.22;7.18;2936;5
1495545.6;4917077.95;7.25;2937;5
1495553.41;4917079.67;7.4;2938;5
1495561.22;4917081.39;7.65;2939;5
1495569.03;4917083.12;7.53;2940;5
1495576.84;4917084.84;7.43;2941;5
1495582.13;4917086.01;7.49;2942;5
1495584.71;4917086.15;7.49;2943;5
1495592.69;4917086.61;7.41;2944;5
1495600.68;4917087.06;7.38;2945;5
1495608.66;4917087.51;7.69;2946;5
1495616.65;4917087.96;8.17;2947;5
1495624.63;4917088.41;8.19;2948;5
1495632.62;4917088.86;8.18;2949;5
1495640.6;4917089.31;8.27;2950;5
1495648.59;4917089.76;8.35;2951;5
1495652.72;4917089.99;8.37;2952;5
1495656.44;4917091.03;8.42;2953;5
1495664.15;4917093.17;8.36;2954;5
1495671.85;4917095.31;8.35;2955;5
1495678.22;4917097.08;8.3;2956;5
1495679.31;4917097.94;8.3;2957;5
1495685.59;4917102.89;8.17;2958;5
1495685.89;4917103.13;8.17;2959;5
1495682.31;4917109.85;8.3;2960;5
1495678.55;4917116.91;8.58;2961;5
1495674.79;4917123.97;8.72;2962;5
1495671.03;4917131.03;8.74;2963;5
1495667.27;4917138.08;8.93;2964;5
1495663.5;4917145.14;9.04;2965;5
1495661.82;4917148.31;9.04;2966;5
1495660.05;4917152.35;9.14;2967;5
1495656.85;4917159.68;9.33;2968;5
1495653.64;4917167.01;9.79;2969;5
1495650.44;4917174.33;9.92;2970;5
1495647.23;4917181.66;10.31;2971;5
1495644.03;4917188.99;10.7;2972;5
1495640.82;4917196.32;10.9;2973;5
1495637.87;4917203.08;11.01;2974;5
1495637.56;4917203.62;11.01;2975;5
1495633.62;4917210.58;11.47;2976;5
1495629.68;4917217.54;11.75;2977;5
1495625.74;4917224.5;11.88;2978;5
1495621.8;4917231.46;12.24;2979;5
1495618.35;4917237.55;12.45;2980;5
1495617.88;4917238.43;12.45;2981;5
1495614.12;4917245.49;12.72;2982;5
1495610.35;4917252.54;12.88;2983;5
1495606.58;4917259.6;13.17;2984;5
1495602.82;4917266.65;13.32;2985;5
1495599.05;4917273.71;13.06;2986;5
1495595.29;4917280.77;13.44;2987;5
1495591.52;4917287.82;13.42;2988;5
1495587.76;4917294.88;13.53;2989;5
1495584.15;4917301.64;13.88;2990;5
1495583.84;4917301.77;13.88;2991;5
1495576.51;4917304.97;13.96;2992;5
1495569.18;4917308.17;14.27;2993;5
1495565;4917310;14.27;2994;5
1495561.57;4917309.94;14.4;2995;5
1495553.57;4917309.8;14.5;2996;5
1495553.4;4917309.8;14.5;2997;5
1495545.69;4917308.44;14.6;2998;5
1495539.86;4917307.42;14.6;2999;5
1495537.83;4917307.87;14.6;3000;5
1495530.02;4917309.6;14.72;3001;5
1495522.92;4917311.18;14.29;3002;5
1495522.77;4917310.47;14.29;3003;5
1495522.58;4917309.58;14;3004;5
1495515.91;4917308.97;13.79;3005;5
1495515.82;4917308.59;13.79;3006;5
1495513.97;4917300.81;14.21;3007;5
1495513.24;4917297.73;13.98;3008;5
1495512.76;4917292.92;13.85;3009;5
1495511.97;4917284.96;14.16;3010;5
1495511.17;4917277.01;14.26;3011;5
1495510.84;4917273.65;14.23;3012;5
1495509.99;4917269.1;13.61;3013;5
1495508.51;4917261.24;13.04;3014;5
1495507.03;4917253.38;12.82;3015;5
1495505.55;4917245.52;12.65;3016;5
1495505.24;4917243.88;12.45;3017;5
1495499.2;4917245.75;14.36;3018;5
1495491.56;4917248.12;14.45;3019;5
1495483.92;4917250.49;14.45;3020;5
1495476.28;4917252.86;14.69;3021;5
1495468.64;4917255.22;14.77;3022;5
1495461;4917257.59;14.75;3023;5
1495453.36;4917259.96;14.83;3024;5
1495445.72;4917262.33;14.81;3025;5
1495438.08;4917264.69;14.98;3026;5
1495430.44;4917267.06;14.93;3027;5
1495422.8;4917269.43;15.49;3028;5
1495417.87;4917270.96;16.09;3029;5
1495416.56;4917268.45;16.03;3030;5
1495412.85;4917261.36;16.13;3031;5
1495409.15;4917254.27;16.19;3032;5
1495408.43;4917252.9;16.19;3033;5
1495407.21;4917246.57;15.65;3034;5
1495405.7;4917238.71;14.3;3035;5
1495404.19;4917230.86;13.47;3036;5
1495402.67;4917223.01;13.44;3037;5
1495401.16;4917215.15;13.43;3038;5
1495400.02;4917209.23;12.62;3039;5
1495398.05;4917209.29;14.64;3040;5
1495390.06;4917209.54;14.86;3041;5
1495382.07;4917209.79;14.8;3042;5
1495374.07;4917210.04;19.88;3043;5
1495372;4917210.11;19.88;3044;5
1495371.56;4917204.2;17.78;3045;5
1495371.12;4917198.2;16.61;3046;5
1495369.15;4917198.36;22.77;3047;5
1495363;4917198.87;23.05;3048;5
1495361.25;4917199.4;23.05;3049;5
1495353.59;4917201.7;24.31;3050;5
1495345.93;4917204.01;24.56;3051;5
1495343.29;4917204.8;24.68;3052;5
1495338.1;4917205.51;25.91;3053;5
1495330.17;4917206.6;26.27;3054;5
1495327.96;4917206.9;31.83;3055;5
1495329.52;4917201.35;31.91;3056;5
1495329.73;4917200.62;31.91;3057;5
1495335.46;4917196.19;26.9;3058;5
1495341.79;4917191.3;26.96;3059;5
1495343.37;4917190.08;26.96;3060;5
1495345.02;4917184.31;31.43;3061;5
1495346.68;4917178.5;27.35;3062;5
1495344.85;4917177.81;28.36;3063;5
1495337.37;4917175;28.59;3064;5
1495336.99;4917174.86;28.59;3065;5
1495338.06;4917167.34;28.58;3066;5
1495339;4917160.69;29.35;3067;5
1495338.95;4917159.41;29.22;3068;5
1495338.69;4917151.41;27.35;3069;5
1495338.64;4917150.06;27.35;3070;5
1495334.74;4917144.68;25.79;3071;5
1495330.05;4917138.2;19.51;3072;5
1495329.9;4917137.99;23.64;3073;5
1495327.81;4917130.54;20.95;3074;5
1495325.65;4917122.84;16.52;3075;5
1495323.48;4917115.14;16.38;3076;5
1495322.24;4917110.71;17.35;3077;5
1495319.61;4917108.56;19.33;3078;5
1495316.8;4917106.25;19.33;3079;5
1495313.67;4917103.21;18.58;3080;5
1495307.93;4917097.64;17.89;3081;5
1495302.19;4917092.07;17.83;3082;5
1495296.45;4917086.5;17.77;3083;5
1495295.18;4917085.27;17.77;3084;5
1495289.91;4917081.95;25.63;3085;5
1495283.15;4917077.68;26.13;3086;5
1495281.98;4917076.94;26.13;3087;5
1495281.42;4917083.53;26.03;3088;5
1495280.75;4917091.5;24.45;3089;5
1495280.07;4917099.47;24.08;3090;5
1495279.4;4917107.44;27.02;3091;5
1495278.72;4917115.41;26.06;3092;5
1495278.24;4917121.1;29.74;3093;5
1495275.96;4917121.26;29.74;3094;5
1495269.13;4917121.75;30.06;3095;5
1495267.99;4917121.59;30.06;3096;5
1495260.07;4917120.5;30.28;3097;5
1495252.14;4917119.4;31.21;3098;5
1495244.22;4917118.3;33.29;3099;5
1495239.06;4917117.59;39;3100;5
1495236.27;4917117.56;39;3101;5
1495228.28;4917117.46;38.69;3102;5
1495227.45;4917117.45;38.69;3103;5
1495220.39;4917118.7;38.72;3104;5
1495212.51;4917120.1;38.67;3105;5
1495209.61;4917120.61;31.86;3106;5
1495209.9;4917125.65;31.62;3107;5
1495210.37;4917133.64;38.94;3108;5
1495210.7;4917139.3;38.97;3109;5
1495211.01;4917141.6;38.96;3110;5
1495211.66;4917146.48;38.97;3111;5
1495211.42;4917149.55;38.97;3112;5
1495210.79;4917157.52;39.11;3113;5
1495210.15;4917165.5;39.33;3114;5
1495209.52;4917173.47;38.43;3115;5
1495209.16;4917177.99;38.72;3116;5
1495208.91;4917181.44;39.19;3117;5
1495208.33;4917189.42;39.63;3118;5
1495207.75;4917197.4;39.81;3119;5
1495207.17;4917205.37;39.88;3120;5
1495206.59;4917213.35;39.93;3121;5
1495206.01;4917221.33;40.2;3122;5
1495205.43;4917229.3;40.23;3123;5
1495205.3;4917231.08;40.27;3124;5
1495204.77;4917237.28;40.55;3125;5
1495204.08;4917245.24;40.66;3126;5
1495203.4;4917253.21;40.79;3127;5
1495202.72;4917261.18;40.81;3128;5
1495202.04;4917269.15;40.85;3129;5
1495201.35;4917277.12;40.84;3130;5
1495201.09;4917280.21;40.87;3131;5
1495200.11;4917285.01;40.91;3132;5
1495198.51;4917292.84;41.13;3133;5
1495197.47;4917297.95;41.05;3134;5
1495196.21;4917300.44;40.9;3135;5
1495192.61;4917307.58;40.74;3136;5
1495190.86;4917311.05;40.47;3137;5
1495187.55;4917313.48;40.05;3138;5
1495181.1;4917318.21;39.62;3139;5
1495176.68;4917321.45;39.23;3140;5
1495175.25;4917323.53;39.23;3141;5
1495170.71;4917330.11;38.23;3142;5
1495166.18;4917336.7;37.63;3143;5
1495166.13;4917336.76;37.63;3144;5
1495162.25;4917343.67;36.93;3145;5
1495162.22;4917343.71;36.93;3146;5
1495159.04;4917350.99;36.09;3147;5
1495155.83;4917358.32;35.99;3148;5
1495152.63;4917365.65;35.5;3149;5
1495152.1;4917366.85;35.5;3150;5
1495151;4917373.44;36.04;3151;5
1495150.21;4917378.2;36.04;3152;5
1495149.64;4917381.32;34.46;3153;5
1495148.19;4917389.19;34.24;3154;5
1495147.89;4917390.85;34.41;3155;5
1495146.28;4917396.95;34.66;3156;5
1495146;4917398.02;34.66;3157;5
1495142.52;4917403.97;33.48;3158;5
1495138.53;4917410.78;33.04;3159;5
1495138.43;4917410.81;33.04;3160;5
1495130.76;4917413.08;32.9;3161;5
1495123.68;4917415.18;32.59;3162;5
1495123.14;4917415.48;32.59;3163;5
1495116.2;4917419.45;32.44;3164;5
1495109.26;4917423.42;31.94;3165;5
1495109;4917423.57;31.94;3166;5
1495102.51;4917427.71;32;3167;5
1495095.76;4917432.01;31.84;3168;5
1495092.32;4917434.2;31.8;3169;5
1495089.82;4917437.21;31.79;3170;5
1495084.7;4917443.36;31.87;3171;5
1495079.59;4917449.51;31.95;3172;5
1495074.48;4917455.66;31.98;3173;5
1495073.82;4917456.45;31.98;3174;5
1495068.97;4917461.46;32.23;3175;5
1495063.41;4917467.21;32.71;3176;5
1495057.84;4917472.95;32.91;3177;5
1495052.28;4917478.7;31.17;3178;5
1495050.36;4917480.68;37.32;3179;5
1495047.1;4917484.78;37.85;3180;5
1495042.11;4917491.03;39.21;3181;5
1495037.13;4917497.29;40.36;3182;5
1495032.15;4917503.55;41.34;3183;5
1495027.16;4917509.8;41.47;3184;5
1495026.15;4917511.07;41.52;3185;5
1495019.86;4917510.01;40.77;3186;5
1495011.98;4917508.68;40.86;3187;5
1495008.19;4917508.05;41.15;3188;5
1495006.73;4917507.8;41.15;3189;5
1495004.09;4917507.36;41.55;3190;5
1494996.2;4917506.03;41.97;3191;5
1494991.23;4917505.19;42.09;3192;5
1494988.33;4917505.75;43.02;3193;5
1494983.9;4917506.61;45.45;3194;5
1494980.95;4917508.47;45.45;3195;5
1494974.17;4917512.72;46.47;3196;5
1494967.4;4917516.98;46.48;3197;5
1494966.63;4917517.46;46.48;3198;5
1494961;4917521;46.43;3199;5
1494960.77;4917521.37;46.43;3200;5
1494956.48;4917528.12;46.42;3201;5
1494952.19;4917534.87;46.47;3202;5
1494947.9;4917541.62;47.08;3203;5
1494943.61;4917548.37;47.09;3204;5
1494941.17;4917552.22;51.79;3205;5
1494938.63;4917554.54;56.06;3206;5
1494932.71;4917559.92;55.96;3207;5
1494926.8;4917565.31;55.97;3208;5
1494920.89;4917570.7;55.86;3209;5
1494914.98;4917576.09;55.97;3210;5
1494911.54;4917579.22;55.97;3211;5
1494909.48;4917581.86;49.36;3212;5
1494904.57;4917588.17;45.53;3213;5
1494904.42;4917588.35;45.53;3214;5
1494899.85;4917589.05;45.51;3215;5
1494899.3;4917592.14;45.34;3216;5
1494897.99;4917599.55;44.99;3217;5
1494898.2;4917599.97;44.99;3218;5
1494901.83;4917607.1;42.63;3219;5
1494905.45;4917614.23;38.18;3220;5
1494905.63;4917614.59;38.18;3221;5
1494912.43;4917617.98;36.93;3222;5
1494919.59;4917621.54;37.96;3223;5
1494923.79;4917623.63;38.8;3224;5
1494924.94;4917624.21;38.8;3225;5
1494926.83;4917624.92;41.37;3226;5
1494934.32;4917627.74;40.87;3227;5
1494941.8;4917630.56;42.99;3228;5
1494949.29;4917633.38;46.52;3229;5
1494956.77;4917636.2;46.22;3230;5
1494961.04;4917637.81;51.55;3231;5
1494964.28;4917638.96;51.55;3232;5
1494971.81;4917641.64;50.93;3233;5
1494976.48;4917643.3;55.42;3234;5
1494979.35;4917644.32;55.42;3235;5
1494986.89;4917646.99;57.88;3236;5
1494991.67;4917648.69;56.49;3237;5
1494992.39;4917648.95;56.49;3238;5
1494994.54;4917649.03;56.49;3239;5
1495001.83;4917649.32;54.91;3240;5
1495002.49;4917649.05;54.91;3241;5
1495004.5;4917648.24;54.91;3242;5
1495007.65;4917643.34;55.1;3243;5
1495011.97;4917636.61;53.52;3244;5
1495016.29;4917629.87;53.39;3245;5
1495020.6;4917623.14;51.06;3246;5
1495024.92;4917616.41;50.3;3247;5
1495029.24;4917609.68;49.06;3248;5
1495033.56;4917602.95;47.81;3249;5
1495037.88;4917596.22;46.97;3250;5
1495042.2;4917589.49;45.69;3251;5
1495046.52;4917582.76;44.91;3252;5
1495049.83;4917577.6;44.93;3253;5
1495050.93;4917576.09;44.15;3254;5
1495055.64;4917569.62;42.85;3255;5
1495060.35;4917563.15;42.08;3256;5
1495062.82;4917559.76;41.88;3257;5
1495065.05;4917556.69;41.34;3258;5
1495068.59;4917551.83;41;3259;5
1495070.21;4917550.67;40.69;3260;5
1495072.53;4917549.01;40.36;3261;5
1495076.71;4917546.02;40.06;3262;5
1495083.22;4917541.36;39.66;3263;5
1495084.48;4917540.46;39.66;3264;5
1495090.23;4917543.38;39.6;3265;5
1495097.36;4917547;39.88;3266;5
1495104.49;4917550.63;39.75;3267;5
1495111.61;4917554.25;39.42;3268;5
1495118.74;4917557.87;39.81;3269;5
1495125.87;4917561.5;40.03;3270;5
1495133;4917565.12;39.67;3271;5
1495140.13;4917568.75;39.85;3272;5
1495143.21;4917570.31;39.64;3273;5
1495147.39;4917572.1;39.68;3274;5
1495154.74;4917575.26;40.27;3275;5
1495157.46;4917576.43;40.54;3276;5
1495162.15;4917578.27;40.61;3277;5
1495169.59;4917581.2;41.1;3278;5
1495171.35;4917581.9;41.24;3279;5
1495177.39;4917580.99;41.36;3280;5
1495185.29;4917579.79;41.2;3281;5
1495193.2;4917578.6;41.7;3282;5
1495201.11;4917577.41;42.43;3283;5
1495209.02;4917576.21;42.91;3284;5
1495216.93;4917575.02;46.78;3285;5
1495218.9;4917574.72;47.47;3286;5
1495224.65;4917572.99;48.62;3287;5
1495232.31;4917570.68;49.05;3288;5
1495239.97;4917568.38;48.52;3289;5
1495247.62;4917566.07;49.28;3290;5
1495254.83;4917563.9;45.71;3291;5
1495255.28;4917563.74;43.62;3292;5
1495262.82;4917561.09;43.65;3293;5
1495270.37;4917558.44;44.05;3294;5
1495277.69;4917555.87;44.31;3295;5
1495277.91;4917555.78;44.31;3296;5
1495285.39;4917552.95;43.84;3297;5
1495292.87;4917550.11;44.13;3298;5
1495298.25;4917548.06;44.25;3299;5
1495299.95;4917546.6;44.25;3300;5
1495306.01;4917541.39;42.08;3301;5
1495312.07;4917536.17;42.09;3302;5
1495318.14;4917530.95;41.98;3303;5
1495324.2;4917525.74;46.7;3304;5
1495330.26;4917520.52;47.23;3305;5
1495331.45;4917519.5;46.98;3306;5
1495336.33;4917515.31;47.65;3307;5
1495336.7;4917514.99;47.98;3308;5
1495338.28;4917512.21;47.98;3309;5
1495339.77;4917509.61;48.16;3310;5
1495338.79;4917508.74;48.16;3311;5
1495336.46;4917506.7;48.16;3312;5
1495334.34;4917502.28;42.43;3313;5
1495331.68;4917496.73;46.39;3314;5
1495329.84;4917496.63;42.17;3315;5
1495321.85;4917496.2;41.69;3316;5
1495313.87;4917495.77;40.12;3317;5
1495311.17;4917495.63;40.12;3318;5
1495305.88;4917495.42;39.3;3319;5
1495297.88;4917495.1;38.96;3320;5
1495289.89;4917494.78;37.34;3321;5
1495288.19;4917494.71;37.34;3322;5
1495281.9;4917494.71;35.79;3323;5
1495273.9;4917494.72;35.59;3324;5
1495272.67;4917494.72;35.59;3325;5
1495266.4;4917492.16;35.48;3326;5
1495259;4917489.14;35.41;3327;5
1495255.18;4917487.58;35.41;3328;5
1495251.81;4917485.67;36.14;3329;5
1495244.85;4917481.73;35.33;3330;5
1495237.89;4917477.79;35.32;3331;5
1495230.93;4917473.85;35.28;3332;5
1495228.51;4917472.48;35.26;3333;5
1495224.94;4917468.67;34.61;3334;5
1495219.47;4917462.83;33.82;3335;5
1495214;4917457;33.1;3336;5
1495212.98;4917455.91;33.1;3337;5
1495208.22;4917451.48;33.12;3338;5
1495202.37;4917446.03;33.27;3339;5
1495198.9;4917442.8;33.08;3340;5
1495197.54;4917439.84;33.18;3341;5
1495194.2;4917432.57;33.06;3342;5
1495191.81;4917427.38;36.36;3343;5
1495194.03;4917426.85;36.36;3344;5
1495201.81;4917424.98;41.07;3345;5
1495209.59;4917423.11;41.33;3346;5
1495215.44;4917421.7;33.06;3347;5
1495217.31;4917421.04;33.06;3348;5
1495224.85;4917418.38;41.95;3349;5
1495231.52;4917416.03;33.06;3350;5
1495232.35;4917415.62;33.06;3351;5
1495239.5;4917412.03;42.02;3352;5
1495242.86;4917410.35;39.57;3353;5
1495247.05;4917409.75;42.03;3354;5
1495254.97;4917408.62;42.03;3355;5
1495262.89;4917407.49;33.1;3356;5
1495269.33;4917406.57;33;3357;5
1495270.68;4917405.92;33.09;3358;5
1495277.89;4917402.46;33.11;3359;5
1495285.1;4917399;33.09;3360;5
1495292.31;4917395.54;32.93;3361;5
1495292.97;4917395.22;32.93;3362;5
1495299.53;4917392.12;32.87;3363;5
1495306.77;4917388.7;32.47;3364;5
1495314;4917385.28;31.93;3365;5
1495321.23;4917381.87;30.9;3366;5
1495323.38;4917380.85;30.9;3367;5
1495328.31;4917378.15;29.59;3368;5
1495335.32;4917374.31;27.65;3369;5
1495342.34;4917370.47;27.72;3370;5
1495346.2;4917368.36;27.52;3371;5
1495349.37;4917366.66;27.52;3372;5
1495356.41;4917362.87;27.3;3373;5
1495363.46;4917359.08;24.71;3374;5
1495370.5;4917355.29;21.45;3375;5
1495377.55;4917351.51;20.79;3376;5
1495384.59;4917347.72;20.82;3377;5
1495391.64;4917343.93;20.17;3378;5
1495393.82;4917342.76;20.17;3379;5
1495399.04;4917340.95;19.93;3380;5
1495406.59;4917338.34;19.1;3381;5
1495414.15;4917335.72;19.2;3382;5
1495421.71;4917333.11;18.84;3383;5
1495429.27;4917330.49;18.65;3384;5
1495436.83;4917327.88;17.61;3385;5
1495444.39;4917325.26;18.06;3386;5
1495451.95;4917322.65;16.95;3387;5
1495459.5;4917320.03;16.81;3388;5
1495459.8;4917319.93;16.41;3389;5
1495467.42;4917318.94;16.69;3390;5
1495475.35;4917317.91;15.31;3391;5
1495483.28;4917316.89;14.93;3392;5
1495491.22;4917315.86;14.26;3393;5
1495497.84;4917315;14.29;3394;5
1495498.11;4917316.29;14.29;3395;5
1495499.77;4917324.11;14.3;3396;5
1495501.42;4917331.94;15.58;3397;5
1495503.08;4917339.76;18.17;3398;5
1495504.06;4917344.41;18.15;3399;5
1495504.55;4917347.62;19.02;3400;5
1495505.75;4917355.53;20.32;3401;5
1495506.94;4917363.44;19.59;3402;5
1495508.14;4917371.35;24.4;3403;5
1495508.62;4917374.51;24.4;3404;5
1495513.22;4917375.87;26.13;3405;5
1495516.43;4917376.81;26.18;3406;5
1495519.62;4917378.71;26.18;3407;5
1495520.43;4917379.19;26.14;3408;5
1495526.99;4917383.11;25.54;3409;5
1495527.29;4917383.29;25.54;3410;5
1495527.29;4917383.3;25.54;3411;5
1495532;4917389.76;24.47;3412;5
1495532.47;4917390.4;25.44;3413;5
1495539.67;4917390.55;24.14;3414;5
1495547.67;4917390.72;21.48;3415;5
1495550.64;4917390.78;20.4;3416;5
1495553.3;4917395.05;21.06;3417;5
1495557.53;4917401.83;20.12;3418;5
1495559.21;4917404.52;20.12;3419;5
1495560.53;4917409.17;19.9;3420;5
1495562.72;4917416.86;21.13;3421;5
1495562.73;4917416.91;21.13;3422;5
1495567.1;4917420.57;20.78;3423;5
1495569.31;4917420.96;20.78;3424;5
1495570.02;4917421.09;20.89;3425;5
1495576.19;4917417.23;13.42;3426;5
1495576.71;4917416.91;13.42;3427;5
1495579.62;4917410.12;13.48;3428;5
1495580.39;4917408.31;13.39;3429;5
1495582.67;4917402.73;13.5;3430;5
1495585.7;4917395.32;13.39;3431;5
1495585.92;4917394.79;13.42;3432;5
1495587.06;4917387.46;13.55;3433;5
1495588.3;4917379.55;13.48;3434;5
1495588.99;4917375.12;13.48;3435;5
1495589.66;4917371.67;13.55;3436;5
1495591.18;4917363.82;13.72;3437;5
1495592.68;4917356.07;13.86;3438;5
1495592.72;4917355.97;13.86;3439;5
1495595.3;4917349.48;13.57;3440;5
1495596.07;4917348.82;13.57;3441;5
1495602.11;4917343.59;13.75;3442;5
1495605.52;4917340.64;13.26;3443;5
1495608.1;4917338.29;13.72;3444;5
1495614.01;4917332.89;13.33;3445;5
1495619.92;4917327.5;13.36;3446;5
1495623.7;4917324.05;13.84;3447;5
1495625.4;4917321.73;13.43;3448;5
1495630.14;4917315.29;13.45;3449;5
1495632.73;4917311.76;13.41;3450;5
1495634.8;4917308.79;13.86;3451;5
1495638.82;4917303.03;13.46;3452;5
1495639.53;4917302.36;13.46;3453;5
1495645.35;4917296.88;13.53;3454;5
1495648.09;4917294.3;13.4;3455;5
1495649.99;4917290.51;13.4;3456;5
1495653.57;4917283.36;13.39;3457;5
1495657.15;4917276.21;13.44;3458;5
1495659.01;4917272.48;13.42;3459;5
1495660.6;4917268.99;13.36;3460;5
1495663.93;4917261.72;13.49;3461;5
1495667.25;4917254.44;13.47;3462;5
1495667.73;4917253.39;13.47;3463;5
1495669.01;4917246.67;13.35;3464;5
1495669.92;4917241.93;13.85;3465;5
1495671.27;4917239.06;13.36;3466;5
1495674.68;4917231.83;13.9;3467;5
1495678.09;4917224.59;13.88;3468;5
1495681.5;4917217.36;13.65;3469;5
1495683.55;4917213.02;13.89;3470;5
1495684.86;4917210.1;13.89;3471;5
1495688.13;4917202.8;13.67;3472;5
1495691.39;4917195.5;13.87;3473;5
1495692.83;4917192.29;13.87;3474;5
1495694.52;4917188.14;13.28;3475;5
1495697.53;4917180.73;13.79;3476;5
1495699.92;4917174.83;13.76;3477;5
1495700.96;4917173.57;13.67;3478;5
1495706.03;4917167.39;13.92;3479;5
1495711.11;4917161.21;13.96;3480;5
1495712.46;4917159.56;14.01;3481;5
1495717.39;4917156.38;13.92;3482;5
1495724.11;4917152.05;13.94;3483;5
1495729.38;4917148.65;13.62;3484;5
1495730.8;4917147.66;13.58;3485;5
1495737.37;4917143.09;13.59;3486;5
1495741.92;4917139.92;13.6;3487;5
1495744.25;4917139.18;13.6;3488;5
1495750.22;4917137.28;13.7;3489;5
1495751.63;4917138.28;13.7;3490;5
1495758.14;4917142.93;13.98;3491;5
1495760.96;4917144.95;13.58;3492;5
1495764.85;4917147.27;13.48;3493;5
1495771.72;4917151.37;14.02;3494;5
1495778.59;4917155.47;13.48;3495;5
1495781.64;4917157.29;13.52;3496;5
1495785.64;4917159.22;13.42;3497;5
1495792.85;4917162.69;14.08;3498;5
1495799.88;4917166.08;13.53;3499;5
1495800.06;4917166.14;13.44;3500;5
1495807.66;4917168.66;14.04;3501;5
1495815.25;4917171.17;13.52;3502;5
1495822.84;4917173.69;13.5;3503;5
1495830.43;4917176.2;13.81;3504;5
1495834.23;4917177.46;13.81;3505;5
1495838.11;4917178.41;13.82;3506;5
1495845.88;4917180.31;20.76;3507;5
1495853.65;4917182.21;20.72;3508;5
1495858.61;4917183.43;15.69;3509;5
1495861.41;4917184.14;22.41;3510;5
1495869.17;4917186.1;21.93;3511;5
1495876.92;4917188.07;21.44;3512;5
1495884.67;4917190.03;21.06;3513;5
1495892.43;4917191.99;20.9;3514;5
1495894.59;4917192.54;20.9;3515;5
1495900.18;4917193.94;20.6;3516;5
1495903.88;4917194.87;20.6;3517;5
1495907.98;4917195.7;20.28;3518;5
1495915.82;4917197.3;10.55;3519;5
1495923.66;4917198.89;8.96;3520;5
1495931.5;4917200.48;10.33;3521;5
1495939.33;4917202.07;11.71;3522;5
1495942.67;4917202.75;9.13;3523;5
1495946.7;4917204.96;8.94;3524;5
1495953.7;4917208.82;9.15;3525;5
1495960.71;4917212.67;8.94;3526;5
1495963.5;4917214.21;8.94;3527;5
1495967.21;4917217.27;8.97;3528;5
1495973.39;4917222.36;9.13;3529;5
1495979.56;4917227.45;9.15;3530;5
1495981.2;4917228.8;9.04;3531;5
1495985.46;4917232.84;9.09;3532;5
1495991.25;4917238.35;9.22;3533;5
1495997.05;4917243.86;9.28;3534;5
1496002.03;4917248.59;9.08;3535;5
1496002.86;4917249.35;9.08;3536;5
1496008.76;4917254.76;9.02;3537;5
1496014.65;4917260.17;8.91;3538;5
1496020.55;4917265.57;8.77;3539;5
1496026.44;4917270.98;8.7;3540;5
1496027.02;4917271.51;8.7;3541;5
1496032.21;4917276.52;8.55;3542;5
1496037.97;4917282.07;8.67;3543;5
1496043.73;4917287.62;8.76;3544;5
1496049.48;4917293.17;8.91;3545;5
1496055.24;4917298.72;9.1;3546;5
1496056.18;4917299.63;9.1;3547;5
1496060.83;4917304.45;9.25;3548;5
1496066.38;4917310.21;10.64;3549;5
1496071.93;4917315.97;10.62;3550;5
1496077.48;4917321.72;8.45;3551;5
1496083.03;4917327.48;6.82;3552;5
1496084.3;4917328.8;6.82;3553;5
1496088.96;4917332.84;6.9;3554;5
1496095;4917338.08;7.58;3555;5
1496099.92;4917342.34;7.9;3556;5
1496101.11;4917343.24;8.82;3557;5
1496107.47;4917348.09;10.11;3558;5
1496113.83;4917352.94;10.23;3559;5
1496120.19;4917357.79;10.06;3560;5
1496121.78;4917359.01;10.06;3561;5
1496124.69;4917364.25;10.25;3562;5
1496126.99;4917368.39;10.16;3563;5
1496128.12;4917371.45;10.33;3564;5
1496130.88;4917378.95;10.4;3565;5
1496133.65;4917386.46;10.81;3566;5
1496134.28;4917388.18;10.81;3567;5
1496138.9;4917392.26;10.96;3568;5
1496144.9;4917397.55;10.94;3569;5
1496150.9;4917402.84;10.47;3570;5
1496151.98;4917403.8;10.47;3571;5
1496155.35;4917409.42;10.51;3572;5
1496159.47;4917416.28;10.85;3573;5
1496163.58;4917423.14;10.83;3574;5
1496164.48;4917424.64;10.83;3575;5
1496167.44;4917430.14;10.88;3576;5
1496171.23;4917437.18;10.74;3577;5
1496175.02;4917444.22;10.91;3578;5
1496178.82;4917451.27;10.44;3579;5
1496179.06;4917451.72;10.44;3580;5
1496182.25;4917458.49;10.47;3581;5
1496185.67;4917465.72;10.54;3582;5
1496189.08;4917472.95;10.36;3583;5
1496192.49;4917480.19;10.49;3584;5
1496195.91;4917487.42;10.28;3585;5
1496196.76;4917489.23;10.28;3586;5
1496197.54;4917495.18;10.19;3587;5
1496198.57;4917503.11;10.43;3588;5
1496199.61;4917511.04;10.49;3589;5
1496199.89;4917513.19;10.49;3590;5
1496200.78;4917518.95;10.01;3591;5
1496201.99;4917526.85;10.18;3592;5
1496203.2;4917534.76;10.51;3593;5
1496204.05;4917540.27;10.22;3594;5
1496204.06;4917542.69;10.22;3595;5
1496204.1;4917550.69;10.01;3596;5
1496204.15;4917558.69;10.12;3597;5
1496204.19;4917566.69;10.43;3598;5
1496204.21;4917571.25;10.77;3599;5
1496204.59;4917574.66;10.77;3600;5
1496205.48;4917582.61;10.42;3601;5
1496205.52;4917582.98;10.42;3602;5
1496207.93;4917590.22;10.44;3603;5
1496209.43;4917594.71;10.44;3604;5
1496209.21;4917597.96;10.55;3605;5
1496208.68;4917605.94;10.96;3606;5
1496208.14;4917613.92;10.95;3607;5
1496208.12;4917614.26;10.95;3608;5
1496206.53;4917621.75;11.05;3609;5
1496204.86;4917629.58;11.03;3610;5
1496203.2;4917637.4;11.18;3611;5
1496201.61;4917644.89;11.29;3612;5
1496201.57;4917645.23;11.35;3613;5
1496200.71;4917653.18;11.4;3614;5
1496199.85;4917661.13;11.62;3615;5
1496198.98;4917669.08;11.6;3616;5
1496198.12;4917677.04;11.86;3617;5
1496197.7;4917680.89;11.72;3618;5
1496196.98;4917684.95;11.72;3619;5
1496195.59;4917692.82;11.79;3620;5
1496194.2;4917700.7;11.78;3621;5
1496193.79;4917703.05;11.78;3622;5
1496192.41;4917708.49;11.89;3623;5
1496190.43;4917716.24;11.99;3624;5
1496188.46;4917723.99;11.88;3625;5
1496186.49;4917731.74;12.2;3626;5
1496184.67;4917738.9;12.37;3627;5
1496184.57;4917739.5;12.37;3628;5
1496183.26;4917747.39;12.31;3629;5
1496181.94;4917755.28;12.31;3630;5
1496180.63;4917763.17;12.37;3631;5
1496179.46;4917770.18;12.79;3632;5
1496179.22;4917771.04;12.79;3633;5
1496177.06;4917778.74;13.19;3634;5
1496174.9;4917786.44;12.99;3635;5
1496172.75;4917794.15;12.6;3636;5
1496170.59;4917801.85;12.98;3637;5
1496168.43;4917809.55;13.31;3638;5
1496166.28;4917817.25;13.35;3639;5
1496165.77;4917819.06;13.35;3640;5
1496165.16;4917825.15;13.28;3641;5
1496164.37;4917833.11;13.32;3642;5
1496163.58;4917841.07;13.65;3643;5
1496163.17;4917845.13;13.68;3644;5
1496162.7;4917849.02;13.68;3645;5
1496161.74;4917856.96;13.79;3646;5
1496160.79;4917864.9;13.79;3647;5
1496159.83;4917872.84;13.8;3648;5
1496158.87;4917880.78;13.85;3649;5
1496158.61;4917882.94;13.85;3650;5
1496158.04;4917888.73;13.97;3651;5
1496157.26;4917896.69;14.08;3652;5
1496156.48;4917904.65;14.2;3653;5
1496155.7;4917912.61;13.99;3654;5
1496155.35;4917916.18;14.02;3655;5
1496154.31;4917920.47;14.03;3656;5
1496152.43;4917928.24;14.06;3657;5
1496150.55;4917936.02;14;3658;5
1496148.67;4917943.79;13.87;3659;5
1496147.7;4917947.78;13.96;3660;5
1496145.96;4917951.26;14.05;3661;5
1496142.38;4917958.42;13.9;3662;5
1496138.81;4917965.57;14.1;3663;5
1496135.23;4917972.72;14.02;3664;5
1496132.06;4917979.06;13.96;3665;5
1496131.73;4917979.91;13.96;3666;5
1496128.84;4917987.37;13.88;3667;5
1496125.96;4917994.83;13.95;3668;5
1496124.24;4917999.27;14.05;3669;5
1496122.34;4918001.89;14.14;3670;5
1496117.65;4918008.37;14.2;3671;5
1496112.96;4918014.85;14.19;3672;5
1496108.27;4918021.33;14.66;3673;5
1496103.58;4918027.81;14.83;3674;5
1496098.89;4918034.29;14.71;3675;5
1496096.88;4918037.07;14.74;3676;5
1496093.91;4918040.54;14.73;3677;5
1496088.72;4918046.62;14.82;3678;5
1496083.52;4918052.7;14.83;3679;5
1496078.32;4918058.77;14.79;3680;5
1496073.12;4918064.85;14.64;3681;5
1496067.93;4918070.93;14.76;3682;5
1496062.73;4918077.01;15;3683;5
1496057.53;4918083.09;15.11;3684;5
1496054.53;4918086.6;15.3;3685;5
1496052.1;4918088.95;15.3;3686;5
1496046.34;4918094.5;15.32;3687;5
1496040.58;4918100.05;15.22;3688;5
1496036.94;4918103.55;15.37;3689;5
1496034.42;4918105.08;15.28;3690;5
1496027.58;4918109.22;15.42;3691;5
1496020.74;4918113.37;15.33;3692;5
1496015.44;4918116.58;15.34;3693;5
1496013.97;4918117.63;15.38;3694;5
1496007.47;4918122.28;15.46;3695;5
1496001.76;4918126.36;15.53;3696;5
1496000.89;4918126.82;15.53;3697;5
1495993.82;4918130.56;16.47;3698;5
1495986.76;4918134.3;17.25;3699;5
1495979.69;4918138.05;19.71;3700;5
1495979.61;4918138.09;19.71;3701;5
1495972.95;4918142.35;19.62;3702;5
1495966.21;4918146.67;18.84;3703;5
1495959.48;4918150.98;20.09;3704;5
1495952.74;4918155.29;19.93;3705;5
1495947.03;4918158.95;20.09;3706;5
1495945.94;4918159.49;20.09;3707;5
1495938.79;4918163.07;24.9;3708;5
1495931.63;4918166.64;25.66;3709;5
1495927.48;4918168.72;30.12;3710;5
1495924.66;4918170.54;30.82;3711;5
1495917.95;4918174.89;32.58;3712;5
1495916.41;4918175.89;29.07;3713;5
1495913.03;4918181.04;27.95;3714;5
1495908.65;4918187.73;27.71;3715;5
1495904.27;4918194.42;27.25;3716;5
1495904.03;4918194.79;27.25;3717;5
1495899.6;4918200.92;26.35;3718;5
1495894.92;4918207.41;25.65;3719;5
1495890.24;4918213.89;25.03;3720;5
1495887.09;4918218.26;24.82;3721;5
1495885.5;4918220.33;21.02;3722;5
1495880.63;4918226.68;19.19;3723;5
1495875.76;4918233.02;23.03;3724;5
1495870.89;4918239.37;22.15;3725;5
1495866.03;4918245.71;20.04;3726;5
1495865.59;4918246.28;20.04;3727;5
1495861.45;4918252.27;20.92;3728;5
1495859.73;4918254.76;21.91;3729;5
1495856.97;4918258.9;21.62;3730;5
1495852.53;4918265.55;18.34;3731;5
1495848.1;4918272.21;20.37;3732;5
1495848;4918272.35;20.37;3733;5
1495842.2;4918277.61;21.77;3734;5
1495836.28;4918282.98;22.27;3735;5
1495835.62;4918283.58;22.27;3736;5
1495830.6;4918288.61;25.19;3737;5
1495824.94;4918294.26;33.51;3738;5
1495821.94;4918297.27;26.75;3739;5
1495818.67;4918299.1;30.01;3740;5
1495811.69;4918303;34.06;3741;5
1495804.7;4918306.9;37.46;3742;5
1495799.79;4918309.65;38.09;3743;5
1495797.91;4918311.09;36.23;3744;5
1495791.54;4918315.93;35.35;3745;5
1495786.1;4918320.08;33.21;3746;5
1495784.98;4918320.34;35.62;3747;5
1495777.63;4918322.04;37.89;3748;5
1495777.21;4918322.22;37.89;3749;5
1495769.86;4918325.37;35;3750;5
1495768.51;4918325.95;35;3751;5
1495764.04;4918330.72;32.42;3752;5
1495758.74;4918336.38;29.38;3753;5
1495758.65;4918336.6;29.38;3754;5
1495755.76;4918344.06;25;3755;5
1495754.18;4918348.11;27.12;3756;5
1495756.15;4918351.18;24.72;3757;5
1495760.04;4918357.23;37.42;3758;5
1495760.36;4918357.97;37.42;3759;5
1495763.51;4918365.32;37.98;3760;5
1495766.66;4918372.68;38.08;3761;5
1495767.86;4918375.48;38.13;3762;5
1495769.34;4918380.2;37.9;3763;5
1495771.72;4918387.84;34.64;3764;5
1495774.11;4918395.47;33.29;3765;5
1495774.38;4918396.34;33.29;3766;5
1495775.95;4918403.25;28.23;3767;5
1495777.72;4918411.05;26.17;3768;5
1495779.49;4918418.85;24.72;3769;5
1495780.89;4918425.01;20.87;3770;5
1495780.72;4918426.68;20.87;3771;5
1495779.9;4918434.64;21.86;3772;5
1495779.08;4918442.59;18.31;3773;5
1495778.26;4918450.55;18.18;3774;5
1495777.44;4918458.51;18.12;3775;5
1495776.63;4918466.46;18.05;3776;5
1495776.33;4918469.33;18.05;3777;5
1495775.73;4918474.41;18.09;3778;5
1495774.8;4918482.35;18.22;3779;5
1495773.86;4918490.3;18.25;3780;5
1495772.93;4918498.24;18.29;3781;5
1495772.42;4918502.57;18.42;3782;5
1495771.24;4918506.01;18.61;3783;5
1495768.64;4918513.57;18.69;3784;5
1495766.04;4918521.14;18.61;3785;5
1495763.44;4918528.7;18.71;3786;5
1495762;4918532.88;18.66;3787;5
1495760.55;4918536.15;18.6;3788;5
1495757.32;4918543.47;18.66;3789;5
1495754.09;4918550.79;18.55;3790;5
1495750.86;4918558.1;18.57;3791;5
1495747.63;4918565.42;19.12;3792;5
1495744.39;4918572.73;19.42;3793;5
1495741.16;4918580.05;19.54;3794;5
1495737.93;4918587.37;19.78;3795;5
1495737.24;4918588.93;19.78;3796;5
1495735.38;4918594.94;19.79;3797;5
1495733.02;4918602.58;19.93;3798;5
1495730.66;4918610.22;19.57;3799;5
1495728.3;4918617.86;19.62;3800;5
1495726.16;4918624.78;19.59;3801;5
1495725.89;4918625.49;19.76;3802;5
1495723.02;4918632.95;20.12;3803;5
1495720.15;4918640.42;19.96;3804;5
1495717.28;4918647.88;20.02;3805;5
1495714.41;4918655.35;20.73;3806;5
1495713.13;4918658.67;20.73;3807;5
1495712.3;4918663.03;20.14;3808;5
1495710.81;4918670.89;19.8;3809;5
1495709.31;4918678.74;25.36;3810;5
1495707.92;4918686.05;25.07;3811;5
1495707.88;4918686.61;25.07;3812;5
1495707.31;4918694.59;24.9;3813;5
1495706.74;4918702.57;24.58;3814;5
1495706.62;4918704.3;24.58;3815;5
1495706.53;4918710.56;23.98;3816;5
1495706.41;4918718.56;23.71;3817;5
1495706.29;4918726.55;22.88;3818;5
1495706.18;4918734.55;22.44;3819;5
1495706.06;4918742.55;21.13;3820;5
1495705.97;4918748.62;20.4;3821;5
1495706.19;4918750.53;19.75;3822;5
1495707.09;4918758.48;19.13;3823;5
1495707.99;4918766.43;18.9;3824;5
1495708.89;4918774.37;18.87;3825;5
1495709.79;4918782.32;21.57;3826;5
1495709.88;4918783.16;21.57;3827;5
1495709.88;4918790.31;26.99;3828;5
1495709.88;4918798.31;26.82;3829;5
1495709.88;4918806.31;21.66;3830;5
1495709.88;4918807.93;21.66;3831;5
1495711.54;4918814.09;21.69;3832;5
1495713.63;4918821.81;23.53;3833;5
1495715.71;4918829.53;24.76;3834;5
1495716.39;4918832.04;26.95;3835;5
1495717.03;4918834.77;26.95;3836;5
1495717.62;4918837.3;27.73;3837;5
1495719.45;4918845.08;29.82;3838;5
1495721.27;4918852.87;24.11;3839;5
1495721.5;4918853.87;24.11;3840;5
1495723.09;4918860.66;25.24;3841;5
1495724.92;4918868.45;26.38;3842;5
1495725.58;4918871.27;25.52;3843;5
1495726.16;4918873.75;25.52;3844;5
1495726.53;4918876.27;25.57;3845;5
1495727.69;4918884.19;27.31;3846;5
1495728.84;4918892.1;25.72;3847;5
1495730;4918900.02;23.71;3848;5
1495730.07;4918900.48;23.71;3849;5
1495732.77;4918907.51;24.03;3850;5
1495735.65;4918914.97;24.27;3851;5
1495738.52;4918922.43;25.22;3852;5
1495739.85;4918925.89;25.67;3853;5
1495740.66;4918930.11;26.02;3854;5
1495742.18;4918937.96;26.4;3855;5
1495743.7;4918945.81;27.01;3856;5
1495743.75;4918946.1;27.01;3857;5
1495743.75;4918953.81;27.25;3858;5
1495743.75;4918961.81;27.5;3859;5
1495743.75;4918964.35;27.5;3860;5
1495745.28;4918969.58;24.76;3861;5
1495747.54;4918977.26;25.66;3862;5
1495749.79;4918984.93;24.04;3863;5
1495751.21;4918989.79;22.35;3864;5
1495751.9;4918992.65;22.25;3865;5
1495753.76;4919000.42;22.11;3866;5
1495755.46;4919007.49;21.9;3867;5
1495755.63;4919008.2;21.9;3868;5
1495757.5;4919015.98;22.29;3869;5
1495758.12;4919018.57;22.29;3870;5
1495759.35;4919023.19;22.72;3871;5
1495759.49;4919023.72;22.72;3872;5
1495761.08;4919029.72;21.49;3873;5
1495761.59;4919031.44;21.5;3874;5
1495763.89;4919039.1;21.55;3875;5
1495766.18;4919046.76;21.34;3876;5
1495766.99;4919049.47;21.34;3877;5
1495767.42;4919051.62;21.37;3878;5
1495768;4919054.54;21.37;3879;5
1495769.56;4919062.39;22.16;3880;5
1495770.6;4919067.62;21.52;3881;5
1495770.99;4919070.25;21.6;3882;5
1495772.15;4919078.17;21.77;3883;5
1495772.61;4919081.25;21.84;3884;5
1495772.9;4919083.23;21.84;3885;5
1495772.9;4919086.11;21.82;3886;5
1495772.9;4919093.74;22.01;3887;5
1495772.91;4919094.11;22.01;3888;5
1495773.1;4919102.1;23.27;3889;5
1495773.22;4919107.12;23.1;3890;5
1495773.96;4919110.01;23.54;3891;5
1495775.96;4919117.75;22.63;3892;5
1495777.96;4919125.5;23.16;3893;5
1495779.95;4919133.24;22.98;3894;5
1495781.1;4919137.69;22.2;3895;5
1495781.54;4919141.06;21.93;3896;5
1495782.56;4919149;21.72;3897;5
1495783.58;4919156.93;21.33;3898;5
1495783.73;4919158.08;21.33;3899;5
1495782.45;4919164.8;21.37;3900;5
1495781.77;4919168.37;21.38;3901;5
1495781.39;4919172.71;21.3;3902;5
1495780.7;4919180.68;21.68;3903;5
1495780;4919188.65;21.98;3904;5
1495779.8;4919190.99;22.66;3905;5
1495776.6;4919195.65;22.65;3906;5
1495775.86;4919196.72;22.65;3907;5
1495769.32;4919198.15;23.3;3908;5
1495761.51;4919199.85;23.64;3909;5
1495759.77;4919200.23;23.63;3910;5
1495755.46;4919202.1;23.63;3911;5
1495754.06;4919202.71;24.15;3912;5
1495750.64;4919204.2;24.15;3913;5
1495750.64;4919204.2;24.15;3914;5
1495750.25;4919204.37;24.15;3915;5
1495746.96;4919206.35;24.07;3916;5
1495740.73;4919210.1;24.28;3917;5
1495740.16;4919210.54;24.28;3918;5
1495733.84;4919215.45;24.85;3919;5
1495727.59;4919220.29;23.82;3920;5
1495727.53;4919220.37;23.82;3921;5
1495722.82;4919226.82;27.09;3922;5
1495720.37;4919230.17;25.14;3923;5
1495720.85;4919233.99;25.14;3924;5
1495721.36;4919238.13;24.61;3925;5
1495725.15;4919238.68;31.01;3926;5
1495727.92;4919239.08;31.01;3927;5
1495732.5;4919236.63;31.33;3928;5
1495739.56;4919232.85;31.36;3929;5
1495746.61;4919229.08;31.45;3930;5
1495753.66;4919225.3;31.38;3931;5
1495756.49;4919223.79;24.45;3932;5
1495761.23;4919223.12;24.15;3933;5
1495769.15;4919222.01;24.81;3934;5
1495774.54;4919221.25;23.61;3935;5
1495776.84;4919222.36;23.62;3936;5
1495783.08;4919225.39;23.85;3937;5
1495783.39;4919226.41;23.85;3938;5
1495785.69;4919234.07;23.89;3939;5
1495787.99;4919241.73;24.74;3940;5
1495790.29;4919249.39;23.58;3941;5
1495792.59;4919257.05;28.72;3942;5
1495792.8;4919257.73;28.72;3943;5
1495795.8;4919264.37;25.54;3944;5
1495799.09;4919271.66;29.17;3945;5
1495802.38;4919278.95;27.97;3946;5
1495805.67;4919286.24;27.73;3947;5
1495808.97;4919293.52;28.5;3948;5
1495812.26;4919300.81;27.62;3949;5
1495815.55;4919308.1;24.61;3950;5
1495818.84;4919315.39;26.64;3951;5
1495821.65;4919321.61;25.75;3952;5
1495822.19;4919322.65;25.75;3953;5
1495825.87;4919329.75;24.43;3954;5
1495829.56;4919336.85;25.92;3955;5
1495833.24;4919343.95;24.89;3956;5
1495836.92;4919351.05;23.09;3957;5
1495838.96;4919354.99;23.09;3958;5
1495840.68;4919358.11;23.22;3959;5
1495844.54;4919365.11;23.54;3960;5
1495845.55;4919366.94;23.57;3961;5
1495847.8;4919372.41;23.51;3962;5
1495848.43;4919373.95;23.51;3963;5
1495851.4;4919379.55;23.69;3964;5
1495852.14;4919380.95;23.84;3965;5
1495854.52;4919386.9;23.88;3966;5
1495855.44;4919389.2;23.86;3967;5
1495856.85;4919394.54;23.93;3968;5
1495857.5;4919397.03;24.54;3969;5
1495858.52;4919402.36;25.78;3970;5
1495859.15;4919405.68;29.1;3971;5
1495859.78;4919410.25;31.16;3972;5
1495860.39;4919414.75;28.99;3973;5
1495859.8;4919418.16;34.46;3974;5
1495858.44;4919426.04;35.63;3975;5
1495858.33;4919426.7;35.63;3976;5
1495857.23;4919433.95;35.65;3977;5
1495856.02;4919441.85;35.67;3978;5
1495855.44;4919445.66;35.7;3979;5
1495854.57;4919449.71;37.13;3980;5
1495854.2;4919451.43;37.53;3981;5
1495853.12;4919457.58;37.85;3982;5
1495851.73;4919465.44;28.4;3983;5
1495851.73;4919465.45;28.4;3984;5
1495850.16;4919473.3;28.57;3985;5
1495850.08;4919473.68;28.57;3986;5
1495846.79;4919480.28;28.78;3987;5
1495846.73;4919480.51;28.78;3988;5
1495844.82;4919488.27;28.92;3989;5
1495842.9;4919496.04;28.83;3990;5
1495840.99;4919503.8;28.58;3991;5
1495839.78;4919508.71;29.11;3992;5
1495838.76;4919511.47;29.01;3993;5
1495836;4919518.98;28.78;3994;5
1495833.24;4919526.48;29.3;3995;5
1495831.13;4919532.2;28.9;3996;5
1495830.65;4919534.04;28.9;3997;5
1495828.64;4919541.78;29.31;3998;5
1495826.62;4919549.53;29.34;3999;5
1495825.77;4919552.81;29.47;4000;5
1495823.4;4919556.76;34.09;4001;5
1495822.06;4919558.99;34.09;4002;5
1495819.44;4919563.71;37.68;4003;5
1495817.94;4919566.41;37.06;4004;5
1495815.41;4919570.61;34.18;4005;5
1495812.99;4919574.65;37.75;4006;5
1495811.02;4919577.28;30.09;4007;5
1495808.05;4919581.24;30.35;4008;5
1495805.79;4919583.29;30.35;4009;5
1495803.51;4919585.37;30.61;4010;5
1495799.31;4919582.81;30.64;4011;5
1495798.09;4919582.07;30.64;4012;5
1495792.23;4919579.11;35.41;4013;5
1495788.3;4919577.12;39.44;4014;5
1495784.72;4919576.84;44.65;4015;5
1495777.65;4919576.29;45;4016;5
1495776.77;4919576.52;45;4017;5
1495769.02;4919578.51;47;4018;5
1495763.18;4919580.01;43.71;4019;5
1495761.22;4919580.16;43.71;4020;5
1495753.25;4919580.77;43.38;4021;5
1495747;4919581.25;44.02;4022;5
1495745.32;4919580.83;44.02;4023;5
1495737.55;4919578.91;49.71;4024;5
1495729.79;4919576.98;47.84;4025;5
1495726.99;4919576.29;47.84;4026;5
1495722.39;4919574.06;51.05;4027;5
1495715.19;4919570.57;48.58;4028;5
1495715.07;4919570.51;48.58;4029;5
1495710.26;4919566.87;53.07;4030;5
1495708.59;4919566.13;52.83;4031;5
1495703.64;4919563.94;55.88;4032;5
1495701.14;4919563.26;55.88;4033;5
1495694.06;4919561.32;57.22;4034;5
1495693.41;4919561.21;57.22;4035;5
1495685.53;4919559.84;60.31;4036;5
1495683.63;4919559.51;59.59;4037;5
1495677.67;4919558.41;60.68;4038;5
1495676.51;4919558.19;60.68;4039;5
1495676.16;4919558.13;60.68;4040;5
1495669.79;4919557.03;60.84;4041;5
1495661.9;4919555.68;60.35;4042;5
1495654.02;4919554.32;63.22;4043;5
1495646.9;4919553.09;61.62;4044;5
1495646.17;4919552.84;61.62;4045;5
1495638.59;4919550.28;61.19;4046;5
1495631.45;4919547.86;64.59;4047;5
1495631;4919547.81;64.59;4048;5
1495623.05;4919546.89;61.71;4049;5
1495622.55;4919546.83;61.71;4050;5
1495615.59;4919549.62;60.53;4051;5
1495615.02;4919549.85;60.53;4052;5
1495611.28;4919553.97;59.57;4053;5
1495610.65;4919555.67;58.52;4054;5
1495608.06;4919562.67;58.15;4055;5
1495607.84;4919563.16;58.15;4056;5
1495604.55;4919570.45;59.58;4057;5
1495604.19;4919571.24;59.58;4058;5
1495601.62;4919577.75;59.2;4059;5
1495601.54;4919577.85;59.2;4060;5
1495596.96;4919584.41;60.59;4061;5
1495596.4;4919585.22;59.58;4062;5
1495591.94;4919590.64;59.32;4063;5
1495591.18;4919591.57;59.32;4064;5
1495588.99;4919596.21;57.32;4065;5
1495588.53;4919597.81;57.32;4066;5
1495586.44;4919605.18;52.43;4067;5
1495586.39;4919605.51;52.43;4068;5
1495585.21;4919613.42;52.52;4069;5
1495584.96;4919615.12;52.59;4070;5
1495583.64;4919620.09;56.5;4071;5
1495583.15;4919621.12;56.5;4072;5
1495582.15;4919623.24;56.5;4073;5
1495581.15;4919624.03;56.5;4074;5
1495578.76;4919625.93;58.75;4075;5
1495577.7;4919626.73;58.75;4076;5
1495573.96;4919629.53;58.54;4077;5
1495570.79;4919630.52;61.9;4078;5
1495567.38;4919631.59;61.23;4079;5
1495563.03;4919632.37;60.24;4080;5
1495561.02;4919632.73;60.24;4081;5
1495560.93;4919632.72;60.24;4082;5
1495558.25;4919632.27;60.09;4083;5
1495555.14;4919631.74;60.09;4084;5
1495553.6;4919631.47;60.5;4085;5
1495547.18;4919631.84;61.07;4086;5
1495545.95;4919631.91;61.07;4087;5
1495540.72;4919631.3;60.65;4088;5
1495539.24;4919631.53;61.64;4089;5
1495532.06;4919632.65;61.76;4090;5
1495531.36;4919632.88;61.76;4091;5
1495523.76;4919635.35;62.01;4092;5
1495523.34;4919635.49;62.01;4093;5
1495516.14;4919636.82;58.58;4094;5
1495515.9;4919636.86;58.58;4095;5
1495508.04;4919638.31;57.8;4096;5
1495500.99;4919639.61;58.53;4097;5
1495501.74;4919639.96;58.53;4098;5
1495503.91;4919640.97;60.51;4099;5
1495509.44;4919641.92;61.48;4100;5
1495513.11;4919642.54;61.93;4101;5
1495517.37;4919642.86;63.02;4102;5
1495525.35;4919643.44;63.6;4103;5
1495530.99;4919643.85;63.7;4104;5
1495533.32;4919644.12;63.7;4105;5
1495537.8;4919644.63;63.84;4106;5
1495541.27;4919644.95;64.45;4107;5
1495549.23;4919645.67;66.79;4108;5
1495557.2;4919646.4;66.64;4109;5
1495565.16;4919647.13;65.89;4110;5
1495573.13;4919647.85;66;4111;5
1495577.61;4919648.26;65.69;4112;5
1495581;4919649.12;65.51;4113;5
1495588.75;4919651.1;68.54;4114;5
1495590.63;4919651.57;68.53;4115;5
1495596.65;4919652.3;68.44;4116;5
1495600.94;4919652.83;67.79;4117;5
1495604.59;4919653.27;67.79;4118;5
1495609.49;4919653.86;66.85;4119;5
1495610.61;4919653.96;66.53;4120;5
1495612.54;4919654.14;66.53;4121;5
1495620.5;4919654.84;65.44;4122;5
1495628.47;4919655.55;66.49;4123;5
1495636.44;4919656.26;67.3;4124;5
1495637.13;4919656.32;67.3;4125;5
1495644.43;4919656.54;66.86;4126;5
1495652.42;4919656.77;66.42;4127;5
1495653.69;4919656.81;66.42;4128;5
1495660.42;4919656.99;65.45;4129;5
1495661.32;4919657.02;65.45;4130;5
1495668.41;4919657.29;64.56;4131;5
1495676.1;4919657.58;63.98;4132;5
1495676.4;4919657.59;63.98;4133;5
1495684.4;4919657.84;62.71;4134;5
1495685.37;4919657.87;61.81;4135;5
1495692.38;4919658.36;58.72;4136;5
1495693.48;4919658.44;58.72;4137;5
1495700.36;4919658.84;47.66;4138;5
1495702.94;4919658.99;47.66;4139;5
1495703.62;4919664.36;49.1;4140;5
1495704.13;4919668.39;50.96;4141;5
1495704.36;4919672.32;52.13;4142;5
1495704.81;4919680.31;53.23;4143;5
1495705.27;4919688.29;48.11;4144;5
1495705.33;4919689.34;48.11;4145;5
1495705.21;4919696.29;48.84;4146;5
1495705.08;4919704.28;49.11;4147;5
1495704.95;4919712.28;50.34;4148;5
1495704.93;4919713.39;50.34;4149;5
1495702.76;4919719.93;50.23;4150;5
1495700.24;4919727.52;50.99;4151;5
1495697.72;4919735.11;51.84;4152;5
1495696.94;4919737.44;51.84;4153;5
1495695.14;4919742.68;52.13;4154;5
1495692.54;4919750.24;52.91;4155;5
1495689.94;4919757.81;55.91;4156;5
1495688.14;4919763.04;54.73;4157;5
1495687.24;4919765.33;53.64;4158;5
1495684.31;4919772.78;54.94;4159;5
1495681.39;4919780.22;53.99;4160;5
1495678.54;4919787.47;55.52;4161;5
1495678.48;4919787.67;55.52;4162;5
1495676;4919795.27;54.02;4163;5
1495673.52;4919802.88;55.27;4164;5
1495671.04;4919810.48;55.08;4165;5
1495670.95;4919810.75;55.08;4166;5
1495668.14;4919817.94;56.02;4167;5
1495665.23;4919825.38;56.03;4168;5
1495664.98;4919826.02;58.53;4169;5
1495662.71;4919832.98;56.44;4170;5
1495660.24;4919840.58;57.11;4171;5
1495657.78;4919848.13;57.6;4172;5
1495657.76;4919848.19;57.6;4173;5
1495655.38;4919855.82;58.28;4174;5
1495652.99;4919863.45;58.73;4175;5
1495650.61;4919871.09;59.41;4176;5
1495649.78;4919873.73;59.6;4177;5
1495648.23;4919878.72;59.8;4178;5
1495645.85;4919886.36;60.42;4179;5
1495643.48;4919894;61.34;4180;5
1495643.39;4919894.28;61.34;4181;5
1495639.6;4919900.99;61.59;4182;5
1495635.66;4919907.95;61.94;4183;5
1495631.72;4919914.91;62.3;4184;5
1495629.79;4919918.33;63.46;4185;5
1495627.24;4919921.5;63.06;4186;5
1495622.23;4919927.74;63.78;4187;5
1495617.22;4919933.97;65.48;4188;5
1495612.21;4919940.21;64.83;4189;5
1495611.4;4919941.22;64.83;4190;5
1495610.8;4919941.83;64.83;4191;5
1495606.7;4919945.99;65.32;4192;5
1495601.09;4919951.69;65.86;4193;5
1495595.47;4919957.39;66.21;4194;5
1495594.21;4919958.67;72.56;4195;5
1495589.25;4919962.38;72.23;4196;5
1495582.84;4919967.18;72.26;4197;5
1495580.21;4919969.15;72.26;4198;5
1495576.1;4919971.44;72.37;4199;5
1495569.11;4919975.34;75.02;4200;5
1495564.22;4919978.07;76.36;4201;5
1495562.08;4919979.15;76.36;4202;5
1495554.94;4919982.74;79.22;4203;5
1495547.8;4919986.34;78.15;4204;5
1495543.43;4919988.54;80.59;4205;5
1495540.58;4919989.78;80.59;4206;5
1495533.24;4919992.96;80.91;4207;5
1495525.9;4919996.13;78.57;4208;5
1495521.04;4919998.24;80.78;4209;5
1495518.62;4919999.45;85.55;4210;5
1495511.48;4920003.04;82.63;4211;5
1495504.33;4920006.63;85.38;4212;5
1495498.65;4920009.49;86.09;4213;5
1495497.1;4920010.01;83.71;4214;5
1495489.51;4920012.56;85.69;4215;5
1495488.25;4920012.98;85.69;4216;5
1495484.47;4920018.47;84.89;4217;5
1495481.85;4920022.29;79.53;4218;5
1495481.96;4920023.54;79.53;4219;5
1495482.16;4920025.64;75.42;4220;5
1495482.88;4920033.61;78.56;4221;5
1495483.05;4920035.47;81.96;4222;5
1495489.17;4920035.74;83.86;4223;5
1495497.16;4920036.1;84.36;4224;5
1495500.64;4920036.25;85.32;4225;5
1495505.12;4920035.67;87.25;4226;5
1495513.05;4920034.63;85.11;4227;5
1495520.98;4920033.6;87.41;4228;5
1495521.44;4920033.54;87.41;4229;5
1495528.34;4920030.52;88.85;4230;5
1495535.67;4920027.31;86.79;4231;5
1495541.83;4920024.61;82.91;4232;5
1495543.03;4920024.19;82.91;4233;5
1495550.57;4920021.52;85.53;4234;5
1495558.11;4920018.85;82.07;4235;5
1495565.65;4920016.18;84.07;4236;5
1495571.42;4920014.14;78.91;4237;5
1495573.08;4920013.25;78.91;4238;5
1495580.13;4920009.48;73.88;4239;5
1495587.18;4920005.71;74.19;4240;5
1495591.01;4920003.67;70.37;4241;5
1495593.81;4920001.32;70.37;4242;5
1495599.94;4919996.18;67.93;4243;5
1495605.8;4919991.26;66.94;4244;5
1495606.08;4919991.05;66.94;4245;5
1495610.1;4919988;64.78;4246;5
1495612.45;4919986.22;64.78;4247;5
1495618.83;4919981.4;65.88;4248;5
1495625.21;4919976.57;68.34;4249;5
1495625.79;4919976.13;68.34;4250;5
1495631.4;4919971.51;68.5;4251;5
1495637.57;4919966.42;67.96;4252;5
1495641.79;4919962.94;66.76;4253;5
1495642.99;4919960.71;66.76;4254;5
1495646.79;4919953.67;67.04;4255;5
1495650.58;4919946.65;68.02;4256;5
1495650.59;4919946.63;68.02;4257;5
1495653.34;4919939.13;64.01;4258;5
1495656.09;4919931.62;64.83;4259;5
1495656.98;4919929.19;62.73;4260;5
1495658.82;4919924.1;62.1;4261;5
1495661.53;4919916.57;61.93;4262;5
1495662.58;4919913.68;61.69;4263;5
1495665.02;4919909.41;61.45;4264;5
1495669;4919902.47;61.28;4265;5
1495671.48;4919898.13;61.26;4266;5
1495673.14;4919895.63;61.26;4267;5
1495677.56;4919888.97;59.75;4268;5
1495679.08;4919886.68;59.75;4269;5
1495682.58;4919882.76;59.63;4270;5
1495685.48;4919879.51;59.82;4271;5
1495687.94;4919876.82;59.82;4272;5
1495688.67;4919876.02;59.82;4273;5
1495691.47;4919872.14;60.84;4274;5
1495692.6;4919870.34;60.84;4275;5
1495695.47;4919865.74;61.96;4276;5
1495696.81;4919863.54;59.48;4277;5
1495700.67;4919857.21;61.5;4278;5
1495700.98;4919856.72;61.5;4279;5
1495705.27;4919849.96;56.91;4280;5
1495705.47;4919849.64;56.91;4281;5
1495708.07;4919845.57;56.91;4282;5
1495709.7;4919843.31;56.02;4283;5
1495713.66;4919837.81;56.43;4284;5
1495714.35;4919836.8;56.43;4285;5
1495718.84;4919830.19;56.59;4286;5
1495719.46;4919829.28;54.82;4287;5
1495724.61;4919824.69;54.41;4288;5
1495729.26;4919820.55;54.63;4289;5
1495730.64;4919819.43;53.75;4290;5
1495736.86;4919814.41;53.64;4291;5
1495737.66;4919813.76;53.64;4292;5
1495740.91;4919807.59;53.55;4293;5
1495741.85;4919805.81;53.55;4294;5
1495744.69;4919800.54;53.6;4295;5
1495746.65;4919796.89;53.52;4296;5
1495748.31;4919793.41;53.53;4297;5
1495751.75;4919786.19;53.38;4298;5
1495752;4919785.66;53.38;4299;5
1495753.87;4919778.49;52.86;4300;5
1495754.47;4919776.18;52.86;4301;5
1495755.51;4919770.67;52.52;4302;5
1495755.71;4919769.58;52.09;4303;5
1495757.77;4919765.87;52.09;4304;5
1495759.38;4919763.77;51.93;4305;5
1495764.25;4919757.42;51.39;4306;5
1495767.25;4919753.51;49.52;4307;5
1495769.28;4919751.21;49.52;4308;5
1495774.59;4919745.22;47.54;4309;5
1495778.37;4919740.95;44.6;4310;5
1495779.8;4919739.16;43.29;4311;5
1495784.78;4919732.9;46.08;4312;5
1495785.16;4919732.42;47.24;4313;5
1495791.2;4919728.17;38.24;4314;5
1495792.05;4919727.57;38.24;4315;5
1495799;4919727.87;37.05;4316;5
1495806.99;4919728.22;34.3;4317;5
1495809.95;4919728.35;34.3;4318;5
1495814.29;4919730.9;36.42;4319;5
1495814.55;4919731.06;36.42;4320;5
1495815.95;4919734.94;33.37;4321;5
1495815.68;4919738.5;33.75;4322;5
1495815.08;4919746.47;34.57;4323;5
1495814.47;4919754.45;37.05;4324;5
1495814.35;4919756.08;36.76;4325;5
1495814.36;4919756.31;36.76;4326;5
1495814;4919761.12;36.86;4327;5
1495814.32;4919762.39;36.86;4328;5
1495814.6;4919763.55;36.86;4329;5
1495814.62;4919764.09;36.86;4330;5
1495814.64;4919764.64;36.86;4331;5
1495816.09;4919770.16;36.54;4332;5
1495818.13;4919777.9;36.74;4333;5
1495818.76;4919780.3;35.85;4334;5
1495819.19;4919785.8;36.02;4335;5
1495819.81;4919793.77;36.45;4336;5
1495819.99;4919796.03;38.21;4337;5
1495819.7;4919798.94;38.21;4338;5
1495819.95;4919801.74;38.33;4339;5
1495820;4919802.28;36.5;4340;5
1495820;4919803.4;36.5;4341;5
1495820.1;4919803.4;36.5;4342;5
1495821.3;4919806.7;36.58;4343;5
1495823.33;4919808.51;36.58;4344;5
1495823.9;4919809.02;36.58;4345;5
1495827.7;4919810.58;36.61;4346;5
1495830.78;4919811.14;36.47;4347;5
1495830.9;4919811.16;36.47;4348;5
1495838.71;4919812.16;36.53;4349;5
1495839.29;4919812.24;36.53;4350;5
1495840.56;4919819.54;31.89;4351;5
1495841.67;4919825.92;32.1;4352;5
1495841.5;4919827.44;32.1;4353;5
1495840.62;4919835.38;33.8;4354;5
1495840.27;4919838.51;33.8;4355;5
1495839.01;4919843.2;36.81;4356;5
1495836.94;4919850.92;33.96;4357;5
1495834.87;4919858.65;37.69;4358;5
1495832.79;4919866.37;34.16;4359;5
1495830.72;4919874.1;34.19;4360;5
1495828.65;4919881.82;38.08;4361;5
1495826.57;4919889.55;34.6;4362;5
1495824.5;4919897.27;38.31;4363;5
1495822.43;4919905;37.43;4364;5
1495820.36;4919912.72;34.62;4365;5
1495818.28;4919920.44;37.93;4366;5
1495817.42;4919923.66;37.93;4367;5
1495816.28;4919928.19;35;4368;5
1495814.33;4919935.94;38.88;4369;5
1495812.38;4919943.7;37.7;4370;5
1495810.43;4919951.46;36.32;4371;5
1495808.48;4919959.22;39.18;4372;5
1495806.99;4919965.16;36.76;4373;5
1495806.72;4919967.01;36.76;4374;5
1495805.55;4919974.92;36.47;4375;5
1495804.38;4919982.83;39.56;4376;5
1495803.22;4919990.75;39.67;4377;5
1495802.07;4919998.53;39.44;4378;5
1495802.05;4919998.66;39.44;4379;5
1495801.04;4920006.59;36.91;4380;5
1495800.02;4920014.53;36.89;4381;5
1495799;4920022.46;40.15;4382;5
1495798.38;4920027.33;40.23;4383;5
1495798.23;4920030.41;39.81;4384;5
1495797.82;4920038.4;38.44;4385;5
1495797.53;4920044.25;38.43;4386;5
1495797.76;4920046.38;38.55;4387;5
1495798.6;4920054.33;39.19;4388;5
1495799.02;4920058.36;40.7;4389;5
1495800.12;4920062.15;37.72;4390;5
1495802.35;4920069.83;38.4;4391;5
1495803.71;4920074.52;40.96;4392;5
1495804.77;4920077.45;41.02;4393;5
1495807.5;4920084.97;38.13;4394;5
1495810.23;4920092.49;38.26;4395;5
1495812.95;4920100.01;41.02;4396;5
1495815.68;4920107.53;40.22;4397;5
1495818.41;4920115.05;42.21;4398;5
1495821.14;4920122.56;40.78;4399;5
1495822.33;4920125.86;40.71;4400;5
1495823.32;4920130.24;41.97;4401;5
1495825.09;4920138.04;40.77;4402;5
1495826.86;4920145.84;42.64;4403;5
1495828.63;4920153.64;43.75;4404;5
1495830.4;4920161.44;41.05;4405;5
1495832.18;4920169.24;42.43;4406;5
1495832.59;4920171.07;44.35;4407;5
1495830.78;4920176.92;42.82;4408;5
1495830.27;4920178.55;42.82;4409;5
1495827.93;4920184.39;43.6;4410;5
1495827.83;4920184.65;43.6;4411;5
1495826.07;4920192.16;43.07;4412;5
1495825.17;4920196.03;43.11;4413;5
1495823.62;4920199.75;44.43;4414;5
1495820.55;4920207.13;43.79;4415;5
1495819.35;4920210.01;44.56;4416;5
1495817.65;4920214.58;44.56;4417;5
1495814.85;4920222.08;45.52;4418;5
1495812.06;4920229.57;45.85;4419;5
1495810.25;4920234.44;45.48;4420;5
1495809.72;4920237.19;47.27;4421;5
1495808.21;4920245.05;45.71;4422;5
1495808.03;4920246;45.71;4423;5
1495806.88;4920252.94;46.84;4424;5
1495805.58;4920260.83;46.57;4425;5
1495804.79;4920265.62;47.59;4426;5
1495804.09;4920268.68;47.59;4427;5
1495802.31;4920276.48;46.58;4428;5
1495802.1;4920277.39;46.58;4429;5
1495800.06;4920281.24;46.08;4430;5
1495799.52;4920282.92;46.77;4431;5
1495799.38;4920283.85;46.77;4432;5
1495799.16;4920285.4;46.96;4433;5
1495799.16;4920288.05;46.96;4434;5
1495799.34;4920290.52;46.98;4435;5
1495799.89;4920291.7;46.98;4436;5
1495800.25;4920292.47;48.56;4437;5
1495801.89;4920293.88;48.56;4438;5
1495803.72;4920293.53;48.56;4439;5
1495805.08;4920292.7;49.95;4440;5
1495805.25;4920294.23;49.95;4441;5
1495806.12;4920302.18;48.69;4442;5
1495806.27;4920303.56;48.69;4443;5
1495807.74;4920307.16;48.53;4444;5
1495809.12;4920309.51;48.53;4445;5
1495813.16;4920316.41;49.23;4446;5
1495817.21;4920323.31;49.45;4447;5
1495821.25;4920330.21;49.64;4448;5
1495821.39;4920330.44;49.64;4449;5
1495826.28;4920336.43;50.1;4450;5
1495831.33;4920342.62;50.3;4451;5
1495835.47;4920347.69;49.69;4452;5
1495836.39;4920348.82;49.69;4453;5
1495841.41;4920355.04;53.28;4454;5
1495846.19;4920360.96;52.85;4455;5
1495846.3;4920361.34;52.85;4456;5
1495848.47;4920369.04;53.38;4457;5
1495850.65;4920376.73;53.22;4458;5
1495852.82;4920384.43;53.19;4459;5
1495853.74;4920387.67;53.42;4460;5
1495854.24;4920392.27;53.76;4461;5
1495855.1;4920400.22;54.35;4462;5
1495855.96;4920408.18;54.32;4463;5
1495856.04;4920408.89;54.32;4464;5
1495862.88;4920406.41;55.9;4465;5
1495870.4;4920403.69;59.17;4466;5
1495877.92;4920400.96;59.53;4467;5
1495885.44;4920398.23;58.7;4468;5
1495892.96;4920395.51;61.6;4469;5
1495900.48;4920392.78;63.68;4470;5
1495901.62;4920392.37;63.68;4471;5
1495900.63;4920388.49;63.81;4472;5
1495899.64;4920385.89;59.07;4473;5
1495896.8;4920378.41;65.36;4474;5
1495893.95;4920370.94;62.39;4475;5
1495891.1;4920363.47;64.61;4476;5
1495888.26;4920355.99;58.43;4477;5
1495886.27;4920350.77;61.76;4478;5
1495885.34;4920348.55;65.04;4479;5
1495882.25;4920341.17;62.21;4480;5
1495879.16;4920333.79;58.13;4481;5
1495876.08;4920326.41;62.13;4482;5
1495873.69;4920320.71;58.24;4483;5
1495872.75;4920319.16;60.2;4484;5
1495868.59;4920312.33;57.99;4485;5
1495864.43;4920305.49;58.03;4486;5
1495860.27;4920298.66;62.03;4487;5
1495856.11;4920291.83;59.6;4488;5
1495852.59;4920286.04;57.97;4489;5
1495852.03;4920284.96;59.28;4490;5
1495848.48;4920278.14;57.83;4491;5
1495848.45;4920277.83;57.83;4492;5
1495847.78;4920269.86;57.74;4493;5
1495847.11;4920261.89;57.77;4494;5
1495847.09;4920261.7;57.77;4495;5
1495849.82;4920254.38;57.73;4496;5
1495852.62;4920246.89;60.39;4497;5
1495855.08;4920240.31;64.44;4498;5
1495855.4;4920239.39;61.62;4499;5
1495858.04;4920231.84;59.17;4500;5
1495858.86;4920229.48;50.44;4501;5
1495860.14;4920225;58.54;4502;5
1495860.35;4920224.25;58.54;4503;5
1495860.37;4920224.19;58.54;4504;5
1495861.81;4920219.98;53.7;4505;5
1495863.34;4920216.78;53.7;4506;5
1495865.05;4920213.19;59.66;4507;5
1495866.3;4920209.37;58.28;4508;5
1495868.79;4920201.77;52.03;4509;5
1495871.27;4920194.17;57.79;4510;5
1495871.27;4920194.17;57.79;4511;5
1495871.61;4920194.17;57.79;4512;5
1495874.51;4920187.08;53.24;4513;5
1495877.54;4920179.67;56.8;4514;5
1495877.83;4920178.96;56.8;4515;5
1495880.07;4920172.09;61.08;4516;5
1495882.54;4920164.48;61.09;4517;5
1495883.47;4920161.62;61.09;4518;5
1495884.42;4920156.72;58.49;4519;5
1495885.95;4920148.87;66.25;4520;5
1495887.48;4920141.02;66.3;4521;5
1495888.72;4920134.62;66.67;4522;5
1495888.88;4920133.15;66.67;4523;5
1495889.75;4920125.2;66.8;4524;5
1495890.45;4920118.86;68.18;4525;5
1495890.77;4920117.27;68.18;4526;5
1495892.34;4920109.43;69.45;4527;5
1495892.93;4920106.47;69.45;4528;5
1495893.75;4920101.56;69.85;4529;5
1495895.06;4920093.67;69.8;4530;5
1495895.41;4920091.59;69.8;4531;5
1495896.05;4920085.74;69.87;4532;5
1495896.52;4920081.49;69.88;4533;5
1495896.55;4920077.76;69.8;4534;5
1495896.63;4920069.77;69.83;4535;5
1495896.65;4920067.42;69.83;4536;5
1495897.07;4920061.78;69.86;4537;5
1495897.22;4920059.75;69.9;4538;5
1495897.27;4920053.79;66.07;4539;5
1495897.35;4920045.79;63.42;4540;5
1495897.37;4920043.36;63.42;4541;5
1495896.76;4920040.39;63.42;4542;5
1495896.74;4920037.86;63.53;4543;5
1495896.66;4920029.86;63.53;4544;5
1495896.65;4920028.81;63.53;4545;5
1495897.11;4920021.88;63.5;4546;5
1495897.63;4920013.9;63.14;4547;5
1495898.15;4920005.91;63.11;4548;5
1495898.3;4920003.67;63.19;4549;5
1495898.97;4919997.96;63.23;4550;5
1495899.91;4919990.02;63.28;4551;5
1495899.95;4919989.66;63.31;4552;5
1495900.63;4919982.05;63.45;4553;5
1495901.34;4919974.09;63.44;4554;5
1495902.01;4919966.58;63.37;4555;5
1495902.13;4919966.13;63.37;4556;5
1495904.13;4919958.39;63.23;4557;5
1495905.31;4919953.8;63.36;4558;5
1495905.57;4919950.55;63.36;4559;5
1495906.18;4919942.94;63.35;4560;5
1495906.21;4919942.58;63.35;4561;5
1495906.85;4919934.61;63.33;4562;5
1495906.96;4919933.19;63.33;4563;5
1495906.88;4919926.61;63.17;4564;5
1495906.79;4919918.62;53.59;4565;5
1495906.76;4919916.39;53.59;4566;5
1495909.96;4919911.59;47.42;4567;5
1495910.52;4919910.75;61.43;4568;5
1495911.15;4919905.85;47.89;4569;5
1495911.98;4919903.97;48.2;4570;5
1495915.2;4919896.65;48.73;4571;5
1495917.77;4919890.82;48.96;4572;5
1495918.42;4919889.33;46.45;4573;5
1495921.65;4919882.01;49.64;4574;5
1495924.87;4919874.69;43.8;4575;5
1495928.1;4919867.38;45.09;4576;5
1495931.32;4919860.06;51.17;4577;5
1495934.55;4919852.74;47.22;4578;5
1495937.77;4919845.42;51.13;4579;5
1495941;4919838.1;50.92;4580;5
1495942.41;4919834.89;50.2;4581;5
1495943.55;4919830.54;50.2;4582;5
1495945.58;4919822.81;54.06;4583;5
1495947.61;4919815.07;52.27;4584;5
1495949.63;4919807.33;47.04;4585;5
1495951.66;4919799.6;48.76;4586;5
1495952.75;4919795.45;48.76;4587;5
1495954.69;4919792.29;45.14;4588;5
1495958.87;4919785.47;56.47;4589;5
1495963.04;4919778.65;57.09;4590;5
1495967.22;4919771.83;58.38;4591;5
1495970.8;4919765.99;58.88;4592;5
1495971.28;4919764.94;59.46;4593;5
1495974.58;4919757.66;60.45;4594;5
1495977.89;4919750.38;61.5;4595;5
1495981.2;4919743.1;63.3;4596;5
1495984.51;4919735.81;63.97;4597;5
1495987.45;4919729.34;63.12;4598;5
1495987.8;4919728.53;63.12;4599;5
1495990.99;4919721.19;65.15;4600;5
1495994.18;4919713.85;60.73;4601;5
1495997.36;4919706.52;60.88;4602;5
1496000.55;4919699.18;61.09;4603;5
1496002.72;4919694.19;60.82;4604;5
1496003.03;4919691.65;60.82;4605;5
1496003.99;4919683.71;60.34;4606;5
1496004.95;4919675.77;60.37;4607;5
1496005.91;4919667.83;55.58;4608;5
1496006.87;4919659.89;47.91;4609;5
1496007.79;4919652.25;41.56;4610;5
1496007.89;4919651.97;41.56;4611;5
1496010.53;4919644.42;39.55;4612;5
1496013.17;4919636.87;39.27;4613;5
1496015.81;4919629.32;39.33;4614;5
1496017.4;4919624.77;39.36;4615;5
1496019.75;4919622.63;39.36;4616;5
1496024;4919618.75;38.89;4617;5
1496026.24;4919618.68;38.2;4618;5
1496034.24;4919618.44;37.75;4619;5
1496037.6;4919618.34;37.31;4620;5
1496042.23;4919618.13;36.87;4621;5
1496050.22;4919617.76;30.27;4622;5
1496055.73;4919617.51;30.94;4623;5
1496058.2;4919617.77;30.94;4624;5
1496066.15;4919618.61;30.4;4625;5
1496071.39;4919619.16;27.71;4626;5
1496074.04;4919619.82;27.71;4627;5
1496081.8;4919621.76;30.03;4628;5
1496084.58;4919622.46;30.03;4629;5
1496089.5;4919623.91;30.91;4630;5
1496095.71;4919625.75;32.67;4631;5
1496097.14;4919626.26;32.67;4632;5
1496104.67;4919628.96;29.94;4633;5
1496112.21;4919631.65;31.68;4634;5
1496113.02;4919631.94;31.68;4635;5
1496119.53;4919634.85;31.34;4636;5
1496126.83;4919638.11;30.53;4637;5
1496128.68;4919638.94;30.53;4638;5
1496134.4;4919640.66;30.09;4639;5
1496136.92;4919641.41;29.5;4640;5
1496141.96;4919643.28;28.99;4641;5
1496149.46;4919646.06;30.82;4642;5
1496156.95;4919648.84;27.51;4643;5
1496159.17;4919649.66;27.51;4644;5
1496164.35;4919651.88;32.34;4645;5
1496170.71;4919654.6;34.68;4646;5
1496171.69;4919655.06;39.57;4647;5
1496178.91;4919658.5;39.62;4648;5
1496179.37;4919658.72;39.62;4649;5
1496186.18;4919661.83;39.68;4650;5
1496193.45;4919665.15;39.58;4651;5
1496200.73;4919668.48;39.55;4652;5
1496208;4919671.8;39.64;4653;5
1496212.75;4919673.97;37.95;4654;5
1496215.53;4919674.05;36.33;4655;5
1496223.52;4919674.29;35.79;4656;5
1496231.52;4919674.52;33.9;4657;5
1496237.6;4919674.7;31.85;4658;5
1496239.49;4919674.99;31.85;4659;5
1496247.4;4919676.18;34.01;4660;5
1496255.31;4919677.38;30.8;4661;5
1496258.09;4919677.8;30.8;4662;5
1496263.16;4919678.88;29.71;4663;5
1496270.99;4919680.54;30.91;4664;5
1496278.59;4919682.15;29.96;4665;5
1496278.81;4919682.19;29.96;4666;5
1496286.67;4919683.67;29.01;4667;5
1496294.53;4919685.14;31.02;4668;5
1496298.44;4919685.88;29.54;4669;5
1496302.44;4919685.44;29.41;4670;5
1496310.39;4919684.55;28.22;4671;5
1496318.34;4919683.67;28.33;4672;5
1496320.85;4919683.39;28.24;4673;5
1496326.07;4919681.76;28.85;4674;5
1496333.71;4919679.38;27.78;4675;5
1496338.78;4919677.8;28.72;4676;5
1496341.15;4919676.54;29.32;4677;5
1496348.21;4919672.79;28.47;4678;5
1496355.27;4919669.03;28.79;4679;5
1496358.64;4919667.24;28.79;4680;5
1496362.12;4919664.92;28.68;4681;5
1496368.77;4919660.48;29.2;4682;5
1496368.88;4919660.41;29.2;4683;5
1496376.69;4919661.38;33.5;4684;5
1496384.63;4919662.36;40.97;4685;5
1496392.57;4919663.35;38.26;4686;5
1496393.86;4919663.51;38.26;4687;5
1496400.23;4919661.45;40.73;4688;5
1496407.31;4919659.16;39.85;4689;5
1496407.66;4919658.73;39.85;4690;5
1496412.75;4919652.56;40.15;4691;5
1496417.84;4919646.39;40.15;4692;5
1496420.12;4919643.63;39.86;4693;5
1496424.46;4919642.79;39.86;4694;5
1496429.72;4919641.77;39.94;4695;5
1496430.93;4919639.42;36.61;4696;5
1496432.28;4919636.8;36.61;4697;5
1496437.32;4919636.66;36.59;4698;5
1496445.32;4919636.45;35.71;4699;5
1496453.31;4919636.23;34.74;4700;5
1496455.34;4919636.18;34.24;4701;5
1496461.05;4919637.93;34.23;4702;5
1496467.51;4919639.91;34.18;4703;5
1496468.61;4919640.48;35.76;4704;5
1496475.7;4919644.18;34.16;4705;5
1496482.79;4919647.88;34.73;4706;5
1496484.16;4919648.6;34.73;4707;5
1496489.86;4919651.63;34.55;4708;5
1496496.92;4919655.39;35.88;4709;5
1496503.98;4919659.15;34.61;4710;5
1496511.04;4919662.9;34.71;4711;5
1496518.1;4919666.66;35.82;4712;5
1496523.86;4919669.73;33.72;4713;5
1496525.15;4919670.44;35.92;4714;5
1496532.16;4919674.28;33.88;4715;5
1496538.59;4919677.8;35.06;4716;5
1496539.02;4919678.32;35.06;4717;5
1496544.13;4919684.47;34.44;4718;5
1496544.25;4919684.62;34.44;4719;5
1496549.44;4919690.45;34.56;4720;5
1496553.06;4919694.52;32.32;4721;5
1496554.64;4919696.52;33.19;4722;5
1496555.07;4919697.07;30.05;4723;5
1496556.7;4919699.45;30.05;4724;5
1496557.81;4919701.47;30.59;4725;5
1496558.49;4919703.47;30.59;4726;5
1496559.43;4919706.24;30.75;4727;5
1496561.22;4919710.98;31.13;4728;5
1496562.51;4919714.4;31.13;4729;5
1496563.67;4919716.48;32.35;4730;5
1496564.9;4919718.01;32.35;4731;5
1496565.44;4919718.69;32.21;4732;5
1496567.86;4919720.66;33.42;4733;5
1496571.45;4919722.46;33.46;4734;5
1496573.06;4919723.27;33.46;4735;5
1496574.43;4919723.53;33.46;4736;5
1496578.26;4919726.42;36.67;4737;5
1496584.64;4919731.25;39.13;4738;5
1496589.01;4919734.55;37.18;4739;5
1496590.97;4919736.14;36.56;4740;5
1496597.18;4919741.17;35.1;4741;5
1496603.39;4919746.21;35.68;4742;5
1496604.26;4919746.92;35.68;4743;5
1496608.66;4919752.2;36.28;4744;5
1496610.05;4919753.87;35.58;4745;5
1496612.89;4919758.96;36.43;4746;5
1496616.63;4919765.67;35.5;4747;5
1496616.79;4919765.94;35.5;4748;5
1496620.81;4919772.86;34.4;4749;5
1496621.84;4919774.64;34.4;4750;5
1496624.55;4919778.69;34.82;4751;5
1496625.17;4919779.56;30.44;4752;5
1496629.83;4919786.06;34.72;4753;5
1496634.48;4919792.56;32.71;4754;5
1496638.82;4919798.62;31.17;4755;5
1496639.11;4919799.08;31.17;4756;5
1496643.4;4919805.83;31.51;4757;5
1496647.18;4919811.78;30.51;4758;5
1496647.53;4919812.66;30.51;4759;5
1496648.18;4919814.29;30.51;4760;5
1496650.5;4919820.09;29.97;4761;5
1496650.93;4919821.16;29.97;4762;5
1496653.99;4919827.28;30.61;4763;5
1496657.57;4919834.44;29.11;4764;5
1496658.44;4919836.17;29.26;4765;5
1496658.74;4919842.22;29.64;4766;5
1496659.14;4919850.21;29.48;4767;5
1496659.38;4919854.92;29.48;4768;5
1496659.38;4919858.2;29.23;4769;5
1496659.38;4919866.2;28.8;4770;5
1496659.38;4919871.81;28.67;4771;5
1496659.64;4919874.18;28.67;4772;5
1496660.52;4919882.13;28.15;4773;5
1496661.25;4919888.69;28.54;4774;5
1496661.99;4919889.88;28.54;4775;5
1496665.94;4919896.19;28.3;4776;5
1496666.05;4919896.73;28.3;4777;5
1496667.62;4919904.58;28.6;4778;5
1496669.18;4919912.42;33.41;4779;5
1496669.69;4919914.95;33.41;4780;5
1496672.56;4919919.54;33.38;4781;5
1496676.8;4919926.32;32.32;4782;5
1496679.07;4919929.95;32.32;4783;5
1496681.32;4919932.91;32.09;4784;5
1496686.16;4919939.28;32.1;4785;5
1496691;4919945.65;34.7;4786;5
1496695.84;4919952.02;32.79;4787;5
1496700.68;4919958.38;34.47;4788;5
1496701.39;4919959.32;34.47;4789;5
1496707.73;4919961.85;35.06;4790;5
1496713.04;4919963.98;33.81;4791;5
1496715.1;4919964.93;31.32;4792;5
1496722.36;4919968.29;33.35;4793;5
1496728.18;4919970.98;32.83;4794;5
1496729.53;4919971.82;32.83;4795;5
1496736.31;4919976.06;31.17;4796;5
1496737.5;4919976.81;31.17;4797;5
1496741.79;4919981.82;31.15;4798;5
1496744.49;4919984.97;31.15;4799;5
1496746.85;4919988;30.99;4800;5
1496751.77;4919994.31;32.64;4801;5
1496756.69;4920000.62;34.61;4802;5
1496757.39;4920001.52;34.61;4803;5
1496759.64;4920008;36.68;4804;5
1496762.27;4920015.55;35.61;4805;5
1496764.89;4920023.09;36.21;4806;5
1496764.89;4920023.11;36.21;4807;5
1496764.89;4920023.46;36.21;4808;5
1496764.89;4920026.84;37.26;4809;5
1496763.85;4920030.98;38.34;4810;5
1496761.91;4920038.73;38.53;4811;5
1496759.97;4920046.49;41.87;4812;5
1496758.03;4920054.25;41.88;4813;5
1496757.63;4920055.85;41.96;4814;5
1496755.17;4920061.71;42.08;4815;5
1496752.08;4920069.08;39.72;4816;5
1496750.9;4920071.88;35.16;4817;5
1496748.31;4920076.11;35.2;4818;5
1496744.13;4920082.93;35.34;4819;5
1496739.95;4920089.75;37.46;4820;5
1496737.45;4920093.83;35.32;4821;5
1496735.93;4920096.66;35.41;4822;5
1496732.16;4920103.71;35.55;4823;5
1496729.5;4920108.67;35.68;4824;5
1496728.58;4920110.86;35.58;4825;5
1496725.48;4920118.23;35.52;4826;5
1496722.77;4920124.69;36.57;4827;5
1496722.46;4920125.63;35.67;4828;5
1496719.96;4920133.23;36.52;4829;5
1496717.88;4920139.53;36.2;4830;5
1496717.31;4920140.77;36.16;4831;5
1496715.43;4920144.87;36.16;4832;5
1496714.34;4920148.18;36.48;4833;5
1496711.83;4920155.78;36.82;4834;5
1496709.32;4920163.37;40.02;4835;5
1496706.82;4920170.97;40.01;4836;5
1496705.64;4920174.54;40.01;4837;5
1496704.61;4920178.65;40.68;4838;5
1496702.67;4920186.41;40.84;4839;5
1496700.73;4920194.17;37.51;4840;5
1496699.64;4920198.51;37.11;4841;5
1496697.86;4920201.55;36.5;4842;5
1496697.69;4920201.84;36.5;4843;5
1496696.04;4920209.32;34.31;4844;5
1496695.86;4920210.15;33.72;4845;5
1496693.53;4920216.91;33.68;4846;5
1496693.41;4920217.27;33.68;4847;5
1496692.55;4920224.84;34.31;4848;5
1496692.19;4920227.95;36.59;4849;5
1496692.52;4920232.8;38.62;4850;5
1496692.8;4920236.86;39.84;4851;5
1496693.99;4920240.61;41.36;4852;5
1496695.49;4920245.36;42.12;4853;5
1496696.68;4920248.13;42.12;4854;5
1496699.83;4920255.48;49.85;4855;5
1496701.12;4920258.49;47.19;4856;5
1496704.84;4920261.4;50.81;4857;5
1496711.14;4920266.33;46.37;4858;5
1496717.44;4920271.26;43.38;4859;5
1496722.69;4920275.37;40.38;4860;5
1496723.69;4920276.25;40.38;4861;5
1496729.66;4920281.57;37.23;4862;5
1496731.13;4920282.87;34.51;4863;5
1496733.83;4920288.27;37.43;4864;5
1496737.4;4920295.42;42.15;4865;5
1496738.63;4920297.88;42.15;4866;5
1496742.35;4920301.59;40.85;4867;5
1496748;4920307.24;40.38;4868;5
1496748.95;4920308.19;40.38;4869;5
1496752.57;4920313.78;40.73;4870;5
1496756.91;4920320.5;42.48;4871;5
1496759.27;4920324.14;42.48;4872;5
1496761.52;4920327.03;41.46;4873;5
1496766.42;4920333.34;40.27;4874;5
1496771.33;4920339.66;38.47;4875;5
1496772.39;4920341.02;40.37;4876;5
1496775.62;4920346.4;39.31;4877;5
1496779.74;4920353.26;40.91;4878;5
1496783.85;4920360.11;41.7;4879;5
1496786.46;4920364.46;39.38;4880;5
1496788.43;4920366.63;41.07;4881;5
1496793.81;4920372.55;42.11;4882;5
1496795.84;4920374.78;33.89;4883;5
1496797.8;4920379.36;35.62;4884;5
1496800.95;4920386.71;42.94;4885;5
1496804.1;4920394.06;44.39;4886;5
1496804.28;4920394.47;44.39;4887;5
1496808.38;4920400.81;43;4888;5
1496812.73;4920407.53;41.62;4889;5
1496814.6;4920410.42;45.71;4890;5
1496816.42;4920414.59;38.4;4891;5
1496819.63;4920421.92;49.25;4892;5
1496821.16;4920425.42;50.29;4893;5
1496823.54;4920428.85;50.29;4894;5
1496828.09;4920435.43;51.93;4895;5
1496829.6;4920437.61;51.93;4896;5
1496833.56;4920441.2;50.89;4897;5
1496839.47;4920446.58;50.27;4898;5
1496839.92;4920446.99;50.27;4899;5
1496844.22;4920453.01;50.07;4900;5
1496848.87;4920459.51;49.2;4901;5
1496853.52;4920466.02;48.22;4902;5
1496858.17;4920472.53;45.79;4903;5
1496858.68;4920473.25;45.79;4904;5
1496859.27;4920480.34;45.34;4905;5
1496859.61;4920484.5;45.34;4906;5
1496860.6;4920488.2;41.59;4907;5
1496862.65;4920495.92;42.11;4908;5
1496863.36;4920498.57;42.11;4909;5
1496864.23;4920503.76;46.48;4910;5
1496865.24;4920509.83;43.44;4911;5
1496866.47;4920511.2;47.21;4912;5
1496871.8;4920517.17;44.61;4913;5
1496875;4920520.75;42.6;4914;5
1496875.88;4920523.82;42.6;4915;5
1496877.87;4920530.8;51.19;4916;5
1496877.93;4920531.53;51.19;4917;5
1496878.63;4920539.5;52.6;4918;5
1496879.31;4920547.31;50.58;4919;5
1496879.24;4920547.46;50.58;4920;5
1496876.43;4920553.77;50.01;4921;5
1496875.87;4920554.7;50.01;4922;5
1496872.13;4920560.94;44.47;4923;5
1496871.62;4920561.45;44.47;4924;5
1496866.39;4920566.68;44.76;4925;5
1496865.99;4920567.13;44.76;4926;5
1496860.73;4920573.15;45.14;4927;5
1496856.34;4920578.17;45.51;4928;5
1496855.48;4920579.19;45.51;4929;5
1496850.33;4920585.31;46.06;4930;5
1496845.17;4920591.43;46.54;4931;5
1496844.85;4920591.81;48.89;4932;5
1496840.35;4920597.81;47.06;4933;5
1496838.39;4920600.42;48.71;4934;5
1496835.68;4920604.3;48.71;4935;5
1496833.37;4920607.6;49.02;4936;5
1496830.2;4920609.98;49.02;4937;5
1496824.76;4920614.06;51.2;4938;5
1496823.71;4920614.64;51.2;4939;5
1496818.3;4920617.65;50.27;4940;5
1496816.75;4920618.58;50.27;4941;5
1496811.12;4920621.95;50;4942;5
1496810;4920622.86;50;4943;5
1496803.8;4920627.9;50.69;4944;5
1496799.64;4920631.28;49.57;4945;5
1496797.51;4920632.84;49.57;4946;5
1496791.06;4920637.57;49.48;4947;5
1496788.87;4920639.18;51.63;4948;5
1496784.31;4920641.84;50.38;4949;5
1496780.26;4920644.2;50.38;4950;5
1496777.49;4920646.01;50.3;4951;5
1496774.34;4920648.07;51.4;4952;5
1496773.85;4920648.78;51.4;4953;5
1496771.14;4920650.79;50.34;4954;5
1496766.49;4920654.26;51.12;4955;5
1496764.76;4920655.61;50.54;4956;5
1496758.47;4920660.55;50.6;4957;5
1496755.74;4920662.68;50.6;4958;5
1496753.36;4920664.16;50.8;4959;5
1496751.89;4920665.07;50.71;4960;5
1496745.09;4920669.29;50.88;4961;5
1496738.29;4920673.5;51.15;4962;5
1496736.67;4920674.51;51.15;4963;5
1496731.86;4920678.24;52.34;4964;5
1496728.66;4920680.71;52.95;4965;5
1496725.84;4920683.49;52.95;4966;5
1496720.15;4920689.1;52.82;4967;5
1496714.45;4920694.72;54.03;4968;5
1496712.47;4920696.67;49.94;4969;5
1496708.96;4920700.53;48.55;4970;5
1496703.58;4920706.45;48.12;4971;5
1496702.47;4920707.66;48.12;4972;5
1496697.61;4920711.76;49.48;4973;5
1496691.5;4920716.92;51.24;4974;5
1496687.94;4920719.92;50.04;4975;5
1496685.6;4920722.3;52.14;4976;5
1496679.99;4920728;51.27;4977;5
1496675.88;4920732.18;55.22;4978;5
1496674.59;4920733.89;53.03;4979;5
1496674.35;4920734.22;53.03;4980;5
1496675.39;4920735.84;59.25;4981;5
1496677.83;4920735.24;59.25;4982;5
1496680.47;4920733.53;59.22;4983;5
1496684.73;4920730.79;59.22;4984;5
1496687.14;4920729.12;55.92;4985;5
1496693.72;4920724.57;54.7;4986;5
1496697.12;4920722.21;56.26;4987;5
1496700.5;4920720.35;57.82;4988;5
1496707.51;4920716.5;55.37;4989;5
1496714.52;4920712.65;53.4;4990;5
1496721.53;4920708.8;51.97;4991;5
1496721.76;4920708.67;51.97;4992;5
1496728.45;4920704.79;49.6;4993;5
1496735.37;4920700.77;53;4994;5
1496737.58;4920699.5;52.42;4995;5
1496742.35;4920696.87;51.78;4996;5
1496746.5;4920694.58;51.4;4997;5
1496749.62;4920693.63;51.4;4998;5
1496754.58;4920692.13;51.51;4999;5
1496757.27;4920691.32;51.79;5000;5
1496764.48;4920689.15;51.14;5001;5
1496764.93;4920689.02;51.14;5002;5
1496772.61;4920686.78;52.87;5003;5
1496780.29;4920684.53;53.06;5004;5
1496787.97;4920682.29;54.05;5005;5
1496788.15;4920682.24;54.05;5006;5
1496795.26;4920679.01;54.85;5007;5
1496802.54;4920675.7;55.09;5008;5
1496803.94;4920675.07;55.09;5009;5
1496809.85;4920672.47;55.13;5010;5
1496817.17;4920669.24;51.86;5011;5
1496821.89;4920667.17;54.38;5012;5
1496824.56;4920666.2;54.38;5013;5
1496829.78;4920664.3;51.88;5014;5
1496832.1;4920663.52;53.78;5015;5
1496839.69;4920660.99;56.29;5016;5
1496842.7;4920659.99;53.73;5017;5
1496846.87;4920657.56;54.8;5018;5
1496851.31;4920654.97;52.8;5019;5
1496853.69;4920653.39;52.8;5020;5
1496860.34;4920648.95;53.62;5021;5
1496866.39;4920644.92;52.89;5022;5
1496866.57;4920644.83;52.89;5023;5
1496866.91;4920644.66;52.89;5024;5
1496867.04;4920644.59;52.89;5025;5
1496869.35;4920643.44;52.89;5026;5
1496870.27;4920642.98;53.97;5027;5
1496870.47;4920642.88;53.97;5028;5
1496874.2;4920641.02;53.97;5029;5
1496875.2;4920640.52;55.02;5030;5
1496879.31;4920638.46;52.95;5031;5
1496881.37;4920637.49;54.44;5032;5
1496888.61;4920634.08;52.81;5033;5
1496891.51;4920632.72;53.99;5034;5
1496895.76;4920630.51;54.18;5035;5
1496902.86;4920626.82;53.04;5036;5
1496909.45;4920623.39;52.63;5037;5
1496909.98;4920623.18;52.63;5038;5
1496917.4;4920620.21;55.04;5039;5
1496920.22;4920619.08;53.81;5040;5
1496924.93;4920617.51;53.81;5041;5
1496932.52;4920614.98;52.99;5042;5
1496937.44;4920613.34;52.95;5043;5
1496940.18;4920612.7;52.51;5044;5
1496947.96;4920610.87;55.98;5045;5
1496949.65;4920610.47;55.98;5046;5
1496955.54;4920612.59;53.68;5047;5
1496963.07;4920615.3;53.56;5048;5
1496967.59;4920616.93;51.35;5049;5
1496970.45;4920618.36;49.74;5050;5
1496976.2;4920621.23;49.45;5051;5
1496977.35;4920622.29;49.45;5052;5
1496983.25;4920627.69;51.77;5053;5
1496984.82;4920629.13;51.77;5054;5
1496988.97;4920633.28;51.55;5055;5
1496991.99;4920636.31;51.12;5056;5
1496993.8;4920639.56;51.12;5057;5
1496997.68;4920646.55;53.14;5058;5
1496999.44;4920649.72;53.14;5059;5
1496999.68;4920654.09;56.05;5060;5
1496999.94;4920658.7;57.85;5061;5
1496999.86;4920662.08;57.6;5062;5
1496999.66;4920670.07;57.9;5063;5
1496999.46;4920678.07;53.77;5064;5
1496999.33;4920683.26;55.69;5065;5
1496999.86;4920686.01;56.11;5066;5
1497001.38;4920693.87;53.27;5067;5
1497002.9;4920701.72;55.68;5068;5
1497003.4;4920704.29;55.68;5069;5
1497005.05;4920709.41;53.83;5070;5
1497007.5;4920717.03;54.99;5071;5
1497009.95;4920724.64;57.3;5072;5
1497010.17;4920725.33;56.3;5073;5
1497014.86;4920730.89;58.62;5074;5
1497020.02;4920737;54.5;5075;5
1497022.37;4920739.79;54.5;5076;5
1497025.09;4920743.18;54.5;5077;5
1497030.09;4920749.42;53.38;5078;5
1497031.85;4920751.62;58.63;5079;5
1497034.31;4920756.18;59.91;5080;5
1497038.11;4920763.22;54.22;5081;5
1497041.91;4920770.26;52.72;5082;5
1497045.71;4920777.3;51.15;5083;5
1497046.75;4920779.22;51.15;5084;5
1497048.39;4920784.8;51.28;5085;5
1497050.65;4920792.47;49.84;5086;5
1497052.91;4920800.14;49.58;5087;5
1497055.17;4920807.81;47.13;5088;5
1497057.43;4920815.48;44.79;5089;5
1497057.59;4920816.03;44.79;5090;5
1497061.62;4920822.28;44.29;5091;5
1497064.37;4920826.55;41.91;5092;5
1497066.21;4920828.81;40.52;5093;5
1497071.26;4920835.01;42.98;5094;5
1497076.31;4920841.22;43.92;5095;5
1497081.35;4920847.42;40.54;5096;5
1497084.69;4920851.52;43.19;5097;5
1497085.8;4920853.99;40.28;5098;5
1497089.09;4920861.28;44.87;5099;5
1497092.38;4920868.57;42.9;5100;5
1497095.67;4920875.86;44.76;5101;5
1497098.96;4920883.16;45.54;5102;5
1497102.24;4920890.45;39.57;5103;5
1497103.66;4920893.59;39.57;5104;5
1497104.93;4920897.96;43.24;5105;5
1497107.15;4920905.64;42.7;5106;5
1497109.38;4920913.32;43.35;5107;5
1497111.6;4920921.01;44.31;5108;5
1497112.78;4920925.05;45.52;5109;5
1497113.82;4920928.69;45.52;5110;5
1497115.74;4920935.44;41.21;5111;5
1497115.85;4920935.66;41.21;5112;5
1497115.97;4920936.39;41.21;5113;5
1497117.33;4920944.27;42.44;5114;5
1497118.68;4920952.15;45.09;5115;5
1497120.04;4920960.03;38.99;5116;5
1497121.27;4920967.2;39.16;5117;5
1497121.31;4920967.92;39.16;5118;5
1497121.8;4920975.91;39.27;5119;5
1497122.28;4920983.89;39.35;5120;5
1497122.77;4920991.88;39.61;5121;5
1497123.25;4920999.86;42.08;5122;5
1497123.73;4921007.84;40.23;5123;5
1497123.98;4921011.9;40.9;5124;5
1497124.13;4921015.83;41.54;5125;5
1497124.44;4921023.82;42.21;5126;5
1497124.74;4921031.81;43.78;5127;5
1497125.05;4921039.81;40.18;5128;5
1497125.34;4921047.39;41.96;5129;5
1497125.37;4921047.8;41.96;5130;5
1497126;4921055.77;45.3;5131;5
1497126.64;4921063.74;45.51;5132;5
1497127.27;4921071.72;45.77;5133;5
1497127.9;4921079.69;45.85;5134;5
1497128.05;4921081.57;45.89;5135;5
1497127.7;4921087.67;45.95;5136;5
1497127.24;4921095.66;46.19;5137;5
1497126.78;4921103.64;46.26;5138;5
1497126.69;4921105.23;46.28;5139;5
1497126.69;4921111.64;46.29;5140;5
1497126.69;4921119.63;46.43;5141;5
1497126.69;4921127.58;46.96;5142;5
1497126.68;4921127.63;46.96;5143;5
1497125.27;4921135.5;52.04;5144;5
1497123.86;4921143.38;56.21;5145;5
1497123.07;4921147.79;56.25;5146;5
1497122.45;4921151.25;55.29;5147;5
1497121.04;4921159.12;55.22;5148;5
1497120.2;4921163.81;55.93;5149;5
1497119.11;4921166.86;60.04;5150;5
1497116.41;4921174.39;52.89;5151;5
1497113.95;4921181.24;51.85;5152;5
1497113.58;4921181.85;51.85;5153;5
1497109.49;4921188.72;56.49;5154;5
1497105.39;4921195.59;47.48;5155;5
1497105.36;4921195.64;47.48;5156;5
1497099.5;4921201;52.64;5157;5
1497093.59;4921206.39;50.66;5158;5
1497092.08;4921207.77;50.66;5159;5
1497087.27;4921211.27;53.61;5160;5
1497082.7;4921214.59;57.75;5161;5
1497080.62;4921215.7;55.34;5162;5
1497073.57;4921219.47;64.11;5163;5
1497067.08;4921222.93;64.5;5164;5
1497066.55;4921223.29;64.5;5165;5
1497059.89;4921227.73;62.49;5166;5
1497054.58;4921231.27;57.19;5167;5
1497053.17;4921232.05;57.19;5168;5
1497049.11;4921234.3;58.27;5169;5
1497046.07;4921235.72;49.66;5170;5
1497040.73;4921238.22;55.58;5171;5
1497038.79;4921239.03;58.24;5172;5
1497037.39;4921239.61;58.24;5173;5
1497031.22;4921241.6;56.18;5174;5
1497028.01;4921242.64;60.94;5175;5
1497023.66;4921244.22;61.86;5176;5
1497021.76;4921244.91;61.86;5177;5
1497020.98;4921244.91;61.86;5178;5
1497015.9;4921246.01;57.96;5179;5
1497013.95;4921246.43;58.59;5180;5
1497008.22;4921248.21;60.15;5181;5
1497000.58;4921250.58;54.58;5182;5
1496994.42;4921252.49;55.53;5183;5
1496993.08;4921253.27;55.53;5184;5
1496986.17;4921257.29;55.13;5185;5
1496979.26;4921261.32;55.83;5186;5
1496979.15;4921261.38;55.83;5187;5
1496978.79;4921261.59;55.83;5188;5
1496973.44;4921265.53;55.86;5189;5
1496972.79;4921266.01;55.86;5190;5
1496966.34;4921270.75;55.87;5191;5
1496959.9;4921275.49;49.92;5192;5
1496957.9;4921276.96;49.92;5193;5
1496956.41;4921282.27;49.91;5194;5
1496955.93;4921283.97;49.91;5195;5
1496953.55;4921289.73;48.16;5196;5
1496952.21;4921292.95;46.65;5197;5
1496950.51;4921297.12;46.55;5198;5
1496947.83;4921303.69;46.72;5199;5
1496947.34;4921304.45;46.72;5200;5
1496942.98;4921311.16;47.33;5201;5
1496942.56;4921311.8;47.33;5202;5
1496937.46;4921316.93;46.52;5203;5
1496931.82;4921322.6;44.72;5204;5
1496929.07;4921325.37;44.85;5205;5
1496925.77;4921327.79;44.85;5206;5
1496921.49;4921330.93;45.01;5207;5
1496919.63;4921332.87;45.95;5208;5
1496914.1;4921338.65;46.09;5209;5
1496909.88;4921343.05;45.91;5210;5
1496908.96;4921344.72;45.91;5211;5
1496905.09;4921351.71;46.52;5212;5
1496901.22;4921358.71;45.99;5213;5
1496897.35;4921365.71;46.38;5214;5
1496896.75;4921366.79;46.38;5215;5
1496892.71;4921372.22;46.91;5216;5
1496887.94;4921378.64;47.96;5217;5
1496883.17;4921385.06;48.86;5218;5
1496882.1;4921386.5;48.86;5219;5
1496878.27;4921391.38;48.46;5220;5
1496873.33;4921397.67;48.33;5221;5
1496868.39;4921403.96;49.67;5222;5
1496865.44;4921407.71;48.34;5223;5
1496864.24;4921410.71;49.02;5224;5
1496861.4;4921417.82;48.98;5225;5
1496861.35;4921418.15;48.98;5226;5
1496860.09;4921426.05;49.06;5227;5
1496858.84;4921433.95;50.18;5228;5
1496857.87;4921440.04;49.82;5229;5
1496856.94;4921441.62;49.82;5230;5
1496852.9;4921448.52;49.33;5231;5
1496849.28;4921454.69;51.2;5232;5
1496848.57;4921455.14;52.1;5233;5
1496843.73;4921458.23;51.24;5234;5
1496842.89;4921460.33;53.11;5235;5
1496842.72;4921460.76;53.11;5236;5
1496847.26;4921462.27;53.58;5237;5
1496849.87;4921461.4;53.58;5238;5
1496850.29;4921461.26;54.48;5239;5
1496852.52;4921459.26;52.62;5240;5
1496855.46;4921455.78;54.57;5241;5
1496859.19;4921451.37;50.79;5242;5
1496860.13;4921449.35;51.62;5243;5
1496863.49;4921442.1;50.53;5244;5
1496866.86;4921434.84;51.28;5245;5
1496867.08;4921434.37;51.28;5246;5
1496870.59;4921427.77;53.55;5247;5
1496874.35;4921420.7;51.73;5248;5
1496877.4;4921414.96;52.21;5249;5
1496878.12;4921413.66;52.21;5250;5
1496882.01;4921406.66;53.97;5251;5
1496884.68;4921401.86;51.04;5252;5
1496886.14;4921399.83;48.96;5253;5
1496886.67;4921399.09;48.96;5254;5
1496890.82;4921393.34;49.46;5255;5
1496895.5;4921386.86;50.21;5256;5
1496900.18;4921380.37;53.72;5257;5
1496903.52;4921375.74;50.39;5258;5
1496904.82;4921373.86;49.12;5259;5
1496909.35;4921367.27;50.24;5260;5
1496913.88;4921360.68;50.62;5261;5
1496916.04;4921357.54;52.31;5262;5
1496919.08;4921354.65;51.5;5263;5
1496924.88;4921349.15;50.08;5264;5
1496926.52;4921347.59;51.77;5265;5
1496929.85;4921342.92;50.02;5266;5
1496931.2;4921341.02;51.42;5267;5
1496934.84;4921336.67;50;5268;5
1496939.97;4921330.54;50.23;5269;5
1496944.05;4921325.66;50.48;5270;5
1496945.41;4921324.75;49.95;5271;5
1496949.46;4921322.02;49.95;5272;5
1496950.11;4921321.72;51.81;5273;5
1496950.67;4921321.66;51.81;5274;5
1496952.35;4921322.4;51.81;5275;5
1496954.18;4921323.2;51.81;5276;5
1496960.13;4921322.4;56.36;5277;5
1496960.57;4921322.34;56.36;5278;5
1496967.32;4921318.96;55.64;5279;5
1496974.48;4921315.39;56.82;5280;5
1496975.13;4921315.06;57.91;5281;5
1496981.79;4921312.15;56.46;5282;5
1496984.84;4921310.81;56.46;5283;5
1496989.37;4921309.68;54.37;5284;5
1496994.55;4921308.38;55.17;5285;5
1496997.2;4921308.23;54.71;5286;5
1497005.19;4921307.79;54.98;5287;5
1497005.47;4921307.78;54.98;5288;5
1497013.17;4921307.28;54.81;5289;5
1497021.15;4921306.76;53.48;5290;5
1497026.06;4921306.44;53.2;5291;5
1497028.05;4921306.32;53.2;5292;5
1497029.06;4921305.94;53.2;5293;5
1497036.54;4921303.1;49.51;5294;5
1497037.97;4921302.56;49.51;5295;5
1497043.98;4921300.15;51.24;5296;5
1497051.4;4921297.18;47.18;5297;5
1497053.29;4921296.43;47.18;5298;5
1497058.83;4921294.21;47.09;5299;5
1497066.09;4921291.3;48.11;5300;5
1497066.09;4921291.12;48.11;5301;5
1497066.09;4921285.68;46.33;5302;5
1497068.59;4921285.18;46.33;5303;5
1497076.44;4921283.61;46.07;5304;5
1497084.28;4921282.04;45.92;5305;5
1497092.12;4921280.47;45.43;5306;5
1497096.77;4921279.54;44.88;5307;5
1497100;4921279.99;45.24;5308;5
1497107.92;4921281.1;46.38;5309;5
1497115.84;4921282.2;46.3;5310;5
1497118.75;4921282.61;46.3;5311;5
1497123.27;4921280.35;46.63;5312;5
1497128.97;4921277.5;46.29;5313;5
1497129.92;4921276.18;46.29;5314;5
1497134.6;4921269.69;45.96;5315;5
1497138.18;4921264.71;44.7;5316;5
1497139.89;4921263.97;44.7;5317;5
1497147.24;4921260.82;44.81;5318;5
1497154.6;4921257.67;44.71;5319;5
1497156.07;4921257.04;44.85;5320;5
1497159.87;4921262.18;44.93;5321;5
1497164.63;4921268.61;45.01;5322;5
1497169.39;4921275.04;50.81;5323;5
1497174.15;4921281.47;49.74;5324;5
1497178.9;4921287.9;49.73;5325;5
1497183.66;4921294.33;47.68;5326;5
1497185.21;4921296.42;45.98;5327;5
1497188.28;4921300.85;52.07;5328;5
1497192.84;4921307.43;47.72;5329;5
1497197.39;4921314;45.97;5330;5
1497201.95;4921320.57;48.5;5331;5
1497206.5;4921327.15;46.8;5332;5
1497208.78;4921330.43;50.31;5333;5
1497211.06;4921333.72;46.88;5334;5
1497211.79;4921334.78;46.88;5335;5
1497216.13;4921339.9;46.51;5336;5
1497221.29;4921346.01;49.63;5337;5
1497226.46;4921352.11;45.73;5338;5
1497231.63;4921358.22;43.98;5339;5
1497234.29;4921361.37;47.52;5340;5
1497236.37;4921364.64;46.51;5341;5
1497240.66;4921371.39;46.51;5342;5
1497244.95;4921378.13;50.01;5343;5
1497248.6;4921383.87;47.75;5344;5
1497249.35;4921384.81;47.75;5345;5
1497254.31;4921391.08;46.83;5346;5
1497258.32;4921396.15;46.83;5347;5
1497259.49;4921397.15;46.83;5348;5
1497265.57;4921402.34;45.15;5349;5
1497271.65;4921407.54;44.18;5350;5
1497277.73;4921412.73;46.58;5351;5
1497279.28;4921414.05;46.58;5352;5
1497284.16;4921417.48;47.56;5353;5
1497290.71;4921422.08;47.32;5354;5
1497297.25;4921426.68;47.47;5355;5
1497303.3;4921430.93;48.83;5356;5
1497303.79;4921431.28;48.83;5357;5
1497310.27;4921435.97;44.25;5358;5
1497316.74;4921440.66;44.2;5359;5
1497318.13;4921441.67;44.2;5360;5
1497322.51;4921446.18;44.25;5361;5
1497328.08;4921451.92;44.22;5362;5
1497333.65;4921457.66;47.36;5363;5
1497335.51;4921459.57;44.7;5364;5
1497339.77;4921462.77;49.29;5365;5
1497346.17;4921467.57;49.45;5366;5
1497349.83;4921470.31;50.26;5367;5
1497352.61;4921472.31;49.61;5368;5
1497359.1;4921476.98;50.09;5369;5
1497362.61;4921479.51;47.55;5370;5
1497365.86;4921481.24;49.83;5371;5
1497372.92;4921484.99;44.82;5372;5
1497379.98;4921488.75;47.56;5373;5
1497387.04;4921492.5;44.86;5374;5
1497394.1;4921496.26;46.85;5375;5
1497401.16;4921500.02;48.65;5376;5
1497402.99;4921500.99;48.65;5377;5
1497406.43;4921505.81;48.57;5378;5
1497411.08;4921512.32;50.28;5379;5
1497415.73;4921518.83;46.52;5380;5
1497418.33;4921522.47;51.45;5381;5
1497419.12;4921525.9;51.22;5382;5
1497420.91;4921533.7;49.64;5383;5
1497421.53;4921536.38;50.66;5384;5
1497422.56;4921541.52;50.74;5385;5
1497424.14;4921549.37;52.24;5386;5
1497425.72;4921557.21;49.39;5387;5
1497427.3;4921565.05;48.66;5388;5
1497427.78;4921567.46;48.66;5389;5
1497427.34;4921572.98;49.93;5390;5
1497426.71;4921580.95;51.69;5391;5
1497426.08;4921588.93;51.77;5392;5
1497425.45;4921596.9;51.92;5393;5
1497425.44;4921597.02;51.92;5394;5
1497425.44;4921604.9;51.96;5395;5
1497425.44;4921612.9;52;5396;5
1497425.44;4921620.89;52.11;5397;5
1497425.44;4921628.89;51.98;5398;5
1497425.44;4921632.65;51.08;5399;5
1497424.47;4921636.78;51.8;5400;5
1497422.63;4921644.56;51.36;5401;5
1497420.8;4921652.35;50.3;5402;5
1497419.19;4921659.18;47.42;5403;5
1497418.82;4921660.09;47.49;5404;5
1497415.81;4921667.49;47.5;5405;5
1497412.79;4921674.9;47.53;5406;5
1497409.78;4921682.31;47.58;5407;5
1497407.47;4921687.98;47.56;5408;5
1497406.52;4921689.6;47.56;5409;5
1497402.47;4921696.5;50.11;5410;5
1497398.42;4921703.39;50.43;5411;5
1497394.37;4921710.29;50.24;5412;5
1497390.32;4921717.19;48.68;5413;5
1497386.28;4921724.09;48.77;5414;5
1497382.23;4921730.98;48.98;5415;5
1497378.18;4921737.88;49.04;5416;5
1497375.43;4921742.56;49.31;5417;5
1497373.69;4921744.45;49.12;5418;5
1497373.51;4921744.65;49.12;5419;5
1497368.29;4921750.35;49.83;5420;5
1497362.93;4921756.2;49.75;5421;5
1497362.88;4921756.25;49.75;5422;5
1497359.03;4921759.99;49.53;5423;5
1497356.86;4921761.47;50.89;5424;5
1497350.26;4921765.98;51.64;5425;5
1497343.65;4921770.49;53.82;5426;5
1497337.04;4921775;55.35;5427;5
1497330.44;4921779.51;57.6;5428;5
1497327.83;4921781.29;59.69;5429;5
1497325.33;4921785.43;54.26;5430;5
1497321.2;4921792.28;54.84;5431;5
1497317.08;4921799.13;55.3;5432;5
1497312.95;4921805.99;55.46;5433;5
1497311.13;4921809;55.46;5434;5
1497307.15;4921811.06;55.76;5435;5
1497300.05;4921814.73;56.87;5436;5
1497295.42;4921817.12;55.25;5437;5
1497292.83;4921818.17;57.76;5438;5
1497285.42;4921821.17;54.92;5439;5
1497284.85;4921821.4;55.61;5440;5
1497277.88;4921823.84;59.05;5441;5
1497273.12;4921825.51;56.43;5442;5
1497270.5;4921826.87;56.43;5443;5
1497263.41;4921830.56;57.44;5444;5
1497262.84;4921830.86;57.44;5445;5
1497256.92;4921835.17;56.43;5446;5
1497256.9;4921835.2;56.43;5447;5
1497256.02;4921836.5;56.43;5448;5
1497252.42;4921841.83;58.81;5449;5
1497251.2;4921843.63;58.81;5450;5
1497248.09;4921848.55;61.65;5451;5
1497243.81;4921855.31;56.52;5452;5
1497241.45;4921859.04;56.52;5453;5
1497239.06;4921861.7;56.78;5454;5
1497235.23;4921865.96;56.35;5455;5
1497233.78;4921867.71;57.98;5456;5
1497228.69;4921873.88;57.16;5457;5
1497224.77;4921878.62;57.22;5458;5
1497224.79;4921878.61;57.22;5459;5
1497224.24;4921879.45;57.22;5460;5
1497224.11;4921879.72;57.22;5461;5
1497224.04;4921879.75;57.22;5462;5
1497223.67;4921880;57.22;5463;5
1497219.73;4921882.59;56.68;5464;5
1497217.1;4921884.56;56.68;5465;5
1497210.71;4921889.37;53.8;5466;5
1497205.54;4921893.24;53.55;5467;5
1497204.3;4921894.16;57.18;5468;5
1497197.87;4921898.91;56.16;5469;5
1497191.44;4921903.66;54.27;5470;5
1497190.14;4921904.62;54.27;5471;5
1497185.22;4921908.69;54.32;5472;5
1497179.9;4921913.09;57.23;5473;5
1497178.98;4921913.69;57.23;5474;5
1497177.8;4921914.46;57.23;5475;5
1497172.48;4921917.85;55.14;5476;5
1497172.24;4921917.99;55.14;5477;5
1497165.36;4921922.07;54.84;5478;5
1497160.27;4921925.09;54.84;5479;5
1497158.52;4921926.21;55;5480;5
1497155.42;4921928.18;55;5481;5
1497152.88;4921929.8;55.57;5482;5
1497151.77;4921930.49;55.24;5483;5
1497144.98;4921934.72;58.4;5484;5
1497142.8;4921936.07;55.99;5485;5
1497142.51;4921936.31;55.99;5486;5
1497138.57;4921939.49;56.67;5487;5
1497134.74;4921942.57;56.83;5488;5
1497132.5;4921944.68;56.83;5489;5
1497127.12;4921949.75;57.1;5490;5
1497126.77;4921950.25;56.18;5491;5
1497122.18;4921956.8;56.64;5492;5
1497120.85;4921958.71;56.64;5493;5
1497118.96;4921964.06;60.19;5494;5
1497117.04;4921969.47;60.12;5495;5
1497116.27;4921971.59;59.68;5496;5
1497113.56;4921979.11;60.77;5497;5
1497113.23;4921980;60.77;5498;5
1497120.29;4921980;58.87;5499;5
1497128.28;4921980;59.09;5500;5
1497128.28;4921980;59.09;5501;5
1497128.28;4921973.95;58.95;5502;5
1497128.28;4921973.95;58.95;5503;5
1497128.4;4921972.01;58.95;5504;5
1497128.73;4921966.92;58.38;5505;5
1497129.84;4921964.24;57.76;5506;5
1497131.62;4921959.95;57.26;5507;5
1497133.83;4921957.43;57.26;5508;5
1497136.17;4921954.78;57.39;5509;5
1497139.12;4921951.43;57.39;5510;5
1497144.1;4921945.77;57.32;5511;5
1497144.46;4921945.48;57.32;5512;5
1497150.69;4921940.46;57.07;5513;5
1497152.32;4921939.15;56.05;5514;5
1497153.95;4921937.84;56.05;5515;5
1497154.53;4921937.53;56.05;5516;5
1497157.31;4921936.05;57.24;5517;5
1497161.64;4921933.76;56.12;5518;5
1497164.44;4921932.42;56.12;5519;5
1497170.68;4921929.44;56.13;5520;5
1497171.66;4921928.97;56.13;5521;5
1497172.2;4921928.71;56.13;5522;5
1497178.66;4921925.11;57.16;5523;5
1497182.53;4921922.95;56.23;5524;5
1497185.3;4921920.71;57.35;5525;5
1497188.24;4921918.34;54.39;5526;5
1497191.53;4921915.69;56.25;5527;5
1497192.72;4921914.72;54.26;5528;5
1497197.96;4921910.94;56.53;5529;5
1497203.28;4921907.08;57;5530;5
1497204.44;4921906.24;57;5531;5
1497205.28;4921905.63;58.31;5532;5
1497210.48;4921901.83;56.5;5533;5
1497210.98;4921901.7;56.5;5534;5
1497218.73;4921899.74;55.41;5535;5
1497220.67;4921899.25;54.79;5536;5
1497226.48;4921897.76;54.55;5537;5
1497234.23;4921895.77;54.44;5538;5
1497239.87;4921894.32;54.17;5539;5
1497241.99;4921893.84;54.31;5540;5
1497249.79;4921892.08;54.51;5541;5
1497250.47;4921891.93;54.67;5542;5
1497257.3;4921889.35;54.89;5543;5
1497264.78;4921886.53;53.41;5544;5
1497264.97;4921886.46;53.41;5545;5
1497271.33;4921881.95;53.82;5546;5
1497277.85;4921877.32;53.62;5547;5
1497284.38;4921872.69;52.64;5548;5
1497290.9;4921868.06;55.4;5549;5
1497296.97;4921863.75;52.68;5550;5
1497297.43;4921863.45;52.68;5551;5
1497304.13;4921859.07;52.46;5552;5
1497310.82;4921854.7;52.56;5553;5
1497317.52;4921850.32;54.41;5554;5
1497324.21;4921845.94;51.44;5555;5
1497330.91;4921841.57;54.2;5556;5
1497337.6;4921837.19;52.53;5557;5
1497344.29;4921832.82;51.2;5558;5
1497344.3;4921832.81;51.2;5559;5
1497349.94;4921827.14;51.2;5560;5
1497355.58;4921821.47;52.7;5561;5
1497361.22;4921815.8;51.87;5562;5
1497366.86;4921810.13;53.09;5563;5
1497370.08;4921806.89;51.49;5564;5
1497372.99;4921805.08;51.49;5565;5
1497378.78;4921801.48;51.23;5566;5
1497379.78;4921800.86;51.23;5567;5
1497386.57;4921796.63;52.27;5568;5
1497393.37;4921792.41;51.31;5569;5
1497397.23;4921790.01;56.25;5570;5
1497400.19;4921788.25;54.05;5571;5
1497407.07;4921784.15;52.53;5572;5
1497412.55;4921780.89;55.95;5573;5
1497413.81;4921779.88;51.77;5574;5
1497420.06;4921774.89;55.3;5575;5
1497426.32;4921769.9;54.68;5576;5
1497432.57;4921764.92;54.9;5577;5
1497434.13;4921763.67;54.9;5578;5
1497438.51;4921759.57;50.06;5579;5
1497443.81;4921754.63;49.82;5580;5
1497444.36;4921754.12;49.82;5581;5
1497450.21;4921748.66;50.9;5582;5
1497452.58;4921746.44;50.9;5583;5
1497455.68;4921742.84;50.94;5584;5
1497460.9;4921736.78;50.87;5585;5
1497466.12;4921730.72;50.74;5586;5
1497471.34;4921724.66;49.9;5587;5
1497472.07;4921723.82;49.9;5588;5
1497476.16;4921718.29;52.02;5589;5
1497480.92;4921711.85;53.04;5590;5
1497480.93;4921711.84;53.04;5591;5
1497482.63;4921704.04;51.77;5592;5
1497483.33;4921700.83;51.77;5593;5
1497484.11;4921696.19;50.97;5594;5
1497484.84;4921691.78;51.1;5595;5
1497485.88;4921688.4;56.22;5596;5
1497486.47;4921686.48;56.22;5597;5
1497489.22;4921682.64;53.58;5598;5
1497490.03;4921681.67;56.33;5599;5
1497495.14;4921675.52;55.42;5600;5
1497495.31;4921675.31;55.42;5601;5
1497498.15;4921670.84;54.66;5602;5
1497499.88;4921669.13;51.27;5603;5
1497501.57;4921667.46;54.3;5604;5
1497505.05;4921664.59;51.64;5605;5
1497506.12;4921664.29;51.64;5606;5
1497507.03;4921664.04;51.64;5607;5
1497508.15;4921661.68;51.64;5608;5
1497510.91;4921658.2;51.9;5609;5
1497515.88;4921651.93;52.94;5610;5
1497518.32;4921648.85;51.22;5611;5
1497520.22;4921645.26;54.55;5612;5
1497523.11;4921639.79;50.59;5613;5
1497524.44;4921638.55;50.59;5614;5
1497525.31;4921637.74;51;5615;5
1497527.04;4921636.13;51;5616;5
1497531.33;4921637.29;48.19;5617;5
1497535.04;4921638.3;48.36;5618;5
1497538.53;4921640.55;48.92;5619;5
1497545.25;4921644.88;49.46;5620;5
1497546.81;4921645.89;49.92;5621;5
1497551.49;4921649.87;49.45;5622;5
1497554.95;4921652.8;50.9;5623;5
1497557.86;4921654.68;49.47;5624;5
1497564.11;4921658.72;49.47;5625;5
1497564.5;4921659.11;49.47;5626;5
1497570.14;4921664.79;49.82;5627;5
1497575.77;4921670.47;49.52;5628;5
1497581.4;4921676.14;49.84;5629;5
1497587.04;4921681.82;49.57;5630;5
1497590.57;4921685.38;50.25;5631;5
1497592.8;4921687.37;50.25;5632;5
1497598.77;4921692.69;50.93;5633;5
1497604.74;4921698.01;50.72;5634;5
1497610.71;4921703.33;50.48;5635;5
1497616.68;4921708.66;50.51;5636;5
1497622.65;4921713.98;50.51;5637;5
1497628.21;4921718.94;50.81;5638;5
1497628.42;4921719.44;50.81;5639;5
1497631.46;4921726.84;53.71;5640;5
1497634.5;4921734.24;57.62;5641;5
1497637.55;4921741.63;59.89;5642;5
1497640.56;4921748.96;52.98;5643;5
1497640.62;4921749;52.98;5644;5
1497647.21;4921753.54;52.41;5645;5
1497653.8;4921758.08;52.93;5646;5
1497657.14;4921760.38;54.76;5647;5
1497660.38;4921762.61;52.3;5648;5
1497664.07;4921765.16;56.49;5649;5
1497667.15;4921766.86;52.36;5650;5
1497674.14;4921770.74;52.45;5651;5
1497681.14;4921774.61;52.42;5652;5
1497688.14;4921778.49;55.07;5653;5
1497694.49;4921782.01;52.15;5654;5
1497695.12;4921782.39;51.15;5655;5
1497701.96;4921786.53;51.19;5656;5
1497708.81;4921790.67;51.33;5657;5
1497713.87;4921793.73;51.3;5658;5
1497715.95;4921793.81;51.89;5659;5
1497723.94;4921794.12;52.17;5660;5
1497731.93;4921794.43;48.09;5661;5
1497732.34;4921794.45;48.09;5662;5
1497737.39;4921794.65;48.05;5663;5
1497739.93;4921794.64;48.05;5664;5
1497745.34;4921794.61;47.67;5665;5
1497747.92;4921794.76;47.67;5666;5
1497751.84;4921794.99;47.51;5667;5
1497755.81;4921795.91;47.59;5668;5
1497760.64;4921797.03;47.6;5669;5
1497763.52;4921797.99;47.6;5670;5
1497770.2;4921800.22;47.68;5671;5
1497770.97;4921800.78;47.68;5672;5
1497774.57;4921803.41;47.68;5673;5
1497776.87;4921806.11;47.79;5674;5
1497777.72;4921807.11;47.79;5675;5
1497779.56;4921809.27;47.79;5676;5
1497781.73;4921812.44;47.93;5677;5
1497786.25;4921819.04;48.02;5678;5
1497786.31;4921819.12;48.02;5679;5
1497790.07;4921826.05;48.2;5680;5
1497790.08;4921826.06;48.2;5681;5
1497792;4921829.61;48.2;5682;5
1497793.51;4921833.27;48.29;5683;5
1497796.55;4921840.64;48.41;5684;5
1497796.56;4921840.67;48.41;5685;5
1497798.41;4921846.39;48.49;5686;5
1497799.07;4921848.26;48.49;5687;5
1497801.73;4921855.8;48.61;5688;5
1497804.39;4921863.35;48.76;5689;5
1497807.06;4921870.89;48.75;5690;5
1497809.72;4921878.43;48.97;5691;5
1497811.71;4921884.08;48.94;5692;5
1497812.25;4921885.61;49;5693;5
1497812.38;4921885.97;49;5694;5
1497815.04;4921893.51;49.08;5695;5
1497817.7;4921901.06;49.19;5696;5
1497818.63;4921903.69;49.19;5697;5
1497820.36;4921908.6;49.31;5698;5
1497823.02;4921916.14;49.45;5699;5
1497825.69;4921923.68;49.59;5700;5
1497828.35;4921931.23;49.96;5701;5
1497831.01;4921938.77;50;5702;5
1497831.91;4921941.32;50.23;5703;5
1497834.21;4921945.88;50.53;5704;5
1497834.31;4921946.03;50.53;5705;5
1497836.98;4921950.18;50.89;5706;5
1497838.9;4921952.57;50.89;5707;5
1497840.18;4921954.16;50.63;5708;5
1497843.77;4921957.79;51.57;5709;5
1497844.43;4921958.33;51.57;5710;5
1497847.73;4921961.03;52.2;5711;5
1497850.86;4921963.07;50.11;5712;5
1497852.01;4921963.83;50.11;5713;5
1497855.16;4921965.51;53.12;5714;5
1497858.07;4921966.4;53.12;5715;5
1497863.93;4921968.2;50.12;5716;5
1497865.65;4921968.93;50.05;5717;5
1497872.38;4921971.79;50.17;5718;5
1497872.98;4921972.12;50.17;5719;5
1497879.98;4921976;50.56;5720;5
1497880.4;4921976.24;50.19;5721;5
1497885.77;4921980;50.09;5722;5
1497886.73;4921980;50.09;5723;5
1497894.73;4921980;49.93;5724;5
1497902.72;4921980;49.95;5725;5
1497910.72;4921980;48.98;5726;5
1497918.72;4921980;49.07;5727;5
1497926.72;4921980;48.66;5728;5
1497934.72;4921980;48.46;5729;5
1497942.72;4921980;48.52;5730;5
1497950.71;4921980;48.44;5731;5
1497958.71;4921980;48.44;5732;5
1497966.71;4921980;48.67;5733;5
1497974.71;4921980;48.75;5734;5
1497982.71;4921980;48.82;5735;5
1497990.61;4921980;48.9;5736;5
1497990.7;4921980;48.9;5737;5
1497998.7;4921980;46.97;5738;5
1498000.68;4921980;44.49;5739;5
1498006.7;4921980;44.15;5740;5
1498014.7;4921980;43.74;5741;5
1498022.7;4921980;43.22;5742;5
1498030.69;4921980;42.84;5743;5
1498038.69;4921980;42.79;5744;5
1498046.69;4921980;43.01;5745;5
1498054.69;4921980;43.28;5746;5
1498062.69;4921980;43.81;5747;5
1498070.68;4921980;44.18;5748;5
1498078.68;4921980;44.53;5749;5
1498083.29;4921980;48.33;5750;5
1498086.68;4921980;50.02;5751;5
1498094.68;4921980;49.95;5752;5
1498102.68;4921980;50.01;5753;5
1498110.67;4921980;50.16;5754;5
1498115.81;4921980;50.12;5755;5
1498118.67;4921980;50.12;5756;5
1498126.67;4921980;51;5757;5
1498134.67;4921980;51.37;5758;5
1498142.67;4921980;51.68;5759;5
1498150.66;4921980;51.69;5760;5
1498158.66;4921980;51.69;5761;5
1498166.66;4921980;51.69;5762;5
1498174.66;4921980;57.83;5763;5
1498182.66;4921980;57.66;5764;5
1498190.66;4921980;59.22;5765;5
1498195.32;4921980;61.83;5766;5
1498192.7;4921977.94;59.22;5767;5
1498186.41;4921973;61.18;5768;5
1498185.03;4921971.92;61.18;5769;5
1498178.85;4921972.85;59.39;5770;5
1498178.83;4921972.85;59.39;5771;5
1498172.99;4921967.42;62.76;5772;5
1498167.14;4921961.97;62.88;5773;5
1498161.28;4921956.52;62.87;5774;5
1498158.35;4921953.79;59.55;5775;5
1498157.9;4921949.82;60.95;5776;5
1498157.58;4921946.96;60.95;5777;5
1498160.53;4921942.78;63.84;5778;5
1498161.31;4921941.67;63.84;5779;5
1498158.7;4921936.49;54.05;5780;5
1498158.15;4921935.85;54.05;5781;5
1498152.94;4921929.78;54.38;5782;5
1498147.73;4921923.71;53.64;5783;5
1498142.52;4921917.64;53.3;5784;5
1498137.31;4921911.57;54.77;5785;5
1498132.1;4921905.51;53.55;5786;5
1498126.89;4921899.44;60.07;5787;5
1498123.36;4921895.32;54.33;5788;5
1498121.43;4921893.62;62.88;5789;5
1498115.42;4921888.34;63.22;5790;5
1498109.41;4921883.06;54.11;5791;5
1498106.96;4921880.91;54.11;5792;5
1498103.96;4921877.24;53.36;5793;5
1498100.92;4921873.52;60.61;5794;5
1498100.92;4921873.52;60.61;5795;5
1498098.57;4921871.36;50.64;5796;5
1498095.15;4921868.21;60.7;5797;5
1498092.86;4921865.77;51.07;5798;5
1498087.39;4921859.94;57.08;5799;5
1498086.27;4921858.74;57.08;5800;5
1498091.19;4921854.72;67.51;5801;5
1498097.12;4921849.87;68.28;5802;5
1498097.32;4921849.59;68.28;5803;5
1498102.08;4921843.16;67.78;5804;5
1498103.66;4921841.01;67.78;5805;5
1498105.17;4921838.97;71.56;5806;5
1498105.28;4921836.18;71.56;5807;5
1498105.58;4921828.19;72.6;5808;5
1498105.64;4921826.66;72.6;5809;5
1498103.78;4921820.47;65.16;5810;5
1498102.8;4921817.18;64.45;5811;5
1498099.43;4921814.09;63.61;5812;5
1498097.12;4921811.97;63.61;5813;5
1498092.29;4921812.48;63.38;5814;5
1498088.12;4921812.92;63.35;5815;5
1498084.9;4921814.95;63.3;5816;5
1498079.13;4921818.61;63.25;5817;5
1498078.17;4921819.26;63.25;5818;5
1498074.17;4921821.97;63.14;5819;5
1498071.93;4921819.72;63.15;5820;5
1498066.28;4921814.06;63.16;5821;5
1498060.64;4921808.4;63.16;5822;5
1498054.99;4921802.73;62.23;5823;5
1498049.34;4921797.07;61.63;5824;5
1498043.7;4921791.4;60.89;5825;5
1498043.69;4921791.4;60.89;5826;5
1498044.75;4921790.22;60.89;5827;5
1498040.38;4921785.54;60.72;5828;5
1498034.92;4921779.69;59.14;5829;5
1498032.01;4921776.58;59.14;5830;5
1498029.06;4921774.28;58.37;5831;5
1498022.75;4921769.37;57.63;5832;5
1498020.51;4921767.63;57.63;5833;5
1498018.4;4921767.63;57.22;5834;5
1498017.24;4921765.81;57.22;5835;5
1498016.56;4921765.23;57.22;5836;5
1498010.49;4921760.02;56.57;5837;5
1498004.42;4921754.81;56;5838;5
1497998.35;4921749.61;55.83;5839;5
1497992.28;4921744.4;55.57;5840;5
1497989.11;4921741.68;55.5;5841;5
1497985.83;4921739.71;55.12;5842;5
1497979.47;4921735.89;54.5;5843;5
1497978.96;4921735.62;54.5;5844;5
1497971.91;4921731.86;53.43;5845;5
1497969.83;4921730.75;52.95;5846;5
1497964.4;4921729.2;52.69;5847;5
1497960.84;4921728.18;52.69;5848;5
1497957.32;4921725.72;52.39;5849;5
1497954.41;4921723.69;55.15;5850;5
1497950.94;4921720.91;55.15;5851;5
1497947.99;4921718.55;55.06;5852;5
1497945.14;4921715.44;55.06;5853;5
1497939.73;4921709.54;55.1;5854;5
1497934.33;4921703.64;55.08;5855;5
1497933.86;4921703.13;55.08;5856;5
1497929.18;4921697.52;55.13;5857;5
1497927.43;4921695.42;55.13;5858;5
1497923.59;4921691.83;55.03;5859;5
1497917.79;4921686.42;55.09;5860;5
1497917.72;4921686.41;55.09;5861;5
1497910.73;4921685.14;49.26;5862;5
1497909.9;4921684.81;46.93;5863;5
1497902.45;4921681.91;46.89;5864;5
1497900.96;4921681.33;46.89;5865;5
1497898.37;4921680.33;46.85;5866;5
1497894.77;4921680.73;46.83;5867;5
1497886.82;4921681.62;46.85;5868;5
1497885.71;4921681.74;46.85;5869;5
1497883.93;4921682.18;46.92;5870;5
1497879.03;4921683.4;48.93;5871;5
1497877.96;4921683.67;48.93;5872;5
1497871.06;4921683.67;48.52;5873;5
1497863.07;4921683.67;48.43;5874;5
1497862.54;4921683.67;48.43;5875;5
1497855.32;4921681.74;48.69;5876;5
1497852.9;4921681.1;46.66;5877;5
1497848.41;4921677.93;46.44;5878;5
1497841.87;4921673.33;46.4;5879;5
1497835.34;4921668.72;46.46;5880;5
1497828.8;4921664.11;46.45;5881;5
1497822.26;4921659.5;46.37;5882;5
1497815.73;4921654.89;46.24;5883;5
1497809.19;4921650.28;45.87;5884;5
1497802.65;4921645.67;45.88;5885;5
1497797.09;4921641.75;45.8;5886;5
1497796.12;4921641.06;45.8;5887;5
1497789.58;4921636.45;45.79;5888;5
1497788.16;4921635.45;45.79;5889;5
1497784.48;4921630.39;45.76;5890;5
1497783.78;4921629.42;45.69;5891;5
1497779.78;4921623.92;45.65;5892;5
1497777.56;4921620.87;45.65;5893;5
1497775.76;4921617.04;45.65;5894;5
1497772.42;4921609.95;45.6;5895;5
1497772.36;4921609.81;45.6;5896;5
1497769.21;4921602.45;45.54;5897;5
1497768.57;4921600.96;45.54;5898;5
1497768.21;4921594.6;45.31;5899;5
1497767.92;4921589.39;45.36;5900;5
1497767.32;4921586.67;45.36;5901;5
1497766.64;4921583.61;46.56;5902;5
1497765.3;4921578.94;47.38;5903;5
1497764.07;4921574.62;45.47;5904;5
1497761.59;4921572.14;45.47;5905;5
1497756.36;4921566.91;45.65;5906;5
1497755.91;4921566.51;45.65;5907;5
1497749.96;4921561.16;45.58;5908;5
1497749.93;4921561.13;45.58;5909;5
1497742.9;4921557.42;45.45;5910;5
1497735.82;4921553.69;45.32;5911;5
1497728.75;4921549.95;45.22;5912;5
1497721.67;4921546.22;44.94;5913;5
1497714.6;4921542.49;44.88;5914;5
1497956.78;4921857.73;25.33;5915;5
1497883.29;4921791.01;24.73;5916;5
1497809.81;4921724.3;24.14;5917;5
1497736.33;4921657.58;23.54;5918;5
1497662.85;4921590.87;22.95;5919;5
1497589.36;4921524.16;22.35;5920;5
1497556.73;4921494.52;22.09;5921;5
1497525.65;4921448.94;21.76;5922;5
1497469.74;4921366.94;21.16;5923;5
1497413.83;4921284.94;20.57;5924;5
1497398.81;4921262.92;20.41;5925;5
1497369.02;4921196.71;19.97;5926;5
1497328.29;4921106.21;19.38;5927;5
1497287.56;4921015.7;18.78;5928;5
1497256.69;4920947.09;18.33;5929;5
1497248.21;4920924.62;18.18;5930;5
1497213.17;4920831.76;17.59;5931;5
1497178.13;4920738.91;16.99;5932;5
1497151.41;4920668.1;16.54;5933;5
1497143.96;4920645.74;16.4;5934;5
1497112.57;4920551.58;15.8;5935;5
1497081.19;4920457.43;15.21;5936;5
1497049.8;4920363.27;14.61;5937;5
1497018.41;4920269.11;14.02;5938;5
1497009.29;4920241.73;13.84;5939;5
1496978.92;4920178.23;13.42;5940;5
1496936.1;4920088.7;12.82;5941;5
1496893.48;4919999.6;12.23;5942;5
1496893.2;4919999.21;12.23;5943;5
1496834.59;4919919.11;11.63;5944;5
1496775.98;4919839.01;11.04;5945;5
1496735.57;4919783.78;10.63;5946;5
1496716.97;4919759.21;10.44;5947;5
1496657.08;4919680.07;9.85;5948;5
1496597.19;4919600.92;9.25;5949;5
1496588.18;4919589.02;9.16;5950;5
1496510.68;4919555.8;8.66;5951;5
1496419.46;4919516.71;8.06;5952;5
1496328.23;4919477.61;7.47;5953;5
1496237.01;4919438.51;6.87;5954;5
1496146.02;4919399.52;6.28;5955;5
1496145.79;4919399.39;6.27;5956;5
1496058.93;4919351.39;5.68;5957;5
1495972.06;4919303.38;5.08;5958;5
1495945.99;4919288.98;4.9;5959;5
1495909.15;4919241.61;4.54;5960;5
1495908.39;4919232.18;4.49;5961;5
1495900.48;4919133.25;3.89;5962;5
1495898.62;4919110.01;3.75;5963;5
1495889.57;4919034.61;3.3;5964;5
1495882.83;4918978.42;2.96;5965;5
1495875.82;4918936.35;2.7;5966;5
1495859.5;4918838.45;2.11;5967;5
1495845.98;4918757.33;1.61;5968;5
1495846.83;4918740.34;1.51;5969;5
1495851.25;4918652.06;0.98;5970;5
1495853.88;4918641.52;0.91;5971;5
1495877.95;4918545.24;0.32;5972;5
1495893.36;4918483.62;-0.06;5973;5
1495913.6;4918454.17;-0.28;5974;5
1495969.83;4918372.38;-0.87;5975;5
1496009.16;4918315.17;-1.29;5976;5
1496031.07;4918294.95;-1.47;5977;5
1496104;4918227.63;-2.06;5978;5
1496146.02;4918188.84;-2.41;5979;5
1496171.85;4918155.63;-2.66;5980;5
1496232.78;4918077.29;-3.25;5981;5
1496293.41;4917999.34;-3.85;5982;5
1496293.57;4917998.87;-3.85;5983;5
1496325.69;4917904.96;-4.44;5984;5
1496357.82;4917811.06;-5.04;5985;5
1496361.84;4917799.32;-5.11;5986;5
1496363.81;4917712.5;-5.64;5987;5
1496366.06;4917613.28;-6.23;5988;5
1496367.1;4917567.71;-6.5;5989;5
1496352.87;4917515.96;-6.83;5990;5
1496326.55;4917420.26;-7.42;5991;5
1496309.2;4917357.16;-7.82;5992;5
1496295.84;4917326.1;-8.02;5993;5
1496256.63;4917234.93;-8.61;5994;5
1496217.41;4917143.76;-9.21;5995;5
1496178.2;4917052.58;-9.8;5996;5
1496138.98;4916961.41;-10.4;5997;5
1496099.77;4916870.23;-11;5998;5
1496098.65;4916867.62;-11.01;5999;5
1496061.11;4916778.82;-11.59;6000;5
1496022.47;4916687.4;-12.19;6001;5
1495983.83;4916595.99;-12.78;6002;5
1495945.19;4916504.57;-13.38;6003;5
1495906.55;4916413.15;-13.97;6004;5
1495882.83;4916357.03;-14.34;6005;5
1495865.69;4916322.75;-14.57;6006;5
1495821.3;4916233.98;-15.16;6007;5
1495776.92;4916145.21;-15.76;6008;5
1495732.53;4916056.44;-16.35;6009;5
1495703.86;4915999.09;-16.74;6010;5
1495690.4;4915966.63;-16.95;6011;5
1495652.39;4915874.95;-17.55;6012;5
1495614.37;4915783.27;-18.14;6013;5
1495938;4917175;0.32;6014;5
1495919;4917174;5.16;6015;5
1495905;4917172;15.48;6016;5
1495913;4917157;1.3;6017;5
1495927;4917153;-0.03;6018;5
1495946;4917146;-7.63;6019;5
1495957;4917132;-23.34;6020;5
1495975;4917139;-17.12;6021;5
1495536;4917384;13.11;6022;5
1497714;4921695;21.6;6023;5
1495848;4920295;50.1;6024;5
1495563;4916498;-5.25;6025;5
1495817;4920263;42.47;6026;5
1495920;4919832;42.03;6027;5
1495967;4917157;-10.51;6028;5
1495861;4920405;52.81;6029;5
1496107;4919571;21.28;6030;5
1495859;4920389;50.78;6031;5
1496107;4919571;22.58;6032;5
1495870;4920316;41.61;6033;5
1495858;4920297;45.54;6034;5
1495848;4920278;47.89;6035;5
1495847;4920268;45.55;6036;5
1495951;4917167;-5.99;6037;5
1495898;4920390;39.73;6038;5
1496107;4919571;24.78;6039;5
1495749;4917072;3.07;6040;5
1495951;4917156;-6.48;6041;5
1495892;4920373;49;6042;5
1495880;4920341;43.13;6043;5
1495464;4917914;88.86;6044;5
1495037;4917550;35.22;6045;5
1495303;4917512;31.63;6046;5
1495830;4920304;49.19;6047;5
1495813;4920276;45.02;6048;5
1495920;4919832;40.03;6049;5
1497612;4921436;28.73;6050;5
1496024;4919080;15.79;6051;5
1495549;4917384;13.17;6052;5
1495863;4920347;49.5;6053;5
1495829;4920289;44.7;6054;5
1495972;4916063;0.82;6055;5
1495889;4920386;51.99;6056;5
1495809;4920291;44.7;6057;5
1496818;4919711;21.07;6058;5
1496041;4919105;18.03;6059;5
1495498;4917889;89.59;6060;5
1496880;4919883;19.89;6061;5
1495921;4919496;15.83;6062;5
1495981;4918264;-13.56;6063;5
1495913;4919525;14.24;6064;5
1495868;4918607;-10.19;6065;5
1495908;4919142;-7.18;6066;5
1495551;4917389;16.43;6067;5
1497719;4921710;31.08;6068;5
1495868;4920395;50.82;6069;5
1495815;4920312;44.62;6070;5
1495535;4917389;22.31;6071;5
1497703;4921710;29.82;6072;5
1495826;4920323;48.96;6073;5
1497135;4921952;49.06;6074;5
1495565;4917310;2.68;6075;5
1497721;4921740;30.23;6076;5
1495863;4920344;50.61;6077;5
1495835;4920334;47.55;6078;5
1496107;4919571;24.28;6079;5
1497931;4921826;25.33;6080;5
1496274;4918039;-12.13;6081;5
1496358;4917277;-20.94;6082;5
1495853;4920362;49.39;6083;5
1496107;4919571;23.98;6084;5
1495842;4920343;47.95;6085;5
1496107;4919571;26.08;6086;5
1495295;4917095;23.26;6087;5
1497182;4920489;12.23;6088;5
1497634;4920173;41.31;6089;5
1495842;4917177;13.05;6090;5
1495295;4917095;20.26;6091;5
1497218;4920487;26.83;6092;5
1497654;4920206;47.4;6093;5
1497519;4920139;46.5;6094;5
1497444;4920157;41.51;6095;5
1495295;4917095;20.26;6096;5
1495295;4917095;20.76;6097;5
1495295;4917095;21.76;6098;5
1496918;4919881;28.97;6099;5
1495986;4918571;10.11;6100;5
1495064;4915856;-15.77;6101;5
1496685;4919576;16.1;6102;5
1494890;4916069;-1.82;6103;5
1495856;4920375;49.81;6104;5
1496107;4919571;24.78;6105;5
1495295;4917095;20.56;6106;5
1497356;4920208;30.32;6107;5
1496332;4918122;3.99;6108;5
1497237;4920576;32.53;6109;5
1496817;4920302;24.17;6110;5
1495890;4917152;7.57;6111;5
1495833;4917153;9.97;6112;5
1495855;4917173;11.85;6113;5
1495910;4917179;13.73;6114;5
1495855;4917173;12.05;6115;5
1495864;4917184;21.39;6116;5
1497183;4916877;9.25;6117;5
1495525;4917335;-1.05;6118;5
1497451;4920177;44.88;6119;5
1494904;4916072;-2.48;6120;5
1495346;4915713;-19.11;6121;5
1495487;4915942;-10.48;6122;5
1495880;4917176;12.68;6123;5
1497529;4920137;47.1;6124;5
1497406;4920193;42.85;6125;5
1496275;4918182;-1.86;6126;5
1495722;4916579;-26.13;6127;5
1496861;4920331;17.15;6128;5
1497571;4920113;42.6;6129;5
1497377;4920148;27.67;6130;5
1497648;4920174;45.82;6131;5
1497607;4920107;36.24;6132;5
1497609;4920116;37.78;6133;5
1497521;4920124;44.78;6134;5
1497474;4920149;43.42;6135;5
1497392;4920176;42.72;6136;5
1497396;4920163;40.78;6137;5
1497554;4920093;34.31;6138;5
1497606;4920160;45;6139;5
1497302;4920224;20.88;6140;5
1497254;4920232;19.15;6141;5
1496029;4918594;13.28;6142;5
1497557;4917434;46.34;6143;5
1495149;4915868;-13.48;6144;5
1494899;4916082;-0.91;6145;5
1497600;4920094;39.6;6146;5
1497463;4920119;32.26;6147;5
1495592;4917355;6.21;6148;5
1495950;4917121;-14.24;6149;5
1497527;4920119;34.86;6150;5
1497450;4920143;38.59;6151;5
1496891;4916958;-15.27;6152;5
1497189;4916929;-1.49;6153;5
1497424;4920156;38.21;6154;5
1495947;4918550;8.58;6155;5
1495866;4917184;16.87;6156;5
1495878;4917182;18.15;6157;5
1497192;4920446;21.51;6158;5
1496033;4918576;12.57;6159;5
1495957;4918576;11.41;6160;5
1496015;4918625;17.08;6161;5
1495637;4916460;-10.94;6162;5
1497432;4920127;31.55;6163;5
1495974;4918586;11.79;6164;5
1495052;4915951;-8.35;6165;5
1494898;4916065;-0.93;6166;5
1497479;4920187;49.15;6167;5
1496000;4918643;15;6168;5
1496233;4918241;1.38;6169;5
1495968;4918555;5.16;6170;5
1494968;4915952;-11;6171;5
1496450;4917148;-35.02;6172;5
1496358;4917277;-20.94;6173;5
