1492454;4924230;53.45
1491648;4924444;66.95
1493192;4922722;155.34
1491936;4922718;28.70
1492491;4923695;35.11
1491910;4923508;29.26
1493919;4922765;317.25
1492687;4918087;34.82
1492325;4927894;189.10
1491480;4924340;52.68
1492111;4927766;119.42
1492572;4927080;107.67
1492726;4924807;121.34
1491912;4926098;73.27
1493770;4922670;237.94
1491855;4926189;80.46
1490522;4920697;39.30
1491801;4925995;113.90
1491912;4922017;80.50
1492011;4922458;33.45
1490235;4920888;101.23
1492081;4917441;0.86
1492296;4917206;11.91
1492129;4924261;55.06
1492562;4923594;53.94
1491911;4923618;43.92
1492769;4924981;143.69
1491788;4917776;36.86
1492241;4927419;110.30
1492084;4917453;1.07
1492459;4921169;32.04
1491765;4921486;33.58
1491323;4925501;198.11
1492289;4918738;129.57
1492222;4922831;34.65
1491504;4924413;55.15
1492729;4926967;120.55
1492319;4917790;88.04
1497177;4916061;40.26
1492272;4925017;57.04
1492261;4927360;98.42
1493612;4919182;133.46
1491853;4919852;93.52
1494818;4918244;121.86
1491026;4919921;4.75
1492267;4921312;69.40
1492677;4927031;108.60
1490989;4921855;72.54
1492254;4923437;61.68
1491597;4924085;92.53
1491113;4921579;21.01
1491852;4920712;48.58
1493618;4924204;160.15
1491882;4926476;115.40
1491970;4924614;43.05
1493751;4919092;88.72
1491637;4919271;17.05
1491961;4926223;74.50
1492512;4924237;44.56
1492370;4923569;24.63
1490284;4918315;18.10
1490390;4918470;-15.34
1492565;4924304;45.26
1492512;4924148;37.66
1495938;4917175;0.32
1495923;4920244;93.08
1498803;4922913;129.21
1497523;4920602;103.36
1492504;4922194;99.82
1495919;4917174;5.16
1495923;4920244;72.08
1495807;4920236;37.33
1497515;4920602;102.43
1497909;4917263;72.47
1492504;4922194;104.32
1495905;4917172;15.48
1495923;4920244;73.08
1492500;4922300;149.28
1492504;4922194;94.32
1495913;4917157;1.30
1495923;4920244;97.58
1492500;4922300;142.68
1492504;4922194;104.82
1495927;4917153;-0.03
1495923;4920244;92.38
1492500;4922300;149.68
1492500;4922300;143.68
1495946;4917146;-7.63
1495923;4920244;79.98
1492500;4922300;147.48
1492500;4922300;147.48
1492504;4922194;104.32
1495957;4917132;-23.34
1492500;4922300;143.68
1492504;4922194;103.32
1492500;4922300;149.68
1492504;4922194;104.32
1495975;4917139;-17.12
1492500;4922300;149.68
1492290;4917486;21.73
1495046;4918658;178.91
1492177;4925863;83.05
1491876;4924767;65.06
1492504;4922194;99.82
1493048;4921647;173.86
1492825;4918118;27.12
1491285;4922902;162.02
1492570;4920879;84.55
1492596;4924529;85.13
1493128;4921678;208.31
1495308;4918041;113.00
1490371;4918394;6.76
1491231;4923171;181.34
1493126;4918175;26.28
1496372;4915913;25.83
1494370;4918278;49.05
1495110;4918966;278.86
1494352;4918106;21.08
1495118;4918422;142.21
1486875;4920095;138.69
1494625;4916195;-12.83
1481628;4920423;179.62
1480799;4919852;66.52
1480666;4920170;89.73
1493472;4918759;32.34
1489303;4918002;-4.18
1482326;4919593;5.21
1481599;4919763;20.42
1481304;4920200;118.73
1486219;4919397;8.84
1495155;4918239;143.87
1481299;4920135;98.37
1486155;4919391;10.78
1487861;4919727;20.39
1480799;4919852;66.52
1487724;4919938;67.96
1482846;4919464;9.95
1492156;4917002;-2.94
1479832;4920812;12.86
1489767;4918195;0.26
1488209;4926035;638.10
1495540;4916240;22.49
1494152;4918575;107.44
1486184;4919543;29.94
1483981;4919423;36.69
1481052;4919525;6.15
1485874;4922175;180.75
1479050;4920332;3.12
1485690;4923099;133.72
1488844;4918655;7.12
1478268;4921537;52.87
1484509;4919396;108.72
1484660;4919054;43.73
1482795;4920193;40.80
1484288;4919622;93.09
1482890;4919619;45.69
1495532;4917158;-5.04
1485939;4919706;4.96
1486238;4919508;32.95
1479555;4920771;86.09
1490320;4920733;32.13
1484869;4919635;30.86
1487277;4925062;469.61
1489504;4918827;52.30
1494903;4916188;27.57
1481672;4919388;-1.24
1482489;4919846;35.52
1476800;4923079;243.99
1478243;4918581;83.43
1485570;4920061;17.16
1476805;4923089;248.33
1489538;4919966;66.08
1489040;4918699;75.27
1481781;4920064;72.60
1479963;4919870;56.78
1481762;4919198;-7.29
1485840;4922072;121.98
1490212;4918237;10.95
1493497;4919178;80.25
1482327;4919412;4.15
1484472;4919058;1.11
1487885;4919646;36.28
1484387;4919458;77.99
1484932;4919284;12.39
1485083;4919578;42.77
1489350;4917887;-5.88
1493326;4918587;100.49
1494868;4919164;301.26
1494498;4916713;-0.70
1494688;4917902;71.56
1495296;4917967;93.54
1493765;4919086;86.91
1486844;4920022;136.36
1486836;4925113;296.28
1492513;4918106;100.31
1480298;4921334;45.15
1483101;4919550;-0.54
1482903;4919475;17.13
1492546;4917414;10.66
1489136;4919952;18.70
1485502;4919544;16.28
1495341;4917843;63.01
1492306;4918559;98.61
1484927;4921248;200.51
1496858;4917651;42.15
1481052;4919895;62.05
1482366;4920193;30.96
1477947;4919312;261.64
1479698;4921119;78.43
1481087;4920009;61.30
1489483;4919912;80.50
1487147;4920437;147.36
1485203;4919135;4.12
1495051;4918967;281.52
1480642;4919674;15.99
1486800;4925077;287.59
1479742;4919713;58.45
1493366;4916016;-15.01
1481929;4922328;334.23
1479481;4919612;3.17
1484828;4919200;42.52
1478610;4919124;170.82
1495178;4916456;3.08
1489159;4918119;33.61
1484356;4919500;80.17
1483263;4919212;-8.18
1478854;4918906;73.62
1478500;4919045;164.09
1489526;4918534;83.57
1494595;4918107;62.69
1480622;4919669;15.65
1494605;4916760;22.64
1481777;4920631;187.39
1488725;4918824;30.20
1490828;4918322;-10.89
1492025;4927333;97.05
1492212;4920854;29.67
1491288;4923367;186.09
1491166;4922999;136.03
1492243;4924633;60.66
1491320;4925979;204.99
1496361;4915575;12.81
1495020;4916622;35.66
1492445;4924168;48.87
1494938;4916656;47.51
1492158;4928145;188.47
1493615;4919356;79.25
1492393;4927537;98.86
1491818;4925603;94.55
1491810;4928091;115.70
1490095;4920675;75.78
1493989;4918692;118.41
1493001;4921688;181.19
1493187;4924934;51.28
1492842;4924486;58.99
1491837;4920761;58.56
1495883;4917840;85.83
1491637;4922805;87.17
1491690;4921836;31.27
1495466;4917892;89.11
1491068;4918243;-6.40
1493585;4924766;61.24
1497594;4916283;43.27
1494578;4916129;-13.61
1497720;4917747;60.10
1493432;4918186;28.12
1497320;4916505;55.22
1495870;4917744;75.62
1495518;4916337;38.81
1495411;4917402;28.04
1492834;4917908;12.16
1494218;4917824;1.23
1494800;4918069;77.19
1494498;4918023;31.41
1492713;4918397;66.60
1500997;4921528;84.28
1498275;4922713;46.64
1499171;4923517;107.74
1496152;4917513;9.85
1498821;4921142;185.60
1495558;4919190;65.39
1500177;4921516;64.74
1495043;4919214;237.33
1497650;4921922;97.73
1495536;4917384;13.11
1498408;4919049;135.88
1497714;4921695;21.60
1496172;4917444;5.84
1501089;4921394;112.31
1502056;4921198;262.65
1497478;4920363;86.11
1501699;4922309;219.86
1501297;4922209;163.67
1495678;4919229;39.70
1499480;4922049;65.79
1495317;4918555;214.77
1495681;4918587;47.65
1494407;4919421;237.77
1492242;4918650;100.54
1500471;4915923;66.16
1500091;4916145;110.24
1500135;4916098;117.58
1498629;4915689;11.28
1498781;4916811;55.55
1503125;4914573;32.78
1502966;4915281;62.65
1499155;4917422;26.10
1502943;4914922;68.90
1501311;4918815;156.47
1501457;4919981;304.65
1500677;4918162;240.34
1504570;4914163;40.04
1499239;4916871;59.80
1498508;4915626;25.19
1501164;4914856;14.88
1503042;4915237;36.41
1502590;4914611;10.26
1496271;4915998;34.22
1497997;4915827;33.14
1503009;4914649;27.07
1498113;4915746;32.37
1498786;4916099;37.68
1498460;4917137;57.40
1499504;4915296;24.79
1497285;4915605;29.85
1499102;4917059;23.95
1499839;4916105;53.38
1503734;4914291;26.34
1500897;4919407;233.52
1500744;4915336;44.16
1503114;4915188;20.39
1500711;4915388;50.41
1497990;4915316;7.42
1492815;4917832;8.36
1502427;4914595;26.89
1502956;4914669;34.86
1499810;4915474;26.60
1492409;4917639;21.03
1491747;4917712;29.38
1493618;4918147;11.60
1494570;4916822;19.93
1493455;4919236;86.47
1499628;4921014;185.52
1501542;4921977;92.84
1498043;4922727;116.14
1497939;4920642;153.25
1498396;4923687;181.47
1497842;4922922;165.04
1496248;4919994;125.41
1497039;4918681;170.77
1497138;4918191;29.25
1495848;4920295;50.10
1495563;4916498;-5.25
1501143;4920225;326.04
1499248;4921169;211.54
1497727;4920322;81.39
1497205;4918480;74.25
1497560;4923082;202.51
1495817;4920263;42.47
1497336;4919199;172.30
1497646;4918990;140.42
1494817;4917998;63.28
1497118;4918783;166.59
1499154;4921216;206.05
1496876;4919824;41.45
1497619;4921400;24.35
1495908;4920067;64.80
1498688;4922540;77.42
1498554;4920866;143.72
1496935;4918707;159.56
1496870;4918661;162.71
1502108;4923028;347.53
1499165;4922525;137.78
1496481;4919779;86.22
1498467;4919101;101.93
1498098;4923302;85.87
1497352;4920548;59.61
1498121;4918718;85.21
1497954;4920766;184.97
1496840;4918416;77.56
1496288;4918703;61.93
1500588;4920766;206.53
1499404;4921637;70.93
1499126;4923490;101.62
1498897;4923096;168.71
1497631;4920894;87.29
1496582;4917322;27.40
1500609;4921947;87.46
1496920;4919081;177.62
1498042;4917792;114.29
1492758;4919067;147.55
1498906;4922656;111.57
1497059;4922064;70.66
1495920;4919832;42.03
1501414;4921971;103.37
1498060;4919000;143.84
1499449;4923147;195.45
1499495;4922154;69.82
1498625;4922458;60.43
1498093;4922474;95.72
1497838;4920334;65.80
1496946;4922148;87.29
1498729;4918255;273.61
1498147;4922268;47.91
1498479;4919466;183.78
1498248;4918873;103.61
1497102;4918490;80.78
1501677;4922431;236.23
1498156;4918807;77.55
1492714;4919384;197.81
1497458;4917615;89.85
1501865;4921983;113.33
1496081;4918639;43.70
1496557;4917415;21.49
1500755;4922403;101.02
1500311;4921669;67.18
1500413;4922133;128.20
1497648;4917813;100.16
1501326;4921673;77.39
1495470;4917442;41.86
1497233;4917449;63.67
1501705;4920151;324.05
1496968;4923812;314.39
1497844;4923040;165.91
1497683;4917565;78.26
1497473;4920764;71.53
1498358;4915840;14.39
1492847;4917800;4.48
1498375;4916341;39.65
1495123;4918245;113.52
1494904;4918027;75.80
1492885;4918503;91.52
1494259;4919102;155.85
1492884;4919074;214.29
1492160;4917284;-4.73
1493412;4918133;9.32
1494040;4918362;104.18
1492050;4918756;131.37
1495338;4918359;191.76
1495430;4916146;19.57
1492785;4917589;-3.92
1494564;4918364;102.58
1492679;4918139;54.42
1494414;4918974;142.44
1501739;4921872;90.83
1497575;4920370;93.78
1497686;4917572;87.69
1498750;4923398;71.57
1492270;4918552;99.65
1494134;4917192;-5.46
1500240;4916021;116.82
1500047;4915617;37.07
1498573;4917388;103.98
1494375;4916816;-1.73
1501887;4921952;104.10
1492132;4917265;-10.40
1492102;4917222;-9.78
1492137;4917229;-5.22
1492177;4917187;-5.80
1492093;4917272;-8.83
1491930;4924609;69.68
1492158;4924093;37.81
1490484;4917953;-32.74
1497686;4917572;87.94
1491908;4924338;107.86
1492222;4919082;201.98
1498448;4922651;59.21
1493264;4922586;134.34
1492555;4924132;37.06
1492066;4924094;50.05
1491994;4924294;81.78
1492560;4923880;31.86
1492324;4918858;145.07
1490704;4917629;-37.19
1491982;4924608;47.64
1492900;4921522;131.16
1481430;4920395;142.64
1480701;4920053;104.70
1493395;4919041;54.89
1481511;4919922;52.43
1480701;4920053;104.70
1486810;4920301;144.25
1485498;4920075;46.76
1484932;4921362;176.61
1488781;4918424;-2.69
1494574;4916726;8.07
1499462;4921251;176.07
1495967;4917157;-10.51
1497357;4918919;98.36
1495861;4920405;52.81
1497227;4918814;163.34
1497426;4923164;207.97
1499820;4920957;219.08
1499392;4923147;192.27
1496107;4919571;21.28
1492706;4919294;176.37
1498461;4923364;96.28
1499007;4923659;82.51
1492292;4918577;95.49
1494187;4917128;-4.70
1500226;4916038;125.75
1500078;4915620;36.56
1494280;4916977;0.94
1492066;4924094;50.05
1491898;4924379;104.35
1498450;4922633;58.54
1493251;4922600;129.50
1492535;4924271;48.53
1492034;4924037;52.29
1491894;4924417;101.42
1492215;4918896;131.53
1490695;4917602;-41.92
1491995;4924571;51.94
1492517;4923826;29.17
1490388;4918862;33.05
1492894;4921506;117.34
1495295;4917883;78.02
1494517;4916777;29.51
1494517;4916777;28.51
1494517;4916777;28.91
1494517;4916777;28.51
1494517;4916777;28.81
1492408;4917509;8.62
1491876;4924767;65.06
1491761;4924938;68.80
1497044;4918048;63.27
1497040;4918033;70.60
1490687;4917780;-38.48
1491829;4924778;69.86
1493277;4922573;134.10
1492632;4924187;35.09
1492158;4924093;37.81
1492013;4924253;83.32
1492335;4918828;148.83
1490726;4917679;-41.17
1491972;4924563;54.64
1490486;4918955;35.84
1492864;4921543;120.76
1481365;4920455;163.00
1480662;4919960;96.72
1493404;4919017;58.13
1481489;4919925;67.03
1487882;4919763;26.39
1480662;4919960;96.72
1486781;4920344;151.96
1485521;4920053;44.37
1484932;4921362;179.01
1479460;4919675;0.37
1488776;4918321;-6.90
1486252;4919149;-5.34
1499600;4921220;151.52
1498129;4922667;102.96
1497859;4922989;160.14
1497355;4918897;101.32
1495859;4920389;50.78
1497183;4918806;161.31
1497426;4923164;208.97
1499751;4920967;215.00
1499317;4923139;193.19
1496107;4919571;22.58
1492708;4919326;176.32
1498501;4923345;79.00
1497883;4915451;13.60
1497885;4915870;24.10
1498167;4915197;8.22
1498017;4916448;66.84
1502013;4914577;23.60
1504570;4914163;40.04
1497272;4916615;63.48
1496772;4915991;33.82
1499382;4917929;137.81
1498459;4915791;7.58
1498749;4915783;5.77
1500122;4915592;39.32
1503545;4914486;36.62
1498343;4917288;61.19
1498388;4916709;53.61
1497164;4916557;41.59
1496802;4915980;37.93
1496077;4915727;21.10
1500503;4915713;60.02
1500392;4916161;126.48
1497518;4915914;15.11
1496996;4915788;17.46
1498616;4917191;90.26
1497052;4915484;-0.36
1500526;4915265;33.84
1498432;4915500;13.36
1497660;4916628;79.64
1499085;4915668;30.74
1500179;4915690;40.57
1496430;4916522;4.14
1499342;4917802;94.85
1499809;4915898;53.80
1500996;4915391;84.19
1497915;4915791;29.19
1502701;4914913;11.38
1504090;4914723;171.84
1498486;4917351;93.97
1496438;4916139;32.94
1503594;4914603;67.88
1499956;4915428;19.59
1497569;4916826;65.91
1500378;4915106;25.54
1500385;4915068;26.28
1500822;4915075;21.19
1494566;4916699;-0.79
1497065;4916391;43.03
1497554;4915449;15.89
1498354;4916615;43.02
1497762;4916201;39.96
1503217;4914661;36.66
1503007;4914555;20.28
1504278;4914663;177.77
1504288;4914275;32.74
1499359;4917794;82.09
1498457;4922588;53.36
1493080;4922716;137.41
1492608;4924115;33.00
1491954;4924235;90.31
1492230;4918877;121.69
1492390;4923599;27.49
1481518;4920315;171.53
1480747;4920243;110.51
1481438;4920312;144.37
1480747;4920243;97.01
1484998;4921342;144.66
1497544;4921207;35.42
1497391;4918988;104.16
1495870;4920316;41.61
1497263;4918777;141.44
1500347;4920803;235.24
1492836;4919140;182.49
1501367;4922054;122.62
1498471;4922589;69.12
1492500;4922300;145.98
1492665;4922137;110.52
1493068;4922787;151.61
1492658;4924147;30.00
1490411;4917810;-37.66
1492413;4923639;31.85
1481507;4920282;166.00
1480689;4920281;101.23
1481417;4920280;136.70
1480689;4920281;101.23
1497579;4921238;38.92
1497395;4919007;108.13
1495858;4920297;45.54
1497207;4918727;132.92
1500471;4920643;246.65
1492827;4919101;172.79
1498198;4920766;123.99
1492723;4924194;32.13
1490465;4917891;-38.81
1481237;4920384;142.46
1480721;4920322;113.36
1481411;4920259;137.27
1488798;4918437;-0.13
1480721;4920322;113.36
1497612;4921392;24.97
1495848;4920278;47.89
1497236;4918752;133.68
1500585;4920603;240.03
1492818;4919043;170.36
1498068;4920731;133.03
1492561;4924009;32.34
1490522;4917984;-30.86
1481298;4920359;133.87
1480712;4920255;102.60
1481442;4920268;136.50
1488488;4919054;1.57
1480712;4920255;102.60
1497647;4921389;22.56
1495847;4920268;45.55
1497283;4918739;122.86
1501125;4920268;316.37
1500112;4915948;76.30
1492491;4923695;35.11
1491982;4924544;59.22
1492278;4917459;20.41
1502985;4914645;35.17
1491910;4923508;29.26
1492231;4917444;19.11
1481896;4919737;23.03
1497844;4923040;165.91
1502985;4914645;35.22
1492685;4918098;38.89
1484919;4921214;227.12
1481463;4920426;163.43
1480723;4920113;103.25
1481496;4919939;57.73
1480723;4920113;103.25
1486826;4920278;147.25
1484932;4921362;177.31
1494576;4916732;10.41
1488860;4918267;15.16
1499410;4921300;170.06
1495951;4917167;-5.99
1497360;4918940;101.20
1495898;4920390;39.73
1497195;4918791;157.58
1497426;4923164;206.47
1499964;4921020;211.69
1499430;4923136;196.94
1494831;4917726;22.06
1496107;4919571;24.78
1492775;4919249;179.29
1497709;4917502;76.35
1499045;4923820;117.67
1492307;4918591;98.09
1494234;4917097;-4.29
1500162;4916032;105.52
1492034;4924037;52.29
1491883;4924410;102.02
1498464;4922633;58.23
1493163;4922658;137.50
1492469;4924219;47.45
1491990;4923967;43.78
1491962;4924335;81.04
1495749;4917072;3.07
1492213;4918875;125.35
1492480;4923860;29.12
1492858;4921515;116.84
1481481;4920396;158.91
1480721;4920145;109.54
1481521;4919934;54.29
1480721;4920145;109.54
1486806;4920329;153.81
1484932;4921362;177.61
1494583;4916731;9.29
1499410;4921354;170.63
1495951;4917156;-6.48
1497363;4918967;100.84
1495892;4920373;49.00
1497145;4918741;156.70
1500031;4920944;215.76
1499458;4923152;199.67
1493709;4918316;38.50
1492813;4919234;181.20
1497687;4917513;74.46
1498810;4924543;453.34
1494214;4917150;-18.36
1500184;4916023;108.07
1491990;4923967;43.78
1494585;4916726;12.23
1500112;4915948;76.30
1491861;4924431;110.73
1498468;4922608;68.28
1493098;4922664;138.02
1492484;4924081;33.91
1491918;4924508;74.96
1492209;4918861;126.69
1481505;4920392;157.01
1480743;4920177;106.82
1481485;4919952;54.52
1480743;4920177;106.82
1484965;4921379;174.42
1499533;4921351;133.22
1497372;4918989;101.23
1497166;4918745;149.43
1500092;4920920;214.86
1491790;4917557;7.47
1492814;4919192;175.58
1497723;4917535;78.70
1494198;4917149;-10.85
1500149;4916011;97.83
1497723;4917535;78.70
1491822;4924367;108.90
1498454;4922607;50.74
1492509;4922295;144.22
1493086;4922684;145.96
1492630;4924088;32.91
1491829;4924148;52.98
1492227;4918861;121.37
1492366;4923653;32.01
1481518;4920357;159.45
1480744;4920214;103.12
1481531;4919907;53.17
1480744;4920214;102.12
1484998;4921342;143.56
1499543;4921305;154.85
1497527;4921176;28.47
1497382;4918983;100.99
1495880;4920341;43.13
1497187;4918774;150.20
1500290;4920907;216.67
1492829;4919177;178.94
1501377;4921970;103.13
1500168;4916003;101.42
1495779;4917222;14.43
1495820;4917199;16.40
1492972;4922526;52.30
1492235;4917485;17.90
1495046;4918658;177.21
1492177;4925863;84.05
1491856;4924788;65.57
1493021;4921640;163.86
1492801;4918107;27.64
1491284;4922872;149.71
1492570;4920879;80.95
1493154;4921675;206.59
1495307;4918060;114.87
1491228;4922741;117.98
1492526;4924283;57.26
1491648;4924444;66.85
1493103;4922744;148.23
1492039;4925112;48.21
1491897;4926474;115.38
1491979;4924595;55.58
1493760;4919067;86.99
1491647;4919297;21.52
1490488;4918821;2.81
1491991;4926205;69.46
1492546;4924259;45.14
1490390;4918470;-9.34
1492634;4924257;36.73
1490800;4917538;-35.58
1493434;4918935;54.42
1492529;4924128;38.11
1492693;4924257;32.60
1492000;4927337;99.73
1492196;4920841;25.82
1492240;4924615;53.98
1491316;4926029;198.32
1496351;4915541;11.69
1495006;4916618;34.12
1492489;4924194;50.25
1494920;4916660;46.00
1492647;4923987;43.97
1492195;4928147;191.79
1493628;4919384;80.15
1492387;4927548;95.03
1491775;4925573;80.96
1491848;4928117;119.96
1490072;4920694;75.36
1493974;4918691;118.63
1493034;4921707;185.33
1492858;4924485;58.97
1493822;4924867;57.69
1491843;4920758;56.13
1495870;4917844;84.58
1491629;4922789;85.49
1491693;4921813;37.82
1495464;4917914;88.86
1491065;4918231;-7.06
1493639;4924722;57.38
1497600;4916306;44.00
1494613;4916116;-11.80
1497733;4917750;58.44
1493448;4918197;33.02
1497328;4916517;57.19
1495494;4916369;35.50
1495428;4917405;21.01
1494205;4917862;-0.73
1494805;4918063;75.63
1494495;4918001;29.69
1494313;4918284;57.79
1495098;4918944;284.07
1495138;4918402;144.26
1486892;4920063;135.78
1481296;4920168;101.19
1481622;4920367;178.69
1480835;4919845;68.08
1480676;4920160;93.81
1493464;4918800;32.00
1482326;4919593;7.91
1481567;4919763;18.95
1481257;4920200;112.64
1486187;4919387;12.32
1495169;4918263;141.76
1481255;4920133;95.82
1486180;4919375;11.81
1491862;4922689;27.90
1492440;4923578;29.75
1492001;4923461;22.20
1493919;4922805;312.11
1492700;4918069;32.66
1492310;4927902;196.26
1491443;4924351;50.26
1492728;4924795;121.96
1493770;4922670;242.94
1491890;4926239;82.06
1490490;4920735;39.24
1491813;4926021;110.53
1491912;4922017;80.50
1492011;4922458;35.65
1492088;4917439;1.74
1492344;4917165;11.70
1492542;4923560;47.72
1491863;4923636;49.01
1492767;4924956;149.15
1491066;4918248;-7.80
1491907;4917737;41.10
1492244;4927415;106.77
1492098;4917447;1.60
1492451;4921191;35.31
1491776;4921461;31.87
1491326;4925566;193.88
1492292;4918757;123.69
1492218;4922823;35.56
1491501;4924391;52.54
1492710;4927054;123.50
1497202;4916045;41.64
1492252;4925007;51.74
1493608;4919197;133.21
1491879;4919852;100.69
1494836;4918239;121.68
1491027;4919944;5.95
1492680;4927025;107.94
1490996;4921848;69.59
1491639;4924044;103.00
1491115;4921542;29.17
1491859;4920700;49.11
1497127;4918840;183.09
1497553;4917712;72.95
1500497;4916112;82.88
1494533;4916778;29.38
1494533;4916778;28.78
1494533;4916778;28.48
1494672;4916862;28.84
1491999;4924212;80.78
1492177;4917448;2.25
1502985;4914645;35.22
1497591;4917125;49.82
1491811;4924799;64.54
1492143;4917441;1.20
1481106;4920124;103.78
1502985;4914645;35.12
1492147;4922318;101.90
1492351;4918875;158.55
1492113;4917480;-11.19
1494537;4918005;43.63
1481102;4920212;106.30
1483897;4919386;16.38
1495788;4917220;11.93
1495771;4917231;27.86
1495756;4917242;28.62
1498488;4922623;70.07
1488807;4921513;220.74
1488830;4921522;233.38
1488855;4921531;245.38
1488876;4921543;256.82
1488897;4921550;268.19
1488904;4921552;275.67
1488919;4921535;284.06
1488945;4921543;300.14
1488972;4921546;318.22
1489002;4921547;338.61
1489031;4921545;351.29
1494507;4918079;28.69
1494887;4918083;64.32
1495230;4917939;89.72
1495306;4917904;80.93
1495597;4917722;65.42
1495644;4917441;33.11
1495037;4917550;35.22
1492972;4922526;53.80
1498405;4922747;78.25
1500036;4916095;84.63
1493443;4919196;75.37
1482309;4919436;1.12
1487885;4919646;41.68
1484371;4919490;73.54
1484952;4919311;13.16
1485112;4919582;40.33
1489350;4917887;-6.18
1493323;4918576;98.85
1494863;4919159;300.61
1494540;4916693;-1.72
1494690;4917908;70.67
1495295;4917954;92.76
1493765;4919086;90.41
1492456;4917657;21.55
1491734;4917717;25.91
1495303;4917512;31.63
1493619;4918153;11.35
1494580;4916825;25.19
1493448;4919226;79.45
1499502;4921084;180.39
1501487;4921971;88.60
1498063;4922607;101.95
1497983;4920708;156.22
1498396;4923687;184.47
1497807;4922922;163.96
1496248;4919994;125.11
1497078;4918664;163.54
1497134;4918210;23.59
1495830;4920304;49.19
1501143;4920225;329.14
1499260;4921146;210.26
1497697;4920317;70.97
1497212;4918493;78.23
1497540;4923085;197.65
1495813;4920276;45.02
1497322;4919149;165.13
1497665;4918993;128.68
1494817;4917998;64.73
1497156;4918839;178.53
1499202;4921212;213.40
1496898;4919740;58.86
1497657;4921397;24.93
1495911;4920053;64.30
1498663;4922536;79.05
1498508;4920853;135.89
1496975;4918703;158.21
1496892;4918645;157.12
1502116;4923017;344.04
1499157;4922532;137.78
1496479;4919769;85.71
1498418;4919132;94.98
1498098;4923302;85.87
1497342;4920493;61.48
1496885;4918436;77.51
1496174;4918773;75.88
1500576;4920750;207.13
1499385;4921631;80.80
1499143;4923490;102.95
1498924;4923130;170.73
1497618;4920899;80.05
1500640;4922002;82.96
1496928;4919071;176.39
1498061;4917804;117.73
1492758;4919119;150.38
1498850;4922683;105.42
1497073;4922057;56.14
1495920;4919832;40.03
1501365;4922006;112.64
1487871;4919729;24.58
1480835;4919845;68.08
1487737;4919935;68.05
1482859;4919465;11.03
1486870;4920044;141.63
1486836;4925124;294.25
1492536;4918107;98.99
1480316;4921303;44.91
1479487;4919359;-1.03
1483116;4919541;-1.00
1480206;4919446;-7.54
1482897;4919472;11.81
1492414;4917394;10.88
1485520;4919581;16.75
1492297;4918565;102.43
1484927;4921248;199.21
1496865;4917644;49.74
1482789;4919341;-2.30
1481066;4919914;63.77
1482366;4920193;29.96
1477947;4919312;261.64
1481146;4920017;62.85
1489494;4919898;77.53
1487153;4920425;146.36
1485203;4919135;0.82
1495045;4918960;281.35
1481064;4919522;4.46
1486800;4925077;290.49
1479742;4919713;55.85
1493366;4916016;-12.21
1481764;4922099;294.77
1479480;4919630;3.30
1484828;4919200;43.32
1478578;4919107;172.75
1494761;4917613;17.58
1489183;4918118;30.57
1484363;4919477;74.46
1483266;4919233;-7.14
1478867;4918898;71.94
1478505;4919047;166.25
1489520;4918510;78.98
1494590;4918080;66.95
1480622;4919669;15.95
1494563;4916752;4.83
1481682;4920648;186.87
1488797;4918865;38.81
1492206;4916977;-0.73
1479823;4920788;21.02
1489770;4918167;-1.83
1488366;4926305;655.28
1488669;4918632;-5.30
1486201;4919548;43.58
1483976;4919444;39.38
1481068;4919542;5.51
1485845;4922214;171.06
1485668;4923127;149.87
1486540;4919279;5.45
1488835;4918679;10.71
1478290;4921545;56.68
1484521;4919386;108.39
1484661;4919063;45.41
1482756;4920218;57.49
1484301;4919651;96.12
1482842;4919613;47.61
1486035;4919642;16.87
1486229;4919490;29.74
1479562;4920746;83.39
1490331;4920714;49.28
1484817;4919674;39.62
1489456;4918669;36.84
1494898;4916200;27.13
1481658;4919362;-2.70
1482479;4919805;40.01
1491472;4917704;7.13
1485561;4920099;19.15
1489574;4919956;68.36
1489041;4918699;77.03
1481808;4920075;82.76
1479915;4919857;67.51
1481769;4919234;-5.48
1485819;4922043;110.14
1498403;4919036;135.42
1496184;4917491;5.82
1501008;4921365;98.81
1502049;4921195;264.57
1497517;4920360;89.03
1501705;4922310;215.54
1501293;4922182;156.95
1495661;4919233;47.67
1495692;4918541;54.29
1494396;4919453;237.63
1492229;4918634;102.15
1493612;4917190;-44.97
1500537;4916023;72.35
1500068;4916152;98.07
1500169;4916077;125.47
1498638;4915684;8.39
1498801;4916821;50.50
1503125;4914573;32.78
1499137;4917443;29.34
1502982;4914965;62.79
1501318;4918851;146.69
1501444;4919973;308.04
1500546;4915270;33.18
1498428;4915475;13.47
1497667;4916642;80.39
1499106;4915644;27.35
1500167;4915679;40.28
1496438;4916544;4.94
1499328;4917789;95.33
1499802;4915899;54.42
1501024;4915373;83.06
1497934;4915798;24.24
1502700;4914903;11.76
1504100;4914726;175.39
1498498;4917351;95.41
1503606;4914628;72.63
1499937;4915412;19.32
1497576;4916834;68.12
1500366;4915106;24.19
1500827;4915045;23.55
1494533;4916706;0.53
1497554;4915449;18.99
1498365;4916607;41.62
1497759;4916175;37.54
1502989;4914563;19.42
1504292;4914657;180.45
1504295;4914280;33.20
1499373;4917807;74.45
1492847;4917800;1.48
1495118;4918238;115.29
1494904;4918033;76.96
1494266;4919092;152.21
1492881;4919121;214.36
1494036;4918366;105.05
1492042;4918763;134.44
1495361;4918349;186.43
1495405;4916105;29.85
1492770;4917561;-3.72
1494525;4918363;82.52
1492677;4918130;54.05
1494430;4918998;162.43
1501800;4921818;95.07
1497577;4920378;97.63
1495273;4917818;64.64
1494672;4916862;29.04
1494672;4916862;28.84
1494672;4916862;27.94
1494672;4916862;25.54
1494672;4916862;25.94
1490874;4917541;-6.89
1492527;4917576;15.25
1492810;4917844;7.65
1491856;4924788;65.57
1491786;4924903;75.95
1497027;4918037;63.82
1497029;4918026;70.92
1490689;4917832;-38.09
1491829;4924778;69.86
1492737;4924176;29.25
1490552;4917961;-27.41
1481331;4920411;149.81
1480630;4919904;77.62
1481446;4920301;143.16
1480630;4919904;77.62
1497612;4921436;28.73
1496173;4917469;-3.02
1497229;4918723;121.50
1501161;4920263;314.38
1500112;4915948;76.10
1492748;4924218;32.44
1490597;4917940;-31.04
1481390;4920378;149.45
1480590;4919831;66.75
1481404;4920286;132.88
1500677;4918162;243.84
1504570;4914163;41.04
1500111;4915929;75.71
1499247;4916867;60.39
1498469;4915556;19.73
1501140;4914876;11.23
1497919;4915841;29.68
1502996;4915236;32.94
1502569;4914597;8.64
1498019;4915815;33.32
1502999;4914627;29.23
1498129;4915729;31.65
1498774;4916101;42.35
1498447;4917140;55.40
1499504;4915296;23.99
1498784;4915871;9.52
1497297;4915587;30.89
1499102;4917053;22.61
1503724;4914259;23.27
1500875;4919371;231.63
1500758;4915337;47.16
1503114;4915188;21.29
1500714;4915408;45.43
1497979;4915298;11.14
1492816;4917845;7.03
1502966;4914667;32.98
1499803;4915506;28.10
1497895;4915441;17.37
1497843;4915885;27.57
1498028;4916438;71.53
1502035;4914596;27.21
1504570;4914163;41.04
1497284;4916615;63.91
1496772;4915991;37.42
1499372;4917922;138.94
1498450;4915780;11.45
1498732;4915773;8.45
1500140;4915577;42.59
1503566;4914473;33.41
1498366;4917338;61.29
1498396;4916708;53.35
1499159;4916153;6.68
1497161;4916498;39.07
1496798;4915957;39.16
1496127;4915713;14.91
1500502;4915719;60.44
1500404;4916171;123.38
1497506;4915942;21.74
1497006;4915754;19.72
1498601;4917225;84.45
1499436;4923196;187.39
1498625;4922458;59.73
1496024;4919080;15.79
1498102;4922517;100.93
1497840;4920353;80.38
1497028;4922108;83.94
1498790;4918215;267.45
1498168;4922264;37.78
1497622;4918434;86.62
1497157;4918465;64.13
1498141;4918768;76.37
1492688;4919394;197.21
1497314;4917548;55.50
1501813;4921928;118.83
1496558;4917422;28.64
1500789;4922396;101.06
1500311;4921669;67.88
1500427;4922133;128.22
1497655;4917806;95.02
1501086;4921733;72.78
1495470;4917442;43.86
1497214;4917433;56.95
1501690;4920157;326.44
1497050;4923879;306.59
1497817;4923036;168.92
1497679;4917543;81.06
1497490;4920757;78.42
1492696;4918388;63.49
1500698;4921403;97.25
1498271;4922762;45.28
1496135;4917487;9.15
1498768;4921032;181.15
1495579;4919182;74.57
1500116;4921526;62.65
1495040;4919221;239.82
1497680;4921931;91.41
1495549;4917384;13.17
1498396;4922734;73.85
1500048;4916131;87.48
1489425;4919129;114.06
1495750;4917247;26.42
1495779;4917222;14.43
1495820;4917199;16.30
1492957;4922540;50.97
1492217;4917481;21.05
1492177;4925863;88.05
1493087;4921679;205.84
1492827;4918090;26.02
1491281;4922840;151.50
1492570;4920879;79.95
1491555;4924358;48.61
1493182;4921662;211.35
1495285;4918067;120.15
1491648;4924444;66.95
1493068;4922787;147.61
1491952;4925591;66.91
1491877;4922689;27.38
1492422;4923501;36.21
1492016;4923608;13.93
1493909;4922856;310.38
1492733;4918071;31.93
1492308;4927888;196.95
1491426;4924473;57.58
1492108;4927722;114.86
1491748;4920865;102.73
1491874;4926272;93.32
1491824;4925988;109.62
1492011;4922458;33.45
1492103;4917433;1.76
1492343;4917110;13.10
1492111;4924340;58.42
1491813;4923670;49.15
1492719;4924924;147.67
1491076;4918228;-5.85
1491913;4917775;49.58
1492119;4917424;1.87
1492537;4921279;42.16
1495303;4917395;29.62
1491319;4925632;189.63
1492294;4918779;122.00
1491500;4924367;55.79
1497223;4916038;40.91
1492230;4925003;50.59
1492269;4927406;104.61
1491876;4919834;97.24
1494844;4918228;120.05
1491666;4924026;102.99
1491150;4921551;25.27
1491911;4926474;112.87
1491965;4924591;58.93
1490599;4918889;1.99
1491763;4928897;159.39
1490390;4918470;-20.34
1492698;4924222;30.90
1493405;4919012;55.47
1492713;4924286;36.07
1492010;4927308;98.09
1480590;4919831;66.75
1495863;4920347;49.50
1496156;4917475;0.95
1497280;4918751;135.40
1501211;4920153;309.29
1500112;4915948;76.40
1492731;4924233;31.32
1481406;4920366;146.18
1480753;4919829;62.51
1487741;4919325;4.33
1480753;4919829;62.51
1496132;4917482;4.51
1497256;4918746;134.73
1501249;4920104;312.54
1500112;4915948;75.50
1492520;4924041;31.81
1481471;4920356;146.72
1487120;4919415;-10.72
1480667;4919737;32.96
1495829;4920289;44.70
1496149;4917507;8.61
1497211;4918691;118.37
1493924;4917463;-34.89
1492643;4924074;33.04
1492382;4923695;31.53
1481471;4920320;146.32
1480765;4919727;32.53
1480765;4919727;32.53
1496166;4917500;5.64
1497245;4918691;101.79
1496162;4917582;6.16
1501397;4920093;321.62
1492678;4924119;32.58
1481392;4920314;140.65
1481115;4919969;61.06
1481115;4919969;61.06
1497723;4921456;42.20
1496180;4917488;5.19
1497308;4918685;106.30
1492766;4924201;36.63
1481175;4920407;139.30
1481136;4919853;46.11
1481136;4919853;46.11
1497242;4918623;86.57
1481181;4920370;134.85
1481024;4919876;82.53
1481024;4919876;82.53
1495972;4916063;0.82
1481157;4920419;148.45
1497293;4918682;105.42
1493634;4917189;-15.95
1481145;4920432;157.39
1497274;4918678;107.94
1492440;4923578;29.75
1491946;4924630;59.97
1492203;4917408;-9.88
1502991;4914669;37.57
1500081;4916282;130.80
1492001;4923461;22.20
1492228;4917425;-1.27
1481901;4919741;34.84
1497817;4923036;168.92
1502991;4914669;38.02
1500403;4916015;86.86
1491932;4924252;86.41
1492094;4917492;1.22
1502991;4914669;36.97
1497591;4917125;49.92
1491811;4924799;68.04
1492151;4917458;-14.05
1481108;4920134;105.30
1502991;4914669;37.97
1492147;4922318;100.90
1492347;4918918;163.72
1492251;4917454;7.16
1494537;4918005;43.63
1481099;4920198;106.26
1483907;4919373;15.90
1492957;4922540;47.47
1482875;4919445;8.80
1486835;4920045;143.02
1486853;4925141;301.92
1480327;4921305;48.29
1479469;4919342;-6.94
1483114;4919517;-2.42
1482904;4919464;12.68
1492402;4917321;10.35
1485534;4919609;7.69
1492328;4918606;114.58
1484927;4921248;203.61
1481053;4919943;65.42
1482366;4920193;30.06
1481121;4920035;59.13
1489420;4919839;75.98
1487140;4920432;144.99
1481014;4919628;14.13
1486701;4924869;283.26
1481978;4922194;290.05
1493422;4919210;82.95
1482287;4919412;5.48
1487885;4919646;40.28
1484368;4919460;76.01
1484969;4919295;11.47
1485099;4919573;38.28
1489350;4917887;-14.98
1493321;4918567;101.15
1494861;4919168;301.19
1494565;4916666;0.91
1495304;4917958;89.25
1491728;4917702;23.22
1494590;4916829;23.32
1493442;4919214;77.39
1499420;4921101;209.28
1501442;4921981;100.89
1498130;4922669;91.60
1498021;4920731;150.95
1498396;4923687;182.37
1497774;4922936;163.87
1497107;4918664;158.76
1497091;4918155;28.04
1495889;4920386;51.99
1501148;4920262;316.48
1499374;4921081;215.66
1497664;4920321;82.24
1497222;4918506;80.39
1497524;4923088;198.20
1498796;4922933;141.72
1495809;4920291;44.70
1497319;4919133;169.20
1497688;4919002;134.70
1497190;4918850;179.35
1499281;4921134;216.51
1496818;4919711;21.07
1497653;4921442;26.46
1498641;4922550;80.22
1498468;4920820;131.92
1497010;4918705;157.71
1496891;4918656;160.60
1502107;4922997;344.80
1499132;4922562;132.35
1498398;4919135;91.61
1498098;4923302;84.87
1497268;4920573;43.78
1496965;4918476;75.35
1500544;4920773;207.21
1499361;4921653;75.96
1497594;4920869;79.44
1500664;4922040;86.54
1496919;4919068;171.09
1498023;4917782;105.48
1492738;4919196;159.58
1498852;4922632;92.41
1497091;4922048;59.39
1498076;4918990;141.72
1499396;4923171;187.34
1498625;4922458;62.73
1496041;4919105;18.03
1498086;4922546;104.47
1497818;4920353;73.49
1500518;4922215;128.41
1497227;4920372;39.21
1497053;4922034;81.91
1498734;4918211;253.47
1498175;4922235;40.14
1497622;4918434;86.62
1498218;4918873;91.51
1497181;4918494;82.02
1492675;4919422;206.72
1479463;4919611;1.25
1494521;4917764;7.74
1489200;4918143;31.37
1484364;4919463;75.35
1483292;4919239;-9.77
1489505;4918502;80.11
1494578;4918097;59.23
1494559;4916729;1.65
1481594;4920865;238.59
1492264;4916953;1.21
1479815;4920766;16.63
1488214;4925980;645.43
1486192;4919567;47.59
1496427;4916030;25.80
1483974;4919465;36.26
1485845;4922116;124.51
1485661;4923254;218.90
1486611;4919369;13.28
1478337;4921520;49.53
1484645;4919063;46.84
1482787;4920211;42.70
1482858;4919619;46.61
1486259;4919491;26.62
1479578;4920765;78.28
1490317;4920712;44.10
1484834;4919668;26.22
1489409;4918578;30.72
1494896;4916169;23.40
1481655;4919286;-4.48
1482472;4919827;33.46
1491527;4917704;19.43
1485562;4920126;14.50
1489568;4919979;61.86
1480220;4919812;1.27
1481782;4919221;-6.08
1485819;4922064;108.04
1492155;4920833;24.99
1492266;4924561;63.24
1491290;4926208;207.58
1496365;4915495;9.02
1494994;4916597;34.74
1492485;4924154;51.36
1494922;4916636;44.90
1492146;4928119;187.87
1493717;4919514;79.96
1491834;4925592;86.69
1491857;4928107;122.26
1493997;4918706;117.63
1493071;4921734;187.71
1492858;4924500;60.34
1493780;4924841;57.30
1495866;4917834;82.28
1491648;4922823;84.14
1495498;4917889;89.59
1491049;4918234;-12.38
1493656;4924807;56.95
1494703;4918641;152.83
1497581;4916306;42.82
1491691;4921704;20.09
1494563;4916090;-12.06
1493442;4918208;32.11
1494757;4916848;28.67
1495505;4916310;39.17
1495443;4917406;23.70
1494181;4917871;5.12
1495131;4918392;142.82
1486904;4920097;136.10
1481296;4920168;101.04
1481623;4920330;168.54
1480892;4919839;64.61
1493461;4918810;38.01
1494757;4916848;25.67
1482326;4919593;7.91
1481574;4919803;28.24
1481359;4920172;112.29
1487962;4919719;34.35
1495140;4918240;130.42
1481273;4920109;82.11
1486182;4919392;11.32
1487869;4919749;24.47
1480892;4919839;64.61
1487748;4919941;69.66
1492042;4918752;132.69
1495369;4918364;201.22
1495369;4916101;25.00
1494542;4918356;89.55
1492682;4918110;46.84
1497992;4917230;48.07
1494425;4918971;158.23
1501784;4921848;95.99
1497584;4920370;94.03
1495273;4917825;71.94
1492632;4917577;5.50
1492240;4917379;10.67
1492805;4917844;9.34
1491797;4924947;76.88
1497048;4918053;68.14
1491829;4924778;68.36
1490635;4917700;-43.84
1481095;4920405;124.48
1497274;4918678;110.44
1496880;4919883;19.89
1481052;4920387;137.82
1497274;4918678;109.94
1495921;4919496;15.83
1495981;4918264;-13.56
1481019;4920341;143.22
1497260;4918667;99.84
1495913;4919525;14.24
1495868;4918607;-10.19
1490548;4917778;-35.64
1481019;4920311;145.00
1501453;4919874;284.21
1490370;4917747;-44.76
1481093;4920350;123.16
1495908;4919142;-7.18
1501468;4919868;278.89
1481076;4920365;123.65
1501475;4919854;282.69
1481116;4920379;126.29
1501455;4919854;281.69
1481024;4920275;142.48
1497858;4918947;147.07
1490378;4917728;-44.57
1481050;4920297;133.96
1497843;4918944;142.32
1481072;4920277;112.45
1497836;4918993;135.26
1492422;4923501;36.21
1491988;4924600;44.95
1492240;4917379;10.67
1503028;4914685;44.23
1492016;4923608;13.93
1492240;4917379;6.27
1481901;4919752;34.01
1497793;4923021;169.97
1500513;4916067;69.65
1497468;4915695;6.90
1491666;4924026;100.09
1492240;4917379;10.67
1503028;4914685;44.13
1491811;4924799;66.04
1481110;4920141;105.68
1503028;4914685;44.13
1492147;4922318;101.90
1492328;4918936;169.74
1494537;4918005;44.53
1496988;4917388;69.86
1501755;4921913;101.96
1496559;4917430;29.03
1500781;4922377;102.49
1500467;4922178;128.12
1500959;4921767;68.77
1495470;4917442;45.66
1497124;4917478;64.51
1501675;4920162;325.24
1497110;4923790;286.55
1497793;4923021;169.97
1497702;4917547;82.33
1498382;4923004;50.05
1496182;4917462;4.57
1495579;4919167;83.07
1497479;4916937;34.76
1497671;4921956;102.31
1495551;4917389;16.43
1498398;4919022;134.82
1497719;4921710;31.08
1496152;4917466;10.11
1500994;4921379;98.39
1497556;4920355;79.98
1501701;4922314;220.56
1501282;4922191;166.87
1495698;4918532;49.49
1494438;4919479;262.17
1492216;4918616;99.39
1493644;4917221;-17.13
1500546;4916020;74.63
1500073;4916189;118.84
1500206;4916061;128.50
1498647;4915677;-2.02
1498788;4916813;56.56
1503125;4914573;32.78
1499099;4917442;41.61
1503001;4915022;62.92
1501301;4918786;153.49
1504570;4914163;37.04
1499240;4916857;56.49
1498476;4915571;18.88
1501177;4914887;16.81
1502594;4914590;10.73
1496288;4916038;42.18
1503034;4914638;31.37
1498124;4915714;24.16
1498773;4916121;37.44
1498442;4917132;52.02
1498782;4915919;8.58
1497295;4915565;31.45
1499102;4917047;23.47
1503701;4914284;22.97
1500846;4919401;241.66
1503114;4915188;20.39
1497981;4915282;3.83
1492810;4917861;8.42
1499779;4915500;32.23
1497877;4915441;11.72
1497816;4915877;25.80
1502043;4914566;19.96
1504570;4914163;37.04
1497266;4916590;63.69
1496772;4915991;32.92
1500118;4915555;31.44
1503551;4914457;30.99
1498375;4917393;63.64
1499236;4916123;7.37
1497178;4916401;34.04
1496176;4915701;19.32
1500422;4916189;121.83
1496985;4915758;14.18
1498591;4917209;86.51
1500533;4915245;35.45
1499083;4915696;30.22
1500199;4915645;36.58
1499314;4917774;95.77
1499775;4915907;56.78
1500995;4915354;73.72
1502672;4914931;19.32
1498495;4917355;91.75
1499937;4915412;21.02
1500854;4915095;19.14
1494598;4916677;-4.05
1497554;4915449;18.19
1498364;4916616;39.13
1497790;4916169;40.73
1502994;4914585;26.76
1499372;4917797;73.67
1493315;4918039;5.03
1495115;4918232;118.12
1494909;4918030;75.92
1494275;4919096;147.27
1492894;4919179;217.27
1492079;4917155;-8.79
1494034;4918371;105.18
1491926;4926472;110.57
1491997;4924543;56.05
1491763;4928827;159.11
1492564;4924172;36.67
1492314;4923621;23.34
1493397;4919035;56.40
1492097;4920817;24.45
1491300;4926297;193.32
1496381;4915553;16.40
1492485;4924108;51.28
1494895;4916632;44.85
1492188;4928097;189.41
1493672;4919507;80.72
1493981;4918671;115.13
1493095;4921765;185.76
1492845;4924502;60.46
1493740;4924824;56.97
1495889;4917827;83.25
1491663;4922793;80.74
1491053;4918220;-12.15
1493696;4924754;63.46
1485808;4923256;169.28
1486651;4919270;5.84
1488818;4918705;16.84
1482776;4920233;45.02
1482900;4919634;49.10
1486113;4919464;16.21
1479604;4920766;73.07
1490303;4920727;39.09
1484836;4919657;35.45
1489152;4918213;7.68
1481659;4919208;-7.92
1482487;4919824;36.16
1491533;4917685;8.81
1485806;4919338;-19.31
1485543;4920096;19.47
1489532;4919954;72.73
1479718;4920078;68.40
1481750;4919226;-6.01
1493533;4919166;95.37
1482285;4919469;6.51
1484956;4919273;10.45
1489350;4917887;-12.48
1493318;4918553;102.00
1494854;4919166;300.76
1494569;4916634;0.25
1495277;4917960;91.52
1491740;4917696;20.84
1495324;4917526;44.01
1494603;4916836;26.93
1493455;4919208;73.91
1499286;4921165;211.01
1501405;4921957;99.66
1498396;4923687;184.47
1497776;4922892;172.26
1497140;4918626;147.79
1497143;4918198;29.59
1495868;4920395;50.82
1501161;4920248;313.87
1499365;4921024;220.06
1497635;4920335;79.37
1497230;4918516;83.26
1497390;4923184;212.83
1499540;4923187;205.45
1495815;4920312;44.62
1497312;4919088;158.66
1497709;4919007;130.88
1497225;4918876;169.85
1499325;4921133;217.21
1498620;4922547;82.73
1498433;4920784;138.22
1497033;4918708;165.94
1499116;4922562;132.33
1497256;4920495;39.63
1501430;4921868;74.48
1497003;4918507;79.13
1500477;4920812;210.84
1499336;4921676;69.36
1497606;4920858;80.45
1500683;4922089;89.09
1496928;4919060;173.70
1492698;4919242;167.83
1498886;4922562;82.81
1497124;4922000;52.68
1498054;4918979;139.33
1498625;4922458;53.73
1498088;4922521;104.78
1497835;4920367;82.26
1497260;4920413;44.61
1497132;4921921;67.31
1498685;4918231;251.95
1498161;4922222;51.88
1494600;4916078;-11.04
1492739;4927092;133.60
1493424;4918198;32.56
1494636;4916927;10.20
1495394;4917379;9.27
1494065;4917986;7.23
1496399;4915949;27.36
1486929;4920085;127.54
1481296;4920168;112.59
1481623;4920291;151.99
1480896;4919859;71.96
1494636;4916927;9.70
1482326;4919593;9.56
1481294;4920105;81.58
1486210;4919385;10.79
1487833;4919745;24.85
1480896;4919859;71.96
1487749;4919931;70.12
1482859;4919443;10.18
1486827;4920080;147.12
1486867;4925132;306.21
1480325;4921269;39.67
1483136;4919527;-1.07
1482897;4919461;11.95
1492516;4917242;9.88
1485424;4919970;103.40
1484927;4921248;198.51
1481074;4919954;67.58
1482366;4920193;30.06
1481185;4920040;55.77
1481694;4921913;285.31
1479445;4919540;4.45
1484757;4919248;48.47
1494439;4917810;2.72
1489197;4918162;32.40
1484380;4919475;74.53
1483286;4919207;-10.04
1489492;4918473;78.80
1481643;4920923;232.88
1479812;4920755;5.76
1488215;4926169;631.38
1496456;4916030;24.53
1483976;4919495;41.85
1481096;4920184;106.81
1483918;4919359;12.03
1498481;4922679;70.41
1498437;4922670;59.98
1492731;4917495;2.26
1498423;4922723;64.18
1500177;4916436;114.33
1495750;4917247;28.07
1495779;4917222;16.23
1485242;4919155;6.01
1492981;4922512;57.45
1492177;4925863;84.05
1493061;4921682;197.15
1491258;4922845;140.26
1495265;4918062;115.23
1492403;4924168;44.19
1491648;4924444;66.95
1493080;4922716;136.01
1491928;4925893;57.04
1491887;4922697;27.08
1492051;4923700;28.59
1493905;4922883;304.27
1492320;4927886;192.54
1491227;4924598;67.51
1492119;4927694;115.98
1491858;4926234;98.40
1491794;4925967;102.61
1492098;4917441;1.68
1492301;4917162;12.36
1492066;4924276;55.79
1492471;4923555;30.29
1491840;4923714;50.73
1492729;4924951;150.05
1491049;4918211;-7.60
1491841;4917806;42.14
1492114;4917440;1.71
1492552;4921294;46.09
1491315;4925665;188.91
1492275;4917092;13.59
1492293;4918810;121.70
1497262;4916035;40.79
1492214;4924993;53.12
1492268;4927389;102.55
1491615;4924057;101.48
1500489;4921789;82.18
1481269;4920269;125.65
1500503;4921878;94.35
1503096;4914684;49.34
1492051;4923700;28.59
1503096;4914684;50.19
1491902;4924292;88.90
1503096;4914684;50.29
1491811;4924799;66.04
1481112;4920152;105.91
1503096;4914684;50.39
1492321;4918964;174.83
1494537;4918005;43.33
1481098;4920191;106.79
1483884;4919353;15.52
1498475;4922731;79.22
1498431;4922526;46.77
1498424;4922737;76.86
1500133;4916300;137.90
1491916;4924753;54.02
1492944;4922530;47.28
1491256;4922861;136.15
1495266;4918046;113.00
1492444;4924119;37.31
1491648;4924444;61.45
1493162;4922647;136.40
1492140;4926407;76.23
1492165;4924017;46.15
1493919;4922912;301.71
1491184;4924591;74.48
1492133;4917429;6.84
1492028;4924364;54.89
1492519;4923603;40.56
1491882;4923694;47.99
1491881;4917794;47.08
1492138;4917420;6.91
1492567;4921304;47.11
1491311;4925696;188.63
1492295;4918838;123.82
1492198;4925002;45.18
1491667;4923984;95.46
1491982;4924544;52.92
1492290;4923643;16.50
1493397;4919035;58.40
1490473;4919009;37.23
1492528;4924134;53.31
1494909;4916621;52.61
1492142;4928083;179.12
1493613;4919514;87.36
1493966;4918673;121.38
1492853;4921609;110.79
1492832;4924506;60.83
1493667;4924822;50.06
1491661;4922758;76.70
1493726;4924843;57.95
1494709;4918626;154.21
1492739;4927082;133.03
1494078;4918025;8.97
1496392;4915911;28.11
1486928;4920112;138.53
1481296;4920168;107.69
1481572;4920386;175.69
1480970;4919864;83.13
1492686;4919421;206.73
1497466;4917721;119.25
1501804;4921874;92.61
1496550;4917410;26.40
1497125;4917466;58.89
1501677;4920210;317.97
1497724;4917528;81.14
1500119;4921493;65.49
1497650;4921943;103.68
1495535;4917389;22.31
1498397;4919043;129.87
1497703;4921710;29.82
1496166;4917491;4.05
1501023;4921406;96.52
1497573;4920349;82.47
1501706;4922316;220.51
1495661;4918524;74.91
1494428;4919520;269.82
1492207;4918621;97.43
1493709;4917155;-18.45
1500045;4916203;120.08
1500166;4916056;112.05
1498633;4915662;9.80
1498795;4916817;50.60
1503125;4914573;31.78
1502931;4915266;52.02
1499154;4917363;30.63
1503064;4915078;62.41
1499250;4916852;56.20
1498475;4915583;17.14
1493139;4917923;4.23
1496298;4915985;27.34
1503036;4914618;31.08
1498095;4915720;26.24
1498781;4916141;42.90
1498460;4917122;56.57
1498854;4915633;-6.10
1499086;4917055;21.51
1497981;4915282;4.48
1492803;4917880;10.76
1497811;4915848;29.55
1502069;4914586;26.86
1496772;4915991;38.92
1498720;4915768;5.20
1500139;4915533;35.57
1503531;4914453;29.64
1498375;4917479;69.94
1496134;4915695;20.28
1500409;4916204;141.50
1497596;4915840;28.26
1496988;4915732;11.08
1499140;4915649;26.52
1499300;4917761;94.07
1499780;4915919;42.18
1498478;4917351;84.92
1499948;4915374;17.39
1500861;4915054;16.24
1494609;4916653;2.36
1497792;4916180;32.77
1503004;4914581;27.03
1499360;4917779;77.16
1495111;4918225;118.12
1492891;4919254;216.10
1492261;4917095;4.32
1494033;4918361;105.19
1492051;4918747;124.55
1495356;4918369;200.73
1495358;4916153;22.11
1492717;4917468;1.91
1494527;4918328;85.92
1492709;4918181;36.29
1494407;4918971;166.52
1501742;4921895;94.91
1495305;4917859;59.38
1491818;4924910;76.91
1491829;4924778;72.36
1481110;4920249;108.89
1500217;4921654;55.15
1481160;4920289;111.34
1500217;4921654;61.65
1481176;4920320;123.17
1500217;4921654;59.95
1481127;4920474;165.71
1500464;4921696;60.43
1481031;4920380;148.68
1500513;4921724;60.12
1481005;4920284;150.67
1500493;4921759;74.15
1481326;4920428;149.67
1500463;4921755;71.51
1481240;4920222;126.33
1500488;4921812;80.91
1481241;4920261;123.73
1499379;4920992;218.82
1497602;4920320;71.76
1497243;4918531;90.89
1497372;4923223;204.94
1499508;4923177;199.43
1495826;4920323;48.96
1497296;4919048;148.50
1497728;4919015;134.04
1497222;4918918;171.38
1499379;4921089;214.40
1498642;4922561;76.09
1498522;4920869;138.36
1499114;4922577;133.17
1501415;4921859;74.47
1497049;4918534;86.31
1500749;4920661;244.04
1497587;4920828;89.91
1500688;4922145;86.52
1492658;4919270;182.56
1498828;4922576;87.34
1497135;4921952;49.06
1498625;4922458;53.73
1498068;4922484;108.06
1497811;4920379;86.54
1498638;4918237;243.53
1492698;4919429;206.15
1497152;4917568;80.34
1481299;4920268;135.95
1500510;4921845;90.52
1481303;4920298;128.71
1481335;4920312;141.10
1500925;4921674;63.26
1481335;4920350;139.20
1481352;4920313;143.65
1481365;4920329;149.85
1501763;4921694;86.95
1481305;4920240;130.92
1481337;4920230;133.78
1497505;4915675;9.77
1481204;4920196;108.64
1497476;4915689;5.94
1481372;4920064;109.67
1480687;4919905;97.32
1491927;4924651;50.48
1503131;4914677;49.56
1492165;4924017;46.15
1481899;4919754;36.38
1503131;4914677;49.96
1490548;4917710;-41.72
1494266;4916948;-1.03
1491923;4924305;100.40
1503131;4914677;49.96
1481111;4920171;106.20
1503131;4914677;49.96
1492312;4918993;178.86
1481103;4920222;106.35
1483899;4919339;15.20
1498484;4922760;79.91
1498444;4922565;48.76
1492685;4917410;2.73
1498450;4922734;78.82
1500322;4916444;157.86
1491930;4924733;42.23
1492957;4922514;45.91
1491256;4922861;135.35
1491556;4924383;59.65
1495258;4918035;110.76
1492577;4924215;36.82
1493192;4922618;131.03
1492168;4924103;41.59
1493937;4922738;316.25
1491384;4924660;67.32
1492098;4924397;54.59
1491881;4917794;40.58
1492092;4917409;-2.15
1495565;4917310;2.68
1491311;4925696;190.63
1492296;4918861;130.44
1490455;4917726;-40.44
1491652;4923951;94.98
1491954;4924600;60.58
1491732;4928901;149.19
1493362;4919071;64.42
1490425;4918953;45.65
1492170;4928053;171.35
1493589;4919472;81.21
1492925;4921590;146.04
1492826;4924492;54.05
1493589;4924774;54.99
1491653;4922734;73.97
1493589;4924774;56.19
1494692;4918612;148.36
1492740;4927102;134.01
1501851;4921858;108.77
1496552;4917427;24.71
1497160;4917460;63.81
1501702;4920213;314.13
1497689;4917529;79.54
1500103;4921514;64.65
1498392;4919031;131.24
1497721;4921740;30.23
1496177;4917516;12.01
1495657;4918582;70.42
1494408;4919494;250.59
1492202;4918595;105.59
1493743;4917256;-14.71
1500016;4916196;99.39
1500116;4916049;104.35
1498660;4915695;1.28
1498793;4916814;49.36
1503125;4914573;31.78
1502957;4915263;50.26
1500073;4915950;69.89
1498482;4915612;14.30
1493181;4917945;4.76
1496310;4916020;35.07
1498786;4916126;38.55
1498445;4917147;58.11
1498873;4915730;-12.13
1499110;4917069;20.81
1503114;4915188;20.59
1497999;4915297;6.02
1497862;4915871;25.84
1502077;4914565;26.07
1496772;4915991;31.92
1498726;4915756;7.66
1500106;4915517;36.50
1498404;4917557;75.45
1496097;4915705;21.28
1500424;4916207;136.22
1499122;4915687;23.99
1499805;4915910;54.85
1494531;4916636;-2.69
1503013;4914579;30.78
1493382;4918116;10.64
1495107;4918219;111.17
1495338;4918376;194.07
1495310;4916125;16.70
1492717;4918181;28.99
1494409;4918981;167.29
1501760;4921873;93.22
1493458;4918866;36.75
1481464;4920077;101.69
1486207;4919368;11.61
1487895;4919740;19.87
1480970;4919864;83.13
1487764;4919928;65.10
1486842;4920095;148.73
1483152;4919558;1.16
1485403;4920001;108.48
1484937;4921309;169.69
1481092;4919916;70.35
1482366;4920193;30.36
1481203;4920043;55.31
1481932;4921918;293.35
1479444;4919567;4.42
1484759;4919227;55.60
1489215;4918171;40.46
1481692;4920877;228.66
1479815;4920774;5.43
1483953;4919485;37.38
1486637;4919249;-0.98
1482787;4920283;48.73
1482842;4919633;52.50
1484817;4919683;32.70
1482449;4919837;25.91
1491487;4917719;14.62
1485808;4919328;-15.90
1489530;4920000;64.46
1479685;4920094;81.02
1481727;4919253;-4.65
1489350;4917887;-12.48
1494805;4919196;293.14
1494600;4916659;2.41
1494614;4916836;26.52
1493461;4919218;76.26
1499310;4921232;197.48
1501347;4921950;99.46
1498205;4922660;61.79
1497792;4922866;164.50
1497156;4918650;143.97
1495863;4920344;50.61
1501177;4920230;308.68
1480744;4919892;93.92
1481449;4920101;115.60
1481464;4920101;113.60
1481415;4920101;121.06
1481414;4920121;118.78
1481446;4920125;116.40
1481429;4920153;118.46
1491838;4924584;90.39
1494554;4916619;-2.70
1503216;4914666;46.26
1492168;4924103;41.59
1503216;4914666;46.26
1494307;4916930;-2.77
1495750;4917247;27.27
1491888;4924304;99.32
1503216;4914666;46.01
1503216;4914666;45.96
1492285;4919020;187.41
1481106;4920230;106.39
1483861;4919399;16.00
1503216;4914666;46.06
1503216;4914666;45.86
1498457;4922766;89.06
1498443;4922716;60.98
1500385;4916524;162.03
1491983;4924756;42.44
1495750;4917247;28.47
1495779;4917222;16.03
1492965;4922501;55.44
1493275;4922498;96.77
1492647;4924262;38.92
1492195;4924093;33.69
1491881;4917794;48.58
1491311;4925732;191.56
1492295;4918879;129.92
1491695;4918772;62.87
1491975;4924605;49.57
1490379;4918922;56.50
1493562;4919416;88.20
1492877;4921600;114.61
1492868;4924463;52.35
1491653;4922799;80.81
1493671;4924736;56.67
1494023;4918015;7.94
1486951;4920092;138.88
1481535;4920305;179.54
1480793;4919896;79.20
1481477;4920102;110.40
1487918;4919731;21.24
1480793;4919896;79.20
1486808;4920132;142.49
1485629;4919926;37.08
1484937;4921309;170.19
1482366;4920193;29.46
1481174;4920080;72.97
1481499;4921577;296.20
1479438;4919595;10.58
1484793;4919206;43.64
1481778;4921190;238.32
1479835;4920825;16.33
1483924;4919460;42.05
1482789;4920226;45.31
1486184;4919298;4.52
1488956;4918078;-0.69
1491481;4917746;16.50
1479565;4920141;125.87
1494629;4916814;20.52
1499519;4921145;175.11
1501519;4921960;94.09
1494038;4918000;7.62
1496399;4915931;31.11
1486957;4920111;140.26
1481553;4920359;183.76
1480830;4919875;67.04
1493457;4918902;41.54
1481479;4920094;108.96
1487908;4919734;20.76
1480830;4919875;67.04
1487763;4919942;65.55
1486811;4920108;141.69
1483165;4919543;-0.49
1485427;4920007;103.89
1484937;4921309;167.49
1482366;4920193;29.86
1481189;4920073;73.75
1482103;4921911;295.69
1479445;4919595;5.72
1484792;4919223;46.40
1481804;4921210;240.53
1479832;4920807;6.76
1483927;4919476;37.22
1482781;4920261;51.49
1486156;4919355;10.15
1489014;4918153;24.94
1491501;4917755;17.28
1479666;4920085;76.34
1481749;4919284;-4.98
1494802;4919191;289.83
1493467;4919230;81.86
1499339;4921210;195.99
1501475;4921946;93.70
1498194;4922593;74.61
1498396;4923687;185.17
1497817;4922960;166.97
1501170;4920213;317.00
1499397;4920978;217.56
1498441;4920888;139.13
1497251;4918547;92.54
1497387;4923234;195.59
1498871;4922939;155.02
1495835;4920334;47.55
1497817;4918988;129.72
1497223;4918949;174.21
1499427;4920957;222.28
1498659;4922563;85.50
1498492;4920852;134.78
1496107;4919571;24.28
1499088;4922552;136.38
1500718;4920718;236.60
1500813;4921975;99.07
1492644;4919289;185.93
1498960;4922524;81.18
1497121;4921945;61.57
1498024;4922456;113.18
1497813;4920398;94.65
1498553;4918242;235.98
1492695;4919440;203.56
1497111;4917680;132.27
1501711;4920183;321.26
1497730;4917534;81.65
1500186;4921481;73.11
1496137;4917475;10.83
1497931;4921826;25.33
1494427;4919416;244.28
1492191;4918571;97.72
1493809;4917211;-12.50
1500088;4916063;93.89
1503125;4914573;32.78
1498468;4915619;8.57
1493220;4917966;5.00
1498778;4916082;42.88
1498866;4915685;-8.37
1499105;4917081;18.32
1503114;4915188;21.89
1497990;4915316;7.92
1500100;4915547;39.69
1498413;4917609;76.55
1499057;4915665;37.08
1502994;4914574;24.11
1493445;4918152;13.57
1495403;4916131;25.38
1492747;4917422;-3.18
1501771;4921900;92.23
1481409;4920068;110.44
1480673;4919943;108.89
1481396;4920030;113.44
1480727;4919941;110.92
1481435;4920031;92.25
1480782;4919935;109.75
1481441;4920071;105.83
1492195;4924093;33.69
1494108;4917837;-4.35
1491965;4924282;97.18
1492238;4919043;196.31
1483878;4919398;17.56
1498429;4922775;82.66
1492251;4927790;190.66
1492300;4927800;192.60
1492300;4927800;194.80
1492300;4927800;194.80
1491967;4924787;46.09
1495750;4917247;27.02
1495779;4917222;15.08
1491425;4920125;-1.93
1491187;4918776;-14.52
1491187;4918776;-19.52
1491176;4917516;-26.42
1491036;4920254;-3.62
1493300;4922501;100.91
1492685;4924224;30.47
1500177;4921467;75.24
1496159;4917522;12.80
1492222;4918527;106.20
1493983;4917281;-9.46
1500182;4916035;113.38
1499059;4916194;2.98
1500024;4915600;33.04
1498451;4917557;93.99
1496806;4915955;41.20
1494479;4916712;-1.62
1503025;4914595;24.57
1493596;4918108;9.03
1495387;4916173;30.60
1501785;4921880;89.10
1481551;4920173;135.60
1481361;4920076;115.46
1481389;4920086;118.01
1481470;4919871;55.74
1481386;4919893;54.43
1481386;4919936;79.48
1481360;4919910;62.65
1481342;4919929;70.88
1481307;4919927;62.38
1491814;4924546;101.04
1492329;4924139;38.29
1481939;4921695;248.52
1492001;4924232;82.04
1492260;4919034;197.87
1498409;4922778;81.06
1498464;4922719;71.18
1495750;4917247;26.77
1495779;4917222;14.68
1496274;4918039;-12.13
1496358;4917277;-20.94
1496700;4917983;29.11
1497125;4917346;0.96
1493320;4922508;103.86
1492602;4924323;43.59
1492398;4924163;44.44
1492006;4924470;56.81
1492486;4923982;32.43
1491853;4923737;50.29
1491311;4925732;190.86
1492330;4918799;146.85
1490632;4917675;-43.47
1491946;4924644;51.55
1490517;4918988;17.89
1492859;4921563;115.33
1492842;4924450;46.05
1493978;4918047;-0.35
1481296;4920168;114.59
1481555;4920433;182.18
1480674;4919879;85.12
1493417;4918978;49.14
1487893;4919757;26.31
1480674;4919879;85.12
1486772;4920122;126.90
1485595;4920023;21.18
1484899;4921345;179.53
1481154;4920040;59.65
1479453;4919652;7.41
1479811;4920786;14.54
1486256;4919189;-2.52
1488838;4918188;-3.12
1479996;4919807;85.61
1494610;4916893;15.91
1499673;4921197;159.28
1492329;4924139;38.29
1492085;4924441;51.30
1492514;4924274;51.41
1491311;4925732;190.86
1492321;4918752;143.74
1491934;4924641;56.56
1493624;4919449;72.51
1492877;4921573;122.94
1492851;4924463;52.40
1491642;4922777;83.66
1494007;4918068;6.91
1481624;4920312;163.94
1480711;4919877;86.32
1481491;4920119;106.37
1487916;4919759;22.43
1480711;4919877;86.32
1486797;4920158;128.11
1485642;4919939;22.52
1484899;4921345;175.33
1482366;4920193;29.66
1481204;4920065;71.19
1481900;4921731;260.93
1479460;4919656;6.29
1481827;4921182;237.00
1479820;4920799;13.35
1483937;4919446;40.31
1482753;4920300;65.45
1486199;4919244;1.62
1488877;4918119;-1.93
1491520;4917751;11.34
1479545;4920143;131.06
1499609;4921102;170.92
1498073;4922640;110.90
1497807;4922992;169.50
1497145;4918551;120.09
1499439;4920955;222.77
1497353;4918853;99.58
1497403;4923280;218.40
1498870;4922956;167.01
1495853;4920362;49.39
1497251;4919022;165.23
1499688;4920959;215.82
1498442;4920811;132.64
1496107;4919571;23.98
1492675;4919318;168.47
1498914;4922543;91.92
1498298;4918174;214.01
1497720;4917516;77.59
1497746;4922882;178.01
1497130;4918589;130.02
1499420;4920973;215.43
1498515;4920903;143.12
1497353;4918829;101.07
1497395;4923257;210.56
1498882;4922945;157.15
1495842;4920343;47.95
1497892;4918993;160.31
1497242;4918989;167.43
1499517;4920940;212.22
1498469;4920803;131.93
1496107;4919571;26.08
1500838;4921980;105.67
1492639;4919336;185.08
1498767;4922565;89.95
1497105;4921945;65.49
1498625;4922458;48.73
1497828;4920386;88.49
1498374;4918216;221.59
1492678;4919441;209.36
1497084;4917703;133.29
1497696;4917562;88.09
1500152;4921463;70.99
1496138;4917503;13.74
1492197;4918543;104.25
1493866;4917298;-12.25
1500146;4916039;105.88
1503125;4914573;32.78
1498818;4915869;-4.27
1499090;4917082;22.45
1503114;4915188;21.89
1498455;4917626;80.39
1496814;4915986;46.81
1494499;4916690;-2.66
1503017;4914597;24.97
1493503;4918167;6.32
1495458;4916174;29.22
1501851;4921843;102.27
1481459;4920153;117.83
1481444;4920177;124.80
1481498;4920144;118.92
1481543;4920123;109.77
1481579;4920121;115.20
1481564;4920115;107.68
1481564;4920099;108.44
1481544;4920094;93.97
1481495;4920173;130.98
1491844;4924534;95.61
1492902;4925661;251.39
1492166;4921711;147.70
1492716;4923035;156.10
1495295;4917095;23.26
1481345;4919908;63.94
1485270;4919144;5.73
1486589;4920462;189.30
1483311;4920106;66.37
1476582;4923486;264.13
1485529;4919603;15.22
1484386;4919459;79.64
1480101;4920197;109.79
1495499;4918502;140.01
1495796;4917330;52.32
1491970;4924614;43.05
1492399;4928007;161.04
1491563;4919880;8.48
1492659;4926977;98.44
1490798;4920321;24.71
1491908;4920117;56.10
1491897;4924220;53.92
1491285;4922902;163.92
1492254;4923437;61.68
1492242;4925198;49.64
1491811;4919408;49.57
1492249;4924446;35.30
1491402;4918365;103.34
1490807;4920034;39.35
1491476;4924815;150.62
1491819;4917938;42.53
1491769;4924209;61.97
1492919;4921472;103.24
1490749;4920544;19.18
1493014;4921563;129.77
1490052;4919544;129.66
1491954;4926526;123.69
1494674;4916790;24.21
1490882;4917697;-30.46
1486626;4918962;-3.05
1481925;4919372;-3.03
1489456;4917974;-6.94
1489311;4918839;115.52
1493430;4918395;54.28
1481185;4919676;11.74
1486789;4925046;292.46
1486853;4919215;-5.51
1481750;4919733;18.66
1481177;4919645;9.11
1497997;4920733;160.56
1497182;4920489;12.23
1497634;4920173;41.31
1500232;4915466;42.60
1499048;4916004;45.60
1498312;4922469;34.13
1492065;4920068;47.11
1488988;4919713;25.39
1484544;4919032;14.29
1497611;4918594;49.87
1493315;4917983;2.63
1494847;4917602;15.81
1489200;4919147;113.70
1489380;4919142;117.80
1489143;4919084;119.36
1489201;4919101;119.22
1489114;4919061;115.86
1489231;4919045;116.46
1491829;4924778;69.86
1490725;4919822;93.66
1489000;4919714;25.41
1497635;4918588;50.26
1489283;4919050;123.23
1489188;4918997;119.06
1489231;4918996;115.87
1495842;4917177;13.05
1498754;4923786;135.64
1498220;4919165;147.89
1500921;4918573;133.02
1500970;4915409;80.25
1500856;4915603;66.47
1497129;4915948;30.89
1496960;4916226;40.25
1492180;4927433;81.68
1492359;4927482;89.35
1492370;4927077;79.48
1492235;4927151;80.50
1492384;4926875;67.25
1492239;4926423;71.39
1491952;4925530;66.25
1492041;4925138;44.61
1494873;4918891;229.31
1492329;4926589;70.67
1492628;4924695;111.64
1491856;4923043;40.01
1491661;4921806;24.79
1491823;4919562;49.29
1494732;4916786;34.85
1492967;4928407;118.98
1492188;4925951;103.92
1491783;4925930;99.44
1492802;4924887;122.12
1492410;4922250;120.66
1490371;4920750;33.25
1492097;4927269;97.50
1491853;4920892;78.62
1492164;4924789;57.52
1491797;4922189;51.36
1491878;4927083;149.36
1492141;4927634;116.89
1492088;4918047;72.79
1491970;4922885;40.30
1493662;4921408;111.97
1490851;4917793;-34.41
1492562;4924690;125.22
1498598;4922506;73.03
1498622;4922508;74.91
1498652;4922514;72.63
1498678;4922520;77.45
1498703;4922549;89.67
1492696;4921588;130.33
1492724;4921644;136.27
1491982;4924608;47.64
1492578;4924363;57.77
1493993;4924840;61.69
1494667;4916784;25.19
1490888;4917767;-31.25
1486631;4918932;-5.69
1482188;4919327;-2.81
1489469;4917936;-8.26
1489336;4918935;110.25
1481151;4919672;11.62
1486690;4919213;-3.32
1481797;4919725;12.13
1481215;4919615;10.95
1489297;4918998;116.26
1489140;4918896;115.60
1489231;4918854;115.37
1489281;4918761;110.78
1491829;4924778;68.36
1490795;4919780;80.20
1492049;4920049;42.17
1489120;4919680;28.99
1492957;4917779;-0.92
1497641;4918584;51.01
1489099;4918456;83.61
1491829;4924778;73.86
1492073;4920021;42.78
1489145;4919671;30.96
1484559;4919016;15.77
1492976;4917792;1.40
1497648;4918583;51.03
1489362;4919361;110.51
1490656;4919731;82.23
1492025;4919999;39.69
1489236;4919747;31.50
1494973;4918891;251.40
1494873;4918891;228.21
1492693;4928005;101.93
1492136;4924335;53.38
1491387;4922870;153.26
1491991;4927999;148.50
1490708;4919799;101.71
1492869;4924470;55.02
1491912;4921974;67.76
1492879;4922434;95.48
1491963;4928562;228.09
1492709;4923035;157.88
1493297;4923943;141.12
1495295;4917095;20.26
1491186;4922515;43.92
1493007;4928273;104.87
1491711;4924405;62.99
1490758;4921389;123.78
1492387;4921379;70.03
1490560;4919403;46.27
1484841;4919907;49.40
1484634;4919889;72.29
1484630;4919764;67.60
1482947;4919839;39.12
1477475;4918620;90.96
1492719;4927095;122.12
1490780;4920453;3.41
1492419;4927587;102.01
1491770;4919401;15.28
1490282;4918431;48.31
1491270;4922204;34.83
1497218;4920487;26.83
1497654;4920206;47.40
1500276;4915445;35.74
1498820;4922552;62.51
1501856;4921944;116.41
1498327;4922448;28.57
1492703;4921542;127.20
1491995;4924571;51.94
1492487;4924289;61.38
1490873;4920596;16.29
1490872;4917732;-29.15
1481112;4919420;-4.98
1486630;4918902;-5.12
1489396;4918996;104.30
1481166;4919525;6.18
1486789;4925059;291.09
1486719;4919152;-2.88
1481774;4919725;17.28
1501414;4921971;98.97
1497519;4920139;46.50
1490684;4919762;86.64
1492073;4920004;44.95
1493074;4917854;-0.74
1489222;4919282;86.03
1492073;4920004;40.55
1484544;4919032;13.94
1493103;4917873;-0.25
1494741;4917615;25.74
1494781;4917614;15.35
1493226;4917945;3.80
1489110;4919377;68.96
1489082;4919356;58.79
1489084;4919196;104.54
1491811;4924799;64.54
1489071;4919201;98.75
1489082;4919221;102.07
1491811;4924799;68.04
1491811;4924799;66.04
1489074;4919189;116.76
1491811;4924799;66.04
1489067;4919180;117.78
1481315;4919911;66.61
1486596;4920458;188.15
1485522;4919553;7.65
1484396;4919444;78.32
1495837;4917189;13.33
1501513;4921699;90.04
1498781;4923804;141.37
1498225;4919159;145.39
1500092;4915935;72.69
1500968;4915439;87.91
1497142;4915971;33.78
1484333;4919069;-0.88
1494326;4918457;98.34
1479792;4919692;44.80
1494673;4917820;61.06
1494291;4918183;53.35
1490110;4918382;43.41
1479792;4920463;6.61
1483065;4921012;135.29
1486484;4918962;-12.10
1494879;4918121;75.11
1493419;4918268;52.09
1485849;4923518;193.13
1478878;4918946;84.49
1484376;4919150;12.33
1493747;4918316;36.12
1481168;4919290;-6.42
1480661;4919459;-2.23
1489430;4917995;-6.40
1489810;4918492;51.89
1480748;4919849;72.71
1487067;4919778;77.31
1489833;4918399;19.41
1500304;4915429;30.32
1501826;4921963;111.37
1489473;4921747;446.20
1498293;4922418;26.52
1492692;4921484;103.18
1492742;4921725;143.72
1492571;4924397;68.68
1491003;4920498;7.41
1481151;4919313;-3.35
1486632;4918853;-7.83
1489423;4919029;101.64
1481146;4919500;2.78
1486759;4925028;286.81
1486767;4919171;-4.79
1481866;4919732;16.74
1501365;4922006;112.64
1497444;4920157;41.51
1500330;4915428;23.29
1498854;4922521;60.79
1490513;4921698;118.42
1498285;4922436;31.89
1489061;4919168;114.27
1489079;4919162;120.22
1489077;4919154;120.21
1489062;4919156;110.42
1489066;4919150;107.11
1489076;4919146;108.20
1489091;4919143;116.93
1489061;4919140;107.54
1491293;4926297;200.37
1492829;4918182;36.68
1486020;4919645;8.53
1497704;4916709;82.30
1491106;4921427;22.65
1491066;4921608;34.27
1491791;4925912;91.48
1495645;4917399;34.01
1491801;4925931;90.66
1495625;4917600;38.34
1494858;4918892;228.59
1494858;4918892;227.89
1490579;4917630;-5.20
1492081;4924269;57.78
1491425;4922868;143.83
1492011;4927973;148.60
1490717;4919762;94.22
1492882;4922424;96.22
1491538;4918796;22.67
1495295;4917095;20.26
1485241;4919126;5.98
1486604;4920446;185.68
1484362;4919427;69.15
1484942;4919150;4.42
1479458;4921129;142.26
1476532;4923440;239.83
1489929;4918405;11.86
1486998;4919451;3.95
1490073;4918285;16.64
1478458;4919022;162.69
1478361;4918629;51.05
1478734;4918814;26.44
1489783;4918240;0.82
1478107;4918548;116.58
1488750;4924304;570.06
1495540;4918056;152.89
1482530;4920176;101.21
1480986;4919573;6.76
1493463;4918267;32.34
1488336;4924495;540.15
1487453;4920691;207.57
1492675;4921453;102.19
1492757;4921763;144.60
1490941;4920528;22.20
1494698;4916778;28.72
1481103;4919300;-3.77
1486635;4918803;-9.67
1489415;4919095;112.42
1486773;4925019;288.74
1486815;4919184;-7.88
1489395;4917967;-5.64
1500297;4915502;38.86
1501885;4921858;112.15
1490666;4921091;117.89
1486639;4918753;-15.14
1492776;4921783;142.90
1491030;4920434;-5.16
1481090;4919242;-5.57
1486702;4918934;-9.92
1491808;4925946;97.85
1495437;4917823;79.70
1495115;4917755;72.26
1494603;4918071;69.01
1486166;4919305;5.88
1500112;4915948;76.20
1497702;4916767;78.21
1500112;4915948;74.80
1486272;4919147;-0.80
1500112;4915948;73.10
1491034;4921705;52.97
1491117;4918863;-3.42
1495672;4917380;23.54
1495636;4917396;32.98
1485561;4919586;4.90
1478135;4918402;61.52
1495656;4920391;83.36
1501371;4922077;134.84
1495506;4918465;145.12
1498781;4923783;132.90
1498202;4919139;147.32
1500050;4915923;63.95
1491422;4922848;141.37
1490842;4919832;83.86
1491538;4918796;22.52
1495295;4917095;20.76
1478909;4918896;62.15
1480304;4920150;102.50
1493566;4918146;13.79
1489612;4919929;81.98
1483235;4919398;6.59
1484528;4919006;1.81
1481141;4919515;4.06
1480288;4920718;113.83
1479771;4919563;14.97
1481702;4922751;155.45
1488403;4920467;57.05
1484645;4919218;85.57
1485183;4919220;7.05
1482833;4919658;64.91
1483763;4919120;-5.03
1478750;4918873;56.34
1488393;4918888;-10.16
1486893;4925166;303.70
1478133;4918381;63.92
1486858;4919149;-11.61
1481709;4919677;13.37
1500282;4915529;38.90
1490605;4920924;64.08
1491325;4919610;-15.35
1481068;4919339;-4.30
1493408;4918465;63.98
1486791;4925031;288.79
1486806;4919148;-7.40
1481828;4919752;23.14
1500242;4915590;49.39
1490646;4920825;56.56
1492794;4921841;155.03
1491042;4918768;-13.50
1481088;4919367;2.80
1486705;4918852;-6.04
1493402;4918482;66.02
1486606;4924721;275.95
1478188;4918364;38.39
1495702;4920417;93.02
1478233;4918314;14.14
1495729;4920451;100.25
1478194;4918411;37.32
1495772;4920440;96.74
1478161;4918431;57.38
1495770;4920404;91.43
1495774;4920346;73.22
1488783;4924144;523.78
1488282;4924233;495.01
1488316;4923908;477.11
1488328;4923889;473.87
1490595;4923286;90.96
1489461;4921758;450.32
1490416;4922676;97.12
1484373;4919425;70.09
1501370;4922101;129.11
1498800;4923784;132.88
1498208;4919139;145.99
1492147;4917377;-1.66
1492041;4924330;57.53
1491427;4922830;136.97
1490812;4919755;73.53
1495295;4917095;21.76
1498768;4923772;130.27
1498213;4919161;149.36
1500112;4915948;76.10
1492170;4917398;-0.38
1492023;4924384;57.47
1486718;4919216;-4.27
1487594;4919191;0.67
1481653;4919694;19.81
1483012;4919764;31.45
1482601;4919648;50.60
1479072;4920310;1.36
1484725;4919382;85.19
1481207;4919338;-3.35
1481110;4919511;4.55
1479098;4919272;38.82
1487539;4919396;1.58
1485633;4922570;99.86
1478327;4921156;119.51
1492935;4918444;105.93
1485518;4919769;25.59
1492541;4917444;9.09
1493014;4918087;48.55
1498198;4919418;137.55
1497996;4920696;139.89
1491144;4918282;27.55
1497518;4916755;91.98
1479086;4920981;182.90
1492527;4921681;139.80
1503205;4914674;33.71
1492243;4917408;16.14
1491394;4917994;37.44
1490424;4918689;-20.34
1479315;4920981;162.51
1489508;4919066;65.89
1492328;4927868;182.03
1490391;4918487;-10.27
1490764;4917751;-30.50
1492031;4917530;13.96
1491619;4917832;38.40
1492198;4917423;12.51
1492428;4921649;120.83
1489381;4919126;114.19
1489274;4921704;441.11
1490300;4922054;134.13
1490158;4922229;200.06
1483168;4919150;-10.86
1483168;4919150;-10.06
1483168;4919150;-4.21
1491609;4918950;48.85
1493406;4920462;282.62
1493546;4921403;101.44
1493655;4921431;102.91
1493657;4921430;102.92
1493661;4921429;103.12
1493569;4921500;114.72
1493739;4921740;236.94
1493598;4921731;225.26
1493217;4922112;168.75
1493754;4922705;217.57
1493527;4922841;207.10
1493273;4922886;181.40
1493470;4923172;194.95
1493150;4923296;158.96
1492768;4923443;176.13
1490760;4919742;84.18
1490528;4917940;-26.06
1492014;4924405;56.95
1490703;4919682;58.05
1491739;4924061;43.62
1493927;4924809;69.24
1491538;4918796;23.62
1490539;4917960;-26.54
1490941;4919779;60.65
1493981;4924818;74.25
1496003;4918663;27.06
1497018;4923931;326.26
1494816;4916735;16.85
1495388;4918266;182.26
1496722;4918674;92.59
1498153;4918759;99.95
1495166;4918282;132.85
1493984;4919071;189.70
1498562;4923304;75.23
1498126;4920748;121.06
1492739;4918229;39.17
1498739;4920849;190.62
1494538;4918009;40.74
1496918;4919881;28.97
1497358;4921689;58.93
1494555;4916095;-13.24
1493046;4919031;209.63
1494089;4919297;203.60
1492642;4917697;39.85
1497334;4920395;68.29
1486771;4925039;286.49
1491979;4924595;55.58
1492395;4927952;170.24
1491566;4919910;-1.63
1492652;4926991;96.10
1490677;4920317;24.95
1491936;4920129;49.68
1491933;4924184;44.07
1491284;4922872;158.81
1492209;4925190;45.95
1491798;4919418;43.33
1492295;4924449;43.24
1491375;4918384;105.88
1491464;4924818;149.89
1491830;4917979;53.79
1491799;4924169;60.18
1492896;4921428;92.45
1490759;4920552;19.82
1492983;4921551;127.22
1490052;4919544;130.46
1492652;4924341;49.82
1492628;4924687;112.00
1492348;4918820;154.33
1492737;4919251;160.14
1492964;4919529;292.95
1493096;4919802;214.16
1493877;4921023;261.33
1494566;4920544;407.27
1488204;4923901;472.54
1488204;4923901;471.94
1488208;4923730;511.77
1488747;4923908;498.89
1488766;4923685;476.39
1498100;4917376;86.38
1498081;4917391;89.24
1498062;4917401;90.30
1498077;4917411;95.27
1498086;4917380;82.62
1498100;4917376;83.38
1500818;4922085;114.06
1496741;4920773;89.32
1489668;4920926;254.49
1492511;4923633;24.67
1489844;4920653;131.18
1492369;4924097;44.04
1492256;4923897;29.20
1491606;4924027;97.41
1491606;4924027;97.91
1491606;4924027;100.41
1491606;4924027;97.91
1488364;4924146;448.43
1492735;4924126;44.27
1500579;4921925;85.07
1498840;4923451;77.89
1491776;4917715;37.80
1501747;4921704;90.00
1495986;4918571;10.11
1494791;4916554;38.14
1497737;4918708;123.78
1501376;4921647;76.00
1497565;4921018;55.72
1495064;4915856;-15.77
1494767;4918620;179.39
1496685;4919576;16.10
1495824;4917336;56.44
1495251;4916127;10.20
1494539;4916487;-9.11
1501987;4921177;244.02
1494983;4918379;155.42
1501065;4921943;117.10
1501549;4921585;106.78
1495015;4917798;47.85
1486862;4919179;-8.35
1500228;4915595;47.19
1490702;4920740;46.94
1492761;4921844;160.30
1490846;4918072;-18.49
1481198;4919324;-7.58
1486707;4918804;-11.10
1493402;4918490;62.92
1486611;4924753;283.31
1486811;4919246;-4.79
1500250;4915619;46.24
1500250;4915619;46.24
1490789;4920664;61.30
1492751;4921829;160.30
1486711;4918753;-12.16
1493395;4918516;66.64
1486616;4924802;284.26
1486677;4919170;-8.00
1500235;4915622;46.69
1490855;4920517;22.64
1492482;4928169;148.54
1492247;4923715;16.63
1492242;4923715;16.55
1492245;4923710;16.52
1492032;4923763;20.93
1491039;4921992;69.92
1491963;4927775;101.50
1491352;4922828;154.11
1491975;4928048;154.22
1492227;4923463;60.01
1491669;4919970;21.53
1491912;4929453;250.01
1492847;4924145;53.19
1492640;4924277;37.30
1488541;4923970;461.00
1488652;4924053;463.67
1489968;4920964;92.85
1491860;4927544;139.92
1489356;4919869;108.58
1503251;4915262;30.85
1491874;4927542;135.28
1489354;4919864;109.33
1503258;4915257;34.86
1483438;4919385;14.84
1489360;4919876;108.21
1498356;4921114;268.75
1497496;4918563;43.62
1499366;4920908;234.38
1494890;4916069;-1.82
1493542;4918892;54.18
1496187;4917535;5.59
1496905;4917708;55.17
1498344;4920677;128.66
1494741;4919067;226.66
1499969;4921326;132.56
1496808;4917783;49.38
1500454;4921988;102.99
1497138;4917472;66.84
1494846;4918137;79.53
1497627;4918576;50.35
1491954;4918452;95.72
1498162;4920495;94.17
1498316;4919140;89.33
1501159;4918830;130.32
1489195;4919275;113.82
1496592;4919962;79.90
1495559;4917575;52.08
1495248;4915692;-14.58
1497778;4922847;165.89
1497096;4918613;141.57
1497352;4918875;100.59
1497397;4923303;227.73
1495856;4920375;49.81
1497169;4918792;146.87
1499711;4920971;213.20
1499219;4923122;189.68
1496107;4919571;24.78
1492679;4919344;185.72
1498759;4922623;101.07
1498553;4923324;61.59
1497701;4917518;77.71
1492252;4918532;99.07
1494096;4917227;-9.23
1500194;4916031;117.02
1500005;4915636;31.50
1498538;4917401;107.72
1493619;4918068;-1.17
1492859;4917543;-10.78
1501872;4921925;97.01
1481160;4920154;89.19
1481147;4920142;88.77
1490702;4919833;106.89
1491485;4924797;156.21
1491894;4921982;67.21
1494885;4918888;227.37
1492257;4925475;91.72
1491993;4928256;171.61
1491997;4928511;228.98
1492897;4925666;252.31
1492182;4921713;153.70
1492733;4924538;85.75
1492715;4923026;157.66
1495295;4917095;20.56
1481375;4919906;65.04
1477237;4921549;165.58
1488783;4924144;523.78
1488814;4924184;546.02
1488380;4924104;470.29
1489103;4919127;118.67
1489331;4918692;101.60
1489331;4918692;100.80
1489328;4918704;103.21
1489328;4918704;103.21
1489318;4918705;103.53
1488395;4923089;336.06
1488652;4923130;374.91
1493122;4924589;43.99
1492687;4924110;31.45
1492321;4923418;54.89
1488612;4924253;572.40
1481653;4919558;7.83
1481653;4919558;7.83
1481653;4919558;7.83
1481670;4919486;5.13
1481544;4919197;-10.11
1481700;4919352;-4.05
1481625;4919117;-10.87
1481625;4919117;-10.87
1497190;4918435;48.86
1498384;4919115;90.14
1495495;4918584;166.00
1498211;4917958;126.61
1500336;4921200;170.22
1497356;4920208;30.32
1499628;4921390;104.46
1498256;4922325;26.45
1497567;4919373;258.34
1496517;4917348;-1.14
1500336;4921200;170.62
1496332;4918122;3.99
1495811;4918029;104.88
1497455;4917751;126.55
1498102;4923175;94.76
1498011;4917425;83.89
1497605;4920393;103.81
1498101;4917317;80.08
1498118;4917420;105.23
1498219;4917485;101.45
1498321;4919186;84.40
1497910;4917299;64.57
1497642;4922947;186.85
1498279;4919173;113.01
1491831;4924495;99.03
1492398;4924163;44.44
1490513;4917974;-26.11
1493376;4922542;111.81
1491977;4924246;86.93
1492243;4919066;203.22
1498393;4922720;72.34
1498464;4922659;66.79
1492092;4922301;95.71
1491898;4926164;74.78
1491340;4925812;203.53
1492847;4918136;34.66
1485007;4919356;13.38
1498647;4915652;-12.44
1500064;4915902;59.79
1497676;4916698;82.88
1499179;4916145;-4.20
1489375;4919044;106.68
1488930;4923591;490.99
1488134;4922654;366.55
1489438;4919849;67.40
1485249;4919154;7.43
1487623;4920458;178.10
1486591;4920465;189.43
1483302;4920081;62.83
1476566;4923503;264.23
1480782;4922099;125.10
1485510;4919566;10.82
1486518;4921076;248.61
1484395;4919471;78.61
1480088;4920189;105.07
1489993;4919938;103.52
1486590;4920512;191.79
1488255;4920135;69.07
1485053;4922047;194.59
1485166;4919493;24.60
1489577;4920392;88.94
1481625;4919117;-10.87
1481713;4919044;-11.92
1491079;4918225;-5.05
1492515;4921946;135.55
1491882;4926916;175.50
1492329;4927881;175.59
1489011;4919686;26.82
1483342;4919444;2.68
1478153;4918398;53.03
1488375;4923090;336.03
1493288;4917994;4.08
1497237;4920576;32.53
1489346;4919563;103.45
1500572;4922178;119.43
1499432;4917509;111.90
1489174;4919055;119.34
1489235;4918910;115.70
1489157;4918865;115.70
1489056;4918832;102.21
1489241;4918510;85.45
1491040;4918237;-11.66
1489168;4919674;31.33
1498155;4920645;109.61
1497495;4916909;35.54
1496817;4920302;24.17
1504271;4914971;288.69
1500182;4914841;11.66
1499246;4917584;51.13
1500687;4915038;28.55
1504375;4914658;186.69
1499682;4914993;16.96
1499501;4916207;30.78
1499033;4916427;18.12
1497930;4916354;55.71
1501522;4919884;279.35
1498160;4915222;26.92
1499479;4915588;36.18
1500942;4915227;40.46
1503353;4914550;34.18
1499061;4915756;39.94
1503772;4914671;121.61
1499118;4915703;33.69
1499607;4915876;52.06
1500477;4915622;45.35
1496175;4915616;18.00
1489358;4920044;14.41
1485979;4919183;1.43
1489018;4920263;90.44
1488925;4920369;101.04
1492196;4918352;54.06
1489460;4921040;217.53
1495890;4917152;7.57
1495833;4917153;9.97
1495855;4917173;11.85
1495910;4917179;13.73
1495855;4917173;12.05
1495690;4920480;105.82
1492122;4922284;98.23
1496788;4921117;188.57
1498519;4923330;82.54
1496686;4920869;108.03
1495782;4917326;44.86
1495864;4917184;21.39
1501013;4923771;348.33
1498758;4923801;140.32
1496486;4918583;95.55
1498216;4919167;151.14
1500138;4915921;75.08
1504196;4915063;306.00
1500938;4918572;133.98
1500993;4915422;92.87
1500862;4915606;65.84
1497115;4915984;30.80
1496946;4916200;39.27
1497472;4916310;56.86
1488465;4918807;-9.62
1483505;4919474;13.14
1478189;4918385;39.62
1488348;4923081;337.28
1493340;4917975;2.45
1489252;4919479;78.17
1500563;4922173;119.85
1492377;4928038;168.97
1489184;4919628;31.57
1483497;4919416;11.56
1478235;4918323;15.36
1488650;4923125;373.97
1489287;4919489;90.84
1492369;4928089;179.20
1489226;4919767;32.11
1488653;4923109;372.18
1504402;4914548;136.54
1498638;4917457;122.93
1499060;4917401;63.77
1498439;4916339;25.22
1496918;4915856;17.63
1499709;4915175;25.88
1502398;4914502;8.13
1497353;4916735;59.30
1501305;4919279;163.76
1502712;4914614;-5.28
1497864;4916830;84.69
1499899;4915295;9.47
1498151;4915318;25.07
1503375;4914711;71.65
1501029;4919449;236.94
1499837;4915868;50.41
1500830;4918651;112.38
1502408;4914467;4.73
1500057;4915399;28.35
1497597;4915660;27.36
1497905;4916001;38.43
1498227;4916612;60.96
1496855;4916674;58.45
1492807;4918132;28.76
1497657;4917571;67.07
1498651;4915667;-9.56
1500112;4915948;73.10
1497676;4916728;83.15
1486006;4919204;0.19
1494846;4917819;37.43
1493648;4918094;6.46
1491055;4920638;11.32
1486080;4919207;1.66
1494701;4918002;76.73
1493533;4918149;12.92
1499383;4921135;219.89
1499860;4916870;189.94
1490899;4919752;54.98
1491978;4924397;69.87
1491952;4924419;77.63
1490762;4919655;56.50
1500112;4915948;76.40
1491911;4924421;97.24
1490796;4919572;42.17
1489177;4919414;91.69
1492411;4928090;166.94
1488982;4919741;17.67
1489176;4919369;90.73
1489107;4919629;30.33
1492464;4928074;147.12
1489163;4919605;31.62
1489311;4919323;100.73
1492477;4927988;147.64
1499635;4921403;90.69
1489461;4919219;143.84
1499607;4921294;127.39
1479635;4920048;61.11
1479444;4920077;124.98
1479334;4920480;135.82
1478827;4919826;154.22
1498873;4916421;39.76
1500204;4915624;48.64
1503621;4914462;33.79
1500361;4915640;29.35
1498692;4917102;123.86
1498759;4917427;152.96
1504658;4914284;88.90
1496858;4915856;31.86
1503251;4915253;31.73
1499127;4915357;15.88
1499799;4915924;56.32
1504506;4914165;34.09
1499063;4916021;45.43
1498656;4916567;26.59
1500818;4914714;12.19
1504025;4914880;208.69
1503049;4914569;26.73
1498433;4916128;25.97
1501180;4919096;148.92
1498298;4915531;18.41
1498932;4916576;15.46
1496462;4916370;20.38
1493764;4919245;146.55
1495128;4917980;73.94
1493503;4918167;5.97
1495001;4917671;53.83
1493533;4918149;10.52
1493548;4918161;9.86
1490934;4920857;36.81
1493566;4918146;9.79
1491066;4920814;12.88
1493565;4918124;8.62
1493589;4918124;8.33
1491041;4920731;16.98
1493612;4918110;7.74
1497183;4916877;9.25
1489750;4917265;-2.20
1500112;4915948;75.60
1491968;4924603;55.91
1490714;4919650;51.91
1500112;4915948;75.30
1491959;4924384;78.66
1490665;4919532;20.08
1500112;4915948;75.50
1490640;4919492;22.77
1491171;4921439;9.21
1498021;4917836;88.01
1498751;4922633;102.16
1498777;4922646;111.20
1498674;4922501;76.54
1498664;4922472;67.94
1494129;4920700;433.99
1493729;4921457;106.45
1493489;4921471;112.96
1492088;4918748;110.24
1495425;4920405;122.13
1495370;4920318;138.34
1495347;4920176;135.03
1493103;4923509;217.72
1492876;4924112;48.09
1492936;4924231;56.84
1492937;4924539;55.72
1493024;4925018;96.42
1493133;4925011;80.28
1492768;4924099;56.69
1494277;4917043;-11.25
1479315;4920981;163.26
1498749;4922652;98.04
1491817;4926264;115.16
1500122;4915593;44.10
1491906;4926320;84.91
1485183;4919220;5.45
1491361;4919587;-7.91
1489468;4918561;46.18
1497901;4916411;61.97
1498043;4917411;86.72
1498688;4916538;38.89
1498459;4916864;30.59
1483993;4921074;186.50
1490904;4919496;-5.76
1490883;4919510;-14.57
1492602;4923636;64.69
1498263;4918750;115.48
1499197;4917805;116.77
1489765;4917343;-2.26
1492020;4929076;237.23
1489771;4917306;-0.12
1492029;4929035;230.68
1490654;4918993;1.00
1490679;4919032;-2.08
1495721;4920480;99.59
1492081;4922263;85.28
1492829;4918150;29.38
1485902;4919678;-95.65
1497675;4916760;83.25
1491829;4924778;69.86
1490761;4919846;93.03
1492693;4928005;101.93
1491031;4921993;74.29
1492126;4924299;55.83
1491359;4922856;156.17
1491973;4928022;152.90
1492213;4923462;59.95
1490998;4921356;43.14
1491916;4929447;248.92
1490793;4919880;93.52
1492848;4924477;55.18
1491904;4921979;67.93
1492257;4925475;92.02
1491987;4928531;230.18
1495394;4917379;11.57
1494278;4916981;-0.13
1495476;4917351;10.28
1494386;4916820;-0.43
1495525;4917335;-1.05
1494405;4916824;2.72
1494423;4916806;18.11
1498545;4919345;198.94
1492502;4924382;78.80
1490843;4920613;36.68
1493532;4918191;9.18
1492515;4924366;59.15
1490817;4920617;53.20
1493610;4918184;13.96
1492533;4924387;65.31
1493640;4918206;14.07
1492557;4924407;74.17
1492538;4924343;58.03
1492540;4924369;72.14
1492567;4924384;54.87
1492512;4924327;60.22
1492507;4924347;59.71
1503717;4915545;149.62
1491848;4921435;49.11
1492437;4921324;63.65
1488744;4924310;586.19
1488764;4924305;589.60
1488773;4924277;572.27
1492361;4922143;69.03
1501761;4915706;147.04
1502709;4915474;151.72
1496552;4920217;98.37
1482277;4919304;-3.42
1494816;4916573;44.58
1483090;4921005;136.28
1494542;4917998;46.35
1491972;4924563;54.64
1492565;4924350;56.34
1493887;4924830;67.88
1500349;4915686;33.33
1498751;4917421;151.47
1496876;4915839;30.57
1499128;4915373;17.28
1504495;4914149;34.47
1499058;4916024;46.44
1498733;4916552;30.08
1500804;4914732;12.31
1501173;4919107;152.65
1497663;4915994;24.47
1498288;4915542;24.99
1498915;4915919;-3.11
1496455;4916402;13.00
1493746;4919239;150.97
1491849;4926299;89.79
1500118;4915555;36.94
1489461;4918566;41.03
1497451;4920177;44.88
1497908;4916343;56.89
1498057;4917424;87.19
1498913;4916406;12.93
1498651;4916581;27.03
1486557;4918931;-10.00
1493380;4918255;55.73
1479504;4919338;-3.23
1488630;4924278;582.23
1481082;4919475;-1.81
1489502;4917934;-7.40
1494583;4916853;22.21
1489916;4918326;12.36
1489633;4917972;-9.02
1488716;4924316;583.88
1494711;4917497;14.31
1493445;4918351;43.42
1484554;4919020;14.27
1481110;4919605;6.83
1486742;4919187;-2.80
1484730;4919338;82.34
1481141;4919599;7.19
1498198;4919418;143.15
1492264;4917116;3.74
1484228;4919743;92.92
1489238;4919256;95.51
1492231;4917112;-4.37
1489283;4919333;85.15
1489349;4919368;104.67
1489366;4919398;98.55
1489302;4919430;85.01
1489300;4919481;94.61
1489276;4919496;91.49
1489260;4919466;85.02
1489245;4919390;75.67
1489251;4919366;84.36
1489254;4919229;107.78
1484240;4919716;90.69
1490850;4917611;-35.52
1492257;4917138;5.21
1480687;4920254;87.90
1484149;4919776;81.27
1489282;4919295;85.81
1492252;4917157;-1.11
1489336;4919342;95.67
1492242;4917175;-2.68
1489304;4919314;90.19
1490816;4917644;-32.21
1498352;4921102;263.21
1497506;4918558;43.94
1499343;4920928;228.22
1497877;4922458;124.28
1494904;4916072;-2.48
1493542;4918882;62.48
1496180;4917535;9.72
1496894;4917718;52.36
1498359;4920677;132.95
1494719;4919069;228.38
1500002;4921305;132.21
1496805;4917757;45.20
1497198;4917446;58.15
1494842;4918142;85.75
1497615;4918579;48.49
1491921;4918446;82.97
1498158;4920505;95.08
1498304;4919127;91.49
1501175;4918875;125.85
1489225;4919431;80.90
1496609;4919986;81.17
1495547;4917552;51.67
1495346;4915713;-19.11
1483993;4921074;186.20
1490901;4919490;-11.37
1488730;4924301;583.32
1488765;4924277;575.61
1488770;4924287;579.39
1482744;4919278;-4.89
1483078;4920966;138.29
1494542;4917998;44.05
1493371;4918690;107.53
1495706;4917336;16.50
1493375;4918698;106.58
1495732;4917259;17.86
1493366;4918714;109.78
1493370;4918724;107.71
1490878;4920575;18.11
1491018;4920441;10.66
1493353;4918755;116.88
1493361;4918749;115.98
1491117;4918863;-3.42
1496713;4918630;91.03
1493981;4919014;182.56
1495487;4915942;-10.48
1495790;4917348;48.87
1496894;4917718;55.36
1494824;4918118;78.36
1489180;4919198;118.32
1498269;4922310;29.44
1498050;4917409;83.92
1497060;4918266;19.98
1497750;4917088;42.05
1503160;4914640;39.31
1503396;4914747;86.65
1500160;4915483;32.57
1498788;4917378;153.70
1499070;4916035;44.43
1498997;4916327;4.18
1495880;4917176;12.68
1498812;4922606;93.86
1497529;4920137;47.10
1488722;4924279;573.97
1492234;4917187;-2.81
1484220;4919552;70.59
1489207;4919273;99.47
1492225;4917165;-3.56
1484206;4919629;72.15
1489255;4919318;81.63
1492234;4917151;-5.33
1489252;4919350;89.88
1492237;4917140;-6.55
1489261;4919308;96.03
1492207;4917130;-10.41
1489232;4919273;90.01
1491856;4924141;41.07
1491798;4924857;77.23
1491644;4923924;89.52
1494477;4917965;16.20
1489339;4918760;102.23
1491662;4923913;83.37
1489050;4919857;21.31
1498866;4922660;103.94
1492330;4927832;182.43
1492383;4927930;177.93
1492424;4928142;164.15
1492474;4928104;149.91
1498876;4922612;82.74
1498905;4922554;90.94
1492493;4927992;142.36
1497188;4918427;45.42
1495502;4918585;161.97
1498198;4917965;126.51
1500360;4921268;170.79
1497406;4920193;42.85
1499628;4921390;103.26
1498259;4922342;29.94
1497583;4919366;258.66
1500360;4921268;176.69
1496275;4918182;-1.86
1495830;4918000;100.46
1497455;4917751;125.85
1498142;4923151;95.79
1497972;4917388;78.75
1497614;4920389;100.20
1498101;4917317;81.48
1498101;4917398;95.71
1498229;4917494;99.98
1498328;4919180;88.18
1497669;4922959;182.73
1498276;4919183;116.66
1498137;4920634;108.03
1492470;4928162;152.67
1490425;4917814;-40.21
1494928;4917837;60.77
1498008;4917837;83.89
1479086;4920981;183.09
1492589;4921678;142.12
1492243;4917408;16.44
1491394;4917994;37.04
1490506;4918803;2.82
1492031;4917530;13.16
1491619;4917832;38.00
1492497;4921671;124.33
1495323;4917834;62.01
1496938;4915856;13.56
1491997;4924543;56.05
1490788;4920290;24.25
1488724;4924317;591.16
1488780;4924305;587.49
1483077;4919232;-11.52
1495722;4916579;-26.13
1493173;4919046;176.72
1493147;4919068;184.00
1493140;4919076;187.13
1493099;4919117;197.38
1491144;4918282;27.35
1492653;4921671;136.43
1492583;4917578;11.89
1490802;4917720;-32.12
1492031;4917530;13.86
1491619;4917832;38.60
1495639;4917429;34.54
1492632;4921659;129.47
1491975;4924605;49.57
1491631;4923897;85.81
1489399;4918710;79.62
1491087;4921770;35.13
1492148;4927392;84.63
1488500;4921169;62.28
1488459;4920208;23.51
1491942;4927747;86.65
1489081;4919908;19.09
1489248;4919729;34.52
1489355;4919423;105.81
1489348;4919044;110.02
1492234;4927220;76.89
1492115;4927493;81.38
1491896;4927661;103.43
1489353;4919039;115.59
1489330;4918607;78.13
1489314;4918612;80.84
1489276;4918509;56.37
1490801;4922697;61.18
1489098;4919867;27.18
1489443;4918764;64.06
1497454;4916949;27.97
1496861;4920331;17.15
1504270;4914989;295.12
1500169;4914826;14.37
1499242;4917574;51.13
1500686;4915059;28.62
1499662;4914992;13.65
1499494;4916191;28.74
1497907;4916357;56.33
1501516;4919873;273.74
1499469;4915578;33.77
1500936;4915233;45.51
1503176;4914664;37.50
1503341;4914556;33.99
1499044;4915838;38.84
1503776;4914675;124.77
1499134;4915640;25.32
1499588;4915865;50.86
1500481;4915606;46.13
1496182;4915610;19.26
1504414;4914538;135.03
1498619;4917459;125.99
1491258;4922845;140.26
1491500;4918397;106.56
1491852;4917937;37.28
1492896;4921428;97.65
1490744;4920515;10.60
1493020;4921521;118.34
1494717;4916792;28.55
1492187;4925968;106.71
1492451;4924265;64.67
1491804;4922174;50.91
1492577;4924730;124.02
1493023;4928274;110.17
1490604;4920680;24.30
1494372;4918443;72.69
1494333;4918196;38.56
1490098;4918353;38.62
1483215;4921013;114.34
1490669;4920281;36.98
1491860;4918010;55.96
1494694;4916765;28.71
1492145;4925945;77.86
1490895;4917735;-29.77
1491788;4922142;65.68
1493008;4928261;105.41
1483144;4920975;113.78
1486558;4918901;-6.83
1482992;4919305;-3.52
1481170;4919452;-3.20
1489516;4917927;-8.96
1494667;4916852;8.52
1489901;4918304;6.74
1489359;4918784;92.42
1484565;4919009;13.28
1481182;4919632;9.91
1486779;4925101;287.98
1489364;4919652;127.09
1486807;4919215;-3.84
1481641;4919690;11.97
1481751;4919727;15.48
1489309;4918635;93.92
1486763;4919443;17.16
1497965;4918099;185.17
1481751;4919727;15.48
1481795;4919724;8.89
1489269;4918577;90.21
1486858;4919373;2.46
1497973;4918094;185.39
1481809;4919725;11.78
1481847;4919724;19.29
1489259;4918532;82.95
1486905;4919411;-0.47
1481847;4919724;19.29
1481893;4919731;11.29
1489262;4918516;74.89
1481847;4919724;15.79
1481955;4919731;22.60
1489299;4918566;67.50
1481955;4919731;22.70
1498427;4916348;27.82
1496917;4915839;18.31
1499679;4915121;23.96
1502389;4914506;17.41
1497362;4916734;56.17
1501312;4919369;193.77
1497888;4916821;79.66
1499904;4915271;10.28
1498164;4915326;25.36
1503337;4914732;74.15
1501044;4919436;237.01
1498980;4915712;29.96
1499843;4915883;52.06
1500813;4918647;111.58
1502424;4914479;5.32
1500012;4915356;24.70
1497617;4915726;25.24
1498192;4916618;59.95
1496876;4916681;61.99
1496749;4916512;50.69
1498873;4916421;31.36
1500178;4915584;44.72
1503618;4914451;32.78
1500344;4915651;32.24
1498719;4917101;122.43
1498750;4917415;153.32
1496854;4915839;33.13
1493636;4917039;-29.15
1486488;4918854;-10.86
1493372;4918236;50.80
1481678;4919163;-6.29
1488706;4924290;580.26
1480915;4919478;-1.08
1484395;4919426;74.79
1489495;4917950;-6.46
1490192;4918255;27.61
1487092;4919740;69.78
1489856;4918414;27.85
1489920;4918356;7.42
1487002;4919393;-5.16
1484243;4919569;67.45
1490048;4918309;22.97
1489767;4918258;7.41
1494704;4917510;10.81
1480981;4919543;6.41
1493450;4918332;44.20
1488291;4924474;538.78
1493560;4918036;7.31
1481123;4919621;10.57
1493990;4919021;184.50
1494875;4916898;-5.20
1496802;4917725;51.88
1497571;4920113;42.60
1498317;4922493;37.38
1500244;4915524;38.00
1498730;4917460;153.93
1499070;4916030;47.77
1481543;4919670;13.45
1497377;4920148;27.67
1488747;4924322;593.23
1488774;4924318;592.75
1497622;4917488;56.85
1491121;4918395;29.51
1492243;4917408;16.24
1492468;4927984;143.71
1489453;4918822;68.56
1497648;4920174;45.82
1492359;4922013;99.16
1492348;4922022;101.10
1492378;4922084;84.27
1497607;4920107;36.24
1497609;4920116;37.78
1497521;4920124;44.78
1497474;4920149;43.42
1497392;4920176;42.72
1492403;4927992;177.38
1492474;4928016;147.96
1497396;4920163;40.78
1497554;4920093;34.31
1497606;4920160;45.00
1497302;4920224;20.88
1497254;4920232;19.15
1499798;4916190;81.54
1499125;4915366;15.54
1499822;4915918;48.70
1504532;4914152;36.51
1499065;4916033;42.44
1498688;4916567;34.20
1500815;4914714;8.95
1503045;4914577;29.26
1501189;4919115;155.24
1496464;4916387;13.87
1493731;4919232;147.89
1479315;4920981;163.41
1498775;4922661;103.47
1491841;4926257;95.06
1488950;4920104;30.11
1500140;4915577;40.69
1491918;4926298;76.37
1489468;4918561;44.18
1497876;4916401;56.41
1489613;4919935;80.49
1484539;4919024;14.71
1481099;4919560;5.06
1483388;4919395;5.55
1486845;4925161;298.30
1478121;4918412;68.34
1486753;4919224;-2.80
1487450;4919188;-8.00
1482564;4919560;18.25
1484727;4919331;84.99
1481274;4919151;-10.17
1481107;4919559;5.70
1487559;4919409;-6.65
1493028;4918077;43.90
1498198;4919418;143.05
1496029;4918594;13.28
1497095;4923951;329.08
1497557;4917434;46.34
1491394;4917994;37.74
1492709;4921653;144.91
1492640;4921657;128.11
1492221;4917193;-4.45
1491934;4924641;56.56
1493850;4917978;-3.99
1490769;4920243;39.95
1493927;4924810;59.08
1494677;4916772;26.19
1492127;4925950;76.05
1490918;4917739;-31.76
1491805;4922156;58.82
1483129;4920951;124.48
1486561;4918853;-4.95
1482288;4919379;2.25
1481307;4919367;-8.97
1489526;4917943;-7.86
1489329;4918740;99.46
1493439;4918371;50.58
1484549;4918996;5.87
1481140;4919633;11.44
1486786;4925081;287.67
1490844;4918815;-37.07
1500672;4921975;82.56
1492410;4928052;172.31
1492098;4929066;253.57
1481747;4919693;10.75
1481747;4919693;10.55
1498581;4916721;31.50
1490869;4919478;-29.18
1490367;4918582;-9.36
1488748;4924296;578.49
1488761;4924288;581.64
1488781;4924285;580.00
1482488;4919299;-1.02
1494815;4916554;39.25
1483088;4920989;140.11
1490822;4918126;-16.99
1494542;4917998;44.85
1491057;4917813;-15.28
1486713;4918694;-13.81
1493393;4918527;69.37
1486648;4924834;285.16
1486781;4919239;-3.40
1494812;4916723;4.28
1496697;4918664;63.67
1493961;4919074;176.94
1498562;4923304;76.13
1494867;4916362;31.82
1498763;4920823;191.92
1496155;4918487;25.23
1494600;4916078;-14.14
1492678;4917669;29.76
1500644;4921978;83.99
1494812;4916583;39.92
1497788;4918618;71.14
1495149;4915868;-13.48
1494743;4918634;172.84
1495799;4917317;55.47
1495329;4916216;32.16
1494899;4916082;-0.91
1498367;4920657;133.69
1494750;4919088;232.09
1500028;4921319;115.82
1496777;4917743;37.28
1494832;4918128;81.91
1497600;4918579;48.12
1501175;4918875;107.55
1486848;4919267;-5.18
1481170;4919611;8.12
1497663;4917534;80.40
1493995;4919087;185.19
1497600;4920094;39.60
1498355;4922326;30.73
1499060;4916028;43.32
1498847;4922619;91.22
1480991;4919726;21.29
1497463;4920119;32.26
1492697;4921634;141.10
1492658;4921640;131.37
1492382;4917343;7.77
1491946;4924644;51.55
1493981;4924819;64.55
1494685;4916777;25.01
1492112;4925934;71.56
1481787;4919705;7.08
1481787;4919705;11.18
1492091;4929089;251.62
1481843;4919701;6.08
1481843;4919701;16.08
1492081;4929085;251.33
1481888;4919697;12.61
1481888;4919697;12.51
1492069;4929114;254.41
1481944;4919690;11.13
1481944;4919690;11.13
1492045;4929127;252.24
1491789;4924758;71.57
1491821;4924691;79.96
1491835;4924731;66.36
1492398;4927974;179.99
1491816;4924718;78.05
1488872;4921512;264.72
1490660;4921396;130.36
1490747;4920710;71.86
1490746;4920728;76.82
1490872;4920556;19.25
1500195;4915631;45.30
1492703;4921775;162.52
1486772;4918962;-8.84
1486684;4924858;285.89
1492648;4921770;171.21
1486773;4918932;-6.14
1493392;4918537;73.15
1486708;4924869;286.46
1495592;4917355;6.21
1492623;4921809;170.15
1486774;4918901;-9.42
1493393;4918566;75.23
1486720;4924900;283.18
1486776;4918853;-10.89
1493393;4918581;78.60
1486731;4924921;284.95
1495950;4917121;-14.24
1486778;4918802;-10.21
1493398;4918681;95.08
1489225;4919431;107.90
1496630;4919988;67.26
1495388;4915676;-19.77
1497210;4918419;49.61
1500279;4921212;153.76
1497376;4920130;34.19
1499628;4921390;103.26
1498328;4922354;36.52
1500279;4921212;155.66
1497997;4917402;78.07
1497061;4918253;18.53
1502614;4914615;10.57
1500156;4914833;13.57
1500677;4915050;27.93
1497903;4916399;59.27
1503200;4914636;38.04
1498614;4917468;128.92
1499220;4916717;60.32
1497331;4916725;62.45
1503346;4914747;75.76
1497556;4915701;19.04
1500202;4915565;43.82
1490909;4917714;-32.49
1492722;4917123;-9.65
1486563;4918802;-6.90
1483339;4919275;-2.80
1481674;4919356;-2.79
1489429;4917962;-6.67
1489313;4918771;101.57
1493431;4918377;49.90
1481086;4919523;3.22
1486789;4925059;289.59
1486853;4919215;-4.51
1481846;4919726;17.99
1481134;4919648;9.97
1497683;4917565;82.26
1493983;4919094;186.01
1494838;4916904;-10.61
1498379;4922372;31.33
1497903;4917305;72.86
1500237;4915489;41.77
1499042;4916025;38.02
1498745;4922569;88.53
1481439;4919639;10.92
1497527;4920119;34.86
1497450;4920143;38.59
1495666;4917359;1.72
1481077;4919135;-22.03
1481021;4919348;-9.13
1481237;4919198;-12.47
1481240;4919151;-12.52
1481381;4919207;-10.65
1488615;4923537;410.38
1488615;4923537;410.38
1491711;4923803;80.00
1488021;4922884;353.74
1487671;4922887;133.94
1487127;4922642;349.05
1485826;4922422;17.30
1485801;4922397;113.24
1485645;4922434;116.45
1491712;4923802;79.92
1491714;4923798;79.94
1489223;4923342;565.59
1488624;4923147;357.70
1488624;4923150;357.19
1488404;4923095;336.25
1485548;4922335;151.49
1480031;4920469;112.97
1479982;4920441;81.43
1479921;4920412;48.17
1479332;4920382;113.58
1479154;4920316;74.29
1486738;4924942;285.43
1486781;4918753;-12.57
1486750;4924963;286.56
1496891;4916958;-15.27
1486783;4918696;-14.06
1493390;4918634;95.13
1497189;4916929;-1.49
1493380;4918672;106.53
1495653;4917355;12.16
1492456;4928160;154.44
1489442;4919142;113.92
1489436;4919120;104.94
1497619;4918577;49.06
1491144;4918282;28.35
1491144;4918282;27.35
1498074;4917279;56.08
1479086;4920981;183.59
1492564;4921670;142.01
1492243;4917408;16.14
1491394;4917994;36.79
1500371;4915702;30.61
1498755;4917425;152.00
1504503;4914153;28.26
1498851;4916552;21.86
1496441;4916379;14.87
1493768;4919234;148.55
1500087;4915592;39.74
1491266;4919279;-14.71
1497424;4920156;38.21
1497890;4916362;57.69
1498055;4917422;87.93
1490920;4919517;3.64
1488735;4924289;576.57
1488755;4924282;576.10
1488773;4924296;582.94
1482981;4919235;-7.31
1486566;4918751;-14.18
1492696;4921616;138.63
1490446;4918777;-0.19
1492144;4917453;3.65
1492718;4921613;125.49
1481771;4919701;17.31
1491594;4919597;2.28
1491706;4924802;83.80
1491986;4924018;42.34
1491568;4924062;93.72
1494505;4917967;21.11
1491495;4917696;10.14
1488636;4924238;572.83
1489210;4919833;69.02
1489304;4918784;96.07
1482570;4919950;71.68
1496958;4918683;162.17
1500603;4922006;91.26
1495947;4918550;8.58
1495866;4917184;16.87
1492090;4929062;245.51
1495621;4917513;25.27
1495315;4917863;63.52
1486548;4924642;272.71
1494986;4917768;39.27
1494596;4918057;63.94
1494599;4918131;53.67
1494646;4918221;56.93
1486544;4924637;270.89
1488567;4923543;409.37
1481282;4919247;-9.19
1481342;4919189;-12.16
1481718;4919403;-3.76
1481713;4919355;-5.27
1481709;4919304;-4.16
1481701;4919242;-5.68
1481694;4919191;-7.51
1481688;4919124;-8.61
1481497;4919375;-4.62
1481392;4919383;-4.00
1481254;4919389;-6.78
1488567;4923543;409.37
1488585;4923565;420.46
1488585;4923565;420.56
1488585;4923565;420.46
1488615;4923537;408.38
1481070;4919173;-15.75
1481024;4919264;-18.27
1479315;4920981;162.41
1493449;4918321;47.58
1491802;4919421;50.27
1492338;4927892;176.53
1490748;4917763;-36.08
1492031;4917530;13.46
1491619;4917832;38.00
1492198;4917423;13.01
1492445;4921659;118.38
1495194;4917820;80.02
1491965;4924591;58.93
1492396;4927993;162.67
1491562;4919951;4.68
1490794;4920306;20.36
1491902;4920103;44.38
1491945;4924161;50.65
1491281;4922840;151.50
1491449;4924838;148.35
1491858;4917958;41.00
1491766;4919398;17.87
1493338;4918788;119.47
1491705;4919450;16.25
1493341;4918798;116.01
1491664;4919481;7.62
1491633;4919507;3.95
1493326;4918828;127.81
1491590;4919544;-17.71
1493315;4918861;134.97
1493309;4918870;139.57
1491542;4919853;2.92
1491618;4919964;18.74
1489118;4919098;116.23
1489120;4919141;113.90
1494923;4917825;60.94
1489143;4919169;119.13
1491144;4918282;27.35
1489123;4919224;115.74
1498162;4915653;25.29
1490455;4920660;49.30
1489255;4921677;434.20
1489477;4922025;476.36
1488675;4921001;125.26
1491043;4920483;1.09
1492575;4917463;8.85
1490932;4920558;22.78
1492533;4917416;10.11
1490800;4920736;59.80
1491608;4919527;-13.62
1491624;4919515;-3.95
1491676;4919476;11.71
1491694;4919462;17.34
1490679;4921083;118.88
1492476;4917273;10.14
1491689;4919457;15.41
1491010;4921334;24.46
1490603;4921698;127.66
1490360;4921941;113.83
1489610;4920631;132.66
1491881;4923034;42.90
1491802;4919557;48.82
1494709;4916824;28.81
1492980;4928404;120.28
1492173;4925944;93.58
1491818;4925950;94.11
1492658;4924627;101.59
1490352;4920740;39.49
1492115;4927265;95.30
1491891;4920916;75.57
1492180;4924786;65.59
1491767;4922166;51.09
1491859;4927088;153.26
1492147;4927622;119.29
1491965;4922926;40.21
1493667;4921410;112.36
1490921;4917784;-32.69
1492583;4924712;122.07
1491190;4922509;44.62
1492995;4928261;104.07
1491641;4924485;69.35
1491845;4924108;53.66
1492936;4921453;102.22
1490779;4920538;24.71
1492997;4921505;110.23
1494731;4916798;35.08
1492160;4925932;85.65
1492631;4924576;102.72
1491778;4922154;58.32
1492113;4918074;75.92
1491944;4922923;48.11
1493672;4921412;112.87
1490907;4917677;-31.71
1492596;4924728;118.39
1493021;4928280;108.23
1491693;4924460;67.68
1492103;4920125;69.51
1492720;4927106;129.40
1490638;4920611;15.69
1492177;4924970;58.25
1498051;4918755;60.21
1489059;4919118;119.00
1492631;4921701;141.78
1489066;4919163;110.90
1492243;4917408;16.44
1491394;4917994;36.94
1490423;4918739;2.64
1489092;4919224;107.79
1492031;4917530;13.96
1491619;4917832;38.00
1492198;4917423;12.21
1492517;4921662;123.98
1501239;4919038;138.10
1491982;4924544;52.92
1490842;4920275;19.45
1491839;4918003;54.34
1491256;4922861;136.15
1491458;4918364;102.54
1490777;4920514;16.30
1492412;4917289;9.47
1495858;4917184;15.16
1488877;4918231;10.66
1489018;4918629;56.28
1489042;4918652;55.05
1489041;4918582;83.50
1489042;4918528;81.17
1489093;4918558;84.84
1489117;4918587;90.52
1489109;4918732;91.23
1489183;4918777;102.73
1489057;4918821;97.98
1489082;4918891;108.79
1489082;4918891;108.79
1488857;4918376;10.20
1488864;4918435;13.50
1488885;4918351;13.74
1488905;4918282;23.34
1488926;4918310;23.52
1489002;4918496;54.29
1488993;4918607;55.76
1491929;4924104;42.10
1491584;4919728;2.89
1491691;4924846;79.53
1492007;4924109;52.33
1492338;4920791;79.55
1492718;4927085;130.85
1490720;4920501;10.04
1491763;4919393;18.22
1492226;4924971;65.78
1484307;4919102;4.45
1494664;4917815;60.31
1490109;4918374;36.39
1479799;4920404;7.35
1483147;4921002;127.82
1493981;4917026;-8.92
1494945;4918166;70.91
1484323;4919080;-1.15
1494375;4918468;62.25
1494318;4918179;46.33
1490100;4918368;44.51
1483183;4921018;111.68
1493849;4916496;-35.52
1486486;4918902;-11.33
1493381;4918246;49.41
1485876;4923468;154.01
1493793;4918317;33.73
1481142;4919188;-9.89
1480838;4919509;-5.65
1489429;4917970;-6.39
1489786;4918517;67.82
1490208;4918211;7.82
1480734;4919843;70.10
1487081;4919759;75.52
1489856;4918393;16.28
1489932;4918373;12.53
1494708;4916786;21.82
1492159;4925954;90.04
1491797;4922163;51.24
1490893;4917781;-31.50
1492562;4924708;119.22
1493029;4928261;105.15
1490551;4920744;18.24
1494326;4918145;32.24
1483184;4920931;116.70
1493980;4917339;-13.87
1486489;4918802;-10.10
1493394;4918268;62.90
1488706;4924290;582.16
1481015;4919477;-1.06
1484376;4919412;66.61
1487067;4919745;69.90
1494603;4916802;23.54
1489901;4918331;0.75
1488690;4924296;587.20
1491606;4924022;100.41
1488603;4918659;-8.24
1491506;4917702;12.68
1489362;4919086;117.33
1494606;4916877;11.79
1489309;4918762;101.97
1496997;4918668;156.41
1500581;4922020;93.03
1495878;4917182;18.15
1497192;4920446;21.51
1498135;4915650;16.95
1490513;4917936;-27.11
1491889;4924127;37.78
1481885;4919698;13.40
1491532;4920002;-0.03
1492257;4927422;97.78
1491677;4924911;85.49
1491944;4924050;38.06
1490512;4918993;23.70
1491622;4923995;100.03
1494485;4917963;17.17
1493401;4918258;51.96
1485868;4923497;178.09
1478898;4918945;87.32
1484383;4919160;13.35
1493791;4918327;38.37
1481110;4919240;-8.74
1488752;4924290;583.27
1480794;4919477;-6.41
1489430;4917981;-6.50
1489814;4918511;59.47
1490211;4918242;12.29
1480747;4919839;71.30
1487093;4919774;78.07
1489841;4918411;27.61
1484956;4919147;7.89
1479486;4921135;137.60
1476540;4923455;244.66
1489918;4918377;2.99
1486955;4919455;6.53
1490093;4918298;23.96
1478763;4918804;24.16
1489783;4918220;0.52
1478113;4918562;114.23
1488752;4924290;566.27
1486942;4919402;-2.77
1484204;4919689;76.19
1490047;4918291;17.93
1489767;4918238;2.82
1488778;4924273;556.37
1482586;4920192;98.71
1481009;4919538;6.51
1493467;4918281;31.48
1488339;4924453;520.39
1487429;4920691;205.94
1493602;4918022;-0.05
1489591;4919941;81.31
1484525;4919021;5.07
1493670;4918210;-0.88
1488410;4918848;-7.77
1481698;4922818;153.72
1493445;4918351;45.92
1493552;4918008;-3.51
1484538;4919036;15.75
1481163;4919605;9.00
1483993;4921074;187.35
1486804;4925152;297.24
1478157;4918416;58.53
1486789;4919270;-3.42
1487536;4919221;-4.80
1484724;4919322;87.28
1481342;4919129;-10.85
1481165;4919553;5.14
1489374;4917934;-4.73
1498198;4919418;145.55
1496033;4918576;12.57
1496693;4918622;86.36
1493955;4919024;181.78
1489406;4918960;80.81
1494640;4916883;14.73
1489333;4918837;116.73
1495957;4918576;11.41
1498167;4915624;18.30
1488654;4923838;471.96
1498845;4922474;57.72
1498820;4917038;101.93
1488476;4923809;460.65
1489471;4919195;133.80
1489128;4918718;98.90
1489118;4918708;90.68
1489128;4918729;94.51
1489302;4918675;107.40
1488560;4923858;466.98
1498784;4922483;64.71
1489236;4918568;104.12
1489126;4918468;92.26
1489167;4918441;90.87
1489236;4918476;82.40
1488641;4923789;468.83
1498730;4922482;68.47
1495571;4918048;150.89
1482561;4920168;97.06
1481010;4919569;6.87
1493449;4918321;48.78
1488311;4924447;506.45
1487445;4920726;201.42
1480313;4920142;102.25
1493655;4918094;9.90
1489593;4919934;81.53
1483223;4919418;10.57
1484534;4919016;4.72
1481103;4919525;3.41
1480280;4920709;114.78
1479780;4919561;14.36
1481686;4922713;151.43
1485187;4919206;2.97
1482777;4919627;42.48
1486816;4925169;300.41
1478177;4918421;53.35
1487499;4919151;-13.42
1479051;4920287;0.57
1484733;4919353;85.63
1481209;4919190;-9.75
1481094;4919543;5.23
1487522;4919387;2.35
1492955;4918434;101.51
1493005;4918066;45.04
1496015;4918625;17.08
1497073;4923940;324.11
1494802;4916720;8.40
1496728;4918710;96.02
1495183;4918293;139.24
1493978;4919023;185.17
1498562;4923304;76.73
1495788;4917324;47.90
1495637;4916460;-10.94
1496780;4917716;40.80
1494830;4918131;84.08
1497587;4918576;47.69
1489321;4919422;99.47
1496605;4919965;70.70
1497202;4918409;49.20
1497432;4920127;31.55
1498378;4922400;26.04
1498031;4917449;90.60
1497718;4917093;41.17
1502540;4914578;8.41
1497916;4916384;54.54
1503182;4914635;37.09
1503366;4914752;86.13
1500170;4915526;36.36
1498723;4917394;140.76
1499070;4916030;45.97
1498939;4916435;5.24
1498754;4922592;93.07
1488527;4923824;464.92
1498740;4922512;70.00
1488447;4923830;464.79
1498787;4922514;58.65
1488406;4923754;460.30
1498842;4922507;65.65
1488310;4923678;469.41
1488362;4923877;475.98
1488444;4923863;468.55
1498959;4923613;84.00
1492262;4927435;110.23
1491757;4924872;81.96
1491944;4924100;41.56
1490520;4918983;29.36
1491607;4923922;93.51
1494482;4917936;16.53
1488612;4918613;-10.44
1489398;4918926;71.35
1489371;4918772;94.59
1495974;4918586;11.79
1498138;4915620;15.89
1490863;4920609;33.43
1491919;4924136;44.17
1488411;4918887;-6.17
1486852;4925176;301.72
1478168;4918374;47.64
1478168;4918374;47.64
1486758;4919245;-1.02
1482592;4919617;36.31
1484733;4919364;85.76
1481206;4919262;-8.73
1481159;4919519;4.31
1479099;4919265;39.26
1487541;4919422;7.90
1485633;4922570;103.86
1492939;4918428;101.12
1485513;4919773;29.35
1492729;4918167;37.34
1494865;4916368;28.21
1494538;4918009;41.44
1494613;4916080;-13.49
1494103;4919276;214.71
1492628;4917672;27.09
1500627;4921959;82.87
1498885;4923428;84.52
1495052;4915951;-8.35
1494755;4918620;179.06
1495813;4917323;55.14
1496615;4917778;16.08
1495323;4916153;31.37
1501471;4921562;102.62
1494983;4918379;154.62
1495837;4917189;10.53
1498346;4921117;265.13
1499379;4920952;228.75
1497909;4922439;124.55
1494898;4916065;-0.93
1497479;4920187;49.15
1497904;4916365;60.72
1491121;4918395;27.11
1488718;4924295;581.09
1488739;4924277;578.07
1488783;4924295;582.64
1483023;4919214;-6.78
1493300;4918888;142.46
1491502;4920379;-1.63
1493303;4918895;141.20
1493293;4918915;145.43
1493285;4918919;151.07
1493288;4918927;144.81
1493275;4918946;149.45
1493254;4918973;154.22
1493200;4919024;168.73
1490543;4917828;-29.45
1490885;4920266;18.97
1491751;4924902;71.46
1491938;4924143;46.40
1491631;4923897;89.81
1494450;4917961;10.37
1489291;4918531;68.26
1489369;4918747;94.84
1498168;4915588;17.30
1495655;4917364;25.73
1495655;4917364;25.93
1495655;4917364;25.73
1495655;4917364;25.93
1495655;4917364;25.83
1484919;4921214;228.82
1484932;4921362;178.81
1484932;4921362;180.01
1493002;4918079;53.04
1496000;4918643;15.00
1497048;4923941;322.88
1494808;4916732;18.26
1495391;4918253;178.67
1496744;4918720;90.09
1498149;4918747;100.33
1495175;4918296;128.23
1493980;4919046;189.68
1498562;4923304;76.73
1498126;4920702;123.54
1492744;4918190;36.92
1498720;4920802;190.91
1494538;4918009;41.24
1496926;4919881;38.49
1497361;4921670;69.53
1494561;4916079;-14.32
1493054;4919063;215.92
1494093;4919272;209.63
1492671;4917687;40.87
1494944;4917542;43.86
1498375;4920670;133.97
1494727;4919086;232.14
1499987;4921340;122.63
1496791;4917774;41.46
1494838;4918136;81.35
1497602;4918583;48.17
1498150;4920488;92.50
1501314;4918917;137.26
1489290;4919346;98.47
1494918;4916328;43.99
1496627;4920002;77.49
1495555;4917544;48.59
1495348;4915645;-20.98
1495507;4918590;163.58
1500304;4921125;181.31
1497357;4920133;33.90
1498355;4922460;29.16
1500304;4921125;186.51
1496233;4918241;1.38
1497455;4917751;127.65
1498027;4917398;82.69
1497087;4918266;17.76
1491144;4918282;28.05
1497908;4917138;28.26
1492624;4921675;136.06
1491394;4917994;37.94
1492583;4917578;13.89
1490811;4917737;-31.50
1492031;4917530;14.36
1491619;4917832;39.20
1495639;4917429;34.64
1492430;4917436;10.52
1491954;4924600;60.58
1490778;4920267;27.35
1491860;4918010;47.96
1491256;4922861;135.35
1491410;4918440;88.88
1494685;4916760;28.59
1492145;4925945;82.86
1490861;4917772;-27.99
1491787;4922146;62.04
1483146;4920949;120.39
1484919;4921214;229.52
1484919;4921214;229.52
1484919;4921214;229.52
1484927;4921248;204.91
1491754;4924948;71.14
1491662;4923878;87.30
1488495;4920198;29.90
1489369;4918715;93.08
1498137;4915589;25.81
1491831;4926307;106.06
1494488;4917941;19.37
1491004;4922002;57.80
1491044;4922102;49.61
1489066;4919163;111.20
1491803;4924825;66.51
1491875;4924150;36.28
1491620;4923930;91.39
1494479;4917956;14.30
1488565;4920194;11.85
1489389;4918743;80.49
1500593;4921950;90.02
1498889;4923459;79.75
1491743;4917704;29.52
1501711;4921704;83.34
1495968;4918555;5.16
1494795;4916585;39.90
1497795;4918674;98.01
1494968;4915952;-11.00
1494746;4918648;176.47
1495803;4917346;54.43
1496569;4917395;20.23
1495320;4916095;18.35
1501482;4921544;106.85
1494527;4916479;-8.47
1501980;4921196;239.13
1494983;4918379;154.12
1501017;4921930;105.94
1501538;4921576;106.14
1495020;4917821;47.83
1498270;4919199;112.88
1497486;4916964;40.68
1504278;4914986;297.10
1500183;4914820;14.05
1499250;4917573;51.89
1500674;4915069;28.84
1497897;4916368;53.94
1503157;4914658;31.05
1499038;4915803;42.30
1499146;4915674;33.45
1496188;4915628;19.63
1498641;4917468;129.93
1496926;4915846;17.93
1497357;4916715;63.47
1501318;4919418;206.34
1497879;4916800;72.79
1503393;4914733;77.40
1500804;4918652;103.58
1497645;4915787;28.16
1496732;4916546;51.77
1498843;4916403;25.33
1500202;4915565;41.52
1478764;4920177;139.60
1478429;4919658;140.54
1477210;4918537;43.32
1477174;4918476;55.99
1476922;4918288;89.91
1482509;4921693;122.89
1481525;4921084;245.58
1480887;4920639;193.18
1480692;4920642;157.97
1480326;4920599;145.52
1491187;4918776;-22.52
1496450;4917148;-35.02
1490944;4918966;-1.16
1491585;4919100;28.50
1490775;4918891;-17.78
1496358;4917277;-20.94
1490774;4919493;-26.76
1490654;4919477;-20.23
1491727;4921900;15.90
1479017;4920275;17.39
;;
