/home/matrac-user/Devel/SEPG_2021-08-03/tuttomatrac/apps/build-mokupUI-Desktop_Qt_5_15_0_GCC_64bit-Release/porto_grid_0.0z.mesh
38048 1627986016 0 5 0.02
38049 1627986016 0 6 0.06
38050 1627986016 0 8 4.98 12.33 11.89
38051 1627986017 0 1 2.403
38052 1627986017 0 0 26.23 8.27 166.1 61.30 101.6 6.31 173.8 17.0 193.0 2.72 41.17 14.0
38053 1627986017 0 7 $GNGGA,102016.000,4424.00944,N,00854.24127,E,1,10,1.0,12.8,M,44.7,M,,*7E
38054 1627986017 0 7 $GNGGA,102017.000,4424.00920,N,00854.24204,E,1,10,1.0,12.3,M,44.7,M,,*74
38055 1627986018 0 7 $GNGGA,102018.000,4424.00903,N,00854.24263,E,1,10,1.0,12.3,M,44.7,M,,*7B
38056 1627986019 0 3 2.55 0.00
38057 1627986019 0 4 2.52 1.45
38058 1627986019 0 5 0.02
38059 1627986019 0 6 0.06
38060 1627986019 0 1 2.219
38061 1627986020 0 8 4.98 12.36 11.89
38062 1627986020 0 0 26.24 8.27 166.0 61.30 101.7 6.31 173.8 17.0 193.4 2.72 41.17 14.1
38063 1627986020 0 7 $GNGGA,102019.000,4424.00866,N,00854.24325,E,1,10,1.0,12.3,M,44.7,M,,*7B
38064 1627986020 0 7 $GNGGA,102020.000,4424.00838,N,00854.24386,E,1,10,1.0,12.3,M,44.7,M,,*73
38065 1627986021 0 7 $GNGGA,102021.000,4424.00814,N,00854.24440,E,1,10,1.0,12.4,M,44.7,M,,*76
38066 1627986022 0 3 2.55 0.00
38067 1627986022 0 4 2.53 1.45
38068 1627986022 0 5 0.02
38069 1627986022 0 6 0.06
38070 1627986022 0 8 4.98 12.34 11.89
38071 1627986022 0 1 2.236
38072 1627986023 0 0 26.24 8.27 166.0 61.35 101.7 6.31 173.7 17.0 192.9 2.72 41.20 14.1
38073 1627986023 0 7 $GNGGA,102022.000,4424.00798,N,00854.24486,E,1,10,1.0,12.3,M,44.7,M,,*73
38074 1627986023 0 7 $GNGGA,102023.000,4424.00757,N,00854.24539,E,1,10,1.0,11.8,M,44.7,M,,*7C
38075 1627986024 0 7 $GNGGA,102024.000,4424.00741,N,00854.24582,E,1,10,1.0,11.4,M,44.7,M,,*70
38076 1627986025 0 3 2.55 0.00
38077 1627986025 0 4 2.53 1.45
38078 1627986025 0 5 0.03
38079 1627986025 0 6 0.06
38080 1627986026 0 1 2.584
38081 1627986026 0 8 4.98 12.37 11.89
38082 1627986026 0 0 26.24 8.27 166.1 61.43 101.7 6.30 173.9 17.0 193.2 2.74 41.26 14.1
38083 1627986026 0 7 $GNGGA,102025.000,4424.00736,N,00854.24627,E,1,10,1.0,10.9,M,44.7,M,,*71
38084 1627986026 0 7 $GNGGA,102026.000,4424.00740,N,00854.24684,E,1,10,1.0,10.8,M,44.7,M,,*7B
38085 1627986027 0 7 $GNGGA,102027.000,4424.00741,N,00854.24756,E,1,10,1.0,10.6,M,44.7,M,,*7B
38086 1627986028 0 3 2.55 0.00
38087 1627986028 0 4 2.52 1.45
38088 1627986028 0 5 0.03
38089 1627986028 0 6 0.06
38090 1627986028 0 8 4.98 12.34 11.89
38091 1627986029 0 1 2.155
38092 1627986029 0 0 26.25 8.27 166.0 61.33 101.7 6.31 173.8 17.0 192.7 2.74 41.19 14.1
38093 1627986029 0 7 $GNGGA,102028.000,4424.00731,N,00854.24832,E,1,10,1.0,10.4,M,44.7,M,,*7C
38094 1627986029 0 7 $GNGGA,102029.000,4424.00719,N,00854.24910,E,1,10,1.0,10.3,M,44.7,M,,*71
38095 1627986030 0 7 $GNGGA,102030.000,4424.00695,N,00854.24982,E,1,10,1.0,10.2,M,44.7,M,,*76
38096 1627986031 0 3 2.55 0.00
38097 1627986031 0 4 2.53 1.44
38098 1627986031 0 5 0.02
38099 1627986031 0 6 0.06
38100 1627986031 0 1 3.144
38101 1627986032 0 8 4.98 12.21 11.89
38102 1627986032 0 0 26.24 8.27 166.0 61.40 101.7 6.31 173.8 16.9 193.1 2.71 41.24 14.1
38103 1627986032 0 7 $GNGGA,102031.000,4424.00674,N,00854.25032,E,1,10,1.0,10.4,M,44.7,M,,*7D
38104 1627986032 0 7 $GNGGA,102032.000,4424.00660,N,00854.25076,E,1,10,1.0,10.7,M,44.7,M,,*78
38105 1627986033 0 7 $GNGGA,102033.000,4424.00638,N,00854.25135,E,1,10,1.0,10.9,M,44.7,M,,*7C
38106 1627986034 0 3 2.55 0.00
38107 1627986034 0 4 2.52 1.44
38108 1627986034 0 5 0.02
38109 1627986034 0 6 0.07
38110 1627986034 0 1 2.482
38111 1627986035 0 8 4.98 12.34 11.89
38112 1627986035 0 0 26.24 8.27 166.0 61.36 101.8 6.31 173.9 17.0 193.2 2.68 41.21 14.1
38113 1627986035 0 7 $GNGGA,102034.000,4424.00616,N,00854.25206,E,1,10,1.0,10.8,M,44.7,M,,*75
38114 1627986035 0 7 $GNGGA,102035.000,4424.00594,N,00854.25290,E,1,10,1.0,11.1,M,44.7,M,,*7A
38115 1627986036 0 7 $GNGGA,102036.000,4424.00573,N,00854.25369,E,1,10,1.0,11.5,M,44.7,M,,*73
38116 1627986037 0 3 2.55 0.00
38117 1627986037 0 4 2.52 1.44
38118 1627986037 0 5 0.02
38119 1627986037 0 6 0.06
38120 1627986037 0 8 4.98 12.34 11.87
38121 1627986038 0 1 2.417
38122 1627986038 0 0 26.24 8.27 166.0 61.38 101.7 6.31 173.8 17.0 193.4 2.68 41.22 14.1
38123 1627986038 0 7 $GNGGA,102037.000,4424.00554,N,00854.25439,E,1,10,1.0,11.1,M,44.7,M,,*71
38124 1627986038 0 7 $GNGGA,102038.000,4424.00534,N,00854.25506,E,1,10,1.0,11.0,M,44.7,M,,*74
38125 1627986039 0 7 $GNGGA,102039.000,4424.00509,N,00854.25568,E,1,10,1.0,11.2,M,44.7,M,,*71
38126 1627986040 0 3 2.55 0.00
38127 1627986040 0 4 2.52 1.44
38128 1627986040 0 5 0.02
38129 1627986040 0 6 0.06
38130 1627986040 0 1 2.394
38131 1627986041 0 8 4.98 12.19 11.87
38132 1627986041 0 0 26.24 8.27 166.0 61.28 101.8 6.31 173.8 17.0 193.1 2.70 41.15 14.1
38133 1627986041 0 7 $GNGGA,102040.000,4424.00471,N,00854.25645,E,1,10,1.0,11.4,M,44.7,M,,*7B
38134 1627986041 0 7 $GNGGA,102041.000,4424.00420,N,00854.25726,E,1,10,1.0,11.5,M,44.7,M,,*7B
38135 1627986042 0 7 $GNGGA,102042.000,4424.00387,N,00854.25793,E,1,10,1.0,11.5,M,44.7,M,,*7C
38136 1627986043 0 3 2.55 0.00
38137 1627986043 0 4 2.52 1.44
38138 1627986043 0 5 0.02
38139 1627986043 0 6 0.06
38140 1627986043 0 8 4.98 12.33 11.89
38141 1627986044 0 1 2.336
38142 1627986044 0 0 26.25 8.27 166.0 61.36 101.7 6.31 173.8 17.0 193.0 2.71 41.21 14.1
38143 1627986044 0 7 $GNGGA,102043.000,4424.00361,N,00854.25852,E,1,10,1.0,11.5,M,44.7,M,,*77
38144 1627986044 0 7 $GNGGA,102044.000,4424.00333,N,00854.25917,E,1,10,1.0,11.9,M,44.7,M,,*7B
38145 1627986045 0 7 $GNGGA,102045.000,4424.00315,N,00854.25979,E,1,10,1.0,12.6,M,44.7,M,,*7A
38146 1627986046 0 3 2.55 0.00
38147 1627986046 0 4 2.52 1.44
38148 1627986046 0 5 0.02
38149 1627986046 0 6 0.06
38150 1627986047 0 1 2.100
38151 1627986047 0 8 4.97 12.22 11.89
38152 1627986047 0 0 26.25 8.27 165.9 61.30 101.7 6.31 174.0 17.0 193.0 2.70 41.16 14.1
38153 1627986047 0 7 $GNGGA,102046.000,4424.00296,N,00854.26036,E,1,10,1.0,12.6,M,44.7,M,,*72
38154 1627986047 0 7 $GNGGA,102047.000,4424.00267,N,00854.26082,E,1,10,1.0,12.9,M,44.7,M,,*7D
38155 1627986048 0 7 $GNGGA,102048.000,4424.00266,N,00854.26084,E,1,10,1.0,12.8,M,44.7,M,,*74
38156 1627986049 0 3 2.55 0.00
38157 1627986049 0 4 2.52 1.45
38158 1627986049 0 5 0.02
38159 1627986049 0 6 0.06
38160 1627986049 0 8 4.98 12.24 11.89
38161 1627986050 0 1 2.672
38162 1627986050 0 0 26.24 8.27 165.9 61.32 101.7 6.31 174.1 16.9 193.8 2.69 41.18 14.1
38163 1627986050 0 7 $GNGGA,102049.000,4424.00264,N,00854.26086,E,1,10,1.0,12.7,M,44.7,M,,*7A
38164 1627986050 0 7 $GNGGA,102050.000,4424.00262,N,00854.26089,E,1,10,1.0,12.6,M,44.7,M,,*7A
38165 1627986051 0 7 $GNGGA,102051.000,4424.00263,N,00854.26086,E,1,10,1.0,12.5,M,44.7,M,,*76
38166 1627986052 0 3 2.55 0.00
38167 1627986052 0 4 2.52 1.45
38168 1627986052 0 5 0.02
38169 1627986052 0 6 0.06
38170 1627986052 0 1 2.452
38171 1627986053 0 8 4.98 12.36 11.89
38172 1627986053 0 0 26.23 8.27 165.9 61.32 101.7 6.31 173.9 16.9 193.6 2.70 41.18 14.1
38173 1627986053 0 7 $GNGGA,102052.000,4424.00252,N,00854.26149,E,1,10,1.0,11.7,M,44.7,M,,*74
38174 1627986053 0 7 $GNGGA,102053.000,4424.00245,N,00854.26218,E,1,10,1.0,11.2,M,44.7,M,,*71
38175 1627986054 0 7 $GNGGA,102054.000,4424.00249,N,00854.26297,E,1,10,1.0,10.5,M,44.7,M,,*7B
38176 1627986055 0 3 2.55 0.00
38177 1627986055 0 4 2.52 1.45
38178 1627986055 0 5 0.02
38179 1627986055 0 6 0.07
38180 1627986055 0 8 4.98 12.34 11.89
38181 1627986056 0 1 2.311
38182 1627986056 0 0 26.22 8.27 165.9 61.42 101.7 6.31 174.2 16.9 193.7 2.75 41.25 14.1
38183 1627986056 0 7 $GNGGA,102055.000,4424.00254,N,00854.26367,E,1,10,1.0,9.8,M,44.7,M,,*4D
38184 1627986056 0 7 $GNGGA,102056.000,4424.00247,N,00854.26426,E,1,10,1.0,9.6,M,44.7,M,,*40
38185 1627986057 0 7 $GNGGA,102057.000,4424.00241,N,00854.26468,E,1,10,1.0,9.4,M,44.7,M,,*4F
38186 1627986058 0 3 2.55 0.00
38187 1627986058 0 4 2.52 1.45
38188 1627986058 0 5 0.02
38189 1627986058 0 6 0.07
38190 1627986058 0 1 2.800
38191 1627986059 0 8 4.98 12.37 11.89
38192 1627986059 0 0 26.24 8.27 165.9 61.38 101.7 6.31 173.8 17.0 193.4 2.75 41.23 14.1
38193 1627986059 0 7 $GNGGA,102058.000,4424.00242,N,00854.26512,E,1,10,1.0,9.1,M,44.7,M,,*4A
38194 1627986059 0 7 $GNGGA,102059.000,4424.00242,N,00854.26572,E,1,10,1.0,8.6,M,44.7,M,,*4B
38195 1627986060 0 7 $GNGGA,102100.000,4424.00254,N,00854.26632,E,1,10,1.0,7.9,M,44.7,M,,*46
38196 1627986061 0 3 2.55 0.00
38197 1627986061 0 4 2.52 1.45
38198 1627986061 0 5 0.02
38199 1627986061 0 6 0.06
38200 1627986061 0 1 2.231
38201 1627986062 0 8 4.98 12.33 11.89
38202 1627986062 0 0 26.24 8.27 165.9 61.34 101.7 6.31 173.7 17.0 193.1 2.75 41.19 14.1
38203 1627986062 0 7 $GNGGA,102101.000,4424.00271,N,00854.26682,E,1,10,1.0,7.6,M,44.7,M,,*44
38204 1627986062 0 7 $GNGGA,102102.000,4424.00319,N,00854.26725,E,1,10,1.0,7.1,M,44.7,M,,*43
38205 1627986063 0 7 $GNGGA,102103.000,4424.00404,N,00854.26761,E,1,10,1.0,6.5,M,44.7,M,,*4C
38206 1627986064 0 3 2.55 0.00
38207 1627986064 0 4 2.52 1.45
38208 1627986064 0 5 0.02
38209 1627986064 0 6 0.06
38210 1627986064 0 8 4.98 12.32 11.89
38211 1627986065 0 1 1.840
38212 1627986065 0 0 26.25 8.27 166.0 61.34 101.7 6.31 173.8 17.0 193.1 2.73 41.19 14.1
38213 1627986065 0 7 $GNGGA,102104.000,4424.00440,N,00854.26807,E,1,10,1.0,6.3,M,44.7,M,,*42
38214 1627986065 0 7 $GNGGA,102105.000,4424.00477,N,00854.26852,E,1,10,1.0,5.8,M,44.7,M,,*4F
38215 1627986066 0 7 $GNGGA,102106.000,4424.00532,N,00854.26891,E,1,10,1.0,5.5,M,44.7,M,,*4E
38216 1627986067 0 3 2.55 0.00
38217 1627986067 0 4 2.52 1.45
38218 1627986067 0 5 0.03
38219 1627986067 0 6 0.06
38220 1627986068 0 1 2.063
38221 1627986068 0 8 4.98 12.34 11.89
38222 1627986068 0 0 26.25 8.27 165.9 61.31 101.7 6.31 173.9 17.0 193.4 2.75 41.17 14.1
38223 1627986068 0 7 $GNGGA,102107.000,4424.00508,N,00854.26953,E,1,10,1.0,5.1,M,44.7,M,,*4D
38224 1627986068 0 7 $GNGGA,102108.000,4424.00459,N,00854.27012,E,1,10,1.0,5.0,M,44.7,M,,*4B
38225 1627986069 0 7 $GNGGA,102109.000,4424.00436,N,00854.27072,E,1,10,1.0,4.6,M,44.7,M,,*42
38226 1627986070 0 3 2.55 0.00
38227 1627986070 0 4 2.53 1.45
38228 1627986070 0 5 0.03
38229 1627986070 0 6 0.06
38230 1627986070 0 8 4.98 12.34 11.89
38231 1627986071 0 1 2.291
38232 1627986071 0 0 26.24 8.27 165.9 61.32 101.7 6.31 173.8 17.0 193.1 2.76 41.18 14.1
38233 1627986071 0 7 $GNGGA,102110.000,4424.00420,N,00854.27142,E,1,10,1.0,4.2,M,44.7,M,,*4B
38234 1627986071 0 7 $GNGGA,102111.000,4424.00411,N,00854.27220,E,1,10,1.0,3.7,M,44.7,M,,*4D
38235 1627986072 0 7 $GNGGA,102112.000,4424.00376,N,00854.27291,E,1,10,1.0,3.1,M,44.7,M,,*44
38236 1627986073 0 3 2.55 0.00
38237 1627986073 0 4 2.52 1.45
38238 1627986073 0 5 0.02
38239 1627986073 0 6 0.06
38240 1627986073 0 1 2.244
38241 1627986074 0 8 4.98 12.37 11.89
38242 1627986074 0 0 26.24 8.27 165.8 61.26 101.7 6.31 173.8 17.0 193.3 2.76 41.13 14.1
38243 1627986074 0 7 $GNGGA,102113.000,4424.00320,N,00854.27348,E,1,10,1.0,2.8,M,44.7,M,,*4B
38244 1627986074 0 7 $GNGGA,102114.000,4424.00259,N,00854.27390,E,1,10,1.0,2.5,M,44.7,M,,*4B
38245 1627986075 0 7 $GNGGA,102115.000,4424.00185,N,00854.27432,E,1,10,1.0,2.5,M,44.7,M,,*47
38246 1627986076 0 3 2.55 0.00
38247 1627986076 0 4 2.52 1.45
38248 1627986076 0 5 0.03
38249 1627986076 0 6 0.06
38250 1627986076 0 8 4.98 12.34 11.89
38251 1627986076 0 1 2.363
38252 1627986077 0 0 26.24 8.27 165.9 61.27 101.8 6.31 173.9 17.0 193.5 2.77 41.14 14.1
38253 1627986077 0 7 $GNGGA,102116.000,4424.00126,N,00854.27452,E,1,10,1.0,3.1,M,44.7,M,,*4E
38254 1627986077 0 7 $GNGGA,102117.000,4424.00073,N,00854.27450,E,1,10,1.0,3.4,M,44.7,M,,*49
38255 1627986078 0 7 $GNGGA,102118.000,4424.00015,N,00854.27471,E,1,10,1.0,3.6,M,44.7,M,,*47
38256 1627986079 0 3 2.55 0.00
38257 1627986079 0 4 2.52 1.45
38258 1627986079 0 5 0.03
38259 1627986079 0 6 0.07
38260 1627986079 0 1 2.441
38261 1627986080 0 8 4.98 12.37 11.89
38262 1627986080 0 0 26.24 8.27 165.9 61.35 101.7 6.31 173.8 17.0 193.1 2.77 41.20 14.1
38263 1627986080 0 7 $GNGGA,102119.000,4423.99978,N,00854.27522,E,1,10,1.0,2.8,M,44.7,M,,*4B
38264 1627986080 0 7 $GNGGA,102120.000,4423.99932,N,00854.27574,E,1,10,1.0,2.0,M,44.7,M,,*44
38265 1627986081 0 7 $GNGGA,102121.000,4423.99885,N,00854.27652,E,1,10,1.0,1.6,M,44.7,M,,*4A
38266 1627986082 0 3 2.55 0.00
38267 1627986082 0 4 2.53 1.45
38268 1627986082 0 5 0.02
38269 1627986082 0 6 0.07
38270 1627986082 0 8 4.98 12.33 11.91
38271 1627986083 0 1 2.542
38272 1627986083 0 0 26.24 8.27 165.9 61.33 101.7 6.31 173.8 17.0 193.0 2.78 41.19 14.1
38273 1627986083 0 7 $GNGGA,102122.000,4423.99857,N,00854.27759,E,1,10,1.0,0.7,M,44.7,M,,*4C
38274 1627986083 0 7 $GNGGA,102123.000,4423.99839,N,00854.27837,E,1,10,1.0,0.5,M,44.7,M,,*40
38275 1627986084 0 7 $GNGGA,102124.000,4423.99827,N,00854.27904,E,1,10,1.0,0.3,M,44.7,M,,*4F
38276 1627986085 0 3 2.55 0.00
38277 1627986085 0 4 2.52 1.45
38278 1627986085 0 5 0.02
38279 1627986085 0 6 0.07
38280 1627986085 0 1 3.223
38281 1627986086 0 8 4.98 12.37 11.89
38282 1627986086 0 0 26.23 8.27 165.8 61.31 101.7 6.31 173.9 17.0 193.3 2.78 41.17 14.1
38283 1627986086 0 7 $GNGGA,102125.000,4423.99808,N,00854.27980,E,1,10,1.0,-0.3,M,44.7,M,,*62
38284 1627986086 0 7 $GNGGA,102126.000,4423.99791,N,00854.28048,E,1,10,1.0,-0.5,M,44.7,M,,*6A
38285 1627986087 0 7 $GNGGA,102127.000,4423.99767,N,00854.28124,E,1,10,1.0,-0.6,M,44.7,M,,*6A
38286 1627986088 0 3 2.55 0.00
38287 1627986088 0 4 2.52 1.45
38288 1627986088 0 5 0.03
38289 1627986088 0 6 0.07
38290 1627986089 0 1 2.646
38291 1627986089 0 8 4.98 12.33 11.89
38292 1627986089 0 0 26.23 8.27 165.9 61.34 101.7 6.31 173.9 17.0 193.1 2.76 41.19 14.0
38293 1627986089 0 7 $GNGGA,102128.000,4423.99750,N,00854.28202,E,1,10,1.0,-0.9,M,44.7,M,,*69
38294 1627986089 0 7 $GNGGA,102129.000,4423.99739,N,00854.28283,E,1,10,1.0,-1.2,M,44.7,M,,*64
38295 1627986090 0 2 0.04150000 3.47149991 1.29890001 0.02670000 2.66109991 0.00390000 0.05270000 0.18400000 1.00000000 88.57700347
38296 1627986090 0 7 $GNGGA,102130.000,4423.99727,N,00854.28358,E,1,10,1.0,-1.4,M,44.7,M,,*62
38297 1627986091 0 3 2.55 0.00
38298 1627986091 0 4 2.52 1.45
38299 1627986091 0 5 0.03
38300 1627986091 0 6 0.07
38301 1627986091 0 8 4.98 12.33 11.89
38302 1627986092 0 1 2.575
38303 1627986092 0 0 26.23 8.27 165.9 61.31 101.7 6.31 173.9 17.0 193.2 2.75 41.17 14.1
38304 1627986092 0 7 $GNGGA,102131.000,4423.99708,N,00854.28428,E,1,10,1.0,-1.4,M,44.7,M,,*6E
38305 1627986092 0 7 $GNGGA,102132.000,4423.99683,N,00854.28489,E,1,10,1.0,-1.2,M,44.7,M,,*62
38306 1627986093 0 7 $GNGGA,102133.000,4423.99660,N,00854.28554,E,1,10,1.0,-1.3,M,44.7,M,,*6E
38307 1627986094 0 3 2.55 0.00
38308 1627986094 0 4 2.52 1.45
38309 1627986094 0 5 0.03
38310 1627986094 0 6 0.07
38311 1627986094 0 1 2.492
38312 1627986095 0 8 4.98 12.33 11.89
38313 1627986095 0 0 26.23 8.27 165.9 61.34 101.7 6.31 174.0 17.0 193.0 2.75 41.20 14.1
38314 1627986095 0 7 $GNGGA,102134.000,4423.99643,N,00854.28636,E,1,10,1.0,-1.6,M,44.7,M,,*6A
38315 1627986095 0 7 $GNGGA,102135.000,4423.99630,N,00854.28712,E,1,10,1.0,-1.7,M,44.7,M,,*69
38316 1627986096 0 7 $GNGGA,102136.000,4423.99616,N,00854.28772,E,1,10,1.0,-2.3,M,44.7,M,,*6F
38317 1627986097 0 3 2.55 0.00
38318 1627986097 0 4 2.52 1.45
38319 1627986097 0 5 0.02
38320 1627986097 0 6 0.07
38321 1627986097 0 8 4.98 12.34 11.89
38322 1627986098 0 1 2.705
38323 1627986098 0 0 26.23 8.27 165.9 61.39 101.7 6.31 174.0 17.0 193.2 2.76 41.23 14.1
38324 1627986098 0 7 $GNGGA,102137.000,4423.99597,N,00854.28823,E,1,10,1.0,-2.6,M,44.7,M,,*6A
38325 1627986098 0 7 $GNGGA,102138.000,4423.99573,N,00854.28886,E,1,10,1.0,-3.0,M,44.7,M,,*67
38326 1627986099 0 7 $GNGGA,102139.000,4423.99544,N,00854.28937,E,1,10,1.0,-3.3,M,44.7,M,,*6A
38327 1627986100 0 3 2.55 0.00
38328 1627986100 0 4 2.52 1.45
38329 1627986100 0 5 0.02
38330 1627986100 0 6 0.07
38331 1627986100 0 1 2.358
38332 1627986101 0 8 4.98 12.36 11.89
38333 1627986101 0 0 26.23 8.27 165.8 61.35 101.7 6.31 173.8 17.0 193.5 2.77 41.20 14.1
38334 1627986101 0 7 $GNGGA,102140.000,4423.99476,N,00854.28986,E,1,10,1.0,-3.7,M,44.7,M,,*6A
38335 1627986101 0 7 $GNGGA,102141.000,4423.99417,N,00854.29025,E,1,10,1.0,-4.0,M,44.7,M,,*6D
38336 1627986102 0 7 $GNGGA,102142.000,4423.99356,N,00854.29103,E,1,10,1.0,-4.5,M,44.7,M,,*6C
38337 1627986103 0 3 2.55 0.00
38338 1627986103 0 4 2.52 1.45
38339 1627986103 0 5 0.03
38340 1627986103 0 6 0.06
38341 1627986103 0 8 4.98 12.33 11.89
38342 1627986104 0 1 2.353
38343 1627986104 0 0 26.24 8.27 165.8 61.24 101.7 6.31 173.8 17.0 193.4 2.73 41.12 14.1
38344 1627986104 0 7 $GNGGA,102143.000,4423.99307,N,00854.29172,E,1,10,1.0,-5.2,M,44.7,M,,*69
38345 1627986104 0 7 $GNGGA,102144.000,4423.99259,N,00854.29254,E,1,10,1.0,-5.9,M,44.7,M,,*68
38346 1627986105 0 7 $GNGGA,102145.000,4423.99214,N,00854.29344,E,1,10,1.0,-6.1,M,44.7,M,,*6B
38347 1627986106 0 3 2.55 0.00
38348 1627986106 0 4 2.52 1.45
38349 1627986106 0 5 0.02
38350 1627986106 0 6 0.06
38351 1627986106 0 1 2.370
38352 1627986107 0 8 4.98 12.37 11.89
38353 1627986107 0 0 26.23 8.27 165.8 61.31 101.7 6.31 173.7 17.0 193.3 2.72 41.17 14.0
38354 1627986107 0 7 $GNGGA,102146.000,4423.99170,N,00854.29425,E,1,10,1.0,-6.0,M,44.7,M,,*68
38355 1627986107 0 7 $GNGGA,102147.000,4423.99165,N,00854.29489,E,1,10,1.0,-4.8,M,44.7,M,,*61
38356 1627986108 0 7 $GNGGA,102148.000,4423.99143,N,00854.29560,E,1,10,1.0,-4.1,M,44.7,M,,*65
38357 1627986109 0 3 2.55 0.00
38358 1627986109 0 4 2.52 1.44
38359 1627986109 0 5 0.02
38360 1627986109 0 6 0.06
38361 1627986109 0 8 4.98 12.34 11.89
38362 1627986110 0 1 2.222
38363 1627986110 0 0 26.24 8.27 165.8 61.29 101.8 6.31 173.8 17.0 193.5 2.70 41.16 14.1
38364 1627986110 0 7 $GNGGA,102149.000,4423.99118,N,00854.29625,E,1,10,1.0,-3.4,M,44.7,M,,*6A
38365 1627986110 0 7 $GNGGA,102150.000,4423.99105,N,00854.29685,E,1,10,1.0,-2.5,M,44.7,M,,*64
38366 1627986111 0 7 $GNGGA,102151.000,4423.99085,N,00854.29743,E,1,10,1.0,-1.7,M,44.7,M,,*66
38367 1627986112 0 3 2.54 0.00
38368 1627986112 0 4 2.52 1.45
38369 1627986112 0 5 0.03
38370 1627986112 0 6 0.07
38371 1627986112 0 1 2.760
38372 1627986113 0 8 4.98 12.36 11.89
38373 1627986113 0 0 26.24 8.27 165.8 61.32 101.8 6.31 173.7 17.0 192.9 2.71 41.18 14.1
38374 1627986113 0 7 $GNGGA,102152.000,4423.99092,N,00854.29746,E,1,10,1.0,-1.8,M,44.7,M,,*69
38375 1627986113 0 7 $GNGGA,102153.000,4423.99089,N,00854.29745,E,1,10,1.0,-1.7,M,44.7,M,,*6E
38376 1627986114 0 7 $GNGGA,102154.000,4423.99088,N,00854.29755,E,1,10,1.0,-1.8,M,44.7,M,,*66
38377 1627986115 0 3 2.55 0.00
38378 1627986115 0 4 2.52 1.45
38379 1627986115 0 5 0.02
38380 1627986115 0 6 0.06
38381 1627986115 0 1 1.984
38382 1627986116 0 8 4.98 12.33 11.89
38383 1627986116 0 0 26.25 8.27 165.8 61.38 101.8 6.31 173.7 17.0 193.1 2.67 41.23 14.1
38384 1627986116 0 7 $GNGGA,102155.000,4423.99086,N,00854.29813,E,1,10,1.0,-0.9,M,44.7,M,,*64
38385 1627986116 0 7 $GNGGA,102156.000,4423.99072,N,00854.29875,E,1,10,1.0,0.0,M,44.7,M,,*48
38386 1627986117 0 7 $GNGGA,102157.000,4423.99041,N,00854.29933,E,1,09,1.0,0.7,M,44.7,M,,*45
38387 1627986118 0 3 2.55 0.00
38388 1627986118 0 4 2.52 1.44
38389 1627986118 0 5 0.03
38390 1627986118 0 6 0.06
38391 1627986118 0 8 4.98 12.34 11.89
38392 1627986119 0 1 2.108
38393 1627986119 0 0 26.25 8.27 165.8 61.33 101.8 6.31 173.7 17.0 193.1 2.67 41.18 14.1
38394 1627986119 0 7 $GNGGA,102158.000,4423.99004,N,00854.29988,E,1,09,1.0,1.3,M,44.7,M,,*4E
38395 1627986119 0 7 $GNGGA,102159.000,4423.98965,N,00854.30033,E,1,10,1.0,1.9,M,44.7,M,,*43
38396 1627986120 0 7 $GNGGA,102200.000,4423.98969,N,00854.30031,E,1,10,1.0,1.8,M,44.7,M,,*43
38397 1627986121 0 3 2.55 0.00
38398 1627986121 0 4 2.52 1.45
38399 1627986121 0 5 0.02
38400 1627986121 0 6 0.06
38401 1627986121 0 1 2.455
38402 1627986122 0 8 4.98 12.34 11.89
38403 1627986122 0 0 26.23 8.27 165.8 61.33 101.7 6.31 173.8 17.0 193.2 2.67 41.19 14.1
38404 1627986122 0 7 $GNGGA,102201.000,4423.98957,N,00854.30049,E,1,10,1.0,1.7,M,44.7,M,,*4F
38405 1627986122 0 7 $GNGGA,102202.000,4423.98961,N,00854.30062,E,1,10,1.0,1.6,M,44.7,M,,*41
38406 1627986123 0 7 $GNGGA,102203.000,4423.98965,N,00854.30076,E,1,10,1.0,1.7,M,44.7,M,,*40
38407 1627986124 0 3 2.55 0.00
38408 1627986124 0 4 2.52 1.45
38409 1627986124 0 5 0.02
38410 1627986124 0 6 0.07
38411 1627986124 0 8 4.98 12.33 11.89
38412 1627986125 0 1 2.402
38413 1627986125 0 0 26.24 8.27 165.8 61.33 101.7 6.31 174.0 17.0 193.5 2.68 41.18 14.1
38414 1627986125 0 7 $GNGGA,102204.000,4423.98934,N,00854.30144,E,1,10,1.0,2.2,M,44.7,M,,*45
38415 1627986125 0 7 $GNGGA,102205.000,4423.98927,N,00854.30219,E,1,10,1.0,1.8,M,44.7,M,,*44
38416 1627986126 0 7 $GNGGA,102206.000,4423.98917,N,00854.30294,E,1,10,1.0,1.9,M,44.7,M,,*40
38417 1627986127 0 3 2.55 0.00
38418 1627986127 0 4 2.52 1.44
38419 1627986127 0 5 0.02
38420 1627986127 0 6 0.06
38421 1627986127 0 1 2.307
38422 1627986128 0 8 4.98 12.36 11.89
38423 1627986128 0 0 26.24 8.27 165.8 61.39 101.7 6.31 173.8 17.0 193.2 2.64 41.23 14.1
38424 1627986128 0 7 $GNGGA,102207.000,4423.98914,N,00854.30376,E,1,10,1.0,2.0,M,44.7,M,,*45
38425 1627986128 0 7 $GNGGA,102208.000,4423.98916,N,00854.30463,E,1,10,1.0,2.1,M,44.7,M,,*4A
38426 1627986129 0 7 $GNGGA,102209.000,4423.98909,N,00854.30543,E,1,10,1.0,2.2,M,44.7,M,,*45
38427 1627986130 0 3 2.55 0.00
38428 1627986130 0 4 2.52 1.44
38429 1627986130 0 5 0.02
38430 1627986130 0 6 0.07
38431 1627986131 0 8 4.98 12.32 11.89
38432 1627986131 0 1 2.143
38433 1627986131 0 0 26.24 8.27 165.8 61.41 101.7 6.30 173.7 17.0 193.2 2.63 41.25 14.1
38434 1627986131 0 7 $GNGGA,102210.000,4423.98898,N,00854.30626,E,1,10,1.0,2.4,M,44.7,M,,*42
38435 1627986131 0 7 $GNGGA,102211.000,4423.98877,N,00854.30702,E,1,10,1.0,2.7,M,44.7,M,,*46
38436 1627986132 0 7 $GNGGA,102212.000,4423.98852,N,00854.30780,E,1,10,1.0,3.1,M,44.7,M,,*4F
38437 1627986133 0 3 2.55 0.00
38438 1627986133 0 4 2.52 1.45
38439 1627986133 0 5 0.02
38440 1627986133 0 6 0.07
38441 1627986133 0 1 2.371
38442 1627986134 0 8 4.98 12.36 11.89
38443 1627986134 0 0 26.24 8.27 165.8 61.34 101.7 6.31 173.9 17.0 193.5 2.65 41.19 14.1
38444 1627986134 0 7 $GNGGA,102213.000,4423.98828,N,00854.30840,E,1,10,1.0,3.3,M,44.7,M,,*42
38445 1627986134 0 7 $GNGGA,102214.000,4423.98815,N,00854.30906,E,1,10,1.0,3.9,M,44.7,M,,*42
38446 1627986135 0 7 $GNGGA,102215.000,4423.98804,N,00854.30977,E,1,10,1.0,4.6,M,44.7,M,,*4D
38447 1627986136 0 3 2.55 0.00
38448 1627986136 0 4 2.52 1.45
38449 1627986136 0 5 0.02
38450 1627986136 0 6 0.08
38451 1627986136 0 8 4.98 12.33 11.89
38452 1627986137 0 1 2.235
38453 1627986137 0 0 26.24 8.27 165.7 61.31 101.7 6.31 173.8 17.0 193.0 2.70 41.17 14.1
38454 1627986137 0 7 $GNGGA,102216.000,4423.98792,N,00854.31038,E,1,10,1.0,5.1,M,44.7,M,,*4B
38455 1627986137 0 7 $GNGGA,102217.000,4423.98776,N,00854.31096,E,1,10,1.0,5.2,M,44.7,M,,*47
38456 1627986138 0 7 $GNGGA,102218.000,4423.98792,N,00854.31133,E,1,10,1.0,6.3,M,44.7,M,,*4E
38457 1627986139 0 3 2.55 0.00
38458 1627986139 0 4 2.52 1.45
38459 1627986139 0 5 0.02
38460 1627986139 0 6 0.07
38461 1627986139 0 1 3.105
38462 1627986140 0 8 4.98 12.37 11.89
38463 1627986140 0 0 26.24 8.27 165.7 61.31 101.7 6.31 173.8 17.0 193.4 2.74 41.17 14.1
38464 1627986140 0 7 $GNGGA,102219.000,4423.98814,N,00854.31158,E,1,10,1.0,6.8,M,44.7,M,,*48
38465 1627986140 0 7 $GNGGA,102220.000,4423.98842,N,00854.31186,E,1,10,1.0,7.4,M,44.7,M,,*4F
38466 1627986141 0 7 $GNGGA,102221.000,4423.98862,N,00854.31211,E,1,10,1.0,8.1,M,44.7,M,,*4B
38467 1627986142 0 3 2.55 0.00
38468 1627986142 0 4 2.52 1.44
38469 1627986142 0 5 0.03
38470 1627986142 0 6 0.06
38471 1627986142 0 1 2.578
38472 1627986143 0 8 4.98 12.34 11.89
38473 1627986143 0 0 26.24 8.27 165.7 61.35 101.7 6.31 173.7 17.0 192.9 2.74 41.20 14.1
38474 1627986143 0 7 $GNGGA,102222.000,4423.98854,N,00854.31265,E,1,10,1.0,8.9,M,44.7,M,,*46
38475 1627986143 0 7 $GNGGA,102223.000,4423.98842,N,00854.31331,E,1,10,1.0,10.1,M,44.7,M,,*71
38476 1627986144 0 7 $GNGGA,102224.000,4423.98848,N,00854.31375,E,1,10,1.0,10.7,M,44.7,M,,*7A
38477 1627986145 0 3 2.55 0.00
38478 1627986145 0 4 2.52 1.44
38479 1627986145 0 5 0.02
38480 1627986145 0 6 0.06
38481 1627986145 0 8 4.98 12.34 11.89
38482 1627986146 0 1 2.203
38483 1627986146 0 0 26.25 8.27 165.7 61.27 101.7 6.31 173.9 17.0 193.2 2.76 41.14 14.1
38484 1627986146 0 7 $GNGGA,102225.000,4423.98846,N,00854.31427,E,1,10,1.0,11.0,M,44.7,M,,*73
38485 1627986146 0 7 $GNGGA,102226.000,4423.98844,N,00854.31490,E,1,10,1.0,11.4,M,44.7,M,,*7A
38486 1627986147 0 7 $GNGGA,102227.000,4423.98848,N,00854.31560,E,1,10,1.0,11.9,M,44.7,M,,*74
38487 1627986148 0 3 2.55 0.00
38488 1627986148 0 4 2.52 1.44
38489 1627986148 0 5 0.02
38490 1627986148 0 6 0.05
38491 1627986148 0 1 2.362
38492 1627986149 0 8 4.98 12.33 11.89
38493 1627986149 0 0 26.24 8.27 165.7 61.35 101.7 6.30 173.8 17.0 192.9 2.77 41.21 14.1
38494 1627986149 0 7 $GNGGA,102228.000,4423.98848,N,00854.31626,E,1,10,1.0,12.3,M,44.7,M,,*73
38495 1627986149 0 7 $GNGGA,102229.000,4423.98848,N,00854.31687,E,1,10,1.0,12.6,M,44.7,M,,*7C
38496 1627986150 0 7 $GNGGA,102230.000,4423.98845,N,00854.31735,E,1,10,1.0,12.7,M,44.7,M,,*70
38497 1627986151 0 3 2.55 0.00
38498 1627986151 0 4 2.52 1.44
38499 1627986151 0 5 0.02
38500 1627986151 0 6 0.07
38501 1627986152 0 8 4.98 12.18 11.89
38502 1627986152 0 1 2.430
38503 1627986152 0 0 26.24 8.27 165.7 61.34 101.7 6.30 173.9 17.0 193.1 2.78 41.20 14.1
38504 1627986152 0 7 $GNGGA,102231.000,4423.98831,N,00854.31780,E,1,10,1.0,13.2,M,44.7,M,,*78
38505 1627986152 0 7 $GNGGA,102232.000,4423.98831,N,00854.31831,E,1,10,1.0,13.1,M,44.7,M,,*7D
38506 1627986153 0 7 $GNGGA,102233.000,4423.98838,N,00854.31873,E,1,10,1.0,12.9,M,44.7,M,,*7A
38507 1627986154 0 3 2.55 0.00
38508 1627986154 0 4 2.52 1.44
38509 1627986154 0 5 0.02
38510 1627986154 0 6 0.07
38511 1627986154 0 1 2.335
38512 1627986155 0 8 4.98 12.36 11.89
38513 1627986155 0 0 26.24 8.27 165.7 61.29 101.7 6.31 173.9 17.0 193.2 2.78 41.16 14.1
38514 1627986155 0 7 $GNGGA,102234.000,4423.98846,N,00854.31902,E,1,10,1.0,12.7,M,44.7,M,,*7D
38515 1627986155 0 7 $GNGGA,102235.000,4423.98855,N,00854.31927,E,1,10,1.0,12.4,M,44.7,M,,*7A
38516 1627986156 0 7 $GNGGA,102236.000,4423.98880,N,00854.31975,E,1,10,1.0,12.5,M,44.7,M,,*77
38517 1627986157 0 3 2.55 0.00
38518 1627986157 0 4 2.52 1.44
38519 1627986157 0 5 0.02
38520 1627986157 0 6 0.06
38521 1627986157 0 8 4.98 12.34 11.89
38522 1627986158 0 1 2.572
38523 1627986158 0 0 26.24 8.27 165.7 61.34 101.7 6.31 174.0 17.0 193.5 2.78 41.20 14.1
38524 1627986158 0 7 $GNGGA,102237.000,4423.98924,N,00854.31990,E,1,10,1.0,12.8,M,44.7,M,,*7F
38525 1627986158 0 7 $GNGGA,102238.000,4423.98969,N,00854.31997,E,1,10,1.0,13.3,M,44.7,M,,*74
38526 1627986159 0 7 $GNGGA,102239.000,4423.99009,N,00854.32018,E,1,10,1.0,13.9,M,44.7,M,,*7C
38527 1627986160 0 3 2.55 0.00
38528 1627986160 0 4 2.52 1.44
38529 1627986160 0 5 0.02
38530 1627986160 0 6 0.06
38531 1627986161 0 1 2.731
38532 1627986161 0 8 4.98 12.21 11.89
38533 1627986161 0 0 26.23 8.27 165.7 61.36 101.7 6.31 173.9 17.0 193.1 2.78 41.21 14.1
38534 1627986161 0 7 $GNGGA,102240.000,4423.99044,N,00854.32054,E,1,10,1.0,14.6,M,44.7,M,,*7B
38535 1627986161 0 7 $GNGGA,102241.000,4423.99065,N,00854.32112,E,1,10,1.0,15.2,M,44.7,M,,*7F
38536 1627986162 0 7 $GNGGA,102242.000,4423.99080,N,00854.32185,E,1,10,1.0,15.6,M,44.7,M,,*7D
38537 1627986163 0 3 2.55 0.00
38538 1627986163 0 4 2.52 1.44
38539 1627986163 0 5 0.02
38540 1627986163 0 6 0.07
38541 1627986164 0 8 4.98 12.32 11.89
38542 1627986164 0 1 2.573
38543 1627986164 0 0 26.24 8.27 165.8 61.34 101.7 6.31 173.8 17.0 192.8 2.79 41.20 14.1
38544 1627986164 0 7 $GNGGA,102243.000,4423.99115,N,00854.32228,E,1,10,1.0,15.9,M,44.7,M,,*7A
38545 1627986164 0 7 $GNGGA,102244.000,4423.99189,N,00854.32246,E,1,10,1.0,16.4,M,44.7,M,,*7E
38546 1627986165 0 7 $GNGGA,102245.000,4423.99227,N,00854.32271,E,1,10,1.0,15.9,M,44.7,M,,*72
38547 1627986166 0 3 2.55 0.00
38548 1627986166 0 4 2.52 1.41
38549 1627986166 0 5 0.02
38550 1627986166 0 6 0.07
38551 1627986167 0 1 3.382
38552 1627986167 0 8 4.98 12.22 11.87
38553 1627986167 0 0 26.24 8.27 165.7 61.32 101.7 6.31 173.8 17.0 192.8 2.80 41.18 14.1
38554 1627986167 0 7 $GNGGA,102246.000,4423.99287,N,00854.32299,E,1,10,1.0,15.9,M,44.7,M,,*7D
38555 1627986167 0 7 $GNGGA,102247.000,4423.99331,N,00854.32350,E,1,10,1.0,16.0,M,44.7,M,,*7E
38556 1627986168 0 7 $GNGGA,102248.000,4423.99323,N,00854.32428,E,1,10,1.0,15.9,M,44.7,M,,*70
38557 1627986169 0 3 2.55 0.00
38558 1627986169 0 4 2.53 1.42
38559 1627986169 0 5 0.02
38560 1627986169 0 6 0.07
38561 1627986170 0 1 2.562
38562 1627986170 0 8 4.98 12.33 11.89
38563 1627986170 0 0 26.24 8.27 165.7 61.35 101.7 6.31 173.9 17.0 193.0 2.80 41.20 14.1
38564 1627986170 0 7 $GNGGA,102249.000,4423.99336,N,00854.32496,E,1,10,1.0,16.4,M,44.7,M,,*7E
38565 1627986170 0 7 $GNGGA,102250.000,4423.99337,N,00854.32554,E,1,10,1.0,16.6,M,44.7,M,,*7A
38566 1627986171 0 7 $GNGGA,102251.000,4423.99329,N,00854.32625,E,1,10,1.0,16.4,M,44.7,M,,*73
38567 1627986172 0 3 2.55 0.00
38568 1627986172 0 4 2.52 1.42
38569 1627986172 0 5 0.02
38570 1627986172 0 6 0.06
38571 1627986173 0 8 4.98 12.33 11.89
38572 1627986173 0 1 2.724
38573 1627986173 0 0 26.23 8.27 165.7 61.35 101.7 6.31 174.0 17.0 193.2 2.81 41.20 14.1
38574 1627986173 0 7 $GNGGA,102252.000,4423.99326,N,00854.32695,E,1,10,1.0,16.7,M,44.7,M,,*77
38575 1627986173 0 7 $GNGGA,102253.000,4423.99317,N,00854.32757,E,1,10,1.0,16.9,M,44.7,M,,*75
38576 1627986174 0 7 $GNGGA,102254.000,4423.99297,N,00854.32818,E,1,10,1.0,17.0,M,44.7,M,,*77
38577 1627986175 0 3 2.55 0.00
38578 1627986175 0 4 2.52 1.42
38579 1627986175 0 5 0.02
38580 1627986175 0 6 0.06
38581 1627986176 0 1 2.828
38582 1627986176 0 8 4.98 12.34 11.89
38583 1627986176 0 0 26.23 8.27 165.7 61.30 101.7 6.31 173.8 17.0 193.1 2.83 41.16 14.1
38584 1627986176 0 7 $GNGGA,102255.000,4423.99273,N,00854.32863,E,1,10,1.0,17.2,M,44.7,M,,*72
38585 1627986176 0 7 $GNGGA,102256.000,4423.99266,N,00854.32865,E,1,10,1.0,17.2,M,44.7,M,,*73
38586 1627986177 0 7 $GNGGA,102257.000,4423.99259,N,00854.32868,E,1,10,1.0,17.1,M,44.7,M,,*70
38587 1627986178 0 3 2.55 0.00
38588 1627986178 0 4 2.52 1.42
38589 1627986178 0 5 0.02
38590 1627986178 0 6 0.09
38591 1627986179 0 8 4.98 12.34 11.89
38592 1627986179 0 1 2.519
38593 1627986179 0 0 26.24 8.27 165.7 61.37 101.7 6.31 173.7 17.0 193.0 2.87 41.22 14.1
38594 1627986179 0 7 $GNGGA,102258.000,4423.99251,N,00854.32885,E,1,10,1.0,17.0,M,44.7,M,,*75
38595 1627986179 0 7 $GNGGA,102259.000,4423.99217,N,00854.32949,E,1,10,1.0,16.8,M,44.7,M,,*7E
38596 1627986180 0 7 $GNGGA,102300.000,4423.99206,N,00854.33012,E,1,10,1.0,16.2,M,44.7,M,,*7F
38597 1627986181 0 3 2.55 0.00
38598 1627986181 0 4 2.52 1.42
38599 1627986181 0 5 0.02
38600 1627986181 0 6 0.08
38601 1627986182 0 1 2.496
38602 1627986182 0 8 4.98 12.35 11.89
38603 1627986182 0 0 26.23 8.27 165.7 61.38 101.8 6.31 174.0 17.0 193.1 2.84 41.23 14.1
38604 1627986182 0 7 $GNGGA,102301.000,4423.99204,N,00854.33075,E,1,10,1.0,15.8,M,44.7,M,,*74
38605 1627986182 0 7 $GNGGA,102302.000,4423.99203,N,00854.33133,E,1,10,1.0,15.7,M,44.7,M,,*7C
38606 1627986183 0 7 $GNGGA,102303.000,4423.99199,N,00854.33184,E,1,10,1.0,15.4,M,44.7,M,,*72
38607 1627986184 0 3 2.55 0.00
38608 1627986184 0 4 2.52 1.42
38609 1627986184 0 5 0.02
38610 1627986184 0 6 0.07
38611 1627986185 0 8 4.98 12.32 11.89
38612 1627986185 0 1 2.565
38613 1627986185 0 0 26.22 8.27 165.6 61.39 101.8 6.31 173.9 17.0 193.4 2.83 41.23 14.1
38614 1627986185 0 7 $GNGGA,102304.000,4423.99206,N,00854.33234,E,1,10,1.0,15.2,M,44.7,M,,*7E
38615 1627986185 0 7 $GNGGA,102305.000,4423.99207,N,00854.33286,E,1,10,1.0,15.1,M,44.7,M,,*74
38616 1627986186 0 7 $GNGGA,102306.000,4423.99201,N,00854.33346,E,1,10,1.0,15.2,M,44.7,M,,*7F
38617 1627986187 0 3 2.55 0.00
38618 1627986187 0 4 2.52 1.42
38619 1627986187 0 5 0.02
38620 1627986187 0 6 0.07
38621 1627986188 0 1 2.640
38622 1627986188 0 8 4.98 12.37 11.89
38623 1627986188 0 0 26.23 8.27 165.6 61.34 101.8 6.31 173.9 17.0 193.0 2.81 41.20 14.1
38624 1627986188 0 7 $GNGGA,102307.000,4423.99188,N,00854.33394,E,1,10,1.0,15.3,M,44.7,M,,*72
38625 1627986188 0 7 $GNGGA,102308.000,4423.99210,N,00854.33451,E,1,10,1.0,15.5,M,44.7,M,,*77
38626 1627986189 0 7 $GNGGA,102309.000,4423.99218,N,00854.33525,E,1,10,1.0,15.4,M,44.7,M,,*7D
38627 1627986190 0 7 $GNGGA,102310.000,4423.99208,N,00854.33577,E,1,10,1.0,15.5,M,44.7,M,,*72
38628 1627986190 0 3 2.55 0.00
38629 1627986190 0 4 2.52 1.42
38630 1627986190 0 5 0.02
38631 1627986191 0 6 0.08
38632 1627986191 0 8 4.98 12.34 11.89
38633 1627986191 0 1 2.889
38634 1627986191 0 0 26.23 8.27 165.7 61.35 101.8 6.31 174.0 17.0 193.2 2.82 41.20 14.2
38635 1627986191 0 7 $GNGGA,102311.000,4423.99211,N,00854.33648,E,1,10,1.0,15.3,M,44.7,M,,*72
38636 1627986192 0 7 $GNGGA,102312.000,4423.99194,N,00854.33749,E,1,10,1.0,15.7,M,44.7,M,,*7B
38637 1627986193 0 3 2.55 0.00
38638 1627986193 0 4 2.52 1.42
38639 1627986193 0 5 0.03
38640 1627986193 0 6 0.06
38641 1627986194 0 1 3.332
38642 1627986194 0 8 4.98 12.38 11.89
38643 1627986194 0 0 26.23 8.27 165.7 61.37 101.7 6.31 174.0 17.0 193.0 2.81 41.22 14.1
38644 1627986194 0 7 $GNGGA,102313.000,4423.99193,N,00854.33837,E,1,10,1.0,16.1,M,44.7,M,,*7E
38645 1627986194 0 7 $GNGGA,102314.000,4423.99225,N,00854.33915,E,1,10,1.0,16.3,M,44.7,M,,*74
38646 1627986195 0 7 $GNGGA,102315.000,4423.99260,N,00854.33967,E,1,10,1.0,16.5,M,44.7,M,,*77
38647 1627986196 0 3 2.55 0.00
38648 1627986196 0 4 2.52 1.42
38649 1627986196 0 5 0.02
38650 1627986196 0 6 0.05
38651 1627986197 0 1 2.630
38652 1627986197 0 8 4.98 12.34 11.89
38653 1627986197 0 0 26.23 8.27 165.6 61.31 101.7 6.31 173.8 17.0 192.9 2.81 41.17 14.1
38654 1627986197 0 7 $GNGGA,102316.000,4423.99266,N,00854.34019,E,1,10,1.0,16.7,M,44.7,M,,*77
38655 1627986197 0 7 $GNGGA,102317.000,4423.99239,N,00854.34030,E,1,10,1.0,16.4,M,44.7,M,,*74
38656 1627986198 0 7 $GNGGA,102318.000,4423.99231,N,00854.34050,E,1,10,1.0,16.2,M,44.7,M,,*73
38657 1627986199 0 3 2.55 0.00
38658 1627986199 0 4 2.52 1.42
38659 1627986199 0 5 0.02
38660 1627986199 0 6 0.06
38661 1627986200 0 8 4.98 12.34 11.91
38662 1627986200 0 1 2.610
38663 1627986200 0 0 26.24 8.27 165.7 61.37 101.8 6.31 173.9 17.0 192.9 2.83 41.22 14.1
38664 1627986200 0 7 $GNGGA,102319.000,4423.99225,N,00854.34068,E,1,10,1.0,16.1,M,44.7,M,,*7F
38665 1627986200 0 7 $GNGGA,102320.000,4423.99231,N,00854.34118,E,1,10,1.0,16.3,M,44.7,M,,*74
38666 1627986201 0 7 $GNGGA,102321.000,4423.99239,N,00854.34177,E,1,10,1.0,16.4,M,44.7,M,,*73
38667 1627986203 0 7 $GNGGA,102322.000,4423.99250,N,00854.34235,E,1,10,1.0,16.7,M,44.7,M,,*79
38668 1627986203 0 3 2.55 0.00
38669 1627986203 0 4 2.52 1.42
38670 1627986203 0 5 0.03
38671 1627986203 0 6 0.07
38672 1627986203 0 1 2.552
38673 1627986204 0 8 4.98 12.34 11.89
38674 1627986204 0 0 26.23 8.27 165.6 61.35 101.7 6.31 174.0 17.0 193.3 2.84 41.20 14.1
38675 1627986204 0 7 $GNGGA,102323.000,4423.99261,N,00854.34288,E,1,10,1.0,17.1,M,44.7,M,,*7B
38676 1627986205 0 7 $GNGGA,102324.000,4423.99244,N,00854.34374,E,1,10,1.0,16.9,M,44.7,M,,*70
38677 1627986206 0 7 $GNGGA,102325.000,4423.99244,N,00854.34447,E,1,10,1.0,17.0,M,44.7,M,,*7E
38678 1627986206 0 3 2.55 0.00
38679 1627986206 0 4 2.52 1.42
38680 1627986206 0 5 0.02
38681 1627986206 0 6 0.07
38682 1627986206 0 8 4.98 12.34 11.89
38683 1627986207 0 1 2.516
38684 1627986207 0 0 26.23 8.27 165.7 61.41 101.7 6.30 173.8 17.0 193.3 2.86 41.25 14.1
38685 1627986207 0 7 $GNGGA,102326.000,4423.99267,N,00854.34501,E,1,10,1.0,17.1,M,44.7,M,,*7E
38686 1627986208 0 7 $GNGGA,102327.000,4423.99295,N,00854.34546,E,1,10,1.0,17.6,M,44.7,M,,*76
38687 1627986209 0 7 $GNGGA,102328.000,4423.99332,N,00854.34586,E,1,10,1.0,17.9,M,44.7,M,,*76
38688 1627986209 0 3 2.55 0.00
38689 1627986209 0 4 2.52 1.42
38690 1627986209 0 5 0.02
38691 1627986209 0 6 0.06
38692 1627986209 0 1 2.496
38693 1627986210 0 8 4.98 12.36 11.89
38694 1627986210 0 0 26.24 8.27 165.7 61.41 101.7 6.30 173.6 17.0 192.9 2.82 41.24 14.1
38695 1627986210 0 7 $GNGGA,102329.000,4423.99385,N,00854.34624,E,1,10,1.0,18.3,M,44.7,M,,*75
38696 1627986210 0 2 0.04570000 3.48690009 1.23329997 0.02680000 2.71189999 0.00420000 0.05150000 0.20239999 1.00000000 88.81999969
38697 1627986211 0 7 $GNGGA,102330.000,4423.99456,N,00854.34665,E,1,10,1.0,18.5,M,44.7,M,,*77
38698 1627986212 0 3 2.55 0.00
38699 1627986212 0 4 2.52 1.42
38700 1627986212 0 5 0.02
38701 1627986212 0 6 0.06
38702 1627986213 0 8 4.98 12.34 11.89
38703 1627986213 0 1 2.453
38704 1627986213 0 0 26.23 8.27 165.7 61.35 101.7 6.31 173.9 17.0 193.2 2.82 41.20 14.1
38705 1627986213 0 7 $GNGGA,102331.000,4423.99502,N,00854.34701,E,1,10,1.0,18.6,M,44.7,M,,*76
38706 1627986213 0 7 $GNGGA,102332.000,4423.99547,N,00854.34746,E,1,10,1.0,18.7,M,44.7,M,,*76
38707 1627986214 0 7 $GNGGA,102333.000,4423.99590,N,00854.34792,E,1,10,1.0,18.7,M,44.7,M,,*74
38708 1627986215 0 7 $GNGGA,102334.000,4423.99535,N,00854.34851,E,1,10,1.0,18.1,M,44.7,M,,*7A
38709 1627986215 0 3 2.55 0.00
38710 1627986215 0 4 2.52 1.45
38711 1627986215 0 5 0.02
38712 1627986215 0 6 0.07
38713 1627986215 0 1 2.635
38714 1627986216 0 8 4.98 12.37 11.89
38715 1627986216 0 0 26.21 8.27 165.7 61.28 101.7 6.31 174.0 17.0 193.6 2.82 41.15 14.1
38716 1627986216 0 7 $GNGGA,102335.000,4423.99508,N,00854.34907,E,1,10,1.0,17.8,M,44.7,M,,*71
38717 1627986217 0 7 $GNGGA,102336.000,4423.99550,N,00854.34941,E,1,10,1.0,17.9,M,44.7,M,,*7C
38718 1627986218 0 7 $GNGGA,102337.000,4423.99589,N,00854.34979,E,1,10,1.0,18.3,M,44.7,M,,*77
38719 1627986218 0 3 2.55 0.00
38720 1627986218 0 4 2.52 1.45
38721 1627986218 0 5 0.02
38722 1627986218 0 6 0.06
38723 1627986218 0 8 4.98 12.33 11.91
38724 1627986219 0 1 2.842
38725 1627986219 0 0 26.21 8.27 165.6 61.32 101.7 6.31 173.9 17.0 193.4 2.81 41.18 14.1
38726 1627986219 0 7 $GNGGA,102338.000,4423.99623,N,00854.35031,E,1,10,1.0,18.5,M,44.7,M,,*79
38727 1627986220 0 7 $GNGGA,102339.000,4423.99652,N,00854.35062,E,1,10,1.0,18.3,M,44.7,M,,*7E
38728 1627986221 0 3 2.55 0.00
38729 1627986221 0 4 2.52 1.44
38730 1627986221 0 5 0.02
38731 1627986221 0 6 0.05
38732 1627986221 0 1 2.674
38733 1627986222 0 8 4.98 12.38 11.89
38734 1627986222 0 0 26.24 8.27 165.6 61.30 101.7 6.31 173.8 17.0 192.7 2.77 41.17 14.1
38735 1627986222 0 7 $GNGGA,102340.000,4423.99674,N,00854.35107,E,1,10,1.0,18.1,M,44.7,M,,*74
38736 1627986222 0 7 $GNGGA,102341.000,4423.99660,N,00854.35166,E,1,10,1.0,17.8,M,44.7,M,,*71
38737 1627986223 0 7 $GNGGA,102342.000,4423.99660,N,00854.35225,E,1,10,1.0,18.0,M,44.7,M,,*71
38738 1627986224 0 7 $GNGGA,102343.000,4423.99641,N,00854.35294,E,1,10,1.0,18.1,M,44.7,M,,*78
38739 1627986224 0 3 2.55 0.00
38740 1627986224 0 4 2.52 1.44
38741 1627986224 0 5 0.02
38742 1627986224 0 6 0.06
38743 1627986224 0 1 2.640
38744 1627986225 0 8 4.98 12.34 11.89
38745 1627986225 0 0 26.23 8.27 165.6 61.27 101.7 6.31 174.0 17.0 193.2 2.80 41.14 14.1
38746 1627986225 0 7 $GNGGA,102344.000,4423.99629,N,00854.35364,E,1,10,1.0,18.1,M,44.7,M,,*7F
38747 1627986226 0 7 $GNGGA,102345.000,4423.99582,N,00854.35439,E,1,10,1.0,18.1,M,44.7,M,,*73
38748 1627986227 0 7 $GNGGA,102346.000,4423.99546,N,00854.35498,E,1,10,1.0,18.1,M,44.7,M,,*73
38749 1627986227 0 3 2.55 0.00
38750 1627986227 0 4 2.52 1.44
38751 1627986227 0 5 0.02
38752 1627986227 0 6 0.08
38753 1627986227 0 8 4.98 12.33 11.89
38754 1627986228 0 1 2.275
38755 1627986228 0 0 26.23 8.27 165.6 61.35 101.7 6.31 173.8 17.0 193.0 2.80 41.20 14.1
38756 1627986228 0 7 $GNGGA,102347.000,4423.99486,N,00854.35567,E,1,10,1.0,18.2,M,44.7,M,,*7D
38757 1627986229 0 7 $GNGGA,102348.000,4423.99451,N,00854.35636,E,1,10,1.0,18.2,M,44.7,M,,*7F
38758 1627986230 0 7 $GNGGA,102349.000,4423.99426,N,00854.35698,E,1,10,1.0,18.5,M,44.7,M,,*7D
38759 1627986230 0 3 2.55 0.00
38760 1627986230 0 4 2.52 1.44
38761 1627986230 0 5 0.02
38762 1627986230 0 6 0.06
38763 1627986230 0 1 2.242
38764 1627986231 0 8 4.98 12.33 11.89
38765 1627986231 0 0 26.23 8.27 165.6 61.34 101.6 6.30 174.0 17.0 193.4 2.76 41.20 14.1
38766 1627986231 0 7 $GNGGA,102350.000,4423.99386,N,00854.35754,E,1,10,1.0,19.0,M,44.7,M,,*7D
38767 1627986232 0 7 $GNGGA,102351.000,4423.99323,N,00854.35825,E,1,10,1.0,19.5,M,44.7,M,,*7F
38768 1627986233 0 7 $GNGGA,102352.000,4423.99243,N,00854.35910,E,1,10,1.0,19.9,M,44.7,M,,*70
38769 1627986233 0 3 2.55 0.00
38770 1627986233 0 4 2.52 1.44
38771 1627986233 0 5 0.02
38772 1627986233 0 6 0.05
38773 1627986233 0 8 4.98 12.33 11.89
38774 1627986234 0 1 2.173
38775 1627986234 0 0 26.23 8.27 165.6 61.36 101.6 6.30 174.0 17.0 193.3 2.72 41.21 14.1
38776 1627986234 0 7 $GNGGA,102353.000,4423.99170,N,00854.35971,E,1,10,1.0,20.2,M,44.7,M,,*74
38777 1627986235 0 7 $GNGGA,102354.000,4423.99165,N,00854.35973,E,1,10,1.0,20.2,M,44.7,M,,*75
38778 1627986236 0 3 2.55 0.00
38779 1627986236 0 4 2.52 1.44
38780 1627986236 0 5 0.02
38781 1627986236 0 6 0.05
38782 1627986236 0 1 2.343
38783 1627986237 0 8 4.98 12.36 11.89
38784 1627986237 0 0 26.22 8.27 165.6 61.30 101.6 6.31 174.1 17.0 193.3 2.70 41.16 14.1
38785 1627986237 0 7 $GNGGA,102355.000,4423.99160,N,00854.35975,E,1,10,1.0,20.1,M,44.7,M,,*74
38786 1627986237 0 7 $GNGGA,102356.000,4423.99158,N,00854.35976,E,1,10,1.0,20.1,M,44.7,M,,*7F
38787 1627986238 0 7 $GNGGA,102357.000,4423.99180,N,00854.36024,E,1,10,1.0,19.8,M,44.7,M,,*75
38788 1627986239 0 3 2.54 0.00
38789 1627986239 0 4 2.52 1.44
38790 1627986239 0 5 0.02
38791 1627986239 0 6 0.05
38792 1627986239 0 8 4.98 12.33 11.89
38793 1627986239 0 1 2.203
38794 1627986240 0 0 26.22 8.27 165.6 61.41 101.6 6.30 173.9 17.0 193.0 2.71 41.25 14.0
38795 1627986240 0 7 $GNGGA,102358.000,4423.99210,N,00854.36073,E,1,10,1.0,19.5,M,44.7,M,,*7F
38796 1627986240 0 7 $GNGGA,102359.000,4423.99249,N,00854.36134,E,1,10,1.0,19.4,M,44.7,M,,*71
38797 1627986241 0 7 $GNGGA,102400.000,4423.99267,N,00854.36192,E,1,10,1.0,19.0,M,44.7,M,,*7E
38798 1627986242 0 3 2.55 0.00
38799 1627986242 0 4 2.52 1.44
38800 1627986242 0 5 0.02
38801 1627986242 0 6 0.06
38802 1627986242 0 1 2.289
38803 1627986243 0 8 4.98 12.37 11.89
38804 1627986243 0 0 26.24 8.27 165.6 61.33 101.6 6.31 173.9 17.0 193.1 2.75 41.19 14.1
38805 1627986243 0 7 $GNGGA,102401.000,4423.99274,N,00854.36259,E,1,10,1.0,18.6,M,44.7,M,,*7E
38806 1627986243 0 7 $GNGGA,102402.000,4423.99257,N,00854.36314,E,1,10,1.0,18.3,M,44.7,M,,*71
38807 1627986244 0 7 $GNGGA,102403.000,4423.99216,N,00854.36342,E,1,10,1.0,18.2,M,44.7,M,,*77
38808 1627986245 0 3 2.54 0.00
38809 1627986245 0 4 2.52 1.44
38810 1627986245 0 5 0.02
38811 1627986245 0 6 0.07
38812 1627986245 0 8 4.98 12.34 11.89
38813 1627986245 0 1 2.889
38814 1627986246 0 0 26.21 8.27 165.6 61.34 101.6 6.31 174.2 17.0 193.5 2.72 41.20 14.1
38815 1627986246 0 7 $GNGGA,102404.000,4423.99185,N,00854.36378,E,1,10,1.0,17.7,M,44.7,M,,*7A
38816 1627986246 0 7 $GNGGA,102405.000,4423.99305,N,00854.36356,E,1,10,1.0,19.5,M,44.7,M,,*71
38817 1627986247 0 7 $GNGGA,102406.000,4423.99351,N,00854.36392,E,1,10,1.0,19.6,M,44.7,M,,*78
38818 1627986248 0 3 2.55 0.00
38819 1627986248 0 4 2.52 1.44
38820 1627986248 0 5 0.03
38821 1627986248 0 6 0.05
38822 1627986248 0 1 3.175
38823 1627986249 0 8 4.98 12.37 11.89
38824 1627986249 0 0 26.21 8.27 165.6 61.34 101.6 6.30 174.1 17.0 193.2 2.70 41.19 14.0
38825 1627986249 0 7 $GNGGA,102407.000,4423.99384,N,00854.36448,E,1,10,1.0,19.4,M,44.7,M,,*73
38826 1627986249 0 7 $GNGGA,102408.000,4423.99394,N,00854.36511,E,1,10,1.0,19.2,M,44.7,M,,*76
38827 1627986250 0 7 $GNGGA,102409.000,4423.99360,N,00854.36585,E,1,10,1.0,18.7,M,44.7,M,,*75
38828 1627986251 0 7 $GNGGA,102410.000,4423.99325,N,00854.36645,E,1,10,1.0,18.5,M,44.7,M,,*71
38829 1627986251 0 3 2.55 0.00
38830 1627986251 0 4 2.52 1.45
38831 1627986251 0 5 0.03
38832 1627986251 0 6 0.06
38833 1627986251 0 1 2.516
38834 1627986252 0 8 4.98 12.34 11.89
38835 1627986252 0 0 26.22 8.27 165.6 61.33 101.6 6.30 174.0 17.0 193.5 2.72 41.19 14.1
38836 1627986252 0 7 $GNGGA,102411.000,4423.99341,N,00854.36698,E,1,10,1.0,19.1,M,44.7,M,,*77
38837 1627986253 0 7 $GNGGA,102412.000,4423.99338,N,00854.36751,E,1,10,1.0,19.7,M,44.7,M,,*78
38838 1627986254 0 7 $GNGGA,102413.000,4423.99311,N,00854.36804,E,1,10,1.0,20.2,M,44.7,M,,*72
38839 1627986254 0 3 2.55 0.00
38840 1627986254 0 4 2.52 1.45
38841 1627986254 0 5 0.02
38842 1627986254 0 6 0.07
38843 1627986254 0 8 4.98 12.33 11.89
38844 1627986255 0 1 2.155
38845 1627986255 0 0 26.24 8.27 165.6 61.38 101.6 6.30 173.8 17.0 192.7 2.74 41.22 14.1
38846 1627986255 0 7 $GNGGA,102414.000,4423.99304,N,00854.36832,E,1,10,1.0,20.3,M,44.7,M,,*75
38847 1627986256 0 7 $GNGGA,102415.000,4423.99301,N,00854.36874,E,1,10,1.0,20.6,M,44.7,M,,*76
38848 1627986257 0 7 $GNGGA,102416.000,4423.99340,N,00854.36930,E,1,10,1.0,20.7,M,44.7,M,,*70
38849 1627986257 0 3 2.55 0.00
38850 1627986257 0 4 2.52 1.45
38851 1627986257 0 5 0.02
38852 1627986257 0 6 0.07
38853 1627986258 0 1 2.361
38854 1627986258 0 8 4.98 12.35 11.89
38855 1627986258 0 0 26.24 8.27 165.5 61.30 101.5 6.30 173.9 17.0 193.1 2.76 41.16 14.1
38856 1627986258 0 7 $GNGGA,102417.000,4423.99381,N,00854.36989,E,1,10,1.0,20.6,M,44.7,M,,*7F
38857 1627986259 0 7 $GNGGA,102418.000,4423.99417,N,00854.37047,E,1,10,1.0,20.8,M,44.7,M,,*7C
38858 1627986260 0 7 $GNGGA,102419.000,4423.99416,N,00854.37100,E,1,10,1.0,21.1,M,44.7,M,,*76
38859 1627986260 0 3 2.55 0.00
38860 1627986260 0 4 2.52 1.46
38861 1627986260 0 5 0.02
38862 1627986260 0 6 0.06
38863 1627986260 0 8 4.98 12.33 11.89
38864 1627986261 0 1 2.511
38865 1627986261 0 0 26.22 8.27 165.6 61.34 101.5 6.30 174.0 17.0 193.6 2.74 41.19 14.1
38866 1627986261 0 7 $GNGGA,102420.000,4423.99381,N,00854.37147,E,1,10,1.0,21.4,M,44.7,M,,*73
38867 1627986262 0 7 $GNGGA,102421.000,4423.99327,N,00854.37212,E,1,10,1.0,21.7,M,44.7,M,,*7E
38868 1627986263 0 7 $GNGGA,102422.000,4423.99295,N,00854.37278,E,1,10,1.0,22.0,M,44.7,M,,*7D
38869 1627986263 0 3 2.55 0.00
38870 1627986263 0 4 2.52 1.45
38871 1627986263 0 5 0.02
38872 1627986263 0 6 0.06
38873 1627986263 0 1 2.239
38874 1627986264 0 8 4.98 12.36 11.89
38875 1627986264 0 0 26.23 8.27 165.6 61.34 101.5 6.29 173.9 17.0 193.0 2.74 41.20 14.1
38876 1627986264 0 7 $GNGGA,102423.000,4423.99273,N,00854.37353,E,1,10,1.0,22.3,M,44.7,M,,*7F
38877 1627986265 0 7 $GNGGA,102424.000,4423.99223,N,00854.37432,E,1,10,1.0,22.4,M,44.7,M,,*7A
38878 1627986266 0 7 $GNGGA,102425.000,4423.99175,N,00854.37517,E,1,10,1.0,22.3,M,44.7,M,,*7A
38879 1627986266 0 3 2.55 0.00
38880 1627986266 0 4 2.52 1.45
38881 1627986266 0 5 0.02
38882 1627986266 0 6 0.09
38883 1627986266 0 8 4.98 12.33 11.89
38884 1627986267 0 1 2.149
38885 1627986267 0 0 26.24 8.27 165.6 61.41 101.5 6.29 173.8 17.0 192.8 2.79 41.24 14.1
38886 1627986267 0 7 $GNGGA,102426.000,4423.99122,N,00854.37597,E,1,10,1.0,22.3,M,44.7,M,,*73
38887 1627986268 0 7 $GNGGA,102427.000,4423.99070,N,00854.37677,E,1,10,1.0,22.1,M,44.7,M,,*7B
38888 1627986269 0 7 $GNGGA,102428.000,4423.99037,N,00854.37754,E,1,10,1.0,22.3,M,44.7,M,,*75
38889 1627986269 0 3 2.55 0.00
38890 1627986269 0 4 2.52 1.45
38891 1627986269 0 5 0.02
38892 1627986269 0 6 0.08
38893 1627986269 0 1 2.837
38894 1627986270 0 8 4.98 12.37 11.89
38895 1627986270 0 0 26.23 8.27 165.5 61.42 101.4 6.29 173.9 17.0 193.0 2.80 41.25 14.1
38896 1627986270 0 7 $GNGGA,102429.000,4423.99015,N,00854.37841,E,1,10,1.0,21.4,M,44.7,M,,*7B
38897 1627986271 0 7 $GNGGA,102430.000,4423.98995,N,00854.37894,E,1,10,1.0,21.6,M,44.7,M,,*79
38898 1627986272 0 7 $GNGGA,102431.000,4423.98992,N,00854.37944,E,1,10,1.0,21.9,M,44.7,M,,*7C
38899 1627986272 0 3 2.54 0.00
38900 1627986272 0 4 2.52 1.45
38901 1627986272 0 5 0.02
38902 1627986272 0 6 0.07
38903 1627986272 0 8 4.98 12.19 11.89
38904 1627986273 0 1 2.774
38905 1627986273 0 0 26.22 8.27 165.6 61.38 101.4 6.29 174.0 17.0 193.3 2.78 41.23 14.1
38906 1627986273 0 7 $GNGGA,102432.000,4423.98976,N,00854.38006,E,1,10,1.0,22.1,M,44.7,M,,*7E
38907 1627986274 0 7 $GNGGA,102433.000,4423.98933,N,00854.38089,E,1,10,1.0,21.9,M,44.7,M,,*72
38908 1627986275 0 7 $GNGGA,102434.000,4423.98893,N,00854.38161,E,1,10,1.0,21.8,M,44.7,M,,*78
38909 1627986275 0 3 2.55 0.00
38910 1627986275 0 4 2.52 1.45
38911 1627986275 0 5 0.02
38912 1627986275 0 6 0.05
38913 1627986275 0 1 3.320
38914 1627986276 0 8 4.98 12.38 11.91
38915 1627986276 0 0 26.21 8.27 165.5 61.44 101.4 6.29 174.1 17.0 193.3 2.78 41.27 14.1
38916 1627986276 0 7 $GNGGA,102435.000,4423.98867,N,00854.38244,E,1,10,1.0,21.8,M,44.7,M,,*76
38917 1627986277 0 7 $GNGGA,102436.000,4423.98865,N,00854.38320,E,1,10,1.0,22.1,M,44.7,M,,*7E
38918 1627986278 0 7 $GNGGA,102437.000,4423.98863,N,00854.38375,E,1,10,1.0,22.3,M,44.7,M,,*7B
38919 1627986278 0 3 2.55 0.00
38920 1627986278 0 4 2.52 1.45
38921 1627986278 0 5 0.02
38922 1627986278 0 6 0.06
38923 1627986279 0 1 2.612
38924 1627986279 0 8 4.98 12.32 11.89
38925 1627986279 0 0 26.20 8.27 165.6 61.34 101.4 6.30 174.2 17.0 193.0 2.79 41.20 14.0
38926 1627986279 0 7 $GNGGA,102438.000,4423.98884,N,00854.38392,E,1,10,1.0,22.5,M,44.7,M,,*72
38927 1627986280 0 7 $GNGGA,102439.000,4423.98910,N,00854.38397,E,1,10,1.0,22.7,M,44.7,M,,*78
38928 1627986281 0 7 $GNGGA,102440.000,4423.98948,N,00854.38411,E,1,10,1.0,22.7,M,44.7,M,,*72
38929 1627986281 0 3 2.55 0.00
38930 1627986281 0 4 2.52 1.45
38931 1627986281 0 5 0.02
38932 1627986281 0 6 0.07
38933 1627986281 0 8 4.98 12.18 11.87
38934 1627986282 0 1 2.627
38935 1627986282 0 0 26.21 8.27 165.5 61.30 101.4 6.29 173.9 17.0 193.0 2.80 41.17 14.1
38936 1627986282 0 7 $GNGGA,102441.000,4423.99027,N,00854.38424,E,1,10,1.0,22.4,M,44.7,M,,*77
38937 1627986283 0 7 $GNGGA,102442.000,4423.99119,N,00854.38438,E,1,10,1.0,22.3,M,44.7,M,,*72
38938 1627986284 0 7 $GNGGA,102443.000,4423.99184,N,00854.38462,E,1,10,1.0,22.4,M,44.7,M,,*7F
38939 1627986284 0 3 2.55 0.00
38940 1627986284 0 4 2.52 1.46
38941 1627986284 0 5 0.02
38942 1627986284 0 6 0.06
38943 1627986284 0 1 2.588
38944 1627986285 0 8 4.98 12.35 11.89
38945 1627986285 0 0 26.21 8.27 165.6 61.29 101.4 6.29 174.1 17.0 192.8 2.79 41.16 14.1
38946 1627986285 0 7 $GNGGA,102444.000,4423.99243,N,00854.38489,E,1,10,1.0,22.4,M,44.7,M,,*75
38947 1627986286 0 7 $GNGGA,102445.000,4423.99279,N,00854.38539,E,1,10,1.0,22.5,M,44.7,M,,*76
38948 1627986287 0 7 $GNGGA,102446.000,4423.99281,N,00854.38611,E,1,10,1.0,23.0,M,44.7,M,,*7F
38949 1627986287 0 3 2.55 0.00
38950 1627986287 0 4 2.52 1.46
38951 1627986287 0 5 0.03
38952 1627986287 0 6 0.08
38953 1627986287 0 8 4.97 11.65 11.87
38954 1627986288 0 1 2.533
38955 1627986288 0 0 26.21 8.27 165.5 61.29 101.4 6.29 173.9 17.0 193.1 2.81 41.15 14.1
38956 1627986288 0 7 $GNGGA,102447.000,4423.99289,N,00854.38676,E,1,10,1.0,23.6,M,44.7,M,,*71
38957 1627986289 0 7 $GNGGA,102448.000,4423.99289,N,00854.38727,E,1,10,1.0,24.0,M,44.7,M,,*7A
38958 1627986290 0 7 $GNGGA,102449.000,4423.99270,N,00854.38781,E,1,10,1.0,24.4,M,44.7,M,,*75
38959 1627986290 0 3 2.55 0.00
38960 1627986290 0 4 2.52 1.46
38961 1627986290 0 5 0.02
38962 1627986290 0 6 0.08
38963 1627986290 0 1 2.376
38964 1627986291 0 8 4.98 12.21 11.89
38965 1627986291 0 0 26.22 8.27 165.5 61.29 101.4 6.29 174.0 17.0 192.9 2.76 41.16 14.1
38966 1627986291 0 7 $GNGGA,102450.000,4423.99256,N,00854.38810,E,1,10,1.0,24.7,M,44.7,M,,*7D
38967 1627986292 0 7 $GNGGA,102451.000,4423.99231,N,00854.38883,E,1,10,1.0,24.7,M,44.7,M,,*77
38968 1627986293 0 7 $GNGGA,102452.000,4423.99177,N,00854.39013,E,1,10,1.0,24.3,M,44.7,M,,*71
38969 1627986293 0 3 2.54 0.00
38970 1627986293 0 4 2.52 1.46
38971 1627986293 0 5 0.02
38972 1627986293 0 6 0.07
38973 1627986293 0 8 4.98 12.33 11.89
38974 1627986294 0 1 2.547
38975 1627986294 0 0 26.23 8.27 165.5 61.26 101.3 6.29 173.9 17.0 192.9 2.74 41.13 14.1
38976 1627986294 0 7 $GNGGA,102453.000,4423.99160,N,00854.39113,E,1,10,1.0,23.9,M,44.7,M,,*7A
38977 1627986295 0 7 $GNGGA,102454.000,4423.99150,N,00854.39215,E,1,10,1.0,23.4,M,44.7,M,,*76
38978 1627986296 0 7 $GNGGA,102455.000,4423.99109,N,00854.39312,E,1,10,1.0,22.8,M,44.7,M,,*70
38979 1627986296 0 3 2.55 0.00
38980 1627986296 0 4 2.52 1.46
38981 1627986296 0 5 0.02
38982 1627986296 0 6 0.07
38983 1627986296 0 1 2.430
38984 1627986297 0 8 4.98 12.36 11.91
38985 1627986297 0 0 26.22 8.27 165.5 61.32 101.4 6.29 173.7 17.0 192.8 2.74 41.18 14.1
38986 1627986297 0 7 $GNGGA,102456.000,4423.99091,N,00854.39387,E,1,10,1.0,22.6,M,44.7,M,,*71
38987 1627986298 0 7 $GNGGA,102457.000,4423.99093,N,00854.39465,E,1,10,1.0,22.5,M,44.7,M,,*7A
38988 1627986299 0 7 $GNGGA,102458.000,4423.99121,N,00854.39520,E,1,10,1.0,22.4,M,44.7,M,,*7C
38989 1627986299 0 3 2.54 0.00
38990 1627986299 0 4 2.52 1.46
38991 1627986299 0 5 0.02
38992 1627986299 0 6 0.06
38993 1627986299 0 8 4.98 12.34 11.89
38994 1627986300 0 1 2.554
38995 1627986300 0 0 26.23 8.27 165.5 61.31 101.4 6.29 173.8 17.0 192.9 2.76 41.17 14.1
38996 1627986300 0 7 $GNGGA,102459.000,4423.99092,N,00854.39612,E,1,10,1.0,22.1,M,44.7,M,,*73
38997 1627986301 0 7 $GNGGA,102500.000,4423.99079,N,00854.39670,E,1,10,1.0,22.4,M,44.7,M,,*7A
38998 1627986302 0 7 $GNGGA,102501.000,4423.99037,N,00854.39729,E,1,10,1.0,22.9,M,44.7,M,,*71
38999 1627986302 0 3 2.55 0.00
39000 1627986302 0 4 2.52 1.46
39001 1627986302 0 5 0.02
39002 1627986302 0 6 0.06
39003 1627986302 0 1 3.109
39004 1627986303 0 8 4.98 12.37 11.89
39005 1627986303 0 0 26.20 8.27 165.5 61.26 101.4 6.30 174.1 17.0 193.5 2.75 41.14 14.0
39006 1627986303 0 7 $GNGGA,102502.000,4423.98967,N,00854.39816,E,1,10,1.0,23.0,M,44.7,M,,*74
39007 1627986304 0 7 $GNGGA,102503.000,4423.98937,N,00854.39889,E,1,10,1.0,23.1,M,44.7,M,,*77
39008 1627986305 0 7 $GNGGA,102504.000,4423.98903,N,00854.39980,E,1,10,1.0,22.7,M,44.7,M,,*78
39009 1627986305 0 3 2.54 0.00
39010 1627986305 0 4 2.52 1.46
39011 1627986305 0 5 0.02
39012 1627986305 0 6 0.06
39013 1627986305 0 1 2.336
39014 1627986306 0 8 4.98 12.32 11.89
39015 1627986306 0 0 26.20 8.27 165.5 61.30 101.4 6.30 174.2 17.0 193.4 2.76 41.16 14.0
39016 1627986306 0 7 $GNGGA,102505.000,4423.98878,N,00854.40040,E,1,10,1.0,22.5,M,44.7,M,,*7D
39017 1627986307 0 7 $GNGGA,102506.000,4423.98839,N,00854.40132,E,1,10,1.0,21.5,M,44.7,M,,*7C
39018 1627986308 0 7 $GNGGA,102507.000,4423.98834,N,00854.40198,E,1,10,1.0,20.7,M,44.7,M,,*73
39019 1627986308 0 3 2.54 0.00
39020 1627986308 0 4 2.52 1.46
39021 1627986308 0 5 0.02
39022 1627986308 0 6 0.06
39023 1627986308 0 8 4.98 12.33 11.89
39024 1627986309 0 1 2.397
39025 1627986309 0 0 26.21 8.27 165.5 61.36 101.4 6.29 173.9 17.0 192.9 2.79 41.21 14.0
39026 1627986309 0 7 $GNGGA,102508.000,4423.98795,N,00854.40292,E,1,10,1.0,19.8,M,44.7,M,,*74
39027 1627986310 0 7 $GNGGA,102509.000,4423.98783,N,00854.40358,E,1,10,1.0,19.5,M,44.7,M,,*78
39028 1627986311 0 7 $GNGGA,102510.000,4423.98755,N,00854.40442,E,1,10,1.0,19.1,M,44.7,M,,*73
39030 1627986311 0 4 2.52 1.46
39031 1627986311 0 5 0.02
39032 1627986311 0 6 0.06
39033 1627986311 0 1 2.527
39034 1627986312 0 8 4.98 12.34 11.89
39035 1627986312 0 0 26.22 8.27 165.6 61.36 101.4 6.29 173.9 17.0 192.8 2.77 41.21 14.0
39036 1627986312 0 7 $GNGGA,102511.000,4423.98716,N,00854.40538,E,1,10,1.0,18.4,M,44.7,M,,*7D
39037 1627986313 0 7 $GNGGA,102512.000,4423.98731,N,00854.40607,E,1,10,1.0,17.8,M,44.7,M,,*77
39038 1627986314 0 7 $GNGGA,102513.000,4423.98681,N,00854.40705,E,1,10,1.0,16.7,M,44.7,M,,*71
39039 1627986314 0 3 2.55 0.00
39040 1627986314 0 4 2.52 1.46
39041 1627986314 0 5 0.02
39042 1627986314 0 6 0.06
39043 1627986314 0 8 4.98 12.33 11.89
39044 1627986315 0 1 2.145
39045 1627986315 0 0 26.23 8.27 165.5 61.34 101.4 6.29 173.7 17.0 192.4 2.75 41.20 14.0
39046 1627986315 0 7 $GNGGA,102514.000,4423.98670,N,00854.40777,E,1,10,1.0,16.2,M,44.7,M,,*78
39047 1627986316 0 7 $GNGGA,102515.000,4423.98651,N,00854.40854,E,1,10,1.0,15.7,M,44.7,M,,*72
39048 1627986317 0 7 $GNGGA,102516.000,4423.98563,N,00854.40948,E,1,10,1.0,14.4,M,44.7,M,,*7D
39049 1627986317 0 3 2.54 0.00
39050 1627986317 0 4 2.52 1.46
39051 1627986317 0 5 0.02
39052 1627986317 0 6 0.06
39053 1627986317 0 1 1.980
39054 1627986318 0 8 4.98 12.36 11.89
39055 1627986318 0 0 26.25 8.27 165.5 61.36 101.4 6.29 173.9 17.0 192.6 2.72 41.21 14.1
39056 1627986318 0 7 $GNGGA,102517.000,4423.98530,N,00854.41023,E,1,10,1.0,13.5,M,44.7,M,,*79
39057 1627986319 0 7 $GNGGA,102518.000,4423.98462,N,00854.41097,E,1,10,1.0,12.4,M,44.7,M,,*7F
39058 1627986320 0 7 $GNGGA,102519.000,4423.98424,N,00854.41185,E,1,10,1.0,11.3,M,44.7,M,,*7A
39059 1627986320 0 3 2.54 0.00
39060 1627986320 0 4 2.52 1.46
39061 1627986320 0 5 0.02
39062 1627986320 0 6 0.07
39063 1627986320 0 8 4.98 12.34 11.89
39064 1627986321 0 1 2.016
39065 1627986321 0 0 26.25 8.27 165.4 61.28 101.4 6.29 173.7 17.0 192.9 2.69 41.15 14.1
39066 1627986321 0 7 $GNGGA,102520.000,4423.98435,N,00854.41269,E,1,10,1.0,10.4,M,44.7,M,,*77
39067 1627986322 0 7 $GNGGA,102521.000,4423.98436,N,00854.41347,E,1,10,1.0,10.5,M,44.7,M,,*79
39068 1627986323 0 7 $GNGGA,102522.000,4423.98440,N,00854.41408,E,1,10,1.0,10.6,M,44.7,M,,*74
39069 1627986323 0 3 2.54 0.00
39070 1627986323 0 4 2.52 1.46
39071 1627986323 0 5 0.02
39072 1627986323 0 6 0.06
39073 1627986323 0 1 2.322
39074 1627986324 0 8 4.98 12.37 11.91
39075 1627986324 0 0 26.25 8.27 165.5 61.38 101.4 6.28 173.9 17.0 192.8 2.69 41.23 14.0
39076 1627986324 0 7 $GNGGA,102523.000,4423.98403,N,00854.41474,E,1,10,1.0,10.6,M,44.7,M,,*79
39077 1627986325 0 7 $GNGGA,102524.000,4423.98423,N,00854.41521,E,1,10,1.0,11.0,M,44.7,M,,*7A
39078 1627986326 0 7 $GNGGA,102525.000,4423.98449,N,00854.41568,E,1,10,1.0,11.3,M,44.7,M,,*79
39079 1627986326 0 3 2.54 0.00
39080 1627986326 0 4 2.52 1.46
39081 1627986326 0 5 0.02
39082 1627986326 0 6 0.06
39083 1627986326 0 8 4.98 12.33 11.89
39084 1627986327 0 1 2.160
39085 1627986327 0 0 26.25 8.27 165.5 61.27 101.4 6.29 173.6 17.0 192.8 2.69 41.14 14.0
39086 1627986327 0 7 $GNGGA,102526.000,4423.98464,N,00854.41610,E,1,10,1.0,11.6,M,44.7,M,,*7C
39087 1627986328 0 7 $GNGGA,102527.000,4423.98465,N,00854.41649,E,1,10,1.0,12.0,M,44.7,M,,*75
39088 1627986329 0 7 $GNGGA,102528.000,4423.98472,N,00854.41685,E,1,10,1.0,12.6,M,44.7,M,,*7A
39089 1627986329 0 3 2.54 0.00
39090 1627986329 0 4 2.52 1.45
39091 1627986329 0 5 0.02
39092 1627986329 0 6 0.07
39093 1627986329 0 1 2.853
39094 1627986330 0 8 4.98 12.37 11.89
39095 1627986330 0 0 26.24 8.27 165.5 61.37 101.4 6.29 173.9 17.0 193.3 2.69 41.21 14.1
39096 1627986330 0 7 $GNGGA,102529.000,4423.98485,N,00854.41718,E,1,10,1.0,13.1,M,44.7,M,,*70
39097 1627986330 0 2 0.04750000 4.74350023 1.22860002 0.03650000 2.69889998 0.00390000 0.06110000 0.21029999 1.00000000 86.88400268
39098 1627986331 0 7 $GNGGA,102530.000,4423.98473,N,00854.41765,E,1,10,1.0,13.4,M,44.7,M,,*7E
39099 1627986332 0 7 $GNGGA,102531.000,4423.98443,N,00854.41829,E,1,10,1.0,13.6,M,44.7,M,,*79
39100 1627986332 0 3 2.54 0.00
39101 1627986332 0 4 2.52 1.45
39102 1627986332 0 5 0.03
39103 1627986332 0 6 0.07
39104 1627986332 0 1 2.149
39105 1627986333 0 8 4.98 12.33 11.89
39106 1627986333 0 0 26.24 8.27 165.5 61.33 101.4 6.29 173.9 17.0 193.1 2.69 41.19 14.0
39107 1627986333 0 7 $GNGGA,102532.000,4423.98374,N,00854.41914,E,1,10,1.0,13.6,M,44.7,M,,*76
39108 1627986334 0 7 $GNGGA,102533.000,4423.98320,N,00854.41974,E,1,10,1.0,13.8,M,44.7,M,,*7E
39109 1627986335 0 7 $GNGGA,102534.000,4423.98259,N,00854.42038,E,1,10,1.0,14.0,M,44.7,M,,*7B
39110 1627986335 0 3 2.54 0.00
39111 1627986335 0 4 2.52 1.45
39112 1627986335 0 5 0.03
39113 1627986335 0 6 0.06
39114 1627986335 0 8 4.98 12.33 11.89
39115 1627986336 0 1 2.220
39116 1627986336 0 0 26.24 8.27 165.5 61.33 101.4 6.29 173.8 17.0 193.4 2.67 41.19 14.0
39117 1627986336 0 7 $GNGGA,102535.000,4423.98228,N,00854.42093,E,1,10,1.0,14.5,M,44.7,M,,*78
39118 1627986337 0 7 $GNGGA,102536.000,4423.98222,N,00854.42224,E,1,10,1.0,13.1,M,44.7,M,,*7C
39119 1627986338 0 7 $GNGGA,102537.000,4423.98209,N,00854.42333,E,1,10,1.0,12.4,M,44.7,M,,*77
39120 1627986338 0 3 2.54 0.00
39121 1627986338 0 4 2.52 1.45
39122 1627986338 0 5 0.02
39123 1627986338 0 6 0.07
39124 1627986338 0 1 2.096
39125 1627986339 0 8 4.98 12.35 11.89
39126 1627986339 0 0 26.24 8.27 165.5 61.36 101.4 6.29 174.1 17.0 193.2 2.64 41.21 14.0
39127 1627986339 0 7 $GNGGA,102538.000,4423.98212,N,00854.42435,E,1,10,1.0,11.4,M,44.7,M,,*70
39128 1627986340 0 7 $GNGGA,102539.000,4423.98195,N,00854.42529,E,1,10,1.0,10.9,M,44.7,M,,*7D
39129 1627986341 0 7 $GNGGA,102540.000,4423.98167,N,00854.42606,E,1,10,1.0,10.3,M,44.7,M,,*7A
39130 1627986341 0 3 2.54 0.00
39131 1627986341 0 4 2.52 1.45
39132 1627986341 0 5 0.02
39133 1627986341 0 6 0.07
39134 1627986342 0 8 4.98 12.33 11.89
39135 1627986342 0 1 2.074
39136 1627986342 0 0 26.24 8.27 165.5 61.30 101.5 6.29 174.1 17.0 192.9 2.64 41.16 14.0
39137 1627986342 0 7 $GNGGA,102541.000,4423.98148,N,00854.42682,E,1,10,1.0,10.1,M,44.7,M,,*78
39138 1627986343 0 7 $GNGGA,102542.000,4423.98107,N,00854.42779,E,1,10,1.0,9.8,M,44.7,M,,*44
39139 1627986344 0 7 $GNGGA,102543.000,4423.98037,N,00854.42894,E,1,10,1.0,9.0,M,44.7,M,,*43
39140 1627986344 0 3 2.54 0.00
39141 1627986344 0 4 2.52 1.45
39142 1627986344 0 5 0.02
39143 1627986344 0 6 0.05
39144 1627986344 0 1 2.420
39145 1627986345 0 8 4.98 12.37 11.89
39146 1627986345 0 0 26.23 8.27 165.5 61.37 101.5 6.29 174.1 17.0 193.3 2.71 41.22 14.0
39147 1627986345 0 7 $GNGGA,102544.000,4423.98013,N,00854.42997,E,1,10,1.0,8.0,M,44.7,M,,*41
39148 1627986346 0 7 $GNGGA,102545.000,4423.97985,N,00854.43069,E,1,10,1.0,7.6,M,44.7,M,,*49
39149 1627986347 0 7 $GNGGA,102546.000,4423.97991,N,00854.43131,E,1,10,1.0,7.5,M,44.7,M,,*40
39150 1627986347 0 4 2.52 1.45
39151 1627986347 0 5 0.03
39152 1627986347 0 6 0.05
39153 1627986347 0 8 4.98 12.33 11.89
39154 1627986347 0 1 2.370
39155 1627986348 0 0 26.24 8.27 165.4 61.31 101.5 6.30 174.0 17.0 193.3 2.68 41.17 14.0
39156 1627986348 0 7 $GNGGA,102547.000,4423.97995,N,00854.43197,E,1,10,1.0,7.6,M,44.7,M,,*4A
39157 1627986349 0 7 $GNGGA,102548.000,4423.97989,N,00854.43282,E,1,10,1.0,7.3,M,44.7,M,,*4A
39158 1627986350 0 7 $GNGGA,102549.000,4423.98027,N,00854.43366,E,1,10,1.0,6.9,M,44.7,M,,*49
39159 1627986350 0 3 2.54 0.00
39160 1627986350 0 4 2.52 1.45
39161 1627986350 0 5 0.02
39162 1627986350 0 6 0.06
39163 1627986350 0 1 2.095
39164 1627986351 0 8 4.98 12.36 11.89
39165 1627986351 0 0 26.24 8.27 165.4 61.39 101.5 6.29 174.0 17.0 192.9 2.70 41.23 14.0
39166 1627986351 0 7 $GNGGA,102550.000,4423.98037,N,00854.43458,E,1,10,1.0,6.6,M,44.7,M,,*45
39167 1627986352 0 7 $GNGGA,102551.000,4423.98000,N,00854.43556,E,1,10,1.0,6.3,M,44.7,M,,*4A
39168 1627986353 0 7 $GNGGA,102552.000,4423.97955,N,00854.43663,E,1,10,1.0,5.9,M,44.7,M,,*43
39169 1627986353 0 3 2.54 0.00
39170 1627986353 0 4 2.52 1.45
39171 1627986353 0 5 0.02
39172 1627986353 0 6 0.07
39173 1627986353 0 8 4.98 12.33 11.91
39174 1627986354 0 1 2.241
39175 1627986354 0 0 26.24 8.27 165.4 61.28 101.5 6.30 174.1 17.0 193.1 2.74 41.15 13.9
39176 1627986354 0 7 $GNGGA,102553.000,4423.97933,N,00854.43759,E,1,10,1.0,5.8,M,44.7,M,,*4B
39177 1627986355 0 7 $GNGGA,102554.000,4423.98001,N,00854.43811,E,1,10,1.0,6.7,M,44.7,M,,*44
39178 1627986356 0 7 $GNGGA,102555.000,4423.98023,N,00854.43864,E,1,10,1.0,6.7,M,44.7,M,,*47
39179 1627986356 0 3 2.54 0.00
39180 1627986356 0 4 2.52 1.45
39181 1627986356 0 5 0.02
39182 1627986356 0 6 0.07
39183 1627986356 0 1 3.129
39184 1627986357 0 8 4.97 12.36 11.89
39185 1627986357 0 0 26.23 8.27 165.4 61.29 101.5 6.30 174.1 17.0 193.5 2.73 41.16 14.0
39186 1627986357 0 7 $GNGGA,102556.000,4423.98026,N,00854.43927,E,1,10,1.0,6.4,M,44.7,M,,*44
39187 1627986358 0 7 $GNGGA,102557.000,4423.98011,N,00854.43993,E,1,10,1.0,6.2,M,44.7,M,,*48
39188 1627986359 0 7 $GNGGA,102558.000,4423.98012,N,00854.44063,E,1,10,1.0,6.2,M,44.7,M,,*45
39189 1627986359 0 3 2.54 0.00
39190 1627986359 0 4 2.52 1.45
39191 1627986359 0 5 0.03
39192 1627986359 0 6 0.05
39193 1627986359 0 1 2.368
39194 1627986360 0 8 4.98 12.34 11.89
39195 1627986360 0 0 26.23 8.27 165.4 61.33 101.5 6.30 174.1 17.0 193.5 2.68 41.19 13.9
39196 1627986360 0 7 $GNGGA,102559.000,4423.98063,N,00854.44114,E,1,10,1.0,6.9,M,44.7,M,,*48
39197 1627986361 0 7 $GNGGA,102600.000,4423.98090,N,00854.44180,E,1,10,1.0,7.3,M,44.7,M,,*4D
39198 1627986362 0 7 $GNGGA,102601.000,4423.98105,N,00854.44257,E,1,10,1.0,7.6,M,44.7,M,,*4D
39199 1627986362 0 3 2.54 0.00
39200 1627986362 0 4 2.52 1.45
39201 1627986362 0 5 0.02
39202 1627986362 0 6 0.08
39203 1627986363 0 8 4.98 12.33 11.89
39204 1627986363 0 1 2.354
39205 1627986363 0 0 26.23 8.27 165.4 61.34 101.6 6.30 174.1 17.0 193.2 2.70 41.20 14.0
39206 1627986363 0 7 $GNGGA,102602.000,4423.98121,N,00854.44335,E,1,10,1.0,7.8,M,44.7,M,,*43
39207 1627986364 0 7 $GNGGA,102603.000,4423.98125,N,00854.44425,E,1,10,1.0,7.7,M,44.7,M,,*4F
39208 1627986365 0 7 $GNGGA,102604.000,4423.98199,N,00854.44501,E,1,10,1.0,8.9,M,44.7,M,,*49
39209 1627986365 0 3 2.54 0.00
39210 1627986365 0 4 2.52 1.45
39211 1627986365 0 5 0.02
39212 1627986365 0 6 0.07
39213 1627986365 0 1 2.334
39214 1627986366 0 8 4.98 12.35 11.89
39215 1627986366 0 0 26.23 8.27 165.3 61.36 101.5 6.30 174.0 17.0 193.2 2.74 41.21 14.0
39216 1627986366 0 7 $GNGGA,102605.000,4423.98208,N,00854.44633,E,1,10,1.0,9.3,M,44.7,M,,*4A
39217 1627986367 0 7 $GNGGA,102606.000,4423.98214,N,00854.44775,E,1,10,1.0,9.7,M,44.7,M,,*43
39218 1627986368 0 7 $GNGGA,102607.000,4423.98239,N,00854.44935,E,1,10,1.0,10.8,M,44.7,M,,*70
39219 1627986368 0 3 2.55 0.00
39220 1627986368 0 4 2.52 1.45
39221 1627986368 0 5 0.02
39222 1627986368 0 6 0.06
39223 1627986368 0 8 4.98 12.33 11.89
39224 1627986369 0 1 2.529
39225 1627986369 0 0 26.22 8.27 165.4 61.32 101.5 6.30 174.2 17.0 193.2 2.77 41.18 14.0
39226 1627986369 0 7 $GNGGA,102608.000,4423.98251,N,00854.45114,E,1,10,1.0,12.1,M,44.7,M,,*70
39227 1627986370 0 7 $GNGGA,102609.000,4423.98249,N,00854.45266,E,1,10,1.0,12.8,M,44.7,M,,*77
39228 1627986371 0 7 $GNGGA,102610.000,4423.98275,N,00854.45344,E,1,10,1.0,13.4,M,44.7,M,,*7C
39229 1627986371 0 3 2.55 0.00
39230 1627986371 0 4 2.52 1.45
39231 1627986371 0 5 0.03
39232 1627986371 0 6 0.05
39233 1627986371 0 1 2.147
39234 1627986372 0 8 4.98 12.37 11.89
39235 1627986372 0 0 26.23 8.27 165.4 61.28 101.5 6.30 174.1 17.0 192.8 2.70 41.15 14.0
39236 1627986372 0 7 $GNGGA,102611.000,4423.98274,N,00854.45410,E,1,10,1.0,13.6,M,44.7,M,,*78
39237 1627986373 0 7 $GNGGA,102612.000,4423.98120,N,00854.45518,E,1,10,1.0,11.6,M,44.7,M,,*72
39238 1627986374 0 7 $GNGGA,102613.000,4423.98051,N,00854.45606,E,1,10,1.0,10.8,M,44.7,M,,*77
39239 1627986374 0 3 2.54 0.00
39240 1627986374 0 4 2.52 1.45
39241 1627986374 0 5 0.02
39242 1627986374 0 6 0.06
39243 1627986374 0 8 4.98 12.34 11.89
39244 1627986375 0 1 2.553
39245 1627986375 0 0 26.23 8.27 165.4 61.31 101.5 6.30 174.0 17.0 193.1 2.72 41.17 14.0
39246 1627986375 0 7 $GNGGA,102614.000,4423.97912,N,00854.45703,E,1,10,1.0,8.4,M,44.7,M,,*40
39247 1627986376 0 7 $GNGGA,102615.000,4423.97857,N,00854.45787,E,1,10,1.0,7.0,M,44.7,M,,*46
39248 1627986377 0 7 $GNGGA,102616.000,4423.97851,N,00854.45849,E,1,10,1.0,5.9,M,44.7,M,,*45
39249 1627986377 0 3 2.54 0.00
39250 1627986377 0 4 2.52 1.45
39251 1627986377 0 5 0.02
39252 1627986377 0 6 0.06
39253 1627986377 0 1 2.723
39254 1627986378 0 8 4.98 12.37 11.91
39255 1627986378 0 0 26.22 8.27 165.3 61.31 101.6 6.30 174.1 17.0 193.0 2.76 41.18 14.0
39256 1627986378 0 7 $GNGGA,102617.000,4423.97789,N,00854.45938,E,1,10,1.0,5.4,M,44.7,M,,*44
39257 1627986379 0 7 $GNGGA,102618.000,4423.97757,N,00854.46007,E,1,10,1.0,4.8,M,44.7,M,,*43
39258 1627986380 0 7 $GNGGA,102619.000,4423.97683,N,00854.46093,E,1,10,1.0,4.6,M,44.7,M,,*49
39259 1627986380 0 3 2.54 0.00
39260 1627986380 0 4 2.52 1.45
39261 1627986380 0 5 0.02
39262 1627986380 0 6 0.05
39263 1627986380 0 8 4.98 12.33 11.89
39264 1627986381 0 1 2.452
39265 1627986381 0 0 26.21 8.27 165.4 61.28 101.5 6.30 174.2 17.0 193.1 2.79 41.15 14.0
39266 1627986381 0 7 $GNGGA,102620.000,4423.97596,N,00854.46208,E,1,10,1.0,4.4,M,44.7,M,,*46
39267 1627986382 0 7 $GNGGA,102621.000,4423.97488,N,00854.46300,E,1,10,1.0,4.4,M,44.7,M,,*40
39268 1627986383 0 7 $GNGGA,102622.000,4423.97414,N,00854.46371,E,1,10,1.0,4.7,M,44.7,M,,*43
39269 1627986383 0 3 2.54 0.00
39270 1627986383 0 4 2.52 1.45
39271 1627986383 0 5 0.02
39272 1627986383 0 6 0.06
39273 1627986384 0 1 3.257
39274 1627986384 0 8 4.98 12.37 11.89
39275 1627986384 0 0 26.22 8.27 165.3 61.32 101.6 6.30 174.2 17.0 192.8 2.80 41.18 14.0
39276 1627986384 0 7 $GNGGA,102623.000,4423.97353,N,00854.46444,E,1,10,1.0,4.7,M,44.7,M,,*47
39277 1627986385 0 7 $GNGGA,102624.000,4423.97280,N,00854.46536,E,1,10,1.0,4.4,M,44.7,M,,*48
39278 1627986386 0 7 $GNGGA,102625.000,4423.97203,N,00854.46622,E,1,10,1.0,3.9,M,44.7,M,,*4E
39279 1627986386 0 3 2.54 0.00
39280 1627986386 0 4 2.52 1.44
39281 1627986386 0 5 0.02
39282 1627986386 0 6 0.06
39283 1627986386 0 1 2.257
39284 1627986387 0 8 4.98 12.33 11.89
39285 1627986387 0 0 26.23 8.27 165.3 61.37 101.6 6.30 174.0 17.0 192.9 2.80 41.22 14.0
39286 1627986387 0 7 $GNGGA,102626.000,4423.97147,N,00854.46693,E,1,10,1.0,3.1,M,44.7,M,,*4C
39287 1627986388 0 7 $GNGGA,102627.000,4423.97121,N,00854.46772,E,1,10,1.0,2.7,M,44.7,M,,*44
39288 1627986389 0 7 $GNGGA,102628.000,4423.97047,N,00854.46875,E,1,10,1.0,2.0,M,44.7,M,,*45
39289 1627986389 0 3 2.54 0.00
39290 1627986389 0 4 2.52 1.44
39291 1627986389 0 5 0.02
39292 1627986389 0 6 0.07
39293 1627986390 0 8 4.98 12.33 11.89
39294 1627986390 0 1 2.393
39295 1627986390 0 0 26.23 8.27 165.3 61.35 101.6 6.30 174.1 17.0 192.8 2.79 41.20 14.0
39296 1627986390 0 7 $GNGGA,102629.000,4423.97019,N,00854.46952,E,1,10,1.0,1.6,M,44.7,M,,*4E
39297 1627986391 0 7 $GNGGA,102630.000,4423.97001,N,00854.47014,E,1,10,1.0,1.2,M,44.7,M,,*41
39298 1627986392 0 7 $GNGGA,102631.000,4423.96982,N,00854.47076,E,1,10,1.0,0.6,M,44.7,M,,*42
39299 1627986392 0 3 2.54 0.00
39300 1627986392 0 4 2.52 1.44
39301 1627986392 0 5 0.02
39302 1627986392 0 6 0.07
39303 1627986393 0 1 2.292
39304 1627986393 0 8 4.98 12.20 11.89
39305 1627986393 0 0 26.23 8.27 165.3 61.34 101.5 6.30 174.1 17.0 192.6 2.80 41.19 14.0
39306 1627986393 0 7 $GNGGA,102632.000,4423.96968,N,00854.47137,E,1,10,1.0,0.1,M,44.7,M,,*46
39307 1627986394 0 7 $GNGGA,102633.000,4423.96948,N,00854.47211,E,1,10,1.0,-0.4,M,44.7,M,,*6A
39308 1627986395 0 7 $GNGGA,102634.000,4423.96941,N,00854.47280,E,1,10,1.0,-1.1,M,44.7,M,,*68
39309 1627986395 0 3 2.54 0.00
39310 1627986395 0 4 2.52 1.44
39311 1627986395 0 5 0.02
39312 1627986395 0 6 0.05
39313 1627986395 0 8 4.98 12.34 11.89
39314 1627986396 0 1 2.557
39315 1627986396 0 0 26.22 8.27 165.3 61.40 101.5 6.30 174.1 17.0 192.7 2.79 41.24 14.0
39316 1627986396 0 7 $GNGGA,102635.000,4423.96933,N,00854.47343,E,1,10,1.0,-1.9,M,44.7,M,,*6A
39317 1627986397 0 7 $GNGGA,102636.000,4423.96924,N,00854.47393,E,1,10,1.0,-2.6,M,44.7,M,,*6E
39318 1627986398 0 7 $GNGGA,102637.000,4423.96902,N,00854.47427,E,1,10,1.0,-3.1,M,44.7,M,,*65
39319 1627986398 0 3 2.54 0.00
39320 1627986398 0 4 2.52 1.44
39321 1627986398 0 5 0.02
39322 1627986398 0 6 0.07
39323 1627986398 0 1 2.324
39324 1627986399 0 8 4.98 12.36 11.89
39325 1627986399 0 0 26.22 8.27 165.4 61.36 101.6 6.30 174.1 17.0 192.5 2.81 41.21 14.0
39326 1627986399 0 7 $GNGGA,102638.000,4423.96874,N,00854.47449,E,1,10,1.0,-3.4,M,44.7,M,,*67
39327 1627986400 0 7 $GNGGA,102639.000,4423.96862,N,00854.47498,E,1,10,1.0,-3.2,M,44.7,M,,*6B
39328 1627986401 0 7 $GNGGA,102640.000,4423.96856,N,00854.47558,E,1,10,1.0,-2.8,M,44.7,M,,*64
39329 1627986401 0 3 2.55 0.00
39330 1627986401 0 4 2.52 1.44
39331 1627986401 0 5 0.02
39332 1627986401 0 6 0.07
39333 1627986401 0 8 4.98 12.19 11.87
39334 1627986402 0 1 2.454
39335 1627986402 0 0 26.22 8.27 165.3 61.29 101.6 6.30 174.2 17.0 192.8 2.81 41.16 14.0
39336 1627986402 0 7 $GNGGA,102641.000,4423.96856,N,00854.47621,E,1,10,1.0,-2.4,M,44.7,M,,*64
39337 1627986403 0 7 $GNGGA,102642.000,4423.96858,N,00854.47697,E,1,10,1.0,-2.5,M,44.7,M,,*65
39338 1627986404 0 7 $GNGGA,102643.000,4423.96852,N,00854.47779,E,1,10,1.0,-2.8,M,44.7,M,,*62
39339 1627986404 0 3 2.55 0.00
39340 1627986404 0 4 2.52 1.44
39341 1627986404 0 5 0.02
39342 1627986404 0 6 0.07
39343 1627986405 0 1 2.656
39344 1627986405 0 8 4.98 12.36 11.89
39345 1627986405 0 0 26.21 8.27 165.3 61.29 101.6 6.31 174.2 17.0 192.9 2.81 41.16 14.0
39346 1627986405 0 7 $GNGGA,102644.000,4423.96840,N,00854.47850,E,1,10,1.0,-2.7,M,44.7,M,,*6D
39347 1627986406 0 7 $GNGGA,102645.000,4423.96840,N,00854.47895,E,1,10,1.0,-3.1,M,44.7,M,,*62
39348 1627986407 0 7 $GNGGA,102646.000,4423.96847,N,00854.47938,E,1,10,1.0,-3.6,M,44.7,M,,*67
39349 1627986407 0 3 2.55 0.00
39350 1627986407 0 4 2.52 1.44
39351 1627986407 0 5 0.02
39352 1627986407 0 6 0.09
39353 1627986407 0 8 4.98 12.18 11.89
39354 1627986408 0 1 2.448
39355 1627986408 0 0 26.21 8.27 165.3 61.38 101.6 6.30 174.1 17.0 193.0 2.81 41.23 14.0
39356 1627986408 0 7 $GNGGA,102647.000,4423.96845,N,00854.47976,E,1,10,1.0,-4.2,M,44.7,M,,*6D
39357 1627986409 0 7 $GNGGA,102648.000,4423.96837,N,00854.48011,E,1,10,1.0,-4.8,M,44.7,M,,*6A
39358 1627986410 0 7 $GNGGA,102649.000,4423.96809,N,00854.48044,E,1,10,1.0,-5.2,M,44.7,M,,*6D
39359 1627986410 0 3 2.54 0.00
39360 1627986410 0 4 2.52 1.44
39361 1627986410 0 5 0.02
39362 1627986410 0 6 0.09
39363 1627986410 0 1 3.074
39364 1627986411 0 8 4.98 12.38 11.89
39365 1627986411 0 0 26.21 8.27 165.3 61.30 101.6 6.31 174.1 17.0 192.7 2.81 41.16 14.0
39366 1627986411 0 7 $GNGGA,102650.000,4423.96759,N,00854.48083,E,1,10,1.0,-5.4,M,44.7,M,,*62
39367 1627986412 0 7 $GNGGA,102651.000,4423.96713,N,00854.48128,E,1,10,1.0,-5.5,M,44.7,M,,*6C
39368 1627986413 0 7 $GNGGA,102652.000,4423.96689,N,00854.48169,E,1,10,1.0,-5.6,M,44.7,M,,*6B
39369 1627986413 0 3 2.54 0.00
39370 1627986413 0 4 2.52 1.44
39371 1627986413 0 5 0.02
39372 1627986413 0 6 0.09
39373 1627986413 0 1 2.553
39374 1627986414 0 8 4.98 12.33 11.91
39375 1627986414 0 0 26.21 8.27 165.3 61.39 101.6 6.30 174.1 17.0 193.0 2.84 41.23 14.0
39376 1627986414 0 7 $GNGGA,102653.000,4423.96670,N,00854.48223,E,1,10,1.0,-5.0,M,44.7,M,,*67
39377 1627986415 0 7 $GNGGA,102654.000,4423.96667,N,00854.48276,E,1,10,1.0,-4.6,M,44.7,M,,*61
39378 1627986416 0 7 $GNGGA,102655.000,4423.96671,N,00854.48322,E,1,10,1.0,-3.5,M,44.7,M,,*63
39379 1627986416 0 3 2.54 0.00
39380 1627986416 0 4 2.52 1.44
39381 1627986416 0 5 0.02
39382 1627986416 0 6 0.08
39383 1627986416 0 8 4.98 12.34 11.89
39384 1627986417 0 1 2.411
39385 1627986417 0 0 26.22 8.27 165.3 61.37 101.6 6.30 174.0 17.0 192.7 2.83 41.22 14.0
39386 1627986417 0 7 $GNGGA,102656.000,4423.96678,N,00854.48366,E,1,10,1.0,-2.9,M,44.7,M,,*64
39387 1627986418 0 7 $GNGGA,102657.000,4423.96654,N,00854.48429,E,1,10,1.0,-2.4,M,44.7,M,,*6A
39388 1627986419 0 7 $GNGGA,102658.000,4423.96626,N,00854.48509,E,1,10,1.0,-1.8,M,44.7,M,,*6C
39389 1627986419 0 3 2.55 0.00
39390 1627986419 0 4 2.52 1.44
39391 1627986419 0 5 0.02
39392 1627986419 0 6 0.05
39393 1627986419 0 1 2.397
39394 1627986420 0 8 4.98 12.36 11.89
39395 1627986420 0 0 26.22 8.27 165.2 61.31 101.6 6.30 174.0 17.0 193.2 2.79 41.17 14.0
39396 1627986420 0 7 $GNGGA,102659.000,4423.96612,N,00854.48573,E,1,10,1.0,-1.7,M,44.7,M,,*68
39397 1627986421 0 7 $GNGGA,102700.000,4423.96564,N,00854.48641,E,1,10,1.0,-1.4,M,44.7,M,,*66
39398 1627986422 0 7 $GNGGA,102701.000,4423.96500,N,00854.48685,E,1,10,1.0,-0.7,M,44.7,M,,*6F
39399 1627986422 0 3 2.54 0.00
39400 1627986422 0 4 2.52 1.44
39401 1627986422 0 5 0.02
39402 1627986422 0 6 0.06
39403 1627986422 0 8 4.98 12.33 11.89
39404 1627986423 0 1 2.244
39405 1627986423 0 0 26.22 8.27 165.2 61.35 101.6 6.30 174.0 17.0 192.6 2.80 41.20 14.0
39406 1627986423 0 7 $GNGGA,102702.000,4423.96463,N,00854.48716,E,1,10,1.0,-0.5,M,44.7,M,,*61
39407 1627986424 0 7 $GNGGA,102703.000,4423.96430,N,00854.48768,E,1,10,1.0,-0.4,M,44.7,M,,*6E
39408 1627986425 0 7 $GNGGA,102704.000,4423.96423,N,00854.48833,E,1,10,1.0,-0.3,M,44.7,M,,*6D
39409 1627986425 0 3 2.54 0.00
39410 1627986425 0 4 2.52 1.44
39411 1627986425 0 5 0.02
39412 1627986425 0 6 0.05
39413 1627986425 0 1 2.398
39414 1627986426 0 8 4.98 12.35 11.89
39415 1627986426 0 0 26.22 8.27 165.2 61.38 101.6 6.30 174.2 17.0 192.9 2.82 41.23 14.0
39416 1627986426 0 7 $GNGGA,102705.000,4423.96409,N,00854.48897,E,1,10,1.0,-0.1,M,44.7,M,,*68
39417 1627986427 0 7 $GNGGA,102706.000,4423.96392,N,00854.48965,E,1,10,1.0,0.2,M,44.7,M,,*4C
39418 1627986428 0 7 $GNGGA,102707.000,4423.96365,N,00854.49035,E,1,10,1.0,0.6,M,44.7,M,,*4C
39419 1627986428 0 3 2.54 0.00
39420 1627986428 0 4 2.52 1.44
39421 1627986428 0 5 0.03
39422 1627986428 0 6 0.05
39423 1627986428 0 8 4.98 12.34 11.89
39424 1627986429 0 1 2.349
39425 1627986429 0 0 26.22 8.27 165.2 61.35 101.6 6.30 174.2 17.0 192.8 2.79 41.20 14.0
39426 1627986429 0 7 $GNGGA,102708.000,4423.96336,N,00854.49092,E,1,10,1.0,0.9,M,44.7,M,,*47
39427 1627986430 0 7 $GNGGA,102709.000,4423.96315,N,00854.49149,E,1,10,1.0,1.2,M,44.7,M,,*4A
39428 1627986431 0 7 $GNGGA,102710.000,4423.96292,N,00854.49200,E,1,10,1.0,1.3,M,44.7,M,,*43
39429 1627986431 0 3 2.54 0.00
39430 1627986431 0 4 2.52 1.44
39431 1627986431 0 5 0.02
39432 1627986431 0 6 0.05
39433 1627986431 0 1 2.510
39434 1627986432 0 8 4.98 12.37 11.89
39435 1627986432 0 0 26.21 8.27 165.2 61.33 101.6 6.30 174.3 17.0 193.2 2.71 41.18 14.0
39436 1627986432 0 7 $GNGGA,102711.000,4423.96271,N,00854.49270,E,1,10,1.0,1.1,M,44.7,M,,*4A
39437 1627986433 0 7 $GNGGA,102712.000,4423.96252,N,00854.49348,E,1,10,1.0,1.0,M,44.7,M,,*43
39438 1627986434 0 7 $GNGGA,102713.000,4423.96232,N,00854.49431,E,1,10,1.0,0.7,M,44.7,M,,*4B
39439 1627986434 0 3 2.54 0.00
39440 1627986434 0 4 2.52 1.44
39441 1627986434 0 5 0.02
39442 1627986434 0 6 0.05
39443 1627986434 0 8 4.98 12.33 11.89
39444 1627986435 0 1 2.198
39445 1627986435 0 0 26.21 8.27 165.2 61.33 101.6 6.30 174.2 17.0 192.9 2.65 41.18 14.0
39446 1627986435 0 7 $GNGGA,102714.000,4423.96230,N,00854.49530,E,1,10,1.0,0.2,M,44.7,M,,*4B
39447 1627986436 0 7 $GNGGA,102715.000,4423.96202,N,00854.49615,E,1,10,1.0,0.3,M,44.7,M,,*4E
39448 1627986437 0 7 $GNGGA,102716.000,4423.96170,N,00854.49696,E,1,10,1.0,0.1,M,44.7,M,,*42
39449 1627986437 0 3 2.54 0.00
39450 1627986437 0 4 2.52 1.44
39451 1627986437 0 5 0.02
39452 1627986437 0 6 0.05
39453 1627986437 0 1 2.729
39454 1627986438 0 8 4.98 12.37 11.89
39455 1627986438 0 0 26.22 8.27 165.2 61.32 101.6 6.30 174.1 17.0 192.8 2.64 41.18 14.0
39456 1627986438 0 7 $GNGGA,102717.000,4423.96159,N,00854.49782,E,1,10,1.0,0.0,M,44.7,M,,*4D
39457 1627986439 0 7 $GNGGA,102718.000,4423.96157,N,00854.49885,E,1,10,1.0,-0.2,M,44.7,M,,*6B
39458 1627986440 0 7 $GNGGA,102719.000,4423.96153,N,00854.49990,E,1,10,1.0,-0.4,M,44.7,M,,*6D
39459 1627986440 0 3 2.54 0.00
39460 1627986440 0 4 2.52 1.44
39461 1627986440 0 5 0.02
39462 1627986440 0 6 0.08
39463 1627986440 0 1 2.053
39464 1627986441 0 8 4.98 12.34 11.89
39465 1627986441 0 0 26.22 8.27 165.2 61.34 101.6 6.30 174.1 17.0 193.0 2.55 41.20 14.0
39466 1627986441 0 7 $GNGGA,102720.000,4423.96144,N,00854.50098,E,1,10,1.0,-0.8,M,44.7,M,,*64
39467 1627986442 0 7 $GNGGA,102721.000,4423.96141,N,00854.50195,E,1,10,1.0,-1.6,M,44.7,M,,*63
39468 1627986443 0 7 $GNGGA,102722.000,4423.96135,N,00854.50272,E,1,10,1.0,-2.1,M,44.7,M,,*6D
39469 1627986443 0 3 2.54 0.00
39470 1627986443 0 4 2.52 1.44
39471 1627986443 0 5 0.02
39472 1627986443 0 6 0.05
39473 1627986443 0 8 4.98 12.34 11.89
39474 1627986444 0 1 1.962
39475 1627986444 0 0 26.22 8.27 165.2 61.34 101.6 6.30 174.3 17.0 193.3 2.45 41.19 14.0
39476 1627986444 0 7 $GNGGA,102723.000,4423.96122,N,00854.50349,E,1,10,1.0,-2.7,M,44.7,M,,*65
39477 1627986445 0 7 $GNGGA,102724.000,4423.96099,N,00854.50408,E,1,10,1.0,-3.0,M,44.7,M,,*67
39478 1627986446 0 7 $GNGGA,102725.000,4423.96069,N,00854.50469,E,1,10,1.0,-3.2,M,44.7,M,,*6C
39479 1627986446 0 3 2.54 0.00
39480 1627986446 0 4 2.52 1.44
39481 1627986446 0 5 0.02
39482 1627986446 0 6 0.05
39483 1627986446 0 1 1.972
39484 1627986447 0 8 4.98 12.35 11.87
39485 1627986447 0 0 26.22 8.27 165.2 61.35 101.6 6.30 174.2 17.0 193.1 2.41 41.20 14.0
39486 1627986447 0 7 $GNGGA,102726.000,4423.96040,N,00854.50531,E,1,10,1.0,-3.8,M,44.7,M,,*62
39487 1627986448 0 7 $GNGGA,102727.000,4423.96009,N,00854.50600,E,1,10,1.0,-4.1,M,44.7,M,,*61
39488 1627986449 0 7 $GNGGA,102728.000,4423.95972,N,00854.50684,E,1,10,1.0,-4.1,M,44.7,M,,*64
39489 1627986449 0 3 2.54 0.00
39490 1627986449 0 4 2.52 1.44
39491 1627986449 0 5 0.03
39492 1627986449 0 6 0.05
39493 1627986449 0 8 4.98 12.33 11.89
39494 1627986450 0 1 1.847
39495 1627986450 0 0 26.22 8.27 165.2 61.34 101.6 6.30 174.2 17.0 193.3 2.37 41.19 14.0
39496 1627986450 0 7 $GNGGA,102729.000,4423.95935,N,00854.50781,E,1,10,1.0,-3.9,M,44.7,M,,*6D
39497 1627986450 0 2 0.03780000 3.49410009 1.28170001 0.02690000 2.76430010 0.00390000 0.05250000 0.16729999 1.00000000 88.61100006
39498 1627986451 0 7 $GNGGA,102730.000,4423.95897,N,00854.50883,E,1,10,1.0,-3.7,M,44.7,M,,*6F
39499 1627986452 0 7 $GNGGA,102731.000,4423.95853,N,00854.50982,E,1,10,1.0,-3.5,M,44.7,M,,*64
39500 1627986452 0 3 2.54 0.00
39501 1627986452 0 4 2.52 1.44
39502 1627986452 0 5 0.03
39503 1627986452 0 6 0.05
39504 1627986452 0 1 1.744
39505 1627986453 0 8 4.98 12.36 11.89
39506 1627986453 0 0 26.22 8.27 165.2 61.34 101.5 6.30 174.3 17.0 193.0 2.32 41.20 13.9
39507 1627986453 0 7 $GNGGA,102732.000,4423.95795,N,00854.51078,E,1,10,1.0,-3.4,M,44.7,M,,*6E
39508 1627986454 0 7 $GNGGA,102733.000,4423.95744,N,00854.51180,E,1,10,1.0,-3.2,M,44.7,M,,*63
39509 1627986455 0 7 $GNGGA,102734.000,4423.95690,N,00854.51279,E,1,10,1.0,-3.0,M,44.7,M,,*6B
39510 1627986455 0 3 2.54 0.00
39511 1627986455 0 4 2.52 1.44
39512 1627986455 0 5 0.03
39513 1627986455 0 6 0.05
39514 1627986455 0 8 4.98 12.34 11.89
39515 1627986456 0 1 1.884
39516 1627986456 0 0 26.21 8.27 165.2 61.36 101.5 6.30 174.4 17.0 192.9 2.32 41.21 14.0
39517 1627986456 0 7 $GNGGA,102735.000,4423.95658,N,00854.51373,E,1,10,1.0,-2.9,M,44.7,M,,*6D
39518 1627986457 0 7 $GNGGA,102736.000,4423.95661,N,00854.51462,E,1,10,1.0,-2.6,M,44.7,M,,*6C
39519 1627986458 0 7 $GNGGA,102737.000,4423.95663,N,00854.51555,E,1,10,1.0,-2.1,M,44.7,M,,*6D
39520 1627986458 0 3 2.54 0.00
39521 1627986458 0 4 2.52 1.44
39522 1627986458 0 5 0.02
39523 1627986458 0 6 0.05
39524 1627986458 0 1 1.999
39525 1627986459 0 8 4.98 12.36 11.89
39526 1627986459 0 0 26.21 8.27 165.3 61.26 101.6 6.30 174.4 17.0 193.1 2.27 41.14 14.0
39527 1627986459 0 7 $GNGGA,102738.000,4423.95663,N,00854.51660,E,1,10,1.0,-1.6,M,44.7,M,,*63
39528 1627986460 0 7 $GNGGA,102739.000,4423.95654,N,00854.51760,E,1,10,1.0,-1.2,M,44.7,M,,*63
39529 1627986461 0 7 $GNGGA,102740.000,4423.95635,N,00854.51860,E,1,10,1.0,-0.5,M,44.7,M,,*63
39530 1627986461 0 3 2.54 0.00
39531 1627986461 0 4 2.52 1.44
39532 1627986461 0 5 0.02
39533 1627986462 0 6 0.06
39534 1627986462 0 8 4.98 12.33 11.89
39535 1627986462 0 1 1.891
39536 1627986462 0 0 26.21 8.27 165.2 61.32 101.5 6.30 174.4 17.0 192.9 2.23 41.18 14.0
39537 1627986462 0 7 $GNGGA,102741.000,4423.95603,N,00854.51962,E,1,10,1.0,0.0,M,44.7,M,,*4C
39538 1627986463 0 7 $GNGGA,102742.000,4423.95575,N,00854.52061,E,1,10,1.0,0.5,M,44.7,M,,*41
39539 1627986464 0 7 $GNGGA,102743.000,4423.95554,N,00854.52155,E,1,10,1.0,0.6,M,44.7,M,,*46
39540 1627986464 0 3 2.54 0.00
39541 1627986464 0 4 2.52 1.44
39542 1627986464 0 5 0.02
39543 1627986464 0 6 0.07
39544 1627986464 0 1 2.460
39545 1627986465 0 8 4.98 12.38 11.89
39546 1627986465 0 0 26.22 8.27 165.2 61.36 101.6 6.30 174.5 17.0 193.0 2.21 41.21 14.0
39547 1627986465 0 7 $GNGGA,102744.000,4423.95526,N,00854.52248,E,1,10,1.0,0.8,M,44.7,M,,*45
39548 1627986466 0 7 $GNGGA,102745.000,4423.95497,N,00854.52347,E,1,10,1.0,1.6,M,44.7,M,,*4E
39549 1627986467 0 7 $GNGGA,102746.000,4423.95475,N,00854.52450,E,1,10,1.0,2.8,M,44.7,M,,*4D
39550 1627986467 0 3 2.54 0.00
39551 1627986467 0 4 2.52 1.45
39552 1627986468 0 5 0.02
39553 1627986468 0 6 0.06
39554 1627986468 0 1 1.791
39555 1627986468 0 8 4.98 12.33 11.89
39556 1627986468 0 0 26.21 8.27 165.2 61.31 101.5 6.30 174.4 17.0 193.1 2.10 41.17 14.0
39557 1627986468 0 7 $GNGGA,102747.000,4423.95464,N,00854.52562,E,1,10,1.0,3.8,M,44.7,M,,*4D
39558 1627986469 0 7 $GNGGA,102748.000,4423.95443,N,00854.52677,E,1,10,1.0,5.0,M,44.7,M,,*4E
39559 1627986470 0 7 $GNGGA,102749.000,4423.95424,N,00854.52794,E,1,10,1.0,6.0,M,44.7,M,,*41
39560 1627986470 0 3 2.54 0.00
39561 1627986470 0 4 2.52 1.44
39562 1627986470 0 5 0.02
39563 1627986470 0 6 0.06
39564 1627986471 0 8 4.98 12.34 11.89
39565 1627986471 0 1 1.674
39566 1627986471 0 0 26.22 8.27 165.2 61.26 101.6 6.30 174.5 16.9 193.0 1.94 41.13 14.0
39567 1627986471 0 7 $GNGGA,102750.000,4423.95400,N,00854.52900,E,1,10,1.0,6.9,M,44.7,M,,*45
39568 1627986472 0 7 $GNGGA,102751.000,4423.95370,N,00854.52991,E,1,10,1.0,7.4,M,44.7,M,,*40
39569 1627986473 0 7 $GNGGA,102752.000,4423.95344,N,00854.53073,E,1,10,1.0,7.5,M,44.7,M,,*41
39570 1627986473 0 3 2.54 0.00
39571 1627986473 0 4 2.52 1.44
39572 1627986473 0 5 0.02
39573 1627986474 0 6 0.06
39574 1627986474 0 1 1.683
39575 1627986474 0 8 4.98 12.33 11.89
39576 1627986474 0 0 26.22 8.27 165.2 61.31 101.5 6.30 174.7 16.9 192.8 1.83 41.17 14.0
39577 1627986474 0 7 $GNGGA,102753.000,4423.95342,N,00854.53158,E,1,10,1.0,7.4,M,44.7,M,,*4F
39578 1627986475 0 7 $GNGGA,102754.000,4423.95343,N,00854.53243,E,1,10,1.0,7.3,M,44.7,M,,*47
39579 1627986476 0 7 $GNGGA,102755.000,4423.95336,N,00854.53335,E,1,10,1.0,7.3,M,44.7,M,,*44
39580 1627986476 0 3 2.54 0.00
39581 1627986476 0 4 2.52 1.44
39582 1627986476 0 5 0.02
39583 1627986476 0 6 0.06
39584 1627986477 0 8 4.98 12.33 11.89
39585 1627986477 0 1 1.853
39586 1627986477 0 0 26.21 8.27 165.2 61.32 101.5 6.30 174.6 16.9 192.9 1.83 41.18 14.0
39587 1627986477 0 7 $GNGGA,102756.000,4423.95323,N,00854.53428,E,1,10,1.0,7.6,M,44.7,M,,*4D
39588 1627986478 0 7 $GNGGA,102757.000,4423.95301,N,00854.53520,E,1,10,1.0,8.1,M,44.7,M,,*4D
39589 1627986479 0 7 $GNGGA,102758.000,4423.95285,N,00854.53618,E,1,10,1.0,8.3,M,44.7,M,,*45
39590 1627986479 0 3 2.54 0.00
39591 1627986479 0 4 2.52 1.44
39592 1627986479 0 5 0.02
39593 1627986480 0 6 0.06
39594 1627986480 0 1 1.660
39595 1627986480 0 8 4.98 12.36 11.89
39596 1627986480 0 0 26.22 8.27 165.2 61.33 101.5 6.30 174.3 16.9 192.3 1.80 41.19 13.9
39597 1627986480 0 7 $GNGGA,102759.000,4423.95260,N,00854.53719,E,1,10,1.0,8.4,M,44.7,M,,*48
39598 1627986481 0 7 $GNGGA,102800.000,4423.95222,N,00854.53820,E,1,10,1.0,8.4,M,44.7,M,,*48
39599 1627986482 0 7 $GNGGA,102801.000,4423.95189,N,00854.53929,E,1,10,1.0,8.2,M,44.7,M,,*45
39600 1627986482 0 3 2.54 0.00
39601 1627986482 0 4 2.52 1.44
39602 1627986482 0 5 0.02
39603 1627986482 0 6 0.06
39604 1627986482 0 8 4.98 12.34 11.89
39605 1627986483 0 1 1.871
39606 1627986483 0 0 26.21 8.27 165.2 61.36 101.5 6.30 174.5 16.9 192.4 1.72 41.21 14.0
39607 1627986483 0 7 $GNGGA,102802.000,4423.95156,N,00854.54037,E,1,10,1.0,7.8,M,44.7,M,,*40
39608 1627986484 0 7 $GNGGA,102803.000,4423.95120,N,00854.54138,E,1,10,1.0,7.7,M,44.7,M,,*41
39609 1627986485 0 7 $GNGGA,102804.000,4423.95080,N,00854.54246,E,1,10,1.0,7.5,M,44.7,M,,*45
39610 1627986485 0 3 2.54 0.00
39611 1627986485 0 4 2.52 1.44
39612 1627986485 0 5 0.02
39613 1627986486 0 6 0.07
39614 1627986486 0 1 1.938
39615 1627986486 0 8 4.98 12.37 11.89
39616 1627986486 0 0 26.22 8.27 165.2 61.33 101.4 6.29 174.5 17.0 191.8 1.64 41.19 14.0
39617 1627986486 0 7 $GNGGA,102805.000,4423.95045,N,00854.54348,E,1,10,1.0,7.3,M,44.7,M,,*44
39618 1627986487 0 7 $GNGGA,102806.000,4423.95012,N,00854.54447,E,1,10,1.0,7.0,M,44.7,M,,*4E
39619 1627986488 0 7 $GNGGA,102807.000,4423.94981,N,00854.54551,E,1,10,1.0,6.7,M,44.7,M,,*4D
39620 1627986488 0 3 2.54 0.00
39621 1627986488 0 4 2.52 1.44
39622 1627986488 0 5 0.02
39623 1627986488 0 6 0.07
39624 1627986489 0 8 4.98 12.34 11.89
39625 1627986489 0 1 1.797
39626 1627986489 0 0 26.21 8.27 165.1 61.28 101.4 6.29 174.5 16.9 191.1 1.68 41.15 14.0
39627 1627986489 0 7 $GNGGA,102808.000,4423.94954,N,00854.54644,E,1,10,1.0,6.2,M,44.7,M,,*48
39628 1627986490 0 7 $GNGGA,102809.000,4423.94947,N,00854.54730,E,1,10,1.0,6.0,M,44.7,M,,*4B
39629 1627986491 0 7 $GNGGA,102810.000,4423.94934,N,00854.54822,E,1,10,1.0,5.8,M,44.7,M,,*40
39630 1627986491 0 3 2.54 0.00
39631 1627986491 0 4 2.52 1.44
39632 1627986491 0 5 0.02
39633 1627986492 0 6 0.06
39634 1627986492 0 1 2.519
39635 1627986492 0 8 4.98 12.37 11.89
39636 1627986492 0 0 26.22 8.27 165.1 61.32 101.3 6.29 174.2 17.0 190.3 1.70 41.18 14.0
39637 1627986492 0 7 $GNGGA,102811.000,4423.94910,N,00854.54920,E,1,10,1.0,5.7,M,44.7,M,,*4B
39638 1627986493 0 7 $GNGGA,102812.000,4423.94896,N,00854.55027,E,1,10,1.0,5.6,M,44.7,M,,*49
39639 1627986494 0 7 $GNGGA,102813.000,4423.94893,N,00854.55125,E,1,10,1.0,5.9,M,44.7,M,,*41
39640 1627986494 0 3 2.54 0.00
39641 1627986494 0 4 2.52 1.45
39642 1627986494 0 5 0.02
39643 1627986494 0 6 0.06
39644 1627986495 0 1 1.895
39645 1627986495 0 8 4.98 12.34 11.89
39646 1627986495 0 0 26.23 8.27 165.0 61.38 101.4 6.29 174.1 17.0 190.0 1.67 41.23 14.0
39647 1627986495 0 7 $GNGGA,102814.000,4423.94900,N,00854.55206,E,1,10,1.0,6.3,M,44.7,M,,*46
39648 1627986496 0 7 $GNGGA,102815.000,4423.94911,N,00854.55281,E,1,10,1.0,6.9,M,44.7,M,,*42
39649 1627986497 0 7 $GNGGA,102816.000,4423.94914,N,00854.55357,E,1,10,1.0,7.8,M,44.7,M,,*4E
39650 1627986497 0 3 2.54 0.00
39651 1627986497 0 4 2.52 1.45
39652 1627986497 0 5 0.02
39653 1627986498 0 6 0.07
39654 1627986498 0 8 4.98 12.34 11.89
39655 1627986498 0 1 1.597
39656 1627986498 0 0 26.23 8.27 165.0 61.33 101.4 6.29 174.0 17.0 189.8 1.65 41.19 14.0
39657 1627986498 0 7 $GNGGA,102817.000,4423.94912,N,00854.55432,E,1,10,1.0,8.5,M,44.7,M,,*4F
39658 1627986499 0 7 $GNGGA,102818.000,4423.94899,N,00854.55506,E,1,10,1.0,9.3,M,44.7,M,,*43
39659 1627986500 0 7 $GNGGA,102819.000,4423.94884,N,00854.55582,E,1,10,1.0,10.0,M,44.7,M,,*79
39660 1627986500 0 3 2.54 0.00
39661 1627986500 0 4 2.52 1.45
39662 1627986500 0 5 0.02
39663 1627986500 0 6 0.07
39664 1627986501 0 1 1.713
39665 1627986501 0 8 4.98 12.34 11.89
39666 1627986501 0 0 26.23 8.27 165.0 61.35 101.4 6.29 174.0 17.0 189.8 1.65 41.20 14.0
39667 1627986501 0 7 $GNGGA,102820.000,4423.94853,N,00854.55659,E,1,10,1.0,10.4,M,44.7,M,,*78
39668 1627986502 0 7 $GNGGA,102821.000,4423.94813,N,00854.55762,E,1,10,1.0,11.0,M,44.7,M,,*71
39669 1627986503 0 7 $GNGGA,102822.000,4423.94765,N,00854.55870,E,1,10,1.0,11.5,M,44.7,M,,*75
39670 1627986503 0 3 2.54 0.00
39671 1627986503 0 4 2.52 1.45
39672 1627986503 0 5 0.02
39673 1627986503 0 6 0.06
39674 1627986503 0 8 4.98 12.33 11.89
39675 1627986504 0 1 1.857
39676 1627986504 0 0 26.23 8.27 165.0 61.32 101.4 6.29 174.2 17.0 189.7 1.69 41.18 14.0
39677 1627986504 0 7 $GNGGA,102823.000,4423.94742,N,00854.55977,E,1,10,1.0,11.6,M,44.7,M,,*74
39678 1627986505 0 7 $GNGGA,102824.000,4423.94725,N,00854.56075,E,1,10,1.0,11.7,M,44.7,M,,*7B
39679 1627986506 0 7 $GNGGA,102825.000,4423.94701,N,00854.56161,E,1,10,1.0,11.4,M,44.7,M,,*7B
39680 1627986506 0 3 2.54 0.00
39681 1627986506 0 4 2.52 1.45
39682 1627986506 0 5 0.02
39683 1627986506 0 6 0.07
39684 1627986506 0 1 1.713
39685 1627986507 0 8 4.98 12.37 11.89
39686 1627986507 0 0 26.23 8.27 164.9 61.22 101.3 6.29 174.0 17.0 189.7 1.64 41.11 14.0
39687 1627986507 0 7 $GNGGA,102826.000,4423.94672,N,00854.56262,E,1,10,1.0,11.7,M,44.7,M,,*7E
39688 1627986508 0 7 $GNGGA,102827.000,4423.94634,N,00854.56358,E,1,10,1.0,12.1,M,44.7,M,,*70
39689 1627986509 0 7 $GNGGA,102828.000,4423.94597,N,00854.56465,E,1,10,1.0,12.3,M,44.7,M,,*7E
39690 1627986509 0 3 2.54 0.00
39691 1627986509 0 4 2.52 1.45
39692 1627986509 0 5 0.02
39693 1627986509 0 6 0.07
39694 1627986510 0 8 4.98 12.34 11.89
39695 1627986510 0 1 1.796
39696 1627986510 0 0 26.24 8.27 165.0 61.27 101.4 6.29 173.9 17.0 189.4 1.62 41.14 14.0
39697 1627986510 0 7 $GNGGA,102829.000,4423.94561,N,00854.56570,E,1,10,1.0,12.5,M,44.7,M,,*75
39698 1627986511 0 7 $GNGGA,102830.000,4423.94540,N,00854.56664,E,1,10,1.0,12.9,M,44.7,M,,*74
39699 1627986512 0 7 $GNGGA,102831.000,4423.94548,N,00854.56774,E,1,10,1.0,13.1,M,44.7,M,,*74
39700 1627986512 0 3 2.54 0.00
39701 1627986512 0 4 2.52 1.45
39702 1627986512 0 5 0.02
39703 1627986512 0 6 0.08
39704 1627986512 0 1 2.094
39705 1627986513 0 8 4.98 12.21 11.89
39706 1627986513 0 0 26.23 8.27 165.0 61.24 101.4 6.29 173.8 17.0 189.2 1.59 41.12 14.0
39707 1627986513 0 7 $GNGGA,102832.000,4423.94555,N,00854.56885,E,1,10,1.0,13.4,M,44.7,M,,*7F
39708 1627986514 0 7 $GNGGA,102833.000,4423.94554,N,00854.56985,E,1,10,1.0,13.7,M,44.7,M,,*7D
39709 1627986515 0 7 $GNGGA,102834.000,4423.94546,N,00854.57080,E,1,10,1.0,14.2,M,44.7,M,,*76
39710 1627986515 0 3 2.54 0.00
39711 1627986515 0 4 2.52 1.45
39712 1627986515 0 5 0.02
39713 1627986515 0 6 0.07
39714 1627986515 0 8 4.98 12.34 11.89
39715 1627986516 0 1 1.873
39716 1627986516 0 0 26.23 8.27 164.9 61.32 101.4 6.29 174.1 17.0 189.3 1.63 41.18 14.0
39717 1627986516 0 7 $GNGGA,102835.000,4423.94515,N,00854.57170,E,1,10,1.0,14.5,M,44.7,M,,*78
39718 1627986517 0 7 $GNGGA,102836.000,4423.94485,N,00854.57259,E,1,10,1.0,14.3,M,44.7,M,,*7D
39719 1627986518 0 7 $GNGGA,102837.000,4423.94448,N,00854.57360,E,1,10,1.0,14.1,M,44.7,M,,*74
39720 1627986518 0 3 2.54 0.00
39721 1627986518 0 4 2.52 1.45
39722 1627986518 0 5 0.02
39723 1627986518 0 6 0.06
39724 1627986518 0 1 2.655
39725 1627986519 0 8 4.98 12.37 11.87
39726 1627986519 0 0 26.23 8.27 164.9 61.30 101.4 6.29 174.0 17.0 189.2 1.65 41.17 14.0
39727 1627986519 0 7 $GNGGA,102838.000,4423.94416,N,00854.57474,E,1,10,1.0,14.0,M,44.7,M,,*73
39728 1627986520 0 7 $GNGGA,102839.000,4423.94389,N,00854.57592,E,1,10,1.0,14.0,M,44.7,M,,*7A
39729 1627986521 0 7 $GNGGA,102840.000,4423.94365,N,00854.57688,E,1,10,1.0,13.7,M,44.7,M,,*7E
39730 1627986521 0 3 2.54 0.00
39731 1627986521 0 4 2.52 1.45
39732 1627986521 0 5 0.02
39733 1627986521 0 6 0.07
39734 1627986521 0 1 1.693
39735 1627986522 0 8 4.98 12.18 11.89
39736 1627986522 0 0 26.24 8.27 165.0 61.28 101.4 6.29 173.9 17.0 188.8 1.65 41.15 14.0
39737 1627986522 0 7 $GNGGA,102841.000,4423.94340,N,00854.57791,E,1,10,1.0,13.5,M,44.7,M,,*73
39738 1627986523 0 7 $GNGGA,102842.000,4423.94314,N,00854.57873,E,1,10,1.0,13.2,M,44.7,M,,*75
39739 1627986524 0 7 $GNGGA,102843.000,4423.94300,N,00854.57976,E,1,10,1.0,13.2,M,44.7,M,,*75
39740 1627986524 0 3 2.54 0.00
39741 1627986524 0 4 2.52 1.45
39742 1627986524 0 5 0.02
39743 1627986524 0 6 0.09
39744 1627986524 0 8 4.98 12.33 11.89
39745 1627986524 0 1 1.755
39746 1627986525 0 0 26.24 8.27 164.9 61.23 101.4 6.29 173.9 17.0 188.6 1.67 41.11 14.0
39747 1627986525 0 7 $GNGGA,102844.000,4423.94300,N,00854.58091,E,1,10,1.0,13.0,M,44.7,M,,*7F
39748 1627986526 0 7 $GNGGA,102845.000,4423.94295,N,00854.58202,E,1,10,1.0,13.0,M,44.7,M,,*7B
39749 1627986527 0 7 $GNGGA,102846.000,4423.94284,N,00854.58306,E,1,10,1.0,13.5,M,44.7,M,,*78
39750 1627986527 0 3 2.54 0.00
39751 1627986527 0 4 2.52 1.45
39752 1627986527 0 5 0.02
39753 1627986527 0 6 0.07
39754 1627986528 0 1 1.646
39755 1627986528 0 8 4.98 12.19 11.89
39756 1627986528 0 0 26.25 8.27 164.9 61.28 101.4 6.29 173.7 17.0 188.4 1.63 41.15 14.0
39757 1627986528 0 7 $GNGGA,102847.000,4423.94272,N,00854.58401,E,1,10,1.0,13.9,M,44.7,M,,*7C
39758 1627986529 0 7 $GNGGA,102848.000,4423.94250,N,00854.58505,E,1,10,1.0,14.0,M,44.7,M,,*78
39759 1627986530 0 7 $GNGGA,102849.000,4423.94229,N,00854.58616,E,1,10,1.0,13.9,M,44.7,M,,*78
39760 1627986530 0 3 2.54 0.00
39761 1627986530 0 4 2.52 1.45
39762 1627986530 0 5 0.02
39763 1627986530 0 6 0.06
39764 1627986530 0 8 4.98 12.34 11.89
39765 1627986531 0 1 1.702
39766 1627986531 0 0 26.24 8.27 164.9 61.38 101.4 6.29 173.9 17.0 188.3 1.61 41.23 14.0
39767 1627986531 0 7 $GNGGA,102850.000,4423.94209,N,00854.58710,E,1,10,1.0,13.7,M,44.7,M,,*7B
39768 1627986532 0 7 $GNGGA,102851.000,4423.94188,N,00854.58796,E,1,10,1.0,13.3,M,44.7,M,,*7A
39769 1627986533 0 7 $GNGGA,102852.000,4423.94171,N,00854.58872,E,1,10,1.0,12.9,M,44.7,M,,*71
39770 1627986533 0 3 2.54 0.00
39771 1627986533 0 4 2.52 1.45
39772 1627986533 0 5 0.02
39773 1627986533 0 6 0.07
39774 1627986533 0 1 1.789
39775 1627986534 0 8 4.98 12.36 11.89
39776 1627986534 0 0 26.24 8.27 164.8 61.30 101.5 6.30 173.9 17.0 188.6 1.60 41.16 14.0
39777 1627986534 0 7 $GNGGA,102853.000,4423.94148,N,00854.58959,E,1,10,1.0,12.2,M,44.7,M,,*79
39778 1627986535 0 7 $GNGGA,102854.000,4423.94108,N,00854.59065,E,1,10,1.0,11.8,M,44.7,M,,*74
39779 1627986536 0 7 $GNGGA,102855.000,4423.94070,N,00854.59186,E,1,10,1.0,12.3,M,44.7,M,,*7F
39780 1627986536 0 3 2.54 0.00
39781 1627986536 0 4 2.52 1.45
39782 1627986536 0 5 0.02
39783 1627986536 0 6 0.07
39784 1627986536 0 8 4.98 12.34 11.91
39785 1627986536 0 1 1.742
39786 1627986537 0 0 26.23 8.27 164.9 61.32 101.5 6.30 173.9 17.0 188.0 1.59 41.18 14.0
39787 1627986537 0 7 $GNGGA,102856.000,4423.94068,N,00854.59290,E,1,10,1.0,11.9,M,44.7,M,,*78
39788 1627986538 0 7 $GNGGA,102857.000,4423.94041,N,00854.59385,E,1,10,1.0,11.6,M,44.7,M,,*78
39789 1627986539 0 7 $GNGGA,102858.000,4423.94007,N,00854.59459,E,1,10,1.0,11.3,M,44.7,M,,*76
39790 1627986539 0 3 2.54 0.00
39791 1627986539 0 4 2.52 1.45
39792 1627986539 0 5 0.02
39793 1627986539 0 6 0.07
39794 1627986539 0 1 1.851
39795 1627986540 0 8 4.98 12.38 11.89
39796 1627986540 0 0 26.24 8.27 164.9 61.27 101.5 6.30 173.8 17.0 187.7 1.66 41.14 14.0
39797 1627986540 0 7 $GNGGA,102859.000,4423.93992,N,00854.59545,E,1,10,1.0,11.0,M,44.7,M,,*7A
39798 1627986541 0 7 $GNGGA,102900.000,4423.93976,N,00854.59647,E,1,10,1.0,11.0,M,44.7,M,,*7C
39799 1627986542 0 7 $GNGGA,102901.000,4423.93967,N,00854.59746,E,1,11,1.0,11.2,M,44.7,M,,*7E
39800 1627986542 0 3 2.54 0.00
39801 1627986542 0 4 2.52 1.45
39802 1627986542 0 5 0.02
39803 1627986542 0 6 0.08
39804 1627986542 0 8 4.98 12.33 11.89
39805 1627986542 0 1 1.863
39806 1627986543 0 0 26.24 8.27 164.8 61.30 101.6 6.30 173.6 17.0 187.8 1.69 41.16 14.0
39807 1627986543 0 7 $GNGGA,102902.000,4423.93961,N,00854.59843,E,1,11,1.0,11.0,M,44.7,M,,*73
39808 1627986544 0 7 $GNGGA,102903.000,4423.93946,N,00854.59929,E,1,11,1.0,10.8,M,44.7,M,,*73
39809 1627986545 0 7 $GNGGA,102904.000,4423.93923,N,00854.60026,E,1,11,1.0,10.6,M,44.7,M,,*75
39810 1627986545 0 3 2.54 0.00
39811 1627986545 0 4 2.52 1.45
39812 1627986545 0 5 0.02
39813 1627986545 0 6 0.06
39814 1627986545 0 1 2.669
39815 1627986546 0 8 4.98 12.36 11.89
39816 1627986546 0 0 26.23 8.27 164.9 61.42 101.6 6.30 173.9 17.0 187.9 1.73 41.25 14.0
39817 1627986546 0 7 $GNGGA,102905.000,4423.93893,N,00854.60123,E,1,11,1.0,10.6,M,44.7,M,,*7A
39818 1627986547 0 7 $GNGGA,102906.000,4423.93887,N,00854.60223,E,1,11,1.0,10.3,M,44.7,M,,*7A
39819 1627986548 0 7 $GNGGA,102907.000,4423.93859,N,00854.60312,E,1,11,1.0,10.5,M,44.7,M,,*7D
39820 1627986548 0 3 2.54 0.00
39821 1627986548 0 4 2.52 1.45
39822 1627986548 0 5 0.02
39823 1627986548 0 6 0.07
39824 1627986548 0 1 1.838
39825 1627986549 0 8 4.98 12.34 11.89
39826 1627986549 0 0 26.23 8.27 164.8 61.36 101.6 6.30 173.6 17.0 187.8 1.74 41.21 14.0
39827 1627986549 0 7 $GNGGA,102908.000,4423.93838,N,00854.60391,E,1,11,1.0,10.6,M,44.7,M,,*7D
39828 1627986550 0 7 $GNGGA,102909.000,4423.93805,N,00854.60453,E,1,11,1.0,11.2,M,44.7,M,,*7E
39829 1627986551 0 7 $GNGGA,102910.000,4423.93778,N,00854.60517,E,1,11,1.0,11.6,M,44.7,M,,*76
39830 1627986551 0 3 2.54 0.00
39831 1627986551 0 4 2.52 1.45
39832 1627986551 0 5 0.02
39833 1627986552 0 6 0.08
39834 1627986552 0 8 4.98 12.34 11.89
39835 1627986552 0 1 1.762
39836 1627986552 0 0 26.24 8.27 164.8 61.31 101.7 6.31 173.6 17.0 187.3 1.76 41.17 14.0
39837 1627986552 0 7 $GNGGA,102911.000,4423.93741,N,00854.60595,E,1,11,1.0,12.1,M,44.7,M,,*73
39838 1627986553 0 7 $GNGGA,102912.000,4423.93711,N,00854.60681,E,1,10,1.3,12.0,M,44.7,M,,*70
39839 1627986554 0 7 $GNGGA,102913.000,4423.93691,N,00854.60765,E,1,10,1.3,12.3,M,44.7,M,,*70
39840 1627986554 0 3 2.54 0.00
39841 1627986554 0 4 2.52 1.45
39842 1627986554 0 5 0.02
39843 1627986554 0 6 0.07
39844 1627986555 0 1 1.745
39845 1627986555 0 8 4.98 12.34 11.89
39846 1627986555 0 0 26.24 8.27 164.8 61.26 101.7 6.31 173.5 17.0 187.3 1.79 41.13 14.0
39847 1627986555 0 7 $GNGGA,102914.000,4423.93672,N,00854.60845,E,1,10,1.3,12.4,M,44.7,M,,*70
39848 1627986556 0 7 $GNGGA,102915.000,4423.93631,N,00854.60920,E,1,10,1.3,12.3,M,44.7,M,,*73
39849 1627986557 0 7 $GNGGA,102916.000,4423.93618,N,00854.60985,E,1,10,1.3,12.0,M,44.7,M,,*77
39850 1627986557 0 3 2.54 0.00
39851 1627986557 0 4 2.52 1.44
39852 1627986557 0 5 0.02
39853 1627986557 0 6 0.05
39854 1627986557 0 8 4.98 12.33 11.89
39855 1627986558 0 1 1.901
39856 1627986558 0 0 26.23 8.27 164.8 61.25 101.7 6.31 173.8 17.0 187.2 1.75 41.12 14.0
39857 1627986558 0 7 $GNGGA,102917.000,4423.93620,N,00854.61063,E,1,10,1.3,11.8,M,44.7,M,,*76
39858 1627986559 0 7 $GNGGA,102918.000,4423.93635,N,00854.61160,E,1,10,1.3,11.0,M,44.7,M,,*77
39859 1627986560 0 7 $GNGGA,102919.000,4423.93669,N,00854.61270,E,1,10,1.3,9.5,M,44.7,M,,*41
39860 1627986560 0 3 2.54 0.00
39861 1627986560 0 4 2.52 1.44
39862 1627986560 0 5 0.02
39863 1627986560 0 6 0.05
39864 1627986560 0 1 1.852
39865 1627986561 0 8 4.98 12.37 11.89
39866 1627986561 0 0 26.23 8.27 164.7 61.35 101.7 6.31 174.0 17.0 187.6 1.67 41.20 14.0
39867 1627986561 0 7 $GNGGA,102920.000,4423.93681,N,00854.61370,E,1,10,1.3,8.8,M,44.7,M,,*40
39868 1627986562 0 7 $GNGGA,102921.000,4423.93684,N,00854.61479,E,1,10,1.3,8.1,M,44.7,M,,*43
39869 1627986563 0 7 $GNGGA,102922.000,4423.93682,N,00854.61607,E,1,10,1.3,7.4,M,44.7,M,,*47
39870 1627986563 0 3 2.54 0.00
39871 1627986563 0 4 2.52 1.45
39872 1627986563 0 5 0.02
39873 1627986563 0 6 0.06
39874 1627986563 0 8 4.98 12.34 11.89
39875 1627986564 0 1 1.711
39876 1627986564 0 0 26.24 8.27 164.8 61.32 101.7 6.31 173.8 17.1 186.9 1.64 41.17 14.0
39877 1627986564 0 7 $GNGGA,102923.000,4423.93666,N,00854.61720,E,1,10,1.3,7.0,M,44.7,M,,*4C
39878 1627986565 0 7 $GNGGA,102924.000,4423.93659,N,00854.61841,E,1,10,1.3,6.3,M,44.7,M,,*4D
39879 1627986566 0 7 $GNGGA,102925.000,4423.93656,N,00854.61976,E,1,10,1.3,5.5,M,44.7,M,,*43
39880 1627986566 0 3 2.54 0.00
39881 1627986566 0 4 2.52 1.45
39882 1627986566 0 5 0.02
39883 1627986566 0 6 0.07
39884 1627986566 0 1 1.695
39885 1627986567 0 8 4.98 12.37 11.89
39886 1627986567 0 0 26.25 8.27 164.8 61.31 101.7 6.31 173.7 17.0 187.3 1.63 41.17 14.0
39887 1627986567 0 7 $GNGGA,102926.000,4423.93657,N,00854.62112,E,1,10,1.3,4.8,M,44.7,M,,*44
39888 1627986568 0 7 $GNGGA,102927.000,4423.93655,N,00854.62240,E,1,10,1.3,4.2,M,44.7,M,,*49
39889 1627986569 0 7 $GNGGA,102928.000,4423.93655,N,00854.62340,E,1,10,1.3,3.9,M,44.7,M,,*4B
39890 1627986569 0 3 2.54 0.00
39891 1627986569 0 4 2.52 1.45
39892 1627986569 0 5 0.02
39893 1627986569 0 6 0.06
39894 1627986569 0 8 4.98 12.34 11.89
39895 1627986570 0 1 1.690
39896 1627986570 0 0 26.24 8.27 164.8 61.32 101.7 6.31 173.8 17.0 187.1 1.61 41.18 14.0
39897 1627986570 0 7 $GNGGA,102929.000,4423.93633,N,00854.62439,E,1,10,1.3,4.1,M,44.7,M,,*4C
39898 1627986570 0 2 0.03970000 3.11129999 1.33640003 0.02390000 2.69569993 0.00390000 0.05070000 0.17610000 1.00000000 88.98999786
39899 1627986571 0 7 $GNGGA,102930.000,4423.93603,N,00854.62541,E,1,10,1.3,4.7,M,44.7,M,,*4F
39900 1627986572 0 7 $GNGGA,102931.000,4423.93578,N,00854.62624,E,1,10,1.3,5.3,M,44.7,M,,*44
39901 1627986572 0 3 2.54 0.00
39902 1627986572 0 4 2.52 1.45
39903 1627986572 0 5 0.02
39904 1627986572 0 6 0.07
39905 1627986572 0 1 2.364
39906 1627986573 0 8 4.98 12.37 11.91
39907 1627986573 0 0 26.23 8.27 164.7 61.34 101.8 6.31 174.1 17.0 187.2 1.58 41.19 14.0
39908 1627986573 0 7 $GNGGA,102932.000,4423.93588,N,00854.62717,E,1,10,1.3,4.9,M,44.7,M,,*42
39909 1627986574 0 7 $GNGGA,102933.000,4423.93580,N,00854.62810,E,1,10,1.3,4.9,M,44.7,M,,*43
39910 1627986575 0 7 $GNGGA,102934.000,4423.93573,N,00854.62910,E,1,10,1.3,4.8,M,44.7,M,,*48
39911 1627986575 0 3 2.54 0.00
39912 1627986575 0 4 2.52 1.44
39913 1627986575 0 5 0.02
39914 1627986575 0 6 0.07
39915 1627986575 0 1 1.857
39916 1627986576 0 8 4.98 12.34 11.89
39917 1627986576 0 0 26.23 8.27 164.8 61.30 101.8 6.32 173.9 17.0 187.3 1.62 41.16 14.0
39918 1627986576 0 7 $GNGGA,102935.000,4423.93554,N,00854.63019,E,1,10,1.3,4.7,M,44.7,M,,*42
39919 1627986577 0 7 $GNGGA,102936.000,4423.93540,N,00854.63120,E,1,10,1.3,4.7,M,44.7,M,,*4F
39920 1627986578 0 7 $GNGGA,102937.000,4423.93520,N,00854.63211,E,1,10,1.3,5.2,M,44.7,M,,*4D
39921 1627986578 0 3 2.54 0.00
39922 1627986578 0 4 2.52 1.39
39923 1627986578 0 5 0.02
39924 1627986578 0 6 0.07
39925 1627986578 0 8 4.98 12.33 11.89
39926 1627986578 0 1 1.816
39927 1627986579 0 0 26.24 8.27 164.7 61.36 101.9 6.32 174.0 17.0 187.0 1.61 41.21 14.0
39928 1627986579 0 7 $GNGGA,102938.000,4423.93511,N,00854.63318,E,1,10,1.3,5.3,M,44.7,M,,*49
39929 1627986580 0 7 $GNGGA,102939.000,4423.93505,N,00854.63438,E,1,11,0.9,5.3,M,44.7,M,,*42
39930 1627986581 0 7 $GNGGA,102940.000,4423.93500,N,00854.63548,E,1,11,0.9,5.3,M,44.7,M,,*4F
39931 1627986581 0 3 2.54 0.00
39932 1627986581 0 4 2.52 1.40
39933 1627986581 0 5 0.02
39934 1627986581 0 6 0.08
39935 1627986581 0 1 1.698
39936 1627986582 0 8 4.98 12.33 11.89
39937 1627986582 0 0 26.25 8.27 164.8 61.38 101.9 6.32 173.8 17.0 186.3 1.63 41.23 14.0
39938 1627986582 0 7 $GNGGA,102941.000,4423.93501,N,00854.63646,E,1,11,0.9,5.4,M,44.7,M,,*45
39939 1627986583 0 7 $GNGGA,102942.000,4423.93508,N,00854.63756,E,1,11,0.9,5.4,M,44.7,M,,*4F
39940 1627986584 0 7 $GNGGA,102943.000,4423.93518,N,00854.63856,E,1,11,0.9,5.5,M,44.7,M,,*41
39941 1627986584 0 3 2.54 0.00
39942 1627986584 0 4 2.52 1.42
39943 1627986584 0 5 0.02
39944 1627986584 0 6 0.08
39945 1627986584 0 8 4.98 12.34 11.89
39946 1627986585 0 1 1.913
39947 1627986585 0 0 26.25 8.27 164.7 61.35 101.9 6.32 173.9 17.0 186.6 1.65 41.20 14.0
39948 1627986585 0 7 $GNGGA,102944.000,4423.93538,N,00854.63953,E,1,11,0.9,5.4,M,44.7,M,,*41
39949 1627986586 0 7 $GNGGA,102945.000,4423.93552,N,00854.64057,E,1,11,0.9,5.3,M,44.7,M,,*41
39950 1627986587 0 7 $GNGGA,102946.000,4423.93550,N,00854.64160,E,1,11,0.9,5.1,M,44.7,M,,*47
39951 1627986587 0 3 2.54 0.00
39952 1627986587 0 4 2.52 1.43
39953 1627986587 0 5 0.02
39954 1627986587 0 6 0.06
39955 1627986587 0 1 1.728
39956 1627986588 0 8 4.98 12.36 11.89
39957 1627986588 0 0 26.24 8.27 164.7 61.31 102.0 6.32 174.0 17.0 186.7 1.63 41.17 14.0
39958 1627986588 0 7 $GNGGA,102947.000,4423.93527,N,00854.64255,E,1,11,0.9,5.2,M,44.7,M,,*40
39959 1627986589 0 7 $GNGGA,102948.000,4423.93516,N,00854.64375,E,1,11,0.9,5.1,M,44.7,M,,*4D
39960 1627986590 0 7 $GNGGA,102949.000,4423.93527,N,00854.64502,E,1,11,0.9,4.8,M,44.7,M,,*40
39961 1627986590 0 3 2.54 0.00
39962 1627986590 0 4 2.52 1.43
39963 1627986590 0 5 0.02
39964 1627986590 0 6 0.07
39965 1627986590 0 8 4.98 12.33 11.89
39966 1627986591 0 1 1.645
39967 1627986591 0 0 26.25 8.27 164.7 61.37 102.0 6.33 174.0 17.0 186.6 1.57 41.22 14.0
39968 1627986591 0 7 $GNGGA,102950.000,4423.93528,N,00854.64605,E,1,11,0.9,4.7,M,44.7,M,,*4C
39969 1627986592 0 7 $GNGGA,102951.000,4423.93522,N,00854.64702,E,1,11,0.9,4.7,M,44.7,M,,*41
39970 1627986593 0 7 $GNGGA,102952.000,4423.93523,N,00854.64797,E,1,11,0.9,4.7,M,44.7,M,,*4F
39971 1627986593 0 3 2.54 0.00
39972 1627986593 0 4 2.52 1.43
39973 1627986593 0 5 0.02
39974 1627986593 0 6 0.07
39975 1627986594 0 1 1.702
39976 1627986594 0 8 4.98 12.37 11.89
39977 1627986594 0 0 26.25 8.27 164.7 61.32 102.0 6.33 174.0 17.0 186.9 1.55 41.18 14.0
39978 1627986594 0 7 $GNGGA,102953.000,4423.93533,N,00854.64887,E,1,11,0.9,4.8,M,44.7,M,,*4E
39979 1627986595 0 7 $GNGGA,102954.000,4423.93554,N,00854.64982,E,1,11,0.9,4.8,M,44.7,M,,*4C
39980 1627986596 0 7 $GNGGA,102955.000,4423.93592,N,00854.65075,E,1,11,0.9,5.0,M,44.7,M,,*4E
39981 1627986596 0 3 2.54 0.00
39982 1627986596 0 4 2.52 1.44
39983 1627986596 0 5 0.02
39984 1627986596 0 6 0.06
39985 1627986596 0 8 4.98 12.34 11.89
39986 1627986597 0 1 1.689
39987 1627986597 0 0 26.25 8.27 164.7 61.30 102.1 6.33 174.0 17.0 186.4 1.53 41.16 14.0
39988 1627986597 0 7 $GNGGA,102956.000,4423.93609,N,00854.65177,E,1,11,0.9,4.9,M,44.7,M,,*47
39989 1627986598 0 7 $GNGGA,102957.000,4423.93601,N,00854.65287,E,1,11,0.9,4.8,M,44.7,M,,*43
39990 1627986599 0 7 $GNGGA,102958.000,4423.93599,N,00854.65371,E,1,11,0.9,4.6,M,44.7,M,,*48
39991 1627986599 0 3 2.54 0.00
39992 1627986599 0 4 2.52 1.45
39993 1627986599 0 5 0.02
39994 1627986599 0 6 0.07
39995 1627986599 0 1 2.267
39996 1627986600 0 8 4.98 12.37 11.91
39997 1627986600 0 0 26.23 8.27 164.7 61.37 102.1 6.33 174.2 17.0 186.8 1.48 41.22 14.0
39998 1627986600 0 7 $GNGGA,102959.000,4423.93607,N,00854.65446,E,1,11,0.9,4.3,M,44.7,M,,*4B
39999 1627986601 0 7 $GNGGA,103000.000,4423.93599,N,00854.65528,E,1,10,1.3,4.0,M,44.7,M,,*4B
40000 1627986602 0 7 $GNGGA,103001.000,4423.93550,N,00854.65601,E,1,10,1.3,4.5,M,44.7,M,,*42
40001 1627986602 0 3 2.54 0.00
40002 1627986602 0 4 2.52 1.45
40003 1627986602 0 5 0.02
40004 1627986602 0 6 0.07
40005 1627986602 0 1 1.786
40006 1627986603 0 8 4.98 12.33 11.89
40007 1627986603 0 0 26.23 8.27 164.6 61.27 102.1 6.34 174.2 17.0 186.7 1.54 41.14 14.0
40008 1627986603 0 7 $GNGGA,103002.000,4423.93526,N,00854.65696,E,1,11,0.9,4.3,M,44.7,M,,*42
40009 1627986604 0 7 $GNGGA,103003.000,4423.93506,N,00854.65809,E,1,11,0.9,4.0,M,44.7,M,,*4A
40010 1627986605 0 7 $GNGGA,103004.000,4423.93512,N,00854.65927,E,1,11,0.9,3.5,M,44.7,M,,*47
40011 1627986605 0 3 2.54 0.00
40012 1627986605 0 4 2.52 1.45
40013 1627986605 0 5 0.02
40014 1627986605 0 6 0.08
40015 1627986605 0 8 4.98 12.33 11.89
40016 1627986606 0 1 1.698
40017 1627986606 0 0 26.25 8.27 164.6 61.26 102.1 6.34 174.1 17.0 186.2 1.54 41.13 14.0
40018 1627986606 0 7 $GNGGA,103005.000,4423.93523,N,00854.66037,E,1,11,0.9,3.1,M,44.7,M,,*4B
40019 1627986607 0 7 $GNGGA,103006.000,4423.93515,N,00854.66122,E,1,10,1.3,2.9,M,44.7,M,,*4B
40020 1627986608 0 7 $GNGGA,103007.000,4423.93508,N,00854.66208,E,1,10,1.3,2.5,M,44.7,M,,*41
40021 1627986608 0 3 2.54 0.00
40022 1627986608 0 4 2.52 1.45
40023 1627986608 0 5 0.02
40024 1627986608 0 6 0.08
40025 1627986608 0 1 1.691
40026 1627986609 0 8 4.98 12.34 11.89
40027 1627986609 0 0 26.24 8.27 164.6 61.30 102.2 6.34 173.9 17.0 186.6 1.48 41.17 14.0
40028 1627986609 0 7 $GNGGA,103008.000,4423.93501,N,00854.66302,E,1,11,0.9,2.4,M,44.7,M,,*47
40029 1627986610 0 7 $GNGGA,103009.000,4423.93521,N,00854.66410,E,1,11,0.9,2.3,M,44.7,M,,*47
40030 1627986611 0 7 $GNGGA,103010.000,4423.93528,N,00854.66509,E,1,11,0.9,2.9,M,44.7,M,,*45
40031 1627986611 0 3 2.54 0.00
40032 1627986611 0 4 2.52 1.45
40033 1627986611 0 5 0.02
40034 1627986611 0 6 0.10
40035 1627986612 0 8 4.98 12.34 11.89
40036 1627986612 0 1 1.696
40037 1627986612 0 0 26.25 8.27 164.6 61.18 102.2 6.34 174.1 17.0 186.5 1.50 41.07 14.0
40038 1627986612 0 7 $GNGGA,103011.000,4423.93522,N,00854.66620,E,1,11,0.9,3.2,M,44.7,M,,*4C
40039 1627986613 0 7 $GNGGA,103012.000,4423.93508,N,00854.66745,E,1,11,0.9,3.6,M,44.7,M,,*41
40040 1627986614 0 7 $GNGGA,103013.000,4423.93478,N,00854.66869,E,1,11,0.9,3.9,M,44.7,M,,*48
40041 1627986614 0 3 2.54 0.00
40042 1627986614 0 4 2.52 1.45
40043 1627986614 0 5 0.02
40044 1627986614 0 6 0.11
40045 1627986615 0 1 1.756
40046 1627986615 0 8 4.98 12.36 11.89
40047 1627986615 0 0 26.24 8.27 164.6 61.30 102.3 6.34 174.2 17.0 186.4 1.54 41.16 14.0
40048 1627986615 0 7 $GNGGA,103014.000,4423.93440,N,00854.67031,E,1,11,0.9,3.9,M,44.7,M,,*40
40049 1627986616 0 7 $GNGGA,103015.000,4423.93432,N,00854.67201,E,1,11,0.9,3.3,M,44.7,M,,*4F
40050 1627986617 0 7 $GNGGA,103016.000,4423.93420,N,00854.67321,E,1,11,0.9,3.1,M,44.7,M,,*4E
40051 1627986617 0 3 2.54 0.00
40052 1627986617 0 4 2.52 1.45
40053 1627986617 0 5 0.03
40054 1627986617 0 6 0.11
40055 1627986617 0 8 4.98 12.33 11.89
40056 1627986618 0 1 1.749
40057 1627986618 0 0 26.23 8.27 164.6 61.28 102.2 6.34 174.2 17.0 186.6 1.51 41.15 14.0
40058 1627986618 0 7 $GNGGA,103017.000,4423.93429,N,00854.67415,E,1,11,0.9,1.9,M,44.7,M,,*4C
40059 1627986619 0 7 $GNGGA,103018.000,4423.93419,N,00854.67513,E,1,11,0.9,1.0,M,44.7,M,,*4E
40060 1627986620 0 7 $GNGGA,103019.000,4423.93409,N,00854.67624,E,1,11,0.9,0.5,M,44.7,M,,*4D
40061 1627986620 0 3 2.54 0.00
40062 1627986620 0 4 2.52 1.45
40063 1627986620 0 5 0.02
40064 1627986620 0 6 0.06
40065 1627986620 0 1 1.830
40066 1627986621 0 8 4.98 12.37 11.89
40067 1627986621 0 0 26.24 8.27 164.6 61.25 102.2 6.34 174.3 17.0 186.6 1.49 41.13 14.0
40068 1627986621 0 7 $GNGGA,103020.000,4423.93384,N,00854.67751,E,1,11,0.9,0.4,M,44.7,M,,*47
40069 1627986622 0 7 $GNGGA,103021.000,4423.93350,N,00854.67873,E,1,11,0.9,0.6,M,44.7,M,,*42
40070 1627986623 0 7 $GNGGA,103022.000,4423.93329,N,00854.67987,E,1,11,0.9,0.4,M,44.7,M,,*47
40071 1627986623 0 3 2.54 0.00
40072 1627986623 0 4 2.52 1.45
40073 1627986623 0 5 0.02
40074 1627986623 0 6 0.06
40075 1627986623 0 8 4.98 12.33 11.89
40076 1627986624 0 1 1.666
40077 1627986624 0 0 26.26 8.27 164.6 61.38 102.2 6.34 174.1 17.0 186.3 1.48 41.22 14.1
40078 1627986624 0 7 $GNGGA,103023.000,4423.93310,N,00854.68082,E,1,11,0.9,0.4,M,44.7,M,,*4F
40079 1627986625 0 7 $GNGGA,103024.000,4423.93294,N,00854.68165,E,1,11,0.9,1.0,M,44.7,M,,*48
40080 1627986626 0 7 $GNGGA,103025.000,4423.93267,N,00854.68246,E,1,11,0.9,1.8,M,44.7,M,,*4F
40081 1627986626 0 3 2.54 0.00
40082 1627986626 0 4 2.52 1.45
40083 1627986626 0 5 0.02
40084 1627986626 0 6 0.05
40085 1627986626 0 1 2.144
40086 1627986627 0 8 4.98 12.37 11.89
40087 1627986627 0 0 26.26 8.27 164.6 61.35 102.2 6.34 174.1 17.0 186.1 1.45 41.20 14.0
40088 1627986627 0 7 $GNGGA,103026.000,4423.93241,N,00854.68337,E,1,11,0.9,2.3,M,44.7,M,,*47
40089 1627986628 0 7 $GNGGA,103027.000,4423.93226,N,00854.68432,E,1,11,0.9,2.8,M,44.7,M,,*4E
40090 1627986629 0 7 $GNGGA,103028.000,4423.93225,N,00854.68540,E,1,11,0.9,2.6,M,44.7,M,,*48
40091 1627986629 0 3 2.54 0.00
40092 1627986629 0 4 2.52 1.45
40093 1627986629 0 5 0.02
40094 1627986629 0 6 0.06
40095 1627986629 0 1 1.640
40096 1627986630 0 8 4.98 12.33 11.89
40097 1627986630 0 0 26.26 8.27 164.6 61.24 102.3 6.34 174.2 17.0 186.3 1.42 41.12 14.0
40098 1627986630 0 7 $GNGGA,103029.000,4423.93219,N,00854.68652,E,1,11,0.9,2.6,M,44.7,M,,*46
40099 1627986631 0 7 $GNGGA,103030.000,4423.93200,N,00854.68753,E,1,11,0.9,2.6,M,44.7,M,,*46
40100 1627986632 0 7 $GNGGA,103031.000,4423.93178,N,00854.68832,E,1,11,0.9,2.8,M,44.7,M,,*4D
40101 1627986632 0 3 2.54 0.00
40102 1627986632 0 4 2.52 1.45
40103 1627986632 0 5 0.02
40104 1627986632 0 6 0.07
40105 1627986632 0 8 4.98 12.17 11.87
40106 1627986633 0 1 1.648
40107 1627986633 0 0 26.25 8.27 164.6 61.28 102.3 6.34 174.1 17.0 186.5 1.44 41.14 14.0
40108 1627986633 0 7 $GNGGA,103032.000,4423.93164,N,00854.68918,E,1,11,0.9,2.7,M,44.7,M,,*45
40109 1627986634 0 7 $GNGGA,103033.000,4423.93122,N,00854.69024,E,1,11,0.9,3.0,M,44.7,M,,*47
40110 1627986635 0 7 $GNGGA,103034.000,4423.93059,N,00854.69139,E,1,11,0.9,3.4,M,44.7,M,,*44
40111 1627986635 0 3 2.54 0.00
40112 1627986635 0 4 2.52 1.45
40113 1627986635 0 5 0.02
40114 1627986635 0 6 0.12
40115 1627986636 0 1 1.728
40116 1627986636 0 8 4.98 12.34 11.89
40117 1627986636 0 0 26.25 8.27 164.6 61.28 102.3 6.35 174.4 17.0 186.1 1.46 41.14 14.0
40118 1627986636 0 7 $GNGGA,103035.000,4423.93020,N,00854.69257,E,1,11,0.9,3.6,M,44.7,M,,*42
40119 1627986637 0 7 $GNGGA,103036.000,4423.93005,N,00854.69367,E,1,11,0.9,4.1,M,44.7,M,,*44
40120 1627986638 0 7 $GNGGA,103037.000,4423.92999,N,00854.69448,E,1,11,0.9,4.6,M,44.7,M,,*45
40121 1627986638 0 3 2.54 0.00
40122 1627986638 0 4 2.52 1.45
40123 1627986638 0 5 0.02
40124 1627986638 0 6 0.08
40125 1627986638 0 8 4.98 12.33 11.87
40126 1627986639 0 1 1.647
40127 1627986639 0 0 26.26 8.27 164.5 61.34 102.3 6.34 174.4 17.0 186.1 1.39 41.19 14.0
40128 1627986639 0 7 $GNGGA,103038.000,4423.93019,N,00854.69571,E,1,11,0.9,4.2,M,44.7,M,,*45
40129 1627986640 0 7 $GNGGA,103039.000,4423.93014,N,00854.69679,E,1,11,0.9,4.2,M,44.7,M,,*42
40130 1627986641 0 7 $GNGGA,103040.000,4423.92984,N,00854.69781,E,1,11,0.9,4.2,M,44.7,M,,*4B
40131 1627986641 0 3 2.54 0.00
40132 1627986641 0 4 2.52 1.45
40133 1627986641 0 5 0.02
40134 1627986641 0 6 0.06
40135 1627986641 0 1 1.770
40136 1627986642 0 8 4.98 12.21 11.89
40137 1627986642 0 0 26.26 8.27 164.5 61.31 102.3 6.35 174.3 17.0 186.3 1.33 41.17 14.0
40138 1627986642 0 7 $GNGGA,103041.000,4423.92936,N,00854.69895,E,1,11,0.9,4.8,M,44.7,M,,*43
40139 1627986643 0 7 $GNGGA,103042.000,4423.92899,N,00854.70037,E,1,11,0.9,4.8,M,44.7,M,,*4C
40140 1627986644 0 7 $GNGGA,103043.000,4423.92877,N,00854.70152,E,1,11,0.9,5.1,M,44.7,M,,*47
40141 1627986644 0 3 2.54 0.00
40142 1627986644 0 4 2.52 1.45
40143 1627986644 0 5 0.02
40144 1627986644 0 6 0.06
40145 1627986644 0 8 4.98 12.33 11.89
40146 1627986645 0 1 1.718
40147 1627986645 0 0 26.27 8.27 164.5 61.23 102.3 6.35 174.1 17.0 186.0 1.29 41.11 14.0
40148 1627986645 0 7 $GNGGA,103044.000,4423.92891,N,00854.70269,E,1,11,0.9,4.3,M,44.7,M,,*40
40149 1627986646 0 7 $GNGGA,103045.000,4423.92896,N,00854.70363,E,1,11,0.9,4.1,M,44.7,M,,*4F
40150 1627986647 0 7 $GNGGA,103046.000,4423.92901,N,00854.70477,E,1,11,0.9,3.8,M,44.7,M,,*4F
40151 1627986647 0 3 2.54 0.00
40152 1627986647 0 4 2.52 1.45
40153 1627986647 0 5 0.02
40154 1627986647 0 6 0.09
40155 1627986647 0 1 1.682
40156 1627986648 0 8 4.98 12.22 11.89
40157 1627986648 0 0 26.27 8.27 164.5 61.38 102.3 6.34 174.2 17.0 186.2 1.36 41.23 14.1
40158 1627986648 0 7 $GNGGA,103047.000,4423.92921,N,00854.70604,E,1,11,0.9,3.1,M,44.7,M,,*43
40159 1627986649 0 7 $GNGGA,103048.000,4423.92921,N,00854.70741,E,1,11,0.9,2.7,M,44.7,M,,*4B
40160 1627986650 0 7 $GNGGA,103049.000,4423.92911,N,00854.70868,E,1,11,0.9,2.4,M,44.7,M,,*4E
40161 1627986650 0 3 2.54 0.00
40162 1627986650 0 4 2.52 1.45
40163 1627986650 0 5 0.02
40164 1627986650 0 6 0.10
40165 1627986650 0 8 4.98 12.34 11.89
40166 1627986651 0 1 1.654
40167 1627986651 0 0 26.27 8.27 164.5 61.28 102.4 6.35 174.2 17.0 185.6 1.31 41.14 14.0
40168 1627986651 0 7 $GNGGA,103050.000,4423.92895,N,00854.70983,E,1,11,0.9,2.5,M,44.7,M,,*4E
40169 1627986652 0 7 $GNGGA,103051.000,4423.92892,N,00854.71106,E,1,11,0.9,2.4,M,44.7,M,,*4D
40170 1627986653 0 7 $GNGGA,103052.000,4423.92860,N,00854.71233,E,1,11,0.9,2.7,M,44.7,M,,*45
40171 1627986653 0 3 2.54 0.00
40172 1627986653 0 4 2.52 1.45
40173 1627986653 0 5 0.02
40174 1627986653 0 6 0.07
40175 1627986653 0 1 2.116
40176 1627986654 0 8 4.98 12.36 11.89
40177 1627986654 0 0 26.26 8.27 164.5 61.30 102.4 6.35 174.3 17.0 186.3 1.27 41.17 14.0
40178 1627986654 0 7 $GNGGA,103053.000,4423.92832,N,00854.71354,E,1,11,0.9,3.1,M,44.7,M,,*44
40179 1627986655 0 7 $GNGGA,103054.000,4423.92811,N,00854.71456,E,1,10,1.3,3.3,M,44.7,M,,*4F
40180 1627986656 0 7 $GNGGA,103055.000,4423.92798,N,00854.71534,E,1,10,1.3,3.6,M,44.7,M,,*40
40181 1627986656 0 3 2.54 0.00
40182 1627986656 0 4 2.52 1.45
40183 1627986656 0 5 0.02
40184 1627986656 0 6 0.07
40185 1627986656 0 1 1.608
40186 1627986657 0 8 4.98 12.32 11.87
40187 1627986657 0 0 26.26 8.27 164.5 61.30 102.4 6.35 174.4 17.0 186.3 1.30 41.17 14.1
40188 1627986657 0 7 $GNGGA,103056.000,4423.92766,N,00854.71608,E,1,10,1.3,4.1,M,44.7,M,,*4E
40189 1627986658 0 7 $GNGGA,103057.000,4423.92727,N,00854.71680,E,1,10,1.3,4.7,M,44.7,M,,*4C
40190 1627986659 0 7 $GNGGA,103058.000,4423.92716,N,00854.71756,E,1,10,1.3,4.8,M,44.7,M,,*44
40191 1627986659 0 3 2.54 0.00
40192 1627986659 0 4 2.52 1.45
40193 1627986659 0 5 0.02
40194 1627986659 0 6 0.08
40195 1627986659 0 8 4.98 12.34 11.91
40196 1627986660 0 1 1.642
40197 1627986660 0 0 26.26 8.27 164.5 61.33 102.5 6.35 174.2 17.0 186.3 1.31 41.19 14.0
40198 1627986660 0 7 $GNGGA,103059.000,4423.92701,N,00854.71823,E,1,10,1.3,5.0,M,44.7,M,,*47
40199 1627986661 0 7 $GNGGA,103100.000,4423.92678,N,00854.71895,E,1,10,1.3,5.3,M,44.7,M,,*4B
40200 1627986662 0 7 $GNGGA,103101.000,4423.92666,N,00854.71992,E,1,10,1.3,5.6,M,44.7,M,,*46
40201 1627986662 0 3 2.54 0.00
40202 1627986662 0 4 2.52 1.44
40203 1627986662 0 5 0.02
40204 1627986662 0 6 0.08
40205 1627986662 0 1 1.564
40206 1627986663 0 8 4.98 12.33 11.89
40207 1627986663 0 0 26.26 8.27 164.5 61.29 102.5 6.35 174.2 17.0 185.7 1.31 41.16 14.0
40208 1627986663 0 7 $GNGGA,103102.000,4423.92679,N,00854.72103,E,1,10,1.3,5.6,M,44.7,M,,*48
40209 1627986664 0 7 $GNGGA,103103.000,4423.92687,N,00854.72189,E,1,10,1.3,5.7,M,44.7,M,,*4B
40210 1627986665 0 7 $GNGGA,103104.000,4423.92698,N,00854.72276,E,1,10,1.3,5.6,M,44.7,M,,*40
40211 1627986665 0 3 2.54 0.00
40212 1627986665 0 4 2.52 1.44
40213 1627986665 0 5 0.02
40214 1627986665 0 6 0.07
40215 1627986665 0 8 4.98 12.33 11.89
40216 1627986666 0 1 1.649
40217 1627986666 0 0 26.27 8.27 164.5 61.27 102.5 6.36 174.1 17.0 185.8 1.30 41.14 14.1
40218 1627986666 0 7 $GNGGA,103105.000,4423.92699,N,00854.72355,E,1,10,1.3,5.7,M,44.7,M,,*41
40219 1627986667 0 7 $GNGGA,103106.000,4423.92681,N,00854.72431,E,1,10,1.3,5.6,M,44.7,M,,*4F
40220 1627986668 0 7 $GNGGA,103107.000,4423.92669,N,00854.72530,E,1,10,1.3,5.6,M,44.7,M,,*48
40221 1627986668 0 3 2.54 0.00
40222 1627986668 0 4 2.52 1.45
40223 1627986668 0 5 0.02
40224 1627986668 0 6 0.09
40225 1627986668 0 1 1.589
40226 1627986669 0 8 4.98 12.37 11.89
40227 1627986669 0 0 26.27 8.27 164.4 61.33 102.6 6.36 174.1 17.0 185.3 1.30 41.19 14.0
40228 1627986669 0 7 $GNGGA,103108.000,4423.92659,N,00854.72618,E,1,10,1.3,5.7,M,44.7,M,,*4C
40229 1627986670 0 7 $GNGGA,103109.000,4423.92646,N,00854.72712,E,1,10,1.3,5.8,M,44.7,M,,*47
40230 1627986671 0 7 $GNGGA,103110.000,4423.92625,N,00854.72806,E,1,10,1.3,5.9,M,44.7,M,,*41
40231 1627986671 0 3 2.54 0.00
40232 1627986671 0 4 2.52 1.44
40233 1627986671 0 5 0.02
40234 1627986671 0 6 0.10
40235 1627986671 0 8 4.98 12.33 11.89
40236 1627986672 0 1 1.654
40237 1627986672 0 0 26.27 8.27 164.4 61.28 102.6 6.36 174.1 17.0 185.3 1.39 41.14 14.0
40238 1627986672 0 7 $GNGGA,103111.000,4423.92595,N,00854.72876,E,1,10,1.3,6.2,M,44.7,M,,*47
40239 1627986673 0 7 $GNGGA,103112.000,4423.92575,N,00854.72970,E,1,10,1.3,6.5,M,44.7,M,,*4A
40240 1627986674 0 7 $GNGGA,103113.000,4423.92569,N,00854.73059,E,1,10,1.3,6.7,M,44.7,M,,*47
40241 1627986674 0 3 2.54 0.00
40242 1627986674 0 4 2.52 1.44
40243 1627986674 0 5 0.03
40244 1627986674 0 6 0.06
40245 1627986674 0 1 1.819
40246 1627986675 0 8 4.98 12.37 11.89
40247 1627986675 0 0 26.27 8.27 164.4 61.37 102.6 6.36 174.0 17.0 185.5 1.42 41.22 14.0
40248 1627986675 0 7 $GNGGA,103114.000,4423.92572,N,00854.73110,E,1,10,1.3,7.4,M,44.7,M,,*44
40249 1627986676 0 7 $GNGGA,103115.000,4423.92561,N,00854.73204,E,1,10,1.3,7.9,M,44.7,M,,*4C
40250 1627986677 0 7 $GNGGA,103116.000,4423.92540,N,00854.73307,E,1,10,1.3,8.4,M,44.7,M,,*4C
40251 1627986677 0 3 2.54 0.00
40252 1627986677 0 4 2.52 1.45
40253 1627986677 0 5 0.02
40254 1627986677 0 6 0.06
40255 1627986677 0 8 4.98 12.34 11.89
40256 1627986678 0 1 1.702
40257 1627986678 0 0 26.26 8.27 164.4 61.34 102.6 6.36 174.2 17.0 185.6 1.47 41.19 14.0
40258 1627986678 0 7 $GNGGA,103117.000,4423.92557,N,00854.73417,E,1,10,1.3,8.7,M,44.7,M,,*4E
40259 1627986679 0 7 $GNGGA,103118.000,4423.92560,N,00854.73501,E,1,10,1.3,9.8,M,44.7,M,,*4D
40260 1627986680 0 7 $GNGGA,103119.000,4423.92569,N,00854.73585,E,1,10,1.3,10.5,M,44.7,M,,*7C
40261 1627986680 0 3 2.54 0.00
40262 1627986680 0 4 2.52 1.45
40263 1627986680 0 5 0.02
40264 1627986680 0 6 0.07
40265 1627986680 0 1 2.211
40266 1627986681 0 8 4.98 12.36 11.89
40267 1627986681 0 0 26.26 8.27 164.4 61.36 102.6 6.36 174.0 17.0 185.3 1.57 41.21 14.0
40268 1627986681 0 7 $GNGGA,103120.000,4423.92552,N,00854.73655,E,1,10,1.3,11.3,M,44.7,M,,*77
40269 1627986682 0 7 $GNGGA,103121.000,4423.92537,N,00854.73745,E,1,10,1.3,11.9,M,44.7,M,,*7F
40270 1627986683 0 7 $GNGGA,103122.000,4423.92515,N,00854.73833,E,1,10,1.3,12.3,M,44.7,M,,*7B
40271 1627986683 0 3 2.54 0.00
40272 1627986683 0 4 2.52 1.45
40273 1627986683 0 5 0.02
40274 1627986683 0 6 0.09
40275 1627986683 0 1 1.766
40276 1627986684 0 8 4.98 12.32 11.89
40277 1627986684 0 0 26.26 8.27 164.4 61.35 102.6 6.36 174.0 17.0 185.1 1.63 41.20 14.0
40278 1627986684 0 7 $GNGGA,103123.000,4423.92490,N,00854.73919,E,1,10,1.3,13.3,M,44.7,M,,*7E
40279 1627986685 0 7 $GNGGA,103124.000,4423.92449,N,00854.74020,E,1,10,1.3,14.0,M,44.7,M,,*7D
40280 1627986686 0 7 $GNGGA,103125.000,4423.92390,N,00854.74122,E,1,10,1.3,14.4,M,44.7,M,,*78
40281 1627986686 0 3 2.54 0.00
40282 1627986686 0 4 2.52 1.45
40283 1627986686 0 5 0.02
40284 1627986686 0 6 0.06
40285 1627986686 0 8 4.98 12.30 11.89
40286 1627986687 0 1 1.740
40287 1627986687 0 0 26.26 8.27 164.4 61.27 102.6 6.36 173.9 17.0 185.0 1.62 41.14 14.0
40288 1627986687 0 7 $GNGGA,103126.000,4423.92357,N,00854.74225,E,1,10,1.3,14.6,M,44.7,M,,*76
40289 1627986688 0 7 $GNGGA,103127.000,4423.92324,N,00854.74309,E,1,10,1.3,14.7,M,44.7,M,,*7D
40290 1627986689 0 7 $GNGGA,103128.000,4423.92264,N,00854.74370,E,1,10,1.3,14.6,M,44.7,M,,*78
40291 1627986689 0 3 2.54 0.00
40292 1627986689 0 4 2.52 1.45
40293 1627986689 0 5 0.02
40294 1627986689 0 6 0.06
40295 1627986689 0 1 1.716
40296 1627986690 0 8 4.98 12.29 11.89
40297 1627986690 0 0 26.26 8.27 164.4 61.32 102.6 6.36 174.0 17.0 185.0 1.58 41.18 14.0
40298 1627986690 0 7 $GNGGA,103129.000,4423.92179,N,00854.74436,E,1,10,1.3,14.4,M,44.7,M,,*71
40299 1627986690 0 2 0.04570000 2.99189996 1.25779998 0.02300000 2.73130011 0.00420000 0.04820000 0.20230000 1.00000000 89.50099945
40300 1627986691 0 7 $GNGGA,103130.000,4423.92138,N,00854.74522,E,1,10,1.3,14.4,M,44.7,M,,*78
40301 1627986692 0 7 $GNGGA,103131.000,4423.92154,N,00854.74649,E,1,10,1.3,14.2,M,44.7,M,,*7B
40302 1627986692 0 3 2.54 0.00
40303 1627986692 0 4 2.52 1.45
40304 1627986692 0 5 0.03
40305 1627986692 0 6 0.07
40306 1627986692 0 8 4.98 12.29 11.89
40307 1627986693 0 1 1.638
40308 1627986693 0 0 26.26 8.27 164.4 61.35 102.6 6.36 173.8 17.1 184.9 1.58 41.20 14.0
40309 1627986693 0 7 $GNGGA,103132.000,4423.92111,N,00854.74742,E,1,10,1.3,15.7,M,44.7,M,,*77
40310 1627986694 0 7 $GNGGA,103133.000,4423.92140,N,00854.74843,E,1,10,1.3,15.7,M,44.7,M,,*7C
40311 1627986695 0 7 $GNGGA,103134.000,4423.92147,N,00854.74919,E,1,10,1.3,15.6,M,44.7,M,,*73
40312 1627986695 0 3 2.54 0.00
40313 1627986695 0 4 2.52 1.45
40314 1627986695 0 5 0.02
40315 1627986695 0 6 0.05
40316 1627986695 0 1 1.450
40317 1627986696 0 8 4.98 12.31 11.89
40318 1627986696 0 0 26.28 8.27 164.4 61.27 102.6 6.36 173.7 17.1 184.7 1.57 41.14 14.0
40319 1627986696 0 7 $GNGGA,103135.000,4423.92131,N,00854.74985,E,1,10,1.3,15.6,M,44.7,M,,*76
40320 1627986697 0 7 $GNGGA,103136.000,4423.92103,N,00854.75062,E,1,10,1.3,15.5,M,44.7,M,,*76
40321 1627986698 0 7 $GNGGA,103137.000,4423.92071,N,00854.75145,E,1,10,1.3,16.1,M,44.7,M,,*70
40322 1627986698 0 3 2.54 0.00
40323 1627986698 0 4 2.52 1.45
40324 1627986699 0 5 0.02
40325 1627986699 0 6 0.06
40326 1627986699 0 8 4.98 12.29 11.89
40327 1627986699 0 1 1.594
40328 1627986699 0 0 26.28 8.27 164.3 61.34 102.6 6.36 173.8 17.0 185.1 1.56 41.19 14.0
40329 1627986699 0 7 $GNGGA,103138.000,4423.92042,N,00854.75249,E,1,10,1.3,16.4,M,44.7,M,,*75
40330 1627986700 0 7 $GNGGA,103139.000,4423.91997,N,00854.75373,E,1,10,1.3,16.7,M,44.7,M,,*7D
40331 1627986701 0 7 $GNGGA,103140.000,4423.91958,N,00854.75494,E,1,10,1.3,16.8,M,44.7,M,,*71
40332 1627986701 0 3 2.54 0.00
40333 1627986701 0 4 2.52 1.45
40334 1627986701 0 5 0.02
40335 1627986701 0 6 0.06
40336 1627986701 0 1 1.660
40337 1627986702 0 8 4.98 12.32 11.89
40338 1627986702 0 0 26.27 8.27 164.4 61.35 102.6 6.36 174.0 17.0 185.1 1.52 41.20 14.0
40339 1627986702 0 7 $GNGGA,103141.000,4423.91911,N,00854.75605,E,1,10,1.3,17.7,M,44.7,M,,*79
40340 1627986703 0 7 $GNGGA,103142.000,4423.91861,N,00854.75714,E,1,10,1.3,18.3,M,44.7,M,,*76
40341 1627986704 0 7 $GNGGA,103143.000,4423.91808,N,00854.75807,E,1,10,1.3,19.0,M,44.7,M,,*77
40342 1627986704 0 3 2.54 0.00
40343 1627986704 0 4 2.52 1.45
40344 1627986704 0 5 0.02
40345 1627986704 0 6 0.08
40346 1627986704 0 8 4.98 12.29 11.89
40347 1627986705 0 1 1.633
40348 1627986705 0 0 26.27 8.27 164.3 61.27 102.6 6.36 173.9 17.0 185.1 1.51 41.14 14.0
40349 1627986705 0 7 $GNGGA,103144.000,4423.91768,N,00854.75916,E,1,10,1.3,19.4,M,44.7,M,,*7C
40350 1627986706 0 7 $GNGGA,103145.000,4423.91745,N,00854.76033,E,1,10,1.3,19.6,M,44.7,M,,*7D
40351 1627986707 0 7 $GNGGA,103146.000,4423.91764,N,00854.76153,E,1,10,1.3,18.8,M,44.7,M,,*75
40352 1627986707 0 3 2.54 0.00
40353 1627986707 0 4 2.52 1.45
40354 1627986707 0 5 0.02
40355 1627986707 0 6 0.12
40356 1627986707 0 1 2.165
40357 1627986708 0 8 4.98 12.32 11.89
40358 1627986708 0 0 26.25 8.27 164.3 61.25 102.6 6.36 174.2 17.0 185.1 1.58 41.12 14.1
40359 1627986708 0 7 $GNGGA,103147.000,4423.91759,N,00854.76263,E,1,10,1.3,18.4,M,44.7,M,,*76
40360 1627986709 0 7 $GNGGA,103148.000,4423.91767,N,00854.76377,E,1,10,1.3,18.1,M,44.7,M,,*75
40361 1627986710 0 7 $GNGGA,103149.000,4423.91802,N,00854.76503,E,1,10,1.3,17.7,M,44.7,M,,*74
40362 1627986710 0 3 2.54 0.00
40363 1627986710 0 4 2.52 1.45
40364 1627986710 0 5 0.02
40365 1627986710 0 6 0.11
40366 1627986710 0 1 1.712
40367 1627986711 0 8 4.98 12.29 11.89
40368 1627986711 0 0 26.25 8.27 164.3 61.34 102.6 6.36 174.0 17.0 185.1 1.58 41.19 14.0
40369 1627986711 0 7 $GNGGA,103150.000,4423.91844,N,00854.76619,E,1,10,1.3,17.3,M,44.7,M,,*72
40370 1627986712 0 7 $GNGGA,103151.000,4423.91854,N,00854.76717,E,1,10,1.3,17.0,M,44.7,M,,*7E
40371 1627986713 0 7 $GNGGA,103152.000,4423.91844,N,00854.76817,E,1,10,1.3,16.8,M,44.7,M,,*7A
40372 1627986713 0 3 2.54 0.00
40373 1627986713 0 4 2.52 1.45
40374 1627986713 0 5 0.03
40375 1627986713 0 6 0.08
40376 1627986713 0 8 4.98 12.29 11.89
40377 1627986714 0 1 1.658
40378 1627986714 0 0 26.27 8.27 164.3 61.28 102.6 6.36 173.8 17.1 184.8 1.59 41.15 14.0
40379 1627986714 0 7 $GNGGA,103153.000,4423.91834,N,00854.76928,E,1,10,1.3,16.5,M,44.7,M,,*7C
40380 1627986715 0 7 $GNGGA,103154.000,4423.91825,N,00854.77040,E,1,10,1.3,16.4,M,44.7,M,,*7C
40381 1627986716 0 7 $GNGGA,103155.000,4423.91832,N,00854.77160,E,1,10,1.3,16.0,M,44.7,M,,*7C
40382 1627986716 0 3 2.54 0.00
40383 1627986716 0 4 2.52 1.45
40384 1627986716 0 5 0.02
40385 1627986716 0 6 0.07
40386 1627986716 0 1 1.782
40387 1627986717 0 8 4.98 12.29 11.89
40388 1627986717 0 0 26.27 8.27 164.3 61.37 102.6 6.36 174.0 17.0 185.3 1.57 41.22 14.0
40389 1627986717 0 7 $GNGGA,103156.000,4423.91844,N,00854.77279,E,1,10,1.3,15.3,M,44.7,M,,*75
40390 1627986718 0 7 $GNGGA,103157.000,4423.91844,N,00854.77393,E,1,10,1.3,14.7,M,44.7,M,,*74
40391 1627986719 0 7 $GNGGA,103158.000,4423.91856,N,00854.77502,E,1,10,1.3,14.3,M,44.7,M,,*72
40392 1627986719 0 3 2.54 0.00
40393 1627986719 0 4 2.52 1.45
40394 1627986719 0 5 0.02
40395 1627986719 0 6 0.06
40396 1627986720 0 8 4.98 12.29 11.89
40397 1627986720 0 1 1.712
40398 1627986720 0 0 26.27 8.27 164.3 61.36 102.6 6.36 174.1 17.0 184.7 1.52 41.21 14.0
40399 1627986720 0 7 $GNGGA,103159.000,4423.91841,N,00854.77621,E,1,11,0.9,13.8,M,44.7,M,,*71
40400 1627986721 0 7 $GNGGA,103200.000,4423.91816,N,00854.77742,E,1,11,0.9,13.6,M,44.7,M,,*76
40401 1627986722 0 7 $GNGGA,103201.000,4423.91831,N,00854.77856,E,1,11,0.9,13.7,M,44.7,M,,*79
40402 1627986722 0 3 2.54 0.00
40403 1627986722 0 4 2.52 1.45
40404 1627986722 0 5 0.02
40405 1627986722 0 6 0.05
40406 1627986722 0 1 1.695
40407 1627986723 0 8 4.98 12.31 11.89
40408 1627986723 0 0 26.26 8.27 164.3 61.34 102.6 6.36 174.1 17.0 185.1 1.49 41.19 14.0
40409 1627986723 0 7 $GNGGA,103202.000,4423.91848,N,00854.77959,E,1,11,0.9,13.9,M,44.7,M,,*74
40410 1627986724 0 7 $GNGGA,103203.000,4423.91843,N,00854.78057,E,1,11,0.9,13.8,M,44.7,M,,*77
40411 1627986725 0 7 $GNGGA,103204.000,4423.91839,N,00854.78138,E,1,11,0.9,13.7,M,44.7,M,,*7A
40412 1627986725 0 3 2.54 0.00
40413 1627986725 0 4 2.52 1.45
40414 1627986725 0 5 0.02
40415 1627986725 0 6 0.05
40416 1627986725 0 8 4.98 12.29 11.89
40417 1627986726 0 1 1.737
40418 1627986726 0 0 26.25 8.27 164.3 61.32 102.7 6.37 174.1 17.0 184.9 1.48 41.18 14.0
40419 1627986726 0 7 $GNGGA,103205.000,4423.91824,N,00854.78224,E,1,11,0.9,13.5,M,44.7,M,,*7B
40420 1627986727 0 7 $GNGGA,103206.000,4423.91822,N,00854.78336,E,1,11,0.9,13.4,M,44.7,M,,*7D
40421 1627986728 0 7 $GNGGA,103207.000,4423.91847,N,00854.78463,E,1,11,0.9,13.7,M,44.7,M,,*7B
40422 1627986728 0 3 2.54 0.00
40423 1627986728 0 4 2.52 1.45
40424 1627986728 0 5 0.02
40425 1627986728 0 6 0.06
40426 1627986728 0 1 1.889
40427 1627986729 0 8 4.98 12.32 11.89
40428 1627986729 0 0 26.25 8.27 164.3 61.35 102.7 6.37 174.3 17.0 185.3 1.42 41.20 14.0
40429 1627986729 0 7 $GNGGA,103208.000,4423.91880,N,00854.78578,E,1,11,0.9,13.8,M,44.7,M,,*7B
40430 1627986730 0 7 $GNGGA,103209.000,4423.91904,N,00854.78701,E,1,11,0.9,13.9,M,44.7,M,,*7A
40431 1627986731 0 7 $GNGGA,103210.000,4423.91934,N,00854.78807,E,1,11,0.9,14.1,M,44.7,M,,*77
40432 1627986731 0 3 2.54 0.00
40433 1627986731 0 4 2.52 1.45
40434 1627986731 0 5 0.02
40435 1627986731 0 6 0.06
40436 1627986731 0 8 4.98 12.29 11.89
40437 1627986732 0 1 1.816
40438 1627986732 0 0 26.26 8.27 164.3 61.29 102.7 6.37 174.1 17.0 184.7 1.39 41.16 13.9
40439 1627986732 0 7 $GNGGA,103211.000,4423.91956,N,00854.78904,E,1,11,0.9,14.3,M,44.7,M,,*72
40440 1627986733 0 7 $GNGGA,103212.000,4423.91988,N,00854.79006,E,1,11,0.9,14.0,M,44.7,M,,*7B
40441 1627986734 0 7 $GNGGA,103213.000,4423.91994,N,00854.79117,E,1,11,0.9,13.8,M,44.7,M,,*79
40442 1627986734 0 3 2.54 0.00
40443 1627986734 0 4 2.52 1.45
40444 1627986734 0 5 0.02
40445 1627986734 0 6 0.08
40446 1627986734 0 1 2.183
40447 1627986735 0 8 4.98 12.33 11.89
40448 1627986735 0 0 26.26 8.27 164.2 61.30 102.8 6.37 174.1 17.0 184.9 1.42 41.17 14.0
40449 1627986735 0 7 $GNGGA,103214.000,4423.92003,N,00854.79217,E,1,11,0.9,14.0,M,44.7,M,,*76
40450 1627986736 0 7 $GNGGA,103215.000,4423.91999,N,00854.79302,E,1,11,0.9,14.0,M,44.7,M,,*7B
40451 1627986737 0 7 $GNGGA,103216.000,4423.91988,N,00854.79378,E,1,11,0.9,13.7,M,44.7,M,,*75
40452 1627986737 0 3 2.54 0.00
40453 1627986737 0 4 2.52 1.45
40454 1627986737 0 5 0.02
40455 1627986737 0 6 0.09
40456 1627986737 0 1 1.753
40457 1627986738 0 8 4.98 12.29 11.89
40458 1627986738 0 0 26.26 8.27 164.3 61.32 102.7 6.37 174.1 17.0 184.8 1.41 41.18 13.9
40459 1627986738 0 7 $GNGGA,103217.000,4423.91976,N,00854.79469,E,1,11,0.9,13.5,M,44.7,M,,*70
40460 1627986739 0 7 $GNGGA,103218.000,4423.91958,N,00854.79563,E,1,11,0.9,13.3,M,44.7,M,,*7E
40461 1627986740 0 7 $GNGGA,103219.000,4423.91961,N,00854.79650,E,1,11,0.9,13.3,M,44.7,M,,*76
40462 1627986740 0 3 2.54 0.00
40463 1627986740 0 4 2.52 1.45
40464 1627986740 0 5 0.02
40465 1627986740 0 6 0.10
40466 1627986741 0 8 4.98 12.29 11.89
40467 1627986741 0 1 1.868
40468 1627986741 0 0 26.26 8.27 164.3 61.31 102.8 6.37 174.2 17.0 184.7 1.43 41.17 14.0
40469 1627986741 0 7 $GNGGA,103220.000,4423.91951,N,00854.79737,E,1,11,0.9,13.4,M,44.7,M,,*78
40470 1627986742 0 7 $GNGGA,103221.000,4423.91946,N,00854.79848,E,1,11,0.9,13.4,M,44.7,M,,*78
40471 1627986743 0 7 $GNGGA,103222.000,4423.91965,N,00854.79964,E,1,11,0.9,13.5,M,44.7,M,,*74
40472 1627986743 0 3 2.54 0.00
40473 1627986743 0 4 2.52 1.45
40474 1627986743 0 5 0.02
40475 1627986743 0 6 0.08
40476 1627986743 0 1 1.904
40477 1627986744 0 8 4.98 12.29 11.89
40478 1627986744 0 0 26.25 8.27 164.2 61.32 102.8 6.37 174.4 17.0 185.2 1.42 41.18 14.0
40479 1627986744 0 7 $GNGGA,103223.000,4423.91996,N,00854.80078,E,1,11,0.9,14.0,M,44.7,M,,*79
40480 1627986745 0 7 $GNGGA,103224.000,4423.92002,N,00854.80199,E,1,11,0.9,14.2,M,44.7,M,,*75
40481 1627986746 0 7 $GNGGA,103225.000,4423.91994,N,00854.80320,E,1,11,0.9,14.5,M,44.7,M,,*76
40482 1627986746 0 3 2.54 0.00
40483 1627986746 0 4 2.52 1.45
40484 1627986746 0 5 0.02
40485 1627986746 0 6 0.08
40486 1627986746 0 8 4.98 12.29 11.89
40487 1627986747 0 1 1.871
40488 1627986747 0 0 26.25 8.27 164.3 61.30 102.8 6.38 174.4 17.0 185.2 1.38 41.16 14.0
40489 1627986747 0 7 $GNGGA,103226.000,4423.91976,N,00854.80444,E,1,11,0.9,14.7,M,44.7,M,,*7E
40490 1627986748 0 7 $GNGGA,103227.000,4423.91954,N,00854.80563,E,1,11,0.9,14.8,M,44.7,M,,*74
40491 1627986749 0 7 $GNGGA,103228.000,4423.91934,N,00854.80678,E,1,11,0.9,14.9,M,44.7,M,,*75
40492 1627986749 0 3 2.54 0.00
40493 1627986749 0 4 2.52 1.45
40494 1627986749 0 5 0.02
40495 1627986749 0 6 0.10
40496 1627986749 0 1 1.757
40497 1627986750 0 8 4.98 12.31 11.89
40498 1627986750 0 0 26.25 8.27 164.2 61.37 102.8 6.37 174.1 17.0 184.8 1.37 41.22 14.0
40499 1627986750 0 7 $GNGGA,103229.000,4423.91925,N,00854.80784,E,1,11,0.9,14.9,M,44.7,M,,*76
40500 1627986751 0 7 $GNGGA,103230.000,4423.91908,N,00854.80874,E,1,11,0.9,15.1,M,44.7,M,,*78
40501 1627986752 0 7 $GNGGA,103231.000,4423.91885,N,00854.80955,E,1,11,0.9,15.3,M,44.7,M,,*7D
40502 1627986752 0 3 2.54 0.00
40503 1627986752 0 4 2.52 1.45
40504 1627986752 0 5 0.02
40505 1627986752 0 6 0.12
40506 1627986753 0 8 4.98 12.14 11.89
40507 1627986753 0 1 1.624
40508 1627986753 0 0 26.26 8.27 164.2 61.34 102.8 6.37 174.2 17.0 184.7 1.36 41.19 14.0
40509 1627986753 0 7 $GNGGA,103232.000,4423.91883,N,00854.81070,E,1,11,0.9,15.7,M,44.7,M,,*73
40510 1627986754 0 7 $GNGGA,103233.000,4423.91885,N,00854.81188,E,1,11,0.9,15.6,M,44.7,M,,*73
40511 1627986755 0 7 $GNGGA,103234.000,4423.91880,N,00854.81299,E,1,11,0.9,15.8,M,44.7,M,,*7C
40512 1627986755 0 3 2.54 0.00
40513 1627986755 0 4 2.52 1.45
40514 1627986755 0 5 0.02
40515 1627986755 0 6 0.08
40516 1627986755 0 1 1.626
40517 1627986756 0 8 4.98 12.33 11.89
40518 1627986756 0 0 26.27 8.27 164.2 61.35 102.8 6.37 174.1 17.0 184.6 1.37 41.20 14.0
40519 1627986756 0 7 $GNGGA,103235.000,4423.91865,N,00854.81403,E,1,11,0.9,16.4,M,44.7,M,,*7C
40520 1627986757 0 7 $GNGGA,103236.000,4423.91847,N,00854.81517,E,1,11,0.9,16.4,M,44.7,M,,*7B
40521 1627986758 0 7 $GNGGA,103237.000,4423.91838,N,00854.81617,E,1,11,0.9,16.7,M,44.7,M,,*72
40522 1627986758 0 3 2.54 0.00
40523 1627986758 0 4 2.52 1.45
40524 1627986758 0 5 0.02
40525 1627986758 0 6 0.07
40526 1627986758 0 8 4.98 11.56 11.89
40527 1627986759 0 1 1.797
40528 1627986759 0 0 26.26 8.27 164.2 61.26 102.8 6.37 174.1 17.0 184.7 1.36 41.14 14.0
40529 1627986759 0 7 $GNGGA,103238.000,4423.91827,N,00854.81733,E,1,11,0.9,17.2,M,44.7,M,,*70
40530 1627986760 0 7 $GNGGA,103239.000,4423.91815,N,00854.81854,E,1,11,0.9,17.4,M,44.7,M,,*78
40531 1627986761 0 7 $GNGGA,103240.000,4423.91805,N,00854.81964,E,1,11,0.9,17.6,M,44.7,M,,*77
40532 1627986761 0 3 2.54 0.00
40533 1627986761 0 4 2.52 1.45
40534 1627986761 0 5 0.02
40535 1627986761 0 6 0.08
40536 1627986761 0 1 2.076
40537 1627986762 0 8 4.98 12.17 11.87
40538 1627986762 0 0 26.26 8.27 164.2 61.34 102.8 6.37 174.0 17.0 184.5 1.36 41.19 14.0
40539 1627986762 0 7 $GNGGA,103241.000,4423.91820,N,00854.82085,E,1,11,0.9,17.8,M,44.7,M,,*7A
40540 1627986763 0 7 $GNGGA,103242.000,4423.91822,N,00854.82188,E,1,11,0.9,17.6,M,44.7,M,,*79
40541 1627986764 0 7 $GNGGA,103243.000,4423.91800,N,00854.82280,E,1,11,0.9,17.8,M,44.7,M,,*7D
40542 1627986764 0 3 2.54 0.00
40543 1627986764 0 4 2.52 1.45
40544 1627986764 0 5 0.02
40545 1627986764 0 6 0.07
40546 1627986765 0 1 1.674
40547 1627986765 0 8 4.98 12.29 11.89
40548 1627986765 0 0 26.26 8.27 164.2 61.32 102.8 6.37 174.1 17.1 184.6 1.35 41.18 14.0
40549 1627986765 0 7 $GNGGA,103244.000,4423.91794,N,00854.82374,E,1,11,0.9,18.2,M,44.7,M,,*77
40550 1627986766 0 7 $GNGGA,103245.000,4423.91764,N,00854.82480,E,1,11,0.9,18.6,M,44.7,M,,*71
40551 1627986767 0 7 $GNGGA,103246.000,4423.91746,N,00854.82602,E,1,11,0.9,19.1,M,44.7,M,,*7C
40552 1627986767 0 3 2.54 0.00
40553 1627986767 0 4 2.52 1.45
40554 1627986767 0 5 0.02
40555 1627986767 0 6 0.10
40556 1627986768 0 8 4.97 12.17 11.89
40557 1627986768 0 0 26.25 8.27 164.2 61.31 102.8 6.38 174.2 17.0 184.6 1.35 41.17 14.0
40558 1627986768 0 7 $GNGGA,103247.000,4423.91728,N,00854.82722,E,1,11,0.9,19.6,M,44.7,M,,*71
40559 1627986769 0 7 $GNGGA,103248.000,4423.91682,N,00854.82847,E,1,11,0.9,20.0,M,44.7,M,,*7F
40560 1627986770 0 7 $GNGGA,103249.000,4423.91629,N,00854.82958,E,1,11,0.9,20.4,M,44.7,M,,*74
40561 1627986770 0 3 2.54 0.00
40562 1627986770 0 4 2.52 1.45
40563 1627986770 0 5 0.02
40564 1627986770 0 6 0.08
40565 1627986771 0 8 4.98 12.33 11.89
40566 1627986771 0 0 26.27 8.27 164.1 61.32 102.8 6.37 173.8 17.0 184.3 1.36 41.18 14.0
40567 1627986771 0 7 $GNGGA,103250.000,4423.91597,N,00854.83066,E,1,11,0.9,20.7,M,44.7,M,,*7C
40568 1627986772 0 7 $GNGGA,103251.000,4423.91576,N,00854.83189,E,1,11,0.9,20.9,M,44.7,M,,*7C
40569 1627986773 0 7 $GNGGA,103252.000,4423.91543,N,00854.83289,E,1,11,0.9,21.2,M,44.7,M,,*70
40570 1627986773 0 3 2.54 0.00
40571 1627986773 0 4 2.52 1.45
40572 1627986773 0 5 0.02
40573 1627986773 0 6 0.08
40574 1627986774 0 8 4.98 12.31 11.89
40575 1627986774 0 0 26.28 8.27 164.1 61.36 102.8 6.37 173.8 17.1 184.3 1.37 41.20 14.0
40576 1627986774 0 7 $GNGGA,103253.000,4423.91517,N,00854.83386,E,1,11,0.9,21.3,M,44.7,M,,*7F
40577 1627986775 0 7 $GNGGA,103254.000,4423.91501,N,00854.83478,E,1,11,0.9,21.5,M,44.7,M,,*7F
40578 1627986776 0 7 $GNGGA,103255.000,4423.91498,N,00854.83576,E,1,11,0.9,21.6,M,44.7,M,,*73
40579 1627986776 0 3 2.54 0.00
40580 1627986776 0 4 2.52 1.45
40581 1627986776 0 5 0.02
40582 1627986776 0 6 0.09
40583 1627986777 0 8 4.98 12.34 11.89
40584 1627986777 0 0 26.27 8.27 164.1 61.33 102.8 6.38 174.0 17.1 184.3 1.40 41.19 14.0
40585 1627986777 0 7 $GNGGA,103256.000,4423.91477,N,00854.83681,E,1,11,0.9,22.0,M,44.7,M,,*7F
40586 1627986777 0 1 1.487
40587 1627986778 0 7 $GNGGA,103257.000,4423.91450,N,00854.83791,E,1,11,0.9,22.2,M,44.7,M,,*79
40588 1627986779 0 7 $GNGGA,103258.000,4423.91415,N,00854.83919,E,1,11,0.9,22.2,M,44.7,M,,*79
40589 1627986779 0 3 2.54 0.00
40590 1627986779 0 4 2.52 1.45
40591 1627986779 0 5 0.02
40592 1627986779 0 6 0.06
40593 1627986780 0 8 4.98 12.30 11.89
40594 1627986780 0 1 1.594
40595 1627986780 0 0 26.27 8.27 164.1 61.34 102.8 6.37 174.0 17.1 184.3 1.41 41.19 14.0
40596 1627986780 0 7 $GNGGA,103259.000,4423.91384,N,00854.84055,E,1,11,0.9,22.1,M,44.7,M,,*72
40597 1627986781 0 7 $GNGGA,103300.000,4423.91348,N,00854.84177,E,1,11,0.9,22.2,M,44.7,M,,*7D
40598 1627986782 0 7 $GNGGA,103301.000,4423.91318,N,00854.84291,E,1,11,0.9,22.5,M,44.7,M,,*75
40599 1627986782 0 3 2.54 0.00
40600 1627986782 0 4 2.52 1.45
40601 1627986782 0 5 0.02
40602 1627986782 0 6 0.07
40603 1627986783 0 1 1.719
40604 1627986783 0 8 4.98 12.32 11.89
40605 1627986783 0 0 26.26 8.27 164.1 61.32 102.8 6.38 174.1 17.0 184.4 1.41 41.18 14.0
40606 1627986783 0 7 $GNGGA,103302.000,4423.91286,N,00854.84392,E,1,11,0.9,23.0,M,44.7,M,,*76
40607 1627986784 0 7 $GNGGA,103303.000,4423.91261,N,00854.84485,E,1,11,0.9,23.2,M,44.7,M,,*7D
40608 1627986785 0 7 $GNGGA,103304.000,4423.91250,N,00854.84575,E,1,11,0.9,23.2,M,44.7,M,,*76
40609 1627986785 0 3 2.54 0.00
40610 1627986785 0 4 2.52 1.45
40611 1627986785 0 5 0.02
40612 1627986785 0 6 0.09
40613 1627986786 0 8 4.98 12.28 11.89
40614 1627986786 0 1 1.564
40615 1627986786 0 0 26.28 8.27 164.1 61.29 102.8 6.38 173.7 17.1 183.6 1.43 41.15 14.0
40616 1627986786 0 7 $GNGGA,103305.000,4423.91258,N,00854.84680,E,1,11,0.9,23.4,M,44.7,M,,*70
40617 1627986787 0 7 $GNGGA,103306.000,4423.91249,N,00854.84768,E,1,11,0.9,23.6,M,44.7,M,,*76
40618 1627986788 0 7 $GNGGA,103307.000,4423.91225,N,00854.84865,E,1,11,0.9,23.8,M,44.7,M,,*71
40619 1627986788 0 3 2.54 0.00
40620 1627986788 0 4 2.52 1.45
40621 1627986788 0 5 0.02
40622 1627986788 0 6 0.07
40623 1627986789 0 1 2.289
40624 1627986789 0 8 4.98 12.32 11.89
40625 1627986789 0 0 26.30 8.27 164.0 61.33 102.8 6.37 173.6 17.1 183.4 1.43 41.18 13.9
40626 1627986789 0 7 $GNGGA,103308.000,4423.91197,N,00854.84953,E,1,11,0.9,24.2,M,44.7,M,,*7D
40627 1627986790 0 7 $GNGGA,103309.000,4423.91162,N,00854.85049,E,1,11,0.9,24.4,M,44.7,M,,*73
40628 1627986791 0 7 $GNGGA,103310.000,4423.91140,N,00854.85153,E,1,11,0.9,24.6,M,44.7,M,,*73
40629 1627986791 0 3 2.54 0.00
40630 1627986791 0 4 2.52 1.45
40631 1627986791 0 5 0.02
40632 1627986791 0 6 0.07
40633 1627986792 0 1 1.690
40634 1627986792 0 8 4.98 12.29 11.89
40635 1627986792 0 0 26.30 8.26 164.1 61.32 102.9 6.37 173.7 17.1 183.6 1.36 41.18 13.9
40636 1627986792 0 7 $GNGGA,103311.000,4423.91124,N,00854.85259,E,1,11,0.9,24.8,M,44.7,M,,*77
40637 1627986793 0 7 $GNGGA,103312.000,4423.91106,N,00854.85339,E,1,11,0.9,24.5,M,44.7,M,,*7E
40638 1627986794 0 7 $GNGGA,103313.000,4423.91102,N,00854.85431,E,1,11,0.9,24.3,M,44.7,M,,*72
40639 1627986794 0 3 2.54 0.00
40640 1627986794 0 4 2.52 1.45
40641 1627986794 0 5 0.02
40642 1627986794 0 6 0.08
40643 1627986795 0 8 4.98 12.29 11.89
40644 1627986795 0 1 1.741
40645 1627986795 0 0 26.29 8.27 164.1 61.35 102.9 6.37 173.9 17.1 184.1 1.32 41.20 14.0
40646 1627986795 0 7 $GNGGA,103314.000,4423.91093,N,00854.85538,E,1,11,0.9,24.1,M,44.7,M,,*76
40647 1627986796 0 7 $GNGGA,103315.000,4423.91087,N,00854.85641,E,1,11,0.9,24.1,M,44.7,M,,*7F
40648 1627986797 0 7 $GNGGA,103316.000,4423.91060,N,00854.85736,E,1,11,0.9,23.9,M,44.7,M,,*7B
40649 1627986797 0 3 2.54 0.00
40650 1627986797 0 4 2.52 1.44
40651 1627986797 0 5 0.02
40652 1627986797 0 6 0.08
40653 1627986798 0 1 1.729
40654 1627986798 0 8 4.98 12.29 11.89
40655 1627986798 0 0 26.29 8.27 164.0 61.29 102.9 6.38 173.7 17.1 183.5 1.38 41.16 13.9
40656 1627986798 0 7 $GNGGA,103317.000,4423.91060,N,00854.85811,E,1,11,0.9,23.9,M,44.7,M,,*70
40657 1627986799 0 7 $GNGGA,103318.000,4423.91057,N,00854.85885,E,1,11,0.9,23.9,M,44.7,M,,*76
40658 1627986800 0 7 $GNGGA,103319.000,4423.91037,N,00854.86000,E,1,11,0.9,23.4,M,44.7,M,,*7A
40659 1627986800 0 3 2.54 0.00
40660 1627986800 0 4 2.52 1.44
40661 1627986800 0 5 0.02
40662 1627986800 0 6 0.08
40663 1627986801 0 8 4.98 12.29 11.89
40664 1627986801 0 1 1.823
40665 1627986801 0 0 26.29 8.26 164.1 61.30 102.9 6.38 173.7 17.1 183.5 1.39 41.16 13.9
40666 1627986801 0 7 $GNGGA,103320.000,4423.91034,N,00854.86095,E,1,11,0.9,23.4,M,44.7,M,,*7F
40667 1627986802 0 7 $GNGGA,103321.000,4423.91033,N,00854.86178,E,1,11,0.9,23.3,M,44.7,M,,*7C
40668 1627986803 0 7 $GNGGA,103322.000,4423.91055,N,00854.86247,E,1,11,0.9,22.7,M,44.7,M,,*75
40669 1627986803 0 3 2.54 0.00
40670 1627986803 0 4 2.52 1.44
40671 1627986803 0 5 0.02
40672 1627986803 0 6 0.09
40673 1627986803 0 1 1.673
40674 1627986804 0 8 4.97 12.31 11.89
40675 1627986804 0 0 26.29 8.26 164.1 61.25 102.9 6.38 173.8 17.1 184.1 1.37 41.12 13.9
40676 1627986804 0 7 $GNGGA,103323.000,4423.91066,N,00854.86362,E,1,11,0.9,22.3,M,44.7,M,,*76
40677 1627986805 0 7 $GNGGA,103324.000,4423.91064,N,00854.86470,E,1,11,0.9,22.5,M,44.7,M,,*71
40678 1627986806 0 7 $GNGGA,103325.000,4423.91058,N,00854.86580,E,1,11,0.9,22.5,M,44.7,M,,*71
40679 1627986806 0 3 2.54 0.00
40680 1627986806 0 4 2.52 1.45
40681 1627986806 0 5 0.02
40682 1627986806 0 6 0.09
40683 1627986806 0 8 4.98 12.29 11.89
40684 1627986806 0 1 1.736
40685 1627986807 0 0 26.29 8.26 164.1 61.36 102.9 6.38 173.8 17.1 183.9 1.39 41.21 13.9
40686 1627986807 0 7 $GNGGA,103326.000,4423.91058,N,00854.86655,E,1,11,0.9,22.7,M,44.7,M,,*7B
40687 1627986808 0 7 $GNGGA,103327.000,4423.91052,N,00854.86761,E,1,11,0.9,22.6,M,44.7,M,,*77
40688 1627986809 0 7 $GNGGA,103328.000,4423.91060,N,00854.86888,E,1,11,0.9,22.3,M,44.7,M,,*74
40689 1627986809 0 3 2.54 0.00
40690 1627986809 0 4 2.52 1.45
40691 1627986809 0 5 0.03
40692 1627986809 0 6 0.11
40693 1627986809 0 1 1.905
40694 1627986810 0 8 4.98 12.32 11.89
40695 1627986810 0 0 26.27 8.27 164.0 61.23 102.9 6.38 174.2 17.1 184.2 1.46 41.11 14.0
40696 1627986810 0 7 $GNGGA,103329.000,4423.91079,N,00854.87003,E,1,11,0.9,22.5,M,44.7,M,,*71
40697 1627986810 0 2 0.04870000 3.12989997 1.22860002 0.02410000 2.66709995 0.00460000 0.04860000 0.21570000 1.00000000 89.40299987
40698 1627986811 0 7 $GNGGA,103330.000,4423.91089,N,00854.87113,E,1,11,0.9,22.3,M,44.7,M,,*70
40699 1627986812 0 7 $GNGGA,103331.000,4423.91098,N,00854.87224,E,1,11,0.9,22.2,M,44.7,M,,*77
40700 1627986812 0 3 2.54 0.00
40701 1627986812 0 4 2.52 1.45
40702 1627986812 0 5 0.02
40703 1627986812 0 6 0.16
40704 1627986812 0 8 4.98 12.29 11.89
40705 1627986812 0 1 1.774
40706 1627986813 0 0 26.26 8.27 164.0 61.34 103.0 6.38 174.3 17.1 184.2 1.54 41.19 14.0
40707 1627986813 0 7 $GNGGA,103332.000,4423.91111,N,00854.87356,E,1,11,0.9,21.8,M,44.7,M,,*79
40708 1627986814 0 7 $GNGGA,103333.000,4423.91101,N,00854.87461,E,1,11,0.9,21.6,M,44.7,M,,*74
40709 1627986815 0 7 $GNGGA,103334.000,4423.91093,N,00854.87552,E,1,11,0.9,21.3,M,44.7,M,,*7D
40710 1627986815 0 3 2.54 0.00
40711 1627986815 0 4 2.52 1.45
40712 1627986815 0 5 0.02
40713 1627986815 0 6 0.11
40714 1627986815 0 1 2.383
40715 1627986816 0 8 4.98 12.33 11.89
40716 1627986816 0 0 26.28 8.27 163.9 61.28 102.9 6.38 173.8 17.1 183.3 1.56 41.14 14.0
40717 1627986816 0 7 $GNGGA,103335.000,4423.91067,N,00854.87646,E,1,11,0.9,21.0,M,44.7,M,,*72
40718 1627986817 0 7 $GNGGA,103336.000,4423.91053,N,00854.87738,E,1,11,0.9,20.4,M,44.7,M,,*7B
40719 1627986818 0 7 $GNGGA,103337.000,4423.91035,N,00854.87849,E,1,11,0.9,19.5,M,44.7,M,,*78
40720 1627986818 0 3 2.54 0.00
40721 1627986818 0 4 2.52 1.45
40722 1627986818 0 5 0.02
40723 1627986818 0 6 0.10
40724 1627986818 0 1 1.755
40725 1627986819 0 8 4.98 12.29 11.89
40726 1627986819 0 0 26.28 8.27 164.0 61.32 102.9 6.38 173.9 17.1 183.7 1.56 41.18 14.0
40727 1627986819 0 7 $GNGGA,103338.000,4423.90999,N,00854.87969,E,1,11,0.9,18.7,M,44.7,M,,*79
40728 1627986820 0 7 $GNGGA,103339.000,4423.90987,N,00854.88111,E,1,11,0.9,18.0,M,44.7,M,,*78
40729 1627986821 0 7 $GNGGA,103340.000,4423.90961,N,00854.88258,E,1,11,0.9,17.3,M,44.7,M,,*7C
40730 1627986821 0 3 2.54 0.00
40731 1627986821 0 4 2.52 1.45
40732 1627986821 0 5 0.02
40733 1627986821 0 6 0.07
40734 1627986821 0 8 4.98 12.29 11.89
40735 1627986821 0 1 1.864
40736 1627986822 0 0 26.29 8.27 164.0 61.34 102.9 6.38 173.7 17.1 183.1 1.58 41.19 13.9
40737 1627986822 0 7 $GNGGA,103341.000,4423.90947,N,00854.88393,E,1,11,0.9,16.5,M,44.7,M,,*78
40738 1627986823 0 7 $GNGGA,103342.000,4423.90951,N,00854.88514,E,1,11,0.9,15.8,M,44.7,M,,*7B
40739 1627986824 0 7 $GNGGA,103343.000,4423.90971,N,00854.88637,E,1,11,0.9,14.5,M,44.7,M,,*76
40740 1627986824 0 3 2.54 0.00
40741 1627986824 0 4 2.52 1.45
40742 1627986824 0 5 0.02
40743 1627986824 0 6 0.08
40744 1627986825 0 1 1.907
40745 1627986825 0 8 4.98 12.29 11.89
40746 1627986825 0 0 26.29 8.26 163.9 61.38 102.9 6.38 173.7 17.1 183.2 1.57 41.22 13.9
40747 1627986825 0 7 $GNGGA,103344.000,4423.90993,N,00854.88751,E,1,11,0.9,13.7,M,44.7,M,,*79
40748 1627986826 0 7 $GNGGA,103345.000,4423.90995,N,00854.88878,E,1,11,0.9,12.8,M,44.7,M,,*74
40749 1627986827 0 7 $GNGGA,103346.000,4423.90969,N,00854.88997,E,1,11,0.9,12.3,M,44.7,M,,*7F
40750 1627986827 0 3 2.54 0.00
40751 1627986827 0 4 2.52 1.45
40752 1627986827 0 5 0.03
40753 1627986827 0 6 0.08
40754 1627986827 0 8 4.98 12.29 11.89
40755 1627986828 0 1 1.899
40756 1627986828 0 0 26.31 8.26 163.9 61.29 103.0 6.38 173.3 17.1 183.1 1.53 41.16 13.9
40757 1627986828 0 7 $GNGGA,103347.000,4423.90944,N,00854.89113,E,1,11,0.9,11.7,M,44.7,M,,*73
40758 1627986829 0 7 $GNGGA,103348.000,4423.90912,N,00854.89234,E,1,11,0.9,11.2,M,44.7,M,,*7C
40759 1627986830 0 7 $GNGGA,103349.000,4423.90860,N,00854.89371,E,1,11,0.9,10.6,M,44.7,M,,*7C
40760 1627986830 0 3 2.54 0.00
40761 1627986830 0 4 2.52 1.45
40762 1627986830 0 5 0.03
40763 1627986830 0 6 0.08
40764 1627986830 0 1 1.870
40765 1627986831 0 8 4.98 12.32 11.89
40766 1627986831 0 0 26.30 8.26 163.9 61.34 102.9 6.38 173.5 17.1 182.9 1.59 41.19 13.9
40767 1627986831 0 7 $GNGGA,103350.000,4423.90821,N,00854.89504,E,1,11,0.9,9.8,M,44.7,M,,*43
40768 1627986832 0 7 $GNGGA,103351.000,4423.90778,N,00854.89621,E,1,11,0.9,9.3,M,44.7,M,,*4E
40769 1627986833 0 7 $GNGGA,103352.000,4423.90755,N,00854.89728,E,1,11,0.9,9.1,M,44.7,M,,*48
40770 1627986833 0 3 2.54 0.00
40771 1627986833 0 4 2.52 1.45
40772 1627986833 0 5 0.02
40773 1627986833 0 6 0.08
40774 1627986833 0 8 4.98 12.29 11.89
40775 1627986833 0 1 1.933
40776 1627986834 0 0 26.31 8.26 163.9 61.33 103.0 6.38 173.5 17.1 183.3 1.62 41.18 13.9
40777 1627986834 0 7 $GNGGA,103353.000,4423.90702,N,00854.89862,E,1,11,0.9,8.8,M,44.7,M,,*42
40778 1627986835 0 7 $GNGGA,103354.000,4423.90685,N,00854.89965,E,1,11,0.9,8.6,M,44.7,M,,*43
40779 1627986836 0 7 $GNGGA,103355.000,4423.90687,N,00854.90064,E,1,11,0.9,8.3,M,44.7,M,,*45
40780 1627986836 0 3 2.54 0.00
40781 1627986836 0 4 2.52 1.45
40782 1627986836 0 5 0.02
40783 1627986836 0 6 0.07
40784 1627986836 0 1 2.184
40785 1627986837 0 8 4.98 12.32 11.89
40786 1627986837 0 0 26.31 8.26 163.9 61.41 103.0 6.38 173.5 17.1 183.2 1.62 41.24 13.9
40787 1627986837 0 7 $GNGGA,103356.000,4423.90715,N,00854.90167,E,1,11,0.9,8.4,M,44.7,M,,*49
40788 1627986838 0 7 $GNGGA,103357.000,4423.90701,N,00854.90267,E,1,11,0.9,8.5,M,44.7,M,,*4F
40789 1627986839 0 7 $GNGGA,103358.000,4423.90675,N,00854.90359,E,1,11,0.9,8.9,M,44.7,M,,*42
40790 1627986839 0 3 2.54 0.00
40791 1627986839 0 4 2.52 1.45
40792 1627986839 0 5 0.03
40793 1627986839 0 6 0.07
40794 1627986839 0 8 4.98 12.29 11.89
40795 1627986840 0 1 2.033
40796 1627986840 0 0 26.31 8.26 164.0 61.27 103.0 6.39 173.5 17.1 182.8 1.60 41.14 13.9
40797 1627986840 0 7 $GNGGA,103359.000,4423.90652,N,00854.90443,E,1,11,0.9,10.0,M,44.7,M,,*7A
40798 1627986841 0 7 $GNGGA,103400.000,4423.90631,N,00854.90533,E,1,11,0.9,10.5,M,44.7,M,,*77
40799 1627986842 0 7 $GNGGA,103401.000,4423.90635,N,00854.90617,E,1,11,0.9,10.9,M,44.7,M,,*7B
40800 1627986842 0 3 2.54 0.00
40801 1627986842 0 4 2.52 1.46
40802 1627986842 0 5 0.02
40803 1627986842 0 6 0.07
40804 1627986842 0 1 2.715
40805 1627986843 0 8 4.98 12.33 11.89
40806 1627986843 0 0 26.27 8.27 163.9 61.37 103.1 6.39 174.0 17.1 184.1 1.59 41.22 14.0
40807 1627986843 0 7 $GNGGA,103402.000,4423.90662,N,00854.90685,E,1,11,0.9,11.4,M,44.7,M,,*7D
40808 1627986844 0 7 $GNGGA,103403.000,4423.90669,N,00854.90767,E,1,11,0.9,11.7,M,44.7,M,,*79
40809 1627986845 0 7 $GNGGA,103404.000,4423.90659,N,00854.90861,E,1,11,0.9,11.7,M,44.7,M,,*74
40810 1627986845 0 3 2.54 0.00
40811 1627986845 0 4 2.52 1.45
40812 1627986845 0 5 0.03
40813 1627986845 0 6 0.09
40814 1627986845 0 1 2.108
40815 1627986846 0 8 4.98 12.29 11.89
40816 1627986846 0 0 26.31 8.26 163.9 61.32 103.2 6.39 173.5 17.1 182.8 1.63 41.17 13.9
40817 1627986846 0 7 $GNGGA,103405.000,4423.90653,N,00854.90964,E,1,11,0.9,11.6,M,44.7,M,,*7A
40818 1627986847 0 7 $GNGGA,103406.000,4423.90640,N,00854.91065,E,1,11,0.9,11.3,M,44.7,M,,*77
40819 1627986848 0 7 $GNGGA,103407.000,4423.90630,N,00854.91173,E,1,11,0.9,10.4,M,44.7,M,,*71
40820 1627986848 0 3 2.54 0.00
40821 1627986848 0 4 2.52 1.45
40822 1627986848 0 5 0.02
40823 1627986848 0 6 0.08
40824 1627986848 0 8 4.98 12.29 11.89
40825 1627986848 0 1 1.971
40826 1627986849 0 0 26.32 8.26 163.9 61.30 103.2 6.39 173.5 17.1 183.0 1.64 41.16 13.9
40827 1627986849 0 7 $GNGGA,103408.000,4423.90596,N,00854.91291,E,1,11,0.9,9.6,M,44.7,M,,*44
40828 1627986850 0 7 $GNGGA,103409.000,4423.90578,N,00854.91382,E,1,11,0.9,9.4,M,44.7,M,,*44
40829 1627986851 0 7 $GNGGA,103410.000,4423.90566,N,00854.91513,E,1,11,0.9,9.2,M,44.7,M,,*4B
40830 1627986851 0 3 2.54 0.00
40831 1627986851 0 4 2.52 1.45
40832 1627986851 0 5 0.02
40833 1627986851 0 6 0.08
40834 1627986851 0 1 1.986
40835 1627986852 0 8 4.98 12.29 11.89
40836 1627986852 0 0 26.32 8.26 163.9 61.37 103.3 6.40 173.9 17.1 183.1 1.61 41.22 14.0
40837 1627986852 0 7 $GNGGA,103411.000,4423.90528,N,00854.91643,E,1,11,0.9,9.3,M,44.7,M,,*47
40838 1627986853 0 7 $GNGGA,103412.000,4423.90477,N,00854.91773,E,1,11,0.9,9.4,M,44.7,M,,*4A
40839 1627986854 0 7 $GNGGA,103413.000,4423.90449,N,00854.91886,E,1,11,0.9,9.5,M,44.7,M,,*42
40840 1627986854 0 3 2.54 0.00
40841 1627986854 0 4 2.52 1.45
40842 1627986854 0 5 0.02
40843 1627986854 0 6 0.07
40844 1627986854 0 8 4.98 12.30 11.89
40845 1627986855 0 1 2.057
40846 1627986855 0 0 26.30 8.26 163.8 61.32 103.4 6.40 173.7 17.1 183.3 1.58 41.18 13.9
40847 1627986855 0 7 $GNGGA,103414.000,4423.90421,N,00854.92009,E,1,11,0.9,8.7,M,44.7,M,,*44
40848 1627986856 0 7 $GNGGA,103415.000,4423.90392,N,00854.92118,E,1,11,0.9,8.2,M,44.7,M,,*4E
40849 1627986857 0 7 $GNGGA,103416.000,4423.90360,N,00854.92234,E,1,11,0.9,7.6,M,44.7,M,,*46
40850 1627986857 0 3 2.54 0.00
40851 1627986857 0 4 2.52 1.46
40852 1627986857 0 5 0.02
40853 1627986857 0 6 0.07
40854 1627986857 0 1 1.966
40855 1627986858 0 8 4.98 12.32 11.89
40856 1627986858 0 0 26.31 8.26 163.8 61.28 103.4 6.41 173.7 17.1 183.3 1.61 41.15 13.9
40857 1627986858 0 7 $GNGGA,103417.000,4423.90333,N,00854.92351,E,1,11,0.9,7.0,M,44.7,M,,*45
40858 1627986859 0 7 $GNGGA,103418.000,4423.90311,N,00854.92461,E,1,11,0.9,6.3,M,44.7,M,,*4C
40859 1627986860 0 7 $GNGGA,103419.000,4423.90275,N,00854.92562,E,1,11,0.9,5.6,M,44.7,M,,*4A
40860 1627986860 0 3 2.54 0.00
40861 1627986860 0 4 2.52 1.46
40862 1627986860 0 5 0.02
40863 1627986860 0 6 0.07
40864 1627986860 0 8 4.98 12.29 11.89
40865 1627986860 0 1 2.025
40866 1627986861 0 0 26.31 8.26 163.8 61.27 103.4 6.41 173.7 17.1 183.2 1.64 41.14 13.9
40867 1627986861 0 7 $GNGGA,103420.000,4423.90239,N,00854.92666,E,1,11,0.9,5.0,M,44.7,M,,*49
40868 1627986862 0 7 $GNGGA,103421.000,4423.90225,N,00854.92752,E,1,11,0.9,4.6,M,44.7,M,,*44
40869 1627986863 0 7 $GNGGA,103422.000,4423.90184,N,00854.92853,E,1,11,0.9,4.1,M,44.7,M,,*46
40870 1627986863 0 3 2.54 0.00
40871 1627986863 0 4 2.52 1.46
40872 1627986863 0 5 0.02
40873 1627986863 0 6 0.08
40874 1627986863 0 1 2.047
40875 1627986864 0 8 4.98 12.33 11.89
40876 1627986864 0 0 26.31 8.26 163.8 61.26 103.5 6.41 173.6 17.1 183.0 1.66 41.13 13.8
40877 1627986864 0 7 $GNGGA,103423.000,4423.90162,N,00854.92976,E,1,11,0.9,3.8,M,44.7,M,,*47
40878 1627986865 0 7 $GNGGA,103424.000,4423.90166,N,00854.93083,E,1,11,0.9,3.8,M,44.7,M,,*46
40879 1627986866 0 7 $GNGGA,103425.000,4423.90166,N,00854.93174,E,1,11,0.9,3.8,M,44.7,M,,*4E
40880 1627986866 0 3 2.54 0.00
40881 1627986866 0 4 2.52 1.46
40882 1627986866 0 5 0.03
40883 1627986866 0 6 0.08
40884 1627986866 0 8 4.98 12.29 11.89
40885 1627986866 0 1 1.974
40886 1627986867 0 0 26.31 8.26 163.8 61.33 103.6 6.42 173.7 17.1 183.2 1.66 41.18 13.9
40887 1627986867 0 7 $GNGGA,103426.000,4423.90163,N,00854.93268,E,1,11,0.9,3.7,M,44.7,M,,*49
40888 1627986868 0 7 $GNGGA,103427.000,4423.90146,N,00854.93362,E,1,11,0.9,4.0,M,44.7,M,,*44
40889 1627986869 0 7 $GNGGA,103428.000,4423.90120,N,00854.93456,E,1,11,0.9,4.4,M,44.7,M,,*4F
40890 1627986869 0 3 2.54 0.00
40891 1627986869 0 4 2.52 1.46
40892 1627986869 0 5 0.02
40893 1627986869 0 6 0.08
40894 1627986869 0 1 2.564
40895 1627986870 0 8 4.98 12.32 11.89
40896 1627986870 0 0 26.30 8.26 163.8 61.25 103.6 6.42 173.8 17.1 183.4 1.67 41.12 13.9
40897 1627986870 0 7 $GNGGA,103429.000,4423.90097,N,00854.93551,E,1,11,0.9,4.8,M,44.7,M,,*49
40898 1627986871 0 7 $GNGGA,103430.000,4423.90069,N,00854.93654,E,1,11,0.9,5.0,M,44.7,M,,*4F
40899 1627986872 0 7 $GNGGA,103431.000,4423.90046,N,00854.93748,E,1,11,0.9,5.3,M,44.7,M,,*4C
40900 1627986872 0 3 2.54 0.00
40901 1627986872 0 4 2.52 1.46
40902 1627986872 0 5 0.02
40903 1627986872 0 6 0.09
40904 1627986872 0 1 2.069
40905 1627986873 0 8 4.98 12.14 11.89
40906 1627986873 0 0 26.30 8.26 163.8 61.25 103.7 6.43 173.6 17.1 183.4 1.63 41.12 13.9
40907 1627986873 0 7 $GNGGA,103432.000,4423.90037,N,00854.93846,E,1,11,0.9,5.7,M,44.7,M,,*4C
40908 1627986874 0 7 $GNGGA,103433.000,4423.90033,N,00854.93955,E,1,11,0.9,6.4,M,44.7,M,,*4A
40909 1627986875 0 7 $GNGGA,103434.000,4423.90013,N,00854.94062,E,1,11,0.9,7.1,M,44.7,M,,*41
40910 1627986875 0 3 2.54 0.00
40911 1627986875 0 4 2.52 1.46
40912 1627986875 0 5 0.02
40913 1627986875 0 6 0.06
40914 1627986875 0 8 4.98 12.29 11.89
40915 1627986875 0 1 2.041
40916 1627986876 0 0 26.30 8.26 163.8 61.34 103.7 6.43 173.7 17.1 183.3 1.59 41.19 13.9
40917 1627986876 0 7 $GNGGA,103435.000,4423.89992,N,00854.94155,E,1,11,0.9,7.7,M,44.7,M,,*4B
40918 1627986877 0 7 $GNGGA,103436.000,4423.89972,N,00854.94245,E,1,11,0.9,8.4,M,44.7,M,,*48
40919 1627986878 0 7 $GNGGA,103437.000,4423.89954,N,00854.94357,E,1,11,0.9,8.8,M,44.7,M,,*43
40920 1627986878 0 3 2.54 0.00
40921 1627986878 0 4 2.52 1.46
40922 1627986878 0 5 0.03
40923 1627986878 0 6 0.09
40924 1627986878 0 1 1.972
40925 1627986879 0 8 4.97 11.90 11.87
40926 1627986879 0 0 26.30 8.26 163.7 61.28 103.8 6.44 173.8 17.1 183.4 1.58 41.15 13.9
40927 1627986879 0 7 $GNGGA,103438.000,4423.89947,N,00854.94493,E,1,11,0.9,8.4,M,44.7,M,,*4D
40928 1627986880 0 7 $GNGGA,103439.000,4423.89937,N,00854.94602,E,1,11,0.9,8.5,M,44.7,M,,*40
40929 1627986881 0 7 $GNGGA,103440.000,4423.89897,N,00854.94650,E,1,11,0.9,10.7,M,44.7,M,,*79
40930 1627986881 0 3 2.54 0.00
40931 1627986881 0 4 2.52 1.46
40932 1627986881 0 5 0.02
40933 1627986881 0 6 0.10
40934 1627986881 0 8 4.98 12.14 11.89
40935 1627986882 0 1 2.006
40936 1627986882 0 0 26.29 8.26 163.7 61.30 103.9 6.44 173.7 17.1 183.5 1.61 41.16 13.9
40937 1627986882 0 7 $GNGGA,103441.000,4423.89885,N,00854.94743,E,1,11,0.9,11.5,M,44.7,M,,*7B
40938 1627986883 0 7 $GNGGA,103442.000,4423.89867,N,00854.94866,E,1,11,0.9,11.4,M,44.7,M,,*7D
40939 1627986884 0 7 $GNGGA,103443.000,4423.89822,N,00854.94998,E,1,11,0.9,11.2,M,44.7,M,,*7B
40940 1627986884 0 3 2.54 0.00
40941 1627986884 0 4 2.52 1.46
40942 1627986884 0 5 0.02
40943 1627986884 0 6 0.08
40944 1627986885 0 1 1.857
40945 1627986885 0 8 4.98 12.31 11.89
40946 1627986885 0 0 26.29 8.26 163.8 61.27 103.9 6.44 173.8 17.1 183.5 1.58 41.14 13.9
40947 1627986885 0 7 $GNGGA,103444.000,4423.89794,N,00854.95126,E,1,11,0.9,11.1,M,44.7,M,,*71
40948 1627986886 0 7 $GNGGA,103445.000,4423.89782,N,00854.95240,E,1,11,0.9,10.8,M,44.7,M,,*7C
40949 1627986887 0 7 $GNGGA,103446.000,4423.89773,N,00854.95336,E,1,11,0.9,10.6,M,44.7,M,,*7F
40950 1627986887 0 3 2.54 0.00
40951 1627986887 0 4 2.52 1.46
40952 1627986887 0 5 0.02
40953 1627986887 0 6 0.09
40954 1627986887 0 8 4.98 12.14 11.87
40955 1627986888 0 1 1.932
40956 1627986888 0 0 26.29 8.26 163.7 61.30 104.0 6.45 173.9 17.1 183.5 1.52 41.16 13.9
40957 1627986888 0 7 $GNGGA,103447.000,4423.89761,N,00854.95432,E,1,11,0.9,10.5,M,44.7,M,,*7D
40958 1627986889 0 7 $GNGGA,103448.000,4423.89749,N,00854.95530,E,1,11,0.9,10.4,M,44.7,M,,*7A
40959 1627986890 0 7 $GNGGA,103449.000,4423.89750,N,00854.95646,E,1,11,0.9,9.9,M,44.7,M,,*44
40960 1627986890 0 3 2.54 0.00
40961 1627986890 0 4 2.52 1.46
40962 1627986890 0 5 0.02
40963 1627986890 0 6 0.07
40964 1627986890 0 1 2.022
40965 1627986891 0 8 4.98 12.33 11.91
40966 1627986891 0 0 26.29 8.26 163.7 61.23 104.1 6.45 174.0 17.1 183.4 1.52 41.11 13.9
40967 1627986891 0 7 $GNGGA,103450.000,4423.89735,N,00854.95762,E,1,11,0.9,9.8,M,44.7,M,,*49
40968 1627986892 0 7 $GNGGA,103451.000,4423.89715,N,00854.95871,E,1,11,0.9,9.7,M,44.7,M,,*48
40969 1627986893 0 7 $GNGGA,103452.000,4423.89701,N,00854.95975,E,1,11,0.9,9.5,M,44.7,M,,*49
40970 1627986893 0 3 2.54 0.00
40971 1627986893 0 4 2.52 1.46
40972 1627986893 0 5 0.02
40973 1627986893 0 6 0.10
40974 1627986893 0 8 4.98 12.29 11.89
40975 1627986894 0 1 1.872
40976 1627986894 0 0 26.29 8.26 163.7 61.28 104.1 6.45 174.0 17.1 183.6 1.52 41.14 13.9
40977 1627986894 0 7 $GNGGA,103453.000,4423.89688,N,00854.96084,E,1,11,0.9,9.3,M,44.7,M,,*4A
40978 1627986895 0 7 $GNGGA,103454.000,4423.89663,N,00854.96183,E,1,11,0.9,9.7,M,44.7,M,,*4A
40979 1627986896 0 7 $GNGGA,103455.000,4423.89653,N,00854.96273,E,1,11,0.9,10.0,M,44.7,M,,*7B
40980 1627986896 0 3 2.54 0.00
40981 1627986896 0 4 2.52 1.46
40982 1627986896 0 5 0.02
40983 1627986896 0 6 0.06
40984 1627986896 0 1 2.450
40985 1627986897 0 8 4.98 12.32 11.89
40986 1627986897 0 0 26.29 8.26 163.8 61.26 104.1 6.46 174.1 17.1 183.6 1.47 41.13 13.9
40987 1627986897 0 7 $GNGGA,103456.000,4423.89646,N,00854.96357,E,1,11,0.9,10.4,M,44.7,M,,*7F
40988 1627986898 0 7 $GNGGA,103457.000,4423.89632,N,00854.96463,E,1,11,0.9,10.2,M,44.7,M,,*7B
40989 1627986899 0 7 $GNGGA,103458.000,4423.89609,N,00854.96580,E,1,11,0.9,10.0,M,44.7,M,,*72
40990 1627986899 0 3 2.54 0.00
40991 1627986899 0 4 2.52 1.45
40992 1627986899 0 5 0.02
40993 1627986899 0 6 0.07
40994 1627986899 0 8 4.98 12.33 11.89
40995 1627986900 0 0 26.29 8.26 163.7 61.33 104.2 6.46 174.0 17.1 183.6 1.41 41.18 13.9
40996 1627986900 0 7 $GNGGA,103459.000,4423.89586,N,00854.96690,E,1,11,0.9,10.1,M,44.7,M,,*74
40997 1627986901 0 7 $GNGGA,103500.000,4423.89574,N,00854.96808,E,1,11,0.9,10.0,M,44.7,M,,*7A
40998 1627986902 0 7 $GNGGA,103501.000,4423.89560,N,00854.96935,E,1,11,0.9,9.8,M,44.7,M,,*41
40999 1627986902 0 3 2.54 0.00
41000 1627986902 0 4 2.52 1.45
41001 1627986902 0 5 0.03
41002 1627986902 0 6 0.08
41003 1627986902 0 8 4.98 12.32 11.89
41004 1627986903 0 0 26.29 8.26 163.7 61.35 104.2 6.46 174.1 17.1 183.5 1.38 41.20 13.9
41005 1627986903 0 7 $GNGGA,103502.000,4423.89541,N,00854.97057,E,1,11,0.9,9.9,M,44.7,M,,*4C
41006 1627986904 0 7 $GNGGA,103503.000,4423.89522,N,00854.97179,E,1,11,0.9,10.0,M,44.7,M,,*74
41007 1627986905 0 7 $GNGGA,103504.000,4423.89499,N,00854.97299,E,1,11,0.9,10.5,M,44.7,M,,*7A
41008 1627986905 0 3 2.54 0.00
41009 1627986905 0 4 2.52 1.45
41010 1627986905 0 5 0.03
41011 1627986905 0 6 0.07
41012 1627986905 0 8 4.98 12.33 11.89
41013 1627986906 0 0 26.29 8.26 163.7 61.27 104.3 6.46 174.0 17.1 183.3 1.41 41.14 13.9
41014 1627986906 0 7 $GNGGA,103505.000,4423.89478,N,00854.97422,E,1,11,0.9,11.6,M,44.7,M,,*70
41015 1627986907 0 7 $GNGGA,103506.000,4423.89461,N,00854.97512,E,1,11,0.9,12.3,M,44.7,M,,*7F
41016 1627986908 0 7 $GNGGA,103507.000,4423.89432,N,00854.97601,E,1,11,0.9,12.7,M,44.7,M,,*7D
41017 1627986908 0 3 2.54 0.00
41018 1627986908 0 4 2.52 1.45
41019 1627986908 0 5 0.02
41020 1627986908 0 6 0.11
41021 1627986908 0 8 4.98 12.35 11.89
41022 1627986909 0 0 26.28 8.26 163.7 61.37 104.3 6.46 174.4 17.1 183.2 1.41 41.21 13.9
41023 1627986909 0 7 $GNGGA,103508.000,4423.89409,N,00854.97702,E,1,11,0.9,13.1,M,44.7,M,,*7F
41024 1627986909 0 1 1.939
41025 1627986910 0 7 $GNGGA,103509.000,4423.89393,N,00854.97820,E,1,11,0.9,12.9,M,44.7,M,,*7C
41026 1627986911 0 7 $GNGGA,103510.000,4423.89367,N,00854.97912,E,1,11,0.9,13.2,M,44.7,M,,*75
41027 1627986911 0 3 2.54 0.00
41028 1627986911 0 4 2.52 1.45
41029 1627986911 0 5 0.02
41030 1627986911 0 6 0.11
41031 1627986912 0 8 4.98 12.29 11.89
41032 1627986912 0 1 1.824
41033 1627986912 0 0 26.25 8.27 163.7 61.24 104.3 6.47 174.4 17.1 183.7 1.41 41.12 14.0
41034 1627986912 0 7 $GNGGA,103511.000,4423.89348,N,00854.98005,E,1,11,0.9,13.8,M,44.7,M,,*73
41035 1627986913 0 7 $GNGGA,103512.000,4423.89337,N,00854.98133,E,1,11,0.9,13.5,M,44.7,M,,*71
41036 1627986914 0 7 $GNGGA,103513.000,4423.89318,N,00854.98247,E,1,11,0.9,13.5,M,44.7,M,,*7D
41037 1627986914 0 3 2.54 0.00
41038 1627986914 0 4 2.52 1.45
41039 1627986914 0 5 0.02
41040 1627986914 0 6 0.10
41041 1627986914 0 1 1.850
41042 1627986915 0 8 4.98 12.32 11.89
41043 1627986915 0 0 26.27 8.27 163.7 61.31 104.3 6.46 174.1 17.1 183.3 1.45 41.17 13.9
41044 1627986915 0 7 $GNGGA,103514.000,4423.89313,N,00854.98375,E,1,11,0.9,12.9,M,44.7,M,,*7C
41045 1627986916 0 7 $GNGGA,103515.000,4423.89296,N,00854.98506,E,1,11,0.9,12.6,M,44.7,M,,*7C
41046 1627986917 0 7 $GNGGA,103516.000,4423.89287,N,00854.98631,E,1,11,0.9,12.3,M,44.7,M,,*7D
41047 1627986917 0 3 2.54 0.00
41048 1627986917 0 4 2.52 1.45
41049 1627986917 0 5 0.02
41050 1627986917 0 6 0.06
41051 1627986917 0 8 4.98 12.29 11.89
41052 1627986918 0 1 1.863
41053 1627986918 0 0 26.26 8.27 163.7 61.31 104.3 6.47 174.4 17.1 183.2 1.47 41.17 14.0
41054 1627986918 0 7 $GNGGA,103517.000,4423.89293,N,00854.98756,E,1,11,0.9,11.4,M,44.7,M,,*7D
41055 1627986919 0 7 $GNGGA,103518.000,4423.89291,N,00854.98878,E,1,11,0.9,10.6,M,44.7,M,,*70
41056 1627986920 0 7 $GNGGA,103519.000,4423.89282,N,00854.99014,E,1,11,0.9,9.8,M,44.7,M,,*46
41057 1627986920 0 3 2.54 0.00
41058 1627986920 0 4 2.52 1.46
41059 1627986920 0 5 0.02
41060 1627986920 0 6 0.06
41061 1627986920 0 1 2.430
41062 1627986921 0 8 4.98 12.33 11.91
41063 1627986921 0 0 26.24 8.27 163.7 61.33 104.3 6.47 174.6 17.1 183.6 1.48 41.19 14.0
41064 1627986921 0 7 $GNGGA,103520.000,4423.89279,N,00854.99162,E,1,11,0.9,9.0,M,44.7,M,,*40
41065 1627986922 0 7 $GNGGA,103521.000,4423.89284,N,00854.99295,E,1,11,0.9,8.4,M,44.7,M,,*4D
41066 1627986923 0 7 $GNGGA,103522.000,4423.89300,N,00854.99400,E,1,11,0.9,7.6,M,44.7,M,,*44
41067 1627986923 0 3 2.54 0.00
41068 1627986923 0 4 2.52 1.46
41069 1627986923 0 5 0.02
41070 1627986923 0 6 0.14
41071 1627986923 0 1 1.792
41072 1627986924 0 8 4.98 12.29 11.91
41073 1627986924 0 0 26.27 8.27 163.7 61.32 104.3 6.46 174.0 17.1 182.9 1.52 41.18 14.0
41074 1627986924 0 7 $GNGGA,103523.000,4423.89279,N,00854.99473,E,1,11,0.9,8.1,M,44.7,M,,*46
41075 1627986925 0 7 $GNGGA,103524.000,4423.89262,N,00854.99589,E,1,11,0.9,7.7,M,44.7,M,,*46
41076 1627986926 0 7 $GNGGA,103525.000,4423.89238,N,00854.99707,E,1,11,0.9,7.4,M,44.7,M,,*4F
41077 1627986926 0 3 2.54 0.00
41078 1627986926 0 4 2.52 1.46
41079 1627986926 0 5 0.02
41080 1627986926 0 6 0.09
41081 1627986926 0 8 4.98 12.29 11.89
41082 1627986927 0 1 1.607
41083 1627986927 0 0 26.30 8.26 163.6 61.32 104.2 6.46 173.7 17.1 182.6 1.54 41.18 13.9
41084 1627986927 0 7 $GNGGA,103526.000,4423.89217,N,00854.99840,E,1,11,0.9,6.8,M,44.7,M,,*40
41085 1627986928 0 7 $GNGGA,103527.000,4423.89204,N,00854.99971,E,1,11,0.9,6.4,M,44.7,M,,*4C
41086 1627986929 0 7 $GNGGA,103528.000,4423.89193,N,00855.00103,E,1,11,0.9,5.9,M,44.7,M,,*4C
41087 1627986929 0 3 2.54 0.00
41088 1627986929 0 4 2.52 1.45
41089 1627986929 0 5 0.02
41090 1627986929 0 6 0.06
41091 1627986929 0 1 1.884
41092 1627986930 0 8 4.98 12.29 11.89
41093 1627986930 0 0 26.29 8.26 163.6 61.35 104.2 6.46 173.8 17.1 183.2 1.48 41.20 13.9
41094 1627986930 0 7 $GNGGA,103529.000,4423.89171,N,00855.00227,E,1,11,0.9,5.5,M,44.7,M,,*48
41095 1627986930 0 2 0.04640000 3.13140010 1.33210003 0.02410000 2.71280002 0.00400000 0.05070000 0.20559999 1.00000000 88.97499847
41096 1627986931 0 7 $GNGGA,103530.000,4423.89145,N,00855.00346,E,1,11,0.9,5.3,M,44.7,M,,*47
41097 1627986932 0 7 $GNGGA,103531.000,4423.89124,N,00855.00466,E,1,11,0.9,4.9,M,44.7,M,,*4F
41098 1627986932 0 3 2.54 0.00
41099 1627986932 0 4 2.52 1.45
41100 1627986932 0 5 0.02
41101 1627986932 0 6 0.06
41102 1627986932 0 8 4.98 12.29 11.89
41103 1627986933 0 1 1.802
41104 1627986933 0 0 26.30 8.27 163.6 61.29 104.1 6.45 173.9 17.1 183.1 1.47 41.15 13.9
41105 1627986933 0 7 $GNGGA,103532.000,4423.89110,N,00855.00574,E,1,11,0.9,4.7,M,44.7,M,,*47
41106 1627986934 0 7 $GNGGA,103533.000,4423.89096,N,00855.00685,E,1,11,0.9,4.4,M,44.7,M,,*47
41107 1627986935 0 7 $GNGGA,103534.000,4423.89068,N,00855.00787,E,1,11,0.9,4.5,M,44.7,M,,*43
41108 1627986935 0 3 2.54 0.00
41109 1627986935 0 4 2.52 1.45
41110 1627986935 0 5 0.02
41111 1627986935 0 6 0.08
41112 1627986935 0 1 1.822
41113 1627986936 0 8 4.98 12.31 11.89
41114 1627986936 0 0 26.30 8.26 163.6 61.25 104.1 6.46 173.6 17.1 182.7 1.49 41.13 13.9
41115 1627986936 0 7 $GNGGA,103535.000,4423.89035,N,00855.00887,E,1,11,0.9,4.5,M,44.7,M,,*45
41116 1627986937 0 7 $GNGGA,103536.000,4423.89012,N,00855.00987,E,1,11,0.9,4.6,M,44.7,M,,*41
41117 1627986938 0 7 $GNGGA,103537.000,4423.88984,N,00855.01104,E,1,11,0.9,4.6,M,44.7,M,,*45
41118 1627986938 0 3 2.54 0.00
41119 1627986938 0 4 2.52 1.45
41120 1627986938 0 5 0.03
41121 1627986938 0 6 0.07
41122 1627986938 0 8 4.98 12.29 11.89
41123 1627986939 0 1 2.003
41124 1627986939 0 0 26.30 8.26 163.6 61.33 104.1 6.45 173.7 17.1 182.7 1.53 41.19 13.9
41125 1627986939 0 7 $GNGGA,103538.000,4423.88957,N,00855.01211,E,1,11,0.9,4.6,M,44.7,M,,*43
41126 1627986940 0 7 $GNGGA,103539.000,4423.88938,N,00855.01319,E,1,11,0.9,4.9,M,44.7,M,,*4D
41127 1627986941 0 7 $GNGGA,103540.000,4423.88928,N,00855.01426,E,1,11,0.9,5.2,M,44.7,M,,*43
41128 1627986941 0 3 2.54 0.00
41129 1627986941 0 4 2.52 1.45
41130 1627986941 0 5 0.02
41131 1627986941 0 6 0.07
41132 1627986942 0 1 1.986
41133 1627986942 0 8 4.98 12.32 11.91
41134 1627986942 0 0 26.30 8.26 163.6 61.21 104.1 6.45 173.8 17.1 182.8 1.53 41.09 13.9
41135 1627986942 0 7 $GNGGA,103541.000,4423.88920,N,00855.01542,E,1,11,0.9,5.2,M,44.7,M,,*49
41136 1627986943 0 7 $GNGGA,103542.000,4423.88901,N,00855.01648,E,1,11,0.9,5.2,M,44.7,M,,*40
41137 1627986944 0 7 $GNGGA,103543.000,4423.88875,N,00855.01750,E,1,11,0.9,5.4,M,44.7,M,,*4D
41138 1627986944 0 3 2.54 0.00
41139 1627986944 0 4 2.52 1.45
41140 1627986944 0 5 0.02
41141 1627986944 0 6 0.09
41142 1627986944 0 8 4.98 12.29 11.89
41143 1627986945 0 1 1.896
41144 1627986945 0 0 26.30 8.26 163.6 61.27 104.0 6.45 173.9 17.1 183.0 1.49 41.14 13.9
41145 1627986945 0 7 $GNGGA,103544.000,4423.88848,N,00855.01842,E,1,11,0.9,5.7,M,44.7,M,,*4B
41146 1627986946 0 7 $GNGGA,103545.000,4423.88835,N,00855.01959,E,1,11,0.9,5.2,M,44.7,M,,*4E
41147 1627986947 0 7 $GNGGA,103546.000,4423.88809,N,00855.02084,E,1,11,0.9,5.0,M,44.7,M,,*4A
41148 1627986947 0 3 2.54 0.00
41149 1627986947 0 4 2.52 1.46
41150 1627986947 0 5 0.02
41151 1627986948 0 6 0.08
41152 1627986948 0 1 2.366
41153 1627986948 0 8 4.98 12.32 11.89
41154 1627986948 0 0 26.30 8.26 163.6 61.36 104.0 6.44 173.7 17.1 182.5 1.54 41.21 13.9
41155 1627986948 0 7 $GNGGA,103547.000,4423.88777,N,00855.02222,E,1,11,0.9,4.6,M,44.7,M,,*44
41156 1627986949 0 7 $GNGGA,103548.000,4423.88740,N,00855.02361,E,1,11,0.9,4.3,M,44.7,M,,*4C
41157 1627986950 0 7 $GNGGA,103549.000,4423.88718,N,00855.02509,E,1,11,0.9,4.0,M,44.7,M,,*4B
41158 1627986950 0 3 2.54 0.00
41159 1627986950 0 4 2.52 1.46
41160 1627986950 0 5 0.03
41161 1627986950 0 6 0.05
41162 1627986950 0 1 1.929
41163 1627986951 0 8 4.98 12.29 11.89
41164 1627986951 0 0 26.29 8.26 163.5 61.30 103.9 6.44 173.8 17.1 182.8 1.54 41.16 13.8
41165 1627986951 0 7 $GNGGA,103550.000,4423.88686,N,00855.02642,E,1,11,0.9,3.9,M,44.7,M,,*47
41166 1627986952 0 7 $GNGGA,103551.000,4423.88653,N,00855.02755,E,1,11,0.9,3.6,M,44.7,M,,*46
41167 1627986953 0 7 $GNGGA,103552.000,4423.88624,N,00855.02869,E,1,11,0.9,3.2,M,44.7,M,,*41
41168 1627986953 0 3 2.54 0.00
41169 1627986953 0 4 2.52 1.46
41170 1627986953 0 5 0.02
41171 1627986953 0 6 0.07
41172 1627986953 0 8 4.97 12.29 11.89
41173 1627986954 0 1 2.005
41174 1627986954 0 0 26.29 8.26 163.6 61.33 103.9 6.44 174.0 17.1 182.4 1.48 41.18 13.9
41175 1627986954 0 7 $GNGGA,103553.000,4423.88595,N,00855.02988,E,1,11,0.9,3.2,M,44.7,M,,*47
41176 1627986955 0 7 $GNGGA,103554.000,4423.88565,N,00855.03112,E,1,11,0.9,3.2,M,44.7,M,,*45
41177 1627986956 0 7 $GNGGA,103555.000,4423.88540,N,00855.03235,E,1,11,0.9,2.8,M,44.7,M,,*4E
41178 1627986956 0 3 2.54 0.00
41179 1627986956 0 4 2.52 1.46
41180 1627986956 0 5 0.03
41181 1627986956 0 6 0.06
41182 1627986956 0 1 2.033
41183 1627986957 0 8 4.98 12.29 11.89
41184 1627986957 0 0 26.26 8.26 163.6 61.24 103.9 6.44 174.1 17.1 183.2 1.54 41.12 13.9
41185 1627986957 0 7 $GNGGA,103556.000,4423.88517,N,00855.03352,E,1,11,0.9,2.4,M,44.7,M,,*43
41186 1627986958 0 7 $GNGGA,103557.000,4423.88491,N,00855.03479,E,1,11,0.9,2.0,M,44.7,M,,*47
41187 1627986959 0 7 $GNGGA,103558.000,4423.88461,N,00855.03614,E,1,11,0.9,1.4,M,44.7,M,,*49
41188 1627986959 0 3 2.54 0.00
41189 1627986959 0 4 2.52 1.45
41190 1627986959 0 5 0.02
41191 1627986959 0 6 0.16
41192 1627986959 0 8 4.98 12.29 11.89
41193 1627986960 0 1 2.072
41194 1627986960 0 0 26.24 8.26 163.6 61.28 103.8 6.44 174.1 17.1 183.6 1.57 41.15 13.7
41195 1627986960 0 7 $GNGGA,103559.000,4423.88439,N,00855.03713,E,1,11,0.9,1.2,M,44.7,M,,*45
41196 1627986961 0 7 $GNGGA,103600.000,4423.88424,N,00855.03822,E,1,11,0.9,1.2,M,44.7,M,,*4B
41197 1627986962 0 7 $GNGGA,103601.000,4423.88393,N,00855.03945,E,1,11,0.9,1.4,M,44.7,M,,*47
41198 1627986962 0 3 2.54 0.00
41199 1627986962 0 4 2.52 1.45
41200 1627986962 0 5 0.02
41201 1627986962 0 6 0.19
41202 1627986962 0 1 1.986
41203 1627986963 0 8 4.98 12.31 11.89
41204 1627986963 0 0 26.22 8.26 163.6 61.36 103.8 6.44 174.7 17.0 183.3 1.50 41.21 13.8
41205 1627986963 0 7 $GNGGA,103602.000,4423.88362,N,00855.04057,E,1,11,0.9,1.9,M,44.7,M,,*4A
41206 1627986964 0 7 $GNGGA,103603.000,4423.88333,N,00855.04165,E,1,11,0.9,2.1,M,44.7,M,,*44
41207 1627986965 0 7 $GNGGA,103604.000,4423.88311,N,00855.04242,E,1,11,0.9,2.4,M,44.7,M,,*40
41208 1627986965 0 3 2.54 0.00
41209 1627986965 0 4 2.52 1.45
41210 1627986965 0 5 0.02
41211 1627986965 0 6 0.15
41212 1627986965 0 8 4.98 12.29 11.89
41213 1627986966 0 1 2.183
41214 1627986966 0 0 26.22 8.26 163.5 61.27 103.8 6.44 174.6 17.1 183.0 1.47 41.14 13.9
41215 1627986966 0 7 $GNGGA,103605.000,4423.88282,N,00855.04327,E,1,11,0.9,2.7,M,44.7,M,,*4B
41216 1627986967 0 7 $GNGGA,103606.000,4423.88253,N,00855.04427,E,1,11,0.9,2.7,M,44.7,M,,*43
41217 1627986968 0 7 $GNGGA,103607.000,4423.88226,N,00855.04540,E,1,11,0.9,2.5,M,44.7,M,,*42
41218 1627986968 0 3 2.54 0.00
41219 1627986968 0 4 2.52 1.45
41220 1627986968 0 5 0.02
41221 1627986968 0 6 0.13
41222 1627986968 0 1 2.434
41223 1627986969 0 8 4.98 12.33 11.89
41224 1627986969 0 0 26.32 8.26 163.6 61.28 103.7 6.43 173.5 17.1 181.8 1.46 41.15 13.7
41225 1627986969 0 7 $GNGGA,103608.000,4423.88194,N,00855.04638,E,1,11,0.9,2.4,M,44.7,M,,*4A
41226 1627986970 0 7 $GNGGA,103609.000,4423.88161,N,00855.04744,E,1,11,0.9,2.3,M,44.7,M,,*4C
41227 1627986971 0 7 $GNGGA,103610.000,4423.88126,N,00855.04845,E,1,11,0.9,2.3,M,44.7,M,,*49
41228 1627986971 0 3 2.54 0.00
41229 1627986971 0 4 2.52 1.45
41230 1627986971 0 5 0.02
41231 1627986971 0 6 0.17
41232 1627986971 0 8 4.98 12.29 11.89
41233 1627986972 0 1 2.139
41234 1627986972 0 0 26.34 8.26 163.6 61.31 103.7 6.42 173.2 17.1 181.8 1.49 41.17 13.7
41235 1627986972 0 7 $GNGGA,103611.000,4423.88101,N,00855.04941,E,1,11,0.9,2.1,M,44.7,M,,*4A
41236 1627986973 0 7 $GNGGA,103612.000,4423.88067,N,00855.05051,E,1,11,0.9,1.9,M,44.7,M,,*4A
41237 1627986974 0 7 $GNGGA,103613.000,4423.88020,N,00855.05180,E,1,11,0.9,1.8,M,44.7,M,,*44
41238 1627986974 0 3 2.54 0.00
41239 1627986974 0 4 2.52 1.45
41240 1627986974 0 5 0.02
41241 1627986974 0 6 0.16
41242 1627986975 0 1 2.838
41243 1627986975 0 8 4.98 12.33 11.89
41244 1627986975 0 0 26.33 8.26 163.6 61.32 103.6 6.42 173.4 17.1 182.0 1.47 41.18 13.8
41245 1627986975 0 7 $GNGGA,103614.000,4423.87982,N,00855.05292,E,1,11,0.9,1.7,M,44.7,M,,*42
41246 1627986976 0 7 $GNGGA,103615.000,4423.87956,N,00855.05396,E,1,11,0.9,2.0,M,44.7,M,,*4B
41247 1627986977 0 7 $GNGGA,103616.000,4423.87936,N,00855.05503,E,1,11,0.9,2.1,M,44.7,M,,*45
41248 1627986977 0 3 2.54 0.00
41249 1627986977 0 4 2.52 1.45
41250 1627986977 0 5 0.02
41251 1627986977 0 6 0.17
41252 1627986977 0 1 2.479
41253 1627986978 0 8 4.98 12.29 11.89
41254 1627986978 0 0 26.33 8.26 163.6 61.34 103.6 6.42 173.4 17.1 182.1 1.43 41.19 13.7
41255 1627986978 0 7 $GNGGA,103617.000,4423.87924,N,00855.05601,E,1,11,0.9,2.4,M,44.7,M,,*43
41256 1627986979 0 7 $GNGGA,103618.000,4423.87915,N,00855.05702,E,1,11,0.9,2.8,M,44.7,M,,*40
41257 1627986980 0 7 $GNGGA,103619.000,4423.87915,N,00855.05798,E,1,11,0.9,3.6,M,44.7,M,,*4D
41258 1627986980 0 3 2.54 0.00
41259 1627986980 0 4 2.52 1.45
41260 1627986980 0 5 0.02
41261 1627986980 0 6 0.15
41262 1627986980 0 8 4.98 12.29 11.89
41263 1627986981 0 1 2.528
41264 1627986981 0 0 26.32 8.26 163.5 61.32 103.6 6.41 173.7 17.1 182.4 1.36 41.18 13.8
41265 1627986981 0 7 $GNGGA,103620.000,4423.87924,N,00855.05901,E,1,11,0.9,4.0,M,44.7,M,,*4A
41266 1627986982 0 7 $GNGGA,103621.000,4423.87914,N,00855.06016,E,1,11,0.9,4.0,M,44.7,M,,*44
41267 1627986983 0 7 $GNGGA,103622.000,4423.87874,N,00855.06127,E,1,11,0.9,4.1,M,44.7,M,,*42
41268 1627986983 0 3 2.54 0.00
41269 1627986983 0 4 2.52 1.45
41270 1627986983 0 5 0.02
41271 1627986983 0 6 0.17
41272 1627986983 0 1 2.235
41273 1627986984 0 8 4.98 12.29 11.89
41274 1627986984 0 0 26.33 8.26 163.5 61.35 103.6 6.41 173.7 17.1 182.4 1.38 41.20 13.8
41275 1627986984 0 7 $GNGGA,103623.000,4423.87840,N,00855.06226,E,1,11,0.9,4.7,M,44.7,M,,*40
41276 1627986985 0 7 $GNGGA,103624.000,4423.87807,N,00855.06329,E,1,11,0.9,5.3,M,44.7,M,,*4F
41277 1627986986 0 7 $GNGGA,103625.000,4423.87791,N,00855.06421,E,1,11,0.9,5.6,M,44.7,M,,*44
41278 1627986986 0 3 2.54 0.00
41279 1627986986 0 4 2.52 1.45
41280 1627986986 0 5 0.02
41281 1627986986 0 6 0.19
41282 1627986986 0 8 4.98 12.29 11.89
41283 1627986987 0 1 2.166
41284 1627986987 0 0 26.33 8.26 163.5 61.32 103.6 6.42 173.8 17.1 182.3 1.40 41.18 13.8
41285 1627986987 0 7 $GNGGA,103626.000,4423.87788,N,00855.06498,E,1,11,0.9,5.7,M,44.7,M,,*4C
41286 1627986988 0 7 $GNGGA,103627.000,4423.87774,N,00855.06585,E,1,11,0.9,5.9,M,44.7,M,,*4D
41287 1627986989 0 7 $GNGGA,103628.000,4423.87739,N,00855.06682,E,1,11,0.9,6.4,M,44.7,M,,*41
41288 1627986989 0 3 2.54 0.00
41289 1627986989 0 4 2.52 1.45
41290 1627986989 0 5 0.02
41291 1627986989 0 6 0.19
41292 1627986989 0 1 2.063
41293 1627986990 0 8 4.98 12.32 11.87
41294 1627986990 0 0 26.33 8.26 163.5 61.29 103.6 6.42 173.5 17.1 182.1 1.40 41.15 13.8
41295 1627986990 0 7 $GNGGA,103629.000,4423.87698,N,00855.06784,E,1,11,0.9,6.3,M,44.7,M,,*4A
41296 1627986991 0 7 $GNGGA,103630.000,4423.87670,N,00855.06883,E,1,11,0.9,6.3,M,44.7,M,,*4C
41297 1627986992 0 7 $GNGGA,103631.000,4423.87660,N,00855.06989,E,1,11,0.9,6.4,M,44.7,M,,*40
41298 1627986992 0 3 2.54 0.00
41299 1627986992 0 4 2.52 1.45
41300 1627986992 0 5 0.02
41301 1627986992 0 6 0.12
41302 1627986992 0 8 4.98 12.13 11.87
41303 1627986993 0 1 2.322
41304 1627986993 0 0 26.32 8.26 163.5 61.23 103.6 6.42 173.7 17.1 182.6 1.38 41.11 13.8
41305 1627986993 0 7 $GNGGA,103632.000,4423.87660,N,00855.07097,E,1,11,0.9,6.4,M,44.7,M,,*44
41306 1627986994 0 7 $GNGGA,103633.000,4423.87668,N,00855.07214,E,1,11,0.9,6.1,M,44.7,M,,*41
41307 1627986995 0 7 $GNGGA,103634.000,4423.87680,N,00855.07339,E,1,11,0.9,5.9,M,44.7,M,,*45
41308 1627986995 0 3 2.54 0.00
41309 1627986995 0 4 2.52 1.45
41310 1627986995 0 5 0.02
41311 1627986995 0 6 0.15
41312 1627986996 0 1 2.356
41313 1627986996 0 8 4.98 12.32 11.89
41314 1627986996 0 0 26.32 8.26 163.5 61.31 103.7 6.42 173.9 17.1 182.5 1.40 41.17 13.8
41315 1627986996 0 7 $GNGGA,103635.000,4423.87711,N,00855.07446,E,1,11,0.9,5.8,M,44.7,M,,*43
41316 1627986997 0 7 $GNGGA,103636.000,4423.87719,N,00855.07549,E,1,11,0.9,5.6,M,44.7,M,,*48
41317 1627986998 0 7 $GNGGA,103637.000,4423.87723,N,00855.07667,E,1,11,0.9,5.2,M,44.7,M,,*4B
41318 1627986998 0 3 2.54 0.00
41319 1627986998 0 4 2.52 1.46
41320 1627986998 0 5 0.02
41321 1627986998 0 6 0.18
41322 1627986998 0 8 4.98 12.19 11.89
41323 1627986999 0 1 2.233
41324 1627986999 0 0 26.32 8.26 163.5 61.24 103.7 6.43 173.8 17.1 182.6 1.40 41.12 13.8
41325 1627986999 0 7 $GNGGA,103638.000,4423.87713,N,00855.07792,E,1,11,0.9,4.6,M,44.7,M,,*49
41326 1627987000 0 7 $GNGGA,103639.000,4423.87721,N,00855.07895,E,1,11,0.9,4.8,M,44.7,M,,*4F
41327 1627987001 0 7 $GNGGA,103640.000,4423.87732,N,00855.08009,E,1,11,0.9,5.0,M,44.7,M,,*48
41328 1627987001 0 3 2.54 0.00
41329 1627987001 0 4 2.52 1.46
41330 1627987001 0 5 0.02
41331 1627987001 0 6 0.27
41332 1627987001 0 1 2.768
41333 1627987002 0 8 4.98 12.17 11.87
41334 1627987002 0 0 26.32 8.26 163.5 61.34 103.8 6.43 173.7 17.1 182.2 1.49 41.19 13.8
41335 1627987002 0 7 $GNGGA,103641.000,4423.87737,N,00855.08116,E,1,11,0.9,5.2,M,44.7,M,,*41
41336 1627987003 0 7 $GNGGA,103642.000,4423.87728,N,00855.08223,E,1,11,0.9,5.6,M,44.7,M,,*4D
41337 1627987004 0 7 $GNGGA,103643.000,4423.87718,N,00855.08333,E,1,11,0.9,5.6,M,44.7,M,,*4F
41338 1627987004 0 3 2.54 0.00
41339 1627987004 0 4 2.52 1.45
41340 1627987004 0 5 0.02
41341 1627987004 0 6 0.17
41342 1627987004 0 1 2.227
41343 1627987005 0 8 4.98 12.28 11.89
41344 1627987005 0 0 26.32 8.26 163.5 61.24 103.9 6.44 173.8 17.1 182.5 1.46 41.12 13.9
41345 1627987005 0 7 $GNGGA,103644.000,4423.87708,N,00855.08444,E,1,11,0.9,5.8,M,44.7,M,,*40
41346 1627987006 0 7 $GNGGA,103645.000,4423.87697,N,00855.08560,E,1,11,0.9,6.3,M,44.7,M,,*49
41347 1627987007 0 7 $GNGGA,103646.000,4423.87689,N,00855.08676,E,1,11,0.9,6.3,M,44.7,M,,*41
41348 1627987007 0 3 2.54 0.00
41349 1627987007 0 4 2.52 1.46
41350 1627987007 0 5 0.02
41351 1627987007 0 6 0.16
41352 1627987007 0 8 4.98 12.14 11.87
41353 1627987008 0 1 2.182
41354 1627987008 0 0 26.32 8.26 163.4 61.31 104.0 6.44 173.9 17.1 181.8 1.43 41.17 13.9
41355 1627987008 0 7 $GNGGA,103647.000,4423.87673,N,00855.08793,E,1,11,0.9,6.1,M,44.7,M,,*4D
41356 1627987009 0 7 $GNGGA,103648.000,4423.87661,N,00855.08899,E,1,11,0.9,6.0,M,44.7,M,,*45
41357 1627987010 0 7 $GNGGA,103649.000,4423.87657,N,00855.08998,E,1,11,0.9,6.5,M,44.7,M,,*44
41358 1627987010 0 3 2.54 0.00
41359 1627987010 0 4 2.52 1.45
41360 1627987010 0 5 0.02
41361 1627987010 0 6 0.14
41362 1627987010 0 1 2.207
41363 1627987011 0 8 4.98 12.30 11.89
41364 1627987011 0 0 26.32 8.26 163.5 61.38 104.0 6.44 173.7 17.1 182.5 1.42 41.22 13.9
41365 1627987011 0 7 $GNGGA,103650.000,4423.87654,N,00855.09105,E,1,11,0.9,6.5,M,44.7,M,,*42
41366 1627987012 0 7 $GNGGA,103651.000,4423.87643,N,00855.09231,E,1,11,0.9,6.8,M,44.7,M,,*4C
41367 1627987013 0 7 $GNGGA,103652.000,4423.87637,N,00855.09374,E,1,11,0.9,7.0,M,44.7,M,,*45
41368 1627987013 0 3 2.54 0.00
41369 1627987013 0 4 2.52 1.46
41370 1627987013 0 5 0.02
41371 1627987013 0 6 0.18
41372 1627987013 0 8 4.98 12.29 11.89
41373 1627987014 0 1 2.448
41374 1627987014 0 0 26.31 8.26 163.5 61.34 104.2 6.45 173.9 17.1 182.3 1.45 41.19 13.9
41375 1627987014 0 7 $GNGGA,103653.000,4423.87630,N,00855.09503,E,1,11,0.9,7.5,M,44.7,M,,*40
41376 1627987015 0 7 $GNGGA,103654.000,4423.87625,N,00855.09621,E,1,11,0.9,7.9,M,44.7,M,,*4C
41377 1627987016 0 7 $GNGGA,103655.000,4423.87618,N,00855.09739,E,1,11,0.9,8.7,M,44.7,M,,*4A
41378 1627987016 0 3 2.54 0.00
41379 1627987016 0 4 2.52 1.46
41380 1627987016 0 5 0.02
41381 1627987016 0 6 0.20
41382 1627987017 0 1 2.239
41383 1627987017 0 8 4.98 12.30 11.89
41384 1627987017 0 0 26.31 8.26 163.4 61.34 104.3 6.46 173.9 17.1 182.6 1.48 41.20 13.9
41385 1627987017 0 7 $GNGGA,103656.000,4423.87611,N,00855.09863,E,1,11,0.9,9.5,M,44.7,M,,*43
41386 1627987018 0 7 $GNGGA,103657.000,4423.87610,N,00855.09989,E,1,11,0.9,10.5,M,44.7,M,,*7E
41387 1627987019 0 7 $GNGGA,103658.000,4423.87606,N,00855.10113,E,1,11,0.9,11.1,M,44.7,M,,*70
41388 1627987019 0 3 2.54 0.00
41389 1627987019 0 4 2.52 1.46
41390 1627987019 0 5 0.03
41391 1627987019 0 6 0.20
41392 1627987019 0 8 4.98 12.29 11.89
41393 1627987020 0 1 2.132
41394 1627987020 0 0 26.32 8.26 163.4 61.28 104.3 6.46 173.8 17.1 182.2 1.49 41.15 13.9
41395 1627987020 0 7 $GNGGA,103659.000,4423.87610,N,00855.10204,E,1,11,0.9,11.6,M,44.7,M,,*74
41396 1627987021 0 7 $GNGGA,103700.000,4423.87605,N,00855.10298,E,1,11,0.9,11.8,M,44.7,M,,*76
41397 1627987022 0 7 $GNGGA,103701.000,4423.87578,N,00855.10393,E,1,11,0.9,12.1,M,44.7,M,,*7E
41398 1627987022 0 3 2.54 0.00
41399 1627987022 0 4 2.52 1.46
41400 1627987022 0 5 0.03
41401 1627987022 0 6 0.12
41402 1627987022 0 1 2.666
41403 1627987023 0 8 4.98 12.31 11.89
41404 1627987023 0 0 26.31 8.26 163.4 61.32 104.4 6.47 174.0 17.1 182.2 1.48 41.18 13.9
41405 1627987023 0 7 $GNGGA,103702.000,4423.87553,N,00855.10488,E,1,11,0.9,12.2,M,44.7,M,,*7A
41406 1627987024 0 7 $GNGGA,103703.000,4423.87545,N,00855.10584,E,1,11,0.9,12.1,M,44.7,M,,*72
41407 1627987025 0 7 $GNGGA,103704.000,4423.87546,N,00855.10680,E,1,11,0.9,11.7,M,44.7,M,,*74
41408 1627987025 0 3 2.54 0.00
41409 1627987025 0 4 2.52 1.45
41410 1627987025 0 5 0.02
41411 1627987025 0 6 0.14
41412 1627987025 0 8 4.98 12.29 11.89
41413 1627987026 0 1 2.352
41414 1627987026 0 0 26.32 8.26 163.5 61.29 104.6 6.48 173.9 17.1 182.2 1.44 41.15 13.9
41415 1627987026 0 7 $GNGGA,103705.000,4423.87545,N,00855.10776,E,1,11,0.9,11.5,M,44.7,M,,*7C
41416 1627987027 0 7 $GNGGA,103706.000,4423.87546,N,00855.10865,E,1,11,0.9,11.8,M,44.7,M,,*7C
41417 1627987028 0 7 $GNGGA,103707.000,4423.87560,N,00855.10954,E,1,11,0.9,11.9,M,44.7,M,,*7B
41418 1627987028 0 3 2.54 0.00
41419 1627987028 0 4 2.52 1.45
41420 1627987028 0 5 0.02
41421 1627987028 0 6 0.16
41422 1627987028 0 1 2.983
41423 1627987029 0 8 4.98 12.32 11.89
41424 1627987029 0 0 26.33 8.26 163.4 61.30 104.7 6.49 173.7 17.1 182.1 1.47 41.16 13.9
41425 1627987029 0 7 $GNGGA,103708.000,4423.87574,N,00855.11067,E,1,11,0.9,12.1,M,44.7,M,,*72
41426 1627987030 0 7 $GNGGA,103709.000,4423.87577,N,00855.11163,E,1,11,0.9,12.2,M,44.7,M,,*76
41427 1627987031 0 7 $GNGGA,103710.000,4423.87581,N,00855.11262,E,1,11,0.9,12.6,M,44.7,M,,*71
41428 1627987031 0 3 2.54 0.00
41429 1627987031 0 4 2.52 1.45
41430 1627987031 0 5 0.02
41431 1627987031 0 6 0.15
41432 1627987031 0 1 2.342
41433 1627987032 0 8 4.98 12.29 11.89
41434 1627987032 0 0 26.33 8.26 163.4 61.30 104.9 6.50 173.9 17.1 182.5 1.45 41.16 13.9
41435 1627987032 0 7 $GNGGA,103711.000,4423.87599,N,00855.11374,E,1,11,0.9,13.0,M,44.7,M,,*78
41436 1627987033 0 7 $GNGGA,103712.000,4423.87604,N,00855.11492,E,1,11,0.9,13.3,M,44.7,M,,*70
41437 1627987034 0 7 $GNGGA,103713.000,4423.87615,N,00855.11608,E,1,11,0.9,13.4,M,44.7,M,,*77
41438 1627987034 0 3 2.54 0.00
41439 1627987034 0 4 2.52 1.45
41440 1627987034 0 5 0.02
41441 1627987034 0 6 0.16
41442 1627987034 0 8 4.98 12.29 11.89
41443 1627987035 0 1 2.699
41444 1627987035 0 0 26.31 8.26 163.4 61.33 105.0 6.50 174.0 17.1 182.3 1.43 41.19 13.9
41445 1627987035 0 7 $GNGGA,103714.000,4423.87651,N,00855.11709,E,1,11,0.9,13.4,M,44.7,M,,*70
41446 1627987036 0 7 $GNGGA,103715.000,4423.87681,N,00855.11810,E,1,11,0.9,13.6,M,44.7,M,,*79
41447 1627987037 0 7 $GNGGA,103716.000,4423.87705,N,00855.11897,E,1,11,0.9,13.6,M,44.7,M,,*78
41448 1627987037 0 3 2.54 0.00
41449 1627987037 0 4 2.52 1.45
41450 1627987037 0 5 0.02
41451 1627987037 0 6 0.26
41452 1627987038 0 1 2.464
41453 1627987038 0 8 4.98 12.29 11.89
41454 1627987038 0 0 26.31 8.26 163.4 61.32 106.0 6.56 173.8 17.1 182.4 1.45 41.18 13.9
41455 1627987038 0 7 $GNGGA,103717.000,4423.87727,N,00855.12006,E,1,11,0.9,13.6,M,44.7,M,,*7A
41456 1627987039 0 7 $GNGGA,103718.000,4423.87744,N,00855.12116,E,1,11,0.9,13.4,M,44.7,M,,*72
41457 1627987040 0 7 $GNGGA,103719.000,4423.87778,N,00855.12213,E,1,11,0.9,13.0,M,44.7,M,,*7E
41458 1627987040 0 3 2.54 0.00
41459 1627987040 0 4 2.52 1.45
41460 1627987040 0 5 0.02
41461 1627987040 0 6 0.20
41462 1627987040 0 8 4.98 12.29 11.89
41463 1627987041 0 1 2.236
41464 1627987041 0 0 26.33 8.26 163.4 61.27 105.8 6.56 173.6 17.1 182.3 1.39 41.14 13.9
41465 1627987041 0 7 $GNGGA,103720.000,4423.87821,N,00855.12311,E,1,11,0.9,12.7,M,44.7,M,,*72
41466 1627987042 0 7 $GNGGA,103721.000,4423.87855,N,00855.12434,E,1,11,0.9,12.3,M,44.7,M,,*74
41467 1627987043 0 7 $GNGGA,103722.000,4423.87866,N,00855.12557,E,1,11,0.9,11.8,M,44.7,M,,*7B
41468 1627987043 0 3 2.54 0.00
41469 1627987043 0 4 2.52 1.46
41470 1627987043 0 5 0.02
41471 1627987043 0 6 0.13
41472 1627987043 0 1 2.271
41473 1627987044 0 8 4.98 12.32 11.89
41474 1627987044 0 0 26.33 8.26 163.4 61.28 105.8 6.56 173.7 17.1 182.1 1.36 41.15 13.9
41475 1627987044 0 7 $GNGGA,103723.000,4423.87883,N,00855.12692,E,1,11,0.9,11.4,M,44.7,M,,*77
41476 1627987045 0 7 $GNGGA,103724.000,4423.87901,N,00855.12819,E,1,11,0.9,11.2,M,44.7,M,,*70
41477 1627987046 0 7 $GNGGA,103725.000,4423.87948,N,00855.12925,E,1,11,0.9,10.8,M,44.7,M,,*79
41478 1627987046 0 3 2.54 0.00
41479 1627987046 0 4 2.52 1.46
41480 1627987046 0 5 0.02
41481 1627987046 0 6 0.18
41482 1627987046 0 8 4.98 12.29 11.89
41483 1627987047 0 1 2.338
41484 1627987047 0 0 26.33 8.26 163.4 61.32 105.7 6.55 173.8 17.1 182.4 1.34 41.18 13.9
41485 1627987047 0 7 $GNGGA,103726.000,4423.87987,N,00855.13022,E,1,11,0.9,10.7,M,44.7,M,,*79
41486 1627987048 0 7 $GNGGA,103727.000,4423.88026,N,00855.13129,E,1,11,0.9,10.4,M,44.7,M,,*7C
41487 1627987049 0 7 $GNGGA,103728.000,4423.88060,N,00855.13239,E,1,11,0.9,10.2,M,44.7,M,,*75
41488 1627987049 0 3 2.54 0.00
41489 1627987049 0 4 2.52 1.46
41490 1627987049 0 5 0.02
41491 1627987049 0 6 0.14
41492 1627987049 0 1 2.323
41493 1627987050 0 8 4.98 12.33 11.89
41494 1627987050 0 0 26.33 8.26 163.4 61.35 105.7 6.55 173.8 17.1 182.1 1.36 41.20 13.9
41495 1627987050 0 7 $GNGGA,103729.000,4423.88088,N,00855.13343,E,1,11,0.9,10.2,M,44.7,M,,*7E
41496 1627987050 0 2 0.04980000 3.49020004 1.38460004 0.02680000 2.70250010 0.00410000 0.05450000 0.22050001 1.00000000 88.19899749
41497 1627987051 0 7 $GNGGA,103730.000,4423.88126,N,00855.13447,E,1,11,0.9,10.0,M,44.7,M,,*72
41498 1627987052 0 7 $GNGGA,103731.000,4423.88171,N,00855.13551,E,1,11,0.9,9.6,M,44.7,M,,*49
41499 1627987052 0 3 2.54 0.00
41500 1627987052 0 4 2.52 1.45
41501 1627987052 0 5 0.02
41502 1627987052 0 6 0.15
41503 1627987052 0 8 4.98 12.29 11.89
41504 1627987053 0 1 2.061
41505 1627987053 0 0 26.33 8.26 163.3 61.24 105.8 6.55 173.8 17.1 182.3 1.31 41.11 13.9
41506 1627987053 0 7 $GNGGA,103732.000,4423.88208,N,00855.13648,E,1,11,0.9,9.3,M,44.7,M,,*49
41507 1627987054 0 7 $GNGGA,103733.000,4423.88259,N,00855.13755,E,1,11,0.9,9.2,M,44.7,M,,*40
41508 1627987055 0 7 $GNGGA,103734.000,4423.88325,N,00855.13863,E,1,11,0.9,9.0,M,44.7,M,,*45
41509 1627987055 0 3 2.54 0.00
41510 1627987055 0 4 2.52 1.45
41511 1627987055 0 5 0.03
41512 1627987055 0 6 0.19
41513 1627987056 0 1 2.715
41514 1627987056 0 8 4.98 12.32 11.89
41515 1627987056 0 0 26.33 8.26 163.4 61.25 105.8 6.55 173.8 17.1 182.5 1.21 41.12 13.9
41516 1627987056 0 7 $GNGGA,103735.000,4423.88394,N,00855.13999,E,1,11,0.9,8.9,M,44.7,M,,*42
41517 1627987057 0 7 $GNGGA,103736.000,4423.88470,N,00855.14114,E,1,11,0.9,8.7,M,44.7,M,,*48
41518 1627987058 0 7 $GNGGA,103737.000,4423.88525,N,00855.14234,E,1,11,0.9,8.7,M,44.7,M,,*49
41519 1627987058 0 3 2.54 0.00
41520 1627987058 0 4 2.52 1.46
41521 1627987058 0 5 0.02
41522 1627987058 0 6 0.19
41523 1627987059 0 1 2.033
41524 1627987059 0 8 4.98 12.29 11.89
41525 1627987059 0 0 26.33 8.26 163.4 61.26 105.8 6.55 173.8 17.1 182.2 1.24 41.13 13.9
41526 1627987059 0 7 $GNGGA,103738.000,4423.88569,N,00855.14358,E,1,11,0.9,8.6,M,44.7,M,,*44
41527 1627987060 0 7 $GNGGA,103739.000,4423.88607,N,00855.14476,E,1,11,0.9,8.8,M,44.7,M,,*4B
41528 1627987061 0 7 $GNGGA,103740.000,4423.88677,N,00855.14578,E,1,11,0.9,8.9,M,44.7,M,,*4C
41529 1627987061 0 3 2.54 0.00
41530 1627987061 0 4 2.52 1.45
41531 1627987061 0 5 0.03
41532 1627987061 0 6 0.14
41533 1627987062 0 8 4.98 12.29 11.89
41534 1627987062 0 1 2.037
41535 1627987062 0 0 26.33 8.26 163.3 61.29 105.7 6.55 173.9 17.1 182.1 1.21 41.16 13.9
41536 1627987062 0 7 $GNGGA,103741.000,4423.88745,N,00855.14685,E,1,11,0.9,8.9,M,44.7,M,,*4C
41537 1627987063 0 7 $GNGGA,103742.000,4423.88790,N,00855.14794,E,1,11,0.9,9.0,M,44.7,M,,*4E
41538 1627987064 0 7 $GNGGA,103743.000,4423.88865,N,00855.14897,E,1,11,0.9,8.3,M,44.7,M,,*44
41539 1627987064 0 3 2.54 0.00
41540 1627987064 0 4 2.52 1.46
41541 1627987064 0 5 0.03
41542 1627987064 0 6 0.15
41543 1627987064 0 1 2.261
41544 1627987065 0 8 4.98 12.29 11.89
41545 1627987065 0 0 26.33 8.26 163.3 61.29 105.7 6.55 174.0 17.1 182.2 1.25 41.15 13.9
41546 1627987065 0 7 $GNGGA,103744.000,4423.88957,N,00855.14974,E,1,11,0.9,7.9,M,44.7,M,,*4A
41547 1627987066 0 7 $GNGGA,103745.000,4423.89019,N,00855.15071,E,1,11,0.9,7.6,M,44.7,M,,*4B
41548 1627987067 0 7 $GNGGA,103746.000,4423.89071,N,00855.15169,E,1,11,0.9,7.7,M,44.7,M,,*4F
41549 1627987067 0 3 2.54 0.00
41550 1627987067 0 4 2.52 1.46
41551 1627987067 0 5 0.02
41552 1627987067 0 6 0.17
41553 1627987068 0 8 4.98 12.29 11.89
41554 1627987068 0 1 2.176
41555 1627987068 0 0 26.32 8.26 163.3 61.29 105.6 6.54 174.0 17.1 182.4 1.21 41.15 13.9
41556 1627987068 0 7 $GNGGA,103747.000,4423.89120,N,00855.15264,E,1,11,0.9,7.6,M,44.7,M,,*44
41557 1627987069 0 7 $GNGGA,103748.000,4423.89164,N,00855.15365,E,1,11,0.9,7.4,M,44.7,M,,*49
41558 1627987070 0 7 $GNGGA,103749.000,4423.89206,N,00855.15435,E,1,11,0.9,7.0,M,44.7,M,,*49
41559 1627987070 0 3 2.54 0.00
41560 1627987070 0 4 2.51 1.46
41561 1627987070 0 5 0.02
41562 1627987070 0 6 0.21
41563 1627987071 0 1 2.054
41564 1627987071 0 8 4.98 12.32 11.89
41565 1627987071 0 0 26.33 8.26 163.3 61.31 105.7 6.54 173.9 17.1 182.4 1.20 41.17 13.9
41566 1627987071 0 7 $GNGGA,103750.000,4423.89238,N,00855.15509,E,1,11,0.9,6.9,M,44.7,M,,*4A
41567 1627987072 0 7 $GNGGA,103751.000,4423.89312,N,00855.15547,E,1,11,0.9,6.4,M,44.7,M,,*45
41568 1627987073 0 7 $GNGGA,103752.000,4423.89375,N,00855.15633,E,1,11,0.9,6.0,M,44.7,M,,*43
41569 1627987073 0 3 2.54 0.00
41570 1627987073 0 4 2.52 1.46
41571 1627987073 0 5 0.02
41572 1627987073 0 6 0.18
41573 1627987074 0 8 4.98 12.29 11.89
41574 1627987074 0 1 2.353
41575 1627987074 0 0 26.32 8.26 163.4 61.27 105.7 6.55 174.0 17.1 182.7 1.20 41.14 13.9
41576 1627987074 0 7 $GNGGA,103753.000,4423.89413,N,00855.15697,E,1,11,0.9,6.5,M,44.7,M,,*4E
41577 1627987075 0 7 $GNGGA,103754.000,4423.89465,N,00855.15779,E,1,11,0.9,6.5,M,44.7,M,,*49
41578 1627987076 0 7 $GNGGA,103755.000,4423.89524,N,00855.15867,E,1,11,0.9,6.5,M,44.7,M,,*4C
41579 1627987076 0 3 2.54 0.00
41580 1627987076 0 4 2.52 1.45
41581 1627987076 0 5 0.03
41582 1627987076 0 6 0.16
41583 1627987077 0 1 2.319
41584 1627987077 0 8 4.98 12.33 11.89
41585 1627987077 0 0 26.32 8.26 163.3 61.30 105.7 6.55 173.9 17.1 182.3 1.20 41.16 13.9
41586 1627987077 0 7 $GNGGA,103756.000,4423.89591,N,00855.15934,E,1,11,0.9,6.3,M,44.7,M,,*40
41587 1627987078 0 7 $GNGGA,103757.000,4423.89673,N,00855.15985,E,1,11,0.9,5.9,M,44.7,M,,*4D
41588 1627987079 0 7 $GNGGA,103758.000,4423.89738,N,00855.16035,E,1,11,0.9,5.5,M,44.7,M,,*41
41589 1627987079 0 3 2.54 0.00
41590 1627987079 0 4 2.52 1.46
41591 1627987079 0 5 0.02
41592 1627987079 0 6 0.18
41593 1627987080 0 8 4.98 12.29 11.87
41594 1627987080 0 1 2.140
41595 1627987080 0 0 26.34 8.26 163.3 61.21 105.7 6.55 173.9 17.1 182.1 1.17 41.09 13.9
41596 1627987080 0 7 $GNGGA,103759.000,4423.89802,N,00855.16066,E,1,11,0.9,5.7,M,44.7,M,,*42
41597 1627987081 0 7 $GNGGA,103800.000,4423.89866,N,00855.16126,E,1,11,0.9,5.9,M,44.7,M,,*48
41598 1627987082 0 7 $GNGGA,103801.000,4423.89928,N,00855.16189,E,1,11,0.9,6.3,M,44.7,M,,*4E
41599 1627987082 0 3 2.54 0.00
41600 1627987082 0 4 2.52 1.46
41601 1627987082 0 5 0.02
41602 1627987082 0 6 0.19
41603 1627987083 0 1 2.646
41604 1627987083 0 8 4.98 12.33 11.89
41605 1627987083 0 0 26.33 8.26 163.4 61.33 105.7 6.54 173.7 17.1 182.2 1.20 41.19 13.9
41606 1627987083 0 7 $GNGGA,103802.000,4423.89994,N,00855.16249,E,1,11,0.9,6.8,M,44.7,M,,*4E
41607 1627987084 0 7 $GNGGA,103803.000,4423.90058,N,00855.16336,E,1,11,0.9,7.2,M,44.7,M,,*4C
41608 1627987085 0 7 $GNGGA,103804.000,4423.90110,N,00855.16425,E,1,11,0.9,7.4,M,44.7,M,,*45
41609 1627987085 0 3 2.54 0.00
41610 1627987085 0 4 2.52 1.46
41611 1627987085 0 5 0.03
41612 1627987085 0 6 0.20
41613 1627987086 0 1 2.264
41614 1627987086 0 8 4.98 12.29 11.89
41615 1627987086 0 0 26.33 8.26 163.3 61.32 105.7 6.54 173.8 17.1 182.4 1.20 41.18 13.9
41616 1627987086 0 7 $GNGGA,103805.000,4423.90148,N,00855.16526,E,1,11,0.9,7.6,M,44.7,M,,*49
41617 1627987087 0 7 $GNGGA,103806.000,4423.90183,N,00855.16617,E,1,11,0.9,7.8,M,44.7,M,,*42
41618 1627987088 0 7 $GNGGA,103807.000,4423.90225,N,00855.16699,E,1,11,0.9,7.9,M,44.7,M,,*4B
41619 1627987088 0 3 2.54 0.00
41620 1627987088 0 4 2.51 1.46
41621 1627987088 0 5 0.03
41622 1627987088 0 6 0.18
41623 1627987089 0 8 4.98 12.30 11.89
41624 1627987089 0 1 2.120
41625 1627987089 0 0 26.34 8.26 163.3 61.27 105.7 6.55 173.8 17.1 182.2 1.19 41.14 13.9
41626 1627987089 0 7 $GNGGA,103808.000,4423.90272,N,00855.16770,E,1,11,0.9,8.0,M,44.7,M,,*46
41627 1627987090 0 7 $GNGGA,103809.000,4423.90324,N,00855.16849,E,1,11,0.9,8.1,M,44.7,M,,*41
41628 1627987091 0 7 $GNGGA,103810.000,4423.90408,N,00855.16929,E,1,11,0.9,8.0,M,44.7,M,,*46
41629 1627987091 0 3 2.54 0.00
41630 1627987091 0 4 2.52 1.46
41631 1627987091 0 5 0.02
41632 1627987091 0 6 0.19
41633 1627987092 0 1 2.159
41634 1627987092 0 8 4.98 12.30 11.89
41635 1627987092 0 0 26.33 8.26 163.3 61.28 105.7 6.55 174.0 17.1 182.6 1.11 41.14 14.0
41636 1627987092 0 7 $GNGGA,103811.000,4423.90504,N,00855.17005,E,1,11,0.9,7.8,M,44.7,M,,*4B
41637 1627987093 0 7 $GNGGA,103812.000,4423.90601,N,00855.17071,E,1,11,0.9,7.9,M,44.7,M,,*4C
41638 1627987094 0 7 $GNGGA,103813.000,4423.90688,N,00855.17134,E,1,11,0.9,8.1,M,44.7,M,,*4B
41639 1627987094 0 3 2.54 0.00
41640 1627987094 0 4 2.52 1.49
41641 1627987094 0 5 0.03
41642 1627987094 0 6 0.18
41643 1627987095 0 8 4.98 12.29 11.89
41644 1627987095 0 1 2.072
41645 1627987095 0 0 26.33 8.26 163.3 61.40 105.7 6.54 173.8 17.1 182.3 1.14 41.24 14.0
41646 1627987095 0 7 $GNGGA,103814.000,4423.90784,N,00855.17216,E,1,11,0.9,8.1,M,44.7,M,,*42
41647 1627987096 0 7 $GNGGA,103815.000,4423.90879,N,00855.17300,E,1,11,0.9,8.1,M,44.7,M,,*48
41648 1627987097 0 7 $GNGGA,103816.000,4423.90996,N,00855.17386,E,1,11,0.9,7.8,M,44.7,M,,*43
41649 1627987097 0 3 2.54 0.00
41650 1627987097 0 4 2.51 1.48
41651 1627987098 0 5 0.02
41652 1627987098 0 6 0.24
41653 1627987098 0 1 1.902
41654 1627987098 0 8 4.98 12.32 11.89
41655 1627987098 0 0 26.33 8.27 163.3 61.30 105.7 6.55 173.8 17.0 182.2 1.16 41.16 14.0
41656 1627987098 0 7 $GNGGA,103817.000,4423.91098,N,00855.17477,E,1,11,0.9,7.5,M,44.7,M,,*40
41657 1627987099 0 7 $GNGGA,103818.000,4423.91150,N,00855.17548,E,1,11,0.9,7.4,M,44.7,M,,*46
41658 1627987100 0 7 $GNGGA,103819.000,4423.91212,N,00855.17612,E,1,11,0.9,7.5,M,44.7,M,,*4F
41659 1627987100 0 3 2.54 0.00
41660 1627987100 0 4 2.51 1.48
41661 1627987100 0 5 0.02
41662 1627987101 0 6 0.19
41663 1627987101 0 8 4.98 12.29 11.87
41664 1627987101 0 1 2.058
41665 1627987101 0 0 26.33 8.27 163.3 61.35 105.8 6.55 173.8 17.1 182.3 1.19 41.20 14.0
41666 1627987101 0 7 $GNGGA,103820.000,4423.91273,N,00855.17659,E,1,11,0.9,7.6,M,44.7,M,,*4E
41667 1627987102 0 7 $GNGGA,103821.000,4423.91334,N,00855.17704,E,1,11,0.9,8.0,M,44.7,M,,*4D
41668 1627987103 0 7 $GNGGA,103822.000,4423.91394,N,00855.17758,E,1,11,0.9,8.1,M,44.7,M,,*4C
41669 1627987103 0 3 2.54 0.00
41670 1627987103 0 4 2.51 1.47
41671 1627987103 0 5 0.03
41672 1627987103 0 6 0.24
41673 1627987103 0 1 2.182
41674 1627987104 0 8 4.98 12.33 11.89
41675 1627987104 0 0 26.33 8.27 163.2 61.33 105.8 6.55 174.1 17.1 182.6 1.15 41.18 14.0
41676 1627987104 0 7 $GNGGA,103823.000,4423.91455,N,00855.17798,E,1,11,0.9,8.3,M,44.7,M,,*49
41677 1627987105 0 7 $GNGGA,103824.000,4423.91518,N,00855.17837,E,1,11,0.9,8.6,M,44.7,M,,*49
41678 1627987106 0 7 $GNGGA,103825.000,4423.91585,N,00855.17895,E,1,11,0.9,8.8,M,44.7,M,,*4A
41679 1627987106 0 3 2.54 0.00
41680 1627987106 0 4 2.51 1.48
41681 1627987106 0 5 0.02
41682 1627987106 0 6 0.14
41683 1627987106 0 8 4.98 12.29 11.87
41684 1627987106 0 1 1.981
41685 1627987107 0 0 26.33 8.27 163.2 61.32 105.8 6.55 173.7 17.1 182.5 1.09 41.18 14.0
41686 1627987107 0 7 $GNGGA,103826.000,4423.91652,N,00855.17953,E,1,11,0.9,9.3,M,44.7,M,,*41
41687 1627987108 0 7 $GNGGA,103827.000,4423.91724,N,00855.18019,E,1,11,0.9,9.2,M,44.7,M,,*49
41688 1627987109 0 7 $GNGGA,103828.000,4423.91817,N,00855.18082,E,1,11,0.9,8.8,M,44.7,M,,*40
41689 1627987109 0 3 2.54 0.00
41690 1627987109 0 4 2.51 1.51
41691 1627987109 0 5 0.02
41692 1627987109 0 6 0.18
41693 1627987109 0 8 4.98 12.33 11.89
41694 1627987109 0 0 26.32 8.27 163.2 61.28 105.8 6.55 173.9 17.1 182.2 1.08 41.15 14.0
41695 1627987110 0 7 $GNGGA,103829.000,4423.91934,N,00855.18128,E,1,11,0.9,8.0,M,44.7,M,,*48
41696 1627987111 0 7 $GNGGA,103830.000,4423.92033,N,00855.18172,E,1,11,0.9,7.7,M,44.7,M,,*4A
41697 1627987112 0 7 $GNGGA,103831.000,4423.92119,N,00855.18205,E,1,11,0.9,8.1,M,44.7,M,,*48
41698 1627987112 0 3 2.54 0.00
41699 1627987112 0 4 2.51 1.49
41700 1627987112 0 5 0.02
41701 1627987112 0 6 0.23
41702 1627987112 0 8 4.98 12.17 11.87
41703 1627987112 0 0 26.33 8.27 163.2 61.30 105.8 6.55 173.9 17.1 182.0 1.19 41.16 14.0
41704 1627987113 0 7 $GNGGA,103832.000,4423.92190,N,00855.18254,E,1,11,0.9,8.9,M,44.7,M,,*46
41705 1627987114 0 7 $GNGGA,103833.000,4423.92278,N,00855.18309,E,1,11,0.9,9.1,M,44.7,M,,*42
41706 1627987115 0 7 $GNGGA,103834.000,4423.92358,N,00855.18367,E,1,11,0.9,9.3,M,44.7,M,,*4C
41707 1627987115 0 3 2.54 0.00
41708 1627987115 0 4 2.51 1.49
41709 1627987115 0 5 0.02
41710 1627987115 0 6 0.17
41711 1627987115 0 8 4.98 12.33 11.89
41712 1627987115 0 0 26.32 8.27 163.2 61.37 105.8 6.55 173.8 17.1 182.3 1.21 41.22 14.0
41713 1627987116 0 7 $GNGGA,103835.000,4423.92448,N,00855.18421,E,1,11,0.9,8.7,M,44.7,M,,*4B
41714 1627987117 0 7 $GNGGA,103836.000,4423.92540,N,00855.18459,E,1,11,0.9,8.3,M,44.7,M,,*4A
41715 1627987118 0 7 $GNGGA,103837.000,4423.92659,N,00855.18507,E,1,11,0.9,6.8,M,44.7,M,,*4F
41716 1627987118 0 3 2.54 0.00
41717 1627987118 0 4 2.52 1.49
41718 1627987118 0 5 0.03
41719 1627987118 0 6 0.18
41720 1627987118 0 8 4.98 12.19 11.87
41721 1627987119 0 0 26.32 8.27 163.2 61.24 105.8 6.56 174.0 17.1 182.8 1.05 41.12 14.0
41722 1627987119 0 7 $GNGGA,103838.000,4423.92751,N,00855.18554,E,1,11,0.9,6.2,M,44.7,M,,*45
41723 1627987119 0 1 2.103
41724 1627987120 0 7 $GNGGA,103839.000,4423.92824,N,00855.18591,E,1,11,0.9,5.8,M,44.7,M,,*49
41725 1627987121 0 7 $GNGGA,103840.000,4423.92901,N,00855.18647,E,1,11,0.9,5.5,M,44.7,M,,*44
41726 1627987121 0 3 2.54 0.00
41727 1627987121 0 4 2.52 1.49
41728 1627987121 0 5 0.02
41729 1627987121 0 6 0.17
41730 1627987121 0 8 4.98 12.14 11.87
41731 1627987122 0 1 2.071
41732 1627987122 0 0 26.32 8.27 163.2 61.30 105.8 6.55 173.9 17.1 182.2 1.04 41.16 14.1
41733 1627987122 0 7 $GNGGA,103841.000,4423.92989,N,00855.18691,E,1,11,0.9,5.2,M,44.7,M,,*49
41734 1627987123 0 7 $GNGGA,103842.000,4423.93053,N,00855.18719,E,1,11,0.9,5.2,M,44.7,M,,*44
41735 1627987124 0 7 $GNGGA,103843.000,4423.93114,N,00855.18759,E,1,11,0.9,5.2,M,44.7,M,,*43
41736 1627987124 0 3 2.54 0.00
41737 1627987124 0 4 2.52 1.49
41738 1627987124 0 5 0.03
41739 1627987124 0 6 0.14
41740 1627987124 0 1 2.294
41741 1627987125 0 8 4.98 12.33 11.89
41742 1627987125 0 0 26.32 8.27 163.1 61.31 105.8 6.55 173.8 17.1 181.9 1.03 41.17 14.1
41743 1627987125 0 7 $GNGGA,103844.000,4423.93199,N,00855.18799,E,1,11,0.9,4.8,M,44.7,M,,*46
41744 1627987126 0 7 $GNGGA,103845.000,4423.93280,N,00855.18845,E,1,11,0.9,4.9,M,44.7,M,,*43
41745 1627987127 0 7 $GNGGA,103846.000,4423.93362,N,00855.18891,E,1,11,0.9,4.8,M,44.7,M,,*45
41746 1627987127 0 3 2.54 0.00
41747 1627987127 0 4 2.51 1.50
41748 1627987127 0 5 0.02
41749 1627987127 0 6 0.17
41750 1627987127 0 8 4.97 12.14 11.87
41751 1627987127 0 1 2.022
41752 1627987128 0 0 26.32 8.27 163.1 61.33 105.8 6.55 173.8 17.1 182.1 1.04 41.18 14.0
41753 1627987128 0 7 $GNGGA,103847.000,4423.93429,N,00855.18929,E,1,11,0.9,4.7,M,44.7,M,,*41
41754 1627987129 0 7 $GNGGA,103848.000,4423.93486,N,00855.18957,E,1,11,0.9,5.1,M,44.7,M,,*45
41755 1627987130 0 7 $GNGGA,103849.000,4423.93539,N,00855.19001,E,1,11,0.9,5.7,M,44.7,M,,*4C
41756 1627987130 0 3 2.54 0.00
41757 1627987130 0 4 2.52 1.49
41758 1627987130 0 5 0.02
41759 1627987130 0 6 0.16
41760 1627987130 0 1 2.679
41761 1627987131 0 8 4.98 12.33 11.89
41762 1627987131 0 0 26.32 8.27 163.1 61.24 105.8 6.56 173.8 17.1 181.5 1.04 41.12 14.1
41763 1627987131 0 7 $GNGGA,103850.000,4423.93606,N,00855.19061,E,1,11,0.9,6.3,M,44.7,M,,*4A
41764 1627987132 0 7 $GNGGA,103851.000,4423.93676,N,00855.19111,E,1,11,0.9,7.1,M,44.7,M,,*49
41765 1627987133 0 7 $GNGGA,103852.000,4423.93740,N,00855.19150,E,1,11,0.9,7.8,M,44.7,M,,*42
41766 1627987133 0 3 2.54 0.00
41767 1627987133 0 4 2.51 1.49
41768 1627987133 0 5 0.02
41769 1627987133 0 6 0.17
41770 1627987133 0 1 2.105
41771 1627987134 0 8 4.98 12.29 11.89
41772 1627987134 0 0 26.32 8.27 163.1 61.38 105.8 6.55 173.6 17.1 181.6 1.04 41.22 14.1
41773 1627987134 0 7 $GNGGA,103853.000,4423.93797,N,00855.19180,E,1,11,0.9,8.3,M,44.7,M,,*40
41774 1627987135 0 7 $GNGGA,103854.000,4423.93866,N,00855.19203,E,1,11,0.9,8.9,M,44.7,M,,*44
41775 1627987136 0 7 $GNGGA,103855.000,4423.93935,N,00855.19226,E,1,11,0.9,9.6,M,44.7,M,,*4B
41776 1627987136 0 3 2.54 0.00
41777 1627987136 0 4 2.51 1.49
41778 1627987136 0 5 0.03
41779 1627987136 0 6 0.12
41780 1627987136 0 8 4.98 12.29 11.89
41781 1627987136 0 1 2.021
41782 1627987137 0 0 26.33 8.27 163.1 61.29 105.8 6.56 173.7 17.1 181.7 1.04 41.15 14.1
41783 1627987137 0 7 $GNGGA,103856.000,4423.94023,N,00855.19267,E,1,11,0.9,9.9,M,44.7,M,,*4B
41784 1627987138 0 7 $GNGGA,103857.000,4423.94106,N,00855.19299,E,1,11,0.9,10.4,M,44.7,M,,*78
41785 1627987139 0 7 $GNGGA,103858.000,4423.94178,N,00855.19341,E,1,11,0.9,10.6,M,44.7,M,,*78
41786 1627987139 0 3 2.54 0.00
41787 1627987139 0 4 2.51 1.49
41788 1627987139 0 5 0.03
41789 1627987139 0 6 0.12
41790 1627987139 0 1 1.881
41791 1627987140 0 8 4.98 12.30 11.89
41792 1627987140 0 0 26.33 8.27 163.1 61.23 105.9 6.56 173.8 17.1 181.5 1.08 41.11 14.1
41793 1627987140 0 7 $GNGGA,103859.000,4423.94245,N,00855.19380,E,1,11,0.9,11.3,M,44.7,M,,*7D
41794 1627987141 0 7 $GNGGA,103900.000,4423.94329,N,00855.19399,E,1,11,0.9,11.9,M,44.7,M,,*79
41795 1627987142 0 7 $GNGGA,103901.000,4423.94429,N,00855.19422,E,1,11,0.9,11.9,M,44.7,M,,*78
41796 1627987142 0 3 2.54 0.00
41797 1627987142 0 4 2.51 1.49
41798 1627987142 0 5 0.02
41799 1627987142 0 6 0.09
41800 1627987142 0 8 4.98 12.29 11.89
41801 1627987142 0 1 1.949
41802 1627987143 0 0 26.33 8.27 163.1 61.33 105.9 6.56 173.6 17.1 181.7 1.04 41.19 14.1
41803 1627987143 0 7 $GNGGA,103902.000,4423.94546,N,00855.19445,E,1,11,0.9,11.4,M,44.7,M,,*7F
41804 1627987144 0 7 $GNGGA,103903.000,4423.94657,N,00855.19475,E,1,11,0.9,10.8,M,44.7,M,,*73
41805 1627987145 0 7 $GNGGA,103904.000,4423.94754,N,00855.19511,E,1,11,0.9,10.7,M,44.7,M,,*7A
41806 1627987145 0 3 2.54 0.00
41807 1627987145 0 4 2.51 1.49
41808 1627987145 0 5 0.02
41809 1627987145 0 6 0.10
41810 1627987145 0 1 1.950
41811 1627987146 0 8 4.98 12.32 11.89
41812 1627987146 0 0 26.33 8.27 163.1 61.31 105.9 6.56 173.6 17.1 181.5 1.04 41.17 14.0
41813 1627987146 0 7 $GNGGA,103905.000,4423.94839,N,00855.19550,E,1,11,0.9,10.5,M,44.7,M,,*78
41814 1627987147 0 7 $GNGGA,103906.000,4423.94918,N,00855.19597,E,1,11,0.9,10.3,M,44.7,M,,*74
41815 1627987148 0 7 $GNGGA,103907.000,4423.95006,N,00855.19634,E,1,11,0.9,9.8,M,44.7,M,,*4B
41816 1627987148 0 3 2.54 0.00
41817 1627987148 0 4 2.51 1.49
41818 1627987148 0 5 0.02
41819 1627987148 0 6 0.10
41820 1627987149 0 8 4.98 12.30 11.89
41821 1627987149 0 1 2.033
41822 1627987149 0 0 26.33 8.27 163.0 61.23 105.9 6.56 173.6 17.1 181.6 1.06 41.11 14.1
41823 1627987149 0 7 $GNGGA,103908.000,4423.95075,N,00855.19672,E,1,11,0.9,9.0,M,44.7,M,,*4A
41824 1627987150 0 7 $GNGGA,103909.000,4423.95160,N,00855.19714,E,1,11,0.9,8.2,M,44.7,M,,*4C
41825 1627987151 0 7 $GNGGA,103910.000,4423.95246,N,00855.19749,E,1,11,0.9,8.0,M,44.7,M,,*49
41826 1627987151 0 3 2.54 0.00
41827 1627987151 0 4 2.51 1.48
41828 1627987151 0 5 0.02
41829 1627987151 0 6 0.16
41830 1627987151 0 1 2.064
41831 1627987152 0 8 4.98 12.33 11.89
41832 1627987152 0 0 26.33 8.27 163.1 61.20 105.9 6.56 173.5 17.1 181.6 1.14 41.09 14.1
41833 1627987152 0 7 $GNGGA,103911.000,4423.95323,N,00855.19798,E,1,11,0.9,8.1,M,44.7,M,,*47
41834 1627987153 0 7 $GNGGA,103912.000,4423.95389,N,00855.19854,E,1,11,0.9,8.2,M,44.7,M,,*48
41835 1627987154 0 7 $GNGGA,103913.000,4423.95455,N,00855.19907,E,1,11,0.9,8.0,M,44.7,M,,*4A
41836 1627987154 0 3 2.54 0.00
41837 1627987154 0 4 2.51 1.46
41838 1627987154 0 5 0.02
41839 1627987154 0 6 0.10
41840 1627987155 0 8 4.98 12.30 11.89
41841 1627987155 0 1 1.852
41842 1627987155 0 0 26.34 8.27 163.1 61.29 105.9 6.56 173.7 17.1 181.7 1.09 41.16 14.1
41843 1627987155 0 7 $GNGGA,103914.000,4423.95508,N,00855.19948,E,1,11,0.9,8.6,M,44.7,M,,*49
41844 1627987156 0 7 $GNGGA,103915.000,4423.95577,N,00855.19980,E,1,12,0.9,9.2,M,44.7,M,,*42
41845 1627987157 0 7 $GNGGA,103916.000,4423.95666,N,00855.20016,E,1,12,0.9,9.6,M,44.7,M,,*4A
41846 1627987157 0 3 2.54 0.00
41847 1627987157 0 4 2.51 1.46
41848 1627987157 0 5 0.03
41849 1627987157 0 6 0.08
41850 1627987157 0 1 2.794
41851 1627987158 0 8 4.98 12.33 11.89
41852 1627987158 0 0 26.33 8.27 163.1 61.31 106.0 6.56 173.6 17.1 181.5 1.04 41.17 14.1
41853 1627987158 0 7 $GNGGA,103917.000,4423.95763,N,00855.20047,E,1,12,0.9,9.8,M,44.7,M,,*45
41854 1627987159 0 7 $GNGGA,103918.000,4423.95834,N,00855.20058,E,1,12,0.9,10.5,M,44.7,M,,*7C
41855 1627987160 0 7 $GNGGA,103919.000,4423.95902,N,00855.20067,E,1,12,0.9,11.0,M,44.7,M,,*71
41856 1627987160 0 3 2.54 0.00
41857 1627987160 0 4 2.52 1.46
41858 1627987160 0 5 0.02
41859 1627987160 0 6 0.09
41860 1627987160 0 1 2.013
41861 1627987161 0 8 4.98 12.29 11.89
41862 1627987161 0 0 26.33 8.27 163.0 61.27 106.0 6.56 173.6 17.1 181.6 1.04 41.14 14.0
41863 1627987161 0 7 $GNGGA,103920.000,4423.95971,N,00855.20089,E,1,12,0.9,11.4,M,44.7,M,,*7B
41864 1627987162 0 7 $GNGGA,103921.000,4423.96048,N,00855.20113,E,1,12,0.9,11.7,M,44.7,M,,*7B
41865 1627987163 0 7 $GNGGA,103922.000,4423.96129,N,00855.20147,E,1,12,0.9,11.8,M,44.7,M,,*70
41866 1627987163 0 3 2.54 0.00
41867 1627987163 0 4 2.51 1.47
41868 1627987163 0 5 0.02
41869 1627987163 0 6 0.09
41870 1627987163 0 8 4.98 12.29 11.89
41871 1627987164 0 1 1.902
41872 1627987164 0 0 26.33 8.27 163.1 61.24 106.0 6.56 173.5 17.1 181.6 1.04 41.11 14.0
41873 1627987164 0 7 $GNGGA,103923.000,4423.96218,N,00855.20191,E,1,12,0.9,11.8,M,44.7,M,,*7B
41874 1627987165 0 7 $GNGGA,103924.000,4423.96303,N,00855.20228,E,1,12,0.9,12.0,M,44.7,M,,*7D
41875 1627987166 0 7 $GNGGA,103925.000,4423.96393,N,00855.20263,E,1,12,0.9,12.1,M,44.7,M,,*7B
41876 1627987166 0 3 2.54 0.00
41877 1627987166 0 4 2.51 1.46
41878 1627987166 0 5 0.03
41879 1627987166 0 6 0.11
41880 1627987166 0 1 1.849
41881 1627987167 0 8 4.98 12.30 11.89
41882 1627987167 0 0 26.34 8.27 163.0 61.26 105.9 6.56 173.5 17.1 181.7 1.06 41.13 14.0
41883 1627987167 0 7 $GNGGA,103926.000,4423.96479,N,00855.20298,E,1,12,0.9,12.4,M,44.7,M,,*7A
41884 1627987168 0 7 $GNGGA,103927.000,4423.96565,N,00855.20326,E,1,12,0.9,12.3,M,44.7,M,,*74
41885 1627987169 0 7 $GNGGA,103928.000,4423.96647,N,00855.20341,E,1,12,0.9,12.0,M,44.7,M,,*7A
41886 1627987169 0 3 2.54 0.00
41887 1627987169 0 4 2.51 1.46
41888 1627987169 0 5 0.03
41889 1627987169 0 6 0.11
41890 1627987169 0 8 4.98 12.29 11.89
41891 1627987169 0 1 1.995
41892 1627987170 0 0 26.33 8.27 163.0 61.26 106.0 6.56 173.5 17.1 181.7 1.04 41.13 14.0
41893 1627987170 0 7 $GNGGA,103929.000,4423.96732,N,00855.20371,E,1,12,0.9,11.6,M,44.7,M,,*7E
41894 1627987170 0 2 0.04080000 2.97020006 1.29809999 0.02280000 2.66659998 0.00390000 0.04880000 0.18080000 1.00000000 89.37000274
41895 1627987171 0 7 $GNGGA,103930.000,4423.96814,N,00855.20406,E,1,12,0.9,11.5,M,44.7,M,,*79
41896 1627987172 0 7 $GNGGA,103931.000,4423.96898,N,00855.20432,E,1,12,0.9,11.4,M,44.7,M,,*7A
41897 1627987172 0 3 2.54 0.00
41898 1627987172 0 4 2.52 1.46
41899 1627987172 0 5 0.02
41900 1627987172 0 6 0.11
41901 1627987172 0 1 1.799
41902 1627987173 0 8 4.98 12.33 11.89
41903 1627987173 0 0 26.34 8.27 163.0 61.28 106.0 6.56 173.4 17.1 181.5 1.04 41.14 14.1
41904 1627987173 0 7 $GNGGA,103932.000,4423.96983,N,00855.20462,E,1,12,0.9,11.3,M,44.7,M,,*70
41905 1627987174 0 7 $GNGGA,103933.000,4423.97074,N,00855.20481,E,1,12,0.9,11.0,M,44.7,M,,*7F
41906 1627987175 0 7 $GNGGA,103934.000,4423.97185,N,00855.20507,E,1,12,0.9,10.3,M,44.7,M,,*7A
41907 1627987175 0 3 2.54 0.00
41908 1627987175 0 4 2.52 1.46
41909 1627987175 0 5 0.02
41910 1627987175 0 6 0.10
41911 1627987175 0 8 4.98 12.29 11.89
41912 1627987175 0 1 1.881
41913 1627987176 0 0 26.34 8.27 163.0 61.28 106.0 6.57 173.6 17.1 181.5 1.04 41.14 14.1
41914 1627987176 0 7 $GNGGA,103935.000,4423.97282,N,00855.20531,E,1,12,0.9,10.3,M,44.7,M,,*7A
41915 1627987177 0 7 $GNGGA,103936.000,4423.97366,N,00855.20551,E,1,12,0.9,10.6,M,44.7,M,,*71
41916 1627987178 0 7 $GNGGA,103937.000,4423.97471,N,00855.20572,E,1,12,0.9,10.0,M,44.7,M,,*76
41917 1627987178 0 3 2.54 0.00
41918 1627987178 0 4 2.51 1.45
41919 1627987178 0 5 0.02
41920 1627987178 0 6 0.13
41921 1627987178 0 1 1.916
41922 1627987179 0 8 4.98 12.31 11.89
41923 1627987179 0 0 26.33 8.27 163.0 61.32 106.0 6.56 173.8 17.0 182.6 1.04 41.18 14.1
41924 1627987179 0 7 $GNGGA,103938.000,4423.97583,N,00855.20581,E,1,12,0.9,9.4,M,44.7,M,,*45
41925 1627987180 0 7 $GNGGA,103939.000,4423.97681,N,00855.20613,E,1,12,0.9,9.2,M,44.7,M,,*4B
41926 1627987181 0 7 $GNGGA,103940.000,4423.97773,N,00855.20672,E,1,12,0.9,9.2,M,44.7,M,,*4E
41927 1627987181 0 3 2.54 0.00
41928 1627987181 0 4 2.51 1.45
41929 1627987181 0 5 0.02
41930 1627987181 0 6 0.11
41931 1627987181 0 8 4.98 12.29 11.89
41932 1627987182 0 1 1.995
41933 1627987182 0 0 26.33 8.27 162.9 61.29 106.0 6.57 173.7 17.1 181.8 1.04 41.15 14.1
41934 1627987182 0 7 $GNGGA,103941.000,4423.97864,N,00855.20726,E,1,12,0.9,9.6,M,44.7,M,,*42
41935 1627987183 0 7 $GNGGA,103942.000,4423.97953,N,00855.20776,E,1,12,0.9,9.7,M,44.7,M,,*40
41936 1627987184 0 7 $GNGGA,103943.000,4423.98038,N,00855.20842,E,1,12,0.9,9.5,M,44.7,M,,*40
41937 1627987184 0 3 2.54 0.00
41938 1627987184 0 4 2.51 1.45
41939 1627987184 0 5 0.03
41940 1627987184 0 6 0.09
41941 1627987184 0 1 2.552
41942 1627987185 0 8 4.98 12.33 11.89
41943 1627987185 0 0 26.32 8.27 163.0 61.33 106.0 6.56 173.8 17.1 181.5 1.04 41.19 14.1
41944 1627987185 0 7 $GNGGA,103944.000,4423.98129,N,00855.20904,E,1,12,0.9,9.4,M,44.7,M,,*44
41945 1627987186 0 7 $GNGGA,103945.000,4423.98223,N,00855.20952,E,1,12,0.9,9.3,M,44.7,M,,*48
41946 1627987187 0 7 $GNGGA,103946.000,4423.98311,N,00855.20979,E,1,12,0.9,9.5,M,44.7,M,,*44
41947 1627987187 0 3 2.54 0.00
41948 1627987187 0 4 2.52 1.45
41949 1627987187 0 5 0.02
41950 1627987187 0 6 0.09
41951 1627987187 0 1 1.965
41952 1627987188 0 8 4.98 12.29 11.89
41953 1627987188 0 0 26.32 8.27 163.0 61.32 106.0 6.57 173.7 17.1 181.5 1.04 41.18 14.1
41954 1627987188 0 7 $GNGGA,103947.000,4423.98409,N,00855.21009,E,1,12,0.9,9.6,M,44.7,M,,*47
41955 1627987189 0 7 $GNGGA,103948.000,4423.98512,N,00855.21031,E,1,12,0.9,9.7,M,44.7,M,,*49
41956 1627987190 0 7 $GNGGA,103949.000,4423.98619,N,00855.21052,E,1,12,0.9,9.9,M,44.7,M,,*4B
41957 1627987190 0 3 2.54 0.00
41958 1627987190 0 4 2.51 1.44
41959 1627987190 0 5 0.02
41960 1627987190 0 6 0.10
41961 1627987190 0 8 4.98 12.29 11.89
41962 1627987191 0 1 1.899
41963 1627987191 0 0 26.32 8.27 163.0 61.29 106.0 6.57 173.7 17.1 181.4 1.04 41.15 14.1
41964 1627987191 0 7 $GNGGA,103950.000,4423.98721,N,00855.21074,E,1,12,0.9,10.5,M,44.7,M,,*79
41965 1627987192 0 7 $GNGGA,103951.000,4423.98826,N,00855.21101,E,1,12,0.9,10.9,M,44.7,M,,*7F
41966 1627987193 0 7 $GNGGA,103952.000,4423.98926,N,00855.21124,E,1,12,0.9,11.3,M,44.7,M,,*71
41967 1627987193 0 3 2.54 0.00
41968 1627987193 0 4 2.51 1.45
41969 1627987193 0 5 0.02
41970 1627987193 0 6 0.11
41971 1627987193 0 1 1.939
41972 1627987194 0 8 4.98 12.30 11.89
41973 1627987194 0 0 26.32 8.27 163.0 61.25 105.9 6.56 173.6 17.1 181.3 1.04 41.13 14.1
41974 1627987194 0 7 $GNGGA,103953.000,4423.99038,N,00855.21160,E,1,12,0.9,11.4,M,44.7,M,,*70
41975 1627987195 0 7 $GNGGA,103954.000,4423.99122,N,00855.21188,E,1,12,0.9,12.0,M,44.7,M,,*7C
41976 1627987196 0 7 $GNGGA,103955.000,4423.99199,N,00855.21207,E,1,12,0.9,12.4,M,44.7,M,,*7D
41977 1627987196 0 3 2.54 0.00
41978 1627987196 0 4 2.51 1.45
41979 1627987196 0 5 0.02
41980 1627987196 0 6 0.09
41981 1627987196 0 8 4.98 12.29 11.89
41982 1627987197 0 1 1.941
41983 1627987197 0 0 26.31 8.27 163.0 61.27 106.0 6.57 173.7 17.1 181.9 1.04 41.14 14.1
41984 1627987197 0 7 $GNGGA,103956.000,4423.99273,N,00855.21234,E,1,12,0.9,12.9,M,44.7,M,,*74
41985 1627987198 0 7 $GNGGA,103957.000,4423.99361,N,00855.21255,E,1,12,0.9,13.5,M,44.7,M,,*7D
41986 1627987199 0 7 $GNGGA,103958.000,4423.99446,N,00855.21263,E,1,12,0.9,14.1,M,44.7,M,,*76
41987 1627987199 0 3 2.54 0.00
41988 1627987199 0 4 2.51 1.45
41989 1627987199 0 5 0.02
41990 1627987199 0 6 0.11
41991 1627987199 0 1 1.780
41992 1627987200 0 8 4.98 12.32 11.89
41993 1627987200 0 0 26.32 8.27 162.9 61.31 106.0 6.57 173.6 17.1 181.3 1.04 41.17 14.1
41994 1627987200 0 7 $GNGGA,103959.000,4423.99533,N,00855.21265,E,1,12,0.9,14.7,M,44.7,M,,*74
41995 1627987201 0 7 $GNGGA,104000.000,4423.99622,N,00855.21257,E,1,12,0.9,15.1,M,44.7,M,,*73
41996 1627987202 0 7 $GNGGA,104001.000,4423.99743,N,00855.21262,E,1,12,0.9,15.5,M,44.7,M,,*76
41997 1627987202 0 3 2.54 0.00
41998 1627987202 0 4 2.51 1.46
41999 1627987202 0 5 0.02
42000 1627987202 0 6 0.10
42001 1627987202 0 8 4.98 12.29 11.87
42002 1627987203 0 1 1.766
42003 1627987203 0 0 26.31 8.27 162.9 61.30 106.0 6.57 173.6 17.1 181.3 1.04 41.16 14.1
42004 1627987203 0 7 $GNGGA,104002.000,4423.99855,N,00855.21265,E,1,12,0.9,15.9,M,44.7,M,,*76
42005 1627987204 0 7 $GNGGA,104003.000,4423.99956,N,00855.21260,E,1,12,0.9,16.1,M,44.7,M,,*7B
42006 1627987205 0 7 $GNGGA,104004.000,4424.00042,N,00855.21259,E,1,12,0.9,16.6,M,44.7,M,,*7A
42007 1627987205 0 3 2.54 0.00
42008 1627987205 0 4 2.51 1.46
42009 1627987205 0 5 0.02
42010 1627987205 0 6 0.12
42011 1627987206 0 1 1.726
42012 1627987206 0 8 4.98 12.33 11.89
42013 1627987206 0 0 26.31 8.27 162.9 61.35 106.0 6.57 173.6 17.1 181.6 1.04 41.20 14.1
42014 1627987206 0 7 $GNGGA,104005.000,4424.00140,N,00855.21255,E,1,12,0.9,16.7,M,44.7,M,,*75
42015 1627987207 0 7 $GNGGA,104006.000,4424.00261,N,00855.21256,E,1,12,0.9,16.8,M,44.7,M,,*7A
42016 1627987208 0 7 $GNGGA,104007.000,4424.00337,N,00855.21248,E,1,12,0.9,17.0,M,44.7,M,,*7F
42017 1627987208 0 3 2.54 0.00
42018 1627987208 0 4 2.51 1.46
42019 1627987208 0 5 0.02
42020 1627987208 0 6 0.11
42021 1627987208 0 8 4.98 12.29 11.89
42022 1627987209 0 1 1.620
42023 1627987209 0 0 26.31 8.27 163.0 61.18 106.0 6.57 173.7 17.1 181.9 1.04 41.07 14.2
42024 1627987209 0 7 $GNGGA,104008.000,4424.00388,N,00855.21245,E,1,12,0.9,17.1,M,44.7,M,,*78
42025 1627987210 0 7 $GNGGA,104009.000,4424.00456,N,00855.21262,E,1,12,0.9,17.0,M,44.7,M,,*79
42026 1627987211 0 7 $GNGGA,104010.000,4424.00515,N,00855.21281,E,1,12,0.9,17.1,M,44.7,M,,*7B
42027 1627987211 0 3 2.54 0.00
42028 1627987211 0 4 2.51 1.46
42029 1627987211 0 5 0.03
42030 1627987211 0 6 0.09
42031 1627987211 0 1 2.456
42032 1627987212 0 8 4.98 12.33 11.89
42033 1627987212 0 0 26.31 8.27 163.0 61.29 106.0 6.57 173.9 17.1 182.0 1.04 41.15 14.2
42034 1627987212 0 7 $GNGGA,104011.000,4424.00558,N,00855.21295,E,1,12,0.9,17.3,M,44.7,M,,*74
42035 1627987213 0 7 $GNGGA,104012.000,4424.00630,N,00855.21306,E,1,12,0.9,17.4,M,44.7,M,,*76
42036 1627987214 0 7 $GNGGA,104013.000,4424.00720,N,00855.21298,E,1,12,0.9,17.7,M,44.7,M,,*72
42037 1627987214 0 3 2.54 0.00
42038 1627987214 0 4 2.51 1.46
42039 1627987214 0 5 0.02
42040 1627987214 0 6 0.10
42041 1627987214 0 1 1.627
42042 1627987215 0 8 4.98 12.29 11.89
42043 1627987215 0 0 26.31 8.27 162.9 61.28 106.0 6.57 173.7 17.1 182.0 1.04 41.14 14.1
42044 1627987215 0 7 $GNGGA,104014.000,4424.00828,N,00855.21289,E,1,12,0.9,17.8,M,44.7,M,,*7D
42045 1627987216 0 7 $GNGGA,104015.000,4424.00934,N,00855.21291,E,1,12,0.9,17.7,M,44.7,M,,*76
42046 1627987217 0 7 $GNGGA,104016.000,4424.01049,N,00855.21313,E,1,12,0.9,17.3,M,44.7,M,,*78
42047 1627987217 0 3 2.54 0.00
42048 1627987217 0 4 2.51 1.46
42049 1627987217 0 5 0.03
42050 1627987217 0 6 0.12
42051 1627987217 0 8 4.98 12.29 11.89
42052 1627987218 0 1 1.919
42053 1627987218 0 0 26.31 8.27 162.9 61.22 106.0 6.57 173.6 17.0 181.2 1.04 41.10 14.0
42054 1627987218 0 7 $GNGGA,104017.000,4424.01165,N,00855.21330,E,1,12,0.9,16.9,M,44.7,M,,*7C
42055 1627987219 0 7 $GNGGA,104018.000,4424.01274,N,00855.21348,E,1,12,0.9,16.6,M,44.7,M,,*70
42056 1627987220 0 7 $GNGGA,104019.000,4424.01367,N,00855.21363,E,1,12,0.9,16.5,M,44.7,M,,*78
42057 1627987220 0 3 2.54 0.00
42058 1627987220 0 4 2.50 1.46
42059 1627987220 0 5 0.02
42060 1627987220 0 6 0.12
42061 1627987220 0 1 1.918
42062 1627987221 0 8 4.98 12.29 11.89
42063 1627987221 0 0 26.31 8.27 162.9 61.25 106.0 6.57 173.7 17.0 181.3 1.04 41.12 14.0
42064 1627987221 0 7 $GNGGA,104020.000,4424.01465,N,00855.21371,E,1,12,0.9,16.2,M,44.7,M,,*73
42065 1627987222 0 7 $GNGGA,104021.000,4424.01555,N,00855.21381,E,1,12,0.9,16.0,M,44.7,M,,*7D
42066 1627987223 0 7 $GNGGA,104022.000,4424.01632,N,00855.21380,E,1,12,0.9,15.8,M,44.7,M,,*76
42067 1627987223 0 3 2.54 0.00
42068 1627987223 0 4 2.51 1.51
42069 1627987223 0 5 0.03
42070 1627987223 0 6 0.10
42071 1627987223 0 8 4.98 12.29 11.89
42072 1627987224 0 1 1.983
42073 1627987224 0 0 26.31 8.26 163.0 61.22 105.9 6.57 173.6 17.0 181.1 0.92 41.10 13.9
42074 1627987224 0 7 $GNGGA,104023.000,4424.01724,N,00855.21367,E,1,12,0.9,15.4,M,44.7,M,,*74
42075 1627987225 0 7 $GNGGA,104024.000,4424.01808,N,00855.21354,E,1,12,0.9,15.4,M,44.7,M,,*72
42076 1627987226 0 7 $GNGGA,104025.000,4424.01906,N,00855.21357,E,1,12,0.9,15.2,M,44.7,M,,*79
42077 1627987226 0 3 2.54 0.00
42078 1627987226 0 4 2.51 1.51
42079 1627987226 0 5 0.02
42080 1627987226 0 6 0.10
42081 1627987227 0 1 1.889
42082 1627987227 0 8 4.98 12.32 11.89
42083 1627987227 0 0 26.31 8.26 162.9 61.23 105.9 6.56 173.6 17.1 181.3 0.91 41.11 13.9
42084 1627987227 0 7 $GNGGA,104026.000,4424.02009,N,00855.21372,E,1,12,0.9,15.2,M,44.7,M,,*78
42085 1627987228 0 7 $GNGGA,104027.000,4424.02131,N,00855.21390,E,1,12,0.9,15.0,M,44.7,M,,*7D
42086 1627987229 0 7 $GNGGA,104028.000,4424.02263,N,00855.21407,E,1,12,0.9,14.7,M,44.7,M,,*79
42087 1627987229 0 3 2.54 0.00
42088 1627987229 0 4 2.51 1.50
42089 1627987229 0 5 0.02
42090 1627987229 0 6 0.10
42091 1627987229 0 8 4.98 12.29 11.89
42092 1627987230 0 1 2.032
42093 1627987230 0 0 26.32 8.26 162.9 61.25 105.9 6.56 173.6 17.1 181.3 0.90 41.13 13.9
42094 1627987230 0 7 $GNGGA,104029.000,4424.02391,N,00855.21425,E,1,12,0.9,14.2,M,44.7,M,,*71
42095 1627987231 0 7 $GNGGA,104030.000,4424.02520,N,00855.21426,E,1,12,0.9,13.4,M,44.7,M,,*77
42096 1627987232 0 7 $GNGGA,104031.000,4424.02630,N,00855.21435,E,1,12,0.9,12.9,M,44.7,M,,*7A
42097 1627987232 0 3 2.54 0.00
42098 1627987232 0 4 2.51 1.51
42099 1627987232 0 5 0.02
42100 1627987232 0 6 0.09
42101 1627987232 0 1 2.060
42102 1627987233 0 8 4.98 12.17 11.87
42103 1627987233 0 0 26.32 8.26 163.0 61.27 105.8 6.56 173.5 17.0 181.0 0.90 41.14 13.9
42104 1627987233 0 7 $GNGGA,104032.000,4424.02724,N,00855.21442,E,1,12,0.9,12.6,M,44.7,M,,*72
42105 1627987234 0 7 $GNGGA,104033.000,4424.02819,N,00855.21461,E,1,12,0.9,12.4,M,44.7,M,,*71
42106 1627987235 0 7 $GNGGA,104034.000,4424.02924,N,00855.21488,E,1,12,0.9,12.2,M,44.7,M,,*78
42107 1627987235 0 3 2.54 0.00
42108 1627987235 0 4 2.51 1.51
42109 1627987235 0 5 0.02
42110 1627987235 0 6 0.11
42111 1627987235 0 8 4.98 12.30 11.89
42112 1627987236 0 1 2.050
42113 1627987236 0 0 26.31 8.26 163.0 61.26 105.8 6.56 173.6 17.0 181.2 0.91 41.13 13.8
42114 1627987236 0 7 $GNGGA,104035.000,4424.03041,N,00855.21502,E,1,12,0.9,11.6,M,44.7,M,,*76
42115 1627987237 0 7 $GNGGA,104036.000,4424.03153,N,00855.21505,E,1,12,0.9,11.3,M,44.7,M,,*75
42116 1627987238 0 7 $GNGGA,104037.000,4424.03239,N,00855.21476,E,1,12,0.9,11.6,M,44.7,M,,*7B
42117 1627987238 0 3 2.54 0.00
42118 1627987238 0 4 2.51 1.51
42119 1627987238 0 5 0.03
42120 1627987238 0 6 0.10
42121 1627987238 0 1 2.617
42122 1627987239 0 8 4.98 12.18 11.87
42123 1627987239 0 0 26.30 8.26 162.9 61.24 105.8 6.56 173.7 17.0 181.0 0.91 41.11 13.8
42124 1627987239 0 7 $GNGGA,104038.000,4424.03334,N,00855.21446,E,1,12,0.9,11.2,M,44.7,M,,*7F
42125 1627987240 0 7 $GNGGA,104039.000,4424.03426,N,00855.21429,E,1,12,0.9,11.0,M,44.7,M,,*71
42126 1627987241 0 7 $GNGGA,104040.000,4424.03531,N,00855.21450,E,1,12,0.9,10.7,M,44.7,M,,*70
42127 1627987241 0 3 2.54 0.00
42128 1627987241 0 4 2.51 1.48
42129 1627987241 0 5 0.02
42130 1627987241 0 6 0.11
42131 1627987241 0 1 2.114
42132 1627987242 0 8 4.98 12.14 11.87
42133 1627987242 0 0 26.29 8.26 162.9 61.29 105.8 6.56 173.6 17.0 181.3 0.90 41.16 13.8
42134 1627987242 0 7 $GNGGA,104041.000,4424.03632,N,00855.21449,E,1,12,0.9,10.5,M,44.7,M,,*7B
42135 1627987243 0 7 $GNGGA,104042.000,4424.03730,N,00855.21476,E,1,12,0.9,10.1,M,44.7,M,,*73
42136 1627987244 0 7 $GNGGA,104043.000,4424.03815,N,00855.21489,E,1,12,0.9,10.3,M,44.7,M,,*78
42137 1627987244 0 3 2.54 0.00
42138 1627987244 0 4 2.51 1.51
42139 1627987244 0 5 0.02
42140 1627987244 0 6 0.10
42141 1627987244 0 8 4.97 12.29 11.89
42142 1627987245 0 1 2.033
42143 1627987245 0 0 26.29 8.26 163.0 61.29 105.7 6.56 173.7 17.0 181.3 0.90 41.16 13.8
42144 1627987245 0 7 $GNGGA,104044.000,4424.03910,N,00855.21509,E,1,12,0.9,10.1,M,44.7,M,,*70
42145 1627987246 0 7 $GNGGA,104045.000,4424.04003,N,00855.21528,E,1,12,0.9,10.0,M,44.7,M,,*7F
42146 1627987247 0 7 $GNGGA,104046.000,4424.04102,N,00855.21532,E,1,12,0.9,10.2,M,44.7,M,,*75
42147 1627987247 0 3 2.54 0.00
42148 1627987247 0 4 2.51 1.51
42149 1627987247 0 5 0.02
42150 1627987247 0 6 0.11
42151 1627987248 0 1 1.986
42152 1627987248 0 8 4.98 12.15 11.87
42153 1627987248 0 0 26.29 8.26 162.9 61.28 105.7 6.55 173.9 17.0 181.6 0.90 41.15 13.8
42154 1627987248 0 7 $GNGGA,104047.000,4424.04209,N,00855.21534,E,1,12,0.9,10.3,M,44.7,M,,*7B
42155 1627987249 0 7 $GNGGA,104048.000,4424.04308,N,00855.21542,E,1,12,0.9,10.1,M,44.7,M,,*77
42156 1627987250 0 7 $GNGGA,104049.000,4424.04397,N,00855.21534,E,1,12,0.9,9.9,M,44.7,M,,*41
42157 1627987250 0 3 2.54 0.00
42158 1627987250 0 4 2.51 1.54
42159 1627987250 0 5 0.02
42160 1627987250 0 6 0.12
42161 1627987250 0 8 4.98 12.29 11.89
42162 1627987251 0 1 1.835
42163 1627987251 0 0 26.29 8.26 163.0 61.33 105.6 6.55 173.7 17.0 181.2 0.90 41.18 13.8
42164 1627987251 0 7 $GNGGA,104050.000,4424.04491,N,00855.21531,E,1,12,0.9,9.7,M,44.7,M,,*43
42165 1627987252 0 7 $GNGGA,104051.000,4424.04592,N,00855.21533,E,1,12,0.9,9.4,M,44.7,M,,*41
42166 1627987253 0 7 $GNGGA,104052.000,4424.04717,N,00855.21556,E,1,12,0.9,8.9,M,44.7,M,,*42
42167 1627987253 0 3 2.54 0.00
42168 1627987253 0 4 2.51 1.52
42169 1627987253 0 5 0.02
42170 1627987253 0 6 0.11
42171 1627987253 0 1 2.138
42172 1627987254 0 8 4.98 12.31 11.89
42173 1627987254 0 0 26.31 8.26 162.9 61.30 105.6 6.55 173.7 17.0 180.8 0.90 41.16 13.9
42174 1627987254 0 7 $GNGGA,104053.000,4424.04821,N,00855.21574,E,1,12,0.9,8.9,M,44.7,M,,*49
42175 1627987255 0 7 $GNGGA,104054.000,4424.04907,N,00855.21587,E,1,12,0.9,9.3,M,44.7,M,,*4C
42176 1627987256 0 7 $GNGGA,104055.000,4424.04987,N,00855.21598,E,1,12,0.9,10.1,M,44.7,M,,*71
42177 1627987256 0 3 2.54 0.00
42178 1627987256 0 4 2.52 1.52
42179 1627987256 0 5 0.02
42180 1627987256 0 6 0.12
42181 1627987256 0 8 4.98 12.29 11.89
42182 1627987257 0 1 2.241
42183 1627987257 0 0 26.32 8.26 163.0 61.29 105.6 6.54 173.5 17.0 181.4 1.01 41.15 13.7
42184 1627987257 0 7 $GNGGA,104056.000,4424.05069,N,00855.21595,E,1,12,0.9,10.6,M,44.7,M,,*70
42185 1627987258 0 7 $GNGGA,104057.000,4424.05156,N,00855.21584,E,1,12,0.9,10.5,M,44.7,M,,*7F
42186 1627987259 0 7 $GNGGA,104058.000,4424.05246,N,00855.21576,E,1,12,0.9,11.0,M,44.7,M,,*7B
42187 1627987259 0 3 2.54 0.00
42188 1627987259 0 4 2.52 1.47
42189 1627987259 0 5 0.02
42190 1627987259 0 6 0.12
42191 1627987259 0 1 2.545
42192 1627987260 0 8 4.98 12.33 11.89
42193 1627987260 0 0 26.32 8.25 163.0 61.30 105.6 6.54 173.4 17.0 181.9 0.90 41.16 13.6
42194 1627987260 0 7 $GNGGA,104059.000,4424.05348,N,00855.21570,E,1,12,0.9,11.4,M,44.7,M,,*77
42195 1627987261 0 7 $GNGGA,104100.000,4424.05456,N,00855.21571,E,1,12,0.9,11.8,M,44.7,M,,*7F
42196 1627987262 0 7 $GNGGA,104101.000,4424.05557,N,00855.21566,E,1,12,0.9,12.4,M,44.7,M,,*77
42197 1627987262 0 3 2.54 0.00
42198 1627987262 0 4 2.51 1.53
42199 1627987262 0 5 0.02
42200 1627987262 0 6 0.12
42201 1627987262 0 8 4.98 12.29 11.89
42202 1627987263 0 1 2.401
42203 1627987263 0 0 26.33 8.25 163.0 61.25 105.6 6.54 173.3 17.0 180.2 0.90 41.13 13.5
42204 1627987263 0 7 $GNGGA,104102.000,4424.05658,N,00855.21564,E,1,12,0.9,12.6,M,44.7,M,,*78
42205 1627987264 0 7 $GNGGA,104103.000,4424.05746,N,00855.21575,E,1,12,0.9,12.6,M,44.7,M,,*77
42206 1627987265 0 7 $GNGGA,104104.000,4424.05837,N,00855.21579,E,1,12,0.9,12.5,M,44.7,M,,*76
42207 1627987265 0 3 2.54 0.00
42208 1627987265 0 4 2.51 1.49
42209 1627987265 0 5 0.02
42210 1627987265 0 6 0.10
42211 1627987265 0 1 3.150
42212 1627987266 0 8 4.98 12.33 11.89
42213 1627987266 0 0 26.31 8.25 163.0 61.29 105.5 6.54 173.5 17.0 181.1 0.93 41.16 13.5
42214 1627987266 0 7 $GNGGA,104105.000,4424.05929,N,00855.21582,E,1,12,0.9,12.5,M,44.7,M,,*7D
42215 1627987267 0 7 $GNGGA,104106.000,4424.06034,N,00855.21580,E,1,12,0.9,12.5,M,44.7,M,,*7A
42216 1627987268 0 7 $GNGGA,104107.000,4424.06146,N,00855.21585,E,1,12,0.9,12.2,M,44.7,M,,*7D
42217 1627987268 0 3 2.54 0.00
42218 1627987268 0 4 2.52 1.53
42219 1627987268 0 5 0.02
42220 1627987268 0 6 0.11
42221 1627987269 0 1 2.730
42222 1627987269 0 8 4.98 12.30 11.89
42223 1627987269 0 0 26.33 8.25 163.0 61.20 105.5 6.54 173.1 17.0 181.2 1.22 41.09 13.5
42224 1627987269 0 7 $GNGGA,104108.000,4424.06263,N,00855.21589,E,1,12,0.9,12.4,M,44.7,M,,*7C
42225 1627987270 0 7 $GNGGA,104109.000,4424.06366,N,00855.21600,E,1,12,0.9,12.4,M,44.7,M,,*7B
42226 1627987271 0 7 $GNGGA,104110.000,4424.06456,N,00855.21643,E,1,12,0.9,12.6,M,44.7,M,,*72
42227 1627987271 0 3 2.54 0.00
42228 1627987271 0 4 2.52 1.54
42229 1627987271 0 5 0.02
42230 1627987271 0 6 0.11
42231 1627987271 0 8 4.98 12.29 11.89
42232 1627987272 0 1 2.955
42233 1627987272 0 0 26.31 8.25 163.0 61.20 105.4 6.54 173.4 17.1 181.2 1.56 41.08 13.5
42234 1627987272 0 7 $GNGGA,104111.000,4424.06552,N,00855.21684,E,1,12,0.9,13.0,M,44.7,M,,*7A
42235 1627987273 0 7 $GNGGA,104112.000,4424.06647,N,00855.21690,E,1,12,0.9,13.1,M,44.7,M,,*7A
42236 1627987274 0 7 $GNGGA,104113.000,4424.06735,N,00855.21672,E,1,12,0.9,13.2,M,44.7,M,,*70
42237 1627987274 0 3 2.54 0.00
42238 1627987274 0 4 2.52 1.54
42239 1627987274 0 5 0.02
42240 1627987274 0 6 0.07
42241 1627987274 0 1 2.848
42242 1627987275 0 8 4.98 12.30 11.89
42243 1627987275 0 0 26.32 8.25 163.0 61.24 105.4 6.53 173.2 17.1 179.7 1.55 41.11 13.5
42244 1627987275 0 7 $GNGGA,104114.000,4424.06812,N,00855.21641,E,1,12,0.9,13.2,M,44.7,M,,*7D
42245 1627987276 0 7 $GNGGA,104115.000,4424.06871,N,00855.21616,E,1,12,0.9,13.2,M,44.7,M,,*7B
42246 1627987277 0 7 $GNGGA,104116.000,4424.06952,N,00855.21598,E,1,12,0.9,13.2,M,44.7,M,,*7D
42247 1627987277 0 3 2.54 0.00
42248 1627987277 0 4 2.52 1.55
42249 1627987277 0 5 0.02
42250 1627987277 0 6 0.08
42251 1627987277 0 8 4.98 12.29 11.89
42252 1627987278 0 1 2.987
42253 1627987278 0 0 26.35 8.25 163.0 61.24 105.4 6.53 172.8 17.1 179.8 1.55 41.12 13.5
42254 1627987278 0 7 $GNGGA,104117.000,4424.07055,N,00855.21592,E,1,12,0.9,13.6,M,44.7,M,,*7D
42255 1627987279 0 7 $GNGGA,104118.000,4424.07165,N,00855.21585,E,1,12,0.9,13.7,M,44.7,M,,*77
42256 1627987280 0 7 $GNGGA,104119.000,4424.07270,N,00855.21585,E,1,12,0.9,13.4,M,44.7,M,,*72
42257 1627987280 0 3 2.54 0.00
42258 1627987280 0 4 2.52 1.54
42259 1627987280 0 5 0.02
42260 1627987280 0 6 0.09
42261 1627987280 0 1 2.881
42262 1627987281 0 8 4.98 12.32 11.89
42263 1627987281 0 0 26.35 8.25 162.9 61.23 105.3 6.52 173.0 17.1 180.2 1.55 41.11 13.5
42264 1627987281 0 7 $GNGGA,104120.000,4424.07365,N,00855.21585,E,1,12,0.9,13.4,M,44.7,M,,*7D
42265 1627987282 0 7 $GNGGA,104121.000,4424.07455,N,00855.21567,E,1,12,0.9,13.4,M,44.7,M,,*74
42266 1627987283 0 7 $GNGGA,104122.000,4424.07538,N,00855.21554,E,1,12,0.9,12.9,M,44.7,M,,*71
42267 1627987283 0 3 2.54 0.00
42268 1627987283 0 4 2.52 1.54
42269 1627987283 0 5 0.02
42270 1627987283 0 6 0.09
42271 1627987283 0 8 4.98 12.29 11.89
42272 1627987284 0 1 2.785
42273 1627987284 0 0 26.35 8.25 163.0 61.19 105.3 6.53 172.9 17.1 180.6 1.52 41.08 13.5
42274 1627987284 0 7 $GNGGA,104123.000,4424.07638,N,00855.21566,E,1,12,0.9,12.0,M,44.7,M,,*7B
42275 1627987285 0 7 $GNGGA,104124.000,4424.07733,N,00855.21571,E,1,12,0.9,11.3,M,44.7,M,,*70
42276 1627987286 0 7 $GNGGA,104125.000,4424.07816,N,00855.21565,E,1,12,0.9,10.8,M,44.7,M,,*76
42277 1627987286 0 3 2.54 0.00
42278 1627987286 0 4 2.52 1.54
42279 1627987286 0 5 0.02
42280 1627987286 0 6 0.09
42281 1627987286 0 1 2.946
42282 1627987287 0 8 4.98 12.32 11.89
42283 1627987287 0 0 26.36 8.25 162.9 61.24 105.4 6.52 172.8 17.1 180.0 1.46 41.11 13.5
42284 1627987287 0 7 $GNGGA,104126.000,4424.07895,N,00855.21557,E,1,12,0.9,10.6,M,44.7,M,,*71
42285 1627987288 0 7 $GNGGA,104127.000,4424.07994,N,00855.21559,E,1,12,0.9,10.4,M,44.7,M,,*7C
42286 1627987289 0 7 $GNGGA,104128.000,4424.08100,N,00855.21568,E,1,12,0.9,10.2,M,44.7,M,,*7D
42287 1627987289 0 3 2.54 0.00
42288 1627987289 0 4 2.52 1.54
42289 1627987289 0 5 0.02
42290 1627987289 0 6 0.11
42291 1627987289 0 8 4.98 12.30 11.89
42292 1627987290 0 1 2.842
42293 1627987290 0 0 26.38 8.25 163.0 61.17 105.3 6.52 172.5 17.1 180.1 1.41 41.06 13.5
42294 1627987290 0 7 $GNGGA,104129.000,4424.08203,N,00855.21571,E,1,12,0.9,9.9,M,44.7,M,,*47
42295 1627987290 0 2 0.03870000 3.03439998 1.36220002 0.02330000 2.70309996 0.00350000 0.05060000 0.17149999 1.00000000 89.00499725
42296 1627987291 0 7 $GNGGA,104130.000,4424.08296,N,00855.21585,E,1,12,0.9,10.1,M,44.7,M,,*78
42297 1627987292 0 7 $GNGGA,104131.000,4424.08399,N,00855.21601,E,1,12,0.9,9.8,M,44.7,M,,*49
42298 1627987292 0 3 2.54 0.00
42299 1627987292 0 4 2.52 1.54
42300 1627987292 0 5 0.02
42301 1627987292 0 6 0.10
42302 1627987292 0 1 3.507
42303 1627987293 0 8 4.98 12.33 11.89
42304 1627987293 0 0 26.36 8.25 163.0 61.32 105.3 6.52 172.9 17.1 180.7 1.40 41.17 13.5
42305 1627987293 0 7 $GNGGA,104132.000,4424.08495,N,00855.21608,E,1,12,0.9,9.6,M,44.7,M,,*46
42306 1627987294 0 7 $GNGGA,104133.000,4424.08593,N,00855.21602,E,1,12,0.9,9.2,M,44.7,M,,*4E
42307 1627987295 0 7 $GNGGA,104134.000,4424.08715,N,00855.21598,E,1,12,0.9,8.8,M,44.7,M,,*4E
42308 1627987295 0 3 2.54 0.00
42309 1627987295 0 4 2.52 1.53
42310 1627987295 0 5 0.03
42311 1627987295 0 6 0.12
42312 1627987295 0 1 2.892
42313 1627987296 0 8 4.98 12.29 11.89
42314 1627987296 0 0 26.36 8.25 163.0 61.24 105.3 6.52 173.1 17.1 180.1 1.43 41.12 13.5
42315 1627987296 0 7 $GNGGA,104135.000,4424.08868,N,00855.21593,E,1,12,0.9,8.0,M,44.7,M,,*49
42316 1627987297 0 7 $GNGGA,104136.000,4424.08991,N,00855.21562,E,1,12,0.9,7.4,M,44.7,M,,*48
42317 1627987298 0 7 $GNGGA,104137.000,4424.09111,N,00855.21527,E,1,12,0.9,7.0,M,44.7,M,,*4D
42318 1627987298 0 3 2.54 0.00
42319 1627987298 0 4 2.52 1.52
42320 1627987298 0 5 0.02
42321 1627987298 0 6 0.11
42322 1627987298 0 8 4.98 12.29 11.89
42323 1627987299 0 1 2.823
42324 1627987299 0 0 26.37 8.25 163.0 61.34 105.3 6.52 172.7 17.1 180.6 1.44 41.19 13.5
42325 1627987299 0 7 $GNGGA,104138.000,4424.09237,N,00855.21492,E,1,12,0.9,6.6,M,44.7,M,,*4D
42326 1627987300 0 7 $GNGGA,104139.000,4424.09319,N,00855.21490,E,1,12,0.9,6.6,M,44.7,M,,*43
42327 1627987301 0 7 $GNGGA,104140.000,4424.09395,N,00855.21488,E,1,12,0.9,6.5,M,44.7,M,,*43
42328 1627987301 0 3 2.54 0.00
42329 1627987301 0 4 2.52 1.52
42330 1627987301 0 5 0.03
42331 1627987301 0 6 0.11
42332 1627987302 0 1 2.833
42333 1627987302 0 8 4.98 12.30 11.89
42334 1627987302 0 0 26.37 8.25 163.0 61.28 105.4 6.52 173.0 17.1 181.0 1.33 41.15 13.5
42335 1627987302 0 7 $GNGGA,104141.000,4424.09480,N,00855.21506,E,1,12,0.9,6.2,M,44.7,M,,*41
42336 1627987303 0 7 $GNGGA,104142.000,4424.09576,N,00855.21517,E,1,12,0.9,5.7,M,44.7,M,,*4C
42337 1627987304 0 7 $GNGGA,104143.000,4424.09664,N,00855.21532,E,1,12,0.9,5.8,M,44.7,M,,*45
42338 1627987304 0 3 2.54 0.00
42339 1627987304 0 4 2.52 1.52
42340 1627987304 0 5 0.02
42341 1627987304 0 6 0.10
42342 1627987304 0 8 4.98 12.30 11.89
42343 1627987305 0 1 2.738
42344 1627987305 0 0 26.37 8.25 162.9 61.33 105.4 6.53 173.1 17.1 181.0 1.32 41.18 13.6
42345 1627987305 0 7 $GNGGA,104144.000,4424.09764,N,00855.21528,E,1,12,0.9,5.9,M,44.7,M,,*49
42346 1627987306 0 7 $GNGGA,104145.000,4424.09859,N,00855.21543,E,1,12,0.9,5.9,M,44.7,M,,*44
42347 1627987307 0 7 $GNGGA,104146.000,4424.09943,N,00855.21573,E,1,12,0.9,6.2,M,44.7,M,,*46
42348 1627987307 0 3 2.54 0.00
42349 1627987307 0 4 2.52 1.52
42350 1627987307 0 5 0.02
42351 1627987308 0 6 0.11
42352 1627987308 0 1 2.754
42353 1627987308 0 8 4.98 12.32 11.89
42354 1627987308 0 0 26.36 8.25 162.9 61.23 105.5 6.53 173.1 17.1 180.7 1.36 41.11 13.5
42355 1627987308 0 7 $GNGGA,104147.000,4424.10034,N,00855.21587,E,1,12,0.9,6.1,M,44.7,M,,*4E
42356 1627987309 0 7 $GNGGA,104148.000,4424.10113,N,00855.21594,E,1,12,0.9,6.1,M,44.7,M,,*47
42357 1627987310 0 7 $GNGGA,104149.000,4424.10185,N,00855.21604,E,1,12,0.9,5.9,M,44.7,M,,*48
42358 1627987310 0 3 2.54 0.00
42359 1627987310 0 4 2.52 1.53
42360 1627987310 0 5 0.02
42361 1627987310 0 6 0.10
42362 1627987310 0 8 4.98 12.29 11.89
42363 1627987311 0 1 2.680
42364 1627987311 0 0 26.35 8.25 163.0 61.31 105.5 6.53 173.2 17.1 181.0 1.25 41.17 13.6
42365 1627987311 0 7 $GNGGA,104150.000,4424.10265,N,00855.21630,E,1,12,0.9,5.6,M,44.7,M,,*45
42366 1627987312 0 7 $GNGGA,104151.000,4424.10351,N,00855.21648,E,1,12,0.9,5.4,M,44.7,M,,*4F
42367 1627987313 0 7 $GNGGA,104152.000,4424.10439,N,00855.21657,E,1,12,0.9,5.2,M,44.7,M,,*4D
42368 1627987313 0 3 2.54 0.00
42369 1627987313 0 4 2.52 1.53
42370 1627987313 0 5 0.03
42371 1627987313 0 6 0.11
42372 1627987313 0 1 2.711
42373 1627987314 0 8 4.98 12.33 11.89
42374 1627987314 0 0 26.36 8.25 163.0 61.28 105.6 6.54 173.1 17.1 180.8 1.29 41.14 13.5
42375 1627987314 0 7 $GNGGA,104153.000,4424.10531,N,00855.21672,E,1,12,0.9,5.4,M,44.7,M,,*44
42376 1627987315 0 7 $GNGGA,104154.000,4424.10626,N,00855.21683,E,1,12,0.9,5.3,M,44.7,M,,*4F
42377 1627987316 0 7 $GNGGA,104155.000,4424.10716,N,00855.21671,E,1,12,0.9,5.4,M,44.7,M,,*46
42378 1627987316 0 3 2.54 0.00
42379 1627987316 0 4 2.52 1.53
42380 1627987316 0 5 0.03
42381 1627987316 0 6 0.12
42382 1627987316 0 8 4.98 12.29 11.89
42383 1627987317 0 1 2.601
42384 1627987317 0 0 26.33 8.25 162.9 61.35 105.6 6.54 173.6 17.1 181.6 1.31 41.20 13.6
42385 1627987317 0 7 $GNGGA,104156.000,4424.10806,N,00855.21666,E,1,12,0.9,5.7,M,44.7,M,,*4E
42386 1627987318 0 7 $GNGGA,104157.000,4424.10902,N,00855.21675,E,1,12,0.9,5.4,M,44.7,M,,*4B
42387 1627987319 0 7 $GNGGA,104158.000,4424.10996,N,00855.21697,E,1,12,0.9,4.9,M,44.7,M,,*49
42388 1627987319 0 3 2.54 0.00
42389 1627987319 0 4 2.52 1.53
42390 1627987319 0 5 0.02
42391 1627987319 0 6 0.10
42392 1627987319 0 1 3.245
42393 1627987320 0 8 4.98 12.33 11.89
42394 1627987320 0 0 26.35 8.25 163.0 61.17 105.6 6.54 173.3 17.1 180.7 1.27 41.06 13.6
42395 1627987320 0 7 $GNGGA,104159.000,4424.11093,N,00855.21722,E,1,12,0.9,4.2,M,44.7,M,,*41
42396 1627987321 0 7 $GNGGA,104200.000,4424.11175,N,00855.21723,E,1,12,0.9,3.9,M,44.7,M,,*4A
42397 1627987322 0 7 $GNGGA,104201.000,4424.11249,N,00855.21726,E,1,12,0.9,4.1,M,44.7,M,,*4D
42398 1627987322 0 3 2.54 0.00
42399 1627987322 0 4 2.52 1.52
42400 1627987322 0 5 0.02
42401 1627987322 0 6 0.11
42402 1627987322 0 1 2.729
42403 1627987323 0 8 4.98 12.29 11.89
42404 1627987323 0 0 26.36 8.25 163.0 61.27 105.7 6.54 173.0 17.1 180.7 1.31 41.13 13.5
42405 1627987323 0 7 $GNGGA,104202.000,4424.11327,N,00855.21730,E,1,12,0.9,4.0,M,44.7,M,,*41
42406 1627987324 0 7 $GNGGA,104203.000,4424.11413,N,00855.21716,E,1,12,0.9,4.2,M,44.7,M,,*46
42407 1627987325 0 7 $GNGGA,104204.000,4424.11478,N,00855.21689,E,1,12,0.9,4.4,M,44.7,M,,*4D
42408 1627987325 0 3 2.54 0.00
42409 1627987325 0 4 2.52 1.52
42410 1627987325 0 5 0.02
42411 1627987325 0 6 0.11
42412 1627987325 0 8 4.98 12.29 11.89
42413 1627987326 0 1 2.696
42414 1627987326 0 0 26.35 8.25 163.0 61.16 105.7 6.55 173.3 17.1 181.0 1.35 41.05 13.6
42415 1627987326 0 7 $GNGGA,104205.000,4424.11556,N,00855.21690,E,1,12,0.9,4.9,M,44.7,M,,*44
42416 1627987327 0 7 $GNGGA,104206.000,4424.11667,N,00855.21699,E,1,12,0.9,5.0,M,44.7,M,,*47
42417 1627987328 0 7 $GNGGA,104207.000,4424.11777,N,00855.21694,E,1,12,0.9,5.3,M,44.7,M,,*48
42418 1627987328 0 3 2.54 0.00
42419 1627987328 0 4 2.52 1.52
42420 1627987328 0 5 0.02
42421 1627987328 0 6 0.11
42422 1627987328 0 1 2.696
42423 1627987329 0 8 4.98 12.30 11.89
42424 1627987329 0 0 26.32 8.25 163.0 61.22 105.8 6.55 173.7 17.1 181.7 1.33 41.10 13.6
42425 1627987329 0 7 $GNGGA,104208.000,4424.11914,N,00855.21711,E,1,12,0.9,4.5,M,44.7,M,,*47
42426 1627987330 0 7 $GNGGA,104209.000,4424.12021,N,00855.21725,E,1,12,0.9,4.0,M,44.7,M,,*48
42427 1627987331 0 7 $GNGGA,104210.000,4424.12116,N,00855.21745,E,1,12,0.9,3.3,M,44.7,M,,*47
42428 1627987331 0 3 2.54 0.00
42429 1627987331 0 4 2.52 1.52
42430 1627987331 0 5 0.03
42431 1627987331 0 6 0.10
42432 1627987331 0 8 4.98 12.30 11.89
42433 1627987332 0 1 2.585
42434 1627987332 0 0 26.29 8.25 162.9 61.29 105.8 6.56 173.8 17.1 181.5 1.44 41.15 13.6
42435 1627987332 0 7 $GNGGA,104211.000,4424.12191,N,00855.21787,E,1,12,0.9,2.9,M,44.7,M,,*4C
42436 1627987333 0 7 $GNGGA,104212.000,4424.12281,N,00855.21820,E,1,12,0.9,2.4,M,44.7,M,,*42
42437 1627987334 0 7 $GNGGA,104213.000,4424.12380,N,00855.21833,E,1,12,0.9,2.1,M,44.7,M,,*44
42438 1627987334 0 3 2.54 0.00
42439 1627987334 0 4 2.52 1.52
42440 1627987334 0 5 0.03
42441 1627987334 0 6 0.10
42442 1627987334 0 1 2.719
42443 1627987335 0 8 4.98 12.33 11.89
42444 1627987335 0 0 26.31 8.25 163.0 61.28 105.8 6.56 173.7 17.1 181.4 1.50 41.15 13.6
42445 1627987335 0 7 $GNGGA,104214.000,4424.12481,N,00855.21828,E,1,12,0.9,1.9,M,44.7,M,,*44
42446 1627987336 0 7 $GNGGA,104215.000,4424.12581,N,00855.21835,E,1,12,0.9,1.8,M,44.7,M,,*49
42447 1627987337 0 7 $GNGGA,104216.000,4424.12683,N,00855.21831,E,1,12,0.9,1.7,M,44.7,M,,*40
42448 1627987337 0 3 2.54 0.00
42449 1627987337 0 4 2.52 1.52
42450 1627987337 0 5 0.02
42451 1627987337 0 6 0.11
42452 1627987337 0 8 4.98 12.29 11.89
42453 1627987338 0 1 2.305
42454 1627987338 0 0 26.29 8.26 163.0 61.29 105.9 6.57 173.6 17.0 181.5 1.48 41.15 13.7
42455 1627987338 0 7 $GNGGA,104217.000,4424.12786,N,00855.21818,E,1,12,0.9,1.4,M,44.7,M,,*4D
42456 1627987339 0 7 $GNGGA,104218.000,4424.12892,N,00855.21822,E,1,12,0.9,1.1,M,44.7,M,,*44
42457 1627987340 0 7 $GNGGA,104219.000,4424.13016,N,00855.21827,E,1,12,0.9,0.9,M,44.7,M,,*4C
42458 1627987340 0 3 2.54 0.00
42459 1627987340 0 4 2.52 1.52
42460 1627987340 0 5 0.02
42461 1627987340 0 6 0.11
42462 1627987340 0 1 2.496
42463 1627987341 0 8 4.98 12.33 11.89
42464 1627987341 0 0 26.28 8.26 162.9 61.29 106.0 6.57 173.7 17.0 181.7 1.46 41.16 13.6
42465 1627987341 0 7 $GNGGA,104220.000,4424.13138,N,00855.21821,E,1,12,0.9,0.8,M,44.7,M,,*4C
42466 1627987342 0 7 $GNGGA,104221.000,4424.13249,N,00855.21808,E,1,12,0.9,0.8,M,44.7,M,,*43
42467 1627987343 0 7 $GNGGA,104222.000,4424.13356,N,00855.21813,E,1,12,0.9,0.5,M,44.7,M,,*48
42468 1627987343 0 3 2.54 0.00
42469 1627987343 0 4 2.52 1.52
42470 1627987343 0 5 0.02
42471 1627987343 0 6 0.10
42472 1627987343 0 8 4.98 12.29 11.89
42473 1627987344 0 1 2.419
42474 1627987344 0 0 26.26 8.26 162.9 61.27 106.0 6.57 174.2 17.1 182.1 1.40 41.14 13.7
42475 1627987344 0 7 $GNGGA,104223.000,4424.13455,N,00855.21821,E,1,12,0.9,0.1,M,44.7,M,,*48
42476 1627987345 0 7 $GNGGA,104224.000,4424.13538,N,00855.21834,E,1,12,0.9,-0.3,M,44.7,M,,*6E
42477 1627987346 0 7 $GNGGA,104225.000,4424.13610,N,00855.21848,E,1,12,0.9,-0.9,M,44.7,M,,*67
42478 1627987346 0 3 2.54 0.00
42479 1627987346 0 4 2.52 1.52
42480 1627987346 0 5 0.02
42481 1627987346 0 6 0.11
42482 1627987346 0 1 3.006
42483 1627987347 0 8 4.98 12.33 11.89
42484 1627987347 0 0 26.27 8.26 162.9 61.24 105.9 6.57 173.9 17.0 182.5 1.37 41.12 13.7
42485 1627987347 0 7 $GNGGA,104226.000,4424.13696,N,00855.21845,E,1,12,0.9,-1.1,M,44.7,M,,*6E
42486 1627987348 0 7 $GNGGA,104227.000,4424.13784,N,00855.21823,E,1,12,0.9,-0.8,M,44.7,M,,*65
42487 1627987349 0 7 $GNGGA,104228.000,4424.13866,N,00855.21794,E,1,12,0.9,-0.6,M,44.7,M,,*64
42488 1627987349 0 3 2.54 0.00
42489 1627987349 0 4 2.52 1.52
42490 1627987349 0 5 0.02
42491 1627987349 0 6 0.10
42492 1627987349 0 1 2.484
42493 1627987350 0 8 4.98 12.30 11.89
42494 1627987350 0 0 26.26 8.26 162.9 61.29 106.0 6.57 173.9 17.1 181.6 1.43 41.16 13.7
42495 1627987350 0 7 $GNGGA,104229.000,4424.13932,N,00855.21768,E,1,12,0.9,-0.6,M,44.7,M,,*66
42496 1627987351 0 7 $GNGGA,104230.000,4424.14013,N,00855.21748,E,1,12,0.9,-0.6,M,44.7,M,,*61
42497 1627987352 0 7 $GNGGA,104231.000,4424.14102,N,00855.21728,E,1,12,0.9,-0.5,M,44.7,M,,*64
42498 1627987352 0 3 2.54 0.00
42499 1627987352 0 4 2.52 1.52
42500 1627987352 0 5 0.02
42501 1627987352 0 6 0.11
42502 1627987353 0 8 4.98 12.14 11.87
42503 1627987353 0 1 2.314
42504 1627987353 0 0 26.27 8.26 162.9 61.26 106.0 6.57 173.6 17.0 181.5 1.45 41.13 13.6
42505 1627987353 0 7 $GNGGA,104232.000,4424.14175,N,00855.21695,E,1,12,0.9,-0.1,M,44.7,M,,*64
42506 1627987354 0 7 $GNGGA,104233.000,4424.14279,N,00855.21659,E,1,12,0.9,-0.1,M,44.7,M,,*6A
42507 1627987355 0 7 $GNGGA,104234.000,4424.14403,N,00855.21658,E,1,12,0.9,-0.4,M,44.7,M,,*62
42508 1627987355 0 3 2.54 0.00
42509 1627987355 0 4 2.52 1.51
42510 1627987355 0 5 0.02
42511 1627987355 0 6 0.11
42512 1627987355 0 1 2.321
42513 1627987356 0 8 4.98 12.31 11.89
42514 1627987356 0 0 26.29 8.26 162.9 61.29 105.9 6.56 173.6 17.0 181.5 1.42 41.15 13.6
42515 1627987356 0 7 $GNGGA,104235.000,4424.14534,N,00855.21656,E,1,12,0.9,-0.7,M,44.7,M,,*6B
42516 1627987357 0 7 $GNGGA,104236.000,4424.14644,N,00855.21645,E,1,12,0.9,-1.1,M,44.7,M,,*69
42517 1627987358 0 7 $GNGGA,104237.000,4424.14747,N,00855.21633,E,1,12,0.9,-1.6,M,44.7,M,,*6C
42518 1627987358 0 3 2.54 0.00
42519 1627987358 0 4 2.52 1.52
42520 1627987358 0 5 0.02
42521 1627987358 0 6 0.10
42522 1627987358 0 8 4.98 12.15 11.87
42523 1627987359 0 1 2.255
42524 1627987359 0 0 26.29 8.26 162.9 61.27 105.9 6.56 173.6 17.1 181.6 1.42 41.14 13.7
42525 1627987359 0 7 $GNGGA,104238.000,4424.14828,N,00855.21611,E,1,12,0.9,-2.0,M,44.7,M,,*60
42526 1627987360 0 7 $GNGGA,104239.000,4424.14920,N,00855.21583,E,1,12,0.9,-2.2,M,44.7,M,,*62
42527 1627987361 0 7 $GNGGA,104240.000,4424.15016,N,00855.21542,E,1,12,0.9,-2.5,M,44.7,M,,*6B
42528 1627987361 0 3 2.54 0.00
42529 1627987361 0 4 2.52 1.52
42530 1627987361 0 5 0.02
42531 1627987361 0 6 0.11
42532 1627987362 0 1 2.303
42533 1627987362 0 8 4.98 12.17 11.87
42534 1627987362 0 0 26.29 8.26 162.9 61.26 105.8 6.56 173.6 17.0 181.5 1.40 41.13 13.6
42535 1627987362 0 7 $GNGGA,104241.000,4424.15132,N,00855.21510,E,1,12,0.9,-2.8,M,44.7,M,,*67
42536 1627987363 0 7 $GNGGA,104242.000,4424.15262,N,00855.21483,E,1,12,0.9,-3.2,M,44.7,M,,*62
42537 1627987364 0 7 $GNGGA,104243.000,4424.15379,N,00855.21458,E,1,12,0.9,-3.4,M,44.7,M,,*68
42538 1627987364 0 3 2.54 0.00
42539 1627987364 0 4 2.52 1.51
42540 1627987364 0 5 0.02
42541 1627987364 0 6 0.10
42542 1627987365 0 8 4.98 12.29 11.89
42543 1627987365 0 1 2.355
42544 1627987365 0 0 26.30 8.26 162.9 61.21 105.9 6.56 173.4 17.0 181.4 1.45 41.09 13.6
42545 1627987365 0 7 $GNGGA,104244.000,4424.15476,N,00855.21424,E,1,12,0.9,-3.5,M,44.7,M,,*6D
42546 1627987366 0 7 $GNGGA,104245.000,4424.15545,N,00855.21393,E,1,12,0.9,-3.1,M,44.7,M,,*62
42547 1627987367 0 7 $GNGGA,104246.000,4424.15623,N,00855.21350,E,1,12,0.9,-3.1,M,44.7,M,,*6D
42548 1627987367 0 3 2.54 0.00
42549 1627987367 0 4 2.52 1.51
42550 1627987367 0 5 0.02
42551 1627987367 0 6 0.11
42552 1627987368 0 1 2.490
42553 1627987368 0 8 4.98 12.19 11.89
42554 1627987368 0 0 26.30 8.26 162.9 61.24 105.8 6.56 173.7 17.1 181.3 1.48 41.12 13.6
42555 1627987368 0 7 $GNGGA,104247.000,4424.15698,N,00855.21305,E,1,12,0.9,-2.9,M,44.7,M,,*65
42556 1627987369 0 7 $GNGGA,104248.000,4424.15775,N,00855.21270,E,1,12,0.9,-2.8,M,44.7,M,,*6A
42557 1627987370 0 7 $GNGGA,104249.000,4424.15848,N,00855.21256,E,1,12,0.9,-2.5,M,44.7,M,,*63
42558 1627987370 0 3 2.54 0.00
42559 1627987370 0 4 2.52 1.52
42560 1627987370 0 5 0.02
42561 1627987370 0 6 0.10
42562 1627987371 0 8 4.98 12.29 11.89
42563 1627987371 0 1 2.546
42564 1627987371 0 0 26.30 8.26 162.9 61.31 105.7 6.55 173.7 17.0 181.3 1.41 41.17 13.6
42565 1627987371 0 7 $GNGGA,104250.000,4424.15917,N,00855.21257,E,1,12,0.9,-2.3,M,44.7,M,,*67
42566 1627987372 0 7 $GNGGA,104251.000,4424.15991,N,00855.21234,E,1,12,0.9,-2.2,M,44.7,M,,*6C
42567 1627987373 0 7 $GNGGA,104252.000,4424.16070,N,00855.21193,E,1,12,0.9,-2.0,M,44.7,M,,*66
42568 1627987373 0 3 2.54 0.00
42569 1627987373 0 4 2.52 1.52
42570 1627987373 0 5 0.03
42571 1627987373 0 6 0.11
42572 1627987374 0 1 3.401
42573 1627987374 0 8 4.98 12.32 11.89
42574 1627987374 0 0 26.30 8.26 162.9 61.29 105.6 6.55 173.6 17.1 181.4 1.45 41.16 13.6
42575 1627987374 0 7 $GNGGA,104253.000,4424.16161,N,00855.21157,E,1,12,0.9,-2.0,M,44.7,M,,*6E
42576 1627987375 0 7 $GNGGA,104254.000,4424.16254,N,00855.21122,E,1,12,0.9,-1.9,M,44.7,M,,*64
42577 1627987376 0 7 $GNGGA,104255.000,4424.16342,N,00855.21088,E,1,12,0.9,-1.7,M,44.7,M,,*6C
42578 1627987376 0 3 2.54 0.00
42579 1627987376 0 4 2.52 1.50
42580 1627987376 0 5 0.02
42581 1627987376 0 6 0.11
42582 1627987377 0 1 2.462
42583 1627987377 0 8 4.98 12.29 11.89
42584 1627987377 0 0 26.30 8.26 162.9 61.24 105.5 6.54 173.5 17.0 181.3 1.45 41.11 13.7
42585 1627987377 0 7 $GNGGA,104256.000,4424.16424,N,00855.21068,E,1,12,0.9,-1.5,M,44.7,M,,*64
42586 1627987378 0 7 $GNGGA,104257.000,4424.16522,N,00855.21036,E,1,12,0.9,-1.5,M,44.7,M,,*69
42587 1627987379 0 7 $GNGGA,104258.000,4424.16633,N,00855.20989,E,1,12,0.9,-1.7,M,44.7,M,,*6B
42588 1627987379 0 3 2.54 0.00
42589 1627987379 0 4 2.52 1.49
42590 1627987379 0 5 0.03
42591 1627987379 0 6 0.11
42592 1627987380 0 8 4.98 12.30 11.89
42593 1627987380 0 1 2.466
42594 1627987380 0 0 26.31 8.25 162.9 61.31 105.3 6.52 173.4 17.1 180.7 1.43 41.17 13.6
42595 1627987380 0 7 $GNGGA,104259.000,4424.16737,N,00855.20938,E,1,12,0.9,-1.5,M,44.7,M,,*67
42596 1627987381 0 7 $GNGGA,104300.000,4424.16843,N,00855.20894,E,1,12,0.9,-1.5,M,44.7,M,,*61
42597 1627987382 0 7 $GNGGA,104301.000,4424.16936,N,00855.20862,E,1,12,0.9,-1.6,M,44.7,M,,*69
42598 1627987382 0 3 2.54 0.00
42599 1627987382 0 4 2.52 1.49
42600 1627987382 0 5 0.02
42601 1627987382 0 6 0.11
42602 1627987383 0 1 2.607
42603 1627987383 0 8 4.98 12.29 11.89
42604 1627987383 0 0 26.30 8.25 162.9 61.24 105.1 6.52 173.6 17.0 181.1 1.42 41.11 13.6
42605 1627987383 0 7 $GNGGA,104302.000,4424.17026,N,00855.20833,E,1,12,0.9,-1.6,M,44.7,M,,*67
42606 1627987384 0 7 $GNGGA,104303.000,4424.17101,N,00855.20784,E,1,12,0.9,-1.6,M,44.7,M,,*61
42607 1627987385 0 7 $GNGGA,104304.000,4424.17181,N,00855.20736,E,1,12,0.9,-1.8,M,44.7,M,,*69
42608 1627987385 0 3 2.54 0.00
42609 1627987385 0 4 2.52 1.49
42610 1627987385 0 5 0.02
42611 1627987385 0 6 0.11
42612 1627987386 0 8 4.98 12.29 11.89
42613 1627987386 0 1 2.537
42614 1627987386 0 0 26.31 8.26 162.9 61.27 104.9 6.50 173.5 17.1 181.0 1.42 41.14 13.6
42615 1627987386 0 7 $GNGGA,104305.000,4424.17268,N,00855.20702,E,1,12,0.9,-1.8,M,44.7,M,,*6B
42616 1627987387 0 7 $GNGGA,104306.000,4424.17360,N,00855.20647,E,1,12,0.9,-1.9,M,44.7,M,,*60
42617 1627987388 0 7 $GNGGA,104307.000,4424.17450,N,00855.20600,E,1,12,0.9,-2.1,M,44.7,M,,*6D
42618 1627987388 0 3 2.54 0.00
42619 1627987388 0 4 2.52 1.49
42620 1627987388 0 5 0.02
42621 1627987388 0 6 0.11
42622 1627987389 0 1 2.603
42623 1627987389 0 8 4.98 12.33 11.89
42624 1627987389 0 0 26.31 8.26 162.9 61.30 104.8 6.49 173.3 17.1 181.0 1.45 41.16 13.6
42625 1627987389 0 7 $GNGGA,104308.000,4424.17537,N,00855.20574,E,1,12,0.9,-2.2,M,44.7,M,,*61
42626 1627987390 0 7 $GNGGA,104309.000,4424.17630,N,00855.20534,E,1,12,0.9,-2.3,M,44.7,M,,*61
42627 1627987391 0 7 $GNGGA,104310.000,4424.17728,N,00855.20462,E,1,11,0.9,-2.1,M,44.7,M,,*62
42628 1627987391 0 3 2.54 0.00
42629 1627987391 0 4 2.52 1.49
42630 1627987391 0 5 0.02
42631 1627987391 0 6 0.11
42632 1627987392 0 8 4.98 12.29 11.89
42633 1627987392 0 1 2.785
42634 1627987392 0 0 26.31 8.26 162.9 61.34 104.7 6.49 173.5 17.0 181.2 1.47 41.19 13.6
42635 1627987392 0 7 $GNGGA,104311.000,4424.17816,N,00855.20399,E,1,11,0.9,-2.0,M,44.7,M,,*63
42636 1627987393 0 7 $GNGGA,104312.000,4424.17898,N,00855.20354,E,1,11,0.9,-1.8,M,44.7,M,,*6C
42637 1627987394 0 7 $GNGGA,104313.000,4424.17978,N,00855.20308,E,1,11,0.9,-2.0,M,44.7,M,,*60
42638 1627987394 0 3 2.54 0.00
42639 1627987394 0 4 2.52 1.48
42640 1627987394 0 5 0.03
42641 1627987394 0 6 0.11
42642 1627987395 0 1 2.569
42643 1627987395 0 8 4.98 12.33 11.89
42644 1627987395 0 0 26.32 8.26 162.8 61.22 104.6 6.48 173.4 17.1 180.9 1.44 41.10 13.6
42645 1627987395 0 7 $GNGGA,104314.000,4424.18061,N,00855.20248,E,1,12,0.9,-2.6,M,44.7,M,,*69
42646 1627987396 0 7 $GNGGA,104315.000,4424.18140,N,00855.20200,E,1,12,0.9,-2.8,M,44.7,M,,*68
42647 1627987397 0 7 $GNGGA,104316.000,4424.18215,N,00855.20154,E,1,12,0.9,-3.1,M,44.7,M,,*62
42648 1627987397 0 3 2.54 0.00
42656 1627987399 0 7 $GNGGA,104318.000,4424.18352,N,00855.20076,E,1,12,0.9,-3.8,M,44.7,M,,*66
42657 1627987400 0 7 $GNGGA,104319.000,4424.18441,N,00855.20047,E,1,12,0.9,-4.1,M,44.7,M,,*6E
42661 1627987400 0 6 0.11
42662 1627987401 0 1 3.137
42663 1627987401 0 8 4.98 12.33 11.89
42667 1627987403 0 7 $GNGGA,104322.000,4424.18776,N,00855.19977,E,1,12,0.9,-3.9,M,44.7,M,,*6E
42676 1627987405 0 7 $GNGGA,104324.000,4424.18998,N,00855.19951,E,1,12,0.9,-3.4,M,44.7,M,,*6F
42677 1627987406 0 7 $GNGGA,104325.000,4424.19124,N,00855.19936,E,1,12,0.9,-3.4,M,44.7,M,,*61
42678 1627987406 0 3 2.54 0.00
42686 1627987408 0 7 $GNGGA,104327.000,4424.19336,N,00855.19956,E,1,12,0.9,-2.7,M,44.7,M,,*66
42687 1627987409 0 7 $GNGGA,104328.000,4424.19427,N,00855.19964,E,1,12,0.9,-2.2,M,44.7,M,,*6A
42694 1627987410 0 0 26.31 8.25 162.8 61.23 105.2 6.52 173.6 17.1 180.9 1.50 41.11 13.6
42698 1627987412 0 7 $GNGGA,104331.000,4424.19676,N,00855.19967,E,1,12,0.9,-3.3,M,44.7,M,,*67
42707 1627987414 0 7 $GNGGA,104333.000,4424.19895,N,00855.19979,E,1,12,0.9,-4.1,M,44.7,M,,*6C
42708 1627987415 0 7 $GNGGA,104334.000,4424.20027,N,00855.19979,E,1,12,0.9,-4.9,M,44.7,M,,*68
42709 1627987415 0 3 2.54 0.00
42710 1627987415 0 4 2.52 1.48
42718 1627987418 0 7 $GNGGA,104337.000,4424.20358,N,00855.19927,E,1,12,0.9,-7.0,M,44.7,M,,*61
42727 1627987420 0 7 $GNGGA,104339.000,4424.20565,N,00855.19869,E,1,12,0.9,-7.9,M,44.7,M,,*65
42729 1627987421 0 3 2.54 0.00
42730 1627987421 0 4 2.52 1.49
42737 1627987423 0 7 $GNGGA,104342.000,4424.20873,N,00855.19867,E,1,12,0.9,-8.8,M,44.7,M,,*63
42738 1627987424 0 7 $GNGGA,104343.000,4424.20965,N,00855.19876,E,1,12,0.9,-9.3,M,44.7,M,,*6E
42741 1627987424 0 5 0.02
42742 1627987424 0 6 0.11
42743 1627987424 0 8 4.98 12.29 11.89
42744 1627987424 0 1 2.781
42747 1627987426 0 7 $GNGGA,104345.000,4424.21124,N,00855.19892,E,1,12,0.9,-10.1,M,44.7,M,,*54
42748 1627987427 0 7 $GNGGA,104346.000,4424.21210,N,00855.19904,E,1,12,0.9,-11.0,M,44.7,M,,*5D
42757 1627987429 0 7 $GNGGA,104348.000,4424.21383,N,00855.19927,E,1,12,0.9,-12.0,M,44.7,M,,*5A
42758 1627987430 0 7 $GNGGA,104349.000,4424.21483,N,00855.19929,E,1,12,0.9,-12.3,M,44.7,M,,*51
42759 1627987430 0 3 2.54 0.00
42760 1627987430 0 4 2.52 1.50
42761 1627987430 0 5 0.02
42767 1627987432 0 7 $GNGGA,104351.000,4424.21689,N,00855.19914,E,1,12,0.9,-12.9,M,44.7,M,,*54
42768 1627987433 0 7 $GNGGA,104352.000,4424.21775,N,00855.19921,E,1,12,0.9,-13.1,M,44.7,M,,*5A
42769 1627987433 0 3 2.54 0.00
42774 1627987433 0 1 2.771
42775 1627987434 0 0 26.33 8.25 162.8 61.29 105.4 6.53 173.6 17.1 181.0 1.38 41.15 13.6
42777 1627987435 0 7 $GNGGA,104354.000,4424.21944,N,00855.19951,E,1,12,0.9,-13.2,M,44.7,M,,*54
42778 1627987436 0 7 $GNGGA,104355.000,4424.22037,N,00855.19953,E,1,12,0.9,-13.4,M,44.7,M,,*5F
42787 1627987438 0 7 $GNGGA,104357.000,4424.22230,N,00855.19924,E,1,12,0.9,-14.3,M,44.7,M,,*58
42788 1627987439 0 7 $GNGGA,104358.000,4424.22326,N,00855.19891,E,1,12,0.9,-14.6,M,44.7,M,,*5B
42789 1627987439 0 3 2.54 0.00
42790 1627987439 0 4 2.52 1.50
42798 1627987442 0 7 $GNGGA,104401.000,4424.22624,N,00855.19856,E,1,12,0.9,-16.0,M,44.7,M,,*58
42799 1627987442 0 3 2.54 0.00
42806 1627987443 0 7 $GNGGA,104402.000,4424.22726,N,00855.19868,E,1,12,0.9,-17.0,M,44.7,M,,*54
42807 1627987444 0 7 $GNGGA,104403.000,4424.22818,N,00855.19883,E,1,12,0.9,-17.6,M,44.7,M,,*54
42808 1627987445 0 7 $GNGGA,104404.000,4424.22904,N,00855.19904,E,1,12,0.9,-18.0,M,44.7,M,,*58
42809 1627987445 0 3 2.54 0.00
42817 1627987447 0 7 $GNGGA,104406.000,4424.23106,N,00855.19956,E,1,12,0.9,-18.9,M,44.7,M,,*5F
42818 1627987448 0 7 $GNGGA,104407.000,4424.23204,N,00855.19961,E,1,12,0.9,-19.2,M,44.7,M,,*51
42820 1627987448 0 4 2.52 1.49
42821 1627987448 0 5 0.02
42823 1627987448 0 1 3.096
42824 1627987449 0 8 4.98 12.33 11.87
42828 1627987451 0 7 $GNGGA,104410.000,4424.23503,N,00855.19975,E,1,12,0.9,-19.5,M,44.7,M,,*55
42829 1627987451 0 3 2.54 0.00
42837 1627987453 0 7 $GNGGA,104412.000,4424.23722,N,00855.19989,E,1,12,0.9,-20.1,M,44.7,M,,*5B
42838 1627987454 0 7 $GNGGA,104413.000,4424.23846,N,00855.19974,E,1,12,0.9,-20.2,M,44.7,M,,*56
42839 1627987454 0 3 2.54 0.00
42840 1627987454 0 4 2.52 1.49
42847 1627987456 0 7 $GNGGA,104415.000,4424.24074,N,00855.19953,E,1,12,0.9,-19.7,M,44.7,M,,*54
42848 1627987457 0 7 $GNGGA,104416.000,4424.24166,N,00855.19941,E,1,12,0.9,-19.3,M,44.7,M,,*52
42854 1627987458 0 8 4.98 12.29 11.89
42856 1627987458 0 7 $GNGGA,104417.000,4424.24261,N,00855.19926,E,1,12,0.9,-19.2,M,44.7,M,,*57
42858 1627987460 0 7 $GNGGA,104419.000,4424.24451,N,00855.19904,E,1,12,0.9,-17.9,M,44.7,M,,*59
42867 1627987462 0 7 $GNGGA,104421.000,4424.24640,N,00855.19868,E,1,12,0.9,-16.9,M,44.7,M,,*5A
42868 1627987463 0 7 $GNGGA,104422.000,4424.24716,N,00855.19863,E,1,12,0.9,-16.7,M,44.7,M,,*5E
42869 1627987463 0 3 2.54 0.00
42870 1627987463 0 4 2.52 1.49
42878 1627987466 0 7 $GNGGA,104425.000,4424.24919,N,00855.19852,E,1,12,0.9,-16.2,M,44.7,M,,*5F
42887 1627987468 0 7 $GNGGA,104427.000,4424.25103,N,00855.19835,E,1,12,0.9,-15.9,M,44.7,M,,*56
42888 1627987469 0 7 $GNGGA,104428.000,4424.25203,N,00855.19820,E,1,12,0.9,-15.9,M,44.7,M,,*5E
42898 1627987472 0 7 $GNGGA,104431.000,4424.25491,N,00855.19770,E,1,12,0.9,-15.7,M,44.7,M,,*5F
42899 1627987472 0 3 2.54 0.00
42900 1627987472 0 4 2.52 1.50
42907 1627987474 0 7 $GNGGA,104433.000,4424.25673,N,00855.19758,E,1,12,0.9,-15.6,M,44.7,M,,*58
42908 1627987475 0 7 $GNGGA,104434.000,4424.25784,N,00855.19773,E,1,12,0.9,-15.5,M,44.7,M,,*5C
42914 1627987476 0 8 4.98 12.33 11.89
42915 1627987476 0 0 26.32 8.24 162.9 61.27 105.6 6.54 173.8 17.0 181.5 1.30 41.14 13.2
42917 1627987477 0 7 $GNGGA,104436.000,4424.25993,N,00855.19772,E,1,12,0.9,-15.0,M,44.7,M,,*52
42918 1627987478 0 7 $GNGGA,104437.000,4424.26073,N,00855.19761,E,1,12,0.9,-14.8,M,44.7,M,,*5C
42919 1627987478 0 3 2.54 0.00
42927 1627987480 0 7 $GNGGA,104439.000,4424.26284,N,00855.19699,E,1,12,0.9,-14.0,M,44.7,M,,*56
42928 1627987481 0 7 $GNGGA,104440.000,4424.26376,N,00855.19667,E,1,12,0.9,-13.6,M,44.7,M,,*54
42930 1627987481 0 4 2.52 1.50
42931 1627987481 0 5 0.02
42932 1627987481 0 6 0.11
42933 1627987481 0 1 3.859
42938 1627987484 0 7 $GNGGA,104443.000,4424.26669,N,00855.19590,E,1,12,0.9,-13.1,M,44.7,M,,*50
42939 1627987484 0 3 2.54 0.00
42947 1627987486 0 7 $GNGGA,104445.000,4424.26875,N,00855.19555,E,1,12,0.9,-12.2,M,44.7,M,,*5E
42948 1627987487 0 7 $GNGGA,104446.000,4424.26971,N,00855.19518,E,1,12,0.9,-11.8,M,44.7,M,,*58
42949 1627987487 0 3 2.54 0.00
42958 1627987490 0 7 $GNGGA,104449.000,4424.27249,N,00855.19390,E,1,12,0.9,-11.3,M,44.7,M,,*5B
42963 1627987490 0 1 3.151
42964 1627987491 0 8 4.98 12.17 11.89
42965 1627987491 0 0 26.32 8.24 163.0 61.29 105.6 6.54 173.7 17.0 181.1 1.26 41.15 13.0
42966 1627987491 0 7 $GNGGA,104450.000,4424.27341,N,00855.19340,E,1,12,0.9,-11.3,M,44.7,M,,*57
42968 1627987493 0 7 $GNGGA,104452.000,4424.27526,N,00855.19243,E,1,12,0.9,-11.8,M,44.7,M,,*5B
42969 1627987493 0 3 2.54 0.00
42977 1627987495 0 7 $GNGGA,104454.000,4424.27686,N,00855.19175,E,1,12,0.9,-11.7,M,44.7,M,,*5D
42978 1627987496 0 7 $GNGGA,104455.000,4424.27787,N,00855.19121,E,1,12,0.9,-11.5,M,44.7,M,,*5F
42979 1627987496 0 3 2.54 0.00
42987 1627987498 0 7 $GNGGA,104457.000,4424.27976,N,00855.19009,E,1,12,0.9,-10.8,M,44.7,M,,*5A
42990 1627987499 0 4 2.52 1.50
42995 1627987500 0 7 $GNGGA,104459.000,4424.28146,N,00855.18911,E,1,12,0.9,-10.6,M,44.7,M,,*5F
42996 1627987500 0 0 26.31 8.24 163.0 61.28 105.5 6.54 173.8 17.0 181.2 1.24 41.15 13.1
42997 1627987501 0 7 $GNGGA,104500.000,4424.28249,N,00855.18847,E,1,12,0.9,-10.8,M,44.7,M,,*52
42998 1627987502 0 7 $GNGGA,104501.000,4424.28355,N,00855.18794,E,1,12,0.9,-10.8,M,44.7,M,,*5E
42999 1627987502 0 3 2.54 0.00
43007 1627987504 0 7 $GNGGA,104503.000,4424.28574,N,00855.18671,E,1,12,0.9,-10.8,M,44.7,M,,*53
43008 1627987505 0 7 $GNGGA,104504.000,4424.28681,N,00855.18605,E,1,12,0.9,-10.8,M,44.7,M,,*5E
43010 1627987505 0 4 2.52 1.51
43011 1627987505 0 5 0.02
43012 1627987505 0 6 0.11
43018 1627987508 0 7 $GNGGA,104507.000,4424.28982,N,00855.18438,E,1,12,0.9,-11.6,M,44.7,M,,*52
43020 1627987508 0 4 2.52 1.51
43027 1627987510 0 7 $GNGGA,104509.000,4424.29153,N,00855.18340,E,1,12,0.9,-12.7,M,44.7,M,,*53
43029 1627987511 0 3 2.54 0.00
43038 1627987514 0 7 $GNGGA,104513.000,4424.29522,N,00855.18150,E,1,12,0.9,-13.2,M,44.7,M,,*5D
43040 1627987514 0 4 2.52 1.50
43041 1627987514 0 5 0.02
43042 1627987514 0 6 0.11
43047 1627987516 0 7 $GNGGA,104515.000,4424.29717,N,00855.18055,E,1,12,0.9,-13.2,M,44.7,M,,*5B
43048 1627987517 0 7 $GNGGA,104516.000,4424.29817,N,00855.18010,E,1,12,0.9,-12.8,M,44.7,M,,*5D
43057 1627987519 0 7 $GNGGA,104518.000,4424.30006,N,00855.17930,E,1,12,0.9,-12.0,M,44.7,M,,*5F
43059 1627987520 0 3 2.54 0.00
43067 1627987522 0 7 $GNGGA,104521.000,4424.30287,N,00855.17784,E,1,12,0.9,-10.6,M,44.7,M,,*5B
43068 1627987523 0 7 $GNGGA,104522.000,4424.30388,N,00855.17749,E,1,12,0.9,-10.1,M,44.7,M,,*50
43072 1627987523 0 6 0.10
43073 1627987523 0 1 3.339
43074 1627987524 0 8 4.98 12.34 11.89
43075 1627987524 0 0 26.29 8.22 163.2 61.18 105.6 6.55 173.9 17.0 181.3 1.22 41.07 12.6
43076 1627987524 0 7 $GNGGA,104523.000,4424.30500,N,00855.17710,E,1,12,0.9,-9.7,M,44.7,M,,*65
43078 1627987526 0 7 $GNGGA,104525.000,4424.30685,N,00855.17615,E,1,12,0.9,-9.6,M,44.7,M,,*68
43087 1627987528 0 7 $GNGGA,104527.000,4424.30862,N,00855.17515,E,1,12,0.9,-10.0,M,44.7,M,,*50
43088 1627987529 0 7 $GNGGA,104528.000,4424.30954,N,00855.17464,E,1,12,0.9,-10.1,M,44.7,M,,*5D
43089 1627987529 0 3 2.54 0.00
43099 1627987532 0 7 $GNGGA,104531.000,4424.31241,N,00855.17292,E,1,12,0.9,-10.8,M,44.7,M,,*5D
43106 1627987533 0 0 26.30 8.22 163.2 61.26 105.5 6.54 173.7 17.0 181.3 1.22 41.13 12.7
43107 1627987533 0 7 $GNGGA,104532.000,4424.31342,N,00855.17228,E,1,12,0.9,-11.1,M,44.7,M,,*55
43108 1627987534 0 7 $GNGGA,104533.000,4424.31434,N,00855.17163,E,1,12,0.9,-11.4,M,44.7,M,,*5B
43109 1627987535 0 7 $GNGGA,104534.000,4424.31507,N,00855.17107,E,1,12,0.9,-12.0,M,44.7,M,,*58
43118 1627987537 0 7 $GNGGA,104536.000,4424.31654,N,00855.17006,E,1,12,0.9,-12.2,M,44.7,M,,*5D
43119 1627987538 0 7 $GNGGA,104537.000,4424.31736,N,00855.16961,E,1,12,0.9,-11.9,M,44.7,M,,*58
43121 1627987538 0 4 2.52 1.56
43122 1627987538 0 5 0.02
43129 1627987541 0 7 $GNGGA,104540.000,4424.32017,N,00855.16800,E,1,12,0.9,-11.8,M,44.7,M,,*58
43138 1627987543 0 7 $GNGGA,104542.000,4424.32199,N,00855.16688,E,1,12,0.9,-11.6,M,44.7,M,,*5D
43139 1627987544 0 7 $GNGGA,104543.000,4424.32279,N,00855.16641,E,1,12,0.9,-11.4,M,44.7,M,,*56
43140 1627987544 0 3 2.54 0.00
43148 1627987546 0 7 $GNGGA,104545.000,4424.32441,N,00855.16538,E,1,12,0.9,-11.4,M,44.7,M,,*50
43150 1627987547 0 3 2.54 0.00
43153 1627987547 0 6 0.11
43154 1627987547 0 8 4.98 12.31 11.89
43155 1627987548 0 1 3.466
43159 1627987550 0 7 $GNGGA,104549.000,4424.32769,N,00855.16300,E,1,12,0.9,-11.7,M,44.7,M,,*5B
43168 1627987552 0 7 $GNGGA,104551.000,4424.32936,N,00855.16176,E,1,12,0.9,-11.6,M,44.7,M,,*54
43169 1627987553 0 7 $GNGGA,104552.000,4424.33017,N,00855.16107,E,1,12,0.9,-11.6,M,44.7,M,,*5A
43170 1627987553 0 3 2.54 0.00
43178 1627987555 0 7 $GNGGA,104554.000,4424.33177,N,00855.15982,E,1,12,0.9,-11.7,M,44.7,M,,*5C
43179 1627987556 0 7 $GNGGA,104555.000,4424.33247,N,00855.15921,E,1,12,0.9,-11.4,M,44.7,M,,*57
43183 1627987556 0 6 0.11
43184 1627987556 0 1 3.584
43185 1627987557 0 8 4.98 12.35 11.89
43189 1627987559 0 7 $GNGGA,104558.000,4424.33480,N,00855.15751,E,1,12,0.9,-11.1,M,44.7,M,,*5B
43190 1627987559 0 3 2.54 0.00
43198 1627987561 0 7 $GNGGA,104600.000,4424.33631,N,00855.15625,E,1,12,0.9,-11.0,M,44.7,M,,*5E
43199 1627987562 0 7 $GNGGA,104601.000,4424.33696,N,00855.15562,E,1,12,0.9,-10.8,M,44.7,M,,*5B
43200 1627987562 0 3 2.54 0.00
43208 1627987564 0 7 $GNGGA,104603.000,4424.33890,N,00855.15452,E,1,12,0.9,-10.6,M,44.7,M,,*5D
43209 1627987565 0 7 $GNGGA,104604.000,4424.33985,N,00855.15384,E,1,12,0.9,-10.6,M,44.7,M,,*53
43216 1627987566 0 0 26.32 8.22 163.2 61.32 105.3 6.52 173.7 17.0 181.4 1.32 41.17 12.7
43217 1627987566 0 7 $GNGGA,104605.000,4424.34085,N,00855.15320,E,1,12,0.9,-11.0,M,44.7,M,,*55
43218 1627987567 0 7 $GNGGA,104606.000,4424.34178,N,00855.15257,E,1,12,0.9,-10.8,M,44.7,M,,*5D
43219 1627987568 0 7 $GNGGA,104607.000,4424.34273,N,00855.15197,E,1,12,0.9,-10.3,M,44.7,M,,*50
43228 1627987570 0 7 $GNGGA,104609.000,4424.34473,N,00855.15088,E,1,12,0.9,-9.4,M,44.7,M,,*68
43229 1627987571 0 7 $GNGGA,104610.000,4424.34582,N,00855.15036,E,1,12,0.9,-8.7,M,44.7,M,,*68
43230 1627987571 0 3 2.54 0.00
43239 1627987574 0 7 $GNGGA,104613.000,4424.34880,N,00855.14848,E,1,12,0.9,-6.7,M,44.7,M,,*6A
43246 1627987575 0 0 26.32 8.23 163.2 61.21 105.3 6.52 173.8 17.0 181.1 1.31 41.10 12.8
43247 1627987575 0 7 $GNGGA,104614.000,4424.34974,N,00855.14799,E,1,12,0.9,-6.5,M,44.7,M,,*66
43248 1627987576 0 7 $GNGGA,104615.000,4424.35088,N,00855.14742,E,1,12,0.9,-6.5,M,44.7,M,,*6A
43249 1627987577 0 7 $GNGGA,104616.000,4424.35220,N,00855.14684,E,1,12,0.9,-6.2,M,44.7,M,,*65
43258 1627987579 0 7 $GNGGA,104618.000,4424.35482,N,00855.14577,E,1,12,0.9,-6.0,M,44.7,M,,*68
43259 1627987580 0 7 $GNGGA,104619.000,4424.35614,N,00855.14540,E,1,12,0.9,-5.9,M,44.7,M,,*6A
43260 1627987580 0 3 2.54 0.00
43261 1627987580 0 4 2.52 1.55
43262 1627987580 0 5 0.02
43269 1627987583 0 7 $GNGGA,104622.000,4424.35958,N,00855.14364,E,1,12,0.9,-5.2,M,44.7,M,,*6E
43278 1627987585 0 7 $GNGGA,104624.000,4424.36165,N,00855.14246,E,1,12,0.9,-5.4,M,44.7,M,,*6A
43279 1627987586 0 7 $GNGGA,104625.000,4424.36237,N,00855.14165,E,1,12,0.9,-5.6,M,44.7,M,,*6F
43288 1627987588 0 7 $GNGGA,104627.000,4424.36405,N,00855.14058,E,1,12,0.9,-5.0,M,44.7,M,,*63
43289 1627987589 0 7 $GNGGA,104628.000,4424.36513,N,00855.14005,E,1,12,0.9,-4.8,M,44.7,M,,*6B
43290 1627987589 0 3 2.54 0.00
43292 1627987589 0 5 0.02
43293 1627987589 0 6 0.10
43294 1627987589 0 1 3.868
43295 1627987590 0 8 4.98 12.35 11.89
43299 1627987592 0 7 $GNGGA,104631.000,4424.36862,N,00855.13797,E,1,12,0.9,-5.0,M,44.7,M,,*6A
43308 1627987594 0 7 $GNGGA,104633.000,4424.37100,N,00855.13672,E,1,12,0.9,-5.6,M,44.7,M,,*68
43309 1627987595 0 7 $GNGGA,104634.000,4424.37195,N,00855.13610,E,1,12,0.9,-5.7,M,44.7,M,,*66
43310 1627987595 0 3 2.54 0.00
43317 1627987597 0 7 $GNGGA,104636.000,4424.37373,N,00855.13501,E,1,12,0.9,-5.7,M,44.7,M,,*6D
43318 1627987598 0 7 $GNGGA,104637.000,4424.37462,N,00855.13458,E,1,12,0.9,-5.6,M,44.7,M,,*67
43321 1627987598 0 5 0.02
43322 1627987598 0 6 0.12
43325 1627987599 0 7 $GNGGA,104638.000,4424.37544,N,00855.13413,E,1,12,0.9,-5.3,M,44.7,M,,*67
43327 1627987601 0 7 $GNGGA,104640.000,4424.37673,N,00855.13317,E,1,12,0.9,-4.4,M,44.7,M,,*6A
43335 1627987603 0 7 $GNGGA,104642.000,4424.37777,N,00855.13185,E,1,12,0.9,-4.0,M,44.7,M,,*60
43336 1627987604 0 7 $GNGGA,104643.000,4424.37827,N,00855.13135,E,1,12,0.9,-3.7,M,44.7,M,,*60
43337 1627987604 0 3 2.54 0.00
43338 1627987604 0 4 2.52 1.57
43339 1627987604 0 5 0.02
43340 1627987604 0 6 0.10
43341 1627987605 0 8 4.98 12.41 11.89
43342 1627987605 0 0 26.33 8.23 163.0 61.30 105.6 6.54 173.9 17.0 181.1 1.17 41.16 12.8
43343 1627987605 0 7 $GNGGA,104644.000,4424.37898,N,00855.13089,E,1,12,0.9,-3.2,M,44.7,M,,*60
43344 1627987605 0 1 3.548
43345 1627987606 0 7 $GNGGA,104645.000,4424.37970,N,00855.13055,E,1,12,0.9,-2.9,M,44.7,M,,*6D
43346 1627987607 0 7 $GNGGA,104646.000,4424.38067,N,00855.13006,E,1,12,0.9,-2.8,M,44.7,M,,*69
43347 1627987607 0 3 2.54 0.00
43348 1627987607 0 4 2.52 1.57
43349 1627987607 0 5 0.02
43350 1627987607 0 6 0.11
43351 1627987607 0 8 4.98 12.20 11.87
43352 1627987608 0 1 3.730
43353 1627987608 0 0 26.34 8.23 163.1 61.24 105.6 6.54 173.6 17.0 181.0 1.21 41.11 12.8
43354 1627987608 0 7 $GNGGA,104647.000,4424.38174,N,00855.12952,E,1,12,0.9,-2.6,M,44.7,M,,*6C
43355 1627987609 0 7 $GNGGA,104648.000,4424.38290,N,00855.12901,E,1,12,0.9,-2.8,M,44.7,M,,*62
43356 1627987610 0 7 $GNGGA,104649.000,4424.38401,N,00855.12858,E,1,12,0.9,-3.0,M,44.7,M,,*69
43357 1627987610 0 3 2.54 0.00
43358 1627987610 0 4 2.52 1.57
43359 1627987610 0 5 0.02
43360 1627987610 0 6 0.11
43361 1627987610 0 1 3.673
43362 1627987611 0 8 4.98 12.24 11.89
43363 1627987611 0 0 26.34 8.23 163.1 61.29 105.6 6.54 173.7 17.0 181.0 1.22 41.15 12.8
43364 1627987611 0 7 $GNGGA,104650.000,4424.38496,N,00855.12815,E,1,12,0.9,-3.1,M,44.7,M,,*67
43365 1627987612 0 7 $GNGGA,104651.000,4424.38593,N,00855.12770,E,1,12,0.9,-3.2,M,44.7,M,,*6D
43366 1627987613 0 7 $GNGGA,104652.000,4424.38686,N,00855.12735,E,1,12,0.9,-3.1,M,44.7,M,,*6B
43367 1627987613 0 3 2.54 0.00
43368 1627987613 0 4 2.52 1.57
43369 1627987613 0 5 0.02
43370 1627987613 0 6 0.11
43371 1627987613 0 8 4.98 12.33 11.89
43372 1627987614 0 1 3.457
43373 1627987614 0 0 26.33 8.23 163.0 61.27 105.7 6.55 173.8 17.0 181.1 1.22 41.14 12.8
43374 1627987614 0 7 $GNGGA,104653.000,4424.38785,N,00855.12700,E,1,12,0.9,-3.0,M,44.7,M,,*6F
43375 1627987615 0 7 $GNGGA,104654.000,4424.38871,N,00855.12662,E,1,12,0.9,-2.8,M,44.7,M,,*60
43376 1627987616 0 7 $GNGGA,104655.000,4424.38940,N,00855.12614,E,1,12,0.9,-2.4,M,44.7,M,,*6F
43377 1627987616 0 3 2.54 0.00
43378 1627987616 0 4 2.52 1.56
43379 1627987616 0 5 0.02
43380 1627987616 0 6 0.10
43381 1627987616 0 1 4.042
43382 1627987617 0 8 4.98 12.37 11.89
43383 1627987617 0 0 26.33 8.23 163.1 61.26 105.8 6.56 173.8 17.0 181.2 1.22 41.13 12.8
43384 1627987617 0 7 $GNGGA,104656.000,4424.39016,N,00855.12575,E,1,12,0.9,-2.1,M,44.7,M,,*66
43385 1627987618 0 7 $GNGGA,104657.000,4424.39090,N,00855.12541,E,1,12,0.9,-2.0,M,44.7,M,,*6F
43386 1627987619 0 7 $GNGGA,104658.000,4424.39160,N,00855.12505,E,1,12,0.9,-1.9,M,44.7,M,,*64
43387 1627987619 0 3 2.54 0.00
43388 1627987619 0 4 2.52 1.57
43389 1627987619 0 5 0.02
43390 1627987619 0 6 0.11
43391 1627987619 0 1 3.678
43392 1627987620 0 8 4.98 12.34 11.89
43393 1627987620 0 7 $GNGGA,104659.000,4424.39228,N,00855.12467,E,1,12,0.9,-2.1,M,44.7,M,,*64
43394 1627987620 0 0 26.34 8.23 163.0 61.26 105.8 6.56 174.0 17.0 180.8 1.21 41.13 12.8
43395 1627987621 0 7 $GNGGA,104700.000,4424.39298,N,00855.12426,E,1,12,0.9,-2.1,M,44.7,M,,*67
43396 1627987622 0 7 $GNGGA,104701.000,4424.39368,N,00855.12373,E,1,12,0.9,-2.1,M,44.7,M,,*6F
43397 1627987622 0 3 2.54 0.00
43398 1627987622 0 4 2.52 1.57
43399 1627987622 0 5 0.02
43400 1627987622 0 6 0.11
43401 1627987622 0 8 4.98 12.33 11.89
43402 1627987623 0 1 3.577
43403 1627987623 0 0 26.34 8.23 163.1 61.23 105.9 6.56 173.9 17.0 180.9 1.25 41.11 12.8
43404 1627987623 0 7 $GNGGA,104702.000,4424.39433,N,00855.12311,E,1,12,0.9,-1.7,M,44.7,M,,*64
43405 1627987624 0 7 $GNGGA,104703.000,4424.39495,N,00855.12246,E,1,12,0.9,-1.3,M,44.7,M,,*6E
43406 1627987625 0 7 $GNGGA,104704.000,4424.39569,N,00855.12203,E,1,12,0.9,-1.0,M,44.7,M,,*69
43407 1627987625 0 3 2.54 0.00
43408 1627987625 0 4 2.53 1.57
43409 1627987625 0 5 0.03
43410 1627987625 0 6 0.12
43411 1627987625 0 1 3.361
43412 1627987626 0 8 4.98 12.33 11.89
43413 1627987626 0 0 26.34 8.23 163.1 61.33 106.0 6.56 173.9 17.0 181.4 1.18 41.19 12.9
43414 1627987626 0 7 $GNGGA,104705.000,4424.39660,N,00855.12173,E,1,12,0.9,-0.9,M,44.7,M,,*6E
43415 1627987627 0 7 $GNGGA,104706.000,4424.39773,N,00855.12149,E,1,12,0.9,-1.4,M,44.7,M,,*6B
43416 1627987628 0 7 $GNGGA,104707.000,4424.39900,N,00855.12122,E,1,12,0.9,-1.7,M,44.7,M,,*6E
43417 1627987628 0 3 2.54 0.00
43418 1627987628 0 4 2.52 1.57
43419 1627987628 0 5 0.02
43420 1627987628 0 6 0.10
43421 1627987628 0 8 4.98 12.34 11.89
43422 1627987629 0 1 3.223
43423 1627987629 0 0 26.34 8.23 163.0 61.23 106.0 6.57 173.9 17.0 181.1 1.18 41.11 12.9
43424 1627987629 0 7 $GNGGA,104708.000,4424.40026,N,00855.12082,E,1,12,0.9,-1.8,M,44.7,M,,*66
43425 1627987630 0 7 $GNGGA,104709.000,4424.40120,N,00855.12037,E,1,12,0.9,-1.3,M,44.7,M,,*65
43426 1627987631 0 7 $GNGGA,104710.000,4424.40205,N,00855.11975,E,1,12,0.9,-0.9,M,44.7,M,,*6E
43427 1627987631 0 3 2.54 0.00
43428 1627987631 0 4 2.52 1.57
43429 1627987631 0 5 0.02
43430 1627987631 0 6 0.11
43431 1627987631 0 1 3.281
43432 1627987632 0 8 4.98 12.36 11.89
43433 1627987632 0 0 26.34 8.23 163.0 61.23 106.1 6.57 173.9 17.0 181.0 1.24 41.10 12.9
43434 1627987632 0 7 $GNGGA,104711.000,4424.40284,N,00855.11899,E,1,12,0.9,-0.7,M,44.7,M,,*6B
43435 1627987633 0 7 $GNGGA,104712.000,4424.40358,N,00855.11826,E,1,12,0.9,-0.3,M,44.7,M,,*68
43436 1627987634 0 7 $GNGGA,104713.000,4424.40430,N,00855.11772,E,1,12,0.9,0.4,M,44.7,M,,*44
43437 1627987634 0 3 2.54 0.00
43438 1627987634 0 4 2.52 1.57
43439 1627987634 0 5 0.02
43440 1627987634 0 6 0.10
43441 1627987634 0 8 4.98 12.35 11.89
43442 1627987635 0 1 3.365
43443 1627987635 0 0 26.33 8.23 163.0 61.23 106.1 6.58 174.1 17.0 181.3 1.27 41.11 12.9
43444 1627987635 0 7 $GNGGA,104714.000,4424.40510,N,00855.11724,E,1,12,0.9,1.2,M,44.7,M,,*44
43445 1627987636 0 7 $GNGGA,104715.000,4424.40609,N,00855.11685,E,1,12,0.9,1.6,M,44.7,M,,*40
43446 1627987637 0 7 $GNGGA,104716.000,4424.40712,N,00855.11664,E,1,12,0.9,1.8,M,44.7,M,,*49
43447 1627987637 0 3 2.54 0.00
43448 1627987637 0 4 2.52 1.57
43449 1627987637 0 5 0.02
43450 1627987637 0 6 0.11
43451 1627987638 0 1 3.341
43452 1627987638 0 8 4.98 12.38 11.89
43453 1627987638 0 0 26.33 8.23 163.0 61.29 106.2 6.58 173.9 17.0 181.3 1.26 41.15 13.0
43454 1627987638 0 7 $GNGGA,104717.000,4424.40803,N,00855.11646,E,1,12,0.9,2.1,M,44.7,M,,*4D
43455 1627987639 0 7 $GNGGA,104718.000,4424.40882,N,00855.11622,E,1,12,0.9,2.8,M,44.7,M,,*40
43456 1627987640 0 7 $GNGGA,104719.000,4424.40957,N,00855.11580,E,1,12,0.9,3.6,M,44.7,M,,*4C
43457 1627987640 0 3 2.54 0.00
43458 1627987640 0 4 2.52 1.57
43459 1627987640 0 5 0.03
43460 1627987640 0 6 0.11
43461 1627987640 0 8 4.98 12.35 11.89
43462 1627987641 0 1 3.195
43463 1627987641 0 0 26.33 8.23 163.0 61.27 106.2 6.58 173.8 17.0 182.0 1.26 41.14 13.0
43464 1627987641 0 7 $GNGGA,104720.000,4424.41048,N,00855.11531,E,1,12,0.9,4.2,M,44.7,M,,*49
43465 1627987642 0 7 $GNGGA,104721.000,4424.41143,N,00855.11505,E,1,12,0.9,4.7,M,44.7,M,,*40
43466 1627987643 0 7 $GNGGA,104722.000,4424.41240,N,00855.11482,E,1,12,0.9,4.9,M,44.7,M,,*43
43467 1627987643 0 3 2.54 0.00
43468 1627987643 0 4 2.52 1.57
43469 1627987643 0 5 0.03
43470 1627987643 0 6 0.10
43471 1627987643 0 1 3.376
43472 1627987644 0 8 4.98 12.37 11.89
43473 1627987644 0 0 26.32 8.24 163.0 61.24 106.3 6.59 174.1 17.0 181.4 1.27 41.11 13.1
43474 1627987644 0 7 $GNGGA,104723.000,4424.41341,N,00855.11458,E,1,12,0.9,5.1,M,44.7,M,,*4C
43475 1627987645 0 7 $GNGGA,104724.000,4424.41428,N,00855.11427,E,1,12,0.9,5.3,M,44.7,M,,*49
43476 1627987646 0 7 $GNGGA,104725.000,4424.41530,N,00855.11408,E,1,11,1.1,5.3,M,44.7,M,,*47
43477 1627987646 0 3 2.54 0.00
43478 1627987646 0 4 2.53 1.57
43479 1627987646 0 5 0.02
43480 1627987646 0 6 0.10
43481 1627987646 0 1 2.587
43482 1627987647 0 8 4.98 12.34 11.89
43483 1627987647 0 0 26.31 8.24 162.9 61.25 106.3 6.59 174.0 17.0 181.2 1.30 41.12 13.0
43484 1627987647 0 7 $GNGGA,104726.000,4424.41628,N,00855.11386,E,1,11,1.1,4.6,M,44.7,M,,*4B
43485 1627987648 0 7 $GNGGA,104727.000,4424.41710,N,00855.11361,E,1,12,0.9,3.8,M,44.7,M,,*4A
43486 1627987649 0 7 $GNGGA,104728.000,4424.41786,N,00855.11333,E,1,12,0.9,3.2,M,44.7,M,,*47
43487 1627987649 0 3 2.54 0.00
43488 1627987649 0 4 2.52 1.57
43489 1627987649 0 5 0.03
43490 1627987649 0 6 0.12
43491 1627987649 0 8 4.98 12.34 11.89
43492 1627987650 0 1 2.954
43493 1627987650 0 7 $GNGGA,104729.000,4424.41879,N,00855.11301,E,1,12,0.9,2.1,M,44.7,M,,*4A
43494 1627987650 0 2 0.04820000 3.10060000 1.45580005 0.02390000 2.76519989 0.00400000 0.05300000 0.21349999 1.00000000 88.51799774
43495 1627987650 0 0 26.32 8.24 162.9 61.13 106.4 6.59 174.2 17.0 181.6 1.24 41.03 13.1
43496 1627987651 0 7 $GNGGA,104730.000,4424.41983,N,00855.11257,E,1,12,0.9,1.3,M,44.7,M,,*45
43497 1627987652 0 7 $GNGGA,104731.000,4424.42091,N,00855.11210,E,1,12,0.9,0.6,M,44.7,M,,*4A
43498 1627987652 0 3 2.54 0.00
43499 1627987652 0 4 2.52 1.57
43500 1627987652 0 5 0.03
43501 1627987652 0 6 0.11
43502 1627987652 0 1 2.876
43503 1627987653 0 8 4.98 12.34 11.89
43504 1627987653 0 0 26.31 8.24 162.9 61.23 106.4 6.59 174.1 17.0 181.3 1.20 41.11 13.0
43505 1627987653 0 7 $GNGGA,104732.000,4424.42183,N,00855.11154,E,1,12,0.9,0.1,M,44.7,M,,*4F
43506 1627987654 0 7 $GNGGA,104733.000,4424.42278,N,00855.11110,E,1,12,0.9,-0.3,M,44.7,M,,*66
43507 1627987655 0 7 $GNGGA,104734.000,4424.42391,N,00855.11077,E,1,12,0.9,-1.0,M,44.7,M,,*65
43508 1627987655 0 3 2.54 0.00
43509 1627987655 0 4 2.52 1.56
43510 1627987655 0 5 0.02
43511 1627987655 0 6 0.10
43512 1627987656 0 8 4.98 12.35 11.89
43513 1627987656 0 1 2.981
43514 1627987656 0 0 26.32 8.22 163.0 61.25 106.4 6.59 173.9 17.0 181.7 1.16 41.12 12.5
43515 1627987656 0 7 $GNGGA,104735.000,4424.42492,N,00855.11041,E,1,12,0.9,-1.2,M,44.7,M,,*67
43516 1627987657 0 7 $GNGGA,104736.000,4424.42601,N,00855.10995,E,1,12,0.9,-1.4,M,44.7,M,,*6B
43517 1627987658 0 7 $GNGGA,104737.000,4424.42700,N,00855.10956,E,1,12,0.9,-1.2,M,44.7,M,,*63
43518 1627987658 0 3 2.54 0.00
43519 1627987658 0 4 2.52 1.57
43520 1627987658 0 5 0.02
43521 1627987658 0 6 0.11
43522 1627987659 0 1 2.892
43523 1627987659 0 8 4.98 12.37 11.87
43524 1627987659 0 0 26.32 8.22 163.0 61.28 106.4 6.59 174.1 17.0 181.3 1.03 41.14 12.7
43525 1627987659 0 7 $GNGGA,104738.000,4424.42794,N,00855.10909,E,1,12,0.9,-0.9,M,44.7,M,,*61
43526 1627987660 0 7 $GNGGA,104739.000,4424.42879,N,00855.10871,E,1,12,0.9,-0.6,M,44.7,M,,*6D
43527 1627987661 0 7 $GNGGA,104740.000,4424.42949,N,00855.10837,E,1,12,0.9,-0.1,M,44.7,M,,*64
43528 1627987661 0 3 2.54 0.00
43529 1627987661 0 4 2.52 1.57
43530 1627987661 0 5 0.02
43531 1627987661 0 6 0.11
43532 1627987662 0 8 4.98 12.34 11.89
43533 1627987662 0 1 2.974
43534 1627987662 0 0 26.33 8.22 163.0 61.21 106.3 6.59 173.9 17.0 181.2 1.06 41.09 12.6
43535 1627987662 0 7 $GNGGA,104741.000,4424.43031,N,00855.10797,E,1,12,0.9,0.5,M,44.7,M,,*4E
43536 1627987663 0 7 $GNGGA,104742.000,4424.43121,N,00855.10749,E,1,12,0.9,0.9,M,44.7,M,,*42
43537 1627987664 0 7 $GNGGA,104743.000,4424.43214,N,00855.10697,E,1,12,0.9,0.9,M,44.7,M,,*44
43538 1627987664 0 3 2.54 0.00
43539 1627987664 0 4 2.52 1.57
43540 1627987664 0 5 0.02
43541 1627987664 0 6 0.11
43542 1627987665 0 1 3.387
43543 1627987665 0 8 4.98 12.38 11.89
43544 1627987665 0 0 26.34 8.22 163.0 61.19 106.3 6.59 173.8 17.0 180.9 1.07 41.07 12.6
43545 1627987665 0 7 $GNGGA,104744.000,4424.43303,N,00855.10651,E,1,12,0.9,1.1,M,44.7,M,,*47
43546 1627987666 0 7 $GNGGA,104745.000,4424.43394,N,00855.10614,E,1,12,0.9,1.3,M,44.7,M,,*4B
43547 1627987667 0 7 $GNGGA,104746.000,4424.43492,N,00855.10585,E,1,12,0.9,1.7,M,44.7,M,,*46
43548 1627987667 0 3 2.54 0.00
43549 1627987667 0 4 2.52 1.57
43550 1627987667 0 5 0.02
43551 1627987667 0 6 0.10
43552 1627987668 0 8 4.98 12.34 11.89
43553 1627987668 0 1 3.660
43554 1627987668 0 0 26.35 8.21 163.1 61.27 106.2 6.58 173.8 17.0 181.3 1.08 41.14 12.5
43555 1627987668 0 7 $GNGGA,104747.000,4424.43596,N,00855.10551,E,1,12,0.9,1.9,M,44.7,M,,*45
43556 1627987669 0 7 $GNGGA,104748.000,4424.43689,N,00855.10512,E,1,12,0.9,2.0,M,44.7,M,,*4A
43557 1627987670 0 7 $GNGGA,104749.000,4424.43770,N,00855.10492,E,1,12,0.9,2.2,M,44.7,M,,*47
43558 1627987670 0 3 2.54 0.00
43559 1627987670 0 4 2.52 1.57
43560 1627987670 0 5 0.02
43561 1627987670 0 6 0.10
43562 1627987671 0 1 4.112
43563 1627987671 0 8 4.98 12.38 11.89
43564 1627987671 0 0 26.35 8.21 163.1 61.23 106.2 6.58 173.9 17.0 181.3 1.05 41.10 12.3
43565 1627987671 0 7 $GNGGA,104750.000,4424.43857,N,00855.10438,E,1,12,0.9,2.1,M,44.7,M,,*46
43566 1627987672 0 7 $GNGGA,104751.000,4424.43945,N,00855.10386,E,1,12,0.9,2.2,M,44.7,M,,*44
43567 1627987673 0 7 $GNGGA,104752.000,4424.44030,N,00855.10356,E,1,12,0.9,2.1,M,44.7,M,,*45
43568 1627987673 0 3 2.54 0.00
43569 1627987673 0 4 2.52 1.57
43570 1627987673 0 5 0.02
43571 1627987673 0 6 0.11
43572 1627987674 0 1 3.802
43573 1627987674 0 8 4.98 12.34 11.89
43574 1627987674 0 0 26.34 8.21 163.1 61.23 106.1 6.57 173.8 17.0 181.0 1.05 41.11 12.3
43575 1627987674 0 7 $GNGGA,104753.000,4424.44122,N,00855.10316,E,1,12,0.9,2.1,M,44.7,M,,*42
43576 1627987675 0 7 $GNGGA,104754.000,4424.44217,N,00855.10271,E,1,12,0.9,2.2,M,44.7,M,,*43
43577 1627987676 0 7 $GNGGA,104755.000,4424.44313,N,00855.10254,E,1,12,0.9,2.3,M,44.7,M,,*41
43578 1627987676 0 3 2.54 0.00
43579 1627987676 0 4 2.53 1.56
43580 1627987676 0 5 0.02
43581 1627987676 0 6 0.11
43582 1627987677 0 8 4.98 12.33 11.89
43583 1627987677 0 1 3.663
43584 1627987677 0 0 26.39 8.20 163.1 61.16 106.1 6.57 173.4 17.0 180.5 1.11 41.05 12.1
43585 1627987677 0 7 $GNGGA,104756.000,4424.44404,N,00855.10259,E,1,12,0.9,2.5,M,44.7,M,,*48
43586 1627987678 0 7 $GNGGA,104757.000,4424.44495,N,00855.10254,E,1,12,0.9,2.5,M,44.7,M,,*4C
43587 1627987679 0 7 $GNGGA,104758.000,4424.44582,N,00855.10222,E,1,12,0.9,2.9,M,44.7,M,,*49
43588 1627987679 0 3 2.54 0.00
43589 1627987679 0 4 2.52 1.56
43590 1627987679 0 5 0.02
43591 1627987679 0 6 0.10
43592 1627987680 0 1 3.575
43593 1627987680 0 8 4.98 12.35 11.89
43594 1627987680 0 0 26.37 8.20 163.2 61.18 106.0 6.57 173.7 17.0 181.1 1.21 41.07 12.2
43595 1627987680 0 7 $GNGGA,104759.000,4424.44689,N,00855.10187,E,1,12,0.9,3.1,M,44.7,M,,*45
43596 1627987681 0 7 $GNGGA,104800.000,4424.44797,N,00855.10151,E,1,12,0.9,3.2,M,44.7,M,,*40
43597 1627987682 0 7 $GNGGA,104801.000,4424.44903,N,00855.10113,E,1,12,0.9,3.1,M,44.7,M,,*47
43598 1627987682 0 3 2.54 0.00
43599 1627987682 0 4 2.53 1.56
43600 1627987682 0 5 0.02
43601 1627987682 0 6 0.10
43602 1627987683 0 8 4.98 12.35 11.89
43603 1627987683 0 1 3.382
43604 1627987683 0 0 26.32 8.21 163.2 61.17 106.0 6.57 174.4 16.9 182.0 1.26 41.06 12.3
43605 1627987683 0 7 $GNGGA,104802.000,4424.44994,N,00855.10090,E,1,12,0.9,3.0,M,44.7,M,,*41
43606 1627987684 0 7 $GNGGA,104803.000,4424.45072,N,00855.10079,E,1,12,0.9,2.8,M,44.7,M,,*4E
43607 1627987685 0 7 $GNGGA,104804.000,4424.45151,N,00855.10066,E,1,12,0.9,2.7,M,44.7,M,,*48
43608 1627987685 0 3 2.54 0.00
43609 1627987685 0 4 2.52 1.56
43610 1627987685 0 5 0.03
43611 1627987685 0 6 0.11
43612 1627987686 0 1 3.765
43613 1627987686 0 8 4.98 12.37 11.89
43614 1627987686 0 0 26.38 8.20 163.2 61.16 105.9 6.56 173.3 17.0 181.1 1.21 41.05 12.0
43615 1627987686 0 7 $GNGGA,104805.000,4424.45226,N,00855.10037,E,1,12,0.9,2.6,M,44.7,M,,*4F
43616 1627987687 0 7 $GNGGA,104806.000,4424.45292,N,00855.10000,E,1,12,0.9,2.6,M,44.7,M,,*47
43617 1627987688 0 7 $GNGGA,104807.000,4424.45357,N,00855.09969,E,1,12,0.9,2.7,M,44.7,M,,*41
43618 1627987688 0 3 2.54 0.00
43619 1627987688 0 4 2.52 1.56
43620 1627987688 0 5 0.03
43621 1627987688 0 6 0.12
43622 1627987689 0 8 4.98 12.34 11.87
43623 1627987689 0 1 3.971
43624 1627987689 0 0 26.36 8.20 163.2 61.15 105.9 6.56 174.1 17.0 180.5 1.16 41.04 12.1
43625 1627987689 0 7 $GNGGA,104808.000,4424.45450,N,00855.09956,E,1,12,0.9,2.5,M,44.7,M,,*40
43626 1627987690 0 7 $GNGGA,104809.000,4424.45545,N,00855.09933,E,1,11,0.9,2.2,M,44.7,M,,*43
43627 1627987691 0 7 $GNGGA,104810.000,4424.45645,N,00855.09899,E,1,11,0.9,1.9,M,44.7,M,,*41
43628 1627987691 0 3 2.54 0.00
43629 1627987691 0 4 2.52 1.56
43630 1627987691 0 5 0.02
43631 1627987691 0 6 0.11
43632 1627987692 0 1 3.981
43633 1627987692 0 8 4.98 12.37 11.89
43634 1627987692 0 0 26.51 8.20 163.2 61.12 104.6 6.46 171.9 17.1 179.8 1.13 41.02 12.2
43635 1627987692 0 7 $GNGGA,104811.000,4424.45739,N,00855.09857,E,1,12,0.9,1.6,M,44.7,M,,*44
43636 1627987693 0 7 $GNGGA,104812.000,4424.45821,N,00855.09852,E,1,12,0.9,1.7,M,44.7,M,,*45
43637 1627987694 0 7 $GNGGA,104813.000,4424.45921,N,00855.09856,E,1,12,0.9,1.6,M,44.7,M,,*40
43638 1627987694 0 3 2.54 0.00
43639 1627987694 0 4 2.52 1.56
43640 1627987694 0 5 0.03
43641 1627987694 0 6 0.09
43642 1627987695 0 8 4.98 12.34 11.89
43643 1627987695 0 1 3.902
43644 1627987695 0 0 26.43 8.20 163.1 61.24 104.5 6.47 173.3 17.0 181.7 1.15 41.11 12.1
43645 1627987695 0 7 $GNGGA,104814.000,4424.46038,N,00855.09827,E,1,12,0.9,1.3,M,44.7,M,,*46
43646 1627987696 0 7 $GNGGA,104815.000,4424.46151,N,00855.09781,E,1,12,0.9,1.2,M,44.7,M,,*4B
43647 1627987697 0 7 $GNGGA,104816.000,4424.46274,N,00855.09712,E,1,12,0.9,1.1,M,44.7,M,,*45
43648 1627987697 0 3 2.54 0.00
43649 1627987697 0 4 2.52 1.56
43650 1627987697 0 5 0.02
43651 1627987697 0 6 0.11
43652 1627987698 0 1 4.368
43653 1627987698 0 8 4.98 12.38 11.89
43654 1627987698 0 0 26.40 8.19 163.2 61.13 104.6 6.48 173.4 17.0 181.0 1.18 41.03 11.9
43655 1627987698 0 7 $GNGGA,104817.000,4424.46399,N,00855.09659,E,1,12,0.9,1.0,M,44.7,M,,*49
43656 1627987699 0 7 $GNGGA,104818.000,4424.46514,N,00855.09626,E,1,12,0.9,1.3,M,44.7,M,,*4E
43657 1627987700 0 7 $GNGGA,104819.000,4424.46617,N,00855.09616,E,1,12,0.9,1.5,M,44.7,M,,*4A
43658 1627987700 0 3 2.54 0.00
43659 1627987700 0 4 2.52 1.56
43660 1627987700 0 5 0.02
43661 1627987700 0 6 0.11
43662 1627987701 0 1 4.214
43663 1627987701 0 8 4.98 12.34 11.89
43664 1627987701 0 0 26.50 8.20 163.1 61.15 104.6 6.47 172.6 17.0 180.0 1.18 41.04 12.1
43665 1627987701 0 7 $GNGGA,104820.000,4424.46721,N,00855.09599,E,1,12,0.9,1.6,M,44.7,M,,*43
43666 1627987702 0 7 $GNGGA,104821.000,4424.46813,N,00855.09571,E,1,12,0.9,2.1,M,44.7,M,,*4E
43667 1627987703 0 7 $GNGGA,104822.000,4424.46889,N,00855.09532,E,1,12,0.9,2.8,M,44.7,M,,*40
43668 1627987703 0 3 2.54 0.00
43669 1627987703 0 4 2.52 1.57
43670 1627987703 0 5 0.03
43671 1627987703 0 6 0.10
43672 1627987703 0 8 4.98 12.34 11.89
43673 1627987704 0 1 3.990
43674 1627987704 0 0 26.45 8.20 163.2 61.22 104.6 6.47 173.4 17.0 181.1 1.19 41.10 12.0
43675 1627987704 0 7 $GNGGA,104823.000,4424.46978,N,00855.09487,E,1,12,0.9,3.5,M,44.7,M,,*4D
43676 1627987705 0 7 $GNGGA,104824.000,4424.47056,N,00855.09461,E,1,12,0.9,3.7,M,44.7,M,,*44
43677 1627987705 0 7 $GNGGA,104825.000,4424.47107,N,00855.09441,E,1,12,0.9,3.5,M,44.7,M,,*40
43678 1627987706 0 3 2.54 0.00
43679 1627987706 0 4 2.53 1.58
43680 1627987706 0 5 0.02
43681 1627987706 0 6 0.11
43682 1627987706 0 1 4.366
43683 1627987707 0 8 4.98 12.34 11.89
43684 1627987707 0 0 26.44 8.20 163.1 61.20 104.7 6.47 173.4 17.0 181.3 1.26 41.08 12.1
43685 1627987707 0 7 $GNGGA,104826.000,4424.47162,N,00855.09410,E,1,12,0.9,3.5,M,44.7,M,,*44
43686 1627987708 0 7 $GNGGA,104827.000,4424.47217,N,00855.09387,E,1,12,0.9,3.7,M,44.7,M,,*4F
43687 1627987708 0 7 $GNGGA,104828.000,4424.47255,N,00855.09359,E,1,12,0.9,4.7,M,44.7,M,,*42
43688 1627987709 0 3 2.55 0.00
43689 1627987709 0 4 2.53 1.61
43690 1627987709 0 5 0.03
43691 1627987709 0 6 0.10
43692 1627987709 0 8 4.98 12.34 11.89
43693 1627987710 0 1 5.097
43694 1627987710 0 7 $GNGGA,104829.000,4424.47328,N,00855.09341,E,1,12,0.9,5.0,M,44.7,M,,*47
43695 1627987710 0 0 26.41 8.20 163.1 61.20 104.7 6.48 173.7 17.0 181.2 1.31 41.08 12.1
43696 1627987711 0 7 $GNGGA,104830.000,4424.47416,N,00855.09329,E,1,12,0.9,5.7,M,44.7,M,,*4C
43697 1627987711 0 7 $GNGGA,104831.000,4424.47506,N,00855.09326,E,1,12,0.9,6.3,M,44.7,M,,*45
43698 1627987712 0 3 2.55 0.00
43699 1627987712 0 4 2.53 1.61
43700 1627987712 0 5 0.02
43701 1627987712 0 6 0.11
43702 1627987712 0 1 4.482
43703 1627987713 0 8 4.98 12.23 11.87
43704 1627987713 0 0 26.42 8.21 163.0 61.10 104.7 6.48 173.8 17.0 180.8 1.35 41.01 12.3
43705 1627987713 0 7 $GNGGA,104832.000,4424.47588,N,00855.09320,E,1,12,0.9,6.8,M,44.7,M,,*4D
43706 1627987714 0 7 $GNGGA,104833.000,4424.47686,N,00855.09323,E,1,12,0.9,7.2,M,44.7,M,,*49
43707 1627987714 0 7 $GNGGA,104834.000,4424.47793,N,00855.09333,E,1,12,0.9,8.2,M,44.7,M,,*45
43708 1627987715 0 3 2.55 0.00
43709 1627987715 0 4 2.53 1.61
43710 1627987715 0 5 0.02
43711 1627987715 0 6 0.10
43712 1627987715 0 8 4.98 12.35 11.89
43713 1627987716 0 1 4.543
43714 1627987716 0 0 26.43 8.20 162.9 61.18 104.8 6.48 173.7 17.0 181.0 1.42 41.07 12.2
43715 1627987716 0 7 $GNGGA,104835.000,4424.47884,N,00855.09325,E,1,12,0.9,8.5,M,44.7,M,,*4D
43716 1627987716 0 7 $GNGGA,104836.000,4424.47974,N,00855.09304,E,1,12,0.9,8.5,M,44.7,M,,*43
43717 1627987717 0 7 $GNGGA,104837.000,4424.48054,N,00855.09295,E,1,12,0.9,8.3,M,44.7,M,,*49
43718 1627987718 0 3 2.55 0.00
43719 1627987718 0 4 2.53 1.61
43720 1627987718 0 5 0.02
43721 1627987718 0 6 0.11
43722 1627987718 0 1 4.132
43723 1627987719 0 8 4.98 12.36 11.89
43724 1627987719 0 0 26.41 8.20 163.0 61.21 104.8 6.49 173.9 17.0 181.6 1.45 41.09 12.2
43725 1627987719 0 7 $GNGGA,104838.000,4424.48131,N,00855.09292,E,1,12,0.9,8.7,M,44.7,M,,*47
43726 1627987720 0 7 $GNGGA,104839.000,4424.48229,N,00855.09294,E,1,12,0.9,9.0,M,44.7,M,,*4C
43727 1627987721 0 7 $GNGGA,104840.000,4424.48322,N,00855.09297,E,1,12,0.9,9.1,M,44.7,M,,*4A
43728 1627987721 0 3 2.55 0.00
43729 1627987721 0 4 2.53 1.61
43730 1627987721 0 5 0.02
43731 1627987721 0 6 0.11
43732 1627987721 0 8 4.98 12.19 11.87
43733 1627987722 0 1 4.495
43734 1627987722 0 0 26.38 8.21 162.9 61.15 105.1 6.51 174.2 17.0 182.1 1.49 41.05 12.3
43735 1627987722 0 7 $GNGGA,104841.000,4424.48381,N,00855.09319,E,1,12,0.9,9.3,M,44.7,M,,*47
43736 1627987723 0 7 $GNGGA,104842.000,4424.48462,N,00855.09323,E,1,12,0.9,9.3,M,44.7,M,,*47
43737 1627987724 0 7 $GNGGA,104843.000,4424.48558,N,00855.09304,E,1,12,0.9,9.7,M,44.7,M,,*4F
43738 1627987724 0 3 2.55 0.00
43739 1627987724 0 4 2.53 1.61
43740 1627987724 0 5 0.02
43741 1627987724 0 6 0.11
43742 1627987724 0 1 4.519
43743 1627987725 0 8 4.98 12.38 11.89
43744 1627987725 0 0 26.40 8.21 162.9 61.19 105.2 6.51 173.7 17.0 181.0 1.52 41.07 12.2
43745 1627987725 0 7 $GNGGA,104844.000,4424.48637,N,00855.09269,E,1,12,0.9,10.3,M,44.7,M,,*74
43746 1627987726 0 7 $GNGGA,104845.000,4424.48726,N,00855.09251,E,1,12,0.9,10.5,M,44.7,M,,*79
43747 1627987727 0 7 $GNGGA,104846.000,4424.48813,N,00855.09230,E,1,12,0.9,10.5,M,44.7,M,,*74
43748 1627987727 0 3 2.55 0.00
43749 1627987727 0 4 2.53 1.61
43750 1627987727 0 5 0.02
43751 1627987727 0 6 0.11
43752 1627987728 0 1 4.606
43753 1627987728 0 8 4.98 12.20 11.87
43754 1627987728 0 0 26.42 8.21 162.9 61.20 105.3 6.52 173.6 17.0 181.7 1.57 41.08 12.3
43755 1627987728 0 7 $GNGGA,104847.000,4424.48897,N,00855.09244,E,1,12,0.9,10.8,M,44.7,M,,*77
43756 1627987729 0 7 $GNGGA,104848.000,4424.48975,N,00855.09248,E,1,12,0.9,11.1,M,44.7,M,,*71
43757 1627987730 0 7 $GNGGA,104849.000,4424.49055,N,00855.09218,E,1,12,0.9,11.6,M,44.7,M,,*78
43758 1627987730 0 3 2.55 0.00
43759 1627987730 0 4 2.53 1.61
43760 1627987730 0 5 0.02
43761 1627987730 0 6 0.11
43762 1627987731 0 8 4.98 12.19 11.89
43763 1627987731 0 1 5.058
43764 1627987731 0 0 26.43 8.21 162.8 61.25 105.4 6.52 173.6 17.0 181.1 1.60 41.12 12.5
43765 1627987731 0 7 $GNGGA,104850.000,4424.49155,N,00855.09190,E,1,12,0.9,11.7,M,44.7,M,,*73
43766 1627987731 0 7 $GNGGA,104851.000,4424.49252,N,00855.09186,E,1,12,0.9,11.5,M,44.7,M,,*73
43767 1627987732 0 7 $GNGGA,104852.000,4424.49347,N,00855.09206,E,1,12,0.9,11.0,M,44.7,M,,*7B
43768 1627987733 0 3 2.55 0.00
43769 1627987733 0 4 2.53 1.61
43770 1627987733 0 5 0.03
43771 1627987733 0 6 0.11
43772 1627987734 0 1 4.980
43773 1627987734 0 8 4.98 12.33 11.89
43774 1627987734 0 0 26.41 8.22 162.8 61.27 105.7 6.54 174.0 17.0 182.0 1.64 41.14 12.5
43775 1627987734 0 7 $GNGGA,104853.000,4424.49442,N,00855.09220,E,1,12,0.9,11.0,M,44.7,M,,*7C
43776 1627987735 0 7 $GNGGA,104854.000,4424.49539,N,00855.09235,E,1,12,0.9,11.2,M,44.7,M,,*70
43777 1627987736 0 7 $GNGGA,104855.000,4424.49623,N,00855.09241,E,1,12,0.9,11.2,M,44.7,M,,*7A
43778 1627987736 0 3 2.55 0.00
43779 1627987736 0 4 2.53 1.61
43780 1627987736 0 5 0.02
43781 1627987736 0 6 0.10
43782 1627987737 0 8 4.98 12.34 11.89
43783 1627987737 0 1 4.762
43784 1627987737 0 0 26.42 8.21 162.8 61.19 105.9 6.55 173.8 17.0 181.6 1.69 41.08 12.5
43785 1627987737 0 7 $GNGGA,104856.000,4424.49714,N,00855.09238,E,1,12,0.9,10.9,M,44.7,M,,*78
43786 1627987737 0 7 $GNGGA,104857.000,4424.49805,N,00855.09243,E,1,12,0.9,10.5,M,44.7,M,,*76
43787 1627987738 0 7 $GNGGA,104858.000,4424.49888,N,00855.09249,E,1,12,0.9,10.5,M,44.7,M,,*76
43788 1627987739 0 3 2.55 0.00
43789 1627987739 0 4 2.53 1.61
43790 1627987739 0 5 0.02
43791 1627987739 0 6 0.11
43792 1627987740 0 1 4.879
43793 1627987740 0 8 4.98 12.37 11.89
43794 1627987740 0 7 $GNGGA,104859.000,4424.49966,N,00855.09263,E,1,12,0.9,10.5,M,44.7,M,,*7E
43795 1627987740 0 0 26.44 8.21 162.8 61.15 106.1 6.57 173.5 17.0 181.4 1.71 41.04 12.5
43796 1627987741 0 7 $GNGGA,104900.000,4424.50049,N,00855.09270,E,1,12,0.9,11.1,M,44.7,M,,*78
43797 1627987742 0 7 $GNGGA,104901.000,4424.50147,N,00855.09272,E,1,12,0.9,11.3,M,44.7,M,,*76
43798 1627987742 0 3 2.55 0.00
43799 1627987742 0 4 2.53 1.60
43800 1627987742 0 5 0.02
43801 1627987742 0 6 0.10
43802 1627987743 0 8 4.98 12.34 11.89
43803 1627987743 0 1 4.969
43804 1627987743 0 0 26.45 8.21 162.8 61.09 106.6 6.59 173.4 17.0 181.1 1.74 40.99 12.5
43805 1627987743 0 7 $GNGGA,104902.000,4424.50253,N,00855.09270,E,1,12,0.9,11.5,M,44.7,M,,*77
43806 1627987743 0 7 $GNGGA,104903.000,4424.50355,N,00855.09271,E,1,12,0.9,12.1,M,44.7,M,,*77
43807 1627987744 0 7 $GNGGA,104904.000,4424.50462,N,00855.09277,E,1,12,0.9,12.3,M,44.7,M,,*77
43808 1627987745 0 3 2.55 0.00
43809 1627987745 0 4 2.53 1.60
43810 1627987745 0 5 0.03
43811 1627987745 0 6 0.11
43812 1627987746 0 1 5.042
43813 1627987746 0 8 4.98 12.36 11.89
43814 1627987746 0 0 26.47 8.21 162.8 61.20 107.0 6.61 173.0 17.1 180.9 1.75 41.08 12.4
43815 1627987746 0 7 $GNGGA,104905.000,4424.50559,N,00855.09298,E,1,12,0.9,12.8,M,44.7,M,,*75
43816 1627987746 0 7 $GNGGA,104906.000,4424.50648,N,00855.09333,E,1,12,0.9,12.9,M,44.7,M,,*74
43817 1627987748 0 7 $GNGGA,104907.000,4424.50730,N,00855.09366,E,1,12,0.9,13.1,M,44.7,M,,*72
43818 1627987748 0 3 2.55 0.00
43819 1627987748 0 4 2.53 1.59
43820 1627987748 0 5 0.03
43821 1627987748 0 6 0.11
43822 1627987749 0 8 4.98 12.34 11.89
43823 1627987749 0 1 5.175
43824 1627987749 0 0 26.47 8.21 162.8 61.22 107.4 6.64 173.2 17.0 180.9 1.77 41.10 12.4
43825 1627987749 0 7 $GNGGA,104908.000,4424.50808,N,00855.09394,E,1,12,0.9,13.5,M,44.7,M,,*70
43826 1627987749 0 7 $GNGGA,104909.000,4424.50896,N,00855.09417,E,1,12,0.9,13.7,M,44.7,M,,*78
43827 1627987750 0 7 $GNGGA,104910.000,4424.50981,N,00855.09444,E,1,12,0.9,14.0,M,44.7,M,,*71
43828 1627987751 0 3 2.55 0.00
43829 1627987751 0 4 2.53 1.60
43830 1627987751 0 5 0.03
43831 1627987751 0 6 0.11
43832 1627987752 0 1 5.486
43833 1627987752 0 8 4.98 12.38 11.89
43834 1627987752 0 0 26.46 8.21 162.8 61.25 107.8 6.67 173.3 17.0 181.3 1.79 41.12 12.3
43835 1627987752 0 7 $GNGGA,104911.000,4424.51066,N,00855.09483,E,1,12,0.9,14.3,M,44.7,M,,*79
43836 1627987752 0 7 $GNGGA,104912.000,4424.51140,N,00855.09527,E,1,12,0.9,15.1,M,44.7,M,,*73
43837 1627987753 0 7 $GNGGA,104913.000,4424.51225,N,00855.09569,E,1,12,0.9,16.0,M,44.7,M,,*7A
43838 1627987754 0 3 2.55 0.00
43839 1627987754 0 4 2.53 1.60
43840 1627987754 0 5 0.02
43841 1627987754 0 6 0.10
43842 1627987755 0 1 5.119
43843 1627987755 0 8 4.98 12.35 11.89
43844 1627987755 0 0 26.47 8.21 162.8 61.25 108.1 6.68 173.1 17.1 181.2 1.83 41.12 12.3
43845 1627987755 0 7 $GNGGA,104914.000,4424.51307,N,00855.09619,E,1,12,0.9,16.9,M,44.7,M,,*71
43846 1627987755 0 7 $GNGGA,104915.000,4424.51384,N,00855.09665,E,1,12,0.9,17.8,M,44.7,M,,*70
43847 1627987757 0 7 $GNGGA,104916.000,4424.51465,N,00855.09716,E,1,12,0.9,18.6,M,44.7,M,,*7F
43848 1627987757 0 3 2.55 0.00
43849 1627987757 0 4 2.53 1.60
43850 1627987757 0 5 0.03
43851 1627987757 0 6 0.11
43852 1627987758 0 8 4.98 12.33 11.89
43853 1627987758 0 1 5.254
43854 1627987758 0 0 26.45 8.21 162.8 61.26 108.3 6.70 173.4 17.0 181.4 1.83 41.13 12.3
43855 1627987758 0 7 $GNGGA,104917.000,4424.51537,N,00855.09757,E,1,12,0.9,18.8,M,44.7,M,,*73
43856 1627987759 0 7 $GNGGA,104918.000,4424.51612,N,00855.09808,E,1,12,0.9,18.2,M,44.7,M,,*77
43857 1627987760 0 7 $GNGGA,104919.000,4424.51690,N,00855.09862,E,1,12,0.9,18.0,M,44.7,M,,*72
43858 1627987760 0 3 2.55 0.00
43859 1627987760 0 4 2.53 1.60
43860 1627987760 0 5 0.02
43861 1627987760 0 6 0.11
43862 1627987761 0 1 5.030
43863 1627987761 0 8 4.97 12.34 11.89
43864 1627987761 0 0 26.45 8.21 162.9 61.22 108.6 6.72 173.5 17.1 181.6 1.81 41.09 12.3
43865 1627987761 0 7 $GNGGA,104920.000,4424.51764,N,00855.09925,E,1,12,0.9,17.9,M,44.7,M,,*76
43866 1627987762 0 7 $GNGGA,104921.000,4424.51841,N,00855.09980,E,1,12,0.9,17.8,M,44.7,M,,*71
43867 1627987763 0 7 $GNGGA,104922.000,4424.51912,N,00855.10038,E,1,12,0.9,18.2,M,44.7,M,,*72
43868 1627987763 0 3 2.55 0.00
43869 1627987763 0 4 2.53 1.60
43870 1627987763 0 5 0.02
43871 1627987764 0 6 0.11
43872 1627987764 0 8 4.98 12.34 11.89
43873 1627987764 0 1 4.971
43874 1627987764 0 0 26.45 8.21 162.9 61.20 108.8 6.73 173.4 17.1 181.5 1.84 41.08 12.2
43875 1627987764 0 7 $GNGGA,104923.000,4424.51963,N,00855.10099,E,1,12,0.9,18.7,M,44.7,M,,*7B
43876 1627987765 0 7 $GNGGA,104924.000,4424.52010,N,00855.10151,E,1,12,0.9,19.0,M,44.7,M,,*71
43877 1627987766 0 7 $GNGGA,104925.000,4424.52069,N,00855.10208,E,1,12,0.9,19.2,M,44.7,M,,*73
43878 1627987766 0 3 2.55 0.00
43879 1627987766 0 4 2.53 1.61
43880 1627987766 0 5 0.03
43881 1627987766 0 6 0.11
43882 1627987767 0 1 4.989
43883 1627987767 0 8 4.98 12.37 11.89
43884 1627987767 0 0 26.44 8.20 162.9 61.16 108.8 6.73 173.4 17.1 181.2 1.90 41.05 12.2
43885 1627987767 0 7 $GNGGA,104926.000,4424.52133,N,00855.10250,E,1,12,0.9,19.5,M,44.7,M,,*74
43886 1627987768 0 7 $GNGGA,104927.000,4424.52218,N,00855.10317,E,1,12,0.9,19.4,M,44.7,M,,*7C
43887 1627987769 0 7 $GNGGA,104928.000,4424.52297,N,00855.10387,E,1,12,0.9,19.5,M,44.7,M,,*7C
43888 1627987769 0 3 2.55 0.00
43889 1627987769 0 4 2.53 1.61
43890 1627987769 0 5 0.03
43891 1627987769 0 6 0.11
43892 1627987770 0 8 4.98 12.34 11.89
43893 1627987770 0 1 5.271
43894 1627987770 0 7 $GNGGA,104929.000,4424.52368,N,00855.10458,E,1,12,0.9,19.2,M,44.7,M,,*7E
43895 1627987770 0 2 0.05430000 4.49049997 1.54460000 0.03450000 2.71119999 0.00370000 0.06540000 0.24040000 1.00000000 86.01300048
43896 1627987770 0 0 26.44 8.20 162.9 61.17 108.7 6.72 173.4 17.0 181.5 1.92 41.06 12.2
43897 1627987771 0 7 $GNGGA,104930.000,4424.52432,N,00855.10523,E,1,12,0.9,18.8,M,44.7,M,,*78
43898 1627987772 0 7 $GNGGA,104931.000,4424.52497,N,00855.10584,E,1,12,0.9,18.7,M,44.7,M,,*74
43899 1627987772 0 3 2.55 0.00
43900 1627987772 0 4 2.53 1.61
43901 1627987772 0 5 0.03
43902 1627987772 0 6 0.11
43903 1627987773 0 1 5.232
43904 1627987773 0 8 4.98 12.38 11.89
43905 1627987773 0 0 26.45 8.20 162.8 61.19 108.7 6.72 173.3 17.1 180.9 1.91 41.08 12.2
43906 1627987773 0 7 $GNGGA,104932.000,4424.52564,N,00855.10647,E,1,12,0.9,18.5,M,44.7,M,,*74
43907 1627987774 0 7 $GNGGA,104933.000,4424.52623,N,00855.10713,E,1,12,0.9,18.1,M,44.7,M,,*71
43908 1627987775 0 7 $GNGGA,104934.000,4424.52683,N,00855.10780,E,1,12,0.9,17.8,M,44.7,M,,*70
43909 1627987775 0 3 2.55 0.00
43910 1627987775 0 4 2.53 1.61
43911 1627987775 0 5 0.02
43912 1627987775 0 6 0.10
43913 1627987775 0 8 4.98 12.34 11.89
43914 1627987776 0 1 5.197
43915 1627987776 0 0 26.45 8.20 162.9 61.23 108.7 6.72 173.2 17.1 180.9 1.95 41.10 12.2
43916 1627987776 0 7 $GNGGA,104935.000,4424.52752,N,00855.10838,E,1,12,0.9,17.5,M,44.7,M,,*7D
43917 1627987776 0 7 $GNGGA,104936.000,4424.52803,N,00855.10887,E,1,12,0.9,17.4,M,44.7,M,,*70
43918 1627987778 0 7 $GNGGA,104937.000,4424.52853,N,00855.10962,E,1,12,0.9,17.5,M,44.7,M,,*7F
43919 1627987778 0 3 2.55 0.00
43920 1627987778 0 4 2.53 1.61
43921 1627987778 0 5 0.03
43922 1627987778 0 6 0.11
43923 1627987779 0 1 5.348
43924 1627987779 0 8 4.98 12.38 11.89
43925 1627987779 0 0 26.44 8.20 162.8 61.20 108.7 6.72 173.3 17.1 181.0 1.98 41.08 12.2
43926 1627987779 0 7 $GNGGA,104938.000,4424.52906,N,00855.11021,E,1,12,0.9,17.9,M,44.7,M,,*72
43927 1627987780 0 7 $GNGGA,104939.000,4424.52959,N,00855.11085,E,1,12,0.9,18.3,M,44.7,M,,*72
43928 1627987781 0 7 $GNGGA,104940.000,4424.53011,N,00855.11166,E,1,12,0.9,18.5,M,44.7,M,,*72
43929 1627987781 0 3 2.55 0.00
43930 1627987781 0 4 2.53 1.61
43931 1627987781 0 5 0.02
43932 1627987781 0 6 0.11
43933 1627987782 0 1 5.320
43934 1627987782 0 8 4.98 12.34 11.89
43935 1627987782 0 0 26.45 8.20 162.9 61.22 108.5 6.71 173.5 17.1 180.5 1.99 41.10 12.1
43936 1627987782 0 7 $GNGGA,104941.000,4424.53065,N,00855.11252,E,1,12,0.9,18.8,M,44.7,M,,*79
43937 1627987783 0 7 $GNGGA,104942.000,4424.53094,N,00855.11335,E,1,12,0.9,19.1,M,44.7,M,,*7C
43938 1627987784 0 7 $GNGGA,104943.000,4424.53136,N,00855.11406,E,1,12,0.9,19.7,M,44.7,M,,*75
43939 1627987784 0 3 2.55 0.00
43940 1627987784 0 4 2.53 1.62
43941 1627987784 0 5 0.03
43942 1627987784 0 6 0.10
43943 1627987785 0 8 4.98 12.34 11.87
43944 1627987785 0 1 4.956
43945 1627987785 0 0 26.45 8.20 162.9 61.13 108.5 6.71 173.4 17.1 181.2 1.98 41.03 12.1
43946 1627987785 0 7 $GNGGA,104944.000,4424.53174,N,00855.11452,E,1,12,0.9,20.4,M,44.7,M,,*7C
43947 1627987786 0 7 $GNGGA,104945.000,4424.53205,N,00855.11510,E,1,12,0.9,20.7,M,44.7,M,,*7C
43948 1627987787 0 7 $GNGGA,104946.000,4424.53252,N,00855.11592,E,1,12,0.9,20.5,M,44.7,M,,*75
43949 1627987787 0 3 2.55 0.00
43950 1627987787 0 4 2.53 1.62
43951 1627987787 0 5 0.03
43952 1627987787 0 6 0.11
43953 1627987788 0 1 5.069
43954 1627987788 0 8 4.98 12.34 11.89
43955 1627987788 0 0 26.45 8.20 162.9 61.17 108.4 6.71 173.3 17.1 181.1 2.03 41.06 12.2
43956 1627987788 0 7 $GNGGA,104947.000,4424.53293,N,00855.11691,E,1,12,0.9,20.3,M,44.7,M,,*7F
43957 1627987789 0 7 $GNGGA,104948.000,4424.53336,N,00855.11781,E,1,12,0.9,20.0,M,44.7,M,,*7D
43958 1627987790 0 7 $GNGGA,104949.000,4424.53383,N,00855.11880,E,1,12,0.9,19.9,M,44.7,M,,*7F
43959 1627987790 0 3 2.55 0.00
43960 1627987790 0 4 2.53 1.61
43961 1627987790 0 5 0.03
43962 1627987790 0 6 0.10
43963 1627987791 0 8 4.98 12.34 11.89
43964 1627987791 0 1 5.183
43965 1627987791 0 0 26.46 8.20 162.8 61.27 108.2 6.69 173.1 17.1 180.7 2.06 41.13 12.2
43966 1627987791 0 7 $GNGGA,104950.000,4424.53438,N,00855.11994,E,1,12,0.9,19.7,M,44.7,M,,*7A
43967 1627987791 0 7 $GNGGA,104951.000,4424.53497,N,00855.12110,E,1,12,0.9,19.2,M,44.7,M,,*7C
43968 1627987792 0 7 $GNGGA,104952.000,4424.53551,N,00855.12219,E,1,12,0.9,18.9,M,44.7,M,,*74
43969 1627987793 0 3 2.55 0.00
43970 1627987793 0 4 2.53 1.61
43971 1627987793 0 5 0.03
43972 1627987793 0 6 0.11
43973 1627987794 0 1 4.971
43974 1627987794 0 8 4.98 12.36 11.89
43975 1627987794 0 0 26.45 8.20 162.8 61.22 108.1 6.69 173.3 17.1 180.7 2.06 41.09 12.2
43976 1627987794 0 7 $GNGGA,104953.000,4424.53602,N,00855.12300,E,1,12,0.9,18.8,M,44.7,M,,*78
43977 1627987794 0 7 $GNGGA,104954.000,4424.53661,N,00855.12373,E,1,12,0.9,18.6,M,44.7,M,,*70
43978 1627987795 0 7 $GNGGA,104955.000,4424.53723,N,00855.12448,E,1,12,0.9,18.6,M,44.7,M,,*79
43979 1627987796 0 3 2.55 0.00
43980 1627987796 0 4 2.53 1.62
43981 1627987796 0 5 0.03
43982 1627987796 0 6 0.10
43983 1627987797 0 8 4.98 12.34 11.89
43984 1627987797 0 1 4.904
43985 1627987797 0 0 26.44 8.20 162.8 61.21 108.0 6.68 173.4 17.1 180.7 2.06 41.09 12.1
43986 1627987797 0 7 $GNGGA,104956.000,4424.53753,N,00855.12529,E,1,12,0.9,18.6,M,44.7,M,,*7B
43987 1627987797 0 7 $GNGGA,104957.000,4424.53785,N,00855.12617,E,1,12,0.9,18.7,M,44.7,M,,*7E
43988 1627987798 0 7 $GNGGA,104958.000,4424.53826,N,00855.12720,E,1,12,0.9,19.1,M,44.7,M,,*75
43989 1627987799 0 3 2.55 0.00
43990 1627987799 0 4 2.53 1.62
43991 1627987799 0 5 0.03
43992 1627987799 0 6 0.10
43993 1627987800 0 1 5.207
43994 1627987800 0 8 4.98 12.37 11.89
43995 1627987800 0 0 26.45 8.20 162.8 61.25 108.1 6.68 173.1 17.1 180.6 2.06 41.12 12.2
43996 1627987800 0 7 $GNGGA,104959.000,4424.53875,N,00855.12843,E,1,12,0.9,19.4,M,44.7,M,,*7D
43997 1627987800 0 7 $GNGGA,105000.000,4424.53912,N,00855.12974,E,1,12,0.9,20.0,M,44.7,M,,*72
43998 1627987801 0 7 $GNGGA,105001.000,4424.53925,N,00855.13115,E,1,12,0.9,20.4,M,44.7,M,,*7D
43999 1627987802 0 3 2.55 0.00
44000 1627987802 0 4 2.53 1.62
44001 1627987802 0 5 0.03
44002 1627987802 0 6 0.11
44003 1627987803 0 8 4.98 12.35 11.89
44004 1627987803 0 1 5.091
44005 1627987803 0 0 26.46 8.20 162.8 61.20 108.1 6.68 173.2 17.1 180.5 2.10 41.08 12.1
44006 1627987803 0 7 $GNGGA,105002.000,4424.53943,N,00855.13227,E,1,12,0.9,20.4,M,44.7,M,,*7C
44007 1627987803 0 7 $GNGGA,105003.000,4424.53978,N,00855.13320,E,1,12,0.9,20.7,M,44.7,M,,*70
44008 1627987805 0 7 $GNGGA,105004.000,4424.54036,N,00855.13419,E,1,12,0.9,21.0,M,44.7,M,,*78
44009 1627987805 0 3 2.55 0.00
44010 1627987805 0 4 2.53 1.61
44011 1627987805 0 5 0.03
44012 1627987805 0 6 0.10
44013 1627987806 0 1 5.361
44014 1627987806 0 8 4.98 12.38 11.89
44015 1627987806 0 0 26.47 8.20 162.8 61.20 108.1 6.68 173.1 17.1 180.8 2.09 41.08 12.2
44016 1627987806 0 7 $GNGGA,105005.000,4424.54068,N,00855.13519,E,1,12,0.9,21.7,M,44.7,M,,*74
44017 1627987806 0 7 $GNGGA,105006.000,4424.54093,N,00855.13610,E,1,12,0.9,22.2,M,44.7,M,,*7F
44018 1627987807 0 7 $GNGGA,105007.000,4424.54121,N,00855.13721,E,1,12,0.9,22.2,M,44.7,M,,*75
44019 1627987808 0 3 2.55 0.00
44020 1627987808 0 4 2.53 1.61
44021 1627987808 0 5 0.03
44022 1627987809 0 6 0.10
44023 1627987809 0 8 4.98 12.34 11.89
44024 1627987809 0 1 5.415
44025 1627987809 0 0 26.43 8.20 162.8 61.24 108.0 6.68 173.5 17.1 181.1 2.11 41.12 12.1
44026 1627987809 0 7 $GNGGA,105008.000,4424.54147,N,00855.13841,E,1,12,0.9,22.3,M,44.7,M,,*72
44027 1627987809 0 7 $GNGGA,105009.000,4424.54183,N,00855.13941,E,1,12,0.9,22.3,M,44.7,M,,*7A
44028 1627987810 0 7 $GNGGA,105010.000,4424.54201,N,00855.14026,E,1,12,0.9,22.3,M,44.7,M,,*74
44029 1627987811 0 3 2.55 0.00
44030 1627987811 0 4 2.53 1.62
44031 1627987811 0 5 0.02
44032 1627987811 0 6 0.11
44033 1627987812 0 1 5.984
44034 1627987812 0 8 4.98 12.37 11.89
44035 1627987812 0 0 26.42 8.20 162.8 61.20 108.0 6.68 173.5 17.1 181.0 2.14 41.08 12.1
44036 1627987812 0 7 $GNGGA,105011.000,4424.54250,N,00855.14141,E,1,12,0.9,21.7,M,44.7,M,,*76
44037 1627987813 0 7 $GNGGA,105012.000,4424.54308,N,00855.14256,E,1,12,0.9,21.2,M,44.7,M,,*79
44038 1627987814 0 7 $GNGGA,105013.000,4424.54355,N,00855.14381,E,1,12,0.9,20.8,M,44.7,M,,*70
44039 1627987814 0 3 2.55 0.00
44040 1627987814 0 4 2.53 1.62
44041 1627987814 0 5 0.03
44042 1627987814 0 6 0.10
44043 1627987815 0 1 5.290
44044 1627987815 0 8 4.98 12.33 11.89
44045 1627987815 0 0 26.46 8.20 162.8 61.24 108.0 6.68 173.0 17.1 180.5 2.16 41.11 12.1
44046 1627987815 0 7 $GNGGA,105014.000,4424.54392,N,00855.14516,E,1,12,0.9,20.4,M,44.7,M,,*78
44047 1627987816 0 7 $GNGGA,105015.000,4424.54426,N,00855.14651,E,1,12,0.9,20.1,M,44.7,M,,*74
44048 1627987817 0 7 $GNGGA,105016.000,4424.54455,N,00855.14762,E,1,12,0.9,20.0,M,44.7,M,,*73
44049 1627987817 0 3 2.55 0.00
44050 1627987817 0 4 2.53 1.62
44051 1627987817 0 5 0.03
44052 1627987817 0 6 0.10
44053 1627987818 0 8 4.98 12.33 11.89
44054 1627987818 0 1 5.395
44055 1627987818 0 0 26.46 8.20 162.8 61.17 108.0 6.68 173.2 17.1 180.4 2.15 41.05 12.2
44056 1627987818 0 7 $GNGGA,105017.000,4424.54493,N,00855.14871,E,1,12,0.9,19.8,M,44.7,M,,*77
44057 1627987818 0 7 $GNGGA,105018.000,4424.54530,N,00855.14978,E,1,12,0.9,19.3,M,44.7,M,,*73
44058 1627987819 0 7 $GNGGA,105019.000,4424.54557,N,00855.15082,E,1,12,0.9,19.1,M,44.7,M,,*7C
44059 1627987820 0 3 2.55 0.00
44060 1627987820 0 4 2.53 1.62
44061 1627987820 0 5 0.02
44062 1627987820 0 6 0.10
44063 1627987821 0 1 5.037
44064 1627987821 0 8 4.98 12.36 11.89
44065 1627987821 0 0 26.44 8.20 162.8 61.25 107.9 6.67 173.4 17.1 180.7 2.12 41.12 12.2
44066 1627987821 0 7 $GNGGA,105020.000,4424.54601,N,00855.15183,E,1,12,0.9,18.8,M,44.7,M,,*7E
44067 1627987822 0 7 $GNGGA,105021.000,4424.54644,N,00855.15283,E,1,12,0.9,18.7,M,44.7,M,,*72
44068 1627987823 0 7 $GNGGA,105022.000,4424.54677,N,00855.15403,E,1,12,0.9,18.9,M,44.7,M,,*71
44069 1627987823 0 3 2.55 0.00
44070 1627987823 0 4 2.53 1.62
44071 1627987823 0 5 0.03
44072 1627987823 0 6 0.10
44073 1627987824 0 8 4.98 12.34 11.89
44074 1627987824 0 1 4.984
44075 1627987824 0 0 26.44 8.21 162.8 61.24 108.0 6.68 173.3 17.1 180.6 2.10 41.11 12.2
44076 1627987824 0 7 $GNGGA,105023.000,4424.54704,N,00855.15525,E,1,12,0.9,19.1,M,44.7,M,,*79
44077 1627987825 0 7 $GNGGA,105024.000,4424.54727,N,00855.15636,E,1,12,0.9,19.3,M,44.7,M,,*7C
44078 1627987826 0 7 $GNGGA,105025.000,4424.54760,N,00855.15742,E,1,12,0.9,19.3,M,44.7,M,,*7C
44079 1627987826 0 3 2.55 0.00
44080 1627987826 0 4 2.53 1.62
44081 1627987826 0 5 0.03
44082 1627987826 0 6 0.10
44083 1627987827 0 1 4.928
44084 1627987827 0 8 4.98 12.37 11.89
44085 1627987827 0 0 26.44 8.20 162.7 61.15 108.0 6.68 173.3 17.1 180.5 2.08 41.04 12.2
44086 1627987827 0 7 $GNGGA,105026.000,4424.54803,N,00855.15846,E,1,12,0.9,19.2,M,44.7,M,,*7F
44087 1627987828 0 7 $GNGGA,105027.000,4424.54828,N,00855.15965,E,1,12,0.9,19.1,M,44.7,M,,*74
44088 1627987829 0 7 $GNGGA,105028.000,4424.54855,N,00855.16076,E,1,12,0.9,19.2,M,44.7,M,,*7A
44089 1627987829 0 3 2.55 0.00
44090 1627987829 0 4 2.53 1.62
44091 1627987829 0 5 0.02
44092 1627987829 0 6 0.11
44093 1627987830 0 8 4.98 12.35 11.89
44094 1627987830 0 1 4.961
44095 1627987830 0 0 26.41 8.20 162.8 61.22 108.0 6.68 173.7 17.1 181.0 2.05 41.09 12.2
44096 1627987830 0 7 $GNGGA,105029.000,4424.54881,N,00855.16215,E,1,12,0.9,19.3,M,44.7,M,,*74
44097 1627987831 0 7 $GNGGA,105030.000,4424.54905,N,00855.16341,E,1,12,0.9,19.5,M,44.7,M,,*77
44098 1627987832 0 7 $GNGGA,105031.000,4424.54942,N,00855.16452,E,1,12,0.9,19.2,M,44.7,M,,*77
44099 1627987832 0 3 2.55 0.00
44100 1627987832 0 4 2.53 1.62
44101 1627987832 0 5 0.02
44102 1627987832 0 6 0.10
44103 1627987833 0 1 5.045
44104 1627987833 0 8 4.97 12.23 11.87
44105 1627987833 0 0 26.41 8.20 162.8 61.26 108.0 6.68 173.6 17.1 181.0 2.06 41.13 12.2
44106 1627987833 0 7 $GNGGA,105032.000,4424.54986,N,00855.16565,E,1,12,0.9,19.0,M,44.7,M,,*7B
44107 1627987834 0 7 $GNGGA,105033.000,4424.55028,N,00855.16662,E,1,12,0.9,18.7,M,44.7,M,,*74
44108 1627987835 0 7 $GNGGA,105034.000,4424.55046,N,00855.16746,E,1,12,0.9,18.0,M,44.7,M,,*7B
44109 1627987835 0 3 2.55 0.00
44110 1627987835 0 4 2.53 1.62
44111 1627987835 0 5 0.02
44112 1627987835 0 6 0.11
44113 1627987836 0 8 4.98 12.35 11.89
44114 1627987836 0 1 4.844
44115 1627987836 0 0 26.42 8.20 162.8 61.22 108.0 6.68 173.7 17.1 180.2 2.04 41.10 12.2
44116 1627987836 0 7 $GNGGA,105035.000,4424.55059,N,00855.16828,E,1,12,0.9,17.6,M,44.7,M,,*7A
44117 1627987836 0 7 $GNGGA,105036.000,4424.55079,N,00855.16913,E,1,12,0.9,17.3,M,44.7,M,,*77
44118 1627987837 0 7 $GNGGA,105037.000,4424.55106,N,00855.17019,E,1,12,0.9,17.2,M,44.7,M,,*7C
44119 1627987838 0 3 2.55 0.00
44120 1627987838 0 4 2.53 1.62
44121 1627987838 0 5 0.03
44122 1627987838 0 6 0.11
44123 1627987839 0 1 5.337
44124 1627987839 0 8 4.98 12.36 11.89
44125 1627987839 0 0 26.45 8.20 162.8 61.25 107.9 6.67 173.5 17.1 179.0 2.05 41.12 12.2
44126 1627987839 0 7 $GNGGA,105038.000,4424.55128,N,00855.17132,E,1,12,0.9,16.9,M,44.7,M,,*7D
44127 1627987839 0 7 $GNGGA,105039.000,4424.55140,N,00855.17246,E,1,12,0.9,16.8,M,44.7,M,,*73
44128 1627987840 0 7 $GNGGA,105040.000,4424.55158,N,00855.17366,E,1,12,0.9,16.7,M,44.7,M,,*78
44129 1627987841 0 3 2.55 0.00
44130 1627987841 0 4 2.53 1.62
44131 1627987841 0 5 0.03
44132 1627987841 0 6 0.10
44133 1627987842 0 1 4.571
44134 1627987842 0 8 4.98 12.19 11.87
44135 1627987842 0 0 26.47 8.21 162.7 61.20 107.9 6.67 173.2 17.1 181.0 2.05 41.08 12.3
44136 1627987842 0 7 $GNGGA,105041.000,4424.55183,N,00855.17478,E,1,12,0.9,16.7,M,44.7,M,,*77
44137 1627987843 0 7 $GNGGA,105042.000,4424.55195,N,00855.17578,E,1,12,0.9,16.8,M,44.7,M,,*7D
44138 1627987844 0 7 $GNGGA,105043.000,4424.55196,N,00855.17650,E,1,12,0.9,16.5,M,44.7,M,,*7B
44139 1627987844 0 3 2.55 0.00
44140 1627987844 0 4 2.53 1.62
44141 1627987844 0 5 0.02
44142 1627987844 0 6 0.11
44143 1627987845 0 8 4.98 12.34 11.89
44144 1627987845 0 1 4.466
44145 1627987845 0 0 26.45 8.21 162.7 61.18 107.9 6.67 173.5 17.1 179.5 2.04 41.06 12.3
44146 1627987845 0 7 $GNGGA,105044.000,4424.55206,N,00855.17725,E,1,12,0.9,16.4,M,44.7,M,,*74
44147 1627987846 0 7 $GNGGA,105045.000,4424.55217,N,00855.17842,E,1,12,0.9,16.4,M,44.7,M,,*7B
44148 1627987847 0 7 $GNGGA,105046.000,4424.55236,N,00855.17942,E,1,12,0.9,16.1,M,44.7,M,,*7F
44149 1627987847 0 3 2.55 0.00
44150 1627987847 0 4 2.54 1.62
44151 1627987847 0 5 0.02
44152 1627987847 0 6 0.11
44153 1627987848 0 1 4.436
44154 1627987848 0 8 4.98 12.21 11.87
44155 1627987848 0 0 26.46 8.21 162.7 61.20 107.9 6.67 173.0 17.1 180.0 2.02 41.08 12.3
44156 1627987848 0 7 $GNGGA,105047.000,4424.55254,N,00855.18027,E,1,12,0.9,15.7,M,44.7,M,,*7A
44157 1627987849 0 7 $GNGGA,105048.000,4424.55276,N,00855.18120,E,1,12,0.9,15.5,M,44.7,M,,*71
44158 1627987850 0 7 $GNGGA,105049.000,4424.55304,N,00855.18237,E,1,12,0.9,15.4,M,44.7,M,,*70
44159 1627987850 0 3 2.55 0.00
44160 1627987850 0 4 2.53 1.62
44161 1627987850 0 5 0.02
44162 1627987850 0 6 0.11
44163 1627987851 0 8 4.98 12.20 11.89
44164 1627987851 0 1 4.601
44165 1627987851 0 0 26.47 8.21 162.7 61.24 107.9 6.67 172.9 17.1 180.0 2.00 41.11 12.2
44166 1627987851 0 7 $GNGGA,105050.000,4424.55316,N,00855.18362,E,1,12,0.9,15.3,M,44.7,M,,*7D
44167 1627987851 0 7 $GNGGA,105051.000,4424.55324,N,00855.18461,E,1,12,0.9,15.0,M,44.7,M,,*7A
44168 1627987852 0 7 $GNGGA,105052.000,4424.55335,N,00855.18551,E,1,12,0.9,14.6,M,44.7,M,,*7C
44169 1627987853 0 3 2.55 0.00
44170 1627987853 0 4 2.53 1.61
44171 1627987853 0 5 0.02
44172 1627987853 0 6 0.11
44173 1627987854 0 1 4.749
44174 1627987854 0 8 4.98 12.36 11.89
44175 1627987854 0 0 26.50 8.21 162.7 61.23 107.9 6.67 172.9 17.1 179.7 1.98 41.10 12.3
44176 1627987854 0 7 $GNGGA,105053.000,4424.55363,N,00855.18660,E,1,12,0.9,14.2,M,44.7,M,,*7B
44177 1627987854 0 7 $GNGGA,105054.000,4424.55402,N,00855.18768,E,1,12,0.9,14.0,M,44.7,M,,*77
44178 1627987855 0 7 $GNGGA,105055.000,4424.55456,N,00855.18880,E,1,12,0.9,13.9,M,44.7,M,,*70
44179 1627987856 0 3 2.55 0.00
44180 1627987856 0 4 2.53 1.61
44181 1627987856 0 5 0.02
44182 1627987856 0 6 0.11
44183 1627987857 0 8 4.98 12.33 11.89
44184 1627987857 0 1 4.735
44185 1627987857 0 0 26.52 8.21 162.6 61.28 107.9 6.66 172.6 17.1 179.9 1.96 41.14 12.3
44186 1627987857 0 7 $GNGGA,105056.000,4424.55497,N,00855.18970,E,1,12,0.9,13.8,M,44.7,M,,*71
44187 1627987857 0 7 $GNGGA,105057.000,4424.55518,N,00855.19071,E,1,12,0.9,13.7,M,44.7,M,,*70
44188 1627987859 0 7 $GNGGA,105058.000,4424.55512,N,00855.19174,E,1,12,0.9,13.5,M,44.7,M,,*73
44189 1627987859 0 3 2.55 0.00
44190 1627987859 0 4 2.53 1.61
44191 1627987859 0 5 0.03
44192 1627987859 0 6 0.10
44193 1627987860 0 1 4.822
44194 1627987860 0 8 4.98 12.38 11.89
44195 1627987860 0 0 26.50 8.21 162.7 61.27 107.9 6.67 173.0 17.1 180.2 1.97 41.14 12.3
44196 1627987860 0 7 $GNGGA,105059.000,4424.55506,N,00855.19262,E,1,12,0.9,13.5,M,44.7,M,,*73
44197 1627987861 0 7 $GNGGA,105100.000,4424.55513,N,00855.19356,E,1,12,0.9,13.6,M,44.7,M,,*7F
44198 1627987862 0 7 $GNGGA,105101.000,4424.55514,N,00855.19475,E,1,12,0.9,13.5,M,44.7,M,,*7C
44199 1627987862 0 3 2.55 0.00
44200 1627987862 0 4 2.53 1.61
44201 1627987862 0 5 0.03
44202 1627987862 0 6 0.11
44203 1627987863 0 8 4.98 12.33 11.89
44204 1627987863 0 1 4.873
44205 1627987863 0 0 26.48 8.21 162.7 61.19 107.9 6.67 173.4 17.1 180.1 1.97 41.07 12.3
44206 1627987863 0 7 $GNGGA,105102.000,4424.55510,N,00855.19603,E,1,12,0.9,13.8,M,44.7,M,,*75
44207 1627987864 0 7 $GNGGA,105103.000,4424.55515,N,00855.19711,E,1,12,0.9,13.9,M,44.7,M,,*72
44208 1627987865 0 7 $GNGGA,105104.000,4424.55527,N,00855.19812,E,1,12,0.9,13.9,M,44.7,M,,*78
44210 1627987865 0 4 2.53 1.61
44211 1627987865 0 5 0.02
44212 1627987866 0 6 0.11
44213 1627987866 0 1 5.421
44214 1627987866 0 8 4.98 12.36 11.89
44215 1627987866 0 0 26.45 8.21 162.7 61.23 107.9 6.67 173.7 17.1 181.0 1.98 41.10 12.3
44216 1627987866 0 7 $GNGGA,105105.000,4424.55551,N,00855.19927,E,1,12,0.9,13.7,M,44.7,M,,*71
44217 1627987867 0 7 $GNGGA,105106.000,4424.55586,N,00855.20056,E,1,12,0.9,13.3,M,44.7,M,,*79
44218 1627987868 0 7 $GNGGA,105107.000,4424.55624,N,00855.20180,E,1,12,0.9,12.7,M,44.7,M,,*7C
44219 1627987868 0 3 2.55 0.00
44220 1627987868 0 4 2.53 1.61
44221 1627987868 0 5 0.03
44222 1627987868 0 6 0.11
44223 1627987869 0 1 4.809
44224 1627987869 0 8 4.98 12.34 11.89
44225 1627987869 0 0 26.42 8.21 162.7 61.26 107.9 6.68 174.0 17.1 180.6 2.03 41.13 12.3
44226 1627987869 0 7 $GNGGA,105108.000,4424.55627,N,00855.20278,E,1,12,0.9,13.0,M,44.7,M,,*72
44227 1627987870 0 7 $GNGGA,105109.000,4424.55636,N,00855.20397,E,1,12,0.9,13.0,M,44.7,M,,*73
44228 1627987871 0 7 $GNGGA,105110.000,4424.55654,N,00855.20507,E,1,12,0.9,12.8,M,44.7,M,,*79
44229 1627987871 0 3 2.55 0.00
44230 1627987871 0 4 2.54 1.61
44231 1627987871 0 5 0.02
44232 1627987871 0 6 0.11
44233 1627987872 0 8 4.98 12.34 11.89
44234 1627987872 0 1 4.785
44235 1627987872 0 0 26.47 8.21 162.7 61.24 107.9 6.67 173.3 17.1 180.2 2.07 41.11 12.3
44236 1627987872 0 7 $GNGGA,105111.000,4424.55659,N,00855.20624,E,1,12,0.9,12.8,M,44.7,M,,*77
44237 1627987873 0 7 $GNGGA,105112.000,4424.55662,N,00855.20745,E,1,12,0.9,12.8,M,44.7,M,,*7A
44238 1627987873 0 7 $GNGGA,105113.000,4424.55684,N,00855.20871,E,1,12,0.9,12.1,M,44.7,M,,*72
44239 1627987874 0 3 2.55 0.00
44240 1627987874 0 4 2.53 1.61
44241 1627987874 0 5 0.03
44242 1627987874 0 6 0.13
44243 1627987875 0 1 4.688
44244 1627987875 0 8 4.98 12.33 11.89
44245 1627987875 0 0 26.49 8.21 162.7 61.29 107.9 6.67 172.9 17.1 180.2 2.10 41.15 12.3
44246 1627987875 0 7 $GNGGA,105114.000,4424.55706,N,00855.21010,E,1,12,0.9,11.7,M,44.7,M,,*75
44247 1627987875 0 7 $GNGGA,105115.000,4424.55730,N,00855.21151,E,1,12,0.9,10.6,M,44.7,M,,*75
44248 1627987876 0 7 $GNGGA,105116.000,4424.55738,N,00855.21247,E,1,12,0.9,10.0,M,44.7,M,,*7C
44249 1627987877 0 3 2.55 0.00
44250 1627987877 0 4 2.53 1.61
44251 1627987877 0 5 0.03
44252 1627987877 0 6 0.10
44253 1627987878 0 8 4.98 12.34 11.89
44254 1627987878 0 1 4.253
44255 1627987878 0 0 26.53 8.21 162.7 61.30 108.0 6.67 172.8 17.1 180.0 1.73 41.16 12.3
44256 1627987878 0 7 $GNGGA,105117.000,4424.55758,N,00855.21349,E,1,12,0.9,9.4,M,44.7,M,,*48
44257 1627987878 0 7 $GNGGA,105118.000,4424.55773,N,00855.21467,E,1,12,0.9,9.1,M,44.7,M,,*40
44258 1627987880 0 7 $GNGGA,105119.000,4424.55791,N,00855.21610,E,1,12,0.9,8.4,M,44.7,M,,*4B
44259 1627987880 0 3 2.55 0.00
44260 1627987880 0 4 2.53 1.61
44261 1627987880 0 5 0.03
44262 1627987880 0 6 0.10
44263 1627987881 0 1 4.223
44264 1627987881 0 8 4.98 12.36 11.89
44265 1627987881 0 0 26.52 8.21 162.6 61.21 108.0 6.67 173.0 17.1 180.3 1.73 41.09 12.3
44266 1627987881 0 7 $GNGGA,105120.000,4424.55791,N,00855.21717,E,1,12,0.9,8.8,M,44.7,M,,*4B
44267 1627987882 0 7 $GNGGA,105121.000,4424.55814,N,00855.21836,E,1,12,0.9,8.5,M,44.7,M,,*49
44268 1627987883 0 7 $GNGGA,105122.000,4424.55841,N,00855.21940,E,1,12,0.9,8.5,M,44.7,M,,*4A
44269 1627987883 0 3 2.55 0.00
44270 1627987883 0 4 2.53 1.61
44271 1627987883 0 5 0.02
44272 1627987883 0 6 0.11
44273 1627987884 0 8 4.98 12.34 11.89
44274 1627987884 0 1 4.555
44275 1627987884 0 0 26.49 8.21 162.7 61.18 108.0 6.68 173.5 17.1 181.2 1.85 41.06 12.3
44276 1627987884 0 7 $GNGGA,105123.000,4424.55860,N,00855.22044,E,1,12,0.9,8.0,M,44.7,M,,*43
44277 1627987885 0 7 $GNGGA,105124.000,4424.55878,N,00855.22156,E,1,12,0.9,7.6,M,44.7,M,,*46
44278 1627987886 0 7 $GNGGA,105125.000,4424.55902,N,00855.22265,E,1,12,0.9,7.5,M,44.7,M,,*4B
44279 1627987886 0 3 2.55 0.00
44280 1627987886 0 4 2.53 1.61
44281 1627987886 0 5 0.03
44282 1627987886 0 6 0.18
44283 1627987887 0 1 4.893
44284 1627987887 0 8 4.98 12.37 11.89
44285 1627987887 0 0 26.46 8.21 162.7 61.28 108.0 6.68 173.8 17.1 181.5 1.95 41.14 12.3
44286 1627987887 0 7 $GNGGA,105126.000,4424.55938,N,00855.22374,E,1,12,0.9,7.2,M,44.7,M,,*47
44287 1627987888 0 7 $GNGGA,105127.000,4424.55956,N,00855.22472,E,1,12,0.9,7.3,M,44.7,M,,*4E
44288 1627987889 0 7 $GNGGA,105128.000,4424.55976,N,00855.22565,E,1,12,0.9,7.4,M,44.7,M,,*43
44289 1627987889 0 3 2.55 0.00
44290 1627987889 0 4 2.54 1.61
44291 1627987889 0 5 0.03
44292 1627987889 0 6 0.12
44293 1627987890 0 8 4.98 12.34 11.89
44294 1627987890 0 1 5.057
44295 1627987890 0 7 $GNGGA,105129.000,4424.55992,N,00855.22672,E,1,12,0.9,7.2,M,44.7,M,,*4B
44296 1627987890 0 2 0.05630000 3.14829993 1.53660001 0.02420000 2.63630008 0.00430000 0.05500000 0.24939999 1.00000000 88.11499786
44297 1627987890 0 0 26.44 8.21 162.7 61.27 108.0 6.68 173.8 17.1 180.9 2.06 41.13 12.3
44298 1627987891 0 7 $GNGGA,105130.000,4424.56008,N,00855.22790,E,1,12,0.9,7.0,M,44.7,M,,*45
44299 1627987892 0 7 $GNGGA,105131.000,4424.56025,N,00855.22903,E,1,12,0.9,6.9,M,44.7,M,,*47
44300 1627987892 0 3 2.55 0.00
44301 1627987892 0 4 2.54 1.61
44302 1627987892 0 5 0.03
44303 1627987892 0 6 0.10
44304 1627987893 0 1 5.573
44305 1627987893 0 8 4.98 12.38 11.89
44306 1627987893 0 0 26.42 8.21 162.6 61.15 108.0 6.69 174.0 17.1 181.5 2.14 41.04 12.3
44307 1627987893 0 7 $GNGGA,105132.000,4424.56038,N,00855.23017,E,1,12,0.9,7.1,M,44.7,M,,*4C
44308 1627987894 0 7 $GNGGA,105133.000,4424.56064,N,00855.23122,E,1,12,0.9,6.9,M,44.7,M,,*4A
44309 1627987895 0 7 $GNGGA,105134.000,4424.56097,N,00855.23213,E,1,12,0.9,6.8,M,44.7,M,,*41
44310 1627987895 0 3 2.55 0.00
44311 1627987895 0 4 2.54 1.61
44312 1627987895 0 5 0.03
44313 1627987895 0 6 0.09
44314 1627987896 0 1 5.501
44315 1627987896 0 8 4.98 12.34 11.89
44316 1627987896 0 0 26.42 8.21 162.6 61.14 108.0 6.69 174.0 17.1 181.1 2.18 41.04 12.3
44317 1627987896 0 7 $GNGGA,105135.000,4424.56117,N,00855.23297,E,1,12,0.9,6.9,M,44.7,M,,*44
44318 1627987896 0 7 $GNGGA,105136.000,4424.56128,N,00855.23409,E,1,12,0.9,6.9,M,44.7,M,,*4A
44319 1627987897 0 7 $GNGGA,105137.000,4424.56137,N,00855.23526,E,1,12,0.9,6.8,M,44.7,M,,*48
44320 1627987898 0 3 2.55 0.00
44321 1627987898 0 4 2.54 1.61
44322 1627987898 0 5 0.03
44323 1627987898 0 6 0.11
44324 1627987899 0 8 4.98 12.34 11.91
44325 1627987899 0 1 5.386
44326 1627987899 0 0 26.42 8.21 162.6 61.21 108.0 6.68 173.8 17.1 181.3 2.23 41.09 12.3
44327 1627987899 0 7 $GNGGA,105138.000,4424.56153,N,00855.23641,E,1,12,0.9,6.8,M,44.7,M,,*47
44328 1627987899 0 7 $GNGGA,105139.000,4424.56170,N,00855.23744,E,1,12,0.9,7.0,M,44.7,M,,*4A
44329 1627987900 0 7 $GNGGA,105140.000,4424.56190,N,00855.23841,E,1,12,0.9,7.2,M,44.7,M,,*42
44330 1627987901 0 3 2.55 0.00
44331 1627987901 0 4 2.54 1.61
44332 1627987901 0 5 0.03
44333 1627987901 0 6 0.09
44334 1627987902 0 1 5.631
44335 1627987902 0 8 4.98 12.34 11.89
44336 1627987902 0 0 26.40 8.20 162.6 61.27 107.9 6.68 174.0 17.1 181.2 2.27 41.13 12.2
44337 1627987902 0 7 $GNGGA,105141.000,4424.56213,N,00855.23937,E,1,12,0.9,7.4,M,44.7,M,,*4D
44338 1627987902 0 7 $GNGGA,105142.000,4424.56238,N,00855.24034,E,1,12,0.9,7.7,M,44.7,M,,*49
44339 1627987903 0 7 $GNGGA,105143.000,4424.56259,N,00855.24111,E,1,12,0.9,7.7,M,44.7,M,,*49
44340 1627987904 0 3 2.55 0.00
44341 1627987905 0 4 2.53 1.61
44342 1627987905 0 5 0.03
44343 1627987905 0 6 0.09
44344 1627987905 0 8 4.98 12.34 11.89
44345 1627987905 0 1 5.115
44346 1627987905 0 0 26.44 8.21 162.6 61.19 107.9 6.68 173.6 17.1 180.8 2.08 41.07 12.3
44347 1627987905 0 7 $GNGGA,105144.000,4424.56290,N,00855.24221,E,1,12,0.9,7.1,M,44.7,M,,*4D
44348 1627987906 0 7 $GNGGA,105145.000,4424.56313,N,00855.24336,E,1,12,0.9,6.8,M,44.7,M,,*49
44349 1627987907 0 7 $GNGGA,105146.000,4424.56338,N,00855.24450,E,1,12,0.9,6.5,M,44.7,M,,*49
44350 1627987907 0 3 2.55 0.00
44351 1627987907 0 4 2.53 1.61
44352 1627987907 0 5 0.03
44353 1627987907 0 6 0.09
44354 1627987908 0 1 4.292
44355 1627987908 0 8 4.98 12.37 11.89
44356 1627987908 0 0 26.48 8.21 162.6 61.26 108.0 6.67 173.0 17.1 180.3 1.77 41.12 12.3
44357 1627987908 0 7 $GNGGA,105147.000,4424.56364,N,00855.24553,E,1,12,0.9,6.2,M,44.7,M,,*44
44358 1627987908 0 7 $GNGGA,105148.000,4424.56390,N,00855.24659,E,1,12,0.9,6.0,M,44.7,M,,*4B
44359 1627987910 0 7 $GNGGA,105149.000,4424.56414,N,00855.24764,E,1,12,0.9,5.5,M,44.7,M,,*48
44360 1627987910 0 3 2.55 0.00
44361 1627987910 0 4 2.53 1.61
44362 1627987910 0 5 0.03
44363 1627987910 0 6 0.09
44364 1627987911 0 8 4.98 12.34 11.89
44365 1627987911 0 1 4.295
44366 1627987911 0 0 26.49 8.21 162.6 61.15 108.0 6.67 173.2 17.1 180.7 1.68 41.04 12.3
44367 1627987911 0 7 $GNGGA,105150.000,4424.56438,N,00855.24862,E,1,12,0.9,5.1,M,44.7,M,,*43
44368 1627987911 0 7 $GNGGA,105151.000,4424.56459,N,00855.24961,E,1,12,0.9,4.9,M,44.7,M,,*4E
44369 1627987912 0 7 $GNGGA,105152.000,4424.56480,N,00855.25064,E,1,12,0.9,4.6,M,44.7,M,,*4B
44370 1627987913 0 3 2.55 0.00
44371 1627987913 0 4 2.53 1.61
44372 1627987913 0 5 0.03
44373 1627987914 0 6 0.10
44374 1627987914 0 1 4.636
44375 1627987914 0 8 4.98 12.38 11.89
44376 1627987914 0 0 26.50 8.20 162.6 61.17 107.9 6.67 173.2 17.1 181.0 1.76 41.06 12.2
44377 1627987914 0 7 $GNGGA,105153.000,4424.56505,N,00855.25183,E,1,12,0.9,4.2,M,44.7,M,,*4A
44378 1627987915 0 7 $GNGGA,105154.000,4424.56528,N,00855.25300,E,1,12,0.9,3.8,M,44.7,M,,*46
44379 1627987915 0 7 $GNGGA,105155.000,4424.56557,N,00855.25413,E,1,12,0.9,3.2,M,44.7,M,,*40
44380 1627987916 0 3 2.55 0.00
44381 1627987916 0 4 2.53 1.61
44382 1627987916 0 5 0.02
44383 1627987917 0 6 0.09
44384 1627987917 0 8 4.98 12.34 11.89
44385 1627987917 0 1 4.464
44386 1627987917 0 0 26.49 8.20 162.6 61.24 107.9 6.66 173.4 17.1 181.1 1.80 41.11 12.3
44387 1627987917 0 7 $GNGGA,105156.000,4424.56586,N,00855.25530,E,1,12,0.9,2.7,M,44.7,M,,*4B
44388 1627987917 0 7 $GNGGA,105157.000,4424.56618,N,00855.25647,E,1,12,0.9,2.4,M,44.7,M,,*4E
44389 1627987918 0 7 $GNGGA,105158.000,4424.56643,N,00855.25760,E,1,12,0.9,2.2,M,44.7,M,,*4D
44390 1627987919 0 3 2.55 0.00
44391 1627987919 0 4 2.54 1.61
44392 1627987919 0 5 0.03
44393 1627987920 0 6 0.10
44394 1627987920 0 1 4.875
44395 1627987920 0 8 4.98 12.38 11.89
44396 1627987920 0 0 26.51 8.20 162.5 61.23 107.8 6.66 173.2 17.1 180.9 1.82 41.10 12.2
44397 1627987920 0 7 $GNGGA,105159.000,4424.56679,N,00855.25859,E,1,12,0.9,1.6,M,44.7,M,,*47
44398 1627987921 0 7 $GNGGA,105200.000,4424.56707,N,00855.25940,E,1,12,0.9,1.4,M,44.7,M,,*4B
44399 1627987922 0 7 $GNGGA,105201.000,4424.56737,N,00855.26039,E,1,12,0.9,1.1,M,44.7,M,,*48
44400 1627987922 0 3 2.55 0.00
44401 1627987922 0 4 2.53 1.61
44402 1627987922 0 5 0.03
44403 1627987922 0 6 0.10
44404 1627987923 0 1 4.465
44405 1627987923 0 8 4.98 12.34 11.89
44406 1627987923 0 0 26.48 8.21 162.5 61.18 107.8 6.67 173.5 17.1 181.9 1.85 41.07 12.3
44407 1627987923 0 7 $GNGGA,105202.000,4424.56763,N,00855.26140,E,1,12,0.9,0.5,M,44.7,M,,*40
44408 1627987923 0 7 $GNGGA,105203.000,4424.56790,N,00855.26242,E,1,12,0.9,0.0,M,44.7,M,,*49
44409 1627987924 0 7 $GNGGA,105204.000,4424.56812,N,00855.26332,E,1,12,0.9,-0.0,M,44.7,M,,*60
44410 1627987925 0 3 2.55 0.00
44411 1627987925 0 4 2.53 1.61
44412 1627987925 0 5 0.03
44413 1627987926 0 6 0.11
44414 1627987926 0 8 4.98 12.34 11.89
44415 1627987926 0 1 4.747
44416 1627987926 0 0 26.50 8.20 162.5 61.19 107.8 6.66 173.5 17.1 181.2 1.90 41.07 12.2
44417 1627987926 0 7 $GNGGA,105205.000,4424.56833,N,00855.26407,E,1,12,0.9,0.3,M,44.7,M,,*4D
44418 1627987926 0 7 $GNGGA,105206.000,4424.56857,N,00855.26489,E,1,12,0.9,0.4,M,44.7,M,,*4D
44419 1627987927 0 7 $GNGGA,105207.000,4424.56875,N,00855.26558,E,1,12,0.9,0.6,M,44.7,M,,*43
44420 1627987928 0 3 2.55 0.00
44421 1627987928 0 4 2.53 1.61
44422 1627987928 0 5 0.03
44423 1627987929 0 6 0.10
44424 1627987929 0 1 4.836
44425 1627987929 0 8 4.98 12.34 11.89
44426 1627987929 0 0 26.52 8.20 162.5 61.23 107.9 6.66 173.2 17.1 180.5 1.90 41.10 12.2
44427 1627987929 0 7 $GNGGA,105208.000,4424.56892,N,00855.26629,E,1,12,0.9,0.7,M,44.7,M,,*41
44428 1627987929 0 7 $GNGGA,105209.000,4424.56911,N,00855.26699,E,1,12,0.9,1.0,M,44.7,M,,*47
44429 1627987930 0 7 $GNGGA,105210.000,4424.56930,N,00855.26766,E,1,12,0.9,1.4,M,44.7,M,,*49
44430 1627987931 0 3 2.55 0.00
44431 1627987931 0 4 2.53 1.62
44432 1627987931 0 5 0.03
44433 1627987932 0 6 0.10
44434 1627987932 0 8 4.98 12.35 11.89
44435 1627987932 0 1 4.673
44436 1627987932 0 0 26.50 8.20 162.5 61.21 107.8 6.66 173.4 17.1 181.2 1.90 41.09 12.2
44437 1627987932 0 7 $GNGGA,105211.000,4424.56950,N,00855.26846,E,1,12,0.9,1.3,M,44.7,M,,*44
44438 1627987932 0 7 $GNGGA,105212.000,4424.56972,N,00855.26934,E,1,12,0.9,0.6,M,44.7,M,,*47
44439 1627987933 0 7 $GNGGA,105213.000,4424.56998,N,00855.27024,E,1,12,0.9,0.1,M,44.7,M,,*4C
44440 1627987934 0 3 2.55 0.00
44441 1627987934 0 4 2.53 1.62
44442 1627987934 0 5 0.03
44443 1627987935 0 6 0.09
44444 1627987935 0 1 4.811
44445 1627987935 0 8 4.98 12.36 11.89
44446 1627987935 0 0 26.52 8.20 162.5 61.23 107.9 6.66 173.3 17.1 181.3 1.90 41.10 12.2
44447 1627987935 0 7 $GNGGA,105214.000,4424.57022,N,00855.27130,E,1,12,0.9,-0.1,M,44.7,M,,*6B
44448 1627987935 0 7 $GNGGA,105215.000,4424.57049,N,00855.27219,E,1,12,0.9,-0.2,M,44.7,M,,*6C
44449 1627987936 0 7 $GNGGA,105216.000,4424.57069,N,00855.27313,E,1,12,0.9,-0.4,M,44.7,M,,*60
44450 1627987937 0 3 2.55 0.00
44451 1627987937 0 4 2.53 1.62
44452 1627987937 0 5 0.03
44453 1627987938 0 6 0.10
44454 1627987938 0 8 4.98 12.34 11.89
44455 1627987938 0 1 4.534
44456 1627987938 0 0 26.52 8.20 162.5 61.23 107.9 6.66 173.2 17.1 181.1 1.89 41.10 12.2
44457 1627987938 0 7 $GNGGA,105217.000,4424.57089,N,00855.27414,E,1,12,0.9,-0.2,M,44.7,M,,*69
44458 1627987938 0 7 $GNGGA,105218.000,4424.57102,N,00855.27510,E,1,12,0.9,-0.1,M,44.7,M,,*62
44459 1627987939 0 7 $GNGGA,105219.000,4424.57122,N,00855.27605,E,1,12,0.9,0.1,M,44.7,M,,*4B
44460 1627987940 0 3 2.55 0.00
44461 1627987940 0 4 2.54 1.63
44462 1627987940 0 5 0.02
44463 1627987941 0 6 0.10
44464 1627987941 0 1 4.250
44465 1627987941 0 8 4.98 12.37 11.89
44466 1627987941 0 0 26.56 8.20 162.4 61.18 107.9 6.66 173.0 17.2 180.6 1.87 41.06 12.2
44467 1627987941 0 7 $GNGGA,105220.000,4424.57147,N,00855.27681,E,1,12,0.9,0.1,M,44.7,M,,*4E
44468 1627987941 0 7 $GNGGA,105221.000,4424.57150,N,00855.27754,E,1,12,0.9,0.1,M,44.7,M,,*40
44469 1627987942 0 7 $GNGGA,105222.000,4424.57137,N,00855.27828,E,1,12,0.9,0.1,M,44.7,M,,*46
44470 1627987943 0 3 2.55 0.00
44471 1627987943 0 4 2.53 1.62
44472 1627987943 0 5 0.02
44473 1627987944 0 6 0.10
44474 1627987944 0 8 4.98 12.34 11.89
44475 1627987944 0 1 4.338
44476 1627987944 0 0 26.54 8.20 162.5 61.18 107.9 6.66 173.2 17.1 180.6 1.88 41.07 12.2
44477 1627987944 0 7 $GNGGA,105223.000,4424.57123,N,00855.27899,E,1,12,0.9,0.0,M,44.7,M,,*49
44478 1627987944 0 7 $GNGGA,105224.000,4424.57125,N,00855.27996,E,1,12,0.9,-0.1,M,44.7,M,,*6A
44479 1627987945 0 7 $GNGGA,105225.000,4424.57127,N,00855.28102,E,1,12,0.9,0.6,M,44.7,M,,*49
44480 1627987946 0 3 2.55 0.00
44481 1627987946 0 4 2.53 1.63
44482 1627987946 0 5 0.02
44483 1627987947 0 6 0.10
44484 1627987947 0 1 4.796
44485 1627987947 0 8 4.98 12.38 11.89
44486 1627987947 0 0 26.55 8.20 162.4 61.19 107.8 6.66 173.1 17.1 181.0 1.89 41.07 12.2
44487 1627987947 0 7 $GNGGA,105226.000,4424.57149,N,00855.28199,E,1,12,0.9,1.2,M,44.7,M,,*45
44488 1627987947 0 7 $GNGGA,105227.000,4424.57171,N,00855.28296,E,1,12,0.9,1.6,M,44.7,M,,*47
44489 1627987948 0 7 $GNGGA,105228.000,4424.57202,N,00855.28376,E,1,12,0.9,1.8,M,44.7,M,,*4E
44490 1627987949 0 3 2.55 0.00
44491 1627987949 0 4 2.54 1.63
44492 1627987949 0 5 0.03
44493 1627987950 0 6 0.09
44494 1627987950 0 1 4.446
44495 1627987950 0 8 4.98 12.34 11.89
44496 1627987950 0 0 26.54 8.20 162.4 61.18 107.8 6.66 173.2 17.1 181.5 1.90 41.06 12.2
44497 1627987950 0 7 $GNGGA,105229.000,4424.57232,N,00855.28459,E,1,12,0.9,2.2,M,44.7,M,,*4F
44498 1627987950 0 7 $GNGGA,105230.000,4424.57263,N,00855.28554,E,1,12,0.9,2.5,M,44.7,M,,*48
44499 1627987951 0 7 $GNGGA,105231.000,4424.57290,N,00855.28654,E,1,12,0.9,2.8,M,44.7,M,,*4B
44500 1627987952 0 3 2.55 0.00
44501 1627987952 0 4 2.54 1.63
44502 1627987952 0 5 0.02
44503 1627987953 0 6 0.10
44504 1627987953 0 8 4.98 12.19 11.87
44505 1627987953 0 1 4.246
44506 1627987953 0 0 26.52 8.20 162.4 61.22 107.8 6.66 173.4 17.1 181.6 1.89 41.09 12.2
44507 1627987953 0 7 $GNGGA,105232.000,4424.57284,N,00855.28758,E,1,12,0.9,3.4,M,44.7,M,,*4D
44508 1627987953 0 7 $GNGGA,105233.000,4424.57287,N,00855.28859,E,1,12,0.9,3.4,M,44.7,M,,*41
44509 1627987954 0 7 $GNGGA,105234.000,4424.57305,N,00855.28952,E,1,12,0.9,3.3,M,44.7,M,,*40
44510 1627987955 0 3 2.55 0.00
44511 1627987955 0 4 2.53 1.63
44512 1627987955 0 5 0.02
44513 1627987956 0 6 0.10
44514 1627987956 0 1 4.250
44515 1627987956 0 8 4.98 12.35 11.89
44516 1627987956 0 0 26.53 8.20 162.4 61.23 107.7 6.65 173.3 17.2 181.3 1.89 41.10 12.2
44517 1627987956 0 7 $GNGGA,105235.000,4424.57328,N,00855.29036,E,1,12,0.9,3.5,M,44.7,M,,*42
44518 1627987956 0 7 $GNGGA,105236.000,4424.57348,N,00855.29117,E,1,12,0.9,3.9,M,44.7,M,,*49
44519 1627987957 0 7 $GNGGA,105237.000,4424.57361,N,00855.29195,E,1,12,0.9,4.4,M,44.7,M,,*43
44520 1627987958 0 3 2.55 0.00
44521 1627987958 0 4 2.54 1.63
44522 1627987958 0 5 0.03
44523 1627987959 0 6 0.10
44524 1627987959 0 8 4.98 12.33 11.89
44525 1627987959 0 1 4.543
44526 1627987959 0 0 26.51 8.20 162.4 61.20 107.7 6.66 173.4 17.2 181.8 1.90 41.08 12.2
44527 1627987959 0 7 $GNGGA,105238.000,4424.57370,N,00855.29273,E,1,12,0.9,4.7,M,44.7,M,,*44
44528 1627987959 0 7 $GNGGA,105239.000,4424.57386,N,00855.29354,E,1,12,0.9,4.9,M,44.7,M,,*46
44529 1627987960 0 7 $GNGGA,105240.000,4424.57405,N,00855.29460,E,1,12,0.9,5.0,M,44.7,M,,*4C
44530 1627987961 0 3 2.55 0.00
44531 1627987961 0 4 2.54 1.65
44532 1627987961 0 5 0.03
44533 1627987962 0 6 0.10
44534 1627987962 0 1 4.532
44535 1627987962 0 8 4.98 12.20 11.87
44536 1627987962 0 0 26.50 8.20 162.4 61.22 107.7 6.65 173.4 17.1 181.7 1.93 41.10 12.2
44537 1627987962 0 7 $GNGGA,105241.000,4424.57414,N,00855.29579,E,1,12,0.9,5.6,M,44.7,M,,*42
44538 1627987962 0 7 $GNGGA,105242.000,4424.57434,N,00855.29687,E,1,12,0.9,5.8,M,44.7,M,,*4F
44539 1627987963 0 7 $GNGGA,105243.000,4424.57440,N,00855.29798,E,1,12,0.9,6.1,M,44.7,M,,*48
44540 1627987964 0 3 2.55 0.00
44541 1627987964 0 4 2.54 1.65
44542 1627987964 0 5 0.02
44543 1627987965 0 6 0.10
44544 1627987965 0 8 4.98 12.34 11.89
44545 1627987965 0 1 4.383
44546 1627987965 0 0 26.50 8.20 162.4 61.19 107.6 6.65 173.5 17.1 182.1 1.94 41.07 12.2
44547 1627987965 0 7 $GNGGA,105244.000,4424.57437,N,00855.29906,E,1,12,0.9,6.0,M,44.7,M,,*47
44548 1627987965 0 7 $GNGGA,105245.000,4424.57446,N,00855.30014,E,1,12,0.9,6.0,M,44.7,M,,*42
44549 1627987966 0 7 $GNGGA,105246.000,4424.57467,N,00855.30115,E,1,12,0.9,6.0,M,44.7,M,,*42
44550 1627987967 0 3 2.55 0.00
44551 1627987967 0 4 2.54 1.65
44552 1627987967 0 5 0.03
44553 1627987968 0 6 0.10
44554 1627987968 0 1 4.631
44555 1627987968 0 8 4.98 12.22 11.89
44556 1627987968 0 0 26.49 8.20 162.3 61.26 107.5 6.65 173.8 17.1 181.9 1.97 41.13 12.2
44557 1627987968 0 7 $GNGGA,105247.000,4424.57501,N,00855.30233,E,1,12,0.9,6.0,M,44.7,M,,*45
44558 1627987968 0 7 $GNGGA,105248.000,4424.57535,N,00855.30339,E,1,12,0.9,5.8,M,44.7,M,,*4D
44559 1627987969 0 7 $GNGGA,105249.000,4424.57554,N,00855.30430,E,1,12,0.9,5.6,M,44.7,M,,*4B
44560 1627987970 0 3 2.55 0.00
44561 1627987970 0 4 2.54 1.65
44562 1627987970 0 5 0.02
44563 1627987971 0 6 0.10
44564 1627987971 0 8 4.98 12.20 11.89
44565 1627987971 0 1 4.641
44566 1627987971 0 0 26.47 8.20 162.4 61.20 107.5 6.65 173.9 17.1 182.1 1.97 41.08 12.3
44567 1627987971 0 7 $GNGGA,105250.000,4424.57563,N,00855.30526,E,1,12,0.9,5.4,M,44.7,M,,*43
44568 1627987971 0 7 $GNGGA,105251.000,4424.57562,N,00855.30627,E,1,12,0.9,5.3,M,44.7,M,,*46
44569 1627987972 0 7 $GNGGA,105252.000,4424.57559,N,00855.30721,E,1,12,0.9,5.2,M,44.7,M,,*4B
44570 1627987973 0 3 2.55 0.00
44571 1627987973 0 4 2.54 1.65
44572 1627987973 0 5 0.03
44573 1627987974 0 6 0.10
44574 1627987974 0 1 5.074
44575 1627987974 0 8 4.98 12.36 11.91
44576 1627987974 0 0 26.48 8.20 162.3 61.18 107.5 6.64 173.7 17.1 182.1 1.98 41.07 12.3
44577 1627987974 0 7 $GNGGA,105253.000,4424.57561,N,00855.30808,E,1,12,0.9,5.2,M,44.7,M,,*45
44578 1627987975 0 7 $GNGGA,105254.000,4424.57572,N,00855.30901,E,1,12,0.9,5.3,M,44.7,M,,*49
44579 1627987975 0 7 $GNGGA,105255.000,4424.57583,N,00855.30999,E,1,12,0.9,5.4,M,44.7,M,,*40
44580 1627987976 0 3 2.55 0.00
44581 1627987976 0 4 2.54 1.65
44582 1627987976 0 5 0.03
44583 1627987977 0 6 0.10
44584 1627987977 0 1 4.392
44585 1627987977 0 8 4.98 12.35 11.89
44586 1627987977 0 0 26.48 8.20 162.3 61.25 107.4 6.64 173.5 17.1 181.8 1.99 41.12 12.2
44587 1627987977 0 7 $GNGGA,105256.000,4424.57601,N,00855.31093,E,1,12,0.9,5.3,M,44.7,M,,*4F
44588 1627987977 0 7 $GNGGA,105257.000,4424.57622,N,00855.31191,E,1,12,0.9,5.1,M,44.7,M,,*4E
44589 1627987978 0 7 $GNGGA,105258.000,4424.57640,N,00855.31301,E,1,12,0.9,5.0,M,44.7,M,,*4F
44590 1627987979 0 3 2.55 0.00
44591 1627987979 0 4 2.54 1.65
44592 1627987980 0 5 0.03
44593 1627987980 0 6 0.10
44594 1627987980 0 8 4.98 12.33 11.89
44595 1627987980 0 1 4.627
44596 1627987980 0 0 26.47 8.20 162.2 61.21 107.3 6.64 173.6 17.1 182.0 2.00 41.08 12.2
44597 1627987980 0 7 $GNGGA,105259.000,4424.57665,N,00855.31405,E,1,12,0.9,4.8,M,44.7,M,,*43
44598 1627987981 0 7 $GNGGA,105300.000,4424.57692,N,00855.31486,E,1,12,0.9,4.6,M,44.7,M,,*43
44599 1627987982 0 7 $GNGGA,105301.000,4424.57703,N,00855.31565,E,1,12,0.9,4.7,M,44.7,M,,*46
44600 1627987982 0 3 2.55 0.00
44601 1627987982 0 4 2.54 1.64
44602 1627987982 0 5 0.03
44603 1627987983 0 6 0.10
44604 1627987983 0 1 4.529
44605 1627987983 0 8 4.98 12.33 11.89
44606 1627987983 0 0 26.45 8.20 162.3 61.20 107.3 6.64 174.1 17.1 182.4 2.01 41.08 12.2
44607 1627987983 0 7 $GNGGA,105302.000,4424.57705,N,00855.31650,E,1,12,0.9,4.8,M,44.7,M,,*49
44608 1627987983 0 7 $GNGGA,105303.000,4424.57713,N,00855.31738,E,1,12,0.9,4.8,M,44.7,M,,*40
44609 1627987985 0 7 $GNGGA,105304.000,4424.57736,N,00855.31818,E,1,12,0.9,4.6,M,44.7,M,,*43
44610 1627987985 0 3 2.55 0.00
44611 1627987985 0 4 2.54 1.64
44612 1627987985 0 5 0.03
44613 1627987986 0 6 0.10
44614 1627987986 0 8 4.98 12.33 11.89
44615 1627987986 0 1 4.488
44616 1627987986 0 0 26.46 8.20 162.2 61.20 107.2 6.63 173.8 17.1 182.1 2.02 41.08 12.2
44617 1627987986 0 7 $GNGGA,105305.000,4424.57753,N,00855.31885,E,1,12,0.9,4.4,M,44.7,M,,*47
44618 1627987987 0 7 $GNGGA,105306.000,4424.57758,N,00855.31965,E,1,12,0.9,4.3,M,44.7,M,,*47
44619 1627987988 0 7 $GNGGA,105307.000,4424.57761,N,00855.32040,E,1,12,0.9,4.4,M,44.7,M,,*46
44620 1627987988 0 3 2.55 0.00
44621 1627987988 0 4 2.54 1.65
44622 1627987988 0 5 0.03
44623 1627987989 0 6 0.09
44624 1627987989 0 1 4.346
44625 1627987989 0 8 4.98 12.36 11.89
44626 1627987989 0 0 26.46 8.20 162.2 61.15 107.2 6.63 173.8 17.1 182.4 2.03 41.05 12.2
44627 1627987989 0 7 $GNGGA,105308.000,4424.57763,N,00855.32117,E,1,12,0.9,4.5,M,44.7,M,,*49
44628 1627987990 0 7 $GNGGA,105309.000,4424.57772,N,00855.32191,E,1,12,0.9,4.7,M,44.7,M,,*44
44629 1627987990 0 7 $GNGGA,105310.000,4424.57779,N,00855.32268,E,1,12,0.9,4.6,M,44.7,M,,*43
44630 1627987991 0 3 2.55 0.00
44631 1627987991 0 4 2.54 1.65
44632 1627987991 0 5 0.03
44633 1627987992 0 6 0.10
44634 1627987992 0 8 4.98 12.34 11.89
44635 1627987992 0 1 4.507
44636 1627987992 0 0 26.46 8.20 162.2 61.17 107.2 6.63 173.7 17.2 181.7 2.03 41.06 12.2
44637 1627987992 0 7 $GNGGA,105311.000,4424.57783,N,00855.32359,E,1,12,0.9,4.6,M,44.7,M,,*44
44638 1627987993 0 7 $GNGGA,105312.000,4424.57790,N,00855.32447,E,1,12,0.9,4.3,M,44.7,M,,*48
44639 1627987993 0 7 $GNGGA,105313.000,4424.57801,N,00855.32531,E,1,12,0.9,4.1,M,44.7,M,,*4C
44640 1627987994 0 3 2.55 0.00
44641 1627987994 0 4 2.54 1.64
44642 1627987994 0 5 0.03
44643 1627987995 0 6 0.10
44644 1627987995 0 1 4.604
44645 1627987995 0 8 4.98 12.38 11.89
44646 1627987995 0 0 26.46 8.20 162.2 61.20 107.1 6.62 173.6 17.1 182.2 2.03 41.08 12.1
44647 1627987995 0 7 $GNGGA,105314.000,4424.57834,N,00855.32631,E,1,12,0.9,3.5,M,44.7,M,,*4D
44648 1627987995 0 7 $GNGGA,105315.000,4424.57860,N,00855.32737,E,1,12,0.9,3.1,M,44.7,M,,*4E
44649 1627987996 0 7 $GNGGA,105316.000,4424.57863,N,00855.32831,E,1,12,0.9,3.6,M,44.7,M,,*40
44650 1627987997 0 3 2.55 0.00
44651 1627987997 0 4 2.54 1.64
44652 1627987997 0 5 0.03
44653 1627987998 0 6 0.09
44654 1627987998 0 8 4.98 12.34 11.89
44655 1627987998 0 1 4.377
44656 1627987998 0 0 26.47 8.20 162.2 61.15 107.1 6.62 173.3 17.2 181.7 2.03 41.04 12.1
44657 1627987998 0 7 $GNGGA,105317.000,4424.57873,N,00855.32917,E,1,12,0.9,3.4,M,44.7,M,,*47
44658 1627987998 0 7 $GNGGA,105318.000,4424.57882,N,00855.32970,E,1,12,0.9,3.7,M,44.7,M,,*44
44659 1627987999 0 7 $GNGGA,105319.000,4424.57889,N,00855.33012,E,1,12,0.9,3.9,M,44.7,M,,*4C
44660 1627988000 0 3 2.55 0.00
44661 1627988000 0 4 2.54 1.65
44662 1627988000 0 5 0.03
44663 1627988001 0 6 0.09
44664 1627988001 0 1 4.623
44665 1627988001 0 8 4.98 12.37 11.89
44666 1627988001 0 0 26.49 8.20 162.2 61.18 107.0 6.62 173.3 17.2 181.5 2.04 41.06 12.1
44667 1627988001 0 7 $GNGGA,105320.000,4424.57897,N,00855.33064,E,1,12,0.9,3.9,M,44.7,M,,*48
44668 1627988001 0 7 $GNGGA,105321.000,4424.57902,N,00855.33144,E,1,12,0.9,3.7,M,44.7,M,,*49
44669 1627988002 0 7 $GNGGA,105322.000,4424.57865,N,00855.33240,E,1,12,0.9,4.0,M,44.7,M,,*4D
44670 1627988003 0 3 2.55 0.00
44671 1627988003 0 4 2.54 1.65
44672 1627988003 0 5 0.03
44673 1627988003 0 6 0.09
44674 1627988004 0 1 4.499
44675 1627988004 0 8 4.98 12.34 11.89
44676 1627988004 0 0 26.49 8.20 162.2 61.28 107.0 6.61 173.5 17.2 181.7 2.05 41.14 12.1
44677 1627988004 0 7 $GNGGA,105323.000,4424.57833,N,00855.33337,E,1,12,0.9,3.8,M,44.7,M,,*41
44678 1627988004 0 7 $GNGGA,105324.000,4424.57823,N,00855.33418,E,1,12,0.9,3.8,M,44.7,M,,*4D
44679 1627988005 0 7 $GNGGA,105325.000,4424.57818,N,00855.33506,E,1,12,0.9,3.9,M,44.7,M,,*4B
44680 1627988006 0 3 2.55 0.00
44681 1627988006 0 4 2.54 1.65
44682 1627988006 0 5 0.03
44683 1627988006 0 6 0.10
44684 1627988007 0 8 4.98 12.35 11.89
44685 1627988007 0 1 4.671
44686 1627988007 0 0 26.53 8.20 162.2 61.23 107.0 6.61 172.9 17.2 180.9 2.06 41.10 12.1
44687 1627988007 0 7 $GNGGA,105326.000,4424.57827,N,00855.33596,E,1,12,0.9,3.8,M,44.7,M,,*4C
44688 1627988007 0 7 $GNGGA,105327.000,4424.57823,N,00855.33678,E,1,12,0.9,3.9,M,44.7,M,,*4B
44689 1627988008 0 7 $GNGGA,105328.000,4424.57819,N,00855.33758,E,1,12,0.9,3.8,M,44.7,M,,*4F
44690 1627988009 0 3 2.55 0.00
44691 1627988009 0 4 2.54 1.65
44692 1627988009 0 5 0.03
44693 1627988009 0 6 0.10
44694 1627988010 0 1 4.833
44695 1627988010 0 8 4.98 12.34 11.89
44696 1627988010 0 7 $GNGGA,105329.000,4424.57822,N,00855.33822,E,1,12,0.9,3.8,M,44.7,M,,*44
44697 1627988010 0 2 0.05770000 3.68249988 1.54429998 0.02830000 2.78060007 0.00390000 0.05920000 0.25549998 1.00000000 87.25399780
44698 1627988010 0 0 26.51 8.20 162.1 61.25 106.9 6.61 172.9 17.2 181.4 2.06 41.12 12.1
44699 1627988010 0 7 $GNGGA,105330.000,4424.57830,N,00855.33895,E,1,12,0.9,3.7,M,44.7,M,,*4C
44700 1627988011 0 7 $GNGGA,105331.000,4424.57836,N,00855.33985,E,1,12,0.9,3.8,M,44.7,M,,*44
44701 1627988012 0 3 2.55 0.00
44702 1627988012 0 4 2.54 1.65
44703 1627988012 0 5 0.02
44704 1627988012 0 6 0.09
44705 1627988013 0 8 4.98 12.34 11.89
44706 1627988013 0 1 4.765
44707 1627988013 0 0 26.59 8.20 162.1 61.19 106.9 6.60 172.4 17.2 180.3 2.06 41.07 12.1
44708 1627988013 0 7 $GNGGA,105332.000,4424.57847,N,00855.34072,E,1,12,0.9,4.0,M,44.7,M,,*48
44709 1627988013 0 7 $GNGGA,105333.000,4424.57832,N,00855.34173,E,1,12,0.9,4.2,M,44.7,M,,*49
44710 1627988014 0 7 $GNGGA,105334.000,4424.57804,N,00855.34296,E,1,12,0.9,4.3,M,44.7,M,,*42
44711 1627988015 0 3 2.55 0.00
44712 1627988015 0 4 2.54 1.65
44713 1627988015 0 5 0.03
44714 1627988015 0 6 0.09
44715 1627988016 0 1 4.735
44716 1627988016 0 8 4.98 12.36 11.89
44717 1627988016 0 0 26.60 8.20 162.1 61.17 106.9 6.59 172.4 17.2 180.3 2.04 41.05 12.1
44718 1627988016 0 7 $GNGGA,105335.000,4424.57773,N,00855.34428,E,1,12,0.9,4.6,M,44.7,M,,*4A
44719 1627988016 0 7 $GNGGA,105336.000,4424.57739,N,00855.34554,E,1,12,0.9,5.0,M,44.7,M,,*4A
44720 1627988017 0 7 $GNGGA,105337.000,4424.57714,N,00855.34663,E,1,12,0.9,5.5,M,44.7,M,,*46
44721 1627988018 0 3 2.55 0.00
44722 1627988018 0 4 2.54 1.65
44723 1627988018 0 5 0.03
44724 1627988018 0 6 0.09
44725 1627988019 0 8 4.98 12.34 11.89
44726 1627988019 0 1 4.776
44727 1627988019 0 0 26.59 8.20 162.2 61.25 106.8 6.59 172.7 17.2 180.7 2.02 41.12 12.1
44728 1627988019 0 7 $GNGGA,105338.000,4424.57703,N,00855.34769,E,1,12,0.9,5.9,M,44.7,M,,*48
44729 1627988019 0 7 $GNGGA,105339.000,4424.57707,N,00855.34876,E,1,12,0.9,5.7,M,44.7,M,,*42
44730 1627988020 0 7 $GNGGA,105340.000,4424.57713,N,00855.34977,E,1,12,0.9,5.2,M,44.7,M,,*4C
44731 1627988021 0 3 2.55 0.00
44732 1627988021 0 4 2.54 1.65
44733 1627988021 0 5 0.03
44734 1627988021 0 6 0.09
44735 1627988022 0 1 4.862
44736 1627988022 0 8 4.98 12.37 11.89
44737 1627988022 0 0 26.59 8.20 162.1 61.24 106.8 6.59 172.6 17.2 180.8 2.01 41.11 12.1
44738 1627988022 0 7 $GNGGA,105341.000,4424.57714,N,00855.35060,E,1,12,0.9,4.7,M,44.7,M,,*40
44739 1627988022 0 7 $GNGGA,105342.000,4424.57726,N,00855.35130,E,1,12,0.9,4.4,M,44.7,M,,*45
44740 1627988023 0 7 $GNGGA,105343.000,4424.57747,N,00855.35210,E,1,12,0.9,3.9,M,44.7,M,,*48
44741 1627988024 0 3 2.55 0.00
44742 1627988024 0 4 2.54 1.65
44743 1627988024 0 5 0.03
44744 1627988024 0 6 0.09
44745 1627988025 0 8 4.98 12.34 11.89
44746 1627988025 0 1 4.838
44747 1627988025 0 0 26.60 8.20 162.1 61.24 106.7 6.58 172.6 17.2 180.8 2.00 41.11 12.1
44748 1627988025 0 7 $GNGGA,105344.000,4424.57768,N,00855.35307,E,1,12,0.9,3.6,M,44.7,M,,*4A
44749 1627988025 0 7 $GNGGA,105345.000,4424.57796,N,00855.35407,E,1,12,0.9,3.2,M,44.7,M,,*49
44750 1627988026 0 7 $GNGGA,105346.000,4424.57816,N,00855.35496,E,1,12,0.9,2.8,M,44.7,M,,*4E
44751 1627988027 0 3 2.55 0.00
44752 1627988027 0 4 2.54 1.66
44753 1627988027 0 5 0.03
44754 1627988027 0 6 0.09
44755 1627988028 0 1 5.188
44756 1627988028 0 8 4.98 12.38 11.89
44757 1627988028 0 0 26.59 8.20 162.1 61.18 106.6 6.58 172.6 17.2 180.7 2.00 41.06 12.1
44758 1627988028 0 7 $GNGGA,105347.000,4424.57805,N,00855.35588,E,1,12,0.9,2.7,M,44.7,M,,*4C
44759 1627988028 0 7 $GNGGA,105348.000,4424.57809,N,00855.35689,E,1,12,0.9,2.4,M,44.7,M,,*4E
44760 1627988029 0 7 $GNGGA,105349.000,4424.57829,N,00855.35779,E,1,12,0.9,2.1,M,44.7,M,,*46
44761 1627988030 0 3 2.55 0.00
44762 1627988030 0 4 2.54 1.66
44763 1627988030 0 5 0.03
44764 1627988031 0 6 0.09
44765 1627988031 0 1 4.735
44766 1627988031 0 8 4.98 12.34 11.89
44767 1627988031 0 0 26.59 8.20 162.1 61.21 106.6 6.58 172.9 17.2 181.1 1.99 41.08 12.1
44768 1627988031 0 7 $GNGGA,105350.000,4424.57845,N,00855.35856,E,1,12,0.9,1.7,M,44.7,M,,*43
44769 1627988031 0 7 $GNGGA,105351.000,4424.57852,N,00855.35942,E,1,12,0.9,1.5,M,44.7,M,,*42
44770 1627988032 0 7 $GNGGA,105352.000,4424.57865,N,00855.36050,E,1,12,0.9,1.3,M,44.7,M,,*4A
44771 1627988033 0 3 2.55 0.00
44772 1627988033 0 4 2.54 1.66
44773 1627988033 0 5 0.03
44774 1627988033 0 6 0.09
44775 1627988034 0 8 4.98 12.34 11.89
44776 1627988034 0 1 4.660
44777 1627988034 0 0 26.59 8.20 162.1 61.27 106.6 6.57 172.7 17.2 181.3 2.01 41.13 12.1
44778 1627988034 0 7 $GNGGA,105353.000,4424.57855,N,00855.36155,E,1,12,0.9,1.6,M,44.7,M,,*49
44779 1627988034 0 7 $GNGGA,105354.000,4424.57847,N,00855.36247,E,1,12,0.9,2.0,M,44.7,M,,*48
44780 1627988035 0 7 $GNGGA,105355.000,4424.57859,N,00855.36334,E,1,12,0.9,2.2,M,44.7,M,,*41
44781 1627988036 0 3 2.55 0.00
44782 1627988036 0 4 2.54 1.66
44783 1627988036 0 5 0.03
44784 1627988037 0 6 0.10
44785 1627988037 0 1 4.576
44786 1627988037 0 8 4.98 12.34 11.89
44787 1627988037 0 0 26.60 8.20 162.1 61.19 106.5 6.57 172.7 17.2 181.0 2.00 41.07 12.1
44788 1627988037 0 7 $GNGGA,105356.000,4424.57866,N,00855.36421,E,1,12,0.9,2.3,M,44.7,M,,*4C
44789 1627988037 0 7 $GNGGA,105357.000,4424.57851,N,00855.36493,E,1,12,0.9,2.4,M,44.7,M,,*47
44790 1627988038 0 7 $GNGGA,105358.000,4424.57837,N,00855.36575,E,1,12,0.9,2.1,M,44.7,M,,*44
44791 1627988039 0 3 2.55 0.00
44792 1627988039 0 4 2.54 1.66
44793 1627988039 0 5 0.03
44794 1627988040 0 6 0.09
44795 1627988040 0 8 4.98 12.32 11.89
44796 1627988040 0 1 4.606
44797 1627988040 0 0 26.60 8.20 162.0 61.23 106.5 6.57 172.9 17.2 181.2 1.98 41.10 12.1
44798 1627988040 0 7 $GNGGA,105359.000,4424.57818,N,00855.36648,E,1,12,0.9,2.3,M,44.7,M,,*47
44799 1627988040 0 7 $GNGGA,105400.000,4424.57806,N,00855.36728,E,1,12,0.9,2.2,M,44.7,M,,*45
44800 1627988041 0 7 $GNGGA,105401.000,4424.57787,N,00855.36809,E,1,12,0.9,2.5,M,44.7,M,,*49
44801 1627988042 0 3 2.55 0.00
44802 1627988042 0 4 2.54 1.66
44803 1627988042 0 5 0.03
44804 1627988043 0 6 0.09
44805 1627988043 0 1 4.401
44806 1627988043 0 8 4.98 12.38 11.89
44807 1627988043 0 0 26.59 8.20 162.1 61.18 106.4 6.57 173.0 17.2 181.4 1.97 41.06 12.1
44808 1627988043 0 7 $GNGGA,105402.000,4424.57786,N,00855.36905,E,1,12,0.9,2.6,M,44.7,M,,*45
44809 1627988043 0 7 $GNGGA,105403.000,4424.57792,N,00855.37009,E,1,12,0.9,2.5,M,44.7,M,,*46
44810 1627988044 0 7 $GNGGA,105404.000,4424.57790,N,00855.37112,E,1,12,0.9,2.7,M,44.7,M,,*4A
44811 1627988045 0 3 2.55 0.00
44812 1627988045 0 4 2.54 1.66
44813 1627988045 0 5 0.03
44814 1627988046 0 6 0.09
44815 1627988046 0 8 4.98 12.34 11.89
44816 1627988046 0 1 4.408
44817 1627988046 0 0 26.58 8.20 162.0 61.24 106.4 6.57 173.0 17.2 181.6 1.97 41.10 12.1
44818 1627988046 0 7 $GNGGA,105405.000,4424.57795,N,00855.37211,E,1,12,0.9,2.8,M,44.7,M,,*41
44819 1627988046 0 7 $GNGGA,105406.000,4424.57822,N,00855.37290,E,1,12,0.9,3.5,M,44.7,M,,*44
44820 1627988047 0 7 $GNGGA,105407.000,4424.57836,N,00855.37374,E,1,12,0.9,4.2,M,44.7,M,,*4B
44821 1627988048 0 3 2.55 0.00
44822 1627988048 0 4 2.54 1.65
44823 1627988048 0 5 0.03
44824 1627988049 0 6 0.09
44825 1627988049 0 1 4.423
44826 1627988049 0 8 4.98 12.38 11.89
44827 1627988049 0 0 26.57 8.20 162.0 61.24 106.4 6.57 173.3 17.2 181.8 1.95 41.11 12.1
44828 1627988049 0 7 $GNGGA,105408.000,4424.57827,N,00855.37454,E,1,12,0.9,4.8,M,44.7,M,,*4B
44829 1627988049 0 7 $GNGGA,105409.000,4424.57828,N,00855.37522,E,1,12,0.9,4.9,M,44.7,M,,*44
44830 1627988050 0 7 $GNGGA,105410.000,4424.57823,N,00855.37599,E,1,12,0.9,5.3,M,44.7,M,,*4C
44831 1627988051 0 3 2.55 0.00
44832 1627988051 0 4 2.54 1.66
44833 1627988051 0 5 0.03
44834 1627988052 0 6 0.09
44835 1627988052 0 8 4.98 12.34 11.89
44836 1627988052 0 1 4.334
44837 1627988052 0 0 26.57 8.20 162.0 61.16 106.4 6.57 173.3 17.2 181.9 1.93 41.05 12.1
44838 1627988052 0 7 $GNGGA,105411.000,4424.57804,N,00855.37686,E,1,12,0.9,5.7,M,44.7,M,,*41
44839 1627988052 0 7 $GNGGA,105412.000,4424.57799,N,00855.37776,E,1,12,0.9,5.6,M,44.7,M,,*46
44840 1627988053 0 7 $GNGGA,105413.000,4424.57792,N,00855.37868,E,1,12,0.9,5.3,M,44.7,M,,*49
44841 1627988054 0 3 2.55 0.00
44842 1627988054 0 4 2.54 1.66
44843 1627988054 0 5 0.03
44844 1627988055 0 6 0.10
44845 1627988055 0 1 4.524
44846 1627988055 0 8 4.98 12.38 11.89
44847 1627988055 0 0 26.56 8.20 162.0 61.23 106.3 6.56 173.3 17.2 182.0 1.92 41.10 12.1
44848 1627988055 0 7 $GNGGA,105414.000,4424.57791,N,00855.37975,E,1,12,0.9,4.9,M,44.7,M,,*4B
44849 1627988055 0 7 $GNGGA,105415.000,4424.57798,N,00855.38086,E,1,12,0.9,4.7,M,44.7,M,,*47
44850 1627988056 0 7 $GNGGA,105416.000,4424.57803,N,00855.38219,E,1,12,0.9,4.6,M,44.7,M,,*4C
44851 1627988057 0 3 2.55 0.00
44852 1627988057 0 4 2.54 1.68
44853 1627988057 0 5 0.03
44854 1627988058 0 6 0.09
44855 1627988058 0 1 4.078
44856 1627988058 0 8 4.98 12.33 11.89
44857 1627988058 0 0 26.57 8.20 162.0 61.25 106.3 6.56 173.3 17.2 181.9 1.91 41.12 12.1
44858 1627988058 0 7 $GNGGA,105417.000,4424.57798,N,00855.38342,E,1,12,0.9,4.3,M,44.7,M,,*4A
44859 1627988058 0 7 $GNGGA,105418.000,4424.57786,N,00855.38449,E,1,12,0.9,3.8,M,44.7,M,,*4A
44860 1627988059 0 7 $GNGGA,105419.000,4424.57782,N,00855.38550,E,1,12,0.9,3.3,M,44.7,M,,*4D
44861 1627988060 0 3 2.55 0.00
44862 1627988060 0 4 2.54 1.68
44863 1627988060 0 5 0.03
44864 1627988061 0 6 0.09
44865 1627988061 0 8 4.98 12.34 11.89
44866 1627988061 0 1 4.226
44867 1627988061 0 0 26.57 8.20 162.0 61.21 106.2 6.56 173.3 17.2 182.0 1.90 41.08 12.1
44868 1627988061 0 7 $GNGGA,105420.000,4424.57794,N,00855.38647,E,1,12,0.9,3.1,M,44.7,M,,*47
44869 1627988061 0 7 $GNGGA,105421.000,4424.57803,N,00855.38750,E,1,12,0.9,2.9,M,44.7,M,,*49
44870 1627988062 0 7 $GNGGA,105422.000,4424.57814,N,00855.38860,E,1,12,0.9,2.7,M,44.7,M,,*4E
44871 1627988063 0 3 2.55 0.00
44872 1627988063 0 4 2.54 1.68
44873 1627988063 0 5 0.03
44874 1627988064 0 6 0.09
44875 1627988064 0 1 4.288
44876 1627988064 0 8 4.98 12.34 11.89
44877 1627988064 0 0 26.56 8.20 162.0 61.20 106.2 6.56 173.3 17.2 182.0 1.89 41.08 12.1
44878 1627988064 0 7 $GNGGA,105423.000,4424.57825,N,00855.38973,E,1,12,0.9,2.2,M,44.7,M,,*4B
44879 1627988064 0 7 $GNGGA,105424.000,4424.57842,N,00855.39075,E,1,12,0.9,1.4,M,44.7,M,,*46
44880 1627988065 0 7 $GNGGA,105425.000,4424.57860,N,00855.39171,E,1,12,0.9,0.9,M,44.7,M,,*4E
44881 1627988066 0 3 2.55 0.00
44882 1627988066 0 4 2.54 1.68
44883 1627988066 0 5 0.03
44884 1627988067 0 6 0.09
44885 1627988067 0 8 4.98 12.34 11.89
44886 1627988067 0 1 4.503
44887 1627988067 0 0 26.56 8.20 162.0 61.19 106.2 6.56 173.4 17.2 181.9 1.91 41.07 12.2
44888 1627988067 0 7 $GNGGA,105426.000,4424.57870,N,00855.39282,E,1,12,0.9,0.4,M,44.7,M,,*4E
44889 1627988067 0 7 $GNGGA,105427.000,4424.57864,N,00855.39392,E,1,12,0.9,-0.1,M,44.7,M,,*62
44890 1627988068 0 7 $GNGGA,105428.000,4424.57861,N,00855.39504,E,1,12,0.9,-0.6,M,44.7,M,,*66
44891 1627988069 0 3 2.55 0.00
44892 1627988069 0 4 2.54 1.68
44893 1627988069 0 5 0.03
44894 1627988070 0 6 0.09
44895 1627988070 0 1 4.626
44896 1627988070 0 8 4.98 12.37 11.89
44897 1627988070 0 0 26.55 8.20 161.9 61.25 106.2 6.55 173.3 17.2 181.9 1.90 41.11 12.2
44898 1627988070 0 7 $GNGGA,105429.000,4424.57856,N,00855.39624,E,1,12,0.9,-1.2,M,44.7,M,,*67
44899 1627988070 0 7 $GNGGA,105430.000,4424.57850,N,00855.39735,E,1,12,0.9,-1.8,M,44.7,M,,*62
44900 1627988071 0 7 $GNGGA,105431.000,4424.57857,N,00855.39829,E,1,12,0.9,-2.2,M,44.7,M,,*6F
44901 1627988072 0 3 2.55 0.00
44902 1627988072 0 4 2.54 1.68
44903 1627988072 0 5 0.03
44904 1627988073 0 6 0.10
44905 1627988073 0 8 4.98 12.20 11.87
44906 1627988073 0 1 4.571
44907 1627988073 0 0 26.55 8.20 161.9 61.21 106.1 6.55 173.2 17.2 181.8 1.90 41.08 12.2
44908 1627988073 0 7 $GNGGA,105432.000,4424.57883,N,00855.39920,E,1,12,0.9,-2.8,M,44.7,M,,*67
44909 1627988073 0 7 $GNGGA,105433.000,4424.57904,N,00855.40023,E,1,12,0.9,-3.1,M,44.7,M,,*64
44910 1627988074 0 7 $GNGGA,105434.000,4424.57922,N,00855.40127,E,1,12,0.9,-3.3,M,44.7,M,,*60
44911 1627988075 0 3 2.55 0.00
44912 1627988075 0 4 2.54 1.68
44913 1627988076 0 5 0.02
44914 1627988076 0 6 0.10
44915 1627988076 0 1 4.633
44916 1627988076 0 8 4.98 12.37 11.89
44917 1627988076 0 0 26.57 8.20 161.9 61.18 106.1 6.55 173.3 17.2 181.9 1.91 41.07 12.2
44918 1627988076 0 7 $GNGGA,105435.000,4424.57941,N,00855.40222,E,1,12,0.9,-3.8,M,44.7,M,,*69
44919 1627988076 0 7 $GNGGA,105436.000,4424.57943,N,00855.40326,E,1,12,0.9,-4.3,M,44.7,M,,*61
44920 1627988077 0 7 $GNGGA,105437.000,4424.57937,N,00855.40446,E,1,12,0.9,-4.9,M,44.7,M,,*68
44921 1627988078 0 3 2.55 0.00
44922 1627988078 0 4 2.54 1.68
44923 1627988078 0 5 0.03
44924 1627988079 0 6 0.10
44925 1627988079 0 8 4.98 12.33 11.89
44926 1627988079 0 1 4.550
44927 1627988079 0 0 26.59 8.20 161.8 61.29 106.2 6.55 172.9 17.2 181.8 1.91 41.15 12.3
44928 1627988079 0 7 $GNGGA,105438.000,4424.57931,N,00855.40571,E,1,12,0.9,-5.2,M,44.7,M,,*6E
44929 1627988079 0 7 $GNGGA,105439.000,4424.57927,N,00855.40689,E,1,12,0.9,-5.1,M,44.7,M,,*6F
44930 1627988080 0 7 $GNGGA,105440.000,4424.57929,N,00855.40802,E,1,12,0.9,-5.0,M,44.7,M,,*63
44931 1627988081 0 3 2.55 0.00
44932 1627988081 0 4 2.54 1.65
44933 1627988081 0 5 0.03
44934 1627988082 0 6 0.10
44935 1627988082 0 1 5.085
44936 1627988082 0 8 4.98 12.22 11.89
44937 1627988082 0 0 26.58 8.20 161.9 61.20 106.2 6.55 173.1 17.2 181.7 1.93 41.07 12.3
44938 1627988082 0 7 $GNGGA,105441.000,4424.57919,N,00855.40923,E,1,12,0.9,-4.9,M,44.7,M,,*6B
44939 1627988082 0 7 $GNGGA,105442.000,4424.57899,N,00855.41036,E,1,12,0.9,-4.8,M,44.7,M,,*6C
44940 1627988083 0 7 $GNGGA,105443.000,4424.57871,N,00855.41144,E,1,12,0.9,-4.6,M,44.7,M,,*61
44941 1627988084 0 3 2.55 0.00
44942 1627988084 0 4 2.54 1.66
44943 1627988084 0 5 0.02
44944 1627988085 0 6 0.10
44945 1627988085 0 1 4.422
44946 1627988085 0 8 4.98 12.34 11.89
44947 1627988085 0 0 26.57 8.20 161.8 61.22 106.2 6.55 173.3 17.2 182.5 1.93 41.10 12.3
44948 1627988085 0 7 $GNGGA,105444.000,4424.57867,N,00855.41247,E,1,12,0.9,-4.6,M,44.7,M,,*61
44949 1627988085 0 7 $GNGGA,105445.000,4424.57872,N,00855.41359,E,1,12,0.9,-4.6,M,44.7,M,,*6A
44950 1627988086 0 7 $GNGGA,105446.000,4424.57875,N,00855.41452,E,1,12,0.9,-4.5,M,44.7,M,,*61
44951 1627988087 0 3 2.55 0.00
44952 1627988087 0 4 2.54 1.66
44953 1627988087 0 5 0.03
44954 1627988088 0 6 0.09
44955 1627988088 0 8 4.98 12.23 11.89
44956 1627988088 0 7 $GNGGA,105447.000,4424.57881,N,00855.41538,E,1,12,0.9,-4.3,M,44.7,M,,*60
44957 1627988088 0 0 26.61 8.20 161.8 61.20 106.2 6.55 172.8 17.2 181.7 1.94 41.07 12.3
44958 1627988088 0 7 $GNGGA,105448.000,4424.57874,N,00855.41647,E,1,12,0.9,-3.9,M,44.7,M,,*63
44959 1627988089 0 7 $GNGGA,105449.000,4424.57853,N,00855.41744,E,1,12,0.9,-3.5,M,44.7,M,,*69
44960 1627988090 0 3 2.55 0.00
44961 1627988090 0 4 2.54 1.66
44962 1627988090 0 5 0.02
44963 1627988091 0 6 0.09
44964 1627988091 0 8 4.98 12.23 11.89
44965 1627988091 0 0 26.61 8.20 161.7 61.23 106.3 6.55 173.0 17.2 182.1 1.93 41.10 12.2
44966 1627988091 0 7 $GNGGA,105450.000,4424.57849,N,00855.41830,E,1,12,0.9,-3.3,M,44.7,M,,*60
44967 1627988091 0 7 $GNGGA,105451.000,4424.57860,N,00855.41901,E,1,12,0.9,-3.3,M,44.7,M,,*69
44968 1627988092 0 7 $GNGGA,105452.000,4424.57875,N,00855.41993,E,1,12,0.9,-3.4,M,44.7,M,,*62
44969 1627988093 0 3 2.55 0.00
44970 1627988093 0 4 2.54 1.66
44971 1627988093 0 5 0.03
44972 1627988094 0 6 0.09
44973 1627988094 0 8 4.98 12.36 11.89
44974 1627988094 0 7 $GNGGA,105453.000,4424.57880,N,00855.42103,E,1,12,0.9,-3.6,M,44.7,M,,*69
44975 1627988094 0 0 26.62 8.20 161.7 61.27 106.3 6.55 172.9 17.2 182.1 1.96 41.13 12.3
44976 1627988094 0 7 $GNGGA,105454.000,4424.57881,N,00855.42208,E,1,12,0.9,-3.6,M,44.7,M,,*67
44977 1627988095 0 7 $GNGGA,105455.000,4424.57879,N,00855.42313,E,1,12,0.9,-3.6,M,44.7,M,,*6A
44978 1627988096 0 3 2.55 0.00
44979 1627988096 0 4 2.54 1.66
44980 1627988096 0 5 0.03
44981 1627988097 0 6 0.09
44982 1627988097 0 8 4.98 12.40 11.89
44983 1627988097 0 0 26.63 8.20 161.8 61.16 106.3 6.56 172.9 17.3 181.8 1.95 41.05 12.3
44984 1627988097 0 7 $GNGGA,105456.000,4424.57882,N,00855.42413,E,1,12,0.9,-3.4,M,44.7,M,,*68
44985 1627988097 0 7 $GNGGA,105457.000,4424.57886,N,00855.42511,E,1,12,0.9,-3.1,M,44.7,M,,*6B
44986 1627988098 0 1 3.925
44987 1627988098 0 7 $GNGGA,105458.000,4424.57878,N,00855.42595,E,1,12,0.9,-2.7,M,44.7,M,,*6E
44988 1627988099 0 3 2.55 0.00
44989 1627988099 0 4 2.54 1.67
44990 1627988099 0 5 0.03
44991 1627988100 0 6 0.09
44992 1627988100 0 8 4.98 12.35 11.89
44993 1627988100 0 1 3.769
44994 1627988100 0 0 26.62 8.20 161.7 61.17 106.4 6.56 173.1 17.2 182.2 1.96 41.06 12.3
44995 1627988100 0 7 $GNGGA,105459.000,4424.57872,N,00855.42679,E,1,12,0.9,-2.7,M,44.7,M,,*64
44996 1627988100 0 7 $GNGGA,105500.000,4424.57873,N,00855.42781,E,1,12,0.9,-2.9,M,44.7,M,,*60
44997 1627988101 0 7 $GNGGA,105501.000,4424.57871,N,00855.42880,E,1,12,0.9,-2.7,M,44.7,M,,*63
44998 1627988102 0 3 2.55 0.00
44999 1627988102 0 4 2.54 1.66
45000 1627988102 0 5 0.03
45001 1627988103 0 6 0.09
45002 1627988103 0 1 3.964
45003 1627988103 0 8 4.98 12.36 11.89
45004 1627988103 0 0 26.62 8.20 161.8 61.20 106.4 6.56 173.2 17.2 182.3 1.99 41.08 12.2
45005 1627988103 0 7 $GNGGA,105502.000,4424.57876,N,00855.42975,E,1,12,0.9,-2.2,M,44.7,M,,*69
45006 1627988103 0 7 $GNGGA,105503.000,4424.57880,N,00855.43080,E,1,12,0.9,-2.1,M,44.7,M,,*60
45007 1627988104 0 7 $GNGGA,105504.000,4424.57880,N,00855.43188,E,1,12,0.9,-2.0,M,44.7,M,,*6F
45008 1627988105 0 3 2.55 0.00
45011 1627988106 0 6 0.10
45012 1627988106 0 8 4.98 12.33 11.89
45013 1627988106 0 1 4.167
45014 1627988106 0 0 26.62 8.20 161.8 61.19 106.4 6.56 173.1 17.3 182.3 2.02 41.07 12.2
45015 1627988106 0 7 $GNGGA,105505.000,4424.57879,N,00855.43299,E,1,12,0.9,-2.1,M,44.7,M,,*6A
45016 1627988106 0 7 $GNGGA,105506.000,4424.57890,N,00855.43398,E,1,12,0.9,-2.2,M,44.7,M,,*6D
45017 1627988107 0 7 $GNGGA,105507.000,4424.57930,N,00855.43464,E,1,12,0.9,-2.1,M,44.7,M,,*60
45018 1627988108 0 3 2.55 0.00
45019 1627988108 0 4 2.54 1.66
45020 1627988108 0 5 0.03
45021 1627988109 0 6 0.10
45022 1627988109 0 1 4.527
45023 1627988109 0 8 4.98 12.37 11.89
45024 1627988109 0 0 26.63 8.20 161.8 61.21 106.4 6.56 173.0 17.2 182.4 2.04 41.08 12.2
45025 1627988109 0 7 $GNGGA,105508.000,4424.57974,N,00855.43541,E,1,12,0.9,-2.3,M,44.7,M,,*6B
45026 1627988109 0 7 $GNGGA,105509.000,4424.58021,N,00855.43589,E,1,12,0.9,-2.6,M,44.7,M,,*6D
45027 1627988110 0 7 $GNGGA,105510.000,4424.58042,N,00855.43654,E,1,12,0.9,-3.3,M,44.7,M,,*67
45028 1627988111 0 3 2.55 0.00
45029 1627988111 0 4 2.54 1.65
45030 1627988111 0 5 0.03
45031 1627988112 0 6 0.09
45032 1627988112 0 1 3.778
45033 1627988112 0 8 4.98 12.34 11.89
45034 1627988112 0 0 26.62 8.20 161.8 61.18 106.5 6.57 173.1 17.2 182.5 2.04 41.06 12.2
45035 1627988112 0 7 $GNGGA,105511.000,4424.58062,N,00855.43742,E,1,12,0.9,-3.7,M,44.7,M,,*66
45036 1627988112 0 7 $GNGGA,105512.000,4424.58075,N,00855.43853,E,1,12,0.9,-3.5,M,44.7,M,,*6E
45037 1627988113 0 7 $GNGGA,105513.000,4424.58094,N,00855.43966,E,1,12,0.9,-3.4,M,44.7,M,,*66
45038 1627988114 0 3 2.55 0.00
45039 1627988114 0 4 2.54 1.65
45040 1627988114 0 5 0.03
45041 1627988115 0 6 0.09
45042 1627988115 0 8 4.98 12.33 11.87
45043 1627988115 0 1 3.570
45044 1627988115 0 0 26.66 8.20 161.8 61.19 106.5 6.56 172.9 17.2 181.9 2.05 41.07 12.2
45045 1627988115 0 7 $GNGGA,105514.000,4424.58116,N,00855.44070,E,1,12,0.9,-3.1,M,44.7,M,,*66
45046 1627988115 0 7 $GNGGA,105515.000,4424.58144,N,00855.44156,E,1,12,0.9,-2.5,M,44.7,M,,*60
45047 1627988116 0 7 $GNGGA,105516.000,4424.58159,N,00855.44251,E,1,12,0.9,-2.0,M,44.7,M,,*6E
45048 1627988117 0 3 2.55 0.00
45049 1627988117 0 4 2.54 1.65
45050 1627988117 0 5 0.03
45051 1627988118 0 6 0.09
45052 1627988118 0 1 3.591
45053 1627988118 0 8 4.98 12.34 11.89
45054 1627988118 0 0 26.63 8.20 161.8 61.25 106.5 6.56 173.0 17.2 182.6 2.06 41.11 12.1
45055 1627988118 0 7 $GNGGA,105517.000,4424.58162,N,00855.44360,E,1,12,0.9,-1.7,M,44.7,M,,*60
45056 1627988118 0 7 $GNGGA,105518.000,4424.58158,N,00855.44475,E,1,12,0.9,-1.3,M,44.7,M,,*61
45057 1627988119 0 7 $GNGGA,105519.000,4424.58146,N,00855.44578,E,1,12,0.9,-1.0,M,44.7,M,,*60
45058 1627988120 0 3 2.55 0.00
45059 1627988120 0 4 2.54 1.65
45060 1627988120 0 5 0.03
45061 1627988121 0 6 0.09
45062 1627988121 0 8 4.98 12.34 11.89
45063 1627988121 0 1 3.702
45064 1627988121 0 0 26.66 8.20 161.8 61.23 106.5 6.56 172.8 17.2 182.1 2.05 41.10 12.1
45065 1627988121 0 7 $GNGGA,105520.000,4424.58120,N,00855.44677,E,1,12,0.9,-0.8,M,44.7,M,,*6F
45066 1627988121 0 7 $GNGGA,105521.000,4424.58115,N,00855.44777,E,1,12,0.9,-0.7,M,44.7,M,,*66
45067 1627988122 0 7 $GNGGA,105522.000,4424.58136,N,00855.44883,E,1,12,0.9,-0.7,M,44.7,M,,*60
45068 1627988123 0 3 2.55 0.00
45069 1627988123 0 4 2.54 1.65
45070 1627988123 0 5 0.03
45071 1627988124 0 6 0.10
45072 1627988124 0 1 3.802
45073 1627988124 0 8 4.98 12.37 11.89
45074 1627988124 0 0 26.68 8.20 161.7 61.28 106.4 6.56 172.7 17.3 181.9 2.05 41.14 12.2
45075 1627988124 0 7 $GNGGA,105523.000,4424.58176,N,00855.44999,E,1,12,0.9,-0.2,M,44.7,M,,*6A
45076 1627988124 0 7 $GNGGA,105524.000,4424.58210,N,00855.45107,E,1,12,0.9,0.5,M,44.7,M,,*4A
45077 1627988125 0 7 $GNGGA,105525.000,4424.58243,N,00855.45195,E,1,12,0.9,1.1,M,44.7,M,,*43
45078 1627988126 0 3 2.55 0.00
45079 1627988126 0 4 2.54 1.65
45080 1627988126 0 5 0.03
45081 1627988127 0 6 0.09
45082 1627988127 0 8 4.98 12.34 11.89
45083 1627988127 0 1 3.814
45084 1627988127 0 0 26.67 8.20 161.7 61.29 106.5 6.56 172.9 17.3 182.4 2.06 41.15 12.3
45085 1627988127 0 7 $GNGGA,105526.000,4424.58268,N,00855.45278,E,1,12,0.9,1.6,M,44.7,M,,*4E
45086 1627988127 0 7 $GNGGA,105527.000,4424.58266,N,00855.45359,E,1,12,0.9,1.7,M,44.7,M,,*42
45087 1627988128 0 7 $GNGGA,105528.000,4424.58229,N,00855.45435,E,1,12,0.9,1.8,M,44.7,M,,*44
45088 1627988129 0 3 2.55 0.00
45089 1627988129 0 4 2.54 1.65
45090 1627988129 0 5 0.03
45091 1627988130 0 6 0.09
45092 1627988130 0 1 3.839
45093 1627988130 0 8 4.98 12.38 11.89
45094 1627988130 0 7 $GNGGA,105529.000,4424.58189,N,00855.45519,E,1,12,0.9,1.6,M,44.7,M,,*4D
45095 1627988130 0 2 0.05860000 2.99090003 1.55959997 0.02300000 2.72909998 0.00450000 0.05420000 0.25979998 1.00000000 88.26799774
45096 1627988130 0 0 26.69 8.20 161.7 61.24 106.5 6.56 172.8 17.3 182.1 2.04 41.11 12.3
45097 1627988130 0 7 $GNGGA,105530.000,4424.58167,N,00855.45616,E,1,12,0.9,1.7,M,44.7,M,,*48
45098 1627988131 0 7 $GNGGA,105531.000,4424.58160,N,00855.45704,E,1,12,0.9,1.7,M,44.7,M,,*4C
45099 1627988132 0 3 2.55 0.00
45100 1627988132 0 4 2.54 1.66
45101 1627988133 0 5 0.03
45102 1627988133 0 6 0.09
45103 1627988133 0 8 4.98 12.33 11.89
45104 1627988133 0 1 3.832
45105 1627988133 0 0 26.68 8.20 161.6 61.25 106.5 6.56 172.8 17.3 182.6 2.03 41.11 12.4
45106 1627988133 0 7 $GNGGA,105532.000,4424.58156,N,00855.45797,E,1,12,0.9,1.7,M,44.7,M,,*40
45107 1627988133 0 7 $GNGGA,105533.000,4424.58170,N,00855.45874,E,1,12,0.9,1.8,M,44.7,M,,*48
45108 1627988134 0 7 $GNGGA,105534.000,4424.58188,N,00855.45945,E,1,12,0.9,1.7,M,44.7,M,,*44
45109 1627988135 0 3 2.55 0.00
45110 1627988135 0 4 2.54 1.66
45111 1627988135 0 5 0.03
45112 1627988136 0 6 0.09
45113 1627988136 0 1 4.514
45114 1627988136 0 8 4.98 12.37 11.89
45115 1627988136 0 0 26.67 8.20 161.7 61.25 106.6 6.57 173.2 17.3 182.8 2.02 41.11 12.3
45116 1627988136 0 7 $GNGGA,105535.000,4424.58205,N,00855.46003,E,1,12,0.9,1.5,M,44.7,M,,*49
45117 1627988136 0 7 $GNGGA,105536.000,4424.58204,N,00855.46092,E,1,12,0.9,1.6,M,44.7,M,,*40
45118 1627988137 0 7 $GNGGA,105537.000,4424.58177,N,00855.46188,E,1,12,0.9,1.5,M,44.7,M,,*4F
45119 1627988138 0 3 2.55 0.00
45120 1627988138 0 4 2.54 1.66
45121 1627988138 0 5 0.03
45122 1627988139 0 6 0.09
45123 1627988139 0 1 4.160
45124 1627988139 0 8 4.98 12.34 11.89
45125 1627988139 0 0 26.66 8.20 161.7 61.19 106.6 6.57 173.1 17.2 183.0 2.05 41.07 12.1
45126 1627988139 0 7 $GNGGA,105538.000,4424.58152,N,00855.46279,E,1,12,0.9,1.3,M,44.7,M,,*4C
45127 1627988139 0 7 $GNGGA,105539.000,4424.58133,N,00855.46376,E,1,12,0.9,1.1,M,44.7,M,,*46
45128 1627988140 0 7 $GNGGA,105540.000,4424.58125,N,00855.46475,E,1,12,0.9,0.7,M,44.7,M,,*4C
45129 1627988141 0 3 2.55 0.00
45130 1627988141 0 4 2.54 1.66
45131 1627988141 0 5 0.03
45132 1627988142 0 6 0.10
45133 1627988142 0 8 4.98 12.34 11.89
45134 1627988142 0 1 3.952
45135 1627988142 0 0 26.68 8.19 161.8 61.13 106.7 6.57 173.0 17.3 182.7 2.07 41.02 12.1
45136 1627988142 0 7 $GNGGA,105541.000,4424.58125,N,00855.46565,E,1,12,0.9,0.9,M,44.7,M,,*43
45137 1627988142 0 7 $GNGGA,105542.000,4424.58124,N,00855.46666,E,1,12,0.9,0.7,M,44.7,M,,*4F
45138 1627988143 0 7 $GNGGA,105543.000,4424.58128,N,00855.46766,E,1,12,0.9,0.6,M,44.7,M,,*42
45139 1627988144 0 3 2.55 0.00
45140 1627988144 0 4 2.54 1.66
45141 1627988144 0 5 0.03
45142 1627988145 0 6 0.09
45143 1627988145 0 1 4.169
45144 1627988145 0 8 4.98 12.34 11.89
45145 1627988145 0 0 26.65 8.20 161.7 61.22 106.7 6.58 173.3 17.2 183.0 2.05 41.09 12.2
45146 1627988145 0 7 $GNGGA,105544.000,4424.58130,N,00855.46853,E,1,12,0.9,0.5,M,44.7,M,,*46
45147 1627988145 0 7 $GNGGA,105545.000,4424.58127,N,00855.46932,E,1,12,0.9,0.4,M,44.7,M,,*46
45148 1627988146 0 7 $GNGGA,105546.000,4424.58106,N,00855.47023,E,1,12,0.9,0.3,M,44.7,M,,*49
45149 1627988147 0 3 2.55 0.00
45150 1627988147 0 4 2.54 1.65
45151 1627988147 0 5 0.03
45152 1627988148 0 6 0.09
45153 1627988148 0 8 4.98 12.33 11.89
45154 1627988148 0 1 4.523
45155 1627988148 0 0 26.64 8.19 161.7 61.16 106.7 6.58 173.3 17.2 183.9 2.07 41.04 12.0
45156 1627988148 0 7 $GNGGA,105547.000,4424.58062,N,00855.47118,E,1,12,0.9,0.5,M,44.7,M,,*44
45157 1627988148 0 7 $GNGGA,105548.000,4424.58029,N,00855.47227,E,1,12,0.9,0.8,M,44.7,M,,*46
45158 1627988149 0 7 $GNGGA,105549.000,4424.58026,N,00855.47322,E,1,12,0.9,1.3,M,44.7,M,,*46
45159 1627988150 0 3 2.55 0.00
45160 1627988150 0 4 2.54 1.66
45161 1627988150 0 5 0.03
45162 1627988151 0 6 0.09
45163 1627988151 0 1 4.229
45164 1627988151 0 8 4.98 12.37 11.89
45165 1627988151 0 0 26.64 8.19 161.7 61.14 106.8 6.58 173.2 17.2 183.4 2.07 41.03 12.0
45166 1627988151 0 7 $GNGGA,105550.000,4424.58039,N,00855.47399,E,1,12,0.9,2.0,M,44.7,M,,*40
45167 1627988151 0 7 $GNGGA,105551.000,4424.58050,N,00855.47487,E,1,12,0.9,2.5,M,44.7,M,,*43
45168 1627988152 0 7 $GNGGA,105552.000,4424.58034,N,00855.47574,E,1,12,0.9,2.8,M,44.7,M,,*42
45169 1627988153 0 3 2.55 0.00
45170 1627988153 0 4 2.54 1.66
45171 1627988153 0 5 0.03
45172 1627988154 0 6 0.09
45173 1627988154 0 8 4.98 12.34 11.89
45174 1627988154 0 1 4.339
45175 1627988154 0 0 26.64 8.19 161.8 61.16 106.8 6.59 173.4 17.2 183.3 2.08 41.05 11.9
45176 1627988154 0 7 $GNGGA,105553.000,4424.58017,N,00855.47665,E,1,12,0.9,2.4,M,44.7,M,,*4D
45177 1627988154 0 7 $GNGGA,105554.000,4424.58000,N,00855.47763,E,1,12,0.9,2.6,M,44.7,M,,*49
45178 1627988155 0 7 $GNGGA,105555.000,4424.57991,N,00855.47864,E,1,12,0.9,3.0,M,44.7,M,,*49
45179 1627988156 0 3 2.55 0.00
45180 1627988156 0 4 2.54 1.66
45181 1627988156 0 5 0.03
45182 1627988157 0 6 0.09
45183 1627988157 0 1 4.652
45184 1627988157 0 8 4.98 12.37 11.89
45185 1627988157 0 0 26.64 8.19 161.8 61.20 106.7 6.58 173.4 17.2 183.6 2.07 41.08 11.9
45186 1627988157 0 7 $GNGGA,105556.000,4424.57993,N,00855.47963,E,1,12,0.9,3.0,M,44.7,M,,*4E
45187 1627988157 0 7 $GNGGA,105557.000,4424.57981,N,00855.48064,E,1,12,0.9,3.3,M,44.7,M,,*4E
45188 1627988158 0 7 $GNGGA,105558.000,4424.57969,N,00855.48164,E,1,12,0.9,3.6,M,44.7,M,,*43
45189 1627988159 0 3 2.55 0.00
45190 1627988159 0 4 2.54 1.66
45191 1627988159 0 5 0.03
45192 1627988160 0 6 0.09
45193 1627988160 0 8 4.98 12.34 11.89
45194 1627988160 0 1 4.574
45195 1627988160 0 0 26.64 8.19 161.8 61.19 106.7 6.58 173.2 17.2 183.5 2.07 41.07 11.9
45196 1627988160 0 7 $GNGGA,105559.000,4424.57968,N,00855.48266,E,1,12,0.9,4.0,M,44.7,M,,*43
45197 1627988160 0 7 $GNGGA,105600.000,4424.57966,N,00855.48362,E,1,12,0.9,4.5,M,44.7,M,,*42
45198 1627988161 0 7 $GNGGA,105601.000,4424.57967,N,00855.48451,E,1,12,0.9,4.8,M,44.7,M,,*48
45199 1627988162 0 3 2.55 0.00
45200 1627988162 0 4 2.54 1.70
45201 1627988162 0 5 0.03
45202 1627988163 0 6 0.09
45203 1627988163 0 1 4.842
45204 1627988163 0 8 4.98 12.37 11.89
45205 1627988163 0 0 26.65 8.19 161.7 61.25 106.7 6.57 173.2 17.2 183.4 2.06 41.11 11.9
45206 1627988163 0 7 $GNGGA,105602.000,4424.57959,N,00855.48535,E,1,12,0.9,5.0,M,44.7,M,,*4C
45207 1627988163 0 7 $GNGGA,105603.000,4424.57944,N,00855.48636,E,1,12,0.9,5.2,M,44.7,M,,*43
45208 1627988164 0 7 $GNGGA,105604.000,4424.57917,N,00855.48750,E,1,12,0.9,5.2,M,44.7,M,,*43
45209 1627988165 0 3 2.55 0.00
45210 1627988165 0 4 2.54 1.68
45211 1627988165 0 5 0.03
45212 1627988166 0 6 0.09
45213 1627988166 0 1 4.235
45214 1627988166 0 8 4.98 12.34 11.89
45215 1627988166 0 0 26.67 8.19 161.7 61.22 106.6 6.57 173.2 17.3 183.7 2.05 41.09 12.0
45216 1627988166 0 7 $GNGGA,105605.000,4424.57901,N,00855.48857,E,1,12,0.9,5.4,M,44.7,M,,*4B
45217 1627988166 0 7 $GNGGA,105606.000,4424.57891,N,00855.48957,E,1,12,0.9,5.4,M,44.7,M,,*41
45218 1627988167 0 7 $GNGGA,105607.000,4424.57880,N,00855.49059,E,1,12,0.9,5.5,M,44.7,M,,*47
45219 1627988168 0 3 2.55 0.00
45220 1627988168 0 4 2.54 1.68
45221 1627988168 0 5 0.03
45222 1627988169 0 6 0.09
45223 1627988169 0 8 4.98 12.34 11.89
45224 1627988169 0 1 4.193
45225 1627988169 0 0 26.68 8.19 161.8 61.14 106.5 6.56 172.7 17.3 184.0 2.04 41.03 11.8
45226 1627988169 0 7 $GNGGA,105608.000,4424.57882,N,00855.49151,E,1,12,0.9,5.4,M,44.7,M,,*42
45227 1627988169 0 7 $GNGGA,105609.000,4424.57884,N,00855.49252,E,1,12,0.9,5.3,M,44.7,M,,*42
45228 1627988170 0 7 $GNGGA,105610.000,4424.57888,N,00855.49348,E,1,12,0.9,4.8,M,44.7,M,,*46
45229 1627988171 0 3 2.55 0.00
45230 1627988171 0 4 2.54 1.68
45231 1627988171 0 5 0.03
45232 1627988172 0 6 0.09
45233 1627988172 0 1 4.378
45234 1627988172 0 8 4.98 12.34 11.89
45235 1627988172 0 0 26.66 8.19 161.8 61.13 106.4 6.56 173.3 17.2 183.7 2.02 41.02 11.9
45236 1627988172 0 7 $GNGGA,105611.000,4424.57898,N,00855.49435,E,1,12,0.9,4.2,M,44.7,M,,*41
45237 1627988172 0 7 $GNGGA,105612.000,4424.57910,N,00855.49522,E,1,12,0.9,3.6,M,44.7,M,,*47
45238 1627988173 0 7 $GNGGA,105613.000,4424.57927,N,00855.49602,E,1,12,0.9,3.1,M,44.7,M,,*44
45239 1627988174 0 3 2.55 0.00
45240 1627988174 0 4 2.54 1.68
45241 1627988174 0 5 0.03
45242 1627988175 0 6 0.09
45243 1627988175 0 8 4.98 12.34 11.91
45244 1627988175 0 1 4.239
45245 1627988175 0 0 26.66 8.18 161.7 61.19 106.3 6.55 173.4 17.2 183.5 2.02 41.07 11.8
45246 1627988175 0 7 $GNGGA,105614.000,4424.57949,N,00855.49667,E,1,12,0.9,2.9,M,44.7,M,,*41
45247 1627988175 0 7 $GNGGA,105615.000,4424.57971,N,00855.49740,E,1,12,0.9,2.7,M,44.7,M,,*41
45248 1627988176 0 7 $GNGGA,105616.000,4424.57988,N,00855.49805,E,1,12,0.9,2.4,M,44.7,M,,*49
45249 1627988177 0 3 2.55 0.00
45250 1627988177 0 4 2.54 1.68
45251 1627988177 0 5 0.03
45252 1627988178 0 6 0.09
45253 1627988178 0 1 3.781
45254 1627988178 0 8 4.98 12.37 11.89
45255 1627988178 0 0 26.69 8.18 161.8 61.11 106.2 6.54 173.1 17.3 183.7 2.02 41.00 11.8
45256 1627988178 0 7 $GNGGA,105617.000,4424.57995,N,00855.49879,E,1,12,0.9,2.1,M,44.7,M,,*4A
45257 1627988178 0 7 $GNGGA,105618.000,4424.57986,N,00855.49967,E,1,12,0.9,1.9,M,44.7,M,,*42
45258 1627988179 0 7 $GNGGA,105619.000,4424.57971,N,00855.50062,E,1,12,0.9,1.9,M,44.7,M,,*4F
45259 1627988180 0 3 2.55 0.00
45260 1627988180 0 4 2.54 1.71
45261 1627988180 0 5 0.03
45262 1627988181 0 6 0.09
45263 1627988181 0 8 4.98 12.34 11.89
45264 1627988181 0 1 3.755
45265 1627988181 0 0 26.68 8.18 161.7 61.13 106.0 6.53 173.3 17.3 183.8 2.02 41.02 11.8
45266 1627988181 0 7 $GNGGA,105620.000,4424.57978,N,00855.50148,E,1,12,0.9,1.8,M,44.7,M,,*44
45267 1627988181 0 7 $GNGGA,105621.000,4424.58005,N,00855.50232,E,1,12,0.9,1.5,M,44.7,M,,*4A
45268 1627988182 0 7 $GNGGA,105622.000,4424.58014,N,00855.50329,E,1,12,0.9,1.0,M,44.7,M,,*47
45269 1627988183 0 3 2.55 0.00
45270 1627988183 0 4 2.54 1.74
45271 1627988183 0 5 0.03
45272 1627988184 0 6 0.09
45273 1627988184 0 1 3.788
45274 1627988184 0 8 4.98 12.37 11.89
45275 1627988184 0 0 26.67 8.18 161.7 61.16 105.8 6.52 173.3 17.2 184.4 2.01 41.04 11.8
45276 1627988184 0 7 $GNGGA,105623.000,4424.58010,N,00855.50444,E,1,12,0.9,0.7,M,44.7,M,,*48
45277 1627988184 0 7 $GNGGA,105624.000,4424.58028,N,00855.50535,E,1,12,0.9,0.5,M,44.7,M,,*41
45278 1627988185 0 7 $GNGGA,105625.000,4424.58050,N,00855.50609,E,1,12,0.9,0.4,M,44.7,M,,*42
45279 1627988186 0 3 2.55 0.00
45280 1627988186 0 4 2.54 1.73
45281 1627988186 0 5 0.03
45282 1627988187 0 6 0.09
45283 1627988187 0 8 4.98 12.33 11.89
45284 1627988187 0 1 3.716
45285 1627988187 0 0 26.67 8.19 161.7 61.20 105.6 6.51 173.6 17.2 184.2 2.01 41.07 11.9
45286 1627988187 0 7 $GNGGA,105626.000,4424.58068,N,00855.50671,E,1,12,0.9,0.8,M,44.7,M,,*49
45287 1627988187 0 7 $GNGGA,105627.000,4424.58071,N,00855.50739,E,1,12,0.9,1.0,M,44.7,M,,*44
45288 1627988188 0 7 $GNGGA,105628.000,4424.58063,N,00855.50825,E,1,12,0.9,1.0,M,44.7,M,,*4A
45289 1627988189 0 3 2.55 0.00
45290 1627988189 0 4 2.54 1.73
45291 1627988189 0 5 0.03
45292 1627988190 0 6 0.09
45293 1627988190 0 1 4.133
45294 1627988190 0 8 4.98 12.38 11.89
45295 1627988190 0 0 26.65 8.18 161.7 61.09 105.4 6.50 173.6 17.2 184.1 2.01 40.99 11.8
45296 1627988190 0 7 $GNGGA,105629.000,4424.58071,N,00855.50908,E,1,12,0.9,0.9,M,44.7,M,,*4E
45297 1627988190 0 7 $GNGGA,105630.000,4424.58097,N,00855.50995,E,1,12,0.9,0.5,M,44.7,M,,*46
45298 1627988191 0 7 $GNGGA,105631.000,4424.58115,N,00855.51083,E,1,12,0.9,0.8,M,44.7,M,,*4E
45299 1627988192 0 3 2.55 0.00
45300 1627988192 0 4 2.54 1.73
45301 1627988192 0 5 0.03
45302 1627988193 0 6 0.09
45303 1627988193 0 1 3.712
45304 1627988193 0 8 4.98 12.20 11.89
45305 1627988193 0 0 26.65 8.19 161.7 61.20 105.3 6.49 173.5 17.2 184.1 1.85 41.07 11.9
45306 1627988193 0 7 $GNGGA,105632.000,4424.58124,N,00855.51177,E,1,12,0.9,0.9,M,44.7,M,,*44
45307 1627988193 0 7 $GNGGA,105633.000,4424.58126,N,00855.51267,E,1,12,0.9,0.7,M,44.7,M,,*4B
45308 1627988194 0 7 $GNGGA,105634.000,4424.58114,N,00855.51364,E,1,12,0.9,0.5,M,44.7,M,,*4D
45309 1627988195 0 3 2.55 0.00
45310 1627988195 0 4 2.53 1.73
45311 1627988195 0 5 0.03
45312 1627988196 0 6 0.09
45313 1627988196 0 8 4.98 12.34 11.89
45314 1627988196 0 1 3.626
45315 1627988196 0 0 26.66 8.18 161.7 61.12 105.0 6.48 173.5 17.2 184.1 1.53 41.01 11.8
45316 1627988196 0 7 $GNGGA,105635.000,4424.58098,N,00855.51483,E,1,12,0.9,0.6,M,44.7,M,,*44
45317 1627988196 0 7 $GNGGA,105636.000,4424.58085,N,00855.51592,E,1,12,0.9,0.3,M,44.7,M,,*4F
45318 1627988197 0 7 $GNGGA,105637.000,4424.58072,N,00855.51683,E,1,12,0.9,0.5,M,44.7,M,,*43
45319 1627988198 0 3 2.55 0.00
45320 1627988198 0 4 2.53 1.73
45321 1627988198 0 5 0.03
45322 1627988199 0 6 0.08
45323 1627988199 0 1 3.695
45324 1627988199 0 8 4.98 12.34 11.82
45325 1627988199 0 0 26.64 8.18 161.7 61.23 104.7 6.45 173.7 17.2 184.2 1.50 41.10 11.8
45326 1627988199 0 7 $GNGGA,105638.000,4424.58068,N,00855.51758,E,1,12,0.9,0.7,M,44.7,M,,*42
45327 1627988199 0 7 $GNGGA,105639.000,4424.58056,N,00855.51838,E,1,12,0.9,1.0,M,44.7,M,,*41
45328 1627988200 0 7 $GNGGA,105640.000,4424.58030,N,00855.51901,E,1,12,0.9,1.2,M,44.7,M,,*46
45329 1627988201 0 3 2.55 0.00
45330 1627988201 0 4 2.54 1.73
45331 1627988201 0 5 0.03
45332 1627988202 0 6 0.09
45333 1627988202 0 8 4.97 12.18 11.87
45334 1627988202 0 1 3.605
45335 1627988202 0 0 26.66 8.18 161.7 61.17 104.3 6.43 173.5 17.2 183.5 1.50 41.05 11.7
45336 1627988202 0 7 $GNGGA,105641.000,4424.58007,N,00855.51977,E,1,12,0.9,1.3,M,44.7,M,,*43
45337 1627988202 0 7 $GNGGA,105642.000,4424.57980,N,00855.52063,E,1,12,0.9,1.7,M,44.7,M,,*42
45338 1627988203 0 7 $GNGGA,105643.000,4424.57980,N,00855.52148,E,1,12,0.9,1.8,M,44.7,M,,*44
45339 1627988204 0 3 2.55 0.00
45340 1627988204 0 4 2.53 1.73
45341 1627988204 0 5 0.03
45342 1627988205 0 6 0.09
45343 1627988205 0 1 3.471
45344 1627988205 0 8 4.98 12.37 11.89
45345 1627988205 0 0 26.67 8.18 161.7 61.14 104.0 6.41 173.6 17.2 183.8 1.47 41.03 11.7
45346 1627988205 0 7 $GNGGA,105644.000,4424.57987,N,00855.52237,E,1,12,0.9,1.5,M,44.7,M,,*42
45347 1627988205 0 7 $GNGGA,105645.000,4424.57987,N,00855.52318,E,1,12,0.9,1.5,M,44.7,M,,*4F
45348 1627988206 0 7 $GNGGA,105646.000,4424.57985,N,00855.52390,E,1,12,0.9,1.5,M,44.7,M,,*4E
45349 1627988207 0 3 2.55 0.00
45350 1627988207 0 4 2.53 1.73
45351 1627988207 0 5 0.03
45352 1627988208 0 6 0.09
45353 1627988208 0 8 4.98 12.19 11.87
45354 1627988208 0 1 3.454
45355 1627988208 0 0 26.68 8.18 161.6 61.14 103.6 6.38 173.7 17.3 183.4 1.44 41.03 11.8
45356 1627988208 0 7 $GNGGA,105647.000,4424.57994,N,00855.52471,E,1,12,0.9,1.6,M,44.7,M,,*44
45357 1627988208 0 7 $GNGGA,105648.000,4424.57993,N,00855.52531,E,1,12,0.9,2.1,M,44.7,M,,*4D
45358 1627988209 0 7 $GNGGA,105649.000,4424.57980,N,00855.52580,E,1,12,0.9,2.7,M,44.7,M,,*42
45359 1627988210 0 3 2.55 0.00
45360 1627988210 0 4 2.53 1.73
45361 1627988210 0 5 0.03
45362 1627988211 0 6 0.08
45363 1627988211 0 1 3.586
45364 1627988211 0 8 4.98 12.21 11.89
45365 1627988211 0 0 26.68 8.18 161.7 61.19 103.4 6.37 173.2 17.2 183.9 1.43 41.07 11.6
45366 1627988211 0 7 $GNGGA,105650.000,4424.57956,N,00855.52646,E,1,12,0.9,3.2,M,44.7,M,,*4C
45367 1627988211 0 7 $GNGGA,105651.000,4424.57935,N,00855.52719,E,1,12,0.9,3.8,M,44.7,M,,*49
45368 1627988212 0 7 $GNGGA,105652.000,4424.57930,N,00855.52775,E,1,12,0.9,4.3,M,44.7,M,,*49
45369 1627988213 0 3 2.55 0.00
45370 1627988213 0 4 2.53 1.73
45371 1627988213 0 5 0.03
45372 1627988214 0 6 0.08
45373 1627988214 0 8 4.98 12.33 11.89
45374 1627988214 0 1 3.535
45375 1627988214 0 0 26.66 8.18 161.7 61.19 103.2 6.36 173.5 17.2 184.4 1.46 41.07 11.6
45376 1627988214 0 7 $GNGGA,105653.000,4424.57925,N,00855.52846,E,1,12,0.9,4.6,M,44.7,M,,*46
45377 1627988214 0 7 $GNGGA,105654.000,4424.57932,N,00855.52936,E,1,12,0.9,5.0,M,44.7,M,,*46
45378 1627988215 0 7 $GNGGA,105655.000,4424.57938,N,00855.53016,E,1,12,0.9,5.4,M,44.7,M,,*43
45379 1627988216 0 3 2.55 0.00
45380 1627988216 0 4 2.53 1.73
45381 1627988216 0 5 0.03
45382 1627988217 0 6 0.09
45383 1627988217 0 1 4.152
45384 1627988217 0 8 4.98 12.37 11.89
45385 1627988217 0 0 26.66 8.17 161.6 61.14 102.9 6.34 173.7 17.2 183.4 1.47 41.03 11.6
45386 1627988217 0 7 $GNGGA,105656.000,4424.57940,N,00855.53099,E,1,12,0.9,5.6,M,44.7,M,,*4A
45387 1627988217 0 7 $GNGGA,105657.000,4424.57952,N,00855.53188,E,1,12,0.9,5.5,M,44.7,M,,*4A
45388 1627988218 0 7 $GNGGA,105658.000,4424.57955,N,00855.53276,E,1,12,0.9,5.6,M,44.7,M,,*43
45389 1627988219 0 3 2.55 0.00
45390 1627988219 0 4 2.53 1.73
45391 1627988219 0 5 0.03
45392 1627988220 0 6 0.10
45393 1627988220 0 1 3.251
45394 1627988220 0 8 4.98 12.34 11.89
45395 1627988220 0 0 26.70 8.17 161.6 61.16 102.7 6.32 173.0 17.2 182.8 1.47 41.05 11.6
45396 1627988220 0 7 $GNGGA,105659.000,4424.57961,N,00855.53370,E,1,12,0.9,5.8,M,44.7,M,,*4C
45397 1627988220 0 7 $GNGGA,105700.000,4424.57969,N,00855.53462,E,1,12,0.9,5.8,M,44.7,M,,*4D
45398 1627988221 0 7 $GNGGA,105701.000,4424.57966,N,00855.53548,E,1,12,0.9,5.8,M,44.7,M,,*4A
45399 1627988222 0 3 2.55 0.00
45400 1627988222 0 4 2.53 1.73
45401 1627988222 0 5 0.03
45402 1627988223 0 6 0.10
45403 1627988223 0 8 4.98 12.30 11.89
45404 1627988223 0 1 3.344
45405 1627988223 0 0 26.71 8.17 161.6 61.21 102.4 6.30 173.3 17.3 183.6 1.44 41.08 11.5
45406 1627988223 0 7 $GNGGA,105702.000,4424.57960,N,00855.53643,E,1,12,0.9,5.4,M,44.7,M,,*4B
45407 1627988223 0 7 $GNGGA,105703.000,4424.57959,N,00855.53741,E,1,12,0.9,5.4,M,44.7,M,,*43
45408 1627988224 0 7 $GNGGA,105704.000,4424.57960,N,00855.53842,E,1,12,0.9,5.3,M,44.7,M,,*45
45409 1627988225 0 3 2.55 0.00
45410 1627988225 0 4 2.53 1.73
45411 1627988225 0 5 0.03
45412 1627988226 0 6 0.10
45413 1627988226 0 1 3.296
45414 1627988226 0 8 4.98 12.31 11.89
45415 1627988226 0 0 26.69 8.17 161.6 61.20 102.1 6.29 173.5 17.2 184.2 1.44 41.07 11.6
45416 1627988226 0 7 $GNGGA,105705.000,4424.57967,N,00855.53939,E,1,12,0.9,5.4,M,44.7,M,,*49
45417 1627988226 0 7 $GNGGA,105706.000,4424.57973,N,00855.54040,E,1,12,0.9,5.1,M,44.7,M,,*4A
45418 1627988227 0 7 $GNGGA,105707.000,4424.57978,N,00855.54149,E,1,12,0.9,4.6,M,44.7,M,,*4E
45419 1627988228 0 3 2.55 0.00
45420 1627988228 0 4 2.53 1.73
45421 1627988229 0 5 0.03
45422 1627988229 0 6 0.10
45423 1627988229 0 8 4.98 12.34 11.89
45424 1627988229 0 1 3.222
45425 1627988229 0 0 26.72 8.17 161.5 61.14 101.7 6.27 173.3 17.2 183.9 1.47 41.03 11.6
45426 1627988229 0 7 $GNGGA,105708.000,4424.57982,N,00855.54263,E,1,12,0.9,4.1,M,44.7,M,,*48
45427 1627988229 0 7 $GNGGA,105709.000,4424.57986,N,00855.54374,E,1,12,0.9,3.9,M,44.7,M,,*45
45428 1627988230 0 7 $GNGGA,105710.000,4424.57984,N,00855.54486,E,1,12,0.9,3.4,M,44.7,M,,*48
45429 1627988231 0 3 2.55 0.00
45430 1627988231 0 4 2.54 1.73
45431 1627988231 0 5 0.03
45432 1627988232 0 6 0.09
45433 1627988232 0 1 3.204
45434 1627988232 0 8 4.98 12.37 11.89
45435 1627988232 0 0 26.71 8.17 161.6 61.17 101.4 6.25 173.4 17.3 184.3 1.51 41.05 11.6
45436 1627988232 0 7 $GNGGA,105711.000,4424.57984,N,00855.54601,E,1,12,0.9,2.9,M,44.7,M,,*48
45437 1627988232 0 7 $GNGGA,105712.000,4424.57996,N,00855.54721,E,1,12,0.9,2.6,M,44.7,M,,*44
45438 1627988233 0 7 $GNGGA,105713.000,4424.58001,N,00855.54823,E,1,12,0.9,2.8,M,44.7,M,,*4E
45439 1627988234 0 3 2.55 0.00
45440 1627988234 0 4 2.54 1.73
45441 1627988235 0 5 0.03
45442 1627988235 0 6 0.09
45443 1627988235 0 8 4.98 12.34 11.89
45444 1627988235 0 1 3.224
45445 1627988235 0 0 26.71 8.18 161.5 61.18 101.2 6.23 173.4 17.2 184.1 1.56 41.06 11.6
45446 1627988235 0 7 $GNGGA,105714.000,4424.58006,N,00855.54911,E,1,12,0.9,3.3,M,44.7,M,,*44
45447 1627988235 0 7 $GNGGA,105715.000,4424.58005,N,00855.55005,E,1,12,0.9,3.4,M,44.7,M,,*4C
45448 1627988236 0 7 $GNGGA,105716.000,4424.57983,N,00855.55099,E,1,12,0.9,3.5,M,44.7,M,,*43
45449 1627988237 0 3 2.55 0.00
45450 1627988237 0 4 2.54 1.73
45451 1627988238 0 5 0.03
45452 1627988238 0 6 0.09
45453 1627988238 0 1 3.517
45454 1627988238 0 8 4.98 12.38 11.89
45455 1627988238 0 0 26.71 8.18 161.5 61.20 101.0 6.22 173.6 17.3 184.2 1.59 41.08 11.7
45456 1627988238 0 7 $GNGGA,105717.000,4424.57957,N,00855.55201,E,1,12,0.9,3.5,M,44.7,M,,*48
45457 1627988238 0 7 $GNGGA,105718.000,4424.57936,N,00855.55289,E,1,12,0.9,3.6,M,44.7,M,,*43
45458 1627988239 0 7 $GNGGA,105719.000,4424.57912,N,00855.55400,E,1,12,0.9,3.3,M,44.7,M,,*46
45459 1627988240 0 3 2.55 0.00
45460 1627988240 0 4 2.54 1.75
45461 1627988241 0 5 0.03
45462 1627988241 0 6 0.09
45463 1627988241 0 8 4.98 12.35 11.89
45464 1627988241 0 1 3.365
45465 1627988241 0 0 26.71 8.18 161.5 61.22 100.9 6.21 173.8 17.2 184.5 1.64 41.09 11.7
45466 1627988241 0 7 $GNGGA,105720.000,4424.57892,N,00855.55513,E,1,12,0.9,2.8,M,44.7,M,,*4C
45467 1627988241 0 7 $GNGGA,105721.000,4424.57901,N,00855.55618,E,1,12,0.9,2.3,M,44.7,M,,*45
45468 1627988242 0 7 $GNGGA,105722.000,4424.57913,N,00855.55728,E,1,12,0.9,2.4,M,44.7,M,,*40
45469 1627988243 0 3 2.55 0.00
45470 1627988243 0 4 2.54 1.75
45471 1627988244 0 5 0.03
45472 1627988244 0 6 0.10
45473 1627988244 0 1 4.110
45474 1627988244 0 8 4.98 12.38 11.91
45475 1627988244 0 0 26.71 8.18 161.4 61.21 100.8 6.21 173.5 17.3 183.9 1.71 41.08 11.7
45476 1627988244 0 7 $GNGGA,105723.000,4424.57917,N,00855.55814,E,1,12,0.9,2.7,M,44.7,M,,*46
45477 1627988244 0 7 $GNGGA,105724.000,4424.57919,N,00855.55919,E,1,12,0.9,2.6,M,44.7,M,,*42
45478 1627988245 0 7 $GNGGA,105725.000,4424.57917,N,00855.56013,E,1,12,0.9,2.5,M,44.7,M,,*4E
45479 1627988246 0 3 2.55 0.00
45480 1627988246 0 4 2.54 1.75
45481 1627988247 0 5 0.03
45482 1627988247 0 6 0.10
45483 1627988247 0 1 3.581
45484 1627988247 0 8 4.98 12.34 11.89
45485 1627988247 0 0 26.72 8.18 161.4 61.18 100.7 6.20 173.3 17.3 184.6 1.76 41.06 11.7
45486 1627988247 0 7 $GNGGA,105726.000,4424.57914,N,00855.56104,E,1,12,0.9,2.7,M,44.7,M,,*4B
45487 1627988247 0 7 $GNGGA,105727.000,4424.57925,N,00855.56196,E,1,12,0.9,2.5,M,44.7,M,,*41
45488 1627988248 0 7 $GNGGA,105728.000,4424.57949,N,00855.56276,E,1,12,0.9,2.3,M,44.7,M,,*4F
45489 1627988249 0 3 2.55 0.00
45490 1627988249 0 4 2.54 1.75
45491 1627988250 0 5 0.03
45492 1627988250 0 6 0.13
45493 1627988250 0 8 4.98 12.34 11.89
45494 1627988250 0 1 3.723
45495 1627988250 0 2 0.07080000 3.58629989 1.52170000 0.02760000 2.69409990 0.00440000 0.05800000 0.31380000 1.00000000 87.49400329
45496 1627988250 0 0 26.71 8.18 161.4 61.18 100.6 6.20 173.4 17.3 181.2 1.70 41.06 11.8
45497 1627988250 0 7 $GNGGA,105729.000,4424.57971,N,00855.56348,E,1,12,0.9,2.2,M,44.7,M,,*48
45498 1627988250 0 7 $GNGGA,105730.000,4424.57980,N,00855.56432,E,1,12,0.9,2.1,M,44.7,M,,*47
45499 1627988251 0 7 $GNGGA,105731.000,4424.57990,N,00855.56533,E,1,12,0.9,1.9,M,44.7,M,,*4C
45500 1627988252 0 3 2.55 0.00
45501 1627988252 0 4 2.53 1.75
45502 1627988253 0 5 0.03
45503 1627988253 0 6 0.10
45504 1627988253 0 1 3.372
45505 1627988253 0 8 4.98 12.34 11.89
45506 1627988253 0 0 26.73 8.18 161.4 61.13 100.6 6.20 173.5 17.3 180.9 1.41 41.02 11.7
45507 1627988253 0 7 $GNGGA,105732.000,4424.57991,N,00855.56641,E,1,12,0.9,2.0,M,44.7,M,,*42
45508 1627988253 0 7 $GNGGA,105733.000,4424.57996,N,00855.56734,E,1,12,0.9,2.1,M,44.7,M,,*46
45509 1627988254 0 7 $GNGGA,105734.000,4424.57998,N,00855.56838,E,1,12,0.9,2.1,M,44.7,M,,*4C
45510 1627988255 0 3 2.55 0.00
45511 1627988255 0 4 2.53 1.75
45512 1627988256 0 5 0.03
45513 1627988256 0 6 0.08
45514 1627988256 0 8 4.98 12.33 11.87
45515 1627988256 0 1 3.348
45516 1627988256 0 0 26.70 8.18 161.4 61.14 100.6 6.20 173.7 17.3 181.8 1.49 41.03 11.7
45517 1627988256 0 7 $GNGGA,105735.000,4424.58009,N,00855.56945,E,1,12,0.9,1.8,M,44.7,M,,*42
45518 1627988256 0 7 $GNGGA,105736.000,4424.58025,N,00855.57038,E,1,12,0.9,1.6,M,44.7,M,,*43
45519 1627988257 0 7 $GNGGA,105737.000,4424.58040,N,00855.57118,E,1,12,0.9,1.5,M,44.7,M,,*41
45520 1627988258 0 3 2.55 0.00
45521 1627988258 0 4 2.54 1.75
45522 1627988259 0 5 0.03
45523 1627988259 0 6 0.13
45524 1627988259 0 1 3.458
45525 1627988259 0 8 4.98 12.36 11.91
45526 1627988259 0 0 26.69 8.18 161.4 61.18 100.7 6.20 173.6 17.3 182.0 1.61 41.06 11.7
45527 1627988259 0 7 $GNGGA,105738.000,4424.58053,N,00855.57170,E,1,12,0.9,1.5,M,44.7,M,,*42
45528 1627988259 0 7 $GNGGA,105739.000,4424.58059,N,00855.57212,E,1,12,0.9,1.7,M,44.7,M,,*4C
45529 1627988260 0 7 $GNGGA,105740.000,4424.58062,N,00855.57253,E,1,12,0.9,1.8,M,44.7,M,,*40
45530 1627988261 0 3 2.55 0.00
45531 1627988262 0 4 2.54 1.75
45532 1627988262 0 5 0.03
45533 1627988262 0 6 0.12
45534 1627988262 0 8 4.98 12.34 11.89
45535 1627988262 0 1 3.790
45536 1627988262 0 0 26.69 8.17 161.4 61.14 100.6 6.20 173.6 17.3 181.8 1.73 41.02 11.6
45537 1627988262 0 7 $GNGGA,105741.000,4424.58052,N,00855.57276,E,1,12,0.9,2.4,M,44.7,M,,*4A
45538 1627988262 0 7 $GNGGA,105742.000,4424.58043,N,00855.57315,E,1,12,0.9,2.8,M,44.7,M,,*41
45539 1627988263 0 7 $GNGGA,105743.000,4424.58045,N,00855.57380,E,1,12,0.9,2.7,M,44.7,M,,*45
45540 1627988264 0 3 2.55 0.00
45541 1627988264 0 4 2.54 1.75
45542 1627988265 0 5 0.03
45543 1627988265 0 6 0.12
45544 1627988265 0 1 3.980
45545 1627988265 0 8 4.98 12.38 11.89
45546 1627988265 0 0 26.75 8.17 161.4 61.14 100.8 6.21 173.0 17.3 180.1 1.82 41.03 11.6
45547 1627988265 0 7 $GNGGA,105744.000,4424.58050,N,00855.57454,E,1,12,0.9,2.7,M,44.7,M,,*48
45548 1627988265 0 7 $GNGGA,105745.000,4424.58046,N,00855.57539,E,1,12,0.9,2.8,M,44.7,M,,*4B
45549 1627988266 0 7 $GNGGA,105746.000,4424.58051,N,00855.57618,E,1,12,0.9,2.6,M,44.7,M,,*40
45550 1627988267 0 3 2.55 0.00
45551 1627988267 0 4 2.54 1.75
45552 1627988268 0 5 0.03
45553 1627988268 0 6 0.14
45554 1627988268 0 8 4.98 12.33 11.89
45555 1627988268 0 1 4.119
45556 1627988268 0 0 26.79 8.17 161.3 61.20 100.9 6.21 172.7 17.3 179.6 1.89 41.07 11.6
45557 1627988268 0 7 $GNGGA,105747.000,4424.58060,N,00855.57690,E,1,12,0.9,2.1,M,44.7,M,,*44
45558 1627988268 0 7 $GNGGA,105748.000,4424.58078,N,00855.57758,E,1,12,0.9,1.7,M,44.7,M,,*42
45559 1627988269 0 7 $GNGGA,105749.000,4424.58102,N,00855.57827,E,1,12,0.9,1.7,M,44.7,M,,*48
45560 1627988270 0 3 2.55 0.00
45561 1627988270 0 4 2.54 1.75
45562 1627988271 0 5 0.03
45563 1627988271 0 6 0.28
45564 1627988271 0 1 4.102
45565 1627988271 0 8 4.98 12.37 11.89
45566 1627988271 0 0 26.79 8.17 161.4 61.16 100.9 6.21 172.8 17.3 180.3 1.58 41.04 11.6
45567 1627988271 0 7 $GNGGA,105750.000,4424.58117,N,00855.57890,E,1,12,0.9,1.6,M,44.7,M,,*49
45568 1627988271 0 7 $GNGGA,105751.000,4424.58124,N,00855.57943,E,1,12,0.9,1.7,M,44.7,M,,*46
45569 1627988272 0 7 $GNGGA,105752.000,4424.58119,N,00855.57955,E,1,12,0.9,1.7,M,44.7,M,,*4C
45570 1627988273 0 3 2.55 0.00
45571 1627988273 0 4 2.53 1.74
45572 1627988274 0 5 0.03
45573 1627988274 0 6 -0.00
45574 1627988274 0 1 2.729
45575 1627988274 0 8 4.98 12.33 11.89
45576 1627988274 0 0 26.87 8.17 161.5 61.15 101.0 6.20 172.2 17.3 179.1 1.21 41.03 11.6
45577 1627988274 0 7 $GNGGA,105753.000,4424.58114,N,00855.57972,E,1,12,0.9,1.7,M,44.7,M,,*45
45578 1627988274 0 7 $GNGGA,105754.000,4424.58109,N,00855.57985,E,1,12,0.9,1.8,M,44.7,M,,*49
45579 1627988275 0 7 $GNGGA,105755.000,4424.58107,N,00855.58006,E,1,12,0.9,1.8,M,44.7,M,,*4B
45580 1627988276 0 3 2.55 0.00
45581 1627988276 0 4 2.53 1.75
45582 1627988277 0 5 0.03
45583 1627988277 0 6 -0.00
45584 1627988277 0 8 4.98 12.34 11.89
45585 1627988277 0 1 2.499
45586 1627988277 0 0 26.92 8.17 161.4 61.10 100.9 6.20 172.0 17.4 179.6 1.17 40.99 11.6
45587 1627988277 0 7 $GNGGA,105756.000,4424.58100,N,00855.58024,E,1,12,0.9,1.9,M,44.7,M,,*4E
45588 1627988277 0 7 $GNGGA,105757.000,4424.58108,N,00855.58091,E,1,12,0.9,1.9,M,44.7,M,,*49
45589 1627988278 0 7 $GNGGA,105758.000,4424.58106,N,00855.58154,E,1,12,0.9,2.0,M,44.7,M,,*4A
45590 1627988279 0 3 2.55 0.00
45591 1627988279 0 4 2.53 1.74
45592 1627988280 0 5 0.03
45593 1627988280 0 6 0.07
45594 1627988280 0 1 2.572
45595 1627988280 0 8 4.98 12.34 11.89
45596 1627988280 0 0 26.95 8.17 161.4 61.10 101.0 6.20 171.8 17.4 179.6 1.18 40.99 11.6
45597 1627988280 0 7 $GNGGA,105759.000,4424.58113,N,00855.58219,E,1,12,0.9,2.1,M,44.7,M,,*44
45598 1627988280 0 7 $GNGGA,105800.000,4424.58122,N,00855.58275,E,1,12,0.9,1.8,M,44.7,M,,*45
45599 1627988281 0 7 $GNGGA,105801.000,4424.58134,N,00855.58328,E,1,12,0.9,1.6,M,44.7,M,,*44
45600 1627988282 0 3 2.55 0.00
45601 1627988282 0 4 2.53 1.74
45602 1627988283 0 5 0.03
45603 1627988283 0 6 0.09
45604 1627988283 0 8 4.98 12.34 11.89
45605 1627988283 0 1 2.472
45606 1627988283 0 0 26.95 8.17 161.4 61.07 101.0 6.20 171.9 17.4 179.6 1.17 40.97 11.6
45607 1627988283 0 7 $GNGGA,105802.000,4424.58143,N,00855.58380,E,1,12,0.9,1.3,M,44.7,M,,*40
45608 1627988283 0 7 $GNGGA,105803.000,4424.58151,N,00855.58428,E,1,12,0.9,0.4,M,44.7,M,,*41
45609 1627988284 0 7 $GNGGA,105804.000,4424.58146,N,00855.58491,E,1,12,0.9,-0.1,M,44.7,M,,*6A
45610 1627988285 0 3 2.55 0.00
45611 1627988285 0 4 2.53 1.74
45612 1627988286 0 5 0.03
45613 1627988286 0 6 0.08
45614 1627988286 0 1 2.740
45615 1627988286 0 8 4.98 12.36 11.89
45616 1627988286 0 0 26.92 8.17 161.3 61.15 101.2 6.21 172.5 17.4 180.9 1.16 41.03 11.6
45617 1627988286 0 7 $GNGGA,105805.000,4424.58136,N,00855.58567,E,1,12,0.9,-1.0,M,44.7,M,,*64
45618 1627988286 0 7 $GNGGA,105806.000,4424.58136,N,00855.58622,E,1,12,0.9,-1.7,M,44.7,M,,*62
45619 1627988287 0 7 $GNGGA,105807.000,4424.58134,N,00855.58671,E,1,12,0.9,-1.9,M,44.7,M,,*69
45620 1627988288 0 3 2.55 0.00
45621 1627988288 0 4 2.53 1.74
45622 1627988289 0 5 0.03
45623 1627988289 0 6 0.06
45624 1627988289 0 8 4.98 12.34 11.89
45625 1627988289 0 1 2.918
45626 1627988289 0 0 26.89 8.17 161.4 61.14 101.2 6.21 172.9 17.4 180.9 1.17 41.03 11.7
45627 1627988289 0 7 $GNGGA,105808.000,4424.58129,N,00855.58708,E,1,12,0.9,-1.7,M,44.7,M,,*6B
45628 1627988289 0 7 $GNGGA,105809.000,4424.58133,N,00855.58746,E,1,12,0.9,-1.9,M,44.7,M,,*65
45629 1627988290 0 7 $GNGGA,105810.000,4424.58134,N,00855.58769,E,1,12,0.9,-1.9,M,44.7,M,,*67
45630 1627988291 0 3 2.55 0.00
45631 1627988291 0 4 2.53 1.73
45632 1627988292 0 5 0.03
45633 1627988292 0 6 0.07
45634 1627988292 0 1 3.435
45635 1627988292 0 8 4.98 12.37 11.89
45636 1627988292 0 0 26.88 8.17 161.3 61.13 101.1 6.21 172.8 17.4 180.9 1.16 41.02 11.6
45637 1627988292 0 7 $GNGGA,105811.000,4424.58140,N,00855.58773,E,1,12,0.9,-1.9,M,44.7,M,,*6E
45638 1627988292 0 7 $GNGGA,105812.000,4424.58142,N,00855.58773,E,1,12,0.9,-1.9,M,44.7,M,,*6F
45639 1627988293 0 7 $GNGGA,105813.000,4424.58147,N,00855.58776,E,1,12,0.9,-2.0,M,44.7,M,,*64
45640 1627988294 0 3 2.55 0.00
45641 1627988294 0 4 2.53 1.74
45642 1627988295 0 5 0.03
45643 1627988295 0 6 0.09
45644 1627988295 0 8 4.98 12.34 11.89
45645 1627988295 0 1 3.162
45646 1627988295 0 0 26.88 8.17 161.3 61.13 101.2 6.22 172.7 17.4 180.7 1.16 41.02 11.6
45647 1627988295 0 7 $GNGGA,105814.000,4424.58156,N,00855.58783,E,1,12,0.9,-2.0,M,44.7,M,,*69
45648 1627988295 0 7 $GNGGA,105815.000,4424.58148,N,00855.58807,E,1,12,0.9,-1.9,M,44.7,M,,*6E
45649 1627988296 0 7 $GNGGA,105816.000,4424.58150,N,00855.58818,E,1,12,0.9,-2.0,M,44.7,M,,*60
45650 1627988297 0 3 2.55 0.00
45651 1627988297 0 4 2.53 1.74
45652 1627988298 0 5 0.03
45653 1627988298 0 6 0.09
45654 1627988298 0 1 3.858
45655 1627988298 0 8 4.98 12.37 11.89
45656 1627988298 0 0 26.89 8.17 161.3 61.13 101.2 6.22 172.8 17.4 180.7 1.16 41.01 11.7
45657 1627988298 0 7 $GNGGA,105817.000,4424.58156,N,00855.58827,E,1,12,0.9,-2.0,M,44.7,M,,*6B
45658 1627988298 0 7 $GNGGA,105818.000,4424.58163,N,00855.58839,E,1,12,0.9,-2.0,M,44.7,M,,*6D
45659 1627988299 0 7 $GNGGA,105819.000,4424.58140,N,00855.58885,E,1,12,0.9,-1.8,M,44.7,M,,*61
45660 1627988300 0 3 2.55 0.00
45661 1627988300 0 4 2.53 1.74
45662 1627988301 0 5 0.03
45663 1627988301 0 6 0.08
45664 1627988301 0 1 3.495
45665 1627988301 0 8 4.98 12.33 11.89
45666 1627988301 0 0 26.89 8.17 161.3 61.11 101.2 6.21 173.1 17.4 180.7 1.17 41.00 11.7
45667 1627988301 0 7 $GNGGA,105820.000,4424.58128,N,00855.58933,E,1,12,0.9,-1.5,M,44.7,M,,*64
45668 1627988301 0 7 $GNGGA,105821.000,4424.58114,N,00855.58976,E,1,12,0.9,-0.9,M,44.7,M,,*66
45669 1627988302 0 7 $GNGGA,105822.000,4424.58120,N,00855.58986,E,1,12,0.9,-1.0,M,44.7,M,,*65
