/home/matrac-user/Devel/SEPG_2021-08-03/tuttomatrac/apps/build-mokupUI-Desktop_Qt_5_15_0_GCC_64bit-Release/porto_grid_0.0z.mesh
28499 1627983151 0 4 2.53 1.39
28500 1627983151 0 5 0.03
28501 1627983151 0 6 0.08
28502 1627983151 0 8 4.98 12.15 11.87
28503 1627983151 0 1 2.721
28504 1627983151 0 0 26.10 8.29 174.7 61.09 104.6 6.51 169.8 16.8 184.6 2.84 41.01 14.1
28505 1627983151 0 7 $GNGGA,093230.000,4424.32766,N,00852.43913,E,1,13,0.8,-10.7,M,44.7,M,,*5C
28506 1627983152 0 7 $GNGGA,093231.000,4424.32710,N,00852.43883,E,1,13,0.8,-11.0,M,44.7,M,,*52
28507 1627983152 0 7 $GNGGA,093232.000,4424.32659,N,00852.43866,E,1,13,0.8,-11.2,M,44.7,M,,*54
28508 1627983153 0 3 2.55 0.00
28509 1627983154 0 4 2.53 1.39
28510 1627983154 0 5 0.02
28511 1627983154 0 6 0.06
28512 1627983154 0 1 2.704
28513 1627983154 0 8 4.98 12.18 11.87
28514 1627983154 0 0 26.09 8.29 174.7 61.03 104.6 6.51 169.6 16.8 184.3 2.85 40.96 14.2
28515 1627983154 0 7 $GNGGA,093233.000,4424.32581,N,00852.43857,E,1,13,0.8,-11.7,M,44.7,M,,*54
28516 1627983155 0 7 $GNGGA,093234.000,4424.32512,N,00852.43852,E,1,13,0.8,-12.0,M,44.7,M,,*58
28517 1627983155 0 7 $GNGGA,093235.000,4424.32425,N,00852.43856,E,1,13,0.8,-12.5,M,44.7,M,,*5D
28518 1627983156 0 3 2.55 0.00
28519 1627983157 0 4 2.53 1.39
28520 1627983157 0 5 0.03
28521 1627983157 0 6 0.06
28522 1627983157 0 8 4.98 12.29 11.89
28523 1627983157 0 1 2.921
28524 1627983157 0 0 26.11 8.29 174.7 61.08 104.7 6.51 170.0 16.8 184.7 2.81 41.00 14.2
28525 1627983157 0 7 $GNGGA,093236.000,4424.32354,N,00852.43846,E,1,13,0.8,-13.0,M,44.7,M,,*5A
28526 1627983158 0 7 $GNGGA,093237.000,4424.32296,N,00852.43817,E,1,13,0.8,-13.6,M,44.7,M,,*56
28527 1627983159 0 7 $GNGGA,093238.000,4424.32233,N,00852.43802,E,1,13,0.8,-14.1,M,44.7,M,,*52
28528 1627983159 0 3 2.55 0.00
28529 1627983160 0 4 2.53 1.39
28530 1627983160 0 5 0.03
28531 1627983160 0 6 0.07
28532 1627983160 0 1 3.151
28533 1627983160 0 8 4.97 12.18 11.87
28534 1627983160 0 0 26.09 8.28 174.7 61.11 104.7 6.52 170.4 16.8 184.9 2.81 41.03 14.0
28535 1627983160 0 7 $GNGGA,093239.000,4424.32174,N,00852.43793,E,1,13,0.8,-14.5,M,44.7,M,,*50
28536 1627983161 0 7 $GNGGA,093240.000,4424.32119,N,00852.43796,E,1,13,0.8,-14.9,M,44.7,M,,*5C
28537 1627983162 0 7 $GNGGA,093241.000,4424.32072,N,00852.43782,E,1,13,0.8,-15.0,M,44.7,M,,*5C
28538 1627983162 0 3 2.55 0.00
28539 1627983163 0 4 2.53 1.39
28540 1627983163 0 5 0.03
28541 1627983163 0 6 0.10
28542 1627983163 0 8 4.98 12.30 11.89
28543 1627983163 0 1 2.702
28544 1627983163 0 0 26.09 8.29 174.6 61.00 104.7 6.52 169.7 16.8 184.6 2.88 40.94 14.2
28545 1627983163 0 7 $GNGGA,093242.000,4424.32001,N,00852.43774,E,1,13,0.8,-15.1,M,44.7,M,,*53
28546 1627983164 0 7 $GNGGA,093243.000,4424.31929,N,00852.43769,E,1,13,0.8,-15.1,M,44.7,M,,*5E
28547 1627983165 0 7 $GNGGA,093244.000,4424.31871,N,00852.43758,E,1,13,0.8,-15.2,M,44.7,M,,*54
28548 1627983165 0 3 2.55 0.00
28549 1627983166 0 4 2.53 1.39
28550 1627983166 0 5 0.03
28551 1627983166 0 6 0.09
28552 1627983166 0 1 3.560
28553 1627983166 0 8 4.98 12.33 11.84
28554 1627983166 0 0 26.09 8.29 174.6 61.03 104.7 6.52 169.7 16.8 184.5 2.85 40.96 14.2
28555 1627983166 0 7 $GNGGA,093245.000,4424.31816,N,00852.43749,E,1,13,0.8,-15.2,M,44.7,M,,*54
28556 1627983167 0 7 $GNGGA,093246.000,4424.31773,N,00852.43742,E,1,13,0.8,-15.0,M,44.7,M,,*52
28557 1627983168 0 7 $GNGGA,093247.000,4424.31729,N,00852.43749,E,1,13,0.8,-14.9,M,44.7,M,,*5F
28558 1627983168 0 3 2.55 0.00
28559 1627983169 0 4 2.53 1.39
28560 1627983169 0 5 0.02
28561 1627983169 0 6 0.06
28562 1627983169 0 1 3.043
28563 1627983169 0 8 4.98 12.14 11.87
28564 1627983169 0 0 26.11 8.29 174.6 61.12 104.7 6.51 169.6 16.8 184.6 2.82 41.03 14.2
28565 1627983169 0 7 $GNGGA,093248.000,4424.31678,N,00852.43760,E,1,13,0.8,-14.7,M,44.7,M,,*50
28566 1627983170 0 7 $GNGGA,093249.000,4424.31633,N,00852.43765,E,1,13,0.8,-14.5,M,44.7,M,,*59
28567 1627983171 0 7 $GNGGA,093250.000,4424.31616,N,00852.43757,E,1,13,0.8,-14.4,M,44.7,M,,*56
28568 1627983171 0 3 2.55 0.00
28569 1627983172 0 4 2.53 1.39
28570 1627983172 0 5 0.02
28571 1627983172 0 6 0.05
28572 1627983172 0 8 4.98 12.29 11.89
28573 1627983172 0 1 2.861
28574 1627983172 0 0 26.10 8.29 174.6 61.16 104.7 6.51 169.8 16.8 184.7 2.79 41.06 14.3
28575 1627983172 0 7 $GNGGA,093251.000,4424.31603,N,00852.43735,E,1,13,0.8,-14.2,M,44.7,M,,*51
28576 1627983173 0 7 $GNGGA,093252.000,4424.31567,N,00852.43728,E,1,13,0.8,-13.8,M,44.7,M,,*52
28577 1627983173 0 7 $GNGGA,093253.000,4424.31517,N,00852.43710,E,1,13,0.8,-12.9,M,44.7,M,,*5F
28578 1627983174 0 3 2.55 0.00
28579 1627983175 0 4 2.53 1.39
28580 1627983175 0 5 0.03
28581 1627983175 0 6 0.07
28582 1627983175 0 1 2.815
28583 1627983175 0 8 4.98 12.30 11.89
28584 1627983175 0 0 26.09 8.29 174.5 61.06 104.8 6.52 169.7 16.8 184.5 2.83 40.99 14.3
28585 1627983175 0 7 $GNGGA,093254.000,4424.31470,N,00852.43701,E,1,13,0.8,-12.1,M,44.7,M,,*50
28586 1627983175 0 7 $GNGGA,093255.000,4424.31438,N,00852.43693,E,1,13,0.8,-11.4,M,44.7,M,,*51
28587 1627983176 0 7 $GNGGA,093256.000,4424.31410,N,00852.43673,E,1,13,0.8,-10.8,M,44.7,M,,*5B
28588 1627983177 0 3 2.55 0.00
28589 1627983178 0 4 2.53 1.40
28590 1627983178 0 5 0.03
28591 1627983178 0 6 0.08
28592 1627983178 0 8 4.98 12.29 11.87
28593 1627983178 0 1 2.993
28594 1627983178 0 0 26.09 8.29 174.6 61.11 104.8 6.52 169.9 16.8 184.9 2.88 41.02 14.3
28595 1627983178 0 7 $GNGGA,093257.000,4424.31387,N,00852.43654,E,1,13,0.8,-10.1,M,44.7,M,,*5F
28596 1627983178 0 7 $GNGGA,093258.000,4424.31364,N,00852.43637,E,1,13,0.8,-9.5,M,44.7,M,,*64
28597 1627983179 0 7 $GNGGA,093259.000,4424.31324,N,00852.43613,E,1,13,0.8,-9.1,M,44.7,M,,*63
28598 1627983180 0 3 2.55 0.00
28599 1627983181 0 4 2.53 1.39
28600 1627983181 0 5 0.03
28601 1627983181 0 6 0.07
28602 1627983181 0 1 2.967
28603 1627983181 0 8 4.98 12.33 11.89
28604 1627983181 0 0 26.08 8.29 174.5 61.09 104.8 6.52 169.7 16.8 184.7 2.89 41.01 14.3
28605 1627983181 0 7 $GNGGA,093300.000,4424.31277,N,00852.43592,E,1,13,0.8,-8.7,M,44.7,M,,*64
28606 1627983182 0 7 $GNGGA,093301.000,4424.31232,N,00852.43594,E,1,13,0.8,-8.7,M,44.7,M,,*62
28607 1627983183 0 7 $GNGGA,093302.000,4424.31200,N,00852.43601,E,1,13,0.8,-8.7,M,44.7,M,,*6F
28608 1627983183 0 3 2.55 0.00
28609 1627983184 0 4 2.53 1.39
28610 1627983184 0 5 0.03
28611 1627983184 0 6 0.07
28612 1627983184 0 8 4.98 12.29 11.89
28613 1627983184 0 1 2.850
28614 1627983184 0 0 26.08 8.29 174.5 60.98 104.8 6.53 169.8 16.8 184.9 2.92 40.93 14.2
28615 1627983184 0 7 $GNGGA,093303.000,4424.31175,N,00852.43609,E,1,13,0.8,-8.9,M,44.7,M,,*69
28616 1627983184 0 7 $GNGGA,093304.000,4424.31146,N,00852.43607,E,1,13,0.8,-9.1,M,44.7,M,,*69
28617 1627983185 0 7 $GNGGA,093305.000,4424.31093,N,00852.43608,E,1,13,0.8,-9.3,M,44.7,M,,*6C
28618 1627983186 0 3 2.55 0.00
28619 1627983187 0 4 2.53 1.39
28620 1627983187 0 5 0.03
28621 1627983187 0 6 0.06
28622 1627983187 0 1 3.062
28623 1627983187 0 8 4.98 12.33 11.89
28624 1627983187 0 0 26.09 8.29 174.5 61.02 104.9 6.53 169.7 16.8 184.8 2.92 40.95 14.3
28625 1627983187 0 7 $GNGGA,093306.000,4424.31030,N,00852.43614,E,1,13,0.8,-9.2,M,44.7,M,,*6A
28626 1627983187 0 7 $GNGGA,093307.000,4424.31000,N,00852.43606,E,1,13,0.8,-8.9,M,44.7,M,,*61
28627 1627983188 0 7 $GNGGA,093308.000,4424.30970,N,00852.43588,E,1,13,0.8,-9.1,M,44.7,M,,*6D
28628 1627983189 0 3 2.55 0.00
28629 1627983190 0 4 2.53 1.39
28630 1627983190 0 5 0.03
28631 1627983190 0 6 0.06
28632 1627983190 0 8 4.98 12.30 11.89
28633 1627983190 0 1 2.789
28634 1627983190 0 0 26.08 8.29 174.5 61.07 104.9 6.53 169.7 16.8 185.1 2.93 40.99 14.3
28635 1627983190 0 7 $GNGGA,093309.000,4424.30933,N,00852.43565,E,1,13,0.8,-9.4,M,44.7,M,,*6D
28636 1627983190 0 7 $GNGGA,093310.000,4424.30898,N,00852.43538,E,1,13,0.8,-9.5,M,44.7,M,,*6C
28637 1627983191 0 7 $GNGGA,093311.000,4424.30863,N,00852.43517,E,1,13,0.8,-9.5,M,44.7,M,,*64
28638 1627983192 0 3 2.55 0.00
28639 1627983193 0 4 2.53 1.39
28640 1627983193 0 5 0.03
28641 1627983193 0 6 0.07
28642 1627983193 0 1 3.364
28643 1627983193 0 8 4.98 12.33 11.89
28644 1627983193 0 0 26.08 8.29 174.5 61.06 104.9 6.53 170.0 16.8 185.0 2.91 40.98 14.3
28645 1627983193 0 7 $GNGGA,093312.000,4424.30816,N,00852.43512,E,1,13,0.8,-9.5,M,44.7,M,,*60
28646 1627983193 0 7 $GNGGA,093313.000,4424.30776,N,00852.43528,E,1,13,0.8,-9.4,M,44.7,M,,*60
28647 1627983195 0 7 $GNGGA,093314.000,4424.30741,N,00852.43550,E,1,13,0.8,-9.5,M,44.7,M,,*6D
28648 1627983195 0 3 2.55 0.00
28649 1627983196 0 4 2.53 1.39
28650 1627983196 0 5 0.03
28651 1627983196 0 6 0.08
28652 1627983196 0 1 2.717
28653 1627983196 0 8 4.97 12.29 11.89
28654 1627983196 0 0 26.09 8.29 174.4 61.01 105.0 6.54 169.8 16.8 184.8 2.94 40.95 14.3
28655 1627983196 0 7 $GNGGA,093315.000,4424.30709,N,00852.43565,E,1,13,0.8,-9.6,M,44.7,M,,*65
28656 1627983196 0 7 $GNGGA,093316.000,4424.30689,N,00852.43583,E,1,13,0.8,-9.5,M,44.7,M,,*64
28657 1627983197 0 7 $GNGGA,093317.000,4424.30661,N,00852.43604,E,1,13,0.8,-9.4,M,44.7,M,,*6E
28658 1627983198 0 3 2.55 0.00
28659 1627983199 0 4 2.53 1.40
28660 1627983199 0 5 0.03
28661 1627983199 0 6 0.10
28662 1627983199 0 8 4.98 12.29 11.89
28663 1627983199 0 1 2.768
28664 1627983199 0 0 26.09 8.29 174.4 61.09 105.0 6.54 169.7 16.8 184.9 2.98 41.01 14.3
28665 1627983199 0 7 $GNGGA,093318.000,4424.30620,N,00852.43641,E,1,13,0.8,-9.4,M,44.7,M,,*65
28666 1627983200 0 7 $GNGGA,093319.000,4424.30589,N,00852.43677,E,1,13,0.8,-9.4,M,44.7,M,,*61
28667 1627983200 0 7 $GNGGA,093320.000,4424.30574,N,00852.43696,E,1,13,0.8,-9.5,M,44.7,M,,*67
28668 1627983201 0 3 2.55 0.00
28669 1627983202 0 4 2.53 1.40
28670 1627983202 0 5 0.03
28671 1627983202 0 6 0.07
28672 1627983202 0 1 2.869
28673 1627983202 0 8 4.98 12.31 11.89
28674 1627983202 0 0 26.09 8.29 174.4 61.02 105.1 6.54 169.8 16.8 184.5 3.00 40.95 14.3
28675 1627983202 0 7 $GNGGA,093321.000,4424.30560,N,00852.43702,E,1,13,0.8,-9.9,M,44.7,M,,*63
28676 1627983202 0 7 $GNGGA,093322.000,4424.30538,N,00852.43712,E,1,13,0.8,-9.9,M,44.7,M,,*6C
28677 1627983203 0 7 $GNGGA,093323.000,4424.30517,N,00852.43732,E,1,13,0.8,-9.8,M,44.7,M,,*63
28678 1627983204 0 3 2.55 0.00
28679 1627983205 0 4 2.53 1.40
28680 1627983205 0 5 0.03
28681 1627983205 0 6 0.07
28682 1627983205 0 8 4.97 12.29 11.89
28683 1627983205 0 1 2.261
28684 1627983205 0 0 26.09 8.29 174.4 61.09 105.1 6.54 170.1 16.8 185.2 2.97 41.01 14.3
28685 1627983205 0 7 $GNGGA,093324.000,4424.30490,N,00852.43762,E,1,13,0.8,-9.6,M,44.7,M,,*61
28686 1627983205 0 7 $GNGGA,093325.000,4424.30462,N,00852.43806,E,1,13,0.8,-9.6,M,44.7,M,,*60
28687 1627983206 0 7 $GNGGA,093326.000,4424.30435,N,00852.43823,E,1,13,0.8,-9.4,M,44.7,M,,*64
28688 1627983207 0 3 2.55 0.00
28689 1627983208 0 4 2.53 1.40
28690 1627983208 0 5 0.03
28691 1627983208 0 6 0.07
28692 1627983208 0 1 2.492
28693 1627983208 0 8 4.98 12.33 11.89
28694 1627983208 0 0 26.10 8.29 174.3 61.05 105.2 6.55 169.7 16.8 185.0 2.98 40.98 14.3
28695 1627983208 0 7 $GNGGA,093327.000,4424.30409,N,00852.43839,E,1,13,0.8,-9.2,M,44.7,M,,*67
28696 1627983208 0 7 $GNGGA,093328.000,4424.30379,N,00852.43876,E,1,13,0.8,-9.0,M,44.7,M,,*61
28697 1627983209 0 7 $GNGGA,093329.000,4424.30358,N,00852.43920,E,1,13,0.8,-8.8,M,44.7,M,,*68
28698 1627983210 0 2 0.04170000 2.58990001 1.27970004 0.01990000 2.68700003 0.00370000 0.04550000 0.18480000 1.00000000 90.05000305
28699 1627983210 0 3 2.55 0.00
28700 1627983211 0 4 2.53 1.40
28701 1627983211 0 5 0.03
28702 1627983211 0 6 0.06
28703 1627983211 0 8 4.98 12.30 11.89
28704 1627983211 0 1 2.570
28705 1627983211 0 0 26.10 8.29 174.3 61.03 105.3 6.55 169.8 16.8 185.1 2.95 40.96 14.3
28706 1627983211 0 7 $GNGGA,093330.000,4424.30330,N,00852.43982,E,1,13,0.8,-8.8,M,44.7,M,,*66
28707 1627983211 0 7 $GNGGA,093331.000,4424.30302,N,00852.44043,E,1,13,0.8,-8.9,M,44.7,M,,*64
28708 1627983212 0 7 $GNGGA,093332.000,4424.30285,N,00852.44082,E,1,13,0.8,-8.6,M,44.7,M,,*6B
28709 1627983213 0 3 2.55 0.00
28710 1627983214 0 4 2.53 1.40
28711 1627983214 0 5 0.03
28712 1627983214 0 6 0.07
28713 1627983214 0 1 2.594
28714 1627983214 0 8 4.98 12.32 11.89
28715 1627983214 0 0 26.09 8.29 174.3 60.99 105.3 6.56 170.0 16.8 185.2 2.97 40.93 14.2
28716 1627983214 0 7 $GNGGA,093333.000,4424.30284,N,00852.44126,E,1,13,0.8,-8.4,M,44.7,M,,*66
28717 1627983214 0 7 $GNGGA,093334.000,4424.30276,N,00852.44159,E,1,13,0.8,-8.2,M,44.7,M,,*62
28718 1627983215 0 7 $GNGGA,093335.000,4424.30258,N,00852.44189,E,1,13,0.8,-7.7,M,44.7,M,,*68
28719 1627983216 0 3 2.55 0.00
28720 1627983217 0 4 2.53 1.40
28721 1627983217 0 5 0.03
28722 1627983217 0 6 0.08
28723 1627983217 0 8 4.98 12.29 11.89
28724 1627983217 0 1 2.598
28725 1627983217 0 0 26.09 8.29 174.3 61.07 105.4 6.56 170.1 16.8 185.2 2.99 40.99 14.3
28726 1627983217 0 7 $GNGGA,093336.000,4424.30228,N,00852.44232,E,1,13,0.8,-7.3,M,44.7,M,,*6B
28727 1627983217 0 7 $GNGGA,093337.000,4424.30194,N,00852.44276,E,1,13,0.8,-7.1,M,44.7,M,,*6C
28728 1627983218 0 7 $GNGGA,093338.000,4424.30168,N,00852.44320,E,1,13,0.8,-7.0,M,44.7,M,,*63
28729 1627983219 0 3 2.55 0.00
28730 1627983220 0 4 2.53 1.40
28731 1627983220 0 5 0.03
28732 1627983220 0 6 0.09
28733 1627983220 0 1 3.304
28734 1627983220 0 8 4.98 12.32 11.89
28735 1627983220 0 0 26.10 8.29 174.3 61.11 105.4 6.56 170.0 16.8 185.0 3.00 41.02 14.3
28736 1627983220 0 7 $GNGGA,093339.000,4424.30143,N,00852.44355,E,1,13,0.8,-7.0,M,44.7,M,,*69
28737 1627983220 0 7 $GNGGA,093340.000,4424.30082,N,00852.44390,E,1,13,0.8,-7.1,M,44.7,M,,*63
28738 1627983221 0 7 $GNGGA,093341.000,4424.30006,N,00852.44419,E,1,13,0.8,-7.1,M,44.7,M,,*68
28739 1627983222 0 3 2.55 0.00
28740 1627983223 0 4 2.53 1.40
28741 1627983223 0 5 0.03
28742 1627983223 0 6 0.08
28743 1627983223 0 1 2.536
28744 1627983223 0 8 4.98 12.29 11.89
28745 1627983223 0 0 26.10 8.29 174.2 61.03 105.4 6.56 170.1 16.8 185.3 2.98 40.96 14.3
28746 1627983223 0 7 $GNGGA,093342.000,4424.29952,N,00852.44451,E,1,13,0.8,-7.3,M,44.7,M,,*65
28747 1627983223 0 7 $GNGGA,093343.000,4424.29950,N,00852.44451,E,1,12,0.8,-7.2,M,44.7,M,,*66
28748 1627983224 0 7 $GNGGA,093344.000,4424.29945,N,00852.44450,E,1,12,0.8,-7.3,M,44.7,M,,*65
28749 1627983225 0 3 2.55 0.00
28750 1627983226 0 4 2.53 1.41
28751 1627983226 0 5 0.03
28752 1627983226 0 6 0.06
28753 1627983226 0 8 4.98 12.29 11.89
28754 1627983226 0 1 2.615
28755 1627983226 0 0 26.09 8.29 174.3 61.07 105.4 6.56 170.2 16.8 185.4 2.93 40.99 14.3
28756 1627983226 0 7 $GNGGA,093345.000,4424.29943,N,00852.44452,E,1,12,0.8,-7.2,M,44.7,M,,*61
28757 1627983226 0 7 $GNGGA,093346.000,4424.29927,N,00852.44497,E,1,12,0.8,-7.1,M,44.7,M,,*6A
28758 1627983227 0 7 $GNGGA,093347.000,4424.29914,N,00852.44549,E,1,12,0.8,-7.2,M,44.7,M,,*6A
28759 1627983228 0 3 2.55 0.00
28760 1627983229 0 4 2.53 1.41
28761 1627983229 0 5 0.03
28762 1627983229 0 6 0.08
28763 1627983229 0 1 2.772
28764 1627983229 0 8 4.98 12.30 11.89
28765 1627983229 0 0 26.08 8.29 174.3 60.96 105.5 6.57 170.5 16.8 185.9 2.92 40.91 14.3
28766 1627983229 0 7 $GNGGA,093348.000,4424.29906,N,00852.44602,E,1,12,0.8,-7.3,M,44.7,M,,*6B
28767 1627983229 0 7 $GNGGA,093349.000,4424.29899,N,00852.44656,E,1,12,0.8,-7.2,M,44.7,M,,*6D
28768 1627983230 0 7 $GNGGA,093350.000,4424.29887,N,00852.44700,E,1,12,0.8,-7.1,M,44.7,M,,*6B
28769 1627983231 0 3 2.55 0.00
28770 1627983232 0 4 2.53 1.41
28771 1627983232 0 5 0.03
28827 1627983247 0 7 $GNGGA,093407.000,4424.29708,N,00852.45756,E,1,12,0.9,-6.6,M,44.7,M,,*63
28828 1627983248 0 7 $GNGGA,093408.000,4424.29688,N,00852.45823,E,1,12,0.9,-6.5,M,44.7,M,,*6B
28829 1627983249 0 3 2.55 0.00
28830 1627983250 0 4 2.53 1.40
28831 1627983250 0 5 0.03
28832 1627983250 0 6 0.07
28833 1627983250 0 1 2.858
28834 1627983250 0 8 4.98 12.29 11.89
28835 1627983250 0 0 26.07 8.29 174.2 61.17 105.5 6.57 170.8 16.8 186.3 2.73 41.07 14.2
28836 1627983250 0 7 $GNGGA,093409.000,4424.29681,N,00852.45876,E,1,12,0.9,-6.1,M,44.7,M,,*67
28837 1627983250 0 7 $GNGGA,093410.000,4424.29673,N,00852.45928,E,1,12,0.9,-5.7,M,44.7,M,,*6D
28838 1627983251 0 7 $GNGGA,093411.000,4424.29664,N,00852.45990,E,1,12,0.9,-5.1,M,44.7,M,,*6F
28839 1627983252 0 3 2.55 0.00
28840 1627983253 0 4 2.53 1.40
28841 1627983253 0 5 0.03
28842 1627983253 0 6 0.06
28843 1627983253 0 8 4.98 12.29 11.89
28844 1627983253 0 1 2.960
28845 1627983253 0 0 26.07 8.29 174.2 61.11 105.6 6.57 170.6 16.8 186.3 2.67 41.02 14.2
28846 1627983253 0 7 $GNGGA,093412.000,4424.29658,N,00852.46053,E,1,12,0.9,-4.6,M,44.7,M,,*60
28847 1627983253 0 7 $GNGGA,093413.000,4424.29646,N,00852.46094,E,1,12,0.9,-4.1,M,44.7,M,,*62
28848 1627983254 0 7 $GNGGA,093414.000,4424.29638,N,00852.46139,E,1,12,0.9,-3.9,M,44.7,M,,*65
28849 1627983255 0 3 2.55 0.00
28850 1627983256 0 4 2.53 1.41
28851 1627983256 0 5 0.03
28852 1627983256 0 6 0.06
28853 1627983256 0 1 3.027
28854 1627983256 0 8 4.98 12.30 11.89
28855 1627983256 0 0 26.08 8.29 174.1 61.17 105.6 6.57 170.5 16.8 186.3 2.73 41.07 14.2
28856 1627983256 0 7 $GNGGA,093415.000,4424.29643,N,00852.46196,E,1,12,0.9,-4.0,M,44.7,M,,*63
28857 1627983256 0 7 $GNGGA,093416.000,4424.29644,N,00852.46246,E,1,12,0.9,-4.1,M,44.7,M,,*68
28858 1627983257 0 7 $GNGGA,093417.000,4424.29636,N,00852.46294,E,1,12,0.9,-4.2,M,44.7,M,,*60
28859 1627983258 0 3 2.55 0.00
28860 1627983259 0 4 2.53 1.41
28861 1627983259 0 5 0.03
28862 1627983259 0 6 0.07
28863 1627983259 0 8 4.98 12.29 11.89
28864 1627983259 0 1 2.252
28865 1627983259 0 0 26.02 8.29 174.1 61.02 105.6 6.58 170.7 16.7 186.0 2.78 40.95 14.2
28866 1627983259 0 7 $GNGGA,093418.000,4424.29622,N,00852.46347,E,1,12,0.9,-4.3,M,44.7,M,,*64
28867 1627983259 0 7 $GNGGA,093419.000,4424.29597,N,00852.46401,E,1,12,0.9,-4.2,M,44.7,M,,*6C
28868 1627983260 0 7 $GNGGA,093420.000,4424.29573,N,00852.46437,E,1,12,0.9,-4.1,M,44.7,M,,*6A
28869 1627983261 0 3 2.55 0.00
28870 1627983262 0 4 2.53 1.40
28871 1627983262 0 5 0.03
28872 1627983262 0 6 0.06
28873 1627983262 0 1 2.432
28874 1627983262 0 8 4.98 12.32 11.89
28875 1627983262 0 0 26.01 8.29 174.0 60.86 105.6 6.59 170.5 16.8 186.0 2.77 40.84 14.2
28876 1627983262 0 7 $GNGGA,093421.000,4424.29550,N,00852.46483,E,1,12,0.9,-4.1,M,44.7,M,,*65
28877 1627983262 0 7 $GNGGA,093422.000,4424.29546,N,00852.46552,E,1,12,0.9,-4.0,M,44.7,M,,*6D
28878 1627983263 0 7 $GNGGA,093423.000,4424.29529,N,00852.46611,E,1,12,0.9,-4.1,M,44.7,M,,*60
28879 1627983264 0 3 2.55 0.00
28880 1627983265 0 4 2.53 1.41
28881 1627983265 0 5 0.03
28882 1627983265 0 6 0.06
28883 1627983265 0 8 4.98 12.29 11.89
28884 1627983265 0 1 2.463
28885 1627983265 0 0 26.00 8.29 174.0 60.90 105.5 6.58 170.5 16.7 186.0 2.75 40.87 14.2
28886 1627983265 0 7 $GNGGA,093424.000,4424.29504,N,00852.46654,E,1,12,0.9,-4.1,M,44.7,M,,*69
28887 1627983265 0 7 $GNGGA,093425.000,4424.29479,N,00852.46699,E,1,12,0.9,-4.3,M,44.7,M,,*60
28888 1627983266 0 7 $GNGGA,093426.000,4424.29470,N,00852.46766,E,1,12,0.9,-4.3,M,44.7,M,,*6B
28889 1627983267 0 3 2.55 0.00
28890 1627983268 0 4 2.53 1.40
28891 1627983268 0 5 0.03
28892 1627983268 0 6 0.07
28893 1627983268 0 1 2.670
28894 1627983268 0 8 4.98 12.33 11.89
28895 1627983268 0 0 26.00 8.29 174.1 60.98 105.6 6.58 170.5 16.7 185.4 2.79 40.93 14.2
28896 1627983268 0 7 $GNGGA,093427.000,4424.29467,N,00852.46861,E,1,12,0.9,-4.4,M,44.7,M,,*63
28897 1627983268 0 7 $GNGGA,093428.000,4424.29465,N,00852.46945,E,1,12,0.9,-4.5,M,44.7,M,,*68
28898 1627983269 0 7 $GNGGA,093429.000,4424.29477,N,00852.47040,E,1,11,0.9,-4.7,M,44.7,M,,*66
28899 1627983270 0 3 2.55 0.00
28900 1627983271 0 4 2.53 1.41
28901 1627983271 0 5 0.03
28902 1627983271 0 6 0.07
28903 1627983271 0 8 4.98 12.14 11.87
28904 1627983271 0 1 3.188
28905 1627983271 0 0 26.02 8.29 174.1 61.05 105.5 6.58 170.6 16.8 185.5 2.81 40.98 14.2
28906 1627983271 0 7 $GNGGA,093430.000,4424.29487,N,00852.47129,E,1,11,0.9,-4.9,M,44.7,M,,*61
28907 1627983271 0 7 $GNGGA,093431.000,4424.29489,N,00852.47203,E,1,11,0.9,-5.4,M,44.7,M,,*69
28908 1627983272 0 7 $GNGGA,093432.000,4424.29503,N,00852.47274,E,1,11,0.9,-5.7,M,44.7,M,,*6A
28909 1627983273 0 3 2.55 0.00
28910 1627983274 0 4 2.53 1.41
28911 1627983274 0 5 0.02
28912 1627983274 0 6 0.07
28913 1627983274 0 1 4.142
28914 1627983274 0 8 4.98 12.19 11.89
28915 1627983274 0 0 26.02 8.29 174.1 61.08 105.5 6.57 170.8 16.8 186.0 2.78 41.00 14.1
28916 1627983274 0 7 $GNGGA,093433.000,4424.29536,N,00852.47346,E,1,11,0.9,-5.8,M,44.7,M,,*62
28917 1627983274 0 7 $GNGGA,093434.000,4424.29552,N,00852.47433,E,1,11,0.9,-6.0,M,44.7,M,,*69
28918 1627983275 0 7 $GNGGA,093435.000,4424.29564,N,00852.47540,E,1,11,0.9,-6.4,M,44.7,M,,*6C
28919 1627983276 0 3 2.55 0.00
28920 1627983277 0 4 2.53 1.41
28921 1627983277 0 5 0.03
28922 1627983277 0 6 0.06
28923 1627983277 0 1 3.420
28924 1627983277 0 8 4.98 12.29 11.89
28925 1627983277 0 0 26.02 8.29 174.1 61.07 105.5 6.57 170.6 16.8 185.8 2.73 40.99 14.1
28926 1627983277 0 7 $GNGGA,093436.000,4424.29570,N,00852.47635,E,1,11,0.9,-6.7,M,44.7,M,,*68
28927 1627983277 0 7 $GNGGA,093437.000,4424.29572,N,00852.47727,E,1,11,0.9,-7.1,M,44.7,M,,*6E
28928 1627983278 0 7 $GNGGA,093438.000,4424.29581,N,00852.47809,E,1,11,0.9,-7.2,M,44.7,M,,*6D
28929 1627983279 0 3 2.55 0.00
28930 1627983280 0 4 2.53 1.41
28931 1627983280 0 5 0.03
28932 1627983280 0 6 0.06
28933 1627983280 0 8 4.97 12.15 11.89
28934 1627983280 0 1 3.318
28935 1627983280 0 0 26.01 8.29 174.1 61.11 105.4 6.57 170.5 16.7 185.7 2.75 41.02 14.1
28936 1627983280 0 7 $GNGGA,093439.000,4424.29586,N,00852.47874,E,1,11,0.9,-7.4,M,44.7,M,,*67
28937 1627983280 0 7 $GNGGA,093440.000,4424.29567,N,00852.47940,E,1,11,0.9,-8.0,M,44.7,M,,*6B
28938 1627983281 0 7 $GNGGA,093441.000,4424.29529,N,00852.47991,E,1,11,0.9,-8.5,M,44.7,M,,*69
28939 1627983282 0 3 2.55 0.00
28940 1627983283 0 4 2.53 1.41
28941 1627983283 0 5 0.03
28942 1627983283 0 6 0.06
28943 1627983283 0 1 3.334
28944 1627983283 0 8 4.98 12.30 11.89
28945 1627983283 0 0 26.00 8.29 174.1 60.95 105.4 6.58 170.4 16.8 185.8 2.73 40.91 14.2
28946 1627983283 0 7 $GNGGA,093442.000,4424.29502,N,00852.48037,E,1,11,0.9,-8.9,M,44.7,M,,*65
28947 1627983283 0 7 $GNGGA,093443.000,4424.29468,N,00852.48084,E,1,11,0.9,-9.0,M,44.7,M,,*69
28948 1627983284 0 7 $GNGGA,093444.000,4424.29463,N,00852.48162,E,1,11,0.9,-9.1,M,44.7,M,,*6D
28949 1627983285 0 3 2.55 0.00
28950 1627983286 0 4 2.53 1.41
28951 1627983286 0 5 0.03
28952 1627983286 0 6 0.06
28953 1627983286 0 8 4.98 12.29 11.87
28954 1627983286 0 1 3.331
28955 1627983286 0 0 25.99 8.29 174.0 60.88 105.4 6.58 170.1 16.7 185.4 2.73 40.85 14.2
28956 1627983286 0 7 $GNGGA,093445.000,4424.29464,N,00852.48254,E,1,11,0.9,-9.3,M,44.7,M,,*6F
28957 1627983286 0 7 $GNGGA,093446.000,4424.29455,N,00852.48331,E,1,11,0.9,-9.5,M,44.7,M,,*6A
28958 1627983287 0 7 $GNGGA,093447.000,4424.29430,N,00852.48386,E,1,11,0.9,-9.6,M,44.7,M,,*67
28959 1627983288 0 3 2.55 0.00
28960 1627983289 0 4 2.53 1.41
28961 1627983289 0 5 0.03
28962 1627983289 0 6 0.06
28963 1627983289 0 1 3.351
28964 1627983289 0 8 4.98 12.16 11.89
28965 1627983289 0 0 26.01 8.29 174.1 61.08 105.4 6.57 170.3 16.8 185.4 2.77 41.00 14.2
28966 1627983289 0 7 $GNGGA,093448.000,4424.29398,N,00852.48423,E,1,11,0.9,-9.5,M,44.7,M,,*66
28967 1627983289 0 7 $GNGGA,093449.000,4424.29361,N,00852.48479,E,1,11,0.9,-9.3,M,44.7,M,,*68
28968 1627983290 0 7 $GNGGA,093450.000,4424.29338,N,00852.48534,E,1,11,0.9,-8.7,M,44.7,M,,*61
28969 1627983291 0 3 2.55 0.00
28970 1627983292 0 4 2.53 1.40
28971 1627983292 0 5 0.03
28972 1627983292 0 6 0.06
28973 1627983292 0 8 4.98 12.29 11.89
28974 1627983292 0 1 3.542
28975 1627983292 0 0 26.02 8.29 174.1 61.08 105.4 6.57 170.2 16.8 185.1 2.80 41.00 14.1
28976 1627983292 0 7 $GNGGA,093451.000,4424.29321,N,00852.48602,E,1,11,0.9,-8.5,M,44.7,M,,*6C
28977 1627983292 0 7 $GNGGA,093452.000,4424.29300,N,00852.48678,E,1,11,0.9,-8.4,M,44.7,M,,*60
28978 1627983293 0 7 $GNGGA,093453.000,4424.29269,N,00852.48752,E,1,12,0.9,-8.2,M,44.7,M,,*63
28979 1627983294 0 3 2.55 0.00
28980 1627983295 0 4 2.53 1.40
28981 1627983295 0 5 0.03
28982 1627983295 0 6 0.05
28983 1627983295 0 1 3.099
28984 1627983295 0 8 4.98 12.32 11.89
28985 1627983295 0 0 26.00 8.29 174.1 61.03 105.3 6.56 170.3 16.7 185.8 2.75 40.96 14.2
28986 1627983295 0 7 $GNGGA,093454.000,4424.29248,N,00852.48820,E,1,12,0.9,-8.1,M,44.7,M,,*6E
28987 1627983295 0 7 $GNGGA,093455.000,4424.29218,N,00852.48877,E,1,12,0.9,-7.9,M,44.7,M,,*6F
28988 1627983296 0 7 $GNGGA,093456.000,4424.29176,N,00852.48932,E,1,12,0.9,-7.7,M,44.7,M,,*69
28989 1627983297 0 3 2.55 0.00
28990 1627983298 0 4 2.53 1.40
28991 1627983298 0 5 0.03
28992 1627983298 0 6 0.07
28993 1627983298 0 8 4.98 12.30 11.89
28994 1627983298 0 1 3.539
28995 1627983298 0 0 26.01 8.29 174.0 60.89 105.2 6.56 170.2 16.8 184.7 2.71 40.86 14.2
28996 1627983298 0 7 $GNGGA,093457.000,4424.29134,N,00852.48976,E,1,12,0.9,-7.6,M,44.7,M,,*6F
28997 1627983298 0 7 $GNGGA,093458.000,4424.29123,N,00852.49037,E,1,12,0.9,-7.5,M,44.7,M,,*68
28998 1627983299 0 7 $GNGGA,093459.000,4424.29121,N,00852.49102,E,1,12,0.9,-7.5,M,44.7,M,,*6C
28999 1627983300 0 3 2.55 0.00
29000 1627983301 0 4 2.53 1.40
29001 1627983301 0 5 0.03
29002 1627983301 0 6 0.07
29003 1627983301 0 1 4.082
29004 1627983301 0 8 4.98 12.32 11.89
29005 1627983301 0 0 26.03 8.29 174.1 61.04 105.2 6.56 170.3 16.8 185.6 2.78 40.97 14.2
29006 1627983301 0 7 $GNGGA,093500.000,4424.29117,N,00852.49164,E,1,12,0.9,-7.6,M,44.7,M,,*67
29007 1627983301 0 7 $GNGGA,093501.000,4424.29115,N,00852.49223,E,1,12,0.9,-7.5,M,44.7,M,,*67
29008 1627983302 0 7 $GNGGA,093502.000,4424.29106,N,00852.49277,E,1,12,0.9,-7.5,M,44.7,M,,*67
29009 1627983303 0 3 2.55 0.00
29010 1627983304 0 4 2.53 1.40
29011 1627983304 0 5 0.02
29012 1627983304 0 6 0.06
29013 1627983304 0 1 3.045
29014 1627983304 0 8 4.98 12.29 11.89
29015 1627983304 0 0 26.02 8.29 174.0 61.09 105.2 6.55 170.1 16.8 185.3 2.79 41.01 14.1
29016 1627983304 0 7 $GNGGA,093503.000,4424.29079,N,00852.49314,E,1,12,0.9,-7.4,M,44.7,M,,*6A
29017 1627983304 0 7 $GNGGA,093504.000,4424.29050,N,00852.49359,E,1,12,0.9,-7.3,M,44.7,M,,*68
29018 1627983305 0 7 $GNGGA,093505.000,4424.29033,N,00852.49415,E,1,12,0.9,-7.1,M,44.7,M,,*61
29019 1627983306 0 3 2.55 0.00
29020 1627983307 0 4 2.53 1.41
29021 1627983307 0 5 0.02
29022 1627983307 0 6 0.06
29023 1627983307 0 8 4.98 12.29 11.89
29024 1627983307 0 1 3.003
29025 1627983307 0 0 26.02 8.29 174.0 61.01 105.2 6.56 170.1 16.7 185.4 2.75 40.95 14.2
29026 1627983307 0 7 $GNGGA,093506.000,4424.29036,N,00852.49483,E,1,12,0.9,-7.1,M,44.7,M,,*68
29027 1627983307 0 7 $GNGGA,093507.000,4424.29047,N,00852.49522,E,1,12,0.9,-6.9,M,44.7,M,,*6C
29028 1627983308 0 7 $GNGGA,093508.000,4424.29034,N,00852.49575,E,1,12,0.9,-6.7,M,44.7,M,,*6B
29029 1627983309 0 3 2.55 0.00
29030 1627983310 0 4 2.53 1.41
29031 1627983310 0 5 0.03
29032 1627983310 0 6 0.07
29033 1627983310 0 1 2.957
29034 1627983310 0 8 4.98 12.30 11.89
29035 1627983310 0 0 26.02 8.29 174.0 61.02 105.2 6.55 170.2 16.8 185.4 2.71 40.95 14.2
29036 1627983310 0 7 $GNGGA,093509.000,4424.29015,N,00852.49637,E,1,12,0.9,-6.6,M,44.7,M,,*6D
29037 1627983310 0 7 $GNGGA,093510.000,4424.29000,N,00852.49694,E,1,12,0.9,-6.5,M,44.7,M,,*6B
29038 1627983311 0 7 $GNGGA,093511.000,4424.28994,N,00852.49738,E,1,12,0.9,-6.3,M,44.7,M,,*6E
29039 1627983312 0 3 2.55 0.00
29040 1627983313 0 4 2.53 1.41
29041 1627983313 0 5 0.03
29042 1627983313 0 6 0.09
29043 1627983313 0 8 4.98 12.29 11.89
29044 1627983313 0 1 3.174
29045 1627983313 0 0 26.04 8.29 174.0 60.95 105.1 6.55 170.3 16.8 185.6 2.72 40.91 14.2
29046 1627983313 0 7 $GNGGA,093512.000,4424.28988,N,00852.49793,E,1,11,0.9,-6.1,M,44.7,M,,*60
29047 1627983313 0 7 $GNGGA,093513.000,4424.28973,N,00852.49853,E,1,11,0.9,-5.9,M,44.7,M,,*6D
29048 1627983314 0 7 $GNGGA,093514.000,4424.28966,N,00852.49900,E,1,11,0.9,-5.8,M,44.7,M,,*68
29049 1627983315 0 3 2.55 0.00
29050 1627983316 0 4 2.53 1.40
29051 1627983316 0 5 0.03
29052 1627983316 0 6 0.09
29053 1627983316 0 1 2.668
29054 1627983316 0 8 4.98 12.31 11.89
29055 1627983316 0 0 26.03 8.29 174.0 61.08 105.1 6.55 170.3 16.8 185.7 2.69 41.00 14.2
29056 1627983316 0 7 $GNGGA,093515.000,4424.28957,N,00852.49951,E,1,11,0.9,-5.7,M,44.7,M,,*60
29057 1627983316 0 7 $GNGGA,093516.000,4424.28945,N,00852.50012,E,1,11,0.9,-5.7,M,44.7,M,,*66
29058 1627983317 0 7 $GNGGA,093517.000,4424.28942,N,00852.50003,E,1,11,0.9,-5.6,M,44.7,M,,*61
29059 1627983318 0 3 2.55 0.00
29060 1627983319 0 4 2.53 1.40
29061 1627983319 0 5 0.03
29062 1627983319 0 6 0.06
29063 1627983319 0 8 4.98 12.30 11.89
29064 1627983319 0 1 2.808
29065 1627983319 0 0 26.04 8.29 173.9 61.03 105.1 6.55 170.2 16.8 185.1 2.71 40.96 14.2
29066 1627983319 0 7 $GNGGA,093518.000,4424.28944,N,00852.50003,E,1,11,0.9,-5.5,M,44.7,M,,*6B
29067 1627983319 0 7 $GNGGA,093519.000,4424.28945,N,00852.50002,E,1,11,0.9,-5.4,M,44.7,M,,*6B
29068 1627983320 0 7 $GNGGA,093520.000,4424.28924,N,00852.50063,E,1,11,0.9,-5.3,M,44.7,M,,*66
29069 1627983321 0 3 2.55 0.00
29070 1627983322 0 4 2.53 1.40
29071 1627983322 0 5 0.02
29072 1627983322 0 6 0.06
29073 1627983322 0 1 2.749
29074 1627983322 0 8 4.98 12.35 11.89
29075 1627983322 0 0 26.01 8.29 173.9 61.03 105.0 6.55 170.4 16.8 185.4 2.73 40.96 14.2
29076 1627983322 0 7 $GNGGA,093521.000,4424.28901,N,00852.50137,E,1,11,0.9,-5.4,M,44.7,M,,*67
29078 1627983323 0 7 $GNGGA,093523.000,4424.28882,N,00852.50267,E,1,11,0.9,-5.8,M,44.7,M,,*65
29079 1627983324 0 3 2.55 0.00
29082 1627983325 0 6 0.06
29083 1627983325 0 8 4.98 12.31 11.89
29084 1627983325 0 1 2.786
29085 1627983325 0 0 26.04 8.29 173.9 61.00 105.0 6.55 170.2 16.8 185.2 2.76 40.94 14.2
29086 1627983325 0 7 $GNGGA,093524.000,4424.28887,N,00852.50311,E,1,11,0.9,-6.1,M,44.7,M,,*6D
29087 1627983325 0 7 $GNGGA,093525.000,4424.28894,N,00852.50377,E,1,11,0.9,-6.2,M,44.7,M,,*6D
29088 1627983326 0 7 $GNGGA,093526.000,4424.28891,N,00852.50461,E,1,11,0.9,-6.3,M,44.7,M,,*6A
29089 1627983327 0 3 2.55 0.00
29090 1627983328 0 4 2.53 1.40
29091 1627983328 0 5 0.03
29092 1627983328 0 6 0.06
29093 1627983328 0 1 3.350
29094 1627983328 0 8 4.98 12.35 11.89
29095 1627983328 0 0 26.03 8.29 173.9 61.14 105.1 6.54 170.4 16.8 185.9 2.77 41.05 14.2
29096 1627983328 0 7 $GNGGA,093527.000,4424.28864,N,00852.50570,E,1,11,0.9,-6.7,M,44.7,M,,*64
29097 1627983328 0 7 $GNGGA,093528.000,4424.28866,N,00852.50642,E,1,11,0.9,-6.8,M,44.7,M,,*64
29098 1627983329 0 7 $GNGGA,093529.000,4424.28893,N,00852.50697,E,1,11,0.9,-7.3,M,44.7,M,,*6D
29099 1627983330 0 2 0.03400000 2.55139994 1.26300001 0.01960000 2.62759995 0.00410000 0.04490000 0.15039999 1.00000000 90.18099975
29100 1627983330 0 3 2.55 0.00
29101 1627983331 0 4 2.53 1.40
29102 1627983331 0 5 0.03
29103 1627983331 0 6 0.07
29104 1627983331 0 1 2.406
29105 1627983331 0 8 4.98 12.32 11.89
29106 1627983331 0 0 26.03 8.29 173.9 61.03 105.0 6.55 170.2 16.8 185.6 2.82 40.96 14.2
29107 1627983331 0 7 $GNGGA,093530.000,4424.28906,N,00852.50754,E,1,11,0.9,-7.7,M,44.7,M,,*62
29108 1627983331 0 7 $GNGGA,093531.000,4424.28892,N,00852.50820,E,1,11,0.9,-7.7,M,44.7,M,,*63
29109 1627983332 0 7 $GNGGA,093532.000,4424.28883,N,00852.50900,E,1,11,0.9,-7.6,M,44.7,M,,*62
29110 1627983333 0 3 2.55 0.00
29111 1627983334 0 4 2.53 1.40
29112 1627983334 0 5 0.03
29113 1627983334 0 6 0.06
29114 1627983334 0 8 4.98 12.32 11.89
29115 1627983334 0 1 2.377
29116 1627983334 0 0 26.03 8.29 173.8 61.02 105.0 6.55 170.2 16.8 185.5 2.82 40.95 14.2
29117 1627983334 0 7 $GNGGA,093533.000,4424.28891,N,00852.50971,E,1,11,0.9,-8.2,M,44.7,M,,*6D
29118 1627983334 0 7 $GNGGA,093534.000,4424.28882,N,00852.51036,E,1,11,0.9,-8.8,M,44.7,M,,*69
29119 1627983335 0 7 $GNGGA,093535.000,4424.28879,N,00852.51104,E,1,11,0.9,-9.0,M,44.7,M,,*65
29120 1627983336 0 3 2.55 0.00
29121 1627983337 0 4 2.53 1.40
29122 1627983337 0 5 0.03
29123 1627983337 0 6 0.06
29124 1627983337 0 1 2.410
29125 1627983337 0 8 4.98 12.31 11.89
29126 1627983337 0 0 26.02 8.29 173.8 61.00 105.0 6.54 170.3 16.8 185.5 2.80 40.94 14.2
29128 1627983337 0 7 $GNGGA,093537.000,4424.28852,N,00852.51216,E,1,11,0.9,-8.8,M,44.7,M,,*67
29129 1627983338 0 7 $GNGGA,093538.000,4424.28835,N,00852.51266,E,1,11,0.9,-8.7,M,44.7,M,,*61
29130 1627983339 0 3 2.55 0.00
29131 1627983340 0 4 2.53 1.40
29132 1627983340 0 5 0.03
29133 1627983340 0 6 0.08
29134 1627983340 0 8 4.98 12.32 11.89
29135 1627983340 0 1 2.388
29136 1627983340 0 0 26.02 8.29 173.8 61.03 105.0 6.54 170.2 16.8 185.9 2.83 40.96 14.2
29137 1627983340 0 7 $GNGGA,093539.000,4424.28814,N,00852.51307,E,1,11,0.9,-8.4,M,44.7,M,,*66
29138 1627983340 0 7 $GNGGA,093540.000,4424.28801,N,00852.51352,E,1,11,0.9,-8.0,M,44.7,M,,*68
29139 1627983341 0 7 $GNGGA,093541.000,4424.28787,N,00852.51420,E,1,12,0.9,-7.8,M,44.7,M,,*6E
29140 1627983342 0 3 2.55 0.00
29141 1627983343 0 4 2.53 1.40
29144 1627983343 0 1 2.330
29146 1627983343 0 0 26.01 8.29 173.8 61.00 104.9 6.54 170.4 16.8 185.9 2.84 40.94 14.2
29147 1627983343 0 7 $GNGGA,093542.000,4424.28749,N,00852.51481,E,1,12,0.9,-7.6,M,44.7,M,,*6A
29148 1627983343 0 7 $GNGGA,093543.000,4424.28716,N,00852.51538,E,1,12,0.9,-7.4,M,44.7,M,,*60
29149 1627983344 0 7 $GNGGA,093544.000,4424.28692,N,00852.51602,E,1,12,0.9,-7.0,M,44.7,M,,*64
29150 1627983345 0 3 2.55 0.00
29151 1627983346 0 4 2.53 1.40
29152 1627983346 0 5 0.03
29153 1627983346 0 6 0.08
29154 1627983346 0 8 4.98 12.32 11.89
29155 1627983346 0 1 2.324
29156 1627983346 0 0 26.02 8.29 173.8 60.95 104.9 6.54 170.4 16.8 185.4 2.80 40.91 14.2
29157 1627983346 0 7 $GNGGA,093545.000,4424.28670,N,00852.51670,E,1,12,0.9,-6.8,M,44.7,M,,*65
29158 1627983346 0 7 $GNGGA,093546.000,4424.28650,N,00852.51738,E,1,12,0.9,-6.6,M,44.7,M,,*67
29159 1627983347 0 7 $GNGGA,093547.000,4424.28632,N,00852.51806,E,1,12,0.9,-6.7,M,44.7,M,,*61
29160 1627983348 0 3 2.55 0.00
29161 1627983349 0 4 2.53 1.40
29162 1627983349 0 5 0.03
29163 1627983349 0 6 0.07
29164 1627983349 0 1 2.592
29165 1627983349 0 8 4.98 12.35 11.89
29166 1627983349 0 0 26.03 8.29 173.8 61.04 104.9 6.54 170.3 16.8 185.5 2.77 40.97 14.2
29167 1627983349 0 7 $GNGGA,093548.000,4424.28618,N,00852.51872,E,1,12,0.9,-6.7,M,44.7,M,,*65
29168 1627983349 0 7 $GNGGA,093549.000,4424.28606,N,00852.51916,E,1,12,0.9,-6.4,M,44.7,M,,*6B
29169 1627983350 0 7 $GNGGA,093550.000,4424.28592,N,00852.51947,E,1,12,0.9,-6.1,M,44.7,M,,*6C
29170 1627983351 0 3 2.55 0.00
29171 1627983352 0 4 2.53 1.40
29172 1627983352 0 5 0.03
29173 1627983352 0 6 0.07
29174 1627983352 0 8 4.98 12.31 11.87
29175 1627983352 0 1 2.820
29176 1627983352 0 0 26.02 8.29 173.8 61.04 105.0 6.54 170.3 16.8 185.4 2.80 40.97 14.2
29177 1627983352 0 7 $GNGGA,093551.000,4424.28591,N,00852.51946,E,1,12,0.9,-6.1,M,44.7,M,,*6F
29178 1627983352 0 7 $GNGGA,093552.000,4424.28588,N,00852.51947,E,1,12,0.9,-6.0,M,44.7,M,,*64
29179 1627983353 0 7 $GNGGA,093553.000,4424.28587,N,00852.51950,E,1,12,0.9,-6.0,M,44.7,M,,*6C
29180 1627983354 0 3 2.55 0.00
29181 1627983355 0 4 2.53 1.41
29182 1627983355 0 5 0.03
29183 1627983355 0 6 0.09
29184 1627983355 0 1 3.919
29185 1627983355 0 8 4.98 12.35 11.89
29186 1627983355 0 0 26.04 8.29 173.8 61.14 105.0 6.54 170.6 16.8 185.7 2.82 41.05 14.2
29187 1627983355 0 7 $GNGGA,093554.000,4424.28590,N,00852.51990,E,1,12,0.9,-6.0,M,44.7,M,,*61
29188 1627983355 0 7 $GNGGA,093555.000,4424.28582,N,00852.52048,E,1,12,0.9,-6.0,M,44.7,M,,*6C
29189 1627983356 0 7 $GNGGA,093556.000,4424.28562,N,00852.52119,E,1,12,0.9,-5.7,M,44.7,M,,*60
29190 1627983357 0 3 2.55 0.00
29191 1627983358 0 4 2.53 1.40
29192 1627983358 0 5 0.03
29193 1627983358 0 6 0.09
29194 1627983358 0 1 3.336
29195 1627983358 0 8 4.98 12.31 11.87
29196 1627983358 0 0 26.04 8.29 173.8 61.15 105.0 6.54 170.5 16.8 185.7 2.79 41.05 14.2
29197 1627983358 0 7 $GNGGA,093557.000,4424.28523,N,00852.52192,E,1,12,0.9,-5.5,M,44.7,M,,*65
29198 1627983358 0 7 $GNGGA,093558.000,4424.28488,N,00852.52246,E,1,12,0.9,-4.8,M,44.7,M,,*6C
29199 1627983359 0 7 $GNGGA,093559.000,4424.28473,N,00852.52306,E,1,12,0.9,-4.6,M,44.7,M,,*62
29200 1627983360 0 3 2.55 0.00
29201 1627983361 0 4 2.53 1.41
29202 1627983361 0 5 0.03
29203 1627983361 0 6 0.07
29204 1627983361 0 8 4.98 12.34 11.89
29205 1627983361 0 7 $GNGGA,093600.000,4424.28471,N,00852.52382,E,1,12,0.9,-4.6,M,44.7,M,,*63
29206 1627983361 0 0 26.05 8.29 173.9 61.15 105.0 6.54 170.6 16.8 185.7 2.78 41.06 14.1
29207 1627983361 0 7 $GNGGA,093601.000,4424.28459,N,00852.52472,E,1,12,0.9,-4.7,M,44.7,M,,*61
29208 1627983362 0 7 $GNGGA,093602.000,4424.28453,N,00852.52558,E,1,12,0.9,-4.8,M,44.7,M,,*6E
29209 1627983363 0 3 2.55 0.00
29210 1627983364 0 4 2.53 1.41
29211 1627983364 0 5 0.03
29212 1627983364 0 6 0.07
29213 1627983364 0 8 4.98 12.35 11.89
29214 1627983364 0 0 26.04 8.29 173.8 61.16 105.0 6.54 170.6 16.8 185.7 2.79 41.06 14.2
29215 1627983364 0 7 $GNGGA,093603.000,4424.28458,N,00852.52652,E,1,12,0.9,-5.0,M,44.7,M,,*64
29216 1627983364 0 7 $GNGGA,093604.000,4424.28473,N,00852.52750,E,1,12,0.9,-5.3,M,44.7,M,,*6A
29217 1627983365 0 7 $GNGGA,093605.000,4424.28487,N,00852.52846,E,1,12,0.9,-5.4,M,44.7,M,,*6F
29218 1627983366 0 3 2.55 0.00
29219 1627983367 0 4 2.53 1.41
29220 1627983367 0 5 0.02
29221 1627983367 0 6 0.06
29222 1627983367 0 8 4.98 12.35 11.89
29223 1627983367 0 0 26.02 8.29 173.8 60.98 105.0 6.54 170.3 16.8 185.6 2.78 40.93 14.2
29224 1627983367 0 7 $GNGGA,093606.000,4424.28493,N,00852.52930,E,1,12,0.9,-5.5,M,44.7,M,,*68
29225 1627983367 0 7 $GNGGA,093607.000,4424.28483,N,00852.53008,E,1,12,0.9,-5.7,M,44.7,M,,*69
29226 1627983368 0 7 $GNGGA,093608.000,4424.28460,N,00852.53090,E,1,12,0.9,-5.9,M,44.7,M,,*64
29227 1627983369 0 3 2.55 0.00
29228 1627983370 0 4 2.53 1.41
29229 1627983370 0 5 0.03
29230 1627983370 0 6 0.06
29231 1627983370 0 8 4.98 12.37 11.89
29232 1627983370 0 0 26.03 8.29 173.8 61.08 105.0 6.54 170.4 16.8 185.4 2.76 41.00 14.2
29233 1627983370 0 7 $GNGGA,093609.000,4424.28422,N,00852.53167,E,1,12,0.9,-6.1,M,44.7,M,,*61
29234 1627983370 0 7 $GNGGA,093610.000,4424.28383,N,00852.53238,E,1,12,0.9,-6.2,M,44.7,M,,*6F
29235 1627983371 0 1 2.619
29236 1627983371 0 7 $GNGGA,093611.000,4424.28366,N,00852.53294,E,1,12,0.9,-6.0,M,44.7,M,,*61
29237 1627983372 0 3 2.55 0.00
29238 1627983373 0 4 2.53 1.40
29239 1627983373 0 5 0.03
29240 1627983373 0 6 0.07
29241 1627983373 0 8 4.98 12.32 11.89
29242 1627983373 0 1 2.472
29243 1627983373 0 0 26.02 8.29 173.8 61.08 104.9 6.54 170.3 16.8 185.9 2.77 41.00 14.2
29244 1627983373 0 7 $GNGGA,093612.000,4424.28343,N,00852.53354,E,1,12,0.9,-5.8,M,44.7,M,,*63
29245 1627983373 0 7 $GNGGA,093613.000,4424.28323,N,00852.53423,E,1,12,0.9,-5.6,M,44.7,M,,*6D
29246 1627983374 0 7 $GNGGA,093614.000,4424.28301,N,00852.53497,E,1,12,0.9,-5.5,M,44.7,M,,*66
29247 1627983375 0 3 2.55 0.00
29248 1627983376 0 4 2.53 1.40
29249 1627983376 0 5 0.02
29250 1627983376 0 6 0.09
29251 1627983376 0 1 2.742
29252 1627983376 0 8 4.98 12.34 11.89
29253 1627983376 0 0 26.02 8.29 173.7 61.02 104.9 6.54 170.3 16.8 185.9 2.80 40.96 14.2
29254 1627983376 0 7 $GNGGA,093615.000,4424.28281,N,00852.53565,E,1,12,0.9,-5.2,M,44.7,M,,*65
29255 1627983376 0 7 $GNGGA,093616.000,4424.28253,N,00852.53626,E,1,12,0.9,-5.2,M,44.7,M,,*6D
29256 1627983377 0 7 $GNGGA,093617.000,4424.28217,N,00852.53698,E,1,12,0.9,-4.8,M,44.7,M,,*62
29257 1627983378 0 3 2.55 0.00
29259 1627983379 0 5 0.02
29262 1627983379 0 1 2.741
29263 1627983379 0 0 26.03 8.29 173.7 61.13 104.9 6.53 170.2 16.8 185.2 2.78 41.04 14.2
29264 1627983379 0 7 $GNGGA,093618.000,4424.28185,N,00852.53772,E,1,12,0.9,-4.7,M,44.7,M,,*6F
29265 1627983379 0 7 $GNGGA,093619.000,4424.28157,N,00852.53860,E,1,12,0.9,-4.9,M,44.7,M,,*63
29266 1627983380 0 7 $GNGGA,093620.000,4424.28123,N,00852.53941,E,1,12,0.9,-5.1,M,44.7,M,,*61
29267 1627983381 0 3 2.55 0.00
29275 1627983382 0 7 $GNGGA,093622.000,4424.28081,N,00852.54076,E,1,12,0.9,-5.6,M,44.7,M,,*67
29276 1627983383 0 7 $GNGGA,093623.000,4424.28083,N,00852.54173,E,1,12,0.9,-5.9,M,44.7,M,,*6F
29277 1627983384 0 3 2.55 0.00
29281 1627983385 0 1 2.454
29282 1627983385 0 8 4.98 12.31 11.87
29283 1627983385 0 0 26.06 8.29 173.7 61.16 104.8 6.53 170.6 16.8 185.5 2.75 41.07 14.2
29284 1627983385 0 7 $GNGGA,093624.000,4424.28091,N,00852.54264,E,1,12,0.9,-6.3,M,44.7,M,,*67
29285 1627983385 0 7 $GNGGA,093625.000,4424.28089,N,00852.54342,E,1,12,0.9,-6.5,M,44.7,M,,*6C
29286 1627983386 0 7 $GNGGA,093626.000,4424.28075,N,00852.54422,E,1,12,0.9,-6.6,M,44.7,M,,*6E
29287 1627983387 0 3 2.55 0.00
29288 1627983388 0 4 2.53 1.40
29289 1627983388 0 5 0.02
29290 1627983388 0 6 0.07
29291 1627983388 0 8 4.98 12.31 11.87
29292 1627983388 0 1 2.606
29293 1627983388 0 0 26.07 8.29 173.7 61.12 104.9 6.53 170.4 16.8 185.7 2.70 41.03 14.2
29294 1627983388 0 7 $GNGGA,093627.000,4424.28062,N,00852.54513,E,1,12,0.9,-6.9,M,44.7,M,,*65
29295 1627983388 0 7 $GNGGA,093628.000,4424.28037,N,00852.54589,E,1,12,0.9,-7.0,M,44.7,M,,*61
29296 1627983389 0 7 $GNGGA,093629.000,4424.28011,N,00852.54679,E,1,12,0.9,-6.9,M,44.7,M,,*60
29297 1627983390 0 3 2.55 0.00
29298 1627983391 0 4 2.53 1.40
29299 1627983391 0 5 0.03
29300 1627983391 0 6 0.06
29301 1627983391 0 1 2.842
29302 1627983391 0 8 4.98 12.19 11.89
29305 1627983391 0 7 $GNGGA,093631.000,4424.27958,N,00852.54829,E,1,12,0.9,-7.1,M,44.7,M,,*60
29306 1627983392 0 7 $GNGGA,093632.000,4424.27951,N,00852.54923,E,1,12,0.9,-7.0,M,44.7,M,,*60
29307 1627983393 0 3 2.55 0.00
29308 1627983394 0 4 2.53 1.40
29309 1627983394 0 5 0.02
29310 1627983394 0 6 0.06
29311 1627983394 0 8 4.98 12.25 11.89
29312 1627983394 0 1 2.536
29313 1627983394 0 0 26.08 8.29 173.6 61.23 104.8 6.52 170.6 16.8 185.7 2.74 41.12 14.2
29314 1627983394 0 7 $GNGGA,093633.000,4424.27925,N,00852.54990,E,1,12,0.9,-7.0,M,44.7,M,,*6A
29315 1627983394 0 7 $GNGGA,093634.000,4424.27898,N,00852.55065,E,1,12,0.9,-7.1,M,44.7,M,,*69
29316 1627983395 0 7 $GNGGA,093635.000,4424.27869,N,00852.55135,E,1,12,0.9,-7.1,M,44.7,M,,*62
29317 1627983396 0 3 2.55 0.00
29326 1627983398 0 7 $GNGGA,093638.000,4424.27795,N,00852.55351,E,1,12,0.9,-6.8,M,44.7,M,,*6B
29327 1627983399 0 3 2.55 0.00
29328 1627983400 0 4 2.53 1.40
29329 1627983400 0 5 0.02
29330 1627983400 0 6 0.08
29331 1627983400 0 8 4.97 12.15 11.89
29332 1627983400 0 1 3.254
29333 1627983400 0 0 26.06 8.29 173.7 61.14 104.8 6.53 170.8 16.8 186.2 2.80 41.05 14.2
29334 1627983400 0 7 $GNGGA,093639.000,4424.27764,N,00852.55422,E,1,12,0.9,-6.8,M,44.7,M,,*67
29335 1627983400 0 7 $GNGGA,093640.000,4424.27742,N,00852.55498,E,1,12,0.9,-7.0,M,44.7,M,,*65
29336 1627983401 0 7 $GNGGA,093641.000,4424.27720,N,00852.55569,E,1,12,0.9,-7.1,M,44.7,M,,*6E
29337 1627983402 0 3 2.55 0.00
29338 1627983403 0 4 2.53 1.40
29339 1627983403 0 5 0.02
29340 1627983403 0 6 0.08
29345 1627983403 0 7 $GNGGA,093643.000,4424.27714,N,00852.55722,E,1,12,0.9,-6.9,M,44.7,M,,*6F
29346 1627983404 0 7 $GNGGA,093644.000,4424.27689,N,00852.55804,E,1,11,0.9,-6.8,M,44.7,M,,*64
29347 1627983405 0 3 2.55 0.00
29348 1627983406 0 4 2.53 1.40
29349 1627983406 0 5 0.03
29350 1627983406 0 6 0.07
29351 1627983406 0 8 4.98 12.31 11.87
29352 1627983406 0 1 2.523
29353 1627983406 0 0 26.09 8.29 173.7 61.22 104.9 6.52 170.6 16.8 185.7 2.75 41.10 14.3
29354 1627983406 0 7 $GNGGA,093645.000,4424.27657,N,00852.55907,E,1,11,0.9,-6.7,M,44.7,M,,*6B
29355 1627983406 0 7 $GNGGA,093646.000,4424.27625,N,00852.56002,E,1,11,0.9,-6.3,M,44.7,M,,*66
29356 1627983407 0 7 $GNGGA,093647.000,4424.27605,N,00852.56070,E,1,11,0.9,-6.0,M,44.7,M,,*63
29357 1627983408 0 3 2.55 0.00
29363 1627983409 0 0 26.08 8.29 173.6 61.21 104.8 6.52 170.9 16.8 186.6 2.63 41.10 14.3
29365 1627983409 0 7 $GNGGA,093649.000,4424.27527,N,00852.56207,E,1,11,0.9,-5.5,M,44.7,M,,*6A
29366 1627983410 0 7 $GNGGA,093650.000,4424.27483,N,00852.56242,E,1,11,0.9,-5.5,M,44.7,M,,*6C
29367 1627983411 0 3 2.55 0.00
29370 1627983412 0 6 0.06
29371 1627983412 0 1 2.900
29373 1627983412 0 0 26.07 8.29 173.7 61.13 104.8 6.53 171.1 16.8 186.5 2.62 41.04 14.3
29376 1627983413 0 7 $GNGGA,093653.000,4424.27397,N,00852.56410,E,1,11,0.9,-6.0,M,44.7,M,,*6A
29377 1627983414 0 3 2.55 0.00
29378 1627983415 0 4 2.53 1.40
29379 1627983415 0 5 0.02
29380 1627983415 0 6 0.05
29381 1627983415 0 8 4.98 12.30 11.89
29382 1627983415 0 1 2.766
29383 1627983415 0 0 26.07 8.29 173.6 61.20 104.9 6.53 170.8 16.8 186.8 2.61 41.09 14.2
29384 1627983415 0 7 $GNGGA,093654.000,4424.27383,N,00852.56471,E,1,11,0.9,-6.0,M,44.7,M,,*6F
29385 1627983415 0 7 $GNGGA,093655.000,4424.27374,N,00852.56558,E,1,11,0.9,-5.8,M,44.7,M,,*67
29386 1627983416 0 7 $GNGGA,093656.000,4424.27366,N,00852.56652,E,1,11,0.9,-5.6,M,44.7,M,,*60
29387 1627983417 0 3 2.55 0.00
29388 1627983418 0 4 2.53 1.40
29389 1627983418 0 5 0.02
29390 1627983418 0 6 0.06
29391 1627983418 0 1 2.685
29395 1627983418 0 7 $GNGGA,093658.000,4424.27320,N,00852.56820,E,1,11,0.9,-5.4,M,44.7,M,,*65
29396 1627983419 0 7 $GNGGA,093659.000,4424.27288,N,00852.56889,E,1,11,0.9,-5.1,M,44.7,M,,*61
29397 1627983420 0 3 2.55 0.00
29401 1627983421 0 8 4.98 12.31 11.89
29402 1627983421 0 1 2.560
29403 1627983421 0 0 26.10 8.29 173.6 61.21 104.8 6.52 170.6 16.8 186.1 2.57 41.10 14.3
29404 1627983421 0 7 $GNGGA,093700.000,4424.27241,N,00852.56958,E,1,11,0.9,-5.0,M,44.7,M,,*65
29405 1627983421 0 7 $GNGGA,093701.000,4424.27208,N,00852.57005,E,1,11,0.9,-5.0,M,44.7,M,,*69
29406 1627983422 0 7 $GNGGA,093702.000,4424.27194,N,00852.57066,E,1,11,0.9,-5.0,M,44.7,M,,*69
29407 1627983423 0 3 2.55 0.00
29410 1627983424 0 6 0.06
29411 1627983424 0 1 2.494
29412 1627983424 0 8 4.98 12.33 11.89
29413 1627983424 0 0 26.10 8.29 173.6 61.15 104.8 6.52 170.7 16.8 186.2 2.60 41.06 14.3
29414 1627983424 0 7 $GNGGA,093703.000,4424.27179,N,00852.57152,E,1,11,0.9,-4.4,M,44.7,M,,*68
29415 1627983424 0 7 $GNGGA,093704.000,4424.27148,N,00852.57214,E,1,11,0.9,-4.6,M,44.7,M,,*6E
29416 1627983425 0 7 $GNGGA,093705.000,4424.27118,N,00852.57273,E,1,11,0.9,-4.5,M,44.7,M,,*68
29417 1627983426 0 3 2.55 0.00
29421 1627983427 0 8 4.98 12.31 11.89
29422 1627983427 0 1 2.446
29424 1627983427 0 7 $GNGGA,093706.000,4424.27085,N,00852.57336,E,1,11,0.9,-4.3,M,44.7,M,,*68
29425 1627983427 0 7 $GNGGA,093707.000,4424.27068,N,00852.57400,E,1,11,0.9,-4.0,M,44.7,M,,*6B
29426 1627983428 0 7 $GNGGA,093708.000,4424.27047,N,00852.57467,E,1,11,0.9,-4.0,M,44.7,M,,*68
29427 1627983429 0 3 2.55 0.00
29428 1627983430 0 4 2.53 1.41
29429 1627983430 0 5 0.02
29430 1627983430 0 6 0.07
29431 1627983430 0 1 2.624
29432 1627983430 0 8 4.98 12.35 11.89
29433 1627983430 0 0 26.10 8.29 173.6 61.20 104.9 6.53 170.8 16.8 186.2 2.56 41.09 14.3
29434 1627983430 0 7 $GNGGA,093709.000,4424.27028,N,00852.57533,E,1,11,0.9,-4.3,M,44.7,M,,*63
29435 1627983430 0 7 $GNGGA,093710.000,4424.27010,N,00852.57596,E,1,11,0.9,-4.4,M,44.7,M,,*68
29436 1627983431 0 7 $GNGGA,093711.000,4424.26991,N,00852.57659,E,1,11,0.9,-4.4,M,44.7,M,,*68
29437 1627983432 0 3 2.55 0.00
29438 1627983433 0 4 2.53 1.41
29439 1627983433 0 5 0.03
29440 1627983433 0 6 0.07
29441 1627983433 0 8 4.98 12.31 11.89
29442 1627983433 0 1 2.429
29443 1627983433 0 0 26.11 8.29 173.5 61.26 104.9 6.52 170.5 16.8 186.4 2.59 41.13 14.3
29444 1627983433 0 7 $GNGGA,093712.000,4424.26976,N,00852.57716,E,1,11,0.9,-4.5,M,44.7,M,,*69
29445 1627983433 0 7 $GNGGA,093713.000,4424.26969,N,00852.57785,E,1,11,0.9,-4.6,M,44.7,M,,*6F
29446 1627983434 0 7 $GNGGA,093714.000,4424.26962,N,00852.57862,E,1,11,0.9,-4.7,M,44.7,M,,*64
29447 1627983435 0 3 2.55 0.00
29448 1627983436 0 4 2.53 1.41
29449 1627983436 0 5 0.02
29450 1627983436 0 6 0.08
29451 1627983436 0 1 3.277
29452 1627983436 0 8 4.98 12.36 11.89
29453 1627983436 0 0 26.11 8.29 173.6 61.27 104.9 6.52 170.7 16.8 186.5 2.62 41.14 14.4
29454 1627983436 0 7 $GNGGA,093715.000,4424.26949,N,00852.57950,E,1,11,0.9,-4.7,M,44.7,M,,*6C
29455 1627983436 0 7 $GNGGA,093716.000,4424.26936,N,00852.58043,E,1,11,0.9,-4.9,M,44.7,M,,*6D
29456 1627983437 0 7 $GNGGA,093717.000,4424.26924,N,00852.58128,E,1,11,0.9,-5.1,M,44.7,M,,*6A
29457 1627983438 0 3 2.55 0.00
29458 1627983439 0 4 2.53 1.41
29459 1627983439 0 5 0.03
29460 1627983439 0 6 0.06
29461 1627983439 0 1 2.697
29462 1627983439 0 8 4.98 12.33 11.89
29463 1627983439 0 0 26.10 8.29 173.5 61.26 105.0 6.53 170.9 16.8 186.8 2.62 41.14 14.4
29464 1627983439 0 7 $GNGGA,093718.000,4424.26913,N,00852.58181,E,1,11,0.9,-5.1,M,44.7,M,,*62
29465 1627983439 0 7 $GNGGA,093719.000,4424.26900,N,00852.58214,E,1,11,0.9,-4.8,M,44.7,M,,*66
29466 1627983440 0 7 $GNGGA,093720.000,4424.26897,N,00852.58273,E,1,11,0.9,-4.4,M,44.7,M,,*6E
29467 1627983441 0 3 2.55 0.00
29468 1627983442 0 4 2.53 1.41
29469 1627983442 0 5 0.02
29470 1627983442 0 6 0.06
29471 1627983442 0 8 4.98 12.34 11.89
29472 1627983442 0 1 3.124
29473 1627983442 0 0 26.09 8.29 173.5 61.30 105.0 6.53 171.0 16.8 186.6 2.65 41.17 14.3
29474 1627983442 0 7 $GNGGA,093721.000,4424.26890,N,00852.58343,E,1,11,0.9,-4.3,M,44.7,M,,*6D
29475 1627983442 0 7 $GNGGA,093722.000,4424.26889,N,00852.58403,E,1,11,0.9,-4.1,M,44.7,M,,*67
29476 1627983443 0 7 $GNGGA,093723.000,4424.26898,N,00852.58468,E,1,11,0.9,-4.0,M,44.7,M,,*6A
29477 1627983444 0 3 2.55 0.00
29478 1627983445 0 4 2.53 1.40
29479 1627983445 0 5 0.03
29480 1627983445 0 6 0.07
29481 1627983445 0 1 3.349
29482 1627983445 0 8 4.98 12.35 11.89
29483 1627983445 0 0 26.09 8.29 173.5 61.20 105.1 6.54 170.8 16.8 186.6 2.66 41.09 14.3
29484 1627983445 0 7 $GNGGA,093724.000,4424.26920,N,00852.58536,E,1,11,0.9,-4.0,M,44.7,M,,*65
29485 1627983445 0 7 $GNGGA,093725.000,4424.26940,N,00852.58609,E,1,11,0.9,-4.0,M,44.7,M,,*6D
29486 1627983446 0 7 $GNGGA,093726.000,4424.26956,N,00852.58690,E,1,11,0.9,-4.0,M,44.7,M,,*69
29487 1627983447 0 3 2.55 0.00
29488 1627983448 0 4 2.53 1.41
29489 1627983448 0 5 0.03
29490 1627983448 0 6 0.07
29491 1627983448 0 8 4.98 12.34 11.89
29492 1627983448 0 1 4.044
29493 1627983448 0 0 26.09 8.29 173.5 61.21 105.1 6.54 170.8 16.8 186.1 2.65 41.10 14.3
29494 1627983448 0 7 $GNGGA,093727.000,4424.26916,N,00852.58776,E,1,11,0.9,-4.4,M,44.7,M,,*61
29495 1627983448 0 7 $GNGGA,093728.000,4424.26909,N,00852.58862,E,1,11,0.9,-4.7,M,44.7,M,,*69
29496 1627983449 0 7 $GNGGA,093729.000,4424.26902,N,00852.58947,E,1,11,0.9,-5.0,M,44.7,M,,*63
29497 1627983450 0 2 0.03730000 2.94600009 1.21510004 0.02270000 2.76780009 0.00400000 0.04700000 0.16549999 1.00000000 89.75000000
29498 1627983450 0 3 2.55 0.00
29499 1627983451 0 4 2.53 1.41
29500 1627983451 0 5 0.03
29501 1627983451 0 6 0.07
29502 1627983451 0 1 3.981
29503 1627983451 0 8 4.98 12.37 11.87
29504 1627983451 0 0 26.09 8.29 173.6 61.19 105.1 6.54 170.9 16.8 186.5 2.67 41.09 14.2
29505 1627983451 0 7 $GNGGA,093730.000,4424.26892,N,00852.59026,E,1,11,0.9,-5.0,M,44.7,M,,*6C
29506 1627983451 0 7 $GNGGA,093731.000,4424.26879,N,00852.59093,E,1,11,0.9,-5.3,M,44.7,M,,*65
29507 1627983452 0 7 $GNGGA,093732.000,4424.26868,N,00852.59185,E,1,11,0.9,-5.7,M,44.7,M,,*64
29508 1627983453 0 3 2.55 0.00
29509 1627983454 0 4 2.53 1.41
29510 1627983454 0 5 0.03
29511 1627983454 0 6 0.06
29512 1627983454 0 8 4.98 12.34 11.89
29513 1627983454 0 1 4.220
29514 1627983454 0 0 26.07 8.29 173.5 61.28 105.1 6.54 171.2 16.8 187.1 2.69 41.15 14.3
29515 1627983454 0 7 $GNGGA,093733.000,4424.26855,N,00852.59302,E,1,11,0.9,-6.2,M,44.7,M,,*60
29516 1627983454 0 7 $GNGGA,093734.000,4424.26829,N,00852.59398,E,1,11,0.9,-6.7,M,44.7,M,,*6A
29517 1627983455 0 7 $GNGGA,093735.000,4424.26786,N,00852.59470,E,1,11,0.9,-6.9,M,44.7,M,,*6E
29518 1627983456 0 3 2.55 0.00
29519 1627983457 0 4 2.53 1.41
29520 1627983457 0 5 0.03
29521 1627983457 0 6 0.06
29522 1627983457 0 1 4.308
29523 1627983457 0 8 4.98 12.37 11.89
29524 1627983457 0 0 26.07 8.29 173.5 61.22 105.2 6.54 171.0 16.8 186.2 2.68 41.11 14.2
29525 1627983457 0 7 $GNGGA,093736.000,4424.26747,N,00852.59527,E,1,11,0.9,-7.1,M,44.7,M,,*6A
29526 1627983457 0 7 $GNGGA,093737.000,4424.26711,N,00852.59588,E,1,11,0.9,-6.8,M,44.7,M,,*65
29527 1627983458 0 7 $GNGGA,093738.000,4424.26687,N,00852.59658,E,1,11,0.9,-6.4,M,44.7,M,,*66
29528 1627983459 0 3 2.55 0.00
29529 1627983460 0 4 2.53 1.41
29530 1627983460 0 5 0.03
29531 1627983460 0 6 0.08
29532 1627983460 0 8 4.98 12.34 11.89
29533 1627983460 0 1 3.780
29534 1627983460 0 0 26.09 8.29 173.5 61.21 105.2 6.54 170.8 16.8 186.5 2.64 41.10 14.3
29535 1627983460 0 7 $GNGGA,093739.000,4424.26665,N,00852.59739,E,1,11,0.9,-6.1,M,44.7,M,,*68
29536 1627983460 0 7 $GNGGA,093740.000,4424.26640,N,00852.59820,E,1,11,0.9,-6.1,M,44.7,M,,*66
29537 1627983461 0 7 $GNGGA,093741.000,4424.26620,N,00852.59884,E,1,11,0.9,-6.1,M,44.7,M,,*6F
29538 1627983462 0 3 2.55 0.00
29539 1627983463 0 4 2.53 1.41
29540 1627983463 0 5 0.03
29541 1627983463 0 6 0.07
29542 1627983463 0 1 4.385
29543 1627983463 0 8 4.98 12.37 11.89
29544 1627983463 0 0 26.08 8.29 173.5 61.18 105.2 6.55 171.0 16.8 186.4 2.65 41.08 14.3
29545 1627983463 0 7 $GNGGA,093742.000,4424.26577,N,00852.59943,E,1,11,0.9,-6.1,M,44.7,M,,*67
29546 1627983463 0 7 $GNGGA,093743.000,4424.26546,N,00852.60010,E,1,11,0.9,-6.0,M,44.7,M,,*60
29547 1627983464 0 7 $GNGGA,093744.000,4424.26522,N,00852.60090,E,1,11,0.9,-6.0,M,44.7,M,,*6D
29548 1627983465 0 3 2.55 0.00
29549 1627983466 0 4 2.53 1.41
29550 1627983466 0 5 0.03
29551 1627983466 0 6 0.07
29552 1627983466 0 1 3.100
29553 1627983466 0 8 4.98 12.34 11.89
29554 1627983466 0 0 26.08 8.29 173.5 61.18 105.2 6.55 171.0 16.8 186.5 2.68 41.07 14.2
29556 1627983466 0 7 $GNGGA,093746.000,4424.26466,N,00852.60271,E,1,11,0.9,-5.7,M,44.7,M,,*67
29557 1627983467 0 7 $GNGGA,093747.000,4424.26443,N,00852.60337,E,1,11,0.9,-5.3,M,44.7,M,,*66
29558 1627983468 0 3 2.55 0.00
29559 1627983469 0 4 2.53 1.41
29560 1627983469 0 5 0.03
29561 1627983469 0 6 0.08
29562 1627983469 0 8 4.98 12.33 11.89
29563 1627983469 0 1 3.264
29564 1627983469 0 0 26.08 8.29 173.5 61.16 105.2 6.55 170.9 16.8 186.9 2.69 41.06 14.3
29565 1627983469 0 7 $GNGGA,093748.000,4424.26419,N,00852.60384,E,1,11,0.9,-5.0,M,44.7,M,,*6D
29566 1627983469 0 7 $GNGGA,093749.000,4424.26390,N,00852.60436,E,1,11,0.9,-4.9,M,44.7,M,,*6C
29567 1627983470 0 7 $GNGGA,093750.000,4424.26372,N,00852.60504,E,1,11,0.9,-4.7,M,44.7,M,,*66
29568 1627983471 0 3 2.55 0.00
29569 1627983472 0 4 2.53 1.41
29570 1627983472 0 5 0.03
29571 1627983472 0 6 0.07
29572 1627983472 0 1 2.437
29573 1627983472 0 8 4.98 12.36 11.87
29574 1627983472 0 0 26.08 8.29 173.4 61.25 105.2 6.55 170.9 16.8 186.8 2.70 41.13 14.3
29575 1627983472 0 7 $GNGGA,093751.000,4424.26367,N,00852.60584,E,1,11,0.9,-4.6,M,44.7,M,,*6A
29576 1627983472 0 7 $GNGGA,093752.000,4424.26370,N,00852.60642,E,1,12,0.9,-4.7,M,44.7,M,,*64
29577 1627983473 0 7 $GNGGA,093753.000,4424.26371,N,00852.60699,E,1,12,0.9,-4.8,M,44.7,M,,*6D
29578 1627983474 0 3 2.55 0.00
29579 1627983475 0 4 2.53 1.41
29580 1627983475 0 5 0.03
29581 1627983475 0 6 0.09
29582 1627983475 0 8 4.98 12.33 11.87
29583 1627983475 0 1 2.727
29584 1627983475 0 0 26.07 8.29 173.5 61.17 105.2 6.55 171.0 16.8 186.8 2.73 41.07 14.2
29585 1627983475 0 7 $GNGGA,093754.000,4424.26370,N,00852.60763,E,1,12,0.9,-4.9,M,44.7,M,,*6E
29586 1627983475 0 7 $GNGGA,093755.000,4424.26352,N,00852.60826,E,1,12,0.9,-4.9,M,44.7,M,,*61
29587 1627983476 0 7 $GNGGA,093756.000,4424.26327,N,00852.60881,E,1,12,0.9,-4.7,M,44.7,M,,*63
29588 1627983477 0 3 2.55 0.00
29589 1627983478 0 4 2.53 1.41
29590 1627983478 0 5 0.03
29591 1627983478 0 6 0.08
29592 1627983478 0 1 2.643
29593 1627983478 0 8 4.98 12.36 11.87
29594 1627983478 0 0 26.06 8.29 173.5 61.20 105.2 6.55 170.9 16.8 186.3 2.80 41.09 14.2
29595 1627983478 0 7 $GNGGA,093757.000,4424.26281,N,00852.60961,E,1,12,0.9,-4.9,M,44.7,M,,*6E
29596 1627983478 0 7 $GNGGA,093758.000,4424.26250,N,00852.61049,E,1,12,0.9,-5.0,M,44.7,M,,*67
29597 1627983479 0 7 $GNGGA,093759.000,4424.26225,N,00852.61140,E,1,12,0.9,-5.1,M,44.7,M,,*6D
29598 1627983480 0 3 2.55 0.00
29599 1627983481 0 4 2.53 1.42
29600 1627983481 0 5 0.03
29601 1627983481 0 6 0.08
29602 1627983481 0 8 4.98 12.34 11.89
29603 1627983481 0 1 2.564
29604 1627983481 0 0 26.06 8.29 173.4 61.18 105.2 6.55 170.9 16.8 186.3 2.85 41.07 14.2
29605 1627983481 0 7 $GNGGA,093800.000,4424.26197,N,00852.61222,E,1,12,0.9,-5.3,M,44.7,M,,*61
29606 1627983481 0 7 $GNGGA,093801.000,4424.26169,N,00852.61299,E,1,12,0.9,-5.7,M,44.7,M,,*65
29607 1627983482 0 7 $GNGGA,093802.000,4424.26151,N,00852.61391,E,1,12,0.9,-6.0,M,44.7,M,,*60
29608 1627983483 0 3 2.55 0.00
29609 1627983484 0 4 2.53 1.41
29610 1627983484 0 5 0.03
29611 1627983484 0 6 0.07
29612 1627983484 0 1 2.843
29613 1627983484 0 8 4.98 12.37 11.89
29614 1627983484 0 0 26.06 8.29 173.4 61.23 105.2 6.55 170.9 16.8 186.6 2.84 41.11 14.2
29615 1627983484 0 7 $GNGGA,093803.000,4424.26133,N,00852.61473,E,1,12,0.9,-6.3,M,44.7,M,,*6D
29616 1627983484 0 7 $GNGGA,093804.000,4424.26112,N,00852.61552,E,1,12,0.9,-6.4,M,44.7,M,,*6C
29617 1627983485 0 7 $GNGGA,093805.000,4424.26102,N,00852.61651,E,1,12,0.9,-6.4,M,44.7,M,,*6C
29618 1627983486 0 3 2.55 0.00
29619 1627983487 0 4 2.53 1.41
29620 1627983487 0 5 0.03
29621 1627983487 0 6 0.07
29622 1627983487 0 8 4.98 12.34 11.89
29623 1627983487 0 1 2.786
29624 1627983487 0 0 26.06 8.29 173.4 61.16 105.2 6.55 170.8 16.8 186.1 2.82 41.07 14.1
29625 1627983487 0 7 $GNGGA,093806.000,4424.26108,N,00852.61735,E,1,12,0.9,-6.2,M,44.7,M,,*60
29626 1627983487 0 7 $GNGGA,093807.000,4424.26120,N,00852.61812,E,1,12,0.9,-6.1,M,44.7,M,,*62
29627 1627983488 0 7 $GNGGA,093808.000,4424.26127,N,00852.61864,E,1,12,0.9,-5.9,M,44.7,M,,*60
29628 1627983489 0 3 2.55 0.00
29633 1627983490 0 8 4.98 12.38 11.89
29636 1627983490 0 7 $GNGGA,093810.000,4424.26113,N,00852.61965,E,1,12,0.9,-5.4,M,44.7,M,,*63
29637 1627983491 0 7 $GNGGA,093811.000,4424.26109,N,00852.62023,E,1,12,0.9,-5.1,M,44.7,M,,*64
29638 1627983492 0 3 2.55 0.00
29639 1627983493 0 4 2.53 1.41
29640 1627983493 0 5 0.02
29641 1627983493 0 6 0.10
29642 1627983493 0 1 2.884
29643 1627983493 0 8 4.98 12.33 11.89
29644 1627983493 0 0 26.06 8.29 173.4 61.09 105.2 6.55 170.8 16.8 186.2 2.81 41.01 14.2
29645 1627983493 0 7 $GNGGA,093812.000,4424.26119,N,00852.62089,E,1,12,0.9,-5.0,M,44.7,M,,*67
29646 1627983493 0 7 $GNGGA,093813.000,4424.26121,N,00852.62169,E,1,12,0.9,-4.9,M,44.7,M,,*6A
29647 1627983494 0 7 $GNGGA,093814.000,4424.26125,N,00852.62248,E,1,12,0.9,-4.8,M,44.7,M,,*68
29648 1627983495 0 3 2.55 0.00
29649 1627983496 0 4 2.53 1.42
29650 1627983496 0 5 0.03
29651 1627983496 0 6 0.08
29652 1627983496 0 8 4.98 12.33 11.89
29653 1627983496 0 1 2.367
29654 1627983496 0 0 26.06 8.29 173.4 61.10 105.2 6.55 170.7 16.8 186.1 2.78 41.02 14.2
29655 1627983496 0 7 $GNGGA,093815.000,4424.26122,N,00852.62322,E,1,12,0.9,-4.7,M,44.7,M,,*6C
29656 1627983496 0 7 $GNGGA,093816.000,4424.26111,N,00852.62391,E,1,12,0.9,-4.6,M,44.7,M,,*66
29657 1627983497 0 7 $GNGGA,093817.000,4424.26109,N,00852.62464,E,1,12,0.9,-4.5,M,44.7,M,,*60
29658 1627983498 0 3 2.55 0.00
29659 1627983499 0 4 2.53 1.42
29660 1627983499 0 5 0.03
29661 1627983499 0 6 0.09
29662 1627983499 0 1 2.250
29663 1627983499 0 8 4.98 12.37 11.89
29664 1627983499 0 0 26.05 8.28 173.4 61.17 105.2 6.55 171.1 16.8 186.4 2.77 41.07 14.1
29665 1627983499 0 7 $GNGGA,093818.000,4424.26128,N,00852.62530,E,1,12,0.9,-4.5,M,44.7,M,,*6C
29666 1627983499 0 7 $GNGGA,093819.000,4424.26135,N,00852.62595,E,1,12,0.9,-4.7,M,44.7,M,,*6C
29667 1627983500 0 7 $GNGGA,093820.000,4424.26133,N,00852.62678,E,1,12,0.9,-4.9,M,44.7,M,,*6E
29668 1627983502 0 3 2.55 0.00
29669 1627983502 0 4 2.53 1.41
29670 1627983502 0 5 0.03
29671 1627983502 0 6 0.08
29672 1627983502 0 8 4.98 12.34 11.89
29673 1627983502 0 1 2.389
29674 1627983503 0 0 26.04 8.28 173.4 61.12 105.2 6.55 171.2 16.8 186.6 2.81 41.03 14.1
29675 1627983503 0 7 $GNGGA,093821.000,4424.26127,N,00852.62773,E,1,12,0.9,-5.0,M,44.7,M,,*68
29676 1627983503 0 7 $GNGGA,093822.000,4424.26126,N,00852.62875,E,1,12,0.9,-5.4,M,44.7,M,,*67
29677 1627983504 0 7 $GNGGA,093823.000,4424.26125,N,00852.62968,E,1,12,0.9,-5.1,M,44.7,M,,*6D
29678 1627983505 0 3 2.55 0.00
29679 1627983505 0 4 2.53 1.41
29680 1627983505 0 5 0.03
29681 1627983505 0 6 0.07
29682 1627983505 0 1 2.553
29683 1627983506 0 8 4.98 12.37 11.89
29684 1627983506 0 0 26.05 8.28 173.4 61.16 105.1 6.55 171.1 16.8 186.5 2.86 41.06 14.1
29685 1627983506 0 7 $GNGGA,093824.000,4424.26101,N,00852.63039,E,1,12,0.9,-4.6,M,44.7,M,,*66
29686 1627983506 0 7 $GNGGA,093825.000,4424.26076,N,00852.63101,E,1,12,0.9,-4.3,M,44.7,M,,*69
29687 1627983507 0 7 $GNGGA,093826.000,4424.26054,N,00852.63159,E,1,12,0.9,-4.0,M,44.7,M,,*64
29688 1627983508 0 3 2.55 0.00
29689 1627983508 0 4 2.53 1.41
29690 1627983508 0 5 0.03
29691 1627983508 0 6 0.05
29692 1627983508 0 8 4.98 12.34 11.87
29693 1627983508 0 1 3.600
29694 1627983509 0 0 26.05 8.29 173.4 61.19 105.1 6.54 170.8 16.8 186.4 2.81 41.09 14.1
29695 1627983509 0 7 $GNGGA,093827.000,4424.26035,N,00852.63222,E,1,12,0.9,-3.9,M,44.7,M,,*63
29696 1627983509 0 7 $GNGGA,093828.000,4424.26012,N,00852.63293,E,1,12,0.9,-4.0,M,44.7,M,,*6D
29697 1627983510 0 7 $GNGGA,093829.000,4424.25983,N,00852.63394,E,1,12,0.9,-4.1,M,44.7,M,,*69
29698 1627983511 0 3 2.55 0.00
29699 1627983511 0 4 2.53 1.40
29700 1627983511 0 5 0.03
29701 1627983511 0 6 0.06
29702 1627983511 0 1 3.632
29703 1627983512 0 8 4.98 12.23 11.89
29704 1627983512 0 0 26.05 8.28 173.4 61.15 105.1 6.54 171.1 16.8 186.6 2.77 41.05 14.1
29705 1627983512 0 7 $GNGGA,093830.000,4424.25977,N,00852.63471,E,1,12,0.9,-4.1,M,44.7,M,,*66
29706 1627983512 0 7 $GNGGA,093831.000,4424.25978,N,00852.63551,E,1,12,0.9,-4.3,M,44.7,M,,*69
29707 1627983513 0 7 $GNGGA,093832.000,4424.25968,N,00852.63623,E,1,12,0.9,-4.2,M,44.7,M,,*6C
29708 1627983514 0 3 2.55 0.00
29709 1627983514 0 4 2.53 1.40
29710 1627983514 0 5 0.02
29711 1627983514 0 6 0.07
29712 1627983514 0 8 4.98 12.19 11.84
29713 1627983514 0 1 3.569
29714 1627983515 0 0 26.04 8.28 173.4 61.19 105.0 6.54 171.1 16.8 186.6 2.78 41.09 14.1
29715 1627983515 0 7 $GNGGA,093833.000,4424.25937,N,00852.63683,E,1,12,0.9,-3.9,M,44.7,M,,*61
29716 1627983515 0 7 $GNGGA,093834.000,4424.25901,N,00852.63743,E,1,12,0.9,-3.5,M,44.7,M,,*62
29717 1627983516 0 7 $GNGGA,093835.000,4424.25872,N,00852.63815,E,1,12,0.9,-3.3,M,44.7,M,,*6C
29718 1627983517 0 3 2.55 0.00
29719 1627983517 0 4 2.53 1.40
29720 1627983517 0 5 0.02
29721 1627983517 0 6 0.11
29722 1627983517 0 1 4.070
29723 1627983518 0 8 4.98 12.36 11.87
29724 1627983518 0 0 26.06 8.28 173.4 61.24 105.0 6.53 170.9 16.8 185.9 2.80 41.12 14.1
29725 1627983518 0 7 $GNGGA,093836.000,4424.25856,N,00852.63883,E,1,12,0.9,-3.2,M,44.7,M,,*67
29726 1627983518 0 7 $GNGGA,093837.000,4424.25845,N,00852.63948,E,1,12,0.9,-3.2,M,44.7,M,,*62
29727 1627983519 0 7 $GNGGA,093838.000,4424.25832,N,00852.64014,E,1,12,0.9,-3.2,M,44.7,M,,*6A
29728 1627983520 0 3 2.55 0.00
29729 1627983520 0 4 2.53 1.40
29730 1627983520 0 5 0.03
29731 1627983520 0 6 0.06
29732 1627983520 0 1 3.238
29733 1627983521 0 8 4.98 12.19 11.89
29734 1627983521 0 0 26.07 8.29 173.3 61.24 104.9 6.53 170.9 16.8 186.1 2.77 41.12 14.2
29735 1627983521 0 7 $GNGGA,093839.000,4424.25821,N,00852.64075,E,1,12,0.9,-3.1,M,44.7,M,,*6D
29736 1627983521 0 7 $GNGGA,093840.000,4424.25808,N,00852.64131,E,1,12,0.9,-3.1,M,44.7,M,,*69
29737 1627983522 0 7 $GNGGA,093841.000,4424.25789,N,00852.64199,E,1,12,0.9,-3.0,M,44.7,M,,*6D
29738 1627983523 0 7 $GNGGA,093842.000,4424.25775,N,00852.64273,E,1,12,0.9,-2.9,M,44.7,M,,*62
29739 1627983523 0 3 2.55 0.00
29740 1627983523 0 4 2.53 1.40
29741 1627983523 0 5 0.02
29742 1627983523 0 6 0.05
29743 1627983523 0 8 4.98 12.35 11.89
29744 1627983524 0 1 3.479
29745 1627983524 0 0 26.07 8.29 173.3 61.15 104.9 6.53 170.9 16.8 186.0 2.71 41.06 14.2
29746 1627983524 0 7 $GNGGA,093843.000,4424.25762,N,00852.64346,E,1,12,0.9,-2.9,M,44.7,M,,*62
29747 1627983525 0 7 $GNGGA,093844.000,4424.25751,N,00852.64424,E,1,12,0.9,-3.2,M,44.7,M,,*6C
29748 1627983526 0 3 2.55 0.00
29749 1627983526 0 4 2.53 1.40
29750 1627983526 0 5 0.02
29751 1627983526 0 6 0.07
29752 1627983526 0 1 3.238
29753 1627983527 0 8 4.98 12.35 11.89
29754 1627983527 0 0 26.06 8.29 173.3 61.25 104.9 6.53 171.1 16.8 186.1 2.71 41.13 14.2
29755 1627983527 0 7 $GNGGA,093845.000,4424.25730,N,00852.64501,E,1,12,0.9,-3.1,M,44.7,M,,*6F
29756 1627983527 0 7 $GNGGA,093846.000,4424.25705,N,00852.64586,E,1,12,0.9,-3.1,M,44.7,M,,*65
29757 1627983528 0 7 $GNGGA,093847.000,4424.25689,N,00852.64677,E,1,12,0.9,-2.6,M,44.7,M,,*6A
29758 1627983529 0 3 2.55 0.00
29759 1627983529 0 4 2.53 1.40
29760 1627983529 0 5 0.02
29761 1627983529 0 6 0.07
29762 1627983529 0 8 4.98 12.18 11.87
29763 1627983529 0 1 3.968
29764 1627983530 0 0 26.05 8.29 173.4 61.21 104.8 6.53 171.2 16.8 186.7 2.71 41.10 14.1
29765 1627983530 0 7 $GNGGA,093848.000,4424.25667,N,00852.64770,E,1,12,0.9,-2.2,M,44.7,M,,*67
29766 1627983530 0 7 $GNGGA,093849.000,4424.25633,N,00852.64861,E,1,12,0.9,-2.1,M,44.7,M,,*6B
29767 1627983531 0 7 $GNGGA,093850.000,4424.25619,N,00852.64950,E,1,12,0.9,-2.1,M,44.7,M,,*68
29768 1627983532 0 3 2.55 0.00
29769 1627983532 0 4 2.53 1.40
29770 1627983532 0 5 0.02
29771 1627983532 0 6 0.07
29772 1627983532 0 1 3.749
29773 1627983533 0 8 4.98 12.37 11.89
29774 1627983533 0 0 26.05 8.29 173.3 61.19 104.7 6.52 171.0 16.8 186.7 2.71 41.08 14.1
29776 1627983533 0 7 $GNGGA,093852.000,4424.25646,N,00852.65077,E,1,12,0.9,-2.1,M,44.7,M,,*6D
29777 1627983534 0 7 $GNGGA,093853.000,4424.25671,N,00852.65137,E,1,12,0.9,-2.1,M,44.7,M,,*6D
29778 1627983535 0 7 $GNGGA,093854.000,4424.25658,N,00852.65175,E,1,12,0.9,-2.1,M,44.7,M,,*67
29779 1627983535 0 3 2.55 0.00
29780 1627983535 0 4 2.53 1.40
29781 1627983535 0 5 0.03
29782 1627983536 0 6 0.05
29783 1627983536 0 8 4.98 12.33 11.89
29784 1627983536 0 1 3.518
29785 1627983536 0 0 26.05 8.29 173.3 61.20 104.7 6.52 171.0 16.8 186.3 2.65 41.09 14.2
29786 1627983536 0 7 $GNGGA,093855.000,4424.25627,N,00852.65218,E,1,12,0.9,-2.1,M,44.7,M,,*66
29787 1627983537 0 7 $GNGGA,093856.000,4424.25617,N,00852.65276,E,1,12,0.9,-2.0,M,44.7,M,,*6F
29788 1627983538 0 7 $GNGGA,093857.000,4424.25614,N,00852.65344,E,1,12,0.9,-1.7,M,44.7,M,,*69
29789 1627983538 0 3 2.55 0.00
29790 1627983538 0 4 2.53 1.40
29791 1627983538 0 5 0.02
29792 1627983538 0 6 0.05
29793 1627983538 0 1 3.531
29794 1627983539 0 8 4.98 12.36 11.89
29795 1627983539 0 0 26.05 8.29 173.3 61.17 104.6 6.51 171.1 16.8 186.6 2.65 41.07 14.2
29796 1627983539 0 7 $GNGGA,093858.000,4424.25617,N,00852.65419,E,1,12,0.9,-1.4,M,44.7,M,,*69
29797 1627983540 0 7 $GNGGA,093859.000,4424.25633,N,00852.65497,E,1,12,0.9,-1.1,M,44.7,M,,*6D
29798 1627983541 0 3 2.55 0.00
29799 1627983541 0 4 2.53 1.40
29800 1627983541 0 5 0.03
29801 1627983541 0 6 0.06
29802 1627983542 0 8 4.98 12.34 11.89
29803 1627983542 0 1 2.875
29804 1627983542 0 0 26.05 8.29 173.3 61.14 104.6 6.51 170.9 16.8 186.4 2.65 41.05 14.1
29805 1627983542 0 7 $GNGGA,093900.000,4424.25648,N,00852.65581,E,1,12,0.9,-1.2,M,44.7,M,,*69
29806 1627983542 0 7 $GNGGA,093901.000,4424.25642,N,00852.65677,E,1,12,0.9,-1.5,M,44.7,M,,*6F
29807 1627983543 0 7 $GNGGA,093902.000,4424.25633,N,00852.65764,E,1,12,0.9,-1.5,M,44.7,M,,*69
29808 1627983544 0 7 $GNGGA,093903.000,4424.25618,N,00852.65845,E,1,12,0.9,-1.4,M,44.7,M,,*6C
29809 1627983544 0 3 2.55 0.00
29810 1627983544 0 4 2.53 1.40
29811 1627983544 0 5 0.03
29812 1627983544 0 6 0.07
29813 1627983544 0 1 2.888
29814 1627983545 0 8 4.98 12.37 11.89
29815 1627983545 0 0 26.07 8.29 173.3 61.12 104.5 6.51 170.8 16.8 186.1 2.68 41.03 14.2
29816 1627983545 0 7 $GNGGA,093904.000,4424.25595,N,00852.65925,E,1,12,0.9,-1.6,M,44.7,M,,*68
29817 1627983546 0 7 $GNGGA,093905.000,4424.25586,N,00852.65993,E,1,12,0.9,-1.7,M,44.7,M,,*67
29818 1627983547 0 7 $GNGGA,093906.000,4424.25567,N,00852.66077,E,1,12,0.9,-1.6,M,44.7,M,,*6A
29819 1627983547 0 3 2.55 0.00
29820 1627983547 0 4 2.53 1.40
29821 1627983547 0 5 0.03
29822 1627983548 0 6 0.06
29823 1627983548 0 1 2.341
29824 1627983548 0 8 4.98 12.34 11.89
29825 1627983548 0 0 26.06 8.29 173.2 61.18 104.5 6.51 170.7 16.8 186.4 2.69 41.08 14.2
29826 1627983548 0 7 $GNGGA,093907.000,4424.25546,N,00852.66159,E,1,12,0.9,-1.4,M,44.7,M,,*67
29827 1627983549 0 7 $GNGGA,093908.000,4424.25538,N,00852.66249,E,1,12,0.9,-1.2,M,44.7,M,,*65
29828 1627983550 0 3 2.55 0.00
29829 1627983550 0 4 2.53 1.40
29830 1627983550 0 5 0.03
29831 1627983550 0 6 0.06
29832 1627983550 0 8 4.98 12.34 11.89
29833 1627983550 0 1 2.600
29834 1627983551 0 0 26.06 8.29 173.3 61.20 104.5 6.50 170.9 16.8 186.6 2.69 41.09 14.1
29835 1627983551 0 7 $GNGGA,093909.000,4424.25541,N,00852.66327,E,1,12,0.9,-1.3,M,44.7,M,,*62
29836 1627983551 0 7 $GNGGA,093910.000,4424.25533,N,00852.66396,E,1,12,0.9,-1.4,M,44.7,M,,*62
29837 1627983552 0 7 $GNGGA,093911.000,4424.25519,N,00852.66478,E,1,12,0.9,-1.5,M,44.7,M,,*6D
29838 1627983553 0 3 2.55 0.00
29839 1627983553 0 4 2.53 1.40
29840 1627983553 0 5 0.03
29841 1627983553 0 6 0.07
29842 1627983554 0 1 2.047
29843 1627983554 0 8 4.98 12.36 11.89
29844 1627983554 0 0 26.06 8.29 173.2 61.16 104.5 6.50 170.9 16.8 186.7 2.69 41.06 14.2
29845 1627983554 0 7 $GNGGA,093912.000,4424.25501,N,00852.66574,E,1,12,0.9,-1.5,M,44.7,M,,*6A
29846 1627983554 0 7 $GNGGA,093913.000,4424.25477,N,00852.66647,E,1,12,0.9,-1.3,M,44.7,M,,*6E
29847 1627983555 0 7 $GNGGA,093914.000,4424.25440,N,00852.66741,E,1,12,0.9,-0.8,M,44.7,M,,*60
29848 1627983556 0 3 2.55 0.00
29849 1627983556 0 4 2.53 1.40
29850 1627983556 0 5 0.03
29851 1627983556 0 6 0.06
29852 1627983556 0 8 4.98 12.34 11.89
29853 1627983556 0 1 2.419
29854 1627983557 0 0 26.05 8.29 173.3 61.18 104.5 6.50 171.2 16.8 187.3 2.69 41.07 14.2
29855 1627983557 0 7 $GNGGA,093915.000,4424.25401,N,00852.66823,E,1,12,0.9,-0.5,M,44.7,M,,*62
29856 1627983557 0 7 $GNGGA,093916.000,4424.25376,N,00852.66905,E,1,12,0.9,-0.6,M,44.7,M,,*60
29857 1627983558 0 7 $GNGGA,093917.000,4424.25349,N,00852.66975,E,1,12,0.9,-0.6,M,44.7,M,,*6A
29858 1627983559 0 3 2.55 0.00
29859 1627983559 0 4 2.53 1.40
29860 1627983559 0 5 0.03
29861 1627983559 0 6 0.07
29862 1627983559 0 1 2.148
29863 1627983560 0 8 4.98 12.37 11.89
29864 1627983560 0 0 26.06 8.29 173.2 61.16 104.5 6.51 171.0 16.8 186.7 2.71 41.06 14.2
29865 1627983560 0 7 $GNGGA,093918.000,4424.25327,N,00852.67063,E,1,12,0.9,-0.6,M,44.7,M,,*62
29866 1627983560 0 7 $GNGGA,093919.000,4424.25312,N,00852.67163,E,1,12,0.9,-0.6,M,44.7,M,,*64
29867 1627983561 0 7 $GNGGA,093920.000,4424.25288,N,00852.67245,E,1,12,0.9,-0.6,M,44.7,M,,*6B
29868 1627983562 0 3 2.55 0.00
29869 1627983562 0 4 2.53 1.40
29870 1627983562 0 5 0.03
29871 1627983562 0 6 0.07
29872 1627983562 0 8 4.98 12.34 11.89
29873 1627983562 0 1 2.200
29874 1627983563 0 0 26.06 8.29 173.2 61.15 104.5 6.51 170.8 16.8 186.5 2.71 41.05 14.2
29875 1627983563 0 7 $GNGGA,093921.000,4424.25274,N,00852.67334,E,1,12,0.9,-0.8,M,44.7,M,,*60
29876 1627983563 0 7 $GNGGA,093922.000,4424.25247,N,00852.67405,E,1,12,0.9,-0.7,M,44.7,M,,*69
29877 1627983564 0 7 $GNGGA,093923.000,4424.25222,N,00852.67488,E,1,12,0.9,-0.9,M,44.7,M,,*60
29878 1627983565 0 3 2.55 0.00
29879 1627983565 0 4 2.53 1.40
29880 1627983565 0 5 0.03
29881 1627983565 0 6 0.08
29882 1627983565 0 1 2.515
29883 1627983566 0 8 4.98 12.37 11.89
29884 1627983566 0 0 26.05 8.29 173.2 61.21 104.4 6.50 171.2 16.8 187.2 2.70 41.10 14.2
29885 1627983566 0 7 $GNGGA,093924.000,4424.25210,N,00852.67564,E,1,12,0.9,-0.9,M,44.7,M,,*65
29886 1627983566 0 7 $GNGGA,093925.000,4424.25220,N,00852.67642,E,1,12,0.9,-0.8,M,44.7,M,,*61
29887 1627983567 0 7 $GNGGA,093926.000,4424.25216,N,00852.67715,E,1,12,0.9,-0.7,M,44.7,M,,*6B
29888 1627983568 0 3 2.55 0.00
29889 1627983568 0 4 2.53 1.40
29890 1627983568 0 5 0.03
29891 1627983568 0 6 0.07
29892 1627983568 0 8 4.98 12.34 11.89
29893 1627983568 0 1 3.010
29894 1627983569 0 0 26.04 8.29 173.1 61.19 104.5 6.50 171.3 16.8 186.8 2.76 41.09 14.2
29895 1627983569 0 7 $GNGGA,093927.000,4424.25204,N,00852.67782,E,1,12,0.9,-0.9,M,44.7,M,,*69
29896 1627983569 0 7 $GNGGA,093928.000,4424.25191,N,00852.67850,E,1,12,0.9,-1.0,M,44.7,M,,*61
29897 1627983570 0 7 $GNGGA,093929.000,4424.25179,N,00852.67936,E,1,12,0.9,-1.1,M,44.7,M,,*66
29898 1627983570 0 2 0.05160000 5.82019996 1.28719997 0.04480000 2.73909997 0.00390000 0.07050001 0.22860000 1.00000000 85.01300048
29899 1627983571 0 7 $GNGGA,093930.000,4424.25180,N,00852.68014,E,1,12,0.9,-1.1,M,44.7,M,,*6E
29900 1627983571 0 3 2.55 0.00
29901 1627983571 0 4 2.53 1.40
29902 1627983571 0 5 0.03
29903 1627983571 0 6 0.07
29904 1627983571 0 1 3.286
29905 1627983572 0 8 4.98 12.37 11.89
29906 1627983572 0 0 26.04 8.29 173.1 61.18 104.4 6.50 171.2 16.8 186.9 2.75 41.08 14.1
29907 1627983572 0 7 $GNGGA,093931.000,4424.25172,N,00852.68076,E,1,12,0.9,-1.2,M,44.7,M,,*65
29908 1627983573 0 7 $GNGGA,093932.000,4424.25170,N,00852.68153,E,1,12,0.9,-1.2,M,44.7,M,,*62
29909 1627983574 0 7 $GNGGA,093933.000,4424.25161,N,00852.68230,E,1,12,0.9,-1.3,M,44.7,M,,*64
29910 1627983574 0 3 2.55 0.00
29911 1627983574 0 4 2.53 1.40
29912 1627983574 0 5 0.03
29913 1627983574 0 6 0.07
29914 1627983575 0 1 2.432
29915 1627983575 0 8 4.98 12.34 11.89
29916 1627983575 0 0 26.05 8.29 173.1 61.20 104.3 6.50 170.9 16.8 187.0 2.76 41.09 14.2
29917 1627983575 0 7 $GNGGA,093934.000,4424.25125,N,00852.68302,E,1,12,0.9,-1.4,M,44.7,M,,*64
29918 1627983576 0 7 $GNGGA,093935.000,4424.25108,N,00852.68365,E,1,12,0.9,-1.5,M,44.7,M,,*6A
29919 1627983577 0 7 $GNGGA,093936.000,4424.25098,N,00852.68431,E,1,12,0.9,-1.7,M,44.7,M,,*65
29920 1627983577 0 3 2.55 0.00
29921 1627983577 0 4 2.53 1.40
29922 1627983577 0 5 0.03
29923 1627983577 0 6 0.07
29924 1627983577 0 8 4.98 12.34 11.89
29925 1627983578 0 1 2.988
29926 1627983578 0 0 26.03 8.28 173.2 61.22 104.3 6.49 171.3 16.8 187.2 2.75 41.11 14.1
29927 1627983578 0 7 $GNGGA,093937.000,4424.25094,N,00852.68501,E,1,12,0.9,-1.9,M,44.7,M,,*64
29928 1627983579 0 7 $GNGGA,093938.000,4424.25068,N,00852.68572,E,1,12,0.9,-2.1,M,44.7,M,,*67
29929 1627983580 0 7 $GNGGA,093939.000,4424.25046,N,00852.68648,E,1,12,0.9,-2.0,M,44.7,M,,*61
29930 1627983580 0 3 2.55 0.00
29931 1627983580 0 4 2.53 1.40
29932 1627983580 0 5 0.02
29933 1627983580 0 6 0.07
29934 1627983580 0 1 2.351
29935 1627983581 0 8 4.98 12.35 11.87
29936 1627983581 0 0 26.05 8.29 173.1 61.17 104.3 6.49 171.0 16.8 187.3 2.74 41.07 14.2
29937 1627983581 0 7 $GNGGA,093940.000,4424.25050,N,00852.68716,E,1,12,0.9,-1.8,M,44.7,M,,*69
29938 1627983582 0 7 $GNGGA,093941.000,4424.25056,N,00852.68773,E,1,12,0.9,-1.6,M,44.7,M,,*63
29939 1627983583 0 7 $GNGGA,093942.000,4424.25079,N,00852.68839,E,1,12,0.9,-1.2,M,44.7,M,,*68
29940 1627983583 0 3 2.55 0.00
29941 1627983583 0 4 2.53 1.40
29942 1627983583 0 5 0.02
29943 1627983583 0 6 0.08
29944 1627983583 0 8 4.97 12.33 11.89
29945 1627983584 0 1 2.385
29946 1627983584 0 0 26.05 8.29 173.1 61.23 104.3 6.49 171.1 16.8 186.9 2.74 41.12 14.2
29947 1627983584 0 7 $GNGGA,093943.000,4424.25086,N,00852.68918,E,1,12,0.9,-1.1,M,44.7,M,,*68
29948 1627983585 0 7 $GNGGA,093944.000,4424.25105,N,00852.69012,E,1,12,0.9,-1.3,M,44.7,M,,*65
29949 1627983586 0 7 $GNGGA,093945.000,4424.25118,N,00852.69098,E,1,12,0.9,-1.5,M,44.7,M,,*6C
29950 1627983586 0 3 2.55 0.00
29951 1627983586 0 4 2.53 1.40
29952 1627983586 0 5 0.03
29953 1627983586 0 6 0.08
29954 1627983587 0 1 2.366
29955 1627983587 0 8 4.98 12.37 11.89
29956 1627983587 0 0 26.05 8.29 173.1 61.19 104.3 6.49 171.3 16.8 187.1 2.81 41.09 14.2
29957 1627983587 0 7 $GNGGA,093946.000,4424.25096,N,00852.69177,E,1,12,0.9,-1.5,M,44.7,M,,*68
29958 1627983588 0 7 $GNGGA,093947.000,4424.25060,N,00852.69254,E,1,12,0.9,-1.5,M,44.7,M,,*62
29959 1627983589 0 7 $GNGGA,093948.000,4424.25024,N,00852.69335,E,1,12,0.9,-1.4,M,44.7,M,,*6A
29960 1627983589 0 3 2.55 0.00
29961 1627983589 0 4 2.53 1.40
29962 1627983589 0 5 0.03
29963 1627983590 0 6 0.07
29964 1627983590 0 8 4.97 12.34 11.89
29965 1627983590 0 1 2.175
29966 1627983590 0 0 26.05 8.29 173.1 61.17 104.3 6.49 171.1 16.8 186.7 2.83 41.07 14.2
29967 1627983590 0 7 $GNGGA,093949.000,4424.25012,N,00852.69419,E,1,12,0.9,-1.4,M,44.7,M,,*67
29968 1627983591 0 7 $GNGGA,093950.000,4424.25007,N,00852.69511,E,1,12,0.9,-1.6,M,44.7,M,,*60
29969 1627983592 0 7 $GNGGA,093951.000,4424.24999,N,00852.69610,E,1,12,0.9,-1.8,M,44.7,M,,*62
29970 1627983592 0 3 2.55 0.00
29971 1627983592 0 4 2.53 1.40
29972 1627983592 0 5 0.03
29973 1627983593 0 6 0.07
29974 1627983593 0 1 2.441
29975 1627983593 0 8 4.98 12.37 11.89
29976 1627983593 0 0 26.04 8.29 173.1 61.19 104.3 6.49 171.2 16.8 187.0 2.81 41.08 14.1
29977 1627983593 0 7 $GNGGA,093952.000,4424.24989,N,00852.69689,E,1,12,0.9,-1.8,M,44.7,M,,*60
29978 1627983594 0 7 $GNGGA,093953.000,4424.24975,N,00852.69770,E,1,12,0.9,-1.9,M,44.7,M,,*64
29979 1627983595 0 7 $GNGGA,093954.000,4424.24961,N,00852.69850,E,1,12,0.9,-2.0,M,44.7,M,,*61
29980 1627983595 0 3 2.55 0.00
29981 1627983595 0 4 2.53 1.40
29982 1627983595 0 5 0.03
29983 1627983595 0 6 0.08
29984 1627983596 0 8 4.98 12.34 11.89
29985 1627983596 0 1 2.688
29986 1627983596 0 0 26.02 8.29 173.1 61.30 104.2 6.49 171.3 16.8 187.1 2.79 41.17 14.1
29987 1627983596 0 7 $GNGGA,093955.000,4424.24956,N,00852.69935,E,1,12,0.9,-2.3,M,44.7,M,,*65
29988 1627983597 0 7 $GNGGA,093956.000,4424.24940,N,00852.70032,E,1,12,0.9,-2.6,M,44.7,M,,*62
29989 1627983598 0 7 $GNGGA,093957.000,4424.24927,N,00852.70145,E,1,12,0.9,-2.9,M,44.7,M,,*6C
29990 1627983598 0 3 2.55 0.00
29991 1627983598 0 4 2.53 1.41
29992 1627983598 0 5 0.03
29993 1627983598 0 6 0.08
29994 1627983599 0 1 3.620
29995 1627983599 0 8 4.98 12.38 11.89
29996 1627983599 0 0 26.02 8.28 173.1 61.24 104.2 6.49 171.4 16.8 187.1 2.78 41.12 14.1
29997 1627983599 0 7 $GNGGA,093958.000,4424.24909,N,00852.70259,E,1,12,0.9,-3.3,M,44.7,M,,*6A
29998 1627983600 0 7 $GNGGA,093959.000,4424.24895,N,00852.70352,E,1,12,0.9,-3.8,M,44.7,M,,*6E
29999 1627983601 0 7 $GNGGA,094000.000,4424.24894,N,00852.70416,E,1,12,0.9,-4.1,M,44.7,M,,*64
30000 1627983601 0 3 2.55 0.00
30001 1627983601 0 4 2.53 1.41
30002 1627983601 0 5 0.03
30003 1627983601 0 6 0.08
30004 1627983601 0 1 2.640
30005 1627983602 0 8 4.98 12.34 11.89
30006 1627983602 0 0 26.03 8.28 173.0 61.19 104.2 6.49 171.3 16.8 187.0 2.82 41.09 14.1
30007 1627983602 0 7 $GNGGA,094001.000,4424.24901,N,00852.70461,E,1,12,0.9,-4.4,M,44.7,M,,*6D
30008 1627983603 0 7 $GNGGA,094002.000,4424.24891,N,00852.70519,E,1,12,0.9,-4.8,M,44.7,M,,*64
30009 1627983604 0 7 $GNGGA,094003.000,4424.24870,N,00852.70598,E,1,12,0.9,-5.4,M,44.7,M,,*6E
30010 1627983604 0 3 2.55 0.00
30011 1627983604 0 4 2.53 1.41
30012 1627983604 0 5 0.03
30013 1627983605 0 6 0.06
30014 1627983605 0 8 4.98 12.33 11.87
30015 1627983605 0 1 2.668
30016 1627983605 0 0 26.04 8.28 173.0 61.19 104.2 6.49 171.1 16.8 186.9 2.82 41.08 14.1
30017 1627983605 0 7 $GNGGA,094004.000,4424.24856,N,00852.70681,E,1,12,0.9,-5.8,M,44.7,M,,*6A
30018 1627983606 0 7 $GNGGA,094005.000,4424.24834,N,00852.70776,E,1,12,0.9,-6.1,M,44.7,M,,*6C
30019 1627983607 0 7 $GNGGA,094006.000,4424.24815,N,00852.70880,E,1,12,0.9,-6.2,M,44.7,M,,*69
30020 1627983607 0 3 2.55 0.00
30021 1627983607 0 4 2.53 1.40
30022 1627983607 0 5 0.03
30023 1627983607 0 6 0.06
30024 1627983607 0 1 3.063
30025 1627983608 0 8 4.98 12.34 11.89
30026 1627983608 0 0 26.01 8.28 173.0 61.25 104.2 6.49 171.6 16.8 187.3 2.75 41.13 14.0
30027 1627983608 0 7 $GNGGA,094007.000,4424.24785,N,00852.70946,E,1,12,0.9,-6.0,M,44.7,M,,*67
30028 1627983609 0 7 $GNGGA,094008.000,4424.24758,N,00852.71004,E,1,12,0.9,-5.5,M,44.7,M,,*60
30029 1627983610 0 7 $GNGGA,094009.000,4424.24758,N,00852.71064,E,1,12,0.9,-5.1,M,44.7,M,,*63
30030 1627983610 0 3 2.55 0.00
30031 1627983610 0 4 2.53 1.40
30032 1627983610 0 5 0.03
30033 1627983611 0 6 0.06
30034 1627983611 0 8 4.98 12.33 11.89
30035 1627983611 0 1 2.631
30036 1627983611 0 0 26.01 8.28 173.1 61.28 104.2 6.49 171.5 16.8 187.3 2.70 41.15 14.0
30037 1627983611 0 7 $GNGGA,094010.000,4424.24746,N,00852.71138,E,1,12,0.9,-4.8,M,44.7,M,,*64
30038 1627983612 0 7 $GNGGA,094011.000,4424.24725,N,00852.71216,E,1,12,0.9,-4.7,M,44.7,M,,*60
30039 1627983613 0 7 $GNGGA,094012.000,4424.24701,N,00852.71293,E,1,12,0.9,-4.4,M,44.7,M,,*6B
30040 1627983613 0 3 2.55 0.00
30041 1627983613 0 4 2.53 1.40
30042 1627983613 0 5 0.03
30043 1627983613 0 6 0.08
30044 1627983613 0 1 2.138
30045 1627983614 0 8 4.98 12.36 11.89
30046 1627983614 0 0 26.05 8.28 173.0 61.17 104.1 6.48 170.8 16.8 186.2 2.71 41.07 14.1
30047 1627983614 0 7 $GNGGA,094013.000,4424.24675,N,00852.71373,E,1,12,0.9,-4.0,M,44.7,M,,*63
30048 1627983615 0 7 $GNGGA,094014.000,4424.24645,N,00852.71442,E,1,12,0.9,-3.7,M,44.7,M,,*62
30049 1627983616 0 7 $GNGGA,094015.000,4424.24631,N,00852.71516,E,1,12,0.9,-3.7,M,44.7,M,,*60
30050 1627983616 0 4 2.53 1.40
30051 1627983616 0 5 0.03
30052 1627983616 0 6 0.07
30053 1627983616 0 8 4.98 12.33 11.89
30054 1627983616 0 1 2.812
30055 1627983617 0 0 26.06 8.28 173.0 61.23 104.1 6.48 170.9 16.8 186.5 2.72 41.11 14.1
30056 1627983617 0 7 $GNGGA,094016.000,4424.24637,N,00852.71601,E,1,12,0.9,-4.0,M,44.7,M,,*60
30057 1627983618 0 7 $GNGGA,094017.000,4424.24651,N,00852.71682,E,1,12,0.9,-4.1,M,44.7,M,,*6B
30058 1627983619 0 7 $GNGGA,094018.000,4424.24667,N,00852.71753,E,1,12,0.9,-4.6,M,44.7,M,,*6B
30059 1627983619 0 3 2.55 0.00
30060 1627983619 0 4 2.53 1.40
30061 1627983619 0 5 0.02
30062 1627983619 0 6 0.07
30063 1627983619 0 1 3.599
30064 1627983620 0 8 4.98 12.37 11.89
30065 1627983620 0 0 26.06 8.29 172.9 61.19 104.0 6.47 170.9 16.8 186.6 2.68 41.09 14.1
30066 1627983620 0 7 $GNGGA,094019.000,4424.24656,N,00852.71808,E,1,12,0.9,-5.0,M,44.7,M,,*6E
30067 1627983621 0 7 $GNGGA,094020.000,4424.24617,N,00852.71850,E,1,12,0.9,-4.7,M,44.7,M,,*6A
30068 1627983622 0 7 $GNGGA,094021.000,4424.24573,N,00852.71902,E,1,12,0.9,-4.5,M,44.7,M,,*6E
30069 1627983622 0 3 2.55 0.00
30070 1627983622 0 4 2.53 1.40
30071 1627983622 0 5 0.02
30072 1627983623 0 6 0.07
30073 1627983623 0 8 4.98 12.34 11.89
30074 1627983623 0 1 3.489
30075 1627983623 0 0 26.06 8.29 172.9 61.26 104.0 6.47 171.0 16.8 186.5 2.60 41.14 14.1
30076 1627983623 0 7 $GNGGA,094022.000,4424.24538,N,00852.71962,E,1,12,0.9,-4.3,M,44.7,M,,*62
30077 1627983624 0 7 $GNGGA,094023.000,4424.24508,N,00852.72024,E,1,12,0.9,-4.0,M,44.7,M,,*6B
30078 1627983625 0 7 $GNGGA,094024.000,4424.24481,N,00852.72100,E,1,12,0.9,-3.6,M,44.7,M,,*6A
30079 1627983625 0 3 2.55 0.00
30080 1627983625 0 4 2.53 1.40
30081 1627983625 0 5 0.02
30082 1627983625 0 6 0.06
30083 1627983625 0 1 4.042
30084 1627983626 0 8 4.98 12.38 11.89
30085 1627983626 0 0 26.06 8.28 172.9 61.26 104.0 6.47 171.1 16.8 186.6 2.60 41.14 14.1
30086 1627983626 0 7 $GNGGA,094025.000,4424.24444,N,00852.72177,E,1,12,0.9,-3.2,M,44.7,M,,*66
30087 1627983627 0 7 $GNGGA,094026.000,4424.24412,N,00852.72244,E,1,12,0.9,-3.0,M,44.7,M,,*67
30088 1627983628 0 7 $GNGGA,094027.000,4424.24399,N,00852.72303,E,1,12,0.9,-2.7,M,44.7,M,,*66
30089 1627983628 0 3 2.55 0.00
30090 1627983628 0 4 2.53 1.40
30091 1627983628 0 5 0.02
30092 1627983629 0 6 0.08
30093 1627983629 0 1 3.439
30094 1627983629 0 8 4.98 12.33 11.89
30095 1627983629 0 0 26.05 8.28 172.9 61.21 103.9 6.47 171.0 16.8 186.9 2.67 41.10 14.1
30096 1627983629 0 7 $GNGGA,094028.000,4424.24366,N,00852.72361,E,1,12,0.9,-2.5,M,44.7,M,,*6F
30097 1627983630 0 7 $GNGGA,094029.000,4424.24325,N,00852.72419,E,1,12,0.9,-2.4,M,44.7,M,,*60
30098 1627983631 0 7 $GNGGA,094030.000,4424.24272,N,00852.72481,E,1,12,0.9,-2.8,M,44.7,M,,*66
30099 1627983631 0 3 2.55 0.00
30100 1627983631 0 4 2.53 1.39
30101 1627983631 0 5 0.02
30102 1627983631 0 6 0.06
30103 1627983631 0 8 4.98 12.19 11.87
30104 1627983632 0 1 3.313
30105 1627983632 0 0 26.06 8.28 172.9 61.20 103.9 6.47 171.1 16.8 186.8 2.65 41.09 14.1
30106 1627983632 0 7 $GNGGA,094031.000,4424.24239,N,00852.72542,E,1,12,0.9,-3.2,M,44.7,M,,*6D
30107 1627983633 0 7 $GNGGA,094032.000,4424.24199,N,00852.72589,E,1,12,0.9,-3.4,M,44.7,M,,*66
30108 1627983634 0 7 $GNGGA,094033.000,4424.24169,N,00852.72641,E,1,12,0.9,-3.3,M,44.7,M,,*68
30109 1627983634 0 3 2.55 0.00
30110 1627983634 0 4 2.53 1.40
30111 1627983634 0 5 0.02
30112 1627983635 0 6 0.07
30113 1627983635 0 1 2.866
30114 1627983635 0 8 4.98 12.18 11.87
30115 1627983635 0 0 26.07 8.29 172.8 61.25 103.9 6.47 171.2 16.8 186.8 2.62 41.13 14.2
30116 1627983635 0 7 $GNGGA,094034.000,4424.24125,N,00852.72716,E,1,12,0.9,-3.4,M,44.7,M,,*63
30117 1627983636 0 7 $GNGGA,094035.000,4424.24079,N,00852.72805,E,1,12,0.9,-3.6,M,44.7,M,,*65
30118 1627983637 0 7 $GNGGA,094036.000,4424.24017,N,00852.72877,E,1,12,0.9,-3.5,M,44.7,M,,*68
30119 1627983637 0 3 2.55 0.00
30120 1627983637 0 4 2.53 1.39
30121 1627983637 0 5 0.02
30122 1627983637 0 6 0.06
30123 1627983637 0 8 4.98 12.33 11.89
30124 1627983638 0 1 3.104
30125 1627983638 0 0 26.06 8.29 172.9 61.25 103.9 6.47 171.1 16.8 187.2 2.59 41.13 14.1
30126 1627983638 0 7 $GNGGA,094037.000,4424.23937,N,00852.72951,E,1,12,0.9,-3.3,M,44.7,M,,*66
30127 1627983639 0 7 $GNGGA,094038.000,4424.23878,N,00852.73019,E,1,12,0.9,-3.1,M,44.7,M,,*65
30128 1627983640 0 7 $GNGGA,094039.000,4424.23852,N,00852.73088,E,1,12,0.9,-3.3,M,44.7,M,,*66
30129 1627983640 0 3 2.55 0.00
30130 1627983640 0 4 2.53 1.40
30131 1627983640 0 5 0.02
30132 1627983640 0 6 0.06
30133 1627983641 0 1 2.959
30134 1627983641 0 8 4.98 12.22 11.87
30135 1627983641 0 0 26.06 8.28 172.8 61.21 103.9 6.47 171.3 16.8 187.2 2.56 41.10 14.1
30136 1627983641 0 7 $GNGGA,094040.000,4424.23828,N,00852.73165,E,1,12,0.9,-3.3,M,44.7,M,,*67
30137 1627983642 0 7 $GNGGA,094041.000,4424.23796,N,00852.73255,E,1,12,0.9,-3.4,M,44.7,M,,*6B
30138 1627983643 0 7 $GNGGA,094042.000,4424.23765,N,00852.73342,E,1,12,0.9,-3.3,M,44.7,M,,*64
30139 1627983643 0 3 2.55 0.00
30140 1627983643 0 4 2.53 1.39
30141 1627983643 0 5 0.02
30142 1627983643 0 6 0.06
30143 1627983643 0 8 4.98 12.34 11.89
30144 1627983644 0 1 2.633
30145 1627983644 0 0 26.06 8.28 172.8 61.28 103.8 6.46 171.3 16.8 187.2 2.54 41.15 14.1
30146 1627983644 0 7 $GNGGA,094043.000,4424.23758,N,00852.73432,E,1,12,0.9,-3.2,M,44.7,M,,*6A
30147 1627983645 0 7 $GNGGA,094044.000,4424.23745,N,00852.73523,E,1,12,0.9,-3.2,M,44.7,M,,*60
30148 1627983646 0 7 $GNGGA,094045.000,4424.23716,N,00852.73604,E,1,12,0.9,-2.9,M,44.7,M,,*6B
30149 1627983646 0 3 2.55 0.00
30150 1627983646 0 4 2.53 1.39
30151 1627983646 0 5 0.02
30152 1627983647 0 6 0.06
30153 1627983647 0 1 2.682
30154 1627983647 0 8 4.98 12.36 11.89
30155 1627983647 0 0 26.05 8.28 172.8 61.24 103.8 6.46 171.2 16.8 187.3 2.56 41.12 14.1
30156 1627983647 0 7 $GNGGA,094046.000,4424.23690,N,00852.73662,E,1,12,0.9,-2.3,M,44.7,M,,*6D
30157 1627983648 0 7 $GNGGA,094047.000,4424.23659,N,00852.73718,E,1,12,0.9,-1.9,M,44.7,M,,*6C
30158 1627983649 0 7 $GNGGA,094048.000,4424.23652,N,00852.73787,E,1,12,0.9,-1.6,M,44.7,M,,*61
30159 1627983649 0 3 2.55 0.00
30160 1627983649 0 4 2.53 1.40
30161 1627983649 0 5 0.02
30162 1627983649 0 6 0.07
30163 1627983649 0 8 4.98 12.19 11.87
30164 1627983650 0 1 2.489
30165 1627983650 0 0 26.05 8.28 172.9 61.29 103.8 6.46 171.3 16.8 187.4 2.58 41.16 14.1
30166 1627983650 0 7 $GNGGA,094049.000,4424.23651,N,00852.73870,E,1,12,0.9,-1.2,M,44.7,M,,*60
30167 1627983651 0 7 $GNGGA,094050.000,4424.23658,N,00852.73947,E,1,12,0.9,-0.9,M,44.7,M,,*6E
30168 1627983652 0 7 $GNGGA,094051.000,4424.23662,N,00852.74008,E,1,12,0.9,-0.6,M,44.7,M,,*6C
30169 1627983652 0 3 2.55 0.00
30170 1627983652 0 4 2.53 1.39
30171 1627983652 0 5 0.02
30172 1627983653 0 6 0.06
30173 1627983653 0 1 2.996
30174 1627983653 0 8 4.98 12.38 11.89
30175 1627983653 0 0 26.06 8.29 172.8 61.23 103.8 6.46 171.4 16.8 187.6 2.65 41.12 14.2
30176 1627983653 0 7 $GNGGA,094052.000,4424.23669,N,00852.74080,E,1,12,0.9,-0.4,M,44.7,M,,*66
30177 1627983654 0 7 $GNGGA,094053.000,4424.23690,N,00852.74149,E,1,12,0.9,-0.3,M,44.7,M,,*62
30178 1627983655 0 7 $GNGGA,094054.000,4424.23701,N,00852.74206,E,1,12,0.9,-0.1,M,44.7,M,,*66
30179 1627983655 0 3 2.55 0.00
30180 1627983655 0 4 2.53 1.39
30181 1627983655 0 5 0.02
30182 1627983655 0 6 0.06
30183 1627983655 0 1 2.388
30184 1627983656 0 8 4.98 12.33 11.89
30185 1627983656 0 0 26.06 8.29 172.8 61.20 103.7 6.45 171.4 16.8 187.4 2.64 41.09 14.2
30186 1627983656 0 7 $GNGGA,094055.000,4424.23693,N,00852.74275,E,1,12,0.9,0.1,M,44.7,M,,*44
30187 1627983657 0 7 $GNGGA,094056.000,4424.23678,N,00852.74365,E,1,12,0.9,0.4,M,44.7,M,,*47
30188 1627983658 0 7 $GNGGA,094057.000,4424.23651,N,00852.74446,E,1,12,0.9,0.4,M,44.7,M,,*4B
30189 1627983658 0 3 2.55 0.00
30190 1627983658 0 4 2.53 1.39
30191 1627983658 0 5 0.02
30192 1627983659 0 6 0.06
30193 1627983659 0 8 4.98 12.33 11.89
30194 1627983659 0 1 2.488
30195 1627983659 0 0 26.06 8.28 172.8 61.19 103.6 6.45 171.3 16.8 187.4 2.61 41.08 14.1
30196 1627983659 0 7 $GNGGA,094058.000,4424.23605,N,00852.74519,E,1,12,0.9,0.0,M,44.7,M,,*4A
30197 1627983660 0 7 $GNGGA,094059.000,4424.23561,N,00852.74600,E,1,12,0.9,-0.2,M,44.7,M,,*6E
30198 1627983661 0 7 $GNGGA,094100.000,4424.23531,N,00852.74688,E,1,12,0.9,-0.5,M,44.7,M,,*61
30199 1627983661 0 3 2.55 0.00
30200 1627983661 0 4 2.53 1.39
30201 1627983661 0 5 0.02
30202 1627983661 0 6 0.07
30203 1627983662 0 1 2.283
30204 1627983662 0 8 4.98 12.34 11.89
30205 1627983662 0 0 26.06 8.29 172.8 61.17 103.6 6.45 171.3 16.8 187.6 2.65 41.07 14.2
30206 1627983662 0 7 $GNGGA,094101.000,4424.23519,N,00852.74769,E,1,12,0.9,-0.8,M,44.7,M,,*69
30207 1627983663 0 7 $GNGGA,094102.000,4424.23512,N,00852.74862,E,1,12,0.9,-1.1,M,44.7,M,,*6D
30208 1627983664 0 7 $GNGGA,094103.000,4424.23511,N,00852.74960,E,1,12,0.9,-1.4,M,44.7,M,,*69
30209 1627983664 0 3 2.55 0.00
30210 1627983664 0 4 2.53 1.39
30211 1627983664 0 5 0.02
30212 1627983665 0 6 0.06
30213 1627983665 0 8 4.98 12.33 11.89
30214 1627983665 0 1 2.455
30215 1627983665 0 0 26.05 8.29 172.8 61.33 103.6 6.45 171.2 16.8 187.5 2.67 41.19 14.2
30216 1627983665 0 7 $GNGGA,094104.000,4424.23526,N,00852.75040,E,1,12,0.9,-1.4,M,44.7,M,,*60
30217 1627983666 0 7 $GNGGA,094105.000,4424.23550,N,00852.75120,E,1,12,0.9,-1.6,M,44.7,M,,*65
30218 1627983667 0 7 $GNGGA,094106.000,4424.23556,N,00852.75224,E,1,12,0.9,-2.0,M,44.7,M,,*62
30219 1627983667 0 3 2.55 0.00
30220 1627983667 0 4 2.53 1.39
30221 1627983667 0 5 0.03
30222 1627983667 0 6 0.06
30223 1627983668 0 1 2.425
30224 1627983668 0 8 4.98 12.36 11.89
30225 1627983668 0 0 26.06 8.29 172.8 61.18 103.6 6.45 171.3 16.8 187.6 2.70 41.08 14.1
30226 1627983668 0 7 $GNGGA,094107.000,4424.23554,N,00852.75313,E,1,12,0.9,-2.5,M,44.7,M,,*61
30227 1627983669 0 7 $GNGGA,094108.000,4424.23518,N,00852.75404,E,1,12,0.9,-3.3,M,44.7,M,,*60
30228 1627983670 0 7 $GNGGA,094109.000,4424.23472,N,00852.75501,E,1,12,0.9,-4.1,M,44.7,M,,*6D
30229 1627983670 0 3 2.55 0.00
30230 1627983670 0 4 2.53 1.39
30231 1627983670 0 5 0.03
30232 1627983671 0 6 0.07
30233 1627983671 0 8 4.98 12.34 11.89
30234 1627983671 0 1 2.352
30235 1627983671 0 0 26.06 8.29 172.8 61.23 103.6 6.45 171.3 16.8 187.6 2.73 41.11 14.2
30236 1627983671 0 7 $GNGGA,094110.000,4424.23447,N,00852.75600,E,1,12,0.9,-4.8,M,44.7,M,,*68
30237 1627983672 0 7 $GNGGA,094111.000,4424.23437,N,00852.75693,E,1,12,0.9,-5.0,M,44.7,M,,*6D
30238 1627983673 0 7 $GNGGA,094112.000,4424.23418,N,00852.75776,E,1,12,0.9,-5.2,M,44.7,M,,*6B
30239 1627983673 0 3 2.55 0.00
30240 1627983673 0 4 2.53 1.39
30241 1627983673 0 5 0.02
30242 1627983673 0 6 0.06
30243 1627983673 0 1 2.275
30244 1627983674 0 8 4.98 12.38 11.89
30245 1627983674 0 0 26.06 8.29 172.7 61.19 103.6 6.45 171.0 16.8 186.9 2.76 41.08 14.3
30246 1627983674 0 7 $GNGGA,094113.000,4424.23410,N,00852.75856,E,1,12,0.9,-5.3,M,44.7,M,,*6E
30247 1627983675 0 7 $GNGGA,094114.000,4424.23406,N,00852.75944,E,1,12,0.9,-5.3,M,44.7,M,,*6C
30248 1627983676 0 7 $GNGGA,094115.000,4424.23400,N,00852.76020,E,1,12,0.9,-5.2,M,44.7,M,,*62
30249 1627983676 0 3 2.55 0.00
30250 1627983676 0 4 2.53 1.39
30251 1627983676 0 5 0.02
30252 1627983677 0 6 0.07
30253 1627983677 0 8 4.98 12.33 11.89
30254 1627983677 0 1 2.298
30255 1627983677 0 0 26.06 8.29 172.7 61.17 103.6 6.45 171.1 16.8 187.2 2.76 41.07 14.3
30257 1627983678 0 7 $GNGGA,094117.000,4424.23388,N,00852.76184,E,1,12,0.9,-5.4,M,44.7,M,,*6E
30258 1627983679 0 7 $GNGGA,094118.000,4424.23399,N,00852.76276,E,1,12,0.9,-5.3,M,44.7,M,,*68
30259 1627983679 0 3 2.55 0.00
30260 1627983679 0 4 2.53 1.39
30261 1627983679 0 5 0.03
30262 1627983679 0 6 0.06
30266 1627983680 0 7 $GNGGA,094119.000,4424.23402,N,00852.76356,E,1,12,0.9,-5.1,M,44.7,M,,*6D
30267 1627983681 0 7 $GNGGA,094120.000,4424.23403,N,00852.76447,E,1,12,0.9,-5.3,M,44.7,M,,*63
30268 1627983682 0 7 $GNGGA,094121.000,4424.23415,N,00852.76539,E,1,12,0.9,-5.3,M,44.7,M,,*6D
30269 1627983682 0 3 2.55 0.00
30270 1627983682 0 4 2.53 1.39
30271 1627983682 0 5 0.02
30272 1627983683 0 6 0.08
30273 1627983683 0 1 2.780
30274 1627983683 0 8 4.98 12.34 11.89
30275 1627983683 0 0 26.07 8.29 172.7 61.17 103.7 6.45 171.2 16.8 187.1 2.75 41.07 14.2
30276 1627983683 0 7 $GNGGA,094122.000,4424.23426,N,00852.76622,E,1,12,0.9,-5.3,M,44.7,M,,*67
30277 1627983684 0 7 $GNGGA,094123.000,4424.23432,N,00852.76692,E,1,12,0.9,-5.3,M,44.7,M,,*68
30278 1627983685 0 7 $GNGGA,094124.000,4424.23431,N,00852.76743,E,1,12,0.9,-5.2,M,44.7,M,,*60
30279 1627983685 0 3 2.55 0.00
30280 1627983685 0 4 2.53 1.40
30281 1627983685 0 5 0.03
30282 1627983685 0 6 0.07
30283 1627983685 0 8 4.98 12.34 11.89
30284 1627983686 0 1 3.599
30285 1627983686 0 0 26.07 8.29 172.7 61.35 103.7 6.45 171.2 16.8 187.1 2.76 41.20 14.2
30286 1627983686 0 7 $GNGGA,094125.000,4424.23421,N,00852.76798,E,1,12,0.9,-5.4,M,44.7,M,,*60
30287 1627983687 0 7 $GNGGA,094126.000,4424.23423,N,00852.76849,E,1,12,0.9,-5.2,M,44.7,M,,*64
30288 1627983688 0 7 $GNGGA,094127.000,4424.23437,N,00852.76912,E,1,12,0.9,-4.7,M,44.7,M,,*6B
30289 1627983688 0 3 2.55 0.00
30291 1627983688 0 5 0.03
30292 1627983689 0 6 0.06
30293 1627983689 0 1 3.539
30294 1627983689 0 8 4.98 12.33 11.89
30295 1627983689 0 0 26.07 8.28 172.8 61.24 103.8 6.46 171.2 16.8 187.2 2.67 41.12 14.0
30296 1627983689 0 7 $GNGGA,094128.000,4424.23448,N,00852.76986,E,1,12,0.9,-4.6,M,44.7,M,,*60
30297 1627983690 0 7 $GNGGA,094129.000,4424.23460,N,00852.77065,E,1,12,0.9,-4.7,M,44.7,M,,*6F
30298 1627983690 0 2 0.04990000 4.42789983 1.24510002 0.03410000 2.75740003 0.00410000 0.05900000 0.22109999 1.00000000 87.30500030
30299 1627983691 0 7 $GNGGA,094130.000,4424.23471,N,00852.77138,E,1,12,0.9,-4.6,M,44.7,M,,*6F
30300 1627983691 0 3 2.55 0.00
30301 1627983691 0 4 2.53 1.39
30302 1627983691 0 5 0.03
30303 1627983691 0 6 0.07
30304 1627983691 0 8 4.98 12.34 11.89
30305 1627983692 0 1 3.602
30306 1627983692 0 0 26.07 8.28 172.7 61.31 103.8 6.46 171.2 16.8 187.1 2.64 41.18 14.0
30307 1627983692 0 7 $GNGGA,094131.000,4424.23475,N,00852.77206,E,1,12,0.9,-4.5,M,44.7,M,,*67
30308 1627983693 0 7 $GNGGA,094132.000,4424.23477,N,00852.77271,E,1,12,0.9,-4.5,M,44.7,M,,*66
30309 1627983694 0 7 $GNGGA,094133.000,4424.23486,N,00852.77342,E,1,12,0.9,-4.4,M,44.7,M,,*69
30310 1627983694 0 3 2.55 0.00
30311 1627983694 0 4 2.53 1.39
30312 1627983694 0 5 0.02
30313 1627983694 0 6 0.07
30314 1627983694 0 1 3.513
30315 1627983695 0 8 4.98 12.36 11.89
30316 1627983695 0 0 26.07 8.28 172.7 61.26 103.8 6.46 171.2 16.8 187.7 2.66 41.13 14.0
30317 1627983695 0 7 $GNGGA,094134.000,4424.23495,N,00852.77408,E,1,12,0.9,-4.3,M,44.7,M,,*62
30318 1627983696 0 7 $GNGGA,094135.000,4424.23495,N,00852.77459,E,1,12,0.9,-4.1,M,44.7,M,,*65
30319 1627983697 0 7 $GNGGA,094136.000,4424.23493,N,00852.77506,E,1,12,0.9,-4.0,M,44.7,M,,*6A
30320 1627983697 0 3 2.55 0.00
30321 1627983697 0 4 2.53 1.39
30322 1627983697 0 5 0.02
30323 1627983697 0 6 0.07
30324 1627983698 0 8 4.98 12.34 11.89
30325 1627983698 0 1 3.396
30326 1627983698 0 0 26.07 8.28 172.7 61.21 103.8 6.46 171.3 16.8 187.3 2.65 41.10 14.0
30327 1627983698 0 7 $GNGGA,094137.000,4424.23498,N,00852.77567,E,1,12,0.9,-3.9,M,44.7,M,,*69
30328 1627983699 0 7 $GNGGA,094138.000,4424.23506,N,00852.77633,E,1,12,0.9,-3.7,M,44.7,M,,*6C
30329 1627983700 0 7 $GNGGA,094139.000,4424.23513,N,00852.77709,E,1,12,0.9,-3.6,M,44.7,M,,*60
30330 1627983700 0 3 2.55 0.00
30331 1627983700 0 4 2.53 1.39
30332 1627983700 0 5 0.03
30333 1627983700 0 6 0.06
30334 1627983701 0 1 2.453
30335 1627983701 0 8 4.98 12.38 11.89
30336 1627983701 0 0 26.09 8.28 172.7 61.30 103.8 6.46 171.1 16.8 187.2 2.62 41.17 14.1
30337 1627983701 0 7 $GNGGA,094140.000,4424.23521,N,00852.77791,E,1,12,0.9,-3.6,M,44.7,M,,*6E
30338 1627983702 0 7 $GNGGA,094141.000,4424.23533,N,00852.77871,E,1,12,0.9,-3.8,M,44.7,M,,*63
30339 1627983703 0 7 $GNGGA,094142.000,4424.23551,N,00852.77954,E,1,12,0.9,-3.8,M,44.7,M,,*62
30340 1627983703 0 3 2.55 0.00
30341 1627983703 0 4 2.53 1.39
30342 1627983703 0 5 0.02
30343 1627983703 0 6 0.06
30344 1627983704 0 8 4.98 12.33 11.89
30345 1627983704 0 1 3.131
30346 1627983704 0 0 26.07 8.28 172.7 61.21 103.8 6.46 171.3 16.8 187.5 2.57 41.10 14.0
30347 1627983704 0 7 $GNGGA,094143.000,4424.23566,N,00852.78034,E,1,12,0.9,-3.6,M,44.7,M,,*69
30348 1627983705 0 7 $GNGGA,094144.000,4424.23573,N,00852.78111,E,1,12,0.9,-3.6,M,44.7,M,,*6C
30349 1627983706 0 7 $GNGGA,094145.000,4424.23578,N,00852.78181,E,1,12,0.9,-3.4,M,44.7,M,,*6D
30350 1627983706 0 3 2.55 0.00
30351 1627983706 0 4 2.52 1.39
30352 1627983706 0 5 0.02
30353 1627983706 0 6 0.07
30354 1627983706 0 1 3.597
30355 1627983707 0 8 4.98 12.37 11.89
30356 1627983707 0 0 26.07 8.28 172.8 61.28 103.8 6.46 171.4 16.8 187.5 2.53 41.15 14.0
30357 1627983707 0 7 $GNGGA,094146.000,4424.23577,N,00852.78256,E,1,12,0.9,-3.1,M,44.7,M,,*6D
30358 1627983708 0 7 $GNGGA,094147.000,4424.23585,N,00852.78339,E,1,12,0.9,-2.9,M,44.7,M,,*60
30359 1627983709 0 7 $GNGGA,094148.000,4424.23601,N,00852.78414,E,1,12,0.9,-2.5,M,44.7,M,,*64
30360 1627983709 0 3 2.55 0.00
30361 1627983709 0 4 2.53 1.39
30362 1627983709 0 5 0.03
30363 1627983709 0 6 0.07
30364 1627983710 0 1 3.138
30365 1627983710 0 8 4.98 12.34 11.89
30366 1627983710 0 0 26.07 8.28 172.8 61.19 103.8 6.46 171.4 16.8 187.5 2.54 41.09 14.0
30367 1627983710 0 7 $GNGGA,094149.000,4424.23616,N,00852.78489,E,1,12,0.9,-2.3,M,44.7,M,,*61
30368 1627983711 0 7 $GNGGA,094150.000,4424.23629,N,00852.78556,E,1,12,0.9,-2.1,M,44.7,M,,*64
30369 1627983712 0 7 $GNGGA,094151.000,4424.23635,N,00852.78620,E,1,12,0.9,-1.8,M,44.7,M,,*60
30370 1627983712 0 3 2.55 0.00
30371 1627983712 0 4 2.53 1.39
30372 1627983712 0 5 0.03
30373 1627983712 0 6 0.07
30374 1627983712 0 8 4.98 12.34 11.89
30375 1627983713 0 1 3.472
30376 1627983713 0 0 26.06 8.28 172.8 61.24 103.8 6.46 171.6 16.8 187.4 2.55 41.13 14.0
30377 1627983713 0 7 $GNGGA,094152.000,4424.23636,N,00852.78675,E,1,12,0.9,-1.6,M,44.7,M,,*6E
30378 1627983714 0 7 $GNGGA,094153.000,4424.23647,N,00852.78730,E,1,12,0.9,-1.6,M,44.7,M,,*69
30379 1627983715 0 7 $GNGGA,094154.000,4424.23662,N,00852.78785,E,1,12,0.9,-1.5,M,44.7,M,,*64
30380 1627983715 0 3 2.55 0.00
30381 1627983715 0 4 2.53 1.39
30382 1627983715 0 5 0.03
30383 1627983715 0 6 0.06
30384 1627983715 0 1 3.186
30385 1627983716 0 8 4.98 12.33 11.89
30386 1627983716 0 0 26.06 8.28 172.8 61.17 103.7 6.45 171.4 16.8 187.8 2.51 41.07 14.0
30387 1627983716 0 7 $GNGGA,094155.000,4424.23679,N,00852.78839,E,1,12,0.9,-1.2,M,44.7,M,,*60
30388 1627983717 0 7 $GNGGA,094156.000,4424.23687,N,00852.78895,E,1,12,0.9,-1.1,M,44.7,M,,*67
30389 1627983718 0 7 $GNGGA,094157.000,4424.23686,N,00852.78961,E,1,12,0.9,-1.4,M,44.7,M,,*68
30390 1627983718 0 3 2.55 0.00
30391 1627983718 0 4 2.53 1.39
30392 1627983718 0 5 0.03
30393 1627983718 0 6 0.06
30394 1627983719 0 8 4.98 12.34 11.89
30395 1627983719 0 1 2.623
30396 1627983719 0 0 26.08 8.28 172.7 61.27 103.7 6.45 171.2 16.8 187.2 2.52 41.14 14.0
30397 1627983719 0 7 $GNGGA,094158.000,4424.23686,N,00852.79017,E,1,12,0.9,-1.7,M,44.7,M,,*6D
30398 1627983720 0 7 $GNGGA,094159.000,4424.23705,N,00852.79084,E,1,12,0.9,-1.8,M,44.7,M,,*63
30399 1627983721 0 7 $GNGGA,094200.000,4424.23732,N,00852.79173,E,1,12,0.9,-1.7,M,44.7,M,,*6E
30400 1627983721 0 3 2.55 0.00
30401 1627983721 0 4 2.53 1.39
30402 1627983721 0 5 0.03
30403 1627983721 0 6 0.08
30404 1627983721 0 1 2.706
30405 1627983722 0 8 4.98 12.37 11.89
30406 1627983722 0 0 26.07 8.28 172.7 61.23 103.6 6.45 171.4 16.8 187.7 2.59 41.12 14.0
30407 1627983722 0 7 $GNGGA,094201.000,4424.23759,N,00852.79267,E,1,12,0.9,-1.5,M,44.7,M,,*66
30408 1627983723 0 7 $GNGGA,094202.000,4424.23788,N,00852.79352,E,1,12,0.9,-1.3,M,44.7,M,,*68
30409 1627983724 0 7 $GNGGA,094203.000,4424.23811,N,00852.79420,E,1,12,0.9,-1.3,M,44.7,M,,*64
30410 1627983724 0 3 2.55 0.00
30411 1627983724 0 4 2.53 1.39
30412 1627983724 0 5 0.02
30413 1627983724 0 6 0.06
30414 1627983725 0 8 4.98 12.34 11.89
30415 1627983725 0 1 2.770
30416 1627983725 0 0 26.07 8.28 172.7 61.26 103.5 6.44 171.4 16.8 187.5 2.62 41.14 14.0
30417 1627983725 0 7 $GNGGA,094204.000,4424.23835,N,00852.79475,E,1,12,0.9,-1.5,M,44.7,M,,*63
30418 1627983726 0 7 $GNGGA,094205.000,4424.23857,N,00852.79535,E,1,12,0.9,-1.4,M,44.7,M,,*62
30419 1627983727 0 7 $GNGGA,094206.000,4424.23859,N,00852.79603,E,1,12,0.9,-1.3,M,44.7,M,,*6E
30420 1627983727 0 3 2.55 0.00
30421 1627983727 0 4 2.53 1.39
30422 1627983727 0 5 0.03
30423 1627983727 0 6 0.07
30424 1627983727 0 1 2.802
30425 1627983728 0 8 4.98 12.37 11.89
30426 1627983728 0 0 26.07 8.28 172.7 61.25 103.5 6.44 171.5 16.8 187.7 2.60 41.13 14.0
30427 1627983728 0 7 $GNGGA,094207.000,4424.23861,N,00852.79663,E,1,12,0.9,-1.1,M,44.7,M,,*60
30428 1627983729 0 7 $GNGGA,094208.000,4424.23867,N,00852.79716,E,1,12,0.9,-0.9,M,44.7,M,,*63
30429 1627983730 0 7 $GNGGA,094209.000,4424.23877,N,00852.79781,E,1,12,0.9,-0.8,M,44.7,M,,*6C
30431 1627983730 0 4 2.53 1.39
30432 1627983730 0 5 0.02
30433 1627983730 0 6 0.06
30434 1627983730 0 8 4.98 12.34 11.89
30435 1627983731 0 1 3.129
30436 1627983731 0 0 26.07 8.28 172.7 61.30 103.5 6.44 171.5 16.8 187.6 2.57 41.17 14.0
30437 1627983731 0 7 $GNGGA,094210.000,4424.23901,N,00852.79854,E,1,12,0.9,-0.8,M,44.7,M,,*63
30438 1627983732 0 7 $GNGGA,094211.000,4424.23919,N,00852.79919,E,1,12,0.9,-0.7,M,44.7,M,,*6C
30439 1627983733 0 7 $GNGGA,094212.000,4424.23924,N,00852.79992,E,1,12,0.9,-0.9,M,44.7,M,,*6C
30440 1627983733 0 3 2.55 0.00
30441 1627983733 0 4 2.53 1.39
30442 1627983733 0 5 0.03
30443 1627983733 0 6 0.06
30444 1627983733 0 1 3.382
30445 1627983734 0 8 4.98 12.37 11.89
30446 1627983734 0 0 26.06 8.28 172.7 61.34 103.5 6.44 171.5 16.8 187.6 2.54 41.20 14.0
30447 1627983734 0 7 $GNGGA,094213.000,4424.23931,N,00852.80083,E,1,12,0.9,-0.7,M,44.7,M,,*68
30448 1627983735 0 7 $GNGGA,094214.000,4424.23941,N,00852.80160,E,1,12,0.9,-0.7,M,44.7,M,,*64
30449 1627983736 0 7 $GNGGA,094215.000,4424.23957,N,00852.80241,E,1,12,0.9,-0.7,M,44.7,M,,*62
30450 1627983736 0 3 2.55 0.00
30451 1627983736 0 4 2.53 1.39
30452 1627983736 0 5 0.03
30453 1627983736 0 6 0.06
30454 1627983737 0 1 2.836
30455 1627983737 0 8 4.98 12.34 11.89
30456 1627983737 0 0 26.06 8.28 172.7 61.25 103.4 6.44 171.5 16.8 187.7 2.55 41.13 14.0
30457 1627983737 0 7 $GNGGA,094216.000,4424.23972,N,00852.80318,E,1,12,0.9,-0.7,M,44.7,M,,*6B
30458 1627983738 0 7 $GNGGA,094217.000,4424.23974,N,00852.80395,E,1,12,0.9,-0.8,M,44.7,M,,*66
30459 1627983739 0 7 $GNGGA,094218.000,4424.23972,N,00852.80479,E,1,12,0.9,-0.8,M,44.7,M,,*6A
30460 1627983739 0 3 2.55 0.00
30461 1627983739 0 4 2.53 1.39
30462 1627983739 0 5 0.02
30463 1627983739 0 6 0.06
30464 1627983739 0 8 4.98 12.34 11.89
30465 1627983740 0 1 2.948
30466 1627983740 0 0 26.06 8.28 172.7 61.23 103.4 6.43 171.4 16.8 187.6 2.56 41.12 14.0
30467 1627983740 0 7 $GNGGA,094219.000,4424.23981,N,00852.80553,E,1,12,0.9,-0.6,M,44.7,M,,*60
30468 1627983741 0 7 $GNGGA,094220.000,4424.24000,N,00852.80613,E,1,12,0.9,-0.4,M,44.7,M,,*68
30469 1627983742 0 7 $GNGGA,094221.000,4424.24020,N,00852.80661,E,1,12,0.9,-0.4,M,44.7,M,,*6E
30470 1627983742 0 3 2.55 0.00
30471 1627983742 0 4 2.53 1.39
30472 1627983742 0 5 0.03
30473 1627983742 0 6 0.06
30474 1627983742 0 1 3.048
30475 1627983743 0 8 4.98 12.34 11.89
30476 1627983743 0 0 26.07 8.28 172.7 61.23 103.3 6.43 171.3 16.8 187.8 2.54 41.11 14.0
30477 1627983743 0 7 $GNGGA,094222.000,4424.24036,N,00852.80720,E,1,12,0.9,-0.4,M,44.7,M,,*6E
30478 1627983744 0 7 $GNGGA,094223.000,4424.24053,N,00852.80781,E,1,12,0.9,-0.3,M,44.7,M,,*60
30479 1627983745 0 7 $GNGGA,094224.000,4424.24062,N,00852.80841,E,1,12,0.9,-0.1,M,44.7,M,,*64
30480 1627983745 0 3 2.55 0.00
30481 1627983745 0 4 2.53 1.39
30482 1627983745 0 5 0.03
30483 1627983745 0 6 0.07
30484 1627983746 0 8 4.98 12.34 11.89
30485 1627983746 0 1 2.862
30486 1627983746 0 0 26.08 8.28 172.7 61.18 103.3 6.43 171.4 16.8 187.4 2.56 41.08 14.0
30487 1627983746 0 7 $GNGGA,094225.000,4424.24056,N,00852.80903,E,1,12,0.9,-0.1,M,44.7,M,,*65
30488 1627983747 0 7 $GNGGA,094226.000,4424.24054,N,00852.80956,E,1,12,0.9,-0.2,M,44.7,M,,*67
30489 1627983748 0 7 $GNGGA,094227.000,4424.24065,N,00852.81010,E,1,12,0.9,-0.2,M,44.7,M,,*6E
30490 1627983748 0 3 2.55 0.00
30491 1627983748 0 4 2.53 1.39
30492 1627983748 0 5 0.03
30493 1627983748 0 6 0.07
30494 1627983748 0 1 2.736
30495 1627983749 0 8 4.98 12.37 11.89
30496 1627983749 0 0 26.08 8.28 172.6 61.23 103.3 6.43 171.3 16.8 187.7 2.60 41.11 14.0
30497 1627983749 0 7 $GNGGA,094228.000,4424.24075,N,00852.81069,E,1,12,0.9,-0.2,M,44.7,M,,*6E
30498 1627983750 0 7 $GNGGA,094229.000,4424.24088,N,00852.81131,E,1,12,0.9,-0.1,M,44.7,M,,*62
30499 1627983751 0 7 $GNGGA,094230.000,4424.24100,N,00852.81206,E,1,12,0.9,-0.1,M,44.7,M,,*6C
30500 1627983751 0 3 2.55 0.00
30501 1627983751 0 4 2.53 1.39
30502 1627983751 0 5 0.02
30503 1627983751 0 6 0.06
30504 1627983751 0 8 4.98 12.19 11.89
30505 1627983752 0 1 2.518
30506 1627983752 0 0 26.08 8.28 172.7 61.17 103.3 6.43 171.3 16.8 187.6 2.60 41.07 14.0
30507 1627983752 0 7 $GNGGA,094231.000,4424.24114,N,00852.81284,E,1,12,0.9,-0.0,M,44.7,M,,*63
30508 1627983753 0 7 $GNGGA,094232.000,4424.24117,N,00852.81355,E,1,12,0.9,-0.1,M,44.7,M,,*6F
30509 1627983754 0 7 $GNGGA,094233.000,4424.24120,N,00852.81414,E,1,12,0.9,0.0,M,44.7,M,,*44
30510 1627983754 0 3 2.55 0.00
30511 1627983754 0 4 2.53 1.39
30512 1627983754 0 5 0.02
30513 1627983754 0 6 0.07
30514 1627983754 0 1 3.015
30515 1627983755 0 8 4.98 12.38 11.89
30516 1627983755 0 0 26.07 8.28 172.6 61.32 103.2 6.42 171.5 16.8 188.1 2.58 41.19 14.0
30517 1627983755 0 7 $GNGGA,094234.000,4424.24137,N,00852.81480,E,1,12,0.9,0.2,M,44.7,M,,*4A
30518 1627983756 0 7 $GNGGA,094235.000,4424.24153,N,00852.81556,E,1,12,0.9,0.2,M,44.7,M,,*43
30519 1627983757 0 7 $GNGGA,094236.000,4424.24164,N,00852.81631,E,1,12,0.9,0.4,M,44.7,M,,*40
30520 1627983757 0 3 2.55 0.00
30521 1627983757 0 4 2.53 1.39
30522 1627983757 0 5 0.02
30523 1627983757 0 6 0.07
30524 1627983758 0 8 4.98 12.33 11.89
30525 1627983758 0 1 2.862
30526 1627983758 0 0 26.07 8.28 172.7 61.26 103.2 6.42 171.5 16.8 187.9 2.60 41.14 14.0
30527 1627983758 0 7 $GNGGA,094237.000,4424.24172,N,00852.81707,E,1,12,0.9,0.5,M,44.7,M,,*43
30528 1627983759 0 7 $GNGGA,094238.000,4424.24176,N,00852.81772,E,1,12,0.9,0.6,M,44.7,M,,*49
30529 1627983760 0 7 $GNGGA,094239.000,4424.24182,N,00852.81831,E,1,12,0.9,0.6,M,44.7,M,,*4B
30530 1627983760 0 3 2.55 0.00
30531 1627983760 0 4 2.53 1.39
30532 1627983760 0 5 0.03
30533 1627983760 0 6 0.08
30534 1627983760 0 1 3.697
30535 1627983761 0 8 4.98 12.21 11.89
30536 1627983761 0 0 26.07 8.28 172.7 61.30 103.1 6.41 171.4 16.8 188.0 2.61 41.17 14.0
30537 1627983761 0 7 $GNGGA,094240.000,4424.24193,N,00852.81893,E,1,12,0.9,0.7,M,44.7,M,,*4C
30538 1627983762 0 7 $GNGGA,094241.000,4424.24202,N,00852.81955,E,1,12,0.9,0.8,M,44.7,M,,*42
30539 1627983763 0 7 $GNGGA,094242.000,4424.24212,N,00852.82016,E,1,12,0.9,0.8,M,44.7,M,,*4D
30540 1627983763 0 3 2.55 0.00
30541 1627983763 0 4 2.53 1.39
30542 1627983763 0 5 0.02
30543 1627983763 0 6 0.07
30544 1627983764 0 1 3.047
30545 1627983764 0 8 4.98 12.34 11.89
30546 1627983764 0 0 26.06 8.28 172.6 61.28 102.9 6.40 171.5 16.8 187.5 2.63 41.15 14.0
30547 1627983764 0 7 $GNGGA,094243.000,4424.24221,N,00852.82075,E,1,12,0.9,0.9,M,44.7,M,,*48
30548 1627983765 0 7 $GNGGA,094244.000,4424.24217,N,00852.82137,E,1,12,0.9,1.0,M,44.7,M,,*45
30549 1627983766 0 7 $GNGGA,094245.000,4424.24206,N,00852.82202,E,1,12,0.9,1.1,M,44.7,M,,*40
30550 1627983766 0 3 2.55 0.00
30551 1627983766 0 4 2.53 1.39
30552 1627983766 0 5 0.03
30553 1627983766 0 6 0.06
30554 1627983767 0 8 4.98 12.33 11.87
30555 1627983767 0 1 3.028
30556 1627983767 0 0 26.07 8.28 172.6 61.35 102.9 6.40 171.4 16.8 187.8 2.64 41.20 14.0
30557 1627983767 0 7 $GNGGA,094246.000,4424.24207,N,00852.82271,E,1,12,0.9,1.2,M,44.7,M,,*45
30558 1627983768 0 7 $GNGGA,094247.000,4424.24217,N,00852.82331,E,1,12,0.9,1.1,M,44.7,M,,*43
30559 1627983769 0 7 $GNGGA,094248.000,4424.24231,N,00852.82394,E,1,12,0.9,1.0,M,44.7,M,,*46
30560 1627983769 0 3 2.55 0.00
30561 1627983769 0 4 2.53 1.39
30562 1627983769 0 5 0.02
30563 1627983769 0 6 0.06
30564 1627983769 0 1 2.865
30565 1627983770 0 8 4.98 12.19 11.87
30566 1627983770 0 0 26.07 8.28 172.6 61.27 102.9 6.40 171.5 16.8 188.0 2.61 41.14 14.0
30567 1627983770 0 7 $GNGGA,094249.000,4424.24243,N,00852.82466,E,1,12,0.9,0.9,M,44.7,M,,*40
30568 1627983771 0 7 $GNGGA,094250.000,4424.24246,N,00852.82535,E,1,11,0.9,0.8,M,44.7,M,,*48
30569 1627983772 0 7 $GNGGA,094251.000,4424.24244,N,00852.82590,E,1,11,0.9,0.8,M,44.7,M,,*44
30570 1627983772 0 3 2.55 0.00
30571 1627983772 0 4 2.53 1.38
30572 1627983772 0 5 0.03
30573 1627983772 0 6 0.06
30574 1627983773 0 8 4.98 12.33 11.89
30575 1627983773 0 1 3.232
30576 1627983773 0 0 26.07 8.28 172.6 61.29 102.8 6.39 171.5 16.8 187.8 2.61 41.16 14.0
30577 1627983773 0 7 $GNGGA,094252.000,4424.24243,N,00852.82630,E,1,11,0.9,1.0,M,44.7,M,,*40
30578 1627983774 0 7 $GNGGA,094253.000,4424.24237,N,00852.82685,E,1,11,0.9,1.1,M,44.7,M,,*4D
30579 1627983775 0 7 $GNGGA,094254.000,4424.24238,N,00852.82757,E,1,11,0.9,1.1,M,44.7,M,,*4B
30580 1627983775 0 3 2.55 0.00
30581 1627983775 0 4 2.53 1.38
30582 1627983775 0 5 0.02
30583 1627983775 0 6 0.06
30584 1627983776 0 1 3.120
30585 1627983776 0 8 4.98 12.35 11.89
30586 1627983776 0 0 26.07 8.28 172.6 61.21 102.7 6.39 171.5 16.8 187.6 2.62 41.10 14.0
30587 1627983776 0 7 $GNGGA,094255.000,4424.24241,N,00852.82852,E,1,11,0.9,0.9,M,44.7,M,,*47
30588 1627983777 0 7 $GNGGA,094256.000,4424.24239,N,00852.82937,E,1,11,0.9,0.7,M,44.7,M,,*47
30589 1627983778 0 7 $GNGGA,094257.000,4424.24239,N,00852.83005,E,1,11,0.9,0.6,M,44.7,M,,*4E
30590 1627983778 0 3 2.55 0.00
30591 1627983778 0 4 2.53 1.38
30592 1627983778 0 5 0.02
30593 1627983778 0 6 0.07
30594 1627983779 0 8 4.98 12.34 11.89
30595 1627983779 0 1 2.434
30596 1627983779 0 0 26.08 8.28 172.6 61.30 102.6 6.38 171.3 16.8 187.8 2.63 41.17 14.0
30597 1627983779 0 7 $GNGGA,094258.000,4424.24236,N,00852.83081,E,1,11,0.9,0.6,M,44.7,M,,*42
30598 1627983780 0 7 $GNGGA,094259.000,4424.24232,N,00852.83166,E,1,11,0.9,0.5,M,44.7,M,,*4C
30599 1627983781 0 7 $GNGGA,094300.000,4424.24219,N,00852.83260,E,1,11,0.9,0.5,M,44.7,M,,*4D
30600 1627983781 0 3 2.55 0.00
30601 1627983781 0 4 2.53 1.38
30602 1627983781 0 5 0.03
30603 1627983781 0 6 0.06
30604 1627983782 0 1 2.571
30605 1627983782 0 8 4.98 12.36 11.89
30606 1627983782 0 0 26.08 8.28 172.6 61.30 102.6 6.38 171.3 16.8 187.4 2.66 41.17 14.1
30607 1627983782 0 7 $GNGGA,094301.000,4424.24217,N,00852.83350,E,1,11,0.9,0.4,M,44.7,M,,*41
30608 1627983783 0 7 $GNGGA,094302.000,4424.24213,N,00852.83431,E,1,12,0.9,0.4,M,44.7,M,,*45
30609 1627983784 0 7 $GNGGA,094303.000,4424.24219,N,00852.83499,E,1,12,0.9,0.4,M,44.7,M,,*4C
30610 1627983784 0 3 2.55 0.00
30611 1627983784 0 4 2.53 1.39
30612 1627983784 0 5 0.03
30613 1627983784 0 6 0.06
30614 1627983785 0 8 4.98 12.32 11.89
30615 1627983785 0 1 2.428
30616 1627983785 0 0 26.09 8.28 172.6 61.35 102.6 6.38 171.3 16.8 187.5 2.62 41.21 14.1
30617 1627983785 0 7 $GNGGA,094304.000,4424.24218,N,00852.83569,E,1,12,0.9,0.4,M,44.7,M,,*44
30618 1627983786 0 7 $GNGGA,094305.000,4424.24215,N,00852.83632,E,1,12,0.9,0.6,M,44.7,M,,*47
30619 1627983787 0 7 $GNGGA,094306.000,4424.24225,N,00852.83708,E,1,12,0.9,0.7,M,44.7,M,,*4E
30620 1627983787 0 3 2.55 0.00
30621 1627983787 0 4 2.53 1.38
30622 1627983787 0 5 0.03
30623 1627983787 0 6 0.06
30624 1627983788 0 1 2.980
30625 1627983788 0 8 4.98 12.37 11.89
30626 1627983788 0 0 26.09 8.28 172.5 61.24 102.5 6.37 171.4 16.8 187.7 2.62 41.12 14.0
30627 1627983788 0 7 $GNGGA,094307.000,4424.24238,N,00852.83779,E,1,12,0.9,0.7,M,44.7,M,,*45
30628 1627983789 0 7 $GNGGA,094308.000,4424.24242,N,00852.83844,E,1,12,0.9,0.7,M,44.7,M,,*46
30629 1627983790 0 7 $GNGGA,094309.000,4424.24244,N,00852.83915,E,1,12,0.9,0.9,M,44.7,M,,*4A
30630 1627983790 0 3 2.55 0.00
30631 1627983790 0 4 2.53 1.38
30632 1627983790 0 5 0.03
30633 1627983790 0 6 0.07
30634 1627983791 0 1 2.731
30635 1627983791 0 8 4.98 12.33 11.89
30636 1627983791 0 0 26.09 8.28 172.6 61.21 102.5 6.37 171.4 16.8 187.9 2.64 41.10 14.0
30637 1627983791 0 7 $GNGGA,094310.000,4424.24259,N,00852.83986,E,1,12,0.9,1.2,M,44.7,M,,*4E
30638 1627983792 0 7 $GNGGA,094311.000,4424.24283,N,00852.84058,E,1,12,0.9,1.5,M,44.7,M,,*42
30639 1627983793 0 7 $GNGGA,094312.000,4424.24296,N,00852.84138,E,1,12,0.9,1.6,M,44.7,M,,*41
30640 1627983793 0 3 2.55 0.00
30641 1627983793 0 4 2.53 1.38
30642 1627983793 0 5 0.03
30643 1627983793 0 6 0.07
30644 1627983794 0 8 4.98 12.34 11.89
30645 1627983794 0 1 2.713
30646 1627983794 0 0 26.08 8.28 172.6 61.29 102.5 6.37 171.4 16.8 187.8 2.62 41.16 14.0
30647 1627983794 0 7 $GNGGA,094313.000,4424.24315,N,00852.84231,E,1,12,0.9,1.6,M,44.7,M,,*40
30648 1627983795 0 7 $GNGGA,094314.000,4424.24328,N,00852.84301,E,1,12,0.9,1.7,M,44.7,M,,*4A
30649 1627983796 0 7 $GNGGA,094315.000,4424.24335,N,00852.84372,E,1,12,0.9,1.5,M,44.7,M,,*41
30650 1627983796 0 3 2.55 0.00
30651 1627983796 0 4 2.53 1.38
30652 1627983796 0 5 0.03
30653 1627983796 0 6 0.07
30654 1627983797 0 1 2.700
30655 1627983797 0 8 4.98 12.34 11.89
30656 1627983797 0 0 26.08 8.28 172.5 61.29 102.5 6.37 171.3 16.8 187.9 2.67 41.16 14.0
30657 1627983797 0 7 $GNGGA,094316.000,4424.24341,N,00852.84442,E,1,12,0.9,1.5,M,44.7,M,,*45
30658 1627983798 0 7 $GNGGA,094317.000,4424.24351,N,00852.84503,E,1,12,0.9,1.5,M,44.7,M,,*41
30659 1627983799 0 7 $GNGGA,094318.000,4424.24363,N,00852.84572,E,1,12,0.9,1.4,M,44.7,M,,*48
30660 1627983799 0 3 2.55 0.00
30661 1627983799 0 4 2.53 1.38
30662 1627983799 0 5 0.03
30663 1627983799 0 6 0.06
30664 1627983800 0 8 4.98 12.34 11.89
30665 1627983800 0 1 2.896
30666 1627983800 0 0 26.08 8.28 172.5 61.26 102.5 6.37 171.4 16.8 187.5 2.66 41.14 14.0
30667 1627983800 0 7 $GNGGA,094319.000,4424.24378,N,00852.84638,E,1,12,0.9,1.2,M,44.7,M,,*48
30668 1627983801 0 7 $GNGGA,094320.000,4424.24391,N,00852.84690,E,1,12,0.9,1.2,M,44.7,M,,*47
30669 1627983802 0 7 $GNGGA,094321.000,4424.24394,N,00852.84724,E,1,12,0.9,1.3,M,44.7,M,,*4C
30670 1627983802 0 3 2.55 0.00
30671 1627983802 0 4 2.53 1.38
30672 1627983802 0 5 0.03
30673 1627983802 0 6 0.06
30674 1627983802 0 1 2.913
30675 1627983803 0 8 4.98 12.37 11.89
30676 1627983803 0 0 26.08 8.28 172.5 61.26 102.5 6.37 171.5 16.8 187.8 2.63 41.14 14.0
30677 1627983803 0 7 $GNGGA,094322.000,4424.24402,N,00852.84763,E,1,12,0.9,1.3,M,44.7,M,,*44
30678 1627983804 0 7 $GNGGA,094323.000,4424.24411,N,00852.84824,E,1,12,0.9,1.4,M,44.7,M,,*4C
30679 1627983805 0 7 $GNGGA,094324.000,4424.24414,N,00852.84878,E,1,12,0.9,1.6,M,44.7,M,,*45
30680 1627983805 0 3 2.55 0.00
30681 1627983805 0 4 2.53 1.38
30682 1627983805 0 5 0.03
30683 1627983805 0 6 0.07
30684 1627983805 0 8 4.98 12.34 11.89
30685 1627983805 0 1 3.093
30686 1627983806 0 0 26.08 8.28 172.5 61.17 102.5 6.38 171.4 16.8 187.6 2.65 41.07 14.0
30687 1627983806 0 7 $GNGGA,094325.000,4424.24418,N,00852.84936,E,1,12,0.9,1.7,M,44.7,M,,*42
30688 1627983807 0 7 $GNGGA,094326.000,4424.24422,N,00852.85012,E,1,12,0.9,1.6,M,44.7,M,,*47
30689 1627983808 0 7 $GNGGA,094327.000,4424.24431,N,00852.85090,E,1,12,0.9,1.6,M,44.7,M,,*4E
30690 1627983808 0 3 2.55 0.00
30691 1627983808 0 4 2.53 1.38
30692 1627983808 0 5 0.02
30693 1627983808 0 6 0.08
30694 1627983808 0 1 2.990
30695 1627983809 0 8 4.98 12.37 11.89
30696 1627983809 0 0 26.08 8.28 172.6 61.29 102.5 6.37 171.5 16.8 187.5 2.69 41.16 14.0
30697 1627983809 0 7 $GNGGA,094328.000,4424.24452,N,00852.85167,E,1,12,0.9,1.4,M,44.7,M,,*4F
30698 1627983810 0 7 $GNGGA,094329.000,4424.24471,N,00852.85234,E,1,12,0.9,1.3,M,44.7,M,,*4D
30699 1627983810 0 2 0.03760000 3.76449990 1.28340005 0.02900000 2.71630001 0.00340000 0.05460000 0.16649999 1.00000000 88.18099975
30700 1627983811 0 7 $GNGGA,094330.000,4424.24476,N,00852.85303,E,1,12,0.9,1.3,M,44.7,M,,*47
30701 1627983811 0 3 2.55 0.00
30702 1627983811 0 4 2.53 1.39
30703 1627983811 0 5 0.03
30704 1627983811 0 6 0.06
30705 1627983811 0 8 4.98 12.34 11.89
30706 1627983812 0 1 3.069
30707 1627983812 0 0 26.07 8.28 172.5 61.21 102.5 6.38 171.6 16.8 187.8 2.68 41.10 14.0
30708 1627983812 0 7 $GNGGA,094331.000,4424.24481,N,00852.85362,E,1,12,0.9,1.3,M,44.7,M,,*49
30709 1627983813 0 7 $GNGGA,094332.000,4424.24493,N,00852.85427,E,1,12,0.9,1.2,M,44.7,M,,*4E
30710 1627983814 0 7 $GNGGA,094333.000,4424.24500,N,00852.85514,E,1,12,0.9,0.9,M,44.7,M,,*4F
30711 1627983814 0 3 2.55 0.00
30712 1627983814 0 4 2.53 1.38
30713 1627983814 0 5 0.03
30714 1627983814 0 6 0.06
30715 1627983814 0 1 3.282
30716 1627983815 0 8 4.98 12.37 11.89
30717 1627983815 0 0 26.07 8.28 172.5 61.26 102.5 6.38 171.5 16.8 187.6 2.67 41.14 14.0
30718 1627983815 0 7 $GNGGA,094334.000,4424.24514,N,00852.85615,E,1,12,0.9,0.8,M,44.7,M,,*4E
30719 1627983816 0 7 $GNGGA,094335.000,4424.24517,N,00852.85695,E,1,12,0.9,0.7,M,44.7,M,,*4B
30720 1627983817 0 7 $GNGGA,094336.000,4424.24501,N,00852.85759,E,1,12,0.8,0.6,M,44.7,M,,*4E
30721 1627983817 0 3 2.55 0.00
30722 1627983817 0 4 2.53 1.38
30723 1627983817 0 5 0.03
30724 1627983817 0 6 0.07
30725 1627983818 0 1 2.946
30726 1627983818 0 8 4.98 12.34 11.89
30727 1627983818 0 0 26.07 8.28 172.5 61.29 102.5 6.38 171.5 16.8 188.0 2.67 41.16 14.0
30728 1627983818 0 7 $GNGGA,094337.000,4424.24503,N,00852.85835,E,1,12,0.8,0.6,M,44.7,M,,*48
30729 1627983819 0 7 $GNGGA,094338.000,4424.24522,N,00852.85900,E,1,12,0.8,0.6,M,44.7,M,,*43
30730 1627983820 0 7 $GNGGA,094339.000,4424.24554,N,00852.85967,E,1,12,0.8,0.7,M,44.7,M,,*43
30731 1627983820 0 3 2.55 0.00
30732 1627983820 0 4 2.53 1.38
30733 1627983820 0 5 0.03
30734 1627983820 0 6 0.09
30735 1627983820 0 8 4.98 12.34 11.89
30736 1627983820 0 1 2.607
30737 1627983821 0 0 26.08 8.28 172.5 61.30 102.5 6.37 171.4 16.8 187.6 2.73 41.17 14.0
30738 1627983821 0 7 $GNGGA,094340.000,4424.24598,N,00852.86035,E,1,12,0.8,0.6,M,44.7,M,,*41
30739 1627983822 0 7 $GNGGA,094341.000,4424.24626,N,00852.86121,E,1,12,0.8,0.4,M,44.7,M,,*40
30740 1627983823 0 7 $GNGGA,094342.000,4424.24657,N,00852.86207,E,1,12,0.8,0.3,M,44.7,M,,*45
30741 1627983823 0 3 2.55 0.00
30742 1627983823 0 4 2.53 1.38
30743 1627983823 0 5 0.03
30744 1627983823 0 6 0.07
30745 1627983824 0 1 2.899
30746 1627983824 0 8 4.98 12.34 11.89
30747 1627983824 0 0 26.08 8.28 172.4 61.24 102.5 6.37 171.4 16.8 187.8 2.72 41.12 14.0
30748 1627983824 0 7 $GNGGA,094343.000,4424.24683,N,00852.86270,E,1,12,0.8,0.4,M,44.7,M,,*4A
30749 1627983825 0 7 $GNGGA,094344.000,4424.24698,N,00852.86316,E,1,12,0.8,0.5,M,44.7,M,,*47
30750 1627983826 0 7 $GNGGA,094345.000,4424.24717,N,00852.86352,E,1,12,0.8,0.5,M,44.7,M,,*40
30751 1627983826 0 3 2.55 0.00
30752 1627983826 0 4 2.53 1.38
30753 1627983826 0 5 0.03
30754 1627983826 0 6 0.06
30755 1627983826 0 8 4.98 12.33 11.89
30756 1627983826 0 1 2.868
30757 1627983827 0 0 26.08 8.28 172.5 61.25 102.5 6.37 171.5 16.8 187.6 2.64 41.13 14.0
30758 1627983827 0 7 $GNGGA,094346.000,4424.24743,N,00852.86382,E,1,12,0.8,0.5,M,44.7,M,,*4F
30759 1627983828 0 7 $GNGGA,094347.000,4424.24742,N,00852.86443,E,1,12,0.8,0.6,M,44.7,M,,*46
30760 1627983829 0 7 $GNGGA,094348.000,4424.24718,N,00852.86510,E,1,12,0.8,0.7,M,44.7,M,,*40
30761 1627983829 0 3 2.55 0.00
30762 1627983829 0 4 2.53 1.38
30763 1627983829 0 5 0.03
30764 1627983829 0 6 0.06
30765 1627983830 0 1 2.615
30766 1627983830 0 8 4.98 12.35 11.89
30767 1627983830 0 0 26.08 8.28 172.4 61.23 102.4 6.37 171.4 16.8 187.7 2.66 41.11 14.0
30768 1627983830 0 7 $GNGGA,094349.000,4424.24703,N,00852.86579,E,1,12,0.8,1.0,M,44.7,M,,*42
30769 1627983831 0 7 $GNGGA,094350.000,4424.24707,N,00852.86657,E,1,12,0.8,1.2,M,44.7,M,,*43
30770 1627983832 0 7 $GNGGA,094351.000,4424.24700,N,00852.86712,E,1,12,0.8,0.9,M,44.7,M,,*4F
30771 1627983832 0 3 2.55 0.00
30772 1627983832 0 4 2.53 1.38
30773 1627983832 0 5 0.03
30774 1627983832 0 6 0.08
30775 1627983832 0 8 4.98 12.34 11.89
30776 1627983832 0 1 2.680
30777 1627983833 0 0 26.08 8.28 172.5 61.23 102.4 6.37 171.4 16.8 187.3 2.70 41.11 14.0
30778 1627983833 0 7 $GNGGA,094352.000,4424.24687,N,00852.86762,E,1,12,0.8,0.6,M,44.7,M,,*4A
30779 1627983834 0 7 $GNGGA,094353.000,4424.24689,N,00852.86827,E,1,12,0.8,0.4,M,44.7,M,,*49
30780 1627983835 0 7 $GNGGA,094354.000,4424.24695,N,00852.86893,E,1,12,0.8,0.4,M,44.7,M,,*4C
30781 1627983835 0 3 2.55 0.00
30782 1627983835 0 4 2.53 1.39
30783 1627983835 0 5 0.03
30784 1627983835 0 6 0.06
30785 1627983835 0 1 3.037
30786 1627983836 0 8 4.98 12.37 11.91
30787 1627983836 0 0 26.08 8.28 172.4 61.27 102.4 6.37 171.4 16.8 187.6 2.68 41.14 14.0
30788 1627983836 0 7 $GNGGA,094355.000,4424.24703,N,00852.86957,E,1,12,0.8,0.3,M,44.7,M,,*4D
30789 1627983837 0 7 $GNGGA,094356.000,4424.24713,N,00852.87016,E,1,12,0.8,0.2,M,44.7,M,,*43
30790 1627983838 0 7 $GNGGA,094357.000,4424.24706,N,00852.87077,E,1,12,0.8,0.4,M,44.7,M,,*47
30791 1627983838 0 3 2.55 0.00
30792 1627983838 0 4 2.53 1.38
30793 1627983838 0 5 0.02
30794 1627983838 0 6 0.05
30795 1627983838 0 8 4.98 12.34 11.89
30796 1627983838 0 1 3.138
30797 1627983839 0 0 26.08 8.28 172.4 61.25 102.4 6.37 171.5 16.8 187.8 2.62 41.13 14.0
30798 1627983839 0 7 $GNGGA,094358.000,4424.24694,N,00852.87138,E,1,12,0.8,0.8,M,44.7,M,,*44
30799 1627983840 0 7 $GNGGA,094359.000,4424.24691,N,00852.87211,E,1,12,0.8,1.2,M,44.7,M,,*43
30800 1627983841 0 7 $GNGGA,094400.000,4424.24694,N,00852.87286,E,1,12,0.8,1.4,M,44.7,M,,*45
30801 1627983841 0 3 2.55 0.00
30802 1627983841 0 4 2.53 1.38
30803 1627983841 0 5 0.03
30804 1627983841 0 6 0.07
30805 1627983841 0 1 3.410
30806 1627983842 0 8 4.98 12.37 11.89
30807 1627983842 0 0 26.08 8.28 172.4 61.23 102.4 6.37 171.5 16.8 187.6 2.58 41.12 14.0
30808 1627983842 0 7 $GNGGA,094401.000,4424.24698,N,00852.87346,E,1,12,0.8,1.4,M,44.7,M,,*45
30809 1627983843 0 7 $GNGGA,094402.000,4424.24697,N,00852.87402,E,1,12,0.8,1.6,M,44.7,M,,*4C
30810 1627983844 0 7 $GNGGA,094403.000,4424.24716,N,00852.87450,E,1,12,0.8,1.5,M,44.7,M,,*41
30811 1627983844 0 3 2.55 0.00
30812 1627983844 0 4 2.53 1.38
30813 1627983844 0 5 0.03
30814 1627983844 0 6 0.07
30815 1627983844 0 1 3.236
30816 1627983845 0 8 4.98 12.34 11.89
30817 1627983845 0 0 26.08 8.28 172.4 61.28 102.4 6.37 171.6 16.8 187.7 2.61 41.15 14.0
30818 1627983845 0 7 $GNGGA,094404.000,4424.24730,N,00852.87501,E,1,12,0.8,1.3,M,44.7,M,,*41
30819 1627983846 0 7 $GNGGA,094405.000,4424.24741,N,00852.87569,E,1,12,0.8,1.2,M,44.7,M,,*49
30820 1627983847 0 7 $GNGGA,094406.000,4424.24737,N,00852.87625,E,1,12,0.8,1.2,M,44.7,M,,*40
30821 1627983847 0 3 2.55 0.00
30822 1627983847 0 4 2.53 1.38
30823 1627983847 0 5 0.02
30824 1627983847 0 6 0.06
30825 1627983847 0 8 4.98 12.33 11.89
30826 1627983848 0 1 2.843
30827 1627983848 0 0 26.08 8.28 172.3 61.29 102.3 6.37 171.4 16.8 187.7 2.67 41.16 13.9
30828 1627983848 0 7 $GNGGA,094407.000,4424.24736,N,00852.87689,E,1,12,0.8,1.2,M,44.7,M,,*46
30829 1627983849 0 7 $GNGGA,094408.000,4424.24737,N,00852.87732,E,1,12,0.8,1.1,M,44.7,M,,*4A
30830 1627983850 0 7 $GNGGA,094409.000,4424.24735,N,00852.87758,E,1,12,0.8,0.6,M,44.7,M,,*43
30831 1627983850 0 3 2.55 0.00
30832 1627983850 0 4 2.53 1.38
30833 1627983850 0 5 0.02
30834 1627983850 0 6 0.06
30835 1627983850 0 1 3.410
30836 1627983851 0 8 4.98 12.33 11.89
30837 1627983851 0 0 26.07 8.28 172.4 61.30 102.3 6.36 171.6 16.8 187.8 2.64 41.17 14.0
30838 1627983851 0 7 $GNGGA,094410.000,4424.24737,N,00852.87803,E,1,12,0.8,1.0,M,44.7,M,,*4F
30839 1627983852 0 7 $GNGGA,094411.000,4424.24747,N,00852.87863,E,1,12,0.8,1.4,M,44.7,M,,*4B
30840 1627983853 0 7 $GNGGA,094412.000,4424.24764,N,00852.87929,E,1,12,0.8,1.5,M,44.7,M,,*47
30841 1627983853 0 3 2.55 0.00
30842 1627983853 0 4 2.53 1.38
30843 1627983853 0 5 0.03
30844 1627983853 0 6 0.06
30845 1627983854 0 8 4.98 12.33 11.89
30846 1627983854 0 1 3.361
30847 1627983854 0 0 26.06 8.28 172.4 61.22 102.3 6.36 171.7 16.8 188.0 2.67 41.11 14.0
30848 1627983854 0 7 $GNGGA,094413.000,4424.24766,N,00852.87987,E,1,12,0.8,1.7,M,44.7,M,,*42
30849 1627983855 0 7 $GNGGA,094414.000,4424.24768,N,00852.88041,E,1,12,0.8,1.5,M,44.7,M,,*45
30850 1627983856 0 7 $GNGGA,094415.000,4424.24772,N,00852.88110,E,1,12,0.8,1.4,M,44.7,M,,*4B
30851 1627983856 0 3 2.55 0.00
30852 1627983856 0 4 2.53 1.38
30853 1627983856 0 5 0.02
30854 1627983856 0 6 0.07
30855 1627983856 0 1 3.500
30856 1627983857 0 8 4.98 12.37 11.89
30857 1627983857 0 0 26.06 8.28 172.4 61.30 102.3 6.36 171.5 16.8 187.7 2.71 41.17 14.0
30858 1627983857 0 7 $GNGGA,094416.000,4424.24787,N,00852.88179,E,1,12,0.8,1.4,M,44.7,M,,*4D
30859 1627983858 0 7 $GNGGA,094417.000,4424.24807,N,00852.88238,E,1,12,0.8,1.3,M,44.7,M,,*4A
30860 1627983859 0 7 $GNGGA,094418.000,4424.24830,N,00852.88300,E,1,12,0.8,1.1,M,44.7,M,,*49
30861 1627983859 0 3 2.55 0.00
30862 1627983859 0 4 2.53 1.38
30863 1627983859 0 5 0.02
30864 1627983859 0 6 0.07
30865 1627983860 0 8 4.98 12.33 11.89
30866 1627983860 0 1 3.623
30867 1627983860 0 0 26.06 8.28 172.4 61.23 102.3 6.37 171.6 16.8 187.7 2.77 41.11 14.0
30868 1627983860 0 7 $GNGGA,094419.000,4424.24849,N,00852.88368,E,1,12,0.8,1.1,M,44.7,M,,*48
30869 1627983861 0 7 $GNGGA,094420.000,4424.24867,N,00852.88434,E,1,12,0.8,0.8,M,44.7,M,,*48
30870 1627983862 0 7 $GNGGA,094421.000,4424.24883,N,00852.88497,E,1,12,0.8,0.8,M,44.7,M,,*4A
30871 1627983862 0 3 2.55 0.00
30872 1627983862 0 4 2.53 1.38
30873 1627983862 0 5 0.03
30874 1627983862 0 6 0.06
30875 1627983862 0 1 3.587
30876 1627983863 0 8 4.98 12.37 11.89
30877 1627983863 0 0 26.06 8.28 172.4 61.19 102.2 6.36 171.5 16.8 187.4 2.77 41.09 13.9
30878 1627983863 0 7 $GNGGA,094422.000,4424.24893,N,00852.88550,E,1,12,0.8,0.8,M,44.7,M,,*42
30879 1627983864 0 7 $GNGGA,094423.000,4424.24906,N,00852.88596,E,1,12,0.8,1.1,M,44.7,M,,*4C
30880 1627983865 0 7 $GNGGA,094424.000,4424.24920,N,00852.88656,E,1,12,0.8,1.5,M,44.7,M,,*44
30881 1627983865 0 3 2.55 0.00
30882 1627983865 0 4 2.53 1.38
30883 1627983865 0 5 0.02
30884 1627983865 0 6 0.08
30885 1627983866 0 8 4.98 12.34 11.89
30886 1627983866 0 1 3.542
30887 1627983866 0 0 26.06 8.28 172.3 61.25 102.2 6.36 171.5 16.8 187.5 2.79 41.13 14.0
30888 1627983866 0 7 $GNGGA,094425.000,4424.24933,N,00852.88717,E,1,12,0.8,1.8,M,44.7,M,,*4E
30889 1627983867 0 7 $GNGGA,094426.000,4424.24961,N,00852.88768,E,1,12,0.8,1.9,M,44.7,M,,*43
30890 1627983868 0 7 $GNGGA,094427.000,4424.24983,N,00852.88810,E,1,12,0.8,1.8,M,44.7,M,,*4F
30891 1627983868 0 3 2.55 0.00
30892 1627983868 0 4 2.53 1.38
30893 1627983868 0 5 0.02
30894 1627983868 0 6 0.09
30895 1627983868 0 1 3.860
30896 1627983869 0 8 4.98 12.38 11.89
30897 1627983869 0 0 26.07 8.28 172.4 61.36 102.2 6.36 171.5 16.8 187.5 2.84 41.21 14.0
30898 1627983869 0 7 $GNGGA,094428.000,4424.25004,N,00852.88856,E,1,12,0.8,2.1,M,44.7,M,,*4F
30899 1627983870 0 7 $GNGGA,094429.000,4424.25029,N,00852.88909,E,1,12,0.8,2.3,M,44.7,M,,*48
30900 1627983871 0 7 $GNGGA,094430.000,4424.25053,N,00852.88961,E,1,12,0.8,2.3,M,44.7,M,,*43
30901 1627983871 0 3 2.55 0.00
30902 1627983871 0 4 2.53 1.38
30903 1627983871 0 5 0.03
30904 1627983871 0 6 0.08
30905 1627983872 0 1 3.541
30906 1627983872 0 8 4.97 12.19 11.87
30907 1627983872 0 0 26.07 8.28 172.4 61.30 102.2 6.35 171.4 16.8 187.5 2.86 41.17 14.0
30908 1627983872 0 7 $GNGGA,094431.000,4424.25075,N,00852.89013,E,1,12,0.8,2.3,M,44.7,M,,*4B
30909 1627983873 0 7 $GNGGA,094432.000,4424.25093,N,00852.89071,E,1,12,0.8,2.0,M,44.7,M,,*47
30910 1627983874 0 7 $GNGGA,094433.000,4424.25100,N,00852.89150,E,1,12,0.8,1.6,M,44.7,M,,*4A
30911 1627983874 0 3 2.55 0.00
30912 1627983874 0 4 2.53 1.38
30913 1627983874 0 5 0.02
30914 1627983874 0 6 0.07
30915 1627983874 0 8 4.98 12.18 11.89
30916 1627983875 0 1 3.456
30917 1627983875 0 0 26.07 8.28 172.3 61.30 102.1 6.35 171.3 16.8 187.4 2.81 41.17 13.9
30918 1627983875 0 7 $GNGGA,094434.000,4424.25104,N,00852.89228,E,1,12,0.8,1.1,M,44.7,M,,*42
30919 1627983876 0 7 $GNGGA,094435.000,4424.25110,N,00852.89296,E,1,12,0.8,0.6,M,44.7,M,,*45
30920 1627983877 0 7 $GNGGA,094436.000,4424.25129,N,00852.89349,E,1,12,0.8,0.1,M,44.7,M,,*48
30921 1627983877 0 3 2.55 0.00
30922 1627983877 0 4 2.53 1.38
30923 1627983877 0 5 0.02
30924 1627983877 0 6 0.07
30925 1627983877 0 1 3.482
30926 1627983878 0 8 4.98 12.32 11.89
30927 1627983878 0 0 26.06 8.28 172.3 61.28 102.1 6.35 171.3 16.8 187.4 2.79 41.16 13.9
30928 1627983878 0 7 $GNGGA,094437.000,4424.25132,N,00852.89409,E,1,12,0.8,-0.3,M,44.7,M,,*6F
30929 1627983879 0 7 $GNGGA,094438.000,4424.25114,N,00852.89470,E,1,12,0.8,-0.5,M,44.7,M,,*6C
30930 1627983880 0 7 $GNGGA,094439.000,4424.25106,N,00852.89529,E,1,12,0.8,-0.6,M,44.7,M,,*60
30931 1627983880 0 3 2.55 0.00
30932 1627983880 0 4 2.53 1.38
30933 1627983880 0 5 0.02
30934 1627983880 0 6 0.10
30935 1627983880 0 8 4.98 12.19 11.87
30936 1627983881 0 1 3.185
30937 1627983881 0 0 26.07 8.28 172.3 61.25 102.1 6.35 171.5 16.8 187.1 2.83 41.13 14.0
30938 1627983881 0 7 $GNGGA,094440.000,4424.25118,N,00852.89592,E,1,12,0.8,-0.7,M,44.7,M,,*60
30939 1627983882 0 7 $GNGGA,094441.000,4424.25134,N,00852.89661,E,1,12,0.8,-0.8,M,44.7,M,,*6F
30940 1627983883 0 7 $GNGGA,094442.000,4424.25156,N,00852.89729,E,1,12,0.8,-0.7,M,44.7,M,,*6A
30941 1627983883 0 3 2.55 0.00
30942 1627983883 0 4 2.53 1.38
30943 1627983883 0 5 0.02
30944 1627983883 0 6 0.09
30945 1627983883 0 1 3.355
30946 1627983884 0 8 4.98 12.36 11.89
30947 1627983884 0 0 26.08 8.28 172.4 61.24 102.1 6.35 171.4 16.8 187.7 2.86 41.12 13.9
30948 1627983884 0 7 $GNGGA,094443.000,4424.25174,N,00852.89796,E,1,12,0.8,-0.4,M,44.7,M,,*6C
30949 1627983885 0 7 $GNGGA,094444.000,4424.25190,N,00852.89853,E,1,12,0.8,-0.3,M,44.7,M,,*60
30950 1627983886 0 7 $GNGGA,094445.000,4424.25189,N,00852.89897,E,1,12,0.8,-0.4,M,44.7,M,,*66
30951 1627983886 0 3 2.55 0.00
30952 1627983886 0 4 2.53 1.38
30953 1627983886 0 5 0.03
30954 1627983886 0 6 0.06
30955 1627983886 0 8 4.98 12.33 11.89
30956 1627983887 0 1 3.278
30957 1627983887 0 0 26.07 8.28 172.3 61.22 102.0 6.35 171.6 16.8 187.3 2.81 41.11 14.0
30958 1627983887 0 7 $GNGGA,094446.000,4424.25178,N,00852.89945,E,1,12,0.8,-0.5,M,44.7,M,,*64
30959 1627983888 0 7 $GNGGA,094447.000,4424.25159,N,00852.90001,E,1,12,0.8,-0.6,M,44.7,M,,*64
30960 1627983889 0 7 $GNGGA,094448.000,4424.25157,N,00852.90039,E,1,12,0.8,-0.3,M,44.7,M,,*6B
30961 1627983889 0 3 2.55 0.00
30962 1627983889 0 4 2.53 1.38
30963 1627983889 0 5 0.02
30964 1627983889 0 6 0.06
30965 1627983889 0 1 3.690
30966 1627983890 0 8 4.97 12.21 11.89
30967 1627983890 0 0 26.07 8.28 172.3 61.27 102.0 6.35 171.4 16.8 187.6 2.75 41.14 14.0
30968 1627983890 0 7 $GNGGA,094449.000,4424.25168,N,00852.90075,E,1,12,0.8,0.3,M,44.7,M,,*43
30969 1627983891 0 7 $GNGGA,094450.000,4424.25184,N,00852.90117,E,1,12,0.8,0.9,M,44.7,M,,*46
30970 1627983892 0 7 $GNGGA,094451.000,4424.25206,N,00852.90153,E,1,12,0.8,1.4,M,44.7,M,,*42
30971 1627983892 0 3 2.55 0.00
30972 1627983892 0 4 2.53 1.38
30973 1627983892 0 5 0.02
30974 1627983892 0 6 0.06
30975 1627983892 0 8 4.98 12.35 11.89
30976 1627983893 0 1 3.694
30977 1627983893 0 0 26.07 8.28 172.3 61.26 102.0 6.34 171.4 16.8 187.6 2.77 41.14 13.9
30978 1627983893 0 7 $GNGGA,094452.000,4424.25216,N,00852.90204,E,1,12,0.8,1.9,M,44.7,M,,*4C
30979 1627983894 0 7 $GNGGA,094453.000,4424.25228,N,00852.90259,E,1,12,0.8,1.8,M,44.7,M,,*49
30980 1627983895 0 7 $GNGGA,094454.000,4424.25224,N,00852.90295,E,1,12,0.8,2.2,M,44.7,M,,*4B
30981 1627983895 0 3 2.55 0.00
30982 1627983895 0 4 2.53 1.39
30983 1627983895 0 5 0.02
30984 1627983895 0 6 0.07
30985 1627983895 0 1 4.276
30986 1627983896 0 8 4.98 12.36 11.89
30987 1627983896 0 0 26.07 8.28 172.3 61.29 101.9 6.34 171.6 16.8 187.7 2.72 41.16 14.0
30988 1627983896 0 7 $GNGGA,094455.000,4424.25223,N,00852.90343,E,1,12,0.8,2.1,M,44.7,M,,*44
30989 1627983897 0 7 $GNGGA,094456.000,4424.25226,N,00852.90396,E,1,12,0.8,2.1,M,44.7,M,,*4A
30990 1627983898 0 7 $GNGGA,094457.000,4424.25232,N,00852.90442,E,1,12,0.8,2.2,M,44.7,M,,*43
30991 1627983898 0 3 2.55 0.00
30992 1627983898 0 4 2.53 1.39
30993 1627983898 0 5 0.03
30994 1627983898 0 6 0.06
30995 1627983898 0 1 3.387
30996 1627983899 0 8 4.98 12.33 11.89
30997 1627983899 0 0 26.07 8.28 172.3 61.32 101.9 6.34 171.5 16.8 187.4 2.72 41.19 13.9
30998 1627983899 0 7 $GNGGA,094458.000,4424.25236,N,00852.90484,E,1,12,0.8,2.2,M,44.7,M,,*42
30999 1627983900 0 7 $GNGGA,094459.000,4424.25230,N,00852.90554,E,1,12,0.8,1.9,M,44.7,M,,*41
31000 1627983901 0 7 $GNGGA,094500.000,4424.25221,N,00852.90617,E,1,12,0.8,2.0,M,44.7,M,,*42
31001 1627983901 0 3 2.55 0.00
31002 1627983901 0 4 2.53 1.38
31003 1627983901 0 5 0.03
31004 1627983901 0 6 0.08
31005 1627983901 0 8 4.98 12.34 11.89
31006 1627983902 0 1 3.458
31007 1627983902 0 0 26.07 8.28 172.3 61.24 101.9 6.34 171.4 16.8 187.6 2.75 41.12 13.9
31008 1627983902 0 7 $GNGGA,094501.000,4424.25219,N,00852.90686,E,1,12,0.8,1.9,M,44.7,M,,*4A
31009 1627983903 0 7 $GNGGA,094502.000,4424.25222,N,00852.90761,E,1,12,0.8,1.8,M,44.7,M,,*48
31010 1627983904 0 7 $GNGGA,094503.000,4424.25215,N,00852.90832,E,1,12,0.8,1.7,M,44.7,M,,*4B
31011 1627983904 0 3 2.55 0.00
31012 1627983904 0 4 2.53 1.38
31013 1627983904 0 5 0.02
31014 1627983904 0 6 0.08
31015 1627983904 0 1 3.175
31016 1627983905 0 8 4.98 12.33 11.89
31017 1627983905 0 0 26.07 8.28 172.2 61.30 101.9 6.34 171.4 16.8 187.6 2.80 41.17 14.0
31018 1627983905 0 7 $GNGGA,094504.000,4424.25205,N,00852.90913,E,1,12,0.8,1.5,M,44.7,M,,*4D
31019 1627983906 0 7 $GNGGA,094505.000,4424.25202,N,00852.90989,E,1,12,0.8,1.3,M,44.7,M,,*4E
31020 1627983907 0 7 $GNGGA,094506.000,4424.25207,N,00852.91052,E,1,12,0.8,1.1,M,44.7,M,,*44
31021 1627983907 0 3 2.55 0.00
31022 1627983907 0 4 2.53 1.38
31023 1627983907 0 5 0.02
31024 1627983907 0 6 0.05
31025 1627983907 0 8 4.98 12.34 11.89
31026 1627983908 0 1 3.193
31027 1627983908 0 0 26.08 8.28 172.3 61.26 101.8 6.34 171.3 16.8 187.4 2.75 41.14 14.0
31028 1627983908 0 7 $GNGGA,094507.000,4424.25227,N,00852.91122,E,1,12,0.8,1.0,M,44.7,M,,*40
31029 1627983909 0 7 $GNGGA,094508.000,4424.25242,N,00852.91204,E,1,12,0.8,0.6,M,44.7,M,,*4C
31030 1627983910 0 7 $GNGGA,094509.000,4424.25249,N,00852.91291,E,1,12,0.8,0.4,M,44.7,M,,*48
31031 1627983910 0 3 2.55 0.00
31032 1627983910 0 4 2.53 1.44
31033 1627983910 0 5 0.02
31034 1627983910 0 6 0.05
31035 1627983910 0 1 3.470
31036 1627983911 0 8 4.98 12.36 11.89
31037 1627983911 0 0 26.07 8.28 172.3 61.30 101.8 6.33 171.5 16.8 187.4 2.73 41.17 14.0
31038 1627983911 0 7 $GNGGA,094510.000,4424.25222,N,00852.91379,E,1,12,0.8,0.0,M,44.7,M,,*4E
31039 1627983912 0 7 $GNGGA,094511.000,4424.25192,N,00852.91470,E,1,12,0.8,-0.4,M,44.7,M,,*60
31040 1627983913 0 7 $GNGGA,094512.000,4424.25187,N,00852.91560,E,1,12,0.8,-0.6,M,44.7,M,,*65
31041 1627983913 0 3 2.55 0.00
31042 1627983913 0 4 2.53 1.44
31043 1627983913 0 5 0.03
31045 1627983914 0 8 4.98 12.34 11.89
31046 1627983914 0 1 3.589
31047 1627983914 0 0 26.08 8.28 172.2 61.31 101.8 6.33 171.4 16.8 187.5 2.74 41.17 14.0
31048 1627983914 0 7 $GNGGA,094513.000,4424.25186,N,00852.91657,E,1,12,0.8,-0.8,M,44.7,M,,*6C
31049 1627983915 0 7 $GNGGA,094514.000,4424.25178,N,00852.91741,E,1,12,0.8,-0.7,M,44.7,M,,*63
31050 1627983916 0 7 $GNGGA,094515.000,4424.25162,N,00852.91822,E,1,12,0.8,-0.3,M,44.7,M,,*67
31051 1627983916 0 3 2.55 0.00
31052 1627983916 0 4 2.53 1.44
31053 1627983916 0 5 0.03
31054 1627983916 0 6 0.05
31055 1627983916 0 1 3.226
31056 1627983917 0 8 4.98 12.38 11.89
31057 1627983917 0 0 26.08 8.28 172.2 61.28 101.8 6.33 171.4 16.8 187.6 2.76 41.15 14.0
31058 1627983917 0 7 $GNGGA,094516.000,4424.25150,N,00852.91910,E,1,12,0.8,0.1,M,44.7,M,,*4A
31059 1627983918 0 7 $GNGGA,094517.000,4424.25113,N,00852.91985,E,1,12,0.8,0.6,M,44.7,M,,*47
31060 1627983919 0 7 $GNGGA,094518.000,4424.25055,N,00852.92067,E,1,12,0.8,1.0,M,44.7,M,,*4A
31061 1627983919 0 3 2.55 0.00
31062 1627983919 0 4 2.53 1.44
31063 1627983919 0 5 0.02
31064 1627983919 0 6 0.05
31065 1627983920 0 8 4.98 12.34 11.89
31066 1627983920 0 1 3.241
31067 1627983920 0 0 26.08 8.28 172.2 61.29 101.8 6.33 171.4 16.8 187.3 2.77 41.16 14.0
31068 1627983920 0 7 $GNGGA,094519.000,4424.25039,N,00852.92144,E,1,12,0.8,1.4,M,44.7,M,,*45
31069 1627983921 0 7 $GNGGA,094520.000,4424.25036,N,00852.92187,E,1,12,0.8,1.3,M,44.7,M,,*48
31070 1627983922 0 7 $GNGGA,094521.000,4424.25029,N,00852.92240,E,1,12,0.8,1.2,M,44.7,M,,*4E
31071 1627983922 0 3 2.55 0.00
31072 1627983922 0 4 2.53 1.43
31073 1627983922 0 5 0.02
31074 1627983922 0 6 0.06
31075 1627983922 0 1 3.551
31076 1627983923 0 8 4.98 12.37 11.89
31077 1627983923 0 0 26.08 8.28 172.2 61.31 101.8 6.33 171.3 16.9 187.9 2.79 41.18 14.0
31078 1627983923 0 7 $GNGGA,094522.000,4424.25024,N,00852.92306,E,1,12,0.8,1.0,M,44.7,M,,*41
31079 1627983924 0 7 $GNGGA,094523.000,4424.25013,N,00852.92371,E,1,12,0.8,1.0,M,44.7,M,,*44
31080 1627983925 0 7 $GNGGA,094524.000,4424.24996,N,00852.92414,E,1,12,0.8,1.1,M,44.7,M,,*43
31081 1627983925 0 3 2.55 0.00
31082 1627983925 0 4 2.53 1.44
31083 1627983925 0 5 0.03
31084 1627983925 0 6 0.06
31085 1627983926 0 1 2.338
31086 1627983926 0 8 4.98 12.34 11.89
31087 1627983926 0 0 26.09 8.28 172.2 61.28 101.8 6.33 171.4 16.8 187.7 2.76 41.15 14.0
31088 1627983926 0 7 $GNGGA,094525.000,4424.24992,N,00852.92447,E,1,12,0.8,1.1,M,44.7,M,,*40
31089 1627983927 0 7 $GNGGA,094526.000,4424.25000,N,00852.92484,E,1,12,0.8,1.0,M,44.7,M,,*4E
31090 1627983928 0 7 $GNGGA,094527.000,4424.25016,N,00852.92537,E,1,12,0.8,1.0,M,44.7,M,,*41
31091 1627983928 0 3 2.55 0.00
31092 1627983928 0 4 2.53 1.43
31093 1627983928 0 5 0.02
31094 1627983928 0 6 0.06
31095 1627983928 0 8 4.98 12.34 11.89
31096 1627983929 0 1 2.400
31097 1627983929 0 0 26.10 8.28 172.2 61.34 101.8 6.33 171.4 16.8 187.8 2.80 41.19 14.0
31098 1627983929 0 7 $GNGGA,094528.000,4424.25029,N,00852.92601,E,1,12,0.8,1.0,M,44.7,M,,*44
31099 1627983930 0 7 $GNGGA,094529.000,4424.25039,N,00852.92673,E,1,12,0.8,1.1,M,44.7,M,,*40
31100 1627983930 0 2 0.04680000 4.83209991 1.21480000 0.03720000 2.80520009 0.00410000 0.06150000 0.20729999 1.00000000 86.80300140
31101 1627983931 0 7 $GNGGA,094530.000,4424.25054,N,00852.92756,E,1,12,0.8,1.3,M,44.7,M,,*47
31102 1627983931 0 3 2.55 0.00
31103 1627983931 0 4 2.53 1.43
31104 1627983931 0 5 0.03
31105 1627983931 0 6 0.05
31106 1627983931 0 1 2.496
31107 1627983932 0 8 4.98 12.33 11.89
31108 1627983932 0 0 26.09 8.28 172.2 61.33 101.8 6.33 171.3 16.8 187.7 2.77 41.19 14.0
31109 1627983932 0 7 $GNGGA,094531.000,4424.25066,N,00852.92831,E,1,12,0.8,1.6,M,44.7,M,,*4C
31110 1627983933 0 7 $GNGGA,094532.000,4424.25067,N,00852.92883,E,1,12,0.8,1.8,M,44.7,M,,*49
31111 1627983934 0 7 $GNGGA,094533.000,4424.25054,N,00852.92949,E,1,12,0.8,1.8,M,44.7,M,,*4F
31112 1627983934 0 3 2.55 0.00
31113 1627983934 0 4 2.53 1.43
31114 1627983934 0 5 0.02
31115 1627983934 0 6 0.05
31116 1627983935 0 8 4.98 12.34 11.89
31117 1627983935 0 1 2.668
31118 1627983935 0 0 26.09 8.28 172.1 61.29 101.8 6.33 171.3 16.8 187.7 2.73 41.16 14.0
31119 1627983935 0 7 $GNGGA,094534.000,4424.25049,N,00852.92990,E,1,12,0.8,1.4,M,44.7,M,,*4C
31120 1627983936 0 7 $GNGGA,094535.000,4424.25041,N,00852.93040,E,1,12,0.8,1.2,M,44.7,M,,*46
31121 1627983937 0 7 $GNGGA,094536.000,4424.25042,N,00852.93090,E,1,12,0.8,1.1,M,44.7,M,,*48
31122 1627983937 0 3 2.55 0.00
31123 1627983937 0 4 2.53 1.44
31124 1627983937 0 5 0.02
31125 1627983937 0 6 0.06
31126 1627983937 0 1 2.338
31127 1627983938 0 8 4.98 12.38 11.91
31128 1627983938 0 0 26.09 8.28 172.1 61.37 101.8 6.33 171.6 16.8 187.8 2.76 41.22 14.0
31129 1627983938 0 7 $GNGGA,094537.000,4424.25042,N,00852.93143,E,1,12,0.8,1.0,M,44.7,M,,*47
31130 1627983939 0 7 $GNGGA,094538.000,4424.25032,N,00852.93197,E,1,12,0.8,0.9,M,44.7,M,,*4E
31131 1627983940 0 7 $GNGGA,094539.000,4424.25013,N,00852.93245,E,1,12,0.8,0.8,M,44.7,M,,*41
31132 1627983940 0 3 2.55 0.00
31133 1627983940 0 4 2.53 1.43
31134 1627983940 0 5 0.02
31135 1627983940 0 6 0.06
31136 1627983940 0 8 4.98 12.34 11.89
31137 1627983941 0 1 2.197
31138 1627983941 0 0 26.10 8.28 172.2 61.29 101.8 6.33 171.5 16.8 188.1 2.79 41.16 14.0
31139 1627983941 0 7 $GNGGA,094540.000,4424.25009,N,00852.93296,E,1,12,0.8,0.7,M,44.7,M,,*45
31140 1627983942 0 7 $GNGGA,094541.000,4424.25007,N,00852.93343,E,1,12,0.8,0.9,M,44.7,M,,*4D
31141 1627983943 0 7 $GNGGA,094542.000,4424.25007,N,00852.93393,E,1,12,0.8,1.2,M,44.7,M,,*49
31142 1627983943 0 3 2.55 0.00
31143 1627983943 0 4 2.53 1.43
31144 1627983943 0 5 0.02
31145 1627983943 0 6 0.05
31146 1627983943 0 1 2.597
31147 1627983944 0 8 4.98 12.37 11.89
31148 1627983944 0 0 26.09 8.28 172.1 61.29 101.8 6.33 171.5 16.9 188.0 2.76 41.16 14.0
31149 1627983944 0 7 $GNGGA,094543.000,4424.25012,N,00852.93451,E,1,12,0.8,1.5,M,44.7,M,,*42
31150 1627983945 0 7 $GNGGA,094544.000,4424.25024,N,00852.93520,E,1,12,0.8,2.0,M,44.7,M,,*41
31151 1627983946 0 7 $GNGGA,094545.000,4424.25037,N,00852.93587,E,1,12,0.8,2.6,M,44.7,M,,*49
31152 1627983946 0 3 2.55 0.00
31153 1627983946 0 4 2.53 1.44
31154 1627983946 0 5 0.02
31155 1627983946 0 6 0.05
31156 1627983946 0 8 4.98 12.34 11.89
31157 1627983947 0 1 2.456
31158 1627983947 0 0 26.09 8.28 172.1 61.24 101.8 6.33 171.5 16.8 187.9 2.70 41.12 14.0
31159 1627983947 0 7 $GNGGA,094546.000,4424.25046,N,00852.93636,E,1,12,0.8,3.0,M,44.7,M,,*42
31160 1627983948 0 7 $GNGGA,094547.000,4424.25051,N,00852.93707,E,1,12,0.8,3.0,M,44.7,M,,*46
31161 1627983949 0 7 $GNGGA,094548.000,4424.25050,N,00852.93777,E,1,12,0.8,3.2,M,44.7,M,,*4D
31162 1627983949 0 3 2.55 0.00
31163 1627983949 0 4 2.53 1.44
31164 1627983949 0 5 0.02
31165 1627983949 0 6 0.06
31166 1627983949 0 1 3.138
31167 1627983950 0 8 4.98 12.38 11.89
31168 1627983950 0 0 26.09 8.28 172.1 61.28 101.8 6.33 171.5 16.8 188.2 2.73 41.16 14.0
31169 1627983950 0 7 $GNGGA,094549.000,4424.25051,N,00852.93840,E,1,12,0.8,3.0,M,44.7,M,,*44
31170 1627983951 0 7 $GNGGA,094550.000,4424.25040,N,00852.93900,E,1,12,0.8,2.6,M,44.7,M,,*4E
31171 1627983952 0 7 $GNGGA,094551.000,4424.25019,N,00852.93943,E,1,12,0.8,2.3,M,44.7,M,,*41
31172 1627983952 0 3 2.55 0.00
31173 1627983952 0 4 2.53 1.42
31174 1627983952 0 5 0.02
31175 1627983952 0 6 0.05
31176 1627983952 0 1 2.526
31177 1627983953 0 8 4.98 12.34 11.89
31178 1627983953 0 0 26.09 8.28 172.1 61.23 101.8 6.33 171.5 16.8 187.9 2.77 41.12 14.0
31179 1627983953 0 7 $GNGGA,094552.000,4424.25004,N,00852.93998,E,1,12,0.8,2.0,M,44.7,M,,*4B
31180 1627983954 0 7 $GNGGA,094553.000,4424.24991,N,00852.94061,E,1,12,0.8,1.6,M,44.7,M,,*43
31181 1627983955 0 7 $GNGGA,094554.000,4424.24989,N,00852.94135,E,1,12,0.8,1.2,M,44.7,M,,*49
31182 1627983955 0 3 2.55 0.00
31183 1627983955 0 4 2.53 1.44
31184 1627983955 0 5 0.02
31185 1627983955 0 6 0.05
31186 1627983956 0 8 4.98 12.34 11.89
31187 1627983956 0 1 2.595
31188 1627983956 0 0 26.08 8.28 172.1 61.28 101.8 6.33 171.6 16.8 188.2 2.73 41.15 14.0
31189 1627983956 0 7 $GNGGA,094555.000,4424.24992,N,00852.94177,E,1,12,0.8,0.9,M,44.7,M,,*4E
31190 1627983957 0 7 $GNGGA,094556.000,4424.25008,N,00852.94232,E,1,12,0.8,0.7,M,44.7,M,,*4A
31191 1627983958 0 7 $GNGGA,094557.000,4424.25023,N,00852.94291,E,1,12,0.8,0.6,M,44.7,M,,*4A
31192 1627983958 0 3 2.55 0.00
31193 1627983958 0 4 2.53 1.42
31194 1627983958 0 5 0.03
31195 1627983958 0 6 0.05
31196 1627983958 0 1 2.254
31197 1627983959 0 8 4.98 12.34 11.89
31198 1627983959 0 0 26.09 8.28 172.1 61.30 101.9 6.33 171.5 16.8 187.9 2.74 41.17 14.0
31199 1627983959 0 7 $GNGGA,094558.000,4424.25055,N,00852.94342,E,1,12,0.8,1.0,M,44.7,M,,*4C
31200 1627983960 0 7 $GNGGA,094559.000,4424.25075,N,00852.94361,E,1,12,0.8,1.1,M,44.7,M,,*4F
31201 1627983961 0 7 $GNGGA,094600.000,4424.25063,N,00852.94397,E,1,12,0.8,1.1,M,44.7,M,,*4E
31202 1627983961 0 3 2.55 0.00
31203 1627983961 0 4 2.53 1.42
31204 1627983961 0 5 0.02
31205 1627983961 0 6 0.06
31206 1627983961 0 8 4.98 12.35 11.89
31207 1627983962 0 1 2.510
31208 1627983962 0 0 26.09 8.28 172.1 61.23 101.9 6.34 171.5 16.8 188.3 2.80 41.12 14.0
31209 1627983962 0 7 $GNGGA,094601.000,4424.25060,N,00852.94439,E,1,12,0.8,1.3,M,44.7,M,,*4D
31210 1627983963 0 7 $GNGGA,094602.000,4424.25060,N,00852.94477,E,1,12,0.8,1.6,M,44.7,M,,*41
31211 1627983964 0 7 $GNGGA,094603.000,4424.25072,N,00852.94493,E,1,12,0.8,1.8,M,44.7,M,,*47
31212 1627983964 0 3 2.55 0.00
31213 1627983964 0 4 2.53 1.41
31214 1627983964 0 5 0.03
31215 1627983964 0 6 0.06
31216 1627983964 0 1 2.531
31217 1627983965 0 8 4.98 12.37 11.89
31218 1627983965 0 0 26.09 8.28 172.1 61.31 101.8 6.33 171.5 16.8 188.0 2.79 41.17 14.0
31219 1627983965 0 7 $GNGGA,094604.000,4424.25075,N,00852.94521,E,1,12,0.8,2.0,M,44.7,M,,*44
31220 1627983966 0 7 $GNGGA,094605.000,4424.25089,N,00852.94578,E,1,12,0.8,2.3,M,44.7,M,,*49
31221 1627983967 0 7 $GNGGA,094606.000,4424.25114,N,00852.94658,E,1,12,0.8,2.2,M,44.7,M,,*4F
31222 1627983967 0 3 2.55 0.00
31223 1627983967 0 4 2.53 1.41
31224 1627983967 0 5 0.02
31225 1627983967 0 6 0.07
31226 1627983967 0 8 4.98 12.34 11.89
31227 1627983968 0 1 2.488
31228 1627983968 0 0 26.09 8.28 172.1 61.31 101.9 6.34 171.6 16.8 188.1 2.79 41.17 14.0
31229 1627983968 0 7 $GNGGA,094607.000,4424.25122,N,00852.94733,E,1,12,0.8,2.6,M,44.7,M,,*43
31230 1627983969 0 7 $GNGGA,094608.000,4424.25123,N,00852.94792,E,1,12,0.8,2.8,M,44.7,M,,*48
31231 1627983970 0 7 $GNGGA,094609.000,4424.25124,N,00852.94844,E,1,12,0.8,3.1,M,44.7,M,,*42
31232 1627983970 0 3 2.55 0.00
31233 1627983970 0 4 2.53 1.41
31234 1627983970 0 5 0.02
31235 1627983970 0 6 0.07
31236 1627983970 0 1 2.732
31237 1627983971 0 8 4.98 12.37 11.89
31238 1627983971 0 0 26.09 8.28 172.0 61.28 101.9 6.33 171.6 16.8 188.0 2.79 41.16 14.0
31239 1627983971 0 7 $GNGGA,094610.000,4424.25123,N,00852.94920,E,1,12,0.8,3.1,M,44.7,M,,*4E
31240 1627983972 0 7 $GNGGA,094611.000,4424.25119,N,00852.94995,E,1,12,0.8,3.1,M,44.7,M,,*48
31241 1627983973 0 7 $GNGGA,094612.000,4424.25140,N,00852.95066,E,1,12,0.8,3.2,M,44.7,M,,*40
31242 1627983973 0 3 2.55 0.00
31243 1627983973 0 4 2.53 1.41
31244 1627983973 0 5 0.02
31245 1627983973 0 6 0.08
31246 1627983973 0 8 4.98 12.34 11.89
31247 1627983974 0 1 2.617
31248 1627983974 0 0 26.09 8.28 172.1 61.29 101.9 6.33 171.5 16.8 187.9 2.82 41.16 14.0
31249 1627983974 0 7 $GNGGA,094613.000,4424.25164,N,00852.95126,E,1,12,0.8,3.0,M,44.7,M,,*40
31250 1627983975 0 7 $GNGGA,094614.000,4424.25173,N,00852.95185,E,1,12,0.8,2.7,M,44.7,M,,*4E
31251 1627983976 0 7 $GNGGA,094615.000,4424.25173,N,00852.95261,E,1,12,0.8,2.4,M,44.7,M,,*45
31252 1627983976 0 3 2.55 0.00
31253 1627983976 0 4 2.53 1.41
31254 1627983976 0 5 0.02
31255 1627983976 0 6 0.07
31256 1627983976 0 1 3.217
31257 1627983977 0 8 4.98 12.38 11.89
31258 1627983977 0 0 26.09 8.28 172.1 61.28 101.9 6.34 171.6 16.8 188.2 2.83 41.15 14.0
31259 1627983977 0 7 $GNGGA,094616.000,4424.25176,N,00852.95342,E,1,12,0.8,2.4,M,44.7,M,,*43
31260 1627983978 0 7 $GNGGA,094617.000,4424.25208,N,00852.95431,E,1,12,0.8,2.4,M,44.7,M,,*4B
31261 1627983979 0 7 $GNGGA,094618.000,4424.25226,N,00852.95522,E,1,12,0.8,2.3,M,44.7,M,,*4C
31262 1627983979 0 3 2.55 0.00
31263 1627983979 0 4 2.53 1.41
31264 1627983979 0 5 0.03
31265 1627983979 0 6 0.07
31266 1627983979 0 1 2.585
31267 1627983980 0 8 4.98 12.34 11.89
31268 1627983980 0 0 26.09 8.28 172.0 61.32 101.9 6.33 171.6 16.8 188.2 2.82 41.18 14.0
31269 1627983980 0 7 $GNGGA,094619.000,4424.25228,N,00852.95587,E,1,12,0.8,2.4,M,44.7,M,,*4B
31270 1627983981 0 7 $GNGGA,094620.000,4424.25243,N,00852.95620,E,1,12,0.8,2.7,M,44.7,M,,*41
31271 1627983982 0 7 $GNGGA,094621.000,4424.25261,N,00852.95644,E,1,12,0.8,3.3,M,44.7,M,,*47
31272 1627983982 0 3 2.55 0.00
31273 1627983982 0 4 2.53 1.41
31274 1627983982 0 5 0.02
31275 1627983982 0 6 0.07
31276 1627983982 0 8 4.98 12.37 11.89
31277 1627983983 0 0 26.08 8.28 172.0 61.33 101.8 6.33 171.7 16.8 188.2 2.80 41.19 14.0
31278 1627983983 0 7 $GNGGA,094622.000,4424.25278,N,00852.95665,E,1,12,0.8,3.8,M,44.7,M,,*44
31279 1627983984 0 7 $GNGGA,094623.000,4424.25288,N,00852.95703,E,1,12,0.8,4.3,M,44.7,M,,*47
31280 1627983985 0 7 $GNGGA,094624.000,4424.25285,N,00852.95760,E,1,12,0.8,4.7,M,44.7,M,,*4C
31281 1627983985 0 3 2.55 0.00
31282 1627983985 0 4 2.53 1.41
31283 1627983985 0 5 0.02
31284 1627983985 0 6 0.09
31285 1627983985 0 8 4.98 12.38 11.89
31286 1627983986 0 0 26.09 8.28 172.0 61.30 101.8 6.33 171.5 16.9 188.4 2.81 41.17 14.0
31287 1627983986 0 7 $GNGGA,094625.000,4424.25284,N,00852.95828,E,1,12,0.8,5.0,M,44.7,M,,*49
31288 1627983987 0 7 $GNGGA,094626.000,4424.25285,N,00852.95892,E,1,12,0.8,5.2,M,44.7,M,,*48
31289 1627983988 0 7 $GNGGA,094627.000,4424.25286,N,00852.95938,E,1,12,0.8,5.3,M,44.7,M,,*4A
31290 1627983988 0 3 2.55 0.00
31291 1627983988 0 4 2.53 1.41
31292 1627983988 0 5 0.02
31293 1627983988 0 6 0.09
31294 1627983988 0 8 4.98 12.38 11.89
31295 1627983989 0 0 26.09 8.28 172.0 61.23 101.9 6.34 171.6 16.9 188.2 2.83 41.11 14.0
31296 1627983989 0 7 $GNGGA,094628.000,4424.25293,N,00852.95982,E,1,12,0.8,5.3,M,44.7,M,,*40
31297 1627983990 0 7 $GNGGA,094629.000,4424.25292,N,00852.96044,E,1,12,0.8,5.4,M,44.7,M,,*47
31298 1627983991 0 7 $GNGGA,094630.000,4424.25286,N,00852.96115,E,1,12,0.8,5.5,M,44.7,M,,*4E
31299 1627983991 0 3 2.55 0.00
31300 1627983991 0 4 2.53 1.37
31301 1627983991 0 5 0.03
31302 1627983991 0 6 0.06
31303 1627983992 0 8 4.98 12.26 11.89
31304 1627983992 0 0 26.09 8.28 172.0 61.31 101.8 6.33 171.5 16.8 188.4 2.81 41.17 14.0
31305 1627983992 0 7 $GNGGA,094631.000,4424.25272,N,00852.96179,E,1,12,0.8,5.5,M,44.7,M,,*4E
31306 1627983992 0 1 2.451
31307 1627983993 0 7 $GNGGA,094632.000,4424.25273,N,00852.96244,E,1,12,0.8,5.6,M,44.7,M,,*42
31308 1627983994 0 7 $GNGGA,094633.000,4424.25282,N,00852.96304,E,1,12,0.8,5.9,M,44.7,M,,*47
31309 1627983994 0 3 2.55 0.00
31310 1627983994 0 4 2.53 1.39
31311 1627983994 0 5 0.02
31312 1627983994 0 6 0.06
31313 1627983994 0 8 4.98 12.35 11.89
31314 1627983995 0 1 2.653
31315 1627983995 0 0 26.09 8.28 172.0 61.31 101.8 6.33 171.6 16.8 188.2 2.81 41.18 14.0
31316 1627983995 0 7 $GNGGA,094634.000,4424.25281,N,00852.96326,E,1,12,0.8,6.9,M,44.7,M,,*40
31317 1627983996 0 7 $GNGGA,094635.000,4424.25301,N,00852.96362,E,1,12,0.8,7.2,M,44.7,M,,*42
31318 1627983997 0 7 $GNGGA,094636.000,4424.25337,N,00852.96410,E,1,12,0.8,7.5,M,44.7,M,,*41
31319 1627983997 0 3 2.55 0.00
31320 1627983997 0 4 2.53 1.39
31321 1627983997 0 5 0.02
31322 1627983997 0 6 0.07
31323 1627983997 0 1 2.676
31324 1627983998 0 8 4.98 12.37 11.89
31325 1627983998 0 0 26.09 8.28 172.0 61.31 101.9 6.33 171.6 16.8 188.0 2.81 41.18 14.0
31326 1627983998 0 7 $GNGGA,094637.000,4424.25382,N,00852.96458,E,1,12,0.8,7.6,M,44.7,M,,*41
31327 1627983999 0 7 $GNGGA,094638.000,4424.25406,N,00852.96479,E,1,12,0.8,7.7,M,44.7,M,,*47
31328 1627984000 0 7 $GNGGA,094639.000,4424.25415,N,00852.96520,E,1,12,0.8,7.6,M,44.7,M,,*48
31329 1627984000 0 3 2.55 0.00
31330 1627984000 0 4 2.53 1.40
31331 1627984000 0 5 0.02
31332 1627984000 0 6 0.07
31333 1627984000 0 8 4.98 12.19 11.89
31334 1627984001 0 1 2.715
31335 1627984001 0 0 26.09 8.28 172.0 61.23 101.9 6.34 171.7 16.8 188.1 2.80 41.11 14.0
31336 1627984001 0 7 $GNGGA,094640.000,4424.25407,N,00852.96577,E,1,12,0.8,7.5,M,44.7,M,,*44
31337 1627984002 0 7 $GNGGA,094641.000,4424.25393,N,00852.96645,E,1,12,0.8,7.3,M,44.7,M,,*4B
31338 1627984003 0 7 $GNGGA,094642.000,4424.25387,N,00852.96726,E,1,12,0.8,7.2,M,44.7,M,,*48
31339 1627984003 0 3 2.55 0.00
31340 1627984003 0 4 2.53 1.40
31341 1627984003 0 5 0.02
31342 1627984003 0 6 0.07
31343 1627984003 0 1 3.355
31344 1627984004 0 8 4.98 12.38 11.89
31345 1627984004 0 0 26.09 8.28 172.0 61.24 101.9 6.34 171.6 16.8 188.3 2.80 41.12 14.0
31346 1627984004 0 7 $GNGGA,094643.000,4424.25383,N,00852.96817,E,1,12,0.8,6.9,M,44.7,M,,*4A
31347 1627984005 0 7 $GNGGA,094644.000,4424.25373,N,00852.96885,E,1,12,0.8,6.6,M,44.7,M,,*46
31348 1627984006 0 7 $GNGGA,094645.000,4424.25354,N,00852.96950,E,1,12,0.8,6.4,M,44.7,M,,*49
31349 1627984006 0 3 2.55 0.00
31350 1627984006 0 4 2.53 1.39
31351 1627984006 0 5 0.03
31352 1627984006 0 6 0.06
31353 1627984006 0 1 2.609
31354 1627984007 0 8 4.98 12.19 11.89
31355 1627984007 0 0 26.09 8.28 171.9 61.25 101.9 6.34 171.7 16.8 188.5 2.75 41.13 14.0
31356 1627984007 0 7 $GNGGA,094646.000,4424.25330,N,00852.97024,E,1,12,0.8,6.1,M,44.7,M,,*46
31357 1627984008 0 7 $GNGGA,094647.000,4424.25310,N,00852.97098,E,1,12,0.8,5.9,M,44.7,M,,*49
31358 1627984009 0 7 $GNGGA,094648.000,4424.25290,N,00852.97179,E,1,12,0.8,5.5,M,44.7,M,,*4D
31359 1627984009 0 3 2.55 0.00
31360 1627984009 0 4 2.53 1.39
31361 1627984009 0 5 0.02
31362 1627984009 0 6 0.07
31363 1627984009 0 8 4.98 12.19 11.89
31364 1627984010 0 1 2.489
31365 1627984010 0 0 26.09 8.28 171.9 61.32 101.9 6.34 171.7 16.8 188.4 2.76 41.19 14.0
31366 1627984010 0 7 $GNGGA,094649.000,4424.25277,N,00852.97250,E,1,12,0.8,5.3,M,44.7,M,,*4B
31367 1627984011 0 7 $GNGGA,094650.000,4424.25264,N,00852.97320,E,1,12,0.8,5.0,M,44.7,M,,*44
31368 1627984012 0 7 $GNGGA,094651.000,4424.25269,N,00852.97391,E,1,12,0.8,5.2,M,44.7,M,,*40
31369 1627984012 0 3 2.55 0.00
31370 1627984012 0 4 2.53 1.39
31371 1627984012 0 5 0.02
31372 1627984012 0 6 0.06
31373 1627984012 0 1 2.459
31374 1627984013 0 8 4.98 12.35 11.89
31375 1627984013 0 0 26.09 8.28 172.0 61.25 101.9 6.34 171.6 16.9 188.1 2.78 41.13 14.0
31376 1627984013 0 7 $GNGGA,094652.000,4424.25274,N,00852.97475,E,1,12,0.8,5.0,M,44.7,M,,*40
31377 1627984014 0 7 $GNGGA,094653.000,4424.25278,N,00852.97545,E,1,12,0.8,4.9,M,44.7,M,,*47
31378 1627984015 0 7 $GNGGA,094654.000,4424.25267,N,00852.97618,E,1,12,0.8,4.9,M,44.7,M,,*45
31379 1627984015 0 3 2.55 0.00
31380 1627984015 0 4 2.53 1.39
31381 1627984015 0 5 0.03
31382 1627984015 0 6 0.07
31383 1627984015 0 8 4.98 12.34 11.89
31384 1627984016 0 1 2.194
31385 1627984016 0 0 26.09 8.28 171.9 61.28 102.0 6.34 171.7 16.9 188.3 2.77 41.15 14.0
31386 1627984016 0 7 $GNGGA,094655.000,4424.25248,N,00852.97688,E,1,12,0.8,4.9,M,44.7,M,,*40
31387 1627984017 0 7 $GNGGA,094656.000,4424.25233,N,00852.97751,E,1,12,0.8,4.8,M,44.7,M,,*4B
31388 1627984018 0 7 $GNGGA,094657.000,4424.25208,N,00852.97804,E,1,12,0.8,5.0,M,44.7,M,,*44
31389 1627984018 0 3 2.55 0.00
31390 1627984018 0 4 2.53 1.39
31391 1627984018 0 5 0.03
31392 1627984018 0 6 0.06
31393 1627984018 0 1 2.600
31394 1627984019 0 8 4.98 12.37 11.89
31395 1627984019 0 0 26.09 8.28 171.9 61.32 102.0 6.34 171.7 16.9 188.1 2.76 41.18 14.0
31396 1627984019 0 7 $GNGGA,094658.000,4424.25193,N,00852.97869,E,1,12,0.8,5.2,M,44.7,M,,*43
31397 1627984020 0 7 $GNGGA,094659.000,4424.25168,N,00852.97935,E,1,12,0.8,5.2,M,44.7,M,,*4E
31398 1627984021 0 7 $GNGGA,094700.000,4424.25150,N,00852.97988,E,1,12,0.8,5.2,M,44.7,M,,*4E
31399 1627984021 0 3 2.55 0.00
31400 1627984021 0 4 2.53 1.40
31401 1627984021 0 5 0.03
31402 1627984021 0 6 0.06
31403 1627984021 0 8 4.98 12.33 11.89
31404 1627984022 0 1 2.735
31405 1627984022 0 0 26.09 8.28 171.9 61.27 102.0 6.34 171.7 16.8 188.3 2.74 41.15 14.0
31406 1627984022 0 7 $GNGGA,094701.000,4424.25137,N,00852.98055,E,1,12,0.8,5.2,M,44.7,M,,*48
31407 1627984023 0 7 $GNGGA,094702.000,4424.25120,N,00852.98135,E,1,12,0.8,5.4,M,44.7,M,,*4C
31408 1627984024 0 7 $GNGGA,094703.000,4424.25087,N,00852.98205,E,1,12,0.8,5.5,M,44.7,M,,*40
31409 1627984024 0 3 2.55 0.00
31410 1627984024 0 4 2.53 1.40
31411 1627984024 0 5 0.03
31412 1627984024 0 6 0.07
31413 1627984024 0 1 3.007
31414 1627984025 0 8 4.98 12.37 11.89
31415 1627984025 0 0 26.08 8.28 171.9 61.28 102.0 6.34 171.8 16.8 188.6 2.76 41.15 14.0
31416 1627984025 0 7 $GNGGA,094704.000,4424.25058,N,00852.98268,E,1,12,0.8,5.2,M,44.7,M,,*49
31417 1627984026 0 7 $GNGGA,094705.000,4424.25064,N,00852.98331,E,1,12,0.8,4.7,M,44.7,M,,*4E
31418 1627984027 0 7 $GNGGA,094706.000,4424.25070,N,00852.98393,E,1,12,0.8,4.1,M,44.7,M,,*46
31419 1627984027 0 3 2.55 0.00
31420 1627984027 0 4 2.53 1.40
31421 1627984027 0 5 0.02
31422 1627984027 0 6 0.07
31423 1627984027 0 8 4.98 12.34 11.89
31424 1627984028 0 1 2.553
31425 1627984028 0 0 26.08 8.28 171.9 61.33 101.9 6.34 171.8 16.8 188.5 2.77 41.19 14.0
31426 1627984028 0 7 $GNGGA,094707.000,4424.25072,N,00852.98449,E,1,12,0.8,3.9,M,44.7,M,,*4A
31427 1627984029 0 7 $GNGGA,094708.000,4424.25080,N,00852.98506,E,1,12,0.8,3.6,M,44.7,M,,*4D
31428 1627984030 0 7 $GNGGA,094709.000,4424.25098,N,00852.98580,E,1,12,0.8,3.6,M,44.7,M,,*4B
31429 1627984030 0 3 2.55 0.00
31430 1627984030 0 4 2.53 1.42
31431 1627984030 0 5 0.03
31432 1627984030 0 6 0.06
31433 1627984030 0 1 3.010
31434 1627984031 0 8 4.98 12.38 11.89
31435 1627984031 0 0 26.09 8.28 171.8 61.30 101.9 6.34 171.7 16.8 188.5 2.76 41.17 14.0
31436 1627984031 0 7 $GNGGA,094710.000,4424.25109,N,00852.98649,E,1,12,0.8,3.6,M,44.7,M,,*4C
31437 1627984032 0 7 $GNGGA,094711.000,4424.25119,N,00852.98738,E,1,12,0.8,3.4,M,44.7,M,,*49
31438 1627984033 0 7 $GNGGA,094712.000,4424.25142,N,00852.98817,E,1,12,0.8,3.2,M,44.7,M,,*40
31439 1627984033 0 3 2.55 0.00
31440 1627984033 0 4 2.53 1.40
31441 1627984033 0 5 0.03
31442 1627984033 0 6 0.06
31443 1627984033 0 1 2.847
31444 1627984034 0 8 4.98 12.35 11.89
31445 1627984034 0 0 26.08 8.28 171.9 61.29 101.9 6.34 172.1 16.9 188.6 2.78 41.16 14.0
31446 1627984034 0 7 $GNGGA,094713.000,4424.25151,N,00852.98901,E,1,12,0.8,2.8,M,44.7,M,,*4E
31447 1627984035 0 7 $GNGGA,094714.000,4424.25135,N,00852.98988,E,1,12,0.8,2.2,M,44.7,M,,*40
31448 1627984036 0 7 $GNGGA,094715.000,4424.25135,N,00852.99071,E,1,12,0.8,1.9,M,44.7,M,,*47
31449 1627984036 0 3 2.55 0.00
31450 1627984036 0 4 2.53 1.40
31451 1627984036 0 5 0.03
31452 1627984036 0 6 0.07
31453 1627984036 0 8 4.98 12.34 11.89
31454 1627984037 0 1 2.677
31455 1627984037 0 0 26.08 8.28 171.8 61.31 102.0 6.34 171.9 16.8 188.5 2.75 41.17 14.0
31456 1627984037 0 7 $GNGGA,094716.000,4424.25141,N,00852.99142,E,1,12,0.8,1.7,M,44.7,M,,*48
31457 1627984038 0 7 $GNGGA,094717.000,4424.25149,N,00852.99213,E,1,12,0.8,1.8,M,44.7,M,,*49
31458 1627984039 0 7 $GNGGA,094718.000,4424.25149,N,00852.99280,E,1,12,0.8,1.7,M,44.7,M,,*43
31459 1627984039 0 3 2.55 0.00
31460 1627984039 0 4 2.53 1.40
31461 1627984039 0 5 0.02
31462 1627984039 0 6 0.06
31463 1627984039 0 1 2.236
31464 1627984040 0 8 4.98 12.36 11.89
31465 1627984040 0 0 26.09 8.28 171.8 61.31 102.0 6.34 171.7 16.9 188.2 2.75 41.17 14.0
31466 1627984040 0 7 $GNGGA,094719.000,4424.25159,N,00852.99355,E,1,12,0.8,1.5,M,44.7,M,,*48
31467 1627984041 0 7 $GNGGA,094720.000,4424.25129,N,00852.99438,E,1,12,0.8,1.5,M,44.7,M,,*49
31468 1627984042 0 7 $GNGGA,094721.000,4424.25085,N,00852.99512,E,1,12,0.8,1.2,M,44.7,M,,*41
31469 1627984042 0 3 2.55 0.00
31470 1627984042 0 4 2.53 1.41
31471 1627984042 0 5 0.03
31472 1627984042 0 6 0.06
31473 1627984042 0 8 4.98 12.34 11.89
31474 1627984043 0 1 2.356
31475 1627984043 0 0 26.09 8.28 171.8 61.26 102.0 6.34 171.7 16.8 188.6 2.72 41.14 14.0
31476 1627984043 0 7 $GNGGA,094722.000,4424.25043,N,00852.99578,E,1,12,0.8,1.0,M,44.7,M,,*46
31477 1627984044 0 7 $GNGGA,094723.000,4424.25017,N,00852.99645,E,1,12,0.8,1.0,M,44.7,M,,*4B
31478 1627984045 0 7 $GNGGA,094724.000,4424.24996,N,00852.99696,E,1,12,0.8,1.2,M,44.7,M,,*41
31479 1627984045 0 3 2.55 0.00
31480 1627984045 0 4 2.53 1.40
31481 1627984045 0 5 0.03
31482 1627984045 0 6 0.08
31483 1627984045 0 1 2.432
31484 1627984046 0 8 4.98 12.37 11.89
31485 1627984046 0 0 26.09 8.28 171.8 61.35 102.0 6.34 171.9 16.8 188.6 2.74 41.20 14.0
31486 1627984046 0 7 $GNGGA,094725.000,4424.24975,N,00852.99757,E,1,12,0.8,1.2,M,44.7,M,,*41
31487 1627984047 0 7 $GNGGA,094726.000,4424.24956,N,00852.99824,E,1,12,0.8,1.3,M,44.7,M,,*49
31488 1627984048 0 7 $GNGGA,094727.000,4424.24950,N,00852.99880,E,1,12,0.8,1.4,M,44.7,M,,*47
31489 1627984048 0 3 2.55 0.00
31490 1627984048 0 4 2.53 1.40
31491 1627984048 0 5 0.03
31492 1627984048 0 6 0.08
31493 1627984048 0 8 4.98 12.34 11.89
31494 1627984049 0 1 2.431
31495 1627984049 0 0 26.09 8.28 171.8 61.27 102.0 6.34 171.7 16.8 188.4 2.76 41.14 14.0
31496 1627984049 0 7 $GNGGA,094728.000,4424.24959,N,00852.99930,E,1,12,0.8,1.5,M,44.7,M,,*4A
31497 1627984050 0 7 $GNGGA,094729.000,4424.24957,N,00852.99991,E,1,12,0.8,1.3,M,44.7,M,,*48
31498 1627984050 0 2 0.05010000 3.07550001 1.28779994 0.02370000 2.68009996 0.00440000 0.04940000 0.22209999 1.00000000 89.24500274
31499 1627984051 0 7 $GNGGA,094730.000,4424.24949,N,00853.00050,E,1,12,0.8,0.8,M,44.7,M,,*40
31500 1627984051 0 3 2.55 0.00
31501 1627984051 0 4 2.53 1.40
31502 1627984051 0 5 0.03
31503 1627984051 0 6 0.06
31504 1627984052 0 1 2.819
31505 1627984052 0 8 4.98 12.38 11.89
31506 1627984052 0 0 26.09 8.28 171.8 61.40 102.0 6.34 172.0 16.8 188.4 2.68 41.24 14.0
31507 1627984052 0 7 $GNGGA,094731.000,4424.24945,N,00853.00117,E,1,12,0.8,0.8,M,44.7,M,,*4F
31508 1627984053 0 7 $GNGGA,094732.000,4424.24944,N,00853.00183,E,1,12,0.8,1.1,M,44.7,M,,*48
31509 1627984054 0 7 $GNGGA,094733.000,4424.24933,N,00853.00239,E,1,12,0.8,1.3,M,44.7,M,,*49
31510 1627984054 0 3 2.55 0.00
31511 1627984054 0 4 2.53 1.40
31512 1627984054 0 5 0.03
31513 1627984054 0 6 0.06
31514 1627984054 0 8 4.98 12.34 11.89
31515 1627984055 0 1 2.365
31516 1627984055 0 0 26.09 8.28 171.7 61.34 102.0 6.34 171.8 16.8 188.5 2.65 41.20 14.0
31517 1627984055 0 7 $GNGGA,094734.000,4424.24922,N,00853.00295,E,1,12,0.8,1.4,M,44.7,M,,*4F
31518 1627984056 0 7 $GNGGA,094735.000,4424.24917,N,00853.00356,E,1,12,0.8,1.8,M,44.7,M,,*4A
31519 1627984057 0 7 $GNGGA,094736.000,4424.24905,N,00853.00424,E,1,12,0.8,2.0,M,44.7,M,,*43
31520 1627984057 0 3 2.55 0.00
31521 1627984057 0 4 2.53 1.40
31522 1627984057 0 5 0.03
31523 1627984057 0 6 0.07
31524 1627984057 0 1 3.203
31525 1627984058 0 8 4.98 12.38 11.89
31526 1627984058 0 0 26.09 8.28 171.7 61.35 102.0 6.34 171.7 16.8 188.4 2.68 41.20 14.0
31527 1627984058 0 7 $GNGGA,094737.000,4424.24891,N,00853.00482,E,1,12,0.8,1.8,M,44.7,M,,*49
31528 1627984059 0 7 $GNGGA,094738.000,4424.24883,N,00853.00540,E,1,12,0.8,2.0,M,44.7,M,,*41
31529 1627984060 0 7 $GNGGA,094739.000,4424.24876,N,00853.00613,E,1,12,0.8,2.3,M,44.7,M,,*4C
31530 1627984060 0 3 2.55 0.00
31531 1627984060 0 4 2.53 1.40
31532 1627984060 0 5 0.03
31533 1627984060 0 6 0.07
31534 1627984060 0 1 2.448
31535 1627984061 0 8 4.98 12.35 11.89
31536 1627984061 0 0 26.08 8.28 171.7 61.29 102.0 6.34 171.9 16.9 188.5 2.68 41.16 14.0
31537 1627984061 0 7 $GNGGA,094740.000,4424.24861,N,00853.00675,E,1,12,0.8,2.4,M,44.7,M,,*43
31538 1627984062 0 7 $GNGGA,094741.000,4424.24844,N,00853.00732,E,1,12,0.8,2.6,M,44.7,M,,*45
31539 1627984063 0 7 $GNGGA,094742.000,4424.24829,N,00853.00791,E,1,12,0.8,2.6,M,44.7,M,,*44
31540 1627984063 0 3 2.55 0.00
31541 1627984063 0 4 2.52 1.40
31542 1627984063 0 5 0.02
31543 1627984063 0 6 0.07
31544 1627984064 0 8 4.97 12.34 11.89
31545 1627984064 0 1 2.274
31546 1627984064 0 0 26.09 8.28 171.7 61.19 102.0 6.34 171.9 16.9 188.4 2.69 41.08 14.0
31547 1627984064 0 7 $GNGGA,094743.000,4424.24824,N,00853.00838,E,1,12,0.8,2.8,M,44.7,M,,*4A
31548 1627984065 0 7 $GNGGA,094744.000,4424.24811,N,00853.00880,E,1,12,0.8,2.9,M,44.7,M,,*49
31549 1627984066 0 7 $GNGGA,094745.000,4424.24774,N,00853.00945,E,1,12,0.8,2.8,M,44.7,M,,*4D
31550 1627984066 0 3 2.55 0.00
31551 1627984066 0 4 2.53 1.40
31552 1627984066 0 5 0.03
31553 1627984066 0 6 0.06
31554 1627984066 0 1 2.240
31555 1627984067 0 8 4.98 12.36 11.89
31556 1627984067 0 0 26.09 8.28 171.7 61.28 102.0 6.34 171.7 16.8 188.3 2.67 41.16 14.0
31557 1627984067 0 7 $GNGGA,094746.000,4424.24737,N,00853.01001,E,1,12,0.8,2.5,M,44.7,M,,*4C
31558 1627984068 0 7 $GNGGA,094747.000,4424.24716,N,00853.01063,E,1,12,0.8,2.2,M,44.7,M,,*4D
31559 1627984069 0 7 $GNGGA,094748.000,4424.24700,N,00853.01142,E,1,12,0.8,2.0,M,44.7,M,,*45
31560 1627984069 0 3 2.55 0.00
31561 1627984069 0 4 2.53 1.40
31562 1627984069 0 5 0.03
31563 1627984069 0 6 0.07
31564 1627984070 0 8 4.98 12.34 11.89
31565 1627984070 0 1 2.187
31566 1627984070 0 0 26.09 8.28 171.7 61.30 102.0 6.34 171.8 16.9 188.5 2.65 41.17 14.0
31567 1627984070 0 7 $GNGGA,094749.000,4424.24684,N,00853.01215,E,1,12,0.8,2.3,M,44.7,M,,*4B
31568 1627984071 0 7 $GNGGA,094750.000,4424.24677,N,00853.01274,E,1,12,0.8,2.4,M,44.7,M,,*4F
31569 1627984072 0 7 $GNGGA,094751.000,4424.24671,N,00853.01330,E,1,12,0.8,2.4,M,44.7,M,,*49
31570 1627984072 0 3 2.55 0.00
31571 1627984072 0 4 2.53 1.41
31572 1627984072 0 5 0.03
31573 1627984072 0 6 0.06
31574 1627984073 0 1 2.357
31575 1627984073 0 8 4.98 12.37 11.89
31576 1627984073 0 0 26.09 8.28 171.7 61.27 102.0 6.35 171.7 16.8 188.4 2.63 41.14 14.0
31577 1627984073 0 7 $GNGGA,094752.000,4424.24665,N,00853.01391,E,1,12,0.8,2.3,M,44.7,M,,*43
31578 1627984074 0 7 $GNGGA,094753.000,4424.24664,N,00853.01474,E,1,12,0.8,2.2,M,44.7,M,,*4E
31579 1627984075 0 7 $GNGGA,094754.000,4424.24673,N,00853.01553,E,1,12,0.8,2.0,M,44.7,M,,*49
31580 1627984075 0 3 2.55 0.00
31581 1627984075 0 4 2.53 1.44
31582 1627984075 0 5 0.03
31583 1627984075 0 6 0.07
31584 1627984076 0 8 4.98 12.33 11.89
31585 1627984076 0 1 2.544
31586 1627984076 0 0 26.08 8.28 171.7 61.25 102.0 6.35 172.0 16.8 188.2 2.66 41.13 14.0
31587 1627984076 0 7 $GNGGA,094755.000,4424.24684,N,00853.01620,E,1,12,0.8,1.9,M,44.7,M,,*4D
31588 1627984077 0 7 $GNGGA,094756.000,4424.24677,N,00853.01692,E,1,12,0.8,2.1,M,44.7,M,,*40
31589 1627984078 0 7 $GNGGA,094757.000,4424.24662,N,00853.01765,E,1,12,0.8,2.5,M,44.7,M,,*48
31590 1627984078 0 3 2.55 0.00
31591 1627984078 0 4 2.52 1.44
31592 1627984078 0 5 0.02
31593 1627984078 0 6 0.07
31594 1627984079 0 1 2.575
31595 1627984079 0 8 4.98 12.38 11.89
31596 1627984079 0 0 26.10 8.28 171.6 61.19 102.0 6.35 171.6 16.9 188.4 2.72 41.09 14.0
31597 1627984079 0 7 $GNGGA,094758.000,4424.24650,N,00853.01847,E,1,12,0.8,2.7,M,44.7,M,,*4B
31598 1627984080 0 7 $GNGGA,094759.000,4424.24652,N,00853.01917,E,1,12,0.8,2.8,M,44.7,M,,*43
31599 1627984081 0 7 $GNGGA,094800.000,4424.24658,N,00853.01959,E,1,12,0.8,2.5,M,44.7,M,,*4D
31600 1627984081 0 3 2.55 0.00
31601 1627984081 0 4 2.52 1.44
31602 1627984081 0 5 0.03
31603 1627984081 0 6 0.06
31604 1627984082 0 8 4.98 12.34 11.89
31605 1627984082 0 1 2.510
31606 1627984082 0 0 26.10 8.28 171.7 61.27 102.1 6.35 171.7 16.8 188.3 2.66 41.15 14.0
31607 1627984082 0 7 $GNGGA,094801.000,4424.24656,N,00853.02010,E,1,12,0.8,2.3,M,44.7,M,,*43
31608 1627984083 0 7 $GNGGA,094802.000,4424.24639,N,00853.02074,E,1,12,0.8,2.1,M,44.7,M,,*49
31609 1627984084 0 7 $GNGGA,094803.000,4424.24618,N,00853.02145,E,1,12,0.8,1.9,M,44.7,M,,*43
31610 1627984084 0 3 2.55 0.00
31611 1627984084 0 4 2.53 1.44
31612 1627984084 0 5 0.03
31613 1627984084 0 6 0.06
31614 1627984085 0 1 3.192
31615 1627984085 0 8 4.98 12.38 11.89
31616 1627984085 0 0 26.10 8.28 171.6 61.29 102.1 6.35 171.7 16.8 188.7 2.66 41.16 14.0
31617 1627984085 0 7 $GNGGA,094804.000,4424.24603,N,00853.02216,E,1,12,0.8,2.0,M,44.7,M,,*41
31618 1627984086 0 7 $GNGGA,094805.000,4424.24604,N,00853.02290,E,1,12,0.8,2.1,M,44.7,M,,*48
31619 1627984087 0 7 $GNGGA,094806.000,4424.24610,N,00853.02359,E,1,12,0.8,2.7,M,44.7,M,,*4C
31620 1627984087 0 3 2.55 0.00
31621 1627984087 0 4 2.52 1.44
31622 1627984087 0 5 0.03
31623 1627984087 0 6 0.07
31624 1627984088 0 1 2.653
31625 1627984088 0 8 4.98 12.34 11.89
31626 1627984088 0 0 26.10 8.28 171.6 61.24 102.1 6.35 171.7 16.9 188.5 2.69 41.12 14.0
31627 1627984088 0 7 $GNGGA,094807.000,4424.24615,N,00853.02434,E,1,12,0.8,2.8,M,44.7,M,,*4B
31628 1627984089 0 7 $GNGGA,094808.000,4424.24604,N,00853.02490,E,1,12,0.8,2.8,M,44.7,M,,*4A
31629 1627984090 0 7 $GNGGA,094809.000,4424.24568,N,00853.02541,E,1,12,0.8,2.7,M,44.7,M,,*40
31630 1627984090 0 3 2.55 0.00
31631 1627984090 0 4 2.53 1.44
31632 1627984090 0 5 0.03
31633 1627984090 0 6 0.06
31634 1627984091 0 8 4.98 12.34 11.89
31635 1627984091 0 1 2.639
31636 1627984091 0 0 26.09 8.28 171.7 61.25 102.1 6.35 171.9 16.8 188.5 2.71 41.13 14.0
31637 1627984091 0 7 $GNGGA,094810.000,4424.24553,N,00853.02604,E,1,12,0.8,2.2,M,44.7,M,,*47
31638 1627984092 0 7 $GNGGA,094811.000,4424.24559,N,00853.02656,E,1,12,0.8,2.1,M,44.7,M,,*48
31639 1627984093 0 7 $GNGGA,094812.000,4424.24559,N,00853.02718,E,1,12,0.8,1.8,M,44.7,M,,*4A
31640 1627984093 0 3 2.55 0.00
31641 1627984093 0 4 2.53 1.44
31642 1627984093 0 5 0.03
31643 1627984093 0 6 0.06
31644 1627984094 0 1 2.479
31645 1627984094 0 8 4.98 12.36 11.89
31646 1627984094 0 0 26.10 8.28 171.6 61.20 102.1 6.35 171.7 16.9 188.8 2.66 41.09 14.0
31647 1627984094 0 7 $GNGGA,094813.000,4424.24554,N,00853.02782,E,1,12,0.8,1.7,M,44.7,M,,*4A
31648 1627984095 0 7 $GNGGA,094814.000,4424.24532,N,00853.02863,E,1,12,0.8,1.7,M,44.7,M,,*4D
31649 1627984096 0 7 $GNGGA,094815.000,4424.24507,N,00853.02964,E,1,12,0.8,1.7,M,44.7,M,,*4C
31650 1627984096 0 3 2.55 0.00
31651 1627984096 0 4 2.53 1.44
31652 1627984096 0 5 0.03
31653 1627984096 0 6 0.06
31654 1627984097 0 8 4.98 12.34 11.89
31655 1627984097 0 1 2.299
31656 1627984097 0 0 26.10 8.28 171.6 61.20 102.1 6.35 171.7 16.9 188.3 2.66 41.09 14.0
31657 1627984097 0 7 $GNGGA,094816.000,4424.24498,N,00853.03051,E,1,12,0.8,1.6,M,44.7,M,,*47
31658 1627984098 0 7 $GNGGA,094817.000,4424.24497,N,00853.03128,E,1,12,0.8,1.2,M,44.7,M,,*42
31659 1627984099 0 7 $GNGGA,094818.000,4424.24494,N,00853.03203,E,1,12,0.8,0.9,M,44.7,M,,*4E
31660 1627984099 0 3 2.55 0.00
31661 1627984099 0 4 2.53 1.43
31662 1627984099 0 5 0.03
31663 1627984099 0 6 0.08
31664 1627984100 0 1 2.477
31665 1627984100 0 8 4.98 12.37 11.89
31666 1627984100 0 0 26.10 8.28 171.6 61.19 102.1 6.35 171.7 16.9 188.3 2.72 41.09 14.0
31667 1627984100 0 7 $GNGGA,094819.000,4424.24490,N,00853.03273,E,1,12,0.8,0.5,M,44.7,M,,*40
31668 1627984101 0 7 $GNGGA,094820.000,4424.24486,N,00853.03342,E,1,11,1.1,-0.0,M,44.7,M,,*6D
31669 1627984102 0 7 $GNGGA,094821.000,4424.24494,N,00853.03420,E,1,11,1.1,-0.4,M,44.7,M,,*68
31670 1627984102 0 3 2.55 0.00
31671 1627984102 0 4 2.53 1.43
31672 1627984102 0 5 0.02
31673 1627984102 0 6 0.06
31674 1627984102 0 8 4.98 12.33 11.89
31675 1627984102 0 1 2.105
31676 1627984103 0 0 26.11 8.28 171.5 61.31 102.1 6.35 171.5 16.9 188.2 2.73 41.18 14.0
31677 1627984103 0 7 $GNGGA,094822.000,4424.24503,N,00853.03491,E,1,11,1.1,-0.9,M,44.7,M,,*63
31678 1627984104 0 7 $GNGGA,094823.000,4424.24511,N,00853.03537,E,1,11,1.1,-1.0,M,44.7,M,,*64
31679 1627984105 0 7 $GNGGA,094824.000,4424.24515,N,00853.03575,E,1,11,1.1,-0.9,M,44.7,M,,*69
31680 1627984105 0 3 2.55 0.00
31681 1627984105 0 4 2.53 1.43
31682 1627984105 0 5 0.03
31683 1627984105 0 6 0.06
31684 1627984105 0 1 2.372
31685 1627984106 0 8 4.98 12.38 11.89
31686 1627984106 0 0 26.12 8.28 171.6 61.32 102.1 6.35 171.5 16.9 188.5 2.71 41.18 14.0
31687 1627984106 0 7 $GNGGA,094825.000,4424.24511,N,00853.03621,E,1,11,1.1,-0.7,M,44.7,M,,*60
31688 1627984107 0 7 $GNGGA,094826.000,4424.24511,N,00853.03683,E,1,11,1.1,-0.5,M,44.7,M,,*69
31689 1627984108 0 7 $GNGGA,094827.000,4424.24509,N,00853.03773,E,1,11,1.1,-0.2,M,44.7,M,,*68
31690 1627984108 0 3 2.55 0.00
31691 1627984108 0 4 2.53 1.43
31692 1627984108 0 5 0.03
31693 1627984108 0 6 0.06
31694 1627984109 0 8 4.98 12.34 11.89
31695 1627984109 0 1 2.012
31696 1627984109 0 0 26.12 8.28 171.5 61.26 102.1 6.35 171.6 16.9 188.1 2.71 41.13 14.1
31697 1627984109 0 7 $GNGGA,094828.000,4424.24502,N,00853.03862,E,1,11,1.1,-0.1,M,44.7,M,,*60
31698 1627984110 0 7 $GNGGA,094829.000,4424.24497,N,00853.03930,E,1,12,0.8,-0.3,M,44.7,M,,*63
31699 1627984111 0 7 $GNGGA,094830.000,4424.24498,N,00853.03979,E,1,12,0.8,-0.7,M,44.7,M,,*6D
31700 1627984111 0 3 2.55 0.00
31701 1627984111 0 4 2.53 1.43
31702 1627984111 0 5 0.03
31703 1627984111 0 6 0.07
31704 1627984111 0 1 2.977
31705 1627984112 0 8 4.98 12.23 11.89
31706 1627984112 0 0 26.12 8.28 171.5 61.29 102.1 6.35 171.7 16.9 188.7 2.70 41.16 14.1
31707 1627984112 0 7 $GNGGA,094831.000,4424.24504,N,00853.04028,E,1,12,0.8,-1.0,M,44.7,M,,*64
31708 1627984113 0 7 $GNGGA,094832.000,4424.24513,N,00853.04098,E,1,12,0.8,-1.2,M,44.7,M,,*68
31709 1627984114 0 7 $GNGGA,094833.000,4424.24512,N,00853.04180,E,1,12,0.8,-1.3,M,44.7,M,,*61
31710 1627984114 0 3 2.55 0.00
31711 1627984114 0 4 2.53 1.43
31712 1627984114 0 5 0.02
31713 1627984114 0 6 0.06
31714 1627984115 0 1 2.232
31715 1627984115 0 8 4.98 12.34 11.89
31716 1627984115 0 0 26.12 8.28 171.5 61.27 102.2 6.35 171.9 16.9 188.8 2.68 41.15 14.1
31717 1627984115 0 7 $GNGGA,094834.000,4424.24510,N,00853.04274,E,1,12,0.8,-1.3,M,44.7,M,,*6C
31718 1627984116 0 7 $GNGGA,094835.000,4424.24506,N,00853.04362,E,1,12,0.8,-1.3,M,44.7,M,,*6C
31719 1627984117 0 7 $GNGGA,094836.000,4424.24497,N,00853.04423,E,1,12,0.8,-1.2,M,44.7,M,,*65
31720 1627984117 0 3 2.55 0.00
31721 1627984117 0 4 2.52 1.43
31722 1627984117 0 5 0.03
31723 1627984117 0 6 0.07
31724 1627984117 0 8 4.98 12.33 11.89
31725 1627984117 0 1 2.212
31726 1627984118 0 0 26.11 8.28 171.5 61.19 102.3 6.36 171.8 16.9 188.9 2.70 41.08 14.1
31727 1627984118 0 7 $GNGGA,094837.000,4424.24481,N,00853.04483,E,1,12,0.8,-1.3,M,44.7,M,,*68
31728 1627984119 0 7 $GNGGA,094838.000,4424.24466,N,00853.04536,E,1,12,0.8,-1.4,M,44.7,M,,*66
31729 1627984120 0 7 $GNGGA,094839.000,4424.24473,N,00853.04600,E,1,12,0.8,-1.2,M,44.7,M,,*63
31730 1627984120 0 3 2.55 0.00
31731 1627984120 0 4 2.53 1.43
31732 1627984120 0 5 0.03
31733 1627984120 0 6 0.07
31734 1627984120 0 1 2.268
31735 1627984121 0 8 4.98 12.20 11.87
31736 1627984121 0 0 26.11 8.28 171.5 61.24 102.3 6.36 171.7 16.9 188.7 2.72 41.12 14.1
31737 1627984121 0 7 $GNGGA,094840.000,4424.24483,N,00853.04681,E,1,12,0.8,-0.9,M,44.7,M,,*61
31738 1627984122 0 7 $GNGGA,094841.000,4424.24490,N,00853.04764,E,1,12,0.8,-0.8,M,44.7,M,,*69
31739 1627984123 0 7 $GNGGA,094842.000,4424.24498,N,00853.04834,E,1,12,0.8,-1.0,M,44.7,M,,*61
31740 1627984123 0 3 2.55 0.00
31741 1627984123 0 4 2.52 1.43
31742 1627984123 0 5 0.02
31743 1627984123 0 6 0.07
31744 1627984123 0 8 4.98 12.35 11.89
31745 1627984123 0 1 2.475
31746 1627984124 0 0 26.10 8.28 171.4 61.22 102.3 6.36 171.7 16.9 188.6 2.72 41.11 14.1
31747 1627984124 0 7 $GNGGA,094843.000,4424.24502,N,00853.04898,E,1,12,0.8,-1.1,M,44.7,M,,*65
31748 1627984125 0 7 $GNGGA,094844.000,4424.24496,N,00853.04972,E,1,12,0.8,-1.0,M,44.7,M,,*6A
31749 1627984126 0 7 $GNGGA,094845.000,4424.24483,N,00853.05032,E,1,12,0.8,-0.9,M,44.7,M,,*6B
31750 1627984126 0 3 2.55 0.00
31751 1627984126 0 4 2.53 1.43
31752 1627984126 0 5 0.02
31753 1627984126 0 6 0.07
31754 1627984126 0 1 2.317
31755 1627984127 0 8 4.98 12.22 11.87
31756 1627984127 0 0 26.10 8.28 171.5 61.30 102.3 6.36 171.9 16.8 188.8 2.72 41.17 14.1
31757 1627984127 0 7 $GNGGA,094846.000,4424.24488,N,00853.05089,E,1,12,0.8,-0.8,M,44.7,M,,*62
31758 1627984128 0 7 $GNGGA,094847.000,4424.24488,N,00853.05146,E,1,12,0.8,-0.6,M,44.7,M,,*6F
31759 1627984129 0 7 $GNGGA,094848.000,4424.24469,N,00853.05210,E,1,12,0.8,-0.2,M,44.7,M,,*6B
31760 1627984129 0 3 2.55 0.00
31761 1627984129 0 4 2.53 1.43
31762 1627984129 0 5 0.03
31763 1627984130 0 6 0.07
31764 1627984130 0 8 4.98 12.19 11.87
31765 1627984130 0 1 2.428
31766 1627984130 0 0 26.10 8.28 171.4 61.27 102.3 6.36 171.8 16.9 189.3 2.75 41.14 14.0
31767 1627984130 0 7 $GNGGA,094849.000,4424.24454,N,00853.05282,E,1,12,0.8,0.1,M,44.7,M,,*41
31768 1627984131 0 7 $GNGGA,094850.000,4424.24435,N,00853.05347,E,1,12,0.8,0.4,M,44.7,M,,*43
31769 1627984132 0 7 $GNGGA,094851.000,4424.24424,N,00853.05397,E,1,12,0.8,0.5,M,44.7,M,,*4E
31771 1627984132 0 4 2.53 1.43
31772 1627984132 0 5 0.03
31773 1627984132 0 6 0.06
31774 1627984132 0 1 2.588
31775 1627984133 0 8 4.98 12.37 11.89
31776 1627984133 0 0 26.11 8.28 171.5 61.29 102.3 6.36 171.8 16.9 188.5 2.71 41.16 14.0
31777 1627984133 0 7 $GNGGA,094852.000,4424.24429,N,00853.05447,E,1,12,0.8,0.6,M,44.7,M,,*49
31778 1627984134 0 7 $GNGGA,094853.000,4424.24418,N,00853.05504,E,1,12,0.8,0.5,M,44.7,M,,*4F
31779 1627984135 0 7 $GNGGA,094854.000,4424.24404,N,00853.05574,E,1,12,0.8,0.4,M,44.7,M,,*43
31780 1627984135 0 3 2.55 0.00
31781 1627984135 0 4 2.53 1.41
31782 1627984135 0 5 0.03
31783 1627984135 0 6 0.06
31784 1627984135 0 8 4.98 12.34 11.89
31785 1627984135 0 1 2.276
31786 1627984136 0 0 26.12 8.28 171.4 61.29 102.3 6.36 171.6 16.9 188.7 2.69 41.16 14.1
31787 1627984136 0 7 $GNGGA,094855.000,4424.24383,N,00853.05643,E,1,12,0.8,0.5,M,44.7,M,,*4C
31788 1627984137 0 7 $GNGGA,094856.000,4424.24359,N,00853.05719,E,1,12,0.8,0.5,M,44.7,M,,*46
31789 1627984138 0 7 $GNGGA,094857.000,4424.24335,N,00853.05799,E,1,12,0.8,0.7,M,44.7,M,,*47
31790 1627984138 0 3 2.55 0.00
31791 1627984138 0 4 2.53 1.41
31792 1627984138 0 5 0.03
31793 1627984138 0 6 0.06
31794 1627984138 0 1 3.061
31795 1627984139 0 8 4.98 12.23 11.89
31796 1627984139 0 0 26.11 8.28 171.5 61.25 102.4 6.36 171.9 16.9 189.0 2.68 41.13 14.1
31797 1627984139 0 7 $GNGGA,094858.000,4424.24307,N,00853.05874,E,1,12,0.8,1.0,M,44.7,M,,*43
31798 1627984140 0 7 $GNGGA,094859.000,4424.24285,N,00853.05939,E,1,12,0.8,1.3,M,44.7,M,,*42
31799 1627984141 0 7 $GNGGA,094900.000,4424.24272,N,00853.06000,E,1,12,0.8,1.4,M,44.7,M,,*40
31800 1627984141 0 3 2.55 0.00
31801 1627984141 0 4 2.53 1.41
31802 1627984141 0 5 0.03
31803 1627984141 0 6 0.07
31804 1627984141 0 1 2.327
31805 1627984142 0 8 4.98 12.34 11.89
31806 1627984142 0 0 26.11 8.28 171.3 61.35 102.4 6.36 171.8 16.9 188.8 2.69 41.21 14.1
31807 1627984142 0 7 $GNGGA,094901.000,4424.24264,N,00853.06070,E,1,12,0.8,1.8,M,44.7,M,,*4D
31808 1627984143 0 7 $GNGGA,094902.000,4424.24255,N,00853.06142,E,1,12,0.8,2.2,M,44.7,M,,*45
31810 1627984144 0 3 2.55 0.00
31811 1627984144 0 4 2.52 1.41
31812 1627984144 0 5 0.03
31813 1627984144 0 6 0.07
31814 1627984144 0 8 4.98 12.32 11.89
31815 1627984144 0 1 2.190
31816 1627984145 0 0 26.12 8.28 171.4 61.36 102.4 6.36 171.8 16.9 188.8 2.68 41.21 14.1
31817 1627984145 0 7 $GNGGA,094904.000,4424.24219,N,00853.06295,E,1,12,0.8,2.2,M,44.7,M,,*42
31818 1627984146 0 7 $GNGGA,094905.000,4424.24199,N,00853.06364,E,1,12,0.8,2.3,M,44.7,M,,*46
31819 1627984147 0 7 $GNGGA,094906.000,4424.24182,N,00853.06439,E,1,12,0.8,2.4,M,44.7,M,,*47
31820 1627984147 0 3 2.55 0.00
31821 1627984147 0 4 2.52 1.41
31822 1627984147 0 5 0.02
31823 1627984147 0 6 0.07
31824 1627984147 0 1 2.100
31825 1627984148 0 8 4.98 12.35 11.89
31826 1627984148 0 0 26.11 8.28 171.4 61.29 102.4 6.37 171.7 16.9 188.7 2.70 41.16 14.1
31827 1627984148 0 7 $GNGGA,094907.000,4424.24162,N,00853.06503,E,1,12,0.8,2.6,M,44.7,M,,*42
31828 1627984149 0 7 $GNGGA,094908.000,4424.24146,N,00853.06547,E,1,12,0.8,2.9,M,44.7,M,,*44
31829 1627984150 0 7 $GNGGA,094909.000,4424.24132,N,00853.06593,E,1,12,0.8,3.0,M,44.7,M,,*47
31830 1627984150 0 3 2.55 0.00
31831 1627984150 0 4 2.52 1.41
31832 1627984150 0 5 0.03
31833 1627984150 0 6 0.07
31834 1627984150 0 8 4.98 12.34 11.89
31835 1627984150 0 1 2.184
31836 1627984151 0 0 26.11 8.28 171.3 61.32 102.4 6.37 171.8 16.9 189.0 2.71 41.18 14.1
31837 1627984151 0 7 $GNGGA,094910.000,4424.24119,N,00853.06652,E,1,12,0.8,3.1,M,44.7,M,,*49
31838 1627984152 0 7 $GNGGA,094911.000,4424.24107,N,00853.06713,E,1,12,0.8,3.4,M,44.7,M,,*46
31839 1627984153 0 7 $GNGGA,094912.000,4424.24097,N,00853.06774,E,1,12,0.8,3.8,M,44.7,M,,*40
31840 1627984153 0 3 2.55 0.00
31841 1627984153 0 4 2.53 1.41
31842 1627984153 0 5 0.02
31843 1627984153 0 6 0.06
31844 1627984153 0 1 2.164
31845 1627984154 0 8 4.97 12.38 11.89
31846 1627984154 0 0 26.11 8.28 171.4 61.33 102.5 6.37 171.8 16.9 188.8 2.68 41.19 14.1
31847 1627984154 0 7 $GNGGA,094913.000,4424.24085,N,00853.06828,E,1,12,0.8,4.3,M,44.7,M,,*48
31848 1627984155 0 7 $GNGGA,094914.000,4424.24066,N,00853.06882,E,1,12,0.8,4.7,M,44.7,M,,*46
31849 1627984156 0 7 $GNGGA,094915.000,4424.24050,N,00853.06947,E,1,12,0.8,5.3,M,44.7,M,,*4F
31850 1627984156 0 3 2.55 0.00
31851 1627984156 0 4 2.52 1.41
31852 1627984156 0 5 0.03
31853 1627984156 0 6 0.06
31854 1627984156 0 8 4.98 12.35 11.89
31855 1627984156 0 1 2.317
31856 1627984157 0 0 26.11 8.28 171.3 61.35 102.5 6.37 171.7 16.9 188.9 2.66 41.21 14.1
31857 1627984157 0 7 $GNGGA,094916.000,4424.24046,N,00853.07022,E,1,12,0.8,5.6,M,44.7,M,,*45
31858 1627984158 0 7 $GNGGA,094917.000,4424.24032,N,00853.07095,E,1,12,0.8,5.8,M,44.7,M,,*45
31859 1627984159 0 7 $GNGGA,094918.000,4424.24011,N,00853.07156,E,1,12,0.8,5.8,M,44.7,M,,*45
31860 1627984159 0 3 2.55 0.00
31861 1627984159 0 4 2.52 1.41
31862 1627984159 0 5 0.03
31863 1627984159 0 6 0.06
31864 1627984159 0 1 2.671
31865 1627984160 0 8 4.98 12.38 11.89
31866 1627984160 0 0 26.11 8.28 171.3 61.32 102.5 6.37 171.8 16.9 189.2 2.69 41.18 14.1
31867 1627984160 0 7 $GNGGA,094919.000,4424.23989,N,00853.07209,E,1,12,0.8,5.8,M,44.7,M,,*42
31868 1627984161 0 7 $GNGGA,094920.000,4424.23971,N,00853.07263,E,1,12,0.8,5.7,M,44.7,M,,*4C
31869 1627984162 0 7 $GNGGA,094921.000,4424.23951,N,00853.07325,E,1,12,0.8,5.7,M,44.7,M,,*4C
31870 1627984162 0 3 2.55 0.00
31871 1627984162 0 4 2.52 1.42
31872 1627984162 0 5 0.03
31873 1627984162 0 6 0.08
31874 1627984162 0 8 4.98 12.34 11.89
31875 1627984162 0 1 2.207
31876 1627984163 0 0 26.12 8.28 171.3 61.26 102.5 6.37 171.8 16.9 188.9 2.71 41.14 14.1
31877 1627984163 0 7 $GNGGA,094922.000,4424.23938,N,00853.07385,E,1,12,0.8,5.3,M,44.7,M,,*4E
31878 1627984164 0 7 $GNGGA,094923.000,4424.23929,N,00853.07448,E,1,12,0.8,4.9,M,44.7,M,,*42
31879 1627984165 0 7 $GNGGA,094924.000,4424.23908,N,00853.07515,E,1,12,0.8,4.4,M,44.7,M,,*42
31880 1627984165 0 3 2.55 0.00
31881 1627984165 0 4 2.53 1.41
31882 1627984165 0 5 0.02
31883 1627984165 0 6 0.06
31884 1627984165 0 1 3.134
31885 1627984166 0 8 4.98 12.38 11.89
31886 1627984166 0 0 26.12 8.28 171.3 61.29 102.6 6.38 171.9 16.9 189.0 2.69 41.16 14.1
31887 1627984166 0 7 $GNGGA,094925.000,4424.23883,N,00853.07573,E,1,12,0.8,4.1,M,44.7,M,,*44
31888 1627984167 0 7 $GNGGA,094926.000,4424.23858,N,00853.07629,E,1,12,0.8,3.8,M,44.7,M,,*43
31889 1627984168 0 7 $GNGGA,094927.000,4424.23828,N,00853.07683,E,1,12,0.8,3.5,M,44.7,M,,*48
31890 1627984168 0 3 2.55 0.00
31891 1627984168 0 4 2.53 1.41
31892 1627984168 0 5 0.03
31893 1627984168 0 6 0.06
31894 1627984168 0 1 2.089
31895 1627984169 0 8 4.98 12.34 11.89
31896 1627984169 0 0 26.12 8.28 171.2 61.34 102.6 6.38 171.9 16.9 188.7 2.67 41.20 14.1
31897 1627984169 0 7 $GNGGA,094928.000,4424.23795,N,00853.07734,E,1,12,0.8,3.3,M,44.7,M,,*45
31898 1627984170 0 7 $GNGGA,094929.000,4424.23768,N,00853.07777,E,1,12,0.8,3.2,M,44.7,M,,*40
31899 1627984170 0 2 0.04060000 2.44449996 1.23730003 0.01880000 2.71909999 0.00400000 0.04360000 0.17980000 1.00000000 90.45800018
31900 1627984171 0 7 $GNGGA,094930.000,4424.23743,N,00853.07818,E,1,12,0.8,3.2,M,44.7,M,,*47
31901 1627984171 0 3 2.55 0.00
31902 1627984171 0 4 2.52 1.41
31903 1627984171 0 5 0.03
31904 1627984171 0 6 0.08
31905 1627984171 0 8 4.98 12.34 11.89
31906 1627984172 0 1 2.054
31907 1627984172 0 0 26.12 8.28 171.3 61.38 102.7 6.38 171.9 16.9 188.7 2.72 41.23 14.1
31908 1627984172 0 7 $GNGGA,094931.000,4424.23710,N,00853.07858,E,1,12,0.8,3.1,M,44.7,M,,*47
31909 1627984173 0 7 $GNGGA,094932.000,4424.23686,N,00853.07899,E,1,12,0.8,3.0,M,44.7,M,,*46
31910 1627984174 0 7 $GNGGA,094933.000,4424.23666,N,00853.07951,E,1,12,0.8,2.7,M,44.7,M,,*4A
31911 1627984174 0 3 2.55 0.00
31912 1627984174 0 4 2.53 1.42
31913 1627984174 0 5 0.02
31914 1627984174 0 6 0.07
31915 1627984174 0 1 2.292
31916 1627984175 0 8 4.98 12.36 11.89
31917 1627984175 0 0 26.13 8.28 171.2 61.29 102.7 6.38 171.8 16.9 189.0 2.72 41.16 14.1
31918 1627984175 0 7 $GNGGA,094934.000,4424.23637,N,00853.08004,E,1,12,0.8,2.7,M,44.7,M,,*4F
31919 1627984176 0 7 $GNGGA,094935.000,4424.23612,N,00853.08060,E,1,12,0.8,2.7,M,44.7,M,,*4B
31920 1627984177 0 7 $GNGGA,094936.000,4424.23605,N,00853.08114,E,1,12,0.8,2.8,M,44.7,M,,*43
31921 1627984177 0 3 2.55 0.00
31922 1627984177 0 4 2.53 1.41
31923 1627984177 0 5 0.03
31924 1627984177 0 6 0.08
31925 1627984177 0 8 4.98 12.33 11.89
31926 1627984177 0 1 2.455
31927 1627984178 0 0 26.12 8.28 171.2 61.32 102.7 6.38 172.0 16.9 189.0 2.69 41.18 14.1
31928 1627984178 0 7 $GNGGA,094937.000,4424.23607,N,00853.08174,E,1,12,0.8,2.9,M,44.7,M,,*47
31929 1627984179 0 7 $GNGGA,094938.000,4424.23585,N,00853.08233,E,1,12,0.8,3.0,M,44.7,M,,*49
31930 1627984180 0 7 $GNGGA,094939.000,4424.23547,N,00853.08295,E,1,12,0.8,3.1,M,44.7,M,,*4B
31931 1627984180 0 3 2.55 0.00
31932 1627984180 0 4 2.53 1.42
31933 1627984180 0 5 0.02
31934 1627984180 0 6 0.06
31935 1627984180 0 1 2.092
31936 1627984181 0 8 4.98 12.37 11.89
31937 1627984181 0 0 26.12 8.28 171.3 61.28 102.7 6.38 171.8 16.9 188.8 2.66 41.15 14.1
31938 1627984181 0 7 $GNGGA,094940.000,4424.23507,N,00853.08361,E,1,12,0.8,3.2,M,44.7,M,,*48
31939 1627984182 0 7 $GNGGA,094941.000,4424.23462,N,00853.08424,E,1,12,0.8,3.2,M,44.7,M,,*4D
31940 1627984183 0 7 $GNGGA,094942.000,4424.23420,N,00853.08479,E,1,12,0.8,3.2,M,44.7,M,,*40
31941 1627984183 0 3 2.55 0.00
31942 1627984183 0 4 2.52 1.42
31943 1627984183 0 5 0.03
31944 1627984183 0 6 0.08
31945 1627984183 0 8 4.98 12.34 11.89
31946 1627984184 0 1 2.445
31947 1627984184 0 0 26.11 8.28 171.2 61.34 102.7 6.38 171.9 16.9 188.9 2.72 41.20 14.1
31948 1627984184 0 7 $GNGGA,094943.000,4424.23392,N,00853.08534,E,1,12,0.8,2.7,M,44.7,M,,*43
31949 1627984185 0 7 $GNGGA,094944.000,4424.23376,N,00853.08595,E,1,12,0.8,2.4,M,44.7,M,,*46
31950 1627984186 0 7 $GNGGA,094945.000,4424.23360,N,00853.08660,E,1,12,0.8,2.2,M,44.7,M,,*4F
31951 1627984186 0 3 2.55 0.00
31952 1627984186 0 4 2.52 1.42
31953 1627984186 0 5 0.02
31954 1627984186 0 6 0.08
31955 1627984186 0 1 2.974
31956 1627984187 0 8 4.98 12.37 11.89
31957 1627984187 0 0 26.10 8.28 171.2 61.34 102.7 6.38 172.1 16.9 189.3 2.73 41.20 14.1
31958 1627984187 0 7 $GNGGA,094946.000,4424.23344,N,00853.08716,E,1,12,0.8,2.1,M,44.7,M,,*49
31959 1627984188 0 7 $GNGGA,094947.000,4424.23326,N,00853.08786,E,1,12,0.8,2.2,M,44.7,M,,*46
31960 1627984189 0 7 $GNGGA,094948.000,4424.23319,N,00853.08867,E,1,12,0.8,2.2,M,44.7,M,,*45
31961 1627984189 0 3 2.55 0.00
31962 1627984189 0 4 2.53 1.42
31963 1627984189 0 5 0.03
31964 1627984189 0 6 0.05
31965 1627984189 0 8 4.98 12.34 11.89
31966 1627984189 0 1 2.532
31967 1627984190 0 0 26.11 8.28 171.2 61.25 102.7 6.39 172.0 16.9 189.1 2.67 41.13 14.1
31968 1627984190 0 7 $GNGGA,094949.000,4424.23300,N,00853.08939,E,1,12,0.8,2.6,M,44.7,M,,*42
31969 1627984191 0 7 $GNGGA,094950.000,4424.23289,N,00853.09015,E,1,12,0.8,2.9,M,44.7,M,,*43
31970 1627984192 0 7 $GNGGA,094951.000,4424.23289,N,00853.09073,E,1,12,0.8,3.1,M,44.7,M,,*4B
31971 1627984192 0 3 2.55 0.00
31972 1627984192 0 4 2.53 1.42
31973 1627984192 0 5 0.03
31974 1627984192 0 6 0.06
31975 1627984192 0 1 3.085
31976 1627984193 0 8 4.98 12.37 11.89
31977 1627984193 0 0 26.12 8.28 171.2 61.38 102.7 6.38 171.8 16.9 188.5 2.65 41.23 14.1
31978 1627984193 0 7 $GNGGA,094952.000,4424.23283,N,00853.09120,E,1,12,0.8,3.2,M,44.7,M,,*46
31979 1627984194 0 7 $GNGGA,094953.000,4424.23264,N,00853.09159,E,1,12,0.8,3.6,M,44.7,M,,*44
31980 1627984195 0 7 $GNGGA,094954.000,4424.23260,N,00853.09219,E,1,12,0.8,4.0,M,44.7,M,,*41
31981 1627984195 0 3 2.55 0.00
31982 1627984195 0 4 2.53 1.42
31983 1627984195 0 5 0.03
31984 1627984195 0 6 0.06
31985 1627984195 0 1 2.394
31986 1627984196 0 8 4.98 12.34 11.89
31987 1627984196 0 0 26.12 8.28 171.2 61.36 102.7 6.38 171.8 16.9 189.0 2.69 41.21 14.1
31988 1627984196 0 7 $GNGGA,094955.000,4424.23272,N,00853.09291,E,1,12,0.8,4.4,M,44.7,M,,*47
31989 1627984197 0 7 $GNGGA,094956.000,4424.23275,N,00853.09364,E,1,12,0.8,4.6,M,44.7,M,,*4A
31990 1627984198 0 7 $GNGGA,094957.000,4424.23277,N,00853.09432,E,1,12,0.8,4.6,M,44.7,M,,*4D
31991 1627984198 0 3 2.55 0.00
31992 1627984198 0 4 2.52 1.41
31993 1627984198 0 5 0.03
31994 1627984198 0 6 0.07
31995 1627984198 0 8 4.98 12.33 11.89
31996 1627984199 0 1 2.307
31997 1627984199 0 0 26.12 8.28 171.1 61.38 102.8 6.38 171.9 16.9 188.9 2.70 41.22 14.1
31998 1627984199 0 7 $GNGGA,094958.000,4424.23278,N,00853.09504,E,1,12,0.8,4.6,M,44.7,M,,*49
31999 1627984200 0 7 $GNGGA,094959.000,4424.23272,N,00853.09587,E,1,12,0.8,4.8,M,44.7,M,,*47
32000 1627984201 0 7 $GNGGA,095000.000,4424.23262,N,00853.09671,E,1,12,0.8,5.0,M,44.7,M,,*41
32001 1627984201 0 3 2.55 0.00
32002 1627984201 0 4 2.53 1.42
32003 1627984201 0 5 0.03
32004 1627984201 0 6 0.06
32005 1627984201 0 1 2.350
32006 1627984202 0 8 4.98 12.35 11.89
32007 1627984202 0 0 26.12 8.28 171.1 61.33 102.8 6.39 172.0 16.9 188.9 2.69 41.19 14.1
32008 1627984202 0 7 $GNGGA,095001.000,4424.23255,N,00853.09754,E,1,12,0.8,4.8,M,44.7,M,,*4B
32009 1627984203 0 7 $GNGGA,095002.000,4424.23249,N,00853.09840,E,1,12,0.8,4.7,M,44.7,M,,*40
32010 1627984204 0 7 $GNGGA,095003.000,4424.23246,N,00853.09908,E,1,12,0.8,4.7,M,44.7,M,,*43
32011 1627984204 0 3 2.55 0.00
32012 1627984204 0 4 2.52 1.42
32013 1627984204 0 5 0.03
32014 1627984204 0 6 0.06
32015 1627984204 0 8 4.98 12.34 11.89
32016 1627984205 0 1 2.484
32017 1627984205 0 0 26.12 8.28 171.1 61.30 102.8 6.39 172.0 16.9 189.1 2.68 41.16 14.1
32018 1627984205 0 7 $GNGGA,095004.000,4424.23237,N,00853.09963,E,1,12,0.8,4.8,M,44.7,M,,*40
32019 1627984206 0 7 $GNGGA,095005.000,4424.23225,N,00853.10028,E,1,12,0.8,4.9,M,44.7,M,,*4D
32020 1627984207 0 7 $GNGGA,095006.000,4424.23222,N,00853.10102,E,1,12,0.8,5.0,M,44.7,M,,*48
32021 1627984207 0 3 2.55 0.00
32022 1627984207 0 4 2.52 1.42
32023 1627984207 0 5 0.03
32024 1627984207 0 6 0.06
32025 1627984207 0 1 2.394
32026 1627984208 0 8 4.98 12.37 11.89
32027 1627984208 0 0 26.12 8.28 171.1 61.35 102.8 6.39 171.9 16.9 189.1 2.68 41.20 14.1
32028 1627984208 0 7 $GNGGA,095007.000,4424.23220,N,00853.10174,E,1,12,0.8,5.2,M,44.7,M,,*48
32029 1627984209 0 7 $GNGGA,095008.000,4424.23214,N,00853.10238,E,1,12,0.8,5.2,M,44.7,M,,*4B
32030 1627984210 0 7 $GNGGA,095009.000,4424.23203,N,00853.10302,E,1,12,0.8,5.4,M,44.7,M,,*42
32031 1627984210 0 3 2.55 0.00
32032 1627984210 0 4 2.52 1.42
32033 1627984210 0 5 0.03
32034 1627984210 0 6 0.07
32035 1627984210 0 8 4.98 12.34 11.89
32036 1627984211 0 1 2.419
32037 1627984211 0 0 26.13 8.28 171.1 61.27 102.8 6.39 171.8 16.9 188.9 2.69 41.15 14.1
32038 1627984211 0 7 $GNGGA,095010.000,4424.23185,N,00853.10374,E,1,12,0.8,5.9,M,44.7,M,,*4B
32039 1627984212 0 7 $GNGGA,095011.000,4424.23169,N,00853.10439,E,1,12,0.8,6.3,M,44.7,M,,*4F
32040 1627984213 0 7 $GNGGA,095012.000,4424.23163,N,00853.10498,E,1,12,0.8,6.5,M,44.7,M,,*4B
32041 1627984213 0 3 2.55 0.00
32042 1627984213 0 4 2.53 1.41
32045 1627984213 0 1 2.723
32046 1627984214 0 8 4.98 12.37 11.89
32047 1627984214 0 0 26.13 8.28 171.1 61.26 102.9 6.39 171.8 16.9 188.9 2.70 41.14 14.1
32048 1627984214 0 7 $GNGGA,095013.000,4424.23160,N,00853.10542,E,1,12,0.8,6.6,M,44.7,M,,*4C
32049 1627984215 0 7 $GNGGA,095014.000,4424.23158,N,00853.10588,E,1,12,0.8,6.6,M,44.7,M,,*46
32050 1627984216 0 7 $GNGGA,095015.000,4424.23163,N,00853.10633,E,1,12,0.8,7.1,M,44.7,M,,*4A
32051 1627984216 0 3 2.55 0.00
32052 1627984216 0 4 2.53 1.41
32053 1627984216 0 5 0.03
32054 1627984216 0 6 0.07
32055 1627984216 0 8 4.98 12.34 11.89
32056 1627984217 0 1 2.387
32057 1627984217 0 0 26.13 8.28 171.0 61.35 103.0 6.40 171.9 16.9 189.2 2.67 41.20 14.1
32058 1627984217 0 7 $GNGGA,095016.000,4424.23166,N,00853.10697,E,1,12,0.8,7.3,M,44.7,M,,*40
32059 1627984218 0 7 $GNGGA,095017.000,4424.23160,N,00853.10765,E,1,12,0.8,7.3,M,44.7,M,,*4B
32060 1627984219 0 7 $GNGGA,095018.000,4424.23131,N,00853.10830,E,1,12,0.8,7.3,M,44.7,M,,*4F
32061 1627984219 0 3 2.55 0.00
32062 1627984219 0 4 2.52 1.41
32063 1627984219 0 5 0.02
32064 1627984219 0 6 0.07
32065 1627984219 0 1 3.208
32066 1627984220 0 8 4.98 12.37 11.89
32067 1627984220 0 0 26.13 8.28 171.1 61.37 102.9 6.40 171.8 16.9 189.2 2.66 41.22 14.1
32068 1627984220 0 7 $GNGGA,095019.000,4424.23104,N,00853.10888,E,1,12,0.8,7.3,M,44.7,M,,*4B
32069 1627984221 0 7 $GNGGA,095020.000,4424.23101,N,00853.10942,E,1,12,0.8,7.1,M,44.7,M,,*41
32070 1627984222 0 7 $GNGGA,095021.000,4424.23108,N,00853.11005,E,1,12,0.8,6.7,M,44.7,M,,*45
32071 1627984222 0 3 2.55 0.00
32072 1627984222 0 4 2.53 1.41
32073 1627984222 0 5 0.02
32074 1627984222 0 6 0.07
32075 1627984222 0 1 2.482
32076 1627984223 0 8 4.98 12.33 11.89
32077 1627984223 0 0 26.12 8.28 171.0 61.21 102.9 6.40 172.1 16.9 189.3 2.67 41.10 14.1
32078 1627984223 0 7 $GNGGA,095022.000,4424.23105,N,00853.11078,E,1,12,0.8,6.4,M,44.7,M,,*42
32079 1627984224 0 7 $GNGGA,095023.000,4424.23091,N,00853.11163,E,1,12,0.8,6.2,M,44.7,M,,*42
32080 1627984225 0 7 $GNGGA,095024.000,4424.23081,N,00853.11243,E,1,12,0.8,5.9,M,44.7,M,,*4D
32081 1627984225 0 3 2.55 0.00
32082 1627984225 0 4 2.53 1.41
32083 1627984225 0 5 0.03
32084 1627984225 0 6 0.07
32085 1627984225 0 8 4.98 12.34 11.89
32086 1627984226 0 1 2.206
32087 1627984226 0 0 26.13 8.28 171.0 61.26 102.9 6.40 171.9 16.9 188.9 2.65 41.14 14.1
32088 1627984226 0 7 $GNGGA,095025.000,4424.23074,N,00853.11328,E,1,12,0.8,5.5,M,44.7,M,,*46
32089 1627984227 0 7 $GNGGA,095026.000,4424.23066,N,00853.11399,E,1,12,0.8,5.3,M,44.7,M,,*4A
32090 1627984228 0 7 $GNGGA,095027.000,4424.23061,N,00853.11451,E,1,12,0.8,5.3,M,44.7,M,,*4F
32091 1627984228 0 3 2.55 0.00
32092 1627984228 0 4 2.53 1.41
32093 1627984228 0 5 0.02
32094 1627984228 0 6 0.06
32095 1627984228 0 1 2.475
32096 1627984229 0 8 4.98 12.36 11.89
32097 1627984229 0 0 26.12 8.28 171.0 61.23 102.9 6.40 172.1 16.9 189.1 2.67 41.12 14.1
32098 1627984229 0 7 $GNGGA,095028.000,4424.23066,N,00853.11500,E,1,12,0.8,5.1,M,44.7,M,,*40
32099 1627984230 0 7 $GNGGA,095029.000,4424.23053,N,00853.11552,E,1,12,0.8,5.0,M,44.7,M,,*41
32100 1627984231 0 7 $GNGGA,095030.000,4424.23028,N,00853.11611,E,1,12,0.8,4.8,M,44.7,M,,*48
32101 1627984231 0 3 2.55 0.00
32102 1627984231 0 4 2.52 1.41
32103 1627984231 0 5 0.03
32104 1627984231 0 6 0.07
32105 1627984231 0 8 4.98 12.19 11.89
32106 1627984232 0 1 2.616
32107 1627984232 0 0 26.12 8.28 171.0 61.24 103.0 6.40 171.9 16.9 189.2 2.67 41.12 14.1
32108 1627984232 0 7 $GNGGA,095031.000,4424.23012,N,00853.11663,E,1,12,0.8,4.5,M,44.7,M,,*48
32109 1627984233 0 7 $GNGGA,095032.000,4424.23009,N,00853.11731,E,1,12,0.8,4.5,M,44.7,M,,*47
32110 1627984234 0 7 $GNGGA,095033.000,4424.23001,N,00853.11816,E,1,12,0.8,4.4,M,44.7,M,,*45
32111 1627984234 0 3 2.55 0.00
32112 1627984234 0 4 2.53 1.41
32113 1627984234 0 5 0.02
32114 1627984234 0 6 0.07
32115 1627984234 0 1 2.476
32116 1627984235 0 8 4.98 12.37 11.89
32117 1627984235 0 0 26.11 8.28 171.0 61.20 103.0 6.40 172.2 16.9 189.5 2.69 41.09 14.1
32118 1627984235 0 7 $GNGGA,095034.000,4424.22986,N,00853.11898,E,1,12,0.8,4.1,M,44.7,M,,*46
32119 1627984236 0 7 $GNGGA,095035.000,4424.22977,N,00853.11972,E,1,12,0.8,3.8,M,44.7,M,,*42
32120 1627984237 0 7 $GNGGA,095036.000,4424.22983,N,00853.12057,E,1,12,0.8,3.3,M,44.7,M,,*4C
32121 1627984237 0 3 2.55 0.00
32122 1627984237 0 4 2.52 1.41
32123 1627984237 0 5 0.03
32124 1627984237 0 6 0.07
32125 1627984237 0 8 4.98 12.33 11.89
32126 1627984238 0 1 2.654
32127 1627984238 0 0 26.12 8.28 171.0 61.19 103.0 6.40 172.1 16.9 189.1 2.70 41.09 14.1
32128 1627984238 0 7 $GNGGA,095037.000,4424.22989,N,00853.12154,E,1,12,0.8,2.8,M,44.7,M,,*4F
32129 1627984239 0 7 $GNGGA,095038.000,4424.22987,N,00853.12235,E,1,12,0.8,2.4,M,44.7,M,,*46
32130 1627984240 0 7 $GNGGA,095039.000,4424.22982,N,00853.12299,E,1,12,0.8,2.2,M,44.7,M,,*42
32131 1627984240 0 3 2.55 0.00
32132 1627984240 0 4 2.53 1.41
32133 1627984240 0 5 0.02
32134 1627984240 0 6 0.06
32135 1627984240 0 1 2.703
32136 1627984241 0 8 4.98 12.22 11.89
32137 1627984241 0 0 26.12 8.28 171.0 61.30 103.0 6.40 171.9 16.9 188.8 2.67 41.17 14.1
32138 1627984241 0 7 $GNGGA,095040.000,4424.22978,N,00853.12360,E,1,12,0.8,2.0,M,44.7,M,,*4C
32139 1627984242 0 7 $GNGGA,095041.000,4424.22975,N,00853.12418,E,1,12,0.8,1.8,M,44.7,M,,*43
32140 1627984243 0 7 $GNGGA,095042.000,4424.22971,N,00853.12481,E,1,12,0.8,1.5,M,44.7,M,,*49
32141 1627984243 0 3 2.55 0.00
32142 1627984243 0 4 2.53 1.41
32143 1627984243 0 5 0.02
32144 1627984243 0 6 0.06
32145 1627984243 0 8 4.98 12.34 11.89
32146 1627984244 0 1 2.400
32147 1627984244 0 0 26.13 8.28 171.0 61.31 103.0 6.40 171.9 16.9 188.9 2.67 41.18 14.1
32148 1627984244 0 7 $GNGGA,095043.000,4424.22962,N,00853.12553,E,1,12,0.8,1.4,M,44.7,M,,*45
32149 1627984245 0 7 $GNGGA,095044.000,4424.22959,N,00853.12623,E,1,12,0.8,1.3,M,44.7,M,,*49
32150 1627984246 0 7 $GNGGA,095045.000,4424.22960,N,00853.12697,E,1,12,0.8,1.1,M,44.7,M,,*4F
32151 1627984246 0 3 2.55 0.00
32152 1627984246 0 4 2.52 1.42
32153 1627984246 0 5 0.03
32154 1627984246 0 6 0.06
32155 1627984246 0 1 3.313
32156 1627984247 0 8 4.98 12.18 11.89
32157 1627984247 0 0 26.13 8.28 171.0 61.26 103.0 6.40 172.0 16.9 188.9 2.66 41.13 14.1
32158 1627984247 0 7 $GNGGA,095046.000,4424.22962,N,00853.12759,E,1,12,0.8,1.1,M,44.7,M,,*4D
32159 1627984248 0 7 $GNGGA,095047.000,4424.22965,N,00853.12807,E,1,12,0.8,1.4,M,44.7,M,,*4A
32160 1627984249 0 7 $GNGGA,095048.000,4424.22979,N,00853.12849,E,1,12,0.8,1.4,M,44.7,M,,*42
32161 1627984249 0 3 2.55 0.00
32162 1627984249 0 4 2.52 1.43
32163 1627984249 0 5 0.02
32164 1627984249 0 6 0.08
32165 1627984249 0 1 2.237
32166 1627984250 0 8 4.98 12.19 11.87
32167 1627984250 0 0 26.13 8.28 171.0 61.24 103.0 6.40 171.8 16.9 188.9 2.69 41.12 14.1
32168 1627984250 0 7 $GNGGA,095049.000,4424.22992,N,00853.12898,E,1,12,0.8,1.4,M,44.7,M,,*4A
32169 1627984251 0 7 $GNGGA,095050.000,4424.22985,N,00853.12960,E,1,12,0.8,1.6,M,44.7,M,,*40
32170 1627984252 0 7 $GNGGA,095051.000,4424.22967,N,00853.13020,E,1,12,0.8,1.8,M,44.7,M,,*4F
32171 1627984252 0 3 2.55 0.00
32172 1627984252 0 4 2.52 1.42
32173 1627984252 0 5 0.03
32174 1627984252 0 6 0.06
32175 1627984253 0 8 4.98 12.33 11.89
32176 1627984253 0 1 2.468
32177 1627984253 0 0 26.12 8.28 170.9 61.29 103.0 6.40 171.9 16.9 189.1 2.66 41.16 14.1
32178 1627984253 0 7 $GNGGA,095052.000,4424.22951,N,00853.13085,E,1,12,0.8,1.9,M,44.7,M,,*47
32179 1627984254 0 7 $GNGGA,095053.000,4424.22937,N,00853.13149,E,1,12,0.8,2.0,M,44.7,M,,*4D
32180 1627984255 0 7 $GNGGA,095054.000,4424.22906,N,00853.13201,E,1,12,0.8,2.0,M,44.7,M,,*47
32181 1627984255 0 3 2.55 0.00
32182 1627984255 0 4 2.53 1.43
32183 1627984255 0 5 0.02
32184 1627984255 0 6 0.07
32185 1627984255 0 1 2.440
32186 1627984256 0 8 4.98 12.35 11.89
32187 1627984256 0 0 26.13 8.28 170.9 61.27 103.0 6.40 171.9 16.9 189.4 2.62 41.14 14.2
32188 1627984256 0 7 $GNGGA,095055.000,4424.22875,N,00853.13252,E,1,12,0.8,2.0,M,44.7,M,,*45
32189 1627984257 0 7 $GNGGA,095056.000,4424.22864,N,00853.13320,E,1,12,0.8,1.6,M,44.7,M,,*47
32190 1627984258 0 7 $GNGGA,095057.000,4424.22851,N,00853.13406,E,1,12,0.8,1.2,M,44.7,M,,*47
32191 1627984258 0 3 2.55 0.00
32192 1627984258 0 4 2.53 1.43
32193 1627984258 0 5 0.03
32194 1627984258 0 6 0.06
32195 1627984258 0 8 4.98 12.34 11.89
32196 1627984259 0 1 2.481
32197 1627984259 0 0 26.13 8.28 170.9 61.30 103.0 6.40 171.9 16.9 189.3 2.62 41.17 14.1
32198 1627984259 0 7 $GNGGA,095058.000,4424.22848,N,00853.13523,E,1,12,0.8,0.9,M,44.7,M,,*4C
32199 1627984260 0 7 $GNGGA,095059.000,4424.22852,N,00853.13627,E,1,12,0.8,0.7,M,44.7,M,,*4F
32200 1627984261 0 7 $GNGGA,095100.000,4424.22865,N,00853.13735,E,1,12,0.8,0.4,M,44.7,M,,*47
32201 1627984261 0 3 2.55 0.00
32202 1627984261 0 4 2.53 1.43
32203 1627984261 0 5 0.02
32204 1627984261 0 6 0.07
32205 1627984261 0 1 2.401
32206 1627984262 0 8 4.98 12.34 11.89
32207 1627984262 0 0 26.12 8.28 170.9 61.36 103.0 6.40 171.9 16.9 189.2 2.66 41.21 14.1
32208 1627984262 0 7 $GNGGA,095101.000,4424.22873,N,00853.13810,E,1,12,0.8,0.4,M,44.7,M,,*49
32209 1627984263 0 7 $GNGGA,095102.000,4424.22872,N,00853.13875,E,1,12,0.8,0.3,M,44.7,M,,*4F
32210 1627984264 0 7 $GNGGA,095103.000,4424.22859,N,00853.13930,E,1,12,0.8,0.3,M,44.7,M,,*47
32211 1627984264 0 3 2.55 0.00
32212 1627984264 0 4 2.52 1.43
32213 1627984264 0 5 0.03
32214 1627984264 0 6 0.08
32215 1627984264 0 8 4.98 12.33 11.89
32216 1627984265 0 1 2.528
32217 1627984265 0 0 26.12 8.28 170.9 61.26 103.0 6.40 172.0 16.9 189.6 2.69 41.14 14.1
32218 1627984265 0 7 $GNGGA,095104.000,4424.22852,N,00853.13980,E,1,12,0.8,0.3,M,44.7,M,,*40
32219 1627984266 0 7 $GNGGA,095105.000,4424.22859,N,00853.14017,E,1,12,0.8,0.2,M,44.7,M,,*4B
32220 1627984267 0 7 $GNGGA,095106.000,4424.22871,N,00853.14059,E,1,12,0.8,0.0,M,44.7,M,,*4A
32221 1627984267 0 3 2.55 0.00
32222 1627984267 0 4 2.53 1.43
32223 1627984267 0 5 0.03
32224 1627984267 0 6 0.07
32225 1627984267 0 1 2.635
32226 1627984268 0 8 4.98 12.37 11.89
32227 1627984268 0 0 26.14 8.28 170.8 61.32 103.0 6.40 171.8 16.9 188.7 2.69 41.18 14.1
32228 1627984268 0 7 $GNGGA,095107.000,4424.22867,N,00853.14124,E,1,12,0.8,-0.6,M,44.7,M,,*6C
32229 1627984269 0 7 $GNGGA,095108.000,4424.22850,N,00853.14209,E,1,12,0.8,-1.2,M,44.7,M,,*6E
32230 1627984270 0 7 $GNGGA,095109.000,4424.22818,N,00853.14296,E,1,12,0.8,-1.8,M,44.7,M,,*6F
32231 1627984270 0 3 2.55 0.00
32232 1627984270 0 4 2.52 1.43
32233 1627984270 0 5 0.03
32234 1627984270 0 6 0.06
32235 1627984270 0 8 4.98 12.34 11.89
32236 1627984271 0 1 2.402
32237 1627984271 0 0 26.14 8.28 170.8 61.38 103.0 6.40 171.8 16.9 189.2 2.66 41.23 14.2
32238 1627984271 0 7 $GNGGA,095110.000,4424.22785,N,00853.14383,E,1,12,0.8,-2.3,M,44.7,M,,*61
32239 1627984272 0 7 $GNGGA,095111.000,4424.22758,N,00853.14466,E,1,12,0.8,-2.5,M,44.7,M,,*6A
32240 1627984273 0 7 $GNGGA,095112.000,4424.22738,N,00853.14549,E,1,12,0.8,-2.5,M,44.7,M,,*63
32241 1627984273 0 3 2.55 0.00
32242 1627984273 0 4 2.53 1.42
32243 1627984273 0 5 0.03
32244 1627984273 0 6 0.06
32245 1627984274 0 1 3.262
32246 1627984274 0 8 4.98 12.37 11.89
32247 1627984274 0 0 26.14 8.28 170.9 61.27 103.0 6.40 171.9 16.9 189.3 2.65 41.14 14.2
32248 1627984274 0 7 $GNGGA,095113.000,4424.22716,N,00853.14630,E,1,12,0.8,-1.7,M,44.7,M,,*62
32249 1627984275 0 7 $GNGGA,095114.000,4424.22690,N,00853.14711,E,1,12,0.8,-1.6,M,44.7,M,,*69
32250 1627984276 0 7 $GNGGA,095115.000,4424.22663,N,00853.14773,E,1,12,0.8,-1.6,M,44.7,M,,*60
32251 1627984276 0 3 2.55 0.00
32252 1627984276 0 4 2.52 1.41
32253 1627984276 0 5 0.03
32254 1627984276 0 6 0.06
32255 1627984276 0 1 2.352
32256 1627984277 0 8 4.98 12.34 11.89
32257 1627984277 0 0 26.14 8.28 170.8 61.22 103.1 6.41 171.8 16.9 189.0 2.62 41.11 14.2
32258 1627984277 0 7 $GNGGA,095116.000,4424.22642,N,00853.14834,E,1,12,0.8,-1.9,M,44.7,M,,*63
32259 1627984278 0 7 $GNGGA,095117.000,4424.22631,N,00853.14904,E,1,12,0.8,-2.2,M,44.7,M,,*6C
32260 1627984279 0 7 $GNGGA,095118.000,4424.22620,N,00853.14975,E,1,12,0.8,-2.2,M,44.7,M,,*65
32261 1627984279 0 3 2.55 0.00
32262 1627984279 0 4 2.52 1.40
32263 1627984279 0 5 0.03
32264 1627984279 0 6 0.06
32265 1627984279 0 8 4.98 12.34 11.89
32266 1627984280 0 1 2.498
32267 1627984280 0 0 26.14 8.28 170.8 61.22 103.1 6.41 171.7 16.9 189.1 2.63 41.11 14.2
32268 1627984280 0 7 $GNGGA,095119.000,4424.22597,N,00853.15047,E,1,12,0.8,-2.2,M,44.7,M,,*62
32269 1627984281 0 7 $GNGGA,095120.000,4424.22583,N,00853.15122,E,1,12,0.8,-2.4,M,44.7,M,,*69
32270 1627984282 0 7 $GNGGA,095121.000,4424.22571,N,00853.15194,E,1,12,0.8,-2.6,M,44.7,M,,*6A
32271 1627984282 0 3 2.55 0.00
32272 1627984282 0 4 2.53 1.42
32273 1627984282 0 5 0.03
32274 1627984282 0 6 0.07
32275 1627984282 0 1 2.252
32276 1627984283 0 8 4.98 12.36 11.89
32277 1627984283 0 0 26.14 8.28 170.8 61.24 103.1 6.41 171.8 16.9 189.1 2.65 41.12 14.2
32278 1627984283 0 7 $GNGGA,095122.000,4424.22564,N,00853.15261,E,1,12,0.8,-3.1,M,44.7,M,,*62
32279 1627984284 0 7 $GNGGA,095123.000,4424.22561,N,00853.15328,E,1,12,0.8,-3.6,M,44.7,M,,*6D
32280 1627984285 0 7 $GNGGA,095124.000,4424.22560,N,00853.15381,E,1,12,0.8,-4.0,M,44.7,M,,*69
32281 1627984285 0 3 2.55 0.00
32282 1627984285 0 4 2.53 1.42
32283 1627984285 0 5 0.03
32284 1627984285 0 6 0.08
32285 1627984285 0 8 4.98 12.33 11.89
32286 1627984286 0 1 2.324
32287 1627984286 0 0 26.14 8.28 170.8 61.23 103.1 6.41 172.0 16.9 189.4 2.67 41.12 14.2
32288 1627984286 0 7 $GNGGA,095125.000,4424.22553,N,00853.15421,E,1,12,0.8,-4.7,M,44.7,M,,*62
32289 1627984287 0 7 $GNGGA,095126.000,4424.22532,N,00853.15485,E,1,12,0.8,-4.9,M,44.7,M,,*66
32290 1627984288 0 7 $GNGGA,095127.000,4424.22506,N,00853.15560,E,1,12,0.8,-4.9,M,44.7,M,,*6A
32291 1627984288 0 3 2.55 0.00
32294 1627984288 0 6 0.07
32295 1627984288 0 1 2.403
32296 1627984289 0 8 4.98 12.37 11.89
32297 1627984289 0 0 26.13 8.28 170.7 61.35 103.1 6.41 172.0 16.9 189.4 2.67 41.20 14.1
32298 1627984289 0 7 $GNGGA,095128.000,4424.22492,N,00853.15636,E,1,12,0.8,-4.9,M,44.7,M,,*69
32299 1627984290 0 7 $GNGGA,095129.000,4424.22484,N,00853.15711,E,1,12,0.8,-4.7,M,44.7,M,,*65
32300 1627984290 0 2 0.04500000 2.99180011 1.20169997 0.02300000 2.68289995 0.00380000 0.04700000 0.19949998 1.00000000 89.73300170
32301 1627984291 0 7 $GNGGA,095130.000,4424.22470,N,00853.15777,E,1,12,0.8,-4.4,M,44.7,M,,*65
32302 1627984291 0 3 2.55 0.00
32303 1627984291 0 4 2.53 1.42
32304 1627984291 0 5 0.03
32305 1627984291 0 6 0.06
32306 1627984291 0 8 4.98 12.34 11.89
32307 1627984292 0 1 2.124
32308 1627984292 0 0 26.15 8.28 170.8 61.25 103.1 6.41 171.9 16.9 189.0 2.64 41.13 14.2
32309 1627984292 0 7 $GNGGA,095131.000,4424.22433,N,00853.15871,E,1,12,0.8,-4.5,M,44.7,M,,*6B
32310 1627984293 0 7 $GNGGA,095132.000,4424.22379,N,00853.15949,E,1,12,0.8,-4.3,M,44.7,M,,*6D
32311 1627984294 0 7 $GNGGA,095133.000,4424.22343,N,00853.16003,E,1,12,0.8,-4.0,M,44.7,M,,*62
32312 1627984294 0 3 2.55 0.00
32313 1627984294 0 4 2.53 1.42
32314 1627984294 0 5 0.03
32315 1627984294 0 6 0.08
32316 1627984294 0 1 2.549
32317 1627984295 0 8 4.98 12.37 11.89
32318 1627984295 0 0 26.15 8.28 170.7 61.32 103.1 6.41 172.0 16.9 189.1 2.66 41.18 14.2
32319 1627984295 0 7 $GNGGA,095134.000,4424.22324,N,00853.16045,E,1,12,0.8,-3.6,M,44.7,M,,*67
32320 1627984296 0 7 $GNGGA,095135.000,4424.22304,N,00853.16089,E,1,12,0.8,-3.3,M,44.7,M,,*61
32321 1627984297 0 7 $GNGGA,095136.000,4424.22291,N,00853.16133,E,1,12,0.8,-3.0,M,44.7,M,,*6C
32322 1627984297 0 3 2.55 0.00
32323 1627984297 0 4 2.53 1.42
32324 1627984297 0 5 0.03
32325 1627984298 0 6 0.07
32326 1627984298 0 8 4.98 12.33 11.89
32327 1627984298 0 1 2.295
32328 1627984298 0 0 26.15 8.28 170.7 61.31 103.2 6.41 171.9 16.9 189.3 2.66 41.17 14.2
32329 1627984298 0 7 $GNGGA,095137.000,4424.22277,N,00853.16174,E,1,12,0.8,-2.8,M,44.7,M,,*6F
32330 1627984299 0 7 $GNGGA,095138.000,4424.22264,N,00853.16217,E,1,12,0.8,-2.6,M,44.7,M,,*6A
32331 1627984300 0 7 $GNGGA,095139.000,4424.22261,N,00853.16276,E,1,12,0.8,-2.3,M,44.7,M,,*6C
32332 1627984300 0 3 2.55 0.00
32333 1627984300 0 4 2.53 1.42
32334 1627984300 0 5 0.03
32335 1627984300 0 6 0.06
32336 1627984300 0 8 4.98 12.34 11.89
32337 1627984301 0 1 2.292
32338 1627984301 0 0 26.15 8.28 170.8 61.25 103.1 6.41 171.9 16.9 189.2 2.65 41.13 14.2
32339 1627984301 0 7 $GNGGA,095140.000,4424.22259,N,00853.16336,E,1,12,0.8,-2.0,M,44.7,M,,*6F
32340 1627984302 0 7 $GNGGA,095141.000,4424.22248,N,00853.16387,E,1,12,0.8,-1.8,M,44.7,M,,*6F
32341 1627984303 0 7 $GNGGA,095142.000,4424.22230,N,00853.16444,E,1,12,0.8,-1.6,M,44.7,M,,*65
32342 1627984303 0 3 2.55 0.00
32343 1627984303 0 4 2.53 1.42
32344 1627984303 0 5 0.02
32345 1627984303 0 6 0.06
32346 1627984303 0 1 2.280
32347 1627984304 0 8 4.98 12.34 11.89
32348 1627984304 0 0 26.15 8.28 170.7 61.28 103.2 6.41 171.8 16.9 189.2 2.63 41.15 14.2
32349 1627984304 0 7 $GNGGA,095143.000,4424.22209,N,00853.16508,E,1,12,0.8,-1.4,M,44.7,M,,*65
32350 1627984305 0 7 $GNGGA,095144.000,4424.22187,N,00853.16569,E,1,12,0.8,-1.5,M,44.7,M,,*61
32351 1627984306 0 7 $GNGGA,095145.000,4424.22174,N,00853.16621,E,1,12,0.8,-1.6,M,44.7,M,,*60
32352 1627984306 0 3 2.55 0.00
32353 1627984306 0 4 2.53 1.43
32354 1627984306 0 5 0.03
32355 1627984306 0 6 0.07
32356 1627984306 0 8 4.98 12.34 11.89
32357 1627984307 0 1 2.276
32358 1627984307 0 0 26.14 8.28 170.7 61.32 103.1 6.41 172.1 16.9 189.2 2.65 41.18 14.1
32359 1627984307 0 7 $GNGGA,095146.000,4424.22164,N,00853.16678,E,1,12,0.8,-1.9,M,44.7,M,,*61
32360 1627984308 0 7 $GNGGA,095147.000,4424.22143,N,00853.16739,E,1,12,0.8,-2.0,M,44.7,M,,*6B
32361 1627984309 0 7 $GNGGA,095148.000,4424.22130,N,00853.16817,E,1,12,0.8,-1.9,M,44.7,M,,*69
32362 1627984309 0 3 2.55 0.00
32363 1627984309 0 4 2.52 1.43
32364 1627984309 0 5 0.03
32365 1627984309 0 6 0.07
32366 1627984309 0 1 2.506
32367 1627984310 0 8 4.98 12.36 11.89
32368 1627984310 0 0 26.13 8.28 170.7 61.29 103.1 6.41 172.3 16.9 189.6 2.68 41.16 14.2
32369 1627984310 0 7 $GNGGA,095149.000,4424.22122,N,00853.16884,E,1,12,0.8,-1.9,M,44.7,M,,*61
32370 1627984311 0 7 $GNGGA,095150.000,4424.22125,N,00853.16950,E,1,12,0.8,-2.4,M,44.7,M,,*68
32371 1627984312 0 7 $GNGGA,095151.000,4424.22134,N,00853.17016,E,1,12,0.8,-2.6,M,44.7,M,,*61
32372 1627984312 0 3 2.55 0.00
32373 1627984312 0 4 2.52 1.43
32374 1627984312 0 5 0.03
32375 1627984312 0 6 0.07
32376 1627984312 0 8 4.98 12.34 11.89
32377 1627984313 0 1 2.465
32378 1627984313 0 0 26.14 8.28 170.7 61.23 103.2 6.41 172.0 16.9 189.5 2.68 41.11 14.1
32379 1627984313 0 7 $GNGGA,095152.000,4424.22130,N,00853.17074,E,1,12,0.8,-2.8,M,44.7,M,,*6C
32380 1627984314 0 7 $GNGGA,095153.000,4424.22122,N,00853.17129,E,1,12,0.8,-3.1,M,44.7,M,,*6F
32381 1627984315 0 7 $GNGGA,095154.000,4424.22120,N,00853.17198,E,1,12,0.8,-3.7,M,44.7,M,,*66
32382 1627984315 0 3 2.55 0.00
32383 1627984315 0 4 2.52 1.43
32384 1627984315 0 5 0.03
32385 1627984315 0 6 0.07
32386 1627984315 0 1 2.464
32387 1627984316 0 8 4.98 12.37 11.89
32388 1627984316 0 0 26.14 8.28 170.7 61.22 103.2 6.41 172.0 16.9 189.3 2.70 41.11 14.2
32389 1627984316 0 7 $GNGGA,095155.000,4424.22118,N,00853.17271,E,1,12,0.8,-3.9,M,44.7,M,,*66
32390 1627984317 0 7 $GNGGA,095156.000,4424.22113,N,00853.17330,E,1,12,0.8,-3.9,M,44.7,M,,*6A
32391 1627984318 0 7 $GNGGA,095157.000,4424.22102,N,00853.17395,E,1,12,0.8,-4.0,M,44.7,M,,*6A
32392 1627984318 0 3 2.55 0.00
32393 1627984318 0 4 2.53 1.42
32394 1627984318 0 5 0.02
32395 1627984318 0 6 0.07
32396 1627984318 0 8 4.98 12.34 11.89
32397 1627984319 0 1 2.450
32398 1627984319 0 0 26.14 8.28 170.6 61.32 103.2 6.41 172.2 16.9 189.4 2.71 41.18 14.2
32399 1627984319 0 7 $GNGGA,095158.000,4424.22081,N,00853.17468,E,1,12,0.8,-4.1,M,44.7,M,,*6B
32400 1627984320 0 7 $GNGGA,095159.000,4424.22054,N,00853.17543,E,1,12,0.8,-3.9,M,44.7,M,,*65
32401 1627984321 0 7 $GNGGA,095200.000,4424.22028,N,00853.17620,E,1,12,0.8,-3.7,M,44.7,M,,*69
32402 1627984321 0 3 2.55 0.00
32403 1627984321 0 4 2.53 1.42
32404 1627984321 0 5 0.03
32405 1627984321 0 6 0.06
32406 1627984321 0 1 2.495
32407 1627984322 0 8 4.98 12.37 11.89
32408 1627984322 0 0 26.14 8.28 170.7 61.25 103.3 6.42 172.0 16.9 189.3 2.71 41.13 14.2
32409 1627984322 0 7 $GNGGA,095201.000,4424.21995,N,00853.17687,E,1,12,0.8,-3.7,M,44.7,M,,*69
32410 1627984323 0 7 $GNGGA,095202.000,4424.21954,N,00853.17754,E,1,12,0.8,-3.6,M,44.7,M,,*69
32411 1627984324 0 7 $GNGGA,095203.000,4424.21915,N,00853.17819,E,1,12,0.8,-3.6,M,44.7,M,,*6B
32412 1627984324 0 3 2.55 0.00
32413 1627984324 0 4 2.53 1.42
32414 1627984324 0 5 0.03
32415 1627984324 0 6 0.07
32416 1627984324 0 8 4.98 12.34 11.89
32417 1627984325 0 1 2.356
32418 1627984325 0 0 26.15 8.28 170.6 61.29 103.2 6.41 171.9 16.9 189.2 2.73 41.16 14.2
32419 1627984325 0 7 $GNGGA,095204.000,4424.21911,N,00853.17874,E,1,12,0.8,-3.6,M,44.7,M,,*63
32420 1627984326 0 7 $GNGGA,095205.000,4424.21925,N,00853.17930,E,1,12,0.8,-3.6,M,44.7,M,,*64
32421 1627984327 0 7 $GNGGA,095206.000,4424.21938,N,00853.17988,E,1,12,0.8,-3.6,M,44.7,M,,*68
32422 1627984327 0 3 2.55 0.00
32423 1627984327 0 4 2.53 1.42
32424 1627984327 0 5 0.03
32425 1627984327 0 6 0.06
32426 1627984327 0 1 3.320
32427 1627984328 0 8 4.97 12.38 11.89
32428 1627984328 0 0 26.14 8.28 170.6 61.28 103.3 6.42 172.1 16.9 189.3 2.71 41.15 14.2
32429 1627984328 0 7 $GNGGA,095207.000,4424.21944,N,00853.18045,E,1,12,0.8,-3.6,M,44.7,M,,*65
32430 1627984329 0 7 $GNGGA,095208.000,4424.21941,N,00853.18108,E,1,12,0.8,-3.4,M,44.7,M,,*65
32431 1627984330 0 7 $GNGGA,095209.000,4424.21921,N,00853.18172,E,1,12,0.8,-2.9,M,44.7,M,,*63
32432 1627984330 0 3 2.55 0.00
32433 1627984330 0 4 2.53 1.42
32434 1627984330 0 5 0.03
32435 1627984330 0 6 0.07
32436 1627984330 0 1 2.434
32437 1627984331 0 8 4.98 12.33 11.89
32438 1627984331 0 0 26.14 8.28 170.6 61.36 103.3 6.42 172.1 16.9 189.5 2.74 41.22 14.2
32439 1627984331 0 7 $GNGGA,095210.000,4424.21887,N,00853.18250,E,1,12,0.8,-2.6,M,44.7,M,,*6A
32440 1627984332 0 7 $GNGGA,095211.000,4424.21862,N,00853.18331,E,1,12,0.8,-2.3,M,44.7,M,,*63
32441 1627984333 0 7 $GNGGA,095212.000,4424.21856,N,00853.18406,E,1,12,0.8,-2.1,M,44.7,M,,*66
32442 1627984333 0 3 2.55 0.00
32443 1627984333 0 4 2.53 1.42
32444 1627984333 0 5 0.03
32445 1627984333 0 6 0.06
32446 1627984333 0 8 4.98 12.33 11.89
32447 1627984334 0 1 2.256
32448 1627984334 0 0 26.15 8.28 170.6 61.31 103.4 6.42 171.9 16.9 189.3 2.73 41.17 14.2
32449 1627984334 0 7 $GNGGA,095213.000,4424.21850,N,00853.18466,E,1,12,0.8,-2.2,M,44.7,M,,*64
32450 1627984335 0 7 $GNGGA,095214.000,4424.21851,N,00853.18524,E,1,11,1.0,-2.1,M,44.7,M,,*6C
32451 1627984336 0 7 $GNGGA,095215.000,4424.21872,N,00853.18596,E,1,11,1.0,-2.1,M,44.7,M,,*65
32452 1627984336 0 3 2.55 0.00
32453 1627984336 0 4 2.53 1.42
32454 1627984336 0 5 0.03
32455 1627984336 0 6 0.06
32456 1627984337 0 1 2.446
32457 1627984337 0 8 4.98 12.35 11.89
32458 1627984337 0 0 26.14 8.28 170.5 61.36 103.4 6.42 172.1 16.9 189.8 2.72 41.22 14.2
32459 1627984337 0 7 $GNGGA,095216.000,4424.21880,N,00853.18679,E,1,11,1.0,-2.1,M,44.7,M,,*69
32460 1627984338 0 7 $GNGGA,095217.000,4424.21871,N,00853.18752,E,1,11,1.0,-2.2,M,44.7,M,,*6D
32461 1627984339 0 7 $GNGGA,095218.000,4424.21847,N,00853.18817,E,1,11,1.0,-2.3,M,44.7,M,,*68
32462 1627984339 0 3 2.55 0.00
32463 1627984339 0 4 2.53 1.42
32464 1627984339 0 5 0.03
32465 1627984339 0 6 0.07
32466 1627984339 0 8 4.98 12.34 11.89
32467 1627984340 0 1 2.405
32468 1627984340 0 0 26.14 8.28 170.5 61.35 103.4 6.42 172.0 16.9 189.5 2.72 41.21 14.2
32469 1627984340 0 7 $GNGGA,095219.000,4424.21847,N,00853.18874,E,1,11,1.0,-2.7,M,44.7,M,,*68
32470 1627984341 0 7 $GNGGA,095220.000,4424.21874,N,00853.18932,E,1,11,1.0,-2.2,M,44.7,M,,*64
32471 1627984342 0 7 $GNGGA,095221.000,4424.21910,N,00853.19039,E,1,11,1.0,-1.7,M,44.7,M,,*63
32472 1627984342 0 3 2.55 0.00
32473 1627984342 0 4 2.53 1.43
32474 1627984342 0 5 0.03
32475 1627984342 0 6 0.07
32476 1627984342 0 1 2.556
32477 1627984343 0 8 4.98 12.36 11.89
32478 1627984343 0 0 26.13 8.28 170.6 61.27 103.4 6.43 172.3 16.9 189.9 2.74 41.14 14.2
32479 1627984343 0 7 $GNGGA,095222.000,4424.21895,N,00853.19172,E,1,11,1.0,-0.5,M,44.7,M,,*61
32480 1627984344 0 7 $GNGGA,095223.000,4424.21863,N,00853.19297,E,1,11,1.0,1.3,M,44.7,M,,*4B
32481 1627984345 0 7 $GNGGA,095224.000,4424.21847,N,00853.19402,E,1,11,1.0,2.3,M,44.7,M,,*43
32482 1627984345 0 3 2.55 0.00
32483 1627984345 0 4 2.53 1.43
32484 1627984345 0 5 0.03
32485 1627984345 0 6 0.07
32486 1627984345 0 8 4.98 12.34 11.89
32487 1627984346 0 1 2.310
32488 1627984346 0 0 26.15 8.28 170.5 61.20 103.4 6.43 172.0 16.9 189.6 2.75 41.09 14.2
32489 1627984346 0 7 $GNGGA,095225.000,4424.21829,N,00853.19476,E,1,11,1.0,3.1,M,44.7,M,,*4A
32490 1627984347 0 7 $GNGGA,095226.000,4424.21802,N,00853.19534,E,1,11,1.0,3.0,M,44.7,M,,*46
32491 1627984348 0 7 $GNGGA,095227.000,4424.21757,N,00853.19618,E,1,11,1.0,2.9,M,44.7,M,,*4D
32492 1627984348 0 3 2.55 0.00
32493 1627984348 0 4 2.53 1.43
32494 1627984348 0 5 0.03
32495 1627984348 0 6 0.06
32496 1627984348 0 1 2.399
32497 1627984349 0 8 4.98 12.37 11.89
32498 1627984349 0 0 26.16 8.28 170.5 61.26 103.5 6.43 172.0 16.9 189.3 2.73 41.14 14.2
32499 1627984349 0 7 $GNGGA,095228.000,4424.21715,N,00853.19718,E,1,11,1.0,3.6,M,44.7,M,,*4B
32500 1627984350 0 7 $GNGGA,095229.000,4424.21684,N,00853.19809,E,1,11,1.0,4.3,M,44.7,M,,*4E
32501 1627984351 0 7 $GNGGA,095230.000,4424.21661,N,00853.19859,E,1,11,1.0,4.8,M,44.7,M,,*43
32502 1627984351 0 3 2.55 0.00
32503 1627984351 0 4 2.53 1.43
32504 1627984351 0 5 0.03
32505 1627984351 0 6 0.06
32506 1627984351 0 8 4.98 12.19 11.87
32507 1627984352 0 1 2.287
32508 1627984352 0 0 26.16 8.28 170.5 61.32 103.5 6.43 172.0 16.9 189.5 2.73 41.18 14.2
32509 1627984352 0 7 $GNGGA,095231.000,4424.21644,N,00853.19918,E,1,11,1.0,5.1,M,44.7,M,,*49
32510 1627984353 0 7 $GNGGA,095232.000,4424.21633,N,00853.19950,E,1,11,1.0,5.0,M,44.7,M,,*47
32511 1627984354 0 7 $GNGGA,095233.000,4424.21611,N,00853.19976,E,1,11,1.0,4.9,M,44.7,M,,*4A
32512 1627984354 0 3 2.55 0.00
32513 1627984354 0 4 2.53 1.44
32514 1627984354 0 5 0.02
32515 1627984354 0 6 0.07
32516 1627984354 0 1 2.968
32517 1627984355 0 8 4.98 12.38 11.89
32518 1627984355 0 0 26.16 8.28 170.4 61.28 103.5 6.43 171.9 16.9 189.3 2.74 41.15 14.2
32519 1627984355 0 7 $GNGGA,095234.000,4424.21595,N,00853.19990,E,1,11,1.0,5.0,M,44.7,M,,*42
32520 1627984356 0 7 $GNGGA,095235.000,4424.21600,N,00853.20028,E,1,11,1.0,4.9,M,44.7,M,,*44
32521 1627984357 0 7 $GNGGA,095236.000,4424.21612,N,00853.20066,E,1,11,1.0,4.8,M,44.7,M,,*4F
32522 1627984357 0 3 2.55 0.00
32523 1627984357 0 4 2.53 1.43
32524 1627984357 0 5 0.03
32525 1627984357 0 6 0.07
32526 1627984358 0 1 2.143
32527 1627984358 0 8 4.98 12.32 11.89
32528 1627984358 0 0 26.16 8.28 170.5 61.39 103.6 6.43 172.0 16.9 189.3 2.74 41.23 14.3
32529 1627984358 0 7 $GNGGA,095237.000,4424.21611,N,00853.20115,E,1,11,1.0,5.0,M,44.7,M,,*41
32530 1627984359 0 7 $GNGGA,095238.000,4424.21599,N,00853.20166,E,1,11,1.0,5.0,M,44.7,M,,*49
32531 1627984360 0 7 $GNGGA,095239.000,4424.21582,N,00853.20211,E,1,11,1.0,4.8,M,44.7,M,,*48
32532 1627984360 0 3 2.55 0.00
32533 1627984360 0 4 2.52 1.43
32534 1627984360 0 5 0.02
32535 1627984360 0 6 0.07
32536 1627984360 0 8 4.97 12.18 11.89
32537 1627984361 0 1 2.272
32538 1627984361 0 0 26.16 8.28 170.4 61.29 103.6 6.43 172.0 16.9 189.6 2.70 41.16 14.3
32539 1627984361 0 7 $GNGGA,095240.000,4424.21566,N,00853.20260,E,1,11,1.0,4.9,M,44.7,M,,*4B
32540 1627984362 0 7 $GNGGA,095241.000,4424.21566,N,00853.20304,E,1,11,1.0,4.9,M,44.7,M,,*49
32541 1627984363 0 7 $GNGGA,095242.000,4424.21562,N,00853.20342,E,1,11,1.0,5.0,M,44.7,M,,*44
32542 1627984363 0 3 2.55 0.00
32543 1627984363 0 4 2.53 1.43
32544 1627984363 0 5 0.03
32545 1627984363 0 6 0.06
32546 1627984364 0 1 2.297
32547 1627984364 0 8 4.98 12.34 11.89
32548 1627984364 0 0 26.16 8.28 170.5 61.29 103.6 6.43 172.1 16.9 189.6 2.66 41.15 14.3
32549 1627984364 0 7 $GNGGA,095243.000,4424.21549,N,00853.20385,E,1,11,1.0,5.0,M,44.7,M,,*47
32550 1627984365 0 7 $GNGGA,095244.000,4424.21524,N,00853.20452,E,1,11,1.0,5.1,M,44.7,M,,*47
32551 1627984366 0 7 $GNGGA,095245.000,4424.21496,N,00853.20539,E,1,11,1.0,5.3,M,44.7,M,,*40
32552 1627984366 0 3 2.55 0.00
32553 1627984366 0 4 2.53 1.43
32554 1627984366 0 5 0.03
32555 1627984366 0 6 0.06
32556 1627984366 0 8 4.98 12.18 11.89
32557 1627984367 0 1 2.304
32558 1627984367 0 0 26.16 8.28 170.4 61.28 103.6 6.44 172.1 16.9 189.7 2.69 41.15 14.3
32559 1627984367 0 7 $GNGGA,095246.000,4424.21474,N,00853.20614,E,1,11,1.0,5.8,M,44.7,M,,*48
32560 1627984368 0 7 $GNGGA,095247.000,4424.21453,N,00853.20676,E,1,11,1.0,6.1,M,44.7,M,,*42
32561 1627984369 0 7 $GNGGA,095248.000,4424.21433,N,00853.20735,E,1,11,1.0,6.1,M,44.7,M,,*4D
32562 1627984369 0 3 2.55 0.00
32563 1627984369 0 4 2.53 1.43
32564 1627984369 0 5 0.02
32565 1627984369 0 6 0.07
32566 1627984370 0 1 2.151
32567 1627984370 0 8 4.98 12.21 11.89
32568 1627984370 0 0 26.16 8.28 170.4 61.28 103.7 6.44 172.0 16.9 189.5 2.71 41.15 14.3
32569 1627984370 0 7 $GNGGA,095249.000,4424.21411,N,00853.20795,E,1,11,1.0,6.4,M,44.7,M,,*43
32570 1627984371 0 7 $GNGGA,095250.000,4424.21379,N,00853.20860,E,1,11,1.0,6.8,M,44.7,M,,*4B
32571 1627984372 0 7 $GNGGA,095251.000,4424.21350,N,00853.20907,E,1,11,1.0,6.9,M,44.7,M,,*40
32572 1627984372 0 3 2.55 0.00
32573 1627984372 0 4 2.53 1.43
32574 1627984372 0 5 0.03
32575 1627984372 0 6 0.07
32576 1627984373 0 8 4.98 12.33 11.89
32577 1627984373 0 1 2.388
32578 1627984373 0 0 26.15 8.28 170.4 61.20 103.7 6.44 172.1 16.9 190.1 2.72 41.09 14.3
32579 1627984373 0 7 $GNGGA,095252.000,4424.21317,N,00853.20950,E,1,11,1.0,6.9,M,44.7,M,,*42
32580 1627984374 0 7 $GNGGA,095253.000,4424.21300,N,00853.21013,E,1,11,1.0,7.0,M,44.7,M,,*42
32581 1627984375 0 7 $GNGGA,095254.000,4424.21290,N,00853.21086,E,1,11,1.0,7.4,M,44.7,M,,*45
32582 1627984375 0 3 2.55 0.00
32583 1627984375 0 4 2.53 1.43
32584 1627984375 0 5 0.03
32585 1627984375 0 6 0.06
32586 1627984376 0 1 2.209
32587 1627984376 0 8 4.98 12.37 11.89
32588 1627984376 0 0 26.16 8.28 170.4 61.29 103.7 6.44 171.9 16.9 189.5 2.67 41.16 14.3
32589 1627984376 0 7 $GNGGA,095255.000,4424.21278,N,00853.21152,E,1,11,1.0,7.7,M,44.7,M,,*49
32590 1627984377 0 7 $GNGGA,095256.000,4424.21267,N,00853.21215,E,1,11,1.0,8.2,M,44.7,M,,*4E
32591 1627984378 0 7 $GNGGA,095257.000,4424.21257,N,00853.21261,E,1,11,1.0,8.4,M,44.7,M,,*49
32592 1627984378 0 3 2.55 0.00
32593 1627984378 0 4 2.53 1.43
32594 1627984378 0 5 0.03
32595 1627984378 0 6 0.06
32596 1627984379 0 8 4.98 12.35 11.89
32597 1627984379 0 1 2.157
32598 1627984379 0 0 26.16 8.28 170.3 61.26 103.8 6.45 172.1 16.9 189.5 2.70 41.13 14.3
32599 1627984379 0 7 $GNGGA,095258.000,4424.21233,N,00853.21304,E,1,11,1.0,8.4,M,44.7,M,,*46
32600 1627984380 0 7 $GNGGA,095259.000,4424.21205,N,00853.21366,E,1,11,1.0,8.3,M,44.7,M,,*41
32601 1627984381 0 7 $GNGGA,095300.000,4424.21174,N,00853.21433,E,1,11,1.0,8.3,M,44.7,M,,*4E
32602 1627984381 0 3 2.55 0.00
32603 1627984381 0 4 2.53 1.42
32604 1627984381 0 5 0.02
32605 1627984381 0 6 0.06
32606 1627984382 0 1 2.882
32607 1627984382 0 8 4.98 12.37 11.87
32608 1627984382 0 0 26.16 8.28 170.3 61.16 103.8 6.45 172.1 16.9 189.4 2.70 41.06 14.3
32609 1627984382 0 7 $GNGGA,095301.000,4424.21131,N,00853.21513,E,1,11,1.0,8.3,M,44.7,M,,*4D
32610 1627984383 0 7 $GNGGA,095302.000,4424.21102,N,00853.21589,E,1,11,1.0,8.4,M,44.7,M,,*4A
32611 1627984384 0 7 $GNGGA,095303.000,4424.21083,N,00853.21646,E,1,11,1.0,8.5,M,44.7,M,,*42
32612 1627984384 0 3 2.55 0.00
32613 1627984384 0 4 2.52 1.41
32614 1627984384 0 5 0.03
32615 1627984384 0 6 0.07
32616 1627984385 0 1 2.320
32617 1627984385 0 8 4.98 12.33 11.89
32618 1627984385 0 0 26.16 8.28 170.4 61.20 103.8 6.45 171.9 16.9 189.7 2.73 41.09 14.3
32619 1627984385 0 7 $GNGGA,095304.000,4424.21072,N,00853.21700,E,1,11,1.0,8.6,M,44.7,M,,*4B
32620 1627984386 0 7 $GNGGA,095305.000,4424.21058,N,00853.21751,E,1,11,1.0,8.6,M,44.7,M,,*46
32621 1627984387 0 7 $GNGGA,095306.000,4424.21040,N,00853.21807,E,1,11,1.0,8.7,M,44.7,M,,*41
32622 1627984387 0 3 2.55 0.00
32623 1627984387 0 4 2.53 1.41
32624 1627984387 0 5 0.03
32625 1627984387 0 6 0.07
32626 1627984388 0 8 4.98 12.34 11.89
32627 1627984388 0 1 2.432
32628 1627984388 0 0 26.15 8.28 170.4 61.20 103.8 6.45 172.2 16.9 189.9 2.74 41.09 14.3
32629 1627984388 0 7 $GNGGA,095307.000,4424.21014,N,00853.21859,E,1,11,1.0,8.6,M,44.7,M,,*4B
32630 1627984389 0 7 $GNGGA,095308.000,4424.20978,N,00853.21932,E,1,11,1.0,8.7,M,44.7,M,,*4B
32631 1627984390 0 7 $GNGGA,095309.000,4424.20943,N,00853.22023,E,1,11,1.0,8.9,M,44.7,M,,*46
32632 1627984390 0 3 2.55 0.00
32633 1627984390 0 4 2.53 1.41
32634 1627984390 0 5 0.02
32635 1627984390 0 6 0.07
32636 1627984391 0 1 2.518
32637 1627984391 0 8 4.98 12.33 11.89
32638 1627984391 0 0 26.15 8.28 170.3 61.20 103.9 6.45 172.2 16.9 190.0 2.73 41.09 14.3
32639 1627984391 0 7 $GNGGA,095310.000,4424.20912,N,00853.22108,E,1,11,1.0,9.3,M,44.7,M,,*49
32640 1627984392 0 7 $GNGGA,095311.000,4424.20878,N,00853.22186,E,1,11,1.0,9.8,M,44.7,M,,*48
32641 1627984393 0 7 $GNGGA,095312.000,4424.20866,N,00853.22243,E,1,11,1.0,10.0,M,44.7,M,,*7E
32642 1627984393 0 3 2.55 0.00
32643 1627984393 0 4 2.53 1.41
32644 1627984393 0 5 0.03
32645 1627984393 0 6 0.07
32646 1627984394 0 8 4.98 12.34 11.89
32647 1627984394 0 1 2.471
32648 1627984394 0 0 26.15 8.28 170.3 61.28 103.9 6.45 172.3 16.9 189.5 2.73 41.15 14.3
32649 1627984394 0 7 $GNGGA,095313.000,4424.20857,N,00853.22304,E,1,11,1.0,10.1,M,44.7,M,,*7E
32650 1627984395 0 7 $GNGGA,095314.000,4424.20844,N,00853.22378,E,1,11,1.0,10.1,M,44.7,M,,*70
32651 1627984396 0 7 $GNGGA,095315.000,4424.20822,N,00853.22451,E,1,11,1.0,10.0,M,44.7,M,,*7C
32652 1627984396 0 3 2.55 0.00
32653 1627984396 0 4 2.53 1.41
32654 1627984396 0 5 0.03
32655 1627984396 0 6 0.08
32656 1627984397 0 1 2.393
32657 1627984397 0 8 4.98 12.36 11.89
32658 1627984397 0 0 26.14 8.28 170.3 61.30 103.9 6.46 172.2 16.9 189.7 2.74 41.17 14.3
32659 1627984397 0 7 $GNGGA,095316.000,4424.20794,N,00853.22515,E,1,11,1.0,10.0,M,44.7,M,,*7C
32660 1627984398 0 7 $GNGGA,095317.000,4424.20777,N,00853.22562,E,1,11,1.0,10.1,M,44.7,M,,*71
32661 1627984399 0 7 $GNGGA,095318.000,4424.20759,N,00853.22629,E,1,11,1.0,10.4,M,44.7,M,,*7B
32662 1627984399 0 3 2.55 0.00
32663 1627984399 0 4 2.53 1.41
32664 1627984399 0 5 0.03
32665 1627984400 0 6 0.08
32666 1627984400 0 8 4.98 12.34 11.89
32667 1627984400 0 1 2.348
32668 1627984400 0 0 26.15 8.28 170.3 61.24 103.9 6.46 172.1 16.9 189.5 2.75 41.12 14.3
32669 1627984400 0 7 $GNGGA,095319.000,4424.20730,N,00853.22694,E,1,11,1.0,10.7,M,44.7,M,,*70
32670 1627984401 0 7 $GNGGA,095320.000,4424.20699,N,00853.22752,E,1,11,1.0,10.6,M,44.7,M,,*72
32671 1627984402 0 7 $GNGGA,095321.000,4424.20678,N,00853.22806,E,1,11,1.0,10.3,M,44.7,M,,*77
32672 1627984402 0 3 2.55 0.00
32673 1627984402 0 4 2.53 1.41
32674 1627984402 0 5 0.03
32675 1627984402 0 6 0.06
32676 1627984402 0 1 2.315
32677 1627984403 0 8 4.98 12.37 11.87
32678 1627984403 0 0 26.16 8.28 170.3 61.28 103.9 6.45 171.9 16.9 189.7 2.75 41.15 14.2
32679 1627984403 0 7 $GNGGA,095322.000,4424.20661,N,00853.22862,E,1,11,1.0,9.7,M,44.7,M,,*42
32680 1627984404 0 7 $GNGGA,095323.000,4424.20646,N,00853.22905,E,1,11,1.0,8.9,M,44.7,M,,*49
32681 1627984405 0 7 $GNGGA,095324.000,4424.20644,N,00853.22959,E,1,11,1.0,8.6,M,44.7,M,,*4A
32682 1627984405 0 3 2.55 0.00
32683 1627984405 0 4 2.53 1.41
32684 1627984405 0 5 0.03
32685 1627984405 0 6 0.06
32686 1627984405 0 8 4.98 12.34 11.89
32687 1627984405 0 1 2.233
32688 1627984406 0 0 26.17 8.28 170.2 61.29 103.9 6.46 172.0 16.9 189.4 2.74 41.16 14.2
32689 1627984406 0 7 $GNGGA,095325.000,4424.20653,N,00853.23027,E,1,11,1.0,7.7,M,44.7,M,,*42
32690 1627984407 0 7 $GNGGA,095326.000,4424.20643,N,00853.23105,E,1,11,1.0,7.6,M,44.7,M,,*40
32691 1627984408 0 7 $GNGGA,095327.000,4424.20612,N,00853.23172,E,1,11,1.0,7.6,M,44.7,M,,*45
32692 1627984408 0 3 2.55 0.00
32693 1627984408 0 4 2.53 1.41
32694 1627984408 0 5 0.02
32695 1627984408 0 6 0.07
32696 1627984408 0 1 2.933
32697 1627984409 0 8 4.98 12.37 11.89
32698 1627984409 0 0 26.17 8.28 170.3 61.26 103.9 6.46 172.0 16.9 189.6 2.72 41.14 14.2
32699 1627984409 0 7 $GNGGA,095328.000,4424.20589,N,00853.23240,E,1,11,1.0,7.7,M,44.7,M,,*48
32700 1627984410 0 7 $GNGGA,095329.000,4424.20584,N,00853.23308,E,1,11,1.0,7.6,M,44.7,M,,*48
32701 1627984410 0 2 0.04320000 2.26419997 1.18169999 0.01740000 2.64369988 0.00400000 0.04110000 0.19130001 1.00000000 90.98100280
32702 1627984411 0 7 $GNGGA,095330.000,4424.20594,N,00853.23365,E,1,11,1.0,7.5,M,44.7,M,,*49
32703 1627984411 0 3 2.55 0.00
32704 1627984411 0 4 2.53 1.41
32705 1627984411 0 5 0.02
32706 1627984411 0 6 0.07
32707 1627984411 0 1 2.489
32708 1627984412 0 8 4.98 12.33 11.89
32709 1627984412 0 0 26.16 8.28 170.2 61.22 104.0 6.46 172.2 16.9 189.6 2.73 41.11 14.2
32710 1627984412 0 7 $GNGGA,095331.000,4424.20611,N,00853.23416,E,1,12,0.9,7.5,M,44.7,M,,*4E
32711 1627984413 0 7 $GNGGA,095332.000,4424.20613,N,00853.23475,E,1,12,0.9,7.4,M,44.7,M,,*4B
32712 1627984414 0 7 $GNGGA,095333.000,4424.20609,N,00853.23543,E,1,12,0.9,7.4,M,44.7,M,,*45
32713 1627984414 0 3 2.55 0.00
32714 1627984414 0 4 2.53 1.41
32715 1627984414 0 5 0.03
32716 1627984414 0 6 0.07
32717 1627984414 0 8 4.98 12.34 11.89
32718 1627984414 0 1 2.305
32719 1627984415 0 0 26.17 8.28 170.2 61.25 104.0 6.46 171.9 16.9 189.5 2.72 41.12 14.2
32720 1627984415 0 7 $GNGGA,095334.000,4424.20602,N,00853.23620,E,1,12,0.9,7.5,M,44.7,M,,*4E
32721 1627984416 0 7 $GNGGA,095335.000,4424.20588,N,00853.23685,E,1,12,0.9,7.6,M,44.7,M,,*42
32722 1627984417 0 7 $GNGGA,095336.000,4424.20562,N,00853.23745,E,1,12,0.9,7.8,M,44.7,M,,*46
32723 1627984417 0 3 2.55 0.00
32724 1627984417 0 4 2.53 1.41
32725 1627984417 0 5 0.03
32726 1627984417 0 6 0.07
32727 1627984417 0 1 2.501
32728 1627984418 0 8 4.98 12.34 11.87
32729 1627984418 0 0 26.16 8.28 170.2 61.30 104.0 6.46 172.1 16.9 189.8 2.72 41.16 14.2
32730 1627984418 0 7 $GNGGA,095337.000,4424.20534,N,00853.23812,E,1,12,0.9,7.8,M,44.7,M,,*49
32731 1627984419 0 7 $GNGGA,095338.000,4424.20503,N,00853.23877,E,1,12,0.9,7.9,M,44.7,M,,*40
32732 1627984420 0 7 $GNGGA,095339.000,4424.20490,N,00853.23927,E,1,12,0.9,7.9,M,44.7,M,,*4E
32733 1627984420 0 3 2.55 0.00
32734 1627984420 0 4 2.53 1.41
32735 1627984420 0 5 0.03
32736 1627984420 0 6 0.07
32737 1627984421 0 8 4.98 12.33 11.89
32738 1627984421 0 1 2.215
32739 1627984421 0 0 26.17 8.28 170.2 61.25 104.0 6.46 172.0 16.9 189.5 2.70 41.13 14.3
32740 1627984421 0 7 $GNGGA,095340.000,4424.20467,N,00853.23993,E,1,12,0.9,7.7,M,44.7,M,,*49
32741 1627984422 0 7 $GNGGA,095341.000,4424.20441,N,00853.24065,E,1,12,0.9,7.5,M,44.7,M,,*49
32742 1627984423 0 7 $GNGGA,095342.000,4424.20430,N,00853.24164,E,1,12,0.9,7.4,M,44.7,M,,*4D
32743 1627984423 0 3 2.55 0.00
32744 1627984423 0 4 2.53 1.41
32745 1627984423 0 5 0.03
32746 1627984423 0 6 0.07
32747 1627984423 0 1 2.174
32748 1627984424 0 8 4.98 12.36 11.89
32749 1627984424 0 0 26.17 8.28 170.2 61.33 104.0 6.46 172.1 16.9 189.8 2.71 41.19 14.2
32750 1627984424 0 7 $GNGGA,095343.000,4424.20433,N,00853.24273,E,1,12,0.9,7.3,M,44.7,M,,*4D
32751 1627984425 0 7 $GNGGA,095344.000,4424.20439,N,00853.24339,E,1,12,0.9,6.3,M,44.7,M,,*4E
32752 1627984426 0 7 $GNGGA,095345.000,4424.20432,N,00853.24394,E,1,12,0.9,5.7,M,44.7,M,,*44
32753 1627984426 0 3 2.55 0.00
32754 1627984426 0 4 2.53 1.41
32755 1627984426 0 5 0.03
32756 1627984426 0 6 0.07
32757 1627984426 0 8 4.98 12.34 11.89
32758 1627984426 0 1 2.514
32759 1627984427 0 0 26.16 8.28 170.2 61.25 104.1 6.47 172.2 16.9 189.7 2.73 41.13 14.2
32760 1627984427 0 7 $GNGGA,095346.000,4424.20418,N,00853.24459,E,1,12,0.9,5.4,M,44.7,M,,*4A
32761 1627984428 0 7 $GNGGA,095347.000,4424.20409,N,00853.24527,E,1,12,0.9,5.1,M,44.7,M,,*46
32762 1627984429 0 7 $GNGGA,095348.000,4424.20406,N,00853.24586,E,1,12,0.9,4.9,M,44.7,M,,*44
32763 1627984429 0 3 2.55 0.00
32764 1627984429 0 4 2.53 1.41
32765 1627984429 0 5 0.03
32766 1627984429 0 6 0.07
32767 1627984429 0 1 2.489
32768 1627984430 0 8 4.98 12.37 11.89
32769 1627984430 0 0 26.16 8.28 170.2 61.22 104.1 6.47 172.1 16.9 189.7 2.70 41.10 14.2
32770 1627984430 0 7 $GNGGA,095349.000,4424.20407,N,00853.24633,E,1,12,0.9,4.5,M,44.7,M,,*45
32771 1627984431 0 7 $GNGGA,095350.000,4424.20399,N,00853.24696,E,1,12,0.9,4.5,M,44.7,M,,*42
32772 1627984432 0 7 $GNGGA,095351.000,4424.20403,N,00853.24786,E,1,12,0.9,4.6,M,44.7,M,,*44
32773 1627984432 0 3 2.55 0.00
32774 1627984432 0 4 2.53 1.41
32775 1627984432 0 5 0.03
32776 1627984432 0 6 0.07
32777 1627984432 0 8 4.98 12.34 11.89
32778 1627984432 0 1 2.486
32779 1627984433 0 0 26.17 8.28 170.2 61.24 104.2 6.47 172.1 16.9 189.8 2.69 41.12 14.2
32780 1627984433 0 7 $GNGGA,095352.000,4424.20413,N,00853.24874,E,1,12,0.9,5.0,M,44.7,M,,*43
32781 1627984434 0 7 $GNGGA,095353.000,4424.20405,N,00853.24945,E,1,12,0.9,5.2,M,44.7,M,,*44
32782 1627984435 0 7 $GNGGA,095354.000,4424.20383,N,00853.25016,E,1,12,0.9,5.6,M,44.7,M,,*40
32783 1627984435 0 3 2.55 0.00
32784 1627984435 0 4 2.53 1.41
32785 1627984435 0 5 0.02
32786 1627984435 0 6 0.07
32787 1627984435 0 1 3.218
32788 1627984436 0 8 4.98 12.38 11.89
32789 1627984436 0 0 26.16 8.28 170.1 61.24 104.2 6.48 172.3 16.9 189.9 2.69 41.12 14.2
32790 1627984436 0 7 $GNGGA,095355.000,4424.20353,N,00853.25082,E,1,12,0.9,5.8,M,44.7,M,,*4F
32791 1627984437 0 7 $GNGGA,095356.000,4424.20335,N,00853.25150,E,1,12,0.9,5.7,M,44.7,M,,*4D
32792 1627984438 0 7 $GNGGA,095357.000,4424.20340,N,00853.25205,E,1,12,0.9,5.0,M,44.7,M,,*4A
32793 1627984438 0 3 2.55 0.00
32794 1627984438 0 4 2.53 1.41
32795 1627984438 0 5 0.03
32796 1627984438 0 6 0.07
32797 1627984438 0 1 2.445
32798 1627984439 0 8 4.98 12.33 11.89
32799 1627984439 0 0 26.16 8.28 170.1 61.27 104.2 6.47 172.3 16.9 189.8 2.70 41.14 14.2
32800 1627984439 0 7 $GNGGA,095358.000,4424.20355,N,00853.25260,E,1,12,0.9,4.3,M,44.7,M,,*40
32801 1627984440 0 7 $GNGGA,095359.000,4424.20366,N,00853.25315,E,1,12,0.9,4.0,M,44.7,M,,*41
32802 1627984441 0 7 $GNGGA,095400.000,4424.20377,N,00853.25351,E,1,12,0.9,3.3,M,44.7,M,,*4E
32803 1627984441 0 3 2.55 0.00
32804 1627984441 0 4 2.53 1.42
32805 1627984441 0 5 0.03
32806 1627984441 0 6 0.06
32807 1627984441 0 8 4.98 12.33 11.89
32808 1627984442 0 1 2.550
32809 1627984442 0 0 26.16 8.28 170.2 61.24 104.2 6.47 172.3 16.9 190.0 2.70 41.12 14.2
32810 1627984442 0 7 $GNGGA,095401.000,4424.20386,N,00853.25392,E,1,12,0.9,2.8,M,44.7,M,,*44
32811 1627984443 0 7 $GNGGA,095402.000,4424.20384,N,00853.25443,E,1,12,0.9,2.6,M,44.7,M,,*40
32812 1627984444 0 7 $GNGGA,095403.000,4424.20378,N,00853.25500,E,1,12,0.9,2.6,M,44.7,M,,*44
32813 1627984444 0 3 2.55 0.00
32816 1627984444 0 6 0.06
32817 1627984444 0 1 2.371
32818 1627984445 0 8 4.98 12.33 11.89
32819 1627984445 0 0 26.17 8.28 170.1 61.22 104.2 6.47 172.1 16.9 190.0 2.70 41.11 14.2
32820 1627984445 0 7 $GNGGA,095404.000,4424.20362,N,00853.25566,E,1,12,0.9,2.3,M,44.7,M,,*4D
32821 1627984446 0 7 $GNGGA,095405.000,4424.20346,N,00853.25629,E,1,12,0.9,2.1,M,44.7,M,,*40
32822 1627984447 0 7 $GNGGA,095406.000,4424.20340,N,00853.25689,E,1,12,0.9,1.7,M,44.7,M,,*4A
32823 1627984447 0 3 2.55 0.00
32824 1627984447 0 4 2.53 1.42
32825 1627984447 0 5 0.03
32826 1627984447 0 6 0.08
32827 1627984447 0 8 4.98 12.34 11.89
32828 1627984447 0 1 2.523
32829 1627984448 0 0 26.17 8.28 170.1 61.26 104.2 6.47 172.1 16.9 190.2 2.70 41.13 14.3
32830 1627984448 0 7 $GNGGA,095407.000,4424.20334,N,00853.25755,E,1,12,0.9,1.6,M,44.7,M,,*49
32831 1627984449 0 7 $GNGGA,095408.000,4424.20322,N,00853.25831,E,1,12,0.9,1.7,M,44.7,M,,*4D
32832 1627984450 0 7 $GNGGA,095409.000,4424.20310,N,00853.25902,E,1,12,0.9,1.7,M,44.7,M,,*4C
32833 1627984450 0 3 2.55 0.00
32834 1627984450 0 4 2.53 1.42
32835 1627984450 0 5 0.02
32836 1627984450 0 6 0.07
32837 1627984450 0 1 2.401
32838 1627984451 0 8 4.98 12.36 11.89
32839 1627984451 0 0 26.17 8.28 170.1 61.23 104.2 6.47 172.1 16.9 189.8 2.70 41.11 14.2
32840 1627984451 0 7 $GNGGA,095410.000,4424.20300,N,00853.25964,E,1,12,0.9,1.6,M,44.7,M,,*44
32841 1627984452 0 7 $GNGGA,095411.000,4424.20300,N,00853.26026,E,1,12,0.9,1.5,M,44.7,M,,*4A
32842 1627984453 0 7 $GNGGA,095412.000,4424.20298,N,00853.26090,E,1,12,0.9,1.3,M,44.7,M,,*42
32843 1627984453 0 3 2.55 0.00
32844 1627984453 0 4 2.53 1.42
32845 1627984453 0 5 0.03
32846 1627984453 0 6 0.06
32847 1627984454 0 8 4.98 12.34 11.89
32848 1627984454 0 1 2.317
32849 1627984454 0 0 26.17 8.28 170.1 61.22 104.3 6.48 172.2 16.9 190.1 2.71 41.10 14.2
32850 1627984454 0 7 $GNGGA,095413.000,4424.20291,N,00853.26161,E,1,12,0.9,1.4,M,44.7,M,,*42
32851 1627984455 0 7 $GNGGA,095414.000,4424.20284,N,00853.26233,E,1,12,0.9,1.8,M,44.7,M,,*49
32852 1627984456 0 7 $GNGGA,095415.000,4424.20287,N,00853.26299,E,1,12,0.9,1.9,M,44.7,M,,*4A
32853 1627984456 0 3 2.55 0.00
32854 1627984456 0 4 2.53 1.42
32855 1627984456 0 5 0.03
32856 1627984456 0 6 0.07
32857 1627984456 0 1 2.210
32858 1627984457 0 8 4.98 12.37 11.89
32859 1627984457 0 0 26.17 8.28 170.1 61.27 104.3 6.48 172.2 16.9 190.1 2.70 41.14 14.2
32860 1627984457 0 7 $GNGGA,095416.000,4424.20291,N,00853.26372,E,1,12,0.9,2.1,M,44.7,M,,*41
32861 1627984458 0 7 $GNGGA,095417.000,4424.20291,N,00853.26439,E,1,12,0.9,2.1,M,44.7,M,,*48
32862 1627984459 0 7 $GNGGA,095418.000,4424.20285,N,00853.26496,E,1,12,0.9,2.1,M,44.7,M,,*47
32863 1627984459 0 3 2.55 0.00
32864 1627984459 0 4 2.53 1.42
32865 1627984459 0 5 0.03
32866 1627984459 0 6 0.07
32867 1627984459 0 8 4.98 12.34 11.89
32868 1627984459 0 1 2.421
32869 1627984460 0 0 26.17 8.28 170.0 61.24 104.3 6.48 172.3 16.9 190.3 2.71 41.12 14.2
32870 1627984460 0 7 $GNGGA,095419.000,4424.20284,N,00853.26572,E,1,12,0.9,2.2,M,44.7,M,,*4F
32871 1627984461 0 7 $GNGGA,095420.000,4424.20273,N,00853.26663,E,1,12,0.9,2.3,M,44.7,M,,*4F
32872 1627984462 0 7 $GNGGA,095421.000,4424.20263,N,00853.26753,E,1,12,0.9,2.4,M,44.7,M,,*4A
32873 1627984462 0 3 2.55 0.00
32874 1627984462 0 4 2.53 1.42
32875 1627984462 0 5 0.02
32876 1627984462 0 6 0.07
32877 1627984462 0 1 2.855
32878 1627984463 0 8 4.98 12.37 11.87
32879 1627984463 0 0 26.18 8.28 170.0 61.26 104.3 6.48 172.0 16.9 189.9 2.71 41.13 14.2
32880 1627984463 0 7 $GNGGA,095422.000,4424.20260,N,00853.26839,E,1,12,0.9,2.6,M,44.7,M,,*4B
32881 1627984464 0 7 $GNGGA,095423.000,4424.20257,N,00853.26932,E,1,12,0.9,2.8,M,44.7,M,,*4A
32882 1627984465 0 7 $GNGGA,095424.000,4424.20238,N,00853.27020,E,1,12,0.9,3.0,M,44.7,M,,*46
32883 1627984465 0 3 2.55 0.00
32884 1627984465 0 4 2.53 1.42
32885 1627984465 0 5 0.03
32886 1627984465 0 6 0.06
32887 1627984465 0 1 2.315
32888 1627984466 0 8 4.98 12.34 11.89
32889 1627984466 0 0 26.18 8.28 170.0 61.26 104.3 6.48 171.9 16.9 189.7 2.70 41.13 14.3
32890 1627984466 0 7 $GNGGA,095425.000,4424.20220,N,00853.27076,E,1,12,0.9,3.6,M,44.7,M,,*4B
32891 1627984467 0 7 $GNGGA,095426.000,4424.20225,N,00853.27112,E,1,12,0.9,4.3,M,44.7,M,,*4C
32892 1627984468 0 7 $GNGGA,095427.000,4424.20213,N,00853.27163,E,1,12,0.9,5.0,M,44.7,M,,*4C
32893 1627984468 0 3 2.55 0.00
32894 1627984468 0 4 2.53 1.43
32895 1627984468 0 5 0.03
32896 1627984468 0 6 0.06
32897 1627984468 0 8 4.98 12.34 11.89
32898 1627984468 0 1 2.540
32899 1627984469 0 0 26.16 8.28 170.0 61.22 104.3 6.48 172.4 16.9 190.2 2.71 41.11 14.1
32900 1627984469 0 7 $GNGGA,095428.000,4424.20182,N,00853.27216,E,1,12,0.9,5.4,M,44.7,M,,*4D
32901 1627984470 0 7 $GNGGA,095429.000,4424.20166,N,00853.27261,E,1,12,0.9,5.5,M,44.7,M,,*47
32902 1627984471 0 7 $GNGGA,095430.000,4424.20180,N,00853.27322,E,1,12,0.9,4.7,M,44.7,M,,*42
32903 1627984471 0 3 2.55 0.00
32904 1627984471 0 4 2.53 1.43
32905 1627984471 0 5 0.03
32906 1627984471 0 6 0.07
32907 1627984471 0 1 2.399
32908 1627984472 0 8 4.98 12.21 11.87
32909 1627984472 0 0 26.17 8.28 170.1 61.24 104.3 6.48 172.3 16.9 189.9 2.72 41.12 14.3
32910 1627984472 0 7 $GNGGA,095431.000,4424.20196,N,00853.27389,E,1,12,0.9,4.1,M,44.7,M,,*43
32911 1627984473 0 7 $GNGGA,095432.000,4424.20200,N,00853.27452,E,1,12,0.9,3.8,M,44.7,M,,*43
32912 1627984474 0 7 $GNGGA,095433.000,4424.20186,N,00853.27525,E,1,12,0.9,3.7,M,44.7,M,,*41
32913 1627984474 0 3 2.55 0.00
32914 1627984474 0 4 2.53 1.43
32915 1627984474 0 5 0.03
32916 1627984474 0 6 0.07
32917 1627984474 0 8 4.98 12.33 11.89
32918 1627984474 0 1 2.381
32919 1627984475 0 0 26.18 8.28 170.0 61.31 104.3 6.47 172.2 16.9 190.3 2.72 41.18 14.2
32920 1627984475 0 7 $GNGGA,095434.000,4424.20172,N,00853.27602,E,1,12,0.9,3.6,M,44.7,M,,*4A
32921 1627984476 0 7 $GNGGA,095435.000,4424.20163,N,00853.27671,E,1,12,0.9,3.6,M,44.7,M,,*4F
32922 1627984477 0 7 $GNGGA,095436.000,4424.20167,N,00853.27728,E,1,12,0.9,3.7,M,44.7,M,,*44
32923 1627984477 0 3 2.55 0.00
32924 1627984477 0 4 2.53 1.43
32925 1627984477 0 5 0.03
32926 1627984477 0 6 0.07
32927 1627984477 0 1 2.356
32928 1627984478 0 8 4.98 12.35 11.89
32929 1627984478 0 0 26.18 8.28 170.0 61.34 104.3 6.47 172.1 16.9 190.0 2.72 41.20 14.3
32930 1627984478 0 7 $GNGGA,095437.000,4424.20185,N,00853.27782,E,1,12,0.9,3.7,M,44.7,M,,*49
32931 1627984479 0 7 $GNGGA,095438.000,4424.20197,N,00853.27839,E,1,12,0.9,3.8,M,44.7,M,,*45
32932 1627984480 0 7 $GNGGA,095439.000,4424.20198,N,00853.27895,E,1,12,0.9,4.2,M,44.7,M,,*40
32933 1627984480 0 3 2.55 0.00
32934 1627984480 0 4 2.53 1.43
32935 1627984480 0 5 0.02
32936 1627984480 0 6 0.06
32937 1627984480 0 8 4.98 12.18 11.87
32938 1627984481 0 1 2.379
32939 1627984481 0 0 26.18 8.28 170.0 61.33 104.3 6.47 172.1 16.9 190.0 2.71 41.18 14.3
32940 1627984481 0 7 $GNGGA,095440.000,4424.20187,N,00853.27950,E,1,12,0.9,4.7,M,44.7,M,,*4D
32941 1627984482 0 7 $GNGGA,095441.000,4424.20160,N,00853.28013,E,1,12,0.9,5.1,M,44.7,M,,*43
32942 1627984483 0 7 $GNGGA,095442.000,4424.20136,N,00853.28082,E,1,12,0.9,5.6,M,44.7,M,,*4C
32943 1627984483 0 3 2.55 0.00
32944 1627984483 0 4 2.53 1.43
32945 1627984483 0 5 0.02
32946 1627984483 0 6 0.07
32947 1627984483 0 1 2.550
32948 1627984484 0 8 4.98 12.37 11.89
32949 1627984484 0 0 26.18 8.28 170.0 61.20 104.3 6.48 172.1 16.9 190.0 2.69 41.09 14.3
32950 1627984484 0 7 $GNGGA,095443.000,4424.20125,N,00853.28148,E,1,12,0.9,5.9,M,44.7,M,,*47
32951 1627984485 0 7 $GNGGA,095444.000,4424.20120,N,00853.28210,E,1,12,0.9,6.1,M,44.7,M,,*40
32952 1627984486 0 7 $GNGGA,095445.000,4424.20121,N,00853.28272,E,1,12,0.9,6.1,M,44.7,M,,*44
32953 1627984486 0 3 2.55 0.00
32954 1627984486 0 4 2.52 1.43
32955 1627984486 0 5 0.03
32956 1627984486 0 6 0.06
32957 1627984486 0 8 4.98 12.18 11.87
32958 1627984487 0 1 2.385
32959 1627984487 0 0 26.18 8.28 169.9 61.33 104.3 6.47 172.2 16.9 189.9 2.70 41.18 14.3
32960 1627984487 0 7 $GNGGA,095446.000,4424.20124,N,00853.28333,E,1,12,0.9,6.1,M,44.7,M,,*46
32961 1627984488 0 7 $GNGGA,095447.000,4424.20127,N,00853.28393,E,1,12,0.9,6.0,M,44.7,M,,*4F
32962 1627984489 0 7 $GNGGA,095448.000,4424.20122,N,00853.28448,E,1,12,0.9,6.0,M,44.7,M,,*44
32963 1627984489 0 3 2.55 0.00
32964 1627984489 0 4 2.53 1.42
32965 1627984489 0 5 0.02
32966 1627984489 0 6 0.07
32967 1627984489 0 1 2.767
32968 1627984490 0 8 4.98 12.21 11.89
32969 1627984490 0 0 26.18 8.28 169.9 61.26 104.3 6.48 172.2 16.9 190.0 2.72 41.13 14.3
32970 1627984490 0 7 $GNGGA,095449.000,4424.20112,N,00853.28501,E,1,12,0.9,5.9,M,44.7,M,,*40
32971 1627984491 0 7 $GNGGA,095450.000,4424.20106,N,00853.28564,E,1,12,0.9,5.5,M,44.7,M,,*42
32972 1627984492 0 7 $GNGGA,095451.000,4424.20101,N,00853.28625,E,1,12,0.9,5.2,M,44.7,M,,*45
32973 1627984492 0 3 2.55 0.00
32974 1627984492 0 4 2.53 1.43
32975 1627984492 0 5 0.03
32976 1627984492 0 6 0.07
32977 1627984492 0 1 2.460
32978 1627984493 0 8 4.98 12.33 11.89
32979 1627984493 0 0 26.17 8.28 170.0 61.26 104.4 6.48 172.3 16.9 190.5 2.73 41.14 14.2
32980 1627984493 0 7 $GNGGA,095452.000,4424.20105,N,00853.28669,E,1,12,0.9,4.8,M,44.7,M,,*41
32981 1627984494 0 7 $GNGGA,095453.000,4424.20116,N,00853.28710,E,1,12,0.9,5.0,M,44.7,M,,*44
32982 1627984495 0 7 $GNGGA,095454.000,4424.20114,N,00853.28751,E,1,12,0.9,5.5,M,44.7,M,,*41
32983 1627984495 0 3 2.55 0.00
32984 1627984495 0 4 2.53 1.43
32985 1627984495 0 5 0.03
32986 1627984495 0 6 0.06
32987 1627984495 0 8 4.98 12.33 11.89
32988 1627984496 0 1 2.246
32989 1627984496 0 0 26.17 8.28 169.9 61.32 104.4 6.48 172.2 16.9 190.3 2.75 41.18 14.2
32990 1627984496 0 7 $GNGGA,095455.000,4424.20117,N,00853.28805,E,1,12,0.9,5.7,M,44.7,M,,*4F
32991 1627984497 0 7 $GNGGA,095456.000,4424.20125,N,00853.28873,E,1,12,0.9,6.0,M,44.7,M,,*48
32992 1627984498 0 7 $GNGGA,095457.000,4424.20131,N,00853.28949,E,1,12,0.9,6.4,M,44.7,M,,*40
32993 1627984498 0 3 2.55 0.00
32994 1627984498 0 4 2.53 1.42
32995 1627984498 0 5 0.03
32996 1627984498 0 6 0.06
32997 1627984498 0 1 2.301
32998 1627984499 0 8 4.98 12.36 11.89
32999 1627984499 0 0 26.16 8.28 169.9 61.28 104.3 6.48 172.4 16.9 190.2 2.72 41.15 14.2
33000 1627984499 0 7 $GNGGA,095458.000,4424.20138,N,00853.29023,E,1,12,0.9,6.7,M,44.7,M,,*41
33001 1627984500 0 7 $GNGGA,095459.000,4424.20146,N,00853.29085,E,1,12,0.9,7.1,M,44.7,M,,*42
33002 1627984501 0 7 $GNGGA,095500.000,4424.20145,N,00853.29142,E,1,12,0.9,7.7,M,44.7,M,,*40
33003 1627984501 0 3 2.55 0.00
33004 1627984501 0 4 2.53 1.43
33005 1627984501 0 5 0.02
33006 1627984501 0 6 0.07
33007 1627984501 0 8 4.98 12.33 11.89
33008 1627984502 0 1 2.316
33009 1627984502 0 0 26.16 8.28 169.9 61.27 104.3 6.48 172.3 16.9 190.1 2.70 41.14 14.1
33010 1627984502 0 7 $GNGGA,095501.000,4424.20145,N,00853.29214,E,1,12,0.9,8.1,M,44.7,M,,*48
33011 1627984503 0 7 $GNGGA,095502.000,4424.20147,N,00853.29273,E,1,12,0.9,8.2,M,44.7,M,,*4B
33012 1627984504 0 7 $GNGGA,095503.000,4424.20146,N,00853.29316,E,1,12,0.9,8.2,M,44.7,M,,*49
33013 1627984504 0 3 2.55 0.00
33014 1627984504 0 4 2.53 1.42
33015 1627984504 0 5 0.03
33016 1627984504 0 6 0.08
33017 1627984504 0 1 2.627
33018 1627984505 0 8 4.98 12.36 11.89
33019 1627984505 0 0 26.15 8.28 169.9 61.32 104.3 6.48 172.5 16.9 190.4 2.73 41.18 14.2
33020 1627984505 0 7 $GNGGA,095504.000,4424.20138,N,00853.29381,E,1,12,0.9,8.5,M,44.7,M,,*4E
33021 1627984506 0 7 $GNGGA,095505.000,4424.20124,N,00853.29441,E,1,12,0.9,8.4,M,44.7,M,,*48
33022 1627984507 0 7 $GNGGA,095506.000,4424.20118,N,00853.29500,E,1,12,0.9,8.4,M,44.7,M,,*40
33023 1627984507 0 3 2.55 0.00
33024 1627984507 0 4 2.53 1.42
33025 1627984507 0 5 0.03
33026 1627984507 0 6 0.07
33027 1627984507 0 8 4.98 12.34 11.89
33028 1627984508 0 1 2.346
33029 1627984508 0 0 26.17 8.28 169.9 61.27 104.3 6.48 172.4 16.9 190.4 2.76 41.14 14.2
33030 1627984508 0 7 $GNGGA,095507.000,4424.20119,N,00853.29564,E,1,12,0.9,8.4,M,44.7,M,,*42
33031 1627984509 0 7 $GNGGA,095508.000,4424.20115,N,00853.29623,E,1,12,0.9,8.4,M,44.7,M,,*41
33032 1627984510 0 7 $GNGGA,095509.000,4424.20110,N,00853.29669,E,1,12,0.9,8.5,M,44.7,M,,*4A
33033 1627984510 0 3 2.55 0.00
33034 1627984510 0 4 2.53 1.42
33035 1627984510 0 5 0.03
33036 1627984510 0 6 0.06
33037 1627984510 0 1 2.402
33038 1627984511 0 8 4.98 12.37 11.89
33039 1627984511 0 0 26.17 8.28 169.8 61.25 104.2 6.47 172.2 16.9 190.3 2.75 41.13 14.2
33040 1627984511 0 7 $GNGGA,095510.000,4424.20102,N,00853.29714,E,1,12,0.9,9.3,M,44.7,M,,*4D
33041 1627984512 0 7 $GNGGA,095511.000,4424.20091,N,00853.29762,E,1,12,0.9,9.4,M,44.7,M,,*41
33042 1627984513 0 7 $GNGGA,095512.000,4424.20073,N,00853.29812,E,1,12,0.9,9.2,M,44.7,M,,*40
33043 1627984513 0 3 2.55 0.00
33044 1627984513 0 4 2.53 1.42
33045 1627984513 0 5 0.03
33046 1627984513 0 6 0.07
33047 1627984513 0 8 4.98 12.34 11.89
33048 1627984514 0 1 2.170
33049 1627984514 0 0 26.18 8.28 169.8 61.21 104.2 6.47 172.1 16.9 190.1 2.72 41.09 14.3
33050 1627984514 0 7 $GNGGA,095513.000,4424.20050,N,00853.29863,E,1,12,0.9,9.1,M,44.7,M,,*45
33051 1627984515 0 7 $GNGGA,095514.000,4424.20032,N,00853.29912,E,1,12,0.9,9.3,M,44.7,M,,*43
33052 1627984516 0 7 $GNGGA,095515.000,4424.20027,N,00853.29965,E,1,12,0.9,9.7,M,44.7,M,,*42
33053 1627984516 0 3 2.55 0.00
33054 1627984516 0 4 2.53 1.42
33055 1627984516 0 5 0.03
33056 1627984516 0 6 0.07
33057 1627984516 0 1 3.160
33058 1627984517 0 8 4.98 12.37 11.89
33059 1627984517 0 0 26.18 8.28 169.8 61.37 104.2 6.47 172.2 16.9 190.1 2.72 41.22 14.3
33060 1627984517 0 7 $GNGGA,095516.000,4424.20016,N,00853.30033,E,1,12,0.9,10.3,M,44.7,M,,*7D
33061 1627984518 0 7 $GNGGA,095517.000,4424.20007,N,00853.30088,E,1,12,0.9,10.8,M,44.7,M,,*77
33062 1627984519 0 7 $GNGGA,095518.000,4424.19989,N,00853.30146,E,1,12,0.9,11.7,M,44.7,M,,*70
33063 1627984519 0 3 2.55 0.00
33064 1627984519 0 4 2.53 1.41
33065 1627984519 0 5 0.03
33066 1627984519 0 6 0.06
33067 1627984519 0 1 2.390
33068 1627984520 0 8 4.98 12.34 11.89
33069 1627984520 0 0 26.18 8.28 169.9 61.29 104.2 6.47 172.2 16.9 190.1 2.76 41.16 14.3
33070 1627984520 0 7 $GNGGA,095519.000,4424.19976,N,00853.30210,E,1,12,0.9,12.5,M,44.7,M,,*70
33071 1627984521 0 7 $GNGGA,095520.000,4424.19957,N,00853.30275,E,1,12,0.9,12.9,M,44.7,M,,*76
33072 1627984522 0 7 $GNGGA,095521.000,4424.19937,N,00853.30330,E,1,12,0.9,13.3,M,44.7,M,,*7A
33073 1627984522 0 3 2.55 0.00
33074 1627984522 0 4 2.53 1.41
33075 1627984522 0 5 0.03
33076 1627984522 0 6 0.06
33077 1627984522 0 8 4.98 12.34 11.89
33078 1627984523 0 1 2.231
33079 1627984523 0 0 26.18 8.28 169.7 61.25 104.2 6.47 172.2 16.9 190.0 2.75 41.13 14.3
33080 1627984523 0 7 $GNGGA,095522.000,4424.19916,N,00853.30387,E,1,12,0.9,13.5,M,44.7,M,,*70
33081 1627984524 0 7 $GNGGA,095523.000,4424.19899,N,00853.30457,E,1,12,0.9,13.3,M,44.7,M,,*7B
33082 1627984525 0 7 $GNGGA,095524.000,4424.19878,N,00853.30526,E,1,12,0.9,13.6,M,44.7,M,,*71
33083 1627984525 0 3 2.55 0.00
33084 1627984525 0 4 2.53 1.42
33085 1627984525 0 5 0.02
33086 1627984525 0 6 0.06
33087 1627984525 0 1 2.655
33088 1627984526 0 8 4.98 12.35 11.89
33089 1627984526 0 0 26.16 8.28 169.8 61.23 104.2 6.47 172.5 16.9 190.8 2.71 41.11 14.2
33090 1627984526 0 7 $GNGGA,095525.000,4424.19857,N,00853.30587,E,1,12,0.9,13.7,M,44.7,M,,*77
33091 1627984527 0 7 $GNGGA,095526.000,4424.19841,N,00853.30645,E,1,12,0.9,13.8,M,44.7,M,,*71
33092 1627984528 0 7 $GNGGA,095527.000,4424.19831,N,00853.30691,E,1,12,0.9,13.9,M,44.7,M,,*7F
33093 1627984528 0 3 2.55 0.00
33094 1627984528 0 4 2.53 1.42
33095 1627984528 0 5 0.03
33096 1627984528 0 6 0.07
33097 1627984528 0 8 4.98 12.33 11.89
33098 1627984529 0 1 2.630
33099 1627984529 0 0 26.15 8.28 169.7 61.27 104.2 6.47 172.6 16.9 190.4 2.71 41.14 14.2
33100 1627984529 0 7 $GNGGA,095528.000,4424.19820,N,00853.30746,E,1,12,0.9,13.8,M,44.7,M,,*7A
33101 1627984530 0 7 $GNGGA,095529.000,4424.19810,N,00853.30810,E,1,12,0.9,13.4,M,44.7,M,,*78
33102 1627984530 0 2 0.04260000 2.26040005 1.21089994 0.01740000 2.62849998 0.00410000 0.04160000 0.18880000 1.00000000 90.86499786
33103 1627984531 0 7 $GNGGA,095530.000,4424.19791,N,00853.30881,E,1,12,0.9,13.2,M,44.7,M,,*78
33104 1627984531 0 3 2.55 0.00
33105 1627984531 0 4 2.53 1.42
33106 1627984531 0 5 0.02
33107 1627984531 0 6 0.07
33108 1627984531 0 1 2.447
33109 1627984532 0 8 4.98 12.36 11.89
33110 1627984532 0 0 26.16 8.28 169.8 61.25 104.2 6.47 172.4 16.9 190.3 2.71 41.13 14.2
33111 1627984532 0 7 $GNGGA,095531.000,4424.19775,N,00853.30957,E,1,12,0.9,12.8,M,44.7,M,,*72
33112 1627984533 0 7 $GNGGA,095532.000,4424.19765,N,00853.31019,E,1,12,0.9,12.4,M,44.7,M,,*7E
33113 1627984534 0 7 $GNGGA,095533.000,4424.19766,N,00853.31057,E,1,12,0.9,12.1,M,44.7,M,,*73
33114 1627984534 0 3 2.55 0.00
33115 1627984534 0 4 2.53 1.42
33116 1627984534 0 5 0.03
33117 1627984534 0 6 0.07
33118 1627984534 0 8 4.98 12.34 11.89
33119 1627984535 0 1 2.482
33120 1627984535 0 0 26.17 8.28 169.8 61.22 104.2 6.47 172.2 16.9 190.0 2.73 41.11 14.2
33121 1627984535 0 7 $GNGGA,095534.000,4424.19777,N,00853.31107,E,1,12,0.9,11.9,M,44.7,M,,*7B
33122 1627984536 0 7 $GNGGA,095535.000,4424.19780,N,00853.31174,E,1,12,0.9,11.8,M,44.7,M,,*77
33123 1627984537 0 7 $GNGGA,095536.000,4424.19773,N,00853.31260,E,1,12,0.9,11.7,M,44.7,M,,*71
33124 1627984537 0 3 2.55 0.00
33125 1627984537 0 4 2.53 1.42
33126 1627984537 0 5 0.03
33127 1627984537 0 6 0.06
33128 1627984537 0 1 2.456
33129 1627984538 0 8 4.98 12.37 11.89
33130 1627984538 0 0 26.19 8.28 169.7 61.30 104.2 6.47 172.2 16.9 190.3 2.75 41.16 14.3
33131 1627984538 0 7 $GNGGA,095537.000,4424.19762,N,00853.31350,E,1,12,0.9,11.9,M,44.7,M,,*7C
33132 1627984539 0 7 $GNGGA,095538.000,4424.19747,N,00853.31395,E,1,12,0.9,12.1,M,44.7,M,,*76
33133 1627984540 0 7 $GNGGA,095539.000,4424.19752,N,00853.31441,E,1,12,0.9,12.1,M,44.7,M,,*7D
33134 1627984540 0 3 2.55 0.00
33135 1627984540 0 4 2.53 1.41
33136 1627984540 0 5 0.02
33137 1627984540 0 6 0.06
33138 1627984540 0 8 4.98 12.33 11.89
33139 1627984541 0 1 2.253
33140 1627984541 0 0 26.19 8.28 169.7 61.28 104.1 6.47 172.3 16.9 190.3 2.72 41.15 14.3
33141 1627984541 0 7 $GNGGA,095540.000,4424.19769,N,00853.31475,E,1,12,0.9,12.3,M,44.7,M,,*7E
33142 1627984542 0 7 $GNGGA,095541.000,4424.19766,N,00853.31522,E,1,12,0.9,12.6,M,44.7,M,,*76
33143 1627984543 0 7 $GNGGA,095542.000,4424.19749,N,00853.31574,E,1,12,0.9,12.9,M,44.7,M,,*74
33144 1627984543 0 3 2.55 0.00
33145 1627984543 0 4 2.53 1.41
33146 1627984543 0 5 0.02
33147 1627984543 0 6 0.07
33148 1627984543 0 1 2.977
33149 1627984544 0 8 4.98 12.37 11.89
33150 1627984544 0 0 26.19 8.28 169.7 61.26 104.1 6.46 172.4 16.9 190.2 2.74 41.14 14.3
33151 1627984544 0 7 $GNGGA,095543.000,4424.19744,N,00853.31624,E,1,12,0.9,13.1,M,44.7,M,,*77
33152 1627984545 0 7 $GNGGA,095544.000,4424.19730,N,00853.31676,E,1,12,0.9,13.1,M,44.7,M,,*74
33153 1627984546 0 7 $GNGGA,095545.000,4424.19695,N,00853.31745,E,1,12,0.9,13.1,M,44.7,M,,*7A
33154 1627984546 0 3 2.55 0.00
33155 1627984546 0 4 2.53 1.41
33156 1627984546 0 5 0.02
33157 1627984546 0 6 0.07
33158 1627984547 0 1 2.382
33159 1627984547 0 8 4.98 12.34 11.89
33160 1627984547 0 0 26.18 8.28 169.7 61.30 104.1 6.46 172.4 16.9 190.4 2.74 41.16 14.3
33161 1627984547 0 7 $GNGGA,095546.000,4424.19659,N,00853.31809,E,1,12,0.9,13.2,M,44.7,M,,*7D
33162 1627984548 0 7 $GNGGA,095547.000,4424.19639,N,00853.31870,E,1,12,0.9,13.4,M,44.7,M,,*72
33163 1627984549 0 7 $GNGGA,095548.000,4424.19622,N,00853.31939,E,1,12,0.9,13.6,M,44.7,M,,*79
33164 1627984549 0 3 2.55 0.00
33165 1627984549 0 4 2.53 1.41
33166 1627984549 0 5 0.03
33167 1627984549 0 6 0.06
33168 1627984549 0 8 4.98 12.34 11.89
33169 1627984550 0 1 2.414
33170 1627984550 0 0 26.18 8.28 169.7 61.31 104.1 6.46 172.2 16.9 190.3 2.73 41.17 14.3
33171 1627984550 0 7 $GNGGA,095549.000,4424.19600,N,00853.32011,E,1,12,0.9,13.7,M,44.7,M,,*79
33172 1627984551 0 7 $GNGGA,095550.000,4424.19571,N,00853.32069,E,1,12,0.9,14.0,M,44.7,M,,*7B
33173 1627984552 0 7 $GNGGA,095551.000,4424.19532,N,00853.32125,E,1,12,0.9,14.3,M,44.7,M,,*77
33174 1627984552 0 3 2.55 0.00
33175 1627984552 0 4 2.53 1.41
33176 1627984552 0 5 0.03
33177 1627984553 0 6 0.07
33178 1627984553 0 1 2.509
33179 1627984553 0 8 4.98 12.35 11.89
33180 1627984553 0 0 26.18 8.28 169.6 61.20 104.1 6.46 172.2 16.9 190.5 2.73 41.09 14.3
33181 1627984553 0 7 $GNGGA,095552.000,4424.19484,N,00853.32180,E,1,12,0.9,14.6,M,44.7,M,,*72
33182 1627984554 0 7 $GNGGA,095553.000,4424.19445,N,00853.32241,E,1,12,0.9,14.5,M,44.7,M,,*73
33183 1627984555 0 7 $GNGGA,095554.000,4424.19442,N,00853.32314,E,1,12,0.9,14.4,M,44.7,M,,*73
33184 1627984555 0 3 2.55 0.00
33185 1627984555 0 4 2.53 1.41
33186 1627984555 0 5 0.03
33187 1627984555 0 6 0.07
33188 1627984555 0 8 4.98 12.34 11.89
33189 1627984556 0 1 2.473
33190 1627984556 0 0 26.18 8.28 169.7 61.26 104.1 6.46 172.2 16.9 190.4 2.74 41.14 14.3
33191 1627984556 0 7 $GNGGA,095555.000,4424.19437,N,00853.32380,E,1,12,0.9,14.3,M,44.7,M,,*7A
33192 1627984557 0 7 $GNGGA,095556.000,4424.19422,N,00853.32453,E,1,12,0.9,14.5,M,44.7,M,,*72
33193 1627984558 0 7 $GNGGA,095557.000,4424.19397,N,00853.32517,E,1,12,0.9,14.6,M,44.7,M,,*78
33194 1627984558 0 3 2.55 0.00
33195 1627984558 0 4 2.53 1.41
33196 1627984558 0 5 0.03
33197 1627984558 0 6 0.06
33198 1627984558 0 1 2.603
33199 1627984559 0 8 4.98 12.36 11.89
33200 1627984559 0 0 26.18 8.28 169.7 61.24 104.0 6.46 172.3 16.9 190.2 2.75 41.12 14.3
33201 1627984559 0 7 $GNGGA,095558.000,4424.19376,N,00853.32582,E,1,12,0.9,14.6,M,44.7,M,,*74
33202 1627984560 0 7 $GNGGA,095559.000,4424.19360,N,00853.32655,E,1,12,0.9,14.5,M,44.7,M,,*78
33203 1627984561 0 7 $GNGGA,095600.000,4424.19342,N,00853.32714,E,1,12,0.9,14.5,M,44.7,M,,*73
33204 1627984561 0 3 2.55 0.00
33205 1627984561 0 4 2.53 1.41
33206 1627984561 0 5 0.02
33207 1627984561 0 6 0.06
33208 1627984561 0 8 4.98 12.34 11.89
33209 1627984562 0 1 2.905
33210 1627984562 0 0 26.18 8.28 169.6 61.27 104.0 6.46 172.3 16.9 190.1 2.75 41.14 14.3
33211 1627984562 0 7 $GNGGA,095601.000,4424.19326,N,00853.32763,E,1,12,0.9,14.5,M,44.7,M,,*70
33212 1627984563 0 7 $GNGGA,095602.000,4424.19300,N,00853.32816,E,1,12,0.9,14.7,M,44.7,M,,*78
33213 1627984564 0 7 $GNGGA,095603.000,4424.19283,N,00853.32887,E,1,12,0.9,14.9,M,44.7,M,,*75
33214 1627984564 0 3 2.55 0.00
33215 1627984564 0 4 2.53 1.41
33216 1627984564 0 5 0.03
33217 1627984564 0 6 0.07
33218 1627984564 0 1 2.875
33219 1627984565 0 8 4.98 12.37 11.89
33220 1627984565 0 0 26.18 8.28 169.6 61.29 104.0 6.46 172.3 16.9 190.0 2.73 41.16 14.3
33221 1627984565 0 7 $GNGGA,095604.000,4424.19264,N,00853.32955,E,1,12,0.9,15.2,M,44.7,M,,*7F
33222 1627984566 0 7 $GNGGA,095605.000,4424.19243,N,00853.33014,E,1,12,0.9,15.3,M,44.7,M,,*77
33223 1627984567 0 7 $GNGGA,095606.000,4424.19230,N,00853.33069,E,1,12,0.9,15.3,M,44.7,M,,*7A
33224 1627984567 0 3 2.55 0.00
33225 1627984567 0 4 2.53 1.41
33226 1627984567 0 5 0.03
33227 1627984567 0 6 0.06
33228 1627984568 0 8 4.98 12.34 11.89
33229 1627984568 0 1 3.400
33230 1627984568 0 0 26.17 8.28 169.6 61.30 104.0 6.46 172.2 16.9 190.3 2.70 41.17 14.3
33231 1627984568 0 7 $GNGGA,095607.000,4424.19196,N,00853.33132,E,1,12,0.9,15.1,M,44.7,M,,*79
33232 1627984569 0 7 $GNGGA,095608.000,4424.19163,N,00853.33196,E,1,12,0.9,14.6,M,44.7,M,,*74
33233 1627984570 0 7 $GNGGA,095609.000,4424.19115,N,00853.33251,E,1,12,0.9,14.2,M,44.7,M,,*78
33234 1627984570 0 3 2.55 0.00
33235 1627984570 0 4 2.53 1.41
33236 1627984570 0 5 0.03
33237 1627984570 0 6 0.06
33238 1627984570 0 1 4.478
33239 1627984571 0 8 4.98 12.37 11.89
33240 1627984571 0 0 26.16 8.28 169.6 61.25 104.0 6.46 172.4 16.9 190.3 2.71 41.12 14.3
33241 1627984571 0 7 $GNGGA,095610.000,4424.19084,N,00853.33309,E,1,12,0.9,13.8,M,44.7,M,,*78
33242 1627984572 0 7 $GNGGA,095611.000,4424.19057,N,00853.33369,E,1,12,0.9,13.5,M,44.7,M,,*7C
33243 1627984573 0 7 $GNGGA,095612.000,4424.19043,N,00853.33430,E,1,12,0.9,13.2,M,44.7,M,,*76
33244 1627984573 0 3 2.55 0.00
33245 1627984573 0 4 2.53 1.41
33246 1627984573 0 5 0.03
33247 1627984573 0 6 0.07
33248 1627984573 0 1 3.412
33249 1627984574 0 8 4.98 12.34 11.89
33250 1627984574 0 0 26.16 8.28 169.6 61.35 104.1 6.46 172.5 16.9 190.6 2.73 41.20 14.3
33251 1627984574 0 7 $GNGGA,095613.000,4424.19024,N,00853.33500,E,1,12,0.9,12.8,M,44.7,M,,*7F
33252 1627984575 0 7 $GNGGA,095614.000,4424.19015,N,00853.33570,E,1,12,0.9,12.6,M,44.7,M,,*73
33253 1627984576 0 7 $GNGGA,095615.000,4424.19000,N,00853.33637,E,1,12,0.9,12.4,M,44.7,M,,*74
33254 1627984576 0 3 2.55 0.00
33255 1627984576 0 4 2.53 1.41
33256 1627984576 0 5 0.03
33257 1627984576 0 6 0.06
33258 1627984576 0 8 4.98 12.34 11.89
33259 1627984577 0 1 3.501
33260 1627984577 0 0 26.17 8.28 169.6 61.28 104.1 6.46 172.3 16.9 190.2 2.71 41.15 14.2
33261 1627984577 0 7 $GNGGA,095616.000,4424.18974,N,00853.33691,E,1,12,0.9,12.1,M,44.7,M,,*75
33262 1627984578 0 7 $GNGGA,095617.000,4424.18954,N,00853.33749,E,1,12,0.9,11.7,M,44.7,M,,*77
33263 1627984579 0 7 $GNGGA,095618.000,4424.18933,N,00853.33810,E,1,12,0.9,11.3,M,44.7,M,,*7E
33264 1627984579 0 3 2.55 0.00
33265 1627984579 0 4 2.53 1.41
33266 1627984579 0 5 0.03
33267 1627984579 0 6 0.06
33268 1627984579 0 1 4.064
33269 1627984580 0 8 4.98 12.35 11.89
33270 1627984580 0 0 26.16 8.28 169.6 61.24 104.0 6.46 172.4 16.9 190.0 2.70 41.12 14.3
33271 1627984580 0 7 $GNGGA,095619.000,4424.18902,N,00853.33870,E,1,12,0.9,11.1,M,44.7,M,,*79
33272 1627984581 0 7 $GNGGA,095620.000,4424.18887,N,00853.33922,E,1,12,0.9,11.1,M,44.7,M,,*79
33273 1627984582 0 7 $GNGGA,095621.000,4424.18882,N,00853.33972,E,1,12,0.9,10.8,M,44.7,M,,*70
33274 1627984582 0 3 2.55 0.00
33275 1627984582 0 4 2.53 1.41
33276 1627984582 0 5 0.03
33277 1627984582 0 6 0.08
33278 1627984582 0 8 4.98 12.33 11.89
33279 1627984583 0 1 3.394
33280 1627984583 0 0 26.17 8.28 169.6 61.20 104.1 6.47 172.2 16.9 190.1 2.72 41.09 14.3
33281 1627984583 0 7 $GNGGA,095622.000,4424.18867,N,00853.34026,E,1,12,0.9,10.3,M,44.7,M,,*7C
33282 1627984584 0 7 $GNGGA,095623.000,4424.18843,N,00853.34061,E,1,12,0.9,10.2,M,44.7,M,,*79
33283 1627984585 0 7 $GNGGA,095624.000,4424.18819,N,00853.34096,E,1,12,0.9,9.8,M,44.7,M,,*4B
33284 1627984585 0 3 2.55 0.00
33285 1627984585 0 4 2.53 1.43
33286 1627984585 0 5 0.03
33287 1627984585 0 6 0.06
33288 1627984585 0 1 3.149
33289 1627984586 0 8 4.98 12.36 11.89
33290 1627984586 0 0 26.17 8.28 169.6 61.28 104.0 6.46 172.2 16.9 190.2 2.73 41.15 14.2
33291 1627984586 0 7 $GNGGA,095625.000,4424.18801,N,00853.34143,E,1,12,0.9,9.5,M,44.7,M,,*47
33292 1627984587 0 7 $GNGGA,095626.000,4424.18786,N,00853.34190,E,1,12,0.9,9.2,M,44.7,M,,*4D
33293 1627984588 0 7 $GNGGA,095627.000,4424.18759,N,00853.34220,E,1,12,0.9,9.2,M,44.7,M,,*46
33294 1627984588 0 3 2.55 0.00
33295 1627984588 0 4 2.53 1.42
33296 1627984588 0 5 0.03
33297 1627984588 0 6 0.06
33298 1627984589 0 8 4.98 12.33 11.89
33299 1627984589 0 1 4.010
33300 1627984589 0 0 26.16 8.28 169.6 61.28 104.0 6.46 172.2 16.9 190.2 2.72 41.15 14.2
33301 1627984589 0 7 $GNGGA,095628.000,4424.18715,N,00853.34237,E,1,12,0.9,9.1,M,44.7,M,,*44
33302 1627984590 0 7 $GNGGA,095629.000,4424.18680,N,00853.34284,E,1,12,0.9,9.3,M,44.7,M,,*42
33303 1627984591 0 7 $GNGGA,095630.000,4424.18647,N,00853.34366,E,1,12,0.9,9.3,M,44.7,M,,*4C
33304 1627984591 0 3 2.55 0.00
33305 1627984591 0 4 2.53 1.42
33306 1627984591 0 5 0.02
33307 1627984591 0 6 0.07
33308 1627984591 0 1 3.639
33309 1627984592 0 8 4.98 12.21 11.87
33310 1627984592 0 0 26.17 8.28 169.6 61.36 104.1 6.46 172.1 16.9 190.1 2.70 41.21 14.3
33311 1627984592 0 7 $GNGGA,095631.000,4424.18607,N,00853.34465,E,1,12,0.9,9.4,M,44.7,M,,*4A
33312 1627984593 0 7 $GNGGA,095632.000,4424.18561,N,00853.34564,E,1,12,0.9,9.5,M,44.7,M,,*4B
33313 1627984594 0 7 $GNGGA,095633.000,4424.18514,N,00853.34633,E,1,12,0.9,9.5,M,44.7,M,,*49
33314 1627984594 0 3 2.55 0.00
33315 1627984594 0 4 2.53 1.41
33316 1627984594 0 5 0.02
33317 1627984594 0 6 0.06
33318 1627984594 0 8 4.98 12.32 11.89
33319 1627984595 0 1 3.746
33320 1627984595 0 0 26.17 8.28 169.7 61.26 104.0 6.46 172.2 16.9 189.9 2.71 41.13 14.3
33321 1627984595 0 7 $GNGGA,095634.000,4424.18478,N,00853.34692,E,1,12,0.9,9.4,M,44.7,M,,*4F
33322 1627984596 0 7 $GNGGA,095635.000,4424.18455,N,00853.34755,E,1,12,0.9,9.0,M,44.7,M,,*4F
33323 1627984597 0 7 $GNGGA,095636.000,4424.18424,N,00853.34821,E,1,12,0.9,8.9,M,44.7,M,,*4E
33324 1627984597 0 3 2.55 0.00
33325 1627984597 0 4 2.53 1.41
33326 1627984597 0 5 0.03
33327 1627984597 0 6 0.06
33328 1627984597 0 1 4.020
33329 1627984598 0 8 4.98 12.33 11.89
33330 1627984598 0 0 26.17 8.28 169.6 61.25 104.0 6.46 172.2 16.9 190.0 2.71 41.13 14.2
33331 1627984598 0 7 $GNGGA,095637.000,4424.18405,N,00853.34890,E,1,12,0.9,8.8,M,44.7,M,,*47
33332 1627984599 0 7 $GNGGA,095638.000,4424.18401,N,00853.34960,E,1,12,0.9,8.7,M,44.7,M,,*4D
33333 1627984600 0 7 $GNGGA,095639.000,4424.18395,N,00853.35021,E,1,12,0.9,8.5,M,44.7,M,,*49
33334 1627984600 0 3 2.55 0.00
33335 1627984600 0 4 2.53 1.42
33336 1627984600 0 5 0.03
33337 1627984600 0 6 0.07
33338 1627984600 0 1 3.439
33339 1627984601 0 8 4.98 12.14 11.87
33340 1627984601 0 0 26.17 8.28 169.6 61.35 104.1 6.46 172.3 16.9 190.3 2.71 41.20 14.3
33341 1627984601 0 7 $GNGGA,095640.000,4424.18390,N,00853.35085,E,1,12,0.9,8.0,M,44.7,M,,*49
33342 1627984602 0 7 $GNGGA,095641.000,4424.18378,N,00853.35157,E,1,12,0.9,7.8,M,44.7,M,,*47
33343 1627984603 0 7 $GNGGA,095642.000,4424.18370,N,00853.35218,E,1,12,0.9,7.6,M,44.7,M,,*4A
33344 1627984603 0 3 2.55 0.00
33345 1627984603 0 4 2.53 1.42
33346 1627984603 0 5 0.02
33347 1627984603 0 6 0.07
33348 1627984603 0 8 4.98 12.29 11.89
33349 1627984604 0 1 3.160
33350 1627984604 0 0 26.17 8.28 169.5 61.31 104.1 6.46 172.5 16.9 190.8 2.70 41.17 14.3
33351 1627984604 0 7 $GNGGA,095643.000,4424.18364,N,00853.35283,E,1,12,0.9,7.5,M,44.7,M,,*4F
33352 1627984605 0 7 $GNGGA,095644.000,4424.18360,N,00853.35290,E,1,12,0.9,7.4,M,44.7,M,,*4F
33353 1627984606 0 7 $GNGGA,095645.000,4424.18360,N,00853.35292,E,1,12,0.9,7.3,M,44.7,M,,*4B
33354 1627984606 0 3 2.55 0.00
33355 1627984606 0 4 2.53 1.42
33356 1627984606 0 5 0.02
33357 1627984606 0 6 0.07
33358 1627984606 0 1 2.699
33359 1627984607 0 8 4.98 12.15 11.89
33360 1627984607 0 0 26.17 8.28 169.5 61.30 104.1 6.46 172.2 16.9 190.5 2.71 41.16 14.2
33361 1627984607 0 7 $GNGGA,095646.000,4424.18362,N,00853.35305,E,1,12,0.9,7.2,M,44.7,M,,*44
33362 1627984608 0 7 $GNGGA,095647.000,4424.18344,N,00853.35339,E,1,12,0.9,7.0,M,44.7,M,,*4C
33363 1627984609 0 7 $GNGGA,095648.000,4424.18332,N,00853.35398,E,1,12,0.9,7.2,M,44.7,M,,*4B
33364 1627984609 0 3 2.55 0.00
33365 1627984609 0 4 2.53 1.42
33366 1627984609 0 5 0.02
33367 1627984609 0 6 0.07
33368 1627984609 0 8 4.98 12.14 11.89
33369 1627984610 0 1 2.700
33370 1627984610 0 0 26.17 8.28 169.6 61.24 104.0 6.46 172.3 16.9 190.8 2.71 41.12 14.2
33371 1627984610 0 7 $GNGGA,095649.000,4424.18320,N,00853.35495,E,1,12,0.9,7.7,M,44.7,M,,*46
33372 1627984611 0 7 $GNGGA,095650.000,4424.18296,N,00853.35578,E,1,12,0.9,8.4,M,44.7,M,,*4C
33373 1627984612 0 7 $GNGGA,095651.000,4424.18273,N,00853.35655,E,1,12,0.9,8.9,M,44.7,M,,*47
33374 1627984612 0 3 2.55 0.00
33375 1627984612 0 4 2.53 1.42
33376 1627984612 0 5 0.03
33377 1627984612 0 6 0.06
33378 1627984612 0 1 2.765
33379 1627984613 0 8 4.98 12.31 11.89
33380 1627984613 0 0 26.16 8.28 169.5 61.26 104.0 6.46 172.5 16.9 190.5 2.69 41.13 14.2
33381 1627984613 0 7 $GNGGA,095652.000,4424.18249,N,00853.35732,E,1,12,0.9,8.9,M,44.7,M,,*4D
33382 1627984614 0 7 $GNGGA,095653.000,4424.18226,N,00853.35811,E,1,12,0.9,9.0,M,44.7,M,,*43
33383 1627984615 0 7 $GNGGA,095654.000,4424.18210,N,00853.35876,E,1,12,0.9,9.2,M,44.7,M,,*42
33384 1627984615 0 3 2.55 0.00
33385 1627984615 0 4 2.53 1.42
33386 1627984615 0 5 0.03
33387 1627984615 0 6 0.07
33388 1627984615 0 8 4.98 12.28 11.89
33389 1627984616 0 1 2.748
33390 1627984616 0 0 26.16 8.28 169.5 61.30 104.0 6.46 172.4 16.9 190.5 2.71 41.17 14.2
33391 1627984616 0 7 $GNGGA,095655.000,4424.18184,N,00853.35929,E,1,12,0.9,9.5,M,44.7,M,,*41
33392 1627984617 0 7 $GNGGA,095656.000,4424.18151,N,00853.35986,E,1,12,0.9,9.9,M,44.7,M,,*43
33393 1627984618 0 7 $GNGGA,095657.000,4424.18117,N,00853.36033,E,1,12,0.9,10.2,M,44.7,M,,*77
33394 1627984618 0 3 2.55 0.00
33395 1627984618 0 4 2.53 1.42
33396 1627984618 0 5 0.02
33397 1627984618 0 6 0.07
33398 1627984618 0 1 2.410
33399 1627984619 0 8 4.98 12.33 11.89
33400 1627984619 0 0 26.17 8.28 169.6 61.20 104.0 6.46 172.4 16.9 190.4 2.74 41.09 14.2
33401 1627984619 0 7 $GNGGA,095658.000,4424.18081,N,00853.36070,E,1,12,0.9,10.3,M,44.7,M,,*70
33402 1627984620 0 7 $GNGGA,095659.000,4424.18035,N,00853.36135,E,1,12,0.9,10.4,M,44.7,M,,*79
33403 1627984621 0 7 $GNGGA,095700.000,4424.17991,N,00853.36195,E,1,12,0.9,10.3,M,44.7,M,,*71
33404 1627984621 0 3 2.55 0.00
33405 1627984621 0 4 2.53 1.42
33406 1627984621 0 5 0.03
33407 1627984621 0 6 0.06
33408 1627984621 0 8 4.98 12.29 11.89
33409 1627984622 0 1 2.473
33410 1627984622 0 0 26.17 8.28 169.4 61.26 104.0 6.46 172.2 16.9 190.7 2.74 41.13 14.2
33411 1627984622 0 7 $GNGGA,095701.000,4424.17956,N,00853.36258,E,1,12,0.9,9.9,M,44.7,M,,*4B
33412 1627984623 0 7 $GNGGA,095702.000,4424.17933,N,00853.36316,E,1,12,0.9,9.7,M,44.7,M,,*4E
33413 1627984624 0 7 $GNGGA,095703.000,4424.17923,N,00853.36367,E,1,12,0.9,9.5,M,44.7,M,,*4A
33414 1627984624 0 3 2.55 0.00
33415 1627984624 0 4 2.53 1.42
33416 1627984624 0 5 0.03
33417 1627984624 0 6 0.06
33418 1627984624 0 1 3.030
33419 1627984625 0 8 4.98 12.31 11.89
33420 1627984625 0 0 26.18 8.28 169.5 61.29 104.0 6.46 172.3 16.9 190.4 2.71 41.16 14.2
33421 1627984625 0 7 $GNGGA,095704.000,4424.17905,N,00853.36406,E,1,12,0.9,9.4,M,44.7,M,,*48
33422 1627984626 0 7 $GNGGA,095705.000,4424.17890,N,00853.36468,E,1,12,0.9,9.4,M,44.7,M,,*4C
33423 1627984627 0 7 $GNGGA,095706.000,4424.17874,N,00853.36507,E,1,12,0.9,9.6,M,44.7,M,,*4F
33424 1627984627 0 3 2.55 0.00
33425 1627984627 0 4 2.53 1.42
33426 1627984627 0 5 0.03
33427 1627984627 0 6 0.07
33428 1627984627 0 1 2.448
33429 1627984628 0 8 4.97 12.29 11.89
33430 1627984628 0 0 26.18 8.28 169.5 61.33 104.0 6.46 172.3 16.9 190.7 2.73 41.19 14.2
33431 1627984628 0 7 $GNGGA,095707.000,4424.17850,N,00853.36560,E,1,12,0.9,9.5,M,44.7,M,,*4A
33432 1627984629 0 7 $GNGGA,095708.000,4424.17795,N,00853.36626,E,1,12,0.9,9.4,M,44.7,M,,*43
33433 1627984630 0 7 $GNGGA,095709.000,4424.17734,N,00853.36683,E,1,12,0.9,9.4,M,44.7,M,,*46
33434 1627984630 0 3 2.55 0.00
33435 1627984630 0 4 2.53 1.42
33436 1627984630 0 5 0.03
33437 1627984630 0 6 0.07
33438 1627984630 0 8 4.98 12.29 11.89
33439 1627984631 0 1 2.398
33440 1627984631 0 0 26.18 8.28 169.5 61.20 104.0 6.46 172.4 16.9 190.7 2.75 41.09 14.2
33441 1627984631 0 7 $GNGGA,095710.000,4424.17668,N,00853.36712,E,1,12,0.9,9.1,M,44.7,M,,*4A
33442 1627984632 0 7 $GNGGA,095711.000,4424.17632,N,00853.36748,E,1,12,0.9,9.1,M,44.7,M,,*4B
33443 1627984633 0 7 $GNGGA,095712.000,4424.17602,N,00853.36822,E,1,12,0.9,8.9,M,44.7,M,,*41
33444 1627984633 0 3 2.55 0.00
33445 1627984633 0 4 2.53 1.41
33446 1627984633 0 5 0.03
33447 1627984633 0 6 0.07
33448 1627984633 0 1 2.420
33449 1627984634 0 8 4.98 12.30 11.89
33450 1627984634 0 0 26.18 8.28 169.4 61.24 104.0 6.46 172.4 16.9 190.4 2.74 41.12 14.2
33451 1627984634 0 7 $GNGGA,095713.000,4424.17585,N,00853.36925,E,1,12,0.9,7.7,M,44.7,M,,*4B
33452 1627984635 0 7 $GNGGA,095714.000,4424.17580,N,00853.37017,E,1,12,0.9,7.1,M,44.7,M,,*46
33453 1627984636 0 7 $GNGGA,095715.000,4424.17598,N,00853.37084,E,1,12,0.9,6.2,M,44.7,M,,*46
33454 1627984636 0 3 2.55 0.00
33455 1627984636 0 4 2.53 1.42
33456 1627984636 0 5 0.03
33457 1627984636 0 6 0.07
33458 1627984636 0 8 4.98 12.29 11.89
33459 1627984637 0 1 2.609
33460 1627984637 0 0 26.17 8.28 169.4 61.31 104.0 6.46 172.5 16.9 190.6 2.74 41.17 14.2
33461 1627984637 0 7 $GNGGA,095716.000,4424.17608,N,00853.37145,E,1,12,0.9,5.5,M,44.7,M,,*47
33462 1627984638 0 7 $GNGGA,095717.000,4424.17612,N,00853.37187,E,1,12,0.9,4.7,M,44.7,M,,*40
33463 1627984639 0 7 $GNGGA,095718.000,4424.17620,N,00853.37231,E,1,12,0.9,3.9,M,44.7,M,,*49
33464 1627984639 0 3 2.55 0.00
33465 1627984639 0 4 2.53 1.42
33466 1627984639 0 5 0.03
33467 1627984639 0 6 0.07
33468 1627984639 0 1 2.307
33469 1627984640 0 8 4.98 12.32 11.89
33470 1627984640 0 0 26.18 8.28 169.4 61.23 104.0 6.46 172.4 16.9 190.6 2.73 41.11 14.2
33471 1627984640 0 7 $GNGGA,095719.000,4424.17607,N,00853.37276,E,1,12,0.9,3.3,M,44.7,M,,*44
33472 1627984641 0 7 $GNGGA,095720.000,4424.17571,N,00853.37339,E,1,12,0.9,3.0,M,44.7,M,,*45
33473 1627984642 0 7 $GNGGA,095721.000,4424.17521,N,00853.37406,E,1,12,0.9,3.4,M,44.7,M,,*4E
33474 1627984642 0 3 2.55 0.00
33475 1627984642 0 4 2.53 1.41
33476 1627984642 0 5 0.03
33477 1627984642 0 6 0.06
33478 1627984642 0 8 4.98 12.29 11.89
33479 1627984643 0 1 2.446
33480 1627984643 0 0 26.18 8.28 169.5 61.28 104.0 6.46 172.3 16.9 190.7 2.67 41.15 14.2
33481 1627984643 0 7 $GNGGA,095722.000,4424.17462,N,00853.37479,E,1,12,0.9,3.9,M,44.7,M,,*4E
33482 1627984644 0 7 $GNGGA,095723.000,4424.17417,N,00853.37540,E,1,12,0.9,3.8,M,44.7,M,,*47
33483 1627984645 0 7 $GNGGA,095724.000,4424.17371,N,00853.37596,E,1,12,0.9,3.8,M,44.7,M,,*4C
33484 1627984645 0 3 2.55 0.00
33485 1627984645 0 4 2.53 1.42
33486 1627984645 0 5 0.02
33487 1627984645 0 6 0.06
33488 1627984645 0 1 2.744
33489 1627984646 0 8 4.98 12.32 11.89
33490 1627984646 0 0 26.18 8.28 169.4 61.33 104.0 6.46 172.3 16.9 190.4 2.66 41.19 14.2
33491 1627984646 0 7 $GNGGA,095725.000,4424.17336,N,00853.37640,E,1,12,0.9,3.7,M,44.7,M,,*49
33492 1627984647 0 7 $GNGGA,095726.000,4424.17307,N,00853.37687,E,1,12,0.9,3.4,M,44.7,M,,*40
33493 1627984648 0 7 $GNGGA,095727.000,4424.17272,N,00853.37739,E,1,12,0.9,3.3,M,44.7,M,,*41
33494 1627984648 0 3 2.55 0.00
33495 1627984648 0 4 2.53 1.42
33496 1627984648 0 5 0.02
33497 1627984648 0 6 0.06
33498 1627984648 0 8 4.98 12.29 11.89
33499 1627984649 0 1 2.501
33500 1627984649 0 0 26.16 8.28 169.4 61.29 104.0 6.46 172.6 16.9 190.9 2.70 41.16 14.2
33501 1627984649 0 7 $GNGGA,095728.000,4424.17234,N,00853.37790,E,1,12,0.9,3.2,M,44.7,M,,*4E
33502 1627984650 0 7 $GNGGA,095729.000,4424.17207,N,00853.37842,E,1,12,0.9,3.0,M,44.7,M,,*4D
33503 1627984650 0 2 0.04820000 2.80349998 1.18889999 0.02160000 2.69029998 0.00410000 0.04530000 0.21370000 1.00000000 90.08599853
33504 1627984651 0 7 $GNGGA,095730.000,4424.17187,N,00853.37889,E,1,12,0.9,2.8,M,44.7,M,,*40
33505 1627984651 0 3 2.55 0.00
33506 1627984651 0 4 2.53 1.42
33507 1627984651 0 5 0.03
33508 1627984651 0 6 0.06
33509 1627984652 0 1 3.294
33510 1627984652 0 8 4.98 12.32 11.89
33511 1627984652 0 0 26.17 8.28 169.4 61.21 104.0 6.46 172.4 16.9 190.8 2.71 41.10 14.2
33512 1627984652 0 7 $GNGGA,095731.000,4424.17168,N,00853.37931,E,1,12,0.9,2.5,M,44.7,M,,*4F
33513 1627984653 0 7 $GNGGA,095732.000,4424.17150,N,00853.37972,E,1,12,0.9,2.0,M,44.7,M,,*45
33514 1627984654 0 7 $GNGGA,095733.000,4424.17133,N,00853.38017,E,1,12,0.9,1.7,M,44.7,M,,*40
33515 1627984654 0 3 2.55 0.00
33516 1627984654 0 4 2.53 1.42
33517 1627984654 0 5 0.03
33518 1627984654 0 6 0.06
33519 1627984654 0 1 2.632
33520 1627984655 0 8 4.98 12.29 11.89
33521 1627984655 0 0 26.15 8.28 169.4 61.32 103.9 6.45 172.6 16.9 191.1 2.71 41.18 14.2
33523 1627984656 0 7 $GNGGA,095735.000,4424.17091,N,00853.38103,E,1,12,0.9,1.3,M,44.7,M,,*4F
33524 1627984657 0 7 $GNGGA,095736.000,4424.17071,N,00853.38144,E,1,12,0.9,1.3,M,44.7,M,,*41
33525 1627984657 0 3 2.55 0.00
33526 1627984657 0 4 2.53 1.42
33527 1627984657 0 5 0.03
33528 1627984657 0 6 0.06
33529 1627984657 0 8 4.98 12.29 11.89
33530 1627984658 0 1 2.557
33531 1627984658 0 0 26.16 8.28 169.4 61.26 103.9 6.45 172.6 16.9 191.0 2.72 41.13 14.2
33532 1627984658 0 7 $GNGGA,095737.000,4424.17052,N,00853.38196,E,1,12,0.9,1.1,M,44.7,M,,*4C
33533 1627984659 0 7 $GNGGA,095738.000,4424.17030,N,00853.38247,E,1,12,0.9,1.1,M,44.7,M,,*48
33534 1627984660 0 7 $GNGGA,095739.000,4424.17005,N,00853.38277,E,1,12,0.9,1.5,M,44.7,M,,*48
33535 1627984660 0 3 2.55 0.00
33538 1627984660 0 6 0.06
33539 1627984660 0 1 2.902
33540 1627984661 0 8 4.98 12.29 11.89
33541 1627984661 0 0 26.16 8.28 169.4 61.28 103.9 6.45 172.5 16.9 190.7 2.72 41.15 14.2
33542 1627984661 0 7 $GNGGA,095740.000,4424.16982,N,00853.38308,E,1,12,0.9,1.7,M,44.7,M,,*4A
33543 1627984662 0 7 $GNGGA,095741.000,4424.16949,N,00853.38353,E,1,12,0.9,1.9,M,44.7,M,,*4C
33544 1627984663 0 7 $GNGGA,095742.000,4424.16904,N,00853.38397,E,1,12,0.9,2.1,M,44.7,M,,*45
33545 1627984663 0 3 2.55 0.00
33546 1627984663 0 4 2.53 1.42
33547 1627984663 0 5 0.03
33548 1627984663 0 6 0.06
33549 1627984664 0 8 4.98 12.29 11.89
33550 1627984664 0 1 2.953
33551 1627984664 0 0 26.17 8.28 169.3 61.25 103.8 6.45 172.4 16.9 190.6 2.72 41.13 14.2
33552 1627984664 0 7 $GNGGA,095743.000,4424.16860,N,00853.38455,E,1,12,0.9,2.4,M,44.7,M,,*4B
33553 1627984665 0 7 $GNGGA,095744.000,4424.16817,N,00853.38515,E,1,12,0.9,2.6,M,44.7,M,,*4B
33554 1627984666 0 7 $GNGGA,095745.000,4424.16779,N,00853.38562,E,1,12,0.9,2.6,M,44.7,M,,*4D
33555 1627984666 0 3 2.55 0.00
33556 1627984666 0 4 2.53 1.41
33557 1627984666 0 5 0.02
33558 1627984666 0 6 0.06
33559 1627984666 0 1 2.778
33560 1627984667 0 8 4.98 12.31 11.89
33561 1627984667 0 0 26.17 8.28 169.3 61.30 103.8 6.44 172.5 16.9 190.8 2.71 41.17 14.2
33562 1627984667 0 7 $GNGGA,095746.000,4424.16739,N,00853.38609,E,1,12,0.9,3.0,M,44.7,M,,*43
33563 1627984668 0 7 $GNGGA,095747.000,4424.16688,N,00853.38670,E,1,12,0.9,3.5,M,44.7,M,,*42
33564 1627984669 0 7 $GNGGA,095748.000,4424.16655,N,00853.38708,E,1,12,0.9,3.6,M,44.7,M,,*40
33565 1627984669 0 3 2.55 0.00
33566 1627984669 0 4 2.53 1.41
33567 1627984669 0 5 0.03
33568 1627984670 0 6 0.06
33569 1627984670 0 8 4.98 12.29 11.89
33570 1627984670 0 1 2.659
33571 1627984670 0 0 26.17 8.28 169.4 61.30 103.7 6.44 172.5 16.9 190.9 2.73 41.17 14.2
33572 1627984670 0 7 $GNGGA,095749.000,4424.16650,N,00853.38735,E,1,12,0.9,3.2,M,44.7,M,,*4E
33573 1627984671 0 7 $GNGGA,095750.000,4424.16633,N,00853.38770,E,1,12,0.9,3.0,M,44.7,M,,*40
33574 1627984672 0 7 $GNGGA,095751.000,4424.16612,N,00853.38810,E,1,12,0.9,2.8,M,44.7,M,,*42
33575 1627984672 0 3 2.55 0.00
33577 1627984672 0 5 0.02
33578 1627984672 0 6 0.06
33579 1627984673 0 1 2.882
33580 1627984673 0 8 4.98 12.32 11.89
33581 1627984673 0 0 26.17 8.28 169.3 61.30 103.7 6.44 172.4 16.9 190.5 2.73 41.17 14.2
33582 1627984673 0 7 $GNGGA,095752.000,4424.16591,N,00853.38850,E,1,12,0.9,2.5,M,44.7,M,,*40
33583 1627984674 0 7 $GNGGA,095753.000,4424.16558,N,00853.38884,E,1,12,0.9,2.6,M,44.7,M,,*4E
33584 1627984675 0 7 $GNGGA,095754.000,4424.16509,N,00853.38918,E,1,12,0.9,2.6,M,44.7,M,,*49
33585 1627984675 0 3 2.55 0.00
33586 1627984675 0 4 2.53 1.41
33587 1627984675 0 5 0.02
33588 1627984675 0 6 0.06
33589 1627984676 0 8 4.98 12.29 11.89
33590 1627984676 0 1 2.825
33591 1627984676 0 0 26.17 8.28 169.3 61.27 103.6 6.44 172.4 16.9 190.6 2.71 41.14 14.2
33592 1627984676 0 7 $GNGGA,095755.000,4424.16460,N,00853.38958,E,1,12,0.9,2.7,M,44.7,M,,*43
33593 1627984677 0 7 $GNGGA,095756.000,4424.16423,N,00853.39012,E,1,12,0.9,2.6,M,44.7,M,,*40
33594 1627984678 0 7 $GNGGA,095757.000,4424.16386,N,00853.39068,E,1,12,0.9,2.5,M,44.7,M,,*47
33595 1627984678 0 3 2.55 0.00
33596 1627984678 0 4 2.53 1.41
33597 1627984678 0 5 0.03
33598 1627984678 0 6 0.06
33599 1627984679 0 1 3.324
33600 1627984679 0 8 4.98 12.32 11.89
33601 1627984679 0 0 26.17 8.28 169.3 61.33 103.6 6.43 172.3 16.9 191.3 2.66 41.19 14.2
33602 1627984679 0 7 $GNGGA,095758.000,4424.16357,N,00853.39121,E,1,12,0.9,2.5,M,44.7,M,,*48
33603 1627984680 0 7 $GNGGA,095759.000,4424.16326,N,00853.39151,E,1,12,0.9,2.6,M,44.7,M,,*4B
33604 1627984681 0 7 $GNGGA,095800.000,4424.16297,N,00853.39171,E,1,12,0.9,2.9,M,44.7,M,,*4E
33605 1627984681 0 3 2.55 0.00
33606 1627984681 0 4 2.53 1.41
33607 1627984681 0 5 0.03
33608 1627984681 0 6 0.06
33609 1627984682 0 1 2.672
33610 1627984682 0 8 4.98 12.29 11.89
33611 1627984682 0 0 26.16 8.28 169.3 61.30 103.6 6.43 172.4 16.9 190.6 2.69 41.16 14.1
33612 1627984682 0 7 $GNGGA,095801.000,4424.16260,N,00853.39194,E,1,12,0.9,3.1,M,44.7,M,,*45
33613 1627984683 0 7 $GNGGA,095802.000,4424.16214,N,00853.39232,E,1,12,0.9,3.2,M,44.7,M,,*49
33614 1627984684 0 7 $GNGGA,095803.000,4424.16160,N,00853.39280,E,1,12,0.9,3.2,M,44.7,M,,*41
33615 1627984684 0 3 2.55 0.00
33616 1627984684 0 4 2.53 1.41
33617 1627984684 0 5 0.02
33618 1627984685 0 6 0.06
33619 1627984685 0 8 4.98 12.29 11.89
33620 1627984685 0 1 2.467
33621 1627984685 0 0 26.16 8.28 169.3 61.33 103.6 6.43 172.4 16.9 191.1 2.74 41.19 14.2
33622 1627984685 0 7 $GNGGA,095804.000,4424.16096,N,00853.39308,E,1,12,0.9,2.9,M,44.7,M,,*45
33623 1627984686 0 7 $GNGGA,095805.000,4424.16037,N,00853.39321,E,1,12,0.9,3.1,M,44.7,M,,*4D
33624 1627984687 0 7 $GNGGA,095806.000,4424.15979,N,00853.39346,E,1,12,0.9,3.3,M,44.7,M,,*4D
33625 1627984687 0 3 2.55 0.00
33626 1627984687 0 4 2.53 1.41
33627 1627984687 0 5 0.02
33628 1627984687 0 6 0.05
33629 1627984688 0 1 2.581
33630 1627984688 0 8 4.98 12.29 11.89
33631 1627984688 0 0 26.17 8.28 169.3 61.32 103.6 6.44 172.4 16.9 190.8 2.72 41.18 14.2
33632 1627984688 0 7 $GNGGA,095807.000,4424.15907,N,00853.39390,E,1,12,0.9,3.1,M,44.7,M,,*4C
33633 1627984689 0 7 $GNGGA,095808.000,4424.15822,N,00853.39435,E,1,12,0.9,3.2,M,44.7,M,,*4E
33634 1627984690 0 7 $GNGGA,095809.000,4424.15732,N,00853.39488,E,1,12,0.9,3.4,M,44.7,M,,*41
33635 1627984690 0 3 2.55 0.00
33636 1627984690 0 4 2.53 1.41
33637 1627984690 0 5 0.03
33638 1627984690 0 6 0.05
33639 1627984691 0 8 4.98 12.29 11.89
33640 1627984691 0 1 2.606
33641 1627984691 0 0 26.17 8.28 169.3 61.34 103.6 6.43 172.5 16.9 190.9 2.69 41.20 14.2
33642 1627984691 0 7 $GNGGA,095810.000,4424.15637,N,00853.39543,E,1,12,0.9,3.5,M,44.7,M,,*4A
33643 1627984692 0 7 $GNGGA,095811.000,4424.15570,N,00853.39591,E,1,12,0.9,3.6,M,44.7,M,,*47
33644 1627984693 0 7 $GNGGA,095812.000,4424.15525,N,00853.39654,E,1,12,0.9,3.7,M,44.7,M,,*4F
33645 1627984693 0 3 2.55 0.00
33646 1627984693 0 4 2.53 1.41
33647 1627984693 0 5 0.03
33648 1627984693 0 6 0.06
33649 1627984694 0 1 2.562
33650 1627984694 0 8 4.98 12.31 11.89
33651 1627984694 0 0 26.17 8.28 169.3 61.29 103.6 6.43 172.4 16.9 190.7 2.67 41.16 14.2
33652 1627984694 0 7 $GNGGA,095813.000,4424.15488,N,00853.39710,E,1,12,0.9,3.6,M,44.7,M,,*48
33653 1627984695 0 7 $GNGGA,095814.000,4424.15456,N,00853.39755,E,1,12,0.9,3.6,M,44.7,M,,*4D
33654 1627984696 0 7 $GNGGA,095815.000,4424.15432,N,00853.39810,E,1,12,0.9,3.6,M,44.7,M,,*40
33655 1627984696 0 3 2.55 0.00
33656 1627984696 0 4 2.53 1.41
33657 1627984696 0 5 0.02
33658 1627984696 0 6 0.06
33659 1627984697 0 8 4.98 12.29 11.89
33660 1627984697 0 1 2.703
33661 1627984697 0 0 26.17 8.28 169.2 61.33 103.6 6.43 172.4 16.9 190.6 2.70 41.19 14.2
33662 1627984697 0 7 $GNGGA,095816.000,4424.15397,N,00853.39848,E,1,12,0.9,3.4,M,44.7,M,,*44
33663 1627984698 0 7 $GNGGA,095817.000,4424.15340,N,00853.39890,E,1,12,0.9,3.4,M,44.7,M,,*4A
33664 1627984699 0 7 $GNGGA,095818.000,4424.15295,N,00853.39940,E,1,12,0.9,3.2,M,44.7,M,,*46
33665 1627984699 0 3 2.55 0.00
33666 1627984699 0 4 2.53 1.41
33667 1627984699 0 5 0.03
33668 1627984699 0 6 0.05
33669 1627984700 0 1 2.772
33670 1627984700 0 8 4.98 12.32 11.89
33671 1627984700 0 0 26.17 8.28 169.2 61.27 103.6 6.43 172.5 16.9 190.8 2.74 41.14 14.2
33672 1627984700 0 7 $GNGGA,095819.000,4424.15258,N,00853.39999,E,1,12,0.9,2.7,M,44.7,M,,*46
33673 1627984701 0 7 $GNGGA,095820.000,4424.15199,N,00853.40053,E,1,12,0.9,2.5,M,44.7,M,,*41
33674 1627984702 0 7 $GNGGA,095821.000,4424.15133,N,00853.40104,E,1,12,0.9,2.5,M,44.7,M,,*43
33675 1627984702 0 3 2.55 0.00
33676 1627984702 0 4 2.53 1.41
33677 1627984702 0 5 0.02
33678 1627984702 0 6 0.05
33679 1627984702 0 8 4.98 12.29 11.89
33680 1627984702 0 1 2.654
33681 1627984703 0 0 26.17 8.28 169.2 61.29 103.6 6.43 172.4 16.9 190.5 2.74 41.16 14.2
33682 1627984703 0 7 $GNGGA,095822.000,4424.15087,N,00853.40149,E,1,12,0.9,2.5,M,44.7,M,,*47
33683 1627984704 0 7 $GNGGA,095823.000,4424.15062,N,00853.40187,E,1,12,0.9,2.3,M,44.7,M,,*49
33684 1627984705 0 7 $GNGGA,095824.000,4424.15026,N,00853.40220,E,1,12,0.9,2.1,M,44.7,M,,*42
33685 1627984705 0 3 2.55 0.00
33686 1627984705 0 4 2.53 1.41
33687 1627984705 0 5 0.03
33688 1627984705 0 6 0.05
33689 1627984705 0 1 3.226
33690 1627984706 0 8 4.98 12.32 11.89
33691 1627984706 0 0 26.17 8.28 169.2 61.32 103.5 6.43 172.4 16.9 190.9 2.72 41.18 14.2
33692 1627984706 0 7 $GNGGA,095825.000,4424.14986,N,00853.40264,E,1,12,0.9,1.9,M,44.7,M,,*4A
33693 1627984707 0 7 $GNGGA,095826.000,4424.14958,N,00853.40301,E,1,12,0.9,1.4,M,44.7,M,,*45
33694 1627984708 0 7 $GNGGA,095827.000,4424.14917,N,00853.40338,E,1,12,0.9,1.2,M,44.7,M,,*43
33695 1627984708 0 3 2.55 0.00
33696 1627984708 0 4 2.53 1.41
33697 1627984708 0 5 0.03
33698 1627984708 0 6 0.05
33699 1627984708 0 8 4.98 12.32 11.89
33700 1627984708 0 0 26.17 8.28 169.2 61.25 103.5 6.43 172.5 16.9 190.5 2.72 41.12 14.1
33701 1627984709 0 7 $GNGGA,095828.000,4424.14883,N,00853.40370,E,1,12,0.9,0.8,M,44.7,M,,*47
33702 1627984710 0 7 $GNGGA,095829.000,4424.14858,N,00853.40399,E,1,12,0.9,0.5,M,44.7,M,,*4A
33703 1627984711 0 7 $GNGGA,095830.000,4424.14835,N,00853.40429,E,1,12,0.9,0.1,M,44.7,M,,*41
33704 1627984711 0 3 2.55 0.00
33705 1627984711 0 4 2.53 1.40
33706 1627984711 0 5 0.03
33707 1627984711 0 6 0.06
33708 1627984711 0 8 4.98 12.16 11.87
33709 1627984712 0 0 26.17 8.28 169.2 61.26 103.5 6.43 172.4 16.9 190.8 2.73 41.14 14.2
33710 1627984712 0 7 $GNGGA,095831.000,4424.14809,N,00853.40445,E,1,12,0.9,-0.5,M,44.7,M,,*6C
33711 1627984713 0 7 $GNGGA,095832.000,4424.14787,N,00853.40465,E,1,12,0.9,-1.1,M,44.7,M,,*61
33712 1627984714 0 7 $GNGGA,095833.000,4424.14748,N,00853.40485,E,1,12,0.9,-1.5,M,44.7,M,,*69
33713 1627984714 0 3 2.55 0.00
33714 1627984714 0 4 2.53 1.40
33715 1627984714 0 5 0.02
33716 1627984714 0 6 0.06
33717 1627984714 0 8 4.98 12.32 11.89
33718 1627984714 0 0 26.17 8.28 169.2 61.21 103.5 6.43 172.6 16.9 190.7 2.75 41.10 14.2
33719 1627984715 0 7 $GNGGA,095834.000,4424.14714,N,00853.40509,E,1,12,0.9,-1.7,M,44.7,M,,*60
33720 1627984716 0 7 $GNGGA,095835.000,4424.14688,N,00853.40541,E,1,12,0.9,-2.0,M,44.7,M,,*6D
33721 1627984717 0 7 $GNGGA,095836.000,4424.14653,N,00853.40582,E,1,12,0.9,-2.1,M,44.7,M,,*66
33722 1627984717 0 3 2.55 0.00
33723 1627984717 0 4 2.53 1.40
33724 1627984717 0 5 0.03
33725 1627984717 0 6 0.05
33726 1627984717 0 8 4.98 12.34 11.89
33727 1627984718 0 0 26.16 8.28 169.2 61.30 103.5 6.43 172.6 16.9 190.9 2.73 41.16 14.2
33728 1627984718 0 7 $GNGGA,095837.000,4424.14607,N,00853.40627,E,1,12,0.9,-1.9,M,44.7,M,,*61
33729 1627984718 0 1 2.819
33730 1627984719 0 7 $GNGGA,095838.000,4424.14558,N,00853.40666,E,1,12,0.9,-1.8,M,44.7,M,,*63
33731 1627984720 0 7 $GNGGA,095839.000,4424.14497,N,00853.40699,E,1,12,0.9,-1.5,M,44.7,M,,*6D
33732 1627984720 0 3 2.55 0.00
33733 1627984720 0 4 2.53 1.40
33734 1627984720 0 5 0.02
33735 1627984720 0 6 0.06
33736 1627984720 0 8 4.97 12.14 11.89
33737 1627984720 0 1 2.725
33738 1627984721 0 0 26.16 8.28 169.1 61.34 103.5 6.42 172.5 16.9 190.7 2.71 41.19 14.2
33739 1627984721 0 7 $GNGGA,095840.000,4424.14455,N,00853.40726,E,1,12,0.9,-1.4,M,44.7,M,,*69
33740 1627984722 0 7 $GNGGA,095841.000,4424.14413,N,00853.40753,E,1,12,0.9,-1.4,M,44.7,M,,*68
33741 1627984723 0 7 $GNGGA,095842.000,4424.14374,N,00853.40777,E,1,12,0.9,-1.6,M,44.7,M,,*69
33742 1627984723 0 3 2.55 0.00
33743 1627984723 0 4 2.53 1.40
33744 1627984723 0 5 0.02
33745 1627984723 0 6 0.06
33746 1627984723 0 1 2.588
33747 1627984724 0 8 4.98 12.32 11.89
33748 1627984724 0 0 26.16 8.28 169.1 61.37 103.5 6.42 172.6 16.9 191.0 2.74 41.22 14.2
33749 1627984724 0 7 $GNGGA,095843.000,4424.14332,N,00853.40822,E,1,12,0.9,-1.8,M,44.7,M,,*6B
33750 1627984725 0 7 $GNGGA,095844.000,4424.14268,N,00853.40869,E,1,12,0.9,-1.9,M,44.7,M,,*6C
33751 1627984726 0 7 $GNGGA,095845.000,4424.14179,N,00853.40910,E,1,12,0.9,-2.0,M,44.7,M,,*6B
33752 1627984726 0 3 2.55 0.00
33753 1627984726 0 4 2.53 1.40
33754 1627984726 0 5 0.02
33755 1627984726 0 6 0.06
33756 1627984726 0 8 4.98 12.14 11.89
33757 1627984727 0 1 2.381
33758 1627984727 0 0 26.18 8.28 169.1 61.30 103.4 6.42 172.3 16.9 190.5 2.75 41.17 14.2
33759 1627984727 0 7 $GNGGA,095846.000,4424.14090,N,00853.40951,E,1,12,0.9,-2.0,M,44.7,M,,*6B
33760 1627984728 0 7 $GNGGA,095847.000,4424.14049,N,00853.40990,E,1,12,0.9,-1.7,M,44.7,M,,*67
33761 1627984729 0 7 $GNGGA,095848.000,4424.14024,N,00853.41018,E,1,12,0.9,-1.4,M,44.7,M,,*68
33762 1627984729 0 3 2.55 0.00
33763 1627984729 0 4 2.53 1.40
33764 1627984729 0 5 0.02
33765 1627984729 0 6 0.05
33766 1627984729 0 8 4.98 12.17 11.87
33767 1627984729 0 0 26.18 8.28 169.1 61.31 103.4 6.42 172.3 16.9 190.7 2.72 41.18 14.2
33768 1627984730 0 7 $GNGGA,095849.000,4424.13995,N,00853.41043,E,1,12,0.9,-1.0,M,44.7,M,,*67
33769 1627984731 0 7 $GNGGA,095850.000,4424.13982,N,00853.41072,E,1,12,0.9,-0.6,M,44.7,M,,*6C
33770 1627984732 0 7 $GNGGA,095851.000,4424.13963,N,00853.41104,E,1,12,0.9,-0.6,M,44.7,M,,*62
33771 1627984732 0 3 2.55 0.00
33772 1627984732 0 4 2.53 1.40
33773 1627984732 0 5 0.03
33774 1627984732 0 6 0.06
33775 1627984732 0 8 4.98 12.31 11.89
33776 1627984732 0 0 26.17 8.28 169.1 61.32 103.4 6.42 172.5 16.9 190.9 2.72 41.18 14.2
33777 1627984733 0 7 $GNGGA,095852.000,4424.13933,N,00853.41129,E,1,12,0.9,-0.7,M,44.7,M,,*6A
33778 1627984734 0 7 $GNGGA,095853.000,4424.13895,N,00853.41162,E,1,12,0.9,-0.4,M,44.7,M,,*6A
33779 1627984735 0 7 $GNGGA,095854.000,4424.13844,N,00853.41200,E,1,12,0.9,-0.2,M,44.7,M,,*60
33780 1627984735 0 3 2.55 0.00
33781 1627984735 0 4 2.53 1.41
33782 1627984735 0 5 0.02
33783 1627984735 0 6 0.06
33784 1627984735 0 8 4.98 12.31 11.87
33785 1627984736 0 0 26.16 8.28 169.1 61.24 103.4 6.42 172.7 16.9 191.1 2.73 41.12 14.2
33786 1627984736 0 7 $GNGGA,095855.000,4424.13778,N,00853.41236,E,1,12,0.9,0.1,M,44.7,M,,*4A
33787 1627984737 0 7 $GNGGA,095856.000,4424.13728,N,00853.41271,E,1,12,0.9,0.3,M,44.7,M,,*4D
33788 1627984738 0 7 $GNGGA,095857.000,4424.13702,N,00853.41298,E,1,12,0.9,0.4,M,44.7,M,,*44
33789 1627984738 0 3 2.55 0.00
33790 1627984738 0 4 2.53 1.41
33791 1627984738 0 5 0.02
33792 1627984738 0 6 0.05
33793 1627984738 0 8 4.98 12.35 11.89
33794 1627984739 0 0 26.16 8.28 169.1 61.29 103.4 6.43 172.7 16.9 190.8 2.73 41.16 14.2
33795 1627984739 0 7 $GNGGA,095858.000,4424.13661,N,00853.41322,E,1,12,0.9,0.6,M,44.7,M,,*4D
33796 1627984739 0 1 2.489
33797 1627984740 0 7 $GNGGA,095859.000,4424.13590,N,00853.41350,E,1,12,0.9,1.0,M,44.7,M,,*43
33798 1627984741 0 7 $GNGGA,095900.000,4424.13518,N,00853.41370,E,1,12,0.9,1.5,M,44.7,M,,*49
33799 1627984741 0 3 2.55 0.00
33800 1627984741 0 4 2.53 1.41
33801 1627984741 0 5 0.03
33802 1627984741 0 6 0.06
33803 1627984741 0 8 4.98 12.29 11.89
33804 1627984741 0 1 2.421
33805 1627984742 0 0 26.17 8.28 169.0 61.22 103.4 6.43 172.3 16.9 190.8 2.71 41.10 14.2
33806 1627984742 0 7 $GNGGA,095901.000,4424.13473,N,00853.41394,E,1,12,0.9,2.0,M,44.7,M,,*48
33807 1627984743 0 7 $GNGGA,095902.000,4424.13437,N,00853.41442,E,1,12,0.9,2.7,M,44.7,M,,*40
33808 1627984744 0 7 $GNGGA,095903.000,4424.13418,N,00853.41501,E,1,12,0.9,2.9,M,44.7,M,,*44
33809 1627984744 0 3 2.55 0.00
33810 1627984744 0 4 2.53 1.41
33811 1627984744 0 5 0.02
33812 1627984744 0 6 0.06
33813 1627984744 0 1 2.452
33814 1627984745 0 8 4.98 12.31 11.89
33815 1627984745 0 0 26.16 8.28 169.1 61.34 103.4 6.42 172.5 16.9 190.9 2.72 41.20 14.2
33816 1627984745 0 7 $GNGGA,095904.000,4424.13389,N,00853.41540,E,1,12,0.9,2.8,M,44.7,M,,*48
33817 1627984746 0 7 $GNGGA,095905.000,4424.13355,N,00853.41584,E,1,12,0.9,2.7,M,44.7,M,,*4F
33818 1627984747 0 7 $GNGGA,095906.000,4424.13326,N,00853.41630,E,1,12,0.9,2.5,M,44.7,M,,*46
33819 1627984747 0 3 2.55 0.00
33820 1627984747 0 4 2.53 1.41
33821 1627984747 0 5 0.02
33822 1627984747 0 6 0.06
33823 1627984747 0 8 4.98 12.29 11.89
33824 1627984747 0 1 2.622
33825 1627984748 0 0 26.16 8.28 169.0 61.23 103.4 6.43 172.8 16.9 191.5 2.76 41.11 14.2
33826 1627984748 0 7 $GNGGA,095907.000,4424.13295,N,00853.41678,E,1,12,0.9,2.5,M,44.7,M,,*42
33827 1627984749 0 7 $GNGGA,095908.000,4424.13257,N,00853.41715,E,1,12,0.9,2.6,M,44.7,M,,*4A
33828 1627984750 0 7 $GNGGA,095909.000,4424.13227,N,00853.41746,E,1,12,0.9,2.4,M,44.7,M,,*48
33829 1627984750 0 3 2.55 0.00
33830 1627984750 0 4 2.53 1.41
33831 1627984750 0 5 0.02
33832 1627984750 0 6 0.06
33833 1627984750 0 1 3.051
33834 1627984751 0 8 4.98 12.32 11.89
33835 1627984751 0 0 26.16 8.28 169.0 61.23 103.4 6.43 172.6 16.9 190.8 2.79 41.12 14.2
33836 1627984751 0 7 $GNGGA,095910.000,4424.13183,N,00853.41769,E,1,12,0.9,2.3,M,44.7,M,,*47
33837 1627984752 0 7 $GNGGA,095911.000,4424.13143,N,00853.41787,E,1,12,0.9,2.1,M,44.7,M,,*48
33838 1627984753 0 7 $GNGGA,095912.000,4424.13111,N,00853.41804,E,1,12,0.9,2.0,M,44.7,M,,*49
33839 1627984753 0 3 2.55 0.00
33840 1627984753 0 4 2.53 1.41
33841 1627984753 0 5 0.02
33842 1627984753 0 6 0.05
33843 1627984753 0 1 2.653
33844 1627984754 0 8 4.98 12.29 11.89
33845 1627984754 0 0 26.16 8.28 169.1 61.28 103.4 6.42 172.5 16.9 190.9 2.79 41.15 14.2
33846 1627984754 0 7 $GNGGA,095913.000,4424.13062,N,00853.41805,E,1,12,0.9,2.1,M,44.7,M,,*4D
33847 1627984755 0 7 $GNGGA,095914.000,4424.13024,N,00853.41801,E,1,12,0.9,2.1,M,44.7,M,,*4C
33848 1627984756 0 7 $GNGGA,095915.000,4424.12992,N,00853.41834,E,1,12,0.9,2.0,M,44.7,M,,*4F
33849 1627984756 0 3 2.55 0.00
33850 1627984756 0 4 2.53 1.41
33851 1627984756 0 5 0.02
33852 1627984756 0 6 0.06
33853 1627984756 0 8 4.98 12.29 11.89
33854 1627984757 0 1 2.503
33855 1627984757 0 0 26.16 8.28 169.0 61.25 103.4 6.42 172.4 16.9 190.9 2.78 41.13 14.1
33856 1627984757 0 7 $GNGGA,095916.000,4424.12952,N,00853.41880,E,1,12,0.9,2.1,M,44.7,M,,*4E
33857 1627984758 0 7 $GNGGA,095917.000,4424.12902,N,00853.41958,E,1,12,0.9,2.0,M,44.7,M,,*4F
33858 1627984759 0 7 $GNGGA,095918.000,4424.12857,N,00853.42067,E,1,12,0.9,2.4,M,44.7,M,,*43
33859 1627984759 0 3 2.55 0.00
33860 1627984759 0 4 2.53 1.42
33861 1627984759 0 5 0.02
33862 1627984759 0 6 0.06
33863 1627984759 0 1 2.511
33864 1627984760 0 8 4.98 12.29 11.89
33865 1627984760 0 0 26.17 8.28 169.0 61.30 103.4 6.42 172.5 16.9 190.6 2.79 41.16 14.2
33866 1627984760 0 7 $GNGGA,095919.000,4424.12829,N,00853.42143,E,1,12,0.9,2.9,M,44.7,M,,*41
33867 1627984761 0 7 $GNGGA,095920.000,4424.12823,N,00853.42174,E,1,12,0.9,3.0,M,44.7,M,,*4D
33868 1627984762 0 7 $GNGGA,095921.000,4424.12813,N,00853.42206,E,1,12,0.9,2.8,M,44.7,M,,*40
33869 1627984762 0 3 2.55 0.00
33870 1627984762 0 4 2.53 1.42
33871 1627984762 0 5 0.02
33872 1627984762 0 6 0.06
33873 1627984762 0 8 4.98 12.29 11.89
33874 1627984762 0 1 2.603
33875 1627984763 0 0 26.17 8.28 169.0 61.27 103.4 6.42 172.5 16.9 190.8 2.81 41.14 14.1
33876 1627984763 0 7 $GNGGA,095922.000,4424.12784,N,00853.42273,E,1,12,0.9,3.3,M,44.7,M,,*4A
33877 1627984764 0 7 $GNGGA,095923.000,4424.12760,N,00853.42347,E,1,12,0.9,3.6,M,44.7,M,,*42
33878 1627984765 0 7 $GNGGA,095924.000,4424.12754,N,00853.42430,E,1,12,0.9,3.6,M,44.7,M,,*45
33879 1627984765 0 3 2.55 0.00
33880 1627984765 0 4 2.53 1.42
33881 1627984765 0 5 0.03
33882 1627984765 0 6 0.06
33883 1627984765 0 1 2.764
33884 1627984766 0 8 4.98 12.31 11.89
33885 1627984766 0 0 26.16 8.28 168.9 61.24 103.4 6.43 172.6 16.9 191.2 2.83 41.12 14.1
33886 1627984766 0 7 $GNGGA,095925.000,4424.12756,N,00853.42514,E,1,12,0.9,3.8,M,44.7,M,,*4F
33887 1627984767 0 7 $GNGGA,095926.000,4424.12751,N,00853.42599,E,1,12,0.9,3.9,M,44.7,M,,*4F
33888 1627984768 0 7 $GNGGA,095927.000,4424.12729,N,00853.42702,E,1,12,0.9,4.1,M,44.7,M,,*4E
33889 1627984768 0 3 2.55 0.00
33890 1627984768 0 4 2.53 1.41
33891 1627984768 0 5 0.03
33892 1627984768 0 6 0.06
33893 1627984768 0 8 4.98 12.29 11.89
33894 1627984768 0 1 2.905
33895 1627984769 0 0 26.16 8.28 169.0 61.25 103.4 6.42 172.6 16.9 191.1 2.83 41.13 14.1
33896 1627984769 0 7 $GNGGA,095928.000,4424.12699,N,00853.42790,E,1,12,0.9,4.1,M,44.7,M,,*40
33897 1627984770 0 7 $GNGGA,095929.000,4424.12677,N,00853.42865,E,1,12,0.9,4.2,M,44.7,M,,*47
33898 1627984770 0 2 0.04480000 2.62380003 1.16390001 0.02020000 2.63199996 0.00440000 0.04350000 0.19850001 1.00000000 90.47699737
33899 1627984771 0 7 $GNGGA,095930.000,4424.12686,N,00853.42883,E,1,12,0.9,4.1,M,44.7,M,,*4A
33900 1627984771 0 3 2.55 0.00
33901 1627984771 0 4 2.53 1.41
33902 1627984771 0 5 0.02
33903 1627984771 0 6 0.06
33904 1627984772 0 1 2.861
33905 1627984772 0 8 4.98 12.31 11.89
33906 1627984772 0 0 26.16 8.28 169.0 61.26 103.4 6.43 172.6 16.9 190.8 2.84 41.14 14.1
33907 1627984772 0 7 $GNGGA,095931.000,4424.12694,N,00853.42897,E,1,12,0.9,4.0,M,44.7,M,,*4C
33908 1627984773 0 7 $GNGGA,095932.000,4424.12703,N,00853.42918,E,1,12,0.9,3.9,M,44.7,M,,*48
33909 1627984774 0 7 $GNGGA,095933.000,4424.12700,N,00853.42990,E,1,12,0.9,4.1,M,44.7,M,,*45
33910 1627984774 0 3 2.55 0.00
33911 1627984774 0 4 2.53 1.42
33912 1627984774 0 5 0.02
33913 1627984774 0 6 0.06
33914 1627984774 0 8 4.98 12.29 11.89
33915 1627984775 0 1 2.629
33916 1627984775 0 0 26.16 8.28 169.0 61.35 103.4 6.42 172.5 16.9 191.1 2.83 41.20 14.2
33917 1627984775 0 7 $GNGGA,095934.000,4424.12689,N,00853.43064,E,1,12,0.9,4.3,M,44.7,M,,*43
33918 1627984776 0 7 $GNGGA,095935.000,4424.12679,N,00853.43138,E,1,12,0.9,4.4,M,44.7,M,,*42
33919 1627984777 0 7 $GNGGA,095936.000,4424.12676,N,00853.43201,E,1,12,0.9,4.6,M,44.7,M,,*45
33920 1627984777 0 3 2.55 0.00
33921 1627984777 0 4 2.53 1.42
33922 1627984777 0 5 0.02
33923 1627984777 0 6 0.06
33924 1627984777 0 1 3.315
33925 1627984778 0 8 4.98 12.32 11.89
33926 1627984778 0 0 26.16 8.28 168.9 61.34 103.4 6.42 172.6 16.9 190.8 2.81 41.20 14.1
33927 1627984778 0 7 $GNGGA,095937.000,4424.12680,N,00853.43244,E,1,12,0.9,4.6,M,44.7,M,,*4C
33928 1627984779 0 7 $GNGGA,095938.000,4424.12676,N,00853.43311,E,1,12,0.9,4.4,M,44.7,M,,*49
33929 1627984780 0 7 $GNGGA,095939.000,4424.12648,N,00853.43388,E,1,12,0.9,3.9,M,44.7,M,,*4F
33930 1627984780 0 3 2.55 0.00
33931 1627984780 0 4 2.53 1.43
33932 1627984780 0 5 0.02
33933 1627984780 0 6 0.06
33934 1627984780 0 1 2.749
33935 1627984781 0 8 4.98 12.28 11.89
33936 1627984781 0 0 26.16 8.28 169.0 61.33 103.3 6.42 172.6 16.9 191.0 2.78 41.19 14.2
33937 1627984781 0 7 $GNGGA,095940.000,4424.12612,N,00853.43458,E,1,12,0.9,3.3,M,44.7,M,,*4E
33938 1627984782 0 7 $GNGGA,095941.000,4424.12577,N,00853.43527,E,1,12,0.9,2.9,M,44.7,M,,*4D
33939 1627984783 0 7 $GNGGA,095942.000,4424.12553,N,00853.43591,E,1,12,0.9,2.7,M,44.7,M,,*4B
33940 1627984783 0 3 2.55 0.00
33941 1627984783 0 4 2.53 1.42
33942 1627984783 0 5 0.03
33943 1627984783 0 6 0.06
33944 1627984783 0 8 4.98 12.29 11.89
33945 1627984784 0 1 2.393
33946 1627984784 0 0 26.17 8.28 168.9 61.28 103.3 6.42 172.6 16.9 190.9 2.79 41.15 14.2
33947 1627984784 0 7 $GNGGA,095943.000,4424.12543,N,00853.43624,E,1,12,0.9,2.7,M,44.7,M,,*46
33948 1627984785 0 7 $GNGGA,095944.000,4424.12517,N,00853.43671,E,1,12,0.9,2.8,M,44.7,M,,*4F
33949 1627984786 0 7 $GNGGA,095945.000,4424.12486,N,00853.43746,E,1,12,0.9,2.9,M,44.7,M,,*43
33950 1627984786 0 3 2.55 0.00
33951 1627984786 0 4 2.53 1.42
33952 1627984786 0 5 0.02
33953 1627984786 0 6 0.06
33954 1627984786 0 1 2.442
33955 1627984787 0 8 4.98 12.29 11.89
33956 1627984787 0 0 26.17 8.28 168.9 61.37 103.3 6.41 172.5 16.9 190.9 2.81 41.22 14.2
33957 1627984787 0 7 $GNGGA,095946.000,4424.12460,N,00853.43825,E,1,12,0.9,3.1,M,44.7,M,,*4B
33958 1627984788 0 7 $GNGGA,095947.000,4424.12443,N,00853.43878,E,1,12,0.9,3.2,M,44.7,M,,*40
33959 1627984789 0 7 $GNGGA,095948.000,4424.12427,N,00853.43923,E,1,12,0.9,3.2,M,44.7,M,,*42
33960 1627984789 0 3 2.55 0.00
33961 1627984789 0 4 2.53 1.42
33962 1627984789 0 5 0.02
33963 1627984789 0 6 0.05
33964 1627984789 0 8 4.98 12.29 11.89
33965 1627984790 0 1 2.503
33966 1627984790 0 0 26.17 8.28 168.9 61.21 103.3 6.42 172.6 16.9 191.0 2.78 41.10 14.1
33967 1627984790 0 7 $GNGGA,095949.000,4424.12433,N,00853.43958,E,1,12,0.9,3.0,M,44.7,M,,*48
33968 1627984791 0 7 $GNGGA,095950.000,4424.12436,N,00853.44004,E,1,12,0.9,2.9,M,44.7,M,,*4A
33969 1627984792 0 7 $GNGGA,095951.000,4424.12434,N,00853.44069,E,1,12,0.9,2.8,M,44.7,M,,*43
33970 1627984792 0 3 2.55 0.00
33971 1627984792 0 4 2.53 1.42
33972 1627984792 0 5 0.02
33973 1627984792 0 6 0.05
33974 1627984792 0 1 2.464
33975 1627984793 0 8 4.98 12.32 11.89
33976 1627984793 0 0 26.17 8.28 168.9 61.27 103.3 6.42 172.5 16.9 191.0 2.76 41.14 14.2
33977 1627984793 0 7 $GNGGA,095952.000,4424.12419,N,00853.44142,E,1,12,0.9,2.6,M,44.7,M,,*49
33978 1627984794 0 7 $GNGGA,095953.000,4424.12387,N,00853.44204,E,1,12,0.9,2.4,M,44.7,M,,*4B
33979 1627984795 0 7 $GNGGA,095954.000,4424.12354,N,00853.44248,E,1,12,0.9,2.2,M,44.7,M,,*4C
33980 1627984795 0 3 2.55 0.00
33981 1627984795 0 4 2.53 1.42
33982 1627984795 0 5 0.02
33983 1627984795 0 6 0.06
33984 1627984795 0 8 4.98 12.29 11.89
33985 1627984796 0 1 2.716
33986 1627984796 0 0 26.17 8.28 168.9 61.32 103.4 6.42 172.8 16.9 191.2 2.76 41.18 14.3
33987 1627984796 0 7 $GNGGA,095955.000,4424.12319,N,00853.44284,E,1,12,0.9,2.2,M,44.7,M,,*44
33988 1627984797 0 7 $GNGGA,095956.000,4424.12284,N,00853.44339,E,1,12,0.9,1.9,M,44.7,M,,*4D
33989 1627984798 0 7 $GNGGA,095957.000,4424.12241,N,00853.44414,E,1,12,0.9,1.8,M,44.7,M,,*4C
33990 1627984798 0 3 2.55 0.00
33991 1627984798 0 4 2.53 1.43
33992 1627984798 0 5 0.03
33993 1627984798 0 6 0.06
33994 1627984799 0 1 2.583
33995 1627984799 0 8 4.98 12.32 11.89
33996 1627984799 0 0 26.17 8.28 169.0 61.29 103.3 6.42 172.5 16.9 190.9 2.77 41.16 14.2
33997 1627984799 0 7 $GNGGA,095958.000,4424.12196,N,00853.44482,E,1,12,0.9,2.0,M,44.7,M,,*4E
33998 1627984800 0 7 $GNGGA,095959.000,4424.12152,N,00853.44527,E,1,12,0.9,2.3,M,44.7,M,,*4A
33999 1627984801 0 7 $GNGGA,100000.000,4424.12106,N,00853.44572,E,1,12,0.9,2.5,M,44.7,M,,*45
34000 1627984801 0 3 2.55 0.00
34001 1627984801 0 4 2.53 1.42
34002 1627984801 0 5 0.03
34003 1627984801 0 6 0.06
34004 1627984801 0 8 4.97 12.29 11.89
34005 1627984802 0 1 2.375
34006 1627984802 0 0 26.18 8.28 168.9 61.29 103.3 6.41 172.5 16.9 190.8 2.78 41.16 14.1
34007 1627984802 0 7 $GNGGA,100001.000,4424.12071,N,00853.44618,E,1,12,0.9,2.4,M,44.7,M,,*4B
34008 1627984803 0 7 $GNGGA,100002.000,4424.12036,N,00853.44668,E,1,12,0.9,2.3,M,44.7,M,,*4B
34009 1627984804 0 7 $GNGGA,100003.000,4424.11993,N,00853.44723,E,1,12,0.9,2.3,M,44.7,M,,*41
34010 1627984804 0 3 2.55 0.00
34011 1627984804 0 4 2.53 1.42
34012 1627984804 0 5 0.03
34013 1627984804 0 6 0.05
34014 1627984804 0 1 2.800
34015 1627984805 0 8 4.98 12.32 11.89
34016 1627984805 0 0 26.18 8.28 168.9 61.30 103.3 6.42 172.6 16.9 190.9 2.78 41.16 14.2
34017 1627984805 0 7 $GNGGA,100004.000,4424.11952,N,00853.44802,E,1,12,0.9,2.4,M,44.7,M,,*40
34018 1627984806 0 7 $GNGGA,100005.000,4424.11912,N,00853.44891,E,1,12,0.9,2.4,M,44.7,M,,*4F
34019 1627984807 0 7 $GNGGA,100006.000,4424.11894,N,00853.44947,E,1,12,0.9,2.2,M,44.7,M,,*4F
34020 1627984807 0 3 2.55 0.00
34021 1627984807 0 4 2.53 1.42
34022 1627984807 0 5 0.02
34023 1627984807 0 6 0.05
34024 1627984807 0 1 2.617
34025 1627984808 0 8 4.98 12.29 11.89
34026 1627984808 0 0 26.17 8.28 168.9 61.25 103.3 6.42 172.7 16.9 191.0 2.75 41.13 14.2
34027 1627984808 0 7 $GNGGA,100007.000,4424.11876,N,00853.44984,E,1,12,0.9,1.7,M,44.7,M,,*4B
34028 1627984809 0 7 $GNGGA,100008.000,4424.11844,N,00853.45044,E,1,12,0.9,1.1,M,44.7,M,,*47
34030 1627984810 0 3 2.55 0.00
34031 1627984810 0 4 2.53 1.42
34033 1627984810 0 6 0.13
34036 1627984811 0 0 26.17 8.28 168.9 61.26 103.3 6.42 172.5 16.9 191.3 2.72 41.14 14.2
34037 1627984811 0 7 $GNGGA,100010.000,4424.11786,N,00853.45172,E,1,12,0.9,0.0,M,44.7,M,,*4B
34038 1627984812 0 7 $GNGGA,100011.000,4424.11749,N,00853.45231,E,1,12,0.9,0.1,M,44.7,M,,*4C
34039 1627984813 0 7 $GNGGA,100012.000,4424.11714,N,00853.45277,E,1,12,0.9,0.2,M,44.7,M,,*46
34040 1627984813 0 3 2.55 0.00
34041 1627984813 0 4 2.53 1.42
34042 1627984813 0 5 0.03
34043 1627984813 0 6 0.12
34044 1627984813 0 1 2.473
34045 1627984814 0 8 4.98 12.29 11.89
34046 1627984814 0 0 26.17 8.28 168.8 61.31 103.3 6.41 172.6 16.9 190.8 2.70 41.17 14.2
34047 1627984814 0 7 $GNGGA,100013.000,4424.11688,N,00853.45319,E,1,12,0.9,0.4,M,44.7,M,,*4C
34048 1627984815 0 7 $GNGGA,100014.000,4424.11669,N,00853.45357,E,1,12,0.9,0.1,M,44.7,M,,*4B
34049 1627984816 0 7 $GNGGA,100015.000,4424.11648,N,00853.45401,E,1,12,0.9,-0.4,M,44.7,M,,*65
34050 1627984816 0 3 2.55 0.00
34051 1627984816 0 4 2.53 1.42
34052 1627984816 0 5 0.02
34053 1627984816 0 6 0.13
34054 1627984816 0 8 4.98 12.29 11.89
34055 1627984817 0 1 2.475
34056 1627984817 0 0 26.17 8.28 168.9 61.30 103.3 6.42 172.5 16.9 191.5 2.73 41.17 14.2
34057 1627984817 0 7 $GNGGA,100016.000,4424.11627,N,00853.45446,E,1,12,0.9,-0.9,M,44.7,M,,*61
34058 1627984818 0 7 $GNGGA,100017.000,4424.11603,N,00853.45498,E,1,12,0.9,-0.9,M,44.7,M,,*65
34059 1627984819 0 7 $GNGGA,100018.000,4424.11572,N,00853.45564,E,1,12,0.9,-1.1,M,44.7,M,,*64
34060 1627984819 0 3 2.55 0.00
34061 1627984819 0 4 2.53 1.42
34062 1627984819 0 5 0.03
34063 1627984819 0 6 0.13
34064 1627984820 0 1 2.458
34065 1627984820 0 8 4.98 12.31 11.91
34066 1627984820 0 0 26.17 8.28 168.9 61.32 103.3 6.41 172.6 16.9 191.3 2.74 41.18 14.2
34067 1627984820 0 7 $GNGGA,100019.000,4424.11559,N,00853.45637,E,1,12,0.9,-1.3,M,44.7,M,,*6B
34068 1627984821 0 7 $GNGGA,100020.000,4424.11552,N,00853.45693,E,1,12,0.9,-1.6,M,44.7,M,,*61
34069 1627984822 0 7 $GNGGA,100021.000,4424.11551,N,00853.45744,E,1,12,0.9,-2.1,M,44.7,M,,*6C
34070 1627984822 0 3 2.55 0.00
34072 1627984822 0 5 0.03
34073 1627984822 0 6 0.13
34074 1627984822 0 8 4.98 12.29 11.87
34075 1627984822 0 1 2.451
34076 1627984823 0 0 26.18 8.28 168.8 61.26 103.3 6.42 172.5 16.9 191.0 2.72 41.13 14.2
34077 1627984823 0 7 $GNGGA,100022.000,4424.11545,N,00853.45800,E,1,12,0.9,-2.6,M,44.7,M,,*62
34078 1627984824 0 7 $GNGGA,100023.000,4424.11535,N,00853.45859,E,1,12,0.9,-3.0,M,44.7,M,,*6F
34079 1627984825 0 7 $GNGGA,100024.000,4424.11508,N,00853.45915,E,1,12,0.9,-3.2,M,44.7,M,,*6D
34080 1627984825 0 3 2.55 0.00
34081 1627984825 0 4 2.53 1.42
34082 1627984825 0 5 0.03
34083 1627984825 0 6 0.14
34084 1627984825 0 1 2.302
34085 1627984826 0 8 4.98 12.32 11.89
34086 1627984826 0 0 26.18 8.28 168.8 61.29 103.2 6.41 172.5 16.9 191.2 2.72 41.16 14.2
34087 1627984826 0 7 $GNGGA,100025.000,4424.11474,N,00853.45970,E,1,12,0.9,-3.3,M,44.7,M,,*64
34088 1627984827 0 7 $GNGGA,100026.000,4424.11434,N,00853.46016,E,1,12,0.9,-3.4,M,44.7,M,,*6E
34089 1627984828 0 7 $GNGGA,100027.000,4424.11386,N,00853.46062,E,1,12,0.9,-3.6,M,44.7,M,,*60
34090 1627984828 0 3 2.55 0.00
34091 1627984828 0 4 2.53 1.42
34092 1627984828 0 5 0.03
34093 1627984828 0 6 0.14
34094 1627984828 0 8 4.98 12.29 11.89
34095 1627984829 0 1 2.430
34096 1627984829 0 0 26.17 8.28 168.8 61.31 103.3 6.41 172.6 16.9 191.1 2.73 41.17 14.2
34097 1627984829 0 7 $GNGGA,100028.000,4424.11372,N,00853.46114,E,1,12,0.9,-4.1,M,44.7,M,,*64
34098 1627984830 0 7 $GNGGA,100029.000,4424.11374,N,00853.46160,E,1,12,0.9,-4.6,M,44.7,M,,*67
34099 1627984831 0 7 $GNGGA,100030.000,4424.11353,N,00853.46198,E,1,12,0.9,-4.9,M,44.7,M,,*62
34100 1627984831 0 3 2.55 0.00
34101 1627984831 0 4 2.53 1.42
34102 1627984831 0 5 0.02
34103 1627984831 0 6 0.14
34104 1627984831 0 1 3.001
34105 1627984832 0 8 4.98 12.17 11.87
34106 1627984832 0 0 26.18 8.28 168.8 61.28 103.2 6.41 172.6 16.9 191.2 2.73 41.15 14.2
34107 1627984832 0 7 $GNGGA,100031.000,4424.11340,N,00853.46241,E,1,12,0.9,-5.6,M,44.7,M,,*68
34108 1627984833 0 7 $GNGGA,100032.000,4424.11313,N,00853.46291,E,1,12,0.9,-5.7,M,44.7,M,,*61
34109 1627984834 0 7 $GNGGA,100033.000,4424.11279,N,00853.46347,E,1,12,0.9,-5.8,M,44.7,M,,*68
34110 1627984834 0 3 2.55 0.00
34111 1627984834 0 4 2.53 1.42
34112 1627984834 0 5 0.02
34113 1627984834 0 6 0.13
34114 1627984834 0 1 2.431
34115 1627984835 0 8 4.98 12.29 11.89
34116 1627984835 0 0 26.17 8.28 168.8 61.27 103.2 6.41 172.7 16.9 191.2 2.72 41.14 14.2
34117 1627984835 0 7 $GNGGA,100034.000,4424.11240,N,00853.46403,E,1,12,0.9,-6.0,M,44.7,M,,*69
34118 1627984836 0 7 $GNGGA,100035.000,4424.11195,N,00853.46458,E,1,12,0.9,-6.3,M,44.7,M,,*6E
34119 1627984837 0 7 $GNGGA,100036.000,4424.11155,N,00853.46516,E,1,12,0.9,-6.6,M,44.7,M,,*6F
34120 1627984837 0 3 2.55 0.00
34121 1627984837 0 4 2.53 1.42
34122 1627984837 0 5 0.02
34123 1627984837 0 6 0.06
34124 1627984837 0 8 4.98 12.29 11.89
34125 1627984838 0 1 2.268
34126 1627984838 0 0 26.18 8.28 168.8 61.21 103.3 6.41 172.6 16.9 191.1 2.70 41.10 14.2
34127 1627984838 0 7 $GNGGA,100037.000,4424.11131,N,00853.46569,E,1,12,0.9,-6.8,M,44.7,M,,*6A
34128 1627984839 0 7 $GNGGA,100038.000,4424.11102,N,00853.46621,E,1,12,0.9,-7.1,M,44.7,M,,*62
34129 1627984840 0 7 $GNGGA,100039.000,4424.11061,N,00853.46679,E,1,12,0.9,-7.1,M,44.7,M,,*6A
34130 1627984840 0 3 2.55 0.00
34131 1627984840 0 4 2.53 1.42
34132 1627984840 0 5 0.02
34133 1627984840 0 6 0.06
34134 1627984841 0 1 2.121
34135 1627984841 0 8 4.98 12.14 11.89
34136 1627984841 0 0 26.18 8.28 168.7 61.19 103.2 6.41 172.6 16.9 191.2 2.71 41.08 14.2
34137 1627984841 0 7 $GNGGA,100040.000,4424.11029,N,00853.46737,E,1,12,0.9,-7.0,M,44.7,M,,*62
34138 1627984842 0 7 $GNGGA,100041.000,4424.10999,N,00853.46788,E,1,12,0.9,-6.9,M,44.7,M,,*6C
34139 1627984843 0 7 $GNGGA,100042.000,4424.10969,N,00853.46830,E,1,12,0.9,-7.0,M,44.7,M,,*64
34140 1627984843 0 3 2.55 0.00
34141 1627984843 0 4 2.53 1.41
34142 1627984843 0 5 0.02
34143 1627984843 0 6 0.05
34144 1627984843 0 8 4.98 12.29 11.89
34145 1627984844 0 1 2.072
34146 1627984844 0 0 26.18 8.28 168.7 61.23 103.3 6.41 172.5 16.9 191.1 2.72 41.11 14.2
34147 1627984844 0 7 $GNGGA,100043.000,4424.10948,N,00853.46877,E,1,12,0.9,-6.9,M,44.7,M,,*6D
34148 1627984845 0 7 $GNGGA,100044.000,4424.10926,N,00853.46923,E,1,12,0.9,-6.6,M,44.7,M,,*6D
34149 1627984846 0 7 $GNGGA,100045.000,4424.10881,N,00853.46970,E,1,12,0.9,-6.1,M,44.7,M,,*61
34150 1627984846 0 3 2.55 0.00
34151 1627984846 0 4 2.53 1.41
34152 1627984846 0 5 0.03
34153 1627984846 0 6 0.06
34154 1627984846 0 1 1.965
34155 1627984847 0 8 4.98 12.17 11.89
34156 1627984847 0 0 26.19 8.28 168.7 61.30 103.3 6.41 172.7 16.9 191.3 2.68 41.16 14.2
34157 1627984847 0 7 $GNGGA,100046.000,4424.10830,N,00853.47021,E,1,12,0.9,-5.6,M,44.7,M,,*60
34158 1627984848 0 7 $GNGGA,100047.000,4424.10788,N,00853.47075,E,1,12,0.9,-5.3,M,44.7,M,,*69
34159 1627984849 0 7 $GNGGA,100048.000,4424.10746,N,00853.47134,E,1,12,0.9,-5.3,M,44.7,M,,*60
34160 1627984849 0 3 2.55 0.00
34161 1627984849 0 4 2.53 1.41
34162 1627984849 0 5 0.02
34163 1627984849 0 6 0.05
34164 1627984849 0 8 4.98 12.15 11.87
34165 1627984850 0 1 2.120
34166 1627984850 0 0 26.19 8.28 168.8 61.25 103.3 6.41 172.5 16.9 191.4 2.67 41.12 14.2
34167 1627984850 0 7 $GNGGA,100049.000,4424.10703,N,00853.47192,E,1,12,0.9,-5.4,M,44.7,M,,*6B
34168 1627984851 0 7 $GNGGA,100050.000,4424.10666,N,00853.47241,E,1,12,0.9,-5.6,M,44.7,M,,*6E
34169 1627984852 0 7 $GNGGA,100051.000,4424.10636,N,00853.47280,E,1,12,0.9,-5.7,M,44.7,M,,*66
34170 1627984852 0 3 2.55 0.00
34171 1627984852 0 4 2.53 1.41
34172 1627984852 0 5 0.03
34173 1627984852 0 6 0.06
34174 1627984852 0 1 2.176
34175 1627984853 0 8 4.98 12.30 11.89
34176 1627984853 0 0 26.19 8.28 168.7 61.26 103.3 6.41 172.6 16.9 191.4 2.68 41.13 14.2
34177 1627984853 0 7 $GNGGA,100052.000,4424.10608,N,00853.47324,E,1,12,0.9,-5.6,M,44.7,M,,*66
34178 1627984854 0 7 $GNGGA,100053.000,4424.10566,N,00853.47377,E,1,12,0.9,-5.3,M,44.7,M,,*6F
34179 1627984855 0 7 $GNGGA,100054.000,4424.10517,N,00853.47434,E,1,12,0.9,-5.1,M,44.7,M,,*6C
34180 1627984855 0 3 2.55 0.00
34181 1627984855 0 4 2.53 1.42
34182 1627984855 0 5 0.03
34183 1627984855 0 6 0.06
34184 1627984855 0 8 4.98 12.29 11.89
34185 1627984856 0 1 2.133
34186 1627984856 0 0 26.19 8.28 168.7 61.27 103.3 6.41 172.7 16.9 191.4 2.69 41.14 14.2
34187 1627984856 0 7 $GNGGA,100055.000,4424.10468,N,00853.47485,E,1,12,0.9,-4.9,M,44.7,M,,*67
34188 1627984857 0 7 $GNGGA,100056.000,4424.10419,N,00853.47536,E,1,12,0.9,-4.5,M,44.7,M,,*67
34189 1627984858 0 7 $GNGGA,100057.000,4424.10382,N,00853.47592,E,1,12,0.9,-4.2,M,44.7,M,,*6A
34190 1627984858 0 3 2.55 0.00
34191 1627984858 0 4 2.53 1.41
34192 1627984858 0 5 0.03
34193 1627984858 0 6 0.05
34194 1627984858 0 1 2.935
34195 1627984859 0 8 4.98 12.32 11.89
34196 1627984859 0 0 26.18 8.28 168.7 61.31 103.3 6.41 172.6 16.9 191.2 2.67 41.17 14.2
34197 1627984859 0 7 $GNGGA,100058.000,4424.10363,N,00853.47649,E,1,12,0.9,-3.9,M,44.7,M,,*63
34198 1627984860 0 7 $GNGGA,100059.000,4424.10342,N,00853.47691,E,1,12,0.9,-3.7,M,44.7,M,,*6A
34199 1627984861 0 7 $GNGGA,100100.000,4424.10307,N,00853.47725,E,1,12,0.9,-3.4,M,44.7,M,,*6B
34200 1627984861 0 3 2.55 0.00
34201 1627984861 0 4 2.53 1.41
34202 1627984861 0 5 0.03
34203 1627984861 0 6 0.06
34204 1627984861 0 1 2.401
34205 1627984862 0 8 4.98 12.29 11.89
34206 1627984862 0 0 26.18 8.28 168.7 61.29 103.3 6.41 172.6 16.9 191.2 2.67 41.16 14.2
34207 1627984862 0 7 $GNGGA,100101.000,4424.10270,N,00853.47754,E,1,12,0.9,-3.4,M,44.7,M,,*6D
34208 1627984863 0 7 $GNGGA,100102.000,4424.10241,N,00853.47782,E,1,12,0.9,-3.4,M,44.7,M,,*67
34209 1627984864 0 7 $GNGGA,100103.000,4424.10238,N,00853.47780,E,1,12,0.9,-3.4,M,44.7,M,,*6A
34210 1627984864 0 3 2.55 0.00
34211 1627984864 0 4 2.53 1.41
34212 1627984864 0 5 0.03
34213 1627984864 0 6 0.06
34214 1627984864 0 8 4.98 12.29 11.89
34215 1627984865 0 1 2.067
34216 1627984865 0 0 26.21 8.28 168.6 61.31 103.2 6.41 172.4 16.9 190.9 2.69 41.17 14.2
34217 1627984865 0 7 $GNGGA,100104.000,4424.10235,N,00853.47778,E,1,12,0.9,-3.3,M,44.7,M,,*60
34218 1627984866 0 7 $GNGGA,100105.000,4424.10230,N,00853.47780,E,1,12,0.9,-3.3,M,44.7,M,,*63
34219 1627984867 0 7 $GNGGA,100106.000,4424.10201,N,00853.47810,E,1,12,0.9,-3.4,M,44.7,M,,*63
34220 1627984867 0 3 2.55 0.00
34221 1627984867 0 4 2.53 1.41
34222 1627984867 0 5 0.03
34223 1627984867 0 6 0.06
34224 1627984867 0 1 2.190
34225 1627984868 0 8 4.98 12.29 11.89
34226 1627984868 0 0 26.20 8.28 168.7 61.29 103.2 6.41 172.6 16.9 191.5 2.69 41.16 14.2
34227 1627984868 0 7 $GNGGA,100107.000,4424.10169,N,00853.47847,E,1,12,0.9,-3.1,M,44.7,M,,*68
34228 1627984869 0 7 $GNGGA,100108.000,4424.10131,N,00853.47891,E,1,12,0.9,-2.8,M,44.7,M,,*69
34229 1627984870 0 7 $GNGGA,100109.000,4424.10090,N,00853.47947,E,1,12,0.9,-2.5,M,44.7,M,,*65
34230 1627984870 0 3 2.55 0.00
34231 1627984870 0 4 2.53 1.41
34232 1627984870 0 5 0.03
34233 1627984870 0 6 0.06
34238 1627984872 0 7 $GNGGA,100111.000,4424.09998,N,00853.48085,E,1,12,0.9,-1.5,M,44.7,M,,*6E
34239 1627984873 0 7 $GNGGA,100112.000,4424.09951,N,00853.48142,E,1,12,0.9,-1.2,M,44.7,M,,*65
34240 1627984873 0 3 2.55 0.00
34241 1627984873 0 4 2.53 1.41
34242 1627984873 0 5 0.03
34243 1627984873 0 6 0.05
34244 1627984873 0 1 2.295
34245 1627984874 0 8 4.98 12.31 11.89
34246 1627984874 0 0 26.19 8.28 168.6 61.33 103.2 6.41 172.6 16.9 191.5 2.69 41.19 14.2
34247 1627984874 0 7 $GNGGA,100113.000,4424.09915,N,00853.48195,E,1,12,0.9,-0.7,M,44.7,M,,*6A
34248 1627984875 0 7 $GNGGA,100114.000,4424.09876,N,00853.48241,E,1,12,0.9,-0.2,M,44.7,M,,*66
34249 1627984876 0 7 $GNGGA,100115.000,4424.09829,N,00853.48298,E,1,12,0.9,-0.0,M,44.7,M,,*6B
34251 1627984876 0 4 2.53 1.41
34252 1627984876 0 5 0.03
34253 1627984876 0 6 0.06
34254 1627984876 0 8 4.98 12.29 11.89
34255 1627984877 0 1 2.093
34256 1627984877 0 0 26.20 8.28 168.6 61.25 103.2 6.41 172.5 16.9 191.1 2.70 41.13 14.2
34257 1627984877 0 7 $GNGGA,100116.000,4424.09771,N,00853.48364,E,1,12,0.9,0.2,M,44.7,M,,*47
34258 1627984878 0 7 $GNGGA,100117.000,4424.09709,N,00853.48422,E,1,12,0.9,0.5,M,44.7,M,,*4B
34259 1627984879 0 7 $GNGGA,100118.000,4424.09646,N,00853.48474,E,1,12,0.9,0.8,M,44.7,M,,*40
34260 1627984879 0 3 2.55 0.00
34261 1627984879 0 4 2.53 1.41
34262 1627984879 0 5 0.02
34263 1627984879 0 6 0.06
34264 1627984879 0 1 2.094
34265 1627984880 0 8 4.98 12.32 11.89
34266 1627984880 0 0 26.21 8.28 168.6 61.28 103.3 6.41 172.4 17.0 190.9 2.73 41.15 14.2
34267 1627984880 0 7 $GNGGA,100119.000,4424.09597,N,00853.48506,E,1,12,0.9,0.6,M,44.7,M,,*44
34268 1627984881 0 7 $GNGGA,100120.000,4424.09559,N,00853.48546,E,1,12,0.9,0.5,M,44.7,M,,*4B
34269 1627984882 0 7 $GNGGA,100121.000,4424.09514,N,00853.48600,E,1,12,0.9,0.5,M,44.7,M,,*42
34270 1627984882 0 3 2.55 0.00
34271 1627984882 0 4 2.53 1.41
34272 1627984882 0 5 0.03
34273 1627984882 0 6 0.06
34274 1627984883 0 8 4.98 12.29 11.89
34275 1627984883 0 1 2.176
34276 1627984883 0 0 26.21 8.28 168.6 61.30 103.2 6.41 172.6 16.9 191.4 2.71 41.16 14.2
34277 1627984883 0 7 $GNGGA,100122.000,4424.09469,N,00853.48661,E,1,12,0.9,0.6,M,44.7,M,,*4E
34278 1627984884 0 7 $GNGGA,100123.000,4424.09422,N,00853.48718,E,1,12,0.9,0.5,M,44.7,M,,*4C
34279 1627984885 0 7 $GNGGA,100124.000,4424.09369,N,00853.48782,E,1,12,0.9,0.6,M,44.7,M,,*43
34280 1627984885 0 3 2.55 0.00
34281 1627984885 0 4 2.53 1.41
34282 1627984885 0 5 0.03
34283 1627984885 0 6 0.06
34284 1627984885 0 1 2.512
34285 1627984886 0 8 4.98 12.33 11.89
34286 1627984886 0 0 26.21 8.28 168.6 61.26 103.2 6.41 172.5 16.9 191.2 2.71 41.14 14.2
34287 1627984886 0 7 $GNGGA,100125.000,4424.09329,N,00853.48834,E,1,12,0.9,0.6,M,44.7,M,,*44
34288 1627984887 0 7 $GNGGA,100126.000,4424.09295,N,00853.48877,E,1,12,0.9,0.5,M,44.7,M,,*45
34289 1627984888 0 7 $GNGGA,100127.000,4424.09266,N,00853.48907,E,1,12,0.9,0.3,M,44.7,M,,*48
34290 1627984888 0 3 2.55 0.00
34291 1627984888 0 4 2.53 1.41
34292 1627984888 0 5 0.02
34293 1627984888 0 6 0.06
34294 1627984888 0 1 2.081
34295 1627984889 0 8 4.98 12.29 11.89
34296 1627984889 0 0 26.20 8.28 168.6 61.26 103.3 6.41 172.7 16.9 191.4 2.70 41.14 14.2
34297 1627984889 0 7 $GNGGA,100128.000,4424.09236,N,00853.48940,E,1,12,0.9,0.2,M,44.7,M,,*40
34298 1627984890 0 7 $GNGGA,100129.000,4424.09203,N,00853.48985,E,1,12,0.9,0.3,M,44.7,M,,*4F
34299 1627984890 0 2 0.03860000 2.94039993 1.26419997 0.02260000 2.67740011 0.00360000 0.04790000 0.17110000 1.00000000 89.55699920
34300 1627984891 0 7 $GNGGA,100130.000,4424.09169,N,00853.49032,E,1,12,0.9,0.4,M,44.7,M,,*4B
34301 1627984891 0 3 2.55 0.00
34302 1627984891 0 4 2.53 1.41
34303 1627984891 0 5 0.02
34304 1627984891 0 6 0.06
34305 1627984891 0 8 4.98 12.29 11.89
34306 1627984892 0 1 2.332
34307 1627984892 0 0 26.18 8.28 168.6 61.32 103.3 6.41 172.9 16.9 192.0 2.72 41.18 14.2
34308 1627984892 0 7 $GNGGA,100131.000,4424.09139,N,00853.49069,E,1,13,0.8,0.4,M,44.7,M,,*41
34309 1627984893 0 7 $GNGGA,100132.000,4424.09093,N,00853.49136,E,1,13,0.8,0.5,M,44.7,M,,*49
34310 1627984894 0 7 $GNGGA,100133.000,4424.09045,N,00853.49203,E,1,13,0.8,0.6,M,44.7,M,,*45
34311 1627984894 0 3 2.55 0.00
34312 1627984894 0 4 2.53 1.41
34313 1627984894 0 5 0.03
34314 1627984894 0 6 0.06
34315 1627984894 0 1 2.073
34316 1627984895 0 8 4.98 12.29 11.89
34317 1627984895 0 0 26.21 8.28 168.5 61.30 103.3 6.41 172.5 16.9 191.4 2.74 41.17 14.3
34318 1627984895 0 7 $GNGGA,100134.000,4424.09019,N,00853.49279,E,1,13,0.8,0.9,M,44.7,M,,*49
34319 1627984896 0 7 $GNGGA,100135.000,4424.08982,N,00853.49372,E,1,13,0.8,1.2,M,44.7,M,,*42
34320 1627984897 0 7 $GNGGA,100136.000,4424.08949,N,00853.49442,E,1,13,0.8,1.0,M,44.7,M,,*40
34321 1627984897 0 3 2.55 0.00
34322 1627984897 0 4 2.53 1.41
34323 1627984897 0 5 0.03
34324 1627984897 0 6 0.06
34325 1627984897 0 8 4.98 12.28 11.89
34326 1627984898 0 1 2.005
34327 1627984898 0 0 26.20 8.28 168.5 61.26 103.3 6.41 172.6 16.9 191.3 2.75 41.13 14.2
34328 1627984898 0 7 $GNGGA,100137.000,4424.08929,N,00853.49494,E,1,13,0.8,0.7,M,44.7,M,,*4A
34329 1627984899 0 7 $GNGGA,100138.000,4424.08911,N,00853.49556,E,1,13,0.8,0.6,M,44.7,M,,*40
34330 1627984900 0 7 $GNGGA,100139.000,4424.08875,N,00853.49630,E,1,13,0.8,0.9,M,44.7,M,,*4E
34331 1627984900 0 3 2.55 0.00
34335 1627984901 0 1 2.078
34336 1627984901 0 8 4.98 12.31 11.89
34339 1627984902 0 7 $GNGGA,100141.000,4424.08806,N,00853.49790,E,1,13,0.8,1.7,M,44.7,M,,*41
34340 1627984903 0 7 $GNGGA,100142.000,4424.08772,N,00853.49865,E,1,13,0.8,1.9,M,44.7,M,,*45
34341 1627984903 0 3 2.55 0.00
34342 1627984903 0 4 2.53 1.41
34343 1627984903 0 5 0.03
34344 1627984903 0 6 0.06
34345 1627984903 0 8 4.98 12.29 11.89
34346 1627984904 0 1 2.138
34347 1627984904 0 0 26.22 8.28 168.5 61.29 103.3 6.41 172.5 17.0 191.1 2.71 41.16 14.2
34348 1627984904 0 7 $GNGGA,100143.000,4424.08740,N,00853.49948,E,1,13,0.8,1.8,M,44.7,M,,*4A
34349 1627984905 0 7 $GNGGA,100144.000,4424.08723,N,00853.50026,E,1,13,0.8,1.4,M,44.7,M,,*4D
34350 1627984906 0 7 $GNGGA,100145.000,4424.08717,N,00853.50086,E,1,13,0.8,1.1,M,44.7,M,,*44
34351 1627984906 0 3 2.55 0.00
34352 1627984906 0 4 2.53 1.41
34353 1627984906 0 5 0.03
34354 1627984906 0 6 0.06
34355 1627984906 0 1 2.090
34356 1627984907 0 8 4.98 12.32 11.89
34357 1627984907 0 0 26.21 8.28 168.5 61.35 103.3 6.41 172.6 16.9 191.4 2.71 41.20 14.2
34358 1627984907 0 7 $GNGGA,100146.000,4424.08703,N,00853.50132,E,1,13,0.8,1.2,M,44.7,M,,*4F
34359 1627984908 0 7 $GNGGA,100147.000,4424.08686,N,00853.50185,E,1,13,0.8,0.9,M,44.7,M,,*44
34360 1627984909 0 7 $GNGGA,100148.000,4424.08655,N,00853.50249,E,1,13,0.8,1.0,M,44.7,M,,*4E
34361 1627984909 0 3 2.55 0.00
34362 1627984909 0 4 2.53 1.41
34363 1627984909 0 5 0.03
34364 1627984909 0 6 0.06
34365 1627984909 0 8 4.98 12.29 11.89
34366 1627984910 0 1 2.148
34367 1627984910 0 0 26.22 8.28 168.5 61.29 103.3 6.41 172.5 17.0 191.3 2.72 41.16 14.2
34368 1627984910 0 7 $GNGGA,100149.000,4424.08619,N,00853.50323,E,1,13,0.8,1.0,M,44.7,M,,*4A
34369 1627984911 0 7 $GNGGA,100150.000,4424.08588,N,00853.50391,E,1,13,0.8,1.0,M,44.7,M,,*40
34370 1627984912 0 7 $GNGGA,100151.000,4424.08579,N,00853.50454,E,1,13,0.8,1.3,M,44.7,M,,*42
34371 1627984912 0 3 2.55 0.00
34372 1627984912 0 4 2.53 1.41
34373 1627984912 0 5 0.03
34374 1627984912 0 6 0.06
34375 1627984912 0 1 2.809
34376 1627984913 0 8 4.98 12.33 11.87
34377 1627984913 0 0 26.19 8.28 168.5 61.37 103.3 6.41 173.0 16.9 191.9 2.71 41.21 14.2
34378 1627984913 0 7 $GNGGA,100152.000,4424.08578,N,00853.50513,E,1,13,0.8,1.3,M,44.7,M,,*42
34379 1627984914 0 7 $GNGGA,100153.000,4424.08588,N,00853.50579,E,1,13,0.8,1.3,M,44.7,M,,*40
34380 1627984915 0 7 $GNGGA,100154.000,4424.08570,N,00853.50652,E,1,13,0.8,1.2,M,44.7,M,,*4B
34381 1627984915 0 3 2.55 0.00
34382 1627984915 0 4 2.53 1.41
34383 1627984915 0 5 0.03
34384 1627984915 0 6 0.07
34385 1627984915 0 1 2.512
34386 1627984916 0 8 4.98 12.29 11.89
34387 1627984916 0 0 26.20 8.28 168.5 61.30 103.3 6.41 172.6 16.9 191.1 2.72 41.16 14.2
34389 1627984917 0 7 $GNGGA,100156.000,4424.08505,N,00853.50794,E,1,13,0.8,1.2,M,44.7,M,,*40
34390 1627984918 0 7 $GNGGA,100157.000,4424.08463,N,00853.50838,E,1,13,0.8,1.2,M,44.7,M,,*49
34391 1627984918 0 3 2.55 0.00
34392 1627984918 0 4 2.53 1.41
34393 1627984918 0 5 0.03
34394 1627984918 0 6 0.15
34395 1627984918 0 8 4.98 12.29 11.89
34396 1627984919 0 1 2.550
34397 1627984919 0 0 26.22 8.28 168.5 61.36 103.3 6.41 172.4 16.9 191.0 2.75 41.21 14.2
34398 1627984919 0 7 $GNGGA,100158.000,4424.08442,N,00853.50883,E,1,13,0.8,1.0,M,44.7,M,,*47
34399 1627984920 0 7 $GNGGA,100159.000,4424.08426,N,00853.50941,E,1,13,0.8,0.7,M,44.7,M,,*4D
34400 1627984921 0 7 $GNGGA,100200.000,4424.08395,N,00853.51005,E,1,13,0.8,0.2,M,44.7,M,,*40
34401 1627984921 0 3 2.55 0.00
34402 1627984921 0 4 2.53 1.42
34403 1627984921 0 5 0.03
34404 1627984921 0 6 0.13
34405 1627984921 0 1 2.550
34406 1627984922 0 8 4.98 12.29 11.89
34409 1627984923 0 7 $GNGGA,100202.000,4424.08320,N,00853.51096,E,1,13,0.8,-1.0,M,44.7,M,,*68
34410 1627984924 0 7 $GNGGA,100203.000,4424.08303,N,00853.51154,E,1,13,0.8,-1.4,M,44.7,M,,*63
34411 1627984924 0 3 2.55 0.00
34414 1627984924 0 6 0.12
34415 1627984924 0 8 4.98 12.29 11.89
34416 1627984925 0 1 2.671
34417 1627984925 0 0 26.21 8.28 168.4 61.22 103.4 6.42 172.6 17.0 191.4 2.71 41.10 14.2
34419 1627984926 0 7 $GNGGA,100205.000,4424.08248,N,00853.51296,E,1,13,0.8,-1.0,M,44.7,M,,*62
34420 1627984927 0 7 $GNGGA,100206.000,4424.08229,N,00853.51376,E,1,13,0.8,-0.8,M,44.7,M,,*60
34427 1627984928 0 0 26.22 8.28 168.4 61.24 103.4 6.42 172.3 16.9 191.0 2.71 41.12 14.2
34428 1627984928 0 7 $GNGGA,100207.000,4424.08225,N,00853.51437,E,1,13,0.8,-0.6,M,44.7,M,,*61
34429 1627984929 0 7 $GNGGA,100208.000,4424.08211,N,00853.51490,E,1,13,0.8,-0.7,M,44.7,M,,*65
34430 1627984930 0 7 $GNGGA,100209.000,4424.08171,N,00853.51531,E,1,13,0.8,-0.5,M,44.7,M,,*69
34431 1627984930 0 3 2.55 0.00
34432 1627984930 0 4 2.53 1.42
34433 1627984930 0 5 0.02
34434 1627984930 0 6 0.13
34435 1627984930 0 8 4.98 12.29 11.89
34436 1627984931 0 1 2.549
34437 1627984931 0 0 26.23 8.28 168.4 61.32 103.4 6.41 172.4 16.9 190.9 2.69 41.18 14.2
34438 1627984931 0 7 $GNGGA,100210.000,4424.08128,N,00853.51592,E,1,13,0.8,-0.4,M,44.7,M,,*65
34439 1627984932 0 7 $GNGGA,100211.000,4424.08115,N,00853.51656,E,1,13,0.8,-0.4,M,44.7,M,,*61
34440 1627984933 0 7 $GNGGA,100212.000,4424.08133,N,00853.51727,E,1,13,0.8,-0.4,M,44.7,M,,*61
34441 1627984933 0 3 2.55 0.00
34442 1627984933 0 4 2.53 1.42
34443 1627984933 0 5 0.02
34444 1627984933 0 6 0.13
34445 1627984933 0 1 2.886
34446 1627984934 0 8 4.98 12.32 11.89
34447 1627984934 0 0 26.23 8.28 168.5 61.35 103.4 6.42 172.6 16.9 191.0 2.70 41.20 14.3
34448 1627984934 0 7 $GNGGA,100213.000,4424.08136,N,00853.51786,E,1,13,0.8,-0.3,M,44.7,M,,*69
34449 1627984935 0 7 $GNGGA,100214.000,4424.08134,N,00853.51850,E,1,13,0.8,-0.4,M,44.7,M,,*6F
34450 1627984936 0 7 $GNGGA,100215.000,4424.08144,N,00853.51915,E,1,13,0.8,-0.4,M,44.7,M,,*69
34451 1627984936 0 3 2.55 0.00
34453 1627984936 0 5 0.03
34454 1627984936 0 6 0.14
34455 1627984936 0 8 4.98 12.29 11.89
34456 1627984937 0 1 2.522
34457 1627984937 0 0 26.24 8.28 168.5 61.24 103.4 6.42 172.4 17.0 190.9 2.70 41.12 14.3
34458 1627984937 0 7 $GNGGA,100216.000,4424.08145,N,00853.51983,E,1,13,0.8,-0.5,M,44.7,M,,*65
34459 1627984938 0 7 $GNGGA,100217.000,4424.08114,N,00853.52058,E,1,13,0.8,-0.5,M,44.7,M,,*6C
34460 1627984939 0 7 $GNGGA,100218.000,4424.08069,N,00853.52139,E,1,13,0.8,-0.5,M,44.7,M,,*6E
34461 1627984939 0 3 2.55 0.00
34462 1627984939 0 4 2.53 1.42
34463 1627984939 0 5 0.02
34464 1627984939 0 6 0.14
34465 1627984940 0 1 3.211
34466 1627984940 0 8 4.98 12.32 11.89
34467 1627984940 0 0 26.24 8.28 168.5 61.31 103.4 6.42 172.4 16.9 191.2 2.71 41.17 14.2
34468 1627984940 0 7 $GNGGA,100219.000,4424.08038,N,00853.52210,E,1,13,0.8,-0.5,M,44.7,M,,*63
34469 1627984941 0 7 $GNGGA,100220.000,4424.08013,N,00853.52267,E,1,13,0.8,-0.4,M,44.7,M,,*61
34470 1627984942 0 7 $GNGGA,100221.000,4424.08000,N,00853.52322,E,1,13,0.8,-0.1,M,44.7,M,,*67
34471 1627984942 0 3 2.55 0.00
34472 1627984942 0 4 2.53 1.42
34473 1627984943 0 5 0.02
34474 1627984943 0 6 0.13
34475 1627984943 0 1 2.706
34476 1627984943 0 8 4.98 12.29 11.89
34477 1627984943 0 0 26.23 8.28 168.4 61.22 103.4 6.42 172.4 16.9 191.4 2.71 41.11 14.2
34478 1627984943 0 7 $GNGGA,100222.000,4424.07978,N,00853.52379,E,1,13,0.8,0.2,M,44.7,M,,*4D
34479 1627984944 0 7 $GNGGA,100223.000,4424.07938,N,00853.52451,E,1,13,0.8,0.5,M,44.7,M,,*42
34480 1627984945 0 7 $GNGGA,100224.000,4424.07910,N,00853.52525,E,1,13,0.8,0.9,M,44.7,M,,*41
34481 1627984945 0 3 2.55 0.00
34482 1627984945 0 4 2.53 1.42
34483 1627984945 0 5 0.03
34484 1627984945 0 6 0.13
34485 1627984945 0 8 4.98 12.29 11.89
34486 1627984946 0 1 2.878
34487 1627984946 0 0 26.23 8.28 168.4 61.25 103.5 6.42 172.6 16.9 191.6 2.70 41.12 14.3
34488 1627984946 0 7 $GNGGA,100225.000,4424.07889,N,00853.52592,E,1,13,0.8,1.1,M,44.7,M,,*44
34489 1627984947 0 7 $GNGGA,100226.000,4424.07871,N,00853.52657,E,1,13,0.8,0.9,M,44.7,M,,*43
34490 1627984948 0 7 $GNGGA,100227.000,4424.07846,N,00853.52725,E,1,13,0.8,0.6,M,44.7,M,,*4D
34491 1627984948 0 3 2.55 0.00
34492 1627984948 0 4 2.53 1.42
34493 1627984948 0 5 0.02
34494 1627984948 0 6 0.14
34495 1627984948 0 1 2.648
34496 1627984949 0 8 4.98 12.29 11.89
34497 1627984949 0 0 26.22 8.28 168.4 61.24 103.5 6.42 172.6 16.9 191.6 2.70 41.12 14.3
34498 1627984949 0 7 $GNGGA,100228.000,4424.07839,N,00853.52804,E,1,13,0.8,0.4,M,44.7,M,,*44
34499 1627984950 0 7 $GNGGA,100229.000,4424.07852,N,00853.52878,E,1,13,0.8,0.3,M,44.7,M,,*44
34500 1627984951 0 7 $GNGGA,100230.000,4424.07856,N,00853.52942,E,1,13,0.8,0.2,M,44.7,M,,*41
34501 1627984951 0 3 2.55 0.00
34502 1627984951 0 4 2.53 1.42
34503 1627984951 0 5 0.02
34504 1627984951 0 6 0.14
34505 1627984952 0 8 4.98 12.15 11.89
34506 1627984952 0 1 2.487
34507 1627984952 0 0 26.23 8.28 168.4 61.25 103.5 6.42 172.6 16.9 191.3 2.71 41.12 14.3
34509 1627984953 0 7 $GNGGA,100232.000,4424.07825,N,00853.53084,E,1,13,0.8,-0.0,M,44.7,M,,*6A
34510 1627984954 0 7 $GNGGA,100233.000,4424.07823,N,00853.53138,E,1,13,0.8,-0.3,M,44.7,M,,*68
34511 1627984954 0 3 2.55 0.00
34512 1627984954 0 4 2.53 1.42
34513 1627984954 0 5 0.02
34514 1627984954 0 6 0.13
34515 1627984955 0 1 2.476
34516 1627984955 0 8 4.98 12.32 11.89
34517 1627984955 0 0 26.21 8.28 168.4 61.30 103.6 6.43 172.7 16.9 191.8 2.71 41.17 14.3
34518 1627984955 0 7 $GNGGA,100234.000,4424.07830,N,00853.53178,E,1,13,0.8,-0.5,M,44.7,M,,*6F
34519 1627984956 0 7 $GNGGA,100235.000,4424.07840,N,00853.53233,E,1,13,0.8,-0.5,M,44.7,M,,*65
34520 1627984957 0 7 $GNGGA,100236.000,4424.07855,N,00853.53309,E,1,13,0.8,-0.7,M,44.7,M,,*68
34521 1627984957 0 3 2.55 0.00
34522 1627984957 0 4 2.53 1.42
34523 1627984957 0 5 0.02
34524 1627984957 0 6 0.13
34525 1627984957 0 8 4.98 12.29 11.89
34526 1627984958 0 1 2.245
34527 1627984958 0 0 26.22 8.28 168.4 61.31 103.6 6.43 172.7 16.9 191.7 2.69 41.17 14.3
34528 1627984958 0 7 $GNGGA,100237.000,4424.07863,N,00853.53392,E,1,13,0.8,-0.6,M,44.7,M,,*6F
34529 1627984959 0 7 $GNGGA,100238.000,4424.07860,N,00853.53467,E,1,13,0.8,-0.2,M,44.7,M,,*6A
34530 1627984960 0 7 $GNGGA,100239.000,4424.07841,N,00853.53535,E,1,13,0.8,0.4,M,44.7,M,,*45
34531 1627984960 0 3 2.55 0.00
34532 1627984960 0 4 2.53 1.42
34533 1627984960 0 5 0.02
34534 1627984960 0 6 0.14
34535 1627984960 0 1 2.380
34536 1627984961 0 8 4.97 12.17 11.87
34537 1627984961 0 0 26.23 8.28 168.4 61.30 103.6 6.43 172.6 17.0 191.2 2.67 41.16 14.3
34538 1627984961 0 7 $GNGGA,100240.000,4424.07819,N,00853.53603,E,1,13,0.8,0.8,M,44.7,M,,*4C
34539 1627984962 0 7 $GNGGA,100241.000,4424.07792,N,00853.53666,E,1,13,0.8,1.2,M,44.7,M,,*49
34540 1627984963 0 7 $GNGGA,100242.000,4424.07767,N,00853.53724,E,1,13,0.8,1.4,M,44.7,M,,*41
34541 1627984963 0 3 2.55 0.00
34542 1627984963 0 4 2.53 1.42
34543 1627984963 0 5 0.02
34544 1627984963 0 6 0.14
34545 1627984964 0 8 4.98 12.29 11.89
34546 1627984964 0 1 2.214
34547 1627984964 0 0 26.23 8.28 168.4 61.33 103.6 6.43 172.5 17.0 191.4 2.69 41.19 14.2
34548 1627984964 0 7 $GNGGA,100243.000,4424.07745,N,00853.53788,E,1,13,0.8,1.5,M,44.7,M,,*47
34549 1627984965 0 7 $GNGGA,100244.000,4424.07714,N,00853.53866,E,1,13,0.8,1.6,M,44.7,M,,*48
34550 1627984966 0 7 $GNGGA,100245.000,4424.07687,N,00853.53943,E,1,13,0.8,2.1,M,44.7,M,,*40
34551 1627984966 0 3 2.55 0.00
34552 1627984966 0 4 2.53 1.42
34553 1627984966 0 5 0.03
34554 1627984966 0 6 0.12
34555 1627984966 0 1 2.753
34556 1627984967 0 8 4.98 12.17 11.89
34557 1627984967 0 0 26.21 8.28 168.4 61.25 103.7 6.43 172.9 16.9 192.1 2.69 41.13 14.3
34558 1627984967 0 7 $GNGGA,100246.000,4424.07658,N,00853.54028,E,1,13,0.8,2.4,M,44.7,M,,*47
34559 1627984968 0 7 $GNGGA,100247.000,4424.07639,N,00853.54106,E,1,13,0.8,2.6,M,44.7,M,,*4E
34560 1627984969 0 7 $GNGGA,100248.000,4424.07620,N,00853.54177,E,1,13,0.8,2.8,M,44.7,M,,*41
34561 1627984969 0 3 2.55 0.00
34562 1627984969 0 4 2.53 1.42
34563 1627984969 0 5 0.02
34564 1627984969 0 6 0.13
34565 1627984970 0 1 2.242
34566 1627984970 0 8 4.98 12.14 11.89
34567 1627984970 0 0 26.22 8.28 168.3 61.29 103.7 6.43 172.6 16.9 191.8 2.68 41.16 14.3
34568 1627984970 0 7 $GNGGA,100249.000,4424.07600,N,00853.54258,E,1,13,0.8,3.2,M,44.7,M,,*47
34569 1627984971 0 7 $GNGGA,100250.000,4424.07577,N,00853.54331,E,1,13,0.8,3.1,M,44.7,M,,*41
34570 1627984972 0 7 $GNGGA,100251.000,4424.07557,N,00853.54394,E,1,13,0.8,3.1,M,44.7,M,,*4D
34571 1627984972 0 3 2.55 0.00
34572 1627984972 0 4 2.53 1.42
34573 1627984972 0 5 0.03
34574 1627984972 0 6 0.13
34575 1627984973 0 8 4.98 12.29 11.89
34576 1627984973 0 1 2.339
34577 1627984973 0 0 26.21 8.28 168.4 61.29 103.7 6.44 172.7 16.9 191.8 2.66 41.15 14.2
34578 1627984973 0 7 $GNGGA,100252.000,4424.07537,N,00853.54471,E,1,13,0.8,3.1,M,44.7,M,,*44
34579 1627984974 0 7 $GNGGA,100253.000,4424.07516,N,00853.54562,E,1,13,0.8,3.5,M,44.7,M,,*41
34580 1627984975 0 7 $GNGGA,100254.000,4424.07495,N,00853.54640,E,1,13,0.8,3.8,M,44.7,M,,*42
34581 1627984975 0 3 2.55 0.00
34582 1627984975 0 4 2.53 1.42
34583 1627984975 0 5 0.02
34584 1627984975 0 6 0.13
34585 1627984976 0 1 2.249
34586 1627984976 0 8 4.98 12.29 11.87
34587 1627984976 0 0 26.22 8.28 168.4 61.30 103.7 6.44 172.7 16.9 191.5 2.69 41.16 14.3
34588 1627984976 0 7 $GNGGA,100255.000,4424.07487,N,00853.54705,E,1,13,0.8,3.8,M,44.7,M,,*40
34589 1627984977 0 7 $GNGGA,100256.000,4424.07478,N,00853.54770,E,1,13,0.8,3.6,M,44.7,M,,*4F
34590 1627984978 0 7 $GNGGA,100257.000,4424.07464,N,00853.54850,E,1,13,0.8,3.4,M,44.7,M,,*4C
34591 1627984978 0 3 2.55 0.00
34592 1627984978 0 4 2.53 1.42
34593 1627984978 0 5 0.03
34594 1627984978 0 6 0.13
34595 1627984979 0 8 4.98 12.29 11.89
34596 1627984979 0 1 2.343
34597 1627984979 0 0 26.22 8.28 168.4 61.32 103.8 6.44 172.8 16.9 191.6 2.71 41.18 14.3
34598 1627984979 0 7 $GNGGA,100258.000,4424.07445,N,00853.54925,E,1,13,0.8,3.3,M,44.7,M,,*44
34599 1627984980 0 7 $GNGGA,100259.000,4424.07432,N,00853.55006,E,1,13,0.8,3.2,M,44.7,M,,*4D
34600 1627984981 0 7 $GNGGA,100300.000,4424.07433,N,00853.55104,E,1,13,0.8,3.0,M,44.7,M,,*40
34601 1627984981 0 3 2.55 0.00
34602 1627984981 0 4 2.53 1.42
34603 1627984981 0 5 0.02
34604 1627984981 0 6 0.13
34605 1627984982 0 1 2.175
34606 1627984982 0 8 4.98 12.31 11.89
34607 1627984982 0 0 26.22 8.28 168.3 61.30 103.8 6.44 172.8 16.9 191.8 2.68 41.16 14.2
34608 1627984982 0 7 $GNGGA,100301.000,4424.07440,N,00853.55185,E,1,13,0.8,2.9,M,44.7,M,,*44
34609 1627984983 0 7 $GNGGA,100302.000,4424.07436,N,00853.55252,E,1,13,0.8,2.7,M,44.7,M,,*41
34610 1627984984 0 7 $GNGGA,100303.000,4424.07430,N,00853.55323,E,1,13,0.8,2.5,M,44.7,M,,*43
34611 1627984984 0 3 2.55 0.00
34612 1627984984 0 4 2.53 1.42
34613 1627984984 0 5 0.02
34614 1627984984 0 6 0.14
34615 1627984985 0 8 4.98 12.29 11.89
34616 1627984985 0 1 2.325
34617 1627984985 0 0 26.20 8.28 168.4 61.31 103.8 6.44 172.9 16.9 192.0 2.65 41.17 14.2
34618 1627984985 0 7 $GNGGA,100304.000,4424.07429,N,00853.55398,E,1,13,0.8,2.2,M,44.7,M,,*4B
34619 1627984986 0 7 $GNGGA,100305.000,4424.07419,N,00853.55482,E,1,13,0.8,2.1,M,44.7,M,,*46
34620 1627984987 0 7 $GNGGA,100306.000,4424.07389,N,00853.55571,E,1,13,0.8,2.2,M,44.7,M,,*45
34621 1627984987 0 3 2.55 0.00
34622 1627984987 0 4 2.53 1.42
34623 1627984987 0 5 0.03
34624 1627984987 0 6 0.15
34625 1627984988 0 1 2.246
34626 1627984988 0 8 4.98 12.32 11.89
34627 1627984988 0 0 26.20 8.28 168.3 61.29 103.8 6.44 172.9 16.9 192.2 2.65 41.15 14.2
34628 1627984988 0 7 $GNGGA,100307.000,4424.07349,N,00853.55654,E,1,13,0.8,2.2,M,44.7,M,,*4C
34629 1627984989 0 7 $GNGGA,100308.000,4424.07305,N,00853.55754,E,1,13,0.8,2.1,M,44.7,M,,*49
34630 1627984990 0 7 $GNGGA,100309.000,4424.07259,N,00853.55835,E,1,13,0.8,1.7,M,44.7,M,,*4D
34631 1627984990 0 3 2.55 0.00
34632 1627984990 0 4 2.53 1.42
34633 1627984990 0 5 0.02
34634 1627984990 0 6 0.12
34635 1627984991 0 8 4.98 12.29 11.89
34636 1627984991 0 1 2.162
34637 1627984991 0 0 26.22 8.28 168.3 61.34 103.8 6.44 172.8 16.9 191.6 2.66 41.19 14.3
34638 1627984991 0 7 $GNGGA,100310.000,4424.07255,N,00853.55902,E,1,13,0.8,1.4,M,44.7,M,,*4F
34639 1627984992 0 7 $GNGGA,100311.000,4424.07241,N,00853.55963,E,1,13,0.8,1.2,M,44.7,M,,*4A
34640 1627984993 0 7 $GNGGA,100312.000,4424.07217,N,00853.56036,E,1,13,0.8,0.9,M,44.7,M,,*4A
34641 1627984993 0 3 2.55 0.00
34642 1627984993 0 4 2.53 1.42
34643 1627984993 0 5 0.02
34644 1627984993 0 6 0.12
34645 1627984994 0 1 2.841
34646 1627984994 0 8 4.98 12.32 11.89
34647 1627984994 0 0 26.22 8.28 168.3 61.23 103.8 6.45 172.9 16.9 191.7 2.66 41.11 14.3
34648 1627984994 0 7 $GNGGA,100313.000,4424.07187,N,00853.56108,E,1,13,0.8,0.7,M,44.7,M,,*43
34649 1627984995 0 7 $GNGGA,100314.000,4424.07164,N,00853.56179,E,1,13,0.8,0.4,M,44.7,M,,*4C
34650 1627984996 0 7 $GNGGA,100315.000,4424.07155,N,00853.56247,E,1,13,0.8,0.2,M,44.7,M,,*47
34651 1627984996 0 3 2.55 0.00
34652 1627984996 0 4 2.53 1.42
34653 1627984996 0 5 0.03
34654 1627984996 0 6 0.15
34655 1627984997 0 1 2.224
34656 1627984997 0 8 4.98 12.29 11.89
34657 1627984997 0 0 26.22 8.28 168.3 61.32 103.8 6.44 172.6 17.0 191.7 2.68 41.18 14.2
34658 1627984997 0 7 $GNGGA,100316.000,4424.07142,N,00853.56320,E,1,13,0.8,0.1,M,44.7,M,,*41
34659 1627984998 0 7 $GNGGA,100317.000,4424.07131,N,00853.56393,E,1,13,0.8,-0.0,M,44.7,M,,*60
34660 1627984999 0 7 $GNGGA,100318.000,4424.07101,N,00853.56461,E,1,13,0.8,-0.4,M,44.7,M,,*62
34661 1627984999 0 3 2.55 0.00
34662 1627984999 0 4 2.53 1.42
34663 1627984999 0 5 0.03
34664 1627985000 0 6 0.15
34665 1627985000 0 8 4.98 12.29 11.89
34666 1627985000 0 1 2.210
34667 1627985000 0 0 26.23 8.28 168.3 61.26 103.9 6.45 172.7 17.0 191.9 2.68 41.13 14.3
34668 1627985000 0 7 $GNGGA,100319.000,4424.07061,N,00853.56522,E,1,13,0.8,-0.6,M,44.7,M,,*60
34669 1627985001 0 7 $GNGGA,100320.000,4424.07030,N,00853.56580,E,1,13,0.8,-0.7,M,44.7,M,,*67
34670 1627985002 0 7 $GNGGA,100321.000,4424.07006,N,00853.56627,E,1,13,0.8,-0.8,M,44.7,M,,*62
34671 1627985002 0 3 2.55 0.00
34672 1627985002 0 4 2.53 1.42
34673 1627985002 0 5 0.03
34674 1627985002 0 6 0.14
34675 1627985002 0 1 2.089
34676 1627985002 0 8 4.98 12.29 11.89
34677 1627985003 0 0 26.23 8.28 168.3 61.36 103.9 6.44 172.6 16.9 191.6 2.67 41.21 14.2
34678 1627985003 0 7 $GNGGA,100322.000,4424.06984,N,00853.56680,E,1,13,0.8,-0.8,M,44.7,M,,*6E
34679 1627985003 0 7 $GNGGA,100323.000,4424.06960,N,00853.56745,E,1,13,0.8,-1.1,M,44.7,M,,*65
34680 1627985004 0 7 $GNGGA,100324.000,4424.06929,N,00853.56805,E,1,13,0.8,-1.2,M,44.7,M,,*67
34681 1627985005 0 3 2.55 0.00
34683 1627985005 0 5 0.03
34684 1627985005 0 6 0.13
34685 1627985005 0 8 4.98 12.29 11.89
34686 1627985005 0 1 2.063
34687 1627985006 0 0 26.24 8.28 168.3 61.24 103.9 6.45 172.6 17.0 191.5 2.66 41.12 14.3
34688 1627985006 0 7 $GNGGA,100325.000,4424.06898,N,00853.56868,E,1,13,0.8,-0.9,M,44.7,M,,*6C
34689 1627985007 0 7 $GNGGA,100326.000,4424.06864,N,00853.56925,E,1,13,0.8,-0.6,M,44.7,M,,*6B
34690 1627985008 0 7 $GNGGA,100327.000,4424.06832,N,00853.56987,E,1,13,0.8,-0.4,M,44.7,M,,*63
34691 1627985008 0 3 2.55 0.00
34692 1627985008 0 4 2.53 1.42
34693 1627985008 0 5 0.02
34694 1627985008 0 6 0.12
34695 1627985008 0 1 2.207
34696 1627985009 0 8 4.98 12.32 11.89
34697 1627985009 0 0 26.24 8.28 168.2 61.29 103.9 6.45 172.7 17.0 191.6 2.67 41.15 14.3
34698 1627985009 0 7 $GNGGA,100328.000,4424.06815,N,00853.57050,E,1,13,0.8,-0.3,M,44.7,M,,*6C
34699 1627985010 0 7 $GNGGA,100329.000,4424.06783,N,00853.57109,E,1,13,0.8,-0.3,M,44.7,M,,*60
34700 1627985010 0 2 0.04340000 2.53110003 1.21469998 0.01950000 2.71269989 0.00370000 0.04380000 0.19210000 1.00000000 90.41400146
34701 1627985011 0 7 $GNGGA,100330.000,4424.06730,N,00853.57171,E,1,13,0.8,-0.2,M,44.7,M,,*6E
34702 1627985011 0 3 2.55 0.00
34703 1627985011 0 4 2.53 1.42
34704 1627985011 0 5 0.02
34705 1627985011 0 6 0.13
34706 1627985011 0 8 4.98 12.29 11.87
34707 1627985011 0 1 2.298
34708 1627985012 0 0 26.22 8.28 168.2 61.26 103.9 6.45 172.8 16.9 192.0 2.67 41.14 14.2
34709 1627985012 0 7 $GNGGA,100331.000,4424.06690,N,00853.57227,E,1,13,0.8,-0.3,M,44.7,M,,*65
34710 1627985013 0 7 $GNGGA,100332.000,4424.06659,N,00853.57293,E,1,13,0.8,-0.4,M,44.7,M,,*6B
34711 1627985014 0 7 $GNGGA,100333.000,4424.06628,N,00853.57365,E,1,13,0.8,-0.4,M,44.7,M,,*64
34712 1627985014 0 3 2.55 0.00
34713 1627985014 0 4 2.53 1.42
34714 1627985014 0 5 0.02
34715 1627985014 0 6 0.14
34716 1627985014 0 1 2.306
34717 1627985015 0 8 4.98 12.32 11.89
34718 1627985015 0 0 26.22 8.28 168.2 61.32 104.0 6.45 172.8 16.9 191.8 2.67 41.18 14.3
34719 1627985015 0 7 $GNGGA,100334.000,4424.06602,N,00853.57431,E,1,13,0.8,-0.7,M,44.7,M,,*6E
34720 1627985016 0 7 $GNGGA,100335.000,4424.06583,N,00853.57481,E,1,13,0.8,-1.0,M,44.7,M,,*68
34721 1627985017 0 7 $GNGGA,100336.000,4424.06576,N,00853.57520,E,1,13,0.8,-1.3,M,44.7,M,,*68
34722 1627985017 0 3 2.55 0.00
34723 1627985017 0 4 2.53 1.42
34724 1627985017 0 5 0.03
34725 1627985017 0 6 0.15
34726 1627985017 0 8 4.98 12.29 11.89
34727 1627985017 0 1 2.155
34728 1627985018 0 0 26.21 8.28 168.2 61.33 104.0 6.45 172.9 16.9 192.0 2.68 41.19 14.3
34729 1627985018 0 7 $GNGGA,100337.000,4424.06570,N,00853.57559,E,1,13,0.8,-1.6,M,44.7,M,,*64
34730 1627985018 0 7 $GNGGA,100338.000,4424.06543,N,00853.57616,E,1,13,0.8,-2.0,M,44.7,M,,*66
34731 1627985019 0 7 $GNGGA,100339.000,4424.06494,N,00853.57691,E,1,13,0.8,-2.1,M,44.7,M,,*62
34740 1627985021 0 7 $GNGGA,100341.000,4424.06400,N,00853.57844,E,1,13,0.8,-2.0,M,44.7,M,,*67
34741 1627985022 0 7 $GNGGA,100342.000,4424.06379,N,00853.57907,E,1,13,0.8,-1.9,M,44.7,M,,*61
34742 1627985023 0 3 2.55 0.00
34751 1627985025 0 7 $GNGGA,100345.000,4424.06350,N,00853.58088,E,1,13,0.8,-1.3,M,44.7,M,,*66
34752 1627985026 0 3 2.55 0.00
34760 1627985027 0 7 $GNGGA,100347.000,4424.06257,N,00853.58186,E,1,13,0.8,-0.7,M,44.7,M,,*68
34761 1627985028 0 7 $GNGGA,100348.000,4424.06204,N,00853.58245,E,1,13,0.8,-0.6,M,44.7,M,,*6C
34770 1627985030 0 7 $GNGGA,100350.000,4424.06087,N,00853.58367,E,1,13,0.8,-0.3,M,44.7,M,,*68
34771 1627985031 0 7 $GNGGA,100351.000,4424.06050,N,00853.58433,E,1,13,0.8,-0.1,M,44.7,M,,*67
34780 1627985033 0 7 $GNGGA,100353.000,4424.06000,N,00853.58547,E,1,13,0.8,0.1,M,44.7,M,,*4F
34781 1627985034 0 7 $GNGGA,100354.000,4424.05979,N,00853.58611,E,1,13,0.8,-0.2,M,44.7,M,,*62
34782 1627985035 0 3 2.55 0.00
34783 1627985035 0 4 2.53 1.42
34784 1627985035 0 5 0.03
34791 1627985037 0 7 $GNGGA,100357.000,4424.05960,N,00853.58771,E,1,13,0.8,-0.6,M,44.7,M,,*6A
34792 1627985038 0 3 2.55 0.00
34800 1627985039 0 7 $GNGGA,100359.000,4424.05929,N,00853.58891,E,1,13,0.8,-0.5,M,44.7,M,,*6B
34801 1627985040 0 7 $GNGGA,100400.000,4424.05899,N,00853.58965,E,1,13,0.8,-0.7,M,44.7,M,,*62
34802 1627985041 0 3 2.55 0.00
34811 1627985043 0 7 $GNGGA,100403.000,4424.05847,N,00853.59143,E,1,13,0.8,-0.7,M,44.7,M,,*6F
34816 1627985044 0 8 4.98 12.29 11.89
34817 1627985044 0 1 2.190
34818 1627985045 0 0 26.23 8.28 168.1 61.29 103.9 6.45 173.1 16.9 192.1 2.71 41.15 14.3
34819 1627985045 0 7 $GNGGA,100404.000,4424.05809,N,00853.59196,E,1,13,0.8,-0.4,M,44.7,M,,*69
34821 1627985046 0 7 $GNGGA,100406.000,4424.05705,N,00853.59294,E,1,13,0.8,0.8,M,44.7,M,,*48
34822 1627985047 0 3 2.55 0.00
34831 1627985049 0 7 $GNGGA,100409.000,4424.05593,N,00853.59432,E,1,13,0.8,2.1,M,44.7,M,,*4B
34832 1627985050 0 3 2.55 0.00
34840 1627985051 0 7 $GNGGA,100411.000,4424.05563,N,00853.59568,E,1,13,0.8,2.3,M,44.7,M,,*41
34841 1627985052 0 7 $GNGGA,100412.000,4424.05549,N,00853.59640,E,1,13,0.8,2.4,M,44.7,M,,*44
34842 1627985053 0 3 2.55 0.00
34845 1627985053 0 6 0.13
34846 1627985053 0 8 4.98 12.29 11.89
34847 1627985053 0 1 1.860
34848 1627985054 0 0 26.26 8.28 168.1 61.27 103.9 6.45 172.6 16.9 191.7 2.73 41.14 14.3
34849 1627985054 0 7 $GNGGA,100413.000,4424.05524,N,00853.59722,E,1,13,0.8,2.6,M,44.7,M,,*49
34851 1627985055 0 7 $GNGGA,100415.000,4424.05436,N,00853.59899,E,1,13,0.8,2.3,M,44.7,M,,*47
34860 1627985057 0 7 $GNGGA,100417.000,4424.05290,N,00853.60047,E,1,13,0.8,1.9,M,44.7,M,,*47
34861 1627985058 0 7 $GNGGA,100418.000,4424.05236,N,00853.60103,E,1,13,0.8,1.8,M,44.7,M,,*44
34862 1627985059 0 3 2.55 0.00
34871 1627985061 0 7 $GNGGA,100421.000,4424.05178,N,00853.60331,E,1,13,0.8,1.6,M,44.7,M,,*4A
34878 1627985063 0 0 26.24 8.28 168.0 61.28 103.9 6.45 172.9 16.9 192.0 2.72 41.15 14.3
34879 1627985063 0 7 $GNGGA,100422.000,4424.05163,N,00853.60374,E,1,13,0.8,1.1,M,44.7,M,,*45
34880 1627985063 0 7 $GNGGA,100423.000,4424.05138,N,00853.60427,E,1,13,0.8,0.6,M,44.7,M,,*4D
34882 1627985065 0 3 2.55 0.00
34883 1627985065 0 4 2.53 1.42
34890 1627985066 0 7 $GNGGA,100426.000,4424.05030,N,00853.60625,E,1,13,0.8,0.7,M,44.7,M,,*40
34891 1627985067 0 7 $GNGGA,100427.000,4424.04996,N,00853.60694,E,1,13,0.8,0.7,M,44.7,M,,*4F
34892 1627985068 0 3 2.55 0.00
34893 1627985068 0 4 2.53 1.42
34894 1627985068 0 5 0.03
34895 1627985068 0 6 0.13
34896 1627985068 0 1 2.363
34897 1627985069 0 8 4.98 12.32 11.89
34898 1627985069 0 0 26.24 8.28 168.0 61.29 103.9 6.45 172.9 16.9 192.0 2.73 41.15 14.3
34899 1627985069 0 7 $GNGGA,100428.000,4424.04972,N,00853.60757,E,1,12,0.9,0.7,M,44.7,M,,*44
34900 1627985069 0 7 $GNGGA,100429.000,4424.04952,N,00853.60822,E,1,12,0.9,0.8,M,44.7,M,,*45
34901 1627985070 0 7 $GNGGA,100430.000,4424.04927,N,00853.60879,E,1,12,0.9,1.0,M,44.7,M,,*48
34902 1627985071 0 3 2.55 0.00
34903 1627985071 0 4 2.53 1.42
34904 1627985071 0 5 0.02
34905 1627985071 0 6 0.13
34906 1627985071 0 8 4.97 12.14 11.89
34907 1627985071 0 1 1.946
34908 1627985072 0 0 26.25 8.28 168.0 61.28 103.9 6.44 172.8 17.0 191.5 2.75 41.15 14.3
34909 1627985072 0 7 $GNGGA,100431.000,4424.04900,N,00853.60923,E,1,12,0.9,1.5,M,44.7,M,,*47
34910 1627985072 0 7 $GNGGA,100432.000,4424.04879,N,00853.60985,E,1,12,0.9,1.7,M,44.7,M,,*45
34911 1627985073 0 7 $GNGGA,100433.000,4424.04863,N,00853.61067,E,1,12,0.9,2.0,M,44.7,M,,*4F
34912 1627985074 0 3 2.55 0.00
34913 1627985074 0 4 2.53 1.42
34914 1627985074 0 5 0.02
34915 1627985074 0 6 0.13
34916 1627985074 0 1 2.840
34917 1627985075 0 8 4.98 12.33 11.89
34918 1627985075 0 0 26.25 8.28 168.0 61.26 103.9 6.45 172.7 16.9 192.1 2.74 41.13 14.3
34919 1627985075 0 7 $GNGGA,100434.000,4424.04860,N,00853.61157,E,1,12,0.9,2.3,M,44.7,M,,*4A
34920 1627985075 0 7 $GNGGA,100435.000,4424.04859,N,00853.61229,E,1,12,0.9,2.5,M,44.7,M,,*4D
34921 1627985076 0 7 $GNGGA,100436.000,4424.04838,N,00853.61285,E,1,12,0.9,2.7,M,44.7,M,,*4D
34923 1627985077 0 4 2.53 1.42
34924 1627985077 0 5 0.02
34925 1627985077 0 6 0.13
34926 1627985077 0 1 2.093
34930 1627985078 0 7 $GNGGA,100438.000,4424.04783,N,00853.61360,E,1,12,0.9,2.6,M,44.7,M,,*47
34931 1627985079 0 7 $GNGGA,100439.000,4424.04755,N,00853.61416,E,1,12,0.9,2.6,M,44.7,M,,*4B
34932 1627985080 0 3 2.55 0.00
34934 1627985080 0 5 0.02
34935 1627985080 0 6 0.15
34940 1627985081 0 7 $GNGGA,100441.000,4424.04699,N,00853.61546,E,1,12,0.9,2.8,M,44.7,M,,*4F
34950 1627985084 0 7 $GNGGA,100444.000,4424.04588,N,00853.61758,E,1,12,0.9,3.1,M,44.7,M,,*4C
34954 1627985086 0 5 0.03
34955 1627985086 0 6 0.13
34956 1627985086 0 8 4.98 12.14 11.87
34957 1627985087 0 1 1.961
34958 1627985087 0 0 26.23 8.28 168.0 61.32 103.9 6.45 172.9 17.0 192.0 2.78 41.18 14.3
34960 1627985087 0 7 $GNGGA,100447.000,4424.04576,N,00853.61925,E,1,12,0.9,2.6,M,44.7,M,,*4C
34961 1627985088 0 7 $GNGGA,100448.000,4424.04554,N,00853.61997,E,1,12,0.9,2.4,M,44.7,M,,*48
34962 1627985089 0 3 2.55 0.00
34963 1627985089 0 4 2.53 1.42
34964 1627985089 0 5 0.02
34965 1627985089 0 6 0.13
34966 1627985089 0 1 1.945
34967 1627985090 0 8 4.98 12.18 11.89
34968 1627985090 0 0 26.25 8.28 167.9 61.27 103.9 6.45 172.8 17.0 191.8 2.79 41.14 14.3
34969 1627985090 0 7 $GNGGA,100449.000,4424.04544,N,00853.62073,E,1,12,0.9,2.1,M,44.7,M,,*4D
34970 1627985090 0 7 $GNGGA,100450.000,4424.04535,N,00853.62138,E,1,12,0.9,1.9,M,44.7,M,,*46
34971 1627985091 0 7 $GNGGA,100451.000,4424.04522,N,00853.62189,E,1,12,0.9,2.0,M,44.7,M,,*41
34972 1627985092 0 3 2.55 0.00
34976 1627985092 0 8 4.98 12.29 11.89
34978 1627985093 0 0 26.24 8.28 167.9 61.28 103.9 6.45 173.0 17.0 192.2 2.79 41.15 14.3
34980 1627985093 0 7 $GNGGA,100453.000,4424.04465,N,00853.62334,E,1,12,0.9,2.6,M,44.7,M,,*43
34981 1627985094 0 7 $GNGGA,100454.000,4424.04442,N,00853.62414,E,1,12,0.9,2.7,M,44.7,M,,*45
34982 1627985095 0 3 2.55 0.00
34983 1627985095 0 4 2.53 1.42
34984 1627985095 0 5 0.03
34985 1627985095 0 6 0.13
34987 1627985096 0 8 4.98 12.30 11.89
34988 1627985096 0 0 26.24 8.28 167.9 61.33 103.9 6.45 172.7 17.0 192.1 2.78 41.19 14.3
34989 1627985096 0 7 $GNGGA,100455.000,4424.04420,N,00853.62475,E,1,12,0.9,2.5,M,44.7,M,,*45
34990 1627985096 0 7 $GNGGA,100456.000,4424.04392,N,00853.62529,E,1,12,0.9,2.2,M,44.7,M,,*47
34991 1627985097 0 7 $GNGGA,100457.000,4424.04376,N,00853.62589,E,1,12,0.9,2.2,M,44.7,M,,*46
34992 1627985098 0 3 2.55 0.00
34993 1627985098 0 4 2.53 1.42
34994 1627985098 0 5 0.02
34995 1627985098 0 6 0.14
34996 1627985098 0 8 4.98 12.29 11.89
34997 1627985098 0 1 1.988
34998 1627985099 0 0 26.25 8.28 167.9 61.27 104.0 6.45 172.6 17.0 191.7 2.78 41.14 14.3
34999 1627985099 0 7 $GNGGA,100458.000,4424.04380,N,00853.62655,E,1,12,0.9,2.3,M,44.7,M,,*43
35001 1627985100 0 7 $GNGGA,100500.000,4424.04401,N,00853.62793,E,1,12,0.9,3.0,M,44.7,M,,*48
35002 1627985101 0 3 2.55 0.00
35003 1627985101 0 4 2.53 1.42
35004 1627985101 0 5 0.03
35005 1627985101 0 6 0.14
35006 1627985101 0 1 2.760
35007 1627985102 0 8 4.98 12.31 11.89
35008 1627985102 0 0 26.26 8.28 167.9 61.27 104.0 6.45 172.7 17.0 191.7 2.79 41.14 14.3
35010 1627985102 0 7 $GNGGA,100502.000,4424.04404,N,00853.62946,E,1,12,0.9,3.4,M,44.7,M,,*4D
35011 1627985103 0 7 $GNGGA,100503.000,4424.04401,N,00853.63023,E,1,12,0.9,3.1,M,44.7,M,,*47
35017 1627985105 0 8 4.98 12.28 11.89
35018 1627985105 0 0 26.25 8.28 167.9 61.18 104.0 6.45 172.7 17.0 192.2 2.75 41.07 14.3
35019 1627985105 0 7 $GNGGA,100504.000,4424.04386,N,00853.63087,E,1,12,0.9,2.8,M,44.7,M,,*4E
35020 1627985105 0 7 $GNGGA,100505.000,4424.04369,N,00853.63151,E,1,12,0.9,2.6,M,44.7,M,,*4A
35021 1627985106 0 7 $GNGGA,100506.000,4424.04359,N,00853.63217,E,1,12,0.9,2.4,M,44.7,M,,*49
35022 1627985107 0 3 2.55 0.00
35023 1627985107 0 4 2.53 1.42
35024 1627985107 0 5 0.02
35025 1627985107 0 6 0.12
35027 1627985108 0 1 2.054
35028 1627985108 0 0 26.26 8.28 167.9 61.34 104.0 6.45 172.9 17.0 191.9 2.72 41.19 14.3
35029 1627985108 0 7 $GNGGA,100507.000,4424.04347,N,00853.63278,E,1,12,0.9,2.1,M,44.7,M,,*4B
35030 1627985108 0 7 $GNGGA,100508.000,4424.04334,N,00853.63330,E,1,12,0.9,1.9,M,44.7,M,,*46
35031 1627985109 0 7 $GNGGA,100509.000,4424.04330,N,00853.63383,E,1,12,0.9,1.7,M,44.7,M,,*45
35032 1627985110 0 3 2.55 0.00
35033 1627985110 0 4 2.53 1.42
35034 1627985110 0 5 0.02
35035 1627985110 0 6 0.13
35036 1627985110 0 1 2.038
35037 1627985111 0 8 4.98 12.29 11.89
35038 1627985111 0 0 26.25 8.28 167.9 61.30 104.0 6.45 172.7 17.0 192.2 2.75 41.17 14.3
35039 1627985111 0 7 $GNGGA,100510.000,4424.04334,N,00853.63446,E,1,12,0.9,1.5,M,44.7,M,,*45
35040 1627985111 0 7 $GNGGA,100511.000,4424.04334,N,00853.63504,E,1,12,0.9,1.5,M,44.7,M,,*43
35041 1627985112 0 7 $GNGGA,100512.000,4424.04321,N,00853.63542,E,1,12,0.9,1.5,M,44.7,M,,*46
35042 1627985113 0 3 2.55 0.00
35043 1627985113 0 4 2.53 1.42
35044 1627985113 0 5 0.03
35045 1627985113 0 6 0.13
35046 1627985113 0 8 4.98 12.29 11.89
35047 1627985114 0 1 1.945
35048 1627985114 0 0 26.25 8.28 167.9 61.24 104.0 6.45 172.9 17.0 191.9 2.76 41.12 14.4
35049 1627985114 0 7 $GNGGA,100513.000,4424.04315,N,00853.63592,E,1,12,0.9,1.7,M,44.7,M,,*4F
35050 1627985114 0 7 $GNGGA,100514.000,4424.04319,N,00853.63655,E,1,12,0.9,1.8,M,44.7,M,,*43
35051 1627985115 0 7 $GNGGA,100515.000,4424.04324,N,00853.63715,E,1,12,0.9,1.8,M,44.7,M,,*49
35052 1627985116 0 3 2.55 0.00
35053 1627985116 0 4 2.53 1.42
35054 1627985116 0 5 0.03
35055 1627985116 0 6 0.13
35056 1627985116 0 1 1.981
35057 1627985117 0 8 4.98 12.31 11.89
35058 1627985117 0 0 26.26 8.28 167.8 61.29 104.0 6.45 172.8 17.0 192.3 2.77 41.16 14.3
35059 1627985117 0 7 $GNGGA,100516.000,4424.04328,N,00853.63784,E,1,12,0.9,1.8,M,44.7,M,,*4E
35060 1627985117 0 7 $GNGGA,100517.000,4424.04332,N,00853.63860,E,1,12,0.9,1.8,M,44.7,M,,*41
35061 1627985118 0 7 $GNGGA,100518.000,4424.04338,N,00853.63932,E,1,12,0.9,1.6,M,44.7,M,,*4C
35062 1627985119 0 3 2.55 0.00
35063 1627985119 0 4 2.53 1.42
35064 1627985119 0 5 0.03
35065 1627985119 0 6 0.13
35066 1627985119 0 8 4.98 12.29 11.89
35070 1627985120 0 7 $GNGGA,100520.000,4424.04371,N,00853.64034,E,1,12,0.9,0.7,M,44.7,M,,*42
35071 1627985121 0 7 $GNGGA,100521.000,4424.04383,N,00853.64089,E,1,12,0.9,0.2,M,44.7,M,,*4D
35072 1627985122 0 3 2.55 0.00
35076 1627985122 0 1 2.384
35077 1627985123 0 8 4.98 12.30 11.89
35078 1627985123 0 0 26.24 8.28 167.9 61.30 104.1 6.46 173.1 17.0 192.4 2.72 41.16 14.3
35079 1627985123 0 7 $GNGGA,100522.000,4424.04394,N,00853.64142,E,1,12,0.9,-0.4,M,44.7,M,,*65
35080 1627985123 0 7 $GNGGA,100523.000,4424.04406,N,00853.64187,E,1,12,0.9,-0.9,M,44.7,M,,*6C
35081 1627985124 0 7 $GNGGA,100524.000,4424.04425,N,00853.64209,E,1,12,0.9,-1.6,M,44.7,M,,*61
35082 1627985125 0 3 2.55 0.00
35083 1627985125 0 4 2.53 1.43
35084 1627985125 0 5 0.03
35085 1627985125 0 6 0.13
35086 1627985125 0 8 4.98 12.29 11.89
35087 1627985125 0 1 2.195
35088 1627985126 0 0 26.24 8.28 167.8 61.26 104.1 6.46 173.3 16.9 192.7 2.72 41.13 14.4
35089 1627985126 0 7 $GNGGA,100525.000,4424.04453,N,00853.64226,E,1,12,0.9,-2.0,M,44.7,M,,*69
35090 1627985126 0 7 $GNGGA,100526.000,4424.04465,N,00853.64291,E,1,12,0.9,-1.9,M,44.7,M,,*69
35091 1627985127 0 7 $GNGGA,100527.000,4424.04468,N,00853.64370,E,1,12,0.9,-2.2,M,44.7,M,,*63
35092 1627985128 0 3 2.55 0.00
35093 1627985128 0 4 2.53 1.42
35094 1627985128 0 5 0.02
35095 1627985128 0 6 0.14
35096 1627985128 0 1 2.701
35097 1627985129 0 8 4.98 12.32 11.89
35098 1627985129 0 0 26.24 8.28 167.8 61.30 104.1 6.46 173.2 17.0 192.4 2.72 41.16 14.4
35099 1627985129 0 7 $GNGGA,100528.000,4424.04468,N,00853.64448,E,1,12,0.9,-2.9,M,44.7,M,,*6B
35100 1627985129 0 7 $GNGGA,100529.000,4424.04467,N,00853.64512,E,1,12,0.9,-3.4,M,44.7,M,,*67
35101 1627985130 0 2 0.04710000 2.63450002 1.22500002 0.02030000 2.68440008 0.00400000 0.04480000 0.20859999 1.00000000 90.20600128
35102 1627985130 0 7 $GNGGA,100530.000,4424.04458,N,00853.64576,E,1,12,0.9,-3.7,M,44.7,M,,*62
35103 1627985131 0 3 2.55 0.00
35104 1627985131 0 4 2.53 1.43
35105 1627985131 0 5 0.03
35106 1627985131 0 6 0.13
35107 1627985131 0 1 1.971
35108 1627985132 0 8 4.98 12.29 11.89
35109 1627985132 0 0 26.26 8.28 167.8 61.29 104.1 6.46 172.8 17.0 192.2 2.73 41.16 14.3
35110 1627985132 0 7 $GNGGA,100531.000,4424.04453,N,00853.64642,E,1,12,0.9,-4.0,M,44.7,M,,*6C
35111 1627985132 0 7 $GNGGA,100532.000,4424.04456,N,00853.64716,E,1,12,0.9,-4.4,M,44.7,M,,*6E
35112 1627985133 0 7 $GNGGA,100533.000,4424.04453,N,00853.64809,E,1,12,0.9,-4.7,M,44.7,M,,*68
35113 1627985134 0 3 2.55 0.00
35114 1627985134 0 4 2.53 1.43
35115 1627985134 0 5 0.03
35116 1627985134 0 6 0.14
35117 1627985134 0 8 4.98 12.29 11.89
35118 1627985135 0 1 1.919
35119 1627985135 0 0 26.25 8.28 167.8 61.27 104.2 6.46 173.0 17.0 192.0 2.73 41.14 14.4
35120 1627985135 0 7 $GNGGA,100534.000,4424.04453,N,00853.64892,E,1,12,0.9,-5.0,M,44.7,M,,*6B
35121 1627985135 0 7 $GNGGA,100535.000,4424.04468,N,00853.64971,E,1,12,0.9,-5.6,M,44.7,M,,*68
35122 1627985136 0 7 $GNGGA,100536.000,4424.04466,N,00853.65062,E,1,12,0.9,-5.7,M,44.7,M,,*6E
35124 1627985137 0 4 2.53 1.43
35125 1627985137 0 5 0.02
35126 1627985137 0 6 0.13
35127 1627985137 0 1 2.048
35128 1627985138 0 8 4.98 12.30 11.89
35130 1627985138 0 7 $GNGGA,100537.000,4424.04453,N,00853.65143,E,1,12,0.9,-5.5,M,44.7,M,,*69
35131 1627985138 0 7 $GNGGA,100538.000,4424.04432,N,00853.65216,E,1,12,0.9,-5.4,M,44.7,M,,*63
35132 1627985140 0 7 $GNGGA,100539.000,4424.04415,N,00853.65278,E,1,12,0.9,-5.2,M,44.7,M,,*69
35133 1627985140 0 3 2.55 0.00
35134 1627985140 0 4 2.53 1.43
35135 1627985140 0 5 0.02
35139 1627985141 0 0 26.26 8.28 167.8 61.22 104.2 6.46 172.9 17.0 192.2 2.68 41.10 14.3
35140 1627985141 0 7 $GNGGA,100540.000,4424.04397,N,00853.65338,E,1,12,0.9,-4.7,M,44.7,M,,*6B
35141 1627985142 0 7 $GNGGA,100541.000,4424.04371,N,00853.65402,E,1,12,0.9,-4.2,M,44.7,M,,*69
35142 1627985143 0 7 $GNGGA,100542.000,4424.04332,N,00853.65470,E,1,12,0.9,-3.5,M,44.7,M,,*68
35143 1627985143 0 3 2.55 0.00
35144 1627985143 0 4 2.53 1.43
35145 1627985143 0 5 0.03
35146 1627985143 0 6 0.06
35147 1627985143 0 1 1.817
35148 1627985144 0 8 4.98 12.32 11.89
35149 1627985144 0 0 26.26 8.28 167.8 61.26 104.2 6.46 172.9 17.0 192.6 2.68 41.13 14.4
35150 1627985144 0 7 $GNGGA,100543.000,4424.04299,N,00853.65527,E,1,12,0.9,-3.0,M,44.7,M,,*6F
35151 1627985144 0 7 $GNGGA,100544.000,4424.04281,N,00853.65605,E,1,12,0.9,-2.8,M,44.7,M,,*6B
35152 1627985145 0 7 $GNGGA,100545.000,4424.04278,N,00853.65690,E,1,12,0.9,-2.8,M,44.7,M,,*60
35153 1627985146 0 3 2.55 0.00
35154 1627985146 0 4 2.53 1.43
35155 1627985146 0 5 0.03
35156 1627985146 0 6 0.06
35157 1627985146 0 8 4.98 12.29 11.89
35158 1627985147 0 1 2.057
35159 1627985147 0 0 26.23 8.28 167.8 61.31 104.2 6.46 173.2 17.0 192.5 2.70 41.17 14.3
35161 1627985147 0 7 $GNGGA,100547.000,4424.04271,N,00853.65826,E,1,12,0.9,-2.6,M,44.7,M,,*66
35162 1627985148 0 7 $GNGGA,100548.000,4424.04233,N,00853.65897,E,1,12,0.9,-2.4,M,44.7,M,,*67
35163 1627985149 0 3 2.55 0.00
35164 1627985149 0 4 2.53 1.44
35165 1627985149 0 5 0.03
35166 1627985149 0 6 0.07
35170 1627985150 0 7 $GNGGA,100549.000,4424.04167,N,00853.65987,E,1,12,0.9,-2.1,M,44.7,M,,*61
35171 1627985150 0 7 $GNGGA,100550.000,4424.04120,N,00853.66060,E,1,12,0.9,-1.6,M,44.7,M,,*6D
35172 1627985151 0 7 $GNGGA,100551.000,4424.04080,N,00853.66119,E,1,12,0.9,-1.1,M,44.7,M,,*6F
35173 1627985152 0 3 2.55 0.00
35178 1627985153 0 1 1.920
35179 1627985153 0 0 26.25 8.28 167.8 61.32 104.2 6.46 173.0 17.0 192.4 2.68 41.18 14.3
35180 1627985153 0 7 $GNGGA,100552.000,4424.04044,N,00853.66179,E,1,12,0.9,-0.9,M,44.7,M,,*6B
35181 1627985153 0 7 $GNGGA,100553.000,4424.04012,N,00853.66256,E,1,12,0.9,-1.0,M,44.7,M,,*6F
35182 1627985154 0 7 $GNGGA,100554.000,4424.03982,N,00853.66328,E,1,12,0.9,-1.0,M,44.7,M,,*67
35183 1627985155 0 3 2.55 0.00
35184 1627985155 0 4 2.53 1.43
35185 1627985155 0 5 0.02
35186 1627985155 0 6 0.07
35187 1627985155 0 1 2.847
35188 1627985156 0 8 4.98 12.32 11.89
35189 1627985156 0 0 26.24 8.28 167.7 61.29 104.2 6.46 172.9 17.0 192.6 2.70 41.15 14.3
35190 1627985156 0 7 $GNGGA,100555.000,4424.03966,N,00853.66384,E,1,12,0.9,-1.0,M,44.7,M,,*6A
35191 1627985156 0 7 $GNGGA,100556.000,4424.03953,N,00853.66441,E,1,12,0.9,-0.8,M,44.7,M,,*68
35192 1627985157 0 7 $GNGGA,100557.000,4424.03928,N,00853.66500,E,1,12,0.9,-0.6,M,44.7,M,,*6F
35193 1627985158 0 3 2.55 0.00
35194 1627985158 0 4 2.53 1.43
35195 1627985158 0 5 0.03
35196 1627985158 0 6 0.06
35197 1627985158 0 1 2.175
35198 1627985159 0 8 4.98 12.29 11.89
35199 1627985159 0 0 26.23 8.28 167.7 61.28 104.2 6.47 173.2 17.0 193.0 2.70 41.15 14.3
35200 1627985159 0 7 $GNGGA,100558.000,4424.03900,N,00853.66555,E,1,12,0.9,-0.4,M,44.7,M,,*68
35201 1627985159 0 7 $GNGGA,100559.000,4424.03875,N,00853.66615,E,1,12,0.9,-0.2,M,44.7,M,,*6B
35202 1627985160 0 7 $GNGGA,100600.000,4424.03855,N,00853.66678,E,1,12,0.9,-0.1,M,44.7,M,,*6E
35203 1627985161 0 3 2.55 0.00
35204 1627985161 0 4 2.53 1.43
35205 1627985161 0 5 0.03
35206 1627985161 0 6 0.06
35207 1627985161 0 8 4.98 12.29 11.89
35208 1627985162 0 1 2.119
35209 1627985162 0 0 26.23 8.28 167.7 61.28 104.2 6.47 173.1 16.9 192.9 2.66 41.15 14.3
35210 1627985162 0 7 $GNGGA,100601.000,4424.03855,N,00853.66732,E,1,12,0.9,-0.1,M,44.7,M,,*60
35211 1627985162 0 7 $GNGGA,100602.000,4424.03871,N,00853.66779,E,1,12,0.9,-0.0,M,44.7,M,,*6B
35212 1627985163 0 7 $GNGGA,100603.000,4424.03874,N,00853.66841,E,1,12,0.9,0.1,M,44.7,M,,*47
35213 1627985164 0 3 2.55 0.00
35214 1627985164 0 4 2.53 1.43
35215 1627985164 0 5 0.02
35216 1627985164 0 6 0.06
35217 1627985164 0 1 1.868
35218 1627985165 0 8 4.98 12.30 11.89
35219 1627985165 0 0 26.24 8.28 167.7 61.29 104.2 6.46 173.2 17.0 192.6 2.65 41.16 14.3
35220 1627985165 0 7 $GNGGA,100604.000,4424.03890,N,00853.66918,E,1,12,0.9,-0.1,M,44.7,M,,*6A
35221 1627985165 0 7 $GNGGA,100605.000,4424.03893,N,00853.66998,E,1,12,0.9,-0.0,M,44.7,M,,*61
35222 1627985166 0 7 $GNGGA,100606.000,4424.03866,N,00853.67070,E,1,12,0.9,0.1,M,44.7,M,,*4A
35223 1627985167 0 3 2.55 0.00
35224 1627985167 0 4 2.53 1.43
35225 1627985167 0 5 0.03
35226 1627985167 0 6 0.07
35227 1627985167 0 8 4.98 12.29 11.89
35228 1627985168 0 1 2.020
35229 1627985168 0 0 26.23 8.28 167.7 61.34 104.2 6.46 173.2 17.0 192.6 2.65 41.19 14.3
35230 1627985168 0 7 $GNGGA,100607.000,4424.03848,N,00853.67139,E,1,12,0.9,0.2,M,44.7,M,,*48
35231 1627985168 0 7 $GNGGA,100608.000,4424.03818,N,00853.67225,E,1,12,0.9,0.2,M,44.7,M,,*4C
35232 1627985169 0 7 $GNGGA,100609.000,4424.03772,N,00853.67327,E,1,12,0.9,0.1,M,44.7,M,,*4E
35233 1627985170 0 3 2.55 0.00
35234 1627985170 0 4 2.53 1.43
35235 1627985170 0 5 0.02
35236 1627985170 0 6 0.07
35237 1627985171 0 1 1.839
35238 1627985171 0 8 4.98 12.31 11.89
35239 1627985171 0 0 26.23 8.28 167.7 61.22 104.2 6.47 173.1 17.0 192.7 2.65 41.10 14.3
35240 1627985171 0 7 $GNGGA,100610.000,4424.03753,N,00853.67433,E,1,12,0.9,0.0,M,44.7,M,,*46
35241 1627985171 0 7 $GNGGA,100611.000,4424.03750,N,00853.67520,E,1,12,0.9,0.1,M,44.7,M,,*46
35242 1627985172 0 7 $GNGGA,100612.000,4424.03775,N,00853.67610,E,1,12,0.9,0.1,M,44.7,M,,*42
35243 1627985173 0 3 2.55 0.00
35244 1627985173 0 4 2.53 1.43
35245 1627985173 0 5 0.03
35246 1627985173 0 6 0.05
35247 1627985173 0 8 4.98 12.29 11.89
35248 1627985174 0 1 2.231
35249 1627985174 0 0 26.21 8.28 167.7 61.24 104.2 6.47 173.5 17.0 193.0 2.63 41.12 14.3
35250 1627985174 0 7 $GNGGA,100613.000,4424.03799,N,00853.67651,E,1,12,0.9,-0.0,M,44.7,M,,*68
35251 1627985174 0 7 $GNGGA,100614.000,4424.03823,N,00853.67688,E,1,12,0.9,-0.1,M,44.7,M,,*64
35252 1627985175 0 7 $GNGGA,100615.000,4424.03830,N,00853.67750,E,1,12,0.9,-0.2,M,44.7,M,,*60
35253 1627985176 0 3 2.55 0.00
35254 1627985176 0 4 2.53 1.43
35255 1627985176 0 5 0.02
35256 1627985176 0 6 0.06
35257 1627985176 0 1 2.362
35258 1627985177 0 8 4.98 12.32 11.89
35259 1627985177 0 0 26.23 8.28 167.7 61.33 104.2 6.46 173.0 17.0 192.6 2.61 41.19 14.3
35260 1627985177 0 7 $GNGGA,100616.000,4424.03832,N,00853.67786,E,1,12,0.9,-0.5,M,44.7,M,,*6D
35261 1627985177 0 7 $GNGGA,100617.000,4424.03839,N,00853.67845,E,1,12,0.9,-0.5,M,44.7,M,,*67
35262 1627985178 0 7 $GNGGA,100618.000,4424.03845,N,00853.67936,E,1,12,0.9,-0.5,M,44.7,M,,*66
35263 1627985179 0 3 2.55 0.00
35264 1627985179 0 4 2.53 1.42
35265 1627985179 0 5 0.02
35266 1627985179 0 6 0.07
35267 1627985179 0 8 4.98 12.29 11.89
35268 1627985180 0 1 2.084
35269 1627985180 0 0 26.23 8.28 167.7 61.27 104.2 6.47 173.2 17.0 192.8 2.63 41.14 14.3
35270 1627985180 0 7 $GNGGA,100619.000,4424.03847,N,00853.68040,E,1,12,0.9,-0.3,M,44.7,M,,*64
35271 1627985180 0 7 $GNGGA,100620.000,4424.03848,N,00853.68119,E,1,12,0.9,-0.0,M,44.7,M,,*6F
35272 1627985181 0 7 $GNGGA,100621.000,4424.03854,N,00853.68197,E,1,12,0.9,0.5,M,44.7,M,,*4D
35273 1627985182 0 3 2.55 0.00
35274 1627985182 0 4 2.53 1.42
35275 1627985182 0 5 0.02
35276 1627985182 0 6 0.06
35277 1627985182 0 1 2.727
35278 1627985183 0 8 4.98 12.32 11.89
35280 1627985183 0 7 $GNGGA,100622.000,4424.03841,N,00853.68270,E,1,12,0.9,0.8,M,44.7,M,,*4D
35281 1627985183 0 7 $GNGGA,100623.000,4424.03809,N,00853.68347,E,1,12,0.9,1.1,M,44.7,M,,*4D
35282 1627985184 0 7 $GNGGA,100624.000,4424.03770,N,00853.68427,E,1,12,0.9,1.4,M,44.7,M,,*4F
35283 1627985185 0 3 2.55 0.00
35284 1627985185 0 4 2.53 1.42
35285 1627985185 0 5 0.02
35286 1627985185 0 6 0.05
35287 1627985185 0 1 1.988
35288 1627985186 0 8 4.98 12.29 11.89
35289 1627985186 0 0 26.23 8.28 167.7 61.24 104.2 6.47 173.2 16.9 192.7 2.63 41.12 14.3
35290 1627985186 0 7 $GNGGA,100625.000,4424.03734,N,00853.68498,E,1,12,0.9,1.3,M,44.7,M,,*4D
35291 1627985186 0 7 $GNGGA,100626.000,4424.03699,N,00853.68573,E,1,12,0.9,1.5,M,44.7,M,,*4A
35292 1627985187 0 7 $GNGGA,100627.000,4424.03666,N,00853.68630,E,1,12,0.9,1.7,M,44.7,M,,*4D
35293 1627985188 0 3 2.55 0.00
35294 1627985188 0 4 2.53 1.42
35295 1627985188 0 5 0.02
35296 1627985188 0 6 0.06
35297 1627985188 0 8 4.98 12.29 11.89
35298 1627985189 0 1 2.146
35299 1627985189 0 0 26.23 8.28 167.7 61.27 104.2 6.46 173.2 17.0 192.5 2.62 41.14 14.3
35300 1627985189 0 7 $GNGGA,100628.000,4424.03649,N,00853.68675,E,1,12,0.9,1.8,M,44.7,M,,*41
35301 1627985189 0 7 $GNGGA,100629.000,4424.03637,N,00853.68730,E,1,12,0.9,1.8,M,44.7,M,,*49
35302 1627985190 0 7 $GNGGA,100630.000,4424.03642,N,00853.68790,E,1,12,0.9,1.9,M,44.7,M,,*48
35303 1627985191 0 3 2.55 0.00
35304 1627985191 0 4 2.53 1.42
35305 1627985191 0 5 0.02
35306 1627985191 0 6 0.07
35307 1627985191 0 1 1.947
35308 1627985192 0 8 4.97 12.16 11.87
35309 1627985192 0 0 26.23 8.28 167.6 61.29 104.2 6.46 173.1 16.9 192.6 2.63 41.16 14.2
35310 1627985192 0 7 $GNGGA,100631.000,4424.03662,N,00853.68845,E,1,12,0.9,2.0,M,44.7,M,,*46
35311 1627985192 0 7 $GNGGA,100632.000,4424.03661,N,00853.68903,E,1,12,0.9,1.7,M,44.7,M,,*41
35312 1627985193 0 7 $GNGGA,100633.000,4424.03650,N,00853.68969,E,1,12,0.9,1.3,M,44.7,M,,*4A
35313 1627985194 0 3 2.55 0.00
35315 1627985194 0 5 0.02
35317 1627985194 0 8 4.98 12.29 11.89
35318 1627985195 0 1 1.989
35321 1627985195 0 7 $GNGGA,100635.000,4424.03630,N,00853.69112,E,1,12,0.9,1.3,M,44.7,M,,*4F
35322 1627985196 0 7 $GNGGA,100636.000,4424.03622,N,00853.69197,E,1,12,0.9,1.3,M,44.7,M,,*42
35323 1627985197 0 3 2.55 0.00
35325 1627985197 0 5 0.03
35326 1627985197 0 6 0.06
35327 1627985197 0 1 1.873
35328 1627985198 0 8 4.98 12.32 11.89
35329 1627985198 0 0 26.23 8.28 167.6 61.36 104.1 6.46 173.2 16.9 192.9 2.63 41.21 14.3
35331 1627985198 0 7 $GNGGA,100638.000,4424.03616,N,00853.69357,E,1,12,0.9,1.7,M,44.7,M,,*41
35332 1627985199 0 7 $GNGGA,100639.000,4424.03593,N,00853.69424,E,1,12,0.9,1.6,M,44.7,M,,*4C
35333 1627985200 0 3 2.55 0.00
35334 1627985200 0 4 2.53 1.42
35335 1627985200 0 5 0.02
35336 1627985200 0 6 0.06
35337 1627985200 0 8 4.98 12.14 11.87
35338 1627985201 0 1 2.053
35339 1627985201 0 0 26.22 8.28 167.6 61.26 104.1 6.46 173.4 16.9 193.0 2.62 41.14 14.3
35340 1627985201 0 7 $GNGGA,100640.000,4424.03567,N,00853.69487,E,1,12,0.9,1.5,M,44.7,M,,*43
35341 1627985201 0 7 $GNGGA,100641.000,4424.03544,N,00853.69554,E,1,12,0.9,1.8,M,44.7,M,,*41
35342 1627985202 0 7 $GNGGA,100642.000,4424.03533,N,00853.69619,E,1,12,0.9,2.0,M,44.7,M,,*43
35343 1627985203 0 3 2.55 0.00
35346 1627985203 0 6 0.06
35347 1627985203 0 1 2.358
35349 1627985204 0 0 26.22 8.28 167.6 61.28 104.2 6.46 173.2 17.0 193.2 2.61 41.15 14.3
35351 1627985204 0 7 $GNGGA,100644.000,4424.03519,N,00853.69733,E,1,12,0.9,2.6,M,44.7,M,,*42
35352 1627985205 0 7 $GNGGA,100645.000,4424.03511,N,00853.69796,E,1,12,0.9,2.7,M,44.7,M,,*45
35353 1627985206 0 3 2.55 0.00
35355 1627985206 0 5 0.03
35356 1627985206 0 6 0.07
35357 1627985206 0 8 4.98 12.14 11.89
35358 1627985207 0 1 2.093
35359 1627985207 0 0 26.22 8.28 167.6 61.34 104.1 6.46 173.2 16.9 192.9 2.65 41.20 14.2
35361 1627985207 0 7 $GNGGA,100647.000,4424.03474,N,00853.69932,E,1,12,0.9,2.3,M,44.7,M,,*41
35362 1627985208 0 7 $GNGGA,100648.000,4424.03447,N,00853.69994,E,1,12,0.9,1.7,M,44.7,M,,*45
35363 1627985209 0 3 2.55 0.00
35364 1627985209 0 4 2.53 1.42
35366 1627985210 0 6 0.06
35367 1627985210 0 1 2.778
35368 1627985210 0 8 4.98 12.17 11.89
35369 1627985210 0 0 26.21 8.28 167.6 61.29 104.1 6.46 173.3 16.9 193.0 2.65 41.16 14.3
35370 1627985210 0 7 $GNGGA,100649.000,4424.03429,N,00853.70054,E,1,12,0.9,1.3,M,44.7,M,,*45
35371 1627985210 0 7 $GNGGA,100650.000,4424.03408,N,00853.70116,E,1,12,0.9,1.0,M,44.7,M,,*4A
35372 1627985211 0 7 $GNGGA,100651.000,4424.03414,N,00853.70172,E,1,12,0.9,0.5,M,44.7,M,,*40
35373 1627985212 0 3 2.55 0.00
35374 1627985212 0 4 2.53 1.42
35375 1627985212 0 5 0.02
35376 1627985212 0 6 0.06
35377 1627985212 0 1 2.169
35378 1627985213 0 8 4.98 12.29 11.89
35380 1627985213 0 7 $GNGGA,100652.000,4424.03430,N,00853.70216,E,1,12,0.9,0.1,M,44.7,M,,*40
35381 1627985213 0 7 $GNGGA,100653.000,4424.03434,N,00853.70272,E,1,12,0.9,-0.1,M,44.7,M,,*6A
35382 1627985214 0 7 $GNGGA,100654.000,4424.03418,N,00853.70344,E,1,12,0.9,-0.2,M,44.7,M,,*64
35383 1627985215 0 3 2.55 0.00
35384 1627985215 0 4 2.53 1.42
35385 1627985215 0 5 0.02
35386 1627985215 0 6 0.07
35387 1627985215 0 8 4.98 12.29 11.89
35388 1627985216 0 1 1.993
35389 1627985216 0 0 26.21 8.28 167.6 61.26 104.1 6.46 173.3 17.0 193.1 2.68 41.13 14.3
35390 1627985216 0 7 $GNGGA,100655.000,4424.03411,N,00853.70399,E,1,12,0.9,-0.4,M,44.7,M,,*6A
35391 1627985216 0 7 $GNGGA,100656.000,4424.03399,N,00853.70458,E,1,12,0.9,-0.6,M,44.7,M,,*66
35392 1627985217 0 7 $GNGGA,100657.000,4424.03383,N,00853.70529,E,1,12,0.9,-0.7,M,44.7,M,,*6A
35393 1627985218 0 3 2.55 0.00
35394 1627985218 0 4 2.53 1.42
35395 1627985218 0 5 0.02
35396 1627985218 0 6 0.07
35397 1627985218 0 1 1.757
35398 1627985219 0 8 4.98 12.31 11.89
35399 1627985219 0 0 26.22 8.28 167.6 61.30 104.0 6.46 173.1 17.0 192.6 2.68 41.17 14.2
35400 1627985219 0 7 $GNGGA,100658.000,4424.03376,N,00853.70602,E,1,12,0.9,-0.9,M,44.7,M,,*6B
35401 1627985220 0 7 $GNGGA,100659.000,4424.03357,N,00853.70672,E,1,12,0.9,-0.9,M,44.7,M,,*6E
35402 1627985221 0 7 $GNGGA,100700.000,4424.03329,N,00853.70745,E,1,12,0.9,-1.0,M,44.7,M,,*67
35403 1627985221 0 3 2.55 0.00
35404 1627985221 0 4 2.53 1.42
35405 1627985221 0 5 0.02
35406 1627985221 0 6 0.05
35407 1627985221 0 8 4.98 12.28 11.89
35408 1627985222 0 1 2.096
35409 1627985222 0 0 26.21 8.28 167.6 61.29 104.0 6.46 173.2 16.9 193.2 2.65 41.16 14.2
35410 1627985222 0 7 $GNGGA,100701.000,4424.03323,N,00853.70809,E,1,12,0.9,-1.1,M,44.7,M,,*6A
35411 1627985222 0 7 $GNGGA,100702.000,4424.03300,N,00853.70878,E,1,12,0.9,-1.2,M,44.7,M,,*6D
35412 1627985223 0 7 $GNGGA,100703.000,4424.03294,N,00853.70963,E,1,12,0.9,-1.1,M,44.7,M,,*68
35413 1627985224 0 3 2.55 0.00
35414 1627985224 0 4 2.53 1.42
35415 1627985224 0 5 0.02
35416 1627985224 0 6 0.06
35417 1627985224 0 1 1.721
35418 1627985225 0 8 4.98 12.30 11.89
35419 1627985225 0 0 26.22 8.28 167.6 61.34 104.0 6.45 173.2 16.9 192.7 2.61 41.20 14.2
35420 1627985225 0 7 $GNGGA,100704.000,4424.03297,N,00853.71062,E,1,12,0.9,-0.9,M,44.7,M,,*6C
35421 1627985225 0 7 $GNGGA,100705.000,4424.03295,N,00853.71155,E,1,12,0.9,-0.9,M,44.7,M,,*6A
35422 1627985226 0 7 $GNGGA,100706.000,4424.03285,N,00853.71250,E,1,12,0.9,-0.8,M,44.7,M,,*6F
35423 1627985227 0 3 2.55 0.00
35424 1627985227 0 4 2.53 1.42
35425 1627985227 0 5 0.02
35426 1627985227 0 6 0.07
35427 1627985228 0 8 4.98 12.29 11.89
35428 1627985228 0 1 1.895
35429 1627985228 0 0 26.22 8.28 167.6 61.25 104.0 6.45 173.2 16.9 192.4 2.64 41.13 14.2
35430 1627985228 0 7 $GNGGA,100707.000,4424.03271,N,00853.71337,E,1,12,0.9,-1.0,M,44.7,M,,*6C
35431 1627985228 0 7 $GNGGA,100708.000,4424.03256,N,00853.71425,E,1,12,0.9,-1.5,M,44.7,M,,*67
35432 1627985229 0 7 $GNGGA,100709.000,4424.03244,N,00853.71527,E,1,12,0.9,-2.2,M,44.7,M,,*62
35433 1627985230 0 3 2.55 0.00
35434 1627985230 0 4 2.53 1.42
35435 1627985230 0 5 0.02
35436 1627985230 0 6 0.06
35437 1627985230 0 1 2.228
35438 1627985231 0 8 4.98 12.32 11.89
35439 1627985231 0 0 26.23 8.28 167.6 61.28 104.0 6.45 173.1 17.0 192.6 2.66 41.15 14.3
35441 1627985231 0 7 $GNGGA,100711.000,4424.03230,N,00853.71676,E,1,12,0.9,-2.9,M,44.7,M,,*64
35442 1627985232 0 7 $GNGGA,100712.000,4424.03210,N,00853.71754,E,1,12,0.9,-3.1,M,44.7,M,,*6D
35443 1627985233 0 3 2.55 0.00
35444 1627985233 0 4 2.53 1.42
35445 1627985233 0 5 0.03
35446 1627985233 0 6 0.06
35447 1627985233 0 8 4.98 12.28 11.89
35448 1627985234 0 1 2.075
35449 1627985234 0 0 26.20 8.28 167.5 61.31 103.9 6.45 173.4 16.9 193.1 2.67 41.17 14.2
35451 1627985234 0 7 $GNGGA,100714.000,4424.03187,N,00853.71906,E,1,12,0.9,-3.3,M,44.7,M,,*6D
35452 1627985235 0 7 $GNGGA,100715.000,4424.03178,N,00853.71977,E,1,12,0.9,-3.7,M,44.7,M,,*6E
35453 1627985236 0 3 2.55 0.00
35454 1627985236 0 4 2.53 1.43
35455 1627985236 0 5 0.02
35456 1627985236 0 6 0.06
35457 1627985236 0 1 2.980
35458 1627985237 0 8 4.98 12.32 11.89
35459 1627985237 0 0 26.20 8.28 167.6 61.32 103.9 6.45 173.5 16.9 192.9 2.66 41.18 14.2
35460 1627985237 0 7 $GNGGA,100716.000,4424.03188,N,00853.72032,E,1,12,0.9,-4.1,M,44.7,M,,*68
35461 1627985237 0 7 $GNGGA,100717.000,4424.03193,N,00853.72099,E,1,12,0.9,-4.4,M,44.7,M,,*67
35462 1627985238 0 7 $GNGGA,100718.000,4424.03205,N,00853.72175,E,1,12,0.9,-4.6,M,44.7,M,,*65
35463 1627985239 0 3 2.55 0.00
35464 1627985239 0 4 2.53 1.43
35465 1627985239 0 5 0.03
35466 1627985239 0 6 0.07
35467 1627985239 0 1 2.153
35468 1627985240 0 8 4.98 12.29 11.87
35469 1627985240 0 0 26.20 8.28 167.5 61.22 103.9 6.45 173.4 16.9 193.1 2.69 41.11 14.2
35470 1627985240 0 7 $GNGGA,100719.000,4424.03218,N,00853.72245,E,1,12,0.9,-4.7,M,44.7,M,,*69
35471 1627985240 0 7 $GNGGA,100720.000,4424.03194,N,00853.72314,E,1,12,0.9,-4.8,M,44.7,M,,*6E
35472 1627985241 0 7 $GNGGA,100721.000,4424.03145,N,00853.72389,E,1,12,0.9,-5.0,M,44.7,M,,*6E
35473 1627985242 0 3 2.55 0.00
35474 1627985242 0 4 2.53 1.43
35475 1627985242 0 5 0.02
35476 1627985242 0 6 0.07
35477 1627985242 0 8 4.98 12.29 11.89
35478 1627985243 0 1 1.951
35479 1627985243 0 0 26.24 8.28 167.5 61.32 103.9 6.44 173.1 17.0 192.4 2.71 41.18 14.3
35480 1627985243 0 7 $GNGGA,100722.000,4424.03096,N,00853.72473,E,1,12,0.9,-5.2,M,44.7,M,,*62
35481 1627985243 0 7 $GNGGA,100723.000,4424.03055,N,00853.72552,E,1,12,0.9,-5.1,M,44.7,M,,*6D
35482 1627985244 0 7 $GNGGA,100724.000,4424.03005,N,00853.72634,E,1,12,0.9,-5.1,M,44.7,M,,*6C
35483 1627985245 0 3 2.55 0.00
35486 1627985245 0 6 0.06
35487 1627985245 0 1 2.037
35488 1627985246 0 8 4.98 12.31 11.89
35489 1627985246 0 0 26.23 8.28 167.5 61.37 103.8 6.44 173.2 17.0 192.6 2.68 41.22 14.3
35490 1627985246 0 7 $GNGGA,100725.000,4424.02976,N,00853.72708,E,1,12,0.9,-4.8,M,44.7,M,,*67
35491 1627985246 0 7 $GNGGA,100726.000,4424.02978,N,00853.72776,E,1,12,0.9,-4.5,M,44.7,M,,*6E
35492 1627985247 0 7 $GNGGA,100727.000,4424.02987,N,00853.72840,E,1,12,0.9,-4.3,M,44.7,M,,*63
35493 1627985248 0 3 2.55 0.00
35494 1627985248 0 4 2.53 1.43
35495 1627985248 0 5 0.02
35496 1627985248 0 6 0.06
35497 1627985248 0 8 4.98 12.29 11.89
35498 1627985249 0 1 2.096
35500 1627985249 0 7 $GNGGA,100728.000,4424.02984,N,00853.72904,E,1,12,0.9,-4.0,M,44.7,M,,*6D
35501 1627985249 0 7 $GNGGA,100729.000,4424.02969,N,00853.72976,E,1,12,0.9,-3.8,M,44.7,M,,*65
35502 1627985250 0 2 0.04620000 2.38499999 1.21430003 0.01830000 2.67420005 0.00410000 0.04260000 0.20450000 1.00000000 90.65000152
35503 1627985250 0 7 $GNGGA,100730.000,4424.02963,N,00853.73049,E,1,12,0.9,-4.0,M,44.7,M,,*6C
35504 1627985251 0 3 2.55 0.00
35505 1627985251 0 4 2.53 1.43
35506 1627985251 0 5 0.02
35507 1627985251 0 6 0.06
35508 1627985251 0 1 1.876
35509 1627985252 0 8 4.98 12.32 11.89
35510 1627985252 0 0 26.23 8.28 167.4 61.26 103.7 6.44 173.2 17.0 192.5 2.67 41.13 14.3
35511 1627985252 0 7 $GNGGA,100731.000,4424.02964,N,00853.73116,E,1,12,0.9,-4.0,M,44.7,M,,*61
35512 1627985252 0 7 $GNGGA,100732.000,4424.02958,N,00853.73185,E,1,12,0.9,-3.9,M,44.7,M,,*69
35513 1627985253 0 7 $GNGGA,100733.000,4424.02934,N,00853.73258,E,1,12,0.9,-3.6,M,44.7,M,,*6E
35514 1627985254 0 3 2.55 0.00
35515 1627985254 0 4 2.53 1.43
35516 1627985254 0 5 0.02
35517 1627985254 0 6 0.07
35518 1627985255 0 8 4.98 12.29 11.87
35519 1627985255 0 1 1.761
35520 1627985255 0 0 26.24 8.28 167.5 61.27 103.7 6.44 173.0 17.0 192.4 2.68 41.14 14.3
35521 1627985255 0 7 $GNGGA,100734.000,4424.02909,N,00853.73341,E,1,12,0.9,-3.3,M,44.7,M,,*6B
35522 1627985255 0 7 $GNGGA,100735.000,4424.02877,N,00853.73410,E,1,12,0.9,-3.2,M,44.7,M,,*60
35523 1627985256 0 7 $GNGGA,100736.000,4424.02838,N,00853.73461,E,1,12,0.9,-3.1,M,44.7,M,,*6D
35524 1627985257 0 3 2.55 0.00
35525 1627985257 0 4 2.53 1.43
35526 1627985257 0 5 0.02
35527 1627985258 0 6 0.07
35528 1627985258 0 1 2.401
35529 1627985258 0 8 4.98 12.32 11.89
35530 1627985258 0 0 26.23 8.28 167.5 61.35 103.7 6.43 173.2 17.0 192.7 2.69 41.21 14.3
35531 1627985258 0 7 $GNGGA,100737.000,4424.02812,N,00853.73513,E,1,12,0.9,-3.0,M,44.7,M,,*61
35532 1627985258 0 7 $GNGGA,100738.000,4424.02806,N,00853.73574,E,1,12,0.9,-2.7,M,44.7,M,,*6C
35533 1627985259 0 7 $GNGGA,100739.000,4424.02822,N,00853.73634,E,1,12,0.9,-2.4,M,44.7,M,,*6F
35534 1627985260 0 3 2.55 0.00
35535 1627985260 0 4 2.53 1.43
35536 1627985260 0 5 0.02
35537 1627985260 0 6 0.06
35538 1627985260 0 8 4.98 12.29 11.89
35539 1627985261 0 1 2.020
35542 1627985261 0 7 $GNGGA,100741.000,4424.02833,N,00853.73774,E,1,12,0.9,-2.0,M,44.7,M,,*61
35543 1627985262 0 7 $GNGGA,100742.000,4424.02830,N,00853.73840,E,1,12,0.9,-2.0,M,44.7,M,,*69
35547 1627985263 0 6 0.06
35552 1627985264 0 7 $GNGGA,100744.000,4424.02810,N,00853.73981,E,1,12,0.9,-1.7,M,44.7,M,,*65
35553 1627985265 0 7 $GNGGA,100745.000,4424.02806,N,00853.74052,E,1,12,0.9,-1.7,M,44.7,M,,*63
35556 1627985266 0 5 0.02
35557 1627985266 0 6 0.06
35558 1627985267 0 1 2.038
35562 1627985267 0 7 $GNGGA,100747.000,4424.02797,N,00853.74189,E,1,12,0.9,-1.6,M,44.7,M,,*60
35563 1627985268 0 7 $GNGGA,100748.000,4424.02795,N,00853.74249,E,1,12,0.9,-1.5,M,44.7,M,,*61
35564 1627985269 0 3 2.55 0.00
35565 1627985269 0 4 2.53 1.43
35567 1627985269 0 6 0.06
35568 1627985270 0 8 4.98 12.29 11.89
35572 1627985270 0 7 $GNGGA,100750.000,4424.02790,N,00853.74394,E,1,12,0.9,-2.1,M,44.7,M,,*6B
35573 1627985271 0 7 $GNGGA,100751.000,4424.02793,N,00853.74479,E,1,12,0.9,-2.5,M,44.7,M,,*69
35574 1627985272 0 3 2.55 0.00
35575 1627985272 0 4 2.53 1.42
35576 1627985272 0 5 0.02
35581 1627985273 0 7 $GNGGA,100752.000,4424.02800,N,00853.74570,E,1,12,0.9,-2.9,M,44.7,M,,*6B
35582 1627985273 0 7 $GNGGA,100753.000,4424.02805,N,00853.74654,E,1,12,0.9,-3.1,M,44.7,M,,*63
35583 1627985274 0 7 $GNGGA,100754.000,4424.02811,N,00853.74737,E,1,12,0.9,-3.3,M,44.7,M,,*67
35584 1627985275 0 3 2.55 0.00
35585 1627985275 0 4 2.53 1.42
35586 1627985275 0 5 0.02
35587 1627985275 0 6 0.07
35588 1627985276 0 8 4.98 12.29 11.89
35589 1627985276 0 1 1.974
35590 1627985276 0 0 26.25 8.28 167.4 61.29 103.6 6.42 173.1 17.0 192.4 2.66 41.16 14.3
35591 1627985276 0 7 $GNGGA,100755.000,4424.02819,N,00853.74814,E,1,12,0.9,-3.7,M,44.7,M,,*64
35592 1627985276 0 7 $GNGGA,100756.000,4424.02824,N,00853.74885,E,1,12,0.9,-3.7,M,44.7,M,,*61
35593 1627985277 0 7 $GNGGA,100757.000,4424.02830,N,00853.74958,E,1,12,0.9,-3.9,M,44.7,M,,*6A
35594 1627985278 0 3 2.55 0.00
35595 1627985278 0 4 2.53 1.42
35596 1627985278 0 5 0.02
35597 1627985278 0 6 0.08
35598 1627985279 0 1 1.656
35599 1627985279 0 8 4.98 12.32 11.89
35600 1627985279 0 0 26.28 8.28 167.4 61.38 103.6 6.42 172.9 17.0 192.2 2.68 41.22 14.3
35601 1627985279 0 7 $GNGGA,100758.000,4424.02834,N,00853.75030,E,1,12,0.9,-4.1,M,44.7,M,,*68
35602 1627985279 0 7 $GNGGA,100759.000,4424.02849,N,00853.75106,E,1,12,0.9,-4.2,M,44.7,M,,*64
35603 1627985280 0 7 $GNGGA,100800.000,4424.02858,N,00853.75191,E,1,12,0.9,-4.2,M,44.7,M,,*69
35604 1627985281 0 3 2.55 0.00
35605 1627985281 0 4 2.53 1.42
35606 1627985281 0 5 0.03
35607 1627985281 0 6 0.06
35608 1627985282 0 8 4.98 12.29 11.89
35609 1627985282 0 1 1.916
35610 1627985282 0 0 26.26 8.28 167.4 61.36 103.6 6.42 173.0 17.0 192.8 2.64 41.21 14.3
35611 1627985282 0 7 $GNGGA,100801.000,4424.02849,N,00853.75253,E,1,12,0.9,-4.0,M,44.7,M,,*67
35612 1627985282 0 7 $GNGGA,100802.000,4424.02834,N,00853.75311,E,1,12,0.9,-3.8,M,44.7,M,,*66
35613 1627985283 0 7 $GNGGA,100803.000,4424.02817,N,00853.75379,E,1,12,0.9,-3.6,M,44.7,M,,*66
35614 1627985284 0 3 2.55 0.00
35615 1627985284 0 4 2.53 1.42
35616 1627985284 0 5 0.02
35617 1627985284 0 6 0.06
35618 1627985285 0 1 2.323
35619 1627985285 0 8 4.98 12.32 11.89
35620 1627985285 0 0 26.24 8.28 167.4 61.28 103.6 6.43 173.3 16.9 193.0 2.64 41.15 14.3
35621 1627985285 0 7 $GNGGA,100804.000,4424.02789,N,00853.75449,E,1,12,0.9,-3.4,M,44.7,M,,*6F
35622 1627985285 0 7 $GNGGA,100805.000,4424.02767,N,00853.75515,E,1,12,0.9,-3.2,M,44.7,M,,*60
35623 1627985286 0 7 $GNGGA,100806.000,4424.02744,N,00853.75581,E,1,12,0.9,-3.2,M,44.7,M,,*6F
35624 1627985287 0 3 2.55 0.00
35625 1627985287 0 4 2.53 1.42
35626 1627985287 0 5 0.03
35627 1627985287 0 6 0.06
35628 1627985288 0 8 4.98 12.29 11.89
35629 1627985288 0 1 1.968
35630 1627985288 0 0 26.25 8.28 167.4 61.25 103.7 6.43 173.0 17.0 193.2 2.62 41.13 14.3
35631 1627985288 0 7 $GNGGA,100807.000,4424.02716,N,00853.75653,E,1,12,0.9,-3.2,M,44.7,M,,*65
35632 1627985288 0 7 $GNGGA,100808.000,4424.02687,N,00853.75733,E,1,12,0.9,-3.0,M,44.7,M,,*66
35633 1627985289 0 7 $GNGGA,100809.000,4424.02657,N,00853.75809,E,1,12,0.9,-2.9,M,44.7,M,,*64
35634 1627985290 0 3 2.55 0.00
35635 1627985290 0 4 2.53 1.42
35636 1627985290 0 5 0.03
35637 1627985290 0 6 0.06
35638 1627985291 0 1 2.640
35639 1627985291 0 8 4.98 12.32 11.89
35640 1627985291 0 0 26.27 8.28 167.4 61.34 103.7 6.43 172.9 17.0 192.6 2.61 41.20 14.3
35641 1627985291 0 7 $GNGGA,100810.000,4424.02639,N,00853.75893,E,1,12,0.9,-3.1,M,44.7,M,,*6E
35642 1627985291 0 7 $GNGGA,100811.000,4424.02633,N,00853.75960,E,1,12,0.9,-3.3,M,44.7,M,,*6A
35643 1627985292 0 7 $GNGGA,100812.000,4424.02628,N,00853.76020,E,1,12,0.9,-3.6,M,44.7,M,,*68
35644 1627985293 0 3 2.55 0.00
35645 1627985293 0 4 2.53 1.42
35646 1627985293 0 5 0.02
35647 1627985293 0 6 0.06
35648 1627985294 0 1 1.753
35649 1627985294 0 8 4.98 12.29 11.89
35650 1627985294 0 0 26.27 8.28 167.4 61.29 103.6 6.42 172.9 17.0 192.0 2.59 41.15 14.3
35651 1627985294 0 7 $GNGGA,100813.000,4424.02623,N,00853.76091,E,1,12,0.9,-3.8,M,44.7,M,,*66
35652 1627985294 0 7 $GNGGA,100814.000,4424.02604,N,00853.76156,E,1,12,0.9,-3.9,M,44.7,M,,*6F
35653 1627985295 0 7 $GNGGA,100815.000,4424.02567,N,00853.76214,E,1,12,0.9,-3.8,M,44.7,M,,*6C
35654 1627985296 0 3 2.55 0.00
35655 1627985296 0 4 2.53 1.42
35656 1627985296 0 5 0.02
35657 1627985296 0 6 0.07
35658 1627985297 0 8 4.98 12.29 11.89
35659 1627985297 0 1 1.939
35660 1627985297 0 0 26.27 8.28 167.4 61.33 103.6 6.42 173.1 17.0 192.5 2.61 41.18 14.3
35661 1627985297 0 7 $GNGGA,100816.000,4424.02537,N,00853.76274,E,1,12,0.9,-4.1,M,44.7,M,,*62
35662 1627985297 0 7 $GNGGA,100817.000,4424.02524,N,00853.76332,E,1,12,0.9,-4.3,M,44.7,M,,*60
35663 1627985298 0 7 $GNGGA,100818.000,4424.02520,N,00853.76387,E,1,12,0.9,-4.5,M,44.7,M,,*63
35664 1627985299 0 3 2.55 0.00
35665 1627985299 0 4 2.53 1.42
35666 1627985299 0 5 0.02
35667 1627985299 0 6 0.06
35668 1627985300 0 1 2.035
35669 1627985300 0 8 4.98 12.31 11.89
35670 1627985300 0 0 26.27 8.28 167.3 61.35 103.6 6.42 173.1 17.0 192.4 2.62 41.20 14.3
35671 1627985300 0 7 $GNGGA,100819.000,4424.02504,N,00853.76454,E,1,12,0.9,-4.8,M,44.7,M,,*60
35672 1627985300 0 7 $GNGGA,100820.000,4424.02474,N,00853.76525,E,1,12,0.9,-4.9,M,44.7,M,,*6A
35673 1627985301 0 7 $GNGGA,100821.000,4424.02433,N,00853.76584,E,1,12,0.9,-4.7,M,44.7,M,,*6D
35674 1627985302 0 3 2.55 0.00
35675 1627985302 0 4 2.53 1.42
35676 1627985302 0 5 0.02
35677 1627985302 0 6 0.06
35678 1627985302 0 8 4.98 12.29 11.89
35679 1627985303 0 1 2.137
35680 1627985303 0 0 26.27 8.28 167.4 61.34 103.7 6.43 172.9 17.0 192.8 2.61 41.19 14.3
35681 1627985303 0 7 $GNGGA,100822.000,4424.02405,N,00853.76645,E,1,12,0.9,-4.5,M,44.7,M,,*67
35682 1627985303 0 7 $GNGGA,100823.000,4424.02403,N,00853.76714,E,1,12,0.9,-4.6,M,44.7,M,,*66
35683 1627985304 0 7 $GNGGA,100824.000,4424.02416,N,00853.76789,E,1,12,0.9,-4.7,M,44.7,M,,*60
35684 1627985305 0 3 2.55 0.00
35685 1627985305 0 4 2.53 1.41
35686 1627985305 0 5 0.02
35687 1627985305 0 6 0.06
35688 1627985305 0 1 1.992
35689 1627985306 0 8 4.98 12.31 11.89
35690 1627985306 0 0 26.27 8.28 167.3 61.28 103.7 6.43 173.0 17.0 192.6 2.59 41.15 14.3
35692 1627985306 0 7 $GNGGA,100826.000,4424.02410,N,00853.76915,E,1,12,0.9,-4.7,M,44.7,M,,*6F
35693 1627985307 0 7 $GNGGA,100827.000,4424.02408,N,00853.76974,E,1,12,0.9,-4.9,M,44.7,M,,*6E
35694 1627985308 0 3 2.55 0.00
35699 1627985308 0 1 1.978
35703 1627985310 0 7 $GNGGA,100830.000,4424.02399,N,00853.77190,E,1,12,0.9,-6.0,M,44.7,M,,*6F
35704 1627985311 0 3 2.55 0.00
35705 1627985311 0 4 2.53 1.41
35706 1627985311 0 5 0.02
35707 1627985311 0 6 0.07
35708 1627985311 0 1 2.439
35709 1627985312 0 8 4.97 12.17 11.87
35710 1627985312 0 0 26.27 8.28 167.3 61.23 103.7 6.43 172.9 17.0 192.7 2.65 41.11 14.3
35711 1627985312 0 7 $GNGGA,100831.000,4424.02421,N,00853.77261,E,1,12,0.9,-6.6,M,44.7,M,,*61
35712 1627985312 0 7 $GNGGA,100832.000,4424.02437,N,00853.77332,E,1,12,0.9,-6.9,M,44.7,M,,*6D
35713 1627985313 0 7 $GNGGA,100833.000,4424.02485,N,00853.77411,E,1,12,0.9,-7.6,M,44.7,M,,*6D
35714 1627985314 0 3 2.55 0.00
35715 1627985314 0 4 2.53 1.41
35716 1627985314 0 5 0.02
35717 1627985314 0 6 0.05
35718 1627985314 0 8 4.98 12.29 11.89
35719 1627985314 0 1 2.056
35720 1627985315 0 0 26.27 8.28 167.2 61.32 103.8 6.43 173.0 17.0 192.8 2.62 41.18 14.3
35722 1627985315 0 7 $GNGGA,100835.000,4424.02476,N,00853.77551,E,1,12,0.9,-8.4,M,44.7,M,,*6F
35723 1627985316 0 7 $GNGGA,100836.000,4424.02439,N,00853.77601,E,1,12,0.9,-8.9,M,44.7,M,,*6C
35724 1627985317 0 3 2.55 0.00
35725 1627985317 0 4 2.53 1.41
35726 1627985317 0 5 0.02
35727 1627985317 0 6 0.06
35728 1627985317 0 1 3.158
35729 1627985318 0 8 4.98 12.31 11.89
35730 1627985318 0 0 26.26 8.28 167.3 61.35 103.8 6.43 173.3 17.0 192.9 2.62 41.20 14.3
35731 1627985318 0 7 $GNGGA,100837.000,4424.02434,N,00853.77655,E,1,12,0.9,-8.9,M,44.7,M,,*61
35732 1627985318 0 7 $GNGGA,100838.000,4424.02436,N,00853.77711,E,1,12,0.9,-8.8,M,44.7,M,,*6C
35733 1627985319 0 7 $GNGGA,100839.000,4424.02426,N,00853.77778,E,1,12,0.9,-8.7,M,44.7,M,,*6C
35734 1627985320 0 3 2.55 0.00
35735 1627985320 0 4 2.53 1.42
35736 1627985320 0 5 0.02
35737 1627985320 0 6 0.07
35738 1627985320 0 1 2.404
35739 1627985321 0 8 4.97 12.14 11.89
35740 1627985321 0 0 26.25 8.28 167.3 61.36 103.8 6.44 173.3 16.9 192.8 2.65 41.21 14.3
35741 1627985321 0 7 $GNGGA,100840.000,4424.02405,N,00853.77843,E,1,12,0.9,-8.7,M,44.7,M,,*64
35742 1627985321 0 7 $GNGGA,100841.000,4424.02385,N,00853.77887,E,1,12,0.9,-8.6,M,44.7,M,,*63
35743 1627985322 0 7 $GNGGA,100842.000,4424.02382,N,00853.77923,E,1,12,0.9,-8.5,M,44.7,M,,*6B
35744 1627985323 0 3 2.55 0.00
35747 1627985323 0 6 0.08
35748 1627985323 0 8 4.98 12.29 11.89
35750 1627985324 0 0 26.26 8.28 167.3 61.34 103.8 6.44 173.1 17.0 192.7 2.69 41.19 14.3
35752 1627985324 0 7 $GNGGA,100844.000,4424.02384,N,00853.77964,E,1,12,0.9,-8.7,M,44.7,M,,*6A
35753 1627985325 0 7 $GNGGA,100845.000,4424.02382,N,00853.77998,E,1,12,0.9,-8.9,M,44.7,M,,*60
35754 1627985326 0 3 2.55 0.00
35755 1627985326 0 4 2.53 1.41
35756 1627985326 0 5 0.02
35757 1627985326 0 6 0.07
35758 1627985326 0 1 2.226
35760 1627985327 0 0 26.26 8.28 167.3 61.33 103.8 6.44 173.1 17.0 192.6 2.75 41.19 14.3
35761 1627985327 0 7 $GNGGA,100846.000,4424.02366,N,00853.78037,E,1,12,0.9,-9.0,M,44.7,M,,*62
35762 1627985327 0 7 $GNGGA,100847.000,4424.02346,N,00853.78104,E,1,12,0.9,-9.0,M,44.7,M,,*60
35763 1627985328 0 7 $GNGGA,100848.000,4424.02339,N,00853.78183,E,1,12,0.9,-9.0,M,44.7,M,,*68
35764 1627985329 0 3 2.55 0.00
35765 1627985329 0 4 2.53 1.41
35766 1627985329 0 5 0.02
35767 1627985329 0 6 0.06
35768 1627985329 0 8 4.97 12.15 11.89
35769 1627985329 0 1 2.272
35770 1627985330 0 0 26.26 8.28 167.3 61.24 103.9 6.44 173.1 17.0 193.0 2.73 41.12 14.3
35771 1627985330 0 7 $GNGGA,100849.000,4424.02329,N,00853.78247,E,1,12,0.9,-8.9,M,44.7,M,,*6B
35772 1627985330 0 7 $GNGGA,100850.000,4424.02306,N,00853.78304,E,1,12,0.9,-8.5,M,44.7,M,,*64
35773 1627985331 0 7 $GNGGA,100851.000,4424.02291,N,00853.78371,E,1,12,0.9,-8.3,M,44.7,M,,*6E
35774 1627985332 0 3 2.55 0.00
35775 1627985332 0 4 2.53 1.42
35776 1627985332 0 5 0.02
35777 1627985332 0 6 0.06
35778 1627985332 0 1 2.152
35779 1627985333 0 8 4.98 12.30 11.89
35781 1627985333 0 7 $GNGGA,100852.000,4424.02279,N,00853.78438,E,1,12,0.9,-8.2,M,44.7,M,,*60
35782 1627985333 0 7 $GNGGA,100853.000,4424.02276,N,00853.78495,E,1,12,0.9,-8.1,M,44.7,M,,*6A
35783 1627985334 0 7 $GNGGA,100854.000,4424.02280,N,00853.78561,E,1,12,0.9,-7.9,M,44.7,M,,*69
35784 1627985335 0 3 2.55 0.00
35785 1627985335 0 4 2.53 1.41
35786 1627985335 0 5 0.02
35787 1627985335 0 6 0.06
35788 1627985335 0 8 4.98 12.29 11.89
35789 1627985335 0 1 2.150
35790 1627985336 0 0 26.26 8.28 167.2 61.25 103.8 6.44 173.3 17.0 192.6 2.77 41.13 14.3
35791 1627985336 0 7 $GNGGA,100855.000,4424.02279,N,00853.78632,E,1,12,0.9,-7.8,M,44.7,M,,*6A
35792 1627985336 0 7 $GNGGA,100856.000,4424.02284,N,00853.78698,E,1,12,0.9,-7.8,M,44.7,M,,*6B
35793 1627985337 0 7 $GNGGA,100857.000,4424.02295,N,00853.78771,E,1,12,0.9,-8.2,M,44.7,M,,*69
35794 1627985338 0 3 2.55 0.00
35795 1627985338 0 4 2.53 1.40
35796 1627985338 0 5 0.03
35797 1627985338 0 6 0.06
35798 1627985338 0 1 2.542
35799 1627985339 0 8 4.98 12.33 11.89
35800 1627985339 0 0 26.25 8.28 167.3 61.33 103.9 6.44 173.2 17.0 192.8 2.75 41.19 14.3
35801 1627985339 0 7 $GNGGA,100858.000,4424.02310,N,00853.78841,E,1,12,0.9,-8.6,M,44.7,M,,*62
35802 1627985339 0 7 $GNGGA,100859.000,4424.02322,N,00853.78912,E,1,12,0.9,-8.9,M,44.7,M,,*6A
35803 1627985340 0 7 $GNGGA,100900.000,4424.02308,N,00853.78984,E,1,12,0.9,-8.9,M,44.7,M,,*60
35804 1627985341 0 3 2.55 0.00
35805 1627985341 0 4 2.53 1.40
35806 1627985341 0 5 0.02
35807 1627985341 0 6 0.07
35808 1627985341 0 8 4.98 12.27 11.87
35809 1627985342 0 1 2.052
35810 1627985342 0 0 26.25 8.28 167.2 61.29 103.9 6.45 173.2 17.0 192.7 2.75 41.16 14.3
35811 1627985342 0 7 $GNGGA,100901.000,4424.02289,N,00853.79055,E,1,12,0.9,-9.1,M,44.7,M,,*64
35812 1627985342 0 7 $GNGGA,100902.000,4424.02256,N,00853.79121,E,1,12,0.9,-9.1,M,44.7,M,,*67
35813 1627985343 0 7 $GNGGA,100903.000,4424.02216,N,00853.79187,E,1,12,0.9,-8.9,M,44.7,M,,*67
35814 1627985344 0 3 2.55 0.00
35818 1627985344 0 1 2.698
35822 1627985345 0 7 $GNGGA,100905.000,4424.02192,N,00853.79323,E,1,12,0.9,-8.5,M,44.7,M,,*6E
35823 1627985346 0 7 $GNGGA,100906.000,4424.02181,N,00853.79397,E,1,12,0.9,-8.5,M,44.7,M,,*60
35824 1627985347 0 3 2.55 0.00
35832 1627985348 0 7 $GNGGA,100908.000,4424.02155,N,00853.79524,E,1,12,0.9,-8.1,M,44.7,M,,*6D
35833 1627985349 0 7 $GNGGA,100909.000,4424.02152,N,00853.79602,E,1,12,0.9,-8.3,M,44.7,M,,*6E
35834 1627985350 0 3 2.55 0.00
35835 1627985350 0 4 2.53 1.41
35836 1627985350 0 5 0.03
35837 1627985350 0 6 0.06
35838 1627985350 0 8 4.98 12.29 11.89
35839 1627985350 0 1 2.116
35841 1627985351 0 7 $GNGGA,100910.000,4424.02139,N,00853.79682,E,1,12,0.9,-8.4,M,44.7,M,,*64
35842 1627985351 0 7 $GNGGA,100911.000,4424.02127,N,00853.79754,E,1,12,0.9,-8.3,M,44.7,M,,*67
35843 1627985352 0 7 $GNGGA,100912.000,4424.02112,N,00853.79823,E,1,12,0.9,-8.3,M,44.7,M,,*6D
35844 1627985353 0 3 2.55 0.00
35852 1627985354 0 7 $GNGGA,100914.000,4424.02046,N,00853.79975,E,1,12,0.9,-8.3,M,44.7,M,,*69
35853 1627985355 0 7 $GNGGA,100915.000,4424.02003,N,00853.80049,E,1,12,0.9,-8.0,M,44.7,M,,*6A
35854 1627985356 0 3 2.55 0.00
35857 1627985356 0 6 0.07
35858 1627985356 0 8 4.98 12.29 11.89
35859 1627985356 0 1 2.130
35860 1627985357 0 0 26.25 8.28 167.2 61.26 104.0 6.45 173.3 17.0 192.8 2.69 41.13 14.3
35861 1627985357 0 7 $GNGGA,100916.000,4424.01973,N,00853.80121,E,1,12,0.9,-7.7,M,44.7,M,,*63
35862 1627985357 0 7 $GNGGA,100917.000,4424.01959,N,00853.80187,E,1,12,0.9,-7.6,M,44.7,M,,*67
35863 1627985358 0 7 $GNGGA,100918.000,4424.01967,N,00853.80249,E,1,12,0.9,-7.4,M,44.7,M,,*66
35864 1627985359 0 3 2.55 0.00
35865 1627985359 0 4 2.53 1.41
35866 1627985359 0 5 0.02
35867 1627985359 0 6 0.06
35868 1627985359 0 1 2.028
35869 1627985360 0 8 4.97 12.31 11.89
35870 1627985360 0 0 26.25 8.28 167.2 61.29 104.0 6.45 173.3 17.0 192.9 2.66 41.16 14.3
35871 1627985360 0 7 $GNGGA,100919.000,4424.01968,N,00853.80314,E,1,12,0.9,-7.3,M,44.7,M,,*66
35872 1627985360 0 7 $GNGGA,100920.000,4424.01959,N,00853.80392,E,1,12,0.9,-7.5,M,44.7,M,,*66
35873 1627985361 0 7 $GNGGA,100921.000,4424.01962,N,00853.80472,E,1,12,0.9,-7.5,M,44.7,M,,*66
35874 1627985362 0 3 2.55 0.00
35875 1627985362 0 4 2.53 1.41
35876 1627985362 0 5 0.02
35877 1627985362 0 6 0.05
35878 1627985362 0 8 4.98 12.29 11.89
35879 1627985362 0 1 1.934
35880 1627985363 0 0 26.26 8.28 167.2 61.27 104.1 6.46 173.2 17.0 192.7 2.58 41.14 14.3
35881 1627985363 0 7 $GNGGA,100922.000,4424.01995,N,00853.80549,E,1,12,0.9,-7.5,M,44.7,M,,*64
35882 1627985363 0 7 $GNGGA,100923.000,4424.02011,N,00853.80617,E,1,12,0.9,-7.5,M,44.7,M,,*6B
35883 1627985364 0 7 $GNGGA,100924.000,4424.02001,N,00853.80698,E,1,12,0.9,-7.7,M,44.7,M,,*68
35884 1627985365 0 3 2.55 0.00
35885 1627985365 0 4 2.53 1.41
35886 1627985365 0 5 0.03
35887 1627985365 0 6 0.07
35888 1627985365 0 1 2.410
35889 1627985366 0 8 4.98 12.32 11.89
35890 1627985366 0 0 26.25 8.28 167.2 61.24 104.1 6.46 173.3 17.0 192.7 2.55 41.11 14.3
35891 1627985366 0 7 $GNGGA,100925.000,4424.01993,N,00853.80785,E,1,12,0.9,-7.8,M,44.7,M,,*6A
35892 1627985366 0 7 $GNGGA,100926.000,4424.01983,N,00853.80868,E,1,12,0.9,-7.9,M,44.7,M,,*65
35893 1627985367 0 7 $GNGGA,100927.000,4424.01978,N,00853.80944,E,1,12,0.9,-7.9,M,44.7,M,,*6F
35894 1627985368 0 3 2.55 0.00
35895 1627985368 0 4 2.53 1.41
35896 1627985368 0 5 0.03
35899 1627985368 0 1 2.161
35901 1627985369 0 7 $GNGGA,100928.000,4424.01972,N,00853.81019,E,1,12,0.9,-7.9,M,44.7,M,,*6A
35902 1627985369 0 7 $GNGGA,100929.000,4424.01952,N,00853.81096,E,1,12,0.9,-7.8,M,44.7,M,,*6F
35903 1627985370 0 2 0.04620000 2.69359993 1.27429997 0.02070000 2.72950005 0.00400000 0.04620000 0.20479998 1.00000000 89.90699768
35904 1627985370 0 7 $GNGGA,100930.000,4424.01928,N,00853.81173,E,1,12,0.9,-7.9,M,44.7,M,,*61
35905 1627985371 0 3 2.55 0.00
35906 1627985371 0 4 2.53 1.41
35907 1627985371 0 5 0.03
35908 1627985371 0 6 0.05
35909 1627985371 0 8 4.98 12.29 11.89
35910 1627985371 0 1 2.162
35911 1627985372 0 0 26.24 8.28 167.1 61.24 104.1 6.46 173.4 17.0 192.8 2.64 41.12 14.3
35912 1627985372 0 7 $GNGGA,100931.000,4424.01906,N,00853.81252,E,1,12,0.9,-7.9,M,44.7,M,,*6C
35913 1627985372 0 7 $GNGGA,100932.000,4424.01888,N,00853.81320,E,1,12,0.9,-7.8,M,44.7,M,,*6D
35914 1627985373 0 7 $GNGGA,100933.000,4424.01872,N,00853.81390,E,1,12,0.9,-7.4,M,44.7,M,,*6E
35915 1627985374 0 3 2.55 0.00
35916 1627985374 0 4 2.53 1.41
35917 1627985374 0 5 0.03
35918 1627985374 0 6 0.06
35919 1627985374 0 1 1.898
35920 1627985375 0 8 4.98 12.29 11.89
35921 1627985375 0 0 26.25 8.28 167.1 61.25 104.1 6.46 173.4 17.0 192.6 2.64 41.13 14.3
35922 1627985375 0 7 $GNGGA,100934.000,4424.01864,N,00853.81465,E,1,12,0.9,-7.1,M,44.7,M,,*66
35923 1627985375 0 7 $GNGGA,100935.000,4424.01870,N,00853.81543,E,1,12,0.9,-6.9,M,44.7,M,,*6E
35924 1627985376 0 7 $GNGGA,100936.000,4424.01874,N,00853.81624,E,1,12,0.9,-6.8,M,44.7,M,,*6A
35925 1627985377 0 3 2.55 0.00
35926 1627985377 0 4 2.53 1.41
35927 1627985377 0 5 0.03
35928 1627985377 0 6 0.06
35929 1627985377 0 8 4.98 12.29 11.89
35930 1627985377 0 1 2.065
35931 1627985377 0 7 $GNGGA,100937.000,4424.01864,N,00853.81704,E,1,12,0.9,-6.6,M,44.7,M,,*67
35932 1627985378 0 0 26.26 8.28 167.2 61.28 104.0 6.45 173.2 17.0 192.4 2.62 41.15 14.3
35933 1627985378 0 7 $GNGGA,100938.000,4424.01859,N,00853.81774,E,1,12,0.9,-6.3,M,44.7,M,,*64
35934 1627985379 0 7 $GNGGA,100939.000,4424.01839,N,00853.81846,E,1,12,0.9,-6.1,M,44.7,M,,*6F
35943 1627985381 0 7 $GNGGA,100941.000,4424.01837,N,00853.81986,E,1,12,0.9,-5.8,M,44.7,M,,*69
35944 1627985382 0 7 $GNGGA,100942.000,4424.01845,N,00853.82062,E,1,12,0.9,-5.7,M,44.7,M,,*60
35947 1627985383 0 5 0.02
35952 1627985384 0 0 26.25 8.28 167.2 61.32 104.0 6.45 173.2 17.0 192.5 2.67 41.18 14.3
35953 1627985384 0 7 $GNGGA,100944.000,4424.01833,N,00853.82228,E,1,12,0.9,-5.5,M,44.7,M,,*69
35954 1627985385 0 7 $GNGGA,100945.000,4424.01812,N,00853.82304,E,1,12,0.9,-5.6,M,44.7,M,,*67
35955 1627985386 0 3 2.55 0.00
35959 1627985386 0 1 2.091
35960 1627985386 0 8 4.98 12.32 11.89
35961 1627985386 0 7 $GNGGA,100946.000,4424.01773,N,00853.82389,E,1,12,0.9,-5.8,M,44.7,M,,*67
35962 1627985387 0 0 26.25 8.28 167.1 61.28 104.0 6.45 173.3 17.0 192.6 2.66 41.15 14.3
35963 1627985387 0 7 $GNGGA,100947.000,4424.01703,N,00853.82489,E,1,12,0.9,-6.0,M,44.7,M,,*6D
35964 1627985388 0 7 $GNGGA,100948.000,4424.01657,N,00853.82584,E,1,12,0.9,-6.3,M,44.7,M,,*6D
35965 1627985389 0 3 2.55 0.00
35969 1627985389 0 8 4.98 12.29 11.89
35971 1627985389 0 7 $GNGGA,100949.000,4424.01632,N,00853.82676,E,1,12,0.9,-6.7,M,44.7,M,,*65
35972 1627985390 0 0 26.26 8.28 167.2 61.29 104.0 6.45 173.2 17.0 192.4 2.66 41.15 14.2
35973 1627985390 0 7 $GNGGA,100950.000,4424.01618,N,00853.82764,E,1,12,0.9,-7.0,M,44.7,M,,*61
35974 1627985391 0 7 $GNGGA,100951.000,4424.01607,N,00853.82843,E,1,12,0.9,-7.2,M,44.7,M,,*66
35975 1627985392 0 3 2.55 0.00
35976 1627985392 0 4 2.53 1.41
35977 1627985392 0 5 0.03
35978 1627985392 0 6 0.06
35979 1627985392 0 1 2.216
35980 1627985392 0 8 4.98 12.32 11.89
35981 1627985392 0 7 $GNGGA,100952.000,4424.01593,N,00853.82911,E,1,12,0.9,-7.2,M,44.7,M,,*6D
35982 1627985393 0 0 26.26 8.28 167.1 61.28 104.0 6.45 173.0 17.0 192.5 2.67 41.15 14.2
35983 1627985393 0 7 $GNGGA,100953.000,4424.01581,N,00853.82985,E,1,12,0.9,-7.4,M,44.7,M,,*64
35984 1627985394 0 7 $GNGGA,100954.000,4424.01574,N,00853.83068,E,1,12,0.9,-7.5,M,44.7,M,,*63
35985 1627985395 0 3 2.55 0.00
35986 1627985395 0 4 2.53 1.41
35987 1627985395 0 5 0.02
35988 1627985395 0 6 0.06
35989 1627985395 0 8 4.98 12.29 11.89
35990 1627985395 0 1 1.952
35991 1627985395 0 7 $GNGGA,100955.000,4424.01573,N,00853.83151,E,1,12,0.9,-7.8,M,44.7,M,,*63
35992 1627985396 0 0 26.26 8.28 167.1 61.29 104.0 6.45 173.2 17.0 192.6 2.67 41.16 14.2
35993 1627985396 0 7 $GNGGA,100956.000,4424.01562,N,00853.83231,E,1,12,0.9,-8.1,M,44.7,M,,*63
35994 1627985397 0 7 $GNGGA,100957.000,4424.01557,N,00853.83306,E,1,12,0.9,-8.4,M,44.7,M,,*64
35995 1627985398 0 3 2.55 0.00
35998 1627985398 0 6 0.06
35999 1627985398 0 8 4.98 12.29 11.89
36000 1627985398 0 1 1.987
36001 1627985398 0 7 $GNGGA,100958.000,4424.01566,N,00853.83368,E,1,12,0.9,-8.5,M,44.7,M,,*60
36002 1627985399 0 0 26.26 8.28 167.1 61.33 104.0 6.45 173.2 17.0 192.5 2.66 41.18 14.2
36003 1627985399 0 7 $GNGGA,100959.000,4424.01577,N,00853.83418,E,1,12,0.9,-8.4,M,44.7,M,,*60
36004 1627985400 0 7 $GNGGA,101000.000,4424.01580,N,00853.83485,E,1,12,0.9,-7.9,M,44.7,M,,*6A
36005 1627985401 0 3 2.55 0.00
36006 1627985401 0 4 2.53 1.41
36007 1627985401 0 5 0.02
36008 1627985401 0 6 0.06
36009 1627985401 0 1 2.070
36010 1627985401 0 8 4.98 12.29 11.89
36011 1627985401 0 7 $GNGGA,101001.000,4424.01573,N,00853.83560,E,1,12,0.9,-8.0,M,44.7,M,,*6B
36012 1627985402 0 0 26.26 8.28 167.1 61.32 104.0 6.45 173.1 17.0 192.8 2.66 41.18 14.2
36013 1627985402 0 7 $GNGGA,101002.000,4424.01553,N,00853.83636,E,1,12,0.9,-7.8,M,44.7,M,,*6D
36014 1627985403 0 7 $GNGGA,101003.000,4424.01524,N,00853.83713,E,1,12,0.9,-7.6,M,44.7,M,,*64
36015 1627985404 0 3 2.55 0.00
36016 1627985404 0 4 2.53 1.41
36017 1627985404 0 5 0.02
36018 1627985404 0 6 0.06
36019 1627985404 0 8 4.98 12.29 11.89
36020 1627985404 0 1 2.056
36021 1627985404 0 7 $GNGGA,101004.000,4424.01492,N,00853.83792,E,1,12,0.9,-7.3,M,44.7,M,,*63
36022 1627985405 0 0 26.25 8.28 167.1 61.30 103.9 6.45 173.5 17.0 193.1 2.69 41.16 14.3
36023 1627985405 0 7 $GNGGA,101005.000,4424.01457,N,00853.83876,E,1,12,0.9,-7.0,M,44.7,M,,*6D
36024 1627985406 0 7 $GNGGA,101006.000,4424.01423,N,00853.83948,E,1,12,0.9,-6.6,M,44.7,M,,*66
36025 1627985407 0 3 2.55 0.00
36028 1627985407 0 6 0.05
36029 1627985407 0 1 2.066
36030 1627985407 0 8 4.98 12.32 11.89
36031 1627985407 0 7 $GNGGA,101007.000,4424.01383,N,00853.84017,E,1,12,0.9,-6.2,M,44.7,M,,*6A
36032 1627985408 0 0 26.26 8.28 167.1 61.32 103.9 6.45 173.3 17.0 192.9 2.67 41.18 14.2
36033 1627985408 0 7 $GNGGA,101008.000,4424.01342,N,00853.84084,E,1,12,0.9,-5.9,M,44.7,M,,*6A
36034 1627985409 0 7 $GNGGA,101009.000,4424.01311,N,00853.84159,E,1,12,0.9,-5.5,M,44.7,M,,*60
36035 1627985410 0 3 2.55 0.00
36038 1627985410 0 6 0.06
36039 1627985410 0 8 4.98 12.29 11.89
36040 1627985410 0 1 1.970
36041 1627985410 0 7 $GNGGA,101010.000,4424.01294,N,00853.84242,E,1,12,0.9,-5.4,M,44.7,M,,*6C
36042 1627985411 0 0 26.26 8.28 167.1 61.33 103.9 6.44 173.1 17.0 193.1 2.65 41.18 14.2
36043 1627985411 0 7 $GNGGA,101011.000,4424.01280,N,00853.84323,E,1,12,0.9,-5.2,M,44.7,M,,*68
36044 1627985412 0 7 $GNGGA,101012.000,4424.01273,N,00853.84397,E,1,12,0.9,-5.1,M,44.7,M,,*6B
36045 1627985413 0 3 2.55 0.00
36046 1627985413 0 4 2.53 1.41
36047 1627985413 0 5 0.03
36048 1627985413 0 6 0.07
36049 1627985413 0 1 2.105
36050 1627985413 0 8 4.98 12.33 11.87
36051 1627985413 0 7 $GNGGA,101013.000,4424.01259,N,00853.84458,E,1,12,0.9,-5.2,M,44.7,M,,*65
36052 1627985414 0 0 26.25 8.28 167.1 61.29 103.9 6.44 173.4 17.0 193.1 2.68 41.15 14.3
36053 1627985414 0 7 $GNGGA,101014.000,4424.01258,N,00853.84520,E,1,12,0.9,-5.3,M,44.7,M,,*6C
36054 1627985415 0 7 $GNGGA,101015.000,4424.01255,N,00853.84584,E,1,12,0.9,-5.4,M,44.7,M,,*69
36055 1627985416 0 3 2.55 0.00
36059 1627985416 0 8 4.98 12.31 11.89
36060 1627985416 0 1 2.141
36061 1627985416 0 7 $GNGGA,101016.000,4424.01232,N,00853.84650,E,1,12,0.9,-5.5,M,44.7,M,,*60
36062 1627985417 0 0 26.25 8.28 167.0 61.38 103.8 6.44 173.4 17.0 193.1 2.71 41.23 14.3
36063 1627985417 0 7 $GNGGA,101017.000,4424.01217,N,00853.84720,E,1,12,0.9,-5.7,M,44.7,M,,*62
36064 1627985418 0 7 $GNGGA,101018.000,4424.01206,N,00853.84785,E,1,12,0.9,-6.1,M,44.7,M,,*67
36065 1627985419 0 3 2.55 0.00
36066 1627985419 0 4 2.53 1.40
36067 1627985419 0 5 0.03
36068 1627985419 0 6 0.06
36069 1627985419 0 1 2.385
36070 1627985419 0 8 4.98 12.34 11.89
36071 1627985419 0 7 $GNGGA,101019.000,4424.01189,N,00853.84844,E,1,12,0.9,-6.7,M,44.7,M,,*66
36072 1627985420 0 0 26.24 8.28 167.0 61.28 103.8 6.44 173.6 17.0 193.0 2.70 41.15 14.3
36073 1627985420 0 7 $GNGGA,101020.000,4424.01176,N,00853.84914,E,1,12,0.9,-7.1,M,44.7,M,,*6F
36074 1627985421 0 7 $GNGGA,101021.000,4424.01156,N,00853.84988,E,1,12,0.9,-7.5,M,44.7,M,,*6D
36075 1627985422 0 3 2.55 0.00
36077 1627985422 0 5 0.02
36078 1627985422 0 6 0.06
36079 1627985422 0 8 4.98 12.31 11.87
36080 1627985422 0 1 2.254
36081 1627985422 0 7 $GNGGA,101022.000,4424.01133,N,00853.85051,E,1,12,0.9,-8.1,M,44.7,M,,*6A
36082 1627985423 0 0 26.23 8.28 167.1 61.35 103.8 6.44 173.7 17.0 193.2 2.68 41.20 14.3
36083 1627985423 0 7 $GNGGA,101023.000,4424.01117,N,00853.85114,E,1,12,0.9,-8.3,M,44.7,M,,*6F
36084 1627985424 0 7 $GNGGA,101024.000,4424.01128,N,00853.85183,E,1,12,0.9,-8.3,M,44.7,M,,*6A
36085 1627985425 0 3 2.55 0.00
36089 1627985425 0 1 3.082
36090 1627985425 0 8 4.98 12.34 11.89
36091 1627985425 0 7 $GNGGA,101025.000,4424.01148,N,00853.85255,E,1,12,0.9,-8.2,M,44.7,M,,*64
36092 1627985426 0 0 26.23 8.28 167.0 61.31 103.8 6.44 173.4 17.0 193.2 2.69 41.17 14.3
36093 1627985426 0 7 $GNGGA,101026.000,4424.01162,N,00853.85329,E,1,12,0.9,-8.2,M,44.7,M,,*65
36094 1627985427 0 7 $GNGGA,101027.000,4424.01193,N,00853.85384,E,1,12,0.9,-8.2,M,44.7,M,,*6D
36095 1627985428 0 3 2.55 0.00
36096 1627985428 0 4 2.53 1.40
36097 1627985428 0 5 0.02
36098 1627985428 0 6 0.07
36099 1627985428 0 8 4.98 12.34 11.89
36100 1627985428 0 7 $GNGGA,101028.000,4424.01255,N,00853.85421,E,1,12,0.9,-8.4,M,44.7,M,,*65
36101 1627985429 0 0 26.24 8.28 167.0 61.32 103.8 6.44 173.1 17.0 192.4 2.71 41.18 14.3
36102 1627985429 0 7 $GNGGA,101029.000,4424.01281,N,00853.85480,E,1,12,0.9,-8.7,M,44.7,M,,*65
36103 1627985430 0 7 $GNGGA,101030.000,4424.01285,N,00853.85549,E,1,12,0.9,-9.0,M,44.7,M,,*6B
36104 1627985431 0 3 2.55 0.00
36106 1627985431 0 5 0.02
36107 1627985431 0 6 0.06
36108 1627985431 0 8 4.98 12.20 11.87
36109 1627985431 0 7 $GNGGA,101031.000,4424.01282,N,00853.85625,E,1,12,0.9,-9.2,M,44.7,M,,*66
36110 1627985432 0 0 26.23 8.28 167.0 61.38 103.8 6.43 173.6 17.0 193.0 2.70 41.22 14.3
36111 1627985432 0 7 $GNGGA,101032.000,4424.01262,N,00853.85707,E,1,12,0.9,-9.1,M,44.7,M,,*69
36112 1627985433 0 7 $GNGGA,101033.000,4424.01256,N,00853.85781,E,1,12,0.9,-8.7,M,44.7,M,,*66
36113 1627985434 0 3 2.55 0.00
36114 1627985434 0 4 2.53 1.40
36115 1627985434 0 5 0.03
36116 1627985434 0 6 0.06
36117 1627985434 0 8 4.98 12.34 11.89
36118 1627985434 0 7 $GNGGA,101034.000,4424.01281,N,00853.85848,E,1,12,0.9,-8.4,M,44.7,M,,*62
36119 1627985435 0 0 26.24 8.28 167.0 61.28 103.8 6.44 173.5 17.0 193.0 2.70 41.15 14.3
36120 1627985435 0 7 $GNGGA,101035.000,4424.01298,N,00853.85918,E,1,12,0.9,-8.1,M,44.7,M,,*6A
36121 1627985436 0 7 $GNGGA,101036.000,4424.01304,N,00853.85984,E,1,12,0.9,-7.8,M,44.7,M,,*6E
36122 1627985437 0 3 2.55 0.00
36123 1627985437 0 4 2.53 1.40
36124 1627985437 0 5 0.03
36125 1627985437 0 6 0.07
36126 1627985437 0 8 4.98 12.35 11.89
36127 1627985437 0 7 $GNGGA,101037.000,4424.01299,N,00853.86042,E,1,12,0.9,-7.7,M,44.7,M,,*65
36128 1627985438 0 0 26.25 8.28 167.0 61.19 103.7 6.44 173.3 17.0 192.4 2.68 41.08 14.3
36129 1627985438 0 7 $GNGGA,101038.000,4424.01283,N,00853.86108,E,1,12,0.9,-7.8,M,44.7,M,,*61
36130 1627985438 0 1 2.241
36131 1627985439 0 7 $GNGGA,101039.000,4424.01260,N,00853.86178,E,1,12,0.9,-7.9,M,44.7,M,,*6B
36132 1627985440 0 3 2.55 0.00
36134 1627985440 0 5 0.02
36135 1627985440 0 6 0.07
36136 1627985440 0 8 4.98 12.15 11.87
36137 1627985440 0 1 2.202
36138 1627985440 0 7 $GNGGA,101040.000,4424.01234,N,00853.86236,E,1,12,0.9,-8.2,M,44.7,M,,*69
36139 1627985441 0 0 26.24 8.28 167.0 61.26 103.7 6.44 173.4 17.0 193.1 2.68 41.13 14.3
36140 1627985441 0 7 $GNGGA,101041.000,4424.01218,N,00853.86305,E,1,12,0.9,-8.4,M,44.7,M,,*61
36141 1627985442 0 7 $GNGGA,101042.000,4424.01204,N,00853.86381,E,1,12,0.9,-8.2,M,44.7,M,,*65
36142 1627985443 0 3 2.55 0.00
36143 1627985443 0 4 2.53 1.40
36144 1627985443 0 5 0.02
36145 1627985443 0 6 0.07
36146 1627985443 0 1 2.241
36147 1627985443 0 8 4.98 12.35 11.89
36148 1627985443 0 7 $GNGGA,101043.000,4424.01207,N,00853.86445,E,1,12,0.9,-7.9,M,44.7,M,,*6C
36149 1627985444 0 0 26.26 8.28 167.0 61.28 103.7 6.43 173.2 17.0 192.9 2.69 41.15 14.3
36150 1627985444 0 7 $GNGGA,101044.000,4424.01196,N,00853.86515,E,1,12,0.9,-7.6,M,44.7,M,,*6B
36151 1627985445 0 7 $GNGGA,101045.000,4424.01166,N,00853.86587,E,1,12,0.9,-7.1,M,44.7,M,,*69
36152 1627985446 0 3 2.55 0.00
36153 1627985446 0 4 2.53 1.40
36154 1627985446 0 5 0.02
36155 1627985446 0 6 0.06
36156 1627985446 0 8 4.98 12.16 11.87
36157 1627985446 0 1 2.021
36158 1627985446 0 7 $GNGGA,101046.000,4424.01140,N,00853.86658,E,1,12,0.9,-6.9,M,44.7,M,,*66
36159 1627985447 0 0 26.27 8.28 167.0 61.30 103.7 6.43 173.1 17.0 192.8 2.66 41.16 14.3
36160 1627985447 0 7 $GNGGA,101047.000,4424.01103,N,00853.86724,E,1,12,0.9,-6.5,M,44.7,M,,*66
36161 1627985448 0 7 $GNGGA,101048.000,4424.01075,N,00853.86805,E,1,12,0.9,-6.7,M,44.7,M,,*67
36162 1627985449 0 3 2.55 0.00
36165 1627985449 0 6 0.06
36166 1627985449 0 1 2.797
36167 1627985449 0 8 4.98 12.20 11.89
36168 1627985449 0 7 $GNGGA,101049.000,4424.01068,N,00853.86878,E,1,12,0.9,-6.6,M,44.7,M,,*61
36169 1627985450 0 0 26.27 8.28 167.0 61.39 103.7 6.43 173.2 17.0 192.6 2.64 41.23 14.3
36170 1627985450 0 7 $GNGGA,101050.000,4424.01050,N,00853.86956,E,1,11,1.0,-6.5,M,44.7,M,,*67
36171 1627985451 0 7 $GNGGA,101051.000,4424.00978,N,00853.87037,E,1,11,1.0,-6.0,M,44.7,M,,*6E
36172 1627985452 0 3 2.55 0.00
36173 1627985452 0 4 2.53 1.40
36174 1627985452 0 5 0.02
36175 1627985452 0 6 0.06
36176 1627985452 0 1 2.278
36177 1627985452 0 8 4.98 12.30 11.89
36178 1627985452 0 7 $GNGGA,101052.000,4424.00906,N,00853.87121,E,1,11,1.0,-5.7,M,44.7,M,,*66
36179 1627985453 0 0 26.26 8.28 167.0 61.30 103.7 6.43 173.4 17.0 193.0 2.67 41.17 14.3
36180 1627985453 0 7 $GNGGA,101053.000,4424.00835,N,00853.87185,E,1,11,1.0,-5.0,M,44.7,M,,*6F
36181 1627985454 0 7 $GNGGA,101054.000,4424.00738,N,00853.87238,E,1,11,1.0,-3.7,M,44.7,M,,*6E
36182 1627985455 0 3 2.55 0.00
36183 1627985455 0 4 2.53 1.40
36184 1627985455 0 5 0.03
36185 1627985455 0 6 0.06
36186 1627985455 0 8 4.98 12.31 11.89
36187 1627985455 0 1 2.207
36188 1627985455 0 7 $GNGGA,101055.000,4424.00650,N,00853.87299,E,1,11,1.0,-2.5,M,44.7,M,,*68
36189 1627985456 0 0 26.26 8.28 167.0 61.35 103.6 6.42 173.1 17.0 192.8 2.69 41.20 14.3
36190 1627985456 0 7 $GNGGA,101056.000,4424.00557,N,00853.87357,E,1,11,1.0,-1.1,M,44.7,M,,*6B
36191 1627985457 0 7 $GNGGA,101057.000,4424.00497,N,00853.87442,E,1,11,1.0,-0.4,M,44.7,M,,*60
36192 1627985458 0 3 2.55 0.00
36195 1627985458 0 6 0.06
36196 1627985458 0 1 2.176
36197 1627985458 0 8 4.98 12.31 11.89
36198 1627985458 0 7 $GNGGA,101058.000,4424.00472,N,00853.87546,E,1,11,1.0,-0.1,M,44.7,M,,*64
36199 1627985459 0 0 26.26 8.28 167.0 61.40 103.6 6.42 173.3 17.0 193.0 2.66 41.24 14.3
36200 1627985459 0 7 $GNGGA,101059.000,4424.00427,N,00853.87638,E,1,11,1.0,0.5,M,44.7,M,,*46
36201 1627985460 0 7 $GNGGA,101100.000,4424.00397,N,00853.87713,E,1,11,1.0,1.0,M,44.7,M,,*4B
36202 1627985461 0 3 2.55 0.00
36203 1627985461 0 4 2.53 1.41
36205 1627985461 0 6 0.06
36206 1627985461 0 8 4.98 12.30 11.87
36207 1627985462 0 1 2.366
36208 1627985462 0 0 26.26 8.28 166.9 61.37 103.6 6.42 173.3 17.0 193.1 2.66 41.21 14.3
36209 1627985462 0 7 $GNGGA,101101.000,4424.00398,N,00853.87788,E,1,11,1.0,1.6,M,44.7,M,,*41
36210 1627985462 0 7 $GNGGA,101102.000,4424.00408,N,00853.87865,E,1,11,1.0,1.6,M,44.7,M,,*40
36211 1627985463 0 7 $GNGGA,101103.000,4424.00414,N,00853.87949,E,1,11,1.0,1.4,M,44.7,M,,*41
36212 1627985464 0 3 2.55 0.00
36213 1627985464 0 4 2.53 1.41
36214 1627985464 0 5 0.02
36215 1627985464 0 6 0.07
36216 1627985465 0 1 2.339
36217 1627985465 0 8 4.98 12.32 11.89
36218 1627985465 0 0 26.26 8.28 166.9 61.37 103.6 6.42 173.4 17.0 193.0 2.69 41.22 14.2
36219 1627985465 0 7 $GNGGA,101104.000,4424.00418,N,00853.88014,E,1,11,1.0,1.2,M,44.7,M,,*42
36220 1627985465 0 7 $GNGGA,101105.000,4424.00408,N,00853.88082,E,1,11,1.0,0.8,M,44.7,M,,*46
36221 1627985466 0 7 $GNGGA,101106.000,4424.00403,N,00853.88159,E,1,11,1.0,0.3,M,44.7,M,,*42
36222 1627985467 0 3 2.55 0.00
36223 1627985467 0 4 2.53 1.41
36224 1627985467 0 5 0.03
36225 1627985467 0 6 0.06
36226 1627985467 0 8 4.98 12.31 11.89
36227 1627985468 0 1 2.047
36228 1627985468 0 0 26.28 8.28 166.9 61.34 103.6 6.42 173.2 17.0 192.6 2.66 41.20 14.2
36229 1627985468 0 7 $GNGGA,101107.000,4424.00390,N,00853.88249,E,1,11,1.0,0.0,M,44.7,M,,*4F
36230 1627985468 0 7 $GNGGA,101108.000,4424.00386,N,00853.88339,E,1,11,1.0,-0.0,M,44.7,M,,*6C
36231 1627985469 0 7 $GNGGA,101109.000,4424.00380,N,00853.88437,E,1,11,1.0,-0.1,M,44.7,M,,*63
36232 1627985470 0 3 2.55 0.00
36233 1627985470 0 4 2.53 1.41
36234 1627985470 0 5 0.02
36235 1627985470 0 6 0.06
36236 1627985470 0 1 2.430
36237 1627985471 0 8 4.98 12.35 11.89
36238 1627985471 0 0 26.27 8.28 167.0 61.32 103.6 6.42 173.3 17.0 193.0 2.67 41.18 14.2
36239 1627985471 0 7 $GNGGA,101110.000,4424.00395,N,00853.88522,E,1,11,1.0,-0.1,M,44.7,M,,*6A
36240 1627985471 0 7 $GNGGA,101111.000,4424.00413,N,00853.88602,E,1,11,1.0,-0.3,M,44.7,M,,*61
36241 1627985472 0 7 $GNGGA,101112.000,4424.00420,N,00853.88682,E,1,11,1.0,-0.7,M,44.7,M,,*6E
36242 1627985473 0 3 2.55 0.00
36243 1627985473 0 4 2.53 1.42
36244 1627985473 0 5 0.03
36245 1627985473 0 6 0.06
36246 1627985473 0 8 4.98 12.31 11.89
36247 1627985474 0 1 2.423
36248 1627985474 0 0 26.25 8.28 167.0 61.34 103.6 6.42 173.4 17.0 193.5 2.65 41.19 14.2
36249 1627985474 0 7 $GNGGA,101113.000,4424.00422,N,00853.88761,E,1,11,1.0,-1.0,M,44.7,M,,*67
36250 1627985474 0 7 $GNGGA,101114.000,4424.00418,N,00853.88851,E,1,11,1.0,-1.2,M,44.7,M,,*67
36251 1627985475 0 7 $GNGGA,101115.000,4424.00395,N,00853.88930,E,1,11,1.0,-1.2,M,44.7,M,,*62
36252 1627985476 0 3 2.55 0.00
36253 1627985476 0 4 2.53 1.42
36254 1627985476 0 5 0.03
36255 1627985476 0 6 0.06
36256 1627985476 0 1 3.073
36257 1627985477 0 8 4.98 12.34 11.89
36258 1627985477 0 0 26.24 8.28 167.0 61.31 103.6 6.42 173.5 17.0 193.5 2.65 41.17 14.2
36259 1627985477 0 7 $GNGGA,101116.000,4424.00375,N,00853.89006,E,1,11,1.0,-1.0,M,44.7,M,,*60
36260 1627985477 0 7 $GNGGA,101117.000,4424.00375,N,00853.89078,E,1,11,1.0,-1.0,M,44.7,M,,*68
36261 1627985478 0 7 $GNGGA,101118.000,4424.00379,N,00853.89146,E,1,11,1.0,-0.9,M,44.7,M,,*6F
36262 1627985479 0 3 2.55 0.00
36263 1627985479 0 4 2.53 1.42
36264 1627985479 0 5 0.03
36265 1627985479 0 6 0.06
36266 1627985479 0 1 2.233
36267 1627985480 0 8 4.98 12.31 11.89
36268 1627985480 0 0 26.26 8.28 166.9 61.22 103.5 6.42 173.2 17.0 192.9 2.65 41.10 14.2
36269 1627985480 0 7 $GNGGA,101119.000,4424.00384,N,00853.89224,E,1,11,1.0,-1.0,M,44.7,M,,*63
36270 1627985480 0 7 $GNGGA,101120.000,4424.00388,N,00853.89296,E,1,11,1.0,-0.9,M,44.7,M,,*64
36271 1627985481 0 7 $GNGGA,101121.000,4424.00401,N,00853.89380,E,1,11,1.0,-0.9,M,44.7,M,,*65
36272 1627985482 0 3 2.55 0.00
36273 1627985482 0 4 2.53 1.41
36274 1627985482 0 5 0.03
36275 1627985482 0 6 0.07
36276 1627985482 0 8 4.98 12.30 11.89
36277 1627985483 0 1 2.025
36278 1627985483 0 0 26.29 8.27 167.0 61.32 103.5 6.42 173.1 17.0 192.6 2.62 41.17 14.1
36279 1627985483 0 7 $GNGGA,101122.000,4424.00400,N,00853.89474,E,1,11,1.0,-0.8,M,44.7,M,,*6A
36280 1627985483 0 7 $GNGGA,101123.000,4424.00396,N,00853.89562,E,1,11,1.0,-0.9,M,44.7,M,,*64
36281 1627985484 0 7 $GNGGA,101124.000,4424.00399,N,00853.89637,E,1,11,1.0,-1.0,M,44.7,M,,*67
36282 1627985485 0 3 2.55 0.00
36283 1627985485 0 4 2.53 1.41
36284 1627985485 0 5 0.03
36285 1627985485 0 6 0.06
36286 1627985485 0 1 2.158
36287 1627985486 0 8 4.98 12.30 11.87
36288 1627985486 0 0 26.28 8.27 166.9 61.40 103.5 6.41 173.2 17.0 192.9 2.60 41.24 14.1
36289 1627985486 0 7 $GNGGA,101125.000,4424.00387,N,00853.89699,E,1,11,1.0,-1.2,M,44.7,M,,*6F
36290 1627985486 0 7 $GNGGA,101126.000,4424.00350,N,00853.89757,E,1,11,1.0,-1.2,M,44.7,M,,*65
36291 1627985487 0 7 $GNGGA,101127.000,4424.00297,N,00853.89822,E,1,11,1.0,-0.6,M,44.7,M,,*66
36292 1627985488 0 3 2.55 0.00
36293 1627985488 0 4 2.53 1.41
36294 1627985488 0 5 0.03
36295 1627985488 0 6 0.06
36296 1627985488 0 8 4.98 12.31 11.89
36297 1627985489 0 1 1.962
36298 1627985489 0 0 26.29 8.27 167.0 61.35 103.4 6.41 173.2 17.0 193.0 2.59 41.20 14.1
36299 1627985489 0 7 $GNGGA,101128.000,4424.00258,N,00853.89899,E,1,11,1.0,0.1,M,44.7,M,,*40
36300 1627985489 0 7 $GNGGA,101129.000,4424.00242,N,00853.89986,E,1,11,1.0,0.6,M,44.7,M,,*42
36301 1627985490 0 2 0.03950000 2.84229993 1.20000004 0.02190000 2.79520010 0.00380000 0.04590000 0.17500000 1.00000000 89.97799682
36302 1627985490 0 7 $GNGGA,101130.000,4424.00244,N,00853.90060,E,1,11,1.0,1.1,M,44.7,M,,*43
36303 1627985491 0 3 2.55 0.00
36304 1627985491 0 4 2.53 1.41
36305 1627985491 0 5 0.03
36306 1627985491 0 6 0.06
36307 1627985491 0 1 2.082
36308 1627985492 0 8 4.98 12.34 11.89
36309 1627985492 0 0 26.28 8.27 166.9 61.28 103.4 6.41 173.1 17.0 192.8 2.62 41.14 14.1
36310 1627985492 0 7 $GNGGA,101131.000,4424.00243,N,00853.90126,E,1,11,1.0,1.1,M,44.7,M,,*46
36311 1627985492 0 7 $GNGGA,101132.000,4424.00235,N,00853.90196,E,1,11,1.0,0.7,M,44.7,M,,*48
36312 1627985493 0 7 $GNGGA,101133.000,4424.00215,N,00853.90260,E,1,11,1.0,0.8,M,44.7,M,,*4E
36313 1627985494 0 3 2.55 0.00
36314 1627985494 0 4 2.53 1.41
36315 1627985494 0 5 0.03
36316 1627985494 0 6 0.06
36317 1627985494 0 8 4.98 12.32 11.89
36318 1627985495 0 1 2.283
36319 1627985495 0 0 26.28 8.27 166.9 61.34 103.4 6.41 173.4 17.0 193.1 2.60 41.19 14.1
36320 1627985495 0 7 $GNGGA,101134.000,4424.00194,N,00853.90324,E,1,11,1.0,1.1,M,44.7,M,,*4A
36321 1627985495 0 7 $GNGGA,101135.000,4424.00178,N,00853.90393,E,1,11,1.0,1.2,M,44.7,M,,*46
36322 1627985496 0 7 $GNGGA,101136.000,4424.00177,N,00853.90463,E,1,11,1.0,1.3,M,44.7,M,,*43
36323 1627985497 0 3 2.55 0.00
36324 1627985497 0 4 2.53 1.41
36325 1627985497 0 5 0.03
36326 1627985497 0 6 0.06
36327 1627985497 0 1 2.406
36328 1627985498 0 8 4.98 12.37 11.89
36329 1627985498 0 0 26.28 8.27 166.9 61.31 103.4 6.41 173.3 17.0 193.3 2.58 41.17 14.1
36330 1627985498 0 7 $GNGGA,101137.000,4424.00180,N,00853.90532,E,1,11,1.0,1.3,M,44.7,M,,*4F
36331 1627985498 0 7 $GNGGA,101138.000,4424.00186,N,00853.90612,E,1,11,1.0,1.4,M,44.7,M,,*40
36332 1627985499 0 7 $GNGGA,101139.000,4424.00177,N,00853.90685,E,1,11,1.0,1.2,M,44.7,M,,*47
36333 1627985500 0 3 2.55 0.00
36334 1627985500 0 4 2.53 1.41
36341 1627985501 0 7 $GNGGA,101141.000,4424.00160,N,00853.90811,E,1,11,1.0,0.4,M,44.7,M,,*4A
36342 1627985502 0 7 $GNGGA,101142.000,4424.00141,N,00853.90887,E,1,11,1.0,-0.3,M,44.7,M,,*6F
36343 1627985503 0 3 2.55 0.00
36344 1627985503 0 4 2.53 1.41
36345 1627985503 0 5 0.03
36346 1627985503 0 6 0.07
36347 1627985503 0 1 2.916
36348 1627985504 0 8 4.98 12.37 11.89
36349 1627985504 0 0 26.27 8.27 166.9 61.31 103.3 6.41 173.4 17.0 193.4 2.61 41.17 14.2
36350 1627985504 0 7 $GNGGA,101143.000,4424.00117,N,00853.90969,E,1,11,1.0,-1.0,M,44.7,M,,*6E
36351 1627985504 0 7 $GNGGA,101144.000,4424.00113,N,00853.91049,E,1,11,1.0,-1.5,M,44.7,M,,*62
36352 1627985505 0 7 $GNGGA,101145.000,4424.00117,N,00853.91117,E,1,11,1.0,-2.2,M,44.7,M,,*69
36353 1627985506 0 3 2.55 0.00
36354 1627985506 0 4 2.53 1.41
36355 1627985506 0 5 0.03
36356 1627985506 0 6 0.07
36357 1627985506 0 1 2.385
36358 1627985507 0 8 4.98 12.33 11.89
36359 1627985507 0 0 26.26 8.27 166.9 61.30 103.3 6.41 173.4 17.0 193.1 2.63 41.16 14.1
36360 1627985507 0 7 $GNGGA,101146.000,4424.00127,N,00853.91185,E,1,11,1.0,-2.5,M,44.7,M,,*65
36361 1627985507 0 7 $GNGGA,101147.000,4424.00132,N,00853.91252,E,1,11,1.0,-2.7,M,44.7,M,,*6B
36362 1627985508 0 7 $GNGGA,101148.000,4424.00141,N,00853.91311,E,1,11,1.0,-2.9,M,44.7,M,,*68
36363 1627985509 0 3 2.55 0.00
36364 1627985509 0 4 2.53 1.41
36365 1627985509 0 5 0.02
36366 1627985509 0 6 0.06
36367 1627985509 0 8 4.98 12.33 11.89
36368 1627985510 0 1 2.259
36369 1627985510 0 0 26.25 8.27 167.0 61.32 103.3 6.40 173.6 17.0 193.7 2.62 41.18 14.1
36370 1627985510 0 7 $GNGGA,101149.000,4424.00151,N,00853.91382,E,1,11,1.0,-3.2,M,44.7,M,,*68
36371 1627985510 0 7 $GNGGA,101150.000,4424.00146,N,00853.91461,E,1,11,1.0,-3.3,M,44.7,M,,*6D
36372 1627985511 0 7 $GNGGA,101151.000,4424.00139,N,00853.91527,E,1,11,1.0,-3.4,M,44.7,M,,*60
36373 1627985512 0 3 2.55 0.00
36374 1627985512 0 4 2.53 1.41
36375 1627985512 0 5 0.03
36376 1627985512 0 6 0.07
36377 1627985513 0 1 2.076
36378 1627985513 0 8 4.98 12.34 11.89
36379 1627985513 0 0 26.28 8.27 166.9 61.29 103.2 6.40 173.3 17.0 193.0 2.62 41.16 14.1
36380 1627985513 0 7 $GNGGA,101152.000,4424.00144,N,00853.91598,E,1,11,1.0,-3.7,M,44.7,M,,*6E
36381 1627985513 0 7 $GNGGA,101153.000,4424.00156,N,00853.91678,E,1,11,1.0,-3.9,M,44.7,M,,*6F
36382 1627985514 0 7 $GNGGA,101154.000,4424.00164,N,00853.91750,E,1,11,1.0,-3.9,M,44.7,M,,*62
36383 1627985515 0 3 2.55 0.00
36384 1627985515 0 4 2.53 1.41
36385 1627985515 0 5 0.03
36386 1627985515 0 6 0.05
36387 1627985515 0 8 4.98 12.33 11.89
36388 1627985516 0 1 2.286
36389 1627985516 0 0 26.27 8.27 166.9 61.27 103.2 6.40 173.4 17.0 193.3 2.64 41.14 14.1
36390 1627985516 0 7 $GNGGA,101155.000,4424.00170,N,00853.91818,E,1,11,1.0,-3.9,M,44.7,M,,*65
36391 1627985516 0 7 $GNGGA,101156.000,4424.00162,N,00853.91898,E,1,11,1.0,-3.7,M,44.7,M,,*63
36392 1627985517 0 7 $GNGGA,101157.000,4424.00146,N,00853.91975,E,1,11,1.0,-3.6,M,44.7,M,,*67
36393 1627985518 0 3 2.55 0.00
36394 1627985518 0 4 2.53 1.41
36395 1627985518 0 5 0.03
36396 1627985519 0 6 0.06
36397 1627985519 0 1 2.133
36398 1627985519 0 8 4.98 12.36 11.89
36399 1627985519 0 0 26.27 8.27 166.9 61.30 103.2 6.40 173.5 17.0 193.5 2.62 41.16 14.1
36400 1627985519 0 7 $GNGGA,101158.000,4424.00138,N,00853.92038,E,1,11,1.0,-3.8,M,44.7,M,,*6C
36401 1627985519 0 7 $GNGGA,101159.000,4424.00128,N,00853.92101,E,1,11,1.0,-3.9,M,44.7,M,,*66
36402 1627985520 0 7 $GNGGA,101200.000,4424.00105,N,00853.92173,E,1,10,1.1,-4.0,M,44.7,M,,*6D
36403 1627985521 0 3 2.55 0.00
36404 1627985521 0 4 2.53 1.41
36405 1627985521 0 5 0.03
36406 1627985521 0 6 0.06
36407 1627985521 0 8 4.98 12.33 11.89
36408 1627985522 0 1 1.955
36409 1627985522 0 0 26.29 8.27 166.9 61.36 103.1 6.39 173.1 17.0 192.9 2.61 41.21 14.1
36410 1627985522 0 7 $GNGGA,101201.000,4424.00085,N,00853.92249,E,1,10,1.1,-4.1,M,44.7,M,,*6E
36411 1627985522 0 7 $GNGGA,101202.000,4424.00069,N,00853.92328,E,1,10,1.1,-4.1,M,44.7,M,,*69
36412 1627985523 0 7 $GNGGA,101203.000,4424.00051,N,00853.92399,E,1,11,1.0,-4.1,M,44.7,M,,*69
36413 1627985524 0 3 2.55 0.00
36414 1627985524 0 4 2.53 1.42
36415 1627985524 0 5 0.03
36416 1627985524 0 6 0.07
36417 1627985524 0 1 2.257
36418 1627985525 0 8 4.98 12.36 11.89
36419 1627985525 0 0 26.28 8.27 166.9 61.32 103.1 6.39 173.4 17.0 193.2 2.62 41.18 14.1
36420 1627985525 0 7 $GNGGA,101204.000,4424.00039,N,00853.92457,E,1,11,1.0,-4.7,M,44.7,M,,*63
36421 1627985525 0 7 $GNGGA,101205.000,4424.00024,N,00853.92518,E,1,11,1.0,-4.9,M,44.7,M,,*6A
36422 1627985526 0 7 $GNGGA,101206.000,4424.00000,N,00853.92589,E,1,11,1.0,-5.1,M,44.7,M,,*6E
36423 1627985527 0 3 2.55 0.00
36424 1627985527 0 4 2.53 1.42
36425 1627985527 0 5 0.03
36426 1627985527 0 6 0.07
36427 1627985527 0 8 4.98 12.34 11.89
36428 1627985528 0 1 2.432
36429 1627985528 0 0 26.27 8.27 166.9 61.30 103.0 6.39 173.5 17.0 193.2 2.62 41.16 14.1
36430 1627985528 0 7 $GNGGA,101207.000,4423.99990,N,00853.92658,E,1,11,1.0,-4.5,M,44.7,M,,*62
36431 1627985528 0 7 $GNGGA,101208.000,4424.00007,N,00853.92714,E,1,11,1.0,-4.7,M,44.7,M,,*66
36432 1627985529 0 7 $GNGGA,101209.000,4424.00008,N,00853.92790,E,1,11,1.0,-5.2,M,44.7,M,,*60
36433 1627985530 0 3 2.55 0.00
36434 1627985530 0 4 2.53 1.42
36435 1627985530 0 5 0.03
36436 1627985530 0 6 0.07
36437 1627985530 0 1 3.273
36438 1627985531 0 8 4.98 12.37 11.89
36439 1627985531 0 0 26.24 8.27 166.9 61.33 103.0 6.39 173.7 17.0 193.7 2.62 41.18 14.1
36440 1627985531 0 7 $GNGGA,101210.000,4424.00002,N,00853.92890,E,1,11,1.0,-5.1,M,44.7,M,,*6E
36441 1627985531 0 7 $GNGGA,101211.000,4424.00007,N,00853.92982,E,1,11,1.0,-5.3,M,44.7,M,,*6A
36442 1627985532 0 7 $GNGGA,101212.000,4424.00005,N,00853.93049,E,1,11,1.0,-5.4,M,44.7,M,,*63
36443 1627985533 0 3 2.55 0.00
36444 1627985533 0 4 2.53 1.42
36445 1627985533 0 5 0.02
36446 1627985533 0 6 0.08
36447 1627985533 0 1 2.635
36448 1627985534 0 8 4.98 12.32 11.89
36449 1627985534 0 0 26.25 8.27 166.9 61.31 102.9 6.38 173.6 17.0 193.2 2.65 41.17 14.1
36450 1627985534 0 7 $GNGGA,101213.000,4423.99996,N,00853.93118,E,1,11,1.0,-5.8,M,44.7,M,,*6F
36451 1627985534 0 7 $GNGGA,101214.000,4423.99999,N,00853.93185,E,1,11,1.0,-6.3,M,44.7,M,,*6B
36452 1627985535 0 7 $GNGGA,101215.000,4424.00018,N,00853.93247,E,1,11,1.0,-6.5,M,44.7,M,,*66
36453 1627985536 0 3 2.55 0.00
36454 1627985536 0 4 2.53 1.42
36455 1627985536 0 5 0.03
36456 1627985536 0 6 0.07
36457 1627985536 0 8 4.98 12.33 11.89
36458 1627985537 0 1 2.436
36459 1627985537 0 0 26.25 8.27 166.9 61.28 102.9 6.38 173.4 17.0 193.4 2.65 41.15 14.1
36460 1627985537 0 7 $GNGGA,101216.000,4424.00031,N,00853.93314,E,1,11,1.0,-6.6,M,44.7,M,,*6A
36461 1627985537 0 7 $GNGGA,101217.000,4424.00029,N,00853.93387,E,1,11,1.0,-6.8,M,44.7,M,,*66
36462 1627985538 0 7 $GNGGA,101218.000,4424.00024,N,00853.93455,E,1,11,1.0,-7.2,M,44.7,M,,*67
36463 1627985539 0 3 2.55 0.00
36464 1627985539 0 4 2.53 1.42
36465 1627985539 0 5 0.02
36466 1627985539 0 6 0.06
36467 1627985540 0 1 2.542
36468 1627985540 0 8 4.98 12.35 11.89
36469 1627985540 0 0 26.25 8.27 166.9 61.32 102.9 6.38 173.4 17.0 193.2 2.64 41.17 14.1
36470 1627985540 0 7 $GNGGA,101219.000,4424.00022,N,00853.93531,E,1,11,1.0,-7.4,M,44.7,M,,*65
36471 1627985540 0 7 $GNGGA,101220.000,4424.00031,N,00853.93623,E,1,11,1.0,-7.7,M,44.7,M,,*6E
36472 1627985541 0 7 $GNGGA,101221.000,4424.00021,N,00853.93712,E,1,11,1.0,-7.3,M,44.7,M,,*69
36473 1627985542 0 3 2.55 0.00
36474 1627985542 0 4 2.53 1.42
36475 1627985542 0 5 0.03
36476 1627985542 0 6 0.06
36477 1627985542 0 8 4.98 12.33 11.89
36478 1627985543 0 1 2.498
36479 1627985543 0 0 26.25 8.27 166.9 61.29 102.8 6.38 173.6 17.0 193.5 2.64 41.16 14.1
36480 1627985543 0 7 $GNGGA,101222.000,4424.00024,N,00853.93802,E,1,11,1.0,-7.2,M,44.7,M,,*60
36481 1627985543 0 7 $GNGGA,101223.000,4424.00012,N,00853.93875,E,1,11,1.0,-7.2,M,44.7,M,,*64
36482 1627985544 0 7 $GNGGA,101224.000,4423.99992,N,00853.93942,E,1,11,1.0,-7.1,M,44.7,M,,*63
36483 1627985545 0 3 2.55 0.00
36484 1627985545 0 4 2.53 1.42
36485 1627985545 0 5 0.02
36486 1627985545 0 6 0.07
36487 1627985545 0 1 2.383
36488 1627985546 0 8 4.98 12.36 11.89
36489 1627985546 0 0 26.25 8.27 166.8 61.36 102.8 6.37 173.6 16.9 193.2 2.66 41.21 14.1
36490 1627985546 0 7 $GNGGA,101225.000,4423.99936,N,00853.94014,E,1,11,1.0,-6.6,M,44.7,M,,*67
36491 1627985546 0 7 $GNGGA,101226.000,4423.99880,N,00853.94092,E,1,11,1.0,-6.0,M,44.7,M,,*60
36492 1627985547 0 7 $GNGGA,101227.000,4423.99857,N,00853.94171,E,1,11,1.0,-5.6,M,44.7,M,,*62
36493 1627985548 0 3 2.55 0.00
36494 1627985548 0 4 2.53 1.42
36495 1627985548 0 5 0.03
36496 1627985548 0 6 0.06
36497 1627985549 0 8 4.98 12.33 11.89
36498 1627985549 0 1 2.356
36499 1627985549 0 0 26.24 8.27 166.9 61.28 102.7 6.37 173.4 16.9 193.4 2.68 41.15 14.1
36500 1627985549 0 7 $GNGGA,101228.000,4423.99815,N,00853.94258,E,1,11,1.0,-4.9,M,44.7,M,,*6D
36501 1627985549 0 7 $GNGGA,101229.000,4423.99777,N,00853.94336,E,1,11,1.0,-4.5,M,44.7,M,,*62
36502 1627985550 0 7 $GNGGA,101230.000,4423.99757,N,00853.94405,E,1,11,1.0,-4.1,M,44.7,M,,*6B
36503 1627985551 0 3 2.55 0.00
36504 1627985551 0 4 2.53 1.42
36505 1627985551 0 5 0.02
36506 1627985551 0 6 0.06
36507 1627985551 0 1 2.655
36508 1627985552 0 8 4.98 12.22 11.87
36509 1627985552 0 0 26.24 8.27 166.9 61.36 102.7 6.37 173.6 17.0 193.3 2.66 41.21 14.1
36510 1627985552 0 7 $GNGGA,101231.000,4423.99760,N,00853.94478,E,1,11,1.0,-3.6,M,44.7,M,,*64
36511 1627985552 0 7 $GNGGA,101232.000,4423.99762,N,00853.94557,E,1,11,1.0,-3.0,M,44.7,M,,*6F
36512 1627985553 0 7 $GNGGA,101233.000,4423.99747,N,00853.94642,E,1,11,1.0,-2.5,M,44.7,M,,*6A
36513 1627985554 0 3 2.55 0.00
36514 1627985554 0 4 2.53 1.42
36515 1627985554 0 5 0.02
36516 1627985554 0 6 0.07
36517 1627985554 0 8 4.98 12.34 11.87
36518 1627985555 0 1 2.331
36519 1627985555 0 0 26.25 8.27 166.9 61.37 102.6 6.36 173.3 17.0 193.3 2.64 41.22 14.1
36520 1627985555 0 7 $GNGGA,101234.000,4423.99749,N,00853.94750,E,1,11,1.0,-2.6,M,44.7,M,,*62
36521 1627985555 0 7 $GNGGA,101235.000,4423.99737,N,00853.94844,E,1,11,1.0,-2.6,M,44.7,M,,*60
36522 1627985556 0 7 $GNGGA,101236.000,4423.99717,N,00853.94912,E,1,11,1.0,-2.4,M,44.7,M,,*61
36523 1627985557 0 3 2.55 0.00
36524 1627985557 0 4 2.53 1.42
36525 1627985557 0 5 0.03
36526 1627985557 0 6 0.06
36527 1627985557 0 1 3.132
36528 1627985558 0 8 4.98 12.37 11.82
36529 1627985558 0 0 26.24 8.27 166.8 61.35 102.5 6.36 173.4 17.0 193.1 2.67 41.20 14.1
36530 1627985558 0 7 $GNGGA,101237.000,4423.99696,N,00853.94959,E,1,11,1.0,-2.5,M,44.7,M,,*66
36531 1627985558 0 7 $GNGGA,101238.000,4423.99682,N,00853.95017,E,1,11,1.0,-3.1,M,44.7,M,,*6B
36532 1627985559 0 7 $GNGGA,101239.000,4423.99665,N,00853.95097,E,1,11,1.0,-3.2,M,44.7,M,,*68
36533 1627985560 0 3 2.55 0.00
36534 1627985560 0 4 2.53 1.42
36535 1627985560 0 5 0.02
36536 1627985560 0 6 0.06
36537 1627985560 0 1 2.410
36538 1627985561 0 8 4.98 12.17 11.87
36539 1627985561 0 0 26.25 8.27 166.9 61.35 102.5 6.35 173.5 17.0 192.9 2.68 41.21 14.1
36540 1627985561 0 7 $GNGGA,101240.000,4423.99658,N,00853.95187,E,1,11,1.0,-3.2,M,44.7,M,,*68
36541 1627985561 0 7 $GNGGA,101241.000,4423.99670,N,00853.95265,E,1,11,1.0,-3.9,M,44.7,M,,*67
36542 1627985562 0 7 $GNGGA,101242.000,4423.99672,N,00853.95336,E,1,11,1.0,-4.3,M,44.7,M,,*6C
36543 1627985563 0 3 2.55 0.00
36544 1627985563 0 4 2.53 1.42
36545 1627985563 0 5 0.02
36546 1627985563 0 6 0.06
36547 1627985563 0 8 4.98 12.33 11.89
36548 1627985564 0 1 2.487
36549 1627985564 0 0 26.25 8.27 166.9 61.42 102.4 6.35 173.5 17.0 193.2 2.68 41.25 14.1
36550 1627985564 0 7 $GNGGA,101243.000,4423.99654,N,00853.95405,E,1,11,1.0,-4.5,M,44.7,M,,*68
36551 1627985564 0 7 $GNGGA,101244.000,4423.99636,N,00853.95471,E,1,11,1.0,-4.7,M,44.7,M,,*6A
36552 1627985565 0 7 $GNGGA,101245.000,4423.99634,N,00853.95543,E,1,11,1.0,-4.7,M,44.7,M,,*69
36553 1627985566 0 3 2.55 0.00
36554 1627985566 0 4 2.53 1.42
36555 1627985566 0 5 0.02
36556 1627985566 0 6 0.06
36557 1627985567 0 1 2.508
36558 1627985567 0 8 4.98 12.20 11.87
36559 1627985567 0 0 26.25 8.27 166.9 61.33 102.4 6.35 173.4 17.0 193.1 2.65 41.19 14.1
36560 1627985567 0 7 $GNGGA,101246.000,4423.99632,N,00853.95619,E,1,11,1.0,-4.4,M,44.7,M,,*63
36561 1627985567 0 7 $GNGGA,101247.000,4423.99629,N,00853.95689,E,1,11,1.0,-4.3,M,44.7,M,,*66
36562 1627985568 0 7 $GNGGA,101248.000,4423.99624,N,00853.95757,E,1,11,1.0,-4.3,M,44.7,M,,*66
36563 1627985569 0 3 2.55 0.00
36564 1627985569 0 4 2.53 1.42
36565 1627985569 0 5 0.02
36566 1627985569 0 6 0.07
36567 1627985570 0 8 4.98 12.18 11.89
36568 1627985570 0 1 2.303
36569 1627985570 0 0 26.25 8.27 166.8 61.30 102.3 6.35 173.4 17.0 193.0 2.66 41.17 14.1
36570 1627985570 0 7 $GNGGA,101249.000,4423.99614,N,00853.95828,E,1,11,1.0,-4.0,M,44.7,M,,*60
36571 1627985570 0 7 $GNGGA,101250.000,4423.99607,N,00853.95897,E,1,11,1.0,-4.5,M,44.7,M,,*6B
36572 1627985571 0 7 $GNGGA,101251.000,4423.99595,N,00853.95966,E,1,11,1.0,-5.0,M,44.7,M,,*69
36573 1627985572 0 3 2.55 0.00
36574 1627985572 0 4 2.53 1.42
36575 1627985572 0 5 0.02
36576 1627985572 0 6 0.06
36577 1627985573 0 1 2.235
36578 1627985573 0 8 4.98 12.36 11.89
36579 1627985573 0 0 26.26 8.27 166.9 61.27 102.3 6.34 173.5 17.0 193.1 2.69 41.14 14.1
36580 1627985573 0 7 $GNGGA,101252.000,4423.99586,N,00853.96037,E,1,11,1.0,-5.1,M,44.7,M,,*67
36581 1627985573 0 7 $GNGGA,101253.000,4423.99575,N,00853.96100,E,1,11,1.0,-4.9,M,44.7,M,,*66
36582 1627985574 0 7 $GNGGA,101254.000,4423.99566,N,00853.96160,E,1,11,1.0,-5.0,M,44.7,M,,*6D
36583 1627985575 0 3 2.55 0.00
36584 1627985575 0 4 2.53 1.42
36585 1627985575 0 5 0.02
36586 1627985575 0 6 0.06
36587 1627985576 0 8 4.98 12.33 11.89
36588 1627985576 0 1 2.103
36589 1627985576 0 0 26.26 8.27 166.8 61.29 102.2 6.34 173.5 17.0 193.1 2.69 41.16 14.1
36590 1627985576 0 7 $GNGGA,101255.000,4423.99575,N,00853.96214,E,1,11,1.0,-5.1,M,44.7,M,,*6F
36591 1627985576 0 7 $GNGGA,101256.000,4423.99596,N,00853.96273,E,1,11,1.0,-4.9,M,44.7,M,,*69
36592 1627985577 0 7 $GNGGA,101257.000,4423.99594,N,00853.96349,E,1,11,1.0,-4.7,M,44.7,M,,*6C
36593 1627985578 0 3 2.55 0.00
36594 1627985578 0 4 2.53 1.42
36595 1627985578 0 5 0.03
36596 1627985578 0 6 0.06
36597 1627985579 0 1 2.447
36598 1627985579 0 8 4.98 12.37 11.89
36599 1627985579 0 0 26.25 8.27 166.8 61.39 102.2 6.34 173.4 17.0 193.6 2.68 41.23 14.1
36600 1627985579 0 7 $GNGGA,101258.000,4423.99584,N,00853.96420,E,1,11,1.0,-4.8,M,44.7,M,,*65
36601 1627985579 0 7 $GNGGA,101259.000,4423.99579,N,00853.96494,E,1,11,1.0,-4.9,M,44.7,M,,*68
36602 1627985580 0 7 $GNGGA,101300.000,4423.99577,N,00853.96576,E,1,11,1.0,-4.7,M,44.7,M,,*68
36603 1627985581 0 3 2.55 0.00
36604 1627985581 0 4 2.53 1.42
36605 1627985581 0 5 0.03
36606 1627985581 0 6 0.06
36607 1627985582 0 8 4.98 12.32 11.89
36608 1627985582 0 1 2.449
36609 1627985582 0 0 26.25 8.27 166.8 61.31 102.2 6.34 173.5 17.0 193.1 2.68 41.17 14.1
36610 1627985582 0 7 $GNGGA,101301.000,4423.99587,N,00853.96651,E,1,11,1.0,-4.7,M,44.7,M,,*60
36611 1627985582 0 7 $GNGGA,101302.000,4423.99605,N,00853.96715,E,1,11,1.0,-4.7,M,44.7,M,,*6B
36612 1627985583 0 7 $GNGGA,101303.000,4423.99599,N,00853.96779,E,1,11,1.0,-4.6,M,44.7,M,,*67
36613 1627985584 0 3 2.55 0.00
36614 1627985584 0 4 2.53 1.42
36615 1627985584 0 5 0.02
36616 1627985584 0 6 0.06
36617 1627985585 0 1 2.925
36618 1627985585 0 8 4.98 12.36 11.89
36619 1627985585 0 0 26.26 8.27 166.7 61.36 102.2 6.33 173.3 17.0 193.0 2.69 41.21 14.1
36620 1627985585 0 7 $GNGGA,101304.000,4423.99575,N,00853.96844,E,1,11,1.0,-4.7,M,44.7,M,,*62
36621 1627985585 0 7 $GNGGA,101305.000,4423.99544,N,00853.96914,E,1,11,1.0,-4.8,M,44.7,M,,*6A
36622 1627985586 0 7 $GNGGA,101306.000,4423.99508,N,00853.96996,E,1,11,1.0,-5.0,M,44.7,M,,*62
36623 1627985587 0 3 2.55 0.00
36624 1627985587 0 4 2.53 1.42
36625 1627985587 0 5 0.03
36626 1627985587 0 6 0.06
36627 1627985588 0 1 2.486
36628 1627985588 0 8 4.98 12.33 11.89
36629 1627985588 0 0 26.25 8.27 166.8 61.37 102.2 6.34 173.4 17.0 193.1 2.69 41.22 14.1
36630 1627985588 0 7 $GNGGA,101307.000,4423.99479,N,00853.97083,E,1,11,1.0,-5.4,M,44.7,M,,*6C
36631 1627985588 0 7 $GNGGA,101308.000,4423.99453,N,00853.97151,E,1,11,1.0,-6.0,M,44.7,M,,*62
36632 1627985589 0 7 $GNGGA,101309.000,4423.99439,N,00853.97219,E,1,11,1.0,-6.6,M,44.7,M,,*66
36633 1627985590 0 3 2.55 0.00
36634 1627985590 0 4 2.53 1.42
36635 1627985590 0 5 0.03
36636 1627985590 0 6 0.06
36637 1627985591 0 8 4.98 12.33 11.89
36638 1627985591 0 1 2.382
36639 1627985591 0 0 26.25 8.27 166.8 61.31 102.1 6.34 173.5 17.0 193.0 2.69 41.17 14.1
36640 1627985591 0 7 $GNGGA,101310.000,4423.99418,N,00853.97290,E,1,11,1.0,-7.1,M,44.7,M,,*6A
36641 1627985591 0 7 $GNGGA,101311.000,4423.99403,N,00853.97365,E,1,11,1.0,-7.2,M,44.7,M,,*69
36642 1627985592 0 7 $GNGGA,101312.000,4423.99389,N,00853.97458,E,1,11,1.0,-7.4,M,44.7,M,,*60
36643 1627985593 0 3 2.55 0.00
36644 1627985593 0 4 2.53 1.42
36645 1627985593 0 5 0.03
36646 1627985593 0 6 0.06
36647 1627985594 0 1 2.535
36648 1627985594 0 8 4.98 12.35 11.89
36649 1627985594 0 0 26.24 8.27 166.8 61.37 102.2 6.33 173.5 17.0 193.3 2.71 41.22 14.1
36650 1627985594 0 7 $GNGGA,101313.000,4423.99374,N,00853.97536,E,1,11,1.0,-7.3,M,44.7,M,,*6D
36651 1627985594 0 7 $GNGGA,101314.000,4423.99367,N,00853.97601,E,1,11,1.0,-7.3,M,44.7,M,,*6F
36652 1627985595 0 7 $GNGGA,101315.000,4423.99367,N,00853.97664,E,1,11,1.0,-7.4,M,44.7,M,,*6A
36653 1627985596 0 3 2.55 0.00
36654 1627985596 0 4 2.53 1.42
36655 1627985596 0 5 0.02
36656 1627985596 0 6 0.06
36657 1627985597 0 8 4.98 12.33 11.89
36658 1627985597 0 1 2.449
36659 1627985597 0 0 26.25 8.27 166.8 61.33 102.1 6.33 173.4 17.0 193.1 2.73 41.18 14.1
36660 1627985597 0 7 $GNGGA,101316.000,4423.99368,N,00853.97703,E,1,11,1.0,-7.3,M,44.7,M,,*61
36661 1627985597 0 7 $GNGGA,101317.000,4423.99374,N,00853.97746,E,1,11,1.0,-7.1,M,44.7,M,,*6E
36662 1627985598 0 7 $GNGGA,101318.000,4423.99409,N,00853.97813,E,1,11,1.0,-7.0,M,44.7,M,,*62
36663 1627985599 0 3 2.55 0.00
36664 1627985599 0 4 2.53 1.42
36665 1627985599 0 5 0.03
36666 1627985599 0 6 0.06
36667 1627985600 0 1 2.413
36668 1627985600 0 8 4.98 12.36 11.89
36669 1627985600 0 0 26.25 8.27 166.8 61.37 102.1 6.33 173.4 17.0 193.2 2.71 41.22 14.1
36670 1627985600 0 7 $GNGGA,101319.000,4423.99449,N,00853.97897,E,1,11,1.0,-7.3,M,44.7,M,,*68
36671 1627985600 0 7 $GNGGA,101320.000,4423.99495,N,00853.97989,E,1,11,1.0,-7.8,M,44.7,M,,*66
36672 1627985601 0 7 $GNGGA,101321.000,4423.99547,N,00853.98084,E,1,11,1.0,-8.3,M,44.7,M,,*66
36673 1627985602 0 3 2.55 0.00
36674 1627985602 0 4 2.53 1.42
36675 1627985602 0 5 0.02
36676 1627985602 0 6 0.06
36677 1627985602 0 8 4.98 12.33 11.89
36678 1627985602 0 1 2.540
36679 1627985603 0 0 26.25 8.27 166.7 61.37 102.1 6.33 173.3 17.0 193.2 2.72 41.22 14.1
36680 1627985603 0 7 $GNGGA,101322.000,4423.99592,N,00853.98170,E,1,11,1.0,-8.6,M,44.7,M,,*62
36681 1627985603 0 7 $GNGGA,101323.000,4423.99609,N,00853.98238,E,1,11,1.0,-9.1,M,44.7,M,,*6B
36682 1627985604 0 7 $GNGGA,101324.000,4423.99622,N,00853.98310,E,1,11,1.0,-9.5,M,44.7,M,,*6A
36683 1627985605 0 3 2.55 0.00
36684 1627985605 0 4 2.53 1.42
36685 1627985605 0 5 0.03
36686 1627985605 0 6 0.06
36687 1627985605 0 1 2.543
36688 1627985606 0 8 4.98 12.36 11.89
36689 1627985606 0 0 26.24 8.27 166.7 61.33 102.1 6.33 173.5 16.9 193.4 2.69 41.19 14.1
36690 1627985606 0 7 $GNGGA,101325.000,4423.99593,N,00853.98382,E,1,11,1.0,-9.0,M,44.7,M,,*6C
36691 1627985606 0 7 $GNGGA,101326.000,4423.99539,N,00853.98469,E,1,11,1.0,-8.6,M,44.7,M,,*6A
36692 1627985607 0 7 $GNGGA,101327.000,4423.99505,N,00853.98539,E,1,11,1.0,-8.4,M,44.7,M,,*62
36693 1627985608 0 3 2.55 0.00
36694 1627985608 0 4 2.53 1.42
36695 1627985608 0 5 0.03
36696 1627985608 0 6 0.07
36697 1627985608 0 8 4.98 12.33 11.89
36698 1627985608 0 1 2.319
36699 1627985609 0 0 26.25 8.27 166.7 61.43 102.1 6.33 173.4 17.0 193.4 2.70 41.26 14.1
36700 1627985609 0 7 $GNGGA,101328.000,4423.99496,N,00853.98599,E,1,11,1.0,-8.5,M,44.7,M,,*6D
36701 1627985609 0 7 $GNGGA,101329.000,4423.99479,N,00853.98650,E,1,11,1.0,-8.4,M,44.7,M,,*6A
36702 1627985610 0 2 0.04450000 4.03739976 1.25610005 0.03110000 2.64350008 0.00410000 0.05620000 0.19720000 1.00000000 87.86599731
36703 1627985610 0 7 $GNGGA,101330.000,4423.99464,N,00853.98698,E,1,11,1.0,-8.3,M,44.7,M,,*6D
36704 1627985611 0 3 2.55 0.00
36705 1627985611 0 4 2.53 1.42
36706 1627985611 0 5 0.03
36707 1627985611 0 6 0.07
36708 1627985611 0 1 3.097
36709 1627985612 0 8 4.98 12.37 11.89
36710 1627985612 0 0 26.25 8.27 166.8 61.38 102.1 6.33 173.6 17.0 193.5 2.72 41.22 14.1
36711 1627985612 0 7 $GNGGA,101331.000,4423.99445,N,00853.98774,E,1,11,1.0,-8.2,M,44.7,M,,*6D
36712 1627985612 0 7 $GNGGA,101332.000,4423.99424,N,00853.98851,E,1,11,1.0,-8.0,M,44.7,M,,*63
36713 1627985613 0 7 $GNGGA,101333.000,4423.99391,N,00853.98925,E,1,11,1.0,-7.9,M,44.7,M,,*6F
36714 1627985614 0 3 2.55 0.00
36715 1627985614 0 4 2.53 1.42
36716 1627985614 0 5 0.03
36717 1627985614 0 6 0.06
36718 1627985614 0 1 2.424
36719 1627985615 0 8 4.98 12.34 11.87
36720 1627985615 0 0 26.25 8.27 166.7 61.39 102.1 6.33 173.5 17.0 193.5 2.73 41.23 14.1
36721 1627985615 0 7 $GNGGA,101334.000,4423.99361,N,00853.98997,E,1,11,1.0,-7.9,M,44.7,M,,*6E
36722 1627985615 0 7 $GNGGA,101335.000,4423.99337,N,00853.99072,E,1,11,1.0,-7.8,M,44.7,M,,*6E
36723 1627985616 0 7 $GNGGA,101336.000,4423.99320,N,00853.99152,E,1,11,1.0,-7.5,M,44.7,M,,*65
36724 1627985617 0 3 2.55 0.00
36725 1627985617 0 4 2.53 1.42
36726 1627985617 0 5 0.03
36727 1627985617 0 6 0.06
36728 1627985617 0 8 4.98 12.34 11.89
36729 1627985617 0 1 2.360
36730 1627985618 0 0 26.25 8.27 166.7 61.34 102.1 6.33 173.5 17.0 193.0 2.69 41.19 14.1
36731 1627985618 0 7 $GNGGA,101337.000,4423.99307,N,00853.99228,E,1,11,1.0,-7.1,M,44.7,M,,*6B
36732 1627985618 0 7 $GNGGA,101338.000,4423.99293,N,00853.99287,E,1,11,1.0,-6.6,M,44.7,M,,*6B
36733 1627985619 0 7 $GNGGA,101339.000,4423.99280,N,00853.99349,E,1,11,1.0,-6.2,M,44.7,M,,*6F
36734 1627985620 0 3 2.55 0.00
36735 1627985620 0 4 2.53 1.42
36736 1627985620 0 5 0.03
36737 1627985620 0 6 0.06
36738 1627985620 0 1 2.536
36739 1627985621 0 8 4.98 12.35 11.89
36740 1627985621 0 0 26.24 8.27 166.8 61.39 102.0 6.33 173.5 17.0 193.3 2.70 41.23 14.1
36741 1627985621 0 7 $GNGGA,101340.000,4423.99269,N,00853.99414,E,1,11,1.0,-6.2,M,44.7,M,,*69
36742 1627985621 0 7 $GNGGA,101341.000,4423.99246,N,00853.99507,E,1,11,1.0,-6.4,M,44.7,M,,*60
36743 1627985622 0 7 $GNGGA,101342.000,4423.99220,N,00853.99571,E,1,11,1.0,-6.5,M,44.7,M,,*63
36744 1627985623 0 3 2.55 0.00
36745 1627985623 0 4 2.53 1.42
36746 1627985623 0 5 0.02
36747 1627985623 0 6 0.06
36748 1627985623 0 8 4.98 12.33 11.89
36749 1627985623 0 1 2.510
36750 1627985624 0 0 26.24 8.27 166.7 61.34 102.1 6.33 173.6 17.0 193.5 2.72 41.20 14.1
36751 1627985624 0 7 $GNGGA,101343.000,4423.99198,N,00853.99639,E,1,11,1.0,-6.5,M,44.7,M,,*6D
36752 1627985624 0 7 $GNGGA,101344.000,4423.99179,N,00853.99707,E,1,11,1.0,-6.6,M,44.7,M,,*6A
36753 1627985625 0 7 $GNGGA,101345.000,4423.99166,N,00853.99761,E,1,11,1.0,-6.6,M,44.7,M,,*65
36754 1627985626 0 3 2.55 0.00
36755 1627985626 0 4 2.53 1.42
36756 1627985626 0 5 0.02
36757 1627985626 0 6 0.06
36758 1627985626 0 1 2.448
36759 1627985627 0 8 4.98 12.36 11.89
36760 1627985627 0 0 26.24 8.27 166.7 61.33 102.0 6.33 173.6 17.0 193.2 2.71 41.19 14.1
36761 1627985627 0 7 $GNGGA,101346.000,4423.99137,N,00853.99811,E,1,11,1.0,-6.3,M,44.7,M,,*6F
36762 1627985627 0 7 $GNGGA,101347.000,4423.99114,N,00853.99861,E,1,11,1.0,-6.2,M,44.7,M,,*69
36763 1627985628 0 7 $GNGGA,101348.000,4423.99084,N,00853.99921,E,1,11,1.0,-6.3,M,44.7,M,,*6A
36764 1627985629 0 3 2.55 0.00
36765 1627985629 0 4 2.53 1.42
36766 1627985629 0 5 0.03
36767 1627985630 0 6 0.06
36768 1627985630 0 8 4.98 12.33 11.89
36769 1627985630 0 1 2.705
36770 1627985630 0 0 26.23 8.27 166.8 61.36 102.0 6.33 173.5 17.0 193.3 2.69 41.21 14.1
36771 1627985630 0 7 $GNGGA,101349.000,4423.99067,N,00853.99968,E,1,11,1.0,-6.4,M,44.7,M,,*6C
36772 1627985630 0 7 $GNGGA,101350.000,4423.99047,N,00854.00025,E,1,11,1.0,-6.2,M,44.7,M,,*67
36773 1627985631 0 7 $GNGGA,101351.000,4423.99054,N,00854.00079,E,1,11,1.0,-6.0,M,44.7,M,,*6F
36774 1627985632 0 3 2.55 0.00
36775 1627985632 0 4 2.53 1.42
36776 1627985632 0 5 0.02
36777 1627985633 0 6 0.06
36778 1627985633 0 1 2.814
36779 1627985633 0 8 4.98 12.36 11.89
36780 1627985633 0 0 26.23 8.27 166.7 61.28 102.0 6.33 173.6 17.0 193.8 2.70 41.15 14.1
36781 1627985633 0 7 $GNGGA,101352.000,4423.99061,N,00854.00132,E,1,11,1.0,-5.8,M,44.7,M,,*6F
36782 1627985633 0 7 $GNGGA,101353.000,4423.99080,N,00854.00182,E,1,11,1.0,-5.5,M,44.7,M,,*67
36783 1627985634 0 7 $GNGGA,101354.000,4423.99080,N,00854.00239,E,1,11,1.0,-5.3,M,44.7,M,,*65
36784 1627985635 0 3 2.55 0.00
36785 1627985635 0 4 2.53 1.42
36786 1627985635 0 5 0.03
36787 1627985636 0 6 0.06
36788 1627985636 0 8 4.98 12.33 11.89
36789 1627985636 0 1 2.406
36790 1627985636 0 0 26.23 8.27 166.7 61.32 102.0 6.33 173.5 16.9 193.1 2.71 41.18 14.1
36791 1627985636 0 7 $GNGGA,101355.000,4423.99064,N,00854.00268,E,1,11,1.0,-5.3,M,44.7,M,,*6A
36792 1627985636 0 7 $GNGGA,101356.000,4423.99039,N,00854.00301,E,1,11,1.0,-5.1,M,44.7,M,,*6D
36793 1627985637 0 7 $GNGGA,101357.000,4423.99059,N,00854.00349,E,1,11,1.0,-5.6,M,44.7,M,,*61
36794 1627985638 0 3 2.55 0.00
36795 1627985638 0 4 2.53 1.42
36796 1627985638 0 5 0.02
36797 1627985639 0 6 0.06
36798 1627985639 0 8 4.98 12.37 11.87
36799 1627985639 0 0 26.23 8.27 166.7 61.28 102.0 6.33 173.5 17.0 193.6 2.70 41.15 14.1
36800 1627985639 0 7 $GNGGA,101358.000,4423.99059,N,00854.00391,E,1,11,1.0,-6.0,M,44.7,M,,*6E
36801 1627985639 0 7 $GNGGA,101359.000,4423.99041,N,00854.00443,E,1,11,1.0,-6.6,M,44.7,M,,*68
36802 1627985640 0 7 $GNGGA,101400.000,4423.99015,N,00854.00495,E,1,11,1.0,-7.0,M,44.7,M,,*6E
36803 1627985641 0 3 2.55 0.00
36804 1627985641 0 4 2.53 1.42
36805 1627985641 0 5 0.02
36806 1627985642 0 6 0.06
36807 1627985642 0 8 4.98 12.37 11.89
36808 1627985642 0 0 26.23 8.27 166.7 61.34 102.0 6.33 173.5 16.9 193.6 2.72 41.20 14.1
36809 1627985642 0 7 $GNGGA,101401.000,4423.98971,N,00854.00550,E,1,11,1.0,-7.3,M,44.7,M,,*6E
36810 1627985642 0 7 $GNGGA,101402.000,4423.98945,N,00854.00613,E,1,11,1.0,-7.8,M,44.7,M,,*65
36811 1627985643 0 7 $GNGGA,101403.000,4423.98925,N,00854.00681,E,1,11,1.0,-8.3,M,44.7,M,,*6D
36812 1627985644 0 3 2.55 0.00
36813 1627985644 0 4 2.53 1.42
36814 1627985644 0 5 0.02
36815 1627985645 0 6 0.06
36816 1627985645 0 8 4.98 12.37 11.87
36817 1627985645 0 0 26.23 8.27 166.7 61.34 102.0 6.33 173.7 17.0 193.7 2.72 41.19 14.0
36818 1627985645 0 7 $GNGGA,101404.000,4423.98909,N,00854.00748,E,1,11,1.0,-8.9,M,44.7,M,,*6A
36819 1627985645 0 7 $GNGGA,101405.000,4423.98891,N,00854.00813,E,1,11,1.0,-9.2,M,44.7,M,,*60
36820 1627985646 0 7 $GNGGA,101406.000,4423.98878,N,00854.00891,E,1,11,1.0,-9.6,M,44.7,M,,*6A
36821 1627985647 0 3 2.55 0.00
36822 1627985647 0 4 2.53 1.43
36823 1627985647 0 5 0.02
36824 1627985648 0 6 0.06
36825 1627985648 0 8 4.98 12.39 11.89
36826 1627985648 0 0 26.23 8.27 166.7 61.33 102.0 6.33 173.5 16.9 193.3 2.72 41.19 14.1
36827 1627985648 0 7 $GNGGA,101407.000,4423.98879,N,00854.00964,E,1,11,1.0,-10.1,M,44.7,M,,*5E
36828 1627985648 0 7 $GNGGA,101408.000,4423.98886,N,00854.01029,E,1,11,1.0,-11.4,M,44.7,M,,*54
36829 1627985648 0 1 2.434
36830 1627985649 0 7 $GNGGA,101409.000,4423.98896,N,00854.01084,E,1,11,1.0,-12.4,M,44.7,M,,*50
36831 1627985650 0 3 2.55 0.00
36832 1627985650 0 4 2.53 1.42
36833 1627985650 0 5 0.03
36834 1627985651 0 6 0.06
36835 1627985651 0 8 4.98 12.33 11.89
36836 1627985651 0 1 2.305
36837 1627985651 0 0 26.23 8.27 166.7 61.34 102.0 6.33 173.6 17.0 193.4 2.73 41.20 14.1
36838 1627985651 0 7 $GNGGA,101410.000,4423.98897,N,00854.01127,E,1,11,1.0,-13.3,M,44.7,M,,*57
36839 1627985651 0 7 $GNGGA,101411.000,4423.98887,N,00854.01200,E,1,11,1.0,-13.9,M,44.7,M,,*5B
36840 1627985652 0 7 $GNGGA,101412.000,4423.98876,N,00854.01279,E,1,11,1.0,-14.0,M,44.7,M,,*56
36841 1627985653 0 3 2.55 0.00
36842 1627985653 0 4 2.53 1.42
36843 1627985653 0 5 0.02
36844 1627985654 0 6 0.06
36845 1627985654 0 1 2.453
36846 1627985654 0 8 4.98 12.36 11.89
36847 1627985654 0 0 26.23 8.27 166.7 61.38 101.9 6.32 173.7 16.9 193.2 2.73 41.23 14.1
36848 1627985654 0 7 $GNGGA,101413.000,4423.98866,N,00854.01350,E,1,11,1.0,-14.0,M,44.7,M,,*5C
36849 1627985655 0 7 $GNGGA,101415.000,4423.98849,N,00854.01447,E,1,11,1.0,-14.0,M,44.7,M,,*56
36850 1627985656 0 3 2.55 0.00
36851 1627985656 0 4 2.53 1.42
36852 1627985656 0 5 0.03
36853 1627985657 0 6 0.06
36854 1627985657 0 8 4.98 12.33 11.89
36855 1627985657 0 1 2.714
36856 1627985657 0 0 26.22 8.27 166.7 61.35 101.9 6.32 173.7 16.9 193.5 2.73 41.20 14.1
36857 1627985657 0 7 $GNGGA,101416.000,4423.98843,N,00854.01503,E,1,11,1.0,-13.3,M,44.7,M,,*5A
36858 1627985657 0 7 $GNGGA,101417.000,4423.98841,N,00854.01564,E,1,11,1.0,-13.1,M,44.7,M,,*5A
36859 1627985658 0 7 $GNGGA,101418.000,4423.98818,N,00854.01635,E,1,11,1.0,-13.0,M,44.7,M,,*5F
36860 1627985659 0 3 2.55 0.00
36861 1627985659 0 4 2.53 1.42
36862 1627985659 0 5 0.02
36863 1627985660 0 6 0.06
36864 1627985660 0 1 2.884
36865 1627985660 0 8 4.98 12.36 11.89
36866 1627985660 0 0 26.23 8.27 166.7 61.31 101.9 6.32 173.5 17.0 192.7 2.74 41.17 14.0
36867 1627985660 0 7 $GNGGA,101419.000,4423.98802,N,00854.01697,E,1,11,1.0,-13.4,M,44.7,M,,*59
36868 1627985661 0 7 $GNGGA,101421.000,4423.98790,N,00854.01786,E,1,11,1.0,-14.4,M,44.7,M,,*50
36869 1627985662 0 3 2.55 0.00
36870 1627985662 0 4 2.53 1.42
36871 1627985662 0 5 0.02
36872 1627985663 0 6 0.07
36873 1627985663 0 1 2.603
36874 1627985663 0 8 4.98 12.33 11.89
36875 1627985663 0 0 26.23 8.27 166.6 61.41 101.9 6.32 173.5 17.0 193.4 2.80 41.25 14.0
36876 1627985663 0 7 $GNGGA,101422.000,4423.98789,N,00854.01842,E,1,11,1.0,-14.4,M,44.7,M,,*5C
36877 1627985663 0 7 $GNGGA,101423.000,4423.98766,N,00854.01902,E,1,11,1.0,-14.0,M,44.7,M,,*5D
36878 1627985664 0 7 $GNGGA,101424.000,4423.98752,N,00854.01966,E,1,11,1.0,-14.3,M,44.7,M,,*5C
36879 1627985665 0 3 2.55 0.00
36880 1627985665 0 4 2.53 1.42
36881 1627985665 0 5 0.02
36882 1627985666 0 6 0.06
36883 1627985666 0 8 4.98 12.33 11.89
36884 1627985666 0 1 2.754
36885 1627985666 0 0 26.22 8.27 166.7 61.30 101.9 6.32 173.5 16.9 193.6 2.82 41.17 14.0
36886 1627985666 0 7 $GNGGA,101425.000,4423.98717,N,00854.02036,E,1,11,1.0,-14.4,M,44.7,M,,*54
36887 1627985667 0 7 $GNGGA,101427.000,4423.98666,N,00854.02174,E,1,11,1.0,-14.0,M,44.7,M,,*52
36888 1627985668 0 3 2.55 0.00
36889 1627985668 0 4 2.53 1.42
36890 1627985668 0 5 0.02
36891 1627985669 0 6 0.05
36892 1627985669 0 1 2.549
36893 1627985669 0 8 4.98 12.35 11.89
36894 1627985669 0 0 26.22 8.27 166.7 61.33 101.9 6.32 173.7 16.9 193.2 2.80 41.19 14.1
36895 1627985669 0 7 $GNGGA,101428.000,4423.98654,N,00854.02247,E,1,11,1.0,-13.9,M,44.7,M,,*51
36896 1627985669 0 7 $GNGGA,101429.000,4423.98639,N,00854.02311,E,1,11,1.0,-13.9,M,44.7,M,,*59
36897 1627985670 0 7 $GNGGA,101430.000,4423.98628,N,00854.02367,E,1,11,1.0,-13.8,M,44.7,M,,*51
36898 1627985671 0 3 2.55 0.00
36899 1627985671 0 4 2.53 1.42
36900 1627985671 0 5 0.02
36901 1627985672 0 6 0.06
36902 1627985672 0 8 4.98 12.19 11.87
36903 1627985672 0 1 2.417
36904 1627985672 0 0 26.24 8.27 166.7 61.39 101.9 6.32 173.4 17.0 193.3 2.78 41.23 14.0
36905 1627985672 0 7 $GNGGA,101431.000,4423.98634,N,00854.02430,E,1,11,1.0,-13.9,M,44.7,M,,*59
36906 1627985673 0 7 $GNGGA,101433.000,4423.98636,N,00854.02551,E,1,11,1.0,-13.6,M,44.7,M,,*50
36907 1627985674 0 3 2.55 0.00
36908 1627985674 0 4 2.53 1.43
36909 1627985675 0 5 0.02
36911 1627985675 0 1 2.225
36912 1627985675 0 8 4.98 12.36 11.89
36913 1627985675 0 0 26.24 8.27 166.7 61.28 101.9 6.32 173.3 17.0 192.7 2.81 41.15 14.0
36916 1627985676 0 7 $GNGGA,101436.000,4423.98636,N,00854.02639,E,1,11,1.0,-13.6,M,44.7,M,,*58
36917 1627985677 0 3 2.55 0.00
36918 1627985677 0 4 2.53 1.42
36920 1627985678 0 6 0.06
36923 1627985678 0 0 26.24 8.27 166.7 61.41 101.8 6.31 173.6 17.0 193.0 2.78 41.24 14.1
36924 1627985678 0 7 $GNGGA,101437.000,4423.98634,N,00854.02703,E,1,11,1.0,-13.7,M,44.7,M,,*52
36925 1627985679 0 7 $GNGGA,101439.000,4423.98616,N,00854.02811,E,1,11,1.0,-13.5,M,44.7,M,,*52
36926 1627985680 0 3 2.55 0.00
36927 1627985680 0 4 2.53 1.42
36928 1627985680 0 5 0.03
36929 1627985680 0 6 0.06
36930 1627985680 0 1 2.564
36931 1627985681 0 8 4.98 12.19 11.87
36932 1627985681 0 0 26.23 8.27 166.6 61.37 101.8 6.31 173.6 17.0 193.3 2.74 41.22 14.1
36933 1627985681 0 7 $GNGGA,101440.000,4423.98583,N,00854.02859,E,1,11,1.0,-13.2,M,44.7,M,,*58
36934 1627985681 0 7 $GNGGA,101441.000,4423.98546,N,00854.02916,E,1,11,1.0,-12.8,M,44.7,M,,*51
36935 1627985682 0 7 $GNGGA,101442.000,4423.98509,N,00854.02982,E,1,11,1.0,-12.5,M,44.7,M,,*59
36936 1627985683 0 3 2.55 0.00
36937 1627985683 0 4 2.53 1.43
36938 1627985683 0 5 0.02
36939 1627985683 0 6 0.06
36940 1627985683 0 8 4.98 12.32 11.89
36942 1627985684 0 0 26.23 8.27 166.6 61.35 101.8 6.31 173.4 17.0 193.7 2.74 41.20 14.0
36944 1627985684 0 7 $GNGGA,101444.000,4423.98472,N,00854.03107,E,1,11,1.0,-11.2,M,44.7,M,,*52
36945 1627985685 0 7 $GNGGA,101445.000,4423.98469,N,00854.03163,E,1,11,1.0,-10.6,M,44.7,M,,*5E
36946 1627985686 0 3 2.55 0.00
36947 1627985686 0 4 2.53 1.43
36948 1627985686 0 5 0.02
36949 1627985686 0 6 0.07
36950 1627985686 0 1 2.953
36951 1627985687 0 8 4.98 12.22 11.87
36952 1627985687 0 0 26.23 8.27 166.7 61.43 101.8 6.31 173.4 17.0 192.9 2.77 41.27 14.0
36953 1627985687 0 7 $GNGGA,101446.000,4423.98456,N,00854.03221,E,1,11,1.0,-9.9,M,44.7,M,,*63
36954 1627985687 0 7 $GNGGA,101447.000,4423.98461,N,00854.03277,E,1,11,1.0,-9.1,M,44.7,M,,*6D
36955 1627985688 0 7 $GNGGA,101448.000,4423.98470,N,00854.03336,E,1,11,1.0,-8.5,M,44.7,M,,*63
36956 1627985689 0 3 2.55 0.00
36958 1627985689 0 5 0.02
36959 1627985689 0 6 0.07
36960 1627985689 0 1 2.161
36961 1627985690 0 8 4.98 12.15 11.89
36962 1627985690 0 0 26.24 8.27 166.7 61.29 101.8 6.32 173.3 17.0 192.9 2.76 41.16 14.0
36963 1627985690 0 7 $GNGGA,101449.000,4423.98495,N,00854.03412,E,1,11,1.0,-8.2,M,44.7,M,,*6F
36964 1627985690 0 7 $GNGGA,101450.000,4423.98511,N,00854.03484,E,1,11,1.0,-7.7,M,44.7,M,,*6F
36965 1627985691 0 7 $GNGGA,101451.000,4423.98519,N,00854.03554,E,1,11,1.0,-7.4,M,44.7,M,,*69
36966 1627985692 0 3 2.55 0.00
36967 1627985692 0 4 2.53 1.43
36968 1627985692 0 5 0.02
36969 1627985692 0 6 0.07
36970 1627985692 0 8 4.98 12.32 11.89
36971 1627985693 0 1 2.276
36972 1627985693 0 0 26.24 8.27 166.7 61.42 101.8 6.31 173.6 17.0 193.5 2.72 41.25 14.0
36973 1627985693 0 7 $GNGGA,101452.000,4423.98520,N,00854.03626,E,1,11,1.0,-7.2,M,44.7,M,,*60
36974 1627985693 0 7 $GNGGA,101453.000,4423.98525,N,00854.03696,E,1,11,1.0,-7.0,M,44.7,M,,*6D
36975 1627985694 0 7 $GNGGA,101454.000,4423.98526,N,00854.03763,E,1,11,1.0,-6.6,M,44.7,M,,*65
36976 1627985695 0 3 2.55 0.00
36977 1627985695 0 4 2.53 1.43
36978 1627985695 0 5 0.03
36979 1627985695 0 6 0.07
36980 1627985696 0 1 2.573
36981 1627985696 0 8 4.98 12.34 11.89
36982 1627985696 0 0 26.22 8.27 166.7 61.35 101.8 6.31 173.7 16.9 193.4 2.70 41.20 14.0
36983 1627985696 0 7 $GNGGA,101455.000,4423.98532,N,00854.03830,E,1,11,1.0,-6.1,M,44.7,M,,*6F
36984 1627985696 0 7 $GNGGA,101456.000,4423.98553,N,00854.03882,E,1,11,1.0,-6.2,M,44.7,M,,*61
36985 1627985697 0 7 $GNGGA,101457.000,4423.98572,N,00854.03944,E,1,11,1.0,-6.3,M,44.7,M,,*69
36986 1627985698 0 3 2.55 0.00
36987 1627985698 0 4 2.52 1.43
36988 1627985698 0 5 0.02
36989 1627985698 0 6 0.07
36990 1627985698 0 8 4.98 12.33 11.89
36991 1627985699 0 1 2.428
36992 1627985699 0 0 26.22 8.27 166.7 61.33 101.8 6.31 173.6 17.0 193.1 2.71 41.18 14.0
36993 1627985699 0 7 $GNGGA,101458.000,4423.98599,N,00854.04014,E,1,11,1.0,-6.5,M,44.7,M,,*6E
36994 1627985699 0 7 $GNGGA,101459.000,4423.98618,N,00854.04090,E,1,11,1.0,-6.6,M,44.7,M,,*6A
36995 1627985700 0 7 $GNGGA,101500.000,4423.98638,N,00854.04158,E,1,11,1.0,-6.7,M,44.7,M,,*61
36996 1627985701 0 3 2.55 0.00
36997 1627985701 0 4 2.53 1.43
36998 1627985701 0 5 0.02
36999 1627985702 0 6 0.06
37000 1627985702 0 1 1.827
37001 1627985702 0 8 4.98 12.35 11.89
37002 1627985702 0 0 26.26 8.27 166.6 61.37 101.7 6.31 173.0 17.0 192.7 2.71 41.22 14.0
37003 1627985702 0 7 $GNGGA,101501.000,4423.98659,N,00854.04212,E,1,11,1.0,-6.8,M,44.7,M,,*65
37004 1627985702 0 7 $GNGGA,101502.000,4423.98679,N,00854.04258,E,1,11,1.0,-7.1,M,44.7,M,,*62
37005 1627985703 0 7 $GNGGA,101503.000,4423.98703,N,00854.04314,E,1,11,1.0,-7.4,M,44.7,M,,*63
37006 1627985704 0 3 2.55 0.00
37007 1627985704 0 4 2.52 1.42
37008 1627985704 0 5 0.02
37009 1627985704 0 6 0.06
37010 1627985704 0 8 4.98 12.32 11.89
37011 1627985705 0 1 2.502
37012 1627985705 0 0 26.24 8.27 166.6 61.36 101.7 6.31 173.5 17.0 193.2 2.69 41.21 14.0
37013 1627985705 0 7 $GNGGA,101504.000,4423.98740,N,00854.04379,E,1,11,1.0,-7.3,M,44.7,M,,*6F
37014 1627985705 0 7 $GNGGA,101505.000,4423.98783,N,00854.04445,E,1,11,1.0,-7.3,M,44.7,M,,*69
37015 1627985706 0 7 $GNGGA,101506.000,4423.98813,N,00854.04496,E,1,11,1.0,-7.2,M,44.7,M,,*63
37016 1627985707 0 3 2.55 0.00
37017 1627985707 0 4 2.52 1.42
37018 1627985707 0 5 0.03
37019 1627985707 0 6 0.06
37020 1627985707 0 1 2.554
37021 1627985708 0 8 4.98 12.36 11.89
37022 1627985708 0 0 26.23 8.27 166.6 61.37 101.7 6.30 173.6 16.9 193.3 2.68 41.22 14.0
37023 1627985708 0 7 $GNGGA,101507.000,4423.98863,N,00854.04535,E,1,11,1.0,-7.0,M,44.7,M,,*6F
37024 1627985708 0 7 $GNGGA,101508.000,4423.98912,N,00854.04583,E,1,11,1.0,-7.1,M,44.7,M,,*6B
37025 1627985709 0 7 $GNGGA,101509.000,4423.98937,N,00854.04639,E,1,11,1.0,-7.2,M,44.7,M,,*6C
37026 1627985710 0 3 2.55 0.00
37027 1627985710 0 4 2.52 1.43
37028 1627985710 0 5 0.02
37029 1627985710 0 6 0.06
37030 1627985710 0 8 4.98 12.33 11.89
37031 1627985711 0 1 2.396
37033 1627985711 0 7 $GNGGA,101510.000,4423.98944,N,00854.04699,E,1,11,1.0,-7.4,M,44.7,M,,*6C
37034 1627985711 0 7 $GNGGA,101511.000,4423.98959,N,00854.04766,E,1,11,1.0,-7.6,M,44.7,M,,*62
37035 1627985712 0 7 $GNGGA,101512.000,4423.98964,N,00854.04835,E,1,11,1.0,-7.7,M,44.7,M,,*67
37036 1627985713 0 3 2.55 0.00
37037 1627985713 0 4 2.52 1.42
37038 1627985713 0 5 0.02
37039 1627985713 0 6 0.06
37040 1627985713 0 1 3.372
37041 1627985714 0 8 4.98 12.37 11.89
37042 1627985714 0 0 26.22 8.27 166.6 61.37 101.6 6.30 173.7 16.9 193.6 2.71 41.22 14.0
37043 1627985714 0 7 $GNGGA,101513.000,4423.98966,N,00854.04909,E,1,11,1.0,-7.8,M,44.7,M,,*65
37044 1627985714 0 7 $GNGGA,101514.000,4423.98984,N,00854.04989,E,1,11,1.0,-7.9,M,44.7,M,,*67
37045 1627985715 0 7 $GNGGA,101515.000,4423.99022,N,00854.05083,E,1,11,1.0,-8.2,M,44.7,M,,*64
37046 1627985716 0 3 2.55 0.00
37047 1627985716 0 4 2.52 1.42
37048 1627985716 0 5 0.02
37049 1627985716 0 6 0.06
37050 1627985716 0 1 2.323
37051 1627985717 0 8 4.98 12.33 11.89
37052 1627985717 0 0 26.24 8.27 166.6 61.33 101.6 6.30 173.6 17.0 192.8 2.67 41.19 14.1
37053 1627985717 0 7 $GNGGA,101516.000,4423.99037,N,00854.05168,E,1,11,1.0,-8.4,M,44.7,M,,*61
37054 1627985717 0 7 $GNGGA,101517.000,4423.99049,N,00854.05255,E,1,11,1.0,-8.8,M,44.7,M,,*68
37055 1627985718 0 7 $GNGGA,101518.000,4423.99056,N,00854.05332,E,1,11,1.0,-9.1,M,44.7,M,,*61
37056 1627985719 0 3 2.55 0.00
37057 1627985719 0 4 2.53 1.42
37058 1627985719 0 5 0.02
37059 1627985719 0 6 0.06
37060 1627985719 0 8 4.98 12.33 11.89
37061 1627985720 0 1 2.272
37062 1627985720 0 0 26.25 8.27 166.6 61.34 101.6 6.30 173.4 17.0 193.0 2.65 41.19 14.1
37063 1627985720 0 7 $GNGGA,101519.000,4423.99081,N,00854.05410,E,1,11,1.0,-9.5,M,44.7,M,,*69
37064 1627985720 0 7 $GNGGA,101520.000,4423.99096,N,00854.05478,E,1,11,1.0,-9.9,M,44.7,M,,*67
37065 1627985721 0 7 $GNGGA,101521.000,4423.99083,N,00854.05539,E,1,11,1.0,-10.0,M,44.7,M,,*57
37066 1627985722 0 3 2.55 0.00
37067 1627985722 0 4 2.53 1.42
37068 1627985722 0 5 0.02
37069 1627985722 0 6 0.05
37070 1627985722 0 1 2.331
37071 1627985723 0 8 4.98 12.35 11.89
37072 1627985723 0 0 26.23 8.27 166.6 61.39 101.5 6.30 173.6 17.0 193.6 2.64 41.23 14.0
37073 1627985723 0 7 $GNGGA,101522.000,4423.99079,N,00854.05598,E,1,11,1.0,-9.9,M,44.7,M,,*6B
37074 1627985723 0 7 $GNGGA,101523.000,4423.99089,N,00854.05671,E,1,11,1.0,-9.9,M,44.7,M,,*61
37075 1627985724 0 7 $GNGGA,101524.000,4423.99100,N,00854.05737,E,1,11,1.0,-10.0,M,44.7,M,,*54
37076 1627985725 0 3 2.55 0.00
37077 1627985725 0 4 2.52 1.42
37079 1627985725 0 6 0.06
37080 1627985725 0 8 4.98 12.33 11.89
37081 1627985726 0 1 2.345
37082 1627985726 0 0 26.23 8.27 166.6 61.29 101.5 6.30 173.7 16.9 193.2 2.69 41.16 14.1
37083 1627985726 0 7 $GNGGA,101525.000,4423.99115,N,00854.05791,E,1,11,1.0,-10.3,M,44.7,M,,*5E
37084 1627985726 0 7 $GNGGA,101526.000,4423.99125,N,00854.05855,E,1,11,1.0,-10.5,M,44.7,M,,*5F
37085 1627985727 0 7 $GNGGA,101527.000,4423.99130,N,00854.05951,E,1,11,1.0,-10.9,M,44.7,M,,*53
37086 1627985728 0 3 2.55 0.00
37087 1627985728 0 4 2.53 1.42
37088 1627985728 0 5 0.03
37089 1627985728 0 6 0.06
37090 1627985728 0 1 2.436
37091 1627985729 0 8 4.98 12.36 11.89
37094 1627985729 0 7 $GNGGA,101529.000,4423.99150,N,00854.06144,E,1,11,1.0,-10.6,M,44.7,M,,*5B
37096 1627985730 0 7 $GNGGA,101530.000,4423.99172,N,00854.06216,E,1,11,1.0,-10.5,M,44.7,M,,*54
37097 1627985731 0 3 2.55 0.00
37098 1627985731 0 4 2.52 1.42
37099 1627985731 0 5 0.03
37100 1627985731 0 6 0.06
37101 1627985731 0 8 4.98 12.33 11.89
37102 1627985732 0 1 2.478
37103 1627985732 0 0 26.22 8.27 166.6 61.35 101.5 6.30 173.7 17.0 193.4 2.64 41.20 14.1
37104 1627985732 0 7 $GNGGA,101531.000,4423.99213,N,00854.06271,E,1,11,1.0,-10.4,M,44.7,M,,*51
37105 1627985732 0 7 $GNGGA,101532.000,4423.99235,N,00854.06328,E,1,11,1.0,-10.5,M,44.7,M,,*5A
37106 1627985733 0 7 $GNGGA,101533.000,4423.99236,N,00854.06383,E,1,11,1.0,-10.5,M,44.7,M,,*59
37107 1627985734 0 3 2.55 0.00
37108 1627985734 0 4 2.52 1.42
37109 1627985734 0 5 0.03
37110 1627985734 0 6 0.06
37111 1627985734 0 1 2.568
37112 1627985735 0 8 4.98 12.37 11.89
37113 1627985735 0 0 26.21 8.27 166.6 61.40 101.5 6.29 173.9 17.0 193.5 2.62 41.24 14.0
37114 1627985735 0 7 $GNGGA,101534.000,4423.99236,N,00854.06447,E,1,11,1.0,-10.5,M,44.7,M,,*51
37115 1627985735 0 7 $GNGGA,101535.000,4423.99228,N,00854.06521,E,1,11,1.0,-10.3,M,44.7,M,,*58
37116 1627985736 0 7 $GNGGA,101536.000,4423.99214,N,00854.06593,E,1,11,1.0,-10.1,M,44.7,M,,*5F
37117 1627985737 0 3 2.55 0.00
37118 1627985737 0 4 2.53 1.43
37119 1627985737 0 5 0.03
37120 1627985737 0 6 0.07
37121 1627985737 0 8 4.98 12.34 11.89
37122 1627985738 0 1 2.400
37123 1627985738 0 0 26.22 8.27 166.6 61.33 101.5 6.29 173.7 17.0 193.6 2.65 41.19 14.1
37124 1627985738 0 7 $GNGGA,101537.000,4423.99203,N,00854.06672,E,1,11,1.0,-10.1,M,44.7,M,,*54
37125 1627985738 0 7 $GNGGA,101538.000,4423.99191,N,00854.06740,E,1,11,1.0,-9.9,M,44.7,M,,*63
37126 1627985739 0 7 $GNGGA,101539.000,4423.99187,N,00854.06804,E,1,11,1.0,-9.6,M,44.7,M,,*65
37127 1627985740 0 3 2.55 0.00
37128 1627985740 0 4 2.53 1.41
37129 1627985740 0 5 0.03
37130 1627985740 0 6 0.06
37131 1627985740 0 1 2.818
37132 1627985741 0 8 4.98 12.37 11.89
37133 1627985741 0 0 26.24 8.27 166.6 61.38 101.4 6.29 173.4 17.0 193.0 2.69 41.23 14.0
37134 1627985741 0 7 $GNGGA,101540.000,4423.99184,N,00854.06872,E,1,11,1.0,-9.1,M,44.7,M,,*6E
37135 1627985741 0 7 $GNGGA,101541.000,4423.99179,N,00854.06943,E,1,11,1.0,-8.8,M,44.7,M,,*66
37136 1627985742 0 7 $GNGGA,101542.000,4423.99158,N,00854.07015,E,1,11,1.0,-8.5,M,44.7,M,,*60
37137 1627985743 0 3 2.55 0.00
37138 1627985743 0 4 2.52 1.41
37139 1627985743 0 5 0.02
37140 1627985743 0 6 0.05
37141 1627985743 0 1 2.298
37142 1627985744 0 8 4.98 12.33 11.89
37143 1627985744 0 0 26.24 8.27 166.6 61.39 101.5 6.29 173.6 17.0 193.6 2.68 41.23 14.1
37144 1627985744 0 7 $GNGGA,101543.000,4423.99160,N,00854.07086,E,1,11,1.0,-8.3,M,44.7,M,,*66
37145 1627985744 0 7 $GNGGA,101544.000,4423.99168,N,00854.07145,E,1,11,1.0,-8.3,M,44.7,M,,*67
37146 1627985745 0 7 $GNGGA,101545.000,4423.99188,N,00854.07199,E,1,11,1.0,-8.5,M,44.7,M,,*6F
37147 1627985746 0 3 2.55 0.00
37148 1627985746 0 4 2.52 1.41
37149 1627985747 0 5 0.02
37150 1627985747 0 6 0.06
37151 1627985747 0 8 4.98 12.33 11.87
37152 1627985747 0 1 2.586
37153 1627985747 0 0 26.24 8.27 166.6 61.36 101.4 6.29 173.7 17.0 193.1 2.67 41.21 14.0
37154 1627985747 0 7 $GNGGA,101546.000,4423.99215,N,00854.07263,E,1,11,1.0,-8.7,M,44.7,M,,*6F
37155 1627985747 0 7 $GNGGA,101547.000,4423.99247,N,00854.07357,E,1,11,1.0,-8.5,M,44.7,M,,*6D
37156 1627985748 0 7 $GNGGA,101548.000,4423.99270,N,00854.07446,E,1,11,1.0,-8.3,M,44.7,M,,*67
37157 1627985749 0 3 2.55 0.00
37158 1627985749 0 4 2.52 1.41
37159 1627985749 0 5 0.03
37160 1627985749 0 6 0.08
37161 1627985750 0 1 2.677
37162 1627985750 0 8 4.98 12.34 11.89
37163 1627985750 0 0 26.23 8.27 166.5 61.29 101.5 6.30 173.7 16.9 193.0 2.66 41.16 14.1
37164 1627985750 0 7 $GNGGA,101549.000,4423.99291,N,00854.07530,E,1,11,1.0,-8.0,M,44.7,M,,*6A
37165 1627985750 0 7 $GNGGA,101550.000,4423.99317,N,00854.07602,E,1,11,1.0,-7.9,M,44.7,M,,*69
37166 1627985751 0 7 $GNGGA,101551.000,4423.99328,N,00854.07654,E,1,11,1.0,-8.0,M,44.7,M,,*61
37167 1627985752 0 3 2.55 0.00
37168 1627985752 0 4 2.53 1.41
37169 1627985752 0 5 0.03
37170 1627985753 0 6 0.08
37171 1627985753 0 8 4.98 12.33 11.89
37172 1627985753 0 1 2.723
37173 1627985753 0 0 26.23 8.27 166.6 61.36 101.5 6.29 173.6 17.0 193.3 2.69 41.21 14.0
37174 1627985753 0 7 $GNGGA,101552.000,4423.99332,N,00854.07700,E,1,11,1.0,-8.2,M,44.7,M,,*6B
37175 1627985753 0 7 $GNGGA,101553.000,4423.99344,N,00854.07774,E,1,11,1.0,-8.4,M,44.7,M,,*6E
37176 1627985754 0 7 $GNGGA,101554.000,4423.99345,N,00854.07837,E,1,11,1.0,-8.3,M,44.7,M,,*67
37177 1627985755 0 3 2.55 0.00
37178 1627985755 0 4 2.52 1.41
37179 1627985755 0 5 0.03
37180 1627985755 0 6 0.06
37181 1627985755 0 1 2.753
37182 1627985756 0 8 4.98 12.36 11.91
37183 1627985756 0 0 26.23 8.27 166.5 61.36 101.5 6.29 173.7 17.0 193.1 2.69 41.21 14.1
37184 1627985756 0 7 $GNGGA,101555.000,4423.99338,N,00854.07896,E,1,11,1.0,-8.1,M,44.7,M,,*65
37185 1627985756 0 7 $GNGGA,101556.000,4423.99328,N,00854.07962,E,1,11,1.0,-7.8,M,44.7,M,,*6B
37186 1627985757 0 7 $GNGGA,101557.000,4423.99323,N,00854.08029,E,1,11,1.0,-7.3,M,44.7,M,,*63
37187 1627985758 0 3 2.55 0.00
37188 1627985758 0 4 2.52 1.42
37189 1627985758 0 5 0.03
37190 1627985758 0 6 0.05
37191 1627985758 0 8 4.98 12.33 11.89
37192 1627985759 0 1 3.535
37193 1627985759 0 0 26.22 8.27 166.5 61.32 101.4 6.29 173.8 16.9 193.6 2.66 41.18 14.0
37194 1627985759 0 7 $GNGGA,101558.000,4423.99320,N,00854.08088,E,1,11,1.0,-7.0,M,44.7,M,,*67
37195 1627985759 0 7 $GNGGA,101559.000,4423.99312,N,00854.08146,E,1,11,1.0,-6.8,M,44.7,M,,*6D
37196 1627985760 0 7 $GNGGA,101600.000,4423.99307,N,00854.08206,E,1,11,1.0,-6.6,M,44.7,M,,*6F
37197 1627985761 0 3 2.55 0.00
37198 1627985761 0 4 2.53 1.42
37199 1627985761 0 5 0.02
37200 1627985761 0 6 0.05
37201 1627985761 0 1 3.309
37202 1627985762 0 8 4.98 12.37 11.89
37203 1627985762 0 0 26.22 8.27 166.5 61.35 101.4 6.29 173.6 16.9 193.1 2.65 41.20 14.1
37204 1627985762 0 7 $GNGGA,101601.000,4423.99316,N,00854.08249,E,1,11,1.0,-6.6,M,44.7,M,,*65
37205 1627985762 0 7 $GNGGA,101602.000,4423.99350,N,00854.08264,E,1,11,1.0,-6.6,M,44.7,M,,*6B
37206 1627985763 0 7 $GNGGA,101603.000,4423.99378,N,00854.08278,E,1,11,1.0,-6.6,M,44.7,M,,*6D
37207 1627985764 0 3 2.55 0.00
37208 1627985764 0 4 2.52 1.41
37209 1627985764 0 5 0.03
37210 1627985764 0 6 0.05
37211 1627985764 0 8 4.98 12.34 11.89
37212 1627985765 0 1 2.809
37213 1627985765 0 0 26.22 8.27 166.6 61.41 101.4 6.29 173.5 17.0 192.8 2.66 41.25 14.0
37214 1627985765 0 7 $GNGGA,101604.000,4423.99393,N,00854.08310,E,1,11,1.0,-6.8,M,44.7,M,,*6E
37215 1627985765 0 7 $GNGGA,101605.000,4423.99390,N,00854.08367,E,1,11,1.0,-7.1,M,44.7,M,,*64
37216 1627985766 0 7 $GNGGA,101606.000,4423.99379,N,00854.08436,E,1,11,1.0,-7.5,M,44.7,M,,*67
37217 1627985767 0 3 2.55 0.00
37218 1627985767 0 4 2.52 1.41
37219 1627985767 0 5 0.03
37220 1627985767 0 6 0.06
37221 1627985767 0 1 3.087
37222 1627985768 0 8 4.98 12.37 11.89
37223 1627985768 0 0 26.22 8.27 166.5 61.37 101.4 6.29 173.6 17.0 192.7 2.66 41.22 14.0
37224 1627985768 0 7 $GNGGA,101607.000,4423.99361,N,00854.08501,E,1,11,1.0,-8.1,M,44.7,M,,*61
37225 1627985768 0 7 $GNGGA,101608.000,4423.99343,N,00854.08564,E,1,11,1.0,-8.6,M,44.7,M,,*6A
37226 1627985769 0 7 $GNGGA,101609.000,4423.99335,N,00854.08639,E,1,11,1.0,-8.9,M,44.7,M,,*6E
37227 1627985770 0 3 2.55 0.00
37228 1627985770 0 4 2.53 1.41
37229 1627985770 0 5 0.03
37230 1627985770 0 6 0.05
37231 1627985770 0 1 3.043
37232 1627985771 0 8 4.98 12.33 11.89
37233 1627985771 0 0 26.21 8.27 166.5 61.34 101.4 6.29 173.6 16.9 193.1 2.67 41.20 14.0
37234 1627985771 0 7 $GNGGA,101610.000,4423.99336,N,00854.08718,E,1,11,1.0,-9.3,M,44.7,M,,*6C
37235 1627985771 0 7 $GNGGA,101611.000,4423.99333,N,00854.08817,E,1,11,1.0,-9.6,M,44.7,M,,*6D
37236 1627985772 0 7 $GNGGA,101612.000,4423.99345,N,00854.08905,E,1,11,1.0,-9.8,M,44.7,M,,*63
37237 1627985773 0 3 2.55 0.00
37238 1627985773 0 4 2.52 1.42
37239 1627985773 0 5 0.03
37240 1627985773 0 6 0.07
37241 1627985773 0 8 4.98 12.33 11.89
37242 1627985774 0 1 2.427
37243 1627985774 0 0 26.23 8.27 166.6 61.35 101.4 6.29 173.5 16.9 192.7 2.70 41.20 14.0
37244 1627985774 0 7 $GNGGA,101613.000,4423.99368,N,00854.08974,E,1,11,1.0,-10.3,M,44.7,M,,*58
37245 1627985774 0 7 $GNGGA,101614.000,4423.99386,N,00854.09045,E,1,11,1.0,-10.2,M,44.7,M,,*54
37246 1627985775 0 7 $GNGGA,101615.000,4423.99401,N,00854.09128,E,1,11,1.0,-10.0,M,44.7,M,,*55
37247 1627985776 0 3 2.55 0.00
37248 1627985776 0 4 2.52 1.42
37249 1627985776 0 5 0.03
37250 1627985776 0 6 0.05
37251 1627985776 0 1 2.349
37252 1627985777 0 8 4.98 12.34 11.89
37253 1627985777 0 0 26.23 8.27 166.6 61.39 101.4 6.29 173.5 17.0 193.1 2.66 41.23 14.1
37254 1627985777 0 7 $GNGGA,101616.000,4423.99421,N,00854.09214,E,1,11,1.0,-10.0,M,44.7,M,,*58
37255 1627985777 0 7 $GNGGA,101617.000,4423.99440,N,00854.09283,E,1,11,1.0,-9.8,M,44.7,M,,*60
37256 1627985778 0 7 $GNGGA,101618.000,4423.99448,N,00854.09352,E,1,11,1.0,-9.5,M,44.7,M,,*67
37257 1627985779 0 3 2.55 0.00
37258 1627985779 0 4 2.52 1.41
37259 1627985779 0 5 0.02
37260 1627985779 0 6 0.06
37261 1627985779 0 8 4.98 12.33 11.89
37262 1627985780 0 1 2.190
37263 1627985780 0 0 26.23 8.27 166.5 61.32 101.4 6.29 173.5 16.9 192.7 2.63 41.18 14.1
37264 1627985780 0 7 $GNGGA,101619.000,4423.99451,N,00854.09413,E,1,11,1.0,-9.1,M,44.7,M,,*68
37265 1627985780 0 7 $GNGGA,101620.000,4423.99465,N,00854.09459,E,1,11,1.0,-8.8,M,44.7,M,,*63
37266 1627985781 0 7 $GNGGA,101621.000,4423.99478,N,00854.09519,E,1,11,1.0,-8.6,M,44.7,M,,*65
37267 1627985782 0 3 2.55 0.00
37268 1627985782 0 4 2.53 1.42
37269 1627985782 0 5 0.03
37270 1627985782 0 6 0.06
37271 1627985782 0 1 2.025
37272 1627985783 0 8 4.98 12.37 11.89
37273 1627985783 0 0 26.23 8.27 166.5 61.45 101.4 6.29 173.5 17.0 193.3 2.62 41.28 14.0
37274 1627985783 0 7 $GNGGA,101622.000,4423.99486,N,00854.09583,E,1,11,1.0,-8.6,M,44.7,M,,*64
37275 1627985783 0 7 $GNGGA,101623.000,4423.99485,N,00854.09640,E,1,11,1.0,-8.6,M,44.7,M,,*6A
37276 1627985784 0 7 $GNGGA,101624.000,4423.99478,N,00854.09699,E,1,11,1.0,-8.5,M,44.7,M,,*68
37277 1627985785 0 3 2.55 0.00
37278 1627985785 0 4 2.52 1.42
37279 1627985785 0 5 0.02
37280 1627985785 0 6 0.06
37281 1627985785 0 8 4.98 12.33 11.89
37282 1627985786 0 1 2.956
37283 1627985786 0 0 26.22 8.27 166.5 61.38 101.4 6.29 173.7 16.9 193.1 2.66 41.23 14.0
37284 1627985786 0 7 $GNGGA,101625.000,4423.99484,N,00854.09768,E,1,11,1.0,-8.4,M,44.7,M,,*64
37285 1627985786 0 7 $GNGGA,101626.000,4423.99491,N,00854.09824,E,1,11,1.0,-8.3,M,44.7,M,,*63
37286 1627985787 0 7 $GNGGA,101627.000,4423.99497,N,00854.09879,E,1,11,1.0,-7.9,M,44.7,M,,*69
37287 1627985788 0 3 2.55 0.00
37288 1627985788 0 4 2.52 1.42
37289 1627985788 0 5 0.02
37290 1627985788 0 6 0.07
37291 1627985789 0 1 3.117
37292 1627985789 0 8 4.98 12.37 11.89
37293 1627985789 0 0 26.22 8.27 166.5 61.32 101.4 6.29 173.7 16.9 193.0 2.66 41.18 14.0
37294 1627985789 0 7 $GNGGA,101628.000,4423.99517,N,00854.09941,E,1,11,1.0,-7.5,M,44.7,M,,*69
37295 1627985789 0 7 $GNGGA,101629.000,4423.99540,N,00854.09982,E,1,11,1.0,-6.9,M,44.7,M,,*68
37296 1627985790 0 7 $GNGGA,101630.000,4423.99567,N,00854.10013,E,1,11,1.0,-6.4,M,44.7,M,,*61
37297 1627985791 0 3 2.55 0.00
37298 1627985791 0 4 2.52 1.42
37299 1627985791 0 5 0.02
37300 1627985791 0 6 0.05
37301 1627985791 0 8 4.98 12.18 11.87
37302 1627985792 0 1 2.893
37303 1627985792 0 0 26.22 8.27 166.5 61.36 101.4 6.29 173.5 16.9 192.8 2.64 41.21 14.0
37304 1627985792 0 7 $GNGGA,101631.000,4423.99586,N,00854.10070,E,1,11,1.0,-5.6,M,44.7,M,,*6B
37305 1627985792 0 7 $GNGGA,101632.000,4423.99602,N,00854.10121,E,1,11,1.0,-4.9,M,44.7,M,,*6C
37306 1627985793 0 7 $GNGGA,101633.000,4423.99603,N,00854.10182,E,1,11,1.0,-4.5,M,44.7,M,,*69
37307 1627985794 0 3 2.55 0.00
37308 1627985794 0 4 2.52 1.42
37309 1627985794 0 5 0.02
37310 1627985794 0 6 0.07
37311 1627985794 0 8 4.98 12.22 11.89
37312 1627985795 0 7 $GNGGA,101634.000,4423.99603,N,00854.10251,E,1,11,1.0,-4.2,M,44.7,M,,*64
37313 1627985795 0 0 26.22 8.27 166.5 61.31 101.4 6.29 173.7 16.9 193.4 2.66 41.17 14.0
37314 1627985795 0 7 $GNGGA,101635.000,4423.99611,N,00854.10317,E,1,11,1.0,-4.1,M,44.7,M,,*66
37315 1627985796 0 7 $GNGGA,101636.000,4423.99615,N,00854.10378,E,1,11,1.0,-4.1,M,44.7,M,,*68
37316 1627985797 0 3 2.55 0.00
37317 1627985797 0 4 2.52 1.42
37318 1627985797 0 5 0.02
37319 1627985797 0 6 0.06
37320 1627985797 0 8 4.98 12.36 11.89
37321 1627985798 0 0 26.22 8.27 166.6 61.36 101.5 6.30 173.7 16.9 193.3 2.68 41.21 14.0
37322 1627985798 0 7 $GNGGA,101637.000,4423.99618,N,00854.10442,E,1,11,1.0,-4.1,M,44.7,M,,*6A
37323 1627985798 0 7 $GNGGA,101638.000,4423.99616,N,00854.10507,E,1,11,1.0,-4.1,M,44.7,M,,*6B
37324 1627985799 0 7 $GNGGA,101639.000,4423.99611,N,00854.10578,E,1,11,1.0,-4.1,M,44.7,M,,*65
37325 1627985800 0 3 2.55 0.00
37326 1627985800 0 4 2.52 1.43
37327 1627985800 0 5 0.02
37328 1627985800 0 6 0.06
37329 1627985800 0 8 4.98 12.20 11.87
37330 1627985801 0 0 26.21 8.27 166.5 61.35 101.5 6.30 173.7 17.0 193.2 2.66 41.20 14.0
37331 1627985801 0 7 $GNGGA,101640.000,4423.99607,N,00854.10657,E,1,11,1.0,-4.4,M,44.7,M,,*67
37332 1627985801 0 7 $GNGGA,101641.000,4423.99601,N,00854.10723,E,1,11,1.0,-4.7,M,44.7,M,,*61
37333 1627985802 0 7 $GNGGA,101642.000,4423.99588,N,00854.10789,E,1,11,1.0,-4.9,M,44.7,M,,*6E
37334 1627985803 0 3 2.55 0.00
37335 1627985803 0 4 2.52 1.44
37336 1627985803 0 5 0.02
37337 1627985803 0 6 0.06
37338 1627985804 0 8 4.98 12.39 11.89
37339 1627985804 0 0 26.21 8.27 166.5 61.29 101.5 6.30 173.7 16.9 193.3 2.67 41.15 14.0
37340 1627985804 0 7 $GNGGA,101643.000,4423.99580,N,00854.10851,E,1,11,1.0,-5.1,M,44.7,M,,*64
37341 1627985804 0 7 $GNGGA,101644.000,4423.99583,N,00854.10904,E,1,11,1.0,-5.1,M,44.7,M,,*61
37342 1627985804 0 1 2.568
37343 1627985805 0 7 $GNGGA,101645.000,4423.99607,N,00854.10958,E,1,11,1.0,-4.9,M,44.7,M,,*6F
37344 1627985806 0 3 2.55 0.00
37345 1627985806 0 4 2.53 1.44
37346 1627985806 0 5 0.02
37347 1627985806 0 6 0.07
37348 1627985806 0 8 4.98 12.34 11.87
37349 1627985807 0 1 2.247
37350 1627985807 0 0 26.23 8.27 166.5 61.34 101.5 6.30 173.4 16.9 192.7 2.70 41.20 14.0
37351 1627985807 0 7 $GNGGA,101646.000,4423.99627,N,00854.11017,E,1,11,1.0,-4.9,M,44.7,M,,*6D
37352 1627985807 0 7 $GNGGA,101647.000,4423.99650,N,00854.11084,E,1,11,1.0,-4.9,M,44.7,M,,*66
37353 1627985808 0 7 $GNGGA,101648.000,4423.99683,N,00854.11142,E,1,11,1.0,-4.8,M,44.7,M,,*6D
37354 1627985809 0 3 2.55 0.00
37355 1627985809 0 4 2.53 1.44
37356 1627985809 0 5 0.02
37357 1627985809 0 6 0.06
37358 1627985809 0 1 3.266
37359 1627985810 0 8 4.98 12.21 11.87
37360 1627985810 0 0 26.22 8.27 166.4 61.33 101.5 6.29 173.7 16.9 193.1 2.72 41.18 14.0
37361 1627985810 0 7 $GNGGA,101649.000,4423.99715,N,00854.11199,E,1,11,1.0,-4.6,M,44.7,M,,*6A
37362 1627985810 0 7 $GNGGA,101650.000,4423.99750,N,00854.11253,E,1,11,1.0,-4.4,M,44.7,M,,*64
37363 1627985811 0 7 $GNGGA,101651.000,4423.99790,N,00854.11320,E,1,11,1.0,-4.2,M,44.7,M,,*6A
37364 1627985812 0 3 2.55 0.00
37365 1627985812 0 4 2.53 1.44
37366 1627985812 0 5 0.02
37367 1627985812 0 6 0.06
37368 1627985812 0 8 4.98 12.32 11.89
37369 1627985813 0 1 3.187
37370 1627985813 0 0 26.21 8.27 166.5 61.25 101.5 6.30 173.9 16.9 193.1 2.65 41.13 14.1
37371 1627985813 0 7 $GNGGA,101652.000,4423.99820,N,00854.11409,E,1,11,1.0,-3.7,M,44.7,M,,*63
37372 1627985813 0 7 $GNGGA,101653.000,4423.99846,N,00854.11481,E,1,11,1.0,-3.3,M,44.7,M,,*66
37373 1627985814 0 7 $GNGGA,101654.000,4423.99860,N,00854.11547,E,1,11,1.0,-3.0,M,44.7,M,,*6D
37374 1627985815 0 3 2.55 0.00
37375 1627985815 0 4 2.52 1.43
37376 1627985815 0 5 0.02
37377 1627985815 0 6 0.06
37378 1627985815 0 1 3.323
37379 1627985816 0 8 4.98 12.35 11.89
37380 1627985816 0 0 26.22 8.27 166.5 61.33 101.5 6.30 173.6 16.9 193.1 2.64 41.18 14.0
37381 1627985816 0 7 $GNGGA,101655.000,4423.99872,N,00854.11621,E,1,11,1.0,-2.8,M,44.7,M,,*65
37382 1627985816 0 7 $GNGGA,101656.000,4423.99895,N,00854.11699,E,1,11,1.0,-2.7,M,44.7,M,,*63
37383 1627985817 0 7 $GNGGA,101657.000,4423.99916,N,00854.11780,E,1,11,1.0,-2.6,M,44.7,M,,*60
37384 1627985818 0 3 2.55 0.00
37385 1627985818 0 4 2.52 1.44
37386 1627985818 0 5 0.02
37387 1627985818 0 6 0.07
37388 1627985818 0 1 2.495
37389 1627985819 0 8 4.98 12.33 11.89
37390 1627985819 0 0 26.22 8.27 166.5 61.27 101.5 6.30 173.8 17.0 193.0 2.66 41.14 14.1
37391 1627985819 0 7 $GNGGA,101658.000,4423.99930,N,00854.11847,E,1,11,1.0,-2.7,M,44.7,M,,*6E
37392 1627985819 0 7 $GNGGA,101659.000,4423.99938,N,00854.11892,E,1,11,1.0,-2.7,M,44.7,M,,*6F
37393 1627985820 0 7 $GNGGA,101700.000,4423.99940,N,00854.11929,E,1,11,1.0,-2.3,M,44.7,M,,*68
37394 1627985821 0 3 2.55 0.00
37395 1627985821 0 4 2.52 1.44
37396 1627985821 0 5 0.02
37397 1627985821 0 6 0.06
37398 1627985822 0 8 4.98 12.32 11.87
37399 1627985822 0 1 3.171
37400 1627985822 0 0 26.22 8.27 166.4 61.29 101.5 6.30 173.7 16.9 193.5 2.67 41.16 14.0
37401 1627985822 0 7 $GNGGA,101701.000,4423.99934,N,00854.11969,E,1,11,1.0,-1.9,M,44.7,M,,*67
37402 1627985822 0 7 $GNGGA,101702.000,4423.99933,N,00854.12013,E,1,11,1.0,-1.8,M,44.7,M,,*65
37403 1627985823 0 7 $GNGGA,101703.000,4423.99928,N,00854.12083,E,1,11,1.0,-1.6,M,44.7,M,,*69
37404 1627985824 0 3 2.55 0.00
37405 1627985824 0 4 2.52 1.44
37406 1627985824 0 5 0.02
37407 1627985824 0 6 0.06
37408 1627985824 0 1 3.055
37409 1627985825 0 8 4.98 12.32 11.89
37410 1627985825 0 0 26.22 8.27 166.4 61.37 101.5 6.30 173.8 16.9 192.9 2.68 41.22 14.0
37411 1627985825 0 7 $GNGGA,101704.000,4423.99914,N,00854.12158,E,1,11,1.0,-1.5,M,44.7,M,,*65
37412 1627985825 0 7 $GNGGA,101705.000,4423.99903,N,00854.12224,E,1,11,1.0,-1.4,M,44.7,M,,*6B
37413 1627985826 0 7 $GNGGA,101706.000,4423.99910,N,00854.12298,E,1,11,1.0,-1.2,M,44.7,M,,*6B
37414 1627985827 0 3 2.55 0.00
37415 1627985827 0 4 2.52 1.44
37416 1627985828 0 5 0.02
37417 1627985828 0 6 0.06
37418 1627985828 0 8 4.98 12.33 11.89
37419 1627985828 0 1 3.157
37420 1627985828 0 0 26.22 8.27 166.5 61.28 101.5 6.30 173.7 16.9 193.1 2.68 41.15 14.0
37421 1627985828 0 7 $GNGGA,101707.000,4423.99930,N,00854.12355,E,1,11,1.0,-0.7,M,44.7,M,,*6C
37422 1627985828 0 7 $GNGGA,101708.000,4423.99951,N,00854.12407,E,1,11,1.0,-0.2,M,44.7,M,,*61
37423 1627985829 0 7 $GNGGA,101709.000,4423.99967,N,00854.12456,E,1,11,1.0,0.3,M,44.7,M,,*4D
37424 1627985830 0 3 2.55 0.00
37425 1627985830 0 4 2.53 1.44
37426 1627985830 0 5 0.02
37427 1627985830 0 6 0.07
37428 1627985830 0 1 2.693
37429 1627985831 0 8 4.98 12.36 11.89
37430 1627985831 0 0 26.22 8.27 166.5 61.40 101.5 6.29 173.8 16.9 193.1 2.68 41.24 14.0
37431 1627985831 0 7 $GNGGA,101710.000,4423.99972,N,00854.12498,E,1,11,1.0,0.8,M,44.7,M,,*48
37432 1627985831 0 7 $GNGGA,101711.000,4423.99972,N,00854.12546,E,1,11,1.0,1.1,M,44.7,M,,*43
37433 1627985832 0 7 $GNGGA,101712.000,4423.99983,N,00854.12602,E,1,11,1.0,1.5,M,44.7,M,,*49
37434 1627985833 0 3 2.55 0.00
37435 1627985833 0 4 2.53 1.44
37436 1627985833 0 5 0.02
37437 1627985833 0 6 0.07
37438 1627985833 0 8 4.98 12.33 11.89
37439 1627985834 0 1 3.113
37440 1627985834 0 0 26.21 8.27 166.5 61.32 101.5 6.30 173.6 16.9 193.1 2.68 41.18 14.0
37441 1627985834 0 7 $GNGGA,101713.000,4423.99994,N,00854.12669,E,1,11,1.0,1.8,M,44.7,M,,*4E
37442 1627985834 0 7 $GNGGA,101714.000,4423.99991,N,00854.12746,E,1,11,1.0,2.4,M,44.7,M,,*4F
37443 1627985835 0 7 $GNGGA,101715.000,4423.99991,N,00854.12830,E,1,11,1.0,2.8,M,44.7,M,,*4C
37444 1627985836 0 3 2.55 0.00
37445 1627985836 0 4 2.52 1.44
37446 1627985836 0 5 0.02
37447 1627985836 0 6 0.06
37448 1627985836 0 1 2.698
37449 1627985837 0 8 4.98 12.37 11.89
37450 1627985837 0 0 26.22 8.27 166.4 61.33 101.5 6.30 173.6 16.9 193.0 2.65 41.19 14.0
37451 1627985837 0 7 $GNGGA,101716.000,4423.99960,N,00854.12897,E,1,11,1.0,3.3,M,44.7,M,,*46
37452 1627985837 0 7 $GNGGA,101717.000,4423.99946,N,00854.12949,E,1,11,1.0,3.5,M,44.7,M,,*47
37453 1627985838 0 7 $GNGGA,101718.000,4423.99970,N,00854.13007,E,1,11,1.0,3.3,M,44.7,M,,*49
37454 1627985839 0 3 2.55 0.00
37455 1627985839 0 4 2.52 1.44
37456 1627985839 0 5 0.02
37457 1627985839 0 6 0.08
37458 1627985839 0 8 4.98 12.34 11.89
37459 1627985840 0 1 2.431
37460 1627985840 0 0 26.22 8.27 166.4 61.40 101.5 6.29 173.5 16.9 192.7 2.67 41.24 14.0
37461 1627985840 0 7 $GNGGA,101719.000,4423.99997,N,00854.13079,E,1,11,1.0,3.1,M,44.7,M,,*4A
37462 1627985840 0 7 $GNGGA,101720.000,4424.00034,N,00854.13148,E,1,11,1.0,2.9,M,44.7,M,,*4D
37463 1627985841 0 7 $GNGGA,101721.000,4424.00066,N,00854.13208,E,1,11,1.0,2.6,M,44.7,M,,*43
37464 1627985842 0 3 2.55 0.00
37465 1627985842 0 4 2.52 1.44
37466 1627985842 0 5 0.02
37467 1627985842 0 6 0.05
37468 1627985842 0 1 3.645
37469 1627985843 0 8 4.98 12.37 11.89
37470 1627985843 0 0 26.21 8.27 166.5 61.40 101.4 6.29 173.7 16.9 193.1 2.69 41.24 14.0
37471 1627985843 0 7 $GNGGA,101722.000,4424.00102,N,00854.13270,E,1,11,1.0,2.3,M,44.7,M,,*49
37472 1627985843 0 7 $GNGGA,101723.000,4424.00137,N,00854.13345,E,1,11,1.0,2.3,M,44.7,M,,*49
37473 1627985844 0 7 $GNGGA,101724.000,4424.00164,N,00854.13416,E,1,11,1.0,2.0,M,44.7,M,,*4A
37474 1627985845 0 3 2.55 0.00
37475 1627985845 0 4 2.53 1.41
37476 1627985845 0 5 0.02
37477 1627985845 0 6 0.06
37478 1627985846 0 1 2.877
37479 1627985846 0 8 4.98 12.33 11.89
37480 1627985846 0 0 26.21 8.27 166.4 61.31 101.4 6.29 173.6 16.9 193.2 2.69 41.17 14.0
37481 1627985846 0 7 $GNGGA,101725.000,4424.00179,N,00854.13503,E,1,11,1.0,2.8,M,44.7,M,,*4A
37482 1627985846 0 7 $GNGGA,101726.000,4424.00190,N,00854.13595,E,1,11,1.0,2.9,M,44.7,M,,*40
37483 1627985847 0 7 $GNGGA,101727.000,4424.00189,N,00854.13677,E,1,11,1.0,2.6,M,44.7,M,,*49
37484 1627985848 0 3 2.55 0.00
37485 1627985848 0 4 2.52 1.39
37486 1627985848 0 5 0.02
37487 1627985848 0 6 0.06
37488 1627985848 0 8 4.98 12.32 11.89
37489 1627985849 0 1 2.905
37490 1627985849 0 0 26.21 8.27 166.4 61.32 101.4 6.29 173.8 16.9 193.0 2.71 41.18 14.0
37491 1627985849 0 7 $GNGGA,101728.000,4424.00191,N,00854.13751,E,1,11,1.0,1.8,M,44.7,M,,*47
37492 1627985849 0 7 $GNGGA,101729.000,4424.00190,N,00854.13815,E,1,11,1.0,1.4,M,44.7,M,,*44
37493 1627985850 0 2 0.03850000 4.32730007 1.31099998 0.03330000 2.72630000 0.00370000 0.05950000 0.17070000 1.00000000 87.19499969
37494 1627985850 0 7 $GNGGA,101730.000,4424.00213,N,00854.13885,E,1,11,1.0,0.8,M,44.7,M,,*40
37495 1627985851 0 3 2.55 0.00
37496 1627985851 0 4 2.52 1.40
37497 1627985851 0 5 0.02
37498 1627985851 0 6 0.07
37499 1627985851 0 1 2.826
37500 1627985852 0 8 4.98 12.33 11.89
37501 1627985852 0 0 26.21 8.27 166.4 61.29 101.4 6.29 173.8 16.9 193.1 2.70 41.15 14.0
37502 1627985852 0 7 $GNGGA,101731.000,4424.00247,N,00854.13919,E,1,10,1.0,0.2,M,44.7,M,,*4F
37503 1627985852 0 7 $GNGGA,101732.000,4424.00262,N,00854.13978,E,1,10,1.0,-0.5,M,44.7,M,,*66
37504 1627985853 0 7 $GNGGA,101733.000,4424.00256,N,00854.14067,E,1,10,1.0,-0.8,M,44.7,M,,*6D
37505 1627985854 0 3 2.55 0.00
37506 1627985854 0 4 2.52 1.40
37507 1627985854 0 5 0.02
37508 1627985854 0 6 0.07
37509 1627985854 0 8 4.98 12.34 11.89
37510 1627985855 0 1 2.686
37511 1627985855 0 0 26.21 8.27 166.4 61.34 101.4 6.29 173.6 17.0 193.1 2.75 41.20 14.0
37512 1627985855 0 7 $GNGGA,101734.000,4424.00254,N,00854.14140,E,1,10,1.0,-0.9,M,44.7,M,,*6D
37513 1627985855 0 7 $GNGGA,101735.000,4424.00257,N,00854.14203,E,1,10,1.0,-1.5,M,44.7,M,,*66
37514 1627985856 0 7 $GNGGA,101736.000,4424.00260,N,00854.14267,E,1,10,1.0,-1.8,M,44.7,M,,*6E
37515 1627985857 0 3 2.55 0.00
37516 1627985857 0 4 2.52 1.40
37517 1627985857 0 5 0.02
37518 1627985857 0 6 0.06
37519 1627985857 0 1 3.014
37520 1627985858 0 8 4.98 12.37 11.89
37521 1627985858 0 0 26.22 8.27 166.4 61.31 101.4 6.29 173.7 16.9 193.0 2.77 41.17 14.0
37522 1627985858 0 7 $GNGGA,101737.000,4424.00265,N,00854.14341,E,1,10,1.0,-1.9,M,44.7,M,,*6E
37523 1627985858 0 7 $GNGGA,101738.000,4424.00275,N,00854.14425,E,1,10,1.0,-2.2,M,44.7,M,,*6D
37524 1627985859 0 7 $GNGGA,101739.000,4424.00295,N,00854.14492,E,1,10,1.0,-2.5,M,44.7,M,,*69
37525 1627985860 0 3 2.55 0.00
37526 1627985860 0 4 2.52 1.40
37527 1627985860 0 5 0.02
37528 1627985860 0 6 0.08
37529 1627985860 0 8 4.98 12.34 11.89
37530 1627985861 0 1 2.871
37531 1627985861 0 0 26.22 8.27 166.4 61.34 101.4 6.29 173.6 16.9 192.8 2.74 41.20 14.0
37532 1627985861 0 7 $GNGGA,101740.000,4424.00324,N,00854.14543,E,1,10,1.0,-2.7,M,44.7,M,,*63
37533 1627985861 0 7 $GNGGA,101741.000,4424.00343,N,00854.14606,E,1,10,1.0,-2.9,M,44.7,M,,*6F
37534 1627985862 0 7 $GNGGA,101742.000,4424.00358,N,00854.14676,E,1,10,1.0,-3.0,M,44.7,M,,*69
37535 1627985863 0 3 2.55 0.00
37536 1627985863 0 4 2.52 1.40
37537 1627985863 0 5 0.02
37538 1627985863 0 6 0.05
37539 1627985864 0 1 3.129
37540 1627985864 0 8 4.98 12.37 11.89
37541 1627985864 0 0 26.22 8.27 166.5 61.32 101.4 6.29 173.6 16.9 193.0 2.69 41.18 14.0
37542 1627985864 0 7 $GNGGA,101743.000,4424.00357,N,00854.14749,E,1,10,1.0,-3.3,M,44.7,M,,*69
37543 1627985864 0 7 $GNGGA,101744.000,4424.00352,N,00854.14817,E,1,10,1.0,-3.9,M,44.7,M,,*65
37544 1627985865 0 7 $GNGGA,101745.000,4424.00346,N,00854.14881,E,1,10,1.0,-4.3,M,44.7,M,,*63
37545 1627985866 0 3 2.55 0.00
37546 1627985866 0 4 2.53 1.40
37547 1627985866 0 5 0.02
37548 1627985866 0 6 0.05
37549 1627985867 0 8 4.98 12.33 11.89
37550 1627985867 0 1 2.715
37551 1627985867 0 0 26.22 8.27 166.4 61.35 101.4 6.29 173.7 16.9 192.9 2.73 41.20 14.1
37552 1627985867 0 7 $GNGGA,101746.000,4424.00373,N,00854.14936,E,1,10,1.0,-4.4,M,44.7,M,,*6C
37553 1627985867 0 7 $GNGGA,101747.000,4424.00422,N,00854.15001,E,1,10,1.0,-4.3,M,44.7,M,,*65
37554 1627985868 0 7 $GNGGA,101748.000,4424.00460,N,00854.15061,E,1,10,1.0,-3.9,M,44.7,M,,*67
37555 1627985869 0 3 2.55 0.00
37556 1627985869 0 4 2.52 1.40
37557 1627985869 0 5 0.02
37558 1627985869 0 6 0.06
37559 1627985870 0 1 3.094
37560 1627985870 0 8 4.98 12.37 11.89
37561 1627985870 0 0 26.22 8.27 166.4 61.39 101.4 6.29 173.5 17.0 192.8 2.79 41.23 14.0
37562 1627985870 0 7 $GNGGA,101749.000,4424.00509,N,00854.15111,E,1,10,1.0,-3.6,M,44.7,M,,*61
37563 1627985870 0 7 $GNGGA,101750.000,4424.00548,N,00854.15155,E,1,10,1.0,-3.5,M,44.7,M,,*6F
37564 1627985871 0 7 $GNGGA,101751.000,4424.00569,N,00854.15210,E,1,10,1.0,-3.3,M,44.7,M,,*69
37565 1627985872 0 3 2.55 0.00
37566 1627985872 0 4 2.52 1.40
37567 1627985872 0 5 0.02
37568 1627985872 0 6 0.05
37569 1627985873 0 1 2.229
37570 1627985873 0 8 4.98 12.33 11.89
37571 1627985873 0 0 26.23 8.27 166.4 61.41 101.3 6.28 173.4 17.0 192.6 2.76 41.25 14.0
37572 1627985873 0 7 $GNGGA,101752.000,4424.00586,N,00854.15284,E,1,10,1.0,-3.1,M,44.7,M,,*64
37573 1627985873 0 7 $GNGGA,101753.000,4424.00590,N,00854.15343,E,1,10,1.0,-2.8,M,44.7,M,,*60
37574 1627985874 0 7 $GNGGA,101754.000,4424.00583,N,00854.15397,E,1,10,1.0,-2.6,M,44.7,M,,*62
37575 1627985875 0 3 2.55 0.00
37576 1627985875 0 4 2.52 1.40
37577 1627985875 0 5 0.02
37578 1627985875 0 6 0.06
37579 1627985876 0 8 4.98 12.34 11.89
37580 1627985876 0 1 2.702
37581 1627985876 0 0 26.22 8.27 166.4 61.45 101.3 6.28 173.7 16.9 192.9 2.75 41.28 14.0
37582 1627985876 0 7 $GNGGA,101755.000,4424.00583,N,00854.15445,E,1,10,1.0,-2.6,M,44.7,M,,*6B
37583 1627985876 0 7 $GNGGA,101756.000,4424.00587,N,00854.15491,E,1,10,1.0,-2.6,M,44.7,M,,*65
37584 1627985877 0 7 $GNGGA,101757.000,4424.00575,N,00854.15545,E,1,10,1.0,-2.2,M,44.7,M,,*65
37585 1627985878 0 3 2.55 0.00
37586 1627985878 0 4 2.52 1.41
37587 1627985878 0 5 0.02
37588 1627985878 0 6 0.07
37589 1627985879 0 1 2.754
37590 1627985879 0 8 4.98 12.35 11.89
37591 1627985879 0 0 26.22 8.27 166.4 61.34 101.3 6.28 173.6 17.0 192.8 2.79 41.20 14.1
37592 1627985879 0 7 $GNGGA,101758.000,4424.00535,N,00854.15592,E,1,10,1.0,-1.8,M,44.7,M,,*6D
37593 1627985879 0 7 $GNGGA,101759.000,4424.00469,N,00854.15641,E,1,10,1.0,-1.4,M,44.7,M,,*65
37594 1627985880 0 7 $GNGGA,101800.000,4424.00420,N,00854.15694,E,1,10,1.0,-0.7,M,44.7,M,,*61
37595 1627985881 0 3 2.55 0.00
37596 1627985881 0 4 2.52 1.40
37597 1627985881 0 5 0.02
37598 1627985881 0 6 0.06
37599 1627985882 0 8 4.98 12.34 11.89
37600 1627985882 0 1 2.763
37601 1627985882 0 0 26.22 8.27 166.5 61.27 101.2 6.28 173.7 16.9 192.9 2.77 41.14 14.0
37602 1627985882 0 7 $GNGGA,101801.000,4424.00386,N,00854.15749,E,1,10,1.0,0.3,M,44.7,M,,*43
37603 1627985882 0 7 $GNGGA,101802.000,4424.00361,N,00854.15806,E,1,10,1.0,1.2,M,44.7,M,,*4D
37604 1627985883 0 7 $GNGGA,101803.000,4424.00360,N,00854.15873,E,1,10,1.0,1.8,M,44.7,M,,*45
37605 1627985884 0 3 2.55 0.00
37606 1627985884 0 4 2.52 1.43
37607 1627985884 0 5 0.02
37608 1627985884 0 6 0.06
37609 1627985885 0 1 2.629
37610 1627985885 0 8 4.98 12.37 11.89
37611 1627985885 0 0 26.23 8.27 166.4 61.30 101.3 6.28 173.5 16.9 192.6 2.78 41.16 14.0
37612 1627985885 0 7 $GNGGA,101804.000,4424.00368,N,00854.15961,E,1,10,1.0,2.3,M,44.7,M,,*40
37613 1627985885 0 7 $GNGGA,101805.000,4424.00386,N,00854.16052,E,1,10,1.0,2.3,M,44.7,M,,*4B
37614 1627985886 0 7 $GNGGA,101806.000,4424.00408,N,00854.16145,E,1,10,1.0,2.4,M,44.7,M,,*49
37615 1627985887 0 3 2.55 0.00
37616 1627985887 0 4 2.52 1.39
37617 1627985887 0 5 0.02
37618 1627985887 0 6 0.07
37619 1627985888 0 8 4.98 12.33 11.89
37620 1627985888 0 1 2.371
37621 1627985888 0 0 26.23 8.27 166.4 61.26 101.3 6.29 173.6 17.0 192.5 2.77 41.13 14.1
37622 1627985888 0 7 $GNGGA,101807.000,4424.00440,N,00854.16235,E,1,10,1.0,2.3,M,44.7,M,,*47
37623 1627985888 0 7 $GNGGA,101808.000,4424.00473,N,00854.16312,E,1,10,1.0,2.4,M,44.7,M,,*4B
37624 1627985889 0 7 $GNGGA,101809.000,4424.00496,N,00854.16389,E,1,10,1.0,2.0,M,44.7,M,,*47
37625 1627985890 0 3 2.55 0.00
37626 1627985890 0 4 2.52 1.43
37627 1627985890 0 5 0.02
37628 1627985890 0 6 0.06
37629 1627985891 0 1 2.669
37630 1627985891 0 8 4.98 12.37 11.89
37631 1627985891 0 0 26.23 8.27 166.4 61.39 101.3 6.28 173.6 17.0 192.9 2.78 41.24 14.1
37632 1627985891 0 7 $GNGGA,101810.000,4424.00510,N,00854.16477,E,1,10,1.0,1.9,M,44.7,M,,*4C
37633 1627985891 0 7 $GNGGA,101811.000,4424.00515,N,00854.16567,E,1,10,1.0,1.6,M,44.7,M,,*47
37634 1627985892 0 7 $GNGGA,101812.000,4424.00522,N,00854.16652,E,1,10,1.0,1.2,M,44.7,M,,*41
37635 1627985893 0 3 2.55 0.00
37636 1627985893 0 4 2.52 1.42
37637 1627985893 0 5 0.02
37638 1627985893 0 6 0.06
37639 1627985894 0 8 4.98 12.34 11.89
37640 1627985894 0 1 2.207
37641 1627985894 0 0 26.23 8.27 166.4 61.41 101.3 6.28 173.4 17.0 192.4 2.78 41.24 14.1
37642 1627985894 0 7 $GNGGA,101813.000,4424.00539,N,00854.16728,E,1,10,1.0,0.8,M,44.7,M,,*4D
37643 1627985894 0 7 $GNGGA,101814.000,4424.00549,N,00854.16789,E,1,10,1.0,0.5,M,44.7,M,,*4B
37644 1627985895 0 7 $GNGGA,101815.000,4424.00547,N,00854.16849,E,1,10,1.0,0.3,M,44.7,M,,*41
37645 1627985896 0 3 2.55 0.00
37646 1627985896 0 4 2.52 1.42
37647 1627985896 0 5 0.03
37648 1627985896 0 6 0.06
37649 1627985897 0 1 2.713
37650 1627985897 0 8 4.98 12.37 11.89
37651 1627985897 0 0 26.23 8.27 166.3 61.39 101.3 6.28 173.6 16.9 192.5 2.74 41.23 14.1
37652 1627985897 0 7 $GNGGA,101816.000,4424.00543,N,00854.16907,E,1,10,1.0,0.0,M,44.7,M,,*4E
37653 1627985897 0 7 $GNGGA,101817.000,4424.00536,N,00854.16965,E,1,10,1.0,-0.2,M,44.7,M,,*66
37654 1627985898 0 7 $GNGGA,101818.000,4424.00538,N,00854.17037,E,1,10,1.0,-0.1,M,44.7,M,,*6B
37655 1627985899 0 3 2.55 0.00
37656 1627985899 0 4 2.52 1.42
37657 1627985899 0 5 0.03
37658 1627985899 0 6 0.06
37659 1627985900 0 1 1.888
37660 1627985900 0 8 4.98 12.34 11.89
37661 1627985900 0 0 26.24 8.27 166.4 61.30 101.4 6.29 173.5 17.0 192.7 2.70 41.16 14.0
37662 1627985900 0 7 $GNGGA,101819.000,4424.00540,N,00854.17100,E,1,10,1.0,0.2,M,44.7,M,,*4E
37663 1627985900 0 7 $GNGGA,101820.000,4424.00523,N,00854.17153,E,1,10,1.0,1.0,M,44.7,M,,*44
37664 1627985901 0 7 $GNGGA,101821.000,4424.00500,N,00854.17210,E,1,10,1.0,2.3,M,44.7,M,,*40
37665 1627985902 0 3 2.55 0.00
37666 1627985902 0 4 2.53 1.42
37667 1627985902 0 5 0.03
37668 1627985902 0 6 0.08
37669 1627985902 0 8 4.98 12.33 11.89
37670 1627985903 0 1 2.152
37671 1627985903 0 0 26.23 8.27 166.3 61.30 101.4 6.29 173.6 16.9 192.9 2.73 41.16 14.0
37672 1627985903 0 7 $GNGGA,101822.000,4424.00476,N,00854.17266,E,1,10,1.0,3.3,M,44.7,M,,*43
37673 1627985903 0 7 $GNGGA,101823.000,4424.00459,N,00854.17312,E,1,10,1.0,4.2,M,44.7,M,,*4B
37674 1627985904 0 7 $GNGGA,101824.000,4424.00464,N,00854.17352,E,1,10,1.0,4.6,M,44.7,M,,*42
37675 1627985905 0 3 2.55 0.00
37676 1627985905 0 4 2.52 1.43
37677 1627985905 0 5 0.02
37678 1627985905 0 6 0.07
37679 1627985905 0 1 2.163
37680 1627985906 0 8 4.98 12.34 11.89
37681 1627985906 0 0 26.23 8.27 166.3 61.37 101.3 6.28 173.6 17.0 192.8 2.73 41.22 14.0
37682 1627985906 0 7 $GNGGA,101825.000,4424.00470,N,00854.17395,E,1,10,1.0,4.9,M,44.7,M,,*42
37683 1627985906 0 7 $GNGGA,101826.000,4424.00470,N,00854.17439,E,1,10,1.0,5.3,M,44.7,M,,*4B
37684 1627985907 0 7 $GNGGA,101827.000,4424.00459,N,00854.17503,E,1,10,1.0,5.7,M,44.7,M,,*4D
37685 1627985908 0 3 2.55 0.00
37686 1627985908 0 4 2.52 1.43
37687 1627985908 0 5 0.03
37688 1627985908 0 6 0.05
37689 1627985908 0 8 4.98 12.34 11.89
37690 1627985908 0 1 2.165
37691 1627985909 0 0 26.23 8.27 166.3 61.31 101.3 6.29 173.6 17.0 192.8 2.71 41.17 14.0
37692 1627985909 0 7 $GNGGA,101828.000,4424.00444,N,00854.17575,E,1,10,1.0,6.1,M,44.7,M,,*4A
37693 1627985909 0 7 $GNGGA,101829.000,4424.00427,N,00854.17641,E,1,10,1.0,6.3,M,44.7,M,,*48
37694 1627985910 0 7 $GNGGA,101830.000,4424.00418,N,00854.17711,E,1,10,1.0,6.4,M,44.7,M,,*4F
37695 1627985911 0 3 2.55 0.00
37696 1627985911 0 4 2.52 1.43
37697 1627985911 0 5 0.02
37698 1627985911 0 6 0.06
37699 1627985911 0 1 2.118
37700 1627985912 0 8 4.98 12.20 11.89
37701 1627985912 0 0 26.24 8.27 166.3 61.36 101.3 6.29 173.4 17.0 192.7 2.69 41.21 14.0
37702 1627985912 0 7 $GNGGA,101831.000,4424.00424,N,00854.17805,E,1,10,1.0,6.6,M,44.7,M,,*49
37703 1627985912 0 7 $GNGGA,101832.000,4424.00438,N,00854.17894,E,1,10,1.0,6.8,M,44.7,M,,*41
37704 1627985913 0 7 $GNGGA,101833.000,4424.00453,N,00854.17960,E,1,10,1.0,6.7,M,44.7,M,,*48
37705 1627985914 0 3 2.55 0.00
37706 1627985914 0 4 2.53 1.44
37707 1627985914 0 5 0.02
37708 1627985914 0 6 0.08
37709 1627985914 0 8 4.98 12.34 11.89
37710 1627985914 0 1 2.326
37711 1627985915 0 0 26.23 8.27 166.3 61.37 101.3 6.28 173.7 17.0 192.8 2.74 41.22 14.0
37712 1627985915 0 7 $GNGGA,101834.000,4424.00468,N,00854.18030,E,1,10,1.0,6.8,M,44.7,M,,*4B
37713 1627985915 0 7 $GNGGA,101835.000,4424.00469,N,00854.18125,E,1,10,1.0,7.0,M,44.7,M,,*47
37714 1627985916 0 7 $GNGGA,101836.000,4424.00477,N,00854.18206,E,1,10,1.0,7.2,M,44.7,M,,*4B
37715 1627985917 0 3 2.55 0.00
37716 1627985917 0 4 2.52 1.44
37717 1627985917 0 5 0.02
37718 1627985917 0 6 0.07
37719 1627985917 0 1 2.460
37720 1627985918 0 8 4.98 12.37 11.87
37721 1627985918 0 0 26.23 8.27 166.3 61.41 101.3 6.28 173.6 16.9 192.7 2.78 41.25 14.0
37722 1627985918 0 7 $GNGGA,101837.000,4424.00499,N,00854.18284,E,1,10,1.0,7.0,M,44.7,M,,*42
37723 1627985918 0 7 $GNGGA,101838.000,4424.00524,N,00854.18362,E,1,10,1.0,6.7,M,44.7,M,,*45
37724 1627985919 0 7 $GNGGA,101839.000,4424.00557,N,00854.18451,E,1,10,1.0,6.2,M,44.7,M,,*42
37725 1627985920 0 3 2.55 0.00
37726 1627985920 0 4 2.53 1.44
37727 1627985920 0 5 0.02
37728 1627985920 0 6 0.06
37729 1627985920 0 8 4.98 12.18 11.87
37730 1627985920 0 1 2.608
37731 1627985921 0 0 26.22 8.27 166.3 61.38 101.4 6.29 173.8 17.0 193.1 2.77 41.23 14.0
37732 1627985921 0 7 $GNGGA,101840.000,4424.00572,N,00854.18540,E,1,10,1.0,5.4,M,44.7,M,,*4F
37733 1627985921 0 7 $GNGGA,101841.000,4424.00577,N,00854.18611,E,1,10,1.0,4.7,M,44.7,M,,*4E
37734 1627985922 0 7 $GNGGA,101842.000,4424.00595,N,00854.18689,E,1,10,1.0,4.0,M,44.7,M,,*47
37735 1627985923 0 3 2.55 0.00
37736 1627985923 0 4 2.52 1.44
37737 1627985923 0 5 0.03
37738 1627985923 0 6 0.06
37739 1627985923 0 1 3.081
37740 1627985924 0 8 4.98 12.36 11.89
37741 1627985924 0 0 26.23 8.27 166.3 61.31 101.4 6.29 173.7 16.9 192.8 2.75 41.17 14.0
37742 1627985924 0 7 $GNGGA,101843.000,4424.00605,N,00854.18766,E,1,10,1.0,3.5,M,44.7,M,,*4E
37743 1627985924 0 7 $GNGGA,101844.000,4424.00609,N,00854.18842,E,1,10,1.0,3.4,M,44.7,M,,*4D
37744 1627985925 0 7 $GNGGA,101845.000,4424.00602,N,00854.18929,E,1,10,1.0,3.3,M,44.7,M,,*4C
37745 1627985926 0 3 2.55 0.00
37746 1627985926 0 4 2.53 1.44
37747 1627985926 0 5 0.02
37748 1627985926 0 6 0.06
37749 1627985926 0 1 2.389
37750 1627985927 0 8 4.98 12.19 11.89
37751 1627985927 0 0 26.23 8.27 166.3 61.38 101.4 6.29 173.6 17.0 192.8 2.73 41.23 14.1
37752 1627985927 0 7 $GNGGA,101846.000,4424.00590,N,00854.19016,E,1,10,1.0,3.2,M,44.7,M,,*42
37753 1627985927 0 7 $GNGGA,101847.000,4424.00573,N,00854.19097,E,1,10,1.0,3.3,M,44.7,M,,*46
37754 1627985928 0 7 $GNGGA,101848.000,4424.00561,N,00854.19163,E,1,10,1.0,3.6,M,44.7,M,,*45
37755 1627985929 0 3 2.55 0.00
37756 1627985929 0 4 2.52 1.44
37757 1627985929 0 5 0.02
37758 1627985929 0 6 0.07
37759 1627985929 0 8 4.98 12.20 11.89
37760 1627985929 0 1 2.282
37761 1627985930 0 0 26.24 8.27 166.2 61.32 101.4 6.29 173.6 17.0 192.8 2.75 41.18 14.1
37762 1627985930 0 7 $GNGGA,101849.000,4424.00553,N,00854.19222,E,1,10,1.0,3.8,M,44.7,M,,*4D
37763 1627985930 0 7 $GNGGA,101850.000,4424.00545,N,00854.19278,E,1,10,1.0,4.0,M,44.7,M,,*42
37764 1627985931 0 7 $GNGGA,101851.000,4424.00566,N,00854.19344,E,1,10,1.0,4.0,M,44.7,M,,*4C
37765 1627985932 0 3 2.55 0.00
37766 1627985932 0 4 2.53 1.44
37767 1627985932 0 5 0.03
37768 1627985932 0 6 0.06
37769 1627985932 0 1 2.273
37770 1627985933 0 8 4.98 12.34 11.89
37771 1627985933 0 0 26.24 8.27 166.3 61.34 101.4 6.29 173.7 17.0 193.0 2.73 41.19 14.1
37772 1627985933 0 7 $GNGGA,101852.000,4424.00612,N,00854.19421,E,1,10,1.0,4.0,M,44.7,M,,*4B
37773 1627985933 0 7 $GNGGA,101853.000,4424.00656,N,00854.19496,E,1,10,1.0,4.0,M,44.7,M,,*46
37774 1627985934 0 7 $GNGGA,101854.000,4424.00694,N,00854.19557,E,1,10,1.0,4.0,M,44.7,M,,*43
37775 1627985935 0 3 2.55 0.00
37776 1627985935 0 4 2.52 1.44
37777 1627985935 0 5 0.03
37778 1627985935 0 6 0.06
37779 1627985935 0 8 4.98 12.33 11.89
37780 1627985935 0 1 2.170
37781 1627985936 0 0 26.25 8.27 166.3 61.37 101.4 6.29 173.4 17.0 192.6 2.69 41.21 14.0
37782 1627985936 0 7 $GNGGA,101855.000,4424.00714,N,00854.19612,E,1,10,1.0,3.9,M,44.7,M,,*47
37783 1627985936 0 7 $GNGGA,101856.000,4424.00725,N,00854.19671,E,1,10,1.0,3.6,M,44.7,M,,*4C
37784 1627985937 0 7 $GNGGA,101857.000,4424.00712,N,00854.19721,E,1,09,1.0,4.2,M,44.7,M,,*46
37785 1627985938 0 3 2.55 0.00
37786 1627985938 0 4 2.52 1.44
37787 1627985938 0 5 0.02
37788 1627985938 0 6 0.06
37789 1627985938 0 1 2.253
37790 1627985939 0 8 4.98 12.37 11.89
37791 1627985939 0 0 26.25 8.27 166.2 61.31 101.4 6.29 173.5 17.0 192.6 2.69 41.17 14.1
37792 1627985939 0 7 $GNGGA,101858.000,4424.00702,N,00854.19776,E,1,09,1.0,4.3,M,44.7,M,,*4B
37793 1627985939 0 7 $GNGGA,101859.000,4424.00688,N,00854.19827,E,1,10,1.0,4.4,M,44.7,M,,*4D
37794 1627985940 0 7 $GNGGA,101900.000,4424.00664,N,00854.19880,E,1,10,1.0,4.6,M,44.7,M,,*4D
37795 1627985941 0 3 2.55 0.00
37796 1627985941 0 4 2.52 1.44
37797 1627985941 0 5 0.03
37798 1627985941 0 6 0.07
37799 1627985941 0 8 4.98 12.33 11.89
37800 1627985942 0 1 2.217
37801 1627985942 0 0 26.25 8.27 166.2 61.39 101.4 6.29 173.3 17.0 192.5 2.70 41.23 14.1
37802 1627985942 0 7 $GNGGA,101901.000,4424.00657,N,00854.19944,E,1,10,1.0,4.6,M,44.7,M,,*45
37803 1627985942 0 7 $GNGGA,101902.000,4424.00656,N,00854.19997,E,1,10,1.0,4.9,M,44.7,M,,*46
37804 1627985943 0 7 $GNGGA,101903.000,4424.00657,N,00854.20049,E,1,10,1.0,5.6,M,44.7,M,,*48
37805 1627985944 0 3 2.55 0.00
37806 1627985944 0 4 2.52 1.44
37807 1627985944 0 5 0.02
37808 1627985944 0 6 0.06
37809 1627985944 0 1 2.335
37810 1627985945 0 8 4.98 12.36 11.89
37811 1627985945 0 0 26.25 8.27 166.2 61.34 101.5 6.29 173.6 17.0 192.7 2.69 41.19 14.1
37812 1627985945 0 7 $GNGGA,101904.000,4424.00655,N,00854.20110,E,1,10,1.0,6.1,M,44.7,M,,*44
37813 1627985945 0 7 $GNGGA,101905.000,4424.00655,N,00854.20160,E,1,10,1.0,6.7,M,44.7,M,,*44
37814 1627985946 0 7 $GNGGA,101906.000,4424.00666,N,00854.20218,E,1,10,1.0,7.3,M,44.7,M,,*4E
37815 1627985947 0 3 2.55 0.00
37816 1627985947 0 4 2.52 1.44
37817 1627985947 0 5 0.02
37818 1627985947 0 6 0.06
37819 1627985947 0 8 4.98 12.34 11.91
37820 1627985947 0 1 2.084
37821 1627985948 0 0 26.26 8.27 166.2 61.32 101.5 6.29 173.5 17.0 192.8 2.68 41.18 14.1
37822 1627985948 0 7 $GNGGA,101907.000,4424.00692,N,00854.20282,E,1,10,1.0,7.1,M,44.7,M,,*45
37823 1627985948 0 7 $GNGGA,101908.000,4424.00714,N,00854.20347,E,1,10,1.0,6.9,M,44.7,M,,*44
37824 1627985949 0 7 $GNGGA,101909.000,4424.00731,N,00854.20408,E,1,10,1.0,6.9,M,44.7,M,,*4E
37825 1627985950 0 3 2.55 0.00
37826 1627985950 0 4 2.53 1.44
37827 1627985950 0 5 0.03
37828 1627985950 0 6 0.06
37829 1627985950 0 1 2.693
37830 1627985951 0 8 4.98 12.37 11.89
37831 1627985951 0 0 26.26 8.27 166.2 61.39 101.5 6.29 173.6 17.0 192.9 2.67 41.23 14.1
37832 1627985951 0 7 $GNGGA,101910.000,4424.00736,N,00854.20463,E,1,10,1.0,6.9,M,44.7,M,,*4C
37833 1627985951 0 7 $GNGGA,101911.000,4424.00728,N,00854.20504,E,1,10,1.0,7.2,M,44.7,M,,*48
37834 1627985952 0 7 $GNGGA,101912.000,4424.00712,N,00854.20555,E,1,10,1.0,7.5,M,44.7,M,,*41
37835 1627985953 0 3 2.55 0.00
37836 1627985953 0 4 2.52 1.44
37837 1627985953 0 5 0.02
37838 1627985953 0 6 0.06
37839 1627985953 0 1 2.149
37840 1627985954 0 8 4.98 12.34 11.89
37841 1627985954 0 0 26.24 8.27 166.2 61.34 101.5 6.30 173.8 17.0 193.2 2.69 41.19 14.1
37842 1627985954 0 7 $GNGGA,101913.000,4424.00666,N,00854.20598,E,1,10,1.0,8.4,M,44.7,M,,*4D
37843 1627985954 0 7 $GNGGA,101914.000,4424.00649,N,00854.20678,E,1,10,1.0,8.0,M,44.7,M,,*4E
37844 1627985955 0 7 $GNGGA,101915.000,4424.00647,N,00854.20742,E,1,10,1.0,7.8,M,44.7,M,,*4E
37845 1627985956 0 3 2.55 0.00
37846 1627985956 0 4 2.52 1.44
37847 1627985956 0 5 0.02
37848 1627985956 0 6 0.06
37849 1627985956 0 8 4.98 12.34 11.89
37850 1627985956 0 1 1.943
37851 1627985957 0 0 26.25 8.27 166.2 61.34 101.6 6.30 173.6 17.0 192.8 2.71 41.20 14.1
37852 1627985957 0 7 $GNGGA,101916.000,4424.00665,N,00854.20797,E,1,10,1.0,7.8,M,44.7,M,,*45
37853 1627985957 0 7 $GNGGA,101917.000,4424.00665,N,00854.20851,E,1,10,1.0,8.1,M,44.7,M,,*47
37854 1627985958 0 7 $GNGGA,101918.000,4424.00664,N,00854.20906,E,1,10,1.0,8.3,M,44.7,M,,*48
37855 1627985959 0 3 2.55 0.00
37856 1627985959 0 4 2.53 1.44
37857 1627985959 0 5 0.02
37858 1627985959 0 6 0.06
37859 1627985959 0 1 2.144
37860 1627985960 0 8 4.98 12.35 11.89
37861 1627985960 0 0 26.24 8.27 166.2 61.26 101.6 6.30 173.7 17.0 193.0 2.70 41.13 14.1
37862 1627985960 0 7 $GNGGA,101919.000,4424.00675,N,00854.20973,E,1,10,1.0,7.9,M,44.7,M,,*4E
37863 1627985960 0 7 $GNGGA,101920.000,4424.00668,N,00854.21049,E,1,10,1.0,7.4,M,44.7,M,,*44
37864 1627985961 0 7 $GNGGA,101921.000,4424.00626,N,00854.21132,E,1,10,1.0,7.0,M,44.7,M,,*46
37865 1627985962 0 3 2.55 0.00
37866 1627985962 0 4 2.52 1.44
37867 1627985962 0 5 0.02
37868 1627985962 0 6 0.06
37869 1627985962 0 8 4.98 12.34 11.89
37870 1627985962 0 1 2.178
37871 1627985963 0 0 26.24 8.27 166.1 61.33 101.6 6.30 173.8 16.9 193.1 2.72 41.18 14.1
37872 1627985963 0 7 $GNGGA,101922.000,4424.00592,N,00854.21207,E,1,10,1.0,6.6,M,44.7,M,,*4B
37873 1627985963 0 7 $GNGGA,101923.000,4424.00588,N,00854.21272,E,1,10,1.0,6.4,M,44.7,M,,*41
37874 1627985964 0 7 $GNGGA,101924.000,4424.00595,N,00854.21317,E,1,10,1.0,6.2,M,44.7,M,,*4E
37875 1627985965 0 3 2.55 0.00
37876 1627985965 0 4 2.53 1.44
37877 1627985965 0 5 0.02
37878 1627985965 0 6 0.06
37879 1627985965 0 1 2.064
37880 1627985966 0 8 4.98 12.36 11.89
37881 1627985966 0 0 26.25 8.27 166.2 61.33 101.7 6.30 173.6 17.0 193.1 2.75 41.19 14.1
37882 1627985966 0 7 $GNGGA,101925.000,4424.00611,N,00854.21346,E,1,10,1.0,5.9,M,44.7,M,,*4C
37883 1627985966 0 7 $GNGGA,101926.000,4424.00642,N,00854.21370,E,1,10,1.0,5.5,M,44.7,M,,*40
37884 1627985967 0 7 $GNGGA,101927.000,4424.00662,N,00854.21425,E,1,10,1.0,5.5,M,44.7,M,,*44
37885 1627985968 0 3 2.55 0.00
37886 1627985968 0 4 2.52 1.45
37887 1627985968 0 5 0.03
37888 1627985968 0 6 0.06
37889 1627985968 0 8 4.98 12.34 11.89
37890 1627985968 0 1 2.284
37891 1627985969 0 0 26.25 8.27 166.1 61.32 101.7 6.30 173.6 17.0 192.8 2.76 41.18 14.1
37892 1627985969 0 7 $GNGGA,101928.000,4424.00676,N,00854.21466,E,1,10,1.0,5.5,M,44.7,M,,*49
37893 1627985969 0 7 $GNGGA,101929.000,4424.00666,N,00854.21509,E,1,10,1.0,5.4,M,44.7,M,,*40
37894 1627985970 0 2 0.04770000 3.86380004 1.27709996 0.02970000 2.70160007 0.00440000 0.05530000 0.21140000 1.00000000 88.05100250
37895 1627985970 0 7 $GNGGA,101930.000,4424.00667,N,00854.21570,E,1,10,1.0,5.5,M,44.7,M,,*46
37896 1627985971 0 3 2.55 0.00
37897 1627985971 0 4 2.52 1.44
37898 1627985971 0 5 0.02
37899 1627985971 0 6 0.06
37900 1627985971 0 1 2.177
37901 1627985972 0 8 4.98 12.37 11.89
37902 1627985972 0 0 26.25 8.27 166.1 61.34 101.7 6.31 173.6 17.0 192.8 2.74 41.19 14.1
37903 1627985972 0 7 $GNGGA,101931.000,4424.00681,N,00854.21652,E,1,10,1.0,5.3,M,44.7,M,,*4A
37904 1627985972 0 7 $GNGGA,101932.000,4424.00692,N,00854.21730,E,1,10,1.0,5.0,M,44.7,M,,*4D
37905 1627985973 0 7 $GNGGA,101933.000,4424.00706,N,00854.21800,E,1,10,1.0,4.6,M,44.7,M,,*4B
37906 1627985974 0 3 2.55 0.00
37907 1627985974 0 4 2.52 1.45
37908 1627985974 0 5 0.02
37909 1627985974 0 6 0.06
37910 1627985974 0 8 4.98 12.33 11.89
37911 1627985974 0 1 2.191
37912 1627985975 0 0 26.25 8.27 166.2 61.40 101.7 6.30 173.8 17.0 193.0 2.77 41.24 14.1
37913 1627985975 0 7 $GNGGA,101934.000,4424.00728,N,00854.21864,E,1,10,1.0,4.6,M,44.7,M,,*42
37914 1627985975 0 7 $GNGGA,101935.000,4424.00753,N,00854.21905,E,1,10,1.0,4.5,M,44.7,M,,*4A
37915 1627985976 0 7 $GNGGA,101936.000,4424.00785,N,00854.21954,E,1,10,1.0,4.6,M,44.7,M,,*45
37916 1627985977 0 3 2.55 0.00
37917 1627985977 0 4 2.52 1.44
37918 1627985977 0 5 0.03
37919 1627985977 0 6 0.07
37920 1627985977 0 1 2.757
37921 1627985978 0 8 4.98 12.38 11.89
37922 1627985978 0 0 26.24 8.27 166.1 61.35 101.6 6.30 173.8 17.0 193.0 2.78 41.20 14.1
37923 1627985978 0 7 $GNGGA,101937.000,4424.00812,N,00854.22007,E,1,10,1.0,4.8,M,44.7,M,,*47
37924 1627985978 0 7 $GNGGA,101938.000,4424.00825,N,00854.22064,E,1,10,1.0,4.8,M,44.7,M,,*49
37925 1627985979 0 7 $GNGGA,101939.000,4424.00870,N,00854.22113,E,1,10,1.0,5.4,M,44.7,M,,*44
37926 1627985980 0 3 2.55 0.00
37927 1627985980 0 4 2.53 1.44
37928 1627985980 0 5 0.02
37929 1627985980 0 6 0.06
37930 1627985980 0 1 2.353
37931 1627985981 0 8 4.98 12.34 11.89
37932 1627985981 0 0 26.24 8.27 166.2 61.37 101.6 6.30 173.8 16.9 193.2 2.77 41.22 14.1
37933 1627985981 0 7 $GNGGA,101940.000,4424.00928,N,00854.22179,E,1,10,1.0,5.5,M,44.7,M,,*4B
37934 1627985981 0 7 $GNGGA,101941.000,4424.00997,N,00854.22224,E,1,10,1.0,6.4,M,44.7,M,,*47
37935 1627985982 0 7 $GNGGA,101942.000,4424.01042,N,00854.22261,E,1,10,1.0,6.9,M,44.7,M,,*48
37936 1627985983 0 3 2.55 0.00
37937 1627985983 0 4 2.52 1.44
37938 1627985983 0 5 0.02
37939 1627985983 0 6 0.06
37940 1627985984 0 8 4.98 12.33 11.89
37941 1627985984 0 1 2.183
37942 1627985984 0 0 26.24 8.27 166.1 61.36 101.7 6.31 173.8 17.0 193.1 2.76 41.21 14.1
37943 1627985984 0 7 $GNGGA,101943.000,4424.01049,N,00854.22318,E,1,10,1.0,6.6,M,44.7,M,,*42
37944 1627985984 0 7 $GNGGA,101944.000,4424.01053,N,00854.22358,E,1,10,1.0,7.0,M,44.7,M,,*4D
37945 1627985985 0 7 $GNGGA,101945.000,4424.01081,N,00854.22401,E,1,10,1.0,7.4,M,44.7,M,,*4C
37946 1627985986 0 3 2.55 0.00
37947 1627985986 0 4 2.53 1.44
37948 1627985986 0 5 0.02
37949 1627985986 0 6 0.06
37950 1627985986 0 1 2.186
37951 1627985987 0 8 4.98 12.35 11.89
37952 1627985987 0 0 26.25 8.27 166.1 61.32 101.6 6.30 173.8 17.0 192.9 2.76 41.18 14.1
37953 1627985987 0 7 $GNGGA,101946.000,4424.01115,N,00854.22451,E,1,10,1.0,7.9,M,44.7,M,,*4B
37954 1627985987 0 7 $GNGGA,101947.000,4424.01144,N,00854.22501,E,1,10,1.0,8.5,M,44.7,M,,*49
37955 1627985988 0 7 $GNGGA,101948.000,4424.01174,N,00854.22547,E,1,10,1.0,8.9,M,44.7,M,,*4B
37956 1627985989 0 3 2.55 0.00
37957 1627985989 0 4 2.52 1.44
37958 1627985989 0 5 0.02
37959 1627985989 0 6 0.07
37960 1627985989 0 8 4.98 12.34 11.89
37961 1627985990 0 1 2.181
37962 1627985990 0 0 26.26 8.27 166.1 61.31 101.7 6.30 173.5 17.0 192.8 2.78 41.17 14.1
37963 1627985990 0 7 $GNGGA,101949.000,4424.01195,N,00854.22594,E,1,10,1.0,9.5,M,44.7,M,,*46
37964 1627985990 0 7 $GNGGA,101950.000,4424.01210,N,00854.22633,E,1,10,1.0,10.2,M,44.7,M,,*71
37965 1627985991 0 7 $GNGGA,101951.000,4424.01213,N,00854.22677,E,1,10,1.0,11.3,M,44.7,M,,*73
37966 1627985992 0 3 2.55 0.00
37967 1627985992 0 4 2.52 1.44
37968 1627985992 0 5 0.03
37969 1627985992 0 6 0.06
37970 1627985992 0 1 2.091
37971 1627985993 0 8 4.98 12.36 11.89
37972 1627985993 0 0 26.25 8.27 166.0 61.45 101.7 6.30 173.5 17.0 193.0 2.76 41.27 14.1
37973 1627985993 0 7 $GNGGA,101952.000,4424.01213,N,00854.22732,E,1,10,1.0,12.0,M,44.7,M,,*70
37974 1627985993 0 7 $GNGGA,101953.000,4424.01215,N,00854.22796,E,1,10,1.0,12.7,M,44.7,M,,*7E
37975 1627985994 0 7 $GNGGA,101954.000,4424.01228,N,00854.22840,E,1,10,1.0,13.0,M,44.7,M,,*75
37976 1627985995 0 3 2.55 0.00
37977 1627985995 0 4 2.52 1.44
37978 1627985995 0 5 0.03
37979 1627985995 0 6 0.06
37980 1627985995 0 8 4.98 12.34 11.89
37981 1627985996 0 1 2.284
37982 1627985996 0 0 26.25 8.27 166.1 61.39 101.7 6.30 173.9 17.0 193.1 2.72 41.23 14.1
37983 1627985996 0 7 $GNGGA,101955.000,4424.01226,N,00854.22877,E,1,10,1.0,13.1,M,44.7,M,,*7F
37984 1627985996 0 7 $GNGGA,101956.000,4424.01179,N,00854.22938,E,1,10,1.0,13.3,M,44.7,M,,*7D
37985 1627985997 0 7 $GNGGA,101957.000,4424.01126,N,00854.23004,E,1,09,1.0,13.4,M,44.7,M,,*7E
37986 1627985998 0 3 2.55 0.00
37987 1627985998 0 4 2.52 1.44
37988 1627985998 0 5 0.03
37989 1627985998 0 6 0.06
37990 1627985999 0 1 2.373
37991 1627985999 0 8 4.98 12.37 11.91
37992 1627985999 0 0 26.26 8.27 166.1 61.35 101.7 6.30 173.5 17.0 192.8 2.72 41.20 14.1
37993 1627985999 0 7 $GNGGA,101958.000,4424.01074,N,00854.23068,E,1,09,1.0,13.4,M,44.7,M,,*7D
37994 1627985999 0 7 $GNGGA,101959.000,4424.01027,N,00854.23124,E,1,09,1.0,13.4,M,44.7,M,,*73
37995 1627986000 0 7 $GNGGA,102000.000,4424.01021,N,00854.23154,E,1,09,1.0,13.5,M,44.7,M,,*75
37996 1627986001 0 3 2.55 0.00
37997 1627986001 0 4 2.52 1.44
37998 1627986001 0 5 0.02
37999 1627986001 0 6 0.06
38000 1627986001 0 8 4.98 12.33 11.89
38001 1627986002 0 1 2.570
38002 1627986002 0 0 26.24 8.27 166.1 61.26 101.7 6.31 173.8 17.0 193.1 2.73 41.13 14.1
38003 1627986002 0 7 $GNGGA,102001.000,4424.01013,N,00854.23192,E,1,09,1.0,13.4,M,44.7,M,,*7E
38004 1627986002 0 7 $GNGGA,102002.000,4424.00995,N,00854.23253,E,1,09,1.0,13.3,M,44.7,M,,*72
38005 1627986003 0 7 $GNGGA,102003.000,4424.00959,N,00854.23341,E,1,09,1.0,13.4,M,44.7,M,,*76
38006 1627986004 0 3 2.55 0.00
38007 1627986004 0 4 2.52 1.44
38008 1627986004 0 5 0.02
38009 1627986005 0 6 0.06
38010 1627986005 0 1 2.997
38011 1627986005 0 8 4.98 12.38 11.89
38012 1627986005 0 0 26.25 8.27 166.1 61.40 101.7 6.31 173.7 16.9 192.9 2.74 41.24 14.1
38013 1627986005 0 7 $GNGGA,102004.000,4424.00950,N,00854.23396,E,1,09,1.0,13.5,M,44.7,M,,*73
38014 1627986005 0 7 $GNGGA,102005.000,4424.00928,N,00854.23458,E,1,09,1.0,13.5,M,44.7,M,,*78
38015 1627986006 0 7 $GNGGA,102006.000,4424.00879,N,00854.23534,E,1,09,1.0,13.5,M,44.7,M,,*75
38016 1627986007 0 3 2.55 0.00
38017 1627986007 0 4 2.52 1.44
38018 1627986007 0 5 0.02
38019 1627986007 0 6 0.06
38020 1627986007 0 1 2.389
38021 1627986008 0 8 4.98 12.34 11.89
38022 1627986008 0 0 26.25 8.27 166.0 61.33 101.7 6.31 173.7 17.0 192.9 2.73 41.18 14.1
38023 1627986008 0 7 $GNGGA,102007.000,4424.00864,N,00854.23596,E,1,09,1.0,13.8,M,44.7,M,,*7D
38024 1627986008 0 7 $GNGGA,102008.000,4424.00873,N,00854.23655,E,1,09,1.0,13.7,M,44.7,M,,*77
38025 1627986009 0 7 $GNGGA,102009.000,4424.00869,N,00854.23717,E,1,09,1.0,13.3,M,44.7,M,,*7E
38026 1627986010 0 3 2.55 0.00
38027 1627986010 0 4 2.52 1.44
38028 1627986010 0 5 0.02
38029 1627986010 0 6 0.07
38030 1627986010 0 8 4.98 12.34 11.89
38031 1627986011 0 1 2.361
38032 1627986011 0 0 26.23 8.27 166.0 61.32 101.7 6.31 174.0 16.9 193.1 2.74 41.18 14.1
38033 1627986011 0 7 $GNGGA,102010.000,4424.00889,N,00854.23776,E,1,09,1.0,12.8,M,44.7,M,,*75
38034 1627986011 0 7 $GNGGA,102011.000,4424.00919,N,00854.23828,E,1,09,1.0,12.4,M,44.7,M,,*74
38035 1627986012 0 7 $GNGGA,102012.000,4424.00941,N,00854.23878,E,1,09,1.0,12.4,M,44.7,M,,*7F
38036 1627986013 0 3 2.55 0.00
38037 1627986013 0 4 2.52 1.44
38038 1627986014 0 5 0.02
38039 1627986014 0 6 0.06
38040 1627986014 0 1 2.513
38041 1627986014 0 8 4.98 12.34 11.89
38042 1627986014 0 0 26.23 8.27 166.0 61.41 101.7 6.31 173.9 16.9 193.4 2.74 41.25 14.1
38043 1627986014 0 7 $GNGGA,102013.000,4424.00943,N,00854.23941,E,1,09,1.0,12.2,M,44.7,M,,*71
38044 1627986014 0 7 $GNGGA,102014.000,4424.00952,N,00854.23997,E,1,10,1.0,12.5,M,44.7,M,,*72
38045 1627986015 0 7 $GNGGA,102015.000,4424.00956,N,00854.24056,E,1,10,1.0,12.8,M,44.7,M,,*79
38046 1627986016 0 3 2.55 0.00
38047 1627986016 0 4 2.52 1.44
