/home/matrac-user/Devel/SEPG_2021-08-03/tuttomatrac/apps/build-mokupUI-Desktop_Qt_5_15_0_GCC_64bit-Release/porto_grid_0.0z.mesh
4745 1627991878 0 6 0.10
4746 1627991878 0 8 4.98 12.30 11.87
4747 1627991878 0 1 0.780
4748 1627991879 0 7 $GNGGA,115758.000,4423.45829,N,00856.12481,E,1,11,0.9,0.9,M,44.7,M,,*4C
4749 1627991879 0 0 25.95 8.29 156.7 61.34 102.5 6.39 176.8 16.9 180.0 2.28 41.21 14.6
4750 1627991880 0 7 $GNGGA,115759.000,4423.45871,N,00856.12379,E,1,11,0.9,1.0,M,44.7,M,,*48
4751 1627991881 0 7 $GNGGA,115800.000,4423.45922,N,00856.12274,E,1,11,0.9,1.2,M,44.7,M,,*42
4752 1627991881 0 3 2.56 0.00
4753 1627991881 0 4 2.54 1.40
4754 1627991881 0 5 0.02
4755 1627991881 0 6 0.09
4756 1627991881 0 8 4.98 12.30 11.87
4757 1627991881 0 1 0.750
4758 1627991882 0 7 $GNGGA,115801.000,4423.45993,N,00856.12150,E,1,10,1.1,1.1,M,44.7,M,,*47
4759 1627991882 0 0 25.95 8.29 156.7 61.37 102.5 6.39 176.8 16.9 179.7 2.41 41.23 14.6
4760 1627991883 0 7 $GNGGA,115802.000,4423.46054,N,00856.12034,E,1,10,1.1,1.3,M,44.7,M,,*44
4761 1627991884 0 7 $GNGGA,115803.000,4423.46085,N,00856.11922,E,1,10,1.1,1.7,M,44.7,M,,*40
4762 1627991884 0 3 2.56 0.00
4763 1627991884 0 4 2.54 1.39
4764 1627991884 0 5 0.02
4765 1627991884 0 6 0.12
4766 1627991884 0 8 4.98 12.30 11.87
4767 1627991884 0 1 0.790
4768 1627991885 0 7 $GNGGA,115804.000,4423.46110,N,00856.11817,E,1,11,0.9,2.3,M,44.7,M,,*42
4769 1627991885 0 0 25.94 8.29 156.7 61.39 102.5 6.39 176.7 16.9 179.8 2.45 41.24 14.6
4770 1627991886 0 7 $GNGGA,115805.000,4423.46133,N,00856.11710,E,1,11,0.9,2.8,M,44.7,M,,*41
4771 1627991887 0 7 $GNGGA,115806.000,4423.46150,N,00856.11634,E,1,11,0.9,2.8,M,44.7,M,,*40
4772 1627991887 0 3 2.56 0.00
4773 1627991887 0 4 2.54 1.36
4774 1627991887 0 5 0.02
4775 1627991887 0 6 0.07
4776 1627991887 0 8 4.98 12.29 11.87
4777 1627991887 0 1 0.803
4778 1627991888 0 7 $GNGGA,115807.000,4423.46164,N,00856.11565,E,1,11,0.9,2.6,M,44.7,M,,*4F
4779 1627991888 0 0 25.95 8.29 156.7 61.51 102.5 6.38 176.8 16.9 180.2 2.31 41.33 14.6
4780 1627991889 0 7 $GNGGA,115808.000,4423.46216,N,00856.11463,E,1,11,0.9,2.8,M,44.7,M,,*4F
4781 1627991890 0 7 $GNGGA,115809.000,4423.46286,N,00856.11339,E,1,11,0.9,2.8,M,44.7,M,,*4F
4782 1627991890 0 3 2.56 0.00
4783 1627991890 0 4 2.54 1.38
4784 1627991890 0 5 0.02
4785 1627991890 0 6 0.08
4786 1627991890 0 8 4.98 12.16 11.84
4787 1627991890 0 1 0.759
4788 1627991891 0 7 $GNGGA,115810.000,4423.46361,N,00856.11218,E,1,11,0.9,2.8,M,44.7,M,,*4D
4789 1627991891 0 0 25.95 8.29 156.7 61.40 102.6 6.39 176.7 16.9 180.4 2.30 41.24 14.6
4790 1627991892 0 7 $GNGGA,115811.000,4423.46419,N,00856.11108,E,1,11,0.9,2.6,M,44.7,M,,*48
4791 1627991893 0 7 $GNGGA,115812.000,4423.46469,N,00856.10997,E,1,11,0.9,2.5,M,44.7,M,,*40
4792 1627991893 0 3 2.56 0.00
4793 1627991893 0 4 2.54 1.37
4794 1627991893 0 5 0.02
4795 1627991893 0 6 0.08
4796 1627991893 0 8 4.98 12.16 11.87
4797 1627991893 0 1 0.743
4798 1627991894 0 7 $GNGGA,115813.000,4423.46514,N,00856.10896,E,1,11,0.9,2.4,M,44.7,M,,*4B
4799 1627991894 0 0 25.94 8.29 156.7 61.34 102.5 6.39 176.8 16.9 180.1 2.41 41.20 14.6
4800 1627991895 0 7 $GNGGA,115814.000,4423.46573,N,00856.10777,E,1,11,0.9,2.0,M,44.7,M,,*49
4801 1627991896 0 7 $GNGGA,115815.000,4423.46639,N,00856.10657,E,1,11,0.9,1.4,M,44.7,M,,*41
4802 1627991896 0 3 2.56 0.00
4803 1627991896 0 4 2.54 1.37
4804 1627991896 0 5 0.02
4805 1627991896 0 6 0.10
4806 1627991896 0 8 4.98 12.30 11.87
4807 1627991896 0 1 0.768
4808 1627991897 0 7 $GNGGA,115816.000,4423.46686,N,00856.10561,E,1,11,0.9,0.5,M,44.7,M,,*40
4809 1627991897 0 0 25.94 8.29 156.7 61.40 102.5 6.39 176.7 16.9 179.9 2.51 41.25 14.6
4810 1627991898 0 7 $GNGGA,115817.000,4423.46739,N,00856.10470,E,1,11,0.9,0.6,M,44.7,M,,*46
4811 1627991899 0 7 $GNGGA,115818.000,4423.46777,N,00856.10357,E,1,11,0.9,1.0,M,44.7,M,,*46
4812 1627991899 0 3 2.56 0.00
4813 1627991899 0 4 2.54 1.37
4814 1627991899 0 5 0.02
4815 1627991899 0 6 0.08
4816 1627991899 0 8 4.98 12.16 11.84
4817 1627991899 0 1 1.509
4818 1627991900 0 7 $GNGGA,115819.000,4423.46814,N,00856.10243,E,1,11,0.9,1.6,M,44.7,M,,*4F
4819 1627991900 0 0 25.96 8.29 156.8 61.41 102.6 6.39 176.9 16.9 179.9 2.49 41.26 14.6
4820 1627991901 0 7 $GNGGA,115820.000,4423.46853,N,00856.10113,E,1,11,0.9,2.0,M,44.7,M,,*45
4821 1627991902 0 7 $GNGGA,115821.000,4423.46885,N,00856.09981,E,1,11,0.9,1.5,M,44.7,M,,*42
4822 1627991902 0 3 2.56 0.00
4823 1627991902 0 4 2.54 1.37
4824 1627991902 0 5 0.02
4825 1627991902 0 6 0.08
4826 1627991902 0 8 4.98 12.30 11.87
4827 1627991902 0 1 1.003
4828 1627991903 0 7 $GNGGA,115822.000,4423.46923,N,00856.09841,E,1,11,0.9,0.9,M,44.7,M,,*4C
4829 1627991903 0 0 25.96 8.29 156.8 61.44 102.6 6.39 176.9 16.9 180.4 2.44 41.28 14.6
4830 1627991904 0 7 $GNGGA,115823.000,4423.46982,N,00856.09714,E,1,11,0.9,0.2,M,44.7,M,,*42
4831 1627991905 0 7 $GNGGA,115824.000,4423.47049,N,00856.09573,E,1,11,0.9,0.2,M,44.7,M,,*49
4832 1627991905 0 3 2.56 0.00
4833 1627991905 0 4 2.54 1.37
4834 1627991905 0 5 0.02
4835 1627991905 0 6 0.13
4836 1627991905 0 8 4.98 12.30 11.87
4837 1627991905 0 1 0.811
4838 1627991906 0 7 $GNGGA,115825.000,4423.47095,N,00856.09419,E,1,11,0.9,-0.2,M,44.7,M,,*69
4839 1627991906 0 0 25.96 8.29 156.7 61.42 102.6 6.39 176.8 16.9 180.3 2.50 41.26 14.6
4840 1627991907 0 7 $GNGGA,115826.000,4423.47121,N,00856.09281,E,1,11,0.9,-0.1,M,44.7,M,,*60
4841 1627991908 0 7 $GNGGA,115827.000,4423.47138,N,00856.09148,E,1,11,0.9,-0.5,M,44.7,M,,*6B
4842 1627991908 0 3 2.56 0.00
4843 1627991908 0 4 2.54 1.37
4844 1627991908 0 5 0.02
4845 1627991908 0 6 0.12
4846 1627991908 0 8 4.97 12.15 11.84
4847 1627991908 0 1 0.877
4848 1627991909 0 7 $GNGGA,115828.000,4423.47157,N,00856.09060,E,1,11,0.9,-0.4,M,44.7,M,,*67
4849 1627991909 0 0 25.95 8.29 156.7 61.29 102.6 6.39 177.0 16.9 180.5 2.57 41.16 14.6
4850 1627991910 0 7 $GNGGA,115829.000,4423.47193,N,00856.08989,E,1,11,0.9,0.3,M,44.7,M,,*4B
4851 1627991911 0 7 $GNGGA,115830.000,4423.47241,N,00856.08902,E,1,11,0.9,0.6,M,44.7,M,,*49
4852 1627991911 0 3 2.56 0.00
4853 1627991911 0 4 2.54 1.37
4854 1627991911 0 5 0.02
4855 1627991911 0 6 0.07
4856 1627991911 0 8 4.98 12.31 11.84
4857 1627991911 0 1 0.951
4858 1627991912 0 7 $GNGGA,115831.000,4423.47294,N,00856.08806,E,1,11,0.9,0.9,M,44.7,M,,*4A
4859 1627991912 0 0 25.97 8.29 156.8 61.46 102.6 6.39 177.0 16.9 180.4 2.56 41.29 14.6
4860 1627991913 0 7 $GNGGA,115832.000,4423.47359,N,00856.08711,E,1,11,0.9,1.6,M,44.7,M,,*4E
4861 1627991914 0 7 $GNGGA,115833.000,4423.47417,N,00856.08628,E,1,11,0.9,2.0,M,44.7,M,,*4C
4862 1627991914 0 3 2.56 0.00
4863 1627991914 0 4 2.54 1.37
4864 1627991914 0 5 0.02
4865 1627991914 0 6 0.08
4866 1627991914 0 8 4.98 12.29 11.87
4867 1627991914 0 1 0.815
4868 1627991915 0 7 $GNGGA,115834.000,4423.47477,N,00856.08553,E,1,11,0.9,2.4,M,44.7,M,,*46
4869 1627991915 0 0 25.96 8.29 156.7 61.35 102.5 6.39 177.0 16.9 180.5 2.48 41.21 14.6
4870 1627991916 0 7 $GNGGA,115835.000,4423.47519,N,00856.08457,E,1,11,0.9,2.2,M,44.7,M,,*4D
4871 1627991917 0 7 $GNGGA,115836.000,4423.47571,N,00856.08399,E,1,11,0.9,2.3,M,44.7,M,,*44
4872 1627991917 0 3 2.56 0.00
4873 1627991917 0 4 2.54 1.37
4874 1627991917 0 5 0.02
4875 1627991917 0 6 0.08
4876 1627991917 0 8 4.98 12.31 11.87
4877 1627991917 0 1 0.571
4878 1627991918 0 7 $GNGGA,115837.000,4423.47625,N,00856.08326,E,1,11,0.9,2.6,M,44.7,M,,*46
4879 1627991918 0 0 25.95 8.29 156.7 61.26 102.5 6.39 176.9 16.9 180.6 2.54 41.14 14.6
4880 1627991919 0 7 $GNGGA,115838.000,4423.47656,N,00856.08251,E,1,11,0.9,3.3,M,44.7,M,,*48
4881 1627991920 0 7 $GNGGA,115839.000,4423.47680,N,00856.08172,E,1,11,0.9,4.3,M,44.7,M,,*47
4882 1627991920 0 3 2.56 0.00
4883 1627991920 0 4 2.54 1.37
4884 1627991920 0 5 0.02
4885 1627991920 0 6 0.07
4886 1627991920 0 8 4.98 12.31 11.84
4887 1627991920 0 1 0.866
4888 1627991921 0 7 $GNGGA,115840.000,4423.47676,N,00856.08100,E,1,11,0.9,5.5,M,44.7,M,,*42
4889 1627991921 0 0 25.96 8.29 156.8 61.33 102.4 6.38 176.9 16.9 180.4 2.57 41.19 14.6
4890 1627991922 0 7 $GNGGA,115841.000,4423.47665,N,00856.08030,E,1,11,0.9,5.9,M,44.7,M,,*4F
4891 1627991923 0 7 $GNGGA,115842.000,4423.47681,N,00856.07959,E,1,11,0.9,6.5,M,44.7,M,,*40
4892 1627991923 0 3 2.56 0.00
4893 1627991923 0 4 2.54 1.37
4894 1627991923 0 5 0.02
4895 1627991923 0 6 0.10
4896 1627991923 0 8 4.98 12.29 11.87
4897 1627991923 0 1 0.902
4898 1627991924 0 7 $GNGGA,115843.000,4423.47716,N,00856.07886,E,1,11,0.9,6.3,M,44.7,M,,*4B
4899 1627991924 0 0 25.97 8.29 156.7 61.40 102.4 6.38 176.9 16.9 180.8 2.53 41.25 14.6
4900 1627991925 0 7 $GNGGA,115844.000,4423.47749,N,00856.07808,E,1,11,0.9,6.6,M,44.7,M,,*45
4901 1627991926 0 7 $GNGGA,115845.000,4423.47779,N,00856.07707,E,1,11,0.9,6.4,M,44.7,M,,*45
4902 1627991926 0 3 2.56 0.00
4903 1627991926 0 4 2.54 1.38
4904 1627991926 0 5 0.02
4905 1627991926 0 6 0.08
4906 1627991926 0 8 4.98 12.30 11.84
4907 1627991926 0 1 1.284
4908 1627991927 0 7 $GNGGA,115846.000,4423.47809,N,00856.07608,E,1,11,0.9,6.1,M,44.7,M,,*45
4909 1627991927 0 0 25.95 8.29 156.7 61.34 102.4 6.38 176.5 16.9 180.2 2.50 41.20 14.6
4910 1627991928 0 7 $GNGGA,115847.000,4423.47845,N,00856.07516,E,1,11,0.9,5.4,M,44.7,M,,*46
4911 1627991929 0 7 $GNGGA,115848.000,4423.47886,N,00856.07439,E,1,11,0.9,4.9,M,44.7,M,,*46
4912 1627991929 0 3 2.56 0.00
4913 1627991929 0 4 2.54 1.38
4914 1627991929 0 5 0.02
4915 1627991929 0 6 0.09
4916 1627991929 0 8 4.98 12.30 11.87
4917 1627991929 0 1 0.648
4918 1627991930 0 7 $GNGGA,115849.000,4423.47936,N,00856.07354,E,1,11,0.9,4.3,M,44.7,M,,*4B
4919 1627991930 0 0 25.96 8.29 156.7 61.31 102.5 6.39 176.7 16.9 180.9 2.53 41.18 14.6
4920 1627991931 0 7 $GNGGA,115850.000,4423.47976,N,00856.07265,E,1,11,0.9,3.1,M,44.7,M,,*41
4921 1627991932 0 7 $GNGGA,115851.000,4423.48019,N,00856.07160,E,1,11,0.9,2.5,M,44.7,M,,*4C
4922 1627991932 0 3 2.56 0.00
4923 1627991932 0 4 2.54 1.38
4924 1627991932 0 5 0.02
4925 1627991932 0 6 0.10
4926 1627991932 0 8 4.98 12.30 11.87
4927 1627991932 0 1 0.664
4928 1627991933 0 7 $GNGGA,115852.000,4423.48061,N,00856.07042,E,1,11,0.9,1.8,M,44.7,M,,*4F
4929 1627991933 0 0 25.96 8.29 156.7 61.33 102.5 6.39 176.7 16.9 180.3 2.56 41.20 14.6
4930 1627991934 0 7 $GNGGA,115853.000,4423.48105,N,00856.06938,E,1,11,0.9,1.2,M,44.7,M,,*42
4931 1627991935 0 3 2.56 0.00
4932 1627991935 0 4 2.54 1.38
4933 1627991935 0 5 0.02
4934 1627991935 0 6 0.09
4935 1627991935 0 8 4.98 12.31 11.87
4936 1627991935 0 7 $GNGGA,115854.000,4423.48126,N,00856.06838,E,1,11,0.9,0.7,M,44.7,M,,*41
4937 1627991935 0 1 0.725
4938 1627991936 0 0 25.96 8.29 156.7 61.35 102.5 6.39 176.7 16.9 180.3 2.56 41.21 14.6
4939 1627991936 0 7 $GNGGA,115855.000,4423.48129,N,00856.06717,E,1,11,0.9,0.3,M,44.7,M,,*49
4940 1627991937 0 7 $GNGGA,115856.000,4423.48123,N,00856.06569,E,1,11,0.9,0.0,M,44.7,M,,*48
4941 1627991938 0 3 2.56 0.00
4942 1627991938 0 4 2.54 1.38
4943 1627991938 0 5 0.02
4944 1627991938 0 6 0.12
4945 1627991938 0 8 4.98 12.31 11.87
4946 1627991938 0 7 $GNGGA,115857.000,4423.48120,N,00856.06431,E,1,11,0.9,-0.6,M,44.7,M,,*6D
4947 1627991938 0 1 0.745
4948 1627991938 0 7 $GNGGA,115858.000,4423.48119,N,00856.06305,E,1,11,0.9,-1.3,M,44.7,M,,*6C
4949 1627991939 0 0 25.96 8.29 156.7 61.34 102.5 6.39 176.7 16.9 180.5 2.63 41.21 14.6
4950 1627991939 0 7 $GNGGA,115859.000,4423.48128,N,00856.06202,E,1,11,0.9,-1.6,M,44.7,M,,*6C
4951 1627991940 0 7 $GNGGA,115900.000,4423.48148,N,00856.06099,E,1,11,0.9,-1.5,M,44.7,M,,*64
4952 1627991941 0 3 2.56 0.00
4953 1627991941 0 4 2.55 1.38
4954 1627991941 0 5 0.02
4955 1627991941 0 6 0.11
4956 1627991941 0 8 4.98 12.30 11.87
4957 1627991941 0 1 0.709
4958 1627991941 0 7 $GNGGA,115901.000,4423.48180,N,00856.05955,E,1,11,0.9,-1.8,M,44.7,M,,*66
4959 1627991942 0 0 25.96 8.29 156.7 61.37 102.5 6.38 176.8 16.9 180.5 2.66 41.22 14.6
4960 1627991942 0 7 $GNGGA,115902.000,4423.48200,N,00856.05853,E,1,11,0.9,-1.0,M,44.7,M,,*61
4961 1627991943 0 7 $GNGGA,115903.000,4423.48230,N,00856.05744,E,1,11,0.9,-0.8,M,44.7,M,,*63
4962 1627991944 0 3 2.56 0.00
4963 1627991944 0 4 2.55 1.38
4964 1627991944 0 5 0.02
4965 1627991944 0 6 0.08
4966 1627991944 0 8 4.98 12.30 11.87
4967 1627991944 0 1 0.908
4968 1627991944 0 7 $GNGGA,115904.000,4423.48262,N,00856.05653,E,1,11,0.9,-0.2,M,44.7,M,,*6E
4969 1627991945 0 0 25.97 8.29 156.8 61.43 102.5 6.38 176.8 16.9 179.9 2.64 41.27 14.6
4970 1627991945 0 7 $GNGGA,115905.000,4423.48291,N,00856.05548,E,1,11,0.9,0.2,M,44.7,M,,*47
4971 1627991946 0 7 $GNGGA,115906.000,4423.48313,N,00856.05465,E,1,11,0.9,0.6,M,44.7,M,,*45
4972 1627991947 0 3 2.56 0.00
4973 1627991947 0 4 2.54 1.38
4974 1627991947 0 5 0.02
4975 1627991947 0 6 0.09
4976 1627991947 0 8 4.98 12.29 11.87
4977 1627991947 0 1 1.065
4978 1627991947 0 7 $GNGGA,115907.000,4423.48329,N,00856.05380,E,1,11,0.9,1.0,M,44.7,M,,*46
4979 1627991948 0 0 25.97 8.29 156.8 61.47 102.5 6.38 176.7 16.9 180.5 2.74 41.30 14.6
4980 1627991948 0 7 $GNGGA,115908.000,4423.48349,N,00856.05311,E,1,11,0.9,1.9,M,44.7,M,,*4E
4981 1627991949 0 2 0.04480000 2.83470010 1.20099997 0.02180000 2.67560005 0.00390000 0.04580000 0.19829999 1.00000000 89.98600006
4982 1627991949 0 7 $GNGGA,115909.000,4423.48371,N,00856.05257,E,1,11,0.9,2.8,M,44.7,M,,*45
4983 1627991950 0 3 2.56 0.00
4984 1627991950 0 4 2.55 1.38
4985 1627991950 0 5 0.02
4986 1627991950 0 6 0.08
4987 1627991950 0 8 4.98 12.30 11.87
4988 1627991950 0 1 0.997
4989 1627991950 0 7 $GNGGA,115910.000,4423.48399,N,00856.05191,E,1,11,0.9,3.4,M,44.7,M,,*4F
4990 1627991951 0 0 25.98 8.29 156.7 61.51 102.4 6.38 176.8 16.9 180.8 2.84 41.33 14.6
4991 1627991951 0 7 $GNGGA,115911.000,4423.48439,N,00856.05108,E,1,11,0.9,3.4,M,44.7,M,,*43
4992 1627991952 0 7 $GNGGA,115912.000,4423.48488,N,00856.05011,E,1,11,0.9,3.8,M,44.7,M,,*4F
4993 1627991953 0 3 2.56 0.00
4994 1627991953 0 4 2.54 1.38
4995 1627991953 0 5 0.02
4996 1627991953 0 6 0.07
4997 1627991953 0 8 4.98 12.30 11.87
4998 1627991953 0 1 1.527
4999 1627991953 0 7 $GNGGA,115913.000,4423.48535,N,00856.04933,E,1,11,0.9,4.2,M,44.7,M,,*4C
5000 1627991954 0 0 25.97 8.29 156.8 61.42 102.4 6.38 177.0 16.9 181.0 2.83 41.26 14.6
5001 1627991954 0 7 $GNGGA,115914.000,4423.48578,N,00856.04864,E,1,11,0.9,4.4,M,44.7,M,,*47
5002 1627991955 0 7 $GNGGA,115915.000,4423.48618,N,00856.04791,E,1,11,0.9,4.8,M,44.7,M,,*4A
5003 1627991956 0 3 2.56 0.00
5004 1627991956 0 4 2.55 1.38
5005 1627991956 0 5 0.02
5006 1627991956 0 6 0.08
5007 1627991956 0 8 4.98 12.30 11.87
5008 1627991956 0 1 0.813
5009 1627991956 0 7 $GNGGA,115916.000,4423.48661,N,00856.04720,E,1,11,0.9,5.1,M,44.7,M,,*45
5010 1627991957 0 0 25.97 8.29 156.7 61.37 102.4 6.38 176.9 16.9 180.7 2.70 41.22 14.6
5011 1627991957 0 7 $GNGGA,115917.000,4423.48706,N,00856.04648,E,1,11,0.9,5.5,M,44.7,M,,*4F
5012 1627991958 0 7 $GNGGA,115918.000,4423.48749,N,00856.04576,E,1,11,0.9,6.0,M,44.7,M,,*43
5013 1627991959 0 3 2.56 0.00
5014 1627991959 0 4 2.54 1.38
5015 1627991959 0 5 0.02
5016 1627991959 0 6 0.08
5017 1627991959 0 8 4.98 12.29 11.87
5042 1627991967 0 7 $GNGGA,115927.000,4423.49135,N,00856.04058,E,1,11,0.9,8.9,M,44.7,M,,*4D
5043 1627991968 0 3 2.56 0.00
5044 1627991968 0 4 2.54 1.38
5045 1627991968 0 5 0.02
5046 1627991968 0 6 0.08
5047 1627991968 0 8 4.98 12.31 11.87
5048 1627991968 0 1 0.754
5049 1627991968 0 7 $GNGGA,115928.000,4423.49204,N,00856.03973,E,1,11,0.9,8.9,M,44.7,M,,*44
5050 1627991968 0 0 25.98 8.29 156.8 61.39 102.4 6.38 177.1 16.9 181.3 2.73 41.24 14.6
5051 1627991969 0 7 $GNGGA,115929.000,4423.49264,N,00856.03906,E,1,11,0.9,8.6,M,44.7,M,,*4E
5052 1627991970 0 7 $GNGGA,115930.000,4423.49312,N,00856.03854,E,1,11,0.9,8.4,M,44.7,M,,*42
5053 1627991971 0 3 2.56 0.00
5054 1627991971 0 4 2.54 1.38
5055 1627991971 0 5 0.02
5056 1627991971 0 6 0.08
5057 1627991971 0 8 4.98 12.31 11.87
5058 1627991971 0 1 0.665
5059 1627991971 0 7 $GNGGA,115931.000,4423.49349,N,00856.03800,E,1,11,0.9,8.1,M,44.7,M,,*49
5060 1627991972 0 0 25.97 8.29 156.7 61.34 102.4 6.38 176.8 16.9 181.1 2.74 41.20 14.6
5061 1627991972 0 7 $GNGGA,115932.000,4423.49373,N,00856.03739,E,1,11,0.9,8.1,M,44.7,M,,*46
5062 1627991973 0 7 $GNGGA,115933.000,4423.49391,N,00856.03686,E,1,11,0.9,8.4,M,44.7,M,,*4B
5063 1627991974 0 3 2.56 0.00
5064 1627991974 0 4 2.55 1.38
5065 1627991974 0 5 0.02
5066 1627991974 0 6 0.08
5067 1627991974 0 8 4.98 12.30 11.87
5068 1627991974 0 1 0.695
5069 1627991974 0 7 $GNGGA,115934.000,4423.49417,N,00856.03612,E,1,11,0.9,8.4,M,44.7,M,,*48
5070 1627991975 0 0 25.97 8.29 156.7 61.34 102.4 6.38 176.9 16.9 181.2 2.78 41.21 14.6
5071 1627991975 0 7 $GNGGA,115935.000,4423.49469,N,00856.03507,E,1,11,0.9,8.5,M,44.7,M,,*46
5072 1627991976 0 7 $GNGGA,115936.000,4423.49525,N,00856.03405,E,1,11,0.9,8.5,M,44.7,M,,*4F
5073 1627991977 0 3 2.56 0.00
5074 1627991977 0 4 2.55 1.38
5075 1627991977 0 5 0.02
5076 1627991977 0 6 0.09
5077 1627991977 0 8 4.98 12.29 11.87
5078 1627991977 0 1 0.888
5079 1627991977 0 7 $GNGGA,115937.000,4423.49576,N,00856.03327,E,1,11,0.9,8.8,M,44.7,M,,*42
5080 1627991978 0 0 25.98 8.29 156.7 61.28 102.3 6.38 177.1 16.9 181.1 2.82 41.15 14.6
5081 1627991978 0 7 $GNGGA,115938.000,4423.49639,N,00856.03233,E,1,11,0.9,9.5,M,44.7,M,,*4D
5082 1627991979 0 7 $GNGGA,115939.000,4423.49701,N,00856.03125,E,1,11,0.9,11.1,M,44.7,M,,*7F
5083 1627991980 0 3 2.56 0.00
5084 1627991980 0 4 2.54 1.38
5085 1627991980 0 5 0.02
5086 1627991980 0 6 0.09
5087 1627991980 0 8 4.98 12.30 11.84
5088 1627991980 0 1 1.283
5089 1627991980 0 7 $GNGGA,115940.000,4423.49745,N,00856.03008,E,1,11,0.9,12.2,M,44.7,M,,*7F
5090 1627991981 0 0 25.98 8.29 156.7 61.50 102.3 6.37 176.9 16.9 181.4 2.79 41.32 14.6
5091 1627991981 0 7 $GNGGA,115941.000,4423.49783,N,00856.02903,E,1,11,0.9,13.1,M,44.7,M,,*75
5092 1627991982 0 7 $GNGGA,115942.000,4423.49831,N,00856.02804,E,1,11,0.9,14.0,M,44.7,M,,*70
5093 1627991983 0 3 2.56 0.00
5094 1627991983 0 4 2.54 1.38
5095 1627991983 0 5 0.02
5096 1627991983 0 6 0.10
5097 1627991983 0 8 4.98 12.30 11.87
5098 1627991983 0 1 0.658
5099 1627991983 0 7 $GNGGA,115943.000,4423.49866,N,00856.02727,E,1,11,0.9,15.4,M,44.7,M,,*78
5100 1627991984 0 0 25.98 8.29 156.7 61.40 102.3 6.37 176.8 16.9 181.5 2.73 41.24 14.6
5101 1627991984 0 7 $GNGGA,115944.000,4423.49903,N,00856.02634,E,1,11,0.9,16.1,M,44.7,M,,*78
5102 1627991985 0 7 $GNGGA,115945.000,4423.49929,N,00856.02554,E,1,11,0.9,16.5,M,44.7,M,,*70
5103 1627991986 0 3 2.56 0.00
5104 1627991986 0 4 2.54 1.38
5105 1627991986 0 5 0.02
5106 1627991986 0 6 0.10
5107 1627991986 0 8 4.98 12.30 11.84
5108 1627991986 0 1 0.623
5109 1627991986 0 7 $GNGGA,115946.000,4423.49958,N,00856.02469,E,1,11,0.9,16.7,M,44.7,M,,*78
5110 1627991986 0 0 25.98 8.29 156.7 61.39 102.3 6.37 176.8 16.9 181.3 2.72 41.24 14.6
5111 1627991987 0 7 $GNGGA,115947.000,4423.49995,N,00856.02392,E,1,11,0.9,16.6,M,44.7,M,,*7A
5112 1627991988 0 7 $GNGGA,115948.000,4423.50032,N,00856.02328,E,1,11,0.9,16.7,M,44.7,M,,*79
5113 1627991989 0 3 2.56 0.00
5114 1627991989 0 4 2.54 1.38
5115 1627991989 0 5 0.02
5116 1627991989 0 6 0.08
5117 1627991989 0 8 4.98 12.30 11.84
5118 1627991989 0 1 0.726
5119 1627991989 0 7 $GNGGA,115949.000,4423.50057,N,00856.02298,E,1,11,0.9,15.9,M,44.7,M,,*7C
5120 1627991990 0 0 25.99 8.29 156.7 61.38 102.3 6.37 176.8 16.9 181.3 2.77 41.23 14.6
5121 1627991990 0 7 $GNGGA,115950.000,4423.50078,N,00856.02252,E,1,11,0.9,15.6,M,44.7,M,,*70
5122 1627991991 0 7 $GNGGA,115951.000,4423.50106,N,00856.02188,E,1,11,0.9,15.5,M,44.7,M,,*7E
5123 1627991992 0 3 2.56 0.00
5124 1627991992 0 4 2.54 1.38
5125 1627991992 0 5 0.02
5126 1627991992 0 6 0.08
5127 1627991992 0 8 4.98 12.30 11.87
5128 1627991992 0 1 0.689
5129 1627991992 0 7 $GNGGA,115952.000,4423.50143,N,00856.02142,E,1,11,0.9,16.3,M,44.7,M,,*7F
5130 1627991993 0 0 25.99 8.29 156.7 61.38 102.4 6.37 176.8 16.9 181.1 2.78 41.23 14.6
5131 1627991993 0 7 $GNGGA,115953.000,4423.50180,N,00856.02062,E,1,11,0.9,16.5,M,44.7,M,,*74
5132 1627991994 0 7 $GNGGA,115954.000,4423.50211,N,00856.01960,E,1,11,0.9,17.0,M,44.7,M,,*74
5133 1627991995 0 3 2.56 0.00
5134 1627991995 0 4 2.54 1.38
5135 1627991995 0 5 0.02
5136 1627991995 0 6 0.08
5137 1627991995 0 8 4.98 12.29 11.87
5138 1627991995 0 1 0.734
5139 1627991995 0 7 $GNGGA,115955.000,4423.50255,N,00856.01847,E,1,11,0.9,17.6,M,44.7,M,,*77
5140 1627991996 0 0 25.99 8.29 156.7 61.40 102.4 6.37 177.0 16.9 181.5 2.71 41.25 14.6
5141 1627991996 0 7 $GNGGA,115956.000,4423.50313,N,00856.01716,E,1,11,0.9,17.3,M,44.7,M,,*79
5142 1627991997 0 7 $GNGGA,115957.000,4423.50382,N,00856.01609,E,1,10,0.9,17.4,M,44.7,M,,*79
5143 1627991998 0 3 2.56 0.00
5144 1627991998 0 4 2.54 1.38
5145 1627991998 0 5 0.02
5146 1627991998 0 6 0.07
5147 1627991998 0 8 4.98 12.29 11.87
5148 1627991998 0 1 0.723
5149 1627991998 0 7 $GNGGA,115958.000,4423.50454,N,00856.01501,E,1,10,0.9,17.1,M,44.7,M,,*74
5150 1627991999 0 0 25.99 8.29 156.7 61.40 102.4 6.38 177.0 16.9 181.4 2.65 41.24 14.6
5151 1627991999 0 7 $GNGGA,115959.000,4423.50506,N,00856.01406,E,1,10,0.9,16.7,M,44.7,M,,*72
5152 1627992000 0 7 $GNGGA,120000.000,4423.50558,N,00856.01280,E,1,10,0.9,16.3,M,44.7,M,,*76
5153 1627992001 0 3 2.56 0.00
5154 1627992001 0 4 2.54 1.38
5155 1627992001 0 5 0.02
5156 1627992001 0 6 0.08
5157 1627992001 0 8 4.98 12.30 11.87
5158 1627992001 0 1 0.788
5159 1627992001 0 7 $GNGGA,120001.000,4423.50594,N,00856.01171,E,1,10,0.9,16.2,M,44.7,M,,*7B
5160 1627992002 0 0 25.99 8.29 156.8 61.35 102.4 6.38 177.1 16.9 181.7 2.72 41.21 14.6
5161 1627992002 0 7 $GNGGA,120002.000,4423.50631,N,00856.01064,E,1,10,0.9,16.4,M,44.7,M,,*77
5162 1627992003 0 7 $GNGGA,120003.000,4423.50676,N,00856.00956,E,1,10,0.9,15.9,M,44.7,M,,*72
5163 1627992004 0 3 2.56 0.00
5164 1627992004 0 4 2.54 1.38
5165 1627992004 0 5 0.02
5166 1627992004 0 6 0.08
5167 1627992004 0 8 4.98 12.30 11.87
5168 1627992004 0 1 0.621
5169 1627992004 0 7 $GNGGA,120004.000,4423.50726,N,00856.00849,E,1,10,0.9,15.7,M,44.7,M,,*70
5170 1627992005 0 0 25.99 8.29 156.8 61.33 102.5 6.38 176.8 16.9 181.2 2.69 41.19 14.6
5171 1627992005 0 7 $GNGGA,120005.000,4423.50777,N,00856.00765,E,1,10,0.9,15.6,M,44.7,M,,*75
5172 1627992006 0 7 $GNGGA,120006.000,4423.50840,N,00856.00713,E,1,10,0.9,15.3,M,44.7,M,,*79
5173 1627992007 0 3 2.56 0.00
5174 1627992007 0 4 2.54 1.38
5175 1627992007 0 5 0.02
5176 1627992007 0 6 0.08
5177 1627992007 0 8 4.98 12.30 11.87
5178 1627992007 0 1 1.266
5179 1627992007 0 7 $GNGGA,120007.000,4423.50891,N,00856.00657,E,1,10,0.9,15.4,M,44.7,M,,*72
5180 1627992008 0 0 26.00 8.29 156.8 61.43 102.5 6.38 177.0 16.9 181.5 2.68 41.27 14.6
5181 1627992008 0 7 $GNGGA,120008.000,4423.50926,N,00856.00591,E,1,10,0.9,15.4,M,44.7,M,,*79
5182 1627992009 0 7 $GNGGA,120009.000,4423.50966,N,00856.00537,E,1,10,0.9,15.6,M,44.7,M,,*72
5183 1627992010 0 3 2.56 0.00
5184 1627992010 0 4 2.54 1.38
5185 1627992010 0 5 0.02
5186 1627992010 0 6 0.10
5187 1627992010 0 8 4.98 12.16 11.84
5188 1627992010 0 1 0.675
5189 1627992010 0 7 $GNGGA,120010.000,4423.50998,N,00856.00481,E,1,10,0.9,15.9,M,44.7,M,,*78
5190 1627992011 0 0 26.00 8.29 156.8 61.41 102.5 6.38 176.9 16.9 181.2 2.66 41.26 14.6
5191 1627992011 0 7 $GNGGA,120011.000,4423.51022,N,00856.00413,E,1,10,0.9,16.2,M,44.7,M,,*73
5192 1627992012 0 7 $GNGGA,120012.000,4423.51046,N,00856.00340,E,1,10,0.9,16.5,M,44.7,M,,*74
5193 1627992013 0 3 2.56 0.00
5194 1627992013 0 4 2.54 1.39
5195 1627992013 0 5 0.02
5196 1627992013 0 6 0.09
5197 1627992013 0 8 4.98 12.15 11.84
5198 1627992013 0 1 0.724
5199 1627992013 0 7 $GNGGA,120013.000,4423.51076,N,00856.00250,E,1,10,0.9,17.2,M,44.7,M,,*70
5200 1627992014 0 0 26.00 8.29 156.8 61.43 102.5 6.38 177.0 16.9 181.2 2.64 41.27 14.6
5201 1627992014 0 7 $GNGGA,120014.000,4423.51109,N,00856.00159,E,1,10,0.9,17.3,M,44.7,M,,*75
5202 1627992015 0 7 $GNGGA,120015.000,4423.51154,N,00856.00101,E,1,10,0.9,17.8,M,44.7,M,,*7A
5203 1627992016 0 3 2.56 0.00
5204 1627992016 0 4 2.54 1.39
5205 1627992016 0 5 0.02
5206 1627992016 0 6 0.08
5207 1627992016 0 8 4.98 12.30 11.87
5208 1627992016 0 1 0.712
5209 1627992016 0 7 $GNGGA,120016.000,4423.51214,N,00856.00061,E,1,10,0.9,18.8,M,44.7,M,,*76
5210 1627992017 0 0 26.00 8.29 156.8 61.35 102.5 6.38 177.2 16.9 181.6 2.61 41.21 14.6
5211 1627992017 0 7 $GNGGA,120017.000,4423.51255,N,00856.00019,E,1,10,0.9,19.1,M,44.7,M,,*75
5212 1627992018 0 7 $GNGGA,120018.000,4423.51263,N,00855.99989,E,1,10,0.9,19.6,M,44.7,M,,*7B
5213 1627992019 0 3 2.56 0.00
5214 1627992019 0 4 2.54 1.39
5215 1627992019 0 5 0.02
5216 1627992019 0 6 0.07
5217 1627992019 0 8 4.98 12.15 11.84
5218 1627992019 0 1 0.819
5219 1627992019 0 7 $GNGGA,120019.000,4423.51264,N,00855.99960,E,1,10,0.9,20.3,M,44.7,M,,*75
5220 1627992020 0 0 26.00 8.29 156.7 61.42 102.5 6.38 177.1 16.9 181.6 2.70 41.26 14.6
5221 1627992020 0 7 $GNGGA,120020.000,4423.51269,N,00855.99891,E,1,10,0.9,21.0,M,44.7,M,,*7F
5222 1627992021 0 7 $GNGGA,120021.000,4423.51291,N,00855.99847,E,1,10,0.9,21.7,M,44.7,M,,*75
5223 1627992022 0 3 2.56 0.00
5224 1627992022 0 4 2.54 1.41
5225 1627992022 0 5 0.02
5226 1627992022 0 6 0.08
5227 1627992022 0 8 4.98 12.30 11.84
5228 1627992022 0 1 0.753
5229 1627992022 0 7 $GNGGA,120022.000,4423.51309,N,00855.99814,E,1,10,0.9,22.5,M,44.7,M,,*71
5230 1627992023 0 0 26.00 8.29 156.7 61.43 102.5 6.38 176.9 16.9 181.9 2.68 41.27 14.6
5231 1627992023 0 7 $GNGGA,120023.000,4423.51330,N,00855.99745,E,1,10,0.9,22.8,M,44.7,M,,*7C
5232 1627992024 0 7 $GNGGA,120024.000,4423.51363,N,00855.99615,E,1,10,0.9,21.4,M,44.7,M,,*76
5233 1627992025 0 3 2.56 0.00
5234 1627992025 0 4 2.54 1.39
5235 1627992025 0 5 0.02
5236 1627992025 0 6 0.07
5237 1627992025 0 8 4.98 12.31 11.84
5238 1627992025 0 1 0.672
5239 1627992025 0 7 $GNGGA,120025.000,4423.51409,N,00855.99480,E,1,10,0.9,21.1,M,44.7,M,,*77
5240 1627992026 0 0 26.00 8.29 156.8 61.32 102.4 6.38 177.1 16.9 181.7 2.60 41.19 14.6
5241 1627992026 0 7 $GNGGA,120026.000,4423.51488,N,00855.99315,E,1,10,0.9,20.8,M,44.7,M,,*7E
5242 1627992027 0 7 $GNGGA,120027.000,4423.51573,N,00855.99131,E,1,10,0.9,19.8,M,44.7,M,,*74
5243 1627992028 0 3 2.56 0.00
5244 1627992028 0 4 2.54 1.39
5245 1627992028 0 5 0.02
5246 1627992028 0 6 0.08
5247 1627992028 0 8 4.97 12.15 11.84
5248 1627992028 0 1 0.735
5249 1627992028 0 7 $GNGGA,120028.000,4423.51641,N,00855.98950,E,1,10,0.9,19.3,M,44.7,M,,*7C
5250 1627992029 0 0 26.00 8.29 156.7 61.34 102.4 6.38 177.1 16.9 181.5 2.66 41.20 14.6
5251 1627992029 0 7 $GNGGA,120029.000,4423.51710,N,00855.98787,E,1,10,0.9,19.4,M,44.7,M,,*7B
5252 1627992030 0 7 $GNGGA,120030.000,4423.51781,N,00855.98637,E,1,10,0.9,19.1,M,44.7,M,,*74
5253 1627992031 0 3 2.56 0.00
5254 1627992031 0 4 2.54 1.39
5255 1627992031 0 5 0.02
5256 1627992031 0 6 0.08
5257 1627992031 0 8 4.98 12.29 11.84
5258 1627992031 0 1 0.693
5259 1627992031 0 7 $GNGGA,120031.000,4423.51863,N,00855.98530,E,1,10,0.9,19.5,M,44.7,M,,*76
5260 1627992032 0 0 26.00 8.29 156.7 61.38 102.5 6.38 176.8 16.9 181.4 2.74 41.23 14.6
5261 1627992032 0 7 $GNGGA,120032.000,4423.51951,N,00855.98463,E,1,10,0.9,21.7,M,44.7,M,,*7B
5262 1627992033 0 7 $GNGGA,120033.000,4423.52063,N,00855.98379,E,1,10,0.9,21.5,M,44.7,M,,*7F
5263 1627992034 0 3 2.56 0.00
5264 1627992034 0 4 2.54 1.39
5265 1627992034 0 5 0.02
5266 1627992034 0 6 0.08
5267 1627992034 0 8 4.98 12.30 11.84
5268 1627992034 0 1 1.224
5269 1627992034 0 7 $GNGGA,120034.000,4423.52160,N,00855.98299,E,1,10,0.9,21.3,M,44.7,M,,*73
5270 1627992035 0 0 26.00 8.29 156.8 61.44 102.5 6.38 176.9 16.9 181.7 2.71 41.27 14.6
5271 1627992035 0 7 $GNGGA,120035.000,4423.52222,N,00855.98216,E,1,10,0.9,21.1,M,44.7,M,,*72
5272 1627992036 0 7 $GNGGA,120036.000,4423.52266,N,00855.98105,E,1,10,0.9,20.4,M,44.7,M,,*74
5273 1627992037 0 3 2.56 0.00
5274 1627992037 0 4 2.54 1.39
5275 1627992037 0 5 0.02
5276 1627992037 0 6 0.07
5277 1627992037 0 8 4.98 12.31 11.87
5278 1627992037 0 1 0.659
5279 1627992037 0 7 $GNGGA,120037.000,4423.52323,N,00855.98025,E,1,10,0.9,19.6,M,44.7,M,,*7E
5280 1627992038 0 0 26.01 8.29 156.7 61.38 102.5 6.38 177.2 16.9 182.1 2.70 41.23 14.7
5281 1627992038 0 7 $GNGGA,120038.000,4423.52384,N,00855.97961,E,1,10,0.9,19.1,M,44.7,M,,*7D
5282 1627992039 0 7 $GNGGA,120039.000,4423.52436,N,00855.97923,E,1,10,0.9,18.2,M,44.7,M,,*76
5283 1627992040 0 3 2.56 0.00
5284 1627992040 0 4 2.54 1.40
5285 1627992040 0 5 0.02
5286 1627992040 0 6 0.06
5287 1627992040 0 8 4.98 12.30 11.87
5288 1627992040 0 1 0.720
5289 1627992040 0 7 $GNGGA,120040.000,4423.52485,N,00855.97864,E,1,10,0.9,17.7,M,44.7,M,,*78
5290 1627992041 0 0 26.01 8.29 156.7 61.41 102.5 6.38 177.1 16.9 181.9 2.71 41.25 14.6
5291 1627992041 0 7 $GNGGA,120041.000,4423.52544,N,00855.97791,E,1,10,0.9,17.4,M,44.7,M,,*73
5292 1627992042 0 7 $GNGGA,120042.000,4423.52577,N,00855.97692,E,1,10,0.9,17.3,M,44.7,M,,*75
5293 1627992043 0 3 2.56 0.00
5294 1627992043 0 4 2.54 1.40
5295 1627992043 0 5 0.02
5296 1627992043 0 6 0.07
5297 1627992043 0 8 4.98 12.29 11.84
5298 1627992043 0 1 0.745
5299 1627992043 0 7 $GNGGA,120043.000,4423.52574,N,00855.97556,E,1,10,0.9,17.0,M,44.7,M,,*7F
5300 1627992044 0 0 26.01 8.29 156.7 61.40 102.5 6.38 177.2 16.9 182.0 2.77 41.25 14.6
5301 1627992044 0 7 $GNGGA,120044.000,4423.52590,N,00855.97442,E,1,10,0.9,16.9,M,44.7,M,,*7E
5302 1627992045 0 7 $GNGGA,120045.000,4423.52610,N,00855.97319,E,1,10,0.9,17.1,M,44.7,M,,*74
5303 1627992046 0 3 2.56 0.00
5304 1627992046 0 4 2.54 1.39
5305 1627992046 0 5 0.02
5306 1627992046 0 6 0.07
5307 1627992046 0 8 4.98 12.30 11.84
5308 1627992046 0 1 0.766
5309 1627992046 0 7 $GNGGA,120046.000,4423.52635,N,00855.97190,E,1,10,0.9,17.3,M,44.7,M,,*71
5310 1627992047 0 0 26.02 8.29 156.7 61.40 102.6 6.38 177.2 16.9 182.3 2.76 41.24 14.7
5311 1627992047 0 7 $GNGGA,120047.000,4423.52674,N,00855.97053,E,1,10,0.9,17.3,M,44.7,M,,*7B
5312 1627992048 0 7 $GNGGA,120048.000,4423.52726,N,00855.96894,E,1,10,0.9,17.3,M,44.7,M,,*70
5313 1627992049 0 3 2.56 0.00
5314 1627992049 0 4 2.54 1.39
5315 1627992049 0 5 0.02
5316 1627992049 0 6 0.06
5317 1627992049 0 8 4.98 12.31 11.84
5318 1627992049 0 1 0.742
5319 1627992049 0 7 $GNGGA,120049.000,4423.52777,N,00855.96741,E,1,10,0.9,17.4,M,44.7,M,,*75
5320 1627992050 0 0 26.02 8.29 156.8 61.38 102.6 6.38 177.2 16.9 182.4 2.68 41.23 14.6
5321 1627992050 0 7 $GNGGA,120050.000,4423.52829,N,00855.96610,E,1,10,0.9,17.2,M,44.7,M,,*7A
5322 1627992051 0 7 $GNGGA,120051.000,4423.52876,N,00855.96503,E,1,10,0.9,17.2,M,44.7,M,,*70
5323 1627992052 0 3 2.56 0.00
5324 1627992052 0 4 2.54 1.39
5325 1627992052 0 5 0.02
5326 1627992052 0 6 0.07
5327 1627992052 0 8 4.98 12.31 11.87
5328 1627992052 0 1 0.843
5329 1627992052 0 7 $GNGGA,120052.000,4423.52924,N,00855.96389,E,1,10,0.9,16.7,M,44.7,M,,*75
5330 1627992053 0 0 26.02 8.29 156.7 61.43 102.6 6.38 177.3 16.9 182.2 2.68 41.27 14.6
5331 1627992053 0 7 $GNGGA,120053.000,4423.52966,N,00855.96302,E,1,10,0.9,16.8,M,44.7,M,,*7E
5332 1627992054 0 7 $GNGGA,120054.000,4423.53009,N,00855.96219,E,1,10,0.9,16.8,M,44.7,M,,*73
5333 1627992055 0 3 2.56 0.00
5334 1627992055 0 4 2.54 1.39
5335 1627992055 0 5 0.02
5336 1627992055 0 6 0.11
5337 1627992055 0 8 4.98 12.31 11.87
5338 1627992055 0 1 0.982
5339 1627992055 0 7 $GNGGA,120055.000,4423.53033,N,00855.96132,E,1,10,0.9,16.5,M,44.7,M,,*7C
5340 1627992056 0 0 26.02 8.29 156.7 61.44 102.6 6.38 177.1 16.9 182.4 2.71 41.28 14.6
5341 1627992056 0 7 $GNGGA,120056.000,4423.53052,N,00855.96045,E,1,10,0.9,17.0,M,44.7,M,,*7D
5342 1627992057 0 7 $GNGGA,120057.000,4423.53062,N,00855.95958,E,1,10,0.9,16.8,M,44.7,M,,*70
5343 1627992058 0 3 2.56 0.00
5344 1627992058 0 4 2.54 1.39
5345 1627992058 0 5 0.02
5346 1627992058 0 6 0.06
5347 1627992058 0 8 4.98 12.31 11.87
5348 1627992058 0 1 0.939
5349 1627992058 0 7 $GNGGA,120058.000,4423.53065,N,00855.95873,E,1,10,0.9,16.7,M,44.7,M,,*7F
5350 1627992059 0 0 26.02 8.29 156.8 61.42 102.6 6.39 177.2 16.9 182.3 2.70 41.26 14.6
5351 1627992059 0 7 $GNGGA,120059.000,4423.53073,N,00855.95780,E,1,10,0.9,16.3,M,44.7,M,,*7E
5352 1627992060 0 7 $GNGGA,120100.000,4423.53097,N,00855.95681,E,1,10,0.9,15.9,M,44.7,M,,*70
5353 1627992061 0 3 2.56 0.00
5354 1627992061 0 4 2.54 1.39
5355 1627992061 0 5 0.02
5356 1627992061 0 6 0.06
5357 1627992061 0 8 4.98 12.31 11.84
5358 1627992061 0 1 1.324
5359 1627992061 0 7 $GNGGA,120101.000,4423.53125,N,00855.95581,E,1,10,0.9,15.7,M,44.7,M,,*74
5360 1627992062 0 0 26.02 8.29 156.8 61.38 102.6 6.38 177.2 16.9 182.3 2.67 41.23 14.7
5361 1627992062 0 7 $GNGGA,120102.000,4423.53155,N,00855.95479,E,1,10,0.9,14.8,M,44.7,M,,*78
5362 1627992063 0 7 $GNGGA,120103.000,4423.53186,N,00855.95387,E,1,10,0.9,13.7,M,44.7,M,,*79
5363 1627992064 0 3 2.56 0.00
5364 1627992064 0 4 2.54 1.40
5365 1627992064 0 5 0.02
5366 1627992064 0 6 0.05
5367 1627992064 0 8 4.98 12.30 11.84
5368 1627992064 0 1 1.012
5369 1627992064 0 7 $GNGGA,120104.000,4423.53240,N,00855.95270,E,1,10,0.9,12.5,M,44.7,M,,*7D
5370 1627992065 0 0 26.03 8.29 156.8 61.43 102.6 6.38 177.1 16.9 182.1 2.68 41.27 14.6
5371 1627992065 0 7 $GNGGA,120105.000,4423.53294,N,00855.95154,E,1,10,0.9,12.2,M,44.7,M,,*77
5372 1627992066 0 7 $GNGGA,120106.000,4423.53363,N,00855.95022,E,1,10,0.9,12.4,M,44.7,M,,*7B
5373 1627992067 0 3 2.56 0.00
5374 1627992067 0 4 2.54 1.40
5375 1627992067 0 5 0.02
5376 1627992067 0 6 0.06
5377 1627992067 0 8 4.98 12.30 11.87
5378 1627992067 0 1 0.889
5379 1627992067 0 7 $GNGGA,120107.000,4423.53431,N,00855.94893,E,1,10,0.9,12.1,M,44.7,M,,*7C
5380 1627992068 0 0 26.02 8.29 156.8 61.47 102.6 6.38 177.1 16.9 182.4 2.72 41.30 14.6
5381 1627992068 0 7 $GNGGA,120108.000,4423.53496,N,00855.94779,E,1,10,0.9,11.8,M,44.7,M,,*7F
5382 1627992069 0 2 0.04019999 2.61750006 1.19420003 0.02010000 2.68169999 0.00400000 0.04400000 0.17810000 1.00000000 90.36100006
5383 1627992069 0 7 $GNGGA,120109.000,4423.53562,N,00855.94668,E,1,10,0.9,11.8,M,44.7,M,,*75
5384 1627992070 0 3 2.56 0.00
5385 1627992070 0 4 2.54 1.40
5386 1627992070 0 5 0.02
5387 1627992070 0 6 0.06
5388 1627992070 0 8 4.98 12.30 11.87
5389 1627992070 0 1 1.021
5390 1627992070 0 7 $GNGGA,120110.000,4423.53638,N,00855.94558,E,1,10,0.9,11.5,M,44.7,M,,*7C
5391 1627992071 0 0 26.02 8.29 156.8 61.46 102.7 6.39 177.1 16.9 182.3 2.70 41.29 14.7
5392 1627992071 0 7 $GNGGA,120111.000,4423.53688,N,00855.94469,E,1,10,0.9,11.4,M,44.7,M,,*74
5393 1627992072 0 7 $GNGGA,120112.000,4423.53739,N,00855.94380,E,1,10,0.9,10.8,M,44.7,M,,*71
5394 1627992073 0 3 2.56 0.00
5395 1627992073 0 4 2.54 1.40
5396 1627992073 0 5 0.02
5397 1627992073 0 6 0.06
5398 1627992073 0 8 4.98 12.30 11.84
5399 1627992073 0 1 0.893
5400 1627992073 0 7 $GNGGA,120113.000,4423.53804,N,00855.94276,E,1,10,0.9,9.9,M,44.7,M,,*40
5401 1627992074 0 0 26.03 8.29 156.7 61.47 102.6 6.38 177.0 16.9 182.0 2.71 41.30 14.6
5402 1627992074 0 7 $GNGGA,120114.000,4423.53856,N,00855.94146,E,1,10,0.9,9.5,M,44.7,M,,*4C
5403 1627992075 0 7 $GNGGA,120115.000,4423.53908,N,00855.94034,E,1,10,0.9,9.3,M,44.7,M,,*45
5404 1627992076 0 3 2.56 0.00
5405 1627992076 0 4 2.54 1.40
5406 1627992076 0 5 0.02
5407 1627992076 0 6 0.07
5408 1627992076 0 8 4.98 12.30 11.84
5409 1627992076 0 1 0.729
5410 1627992076 0 7 $GNGGA,120116.000,4423.53968,N,00855.93951,E,1,10,0.9,9.2,M,44.7,M,,*4C
5411 1627992077 0 0 26.02 8.29 156.7 61.36 102.6 6.38 177.2 16.9 182.5 2.72 41.22 14.6
5412 1627992077 0 7 $GNGGA,120117.000,4423.54043,N,00855.93881,E,1,10,0.9,9.8,M,44.7,M,,*4C
5413 1627992078 0 7 $GNGGA,120118.000,4423.54113,N,00855.93820,E,1,10,0.9,10.8,M,44.7,M,,*74
5414 1627992079 0 3 2.56 0.00
5415 1627992079 0 4 2.54 1.39
5416 1627992079 0 5 0.02
5417 1627992079 0 6 0.07
5418 1627992079 0 8 4.98 12.31 11.87
5419 1627992079 0 1 0.678
5420 1627992079 0 7 $GNGGA,120119.000,4423.54193,N,00855.93752,E,1,10,0.9,11.5,M,44.7,M,,*7B
5421 1627992080 0 0 26.02 8.29 156.7 61.42 102.6 6.38 177.2 16.9 182.7 2.75 41.26 14.7
5422 1627992080 0 7 $GNGGA,120120.000,4423.54275,N,00855.93684,E,1,10,0.9,11.7,M,44.7,M,,*72
5423 1627992081 0 7 $GNGGA,120121.000,4423.54369,N,00855.93607,E,1,10,0.9,11.8,M,44.7,M,,*7B
5424 1627992082 0 3 2.56 0.00
5425 1627992082 0 4 2.54 1.39
5426 1627992082 0 5 0.02
5427 1627992082 0 6 0.07
5428 1627992082 0 8 4.98 12.30 11.87
5429 1627992082 0 1 0.686
5430 1627992082 0 7 $GNGGA,120122.000,4423.54469,N,00855.93510,E,1,10,0.9,11.9,M,44.7,M,,*7B
5431 1627992083 0 0 26.02 8.29 156.7 61.36 102.6 6.38 177.0 16.9 182.4 2.78 41.21 14.6
5432 1627992083 0 7 $GNGGA,120123.000,4423.54558,N,00855.93432,E,1,10,0.9,12.4,M,44.7,M,,*76
5433 1627992084 0 7 $GNGGA,120124.000,4423.54647,N,00855.93367,E,1,10,0.9,13.5,M,44.7,M,,*7B
5434 1627992085 0 3 2.56 0.00
5435 1627992085 0 4 2.54 1.40
5436 1627992085 0 5 0.02
5437 1627992085 0 6 0.08
5438 1627992085 0 8 4.98 12.31 11.87
5439 1627992085 0 1 0.689
5440 1627992085 0 7 $GNGGA,120125.000,4423.54724,N,00855.93305,E,1,10,0.9,14.2,M,44.7,M,,*7A
5441 1627992086 0 0 26.02 8.29 156.7 61.35 102.5 6.38 177.1 16.9 182.3 2.78 41.21 14.6
5442 1627992086 0 7 $GNGGA,120126.000,4423.54811,N,00855.93243,E,1,10,0.9,14.9,M,44.7,M,,*78
5443 1627992087 0 7 $GNGGA,120127.000,4423.54882,N,00855.93184,E,1,10,0.9,15.3,M,44.7,M,,*70
5444 1627992088 0 3 2.56 0.00
5445 1627992088 0 4 2.54 1.40
5446 1627992088 0 5 0.02
5448 1627992088 0 8 4.98 12.30 11.87
5449 1627992088 0 1 1.317
5450 1627992088 0 7 $GNGGA,120128.000,4423.54950,N,00855.93121,E,1,10,0.9,15.3,M,44.7,M,,*7E
5451 1627992089 0 0 26.06 8.29 156.8 61.42 102.5 6.37 176.9 16.9 182.2 2.76 41.26 14.6
5452 1627992089 0 7 $GNGGA,120129.000,4423.55020,N,00855.93047,E,1,10,0.9,14.8,M,44.7,M,,*7B
5453 1627992090 0 7 $GNGGA,120130.000,4423.55081,N,00855.92972,E,1,10,0.9,14.8,M,44.7,M,,*76
5454 1627992091 0 3 2.56 0.00
5455 1627992091 0 4 2.54 1.40
5456 1627992091 0 5 0.02
5457 1627992091 0 6 0.05
5458 1627992091 0 8 4.98 12.30 11.84
5459 1627992091 0 1 0.885
5460 1627992091 0 7 $GNGGA,120131.000,4423.55127,N,00855.92901,E,1,10,0.9,15.2,M,44.7,M,,*75
5461 1627992092 0 0 26.07 8.29 156.7 61.48 102.5 6.37 177.2 16.9 182.4 2.64 41.31 14.7
5462 1627992092 0 7 $GNGGA,120132.000,4423.55177,N,00855.92828,E,1,10,0.9,15.3,M,44.7,M,,*78
5463 1627992093 0 7 $GNGGA,120133.000,4423.55230,N,00855.92746,E,1,10,0.9,15.6,M,44.7,M,,*7B
5464 1627992094 0 3 2.56 0.00
5465 1627992094 0 4 2.54 1.40
5466 1627992094 0 5 0.02
5467 1627992094 0 6 0.06
5468 1627992094 0 8 4.98 12.30 11.87
5469 1627992094 0 1 0.774
5470 1627992094 0 7 $GNGGA,120134.000,4423.55295,N,00855.92658,E,1,10,0.9,15.9,M,44.7,M,,*72
5471 1627992095 0 0 26.08 8.28 156.8 61.51 102.5 6.37 177.0 17.0 182.4 2.62 41.33 14.6
5472 1627992095 0 7 $GNGGA,120135.000,4423.55355,N,00855.92574,E,1,10,0.9,15.8,M,44.7,M,,*72
5473 1627992096 0 7 $GNGGA,120136.000,4423.55393,N,00855.92506,E,1,10,0.9,15.2,M,44.7,M,,*74
5474 1627992097 0 3 2.56 0.00
5475 1627992097 0 4 2.54 1.40
5476 1627992097 0 5 0.02
5477 1627992097 0 6 0.07
5478 1627992097 0 8 4.98 12.30 11.87
5479 1627992097 0 1 0.804
5480 1627992097 0 7 $GNGGA,120137.000,4423.55438,N,00855.92412,E,1,10,0.9,14.7,M,44.7,M,,*73
5481 1627992098 0 0 26.07 8.28 156.8 61.51 102.5 6.37 177.0 16.9 182.2 2.67 41.32 14.6
5482 1627992098 0 7 $GNGGA,120138.000,4423.55482,N,00855.92315,E,1,10,0.9,14.6,M,44.7,M,,*7C
5483 1627992099 0 7 $GNGGA,120139.000,4423.55538,N,00855.92208,E,1,10,0.9,14.1,M,44.7,M,,*77
5484 1627992100 0 3 2.56 0.00
5485 1627992100 0 4 2.54 1.40
5486 1627992100 0 5 0.02
5487 1627992100 0 6 0.07
5488 1627992100 0 8 4.98 12.30 11.87
5489 1627992100 0 1 0.843
5490 1627992100 0 7 $GNGGA,120140.000,4423.55609,N,00855.92113,E,1,10,0.9,13.6,M,44.7,M,,*71
5491 1627992101 0 0 26.07 8.29 156.8 61.45 102.5 6.37 177.1 16.9 182.5 2.56 41.28 14.6
5492 1627992101 0 7 $GNGGA,120141.000,4423.55682,N,00855.92030,E,1,10,0.9,13.3,M,44.7,M,,*76
5493 1627992102 0 7 $GNGGA,120142.000,4423.55761,N,00855.91957,E,1,10,0.9,13.2,M,44.7,M,,*73
5494 1627992103 0 3 2.56 0.00
5495 1627992103 0 4 2.54 1.40
5496 1627992103 0 5 0.02
5497 1627992103 0 6 0.07
5498 1627992103 0 8 4.98 12.31 11.87
5499 1627992103 0 1 0.793
5500 1627992103 0 7 $GNGGA,120143.000,4423.55858,N,00855.91905,E,1,10,0.9,13.0,M,44.7,M,,*72
5501 1627992104 0 0 26.07 8.29 156.7 61.41 102.5 6.37 177.3 16.9 182.8 2.53 41.25 14.7
5502 1627992104 0 7 $GNGGA,120144.000,4423.55974,N,00855.91866,E,1,10,0.9,12.8,M,44.7,M,,*77
5503 1627992105 0 7 $GNGGA,120145.000,4423.56085,N,00855.91812,E,1,10,0.9,12.4,M,44.7,M,,*7D
5504 1627992106 0 3 2.56 0.00
5505 1627992106 0 4 2.54 1.40
5506 1627992106 0 5 0.02
5507 1627992106 0 6 0.07
5508 1627992106 0 8 4.98 12.30 11.87
5509 1627992106 0 1 0.848
5510 1627992106 0 7 $GNGGA,120146.000,4423.56165,N,00855.91719,E,1,10,0.9,11.9,M,44.7,M,,*7B
5511 1627992107 0 0 26.07 8.28 156.8 61.50 102.5 6.37 177.2 16.9 183.0 2.51 41.32 14.7
5512 1627992107 0 7 $GNGGA,120147.000,4423.56225,N,00855.91601,E,1,10,0.9,11.4,M,44.7,M,,*78
5513 1627992108 0 7 $GNGGA,120148.000,4423.56285,N,00855.91475,E,1,10,0.9,10.9,M,44.7,M,,*70
5514 1627992109 0 3 2.56 0.00
5515 1627992109 0 4 2.54 1.40
5516 1627992109 0 5 0.02
5517 1627992109 0 6 0.06
5518 1627992109 0 8 4.98 12.30 11.87
5519 1627992109 0 1 1.061
5520 1627992109 0 7 $GNGGA,120149.000,4423.56334,N,00855.91356,E,1,10,0.9,10.4,M,44.7,M,,*71
5521 1627992110 0 0 26.07 8.28 156.8 61.46 102.5 6.37 177.4 16.9 183.1 2.54 41.29 14.7
5522 1627992110 0 7 $GNGGA,120150.000,4423.56379,N,00855.91276,E,1,10,0.9,9.6,M,44.7,M,,*49
5523 1627992111 0 7 $GNGGA,120151.000,4423.56439,N,00855.91215,E,1,10,0.9,9.6,M,44.7,M,,*4E
5524 1627992112 0 3 2.56 0.00
5525 1627992112 0 4 2.54 1.40
5526 1627992112 0 5 0.02
5527 1627992112 0 6 0.06
5528 1627992112 0 8 4.98 12.30 11.87
5529 1627992112 0 1 0.907
5530 1627992112 0 7 $GNGGA,120152.000,4423.56497,N,00855.91144,E,1,10,0.9,9.1,M,44.7,M,,*49
5531 1627992113 0 0 26.06 8.28 156.8 61.49 102.5 6.37 177.5 16.9 183.2 2.48 41.31 14.7
5532 1627992113 0 7 $GNGGA,120153.000,4423.56548,N,00855.91066,E,1,10,0.9,8.6,M,44.7,M,,*4C
5533 1627992114 0 7 $GNGGA,120154.000,4423.56582,N,00855.90987,E,1,10,0.9,8.5,M,44.7,M,,*49
5534 1627992115 0 3 2.56 0.00
5535 1627992115 0 4 2.54 1.40
5536 1627992115 0 5 0.02
5537 1627992115 0 6 0.09
5538 1627992115 0 8 4.98 12.30 11.87
5539 1627992115 0 1 1.532
5540 1627992115 0 7 $GNGGA,120155.000,4423.56636,N,00855.90908,E,1,10,0.9,9.3,M,44.7,M,,*44
5541 1627992116 0 0 26.07 8.29 156.8 61.43 102.5 6.38 177.4 16.9 183.0 2.48 41.26 14.7
5542 1627992116 0 7 $GNGGA,120156.000,4423.56683,N,00855.90831,E,1,10,0.9,9.7,M,44.7,M,,*46
5543 1627992117 0 7 $GNGGA,120157.000,4423.56722,N,00855.90751,E,1,10,0.9,10.1,M,44.7,M,,*7A
5544 1627992118 0 3 2.56 0.00
5545 1627992118 0 4 2.54 1.40
5546 1627992118 0 5 0.02
5547 1627992118 0 6 0.07
5548 1627992118 0 8 4.98 12.30 11.84
5549 1627992118 0 1 0.901
5550 1627992118 0 7 $GNGGA,120158.000,4423.56768,N,00855.90646,E,1,10,0.9,10.4,M,44.7,M,,*79
5551 1627992119 0 0 26.06 8.29 156.8 61.49 102.6 6.38 177.5 16.9 183.3 2.50 41.31 14.7
5552 1627992119 0 7 $GNGGA,120159.000,4423.56827,N,00855.90541,E,1,10,0.9,10.8,M,44.7,M,,*74
5553 1627992120 0 7 $GNGGA,120200.000,4423.56900,N,00855.90436,E,1,10,0.9,11.2,M,44.7,M,,*75
5554 1627992121 0 3 2.56 0.00
5555 1627992121 0 4 2.54 1.40
5556 1627992121 0 5 0.02
5557 1627992121 0 6 0.06
5558 1627992121 0 8 4.98 12.29 11.87
5559 1627992121 0 1 0.832
5560 1627992121 0 7 $GNGGA,120201.000,4423.56954,N,00855.90338,E,1,10,0.9,11.3,M,44.7,M,,*7D
5561 1627992122 0 0 26.05 8.29 156.9 61.43 102.5 6.38 177.5 16.9 183.3 2.52 41.27 14.7
5562 1627992122 0 7 $GNGGA,120202.000,4423.57000,N,00855.90241,E,1,10,0.9,11.5,M,44.7,M,,*7E
5563 1627992123 0 7 $GNGGA,120203.000,4423.57050,N,00855.90146,E,1,10,0.9,11.4,M,44.7,M,,*7F
5564 1627992124 0 3 2.56 0.00
5565 1627992124 0 4 2.54 1.40
5566 1627992124 0 5 0.02
5567 1627992124 0 6 0.08
5568 1627992124 0 8 4.98 12.30 11.87
5569 1627992124 0 1 0.760
5570 1627992124 0 7 $GNGGA,120204.000,4423.57087,N,00855.90059,E,1,10,0.9,10.8,M,44.7,M,,*70
5571 1627992125 0 0 26.05 8.28 156.7 61.42 102.5 6.37 177.5 16.9 183.3 2.48 41.26 14.6
5572 1627992125 0 7 $GNGGA,120205.000,4423.57120,N,00855.89978,E,1,10,0.9,10.2,M,44.7,M,,*75
5573 1627992126 0 7 $GNGGA,120206.000,4423.57149,N,00855.89879,E,1,10,0.9,9.6,M,44.7,M,,*45
5574 1627992127 0 3 2.56 0.00
5575 1627992127 0 4 2.54 1.40
5576 1627992127 0 5 0.02
5577 1627992127 0 6 0.05
5578 1627992127 0 8 4.98 12.30 11.87
5579 1627992127 0 1 0.813
5580 1627992127 0 7 $GNGGA,120207.000,4423.57176,N,00855.89792,E,1,10,0.9,8.9,M,44.7,M,,*4C
5581 1627992128 0 0 26.05 8.29 156.8 61.45 102.5 6.37 177.7 16.9 183.2 2.54 41.29 14.7
5582 1627992128 0 7 $GNGGA,120208.000,4423.57205,N,00855.89680,E,1,10,0.9,8.6,M,44.7,M,,*49
5583 1627992129 0 7 $GNGGA,120209.000,4423.57234,N,00855.89576,E,1,10,0.9,8.4,M,44.7,M,,*42
5584 1627992130 0 3 2.56 0.00
5585 1627992130 0 4 2.54 1.40
5586 1627992130 0 5 0.02
5587 1627992130 0 6 0.06
5588 1627992130 0 8 4.98 12.15 11.84
5589 1627992130 0 1 0.717
5590 1627992130 0 7 $GNGGA,120210.000,4423.57271,N,00855.89452,E,1,10,0.9,8.2,M,44.7,M,,*4A
5591 1627992131 0 0 26.05 8.29 156.7 61.46 102.5 6.38 177.7 16.9 183.7 2.58 41.29 14.7
5592 1627992131 0 7 $GNGGA,120211.000,4423.57317,N,00855.89304,E,1,10,0.9,8.0,M,44.7,M,,*4C
5593 1627992132 0 7 $GNGGA,120212.000,4423.57365,N,00855.89187,E,1,10,0.9,7.9,M,44.7,M,,*45
5594 1627992133 0 3 2.56 0.00
5595 1627992133 0 4 2.54 1.40
5596 1627992133 0 5 0.02
5597 1627992133 0 6 0.06
5598 1627992133 0 8 4.98 12.16 11.84
5599 1627992133 0 1 0.757
5600 1627992133 0 7 $GNGGA,120213.000,4423.57412,N,00855.89109,E,1,10,0.9,8.1,M,44.7,M,,*42
5601 1627992134 0 0 25.98 8.29 156.8 61.50 102.5 6.38 178.3 16.9 184.7 2.52 41.32 14.7
5602 1627992134 0 7 $GNGGA,120214.000,4423.57459,N,00855.89050,E,1,10,0.9,8.0,M,44.7,M,,*46
5603 1627992135 0 7 $GNGGA,120215.000,4423.57504,N,00855.88974,E,1,10,0.9,8.2,M,44.7,M,,*42
5604 1627992136 0 3 2.56 0.00
5605 1627992136 0 4 2.54 1.40
5606 1627992136 0 5 0.02
5607 1627992136 0 6 0.08
5608 1627992136 0 8 4.98 12.30 11.84
5609 1627992136 0 1 0.918
5610 1627992136 0 7 $GNGGA,120216.000,4423.57539,N,00855.88863,E,1,10,0.9,8.1,M,44.7,M,,*4B
5611 1627992137 0 0 25.96 8.29 156.8 61.44 102.5 6.38 178.5 16.9 184.2 2.58 41.28 14.7
5612 1627992137 0 7 $GNGGA,120217.000,4423.57585,N,00855.88738,E,1,10,0.9,8.7,M,44.7,M,,*4A
5613 1627992138 0 7 $GNGGA,120218.000,4423.57612,N,00855.88598,E,1,10,0.9,8.6,M,44.7,M,,*41
5614 1627992139 0 3 2.56 0.00
5615 1627992139 0 4 2.54 1.40
5616 1627992139 0 5 0.02
5617 1627992139 0 6 0.07
5618 1627992139 0 8 4.97 12.15 11.84
5619 1627992139 0 1 0.755
5620 1627992139 0 7 $GNGGA,120219.000,4423.57641,N,00855.88509,E,1,10,0.9,8.4,M,44.7,M,,*4C
5621 1627992140 0 0 25.98 8.29 156.9 61.42 102.4 6.37 178.1 16.9 183.8 2.72 41.26 14.7
5622 1627992140 0 7 $GNGGA,120220.000,4423.57661,N,00855.88451,E,1,10,0.9,8.5,M,44.7,M,,*49
5623 1627992141 0 7 $GNGGA,120221.000,4423.57679,N,00855.88400,E,1,10,0.9,8.9,M,44.7,M,,*49
5624 1627992142 0 3 2.56 0.00
5625 1627992142 0 4 2.54 1.40
5626 1627992142 0 5 0.02
5627 1627992142 0 6 0.06
5628 1627992142 0 8 4.98 12.31 11.87
5629 1627992142 0 1 1.402
5630 1627992142 0 7 $GNGGA,120222.000,4423.57698,N,00855.88358,E,1,10,0.9,8.9,M,44.7,M,,*4F
5631 1627992143 0 0 25.99 8.29 156.8 61.50 102.4 6.37 178.0 16.9 183.9 2.64 41.32 14.7
5632 1627992143 0 7 $GNGGA,120223.000,4423.57706,N,00855.88316,E,1,10,0.9,8.9,M,44.7,M,,*42
5633 1627992144 0 7 $GNGGA,120224.000,4423.57715,N,00855.88223,E,1,10,0.9,8.8,M,44.7,M,,*41
5634 1627992145 0 3 2.56 0.00
5635 1627992145 0 4 2.54 1.40
5636 1627992145 0 5 0.02
5637 1627992145 0 6 0.06
5638 1627992145 0 8 4.98 12.30 11.84
5639 1627992145 0 1 0.697
5640 1627992145 0 7 $GNGGA,120225.000,4423.57755,N,00855.88119,E,1,10,0.9,8.9,M,44.7,M,,*4F
5641 1627992146 0 0 25.98 8.29 156.8 61.44 102.4 6.38 178.0 16.9 183.8 2.52 41.28 14.7
5642 1627992146 0 7 $GNGGA,120226.000,4423.57791,N,00855.87999,E,1,10,0.9,9.1,M,44.7,M,,*42
5643 1627992147 0 7 $GNGGA,120227.000,4423.57799,N,00855.87910,E,1,10,0.9,9.4,M,44.7,M,,*4F
5644 1627992148 0 3 2.56 0.00
5645 1627992148 0 4 2.54 1.40
5646 1627992148 0 5 0.02
5647 1627992148 0 6 0.07
5648 1627992148 0 8 4.97 12.15 11.84
5649 1627992148 0 1 0.801
5650 1627992148 0 7 $GNGGA,120228.000,4423.57791,N,00855.87823,E,1,10,0.9,9.6,M,44.7,M,,*4B
5651 1627992149 0 0 25.98 8.29 156.8 61.48 102.4 6.37 178.1 16.9 183.6 2.59 41.31 14.7
5652 1627992149 0 7 $GNGGA,120229.000,4423.57781,N,00855.87735,E,1,10,0.9,9.7,M,44.7,M,,*42
5653 1627992150 0 7 $GNGGA,120230.000,4423.57776,N,00855.87635,E,1,10,0.9,8.7,M,44.7,M,,*42
5654 1627992151 0 3 2.56 0.00
5655 1627992151 0 4 2.54 1.40
5656 1627992151 0 5 0.02
5657 1627992151 0 6 0.05
5658 1627992151 0 8 4.98 12.31 11.84
5659 1627992151 0 1 0.737
5660 1627992151 0 7 $GNGGA,120231.000,4423.57796,N,00855.87546,E,1,10,0.9,8.4,M,44.7,M,,*49
5661 1627992152 0 0 25.95 8.29 156.8 61.46 102.4 6.38 178.1 16.9 184.0 2.71 41.30 14.6
5662 1627992152 0 7 $GNGGA,120232.000,4423.57808,N,00855.87450,E,1,10,0.9,8.1,M,44.7,M,,*41
5663 1627992153 0 7 $GNGGA,120233.000,4423.57820,N,00855.87359,E,1,10,0.9,7.9,M,44.7,M,,*43
5664 1627992154 0 3 2.56 0.00
5665 1627992154 0 4 2.54 1.40
5666 1627992154 0 5 0.02
5667 1627992154 0 6 0.06
5668 1627992154 0 8 4.98 12.30 11.84
5669 1627992154 0 1 0.703
5670 1627992154 0 7 $GNGGA,120234.000,4423.57839,N,00855.87268,E,1,10,0.9,8.0,M,44.7,M,,*49
5671 1627992155 0 0 25.95 8.29 156.8 61.37 102.4 6.38 177.9 16.9 183.8 2.67 41.22 14.6
5672 1627992155 0 7 $GNGGA,120235.000,4423.57866,N,00855.87167,E,1,10,0.9,8.1,M,44.7,M,,*4F
5673 1627992156 0 7 $GNGGA,120236.000,4423.57881,N,00855.87056,E,1,10,0.9,8.2,M,44.7,M,,*45
5674 1627992157 0 3 2.56 0.00
5675 1627992157 0 4 2.54 1.39
5676 1627992157 0 5 0.02
5677 1627992157 0 6 0.07
5678 1627992157 0 8 4.98 12.28 11.87
5679 1627992157 0 1 0.733
5680 1627992157 0 7 $GNGGA,120237.000,4423.57900,N,00855.86943,E,1,10,0.9,7.9,M,44.7,M,,*44
5681 1627992158 0 0 25.96 8.29 156.8 61.37 102.4 6.38 178.0 16.9 183.4 2.68 41.23 14.6
5682 1627992158 0 7 $GNGGA,120238.000,4423.57922,N,00855.86832,E,1,10,0.9,7.7,M,44.7,M,,*42
5683 1627992159 0 7 $GNGGA,120239.000,4423.57948,N,00855.86725,E,1,10,0.9,7.4,M,44.7,M,,*45
5684 1627992160 0 3 2.56 0.00
5685 1627992160 0 4 2.54 1.39
5686 1627992160 0 5 0.02
5687 1627992160 0 6 0.08
5688 1627992160 0 8 4.98 12.31 11.87
5689 1627992160 0 1 0.796
5690 1627992160 0 7 $GNGGA,120240.000,4423.57980,N,00855.86637,E,1,10,0.9,7.2,M,44.7,M,,*4B
5691 1627992161 0 0 25.98 8.29 156.8 61.38 102.4 6.38 177.8 16.9 182.6 2.74 41.23 14.6
5692 1627992161 0 7 $GNGGA,120241.000,4423.58035,N,00855.86521,E,1,10,0.9,7.3,M,44.7,M,,*47
5693 1627992162 0 7 $GNGGA,120242.000,4423.58079,N,00855.86412,E,1,10,0.9,7.0,M,44.7,M,,*4E
5694 1627992163 0 3 2.56 0.00
5695 1627992163 0 4 2.54 1.39
5696 1627992163 0 5 0.02
5697 1627992163 0 6 0.08
5698 1627992163 0 8 4.98 12.30 11.87
5699 1627992163 0 1 0.895
5700 1627992163 0 7 $GNGGA,120243.000,4423.58112,N,00855.86299,E,1,10,0.9,6.3,M,44.7,M,,*44
5701 1627992164 0 0 25.93 8.29 156.7 61.38 102.4 6.38 178.2 16.9 183.5 2.73 41.23 14.7
5702 1627992164 0 7 $GNGGA,120244.000,4423.58146,N,00855.86176,E,1,10,0.9,4.9,M,44.7,M,,*48
5703 1627992165 0 7 $GNGGA,120245.000,4423.58164,N,00855.86060,E,1,10,0.9,4.1,M,44.7,M,,*47
5704 1627992166 0 3 2.56 0.00
5705 1627992166 0 4 2.54 1.39
5706 1627992166 0 5 0.02
5707 1627992166 0 6 0.06
5708 1627992166 0 8 4.98 12.30 11.84
5709 1627992166 0 1 0.783
5710 1627992166 0 7 $GNGGA,120246.000,4423.58166,N,00855.85948,E,1,10,0.9,4.2,M,44.7,M,,*45
5711 1627992167 0 0 25.96 8.29 156.7 61.38 102.5 6.38 177.9 16.9 183.0 2.74 41.23 14.7
5712 1627992167 0 7 $GNGGA,120247.000,4423.58163,N,00855.85821,E,1,10,0.9,3.5,M,44.7,M,,*4F
5713 1627992168 0 7 $GNGGA,120248.000,4423.58168,N,00855.85704,E,1,10,0.9,3.2,M,44.7,M,,*44
5714 1627992169 0 3 2.56 0.00
5715 1627992169 0 4 2.54 1.39
5716 1627992169 0 5 0.02
5717 1627992169 0 6 0.07
5718 1627992169 0 8 4.98 12.30 11.87
5719 1627992169 0 1 1.716
5720 1627992169 0 7 $GNGGA,120249.000,4423.58191,N,00855.85611,E,1,09,1.0,4.8,M,44.7,M,,*4B
5721 1627992170 0 0 26.03 8.28 156.7 61.39 102.5 6.38 177.1 16.9 182.4 2.70 41.23 14.6
5722 1627992170 0 7 $GNGGA,120250.000,4423.58195,N,00855.85523,E,1,09,1.0,5.6,M,44.7,M,,*4A
5723 1627992171 0 7 $GNGGA,120251.000,4423.58180,N,00855.85438,E,1,10,0.9,5.7,M,44.7,M,,*45
5724 1627992172 0 3 2.56 0.00
5725 1627992172 0 4 2.54 1.39
5726 1627992172 0 5 0.02
5727 1627992172 0 6 0.06
5728 1627992172 0 8 4.98 12.30 11.87
5729 1627992172 0 1 0.831
5730 1627992172 0 7 $GNGGA,120252.000,4423.58175,N,00855.85346,E,1,10,0.9,6.0,M,44.7,M,,*46
5731 1627992173 0 0 25.99 8.29 156.8 61.55 102.5 6.38 177.3 16.9 183.5 2.69 41.36 14.6
5732 1627992173 0 7 $GNGGA,120253.000,4423.58182,N,00855.85260,E,1,10,0.9,6.6,M,44.7,M,,*4C
5733 1627992174 0 7 $GNGGA,120254.000,4423.58200,N,00855.85171,E,1,10,0.9,7.0,M,44.7,M,,*46
5734 1627992175 0 3 2.56 0.00
5735 1627992175 0 4 2.54 1.39
5736 1627992175 0 5 0.02
5737 1627992175 0 6 0.06
5738 1627992175 0 8 4.98 12.30 11.87
5739 1627992175 0 1 0.868
5740 1627992175 0 7 $GNGGA,120255.000,4423.58220,N,00855.85107,E,1,10,0.9,7.6,M,44.7,M,,*42
5741 1627992176 0 0 25.96 8.29 156.8 61.37 102.5 6.39 177.8 16.9 183.5 2.71 41.23 14.7
5742 1627992176 0 7 $GNGGA,120256.000,4423.58240,N,00855.85037,E,1,10,0.9,7.8,M,44.7,M,,*4B
5743 1627992177 0 7 $GNGGA,120257.000,4423.58262,N,00855.84980,E,1,10,0.9,8.2,M,44.7,M,,*4B
5744 1627992178 0 3 2.56 0.00
5745 1627992178 0 4 2.54 1.39
5746 1627992178 0 5 0.02
5747 1627992178 0 6 0.07
5748 1627992178 0 8 4.98 12.30 11.87
5749 1627992178 0 1 0.628
5750 1627992178 0 7 $GNGGA,120258.000,4423.58293,N,00855.84937,E,1,10,0.9,8.6,M,44.7,M,,*42
5751 1627992179 0 0 25.96 8.29 156.7 61.33 102.5 6.39 177.8 16.9 182.9 2.77 41.19 14.7
5752 1627992179 0 7 $GNGGA,120259.000,4423.58333,N,00855.84884,E,1,10,0.9,8.7,M,44.7,M,,*40
5753 1627992180 0 7 $GNGGA,120300.000,4423.58366,N,00855.84840,E,1,10,0.9,8.9,M,44.7,M,,*4B
5754 1627992181 0 3 2.56 0.00
5755 1627992181 0 4 2.54 1.39
5756 1627992181 0 5 0.02
5757 1627992181 0 6 0.07
5758 1627992181 0 8 4.98 12.30 11.87
5759 1627992181 0 1 0.667
5760 1627992181 0 7 $GNGGA,120301.000,4423.58379,N,00855.84804,E,1,10,0.9,9.4,M,44.7,M,,*48
5761 1627992182 0 0 25.98 8.29 156.8 61.41 102.5 6.38 177.7 16.9 182.7 2.70 41.26 14.6
5762 1627992182 0 7 $GNGGA,120302.000,4423.58380,N,00855.84746,E,1,10,0.9,9.1,M,44.7,M,,*41
5763 1627992183 0 7 $GNGGA,120303.000,4423.58394,N,00855.84679,E,1,10,0.9,9.3,M,44.7,M,,*4A
5764 1627992184 0 3 2.56 0.00
5765 1627992184 0 4 2.54 1.39
5766 1627992184 0 5 0.02
5767 1627992184 0 6 0.07
5768 1627992184 0 8 4.98 12.30 11.87
5769 1627992184 0 1 0.652
5770 1627992184 0 7 $GNGGA,120304.000,4423.58393,N,00855.84619,E,1,10,0.9,9.9,M,44.7,M,,*46
5771 1627992185 0 0 26.01 8.29 156.8 61.42 102.5 6.38 177.3 16.9 181.5 2.71 41.26 14.6
5772 1627992185 0 7 $GNGGA,120305.000,4423.58373,N,00855.84570,E,1,10,0.9,10.4,M,44.7,M,,*70
5773 1627992186 0 7 $GNGGA,120306.000,4423.58346,N,00855.84527,E,1,10,0.9,10.7,M,44.7,M,,*74
5774 1627992187 0 3 2.56 0.00
5775 1627992187 0 4 2.54 1.39
5776 1627992187 0 5 0.02
5777 1627992187 0 6 0.07
5778 1627992187 0 8 4.98 12.30 11.84
5779 1627992187 0 1 0.812
5780 1627992187 0 7 $GNGGA,120307.000,4423.58348,N,00855.84461,E,1,10,0.9,11.5,M,44.7,M,,*7B
5781 1627992188 0 0 26.06 8.28 156.8 61.45 102.5 6.38 177.0 16.9 182.2 2.76 41.28 14.6
5782 1627992188 0 7 $GNGGA,120308.000,4423.58344,N,00855.84394,E,1,10,0.9,12.2,M,44.7,M,,*71
5783 1627992189 0 2 0.04330000 2.22939991 1.20070004 0.01710000 2.65300011 0.00390000 0.04120000 0.19190000 1.00000000 90.95700073
5784 1627992189 0 7 $GNGGA,120309.000,4423.58337,N,00855.84328,E,1,10,0.9,12.4,M,44.7,M,,*75
5785 1627992190 0 3 2.56 0.00
5786 1627992190 0 4 2.54 1.39
5787 1627992190 0 5 0.02
5788 1627992190 0 6 0.07
5789 1627992190 0 8 4.98 12.30 11.87
5790 1627992190 0 1 0.993
5791 1627992190 0 7 $GNGGA,120310.000,4423.58352,N,00855.84250,E,1,10,0.9,12.0,M,44.7,M,,*74
5792 1627992191 0 0 26.00 8.29 156.7 61.49 102.6 6.38 177.5 16.9 183.3 2.63 41.32 14.6
5793 1627992191 0 7 $GNGGA,120311.000,4423.58371,N,00855.84163,E,1,10,0.9,11.8,M,44.7,M,,*7C
5794 1627992192 0 7 $GNGGA,120312.000,4423.58382,N,00855.84070,E,1,10,0.9,12.0,M,44.7,M,,*7B
5795 1627992193 0 3 2.56 0.00
5796 1627992193 0 4 2.54 1.39
5797 1627992193 0 5 0.02
5798 1627992193 0 6 0.07
5799 1627992193 0 8 4.98 12.30 11.87
5800 1627992193 0 1 0.816
5801 1627992193 0 7 $GNGGA,120313.000,4423.58391,N,00855.84002,E,1,10,0.9,12.0,M,44.7,M,,*7D
5802 1627992194 0 0 26.06 8.28 156.7 61.33 102.6 6.38 177.2 17.0 181.4 2.60 41.19 14.6
5803 1627992194 0 7 $GNGGA,120314.000,4423.58406,N,00855.83937,E,1,10,0.9,12.1,M,44.7,M,,*7A
5804 1627992195 0 7 $GNGGA,120315.000,4423.58407,N,00855.83864,E,1,10,0.9,11.4,M,44.7,M,,*7B
5805 1627992196 0 3 2.56 0.00
5806 1627992196 0 4 2.54 1.39
5807 1627992196 0 5 0.02
5808 1627992196 0 6 0.06
5809 1627992196 0 8 4.98 12.31 11.84
5810 1627992196 0 1 1.522
5811 1627992196 0 7 $GNGGA,120316.000,4423.58405,N,00855.83793,E,1,10,0.9,11.1,M,44.7,M,,*78
5812 1627992197 0 0 26.01 8.29 156.8 61.53 102.6 6.38 177.8 16.9 183.3 2.60 41.35 14.7
5813 1627992197 0 7 $GNGGA,120317.000,4423.58399,N,00855.83713,E,1,10,0.9,10.3,M,44.7,M,,*70
5814 1627992198 0 7 $GNGGA,120318.000,4423.58413,N,00855.83641,E,1,10,0.9,10.2,M,44.7,M,,*7D
5815 1627992199 0 3 2.56 0.00
5816 1627992199 0 4 2.54 1.39
5817 1627992199 0 5 0.02
5818 1627992199 0 6 0.05
5819 1627992199 0 8 4.98 12.30 11.87
5820 1627992199 0 1 0.817
5821 1627992199 0 7 $GNGGA,120319.000,4423.58427,N,00855.83535,E,1,10,0.9,10.0,M,44.7,M,,*79
5822 1627992200 0 0 25.98 8.29 156.8 61.37 102.6 6.39 178.0 16.9 182.8 2.58 41.22 14.7
5823 1627992200 0 7 $GNGGA,120320.000,4423.58436,N,00855.83439,E,1,10,0.9,10.1,M,44.7,M,,*7F
5824 1627992201 0 7 $GNGGA,120321.000,4423.58451,N,00855.83325,E,1,10,0.9,10.8,M,44.7,M,,*7C
5825 1627992202 0 3 2.56 0.00
5826 1627992202 0 4 2.54 1.39
5827 1627992202 0 5 0.02
5828 1627992202 0 6 0.05
5829 1627992202 0 8 4.98 12.30 11.84
5830 1627992202 0 1 0.806
5831 1627992202 0 7 $GNGGA,120322.000,4423.58447,N,00855.83210,E,1,10,0.9,11.4,M,44.7,M,,*72
5832 1627992203 0 0 26.03 8.29 156.8 61.44 102.5 6.38 177.2 16.9 182.9 2.56 41.28 14.6
5833 1627992203 0 7 $GNGGA,120323.000,4423.58454,N,00855.83124,E,1,10,0.9,12.2,M,44.7,M,,*70
5834 1627992204 0 7 $GNGGA,120324.000,4423.58480,N,00855.83015,E,1,10,0.9,12.9,M,44.7,M,,*76
5835 1627992205 0 3 2.56 0.00
5836 1627992205 0 4 2.54 1.39
5837 1627992205 0 5 0.02
5838 1627992205 0 6 0.06
5839 1627992205 0 8 4.98 12.31 11.87
5840 1627992205 0 1 0.916
5841 1627992205 0 7 $GNGGA,120325.000,4423.58537,N,00855.82881,E,1,10,0.9,13.9,M,44.7,M,,*7F
5842 1627992206 0 0 26.07 8.28 156.7 61.39 102.5 6.38 176.9 16.9 180.9 2.60 41.24 14.6
5843 1627992206 0 7 $GNGGA,120326.000,4423.58587,N,00855.82757,E,1,10,0.9,14.2,M,44.7,M,,*7F
5844 1627992207 0 7 $GNGGA,120327.000,4423.58639,N,00855.82641,E,1,10,0.9,14.7,M,44.7,M,,*7B
5845 1627992208 0 3 2.56 0.00
5846 1627992208 0 4 2.54 1.39
5847 1627992208 0 5 0.02
5848 1627992208 0 6 0.07
5849 1627992208 0 8 4.98 12.33 11.87
5850 1627992208 0 1 0.913
5851 1627992208 0 7 $GNGGA,120328.000,4423.58676,N,00855.82542,E,1,10,0.9,15.0,M,44.7,M,,*79
5852 1627992209 0 0 26.12 8.28 156.8 61.45 102.5 6.37 176.6 17.0 181.1 2.57 41.28 14.6
5853 1627992209 0 7 $GNGGA,120329.000,4423.58684,N,00855.82434,E,1,10,0.9,14.8,M,44.7,M,,*7C
5854 1627992210 0 7 $GNGGA,120330.000,4423.58697,N,00855.82335,E,1,10,0.9,14.7,M,44.7,M,,*7F
5855 1627992211 0 3 2.56 0.00
5856 1627992211 0 4 2.54 1.39
5857 1627992211 0 5 0.02
5858 1627992211 0 6 0.09
5859 1627992211 0 8 4.98 12.32 11.87
5860 1627992211 0 1 0.885
5861 1627992211 0 7 $GNGGA,120331.000,4423.58734,N,00855.82217,E,1,10,0.9,14.4,M,44.7,M,,*74
5862 1627992212 0 0 26.13 8.28 156.8 61.48 102.5 6.37 176.8 17.0 181.4 2.57 41.31 14.6
5863 1627992212 0 7 $GNGGA,120332.000,4423.58778,N,00855.82108,E,1,10,0.9,14.3,M,44.7,M,,*75
5864 1627992213 0 7 $GNGGA,120333.000,4423.58836,N,00855.82009,E,1,10,0.9,14.0,M,44.7,M,,*72
5865 1627992214 0 3 2.56 0.00
5866 1627992214 0 4 2.54 1.39
5867 1627992214 0 5 0.02
5868 1627992214 0 6 0.07
5869 1627992214 0 8 4.98 12.33 11.87
5870 1627992214 0 1 0.962
5871 1627992214 0 7 $GNGGA,120334.000,4423.58873,N,00855.81899,E,1,10,0.9,12.9,M,44.7,M,,*79
5872 1627992215 0 0 26.04 8.28 156.8 61.50 102.6 6.38 177.5 16.9 182.8 2.55 41.32 14.6
5873 1627992215 0 7 $GNGGA,120335.000,4423.58933,N,00855.81803,E,1,10,0.9,12.5,M,44.7,M,,*72
5874 1627992216 0 7 $GNGGA,120336.000,4423.58984,N,00855.81705,E,1,10,0.9,12.0,M,44.7,M,,*71
5875 1627992217 0 3 2.56 0.00
5876 1627992217 0 4 2.54 1.39
5877 1627992217 0 5 0.02
5878 1627992217 0 6 0.06
5879 1627992217 0 8 4.98 12.32 11.87
5880 1627992217 0 1 1.125
5881 1627992217 0 7 $GNGGA,120337.000,4423.59018,N,00855.81622,E,1,10,0.9,11.5,M,44.7,M,,*7F
5882 1627992218 0 0 26.02 8.28 156.7 61.43 102.5 6.38 177.8 16.9 182.4 2.53 41.27 14.6
5883 1627992218 0 7 $GNGGA,120338.000,4423.59047,N,00855.81521,E,1,10,0.9,11.2,M,44.7,M,,*7D
5884 1627992219 0 7 $GNGGA,120339.000,4423.59039,N,00855.81453,E,1,10,0.9,11.2,M,44.7,M,,*71
5885 1627992220 0 3 2.56 0.00
5886 1627992220 0 4 2.54 1.39
5887 1627992220 0 5 0.02
5888 1627992220 0 6 0.06
5889 1627992220 0 8 4.98 12.32 11.87
5890 1627992220 0 1 1.071
5891 1627992220 0 7 $GNGGA,120340.000,4423.59023,N,00855.81395,E,1,10,0.9,11.9,M,44.7,M,,*72
5892 1627992221 0 0 26.10 8.28 156.7 61.43 102.5 6.37 177.0 17.0 180.6 2.63 41.26 14.6
5893 1627992221 0 7 $GNGGA,120341.000,4423.59014,N,00855.81355,E,1,10,0.9,12.2,M,44.7,M,,*73
5894 1627992222 0 7 $GNGGA,120342.000,4423.59036,N,00855.81282,E,1,10,0.9,12.5,M,44.7,M,,*7C
5895 1627992223 0 3 2.56 0.00
5896 1627992223 0 4 2.54 1.39
5897 1627992223 0 5 0.02
5898 1627992223 0 6 0.06
5899 1627992223 0 8 4.98 12.32 11.87
5900 1627992223 0 1 1.631
5901 1627992223 0 7 $GNGGA,120343.000,4423.59063,N,00855.81223,E,1,10,0.9,13.0,M,44.7,M,,*72
5902 1627992224 0 0 26.16 8.28 156.8 61.55 102.5 6.36 176.3 17.0 181.0 2.69 41.36 14.5
5903 1627992224 0 7 $GNGGA,120344.000,4423.59088,N,00855.81204,E,1,10,0.9,13.4,M,44.7,M,,*71
5904 1627992225 0 7 $GNGGA,120345.000,4423.59115,N,00855.81214,E,1,10,0.9,14.4,M,44.7,M,,*73
5905 1627992226 0 3 2.56 0.00
5906 1627992226 0 4 2.54 1.39
5907 1627992226 0 5 0.02
5908 1627992226 0 6 0.08
5909 1627992226 0 8 4.98 12.32 11.87
5910 1627992226 0 1 1.065
5911 1627992226 0 7 $GNGGA,120346.000,4423.59137,N,00855.81215,E,1,10,0.9,15.1,M,44.7,M,,*75
5912 1627992227 0 0 26.11 8.28 156.8 61.52 102.5 6.37 177.3 16.9 181.1 2.63 41.34 14.6
5913 1627992227 0 7 $GNGGA,120347.000,4423.59167,N,00855.81207,E,1,10,0.9,15.7,M,44.7,M,,*74
5914 1627992228 0 7 $GNGGA,120348.000,4423.59209,N,00855.81179,E,1,10,0.9,16.0,M,44.7,M,,*7E
5915 1627992229 0 3 2.56 0.00
5916 1627992229 0 4 2.54 1.39
5917 1627992229 0 5 0.02
5918 1627992229 0 6 0.09
5919 1627992229 0 8 4.98 12.33 11.87
5920 1627992229 0 1 1.055
5921 1627992229 0 7 $GNGGA,120349.000,4423.59257,N,00855.81098,E,1,10,0.9,16.0,M,44.7,M,,*7A
5922 1627992230 0 0 26.17 8.28 156.7 61.47 102.5 6.36 176.6 17.0 180.8 2.59 41.29 14.6
5923 1627992230 0 7 $GNGGA,120350.000,4423.59302,N,00855.81053,E,1,10,0.9,16.4,M,44.7,M,,*70
5924 1627992231 0 7 $GNGGA,120351.000,4423.59360,N,00855.81024,E,1,10,0.9,17.0,M,44.7,M,,*70
5925 1627992232 0 3 2.56 0.00
5926 1627992232 0 4 2.54 1.39
5927 1627992232 0 5 0.02
5928 1627992232 0 6 0.06
5929 1627992232 0 8 4.98 12.33 11.87
5930 1627992232 0 1 1.041
5931 1627992232 0 7 $GNGGA,120352.000,4423.59413,N,00855.80985,E,1,10,0.9,17.7,M,44.7,M,,*74
5932 1627992233 0 0 26.18 8.28 156.8 61.61 102.5 6.36 176.5 17.0 181.2 2.69 41.40 14.6
5933 1627992233 0 7 $GNGGA,120353.000,4423.59469,N,00855.80916,E,1,10,0.9,18.7,M,44.7,M,,*7D
5934 1627992234 0 7 $GNGGA,120354.000,4423.59532,N,00855.80816,E,1,10,0.9,18.7,M,44.7,M,,*74
5935 1627992235 0 3 2.56 0.00
5936 1627992235 0 4 2.54 1.39
5937 1627992235 0 5 0.02
5938 1627992235 0 6 0.07
5939 1627992235 0 8 4.98 12.32 11.84
5940 1627992235 0 1 1.159
5941 1627992235 0 7 $GNGGA,120355.000,4423.59594,N,00855.80712,E,1,10,0.9,18.6,M,44.7,M,,*73
5942 1627992236 0 0 26.16 8.28 156.7 61.51 102.5 6.36 176.6 17.0 181.6 2.80 41.33 14.6
5943 1627992236 0 7 $GNGGA,120356.000,4423.59660,N,00855.80628,E,1,10,0.9,19.4,M,44.7,M,,*73
5944 1627992237 0 7 $GNGGA,120357.000,4423.59718,N,00855.80559,E,1,10,0.9,19.9,M,44.7,M,,*74
5945 1627992238 0 3 2.56 0.00
5946 1627992238 0 4 2.54 1.39
5947 1627992238 0 5 0.02
5948 1627992238 0 6 0.06
5949 1627992238 0 8 4.98 12.32 11.87
5950 1627992238 0 1 1.057
5951 1627992238 0 7 $GNGGA,120358.000,4423.59783,N,00855.80461,E,1,10,0.9,20.0,M,44.7,M,,*70
5952 1627992238 0 0 26.17 8.28 156.8 61.52 102.5 6.36 176.7 17.0 181.2 2.65 41.34 14.6
5953 1627992239 0 7 $GNGGA,120359.000,4423.59847,N,00855.80359,E,1,10,0.9,20.0,M,44.7,M,,*7A
5954 1627992240 0 7 $GNGGA,120400.000,4423.59904,N,00855.80269,E,1,10,0.9,19.9,M,44.7,M,,*76
5955 1627992241 0 3 2.56 0.00
5956 1627992241 0 4 2.54 1.39
5957 1627992241 0 5 0.02
5958 1627992241 0 6 0.12
5959 1627992241 0 8 4.98 12.32 11.87
5960 1627992241 0 1 1.103
5961 1627992241 0 7 $GNGGA,120401.000,4423.59952,N,00855.80210,E,1,10,0.9,20.2,M,44.7,M,,*7B
5962 1627992241 0 0 26.19 8.28 156.7 61.54 102.6 6.36 176.6 17.0 181.4 2.63 41.35 14.5
5963 1627992242 0 7 $GNGGA,120402.000,4423.60003,N,00855.80176,E,1,10,0.9,20.8,M,44.7,M,,*76
5964 1627992243 0 7 $GNGGA,120403.000,4423.60057,N,00855.80152,E,1,10,0.9,21.2,M,44.7,M,,*7B
5965 1627992244 0 3 2.56 0.00
5966 1627992244 0 4 2.54 1.39
5967 1627992244 0 5 0.02
5968 1627992244 0 6 0.07
5969 1627992244 0 8 4.98 12.31 11.84
5970 1627992244 0 1 1.488
5971 1627992244 0 7 $GNGGA,120404.000,4423.60110,N,00855.80137,E,1,10,0.9,21.9,M,44.7,M,,*76
5972 1627992244 0 0 26.17 8.28 156.8 61.53 102.6 6.36 176.8 16.9 182.2 2.75 41.34 14.6
5973 1627992245 0 7 $GNGGA,120405.000,4423.60148,N,00855.80131,E,1,10,0.9,22.5,M,44.7,M,,*73
5974 1627992246 0 7 $GNGGA,120406.000,4423.60184,N,00855.80095,E,1,10,0.9,22.9,M,44.7,M,,*73
5975 1627992247 0 3 2.56 0.00
5976 1627992247 0 4 2.54 1.39
5977 1627992247 0 5 0.02
5978 1627992247 0 6 0.05
5979 1627992247 0 8 4.98 12.32 11.87
5980 1627992247 0 1 1.102
5981 1627992247 0 7 $GNGGA,120407.000,4423.60235,N,00855.80031,E,1,10,0.9,23.5,M,44.7,M,,*78
5982 1627992247 0 0 26.14 8.28 156.8 61.48 102.6 6.37 177.1 16.9 182.5 2.73 41.30 14.6
5983 1627992248 0 7 $GNGGA,120408.000,4423.60288,N,00855.79948,E,1,10,0.9,23.6,M,44.7,M,,*73
5984 1627992249 0 7 $GNGGA,120409.000,4423.60318,N,00855.79899,E,1,10,0.9,24.0,M,44.7,M,,*76
5985 1627992250 0 3 2.56 0.00
5986 1627992250 0 4 2.54 1.39
5987 1627992250 0 5 0.02
5988 1627992250 0 6 0.05
5989 1627992250 0 8 4.98 12.18 11.84
5990 1627992250 0 1 1.861
5991 1627992250 0 7 $GNGGA,120410.000,4423.60373,N,00855.79797,E,1,10,0.9,23.8,M,44.7,M,,*7D
5992 1627992250 0 0 26.07 8.28 156.8 61.56 102.6 6.37 177.8 16.9 183.6 2.66 41.37 14.6
5993 1627992251 0 7 $GNGGA,120411.000,4423.60433,N,00855.79702,E,1,10,0.9,23.9,M,44.7,M,,*72
5994 1627992252 0 7 $GNGGA,120412.000,4423.60484,N,00855.79609,E,1,10,0.9,24.0,M,44.7,M,,*79
5995 1627992253 0 3 2.56 0.00
5996 1627992253 0 4 2.54 1.39
5997 1627992253 0 5 0.02
5998 1627992253 0 6 0.06
5999 1627992253 0 8 4.98 12.18 11.87
6000 1627992253 0 1 0.991
6001 1627992253 0 7 $GNGGA,120413.000,4423.60522,N,00855.79521,E,1,10,0.9,24.3,M,44.7,M,,*7F
6002 1627992254 0 0 26.08 8.28 156.8 61.44 102.5 6.37 178.0 16.9 181.6 2.63 41.27 14.7
6003 1627992254 0 7 $GNGGA,120414.000,4423.60541,N,00855.79462,E,1,10,0.9,24.9,M,44.7,M,,*71
6004 1627992255 0 7 $GNGGA,120415.000,4423.60561,N,00855.79392,E,1,10,0.9,25.9,M,44.7,M,,*7B
6005 1627992256 0 3 2.56 0.00
6006 1627992256 0 4 2.54 1.39
6007 1627992256 0 5 0.02
6008 1627992256 0 6 0.07
6009 1627992256 0 8 4.98 12.32 11.84
6010 1627992256 0 1 1.201
6011 1627992256 0 7 $GNGGA,120416.000,4423.60592,N,00855.79291,E,1,10,0.9,27.2,M,44.7,M,,*7F
6012 1627992256 0 0 26.11 8.28 156.8 61.45 102.5 6.37 177.8 17.0 181.2 2.71 41.28 14.7
6013 1627992257 0 7 $GNGGA,120417.000,4423.60639,N,00855.79183,E,1,10,0.9,28.5,M,44.7,M,,*74
6014 1627992258 0 7 $GNGGA,120418.000,4423.60719,N,00855.79070,E,1,10,0.9,30.1,M,44.7,M,,*78
6015 1627992259 0 3 2.56 0.00
6016 1627992259 0 4 2.54 1.39
6017 1627992259 0 5 0.02
6018 1627992259 0 6 0.06
6019 1627992259 0 8 4.98 12.17 11.84
6020 1627992259 0 1 1.057
6021 1627992259 0 7 $GNGGA,120419.000,4423.60790,N,00855.79007,E,1,10,0.9,31.4,M,44.7,M,,*7C
6022 1627992259 0 0 26.21 8.28 156.7 61.51 102.5 6.36 176.3 17.0 181.1 2.75 41.32 14.6
6023 1627992260 0 7 $GNGGA,120420.000,4423.60847,N,00855.78958,E,1,10,0.9,32.8,M,44.7,M,,*7E
6024 1627992261 0 7 $GNGGA,120421.000,4423.60872,N,00855.78934,E,1,10,0.9,34.5,M,44.7,M,,*78
6025 1627992262 0 3 2.56 0.00
6026 1627992262 0 4 2.54 1.39
6027 1627992262 0 5 0.02
6028 1627992262 0 6 0.07
6029 1627992262 0 8 4.98 12.33 11.87
6030 1627992262 0 1 1.155
6031 1627992262 0 7 $GNGGA,120422.000,4423.60904,N,00855.78892,E,1,10,0.9,36.3,M,44.7,M,,*72
6032 1627992262 0 0 26.18 8.28 156.8 61.47 102.5 6.36 176.6 17.0 183.2 2.70 41.29 14.5
6033 1627992263 0 7 $GNGGA,120423.000,4423.60945,N,00855.78839,E,1,10,0.9,37.8,M,44.7,M,,*7D
6034 1627992264 0 7 $GNGGA,120424.000,4423.60984,N,00855.78795,E,1,10,0.9,39.6,M,44.7,M,,*7E
6035 1627992265 0 3 2.56 0.00
6036 1627992265 0 4 2.54 1.39
6037 1627992265 0 5 0.02
6038 1627992265 0 6 0.09
6039 1627992265 0 8 4.98 12.32 11.84
6040 1627992265 0 1 1.140
6041 1627992265 0 7 $GNGGA,120425.000,4423.61024,N,00855.78739,E,1,10,0.9,41.3,M,44.7,M,,*71
6042 1627992265 0 0 26.21 8.28 156.8 61.52 102.5 6.35 176.4 17.0 181.7 2.66 41.33 14.5
6043 1627992266 0 7 $GNGGA,120426.000,4423.61101,N,00855.78650,E,1,10,0.9,41.7,M,44.7,M,,*7E
6044 1627992267 0 7 $GNGGA,120427.000,4423.61192,N,00855.78548,E,1,10,0.9,42.2,M,44.7,M,,*79
6045 1627992268 0 3 2.56 0.00
6046 1627992268 0 4 2.54 1.39
6047 1627992268 0 5 0.02
6048 1627992268 0 6 0.07
6049 1627992268 0 8 4.98 12.17 11.84
6050 1627992268 0 1 1.155
6051 1627992268 0 7 $GNGGA,120428.000,4423.61280,N,00855.78440,E,1,10,0.9,42.6,M,44.7,M,,*7B
6052 1627992269 0 0 26.20 8.28 156.8 61.49 102.5 6.36 176.7 17.0 182.0 2.65 41.31 14.5
6053 1627992269 0 7 $GNGGA,120429.000,4423.61365,N,00855.78336,E,1,10,0.9,42.4,M,44.7,M,,*74
6054 1627992270 0 7 $GNGGA,120430.000,4423.61443,N,00855.78236,E,1,10,0.9,41.2,M,44.7,M,,*7B
6055 1627992271 0 3 2.56 0.00
6056 1627992271 0 4 2.54 1.39
6057 1627992271 0 5 0.02
6058 1627992271 0 6 0.07
6059 1627992271 0 8 4.98 12.32 11.84
6060 1627992271 0 1 1.420
6061 1627992271 0 7 $GNGGA,120431.000,4423.61504,N,00855.78150,E,1,10,0.9,41.6,M,44.7,M,,*7F
6062 1627992271 0 0 26.20 8.28 156.8 61.56 102.5 6.36 176.7 17.0 183.3 2.69 41.36 14.6
6063 1627992272 0 7 $GNGGA,120432.000,4423.61575,N,00855.78054,E,1,10,0.9,40.5,M,44.7,M,,*7D
6064 1627992273 0 7 $GNGGA,120433.000,4423.61634,N,00855.77975,E,1,10,0.9,41.2,M,44.7,M,,*79
6065 1627992274 0 3 2.56 0.00
6066 1627992274 0 4 2.54 1.39
6067 1627992274 0 5 0.02
6068 1627992274 0 6 0.06
6069 1627992274 0 8 4.98 12.32 11.84
6070 1627992274 0 1 0.956
6071 1627992274 0 7 $GNGGA,120434.000,4423.61692,N,00855.77885,E,1,10,0.9,41.9,M,44.7,M,,*77
6072 1627992274 0 0 26.07 8.28 156.8 61.44 102.5 6.37 178.2 16.9 183.6 2.68 41.28 14.7
6073 1627992275 0 7 $GNGGA,120435.000,4423.61754,N,00855.77789,E,1,10,0.9,42.2,M,44.7,M,,*76
6074 1627992276 0 7 $GNGGA,120436.000,4423.61818,N,00855.77701,E,1,10,0.9,42.3,M,44.7,M,,*73
6075 1627992277 0 3 2.56 0.00
6076 1627992277 0 4 2.54 1.39
6077 1627992277 0 5 0.02
6078 1627992277 0 6 0.07
6079 1627992277 0 8 4.98 12.33 11.84
6080 1627992277 0 1 1.783
6081 1627992277 0 7 $GNGGA,120437.000,4423.61894,N,00855.77598,E,1,10,0.9,42.3,M,44.7,M,,*74
6082 1627992277 0 0 26.10 8.28 156.8 61.52 102.5 6.37 177.3 16.9 184.2 2.66 41.33 14.6
6083 1627992278 0 7 $GNGGA,120438.000,4423.61963,N,00855.77506,E,1,10,0.9,42.5,M,44.7,M,,*73
6084 1627992279 0 7 $GNGGA,120439.000,4423.62022,N,00855.77410,E,1,10,0.9,42.3,M,44.7,M,,*7D
6085 1627992280 0 3 2.56 0.00
6086 1627992280 0 4 2.54 1.39
6087 1627992280 0 5 0.02
6088 1627992280 0 6 0.08
6089 1627992280 0 8 4.98 12.33 11.87
6090 1627992280 0 1 1.318
6091 1627992280 0 7 $GNGGA,120440.000,4423.62086,N,00855.77287,E,1,10,0.9,41.9,M,44.7,M,,*7C
6092 1627992280 0 0 26.15 8.28 156.7 61.44 102.5 6.36 177.1 17.0 182.5 2.68 41.27 14.6
6093 1627992281 0 7 $GNGGA,120441.000,4423.62143,N,00855.77179,E,1,10,0.9,41.6,M,44.7,M,,*78
6094 1627992282 0 7 $GNGGA,120442.000,4423.62199,N,00855.77081,E,1,10,0.9,41.2,M,44.7,M,,*7E
6095 1627992283 0 3 2.56 0.00
6096 1627992283 0 4 2.54 1.39
6097 1627992283 0 5 0.02
6098 1627992283 0 6 0.07
6099 1627992283 0 8 4.98 12.31 11.87
6100 1627992283 0 1 1.267
6101 1627992283 0 7 $GNGGA,120443.000,4423.62249,N,00855.76995,E,1,10,0.9,40.2,M,44.7,M,,*7D
6102 1627992284 0 0 26.20 8.28 156.7 61.47 102.5 6.36 176.7 17.0 182.3 2.69 41.30 14.6
6103 1627992284 0 7 $GNGGA,120444.000,4423.62290,N,00855.76928,E,1,10,0.9,38.6,M,44.7,M,,*73
6104 1627992285 0 7 $GNGGA,120445.000,4423.62328,N,00855.76856,E,1,10,0.9,37.0,M,44.7,M,,*71
6105 1627992286 0 3 2.56 0.00
6106 1627992286 0 4 2.54 1.39
6107 1627992286 0 5 0.02
6108 1627992286 0 6 0.08
6109 1627992286 0 8 4.98 12.33 11.87
6110 1627992286 0 1 1.130
6111 1627992286 0 7 $GNGGA,120446.000,4423.62379,N,00855.76776,E,1,10,0.9,36.0,M,44.7,M,,*7A
6112 1627992287 0 0 26.22 8.28 156.7 61.50 102.5 6.35 176.6 17.0 182.0 2.71 41.32 14.6
6113 1627992287 0 7 $GNGGA,120447.000,4423.62447,N,00855.76702,E,1,10,0.9,35.0,M,44.7,M,,*71
6114 1627992288 0 7 $GNGGA,120448.000,4423.62519,N,00855.76645,E,1,10,0.9,34.2,M,44.7,M,,*75
6115 1627992289 0 3 2.56 0.00
6116 1627992289 0 4 2.54 1.39
6117 1627992289 0 5 0.02
6118 1627992289 0 6 0.06
6119 1627992289 0 8 4.98 12.32 11.87
6120 1627992289 0 1 1.303
6121 1627992289 0 7 $GNGGA,120449.000,4423.62583,N,00855.76569,E,1,10,0.9,33.4,M,44.7,M,,*7B
6122 1627992290 0 0 26.16 8.28 156.7 61.52 102.5 6.36 177.7 17.0 182.8 2.68 41.33 14.7
6123 1627992290 0 7 $GNGGA,120450.000,4423.62653,N,00855.76521,E,1,10,0.9,32.4,M,44.7,M,,*70
6124 1627992291 0 7 $GNGGA,120451.000,4423.62742,N,00855.76505,E,1,10,0.9,31.5,M,44.7,M,,*74
6125 1627992292 0 3 2.56 0.00
6126 1627992292 0 4 2.54 1.39
6127 1627992292 0 5 0.02
6128 1627992292 0 6 0.06
6129 1627992292 0 8 4.98 12.32 11.87
6130 1627992292 0 1 1.184
6131 1627992292 0 7 $GNGGA,120452.000,4423.62832,N,00855.76492,E,1,10,0.9,30.4,M,44.7,M,,*70
6132 1627992293 0 0 26.13 8.28 156.7 61.53 102.5 6.36 177.6 17.0 183.8 2.71 41.34 14.6
6133 1627992293 0 7 $GNGGA,120453.000,4423.62913,N,00855.76491,E,1,10,0.9,29.5,M,44.7,M,,*79
6134 1627992294 0 7 $GNGGA,120454.000,4423.62986,N,00855.76500,E,1,10,0.9,28.8,M,44.7,M,,*77
6135 1627992295 0 3 2.56 0.00
6136 1627992295 0 4 2.54 1.39
6137 1627992295 0 5 0.02
6138 1627992295 0 6 0.08
6139 1627992295 0 8 4.97 12.32 11.84
6140 1627992295 0 1 1.251
6141 1627992295 0 7 $GNGGA,120455.000,4423.63072,N,00855.76476,E,1,10,0.9,28.3,M,44.7,M,,*7E
6142 1627992296 0 0 26.14 8.28 156.8 61.57 102.5 6.36 177.1 17.0 183.9 2.68 41.37 14.6
6143 1627992296 0 7 $GNGGA,120456.000,4423.63158,N,00855.76435,E,1,10,0.9,28.0,M,44.7,M,,*70
6144 1627992297 0 7 $GNGGA,120457.000,4423.63237,N,00855.76399,E,1,10,0.9,28.6,M,44.7,M,,*7C
6145 1627992298 0 3 2.56 0.00
6146 1627992298 0 4 2.54 1.39
6147 1627992298 0 5 0.02
6148 1627992298 0 6 0.06
6149 1627992298 0 8 4.98 12.32 11.87
6150 1627992298 0 1 1.444
6151 1627992298 0 7 $GNGGA,120458.000,4423.63328,N,00855.76334,E,1,10,0.9,28.3,M,44.7,M,,*7E
6152 1627992299 0 0 26.13 8.28 156.8 61.57 102.5 6.36 177.1 16.9 184.4 2.62 41.38 14.6
6153 1627992299 0 7 $GNGGA,120459.000,4423.63396,N,00855.76297,E,1,10,0.9,28.2,M,44.7,M,,*73
6154 1627992300 0 7 $GNGGA,120500.000,4423.63465,N,00855.76207,E,1,10,0.9,26.5,M,44.7,M,,*75
6155 1627992301 0 3 2.56 0.00
6156 1627992301 0 4 2.54 1.40
6157 1627992301 0 5 0.02
6158 1627992301 0 6 0.07
6159 1627992301 0 8 4.98 12.32 11.87
6160 1627992301 0 1 1.240
6161 1627992301 0 7 $GNGGA,120501.000,4423.63532,N,00855.76130,E,1,10,0.9,25.5,M,44.7,M,,*73
6162 1627992302 0 0 26.18 8.28 156.8 61.45 102.5 6.36 177.2 17.0 183.0 2.67 41.28 14.6
6163 1627992302 0 7 $GNGGA,120502.000,4423.63597,N,00855.76043,E,1,10,0.9,24.4,M,44.7,M,,*7A
6164 1627992303 0 7 $GNGGA,120503.000,4423.63657,N,00855.75966,E,1,10,0.9,23.6,M,44.7,M,,*7C
6165 1627992304 0 3 2.56 0.00
6166 1627992304 0 4 2.54 1.41
6167 1627992304 0 5 0.02
6168 1627992304 0 6 0.08
6169 1627992304 0 8 4.98 12.32 11.87
6170 1627992304 0 1 2.106
6171 1627992304 0 7 $GNGGA,120504.000,4423.63726,N,00855.75889,E,1,10,0.9,22.4,M,44.7,M,,*7F
6172 1627992305 0 0 26.19 8.28 156.8 61.52 102.5 6.36 177.0 17.0 182.8 2.67 41.33 14.6
6173 1627992305 0 7 $GNGGA,120505.000,4423.63794,N,00855.75801,E,1,10,0.9,21.0,M,44.7,M,,*70
6174 1627992306 0 7 $GNGGA,120506.000,4423.63867,N,00855.75709,E,1,10,0.9,18.8,M,44.7,M,,*75
6175 1627992307 0 3 2.56 0.00
6176 1627992307 0 4 2.54 1.41
6177 1627992307 0 5 0.02
6178 1627992307 0 6 0.06
6179 1627992307 0 8 4.98 12.32 11.87
6180 1627992307 0 1 1.197
6181 1627992307 0 7 $GNGGA,120507.000,4423.63924,N,00855.75640,E,1,10,0.9,18.4,M,44.7,M,,*72
6182 1627992308 0 0 26.20 8.28 156.8 61.41 102.6 6.36 177.1 17.0 182.8 2.65 41.25 14.6
6183 1627992308 0 7 $GNGGA,120508.000,4423.63983,N,00855.75555,E,1,10,0.9,17.9,M,44.7,M,,*75
6184 1627992309 0 2 0.04400000 2.45190000 1.15330004 0.01890000 2.63879990 0.00380000 0.04190000 0.19499999 1.00000000 90.79799652
6185 1627992309 0 7 $GNGGA,120509.000,4423.64049,N,00855.75438,E,1,10,0.9,17.1,M,44.7,M,,*7E
6186 1627992310 0 3 2.56 0.00
6187 1627992310 0 4 2.54 1.41
6188 1627992310 0 5 0.02
6189 1627992310 0 6 0.07
6190 1627992310 0 8 4.98 12.32 11.87
6191 1627992310 0 1 1.097
6192 1627992310 0 7 $GNGGA,120510.000,4423.64125,N,00855.75332,E,1,10,0.9,16.6,M,44.7,M,,*76
6193 1627992311 0 0 26.14 8.28 156.7 61.46 102.6 6.37 177.8 16.9 184.5 2.53 41.29 14.7
6194 1627992311 0 7 $GNGGA,120511.000,4423.64199,N,00855.75236,E,1,10,0.9,16.2,M,44.7,M,,*71
6195 1627992312 0 7 $GNGGA,120512.000,4423.64264,N,00855.75139,E,1,10,0.9,15.8,M,44.7,M,,*76
6196 1627992313 0 3 2.56 0.00
6197 1627992313 0 4 2.54 1.41
6198 1627992313 0 5 0.02
6199 1627992313 0 6 0.06
6200 1627992313 0 8 4.98 12.32 11.87
6201 1627992313 0 1 1.097
6202 1627992313 0 7 $GNGGA,120513.000,4423.64332,N,00855.74994,E,1,10,0.9,15.3,M,44.7,M,,*70
6203 1627992314 0 0 26.15 8.28 156.8 61.43 102.6 6.37 177.6 17.0 183.3 2.59 41.26 14.7
6204 1627992314 0 7 $GNGGA,120514.000,4423.64400,N,00855.74879,E,1,10,0.9,15.0,M,44.7,M,,*70
6205 1627992315 0 7 $GNGGA,120515.000,4423.64468,N,00855.74782,E,1,10,0.9,14.8,M,44.7,M,,*7D
6206 1627992316 0 3 2.56 0.00
6207 1627992316 0 4 2.54 1.41
6208 1627992316 0 5 0.02
6209 1627992316 0 6 0.05
6210 1627992316 0 8 4.98 12.33 11.84
6211 1627992316 0 1 1.088
6212 1627992316 0 7 $GNGGA,120516.000,4423.64528,N,00855.74710,E,1,10,0.9,14.0,M,44.7,M,,*78
6213 1627992317 0 0 26.10 8.28 156.8 61.48 102.6 6.38 177.8 16.9 184.5 2.65 41.31 14.7
6214 1627992317 0 7 $GNGGA,120517.000,4423.64584,N,00855.74652,E,1,10,0.9,14.0,M,44.7,M,,*78
6215 1627992318 0 7 $GNGGA,120518.000,4423.64632,N,00855.74607,E,1,10,0.9,13.7,M,44.7,M,,*79
6216 1627992319 0 3 2.56 0.00
6217 1627992319 0 4 2.54 1.41
6218 1627992319 0 5 0.02
6219 1627992319 0 6 0.05
6220 1627992319 0 8 4.98 12.33 11.87
6221 1627992319 0 1 0.993
6222 1627992319 0 7 $GNGGA,120519.000,4423.64662,N,00855.74579,E,1,10,0.9,14.6,M,44.7,M,,*71
6223 1627992320 0 0 26.08 8.28 156.8 61.42 102.6 6.38 177.9 16.9 184.9 2.53 41.26 14.6
6224 1627992320 0 7 $GNGGA,120520.000,4423.64697,N,00855.74519,E,1,10,0.9,15.2,M,44.7,M,,*72
6225 1627992321 0 7 $GNGGA,120521.000,4423.64754,N,00855.74386,E,1,10,0.9,15.2,M,44.7,M,,*7D
6226 1627992322 0 3 2.56 0.00
6227 1627992322 0 4 2.54 1.41
6228 1627992322 0 5 0.02
6229 1627992322 0 6 0.07
6230 1627992322 0 8 4.98 12.35 11.87
6231 1627992322 0 1 1.145
6232 1627992322 0 7 $GNGGA,120522.000,4423.64807,N,00855.74299,E,1,10,0.9,16.3,M,44.7,M,,*7A
6233 1627992323 0 0 26.13 8.28 156.7 61.43 102.6 6.38 177.3 17.0 183.5 2.51 41.27 14.7
6234 1627992323 0 7 $GNGGA,120523.000,4423.64879,N,00855.74166,E,1,10,0.9,16.1,M,44.7,M,,*73
6235 1627992324 0 7 $GNGGA,120524.000,4423.64946,N,00855.74062,E,1,10,0.9,16.6,M,44.7,M,,*7B
6236 1627992325 0 3 2.56 0.00
6237 1627992325 0 4 2.54 1.41
6238 1627992325 0 5 0.02
6239 1627992325 0 6 0.08
6240 1627992325 0 8 4.98 12.35 11.87
6241 1627992325 0 1 1.376
6242 1627992325 0 7 $GNGGA,120525.000,4423.65003,N,00855.74003,E,1,10,0.9,17.3,M,44.7,M,,*70
6243 1627992326 0 0 26.11 8.28 156.8 61.45 102.7 6.38 177.7 17.0 184.4 2.64 41.28 14.6
6244 1627992326 0 7 $GNGGA,120526.000,4423.65058,N,00855.73888,E,1,10,0.9,16.9,M,44.7,M,,*7A
6245 1627992327 0 7 $GNGGA,120527.000,4423.65091,N,00855.73823,E,1,10,0.9,16.9,M,44.7,M,,*7F
6246 1627992328 0 3 2.56 0.00
6247 1627992328 0 4 2.54 1.41
6248 1627992328 0 5 0.02
6249 1627992328 0 6 0.07
6250 1627992328 0 8 4.98 12.36 11.87
6251 1627992328 0 1 1.059
6252 1627992328 0 7 $GNGGA,120528.000,4423.65123,N,00855.73710,E,1,10,0.9,17.0,M,44.7,M,,*7F
6253 1627992329 0 0 26.11 8.28 156.8 61.43 102.7 6.38 177.5 17.0 184.7 2.62 41.26 14.7
6254 1627992329 0 7 $GNGGA,120529.000,4423.65148,N,00855.73611,E,1,10,0.9,16.8,M,44.7,M,,*7A
6255 1627992330 0 7 $GNGGA,120530.000,4423.65180,N,00855.73511,E,1,10,0.9,17.0,M,44.7,M,,*7C
6256 1627992331 0 3 2.56 0.00
6257 1627992331 0 4 2.54 1.41
6258 1627992331 0 5 0.02
6259 1627992331 0 6 0.09
6260 1627992331 0 8 4.98 12.35 11.87
6261 1627992331 0 1 1.835
6262 1627992331 0 7 $GNGGA,120531.000,4423.65215,N,00855.73402,E,1,10,0.9,17.1,M,44.7,M,,*70
6263 1627992332 0 0 26.08 8.28 156.8 61.42 102.7 6.38 177.8 16.9 184.8 2.55 41.26 14.7
6264 1627992332 0 7 $GNGGA,120532.000,4423.65255,N,00855.73301,E,1,10,0.9,17.5,M,44.7,M,,*77
6265 1627992333 0 7 $GNGGA,120533.000,4423.65307,N,00855.73227,E,1,10,0.9,17.8,M,44.7,M,,*78
6266 1627992334 0 3 2.56 0.00
6267 1627992334 0 4 2.54 1.41
6268 1627992334 0 5 0.02
6269 1627992334 0 6 0.07
6270 1627992334 0 8 4.98 12.35 11.87
6271 1627992334 0 1 0.966
6272 1627992334 0 7 $GNGGA,120534.000,4423.65356,N,00855.73161,E,1,10,0.9,18.2,M,44.7,M,,*7F
6273 1627992335 0 0 26.07 8.28 156.7 61.49 102.7 6.38 177.7 16.9 184.8 2.57 41.32 14.7
6274 1627992335 0 7 $GNGGA,120535.000,4423.65422,N,00855.73012,E,1,10,0.9,17.2,M,44.7,M,,*70
6275 1627992336 0 7 $GNGGA,120536.000,4423.65486,N,00855.72879,E,1,10,0.9,17.1,M,44.7,M,,*7A
6276 1627992337 0 3 2.56 0.00
6277 1627992337 0 4 2.54 1.41
6278 1627992337 0 5 0.02
6279 1627992337 0 6 0.07
6280 1627992337 0 8 4.98 12.35 11.87
6281 1627992337 0 1 1.012
6282 1627992337 0 7 $GNGGA,120537.000,4423.65551,N,00855.72757,E,1,10,0.9,17.1,M,44.7,M,,*73
6283 1627992338 0 0 26.08 8.28 156.8 61.42 102.7 6.38 177.8 16.9 184.3 2.65 41.26 14.7
6284 1627992338 0 7 $GNGGA,120538.000,4423.65628,N,00855.72606,E,1,10,0.9,16.6,M,44.7,M,,*72
6285 1627992339 0 7 $GNGGA,120539.000,4423.65708,N,00855.72479,E,1,10,0.9,16.5,M,44.7,M,,*79
6286 1627992340 0 3 2.56 0.00
6287 1627992340 0 4 2.54 1.41
6288 1627992340 0 5 0.02
6289 1627992340 0 6 0.05
6290 1627992340 0 8 4.98 12.35 11.87
6291 1627992340 0 1 0.899
6292 1627992340 0 7 $GNGGA,120540.000,4423.65772,N,00855.72381,E,1,10,0.9,16.4,M,44.7,M,,*7B
6293 1627992341 0 0 26.09 8.28 156.7 61.46 102.7 6.38 177.7 16.9 184.4 2.65 41.29 14.7
6294 1627992341 0 7 $GNGGA,120541.000,4423.65824,N,00855.72287,E,1,10,0.9,16.2,M,44.7,M,,*77
6295 1627992342 0 7 $GNGGA,120542.000,4423.65855,N,00855.72168,E,1,10,0.9,15.7,M,44.7,M,,*76
6296 1627992343 0 3 2.56 0.00
6297 1627992343 0 4 2.54 1.41
6298 1627992343 0 5 0.02
6299 1627992343 0 6 0.06
6300 1627992343 0 8 4.98 12.35 11.87
6301 1627992343 0 1 0.984
6302 1627992343 0 7 $GNGGA,120543.000,4423.65875,N,00855.72030,E,1,10,0.9,15.2,M,44.7,M,,*7C
6303 1627992344 0 0 26.10 8.28 156.8 61.48 102.7 6.38 177.7 17.0 184.5 2.57 41.30 14.7
6304 1627992344 0 7 $GNGGA,120544.000,4423.65903,N,00855.71838,E,1,10,0.9,14.2,M,44.7,M,,*79
6305 1627992345 0 7 $GNGGA,120545.000,4423.65923,N,00855.71648,E,1,10,0.9,13.4,M,44.7,M,,*72
6306 1627992346 0 3 2.56 0.00
6307 1627992346 0 4 2.54 1.41
6308 1627992346 0 5 0.02
6309 1627992346 0 6 0.08
6310 1627992346 0 8 4.98 12.35 11.87
6311 1627992346 0 1 0.865
6312 1627992346 0 7 $GNGGA,120546.000,4423.65929,N,00855.71516,E,1,10,0.9,12.9,M,44.7,M,,*7F
6313 1627992347 0 0 26.09 8.28 156.8 61.51 102.7 6.38 177.5 17.0 184.1 2.61 41.33 14.7
6314 1627992347 0 7 $GNGGA,120547.000,4423.65953,N,00855.71396,E,1,10,0.9,12.5,M,44.7,M,,*71
6315 1627992348 0 7 $GNGGA,120548.000,4423.65976,N,00855.71281,E,1,10,0.9,12.1,M,44.7,M,,*7A
6316 1627992349 0 3 2.56 0.00
6317 1627992349 0 4 2.54 1.41
6318 1627992349 0 5 0.02
6319 1627992349 0 6 0.09
6320 1627992349 0 8 4.98 12.35 11.87
6321 1627992349 0 1 0.886
6322 1627992349 0 7 $GNGGA,120549.000,4423.65999,N,00855.71185,E,1,10,0.9,11.6,M,44.7,M,,*79
6323 1627992350 0 0 26.17 8.28 156.8 61.44 102.7 6.37 176.6 17.0 182.7 2.66 41.27 14.5
6324 1627992350 0 7 $GNGGA,120550.000,4423.66019,N,00855.71100,E,1,10,0.9,11.2,M,44.7,M,,*7A
6325 1627992351 0 7 $GNGGA,120551.000,4423.66064,N,00855.70980,E,1,10,0.9,10.8,M,44.7,M,,*7B
6326 1627992352 0 3 2.56 0.00
6327 1627992352 0 4 2.54 1.41
6328 1627992352 0 5 0.02
6329 1627992352 0 6 0.07
6330 1627992352 0 8 4.98 12.35 11.87
6331 1627992352 0 1 1.279
6332 1627992352 0 7 $GNGGA,120552.000,4423.66147,N,00855.70771,E,1,10,0.9,10.6,M,44.7,M,,*76
6333 1627992353 0 0 26.20 8.28 156.8 61.50 102.7 6.37 176.7 17.0 182.6 2.72 41.31 14.5
6334 1627992353 0 7 $GNGGA,120553.000,4423.66211,N,00855.70595,E,1,10,0.9,10.4,M,44.7,M,,*7D
6335 1627992354 0 7 $GNGGA,120554.000,4423.66276,N,00855.70447,E,1,10,0.9,10.5,M,44.7,M,,*74
6336 1627992355 0 3 2.56 0.00
6337 1627992355 0 4 2.54 1.40
6338 1627992355 0 5 0.02
6339 1627992355 0 6 0.07
6340 1627992355 0 8 4.98 12.35 11.87
6341 1627992355 0 1 1.077
6342 1627992355 0 7 $GNGGA,120555.000,4423.66329,N,00855.70317,E,1,10,0.9,10.3,M,44.7,M,,*7A
6343 1627992356 0 0 26.20 8.28 156.8 61.56 102.7 6.37 176.5 17.0 183.1 2.71 41.36 14.5
6344 1627992356 0 7 $GNGGA,120556.000,4423.66385,N,00855.70190,E,1,10,0.9,10.8,M,44.7,M,,*79
6345 1627992357 0 7 $GNGGA,120557.000,4423.66433,N,00855.70074,E,1,10,0.9,10.7,M,44.7,M,,*76
6346 1627992358 0 3 2.56 0.00
6347 1627992358 0 4 2.54 1.40
6348 1627992358 0 5 0.02
6349 1627992358 0 6 0.07
6350 1627992358 0 8 4.98 12.35 11.87
6351 1627992358 0 1 1.861
6352 1627992358 0 7 $GNGGA,120558.000,4423.66508,N,00855.69939,E,1,10,0.9,11.6,M,44.7,M,,*78
6353 1627992359 0 0 26.19 8.28 156.8 61.46 102.7 6.37 176.7 17.0 183.5 2.76 41.29 14.5
6354 1627992359 0 7 $GNGGA,120559.000,4423.66571,N,00855.69820,E,1,10,0.9,11.8,M,44.7,M,,*70
6355 1627992360 0 7 $GNGGA,120600.000,4423.66635,N,00855.69684,E,1,10,0.9,12.1,M,44.7,M,,*76
6356 1627992361 0 3 2.56 0.00
6357 1627992361 0 4 2.54 1.39
6358 1627992361 0 5 0.02
6359 1627992361 0 6 0.07
6360 1627992361 0 8 4.98 12.35 11.87
6361 1627992361 0 1 1.055
6362 1627992361 0 7 $GNGGA,120601.000,4423.66708,N,00855.69563,E,1,10,0.9,12.3,M,44.7,M,,*70
6363 1627992362 0 0 26.19 8.28 156.8 61.49 102.7 6.37 176.8 17.0 183.6 2.74 41.31 14.5
6364 1627992362 0 7 $GNGGA,120602.000,4423.66816,N,00855.69423,E,1,10,0.9,12.5,M,44.7,M,,*70
6365 1627992363 0 7 $GNGGA,120603.000,4423.66911,N,00855.69337,E,1,10,0.9,12.8,M,44.7,M,,*78
6366 1627992364 0 3 2.56 0.00
6367 1627992364 0 4 2.54 1.40
6368 1627992364 0 5 0.02
6369 1627992364 0 6 0.06
6370 1627992364 0 8 4.98 12.35 11.87
6371 1627992364 0 1 0.989
6372 1627992364 0 7 $GNGGA,120604.000,4423.66998,N,00855.69251,E,1,10,0.9,12.5,M,44.7,M,,*72
6373 1627992365 0 0 26.17 8.28 156.8 61.44 102.6 6.37 177.4 17.0 183.1 2.70 41.27 14.7
6374 1627992365 0 7 $GNGGA,120605.000,4423.67093,N,00855.69167,E,1,10,0.9,12.7,M,44.7,M,,*74
6375 1627992366 0 7 $GNGGA,120606.000,4423.67181,N,00855.69059,E,1,10,0.9,12.8,M,44.7,M,,*76
6376 1627992367 0 3 2.56 0.00
6377 1627992367 0 4 2.54 1.40
6378 1627992367 0 5 0.02
6379 1627992367 0 6 0.05
6380 1627992367 0 8 4.98 12.35 11.87
6381 1627992367 0 1 0.978
6382 1627992367 0 7 $GNGGA,120607.000,4423.67253,N,00855.68926,E,1,10,0.9,12.9,M,44.7,M,,*7A
6383 1627992368 0 0 26.21 8.28 156.8 61.47 102.6 6.36 176.7 17.0 183.2 2.73 41.30 14.5
6384 1627992368 0 7 $GNGGA,120608.000,4423.67312,N,00855.68800,E,1,10,0.9,13.3,M,44.7,M,,*7F
6385 1627992369 0 7 $GNGGA,120609.000,4423.67363,N,00855.68648,E,1,10,0.9,13.9,M,44.7,M,,*70
6386 1627992370 0 3 2.56 0.00
6387 1627992370 0 4 2.54 1.40
6388 1627992370 0 5 0.02
6389 1627992370 0 6 0.09
6390 1627992370 0 8 4.98 12.20 11.84
6391 1627992370 0 1 0.976
6392 1627992370 0 7 $GNGGA,120610.000,4423.67416,N,00855.68487,E,1,10,0.9,13.7,M,44.7,M,,*72
6393 1627992371 0 0 26.17 8.28 156.8 61.48 102.6 6.37 177.1 17.0 183.6 2.78 41.30 14.6
6394 1627992371 0 7 $GNGGA,120611.000,4423.67480,N,00855.68341,E,1,10,0.9,13.9,M,44.7,M,,*7F
6395 1627992372 0 7 $GNGGA,120612.000,4423.67553,N,00855.68186,E,1,10,0.9,14.0,M,44.7,M,,*74
6396 1627992373 0 3 2.56 0.00
6397 1627992373 0 4 2.54 1.40
6398 1627992373 0 5 0.02
6399 1627992373 0 6 0.07
6400 1627992373 0 8 4.98 12.21 11.87
6401 1627992373 0 1 0.897
6402 1627992373 0 7 $GNGGA,120613.000,4423.67631,N,00855.68064,E,1,10,0.9,14.8,M,44.7,M,,*77
6403 1627992374 0 0 26.18 8.28 156.8 61.49 102.6 6.36 177.1 17.0 183.5 2.70 41.31 14.6
6404 1627992374 0 7 $GNGGA,120614.000,4423.67709,N,00855.67942,E,1,10,0.9,15.2,M,44.7,M,,*73
6405 1627992375 0 7 $GNGGA,120615.000,4423.67796,N,00855.67840,E,1,10,0.9,15.5,M,44.7,M,,*70
6406 1627992376 0 3 2.56 0.00
6407 1627992376 0 4 2.54 1.40
6408 1627992376 0 5 0.02
6409 1627992376 0 6 0.09
6410 1627992376 0 8 4.98 12.34 11.87
6411 1627992376 0 1 0.993
6412 1627992376 0 7 $GNGGA,120616.000,4423.67885,N,00855.67745,E,1,10,0.9,15.5,M,44.7,M,,*74
6413 1627992377 0 0 26.19 8.28 156.8 61.46 102.5 6.36 177.0 17.0 183.7 2.66 41.28 14.6
6414 1627992377 0 7 $GNGGA,120617.000,4423.67961,N,00855.67647,E,1,10,0.9,15.5,M,44.7,M,,*7D
6415 1627992378 0 7 $GNGGA,120618.000,4423.68036,N,00855.67523,E,1,10,0.9,15.5,M,44.7,M,,*77
6416 1627992379 0 3 2.56 0.00
6417 1627992379 0 4 2.54 1.40
6418 1627992379 0 5 0.02
6419 1627992379 0 6 0.06
6420 1627992379 0 8 4.98 12.20 11.84
6421 1627992379 0 1 1.222
6422 1627992379 0 7 $GNGGA,120619.000,4423.68111,N,00855.67400,E,1,10,0.9,16.3,M,44.7,M,,*77
6423 1627992380 0 0 26.18 8.28 156.8 61.47 102.5 6.36 177.2 17.0 184.1 2.69 41.29 14.6
6424 1627992380 0 7 $GNGGA,120620.000,4423.68179,N,00855.67305,E,1,10,0.9,16.3,M,44.7,M,,*71
6425 1627992381 0 7 $GNGGA,120621.000,4423.68246,N,00855.67213,E,1,10,0.9,16.8,M,44.7,M,,*72
6426 1627992382 0 3 2.56 0.00
6427 1627992382 0 4 2.54 1.40
6428 1627992382 0 5 0.02
6429 1627992382 0 6 0.05
6430 1627992382 0 8 4.98 12.36 11.87
6431 1627992382 0 1 1.036
6432 1627992382 0 7 $GNGGA,120622.000,4423.68311,N,00855.67096,E,1,10,0.9,17.1,M,44.7,M,,*75
6433 1627992383 0 0 26.18 8.28 156.8 61.45 102.5 6.36 177.1 17.0 184.0 2.67 41.28 14.6
6434 1627992383 0 7 $GNGGA,120623.000,4423.68374,N,00855.66978,E,1,10,0.9,17.6,M,44.7,M,,*78
6435 1627992384 0 7 $GNGGA,120624.000,4423.68443,N,00855.66843,E,1,10,0.9,18.1,M,44.7,M,,*7D
6436 1627992385 0 3 2.56 0.00
6437 1627992385 0 4 2.54 1.40
6438 1627992385 0 5 0.02
6439 1627992385 0 6 0.05
6440 1627992385 0 8 4.98 12.34 11.84
6441 1627992385 0 1 1.665
6442 1627992385 0 7 $GNGGA,120625.000,4423.68490,N,00855.66735,E,1,10,0.9,18.9,M,44.7,M,,*74
6443 1627992386 0 0 26.18 8.28 156.8 61.51 102.5 6.36 177.0 17.0 183.8 2.61 41.33 14.6
6444 1627992386 0 7 $GNGGA,120626.000,4423.68547,N,00855.66619,E,1,10,0.9,19.6,M,44.7,M,,*7D
6445 1627992387 0 7 $GNGGA,120627.000,4423.68603,N,00855.66525,E,1,10,0.9,19.9,M,44.7,M,,*7C
6446 1627992388 0 3 2.55 0.00
6447 1627992388 0 4 2.54 1.40
6448 1627992388 0 5 0.02
6449 1627992388 0 6 0.07
6450 1627992388 0 8 4.98 12.20 11.84
6451 1627992388 0 1 1.097
6452 1627992388 0 7 $GNGGA,120628.000,4423.68660,N,00855.66443,E,1,10,0.9,20.0,M,44.7,M,,*74
6453 1627992389 0 0 26.17 8.28 156.8 61.49 102.5 6.36 177.4 17.0 184.2 2.62 41.31 14.6
6454 1627992389 0 7 $GNGGA,120629.000,4423.68717,N,00855.66372,E,1,10,0.9,20.4,M,44.7,M,,*75
6455 1627992390 0 7 $GNGGA,120630.000,4423.68779,N,00855.66318,E,1,10,0.9,20.5,M,44.7,M,,*78
6456 1627992391 0 3 2.56 0.00
6457 1627992391 0 4 2.54 1.40
6458 1627992391 0 5 0.02
6459 1627992391 0 6 0.07
6460 1627992391 0 8 4.98 12.35 11.87
6461 1627992391 0 1 1.072
6462 1627992391 0 7 $GNGGA,120631.000,4423.68850,N,00855.66279,E,1,10,0.9,20.6,M,44.7,M,,*78
6463 1627992392 0 0 26.17 8.28 156.8 61.48 102.5 6.36 177.5 17.0 184.3 2.64 41.30 14.6
6464 1627992392 0 7 $GNGGA,120632.000,4423.68930,N,00855.66241,E,1,10,0.9,21.0,M,44.7,M,,*70
6465 1627992393 0 7 $GNGGA,120633.000,4423.68988,N,00855.66215,E,1,10,0.9,21.7,M,44.7,M,,*74
6466 1627992394 0 3 2.56 0.00
6467 1627992394 0 4 2.54 1.40
6468 1627992394 0 5 0.02
6469 1627992394 0 6 0.07
6470 1627992394 0 8 4.98 12.34 11.87
6471 1627992394 0 1 1.138
6472 1627992394 0 7 $GNGGA,120634.000,4423.69033,N,00855.66198,E,1,10,0.9,22.4,M,44.7,M,,*7D
6473 1627992395 0 0 26.20 8.28 156.8 61.44 102.5 6.36 176.9 17.0 184.1 2.60 41.27 14.6
6474 1627992395 0 7 $GNGGA,120635.000,4423.69077,N,00855.66183,E,1,10,0.9,22.7,M,44.7,M,,*75
6475 1627992396 0 7 $GNGGA,120636.000,4423.69127,N,00855.66167,E,1,10,0.9,22.9,M,44.7,M,,*76
6476 1627992397 0 3 2.55 0.00
6477 1627992397 0 4 2.54 1.40
6478 1627992397 0 5 0.02
6479 1627992397 0 6 0.07
6480 1627992397 0 8 4.98 12.35 11.84
6481 1627992397 0 1 1.227
6482 1627992397 0 7 $GNGGA,120637.000,4423.69170,N,00855.66162,E,1,10,0.9,22.7,M,44.7,M,,*7E
6483 1627992398 0 0 26.21 8.28 156.8 61.51 102.5 6.35 177.0 17.0 183.9 2.59 41.32 14.6
6484 1627992398 0 7 $GNGGA,120638.000,4423.69221,N,00855.66141,E,1,10,0.9,22.9,M,44.7,M,,*79
6485 1627992399 0 7 $GNGGA,120639.000,4423.69278,N,00855.66117,E,1,10,0.9,23.3,M,44.7,M,,*7C
6486 1627992400 0 3 2.56 0.00
6487 1627992400 0 4 2.54 1.40
6488 1627992400 0 5 0.02
6489 1627992400 0 6 0.07
6490 1627992400 0 8 4.98 12.35 11.87
6491 1627992400 0 1 1.020
6492 1627992400 0 7 $GNGGA,120640.000,4423.69360,N,00855.66082,E,1,10,0.9,23.6,M,44.7,M,,*72
6493 1627992401 0 0 26.22 8.28 156.8 61.49 102.5 6.35 176.8 17.0 184.0 2.56 41.31 14.6
6494 1627992401 0 7 $GNGGA,120641.000,4423.69444,N,00855.66016,E,1,10,0.9,23.3,M,44.7,M,,*7A
6495 1627992402 0 7 $GNGGA,120642.000,4423.69544,N,00855.65948,E,1,10,0.9,23.3,M,44.7,M,,*79
6496 1627992403 0 3 2.56 0.00
6497 1627992403 0 4 2.54 1.40
6498 1627992403 0 5 0.02
6499 1627992403 0 6 0.06
6500 1627992403 0 8 4.98 12.34 11.87
6501 1627992403 0 1 1.086
6502 1627992403 0 7 $GNGGA,120643.000,4423.69642,N,00855.65886,E,1,10,0.9,22.8,M,44.7,M,,*74
6503 1627992404 0 0 26.23 8.28 156.7 61.47 102.4 6.35 176.8 17.0 184.2 2.47 41.30 14.6
6504 1627992404 0 7 $GNGGA,120644.000,4423.69714,N,00855.65807,E,1,10,0.9,21.6,M,44.7,M,,*75
6505 1627992405 0 7 $GNGGA,120645.000,4423.69762,N,00855.65731,E,1,10,0.9,21.2,M,44.7,M,,*7B
6506 1627992406 0 3 2.56 0.00
6507 1627992406 0 4 2.54 1.40
6508 1627992406 0 5 0.02
6509 1627992406 0 6 0.05
6510 1627992406 0 8 4.98 12.35 11.87
6511 1627992406 0 1 1.265
6512 1627992406 0 7 $GNGGA,120646.000,4423.69824,N,00855.65626,E,1,10,0.9,20.5,M,44.7,M,,*74
6513 1627992407 0 0 26.24 8.28 156.8 61.49 102.4 6.35 176.7 17.0 183.8 2.49 41.31 14.5
6514 1627992407 0 7 $GNGGA,120647.000,4423.69894,N,00855.65523,E,1,10,0.9,20.0,M,44.7,M,,*7D
6515 1627992408 0 7 $GNGGA,120648.000,4423.69949,N,00855.65433,E,1,10,0.9,19.8,M,44.7,M,,*71
6516 1627992409 0 3 2.55 0.00
6517 1627992409 0 4 2.54 1.40
6518 1627992409 0 5 0.02
6519 1627992409 0 6 0.06
6520 1627992409 0 8 4.98 12.34 11.87
6521 1627992409 0 1 1.137
6522 1627992409 0 7 $GNGGA,120649.000,4423.69996,N,00855.65335,E,1,10,0.9,18.8,M,44.7,M,,*72
6523 1627992410 0 0 26.26 8.28 156.8 61.50 102.4 6.34 176.5 17.0 183.3 2.58 41.32 14.5
6524 1627992410 0 7 $GNGGA,120650.000,4423.70047,N,00855.65222,E,1,10,0.9,17.4,M,44.7,M,,*73
6525 1627992411 0 7 $GNGGA,120651.000,4423.70115,N,00855.65124,E,1,10,0.9,16.4,M,44.7,M,,*70
6526 1627992412 0 3 2.56 0.00
6527 1627992412 0 4 2.54 1.41
6528 1627992412 0 5 0.02
6529 1627992412 0 6 0.06
6530 1627992412 0 8 4.98 12.35 11.87
6531 1627992412 0 1 1.823
6532 1627992412 0 7 $GNGGA,120652.000,4423.70195,N,00855.65034,E,1,10,0.9,15.7,M,44.7,M,,*7B
6533 1627992413 0 0 26.26 8.28 156.8 61.51 102.4 6.34 176.5 17.0 183.2 2.58 41.33 14.5
6534 1627992413 0 7 $GNGGA,120653.000,4423.70273,N,00855.64938,E,1,10,0.9,14.5,M,44.7,M,,*76
6535 1627992414 0 7 $GNGGA,120654.000,4423.70349,N,00855.64841,E,1,10,0.9,13.9,M,44.7,M,,*7D
6536 1627992415 0 3 2.56 0.00
6537 1627992415 0 4 2.54 1.40
6538 1627992415 0 5 0.02
6539 1627992415 0 6 0.07
6540 1627992415 0 8 4.98 12.35 11.84
6541 1627992415 0 1 1.209
6542 1627992415 0 7 $GNGGA,120655.000,4423.70413,N,00855.64741,E,1,10,0.9,13.4,M,44.7,M,,*76
6543 1627992416 0 0 26.24 8.28 156.8 61.48 102.3 6.34 176.9 17.0 183.9 2.46 41.30 14.6
6544 1627992416 0 7 $GNGGA,120656.000,4423.70472,N,00855.64656,E,1,10,0.9,13.8,M,44.7,M,,*79
6545 1627992417 0 7 $GNGGA,120657.000,4423.70537,N,00855.64568,E,1,10,0.9,13.3,M,44.7,M,,*7D
6546 1627992418 0 3 2.56 0.00
6547 1627992418 0 4 2.54 1.40
6548 1627992418 0 5 0.02
6549 1627992418 0 6 0.07
6550 1627992418 0 8 4.98 12.35 11.84
6551 1627992418 0 1 1.136
6552 1627992418 0 7 $GNGGA,120658.000,4423.70621,N,00855.64464,E,1,10,0.9,12.7,M,44.7,M,,*7E
6553 1627992419 0 0 26.27 8.28 156.8 61.45 102.3 6.34 176.6 17.0 183.8 2.52 41.28 14.6
6554 1627992419 0 7 $GNGGA,120659.000,4423.70712,N,00855.64366,E,1,10,0.9,11.9,M,44.7,M,,*76
6555 1627992420 0 7 $GNGGA,120700.000,4423.70799,N,00855.64316,E,1,10,0.9,11.4,M,44.7,M,,*72
6556 1627992421 0 3 2.56 0.00
6557 1627992421 0 4 2.54 1.40
6558 1627992421 0 5 0.02
6559 1627992421 0 6 0.07
6560 1627992421 0 8 4.98 12.35 11.87
6561 1627992421 0 1 1.205
6562 1627992421 0 7 $GNGGA,120701.000,4423.70854,N,00855.64306,E,1,10,0.9,11.0,M,44.7,M,,*78
6563 1627992422 0 0 26.29 8.28 156.8 61.46 102.3 6.34 176.6 17.0 183.9 2.64 41.29 14.5
6564 1627992422 0 7 $GNGGA,120702.000,4423.70905,N,00855.64353,E,1,10,0.9,10.5,M,44.7,M,,*7A
6565 1627992423 0 7 $GNGGA,120703.000,4423.70959,N,00855.64363,E,1,10,0.9,10.0,M,44.7,M,,*74
6566 1627992424 0 3 2.56 0.00
6567 1627992424 0 4 2.54 1.40
6568 1627992424 0 5 0.02
6569 1627992424 0 6 0.08
6570 1627992424 0 8 4.98 12.35 11.87
6571 1627992424 0 1 1.079
6572 1627992424 0 7 $GNGGA,120704.000,4423.71039,N,00855.64326,E,1,10,0.9,9.5,M,44.7,M,,*41
6573 1627992425 0 0 26.32 8.28 156.8 61.44 102.3 6.33 176.3 17.0 183.6 2.51 41.27 14.5
6574 1627992425 0 7 $GNGGA,120705.000,4423.71127,N,00855.64262,E,1,10,0.9,9.1,M,44.7,M,,*4B
6575 1627992426 0 7 $GNGGA,120706.000,4423.71216,N,00855.64181,E,1,10,0.9,8.4,M,44.7,M,,*43
6576 1627992427 0 3 2.56 0.00
6577 1627992427 0 4 2.54 1.40
6578 1627992427 0 5 0.02
6579 1627992427 0 6 0.10
6580 1627992427 0 8 4.98 12.35 11.84
6581 1627992427 0 1 1.076
6582 1627992427 0 7 $GNGGA,120707.000,4423.71301,N,00855.64086,E,1,10,0.9,7.5,M,44.7,M,,*4D
6583 1627992428 0 0 26.33 8.27 156.8 61.41 102.2 6.33 176.2 17.1 183.5 2.49 41.24 14.5
6584 1627992428 0 7 $GNGGA,120708.000,4423.71383,N,00855.63980,E,1,10,0.9,7.5,M,44.7,M,,*40
6585 1627992429 0 2 0.04330000 2.03080010 1.18850004 0.01560000 2.65339994 0.00430000 0.03940000 0.19159998 1.00000000 91.32900238
6586 1627992429 0 7 $GNGGA,120709.000,4423.71451,N,00855.63872,E,1,10,0.9,7.6,M,44.7,M,,*46
6587 1627992430 0 3 2.56 0.00
6588 1627992430 0 4 2.54 1.40
6589 1627992430 0 5 0.02
6590 1627992430 0 6 0.06
6591 1627992430 0 8 4.98 12.35 11.87
6592 1627992430 0 1 1.072
6593 1627992430 0 7 $GNGGA,120710.000,4423.71526,N,00855.63775,E,1,10,0.9,6.9,M,44.7,M,,*49
6594 1627992431 0 0 26.33 8.28 156.8 61.39 102.2 6.33 176.3 17.1 183.8 2.56 41.23 14.5
6595 1627992431 0 7 $GNGGA,120711.000,4423.71599,N,00855.63676,E,1,10,0.9,6.5,M,44.7,M,,*42
6596 1627992432 0 7 $GNGGA,120712.000,4423.71661,N,00855.63589,E,1,10,0.9,6.0,M,44.7,M,,*43
6597 1627992433 0 3 2.56 0.00
6598 1627992433 0 4 2.54 1.40
6599 1627992433 0 5 0.02
6600 1627992433 0 6 0.05
6601 1627992433 0 8 4.98 12.35 11.87
6602 1627992433 0 1 1.305
6603 1627992433 0 7 $GNGGA,120713.000,4423.71720,N,00855.63493,E,1,10,0.9,5.6,M,44.7,M,,*49
6604 1627992434 0 0 26.32 8.28 156.8 61.55 102.2 6.33 176.7 17.0 184.2 2.59 41.35 14.5
6605 1627992434 0 7 $GNGGA,120714.000,4423.71778,N,00855.63401,E,1,10,0.9,5.3,M,44.7,M,,*4D
6606 1627992435 0 7 $GNGGA,120715.000,4423.71824,N,00855.63314,E,1,10,0.9,5.2,M,44.7,M,,*48
6607 1627992436 0 3 2.56 0.00
6608 1627992436 0 4 2.54 1.41
6609 1627992436 0 5 0.02
6610 1627992436 0 6 0.06
6611 1627992436 0 8 4.98 12.35 11.87
6612 1627992436 0 1 1.142
6613 1627992436 0 7 $GNGGA,120716.000,4423.71879,N,00855.63234,E,1,10,0.9,4.7,M,44.7,M,,*44
6614 1627992437 0 0 26.33 8.28 156.8 61.45 102.2 6.33 176.3 17.1 184.7 2.47 41.28 14.5
6615 1627992437 0 7 $GNGGA,120717.000,4423.71948,N,00855.63159,E,1,10,0.9,4.2,M,44.7,M,,*4B
6616 1627992438 0 7 $GNGGA,120718.000,4423.72024,N,00855.63074,E,1,10,0.9,3.5,M,44.7,M,,*4A
6617 1627992439 0 3 2.55 0.00
6618 1627992439 0 4 2.54 1.41
6619 1627992439 0 5 0.02
6620 1627992439 0 6 0.06
6621 1627992439 0 8 4.98 12.35 11.87
6622 1627992439 0 1 1.757
6623 1627992439 0 7 $GNGGA,120719.000,4423.72110,N,00855.62994,E,1,10,0.9,3.0,M,44.7,M,,*4E
6624 1627992440 0 0 26.33 8.28 156.8 61.40 102.2 6.33 176.4 17.1 184.3 2.42 41.24 14.5
6625 1627992440 0 7 $GNGGA,120720.000,4423.72183,N,00855.62928,E,1,10,0.9,3.0,M,44.7,M,,*49
6626 1627992441 0 7 $GNGGA,120721.000,4423.72251,N,00855.62833,E,1,10,0.9,2.6,M,44.7,M,,*48
6627 1627992442 0 3 2.56 0.00
6628 1627992442 0 4 2.54 1.40
6629 1627992442 0 5 0.02
6630 1627992442 0 6 0.06
6631 1627992442 0 8 4.98 12.35 11.87
6632 1627992442 0 1 1.141
6633 1627992442 0 7 $GNGGA,120722.000,4423.72317,N,00855.62744,E,1,10,0.9,2.1,M,44.7,M,,*40
6634 1627992443 0 0 26.32 8.27 156.8 61.51 102.1 6.32 176.5 17.0 184.6 2.55 41.33 14.5
6635 1627992443 0 7 $GNGGA,120723.000,4423.72393,N,00855.62676,E,1,10,0.9,1.2,M,44.7,M,,*4D
6636 1627992444 0 7 $GNGGA,120724.000,4423.72470,N,00855.62616,E,1,10,0.9,0.1,M,44.7,M,,*44
6637 1627992445 0 3 2.56 0.00
6638 1627992445 0 4 2.54 1.40
6639 1627992445 0 5 0.02
6640 1627992445 0 6 0.07
6641 1627992445 0 8 4.98 12.35 11.87
6642 1627992445 0 1 1.144
6643 1627992445 0 7 $GNGGA,120725.000,4423.72545,N,00855.62575,E,1,10,0.9,-0.7,M,44.7,M,,*6F
6644 1627992446 0 0 26.27 8.28 156.8 61.44 102.1 6.33 177.0 17.0 185.3 2.58 41.27 14.5
6645 1627992446 0 7 $GNGGA,120726.000,4423.72616,N,00855.62541,E,1,10,0.9,-2.0,M,44.7,M,,*6B
6646 1627992447 0 7 $GNGGA,120727.000,4423.72676,N,00855.62511,E,1,10,0.9,-2.9,M,44.7,M,,*60
6647 1627992448 0 3 2.55 0.00
6648 1627992448 0 4 2.54 1.40
6649 1627992448 0 5 0.02
6650 1627992448 0 6 0.07
6651 1627992448 0 8 4.98 12.35 11.84
6652 1627992448 0 1 1.145
6653 1627992448 0 7 $GNGGA,120728.000,4423.72736,N,00855.62442,E,1,10,0.9,-4.0,M,44.7,M,,*62
6654 1627992449 0 0 26.27 8.28 156.8 61.46 102.1 6.32 177.0 17.0 185.8 2.47 41.28 14.6
6655 1627992449 0 7 $GNGGA,120729.000,4423.72734,N,00855.62449,E,1,10,0.9,-4.1,M,44.7,M,,*6B
6656 1627992450 0 7 $GNGGA,120730.000,4423.72738,N,00855.62443,E,1,10,0.9,-4.5,M,44.7,M,,*61
6657 1627992451 0 3 2.56 0.00
6658 1627992451 0 4 2.54 1.41
6659 1627992451 0 5 0.02
6660 1627992451 0 6 0.07
6661 1627992451 0 8 4.98 12.35 11.87
6662 1627992451 0 1 1.145
6663 1627992451 0 7 $GNGGA,120731.000,4423.72811,N,00855.62376,E,1,09,1.1,1.6,M,44.7,M,,*4F
6664 1627992452 0 0 26.26 8.28 156.8 61.50 102.0 6.32 177.1 17.0 185.0 2.52 41.32 14.5
6665 1627992452 0 7 $GNGGA,120732.000,4423.72880,N,00855.62295,E,1,09,1.1,3.3,M,44.7,M,,*4F
6666 1627992453 0 7 $GNGGA,120733.000,4423.72951,N,00855.62196,E,1,09,1.1,4.1,M,44.7,M,,*46
6667 1627992454 0 3 2.56 0.00
6668 1627992454 0 4 2.54 1.41
6669 1627992454 0 5 0.02
6670 1627992454 0 6 0.05
6671 1627992454 0 8 4.98 12.35 11.87
6672 1627992454 0 1 1.288
6673 1627992454 0 7 $GNGGA,120734.000,4423.73015,N,00855.62090,E,1,09,1.1,4.6,M,44.7,M,,*49
6674 1627992455 0 0 26.23 8.28 156.8 61.55 102.0 6.32 177.4 17.0 186.4 2.53 41.35 14.6
6675 1627992455 0 7 $GNGGA,120735.000,4423.73075,N,00855.61990,E,1,09,1.1,4.9,M,44.7,M,,*4B
6676 1627992456 0 7 $GNGGA,120736.000,4423.73132,N,00855.61897,E,1,09,1.1,5.1,M,44.7,M,,*45
6677 1627992457 0 3 2.55 0.00
6678 1627992457 0 4 2.54 1.41
6679 1627992457 0 5 0.02
6680 1627992457 0 6 0.07
6681 1627992457 0 8 4.98 12.35 11.87
6682 1627992457 0 1 1.330
6683 1627992457 0 7 $GNGGA,120737.000,4423.73180,N,00855.61800,E,1,09,1.1,5.2,M,44.7,M,,*40
6684 1627992458 0 0 26.23 8.28 156.8 61.52 102.0 6.32 177.6 17.0 186.0 2.44 41.33 14.6
6685 1627992458 0 7 $GNGGA,120738.000,4423.73224,N,00855.61711,E,1,09,1.1,5.4,M,44.7,M,,*4B
6686 1627992459 0 7 $GNGGA,120739.000,4423.73283,N,00855.61644,E,1,09,1.1,5.5,M,44.7,M,,*47
6687 1627992460 0 3 2.55 0.00
6688 1627992460 0 4 2.54 1.41
6689 1627992460 0 5 0.03
6690 1627992460 0 6 0.07
6691 1627992460 0 8 4.98 12.35 11.87
6692 1627992460 0 1 1.438
6693 1627992460 0 7 $GNGGA,120740.000,4423.73343,N,00855.61580,E,1,09,1.1,5.6,M,44.7,M,,*4C
6694 1627992461 0 0 26.24 8.28 156.8 61.50 102.0 6.32 177.4 17.0 186.1 2.36 41.32 14.6
6695 1627992461 0 7 $GNGGA,120741.000,4423.73389,N,00855.61514,E,1,09,1.1,5.7,M,44.7,M,,*47
6696 1627992462 0 7 $GNGGA,120742.000,4423.73442,N,00855.61438,E,1,09,1.1,5.8,M,44.7,M,,*44
6697 1627992463 0 3 2.55 0.00
6698 1627992463 0 4 2.54 1.41
6699 1627992463 0 5 0.02
6700 1627992463 0 6 0.06
6701 1627992463 0 8 4.98 12.35 11.87
6702 1627992463 0 1 1.169
6703 1627992463 0 7 $GNGGA,120743.000,4423.73495,N,00855.61341,E,1,10,0.9,5.8,M,44.7,M,,*47
6704 1627992464 0 0 26.25 8.28 156.8 61.44 102.0 6.32 177.4 17.0 186.0 2.38 41.27 14.6
6705 1627992464 0 7 $GNGGA,120744.000,4423.73546,N,00855.61247,E,1,10,0.9,6.0,M,44.7,M,,*43
6706 1627992465 0 7 $GNGGA,120745.000,4423.73592,N,00855.61178,E,1,10,0.9,6.3,M,44.7,M,,*47
6707 1627992466 0 3 2.56 0.00
6708 1627992466 0 4 2.54 1.41
6709 1627992466 0 5 0.02
6710 1627992466 0 6 0.07
6711 1627992466 0 8 4.98 12.35 11.87
6712 1627992466 0 1 1.860
6713 1627992466 0 7 $GNGGA,120746.000,4423.73651,N,00855.61114,E,1,10,0.9,6.7,M,44.7,M,,*46
6714 1627992467 0 0 26.25 8.28 156.8 61.45 102.0 6.32 177.3 17.0 185.2 2.45 41.28 14.6
6715 1627992467 0 7 $GNGGA,120747.000,4423.73717,N,00855.61044,E,1,10,0.9,7.7,M,44.7,M,,*41
6716 1627992468 0 7 $GNGGA,120748.000,4423.73784,N,00855.60961,E,1,10,0.9,9.0,M,44.7,M,,*42
6717 1627992469 0 3 2.55 0.00
6718 1627992469 0 4 2.54 1.41
6719 1627992469 0 5 0.02
6720 1627992469 0 6 0.06
6721 1627992469 0 8 4.98 12.35 11.87
6722 1627992469 0 1 1.352
6723 1627992469 0 7 $GNGGA,120749.000,4423.73850,N,00855.60880,E,1,10,0.9,9.5,M,44.7,M,,*4E
6724 1627992470 0 0 26.25 8.28 156.8 61.45 102.0 6.32 177.2 17.0 185.8 2.45 41.28 14.6
6725 1627992470 0 7 $GNGGA,120750.000,4423.73909,N,00855.60790,E,1,10,0.9,10.2,M,44.7,M,,*7A
6726 1627992471 0 7 $GNGGA,120751.000,4423.73952,N,00855.60692,E,1,10,0.9,10.2,M,44.7,M,,*76
6727 1627992472 0 3 2.55 0.00
6728 1627992472 0 4 2.54 1.41
6729 1627992472 0 5 0.02
6730 1627992472 0 6 0.10
6731 1627992472 0 8 4.98 12.35 11.84
6732 1627992472 0 1 1.398
6733 1627992472 0 7 $GNGGA,120752.000,4423.73990,N,00855.60587,E,1,10,0.9,10.3,M,44.7,M,,*7D
6734 1627992473 0 0 26.26 8.28 156.8 61.43 102.0 6.32 177.3 17.0 185.7 2.51 41.26 14.6
6735 1627992473 0 7 $GNGGA,120753.000,4423.74025,N,00855.60486,E,1,10,0.9,10.5,M,44.7,M,,*7A
6736 1627992474 0 7 $GNGGA,120754.000,4423.74060,N,00855.60385,E,1,10,0.9,10.7,M,44.7,M,,*7A
6737 1627992475 0 3 2.55 0.00
6738 1627992475 0 4 2.54 1.41
6739 1627992475 0 5 0.02
6740 1627992475 0 6 0.07
6741 1627992475 0 8 4.98 12.36 11.87
6742 1627992475 0 1 1.505
6743 1627992475 0 7 $GNGGA,120755.000,4423.74078,N,00855.60297,E,1,10,0.9,11.2,M,44.7,M,,*74
6744 1627992476 0 0 26.25 8.28 156.8 61.47 101.9 6.32 177.2 17.0 186.2 2.50 41.30 14.6
6745 1627992476 0 7 $GNGGA,120756.000,4423.74114,N,00855.60195,E,1,10,0.9,11.4,M,44.7,M,,*7B
6746 1627992477 0 7 $GNGGA,120757.000,4423.74152,N,00855.60092,E,1,10,0.9,11.5,M,44.7,M,,*7F
6747 1627992478 0 3 2.55 0.00
6748 1627992478 0 4 2.54 1.42
6749 1627992478 0 5 0.02
6750 1627992478 0 6 0.07
6751 1627992478 0 8 4.98 12.35 11.87
6752 1627992478 0 1 1.295
6753 1627992478 0 7 $GNGGA,120758.000,4423.74207,N,00855.60000,E,1,10,0.9,12.0,M,44.7,M,,*7E
6754 1627992479 0 0 26.26 8.28 156.8 61.49 101.9 6.31 177.0 17.0 186.0 2.51 41.31 14.6
6755 1627992479 0 7 $GNGGA,120759.000,4423.74273,N,00855.59926,E,1,10,0.9,12.7,M,44.7,M,,*7C
6756 1627992480 0 7 $GNGGA,120800.000,4423.74361,N,00855.59847,E,1,10,0.9,13.4,M,44.7,M,,*79
6757 1627992481 0 3 2.55 0.00
6758 1627992481 0 4 2.54 1.43
6759 1627992481 0 5 0.02
6760 1627992481 0 6 0.06
6761 1627992481 0 8 4.98 12.35 11.84
6762 1627992481 0 1 1.124
6763 1627992481 0 7 $GNGGA,120801.000,4423.74446,N,00855.59781,E,1,10,0.9,13.8,M,44.7,M,,*73
6764 1627992482 0 0 26.26 8.28 156.8 61.45 101.9 6.31 177.2 17.0 186.3 2.54 41.28 14.7
6765 1627992482 0 7 $GNGGA,120802.000,4423.74526,N,00855.59712,E,1,10,0.9,14.2,M,44.7,M,,*70
6766 1627992483 0 7 $GNGGA,120803.000,4423.74611,N,00855.59662,E,1,10,0.9,14.7,M,44.7,M,,*75
6767 1627992484 0 3 2.55 0.00
6768 1627992484 0 4 2.54 1.43
6769 1627992484 0 5 0.02
6770 1627992484 0 6 0.07
6771 1627992484 0 8 4.98 12.35 11.87
6772 1627992484 0 1 1.373
6773 1627992484 0 7 $GNGGA,120804.000,4423.74700,N,00855.59614,E,1,10,0.9,15.1,M,44.7,M,,*75
6774 1627992485 0 0 26.26 8.28 156.8 61.50 101.9 6.31 177.3 17.0 186.3 2.53 41.32 14.6
6775 1627992485 0 7 $GNGGA,120805.000,4423.74793,N,00855.59550,E,1,10,0.9,15.1,M,44.7,M,,*7D
6776 1627992486 0 7 $GNGGA,120806.000,4423.74881,N,00855.59489,E,1,10,0.9,15.1,M,44.7,M,,*77
6777 1627992487 0 3 2.56 0.00
6778 1627992487 0 4 2.54 1.43
6779 1627992487 0 5 0.02
6780 1627992487 0 6 0.06
6781 1627992487 0 8 4.98 12.35 11.87
6782 1627992487 0 1 1.696
6783 1627992487 0 7 $GNGGA,120807.000,4423.74983,N,00855.59426,E,1,10,0.9,15.4,M,44.7,M,,*75
6784 1627992488 0 0 26.25 8.28 156.7 61.38 101.9 6.32 177.4 17.0 186.4 2.53 41.23 14.6
6785 1627992488 0 7 $GNGGA,120808.000,4423.75098,N,00855.59372,E,1,10,0.9,15.4,M,44.7,M,,*7E
6786 1627992489 0 7 $GNGGA,120809.000,4423.75198,N,00855.59320,E,1,10,0.9,15.5,M,44.7,M,,*78
6787 1627992490 0 3 2.55 0.00
6788 1627992490 0 4 2.54 1.43
6789 1627992490 0 5 0.02
6790 1627992490 0 6 0.07
6791 1627992490 0 8 4.98 12.21 11.84
6792 1627992490 0 1 1.327
6793 1627992490 0 7 $GNGGA,120810.000,4423.75310,N,00855.59237,E,1,10,0.9,15.6,M,44.7,M,,*76
6794 1627992491 0 0 26.26 8.28 156.7 61.47 101.9 6.31 177.1 17.0 186.3 2.46 41.29 14.7
6795 1627992491 0 7 $GNGGA,120811.000,4423.75400,N,00855.59177,E,1,10,0.9,15.8,M,44.7,M,,*78
6796 1627992492 0 7 $GNGGA,120812.000,4423.75469,N,00855.59110,E,1,10,0.9,16.5,M,44.7,M,,*7B
6797 1627992493 0 3 2.55 0.00
6798 1627992493 0 4 2.54 1.42
6799 1627992493 0 5 0.02
6800 1627992493 0 6 0.06
6801 1627992493 0 8 4.98 12.20 11.87
6802 1627992493 0 1 1.998
6803 1627992493 0 7 $GNGGA,120813.000,4423.75533,N,00855.59047,E,1,10,0.9,16.6,M,44.7,M,,*74
6804 1627992494 0 0 26.26 8.28 156.7 61.45 101.9 6.31 177.2 17.0 186.5 2.49 41.28 14.6
6805 1627992494 0 7 $GNGGA,120814.000,4423.75607,N,00855.58991,E,1,10,0.9,16.6,M,44.7,M,,*74
6806 1627992495 0 7 $GNGGA,120815.000,4423.75673,N,00855.58945,E,1,10,0.9,16.4,M,44.7,M,,*7D
6807 1627992496 0 3 2.55 0.00
6808 1627992496 0 4 2.54 1.42
6809 1627992496 0 5 0.02
6810 1627992496 0 6 0.07
6811 1627992496 0 8 4.98 12.34 11.84
6812 1627992496 0 1 1.414
6813 1627992496 0 7 $GNGGA,120816.000,4423.75736,N,00855.58896,E,1,10,0.9,16.0,M,44.7,M,,*75
6814 1627992497 0 0 26.26 8.28 156.7 61.45 101.9 6.31 177.3 17.0 186.3 2.54 41.28 14.7
6815 1627992497 0 7 $GNGGA,120817.000,4423.75800,N,00855.58832,E,1,10,0.9,15.8,M,44.7,M,,*7B
6816 1627992498 0 7 $GNGGA,120818.000,4423.75871,N,00855.58750,E,1,10,0.9,15.5,M,44.7,M,,*74
6817 1627992499 0 3 2.55 0.00
6818 1627992499 0 4 2.54 1.42
6819 1627992499 0 5 0.02
6820 1627992499 0 6 0.05
6821 1627992499 0 8 4.98 12.20 11.84
6822 1627992499 0 1 1.438
6823 1627992499 0 7 $GNGGA,120819.000,4423.75934,N,00855.58677,E,1,10,0.9,15.3,M,44.7,M,,*77
6824 1627992500 0 0 26.26 8.28 156.7 61.45 101.9 6.32 177.0 17.0 186.6 2.44 41.28 14.7
6825 1627992500 0 7 $GNGGA,120820.000,4423.75985,N,00855.58625,E,1,10,0.9,15.7,M,44.7,M,,*74
6826 1627992501 0 7 $GNGGA,120821.000,4423.76028,N,00855.58563,E,1,10,0.9,15.6,M,44.7,M,,*78
6827 1627992502 0 3 2.55 0.00
6828 1627992502 0 4 2.54 1.42
6829 1627992502 0 5 0.02
6830 1627992502 0 6 0.06
6831 1627992502 0 8 4.98 12.36 11.87
6832 1627992502 0 1 1.278
6833 1627992502 0 7 $GNGGA,120822.000,4423.76069,N,00855.58479,E,1,10,0.9,15.5,M,44.7,M,,*77
6834 1627992503 0 0 26.26 8.28 156.7 61.59 101.9 6.31 177.1 17.0 186.2 2.44 41.39 14.7
6835 1627992503 0 7 $GNGGA,120823.000,4423.76128,N,00855.58403,E,1,10,0.9,15.7,M,44.7,M,,*7D
6836 1627992504 0 7 $GNGGA,120824.000,4423.76194,N,00855.58340,E,1,10,0.9,16.1,M,44.7,M,,*78
6837 1627992505 0 3 2.55 0.00
6838 1627992505 0 4 2.54 1.42
6839 1627992505 0 5 0.03
6840 1627992505 0 6 0.07
6841 1627992505 0 8 4.98 12.36 11.84
6842 1627992505 0 1 1.143
6843 1627992505 0 7 $GNGGA,120825.000,4423.76286,N,00855.58275,E,1,10,0.9,16.4,M,44.7,M,,*7B
6844 1627992506 0 0 26.27 8.28 156.7 61.43 101.9 6.32 177.1 17.0 186.4 2.50 41.26 14.7
6845 1627992506 0 7 $GNGGA,120826.000,4423.76401,N,00855.58214,E,1,10,0.9,16.0,M,44.7,M,,*72
6846 1627992507 0 7 $GNGGA,120827.000,4423.76500,N,00855.58148,E,1,10,0.9,15.9,M,44.7,M,,*73
6847 1627992508 0 3 2.55 0.00
6848 1627992508 0 4 2.54 1.42
6849 1627992508 0 5 0.02
6850 1627992508 0 6 0.09
6851 1627992508 0 8 4.98 12.20 11.84
6852 1627992508 0 1 1.197
6853 1627992508 0 7 $GNGGA,120828.000,4423.76564,N,00855.58070,E,1,10,0.9,14.8,M,44.7,M,,*74
6854 1627992509 0 0 26.26 8.28 156.7 61.52 102.0 6.32 177.1 17.1 186.6 2.43 41.33 14.7
6855 1627992509 0 7 $GNGGA,120829.000,4423.76622,N,00855.57994,E,1,10,0.9,13.7,M,44.7,M,,*70
6856 1627992510 0 7 $GNGGA,120830.000,4423.76704,N,00855.57904,E,1,10,0.9,13.3,M,44.7,M,,*70
6857 1627992511 0 3 2.55 0.00
6858 1627992511 0 4 2.54 1.42
6859 1627992511 0 5 0.02
6860 1627992511 0 6 0.06
6861 1627992511 0 8 4.98 12.34 11.87
6862 1627992511 0 1 1.213
6863 1627992511 0 7 $GNGGA,120831.000,4423.76797,N,00855.57821,E,1,10,0.9,12.9,M,44.7,M,,*76
6864 1627992512 0 0 26.26 8.28 156.8 61.49 102.0 6.32 177.2 17.0 186.8 2.43 41.31 14.7
6865 1627992512 0 7 $GNGGA,120832.000,4423.76895,N,00855.57761,E,1,10,0.9,12.8,M,44.7,M,,*72
6866 1627992513 0 7 $GNGGA,120833.000,4423.76985,N,00855.57679,E,1,10,0.9,12.5,M,44.7,M,,*76
6867 1627992514 0 3 2.55 0.00
6868 1627992514 0 4 2.54 1.42
6869 1627992514 0 5 0.02
6870 1627992514 0 6 0.05
6871 1627992514 0 8 4.98 12.35 11.87
6872 1627992514 0 1 1.313
6873 1627992514 0 7 $GNGGA,120834.000,4423.77070,N,00855.57593,E,1,10,0.9,12.2,M,44.7,M,,*73
6874 1627992515 0 0 26.26 8.28 156.7 61.55 102.0 6.32 177.3 17.0 186.5 2.48 41.35 14.7
6875 1627992515 0 7 $GNGGA,120835.000,4423.77157,N,00855.57513,E,1,10,0.9,12.3,M,44.7,M,,*7F
6876 1627992516 0 7 $GNGGA,120836.000,4423.77256,N,00855.57454,E,1,10,0.9,12.1,M,44.7,M,,*7E
6877 1627992517 0 3 2.55 0.00
6878 1627992517 0 4 2.54 1.42
6879 1627992517 0 5 0.02
6880 1627992517 0 6 0.05
6881 1627992517 0 8 4.98 12.35 11.87
6882 1627992517 0 1 1.470
6883 1627992517 0 7 $GNGGA,120837.000,4423.77344,N,00855.57410,E,1,10,0.9,11.6,M,44.7,M,,*79
6884 1627992518 0 0 26.26 8.28 156.7 61.61 102.0 6.32 177.2 17.1 186.5 2.42 41.40 14.6
6885 1627992518 0 7 $GNGGA,120838.000,4423.77431,N,00855.57387,E,1,10,0.9,11.3,M,44.7,M,,*7F
6886 1627992519 0 7 $GNGGA,120839.000,4423.77516,N,00855.57363,E,1,10,0.9,11.1,M,44.7,M,,*72
6887 1627992520 0 3 2.55 0.00
6888 1627992520 0 4 2.54 1.41
6889 1627992520 0 5 0.02
6890 1627992520 0 6 0.08
6891 1627992520 0 8 4.98 12.35 11.87
6892 1627992520 0 1 2.290
6893 1627992520 0 7 $GNGGA,120840.000,4423.77600,N,00855.57327,E,1,10,0.9,10.7,M,44.7,M,,*7F
6894 1627992521 0 0 26.27 8.27 156.8 61.52 102.0 6.31 177.0 17.1 186.6 2.35 41.33 14.4
6895 1627992521 0 7 $GNGGA,120841.000,4423.77681,N,00855.57308,E,1,10,0.9,9.7,M,44.7,M,,*42
6896 1627992522 0 7 $GNGGA,120842.000,4423.77761,N,00855.57272,E,1,10,0.9,9.3,M,44.7,M,,*46
6897 1627992523 0 3 2.55 0.00
6898 1627992523 0 4 2.54 1.42
6899 1627992523 0 5 0.02
6900 1627992523 0 6 0.08
6901 1627992523 0 8 4.98 12.34 11.87
6902 1627992523 0 1 1.665
6903 1627992523 0 7 $GNGGA,120843.000,4423.77861,N,00855.57199,E,1,10,0.9,8.6,M,44.7,M,,*4A
6904 1627992524 0 0 26.29 8.27 156.8 61.58 102.0 6.31 177.0 17.1 186.1 2.40 41.37 14.4
6905 1627992524 0 7 $GNGGA,120844.000,4423.77950,N,00855.57115,E,1,10,0.9,7.5,M,44.7,M,,*46
6906 1627992525 0 7 $GNGGA,120845.000,4423.78019,N,00855.57064,E,1,10,0.9,6.8,M,44.7,M,,*47
6907 1627992526 0 3 2.55 0.00
6908 1627992526 0 4 2.54 1.42
6909 1627992526 0 5 0.02
6910 1627992526 0 6 0.06
6911 1627992526 0 8 4.98 12.35 11.87
6912 1627992526 0 1 2.000
6913 1627992526 0 7 $GNGGA,120846.000,4423.78081,N,00855.56990,E,1,10,0.9,6.8,M,44.7,M,,*46
6914 1627992527 0 0 26.31 8.27 156.8 61.55 102.0 6.31 176.7 17.1 186.0 2.42 41.35 14.4
6915 1627992527 0 7 $GNGGA,120847.000,4423.78146,N,00855.56912,E,1,10,0.9,6.3,M,44.7,M,,*4C
6916 1627992528 0 7 $GNGGA,120848.000,4423.78217,N,00855.56842,E,1,10,0.9,5.7,M,44.7,M,,*47
6917 1627992529 0 3 2.55 0.00
6918 1627992529 0 4 2.54 1.42
6919 1627992529 0 5 0.02
6920 1627992529 0 6 0.07
6921 1627992529 0 8 4.98 12.35 11.84
6922 1627992529 0 1 1.877
6923 1627992529 0 7 $GNGGA,120849.000,4423.78281,N,00855.56742,E,1,10,0.9,5.0,M,44.7,M,,*41
6924 1627992530 0 0 26.28 8.27 156.8 61.47 102.0 6.32 177.1 17.1 186.8 2.39 41.29 14.5
6925 1627992530 0 7 $GNGGA,120850.000,4423.78359,N,00855.56680,E,1,10,0.9,4.2,M,44.7,M,,*41
6926 1627992531 0 7 $GNGGA,120851.000,4423.78451,N,00855.56656,E,1,10,0.9,3.9,M,44.7,M,,*48
6927 1627992532 0 3 2.55 0.00
6928 1627992532 0 4 2.54 1.42
6929 1627992532 0 5 0.02
6930 1627992532 0 6 0.07
6931 1627992532 0 8 4.98 12.35 11.87
6932 1627992532 0 1 1.879
6933 1627992532 0 7 $GNGGA,120852.000,4423.78542,N,00855.56604,E,1,10,0.9,3.4,M,44.7,M,,*42
6934 1627992533 0 0 26.29 8.27 156.8 61.49 102.0 6.32 177.0 17.1 186.6 2.29 41.31 14.5
6935 1627992533 0 7 $GNGGA,120853.000,4423.78629,N,00855.56564,E,1,10,0.9,3.3,M,44.7,M,,*4F
6936 1627992534 0 7 $GNGGA,120854.000,4423.78718,N,00855.56500,E,1,10,0.9,3.3,M,44.7,M,,*49
6937 1627992535 0 3 2.55 0.00
6938 1627992535 0 4 2.54 1.42
6939 1627992535 0 5 0.02
6940 1627992535 0 6 0.08
6941 1627992535 0 8 4.98 12.35 11.84
6942 1627992535 0 1 1.897
6943 1627992535 0 7 $GNGGA,120855.000,4423.78797,N,00855.56450,E,1,10,0.9,3.9,M,44.7,M,,*41
6944 1627992536 0 0 26.30 8.27 156.7 61.48 102.0 6.32 176.9 17.1 186.1 2.35 41.30 14.5
6945 1627992536 0 7 $GNGGA,120856.000,4423.78874,N,00855.56399,E,1,10,0.9,3.9,M,44.7,M,,*42
6946 1627992537 0 7 $GNGGA,120857.000,4423.78960,N,00855.56334,E,1,10,0.9,3.7,M,44.7,M,,*4E
6947 1627992538 0 3 2.55 0.00
6948 1627992538 0 4 2.54 1.42
6949 1627992538 0 5 0.02
6950 1627992538 0 6 0.08
6951 1627992538 0 8 4.98 12.35 11.87
6952 1627992538 0 1 1.901
6953 1627992538 0 7 $GNGGA,120858.000,4423.79054,N,00855.56272,E,1,10,0.9,3.6,M,44.7,M,,*4C
6954 1627992538 0 0 26.33 8.27 156.8 61.50 102.0 6.32 176.6 17.1 185.6 2.45 41.32 14.5
6955 1627992539 0 7 $GNGGA,120859.000,4423.79135,N,00855.56203,E,1,10,0.9,3.1,M,44.7,M,,*4A
6956 1627992540 0 7 $GNGGA,120900.000,4423.79214,N,00855.56155,E,1,10,0.9,2.3,M,44.7,M,,*44
6957 1627992541 0 3 2.55 0.00
6958 1627992541 0 4 2.54 1.42
6959 1627992541 0 5 0.02
6960 1627992541 0 6 0.05
6961 1627992541 0 8 4.98 12.35 11.87
6962 1627992541 0 1 2.143
6963 1627992541 0 7 $GNGGA,120901.000,4423.79283,N,00855.56102,E,1,10,0.9,1.7,M,44.7,M,,*4E
6964 1627992541 0 0 26.33 8.27 156.8 61.47 102.1 6.32 176.6 17.1 185.8 2.41 41.29 14.5
6965 1627992542 0 7 $GNGGA,120902.000,4423.79349,N,00855.56046,E,1,10,0.9,2.0,M,44.7,M,,*4F
6966 1627992543 0 7 $GNGGA,120903.000,4423.79421,N,00855.55981,E,1,10,0.9,2.0,M,44.7,M,,*46
6967 1627992544 0 3 2.55 0.00
6968 1627992544 0 4 2.54 1.42
6969 1627992544 0 5 0.02
6970 1627992544 0 6 0.07
6971 1627992544 0 8 4.98 12.36 11.84
6972 1627992544 0 1 1.878
6973 1627992544 0 7 $GNGGA,120904.000,4423.79491,N,00855.55907,E,1,10,0.9,1.9,M,44.7,M,,*4E
6974 1627992544 0 0 26.28 8.27 156.8 61.43 102.1 6.33 177.3 17.0 186.6 2.37 41.26 14.5
6975 1627992545 0 7 $GNGGA,120905.000,4423.79556,N,00855.55814,E,1,10,0.9,1.6,M,44.7,M,,*49
6976 1627992546 0 7 $GNGGA,120906.000,4423.79607,N,00855.55698,E,1,10,0.9,1.7,M,44.7,M,,*46
6977 1627992547 0 3 2.55 0.00
6978 1627992547 0 4 2.54 1.42
6979 1627992547 0 5 0.02
6980 1627992547 0 6 0.08
6981 1627992547 0 8 4.98 12.36 11.84
6982 1627992547 0 1 2.571
6983 1627992547 0 7 $GNGGA,120907.000,4423.79674,N,00855.55589,E,1,10,0.9,1.7,M,44.7,M,,*40
6984 1627992547 0 0 26.27 8.27 156.8 61.47 102.1 6.33 177.2 17.0 186.1 2.48 41.29 14.4
6985 1627992548 0 7 $GNGGA,120908.000,4423.79744,N,00855.55493,E,1,10,0.9,2.0,M,44.7,M,,*43
6986 1627992549 0 2 0.04180000 2.15720009 1.14760005 0.01660000 2.66689991 0.00410000 0.03950000 0.18529998 1.00000000 91.29599761
6987 1627992549 0 7 $GNGGA,120909.000,4423.79819,N,00855.55430,E,1,10,0.9,2.1,M,44.7,M,,*4D
6988 1627992550 0 3 2.55 0.00
6989 1627992550 0 4 2.54 1.42
6990 1627992550 0 5 0.02
6991 1627992550 0 6 0.08
6992 1627992550 0 8 4.98 12.36 11.87
6993 1627992550 0 1 2.095
6994 1627992550 0 7 $GNGGA,120910.000,4423.79894,N,00855.55382,E,1,10,0.9,2.3,M,44.7,M,,*4C
6995 1627992550 0 0 26.26 8.27 156.8 61.53 102.1 6.33 177.3 17.0 186.2 2.52 41.34 14.4
6996 1627992551 0 7 $GNGGA,120911.000,4423.79973,N,00855.55333,E,1,10,0.9,2.3,M,44.7,M,,*4F
6997 1627992552 0 7 $GNGGA,120912.000,4423.80050,N,00855.55266,E,1,10,0.9,2.6,M,44.7,M,,*46
6998 1627992553 0 3 2.55 0.00
6999 1627992553 0 4 2.54 1.42
7000 1627992553 0 5 0.03
7001 1627992553 0 6 0.09
7002 1627992553 0 8 4.98 12.36 11.87
7003 1627992553 0 1 1.965
7004 1627992553 0 7 $GNGGA,120913.000,4423.80104,N,00855.55228,E,1,10,0.9,2.6,M,44.7,M,,*4D
7005 1627992553 0 0 26.28 8.27 156.8 61.42 102.2 6.33 177.2 17.1 185.4 2.51 41.26 14.4
7006 1627992554 0 7 $GNGGA,120914.000,4423.80150,N,00855.55216,E,1,10,0.9,3.0,M,44.7,M,,*41
7007 1627992555 0 7 $GNGGA,120915.000,4423.80190,N,00855.55208,E,1,10,0.9,3.3,M,44.7,M,,*40
7008 1627992556 0 3 2.55 0.00
7009 1627992556 0 4 2.54 1.42
7010 1627992556 0 5 0.03
7011 1627992556 0 6 0.07
7012 1627992556 0 8 4.98 12.34 11.87
7013 1627992556 0 1 2.259
7014 1627992556 0 7 $GNGGA,120916.000,4423.80236,N,00855.55199,E,1,10,0.9,3.8,M,44.7,M,,*4C
7015 1627992556 0 0 26.29 8.27 156.8 61.42 102.2 6.33 177.0 17.1 185.8 2.57 41.26 14.5
7016 1627992557 0 7 $GNGGA,120917.000,4423.80306,N,00855.55178,E,1,10,0.9,4.6,M,44.7,M,,*49
7017 1627992558 0 7 $GNGGA,120918.000,4423.80388,N,00855.55123,E,1,10,0.9,4.8,M,44.7,M,,*40
7018 1627992559 0 3 2.55 0.00
7026 1627992560 0 7 $GNGGA,120920.000,4423.80564,N,00855.54997,E,1,10,0.9,5.9,M,44.7,M,,*49
7027 1627992561 0 7 $GNGGA,120921.000,4423.80645,N,00855.54937,E,1,10,0.9,7.0,M,44.7,M,,*49
7028 1627992562 0 3 2.55 0.00
7034 1627992562 0 7 $GNGGA,120922.000,4423.80722,N,00855.54868,E,1,10,0.9,7.9,M,44.7,M,,*48
7035 1627992563 0 0 26.29 8.27 156.9 61.51 102.2 6.33 177.0 17.1 186.7 2.52 41.32 14.5
7036 1627992563 0 7 $GNGGA,120923.000,4423.80814,N,00855.54812,E,1,10,0.9,8.9,M,44.7,M,,*41
7037 1627992564 0 7 $GNGGA,120924.000,4423.80893,N,00855.54766,E,1,10,0.9,9.7,M,44.7,M,,*4A
7046 1627992566 0 7 $GNGGA,120926.000,4423.81062,N,00855.54676,E,1,10,0.9,11.3,M,44.7,M,,*72
7047 1627992567 0 7 $GNGGA,120927.000,4423.81159,N,00855.54628,E,1,10,0.9,12.1,M,44.7,M,,*70
7049 1627992568 0 4 2.54 1.42
7050 1627992568 0 5 0.03
7051 1627992568 0 6 0.06
7052 1627992568 0 8 4.98 12.35 11.87
7053 1627992568 0 1 2.188
7057 1627992570 0 7 $GNGGA,120930.000,4423.81422,N,00855.54521,E,1,10,0.9,14.6,M,44.7,M,,*74
7065 1627992571 0 0 26.32 8.27 156.8 61.46 102.3 6.33 176.8 17.1 186.5 2.55 41.28 14.5
7066 1627992572 0 7 $GNGGA,120932.000,4423.81591,N,00855.54504,E,1,10,0.9,16.4,M,44.7,M,,*78
7067 1627992573 0 7 $GNGGA,120933.000,4423.81667,N,00855.54502,E,1,10,0.9,17.4,M,44.7,M,,*74
7068 1627992574 0 3 2.55 0.00
7076 1627992575 0 7 $GNGGA,120935.000,4423.81780,N,00855.54462,E,1,10,0.9,17.3,M,44.7,M,,*7A
7077 1627992576 0 7 $GNGGA,120936.000,4423.81885,N,00855.54386,E,1,10,0.9,18.7,M,44.7,M,,*75
7082 1627992577 0 8 4.98 12.35 11.87
7083 1627992577 0 1 1.978
7084 1627992577 0 7 $GNGGA,120937.000,4423.81987,N,00855.54289,E,1,10,0.9,19.5,M,44.7,M,,*7A
7087 1627992579 0 7 $GNGGA,120939.000,4423.82223,N,00855.54060,E,1,10,0.9,21.5,M,44.7,M,,*7C
7096 1627992581 0 7 $GNGGA,120941.000,4423.82420,N,00855.53881,E,1,10,0.9,22.8,M,44.7,M,,*78
7097 1627992582 0 7 $GNGGA,120942.000,4423.82498,N,00855.53793,E,1,10,0.9,22.9,M,44.7,M,,*75
7098 1627992583 0 3 2.55 0.00
7106 1627992584 0 7 $GNGGA,120944.000,4423.82631,N,00855.53643,E,1,10,0.9,22.2,M,44.7,M,,*75
7107 1627992585 0 7 $GNGGA,120945.000,4423.82660,N,00855.53606,E,1,10,0.9,21.0,M,44.7,M,,*70
7114 1627992586 0 7 $GNGGA,120946.000,4423.82677,N,00855.53555,E,1,10,0.9,19.7,M,44.7,M,,*7C
7115 1627992586 0 0 26.34 8.27 156.7 61.45 102.3 6.33 176.8 17.1 186.6 2.51 41.28 14.5
7116 1627992587 0 7 $GNGGA,120947.000,4423.82705,N,00855.53500,E,1,10,0.9,18.8,M,44.7,M,,*77
7117 1627992588 0 7 $GNGGA,120948.000,4423.82758,N,00855.53451,E,1,10,0.9,18.7,M,44.7,M,,*7A
7126 1627992590 0 7 $GNGGA,120950.000,4423.82852,N,00855.53379,E,1,10,0.9,17.2,M,44.7,M,,*71
7127 1627992591 0 7 $GNGGA,120951.000,4423.82911,N,00855.53333,E,1,10,0.9,16.2,M,44.7,M,,*79
7129 1627992592 0 4 2.54 1.42
7130 1627992592 0 5 0.02
7131 1627992592 0 6 0.06
7137 1627992594 0 7 $GNGGA,120954.000,4423.83117,N,00855.53147,E,1,10,0.9,14.0,M,44.7,M,,*72
7145 1627992595 0 0 26.34 8.28 156.7 61.49 102.4 6.34 176.8 17.1 186.8 2.38 41.30 14.6
7146 1627992596 0 7 $GNGGA,120956.000,4423.83249,N,00855.53008,E,1,10,0.9,12.1,M,44.7,M,,*75
7147 1627992597 0 7 $GNGGA,120957.000,4423.83303,N,00855.52930,E,1,10,0.9,11.3,M,44.7,M,,*79
7148 1627992598 0 3 2.55 0.00
7156 1627992599 0 7 $GNGGA,120959.000,4423.83422,N,00855.52774,E,1,10,0.9,10.2,M,44.7,M,,*7D
7157 1627992600 0 7 $GNGGA,121000.000,4423.83478,N,00855.52710,E,1,10,0.9,10.0,M,44.7,M,,*76
7166 1627992602 0 7 $GNGGA,121002.000,4423.83597,N,00855.52576,E,1,10,0.9,10.4,M,44.7,M,,*72
7167 1627992603 0 7 $GNGGA,121003.000,4423.83651,N,00855.52511,E,1,10,0.9,10.2,M,44.7,M,,*7D
7177 1627992606 0 7 $GNGGA,121006.000,4423.83830,N,00855.52288,E,1,10,0.9,8.7,M,44.7,M,,*4A
7178 1627992607 0 3 2.55 0.00
7186 1627992608 0 7 $GNGGA,121008.000,4423.83944,N,00855.52134,E,1,10,0.9,8.2,M,44.7,M,,*47
7187 1627992609 0 7 $GNGGA,121009.000,4423.84018,N,00855.52061,E,1,10,0.9,8.4,M,44.7,M,,*46
7191 1627992610 0 6 0.09
7192 1627992610 0 8 4.98 12.21 11.84
7194 1627992610 0 7 $GNGGA,121010.000,4423.84087,N,00855.51991,E,1,10,0.9,8.8,M,44.7,M,,*41
7197 1627992612 0 7 $GNGGA,121012.000,4423.84196,N,00855.51881,E,1,10,0.9,8.9,M,44.7,M,,*43
7205 1627992614 0 0 26.34 8.28 156.8 61.50 102.6 6.35 176.8 17.1 186.0 2.53 41.31 14.6
7206 1627992614 0 7 $GNGGA,121014.000,4423.84288,N,00855.51827,E,1,10,0.9,11.0,M,44.7,M,,*74
7207 1627992615 0 7 $GNGGA,121015.000,4423.84333,N,00855.51808,E,1,10,0.9,11.2,M,44.7,M,,*7B
7208 1627992616 0 3 2.55 0.00
7216 1627992617 0 7 $GNGGA,121017.000,4423.84437,N,00855.51780,E,1,10,0.9,11.2,M,44.7,M,,*75
7217 1627992618 0 7 $GNGGA,121018.000,4423.84486,N,00855.51776,E,1,10,0.9,10.5,M,44.7,M,,*7F
7221 1627992619 0 6 0.07
7222 1627992619 0 8 4.98 12.20 11.84
7224 1627992619 0 7 $GNGGA,121019.000,4423.84538,N,00855.51784,E,1,10,0.9,10.3,M,44.7,M,,*71
7227 1627992621 0 7 $GNGGA,121021.000,4423.84660,N,00855.51784,E,1,10,0.9,11.0,M,44.7,M,,*76
7228 1627992622 0 3 2.56 0.00
7236 1627992623 0 7 $GNGGA,121023.000,4423.84795,N,00855.51694,E,1,10,0.9,10.9,M,44.7,M,,*77
7237 1627992624 0 7 $GNGGA,121024.000,4423.84850,N,00855.51663,E,1,10,0.9,11.2,M,44.7,M,,*74
7238 1627992625 0 3 2.55 0.00
7246 1627992626 0 7 $GNGGA,121026.000,4423.84854,N,00855.51666,E,1,10,0.9,10.8,M,44.7,M,,*7C
7247 1627992627 0 7 $GNGGA,121027.000,4423.84847,N,00855.51671,E,1,10,0.9,10.5,M,44.7,M,,*74
7252 1627992628 0 8 4.97 12.20 11.84
7253 1627992628 0 1 2.684
7254 1627992628 0 7 $GNGGA,121028.000,4423.84842,N,00855.51680,E,1,10,0.9,9.9,M,44.7,M,,*44
7255 1627992629 0 0 26.37 8.28 156.7 61.46 102.9 6.36 176.6 17.1 186.5 2.70 41.28 14.6
7257 1627992630 0 7 $GNGGA,121030.000,4423.84870,N,00855.51625,E,1,10,0.9,8.6,M,44.7,M,,*4D
7258 1627992631 0 3 2.56 0.00
7265 1627992632 0 7 $GNGGA,121032.000,4423.84959,N,00855.51493,E,1,10,0.9,7.9,M,44.7,M,,*4A
7266 1627992633 0 7 $GNGGA,121033.000,4423.84967,N,00855.51497,E,1,10,0.9,7.7,M,44.7,M,,*4C
7267 1627992634 0 3 2.56 0.00
7275 1627992636 0 7 $GNGGA,121036.000,4423.85045,N,00855.51426,E,1,10,0.9,7.5,M,44.7,M,,*49
7281 1627992637 0 7 $GNGGA,121037.000,4423.85113,N,00855.51340,E,1,10,0.9,6.9,M,44.7,M,,*40
7282 1627992638 0 0 26.35 8.28 156.8 61.52 103.0 6.37 176.8 17.1 187.3 2.76 41.33 14.6
7283 1627992638 0 7 $GNGGA,121038.000,4423.85177,N,00855.51262,E,1,10,0.9,6.6,M,44.7,M,,*43
7284 1627992639 0 7 $GNGGA,121039.000,4423.85230,N,00855.51183,E,1,10,0.9,6.3,M,44.7,M,,*4B
7292 1627992641 0 7 $GNGGA,121041.000,4423.85312,N,00855.51074,E,1,09,1.2,5.2,M,44.7,M,,*4C
7293 1627992641 0 1 2.174
7294 1627992642 0 7 $GNGGA,121042.000,4423.85369,N,00855.51014,E,1,10,0.9,5.1,M,44.7,M,,*44
7295 1627992643 0 3 2.56 0.00
7304 1627992645 0 7 $GNGGA,121045.000,4423.85543,N,00855.50844,E,1,10,0.9,3.6,M,44.7,M,,*40
7307 1627992646 0 5 0.02
7308 1627992646 0 6 0.08
7309 1627992646 0 8 4.98 12.32 11.87
7310 1627992647 0 1 2.053
7311 1627992647 0 0 26.37 8.28 156.7 61.47 103.1 6.38 176.6 17.1 187.7 2.74 41.29 14.6
7312 1627992647 0 7 $GNGGA,121046.000,4423.85617,N,00855.50781,E,1,10,0.9,3.7,M,44.7,M,,*46
7314 1627992648 0 7 $GNGGA,121048.000,4423.85753,N,00855.50655,E,1,10,0.9,3.8,M,44.7,M,,*4E
7323 1627992650 0 7 $GNGGA,121050.000,4423.85857,N,00855.50491,E,1,10,0.9,3.6,M,44.7,M,,*48
7324 1627992651 0 7 $GNGGA,121051.000,4423.85919,N,00855.50376,E,1,10,0.9,3.7,M,44.7,M,,*4D
7325 1627992652 0 3 2.56 0.00
7326 1627992652 0 4 2.54 1.41
7334 1627992654 0 7 $GNGGA,121054.000,4423.86128,N,00855.50159,E,1,10,0.9,6.0,M,44.7,M,,*4C
7335 1627992655 0 3 2.55 0.00
7340 1627992656 0 1 1.963
7341 1627992656 0 0 26.35 8.27 156.8 61.44 103.2 6.39 177.0 17.1 187.9 2.66 41.26 14.6
7342 1627992656 0 7 $GNGGA,121055.000,4423.86196,N,00855.50101,E,1,10,0.9,6.2,M,44.7,M,,*47
7353 1627992659 0 7 $GNGGA,121059.000,4423.86527,N,00855.49846,E,1,10,0.9,8.2,M,44.7,M,,*49
7354 1627992660 0 7 $GNGGA,121100.000,4423.86601,N,00855.49767,E,1,10,0.9,8.5,M,44.7,M,,*48
7355 1627992661 0 3 2.56 0.00
7356 1627992661 0 4 2.54 1.41
7364 1627992663 0 7 $GNGGA,121103.000,4423.86822,N,00855.49438,E,1,10,0.9,9.3,M,44.7,M,,*4A
7365 1627992664 0 3 2.55 0.00
7373 1627992665 0 7 $GNGGA,121105.000,4423.86931,N,00855.49196,E,1,10,0.9,9.0,M,44.7,M,,*4D
7374 1627992666 0 7 $GNGGA,121106.000,4423.86996,N,00855.49060,E,1,10,0.9,8.3,M,44.7,M,,*49
7383 1627992668 0 7 $GNGGA,121108.000,4423.87109,N,00855.48877,E,1,10,0.9,6.6,M,44.7,M,,*4C
7385 1627992669 0 7 $GNGGA,121109.000,4423.87165,N,00855.48807,E,1,10,0.9,5.0,M,44.7,M,,*45
7386 1627992670 0 3 2.55 0.00
7387 1627992670 0 4 2.54 1.41
7395 1627992672 0 7 $GNGGA,121112.000,4423.87360,N,00855.48672,E,1,10,0.9,3.9,M,44.7,M,,*4B
7396 1627992673 0 3 2.55 0.00
7403 1627992674 0 7 $GNGGA,121113.000,4423.87435,N,00855.48624,E,1,10,0.9,3.5,M,44.7,M,,*42
7404 1627992674 0 7 $GNGGA,121114.000,4423.87517,N,00855.48567,E,1,10,0.9,3.1,M,44.7,M,,*44
7405 1627992675 0 7 $GNGGA,121115.000,4423.87605,N,00855.48497,E,1,10,0.9,3.1,M,44.7,M,,*4B
7406 1627992676 0 3 2.55 0.00
7407 1627992676 0 4 2.54 1.41
7411 1627992677 0 1 2.075
7412 1627992677 0 0 26.34 8.28 156.7 61.50 103.5 6.40 177.2 17.1 188.5 2.46 41.31 14.6
7413 1627992677 0 7 $GNGGA,121116.000,4423.87693,N,00855.48444,E,1,09,0.9,2.9,M,44.7,M,,*48
7415 1627992678 0 7 $GNGGA,121118.000,4423.87834,N,00855.48299,E,1,09,0.9,1.3,M,44.7,M,,*4A
7416 1627992679 0 3 2.56 0.00
7425 1627992681 0 7 $GNGGA,121121.000,4423.88109,N,00855.48025,E,1,09,0.9,-0.2,M,44.7,M,,*60
7426 1627992682 0 3 2.55 0.00
7434 1627992683 0 7 $GNGGA,121123.000,4423.88323,N,00855.47908,E,1,09,0.9,-0.3,M,44.7,M,,*60
7435 1627992684 0 7 $GNGGA,121124.000,4423.88391,N,00855.47872,E,1,09,0.9,-1.0,M,44.7,M,,*60
7436 1627992685 0 3 2.55 0.00
7445 1627992687 0 7 $GNGGA,121127.000,4423.88633,N,00855.47695,E,1,09,0.9,-3.5,M,44.7,M,,*6E
7447 1627992688 0 4 2.54 1.42
7448 1627992688 0 5 0.02
7449 1627992688 0 6 0.07
7450 1627992688 0 8 4.98 12.36 11.87
7455 1627992690 0 7 $GNGGA,121130.000,4423.88904,N,00855.47464,E,1,09,0.9,-2.9,M,44.7,M,,*62
7456 1627992691 0 3 2.55 0.00
7464 1627992692 0 7 $GNGGA,121132.000,4423.89057,N,00855.47271,E,1,09,0.9,-3.1,M,44.7,M,,*65
7465 1627992693 0 7 $GNGGA,121133.000,4423.89116,N,00855.47176,E,1,09,0.9,-3.3,M,44.7,M,,*66
7466 1627992694 0 3 2.55 0.00
7475 1627992696 0 7 $GNGGA,121136.000,4423.89289,N,00855.46893,E,1,08,1.0,-0.9,M,44.7,M,,*65
7481 1627992698 0 1 2.055
7482 1627992698 0 0 26.34 8.27 156.8 61.54 103.6 6.41 177.1 17.1 188.5 2.44 41.34 14.6
7483 1627992698 0 7 $GNGGA,121137.000,4423.89352,N,00855.46783,E,1,08,1.0,-0.2,M,44.7,M,,*66
7494 1627992701 0 7 $GNGGA,121141.000,4423.89633,N,00855.46381,E,1,08,1.0,1.6,M,44.7,M,,*4B
7495 1627992702 0 7 $GNGGA,121142.000,4423.89681,N,00855.46289,E,1,08,1.0,2.0,M,44.7,M,,*4D
7496 1627992703 0 3 2.55 0.00
7497 1627992703 0 4 2.54 1.42
7505 1627992705 0 7 $GNGGA,121145.000,4423.89857,N,00855.45980,E,1,09,0.9,1.6,M,44.7,M,,*42
7511 1627992707 0 1 2.679
7512 1627992707 0 0 26.34 8.27 156.8 61.50 103.6 6.41 177.3 17.1 188.7 2.37 41.31 14.6
7514 1627992707 0 7 $GNGGA,121147.000,4423.90031,N,00855.45785,E,1,09,0.9,0.1,M,44.7,M,,*4D
7515 1627992708 0 7 $GNGGA,121148.000,4423.90139,N,00855.45704,E,1,09,0.9,-0.5,M,44.7,M,,*6B
7525 1627992711 0 7 $GNGGA,121151.000,4423.90372,N,00855.45497,E,1,09,0.9,-1.9,M,44.7,M,,*6A
7527 1627992712 0 4 2.54 1.43
7528 1627992712 0 5 0.02
7529 1627992712 0 6 0.10
7535 1627992714 0 7 $GNGGA,121154.000,4423.90574,N,00855.45281,E,1,10,0.9,-2.7,M,44.7,M,,*6B
7544 1627992716 0 7 $GNGGA,121156.000,4423.90684,N,00855.45130,E,1,10,0.9,-2.1,M,44.7,M,,*6A
7545 1627992717 0 7 $GNGGA,121157.000,4423.90732,N,00855.45057,E,1,10,0.9,-1.7,M,44.7,M,,*62
7546 1627992718 0 3 2.55 0.00
7555 1627992720 0 7 $GNGGA,121200.000,4423.90915,N,00855.44901,E,1,10,0.9,-0.2,M,44.7,M,,*67
7564 1627992722 0 7 $GNGGA,121202.000,4423.91063,N,00855.44810,E,1,10,0.9,1.2,M,44.7,M,,*41
7565 1627992723 0 7 $GNGGA,121203.000,4423.91139,N,00855.44763,E,1,10,0.9,2.0,M,44.7,M,,*44
7574 1627992725 0 7 $GNGGA,121205.000,4423.91267,N,00855.44682,E,1,10,0.9,4.6,M,44.7,M,,*44
7575 1627992726 0 7 $GNGGA,121206.000,4423.91332,N,00855.44643,E,1,10,0.9,5.5,M,44.7,M,,*49
7576 1627992727 0 3 2.55 0.00
7585 1627992729 0 7 $GNGGA,121209.000,4423.91535,N,00855.44541,E,1,10,0.9,8.9,M,44.7,M,,*47
7590 1627992730 0 8 4.98 12.21 11.84
7591 1627992731 0 1 2.033
7592 1627992731 0 0 26.32 8.27 156.7 61.60 103.6 6.41 177.4 17.1 188.5 2.43 41.39 14.6
7593 1627992731 0 7 $GNGGA,121210.000,4423.91608,N,00855.44497,E,1,10,0.9,10.2,M,44.7,M,,*7A
7595 1627992732 0 7 $GNGGA,121212.000,4423.91767,N,00855.44380,E,1,10,0.9,12.3,M,44.7,M,,*72
7596 1627992733 0 3 2.55 0.00
7604 1627992734 0 7 $GNGGA,121214.000,4423.91908,N,00855.44314,E,1,10,0.9,13.8,M,44.7,M,,*74
7605 1627992735 0 7 $GNGGA,121215.000,4423.91968,N,00855.44284,E,1,10,0.9,13.7,M,44.7,M,,*74
7606 1627992736 0 3 2.55 0.00
7611 1627992737 0 1 1.924
7612 1627992737 0 0 26.38 8.27 156.7 61.47 103.6 6.41 176.9 17.1 187.8 2.41 41.29 14.6
7613 1627992737 0 7 $GNGGA,121216.000,4423.92029,N,00855.44236,E,1,10,0.9,13.9,M,44.7,M,,*7F
7615 1627992738 0 7 $GNGGA,121218.000,4423.92152,N,00855.44106,E,1,10,0.9,13.8,M,44.7,M,,*7D
7623 1627992740 0 7 $GNGGA,121219.000,4423.92219,N,00855.44032,E,1,10,0.9,13.8,M,44.7,M,,*76
7624 1627992740 0 7 $GNGGA,121220.000,4423.92281,N,00855.43945,E,1,10,0.9,13.5,M,44.7,M,,*7E
7625 1627992741 0 7 $GNGGA,121221.000,4423.92350,N,00855.43867,E,1,10,0.9,13.7,M,44.7,M,,*71
7626 1627992742 0 3 2.55 0.00
7635 1627992744 0 7 $GNGGA,121224.000,4423.92517,N,00855.43667,E,1,10,0.9,12.7,M,44.7,M,,*7E
7636 1627992745 0 3 2.55 0.00
7637 1627992745 0 4 2.54 1.43
7638 1627992745 0 5 0.02
7645 1627992747 0 7 $GNGGA,121227.000,4423.92693,N,00855.43424,E,1,10,0.9,12.4,M,44.7,M,,*74
7653 1627992749 0 7 $GNGGA,121228.000,4423.92784,N,00855.43361,E,1,10,0.9,12.6,M,44.7,M,,*78
7654 1627992749 0 7 $GNGGA,121229.000,4423.92858,N,00855.43302,E,1,10,0.9,12.6,M,44.7,M,,*72
7655 1627992750 0 7 $GNGGA,121230.000,4423.92916,N,00855.43228,E,1,10,0.9,12.3,M,44.7,M,,*7D
7656 1627992751 0 3 2.55 0.00
7664 1627992752 0 7 $GNGGA,121232.000,4423.93027,N,00855.43099,E,1,10,0.9,11.7,M,44.7,M,,*7A
7665 1627992753 0 7 $GNGGA,121233.000,4423.93088,N,00855.43052,E,1,10,0.9,11.5,M,44.7,M,,*7B
7675 1627992756 0 7 $GNGGA,121236.000,4423.93308,N,00855.42867,E,1,10,0.9,12.7,M,44.7,M,,*7B
7683 1627992758 0 7 $GNGGA,121237.000,4423.93378,N,00855.42796,E,1,10,0.9,13.2,M,44.7,M,,*78
7684 1627992758 0 7 $GNGGA,121238.000,4423.93446,N,00855.42733,E,1,10,0.9,13.3,M,44.7,M,,*73
7685 1627992759 0 7 $GNGGA,121239.000,4423.93519,N,00855.42673,E,1,10,0.9,13.4,M,44.7,M,,*7B
7686 1627992760 0 3 2.55 0.00
7695 1627992762 0 7 $GNGGA,121242.000,4423.93747,N,00855.42454,E,1,10,0.9,14.2,M,44.7,M,,*78
7697 1627992763 0 4 2.54 1.44
7698 1627992763 0 5 0.02
7699 1627992763 0 6 0.06
7706 1627992766 0 3 2.55 0.00
7711 1627992767 0 1 1.969
7712 1627992767 0 0 26.38 8.27 156.8 61.56 103.7 6.41 176.9 17.1 188.3 2.43 41.36 14.6
7713 1627992767 0 7 $GNGGA,121246.000,4423.94035,N,00855.42176,E,1,10,0.9,14.4,M,44.7,M,,*7A
7714 1627992767 0 7 $GNGGA,121247.000,4423.94102,N,00855.42109,E,1,10,0.9,14.4,M,44.7,M,,*76
7715 1627992768 0 7 $GNGGA,121248.000,4423.94169,N,00855.42043,E,1,10,0.9,14.5,M,44.7,M,,*7A
7716 1627992769 0 3 2.55 0.00
7725 1627992771 0 7 $GNGGA,121251.000,4423.94372,N,00855.41841,E,1,10,0.9,12.6,M,44.7,M,,*76
7727 1627992772 0 4 2.54 1.44
7728 1627992772 0 5 0.02
7729 1627992772 0 6 0.07
7735 1627992774 0 7 $GNGGA,121254.000,4423.94600,N,00855.41749,E,1,10,0.9,11.8,M,44.7,M,,*79
7744 1627992776 0 7 $GNGGA,121256.000,4423.94754,N,00855.41648,E,1,10,0.9,12.9,M,44.7,M,,*79
7745 1627992777 0 7 $GNGGA,121257.000,4423.94824,N,00855.41607,E,1,10,0.9,13.7,M,44.7,M,,*74
7746 1627992778 0 3 2.55 0.00
7755 1627992780 0 7 $GNGGA,121300.000,4423.94968,N,00855.41466,E,1,10,0.9,14.9,M,44.7,M,,*72
7757 1627992781 0 4 2.54 1.43
7759 1627992781 0 6 0.06
7760 1627992782 0 8 4.98 12.36 11.87
7765 1627992783 0 7 $GNGGA,121303.000,4423.95163,N,00855.41256,E,1,10,0.9,15.5,M,44.7,M,,*7B
7774 1627992785 0 7 $GNGGA,121305.000,4423.95260,N,00855.41106,E,1,10,0.9,16.2,M,44.7,M,,*7F
7775 1627992786 0 7 $GNGGA,121306.000,4423.95304,N,00855.41038,E,1,10,0.9,16.4,M,44.7,M,,*75
7776 1627992787 0 3 2.56 0.00
7785 1627992789 0 2 0.04480000 2.71460008 1.29359996 0.02090000 2.67210006 0.00410000 0.04680000 0.19869999 1.00000000 89.79399871
7788 1627992790 0 4 2.54 1.47
7791 1627992790 0 8 4.98 12.35 11.87
7792 1627992791 0 1 2.233
7793 1627992791 0 0 26.37 8.27 156.7 61.49 103.9 6.42 177.0 17.1 188.0 2.58 41.31 14.5
7796 1627992792 0 7 $GNGGA,121312.000,4423.95599,N,00855.40649,E,1,10,0.9,14.2,M,44.7,M,,*77
7797 1627992793 0 3 2.55 0.00
7805 1627992794 0 7 $GNGGA,121314.000,4423.95728,N,00855.40536,E,1,10,0.9,12.2,M,44.7,M,,*74
7807 1627992796 0 3 2.55 0.00
7812 1627992797 0 1 2.178
7813 1627992797 0 0 26.36 8.27 156.8 61.46 103.9 6.43 177.1 17.1 188.4 2.50 41.28 14.5
7814 1627992797 0 7 $GNGGA,121316.000,4423.95862,N,00855.40410,E,1,10,0.9,11.2,M,44.7,M,,*71
7816 1627992798 0 7 $GNGGA,121318.000,4423.96010,N,00855.40287,E,1,10,0.9,10.6,M,44.7,M,,*7C
7821 1627992800 0 8 4.98 12.35 11.84
7822 1627992800 0 1 2.209
7823 1627992800 0 0 26.36 8.27 156.8 61.50 103.9 6.43 177.2 17.1 188.1 2.50 41.31 14.5
7827 1627992802 0 3 2.55 0.00
7835 1627992803 0 7 $GNGGA,121323.000,4423.96396,N,00855.40035,E,1,10,0.9,11.1,M,44.7,M,,*74
7836 1627992804 0 7 $GNGGA,121324.000,4423.96479,N,00855.39990,E,1,10,0.9,10.8,M,44.7,M,,*75
7845 1627992806 0 7 $GNGGA,121326.000,4423.96634,N,00855.39848,E,1,10,0.9,9.1,M,44.7,M,,*49
7846 1627992807 0 7 $GNGGA,121327.000,4423.96721,N,00855.39760,E,1,10,0.9,7.9,M,44.7,M,,*4E
7851 1627992809 0 8 4.98 12.36 11.87
7852 1627992809 0 1 2.377
7854 1627992809 0 7 $GNGGA,121328.000,4423.96792,N,00855.39712,E,1,10,0.9,7.2,M,44.7,M,,*47
7856 1627992810 0 7 $GNGGA,121330.000,4423.96916,N,00855.39584,E,1,10,0.9,5.6,M,44.7,M,,*47
7857 1627992811 0 3 2.55 0.00
7865 1627992812 0 7 $GNGGA,121332.000,4423.97010,N,00855.39453,E,1,10,0.9,3.5,M,44.7,M,,*45
7866 1627992813 0 7 $GNGGA,121333.000,4423.97036,N,00855.39412,E,1,10,0.9,2.8,M,44.7,M,,*49
7867 1627992814 0 3 2.55 0.00
7876 1627992816 0 7 $GNGGA,121336.000,4423.97191,N,00855.39256,E,1,10,0.9,0.9,M,44.7,M,,*45
7878 1627992817 0 4 2.54 1.45
7881 1627992818 0 8 4.98 12.36 11.87
7882 1627992818 0 1 2.402
7883 1627992818 0 0 26.36 8.27 156.8 61.56 104.1 6.44 177.2 17.1 188.2 2.58 41.36 14.4
7884 1627992818 0 7 $GNGGA,121337.000,4423.97248,N,00855.39208,E,1,10,0.9,0.4,M,44.7,M,,*45
7895 1627992821 0 7 $GNGGA,121341.000,4423.97502,N,00855.38973,E,1,10,0.9,-2.8,M,44.7,M,,*68
7896 1627992822 0 7 $GNGGA,121342.000,4423.97559,N,00855.38894,E,1,10,0.9,-4.3,M,44.7,M,,*60
7897 1627992823 0 3 2.55 0.00
7898 1627992823 0 4 2.54 1.45
7906 1627992825 0 7 $GNGGA,121345.000,4423.97776,N,00855.38555,E,1,10,0.9,-7.5,M,44.7,M,,*6D
7912 1627992827 0 1 2.897
7914 1627992827 0 7 $GNGGA,121346.000,4423.97850,N,00855.38430,E,1,10,0.9,-7.8,M,44.7,M,,*6A
7916 1627992828 0 7 $GNGGA,121348.000,4423.97983,N,00855.38226,E,1,10,0.9,-8.9,M,44.7,M,,*64
7917 1627992829 0 3 2.55 0.00
7926 1627992831 0 7 $GNGGA,121351.000,4423.98150,N,00855.37933,E,1,10,0.9,-9.3,M,44.7,M,,*6E
7928 1627992832 0 4 2.54 1.43
7929 1627992832 0 5 0.02
7930 1627992832 0 6 0.07
7936 1627992834 0 7 $GNGGA,121354.000,4423.98286,N,00855.37692,E,1,10,0.9,-8.2,M,44.7,M,,*67
7944 1627992836 0 7 $GNGGA,121355.000,4423.98338,N,00855.37637,E,1,10,0.9,-7.8,M,44.7,M,,*68
7945 1627992836 0 7 $GNGGA,121356.000,4423.98400,N,00855.37606,E,1,10,0.9,-7.5,M,44.7,M,,*68
7946 1627992837 0 7 $GNGGA,121357.000,4423.98463,N,00855.37560,E,1,10,0.9,-7.3,M,44.7,M,,*69
7947 1627992838 0 3 2.55 0.00
7956 1627992840 0 7 $GNGGA,121400.000,4423.98666,N,00855.37437,E,1,10,0.9,-6.8,M,44.7,M,,*62
7958 1627992841 0 4 2.54 1.41
7959 1627992841 0 5 0.03
7960 1627992841 0 6 0.07
7966 1627992843 0 7 $GNGGA,121403.000,4423.98828,N,00855.37265,E,1,10,0.9,-5.8,M,44.7,M,,*67
7976 1627992846 0 7 $GNGGA,121406.000,4423.99052,N,00855.37072,E,1,10,0.9,-5.0,M,44.7,M,,*6A
7987 1627992850 0 3 2.55 0.00
7996 1627992852 0 7 $GNGGA,121412.000,4423.99449,N,00855.36705,E,1,10,0.9,-6.2,M,44.7,M,,*66
8005 1627992854 0 7 $GNGGA,121414.000,4423.99552,N,00855.36554,E,1,10,0.9,-5.9,M,44.7,M,,*65
8006 1627992855 0 7 $GNGGA,121415.000,4423.99618,N,00855.36497,E,1,10,0.9,-5.9,M,44.7,M,,*67
8012 1627992856 0 1 3.008
8013 1627992857 0 0 26.35 8.26 156.9 61.45 104.7 6.48 177.1 17.1 187.7 2.58 41.28 14.2
8014 1627992857 0 7 $GNGGA,121416.000,4423.99694,N,00855.36426,E,1,10,0.9,-5.8,M,44.7,M,,*6B
8016 1627992858 0 7 $GNGGA,121418.000,4423.99806,N,00855.36255,E,1,10,0.9,-5.2,M,44.7,M,,*68
8018 1627992859 0 4 2.54 1.45
8019 1627992859 0 5 0.02
8020 1627992859 0 6 0.07
8026 1627992861 0 7 $GNGGA,121421.000,4423.99981,N,00855.36042,E,1,10,0.9,-5.0,M,44.7,M,,*6A
8036 1627992864 0 7 $GNGGA,121424.000,4424.00183,N,00855.35886,E,1,10,0.9,-6.6,M,44.7,M,,*64
8037 1627992865 0 3 2.56 0.00
8046 1627992867 0 7 $GNGGA,121427.000,4424.00397,N,00855.35691,E,1,10,0.9,-8.0,M,44.7,M,,*60
8048 1627992868 0 4 2.54 1.45
8049 1627992868 0 5 0.02
8050 1627992868 0 6 0.05
8051 1627992868 0 8 4.98 12.20 11.84
8056 1627992870 0 7 $GNGGA,121430.000,4424.00624,N,00855.35489,E,1,10,0.9,-8.2,M,44.7,M,,*62
8065 1627992872 0 7 $GNGGA,121432.000,4424.00760,N,00855.35357,E,1,10,0.9,-8.8,M,44.7,M,,*6F
8066 1627992873 0 7 $GNGGA,121433.000,4424.00826,N,00855.35290,E,1,10,0.9,-9.2,M,44.7,M,,*62
8067 1627992874 0 3 2.56 0.00
8076 1627992876 0 7 $GNGGA,121436.000,4424.01047,N,00855.35075,E,1,10,0.9,-10.6,M,44.7,M,,*5C
8081 1627992877 0 8 4.98 12.36 11.87
8082 1627992877 0 1 2.969
8083 1627992878 0 0 26.36 8.26 156.9 61.46 104.9 6.49 177.2 17.1 187.1 2.62 41.28 14.2
8084 1627992878 0 7 $GNGGA,121437.000,4424.01113,N,00855.35000,E,1,10,0.9,-11.1,M,44.7,M,,*59
8087 1627992880 0 3 2.56 0.00
8095 1627992881 0 7 $GNGGA,121441.000,4424.01403,N,00855.34702,E,1,10,0.9,-12.7,M,44.7,M,,*5D
8096 1627992882 0 7 $GNGGA,121442.000,4424.01466,N,00855.34633,E,1,10,0.9,-12.7,M,44.7,M,,*5E
8097 1627992883 0 3 2.56 0.00
8107 1627992886 0 3 2.56 0.00
8108 1627992886 0 4 2.54 1.47
8109 1627992886 0 5 0.02
8111 1627992886 0 8 4.98 12.35 11.87
8112 1627992886 0 1 3.162
8113 1627992887 0 0 26.36 8.26 156.8 61.37 105.0 6.50 177.1 17.1 186.5 2.56 41.22 14.2
8114 1627992887 0 7 $GNGGA,121446.000,4424.01712,N,00855.34398,E,1,10,0.9,-13.3,M,44.7,M,,*5B
8116 1627992888 0 7 $GNGGA,121448.000,4424.01844,N,00855.34273,E,1,10,0.9,-14.8,M,44.7,M,,*51
8117 1627992889 0 3 2.56 0.00
8125 1627992890 0 7 $GNGGA,121450.000,4424.01977,N,00855.34180,E,1,10,0.9,-17.1,M,44.7,M,,*5C
8126 1627992891 0 7 $GNGGA,121451.000,4424.02067,N,00855.34124,E,1,10,0.9,-17.8,M,44.7,M,,*51
8127 1627992892 0 3 2.56 0.00
8136 1627992894 0 7 $GNGGA,121454.000,4424.02320,N,00855.33941,E,1,10,0.9,-18.5,M,44.7,M,,*5A
8138 1627992895 0 4 2.54 1.47
8144 1627992896 0 7 $GNGGA,121455.000,4424.02395,N,00855.33859,E,1,10,0.9,-18.8,M,44.7,M,,*50
8145 1627992896 0 7 $GNGGA,121456.000,4424.02466,N,00855.33751,E,1,10,0.9,-18.9,M,44.7,M,,*5E
8146 1627992897 0 7 $GNGGA,121457.000,4424.02551,N,00855.33674,E,1,10,0.9,-19.3,M,44.7,M,,*57
8147 1627992898 0 3 2.56 0.00
8156 1627992900 0 7 $GNGGA,121500.000,4424.02839,N,00855.33450,E,1,10,0.9,-21.5,M,44.7,M,,*5E
8158 1627992901 0 4 2.54 1.47
8159 1627992901 0 5 0.02
8160 1627992901 0 6 0.07
8166 1627992903 0 7 $GNGGA,121503.000,4424.03077,N,00855.33338,E,1,10,0.9,-22.3,M,44.7,M,,*52
8167 1627992904 0 3 2.56 0.00
8176 1627992906 0 7 $GNGGA,121506.000,4424.03352,N,00855.33269,E,1,10,0.9,-22.4,M,44.7,M,,*51
8177 1627992907 0 3 2.56 0.00
8186 1627992909 0 2 0.05040000 3.41709995 1.35230004 0.02630000 2.67619991 0.00420000 0.05330000 0.22330000 1.00000000 88.44400024
8188 1627992910 0 3 2.56 0.00
8189 1627992910 0 4 2.54 1.47
8190 1627992910 0 5 0.02
8191 1627992910 0 6 0.07
8197 1627992912 0 7 $GNGGA,121512.000,4424.03929,N,00855.33053,E,1,10,0.9,-22.8,M,44.7,M,,*55
8206 1627992914 0 7 $GNGGA,121514.000,4424.04103,N,00855.33024,E,1,10,0.9,-21.6,M,44.7,M,,*59
8207 1627992915 0 7 $GNGGA,121515.000,4424.04186,N,00855.33005,E,1,10,0.9,-21.3,M,44.7,M,,*53
8208 1627992916 0 3 2.56 0.00
8209 1627992916 0 4 2.54 1.46
8211 1627992916 0 6 0.09
8212 1627992917 0 8 4.98 12.35 11.87
8213 1627992917 0 1 4.063
8217 1627992918 0 7 $GNGGA,121518.000,4424.04457,N,00855.32941,E,1,10,0.9,-20.0,M,44.7,M,,*5D
8218 1627992919 0 3 2.56 0.00
8220 1627992919 0 5 0.02
8221 1627992919 0 6 0.06
8222 1627992919 0 8 4.98 12.35 11.87
8223 1627992919 0 1 3.112
8236 1627992923 0 7 $GNGGA,121523.000,4424.04805,N,00855.32771,E,1,10,0.9,-18.9,M,44.7,M,,*51
8237 1627992924 0 7 $GNGGA,121524.000,4424.04871,N,00855.32720,E,1,10,0.9,-19.1,M,44.7,M,,*58
8238 1627992925 0 3 2.56 0.00
8239 1627992925 0 4 2.54 1.46
8240 1627992925 0 5 0.02
8248 1627992928 0 3 2.56 0.00
8250 1627992928 0 5 0.02
8251 1627992928 0 6 0.08
8252 1627992928 0 8 4.98 12.35 11.87
8253 1627992929 0 1 3.557
8257 1627992930 0 7 $GNGGA,121530.000,4424.05245,N,00855.32310,E,1,10,0.9,-19.3,M,44.7,M,,*54
8266 1627992932 0 7 $GNGGA,121532.000,4424.05372,N,00855.32154,E,1,10,0.9,-19.5,M,44.7,M,,*57
8267 1627992933 0 7 $GNGGA,121533.000,4424.05439,N,00855.32089,E,1,10,0.9,-19.2,M,44.7,M,,*58
8268 1627992934 0 3 2.56 0.00
8277 1627992936 0 7 $GNGGA,121536.000,4424.05656,N,00855.31873,E,1,10,0.9,-19.0,M,44.7,M,,*5A
8278 1627992937 0 3 2.56 0.00
8283 1627992938 0 1 3.756
8284 1627992938 0 0 26.36 8.26 157.0 61.55 105.7 6.54 177.2 17.1 186.5 2.41 41.35 14.0
8286 1627992938 0 7 $GNGGA,121538.000,4424.05807,N,00855.31759,E,1,10,0.9,-18.5,M,44.7,M,,*5D
8287 1627992939 0 7 $GNGGA,121539.000,4424.05877,N,00855.31716,E,1,10,0.9,-17.5,M,44.7,M,,*5F
8297 1627992942 0 7 $GNGGA,121542.000,4424.06032,N,00855.31545,E,1,10,0.9,-16.7,M,44.7,M,,*5E
8298 1627992943 0 3 2.56 0.00
8299 1627992943 0 4 2.54 1.46
8307 1627992945 0 7 $GNGGA,121545.000,4424.06204,N,00855.31396,E,1,10,0.9,-16.3,M,44.7,M,,*52
8308 1627992946 0 3 2.56 0.00
8312 1627992946 0 8 4.98 12.35 11.89
8313 1627992947 0 1 3.890
8314 1627992947 0 0 26.36 8.26 157.1 61.54 105.8 6.55 177.0 17.1 186.5 2.41 41.34 14.0
8315 1627992947 0 7 $GNGGA,121546.000,4424.06278,N,00855.31355,E,1,10,0.9,-16.1,M,44.7,M,,*57
8316 1627992947 0 7 $GNGGA,121547.000,4424.06343,N,00855.31307,E,1,10,0.9,-16.2,M,44.7,M,,*5B
8317 1627992948 0 7 $GNGGA,121548.000,4424.06407,N,00855.31243,E,1,10,0.9,-16.4,M,44.7,M,,*54
8318 1627992949 0 3 2.56 0.00
8319 1627992949 0 4 2.54 1.45
8327 1627992951 0 7 $GNGGA,121551.000,4424.06615,N,00855.31043,E,1,10,0.9,-17.1,M,44.7,M,,*5B
8329 1627992952 0 4 2.54 1.45
8330 1627992952 0 5 0.02
8331 1627992952 0 6 0.07
8332 1627992952 0 8 4.98 12.35 11.84
8337 1627992954 0 7 $GNGGA,121554.000,4424.06784,N,00855.30854,E,1,10,0.9,-17.9,M,44.7,M,,*50
8338 1627992955 0 3 2.56 0.00
8346 1627992956 0 7 $GNGGA,121556.000,4424.06891,N,00855.30725,E,1,10,0.9,-18.6,M,44.7,M,,*50
8347 1627992957 0 7 $GNGGA,121557.000,4424.06962,N,00855.30697,E,1,10,0.9,-18.8,M,44.7,M,,*5A
8348 1627992958 0 3 2.56 0.00
8349 1627992958 0 4 2.54 1.45
8357 1627992960 0 7 $GNGGA,121600.000,4424.07191,N,00855.30646,E,1,10,0.9,-19.3,M,44.7,M,,*58
8359 1627992961 0 4 2.54 1.45
8360 1627992961 0 5 0.02
8361 1627992961 0 6 0.07
8362 1627992961 0 8 4.98 12.35 11.87
8376 1627992965 0 7 $GNGGA,121605.000,4424.07541,N,00855.30376,E,1,10,0.9,-17.9,M,44.7,M,,*56
8377 1627992966 0 7 $GNGGA,121606.000,4424.07622,N,00855.30309,E,1,10,0.9,-17.7,M,44.7,M,,*55
8378 1627992967 0 3 2.56 0.00
8379 1627992967 0 4 2.54 1.46
8387 1627992969 0 7 $GNGGA,121609.000,4424.07868,N,00855.30160,E,1,10,0.9,-16.5,M,44.7,M,,*54
8397 1627992972 0 7 $GNGGA,121612.000,4424.08068,N,00855.29982,E,1,10,0.9,-15.0,M,44.7,M,,*53
8398 1627992973 0 3 2.56 0.00
8406 1627992974 0 7 $GNGGA,121614.000,4424.08203,N,00855.29857,E,1,10,0.9,-15.1,M,44.7,M,,*52
8407 1627992975 0 7 $GNGGA,121615.000,4424.08268,N,00855.29807,E,1,10,0.9,-15.4,M,44.7,M,,*5E
8408 1627992976 0 3 2.56 0.00
8409 1627992976 0 4 2.54 1.46
8413 1627992977 0 1 5.527
8414 1627992977 0 0 26.38 8.25 157.1 61.47 106.1 6.56 176.9 17.1 185.7 2.49 41.29 13.9
8415 1627992977 0 7 $GNGGA,121616.000,4424.08331,N,00855.29757,E,1,10,0.9,-16.0,M,44.7,M,,*5D
8417 1627992978 0 7 $GNGGA,121618.000,4424.08446,N,00855.29671,E,1,10,0.9,-16.9,M,44.7,M,,*58
8423 1627992980 0 1 4.865
8424 1627992980 0 0 26.39 8.25 157.1 61.48 106.2 6.57 176.9 17.1 185.6 2.42 41.30 13.9
8426 1627992980 0 7 $GNGGA,121620.000,4424.08562,N,00855.29569,E,1,10,0.9,-17.3,M,44.7,M,,*55
8427 1627992981 0 7 $GNGGA,121621.000,4424.08614,N,00855.29498,E,1,10,0.9,-17.5,M,44.7,M,,*5F
8437 1627992984 0 7 $GNGGA,121624.000,4424.08787,N,00855.29250,E,1,10,0.9,-18.2,M,44.7,M,,*5B
8438 1627992985 0 3 2.56 0.00
8439 1627992985 0 4 2.54 1.46
8447 1627992987 0 7 $GNGGA,121627.000,4424.08984,N,00855.28964,E,1,10,0.9,-19.2,M,44.7,M,,*59
8456 1627992989 0 7 $GNGGA,121629.000,4424.09119,N,00855.28849,E,1,10,0.9,-18.6,M,44.7,M,,*51
8457 1627992990 0 7 $GNGGA,121630.000,4424.09189,N,00855.28791,E,1,10,0.9,-18.1,M,44.7,M,,*5D
8458 1627992991 0 3 2.56 0.00
8467 1627992993 0 7 $GNGGA,121633.000,4424.09386,N,00855.28545,E,1,10,0.9,-16.4,M,44.7,M,,*53
8469 1627992994 0 4 2.54 1.46
8470 1627992994 0 5 0.02
8471 1627992994 0 6 0.08
8472 1627992994 0 8 4.98 12.35 11.87
8477 1627992996 0 7 $GNGGA,121636.000,4424.09541,N,00855.28302,E,1,10,0.9,-14.6,M,44.7,M,,*5E
8478 1627992997 0 3 2.56 0.00
8486 1627992998 0 7 $GNGGA,121638.000,4424.09695,N,00855.28156,E,1,10,0.9,-13.4,M,44.7,M,,*5C
8487 1627992999 0 7 $GNGGA,121639.000,4424.09776,N,00855.28096,E,1,10,0.9,-12.9,M,44.7,M,,*50
8488 1627993000 0 3 2.56 0.00
8497 1627993002 0 7 $GNGGA,121642.000,4424.09921,N,00855.27937,E,1,10,0.9,-12.3,M,44.7,M,,*57
8499 1627993003 0 4 2.54 1.46
8502 1627993003 0 8 4.98 12.34 11.89
8503 1627993004 0 1 5.639
8504 1627993004 0 0 26.37 8.26 157.0 61.45 106.9 6.61 177.1 17.1 185.7 2.50 41.28 14.0
8505 1627993004 0 7 $GNGGA,121643.000,4424.09960,N,00855.27870,E,1,10,0.9,-12.7,M,44.7,M,,*55
8508 1627993006 0 3 2.56 0.00
8512 1627993006 0 8 4.98 12.35 11.87
8513 1627993007 0 1 4.946
8514 1627993007 0 0 26.34 8.25 157.0 61.47 106.9 6.62 177.5 17.1 186.0 2.52 41.29 13.9
8515 1627993007 0 7 $GNGGA,121646.000,4424.10067,N,00855.27573,E,1,10,0.9,-14.6,M,44.7,M,,*5F
8516 1627993007 0 7 $GNGGA,121647.000,4424.10128,N,00855.27479,E,1,10,0.9,-15.1,M,44.7,M,,*59
8517 1627993008 0 7 $GNGGA,121648.000,4424.10197,N,00855.27382,E,1,10,0.9,-14.9,M,44.7,M,,*58
8527 1627993011 0 7 $GNGGA,121651.000,4424.10452,N,00855.27142,E,1,10,0.9,-14.4,M,44.7,M,,*5F
8535 1627993013 0 7 $GNGGA,121652.000,4424.10527,N,00855.27068,E,1,10,0.9,-14.3,M,44.7,M,,*51
8536 1627993013 0 7 $GNGGA,121653.000,4424.10590,N,00855.27004,E,1,10,0.9,-14.4,M,44.7,M,,*51
8537 1627993014 0 7 $GNGGA,121654.000,4424.10669,N,00855.26927,E,1,10,0.9,-14.4,M,44.7,M,,*5A
8538 1627993015 0 3 2.56 0.00
8546 1627993016 0 7 $GNGGA,121656.000,4424.10812,N,00855.26800,E,1,10,0.9,-13.2,M,44.7,M,,*5F
8547 1627993017 0 7 $GNGGA,121657.000,4424.10873,N,00855.26719,E,1,10,0.9,-13.1,M,44.7,M,,*5D
8548 1627993018 0 3 2.56 0.00
8549 1627993018 0 4 2.54 1.45
8557 1627993020 0 7 $GNGGA,121700.000,4424.11153,N,00855.26463,E,1,10,0.9,-13.2,M,44.7,M,,*59
8565 1627993022 0 7 $GNGGA,121701.000,4424.11239,N,00855.26408,E,1,10,0.9,-13.4,M,44.7,M,,*5C
8566 1627993022 0 7 $GNGGA,121702.000,4424.11327,N,00855.26365,E,1,10,0.9,-13.1,M,44.7,M,,*58
8567 1627993023 0 7 $GNGGA,121703.000,4424.11406,N,00855.26323,E,1,10,0.9,-13.0,M,44.7,M,,*5E
8568 1627993024 0 3 2.56 0.00
8577 1627993026 0 7 $GNGGA,121706.000,4424.11605,N,00855.26142,E,1,10,0.9,-13.0,M,44.7,M,,*5F
8578 1627993027 0 3 2.56 0.00
8579 1627993027 0 4 2.54 1.45
8587 1627993029 0 2 0.05160000 3.56640005 1.43060007 0.02740000 2.72989988 0.00430000 0.05600000 0.22880001 1.00000000 87.89299774
8588 1627993029 0 7 $GNGGA,121709.000,4424.11783,N,00855.25932,E,1,10,0.9,-13.9,M,44.7,M,,*5A
8597 1627993031 0 7 $GNGGA,121711.000,4424.11913,N,00855.25810,E,1,10,0.9,-13.9,M,44.7,M,,*55
8598 1627993032 0 7 $GNGGA,121712.000,4424.11965,N,00855.25726,E,1,10,0.9,-14.4,M,44.7,M,,*57
8599 1627993033 0 3 2.56 0.00
8607 1627993034 0 7 $GNGGA,121714.000,4424.12074,N,00855.25566,E,1,10,0.9,-14.9,M,44.7,M,,*50
8608 1627993035 0 7 $GNGGA,121715.000,4424.12136,N,00855.25481,E,1,10,0.9,-15.0,M,44.7,M,,*56
8609 1627993036 0 3 2.56 0.00
8610 1627993036 0 4 2.54 1.45
8613 1627993036 0 8 4.98 12.35 11.87
8614 1627993037 0 1 5.289
8615 1627993037 0 0 26.42 8.26 157.0 61.47 108.2 6.69 176.4 17.1 183.8 2.61 41.29 14.0
8618 1627993038 0 7 $GNGGA,121718.000,4424.12290,N,00855.25260,E,1,10,0.9,-15.2,M,44.7,M,,*5F
8627 1627993040 0 7 $GNGGA,121720.000,4424.12420,N,00855.25136,E,1,10,0.9,-15.5,M,44.7,M,,*5E
8628 1627993041 0 7 $GNGGA,121721.000,4424.12495,N,00855.25065,E,1,10,0.9,-16.0,M,44.7,M,,*50
8638 1627993044 0 7 $GNGGA,121724.000,4424.12687,N,00855.24890,E,1,10,0.9,-18.1,M,44.7,M,,*58
8639 1627993045 0 3 2.56 0.00
8640 1627993045 0 4 2.54 1.44
8648 1627993047 0 7 $GNGGA,121727.000,4424.12863,N,00855.24677,E,1,10,0.9,-20.0,M,44.7,M,,*52
8649 1627993048 0 3 2.56 0.00
8657 1627993049 0 7 $GNGGA,121729.000,4424.12999,N,00855.24545,E,1,10,0.9,-20.6,M,44.7,M,,*5C
8658 1627993050 0 7 $GNGGA,121730.000,4424.13056,N,00855.24478,E,1,10,0.9,-20.7,M,44.7,M,,*51
8659 1627993051 0 3 2.56 0.00
8668 1627993053 0 7 $GNGGA,121733.000,4424.13196,N,00855.24216,E,1,10,0.9,-21.6,M,44.7,M,,*51
8678 1627993056 0 7 $GNGGA,121736.000,4424.13351,N,00855.23974,E,1,10,0.9,-22.1,M,44.7,M,,*51
8679 1627993057 0 3 2.56 0.00
8687 1627993058 0 7 $GNGGA,121738.000,4424.13479,N,00855.23791,E,1,10,0.9,-22.9,M,44.7,M,,*5F
8688 1627993059 0 7 $GNGGA,121739.000,4424.13567,N,00855.23705,E,1,09,1.0,-23.3,M,44.7,M,,*56
8689 1627993060 0 3 2.56 0.00
8698 1627993062 0 7 $GNGGA,121742.000,4424.13796,N,00855.23361,E,1,09,1.0,-24.3,M,44.7,M,,*57
8699 1627993063 0 3 2.56 0.00
8700 1627993063 0 4 2.54 1.45
8708 1627993065 0 7 $GNGGA,121745.000,4424.13944,N,00855.23171,E,1,09,1.0,-22.9,M,44.7,M,,*5E
8709 1627993066 0 3 2.56 0.00
8713 1627993066 0 8 4.98 12.35 11.87
8714 1627993067 0 1 5.176
8715 1627993067 0 0 26.45 8.26 156.9 61.50 110.0 6.79 176.5 17.2 184.2 2.71 41.31 14.0
8717 1627993067 0 7 $GNGGA,121747.000,4424.14023,N,00855.23041,E,1,09,1.0,-22.1,M,44.7,M,,*59
8718 1627993068 0 7 $GNGGA,121748.000,4424.14076,N,00855.23008,E,1,09,1.0,-21.9,M,44.7,M,,*50
8719 1627993069 0 3 2.56 0.00
8728 1627993071 0 7 $GNGGA,121751.000,4424.14266,N,00855.22936,E,1,09,1.0,-21.6,M,44.7,M,,*51
8730 1627993072 0 4 2.54 1.45
8731 1627993072 0 5 0.02
8732 1627993072 0 6 0.06
8733 1627993073 0 8 4.98 12.35 11.87
8738 1627993074 0 7 $GNGGA,121754.000,4424.14482,N,00855.22794,E,1,09,1.0,-20.8,M,44.7,M,,*51
8739 1627993075 0 3 2.56 0.00
8747 1627993076 0 7 $GNGGA,121756.000,4424.14628,N,00855.22699,E,1,10,0.9,-20.2,M,44.7,M,,*57
8748 1627993077 0 7 $GNGGA,121757.000,4424.14696,N,00855.22667,E,1,10,0.9,-20.1,M,44.7,M,,*51
8749 1627993078 0 3 2.56 0.00
8750 1627993078 0 4 2.54 1.44
8751 1627993078 0 5 0.02
8752 1627993078 0 6 0.06
8753 1627993078 0 8 4.98 12.35 11.87
8754 1627993079 0 1 4.736
8755 1627993079 0 0 26.45 8.26 156.9 61.45 110.1 6.80 176.3 17.2 184.4 2.71 41.27 14.0
8756 1627993079 0 7 $GNGGA,121758.000,4424.14763,N,00855.22625,E,1,10,0.9,-19.8,M,44.7,M,,*50
8757 1627993079 0 7 $GNGGA,121759.000,4424.14822,N,00855.22589,E,1,10,0.9,-19.6,M,44.7,M,,*50
8758 1627993080 0 7 $GNGGA,121800.000,4424.14877,N,00855.22547,E,1,10,0.9,-19.5,M,44.7,M,,*52
8759 1627993081 0 3 2.56 0.00
8760 1627993081 0 4 2.54 1.44
8761 1627993081 0 5 0.02
8762 1627993081 0 6 0.06
8763 1627993081 0 8 4.98 12.35 11.87
8764 1627993082 0 1 5.390
8765 1627993082 0 0 26.45 8.26 157.0 61.50 110.1 6.80 176.7 17.2 184.7 2.68 41.31 14.0
8766 1627993082 0 7 $GNGGA,121801.000,4424.14934,N,00855.22517,E,1,10,0.9,-19.5,M,44.7,M,,*50
8767 1627993082 0 7 $GNGGA,121802.000,4424.14991,N,00855.22479,E,1,10,0.9,-19.3,M,44.7,M,,*53
8768 1627993083 0 7 $GNGGA,121803.000,4424.15067,N,00855.22439,E,1,10,0.9,-18.7,M,44.7,M,,*52
8769 1627993084 0 3 2.56 0.00
8770 1627993084 0 4 2.54 1.45
8771 1627993084 0 5 0.02
8772 1627993084 0 6 0.06
8773 1627993084 0 8 4.98 12.35 11.89
8774 1627993085 0 1 5.768
8775 1627993085 0 0 26.41 8.26 156.9 61.52 110.1 6.80 177.1 17.1 185.5 2.60 41.32 14.0
8776 1627993085 0 7 $GNGGA,121804.000,4424.15149,N,00855.22391,E,1,10,0.9,-18.0,M,44.7,M,,*5A
8777 1627993085 0 7 $GNGGA,121805.000,4424.15231,N,00855.22335,E,1,10,0.9,-17.4,M,44.7,M,,*52
8778 1627993086 0 7 $GNGGA,121806.000,4424.15313,N,00855.22282,E,1,10,0.9,-16.5,M,44.7,M,,*5D
8779 1627993087 0 3 2.56 0.00
8780 1627993087 0 4 2.54 1.45
8781 1627993087 0 5 0.02
8782 1627993087 0 6 0.07
8783 1627993087 0 8 4.98 12.36 11.87
8784 1627993088 0 1 4.906
8785 1627993088 0 0 26.42 8.26 157.0 61.51 110.0 6.80 176.9 17.1 185.5 2.60 41.32 14.0
8786 1627993088 0 7 $GNGGA,121807.000,4424.15389,N,00855.22219,E,1,10,0.9,-15.5,M,44.7,M,,*5E
8787 1627993088 0 7 $GNGGA,121808.000,4424.15464,N,00855.22157,E,1,10,0.9,-14.7,M,44.7,M,,*5F
8788 1627993089 0 7 $GNGGA,121809.000,4424.15539,N,00855.22105,E,1,10,0.9,-14.0,M,44.7,M,,*57
8789 1627993090 0 3 2.56 0.00
8790 1627993090 0 4 2.54 1.45
8791 1627993090 0 5 0.02
8792 1627993090 0 6 0.06
8793 1627993090 0 8 4.97 12.21 11.84
8794 1627993091 0 1 5.550
8795 1627993091 0 0 26.40 8.26 157.0 61.50 110.1 6.81 177.0 17.1 185.5 2.58 41.31 14.0
8796 1627993091 0 7 $GNGGA,121810.000,4424.15619,N,00855.22047,E,1,10,0.9,-13.6,M,44.7,M,,*58
8797 1627993091 0 7 $GNGGA,121811.000,4424.15691,N,00855.21981,E,1,10,0.9,-13.6,M,44.7,M,,*59
8798 1627993092 0 7 $GNGGA,121812.000,4424.15760,N,00855.21934,E,1,10,0.9,-14.0,M,44.7,M,,*5A
8799 1627993093 0 3 2.56 0.00
8800 1627993093 0 4 2.54 1.45
8801 1627993093 0 5 0.02
8802 1627993093 0 6 0.07
8803 1627993094 0 8 4.98 12.21 11.87
8804 1627993094 0 1 4.659
8805 1627993094 0 0 26.44 8.26 157.0 61.45 110.0 6.80 176.7 17.2 184.9 2.55 41.28 14.0
8806 1627993094 0 7 $GNGGA,121813.000,4424.15832,N,00855.21896,E,1,10,0.9,-14.0,M,44.7,M,,*5A
8807 1627993094 0 7 $GNGGA,121814.000,4424.15902,N,00855.21859,E,1,10,0.9,-14.2,M,44.7,M,,*5E
8808 1627993095 0 7 $GNGGA,121815.000,4424.15983,N,00855.21822,E,1,10,0.9,-13.5,M,44.7,M,,*5A
8809 1627993096 0 3 2.56 0.00
8810 1627993096 0 4 2.54 1.45
8811 1627993096 0 5 0.02
8812 1627993096 0 6 0.11
8813 1627993096 0 8 4.98 12.34 11.87
8814 1627993097 0 1 5.449
8815 1627993097 0 0 26.45 8.25 156.9 61.48 110.1 6.80 176.6 17.2 184.7 2.60 41.30 14.0
8816 1627993097 0 7 $GNGGA,121816.000,4424.16063,N,00855.21798,E,1,10,0.9,-12.9,M,44.7,M,,*5E
8817 1627993097 0 7 $GNGGA,121817.000,4424.16147,N,00855.21771,E,1,10,0.9,-12.9,M,44.7,M,,*5F
8818 1627993098 0 7 $GNGGA,121818.000,4424.16237,N,00855.21733,E,1,10,0.9,-12.9,M,44.7,M,,*52
8819 1627993099 0 3 2.56 0.00
8820 1627993099 0 4 2.54 1.45
8821 1627993099 0 5 0.02
8822 1627993099 0 6 0.07
8823 1627993100 0 8 4.97 12.21 11.84
8824 1627993100 0 1 4.674
8825 1627993100 0 0 26.46 8.26 156.9 61.47 110.0 6.80 176.7 17.2 185.0 2.59 41.29 14.0
8826 1627993100 0 7 $GNGGA,121819.000,4424.16321,N,00855.21695,E,1,10,0.9,-13.2,M,44.7,M,,*52
8827 1627993100 0 7 $GNGGA,121820.000,4424.16368,N,00855.21656,E,1,09,1.0,-17.8,M,44.7,M,,*54
8828 1627993101 0 7 $GNGGA,121821.000,4424.16423,N,00855.21624,E,1,09,1.0,-19.0,M,44.7,M,,*5E
8829 1627993102 0 3 2.56 0.00
8830 1627993102 0 4 2.54 1.45
8831 1627993102 0 5 0.02
8832 1627993102 0 6 0.06
8833 1627993102 0 8 4.98 12.36 11.87
8834 1627993103 0 1 4.658
8835 1627993103 0 0 26.46 8.25 157.0 61.56 110.0 6.79 176.5 17.2 184.8 2.55 41.35 14.0
8836 1627993103 0 7 $GNGGA,121822.000,4424.16475,N,00855.21598,E,1,09,1.0,-19.6,M,44.7,M,,*5C
8837 1627993103 0 7 $GNGGA,121823.000,4424.16530,N,00855.21576,E,1,09,1.0,-20.1,M,44.7,M,,*50
8838 1627993104 0 7 $GNGGA,121824.000,4424.16595,N,00855.21543,E,1,09,1.0,-20.1,M,44.7,M,,*5E
8839 1627993105 0 3 2.56 0.00
8840 1627993105 0 4 2.54 1.45
8841 1627993105 0 5 0.02
8842 1627993105 0 6 0.07
8843 1627993106 0 8 4.98 12.34 11.87
8844 1627993106 0 1 4.793
8845 1627993106 0 0 26.46 8.26 156.9 61.53 110.0 6.79 176.5 17.2 184.9 2.53 41.33 14.0
8846 1627993106 0 7 $GNGGA,121825.000,4424.16668,N,00855.21504,E,1,09,1.0,-20.0,M,44.7,M,,*5C
8847 1627993106 0 7 $GNGGA,121826.000,4424.16743,N,00855.21462,E,1,09,1.0,-19.7,M,44.7,M,,*5B
8848 1627993107 0 7 $GNGGA,121827.000,4424.16821,N,00855.21428,E,1,09,1.0,-19.6,M,44.7,M,,*5E
8849 1627993108 0 3 2.56 0.00
8850 1627993108 0 4 2.54 1.45
8851 1627993108 0 5 0.02
8852 1627993108 0 6 0.07
8853 1627993109 0 8 4.98 12.20 11.84
8854 1627993109 0 1 5.091
8855 1627993109 0 0 26.48 8.25 157.0 61.47 109.1 6.74 176.5 17.2 184.7 2.60 41.29 14.0
8856 1627993109 0 7 $GNGGA,121828.000,4424.16902,N,00855.21398,E,1,09,1.0,-19.1,M,44.7,M,,*5A
8857 1627993109 0 7 $GNGGA,121829.000,4424.16976,N,00855.21363,E,1,09,1.0,-19.1,M,44.7,M,,*5C
8858 1627993110 0 7 $GNGGA,121830.000,4424.17054,N,00855.21325,E,1,09,1.0,-18.9,M,44.7,M,,*57
8859 1627993111 0 3 2.56 0.00
8860 1627993111 0 4 2.54 1.45
8861 1627993111 0 5 0.02
8862 1627993111 0 6 0.06
8863 1627993112 0 8 4.98 12.36 11.87
8864 1627993112 0 1 5.751
8865 1627993112 0 0 26.46 8.25 157.0 61.45 110.1 6.80 176.7 17.2 185.1 2.59 41.27 14.0
8866 1627993112 0 7 $GNGGA,121831.000,4424.17151,N,00855.21296,E,1,09,1.0,-18.7,M,44.7,M,,*55
8867 1627993112 0 7 $GNGGA,121832.000,4424.17251,N,00855.21291,E,1,09,1.0,-18.6,M,44.7,M,,*53
8868 1627993113 0 7 $GNGGA,121833.000,4424.17348,N,00855.21297,E,1,09,1.0,-18.7,M,44.7,M,,*5C
8869 1627993114 0 3 2.56 0.00
8870 1627993114 0 4 2.54 1.45
8871 1627993114 0 5 0.02
8872 1627993114 0 6 0.06
8873 1627993115 0 8 4.98 12.35 11.87
8874 1627993115 0 1 4.631
8875 1627993115 0 0 26.46 8.26 156.9 61.47 110.1 6.80 176.8 17.2 185.3 2.55 41.29 14.0
8876 1627993115 0 7 $GNGGA,121834.000,4424.17433,N,00855.21289,E,1,09,1.0,-18.8,M,44.7,M,,*50
8877 1627993115 0 7 $GNGGA,121835.000,4424.17510,N,00855.21266,E,1,09,1.0,-18.2,M,44.7,M,,*5A
8878 1627993116 0 7 $GNGGA,121836.000,4424.17591,N,00855.21226,E,1,09,1.0,-17.9,M,44.7,M,,*50
8879 1627993117 0 3 2.56 0.00
8880 1627993117 0 4 2.54 1.45
8881 1627993117 0 5 0.02
8882 1627993117 0 6 0.09
8883 1627993118 0 8 4.98 12.35 11.87
8884 1627993118 0 1 4.898
8885 1627993118 0 0 26.47 8.26 157.0 61.47 110.2 6.81 176.8 17.2 185.1 2.59 41.29 14.0
8886 1627993118 0 7 $GNGGA,121837.000,4424.17665,N,00855.21183,E,1,09,1.0,-17.7,M,44.7,M,,*5B
8887 1627993118 0 7 $GNGGA,121838.000,4424.17732,N,00855.21134,E,1,09,1.0,-17.6,M,44.7,M,,*5A
8888 1627993119 0 7 $GNGGA,121839.000,4424.17792,N,00855.21080,E,1,09,1.0,-18.0,M,44.7,M,,*56
8889 1627993120 0 3 2.56 0.00
8890 1627993120 0 4 2.54 1.45
8891 1627993120 0 5 0.02
8892 1627993120 0 6 0.07
8893 1627993121 0 8 4.98 12.35 11.87
8894 1627993121 0 1 4.975
8895 1627993121 0 0 26.48 8.26 157.0 61.48 110.2 6.80 176.6 17.2 185.1 2.58 41.29 14.1
8896 1627993121 0 7 $GNGGA,121840.000,4424.17856,N,00855.21013,E,1,09,1.0,-18.4,M,44.7,M,,*51
8897 1627993121 0 7 $GNGGA,121841.000,4424.17911,N,00855.20948,E,1,09,1.0,-18.8,M,44.7,M,,*58
8898 1627993122 0 7 $GNGGA,121842.000,4424.17958,N,00855.20894,E,1,09,1.0,-19.1,M,44.7,M,,*5E
8899 1627993123 0 3 2.56 0.00
8900 1627993123 0 4 2.54 1.45
8901 1627993123 0 5 0.02
8902 1627993123 0 6 0.05
8903 1627993124 0 8 4.98 12.34 11.87
8904 1627993124 0 1 5.256
8905 1627993124 0 0 26.48 8.26 156.9 61.46 110.3 6.81 176.6 17.2 185.0 2.59 41.28 14.1
8906 1627993124 0 7 $GNGGA,121843.000,4424.17996,N,00855.20828,E,1,09,1.0,-19.4,M,44.7,M,,*5F
8907 1627993124 0 7 $GNGGA,121844.000,4424.18034,N,00855.20774,E,1,09,1.0,-19.8,M,44.7,M,,*5C
8908 1627993125 0 7 $GNGGA,121845.000,4424.18077,N,00855.20727,E,1,09,1.0,-20.2,M,44.7,M,,*5C
8909 1627993126 0 3 2.56 0.00
8910 1627993126 0 4 2.54 1.46
8911 1627993126 0 5 0.03
8912 1627993126 0 6 0.05
8913 1627993127 0 8 4.98 12.36 11.87
8914 1627993127 0 1 5.578
8915 1627993127 0 0 26.46 8.26 157.0 61.48 110.1 6.80 177.1 17.1 185.2 2.60 41.29 14.1
8916 1627993127 0 7 $GNGGA,121846.000,4424.18135,N,00855.20676,E,1,09,1.0,-20.3,M,44.7,M,,*5C
8917 1627993127 0 7 $GNGGA,121847.000,4424.18197,N,00855.20609,E,1,09,1.0,-20.4,M,44.7,M,,*5A
8918 1627993128 0 7 $GNGGA,121848.000,4424.18266,N,00855.20506,E,1,09,1.0,-20.1,M,44.7,M,,*51
8919 1627993129 0 3 2.56 0.00
8920 1627993129 0 4 2.54 1.45
8921 1627993129 0 5 0.02
8922 1627993129 0 6 0.07
8923 1627993130 0 8 4.98 12.36 11.87
8924 1627993130 0 1 4.916
8925 1627993130 0 0 26.48 8.26 157.0 61.46 110.2 6.80 176.7 17.2 185.3 2.61 41.28 14.0
8926 1627993130 0 7 $GNGGA,121849.000,4424.18321,N,00855.20454,E,1,09,1.0,-19.1,M,44.7,M,,*5E
8927 1627993130 0 7 $GNGGA,121850.000,4424.18374,N,00855.20397,E,1,09,1.0,-18.7,M,44.7,M,,*59
8928 1627993131 0 7 $GNGGA,121851.000,4424.18418,N,00855.20348,E,1,09,1.0,-18.5,M,44.7,M,,*55
8929 1627993132 0 3 2.56 0.00
8930 1627993132 0 4 2.54 1.46
8931 1627993132 0 5 0.03
8932 1627993132 0 6 0.05
8933 1627993133 0 8 4.98 12.35 11.84
8934 1627993133 0 1 5.169
8935 1627993133 0 0 26.48 8.26 157.0 61.45 110.2 6.81 176.6 17.2 185.0 2.65 41.27 14.1
8936 1627993133 0 7 $GNGGA,121852.000,4424.18477,N,00855.20310,E,1,09,1.0,-18.1,M,44.7,M,,*56
8937 1627993133 0 7 $GNGGA,121853.000,4424.18523,N,00855.20283,E,1,09,1.0,-17.6,M,44.7,M,,*54
8938 1627993134 0 7 $GNGGA,121854.000,4424.18575,N,00855.20258,E,1,09,1.0,-17.0,M,44.7,M,,*50
8939 1627993135 0 7 $GNGGA,121855.000,4424.18617,N,00855.20219,E,1,09,1.0,-16.0,M,44.7,M,,*52
8940 1627993135 0 3 2.56 0.00
8941 1627993135 0 4 2.54 1.46
8942 1627993135 0 5 0.02
8943 1627993136 0 6 0.06
8944 1627993136 0 8 4.98 12.35 11.87
8945 1627993136 0 1 5.083
8946 1627993136 0 0 26.48 8.26 157.0 61.44 110.3 6.81 176.7 17.2 185.5 2.67 41.26 14.1
8947 1627993136 0 7 $GNGGA,121856.000,4424.18657,N,00855.20178,E,1,09,1.0,-15.2,M,44.7,M,,*50
8948 1627993137 0 7 $GNGGA,121857.000,4424.18706,N,00855.20137,E,1,09,1.0,-14.5,M,44.7,M,,*59
8949 1627993139 0 3 2.56 0.00
8950 1627993139 0 4 2.54 1.46
8951 1627993139 0 5 0.02
8952 1627993139 0 6 0.06
8953 1627993139 0 8 4.98 12.35 11.87
8954 1627993139 0 1 6.000
8955 1627993140 0 0 26.48 8.26 157.0 61.50 110.3 6.81 176.7 17.2 185.8 2.69 41.31 14.1
8956 1627993140 0 7 $GNGGA,121858.000,4424.18752,N,00855.20111,E,1,09,1.0,-13.1,M,44.7,M,,*50
8957 1627993140 0 7 $GNGGA,121859.000,4424.18806,N,00855.20105,E,1,09,1.0,-12.1,M,44.7,M,,*5B
8958 1627993141 0 7 $GNGGA,121900.000,4424.18860,N,00855.20109,E,1,10,0.9,-10.7,M,44.7,M,,*5E
8959 1627993142 0 3 2.56 0.00
8960 1627993142 0 4 2.54 1.46
8961 1627993142 0 5 0.02
8962 1627993142 0 6 0.06
8963 1627993142 0 8 4.98 12.35 11.87
8964 1627993142 0 1 5.753
8965 1627993143 0 0 26.45 8.26 156.9 61.49 110.3 6.81 176.9 17.2 186.0 2.71 41.30 14.1
8966 1627993143 0 7 $GNGGA,121901.000,4424.18922,N,00855.20087,E,1,10,0.9,-9.2,M,44.7,M,,*62
8967 1627993143 0 7 $GNGGA,121902.000,4424.18981,N,00855.20040,E,1,10,0.9,-7.9,M,44.7,M,,*66
8968 1627993144 0 7 $GNGGA,121903.000,4424.19030,N,00855.19991,E,1,10,0.9,-6.7,M,44.7,M,,*65
8969 1627993145 0 3 2.56 0.00
8970 1627993145 0 4 2.54 1.45
8971 1627993145 0 5 0.02
8972 1627993145 0 6 0.07
8973 1627993145 0 8 4.98 12.35 11.87
8974 1627993145 0 1 5.200
8975 1627993146 0 0 26.47 8.26 156.9 61.42 110.4 6.82 176.8 17.2 185.4 2.71 41.25 14.1
8976 1627993146 0 7 $GNGGA,121904.000,4424.19079,N,00855.19926,E,1,10,0.9,-5.9,M,44.7,M,,*6E
8977 1627993146 0 7 $GNGGA,121905.000,4424.19138,N,00855.19840,E,1,09,1.2,-5.9,M,44.7,M,,*68
8978 1627993147 0 7 $GNGGA,121906.000,4424.19190,N,00855.19769,E,1,09,1.2,-5.5,M,44.7,M,,*61
8979 1627993148 0 7 $GNGGA,121907.000,4424.19245,N,00855.19708,E,1,09,1.2,-5.4,M,44.7,M,,*6D
8980 1627993148 0 3 2.56 0.00
8981 1627993148 0 4 2.54 1.45
8982 1627993148 0 5 0.02
8983 1627993148 0 6 0.07
8984 1627993148 0 8 4.98 12.36 11.87
8985 1627993149 0 1 4.797
8986 1627993149 0 0 26.49 8.26 157.0 61.49 110.4 6.82 176.6 17.2 185.3 2.73 41.30 14.1
8987 1627993149 0 7 $GNGGA,121908.000,4424.19327,N,00855.19601,E,1,09,1.2,-6.4,M,44.7,M,,*6C
8988 1627993150 0 2 0.05130000 3.35890007 1.46399998 0.02580000 2.67689990 0.00390000 0.05510000 0.22720000 1.00000000 88.08100128
8989 1627993150 0 7 $GNGGA,121909.000,4424.19402,N,00855.19511,E,1,09,1.2,-6.2,M,44.7,M,,*69
8990 1627993151 0 3 2.56 0.00
8991 1627993151 0 4 2.54 1.45
8992 1627993151 0 5 0.02
8993 1627993151 0 6 0.06
8994 1627993151 0 8 4.98 12.35 11.89
8995 1627993151 0 1 5.211
8996 1627993152 0 0 26.49 8.26 156.9 61.51 110.5 6.82 176.6 17.2 184.9 2.77 41.32 14.1
8997 1627993152 0 7 $GNGGA,121910.000,4424.19464,N,00855.19452,E,1,10,0.9,-5.7,M,44.7,M,,*63
8998 1627993152 0 7 $GNGGA,121911.000,4424.19535,N,00855.19392,E,1,10,0.9,-5.4,M,44.7,M,,*6F
8999 1627993153 0 7 $GNGGA,121912.000,4424.19534,N,00855.19412,E,1,10,0.9,-5.1,M,44.7,M,,*67
9000 1627993154 0 7 $GNGGA,121913.000,4424.19536,N,00855.19444,E,1,10,0.9,-4.7,M,44.7,M,,*60
9001 1627993154 0 3 2.56 0.00
9002 1627993154 0 4 2.54 1.46
9003 1627993154 0 5 0.02
9004 1627993154 0 6 0.06
9005 1627993154 0 8 4.98 12.34 11.87
9006 1627993155 0 1 4.993
9007 1627993155 0 0 26.48 8.26 157.0 61.48 110.5 6.82 176.8 17.2 185.6 2.78 41.29 14.1
9008 1627993155 0 7 $GNGGA,121914.000,4424.19539,N,00855.19463,E,1,10,0.9,-4.5,M,44.7,M,,*6F
9009 1627993156 0 7 $GNGGA,121915.000,4424.19577,N,00855.19421,E,1,10,0.9,-4.3,M,44.7,M,,*64
9010 1627993157 0 3 2.56 0.00
9011 1627993157 0 4 2.54 1.46
9012 1627993157 0 5 0.02
9013 1627993157 0 6 0.06
9014 1627993157 0 8 4.98 12.35 11.87
9015 1627993158 0 1 5.504
9016 1627993158 0 0 26.47 8.26 156.9 61.57 110.5 6.82 176.9 17.2 185.8 2.78 41.36 14.1
9017 1627993158 0 7 $GNGGA,121916.000,4424.19609,N,00855.19372,E,1,10,0.9,-4.4,M,44.7,M,,*6B
9018 1627993158 0 7 $GNGGA,121917.000,4424.19665,N,00855.19310,E,1,10,0.9,-4.7,M,44.7,M,,*67
9019 1627993159 0 7 $GNGGA,121918.000,4424.19735,N,00855.19224,E,1,10,0.9,-5.0,M,44.7,M,,*6C
9020 1627993160 0 7 $GNGGA,121919.000,4424.19795,N,00855.19172,E,1,10,0.9,-5.2,M,44.7,M,,*65
9021 1627993160 0 3 2.56 0.00
9022 1627993160 0 4 2.54 1.46
9023 1627993160 0 5 0.02
9024 1627993160 0 6 0.07
9025 1627993161 0 8 4.98 12.35 11.87
9026 1627993161 0 1 5.032
9027 1627993161 0 0 26.48 8.26 157.0 61.44 110.5 6.82 176.8 17.2 185.7 2.80 41.26 14.1
9028 1627993161 0 7 $GNGGA,121920.000,4424.19837,N,00855.19132,E,1,10,0.9,-5.5,M,44.7,M,,*6B
9029 1627993162 0 7 $GNGGA,121921.000,4424.19855,N,00855.19064,E,1,10,0.9,-6.2,M,44.7,M,,*68
9030 1627993163 0 7 $GNGGA,121922.000,4424.19884,N,00855.18960,E,1,10,0.9,-6.8,M,44.7,M,,*61
9031 1627993163 0 3 2.56 0.00
9032 1627993163 0 4 2.54 1.46
9033 1627993163 0 5 0.03
9034 1627993163 0 6 0.07
9035 1627993163 0 8 4.98 12.34 11.87
9036 1627993164 0 1 4.745
9037 1627993164 0 0 26.49 8.26 156.9 61.43 110.5 6.82 176.7 17.2 185.7 2.82 41.25 14.1
9038 1627993164 0 7 $GNGGA,121923.000,4424.19949,N,00855.18855,E,1,10,0.9,-7.0,M,44.7,M,,*6E
9039 1627993165 0 7 $GNGGA,121924.000,4424.20035,N,00855.18755,E,1,10,0.9,-7.1,M,44.7,M,,*6F
9040 1627993166 0 7 $GNGGA,121925.000,4424.20131,N,00855.18670,E,1,10,0.9,-7.0,M,44.7,M,,*6C
9041 1627993166 0 3 2.56 0.00
9042 1627993166 0 4 2.54 1.48
9043 1627993166 0 5 0.02
9044 1627993167 0 6 0.07
9045 1627993167 0 8 4.98 12.35 11.87
9046 1627993167 0 1 6.656
9047 1627993167 0 0 26.45 8.26 156.9 61.43 110.5 6.82 177.3 17.2 185.9 2.76 41.26 14.2
9048 1627993167 0 7 $GNGGA,121926.000,4424.20231,N,00855.18586,E,1,10,0.9,-6.9,M,44.7,M,,*6E
9049 1627993168 0 7 $GNGGA,121927.000,4424.20340,N,00855.18496,E,1,10,0.9,-7.0,M,44.7,M,,*60
9050 1627993169 0 7 $GNGGA,121928.000,4424.20425,N,00855.18409,E,1,10,0.9,-6.7,M,44.7,M,,*6B
9051 1627993169 0 3 2.56 0.00
9052 1627993169 0 4 2.54 1.48
9053 1627993169 0 5 0.03
9054 1627993169 0 6 0.07
9055 1627993169 0 8 4.98 12.35 11.87
9056 1627993170 0 1 5.547
9057 1627993170 0 0 26.45 8.26 156.9 61.48 110.5 6.82 177.3 17.2 186.1 2.72 41.30 14.2
9058 1627993170 0 7 $GNGGA,121929.000,4424.20498,N,00855.18324,E,1,10,0.9,-6.7,M,44.7,M,,*64
9059 1627993171 0 7 $GNGGA,121930.000,4424.20585,N,00855.18249,E,1,10,0.9,-6.9,M,44.7,M,,*65
9060 1627993172 0 7 $GNGGA,121931.000,4424.20653,N,00855.18192,E,1,10,0.9,-6.8,M,44.7,M,,*68
9061 1627993172 0 3 2.56 0.00
9062 1627993172 0 4 2.54 1.48
9063 1627993172 0 5 0.03
9064 1627993172 0 6 0.07
9065 1627993173 0 8 4.98 12.35 11.87
9066 1627993173 0 1 5.418
9067 1627993173 0 0 26.45 8.26 156.9 61.52 110.4 6.82 176.9 17.2 186.0 2.75 41.32 14.1
9068 1627993173 0 7 $GNGGA,121932.000,4424.20704,N,00855.18153,E,1,10,0.9,-6.6,M,44.7,M,,*6B
9069 1627993174 0 7 $GNGGA,121933.000,4424.20752,N,00855.18100,E,1,10,0.9,-6.6,M,44.7,M,,*6F
9070 1627993175 0 7 $GNGGA,121934.000,4424.20811,N,00855.18035,E,1,10,0.9,-6.4,M,44.7,M,,*65
9071 1627993175 0 3 2.56 0.00
9072 1627993175 0 4 2.54 1.48
9073 1627993175 0 5 0.02
9074 1627993175 0 6 0.07
9075 1627993175 0 8 4.98 12.35 11.87
9076 1627993176 0 1 4.862
9077 1627993176 0 0 26.47 8.26 156.9 61.50 110.4 6.82 176.7 17.2 185.7 2.75 41.31 14.1
9078 1627993176 0 7 $GNGGA,121935.000,4424.20876,N,00855.17972,E,1,10,0.9,-6.3,M,44.7,M,,*67
9079 1627993177 0 7 $GNGGA,121936.000,4424.20932,N,00855.17898,E,1,10,0.9,-6.1,M,44.7,M,,*62
9080 1627993178 0 7 $GNGGA,121937.000,4424.20983,N,00855.17813,E,1,10,0.9,-6.0,M,44.7,M,,*6B
9081 1627993178 0 3 2.56 0.00
9082 1627993178 0 4 2.54 1.48
9083 1627993178 0 5 0.03
9084 1627993179 0 6 0.06
9085 1627993179 0 8 4.98 12.35 11.87
9086 1627993179 0 1 5.453
9087 1627993179 0 0 26.47 8.26 156.9 61.52 110.4 6.82 177.0 17.2 186.3 2.70 41.33 14.2
9088 1627993179 0 7 $GNGGA,121938.000,4424.21043,N,00855.17742,E,1,10,0.9,-5.8,M,44.7,M,,*60
9089 1627993180 0 7 $GNGGA,121939.000,4424.21100,N,00855.17657,E,1,10,0.9,-6.1,M,44.7,M,,*68
9090 1627993181 0 7 $GNGGA,121940.000,4424.21157,N,00855.17575,E,1,10,0.9,-6.8,M,44.7,M,,*6E
9091 1627993181 0 3 2.56 0.00
9092 1627993181 0 4 2.54 1.48
9093 1627993181 0 5 0.03
9094 1627993181 0 6 0.07
9095 1627993181 0 8 4.98 12.35 11.87
9096 1627993182 0 1 5.207
9097 1627993182 0 0 26.47 8.26 156.9 61.47 110.5 6.82 176.9 17.2 186.3 2.69 41.28 14.1
9098 1627993182 0 7 $GNGGA,121941.000,4424.21215,N,00855.17482,E,1,10,0.9,-7.4,M,44.7,M,,*6E
9099 1627993183 0 7 $GNGGA,121942.000,4424.21276,N,00855.17378,E,1,10,0.9,-8.2,M,44.7,M,,*63
9100 1627993184 0 7 $GNGGA,121943.000,4424.21334,N,00855.17263,E,1,10,0.9,-9.2,M,44.7,M,,*6F
9101 1627993184 0 3 2.56 0.00
9102 1627993184 0 4 2.54 1.48
9103 1627993184 0 5 0.02
9104 1627993185 0 6 0.07
9105 1627993185 0 8 4.98 12.35 11.87
9106 1627993185 0 1 5.220
9107 1627993185 0 0 26.48 8.26 156.9 61.46 110.5 6.82 177.0 17.2 186.3 2.72 41.28 14.2
9108 1627993185 0 7 $GNGGA,121944.000,4424.21398,N,00855.17138,E,1,10,0.9,-10.0,M,44.7,M,,*59
9109 1627993186 0 7 $GNGGA,121945.000,4424.21467,N,00855.17015,E,1,10,0.9,-10.8,M,44.7,M,,*59
9110 1627993187 0 7 $GNGGA,121946.000,4424.21528,N,00855.16901,E,1,10,0.9,-11.8,M,44.7,M,,*5C
9111 1627993187 0 3 2.56 0.00
9112 1627993187 0 4 2.54 1.48
9113 1627993187 0 5 0.03
9114 1627993187 0 6 0.07
9115 1627993187 0 8 4.98 12.35 11.84
9116 1627993188 0 1 5.446
9117 1627993188 0 0 26.47 8.26 157.0 61.51 110.5 6.82 176.9 17.2 186.3 2.70 41.32 14.2
9118 1627993188 0 7 $GNGGA,121947.000,4424.21581,N,00855.16795,E,1,10,0.9,-12.6,M,44.7,M,,*50
9119 1627993189 0 7 $GNGGA,121948.000,4424.21631,N,00855.16707,E,1,10,0.9,-12.8,M,44.7,M,,*52
9120 1627993190 0 7 $GNGGA,121949.000,4424.21678,N,00855.16612,E,1,10,0.9,-13.1,M,44.7,M,,*53
9121 1627993190 0 3 2.56 0.00
9122 1627993190 0 4 2.54 1.48
9123 1627993190 0 5 0.03
9124 1627993190 0 6 0.07
9125 1627993191 0 8 4.98 12.35 11.89
9126 1627993191 0 1 5.387
9127 1627993191 0 0 26.48 8.26 156.9 61.44 110.5 6.83 176.9 17.2 186.5 2.67 41.26 14.2
9128 1627993191 0 7 $GNGGA,121950.000,4424.21735,N,00855.16514,E,1,10,0.9,-13.2,M,44.7,M,,*55
9129 1627993192 0 7 $GNGGA,121951.000,4424.21795,N,00855.16419,E,1,10,0.9,-13.2,M,44.7,M,,*52
9130 1627993193 0 7 $GNGGA,121952.000,4424.21847,N,00855.16321,E,1,10,0.9,-13.1,M,44.7,M,,*5E
9131 1627993193 0 3 2.56 0.00
9132 1627993193 0 4 2.54 1.48
9133 1627993193 0 5 0.03
9134 1627993193 0 6 0.07
9135 1627993193 0 8 4.98 12.36 11.89
9136 1627993194 0 1 4.879
9137 1627993194 0 0 26.50 8.26 156.9 61.47 110.6 6.82 176.8 17.2 186.0 2.69 41.29 14.2
9138 1627993194 0 7 $GNGGA,121953.000,4424.21894,N,00855.16243,E,1,10,0.9,-12.5,M,44.7,M,,*51
9139 1627993195 0 7 $GNGGA,121954.000,4424.21936,N,00855.16164,E,1,10,0.9,-12.3,M,44.7,M,,*5F
9140 1627993196 0 7 $GNGGA,121955.000,4424.21983,N,00855.16091,E,1,10,0.9,-12.3,M,44.7,M,,*5B
9141 1627993196 0 3 2.56 0.00
9142 1627993196 0 4 2.54 1.48
9143 1627993196 0 5 0.02
9144 1627993197 0 6 0.06
9145 1627993197 0 8 4.98 12.34 11.87
9146 1627993197 0 1 5.197
9147 1627993197 0 0 26.48 8.26 156.9 61.53 110.6 6.83 177.1 17.2 186.5 2.67 41.33 14.2
9148 1627993197 0 7 $GNGGA,121956.000,4424.22042,N,00855.16003,E,1,10,0.9,-12.3,M,44.7,M,,*54
9149 1627993198 0 7 $GNGGA,121957.000,4424.22108,N,00855.15908,E,1,10,0.9,-12.6,M,44.7,M,,*5E
9150 1627993199 0 7 $GNGGA,121958.000,4424.22180,N,00855.15800,E,1,10,0.9,-13.2,M,44.7,M,,*5D
9151 1627993199 0 3 2.56 0.00
9152 1627993199 0 4 2.54 1.48
9153 1627993199 0 5 0.03
9154 1627993199 0 6 0.08
9155 1627993200 0 8 4.98 12.35 11.87
9156 1627993200 0 1 5.167
9157 1627993200 0 0 26.49 8.26 156.9 61.46 110.6 6.83 176.8 17.2 186.6 2.68 41.28 14.2
9158 1627993200 0 7 $GNGGA,121959.000,4424.22248,N,00855.15704,E,1,10,0.9,-13.4,M,44.7,M,,*56
9159 1627993201 0 7 $GNGGA,122000.000,4424.22303,N,00855.15622,E,1,10,0.9,-13.0,M,44.7,M,,*5F
9160 1627993202 0 7 $GNGGA,122001.000,4424.22348,N,00855.15544,E,1,10,0.9,-12.5,M,44.7,M,,*56
9161 1627993202 0 3 2.56 0.00
9162 1627993202 0 4 2.54 1.47
9163 1627993202 0 5 0.02
9164 1627993202 0 6 0.06
9165 1627993203 0 8 4.98 12.35 11.87
9166 1627993203 0 1 5.055
9167 1627993203 0 0 26.49 8.26 156.9 61.38 110.7 6.83 177.0 17.2 186.4 2.66 41.22 14.2
9168 1627993203 0 7 $GNGGA,122002.000,4424.22392,N,00855.15477,E,1,10,0.9,-12.4,M,44.7,M,,*52
9169 1627993204 0 7 $GNGGA,122003.000,4424.22437,N,00855.15427,E,1,10,0.9,-12.1,M,44.7,M,,*5B
9170 1627993205 0 7 $GNGGA,122004.000,4424.22468,N,00855.15355,E,1,10,0.9,-12.2,M,44.7,M,,*57
9171 1627993205 0 3 2.56 0.00
9172 1627993205 0 4 2.54 1.46
9173 1627993205 0 5 0.02
9174 1627993205 0 6 0.07
9175 1627993205 0 8 4.98 12.35 11.87
9176 1627993206 0 1 5.055
9177 1627993206 0 0 26.49 8.26 156.9 61.45 110.7 6.83 177.0 17.2 186.5 2.63 41.27 14.2
9178 1627993206 0 7 $GNGGA,122005.000,4424.22496,N,00855.15285,E,1,10,0.9,-12.0,M,44.7,M,,*59
9179 1627993207 0 7 $GNGGA,122006.000,4424.22528,N,00855.15190,E,1,10,0.9,-11.8,M,44.7,M,,*52
9180 1627993208 0 7 $GNGGA,122007.000,4424.22585,N,00855.15111,E,1,10,0.9,-11.4,M,44.7,M,,*51
9181 1627993208 0 3 2.56 0.00
9182 1627993208 0 4 2.54 1.47
9183 1627993208 0 5 0.02
9184 1627993208 0 6 0.08
9185 1627993209 0 8 4.98 12.35 11.89
9186 1627993209 0 1 4.766
9187 1627993209 0 0 26.49 8.26 156.9 61.43 110.7 6.84 177.1 17.2 186.4 2.61 41.25 14.2
9188 1627993209 0 7 $GNGGA,122008.000,4424.22643,N,00855.15024,E,1,10,0.9,-11.3,M,44.7,M,,*57
9189 1627993210 0 7 $GNGGA,122009.000,4424.22704,N,00855.14964,E,1,10,0.9,-10.9,M,44.7,M,,*53
9190 1627993211 0 7 $GNGGA,122010.000,4424.22765,N,00855.14907,E,1,10,0.9,-10.5,M,44.7,M,,*55
9191 1627993211 0 3 2.56 0.00
9192 1627993211 0 4 2.54 1.47
9193 1627993211 0 5 0.02
9194 1627993211 0 6 0.08
9195 1627993212 0 8 4.98 12.21 11.87
9196 1627993212 0 1 4.988
9197 1627993212 0 0 26.48 8.26 156.9 61.48 110.7 6.84 177.4 17.2 186.8 2.60 41.30 14.2
9198 1627993212 0 7 $GNGGA,122011.000,4424.22824,N,00855.14864,E,1,10,0.9,-9.7,M,44.7,M,,*60
9199 1627993213 0 7 $GNGGA,122012.000,4424.22881,N,00855.14817,E,1,10,0.9,-9.4,M,44.7,M,,*6B
9200 1627993214 0 7 $GNGGA,122013.000,4424.22935,N,00855.14742,E,1,10,0.9,-10.0,M,44.7,M,,*57
9201 1627993214 0 3 2.56 0.00
9202 1627993214 0 4 2.54 1.48
9203 1627993214 0 5 0.02
9204 1627993214 0 6 0.12
9205 1627993215 0 8 4.98 12.34 11.87
9206 1627993215 0 1 4.717
9207 1627993215 0 0 26.48 8.26 156.9 61.44 110.7 6.84 177.1 17.2 186.4 2.60 41.26 14.2
9208 1627993215 0 7 $GNGGA,122014.000,4424.22984,N,00855.14644,E,1,10,0.9,-11.1,M,44.7,M,,*5D
9209 1627993216 0 7 $GNGGA,122015.000,4424.23017,N,00855.14556,E,1,10,0.9,-12.0,M,44.7,M,,*5C
9210 1627993217 0 7 $GNGGA,122016.000,4424.23059,N,00855.14460,E,1,10,0.9,-12.3,M,44.7,M,,*52
9211 1627993217 0 3 2.56 0.00
9212 1627993217 0 4 2.54 1.47
9213 1627993217 0 5 0.03
9214 1627993217 0 6 0.09
9215 1627993217 0 8 4.98 12.36 11.87
9216 1627993218 0 1 4.833
9217 1627993218 0 0 26.49 8.26 156.9 61.53 110.8 6.84 177.1 17.2 186.8 2.58 41.33 14.2
9218 1627993218 0 7 $GNGGA,122017.000,4424.23111,N,00855.14353,E,1,10,0.9,-13.1,M,44.7,M,,*5A
9219 1627993219 0 7 $GNGGA,122018.000,4424.23177,N,00855.14238,E,1,10,0.9,-13.7,M,44.7,M,,*5F
9220 1627993220 0 7 $GNGGA,122019.000,4424.23235,N,00855.14146,E,1,10,0.9,-13.7,M,44.7,M,,*51
9221 1627993220 0 3 2.56 0.00
9222 1627993220 0 4 2.54 1.47
9223 1627993220 0 5 0.03
9224 1627993220 0 6 0.11
9225 1627993221 0 8 4.98 12.20 11.84
9226 1627993221 0 1 5.598
9227 1627993221 0 0 26.48 8.26 156.9 61.51 110.8 6.84 177.0 17.2 186.9 2.54 41.32 14.2
9228 1627993221 0 7 $GNGGA,122020.000,4424.23288,N,00855.14062,E,1,10,0.9,-13.8,M,44.7,M,,*55
9229 1627993222 0 7 $GNGGA,122021.000,4424.23337,N,00855.13983,E,1,10,0.9,-13.4,M,44.7,M,,*5C
9230 1627993223 0 7 $GNGGA,122022.000,4424.23382,N,00855.13925,E,1,10,0.9,-13.6,M,44.7,M,,*5F
9231 1627993223 0 3 2.56 0.00
9232 1627993223 0 4 2.54 1.47
9233 1627993223 0 5 0.03
9234 1627993223 0 6 0.11
9235 1627993223 0 8 4.98 12.36 11.87
9236 1627993224 0 1 4.569
9237 1627993224 0 0 26.48 8.26 156.9 61.52 110.8 6.84 177.1 17.2 187.3 2.50 41.33 14.2
9238 1627993224 0 7 $GNGGA,122023.000,4424.23429,N,00855.13838,E,1,10,0.9,-14.1,M,44.7,M,,*55
9239 1627993225 0 7 $GNGGA,122024.000,4424.23483,N,00855.13746,E,1,10,0.9,-14.2,M,44.7,M,,*57
9240 1627993226 0 7 $GNGGA,122025.000,4424.23542,N,00855.13641,E,1,10,0.9,-14.5,M,44.7,M,,*5B
9241 1627993226 0 3 2.56 0.00
9242 1627993226 0 4 2.54 1.47
9243 1627993226 0 5 0.02
9244 1627993227 0 6 0.12
9245 1627993227 0 8 4.98 12.20 11.84
9246 1627993227 0 1 5.343
9247 1627993227 0 0 26.45 8.25 157.0 61.44 110.8 6.85 177.7 17.1 187.5 2.48 41.27 14.0
9248 1627993227 0 7 $GNGGA,122026.000,4424.23597,N,00855.13546,E,1,10,0.9,-14.6,M,44.7,M,,*57
9249 1627993228 0 7 $GNGGA,122027.000,4424.23649,N,00855.13459,E,1,10,0.9,-14.8,M,44.7,M,,*57
9250 1627993229 0 7 $GNGGA,122028.000,4424.23703,N,00855.13376,E,1,10,0.9,-14.7,M,44.7,M,,*52
9251 1627993229 0 3 2.56 0.00
9252 1627993229 0 4 2.54 1.48
9253 1627993229 0 5 0.02
9254 1627993229 0 6 0.17
9255 1627993229 0 8 4.98 12.20 11.87
9256 1627993230 0 1 5.396
9257 1627993230 0 0 26.44 8.25 157.0 61.49 110.8 6.85 177.6 17.1 187.5 2.46 41.30 14.0
9258 1627993230 0 7 $GNGGA,122029.000,4424.23758,N,00855.13286,E,1,10,0.9,-14.4,M,44.7,M,,*50
9259 1627993231 0 7 $GNGGA,122030.000,4424.23830,N,00855.13194,E,1,10,0.9,-13.8,M,44.7,M,,*52
9260 1627993232 0 7 $GNGGA,122031.000,4424.23908,N,00855.13114,E,1,10,0.9,-13.3,M,44.7,M,,*5A
9261 1627993232 0 3 2.56 0.00
9262 1627993232 0 4 2.54 1.48
9263 1627993232 0 5 0.02
9264 1627993233 0 6 0.14
9265 1627993233 0 8 4.98 12.34 11.89
9266 1627993233 0 1 4.836
9267 1627993233 0 0 26.46 8.25 156.9 61.50 110.8 6.84 177.2 17.2 186.8 2.44 41.31 14.0
9268 1627993233 0 7 $GNGGA,122032.000,4424.23996,N,00855.13055,E,1,10,0.9,-12.3,M,44.7,M,,*5B
9269 1627993234 0 7 $GNGGA,122033.000,4424.24082,N,00855.12979,E,1,10,0.9,-11.8,M,44.7,M,,*5F
9270 1627993235 0 7 $GNGGA,122034.000,4424.24153,N,00855.12904,E,1,10,0.9,-11.3,M,44.7,M,,*54
9271 1627993235 0 3 2.56 0.00
9272 1627993235 0 4 2.54 1.49
9273 1627993235 0 5 0.02
9274 1627993235 0 6 0.13
9275 1627993235 0 8 4.98 12.34 11.87
9276 1627993236 0 1 5.013
9277 1627993236 0 0 26.44 8.25 157.0 61.49 110.8 6.85 177.6 17.1 187.4 2.45 41.30 13.8
9278 1627993236 0 7 $GNGGA,122035.000,4424.24205,N,00855.12829,E,1,10,0.9,-10.6,M,44.7,M,,*5F
9279 1627993237 0 7 $GNGGA,122036.000,4424.24257,N,00855.12755,E,1,10,0.9,-9.9,M,44.7,M,,*68
9280 1627993238 0 7 $GNGGA,122037.000,4424.24305,N,00855.12684,E,1,10,0.9,-9.0,M,44.7,M,,*6B
9281 1627993238 0 3 2.56 0.00
9282 1627993238 0 4 2.54 1.48
9283 1627993238 0 5 0.03
9284 1627993239 0 6 0.09
9285 1627993239 0 8 4.98 12.34 11.87
9286 1627993239 0 1 5.942
9287 1627993239 0 0 26.44 8.25 157.0 61.45 110.8 6.84 177.4 17.2 187.2 2.39 41.27 13.9
9288 1627993239 0 7 $GNGGA,122038.000,4424.24361,N,00855.12600,E,1,10,0.9,-8.4,M,44.7,M,,*6F
9289 1627993240 0 7 $GNGGA,122039.000,4424.24450,N,00855.12509,E,1,10,0.9,-8.4,M,44.7,M,,*61
9290 1627993241 0 7 $GNGGA,122040.000,4424.24578,N,00855.12400,E,1,10,0.9,-8.7,M,44.7,M,,*6F
9291 1627993241 0 3 2.56 0.00
9292 1627993241 0 4 2.54 1.48
9293 1627993241 0 5 0.03
9294 1627993241 0 6 0.16
9295 1627993242 0 8 4.98 12.33 11.87
9296 1627993242 0 1 5.825
9297 1627993242 0 0 26.43 8.25 157.1 61.41 110.7 6.84 177.6 17.1 187.1 2.38 41.25 13.9
9298 1627993242 0 7 $GNGGA,122041.000,4424.24660,N,00855.12333,E,1,10,0.9,-9.6,M,44.7,M,,*63
9299 1627993243 0 7 $GNGGA,122042.000,4424.24736,N,00855.12282,E,1,10,0.9,-9.9,M,44.7,M,,*66
9300 1627993244 0 7 $GNGGA,122043.000,4424.24817,N,00855.12222,E,1,10,0.9,-9.3,M,44.7,M,,*6B
9301 1627993244 0 3 2.56 0.00
9302 1627993244 0 4 2.54 1.49
9303 1627993244 0 5 0.02
9304 1627993245 0 6 0.08
9305 1627993245 0 8 4.98 12.34 11.87
9306 1627993245 0 1 6.270
9307 1627993245 0 0 26.41 8.24 157.1 61.45 110.7 6.84 177.7 17.1 187.4 2.38 41.27 13.6
9308 1627993245 0 7 $GNGGA,122044.000,4424.24889,N,00855.12123,E,1,10,0.9,-9.4,M,44.7,M,,*6E
9309 1627993246 0 7 $GNGGA,122045.000,4424.24944,N,00855.12028,E,1,10,0.9,-9.5,M,44.7,M,,*64
9310 1627993247 0 7 $GNGGA,122046.000,4424.24989,N,00855.11920,E,1,10,0.9,-9.7,M,44.7,M,,*66
9311 1627993247 0 3 2.56 0.00
9312 1627993247 0 4 2.54 1.48
9313 1627993247 0 5 0.02
9314 1627993247 0 6 0.05
9315 1627993247 0 8 4.98 12.35 11.87
9316 1627993248 0 1 7.737
9317 1627993248 0 0 26.38 8.24 157.1 61.46 110.6 6.84 178.0 17.1 187.6 2.44 41.28 13.4
9318 1627993248 0 7 $GNGGA,122047.000,4424.25020,N,00855.11813,E,1,10,0.9,-10.2,M,44.7,M,,*50
9319 1627993249 0 7 $GNGGA,122048.000,4424.25051,N,00855.11705,E,1,10,0.9,-10.7,M,44.7,M,,*54
9320 1627993250 0 7 $GNGGA,122049.000,4424.25078,N,00855.11633,E,1,10,0.9,-11.0,M,44.7,M,,*5C
9321 1627993250 0 3 2.56 0.00
9322 1627993250 0 4 2.54 1.49
9323 1627993250 0 5 0.02
9324 1627993250 0 6 0.08
9325 1627993251 0 8 4.98 12.35 11.89
9326 1627993251 0 1 7.013
9327 1627993251 0 0 26.41 8.24 157.1 61.45 110.6 6.84 177.5 17.1 187.0 2.47 41.27 13.6
9328 1627993251 0 7 $GNGGA,122050.000,4424.25104,N,00855.11538,E,1,10,0.9,-11.4,M,44.7,M,,*52
9329 1627993252 0 7 $GNGGA,122051.000,4424.25128,N,00855.11444,E,1,10,0.9,-11.7,M,44.7,M,,*54
9330 1627993253 0 7 $GNGGA,122052.000,4424.25152,N,00855.11352,E,1,10,0.9,-11.8,M,44.7,M,,*55
9331 1627993253 0 3 2.56 0.00
9332 1627993253 0 4 2.54 1.48
9333 1627993253 0 5 0.02
9334 1627993253 0 6 0.10
9335 1627993253 0 8 4.98 12.35 11.87
9336 1627993254 0 1 6.822
9337 1627993254 0 0 26.42 8.24 157.2 61.47 110.6 6.83 177.4 17.1 187.0 2.51 41.29 13.7
9338 1627993254 0 7 $GNGGA,122053.000,4424.25162,N,00855.11267,E,1,10,0.9,-11.9,M,44.7,M,,*51
9339 1627993255 0 7 $GNGGA,122054.000,4424.25174,N,00855.11172,E,1,10,0.9,-11.8,M,44.7,M,,*57
9340 1627993256 0 7 $GNGGA,122055.000,4424.25184,N,00855.11083,E,1,10,0.9,-11.9,M,44.7,M,,*57
9341 1627993256 0 3 2.56 0.00
9342 1627993256 0 4 2.54 1.48
9343 1627993256 0 5 0.03
9344 1627993256 0 6 0.09
9345 1627993257 0 8 4.98 12.35 11.87
9346 1627993257 0 1 6.103
9347 1627993257 0 0 26.43 8.24 157.1 61.49 110.6 6.83 177.4 17.1 186.3 2.59 41.31 13.7
9348 1627993257 0 7 $GNGGA,122056.000,4424.25203,N,00855.11004,E,1,10,0.9,-11.6,M,44.7,M,,*58
9349 1627993258 0 7 $GNGGA,122057.000,4424.25235,N,00855.10937,E,1,10,0.9,-11.1,M,44.7,M,,*53
9350 1627993259 0 7 $GNGGA,122058.000,4424.25255,N,00855.10861,E,1,10,0.9,-10.7,M,44.7,M,,*5F
9351 1627993259 0 3 2.56 0.00
9352 1627993259 0 4 2.54 1.48
9353 1627993259 0 5 0.03
9354 1627993259 0 6 0.06
9355 1627993259 0 8 4.98 12.35 11.89
9356 1627993260 0 1 7.956
9357 1627993260 0 0 26.39 8.24 157.2 61.46 110.6 6.84 177.8 17.1 187.5 2.67 41.28 13.5
9358 1627993260 0 7 $GNGGA,122059.000,4424.25272,N,00855.10776,E,1,10,0.9,-9.8,M,44.7,M,,*65
9359 1627993261 0 7 $GNGGA,122100.000,4424.25296,N,00855.10698,E,1,10,0.9,-9.4,M,44.7,M,,*6F
9360 1627993262 0 7 $GNGGA,122101.000,4424.25328,N,00855.10641,E,1,10,0.9,-8.9,M,44.7,M,,*62
9361 1627993262 0 3 2.56 0.00
9362 1627993262 0 4 2.54 1.48
9363 1627993262 0 5 0.02
9364 1627993262 0 6 0.08
9365 1627993263 0 8 4.98 12.35 11.87
9366 1627993263 0 1 7.224
9367 1627993263 0 0 26.42 8.24 157.2 61.43 110.6 6.83 177.4 17.1 186.6 2.67 41.26 13.5
9368 1627993263 0 7 $GNGGA,122102.000,4424.25368,N,00855.10557,E,1,10,0.9,-8.4,M,44.7,M,,*6C
9369 1627993264 0 7 $GNGGA,122103.000,4424.25405,N,00855.10451,E,1,10,0.9,-7.9,M,44.7,M,,*64
9370 1627993265 0 7 $GNGGA,122104.000,4424.25447,N,00855.10336,E,1,10,0.9,-7.7,M,44.7,M,,*6D
9371 1627993265 0 3 2.56 0.00
9372 1627993265 0 4 2.54 1.48
9373 1627993265 0 5 0.03
9374 1627993265 0 6 0.09
9375 1627993266 0 8 4.98 12.35 11.87
9376 1627993266 0 1 7.064
9377 1627993266 0 0 26.41 8.24 157.2 61.48 110.5 6.83 177.4 17.1 186.9 2.66 41.30 13.7
9378 1627993266 0 7 $GNGGA,122105.000,4424.25497,N,00855.10225,E,1,10,0.9,-7.5,M,44.7,M,,*60
9379 1627993267 0 7 $GNGGA,122106.000,4424.25549,N,00855.10142,E,1,10,0.9,-6.8,M,44.7,M,,*6F
9380 1627993268 0 7 $GNGGA,122107.000,4424.25583,N,00855.10051,E,1,10,0.9,-6.6,M,44.7,M,,*65
9381 1627993268 0 3 2.56 0.00
9382 1627993268 0 4 2.54 1.48
9383 1627993268 0 5 0.02
9384 1627993268 0 6 0.09
9385 1627993269 0 8 4.98 12.35 11.87
9386 1627993269 0 1 7.083
9387 1627993269 0 0 26.39 8.24 157.2 61.41 110.5 6.84 177.7 17.1 186.9 2.69 41.25 13.5
9388 1627993269 0 7 $GNGGA,122108.000,4424.25592,N,00855.09946,E,1,10,0.9,-6.3,M,44.7,M,,*68
9389 1627993270 0 2 0.05100000 3.42379999 1.42760000 0.02630000 2.74519991 0.00430000 0.05490000 0.22609999 1.00000000 88.12799835
9390 1627993270 0 7 $GNGGA,122109.000,4424.25600,N,00855.09835,E,1,10,0.9,-6.3,M,44.7,M,,*64
9391 1627993271 0 7 $GNGGA,122110.000,4424.25628,N,00855.09725,E,1,10,0.9,-6.9,M,44.7,M,,*62
9392 1627993271 0 3 2.56 0.00
9393 1627993271 0 4 2.54 1.48
9394 1627993271 0 5 0.02
9395 1627993271 0 6 0.09
9396 1627993271 0 8 4.98 12.35 11.87
9397 1627993272 0 1 7.939
9398 1627993272 0 0 26.40 8.23 157.2 61.40 110.5 6.83 177.5 17.1 186.1 2.71 41.23 13.3
9399 1627993272 0 7 $GNGGA,122111.000,4424.25656,N,00855.09642,E,1,10,0.9,-6.9,M,44.7,M,,*6A
9400 1627993273 0 7 $GNGGA,122112.000,4424.25679,N,00855.09556,E,1,10,0.9,-6.9,M,44.7,M,,*62
9401 1627993274 0 7 $GNGGA,122113.000,4424.25699,N,00855.09463,E,1,10,0.9,-7.1,M,44.7,M,,*63
9402 1627993274 0 3 2.56 0.00
9403 1627993274 0 4 2.54 1.48
9404 1627993274 0 5 0.03
9405 1627993274 0 6 0.09
9406 1627993274 0 8 4.98 12.34 11.87
9407 1627993275 0 1 8.242
9408 1627993275 0 0 26.41 8.23 157.3 61.33 110.4 6.83 177.3 17.1 186.2 2.68 41.18 13.3
9409 1627993275 0 7 $GNGGA,122114.000,4424.25720,N,00855.09369,E,1,10,0.9,-7.2,M,44.7,M,,*69
9410 1627993276 0 7 $GNGGA,122115.000,4424.25744,N,00855.09287,E,1,10,0.9,-7.2,M,44.7,M,,*6B
9411 1627993277 0 7 $GNGGA,122116.000,4424.25779,N,00855.09224,E,1,10,0.9,-6.7,M,44.7,M,,*6B
9412 1627993277 0 3 2.56 0.00
9413 1627993277 0 4 2.55 1.48
9414 1627993277 0 5 0.03
9415 1627993277 0 6 0.09
9416 1627993278 0 8 4.98 12.34 11.87
9417 1627993278 0 1 7.671
9418 1627993278 0 0 26.41 8.23 157.3 61.43 110.4 6.82 177.4 17.1 186.0 2.68 41.26 13.3
9419 1627993278 0 7 $GNGGA,122117.000,4424.25820,N,00855.09159,E,1,10,0.9,-7.0,M,44.7,M,,*66
9420 1627993279 0 7 $GNGGA,122118.000,4424.25854,N,00855.09087,E,1,10,0.9,-7.2,M,44.7,M,,*6A
9421 1627993280 0 7 $GNGGA,122119.000,4424.25898,N,00855.09004,E,1,10,0.9,-7.5,M,44.7,M,,*67
9422 1627993280 0 3 2.56 0.00
9423 1627993280 0 4 2.54 1.48
9424 1627993280 0 5 0.02
9425 1627993280 0 6 0.08
9426 1627993280 0 8 4.98 12.34 11.87
9427 1627993281 0 1 7.347
9428 1627993281 0 0 26.40 8.23 157.3 61.34 110.3 6.83 177.3 17.1 186.4 2.65 41.19 13.3
9429 1627993281 0 7 $GNGGA,122120.000,4424.25944,N,00855.08901,E,1,10,0.9,-8.0,M,44.7,M,,*6A
9430 1627993282 0 7 $GNGGA,122121.000,4424.25995,N,00855.08799,E,1,10,0.9,-8.7,M,44.7,M,,*6F
9431 1627993283 0 7 $GNGGA,122122.000,4424.26038,N,00855.08697,E,1,10,0.9,-9.1,M,44.7,M,,*69
9432 1627993283 0 3 2.56 0.00
9433 1627993283 0 4 2.54 1.48
9434 1627993283 0 5 0.02
9435 1627993283 0 6 0.08
9436 1627993283 0 8 4.98 12.36 11.87
9437 1627993284 0 1 6.875
9438 1627993284 0 0 26.40 8.23 157.3 61.35 110.3 6.82 177.4 17.1 185.9 2.62 41.20 13.2
9439 1627993284 0 7 $GNGGA,122123.000,4424.26080,N,00855.08599,E,1,10,0.9,-9.4,M,44.7,M,,*63
9440 1627993285 0 7 $GNGGA,122124.000,4424.26116,N,00855.08505,E,1,10,0.9,-9.7,M,44.7,M,,*6C
9441 1627993286 0 7 $GNGGA,122125.000,4424.26142,N,00855.08423,E,1,09,1.0,-9.7,M,44.7,M,,*69
9442 1627993286 0 3 2.56 0.00
9443 1627993286 0 4 2.54 1.48
9444 1627993286 0 5 0.02
9445 1627993286 0 6 0.09
9446 1627993287 0 8 4.98 12.35 11.87
9447 1627993287 0 1 8.007
9448 1627993287 0 0 26.37 8.23 157.3 61.35 110.3 6.83 177.8 17.1 186.0 2.60 41.20 13.2
9449 1627993287 0 7 $GNGGA,122126.000,4424.26178,N,00855.08343,E,1,09,1.0,-9.8,M,44.7,M,,*6D
9450 1627993288 0 7 $GNGGA,122127.000,4424.26218,N,00855.08281,E,1,09,1.0,-9.9,M,44.7,M,,*67
9451 1627993289 0 7 $GNGGA,122128.000,4424.26243,N,00855.08225,E,1,09,1.0,-9.9,M,44.7,M,,*68
9452 1627993289 0 3 2.56 0.00
9453 1627993289 0 4 2.54 1.48
9454 1627993289 0 5 0.02
9455 1627993289 0 6 0.10
9456 1627993289 0 8 4.98 12.35 11.89
9457 1627993290 0 1 7.904
9458 1627993290 0 0 26.38 8.23 157.3 61.26 110.3 6.83 177.6 17.1 186.0 2.55 41.13 13.2
9459 1627993290 0 7 $GNGGA,122129.000,4424.26278,N,00855.08178,E,1,09,1.0,-9.9,M,44.7,M,,*6A
9460 1627993291 0 7 $GNGGA,122130.000,4424.26285,N,00855.08120,E,1,09,1.0,-9.8,M,44.7,M,,*6C
9461 1627993292 0 7 $GNGGA,122131.000,4424.26262,N,00855.08052,E,1,09,1.0,-9.6,M,44.7,M,,*6E
9462 1627993292 0 3 2.56 0.00
9463 1627993292 0 4 2.54 1.49
9464 1627993292 0 5 0.02
9465 1627993292 0 6 0.13
9466 1627993292 0 8 4.98 12.34 11.87
9467 1627993293 0 1 7.837
9468 1627993293 0 0 26.39 8.23 157.3 61.36 110.2 6.82 177.4 17.1 185.9 2.54 41.20 13.2
9469 1627993293 0 7 $GNGGA,122132.000,4424.26241,N,00855.07989,E,1,09,1.0,-9.6,M,44.7,M,,*6C
9470 1627993294 0 7 $GNGGA,122133.000,4424.26245,N,00855.07929,E,1,10,0.9,-9.5,M,44.7,M,,*60
9471 1627993295 0 7 $GNGGA,122134.000,4424.26266,N,00855.07850,E,1,10,0.9,-9.3,M,44.7,M,,*6F
9472 1627993295 0 3 2.56 0.00
9473 1627993295 0 4 2.54 1.48
9474 1627993295 0 5 0.02
9475 1627993295 0 6 0.10
9476 1627993295 0 8 4.98 12.35 11.89
9477 1627993296 0 1 8.275
9478 1627993296 0 0 26.40 8.23 157.3 61.40 110.2 6.82 177.2 17.1 185.7 2.55 41.24 13.2
9479 1627993296 0 7 $GNGGA,122135.000,4424.26290,N,00855.07759,E,1,10,0.9,-9.6,M,44.7,M,,*64
9480 1627993297 0 7 $GNGGA,122136.000,4424.26314,N,00855.07676,E,1,10,0.9,-9.8,M,44.7,M,,*68
9481 1627993298 0 7 $GNGGA,122137.000,4424.26337,N,00855.07585,E,1,10,0.9,-9.9,M,44.7,M,,*66
9482 1627993298 0 3 2.56 0.00
9483 1627993298 0 4 2.54 1.48
9484 1627993298 0 5 0.02
9485 1627993298 0 6 0.09
9486 1627993298 0 8 4.98 12.35 11.89
9487 1627993299 0 1 7.051
9488 1627993299 0 0 26.41 8.23 157.4 61.33 110.2 6.81 177.1 17.1 186.0 2.52 41.18 13.2
9489 1627993299 0 7 $GNGGA,122138.000,4424.26359,N,00855.07463,E,1,10,0.9,-9.9,M,44.7,M,,*68
9490 1627993300 0 7 $GNGGA,122139.000,4424.26382,N,00855.07333,E,1,10,0.9,-10.1,M,44.7,M,,*5D
9491 1627993301 0 7 $GNGGA,122140.000,4424.26419,N,00855.07193,E,1,10,0.9,-10.4,M,44.7,M,,*5B
9492 1627993301 0 3 2.56 0.00
9493 1627993301 0 4 2.54 1.48
9494 1627993301 0 5 0.02
9495 1627993301 0 6 0.11
9496 1627993301 0 8 4.98 12.35 11.87
9497 1627993302 0 1 8.386
9498 1627993302 0 0 26.40 8.23 157.4 61.36 110.1 6.81 177.3 17.1 185.8 2.50 41.21 13.2
9499 1627993302 0 7 $GNGGA,122141.000,4424.26458,N,00855.07050,E,1,10,0.9,-11.3,M,44.7,M,,*57
9500 1627993303 0 7 $GNGGA,122142.000,4424.26497,N,00855.06909,E,1,10,0.9,-12.0,M,44.7,M,,*53
9501 1627993304 0 7 $GNGGA,122143.000,4424.26525,N,00855.06776,E,1,10,0.9,-12.7,M,44.7,M,,*5B
9502 1627993304 0 3 2.56 0.00
9503 1627993304 0 4 2.54 1.49
9504 1627993304 0 5 0.02
9505 1627993304 0 6 0.10
9506 1627993304 0 8 4.98 12.35 11.87
9507 1627993305 0 1 7.400
9508 1627993305 0 0 26.42 8.23 157.3 61.44 110.1 6.81 177.1 17.1 185.4 2.46 41.26 13.2
9509 1627993305 0 7 $GNGGA,122144.000,4424.26548,N,00855.06634,E,1,10,0.9,-14.1,M,44.7,M,,*50
9510 1627993306 0 7 $GNGGA,122145.000,4424.26585,N,00855.06497,E,1,10,0.9,-15.1,M,44.7,M,,*5A
9511 1627993307 0 7 $GNGGA,122146.000,4424.26618,N,00855.06345,E,1,10,0.9,-16.2,M,44.7,M,,*56
9512 1627993307 0 3 2.56 0.00
9513 1627993307 0 4 2.54 1.48
9514 1627993307 0 5 0.02
9515 1627993307 0 6 0.08
9516 1627993308 0 8 4.98 12.36 11.87
9517 1627993308 0 1 7.695
9518 1627993308 0 0 26.38 8.23 157.3 61.39 110.2 6.81 177.7 17.1 185.9 2.42 41.23 13.2
9519 1627993308 0 7 $GNGGA,122147.000,4424.26638,N,00855.06196,E,1,10,0.9,-18.3,M,44.7,M,,*56
9520 1627993309 0 7 $GNGGA,122148.000,4424.26643,N,00855.06047,E,1,10,0.9,-20.4,M,44.7,M,,*54
9521 1627993310 0 7 $GNGGA,122149.000,4424.26645,N,00855.05911,E,1,10,0.9,-22.2,M,44.7,M,,*5E
9522 1627993310 0 3 2.56 0.00
9523 1627993310 0 4 2.54 1.48
9524 1627993310 0 5 0.02
9525 1627993310 0 6 0.12
9526 1627993310 0 8 4.98 12.35 11.87
9527 1627993311 0 1 7.424
9528 1627993311 0 0 26.42 8.23 157.3 61.28 110.1 6.81 177.1 17.1 184.4 2.40 41.15 13.2
9529 1627993311 0 7 $GNGGA,122150.000,4424.26661,N,00855.05779,E,1,10,0.9,-22.9,M,44.7,M,,*5B
9530 1627993312 0 7 $GNGGA,122151.000,4424.26673,N,00855.05646,E,1,10,0.9,-24.3,M,44.7,M,,*58
9531 1627993313 0 7 $GNGGA,122152.000,4424.26698,N,00855.05513,E,1,10,0.9,-25.2,M,44.7,M,,*5D
9532 1627993313 0 3 2.56 0.00
9533 1627993313 0 4 2.54 1.48
9534 1627993313 0 5 0.02
9535 1627993313 0 6 0.12
9536 1627993313 0 8 4.98 12.35 11.87
9537 1627993314 0 1 7.337
9538 1627993314 0 0 26.43 8.23 157.4 61.38 110.2 6.81 177.1 17.1 185.1 2.40 41.22 13.3
9539 1627993314 0 7 $GNGGA,122153.000,4424.26713,N,00855.05390,E,1,10,0.9,-26.1,M,44.7,M,,*53
9540 1627993315 0 7 $GNGGA,122154.000,4424.26713,N,00855.05289,E,1,10,0.9,-26.9,M,44.7,M,,*55
9541 1627993316 0 7 $GNGGA,122155.000,4424.26734,N,00855.05186,E,1,10,0.9,-27.6,M,44.7,M,,*53
9542 1627993316 0 3 2.56 0.00
9543 1627993316 0 4 2.54 1.48
9544 1627993316 0 5 0.02
9545 1627993316 0 6 0.11
9546 1627993316 0 8 4.98 12.35 11.84
9547 1627993317 0 1 7.577
9548 1627993317 0 0 26.42 8.23 157.3 61.33 110.1 6.81 176.9 17.1 184.7 2.40 41.18 13.2
9549 1627993317 0 7 $GNGGA,122156.000,4424.26772,N,00855.05087,E,1,10,0.9,-27.7,M,44.7,M,,*53
9550 1627993318 0 7 $GNGGA,122157.000,4424.26865,N,00855.05026,E,1,09,1.0,-21.5,M,44.7,M,,*54
9551 1627993319 0 7 $GNGGA,122158.000,4424.26925,N,00855.04937,E,1,09,1.0,-18.4,M,44.7,M,,*5D
9552 1627993319 0 3 2.56 0.00
9553 1627993319 0 4 2.54 1.48
9554 1627993319 0 5 0.02
9555 1627993319 0 6 0.07
9556 1627993319 0 8 4.98 12.35 11.87
9557 1627993320 0 1 7.449
9558 1627993320 0 0 26.41 8.23 157.3 61.50 110.1 6.80 177.1 17.1 185.5 2.42 41.31 13.2
9559 1627993320 0 7 $GNGGA,122159.000,4424.26978,N,00855.04842,E,1,09,1.0,-16.6,M,44.7,M,,*5B
9560 1627993321 0 7 $GNGGA,122200.000,4424.27029,N,00855.04747,E,1,09,1.0,-15.5,M,44.7,M,,*52
9561 1627993322 0 7 $GNGGA,122201.000,4424.27066,N,00855.04635,E,1,09,1.0,-14.8,M,44.7,M,,*50
9562 1627993322 0 3 2.56 0.00
9563 1627993322 0 4 2.55 1.49
9564 1627993322 0 5 0.02
9565 1627993322 0 6 0.13
9566 1627993322 0 8 4.98 12.34 11.87
9567 1627993323 0 1 7.086
9568 1627993323 0 0 26.44 8.23 157.4 61.31 110.1 6.81 177.0 17.1 184.6 2.45 41.16 13.2
9569 1627993323 0 7 $GNGGA,122202.000,4424.27105,N,00855.04512,E,1,09,1.0,-14.2,M,44.7,M,,*5B
9570 1627993324 0 7 $GNGGA,122203.000,4424.27151,N,00855.04395,E,1,09,1.0,-13.8,M,44.7,M,,*5F
9571 1627993325 0 7 $GNGGA,122204.000,4424.27198,N,00855.04274,E,1,09,1.0,-13.4,M,44.7,M,,*5F
9572 1627993325 0 3 2.56 0.00
9573 1627993325 0 4 2.55 1.49
9574 1627993325 0 5 0.02
9575 1627993325 0 6 0.07
9576 1627993325 0 8 4.98 12.35 11.89
9577 1627993326 0 1 7.202
9578 1627993326 0 0 26.46 8.23 157.3 61.49 110.1 6.80 177.0 17.2 184.3 2.48 41.30 13.3
9579 1627993326 0 7 $GNGGA,122205.000,4424.27244,N,00855.04160,E,1,09,1.0,-13.1,M,44.7,M,,*5F
9580 1627993327 0 7 $GNGGA,122206.000,4424.27296,N,00855.04023,E,1,08,1.0,-12.9,M,44.7,M,,*5D
9581 1627993328 0 7 $GNGGA,122207.000,4424.27348,N,00855.03889,E,1,08,1.0,-12.7,M,44.7,M,,*5F
9582 1627993328 0 3 2.56 0.00
9583 1627993328 0 4 2.54 1.49
9584 1627993328 0 5 0.02
9585 1627993328 0 6 0.09
9586 1627993329 0 8 4.98 12.35 11.87
9587 1627993329 0 1 7.772
9588 1627993329 0 0 26.45 8.23 157.3 61.38 110.1 6.81 177.0 17.2 184.3 2.49 41.22 13.2
9589 1627993329 0 7 $GNGGA,122208.000,4424.27402,N,00855.03748,E,1,08,1.0,-12.5,M,44.7,M,,*59
9590 1627993330 0 7 $GNGGA,122209.000,4424.27461,N,00855.03640,E,1,09,0.9,-12.5,M,44.7,M,,*5D
9591 1627993331 0 7 $GNGGA,122210.000,4424.27526,N,00855.03541,E,1,09,0.9,-12.4,M,44.7,M,,*54
9592 1627993331 0 3 2.56 0.00
9593 1627993331 0 4 2.55 1.49
9594 1627993331 0 5 0.02
9595 1627993331 0 6 0.11
9596 1627993331 0 8 4.98 12.20 11.84
9597 1627993332 0 1 6.725
9598 1627993332 0 0 26.45 8.23 157.3 61.39 110.2 6.81 177.1 17.1 183.9 2.50 41.23 13.2
9599 1627993332 0 7 $GNGGA,122211.000,4424.27590,N,00855.03436,E,1,09,0.9,-12.4,M,44.7,M,,*59
9600 1627993333 0 7 $GNGGA,122212.000,4424.27640,N,00855.03317,E,1,09,0.9,-12.6,M,44.7,M,,*52
9601 1627993334 0 7 $GNGGA,122213.000,4424.27676,N,00855.03206,E,1,10,0.9,-12.7,M,44.7,M,,*5E
9602 1627993334 0 3 2.56 0.00
9603 1627993334 0 4 2.54 1.48
9604 1627993334 0 5 0.02
9605 1627993334 0 6 0.11
9606 1627993335 0 8 4.98 12.21 11.87
9607 1627993335 0 1 6.725
9608 1627993335 0 0 26.47 8.23 157.3 61.36 110.2 6.81 176.9 17.2 183.9 2.51 41.20 13.3
9609 1627993335 0 7 $GNGGA,122214.000,4424.27710,N,00855.03092,E,1,10,0.9,-12.5,M,44.7,M,,*55
9610 1627993336 0 7 $GNGGA,122215.000,4424.27753,N,00855.02990,E,1,10,0.9,-12.6,M,44.7,M,,*5A
9611 1627993337 0 7 $GNGGA,122216.000,4424.27789,N,00855.02860,E,1,10,0.9,-12.3,M,44.7,M,,*55
9612 1627993337 0 3 2.56 0.00
9613 1627993337 0 4 2.55 1.48
9614 1627993337 0 5 0.02
9615 1627993337 0 6 0.07
9616 1627993337 0 8 4.98 12.34 11.87
9617 1627993338 0 1 6.640
9618 1627993338 0 0 26.46 8.23 157.3 61.32 110.3 6.82 176.9 17.1 184.2 2.51 41.17 13.2
9619 1627993338 0 7 $GNGGA,122217.000,4424.27815,N,00855.02742,E,1,10,0.9,-12.0,M,44.7,M,,*52
9620 1627993339 0 7 $GNGGA,122218.000,4424.27851,N,00855.02599,E,1,10,0.9,-11.7,M,44.7,M,,*5D
9621 1627993340 0 7 $GNGGA,122219.000,4424.27888,N,00855.02462,E,1,09,0.9,-11.5,M,44.7,M,,*57
9622 1627993340 0 3 2.56 0.00
9623 1627993340 0 4 2.55 1.49
9624 1627993340 0 5 0.02
9625 1627993340 0 6 0.09
9626 1627993340 0 8 4.98 12.20 11.84
9627 1627993341 0 1 6.961
9628 1627993341 0 0 26.46 8.23 157.3 61.42 110.3 6.82 177.0 17.1 184.1 2.51 41.25 13.3
9629 1627993341 0 7 $GNGGA,122220.000,4424.27925,N,00855.02347,E,1,08,1.0,-11.3,M,44.7,M,,*54
9630 1627993342 0 7 $GNGGA,122221.000,4424.27952,N,00855.02253,E,1,08,1.0,-11.1,M,44.7,M,,*53
9631 1627993343 0 7 $GNGGA,122222.000,4424.27981,N,00855.02150,E,1,08,1.0,-11.0,M,44.7,M,,*5F
9632 1627993343 0 3 2.56 0.00
9633 1627993343 0 4 2.54 1.48
9634 1627993343 0 5 0.02
9635 1627993343 0 6 0.11
9636 1627993343 0 8 4.98 12.36 11.89
9637 1627993344 0 1 6.745
9638 1627993344 0 0 26.47 8.23 157.3 61.36 110.4 6.82 177.1 17.1 184.0 2.49 41.20 13.3
9639 1627993344 0 7 $GNGGA,122223.000,4424.28011,N,00855.02054,E,1,08,1.0,-10.9,M,44.7,M,,*5C
9640 1627993345 0 7 $GNGGA,122224.000,4424.28037,N,00855.01958,E,1,08,1.0,-11.0,M,44.7,M,,*51
9641 1627993346 0 7 $GNGGA,122225.000,4424.28078,N,00855.01857,E,1,08,1.0,-11.4,M,44.7,M,,*51
9642 1627993346 0 3 2.56 0.00
9643 1627993346 0 4 2.54 1.49
9644 1627993346 0 5 0.02
9645 1627993346 0 6 0.12
9646 1627993346 0 8 4.98 12.35 11.84
9647 1627993347 0 1 6.945
9648 1627993347 0 0 26.45 8.23 157.3 61.43 110.5 6.83 177.4 17.1 184.2 2.49 41.26 13.2
9649 1627993347 0 7 $GNGGA,122226.000,4424.28124,N,00855.01745,E,1,08,1.0,-11.7,M,44.7,M,,*55
9650 1627993348 0 7 $GNGGA,122227.000,4424.28185,N,00855.01642,E,1,08,1.0,-12.2,M,44.7,M,,*5F
9651 1627993349 0 7 $GNGGA,122228.000,4424.28270,N,00855.01476,E,1,08,1.0,-13.0,M,44.7,M,,*5F
9652 1627993349 0 3 2.56 0.00
9653 1627993349 0 4 2.55 1.49
9654 1627993349 0 5 0.02
9655 1627993349 0 6 0.08
9656 1627993349 0 8 4.98 12.20 11.84
9657 1627993350 0 1 7.168
9658 1627993350 0 0 26.44 8.23 157.3 61.39 110.5 6.83 177.1 17.2 184.1 2.47 41.23 13.2
9659 1627993350 0 7 $GNGGA,122229.000,4424.28324,N,00855.01307,E,1,08,1.0,-13.6,M,44.7,M,,*59
9660 1627993351 0 7 $GNGGA,122230.000,4424.28341,N,00855.01177,E,1,08,1.0,-12.8,M,44.7,M,,*58
9661 1627993352 0 7 $GNGGA,122231.000,4424.28341,N,00855.01051,E,1,08,1.0,-12.5,M,44.7,M,,*51
9662 1627993352 0 3 2.56 0.00
9663 1627993352 0 4 2.55 1.49
9664 1627993352 0 5 0.02
9665 1627993352 0 6 0.09
9666 1627993352 0 8 4.98 12.35 11.87
9667 1627993353 0 1 6.736
9668 1627993353 0 0 26.45 8.23 157.3 61.41 110.5 6.83 177.3 17.1 184.0 2.44 41.24 13.2
9669 1627993353 0 7 $GNGGA,122232.000,4424.28328,N,00855.00935,E,1,09,1.0,-12.3,M,44.7,M,,*50
9670 1627993354 0 7 $GNGGA,122233.000,4424.28324,N,00855.00829,E,1,09,1.0,-12.3,M,44.7,M,,*51
9671 1627993355 0 7 $GNGGA,122234.000,4424.28346,N,00855.00713,E,1,09,1.0,-12.2,M,44.7,M,,*55
9672 1627993355 0 3 2.56 0.00
9673 1627993355 0 4 2.55 1.49
9674 1627993355 0 5 0.02
9675 1627993355 0 6 0.10
9676 1627993355 0 8 4.98 12.34 11.87
9677 1627993356 0 1 7.329
9678 1627993356 0 0 26.46 8.23 157.3 61.40 110.6 6.83 177.1 17.1 184.2 2.46 41.23 13.2
9679 1627993356 0 7 $GNGGA,122235.000,4424.28381,N,00855.00593,E,1,09,1.0,-11.8,M,44.7,M,,*5C
9680 1627993357 0 7 $GNGGA,122236.000,4424.28421,N,00855.00487,E,1,09,1.0,-11.6,M,44.7,M,,*58
9681 1627993358 0 7 $GNGGA,122237.000,4424.28472,N,00855.00391,E,1,09,1.0,-11.3,M,44.7,M,,*5A
9682 1627993358 0 3 2.56 0.00
9683 1627993358 0 4 2.55 1.49
9684 1627993358 0 5 0.02
9685 1627993358 0 6 0.08
9686 1627993358 0 8 4.98 12.35 11.87
9687 1627993359 0 1 6.819
9688 1627993359 0 0 26.45 8.23 157.3 61.41 110.6 6.83 177.1 17.1 184.1 2.48 41.24 13.2
9689 1627993359 0 7 $GNGGA,122238.000,4424.28526,N,00855.00318,E,1,09,1.0,-11.3,M,44.7,M,,*54
9690 1627993360 0 7 $GNGGA,122239.000,4424.28575,N,00855.00260,E,1,09,1.0,-11.2,M,44.7,M,,*5C
9691 1627993361 0 7 $GNGGA,122240.000,4424.28624,N,00855.00212,E,1,09,1.0,-11.0,M,44.7,M,,*52
9692 1627993361 0 3 2.56 0.00
9693 1627993361 0 4 2.55 1.49
9694 1627993361 0 5 0.02
9695 1627993361 0 6 0.09
9696 1627993361 0 8 4.98 12.35 11.87
9697 1627993362 0 1 7.128
9698 1627993362 0 0 26.45 8.23 157.3 61.39 110.6 6.84 177.3 17.1 184.2 2.51 41.23 13.2
9699 1627993362 0 7 $GNGGA,122241.000,4424.28661,N,00855.00169,E,1,09,1.0,-10.8,M,44.7,M,,*54
9700 1627993363 0 7 $GNGGA,122242.000,4424.28691,N,00855.00116,E,1,09,1.0,-10.6,M,44.7,M,,*5E
9701 1627993364 0 7 $GNGGA,122243.000,4424.28724,N,00855.00052,E,1,09,1.0,-10.9,M,44.7,M,,*5E
9702 1627993364 0 3 2.56 0.00
9703 1627993364 0 4 2.55 1.49
9704 1627993364 0 5 0.02
9705 1627993364 0 6 0.09
9706 1627993364 0 8 4.98 12.34 11.87
9707 1627993365 0 1 6.843
9708 1627993365 0 0 26.46 8.23 157.3 61.39 110.7 6.84 177.2 17.1 183.7 2.50 41.22 13.2
9709 1627993365 0 7 $GNGGA,122244.000,4424.28762,N,00854.99969,E,1,09,1.0,-11.1,M,44.7,M,,*52
9710 1627993366 0 7 $GNGGA,122245.000,4424.28795,N,00854.99892,E,1,09,1.0,-11.2,M,44.7,M,,*5D
9711 1627993367 0 7 $GNGGA,122246.000,4424.28815,N,00854.99808,E,1,09,1.0,-11.2,M,44.7,M,,*5A
9712 1627993367 0 3 2.56 0.00
9713 1627993367 0 4 2.55 1.50
9714 1627993367 0 5 0.02
9715 1627993367 0 6 0.09
9716 1627993367 0 8 4.98 12.35 11.87
9717 1627993368 0 1 7.034
9718 1627993368 0 0 26.45 8.23 157.3 61.41 110.8 6.84 177.3 17.1 184.3 2.52 41.24 13.2
9719 1627993368 0 7 $GNGGA,122247.000,4424.28837,N,00854.99702,E,1,09,1.0,-11.3,M,44.7,M,,*5F
9720 1627993369 0 7 $GNGGA,122248.000,4424.28849,N,00854.99590,E,1,10,0.9,-10.9,M,44.7,M,,*5B
9721 1627993370 0 7 $GNGGA,122249.000,4424.28862,N,00854.99487,E,1,10,0.9,-10.7,M,44.7,M,,*5A
9722 1627993370 0 3 2.56 0.00
9723 1627993370 0 4 2.55 1.49
9724 1627993370 0 5 0.02
9725 1627993370 0 6 0.06
9726 1627993370 0 8 4.98 12.35 11.89
9727 1627993371 0 1 6.659
9728 1627993371 0 0 26.45 8.23 157.3 61.45 110.8 6.85 177.1 17.1 183.5 2.51 41.27 13.2
9729 1627993371 0 7 $GNGGA,122250.000,4424.28889,N,00854.99397,E,1,10,0.9,-10.4,M,44.7,M,,*52
9730 1627993372 0 7 $GNGGA,122251.000,4424.28933,N,00854.99319,E,1,10,0.9,-10.3,M,44.7,M,,*52
9731 1627993373 0 7 $GNGGA,122252.000,4424.28981,N,00854.99225,E,1,10,0.9,-10.1,M,44.7,M,,*54
9732 1627993373 0 3 2.56 0.00
9733 1627993373 0 4 2.55 1.50
9734 1627993373 0 5 0.02
9735 1627993373 0 6 0.06
9736 1627993373 0 8 4.98 12.35 11.87
9737 1627993374 0 1 6.701
9738 1627993374 0 0 26.43 8.23 157.4 61.38 110.8 6.85 177.4 17.1 184.1 2.50 41.22 13.2
9739 1627993374 0 7 $GNGGA,122253.000,4424.29037,N,00854.99131,E,1,10,0.9,-9.8,M,44.7,M,,*67
9740 1627993375 0 7 $GNGGA,122254.000,4424.29066,N,00854.99060,E,1,10,0.9,-11.6,M,44.7,M,,*56
9741 1627993376 0 7 $GNGGA,122255.000,4424.29105,N,00854.98960,E,1,10,0.9,-12.1,M,44.7,M,,*5F
9742 1627993376 0 3 2.56 0.00
9743 1627993376 0 4 2.55 1.50
9744 1627993376 0 5 0.02
9745 1627993376 0 6 0.09
9746 1627993376 0 8 4.98 12.35 11.87
9747 1627993377 0 1 6.979
9748 1627993377 0 0 26.42 8.23 157.3 61.37 110.9 6.85 177.4 17.1 184.4 2.51 41.21 13.2
9749 1627993377 0 7 $GNGGA,122256.000,4424.29146,N,00854.98858,E,1,10,0.9,-12.5,M,44.7,M,,*55
9750 1627993378 0 7 $GNGGA,122257.000,4424.29184,N,00854.98759,E,1,10,0.9,-12.8,M,44.7,M,,*59
9751 1627993379 0 7 $GNGGA,122258.000,4424.29217,N,00854.98657,E,1,10,0.9,-12.9,M,44.7,M,,*51
9752 1627993379 0 3 2.56 0.00
9753 1627993379 0 4 2.55 1.51
9754 1627993379 0 5 0.02
9755 1627993379 0 6 0.09
9756 1627993379 0 8 4.98 12.35 11.87
9757 1627993380 0 1 7.101
9758 1627993380 0 0 26.42 8.23 157.4 61.40 110.9 6.86 177.5 17.1 184.2 2.55 41.23 13.1
9759 1627993380 0 7 $GNGGA,122259.000,4424.29242,N,00854.98555,E,1,10,0.9,-13.0,M,44.7,M,,*59
9760 1627993381 0 7 $GNGGA,122300.000,4424.29270,N,00854.98459,E,1,10,0.9,-13.1,M,44.7,M,,*59
9761 1627993382 0 7 $GNGGA,122301.000,4424.29299,N,00854.98365,E,1,10,0.9,-13.0,M,44.7,M,,*56
9762 1627993382 0 3 2.56 0.00
9763 1627993382 0 4 2.55 1.50
9764 1627993382 0 5 0.03
9765 1627993382 0 6 0.09
9766 1627993382 0 8 4.98 12.35 11.87
9767 1627993383 0 1 6.912
9768 1627993383 0 0 26.42 8.23 157.4 61.42 110.9 6.85 177.4 17.1 184.1 2.57 41.25 13.1
9769 1627993383 0 7 $GNGGA,122302.000,4424.29320,N,00854.98272,E,1,10,0.9,-12.9,M,44.7,M,,*59
9770 1627993384 0 7 $GNGGA,122303.000,4424.29341,N,00854.98184,E,1,10,0.9,-12.6,M,44.7,M,,*5A
9771 1627993385 0 7 $GNGGA,122304.000,4424.29361,N,00854.98111,E,1,10,0.9,-12.5,M,44.7,M,,*50
9772 1627993385 0 3 2.56 0.00
9773 1627993385 0 4 2.55 1.49
9774 1627993385 0 5 0.02
9775 1627993385 0 6 0.09
9776 1627993385 0 8 4.98 12.34 11.87
9777 1627993386 0 1 6.394
9778 1627993386 0 0 26.42 8.23 157.3 61.44 110.9 6.86 177.6 17.1 184.0 2.55 41.27 13.1
9779 1627993386 0 7 $GNGGA,122305.000,4424.29395,N,00854.98034,E,1,10,0.9,-12.0,M,44.7,M,,*59
9780 1627993387 0 7 $GNGGA,122306.000,4424.29410,N,00854.97962,E,1,10,0.9,-12.3,M,44.7,M,,*56
9781 1627993388 0 7 $GNGGA,122307.000,4424.29409,N,00854.97885,E,1,10,0.9,-12.8,M,44.7,M,,*5C
9782 1627993388 0 3 2.56 0.00
9783 1627993388 0 4 2.55 1.49
9784 1627993388 0 5 0.02
9785 1627993388 0 6 0.08
9786 1627993388 0 8 4.98 12.34 11.87
9787 1627993389 0 1 6.717
9788 1627993389 0 0 26.42 8.23 157.3 61.38 110.9 6.86 177.4 17.1 184.2 2.58 41.22 13.1
9789 1627993389 0 7 $GNGGA,122308.000,4424.29402,N,00854.97787,E,1,10,0.9,-13.1,M,44.7,M,,*5D
9790 1627993390 0 2 0.04650000 3.34409999 1.44330000 0.02570000 2.74920010 0.00360000 0.05460000 0.20580000 1.00000000 88.18800354
9791 1627993390 0 7 $GNGGA,122309.000,4424.29409,N,00854.97712,E,1,10,0.9,-13.5,M,44.7,M,,*5F
9792 1627993391 0 7 $GNGGA,122310.000,4424.29424,N,00854.97632,E,1,10,0.9,-13.8,M,44.7,M,,*56
9793 1627993391 0 3 2.56 0.00
9794 1627993391 0 4 2.55 1.50
9795 1627993391 0 5 0.02
9796 1627993391 0 6 0.07
9797 1627993391 0 8 4.98 12.35 11.87
9798 1627993392 0 1 6.553
9799 1627993392 0 0 26.42 8.23 157.3 61.43 110.9 6.86 177.3 17.1 183.9 2.58 41.25 13.1
9800 1627993392 0 7 $GNGGA,122311.000,4424.29449,N,00854.97539,E,1,10,0.9,-13.8,M,44.7,M,,*54
9801 1627993393 0 7 $GNGGA,122312.000,4424.29491,N,00854.97449,E,1,10,0.9,-14.0,M,44.7,M,,*5B
9802 1627993394 0 7 $GNGGA,122313.000,4424.29537,N,00854.97354,E,1,10,0.9,-14.1,M,44.7,M,,*5D
9803 1627993394 0 3 2.56 0.00
9804 1627993394 0 4 2.55 1.51
9805 1627993394 0 5 0.02
9806 1627993394 0 6 0.08
9807 1627993394 0 8 4.98 12.35 11.87
9808 1627993395 0 1 6.711
9809 1627993395 0 0 26.43 8.22 157.3 61.40 110.9 6.86 177.2 17.1 183.7 2.60 41.24 13.1
9810 1627993395 0 7 $GNGGA,122314.000,4424.29588,N,00854.97247,E,1,10,0.9,-13.9,M,44.7,M,,*52
9811 1627993396 0 7 $GNGGA,122315.000,4424.29641,N,00854.97141,E,1,10,0.9,-13.8,M,44.7,M,,*51
9812 1627993397 0 7 $GNGGA,122316.000,4424.29699,N,00854.97052,E,1,10,0.9,-13.4,M,44.7,M,,*58
9813 1627993397 0 3 2.56 0.00
9814 1627993397 0 4 2.55 1.50
9815 1627993397 0 5 0.02
9816 1627993398 0 6 0.10
9817 1627993398 0 8 4.98 12.35 11.87
9818 1627993398 0 1 6.844
9819 1627993398 0 0 26.43 8.23 157.3 61.31 110.9 6.86 177.3 17.1 183.9 2.63 41.17 13.1
9820 1627993398 0 7 $GNGGA,122317.000,4424.29751,N,00854.96964,E,1,10,0.9,-13.0,M,44.7,M,,*55
9821 1627993399 0 7 $GNGGA,122318.000,4424.29806,N,00854.96869,E,1,10,0.9,-12.6,M,44.7,M,,*5C
9822 1627993400 0 7 $GNGGA,122319.000,4424.29857,N,00854.96779,E,1,10,0.9,-12.3,M,44.7,M,,*52
9823 1627993400 0 3 2.56 0.00
9824 1627993400 0 4 2.55 1.50
9825 1627993400 0 5 0.02
9826 1627993400 0 6 0.09
9827 1627993401 0 8 4.98 12.35 11.87
9828 1627993401 0 1 6.732
9829 1627993401 0 0 26.43 8.23 157.3 61.42 110.9 6.85 177.2 17.1 183.5 2.64 41.25 13.1
9830 1627993401 0 7 $GNGGA,122320.000,4424.29883,N,00854.96719,E,1,10,0.9,-11.9,M,44.7,M,,*5E
9831 1627993402 0 7 $GNGGA,122321.000,4424.29890,N,00854.96629,E,1,10,0.9,-12.0,M,44.7,M,,*55
9832 1627993403 0 7 $GNGGA,122322.000,4424.29905,N,00854.96557,E,1,10,0.9,-11.9,M,44.7,M,,*5B
9833 1627993403 0 3 2.56 0.00
9834 1627993403 0 4 2.55 1.51
9835 1627993403 0 5 0.02
9836 1627993404 0 6 0.09
9837 1627993404 0 8 4.98 12.35 11.87
9838 1627993404 0 1 7.322
9839 1627993404 0 0 26.43 8.23 157.3 61.35 110.8 6.85 177.4 17.1 183.8 2.65 41.20 13.1
9840 1627993404 0 7 $GNGGA,122323.000,4424.29915,N,00854.96500,E,1,10,0.9,-11.5,M,44.7,M,,*55
9841 1627993405 0 7 $GNGGA,122324.000,4424.29920,N,00854.96443,E,1,10,0.9,-11.3,M,44.7,M,,*54
9842 1627993406 0 7 $GNGGA,122325.000,4424.29908,N,00854.96385,E,1,10,0.9,-11.1,M,44.7,M,,*50
9843 1627993406 0 3 2.56 0.00
9844 1627993406 0 4 2.55 1.51
9845 1627993406 0 5 0.02
9846 1627993406 0 6 0.09
9847 1627993406 0 8 4.98 12.34 11.87
9848 1627993407 0 1 7.372
9849 1627993407 0 0 26.43 8.23 157.3 61.38 110.8 6.85 177.4 17.1 183.8 2.66 41.22 13.1
9850 1627993407 0 7 $GNGGA,122326.000,4424.29911,N,00854.96334,E,1,10,0.9,-11.0,M,44.7,M,,*50
9851 1627993408 0 7 $GNGGA,122327.000,4424.29910,N,00854.96264,E,1,10,0.9,-11.0,M,44.7,M,,*54
9852 1627993409 0 7 $GNGGA,122328.000,4424.29932,N,00854.96183,E,1,10,0.9,-11.0,M,44.7,M,,*51
9853 1627993409 0 3 2.56 0.00
9854 1627993409 0 4 2.55 1.51
9855 1627993409 0 5 0.02
9856 1627993410 0 6 0.09
9857 1627993410 0 8 4.98 12.34 11.87
9858 1627993410 0 1 7.427
9859 1627993410 0 0 26.42 8.22 157.3 61.45 110.8 6.85 177.4 17.1 183.7 2.66 41.28 13.1
9860 1627993410 0 7 $GNGGA,122329.000,4424.29954,N,00854.96100,E,1,10,0.9,-11.0,M,44.7,M,,*5B
9861 1627993411 0 7 $GNGGA,122330.000,4424.29972,N,00854.96033,E,1,10,0.9,-11.2,M,44.7,M,,*54
9862 1627993412 0 7 $GNGGA,122331.000,4424.29975,N,00854.95985,E,1,10,0.9,-11.2,M,44.7,M,,*55
9863 1627993412 0 3 2.56 0.00
9864 1627993412 0 4 2.55 1.51
9865 1627993412 0 5 0.02
9866 1627993412 0 6 0.09
9867 1627993413 0 8 4.98 12.34 11.87
9868 1627993413 0 1 7.368
9869 1627993413 0 0 26.41 8.23 157.3 61.30 110.7 6.85 177.4 17.1 183.9 2.67 41.16 13.1
9870 1627993413 0 7 $GNGGA,122332.000,4424.29956,N,00854.95940,E,1,10,0.9,-11.3,M,44.7,M,,*5F
9871 1627993414 0 7 $GNGGA,122333.000,4424.29960,N,00854.95884,E,1,10,0.9,-11.8,M,44.7,M,,*59
9872 1627993415 0 7 $GNGGA,122334.000,4424.29971,N,00854.95816,E,1,10,0.9,-12.2,M,44.7,M,,*5C
9873 1627993415 0 3 2.56 0.00
9874 1627993415 0 4 2.55 1.52
9875 1627993415 0 5 0.02
9876 1627993416 0 6 0.09
9877 1627993416 0 8 4.98 12.34 11.87
9878 1627993416 0 1 7.403
9879 1627993416 0 0 26.41 8.23 157.3 61.45 110.7 6.84 177.4 17.1 183.5 2.69 41.28 13.1
9880 1627993416 0 7 $GNGGA,122335.000,4424.29981,N,00854.95747,E,1,10,0.9,-12.5,M,44.7,M,,*5E
9881 1627993417 0 7 $GNGGA,122336.000,4424.29995,N,00854.95672,E,1,10,0.9,-12.8,M,44.7,M,,*52
9882 1627993418 0 7 $GNGGA,122337.000,4424.30012,N,00854.95616,E,1,10,0.9,-13.0,M,44.7,M,,*56
9883 1627993418 0 3 2.56 0.00
9884 1627993418 0 4 2.55 1.53
9885 1627993418 0 5 0.02
9886 1627993418 0 6 0.10
9887 1627993419 0 8 4.98 12.35 11.89
9888 1627993419 0 1 7.364
9889 1627993419 0 0 26.41 8.23 157.3 61.39 110.6 6.84 177.5 17.1 183.6 2.74 41.23 13.1
9890 1627993419 0 7 $GNGGA,122338.000,4424.30032,N,00854.95551,E,1,10,0.9,-13.2,M,44.7,M,,*59
9891 1627993420 0 7 $GNGGA,122339.000,4424.30059,N,00854.95488,E,1,10,0.9,-12.8,M,44.7,M,,*5B
9892 1627993421 0 7 $GNGGA,122340.000,4424.30075,N,00854.95399,E,1,10,0.9,-12.3,M,44.7,M,,*57
9893 1627993421 0 3 2.56 0.00
9894 1627993421 0 4 2.55 1.54
9895 1627993421 0 5 0.02
9896 1627993422 0 6 0.10
9897 1627993422 0 8 4.98 12.34 11.87
9898 1627993422 0 1 7.645
9899 1627993422 0 0 26.41 8.22 157.3 61.37 110.6 6.84 177.3 17.2 183.8 2.74 41.21 13.0
9900 1627993422 0 7 $GNGGA,122341.000,4424.30098,N,00854.95320,E,1,10,0.9,-11.8,M,44.7,M,,*5F
9901 1627993423 0 7 $GNGGA,122342.000,4424.30156,N,00854.95229,E,1,10,0.9,-11.2,M,44.7,M,,*5D
9902 1627993424 0 7 $GNGGA,122343.000,4424.30229,N,00854.95120,E,1,10,0.9,-10.5,M,44.7,M,,*5B
9903 1627993424 0 3 2.56 0.00
9904 1627993424 0 4 2.55 1.54
9905 1627993424 0 5 0.02
9906 1627993424 0 6 0.09
9907 1627993425 0 8 4.98 12.35 11.87
9908 1627993425 0 1 7.422
9909 1627993425 0 0 26.39 8.22 157.3 61.42 110.5 6.84 177.6 17.1 183.5 2.73 41.25 13.0
9910 1627993425 0 7 $GNGGA,122344.000,4424.30314,N,00854.95012,E,1,10,0.9,-9.9,M,44.7,M,,*67
9911 1627993426 0 7 $GNGGA,122345.000,4424.30400,N,00854.94890,E,1,10,0.9,-9.3,M,44.7,M,,*6D
9912 1627993427 0 7 $GNGGA,122346.000,4424.30496,N,00854.94787,E,1,10,0.9,-8.1,M,44.7,M,,*6B
9913 1627993427 0 3 2.56 0.00
9914 1627993427 0 4 2.55 1.53
9915 1627993427 0 5 0.02
9916 1627993428 0 6 0.10
9917 1627993428 0 8 4.98 12.35 11.87
9918 1627993428 0 1 7.559
9919 1627993428 0 0 26.38 8.22 157.3 61.43 110.4 6.83 177.6 17.1 183.4 2.74 41.26 13.0
9920 1627993428 0 7 $GNGGA,122347.000,4424.30595,N,00854.94691,E,1,10,0.9,-7.3,M,44.7,M,,*63
9921 1627993429 0 7 $GNGGA,122348.000,4424.30697,N,00854.94584,E,1,10,0.9,-6.7,M,44.7,M,,*6F
9922 1627993430 0 7 $GNGGA,122349.000,4424.30756,N,00854.94508,E,1,10,0.9,-6.1,M,44.7,M,,*60
9923 1627993430 0 3 2.56 0.00
9924 1627993430 0 4 2.55 1.53
9925 1627993430 0 5 0.02
9926 1627993430 0 6 0.09
9927 1627993431 0 8 4.98 12.35 11.87
9928 1627993431 0 1 7.350
9929 1627993431 0 0 26.38 8.22 157.3 61.38 110.3 6.82 177.6 17.1 183.7 2.74 41.22 13.0
9930 1627993431 0 7 $GNGGA,122350.000,4424.30768,N,00854.94451,E,1,10,0.9,-5.8,M,44.7,M,,*62
9931 1627993432 0 7 $GNGGA,122351.000,4424.30778,N,00854.94394,E,1,10,0.9,-5.4,M,44.7,M,,*60
9932 1627993433 0 7 $GNGGA,122352.000,4424.30783,N,00854.94346,E,1,10,0.9,-4.6,M,44.7,M,,*6B
9933 1627993433 0 3 2.56 0.00
9934 1627993433 0 4 2.55 1.53
9935 1627993433 0 5 0.03
9936 1627993434 0 6 0.10
9937 1627993434 0 8 4.98 12.34 11.87
9938 1627993434 0 1 7.287
9939 1627993434 0 0 26.38 8.22 157.3 61.41 110.2 6.82 177.6 17.1 183.4 2.75 41.24 13.0
9940 1627993434 0 7 $GNGGA,122353.000,4424.30774,N,00854.94297,E,1,10,0.9,-4.2,M,44.7,M,,*6B
9941 1627993435 0 7 $GNGGA,122354.000,4424.30763,N,00854.94231,E,1,10,0.9,-3.9,M,44.7,M,,*6A
9942 1627993436 0 7 $GNGGA,122355.000,4424.30753,N,00854.94130,E,1,10,0.9,-3.5,M,44.7,M,,*66
9943 1627993436 0 3 2.56 0.00
9944 1627993436 0 4 2.55 1.53
9945 1627993436 0 5 0.02
9946 1627993436 0 6 0.10
9947 1627993437 0 8 4.98 12.35 11.87
9948 1627993437 0 1 7.629
9949 1627993437 0 0 26.39 8.22 157.3 61.43 110.0 6.80 177.2 17.2 183.0 2.76 41.26 13.0
9950 1627993437 0 7 $GNGGA,122356.000,4424.30756,N,00854.94017,E,1,10,0.9,-3.3,M,44.7,M,,*62
9951 1627993438 0 7 $GNGGA,122357.000,4424.30776,N,00854.93909,E,1,10,0.9,-2.9,M,44.7,M,,*6B
9952 1627993439 0 7 $GNGGA,122358.000,4424.30808,N,00854.93791,E,1,10,0.9,-2.5,M,44.7,M,,*61
9953 1627993439 0 3 2.56 0.00
9954 1627993439 0 4 2.55 1.53
9955 1627993439 0 5 0.02
9956 1627993439 0 6 0.09
9957 1627993439 0 8 4.98 12.35 11.87
9958 1627993440 0 1 6.999
9959 1627993440 0 0 26.39 8.22 157.3 61.43 109.8 6.79 177.2 17.1 182.8 2.78 41.26 13.0
9960 1627993440 0 7 $GNGGA,122359.000,4424.30836,N,00854.93658,E,1,10,0.9,-2.1,M,44.7,M,,*6D
9961 1627993441 0 7 $GNGGA,122400.000,4424.30850,N,00854.93535,E,1,10,0.9,-1.8,M,44.7,M,,*64
9962 1627993442 0 7 $GNGGA,122401.000,4424.30857,N,00854.93416,E,1,10,0.9,-1.8,M,44.7,M,,*62
9963 1627993442 0 3 2.56 0.00
9964 1627993442 0 4 2.55 1.55
9965 1627993442 0 5 0.02
9966 1627993442 0 6 0.08
9967 1627993442 0 8 4.98 12.35 11.89
9968 1627993442 0 1 6.824
9969 1627993443 0 0 26.39 8.22 157.4 61.41 109.6 6.78 177.2 17.2 183.1 2.79 41.24 13.0
9970 1627993443 0 7 $GNGGA,122402.000,4424.30854,N,00854.93306,E,1,10,0.9,-1.7,M,44.7,M,,*6B
9971 1627993444 0 7 $GNGGA,122403.000,4424.30850,N,00854.93199,E,1,10,0.9,-1.9,M,44.7,M,,*64
9972 1627993445 0 7 $GNGGA,122404.000,4424.30856,N,00854.93100,E,1,10,0.9,-1.8,M,44.7,M,,*64
9973 1627993445 0 3 2.56 0.00
9974 1627993445 0 4 2.55 1.55
9975 1627993445 0 5 0.02
9976 1627993445 0 6 0.08
9977 1627993445 0 8 4.98 12.35 11.87
9978 1627993446 0 1 7.433
9979 1627993446 0 0 26.39 8.22 157.4 61.34 109.4 6.77 177.3 17.1 182.9 2.80 41.19 13.0
9980 1627993446 0 7 $GNGGA,122405.000,4424.30859,N,00854.93000,E,1,10,0.9,-2.0,M,44.7,M,,*60
9981 1627993447 0 7 $GNGGA,122406.000,4424.30858,N,00854.92908,E,1,10,0.9,-1.9,M,44.7,M,,*68
9982 1627993448 0 7 $GNGGA,122407.000,4424.30863,N,00854.92818,E,1,10,0.9,-1.8,M,44.7,M,,*60
9983 1627993448 0 3 2.56 0.00
9984 1627993448 0 4 2.55 1.55
9985 1627993448 0 5 0.02
9986 1627993448 0 6 0.10
9987 1627993448 0 8 4.98 12.35 11.87
9988 1627993448 0 1 7.113
9989 1627993449 0 0 26.40 8.22 157.3 61.40 109.2 6.76 177.0 17.2 182.5 2.80 41.23 13.0
9990 1627993449 0 7 $GNGGA,122408.000,4424.30870,N,00854.92724,E,1,10,0.9,-1.9,M,44.7,M,,*6C
9991 1627993450 0 7 $GNGGA,122409.000,4424.30884,N,00854.92630,E,1,10,0.9,-2.0,M,44.7,M,,*68
9992 1627993451 0 7 $GNGGA,122410.000,4424.30911,N,00854.92553,E,1,10,0.9,-1.8,M,44.7,M,,*60
9993 1627993451 0 3 2.56 0.00
9994 1627993451 0 4 2.55 1.55
9995 1627993451 0 5 0.02
9996 1627993451 0 6 0.10
9997 1627993451 0 8 4.98 12.20 11.84
9998 1627993452 0 1 7.036
9999 1627993452 0 0 26.40 8.22 157.3 61.39 108.1 6.68 177.2 17.1 182.7 2.80 41.23 13.0
10000 1627993452 0 7 $GNGGA,122411.000,4424.30897,N,00854.92461,E,1,09,1.0,-5.3,M,44.7,M,,*61
10001 1627993453 0 7 $GNGGA,122412.000,4424.30910,N,00854.92368,E,1,09,1.0,-5.9,M,44.7,M,,*68
10002 1627993454 0 7 $GNGGA,122413.000,4424.30954,N,00854.92276,E,1,10,0.9,-5.5,M,44.7,M,,*6B
10003 1627993454 0 3 2.56 0.00
10004 1627993454 0 4 2.55 1.55
10005 1627993454 0 5 0.02
10006 1627993454 0 6 0.09
10007 1627993454 0 8 4.98 12.21 11.87
10008 1627993454 0 1 6.825
10009 1627993455 0 0 26.39 8.22 157.4 61.38 108.1 6.69 177.3 17.1 182.5 2.79 41.22 13.0
10010 1627993455 0 7 $GNGGA,122414.000,4424.30979,N,00854.92181,E,1,09,1.0,-5.8,M,44.7,M,,*65
10011 1627993456 0 7 $GNGGA,122415.000,4424.31012,N,00854.92079,E,1,09,1.0,-5.9,M,44.7,M,,*66
10012 1627993457 0 7 $GNGGA,122416.000,4424.31075,N,00854.91930,E,1,09,1.0,-6.0,M,44.7,M,,*69
10013 1627993457 0 3 2.56 0.00
10014 1627993457 0 4 2.55 1.55
10015 1627993457 0 5 0.02
10016 1627993457 0 6 0.09
10017 1627993457 0 8 4.98 12.34 11.87
10018 1627993458 0 1 7.110
10019 1627993458 0 0 26.41 8.22 157.3 61.47 108.1 6.68 176.9 17.2 182.5 2.77 41.29 13.0
10020 1627993458 0 7 $GNGGA,122417.000,4424.31160,N,00854.91772,E,1,09,1.0,-6.0,M,44.7,M,,*65
10021 1627993459 0 7 $GNGGA,122418.000,4424.31245,N,00854.91623,E,1,10,0.9,-5.9,M,44.7,M,,*61
10022 1627993460 0 7 $GNGGA,122419.000,4424.31331,N,00854.91474,E,1,10,0.9,-5.7,M,44.7,M,,*6C
10023 1627993460 0 3 2.56 0.00
10024 1627993460 0 4 2.55 1.55
10025 1627993460 0 5 0.02
10026 1627993460 0 6 0.11
10027 1627993460 0 8 4.98 12.20 11.84
10028 1627993460 0 1 7.079
10029 1627993461 0 0 26.43 8.22 157.4 61.29 108.1 6.68 176.7 17.2 182.0 2.78 41.15 13.0
10030 1627993461 0 7 $GNGGA,122420.000,4424.31416,N,00854.91319,E,1,10,0.9,-5.6,M,44.7,M,,*69
10031 1627993462 0 7 $GNGGA,122421.000,4424.31495,N,00854.91197,E,1,10,0.9,-5.3,M,44.7,M,,*62
10032 1627993463 0 7 $GNGGA,122422.000,4424.31565,N,00854.91087,E,1,10,0.9,-5.1,M,44.7,M,,*6D
10033 1627993463 0 3 2.56 0.00
10034 1627993463 0 4 2.55 1.55
10035 1627993463 0 5 0.02
10036 1627993463 0 6 0.09
10037 1627993463 0 8 4.98 12.35 11.87
10038 1627993464 0 1 7.005
10039 1627993464 0 0 26.42 8.23 157.3 61.50 108.1 6.68 176.9 17.2 183.1 2.78 41.31 13.1
10040 1627993464 0 7 $GNGGA,122423.000,4424.31637,N,00854.90994,E,1,10,0.9,-4.8,M,44.7,M,,*6A
10041 1627993465 0 7 $GNGGA,122424.000,4424.31696,N,00854.90927,E,1,10,0.9,-4.3,M,44.7,M,,*65
10042 1627993466 0 7 $GNGGA,122425.000,4424.31735,N,00854.90860,E,1,10,0.9,-3.9,M,44.7,M,,*63
10043 1627993466 0 3 2.56 0.00
10044 1627993466 0 4 2.55 1.55
10045 1627993466 0 5 0.02
10046 1627993466 0 6 0.10
10047 1627993466 0 8 4.98 12.35 11.87
10048 1627993466 0 1 7.120
10049 1627993467 0 0 26.46 8.22 157.4 61.39 108.1 6.68 176.2 17.2 181.4 2.76 41.23 13.0
10050 1627993467 0 7 $GNGGA,122426.000,4424.31790,N,00854.90781,E,1,10,0.9,-3.3,M,44.7,M,,*65
10051 1627993468 0 7 $GNGGA,122427.000,4424.31862,N,00854.90683,E,1,10,0.9,-2.7,M,44.7,M,,*60
10052 1627993469 0 7 $GNGGA,122428.000,4424.31942,N,00854.90594,E,1,10,0.9,-2.0,M,44.7,M,,*6E
10053 1627993469 0 3 2.56 0.00
10054 1627993469 0 4 2.55 1.55
10055 1627993469 0 5 0.02
10056 1627993469 0 6 0.10
10057 1627993469 0 8 4.98 12.20 11.84
10058 1627993470 0 1 7.811
10059 1627993470 0 0 26.46 8.23 157.4 61.49 108.4 6.69 176.4 17.2 181.8 2.77 41.30 13.1
10060 1627993470 0 7 $GNGGA,122429.000,4424.32015,N,00854.90501,E,1,10,0.9,-1.4,M,44.7,M,,*6C
10061 1627993471 0 7 $GNGGA,122430.000,4424.32045,N,00854.90398,E,1,09,1.2,-2.0,M,44.7,M,,*62
10062 1627993472 0 7 $GNGGA,122431.000,4424.32061,N,00854.90321,E,1,09,1.2,-2.5,M,44.7,M,,*62
10063 1627993472 0 3 2.56 0.00
10064 1627993472 0 4 2.55 1.55
10065 1627993472 0 5 0.02
10066 1627993472 0 6 0.10
10067 1627993472 0 8 4.98 12.35 11.87
10068 1627993472 0 1 7.250
10069 1627993473 0 0 26.45 8.22 157.3 61.42 108.4 6.70 176.6 17.2 181.2 2.78 41.25 13.0
10070 1627993473 0 7 $GNGGA,122432.000,4424.32062,N,00854.90254,E,1,09,1.2,-3.0,M,44.7,M,,*65
10071 1627993474 0 7 $GNGGA,122433.000,4424.32053,N,00854.90190,E,1,09,1.2,-3.3,M,44.7,M,,*6E
10072 1627993475 0 7 $GNGGA,122434.000,4424.32055,N,00854.90113,E,1,09,1.2,-3.5,M,44.7,M,,*62
10073 1627993475 0 3 2.56 0.00
10074 1627993475 0 4 2.55 1.55
10075 1627993475 0 5 0.02
10076 1627993475 0 6 0.10
10077 1627993475 0 8 4.98 12.35 11.87
10078 1627993476 0 1 7.282
10079 1627993476 0 0 26.46 8.23 157.4 61.39 108.3 6.69 176.5 17.2 181.7 2.77 41.23 13.1
10080 1627993476 0 7 $GNGGA,122435.000,4424.32063,N,00854.90025,E,1,09,1.2,-3.9,M,44.7,M,,*6E
10081 1627993477 0 7 $GNGGA,122436.000,4424.32078,N,00854.89930,E,1,09,1.2,-4.3,M,44.7,M,,*6F
10082 1627993478 0 7 $GNGGA,122437.000,4424.32102,N,00854.89820,E,1,09,1.2,-4.5,M,44.7,M,,*64
10083 1627993478 0 3 2.56 0.00
10084 1627993478 0 4 2.55 1.55
10085 1627993478 0 5 0.02
10086 1627993478 0 6 0.09
10087 1627993478 0 8 4.98 12.34 11.89
10088 1627993478 0 1 6.860
10089 1627993479 0 0 26.45 8.22 157.3 61.43 108.5 6.70 176.8 17.2 182.3 2.76 41.26 13.0
10090 1627993479 0 7 $GNGGA,122438.000,4424.32139,N,00854.89723,E,1,09,1.2,-4.7,M,44.7,M,,*6D
10091 1627993480 0 7 $GNGGA,122439.000,4424.32161,N,00854.89627,E,1,09,1.2,-4.9,M,44.7,M,,*6A
10092 1627993481 0 7 $GNGGA,122440.000,4424.32185,N,00854.89534,E,1,09,1.2,-5.3,M,44.7,M,,*64
10093 1627993481 0 3 2.56 0.00
10094 1627993481 0 4 2.55 1.55
10095 1627993481 0 5 0.02
10096 1627993481 0 6 0.10
10097 1627993481 0 8 4.98 12.34 11.87
10098 1627993482 0 1 7.284
10099 1627993482 0 0 26.44 8.23 157.3 61.40 108.4 6.70 176.8 17.2 182.0 2.76 41.24 13.1
10100 1627993482 0 7 $GNGGA,122441.000,4424.32217,N,00854.89440,E,1,09,1.2,-5.6,M,44.7,M,,*6A
10101 1627993483 0 7 $GNGGA,122442.000,4424.32260,N,00854.89346,E,1,10,0.9,-5.9,M,44.7,M,,*65
10102 1627993484 0 7 $GNGGA,122443.000,4424.32313,N,00854.89253,E,1,10,0.9,-6.2,M,44.7,M,,*6C
10103 1627993484 0 3 2.56 0.00
10104 1627993484 0 4 2.55 1.56
10105 1627993484 0 5 0.02
10106 1627993484 0 6 0.09
10107 1627993484 0 8 4.98 12.34 11.87
10108 1627993484 0 1 7.638
10109 1627993485 0 0 26.43 8.23 157.3 61.37 108.6 6.71 176.9 17.2 182.1 2.73 41.21 13.1
10110 1627993485 0 7 $GNGGA,122444.000,4424.32347,N,00854.89155,E,1,10,0.9,-6.5,M,44.7,M,,*68
10111 1627993486 0 7 $GNGGA,122445.000,4424.32375,N,00854.89053,E,1,10,0.9,-6.9,M,44.7,M,,*63
10112 1627993487 0 7 $GNGGA,122446.000,4424.32420,N,00854.88951,E,1,10,0.9,-6.6,M,44.7,M,,*62
10113 1627993487 0 3 2.56 0.00
10114 1627993487 0 4 2.55 1.56
10115 1627993487 0 5 0.02
10116 1627993487 0 6 0.10
10117 1627993487 0 8 4.98 12.35 11.87
10118 1627993488 0 1 6.954
10119 1627993488 0 0 26.44 8.23 157.3 61.45 108.6 6.71 176.9 17.2 181.8 2.72 41.27 13.1
10120 1627993488 0 7 $GNGGA,122447.000,4424.32453,N,00854.88875,E,1,10,0.9,-7.0,M,44.7,M,,*67
10121 1627993489 0 7 $GNGGA,122448.000,4424.32508,N,00854.88791,E,1,10,0.9,-5.8,M,44.7,M,,*68
10122 1627993490 0 7 $GNGGA,122449.000,4424.32571,N,00854.88700,E,1,10,0.9,-4.8,M,44.7,M,,*6E
10123 1627993490 0 3 2.56 0.00
10124 1627993490 0 4 2.55 1.56
10125 1627993490 0 5 0.02
10126 1627993490 0 6 0.10
10127 1627993490 0 8 4.98 12.35 11.87
10128 1627993490 0 1 7.763
10129 1627993491 0 0 26.44 8.23 157.2 61.41 108.6 6.71 176.8 17.2 182.0 2.74 41.24 13.1
10130 1627993491 0 7 $GNGGA,122450.000,4424.32619,N,00854.88614,E,1,10,0.9,-4.5,M,44.7,M,,*62
10131 1627993492 0 7 $GNGGA,122451.000,4424.32655,N,00854.88526,E,1,10,0.9,-4.5,M,44.7,M,,*69
10132 1627993493 0 7 $GNGGA,122452.000,4424.32711,N,00854.88449,E,1,10,0.9,-4.3,M,44.7,M,,*65
10133 1627993493 0 3 2.56 0.00
10134 1627993493 0 4 2.55 1.56
10135 1627993493 0 5 0.02
10136 1627993493 0 6 0.12
10137 1627993493 0 8 4.98 12.35 11.87
10138 1627993494 0 1 7.437
10139 1627993494 0 0 26.43 8.23 157.2 61.44 108.7 6.72 176.9 17.2 182.0 2.76 41.26 13.1
10140 1627993494 0 7 $GNGGA,122453.000,4424.32764,N,00854.88378,E,1,10,0.9,-4.1,M,44.7,M,,*61
10141 1627993495 0 7 $GNGGA,122454.000,4424.32800,N,00854.88300,E,1,10,0.9,-4.0,M,44.7,M,,*65
10142 1627993496 0 7 $GNGGA,122455.000,4424.32829,N,00854.88228,E,1,10,0.9,-3.9,M,44.7,M,,*6A
10143 1627993496 0 3 2.56 0.00
10144 1627993496 0 4 2.55 1.56
10145 1627993496 0 5 0.02
10146 1627993496 0 6 0.11
10147 1627993496 0 8 4.98 12.35 11.87
10148 1627993496 0 1 7.186
10149 1627993497 0 0 26.40 8.23 157.3 61.47 108.8 6.72 177.3 17.2 182.4 2.72 41.29 13.1
10150 1627993497 0 7 $GNGGA,122456.000,4424.32852,N,00854.88148,E,1,10,0.9,-3.6,M,44.7,M,,*6F
10151 1627993498 0 7 $GNGGA,122457.000,4424.32882,N,00854.88062,E,1,10,0.9,-3.2,M,44.7,M,,*6E
10152 1627993499 0 7 $GNGGA,122458.000,4424.32911,N,00854.87967,E,1,10,0.9,-3.0,M,44.7,M,,*6B
10153 1627993499 0 3 2.56 0.00
10154 1627993499 0 4 2.55 1.56
10155 1627993499 0 5 0.02
10156 1627993499 0 6 0.08
10157 1627993500 0 8 4.98 12.35 11.87
10158 1627993500 0 1 7.317
10159 1627993500 0 0 26.41 8.22 157.3 61.38 108.8 6.73 177.2 17.2 181.7 2.68 41.22 13.1
10160 1627993500 0 7 $GNGGA,122459.000,4424.32943,N,00854.87889,E,1,10,0.9,-2.9,M,44.7,M,,*64
10161 1627993501 0 7 $GNGGA,122500.000,4424.32953,N,00854.87827,E,1,10,0.9,-2.9,M,44.7,M,,*6C
10162 1627993502 0 7 $GNGGA,122501.000,4424.32926,N,00854.87775,E,1,10,0.9,-3.3,M,44.7,M,,*6C
10163 1627993502 0 3 2.56 0.00
10164 1627993502 0 4 2.55 1.56
10165 1627993502 0 5 0.02
10166 1627993502 0 6 0.09
10167 1627993502 0 8 4.98 12.35 11.87
10168 1627993502 0 1 7.170
10169 1627993503 0 0 26.42 8.23 157.2 61.38 108.9 6.73 176.9 17.2 181.8 2.72 41.22 13.1
10170 1627993503 0 7 $GNGGA,122502.000,4424.32883,N,00854.87726,E,1,09,1.2,-3.5,M,44.7,M,,*63
10171 1627993504 0 7 $GNGGA,122503.000,4424.32832,N,00854.87698,E,1,09,1.2,-3.5,M,44.7,M,,*6C
10172 1627993505 0 7 $GNGGA,122504.000,4424.32780,N,00854.87704,E,1,09,1.2,-3.4,M,44.7,M,,*68
10173 1627993505 0 3 2.56 0.00
10174 1627993505 0 4 2.55 1.56
10175 1627993505 0 5 0.02
10176 1627993505 0 6 0.09
10177 1627993505 0 8 4.98 12.35 11.87
10178 1627993506 0 1 7.150
10179 1627993506 0 0 26.43 8.23 157.2 61.41 108.9 6.73 177.0 17.2 182.0 2.76 41.24 13.2
10180 1627993506 0 7 $GNGGA,122505.000,4424.32752,N,00854.87731,E,1,09,1.2,-3.3,M,44.7,M,,*67
10181 1627993507 0 7 $GNGGA,122506.000,4424.32706,N,00854.87753,E,1,09,1.2,-3.5,M,44.7,M,,*67
10182 1627993508 0 7 $GNGGA,122507.000,4424.32663,N,00854.87727,E,1,09,1.2,-3.9,M,44.7,M,,*6B
10183 1627993508 0 3 2.56 0.00
10184 1627993508 0 4 2.55 1.56
10185 1627993508 0 5 0.02
10186 1627993508 0 6 0.08
10187 1627993508 0 8 4.98 12.35 11.87
10188 1627993508 0 1 7.163
10189 1627993509 0 0 26.42 8.23 157.3 61.43 108.9 6.73 177.1 17.2 182.1 2.77 41.26 13.1
10190 1627993509 0 7 $GNGGA,122508.000,4424.32625,N,00854.87629,E,1,09,1.2,-4.6,M,44.7,M,,*61
10191 1627993510 0 2 0.04890000 3.33809995 1.51339998 0.02570000 2.70659995 0.00370000 0.05590000 0.21649999 1.00000000 87.91300201
10192 1627993510 0 7 $GNGGA,122509.000,4424.32621,N,00854.87528,E,1,09,1.2,-4.8,M,44.7,M,,*68
10193 1627993511 0 7 $GNGGA,122510.000,4424.32620,N,00854.87425,E,1,09,1.2,-5.0,M,44.7,M,,*64
10194 1627993511 0 3 2.56 0.00
10195 1627993511 0 4 2.55 1.56
10196 1627993511 0 5 0.02
10197 1627993511 0 6 0.09
10198 1627993511 0 8 4.98 12.35 11.89
10199 1627993511 0 1 7.615
10200 1627993512 0 0 26.42 8.23 157.3 61.38 109.0 6.74 177.1 17.2 181.7 2.77 41.22 13.1
10201 1627993512 0 7 $GNGGA,122511.000,4424.32646,N,00854.87286,E,1,09,1.2,-5.0,M,44.7,M,,*6A
10202 1627993513 0 7 $GNGGA,122512.000,4424.32676,N,00854.87141,E,1,09,1.2,-5.1,M,44.7,M,,*63
10203 1627993514 0 7 $GNGGA,122513.000,4424.32693,N,00854.87013,E,1,09,1.2,-5.0,M,44.7,M,,*6E
10204 1627993514 0 3 2.56 0.00
10205 1627993514 0 4 2.55 1.56
10206 1627993514 0 5 0.02
10207 1627993514 0 6 0.10
10208 1627993514 0 8 4.98 12.35 11.87
10209 1627993515 0 1 7.327
10210 1627993515 0 0 26.42 8.23 157.2 61.38 109.0 6.74 177.0 17.2 181.6 2.81 41.22 13.1
10211 1627993515 0 7 $GNGGA,122514.000,4424.32694,N,00854.86899,E,1,09,1.2,-4.9,M,44.7,M,,*6D
10212 1627993516 0 7 $GNGGA,122515.000,4424.32713,N,00854.86788,E,1,09,1.2,-4.8,M,44.7,M,,*6C
10213 1627993517 0 7 $GNGGA,122516.000,4424.32726,N,00854.86657,E,1,09,1.2,-4.7,M,44.7,M,,*65
10214 1627993517 0 3 2.56 0.00
10215 1627993517 0 4 2.55 1.57
10216 1627993517 0 5 0.02
10217 1627993517 0 6 0.10
10218 1627993517 0 8 4.98 12.34 11.87
10219 1627993518 0 1 8.033
10220 1627993518 0 0 26.43 8.23 157.3 61.34 109.0 6.74 176.9 17.2 181.8 2.83 41.19 13.1
10221 1627993518 0 7 $GNGGA,122517.000,4424.32773,N,00854.86507,E,1,09,1.2,-4.5,M,44.7,M,,*60
10222 1627993519 0 7 $GNGGA,122518.000,4424.32822,N,00854.86385,E,1,10,0.9,-4.4,M,44.7,M,,*6B
10223 1627993520 0 7 $GNGGA,122519.000,4424.32886,N,00854.86263,E,1,10,0.9,-4.3,M,44.7,M,,*6A
10224 1627993520 0 3 2.56 0.00
10225 1627993520 0 4 2.55 1.56
10226 1627993520 0 5 0.02
10227 1627993520 0 6 0.09
10228 1627993520 0 8 4.98 12.35 11.87
10229 1627993520 0 1 7.229
10230 1627993521 0 0 26.43 8.23 157.3 61.38 109.0 6.74 177.1 17.2 181.7 2.82 41.22 13.1
10231 1627993521 0 7 $GNGGA,122520.000,4424.32953,N,00854.86138,E,1,10,0.9,-4.5,M,44.7,M,,*62
10232 1627993522 0 7 $GNGGA,122521.000,4424.33011,N,00854.86014,E,1,10,0.9,-4.9,M,44.7,M,,*6E
10233 1627993523 0 7 $GNGGA,122522.000,4424.33078,N,00854.85897,E,1,10,0.9,-5.2,M,44.7,M,,*68
10234 1627993523 0 3 2.56 0.00
10235 1627993523 0 4 2.55 1.56
10236 1627993523 0 5 0.02
10237 1627993523 0 6 0.09
10238 1627993523 0 8 4.98 12.35 11.87
10239 1627993524 0 1 7.158
10240 1627993524 0 0 26.44 8.23 157.3 61.41 109.0 6.74 176.9 17.2 181.9 2.81 41.24 13.1
10241 1627993524 0 7 $GNGGA,122523.000,4424.33146,N,00854.85789,E,1,10,0.9,-5.3,M,44.7,M,,*64
10242 1627993525 0 7 $GNGGA,122524.000,4424.33192,N,00854.85656,E,1,10,0.9,-5.8,M,44.7,M,,*62
10243 1627993526 0 7 $GNGGA,122525.000,4424.33233,N,00854.85525,E,1,10,0.9,-6.0,M,44.7,M,,*67
10244 1627993526 0 3 2.56 0.00
10245 1627993526 0 4 2.55 1.57
10246 1627993526 0 5 0.02
10247 1627993526 0 6 0.09
10248 1627993526 0 8 4.98 12.35 11.87
10249 1627993527 0 1 7.064
10250 1627993527 0 0 26.41 8.23 157.3 61.41 109.0 6.74 177.4 17.2 182.0 2.84 41.24 13.1
10251 1627993527 0 7 $GNGGA,122526.000,4424.33269,N,00854.85410,E,1,10,0.9,-6.3,M,44.7,M,,*6F
10252 1627993528 0 7 $GNGGA,122527.000,4424.33310,N,00854.85294,E,1,10,0.9,-6.6,M,44.7,M,,*6E
10253 1627993529 0 7 $GNGGA,122528.000,4424.33339,N,00854.85175,E,1,10,0.9,-6.9,M,44.7,M,,*69
10254 1627993529 0 3 2.56 0.00
10255 1627993529 0 4 2.55 1.56
10256 1627993529 0 5 0.02
10257 1627993529 0 6 0.10
10258 1627993529 0 8 4.98 12.35 11.87
10259 1627993530 0 1 7.594
10260 1627993530 0 0 26.41 8.23 157.3 61.35 109.0 6.74 177.1 17.2 181.7 2.86 41.20 13.1
10261 1627993530 0 7 $GNGGA,122529.000,4424.33360,N,00854.85060,E,1,10,0.9,-7.3,M,44.7,M,,*6A
10262 1627993531 0 7 $GNGGA,122530.000,4424.33387,N,00854.84944,E,1,10,0.9,-7.8,M,44.7,M,,*6E
10263 1627993532 0 7 $GNGGA,122531.000,4424.33403,N,00854.84841,E,1,10,0.9,-8.1,M,44.7,M,,*66
10264 1627993532 0 3 2.56 0.00
10265 1627993532 0 4 2.55 1.57
10266 1627993532 0 5 0.02
10267 1627993532 0 6 0.10
10268 1627993532 0 8 4.98 12.35 11.89
10269 1627993533 0 1 7.058
10270 1627993533 0 0 26.40 8.23 157.3 61.29 109.1 6.75 177.4 17.2 182.1 2.85 41.15 13.1
10271 1627993533 0 7 $GNGGA,122532.000,4424.33421,N,00854.84761,E,1,10,0.9,-8.1,M,44.7,M,,*68
10272 1627993534 0 7 $GNGGA,122533.000,4424.33449,N,00854.84675,E,1,10,0.9,-8.6,M,44.7,M,,*64
10273 1627993535 0 7 $GNGGA,122534.000,4424.33485,N,00854.84567,E,1,10,0.9,-9.3,M,44.7,M,,*67
10274 1627993535 0 3 2.56 0.00
10275 1627993535 0 4 2.55 1.56
10276 1627993535 0 5 0.02
10277 1627993535 0 6 0.09
10278 1627993535 0 8 4.98 12.35 11.87
10279 1627993536 0 1 7.248
10280 1627993536 0 0 26.40 8.23 157.3 61.38 109.0 6.74 177.3 17.2 181.8 2.81 41.22 13.1
10281 1627993536 0 7 $GNGGA,122535.000,4424.33512,N,00854.84461,E,1,10,0.9,-10.0,M,44.7,M,,*55
10282 1627993537 0 7 $GNGGA,122536.000,4424.33529,N,00854.84374,E,1,10,0.9,-10.4,M,44.7,M,,*59
10283 1627993538 0 7 $GNGGA,122537.000,4424.33547,N,00854.84286,E,1,10,0.9,-10.8,M,44.7,M,,*50
10284 1627993538 0 3 2.56 0.00
10285 1627993538 0 4 2.55 1.56
10286 1627993538 0 5 0.02
10287 1627993538 0 6 0.10
10288 1627993538 0 8 4.98 12.35 11.87
10289 1627993539 0 1 7.427
10290 1627993539 0 0 26.42 8.23 157.3 61.35 109.0 6.74 177.1 17.2 181.8 2.82 41.20 13.1
10291 1627993539 0 7 $GNGGA,122538.000,4424.33559,N,00854.84217,E,1,10,0.9,-10.9,M,44.7,M,,*59
10292 1627993540 0 7 $GNGGA,122539.000,4424.33580,N,00854.84152,E,1,10,0.9,-11.0,M,44.7,M,,*56
10293 1627993541 0 7 $GNGGA,122540.000,4424.33619,N,00854.84075,E,1,10,0.9,-10.7,M,44.7,M,,*59
10294 1627993541 0 3 2.56 0.00
10295 1627993541 0 4 2.55 1.56
10296 1627993541 0 5 0.02
10297 1627993541 0 6 0.10
10298 1627993541 0 8 4.98 12.35 11.87
10299 1627993542 0 1 7.471
10300 1627993542 0 0 26.44 8.23 157.3 61.31 109.0 6.74 176.9 17.2 181.3 2.86 41.16 13.1
10301 1627993542 0 7 $GNGGA,122541.000,4424.33658,N,00854.83962,E,1,10,0.9,-10.7,M,44.7,M,,*55
10302 1627993543 0 7 $GNGGA,122542.000,4424.33708,N,00854.83864,E,1,10,0.9,-10.1,M,44.7,M,,*53
10303 1627993544 0 7 $GNGGA,122543.000,4424.33749,N,00854.83745,E,1,10,0.9,-10.3,M,44.7,M,,*59
10304 1627993544 0 3 2.56 0.00
10305 1627993544 0 4 2.55 1.56
10306 1627993544 0 5 0.02
10307 1627993544 0 6 0.09
10308 1627993544 0 8 4.98 12.35 11.87
10309 1627993545 0 1 7.761
10310 1627993545 0 0 26.44 8.23 157.3 61.35 109.1 6.74 177.0 17.2 181.4 2.86 41.20 13.1
10311 1627993545 0 7 $GNGGA,122544.000,4424.33793,N,00854.83623,E,1,10,0.9,-10.4,M,44.7,M,,*5F
10312 1627993546 0 7 $GNGGA,122545.000,4424.33839,N,00854.83523,E,1,10,0.9,-10.5,M,44.7,M,,*53
10313 1627993547 0 7 $GNGGA,122546.000,4424.33893,N,00854.83438,E,1,10,0.9,-10.3,M,44.7,M,,*5D
10314 1627993547 0 3 2.56 0.00
10315 1627993547 0 4 2.55 1.56
10316 1627993547 0 5 0.02
10317 1627993547 0 6 0.09
10318 1627993547 0 8 4.98 12.35 11.87
10319 1627993548 0 1 7.424
10320 1627993548 0 0 26.44 8.23 157.3 61.33 109.1 6.75 176.8 17.2 181.5 2.88 41.18 13.1
10321 1627993548 0 7 $GNGGA,122547.000,4424.33944,N,00854.83351,E,1,10,0.9,-10.1,M,44.7,M,,*5D
10322 1627993549 0 7 $GNGGA,122548.000,4424.33985,N,00854.83259,E,1,10,0.9,-10.2,M,44.7,M,,*55
10323 1627993550 0 7 $GNGGA,122549.000,4424.34015,N,00854.83166,E,1,10,0.9,-10.4,M,44.7,M,,*5A
10324 1627993550 0 3 2.56 0.00
10325 1627993550 0 4 2.55 1.56
10326 1627993550 0 5 0.02
10327 1627993550 0 6 0.10
10328 1627993551 0 8 4.98 12.35 11.87
10329 1627993551 0 1 6.975
10330 1627993551 0 0 26.43 8.23 157.2 61.33 109.1 6.75 176.9 17.2 181.5 2.89 41.18 13.1
10331 1627993551 0 7 $GNGGA,122550.000,4424.34033,N,00854.83092,E,1,10,0.9,-10.6,M,44.7,M,,*5E
10332 1627993552 0 7 $GNGGA,122551.000,4424.34037,N,00854.83013,E,1,10,0.9,-10.8,M,44.7,M,,*5C
10333 1627993553 0 7 $GNGGA,122552.000,4424.34066,N,00854.82878,E,1,10,0.9,-12.4,M,44.7,M,,*51
10334 1627993553 0 3 2.56 0.00
10335 1627993553 0 4 2.55 1.58
10336 1627993553 0 5 0.02
10337 1627993553 0 6 0.09
10338 1627993553 0 8 4.98 12.35 11.87
10339 1627993554 0 1 6.920
10340 1627993554 0 0 26.44 8.23 157.2 61.34 109.2 6.75 176.9 17.2 181.3 2.87 41.19 13.1
10341 1627993554 0 7 $GNGGA,122553.000,4424.34108,N,00854.82751,E,1,10,0.9,-13.4,M,44.7,M,,*5C
10342 1627993555 0 7 $GNGGA,122554.000,4424.34154,N,00854.82637,E,1,10,0.9,-14.2,M,44.7,M,,*52
10343 1627993556 0 7 $GNGGA,122555.000,4424.34173,N,00854.82524,E,1,10,0.9,-14.8,M,44.7,M,,*5D
10344 1627993556 0 3 2.56 0.00
10345 1627993556 0 4 2.55 1.58
10346 1627993556 0 5 0.02
10347 1627993556 0 6 0.10
10348 1627993556 0 8 4.98 12.34 11.87
10349 1627993557 0 1 7.077
10350 1627993557 0 0 26.44 8.23 157.2 61.39 109.2 6.75 177.0 17.2 181.1 2.88 41.23 13.1
10351 1627993557 0 7 $GNGGA,122556.000,4424.34197,N,00854.82427,E,1,10,0.9,-15.8,M,44.7,M,,*57
10352 1627993558 0 7 $GNGGA,122557.000,4424.34205,N,00854.82355,E,1,10,0.9,-16.1,M,44.7,M,,*56
10353 1627993559 0 7 $GNGGA,122558.000,4424.34230,N,00854.82268,E,1,10,0.9,-16.6,M,44.7,M,,*57
10354 1627993559 0 3 2.56 0.00
10355 1627993559 0 4 2.55 1.58
10356 1627993559 0 5 0.02
10357 1627993559 0 6 0.10
10358 1627993559 0 8 4.98 12.35 11.87
10359 1627993560 0 1 6.656
10360 1627993560 0 0 26.46 8.23 157.2 61.38 109.2 6.75 176.8 17.2 181.2 2.91 41.22 13.1
10361 1627993560 0 7 $GNGGA,122559.000,4424.34233,N,00854.82196,E,1,10,0.9,-17.2,M,44.7,M,,*52
10362 1627993561 0 7 $GNGGA,122600.000,4424.34255,N,00854.82122,E,1,10,0.9,-17.5,M,44.7,M,,*55
10363 1627993562 0 7 $GNGGA,122601.000,4424.34277,N,00854.82076,E,1,10,0.9,-17.5,M,44.7,M,,*54
10364 1627993562 0 3 2.56 0.00
10365 1627993562 0 4 2.55 1.58
10366 1627993562 0 5 0.02
10367 1627993562 0 6 0.10
10368 1627993562 0 8 4.98 12.35 11.87
10369 1627993563 0 1 6.470
10370 1627993563 0 0 26.44 8.23 157.2 61.38 109.2 6.75 176.9 17.2 181.2 2.93 41.22 13.1
10371 1627993563 0 7 $GNGGA,122602.000,4424.34289,N,00854.82039,E,1,10,0.9,-17.7,M,44.7,M,,*5F
10372 1627993564 0 7 $GNGGA,122603.000,4424.34312,N,00854.82001,E,1,10,0.9,-17.4,M,44.7,M,,*55
10373 1627993565 0 7 $GNGGA,122604.000,4424.34346,N,00854.81960,E,1,10,0.9,-17.0,M,44.7,M,,*5A
10374 1627993565 0 3 2.56 0.00
10375 1627993565 0 4 2.55 1.59
10376 1627993565 0 5 0.02
10377 1627993565 0 6 0.08
10378 1627993565 0 8 4.98 12.35 11.87
10379 1627993566 0 1 7.219
10380 1627993566 0 0 26.41 8.23 157.2 61.40 109.2 6.75 177.3 17.1 181.9 2.92 41.23 13.1
10381 1627993566 0 7 $GNGGA,122605.000,4424.34382,N,00854.81924,E,1,10,0.9,-16.3,M,44.7,M,,*51
10382 1627993567 0 7 $GNGGA,122606.000,4424.34437,N,00854.81900,E,1,10,0.9,-15.1,M,44.7,M,,*5C
10383 1627993568 0 7 $GNGGA,122607.000,4424.34499,N,00854.81898,E,1,10,0.9,-14.6,M,44.7,M,,*5F
10384 1627993568 0 3 2.56 0.00
10385 1627993568 0 4 2.55 1.59
10386 1627993568 0 5 0.02
10387 1627993568 0 6 0.10
10388 1627993568 0 8 4.98 12.35 11.87
10389 1627993569 0 1 6.533
10390 1627993569 0 0 26.42 8.23 157.2 61.34 109.3 6.76 177.3 17.2 181.3 2.92 41.19 13.1
10391 1627993569 0 7 $GNGGA,122608.000,4424.34556,N,00854.81875,E,1,10,0.9,-14.2,M,44.7,M,,*55
10392 1627993570 0 7 $GNGGA,122609.000,4424.34607,N,00854.81823,E,1,10,0.9,-14.4,M,44.7,M,,*56
10393 1627993571 0 7 $GNGGA,122610.000,4424.34648,N,00854.81737,E,1,10,0.9,-14.9,M,44.7,M,,*52
10394 1627993571 0 3 2.56 0.00
10395 1627993571 0 4 2.55 1.59
10396 1627993571 0 5 0.02
10397 1627993571 0 6 0.09
10398 1627993571 0 8 4.98 12.21 11.87
10399 1627993572 0 1 7.304
10400 1627993572 0 0 26.42 8.23 157.2 61.36 109.3 6.76 177.2 17.2 181.5 2.92 41.21 13.1
10401 1627993572 0 7 $GNGGA,122611.000,4424.34693,N,00854.81633,E,1,10,0.9,-15.6,M,44.7,M,,*5E
10402 1627993573 0 7 $GNGGA,122612.000,4424.34743,N,00854.81541,E,1,10,0.9,-16.2,M,44.7,M,,*50
10403 1627993574 0 7 $GNGGA,122613.000,4424.34787,N,00854.81452,E,1,10,0.9,-16.6,M,44.7,M,,*5E
10404 1627993574 0 3 2.56 0.00
10405 1627993574 0 4 2.55 1.59
10406 1627993574 0 5 0.02
10407 1627993574 0 6 0.10
10408 1627993574 0 8 4.98 12.21 11.87
10409 1627993575 0 1 6.463
10410 1627993575 0 0 26.42 8.23 157.3 61.40 109.2 6.75 177.0 17.2 181.4 2.91 41.23 13.1
10411 1627993575 0 7 $GNGGA,122614.000,4424.34825,N,00854.81360,E,1,10,0.9,-16.7,M,44.7,M,,*59
10412 1627993576 0 7 $GNGGA,122615.000,4424.34887,N,00854.81275,E,1,10,0.9,-16.7,M,44.7,M,,*55
10413 1627993577 0 7 $GNGGA,122616.000,4424.34948,N,00854.81181,E,1,10,0.9,-16.7,M,44.7,M,,*5C
10414 1627993577 0 3 2.56 0.00
10415 1627993577 0 4 2.55 1.58
10416 1627993577 0 5 0.02
10417 1627993577 0 6 0.11
10418 1627993577 0 8 4.98 12.34 11.87
10419 1627993578 0 1 6.246
10420 1627993578 0 0 26.42 8.23 157.2 61.42 109.2 6.75 177.2 17.2 181.6 2.91 41.25 13.1
10421 1627993578 0 7 $GNGGA,122617.000,4424.34976,N,00854.81120,E,1,10,0.9,-16.9,M,44.7,M,,*55
10422 1627993579 0 7 $GNGGA,122618.000,4424.35023,N,00854.81063,E,1,10,0.9,-17.1,M,44.7,M,,*5D
10423 1627993580 0 7 $GNGGA,122619.000,4424.35068,N,00854.81023,E,1,10,0.9,-16.8,M,44.7,M,,*5F
10424 1627993580 0 3 2.56 0.00
10425 1627993580 0 4 2.55 1.58
10426 1627993580 0 5 0.02
10427 1627993580 0 6 0.09
10428 1627993580 0 8 4.98 12.20 11.87
10429 1627993581 0 1 6.353
10430 1627993581 0 0 26.42 8.23 157.2 61.45 109.2 6.75 177.1 17.1 181.5 2.92 41.27 13.1
10431 1627993581 0 7 $GNGGA,122620.000,4424.35107,N,00854.80976,E,1,10,0.9,-16.7,M,44.7,M,,*5A
10432 1627993582 0 7 $GNGGA,122621.000,4424.35154,N,00854.80919,E,1,10,0.9,-15.9,M,44.7,M,,*59
10433 1627993583 0 7 $GNGGA,122622.000,4424.35210,N,00854.80867,E,1,10,0.9,-15.3,M,44.7,M,,*5B
10434 1627993583 0 3 2.56 0.00
10435 1627993583 0 4 2.55 1.58
10442 1627993585 0 7 $GNGGA,122624.000,4424.35325,N,00854.80753,E,1,10,0.9,-13.7,M,44.7,M,,*50
10443 1627993586 0 7 $GNGGA,122625.000,4424.35374,N,00854.80693,E,1,10,0.9,-13.2,M,44.7,M,,*5D
10451 1627993587 0 7 $GNGGA,122626.000,4424.35446,N,00854.80645,E,1,10,0.9,-12.8,M,44.7,M,,*58
10452 1627993588 0 7 $GNGGA,122627.000,4424.35519,N,00854.80599,E,1,10,0.9,-12.3,M,44.7,M,,*5B
10453 1627993589 0 7 $GNGGA,122628.000,4424.35582,N,00854.80552,E,1,10,0.9,-12.0,M,44.7,M,,*52
10462 1627993591 0 7 $GNGGA,122630.000,4424.35738,N,00854.80455,E,1,10,0.9,-11.4,M,44.7,M,,*59
10463 1627993592 0 7 $GNGGA,122631.000,4424.35819,N,00854.80415,E,1,09,0.9,-10.7,M,44.7,M,,*5A
10464 1627993592 0 3 2.56 0.00
10466 1627993592 0 5 0.02
10467 1627993592 0 6 0.09
10468 1627993592 0 8 4.98 12.35 11.87
10469 1627993593 0 1 6.248
10473 1627993595 0 7 $GNGGA,122634.000,4424.36078,N,00854.80321,E,1,09,0.9,-8.8,M,44.7,M,,*65
10482 1627993597 0 7 $GNGGA,122636.000,4424.36258,N,00854.80274,E,1,09,0.9,-7.7,M,44.7,M,,*66
10483 1627993598 0 7 $GNGGA,122637.000,4424.36340,N,00854.80239,E,1,09,0.9,-7.5,M,44.7,M,,*64
10484 1627993598 0 3 2.56 0.00
10492 1627993600 0 7 $GNGGA,122639.000,4424.36522,N,00854.80178,E,1,09,0.9,-6.5,M,44.7,M,,*6F
10496 1627993601 0 5 0.03
10497 1627993601 0 6 0.09
10500 1627993602 0 0 26.45 8.23 157.2 61.39 109.1 6.74 177.0 17.2 181.0 2.83 41.23 13.3
10502 1627993603 0 7 $GNGGA,122642.000,4424.36788,N,00854.80075,E,1,09,0.9,-4.7,M,44.7,M,,*6D
10503 1627993604 0 7 $GNGGA,122643.000,4424.36867,N,00854.80053,E,1,09,0.9,-4.1,M,44.7,M,,*60
10511 1627993605 0 7 $GNGGA,122644.000,4424.36940,N,00854.80025,E,1,10,0.9,-3.5,M,44.7,M,,*69
10512 1627993606 0 7 $GNGGA,122645.000,4424.37015,N,00854.79999,E,1,10,0.9,-2.9,M,44.7,M,,*65
10513 1627993607 0 7 $GNGGA,122646.000,4424.37104,N,00854.79974,E,1,10,0.9,-2.3,M,44.7,M,,*6E
10514 1627993607 0 3 2.56 0.00
10515 1627993607 0 4 2.55 1.57
10522 1627993609 0 7 $GNGGA,122648.000,4424.37267,N,00854.79877,E,1,10,0.9,-1.3,M,44.7,M,,*67
10523 1627993610 0 7 $GNGGA,122649.000,4424.37339,N,00854.79863,E,1,10,0.9,-1.0,M,44.7,M,,*6A
10530 1627993611 0 0 26.47 8.23 157.2 61.35 109.2 6.75 177.0 17.2 180.5 2.82 41.20 13.3
10531 1627993611 0 7 $GNGGA,122650.000,4424.37408,N,00854.79849,E,1,10,0.9,-0.6,M,44.7,M,,*68
10532 1627993612 0 7 $GNGGA,122651.000,4424.37459,N,00854.79843,E,1,10,0.9,-0.2,M,44.7,M,,*63
10533 1627993613 0 7 $GNGGA,122652.000,4424.37502,N,00854.79808,E,1,10,0.9,-0.3,M,44.7,M,,*61
10534 1627993613 0 3 2.56 0.00
10542 1627993615 0 7 $GNGGA,122654.000,4424.37571,N,00854.79740,E,1,10,0.9,-1.4,M,44.7,M,,*66
10543 1627993616 0 7 $GNGGA,122655.000,4424.37609,N,00854.79711,E,1,10,0.9,-2.1,M,44.7,M,,*69
10544 1627993616 0 3 2.56 0.00
10545 1627993616 0 4 2.55 1.58
10553 1627993619 0 7 $GNGGA,122658.000,4424.37797,N,00854.79662,E,1,10,0.9,-3.8,M,44.7,M,,*6F
10561 1627993620 0 7 $GNGGA,122659.000,4424.37887,N,00854.79640,E,1,10,0.9,-4.7,M,44.7,M,,*68
10562 1627993621 0 7 $GNGGA,122700.000,4424.37982,N,00854.79608,E,1,10,0.9,-5.3,M,44.7,M,,*68
10563 1627993622 0 7 $GNGGA,122701.000,4424.38080,N,00854.79598,E,1,10,0.9,-6.0,M,44.7,M,,*67
10564 1627993622 0 3 2.56 0.00
10572 1627993624 0 7 $GNGGA,122703.000,4424.38262,N,00854.79530,E,1,09,0.9,-7.7,M,44.7,M,,*67
10575 1627993625 0 4 2.55 1.58
10576 1627993625 0 5 0.02
10577 1627993625 0 6 0.09
10578 1627993626 0 8 4.98 12.35 11.87
10579 1627993626 0 1 7.607
10582 1627993627 0 7 $GNGGA,122706.000,4424.38524,N,00854.79475,E,1,09,0.9,-10.3,M,44.7,M,,*55
10583 1627993628 0 7 $GNGGA,122707.000,4424.38617,N,00854.79467,E,1,09,0.9,-10.7,M,44.7,M,,*50
10591 1627993629 0 7 $GNGGA,122708.000,4424.38701,N,00854.79453,E,1,09,0.9,-10.9,M,44.7,M,,*50
10592 1627993630 0 2 0.04550000 3.02369999 1.47220001 0.02330000 2.73799991 0.00380000 0.05270000 0.20139999 1.00000000 88.57199859
10594 1627993631 0 7 $GNGGA,122710.000,4424.38828,N,00854.79401,E,1,09,0.9,-11.4,M,44.7,M,,*56
10595 1627993631 0 3 2.56 0.00
10603 1627993633 0 7 $GNGGA,122712.000,4424.38939,N,00854.79323,E,1,10,0.9,-11.8,M,44.7,M,,*56
10604 1627993634 0 7 $GNGGA,122713.000,4424.39006,N,00854.79271,E,1,10,0.9,-12.3,M,44.7,M,,*5D
10605 1627993634 0 3 2.56 0.00
10606 1627993634 0 4 2.55 1.58
10607 1627993634 0 5 0.02
10608 1627993634 0 6 0.11
10609 1627993634 0 8 4.98 12.35 11.89
10610 1627993635 0 1 7.832
10611 1627993635 0 0 26.51 8.23 157.1 61.41 110.0 6.79 176.8 17.2 180.8 3.08 41.24 13.4
10612 1627993635 0 7 $GNGGA,122714.000,4424.39073,N,00854.79227,E,1,10,0.9,-12.6,M,44.7,M,,*5E
10613 1627993636 0 7 $GNGGA,122715.000,4424.39127,N,00854.79197,E,1,10,0.9,-12.6,M,44.7,M,,*57
10614 1627993637 0 7 $GNGGA,122716.000,4424.39186,N,00854.79170,E,1,10,0.9,-11.9,M,44.7,M,,*5A
10615 1627993637 0 3 2.56 0.00
10616 1627993637 0 4 2.55 1.58
10617 1627993637 0 5 0.02
10618 1627993637 0 6 0.11
10619 1627993637 0 8 4.98 12.35 11.87
10620 1627993638 0 1 8.467
10621 1627993638 0 0 26.50 8.24 157.0 61.32 110.2 6.80 177.2 17.2 180.6 3.15 41.17 13.7
10622 1627993638 0 7 $GNGGA,122717.000,4424.39242,N,00854.79141,E,1,10,0.9,-11.5,M,44.7,M,,*5E
10623 1627993639 0 7 $GNGGA,122718.000,4424.39308,N,00854.79120,E,1,10,0.9,-11.0,M,44.7,M,,*5C
10624 1627993640 0 7 $GNGGA,122719.000,4424.39369,N,00854.79084,E,1,10,0.9,-10.6,M,44.7,M,,*52
10625 1627993640 0 3 2.56 0.00
10626 1627993640 0 4 2.55 1.58
10627 1627993640 0 5 0.02
10628 1627993641 0 6 0.10
10629 1627993641 0 8 4.98 12.35 11.87
10630 1627993641 0 1 8.324
10631 1627993641 0 0 26.53 8.25 156.9 61.30 110.4 6.81 176.5 17.2 180.0 3.22 41.16 14.0
10632 1627993641 0 7 $GNGGA,122720.000,4424.39432,N,00854.79035,E,1,10,0.9,-10.9,M,44.7,M,,*54
10633 1627993642 0 7 $GNGGA,122721.000,4424.39487,N,00854.78990,E,1,10,0.9,-10.7,M,44.7,M,,*52
10634 1627993643 0 7 $GNGGA,122722.000,4424.39534,N,00854.78954,E,1,10,0.9,-10.0,M,44.7,M,,*57
10635 1627993643 0 3 2.56 0.00
10636 1627993643 0 4 2.55 1.58
10637 1627993643 0 5 0.02
10638 1627993643 0 6 0.09
10639 1627993643 0 8 4.98 12.35 11.87
10640 1627993644 0 1 6.940
10641 1627993644 0 0 26.54 8.25 156.8 61.38 110.7 6.83 176.3 17.2 180.5 3.31 41.21 13.9
10642 1627993644 0 7 $GNGGA,122723.000,4424.39577,N,00854.78918,E,1,10,0.9,-9.5,M,44.7,M,,*64
10643 1627993645 0 7 $GNGGA,122724.000,4424.39593,N,00854.78853,E,1,10,0.9,-9.4,M,44.7,M,,*66
10644 1627993646 0 7 $GNGGA,122725.000,4424.39584,N,00854.78790,E,1,10,0.9,-9.5,M,44.7,M,,*60
10645 1627993646 0 3 2.56 0.00
10646 1627993646 0 4 2.55 1.58
10647 1627993646 0 5 0.02
10648 1627993646 0 6 0.09
10649 1627993646 0 8 4.98 12.35 11.87
10650 1627993647 0 1 8.629
10651 1627993647 0 0 26.49 8.26 156.8 61.44 111.1 6.86 177.0 17.2 181.1 3.39 41.26 14.1
10652 1627993647 0 7 $GNGGA,122726.000,4424.39577,N,00854.78726,E,1,10,0.9,-9.4,M,44.7,M,,*63
10653 1627993648 0 7 $GNGGA,122727.000,4424.39574,N,00854.78671,E,1,10,0.9,-9.4,M,44.7,M,,*62
10654 1627993649 0 7 $GNGGA,122728.000,4424.39568,N,00854.78598,E,1,10,0.9,-9.8,M,44.7,M,,*68
10655 1627993649 0 3 2.56 0.00
10656 1627993649 0 4 2.55 1.58
10657 1627993649 0 5 0.03
10658 1627993649 0 6 0.08
10659 1627993649 0 8 4.98 12.36 11.87
10660 1627993650 0 1 9.433
10661 1627993650 0 0 26.46 8.26 156.8 61.41 111.6 6.90 177.2 17.2 181.4 3.43 41.24 14.2
10662 1627993650 0 7 $GNGGA,122729.000,4424.39571,N,00854.78520,E,1,10,0.9,-10.7,M,44.7,M,,*55
10663 1627993651 0 7 $GNGGA,122730.000,4424.39571,N,00854.78452,E,1,10,0.9,-11.2,M,44.7,M,,*5D
10664 1627993652 0 7 $GNGGA,122731.000,4424.39592,N,00854.78373,E,1,10,0.9,-11.9,M,44.7,M,,*5E
10665 1627993652 0 3 2.56 0.00
10666 1627993652 0 4 2.55 1.58
10667 1627993652 0 5 0.03
10668 1627993652 0 6 0.10
10669 1627993652 0 8 4.98 12.35 11.87
10670 1627993653 0 1 9.817
10671 1627993653 0 0 26.45 8.26 156.8 61.37 112.2 6.93 177.1 17.2 181.1 3.46 41.21 14.1
10672 1627993653 0 7 $GNGGA,122732.000,4424.39615,N,00854.78281,E,1,10,0.9,-12.4,M,44.7,M,,*53
10673 1627993654 0 7 $GNGGA,122733.000,4424.39607,N,00854.78199,E,1,10,0.9,-13.2,M,44.7,M,,*5C
10674 1627993655 0 7 $GNGGA,122734.000,4424.39597,N,00854.78108,E,1,10,0.9,-13.6,M,44.7,M,,*5D
10675 1627993655 0 3 2.56 0.00
10676 1627993655 0 4 2.55 1.58
10677 1627993655 0 5 0.03
10678 1627993655 0 6 0.07
10679 1627993655 0 8 4.98 12.35 11.87
10680 1627993656 0 1 9.599
10681 1627993656 0 0 26.45 8.26 156.8 61.40 112.8 6.97 177.3 17.2 182.3 3.47 41.24 14.0
10682 1627993656 0 7 $GNGGA,122735.000,4424.39595,N,00854.78018,E,1,10,0.9,-14.0,M,44.7,M,,*5F
10683 1627993657 0 7 $GNGGA,122736.000,4424.39590,N,00854.77928,E,1,10,0.9,-14.1,M,44.7,M,,*5D
10684 1627993658 0 7 $GNGGA,122737.000,4424.39593,N,00854.77830,E,1,10,0.9,-14.1,M,44.7,M,,*57
10685 1627993658 0 3 2.56 0.00
10686 1627993658 0 4 2.55 1.59
10687 1627993658 0 5 0.02
10688 1627993658 0 6 0.09
10689 1627993658 0 8 4.98 12.35 11.87
10690 1627993659 0 1 9.579
10691 1627993659 0 0 26.44 8.25 156.8 61.38 113.4 7.01 177.3 17.2 180.8 3.50 41.22 14.0
10692 1627993659 0 7 $GNGGA,122738.000,4424.39625,N,00854.77704,E,1,10,0.9,-14.2,M,44.7,M,,*5D
10693 1627993660 0 7 $GNGGA,122739.000,4424.39646,N,00854.77590,E,1,10,0.9,-14.3,M,44.7,M,,*57
10694 1627993661 0 7 $GNGGA,122740.000,4424.39662,N,00854.77491,E,1,10,0.9,-14.5,M,44.7,M,,*59
10695 1627993661 0 3 2.56 0.00
10696 1627993661 0 4 2.55 1.58
10697 1627993661 0 5 0.02
10698 1627993661 0 6 0.10
10699 1627993661 0 8 4.98 12.36 11.87
10700 1627993662 0 1 9.542
10701 1627993662 0 0 26.43 8.25 156.8 61.38 114.1 7.05 177.5 17.2 180.2 3.53 41.22 13.9
10702 1627993662 0 7 $GNGGA,122741.000,4424.39675,N,00854.77388,E,1,10,0.9,-14.8,M,44.7,M,,*5C
10703 1627993663 0 7 $GNGGA,122742.000,4424.39697,N,00854.77262,E,1,10,0.9,-15.0,M,44.7,M,,*5F
10704 1627993664 0 7 $GNGGA,122743.000,4424.39721,N,00854.77153,E,1,10,0.9,-15.4,M,44.7,M,,*57
10705 1627993664 0 3 2.56 0.00
10706 1627993664 0 4 2.55 1.58
10707 1627993664 0 5 0.03
10708 1627993664 0 6 0.09
10709 1627993664 0 8 4.98 12.35 11.87
10710 1627993665 0 1 9.792
10711 1627993665 0 0 26.43 8.25 156.8 61.46 114.8 7.09 177.5 17.2 180.3 3.53 41.28 13.8
10712 1627993665 0 7 $GNGGA,122744.000,4424.39749,N,00854.77055,E,1,10,0.9,-15.3,M,44.7,M,,*5E
10713 1627993666 0 7 $GNGGA,122745.000,4424.39780,N,00854.76957,E,1,10,0.9,-15.2,M,44.7,M,,*51
10714 1627993667 0 7 $GNGGA,122746.000,4424.39813,N,00854.76852,E,1,10,0.9,-15.2,M,44.7,M,,*53
10715 1627993667 0 3 2.56 0.00
10716 1627993667 0 4 2.55 1.59
10717 1627993667 0 5 0.03
10718 1627993667 0 6 0.08
10719 1627993667 0 8 4.98 12.35 11.87
10720 1627993668 0 1 9.421
10721 1627993668 0 0 26.43 8.25 156.9 61.35 115.4 7.13 177.5 17.2 180.2 3.51 41.19 13.8
10722 1627993668 0 7 $GNGGA,122747.000,4424.39848,N,00854.76740,E,1,10,0.9,-15.0,M,44.7,M,,*52
10723 1627993669 0 7 $GNGGA,122748.000,4424.39895,N,00854.76651,E,1,10,0.9,-14.6,M,44.7,M,,*5B
10724 1627993670 0 7 $GNGGA,122749.000,4424.39929,N,00854.76562,E,1,10,0.9,-14.1,M,44.7,M,,*58
10725 1627993670 0 3 2.56 0.00
10726 1627993670 0 4 2.55 1.59
10727 1627993670 0 5 0.03
10728 1627993670 0 6 0.10
10729 1627993670 0 8 4.98 12.35 11.87
10730 1627993671 0 1 8.958
10731 1627993671 0 0 26.42 8.25 156.9 61.37 116.0 7.17 177.5 17.1 180.2 3.48 41.21 13.9
10732 1627993671 0 7 $GNGGA,122750.000,4424.39947,N,00854.76463,E,1,10,0.9,-13.6,M,44.7,M,,*58
10733 1627993672 0 7 $GNGGA,122751.000,4424.39952,N,00854.76376,E,1,10,0.9,-13.2,M,44.7,M,,*5A
10734 1627993673 0 7 $GNGGA,122752.000,4424.39955,N,00854.76277,E,1,10,0.9,-13.2,M,44.7,M,,*5E
10735 1627993673 0 3 2.56 0.00
10736 1627993673 0 4 2.55 1.59
10737 1627993673 0 5 0.02
10738 1627993674 0 6 0.09
10739 1627993674 0 8 4.98 12.35 11.87
10740 1627993674 0 1 9.373
10741 1627993674 0 0 26.42 8.25 156.9 61.35 116.7 7.21 177.3 17.2 180.3 3.46 41.20 13.8
10742 1627993674 0 7 $GNGGA,122753.000,4424.39954,N,00854.76198,E,1,10,0.9,-13.0,M,44.7,M,,*5E
10743 1627993675 0 7 $GNGGA,122754.000,4424.39938,N,00854.76123,E,1,10,0.9,-12.8,M,44.7,M,,*5A
10744 1627993676 0 7 $GNGGA,122755.000,4424.39933,N,00854.76055,E,1,10,0.9,-12.7,M,44.7,M,,*5F
10745 1627993676 0 3 2.56 0.00
10746 1627993676 0 4 2.55 1.58
10747 1627993676 0 5 0.03
10748 1627993676 0 6 0.11
10749 1627993676 0 8 4.98 12.35 11.87
10750 1627993677 0 1 8.701
10751 1627993677 0 0 26.45 8.25 156.9 61.31 117.3 7.25 177.2 17.2 179.7 3.42 41.17 13.8
10752 1627993677 0 7 $GNGGA,122756.000,4424.39930,N,00854.75988,E,1,10,0.9,-12.7,M,44.7,M,,*55
10753 1627993678 0 7 $GNGGA,122757.000,4424.39922,N,00854.75918,E,1,10,0.9,-12.7,M,44.7,M,,*5E
10754 1627993679 0 7 $GNGGA,122758.000,4424.39923,N,00854.75830,E,1,10,0.9,-12.7,M,44.7,M,,*5B
10755 1627993679 0 3 2.56 0.00
10756 1627993679 0 4 2.55 1.58
10757 1627993679 0 5 0.02
10758 1627993679 0 6 0.09
10759 1627993679 0 8 4.98 12.35 11.87
10760 1627993680 0 1 9.251
10761 1627993680 0 0 26.47 8.25 156.9 61.35 117.8 7.28 177.0 17.2 179.5 3.35 41.19 13.8
10762 1627993680 0 7 $GNGGA,122759.000,4424.39935,N,00854.75715,E,1,10,0.9,-12.6,M,44.7,M,,*54
10763 1627993681 0 7 $GNGGA,122800.000,4424.39941,N,00854.75608,E,1,10,0.9,-12.7,M,44.7,M,,*58
10764 1627993682 0 7 $GNGGA,122801.000,4424.39947,N,00854.75512,E,1,11,0.9,-13.0,M,44.7,M,,*50
10765 1627993682 0 3 2.56 0.00
10766 1627993682 0 4 2.55 1.59
10767 1627993682 0 5 0.03
10768 1627993682 0 6 0.10
10769 1627993682 0 8 4.98 12.35 11.87
10770 1627993683 0 1 8.373
10771 1627993683 0 0 26.48 8.25 156.9 61.43 117.9 7.28 177.0 17.2 179.7 3.30 41.26 13.9
10772 1627993683 0 7 $GNGGA,122802.000,4424.39958,N,00854.75421,E,1,11,0.9,-13.3,M,44.7,M,,*5F
10773 1627993684 0 7 $GNGGA,122803.000,4424.39986,N,00854.75312,E,1,11,0.9,-13.4,M,44.7,M,,*5D
10774 1627993685 0 7 $GNGGA,122804.000,4424.40019,N,00854.75208,E,1,11,0.9,-13.3,M,44.7,M,,*56
10775 1627993685 0 3 2.56 0.00
10776 1627993685 0 4 2.55 1.59
10777 1627993685 0 5 0.03
10778 1627993685 0 6 0.08
10779 1627993685 0 8 4.98 12.36 11.87
10780 1627993686 0 1 8.399
10781 1627993686 0 0 26.48 8.25 156.9 61.34 117.8 7.28 177.1 17.2 179.8 3.26 41.19 14.0
10782 1627993686 0 7 $GNGGA,122805.000,4424.40067,N,00854.75091,E,1,11,0.9,-13.8,M,44.7,M,,*57
10783 1627993687 0 7 $GNGGA,122806.000,4424.40097,N,00854.74988,E,1,11,0.9,-13.8,M,44.7,M,,*5B
10784 1627993688 0 7 $GNGGA,122807.000,4424.40151,N,00854.74869,E,1,11,0.9,-13.8,M,44.7,M,,*5F
10785 1627993688 0 3 2.56 0.00
10786 1627993688 0 4 2.55 1.58
10787 1627993688 0 5 0.02
10788 1627993688 0 6 0.08
10789 1627993688 0 8 4.98 12.35 11.87
10790 1627993689 0 1 8.520
10791 1627993689 0 0 26.48 8.25 156.8 61.38 117.8 7.27 177.0 17.2 180.3 3.21 41.22 14.0
10792 1627993689 0 7 $GNGGA,122808.000,4424.40202,N,00854.74729,E,1,11,0.9,-13.9,M,44.7,M,,*5F
10793 1627993690 0 7 $GNGGA,122809.000,4424.40249,N,00854.74632,E,1,11,0.9,-14.1,M,44.7,M,,*55
10794 1627993691 0 7 $GNGGA,122810.000,4424.40301,N,00854.74540,E,1,11,0.9,-14.0,M,44.7,M,,*57
10795 1627993691 0 3 2.56 0.00
10796 1627993691 0 4 2.55 1.58
10797 1627993691 0 5 0.02
10798 1627993691 0 6 0.08
10799 1627993692 0 8 4.98 12.21 11.84
10800 1627993692 0 1 8.515
10801 1627993692 0 0 26.51 8.26 156.9 61.42 117.7 7.27 176.7 17.2 179.8 3.14 41.24 14.1
10802 1627993692 0 7 $GNGGA,122811.000,4424.40354,N,00854.74422,E,1,11,0.9,-13.8,M,44.7,M,,*5C
10803 1627993693 0 7 $GNGGA,122812.000,4424.40386,N,00854.74296,E,1,11,0.9,-13.6,M,44.7,M,,*57
10804 1627993694 0 7 $GNGGA,122813.000,4424.40407,N,00854.74193,E,1,11,0.9,-13.0,M,44.7,M,,*58
10805 1627993694 0 3 2.56 0.00
10806 1627993694 0 4 2.55 1.59
10807 1627993694 0 5 0.02
10808 1627993694 0 6 0.07
10809 1627993694 0 8 4.98 12.36 11.87
10810 1627993695 0 1 8.224
10811 1627993695 0 0 26.56 8.26 156.8 61.34 117.8 7.27 176.2 17.2 179.1 3.08 41.19 14.1
10812 1627993695 0 7 $GNGGA,122814.000,4424.40418,N,00854.74087,E,1,11,0.9,-12.6,M,44.7,M,,*52
10813 1627993696 0 7 $GNGGA,122815.000,4424.40438,N,00854.73989,E,1,11,0.9,-12.0,M,44.7,M,,*57
10814 1627993697 0 7 $GNGGA,122816.000,4424.40470,N,00854.73869,E,1,11,0.9,-11.2,M,44.7,M,,*56
10815 1627993697 0 3 2.56 0.00
10816 1627993697 0 4 2.55 1.59
10817 1627993697 0 5 0.03
10818 1627993697 0 6 0.08
10819 1627993698 0 8 4.98 12.36 11.82
10820 1627993698 0 1 8.365
10821 1627993698 0 0 26.56 8.25 156.8 61.32 117.9 7.28 176.5 17.2 179.6 3.04 41.17 14.1
10822 1627993698 0 7 $GNGGA,122817.000,4424.40499,N,00854.73751,E,1,11,0.9,-10.4,M,44.7,M,,*53
10823 1627993699 0 7 $GNGGA,122818.000,4424.40531,N,00854.73631,E,1,11,0.9,-9.8,M,44.7,M,,*6C
10824 1627993700 0 7 $GNGGA,122819.000,4424.40568,N,00854.73517,E,1,11,0.9,-9.3,M,44.7,M,,*6D
10825 1627993700 0 3 2.56 0.00
10826 1627993700 0 4 2.55 1.58
10827 1627993700 0 5 0.02
10828 1627993700 0 6 0.08
10829 1627993701 0 8 4.98 12.20 11.87
10830 1627993701 0 1 8.726
10831 1627993701 0 0 26.55 8.25 156.8 61.36 118.0 7.28 176.4 17.2 179.8 3.01 41.20 14.0
10832 1627993701 0 7 $GNGGA,122820.000,4424.40608,N,00854.73414,E,1,11,0.9,-8.8,M,44.7,M,,*6A
10833 1627993702 0 7 $GNGGA,122821.000,4424.40641,N,00854.73304,E,1,11,0.9,-8.5,M,44.7,M,,*6D
10834 1627993703 0 7 $GNGGA,122822.000,4424.40655,N,00854.73201,E,1,11,0.9,-8.5,M,44.7,M,,*6F
10835 1627993703 0 3 2.56 0.00
10836 1627993703 0 4 2.55 1.58
10837 1627993703 0 5 0.02
10838 1627993703 0 6 0.08
10839 1627993704 0 8 4.98 12.35 11.89
10840 1627993704 0 1 8.239
10841 1627993704 0 0 26.55 8.25 156.8 61.36 118.3 7.30 176.5 17.2 180.2 2.98 41.20 14.0
10842 1627993704 0 7 $GNGGA,122823.000,4424.40668,N,00854.73101,E,1,11,0.9,-8.8,M,44.7,M,,*6E
10843 1627993705 0 7 $GNGGA,122824.000,4424.40663,N,00854.73008,E,1,11,0.9,-9.9,M,44.7,M,,*6A
10844 1627993706 0 7 $GNGGA,122825.000,4424.40665,N,00854.72898,E,1,11,0.9,-10.5,M,44.7,M,,*59
10845 1627993706 0 3 2.56 0.00
10846 1627993706 0 4 2.55 1.58
10847 1627993706 0 5 0.02
10848 1627993707 0 6 0.08
10849 1627993707 0 8 4.98 12.21 11.84
10850 1627993707 0 1 8.889
10851 1627993707 0 0 26.54 8.25 156.8 61.37 118.4 7.31 176.9 17.2 180.7 2.97 41.21 14.0
10852 1627993707 0 7 $GNGGA,122826.000,4424.40687,N,00854.72781,E,1,11,0.9,-10.8,M,44.7,M,,*5C
10853 1627993708 0 7 $GNGGA,122827.000,4424.40700,N,00854.72664,E,1,11,0.9,-11.3,M,44.7,M,,*53
10854 1627993709 0 7 $GNGGA,122828.000,4424.40707,N,00854.72536,E,1,11,0.9,-11.8,M,44.7,M,,*54
10855 1627993709 0 3 2.56 0.00
10856 1627993709 0 4 2.55 1.58
10857 1627993709 0 5 0.02
10858 1627993709 0 6 0.08
10859 1627993709 0 8 4.97 12.21 11.87
10860 1627993710 0 1 8.472
10861 1627993710 0 0 26.54 8.25 156.8 61.35 118.6 7.32 176.9 17.2 180.8 2.94 41.19 14.0
10862 1627993710 0 7 $GNGGA,122829.000,4424.40706,N,00854.72428,E,1,11,0.9,-12.1,M,44.7,M,,*50
10863 1627993711 0 7 $GNGGA,122830.000,4424.40686,N,00854.72338,E,1,11,0.9,-12.7,M,44.7,M,,*51
10864 1627993712 0 7 $GNGGA,122831.000,4424.40651,N,00854.72251,E,1,11,0.9,-13.7,M,44.7,M,,*55
10865 1627993712 0 3 2.56 0.00
10866 1627993712 0 4 2.55 1.58
10867 1627993712 0 5 0.02
10868 1627993712 0 6 0.09
10869 1627993713 0 8 4.98 12.34 11.87
10870 1627993713 0 1 8.168
10871 1627993713 0 0 26.55 8.25 156.8 61.41 118.9 7.33 176.9 17.2 180.6 2.91 41.24 14.1
10872 1627993713 0 7 $GNGGA,122832.000,4424.40637,N,00854.72181,E,1,11,0.9,-14.6,M,44.7,M,,*5E
10873 1627993714 0 7 $GNGGA,122833.000,4424.40615,N,00854.72095,E,1,11,0.9,-15.8,M,44.7,M,,*54
10874 1627993715 0 7 $GNGGA,122834.000,4424.40595,N,00854.72007,E,1,11,0.9,-16.5,M,44.7,M,,*5D
10875 1627993715 0 3 2.56 0.00
10876 1627993715 0 4 2.55 1.58
10877 1627993715 0 5 0.02
10878 1627993715 0 6 0.08
10879 1627993716 0 8 4.98 12.35 11.89
10880 1627993716 0 1 8.455
10881 1627993716 0 0 26.55 8.26 156.8 61.33 118.9 7.34 176.8 17.2 180.7 2.88 41.17 14.2
10882 1627993716 0 7 $GNGGA,122835.000,4424.40560,N,00854.71929,E,1,11,0.9,-17.4,M,44.7,M,,*50
10883 1627993717 0 7 $GNGGA,122836.000,4424.40530,N,00854.71855,E,1,11,0.9,-18.2,M,44.7,M,,*55
10884 1627993718 0 7 $GNGGA,122837.000,4424.40500,N,00854.71783,E,1,11,0.9,-19.5,M,44.7,M,,*55
10885 1627993718 0 3 2.56 0.00
10886 1627993718 0 4 2.55 1.58
10887 1627993718 0 5 0.02
10888 1627993718 0 6 0.11
10889 1627993719 0 8 4.98 12.36 11.87
10890 1627993719 0 1 8.183
10891 1627993719 0 0 26.55 8.25 156.8 61.37 119.1 7.35 177.2 17.2 180.9 2.86 41.21 14.1
10892 1627993719 0 7 $GNGGA,122838.000,4424.40485,N,00854.71697,E,1,11,0.9,-20.8,M,44.7,M,,*55
10893 1627993720 0 7 $GNGGA,122839.000,4424.40484,N,00854.71612,E,1,11,0.9,-22.3,M,44.7,M,,*51
10894 1627993721 0 7 $GNGGA,122840.000,4424.40497,N,00854.71543,E,1,11,0.9,-23.7,M,44.7,M,,*5F
10895 1627993721 0 3 2.56 0.00
10896 1627993721 0 4 2.55 1.58
10897 1627993722 0 5 0.03
10898 1627993722 0 6 0.08
10899 1627993722 0 8 4.98 12.35 11.87
10900 1627993722 0 1 8.340
10901 1627993722 0 0 26.55 8.26 156.8 61.42 119.4 7.36 177.2 17.2 181.0 2.82 41.24 14.2
10902 1627993722 0 7 $GNGGA,122841.000,4424.40525,N,00854.71475,E,1,11,0.9,-24.8,M,44.7,M,,*5A
10903 1627993723 0 7 $GNGGA,122842.000,4424.40550,N,00854.71403,E,1,11,0.9,-26.0,M,44.7,M,,*50
10904 1627993724 0 7 $GNGGA,122843.000,4424.40585,N,00854.71328,E,1,11,0.9,-27.0,M,44.7,M,,*56
10905 1627993724 0 3 2.56 0.00
10906 1627993724 0 4 2.55 1.59
10907 1627993724 0 5 0.02
10908 1627993724 0 6 0.08
10909 1627993725 0 8 4.98 12.34 11.87
10910 1627993725 0 1 8.341
10911 1627993725 0 0 26.54 8.26 156.8 61.39 119.6 7.38 177.2 17.2 180.8 2.81 41.23 14.2
10912 1627993725 0 7 $GNGGA,122844.000,4424.40617,N,00854.71247,E,1,11,0.9,-27.6,M,44.7,M,,*57
10913 1627993726 0 7 $GNGGA,122845.000,4424.40629,N,00854.71155,E,1,11,0.9,-28.4,M,44.7,M,,*56
10914 1627993727 0 7 $GNGGA,122846.000,4424.40646,N,00854.71067,E,1,11,0.9,-28.7,M,44.7,M,,*5F
10915 1627993727 0 3 2.56 0.00
10916 1627993727 0 4 2.55 1.59
10917 1627993727 0 5 0.02
10918 1627993727 0 6 0.09
10919 1627993728 0 8 4.98 12.36 11.87
10920 1627993728 0 1 8.776
10921 1627993728 0 0 26.54 8.26 156.7 61.39 119.8 7.39 177.0 17.2 181.0 2.81 41.22 14.3
10922 1627993728 0 7 $GNGGA,122847.000,4424.40638,N,00854.70971,E,1,11,0.9,-28.8,M,44.7,M,,*57
10923 1627993729 0 7 $GNGGA,122848.000,4424.40646,N,00854.70872,E,1,11,0.9,-28.6,M,44.7,M,,*5D
10924 1627993730 0 7 $GNGGA,122849.000,4424.40661,N,00854.70767,E,1,11,0.9,-28.6,M,44.7,M,,*52
10925 1627993730 0 3 2.56 0.00
10926 1627993730 0 4 2.55 1.59
10927 1627993730 0 5 0.03
10928 1627993730 0 6 0.09
10929 1627993731 0 8 4.98 12.35 11.87
10930 1627993731 0 1 8.845
10931 1627993731 0 0 26.54 8.26 156.7 61.39 119.9 7.40 177.0 17.2 180.8 2.80 41.22 14.4
10932 1627993731 0 7 $GNGGA,122850.000,4424.40706,N,00854.70653,E,1,11,0.9,-28.2,M,44.7,M,,*58
10933 1627993732 0 7 $GNGGA,122851.000,4424.40756,N,00854.70540,E,1,11,0.9,-27.9,M,44.7,M,,*59
10934 1627993733 0 7 $GNGGA,122852.000,4424.40804,N,00854.70439,E,1,11,0.9,-27.9,M,44.7,M,,*5D
10935 1627993733 0 3 2.56 0.00
10936 1627993733 0 4 2.55 1.59
10937 1627993733 0 5 0.03
10938 1627993733 0 6 0.09
10939 1627993734 0 8 4.98 12.35 11.87
10940 1627993734 0 1 9.088
10941 1627993734 0 0 26.54 8.26 156.7 61.36 120.2 7.42 177.0 17.2 180.9 2.79 41.20 14.4
10942 1627993734 0 7 $GNGGA,122853.000,4424.40847,N,00854.70335,E,1,11,0.9,-27.9,M,44.7,M,,*50
10943 1627993735 0 7 $GNGGA,122854.000,4424.40894,N,00854.70236,E,1,11,0.9,-27.8,M,44.7,M,,*5A
10944 1627993736 0 7 $GNGGA,122855.000,4424.40947,N,00854.70145,E,1,11,0.9,-27.7,M,44.7,M,,*5C
10945 1627993736 0 3 2.57 0.00
10946 1627993736 0 4 2.55 1.59
10947 1627993736 0 5 0.02
10948 1627993736 0 6 0.09
10949 1627993737 0 8 4.98 12.35 11.87
10950 1627993737 0 1 8.579
10951 1627993737 0 0 26.54 8.26 156.7 61.46 120.4 7.43 177.3 17.2 181.4 2.77 41.28 14.4
10952 1627993737 0 7 $GNGGA,122856.000,4424.41016,N,00854.70047,E,1,11,0.9,-27.5,M,44.7,M,,*52
10953 1627993738 0 7 $GNGGA,122857.000,4424.41084,N,00854.69924,E,1,11,0.9,-27.0,M,44.7,M,,*59
10954 1627993739 0 7 $GNGGA,122858.000,4424.41139,N,00854.69787,E,1,11,0.9,-26.3,M,44.7,M,,*54
10955 1627993739 0 3 2.56 0.00
10956 1627993739 0 4 2.55 1.59
10957 1627993739 0 5 0.02
10958 1627993739 0 6 0.09
10959 1627993740 0 8 4.98 12.36 11.87
10960 1627993740 0 1 8.396
10961 1627993740 0 0 26.53 8.26 156.7 61.41 120.8 7.45 177.2 17.2 181.0 2.77 41.24 14.3
10962 1627993740 0 7 $GNGGA,122859.000,4424.41180,N,00854.69652,E,1,11,0.9,-26.0,M,44.7,M,,*5D
10963 1627993741 0 7 $GNGGA,122900.000,4424.41202,N,00854.69534,E,1,11,0.9,-25.9,M,44.7,M,,*50
10964 1627993742 0 7 $GNGGA,122901.000,4424.41220,N,00854.69431,E,1,11,0.9,-26.0,M,44.7,M,,*5F
10965 1627993742 0 3 2.56 0.00
10966 1627993742 0 4 2.55 1.59
10967 1627993742 0 5 0.02
10968 1627993742 0 6 0.10
10969 1627993742 0 8 4.98 12.35 11.89
10970 1627993742 0 1 8.647
10971 1627993743 0 0 26.53 8.26 156.6 61.44 121.0 7.47 177.2 17.2 180.7 2.78 41.26 14.3
10972 1627993743 0 7 $GNGGA,122902.000,4424.41247,N,00854.69331,E,1,11,0.9,-26.1,M,44.7,M,,*5B
10973 1627993744 0 7 $GNGGA,122903.000,4424.41273,N,00854.69223,E,1,11,0.9,-26.5,M,44.7,M,,*5B
10974 1627993745 0 7 $GNGGA,122904.000,4424.41294,N,00854.69107,E,1,11,0.9,-26.9,M,44.7,M,,*5C
10975 1627993745 0 3 2.56 0.00
10976 1627993745 0 4 2.55 1.59
10977 1627993745 0 5 0.03
10978 1627993745 0 6 0.10
10979 1627993745 0 8 4.98 12.36 11.87
10980 1627993745 0 1 8.828
10981 1627993746 0 0 26.53 8.26 156.7 61.46 121.3 7.48 177.2 17.2 181.0 2.80 41.28 14.4
10982 1627993746 0 7 $GNGGA,122905.000,4424.41322,N,00854.68987,E,1,11,0.9,-26.9,M,44.7,M,,*50
10983 1627993747 0 7 $GNGGA,122906.000,4424.41346,N,00854.68893,E,1,11,0.9,-27.2,M,44.7,M,,*5F
10984 1627993748 0 7 $GNGGA,122907.000,4424.41392,N,00854.68771,E,1,11,0.9,-27.1,M,44.7,M,,*57
10985 1627993748 0 3 2.56 0.00
10986 1627993748 0 4 2.55 1.59
10987 1627993748 0 5 0.03
10988 1627993748 0 6 0.09
10989 1627993748 0 8 4.98 12.35 11.87
10990 1627993748 0 1 8.703
10991 1627993749 0 0 26.53 8.26 156.7 61.43 121.5 7.50 177.1 17.2 180.8 2.79 41.25 14.4
10992 1627993749 0 7 $GNGGA,122908.000,4424.41413,N,00854.68646,E,1,11,0.9,-27.0,M,44.7,M,,*52
10993 1627993750 0 2 0.05090000 2.97140007 1.50329995 0.02290000 2.73140001 0.00430000 0.05290000 0.22560000 1.00000000 88.52700042
10994 1627993750 0 7 $GNGGA,122909.000,4424.41444,N,00854.68534,E,1,11,0.9,-26.7,M,44.7,M,,*51
10995 1627993751 0 7 $GNGGA,122910.000,4424.41461,N,00854.68430,E,1,11,0.9,-26.7,M,44.7,M,,*5B
10996 1627993751 0 3 2.56 0.00
10997 1627993751 0 4 2.55 1.59
10998 1627993751 0 5 0.02
10999 1627993751 0 6 0.09
11000 1627993751 0 8 4.98 12.33 11.89
11001 1627993751 0 1 8.655
11002 1627993752 0 0 26.53 8.26 156.7 61.35 121.7 7.51 177.1 17.2 181.1 2.83 41.20 14.4
11003 1627993752 0 7 $GNGGA,122911.000,4424.41494,N,00854.68322,E,1,11,0.9,-26.6,M,44.7,M,,*55
11004 1627993753 0 7 $GNGGA,122912.000,4424.41512,N,00854.68217,E,1,11,0.9,-26.7,M,44.7,M,,*5F
11005 1627993754 0 7 $GNGGA,122913.000,4424.41533,N,00854.68092,E,1,11,0.9,-26.7,M,44.7,M,,*52
11006 1627993754 0 3 2.56 0.00
11007 1627993754 0 4 2.55 1.59
11008 1627993754 0 5 0.03
11009 1627993754 0 6 0.09
11010 1627993754 0 8 4.98 12.35 11.87
11011 1627993754 0 1 8.701
11012 1627993755 0 0 26.53 8.26 156.7 61.45 122.1 7.53 177.3 17.2 180.5 2.90 41.27 14.3
11013 1627993755 0 7 $GNGGA,122914.000,4424.41547,N,00854.67988,E,1,11,0.9,-26.6,M,44.7,M,,*5A
11014 1627993756 0 7 $GNGGA,122915.000,4424.41562,N,00854.67895,E,1,11,0.9,-26.3,M,44.7,M,,*54
11015 1627993757 0 7 $GNGGA,122916.000,4424.41588,N,00854.67790,E,1,11,0.9,-25.9,M,44.7,M,,*50
11016 1627993757 0 3 2.56 0.00
11017 1627993757 0 4 2.55 1.59
11018 1627993757 0 5 0.02
11019 1627993757 0 6 0.10
11020 1627993757 0 8 4.98 12.36 11.89
11021 1627993757 0 1 8.971
11022 1627993758 0 0 26.53 8.26 156.7 61.34 122.3 7.55 177.1 17.2 180.7 2.98 41.18 14.3
11023 1627993758 0 7 $GNGGA,122917.000,4424.41600,N,00854.67676,E,1,11,0.9,-25.9,M,44.7,M,,*5B
11024 1627993759 0 7 $GNGGA,122918.000,4424.41615,N,00854.67556,E,1,11,0.9,-25.7,M,44.7,M,,*5F
11025 1627993760 0 7 $GNGGA,122919.000,4424.41637,N,00854.67442,E,1,11,0.9,-25.5,M,44.7,M,,*58
11026 1627993760 0 3 2.56 0.00
11027 1627993760 0 4 2.55 1.59
11028 1627993760 0 5 0.02
11029 1627993760 0 6 0.12
11030 1627993760 0 8 4.98 12.35 11.87
11031 1627993760 0 1 9.250
11032 1627993761 0 0 26.52 8.26 156.7 61.31 122.6 7.57 177.1 17.2 180.7 3.06 41.17 14.2
11033 1627993761 0 7 $GNGGA,122920.000,4424.41673,N,00854.67324,E,1,11,0.9,-25.2,M,44.7,M,,*52
11034 1627993762 0 7 $GNGGA,122921.000,4424.41733,N,00854.67201,E,1,11,0.9,-24.8,M,44.7,M,,*5B
11035 1627993763 0 7 $GNGGA,122922.000,4424.41794,N,00854.67087,E,1,11,0.9,-24.6,M,44.7,M,,*57
11036 1627993763 0 3 2.57 0.00
11037 1627993763 0 4 2.55 1.59
11038 1627993763 0 5 0.02
11039 1627993763 0 6 0.10
11040 1627993763 0 8 4.98 12.35 11.87
11041 1627993763 0 1 8.340
11042 1627993764 0 0 26.52 8.26 156.7 61.36 122.7 7.58 177.2 17.2 180.7 3.17 41.20 14.2
11043 1627993764 0 7 $GNGGA,122923.000,4424.41859,N,00854.66956,E,1,11,0.9,-24.0,M,44.7,M,,*5A
11044 1627993765 0 7 $GNGGA,122924.000,4424.41918,N,00854.66856,E,1,11,0.9,-23.2,M,44.7,M,,*5D
11045 1627993766 0 7 $GNGGA,122925.000,4424.41954,N,00854.66760,E,1,11,0.9,-22.6,M,44.7,M,,*5B
11046 1627993766 0 3 2.57 0.00
11047 1627993766 0 4 2.56 1.59
11048 1627993766 0 5 0.03
11049 1627993766 0 6 0.11
11050 1627993767 0 8 4.98 12.35 11.89
11051 1627993767 0 1 8.588
11052 1627993767 0 0 26.51 8.26 156.7 61.36 122.7 7.58 177.1 17.2 180.9 3.30 41.20 14.1
11053 1627993767 0 7 $GNGGA,122926.000,4424.41974,N,00854.66668,E,1,11,0.9,-22.2,M,44.7,M,,*57
11054 1627993768 0 7 $GNGGA,122927.000,4424.41998,N,00854.66579,E,1,11,0.9,-21.9,M,44.7,M,,*5F
11055 1627993769 0 7 $GNGGA,122928.000,4424.42026,N,00854.66501,E,1,11,0.9,-21.7,M,44.7,M,,*5E
11056 1627993769 0 3 2.57 0.00
11057 1627993769 0 4 2.56 1.59
11058 1627993769 0 5 0.03
11059 1627993769 0 6 0.09
11060 1627993769 0 8 4.98 12.35 11.87
11061 1627993769 0 1 8.261
11062 1627993770 0 0 26.51 8.25 156.7 61.34 122.6 7.57 177.2 17.2 181.0 3.40 41.18 14.0
11063 1627993770 0 7 $GNGGA,122929.000,4424.42063,N,00854.66403,E,1,11,0.9,-22.0,M,44.7,M,,*59
11064 1627993771 0 7 $GNGGA,122930.000,4424.42073,N,00854.66327,E,1,11,0.9,-22.4,M,44.7,M,,*55
11065 1627993772 0 7 $GNGGA,122931.000,4424.42093,N,00854.66260,E,1,11,0.9,-22.7,M,44.7,M,,*5B
11066 1627993772 0 3 2.57 0.00
11067 1627993772 0 4 2.56 1.59
11068 1627993772 0 5 0.02
11069 1627993772 0 6 0.10
11070 1627993772 0 8 4.98 12.36 11.89
11071 1627993772 0 1 7.840
11072 1627993773 0 0 26.51 8.25 156.8 61.35 122.7 7.57 177.3 17.2 180.8 3.49 41.20 14.0
11073 1627993773 0 7 $GNGGA,122932.000,4424.42128,N,00854.66171,E,1,11,0.9,-23.2,M,44.7,M,,*5E
11074 1627993774 0 7 $GNGGA,122933.000,4424.42169,N,00854.66094,E,1,11,0.9,-23.2,M,44.7,M,,*50
11075 1627993775 0 7 $GNGGA,122934.000,4424.42212,N,00854.66018,E,1,11,0.9,-23.5,M,44.7,M,,*5B
11076 1627993775 0 3 2.57 0.00
11077 1627993775 0 4 2.56 1.59
11078 1627993775 0 5 0.02
11079 1627993775 0 6 0.07
11080 1627993775 0 8 4.98 12.35 11.87
11081 1627993775 0 1 7.780
11082 1627993776 0 0 26.50 8.25 156.8 61.36 122.5 7.57 177.1 17.2 180.9 3.59 41.20 13.9
11083 1627993776 0 7 $GNGGA,122935.000,4424.42254,N,00854.65949,E,1,10,0.9,-23.7,M,44.7,M,,*55
11084 1627993777 0 7 $GNGGA,122936.000,4424.42292,N,00854.65863,E,1,10,0.9,-24.0,M,44.7,M,,*55
11085 1627993778 0 7 $GNGGA,122937.000,4424.42338,N,00854.65772,E,1,10,0.9,-24.6,M,44.7,M,,*5C
11086 1627993778 0 3 2.57 0.00
11087 1627993778 0 4 2.56 1.59
11088 1627993778 0 5 0.02
11089 1627993778 0 6 0.07
11090 1627993778 0 8 4.98 12.35 11.87
11091 1627993778 0 1 7.678
11092 1627993779 0 0 26.50 8.25 156.9 61.48 122.2 7.54 177.1 17.2 180.6 3.68 41.29 13.9
11093 1627993779 0 7 $GNGGA,122938.000,4424.42384,N,00854.65684,E,1,11,0.9,-25.0,M,44.7,M,,*5A
11094 1627993780 0 7 $GNGGA,122939.000,4424.42431,N,00854.65605,E,1,11,0.9,-25.3,M,44.7,M,,*58
11095 1627993781 0 7 $GNGGA,122940.000,4424.42463,N,00854.65529,E,1,11,0.9,-25.4,M,44.7,M,,*5B
11096 1627993781 0 3 2.57 0.00
11097 1627993781 0 4 2.56 1.58
11098 1627993781 0 5 0.02
11099 1627993781 0 6 0.07
11100 1627993781 0 8 4.98 12.35 11.87
11101 1627993781 0 1 7.773
11102 1627993782 0 0 26.48 8.25 156.9 61.40 122.1 7.54 177.2 17.2 181.4 3.75 41.24 13.9
11103 1627993782 0 7 $GNGGA,122941.000,4424.42497,N,00854.65452,E,1,11,0.9,-25.2,M,44.7,M,,*5A
11104 1627993783 0 7 $GNGGA,122942.000,4424.42547,N,00854.65371,E,1,11,0.9,-25.2,M,44.7,M,,*53
11105 1627993784 0 7 $GNGGA,122943.000,4424.42606,N,00854.65296,E,1,11,0.9,-25.3,M,44.7,M,,*5D
11106 1627993784 0 3 2.57 0.00
11107 1627993784 0 4 2.56 1.59
11108 1627993784 0 5 0.02
11109 1627993784 0 6 0.07
11110 1627993784 0 8 4.98 12.36 11.89
11111 1627993784 0 1 7.587
11112 1627993785 0 0 26.46 8.25 156.9 61.32 121.6 7.51 177.4 17.2 181.6 3.77 41.17 13.8
11113 1627993785 0 7 $GNGGA,122944.000,4424.42664,N,00854.65217,E,1,11,0.9,-25.2,M,44.7,M,,*56
11114 1627993786 0 7 $GNGGA,122945.000,4424.42722,N,00854.65130,E,1,11,0.9,-25.6,M,44.7,M,,*56
11115 1627993787 0 7 $GNGGA,122946.000,4424.42783,N,00854.65047,E,1,11,0.9,-26.2,M,44.7,M,,*58
11116 1627993787 0 3 2.57 0.00
11117 1627993787 0 4 2.56 1.59
11118 1627993787 0 5 0.03
11119 1627993787 0 6 0.09
11120 1627993787 0 8 4.98 12.35 11.84
11121 1627993787 0 1 8.313
11122 1627993788 0 0 26.46 8.24 156.9 61.35 121.2 7.49 177.5 17.2 181.6 3.78 41.19 13.7
11123 1627993788 0 7 $GNGGA,122947.000,4424.42836,N,00854.64982,E,1,11,0.9,-26.3,M,44.7,M,,*58
11124 1627993789 0 7 $GNGGA,122948.000,4424.42893,N,00854.64937,E,1,11,0.9,-26.3,M,44.7,M,,*56
11125 1627993790 0 7 $GNGGA,122949.000,4424.42954,N,00854.64887,E,1,11,0.9,-25.9,M,44.7,M,,*5E
11126 1627993790 0 3 2.57 0.00
11127 1627993790 0 4 2.56 1.61
11128 1627993790 0 5 0.03
11129 1627993790 0 6 0.08
11130 1627993790 0 8 4.98 12.35 11.87
11131 1627993790 0 1 7.485
11132 1627993791 0 0 26.46 8.24 156.9 61.40 121.0 7.48 177.3 17.2 181.8 3.79 41.23 13.7
11133 1627993791 0 7 $GNGGA,122950.000,4424.43016,N,00854.64844,E,1,11,0.9,-25.8,M,44.7,M,,*56
11134 1627993792 0 7 $GNGGA,122951.000,4424.43071,N,00854.64812,E,1,11,0.9,-25.4,M,44.7,M,,*59
11135 1627993793 0 7 $GNGGA,122952.000,4424.43122,N,00854.64771,E,1,11,0.9,-25.0,M,44.7,M,,*53
11136 1627993793 0 3 2.57 0.00
11137 1627993793 0 4 2.56 1.60
11138 1627993793 0 5 0.03
11139 1627993793 0 6 0.09
11140 1627993793 0 8 4.98 12.35 11.87
11141 1627993793 0 1 7.940
11142 1627993794 0 0 26.46 8.25 156.9 61.32 120.3 7.44 177.4 17.2 181.9 3.82 41.17 13.8
11143 1627993794 0 7 $GNGGA,122953.000,4424.43171,N,00854.64753,E,1,11,0.9,-24.6,M,44.7,M,,*53
11144 1627993795 0 7 $GNGGA,122954.000,4424.43218,N,00854.64733,E,1,11,0.9,-23.8,M,44.7,M,,*57
11145 1627993796 0 7 $GNGGA,122955.000,4424.43264,N,00854.64710,E,1,11,0.9,-22.8,M,44.7,M,,*5D
11146 1627993796 0 3 2.57 0.00
11147 1627993796 0 4 2.56 1.60
11148 1627993796 0 5 0.02
11149 1627993796 0 6 0.08
11150 1627993796 0 8 4.98 12.35 11.87
11151 1627993796 0 1 8.360
11152 1627993797 0 0 26.44 8.25 156.9 61.40 119.9 7.41 177.4 17.2 181.7 3.86 41.23 13.8
11153 1627993797 0 7 $GNGGA,122956.000,4424.43305,N,00854.64682,E,1,11,0.9,-22.2,M,44.7,M,,*58
11154 1627993798 0 7 $GNGGA,122957.000,4424.43344,N,00854.64659,E,1,11,0.9,-21.9,M,44.7,M,,*52
11155 1627993799 0 7 $GNGGA,122958.000,4424.43391,N,00854.64642,E,1,11,0.9,-21.5,M,44.7,M,,*53
11156 1627993799 0 3 2.57 0.00
11157 1627993799 0 4 2.56 1.60
11158 1627993799 0 5 0.03
11159 1627993799 0 6 0.08
11160 1627993800 0 8 4.98 12.36 11.89
11161 1627993800 0 1 8.676
11162 1627993800 0 0 26.44 8.25 156.9 61.39 119.5 7.38 177.6 17.2 182.1 3.87 41.23 13.9
11163 1627993800 0 7 $GNGGA,122959.000,4424.43438,N,00854.64638,E,1,11,0.9,-21.4,M,44.7,M,,*5A
11164 1627993801 0 7 $GNGGA,123000.000,4424.43465,N,00854.64623,E,1,11,0.9,-21.6,M,44.7,M,,*5E
11165 1627993802 0 7 $GNGGA,123001.000,4424.43494,N,00854.64620,E,1,11,0.9,-21.4,M,44.7,M,,*50
11166 1627993802 0 3 2.57 0.00
11167 1627993802 0 4 2.56 1.60
11168 1627993802 0 5 0.02
11169 1627993802 0 6 0.09
11170 1627993802 0 8 4.98 12.35 11.84
11171 1627993802 0 1 9.169
11172 1627993803 0 0 26.45 8.25 156.9 61.45 119.0 7.35 177.4 17.2 181.8 3.86 41.27 13.9
11173 1627993803 0 7 $GNGGA,123002.000,4424.43519,N,00854.64606,E,1,11,0.9,-21.1,M,44.7,M,,*56
11174 1627993804 0 7 $GNGGA,123003.000,4424.43548,N,00854.64583,E,1,11,0.9,-20.8,M,44.7,M,,*55
11175 1627993805 0 7 $GNGGA,123004.000,4424.43545,N,00854.64589,E,1,11,0.9,-20.7,M,44.7,M,,*5A
11176 1627993805 0 3 2.57 0.00
11177 1627993805 0 4 2.56 1.60
11178 1627993805 0 5 0.02
11179 1627993805 0 6 0.11
11180 1627993805 0 8 4.98 12.35 11.89
11181 1627993805 0 1 9.156
11182 1627993806 0 0 26.44 8.25 156.9 61.31 118.6 7.33 177.3 17.2 181.8 3.85 41.16 13.9
11183 1627993806 0 7 $GNGGA,123005.000,4424.43545,N,00854.64585,E,1,11,0.9,-20.7,M,44.7,M,,*57
11184 1627993807 0 7 $GNGGA,123006.000,4424.43544,N,00854.64583,E,1,11,0.9,-20.8,M,44.7,M,,*5C
11185 1627993808 0 7 $GNGGA,123007.000,4424.43574,N,00854.64597,E,1,11,0.9,-20.6,M,44.7,M,,*55
11186 1627993808 0 3 2.57 0.00
11187 1627993808 0 4 2.56 1.60
11188 1627993808 0 5 0.02
11189 1627993808 0 6 0.08
11190 1627993808 0 8 4.98 12.35 11.87
11191 1627993808 0 1 8.455
11192 1627993809 0 0 26.47 8.25 156.9 61.39 118.4 7.32 177.1 17.2 181.4 3.87 41.23 13.9
11193 1627993809 0 7 $GNGGA,123008.000,4424.43625,N,00854.64609,E,1,11,0.9,-20.5,M,44.7,M,,*5A
11194 1627993810 0 7 $GNGGA,123009.000,4424.43674,N,00854.64618,E,1,11,0.9,-20.6,M,44.7,M,,*5C
11195 1627993811 0 7 $GNGGA,123010.000,4424.43720,N,00854.64646,E,1,11,0.9,-20.3,M,44.7,M,,*5A
11196 1627993811 0 3 2.57 0.00
11197 1627993811 0 4 2.56 1.60
11198 1627993811 0 5 0.02
11199 1627993811 0 6 0.08
11200 1627993811 0 8 4.98 12.21 11.84
11201 1627993811 0 1 8.904
11202 1627993812 0 0 26.45 8.25 156.9 61.38 118.1 7.30 177.4 17.2 181.6 3.91 41.22 14.0
11203 1627993812 0 7 $GNGGA,123011.000,4424.43773,N,00854.64674,E,1,11,0.9,-19.9,M,44.7,M,,*5C
11204 1627993813 0 7 $GNGGA,123012.000,4424.43829,N,00854.64695,E,1,11,0.9,-19.7,M,44.7,M,,*5E
11205 1627993814 0 7 $GNGGA,123013.000,4424.43883,N,00854.64704,E,1,11,0.9,-19.7,M,44.7,M,,*56
11206 1627993814 0 3 2.57 0.00
11207 1627993814 0 4 2.56 1.60
11208 1627993814 0 5 0.02
11209 1627993814 0 6 0.08
11210 1627993814 0 8 4.98 12.22 11.87
11211 1627993815 0 1 8.852
11212 1627993815 0 0 26.45 8.25 156.9 61.38 118.0 7.29 177.2 17.2 181.2 3.92 41.22 13.9
11213 1627993815 0 7 $GNGGA,123014.000,4424.43926,N,00854.64694,E,1,11,0.9,-19.8,M,44.7,M,,*58
11214 1627993816 0 7 $GNGGA,123015.000,4424.43959,N,00854.64678,E,1,11,0.9,-19.8,M,44.7,M,,*53
11215 1627993817 0 7 $GNGGA,123016.000,4424.43985,N,00854.64688,E,1,11,0.9,-19.6,M,44.7,M,,*50
11216 1627993817 0 3 2.57 0.00
11217 1627993817 0 4 2.56 1.60
11218 1627993817 0 5 0.03
11219 1627993817 0 6 0.08
11220 1627993817 0 8 4.98 12.35 11.87
11221 1627993818 0 1 8.224
11222 1627993818 0 0 26.46 8.25 156.9 61.35 117.9 7.29 177.2 17.2 181.4 3.91 41.19 13.9
11223 1627993818 0 7 $GNGGA,123017.000,4424.44022,N,00854.64692,E,1,11,0.9,-19.3,M,44.7,M,,*5C
11224 1627993819 0 7 $GNGGA,123018.000,4424.44063,N,00854.64703,E,1,11,0.9,-19.1,M,44.7,M,,*5D
11225 1627993820 0 7 $GNGGA,123019.000,4424.44064,N,00854.64713,E,1,11,0.9,-18.9,M,44.7,M,,*53
11226 1627993820 0 3 2.57 0.00
11227 1627993820 0 4 2.56 1.60
11228 1627993820 0 5 0.02
11229 1627993820 0 6 0.08
11230 1627993820 0 8 4.98 12.20 11.87
11231 1627993821 0 1 8.356
11232 1627993821 0 0 26.46 8.25 156.9 61.44 117.8 7.28 177.2 17.2 181.3 3.90 41.26 13.9
11233 1627993821 0 7 $GNGGA,123020.000,4424.44060,N,00854.64756,E,1,11,0.9,-18.8,M,44.7,M,,*5D
11234 1627993822 0 7 $GNGGA,123021.000,4424.44054,N,00854.64801,E,1,11,0.9,-19.1,M,44.7,M,,*5E
11235 1627993823 0 7 $GNGGA,123022.000,4424.44078,N,00854.64801,E,1,11,0.9,-20.0,M,44.7,M,,*58
11236 1627993823 0 3 2.57 0.00
11237 1627993823 0 4 2.56 1.60
11238 1627993823 0 5 0.02
11239 1627993823 0 6 0.09
11240 1627993823 0 8 4.98 12.36 11.87
11241 1627993824 0 1 8.645
11242 1627993824 0 0 26.46 8.25 156.9 61.40 117.9 7.28 177.2 17.2 181.4 3.91 41.23 13.8
11243 1627993824 0 7 $GNGGA,123023.000,4424.44113,N,00854.64797,E,1,11,0.9,-20.8,M,44.7,M,,*5D
11244 1627993825 0 7 $GNGGA,123024.000,4424.44146,N,00854.64793,E,1,11,0.9,-21.6,M,44.7,M,,*51
11245 1627993826 0 7 $GNGGA,123025.000,4424.44178,N,00854.64794,E,1,11,0.9,-22.4,M,44.7,M,,*5B
11246 1627993826 0 3 2.57 0.00
11247 1627993826 0 4 2.56 1.60
11248 1627993826 0 5 0.02
11249 1627993826 0 6 0.15
11250 1627993826 0 8 4.98 12.36 11.84
11251 1627993827 0 1 8.354
11252 1627993827 0 0 26.46 8.25 156.9 61.40 117.8 7.28 177.1 17.2 180.9 3.98 41.23 13.8
11253 1627993827 0 7 $GNGGA,123026.000,4424.44207,N,00854.64779,E,1,11,0.9,-24.6,M,44.7,M,,*54
11254 1627993828 0 7 $GNGGA,123027.000,4424.44250,N,00854.64757,E,1,11,0.9,-25.9,M,44.7,M,,*55
11255 1627993829 0 7 $GNGGA,123028.000,4424.44287,N,00854.64733,E,1,11,0.9,-26.8,M,44.7,M,,*50
11256 1627993829 0 3 2.57 0.00
11257 1627993829 0 4 2.56 1.60
11258 1627993829 0 5 0.02
11259 1627993829 0 6 0.08
11260 1627993829 0 8 4.98 12.21 11.87
11261 1627993830 0 1 8.445
11262 1627993830 0 0 26.45 8.25 157.0 61.38 117.8 7.28 177.1 17.2 181.8 4.01 41.21 13.8
11263 1627993830 0 7 $GNGGA,123029.000,4424.44337,N,00854.64717,E,1,11,0.9,-27.3,M,44.7,M,,*57
11264 1627993831 0 7 $GNGGA,123030.000,4424.44371,N,00854.64718,E,1,11,0.9,-27.9,M,44.7,M,,*58
11265 1627993832 0 7 $GNGGA,123031.000,4424.44377,N,00854.64723,E,1,11,0.9,-27.5,M,44.7,M,,*5B
11266 1627993832 0 3 2.57 0.00
11267 1627993832 0 4 2.56 1.60
11268 1627993832 0 5 0.02
11269 1627993832 0 6 0.08
11270 1627993833 0 8 4.98 12.35 11.87
11271 1627993833 0 1 8.931
11272 1627993833 0 0 26.45 8.25 157.0 61.40 117.9 7.29 177.4 17.2 181.9 4.02 41.23 13.8
11273 1627993833 0 7 $GNGGA,123032.000,4424.44382,N,00854.64728,E,1,11,0.9,-27.2,M,44.7,M,,*5E
11274 1627993834 0 7 $GNGGA,123033.000,4424.44391,N,00854.64727,E,1,11,0.9,-27.0,M,44.7,M,,*50
11275 1627993835 0 7 $GNGGA,123034.000,4424.44443,N,00854.64706,E,1,11,0.9,-26.6,M,44.7,M,,*5B
11276 1627993835 0 3 2.57 0.00
11277 1627993835 0 4 2.56 1.60
11278 1627993835 0 5 0.02
11279 1627993835 0 6 0.09
11280 1627993835 0 8 4.98 12.34 11.87
11281 1627993836 0 1 9.247
11282 1627993836 0 0 26.44 8.25 156.9 61.38 117.9 7.29 177.5 17.2 181.9 4.03 41.22 13.8
11283 1627993836 0 7 $GNGGA,123035.000,4424.44488,N,00854.64643,E,1,11,0.9,-26.6,M,44.7,M,,*5D
11284 1627993837 0 7 $GNGGA,123036.000,4424.44544,N,00854.64610,E,1,11,0.9,-26.5,M,44.7,M,,*5A
11285 1627993838 0 7 $GNGGA,123037.000,4424.44602,N,00854.64600,E,1,11,0.9,-26.0,M,44.7,M,,*5E
11286 1627993838 0 3 2.57 0.00
11287 1627993838 0 4 2.56 1.60
11288 1627993838 0 5 0.02
11289 1627993838 0 6 0.09
11290 1627993838 0 8 4.98 12.36 11.84
11291 1627993839 0 1 9.482
11292 1627993839 0 0 26.43 8.25 156.9 61.46 117.8 7.28 177.5 17.2 182.3 4.04 41.28 13.8
11293 1627993839 0 7 $GNGGA,123038.000,4424.44651,N,00854.64611,E,1,11,0.9,-25.1,M,44.7,M,,*55
11294 1627993840 0 7 $GNGGA,123039.000,4424.44680,N,00854.64615,E,1,11,0.9,-24.9,M,44.7,M,,*55
11295 1627993841 0 7 $GNGGA,123040.000,4424.44718,N,00854.64617,E,1,11,0.9,-24.6,M,44.7,M,,*56
11296 1627993841 0 3 2.57 0.00
11297 1627993841 0 4 2.56 1.60
11298 1627993841 0 5 0.02
11299 1627993841 0 6 0.09
11300 1627993841 0 8 4.98 12.36 11.89
11301 1627993842 0 1 10.027
11302 1627993842 0 0 26.43 8.25 157.0 61.34 117.9 7.29 177.5 17.2 182.4 4.05 41.19 13.8
11303 1627993842 0 7 $GNGGA,123041.000,4424.44767,N,00854.64630,E,1,11,0.9,-24.4,M,44.7,M,,*58
11304 1627993843 0 7 $GNGGA,123042.000,4424.44811,N,00854.64657,E,1,11,0.9,-24.1,M,44.7,M,,*51
11305 1627993844 0 7 $GNGGA,123043.000,4424.44856,N,00854.64677,E,1,11,0.9,-23.6,M,44.7,M,,*51
11306 1627993844 0 3 2.57 0.00
11307 1627993844 0 4 2.56 1.60
11308 1627993844 0 5 0.02
11309 1627993844 0 6 0.10
11310 1627993844 0 8 4.98 12.35 11.87
11311 1627993845 0 1 9.622
11312 1627993845 0 0 26.43 8.24 157.0 61.29 117.8 7.28 177.4 17.2 181.9 4.03 41.15 13.7
11313 1627993845 0 7 $GNGGA,123044.000,4424.44901,N,00854.64698,E,1,11,0.9,-23.2,M,44.7,M,,*50
11314 1627993846 0 7 $GNGGA,123045.000,4424.44941,N,00854.64722,E,1,11,0.9,-22.9,M,44.7,M,,*5F
11315 1627993847 0 7 $GNGGA,123046.000,4424.44982,N,00854.64765,E,1,11,0.9,-22.9,M,44.7,M,,*50
11316 1627993847 0 3 2.57 0.00
11317 1627993847 0 4 2.56 1.60
11318 1627993847 0 5 0.02
11319 1627993847 0 6 0.10
11320 1627993847 0 8 4.98 12.36 11.87
11321 1627993848 0 1 8.847
11322 1627993848 0 0 26.45 8.24 157.0 61.42 117.7 7.27 177.2 17.2 182.0 4.05 41.25 13.7
11323 1627993848 0 7 $GNGGA,123047.000,4424.45011,N,00854.64818,E,1,11,0.9,-22.6,M,44.7,M,,*59
11324 1627993849 0 7 $GNGGA,123048.000,4424.45041,N,00854.64873,E,1,11,0.9,-22.1,M,44.7,M,,*59
11325 1627993850 0 7 $GNGGA,123049.000,4424.45063,N,00854.64933,E,1,11,0.9,-21.9,M,44.7,M,,*56
11326 1627993850 0 3 2.57 0.00
11327 1627993850 0 4 2.56 1.60
11328 1627993850 0 5 0.03
11329 1627993850 0 6 0.11
11330 1627993850 0 8 4.98 12.36 11.87
11331 1627993851 0 1 8.564
11332 1627993851 0 0 26.46 8.24 157.0 61.45 117.7 7.27 177.3 17.2 182.0 4.04 41.27 13.7
11333 1627993851 0 7 $GNGGA,123050.000,4424.45077,N,00854.64997,E,1,11,0.9,-21.8,M,44.7,M,,*54
11334 1627993852 0 7 $GNGGA,123051.000,4424.45085,N,00854.65047,E,1,11,0.9,-21.9,M,44.7,M,,*5C
11335 1627993853 0 7 $GNGGA,123052.000,4424.45093,N,00854.65101,E,1,11,0.9,-21.8,M,44.7,M,,*5A
11336 1627993853 0 3 2.57 0.00
11337 1627993853 0 4 2.56 1.60
11338 1627993853 0 5 0.02
11339 1627993853 0 6 0.11
11340 1627993853 0 8 4.98 12.36 11.87
11341 1627993854 0 1 8.791
11342 1627993854 0 0 26.46 8.24 157.0 61.41 117.6 7.26 177.2 17.2 181.9 4.03 41.24 13.7
11343 1627993854 0 7 $GNGGA,123053.000,4424.45122,N,00854.65159,E,1,11,0.9,-21.4,M,44.7,M,,*51
11344 1627993855 0 7 $GNGGA,123054.000,4424.45146,N,00854.65238,E,1,11,0.9,-21.2,M,44.7,M,,*56
11345 1627993856 0 7 $GNGGA,123055.000,4424.45171,N,00854.65299,E,1,11,0.9,-20.9,M,44.7,M,,*52
11346 1627993856 0 3 2.57 0.00
11347 1627993856 0 4 2.56 1.60
11348 1627993856 0 5 0.02
11349 1627993856 0 6 0.09
11350 1627993856 0 8 4.98 12.35 11.87
11351 1627993857 0 1 8.466
11352 1627993857 0 0 26.47 8.24 157.0 61.38 117.5 7.26 177.1 17.2 182.0 3.99 41.22 13.7
11353 1627993857 0 7 $GNGGA,123056.000,4424.45197,N,00854.65370,E,1,11,0.9,-20.4,M,44.7,M,,*52
11354 1627993858 0 7 $GNGGA,123057.000,4424.45219,N,00854.65451,E,1,11,0.9,-20.3,M,44.7,M,,*55
11355 1627993859 0 7 $GNGGA,123058.000,4424.45241,N,00854.65526,E,1,11,0.9,-20.3,M,44.7,M,,*56
11356 1627993859 0 3 2.57 0.00
11357 1627993859 0 4 2.56 1.60
11358 1627993859 0 5 0.03
11359 1627993859 0 6 0.09
11360 1627993859 0 8 4.98 12.36 11.87
11361 1627993860 0 1 8.540
11362 1627993860 0 0 26.47 8.24 156.9 61.40 117.3 7.25 177.3 17.2 182.1 3.95 41.23 13.7
11363 1627993860 0 7 $GNGGA,123059.000,4424.45255,N,00854.65585,E,1,11,0.9,-20.5,M,44.7,M,,*5D
11364 1627993861 0 7 $GNGGA,123100.000,4424.45252,N,00854.65641,E,1,11,0.9,-20.6,M,44.7,M,,*5F
11365 1627993862 0 7 $GNGGA,123101.000,4424.45238,N,00854.65713,E,1,11,0.9,-20.8,M,44.7,M,,*5A
11366 1627993862 0 3 2.57 0.00
11367 1627993862 0 4 2.56 1.60
11368 1627993862 0 5 0.03
11369 1627993862 0 6 0.07
11370 1627993862 0 8 4.98 12.36 11.87
11371 1627993863 0 1 9.048
11372 1627993863 0 0 26.48 8.25 157.0 61.40 117.1 7.24 177.1 17.2 182.0 3.92 41.23 13.8
11373 1627993863 0 7 $GNGGA,123102.000,4424.45225,N,00854.65791,E,1,11,0.9,-21.2,M,44.7,M,,*54
11374 1627993864 0 7 $GNGGA,123103.000,4424.45215,N,00854.65863,E,1,11,0.9,-21.2,M,44.7,M,,*54
11375 1627993865 0 7 $GNGGA,123104.000,4424.45205,N,00854.65939,E,1,11,0.9,-20.6,M,44.7,M,,*59
11376 1627993865 0 3 2.57 0.00
11377 1627993865 0 4 2.56 1.59
11378 1627993865 0 5 0.02
11379 1627993865 0 6 0.08
11380 1627993866 0 8 4.98 12.35 11.87
11381 1627993866 0 1 9.018
11382 1627993866 0 0 26.49 8.25 156.9 61.39 116.1 7.17 177.0 17.2 181.9 3.85 41.22 13.8
11383 1627993866 0 7 $GNGGA,123105.000,4424.45189,N,00854.66022,E,1,11,0.9,-20.2,M,44.7,M,,*5B
11384 1627993867 0 7 $GNGGA,123106.000,4424.45182,N,00854.66109,E,1,11,0.9,-19.4,M,44.7,M,,*57
11385 1627993868 0 7 $GNGGA,123107.000,4424.45175,N,00854.66206,E,1,11,0.9,-19.1,M,44.7,M,,*57
11386 1627993868 0 3 2.57 0.00
11387 1627993868 0 4 2.56 1.58
11388 1627993868 0 5 0.02
11389 1627993868 0 6 0.09
11390 1627993868 0 8 4.98 12.35 11.87
11391 1627993869 0 1 9.599
11392 1627993869 0 0 26.50 8.25 156.9 61.42 116.2 7.18 177.1 17.2 182.0 3.76 41.24 13.9
11393 1627993869 0 7 $GNGGA,123108.000,4424.45169,N,00854.66303,E,1,11,0.9,-19.1,M,44.7,M,,*51
11394 1627993870 0 2 0.05409999 3.38140010 1.41809997 0.02600000 2.68460011 0.00400000 0.05440000 0.23989999 1.00000000 88.23200225
11395 1627993870 0 7 $GNGGA,123109.000,4424.45158,N,00854.66403,E,1,11,0.9,-19.0,M,44.7,M,,*54
11396 1627993871 0 7 $GNGGA,123110.000,4424.45146,N,00854.66500,E,1,11,0.9,-18.6,M,44.7,M,,*56
11397 1627993871 0 3 2.57 0.00
11398 1627993871 0 4 2.56 1.58
11399 1627993871 0 5 0.02
11400 1627993871 0 6 0.10
11401 1627993871 0 8 4.98 12.35 11.87
11402 1627993872 0 1 8.531
11403 1627993872 0 0 26.51 8.25 156.9 61.37 116.4 7.19 177.0 17.2 182.2 3.63 41.21 13.9
11404 1627993872 0 7 $GNGGA,123111.000,4424.45133,N,00854.66592,E,1,11,0.9,-18.3,M,44.7,M,,*5B
11405 1627993873 0 7 $GNGGA,123112.000,4424.45126,N,00854.66686,E,1,11,0.9,-17.6,M,44.7,M,,*50
11406 1627993874 0 7 $GNGGA,123113.000,4424.45101,N,00854.66786,E,1,11,0.9,-17.3,M,44.7,M,,*50
11407 1627993874 0 3 2.57 0.00
11408 1627993874 0 4 2.56 1.59
11409 1627993874 0 5 0.02
11410 1627993874 0 6 0.11
11411 1627993874 0 8 4.98 12.35 11.89
11412 1627993875 0 1 8.671
11413 1627993875 0 0 26.51 8.25 156.9 61.41 116.8 7.21 177.2 17.2 182.3 3.54 41.24 14.0
11414 1627993875 0 7 $GNGGA,123114.000,4424.45066,N,00854.66895,E,1,11,0.9,-17.0,M,44.7,M,,*59
11415 1627993876 0 7 $GNGGA,123115.000,4424.45024,N,00854.67009,E,1,11,0.9,-16.7,M,44.7,M,,*54
11416 1627993877 0 7 $GNGGA,123116.000,4424.44965,N,00854.67125,E,1,11,0.9,-16.5,M,44.7,M,,*57
11417 1627993877 0 3 2.57 0.00
11418 1627993877 0 4 2.56 1.59
11419 1627993877 0 5 0.02
11420 1627993877 0 6 0.11
11421 1627993877 0 8 4.98 12.35 11.87
11422 1627993878 0 1 8.328
11423 1627993878 0 0 26.52 8.25 157.0 61.36 117.0 7.22 177.3 17.2 182.8 3.44 41.20 13.9
11424 1627993878 0 7 $GNGGA,123117.000,4424.44934,N,00854.67259,E,1,11,0.9,-16.3,M,44.7,M,,*5C
11425 1627993879 0 7 $GNGGA,123118.000,4424.44939,N,00854.67406,E,1,11,0.9,-16.1,M,44.7,M,,*50
11426 1627993880 0 7 $GNGGA,123119.000,4424.44934,N,00854.67550,E,1,11,0.9,-16.1,M,44.7,M,,*5E
11427 1627993880 0 3 2.57 0.00
11428 1627993880 0 4 2.56 1.59
11429 1627993880 0 5 0.02
11430 1627993880 0 6 0.10
11431 1627993880 0 8 4.98 12.36 11.87
11432 1627993881 0 1 8.551
11433 1627993881 0 0 26.52 8.25 156.9 61.33 117.3 7.24 177.6 17.2 183.0 3.30 41.18 14.0
11434 1627993881 0 7 $GNGGA,123120.000,4424.44885,N,00854.67680,E,1,11,0.9,-16.6,M,44.7,M,,*56
11435 1627993882 0 7 $GNGGA,123121.000,4424.44829,N,00854.67767,E,1,11,0.9,-16.9,M,44.7,M,,*56
11436 1627993883 0 7 $GNGGA,123122.000,4424.44726,N,00854.67840,E,1,11,0.9,-17.6,M,44.7,M,,*51
11437 1627993883 0 3 2.57 0.00
11438 1627993883 0 4 2.56 1.58
11439 1627993883 0 5 0.02
11440 1627993883 0 6 0.09
11441 1627993883 0 8 4.98 12.35 11.87
11442 1627993884 0 1 8.364
11443 1627993884 0 0 26.53 8.25 156.9 61.29 117.4 7.25 177.4 17.2 182.7 3.16 41.15 14.0
11444 1627993884 0 7 $GNGGA,123123.000,4424.44625,N,00854.67902,E,1,11,0.9,-18.1,M,44.7,M,,*5D
11445 1627993885 0 7 $GNGGA,123124.000,4424.44536,N,00854.67960,E,1,11,0.9,-18.5,M,44.7,M,,*5B
11446 1627993886 0 7 $GNGGA,123125.000,4424.44465,N,00854.68034,E,1,11,0.9,-18.8,M,44.7,M,,*57
11447 1627993886 0 3 2.57 0.00
11448 1627993886 0 4 2.56 1.58
11449 1627993886 0 5 0.03
11450 1627993886 0 6 0.09
11451 1627993886 0 8 4.98 12.36 11.87
11452 1627993887 0 1 8.578
11453 1627993887 0 0 26.54 8.25 157.0 61.37 117.5 7.25 177.5 17.2 182.8 3.04 41.21 14.1
11454 1627993887 0 7 $GNGGA,123126.000,4424.44402,N,00854.68117,E,1,11,0.9,-19.4,M,44.7,M,,*58
11455 1627993888 0 7 $GNGGA,123127.000,4424.44345,N,00854.68195,E,1,11,0.9,-20.0,M,44.7,M,,*59
11456 1627993889 0 7 $GNGGA,123128.000,4424.44286,N,00854.68261,E,1,11,0.9,-20.3,M,44.7,M,,*53
11457 1627993889 0 3 2.57 0.00
11458 1627993889 0 4 2.56 1.58
11459 1627993889 0 5 0.02
11460 1627993889 0 6 0.10
11461 1627993889 0 8 4.98 12.35 11.87
11462 1627993890 0 1 8.567
11463 1627993890 0 0 26.54 8.25 157.0 61.32 117.7 7.27 177.2 17.2 182.5 2.95 41.17 14.0
11464 1627993890 0 7 $GNGGA,123129.000,4424.44234,N,00854.68362,E,1,11,0.9,-20.6,M,44.7,M,,*5C
11465 1627993891 0 7 $GNGGA,123130.000,4424.44183,N,00854.68478,E,1,11,0.9,-20.9,M,44.7,M,,*58
11466 1627993892 0 7 $GNGGA,123131.000,4424.44152,N,00854.68619,E,1,11,0.9,-21.1,M,44.7,M,,*59
11467 1627993892 0 3 2.57 0.00
11468 1627993892 0 4 2.56 1.58
11469 1627993892 0 5 0.02
11470 1627993893 0 6 0.12
11471 1627993893 0 8 4.98 12.36 11.87
11472 1627993893 0 1 8.141
11473 1627993893 0 0 26.55 8.25 156.9 61.37 117.9 7.27 177.3 17.2 182.3 2.84 41.21 14.1
11474 1627993893 0 7 $GNGGA,123132.000,4424.44106,N,00854.68738,E,1,11,0.9,-21.3,M,44.7,M,,*5B
11475 1627993894 0 7 $GNGGA,123133.000,4424.44063,N,00854.68824,E,1,11,0.9,-21.6,M,44.7,M,,*5F
11476 1627993895 0 7 $GNGGA,123134.000,4424.44001,N,00854.68909,E,1,11,0.9,-21.9,M,44.7,M,,*5D
11477 1627993895 0 3 2.57 0.00
11478 1627993895 0 4 2.56 1.58
11479 1627993895 0 5 0.03
11480 1627993895 0 6 0.09
11481 1627993895 0 8 4.98 12.36 11.87
11482 1627993896 0 1 8.434
11483 1627993896 0 0 26.56 8.25 156.9 61.42 118.0 7.28 177.3 17.2 182.3 2.69 41.25 14.1
11484 1627993896 0 7 $GNGGA,123135.000,4424.43936,N,00854.68994,E,1,11,0.9,-21.9,M,44.7,M,,*52
11485 1627993897 0 7 $GNGGA,123136.000,4424.43874,N,00854.69099,E,1,11,0.9,-21.9,M,44.7,M,,*53
11486 1627993898 0 7 $GNGGA,123137.000,4424.43828,N,00854.69215,E,1,11,0.9,-21.8,M,44.7,M,,*5C
11487 1627993898 0 3 2.57 0.00
11488 1627993898 0 4 2.56 1.56
11489 1627993898 0 5 0.02
11490 1627993898 0 6 0.09
11491 1627993898 0 8 4.98 12.36 11.87
11492 1627993899 0 1 8.030
11493 1627993899 0 0 26.56 8.26 156.9 61.38 118.2 7.29 177.3 17.2 182.1 2.54 41.21 14.2
11494 1627993899 0 7 $GNGGA,123138.000,4424.43781,N,00854.69303,E,1,11,0.9,-22.0,M,44.7,M,,*52
11495 1627993900 0 7 $GNGGA,123139.000,4424.43741,N,00854.69394,E,1,11,0.9,-22.1,M,44.7,M,,*50
11496 1627993901 0 7 $GNGGA,123140.000,4424.43703,N,00854.69487,E,1,11,0.9,-22.3,M,44.7,M,,*5F
11497 1627993901 0 3 2.57 0.00
11498 1627993901 0 4 2.56 1.56
11499 1627993901 0 5 0.02
11500 1627993901 0 6 0.18
11501 1627993901 0 8 4.98 12.35 11.87
11502 1627993902 0 1 7.527
11503 1627993902 0 0 26.57 8.25 156.9 61.38 118.3 7.30 177.0 17.2 180.6 2.45 41.21 14.1
11504 1627993902 0 7 $GNGGA,123141.000,4424.43663,N,00854.69582,E,1,11,0.9,-22.3,M,44.7,M,,*5D
11505 1627993903 0 7 $GNGGA,123142.000,4424.43627,N,00854.69661,E,1,11,0.9,-22.3,M,44.7,M,,*50
11506 1627993904 0 7 $GNGGA,123143.000,4424.43595,N,00854.69731,E,1,11,0.9,-22.0,M,44.7,M,,*5C
11507 1627993904 0 3 2.57 0.00
11508 1627993904 0 4 2.55 1.56
11509 1627993904 0 5 0.02
11510 1627993904 0 6 0.04
11511 1627993904 0 8 4.98 12.35 11.84
11512 1627993905 0 1 7.542
11513 1627993905 0 0 26.61 8.26 156.9 61.38 118.4 7.30 176.7 17.2 179.9 2.35 41.22 14.2
11514 1627993905 0 7 $GNGGA,123144.000,4424.43558,N,00854.69812,E,1,11,0.9,-21.6,M,44.7,M,,*51
11515 1627993906 0 7 $GNGGA,123145.000,4424.43518,N,00854.69923,E,1,11,0.9,-21.3,M,44.7,M,,*52
11516 1627993907 0 7 $GNGGA,123146.000,4424.43472,N,00854.70021,E,1,11,0.9,-21.0,M,44.7,M,,*5C
11517 1627993907 0 3 2.57 0.00
11518 1627993907 0 4 2.56 1.56
11519 1627993907 0 5 0.02
11520 1627993907 0 6 0.05
11521 1627993907 0 8 4.98 12.35 11.87
11522 1627993908 0 1 7.445
11523 1627993908 0 0 26.62 8.26 156.8 61.38 118.8 7.32 176.5 17.2 179.6 2.25 41.22 14.3
11524 1627993908 0 7 $GNGGA,123147.000,4424.43427,N,00854.70116,E,1,11,0.9,-20.6,M,44.7,M,,*5F
11525 1627993909 0 7 $GNGGA,123148.000,4424.43387,N,00854.70206,E,1,11,0.9,-20.6,M,44.7,M,,*5F
11526 1627993910 0 7 $GNGGA,123149.000,4424.43343,N,00854.70289,E,1,11,0.9,-20.7,M,44.7,M,,*50
11527 1627993910 0 3 2.57 0.00
11528 1627993910 0 4 2.56 1.56
11529 1627993910 0 5 0.02
11530 1627993910 0 6 0.03
11531 1627993910 0 8 4.98 12.36 11.87
11532 1627993911 0 1 7.669
11533 1627993911 0 0 26.65 8.26 156.7 61.30 118.9 7.33 176.5 17.3 179.1 2.15 41.15 14.4
11534 1627993911 0 7 $GNGGA,123150.000,4424.43291,N,00854.70378,E,1,11,0.9,-20.5,M,44.7,M,,*5B
11535 1627993912 0 7 $GNGGA,123151.000,4424.43242,N,00854.70492,E,1,11,0.9,-20.4,M,44.7,M,,*56
11536 1627993913 0 7 $GNGGA,123152.000,4424.43190,N,00854.70603,E,1,11,0.9,-20.0,M,44.7,M,,*57
11537 1627993913 0 3 2.57 0.00
11538 1627993913 0 4 2.55 1.56
11539 1627993913 0 5 0.02
11540 1627993913 0 6 0.05
11541 1627993913 0 8 4.98 12.36 11.87
11542 1627993914 0 1 7.623
11543 1627993914 0 0 26.68 8.26 156.8 61.28 119.4 7.36 176.0 17.3 179.0 2.09 41.14 14.4
11544 1627993914 0 7 $GNGGA,123153.000,4424.43148,N,00854.70727,E,1,11,0.9,-19.6,M,44.7,M,,*58
11545 1627993915 0 7 $GNGGA,123154.000,4424.43111,N,00854.70861,E,1,11,0.9,-19.2,M,44.7,M,,*5A
11546 1627993916 0 7 $GNGGA,123155.000,4424.43076,N,00854.70983,E,1,11,0.9,-18.9,M,44.7,M,,*5C
11547 1627993916 0 3 2.57 0.00
11548 1627993916 0 4 2.56 1.56
11549 1627993916 0 5 0.02
11550 1627993916 0 6 0.06
11551 1627993916 0 8 4.98 12.35 11.87
11552 1627993917 0 1 7.411
11553 1627993917 0 0 26.70 8.26 156.7 61.24 119.9 7.38 175.7 17.3 178.5 2.06 41.11 14.4
11554 1627993917 0 7 $GNGGA,123156.000,4424.43038,N,00854.71100,E,1,11,0.9,-18.6,M,44.7,M,,*58
11555 1627993918 0 7 $GNGGA,123157.000,4424.43000,N,00854.71215,E,1,11,0.9,-18.1,M,44.7,M,,*52
11556 1627993919 0 7 $GNGGA,123158.000,4424.42961,N,00854.71340,E,1,11,0.9,-17.7,M,44.7,M,,*5A
11557 1627993919 0 3 2.57 0.00
11558 1627993919 0 4 2.55 1.56
11559 1627993919 0 5 0.02
11560 1627993919 0 6 0.07
11561 1627993919 0 8 4.98 12.34 11.87
11562 1627993920 0 1 7.831
11563 1627993920 0 0 26.70 8.26 156.7 61.21 120.4 7.42 175.9 17.3 178.9 2.09 41.08 14.4
11564 1627993920 0 7 $GNGGA,123159.000,4424.42915,N,00854.71440,E,1,11,0.9,-18.1,M,44.7,M,,*56
11565 1627993921 0 7 $GNGGA,123200.000,4424.42865,N,00854.71519,E,1,11,0.9,-18.7,M,44.7,M,,*54
11566 1627993922 0 7 $GNGGA,123201.000,4424.42801,N,00854.71617,E,1,11,0.9,-19.5,M,44.7,M,,*59
11567 1627993922 0 3 2.57 0.00
11568 1627993922 0 4 2.56 1.56
11569 1627993922 0 5 0.02
11570 1627993922 0 6 0.09
11571 1627993922 0 8 4.98 12.33 11.87
11572 1627993923 0 1 8.316
11573 1627993923 0 0 26.70 8.26 156.7 61.25 120.9 7.44 176.0 17.3 179.1 2.15 41.11 14.4
11574 1627993923 0 7 $GNGGA,123202.000,4424.42738,N,00854.71735,E,1,11,0.9,-20.3,M,44.7,M,,*52
11575 1627993924 0 7 $GNGGA,123203.000,4424.42674,N,00854.71839,E,1,11,0.9,-21.1,M,44.7,M,,*5A
11576 1627993925 0 7 $GNGGA,123204.000,4424.42640,N,00854.71958,E,1,11,0.9,-21.9,M,44.7,M,,*54
11577 1627993925 0 3 2.57 0.00
11578 1627993925 0 4 2.56 1.56
11579 1627993925 0 5 0.03
11580 1627993926 0 6 0.10
11581 1627993926 0 8 4.98 12.33 11.87
11582 1627993926 0 1 8.082
11583 1627993926 0 0 26.66 8.26 156.7 61.23 121.3 7.48 176.5 17.2 180.3 2.24 41.10 14.4
11584 1627993926 0 7 $GNGGA,123205.000,4424.42628,N,00854.72070,E,1,11,0.9,-22.6,M,44.7,M,,*57
11585 1627993927 0 7 $GNGGA,123206.000,4424.42617,N,00854.72184,E,1,11,0.9,-23.0,M,44.7,M,,*55
11586 1627993928 0 7 $GNGGA,123207.000,4424.42614,N,00854.72299,E,1,11,0.9,-23.5,M,44.7,M,,*5D
11587 1627993928 0 3 2.57 0.00
11588 1627993928 0 4 2.56 1.56
11589 1627993928 0 5 0.03
11590 1627993928 0 6 0.13
11591 1627993928 0 8 4.98 12.30 11.87
11592 1627993929 0 1 8.055
11593 1627993929 0 0 26.65 8.26 156.7 61.29 121.7 7.50 176.6 17.3 180.3 2.34 41.14 14.3
11594 1627993929 0 7 $GNGGA,123208.000,4424.42611,N,00854.72404,E,1,11,0.9,-24.1,M,44.7,M,,*56
11595 1627993930 0 7 $GNGGA,123209.000,4424.42581,N,00854.72515,E,1,11,0.9,-24.7,M,44.7,M,,*5A
11596 1627993931 0 7 $GNGGA,123210.000,4424.42540,N,00854.72627,E,1,11,0.9,-25.3,M,44.7,M,,*58
11597 1627993931 0 3 2.57 0.00
11598 1627993931 0 4 2.56 1.56
11599 1627993931 0 5 0.02
11600 1627993931 0 6 0.14
11601 1627993931 0 8 4.98 12.16 11.84
11602 1627993932 0 1 8.403
11603 1627993932 0 0 26.64 8.26 156.7 61.31 122.1 7.53 176.7 17.2 180.5 2.43 41.16 14.4
11604 1627993932 0 7 $GNGGA,123211.000,4424.42504,N,00854.72707,E,1,11,0.9,-25.6,M,44.7,M,,*5F
11605 1627993933 0 7 $GNGGA,123212.000,4424.42483,N,00854.72803,E,1,11,0.9,-25.8,M,44.7,M,,*57
11606 1627993934 0 7 $GNGGA,123213.000,4424.42448,N,00854.72893,E,1,11,0.9,-26.0,M,44.7,M,,*53
11607 1627993934 0 3 2.57 0.00
11608 1627993934 0 4 2.56 1.56
11609 1627993934 0 5 0.03
11610 1627993934 0 6 0.15
11611 1627993934 0 8 4.98 12.15 11.87
11612 1627993935 0 1 8.538
11613 1627993935 0 0 26.64 8.26 156.6 61.29 122.5 7.55 176.7 17.3 180.0 2.47 41.14 14.4
11614 1627993935 0 7 $GNGGA,123214.000,4424.42405,N,00854.72956,E,1,11,0.9,-26.1,M,44.7,M,,*54
11615 1627993936 0 7 $GNGGA,123215.000,4424.42380,N,00854.73005,E,1,11,0.9,-25.9,M,44.7,M,,*5A
11616 1627993937 0 7 $GNGGA,123216.000,4424.42367,N,00854.73075,E,1,11,0.9,-24.9,M,44.7,M,,*56
11617 1627993937 0 3 2.57 0.00
11618 1627993937 0 4 2.56 1.56
11619 1627993937 0 5 0.03
11620 1627993937 0 6 0.09
11621 1627993937 0 8 4.98 12.30 11.87
11622 1627993938 0 1 8.580
11623 1627993938 0 0 26.64 8.26 156.7 61.34 123.0 7.58 176.6 17.3 180.1 2.51 41.18 14.4
11624 1627993938 0 7 $GNGGA,123217.000,4424.42363,N,00854.73187,E,1,11,0.9,-24.0,M,44.7,M,,*56
11625 1627993939 0 7 $GNGGA,123218.000,4424.42345,N,00854.73299,E,1,11,0.9,-23.4,M,44.7,M,,*52
11626 1627993940 0 7 $GNGGA,123219.000,4424.42318,N,00854.73416,E,1,11,0.9,-23.1,M,44.7,M,,*5F
11627 1627993940 0 3 2.57 0.00
11628 1627993940 0 4 2.56 1.56
11629 1627993940 0 5 0.02
11630 1627993940 0 6 0.08
11631 1627993940 0 8 4.98 12.16 11.84
11632 1627993941 0 1 8.265
11633 1627993941 0 0 26.56 8.26 156.7 61.38 123.3 7.60 177.6 17.2 181.5 2.50 41.21 14.3
11634 1627993941 0 7 $GNGGA,123220.000,4424.42278,N,00854.73519,E,1,11,0.9,-22.9,M,44.7,M,,*55
11635 1627993942 0 7 $GNGGA,123221.000,4424.42232,N,00854.73616,E,1,11,0.9,-23.2,M,44.7,M,,*5C
11636 1627993943 0 7 $GNGGA,123222.000,4424.42202,N,00854.73702,E,1,11,0.9,-24.1,M,44.7,M,,*5C
11637 1627993943 0 3 2.57 0.00
11638 1627993943 0 4 2.56 1.56
11639 1627993943 0 5 0.03
11640 1627993943 0 6 0.10
11641 1627993943 0 8 4.98 12.31 11.87
11642 1627993944 0 1 8.427
11643 1627993944 0 0 26.53 8.25 156.8 61.37 123.4 7.62 177.9 17.2 181.6 2.48 41.21 14.2
11644 1627993944 0 7 $GNGGA,123223.000,4424.42182,N,00854.73792,E,1,11,0.9,-24.4,M,44.7,M,,*5A
11645 1627993945 0 7 $GNGGA,123224.000,4424.42178,N,00854.73888,E,1,11,0.9,-24.6,M,44.7,M,,*5E
11646 1627993946 0 7 $GNGGA,123225.000,4424.42190,N,00854.73996,E,1,11,0.9,-25.0,M,44.7,M,,*50
11647 1627993946 0 3 2.57 0.00
11648 1627993946 0 4 2.56 1.56
11649 1627993946 0 5 0.03
11650 1627993946 0 6 0.09
11651 1627993946 0 8 4.98 12.30 11.84
11652 1627993947 0 1 8.249
11653 1627993947 0 0 26.54 8.25 156.8 61.41 123.6 7.63 177.5 17.2 181.3 2.42 41.24 14.1
11654 1627993947 0 7 $GNGGA,123226.000,4424.42210,N,00854.74123,E,1,10,1.0,-25.2,M,44.7,M,,*52
11655 1627993948 0 7 $GNGGA,123227.000,4424.42235,N,00854.74263,E,1,10,1.0,-25.2,M,44.7,M,,*53
11656 1627993949 0 7 $GNGGA,123228.000,4424.42267,N,00854.74417,E,1,10,1.0,-25.1,M,44.7,M,,*5D
11657 1627993949 0 3 2.57 0.00
11658 1627993949 0 4 2.56 1.56
11659 1627993949 0 5 0.02
11660 1627993949 0 6 0.10
11661 1627993949 0 8 4.98 12.16 11.84
11662 1627993950 0 1 8.847
11663 1627993950 0 0 26.54 8.25 156.8 61.36 123.5 7.62 177.8 17.2 181.1 2.35 41.20 14.1
11664 1627993950 0 7 $GNGGA,123229.000,4424.42298,N,00854.74562,E,1,10,1.0,-24.8,M,44.7,M,,*57
11665 1627993951 0 7 $GNGGA,123230.000,4424.42314,N,00854.74693,E,1,10,1.0,-24.4,M,44.7,M,,*5B
11666 1627993952 0 7 $GNGGA,123231.000,4424.42336,N,00854.74812,E,1,10,1.0,-24.0,M,44.7,M,,*59
11667 1627993952 0 3 2.57 0.00
11668 1627993952 0 4 2.56 1.56
11669 1627993952 0 5 0.02
11670 1627993952 0 6 0.07
11671 1627993952 0 8 4.98 12.30 11.87
11672 1627993953 0 1 7.858
11673 1627993953 0 0 26.52 8.25 156.8 61.49 123.3 7.61 177.9 17.2 181.8 2.28 41.30 14.1
11674 1627993953 0 7 $GNGGA,123232.000,4424.42345,N,00854.74909,E,1,10,1.0,-23.7,M,44.7,M,,*55
11675 1627993954 0 7 $GNGGA,123233.000,4424.42345,N,00854.74975,E,1,10,1.0,-23.2,M,44.7,M,,*5A
11676 1627993955 0 7 $GNGGA,123234.000,4424.42327,N,00854.75019,E,1,10,1.0,-23.0,M,44.7,M,,*59
11677 1627993955 0 3 2.57 0.00
11678 1627993955 0 4 2.56 1.56
11679 1627993955 0 5 0.02
11680 1627993955 0 6 0.05
11681 1627993955 0 8 4.98 12.34 11.87
11682 1627993956 0 0 26.56 8.25 156.8 61.38 123.1 7.59 177.1 17.3 180.2 2.24 41.22 14.1
11683 1627993956 0 7 $GNGGA,123235.000,4424.42295,N,00854.75079,E,1,09,1.2,-23.5,M,44.7,M,,*59
11684 1627993957 0 7 $GNGGA,123236.000,4424.42278,N,00854.75169,E,1,09,1.2,-23.7,M,44.7,M,,*5B
11685 1627993958 0 7 $GNGGA,123237.000,4424.42275,N,00854.75278,E,1,09,1.2,-23.9,M,44.7,M,,*5A
11686 1627993958 0 3 2.57 0.00
11687 1627993958 0 4 2.56 1.55
11688 1627993958 0 5 0.02
11689 1627993958 0 6 0.07
11690 1627993959 0 8 4.98 12.33 11.84
11691 1627993959 0 0 26.55 8.25 156.8 61.37 122.7 7.57 177.6 17.2 180.9 2.15 41.21 14.1
11692 1627993959 0 7 $GNGGA,123238.000,4424.42272,N,00854.75379,E,1,09,1.2,-24.0,M,44.7,M,,*5C
11693 1627993960 0 7 $GNGGA,123239.000,4424.42268,N,00854.75481,E,1,10,1.0,-24.1,M,44.7,M,,*5D
11694 1627993961 0 7 $GNGGA,123240.000,4424.42275,N,00854.75568,E,1,11,0.9,-24.2,M,44.7,M,,*53
11695 1627993961 0 3 2.57 0.00
11696 1627993961 0 4 2.56 1.53
11697 1627993961 0 5 0.03
11698 1627993961 0 6 0.07
11699 1627993961 0 8 4.98 12.33 11.87
11700 1627993962 0 0 26.58 8.25 156.8 61.36 122.4 7.55 176.9 17.3 179.9 2.07 41.20 14.1
11701 1627993962 0 7 $GNGGA,123241.000,4424.42282,N,00854.75654,E,1,11,0.9,-24.4,M,44.7,M,,*50
11702 1627993963 0 7 $GNGGA,123242.000,4424.42287,N,00854.75746,E,1,11,0.9,-24.5,M,44.7,M,,*55
11703 1627993964 0 7 $GNGGA,123243.000,4424.42272,N,00854.75845,E,1,11,0.9,-24.8,M,44.7,M,,*5F
11704 1627993964 0 3 2.57 0.00
11705 1627993964 0 4 2.56 1.53
11706 1627993964 0 5 0.02
11707 1627993965 0 6 0.08
11708 1627993965 0 8 4.98 12.36 11.87
11709 1627993965 0 0 26.66 8.26 156.7 61.37 122.2 7.52 176.3 17.3 179.1 2.01 41.21 14.4
11710 1627993965 0 7 $GNGGA,123244.000,4424.42241,N,00854.75947,E,1,11,0.9,-24.7,M,44.7,M,,*54
11711 1627993965 0 1 7.631
11712 1627993966 0 7 $GNGGA,123245.000,4424.42226,N,00854.76044,E,1,11,0.9,-24.1,M,44.7,M,,*5B
11713 1627993967 0 7 $GNGGA,123246.000,4424.42196,N,00854.76167,E,1,11,0.9,-23.3,M,44.7,M,,*55
11714 1627993967 0 3 2.57 0.00
11715 1627993967 0 4 2.55 1.53
11716 1627993967 0 5 0.02
11717 1627993967 0 6 0.08
11718 1627993967 0 8 4.98 12.30 11.87
11719 1627993968 0 1 7.992
11720 1627993968 0 0 26.64 8.26 156.7 61.34 121.8 7.51 176.8 17.3 180.0 1.94 41.18 14.4
11721 1627993968 0 7 $GNGGA,123247.000,4424.42163,N,00854.76310,E,1,11,0.9,-22.5,M,44.7,M,,*5B
11722 1627993969 0 7 $GNGGA,123248.000,4424.42129,N,00854.76461,E,1,11,0.9,-21.5,M,44.7,M,,*58
11723 1627993970 0 7 $GNGGA,123249.000,4424.42121,N,00854.76617,E,1,11,0.9,-20.2,M,44.7,M,,*54
11724 1627993970 0 3 2.57 0.00
11725 1627993970 0 4 2.55 1.54
11726 1627993970 0 5 0.02
11727 1627993970 0 6 0.09
11728 1627993970 0 8 4.98 12.31 11.87
11729 1627993971 0 1 7.966
11730 1627993971 0 0 26.61 8.26 156.7 61.38 121.7 7.50 177.0 17.3 181.0 1.86 41.22 14.4
11731 1627993971 0 7 $GNGGA,123250.000,4424.42111,N,00854.76759,E,1,11,0.9,-19.4,M,44.7,M,,*58
11732 1627993972 0 7 $GNGGA,123251.000,4424.42132,N,00854.76916,E,1,10,0.9,-18.3,M,44.7,M,,*5A
11733 1627993973 0 7 $GNGGA,123252.000,4424.42191,N,00854.77071,E,1,10,0.9,-16.9,M,44.7,M,,*5D
11734 1627993973 0 3 2.57 0.00
11735 1627993973 0 4 2.55 1.53
11736 1627993973 0 5 0.02
11737 1627993973 0 6 0.10
11738 1627993973 0 8 4.98 12.31 11.89
11739 1627993974 0 1 7.869
11740 1627993974 0 0 26.58 8.26 156.7 61.32 121.5 7.49 177.6 17.2 181.2 1.79 41.17 14.5
11741 1627993974 0 7 $GNGGA,123253.000,4424.42231,N,00854.77217,E,1,10,0.9,-16.1,M,44.7,M,,*5F
11742 1627993975 0 7 $GNGGA,123254.000,4424.42299,N,00854.77363,E,1,10,0.9,-15.1,M,44.7,M,,*5B
11743 1627993976 0 7 $GNGGA,123255.000,4424.42348,N,00854.77513,E,1,10,0.9,-14.2,M,44.7,M,,*54
11744 1627993976 0 3 2.57 0.00
11745 1627993976 0 4 2.55 1.54
11746 1627993976 0 5 0.02
11747 1627993976 0 6 0.11
11748 1627993976 0 8 4.98 12.30 11.87
11749 1627993977 0 1 7.416
11750 1627993977 0 0 26.59 8.26 156.8 61.32 121.5 7.49 177.2 17.2 180.9 1.76 41.17 14.3
11751 1627993977 0 7 $GNGGA,123256.000,4424.42402,N,00854.77680,E,1,10,0.9,-13.6,M,44.7,M,,*54
11752 1627993978 0 7 $GNGGA,123257.000,4424.42443,N,00854.77801,E,1,11,0.9,-12.9,M,44.7,M,,*58
11753 1627993979 0 7 $GNGGA,123258.000,4424.42463,N,00854.77922,E,1,10,0.9,-12.3,M,44.7,M,,*5E
11754 1627993979 0 3 2.57 0.00
11755 1627993979 0 4 2.55 1.54
11756 1627993979 0 5 0.02
11757 1627993979 0 6 0.11
11758 1627993979 0 8 4.98 12.31 11.87
11759 1627993980 0 1 6.176
11760 1627993980 0 0 26.58 8.24 156.8 61.39 121.4 7.48 177.6 17.2 180.9 1.72 41.22 13.8
11761 1627993980 0 7 $GNGGA,123259.000,4424.42497,N,00854.78020,E,1,10,0.9,-11.7,M,44.7,M,,*57
11762 1627993981 0 7 $GNGGA,123300.000,4424.42521,N,00854.78133,E,1,10,0.9,-11.3,M,44.7,M,,*51
11763 1627993982 0 7 $GNGGA,123301.000,4424.42561,N,00854.78282,E,1,10,0.9,-10.8,M,44.7,M,,*57
11764 1627993982 0 3 2.57 0.00
11765 1627993982 0 4 2.55 1.54
11766 1627993982 0 5 0.02
11767 1627993982 0 6 0.10
11768 1627993983 0 8 4.98 12.30 11.87
11769 1627993983 0 1 6.092
11770 1627993983 0 0 26.57 8.24 157.0 61.38 121.3 7.48 177.6 17.2 181.5 1.66 41.21 13.7
11771 1627993983 0 7 $GNGGA,123302.000,4424.42599,N,00854.78421,E,1,10,0.9,-10.6,M,44.7,M,,*52
11772 1627993984 0 7 $GNGGA,123303.000,4424.42613,N,00854.78563,E,1,10,0.9,-10.5,M,44.7,M,,*56
11773 1627993985 0 7 $GNGGA,123304.000,4424.42624,N,00854.78686,E,1,10,0.9,-10.4,M,44.7,M,,*5C
11774 1627993985 0 3 2.57 0.00
11775 1627993985 0 4 2.55 1.54
11776 1627993985 0 5 0.02
11777 1627993985 0 6 0.11
11778 1627993985 0 8 4.98 12.31 11.87
11779 1627993986 0 1 6.096
11780 1627993986 0 0 26.55 8.24 157.0 61.39 121.2 7.48 178.0 17.2 181.4 1.62 41.22 13.6
11781 1627993986 0 7 $GNGGA,123305.000,4424.42638,N,00854.78793,E,1,10,0.9,-10.1,M,44.7,M,,*50
11782 1627993987 0 7 $GNGGA,123306.000,4424.42660,N,00854.78893,E,1,11,0.9,-10.4,M,44.7,M,,*55
11783 1627993988 0 7 $GNGGA,123307.000,4424.42665,N,00854.78986,E,1,11,0.9,-11.1,M,44.7,M,,*50
11784 1627993988 0 3 2.57 0.00
11785 1627993988 0 4 2.55 1.54
11786 1627993988 0 5 0.02
11787 1627993988 0 6 0.11
11788 1627993988 0 8 4.98 12.31 11.87
11789 1627993989 0 1 6.676
11790 1627993989 0 0 26.54 8.24 157.1 61.45 121.0 7.47 177.8 17.2 181.3 1.61 41.27 13.6
11791 1627993989 0 7 $GNGGA,123308.000,4424.42656,N,00854.79082,E,1,11,0.9,-11.9,M,44.7,M,,*5B
11792 1627993990 0 2 0.05190000 3.47720003 1.44490003 0.02670000 2.76710009 0.00390000 0.05559999 0.22969999 1.00000000 87.97399902
11793 1627993990 0 7 $GNGGA,123309.000,4424.42644,N,00854.79179,E,1,11,0.9,-12.8,M,44.7,M,,*5E
11794 1627993991 0 7 $GNGGA,123310.000,4424.42643,N,00854.79300,E,1,11,0.9,-13.6,M,44.7,M,,*52
11795 1627993991 0 3 2.57 0.00
11796 1627993991 0 4 2.55 1.54
11797 1627993991 0 5 0.02
11798 1627993992 0 6 0.11
11799 1627993992 0 8 4.98 12.31 11.87
11800 1627993992 0 1 6.188
11801 1627993992 0 0 26.53 8.24 157.0 61.35 120.7 7.45 177.9 17.2 181.6 1.58 41.19 13.6
11802 1627993992 0 7 $GNGGA,123311.000,4424.42642,N,00854.79422,E,1,11,0.9,-14.4,M,44.7,M,,*50
11803 1627993993 0 7 $GNGGA,123312.000,4424.42641,N,00854.79554,E,1,11,0.9,-15.1,M,44.7,M,,*54
11804 1627993994 0 7 $GNGGA,123313.000,4424.42645,N,00854.79693,E,1,11,0.9,-15.7,M,44.7,M,,*5F
11805 1627993994 0 3 2.57 0.00
11806 1627993994 0 4 2.55 1.54
11807 1627993994 0 5 0.02
11808 1627993994 0 6 0.11
11809 1627993994 0 8 4.98 12.30 11.87
11810 1627993995 0 1 6.554
11811 1627993995 0 0 26.51 8.24 157.0 61.44 120.4 7.43 177.9 17.2 181.4 1.57 41.26 13.6
11812 1627993995 0 7 $GNGGA,123314.000,4424.42648,N,00854.79834,E,1,11,0.9,-15.9,M,44.7,M,,*58
11813 1627993996 0 7 $GNGGA,123315.000,4424.42638,N,00854.79972,E,1,11,0.9,-16.6,M,44.7,M,,*51
11814 1627993997 0 7 $GNGGA,123316.000,4424.42578,N,00854.80121,E,1,11,0.9,-18.5,M,44.7,M,,*50
11815 1627993997 0 3 2.57 0.00
11816 1627993997 0 4 2.55 1.54
11817 1627993997 0 5 0.02
11818 1627993997 0 6 0.11
11819 1627993998 0 8 4.98 12.31 11.87
11820 1627993998 0 1 6.505
11821 1627993998 0 0 26.51 8.24 157.0 61.43 119.9 7.40 177.9 17.2 181.2 1.54 41.25 13.6
11822 1627993998 0 7 $GNGGA,123317.000,4424.42527,N,00854.80266,E,1,11,0.9,-19.9,M,44.7,M,,*56
11823 1627993999 0 7 $GNGGA,123318.000,4424.42492,N,00854.80403,E,1,11,0.9,-21.0,M,44.7,M,,*51
11824 1627994000 0 7 $GNGGA,123319.000,4424.42476,N,00854.80547,E,1,11,0.9,-22.1,M,44.7,M,,*59
11825 1627994000 0 3 2.57 0.00
11826 1627994000 0 4 2.55 1.54
11827 1627994000 0 5 0.02
11828 1627994000 0 6 0.11
11829 1627994000 0 8 4.98 12.31 11.87
11830 1627994001 0 1 6.445
11831 1627994001 0 0 26.49 8.24 157.0 61.46 119.3 7.36 177.9 17.2 181.1 1.50 41.28 13.6
11832 1627994001 0 7 $GNGGA,123320.000,4424.42473,N,00854.80692,E,1,11,0.9,-23.0,M,44.7,M,,*5D
11833 1627994002 0 7 $GNGGA,123321.000,4424.42455,N,00854.80837,E,1,11,0.9,-23.6,M,44.7,M,,*5F
11834 1627994003 0 7 $GNGGA,123322.000,4424.42437,N,00854.80977,E,1,11,0.9,-23.3,M,44.7,M,,*58
11835 1627994003 0 3 2.57 0.00
11836 1627994003 0 4 2.55 1.56
11837 1627994003 0 5 0.02
11838 1627994003 0 6 0.11
11839 1627994003 0 8 4.98 12.31 11.87
11840 1627994004 0 1 6.563
11841 1627994004 0 0 26.49 8.24 157.0 61.44 118.7 7.33 177.6 17.3 180.9 1.49 41.26 13.6
11842 1627994004 0 7 $GNGGA,123323.000,4424.42405,N,00854.81127,E,1,11,0.9,-23.4,M,44.7,M,,*53
11843 1627994005 0 7 $GNGGA,123324.000,4424.42375,N,00854.81288,E,1,11,0.9,-23.6,M,44.7,M,,*50
11844 1627994006 0 7 $GNGGA,123325.000,4424.42346,N,00854.81437,E,1,11,0.9,-23.8,M,44.7,M,,*5D
11845 1627994006 0 3 2.57 0.00
11846 1627994006 0 4 2.55 1.56
11847 1627994006 0 5 0.02
11848 1627994006 0 6 0.10
11849 1627994007 0 8 4.98 12.31 11.87
11850 1627994007 0 1 5.247
11851 1627994007 0 0 26.49 8.24 157.0 61.35 117.8 7.27 177.4 17.2 180.8 1.47 41.20 13.5
11852 1627994007 0 7 $GNGGA,123326.000,4424.42321,N,00854.81579,E,1,11,0.9,-24.1,M,44.7,M,,*5A
11853 1627994008 0 7 $GNGGA,123327.000,4424.42290,N,00854.81728,E,1,11,0.9,-24.4,M,44.7,M,,*53
11854 1627994009 0 7 $GNGGA,123328.000,4424.42263,N,00854.81891,E,1,10,0.9,-24.5,M,44.7,M,,*5D
11855 1627994009 0 3 2.57 0.00
11856 1627994009 0 4 2.55 1.56
11857 1627994009 0 5 0.02
11858 1627994009 0 6 0.11
11859 1627994010 0 8 4.98 12.31 11.87
11860 1627994010 0 1 4.929
11861 1627994010 0 0 26.49 8.24 157.0 61.36 117.1 7.23 177.4 17.3 180.3 1.41 41.20 13.5
11862 1627994010 0 7 $GNGGA,123329.000,4424.42216,N,00854.82030,E,1,10,0.9,-24.9,M,44.7,M,,*52
11863 1627994011 0 7 $GNGGA,123330.000,4424.42177,N,00854.82175,E,1,10,0.9,-25.3,M,44.7,M,,*55
11864 1627994012 0 7 $GNGGA,123331.000,4424.42147,N,00854.82319,E,1,10,0.9,-25.6,M,44.7,M,,*5A
11865 1627994012 0 3 2.57 0.00
11866 1627994012 0 4 2.55 1.56
11867 1627994012 0 5 0.02
11868 1627994012 0 6 0.11
11869 1627994013 0 8 4.98 12.31 11.87
11870 1627994013 0 1 4.817
11871 1627994013 0 0 26.48 8.23 157.1 61.40 116.3 7.18 177.3 17.3 180.1 1.38 41.23 13.4
11872 1627994013 0 7 $GNGGA,123332.000,4424.42135,N,00854.82473,E,1,10,0.9,-25.6,M,44.7,M,,*57
11873 1627994014 0 7 $GNGGA,123333.000,4424.42126,N,00854.82603,E,1,10,0.9,-25.6,M,44.7,M,,*51
11874 1627994015 0 7 $GNGGA,123334.000,4424.42134,N,00854.82691,E,1,10,0.9,-26.3,M,44.7,M,,*58
11875 1627994015 0 3 2.56 0.00
11876 1627994015 0 4 2.55 1.56
11877 1627994015 0 5 0.02
11878 1627994015 0 6 0.11
11879 1627994016 0 8 4.98 12.30 11.87
11880 1627994016 0 1 4.922
11881 1627994016 0 0 26.49 8.23 157.0 61.41 115.5 7.13 176.9 17.3 179.7 1.34 41.24 13.4
11882 1627994016 0 7 $GNGGA,123335.000,4424.42134,N,00854.82787,E,1,10,0.9,-26.7,M,44.7,M,,*5B
11883 1627994017 0 7 $GNGGA,123336.000,4424.42144,N,00854.82904,E,1,10,0.9,-27.0,M,44.7,M,,*5C
11884 1627994018 0 7 $GNGGA,123337.000,4424.42136,N,00854.83027,E,1,10,0.9,-27.9,M,44.7,M,,*58
11885 1627994018 0 3 2.56 0.00
11886 1627994018 0 4 2.55 1.56
11887 1627994018 0 5 0.02
11888 1627994018 0 6 0.11
11889 1627994019 0 8 4.98 12.31 11.87
11890 1627994019 0 1 4.848
11891 1627994019 0 0 26.47 8.23 157.1 61.34 114.9 7.10 177.1 17.3 179.6 1.31 41.19 13.3
11892 1627994019 0 7 $GNGGA,123338.000,4424.42101,N,00854.83167,E,1,10,0.9,-28.8,M,44.7,M,,*58
11893 1627994020 0 7 $GNGGA,123339.000,4424.42065,N,00854.83306,E,1,10,0.9,-29.7,M,44.7,M,,*51
11894 1627994021 0 7 $GNGGA,123340.000,4424.42038,N,00854.83439,E,1,10,0.9,-31.1,M,44.7,M,,*53
11895 1627994021 0 3 2.57 0.00
11896 1627994021 0 4 2.55 1.56
11897 1627994021 0 5 0.02
11898 1627994021 0 6 0.11
11899 1627994022 0 8 4.98 12.30 11.87
11900 1627994022 0 1 4.483
11901 1627994022 0 0 26.47 8.23 157.1 61.35 114.4 7.07 176.9 17.3 179.4 1.29 41.20 13.3
11902 1627994022 0 7 $GNGGA,123341.000,4424.42026,N,00854.83592,E,1,10,0.9,-32.0,M,44.7,M,,*5F
11903 1627994023 0 7 $GNGGA,123342.000,4424.42011,N,00854.83748,E,1,10,0.9,-33.1,M,44.7,M,,*5D
11904 1627994024 0 7 $GNGGA,123343.000,4424.41997,N,00854.83888,E,1,10,0.9,-34.2,M,44.7,M,,*5F
11905 1627994024 0 3 2.57 0.00
11906 1627994024 0 4 2.55 1.56
11907 1627994024 0 5 0.02
11908 1627994025 0 6 0.11
11909 1627994025 0 8 4.98 12.30 11.87
11910 1627994025 0 1 4.642
11911 1627994025 0 0 26.46 8.23 157.1 61.41 114.0 7.04 176.6 17.3 179.3 1.33 41.24 13.2
11912 1627994025 0 7 $GNGGA,123344.000,4424.41991,N,00854.84029,E,1,10,0.9,-35.3,M,44.7,M,,*5A
11913 1627994026 0 7 $GNGGA,123345.000,4424.42002,N,00854.84190,E,1,10,0.9,-36.0,M,44.7,M,,*58
11914 1627994027 0 7 $GNGGA,123346.000,4424.42004,N,00854.84325,E,1,10,0.9,-36.6,M,44.7,M,,*57
11915 1627994027 0 3 2.57 0.00
11916 1627994027 0 4 2.55 1.56
11917 1627994027 0 5 0.03
11918 1627994027 0 6 0.11
11919 1627994028 0 8 4.98 12.30 11.87
11920 1627994028 0 1 4.786
11921 1627994028 0 0 26.46 8.23 157.0 61.38 113.5 7.01 176.5 17.4 178.7 1.43 41.22 13.2
11922 1627994028 0 7 $GNGGA,123347.000,4424.42005,N,00854.84440,E,1,10,0.9,-36.4,M,44.7,M,,*51
11923 1627994029 0 7 $GNGGA,123348.000,4424.42019,N,00854.84556,E,1,10,0.9,-36.4,M,44.7,M,,*55
11924 1627994030 0 7 $GNGGA,123349.000,4424.42051,N,00854.84669,E,1,10,0.9,-36.0,M,44.7,M,,*53
11925 1627994030 0 3 2.57 0.00
11926 1627994030 0 4 2.55 1.56
11927 1627994030 0 5 0.02
11928 1627994030 0 6 0.11
11929 1627994031 0 8 4.98 12.31 11.87
11930 1627994031 0 1 5.818
11931 1627994031 0 0 26.45 8.23 157.0 61.45 113.0 6.98 176.4 17.3 178.4 1.57 41.27 13.2
11932 1627994031 0 7 $GNGGA,123350.000,4424.42083,N,00854.84776,E,1,10,0.9,-35.7,M,44.7,M,,*5F
11933 1627994032 0 7 $GNGGA,123351.000,4424.42103,N,00854.84890,E,1,10,0.9,-35.3,M,44.7,M,,*54
11934 1627994033 0 7 $GNGGA,123352.000,4424.42106,N,00854.85020,E,1,10,0.9,-35.0,M,44.7,M,,*53
11935 1627994033 0 3 2.57 0.00
11936 1627994033 0 4 2.55 1.55
11937 1627994033 0 5 0.02
11938 1627994034 0 6 0.11
11939 1627994034 0 8 4.98 12.31 11.87
11940 1627994034 0 1 5.464
11941 1627994034 0 0 26.45 8.23 157.0 61.35 112.5 6.95 176.4 17.3 178.5 1.68 41.19 13.1
11942 1627994034 0 7 $GNGGA,123353.000,4424.42091,N,00854.85154,E,1,10,0.9,-34.9,M,44.7,M,,*57
11943 1627994035 0 7 $GNGGA,123354.000,4424.42077,N,00854.85289,E,1,10,0.9,-34.7,M,44.7,M,,*55
11944 1627994036 0 7 $GNGGA,123355.000,4424.42070,N,00854.85432,E,1,10,0.9,-34.9,M,44.7,M,,*5B
11945 1627994036 0 3 2.57 0.00
11946 1627994036 0 4 2.56 1.54
11947 1627994036 0 5 0.02
11948 1627994036 0 6 0.11
11949 1627994037 0 8 4.98 12.31 11.87
11950 1627994037 0 1 5.668
11951 1627994037 0 0 26.44 8.23 157.0 61.41 112.3 6.94 176.6 17.3 178.6 1.81 41.24 13.2
11952 1627994037 0 7 $GNGGA,123356.000,4424.42068,N,00854.85577,E,1,10,0.9,-35.6,M,44.7,M,,*5F
11953 1627994038 0 7 $GNGGA,123357.000,4424.42089,N,00854.85709,E,1,10,0.9,-36.4,M,44.7,M,,*5B
11954 1627994039 0 7 $GNGGA,123358.000,4424.42124,N,00854.85825,E,1,10,0.9,-37.3,M,44.7,M,,*55
11955 1627994039 0 3 2.57 0.00
11956 1627994039 0 4 2.56 1.55
11957 1627994039 0 5 0.03
11958 1627994039 0 6 0.11
11959 1627994039 0 8 4.98 12.30 11.87
11960 1627994039 0 1 5.674
11961 1627994040 0 0 26.42 8.23 157.1 61.42 112.0 6.92 176.8 17.3 178.4 1.88 41.25 13.2
11962 1627994040 0 7 $GNGGA,123359.000,4424.42165,N,00854.85925,E,1,10,0.9,-38.1,M,44.7,M,,*5D
11963 1627994041 0 7 $GNGGA,123400.000,4424.42211,N,00854.86019,E,1,10,0.9,-38.8,M,44.7,M,,*5A
11964 1627994042 0 7 $GNGGA,123401.000,4424.42246,N,00854.86113,E,1,10,0.9,-39.6,M,44.7,M,,*5D
11965 1627994042 0 3 2.57 0.00
11966 1627994042 0 4 2.56 1.55
11967 1627994042 0 5 0.02
11968 1627994042 0 6 0.11
11969 1627994042 0 8 4.98 12.30 11.87
11970 1627994042 0 1 5.740
11971 1627994043 0 0 26.42 8.23 157.1 61.38 111.8 6.91 176.7 17.3 178.2 1.91 41.22 13.1
11972 1627994043 0 7 $GNGGA,123402.000,4424.42280,N,00854.86212,E,1,10,0.9,-40.3,M,44.7,M,,*5D
11973 1627994044 0 7 $GNGGA,123403.000,4424.42328,N,00854.86322,E,1,10,0.9,-40.8,M,44.7,M,,*56
11974 1627994045 0 7 $GNGGA,123404.000,4424.42374,N,00854.86430,E,1,10,0.9,-41.5,M,44.7,M,,*50
11975 1627994045 0 3 2.57 0.00
11976 1627994045 0 4 2.56 1.53
11977 1627994045 0 5 0.02
11978 1627994045 0 6 0.11
11979 1627994045 0 8 4.98 12.31 11.87
11980 1627994045 0 1 5.473
11981 1627994046 0 0 26.42 8.23 157.0 61.38 111.6 6.90 176.7 17.3 178.4 1.88 41.22 13.1
11982 1627994046 0 7 $GNGGA,123405.000,4424.42438,N,00854.86508,E,1,10,0.9,-41.4,M,44.7,M,,*55
11983 1627994047 0 7 $GNGGA,123406.000,4424.42505,N,00854.86582,E,1,10,0.9,-41.5,M,44.7,M,,*5A
11984 1627994048 0 7 $GNGGA,123407.000,4424.42573,N,00854.86665,E,1,10,0.9,-41.5,M,44.7,M,,*50
11985 1627994048 0 3 2.57 0.00
11986 1627994048 0 4 2.56 1.55
11987 1627994048 0 5 0.02
11988 1627994048 0 6 0.11
11989 1627994048 0 8 4.98 12.31 11.87
11990 1627994049 0 1 5.382
11991 1627994049 0 0 26.42 8.23 157.0 61.35 111.3 6.88 176.7 17.3 178.2 1.84 41.20 13.1
11992 1627994049 0 7 $GNGGA,123408.000,4424.42637,N,00854.86741,E,1,10,0.9,-41.3,M,44.7,M,,*5D
11993 1627994050 0 7 $GNGGA,123409.000,4424.42712,N,00854.86855,E,1,10,0.9,-41.5,M,44.7,M,,*56
11994 1627994051 0 7 $GNGGA,123410.000,4424.42801,N,00854.86964,E,1,10,0.9,-41.4,M,44.7,M,,*51
11995 1627994051 0 3 2.57 0.00
11996 1627994051 0 4 2.56 1.54
11997 1627994051 0 5 0.02
11998 1627994051 0 6 0.11
11999 1627994051 0 8 4.98 12.16 11.84
12000 1627994052 0 1 5.113
12001 1627994052 0 0 26.42 8.22 157.1 61.29 111.2 6.88 176.8 17.3 178.2 1.78 41.15 13.0
12002 1627994052 0 7 $GNGGA,123411.000,4424.42878,N,00854.87087,E,1,10,0.9,-41.4,M,44.7,M,,*5B
12003 1627994053 0 7 $GNGGA,123412.000,4424.42938,N,00854.87216,E,1,10,0.9,-40.9,M,44.7,M,,*5B
12004 1627994054 0 7 $GNGGA,123413.000,4424.43016,N,00854.87332,E,1,09,1.0,-39.8,M,44.7,M,,*56
12005 1627994054 0 3 2.57 0.00
12006 1627994054 0 4 2.56 1.55
12007 1627994054 0 5 0.02
12008 1627994054 0 6 0.18
12009 1627994054 0 8 4.98 12.17 11.87
12010 1627994054 0 1 4.873
12011 1627994055 0 0 26.44 8.22 157.1 61.33 111.1 6.87 176.5 17.3 178.0 1.71 41.18 13.0
12012 1627994055 0 7 $GNGGA,123414.000,4424.43067,N,00854.87450,E,1,09,1.0,-38.9,M,44.7,M,,*54
12013 1627994056 0 7 $GNGGA,123415.000,4424.43091,N,00854.87571,E,1,09,1.0,-38.3,M,44.7,M,,*54
12014 1627994057 0 7 $GNGGA,123416.000,4424.43175,N,00854.87674,E,1,09,1.0,-37.6,M,44.7,M,,*50
12015 1627994057 0 3 2.57 0.00
12016 1627994057 0 4 2.55 1.55
12017 1627994057 0 5 0.02
12018 1627994057 0 6 0.18
12019 1627994058 0 8 4.98 12.30 11.87
12020 1627994058 0 1 5.620
12021 1627994058 0 0 26.45 8.22 157.1 61.39 110.9 6.85 176.7 17.3 177.9 1.63 41.22 13.1
12022 1627994058 0 7 $GNGGA,123417.000,4424.43248,N,00854.87781,E,1,10,0.9,-36.8,M,44.7,M,,*58
12023 1627994059 0 7 $GNGGA,123418.000,4424.43322,N,00854.87905,E,1,10,0.9,-36.1,M,44.7,M,,*51
12024 1627994060 0 7 $GNGGA,123419.000,4424.43368,N,00854.88018,E,1,10,0.9,-35.4,M,44.7,M,,*52
12025 1627994060 0 3 2.57 0.00
12026 1627994060 0 4 2.55 1.55
12027 1627994060 0 5 0.02
12028 1627994060 0 6 0.16
12029 1627994060 0 8 4.98 12.15 11.84
12030 1627994060 0 1 4.605
12031 1627994061 0 0 26.46 8.23 157.1 61.41 110.8 6.85 176.3 17.3 177.5 1.58 41.24 13.1
12032 1627994061 0 7 $GNGGA,123420.000,4424.43395,N,00854.88113,E,1,10,0.9,-34.9,M,44.7,M,,*5C
12033 1627994062 0 7 $GNGGA,123421.000,4424.43423,N,00854.88181,E,1,10,0.9,-34.7,M,44.7,M,,*52
12034 1627994063 0 7 $GNGGA,123422.000,4424.43457,N,00854.88239,E,1,10,0.9,-34.0,M,44.7,M,,*55
12035 1627994063 0 3 2.57 0.00
12036 1627994063 0 4 2.55 1.55
12037 1627994063 0 5 0.02
12038 1627994063 0 6 0.17
12039 1627994063 0 8 4.98 12.31 11.87
12040 1627994063 0 1 4.691
12041 1627994064 0 0 26.45 8.22 157.1 61.37 110.7 6.84 176.7 17.3 177.7 1.52 41.21 13.1
12042 1627994064 0 7 $GNGGA,123423.000,4424.43511,N,00854.88320,E,1,10,0.9,-33.2,M,44.7,M,,*5B
12043 1627994065 0 7 $GNGGA,123424.000,4424.43558,N,00854.88399,E,1,10,0.9,-32.3,M,44.7,M,,*53
12044 1627994066 0 7 $GNGGA,123425.000,4424.43614,N,00854.88491,E,1,10,0.9,-31.5,M,44.7,M,,*53
12045 1627994066 0 3 2.57 0.00
12046 1627994066 0 4 2.55 1.55
12047 1627994066 0 5 0.02
12048 1627994066 0 6 0.11
12049 1627994066 0 8 4.98 12.30 11.84
12050 1627994066 0 1 4.557
12051 1627994067 0 0 26.44 8.22 157.2 61.43 110.6 6.84 176.8 17.3 177.7 1.47 41.26 13.0
12052 1627994067 0 7 $GNGGA,123426.000,4424.43704,N,00854.88601,E,1,10,0.9,-30.4,M,44.7,M,,*5B
12053 1627994068 0 7 $GNGGA,123427.000,4424.43789,N,00854.88695,E,1,10,0.9,-29.4,M,44.7,M,,*5A
12054 1627994069 0 7 $GNGGA,123428.000,4424.43880,N,00854.88815,E,1,10,0.9,-28.9,M,44.7,M,,*59
12055 1627994069 0 3 2.57 0.00
12056 1627994069 0 4 2.55 1.55
12057 1627994069 0 5 0.02
12058 1627994069 0 6 0.11
12059 1627994069 0 8 4.98 12.15 11.87
12060 1627994069 0 1 4.371
12061 1627994070 0 0 26.44 8.23 157.1 61.38 110.5 6.83 176.6 17.3 177.5 1.44 41.22 13.1
12062 1627994070 0 7 $GNGGA,123429.000,4424.43977,N,00854.88925,E,1,10,0.9,-28.3,M,44.7,M,,*59
12063 1627994071 0 7 $GNGGA,123430.000,4424.44075,N,00854.89040,E,1,10,0.9,-28.2,M,44.7,M,,*57
12064 1627994072 0 7 $GNGGA,123431.000,4424.44163,N,00854.89170,E,1,10,0.9,-28.2,M,44.7,M,,*52
12065 1627994072 0 3 2.57 0.00
12066 1627994072 0 4 2.55 1.55
12067 1627994072 0 5 0.02
12068 1627994072 0 6 0.11
12069 1627994072 0 8 4.98 12.30 11.87
12070 1627994072 0 1 3.980
12071 1627994073 0 0 26.44 8.23 157.0 61.43 110.4 6.82 176.6 17.3 177.6 1.39 41.26 13.2
12072 1627994073 0 7 $GNGGA,123432.000,4424.44237,N,00854.89276,E,1,10,0.9,-28.4,M,44.7,M,,*50
12073 1627994074 0 7 $GNGGA,123433.000,4424.44334,N,00854.89370,E,1,10,0.9,-28.2,M,44.7,M,,*52
12074 1627994075 0 7 $GNGGA,123434.000,4424.44450,N,00854.89487,E,1,10,0.9,-28.2,M,44.7,M,,*5F
12075 1627994075 0 3 2.57 0.00
12076 1627994075 0 4 2.55 1.55
12077 1627994075 0 5 0.02
12078 1627994075 0 6 0.11
12079 1627994075 0 8 4.98 12.29 11.87
12080 1627994075 0 1 4.312
12081 1627994076 0 0 26.43 8.23 157.1 61.36 110.3 6.82 176.9 17.3 177.6 1.38 41.21 13.2
12082 1627994076 0 7 $GNGGA,123435.000,4424.44576,N,00854.89624,E,1,10,0.9,-28.1,M,44.7,M,,*53
12083 1627994077 0 7 $GNGGA,123436.000,4424.44702,N,00854.89789,E,1,10,0.9,-28.5,M,44.7,M,,*53
12084 1627994078 0 7 $GNGGA,123437.000,4424.44840,N,00854.89901,E,1,10,0.9,-28.8,M,44.7,M,,*58
12085 1627994078 0 3 2.57 0.00
12086 1627994078 0 4 2.55 1.55
12087 1627994078 0 5 0.02
12088 1627994078 0 6 0.11
12089 1627994078 0 8 4.98 12.30 11.87
12090 1627994078 0 1 4.394
12091 1627994079 0 0 26.44 8.23 157.1 61.35 110.3 6.82 176.7 17.3 177.2 1.34 41.19 13.2
12092 1627994079 0 7 $GNGGA,123438.000,4424.44959,N,00854.90006,E,1,10,0.9,-29.2,M,44.7,M,,*53
12093 1627994080 0 7 $GNGGA,123439.000,4424.45113,N,00854.90092,E,1,10,0.9,-29.0,M,44.7,M,,*5A
12094 1627994081 0 7 $GNGGA,123440.000,4424.45231,N,00854.90186,E,1,10,0.9,-29.1,M,44.7,M,,*52
12095 1627994081 0 3 2.57 0.00
12096 1627994081 0 4 2.55 1.55
12097 1627994081 0 5 0.02
12098 1627994081 0 6 0.12
12099 1627994081 0 8 4.98 12.30 11.87
12100 1627994081 0 1 4.149
12101 1627994082 0 0 26.46 8.24 157.1 61.35 110.3 6.82 176.7 17.3 176.8 1.32 41.19 13.4
12102 1627994082 0 7 $GNGGA,123441.000,4424.45328,N,00854.90267,E,1,10,0.9,-29.4,M,44.7,M,,*53
12103 1627994083 0 7 $GNGGA,123442.000,4424.45475,N,00854.90335,E,1,10,0.9,-29.3,M,44.7,M,,*5E
12104 1627994084 0 7 $GNGGA,123443.000,4424.45594,N,00854.90400,E,1,10,0.9,-29.3,M,44.7,M,,*50
12105 1627994084 0 3 2.57 0.00
12106 1627994084 0 4 2.55 1.55
12107 1627994084 0 5 0.02
12108 1627994084 0 6 0.11
12109 1627994084 0 8 4.98 12.30 11.87
12110 1627994084 0 1 4.967
12111 1627994085 0 0 26.45 8.23 157.0 61.48 110.4 6.82 176.6 17.3 177.7 1.31 41.29 13.2
12112 1627994085 0 7 $GNGGA,123444.000,4424.45696,N,00854.90455,E,1,10,0.9,-29.5,M,44.7,M,,*50
12113 1627994086 0 7 $GNGGA,123445.000,4424.45824,N,00854.90504,E,1,10,0.9,-29.0,M,44.7,M,,*56
12114 1627994087 0 7 $GNGGA,123446.000,4424.45952,N,00854.90558,E,1,11,0.9,-29.3,M,44.7,M,,*5E
12115 1627994087 0 3 2.57 0.00
12116 1627994087 0 4 2.55 1.55
12117 1627994087 0 5 0.02
12118 1627994087 0 6 0.12
12119 1627994087 0 8 4.98 12.31 11.87
12120 1627994087 0 1 3.984
12121 1627994088 0 0 26.47 8.23 157.0 61.33 110.4 6.82 176.3 17.3 176.3 1.34 41.18 13.4
12122 1627994088 0 7 $GNGGA,123447.000,4424.46075,N,00854.90619,E,1,11,0.9,-28.5,M,44.7,M,,*51
12123 1627994089 0 7 $GNGGA,123448.000,4424.46195,N,00854.90699,E,1,11,0.9,-27.9,M,44.7,M,,*5A
12124 1627994090 0 7 $GNGGA,123449.000,4424.46296,N,00854.90762,E,1,11,0.9,-27.4,M,44.7,M,,*53
12125 1627994090 0 3 2.57 0.00
12126 1627994090 0 4 2.55 1.55
12127 1627994090 0 5 0.02
12128 1627994090 0 6 0.11
12129 1627994091 0 8 4.98 12.31 11.84
12130 1627994091 0 1 4.132
12131 1627994091 0 0 26.48 8.24 157.0 61.37 110.4 6.82 176.0 17.4 176.9 1.40 41.21 13.5
12132 1627994091 0 7 $GNGGA,123450.000,4424.46386,N,00854.90813,E,1,11,0.9,-26.9,M,44.7,M,,*5E
12133 1627994092 0 7 $GNGGA,123451.000,4424.46451,N,00854.90852,E,1,11,0.9,-26.8,M,44.7,M,,*56
12134 1627994093 0 7 $GNGGA,123452.000,4424.46523,N,00854.90876,E,1,11,0.9,-26.9,M,44.7,M,,*56
12135 1627994093 0 3 2.57 0.00
12136 1627994093 0 4 2.55 1.55
12137 1627994093 0 5 0.02
12138 1627994093 0 6 0.11
12139 1627994093 0 8 4.98 12.31 11.89
12140 1627994093 0 1 4.167
12141 1627994094 0 0 26.47 8.23 157.0 61.40 110.5 6.83 176.0 17.4 176.1 1.50 41.23 13.2
12142 1627994094 0 7 $GNGGA,123453.000,4424.46611,N,00854.90933,E,1,11,0.9,-26.8,M,44.7,M,,*54
12143 1627994095 0 7 $GNGGA,123454.000,4424.46697,N,00854.90998,E,1,11,0.9,-26.7,M,44.7,M,,*53
12144 1627994096 0 7 $GNGGA,123455.000,4424.46806,N,00854.91054,E,1,11,0.9,-26.4,M,44.7,M,,*5F
12145 1627994096 0 3 2.57 0.00
12146 1627994096 0 4 2.55 1.55
12147 1627994096 0 5 0.02
12148 1627994096 0 6 0.11
12149 1627994096 0 8 4.98 12.31 11.87
12150 1627994096 0 1 4.175
12151 1627994097 0 0 26.48 8.23 156.9 61.43 110.6 6.83 176.0 17.4 175.9 1.61 41.25 13.3
12152 1627994097 0 7 $GNGGA,123456.000,4424.46918,N,00854.91108,E,1,11,0.9,-26.1,M,44.7,M,,*5F
12153 1627994098 0 7 $GNGGA,123457.000,4424.47027,N,00854.91145,E,1,11,0.9,-25.6,M,44.7,M,,*57
12154 1627994099 0 7 $GNGGA,123458.000,4424.47112,N,00854.91145,E,1,11,0.9,-25.1,M,44.7,M,,*58
12155 1627994099 0 3 2.57 0.00
12156 1627994099 0 4 2.56 1.55
12157 1627994099 0 5 0.02
12158 1627994099 0 6 0.18
12159 1627994099 0 8 4.98 12.31 11.87
12160 1627994099 0 1 4.193
12161 1627994100 0 0 26.45 8.23 157.0 61.37 110.6 6.84 176.5 17.3 176.8 1.73 41.21 13.1
12162 1627994100 0 7 $GNGGA,123459.000,4424.47207,N,00854.91135,E,1,11,0.9,-24.4,M,44.7,M,,*5D
12163 1627994101 0 7 $GNGGA,123500.000,4424.47302,N,00854.91116,E,1,11,0.9,-24.1,M,44.7,M,,*50
12164 1627994102 0 7 $GNGGA,123501.000,4424.47383,N,00854.91070,E,1,11,0.9,-23.6,M,44.7,M,,*59
12165 1627994102 0 3 2.57 0.00
12166 1627994102 0 4 2.56 1.54
12167 1627994102 0 5 0.02
12168 1627994102 0 6 0.17
12169 1627994102 0 8 4.98 12.31 11.87
12170 1627994102 0 1 4.828
12171 1627994103 0 0 26.43 8.22 157.1 61.30 110.7 6.85 176.7 17.3 176.4 1.85 41.16 12.9
12172 1627994103 0 7 $GNGGA,123502.000,4424.47444,N,00854.91021,E,1,11,0.9,-23.2,M,44.7,M,,*56
12173 1627994104 0 7 $GNGGA,123503.000,4424.47505,N,00854.90976,E,1,11,0.9,-23.1,M,44.7,M,,*5A
12174 1627994105 0 7 $GNGGA,123504.000,4424.47603,N,00854.90989,E,1,11,0.9,-22.8,M,44.7,M,,*50
12175 1627994105 0 3 2.57 0.00
12176 1627994105 0 4 2.56 1.54
12177 1627994105 0 5 0.02
12178 1627994105 0 6 0.12
12179 1627994105 0 8 4.98 12.31 11.87
12180 1627994105 0 1 4.834
12181 1627994106 0 0 26.44 8.22 157.1 61.39 110.7 6.84 176.6 17.3 176.5 1.99 41.23 12.9
12182 1627994106 0 7 $GNGGA,123505.000,4424.47702,N,00854.90996,E,1,11,0.9,-22.8,M,44.7,M,,*5F
12183 1627994107 0 7 $GNGGA,123506.000,4424.47809,N,00854.91004,E,1,11,0.9,-23.5,M,44.7,M,,*57
12184 1627994108 0 7 $GNGGA,123507.000,4424.47862,N,00854.91038,E,1,11,0.9,-24.6,M,44.7,M,,*50
12185 1627994108 0 3 2.57 0.00
12186 1627994108 0 4 2.56 1.54
12187 1627994108 0 5 0.02
12188 1627994108 0 6 0.12
12189 1627994108 0 8 4.98 12.31 11.87
12190 1627994108 0 1 5.500
12191 1627994109 0 0 26.43 8.22 157.2 61.43 110.6 6.84 176.7 17.3 176.8 2.10 41.25 12.8
12192 1627994109 0 7 $GNGGA,123508.000,4424.47926,N,00854.91075,E,1,11,0.9,-25.5,M,44.7,M,,*55
12193 1627994109 0 2 0.05200000 3.87540006 1.49039993 0.02980000 2.69470000 0.00380000 0.05960000 0.23029999 1.00000000 87.17299652
12194 1627994110 0 7 $GNGGA,123509.000,4424.47994,N,00854.91093,E,1,11,0.9,-26.2,M,44.7,M,,*51
12195 1627994111 0 7 $GNGGA,123510.000,4424.48046,N,00854.91095,E,1,11,0.9,-26.5,M,44.7,M,,*51
12196 1627994111 0 3 2.57 0.00
12197 1627994111 0 4 2.56 1.54
12198 1627994111 0 5 0.02
12199 1627994111 0 6 0.11
12200 1627994111 0 8 4.98 12.30 11.87
12201 1627994112 0 1 5.722
12202 1627994112 0 0 26.43 8.22 157.2 61.43 110.5 6.83 176.9 17.3 176.5 2.13 41.26 12.9
12203 1627994112 0 7 $GNGGA,123511.000,4424.48120,N,00854.91113,E,1,11,0.9,-26.8,M,44.7,M,,*53
12204 1627994113 0 7 $GNGGA,123512.000,4424.48198,N,00854.91107,E,1,11,0.9,-26.5,M,44.7,M,,*5B
12205 1627994114 0 7 $GNGGA,123513.000,4424.48275,N,00854.91104,E,1,11,0.9,-26.0,M,44.7,M,,*5C
12206 1627994114 0 3 2.57 0.00
12207 1627994114 0 4 2.56 1.53
12208 1627994114 0 5 0.03
12209 1627994114 0 6 0.12
12210 1627994114 0 8 4.98 12.30 11.87
12211 1627994114 0 1 5.949
12212 1627994115 0 0 26.43 8.22 157.2 61.39 110.5 6.83 176.9 17.3 176.4 2.17 41.23 12.8
12213 1627994115 0 7 $GNGGA,123514.000,4424.48361,N,00854.91107,E,1,11,0.9,-25.6,M,44.7,M,,*59
12214 1627994116 0 7 $GNGGA,123515.000,4424.48455,N,00854.91120,E,1,11,0.9,-25.0,M,44.7,M,,*5B
12215 1627994117 0 7 $GNGGA,123516.000,4424.48554,N,00854.91138,E,1,11,0.9,-24.5,M,44.7,M,,*55
12216 1627994117 0 3 2.57 0.00
12217 1627994117 0 4 2.56 1.53
12218 1627994117 0 5 0.02
12219 1627994117 0 6 0.13
12220 1627994118 0 8 4.98 12.30 11.87
12221 1627994118 0 1 5.431
12222 1627994118 0 0 26.43 8.22 157.2 61.33 110.4 6.82 176.8 17.3 176.2 2.19 41.18 12.8
12223 1627994118 0 7 $GNGGA,123517.000,4424.48660,N,00854.91159,E,1,11,0.9,-23.8,M,44.7,M,,*5D
12224 1627994119 0 7 $GNGGA,123518.000,4424.48776,N,00854.91191,E,1,11,0.9,-23.2,M,44.7,M,,*5A
12225 1627994120 0 7 $GNGGA,123519.000,4424.48889,N,00854.91210,E,1,11,0.9,-22.6,M,44.7,M,,*5B
12226 1627994120 0 3 2.57 0.00
12227 1627994120 0 4 2.56 1.53
12228 1627994120 0 5 0.02
12229 1627994120 0 6 0.11
12230 1627994120 0 8 4.98 12.30 11.87
12231 1627994121 0 1 5.946
12232 1627994121 0 0 26.44 8.22 157.2 61.36 110.3 6.82 176.6 17.3 176.3 2.20 41.21 12.8
12233 1627994121 0 7 $GNGGA,123520.000,4424.49002,N,00854.91218,E,1,11,0.9,-22.1,M,44.7,M,,*54
12234 1627994122 0 7 $GNGGA,123521.000,4424.49105,N,00854.91214,E,1,11,0.9,-21.6,M,44.7,M,,*5B
12235 1627994123 0 7 $GNGGA,123522.000,4424.49196,N,00854.91169,E,1,11,0.9,-21.8,M,44.7,M,,*55
12236 1627994123 0 3 2.57 0.00
12237 1627994123 0 4 2.56 1.53
12238 1627994123 0 5 0.03
12239 1627994123 0 6 0.11
12240 1627994123 0 8 4.98 12.31 11.87
12241 1627994124 0 1 5.942
12242 1627994124 0 0 26.45 8.22 157.2 61.37 110.2 6.81 176.8 17.3 176.2 2.21 41.21 12.9
12243 1627994124 0 7 $GNGGA,123523.000,4424.49311,N,00854.91092,E,1,11,0.9,-22.5,M,44.7,M,,*52
12244 1627994125 0 7 $GNGGA,123524.000,4424.49412,N,00854.91052,E,1,11,0.9,-23.0,M,44.7,M,,*59
12245 1627994126 0 7 $GNGGA,123525.000,4424.49491,N,00854.91012,E,1,11,0.9,-23.1,M,44.7,M,,*56
12246 1627994126 0 3 2.57 0.00
12247 1627994126 0 4 2.56 1.53
12248 1627994126 0 5 0.03
12249 1627994126 0 6 0.10
12250 1627994126 0 8 4.98 12.31 11.87
12251 1627994127 0 1 5.458
12252 1627994127 0 0 26.44 8.22 157.2 61.37 110.1 6.81 176.7 17.3 176.2 2.21 41.21 12.9
12253 1627994127 0 7 $GNGGA,123526.000,4424.49560,N,00854.90978,E,1,11,0.9,-23.6,M,44.7,M,,*59
12254 1627994128 0 7 $GNGGA,123527.000,4424.49635,N,00854.90942,E,1,10,1.0,-23.9,M,44.7,M,,*54
12255 1627994129 0 7 $GNGGA,123528.000,4424.49695,N,00854.90889,E,1,10,1.0,-24.1,M,44.7,M,,*58
12256 1627994129 0 3 2.57 0.00
12257 1627994129 0 4 2.56 1.53
12258 1627994129 0 5 0.02
12259 1627994129 0 6 0.12
12260 1627994129 0 8 4.98 12.31 11.87
12261 1627994130 0 1 6.586
12262 1627994130 0 0 26.46 8.22 157.2 61.40 110.0 6.80 176.7 17.3 176.1 2.22 41.24 13.0
12263 1627994130 0 7 $GNGGA,123529.000,4424.49757,N,00854.90841,E,1,10,1.0,-24.1,M,44.7,M,,*52
12264 1627994131 0 7 $GNGGA,123530.000,4424.49834,N,00854.90815,E,1,10,1.0,-24.1,M,44.7,M,,*51
12265 1627994132 0 7 $GNGGA,123531.000,4424.49917,N,00854.90777,E,1,11,0.9,-24.4,M,44.7,M,,*57
12266 1627994132 0 3 2.57 0.00
12267 1627994132 0 4 2.56 1.53
12268 1627994132 0 5 0.02
12269 1627994132 0 6 0.13
12270 1627994132 0 8 4.98 12.30 11.87
12271 1627994133 0 1 6.335
12272 1627994133 0 0 26.46 8.22 157.2 61.36 110.0 6.80 176.8 17.3 176.3 2.20 41.20 12.9
12273 1627994133 0 7 $GNGGA,123532.000,4424.49994,N,00854.90727,E,1,11,0.9,-24.9,M,44.7,M,,*57
12274 1627994134 0 7 $GNGGA,123533.000,4424.50081,N,00854.90680,E,1,11,0.9,-25.3,M,44.7,M,,*54
12275 1627994135 0 7 $GNGGA,123534.000,4424.50180,N,00854.90655,E,1,11,0.9,-25.3,M,44.7,M,,*5B
12276 1627994135 0 3 2.57 0.00
12277 1627994135 0 4 2.56 1.55
12278 1627994135 0 5 0.02
12279 1627994135 0 6 0.13
12280 1627994135 0 8 4.98 12.30 11.87
12281 1627994136 0 1 5.626
12282 1627994136 0 0 26.46 8.22 157.2 61.38 110.0 6.80 176.8 17.3 176.1 2.18 41.22 12.9
12283 1627994136 0 7 $GNGGA,123535.000,4424.50273,N,00854.90635,E,1,11,0.9,-25.1,M,44.7,M,,*51
12284 1627994137 0 7 $GNGGA,123536.000,4424.50356,N,00854.90595,E,1,11,0.9,-25.3,M,44.7,M,,*5F
12285 1627994138 0 7 $GNGGA,123537.000,4424.50429,N,00854.90546,E,1,11,0.9,-25.6,M,44.7,M,,*5A
12286 1627994138 0 3 2.57 0.00
12287 1627994138 0 4 2.56 1.56
12288 1627994138 0 5 0.02
12289 1627994138 0 6 0.11
12290 1627994138 0 8 4.98 12.31 11.87
12291 1627994139 0 1 6.910
12292 1627994139 0 0 26.46 8.23 157.2 61.39 109.9 6.79 176.6 17.3 176.3 2.15 41.23 13.1
12293 1627994139 0 7 $GNGGA,123538.000,4424.50500,N,00854.90486,E,1,10,1.0,-25.9,M,44.7,M,,*54
12294 1627994140 0 7 $GNGGA,123539.000,4424.50573,N,00854.90391,E,1,10,1.0,-26.3,M,44.7,M,,*59
12295 1627994141 0 7 $GNGGA,123540.000,4424.50634,N,00854.90282,E,1,10,1.0,-26.5,M,44.7,M,,*52
12296 1627994141 0 3 2.57 0.00
12297 1627994141 0 4 2.56 1.56
12298 1627994141 0 5 0.02
12299 1627994141 0 6 0.11
12300 1627994141 0 8 4.98 12.34 11.87
12301 1627994142 0 0 26.47 8.23 157.2 61.45 109.9 6.79 176.5 17.3 175.9 2.06 41.28 13.2
12302 1627994142 0 7 $GNGGA,123541.000,4424.50695,N,00854.90173,E,1,10,1.0,-26.4,M,44.7,M,,*54
12303 1627994143 0 7 $GNGGA,123542.000,4424.50754,N,00854.90085,E,1,10,1.0,-26.5,M,44.7,M,,*52
12304 1627994144 0 7 $GNGGA,123543.000,4424.50816,N,00854.90030,E,1,10,1.0,-26.2,M,44.7,M,,*53
12305 1627994144 0 3 2.57 0.00
12306 1627994144 0 4 2.56 1.56
12307 1627994144 0 5 0.02
12308 1627994144 0 6 0.11
12309 1627994144 0 8 4.98 12.34 11.87
12310 1627994145 0 0 26.47 8.23 157.1 61.36 109.9 6.79 176.7 17.3 176.1 1.96 41.20 13.2
12311 1627994145 0 7 $GNGGA,123544.000,4424.50891,N,00854.89987,E,1,10,1.0,-25.7,M,44.7,M,,*50
12312 1627994146 0 7 $GNGGA,123545.000,4424.50977,N,00854.89927,E,1,10,1.0,-25.2,M,44.7,M,,*57
12313 1627994147 0 7 $GNGGA,123546.000,4424.51052,N,00854.89855,E,1,10,1.0,-24.6,M,44.7,M,,*5A
12314 1627994147 0 3 2.57 0.00
12315 1627994147 0 4 2.56 1.56
12316 1627994147 0 5 0.03
12317 1627994147 0 6 0.11
12318 1627994147 0 8 4.98 12.34 11.87
12319 1627994148 0 0 26.47 8.22 157.2 61.45 109.9 6.79 176.7 17.3 176.1 1.80 41.27 13.0
12320 1627994148 0 7 $GNGGA,123547.000,4424.51107,N,00854.89788,E,1,11,0.9,-23.6,M,44.7,M,,*5B
12321 1627994149 0 7 $GNGGA,123548.000,4424.51168,N,00854.89719,E,1,11,0.9,-23.0,M,44.7,M,,*53
12322 1627994150 0 7 $GNGGA,123549.000,4424.51230,N,00854.89633,E,1,11,0.9,-22.4,M,44.7,M,,*50
12323 1627994150 0 3 2.57 0.00
12324 1627994150 0 4 2.56 1.56
12325 1627994150 0 5 0.02
12326 1627994150 0 6 0.11
12327 1627994150 0 8 4.98 12.36 11.87
12328 1627994151 0 0 26.46 8.22 157.2 61.40 109.9 6.79 176.9 17.3 176.1 1.64 41.23 12.9
12329 1627994151 0 7 $GNGGA,123550.000,4424.51300,N,00854.89554,E,1,11,0.9,-22.0,M,44.7,M,,*5C
12330 1627994151 0 1 5.118
12331 1627994152 0 7 $GNGGA,123551.000,4424.51361,N,00854.89459,E,1,11,0.9,-21.2,M,44.7,M,,*57
12332 1627994153 0 7 $GNGGA,123552.000,4424.51435,N,00854.89372,E,1,11,0.9,-20.6,M,44.7,M,,*59
12333 1627994153 0 3 2.57 0.00
12334 1627994153 0 4 2.56 1.56
12335 1627994153 0 5 0.02
12336 1627994153 0 6 0.11
12337 1627994153 0 8 4.98 12.30 11.87
12338 1627994154 0 1 5.749
12339 1627994154 0 0 26.46 8.22 157.2 61.47 109.9 6.79 176.7 17.2 176.7 1.58 41.29 12.9
12340 1627994154 0 7 $GNGGA,123553.000,4424.51524,N,00854.89331,E,1,11,0.9,-20.4,M,44.7,M,,*5C
12341 1627994155 0 7 $GNGGA,123554.000,4424.51595,N,00854.89265,E,1,11,0.9,-19.9,M,44.7,M,,*56
12342 1627994156 0 7 $GNGGA,123555.000,4424.51680,N,00854.89194,E,1,11,0.9,-19.4,M,44.7,M,,*50
12343 1627994156 0 3 2.57 0.00
12344 1627994156 0 4 2.56 1.57
12345 1627994156 0 5 0.02
12346 1627994156 0 6 0.12
12347 1627994156 0 8 4.98 12.31 11.84
12348 1627994157 0 1 6.596
12349 1627994157 0 0 26.46 8.22 157.3 61.37 109.9 6.79 177.0 17.3 176.5 1.54 41.21 12.9
12350 1627994157 0 7 $GNGGA,123556.000,4424.51756,N,00854.89134,E,1,11,0.9,-18.9,M,44.7,M,,*5F
12351 1627994158 0 7 $GNGGA,123557.000,4424.51833,N,00854.89079,E,1,11,0.9,-18.6,M,44.7,M,,*55
12352 1627994159 0 7 $GNGGA,123558.000,4424.51912,N,00854.89019,E,1,11,0.9,-18.3,M,44.7,M,,*5B
12353 1627994159 0 3 2.57 0.00
12354 1627994159 0 4 2.56 1.57
12355 1627994159 0 5 0.02
12356 1627994159 0 6 0.12
12357 1627994159 0 8 4.98 12.31 11.87
12358 1627994160 0 1 5.983
12359 1627994160 0 0 26.46 8.22 157.3 61.43 109.9 6.79 176.9 17.2 176.4 1.52 41.26 12.8
12360 1627994160 0 7 $GNGGA,123559.000,4424.51987,N,00854.88958,E,1,11,0.9,-18.3,M,44.7,M,,*5B
12361 1627994161 0 7 $GNGGA,123600.000,4424.52075,N,00854.88918,E,1,11,0.9,-18.2,M,44.7,M,,*56
12362 1627994162 0 7 $GNGGA,123601.000,4424.52154,N,00854.88856,E,1,11,0.9,-18.3,M,44.7,M,,*5F
12363 1627994162 0 3 2.57 0.00
12364 1627994162 0 4 2.56 1.57
12365 1627994162 0 5 0.02
12366 1627994162 0 6 0.11
12367 1627994163 0 8 4.98 12.31 11.87
12368 1627994163 0 1 6.977
12369 1627994163 0 0 26.45 8.22 157.3 61.49 109.9 6.79 177.0 17.2 176.8 1.53 41.30 12.8
12370 1627994163 0 7 $GNGGA,123602.000,4424.52216,N,00854.88771,E,1,11,0.9,-18.2,M,44.7,M,,*52
12371 1627994164 0 7 $GNGGA,123603.000,4424.52270,N,00854.88690,E,1,11,0.9,-18.2,M,44.7,M,,*5D
12372 1627994165 0 7 $GNGGA,123604.000,4424.52320,N,00854.88659,E,1,11,0.9,-18.0,M,44.7,M,,*59
12373 1627994165 0 3 2.57 0.00
12374 1627994165 0 4 2.56 1.57
12375 1627994165 0 5 0.02
12376 1627994165 0 6 0.13
12377 1627994165 0 8 4.98 12.30 11.87
12378 1627994166 0 1 6.034
12379 1627994166 0 0 26.44 8.22 157.3 61.31 109.8 6.79 177.2 17.2 176.5 1.54 41.17 12.8
12380 1627994166 0 7 $GNGGA,123605.000,4424.52390,N,00854.88606,E,1,11,0.9,-18.0,M,44.7,M,,*59
12381 1627994167 0 7 $GNGGA,123606.000,4424.52475,N,00854.88539,E,1,11,0.9,-18.2,M,44.7,M,,*5B
12382 1627994168 0 7 $GNGGA,123607.000,4424.52570,N,00854.88450,E,1,11,0.9,-18.8,M,44.7,M,,*5A
12383 1627994168 0 3 2.57 0.00
12384 1627994168 0 4 2.56 1.57
12385 1627994168 0 5 0.02
12386 1627994168 0 6 0.12
12387 1627994169 0 8 4.98 12.31 11.87
12388 1627994169 0 1 6.180
12389 1627994169 0 0 26.44 8.22 157.3 61.31 109.8 6.79 177.2 17.2 176.4 1.59 41.17 12.9
12390 1627994169 0 7 $GNGGA,123608.000,4424.52645,N,00854.88384,E,1,11,0.9,-18.7,M,44.7,M,,*51
12391 1627994170 0 7 $GNGGA,123609.000,4424.52724,N,00854.88275,E,1,11,0.9,-19.0,M,44.7,M,,*5F
12392 1627994171 0 7 $GNGGA,123610.000,4424.52802,N,00854.88187,E,1,11,0.9,-19.1,M,44.7,M,,*53
12393 1627994171 0 3 2.57 0.00
12394 1627994171 0 4 2.56 1.57
12395 1627994171 0 5 0.02
12396 1627994171 0 6 0.13
12397 1627994171 0 8 4.98 12.16 11.84
12398 1627994172 0 1 6.558
12399 1627994172 0 0 26.44 8.22 157.3 61.40 109.7 6.78 177.2 17.2 176.6 1.66 41.24 12.8
12400 1627994172 0 7 $GNGGA,123611.000,4424.52839,N,00854.88055,E,1,11,0.9,-18.7,M,44.7,M,,*53
12401 1627994173 0 7 $GNGGA,123612.000,4424.52875,N,00854.87962,E,1,11,0.9,-18.3,M,44.7,M,,*5E
12402 1627994174 0 7 $GNGGA,123613.000,4424.52909,N,00854.87858,E,1,11,0.9,-17.9,M,44.7,M,,*58
12403 1627994174 0 3 2.57 0.00
12404 1627994174 0 4 2.56 1.57
12405 1627994174 0 5 0.02
12406 1627994174 0 6 0.12
12407 1627994174 0 8 4.98 12.30 11.87
12408 1627994175 0 1 6.602
12409 1627994175 0 0 26.44 8.22 157.3 61.41 109.6 6.78 177.1 17.2 176.2 1.68 41.24 12.8
12410 1627994175 0 7 $GNGGA,123614.000,4424.52970,N,00854.87751,E,1,11,0.9,-17.7,M,44.7,M,,*59
12411 1627994176 0 7 $GNGGA,123615.000,4424.53008,N,00854.87671,E,1,11,0.9,-17.1,M,44.7,M,,*5A
12412 1627994177 0 7 $GNGGA,123616.000,4424.53053,N,00854.87571,E,1,11,0.9,-16.7,M,44.7,M,,*53
12413 1627994177 0 3 2.57 0.00
12414 1627994177 0 4 2.56 1.57
12415 1627994177 0 5 0.02
12416 1627994177 0 6 0.11
12417 1627994177 0 8 4.98 12.30 11.87
12418 1627994178 0 1 5.895
12419 1627994178 0 0 26.44 8.22 157.2 61.37 109.6 6.77 177.1 17.2 176.7 1.74 41.21 12.8
12420 1627994178 0 7 $GNGGA,123617.000,4424.53097,N,00854.87489,E,1,11,0.9,-16.3,M,44.7,M,,*58
12421 1627994179 0 7 $GNGGA,123618.000,4424.53157,N,00854.87392,E,1,11,0.9,-15.9,M,44.7,M,,*5E
12422 1627994180 0 7 $GNGGA,123619.000,4424.53205,N,00854.87309,E,1,11,0.9,-15.3,M,44.7,M,,*53
12423 1627994180 0 3 2.57 0.00
12424 1627994180 0 4 2.56 1.56
12425 1627994180 0 5 0.02
12426 1627994180 0 6 0.13
12427 1627994180 0 8 4.98 12.16 11.84
12428 1627994181 0 1 6.089
12429 1627994181 0 0 26.43 8.22 157.3 61.43 109.6 6.77 177.2 17.2 176.5 1.84 41.26 12.8
12430 1627994181 0 7 $GNGGA,123620.000,4424.53273,N,00854.87232,E,1,11,0.9,-15.2,M,44.7,M,,*50
12431 1627994182 0 7 $GNGGA,123621.000,4424.53339,N,00854.87192,E,1,11,0.9,-14.8,M,44.7,M,,*5C
12432 1627994183 0 7 $GNGGA,123622.000,4424.53392,N,00854.87116,E,1,11,0.9,-14.8,M,44.7,M,,*52
12433 1627994183 0 3 2.57 0.00
12434 1627994183 0 4 2.56 1.56
12435 1627994183 0 5 0.02
12436 1627994183 0 6 0.12
12437 1627994183 0 8 4.98 12.31 11.87
12438 1627994184 0 1 6.705
12439 1627994184 0 0 26.41 8.21 157.3 61.27 109.5 6.77 177.4 17.2 176.7 1.87 41.13 12.7
12440 1627994184 0 7 $GNGGA,123623.000,4424.53450,N,00854.87040,E,1,11,0.9,-15.0,M,44.7,M,,*51
12441 1627994185 0 7 $GNGGA,123624.000,4424.53514,N,00854.86976,E,1,11,0.9,-14.8,M,44.7,M,,*53
12442 1627994186 0 7 $GNGGA,123625.000,4424.53579,N,00854.86928,E,1,11,0.9,-14.6,M,44.7,M,,*5C
12443 1627994186 0 3 2.57 0.00
12444 1627994186 0 4 2.56 1.56
12445 1627994186 0 5 0.02
12446 1627994186 0 6 0.11
12447 1627994186 0 8 4.98 12.31 11.84
12448 1627994187 0 1 6.048
12449 1627994187 0 0 26.41 8.21 157.3 61.35 109.4 6.76 177.3 17.2 176.8 1.87 41.20 12.7
12450 1627994187 0 7 $GNGGA,123626.000,4424.53647,N,00854.86894,E,1,11,0.9,-14.4,M,44.7,M,,*55
12451 1627994188 0 7 $GNGGA,123627.000,4424.53724,N,00854.86880,E,1,11,0.9,-14.0,M,44.7,M,,*51
12452 1627994189 0 7 $GNGGA,123628.000,4424.53808,N,00854.86862,E,1,11,0.9,-13.8,M,44.7,M,,*5C
12453 1627994189 0 3 2.57 0.00
12454 1627994189 0 4 2.56 1.56
12455 1627994189 0 5 0.02
12456 1627994189 0 6 0.12
12457 1627994189 0 8 4.98 12.15 11.84
12458 1627994190 0 1 6.744
12459 1627994190 0 0 26.41 8.21 157.3 61.35 109.3 6.76 177.0 17.2 176.7 1.91 41.19 12.7
12460 1627994190 0 7 $GNGGA,123629.000,4424.53905,N,00854.86816,E,1,11,0.9,-13.7,M,44.7,M,,*5D
12461 1627994191 0 7 $GNGGA,123630.000,4424.53993,N,00854.86792,E,1,11,0.9,-13.5,M,44.7,M,,*5B
12462 1627994192 0 7 $GNGGA,123631.000,4424.54061,N,00854.86763,E,1,11,0.9,-13.3,M,44.7,M,,*51
12463 1627994192 0 3 2.57 0.00
12464 1627994192 0 4 2.56 1.59
12465 1627994192 0 5 0.02
12466 1627994192 0 6 0.13
12467 1627994192 0 8 4.98 12.29 11.87
12468 1627994193 0 1 5.972
12469 1627994193 0 0 26.42 8.21 157.3 61.39 109.2 6.75 177.1 17.2 176.4 1.97 41.23 12.7
12470 1627994193 0 7 $GNGGA,123632.000,4424.54135,N,00854.86741,E,1,11,0.9,-12.8,M,44.7,M,,*58
12471 1627994194 0 7 $GNGGA,123633.000,4424.54218,N,00854.86746,E,1,11,0.9,-12.3,M,44.7,M,,*59
12472 1627994195 0 7 $GNGGA,123634.000,4424.54313,N,00854.86732,E,1,11,0.9,-11.8,M,44.7,M,,*5F
12473 1627994195 0 3 2.57 0.00
12474 1627994195 0 4 2.56 1.59
12475 1627994195 0 5 0.02
12476 1627994196 0 6 0.12
12477 1627994196 0 8 4.98 12.30 11.87
12478 1627994196 0 1 6.262
12479 1627994196 0 0 26.40 8.21 157.4 61.38 109.2 6.75 177.2 17.2 176.6 1.99 41.22 12.7
12480 1627994196 0 7 $GNGGA,123635.000,4424.54393,N,00854.86697,E,1,11,0.9,-11.5,M,44.7,M,,*55
12481 1627994197 0 7 $GNGGA,123636.000,4424.54452,N,00854.86646,E,1,11,0.9,-11.2,M,44.7,M,,*57
12482 1627994198 0 7 $GNGGA,123637.000,4424.54500,N,00854.86590,E,1,11,0.9,-11.0,M,44.7,M,,*5A
12483 1627994198 0 3 2.57 0.00
12484 1627994198 0 4 2.56 1.59
12485 1627994198 0 5 0.02
12486 1627994198 0 6 0.11
12487 1627994198 0 8 4.98 12.31 11.87
12488 1627994199 0 1 5.986
12489 1627994199 0 0 26.40 8.21 157.3 61.39 109.1 6.75 177.0 17.2 176.2 2.00 41.23 12.7
12490 1627994199 0 7 $GNGGA,123638.000,4424.54532,N,00854.86508,E,1,11,0.9,-11.0,M,44.7,M,,*55
12491 1627994200 0 7 $GNGGA,123639.000,4424.54565,N,00854.86430,E,1,11,0.9,-10.7,M,44.7,M,,*5A
12492 1627994201 0 7 $GNGGA,123640.000,4424.54600,N,00854.86311,E,1,11,0.9,-10.4,M,44.7,M,,*53
12493 1627994201 0 3 2.57 0.00
12494 1627994201 0 4 2.56 1.59
12495 1627994201 0 5 0.02
12496 1627994201 0 6 0.13
12497 1627994201 0 8 4.98 12.30 11.87
12498 1627994202 0 1 6.009
12499 1627994202 0 0 26.42 8.21 157.2 61.41 109.1 6.74 177.0 17.2 176.0 2.08 41.24 12.7
12500 1627994202 0 7 $GNGGA,123641.000,4424.54661,N,00854.86175,E,1,11,0.9,-10.3,M,44.7,M,,*52
12501 1627994203 0 7 $GNGGA,123642.000,4424.54735,N,00854.86051,E,1,11,0.9,-9.9,M,44.7,M,,*64
12502 1627994204 0 7 $GNGGA,123643.000,4424.54834,N,00854.85979,E,1,11,0.9,-9.4,M,44.7,M,,*66
12503 1627994204 0 3 2.57 0.00
12504 1627994204 0 4 2.56 1.59
12505 1627994204 0 5 0.02
12506 1627994204 0 6 0.12
12507 1627994204 0 8 4.98 12.30 11.87
12508 1627994205 0 1 5.616
12509 1627994205 0 0 26.41 8.21 157.2 61.40 109.0 6.74 177.1 17.2 175.9 2.07 41.24 12.7
12510 1627994205 0 7 $GNGGA,123644.000,4424.54962,N,00854.85939,E,1,11,0.9,-9.4,M,44.7,M,,*67
12511 1627994206 0 7 $GNGGA,123645.000,4424.55120,N,00854.85937,E,1,11,0.9,-10.6,M,44.7,M,,*5D
12512 1627994207 0 7 $GNGGA,123646.000,4424.55241,N,00854.85932,E,1,11,0.9,-11.1,M,44.7,M,,*59
12513 1627994207 0 3 2.57 0.00
12514 1627994207 0 4 2.56 1.59
12515 1627994207 0 5 0.02
12516 1627994207 0 6 0.13
12517 1627994207 0 8 4.98 12.31 11.84
12518 1627994208 0 1 6.430
12519 1627994208 0 0 26.42 8.22 157.2 61.31 109.0 6.74 176.9 17.2 175.6 2.07 41.17 12.8
12520 1627994208 0 7 $GNGGA,123647.000,4424.55361,N,00854.85954,E,1,11,0.9,-11.8,M,44.7,M,,*52
12521 1627994209 0 7 $GNGGA,123648.000,4424.55484,N,00854.86002,E,1,11,0.9,-12.4,M,44.7,M,,*57
12522 1627994210 0 7 $GNGGA,123649.000,4424.55608,N,00854.86060,E,1,11,0.9,-13.0,M,44.7,M,,*51
12523 1627994210 0 3 2.57 0.00
12524 1627994210 0 4 2.56 1.59
12525 1627994210 0 5 0.02
12526 1627994210 0 6 0.12
12527 1627994211 0 8 4.98 12.31 11.87
12528 1627994211 0 1 6.119
12529 1627994211 0 0 26.42 8.21 157.3 61.41 108.9 6.73 176.9 17.2 175.4 2.06 41.24 12.7
12530 1627994211 0 7 $GNGGA,123650.000,4424.55737,N,00854.86123,E,1,10,1.0,-13.5,M,44.7,M,,*5E
12531 1627994212 0 7 $GNGGA,123651.000,4424.55867,N,00854.86190,E,1,10,1.0,-14.1,M,44.7,M,,*5E
12532 1627994213 0 7 $GNGGA,123652.000,4424.55996,N,00854.86252,E,1,10,1.0,-14.6,M,44.7,M,,*58
12533 1627994213 0 3 2.57 0.00
12534 1627994213 0 4 2.56 1.59
12535 1627994213 0 5 0.02
12536 1627994213 0 6 0.12
12537 1627994213 0 8 4.98 12.31 11.84
12538 1627994214 0 1 6.476
12539 1627994214 0 0 26.42 8.22 157.3 61.36 108.9 6.73 176.8 17.2 175.6 2.06 41.21 12.8
12540 1627994214 0 7 $GNGGA,123653.000,4424.56144,N,00854.86348,E,1,10,1.0,-15.0,M,44.7,M,,*50
12541 1627994215 0 7 $GNGGA,123654.000,4424.56280,N,00854.86457,E,1,10,1.0,-15.6,M,44.7,M,,*53
12542 1627994216 0 7 $GNGGA,123655.000,4424.56394,N,00854.86568,E,1,10,1.0,-16.0,M,44.7,M,,*5E
12543 1627994216 0 3 2.57 0.00
12544 1627994216 0 4 2.56 1.59
12545 1627994216 0 5 0.02
12546 1627994216 0 6 0.12
12547 1627994216 0 8 4.98 12.31 11.87
12548 1627994217 0 1 6.100
12549 1627994217 0 0 26.43 8.22 157.2 61.36 108.9 6.73 176.8 17.2 175.7 2.07 41.21 12.8
12550 1627994217 0 7 $GNGGA,123656.000,4424.56489,N,00854.86675,E,1,10,1.0,-16.7,M,44.7,M,,*5E
12551 1627994218 0 7 $GNGGA,123657.000,4424.56577,N,00854.86779,E,1,10,1.0,-17.0,M,44.7,M,,*54
12552 1627994219 0 7 $GNGGA,123658.000,4424.56688,N,00854.86897,E,1,10,1.0,-17.7,M,44.7,M,,*50
12553 1627994219 0 3 2.57 0.00
12554 1627994219 0 4 2.56 1.59
12555 1627994219 0 5 0.02
12556 1627994219 0 6 0.13
12557 1627994219 0 8 4.98 12.30 11.84
12558 1627994220 0 1 5.856
12559 1627994220 0 0 26.44 8.22 157.2 61.47 108.9 6.73 176.8 17.3 175.2 2.06 41.28 12.8
12560 1627994220 0 7 $GNGGA,123659.000,4424.56800,N,00854.86973,E,1,10,1.0,-18.6,M,44.7,M,,*5A
12561 1627994221 0 7 $GNGGA,123700.000,4424.56897,N,00854.87027,E,1,10,1.0,-19.0,M,44.7,M,,*57
12562 1627994222 0 7 $GNGGA,123701.000,4424.56975,N,00854.87072,E,1,10,1.0,-19.4,M,44.7,M,,*5F
12563 1627994222 0 3 2.57 0.00
12564 1627994222 0 4 2.56 1.59
12565 1627994222 0 5 0.02
12566 1627994222 0 6 0.11
12567 1627994222 0 8 4.98 12.31 11.84
12568 1627994223 0 1 5.737
12569 1627994223 0 0 26.44 8.22 157.2 61.46 108.9 6.73 176.7 17.2 175.4 2.03 41.28 12.9
12570 1627994223 0 7 $GNGGA,123702.000,4424.57040,N,00854.87124,E,1,10,1.0,-19.5,M,44.7,M,,*51
12571 1627994224 0 7 $GNGGA,123703.000,4424.57117,N,00854.87170,E,1,10,1.0,-19.7,M,44.7,M,,*50
12572 1627994225 0 7 $GNGGA,123704.000,4424.57182,N,00854.87197,E,1,10,1.0,-19.9,M,44.7,M,,*5C
12573 1627994225 0 3 2.57 0.00
12574 1627994225 0 4 2.56 1.59
12575 1627994225 0 5 0.02
12576 1627994225 0 6 0.12
12577 1627994225 0 8 4.98 12.31 11.84
12578 1627994226 0 1 5.835
12579 1627994226 0 0 26.46 8.22 157.2 61.39 108.9 6.73 176.5 17.3 174.8 2.02 41.23 12.9
12580 1627994226 0 7 $GNGGA,123705.000,4424.57233,N,00854.87232,E,1,10,1.0,-20.1,M,44.7,M,,*5A
12581 1627994227 0 7 $GNGGA,123706.000,4424.57294,N,00854.87294,E,1,10,1.0,-20.2,M,44.7,M,,*5B
12582 1627994228 0 7 $GNGGA,123707.000,4424.57363,N,00854.87359,E,1,10,1.0,-20.3,M,44.7,M,,*52
12583 1627994228 0 3 2.57 0.00
12584 1627994228 0 4 2.56 1.59
12585 1627994228 0 5 0.02
12586 1627994229 0 6 0.12
12587 1627994229 0 8 4.98 12.31 11.87
12588 1627994229 0 1 5.816
12589 1627994229 0 0 26.45 8.22 157.2 61.42 108.9 6.73 176.5 17.3 175.0 1.98 41.25 12.9
12590 1627994229 0 7 $GNGGA,123708.000,4424.57436,N,00854.87417,E,1,10,1.0,-20.4,M,44.7,M,,*50
12591 1627994230 0 2 0.05290000 3.44639992 1.53949999 0.02650000 2.67770004 0.00400000 0.05730000 0.23429999 1.00000000 87.63899993
12592 1627994230 0 7 $GNGGA,123709.000,4424.57504,N,00854.87486,E,1,09,1.0,-20.4,M,44.7,M,,*51
12593 1627994231 0 7 $GNGGA,123710.000,4424.57569,N,00854.87576,E,1,09,1.0,-20.6,M,44.7,M,,*5E
12594 1627994231 0 3 2.57 0.00
12595 1627994231 0 4 2.56 1.59
12596 1627994231 0 5 0.02
12597 1627994231 0 6 0.13
12598 1627994231 0 8 4.98 12.31 11.84
12599 1627994232 0 1 5.349
12600 1627994232 0 0 26.46 8.22 157.2 61.37 108.9 6.73 176.7 17.2 175.3 1.94 41.21 12.9
12601 1627994232 0 7 $GNGGA,123711.000,4424.57652,N,00854.87690,E,1,09,1.0,-20.5,M,44.7,M,,*5C
12602 1627994233 0 7 $GNGGA,123712.000,4424.57744,N,00854.87811,E,1,09,1.0,-20.2,M,44.7,M,,*59
12603 1627994234 0 7 $GNGGA,123713.000,4424.57823,N,00854.87913,E,1,09,1.0,-19.6,M,44.7,M,,*5B
12604 1627994234 0 3 2.57 0.00
12605 1627994234 0 4 2.56 1.59
12606 1627994234 0 5 0.02
12607 1627994234 0 6 0.12
12608 1627994234 0 8 4.98 12.30 11.87
12609 1627994235 0 1 5.397
12610 1627994235 0 0 26.46 8.22 157.2 61.30 109.0 6.74 176.7 17.2 175.2 1.94 41.16 12.9
12611 1627994235 0 7 $GNGGA,123714.000,4424.57910,N,00854.88017,E,1,09,1.0,-19.3,M,44.7,M,,*5A
12612 1627994236 0 7 $GNGGA,123715.000,4424.57988,N,00854.88104,E,1,09,1.0,-19.0,M,44.7,M,,*5A
12613 1627994237 0 7 $GNGGA,123716.000,4424.58048,N,00854.88179,E,1,09,1.0,-19.0,M,44.7,M,,*59
12614 1627994237 0 3 2.57 0.00
12615 1627994237 0 4 2.56 1.60
12616 1627994237 0 5 0.02
12617 1627994237 0 6 0.13
12618 1627994237 0 8 4.98 12.31 11.84
12619 1627994238 0 1 5.167
12620 1627994238 0 0 26.46 8.22 157.2 61.30 108.9 6.73 176.7 17.3 175.1 1.94 41.15 12.9
12621 1627994238 0 7 $GNGGA,123717.000,4424.58113,N,00854.88274,E,1,09,1.0,-19.0,M,44.7,M,,*59
12622 1627994239 0 7 $GNGGA,123718.000,4424.58186,N,00854.88363,E,1,09,1.0,-19.2,M,44.7,M,,*5F
12623 1627994240 0 7 $GNGGA,123719.000,4424.58264,N,00854.88431,E,1,09,1.0,-19.3,M,44.7,M,,*50
12624 1627994240 0 3 2.57 0.00
12625 1627994240 0 4 2.56 1.59
12626 1627994240 0 5 0.02
12627 1627994240 0 6 0.13
12628 1627994240 0 8 4.98 12.30 11.84
12629 1627994241 0 1 5.749
12630 1627994241 0 0 26.46 8.22 157.2 61.37 108.9 6.73 176.8 17.3 175.2 1.92 41.21 12.9
12631 1627994241 0 7 $GNGGA,123720.000,4424.58335,N,00854.88504,E,1,09,1.0,-19.3,M,44.7,M,,*58
12632 1627994242 0 7 $GNGGA,123721.000,4424.58391,N,00854.88586,E,1,10,1.0,-19.1,M,44.7,M,,*57
12633 1627994243 0 7 $GNGGA,123722.000,4424.58449,N,00854.88677,E,1,10,1.0,-18.7,M,44.7,M,,*5C
12634 1627994243 0 3 2.57 0.00
12635 1627994243 0 4 2.56 1.60
12636 1627994243 0 5 0.02
12637 1627994243 0 6 0.13
12638 1627994243 0 8 4.98 12.30 11.84
12639 1627994244 0 1 6.398
12640 1627994244 0 0 26.45 8.22 157.1 61.40 109.0 6.73 176.8 17.3 175.5 1.89 41.23 12.9
12641 1627994244 0 7 $GNGGA,123723.000,4424.58507,N,00854.88773,E,1,10,1.0,-18.1,M,44.7,M,,*55
12642 1627994245 0 7 $GNGGA,123724.000,4424.58575,N,00854.88868,E,1,10,1.0,-17.4,M,44.7,M,,*58
12643 1627994246 0 7 $GNGGA,123725.000,4424.58630,N,00854.88963,E,1,10,1.0,-17.1,M,44.7,M,,*54
12644 1627994246 0 3 2.57 0.00
12645 1627994246 0 4 2.56 1.60
12646 1627994246 0 5 0.02
12647 1627994246 0 6 0.12
12648 1627994246 0 8 4.98 12.31 11.84
12649 1627994247 0 1 5.540
12650 1627994247 0 0 26.46 8.22 157.1 61.37 109.0 6.74 176.8 17.3 175.2 1.90 41.21 12.9
12651 1627994247 0 7 $GNGGA,123726.000,4424.58694,N,00854.89060,E,1,10,1.0,-16.8,M,44.7,M,,*5A
12652 1627994248 0 7 $GNGGA,123727.000,4424.58773,N,00854.89167,E,1,10,1.0,-16.7,M,44.7,M,,*5A
12653 1627994249 0 7 $GNGGA,123728.000,4424.58855,N,00854.89301,E,1,10,1.0,-16.7,M,44.7,M,,*5C
12654 1627994249 0 3 2.57 0.00
12655 1627994249 0 4 2.56 1.60
12656 1627994249 0 5 0.02
12657 1627994249 0 6 0.13
12658 1627994249 0 8 4.98 12.31 11.87
12659 1627994250 0 1 5.736
12660 1627994250 0 0 26.46 8.22 157.1 61.31 109.0 6.74 176.8 17.2 175.5 1.89 41.17 12.9
12661 1627994250 0 7 $GNGGA,123729.000,4424.58927,N,00854.89444,E,1,10,1.0,-16.9,M,44.7,M,,*51
12662 1627994251 0 7 $GNGGA,123730.000,4424.58982,N,00854.89564,E,1,10,1.0,-17.3,M,44.7,M,,*5E
12663 1627994252 0 7 $GNGGA,123731.000,4424.59044,N,00854.89649,E,1,10,1.0,-18.6,M,44.7,M,,*5B
12664 1627994252 0 3 2.57 0.00
12665 1627994252 0 4 2.56 1.60
12666 1627994252 0 5 0.02
12667 1627994252 0 6 0.13
12668 1627994252 0 8 4.98 12.31 11.87
12669 1627994253 0 1 5.613
12670 1627994253 0 0 26.45 8.22 157.1 61.40 109.0 6.74 176.8 17.2 175.7 1.88 41.23 12.9
12671 1627994253 0 7 $GNGGA,123732.000,4424.59118,N,00854.89749,E,1,10,1.0,-20.5,M,44.7,M,,*59
12672 1627994254 0 7 $GNGGA,123733.000,4424.59189,N,00854.89848,E,1,10,1.0,-21.4,M,44.7,M,,*5E
12673 1627994255 0 7 $GNGGA,123734.000,4424.59191,N,00854.89847,E,1,10,1.0,-21.3,M,44.7,M,,*58
12674 1627994255 0 3 2.57 0.00
12675 1627994255 0 4 2.56 1.60
12676 1627994255 0 5 0.02
12677 1627994256 0 6 0.13
12678 1627994256 0 8 4.98 12.31 11.87
12679 1627994256 0 1 6.262
12680 1627994256 0 0 26.46 8.22 157.2 61.35 109.1 6.74 176.7 17.2 175.3 1.88 41.20 12.9
12681 1627994256 0 7 $GNGGA,123735.000,4424.59194,N,00854.89849,E,1,10,1.0,-21.1,M,44.7,M,,*50
12682 1627994257 0 7 $GNGGA,123736.000,4424.59196,N,00854.89853,E,1,10,1.0,-20.9,M,44.7,M,,*53
12683 1627994258 0 7 $GNGGA,123737.000,4424.59250,N,00854.89959,E,1,10,1.0,-21.0,M,44.7,M,,*58
12684 1627994258 0 3 2.57 0.00
12685 1627994258 0 4 2.56 1.60
12686 1627994258 0 5 0.02
12687 1627994258 0 6 0.12
12688 1627994258 0 8 4.98 12.30 11.84
12689 1627994259 0 1 5.965
12690 1627994259 0 0 26.47 8.22 157.1 61.46 109.1 6.74 176.8 17.3 175.3 1.89 41.28 13.0
12691 1627994259 0 7 $GNGGA,123738.000,4424.59310,N,00854.90056,E,1,10,1.0,-21.2,M,44.7,M,,*5E
12692 1627994260 0 7 $GNGGA,123739.000,4424.59372,N,00854.90165,E,1,10,1.0,-21.6,M,44.7,M,,*5E
12693 1627994261 0 7 $GNGGA,123740.000,4424.59436,N,00854.90264,E,1,10,1.0,-21.9,M,44.7,M,,*5A
12694 1627994261 0 3 2.57 0.00
12695 1627994261 0 4 2.56 1.60
12696 1627994261 0 5 0.02
12697 1627994261 0 6 0.13
12698 1627994261 0 8 4.98 12.31 11.87
12699 1627994262 0 1 5.856
12700 1627994262 0 0 26.47 8.22 157.1 61.32 109.2 6.75 176.7 17.2 175.4 1.89 41.17 13.0
12701 1627994262 0 7 $GNGGA,123741.000,4424.59511,N,00854.90352,E,1,10,1.0,-22.4,M,44.7,M,,*55
12702 1627994263 0 7 $GNGGA,123742.000,4424.59588,N,00854.90415,E,1,10,1.0,-23.2,M,44.7,M,,*55
12703 1627994264 0 7 $GNGGA,123743.000,4424.59664,N,00854.90468,E,1,10,1.0,-24.4,M,44.7,M,,*5E
12704 1627994264 0 3 2.57 0.00
12705 1627994264 0 4 2.56 1.60
12706 1627994264 0 5 0.02
12707 1627994264 0 6 0.13
12708 1627994264 0 8 4.98 12.31 11.87
12709 1627994265 0 1 6.138
12710 1627994265 0 0 26.47 8.22 157.1 61.41 109.2 6.75 176.7 17.3 175.3 1.90 41.24 13.0
12711 1627994265 0 7 $GNGGA,123744.000,4424.59722,N,00854.90535,E,1,10,1.0,-25.4,M,44.7,M,,*52
12712 1627994266 0 7 $GNGGA,123745.000,4424.59780,N,00854.90619,E,1,10,1.0,-26.5,M,44.7,M,,*54
12713 1627994267 0 7 $GNGGA,123746.000,4424.59826,N,00854.90710,E,1,10,1.0,-27.2,M,44.7,M,,*5A
12714 1627994267 0 3 2.57 0.00
12715 1627994267 0 4 2.56 1.60
12716 1627994267 0 5 0.02
12717 1627994267 0 6 0.12
12718 1627994267 0 8 4.98 12.31 11.87
12719 1627994268 0 1 5.632
12720 1627994268 0 0 26.47 8.22 157.1 61.39 109.3 6.75 176.6 17.3 175.2 1.91 41.22 12.9
12721 1627994268 0 7 $GNGGA,123747.000,4424.59879,N,00854.90788,E,1,10,1.0,-28.7,M,44.7,M,,*5A
12722 1627994269 0 7 $GNGGA,123748.000,4424.59929,N,00854.90893,E,1,10,1.0,-29.5,M,44.7,M,,*57
12723 1627994270 0 7 $GNGGA,123749.000,4424.59979,N,00854.90990,E,1,10,1.0,-30.3,M,44.7,M,,*5F
12724 1627994270 0 3 2.57 0.00
12725 1627994270 0 4 2.56 1.60
12726 1627994270 0 5 0.02
12727 1627994270 0 6 0.13
12728 1627994270 0 8 4.98 12.30 11.87
12729 1627994271 0 1 6.471
12730 1627994271 0 0 26.47 8.22 157.1 61.39 109.5 6.76 176.6 17.3 175.3 1.94 41.22 13.0
12731 1627994271 0 7 $GNGGA,123750.000,4424.60054,N,00854.91069,E,1,10,1.0,-31.7,M,44.7,M,,*50
12732 1627994272 0 7 $GNGGA,123751.000,4424.60150,N,00854.91156,E,1,09,1.0,-33.0,M,44.7,M,,*54
12733 1627994273 0 7 $GNGGA,123752.000,4424.60250,N,00854.91208,E,1,09,1.0,-34.3,M,44.7,M,,*58
12734 1627994273 0 3 2.57 0.00
12735 1627994273 0 4 2.56 1.60
12736 1627994273 0 5 0.02
12737 1627994273 0 6 0.13
12738 1627994273 0 8 4.98 12.31 11.87
12739 1627994274 0 1 5.896
12740 1627994274 0 0 26.48 8.22 157.2 61.34 109.6 6.77 176.5 17.3 175.3 1.91 41.19 13.0
12741 1627994274 0 7 $GNGGA,123753.000,4424.60362,N,00854.91244,E,1,09,1.0,-35.7,M,44.7,M,,*54
12742 1627994275 0 7 $GNGGA,123754.000,4424.60490,N,00854.91279,E,1,09,1.0,-36.6,M,44.7,M,,*55
12743 1627994276 0 7 $GNGGA,123755.000,4424.60555,N,00854.91362,E,1,09,1.0,-37.2,M,44.7,M,,*52
12744 1627994276 0 3 2.57 0.00
12745 1627994276 0 4 2.56 1.60
12746 1627994276 0 5 0.02
12747 1627994276 0 6 0.13
12748 1627994276 0 8 4.98 12.31 11.84
12749 1627994277 0 1 6.239
12750 1627994277 0 0 26.48 8.22 157.1 61.40 109.8 6.78 176.6 17.2 175.5 1.90 41.23 13.0
12751 1627994277 0 7 $GNGGA,123756.000,4424.60578,N,00854.91477,E,1,09,1.0,-38.0,M,44.7,M,,*50
12752 1627994278 0 7 $GNGGA,123757.000,4424.60615,N,00854.91563,E,1,09,1.0,-39.5,M,44.7,M,,*59
12753 1627994279 0 7 $GNGGA,123758.000,4424.60630,N,00854.91664,E,1,09,1.0,-41.0,M,44.7,M,,*5F
12754 1627994279 0 3 2.57 0.00
12755 1627994279 0 4 2.56 1.62
12756 1627994279 0 5 0.02
12757 1627994279 0 6 0.13
12758 1627994279 0 8 4.98 12.31 11.84
12759 1627994280 0 1 5.679
12760 1627994280 0 0 26.48 8.22 157.1 61.37 109.9 6.79 176.6 17.3 175.1 1.94 41.21 13.0
12761 1627994280 0 7 $GNGGA,123759.000,4424.60627,N,00854.91785,E,1,09,1.0,-41.6,M,44.7,M,,*50
12762 1627994281 0 7 $GNGGA,123800.000,4424.60622,N,00854.91938,E,1,09,1.0,-41.2,M,44.7,M,,*5A
12763 1627994282 0 7 $GNGGA,123801.000,4424.60639,N,00854.92069,E,1,10,1.0,-41.5,M,44.7,M,,*50
12764 1627994282 0 3 2.57 0.00
12765 1627994282 0 4 2.56 1.62
12766 1627994282 0 5 0.02
12767 1627994282 0 6 0.13
12768 1627994282 0 8 4.98 12.31 11.87
12769 1627994283 0 1 6.102
12770 1627994283 0 0 26.47 8.22 157.1 61.32 110.1 6.81 176.6 17.2 175.4 1.98 41.17 13.0
12771 1627994283 0 7 $GNGGA,123802.000,4424.60650,N,00854.92192,E,1,10,1.0,-41.6,M,44.7,M,,*5A
12772 1627994284 0 7 $GNGGA,123803.000,4424.60656,N,00854.92309,E,1,10,1.0,-41.6,M,44.7,M,,*5D
12773 1627994285 0 7 $GNGGA,123804.000,4424.60666,N,00854.92433,E,1,10,1.0,-41.6,M,44.7,M,,*57
12774 1627994285 0 3 2.57 0.00
12775 1627994285 0 4 2.56 1.61
12776 1627994285 0 5 0.02
12777 1627994285 0 6 0.13
12778 1627994285 0 8 4.98 12.30 11.87
12779 1627994286 0 1 5.248
12780 1627994286 0 0 26.48 8.22 157.1 61.25 110.3 6.82 176.5 17.2 175.3 1.96 41.12 12.9
12781 1627994286 0 7 $GNGGA,123805.000,4424.60686,N,00854.92574,E,1,10,1.0,-41.4,M,44.7,M,,*58
12782 1627994287 0 7 $GNGGA,123806.000,4424.60712,N,00854.92696,E,1,10,1.0,-41.0,M,44.7,M,,*5C
12783 1627994288 0 7 $GNGGA,123807.000,4424.60737,N,00854.92793,E,1,10,1.0,-41.0,M,44.7,M,,*5E
12784 1627994288 0 3 2.57 0.00
12785 1627994288 0 4 2.56 1.61
12786 1627994288 0 5 0.02
12787 1627994289 0 6 0.12
12788 1627994289 0 8 4.98 12.31 11.87
12789 1627994289 0 1 5.380
12790 1627994289 0 0 26.48 8.22 157.1 61.23 110.5 6.83 176.6 17.3 175.5 1.90 41.11 13.0
12791 1627994289 0 7 $GNGGA,123808.000,4424.60754,N,00854.92863,E,1,10,1.0,-40.8,M,44.7,M,,*5D
12792 1627994290 0 7 $GNGGA,123809.000,4424.60758,N,00854.92944,E,1,10,1.0,-40.3,M,44.7,M,,*5F
12793 1627994291 0 7 $GNGGA,123810.000,4424.60755,N,00854.93011,E,1,10,1.0,-39.9,M,44.7,M,,*56
12794 1627994291 0 3 2.57 0.00
12795 1627994291 0 4 2.56 1.61
12796 1627994291 0 5 0.02
12797 1627994291 0 6 0.13
12798 1627994292 0 8 4.98 12.16 11.84
12799 1627994292 0 1 5.976
12800 1627994292 0 0 26.48 8.22 157.1 61.31 110.7 6.84 176.8 17.3 175.4 1.90 41.16 13.0
12801 1627994292 0 7 $GNGGA,123811.000,4424.60746,N,00854.93062,E,1,10,1.0,-40.1,M,44.7,M,,*57
12802 1627994293 0 7 $GNGGA,123812.000,4424.60731,N,00854.93124,E,1,10,1.0,-40.4,M,44.7,M,,*52
12803 1627994294 0 7 $GNGGA,123813.000,4424.60727,N,00854.93194,E,1,09,1.0,-40.0,M,44.7,M,,*53
12804 1627994294 0 3 2.57 0.00
12805 1627994294 0 4 2.56 1.61
12806 1627994294 0 5 0.02
12807 1627994294 0 6 0.13
12808 1627994294 0 8 4.98 12.32 11.87
12809 1627994295 0 1 5.744
12810 1627994295 0 0 26.48 8.22 157.1 61.30 111.4 6.88 176.7 17.3 175.3 1.91 41.16 13.0
12811 1627994295 0 7 $GNGGA,123814.000,4424.60726,N,00854.93230,E,1,09,1.0,-39.4,M,44.7,M,,*52
12812 1627994296 0 7 $GNGGA,123815.000,4424.60730,N,00854.93234,E,1,09,1.0,-39.0,M,44.7,M,,*54
12813 1627994297 0 7 $GNGGA,123816.000,4424.60733,N,00854.93240,E,1,09,1.0,-38.8,M,44.7,M,,*5E
12814 1627994297 0 3 2.57 0.00
12815 1627994297 0 4 2.56 1.61
12816 1627994297 0 5 0.02
12817 1627994297 0 6 0.13
12818 1627994298 0 8 4.98 12.30 11.87
12819 1627994298 0 1 6.504
12820 1627994298 0 0 26.48 8.22 157.1 61.35 111.3 6.88 176.7 17.2 175.5 1.87 41.20 13.0
12821 1627994298 0 7 $GNGGA,123817.000,4424.60751,N,00854.93240,E,1,09,1.0,-38.7,M,44.7,M,,*54
12822 1627994299 0 7 $GNGGA,123818.000,4424.60808,N,00854.93324,E,1,09,1.0,-38.4,M,44.7,M,,*58
12823 1627994300 0 7 $GNGGA,123819.000,4424.60857,N,00854.93385,E,1,09,1.0,-38.2,M,44.7,M,,*5E
12824 1627994300 0 3 2.57 0.00
12825 1627994300 0 4 2.56 1.60
12826 1627994300 0 5 0.02
12827 1627994300 0 6 0.12
12828 1627994300 0 8 4.98 12.15 11.84
12829 1627994301 0 1 5.777
12830 1627994301 0 0 26.49 8.22 157.1 61.37 111.3 6.88 176.7 17.3 175.6 1.87 41.21 13.0
12831 1627994301 0 7 $GNGGA,123820.000,4424.60904,N,00854.93435,E,1,09,1.0,-38.1,M,44.7,M,,*5C
12832 1627994302 0 7 $GNGGA,123821.000,4424.60968,N,00854.93530,E,1,09,1.0,-38.0,M,44.7,M,,*52
12833 1627994303 0 7 $GNGGA,123822.000,4424.61058,N,00854.93648,E,1,09,1.0,-37.9,M,44.7,M,,*50
12834 1627994303 0 3 2.57 0.00
12835 1627994303 0 4 2.56 1.61
12836 1627994303 0 5 0.02
12837 1627994303 0 6 0.13
12838 1627994303 0 8 4.98 12.31 11.84
12839 1627994304 0 1 5.990
12840 1627994304 0 0 26.48 8.22 157.1 61.26 111.2 6.87 176.9 17.2 176.1 1.91 41.12 13.0
12841 1627994304 0 7 $GNGGA,123823.000,4424.61165,N,00854.93786,E,1,09,1.0,-37.8,M,44.7,M,,*5C
12842 1627994305 0 7 $GNGGA,123824.000,4424.61250,N,00854.93911,E,1,09,1.0,-37.8,M,44.7,M,,*5E
12843 1627994306 0 7 $GNGGA,123825.000,4424.61310,N,00854.94066,E,1,09,1.0,-37.8,M,44.7,M,,*54
12844 1627994306 0 3 2.57 0.00
12845 1627994306 0 4 2.56 1.61
12846 1627994306 0 5 0.02
12847 1627994306 0 6 0.14
12848 1627994306 0 8 4.97 11.55 11.84
12849 1627994307 0 1 5.573
12850 1627994307 0 0 26.49 8.22 157.1 61.33 111.3 6.87 176.7 17.3 175.9 1.93 41.18 13.0
12851 1627994307 0 7 $GNGGA,123826.000,4424.61340,N,00854.94189,E,1,09,1.0,-37.9,M,44.7,M,,*53
12852 1627994308 0 7 $GNGGA,123827.000,4424.61360,N,00854.94305,E,1,09,1.0,-38.0,M,44.7,M,,*50
12853 1627994309 0 7 $GNGGA,123828.000,4424.61373,N,00854.94325,E,1,09,1.0,-37.8,M,44.7,M,,*58
12854 1627994309 0 3 2.57 0.00
12855 1627994309 0 4 2.56 1.61
12856 1627994309 0 5 0.02
12857 1627994309 0 6 0.13
12858 1627994310 0 8 4.98 12.15 11.84
12859 1627994310 0 1 5.900
12860 1627994310 0 0 26.49 8.22 157.1 61.33 111.3 6.88 177.0 17.3 175.9 1.88 41.18 13.0
12861 1627994310 0 7 $GNGGA,123829.000,4424.61374,N,00854.94321,E,1,09,1.0,-37.8,M,44.7,M,,*5A
12862 1627994311 0 7 $GNGGA,123830.000,4424.61371,N,00854.94310,E,1,09,1.0,-37.6,M,44.7,M,,*5B
12863 1627994312 0 7 $GNGGA,123831.000,4424.61291,N,00854.94311,E,1,09,1.0,-38.1,M,44.7,M,,*5C
12864 1627994312 0 3 2.57 0.00
12865 1627994312 0 4 2.56 1.61
12866 1627994312 0 5 0.02
12867 1627994312 0 6 0.12
12868 1627994313 0 8 4.98 12.29 11.87
12869 1627994313 0 1 5.968
12870 1627994313 0 0 26.48 8.22 157.1 61.36 111.3 6.88 176.8 17.3 175.7 1.88 41.20 13.0
12871 1627994313 0 7 $GNGGA,123832.000,4424.61235,N,00854.94351,E,1,09,1.0,-37.9,M,44.7,M,,*52
12872 1627994314 0 7 $GNGGA,123833.000,4424.61165,N,00854.94409,E,1,10,1.0,-38.1,M,44.7,M,,*50
12873 1627994315 0 7 $GNGGA,123834.000,4424.61108,N,00854.94518,E,1,10,1.0,-38.2,M,44.7,M,,*5E
12874 1627994315 0 3 2.57 0.00
12875 1627994315 0 4 2.56 1.61
12876 1627994315 0 5 0.02
12877 1627994315 0 6 0.13
12878 1627994316 0 8 4.98 12.30 11.87
12879 1627994316 0 1 5.190
12880 1627994316 0 0 26.49 8.22 157.1 61.34 111.5 6.88 176.7 17.3 175.7 1.85 41.19 13.0
12881 1627994316 0 7 $GNGGA,123835.000,4424.61095,N,00854.94665,E,1,10,1.0,-38.2,M,44.7,M,,*53
12882 1627994317 0 7 $GNGGA,123836.000,4424.61093,N,00854.94673,E,1,10,1.0,-38.1,M,44.7,M,,*52
12883 1627994318 0 7 $GNGGA,123837.000,4424.61089,N,00854.94680,E,1,10,1.0,-38.0,M,44.7,M,,*55
12884 1627994318 0 3 2.57 0.00
12885 1627994318 0 4 2.56 1.61
12886 1627994318 0 5 0.02
12887 1627994318 0 6 0.13
12888 1627994319 0 8 4.98 12.27 11.87
12889 1627994319 0 1 6.383
12890 1627994319 0 0 26.49 8.22 157.2 61.39 111.5 6.88 176.7 17.3 175.8 1.78 41.23 13.0
12891 1627994319 0 7 $GNGGA,123838.000,4424.61052,N,00854.94795,E,1,10,1.0,-38.1,M,44.7,M,,*58
12892 1627994320 0 7 $GNGGA,123839.000,4424.61032,N,00854.94893,E,1,10,1.0,-38.0,M,44.7,M,,*57
12893 1627994321 0 7 $GNGGA,123840.000,4424.61026,N,00854.95011,E,1,10,1.0,-37.9,M,44.7,M,,*59
12894 1627994321 0 3 2.57 0.00
12895 1627994321 0 4 2.56 1.60
12896 1627994321 0 5 0.03
12897 1627994322 0 6 0.13
12898 1627994322 0 8 4.98 12.31 11.87
12899 1627994322 0 1 5.714
12900 1627994322 0 0 26.48 8.22 157.1 61.40 111.5 6.89 176.9 17.2 176.0 1.74 41.24 13.0
12901 1627994322 0 7 $GNGGA,123841.000,4424.61036,N,00854.95110,E,1,10,1.0,-37.8,M,44.7,M,,*58
12902 1627994323 0 7 $GNGGA,123842.000,4424.61046,N,00854.95180,E,1,10,1.0,-37.1,M,44.7,M,,*5C
12903 1627994324 0 7 $GNGGA,123843.000,4424.61064,N,00854.95253,E,1,10,1.0,-35.3,M,44.7,M,,*50
12904 1627994324 0 3 2.57 0.00
12905 1627994324 0 4 2.56 1.60
12906 1627994324 0 5 0.02
12907 1627994324 0 6 0.15
12908 1627994325 0 8 4.98 12.30 11.84
12909 1627994325 0 1 6.113
12910 1627994325 0 0 26.48 8.22 157.1 61.42 111.6 6.89 176.8 17.3 176.2 1.72 41.24 13.0
12911 1627994325 0 7 $GNGGA,123844.000,4424.61083,N,00854.95310,E,1,10,1.0,-34.1,M,44.7,M,,*5B
12912 1627994326 0 7 $GNGGA,123845.000,4424.61095,N,00854.95388,E,1,09,1.0,-33.4,M,44.7,M,,*56
12913 1627994327 0 7 $GNGGA,123846.000,4424.61103,N,00854.95487,E,1,09,1.0,-33.2,M,44.7,M,,*55
12914 1627994327 0 3 2.57 0.00
12915 1627994327 0 4 2.56 1.60
12916 1627994327 0 5 0.02
12917 1627994327 0 6 0.13
12918 1627994328 0 8 4.98 12.30 11.84
12919 1627994328 0 1 5.292
12920 1627994328 0 0 26.48 8.22 157.2 61.41 111.6 6.90 176.8 17.3 175.9 1.68 41.24 13.0
12921 1627994328 0 7 $GNGGA,123847.000,4424.61132,N,00854.95628,E,1,09,1.0,-33.7,M,44.7,M,,*54
12922 1627994329 0 7 $GNGGA,123848.000,4424.61159,N,00854.95776,E,1,09,1.0,-33.9,M,44.7,M,,*52
12923 1627994330 0 7 $GNGGA,123849.000,4424.61181,N,00854.95920,E,1,09,1.0,-34.2,M,44.7,M,,*57
12924 1627994330 0 3 2.57 0.00
12925 1627994330 0 4 2.56 1.61
12926 1627994330 0 5 0.02
12927 1627994330 0 6 0.14
12928 1627994331 0 8 4.98 12.31 11.87
12929 1627994331 0 1 4.370
12930 1627994331 0 0 26.55 8.21 157.1 61.29 111.6 6.89 175.9 17.3 175.1 1.68 41.15 12.7
12931 1627994331 0 7 $GNGGA,123850.000,4424.61218,N,00854.96032,E,1,09,1.0,-34.6,M,44.7,M,,*51
12932 1627994332 0 7 $GNGGA,123851.000,4424.61253,N,00854.96161,E,1,09,1.0,-35.0,M,44.7,M,,*5F
12933 1627994333 0 7 $GNGGA,123852.000,4424.61295,N,00854.96255,E,1,09,1.0,-35.6,M,44.7,M,,*54
12934 1627994333 0 3 2.57 0.00
12935 1627994333 0 4 2.56 1.60
12936 1627994333 0 5 0.02
12937 1627994333 0 6 0.13
12938 1627994334 0 8 4.98 12.30 11.84
12939 1627994334 0 1 4.663
12940 1627994334 0 0 26.61 8.19 157.3 61.31 111.6 6.88 175.5 17.3 174.8 1.59 41.16 12.1
12941 1627994334 0 7 $GNGGA,123853.000,4424.61366,N,00854.96398,E,1,09,1.0,-36.1,M,44.7,M,,*5C
12942 1627994335 0 7 $GNGGA,123854.000,4424.61406,N,00854.96542,E,1,09,1.0,-36.5,M,44.7,M,,*5F
12943 1627994336 0 7 $GNGGA,123855.000,4424.61462,N,00854.96754,E,1,09,1.0,-36.6,M,44.7,M,,*5A
12944 1627994336 0 3 2.57 0.00
12945 1627994336 0 4 2.56 1.60
12946 1627994336 0 5 0.02
12947 1627994336 0 6 0.12
12948 1627994337 0 8 4.98 12.31 11.87
12949 1627994337 0 1 4.903
12950 1627994337 0 0 26.59 8.20 157.3 61.39 111.6 6.88 176.0 17.3 175.5 1.50 41.22 12.3
12951 1627994337 0 7 $GNGGA,123856.000,4424.61516,N,00854.96961,E,1,09,1.0,-36.8,M,44.7,M,,*5D
12952 1627994338 0 7 $GNGGA,123857.000,4424.61578,N,00854.97205,E,1,09,1.0,-36.7,M,44.7,M,,*53
12953 1627994339 0 7 $GNGGA,123858.000,4424.61600,N,00854.97389,E,1,09,1.0,-36.8,M,44.7,M,,*5A
12954 1627994339 0 3 2.57 0.00
12955 1627994339 0 4 2.56 1.60
12956 1627994339 0 5 0.02
12957 1627994339 0 6 0.13
12958 1627994339 0 8 4.98 12.30 11.84
12959 1627994339 0 1 4.583
12960 1627994340 0 0 26.58 8.20 157.3 61.31 111.6 6.88 176.0 17.3 175.2 1.47 41.16 12.5
12961 1627994340 0 7 $GNGGA,123859.000,4424.61612,N,00854.97594,E,1,09,1.0,-36.8,M,44.7,M,,*52
12962 1627994341 0 7 $GNGGA,123900.000,4424.61623,N,00854.97759,E,1,09,1.0,-36.9,M,44.7,M,,*5F
12963 1627994342 0 7 $GNGGA,123901.000,4424.61622,N,00854.97930,E,1,09,1.0,-37.0,M,44.7,M,,*56
12964 1627994342 0 3 2.57 0.00
12965 1627994342 0 4 2.56 1.61
12966 1627994342 0 5 0.02
12967 1627994342 0 6 0.13
12968 1627994342 0 8 4.98 12.30 11.84
12969 1627994342 0 1 4.769
12970 1627994343 0 0 26.56 8.21 157.3 61.41 111.5 6.88 176.4 17.3 175.8 1.49 41.24 12.7
12971 1627994343 0 7 $GNGGA,123902.000,4424.61630,N,00854.98189,E,1,09,1.0,-37.3,M,44.7,M,,*50
12972 1627994344 0 7 $GNGGA,123903.000,4424.61627,N,00854.98370,E,1,09,1.0,-37.8,M,44.7,M,,*58
12973 1627994345 0 7 $GNGGA,123904.000,4424.61649,N,00854.98607,E,1,09,1.0,-38.1,M,44.7,M,,*54
12974 1627994345 0 3 2.57 0.00
12975 1627994345 0 4 2.56 1.61
12976 1627994345 0 5 0.02
12977 1627994345 0 6 0.13
12978 1627994345 0 8 4.98 12.30 11.84
12979 1627994345 0 1 5.003
12980 1627994346 0 0 26.59 8.19 157.3 61.35 111.5 6.88 176.1 17.3 175.3 1.51 41.19 12.1
12981 1627994346 0 7 $GNGGA,123905.000,4424.61688,N,00854.98795,E,1,09,1.0,-38.3,M,44.7,M,,*50
12982 1627994347 0 7 $GNGGA,123906.000,4424.61736,N,00854.99015,E,1,09,1.0,-38.4,M,44.7,M,,*5E
12983 1627994348 0 7 $GNGGA,123907.000,4424.61761,N,00854.99198,E,1,09,1.0,-38.5,M,44.7,M,,*58
12984 1627994348 0 3 2.57 0.00
12985 1627994348 0 4 2.56 1.61
12986 1627994348 0 5 0.02
12987 1627994348 0 6 0.13
12988 1627994348 0 8 4.98 12.30 11.84
12989 1627994348 0 1 4.572
12990 1627994349 0 0 26.62 8.17 157.6 61.31 111.5 6.87 175.7 17.3 175.1 1.49 41.16 11.5
12991 1627994349 0 7 $GNGGA,123908.000,4424.61798,N,00854.99401,E,1,09,1.0,-38.5,M,44.7,M,,*54
12992 1627994349 0 2 0.05880000 3.92189998 1.50689992 0.03020000 2.71370005 0.00400000 0.06030000 0.26040000 1.00000000 87.03500366
12993 1627994350 0 7 $GNGGA,123909.000,4424.61843,N,00854.99559,E,1,09,1.0,-38.4,M,44.7,M,,*51
12994 1627994351 0 7 $GNGGA,123910.000,4424.61875,N,00854.99763,E,1,09,1.0,-38.2,M,44.7,M,,*51
12995 1627994351 0 3 2.57 0.00
12996 1627994351 0 4 2.56 1.61
12997 1627994351 0 5 0.02
12998 1627994351 0 6 0.13
12999 1627994351 0 8 4.98 12.31 11.87
13000 1627994352 0 1 5.357
13001 1627994352 0 0 26.61 8.17 157.7 61.38 111.4 6.87 176.0 17.3 175.7 1.52 41.21 11.5
13002 1627994352 0 7 $GNGGA,123911.000,4424.61890,N,00854.99920,E,1,09,1.0,-38.1,M,44.7,M,,*51
13003 1627994353 0 7 $GNGGA,123912.000,4424.61913,N,00855.00103,E,1,09,1.0,-37.8,M,44.7,M,,*56
13004 1627994354 0 7 $GNGGA,123913.000,4424.61939,N,00855.00289,E,1,09,1.0,-37.4,M,44.7,M,,*52
13005 1627994354 0 3 2.57 0.00
13006 1627994354 0 4 2.56 1.60
13007 1627994354 0 5 0.02
13008 1627994354 0 6 0.13
13009 1627994354 0 8 4.98 12.30 11.87
13010 1627994354 0 1 4.569
13011 1627994355 0 0 26.61 8.17 157.6 61.32 111.3 6.86 176.2 17.3 176.1 1.54 41.17 11.7
13012 1627994355 0 7 $GNGGA,123914.000,4424.61968,N,00855.00483,E,1,09,1.0,-37.4,M,44.7,M,,*5D
13013 1627994356 0 7 $GNGGA,123915.000,4424.62002,N,00855.00686,E,1,09,1.0,-37.3,M,44.7,M,,*5A
13014 1627994357 0 7 $GNGGA,123916.000,4424.61993,N,00855.00790,E,1,09,1.0,-37.2,M,44.7,M,,*5C
13015 1627994357 0 3 2.57 0.00
13016 1627994357 0 4 2.56 1.61
13017 1627994357 0 5 0.02
13018 1627994357 0 6 0.14
13019 1627994357 0 8 4.98 12.30 11.87
13020 1627994357 0 1 4.701
13021 1627994358 0 0 26.62 8.14 157.9 61.38 111.2 6.85 176.0 17.3 175.8 1.54 41.21 10.9
13022 1627994358 0 7 $GNGGA,123917.000,4424.61998,N,00855.00862,E,1,09,1.0,-37.1,M,44.7,M,,*57
13023 1627994359 0 7 $GNGGA,123918.000,4424.62024,N,00855.00998,E,1,09,1.0,-37.1,M,44.7,M,,*51
13024 1627994360 0 7 $GNGGA,123919.000,4424.62072,N,00855.01175,E,1,09,1.0,-36.9,M,44.7,M,,*50
13025 1627994360 0 3 2.57 0.00
13026 1627994360 0 4 2.56 1.64
13027 1627994360 0 5 0.02
13028 1627994360 0 6 0.14
13029 1627994360 0 8 4.98 12.30 11.87
13030 1627994360 0 1 4.638
13031 1627994361 0 0 26.62 8.14 158.0 61.37 111.0 6.84 176.1 17.3 176.2 1.54 41.21 10.9
13032 1627994361 0 7 $GNGGA,123920.000,4424.62108,N,00855.01376,E,1,10,1.0,-36.4,M,44.7,M,,*52
13033 1627994362 0 7 $GNGGA,123921.000,4424.62145,N,00855.01567,E,1,10,1.0,-35.5,M,44.7,M,,*5E
13034 1627994363 0 7 $GNGGA,123922.000,4424.62166,N,00855.01710,E,1,09,1.0,-34.6,M,44.7,M,,*54
13035 1627994363 0 3 2.57 0.00
13036 1627994363 0 4 2.56 1.64
13037 1627994363 0 5 0.02
13038 1627994363 0 6 0.13
13039 1627994363 0 8 4.98 12.31 11.84
13040 1627994363 0 1 4.883
13041 1627994364 0 0 26.61 8.15 158.1 61.38 110.9 6.83 176.2 17.3 176.0 1.56 41.21 11.0
13042 1627994364 0 7 $GNGGA,123923.000,4424.62195,N,00855.01870,E,1,09,1.0,-33.6,M,44.7,M,,*57
13043 1627994365 0 7 $GNGGA,123924.000,4424.62241,N,00855.01997,E,1,09,1.0,-32.4,M,44.7,M,,*51
13044 1627994366 0 7 $GNGGA,123925.000,4424.62294,N,00855.02131,E,1,09,1.0,-31.2,M,44.7,M,,*5A
13045 1627994366 0 3 2.57 0.00
13046 1627994366 0 4 2.56 1.65
13047 1627994366 0 5 0.02
13048 1627994366 0 6 0.14
13049 1627994366 0 8 4.98 12.30 11.84
13050 1627994366 0 1 4.659
13051 1627994367 0 0 26.60 8.15 158.0 61.37 110.6 6.82 176.2 17.3 176.6 1.55 41.21 11.1
13052 1627994367 0 7 $GNGGA,123926.000,4424.62328,N,00855.02251,E,1,09,1.0,-29.7,M,44.7,M,,*56
13053 1627994368 0 7 $GNGGA,123927.000,4424.62380,N,00855.02378,E,1,09,1.0,-28.6,M,44.7,M,,*5F
13054 1627994369 0 7 $GNGGA,123928.000,4424.62414,N,00855.02518,E,1,09,1.0,-27.4,M,44.7,M,,*57
13055 1627994369 0 3 2.57 0.00
13056 1627994369 0 4 2.56 1.65
13057 1627994369 0 5 0.02
13058 1627994369 0 6 0.13
13059 1627994369 0 8 4.98 12.30 11.84
13060 1627994369 0 1 4.395
13061 1627994370 0 0 26.62 8.14 158.0 61.26 110.2 6.80 176.0 17.3 176.3 1.51 41.12 10.7
13062 1627994370 0 7 $GNGGA,123929.000,4424.62444,N,00855.02657,E,1,09,1.0,-26.1,M,44.7,M,,*5F
13063 1627994371 0 7 $GNGGA,123930.000,4424.62493,N,00855.02782,E,1,09,1.0,-25.0,M,44.7,M,,*56
13064 1627994372 0 7 $GNGGA,123931.000,4424.62548,N,00855.02925,E,1,10,1.0,-24.2,M,44.7,M,,*58
13065 1627994372 0 3 2.57 0.00
13066 1627994372 0 4 2.56 1.65
13067 1627994372 0 5 0.02
13068 1627994372 0 6 0.14
13069 1627994372 0 8 4.98 12.30 11.84
13070 1627994372 0 1 4.744
13071 1627994373 0 0 26.62 8.15 158.1 61.41 109.7 6.76 176.1 17.3 176.1 1.49 41.24 11.0
13072 1627994373 0 7 $GNGGA,123932.000,4424.62588,N,00855.03087,E,1,10,1.0,-23.4,M,44.7,M,,*56
13073 1627994374 0 7 $GNGGA,123933.000,4424.62669,N,00855.03248,E,1,10,1.0,-22.3,M,44.7,M,,*5C
13074 1627994375 0 7 $GNGGA,123934.000,4424.62724,N,00855.03381,E,1,10,1.0,-21.7,M,44.7,M,,*50
13075 1627994375 0 3 2.57 0.00
13076 1627994375 0 4 2.56 1.64
13077 1627994375 0 5 0.02
13078 1627994375 0 6 0.13
13079 1627994375 0 8 4.98 12.31 11.87
13080 1627994375 0 1 4.358
13081 1627994376 0 0 26.63 8.15 158.1 61.29 109.2 6.73 175.9 17.3 176.4 1.46 41.14 11.0
13082 1627994376 0 7 $GNGGA,123935.000,4424.62744,N,00855.03536,E,1,10,1.0,-21.3,M,44.7,M,,*59
13083 1627994377 0 7 $GNGGA,123936.000,4424.62759,N,00855.03709,E,1,10,1.0,-20.9,M,44.7,M,,*53
13084 1627994378 0 7 $GNGGA,123937.000,4424.62783,N,00855.03877,E,1,10,1.0,-20.5,M,44.7,M,,*5F
13085 1627994378 0 3 2.57 0.00
13086 1627994378 0 4 2.56 1.64
13087 1627994378 0 5 0.02
13088 1627994378 0 6 0.13
13089 1627994378 0 8 4.98 12.30 11.87
13090 1627994378 0 1 5.149
13091 1627994379 0 0 26.59 8.16 158.0 61.28 108.5 6.69 176.5 17.3 176.6 1.47 41.14 11.3
13092 1627994379 0 7 $GNGGA,123938.000,4424.62817,N,00855.04046,E,1,10,1.0,-20.0,M,44.7,M,,*5A
13093 1627994380 0 7 $GNGGA,123939.000,4424.62849,N,00855.04183,E,1,10,1.0,-19.2,M,44.7,M,,*50
13094 1627994381 0 7 $GNGGA,123940.000,4424.62855,N,00855.04323,E,1,10,1.0,-18.6,M,44.7,M,,*5E
13095 1627994381 0 3 2.57 0.00
13096 1627994381 0 4 2.56 1.64
13097 1627994381 0 5 0.02
13098 1627994381 0 6 0.14
13099 1627994382 0 8 4.98 12.30 11.87
13100 1627994382 0 1 4.263
13101 1627994382 0 0 26.61 8.15 158.0 61.29 107.8 6.65 176.4 17.3 176.2 1.51 41.14 11.1
13102 1627994382 0 7 $GNGGA,123941.000,4424.62841,N,00855.04434,E,1,10,1.0,-18.2,M,44.7,M,,*5F
13103 1627994383 0 7 $GNGGA,123942.000,4424.62820,N,00855.04581,E,1,10,1.0,-18.2,M,44.7,M,,*54
13104 1627994384 0 7 $GNGGA,123943.000,4424.62817,N,00855.04706,E,1,10,1.0,-18.1,M,44.7,M,,*5F
13105 1627994384 0 3 2.57 0.00
13106 1627994384 0 4 2.56 1.64
13107 1627994384 0 5 0.02
13108 1627994384 0 6 0.13
13109 1627994384 0 8 4.98 12.30 11.87
13110 1627994384 0 1 4.521
13111 1627994385 0 0 26.61 8.16 158.0 61.31 107.1 6.60 176.6 17.3 175.9 1.52 41.16 11.2
13112 1627994385 0 7 $GNGGA,123944.000,4424.62814,N,00855.04828,E,1,10,1.0,-18.3,M,44.7,M,,*5A
13113 1627994386 0 7 $GNGGA,123945.000,4424.62839,N,00855.04968,E,1,10,1.0,-18.3,M,44.7,M,,*51
13114 1627994387 0 7 $GNGGA,123946.000,4424.62856,N,00855.05102,E,1,10,1.0,-17.7,M,44.7,M,,*55
13115 1627994387 0 3 2.57 0.00
13116 1627994387 0 4 2.56 1.64
13117 1627994387 0 5 0.02
13118 1627994387 0 6 0.12
13119 1627994387 0 8 4.98 12.30 11.87
13120 1627994387 0 1 4.345
13121 1627994388 0 0 26.62 8.15 157.9 61.41 106.3 6.55 176.1 17.3 177.0 1.53 41.24 11.1
13122 1627994388 0 7 $GNGGA,123947.000,4424.62857,N,00855.05219,E,1,10,1.0,-17.3,M,44.7,M,,*58
13123 1627994389 0 7 $GNGGA,123948.000,4424.62873,N,00855.05323,E,1,10,1.0,-16.6,M,44.7,M,,*5D
13124 1627994390 0 7 $GNGGA,123949.000,4424.62906,N,00855.05449,E,1,10,1.0,-16.1,M,44.7,M,,*53
13125 1627994390 0 3 2.57 0.00
13126 1627994390 0 4 2.56 1.65
13127 1627994390 0 5 0.02
13128 1627994390 0 6 0.13
13129 1627994390 0 8 4.98 12.31 11.87
13130 1627994390 0 1 4.467
13131 1627994391 0 0 26.58 8.17 157.9 61.35 105.4 6.50 176.7 17.3 177.3 1.57 41.19 11.6
13132 1627994391 0 7 $GNGGA,123950.000,4424.62909,N,00855.05613,E,1,10,1.0,-15.4,M,44.7,M,,*5F
13133 1627994392 0 7 $GNGGA,123951.000,4424.62931,N,00855.05747,E,1,10,1.0,-15.2,M,44.7,M,,*53
13134 1627994393 0 7 $GNGGA,123952.000,4424.62938,N,00855.05900,E,1,10,1.0,-15.0,M,44.7,M,,*56
13135 1627994393 0 3 2.57 0.00
13136 1627994393 0 4 2.56 1.65
13137 1627994393 0 5 0.02
13138 1627994393 0 6 0.13
13139 1627994393 0 8 4.98 12.30 11.84
13140 1627994393 0 1 4.594
13141 1627994394 0 0 26.59 8.15 157.9 61.39 104.6 6.45 176.5 17.3 177.7 1.59 41.22 11.1
13142 1627994394 0 7 $GNGGA,123953.000,4424.62944,N,00855.06039,E,1,10,1.0,-14.9,M,44.7,M,,*54
13143 1627994395 0 7 $GNGGA,123954.000,4424.62971,N,00855.06168,E,1,10,1.0,-14.8,M,44.7,M,,*51
13144 1627994396 0 7 $GNGGA,123955.000,4424.63007,N,00855.06296,E,1,10,1.0,-14.5,M,44.7,M,,*56
13145 1627994396 0 3 2.57 0.00
13146 1627994396 0 4 2.56 1.66
13147 1627994396 0 5 0.02
13148 1627994396 0 6 0.13
13149 1627994396 0 8 4.98 12.30 11.84
13150 1627994396 0 1 4.682
13151 1627994397 0 0 26.57 8.15 158.0 61.35 104.0 6.41 176.8 17.3 177.6 1.57 41.19 11.0
13152 1627994397 0 7 $GNGGA,123956.000,4424.63057,N,00855.06419,E,1,10,1.0,-14.2,M,44.7,M,,*56
13153 1627994398 0 7 $GNGGA,123957.000,4424.63085,N,00855.06543,E,1,10,1.0,-14.1,M,44.7,M,,*55
13154 1627994399 0 7 $GNGGA,123958.000,4424.63135,N,00855.06679,E,1,10,1.0,-13.9,M,44.7,M,,*55
13155 1627994399 0 3 2.57 0.00
13156 1627994399 0 4 2.56 1.65
13157 1627994399 0 5 0.02
13158 1627994399 0 6 0.13
13159 1627994399 0 8 4.98 12.31 11.84
13160 1627994399 0 1 4.917
13161 1627994400 0 0 26.55 8.16 157.9 61.32 103.5 6.39 177.2 17.2 178.1 1.58 41.17 11.2
13162 1627994400 0 7 $GNGGA,123959.000,4424.63199,N,00855.06820,E,1,10,1.0,-13.4,M,44.7,M,,*5D
13163 1627994401 0 7 $GNGGA,124000.000,4424.63272,N,00855.06975,E,1,10,1.0,-12.5,M,44.7,M,,*58
13164 1627994402 0 7 $GNGGA,124001.000,4424.63349,N,00855.07127,E,1,10,1.0,-11.2,M,44.7,M,,*5A
13165 1627994402 0 3 2.57 0.00
13166 1627994402 0 4 2.56 1.65
13167 1627994402 0 5 0.02
13168 1627994402 0 6 0.13
13169 1627994402 0 8 4.98 12.30 11.87
13170 1627994402 0 1 4.703
13171 1627994403 0 0 26.55 8.16 157.9 61.35 103.3 6.37 176.8 17.3 177.7 1.63 41.19 11.3
13172 1627994403 0 7 $GNGGA,124002.000,4424.63412,N,00855.07259,E,1,10,1.0,-10.1,M,44.7,M,,*58
13173 1627994404 0 7 $GNGGA,124003.000,4424.63504,N,00855.07355,E,1,10,1.0,-9.2,M,44.7,M,,*69
13174 1627994405 0 7 $GNGGA,124004.000,4424.63608,N,00855.07422,E,1,10,1.0,-8.4,M,44.7,M,,*61
13175 1627994405 0 3 2.57 0.00
13176 1627994405 0 4 2.56 1.65
13177 1627994405 0 5 0.02
13178 1627994405 0 6 0.13
13179 1627994405 0 8 4.98 12.30 11.87
13180 1627994405 0 1 5.693
13181 1627994406 0 0 26.54 8.17 157.8 61.27 103.1 6.37 176.9 17.3 178.0 1.63 41.14 11.5
13182 1627994406 0 7 $GNGGA,124005.000,4424.63706,N,00855.07498,E,1,10,1.0,-7.4,M,44.7,M,,*61
13183 1627994407 0 7 $GNGGA,124006.000,4424.63774,N,00855.07616,E,1,10,1.0,-6.6,M,44.7,M,,*60
13184 1627994408 0 7 $GNGGA,124007.000,4424.63826,N,00855.07756,E,1,10,1.0,-5.7,M,44.7,M,,*6E
13185 1627994408 0 3 2.57 0.00
13186 1627994408 0 4 2.56 1.65
13187 1627994408 0 5 0.02
13188 1627994408 0 6 0.14
13189 1627994408 0 8 4.98 12.30 11.84
13190 1627994408 0 1 4.792
13191 1627994409 0 0 26.53 8.16 157.8 61.32 103.1 6.36 177.3 17.2 177.9 1.60 41.17 11.4
13192 1627994409 0 7 $GNGGA,124008.000,4424.63860,N,00855.07890,E,1,10,1.0,-5.0,M,44.7,M,,*61
13193 1627994410 0 7 $GNGGA,124009.000,4424.63888,N,00855.08040,E,1,10,1.0,-3.6,M,44.7,M,,*6C
13194 1627994411 0 7 $GNGGA,124010.000,4424.63919,N,00855.08193,E,1,10,1.0,-2.8,M,44.7,M,,*6D
13195 1627994411 0 3 2.57 0.00
13196 1627994411 0 4 2.56 1.66
13197 1627994411 0 5 0.02
13198 1627994411 0 6 0.14
13199 1627994411 0 8 4.98 12.17 11.84
13200 1627994411 0 1 4.512
13201 1627994412 0 0 26.55 8.15 157.9 61.29 103.1 6.36 177.1 17.2 178.1 1.57 41.15 11.0
13202 1627994412 0 7 $GNGGA,124011.000,4424.63927,N,00855.08346,E,1,10,1.0,-1.6,M,44.7,M,,*66
13203 1627994413 0 7 $GNGGA,124012.000,4424.63930,N,00855.08454,E,1,10,1.0,-1.3,M,44.7,M,,*62
13204 1627994414 0 7 $GNGGA,124013.000,4424.63936,N,00855.08557,E,1,10,1.0,-0.4,M,44.7,M,,*61
13205 1627994414 0 3 2.57 0.00
13206 1627994414 0 4 2.56 1.67
13207 1627994414 0 5 0.02
13208 1627994414 0 6 0.13
13209 1627994415 0 8 4.98 12.31 11.84
13210 1627994415 0 1 4.645
13211 1627994415 0 0 26.57 8.15 157.9 61.31 102.8 6.34 176.6 17.3 177.8 1.58 41.16 11.1
13212 1627994415 0 7 $GNGGA,124014.000,4424.63947,N,00855.08659,E,1,10,1.0,0.4,M,44.7,M,,*40
13213 1627994416 0 7 $GNGGA,124015.000,4424.63967,N,00855.08733,E,1,10,1.0,1.2,M,44.7,M,,*49
13214 1627994417 0 7 $GNGGA,124016.000,4424.63982,N,00855.08798,E,1,10,1.0,1.9,M,44.7,M,,*4B
13215 1627994417 0 3 2.57 0.00
13216 1627994417 0 4 2.56 1.67
13217 1627994417 0 5 0.02
13218 1627994417 0 6 0.14
13219 1627994417 0 8 4.98 12.30 11.87
13220 1627994418 0 1 4.426
13221 1627994418 0 0 26.64 8.14 157.9 61.21 102.8 6.34 175.8 17.3 176.1 1.58 41.08 10.9
13222 1627994418 0 7 $GNGGA,124017.000,4424.63991,N,00855.08861,E,1,10,1.0,2.9,M,44.7,M,,*42
13223 1627994419 0 7 $GNGGA,124018.000,4424.63996,N,00855.08934,E,1,10,1.0,3.3,M,44.7,M,,*40
13224 1627994420 0 7 $GNGGA,124019.000,4424.63999,N,00855.09028,E,1,10,1.0,4.1,M,44.7,M,,*4E
13225 1627994420 0 3 2.57 0.00
13226 1627994420 0 4 2.56 1.66
13227 1627994420 0 5 0.02
13228 1627994420 0 6 0.13
13229 1627994421 0 8 4.98 12.16 11.84
13230 1627994421 0 1 4.476
13231 1627994421 0 0 26.69 8.14 158.1 61.36 102.7 6.32 175.6 17.3 177.3 1.56 41.20 10.8
13232 1627994421 0 7 $GNGGA,124020.000,4424.63996,N,00855.09121,E,1,10,1.0,5.1,M,44.7,M,,*42
13233 1627994422 0 7 $GNGGA,124021.000,4424.63987,N,00855.09206,E,1,10,1.0,6.1,M,44.7,M,,*46
13234 1627994423 0 7 $GNGGA,124022.000,4424.63974,N,00855.09281,E,1,10,1.0,6.9,M,44.7,M,,*4E
13235 1627994423 0 3 2.57 0.00
13236 1627994423 0 4 2.56 1.67
13237 1627994423 0 5 0.02
13238 1627994423 0 6 0.12
13239 1627994423 0 8 4.98 12.31 11.87
13240 1627994424 0 1 4.987
13241 1627994424 0 0 26.58 8.14 158.0 61.43 102.5 6.32 177.4 17.3 178.7 1.56 41.25 11.0
13242 1627994424 0 7 $GNGGA,124023.000,4424.63954,N,00855.09327,E,1,10,1.0,7.6,M,44.7,M,,*4E
13243 1627994425 0 7 $GNGGA,124024.000,4424.63941,N,00855.09429,E,1,10,1.0,8.4,M,44.7,M,,*49
13244 1627994426 0 7 $GNGGA,124025.000,4424.63974,N,00855.09575,E,1,10,1.0,9.2,M,44.7,M,,*41
13245 1627994426 0 3 2.57 0.00
13246 1627994426 0 4 2.56 1.67
13247 1627994426 0 5 0.02
13248 1627994426 0 6 0.13
13249 1627994426 0 8 4.97 11.78 11.84
13250 1627994427 0 1 5.269
13251 1627994427 0 0 26.59 8.17 157.8 61.31 102.4 6.32 177.1 17.3 177.9 1.58 41.16 11.8
13252 1627994427 0 7 $GNGGA,124026.000,4424.64015,N,00855.09739,E,1,10,1.0,10.1,M,44.7,M,,*7A
13253 1627994428 0 7 $GNGGA,124027.000,4424.64026,N,00855.09873,E,1,10,1.0,11.2,M,44.7,M,,*78
13254 1627994429 0 7 $GNGGA,124028.000,4424.64052,N,00855.10015,E,1,10,1.0,12.2,M,44.7,M,,*77
13255 1627994429 0 3 2.57 0.00
13256 1627994429 0 4 2.56 1.68
13257 1627994429 0 5 0.02
13258 1627994429 0 6 0.13
13259 1627994429 0 8 4.98 12.15 11.84
13260 1627994430 0 1 5.306
13261 1627994430 0 0 26.59 8.19 157.5 61.42 102.5 6.32 176.9 17.3 178.1 1.60 41.25 12.2
13262 1627994430 0 7 $GNGGA,124029.000,4424.64061,N,00855.10113,E,1,10,1.0,13.1,M,44.7,M,,*73
13263 1627994431 0 7 $GNGGA,124030.000,4424.64076,N,00855.10236,E,1,10,1.0,13.8,M,44.7,M,,*70
13264 1627994432 0 7 $GNGGA,124031.000,4424.64098,N,00855.10384,E,1,10,1.0,14.3,M,44.7,M,,*75
13265 1627994432 0 3 2.57 0.00
13266 1627994432 0 4 2.56 1.69
13267 1627994432 0 5 0.02
13268 1627994432 0 6 0.13
13269 1627994432 0 8 4.98 12.30 11.84
13270 1627994433 0 1 5.743
13271 1627994433 0 0 26.62 8.20 157.3 61.30 102.5 6.32 176.6 17.3 177.4 1.60 41.15 12.5
13272 1627994433 0 7 $GNGGA,124032.000,4424.64134,N,00855.10573,E,1,10,1.0,13.9,M,44.7,M,,*72
13273 1627994434 0 7 $GNGGA,124033.000,4424.64158,N,00855.10750,E,1,10,1.0,13.9,M,44.7,M,,*7A
13274 1627994435 0 7 $GNGGA,124034.000,4424.64160,N,00855.10880,E,1,10,1.0,14.0,M,44.7,M,,*7A
13275 1627994435 0 3 2.57 0.00
13276 1627994435 0 4 2.56 1.69
13277 1627994435 0 5 0.02
13278 1627994435 0 6 0.14
13279 1627994435 0 8 4.98 12.30 11.87
13280 1627994436 0 1 4.569
13281 1627994436 0 0 26.66 8.19 157.3 61.28 102.7 6.33 176.2 17.3 177.3 1.60 41.13 12.3
13282 1627994436 0 7 $GNGGA,124035.000,4424.64166,N,00855.11014,E,1,10,1.0,13.6,M,44.7,M,,*78
13283 1627994437 0 7 $GNGGA,124036.000,4424.64183,N,00855.11147,E,1,10,1.0,13.2,M,44.7,M,,*73
13284 1627994438 0 7 $GNGGA,124037.000,4424.64185,N,00855.11238,E,1,10,1.0,12.9,M,44.7,M,,*75
13285 1627994438 0 3 2.57 0.00
13286 1627994438 0 4 2.56 1.69
13287 1627994438 0 5 0.02
13288 1627994439 0 6 0.13
13289 1627994439 0 8 4.98 12.31 11.87
13290 1627994439 0 1 4.349
13291 1627994439 0 0 26.69 8.17 157.5 61.28 103.0 6.34 176.1 17.3 177.1 1.60 41.14 11.6
13292 1627994439 0 7 $GNGGA,124038.000,4424.64175,N,00855.11316,E,1,09,1.0,13.0,M,44.7,M,,*78
13293 1627994440 0 7 $GNGGA,124039.000,4424.64163,N,00855.11402,E,1,09,1.0,12.9,M,44.7,M,,*74
13294 1627994441 0 7 $GNGGA,124040.000,4424.64156,N,00855.11501,E,1,09,1.0,12.6,M,44.7,M,,*71
13295 1627994441 0 3 2.57 0.00
13296 1627994441 0 4 2.56 1.69
13297 1627994441 0 5 0.02
13298 1627994442 0 6 0.14
13299 1627994442 0 8 4.98 12.30 11.84
13300 1627994442 0 1 4.713
13301 1627994442 0 0 26.71 8.18 157.4 61.37 103.3 6.36 176.0 17.3 177.1 1.60 41.20 12.0
13302 1627994442 0 7 $GNGGA,124041.000,4424.64147,N,00855.11586,E,1,09,1.0,12.6,M,44.7,M,,*7F
13303 1627994443 0 7 $GNGGA,124042.000,4424.64141,N,00855.11672,E,1,09,1.0,12.6,M,44.7,M,,*72
13304 1627994444 0 7 $GNGGA,124043.000,4424.64141,N,00855.11754,E,1,09,1.0,12.6,M,44.7,M,,*76
13305 1627994444 0 3 2.57 0.00
13306 1627994444 0 4 2.56 1.69
13307 1627994444 0 5 0.02
13308 1627994445 0 6 0.13
13309 1627994445 0 8 4.98 12.30 11.84
13310 1627994445 0 1 4.115
13311 1627994445 0 0 26.76 8.17 157.5 61.32 106.6 6.56 175.5 17.4 176.8 1.59 41.16 11.7
13312 1627994445 0 7 $GNGGA,124044.000,4424.64133,N,00855.11850,E,1,09,1.0,12.5,M,44.7,M,,*7C
13313 1627994446 0 7 $GNGGA,124045.000,4424.64122,N,00855.11968,E,1,09,1.0,12.4,M,44.7,M,,*76
13314 1627994447 0 7 $GNGGA,124046.000,4424.64096,N,00855.12078,E,1,09,1.0,12.4,M,44.7,M,,*70
13315 1627994447 0 3 2.57 0.00
13316 1627994447 0 4 2.56 1.69
13317 1627994447 0 5 0.03
13318 1627994448 0 6 0.13
13319 1627994448 0 8 4.98 12.31 11.84
13320 1627994448 0 1 4.145
13321 1627994448 0 0 26.74 8.17 157.5 61.40 106.9 6.58 176.2 17.3 178.1 1.54 41.23 11.8
13322 1627994448 0 7 $GNGGA,124047.000,4424.64055,N,00855.12181,E,1,09,1.0,12.5,M,44.7,M,,*78
13323 1627994449 0 7 $GNGGA,124048.000,4424.64036,N,00855.12292,E,1,09,1.0,12.6,M,44.7,M,,*70
13324 1627994450 0 7 $GNGGA,124049.000,4424.64042,N,00855.12426,E,1,09,1.0,13.6,M,44.7,M,,*7A
13325 1627994450 0 3 2.57 0.00
13326 1627994450 0 4 2.56 1.69
13327 1627994450 0 5 0.02
13328 1627994451 0 6 0.13
13329 1627994451 0 8 4.98 12.31 11.87
13330 1627994451 0 1 4.524
13331 1627994451 0 0 26.70 8.21 157.2 61.41 107.1 6.59 176.5 17.3 178.3 1.50 41.23 12.9
13332 1627994451 0 7 $GNGGA,124050.000,4424.64048,N,00855.12567,E,1,09,1.0,14.4,M,44.7,M,,*79
13333 1627994452 0 7 $GNGGA,124051.000,4424.64049,N,00855.12690,E,1,09,1.0,14.9,M,44.7,M,,*7F
13334 1627994453 0 7 $GNGGA,124052.000,4424.64060,N,00855.12828,E,1,09,1.0,15.1,M,44.7,M,,*73
13335 1627994453 0 3 2.57 0.00
13336 1627994453 0 4 2.56 1.69
13337 1627994453 0 5 0.02
13338 1627994454 0 6 0.13
13339 1627994454 0 8 4.98 12.29 11.87
13340 1627994454 0 1 4.695
13341 1627994454 0 0 26.70 8.21 157.1 61.37 107.3 6.60 176.6 17.3 178.0 1.48 41.21 12.9
13342 1627994454 0 7 $GNGGA,124053.000,4424.64070,N,00855.12962,E,1,07,1.1,15.2,M,44.7,M,,*70
13343 1627994455 0 7 $GNGGA,124054.000,4424.64074,N,00855.13079,E,1,07,1.1,15.2,M,44.7,M,,*71
13344 1627994456 0 7 $GNGGA,124055.000,4424.64079,N,00855.13188,E,1,08,1.1,15.3,M,44.7,M,,*7C
13345 1627994456 0 3 2.57 0.00
13346 1627994456 0 4 2.56 1.69
13347 1627994456 0 5 0.02
13348 1627994457 0 6 0.09
13349 1627994457 0 8 4.98 12.30 11.87
13350 1627994457 0 1 4.411
13351 1627994457 0 0 26.69 8.21 157.0 61.28 107.6 6.62 176.7 17.4 178.3 1.45 41.13 13.0
13352 1627994457 0 7 $GNGGA,124056.000,4424.64085,N,00855.13303,E,1,08,1.1,15.4,M,44.7,M,,*7A
13353 1627994458 0 7 $GNGGA,124057.000,4424.64101,N,00855.13408,E,1,08,1.1,15.6,M,44.7,M,,*78
13354 1627994459 0 7 $GNGGA,124058.000,4424.64123,N,00855.13498,E,1,08,1.1,15.9,M,44.7,M,,*71
13355 1627994459 0 3 2.57 0.00
13356 1627994459 0 4 2.56 1.69
13357 1627994459 0 5 0.02
13358 1627994460 0 6 0.09
13359 1627994460 0 8 4.98 12.30 11.87
13360 1627994460 0 1 5.272
13361 1627994460 0 0 26.68 8.21 157.0 61.33 108.1 6.65 176.7 17.3 178.3 1.45 41.17 12.9
13362 1627994460 0 7 $GNGGA,124059.000,4424.64148,N,00855.13560,E,1,08,1.1,15.0,M,44.7,M,,*72
13363 1627994461 0 7 $GNGGA,124100.000,4424.64175,N,00855.13652,E,1,08,1.1,14.5,M,44.7,M,,*77
13364 1627994462 0 7 $GNGGA,124101.000,4424.64195,N,00855.13805,E,1,08,1.1,14.3,M,44.7,M,,*72
13365 1627994462 0 3 2.57 0.00
13366 1627994462 0 4 2.56 1.69
13367 1627994462 0 5 0.02
13368 1627994463 0 6 0.09
13369 1627994463 0 8 4.98 12.30 11.84
13370 1627994463 0 1 4.556
13371 1627994463 0 0 26.69 8.22 157.0 61.38 108.6 6.69 176.6 17.3 178.1 1.48 41.21 13.0
13372 1627994463 0 7 $GNGGA,124102.000,4424.64205,N,00855.13981,E,1,08,1.1,14.1,M,44.7,M,,*74
13373 1627994464 0 7 $GNGGA,124103.000,4424.64205,N,00855.14136,E,1,08,1.1,13.9,M,44.7,M,,*79
13374 1627994465 0 7 $GNGGA,124104.000,4424.64211,N,00855.14239,E,1,08,1.1,13.8,M,44.7,M,,*76
13375 1627994465 0 3 2.57 0.00
13376 1627994465 0 4 2.56 1.70
13377 1627994465 0 5 0.02
13378 1627994466 0 6 0.09
13379 1627994466 0 8 4.98 12.30 11.84
13380 1627994466 0 1 4.649
13381 1627994466 0 0 26.68 8.21 156.9 61.37 109.1 6.72 176.8 17.3 178.4 1.52 41.20 12.9
13382 1627994466 0 7 $GNGGA,124105.000,4424.64230,N,00855.14329,E,1,08,1.1,13.8,M,44.7,M,,*74
13383 1627994467 0 7 $GNGGA,124106.000,4424.64255,N,00855.14413,E,1,08,1.1,13.8,M,44.7,M,,*7A
13384 1627994468 0 7 $GNGGA,124107.000,4424.64282,N,00855.14502,E,1,08,1.1,13.8,M,44.7,M,,*70
13385 1627994468 0 3 2.57 0.00
13386 1627994468 0 4 2.56 1.70
13387 1627994468 0 5 0.03
13388 1627994469 0 6 0.08
13389 1627994469 0 8 4.98 12.30 11.84
13390 1627994469 0 1 4.707
13391 1627994469 0 0 26.68 8.21 156.9 61.33 109.4 6.74 176.8 17.3 178.8 1.59 41.17 13.0
13392 1627994469 0 7 $GNGGA,124108.000,4424.64315,N,00855.14592,E,1,08,1.1,13.6,M,44.7,M,,*77
13393 1627994469 0 2 0.06120000 3.60030007 1.64820003 0.02770000 2.74429988 0.00380000 0.06070000 0.27100000 1.00000000 86.96499633
13394 1627994470 0 7 $GNGGA,124109.000,4424.64341,N,00855.14642,E,1,08,1.1,13.5,M,44.7,M,,*7A
13395 1627994471 0 7 $GNGGA,124110.000,4424.64381,N,00855.14682,E,1,09,1.1,13.2,M,44.7,M,,*74
13396 1627994471 0 3 2.57 0.00
13397 1627994471 0 4 2.56 1.70
13398 1627994471 0 5 0.03
13399 1627994472 0 6 0.09
13400 1627994472 0 8 4.98 12.30 11.87
13401 1627994472 0 1 4.522
13402 1627994472 0 0 26.68 8.21 156.9 61.42 109.6 6.75 176.5 17.3 178.8 1.69 41.25 12.8
13403 1627994472 0 7 $GNGGA,124111.000,4424.64416,N,00855.14717,E,1,09,1.1,13.1,M,44.7,M,,*72
13404 1627994473 0 7 $GNGGA,124112.000,4424.64438,N,00855.14745,E,1,09,1.1,13.0,M,44.7,M,,*7B
13405 1627994474 0 7 $GNGGA,124113.000,4424.64460,N,00855.14806,E,1,09,1.1,12.9,M,44.7,M,,*77
13406 1627994474 0 3 2.57 0.00
13407 1627994474 0 4 2.56 1.70
13408 1627994474 0 5 0.02
13409 1627994475 0 6 0.09
13410 1627994475 0 8 4.98 12.30 11.87
13411 1627994475 0 1 4.997
13412 1627994475 0 0 26.65 8.19 157.0 61.38 109.9 6.77 177.0 17.3 178.9 1.82 41.21 12.3
13413 1627994475 0 7 $GNGGA,124114.000,4424.64489,N,00855.14894,E,1,09,1.1,12.9,M,44.7,M,,*7C
13414 1627994476 0 7 $GNGGA,124115.000,4424.64516,N,00855.14989,E,1,09,1.1,12.9,M,44.7,M,,*77
13415 1627994476 0 7 $GNGGA,124116.000,4424.64550,N,00855.15084,E,1,09,1.1,12.6,M,44.7,M,,*7C
13416 1627994477 0 3 2.57 0.00
13417 1627994477 0 4 2.56 1.70
13418 1627994477 0 5 0.02
13419 1627994478 0 6 0.09
13420 1627994478 0 8 4.98 12.30 11.87
13421 1627994478 0 1 5.386
13422 1627994478 0 0 26.66 8.19 157.1 61.44 110.2 6.79 176.8 17.3 178.7 1.95 41.26 12.3
13423 1627994478 0 7 $GNGGA,124117.000,4424.64575,N,00855.15182,E,1,09,1.1,12.4,M,44.7,M,,*7F
13424 1627994479 0 7 $GNGGA,124118.000,4424.64592,N,00855.15306,E,1,09,1.1,12.3,M,44.7,M,,*70
13425 1627994480 0 7 $GNGGA,124119.000,4424.64604,N,00855.15429,E,1,09,1.1,12.3,M,44.7,M,,*77
13426 1627994480 0 3 2.57 0.00
13427 1627994480 0 4 2.56 1.70
13428 1627994480 0 5 0.02
13429 1627994481 0 6 0.10
13430 1627994481 0 8 4.98 12.30 11.87
13431 1627994481 0 1 5.711
13432 1627994481 0 0 26.65 8.20 157.2 61.36 110.6 6.81 176.7 17.3 178.4 2.09 41.20 12.4
13433 1627994481 0 7 $GNGGA,124120.000,4424.64611,N,00855.15551,E,1,09,1.1,12.3,M,44.7,M,,*77
13434 1627994482 0 7 $GNGGA,124121.000,4424.64600,N,00855.15669,E,1,09,1.1,12.5,M,44.7,M,,*78
13435 1627994483 0 7 $GNGGA,124122.000,4424.64584,N,00855.15801,E,1,09,1.1,12.5,M,44.7,M,,*74
13436 1627994483 0 3 2.58 0.00
13437 1627994483 0 4 2.56 1.70
13438 1627994483 0 5 0.03
13439 1627994484 0 6 0.09
13440 1627994484 0 8 4.98 12.30 11.87
13441 1627994484 0 1 6.126
13442 1627994484 0 0 26.63 8.20 157.1 61.44 110.9 6.83 176.9 17.3 178.9 2.19 41.26 12.6
13443 1627994484 0 7 $GNGGA,124123.000,4424.64560,N,00855.15942,E,1,09,1.1,12.4,M,44.7,M,,*78
13444 1627994485 0 7 $GNGGA,124124.000,4424.64529,N,00855.16075,E,1,09,1.1,12.2,M,44.7,M,,*7A
13445 1627994486 0 7 $GNGGA,124125.000,4424.64500,N,00855.16201,E,1,09,1.1,11.9,M,44.7,M,,*79
13446 1627994486 0 3 2.58 0.00
13447 1627994486 0 4 2.56 1.70
13448 1627994486 0 5 0.03
13449 1627994487 0 6 0.09
13450 1627994487 0 8 4.98 12.30 11.84
13451 1627994487 0 1 7.034
13452 1627994487 0 0 26.63 8.21 157.0 61.32 111.1 6.85 176.9 17.3 178.2 2.27 41.17 12.6
13453 1627994487 0 7 $GNGGA,124126.000,4424.64461,N,00855.16326,E,1,09,1.1,11.9,M,44.7,M,,*78
13454 1627994488 0 7 $GNGGA,124127.000,4424.64382,N,00855.16476,E,1,09,1.1,12.3,M,44.7,M,,*78
13455 1627994489 0 7 $GNGGA,124128.000,4424.64303,N,00855.16643,E,1,09,1.1,12.3,M,44.7,M,,*7A
13456 1627994489 0 3 2.58 0.00
13457 1627994489 0 4 2.57 1.70
13458 1627994489 0 5 0.03
13459 1627994490 0 6 0.10
13460 1627994490 0 8 4.98 12.30 11.87
13461 1627994490 0 1 6.446
13462 1627994490 0 0 26.60 8.20 157.1 61.38 111.2 6.86 177.3 17.3 177.7 2.34 41.21 12.5
13463 1627994490 0 7 $GNGGA,124129.000,4424.64225,N,00855.16830,E,1,09,1.1,12.6,M,44.7,M,,*71
13464 1627994491 0 7 $GNGGA,124130.000,4424.64175,N,00855.16996,E,1,09,1.1,12.5,M,44.7,M,,*71
13465 1627994492 0 7 $GNGGA,124131.000,4424.64106,N,00855.17157,E,1,09,1.1,12.2,M,44.7,M,,*77
13466 1627994492 0 3 2.58 0.00
13467 1627994492 0 4 2.56 1.73
13468 1627994492 0 5 0.03
13469 1627994493 0 6 0.10
13470 1627994493 0 8 4.98 12.31 11.87
13471 1627994493 0 1 6.164
13472 1627994493 0 0 26.64 8.21 157.0 61.37 111.1 6.85 176.6 17.3 177.0 2.41 41.21 12.7
13473 1627994493 0 7 $GNGGA,124132.000,4424.64030,N,00855.17319,E,1,09,1.1,11.8,M,44.7,M,,*71
13474 1627994494 0 7 $GNGGA,124133.000,4424.63969,N,00855.17463,E,1,09,1.1,11.9,M,44.7,M,,*79
13475 1627994495 0 7 $GNGGA,124134.000,4424.63933,N,00855.17576,E,1,09,1.1,11.8,M,44.7,M,,*75
13476 1627994495 0 3 2.58 0.00
13477 1627994495 0 4 2.57 1.72
13478 1627994495 0 5 0.03
13479 1627994496 0 6 0.12
13480 1627994496 0 8 4.98 12.30 11.84
13481 1627994496 0 1 7.139
13482 1627994496 0 0 26.62 8.21 157.0 61.36 111.0 6.84 177.0 17.4 177.3 2.49 41.20 12.8
13483 1627994496 0 7 $GNGGA,124135.000,4424.63895,N,00855.17674,E,1,09,1.1,12.2,M,44.7,M,,*71
13484 1627994497 0 7 $GNGGA,124136.000,4424.63859,N,00855.17784,E,1,09,1.1,12.6,M,44.7,M,,*78
13485 1627994498 0 7 $GNGGA,124137.000,4424.63827,N,00855.17894,E,1,09,1.1,13.0,M,44.7,M,,*79
13486 1627994498 0 3 2.58 0.00
13487 1627994498 0 4 2.57 1.72
13488 1627994498 0 5 0.03
13489 1627994499 0 6 0.10
13490 1627994499 0 8 4.98 12.31 11.87
13491 1627994499 0 1 7.171
13492 1627994499 0 0 26.62 8.21 157.0 61.41 110.9 6.83 176.8 17.3 177.5 2.58 41.24 12.8
13493 1627994499 0 7 $GNGGA,124138.000,4424.63778,N,00855.18011,E,1,09,1.1,13.1,M,44.7,M,,*78
13494 1627994500 0 7 $GNGGA,124139.000,4424.63741,N,00855.18142,E,1,09,1.1,13.1,M,44.7,M,,*74
13495 1627994501 0 7 $GNGGA,124140.000,4424.63679,N,00855.18223,E,1,09,1.1,12.9,M,44.7,M,,*7D
13496 1627994501 0 3 2.58 0.00
13497 1627994501 0 4 2.56 1.72
13498 1627994501 0 5 0.03
13499 1627994502 0 6 0.09
13500 1627994502 0 8 4.98 12.30 11.84
13501 1627994502 0 1 7.390
13502 1627994502 0 0 26.62 8.21 157.0 61.33 110.7 6.83 176.8 17.4 177.0 2.63 41.17 12.8
13503 1627994502 0 7 $GNGGA,124141.000,4424.63608,N,00855.18280,E,1,09,1.1,13.0,M,44.7,M,,*7B
13504 1627994503 0 7 $GNGGA,124142.000,4424.63551,N,00855.18344,E,1,09,1.1,13.2,M,44.7,M,,*7C
13505 1627994504 0 7 $GNGGA,124143.000,4424.63492,N,00855.18454,E,1,09,1.1,13.1,M,44.7,M,,*76
13506 1627994504 0 3 2.58 0.00
13507 1627994504 0 4 2.57 1.72
13508 1627994504 0 5 0.03
13509 1627994505 0 6 0.11
13510 1627994505 0 8 4.98 12.31 11.87
13511 1627994505 0 1 7.478
13512 1627994505 0 0 26.61 8.21 156.9 61.33 110.9 6.83 176.9 17.3 177.1 2.70 41.17 12.8
13513 1627994505 0 7 $GNGGA,124144.000,4424.63452,N,00855.18566,E,1,09,1.1,13.1,M,44.7,M,,*7D
13514 1627994506 0 7 $GNGGA,124145.000,4424.63400,N,00855.18663,E,1,09,1.1,13.0,M,44.7,M,,*7C
13515 1627994507 0 7 $GNGGA,124146.000,4424.63335,N,00855.18761,E,1,09,1.1,13.4,M,44.7,M,,*79
13516 1627994507 0 3 2.58 0.00
13517 1627994507 0 4 2.57 1.72
13518 1627994507 0 5 0.03
13519 1627994508 0 6 0.09
13520 1627994508 0 8 4.98 12.31 11.87
13521 1627994508 0 1 8.089
13522 1627994508 0 0 26.58 8.21 157.0 61.41 110.9 6.84 177.1 17.3 177.8 2.77 41.24 12.7
13523 1627994508 0 7 $GNGGA,124147.000,4424.63279,N,00855.18864,E,1,09,1.1,13.6,M,44.7,M,,*79
13524 1627994509 0 7 $GNGGA,124148.000,4424.63228,N,00855.18971,E,1,09,1.1,13.9,M,44.7,M,,*78
13525 1627994510 0 7 $GNGGA,124149.000,4424.63182,N,00855.19052,E,1,09,1.1,14.2,M,44.7,M,,*7F
13526 1627994510 0 3 2.58 0.00
13527 1627994510 0 4 2.57 1.72
13528 1627994511 0 5 0.03
13529 1627994511 0 6 0.12
13530 1627994511 0 8 4.98 12.31 11.87
13531 1627994511 0 1 8.078
13532 1627994511 0 0 26.57 8.21 157.0 61.33 110.8 6.84 177.3 17.3 177.7 2.83 41.18 12.7
13533 1627994511 0 7 $GNGGA,124150.000,4424.63123,N,00855.19122,E,1,09,1.1,14.5,M,44.7,M,,*7D
13534 1627994512 0 7 $GNGGA,124151.000,4424.63064,N,00855.19242,E,1,09,1.1,14.8,M,44.7,M,,*76
13535 1627994513 0 7 $GNGGA,124152.000,4424.63001,N,00855.19340,E,1,09,1.1,14.9,M,44.7,M,,*74
13536 1627994513 0 3 2.58 0.00
13537 1627994513 0 4 2.57 1.72
13538 1627994513 0 5 0.03
13539 1627994514 0 6 0.10
13540 1627994514 0 8 4.98 12.30 11.87
13541 1627994514 0 1 9.111
13542 1627994514 0 0 26.57 8.21 157.0 61.31 110.8 6.84 177.1 17.3 177.1 2.93 41.16 12.7
13543 1627994514 0 7 $GNGGA,124153.000,4424.62952,N,00855.19445,E,1,09,1.1,14.8,M,44.7,M,,*78
13544 1627994515 0 7 $GNGGA,124154.000,4424.62882,N,00855.19511,E,1,09,1.1,15.2,M,44.7,M,,*78
13545 1627994516 0 7 $GNGGA,124155.000,4424.62826,N,00855.19621,E,1,09,1.1,15.2,M,44.7,M,,*77
13546 1627994516 0 3 2.58 0.00
13547 1627994516 0 4 2.57 1.72
13548 1627994516 0 5 0.03
13549 1627994517 0 6 0.07
13550 1627994517 0 8 4.98 12.30 11.87
13551 1627994517 0 1 8.755
13552 1627994517 0 0 26.57 8.21 156.9 61.32 110.9 6.84 177.1 17.3 177.2 2.97 41.17 12.8
13553 1627994517 0 7 $GNGGA,124156.000,4424.62726,N,00855.19729,E,1,09,1.1,14.8,M,44.7,M,,*79
13554 1627994518 0 7 $GNGGA,124157.000,4424.62619,N,00855.19883,E,1,09,1.1,14.6,M,44.7,M,,*74
13555 1627994519 0 7 $GNGGA,124158.000,4424.62490,N,00855.20004,E,1,10,1.0,14.0,M,44.7,M,,*7A
13556 1627994519 0 3 2.58 0.00
13557 1627994519 0 4 2.57 1.72
13558 1627994520 0 5 0.03
13559 1627994520 0 6 0.07
13560 1627994520 0 8 4.98 12.31 11.87
13561 1627994520 0 1 8.398
13562 1627994520 0 0 26.57 8.21 156.9 61.30 111.0 6.85 177.0 17.3 177.1 3.01 41.15 12.9
13563 1627994520 0 7 $GNGGA,124159.000,4424.62394,N,00855.20118,E,1,10,1.0,13.7,M,44.7,M,,*74
13564 1627994521 0 7 $GNGGA,124200.000,4424.62298,N,00855.20261,E,1,10,1.0,13.5,M,44.7,M,,*79
13565 1627994522 0 7 $GNGGA,124201.000,4424.62207,N,00855.20376,E,1,10,1.0,13.8,M,44.7,M,,*74
13566 1627994522 0 3 2.58 0.00
13567 1627994522 0 4 2.57 1.72
13568 1627994522 0 5 0.03
13569 1627994523 0 6 0.08
13570 1627994523 0 8 4.98 12.30 11.87
13571 1627994523 0 1 8.919
13572 1627994523 0 0 26.57 8.22 156.8 61.35 111.0 6.85 177.3 17.3 177.2 3.02 41.19 12.9
13573 1627994523 0 7 $GNGGA,124202.000,4424.62137,N,00855.20523,E,1,10,1.0,13.6,M,44.7,M,,*7F
13574 1627994524 0 7 $GNGGA,124203.000,4424.62054,N,00855.20625,E,1,10,1.0,13.3,M,44.7,M,,*7A
13575 1627994525 0 7 $GNGGA,124204.000,4424.61962,N,00855.20701,E,1,10,1.0,12.9,M,44.7,M,,*7E
13576 1627994525 0 3 2.58 0.00
13577 1627994525 0 4 2.57 1.72
13578 1627994526 0 5 0.03
13579 1627994526 0 6 0.06
13580 1627994526 0 8 4.98 12.30 11.84
13581 1627994526 0 1 8.891
13582 1627994526 0 0 26.55 8.21 156.9 61.26 111.1 6.86 177.2 17.3 177.6 3.04 41.12 12.9
13583 1627994526 0 7 $GNGGA,124205.000,4424.61883,N,00855.20768,E,1,10,1.0,13.2,M,44.7,M,,*74
13584 1627994527 0 7 $GNGGA,124206.000,4424.61773,N,00855.20825,E,1,10,1.0,13.3,M,44.7,M,,*70
13585 1627994528 0 7 $GNGGA,124207.000,4424.61660,N,00855.20895,E,1,10,1.0,13.2,M,44.7,M,,*78
13586 1627994528 0 3 2.58 0.00
13587 1627994528 0 4 2.57 1.72
13588 1627994529 0 5 0.03
13589 1627994529 0 6 0.08
13590 1627994529 0 8 4.98 12.30 11.87
13591 1627994529 0 1 9.117
13592 1627994529 0 0 26.54 8.21 156.8 61.34 111.2 6.86 177.3 17.3 177.4 3.06 41.18 12.9
13593 1627994529 0 7 $GNGGA,124208.000,4424.61587,N,00855.20993,E,1,10,1.0,11.9,M,44.7,M,,*73
13594 1627994530 0 7 $GNGGA,124209.000,4424.61511,N,00855.21060,E,1,10,1.0,11.0,M,44.7,M,,*70
13595 1627994531 0 7 $GNGGA,124210.000,4424.61422,N,00855.21111,E,1,10,1.0,10.1,M,44.7,M,,*7E
13596 1627994531 0 3 2.58 0.00
13597 1627994531 0 4 2.57 1.72
13598 1627994532 0 5 0.03
13599 1627994532 0 6 0.06
13600 1627994532 0 8 4.98 12.17 11.84
13601 1627994532 0 1 9.384
13602 1627994532 0 0 26.53 8.21 156.8 61.29 111.3 6.87 177.4 17.3 177.5 3.07 41.15 12.8
13603 1627994532 0 7 $GNGGA,124211.000,4424.61339,N,00855.21175,E,1,10,1.0,8.9,M,44.7,M,,*41
13604 1627994533 0 7 $GNGGA,124212.000,4424.61262,N,00855.21243,E,1,10,1.0,8.0,M,44.7,M,,*42
13605 1627994534 0 7 $GNGGA,124213.000,4424.61165,N,00855.21301,E,1,10,1.0,7.2,M,44.7,M,,*4D
13606 1627994534 0 3 2.58 0.00
13607 1627994534 0 4 2.57 1.72
13608 1627994535 0 5 0.02
13609 1627994535 0 6 0.08
13610 1627994535 0 8 4.98 12.32 11.87
13611 1627994535 0 1 8.762
13612 1627994535 0 0 26.53 8.21 156.9 61.30 111.4 6.87 177.3 17.3 177.4 3.08 41.15 12.8
13613 1627994535 0 7 $GNGGA,124214.000,4424.61069,N,00855.21360,E,1,10,1.0,6.8,M,44.7,M,,*4B
13614 1627994536 0 7 $GNGGA,124215.000,4424.60970,N,00855.21386,E,1,10,1.0,6.5,M,44.7,M,,*4F
13615 1627994537 0 7 $GNGGA,124216.000,4424.60854,N,00855.21398,E,1,10,1.0,6.0,M,44.7,M,,*41
13616 1627994537 0 3 2.58 0.00
13617 1627994537 0 4 2.57 1.72
13618 1627994538 0 5 0.03
13619 1627994538 0 6 0.07
13620 1627994538 0 8 4.98 12.30 11.87
13621 1627994538 0 1 8.812
13622 1627994538 0 0 26.50 8.21 156.9 61.27 111.4 6.88 177.6 17.3 178.1 3.08 41.13 12.7
13623 1627994538 0 7 $GNGGA,124217.000,4424.60721,N,00855.21379,E,1,10,1.0,5.7,M,44.7,M,,*46
13624 1627994539 0 7 $GNGGA,124218.000,4424.60596,N,00855.21331,E,1,10,1.0,5.3,M,44.7,M,,*4F
13625 1627994540 0 7 $GNGGA,124219.000,4424.60470,N,00855.21330,E,1,10,1.0,5.0,M,44.7,M,,*45
13626 1627994540 0 3 2.58 0.00
13627 1627994540 0 4 2.57 1.72
13628 1627994541 0 5 0.02
13629 1627994541 0 6 0.06
13630 1627994541 0 8 4.98 12.15 11.84
13631 1627994541 0 1 9.396
13632 1627994541 0 0 26.49 8.21 156.9 61.35 111.5 6.89 177.7 17.3 177.7 3.07 41.19 12.7
13633 1627994541 0 7 $GNGGA,124220.000,4424.60338,N,00855.21339,E,1,10,1.0,4.8,M,44.7,M,,*44
13634 1627994542 0 7 $GNGGA,124221.000,4424.60206,N,00855.21332,E,1,10,1.0,4.6,M,44.7,M,,*4C
13635 1627994543 0 7 $GNGGA,124222.000,4424.60033,N,00855.21348,E,1,10,1.0,3.3,M,44.7,M,,*44
13636 1627994543 0 3 2.58 0.00
13637 1627994543 0 4 2.57 1.72
13638 1627994544 0 5 0.03
13639 1627994544 0 6 0.07
13640 1627994544 0 8 4.98 12.32 11.84
13641 1627994544 0 1 8.243
13642 1627994544 0 0 26.47 8.21 157.0 61.33 111.5 6.89 177.7 17.3 177.8 3.02 41.18 12.6
13643 1627994544 0 7 $GNGGA,124223.000,4424.59917,N,00855.21350,E,1,10,1.0,3.0,M,44.7,M,,*4A
13644 1627994545 0 7 $GNGGA,124224.000,4424.59799,N,00855.21373,E,1,10,1.0,2.5,M,44.7,M,,*40
13645 1627994546 0 7 $GNGGA,124225.000,4424.59683,N,00855.21400,E,1,10,1.0,2.1,M,44.7,M,,*4C
13646 1627994546 0 3 2.58 0.00
13647 1627994546 0 4 2.57 1.73
13648 1627994547 0 5 0.03
13649 1627994547 0 6 0.09
13650 1627994547 0 8 4.98 12.23 11.84
13651 1627994547 0 1 8.272
13652 1627994547 0 0 26.45 8.20 157.0 61.36 111.4 6.89 177.9 17.3 178.0 2.99 41.21 12.5
13653 1627994547 0 7 $GNGGA,124226.000,4424.59597,N,00855.21435,E,1,10,1.0,1.8,M,44.7,M,,*45
13654 1627994548 0 7 $GNGGA,124227.000,4424.59508,N,00855.21468,E,1,10,1.0,1.7,M,44.7,M,,*45
13655 1627994549 0 7 $GNGGA,124228.000,4424.59426,N,00855.21501,E,1,10,1.0,1.6,M,44.7,M,,*48
13656 1627994549 0 3 2.58 0.00
13657 1627994549 0 4 2.57 1.72
13658 1627994550 0 5 0.02
13659 1627994550 0 6 0.08
13660 1627994550 0 8 4.98 12.15 11.84
13661 1627994550 0 1 8.346
13662 1627994550 0 0 26.46 8.20 157.0 61.44 111.4 6.88 177.7 17.3 177.6 2.95 41.26 12.5
13663 1627994550 0 7 $GNGGA,124229.000,4424.59345,N,00855.21521,E,1,10,1.0,1.6,M,44.7,M,,*49
13664 1627994551 0 7 $GNGGA,124230.000,4424.59276,N,00855.21524,E,1,10,1.0,1.4,M,44.7,M,,*47
13665 1627994552 0 7 $GNGGA,124231.000,4424.59220,N,00855.21520,E,1,10,1.0,1.2,M,44.7,M,,*47
13666 1627994552 0 3 2.58 0.00
13667 1627994552 0 4 2.57 1.72
13668 1627994553 0 5 0.03
13669 1627994553 0 6 0.08
13670 1627994553 0 8 4.98 12.30 11.87
13671 1627994553 0 1 7.788
13672 1627994553 0 0 26.45 8.20 157.0 61.33 111.3 6.88 177.8 17.3 177.4 2.91 41.18 12.5
13673 1627994553 0 7 $GNGGA,124232.000,4424.59172,N,00855.21515,E,1,10,1.0,0.9,M,44.7,M,,*4C
13674 1627994554 0 7 $GNGGA,124233.000,4424.59142,N,00855.21494,E,1,10,1.0,0.6,M,44.7,M,,*49
13675 1627994555 0 7 $GNGGA,124234.000,4424.59098,N,00855.21492,E,1,10,1.0,-0.3,M,44.7,M,,*66
13676 1627994555 0 3 2.58 0.00
13677 1627994555 0 4 2.57 1.71
13678 1627994556 0 5 0.02
13679 1627994556 0 6 0.08
13680 1627994556 0 8 4.98 12.30 11.87
13681 1627994556 0 1 7.781
13682 1627994556 0 0 26.51 8.20 157.0 61.34 111.3 6.87 176.9 17.3 176.1 2.86 41.19 12.5
13683 1627994556 0 7 $GNGGA,124235.000,4424.59036,N,00855.21474,E,1,10,1.0,-1.3,M,44.7,M,,*6A
13684 1627994557 0 7 $GNGGA,124236.000,4424.58973,N,00855.21440,E,1,10,1.0,-2.3,M,44.7,M,,*64
13685 1627994558 0 7 $GNGGA,124237.000,4424.58903,N,00855.21398,E,1,10,1.0,-3.2,M,44.7,M,,*60
13686 1627994558 0 3 2.58 0.00
13687 1627994558 0 4 2.57 1.71
13688 1627994559 0 5 0.03
13689 1627994559 0 6 0.06
13690 1627994559 0 8 4.98 12.31 11.87
13691 1627994559 0 1 7.791
13692 1627994559 0 0 26.50 8.21 157.0 61.36 111.1 6.86 177.0 17.3 176.3 2.79 41.20 12.6
13693 1627994559 0 7 $GNGGA,124238.000,4424.58860,N,00855.21323,E,1,10,1.0,-3.7,M,44.7,M,,*6E
13694 1627994560 0 7 $GNGGA,124239.000,4424.58788,N,00855.21267,E,1,10,1.0,-4.0,M,44.7,M,,*67
13695 1627994561 0 7 $GNGGA,124240.000,4424.58719,N,00855.21206,E,1,10,1.0,-4.1,M,44.7,M,,*67
13696 1627994561 0 3 2.58 0.00
13697 1627994561 0 4 2.57 1.72
13698 1627994562 0 5 0.03
13699 1627994562 0 6 0.04
13700 1627994562 0 8 4.98 12.30 11.87
13701 1627994562 0 1 8.030
13702 1627994562 0 0 26.44 8.20 157.1 61.49 111.1 6.86 177.9 17.3 176.9 2.73 41.30 12.5
13703 1627994562 0 7 $GNGGA,124241.000,4424.58665,N,00855.21147,E,1,10,1.0,-4.2,M,44.7,M,,*69
13704 1627994563 0 7 $GNGGA,124242.000,4424.58625,N,00855.21090,E,1,10,1.0,-3.7,M,44.7,M,,*67
13705 1627994564 0 7 $GNGGA,124243.000,4424.58596,N,00855.21027,E,1,10,1.0,-3.4,M,44.7,M,,*62
13706 1627994564 0 3 2.58 0.00
13707 1627994564 0 4 2.56 1.71
13708 1627994565 0 5 0.03
13709 1627994565 0 6 0.04
13710 1627994565 0 8 4.98 12.29 11.84
13711 1627994565 0 1 7.593
13712 1627994565 0 0 26.44 8.20 157.1 61.43 111.0 6.86 177.9 17.3 176.7 2.67 41.25 12.5
13713 1627994565 0 7 $GNGGA,124244.000,4424.58581,N,00855.20972,E,1,10,1.0,-3.5,M,44.7,M,,*6A
13714 1627994566 0 7 $GNGGA,124245.000,4424.58542,N,00855.20921,E,1,10,1.0,-3.5,M,44.7,M,,*62
13715 1627994567 0 7 $GNGGA,124246.000,4424.58509,N,00855.20878,E,1,10,1.0,-3.4,M,44.7,M,,*62
13716 1627994567 0 3 2.58 0.00
13717 1627994567 0 4 2.57 1.71
13718 1627994568 0 5 0.03
13719 1627994568 0 6 0.05
13720 1627994568 0 8 4.98 12.31 11.87
13721 1627994568 0 1 7.901
13722 1627994568 0 0 26.44 8.20 157.0 61.33 110.9 6.86 177.7 17.3 176.2 2.56 41.18 12.5
13723 1627994568 0 7 $GNGGA,124247.000,4424.58472,N,00855.20849,E,1,10,1.0,-3.1,M,44.7,M,,*69
13724 1627994569 0 7 $GNGGA,124248.000,4424.58447,N,00855.20875,E,1,10,1.0,-3.0,M,44.7,M,,*6E
13725 1627994570 0 7 $GNGGA,124249.000,4424.58426,N,00855.20871,E,1,10,1.0,-2.7,M,44.7,M,,*6A
13726 1627994570 0 3 2.58 0.00
13727 1627994570 0 4 2.56 1.71
13728 1627994571 0 5 0.02
13729 1627994571 0 6 0.06
13730 1627994571 0 8 4.98 12.31 11.84
13731 1627994571 0 1 6.745
13732 1627994571 0 0 26.45 8.20 157.1 61.40 110.8 6.85 177.5 17.3 175.8 2.45 41.23 12.5
13733 1627994571 0 7 $GNGGA,124250.000,4424.58398,N,00855.20831,E,1,10,1.0,-2.2,M,44.7,M,,*61
13734 1627994572 0 7 $GNGGA,124251.000,4424.58362,N,00855.20758,E,1,10,1.0,-1.4,M,44.7,M,,*60
13735 1627994573 0 7 $GNGGA,124252.000,4424.58333,N,00855.20705,E,1,10,1.0,-1.0,M,44.7,M,,*6B
13736 1627994573 0 3 2.58 0.00
13737 1627994573 0 4 2.56 1.71
13738 1627994574 0 5 0.03
13739 1627994574 0 6 0.09
13740 1627994574 0 8 4.98 12.31 11.87
13741 1627994574 0 1 6.699
13742 1627994574 0 0 26.49 8.21 157.0 61.31 110.7 6.84 177.2 17.3 175.5 2.32 41.17 12.6
13743 1627994574 0 7 $GNGGA,124253.000,4424.58297,N,00855.20621,E,1,10,1.0,-0.7,M,44.7,M,,*64
13744 1627994575 0 7 $GNGGA,124254.000,4424.58256,N,00855.20511,E,1,10,1.0,-0.3,M,44.7,M,,*6A
13745 1627994576 0 7 $GNGGA,124255.000,4424.58212,N,00855.20405,E,1,10,1.0,0.0,M,44.7,M,,*41
13746 1627994576 0 3 2.58 0.00
13747 1627994576 0 4 2.56 1.72
13748 1627994577 0 5 0.03
13749 1627994577 0 6 0.06
13750 1627994577 0 8 4.98 12.30 11.87
13751 1627994577 0 1 6.702
13752 1627994577 0 0 26.52 8.21 157.1 61.37 110.7 6.83 176.8 17.3 174.8 2.21 41.21 12.6
13753 1627994577 0 7 $GNGGA,124256.000,4424.58147,N,00855.20274,E,1,10,1.0,0.0,M,44.7,M,,*41
13754 1627994578 0 7 $GNGGA,124257.000,4424.58056,N,00855.20122,E,1,10,1.0,-0.1,M,44.7,M,,*6D
13755 1627994579 0 7 $GNGGA,124258.000,4424.57956,N,00855.19968,E,1,10,1.0,-0.1,M,44.7,M,,*68
13756 1627994579 0 3 2.57 0.00
13757 1627994579 0 4 2.56 1.72
13758 1627994580 0 5 0.03
13759 1627994580 0 6 0.04
13760 1627994580 0 8 4.98 12.31 11.87
13761 1627994580 0 1 6.396
13762 1627994580 0 0 26.54 8.21 157.0 61.33 110.6 6.83 177.3 17.3 175.5 2.10 41.18 12.8
13763 1627994580 0 7 $GNGGA,124259.000,4424.57837,N,00855.19825,E,1,10,1.0,-0.1,M,44.7,M,,*67
13764 1627994581 0 7 $GNGGA,124300.000,4424.57717,N,00855.19774,E,1,10,1.0,-0.5,M,44.7,M,,*68
13765 1627994582 0 7 $GNGGA,124301.000,4424.57602,N,00855.19746,E,1,10,1.0,-0.6,M,44.7,M,,*6E
13766 1627994582 0 3 2.57 0.00
13767 1627994582 0 4 2.56 1.72
13768 1627994583 0 5 0.03
13769 1627994583 0 6 0.05
13770 1627994583 0 8 4.98 12.31 11.87
13771 1627994583 0 1 6.232
13772 1627994583 0 0 26.55 8.21 157.0 61.35 110.6 6.82 176.7 17.3 175.0 1.97 41.19 12.7
13773 1627994583 0 7 $GNGGA,124302.000,4424.57434,N,00855.19774,E,1,09,1.2,-0.5,M,44.7,M,,*62
13774 1627994584 0 7 $GNGGA,124303.000,4424.57275,N,00855.19796,E,1,08,1.3,-0.7,M,44.7,M,,*6E
13775 1627994585 0 7 $GNGGA,124304.000,4424.57156,N,00855.19777,E,1,08,1.3,-0.8,M,44.7,M,,*6B
13776 1627994585 0 3 2.57 0.00
13777 1627994585 0 4 2.56 1.72
13778 1627994586 0 5 0.02
13779 1627994586 0 6 0.06
13780 1627994586 0 8 4.98 12.30 11.87
13781 1627994586 0 1 5.884
13782 1627994586 0 0 26.52 8.21 157.0 61.40 110.6 6.83 177.3 17.3 176.1 1.88 41.23 12.7
13783 1627994586 0 7 $GNGGA,124305.000,4424.57046,N,00855.19759,E,1,08,1.3,-1.0,M,44.7,M,,*6F
13784 1627994587 0 7 $GNGGA,124306.000,4424.56921,N,00855.19750,E,1,08,1.3,-1.1,M,44.7,M,,*6D
13785 1627994588 0 7 $GNGGA,124307.000,4424.56723,N,00855.19793,E,1,08,1.3,-1.5,M,44.7,M,,*6B
13786 1627994588 0 3 2.57 0.00
13787 1627994588 0 4 2.56 1.72
13788 1627994589 0 5 0.03
13789 1627994589 0 6 0.07
13790 1627994589 0 8 4.98 12.31 11.84
13791 1627994589 0 1 5.790
13792 1627994589 0 0 26.53 8.21 157.0 61.40 110.6 6.82 177.2 17.3 176.3 1.80 41.23 12.7
13793 1627994589 0 7 $GNGGA,124308.000,4424.56546,N,00855.19813,E,1,08,1.3,-1.7,M,44.7,M,,*60
13794 1627994589 0 2 0.04400000 2.56929993 1.52810001 0.01980000 2.70350003 0.00400000 0.05030000 0.19499999 1.00000000 89.05799865
13795 1627994590 0 7 $GNGGA,124309.000,4424.56425,N,00855.19807,E,1,08,1.3,-1.8,M,44.7,M,,*6F
13796 1627994591 0 7 $GNGGA,124310.000,4424.56402,N,00855.19789,E,1,08,1.3,-2.0,M,44.7,M,,*60
13797 1627994591 0 3 2.57 0.00
13798 1627994591 0 4 2.56 1.71
13799 1627994592 0 5 0.03
13800 1627994592 0 6 0.08
13801 1627994592 0 8 4.98 12.31 11.87
13802 1627994592 0 1 5.727
13803 1627994592 0 0 26.57 8.21 156.9 61.35 110.6 6.82 176.8 17.3 175.1 1.74 41.20 12.9
13804 1627994592 0 7 $GNGGA,124311.000,4424.56386,N,00855.19755,E,1,08,1.3,-2.0,M,44.7,M,,*6B
13805 1627994593 0 7 $GNGGA,124312.000,4424.56401,N,00855.19689,E,1,08,1.3,-2.0,M,44.7,M,,*60
13806 1627994594 0 7 $GNGGA,124313.000,4424.56438,N,00855.19606,E,1,08,1.3,-2.1,M,44.7,M,,*6D
13807 1627994594 0 3 2.57 0.00
13808 1627994594 0 4 2.56 1.71
13809 1627994595 0 5 0.02
13810 1627994595 0 6 0.07
13811 1627994595 0 8 4.98 12.30 11.84
13812 1627994595 0 1 6.074
13813 1627994595 0 0 26.57 8.21 156.9 61.30 110.6 6.82 176.8 17.3 175.8 1.67 41.15 12.9
13814 1627994595 0 7 $GNGGA,124314.000,4424.56463,N,00855.19497,E,1,08,1.3,-2.1,M,44.7,M,,*6E
13815 1627994596 0 7 $GNGGA,124315.000,4424.56473,N,00855.19407,E,1,08,1.3,-2.1,M,44.7,M,,*67
13816 1627994597 0 7 $GNGGA,124316.000,4424.56481,N,00855.19325,E,1,08,1.3,-2.0,M,44.7,M,,*6F
13817 1627994597 0 3 2.57 0.00
13818 1627994597 0 4 2.56 1.71
13819 1627994598 0 5 0.02
13820 1627994598 0 6 0.08
13821 1627994598 0 8 4.98 12.31 11.87
13822 1627994598 0 1 5.476
13823 1627994598 0 0 26.56 8.21 156.8 61.31 110.6 6.82 176.9 17.3 175.9 1.62 41.16 12.8
13824 1627994598 0 7 $GNGGA,124317.000,4424.56474,N,00855.19227,E,1,07,1.3,-2.0,M,44.7,M,,*68
13825 1627994599 0 7 $GNGGA,124318.000,4424.56441,N,00855.19138,E,1,07,1.3,-2.0,M,44.7,M,,*6C
13826 1627994600 0 7 $GNGGA,124319.000,4424.56384,N,00855.19011,E,1,08,1.2,-1.9,M,44.7,M,,*6D
13827 1627994600 0 3 2.57 0.00
13828 1627994600 0 4 2.56 1.72
13829 1627994601 0 5 0.03
13830 1627994601 0 6 0.08
13831 1627994601 0 8 4.98 12.30 11.87
13832 1627994601 0 1 5.172
13833 1627994601 0 0 26.54 8.21 156.9 61.34 110.6 6.83 177.0 17.3 175.3 1.57 41.18 12.7
13834 1627994601 0 7 $GNGGA,124320.000,4424.56346,N,00855.18871,E,1,08,1.2,-1.9,M,44.7,M,,*66
13835 1627994601 0 7 $GNGGA,124321.000,4424.56296,N,00855.18757,E,1,09,1.0,-1.8,M,44.7,M,,*62
13836 1627994603 0 7 $GNGGA,124322.000,4424.56231,N,00855.18662,E,1,09,1.0,-1.7,M,44.7,M,,*64
13837 1627994603 0 3 2.57 0.00
13838 1627994603 0 4 2.56 1.72
13839 1627994604 0 5 0.02
13840 1627994604 0 6 0.08
13841 1627994604 0 8 4.98 12.30 11.87
13842 1627994604 0 1 5.272
13843 1627994604 0 0 26.55 8.21 156.9 61.42 110.6 6.82 176.8 17.3 175.5 1.54 41.25 12.8
13844 1627994604 0 7 $GNGGA,124323.000,4424.56141,N,00855.18556,E,1,09,1.0,-1.7,M,44.7,M,,*65
13845 1627994605 0 7 $GNGGA,124324.000,4424.56076,N,00855.18472,E,1,09,1.0,-1.7,M,44.7,M,,*60
13846 1627994606 0 7 $GNGGA,124325.000,4424.56000,N,00855.18381,E,1,09,1.0,-1.6,M,44.7,M,,*6A
13847 1627994606 0 3 2.57 0.00
13848 1627994606 0 4 2.56 1.72
13849 1627994607 0 5 0.03
13850 1627994607 0 6 0.08
13851 1627994607 0 8 4.98 12.31 11.87
13852 1627994607 0 1 5.056
13853 1627994607 0 0 26.55 8.21 156.9 61.29 110.6 6.83 176.7 17.4 175.3 1.50 41.15 12.8
13854 1627994607 0 7 $GNGGA,124326.000,4424.55925,N,00855.18302,E,1,09,1.0,-1.7,M,44.7,M,,*6E
13855 1627994608 0 7 $GNGGA,124327.000,4424.55851,N,00855.18224,E,1,09,1.0,-1.7,M,44.7,M,,*68
13856 1627994609 0 7 $GNGGA,124328.000,4424.55782,N,00855.18149,E,1,09,1.0,-1.7,M,44.7,M,,*6E
13857 1627994609 0 3 2.57 0.00
13858 1627994609 0 4 2.56 1.72
13859 1627994610 0 5 0.03
13860 1627994610 0 6 0.09
13861 1627994610 0 8 4.98 12.30 11.87
13862 1627994610 0 1 4.783
13863 1627994610 0 0 26.56 8.21 156.9 61.30 110.6 6.83 176.5 17.3 174.9 1.45 41.15 12.8
13864 1627994610 0 7 $GNGGA,124329.000,4424.55708,N,00855.18057,E,1,09,1.0,-1.5,M,44.7,M,,*61
13865 1627994611 0 7 $GNGGA,124330.000,4424.55651,N,00855.17998,E,1,09,1.0,-1.3,M,44.7,M,,*67
13866 1627994612 0 7 $GNGGA,124331.000,4424.55596,N,00855.17927,E,1,09,1.0,-0.9,M,44.7,M,,*61
13867 1627994612 0 3 2.57 0.00
13868 1627994612 0 4 2.56 1.72
13869 1627994613 0 5 0.03
13870 1627994613 0 6 0.09
13871 1627994613 0 8 4.98 12.31 11.87
13872 1627994613 0 1 4.896
13873 1627994613 0 0 26.59 8.21 156.8 61.36 110.6 6.82 176.5 17.4 174.8 1.43 41.20 12.8
13874 1627994613 0 7 $GNGGA,124332.000,4424.55534,N,00855.17837,E,1,09,1.0,-0.5,M,44.7,M,,*66
13875 1627994614 0 7 $GNGGA,124333.000,4424.55470,N,00855.17735,E,1,09,1.0,0.2,M,44.7,M,,*41
13876 1627994615 0 7 $GNGGA,124334.000,4424.55401,N,00855.17631,E,1,09,1.0,0.6,M,44.7,M,,*41
13877 1627994615 0 3 2.57 0.00
13878 1627994615 0 4 2.56 1.72
13879 1627994616 0 5 0.03
13880 1627994616 0 6 0.09
13881 1627994616 0 8 4.98 12.31 11.87
13882 1627994616 0 1 4.737
13883 1627994616 0 0 26.60 8.21 156.8 61.36 110.6 6.82 176.3 17.4 174.5 1.42 41.20 12.8
13884 1627994616 0 7 $GNGGA,124335.000,4424.55345,N,00855.17544,E,1,09,1.0,1.2,M,44.7,M,,*43
13885 1627994617 0 7 $GNGGA,124336.000,4424.55306,N,00855.17477,E,1,09,1.0,1.5,M,44.7,M,,*41
13886 1627994618 0 7 $GNGGA,124337.000,4424.55275,N,00855.17446,E,1,09,1.0,1.7,M,44.7,M,,*45
13887 1627994618 0 3 2.57 0.00
13888 1627994618 0 4 2.56 1.72
13889 1627994619 0 5 0.03
13890 1627994619 0 6 0.09
13891 1627994619 0 8 4.98 12.30 11.87
13892 1627994619 0 1 4.782
13893 1627994619 0 0 26.61 8.22 156.8 61.38 110.6 6.82 176.1 17.4 174.8 1.40 41.21 12.9
13894 1627994619 0 7 $GNGGA,124338.000,4424.55173,N,00855.17449,E,1,09,1.0,1.3,M,44.7,M,,*44
13895 1627994620 0 7 $GNGGA,124339.000,4424.55089,N,00855.17410,E,1,09,1.0,1.2,M,44.7,M,,*4C
13896 1627994621 0 7 $GNGGA,124340.000,4424.55018,N,00855.17327,E,1,09,1.0,1.1,M,44.7,M,,*4A
13897 1627994621 0 3 2.57 0.00
13898 1627994621 0 4 2.56 1.72
13899 1627994622 0 5 0.03
13900 1627994622 0 6 0.09
13901 1627994622 0 8 4.98 12.30 11.87
13902 1627994622 0 1 5.071
13903 1627994622 0 0 26.61 8.22 156.8 61.37 110.6 6.82 176.2 17.4 174.9 1.38 41.21 12.9
13904 1627994622 0 7 $GNGGA,124341.000,4424.54947,N,00855.17242,E,1,10,1.0,1.2,M,44.7,M,,*40
13905 1627994623 0 7 $GNGGA,124342.000,4424.54875,N,00855.17140,E,1,10,1.0,1.4,M,44.7,M,,*44
13906 1627994624 0 7 $GNGGA,124343.000,4424.54808,N,00855.17028,E,1,10,1.0,1.8,M,44.7,M,,*4C
13907 1627994624 0 3 2.57 0.00
13908 1627994624 0 4 2.56 1.72
13909 1627994625 0 5 0.02
13910 1627994625 0 6 0.09
13911 1627994625 0 8 4.98 12.30 11.87
13912 1627994625 0 1 4.561
13913 1627994625 0 0 26.61 8.22 156.8 61.39 110.6 6.82 176.4 17.4 175.0 1.34 41.22 12.9
13914 1627994625 0 7 $GNGGA,124344.000,4424.54735,N,00855.16893,E,1,10,1.0,2.5,M,44.7,M,,*4D
13915 1627994626 0 7 $GNGGA,124345.000,4424.54669,N,00855.16749,E,1,10,1.0,3.0,M,44.7,M,,*48
13916 1627994627 0 7 $GNGGA,124346.000,4424.54605,N,00855.16639,E,1,10,1.0,3.7,M,44.7,M,,*40
13917 1627994627 0 3 2.57 0.00
13918 1627994627 0 4 2.56 1.72
13919 1627994628 0 5 0.03
13920 1627994628 0 6 0.09
13921 1627994628 0 8 4.98 12.30 11.89
13922 1627994628 0 1 4.300
13923 1627994628 0 0 26.61 8.22 156.8 61.37 110.6 6.82 176.4 17.3 175.3 1.31 41.21 12.9
13924 1627994628 0 7 $GNGGA,124347.000,4424.54543,N,00855.16548,E,1,10,1.0,4.2,M,44.7,M,,*47
13925 1627994629 0 7 $GNGGA,124348.000,4424.54495,N,00855.16456,E,1,09,1.0,3.8,M,44.7,M,,*49
13926 1627994630 0 7 $GNGGA,124349.000,4424.54452,N,00855.16381,E,1,09,1.0,3.6,M,44.7,M,,*40
13927 1627994630 0 3 2.57 0.00
13928 1627994630 0 4 2.55 1.72
13929 1627994631 0 5 0.02
13930 1627994631 0 6 0.09
13931 1627994631 0 8 4.98 12.30 11.87
13932 1627994631 0 1 4.212
13933 1627994631 0 0 26.62 8.22 156.8 61.37 110.7 6.82 176.3 17.4 174.9 1.27 41.20 12.9
13934 1627994631 0 7 $GNGGA,124350.000,4424.54405,N,00855.16342,E,1,09,1.0,3.3,M,44.7,M,,*40
13935 1627994632 0 7 $GNGGA,124351.000,4424.54371,N,00855.16308,E,1,09,1.0,3.1,M,44.7,M,,*49
13936 1627994633 0 7 $GNGGA,124352.000,4424.54328,N,00855.16255,E,1,10,1.0,3.2,M,44.7,M,,*44
13937 1627994633 0 3 2.57 0.00
13938 1627994633 0 4 2.56 1.71
13939 1627994634 0 5 0.02
13940 1627994634 0 6 0.09
13941 1627994634 0 8 4.98 12.30 11.87
13942 1627994634 0 1 4.275
13943 1627994634 0 0 26.62 8.22 156.7 61.26 110.7 6.83 176.4 17.4 175.2 1.23 41.12 12.9
13944 1627994634 0 7 $GNGGA,124353.000,4424.54270,N,00855.16223,E,1,10,1.0,3.3,M,44.7,M,,*49
13945 1627994635 0 7 $GNGGA,124354.000,4424.54223,N,00855.16141,E,1,10,1.0,3.5,M,44.7,M,,*49
13946 1627994636 0 7 $GNGGA,124355.000,4424.54167,N,00855.16050,E,1,10,1.0,3.9,M,44.7,M,,*46
13947 1627994636 0 3 2.57 0.00
13948 1627994636 0 4 2.55 1.67
13949 1627994637 0 5 0.03
13950 1627994637 0 6 0.09
13951 1627994637 0 8 4.98 12.30 11.87
13952 1627994637 0 1 4.503
13953 1627994637 0 0 26.62 8.22 156.7 61.32 110.8 6.83 176.5 17.4 175.4 1.21 41.17 12.9
13954 1627994637 0 7 $GNGGA,124356.000,4424.54094,N,00855.15973,E,1,10,1.0,4.2,M,44.7,M,,*4F
13955 1627994638 0 7 $GNGGA,124357.000,4424.54034,N,00855.15894,E,1,10,1.0,4.5,M,44.7,M,,*4B
13956 1627994639 0 7 $GNGGA,124358.000,4424.53978,N,00855.15813,E,1,10,1.0,4.7,M,44.7,M,,*4F
13957 1627994639 0 3 2.57 0.00
13958 1627994639 0 4 2.55 1.70
13959 1627994640 0 5 0.03
13960 1627994640 0 6 0.09
13961 1627994640 0 8 4.98 12.30 11.87
13962 1627994640 0 1 4.134
13963 1627994640 0 0 26.62 8.22 156.7 61.25 110.9 6.84 176.3 17.4 174.7 1.21 41.11 12.9
13964 1627994640 0 7 $GNGGA,124359.000,4424.53921,N,00855.15741,E,1,10,1.0,4.9,M,44.7,M,,*44
13965 1627994641 0 7 $GNGGA,124400.000,4424.53845,N,00855.15665,E,1,10,1.0,5.0,M,44.7,M,,*43
13966 1627994641 0 7 $GNGGA,124401.000,4424.53762,N,00855.15557,E,1,10,1.0,4.9,M,44.7,M,,*42
13967 1627994642 0 3 2.57 0.00
13968 1627994642 0 4 2.55 1.69
13969 1627994643 0 5 0.02
13970 1627994643 0 6 0.09
13971 1627994643 0 8 4.98 12.30 11.87
13972 1627994643 0 1 4.302
13973 1627994643 0 0 26.63 8.22 156.8 61.36 111.0 6.84 176.2 17.4 175.3 1.20 41.19 12.9
13974 1627994643 0 7 $GNGGA,124402.000,4424.53688,N,00855.15444,E,1,10,1.0,4.9,M,44.7,M,,*47
13975 1627994643 0 7 $GNGGA,124403.000,4424.53601,N,00855.15350,E,1,10,1.0,4.4,M,44.7,M,,*48
13976 1627994645 0 7 $GNGGA,124404.000,4424.53508,N,00855.15262,E,1,10,1.0,4.0,M,44.7,M,,*41
13977 1627994645 0 3 2.57 0.00
13978 1627994645 0 4 2.56 1.68
13979 1627994646 0 5 0.02
13980 1627994646 0 6 0.09
13981 1627994646 0 8 4.98 12.31 11.87
13982 1627994646 0 1 4.350
13983 1627994646 0 0 26.63 8.22 156.7 61.29 111.1 6.85 176.4 17.4 175.2 1.18 41.15 13.0
13984 1627994646 0 7 $GNGGA,124405.000,4424.53411,N,00855.15182,E,1,10,1.0,3.4,M,44.7,M,,*47
13985 1627994647 0 7 $GNGGA,124406.000,4424.53353,N,00855.15106,E,1,09,1.1,4.2,M,44.7,M,,*41
13986 1627994648 0 7 $GNGGA,124407.000,4424.53279,N,00855.15021,E,1,09,1.1,4.4,M,44.7,M,,*4B
13987 1627994648 0 3 2.57 0.00
13988 1627994648 0 4 2.55 1.71
13989 1627994649 0 5 0.03
13990 1627994649 0 6 0.09
13991 1627994649 0 8 4.98 12.30 11.87
13992 1627994649 0 1 5.054
13993 1627994649 0 0 26.63 8.22 156.7 61.37 111.3 6.86 176.2 17.4 175.5 1.18 41.20 13.0
13994 1627994649 0 7 $GNGGA,124408.000,4424.53198,N,00855.14922,E,1,09,1.1,4.5,M,44.7,M,,*42
13995 1627994650 0 7 $GNGGA,124409.000,4424.53100,N,00855.14814,E,1,09,1.1,4.5,M,44.7,M,,*46
13996 1627994651 0 7 $GNGGA,124410.000,4424.53015,N,00855.14703,E,1,09,1.1,4.7,M,44.7,M,,*40
13997 1627994651 0 3 2.57 0.00
13998 1627994651 0 4 2.55 1.71
13999 1627994652 0 5 0.02
14000 1627994652 0 6 0.09
14001 1627994652 0 8 4.98 12.16 11.84
14002 1627994652 0 1 4.165
14003 1627994652 0 0 26.62 8.22 156.7 61.40 111.5 6.87 176.6 17.4 176.0 1.17 41.23 13.0
14004 1627994652 0 7 $GNGGA,124411.000,4424.52908,N,00855.14592,E,1,09,1.1,4.8,M,44.7,M,,*40
14005 1627994652 0 7 $GNGGA,124412.000,4424.52803,N,00855.14492,E,1,09,1.1,4.9,M,44.7,M,,*49
14006 1627994653 0 7 $GNGGA,124413.000,4424.52720,N,00855.14398,E,1,09,1.1,4.9,M,44.7,M,,*4B
14007 1627994654 0 3 2.57 0.00
14008 1627994654 0 4 2.55 1.70
14009 1627994655 0 5 0.02
14010 1627994655 0 6 0.08
14011 1627994655 0 8 4.98 12.31 11.87
14012 1627994655 0 1 4.155
14013 1627994655 0 0 26.64 8.22 156.7 61.34 112.4 6.93 176.2 17.4 175.2 1.16 41.18 13.0
14014 1627994655 0 7 $GNGGA,124414.000,4424.52639,N,00855.14299,E,1,10,1.0,5.0,M,44.7,M,,*44
14015 1627994656 0 7 $GNGGA,124415.000,4424.52559,N,00855.14192,E,1,10,1.0,5.1,M,44.7,M,,*49
14016 1627994657 0 7 $GNGGA,124416.000,4424.52477,N,00855.14089,E,1,10,1.0,5.2,M,44.7,M,,*4F
14017 1627994657 0 3 2.57 0.00
14018 1627994657 0 4 2.55 1.70
14019 1627994658 0 5 0.03
14020 1627994658 0 6 0.09
14021 1627994658 0 8 4.98 12.29 11.87
14022 1627994658 0 1 4.184
14023 1627994658 0 0 26.65 8.22 156.7 61.38 112.4 6.93 176.1 17.4 175.2 1.16 41.21 13.0
14024 1627994658 0 7 $GNGGA,124417.000,4424.52389,N,00855.13980,E,1,10,1.0,5.3,M,44.7,M,,*4E
14025 1627994659 0 7 $GNGGA,124418.000,4424.52298,N,00855.13878,E,1,10,1.0,5.4,M,44.7,M,,*41
14026 1627994660 0 7 $GNGGA,124419.000,4424.52212,N,00855.13760,E,1,10,1.0,5.5,M,44.7,M,,*45
14027 1627994660 0 3 2.57 0.00
14028 1627994660 0 4 2.55 1.70
14029 1627994661 0 5 0.03
14030 1627994661 0 6 0.09
14031 1627994661 0 8 4.98 12.15 11.84
14032 1627994661 0 1 4.106
14033 1627994661 0 0 26.66 8.22 156.7 61.37 112.4 6.92 176.1 17.4 175.4 1.17 41.21 13.0
14034 1627994661 0 7 $GNGGA,124420.000,4424.52126,N,00855.13658,E,1,10,1.0,5.4,M,44.7,M,,*40
14035 1627994662 0 7 $GNGGA,124421.000,4424.52048,N,00855.13547,E,1,10,1.0,5.2,M,44.7,M,,*43
14036 1627994663 0 7 $GNGGA,124422.000,4424.51970,N,00855.13463,E,1,10,1.0,4.9,M,44.7,M,,*4C
14037 1627994663 0 3 2.57 0.00
14038 1627994663 0 4 2.56 1.64
14039 1627994664 0 5 0.03
14040 1627994664 0 6 0.09
14041 1627994664 0 8 4.98 12.31 11.84
14042 1627994664 0 1 4.803
14043 1627994664 0 0 26.66 8.22 156.6 61.41 112.4 6.92 176.2 17.4 175.6 1.18 41.23 13.1
14044 1627994664 0 7 $GNGGA,124423.000,4424.51894,N,00855.13385,E,1,10,1.0,4.4,M,44.7,M,,*44
14045 1627994664 0 7 $GNGGA,124424.000,4424.51845,N,00855.13300,E,1,09,1.1,4.6,M,44.7,M,,*49
14046 1627994666 0 7 $GNGGA,124425.000,4424.51796,N,00855.13206,E,1,09,1.1,4.7,M,44.7,M,,*4F
14047 1627994666 0 3 2.57 0.00
14048 1627994666 0 4 2.55 1.68
14049 1627994667 0 5 0.03
14050 1627994667 0 6 0.09
14051 1627994667 0 8 4.98 12.11 11.84
14052 1627994667 0 1 4.503
14053 1627994667 0 0 26.64 8.22 156.7 61.38 112.3 6.92 176.6 17.4 176.0 1.15 41.21 13.1
14054 1627994667 0 7 $GNGGA,124426.000,4424.51746,N,00855.13096,E,1,10,1.0,4.6,M,44.7,M,,*42
14055 1627994668 0 7 $GNGGA,124427.000,4424.51658,N,00855.13050,E,1,10,1.0,4.4,M,44.7,M,,*45
14056 1627994668 0 7 $GNGGA,124428.000,4424.51574,N,00855.13008,E,1,10,1.0,4.0,M,44.7,M,,*4E
14057 1627994669 0 3 2.57 0.00
14058 1627994669 0 4 2.55 1.68
14059 1627994670 0 5 0.02
14060 1627994670 0 6 0.09
14061 1627994670 0 8 4.98 12.15 11.87
14062 1627994670 0 1 4.533
14063 1627994670 0 0 26.59 8.22 156.6 61.37 112.5 6.94 177.0 17.4 176.4 1.16 41.21 13.2
14064 1627994670 0 7 $GNGGA,124429.000,4424.51495,N,00855.12948,E,1,10,1.0,3.5,M,44.7,M,,*4F
14065 1627994671 0 7 $GNGGA,124430.000,4424.51434,N,00855.12891,E,1,10,1.0,2.8,M,44.7,M,,*45
14066 1627994672 0 7 $GNGGA,124431.000,4424.51461,N,00855.12738,E,1,10,1.0,2.0,M,44.7,M,,*40
14067 1627994672 0 3 2.57 0.00
14068 1627994672 0 4 2.55 1.69
14069 1627994673 0 5 0.02
14070 1627994673 0 6 0.08
14071 1627994673 0 8 4.98 12.29 11.87
14072 1627994673 0 1 4.512
14073 1627994673 0 0 26.59 8.22 156.6 61.35 112.6 6.94 176.9 17.3 176.5 1.16 41.19 13.0
14074 1627994673 0 7 $GNGGA,124432.000,4424.51391,N,00855.12652,E,1,10,1.0,1.8,M,44.7,M,,*4D
14075 1627994674 0 7 $GNGGA,124433.000,4424.51292,N,00855.12596,E,1,10,1.0,1.7,M,44.7,M,,*4A
14076 1627994674 0 7 $GNGGA,124434.000,4424.51147,N,00855.12533,E,1,10,1.0,1.1,M,44.7,M,,*4F
14077 1627994675 0 3 2.57 0.00
14078 1627994675 0 4 2.55 1.75
14079 1627994676 0 5 0.02
14080 1627994676 0 6 0.09
14081 1627994676 0 8 4.98 12.29 11.87
14082 1627994676 0 1 4.980
14083 1627994676 0 0 26.60 8.22 156.6 61.36 112.7 6.95 176.5 17.4 176.3 1.15 41.20 13.1
14084 1627994676 0 7 $GNGGA,124435.000,4424.51023,N,00855.12467,E,1,10,1.0,1.1,M,44.7,M,,*4D
14085 1627994676 0 7 $GNGGA,124436.000,4424.50896,N,00855.12386,E,1,10,1.0,1.1,M,44.7,M,,*41
14086 1627994678 0 7 $GNGGA,124437.000,4424.50760,N,00855.12320,E,1,10,1.0,1.3,M,44.7,M,,*48
14087 1627994678 0 3 2.57 0.00
14088 1627994678 0 4 2.55 1.73
14089 1627994679 0 5 0.03
14090 1627994679 0 6 0.08
14091 1627994679 0 8 4.98 12.30 11.87
14092 1627994679 0 1 4.351
14093 1627994679 0 0 26.53 8.22 156.6 61.39 112.8 6.96 177.4 17.3 177.4 1.13 41.22 13.1
14094 1627994679 0 7 $GNGGA,124438.000,4424.50639,N,00855.12256,E,1,10,1.0,1.6,M,44.7,M,,*4F
14095 1627994680 0 7 $GNGGA,124439.000,4424.50528,N,00855.12182,E,1,10,1.0,1.6,M,44.7,M,,*47
14096 1627994681 0 7 $GNGGA,124440.000,4424.50442,N,00855.12100,E,1,09,1.2,1.9,M,44.7,M,,*4B
14097 1627994681 0 3 2.57 0.00
14098 1627994682 0 4 2.55 1.76
14099 1627994682 0 5 0.02
14100 1627994682 0 6 0.09
14101 1627994682 0 8 4.98 12.29 11.84
14102 1627994682 0 1 4.303
14103 1627994682 0 0 26.50 8.22 156.7 61.38 113.8 7.03 177.3 17.3 177.2 1.14 41.22 13.0
14104 1627994682 0 7 $GNGGA,124441.000,4424.50382,N,00855.12024,E,1,09,1.2,2.1,M,44.7,M,,*4D
14105 1627994683 0 7 $GNGGA,124442.000,4424.50335,N,00855.11952,E,1,09,1.2,2.1,M,44.7,M,,*49
14106 1627994684 0 7 $GNGGA,124443.000,4424.50310,N,00855.11879,E,1,09,1.2,2.2,M,44.7,M,,*44
14107 1627994684 0 3 2.57 0.00
14108 1627994684 0 4 2.55 1.76
14109 1627994685 0 5 0.03
14110 1627994685 0 6 0.09
14111 1627994685 0 8 4.98 12.29 11.87
14112 1627994685 0 1 4.352
14113 1627994685 0 0 26.51 8.22 156.6 61.38 113.3 7.00 177.5 17.3 176.7 1.14 41.22 13.1
14114 1627994685 0 7 $GNGGA,124444.000,4424.50289,N,00855.11796,E,1,09,1.2,2.2,M,44.7,M,,*4C
14115 1627994686 0 7 $GNGGA,124445.000,4424.50266,N,00855.11735,E,1,10,1.0,2.4,M,44.7,M,,*49
14116 1627994687 0 7 $GNGGA,124446.000,4424.50235,N,00855.11681,E,1,10,1.0,2.6,M,44.7,M,,*40
14117 1627994687 0 3 2.57 0.00
14118 1627994687 0 4 2.55 1.76
14119 1627994688 0 5 0.03
14120 1627994688 0 6 0.09
14121 1627994688 0 8 4.98 12.30 11.87
14122 1627994688 0 1 3.878
14123 1627994688 0 0 26.52 8.22 156.6 61.38 113.1 6.98 177.1 17.3 176.1 1.14 41.22 13.0
14124 1627994688 0 7 $GNGGA,124447.000,4424.50195,N,00855.11636,E,1,10,1.0,2.8,M,44.7,M,,*4A
14125 1627994689 0 7 $GNGGA,124448.000,4424.50148,N,00855.11589,E,1,10,1.0,3.0,M,44.7,M,,*4B
14126 1627994690 0 7 $GNGGA,124449.000,4424.50079,N,00855.11544,E,1,10,1.0,3.3,M,44.7,M,,*4B
14127 1627994690 0 3 2.57 0.00
14128 1627994690 0 4 2.56 1.76
14129 1627994691 0 5 0.03
14130 1627994691 0 6 0.09
14131 1627994691 0 8 4.98 12.31 11.84
14132 1627994691 0 1 4.098
14133 1627994691 0 0 26.51 8.22 156.6 61.34 113.1 6.98 177.3 17.3 177.1 1.12 41.18 13.0
14134 1627994691 0 7 $GNGGA,124450.000,4424.49974,N,00855.11499,E,1,10,1.0,3.4,M,44.7,M,,*49
14135 1627994692 0 7 $GNGGA,124451.000,4424.49854,N,00855.11436,E,1,10,1.0,3.6,M,44.7,M,,*4C
14136 1627994692 0 7 $GNGGA,124452.000,4424.49746,N,00855.11371,E,1,10,1.0,3.5,M,44.7,M,,*44
14137 1627994693 0 3 2.57 0.00
14138 1627994693 0 4 2.55 1.75
14139 1627994694 0 5 0.03
14140 1627994694 0 6 0.08
14141 1627994694 0 8 4.98 12.31 11.84
14142 1627994694 0 1 4.284
14143 1627994694 0 0 26.50 8.22 156.6 61.36 112.8 6.97 177.3 17.3 177.1 1.11 41.20 13.0
14144 1627994694 0 7 $GNGGA,124453.000,4424.49646,N,00855.11295,E,1,10,1.0,3.4,M,44.7,M,,*4E
14145 1627994694 0 7 $GNGGA,124454.000,4424.49532,N,00855.11241,E,1,10,1.0,3.8,M,44.7,M,,*4C
14146 1627994695 0 7 $GNGGA,124455.000,4424.49426,N,00855.11194,E,1,10,1.0,4.1,M,44.7,M,,*4C
14147 1627994696 0 3 2.57 0.00
14148 1627994696 0 4 2.55 1.74
14149 1627994697 0 5 0.03
14150 1627994697 0 6 0.09
14151 1627994697 0 8 4.98 12.30 11.87
14152 1627994697 0 1 3.900
14153 1627994697 0 0 26.52 8.22 156.7 61.37 112.7 6.95 177.0 17.3 176.2 1.15 41.21 12.9
14154 1627994697 0 7 $GNGGA,124456.000,4424.49300,N,00855.11164,E,1,10,1.0,4.0,M,44.7,M,,*42
14155 1627994697 0 7 $GNGGA,124457.000,4424.49177,N,00855.11132,E,1,10,1.0,4.0,M,44.7,M,,*42
14156 1627994699 0 7 $GNGGA,124458.000,4424.49051,N,00855.11109,E,1,10,1.0,3.8,M,44.7,M,,*4F
14157 1627994699 0 3 2.57 0.00
14158 1627994699 0 4 2.56 1.73
14159 1627994700 0 5 0.03
14160 1627994700 0 6 0.08
14161 1627994700 0 8 4.98 12.30 11.87
14162 1627994700 0 1 4.080
14163 1627994700 0 0 26.50 8.22 156.7 61.41 112.5 6.94 177.1 17.3 177.8 1.14 41.24 12.9
14164 1627994700 0 7 $GNGGA,124459.000,4424.48927,N,00855.11075,E,1,10,1.0,3.5,M,44.7,M,,*40
14165 1627994701 0 7 $GNGGA,124500.000,4424.48803,N,00855.11050,E,1,10,1.0,3.5,M,44.7,M,,*4D
14166 1627994702 0 7 $GNGGA,124501.000,4424.48698,N,00855.11001,E,1,10,1.0,3.2,M,44.7,M,,*43
14167 1627994702 0 3 2.57 0.00
14168 1627994702 0 4 2.56 1.74
14169 1627994703 0 5 0.03
14170 1627994703 0 6 0.09
14171 1627994703 0 8 4.98 12.30 11.87
14172 1627994703 0 1 4.910
14173 1627994703 0 0 26.49 8.22 156.7 61.33 112.4 6.94 177.3 17.3 177.4 1.14 41.18 12.9
14174 1627994703 0 7 $GNGGA,124502.000,4424.48595,N,00855.10950,E,1,10,1.0,3.0,M,44.7,M,,*40
14175 1627994704 0 7 $GNGGA,124503.000,4424.48505,N,00855.10878,E,1,10,1.0,3.0,M,44.7,M,,*43
14176 1627994705 0 7 $GNGGA,124504.000,4424.48420,N,00855.10830,E,1,10,1.0,2.7,M,44.7,M,,*48
14177 1627994705 0 3 2.57 0.00
14178 1627994705 0 4 2.56 1.73
14179 1627994706 0 5 0.03
14180 1627994706 0 6 0.09
14181 1627994706 0 8 4.98 12.31 11.87
14182 1627994706 0 1 4.128
14183 1627994706 0 0 26.48 8.22 156.7 61.29 112.4 6.94 177.1 17.3 177.2 1.19 41.15 12.9
14184 1627994706 0 7 $GNGGA,124505.000,4424.48344,N,00855.10803,E,1,10,1.0,2.5,M,44.7,M,,*4E
14185 1627994707 0 7 $GNGGA,124506.000,4424.48284,N,00855.10777,E,1,10,1.0,2.5,M,44.7,M,,*4C
14186 1627994708 0 7 $GNGGA,124507.000,4424.48215,N,00855.10753,E,1,10,1.0,2.4,M,44.7,M,,*42
14187 1627994708 0 3 2.57 0.00
14188 1627994708 0 4 2.56 1.73
14189 1627994709 0 5 0.03
14190 1627994709 0 6 0.08
14191 1627994709 0 8 4.98 12.30 11.87
14192 1627994709 0 1 4.165
14193 1627994709 0 0 26.48 8.22 156.7 61.43 112.2 6.93 177.4 17.3 176.7 1.21 41.25 12.9
14194 1627994709 0 7 $GNGGA,124508.000,4424.48138,N,00855.10730,E,1,10,1.0,2.3,M,44.7,M,,*43
14195 1627994709 0 2 0.06340000 3.71760010 1.52569999 0.02860000 2.67529988 0.00450000 0.05910000 0.28099999 1.00000000 87.27500152
14196 1627994710 0 7 $GNGGA,124509.000,4424.48080,N,00855.10701,E,1,10,1.0,2.3,M,44.7,M,,*42
14197 1627994711 0 7 $GNGGA,124510.000,4424.48026,N,00855.10651,E,1,10,1.0,2.4,M,44.7,M,,*45
14198 1627994711 0 3 2.57 0.00
14199 1627994711 0 4 2.56 1.72
14200 1627994712 0 5 0.02
14201 1627994712 0 6 0.08
14202 1627994712 0 8 4.98 12.30 11.87
14203 1627994712 0 1 4.144
14204 1627994712 0 0 26.46 8.21 156.7 61.46 112.1 6.93 177.4 17.3 177.9 1.22 41.28 12.8
14205 1627994712 0 7 $GNGGA,124511.000,4424.47975,N,00855.10602,E,1,10,1.0,2.5,M,44.7,M,,*43
14206 1627994712 0 7 $GNGGA,124512.000,4424.47922,N,00855.10562,E,1,10,1.0,2.6,M,44.7,M,,*44
14207 1627994713 0 7 $GNGGA,124513.000,4424.47871,N,00855.10517,E,1,10,1.0,2.7,M,44.7,M,,*41
14208 1627994714 0 3 2.57 0.00
14209 1627994714 0 4 2.56 1.67
14210 1627994715 0 5 0.02
14211 1627994715 0 6 0.09
14212 1627994715 0 8 4.98 12.31 11.87
14213 1627994715 0 1 4.040
14214 1627994715 0 0 26.46 8.21 156.7 61.38 112.0 6.92 177.1 17.3 176.9 1.28 41.22 12.8
14215 1627994715 0 7 $GNGGA,124514.000,4424.47805,N,00855.10484,E,1,09,1.0,2.7,M,44.7,M,,*46
14216 1627994715 0 7 $GNGGA,124515.000,4424.47738,N,00855.10468,E,1,09,1.0,2.7,M,44.7,M,,*44
14217 1627994716 0 7 $GNGGA,124516.000,4424.47668,N,00855.10435,E,1,09,1.0,2.8,M,44.7,M,,*44
14218 1627994717 0 3 2.57 0.00
14219 1627994717 0 4 2.56 1.67
14220 1627994718 0 5 0.02
14221 1627994718 0 6 0.09
14222 1627994718 0 8 4.98 12.30 11.87
14223 1627994718 0 1 4.140
14224 1627994718 0 0 26.47 8.21 156.8 61.31 111.8 6.91 177.2 17.3 176.8 1.27 41.16 12.7
14225 1627994718 0 7 $GNGGA,124517.000,4424.47588,N,00855.10407,E,1,09,1.0,2.9,M,44.7,M,,*48
14226 1627994719 0 7 $GNGGA,124518.000,4424.47526,N,00855.10403,E,1,09,1.0,3.1,M,44.7,M,,*4E
14227 1627994720 0 7 $GNGGA,124519.000,4424.47462,N,00855.10387,E,1,10,1.0,3.2,M,44.7,M,,*4E
14228 1627994720 0 3 2.57 0.00
14229 1627994720 0 4 2.56 1.67
14230 1627994721 0 5 0.03
14231 1627994721 0 6 0.08
14232 1627994721 0 8 4.98 12.30 11.84
14233 1627994721 0 1 4.473
14234 1627994721 0 0 26.45 8.21 156.8 61.31 111.7 6.90 177.5 17.3 177.2 1.29 41.16 12.7
14235 1627994721 0 7 $GNGGA,124520.000,4424.47360,N,00855.10367,E,1,10,1.0,3.1,M,44.7,M,,*4C
14236 1627994722 0 7 $GNGGA,124521.000,4424.47258,N,00855.10370,E,1,10,1.0,3.1,M,44.7,M,,*41
14237 1627994723 0 7 $GNGGA,124522.000,4424.47143,N,00855.10347,E,1,10,1.0,3.1,M,44.7,M,,*4F
14238 1627994723 0 3 2.57 0.00
14239 1627994723 0 4 2.56 1.67
14240 1627994724 0 5 0.02
14241 1627994724 0 6 0.08
14242 1627994724 0 8 4.98 12.30 11.87
14243 1627994724 0 1 4.729
14244 1627994724 0 0 26.44 8.21 156.8 61.38 111.2 6.87 177.3 17.3 177.4 1.33 41.22 12.6
14245 1627994724 0 7 $GNGGA,124523.000,4424.47020,N,00855.10316,E,1,10,1.0,3.2,M,44.7,M,,*4D
14246 1627994725 0 7 $GNGGA,124524.000,4424.46898,N,00855.10284,E,1,10,1.0,3.5,M,44.7,M,,*4D
14247 1627994726 0 7 $GNGGA,124525.000,4424.46783,N,00855.10249,E,1,10,1.0,3.8,M,44.7,M,,*45
14248 1627994726 0 3 2.57 0.00
14249 1627994726 0 4 2.56 1.67
14250 1627994727 0 5 0.02
14251 1627994727 0 6 0.09
14252 1627994727 0 8 4.98 12.30 11.87
14253 1627994727 0 1 4.620
14254 1627994727 0 0 26.45 8.21 156.9 61.29 110.7 6.84 177.0 17.3 176.8 1.35 41.15 12.6
14255 1627994727 0 7 $GNGGA,124526.000,4424.46687,N,00855.10216,E,1,10,1.0,4.0,M,44.7,M,,*46
14256 1627994727 0 7 $GNGGA,124527.000,4424.46590,N,00855.10198,E,1,10,1.0,4.3,M,44.7,M,,*44
14257 1627994728 0 7 $GNGGA,124528.000,4424.46477,N,00855.10192,E,1,10,1.0,4.4,M,44.7,M,,*4E
14258 1627994729 0 3 2.57 0.00
14259 1627994729 0 4 2.56 1.69
14260 1627994730 0 5 0.02
14261 1627994730 0 6 0.09
14262 1627994730 0 8 4.98 12.30 11.87
14263 1627994730 0 1 4.932
14264 1627994730 0 0 26.45 8.21 156.8 61.41 110.3 6.81 176.9 17.3 175.9 1.36 41.24 12.7
14265 1627994730 0 7 $GNGGA,124529.000,4424.46359,N,00855.10189,E,1,10,1.0,4.6,M,44.7,M,,*4C
14266 1627994731 0 7 $GNGGA,124530.000,4424.46245,N,00855.10178,E,1,10,1.0,4.1,M,44.7,M,,*41
14267 1627994731 0 7 $GNGGA,124531.000,4424.46137,N,00855.10132,E,1,10,1.0,3.9,M,44.7,M,,*47
14268 1627994732 0 3 2.57 0.00
14269 1627994732 0 4 2.56 1.68
14270 1627994733 0 5 0.03
14271 1627994733 0 6 0.08
14272 1627994733 0 8 4.98 12.33 11.84
14273 1627994733 0 0 26.48 8.21 156.8 61.31 109.8 6.78 176.8 17.3 176.3 1.41 41.17 12.6
14274 1627994733 0 7 $GNGGA,124532.000,4424.46027,N,00855.10074,E,1,10,1.0,3.7,M,44.7,M,,*49
14275 1627994734 0 7 $GNGGA,124533.000,4424.45939,N,00855.10048,E,1,10,1.0,3.3,M,44.7,M,,*46
14276 1627994735 0 7 $GNGGA,124534.000,4424.45861,N,00855.10018,E,1,10,1.0,3.2,M,44.7,M,,*49
14277 1627994735 0 3 2.57 0.00
14278 1627994735 0 4 2.56 1.68
14279 1627994736 0 5 0.02
14280 1627994736 0 6 0.09
14281 1627994736 0 8 4.98 12.34 11.84
14282 1627994736 0 0 26.48 8.21 156.9 61.38 109.4 6.76 176.9 17.3 175.6 1.45 41.22 12.6
14283 1627994736 0 7 $GNGGA,124535.000,4424.45770,N,00855.09999,E,1,10,1.0,2.9,M,44.7,M,,*45
14284 1627994737 0 7 $GNGGA,124536.000,4424.45650,N,00855.09969,E,1,10,1.0,2.7,M,44.7,M,,*44
14285 1627994738 0 7 $GNGGA,124537.000,4424.45510,N,00855.09929,E,1,10,1.0,2.2,M,44.7,M,,*43
14286 1627994738 0 3 2.57 0.00
14287 1627994739 0 4 2.56 1.68
14288 1627994739 0 5 0.02
14289 1627994739 0 6 0.09
14290 1627994739 0 8 4.98 12.34 11.84
14291 1627994739 0 0 26.46 8.21 156.9 61.40 109.1 6.74 177.2 17.3 176.2 1.44 41.23 12.6
14292 1627994739 0 7 $GNGGA,124538.000,4424.45372,N,00855.09896,E,1,10,1.0,2.0,M,44.7,M,,*49
14293 1627994740 0 7 $GNGGA,124539.000,4424.45253,N,00855.09867,E,1,10,1.0,1.8,M,44.7,M,,*4F
14294 1627994741 0 7 $GNGGA,124540.000,4424.45135,N,00855.09854,E,1,10,1.0,1.9,M,44.7,M,,*43
14295 1627994741 0 3 2.57 0.00
14296 1627994742 0 4 2.56 1.68
14297 1627994742 0 5 0.02
14298 1627994742 0 6 0.09
14299 1627994742 0 8 4.98 12.36 11.87
14300 1627994742 0 0 26.46 8.21 156.8 61.49 108.7 6.72 177.1 17.3 176.0 1.48 41.30 12.6
14301 1627994742 0 7 $GNGGA,124541.000,4424.45011,N,00855.09850,E,1,09,1.0,1.4,M,44.7,M,,*44
14302 1627994742 0 1 4.282
14303 1627994743 0 7 $GNGGA,124542.000,4424.44910,N,00855.09853,E,1,09,1.0,1.4,M,44.7,M,,*4D
14304 1627994743 0 7 $GNGGA,124543.000,4424.44804,N,00855.09852,E,1,09,1.0,1.6,M,44.7,M,,*4B
14305 1627994744 0 3 2.57 0.00
14306 1627994744 0 4 2.56 1.68
14307 1627994745 0 5 0.03
14308 1627994745 0 6 0.09
14309 1627994745 0 8 4.98 12.30 11.87
14310 1627994745 0 1 3.645
14311 1627994745 0 0 26.48 8.22 156.8 61.40 108.5 6.70 176.7 17.3 175.4 1.53 41.23 12.9
14312 1627994745 0 7 $GNGGA,124544.000,4424.44703,N,00855.09838,E,1,09,1.0,1.4,M,44.7,M,,*4A
14313 1627994746 0 7 $GNGGA,124545.000,4424.44610,N,00855.09815,E,1,09,1.0,1.3,M,44.7,M,,*40
14314 1627994746 0 7 $GNGGA,124546.000,4424.44527,N,00855.09797,E,1,10,1.0,1.2,M,44.7,M,,*48
14315 1627994747 0 3 2.58 0.00
14316 1627994747 0 4 2.57 1.68
14317 1627994748 0 5 0.02
14318 1627994748 0 6 0.09
14319 1627994748 0 8 4.98 12.31 11.87
14320 1627994748 0 1 4.162
14321 1627994748 0 0 26.47 8.23 156.6 61.38 108.3 6.69 176.8 17.3 176.4 1.54 41.22 13.3
14322 1627994748 0 7 $GNGGA,124547.000,4424.44458,N,00855.09788,E,1,10,1.0,1.2,M,44.7,M,,*4E
14323 1627994749 0 7 $GNGGA,124548.000,4424.44406,N,00855.09778,E,1,10,1.0,1.3,M,44.7,M,,*44
14324 1627994749 0 7 $GNGGA,124549.000,4424.44370,N,00855.09770,E,1,10,1.0,1.3,M,44.7,M,,*4B
14325 1627994750 0 3 2.58 0.00
14326 1627994750 0 4 2.56 1.68
14327 1627994751 0 5 0.02
14328 1627994751 0 6 0.08
14329 1627994751 0 8 4.98 12.30 11.87
14330 1627994751 0 1 4.588
14331 1627994751 0 0 26.47 8.24 156.6 61.32 108.2 6.68 176.8 17.3 175.7 1.57 41.17 13.4
14332 1627994751 0 7 $GNGGA,124550.000,4424.44338,N,00855.09771,E,1,10,1.0,1.1,M,44.7,M,,*4C
14333 1627994752 0 7 $GNGGA,124551.000,4424.44314,N,00855.09767,E,1,10,1.0,1.1,M,44.7,M,,*44
14334 1627994753 0 7 $GNGGA,124552.000,4424.44282,N,00855.09771,E,1,10,1.0,1.4,M,44.7,M,,*4B
14335 1627994753 0 3 2.57 0.00
14336 1627994753 0 4 2.56 1.68
14337 1627994754 0 5 0.02
14338 1627994754 0 6 0.08
14339 1627994754 0 8 4.98 12.30 11.87
14340 1627994754 0 1 4.797
14341 1627994754 0 0 26.48 8.24 156.5 61.43 108.1 6.68 176.7 17.3 175.3 1.58 41.25 13.5
14342 1627994754 0 7 $GNGGA,124553.000,4424.44242,N,00855.09785,E,1,10,1.0,1.5,M,44.7,M,,*4C
14343 1627994755 0 7 $GNGGA,124554.000,4424.44198,N,00855.09803,E,1,10,1.0,1.5,M,44.7,M,,*4E
14344 1627994756 0 7 $GNGGA,124555.000,4424.44138,N,00855.09829,E,1,10,1.0,1.6,M,44.7,M,,*4E
14345 1627994756 0 3 2.58 0.00
14346 1627994756 0 4 2.57 1.68
14347 1627994757 0 5 0.03
14348 1627994757 0 6 0.08
14349 1627994757 0 8 4.98 12.30 11.87
14350 1627994757 0 1 4.507
14351 1627994757 0 0 26.46 8.24 156.5 61.44 108.2 6.68 177.2 17.3 175.9 1.64 41.27 13.5
14352 1627994757 0 7 $GNGGA,124556.000,4424.44073,N,00855.09864,E,1,10,1.0,2.1,M,44.7,M,,*4E
14353 1627994758 0 7 $GNGGA,124557.000,4424.44012,N,00855.09884,E,1,10,1.0,2.6,M,44.7,M,,*41
14354 1627994759 0 7 $GNGGA,124558.000,4424.43953,N,00855.09893,E,1,10,1.0,2.8,M,44.7,M,,*4D
14355 1627994759 0 3 2.58 0.00
14356 1627994759 0 4 2.57 1.68
14357 1627994760 0 5 0.02
14358 1627994760 0 6 0.08
14359 1627994760 0 8 4.98 12.32 11.84
14360 1627994760 0 1 4.657
14361 1627994760 0 0 26.48 8.24 156.5 61.39 108.4 6.70 176.8 17.3 175.5 1.74 41.22 13.6
14362 1627994760 0 7 $GNGGA,124559.000,4424.43889,N,00855.09890,E,1,10,1.0,3.0,M,44.7,M,,*40
14363 1627994760 0 7 $GNGGA,124600.000,4424.43834,N,00855.09887,E,1,10,1.0,3.1,M,44.7,M,,*4E
14364 1627994762 0 7 $GNGGA,124601.000,4424.43762,N,00855.09879,E,1,10,1.0,3.1,M,44.7,M,,*42
14365 1627994762 0 3 2.58 0.00
14366 1627994762 0 4 2.57 1.68
14367 1627994763 0 5 0.02
14368 1627994763 0 6 0.09
14369 1627994763 0 8 4.98 12.33 11.87
14370 1627994763 0 1 4.289
14371 1627994763 0 0 26.48 8.24 156.4 61.42 108.7 6.71 176.9 17.3 175.1 1.82 41.25 13.6
14372 1627994763 0 7 $GNGGA,124602.000,4424.43660,N,00855.09858,E,1,10,1.0,3.0,M,44.7,M,,*40
14373 1627994764 0 7 $GNGGA,124603.000,4424.43559,N,00855.09823,E,1,10,1.0,3.1,M,44.7,M,,*45
14374 1627994764 0 7 $GNGGA,124604.000,4424.43456,N,00855.09779,E,1,10,1.0,3.0,M,44.7,M,,*4D
14375 1627994765 0 3 2.58 0.00
14376 1627994765 0 4 2.57 1.68
14377 1627994766 0 5 0.02
14378 1627994766 0 6 0.09
14379 1627994766 0 8 4.98 12.33 11.87
14380 1627994766 0 1 5.025
14381 1627994766 0 0 26.48 8.24 156.4 61.44 109.0 6.73 176.9 17.3 175.4 1.89 41.27 13.6
14382 1627994766 0 7 $GNGGA,124605.000,4424.43351,N,00855.09730,E,1,10,1.0,2.8,M,44.7,M,,*48
14383 1627994766 0 7 $GNGGA,124606.000,4424.43251,N,00855.09675,E,1,10,1.0,2.5,M,44.7,M,,*47
14384 1627994767 0 7 $GNGGA,124607.000,4424.43150,N,00855.09621,E,1,10,1.0,2.4,M,44.7,M,,*44
14385 1627994768 0 3 2.58 0.00
14386 1627994768 0 4 2.57 1.68
14387 1627994769 0 5 0.02
14388 1627994769 0 6 0.08
14389 1627994769 0 8 4.98 12.32 11.87
14390 1627994769 0 1 5.043
14391 1627994769 0 0 26.47 8.24 156.4 61.40 109.4 6.76 177.2 17.3 175.4 1.95 41.24 13.6
14392 1627994769 0 7 $GNGGA,124608.000,4424.43065,N,00855.09575,E,1,10,1.0,2.3,M,44.7,M,,*49
14393 1627994770 0 7 $GNGGA,124609.000,4424.42994,N,00855.09553,E,1,10,1.0,2.0,M,44.7,M,,*49
14394 1627994771 0 7 $GNGGA,124610.000,4424.42912,N,00855.09591,E,1,09,1.0,2.2,M,44.7,M,,*4B
14395 1627994771 0 3 2.58 0.00
14396 1627994771 0 4 2.57 1.68
14397 1627994772 0 5 0.02
14398 1627994772 0 6 0.08
14399 1627994772 0 8 4.98 12.18 11.84
14400 1627994772 0 1 5.507
14401 1627994772 0 0 26.46 8.24 156.5 61.45 109.8 6.78 177.1 17.3 175.4 2.05 41.27 13.6
14402 1627994772 0 7 $GNGGA,124611.000,4424.42842,N,00855.09685,E,1,09,1.0,2.0,M,44.7,M,,*4A
14403 1627994773 0 7 $GNGGA,124612.000,4424.42764,N,00855.09758,E,1,09,1.0,2.1,M,44.7,M,,*42
14404 1627994774 0 7 $GNGGA,124613.000,4424.42687,N,00855.09829,E,1,09,1.0,2.2,M,44.7,M,,*45
14405 1627994774 0 3 2.58 0.00
14406 1627994774 0 4 2.57 1.68
14407 1627994775 0 5 0.02
14408 1627994775 0 6 0.09
14409 1627994775 0 8 4.98 12.33 11.87
14410 1627994775 0 1 5.438
14411 1627994775 0 0 26.46 8.24 156.4 61.34 110.1 6.81 177.1 17.3 175.1 2.16 41.19 13.6
14412 1627994775 0 7 $GNGGA,124614.000,4424.42613,N,00855.09897,E,1,09,1.0,2.2,M,44.7,M,,*4A
14413 1627994776 0 7 $GNGGA,124615.000,4424.42539,N,00855.09969,E,1,09,1.0,2.1,M,44.7,M,,*43
14414 1627994777 0 7 $GNGGA,124616.000,4424.42464,N,00855.10039,E,1,09,1.0,2.0,M,44.7,M,,*4C
14415 1627994777 0 3 2.58 0.00
14416 1627994777 0 4 2.57 1.68
14417 1627994778 0 5 0.02
14418 1627994778 0 6 0.08
14419 1627994778 0 8 4.98 12.32 11.87
14420 1627994778 0 1 6.186
14421 1627994778 0 0 26.45 8.24 156.5 61.36 110.6 6.84 177.1 17.3 175.6 2.24 41.20 13.6
14422 1627994778 0 7 $GNGGA,124617.000,4424.42389,N,00855.10111,E,1,09,1.0,1.7,M,44.7,M,,*46
14423 1627994778 0 7 $GNGGA,124618.000,4424.42317,N,00855.10180,E,1,09,1.0,1.3,M,44.7,M,,*42
14424 1627994780 0 7 $GNGGA,124619.000,4424.42244,N,00855.10257,E,1,09,1.0,1.0,M,44.7,M,,*4E
14425 1627994780 0 3 2.58 0.00
14426 1627994780 0 4 2.57 1.68
14427 1627994781 0 5 0.02
14428 1627994781 0 6 0.09
14429 1627994781 0 8 4.98 12.17 11.87
14430 1627994781 0 1 6.600
14431 1627994781 0 0 26.45 8.24 156.4 61.34 110.9 6.86 177.3 17.3 174.8 2.30 41.19 13.6
14432 1627994781 0 7 $GNGGA,124620.000,4424.42169,N,00855.10323,E,1,09,1.0,0.5,M,44.7,M,,*4E
14433 1627994782 0 7 $GNGGA,124621.000,4424.42085,N,00855.10372,E,1,09,1.0,0.1,M,44.7,M,,*4C
14434 1627994783 0 7 $GNGGA,124622.000,4424.42003,N,00855.10431,E,1,09,1.0,-0.2,M,44.7,M,,*6F
14435 1627994783 0 3 2.58 0.00
14436 1627994783 0 4 2.57 1.68
14437 1627994784 0 5 0.02
14438 1627994784 0 6 0.11
14439 1627994784 0 8 4.98 12.33 11.87
14440 1627994784 0 1 6.375
14441 1627994784 0 0 26.45 8.24 156.4 61.37 111.4 6.88 177.3 17.3 175.1 2.34 41.21 13.6
14442 1627994784 0 7 $GNGGA,124623.000,4424.41919,N,00855.10496,E,1,09,1.0,-0.4,M,44.7,M,,*64
14443 1627994784 0 7 $GNGGA,124624.000,4424.41845,N,00855.10556,E,1,09,1.0,-0.6,M,44.7,M,,*64
14444 1627994785 0 7 $GNGGA,124625.000,4424.41776,N,00855.10606,E,1,09,1.0,-0.7,M,44.7,M,,*6D
14445 1627994786 0 3 2.58 0.00
14446 1627994786 0 4 2.57 1.68
14447 1627994787 0 5 0.02
14448 1627994787 0 6 0.12
14449 1627994787 0 8 4.98 12.18 11.84
14450 1627994787 0 1 6.467
14451 1627994787 0 0 26.45 8.24 156.4 61.37 111.7 6.90 177.0 17.3 174.9 2.37 41.21 13.5
14452 1627994787 0 7 $GNGGA,124626.000,4424.41711,N,00855.10660,E,1,09,1.0,-0.8,M,44.7,M,,*60
14453 1627994787 0 7 $GNGGA,124627.000,4424.41653,N,00855.10717,E,1,09,1.0,-1.1,M,44.7,M,,*6F
14454 1627994788 0 7 $GNGGA,124628.000,4424.41600,N,00855.10777,E,1,09,1.0,-1.1,M,44.7,M,,*60
14455 1627994789 0 3 2.58 0.00
14456 1627994789 0 4 2.57 1.68
14457 1627994790 0 5 0.02
14458 1627994790 0 6 0.09
14459 1627994790 0 8 4.98 12.17 11.84
14460 1627994790 0 1 6.051
14461 1627994790 0 0 26.45 8.24 156.4 61.31 111.9 6.92 177.0 17.3 174.8 2.38 41.17 13.5
14462 1627994790 0 7 $GNGGA,124629.000,4424.41544,N,00855.10835,E,1,09,1.0,-1.3,M,44.7,M,,*69
14463 1627994790 0 7 $GNGGA,124630.000,4424.41475,N,00855.10900,E,1,09,1.0,-1.6,M,44.7,M,,*60
14464 1627994792 0 7 $GNGGA,124631.000,4424.41394,N,00855.10957,E,1,09,1.0,-1.9,M,44.7,M,,*64
14465 1627994792 0 3 2.58 0.00
14466 1627994792 0 4 2.57 1.68
14467 1627994793 0 5 0.02
14468 1627994793 0 6 0.10
14469 1627994793 0 8 4.98 12.32 11.87
14470 1627994793 0 1 6.108
14471 1627994793 0 0 26.44 8.24 156.5 61.37 112.1 6.93 177.3 17.3 174.6 2.36 41.21 13.5
14472 1627994793 0 7 $GNGGA,124632.000,4424.41309,N,00855.10995,E,1,09,1.0,-0.6,M,44.7,M,,*63
14473 1627994794 0 7 $GNGGA,124633.000,4424.41225,N,00855.11038,E,1,09,1.0,-0.0,M,44.7,M,,*64
14474 1627994795 0 7 $GNGGA,124634.000,4424.41148,N,00855.11084,E,1,09,1.0,0.4,M,44.7,M,,*45
14475 1627994795 0 3 2.58 0.00
14476 1627994795 0 4 2.57 1.68
14477 1627994796 0 5 0.03
14478 1627994796 0 6 0.08
14479 1627994796 0 8 4.98 12.32 11.87
14480 1627994796 0 1 6.382
14481 1627994796 0 0 26.45 8.24 156.5 61.35 112.2 6.93 177.1 17.3 174.9 2.35 41.20 13.5
14482 1627994796 0 7 $GNGGA,124635.000,4424.41072,N,00855.11136,E,1,09,1.0,0.7,M,44.7,M,,*47
14483 1627994797 0 7 $GNGGA,124636.000,4424.40994,N,00855.11189,E,1,09,1.0,0.9,M,44.7,M,,*4E
14484 1627994798 0 7 $GNGGA,124637.000,4424.40916,N,00855.11256,E,1,09,1.0,1.1,M,44.7,M,,*4D
14485 1627994798 0 3 2.58 0.00
14486 1627994798 0 4 2.57 1.68
14487 1627994799 0 5 0.02
14488 1627994799 0 6 0.06
14489 1627994799 0 8 4.98 12.33 11.87
14490 1627994799 0 1 6.506
14491 1627994799 0 0 26.44 8.24 156.4 61.38 112.2 6.93 177.0 17.3 174.8 2.36 41.22 13.5
14492 1627994799 0 7 $GNGGA,124638.000,4424.40828,N,00855.11335,E,1,09,1.0,1.2,M,44.7,M,,*49
14493 1627994800 0 7 $GNGGA,124639.000,4424.40734,N,00855.11419,E,1,09,1.0,1.3,M,44.7,M,,*42
14494 1627994801 0 7 $GNGGA,124640.000,4424.40636,N,00855.11510,E,1,09,1.0,1.3,M,44.7,M,,*47
14495 1627994801 0 3 2.58 0.00
14496 1627994801 0 4 2.57 1.68
14497 1627994802 0 5 0.02
14498 1627994802 0 6 0.10
14499 1627994802 0 8 4.98 12.33 11.87
14500 1627994802 0 1 6.313
14501 1627994802 0 0 26.44 8.24 156.5 61.31 112.3 6.94 177.0 17.3 174.7 2.35 41.16 13.5
14502 1627994802 0 7 $GNGGA,124641.000,4424.40524,N,00855.11602,E,1,09,1.0,1.3,M,44.7,M,,*46
14503 1627994803 0 7 $GNGGA,124642.000,4424.40407,N,00855.11691,E,1,09,1.0,1.3,M,44.7,M,,*4F
14504 1627994804 0 7 $GNGGA,124643.000,4424.40297,N,00855.11776,E,1,09,1.0,1.3,M,44.7,M,,*49
14505 1627994804 0 3 2.58 0.00
14506 1627994804 0 4 2.57 1.68
14507 1627994805 0 5 0.02
14508 1627994805 0 6 0.08
14509 1627994805 0 8 4.98 12.32 11.87
14510 1627994805 0 1 6.202
14511 1627994805 0 0 26.44 8.24 156.5 61.41 112.4 6.95 177.2 17.3 174.9 2.34 41.24 13.6
14512 1627994805 0 7 $GNGGA,124644.000,4424.40209,N,00855.11874,E,1,09,1.0,1.4,M,44.7,M,,*43
14513 1627994806 0 7 $GNGGA,124645.000,4424.40130,N,00855.11956,E,1,09,1.0,1.2,M,44.7,M,,*4C
14514 1627994807 0 7 $GNGGA,124646.000,4424.40064,N,00855.12031,E,1,09,1.0,0.8,M,44.7,M,,*4F
14515 1627994807 0 3 2.58 0.00
14516 1627994807 0 4 2.57 1.68
14517 1627994808 0 5 0.03
14518 1627994808 0 6 0.08
14519 1627994808 0 8 4.98 12.33 11.87
14520 1627994808 0 1 6.583
14521 1627994808 0 0 26.45 8.24 156.5 61.45 112.5 6.95 177.1 17.3 174.4 2.32 41.27 13.5
14522 1627994808 0 7 $GNGGA,124647.000,4424.40010,N,00855.12102,E,1,09,1.0,0.6,M,44.7,M,,*42
14523 1627994809 0 7 $GNGGA,124648.000,4424.39950,N,00855.12192,E,1,09,1.0,0.5,M,44.7,M,,*44
14524 1627994809 0 7 $GNGGA,124649.000,4424.39895,N,00855.12276,E,1,09,1.0,0.3,M,44.7,M,,*42
14525 1627994810 0 3 2.58 0.00
14526 1627994810 0 4 2.57 1.68
14527 1627994811 0 5 0.02
14528 1627994811 0 6 0.09
14529 1627994811 0 8 4.98 12.33 11.87
14530 1627994811 0 1 5.924
14531 1627994811 0 0 26.43 8.24 156.5 61.34 112.4 6.95 177.3 17.3 174.7 2.31 41.19 13.5
14532 1627994811 0 7 $GNGGA,124650.000,4424.39841,N,00855.12347,E,1,09,1.0,0.1,M,44.7,M,,*42
14533 1627994812 0 7 $GNGGA,124651.000,4424.39773,N,00855.12404,E,1,09,1.0,0.1,M,44.7,M,,*4D
14534 1627994813 0 7 $GNGGA,124652.000,4424.39697,N,00855.12454,E,1,09,1.0,0.0,M,44.7,M,,*41
14535 1627994813 0 3 2.58 0.00
14536 1627994813 0 4 2.57 1.68
14537 1627994814 0 5 0.02
14538 1627994814 0 6 0.05
14539 1627994814 0 8 4.98 12.33 11.87
14540 1627994814 0 1 5.809
14541 1627994814 0 0 26.44 8.24 156.5 61.42 112.4 6.95 177.1 17.3 174.6 2.29 41.25 13.5
14542 1627994814 0 7 $GNGGA,124653.000,4424.39624,N,00855.12503,E,1,09,1.0,0.0,M,44.7,M,,*4B
14543 1627994814 0 7 $GNGGA,124654.000,4424.39551,N,00855.12559,E,1,09,1.0,0.1,M,44.7,M,,*43
14544 1627994815 0 7 $GNGGA,124655.000,4424.39486,N,00855.12604,E,1,09,1.0,0.1,M,44.7,M,,*42
14545 1627994816 0 3 2.58 0.00
14546 1627994816 0 4 2.57 1.68
14547 1627994817 0 5 0.03
14548 1627994817 0 6 0.06
14549 1627994817 0 8 4.98 12.33 11.84
14550 1627994817 0 1 6.008
14551 1627994817 0 0 26.44 8.24 156.5 61.34 112.3 6.94 177.3 17.3 174.3 2.28 41.19 13.5
14552 1627994817 0 7 $GNGGA,124656.000,4424.39444,N,00855.12655,E,1,09,1.0,0.1,M,44.7,M,,*4B
14553 1627994817 0 7 $GNGGA,124657.000,4424.39414,N,00855.12717,E,1,09,1.0,-0.4,M,44.7,M,,*60
14554 1627994818 0 7 $GNGGA,124658.000,4424.39360,N,00855.12768,E,1,09,1.0,-0.4,M,44.7,M,,*63
14555 1627994819 0 3 2.58 0.00
14556 1627994819 0 4 2.57 1.68
14557 1627994820 0 5 0.03
14558 1627994820 0 6 0.07
14559 1627994820 0 8 4.98 12.33 11.84
14560 1627994820 0 1 5.202
14561 1627994820 0 0 26.43 8.24 156.5 61.41 112.3 6.94 177.3 17.3 174.5 2.25 41.24 13.5
14562 1627994820 0 7 $GNGGA,124659.000,4424.39307,N,00855.12813,E,1,09,1.0,-0.5,M,44.7,M,,*61
14563 1627994820 0 7 $GNGGA,124700.000,4424.39254,N,00855.12843,E,1,09,1.0,-0.5,M,44.7,M,,*6E
14564 1627994821 0 7 $GNGGA,124701.000,4424.39201,N,00855.12882,E,1,09,1.0,-1.1,M,44.7,M,,*67
14565 1627994822 0 3 2.58 0.00
14566 1627994822 0 4 2.57 1.68
14567 1627994823 0 5 0.02
14568 1627994823 0 6 0.07
14569 1627994823 0 8 4.98 12.33 11.87
14570 1627994823 0 1 5.690
14571 1627994823 0 0 26.42 8.24 156.5 61.44 112.3 6.94 177.2 17.3 174.6 2.21 41.26 13.5
14572 1627994823 0 7 $GNGGA,124702.000,4424.39132,N,00855.12947,E,1,10,1.0,-1.5,M,44.7,M,,*63
14573 1627994823 0 7 $GNGGA,124703.000,4424.39052,N,00855.13006,E,1,10,1.0,-2.0,M,44.7,M,,*6E
14574 1627994824 0 7 $GNGGA,124704.000,4424.38967,N,00855.13061,E,1,10,1.0,-2.4,M,44.7,M,,*62
14575 1627994825 0 3 2.58 0.00
14576 1627994825 0 4 2.57 1.68
14577 1627994826 0 5 0.02
14578 1627994826 0 6 0.07
14579 1627994826 0 8 4.98 12.33 11.87
14580 1627994826 0 1 5.588
14581 1627994826 0 0 26.42 8.24 156.6 61.52 112.2 6.94 177.2 17.3 174.5 2.18 41.32 13.5
14582 1627994826 0 7 $GNGGA,124705.000,4424.38867,N,00855.13113,E,1,10,1.0,-2.8,M,44.7,M,,*6A
14583 1627994826 0 7 $GNGGA,124706.000,4424.38761,N,00855.13178,E,1,10,1.0,-3.3,M,44.7,M,,*67
14584 1627994828 0 7 $GNGGA,124707.000,4424.38668,N,00855.13274,E,1,10,1.0,-3.7,M,44.7,M,,*65
14585 1627994828 0 3 2.58 0.00
14586 1627994828 0 4 2.57 1.68
14587 1627994829 0 5 0.02
14588 1627994829 0 6 0.07
14589 1627994829 0 8 4.98 12.33 11.87
14590 1627994829 0 1 4.777
14591 1627994829 0 0 26.43 8.24 156.5 61.40 112.1 6.93 177.1 17.3 173.6 2.20 41.24 13.5
14592 1627994829 0 7 $GNGGA,124708.000,4424.38592,N,00855.13383,E,1,10,1.0,-3.9,M,44.7,M,,*6B
14593 1627994830 0 2 0.06010000 3.72270011 1.49319992 0.02860000 2.73670005 0.00440000 0.05850000 0.26640000 1.00000000 87.39800262
14594 1627994830 0 7 $GNGGA,124709.000,4424.38514,N,00855.13506,E,1,10,1.0,-3.4,M,44.7,M,,*62
14595 1627994831 0 7 $GNGGA,124710.000,4424.38429,N,00855.13628,E,1,10,1.0,-3.0,M,44.7,M,,*6E
14596 1627994831 0 3 2.58 0.00
14597 1627994831 0 4 2.57 1.68
14598 1627994832 0 5 0.02
14599 1627994832 0 6 0.07
14600 1627994832 0 8 4.98 12.33 11.84
14601 1627994832 0 1 5.268
14602 1627994832 0 0 26.43 8.24 156.5 61.46 112.0 6.92 177.1 17.3 174.2 2.17 41.28 13.5
14603 1627994832 0 7 $GNGGA,124711.000,4424.38381,N,00855.13713,E,1,10,1.0,-3.0,M,44.7,M,,*63
14604 1627994833 0 7 $GNGGA,124712.000,4424.38288,N,00855.13823,E,1,10,1.0,-3.0,M,44.7,M,,*64
14605 1627994833 0 7 $GNGGA,124713.000,4424.38181,N,00855.13940,E,1,10,1.0,-2.7,M,44.7,M,,*6D
14606 1627994834 0 3 2.58 0.00
14607 1627994834 0 4 2.57 1.68
14608 1627994835 0 5 0.02
14609 1627994835 0 6 0.08
14610 1627994835 0 8 4.98 12.33 11.87
14611 1627994835 0 1 6.166
14612 1627994835 0 0 26.40 8.24 156.5 61.41 112.0 6.93 177.4 17.3 174.1 2.19 41.25 13.4
14613 1627994835 0 7 $GNGGA,124714.000,4424.38085,N,00855.14073,E,1,10,1.0,-1.8,M,44.7,M,,*6D
14614 1627994835 0 7 $GNGGA,124715.000,4424.37996,N,00855.14206,E,1,10,1.0,-1.0,M,44.7,M,,*60
14615 1627994836 0 7 $GNGGA,124716.000,4424.37905,N,00855.14348,E,1,10,1.0,-0.1,M,44.7,M,,*62
14616 1627994837 0 3 2.58 0.00
14617 1627994837 0 4 2.57 1.68
14618 1627994838 0 5 0.02
14619 1627994838 0 6 0.09
14620 1627994838 0 8 4.98 12.33 11.87
14621 1627994838 0 1 5.764
14622 1627994838 0 0 26.43 8.24 156.5 61.40 112.0 6.92 177.1 17.3 173.9 2.22 41.24 13.5
14623 1627994838 0 7 $GNGGA,124717.000,4424.37800,N,00855.14477,E,1,10,1.0,0.8,M,44.7,M,,*48
14624 1627994838 0 7 $GNGGA,124718.000,4424.37694,N,00855.14646,E,1,10,1.0,2.5,M,44.7,M,,*4B
14625 1627994839 0 7 $GNGGA,124719.000,4424.37599,N,00855.14815,E,1,10,1.0,4.3,M,44.7,M,,*4C
14626 1627994840 0 3 2.58 0.00
14627 1627994841 0 4 2.57 1.68
14628 1627994841 0 5 0.02
14629 1627994841 0 6 0.09
14630 1627994841 0 8 4.98 12.33 11.84
14631 1627994841 0 1 5.389
14632 1627994841 0 0 26.43 8.24 156.5 61.41 111.9 6.92 177.1 17.3 173.5 2.24 41.24 13.5
14633 1627994841 0 7 $GNGGA,124720.000,4424.37531,N,00855.15009,E,1,10,1.0,6.3,M,44.7,M,,*42
14634 1627994841 0 7 $GNGGA,124721.000,4424.37446,N,00855.15194,E,1,10,1.0,8.8,M,44.7,M,,*42
14635 1627994842 0 7 $GNGGA,124722.000,4424.37355,N,00855.15377,E,1,10,1.0,11.3,M,44.7,M,,*78
14636 1627994843 0 3 2.58 0.00
14637 1627994843 0 4 2.57 1.68
14638 1627994844 0 5 0.02
14639 1627994844 0 6 0.09
14640 1627994844 0 8 4.98 12.32 11.84
14641 1627994844 0 1 4.942
14642 1627994844 0 0 26.42 8.24 156.6 61.36 111.9 6.92 177.2 17.3 174.1 2.25 41.21 13.5
14643 1627994844 0 7 $GNGGA,124723.000,4424.37279,N,00855.15541,E,1,10,1.0,13.4,M,44.7,M,,*70
14644 1627994844 0 7 $GNGGA,124724.000,4424.37213,N,00855.15633,E,1,10,1.0,14.8,M,44.7,M,,*76
14645 1627994845 0 7 $GNGGA,124725.000,4424.37151,N,00855.15692,E,1,10,1.0,15.4,M,44.7,M,,*74
14646 1627994846 0 3 2.58 0.00
14647 1627994846 0 4 2.57 1.68
14648 1627994847 0 5 0.02
14649 1627994847 0 6 0.09
14650 1627994847 0 8 4.98 12.32 11.87
14651 1627994847 0 1 5.194
14652 1627994847 0 0 26.42 8.24 156.6 61.42 111.8 6.91 177.1 17.3 173.7 2.24 41.25 13.4
14653 1627994847 0 7 $GNGGA,124726.000,4424.37093,N,00855.15670,E,1,10,1.0,14.9,M,44.7,M,,*78
14654 1627994848 0 7 $GNGGA,124727.000,4424.36997,N,00855.15634,E,1,10,1.0,15.4,M,44.7,M,,*79
14655 1627994849 0 7 $GNGGA,124728.000,4424.36897,N,00855.15607,E,1,10,1.0,15.8,M,44.7,M,,*7B
14656 1627994849 0 3 2.58 0.00
14657 1627994850 0 4 2.57 1.68
14658 1627994850 0 5 0.02
14659 1627994850 0 6 0.08
14660 1627994850 0 8 4.98 12.33 11.87
14661 1627994850 0 1 5.019
14662 1627994850 0 0 26.43 8.24 156.5 61.29 111.8 6.92 177.2 17.3 173.6 2.20 41.15 13.4
14663 1627994850 0 7 $GNGGA,124729.000,4424.36801,N,00855.15639,E,1,10,1.0,16.9,M,44.7,M,,*7A
14664 1627994850 0 7 $GNGGA,124730.000,4424.36716,N,00855.15694,E,1,10,1.0,18.1,M,44.7,M,,*7A
14665 1627994852 0 7 $GNGGA,124731.000,4424.36653,N,00855.15720,E,1,10,1.0,18.6,M,44.7,M,,*72
14666 1627994852 0 3 2.58 0.00
14667 1627994853 0 4 2.57 1.68
14668 1627994853 0 5 0.02
14669 1627994853 0 6 0.09
14670 1627994853 0 8 4.98 12.32 11.87
14671 1627994853 0 1 4.541
14672 1627994853 0 0 26.42 8.24 156.5 61.42 111.8 6.91 177.1 17.3 173.5 2.18 41.25 13.5
14673 1627994853 0 7 $GNGGA,124732.000,4424.36583,N,00855.15762,E,1,10,1.0,19.7,M,44.7,M,,*79
14674 1627994854 0 7 $GNGGA,124733.000,4424.36518,N,00855.15807,E,1,10,1.0,21.1,M,44.7,M,,*7B
14675 1627994854 0 7 $GNGGA,124734.000,4424.36448,N,00855.15885,E,1,10,1.0,22.9,M,44.7,M,,*79
14676 1627994855 0 3 2.58 0.00
14677 1627994856 0 4 2.57 1.68
14678 1627994856 0 5 0.02
14679 1627994856 0 6 0.11
14680 1627994856 0 8 4.98 12.32 11.87
14681 1627994856 0 1 4.961
14682 1627994856 0 0 26.41 8.24 156.6 61.43 111.7 6.91 177.4 17.3 173.7 2.18 41.26 13.4
14683 1627994856 0 7 $GNGGA,124735.000,4424.36361,N,00855.15967,E,1,10,1.0,24.7,M,44.7,M,,*71
14684 1627994856 0 7 $GNGGA,124736.000,4424.36266,N,00855.16046,E,1,10,1.0,26.4,M,44.7,M,,*7C
14685 1627994857 0 7 $GNGGA,124737.000,4424.36177,N,00855.16107,E,1,10,1.0,27.2,M,44.7,M,,*7D
14686 1627994858 0 3 2.58 0.00
14687 1627994859 0 4 2.57 1.68
14688 1627994859 0 5 0.02
14689 1627994859 0 6 0.09
14690 1627994859 0 8 4.98 12.33 11.87
14691 1627994859 0 1 4.993
14692 1627994859 0 0 26.40 8.24 156.6 61.36 111.7 6.91 177.5 17.3 174.1 2.18 41.20 13.5
14693 1627994859 0 7 $GNGGA,124738.000,4424.36088,N,00855.16179,E,1,10,1.0,28.9,M,44.7,M,,*7E
14694 1627994860 0 7 $GNGGA,124739.000,4424.36053,N,00855.16176,E,1,10,1.0,29.3,M,44.7,M,,*7D
14695 1627994860 0 7 $GNGGA,124740.000,4424.35996,N,00855.16202,E,1,10,1.0,30.2,M,44.7,M,,*79
14696 1627994861 0 3 2.58 0.00
14697 1627994862 0 4 2.57 1.68
14698 1627994862 0 5 0.02
14699 1627994862 0 6 0.07
14700 1627994862 0 8 4.98 12.32 11.87
14701 1627994862 0 1 5.450
14702 1627994862 0 0 26.40 8.23 156.6 61.47 111.6 6.90 177.2 17.3 173.8 2.15 41.29 13.3
14703 1627994862 0 7 $GNGGA,124741.000,4424.35917,N,00855.16243,E,1,10,1.0,31.1,M,44.7,M,,*76
14704 1627994863 0 7 $GNGGA,124742.000,4424.35828,N,00855.16285,E,1,10,1.0,31.8,M,44.7,M,,*7B
14705 1627994864 0 7 $GNGGA,124743.000,4424.35714,N,00855.16337,E,1,10,1.0,32.2,M,44.7,M,,*7B
14706 1627994864 0 3 2.58 0.00
14707 1627994865 0 4 2.57 1.69
14708 1627994865 0 5 0.03
14709 1627994865 0 6 0.08
14710 1627994865 0 8 4.98 12.33 11.84
14711 1627994865 0 1 4.948
14712 1627994865 0 0 26.41 8.24 156.6 61.43 111.5 6.90 177.3 17.3 173.5 2.16 41.26 13.5
14713 1627994865 0 7 $GNGGA,124744.000,4424.35584,N,00855.16395,E,1,10,1.0,33.4,M,44.7,M,,*78
14714 1627994866 0 7 $GNGGA,124745.000,4424.35456,N,00855.16461,E,1,10,1.0,33.4,M,44.7,M,,*7B
14715 1627994867 0 7 $GNGGA,124746.000,4424.35356,N,00855.16524,E,1,10,1.0,33.6,M,44.7,M,,*7D
14716 1627994867 0 3 2.58 0.00
14717 1627994868 0 4 2.57 1.69
14718 1627994868 0 5 0.03
14719 1627994868 0 6 0.09
14720 1627994868 0 8 4.98 12.33 11.87
14721 1627994868 0 1 4.720
14722 1627994868 0 0 26.41 8.24 156.6 61.37 111.5 6.90 177.4 17.3 173.7 2.18 41.21 13.4
14723 1627994868 0 7 $GNGGA,124747.000,4424.35267,N,00855.16611,E,1,10,1.0,33.5,M,44.7,M,,*79
14724 1627994868 0 7 $GNGGA,124748.000,4424.35182,N,00855.16698,E,1,10,1.0,33.4,M,44.7,M,,*7E
14725 1627994869 0 7 $GNGGA,124749.000,4424.35083,N,00855.16813,E,1,10,1.0,34.0,M,44.7,M,,*71
14726 1627994870 0 3 2.58 0.00
14727 1627994871 0 4 2.57 1.69
14728 1627994871 0 5 0.02
14729 1627994871 0 6 0.10
14730 1627994871 0 8 4.98 12.33 11.87
14731 1627994871 0 1 4.928
14732 1627994871 0 0 26.40 8.24 156.6 61.38 111.4 6.89 177.5 17.2 173.8 2.22 41.22 13.4
14733 1627994871 0 7 $GNGGA,124750.000,4424.34969,N,00855.16947,E,1,10,1.0,34.4,M,44.7,M,,*71
14734 1627994871 0 7 $GNGGA,124751.000,4424.34857,N,00855.17075,E,1,10,1.0,34.6,M,44.7,M,,*77
14735 1627994872 0 7 $GNGGA,124752.000,4424.34777,N,00855.17164,E,1,10,1.0,34.2,M,44.7,M,,*7C
14736 1627994873 0 3 2.58 0.00
14737 1627994874 0 4 2.57 1.69
14738 1627994874 0 5 0.03
14739 1627994874 0 6 0.09
14740 1627994874 0 8 4.98 12.33 11.87
14741 1627994874 0 1 4.894
14742 1627994874 0 0 26.40 8.24 156.6 61.45 111.4 6.89 177.5 17.3 174.0 2.19 41.28 13.4
14743 1627994874 0 7 $GNGGA,124753.000,4424.34740,N,00855.17209,E,1,10,1.0,32.4,M,44.7,M,,*71
14744 1627994875 0 7 $GNGGA,124754.000,4424.34676,N,00855.17288,E,1,10,1.0,31.8,M,44.7,M,,*74
14745 1627994876 0 7 $GNGGA,124755.000,4424.34635,N,00855.17344,E,1,10,1.0,31.3,M,44.7,M,,*78
14746 1627994876 0 3 2.58 0.00
14747 1627994877 0 4 2.57 1.69
14748 1627994877 0 5 0.02
14749 1627994877 0 6 0.09
14750 1627994877 0 8 4.98 12.33 11.87
14751 1627994877 0 1 4.419
14752 1627994877 0 0 26.40 8.23 156.6 61.35 111.3 6.89 177.5 17.2 173.8 2.17 41.20 13.4
14753 1627994877 0 7 $GNGGA,124756.000,4424.34592,N,00855.17395,E,1,10,1.0,30.8,M,44.7,M,,*73
14754 1627994877 0 7 $GNGGA,124757.000,4424.34529,N,00855.17466,E,1,10,1.0,31.1,M,44.7,M,,*71
14755 1627994878 0 7 $GNGGA,124758.000,4424.34481,N,00855.17509,E,1,10,1.0,30.5,M,44.7,M,,*70
14756 1627994879 0 3 2.58 0.00
14757 1627994880 0 4 2.57 1.68
14758 1627994880 0 5 0.02
14759 1627994880 0 6 0.09
14760 1627994880 0 8 4.98 12.33 11.87
14761 1627994880 0 1 4.800
14762 1627994880 0 0 26.38 8.24 156.6 61.45 111.2 6.88 177.7 17.2 174.1 2.18 41.27 13.4
14763 1627994880 0 7 $GNGGA,124759.000,4424.34420,N,00855.17573,E,1,10,1.0,30.2,M,44.7,M,,*70
14764 1627994880 0 7 $GNGGA,124800.000,4424.34359,N,00855.17670,E,1,10,1.0,30.6,M,44.7,M,,*7E
14765 1627994881 0 7 $GNGGA,124801.000,4424.34296,N,00855.17742,E,1,10,1.0,30.9,M,44.7,M,,*72
14766 1627994882 0 3 2.58 0.00
14767 1627994883 0 4 2.57 1.64
14768 1627994883 0 5 0.02
14769 1627994883 0 6 0.09
14770 1627994883 0 8 4.98 12.33 11.87
14771 1627994883 0 1 4.996
14772 1627994883 0 0 26.41 8.23 156.6 61.41 111.1 6.87 177.2 17.3 173.3 2.19 41.24 13.3
14773 1627994883 0 7 $GNGGA,124802.000,4424.34257,N,00855.17746,E,1,10,1.0,29.3,M,44.7,M,,*7A
14774 1627994883 0 7 $GNGGA,124803.000,4424.34176,N,00855.17804,E,1,10,1.0,29.9,M,44.7,M,,*78
14775 1627994884 0 7 $GNGGA,124804.000,4424.34111,N,00855.17828,E,1,10,1.0,29.9,M,44.7,M,,*70
14776 1627994885 0 3 2.58 0.00
14777 1627994886 0 4 2.57 1.64
14778 1627994886 0 5 0.02
14779 1627994886 0 6 0.08
14780 1627994886 0 8 4.98 12.34 11.87
14781 1627994886 0 1 4.557
14782 1627994886 0 0 26.40 8.24 156.6 61.42 111.1 6.87 177.4 17.3 173.9 2.13 41.25 13.5
14783 1627994886 0 7 $GNGGA,124805.000,4424.34032,N,00855.17859,E,1,10,1.0,31.8,M,44.7,M,,*7F
14784 1627994887 0 7 $GNGGA,124806.000,4424.33961,N,00855.17857,E,1,10,1.0,31.8,M,44.7,M,,*7A
14785 1627994888 0 7 $GNGGA,124807.000,4424.33893,N,00855.17846,E,1,10,1.0,31.3,M,44.7,M,,*7C
14786 1627994888 0 3 2.58 0.00
14787 1627994889 0 4 2.57 1.64
14788 1627994889 0 5 0.02
14789 1627994889 0 6 0.09
14790 1627994889 0 8 4.98 12.35 11.87
14791 1627994889 0 1 5.450
14792 1627994889 0 0 26.40 8.24 156.6 61.47 111.0 6.86 177.6 17.2 173.6 2.10 41.29 13.4
14793 1627994889 0 7 $GNGGA,124808.000,4424.33823,N,00855.17841,E,1,10,1.0,30.8,M,44.7,M,,*75
14794 1627994890 0 7 $GNGGA,124809.000,4424.33768,N,00855.17822,E,1,10,1.0,31.2,M,44.7,M,,*7A
14795 1627994890 0 7 $GNGGA,124810.000,4424.33716,N,00855.17825,E,1,10,1.0,31.0,M,44.7,M,,*7E
14796 1627994891 0 3 2.58 0.00
14797 1627994892 0 4 2.57 1.64
14798 1627994892 0 5 0.02
14799 1627994892 0 6 0.09
14800 1627994892 0 8 4.98 12.20 11.84
14801 1627994892 0 1 4.481
14802 1627994892 0 0 26.42 8.24 156.6 61.43 111.0 6.86 177.3 17.2 173.2 2.10 41.26 13.5
14803 1627994892 0 7 $GNGGA,124811.000,4424.33648,N,00855.17825,E,1,10,1.0,31.2,M,44.7,M,,*77
14804 1627994893 0 7 $GNGGA,124812.000,4424.33567,N,00855.17812,E,1,10,1.0,31.4,M,44.7,M,,*78
14805 1627994894 0 7 $GNGGA,124813.000,4424.33508,N,00855.17791,E,1,10,1.0,30.9,M,44.7,M,,*78
14806 1627994894 0 3 2.58 0.00
14807 1627994895 0 4 2.57 1.64
14808 1627994895 0 5 0.02
14809 1627994895 0 6 0.09
14810 1627994895 0 8 4.98 12.36 11.84
14811 1627994895 0 1 4.339
14812 1627994895 0 0 26.40 8.24 156.6 61.44 110.9 6.86 177.4 17.2 173.5 2.04 41.26 13.5
14813 1627994895 0 7 $GNGGA,124814.000,4424.33435,N,00855.17792,E,1,10,1.0,30.7,M,44.7,M,,*7D
14814 1627994895 0 7 $GNGGA,124815.000,4424.33354,N,00855.17802,E,1,10,1.0,30.6,M,44.7,M,,*7B
14815 1627994896 0 7 $GNGGA,124816.000,4424.33239,N,00855.17862,E,1,10,1.0,30.9,M,44.7,M,,*7B
14816 1627994897 0 3 2.58 0.00
14817 1627994898 0 4 2.57 1.64
14818 1627994898 0 5 0.02
14819 1627994898 0 6 0.09
14820 1627994898 0 8 4.97 11.67 11.84
14821 1627994898 0 1 4.460
14822 1627994898 0 0 26.40 8.24 156.6 61.38 110.8 6.85 177.4 17.3 173.6 2.00 41.22 13.4
14823 1627994898 0 7 $GNGGA,124817.000,4424.33124,N,00855.17899,E,1,10,1.0,31.2,M,44.7,M,,*7B
14824 1627994898 0 7 $GNGGA,124818.000,4424.33045,N,00855.17898,E,1,10,1.0,31.9,M,44.7,M,,*78
14825 1627994899 0 7 $GNGGA,124819.000,4424.32966,N,00855.17939,E,1,10,1.0,32.4,M,44.7,M,,*74
14826 1627994900 0 3 2.58 0.00
14827 1627994901 0 4 2.57 1.65
14828 1627994901 0 5 0.02
14829 1627994901 0 6 0.09
14830 1627994901 0 8 4.98 12.21 11.82
14831 1627994901 0 1 3.874
14832 1627994901 0 0 26.43 8.24 156.6 61.38 110.6 6.84 177.1 17.3 173.3 1.97 41.22 13.4
14833 1627994901 0 7 $GNGGA,124820.000,4424.32888,N,00855.17995,E,1,10,1.0,32.7,M,44.7,M,,*7A
14834 1627994901 0 7 $GNGGA,124821.000,4424.32820,N,00855.18058,E,1,10,1.0,33.0,M,44.7,M,,*78
14835 1627994902 0 7 $GNGGA,124822.000,4424.32792,N,00855.18120,E,1,10,1.0,32.7,M,44.7,M,,*75
14836 1627994903 0 3 2.58 0.00
14837 1627994904 0 4 2.57 1.65
14838 1627994904 0 5 0.02
14839 1627994904 0 6 0.09
14840 1627994904 0 8 4.98 12.35 11.87
14841 1627994904 0 1 3.740
14842 1627994904 0 0 26.44 8.24 156.5 61.33 110.5 6.83 176.9 17.3 173.1 1.93 41.18 13.6
14843 1627994904 0 7 $GNGGA,124823.000,4424.32744,N,00855.18211,E,1,10,1.0,33.2,M,44.7,M,,*7A
14844 1627994905 0 7 $GNGGA,124824.000,4424.32732,N,00855.18260,E,1,10,1.0,31.9,M,44.7,M,,*73
14845 1627994905 0 7 $GNGGA,124825.000,4424.32682,N,00855.18337,E,1,10,1.0,31.8,M,44.7,M,,*7A
14846 1627994906 0 3 2.58 0.00
14847 1627994907 0 4 2.57 1.65
14848 1627994907 0 5 0.02
14849 1627994907 0 6 0.09
14850 1627994907 0 8 4.98 12.21 11.84
14851 1627994907 0 1 4.214
14852 1627994907 0 0 26.43 8.24 156.6 61.41 110.5 6.83 177.2 17.3 173.7 1.89 41.24 13.6
14853 1627994907 0 7 $GNGGA,124826.000,4424.32620,N,00855.18418,E,1,10,1.0,31.6,M,44.7,M,,*75
14854 1627994907 0 7 $GNGGA,124827.000,4424.32557,N,00855.18500,E,1,10,1.0,31.6,M,44.7,M,,*7F
14855 1627994908 0 7 $GNGGA,124828.000,4424.32478,N,00855.18607,E,1,10,1.0,32.4,M,44.7,M,,*79
14856 1627994909 0 3 2.58 0.00
14857 1627994910 0 4 2.57 1.65
14858 1627994910 0 5 0.02
14859 1627994910 0 6 0.09
14860 1627994910 0 8 4.98 12.36 11.87
14861 1627994910 0 1 4.110
14862 1627994910 0 0 26.43 8.24 156.6 61.42 110.4 6.82 177.4 17.2 173.8 1.86 41.25 13.6
14863 1627994910 0 7 $GNGGA,124829.000,4424.32403,N,00855.18722,E,1,10,1.0,32.9,M,44.7,M,,*7F
14864 1627994910 0 7 $GNGGA,124830.000,4424.32353,N,00855.18830,E,1,10,1.0,33.2,M,44.7,M,,*73
14865 1627994911 0 7 $GNGGA,124831.000,4424.32313,N,00855.18912,E,1,10,1.0,33.4,M,44.7,M,,*71
14866 1627994912 0 3 2.58 0.00
14867 1627994913 0 4 2.57 1.65
14868 1627994913 0 5 0.02
14869 1627994913 0 6 0.09
14870 1627994913 0 8 4.98 12.35 11.87
14871 1627994913 0 1 4.174
14872 1627994913 0 0 26.41 8.24 156.5 61.35 109.5 6.77 177.4 17.2 173.6 1.86 41.19 13.6
14873 1627994913 0 7 $GNGGA,124832.000,4424.32267,N,00855.19001,E,1,10,1.0,34.3,M,44.7,M,,*7A
14874 1627994913 0 7 $GNGGA,124833.000,4424.32246,N,00855.19046,E,1,10,1.0,34.0,M,44.7,M,,*78
14875 1627994914 0 7 $GNGGA,124834.000,4424.32182,N,00855.19142,E,1,10,1.0,34.5,M,44.7,M,,*74
14876 1627994915 0 3 2.58 0.00
14877 1627994916 0 4 2.57 1.65
14878 1627994916 0 5 0.02
14879 1627994916 0 6 0.09
14880 1627994916 0 8 4.98 12.34 11.87
14881 1627994916 0 1 4.343
14882 1627994916 0 0 26.43 8.24 156.6 61.39 109.6 6.77 177.1 17.3 173.6 1.85 41.22 13.6
14883 1627994916 0 7 $GNGGA,124835.000,4424.32106,N,00855.19262,E,1,10,1.0,35.3,M,44.7,M,,*7F
14884 1627994916 0 7 $GNGGA,124836.000,4424.32062,N,00855.19362,E,1,10,1.0,35.4,M,44.7,M,,*79
14885 1627994917 0 7 $GNGGA,124837.000,4424.32032,N,00855.19467,E,1,10,1.0,35.5,M,44.7,M,,*7E
14886 1627994918 0 3 2.58 0.00
14887 1627994919 0 4 2.57 1.65
14888 1627994919 0 5 0.02
14889 1627994919 0 6 0.09
14890 1627994919 0 8 4.98 12.36 11.87
14891 1627994919 0 1 3.983
14892 1627994919 0 0 26.44 8.25 156.5 61.36 109.6 6.77 177.3 17.3 173.9 1.85 41.20 13.7
14893 1627994919 0 7 $GNGGA,124838.000,4424.31996,N,00855.19594,E,1,10,1.0,36.3,M,44.7,M,,*7D
14894 1627994920 0 7 $GNGGA,124839.000,4424.31956,N,00855.19720,E,1,10,1.0,37.0,M,44.7,M,,*7F
14895 1627994920 0 7 $GNGGA,124840.000,4424.31897,N,00855.19849,E,1,10,1.0,37.8,M,44.7,M,,*75
14896 1627994921 0 3 2.58 0.00
14897 1627994922 0 4 2.57 1.66
14898 1627994922 0 5 0.02
14899 1627994922 0 6 0.10
14900 1627994922 0 8 4.98 12.35 11.84
14901 1627994922 0 1 3.667
14902 1627994922 0 0 26.43 8.24 156.5 61.42 109.6 6.77 177.2 17.2 173.7 1.82 41.25 13.6
14903 1627994922 0 7 $GNGGA,124841.000,4424.31845,N,00855.19948,E,1,10,1.0,37.6,M,44.7,M,,*75
14904 1627994923 0 7 $GNGGA,124842.000,4424.31776,N,00855.20053,E,1,10,1.0,37.9,M,44.7,M,,*7F
14905 1627994924 0 7 $GNGGA,124843.000,4424.31692,N,00855.20172,E,1,10,1.0,38.8,M,44.7,M,,*79
14906 1627994924 0 3 2.58 0.00
14907 1627994925 0 4 2.57 1.65
14908 1627994925 0 5 0.02
14909 1627994925 0 6 0.10
14910 1627994925 0 8 4.98 12.36 11.84
14911 1627994925 0 1 3.811
14912 1627994925 0 0 26.43 8.24 156.5 61.33 109.7 6.78 177.2 17.3 173.6 1.77 41.18 13.6
14913 1627994925 0 7 $GNGGA,124844.000,4424.31620,N,00855.20267,E,1,10,1.0,39.0,M,44.7,M,,*79
14914 1627994926 0 7 $GNGGA,124845.000,4424.31550,N,00855.20381,E,1,10,1.0,39.4,M,44.7,M,,*71
14915 1627994927 0 7 $GNGGA,124846.000,4424.31480,N,00855.20529,E,1,10,1.0,39.5,M,44.7,M,,*7B
14916 1627994927 0 3 2.58 0.00
14917 1627994928 0 4 2.57 1.65
14918 1627994928 0 5 0.02
14919 1627994928 0 6 0.08
14920 1627994928 0 8 4.98 12.35 11.87
14921 1627994928 0 1 4.042
14922 1627994928 0 0 26.41 8.24 156.6 61.34 109.7 6.78 177.5 17.2 173.8 1.76 41.19 13.6
14923 1627994928 0 7 $GNGGA,124847.000,4424.31423,N,00855.20667,E,1,10,1.0,39.2,M,44.7,M,,*7D
14924 1627994928 0 7 $GNGGA,124848.000,4424.31360,N,00855.20798,E,1,10,1.0,39.5,M,44.7,M,,*74
14925 1627994929 0 7 $GNGGA,124849.000,4424.31322,N,00855.20903,E,1,10,1.0,39.6,M,44.7,M,,*7C
14926 1627994930 0 3 2.58 0.00
14927 1627994931 0 4 2.57 1.65
14928 1627994931 0 5 0.02
14929 1627994931 0 6 0.08
14930 1627994931 0 8 4.98 12.36 11.87
14931 1627994931 0 1 4.070
14932 1627994931 0 0 26.40 8.24 156.6 61.39 109.6 6.78 177.6 17.2 173.9 1.77 41.23 13.5
14933 1627994931 0 7 $GNGGA,124850.000,4424.31292,N,00855.20985,E,1,10,1.0,39.7,M,44.7,M,,*71
14934 1627994931 0 7 $GNGGA,124851.000,4424.31259,N,00855.21063,E,1,10,1.0,40.1,M,44.7,M,,*7F
14935 1627994932 0 7 $GNGGA,124852.000,4424.31222,N,00855.21159,E,1,10,1.0,40.5,M,44.7,M,,*7C
14936 1627994933 0 3 2.58 0.00
14937 1627994934 0 4 2.57 1.64
14938 1627994934 0 5 0.02
14939 1627994934 0 6 0.09
14940 1627994934 0 8 4.98 12.35 11.87
14941 1627994934 0 1 4.104
14942 1627994934 0 0 26.39 8.24 156.6 61.39 109.6 6.78 177.7 17.2 174.1 1.77 41.23 13.4
14943 1627994934 0 7 $GNGGA,124853.000,4424.31176,N,00855.21268,E,1,10,1.0,40.8,M,44.7,M,,*73
14944 1627994934 0 7 $GNGGA,124854.000,4424.31117,N,00855.21371,E,1,10,1.0,41.1,M,44.7,M,,*72
14945 1627994935 0 7 $GNGGA,124855.000,4424.31055,N,00855.21479,E,1,10,1.0,41.3,M,44.7,M,,*79
14946 1627994936 0 3 2.58 0.00
14947 1627994937 0 4 2.57 1.65
14948 1627994937 0 5 0.02
14949 1627994937 0 6 0.09
14950 1627994937 0 8 4.98 12.35 11.84
14951 1627994937 0 1 4.034
14952 1627994937 0 0 26.43 8.24 156.6 61.37 109.6 6.78 177.2 17.3 173.8 1.78 41.21 13.6
14953 1627994937 0 7 $GNGGA,124856.000,4424.31007,N,00855.21523,E,1,10,1.0,40.1,M,44.7,M,,*70
14954 1627994937 0 7 $GNGGA,124857.000,4424.30939,N,00855.21588,E,1,10,1.0,39.9,M,44.7,M,,*73
14955 1627994938 0 7 $GNGGA,124858.000,4424.30879,N,00855.21660,E,1,10,1.0,40.2,M,44.7,M,,*79
14956 1627994939 0 3 2.58 0.00
14957 1627994939 0 4 2.57 1.65
14958 1627994940 0 5 0.02
14959 1627994940 0 6 0.09
14960 1627994940 0 8 4.98 12.35 11.87
14961 1627994940 0 1 3.832
14962 1627994940 0 0 26.44 8.25 156.6 61.39 109.6 6.77 177.2 17.3 173.3 1.79 41.22 13.7
14963 1627994940 0 7 $GNGGA,124859.000,4424.30813,N,00855.21735,E,1,10,1.0,40.5,M,44.7,M,,*72
14964 1627994940 0 7 $GNGGA,124900.000,4424.30764,N,00855.21795,E,1,10,1.0,39.7,M,44.7,M,,*76
14965 1627994941 0 7 $GNGGA,124901.000,4424.30686,N,00855.21891,E,1,10,1.0,39.6,M,44.7,M,,*70
14966 1627994942 0 3 2.58 0.00
14967 1627994942 0 4 2.57 1.64
14968 1627994943 0 5 0.02
14969 1627994943 0 6 0.09
14970 1627994943 0 8 4.98 12.36 11.87
14971 1627994943 0 1 4.402
14972 1627994943 0 0 26.44 8.24 156.5 61.40 109.6 6.77 177.2 17.3 173.6 1.80 41.24 13.7
14973 1627994943 0 7 $GNGGA,124902.000,4424.30629,N,00855.21963,E,1,10,1.0,38.9,M,44.7,M,,*74
14974 1627994943 0 7 $GNGGA,124903.000,4424.30547,N,00855.22058,E,1,10,1.0,38.8,M,44.7,M,,*7D
14975 1627994944 0 7 $GNGGA,124904.000,4424.30468,N,00855.22123,E,1,10,1.0,37.8,M,44.7,M,,*74
14976 1627994945 0 3 2.58 0.00
14977 1627994945 0 4 2.57 1.64
14978 1627994946 0 5 0.02
14979 1627994946 0 6 0.09
14980 1627994946 0 8 4.98 12.36 11.84
14981 1627994946 0 1 3.723
14982 1627994946 0 0 26.44 8.24 156.5 61.39 109.6 6.77 177.4 17.3 173.7 1.81 41.23 13.7
14983 1627994946 0 7 $GNGGA,124905.000,4424.30353,N,00855.22213,E,1,10,1.0,37.5,M,44.7,M,,*77
14984 1627994946 0 7 $GNGGA,124906.000,4424.30227,N,00855.22303,E,1,10,1.0,37.2,M,44.7,M,,*71
14985 1627994947 0 7 $GNGGA,124907.000,4424.30167,N,00855.22327,E,1,10,1.0,36.4,M,44.7,M,,*76
14986 1627994948 0 3 2.58 0.00
14987 1627994948 0 4 2.57 1.64
14988 1627994949 0 5 0.02
14989 1627994949 0 6 0.09
14990 1627994949 0 8 4.98 12.35 11.87
14991 1627994949 0 1 4.014
14992 1627994949 0 0 26.43 8.24 156.5 61.34 109.6 6.78 177.3 17.3 173.9 1.83 41.19 13.7
14993 1627994949 0 7 $GNGGA,124908.000,4424.30088,N,00855.22374,E,1,10,1.0,36.2,M,44.7,M,,*79
14994 1627994949 0 2 0.04790000 3.26959991 1.49730005 0.02520000 2.68009996 0.00400000 0.05510000 0.21240000 1.00000000 88.08499908
14995 1627994950 0 7 $GNGGA,124909.000,4424.30011,N,00855.22395,E,1,10,1.0,35.7,M,44.7,M,,*71
14996 1627994950 0 7 $GNGGA,124910.000,4424.29937,N,00855.22425,E,1,10,1.0,35.1,M,44.7,M,,*76
14997 1627994951 0 3 2.58 0.00
14998 1627994951 0 4 2.57 1.64
14999 1627994952 0 5 0.02
15000 1627994952 0 6 0.10
15001 1627994952 0 8 4.98 12.35 11.87
15002 1627994952 0 1 3.906
15003 1627994952 0 0 26.43 8.24 156.5 61.36 109.6 6.77 177.4 17.3 173.8 1.83 41.20 13.7
15004 1627994952 0 7 $GNGGA,124911.000,4424.29841,N,00855.22450,E,1,10,1.0,34.8,M,44.7,M,,*7D
15005 1627994952 0 7 $GNGGA,124912.000,4424.29747,N,00855.22479,E,1,10,1.0,34.4,M,44.7,M,,*70
15006 1627994953 0 7 $GNGGA,124913.000,4424.29642,N,00855.22509,E,1,10,1.0,33.7,M,44.7,M,,*77
15007 1627994954 0 3 2.58 0.00
15008 1627994954 0 4 2.57 1.64
15009 1627994955 0 5 0.03
15010 1627994955 0 6 0.08
15011 1627994955 0 8 4.98 12.35 11.87
15012 1627994955 0 1 3.707
15013 1627994955 0 0 26.44 8.24 156.4 61.41 109.6 6.77 177.2 17.3 173.5 1.86 41.24 13.7
15014 1627994955 0 7 $GNGGA,124914.000,4424.29531,N,00855.22550,E,1,10,1.0,32.9,M,44.7,M,,*74
15015 1627994955 0 7 $GNGGA,124915.000,4424.29441,N,00855.22601,E,1,10,1.0,32.8,M,44.7,M,,*75
15016 1627994956 0 7 $GNGGA,124916.000,4424.29396,N,00855.22619,E,1,10,1.0,32.4,M,44.7,M,,*7E
15017 1627994957 0 3 2.58 0.00
15018 1627994957 0 4 2.57 1.64
15019 1627994958 0 5 0.02
15020 1627994958 0 6 0.09
15021 1627994958 0 8 4.98 12.35 11.87
15022 1627994958 0 1 3.636
15023 1627994958 0 0 26.44 8.25 156.5 61.36 109.6 6.77 177.3 17.3 173.8 1.86 41.20 13.8
15024 1627994958 0 7 $GNGGA,124917.000,4424.29319,N,00855.22659,E,1,10,1.0,32.2,M,44.7,M,,*7A
15025 1627994958 0 7 $GNGGA,124918.000,4424.29223,N,00855.22711,E,1,10,1.0,31.6,M,44.7,M,,*77
15026 1627994959 0 7 $GNGGA,124919.000,4424.29156,N,00855.22746,E,1,10,1.0,30.8,M,44.7,M,,*7A
15027 1627994960 0 3 2.58 0.00
15028 1627994960 0 4 2.57 1.64
15029 1627994961 0 5 0.02
15030 1627994961 0 6 0.09
15031 1627994961 0 8 4.98 12.35 11.87
15032 1627994961 0 1 3.895
15033 1627994961 0 0 26.43 8.24 156.5 61.37 109.6 6.77 177.5 17.3 173.9 1.86 41.21 13.7
15034 1627994961 0 7 $GNGGA,124920.000,4424.29098,N,00855.22797,E,1,10,1.0,30.5,M,44.7,M,,*72
15035 1627994961 0 7 $GNGGA,124921.000,4424.29047,N,00855.22842,E,1,10,1.0,30.2,M,44.7,M,,*71
15036 1627994962 0 7 $GNGGA,124922.000,4424.29000,N,00855.22901,E,1,10,1.0,29.5,M,44.7,M,,*78
15037 1627994963 0 3 2.58 0.00
15038 1627994963 0 4 2.57 1.64
15039 1627994964 0 5 0.02
15040 1627994964 0 6 0.10
15041 1627994964 0 8 4.98 12.35 11.87
15042 1627994964 0 1 3.494
15043 1627994964 0 0 26.44 8.24 156.5 61.44 109.6 6.77 177.3 17.3 173.8 1.84 41.26 13.7
15044 1627994964 0 7 $GNGGA,124923.000,4424.28952,N,00855.22980,E,1,10,1.0,29.2,M,44.7,M,,*78
15045 1627994964 0 7 $GNGGA,124924.000,4424.28896,N,00855.23055,E,1,10,1.0,29.0,M,44.7,M,,*74
15046 1627994965 0 7 $GNGGA,124925.000,4424.28840,N,00855.23096,E,1,10,1.0,29.0,M,44.7,M,,*71
15047 1627994966 0 3 2.58 0.00
15048 1627994966 0 4 2.57 1.64
15049 1627994967 0 5 0.02
15050 1627994967 0 6 0.09
15051 1627994967 0 8 4.98 12.36 11.87
15052 1627994967 0 1 3.482
15053 1627994967 0 0 26.45 8.25 156.5 61.46 109.6 6.77 177.2 17.3 174.0 1.81 41.28 13.7
15054 1627994967 0 7 $GNGGA,124926.000,4424.28781,N,00855.23116,E,1,10,1.0,28.9,M,44.7,M,,*71
15055 1627994967 0 7 $GNGGA,124927.000,4424.28725,N,00855.23124,E,1,10,1.0,28.6,M,44.7,M,,*70
15056 1627994968 0 7 $GNGGA,124928.000,4424.28658,N,00855.23128,E,1,10,1.0,28.2,M,44.7,M,,*7C
15057 1627994969 0 3 2.58 0.00
15058 1627994969 0 4 2.57 1.64
15059 1627994970 0 5 0.02
15060 1627994970 0 6 0.08
15061 1627994970 0 8 4.98 12.35 11.87
15062 1627994970 0 1 4.043
15063 1627994970 0 0 26.46 8.25 156.4 61.43 109.6 6.77 177.0 17.3 173.8 1.77 41.25 13.7
15064 1627994970 0 7 $GNGGA,124929.000,4424.28597,N,00855.23098,E,1,10,1.0,26.3,M,44.7,M,,*78
15065 1627994970 0 7 $GNGGA,124930.000,4424.28513,N,00855.23110,E,1,10,1.0,25.1,M,44.7,M,,*7C
15066 1627994971 0 7 $GNGGA,124931.000,4424.28436,N,00855.23121,E,1,10,1.0,23.2,M,44.7,M,,*7C
15067 1627994972 0 3 2.58 0.00
15068 1627994972 0 4 2.57 1.64
15069 1627994973 0 5 0.02
15070 1627994973 0 6 0.08
15071 1627994973 0 8 4.98 12.35 11.87
15072 1627994973 0 1 3.281
15073 1627994973 0 0 26.47 8.25 156.4 61.43 109.6 6.77 176.9 17.3 173.6 1.75 41.25 13.8
15074 1627994973 0 7 $GNGGA,124932.000,4424.28373,N,00855.23134,E,1,10,1.0,21.7,M,44.7,M,,*7A
15075 1627994973 0 7 $GNGGA,124933.000,4424.28302,N,00855.23179,E,1,10,1.0,20.9,M,44.7,M,,*7B
15076 1627994974 0 7 $GNGGA,124934.000,4424.28236,N,00855.23222,E,1,10,1.0,20.0,M,44.7,M,,*7E
15077 1627994975 0 3 2.58 0.00
15078 1627994975 0 4 2.57 1.64
15079 1627994976 0 5 0.02
15080 1627994976 0 6 0.08
15081 1627994976 0 8 4.98 12.35 11.87
15082 1627994976 0 1 3.313
15083 1627994976 0 0 26.48 8.25 156.4 61.41 109.6 6.77 176.9 17.3 173.8 1.73 41.24 13.9
15084 1627994976 0 7 $GNGGA,124935.000,4424.28171,N,00855.23273,E,1,10,1.0,19.4,M,44.7,M,,*75
15085 1627994976 0 7 $GNGGA,124936.000,4424.28093,N,00855.23340,E,1,10,1.0,19.3,M,44.7,M,,*7D
15086 1627994977 0 7 $GNGGA,124937.000,4424.27996,N,00855.23403,E,1,10,1.0,19.2,M,44.7,M,,*7E
15087 1627994978 0 3 2.58 0.00
15088 1627994978 0 4 2.57 1.64
15089 1627994979 0 5 0.02
15090 1627994979 0 6 0.09
15091 1627994979 0 8 4.98 12.35 11.87
15092 1627994979 0 1 3.268
15093 1627994979 0 0 26.48 8.25 156.4 61.44 109.6 6.77 177.1 17.3 173.9 1.72 41.26 13.9
15094 1627994979 0 7 $GNGGA,124938.000,4424.27898,N,00855.23456,E,1,10,1.0,18.4,M,44.7,M,,*79
15095 1627994979 0 7 $GNGGA,124939.000,4424.27806,N,00855.23522,E,1,10,1.0,18.1,M,44.7,M,,*78
15096 1627994980 0 7 $GNGGA,124940.000,4424.27731,N,00855.23589,E,1,10,1.0,17.2,M,44.7,M,,*70
15097 1627994981 0 3 2.58 0.00
15098 1627994981 0 4 2.57 1.64
15099 1627994982 0 5 0.02
15100 1627994982 0 6 0.09
15101 1627994982 0 8 4.98 12.35 11.87
15102 1627994982 0 1 3.193
15103 1627994982 0 0 26.48 8.25 156.4 61.43 109.6 6.77 177.2 17.3 173.5 1.71 41.26 13.9
15104 1627994982 0 7 $GNGGA,124941.000,4424.27659,N,00855.23653,E,1,10,1.0,16.3,M,44.7,M,,*7A
15105 1627994982 0 7 $GNGGA,124942.000,4424.27603,N,00855.23689,E,1,10,1.0,15.6,M,44.7,M,,*77
15106 1627994983 0 7 $GNGGA,124943.000,4424.27545,N,00855.23723,E,1,10,1.0,15.1,M,44.7,M,,*71
15107 1627994984 0 3 2.58 0.00
15108 1627994984 0 4 2.57 1.64
15109 1627994985 0 5 0.02
15110 1627994985 0 6 0.09
15111 1627994985 0 8 4.98 12.35 11.87
15112 1627994985 0 1 3.409
15113 1627994985 0 0 26.47 8.25 156.4 61.43 109.6 6.77 177.2 17.3 174.0 1.69 41.25 13.9
15114 1627994985 0 7 $GNGGA,124944.000,4424.27483,N,00855.23777,E,1,10,1.0,14.7,M,44.7,M,,*7B
15115 1627994985 0 7 $GNGGA,124945.000,4424.27435,N,00855.23814,E,1,10,1.0,14.0,M,44.7,M,,*7A
15116 1627994986 0 7 $GNGGA,124946.000,4424.27383,N,00855.23872,E,1,10,1.0,13.9,M,44.7,M,,*7D
15117 1627994987 0 3 2.58 0.00
15118 1627994987 0 4 2.57 1.64
15119 1627994988 0 5 0.02
15120 1627994988 0 6 0.09
15121 1627994988 0 8 4.98 12.35 11.87
15122 1627994988 0 1 3.333
15123 1627994988 0 0 26.48 8.25 156.4 61.37 109.6 6.77 177.2 17.3 173.8 1.68 41.21 13.9
15124 1627994988 0 7 $GNGGA,124947.000,4424.27336,N,00855.23926,E,1,10,1.0,14.3,M,44.7,M,,*7F
15125 1627994988 0 7 $GNGGA,124948.000,4424.27286,N,00855.23977,E,1,10,1.0,14.5,M,44.7,M,,*78
15126 1627994989 0 7 $GNGGA,124949.000,4424.27229,N,00855.24048,E,1,10,1.0,15.3,M,44.7,M,,*79
15127 1627994990 0 3 2.58 0.00
15128 1627994990 0 4 2.57 1.64
15129 1627994991 0 5 0.02
15130 1627994991 0 6 0.09
15131 1627994991 0 8 4.98 12.35 11.84
15132 1627994991 0 1 3.361
15133 1627994991 0 0 26.48 8.25 156.4 61.39 109.6 6.77 177.3 17.3 174.1 1.69 41.22 13.9
15134 1627994991 0 7 $GNGGA,124950.000,4424.27164,N,00855.24105,E,1,10,1.0,15.9,M,44.7,M,,*79
15135 1627994991 0 7 $GNGGA,124951.000,4424.27089,N,00855.24144,E,1,10,1.0,16.3,M,44.7,M,,*76
15136 1627994992 0 7 $GNGGA,124952.000,4424.27028,N,00855.24149,E,1,10,1.0,16.7,M,44.7,M,,*77
15137 1627994993 0 3 2.58 0.00
15138 1627994993 0 4 2.56 1.65
15139 1627994994 0 5 0.02
15140 1627994994 0 6 0.09
15141 1627994994 0 8 4.98 12.35 11.87
15142 1627994994 0 1 2.890
15143 1627994994 0 0 26.52 8.25 156.3 61.49 109.6 6.76 176.8 17.3 173.5 1.68 41.30 14.0
15144 1627994994 0 7 $GNGGA,124953.000,4424.26976,N,00855.24153,E,1,10,1.0,16.9,M,44.7,M,,*70
15145 1627994994 0 7 $GNGGA,124954.000,4424.26915,N,00855.24175,E,1,10,1.0,17.1,M,44.7,M,,*7F
15146 1627994995 0 7 $GNGGA,124955.000,4424.26865,N,00855.24185,E,1,10,1.0,17.2,M,44.7,M,,*74
15147 1627994996 0 3 2.58 0.00
15148 1627994996 0 4 2.57 1.65
15149 1627994997 0 5 0.02
15150 1627994997 0 6 0.08
15151 1627994997 0 8 4.98 12.35 11.84
15152 1627994997 0 1 3.851
15153 1627994997 0 0 26.52 8.25 156.3 61.42 109.6 6.77 177.1 17.3 174.2 1.68 41.25 14.1
15154 1627994997 0 7 $GNGGA,124956.000,4424.26814,N,00855.24191,E,1,10,1.0,17.3,M,44.7,M,,*75
15155 1627994997 0 7 $GNGGA,124957.000,4424.26759,N,00855.24207,E,1,10,1.0,17.4,M,44.7,M,,*79
15156 1627994998 0 7 $GNGGA,124958.000,4424.26704,N,00855.24223,E,1,10,1.0,17.7,M,44.7,M,,*7B
15157 1627994999 0 3 2.58 0.00
15158 1627994999 0 4 2.57 1.65
15159 1627995000 0 5 0.02
15160 1627995000 0 6 0.08
15161 1627995000 0 8 4.98 12.35 11.87
15162 1627995000 0 1 3.135
15163 1627995000 0 0 26.51 8.25 156.3 61.43 109.6 6.77 177.1 17.3 174.1 1.67 41.25 14.1
15164 1627995000 0 7 $GNGGA,124959.000,4424.26677,N,00855.24244,E,1,10,1.0,18.6,M,44.7,M,,*70
15165 1627995000 0 7 $GNGGA,125000.000,4424.26643,N,00855.24271,E,1,10,1.0,19.3,M,44.7,M,,*71
15166 1627995001 0 7 $GNGGA,125001.000,4424.26633,N,00855.24318,E,1,10,1.0,20.7,M,44.7,M,,*77
15167 1627995002 0 3 2.58 0.00
15168 1627995002 0 4 2.57 1.65
15169 1627995003 0 5 0.02
15170 1627995003 0 6 0.08
15171 1627995003 0 8 4.98 12.36 11.87
15172 1627995003 0 1 3.300
15173 1627995003 0 0 26.52 8.26 156.2 61.42 109.7 6.77 177.0 17.3 174.1 1.72 41.24 14.1
15174 1627995003 0 7 $GNGGA,125002.000,4424.26574,N,00855.24398,E,1,10,1.0,21.9,M,44.7,M,,*73
15175 1627995003 0 7 $GNGGA,125003.000,4424.26510,N,00855.24461,E,1,10,1.0,22.4,M,44.7,M,,*7F
15176 1627995004 0 7 $GNGGA,125004.000,4424.26436,N,00855.24525,E,1,10,1.0,22.7,M,44.7,M,,*7F
15177 1627995005 0 3 2.58 0.00
15178 1627995005 0 4 2.57 1.64
15179 1627995006 0 5 0.02
15180 1627995006 0 6 0.09
15181 1627995006 0 8 4.98 12.35 11.84
15182 1627995006 0 1 3.569
15183 1627995006 0 0 26.50 8.25 156.3 61.48 109.7 6.77 177.3 17.3 174.1 1.81 41.29 14.1
15184 1627995006 0 7 $GNGGA,125005.000,4424.26347,N,00855.24590,E,1,10,1.0,23.0,M,44.7,M,,*77
15185 1627995006 0 7 $GNGGA,125006.000,4424.26207,N,00855.24690,E,1,10,1.0,23.5,M,44.7,M,,*77
15186 1627995007 0 7 $GNGGA,125007.000,4424.26067,N,00855.24756,E,1,10,1.0,23.0,M,44.7,M,,*7C
15187 1627995008 0 3 2.58 0.00
15188 1627995008 0 4 2.57 1.65
15189 1627995009 0 5 0.02
15190 1627995009 0 6 0.09
15191 1627995009 0 8 4.98 12.35 11.87
15192 1627995009 0 1 3.460
15193 1627995009 0 0 26.52 8.25 156.2 61.45 109.7 6.77 177.1 17.3 173.8 1.88 41.27 14.1
15194 1627995009 0 7 $GNGGA,125008.000,4424.25958,N,00855.24788,E,1,10,1.0,21.8,M,44.7,M,,*7C
15195 1627995009 0 7 $GNGGA,125009.000,4424.25877,N,00855.24800,E,1,10,1.0,19.7,M,44.7,M,,*7A
15196 1627995010 0 7 $GNGGA,125010.000,4424.25807,N,00855.24815,E,1,10,1.0,18.7,M,44.7,M,,*70
15197 1627995011 0 3 2.58 0.00
15198 1627995011 0 4 2.57 1.64
15199 1627995012 0 5 0.02
15200 1627995012 0 6 0.09
15201 1627995012 0 8 4.98 12.21 11.84
15202 1627995012 0 1 3.632
15203 1627995012 0 0 26.51 8.26 156.3 61.43 109.7 6.77 177.2 17.3 174.7 1.89 41.25 14.1
15204 1627995012 0 7 $GNGGA,125011.000,4424.25760,N,00855.24783,E,1,09,1.2,17.3,M,44.7,M,,*7E
15205 1627995012 0 7 $GNGGA,125012.000,4424.25715,N,00855.24773,E,1,09,1.2,17.0,M,44.7,M,,*73
15206 1627995013 0 7 $GNGGA,125013.000,4424.25684,N,00855.24760,E,1,09,1.2,16.8,M,44.7,M,,*70
15207 1627995014 0 3 2.58 0.00
15208 1627995014 0 4 2.57 1.63
15209 1627995015 0 5 0.02
15210 1627995015 0 6 0.09
15211 1627995015 0 8 4.98 12.34 11.87
15212 1627995015 0 1 3.413
15213 1627995015 0 0 26.54 8.26 156.2 61.38 109.7 6.77 176.8 17.3 174.4 1.87 41.22 14.2
15214 1627995015 0 7 $GNGGA,125014.000,4424.25652,N,00855.24778,E,1,09,1.2,16.7,M,44.7,M,,*7A
15215 1627995015 0 7 $GNGGA,125015.000,4424.25622,N,00855.24785,E,1,10,1.0,16.4,M,44.7,M,,*77
15216 1627995016 0 7 $GNGGA,125016.000,4424.25602,N,00855.24781,E,1,10,1.0,16.4,M,44.7,M,,*72
15217 1627995017 0 3 2.58 0.00
15218 1627995017 0 4 2.57 1.64
15219 1627995018 0 5 0.02
15220 1627995018 0 6 0.09
15221 1627995018 0 8 4.98 12.34 11.87
15222 1627995018 0 1 3.640
15223 1627995018 0 0 26.52 8.26 156.2 61.40 109.8 6.78 177.1 17.3 174.5 1.88 41.23 14.1
15224 1627995018 0 7 $GNGGA,125017.000,4424.25570,N,00855.24786,E,1,10,1.0,16.4,M,44.7,M,,*72
15225 1627995018 0 7 $GNGGA,125018.000,4424.25522,N,00855.24795,E,1,10,1.0,16.3,M,44.7,M,,*7F
15226 1627995019 0 7 $GNGGA,125019.000,4424.25463,N,00855.24816,E,1,10,1.0,16.5,M,44.7,M,,*78
15227 1627995020 0 3 2.58 0.00
15228 1627995020 0 4 2.57 1.64
15229 1627995021 0 5 0.02
15230 1627995021 0 6 0.08
15231 1627995021 0 8 4.98 12.21 11.84
15232 1627995021 0 1 3.262
15233 1627995021 0 0 26.54 8.26 156.2 61.41 109.8 6.78 176.6 17.3 174.0 1.91 41.24 14.2
15234 1627995021 0 7 $GNGGA,125020.000,4424.25465,N,00855.24808,E,1,10,1.0,16.4,M,44.7,M,,*7A
15235 1627995021 0 7 $GNGGA,125021.000,4424.25472,N,00855.24797,E,1,10,1.0,16.3,M,44.7,M,,*73
15236 1627995022 0 7 $GNGGA,125022.000,4424.25478,N,00855.24787,E,1,09,1.2,16.2,M,44.7,M,,*70
15237 1627995023 0 3 2.58 0.00
15238 1627995024 0 4 2.57 1.64
15239 1627995024 0 5 0.02
15240 1627995024 0 6 0.09
15241 1627995024 0 8 4.98 12.35 11.87
15242 1627995024 0 1 4.193
15243 1627995024 0 0 26.53 8.26 156.3 61.44 109.9 6.78 177.0 17.3 173.9 1.96 41.26 14.1
15244 1627995024 0 7 $GNGGA,125023.000,4424.25480,N,00855.24780,E,1,09,1.2,16.1,M,44.7,M,,*72
15245 1627995025 0 7 $GNGGA,125024.000,4424.25482,N,00855.24773,E,1,09,1.2,16.0,M,44.7,M,,*7A
15246 1627995025 0 7 $GNGGA,125025.000,4424.25464,N,00855.24792,E,1,09,1.2,16.0,M,44.7,M,,*7C
15247 1627995026 0 3 2.58 0.00
15248 1627995026 0 4 2.57 1.64
15249 1627995027 0 5 0.02
15250 1627995027 0 6 0.08
15251 1627995027 0 8 4.98 12.20 11.84
15252 1627995027 0 1 3.816
15253 1627995027 0 0 26.53 8.26 156.2 61.54 109.9 6.78 177.2 17.3 174.7 1.93 41.34 14.2
15254 1627995027 0 7 $GNGGA,125026.000,4424.25453,N,00855.24827,E,1,09,1.2,16.0,M,44.7,M,,*7A
15255 1627995027 0 7 $GNGGA,125027.000,4424.25461,N,00855.24895,E,1,09,1.2,15.9,M,44.7,M,,*79
15256 1627995028 0 7 $GNGGA,125028.000,4424.25490,N,00855.24952,E,1,09,1.2,16.0,M,44.7,M,,*78
15257 1627995029 0 3 2.58 0.00
15258 1627995029 0 4 2.57 1.64
15259 1627995030 0 5 0.02
15260 1627995030 0 6 0.08
15261 1627995030 0 8 4.98 12.21 11.84
15262 1627995030 0 1 3.910
15263 1627995030 0 0 26.51 8.26 156.2 61.51 110.0 6.79 177.3 17.3 175.0 1.94 41.32 14.2
15264 1627995030 0 7 $GNGGA,125029.000,4424.25512,N,00855.24999,E,1,09,1.2,16.1,M,44.7,M,,*74
15265 1627995030 0 7 $GNGGA,125030.000,4424.25494,N,00855.25062,E,1,09,1.2,16.2,M,44.7,M,,*7C
15266 1627995031 0 7 $GNGGA,125031.000,4424.25454,N,00855.25141,E,1,10,1.0,16.2,M,44.7,M,,*7B
15267 1627995032 0 3 2.58 0.00
15268 1627995032 0 4 2.57 1.64
15269 1627995033 0 5 0.02
15270 1627995033 0 6 0.08
15271 1627995033 0 8 4.98 12.35 11.87
15272 1627995033 0 1 3.439
15273 1627995033 0 0 26.54 8.26 156.3 61.44 110.1 6.79 176.9 17.3 174.4 2.00 41.26 14.2
15274 1627995033 0 7 $GNGGA,125032.000,4424.25394,N,00855.25230,E,1,10,1.0,16.0,M,44.7,M,,*74
15275 1627995033 0 7 $GNGGA,125033.000,4424.25310,N,00855.25315,E,1,10,1.0,15.6,M,44.7,M,,*7A
15276 1627995034 0 7 $GNGGA,125034.000,4424.25197,N,00855.25412,E,1,10,1.0,15.0,M,44.7,M,,*76
15277 1627995035 0 3 2.58 0.00
15278 1627995035 0 4 2.57 1.64
15279 1627995036 0 5 0.02
15280 1627995036 0 6 0.08
15281 1627995036 0 8 4.98 12.35 11.87
15282 1627995036 0 1 3.524
15283 1627995036 0 0 26.55 8.26 156.2 61.44 110.1 6.79 177.0 17.3 174.3 1.98 41.26 14.2
15284 1627995036 0 7 $GNGGA,125035.000,4424.25106,N,00855.25462,E,1,10,1.0,15.0,M,44.7,M,,*78
15285 1627995036 0 7 $GNGGA,125036.000,4424.25005,N,00855.25493,E,1,09,1.2,15.2,M,44.7,M,,*7F
15286 1627995037 0 7 $GNGGA,125037.000,4424.24892,N,00855.25527,E,1,09,1.2,15.0,M,44.7,M,,*75
15287 1627995038 0 3 2.58 0.00
15288 1627995038 0 4 2.57 1.63
15289 1627995039 0 5 0.02
15290 1627995039 0 6 0.09
15291 1627995039 0 8 4.98 12.36 11.84
15292 1627995039 0 1 3.569
15293 1627995039 0 0 26.53 8.26 156.2 61.44 110.2 6.80 177.3 17.3 175.1 1.95 41.26 14.2
15294 1627995039 0 7 $GNGGA,125038.000,4424.24812,N,00855.25552,E,1,09,1.2,15.0,M,44.7,M,,*70
15295 1627995039 0 7 $GNGGA,125039.000,4424.24737,N,00855.25583,E,1,09,1.2,14.9,M,44.7,M,,*7D
15296 1627995040 0 7 $GNGGA,125040.000,4424.24690,N,00855.25632,E,1,09,1.2,14.8,M,44.7,M,,*77
15297 1627995041 0 3 2.58 0.00
15298 1627995041 0 4 2.57 1.63
15299 1627995042 0 5 0.02
15300 1627995042 0 6 0.09
15301 1627995042 0 8 4.98 12.35 11.87
15302 1627995042 0 1 3.870
15303 1627995042 0 0 26.53 8.26 156.2 61.48 110.3 6.80 177.3 17.3 174.8 1.92 41.29 14.2
15304 1627995042 0 7 $GNGGA,125041.000,4424.24629,N,00855.25663,E,1,09,1.2,14.7,M,44.7,M,,*7F
15305 1627995043 0 7 $GNGGA,125042.000,4424.24567,N,00855.25699,E,1,09,1.2,14.6,M,44.7,M,,*71
15306 1627995043 0 7 $GNGGA,125043.000,4424.24497,N,00855.25737,E,1,09,1.2,14.5,M,44.7,M,,*78
15307 1627995044 0 3 2.58 0.00
15308 1627995044 0 4 2.57 1.63
15309 1627995045 0 5 0.02
15310 1627995045 0 6 0.09
15311 1627995045 0 8 4.98 12.34 11.87
15312 1627995045 0 1 3.747
15313 1627995045 0 0 26.53 8.26 156.2 61.52 110.4 6.81 177.2 17.3 174.8 1.92 41.33 14.2
15314 1627995045 0 7 $GNGGA,125044.000,4424.24480,N,00855.25742,E,1,09,1.2,14.4,M,44.7,M,,*7A
15315 1627995045 0 7 $GNGGA,125045.000,4424.24465,N,00855.25746,E,1,09,1.2,14.4,M,44.7,M,,*74
15316 1627995046 0 7 $GNGGA,125046.000,4424.24449,N,00855.25751,E,1,09,1.2,14.4,M,44.7,M,,*7F
15317 1627995047 0 3 2.58 0.00
15318 1627995047 0 4 2.57 1.63
15319 1627995048 0 5 0.02
15320 1627995048 0 6 0.09
15321 1627995048 0 8 4.98 12.35 11.87
15322 1627995048 0 1 3.777
15323 1627995048 0 0 26.53 8.26 156.2 61.43 110.4 6.81 177.1 17.3 174.7 1.92 41.25 14.2
15324 1627995048 0 7 $GNGGA,125047.000,4424.24411,N,00855.25785,E,1,09,1.2,14.3,M,44.7,M,,*7D
15325 1627995048 0 7 $GNGGA,125048.000,4424.24308,N,00855.25839,E,1,09,1.2,14.2,M,44.7,M,,*74
15326 1627995049 0 7 $GNGGA,125049.000,4424.24202,N,00855.25890,E,1,09,1.2,14.5,M,44.7,M,,*7A
15327 1627995050 0 3 2.58 0.00
15328 1627995050 0 4 2.57 1.63
15329 1627995051 0 5 0.02
15330 1627995051 0 6 0.08
15331 1627995051 0 8 4.98 12.35 11.87
15332 1627995051 0 1 4.082
15333 1627995051 0 0 26.54 8.26 156.2 61.45 110.5 6.82 177.1 17.3 175.5 1.86 41.27 14.2
15334 1627995051 0 7 $GNGGA,125050.000,4424.24091,N,00855.25944,E,1,09,1.2,14.6,M,44.7,M,,*71
15335 1627995051 0 7 $GNGGA,125051.000,4424.23978,N,00855.25999,E,1,09,1.2,14.7,M,44.7,M,,*78
15336 1627995052 0 7 $GNGGA,125052.000,4424.23865,N,00855.26029,E,1,09,1.2,14.6,M,44.7,M,,*76
15337 1627995053 0 3 2.58 0.00
15338 1627995053 0 4 2.57 1.63
15339 1627995054 0 5 0.02
15340 1627995054 0 6 0.09
15341 1627995054 0 8 4.98 12.35 11.87
15342 1627995054 0 1 3.603
15343 1627995054 0 0 26.53 8.26 156.2 61.49 110.6 6.82 177.3 17.3 175.3 1.84 41.30 14.2
15344 1627995054 0 7 $GNGGA,125053.000,4424.23756,N,00855.26069,E,1,09,1.2,14.6,M,44.7,M,,*7C
15345 1627995054 0 7 $GNGGA,125054.000,4424.23651,N,00855.26109,E,1,09,1.2,14.5,M,44.7,M,,*79
15346 1627995055 0 7 $GNGGA,125055.000,4424.23552,N,00855.26155,E,1,09,1.2,14.5,M,44.7,M,,*71
15347 1627995056 0 3 2.58 0.00
15348 1627995056 0 4 2.57 1.63
15349 1627995057 0 5 0.02
15350 1627995057 0 6 0.09
15351 1627995057 0 8 4.98 12.35 11.87
15352 1627995057 0 1 3.659
15353 1627995057 0 0 26.53 8.26 156.2 61.43 110.7 6.83 177.3 17.3 175.1 1.88 41.25 14.2
15354 1627995057 0 7 $GNGGA,125056.000,4424.23468,N,00855.26214,E,1,09,1.2,14.4,M,44.7,M,,*7D
15355 1627995057 0 7 $GNGGA,125057.000,4424.23372,N,00855.26264,E,1,09,1.2,14.2,M,44.7,M,,*71
15356 1627995058 0 7 $GNGGA,125058.000,4424.23267,N,00855.26312,E,1,09,1.2,14.1,M,44.7,M,,*78
15357 1627995059 0 3 2.58 0.00
15358 1627995059 0 4 2.57 1.63
15359 1627995060 0 5 0.02
15360 1627995060 0 6 0.09
15361 1627995060 0 8 4.98 12.35 11.87
15362 1627995060 0 1 3.521
15363 1627995060 0 0 26.53 8.26 156.2 61.46 110.9 6.84 177.3 17.3 175.1 1.91 41.28 14.2
15364 1627995060 0 7 $GNGGA,125059.000,4424.23158,N,00855.26364,E,1,09,1.2,14.0,M,44.7,M,,*76
15365 1627995060 0 7 $GNGGA,125100.000,4424.23061,N,00855.26446,E,1,09,1.2,14.0,M,44.7,M,,*77
15366 1627995061 0 7 $GNGGA,125101.000,4424.22967,N,00855.26532,E,1,10,1.0,13.8,M,44.7,M,,*7F
15367 1627995062 0 3 2.58 0.00
15368 1627995062 0 4 2.57 1.63
15369 1627995063 0 5 0.02
15370 1627995063 0 6 0.08
15371 1627995063 0 8 4.98 12.35 11.84
15372 1627995063 0 1 3.646
15373 1627995063 0 0 26.53 8.26 156.2 61.45 111.0 6.85 177.5 17.3 175.3 1.86 41.27 14.2
15374 1627995063 0 7 $GNGGA,125102.000,4424.22872,N,00855.26617,E,1,10,1.0,13.8,M,44.7,M,,*7D
15375 1627995064 0 7 $GNGGA,125104.000,4424.22707,N,00855.26761,E,1,10,1.0,14.0,M,44.7,M,,*79
15376 1627995065 0 3 2.58 0.00
15377 1627995065 0 4 2.57 1.63
15378 1627995066 0 5 0.02
15379 1627995066 0 6 0.08
15380 1627995066 0 8 4.98 12.35 11.87
15381 1627995066 0 1 3.337
15382 1627995066 0 0 26.53 8.26 156.2 61.43 111.1 6.86 177.4 17.3 176.1 1.84 41.26 14.2
15383 1627995066 0 7 $GNGGA,125105.000,4424.22666,N,00855.26816,E,1,10,1.0,14.3,M,44.7,M,,*72
15384 1627995066 0 7 $GNGGA,125106.000,4424.22603,N,00855.26855,E,1,10,1.0,14.5,M,44.7,M,,*73
15385 1627995067 0 7 $GNGGA,125107.000,4424.22553,N,00855.26904,E,1,10,1.0,14.0,M,44.7,M,,*74
15386 1627995068 0 3 2.58 0.00
15387 1627995068 0 4 2.57 1.63
15388 1627995069 0 5 0.02
15389 1627995069 0 6 0.08
15390 1627995069 0 8 4.98 12.35 11.87
15391 1627995069 0 1 3.354
15392 1627995069 0 0 26.53 8.26 156.2 61.54 111.3 6.86 177.5 17.3 175.6 1.87 41.34 14.2
15393 1627995069 0 2 0.04790000 3.62800002 1.33440005 0.02790000 2.72490000 0.00380000 0.05460000 0.21230001 1.00000000 88.18699645
15394 1627995069 0 7 $GNGGA,125108.000,4424.22491,N,00855.26964,E,1,10,1.0,13.9,M,44.7,M,,*7C
15395 1627995070 0 7 $GNGGA,125110.000,4424.22310,N,00855.27064,E,1,10,1.0,14.2,M,44.7,M,,*7F
15396 1627995071 0 3 2.58 0.00
15397 1627995071 0 4 2.57 1.62
15398 1627995072 0 5 0.02
15399 1627995072 0 6 0.09
15400 1627995072 0 8 4.98 12.35 11.87
15401 1627995072 0 1 3.725
15402 1627995072 0 0 26.52 8.26 156.2 61.53 111.4 6.87 177.4 17.3 175.3 1.90 41.33 14.2
15403 1627995072 0 7 $GNGGA,125111.000,4424.22220,N,00855.27112,E,1,10,1.0,14.1,M,44.7,M,,*7F
15404 1627995072 0 7 $GNGGA,125112.000,4424.22146,N,00855.27162,E,1,10,1.0,14.2,M,44.7,M,,*7B
15405 1627995073 0 7 $GNGGA,125113.000,4424.22079,N,00855.27213,E,1,10,1.0,14.3,M,44.7,M,,*73
15406 1627995074 0 3 2.58 0.00
15407 1627995075 0 4 2.57 1.63
15408 1627995075 0 5 0.02
15409 1627995075 0 6 0.09
15410 1627995075 0 8 4.98 12.35 11.87
15411 1627995075 0 1 3.724
15412 1627995075 0 0 26.52 8.26 156.2 61.46 111.6 6.89 177.3 17.3 175.9 1.94 41.28 14.2
15413 1627995075 0 7 $GNGGA,125114.000,4424.22043,N,00855.27257,E,1,10,1.0,14.6,M,44.7,M,,*78
15414 1627995075 0 7 $GNGGA,125115.000,4424.22014,N,00855.27312,E,1,10,1.0,14.5,M,44.7,M,,*78
15415 1627995076 0 7 $GNGGA,125116.000,4424.21983,N,00855.27359,E,1,10,1.0,14.7,M,44.7,M,,*72
15416 1627995077 0 3 2.58 0.00
15417 1627995078 0 4 2.57 1.63
15418 1627995078 0 5 0.02
15419 1627995078 0 6 0.08
15420 1627995078 0 8 4.98 12.35 11.87
15421 1627995078 0 1 4.561
15422 1627995078 0 0 26.51 8.26 156.2 61.46 111.6 6.89 177.5 17.3 175.8 1.96 41.28 14.2
15423 1627995078 0 7 $GNGGA,125117.000,4424.21945,N,00855.27409,E,1,10,1.0,14.7,M,44.7,M,,*7B
15424 1627995078 0 7 $GNGGA,125118.000,4424.21873,N,00855.27470,E,1,10,1.0,14.6,M,44.7,M,,*7F
15425 1627995079 0 7 $GNGGA,125119.000,4424.21790,N,00855.27546,E,1,10,1.0,14.4,M,44.7,M,,*7A
15426 1627995080 0 3 2.58 0.00
15427 1627995081 0 4 2.57 1.63
15428 1627995081 0 5 0.02
15429 1627995081 0 6 0.08
15430 1627995081 0 8 4.98 12.35 11.87
15431 1627995081 0 1 3.554
15432 1627995081 0 0 26.52 8.26 156.2 61.50 111.7 6.89 177.5 17.3 175.9 2.01 41.31 14.2
15433 1627995081 0 7 $GNGGA,125120.000,4424.21706,N,00855.27621,E,1,10,1.0,14.2,M,44.7,M,,*7B
15434 1627995081 0 7 $GNGGA,125121.000,4424.21625,N,00855.27681,E,1,10,1.0,14.0,M,44.7,M,,*72
15435 1627995082 0 7 $GNGGA,125122.000,4424.21537,N,00855.27747,E,1,10,1.0,13.7,M,44.7,M,,*7A
15436 1627995083 0 3 2.58 0.00
15437 1627995084 0 4 2.57 1.63
15438 1627995084 0 5 0.02
15439 1627995084 0 6 0.09
15440 1627995084 0 8 4.98 12.35 11.87
15441 1627995084 0 1 3.950
15442 1627995084 0 0 26.50 8.26 156.2 61.50 111.7 6.89 177.7 17.3 176.2 2.05 41.31 14.2
15443 1627995084 0 7 $GNGGA,125123.000,4424.21441,N,00855.27849,E,1,10,1.0,13.5,M,44.7,M,,*78
15444 1627995084 0 7 $GNGGA,125124.000,4424.21346,N,00855.27926,E,1,10,1.0,12.3,M,44.7,M,,*70
15445 1627995085 0 7 $GNGGA,125125.000,4424.21253,N,00855.27996,E,1,10,1.0,11.9,M,44.7,M,,*76
15446 1627995086 0 3 2.58 0.00
15447 1627995087 0 4 2.57 1.63
15448 1627995087 0 5 0.02
15449 1627995087 0 6 0.09
15450 1627995087 0 8 4.98 12.35 11.84
15451 1627995087 0 1 3.863
15452 1627995087 0 0 26.51 8.26 156.2 61.43 111.7 6.89 177.6 17.3 175.8 2.08 41.26 14.2
15453 1627995087 0 7 $GNGGA,125126.000,4424.21156,N,00855.28049,E,1,10,1.0,11.1,M,44.7,M,,*7F
15454 1627995087 0 7 $GNGGA,125127.000,4424.21062,N,00855.28107,E,1,10,1.0,10.6,M,44.7,M,,*75
15455 1627995088 0 7 $GNGGA,125128.000,4424.20984,N,00855.28188,E,1,10,1.0,10.2,M,44.7,M,,*79
15456 1627995089 0 3 2.58 0.00
15457 1627995090 0 4 2.57 1.63
15458 1627995090 0 5 0.02
15459 1627995090 0 6 0.08
15460 1627995090 0 8 4.98 12.35 11.87
15461 1627995090 0 1 3.710
15462 1627995090 0 0 26.51 8.26 156.2 61.41 111.7 6.89 177.4 17.3 175.5 2.07 41.24 14.2
15463 1627995090 0 7 $GNGGA,125129.000,4424.20909,N,00855.28260,E,1,10,1.0,9.9,M,44.7,M,,*4B
15464 1627995090 0 7 $GNGGA,125130.000,4424.20875,N,00855.28318,E,1,10,1.0,10.1,M,44.7,M,,*77
15465 1627995091 0 7 $GNGGA,125131.000,4424.20825,N,00855.28369,E,1,10,1.0,10.0,M,44.7,M,,*74
15466 1627995092 0 3 2.58 0.00
15467 1627995093 0 4 2.57 1.63
15468 1627995093 0 5 0.02
15469 1627995093 0 6 0.08
15470 1627995093 0 8 4.98 12.35 11.84
15471 1627995093 0 1 3.964
15472 1627995093 0 0 26.50 8.26 156.1 61.41 111.7 6.89 177.7 17.3 175.4 2.07 41.24 14.2
15473 1627995093 0 7 $GNGGA,125132.000,4424.20770,N,00855.28401,E,1,10,1.0,10.1,M,44.7,M,,*70
15474 1627995093 0 7 $GNGGA,125133.000,4424.20714,N,00855.28406,E,1,10,1.0,10.5,M,44.7,M,,*70
15475 1627995094 0 7 $GNGGA,125134.000,4424.20695,N,00855.28408,E,1,10,1.0,11.0,M,44.7,M,,*75
15476 1627995095 0 3 2.58 0.00
15477 1627995096 0 4 2.57 1.63
15478 1627995096 0 5 0.02
15479 1627995096 0 6 0.08
15480 1627995096 0 8 4.98 12.35 11.87
15481 1627995096 0 1 3.549
15482 1627995096 0 0 26.51 8.26 156.2 61.45 111.7 6.89 177.4 17.3 175.4 2.05 41.27 14.2
15483 1627995096 0 7 $GNGGA,125135.000,4424.20636,N,00855.28450,E,1,10,1.0,11.3,M,44.7,M,,*73
15484 1627995096 0 7 $GNGGA,125136.000,4424.20565,N,00855.28521,E,1,10,1.0,11.4,M,44.7,M,,*75
15485 1627995097 0 7 $GNGGA,125137.000,4424.20499,N,00855.28586,E,1,10,1.0,11.7,M,44.7,M,,*78
15486 1627995098 0 3 2.58 0.00
15487 1627995099 0 4 2.57 1.63
15488 1627995099 0 5 0.02
15489 1627995099 0 6 0.09
15490 1627995099 0 8 4.98 12.35 11.87
15491 1627995099 0 1 4.134
15492 1627995099 0 0 26.50 8.26 156.2 61.48 111.7 6.89 177.6 17.3 175.6 2.04 41.29 14.2
15493 1627995099 0 7 $GNGGA,125138.000,4424.20412,N,00855.28681,E,1,10,1.0,11.8,M,44.7,M,,*7F
15494 1627995099 0 7 $GNGGA,125139.000,4424.20376,N,00855.28769,E,1,10,1.0,11.8,M,44.7,M,,*7C
15495 1627995100 0 7 $GNGGA,125140.000,4424.20318,N,00855.28862,E,1,10,1.0,11.7,M,44.7,M,,*71
15496 1627995101 0 3 2.58 0.00
15497 1627995102 0 4 2.57 1.62
15498 1627995102 0 5 0.03
15499 1627995102 0 6 0.08
15500 1627995102 0 8 4.98 12.35 11.84
15501 1627995102 0 1 3.784
15502 1627995102 0 0 26.49 8.26 156.2 61.54 111.7 6.89 177.7 17.3 175.8 2.07 41.34 14.2
15503 1627995102 0 7 $GNGGA,125141.000,4424.20245,N,00855.28943,E,1,10,1.0,11.8,M,44.7,M,,*74
15504 1627995102 0 7 $GNGGA,125142.000,4424.20165,N,00855.29018,E,1,10,1.0,12.2,M,44.7,M,,*79
15505 1627995103 0 7 $GNGGA,125143.000,4424.20078,N,00855.29101,E,1,10,1.0,12.5,M,44.7,M,,*7B
15506 1627995104 0 3 2.58 0.00
15507 1627995105 0 4 2.57 1.61
15508 1627995105 0 5 0.03
15509 1627995105 0 6 0.08
15510 1627995105 0 8 4.98 12.35 11.87
15511 1627995105 0 1 4.478
15512 1627995105 0 0 26.49 8.26 156.2 61.46 111.7 6.90 177.8 17.3 175.9 2.03 41.28 14.2
15513 1627995105 0 7 $GNGGA,125144.000,4424.19994,N,00855.29174,E,1,10,1.0,12.9,M,44.7,M,,*73
15514 1627995105 0 7 $GNGGA,125145.000,4424.19921,N,00855.29242,E,1,10,1.0,13.3,M,44.7,M,,*71
15515 1627995106 0 7 $GNGGA,125146.000,4424.19818,N,00855.29310,E,1,10,1.0,13.4,M,44.7,M,,*78
15516 1627995107 0 3 2.58 0.00
15517 1627995108 0 4 2.57 1.62
15518 1627995108 0 5 0.02
15519 1627995108 0 6 0.08
15520 1627995108 0 8 4.98 12.35 11.87
15521 1627995108 0 1 3.274
15522 1627995108 0 0 26.51 8.26 156.2 61.41 111.8 6.90 177.5 17.3 175.5 1.96 41.24 14.2
15523 1627995108 0 7 $GNGGA,125147.000,4424.19685,N,00855.29406,E,1,10,1.0,13.3,M,44.7,M,,*74
15524 1627995108 0 7 $GNGGA,125148.000,4424.19591,N,00855.29486,E,1,10,1.0,13.5,M,44.7,M,,*73
15525 1627995109 0 7 $GNGGA,125149.000,4424.19516,N,00855.29574,E,1,10,1.0,13.8,M,44.7,M,,*7C
15526 1627995110 0 3 2.58 0.00
15527 1627995111 0 4 2.57 1.62
15528 1627995111 0 5 0.02
15529 1627995111 0 6 0.08
15530 1627995111 0 8 4.98 12.35 11.84
15531 1627995111 0 1 3.360
15532 1627995111 0 0 26.50 8.26 156.2 61.50 111.8 6.90 177.7 17.3 175.7 1.91 41.31 14.2
15533 1627995111 0 7 $GNGGA,125150.000,4424.19439,N,00855.29656,E,1,10,1.0,14.0,M,44.7,M,,*74
15534 1627995111 0 7 $GNGGA,125151.000,4424.19367,N,00855.29714,E,1,10,1.0,14.0,M,44.7,M,,*7E
15535 1627995112 0 7 $GNGGA,125152.000,4424.19292,N,00855.29760,E,1,10,1.0,14.3,M,44.7,M,,*76
15536 1627995113 0 3 2.58 0.00
15537 1627995114 0 4 2.57 1.62
15538 1627995114 0 5 0.02
15539 1627995114 0 6 0.09
15540 1627995114 0 8 4.98 12.35 11.87
15541 1627995114 0 1 3.355
15542 1627995114 0 0 26.51 8.26 156.2 61.40 111.8 6.90 177.4 17.3 175.9 1.90 41.24 14.1
15543 1627995114 0 7 $GNGGA,125153.000,4424.19205,N,00855.29795,E,1,10,1.0,14.6,M,44.7,M,,*76
15544 1627995115 0 7 $GNGGA,125154.000,4424.19110,N,00855.29830,E,1,10,1.0,14.8,M,44.7,M,,*78
15545 1627995115 0 7 $GNGGA,125155.000,4424.19015,N,00855.29859,E,1,10,1.0,15.1,M,44.7,M,,*7A
15546 1627995116 0 3 2.58 0.00
15547 1627995117 0 4 2.57 1.62
15548 1627995117 0 5 0.03
15549 1627995117 0 6 0.08
15550 1627995117 0 8 4.98 12.35 11.87
15551 1627995117 0 1 3.357
15552 1627995117 0 0 26.50 8.26 156.2 61.46 111.8 6.90 177.6 17.3 175.9 1.93 41.28 14.2
15553 1627995117 0 7 $GNGGA,125156.000,4424.18922,N,00855.29888,E,1,10,1.0,15.2,M,44.7,M,,*7A
15554 1627995117 0 7 $GNGGA,125157.000,4424.18834,N,00855.29911,E,1,10,1.0,15.4,M,44.7,M,,*7A
15555 1627995118 0 7 $GNGGA,125158.000,4424.18751,N,00855.29932,E,1,10,1.0,15.8,M,44.7,M,,*74
15556 1627995119 0 3 2.58 0.00
15557 1627995120 0 4 2.57 1.62
15558 1627995120 0 5 0.03
15559 1627995120 0 6 0.08
15560 1627995120 0 8 4.98 12.34 11.87
15561 1627995120 0 1 3.489
15562 1627995120 0 0 26.50 8.26 156.2 61.42 111.8 6.90 177.5 17.3 176.0 1.94 41.25 14.2
15563 1627995120 0 7 $GNGGA,125159.000,4424.18683,N,00855.29974,E,1,10,1.0,16.2,M,44.7,M,,*70
15564 1627995121 0 7 $GNGGA,125200.000,4424.18640,N,00855.30038,E,1,10,1.0,16.4,M,44.7,M,,*7F
15565 1627995121 0 7 $GNGGA,125201.000,4424.18605,N,00855.30126,E,1,10,1.0,16.6,M,44.7,M,,*73
15566 1627995122 0 3 2.58 0.00
15567 1627995123 0 4 2.57 1.59
15568 1627995123 0 5 0.02
15569 1627995123 0 6 0.09
15570 1627995123 0 8 4.98 12.35 11.84
15571 1627995123 0 1 3.347
15572 1627995123 0 0 26.49 8.26 156.2 61.41 111.8 6.91 177.7 17.3 176.0 1.89 41.24 14.2
15573 1627995123 0 7 $GNGGA,125202.000,4424.18558,N,00855.30214,E,1,10,1.0,16.9,M,44.7,M,,*76
15574 1627995123 0 7 $GNGGA,125203.000,4424.18497,N,00855.30285,E,1,10,1.0,17.0,M,44.7,M,,*75
15575 1627995124 0 7 $GNGGA,125204.000,4424.18445,N,00855.30341,E,1,10,1.0,16.9,M,44.7,M,,*7C
15576 1627995125 0 3 2.58 0.00
15577 1627995126 0 4 2.57 1.60
15578 1627995126 0 5 0.02
15579 1627995126 0 6 0.08
15580 1627995126 0 8 4.98 12.35 11.87
15581 1627995126 0 1 3.437
15582 1627995126 0 0 26.49 8.25 156.2 61.48 111.8 6.90 177.7 17.3 176.2 1.85 41.29 14.1
15583 1627995126 0 7 $GNGGA,125205.000,4424.18378,N,00855.30384,E,1,10,1.0,16.8,M,44.7,M,,*7C
15584 1627995127 0 7 $GNGGA,125206.000,4424.18320,N,00855.30416,E,1,10,1.0,16.8,M,44.7,M,,*7E
15585 1627995127 0 7 $GNGGA,125207.000,4424.18260,N,00855.30451,E,1,10,1.0,16.6,M,44.7,M,,*77
15586 1627995128 0 3 2.58 0.00
15587 1627995129 0 4 2.57 1.59
15588 1627995129 0 5 0.02
15589 1627995129 0 6 0.08
15590 1627995129 0 8 4.98 12.36 11.87
15591 1627995129 0 1 3.538
15592 1627995129 0 0 26.48 8.26 156.2 61.39 111.8 6.91 177.7 17.3 176.2 1.86 41.22 14.1
15593 1627995129 0 7 $GNGGA,125208.000,4424.18196,N,00855.30491,E,1,10,1.0,16.2,M,44.7,M,,*7A
15594 1627995129 0 7 $GNGGA,125209.000,4424.18114,N,00855.30543,E,1,10,1.0,15.6,M,44.7,M,,*78
15595 1627995130 0 7 $GNGGA,125210.000,4424.18021,N,00855.30612,E,1,10,1.0,14.9,M,44.7,M,,*7E
15596 1627995131 0 3 2.58 0.00
15597 1627995132 0 4 2.57 1.59
15598 1627995132 0 5 0.02
15599 1627995132 0 6 0.09
15600 1627995132 0 8 4.98 12.21 11.84
15601 1627995132 0 1 3.976
15602 1627995132 0 0 26.49 8.25 156.2 61.41 111.8 6.90 177.6 17.3 176.1 1.89 41.24 14.1
15603 1627995132 0 7 $GNGGA,125211.000,4424.17921,N,00855.30684,E,1,10,1.0,14.2,M,44.7,M,,*7D
15604 1627995133 0 7 $GNGGA,125212.000,4424.17835,N,00855.30762,E,1,10,1.0,13.5,M,44.7,M,,*73
15605 1627995133 0 7 $GNGGA,125213.000,4424.17745,N,00855.30843,E,1,10,1.0,12.9,M,44.7,M,,*7B
15606 1627995134 0 3 2.58 0.00
15607 1627995135 0 4 2.57 1.59
15608 1627995135 0 5 0.02
15609 1627995135 0 6 0.08
15610 1627995135 0 8 4.98 12.35 11.87
15611 1627995135 0 1 3.336
15612 1627995135 0 0 26.48 8.25 156.2 61.47 111.8 6.90 177.8 17.3 176.6 1.86 41.29 14.1
15613 1627995135 0 7 $GNGGA,125214.000,4424.17644,N,00855.30932,E,1,10,1.0,12.5,M,44.7,M,,*77
15614 1627995135 0 7 $GNGGA,125215.000,4424.17548,N,00855.31020,E,1,10,1.0,12.0,M,44.7,M,,*77
15615 1627995136 0 7 $GNGGA,125216.000,4424.17440,N,00855.31120,E,1,10,1.0,11.6,M,44.7,M,,*79
15616 1627995137 0 3 2.58 0.00
15617 1627995138 0 4 2.57 1.59
15618 1627995138 0 5 0.02
15619 1627995138 0 6 0.09
15620 1627995138 0 8 4.98 12.34 11.87
15621 1627995138 0 1 3.166
15622 1627995138 0 0 26.48 8.26 156.2 61.42 111.8 6.90 177.9 17.3 176.1 1.84 41.25 14.1
15623 1627995138 0 7 $GNGGA,125217.000,4424.17325,N,00855.31212,E,1,10,1.0,11.4,M,44.7,M,,*7C
15624 1627995139 0 7 $GNGGA,125218.000,4424.17235,N,00855.31295,E,1,10,1.0,11.6,M,44.7,M,,*7E
15625 1627995139 0 7 $GNGGA,125219.000,4424.17176,N,00855.31383,E,1,10,1.0,11.6,M,44.7,M,,*7D
15626 1627995140 0 3 2.58 0.00
15627 1627995141 0 4 2.57 1.59
15628 1627995141 0 5 0.02
15629 1627995141 0 6 0.09
15630 1627995141 0 8 4.98 12.20 11.84
15631 1627995141 0 1 3.278
15632 1627995141 0 0 26.48 8.25 156.1 61.40 111.7 6.90 177.8 17.3 176.3 1.79 41.23 14.1
15633 1627995141 0 7 $GNGGA,125220.000,4424.17143,N,00855.31458,E,1,10,1.0,11.7,M,44.7,M,,*71
15634 1627995141 0 7 $GNGGA,125221.000,4424.17081,N,00855.31534,E,1,10,1.0,11.7,M,44.7,M,,*74
15635 1627995142 0 7 $GNGGA,125222.000,4424.17041,N,00855.31618,E,1,10,1.0,11.7,M,44.7,M,,*76
15636 1627995143 0 3 2.58 0.00
15637 1627995144 0 4 2.57 1.59
15638 1627995144 0 5 0.02
15639 1627995144 0 6 0.09
15640 1627995144 0 8 4.98 12.35 11.87
15641 1627995144 0 1 3.569
15642 1627995144 0 0 26.46 8.25 156.2 61.43 111.7 6.90 177.8 17.3 176.6 1.77 41.25 14.1
15643 1627995144 0 7 $GNGGA,125223.000,4424.16982,N,00855.31703,E,1,10,1.0,11.8,M,44.7,M,,*74
15644 1627995145 0 7 $GNGGA,125224.000,4424.16916,N,00855.31791,E,1,10,1.0,11.8,M,44.7,M,,*75
15645 1627995145 0 7 $GNGGA,125225.000,4424.16856,N,00855.31860,E,1,10,1.0,12.1,M,44.7,M,,*7A
15646 1627995146 0 3 2.58 0.00
15647 1627995147 0 4 2.57 1.59
15648 1627995147 0 5 0.02
15649 1627995147 0 6 0.09
15650 1627995147 0 8 4.98 12.21 11.87
15651 1627995147 0 1 3.300
15652 1627995147 0 0 26.46 8.26 156.2 61.44 111.7 6.90 177.7 17.3 176.2 1.79 41.26 14.1
15653 1627995147 0 7 $GNGGA,125226.000,4424.16750,N,00855.31971,E,1,10,1.0,12.4,M,44.7,M,,*74
15654 1627995147 0 7 $GNGGA,125227.000,4424.16655,N,00855.32055,E,1,10,1.0,12.2,M,44.7,M,,*7B
15655 1627995148 0 7 $GNGGA,125228.000,4424.16578,N,00855.32137,E,1,10,1.0,12.0,M,44.7,M,,*7F
15656 1627995149 0 3 2.58 0.00
15657 1627995150 0 4 2.57 1.59
15658 1627995150 0 5 0.02
15659 1627995150 0 6 0.09
15660 1627995150 0 8 4.98 12.20 11.87
15661 1627995150 0 1 3.292
15662 1627995150 0 0 26.46 8.25 156.1 61.45 111.6 6.90 177.8 17.3 176.2 1.77 41.27 14.1
15663 1627995150 0 7 $GNGGA,125229.000,4424.16515,N,00855.32218,E,1,10,1.0,11.8,M,44.7,M,,*70
15664 1627995151 0 7 $GNGGA,125230.000,4424.16453,N,00855.32304,E,1,10,1.0,11.5,M,44.7,M,,*7A
15665 1627995151 0 7 $GNGGA,125231.000,4424.16373,N,00855.32375,E,1,10,1.0,11.6,M,44.7,M,,*7B
15666 1627995152 0 3 2.58 0.00
15667 1627995153 0 4 2.57 1.60
15668 1627995153 0 5 0.03
15669 1627995153 0 6 0.09
15670 1627995153 0 8 4.98 12.34 11.87
15671 1627995153 0 1 3.587
15672 1627995153 0 0 26.45 8.25 156.2 61.39 111.6 6.90 177.9 17.3 176.0 1.76 41.22 14.1
15673 1627995153 0 7 $GNGGA,125232.000,4424.16264,N,00855.32456,E,1,10,1.0,11.6,M,44.7,M,,*79
15674 1627995153 0 7 $GNGGA,125233.000,4424.16173,N,00855.32540,E,1,10,1.0,11.5,M,44.7,M,,*78
15675 1627995154 0 7 $GNGGA,125234.000,4424.16109,N,00855.32648,E,1,10,1.0,11.6,M,44.7,M,,*7A
15676 1627995155 0 3 2.58 0.00
15677 1627995156 0 4 2.57 1.60
15678 1627995156 0 5 0.02
15679 1627995156 0 6 0.09
15680 1627995156 0 8 4.98 12.34 11.87
15681 1627995156 0 1 3.334
15682 1627995156 0 0 26.46 8.25 156.2 61.42 111.6 6.89 177.8 17.3 175.7 1.73 41.25 14.1
15683 1627995156 0 7 $GNGGA,125235.000,4424.16039,N,00855.32763,E,1,10,1.0,11.9,M,44.7,M,,*7E
15684 1627995157 0 7 $GNGGA,125236.000,4424.15971,N,00855.32834,E,1,10,1.0,12.1,M,44.7,M,,*7D
15685 1627995157 0 7 $GNGGA,125237.000,4424.15902,N,00855.32899,E,1,10,1.0,12.4,M,44.7,M,,*7A
15686 1627995158 0 3 2.58 0.00
15687 1627995159 0 4 2.57 1.60
15688 1627995159 0 5 0.02
15689 1627995159 0 6 0.09
15690 1627995159 0 8 4.98 12.36 11.87
15691 1627995159 0 1 3.676
15692 1627995159 0 0 26.46 8.25 156.2 61.44 111.6 6.89 177.8 17.3 176.0 1.71 41.26 14.1
15693 1627995159 0 7 $GNGGA,125238.000,4424.15850,N,00855.32992,E,1,10,1.0,12.2,M,44.7,M,,*7F
15694 1627995159 0 7 $GNGGA,125239.000,4424.15793,N,00855.33089,E,1,10,1.0,11.9,M,44.7,M,,*74
15695 1627995160 0 7 $GNGGA,125240.000,4424.15735,N,00855.33190,E,1,10,1.0,11.7,M,44.7,M,,*71
15696 1627995161 0 3 2.58 0.00
15697 1627995162 0 4 2.57 1.59
15698 1627995162 0 5 0.02
15699 1627995162 0 6 0.08
15700 1627995162 0 8 4.98 12.33 11.87
15701 1627995162 0 1 3.271
15702 1627995162 0 0 26.45 8.25 156.2 61.45 111.5 6.89 178.0 17.2 176.2 1.64 41.27 14.1
15703 1627995162 0 7 $GNGGA,125241.000,4424.15634,N,00855.33264,E,1,10,1.0,11.4,M,44.7,M,,*7B
15704 1627995163 0 7 $GNGGA,125242.000,4424.15545,N,00855.33330,E,1,10,1.0,11.3,M,44.7,M,,*7A
15705 1627995163 0 7 $GNGGA,125243.000,4424.15440,N,00855.33425,E,1,10,1.0,11.3,M,44.7,M,,*7C
15706 1627995164 0 3 2.58 0.00
15707 1627995165 0 4 2.57 1.60
15708 1627995165 0 5 0.02
15709 1627995165 0 6 0.09
15710 1627995165 0 8 4.98 12.34 11.87
15711 1627995165 0 1 3.388
15712 1627995165 0 0 26.44 8.25 156.2 61.45 111.5 6.89 178.1 17.3 176.3 1.56 41.27 14.1
15713 1627995165 0 7 $GNGGA,125244.000,4424.15312,N,00855.33535,E,1,10,1.0,11.4,M,44.7,M,,*7C
15714 1627995165 0 7 $GNGGA,125245.000,4424.15227,N,00855.33619,E,1,10,1.0,12.3,M,44.7,M,,*73
15715 1627995166 0 7 $GNGGA,125246.000,4424.15136,N,00855.33714,E,1,10,1.0,12.6,M,44.7,M,,*7A
15716 1627995167 0 3 2.58 0.00
15717 1627995168 0 4 2.57 1.59
15718 1627995168 0 5 0.02
15719 1627995168 0 6 0.09
15720 1627995168 0 8 4.98 12.35 11.87
15721 1627995168 0 1 3.014
15722 1627995168 0 0 26.45 8.25 156.2 61.35 111.4 6.89 177.8 17.3 175.7 1.58 41.19 14.1
15723 1627995168 0 7 $GNGGA,125247.000,4424.15047,N,00855.33810,E,1,10,1.0,13.1,M,44.7,M,,*71
15724 1627995169 0 7 $GNGGA,125248.000,4424.14950,N,00855.33892,E,1,10,1.0,13.2,M,44.7,M,,*79
15725 1627995169 0 7 $GNGGA,125249.000,4424.14836,N,00855.33991,E,1,10,1.0,13.2,M,44.7,M,,*7B
15726 1627995170 0 3 2.58 0.00
15727 1627995171 0 4 2.57 1.59
15728 1627995171 0 5 0.02
15729 1627995171 0 6 0.09
15730 1627995171 0 8 4.98 12.35 11.87
15731 1627995171 0 1 3.408
15732 1627995171 0 0 26.45 8.25 156.2 61.41 111.4 6.88 177.8 17.3 176.3 1.60 41.24 14.1
15733 1627995171 0 7 $GNGGA,125250.000,4424.14728,N,00855.34092,E,1,10,1.0,13.4,M,44.7,M,,*78
15734 1627995171 0 7 $GNGGA,125251.000,4424.14623,N,00855.34191,E,1,10,1.0,13.5,M,44.7,M,,*70
15735 1627995172 0 7 $GNGGA,125252.000,4424.14500,N,00855.34308,E,1,10,1.0,13.2,M,44.7,M,,*74
15736 1627995173 0 3 2.58 0.00
15737 1627995174 0 4 2.57 1.57
15738 1627995174 0 5 0.02
15739 1627995174 0 6 0.08
15740 1627995174 0 8 4.98 12.35 11.87
15741 1627995174 0 1 3.025
15742 1627995174 0 0 26.45 8.25 156.2 61.50 111.3 6.88 177.8 17.3 175.9 1.53 41.31 14.1
15743 1627995174 0 7 $GNGGA,125253.000,4424.14398,N,00855.34415,E,1,10,1.0,13.0,M,44.7,M,,*7B
15744 1627995175 0 7 $GNGGA,125254.000,4424.14311,N,00855.34505,E,1,10,1.0,12.7,M,44.7,M,,*7B
15745 1627995175 0 7 $GNGGA,125255.000,4424.14247,N,00855.34582,E,1,10,1.0,12.3,M,44.7,M,,*73
15746 1627995176 0 3 2.58 0.00
15747 1627995177 0 4 2.56 1.58
15748 1627995177 0 5 0.02
15749 1627995177 0 6 0.09
15750 1627995177 0 8 4.98 12.35 11.84
15751 1627995177 0 1 3.325
15752 1627995177 0 0 26.44 8.25 156.1 61.38 111.3 6.88 177.9 17.3 176.1 1.51 41.22 14.0
15753 1627995177 0 7 $GNGGA,125256.000,4424.14200,N,00855.34656,E,1,10,1.0,12.0,M,44.7,M,,*7A
15754 1627995177 0 7 $GNGGA,125257.000,4424.14164,N,00855.34728,E,1,10,1.0,11.8,M,44.7,M,,*79
15755 1627995178 0 7 $GNGGA,125258.000,4424.14122,N,00855.34790,E,1,10,1.0,11.3,M,44.7,M,,*7C
15756 1627995179 0 3 2.58 0.00
15757 1627995180 0 4 2.57 1.58
15758 1627995180 0 5 0.02
15759 1627995180 0 6 0.09
15760 1627995180 0 8 4.98 12.35 11.87
15761 1627995180 0 1 3.566
15762 1627995180 0 0 26.44 8.25 156.2 61.38 111.2 6.87 178.0 17.3 176.1 1.57 41.22 14.1
15763 1627995180 0 7 $GNGGA,125259.000,4424.14074,N,00855.34853,E,1,10,1.0,10.9,M,44.7,M,,*74
15764 1627995181 0 7 $GNGGA,125300.000,4424.14019,N,00855.34915,E,1,10,1.0,10.8,M,44.7,M,,*70
15765 1627995181 0 7 $GNGGA,125301.000,4424.13963,N,00855.34967,E,1,10,1.0,11.0,M,44.7,M,,*7E
15766 1627995182 0 3 2.58 0.00
15767 1627995183 0 4 2.56 1.58
15768 1627995183 0 5 0.02
15769 1627995183 0 6 0.09
15770 1627995183 0 8 4.98 12.35 11.87
15771 1627995183 0 1 2.911
15772 1627995183 0 0 26.47 8.25 156.2 61.41 111.2 6.87 177.8 17.3 175.4 1.54 41.24 14.1
15773 1627995183 0 7 $GNGGA,125302.000,4424.13911,N,00855.35030,E,1,10,1.0,10.8,M,44.7,M,,*7B
15774 1627995183 0 7 $GNGGA,125303.000,4424.13862,N,00855.35088,E,1,10,1.0,10.8,M,44.7,M,,*7C
15775 1627995184 0 7 $GNGGA,125304.000,4424.13810,N,00855.35154,E,1,10,1.0,10.7,M,44.7,M,,*71
15776 1627995185 0 3 2.58 0.00
15777 1627995186 0 4 2.57 1.57
15778 1627995186 0 5 0.02
15779 1627995186 0 6 0.07
15780 1627995186 0 8 4.98 12.35 11.87
15781 1627995186 0 1 3.395
15782 1627995186 0 0 26.48 8.26 156.1 61.42 111.1 6.86 177.4 17.3 175.5 1.51 41.25 14.1
15783 1627995186 0 7 $GNGGA,125305.000,4424.13744,N,00855.35228,E,1,10,1.0,10.8,M,44.7,M,,*79
15784 1627995187 0 7 $GNGGA,125306.000,4424.13688,N,00855.35298,E,1,10,1.0,11.0,M,44.7,M,,*79
15785 1627995187 0 7 $GNGGA,125307.000,4424.13653,N,00855.35370,E,1,10,1.0,11.5,M,44.7,M,,*7C
15786 1627995188 0 3 2.58 0.00
15787 1627995189 0 4 2.57 1.58
15788 1627995189 0 5 0.02
15789 1627995189 0 6 0.08
15790 1627995189 0 8 4.98 12.35 11.87
15791 1627995189 0 1 3.002
15792 1627995189 0 0 26.47 8.26 156.2 61.48 111.1 6.86 177.6 17.3 175.9 1.52 41.29 14.1
15793 1627995189 0 2 0.05650000 4.13980007 1.34420001 0.03180000 2.65120005 0.00420000 0.05869999 0.25020000 1.00000000 87.35199737
15794 1627995189 0 7 $GNGGA,125308.000,4424.13588,N,00855.35442,E,1,10,1.0,11.7,M,44.7,M,,*72
15795 1627995190 0 7 $GNGGA,125310.000,4424.13462,N,00855.35584,E,1,10,1.0,11.9,M,44.7,M,,*7B
15796 1627995191 0 3 2.58 0.00
15797 1627995192 0 4 2.57 1.58
15798 1627995192 0 5 0.02
15799 1627995192 0 6 0.09
15800 1627995192 0 8 4.98 12.35 11.87
15801 1627995192 0 1 3.186
15802 1627995192 0 0 26.47 8.26 156.2 61.36 111.0 6.86 177.9 17.3 175.6 1.60 41.20 14.1
15803 1627995192 0 7 $GNGGA,125311.000,4424.13402,N,00855.35640,E,1,10,1.0,12.0,M,44.7,M,,*7D
15804 1627995193 0 7 $GNGGA,125313.000,4424.13245,N,00855.35751,E,1,10,1.0,12.2,M,44.7,M,,*79
15805 1627995194 0 3 2.58 0.00
15806 1627995195 0 4 2.57 1.58
15807 1627995195 0 5 0.02
15808 1627995195 0 6 0.09
15809 1627995195 0 8 4.98 12.35 11.87
15810 1627995195 0 1 3.879
15811 1627995195 0 0 26.47 8.26 156.1 61.45 111.0 6.85 177.9 17.3 176.2 1.62 41.27 14.2
15812 1627995195 0 7 $GNGGA,125314.000,4424.13157,N,00855.35789,E,1,10,1.0,12.3,M,44.7,M,,*7A
15813 1627995195 0 7 $GNGGA,125315.000,4424.13066,N,00855.35813,E,1,10,1.0,12.1,M,44.7,M,,*76
15814 1627995196 0 7 $GNGGA,125316.000,4424.12973,N,00855.35830,E,1,10,1.0,12.1,M,44.7,M,,*78
15815 1627995197 0 3 2.58 0.00
15816 1627995198 0 4 2.57 1.58
15817 1627995198 0 5 0.02
15818 1627995198 0 6 0.09
15819 1627995198 0 8 4.98 12.35 11.87
15820 1627995198 0 1 3.317
15821 1627995198 0 0 26.48 8.26 156.1 61.49 110.9 6.85 177.7 17.3 176.1 1.61 41.30 14.1
15822 1627995198 0 7 $GNGGA,125317.000,4424.12897,N,00855.35857,E,1,10,1.0,11.8,M,44.7,M,,*79
15823 1627995199 0 7 $GNGGA,125318.000,4424.12832,N,00855.35883,E,1,10,1.0,11.6,M,44.7,M,,*7E
15824 1627995199 0 7 $GNGGA,125319.000,4424.12808,N,00855.35960,E,1,10,1.0,11.0,M,44.7,M,,*7C
15825 1627995200 0 3 2.58 0.00
15826 1627995201 0 4 2.57 1.58
15827 1627995201 0 5 0.02
15828 1627995201 0 6 0.08
15829 1627995201 0 8 4.98 12.34 11.84
15830 1627995201 0 1 3.610
15831 1627995201 0 0 26.48 8.25 156.2 61.50 110.8 6.84 177.5 17.3 175.0 1.60 41.31 14.1
15832 1627995201 0 7 $GNGGA,125320.000,4424.12795,N,00855.36034,E,1,10,1.0,10.7,M,44.7,M,,*70
15833 1627995201 0 7 $GNGGA,125321.000,4424.12760,N,00855.36103,E,1,10,1.0,10.6,M,44.7,M,,*7F
15834 1627995202 0 7 $GNGGA,125322.000,4424.12699,N,00855.36166,E,1,10,1.0,10.7,M,44.7,M,,*79
15835 1627995203 0 3 2.58 0.00
15836 1627995204 0 4 2.57 1.58
15837 1627995204 0 5 0.03
15838 1627995204 0 6 0.08
15839 1627995204 0 8 4.98 12.35 11.87
15840 1627995204 0 1 3.377
15841 1627995204 0 0 26.51 8.26 156.2 61.41 110.8 6.84 177.2 17.3 174.7 1.58 41.24 14.2
15842 1627995204 0 7 $GNGGA,125323.000,4424.12629,N,00855.36217,E,1,10,1.0,11.0,M,44.7,M,,*70
15843 1627995205 0 7 $GNGGA,125324.000,4424.12555,N,00855.36253,E,1,10,1.0,11.7,M,44.7,M,,*78
15844 1627995205 0 7 $GNGGA,125325.000,4424.12479,N,00855.36299,E,1,10,1.0,12.2,M,44.7,M,,*76
15845 1627995206 0 3 2.58 0.00
15846 1627995207 0 4 2.57 1.58
15847 1627995207 0 5 0.02
15848 1627995207 0 6 0.08
15849 1627995207 0 8 4.98 12.35 11.87
15850 1627995207 0 1 4.119
15851 1627995207 0 0 26.50 8.26 156.2 61.46 110.7 6.84 177.3 17.3 174.9 1.66 41.28 14.2
15852 1627995207 0 7 $GNGGA,125326.000,4424.12420,N,00855.36356,E,1,10,1.0,12.8,M,44.7,M,,*71
15853 1627995207 0 7 $GNGGA,125327.000,4424.12372,N,00855.36412,E,1,10,1.0,13.5,M,44.7,M,,*7B
15854 1627995208 0 7 $GNGGA,125328.000,4424.12316,N,00855.36477,E,1,10,1.0,14.1,M,44.7,M,,*76
15855 1627995209 0 3 2.58 0.00
15856 1627995210 0 4 2.57 1.58
15857 1627995210 0 5 0.02
15858 1627995210 0 6 0.09
15859 1627995210 0 8 4.98 12.35 11.87
15860 1627995210 0 1 3.582
15861 1627995210 0 0 26.49 8.26 156.1 61.45 110.7 6.83 177.4 17.3 175.2 1.71 41.27 14.2
15862 1627995210 0 7 $GNGGA,125329.000,4424.12231,N,00855.36563,E,1,10,1.0,14.5,M,44.7,M,,*73
15863 1627995211 0 7 $GNGGA,125330.000,4424.12162,N,00855.36637,E,1,10,1.0,14.0,M,44.7,M,,*79
15864 1627995211 0 7 $GNGGA,125331.000,4424.12113,N,00855.36704,E,1,10,1.0,13.4,M,44.7,M,,*7C
15865 1627995212 0 3 2.58 0.00
15866 1627995213 0 4 2.57 1.58
15867 1627995213 0 5 0.02
15868 1627995213 0 6 0.09
15869 1627995213 0 8 4.98 12.35 11.84
15870 1627995213 0 1 4.624
15871 1627995213 0 0 26.48 8.26 156.2 61.54 110.6 6.83 177.5 17.3 175.4 1.71 41.34 14.1
15872 1627995213 0 7 $GNGGA,125332.000,4424.12035,N,00855.36786,E,1,10,1.0,12.8,M,44.7,M,,*7D
15873 1627995213 0 7 $GNGGA,125333.000,4424.11935,N,00855.36891,E,1,10,1.0,12.4,M,44.7,M,,*73
15874 1627995214 0 7 $GNGGA,125334.000,4424.11814,N,00855.36987,E,1,10,1.0,11.5,M,44.7,M,,*72
15875 1627995215 0 3 2.58 0.00
15876 1627995216 0 4 2.57 1.58
15877 1627995216 0 5 0.02
15878 1627995216 0 6 0.08
15879 1627995216 0 8 4.98 12.35 11.87
15880 1627995216 0 1 4.081
15881 1627995216 0 0 26.48 8.26 156.1 61.47 110.6 6.83 177.7 17.3 175.7 1.70 41.29 14.2
15882 1627995216 0 7 $GNGGA,125335.000,4424.11703,N,00855.37078,E,1,10,1.0,10.7,M,44.7,M,,*71
15883 1627995217 0 7 $GNGGA,125336.000,4424.11570,N,00855.37215,E,1,10,1.0,9.4,M,44.7,M,,*46
15884 1627995217 0 7 $GNGGA,125337.000,4424.11480,N,00855.37340,E,1,10,1.0,8.6,M,44.7,M,,*4B
15885 1627995218 0 3 2.58 0.00
15886 1627995219 0 4 2.57 1.58
15887 1627995219 0 5 0.02
15888 1627995219 0 6 0.09
15889 1627995219 0 8 4.98 12.35 11.87
15890 1627995219 0 1 3.656
15891 1627995219 0 0 26.49 8.26 156.2 61.38 110.5 6.82 177.4 17.3 174.9 1.70 41.22 14.2
15892 1627995219 0 7 $GNGGA,125338.000,4424.11388,N,00855.37462,E,1,10,1.0,7.5,M,44.7,M,,*40
15893 1627995219 0 7 $GNGGA,125339.000,4424.11233,N,00855.37597,E,1,10,1.0,6.2,M,44.7,M,,*4D
15894 1627995220 0 7 $GNGGA,125340.000,4424.11096,N,00855.37711,E,1,10,1.0,5.0,M,44.7,M,,*43
15895 1627995221 0 3 2.58 0.00
15896 1627995222 0 4 2.57 1.58
15897 1627995222 0 5 0.03
15898 1627995222 0 6 0.08
15899 1627995222 0 8 4.98 12.35 11.87
15900 1627995222 0 1 3.998
15901 1627995222 0 0 26.48 8.26 156.1 61.40 110.4 6.82 177.3 17.3 174.9 1.74 41.24 14.2
15902 1627995222 0 7 $GNGGA,125341.000,4424.11075,N,00855.37771,E,1,10,1.0,5.0,M,44.7,M,,*49
15903 1627995223 0 7 $GNGGA,125342.000,4424.11016,N,00855.37862,E,1,10,1.0,4.6,M,44.7,M,,*45
15904 1627995223 0 7 $GNGGA,125343.000,4424.10957,N,00855.37936,E,1,10,1.0,4.6,M,44.7,M,,*49
15905 1627995224 0 3 2.58 0.00
15906 1627995225 0 4 2.57 1.58
15907 1627995225 0 5 0.02
15908 1627995225 0 6 0.09
15909 1627995225 0 8 4.98 12.35 11.87
15910 1627995225 0 1 4.400
15911 1627995225 0 0 26.49 8.26 156.2 61.49 110.4 6.81 177.4 17.3 175.1 1.76 41.30 14.2
15912 1627995225 0 7 $GNGGA,125344.000,4424.10881,N,00855.38007,E,1,10,1.0,4.6,M,44.7,M,,*40
15913 1627995225 0 7 $GNGGA,125345.000,4424.10799,N,00855.38068,E,1,10,1.0,4.8,M,44.7,M,,*40
15914 1627995226 0 7 $GNGGA,125346.000,4424.10719,N,00855.38134,E,1,10,1.0,5.1,M,44.7,M,,*4B
15915 1627995227 0 3 2.58 0.00
15916 1627995228 0 4 2.57 1.58
15917 1627995228 0 5 0.03
15918 1627995228 0 6 0.08
15919 1627995228 0 8 4.98 12.36 11.87
15920 1627995228 0 1 3.890
15921 1627995228 0 0 26.49 8.26 156.1 61.49 110.3 6.81 177.4 17.3 174.9 1.72 41.30 14.2
15922 1627995228 0 7 $GNGGA,125347.000,4424.10653,N,00855.38196,E,1,10,1.0,5.4,M,44.7,M,,*48
15923 1627995229 0 7 $GNGGA,125348.000,4424.10639,N,00855.38269,E,1,10,1.0,5.8,M,44.7,M,,*44
15924 1627995229 0 7 $GNGGA,125349.000,4424.10645,N,00855.38304,E,1,10,1.0,6.8,M,44.7,M,,*47
15925 1627995230 0 3 2.58 0.00
15926 1627995231 0 4 2.57 1.58
15927 1627995231 0 5 0.03
15928 1627995231 0 6 0.09
15929 1627995231 0 8 4.98 12.35 11.87
15930 1627995231 0 1 4.121
15931 1627995231 0 0 26.49 8.26 156.2 61.51 110.3 6.80 177.3 17.3 175.0 1.74 41.31 14.2
15932 1627995231 0 7 $GNGGA,125350.000,4424.10560,N,00855.38339,E,1,10,1.0,7.0,M,44.7,M,,*4C
15933 1627995231 0 7 $GNGGA,125351.000,4424.10515,N,00855.38375,E,1,10,1.0,7.9,M,44.7,M,,*4E
15934 1627995232 0 7 $GNGGA,125352.000,4424.10454,N,00855.38419,E,1,10,1.0,8.6,M,44.7,M,,*44
15935 1627995233 0 3 2.58 0.00
15936 1627995234 0 4 2.57 1.58
15937 1627995234 0 5 0.02
15938 1627995234 0 6 0.10
15939 1627995234 0 8 4.98 12.35 11.87
15940 1627995234 0 1 4.360
15941 1627995234 0 0 26.49 8.26 156.2 61.40 110.2 6.80 177.5 17.3 175.5 1.78 41.24 14.2
15942 1627995234 0 7 $GNGGA,125353.000,4424.10384,N,00855.38474,E,1,10,1.0,9.0,M,44.7,M,,*43
15943 1627995235 0 7 $GNGGA,125354.000,4424.10275,N,00855.38549,E,1,10,1.0,8.9,M,44.7,M,,*4C
15944 1627995235 0 7 $GNGGA,125355.000,4424.10168,N,00855.38620,E,1,10,1.0,8.7,M,44.7,M,,*40
15945 1627995236 0 3 2.58 0.00
15946 1627995237 0 4 2.57 1.58
15947 1627995237 0 5 0.02
15948 1627995237 0 6 0.09
15949 1627995237 0 8 4.98 12.35 11.87
15950 1627995237 0 1 3.967
15951 1627995237 0 0 26.49 8.26 156.1 61.50 110.1 6.80 177.4 17.3 174.9 1.72 41.31 14.2
15952 1627995237 0 7 $GNGGA,125356.000,4424.10060,N,00855.38682,E,1,10,1.0,8.2,M,44.7,M,,*47
15953 1627995237 0 7 $GNGGA,125357.000,4424.09962,N,00855.38754,E,1,10,1.0,7.7,M,44.7,M,,*45
15954 1627995238 0 7 $GNGGA,125358.000,4424.09878,N,00855.38821,E,1,10,1.0,7.4,M,44.7,M,,*4E
15955 1627995239 0 3 2.58 0.00
15956 1627995239 0 4 2.57 1.58
15957 1627995239 0 5 0.02
15958 1627995240 0 6 0.08
15959 1627995240 0 8 4.98 12.35 11.87
15960 1627995240 0 1 4.400
15961 1627995240 0 0 26.50 8.26 156.2 61.33 110.1 6.80 177.4 17.3 175.1 1.66 41.18 14.2
15962 1627995240 0 7 $GNGGA,125359.000,4424.09784,N,00855.38876,E,1,10,1.0,7.3,M,44.7,M,,*46
15963 1627995240 0 7 $GNGGA,125400.000,4424.09729,N,00855.38966,E,1,10,1.0,7.0,M,44.7,M,,*49
15964 1627995241 0 7 $GNGGA,125401.000,4424.09694,N,00855.39065,E,1,10,1.0,6.9,M,44.7,M,,*4C
15965 1627995242 0 3 2.58 0.00
15966 1627995242 0 4 2.57 1.58
15967 1627995242 0 5 0.02
15968 1627995243 0 6 0.08
15969 1627995243 0 8 4.98 12.35 11.87
15970 1627995243 0 1 3.673
15971 1627995243 0 0 26.51 8.26 156.2 61.42 110.1 6.79 177.2 17.3 175.1 1.66 41.25 14.2
15972 1627995243 0 7 $GNGGA,125402.000,4424.09672,N,00855.39147,E,1,10,1.0,6.8,M,44.7,M,,*47
15973 1627995243 0 7 $GNGGA,125403.000,4424.09654,N,00855.39201,E,1,10,1.0,6.9,M,44.7,M,,*42
15974 1627995244 0 7 $GNGGA,125404.000,4424.09651,N,00855.39179,E,1,10,1.0,7.7,M,44.7,M,,*43
15975 1627995245 0 3 2.58 0.00
15976 1627995245 0 4 2.57 1.58
15977 1627995245 0 5 0.02
15978 1627995246 0 6 0.08
15979 1627995246 0 8 4.98 12.35 11.84
15980 1627995246 0 1 3.701
15981 1627995246 0 0 26.51 8.26 156.2 61.45 110.0 6.79 177.5 17.3 175.1 1.65 41.27 14.2
15982 1627995246 0 7 $GNGGA,125405.000,4424.09638,N,00855.39169,E,1,10,1.0,8.3,M,44.7,M,,*47
15983 1627995246 0 7 $GNGGA,125406.000,4424.09618,N,00855.39170,E,1,10,1.0,8.4,M,44.7,M,,*49
15984 1627995247 0 7 $GNGGA,125407.000,4424.09579,N,00855.39179,E,1,10,1.0,8.6,M,44.7,M,,*47
15985 1627995248 0 3 2.58 0.00
15986 1627995248 0 4 2.57 1.58
15987 1627995248 0 5 0.02
15988 1627995249 0 6 0.08
15989 1627995249 0 8 4.98 12.35 11.87
15990 1627995249 0 1 3.630
15991 1627995249 0 0 26.51 8.26 156.1 61.48 110.0 6.79 177.5 17.3 175.2 1.61 41.29 14.2
15992 1627995249 0 7 $GNGGA,125408.000,4424.09533,N,00855.39208,E,1,10,1.0,8.7,M,44.7,M,,*42
15993 1627995249 0 7 $GNGGA,125409.000,4424.09493,N,00855.39262,E,1,10,1.0,9.0,M,44.7,M,,*42
15994 1627995250 0 7 $GNGGA,125410.000,4424.09460,N,00855.39325,E,1,10,1.0,9.2,M,44.7,M,,*46
15995 1627995251 0 3 2.58 0.00
15996 1627995251 0 4 2.57 1.58
15997 1627995251 0 5 0.02
15998 1627995252 0 6 0.09
15999 1627995252 0 8 4.98 12.20 11.84
16000 1627995252 0 1 3.889
16001 1627995252 0 0 26.52 8.26 156.1 61.55 109.9 6.78 177.2 17.3 175.0 1.62 41.34 14.2
16002 1627995252 0 7 $GNGGA,125411.000,4424.09444,N,00855.39375,E,1,10,1.0,9.5,M,44.7,M,,*43
16003 1627995252 0 7 $GNGGA,125412.000,4424.09428,N,00855.39414,E,1,10,1.0,9.8,M,44.7,M,,*47
16004 1627995253 0 7 $GNGGA,125413.000,4424.09420,N,00855.39446,E,1,10,1.0,9.9,M,44.7,M,,*48
16005 1627995254 0 3 2.58 0.00
16006 1627995254 0 4 2.57 1.58
16007 1627995254 0 5 0.02
16008 1627995255 0 6 0.09
16009 1627995255 0 8 4.98 12.36 11.84
16010 1627995255 0 1 3.467
16011 1627995255 0 0 26.51 8.26 156.2 61.46 109.9 6.78 177.6 17.3 175.3 1.63 41.28 14.2
16012 1627995255 0 7 $GNGGA,125414.000,4424.09381,N,00855.39481,E,1,10,1.0,10.1,M,44.7,M,,*78
16013 1627995255 0 7 $GNGGA,125415.000,4424.09312,N,00855.39479,E,1,10,1.0,10.1,M,44.7,M,,*74
16014 1627995256 0 7 $GNGGA,125416.000,4424.09237,N,00855.39455,E,1,10,1.0,10.0,M,44.7,M,,*7E
16015 1627995257 0 3 2.58 0.00
16016 1627995257 0 4 2.57 1.58
16017 1627995257 0 5 0.02
16018 1627995258 0 6 0.09
16019 1627995258 0 8 4.98 12.20 11.84
16020 1627995258 0 1 3.103
16021 1627995258 0 0 26.54 8.26 156.1 61.50 109.8 6.77 177.2 17.3 175.1 1.58 41.31 14.2
16022 1627995258 0 7 $GNGGA,125417.000,4424.09155,N,00855.39415,E,1,10,1.0,9.8,M,44.7,M,,*4C
16023 1627995258 0 7 $GNGGA,125418.000,4424.09061,N,00855.39355,E,1,10,1.0,9.6,M,44.7,M,,*48
16024 1627995259 0 7 $GNGGA,125419.000,4424.08961,N,00855.39325,E,1,10,1.0,9.6,M,44.7,M,,*46
16025 1627995260 0 3 2.58 0.00
16026 1627995260 0 4 2.57 1.58
16027 1627995260 0 5 0.02
16028 1627995261 0 6 0.09
16029 1627995261 0 8 4.98 12.19 11.84
16030 1627995261 0 1 3.240
16031 1627995261 0 0 26.51 8.26 156.1 61.42 109.8 6.78 177.4 17.3 175.5 1.58 41.25 14.3
16032 1627995261 0 7 $GNGGA,125420.000,4424.08857,N,00855.39323,E,1,10,1.0,9.6,M,44.7,M,,*4E
16033 1627995261 0 7 $GNGGA,125421.000,4424.08749,N,00855.39337,E,1,10,1.0,9.8,M,44.7,M,,*44
16034 1627995262 0 7 $GNGGA,125422.000,4424.08653,N,00855.39381,E,1,10,1.0,10.1,M,44.7,M,,*71
16035 1627995263 0 3 2.58 0.00
16036 1627995263 0 4 2.57 1.58
16037 1627995263 0 5 0.02
16038 1627995264 0 6 0.09
16039 1627995264 0 8 4.98 12.34 11.87
16040 1627995264 0 1 3.054
16041 1627995264 0 0 26.52 8.26 156.1 61.41 109.8 6.78 177.5 17.3 175.5 1.60 41.24 14.2
16042 1627995264 0 7 $GNGGA,125423.000,4424.08568,N,00855.39437,E,1,10,1.0,10.3,M,44.7,M,,*73
16043 1627995264 0 7 $GNGGA,125424.000,4424.08495,N,00855.39476,E,1,10,1.0,10.5,M,44.7,M,,*74
16044 1627995265 0 7 $GNGGA,125425.000,4424.08446,N,00855.39512,E,1,10,1.0,10.7,M,44.7,M,,*7A
16045 1627995266 0 3 2.58 0.00
16046 1627995266 0 4 2.57 1.58
16047 1627995266 0 5 0.02
16048 1627995267 0 6 0.09
16049 1627995267 0 8 4.98 12.20 11.84
16050 1627995267 0 1 3.617
16051 1627995267 0 0 26.52 8.26 156.1 61.42 109.8 6.78 177.6 17.3 176.0 1.59 41.25 14.3
16052 1627995267 0 7 $GNGGA,125426.000,4424.08399,N,00855.39574,E,1,10,1.0,10.6,M,44.7,M,,*7D
16053 1627995267 0 7 $GNGGA,125427.000,4424.08344,N,00855.39639,E,1,10,1.0,10.4,M,44.7,M,,*74
16054 1627995268 0 7 $GNGGA,125428.000,4424.08266,N,00855.39703,E,1,10,1.0,10.1,M,44.7,M,,*77
16055 1627995269 0 3 2.58 0.00
16056 1627995269 0 4 2.57 1.58
16057 1627995269 0 5 0.02
16058 1627995270 0 6 0.08
16059 1627995270 0 8 4.98 12.35 11.87
16060 1627995270 0 1 3.111
16061 1627995270 0 0 26.51 8.26 156.1 61.52 109.8 6.77 177.6 17.3 175.8 1.69 41.33 14.3
16062 1627995270 0 7 $GNGGA,125429.000,4424.08189,N,00855.39753,E,1,10,1.0,10.0,M,44.7,M,,*70
16063 1627995270 0 7 $GNGGA,125430.000,4424.08127,N,00855.39807,E,1,10,1.0,9.9,M,44.7,M,,*43
16064 1627995271 0 7 $GNGGA,125431.000,4424.08066,N,00855.39875,E,1,10,1.0,9.6,M,44.7,M,,*4C
16065 1627995272 0 3 2.58 0.00
16066 1627995272 0 4 2.57 1.57
16067 1627995272 0 5 0.02
16068 1627995273 0 6 0.09
16069 1627995273 0 8 4.98 12.34 11.84
16070 1627995273 0 1 3.250
16071 1627995273 0 0 26.52 8.26 156.1 61.51 109.8 6.77 177.5 17.3 175.3 1.90 41.32 14.2
16072 1627995273 0 7 $GNGGA,125432.000,4424.08002,N,00855.39962,E,1,10,1.0,9.2,M,44.7,M,,*4E
16073 1627995273 0 7 $GNGGA,125433.000,4424.07940,N,00855.40053,E,1,10,1.0,8.9,M,44.7,M,,*40
16074 1627995274 0 7 $GNGGA,125434.000,4424.07832,N,00855.40149,E,1,10,1.0,8.3,M,44.7,M,,*43
16075 1627995275 0 3 2.58 0.00
16076 1627995275 0 4 2.57 1.57
16077 1627995275 0 5 0.02
16078 1627995276 0 6 0.09
16079 1627995276 0 8 4.98 12.34 11.89
16080 1627995276 0 1 3.598
16081 1627995276 0 0 26.51 8.26 156.1 61.48 109.8 6.77 177.6 17.2 175.4 2.18 41.29 14.3
16082 1627995276 0 7 $GNGGA,125435.000,4424.07713,N,00855.40222,E,1,10,1.0,8.2,M,44.7,M,,*41
16083 1627995276 0 7 $GNGGA,125436.000,4424.07599,N,00855.40300,E,1,10,1.0,8.2,M,44.7,M,,*43
16084 1627995277 0 7 $GNGGA,125437.000,4424.07502,N,00855.40401,E,1,10,1.0,8.3,M,44.7,M,,*47
16085 1627995278 0 3 2.58 0.00
16086 1627995278 0 4 2.57 1.57
16087 1627995278 0 5 0.03
16088 1627995279 0 6 0.11
16089 1627995279 0 8 4.98 12.35 11.87
16090 1627995279 0 1 3.762
16091 1627995279 0 0 26.50 8.26 156.1 61.49 109.7 6.77 177.8 17.2 175.3 2.39 41.30 14.3
16092 1627995279 0 7 $GNGGA,125438.000,4424.07390,N,00855.40534,E,1,10,1.0,8.3,M,44.7,M,,*42
16093 1627995279 0 7 $GNGGA,125439.000,4424.07277,N,00855.40679,E,1,10,1.0,8.2,M,44.7,M,,*40
16094 1627995280 0 7 $GNGGA,125440.000,4424.07212,N,00855.40786,E,1,10,1.0,8.3,M,44.7,M,,*4D
16095 1627995281 0 3 2.58 0.00
16096 1627995281 0 4 2.57 1.58
16097 1627995281 0 5 0.02
16098 1627995282 0 6 0.10
16099 1627995282 0 8 4.98 12.34 11.87
16100 1627995282 0 1 4.080
16101 1627995282 0 0 26.47 8.26 156.1 61.44 109.7 6.78 177.9 17.2 176.0 2.54 41.26 14.3
16102 1627995282 0 7 $GNGGA,125441.000,4424.07130,N,00855.40882,E,1,10,1.0,8.2,M,44.7,M,,*45
16103 1627995282 0 7 $GNGGA,125442.000,4424.07031,N,00855.41006,E,1,10,1.0,7.6,M,44.7,M,,*48
16104 1627995283 0 7 $GNGGA,125443.000,4424.06962,N,00855.41100,E,1,10,1.0,7.4,M,44.7,M,,*42
16105 1627995284 0 3 2.58 0.00
16106 1627995284 0 4 2.57 1.57
16107 1627995284 0 5 0.02
16108 1627995285 0 6 0.11
16109 1627995285 0 8 4.98 12.34 11.87
16110 1627995285 0 1 4.381
16111 1627995285 0 0 26.46 8.26 156.1 61.47 109.7 6.78 178.1 17.2 175.0 2.75 41.29 14.3
16112 1627995285 0 7 $GNGGA,125444.000,4424.06887,N,00855.41202,E,1,10,1.0,6.9,M,44.7,M,,*42
16113 1627995285 0 7 $GNGGA,125445.000,4424.06796,N,00855.41315,E,1,10,1.0,6.4,M,44.7,M,,*46
16114 1627995286 0 7 $GNGGA,125446.000,4424.06743,N,00855.41402,E,1,10,1.0,6.5,M,44.7,M,,*4D
16115 1627995287 0 3 2.58 0.00
16116 1627995287 0 4 2.58 1.57
16117 1627995287 0 5 0.02
16118 1627995288 0 6 0.12
16119 1627995288 0 8 4.98 12.35 11.87
16120 1627995288 0 1 4.654
16121 1627995288 0 0 26.45 8.26 156.0 61.51 109.7 6.78 178.0 17.2 175.0 2.91 41.32 14.2
16122 1627995288 0 7 $GNGGA,125447.000,4424.06686,N,00855.41478,E,1,10,1.0,6.4,M,44.7,M,,*48
16123 1627995288 0 7 $GNGGA,125448.000,4424.06614,N,00855.41536,E,1,10,1.0,6.5,M,44.7,M,,*46
16124 1627995289 0 7 $GNGGA,125449.000,4424.06527,N,00855.41610,E,1,10,1.0,6.4,M,44.7,M,,*42
16125 1627995290 0 3 2.58 0.00
16126 1627995290 0 4 2.57 1.55
16127 1627995290 0 5 0.02
16128 1627995291 0 6 0.09
16129 1627995291 0 8 4.98 12.35 11.87
16130 1627995291 0 1 4.756
16131 1627995291 0 0 26.38 8.26 156.1 61.50 109.7 6.78 178.7 17.2 176.1 3.06 41.32 14.2
16132 1627995291 0 7 $GNGGA,125450.000,4424.06438,N,00855.41680,E,1,10,1.0,6.3,M,44.7,M,,*4B
16133 1627995291 0 7 $GNGGA,125451.000,4424.06353,N,00855.41742,E,1,10,1.0,6.3,M,44.7,M,,*4F
16134 1627995292 0 7 $GNGGA,125452.000,4424.06275,N,00855.41803,E,1,10,1.0,6.2,M,44.7,M,,*42
16135 1627995293 0 3 2.58 0.00
16136 1627995293 0 4 2.57 1.55
16137 1627995293 0 5 0.02
16138 1627995294 0 6 0.05
16139 1627995294 0 8 4.98 12.35 11.87
16140 1627995294 0 1 5.782
16141 1627995294 0 0 26.39 8.26 156.0 61.46 109.7 6.78 178.5 17.2 175.6 3.20 41.28 14.2
16142 1627995294 0 7 $GNGGA,125453.000,4424.06196,N,00855.41861,E,1,10,1.0,5.9,M,44.7,M,,*41
16143 1627995294 0 7 $GNGGA,125454.000,4424.06112,N,00855.41911,E,1,10,1.0,5.7,M,44.7,M,,*42
16144 1627995295 0 7 $GNGGA,125455.000,4424.06003,N,00855.41948,E,1,10,1.0,5.8,M,44.7,M,,*41
16145 1627995296 0 3 2.58 0.00
16146 1627995296 0 4 2.58 1.55
16147 1627995296 0 5 0.02
16148 1627995297 0 6 0.07
16149 1627995297 0 8 4.98 12.35 11.87
16150 1627995297 0 1 5.279
16151 1627995297 0 0 26.39 8.26 156.1 61.40 109.6 6.78 178.2 17.2 175.8 3.34 41.23 14.2
16152 1627995297 0 7 $GNGGA,125456.000,4424.05889,N,00855.42000,E,1,10,1.0,6.1,M,44.7,M,,*47
16153 1627995297 0 7 $GNGGA,125457.000,4424.05803,N,00855.42052,E,1,10,1.0,6.2,M,44.7,M,,*40
16154 1627995298 0 7 $GNGGA,125458.000,4424.05695,N,00855.42213,E,1,10,1.0,5.1,M,44.7,M,,*49
16155 1627995299 0 3 2.58 0.00
16156 1627995299 0 4 2.58 1.55
16157 1627995299 0 5 0.03
16158 1627995300 0 6 0.06
16159 1627995300 0 8 4.98 12.35 11.87
16160 1627995300 0 1 5.103
16161 1627995300 0 0 26.37 8.26 156.1 61.38 109.6 6.78 178.3 17.2 177.4 3.46 41.22 14.1
16162 1627995300 0 7 $GNGGA,125459.000,4424.05586,N,00855.42379,E,1,10,1.0,3.7,M,44.7,M,,*44
16163 1627995300 0 7 $GNGGA,125500.000,4424.05490,N,00855.42514,E,1,10,1.0,3.4,M,44.7,M,,*41
16164 1627995301 0 7 $GNGGA,125501.000,4424.05415,N,00855.42622,E,1,10,1.0,3.4,M,44.7,M,,*4B
16165 1627995302 0 3 2.58 0.00
16166 1627995302 0 4 2.58 1.55
16167 1627995302 0 5 0.03
16168 1627995303 0 6 0.07
16169 1627995303 0 8 4.98 12.36 11.87
16170 1627995303 0 1 5.344
16171 1627995303 0 0 26.35 8.26 156.1 61.38 109.6 6.79 178.6 17.2 178.8 3.52 41.22 14.1
16172 1627995303 0 7 $GNGGA,125502.000,4424.05351,N,00855.42767,E,1,10,1.0,2.6,M,44.7,M,,*4C
16173 1627995303 0 7 $GNGGA,125503.000,4424.05318,N,00855.42902,E,1,10,1.0,2.2,M,44.7,M,,*49
