X;Y;Z;cat;phi
5.7;-1;-0.10;1;0.44
5.7;-1;-0.30;1;0.76
5.7;-1;-0.50;1;0.57
5.7;-1;-0.70;1;0.79
5.7;-1;-0.90;1;0.33
5.7;-1;-1.10;1;0.43
5.7;-1;-1.30;1;0.58
5.7;-1;-1.50;1;0.38
5.7;-1;-1.70;1;0.46
5.7;-1;-1.90;1;0.48
5.7;-1;-2.07;2;0.46
5.7;-1;-2.10;2;0.47
5.7;-1;-2.13;2;0.40
5.7;-1;-2.16;2;0.42
5.7;-1;-2.19;2;0.43
5.7;-1;-2.22;2;0.49
5.7;-1;-2.25;2;0.49
5.7;-1;-2.28;2;0.47
5.7;-1;-2.31;2;0.47
5.7;-1;-2.34;2;0.45
5.7;-1;-2.37;2;0.41
5.7;-1;-2.40;2;0.45
5.7;-1;-2.43;2;0.40
5.7;-1;-2.46;2;0.48
5.7;-1;-2.49;2;0.45
5.7;-1;-2.55;2;0.43
5.7;-1;-2.58;2;0.40
5.7;-1;-2.61;2;0.42
5.7;-1;-2.64;2;0.41
5.7;-1;-2.67;2;0.41
5.7;-1;-2.70;2;0.48
5.7;-1;-2.73;2;0.47
5.7;-1;-2.76;2;0.42
5.7;-1;-2.79;2;0.46
5.7;-1;-2.82;2;0.43
5.7;-1;-2.85;2;0.47
5.7;-1;-2.88;2;0.44
5.7;-1;-2.91;2;0.50
5.7;-1;-2.94;2;0.47
5.7;-1;-2.97;2;0.41
5.7;-1;-3.00;2;0.48
5.7;-1;-3.03;2;0.47
5.7;-1;-3.06;2;0.44
5.7;-1;-3.09;2;0.46
5.7;-1;-3.12;2;0.46
5.7;-1;-3.15;2;0.45
5.7;-1;-3.18;2;0.43
5.7;-1;-3.21;2;0.40
5.7;-1;-3.24;2;0.43
5.7;-1;-3.27;2;0.48
5.7;-1;-3.30;2;0.46
5.7;-1;-3.33;2;0.49
5.7;-1;-3.36;2;0.43
5.7;-1;-3.39;2;0.41
5.7;-1;-3.45;3;0.41
5.7;-1;-3.48;3;0.49
5.7;-1;-3.51;3;0.44
5.7;-1;-3.54;3;0.47
5.7;-1;-3.57;3;0.46
5.7;-1;-3.60;3;0.49
5.7;-1;-3.63;3;0.43
5.7;-1;-3.66;3;0.40
5.7;-1;-3.69;3;0.47
5.7;-1;-3.72;3;0.46
5.7;-1;-3.75;3;0.48
5.7;-1;-3.78;3;0.44
5.7;-1;-3.81;3;0.41
5.7;-1;-3.84;3;0.45
5.7;-1;-3.87;3;0.48
5.7;-1;-3.90;3;0.41
5.7;-1;-3.93;3;0.48
5.7;-1;-3.96;3;0.49
5.7;-1;-3.99;3;0.45
5.7;-1;-4.02;3;0.48
5.7;-1;-4.05;3;0.42
5.7;-1;-4.08;3;0.41
5.7;-1;-4.11;3;0.46
5.7;-1;-4.14;3;0.41
5.7;-1;-4.17;3;0.42
5.7;-1;-4.20;3;0.48
5.7;-1;-4.23;3;0.41
5.7;-1;-4.29;4;0.41
5.7;-1;-4.32;4;0.43
5.7;-1;-4.35;4;0.42
5.7;-1;-4.38;4;0.47
5.7;-1;-4.41;4;0.46
5.7;-1;-4.44;4;0.45
5.7;-1;-4.47;4;0.41
5.7;-1;-4.50;4;0.43
5.7;-1;-4.53;4;0.45
5.7;-1;-4.59;4;0.42
5.7;-1;-4.62;4;0.45
5.7;-1;-4.65;4;0.48
5.7;-1;-4.68;4;0.49
5.7;-1;-4.71;4;0.50
5.7;-1;-4.74;4;0.49
5.7;-1;-4.77;4;0.41
5.7;-1;-4.80;4;0.47
5.7;-1;-4.83;4;0.46
5.7;-1;-4.86;4;0.45
5.7;-1;-4.89;4;0.46
5.7;-1;-4.92;4;0.42
5.7;-1;-4.95;4;0.46
5.7;-1;-4.98;4;0.41
5.7;-1;-5.01;4;0.49
5.7;-1;-5.04;4;0.48
5.7;-1;-5.07;4;0.48
5.7;-1;-5.10;4;0.47
5.7;-1;-5.13;4;0.43
5.7;-1;-5.16;4;0.44
5.7;-1;-5.19;4;0.50
5.7;-1;-5.22;4;0.43
5.7;-1;-5.25;4;0.40
5.7;-1;-5.28;4;0.48
5.7;-1;-5.31;4;0.49
5.7;-1;-5.34;4;0.49
5.7;-1;-5.37;4;0.42
5.7;-1;-5.40;4;0.45
5.7;-1;-5.43;4;0.47
5.7;-1;-5.46;4;0.49
5.7;-1;-5.49;4;0.48
5.7;-1;-5.52;4;0.48
5.7;-1;-5.55;4;0.44
5.7;-1;-5.61;5;0.25
5.7;-1;-5.64;5;0.33
5.7;-1;-5.67;5;0.29
5.7;-1;-5.70;5;0.35
5.7;-1;-5.73;5;0.30
5.7;-1;-5.76;5;0.30
5.7;-1;-5.79;5;0.31
5.7;-1;-5.82;5;0.29
5.7;-1;-5.85;5;0.30
5.7;-1;-5.88;5;0.30
5.7;-1;-5.91;5;0.35
5.7;-1;-5.94;5;0.27
5.7;-1;-5.97;5;0.33
5.7;-1;-6.00;5;0.27
5.7;-1;-6.03;5;0.31
5.7;-1;-6.06;5;0.29
5.7;-1;-6.09;5;0.29
5.7;-1;-6.12;5;0.32
5.7;-1;-6.15;5;0.27
5.7;-1;-6.18;5;0.31
5.7;-1;-6.21;5;0.30
5.7;-1;-6.24;5;0.29
5.7;-1;-6.27;5;0.33
5.7;-1;-6.30;5;0.28
5.7;-1;-6.33;5;0.28
5.7;-1;-6.36;5;0.34
5.7;-1;-6.39;5;0.26
5.7;-1;-6.42;5;0.28
5.7;-1;-6.45;5;0.35
5.7;-1;-6.48;5;0.28
5.7;-1;-6.51;5;0.35
5.7;-1;-6.54;5;0.33
5.7;-1;-6.60;5;0.27
5.7;-1;-6.63;5;0.27
5.7;-1;-6.66;5;0.33
5.7;-1;-6.69;5;0.30
5.7;-1;-6.72;5;0.27
5.7;-1;-6.75;5;0.29
5.7;-1;-6.78;5;0.27
5.7;-1;-6.81;5;0.28
5.7;-1;-6.84;5;0.32
5.7;-1;-6.87;5;0.34
5.7;-1;-6.90;5;0.28
5.7;-1;-6.93;5;0.26
5.7;-1;-7.11;3;0.40
5.7;-1;-7.14;3;0.44
5.7;-1;-7.17;3;0.49
5.7;-1;-7.20;3;0.42
5.7;-1;-7.23;3;0.48
5.7;-1;-7.26;3;0.48
5.7;-1;-7.29;3;0.44
5.7;-1;-7.32;3;0.47
5.7;-1;-7.35;3;0.47
5.7;-1;-7.41;4;0.45
5.7;-1;-7.44;4;0.43
5.7;-1;-7.47;4;0.49
5.7;-1;-7.50;4;0.50
5.7;-1;-7.53;4;0.40
5.7;-1;-7.56;4;0.43
5.7;-1;-7.59;4;0.47
5.7;-1;-7.62;4;0.40
5.7;-1;-7.65;4;0.41
5.7;-1;-7.68;4;0.41
5.7;-1;-7.71;4;0.44
5.7;-1;-7.74;4;0.49
5.7;-1;-7.77;4;0.45
5.7;-1;-7.80;4;0.44
5.7;-1;-7.83;4;0.47
5.7;-1;-7.86;4;0.46
5.7;-1;-7.89;4;0.48
5.7;-1;-7.92;4;0.42
5.7;-1;-7.95;4;0.47
5.7;-1;-8.01;5;0.31
5.7;-1;-8.04;5;0.26
5.7;-1;-8.07;5;0.26
5.7;-1;-8.10;5;0.25
5.7;-1;-8.13;5;0.34
5.7;-1;-8.16;5;0.26
5.7;-1;-8.19;5;0.26
5.7;-1;-8.22;5;0.32
5.7;-1;-8.25;5;0.28
5.7;-1;-8.28;5;0.28
5.7;-1;-8.31;5;0.31
5.7;-1;-8.34;5;0.27
5.7;-1;-8.37;5;0.28
5.7;-1;-8.40;5;0.25
5.7;-1;-8.43;5;0.28
5.7;-1;-8.46;5;0.31
5.7;-1;-8.49;5;0.28
5.7;-1;-8.52;5;0.32
5.7;-1;-8.55;5;0.31
5.7;-1;-8.58;5;0.35
5.7;-1;-8.61;5;0.29
5.7;-1;-8.64;5;0.26
5.7;-1;-8.67;5;0.30
5.7;-1;-8.70;5;0.31
5.7;-1;-8.76;6;0.33
5.7;-1;-8.79;6;0.27
5.7;-1;-8.82;6;0.35
5.7;-1;-8.85;6;0.34
5.7;-1;-8.88;6;0.27
5.7;-1;-8.91;6;0.32
5.7;-1;-8.94;6;0.26
5.7;-1;-8.97;6;0.27
5.7;-1;-9.00;6;0.29
5.7;-1;-9.03;6;0.30
5.7;-1;-9.09;5;0.30
5.7;-1;-9.12;5;0.26
5.7;-1;-9.15;5;0.28
5.7;-1;-9.18;5;0.30
5.7;-1;-9.21;5;0.27
5.7;-1;-9.24;5;0.28
5.7;-1;-9.27;5;0.32
5.7;-1;-9.30;5;0.32
5.7;-1;-9.36;5;0.34
5.7;-1;-9.39;5;0.35
5.7;-1;-9.42;5;0.31
5.7;-1;-9.45;5;0.32
5.7;-1;-9.48;5;0.26
5.7;-1;-9.51;5;0.29
5.7;-1;-9.54;5;0.27
5.7;-1;-9.60;5;0.29
5.7;-1;-9.63;5;0.32
5.7;-1;-9.66;5;0.25
5.7;-1;-9.69;5;0.26
5.7;-1;-9.72;5;0.31
5.7;-1;-9.75;5;0.30
5.7;-1;-9.78;5;0.25
5.7;-1;-9.81;5;0.31
5.7;-1;-9.84;5;0.26
5.7;-1;-9.87;5;0.34
5.7;-1;-9.90;5;0.28
5.7;-1;-9.93;5;0.31
5.7;-1;-9.96;5;0.30
5.7;-1;-9.99;5;0.27
5.7;-1;-10.02;5;0.26
5.7;-1;-10.05;5;0.28
5.7;-1;-10.08;5;0.30
5.7;-1;-10.11;5;0.35
5.7;-1;-10.17;5;0.29
5.7;-1;-10.20;5;0.34
5.7;-1;-10.23;5;0.33
5.7;-1;-10.26;5;0.31
5.7;-1;-10.29;5;0.31
5.7;-1;-10.32;5;0.34
5.7;-1;-10.35;5;0.27
5.7;-1;-10.38;5;0.25
5.7;-1;-10.41;5;0.34
5.7;-1;-10.44;5;0.29
5.7;-1;-10.47;5;0.34
5.7;-1;-10.50;5;0.25
5.7;-1;-10.53;5;0.31
5.7;-1;-10.56;5;0.31
5.7;-1;-10.59;5;0.30
5.7;-1;-10.62;5;0.35
5.7;-1;-10.65;5;0.32
5.7;-1;-10.68;5;0.31
5.7;-1;-10.71;5;0.30
5.7;-1;-10.74;5;0.33
5.7;-1;-10.77;5;0.31
5.7;-1;-10.80;5;0.31
5.7;-1;-10.83;5;0.26
5.7;-1;-10.89;7;0.31
5.7;-1;-10.92;7;0.33
5.7;-1;-10.95;7;0.35
5.7;-1;-10.98;7;0.30
5.7;-1;-11.01;7;0.33
5.7;-1;-11.04;7;0.32
5.7;-1;-11.07;7;0.34
5.7;-1;-11.10;7;0.34
5.7;-1;-11.13;7;0.31
5.7;-1;-11.16;7;0.35
5.7;-1;-11.19;7;0.30
5.7;-1;-11.22;7;0.34
5.7;-1;-11.25;7;0.31
5.7;-1;-11.28;7;0.35
5.7;-1;-11.31;7;0.32
5.7;-1;-11.34;7;0.33
5.7;-1;-11.37;7;0.32
5.7;-1;-11.40;7;0.35
5.7;-1;-11.43;7;0.30
5.7;-1;-11.49;7;0.32
5.7;-1;-11.52;7;0.34
5.7;-1;-11.55;7;0.31
5.7;-1;-11.58;7;0.31
5.7;-1;-11.61;7;0.35
5.7;-1;-11.64;7;0.33
5.7;-1;-11.67;7;0.33
5.7;-1;-11.70;7;0.35
5.7;-1;-11.73;7;0.35
5.7;-1;-11.76;7;0.35
5.7;-1;-11.79;7;0.34
5.7;-1;-11.82;7;0.32
5.7;-1;-11.85;7;0.31
5.7;-1;-11.88;7;0.33
5.7;-1;-11.91;7;0.34
5.7;-1;-11.94;7;0.33
5.7;-1;-11.97;7;0.34
5.7;-1;-12.00;8;0.12
5.7;-1;-12.03;8;0.12
5.7;-1;-12.06;8;0.14
5.7;-1;-12.09;8;0.12
5.7;-1;-12.12;8;0.13
5.7;-1;-12.15;8;0.14
5.7;-1;-12.18;8;0.15
5.7;-1;-12.21;8;0.14
5.7;-1;-12.24;8;0.13
5.7;-1;-12.27;8;0.11
5.7;-1;-12.30;8;0.10
5.7;-1;-12.33;8;0.14
5.7;-1;-12.36;8;0.14
5.7;-1;-12.39;8;0.12
5.7;-1;-12.42;8;0.13
5.7;-1;-12.45;8;0.12
5.7;-1;-12.48;8;0.12
5.7;-1;-12.51;8;0.12
5.7;-1;-12.54;8;0.12
5.7;-1;-12.57;8;0.15
5.7;-1;-12.60;8;0.10
5.7;-1;-12.63;8;0.12
5.7;-1;-12.66;8;0.15
5.7;-1;-12.69;8;0.14
5.7;-1;-12.72;8;0.14
5.7;-1;-12.75;8;0.13
5.7;-1;-12.78;8;0.11
5.7;-1;-12.81;8;0.12
5.7;-1;-12.84;8;0.12
5.7;-1;-12.87;8;0.11
5.7;-1;-12.90;8;0.10
5.7;-1;-12.93;8;0.13
5.7;-1;-12.96;8;0.13
5.7;-1;-12.99;8;0.13
5.7;-1;-13.02;8;0.12
5.7;-1;-13.05;8;0.12
5.7;-1;-13.08;8;0.11
5.7;-1;-13.11;8;0.13
5.7;-1;-13.14;8;0.14
5.7;-1;-13.17;8;0.15
5.7;-1;-13.20;8;0.11
5.7;-1;-13.23;8;0.15
5.7;-1;-13.26;8;0.14
5.7;-1;-13.29;8;0.11
5.7;-1;-13.32;8;0.13
5.7;-1;-13.35;8;0.14
5.7;-1;-13.38;8;0.13
5.7;-1;-13.41;8;0.15
5.7;-1;-13.44;8;0.14
5.7;-1;-13.47;8;0.14
5.7;-1;-13.50;8;0.11
5.7;-1;-13.53;8;0.15
5.7;-1;-13.56;8;0.14
5.7;-1;-13.59;8;0.13
5.7;-1;-13.62;8;0.13
5.7;-1;-13.65;8;0.12
5.7;-1;-13.68;8;0.15
5.7;-1;-13.71;8;0.11
5.7;-1;-13.74;8;0.10
5.7;-1;-13.77;8;0.13
5.7;-1;-13.80;8;0.14
5.7;-1;-13.83;8;0.13
5.7;-1;-13.86;8;0.15
5.7;-1;-13.89;8;0.10
5.7;-1;-13.92;8;0.11
5.7;-1;-13.95;8;0.14
5.7;-1;-13.98;8;0.13
5.7;-1;-14.01;8;0.10
5.7;-1;-14.04;8;0.14
5.7;-1;-14.07;8;0.11
5.7;-1;-14.10;8;0.12
5.7;-1;-14.13;8;0.13
5.7;-1;-14.16;8;0.10
5.7;-1;-14.19;8;0.12
5.7;-1;-14.22;8;0.15
5.7;-1;-14.25;8;0.12
5.7;-1;-14.28;8;0.13
5.7;-1;-14.31;8;0.13
5.7;-1;-14.34;8;0.12
5.7;-1;-14.37;8;0.11
5.7;-1;-14.40;8;0.12
5.7;-1;-14.43;8;0.13
5.7;-1;-14.46;8;0.11
5.7;-1;-14.49;8;0.14
5.7;-1;-14.52;8;0.11
5.7;-1;-14.55;8;0.12
5.7;-1;-14.58;8;0.13
5.7;-1;-14.61;8;0.14
5.7;-1;-14.64;8;0.13
5.7;-1;-14.67;8;0.11
5.7;-1;-14.70;8;0.11
5.7;-1;-14.73;8;0.15
5.7;-1;-14.76;8;0.13
5.7;-1;-14.79;8;0.15
5.7;-1;-14.82;8;0.15
5.7;-1;-14.85;8;0.11
5.7;-1;-14.88;8;0.12
5.7;-1;-14.91;8;0.14
5.7;-1;-14.94;8;0.12
5.7;-1;-14.97;8;0.14
5.7;-1;-15.00;8;0.13
14.3;-1;-0.15;-1;0.52
14.3;-1;-0.30;-1;0.32
14.3;-1;-0.45;-1;0.69
14.3;-1;-0.60;-1;0.80
14.3;-1;-0.75;-1;0.60
14.3;-1;-0.90;-1;0.80
14.3;-1;-1.05;-1;0.33
14.3;-1;-1.20;-1;0.35
14.3;-1;-1.35;-1;0.55
14.3;-1;-1.50;-1;0.44
14.3;-1;-1.65;-1;0.45
14.3;-1;-1.80;-1;0.37
14.3;-1;-1.95;-1;0.67
14.3;-1;-2.10;-1;0.60
14.3;-1;-2.73;2;0.42
14.3;-1;-2.76;2;0.46
14.3;-1;-2.79;2;0.50
14.3;-1;-2.82;2;0.49
14.3;-1;-2.85;2;0.49
14.3;-1;-2.88;2;0.47
14.3;-1;-2.91;2;0.47
14.3;-1;-2.94;2;0.41
14.3;-1;-2.97;2;0.47
14.3;-1;-3.00;2;0.40
14.3;-1;-3.03;2;0.45
14.3;-1;-3.09;2;0.43
14.3;-1;-3.12;2;0.48
14.3;-1;-3.15;2;0.49
14.3;-1;-3.18;2;0.44
14.3;-1;-3.21;2;0.48
14.3;-1;-3.24;2;0.44
14.3;-1;-3.27;2;0.45
14.3;-1;-3.30;2;0.50
14.3;-1;-3.33;2;0.44
14.3;-1;-3.36;2;0.42
14.3;-1;-3.39;2;0.45
14.3;-1;-3.42;2;0.43
14.3;-1;-3.45;2;0.42
14.3;-1;-3.48;2;0.48
14.3;-1;-3.51;2;0.48
14.3;-1;-3.54;2;0.41
14.3;-1;-3.57;2;0.42
14.3;-1;-3.60;2;0.42
14.3;-1;-3.63;2;0.42
14.3;-1;-3.66;2;0.49
14.3;-1;-3.69;2;0.41
14.3;-1;-3.72;2;0.49
14.3;-1;-3.75;2;0.41
14.3;-1;-3.81;3;0.49
14.3;-1;-3.84;3;0.49
14.3;-1;-3.87;3;0.42
14.3;-1;-3.90;3;0.44
14.3;-1;-3.93;3;0.48
14.3;-1;-3.96;3;0.44
14.3;-1;-3.99;3;0.44
14.3;-1;-4.02;3;0.45
14.3;-1;-4.05;3;0.41
14.3;-1;-4.08;3;0.43
14.3;-1;-4.11;3;0.44
14.3;-1;-4.14;3;0.43
14.3;-1;-4.17;3;0.49
14.3;-1;-4.20;3;0.45
14.3;-1;-4.23;3;0.48
14.3;-1;-4.26;3;0.49
14.3;-1;-4.29;3;0.41
14.3;-1;-4.32;3;0.41
14.3;-1;-4.35;3;0.46
14.3;-1;-4.38;3;0.44
14.3;-1;-4.41;3;0.48
14.3;-1;-4.44;3;0.42
14.3;-1;-4.47;3;0.45
14.3;-1;-4.50;3;0.47
14.3;-1;-4.53;3;0.41
14.3;-1;-4.56;3;0.48
14.3;-1;-4.59;3;0.45
14.3;-1;-4.62;3;0.45
14.3;-1;-4.65;3;0.42
14.3;-1;-4.68;3;0.46
14.3;-1;-4.71;3;0.45
14.3;-1;-4.74;3;0.45
14.3;-1;-4.77;3;0.46
14.3;-1;-4.80;3;0.41
14.3;-1;-4.86;3;0.43
14.3;-1;-4.89;3;0.43
14.3;-1;-4.92;3;0.40
14.3;-1;-4.95;3;0.46
14.3;-1;-5.10;3;0.43
14.3;-1;-5.13;3;0.45
14.3;-1;-5.16;3;0.49
14.3;-1;-5.19;3;0.48
14.3;-1;-5.22;3;0.42
14.3;-1;-5.25;3;0.41
14.3;-1;-5.28;3;0.42
14.3;-1;-5.31;3;0.46
14.3;-1;-5.34;3;0.44
14.3;-1;-5.40;5;0.27
14.3;-1;-5.43;5;0.31
14.3;-1;-5.46;5;0.30
14.3;-1;-5.49;5;0.26
14.3;-1;-5.52;5;0.30
14.3;-1;-5.55;5;0.33
14.3;-1;-5.58;5;0.25
14.3;-1;-5.61;5;0.32
14.3;-1;-5.64;5;0.32
14.3;-1;-5.67;5;0.34
14.3;-1;-5.70;5;0.34
14.3;-1;-5.73;5;0.31
14.3;-1;-5.76;5;0.31
14.3;-1;-5.79;5;0.26
14.3;-1;-5.82;5;0.30
14.3;-1;-5.85;5;0.29
14.3;-1;-5.88;5;0.28
14.3;-1;-5.91;5;0.30
14.3;-1;-5.94;5;0.29
14.3;-1;-5.97;5;0.32
14.3;-1;-6.00;5;0.34
14.3;-1;-6.03;5;0.33
14.3;-1;-6.06;5;0.32
14.3;-1;-6.09;5;0.29
14.3;-1;-6.12;5;0.26
14.3;-1;-6.15;5;0.31
14.3;-1;-6.18;5;0.27
14.3;-1;-6.21;5;0.34
14.3;-1;-6.24;5;0.33
14.3;-1;-6.27;5;0.30
14.3;-1;-6.30;5;0.27
14.3;-1;-6.33;5;0.31
14.3;-1;-6.39;5;0.29
14.3;-1;-6.42;5;0.33
14.3;-1;-6.45;5;0.35
14.3;-1;-6.48;5;0.33
14.3;-1;-6.51;5;0.28
14.3;-1;-6.54;5;0.32
14.3;-1;-6.57;5;0.30
14.3;-1;-6.60;5;0.25
14.3;-1;-6.63;5;0.33
14.3;-1;-6.66;5;0.32
14.3;-1;-6.69;5;0.32
14.3;-1;-6.72;5;0.25
14.3;-1;-6.75;5;0.29
14.3;-1;-6.93;3;0.47
14.3;-1;-6.96;3;0.44
14.3;-1;-6.99;3;0.48
14.3;-1;-7.02;3;0.43
14.3;-1;-7.05;3;0.46
14.3;-1;-7.08;3;0.49
14.3;-1;-7.11;3;0.46
14.3;-1;-7.14;3;0.49
14.3;-1;-7.17;3;0.43
14.3;-1;-7.20;3;0.44
14.3;-1;-7.23;3;0.49
14.3;-1;-7.26;3;0.42
14.3;-1;-7.32;3;0.49
14.3;-1;-7.35;3;0.42
14.3;-1;-7.38;3;0.49
14.3;-1;-7.41;3;0.46
14.3;-1;-7.44;3;0.40
14.3;-1;-7.47;3;0.50
14.3;-1;-7.50;3;0.42
14.3;-1;-7.53;3;0.40
14.3;-1;-7.56;3;0.49
14.3;-1;-7.59;3;0.47
14.3;-1;-7.62;3;0.48
14.3;-1;-7.65;3;0.42
14.3;-1;-7.68;3;0.46
14.3;-1;-7.74;5;0.32
14.3;-1;-7.77;5;0.34
14.3;-1;-7.80;5;0.28
14.3;-1;-7.83;5;0.26
14.3;-1;-7.86;5;0.26
14.3;-1;-7.89;5;0.34
14.3;-1;-7.92;5;0.28
14.3;-1;-7.95;5;0.27
14.3;-1;-7.98;5;0.30
14.3;-1;-8.01;5;0.32
14.3;-1;-8.04;5;0.31
14.3;-1;-8.07;5;0.35
14.3;-1;-8.10;5;0.25
14.3;-1;-8.13;5;0.29
14.3;-1;-8.16;5;0.28
14.3;-1;-8.19;5;0.31
14.3;-1;-8.22;5;0.34
14.3;-1;-8.25;5;0.33
14.3;-1;-8.28;5;0.34
14.3;-1;-8.31;5;0.28
14.3;-1;-8.34;5;0.27
14.3;-1;-8.37;5;0.35
14.3;-1;-8.40;5;0.25
14.3;-1;-8.46;6;0.34
14.3;-1;-8.49;6;0.31
14.3;-1;-8.52;6;0.33
14.3;-1;-8.55;6;0.33
14.3;-1;-8.58;6;0.27
14.3;-1;-8.61;6;0.32
14.3;-1;-8.64;6;0.26
14.3;-1;-8.67;6;0.31
14.3;-1;-8.70;6;0.30
14.3;-1;-8.73;6;0.32
14.3;-1;-8.79;5;0.31
14.3;-1;-8.82;5;0.25
14.3;-1;-8.85;5;0.35
14.3;-1;-8.88;5;0.26
14.3;-1;-8.91;5;0.31
14.3;-1;-8.94;5;0.33
14.3;-1;-8.97;5;0.30
14.3;-1;-9.00;5;0.27
14.3;-1;-9.03;5;0.31
14.3;-1;-9.06;5;0.32
14.3;-1;-9.09;5;0.32
14.3;-1;-9.12;5;0.25
14.3;-1;-9.15;5;0.31
14.3;-1;-9.18;5;0.27
14.3;-1;-9.21;5;0.29
14.3;-1;-9.36;3;0.46
14.3;-1;-9.39;3;0.40
14.3;-1;-9.42;3;0.48
14.3;-1;-9.45;3;0.42
14.3;-1;-9.48;3;0.40
14.3;-1;-9.51;3;0.42
14.3;-1;-9.54;3;0.48
14.3;-1;-9.57;3;0.41
14.3;-1;-9.60;3;0.45
14.3;-1;-9.63;3;0.48
14.3;-1;-9.66;3;0.48
14.3;-1;-9.69;3;0.43
14.3;-1;-9.72;3;0.48
14.3;-1;-9.75;3;0.47
14.3;-1;-9.78;3;0.46
14.3;-1;-9.81;3;0.43
14.3;-1;-9.84;3;0.47
14.3;-1;-9.87;3;0.50
14.3;-1;-9.90;3;0.41
14.3;-1;-9.93;3;0.50
14.3;-1;-9.99;3;0.49
14.3;-1;-10.02;3;0.44
14.3;-1;-10.05;3;0.46
14.3;-1;-10.08;3;0.46
14.3;-1;-10.11;3;0.48
14.3;-1;-10.14;3;0.50
14.3;-1;-10.17;3;0.45
14.3;-1;-10.20;3;0.41
14.3;-1;-10.26;5;0.29
14.3;-1;-10.29;5;0.31
14.3;-1;-10.32;5;0.32
14.3;-1;-10.35;5;0.33
14.3;-1;-10.38;5;0.28
14.3;-1;-10.44;5;0.32
14.3;-1;-10.47;5;0.28
14.3;-1;-10.50;5;0.32
14.3;-1;-10.53;5;0.31
14.3;-1;-10.56;5;0.32
14.3;-1;-10.59;5;0.34
14.3;-1;-10.62;5;0.32
14.3;-1;-10.65;5;0.34
14.3;-1;-10.68;5;0.28
14.3;-1;-10.71;5;0.34
14.3;-1;-10.74;5;0.31
14.3;-1;-10.77;5;0.33
14.3;-1;-10.80;5;0.31
14.3;-1;-10.83;5;0.35
14.3;-1;-10.86;5;0.26
14.3;-1;-10.89;5;0.28
14.3;-1;-10.92;5;0.31
14.3;-1;-10.95;5;0.31
14.3;-1;-10.98;5;0.34
14.3;-1;-11.01;5;0.31
14.3;-1;-11.04;5;0.35
14.3;-1;-11.07;5;0.28
14.3;-1;-11.10;5;0.27
14.3;-1;-11.13;5;0.30
14.3;-1;-11.16;5;0.32
14.3;-1;-11.22;5;0.34
14.3;-1;-11.25;5;0.35
14.3;-1;-11.28;5;0.31
14.3;-1;-11.31;5;0.26
14.3;-1;-11.34;5;0.34
14.3;-1;-11.37;5;0.28
14.3;-1;-11.40;5;0.33
14.3;-1;-11.43;5;0.25
14.3;-1;-11.46;5;0.34
14.3;-1;-11.49;5;0.33
14.3;-1;-11.52;5;0.32
14.3;-1;-11.55;5;0.26
14.3;-1;-11.58;5;0.25
14.3;-1;-11.61;5;0.31
14.3;-1;-11.64;5;0.31
14.3;-1;-11.70;7;0.32
14.3;-1;-11.73;7;0.33
14.3;-1;-11.76;7;0.35
14.3;-1;-11.79;7;0.32
14.3;-1;-11.82;7;0.33
14.3;-1;-11.85;7;0.30
14.3;-1;-11.88;7;0.35
14.3;-1;-11.91;7;0.33
14.3;-1;-11.94;7;0.31
14.3;-1;-11.97;7;0.33
14.3;-1;-12.00;7;0.34
14.3;-1;-12.03;7;0.30
14.3;-1;-12.06;7;0.31
14.3;-1;-12.09;7;0.32
14.3;-1;-12.12;7;0.34
14.3;-1;-12.15;7;0.35
14.3;-1;-12.18;7;0.30
14.3;-1;-12.21;7;0.34
14.3;-1;-12.27;7;0.35
14.3;-1;-12.30;7;0.31
14.3;-1;-12.33;7;0.33
14.3;-1;-12.36;7;0.34
14.3;-1;-12.39;7;0.32
14.3;-1;-12.42;7;0.34
14.3;-1;-12.45;7;0.34
14.3;-1;-12.48;7;0.30
14.3;-1;-12.51;7;0.33
14.3;-1;-12.54;7;0.31
14.3;-1;-12.57;7;0.33
14.3;-1;-12.60;7;0.35
14.3;-1;-12.63;7;0.30
14.3;-1;-12.66;7;0.34
14.3;-1;-12.69;8;0.10
14.3;-1;-12.72;8;0.14
14.3;-1;-12.75;8;0.14
14.3;-1;-12.78;8;0.12
14.3;-1;-12.81;8;0.11
14.3;-1;-12.84;8;0.14
14.3;-1;-12.87;8;0.11
14.3;-1;-12.90;8;0.11
14.3;-1;-12.93;8;0.10
14.3;-1;-12.96;8;0.12
14.3;-1;-12.99;8;0.13
14.3;-1;-13.02;8;0.13
14.3;-1;-13.05;8;0.15
14.3;-1;-13.08;8;0.15
14.3;-1;-13.11;8;0.15
14.3;-1;-13.14;8;0.12
14.3;-1;-13.17;8;0.13
14.3;-1;-13.20;8;0.10
14.3;-1;-13.23;8;0.14
14.3;-1;-13.26;8;0.13
14.3;-1;-13.29;8;0.11
14.3;-1;-13.32;8;0.13
14.3;-1;-13.35;8;0.12
14.3;-1;-13.38;8;0.12
14.3;-1;-13.41;8;0.11
14.3;-1;-13.44;8;0.14
14.3;-1;-13.47;8;0.13
14.3;-1;-13.50;8;0.13
14.3;-1;-13.53;8;0.14
14.3;-1;-13.56;8;0.13
14.3;-1;-13.59;8;0.14
14.3;-1;-13.62;8;0.11
14.3;-1;-13.65;8;0.13
14.3;-1;-13.68;8;0.11
14.3;-1;-13.71;8;0.13
14.3;-1;-13.74;8;0.14
14.3;-1;-13.77;8;0.12
14.3;-1;-13.80;8;0.10
14.3;-1;-13.83;8;0.10
14.3;-1;-13.86;8;0.13
14.3;-1;-13.89;8;0.13
14.3;-1;-13.92;8;0.13
14.3;-1;-13.95;8;0.11
14.3;-1;-13.98;8;0.10
14.3;-1;-14.01;8;0.11
14.3;-1;-14.04;8;0.15
14.3;-1;-14.07;8;0.11
14.3;-1;-14.10;8;0.14
14.3;-1;-14.13;8;0.12
14.3;-1;-14.16;8;0.11
14.3;-1;-14.19;8;0.12
14.3;-1;-14.22;8;0.11
14.3;-1;-14.25;8;0.13
14.3;-1;-14.28;8;0.14
14.3;-1;-14.31;8;0.15
14.3;-1;-14.34;8;0.13
14.3;-1;-14.37;8;0.13
14.3;-1;-14.40;8;0.11
14.3;-1;-14.43;8;0.11
14.3;-1;-14.46;8;0.14
14.3;-1;-14.49;8;0.14
14.3;-1;-14.52;8;0.13
14.3;-1;-14.55;8;0.12
14.3;-1;-14.58;8;0.13
14.3;-1;-14.61;8;0.13
14.3;-1;-14.64;8;0.10
14.3;-1;-14.67;8;0.15
14.3;-1;-14.70;8;0.14
14.3;-1;-14.73;8;0.11
14.3;-1;-14.76;8;0.12
14.3;-1;-14.79;8;0.13
14.3;-1;-14.82;8;0.11
14.3;-1;-14.85;8;0.12
14.3;-1;-14.88;8;0.12
14.3;-1;-14.91;8;0.14
14.3;-1;-14.94;8;0.14
14.3;-1;-14.97;8;0.11
14.3;-1;-15.00;8;0.10
22.4;-1;-0.10;-1;0.79
22.4;-1;-0.30;-1;0.60
22.4;-1;-0.50;-1;0.69
22.4;-1;-0.70;-1;0.75
22.4;-1;-0.90;-1;0.41
22.4;-1;-1.10;-1;0.73
22.4;-1;-1.30;-1;0.51
22.4;-1;-1.50;-1;0.63
22.4;-1;-1.70;-1;0.72
22.4;-1;-1.90;-1;0.68
22.4;-1;-2.16;2;0.44
22.4;-1;-2.19;2;0.47
22.4;-1;-2.22;2;0.40
22.4;-1;-2.25;2;0.50
22.4;-1;-2.28;2;0.46
22.4;-1;-2.31;2;0.40
22.4;-1;-2.34;2;0.50
22.4;-1;-2.37;2;0.41
22.4;-1;-2.40;2;0.48
22.4;-1;-2.43;2;0.43
22.4;-1;-2.46;2;0.42
22.4;-1;-2.49;2;0.45
22.4;-1;-2.55;2;0.43
22.4;-1;-2.58;2;0.50
22.4;-1;-2.61;2;0.40
22.4;-1;-2.64;2;0.46
22.4;-1;-2.67;2;0.44
22.4;-1;-2.70;2;0.50
22.4;-1;-2.73;2;0.46
22.4;-1;-2.76;2;0.46
22.4;-1;-2.79;2;0.49
22.4;-1;-2.82;2;0.40
22.4;-1;-2.85;2;0.44
22.4;-1;-2.88;2;0.49
22.4;-1;-2.91;2;0.43
22.4;-1;-2.94;2;0.46
22.4;-1;-2.97;2;0.45
22.4;-1;-3.00;2;0.45
22.4;-1;-3.03;2;0.40
22.4;-1;-3.06;2;0.48
22.4;-1;-3.09;2;0.48
22.4;-1;-3.12;2;0.48
22.4;-1;-3.15;2;0.41
22.4;-1;-3.18;2;0.45
22.4;-1;-3.21;2;0.44
22.4;-1;-3.24;2;0.40
22.4;-1;-3.27;2;0.46
22.4;-1;-3.30;2;0.43
22.4;-1;-3.33;2;0.45
22.4;-1;-3.36;2;0.42
22.4;-1;-3.39;2;0.44
22.4;-1;-3.42;2;0.49
22.4;-1;-3.45;2;0.45
22.4;-1;-3.48;2;0.43
22.4;-1;-3.51;2;0.41
22.4;-1;-3.54;2;0.48
22.4;-1;-3.60;3;0.49
22.4;-1;-3.63;3;0.46
22.4;-1;-3.66;3;0.50
22.4;-1;-3.69;3;0.47
22.4;-1;-3.72;3;0.41
22.4;-1;-3.75;3;0.43
22.4;-1;-3.78;3;0.49
22.4;-1;-3.81;3;0.45
22.4;-1;-3.84;3;0.48
22.4;-1;-3.87;3;0.50
22.4;-1;-3.90;3;0.49
22.4;-1;-3.93;3;0.49
22.4;-1;-3.96;3;0.45
22.4;-1;-3.99;3;0.40
22.4;-1;-4.02;3;0.44
22.4;-1;-4.05;3;0.44
22.4;-1;-4.08;3;0.41
22.4;-1;-4.11;3;0.47
22.4;-1;-4.14;3;0.50
22.4;-1;-4.17;3;0.45
22.4;-1;-4.20;3;0.45
22.4;-1;-4.23;3;0.43
22.4;-1;-4.29;3;0.46
22.4;-1;-4.32;3;0.45
22.4;-1;-4.35;3;0.45
22.4;-1;-4.38;3;0.45
22.4;-1;-4.41;3;0.42
22.4;-1;-4.44;3;0.43
22.4;-1;-4.47;3;0.42
22.4;-1;-4.50;3;0.49
22.4;-1;-4.53;3;0.41
22.4;-1;-4.56;3;0.42
22.4;-1;-4.59;3;0.45
22.4;-1;-4.62;3;0.48
22.4;-1;-4.65;3;0.42
22.4;-1;-4.68;3;0.46
22.4;-1;-4.71;3;0.43
22.4;-1;-4.74;3;0.47
22.4;-1;-4.77;3;0.46
22.4;-1;-4.80;3;0.48
22.4;-1;-4.83;3;0.44
22.4;-1;-4.86;3;0.41
22.4;-1;-4.89;3;0.50
22.4;-1;-4.92;3;0.44
22.4;-1;-4.95;3;0.49
22.4;-1;-4.98;3;0.46
22.4;-1;-5.01;3;0.47
22.4;-1;-5.16;3;0.50
22.4;-1;-5.19;3;0.42
22.4;-1;-5.22;3;0.46
22.4;-1;-5.25;3;0.47
22.4;-1;-5.28;3;0.49
22.4;-1;-5.31;3;0.46
22.4;-1;-5.34;3;0.50
22.4;-1;-5.37;3;0.48
22.4;-1;-5.40;3;0.41
22.4;-1;-5.43;3;0.45
22.4;-1;-5.46;3;0.40
22.4;-1;-5.49;3;0.44
22.4;-1;-5.52;3;0.50
22.4;-1;-5.55;3;0.48
22.4;-1;-5.58;3;0.45
22.4;-1;-5.61;3;0.45
22.4;-1;-5.64;3;0.47
22.4;-1;-5.67;3;0.40
22.4;-1;-5.70;3;0.45
22.4;-1;-5.73;3;0.46
22.4;-1;-5.79;3;0.41
22.4;-1;-5.82;3;0.46
22.4;-1;-5.85;3;0.41
22.4;-1;-5.88;3;0.48
22.4;-1;-5.91;3;0.43
22.4;-1;-5.94;3;0.45
22.4;-1;-5.97;3;0.43
22.4;-1;-6.00;3;0.48
22.4;-1;-6.03;3;0.41
22.4;-1;-6.06;3;0.48
22.4;-1;-6.09;3;0.46
22.4;-1;-6.12;3;0.43
22.4;-1;-6.15;3;0.44
22.4;-1;-6.18;3;0.42
22.4;-1;-6.21;3;0.41
22.4;-1;-6.24;3;0.47
22.4;-1;-6.27;3;0.41
22.4;-1;-6.30;3;0.46
22.4;-1;-6.33;3;0.45
22.4;-1;-6.36;3;0.47
22.4;-1;-6.39;3;0.46
22.4;-1;-6.42;3;0.42
22.4;-1;-6.45;3;0.43
22.4;-1;-6.51;5;0.29
22.4;-1;-6.54;5;0.26
22.4;-1;-6.57;5;0.34
22.4;-1;-6.60;5;0.35
22.4;-1;-6.63;5;0.30
22.4;-1;-6.66;5;0.30
22.4;-1;-6.69;5;0.26
22.4;-1;-6.72;5;0.26
22.4;-1;-6.75;5;0.26
22.4;-1;-6.78;5;0.34
22.4;-1;-6.81;5;0.34
22.4;-1;-6.84;5;0.33
22.4;-1;-6.87;5;0.27
22.4;-1;-6.90;5;0.28
22.4;-1;-6.93;5;0.30
22.4;-1;-6.96;5;0.31
22.4;-1;-6.99;5;0.25
22.4;-1;-7.02;5;0.33
22.4;-1;-7.05;5;0.29
22.4;-1;-7.08;5;0.30
22.4;-1;-7.11;5;0.31
22.4;-1;-7.14;5;0.30
22.4;-1;-7.17;5;0.25
22.4;-1;-7.20;5;0.29
22.4;-1;-7.23;5;0.25
22.4;-1;-7.26;5;0.25
22.4;-1;-7.29;5;0.29
22.4;-1;-7.35;5;0.33
22.4;-1;-7.38;5;0.26
22.4;-1;-7.41;5;0.31
22.4;-1;-7.44;5;0.33
22.4;-1;-7.47;5;0.28
22.4;-1;-7.50;5;0.30
22.4;-1;-7.53;5;0.33
22.4;-1;-7.56;5;0.32
22.4;-1;-7.62;6;0.31
22.4;-1;-7.65;6;0.27
22.4;-1;-7.68;6;0.32
22.4;-1;-7.71;6;0.27
22.4;-1;-7.74;6;0.34
22.4;-1;-7.77;6;0.33
22.4;-1;-7.80;6;0.31
22.4;-1;-7.83;6;0.33
22.4;-1;-7.89;5;0.31
22.4;-1;-7.92;5;0.34
22.4;-1;-7.95;5;0.30
22.4;-1;-7.98;5;0.31
22.4;-1;-8.01;5;0.26
22.4;-1;-8.04;5;0.25
22.4;-1;-8.07;5;0.25
22.4;-1;-8.10;5;0.32
22.4;-1;-8.13;5;0.28
22.4;-1;-8.16;5;0.29
22.4;-1;-8.19;5;0.27
22.4;-1;-8.22;5;0.27
22.4;-1;-8.25;5;0.26
22.4;-1;-8.28;5;0.30
22.4;-1;-8.31;5;0.31
22.4;-1;-8.34;5;0.27
22.4;-1;-8.37;5;0.26
22.4;-1;-8.40;5;0.31
22.4;-1;-8.43;5;0.30
22.4;-1;-8.46;5;0.30
22.4;-1;-8.49;5;0.34
22.4;-1;-8.52;5;0.32
22.4;-1;-8.55;5;0.28
22.4;-1;-8.58;5;0.28
22.4;-1;-8.61;5;0.30
22.4;-1;-8.64;5;0.28
22.4;-1;-8.67;5;0.28
22.4;-1;-8.82;3;0.41
22.4;-1;-8.85;3;0.45
22.4;-1;-8.88;3;0.46
22.4;-1;-8.91;3;0.46
22.4;-1;-8.94;3;0.42
22.4;-1;-8.97;3;0.47
22.4;-1;-9.00;3;0.50
22.4;-1;-9.03;3;0.46
22.4;-1;-9.06;3;0.47
22.4;-1;-9.09;3;0.49
22.4;-1;-9.12;3;0.46
22.4;-1;-9.15;3;0.42
22.4;-1;-9.21;3;0.41
22.4;-1;-9.24;3;0.46
22.4;-1;-9.27;3;0.48
22.4;-1;-9.30;3;0.49
22.4;-1;-9.33;3;0.42
22.4;-1;-9.36;3;0.49
22.4;-1;-9.39;3;0.42
22.4;-1;-9.42;3;0.50
22.4;-1;-9.48;5;0.26
22.4;-1;-9.51;5;0.31
22.4;-1;-9.54;5;0.33
22.4;-1;-9.57;5;0.34
22.4;-1;-9.60;5;0.35
22.4;-1;-9.63;5;0.28
22.4;-1;-9.66;5;0.28
22.4;-1;-9.69;5;0.26
22.4;-1;-9.72;5;0.35
22.4;-1;-9.75;5;0.33
22.4;-1;-9.78;5;0.26
22.4;-1;-9.81;5;0.32
22.4;-1;-9.84;5;0.29
22.4;-1;-9.87;5;0.27
22.4;-1;-9.90;5;0.31
22.4;-1;-9.93;5;0.31
22.4;-1;-9.96;5;0.29
22.4;-1;-9.99;5;0.26
22.4;-1;-10.02;5;0.32
22.4;-1;-10.05;5;0.27
22.4;-1;-10.08;5;0.32
22.4;-1;-10.14;5;0.29
22.4;-1;-10.17;5;0.31
22.4;-1;-10.20;5;0.27
22.4;-1;-10.23;5;0.31
22.4;-1;-10.26;5;0.32
22.4;-1;-10.29;5;0.28
22.4;-1;-10.32;5;0.35
22.4;-1;-10.35;5;0.32
22.4;-1;-10.38;5;0.26
22.4;-1;-10.41;5;0.28
22.4;-1;-10.44;5;0.34
22.4;-1;-10.47;5;0.26
22.4;-1;-10.50;5;0.28
22.4;-1;-10.68;5;0.26
22.4;-1;-10.71;5;0.28
22.4;-1;-10.74;5;0.27
22.4;-1;-10.77;5;0.28
22.4;-1;-10.80;5;0.33
22.4;-1;-10.83;5;0.26
22.4;-1;-10.86;5;0.30
22.4;-1;-10.89;5;0.30
22.4;-1;-10.92;5;0.33
22.4;-1;-10.95;5;0.33
22.4;-1;-10.98;5;0.35
22.4;-1;-11.01;5;0.31
22.4;-1;-11.04;5;0.30
22.4;-1;-11.07;5;0.31
22.4;-1;-11.10;5;0.32
22.4;-1;-11.13;5;0.26
22.4;-1;-11.16;5;0.31
22.4;-1;-11.22;5;0.31
22.4;-1;-11.25;5;0.32
22.4;-1;-11.28;5;0.29
22.4;-1;-11.31;5;0.26
22.4;-1;-11.34;5;0.26
22.4;-1;-11.37;5;0.34
22.4;-1;-11.40;5;0.31
22.4;-1;-11.43;5;0.30
22.4;-1;-11.46;5;0.33
22.4;-1;-11.49;5;0.31
22.4;-1;-11.52;5;0.33
22.4;-1;-11.55;5;0.28
22.4;-1;-11.58;5;0.27
22.4;-1;-11.61;5;0.28
22.4;-1;-11.64;5;0.29
22.4;-1;-11.67;5;0.32
22.4;-1;-11.70;5;0.33
22.4;-1;-11.73;5;0.27
22.4;-1;-11.79;7;0.31
22.4;-1;-11.82;7;0.34
22.4;-1;-11.85;7;0.33
22.4;-1;-11.88;7;0.33
22.4;-1;-11.91;7;0.34
22.4;-1;-11.94;7;0.35
22.4;-1;-11.97;7;0.33
22.4;-1;-12.00;7;0.31
22.4;-1;-12.03;7;0.33
22.4;-1;-12.06;7;0.34
22.4;-1;-12.09;7;0.34
22.4;-1;-12.12;7;0.32
22.4;-1;-12.15;7;0.31
22.4;-1;-12.18;7;0.30
22.4;-1;-12.21;7;0.31
22.4;-1;-12.24;7;0.34
22.4;-1;-12.27;7;0.30
22.4;-1;-12.30;7;0.34
22.4;-1;-12.33;7;0.32
22.4;-1;-12.36;7;0.31
22.4;-1;-12.42;7;0.31
22.4;-1;-12.45;7;0.33
22.4;-1;-12.48;7;0.32
22.4;-1;-12.51;7;0.31
22.4;-1;-12.54;7;0.35
22.4;-1;-12.57;7;0.31
22.4;-1;-12.60;7;0.33
22.4;-1;-12.63;7;0.33
22.4;-1;-12.66;7;0.33
22.4;-1;-12.69;7;0.31
22.4;-1;-12.75;3;0.41
22.4;-1;-12.78;3;0.41
22.4;-1;-12.81;3;0.42
22.4;-1;-12.84;3;0.45
22.4;-1;-12.87;3;0.44
22.4;-1;-12.90;3;0.47
22.4;-1;-12.93;3;0.47
22.4;-1;-12.96;3;0.44
22.4;-1;-12.99;3;0.48
22.4;-1;-13.02;3;0.46
22.4;-1;-13.05;3;0.40
22.4;-1;-13.08;3;0.45
22.4;-1;-13.11;8;0.13
22.4;-1;-13.14;8;0.11
22.4;-1;-13.17;8;0.11
22.4;-1;-13.20;8;0.14
22.4;-1;-13.23;8;0.14
22.4;-1;-13.26;8;0.13
22.4;-1;-13.29;8;0.10
22.4;-1;-13.32;8;0.14
22.4;-1;-13.35;8;0.11
22.4;-1;-13.38;8;0.15
22.4;-1;-13.41;8;0.10
22.4;-1;-13.44;8;0.14
22.4;-1;-13.47;8;0.12
22.4;-1;-13.50;8;0.12
22.4;-1;-13.53;8;0.11
22.4;-1;-13.56;8;0.13
22.4;-1;-13.59;8;0.13
22.4;-1;-13.62;8;0.10
22.4;-1;-13.65;8;0.11
22.4;-1;-13.68;8;0.12
22.4;-1;-13.71;8;0.13
22.4;-1;-13.74;8;0.11
22.4;-1;-13.77;8;0.13
22.4;-1;-13.80;8;0.10
22.4;-1;-13.83;8;0.14
22.4;-1;-13.86;8;0.14
22.4;-1;-13.89;8;0.13
22.4;-1;-13.92;8;0.15
22.4;-1;-13.95;8;0.12
22.4;-1;-13.98;8;0.13
22.4;-1;-14.01;8;0.12
22.4;-1;-14.04;8;0.11
22.4;-1;-14.07;8;0.12
22.4;-1;-14.10;8;0.14
22.4;-1;-14.13;8;0.14
22.4;-1;-14.16;8;0.11
22.4;-1;-14.19;8;0.14
22.4;-1;-14.22;8;0.12
22.4;-1;-14.25;8;0.10
22.4;-1;-14.28;8;0.13
22.4;-1;-14.31;8;0.11
22.4;-1;-14.34;8;0.13
22.4;-1;-14.37;8;0.11
22.4;-1;-14.40;8;0.10
22.4;-1;-14.43;8;0.13
22.4;-1;-14.46;8;0.15
22.4;-1;-14.49;8;0.14
22.4;-1;-14.52;8;0.13
22.4;-1;-14.55;8;0.12
22.4;-1;-14.58;8;0.13
22.4;-1;-14.61;8;0.11
22.4;-1;-14.64;8;0.14
22.4;-1;-14.67;8;0.14
22.4;-1;-14.70;8;0.13
22.4;-1;-14.73;8;0.13
22.4;-1;-14.76;8;0.14
22.4;-1;-14.79;8;0.15
22.4;-1;-14.82;8;0.13
22.4;-1;-14.85;8;0.13
22.4;-1;-14.88;8;0.11
22.4;-1;-14.91;8;0.14
22.4;-1;-14.94;8;0.11
22.4;-1;-14.97;8;0.12
22.4;-1;-15.00;8;0.12
31.5;-1;-0.10;-1;0.40
31.5;-1;-0.20;-1;0.76
31.5;-1;-0.30;-1;0.70
31.5;-1;-0.40;-1;0.39
31.5;-1;-0.50;-1;0.72
31.5;-1;-0.60;-1;0.33
31.5;-1;-0.70;-1;0.37
31.5;-1;-0.80;-1;0.65
31.5;-1;-1.47;2;0.47
31.5;-1;-1.50;2;0.41
31.5;-1;-1.53;2;0.41
31.5;-1;-1.56;2;0.46
31.5;-1;-1.59;2;0.40
31.5;-1;-1.62;2;0.43
31.5;-1;-1.65;2;0.42
31.5;-1;-1.68;2;0.41
31.5;-1;-1.71;2;0.50
31.5;-1;-1.74;2;0.48
31.5;-1;-1.77;2;0.42
31.5;-1;-1.80;2;0.48
31.5;-1;-1.83;2;0.43
31.5;-1;-1.86;2;0.42
31.5;-1;-1.89;2;0.41
31.5;-1;-1.92;2;0.48
31.5;-1;-1.98;3;0.46
31.5;-1;-2.01;3;0.46
31.5;-1;-2.04;3;0.43
31.5;-1;-2.07;3;0.48
31.5;-1;-2.10;3;0.41
31.5;-1;-2.13;3;0.43
31.5;-1;-2.16;3;0.46
31.5;-1;-2.19;3;0.42
31.5;-1;-2.22;3;0.48
31.5;-1;-2.25;3;0.45
31.5;-1;-2.28;3;0.42
31.5;-1;-2.31;3;0.49
31.5;-1;-2.34;3;0.45
31.5;-1;-2.37;3;0.41
31.5;-1;-2.40;3;0.41
31.5;-1;-2.43;3;0.50
31.5;-1;-2.46;3;0.45
31.5;-1;-2.49;3;0.48
31.5;-1;-2.52;3;0.44
31.5;-1;-2.55;3;0.49
31.5;-1;-2.58;3;0.46
31.5;-1;-2.61;3;0.48
31.5;-1;-2.67;3;0.40
31.5;-1;-2.70;3;0.46
31.5;-1;-2.73;3;0.41
31.5;-1;-2.76;3;0.44
31.5;-1;-2.79;3;0.40
31.5;-1;-2.82;3;0.48
31.5;-1;-2.85;3;0.45
31.5;-1;-2.88;3;0.48
31.5;-1;-2.91;3;0.44
31.5;-1;-2.94;3;0.43
31.5;-1;-2.97;3;0.48
31.5;-1;-3.00;3;0.47
31.5;-1;-3.03;3;0.49
31.5;-1;-3.06;3;0.48
31.5;-1;-3.09;3;0.49
31.5;-1;-3.12;3;0.47
31.5;-1;-3.15;3;0.43
31.5;-1;-3.18;3;0.48
31.5;-1;-3.21;3;0.42
31.5;-1;-3.36;3;0.41
31.5;-1;-3.39;3;0.48
31.5;-1;-3.42;3;0.50
31.5;-1;-3.45;3;0.41
31.5;-1;-3.48;3;0.46
31.5;-1;-3.51;3;0.45
31.5;-1;-3.54;3;0.41
31.5;-1;-3.57;3;0.40
31.5;-1;-3.60;3;0.43
31.5;-1;-3.63;3;0.44
31.5;-1;-3.66;3;0.46
31.5;-1;-3.69;3;0.45
31.5;-1;-3.75;4;0.48
31.5;-1;-3.78;4;0.42
31.5;-1;-3.81;4;0.44
31.5;-1;-3.84;4;0.47
31.5;-1;-3.87;4;0.40
31.5;-1;-3.90;4;0.41
31.5;-1;-3.93;4;0.42
31.5;-1;-3.96;4;0.49
31.5;-1;-3.99;4;0.42
31.5;-1;-4.02;4;0.47
31.5;-1;-4.05;4;0.46
31.5;-1;-4.08;4;0.41
31.5;-1;-4.14;5;0.28
31.5;-1;-4.17;5;0.29
31.5;-1;-4.20;5;0.31
31.5;-1;-4.23;5;0.32
31.5;-1;-4.29;4;0.43
31.5;-1;-4.32;4;0.50
31.5;-1;-4.35;4;0.40
31.5;-1;-4.38;4;0.46
31.5;-1;-4.41;4;0.45
31.5;-1;-4.44;4;0.40
31.5;-1;-4.47;4;0.46
31.5;-1;-4.50;4;0.48
31.5;-1;-4.53;4;0.47
31.5;-1;-4.56;4;0.44
31.5;-1;-4.59;4;0.44
31.5;-1;-4.65;5;0.31
31.5;-1;-4.68;5;0.27
31.5;-1;-4.71;5;0.30
31.5;-1;-4.74;5;0.29
31.5;-1;-4.77;5;0.34
31.5;-1;-4.80;5;0.34
31.5;-1;-4.83;5;0.26
31.5;-1;-4.89;4;0.44
31.5;-1;-4.92;4;0.42
31.5;-1;-4.95;4;0.48
31.5;-1;-4.98;4;0.42
31.5;-1;-5.01;4;0.50
31.5;-1;-5.04;4;0.48
31.5;-1;-5.10;5;0.34
31.5;-1;-5.13;5;0.31
31.5;-1;-5.16;5;0.33
31.5;-1;-5.19;5;0.26
31.5;-1;-5.22;5;0.31
31.5;-1;-5.25;5;0.27
31.5;-1;-5.28;5;0.29
31.5;-1;-5.31;5;0.26
31.5;-1;-5.34;5;0.28
31.5;-1;-5.37;5;0.30
31.5;-1;-5.40;5;0.28
31.5;-1;-5.43;5;0.30
31.5;-1;-5.46;5;0.32
31.5;-1;-5.49;5;0.31
31.5;-1;-5.52;5;0.32
31.5;-1;-5.55;5;0.32
31.5;-1;-5.58;5;0.33
31.5;-1;-5.61;5;0.29
31.5;-1;-5.64;5;0.25
31.5;-1;-5.67;5;0.31
31.5;-1;-5.73;5;0.33
31.5;-1;-5.76;5;0.29
31.5;-1;-5.79;5;0.26
31.5;-1;-5.82;5;0.34
31.5;-1;-5.85;5;0.29
31.5;-1;-5.88;5;0.34
31.5;-1;-5.91;5;0.34
31.5;-1;-5.94;5;0.30
31.5;-1;-5.97;5;0.32
31.5;-1;-6.03;6;0.27
31.5;-1;-6.06;6;0.28
31.5;-1;-6.09;6;0.30
31.5;-1;-6.12;6;0.32
31.5;-1;-6.15;6;0.30
31.5;-1;-6.18;6;0.32
31.5;-1;-6.21;6;0.28
31.5;-1;-6.24;6;0.31
31.5;-1;-6.27;6;0.34
31.5;-1;-6.30;6;0.30
31.5;-1;-6.33;6;0.27
31.5;-1;-6.36;6;0.33
31.5;-1;-6.39;6;0.31
31.5;-1;-6.45;5;0.28
31.5;-1;-6.48;5;0.27
31.5;-1;-6.51;5;0.31
31.5;-1;-6.54;5;0.32
31.5;-1;-6.57;5;0.28
31.5;-1;-6.60;5;0.29
31.5;-1;-6.63;5;0.29
31.5;-1;-6.66;5;0.32
31.5;-1;-6.69;5;0.27
31.5;-1;-6.72;5;0.26
31.5;-1;-6.75;5;0.27
31.5;-1;-6.78;5;0.34
31.5;-1;-6.81;5;0.29
31.5;-1;-6.84;5;0.28
31.5;-1;-6.87;5;0.27
31.5;-1;-6.90;5;0.26
31.5;-1;-6.93;5;0.33
31.5;-1;-6.96;5;0.28
31.5;-1;-6.99;5;0.30
31.5;-1;-7.02;5;0.35
31.5;-1;-7.05;5;0.30
31.5;-1;-7.08;5;0.28
31.5;-1;-7.11;5;0.33
31.5;-1;-7.14;5;0.29
31.5;-1;-7.17;5;0.33
31.5;-1;-7.20;5;0.29
31.5;-1;-7.23;5;0.30
31.5;-1;-7.26;5;0.33
31.5;-1;-7.29;5;0.28
31.5;-1;-7.32;5;0.28
31.5;-1;-7.35;5;0.26
31.5;-1;-7.38;5;0.33
31.5;-1;-7.44;3;0.41
31.5;-1;-7.47;3;0.44
31.5;-1;-7.50;3;0.48
31.5;-1;-7.53;3;0.42
31.5;-1;-7.56;3;0.47
31.5;-1;-7.59;3;0.41
31.5;-1;-7.62;3;0.48
31.5;-1;-7.65;3;0.49
31.5;-1;-7.68;3;0.41
31.5;-1;-7.71;3;0.47
31.5;-1;-7.74;3;0.48
31.5;-1;-7.77;3;0.41
31.5;-1;-7.80;3;0.49
31.5;-1;-7.83;3;0.44
31.5;-1;-7.86;3;0.42
31.5;-1;-7.89;3;0.46
31.5;-1;-7.92;3;0.41
31.5;-1;-7.95;3;0.50
31.5;-1;-7.98;3;0.45
31.5;-1;-8.01;3;0.44
31.5;-1;-8.04;3;0.44
31.5;-1;-8.07;3;0.44
31.5;-1;-8.10;3;0.45
31.5;-1;-8.13;3;0.44
31.5;-1;-8.16;3;0.42
31.5;-1;-8.19;3;0.47
31.5;-1;-8.22;3;0.42
31.5;-1;-8.25;3;0.44
31.5;-1;-8.28;3;0.47
31.5;-1;-8.31;3;0.40
31.5;-1;-8.34;3;0.41
31.5;-1;-8.37;3;0.45
31.5;-1;-8.40;3;0.41
31.5;-1;-8.43;3;0.47
31.5;-1;-8.46;3;0.41
31.5;-1;-8.49;3;0.44
31.5;-1;-8.52;3;0.44
31.5;-1;-8.55;3;0.41
31.5;-1;-8.58;3;0.43
31.5;-1;-8.61;3;0.46
31.5;-1;-8.67;4;0.46
31.5;-1;-8.70;4;0.47
31.5;-1;-8.73;4;0.48
31.5;-1;-8.76;4;0.46
31.5;-1;-8.79;4;0.43
31.5;-1;-8.82;4;0.50
31.5;-1;-8.85;4;0.49
31.5;-1;-8.88;4;0.41
31.5;-1;-8.91;4;0.49
31.5;-1;-8.94;4;0.43
31.5;-1;-9.00;5;0.34
31.5;-1;-9.03;5;0.29
31.5;-1;-9.06;5;0.29
31.5;-1;-9.09;5;0.26
31.5;-1;-9.12;5;0.25
31.5;-1;-9.15;5;0.35
31.5;-1;-9.18;5;0.28
31.5;-1;-9.21;5;0.28
31.5;-1;-9.24;5;0.29
31.5;-1;-9.27;5;0.34
31.5;-1;-9.30;5;0.29
31.5;-1;-9.33;5;0.33
31.5;-1;-9.36;5;0.26
31.5;-1;-9.39;5;0.33
31.5;-1;-9.42;5;0.34
31.5;-1;-9.45;5;0.28
31.5;-1;-9.48;5;0.33
31.5;-1;-9.51;5;0.28
31.5;-1;-9.54;5;0.32
31.5;-1;-9.57;5;0.34
31.5;-1;-9.60;5;0.27
31.5;-1;-9.63;5;0.33
31.5;-1;-9.66;5;0.33
31.5;-1;-9.69;5;0.27
31.5;-1;-9.72;5;0.27
31.5;-1;-9.75;5;0.28
31.5;-1;-9.78;5;0.32
31.5;-1;-9.81;5;0.33
31.5;-1;-9.87;4;0.43
31.5;-1;-9.90;4;0.44
31.5;-1;-9.93;4;0.41
31.5;-1;-9.96;4;0.42
31.5;-1;-9.99;4;0.48
31.5;-1;-10.02;4;0.45
31.5;-1;-10.05;4;0.43
31.5;-1;-10.08;4;0.42
31.5;-1;-10.11;4;0.49
31.5;-1;-10.14;4;0.43
31.5;-1;-10.17;4;0.41
31.5;-1;-10.20;4;0.46
31.5;-1;-10.23;4;0.48
31.5;-1;-10.26;4;0.46
31.5;-1;-10.29;4;0.49
31.5;-1;-10.32;4;0.48
31.5;-1;-10.35;4;0.47
31.5;-1;-10.38;4;0.46
31.5;-1;-10.41;4;0.42
31.5;-1;-10.44;4;0.46
31.5;-1;-10.47;4;0.41
31.5;-1;-10.50;4;0.42
31.5;-1;-10.53;4;0.42
31.5;-1;-10.56;4;0.49
31.5;-1;-10.59;4;0.40
31.5;-1;-10.62;4;0.44
31.5;-1;-10.65;4;0.47
31.5;-1;-10.71;5;0.33
31.5;-1;-10.74;5;0.29
31.5;-1;-10.77;5;0.34
31.5;-1;-10.80;5;0.29
31.5;-1;-10.83;5;0.34
31.5;-1;-10.86;5;0.34
31.5;-1;-10.89;5;0.33
31.5;-1;-10.92;5;0.31
31.5;-1;-10.95;5;0.30
31.5;-1;-11.10;5;0.29
31.5;-1;-11.13;5;0.25
31.5;-1;-11.16;5;0.32
31.5;-1;-11.19;5;0.29
31.5;-1;-11.22;5;0.29
31.5;-1;-11.25;5;0.29
31.5;-1;-11.28;5;0.27
31.5;-1;-11.31;5;0.26
31.5;-1;-11.34;5;0.30
31.5;-1;-11.37;5;0.26
31.5;-1;-11.40;5;0.31
31.5;-1;-11.43;5;0.27
31.5;-1;-11.46;5;0.26
31.5;-1;-11.52;5;0.32
31.5;-1;-11.55;5;0.28
31.5;-1;-11.58;5;0.28
31.5;-1;-11.61;5;0.26
31.5;-1;-11.64;5;0.34
31.5;-1;-11.67;5;0.33
31.5;-1;-11.70;5;0.30
31.5;-1;-11.73;5;0.31
31.5;-1;-11.76;5;0.25
31.5;-1;-11.79;5;0.29
31.5;-1;-11.82;5;0.27
31.5;-1;-11.85;5;0.26
31.5;-1;-11.88;5;0.32
31.5;-1;-11.91;5;0.26
31.5;-1;-11.97;7;0.31
31.5;-1;-12.00;7;0.32
31.5;-1;-12.03;7;0.32
31.5;-1;-12.06;7;0.35
31.5;-1;-12.09;7;0.33
31.5;-1;-12.12;7;0.33
31.5;-1;-12.15;7;0.34
31.5;-1;-12.18;7;0.34
31.5;-1;-12.21;7;0.34
31.5;-1;-12.27;7;0.32
31.5;-1;-12.30;7;0.31
31.5;-1;-12.33;7;0.33
31.5;-1;-12.36;7;0.30
31.5;-1;-12.39;7;0.32
31.5;-1;-12.45;3;0.49
31.5;-1;-12.48;3;0.41
31.5;-1;-12.51;3;0.43
31.5;-1;-12.54;3;0.48
31.5;-1;-12.57;3;0.44
31.5;-1;-12.60;3;0.46
31.5;-1;-12.63;3;0.44
31.5;-1;-12.66;8;0.10
31.5;-1;-12.69;8;0.14
31.5;-1;-12.72;8;0.12
31.5;-1;-12.75;8;0.14
31.5;-1;-12.78;8;0.12
31.5;-1;-12.81;8;0.12
31.5;-1;-12.84;8;0.12
31.5;-1;-12.87;8;0.13
31.5;-1;-12.90;8;0.14
31.5;-1;-12.93;8;0.11
31.5;-1;-12.96;8;0.14
31.5;-1;-12.99;8;0.11
31.5;-1;-13.02;8;0.10
31.5;-1;-13.05;8;0.12
31.5;-1;-13.08;8;0.11
31.5;-1;-13.11;8;0.11
31.5;-1;-13.14;8;0.11
31.5;-1;-13.17;8;0.13
31.5;-1;-13.20;8;0.15
31.5;-1;-13.23;8;0.14
31.5;-1;-13.26;8;0.15
31.5;-1;-13.29;8;0.11
31.5;-1;-13.32;8;0.14
31.5;-1;-13.35;8;0.13
31.5;-1;-13.38;8;0.14
31.5;-1;-13.41;8;0.12
31.5;-1;-13.44;8;0.12
31.5;-1;-13.47;8;0.14
31.5;-1;-13.50;8;0.11
31.5;-1;-13.53;8;0.14
31.5;-1;-13.56;8;0.12
31.5;-1;-13.59;8;0.11
31.5;-1;-13.62;8;0.13
31.5;-1;-13.65;8;0.14
31.5;-1;-13.68;8;0.11
31.5;-1;-13.71;8;0.11
31.5;-1;-13.74;8;0.14
31.5;-1;-13.77;8;0.13
31.5;-1;-13.80;8;0.14
31.5;-1;-13.83;8;0.13
31.5;-1;-13.86;8;0.14
31.5;-1;-13.89;8;0.11
31.5;-1;-13.92;8;0.11
31.5;-1;-13.95;8;0.13
31.5;-1;-13.98;8;0.14
31.5;-1;-14.01;8;0.13
31.5;-1;-14.04;8;0.12
31.5;-1;-14.07;8;0.14
31.5;-1;-14.10;8;0.13
31.5;-1;-14.13;8;0.11
31.5;-1;-14.16;8;0.14
31.5;-1;-14.19;8;0.13
31.5;-1;-14.22;8;0.11
31.5;-1;-14.25;8;0.13
31.5;-1;-14.28;8;0.10
31.5;-1;-14.31;8;0.14
31.5;-1;-14.34;8;0.11
31.5;-1;-14.37;8;0.11
31.5;-1;-14.40;8;0.11
31.5;-1;-14.43;8;0.14
31.5;-1;-14.46;8;0.15
31.5;-1;-14.49;8;0.15
31.5;-1;-14.52;8;0.13
31.5;-1;-14.55;8;0.11
31.5;-1;-14.58;8;0.11
31.5;-1;-14.61;8;0.11
31.5;-1;-14.64;8;0.13
31.5;-1;-14.67;8;0.11
31.5;-1;-14.70;8;0.11
31.5;-1;-14.73;8;0.13
31.5;-1;-14.76;8;0.11
31.5;-1;-14.79;8;0.13
31.5;-1;-14.82;8;0.11
31.5;-1;-14.85;8;0.11
31.5;-1;-14.88;8;0.14
31.5;-1;-14.91;8;0.12
31.5;-1;-14.94;8;0.11
31.5;-1;-14.97;8;0.14
31.5;-1;-15.00;8;0.13
37;-1;-0.10;-1;0.36
37;-1;-0.20;-1;0.35
37;-1;-0.30;-1;0.57
37;-1;-0.40;-1;0.39
37;-1;-0.50;-1;0.47
37;-1;-0.60;-1;0.78
37;-1;-1.02;2;0.43
37;-1;-1.05;2;0.50
37;-1;-1.08;2;0.44
37;-1;-1.11;2;0.45
37;-1;-1.14;2;0.47
37;-1;-1.17;2;0.48
37;-1;-1.20;2;0.47
37;-1;-1.23;2;0.45
37;-1;-1.26;2;0.44
37;-1;-1.29;2;0.49
37;-1;-1.32;2;0.43
37;-1;-1.35;2;0.46
37;-1;-1.38;2;0.46
37;-1;-1.41;2;0.43
37;-1;-1.44;2;0.41
37;-1;-1.47;2;0.49
37;-1;-1.53;3;0.46
37;-1;-1.56;3;0.43
37;-1;-1.59;3;0.49
37;-1;-1.62;3;0.48
37;-1;-1.65;3;0.41
37;-1;-1.68;3;0.44
37;-1;-1.71;3;0.44
37;-1;-1.74;3;0.48
37;-1;-1.77;3;0.47
37;-1;-1.80;3;0.44
37;-1;-1.83;3;0.45
37;-1;-1.86;3;0.50
37;-1;-1.89;3;0.40
37;-1;-1.92;3;0.40
37;-1;-1.98;4;0.40
37;-1;-2.01;4;0.46
37;-1;-2.04;4;0.46
37;-1;-2.07;4;0.42
37;-1;-2.10;4;0.44
37;-1;-2.13;4;0.45
37;-1;-2.16;4;0.48
37;-1;-2.19;4;0.42
37;-1;-2.22;4;0.41
37;-1;-2.25;4;0.44
37;-1;-2.28;4;0.49
37;-1;-2.31;4;0.49
37;-1;-2.34;4;0.46
37;-1;-2.37;4;0.42
37;-1;-2.40;4;0.50
37;-1;-2.46;3;0.47
37;-1;-2.49;3;0.46
37;-1;-2.52;3;0.48
37;-1;-2.55;3;0.47
37;-1;-2.58;3;0.49
37;-1;-2.61;3;0.46
37;-1;-2.64;3;0.40
37;-1;-2.67;3;0.46
37;-1;-2.70;3;0.49
37;-1;-2.73;3;0.44
37;-1;-2.79;3;0.47
37;-1;-2.82;3;0.44
37;-1;-2.85;3;0.43
37;-1;-2.88;3;0.49
37;-1;-2.91;3;0.45
37;-1;-2.94;3;0.45
37;-1;-2.97;3;0.47
37;-1;-3.00;3;0.40
37;-1;-3.03;3;0.50
37;-1;-3.06;3;0.45
37;-1;-3.09;3;0.47
37;-1;-3.12;3;0.41
37;-1;-3.15;3;0.48
37;-1;-3.18;3;0.44
37;-1;-3.21;3;0.43
37;-1;-3.24;3;0.48
37;-1;-3.27;3;0.50
37;-1;-3.30;3;0.48
37;-1;-3.33;3;0.48
37;-1;-3.36;3;0.47
37;-1;-3.39;3;0.48
37;-1;-3.45;5;0.30
37;-1;-3.48;5;0.26
37;-1;-3.51;5;0.27
37;-1;-3.54;5;0.26
37;-1;-3.57;5;0.28
37;-1;-3.60;5;0.34
37;-1;-3.63;5;0.26
37;-1;-3.66;5;0.34
37;-1;-3.69;5;0.32
37;-1;-3.72;5;0.34
37;-1;-3.75;5;0.31
37;-1;-3.78;5;0.33
37;-1;-3.81;5;0.34
37;-1;-3.84;5;0.29
37;-1;-3.87;5;0.30
37;-1;-3.90;5;0.31
37;-1;-3.93;5;0.29
37;-1;-3.96;5;0.29
37;-1;-3.99;5;0.31
37;-1;-4.02;5;0.26
37;-1;-4.05;5;0.26
37;-1;-4.08;5;0.30
37;-1;-4.11;5;0.28
37;-1;-4.14;5;0.31
37;-1;-4.17;5;0.34
37;-1;-4.20;5;0.29
37;-1;-4.23;5;0.25
37;-1;-4.26;5;0.35
37;-1;-4.29;5;0.31
37;-1;-4.32;5;0.31
37;-1;-4.35;5;0.29
37;-1;-4.38;5;0.31
37;-1;-4.41;5;0.31
37;-1;-4.44;5;0.28
37;-1;-4.47;5;0.30
37;-1;-4.50;5;0.28
37;-1;-4.53;5;0.31
37;-1;-4.56;5;0.34
37;-1;-4.68;5;0.35
37;-1;-4.71;5;0.25
37;-1;-4.74;5;0.26
37;-1;-4.77;5;0.28
37;-1;-4.80;5;0.33
37;-1;-4.83;5;0.29
37;-1;-4.86;5;0.33
37;-1;-4.89;5;0.26
37;-1;-4.92;5;0.26
37;-1;-4.95;5;0.27
37;-1;-4.98;5;0.35
37;-1;-5.01;5;0.32
37;-1;-5.04;5;0.29
37;-1;-5.07;5;0.26
37;-1;-5.10;5;0.31
37;-1;-5.16;3;0.43
37;-1;-5.19;3;0.50
37;-1;-5.22;3;0.46
37;-1;-5.25;3;0.40
37;-1;-5.28;3;0.41
37;-1;-5.31;3;0.49
37;-1;-5.34;3;0.49
37;-1;-5.37;3;0.47
37;-1;-5.40;3;0.49
37;-1;-5.43;3;0.40
37;-1;-5.49;4;0.44
37;-1;-5.55;5;0.27
37;-1;-5.58;5;0.35
37;-1;-5.61;5;0.33
37;-1;-5.64;5;0.34
37;-1;-5.67;5;0.30
37;-1;-5.70;5;0.32
37;-1;-5.73;5;0.27
37;-1;-5.76;5;0.27
37;-1;-5.79;5;0.28
37;-1;-5.82;5;0.30
37;-1;-5.85;5;0.34
37;-1;-5.88;5;0.31
37;-1;-5.91;5;0.31
37;-1;-5.94;5;0.25
37;-1;-5.97;5;0.26
37;-1;-6.00;5;0.27
37;-1;-6.03;5;0.31
37;-1;-6.06;5;0.31
37;-1;-6.09;5;0.33
37;-1;-6.12;5;0.31
37;-1;-6.15;5;0.32
37;-1;-6.18;5;0.34
37;-1;-6.21;5;0.34
37;-1;-6.24;5;0.34
37;-1;-6.27;5;0.26
37;-1;-6.30;5;0.34
37;-1;-6.33;5;0.28
37;-1;-6.36;5;0.30
37;-1;-6.39;5;0.27
37;-1;-6.45;5;0.30
37;-1;-6.48;5;0.26
37;-1;-6.51;5;0.30
37;-1;-6.54;5;0.34
37;-1;-6.57;5;0.34
37;-1;-6.60;5;0.27
37;-1;-6.63;5;0.25
37;-1;-6.66;5;0.31
37;-1;-6.69;5;0.34
37;-1;-6.75;5;0.31
37;-1;-6.78;5;0.31
37;-1;-6.81;5;0.30
37;-1;-6.84;5;0.28
37;-1;-6.87;5;0.30
37;-1;-6.93;3;0.44
37;-1;-6.96;3;0.47
37;-1;-6.99;3;0.44
37;-1;-7.02;3;0.40
37;-1;-7.05;3;0.45
37;-1;-7.08;3;0.49
37;-1;-7.11;3;0.46
37;-1;-7.14;3;0.49
37;-1;-7.17;3;0.41
37;-1;-7.20;3;0.43
37;-1;-7.23;3;0.49
37;-1;-7.26;3;0.40
37;-1;-7.29;3;0.48
37;-1;-7.32;3;0.49
37;-1;-7.35;3;0.43
37;-1;-7.38;3;0.41
37;-1;-7.41;3;0.44
37;-1;-7.44;3;0.49
37;-1;-7.47;3;0.45
37;-1;-7.50;3;0.49
37;-1;-7.53;3;0.47
37;-1;-7.56;3;0.49
37;-1;-7.59;3;0.46
37;-1;-7.62;3;0.41
37;-1;-7.65;3;0.43
37;-1;-7.68;3;0.47
37;-1;-7.71;3;0.49
37;-1;-7.74;3;0.41
37;-1;-7.77;3;0.45
37;-1;-7.80;3;0.41
37;-1;-7.83;3;0.40
37;-1;-7.86;3;0.41
37;-1;-7.89;3;0.44
37;-1;-7.92;3;0.45
37;-1;-7.95;3;0.50
37;-1;-7.98;3;0.43
37;-1;-8.01;3;0.48
37;-1;-8.04;3;0.41
37;-1;-8.07;3;0.49
37;-1;-8.10;3;0.42
37;-1;-8.13;3;0.48
37;-1;-8.16;3;0.48
37;-1;-8.19;3;0.48
37;-1;-8.22;3;0.44
37;-1;-8.28;4;0.49
37;-1;-8.31;4;0.49
37;-1;-8.34;4;0.50
37;-1;-8.37;4;0.45
37;-1;-8.40;4;0.46
37;-1;-8.43;4;0.48
37;-1;-8.46;4;0.48
37;-1;-8.49;4;0.46
37;-1;-8.52;4;0.40
37;-1;-8.55;4;0.47
37;-1;-8.58;4;0.40
37;-1;-8.61;4;0.43
37;-1;-8.67;5;0.33
37;-1;-8.70;5;0.31
37;-1;-8.73;5;0.28
37;-1;-8.76;5;0.26
37;-1;-8.79;5;0.25
37;-1;-8.82;5;0.25
37;-1;-8.85;5;0.28
37;-1;-8.88;5;0.31
37;-1;-8.91;5;0.34
37;-1;-8.94;5;0.32
37;-1;-8.97;5;0.30
37;-1;-9.00;5;0.25
37;-1;-9.03;5;0.31
37;-1;-9.06;5;0.33
37;-1;-9.09;5;0.31
37;-1;-9.12;5;0.29
37;-1;-9.15;5;0.26
37;-1;-9.18;5;0.35
37;-1;-9.21;5;0.26
37;-1;-9.24;5;0.26
37;-1;-9.27;5;0.34
37;-1;-9.30;5;0.33
37;-1;-9.33;5;0.31
37;-1;-9.36;5;0.31
37;-1;-9.39;5;0.28
37;-1;-9.42;5;0.32
37;-1;-9.45;5;0.34
37;-1;-9.48;5;0.25
37;-1;-9.51;5;0.30
37;-1;-9.54;5;0.27
37;-1;-9.57;5;0.32
37;-1;-9.60;5;0.30
37;-1;-9.63;5;0.27
37;-1;-9.69;4;0.41
37;-1;-9.72;4;0.43
37;-1;-9.75;4;0.41
37;-1;-9.78;4;0.48
37;-1;-9.81;4;0.46
37;-1;-9.84;4;0.42
37;-1;-9.87;4;0.43
37;-1;-9.90;4;0.49
37;-1;-9.93;4;0.42
37;-1;-9.96;4;0.44
37;-1;-9.99;4;0.50
37;-1;-10.02;4;0.46
37;-1;-10.05;4;0.48
37;-1;-10.08;4;0.43
37;-1;-10.11;4;0.46
37;-1;-10.14;4;0.43
37;-1;-10.17;4;0.47
37;-1;-10.20;4;0.49
37;-1;-10.23;4;0.45
37;-1;-10.29;5;0.30
37;-1;-10.32;5;0.27
37;-1;-10.35;5;0.29
37;-1;-10.38;5;0.34
37;-1;-10.41;5;0.27
37;-1;-10.44;5;0.34
37;-1;-10.47;5;0.26
37;-1;-10.50;5;0.33
37;-1;-10.53;5;0.29
37;-1;-10.56;5;0.32
37;-1;-10.59;5;0.28
37;-1;-10.62;5;0.29
37;-1;-10.65;5;0.32
37;-1;-10.68;5;0.34
37;-1;-10.71;5;0.33
37;-1;-10.74;5;0.34
37;-1;-10.77;5;0.27
37;-1;-10.80;5;0.28
37;-1;-10.83;5;0.34
37;-1;-10.86;5;0.28
37;-1;-10.89;5;0.33
37;-1;-10.92;5;0.33
37;-1;-10.95;5;0.31
37;-1;-10.98;5;0.28
37;-1;-11.01;5;0.30
37;-1;-11.16;5;0.28
37;-1;-11.19;5;0.31
37;-1;-11.22;5;0.30
37;-1;-11.25;5;0.31
37;-1;-11.28;5;0.32
37;-1;-11.31;5;0.28
37;-1;-11.37;5;0.34
37;-1;-11.40;5;0.26
37;-1;-11.43;5;0.30
37;-1;-11.46;5;0.27
37;-1;-11.49;5;0.29
37;-1;-11.52;5;0.26
37;-1;-11.58;7;0.31
37;-1;-11.61;7;0.34
37;-1;-11.64;7;0.34
37;-1;-11.67;7;0.34
37;-1;-11.70;7;0.33
37;-1;-11.73;7;0.32
37;-1;-11.76;7;0.33
37;-1;-11.79;7;0.30
37;-1;-11.85;7;0.31
37;-1;-11.88;7;0.31
37;-1;-11.91;7;0.31
37;-1;-11.94;7;0.33
37;-1;-11.97;7;0.31
37;-1;-12.15;7;0.30
37;-1;-12.18;7;0.34
37;-1;-12.21;7;0.30
37;-1;-12.24;7;0.31
37;-1;-12.27;7;0.34
37;-1;-12.33;3;0.50
37;-1;-12.36;3;0.41
37;-1;-12.39;3;0.44
37;-1;-12.42;3;0.46
37;-1;-12.45;3;0.42
37;-1;-12.48;8;0.14
37;-1;-12.51;8;0.14
37;-1;-12.54;8;0.13
37;-1;-12.57;8;0.14
37;-1;-12.60;8;0.11
37;-1;-12.63;8;0.14
37;-1;-12.66;8;0.10
37;-1;-12.69;8;0.13
37;-1;-12.72;8;0.13
37;-1;-12.75;8;0.11
37;-1;-12.78;8;0.12
37;-1;-12.81;8;0.12
37;-1;-12.84;8;0.10
37;-1;-12.87;8;0.13
37;-1;-12.90;8;0.10
37;-1;-12.93;8;0.15
37;-1;-12.96;8;0.15
37;-1;-12.99;8;0.13
37;-1;-13.02;8;0.11
37;-1;-13.05;8;0.12
37;-1;-13.08;8;0.13
37;-1;-13.11;8;0.11
37;-1;-13.14;8;0.11
37;-1;-13.17;8;0.11
37;-1;-13.20;8;0.12
37;-1;-13.23;8;0.10
37;-1;-13.26;8;0.13
37;-1;-13.29;8;0.13
37;-1;-13.32;8;0.13
37;-1;-13.35;8;0.10
37;-1;-13.38;8;0.10
37;-1;-13.41;8;0.10
37;-1;-13.44;8;0.13
37;-1;-13.47;8;0.11
37;-1;-13.50;8;0.14
37;-1;-13.53;8;0.12
37;-1;-13.56;8;0.11
37;-1;-13.59;8;0.13
37;-1;-13.62;8;0.14
37;-1;-13.65;8;0.10
37;-1;-13.68;8;0.11
37;-1;-13.71;8;0.14
37;-1;-13.74;8;0.14
37;-1;-13.77;8;0.10
37;-1;-13.80;8;0.15
37;-1;-13.83;8;0.12
37;-1;-13.86;8;0.14
37;-1;-13.89;8;0.15
37;-1;-13.92;8;0.10
37;-1;-13.95;8;0.14
37;-1;-13.98;8;0.13
37;-1;-14.01;8;0.11
37;-1;-14.04;8;0.11
37;-1;-14.07;8;0.12
37;-1;-14.10;8;0.13
37;-1;-14.13;8;0.12
37;-1;-14.16;8;0.12
37;-1;-14.19;8;0.11
37;-1;-14.22;8;0.14
37;-1;-14.25;8;0.11
37;-1;-14.28;8;0.12
37;-1;-14.31;8;0.15
37;-1;-14.34;8;0.14
37;-1;-14.37;8;0.10
37;-1;-14.40;8;0.11
37;-1;-14.43;8;0.14
37;-1;-14.46;8;0.13
37;-1;-14.49;8;0.12
37;-1;-14.52;8;0.14
37;-1;-14.55;8;0.12
37;-1;-14.58;8;0.10
37;-1;-14.61;8;0.15
37;-1;-14.64;8;0.10
37;-1;-14.67;8;0.13
37;-1;-14.70;8;0.14
37;-1;-14.73;8;0.11
37;-1;-14.76;8;0.14
37;-1;-14.79;8;0.15
37;-1;-14.82;8;0.12
37;-1;-14.85;8;0.14
37;-1;-14.88;8;0.14
37;-1;-14.91;8;0.13
37;-1;-14.94;8;0.13
37;-1;-14.97;8;0.14
37;-1;-15.00;8;0.12
46.9;-1;-0.10;-1;0.48
46.9;-1;-0.20;-1;0.70
46.9;-1;-0.30;-1;0.68
46.9;-1;-0.63;2;0.46
46.9;-1;-0.66;2;0.45
46.9;-1;-0.69;2;0.48
46.9;-1;-0.72;2;0.44
46.9;-1;-0.75;2;0.46
46.9;-1;-0.78;2;0.48
46.9;-1;-0.81;2;0.49
46.9;-1;-0.84;2;0.45
46.9;-1;-0.87;2;0.46
46.9;-1;-0.90;2;0.49
46.9;-1;-0.96;2;0.46
46.9;-1;-0.99;2;0.43
46.9;-1;-1.02;2;0.43
46.9;-1;-1.05;2;0.40
46.9;-1;-1.08;2;0.47
46.9;-1;-1.11;2;0.47
46.9;-1;-1.14;2;0.41
46.9;-1;-1.17;2;0.48
46.9;-1;-1.20;2;0.44
46.9;-1;-1.23;2;0.42
46.9;-1;-1.26;2;0.45
46.9;-1;-1.29;2;0.45
46.9;-1;-1.32;2;0.46
46.9;-1;-1.35;2;0.40
46.9;-1;-1.38;2;0.46
46.9;-1;-1.41;2;0.42
46.9;-1;-1.44;2;0.48
46.9;-1;-1.47;2;0.45
46.9;-1;-1.50;2;0.42
46.9;-1;-1.53;2;0.42
46.9;-1;-1.56;2;0.43
46.9;-1;-1.59;2;0.40
46.9;-1;-1.62;2;0.46
46.9;-1;-1.65;2;0.47
46.9;-1;-1.68;2;0.41
46.9;-1;-1.71;2;0.49
46.9;-1;-1.74;2;0.50
46.9;-1;-1.77;2;0.50
46.9;-1;-1.80;2;0.42
46.9;-1;-1.86;3;0.44
46.9;-1;-1.89;3;0.40
46.9;-1;-1.92;3;0.47
46.9;-1;-1.95;3;0.47
46.9;-1;-1.98;3;0.47
46.9;-1;-2.01;3;0.43
46.9;-1;-2.04;3;0.43
46.9;-1;-2.07;3;0.48
46.9;-1;-2.10;3;0.42
46.9;-1;-2.13;3;0.48
46.9;-1;-2.16;3;0.50
46.9;-1;-2.19;3;0.40
46.9;-1;-2.22;3;0.47
46.9;-1;-2.28;4;0.45
46.9;-1;-2.31;4;0.48
46.9;-1;-2.34;4;0.44
46.9;-1;-2.37;4;0.49
46.9;-1;-2.40;4;0.48
46.9;-1;-2.43;4;0.46
46.9;-1;-2.49;5;0.30
46.9;-1;-2.52;5;0.29
46.9;-1;-2.55;5;0.35
46.9;-1;-2.58;5;0.34
46.9;-1;-2.61;5;0.30
46.9;-1;-2.64;5;0.27
46.9;-1;-2.67;5;0.31
46.9;-1;-2.70;5;0.27
46.9;-1;-2.73;5;0.28
46.9;-1;-2.76;5;0.34
46.9;-1;-2.79;5;0.35
46.9;-1;-2.82;5;0.35
46.9;-1;-2.85;5;0.29
46.9;-1;-2.88;5;0.33
46.9;-1;-2.91;5;0.26
46.9;-1;-2.94;5;0.27
46.9;-1;-2.97;5;0.29
46.9;-1;-3.00;5;0.28
46.9;-1;-3.03;5;0.29
46.9;-1;-3.06;5;0.28
46.9;-1;-3.09;5;0.33
46.9;-1;-3.15;5;0.34
46.9;-1;-3.18;5;0.25
46.9;-1;-3.21;5;0.31
46.9;-1;-3.24;5;0.29
46.9;-1;-3.27;5;0.27
46.9;-1;-3.30;5;0.35
46.9;-1;-3.33;5;0.30
46.9;-1;-3.36;5;0.28
46.9;-1;-3.39;5;0.34
46.9;-1;-3.42;5;0.28
46.9;-1;-3.45;5;0.34
46.9;-1;-3.48;5;0.34
46.9;-1;-3.51;5;0.28
46.9;-1;-3.54;5;0.34
46.9;-1;-3.57;5;0.34
46.9;-1;-3.60;5;0.34
46.9;-1;-3.63;5;0.26
46.9;-1;-3.66;5;0.30
46.9;-1;-3.69;5;0.32
46.9;-1;-3.75;5;0.27
46.9;-1;-3.78;5;0.30
46.9;-1;-3.81;5;0.33
46.9;-1;-3.84;5;0.25
46.9;-1;-3.87;5;0.28
46.9;-1;-3.90;5;0.32
46.9;-1;-3.93;5;0.33
46.9;-1;-3.96;5;0.32
46.9;-1;-3.99;5;0.32
46.9;-1;-4.02;5;0.25
46.9;-1;-4.05;5;0.29
46.9;-1;-4.08;5;0.26
46.9;-1;-4.23;5;0.32
46.9;-1;-4.26;5;0.27
46.9;-1;-4.29;5;0.33
46.9;-1;-4.32;5;0.26
46.9;-1;-4.35;5;0.32
46.9;-1;-4.38;5;0.31
46.9;-1;-4.41;5;0.33
46.9;-1;-4.44;5;0.26
46.9;-1;-4.47;5;0.34
46.9;-1;-4.50;5;0.26
46.9;-1;-4.53;5;0.29
46.9;-1;-4.56;5;0.29
46.9;-1;-4.59;5;0.26
46.9;-1;-4.62;5;0.31
46.9;-1;-4.65;5;0.32
46.9;-1;-4.68;5;0.31
46.9;-1;-4.71;5;0.35
46.9;-1;-4.74;5;0.30
46.9;-1;-4.77;5;0.28
46.9;-1;-4.83;4;0.50
46.9;-1;-4.86;4;0.44
46.9;-1;-4.89;4;0.49
46.9;-1;-4.92;4;0.43
46.9;-1;-4.95;4;0.47
46.9;-1;-4.98;4;0.43
46.9;-1;-5.01;4;0.46
46.9;-1;-5.04;4;0.46
46.9;-1;-5.07;4;0.43
46.9;-1;-5.13;5;0.33
46.9;-1;-5.16;5;0.30
46.9;-1;-5.19;5;0.34
46.9;-1;-5.22;5;0.34
46.9;-1;-5.25;5;0.27
46.9;-1;-5.28;5;0.29
46.9;-1;-5.31;5;0.25
46.9;-1;-5.34;5;0.33
46.9;-1;-5.37;5;0.30
46.9;-1;-5.43;4;0.42
46.9;-1;-5.46;4;0.48
46.9;-1;-5.49;4;0.46
46.9;-1;-5.52;4;0.47
46.9;-1;-5.55;4;0.46
46.9;-1;-5.58;4;0.45
46.9;-1;-5.64;5;0.25
46.9;-1;-5.67;5;0.25
46.9;-1;-5.70;5;0.35
46.9;-1;-5.73;5;0.29
46.9;-1;-5.76;5;0.25
46.9;-1;-5.79;5;0.32
46.9;-1;-5.82;5;0.27
46.9;-1;-5.85;5;0.35
46.9;-1;-5.88;5;0.31
46.9;-1;-5.91;5;0.29
46.9;-1;-5.94;5;0.35
46.9;-1;-5.97;5;0.31
46.9;-1;-6.00;5;0.28
46.9;-1;-6.03;5;0.32
46.9;-1;-6.06;5;0.32
46.9;-1;-6.09;5;0.33
46.9;-1;-6.12;5;0.35
46.9;-1;-6.15;5;0.25
46.9;-1;-6.18;5;0.31
46.9;-1;-6.21;5;0.34
46.9;-1;-6.24;5;0.33
46.9;-1;-6.27;5;0.27
46.9;-1;-6.30;5;0.26
46.9;-1;-6.33;5;0.26
46.9;-1;-6.36;5;0.29
46.9;-1;-6.39;5;0.26
46.9;-1;-6.42;5;0.25
46.9;-1;-6.45;5;0.33
46.9;-1;-6.48;5;0.33
46.9;-1;-6.51;5;0.27
46.9;-1;-6.57;3;0.47
46.9;-1;-6.60;3;0.47
46.9;-1;-6.63;3;0.42
46.9;-1;-6.66;3;0.42
46.9;-1;-6.69;3;0.41
46.9;-1;-6.72;3;0.44
46.9;-1;-6.75;3;0.42
46.9;-1;-6.78;3;0.40
46.9;-1;-6.81;3;0.47
46.9;-1;-6.84;3;0.46
46.9;-1;-6.87;3;0.42
46.9;-1;-6.90;3;0.45
46.9;-1;-6.93;3;0.46
46.9;-1;-6.96;3;0.45
46.9;-1;-6.99;3;0.43
46.9;-1;-7.02;3;0.47
46.9;-1;-7.05;3;0.47
46.9;-1;-7.08;3;0.43
46.9;-1;-7.11;3;0.45
46.9;-1;-7.14;3;0.45
46.9;-1;-7.17;3;0.43
46.9;-1;-7.20;3;0.44
46.9;-1;-7.26;4;0.40
46.9;-1;-7.29;4;0.48
46.9;-1;-7.32;4;0.41
46.9;-1;-7.35;4;0.48
46.9;-1;-7.38;4;0.49
46.9;-1;-7.41;4;0.43
46.9;-1;-7.44;4;0.45
46.9;-1;-7.47;4;0.50
46.9;-1;-7.50;4;0.50
46.9;-1;-7.53;4;0.40
46.9;-1;-7.56;4;0.49
46.9;-1;-7.59;4;0.45
46.9;-1;-7.62;4;0.48
46.9;-1;-7.65;4;0.42
46.9;-1;-7.68;4;0.41
46.9;-1;-7.71;4;0.47
46.9;-1;-7.74;4;0.45
46.9;-1;-7.77;4;0.44
46.9;-1;-7.80;4;0.44
46.9;-1;-7.83;4;0.45
46.9;-1;-7.86;4;0.47
46.9;-1;-7.89;4;0.49
46.9;-1;-7.92;4;0.42
46.9;-1;-7.95;4;0.41
46.9;-1;-7.98;4;0.47
46.9;-1;-8.01;4;0.41
46.9;-1;-8.04;4;0.41
46.9;-1;-8.07;4;0.47
46.9;-1;-8.13;3;0.43
46.9;-1;-8.16;3;0.46
46.9;-1;-8.19;3;0.46
46.9;-1;-8.22;3;0.45
46.9;-1;-8.25;3;0.42
46.9;-1;-8.28;3;0.48
46.9;-1;-8.31;3;0.43
46.9;-1;-8.34;3;0.43
46.9;-1;-8.37;3;0.41
46.9;-1;-8.40;3;0.43
46.9;-1;-8.43;3;0.42
46.9;-1;-8.46;3;0.42
46.9;-1;-8.49;3;0.41
46.9;-1;-8.52;3;0.40
46.9;-1;-8.55;3;0.50
46.9;-1;-8.58;3;0.42
46.9;-1;-8.64;5;0.28
46.9;-1;-8.67;5;0.31
46.9;-1;-8.70;5;0.32
46.9;-1;-8.73;5;0.33
46.9;-1;-8.76;5;0.34
46.9;-1;-8.79;5;0.27
46.9;-1;-8.82;5;0.31
46.9;-1;-8.85;5;0.35
46.9;-1;-8.88;5;0.31
46.9;-1;-8.91;5;0.32
46.9;-1;-8.94;5;0.34
46.9;-1;-8.97;5;0.25
46.9;-1;-9.00;5;0.29
46.9;-1;-9.03;5;0.26
46.9;-1;-9.06;5;0.30
46.9;-1;-9.09;5;0.26
46.9;-1;-9.12;5;0.34
46.9;-1;-9.15;5;0.29
46.9;-1;-9.18;5;0.27
46.9;-1;-9.21;5;0.26
46.9;-1;-9.24;5;0.33
46.9;-1;-9.27;5;0.27
46.9;-1;-9.30;5;0.30
46.9;-1;-9.33;5;0.35
46.9;-1;-9.36;5;0.33
46.9;-1;-9.39;5;0.25
46.9;-1;-9.42;5;0.33
46.9;-1;-9.45;5;0.26
46.9;-1;-9.48;5;0.26
46.9;-1;-9.51;5;0.31
46.9;-1;-9.54;5;0.25
46.9;-1;-9.57;5;0.30
46.9;-1;-9.60;5;0.30
46.9;-1;-9.63;5;0.33
46.9;-1;-9.66;5;0.33
46.9;-1;-9.69;5;0.35
46.9;-1;-9.72;5;0.27
46.9;-1;-9.75;5;0.28
46.9;-1;-9.78;5;0.28
46.9;-1;-9.81;5;0.31
46.9;-1;-9.84;5;0.32
46.9;-1;-9.87;5;0.30
46.9;-1;-9.90;5;0.33
46.9;-1;-9.93;5;0.26
46.9;-1;-9.96;5;0.30
46.9;-1;-9.99;5;0.28
46.9;-1;-10.02;5;0.27
46.9;-1;-10.08;4;0.49
46.9;-1;-10.11;4;0.41
46.9;-1;-10.17;5;0.33
46.9;-1;-10.20;5;0.35
46.9;-1;-10.23;5;0.26
46.9;-1;-10.26;5;0.28
46.9;-1;-10.29;5;0.28
46.9;-1;-10.32;5;0.32
46.9;-1;-10.35;5;0.29
46.9;-1;-10.38;5;0.26
46.9;-1;-10.41;5;0.33
46.9;-1;-10.44;5;0.27
46.9;-1;-10.47;5;0.31
46.9;-1;-10.50;5;0.31
46.9;-1;-10.53;5;0.32
46.9;-1;-10.56;5;0.35
46.9;-1;-10.59;5;0.32
46.9;-1;-10.62;5;0.27
46.9;-1;-10.65;5;0.31
46.9;-1;-10.68;5;0.31
46.9;-1;-10.71;5;0.34
46.9;-1;-10.74;5;0.29
46.9;-1;-10.77;5;0.34
46.9;-1;-10.80;5;0.29
46.9;-1;-10.86;5;0.25
46.9;-1;-10.89;5;0.34
46.9;-1;-10.92;5;0.32
46.9;-1;-10.95;5;0.26
46.9;-1;-10.98;5;0.28
46.9;-1;-11.01;5;0.30
46.9;-1;-11.04;5;0.28
46.9;-1;-11.07;5;0.31
46.9;-1;-11.13;5;0.28
46.9;-1;-11.16;5;0.27
46.9;-1;-11.19;5;0.26
46.9;-1;-11.22;5;0.26
46.9;-1;-11.25;5;0.25
46.9;-1;-11.28;5;0.33
46.9;-1;-11.43;5;0.27
46.9;-1;-11.46;5;0.26
46.9;-1;-11.49;5;0.30
46.9;-1;-11.52;5;0.32
46.9;-1;-11.55;5;0.26
46.9;-1;-11.61;7;0.33
46.9;-1;-11.64;7;0.30
46.9;-1;-11.67;7;0.33
46.9;-1;-11.70;7;0.30
46.9;-1;-11.73;7;0.35
46.9;-1;-11.76;7;0.30
46.9;-1;-11.79;7;0.31
46.9;-1;-11.82;7;0.33
46.9;-1;-11.85;7;0.34
46.9;-1;-11.88;7;0.32
46.9;-1;-11.91;7;0.33
46.9;-1;-11.94;7;0.31
46.9;-1;-11.97;7;0.32
46.9;-1;-12.00;7;0.31
46.9;-1;-12.03;7;0.31
46.9;-1;-12.06;7;0.35
46.9;-1;-12.09;7;0.32
46.9;-1;-12.12;7;0.31
46.9;-1;-12.15;7;0.30
46.9;-1;-12.21;7;0.31
46.9;-1;-12.24;7;0.33
46.9;-1;-12.27;7;0.34
46.9;-1;-12.30;7;0.35
46.9;-1;-12.33;7;0.31
46.9;-1;-12.36;7;0.33
46.9;-1;-12.39;7;0.31
46.9;-1;-12.42;7;0.31
46.9;-1;-12.45;7;0.30
46.9;-1;-12.48;7;0.32
46.9;-1;-12.51;7;0.35
46.9;-1;-12.54;7;0.31
46.9;-1;-12.57;7;0.32
46.9;-1;-12.63;3;0.45
46.9;-1;-12.66;3;0.46
46.9;-1;-12.69;3;0.41
46.9;-1;-12.72;3;0.49
46.9;-1;-12.75;3;0.41
46.9;-1;-12.78;3;0.42
46.9;-1;-12.81;3;0.50
46.9;-1;-12.84;3;0.44
46.9;-1;-12.87;3;0.42
46.9;-1;-12.90;3;0.45
46.9;-1;-12.93;3;0.44
46.9;-1;-12.96;8;0.11
46.9;-1;-12.99;8;0.11
46.9;-1;-13.02;8;0.14
46.9;-1;-13.05;8;0.12
46.9;-1;-13.08;8;0.13
46.9;-1;-13.11;8;0.11
46.9;-1;-13.14;8;0.11
46.9;-1;-13.17;8;0.11
46.9;-1;-13.20;8;0.14
46.9;-1;-13.23;8;0.14
46.9;-1;-13.26;8;0.10
46.9;-1;-13.29;8;0.13
46.9;-1;-13.32;8;0.14
46.9;-1;-13.35;8;0.11
46.9;-1;-13.38;8;0.15
46.9;-1;-13.41;8;0.12
46.9;-1;-13.44;8;0.12
46.9;-1;-13.47;8;0.12
46.9;-1;-13.50;8;0.11
46.9;-1;-13.53;8;0.11
46.9;-1;-13.56;8;0.11
46.9;-1;-13.59;8;0.14
46.9;-1;-13.62;8;0.10
46.9;-1;-13.65;8;0.11
46.9;-1;-13.68;8;0.11
46.9;-1;-13.71;8;0.14
46.9;-1;-13.74;8;0.12
46.9;-1;-13.77;8;0.10
46.9;-1;-13.80;8;0.13
46.9;-1;-13.83;8;0.14
46.9;-1;-13.86;8;0.11
46.9;-1;-13.89;8;0.11
46.9;-1;-13.92;8;0.12
46.9;-1;-13.95;8;0.13
46.9;-1;-13.98;8;0.12
46.9;-1;-14.01;8;0.13
46.9;-1;-14.04;8;0.11
46.9;-1;-14.07;8;0.11
46.9;-1;-14.10;8;0.12
46.9;-1;-14.13;8;0.11
46.9;-1;-14.16;8;0.13
46.9;-1;-14.19;8;0.11
46.9;-1;-14.22;8;0.11
46.9;-1;-14.25;8;0.11
46.9;-1;-14.28;8;0.10
46.9;-1;-14.31;8;0.10
46.9;-1;-14.34;8;0.12
46.9;-1;-14.37;8;0.14
46.9;-1;-14.40;8;0.14
46.9;-1;-14.43;8;0.12
46.9;-1;-14.46;8;0.12
46.9;-1;-14.49;8;0.14
46.9;-1;-14.52;8;0.13
46.9;-1;-14.55;8;0.12
46.9;-1;-14.58;8;0.14
46.9;-1;-14.61;8;0.12
46.9;-1;-14.64;8;0.15
46.9;-1;-14.67;8;0.10
46.9;-1;-14.70;8;0.10
46.9;-1;-14.73;8;0.14
46.9;-1;-14.76;8;0.13
46.9;-1;-14.79;8;0.14
46.9;-1;-14.82;8;0.14
46.9;-1;-14.85;8;0.11
46.9;-1;-14.88;8;0.14
46.9;-1;-14.91;8;0.12
46.9;-1;-14.94;8;0.14
46.9;-1;-14.97;8;0.15
46.9;-1;-15.00;8;0.11
50;-1;-0.20;-1;0.77
50;-1;-0.40;-1;0.59
50;-1;-0.50;-1;0.73
50;-1;-0.81;2;0.48
50;-1;-0.84;2;0.42
50;-1;-0.87;2;0.50
50;-1;-0.90;2;0.42
50;-1;-0.93;2;0.44
50;-1;-0.96;2;0.47
50;-1;-0.99;2;0.49
50;-1;-1.02;2;0.41
50;-1;-1.05;2;0.42
50;-1;-1.11;2;0.41
50;-1;-1.14;2;0.41
50;-1;-1.17;2;0.41
50;-1;-1.20;2;0.49
50;-1;-1.23;2;0.41
50;-1;-1.26;2;0.47
50;-1;-1.29;2;0.48
50;-1;-1.32;2;0.42
50;-1;-1.35;2;0.47
50;-1;-1.38;2;0.43
50;-1;-1.41;2;0.46
50;-1;-1.44;2;0.41
50;-1;-1.47;2;0.44
50;-1;-1.50;2;0.49
50;-1;-1.53;2;0.44
50;-1;-1.56;2;0.42
50;-1;-1.59;2;0.42
50;-1;-1.62;2;0.40
50;-1;-1.65;2;0.50
50;-1;-1.68;2;0.42
50;-1;-1.71;2;0.46
50;-1;-1.74;2;0.41
50;-1;-1.77;2;0.49
50;-1;-1.80;2;0.49
50;-1;-1.86;3;0.42
50;-1;-1.89;3;0.46
50;-1;-1.92;3;0.49
50;-1;-1.95;3;0.45
50;-1;-1.98;3;0.41
50;-1;-2.01;3;0.41
50;-1;-2.04;3;0.48
50;-1;-2.07;3;0.41
50;-1;-2.10;3;0.43
50;-1;-2.13;3;0.47
50;-1;-2.16;3;0.48
50;-1;-2.19;3;0.42
50;-1;-2.22;3;0.41
50;-1;-2.28;4;0.47
50;-1;-2.31;4;0.43
50;-1;-2.34;4;0.47
50;-1;-2.37;4;0.48
50;-1;-2.40;4;0.46
50;-1;-2.43;4;0.45
50;-1;-2.46;4;0.41
50;-1;-2.49;4;0.42
50;-1;-2.52;4;0.47
50;-1;-2.58;5;0.32
50;-1;-2.61;5;0.30
50;-1;-2.64;5;0.30
50;-1;-2.67;5;0.26
50;-1;-2.70;5;0.27
50;-1;-2.73;5;0.25
50;-1;-2.76;5;0.30
50;-1;-2.79;5;0.33
50;-1;-2.82;5;0.25
50;-1;-2.85;5;0.29
50;-1;-2.88;5;0.31
50;-1;-2.91;5;0.33
50;-1;-2.94;5;0.29
50;-1;-2.97;5;0.26
50;-1;-3.00;5;0.32
50;-1;-3.03;5;0.28
50;-1;-3.09;5;0.26
50;-1;-3.12;5;0.34
50;-1;-3.15;5;0.29
50;-1;-3.18;5;0.34
50;-1;-3.21;5;0.28
50;-1;-3.24;5;0.32
50;-1;-3.27;5;0.32
50;-1;-3.30;5;0.31
50;-1;-3.33;5;0.33
50;-1;-3.36;5;0.32
50;-1;-3.39;5;0.29
50;-1;-3.42;5;0.26
50;-1;-3.45;5;0.32
50;-1;-3.48;5;0.26
50;-1;-3.51;5;0.26
50;-1;-3.54;5;0.27
50;-1;-3.57;5;0.30
50;-1;-3.60;5;0.25
50;-1;-3.63;5;0.33
50;-1;-3.69;4;0.40
50;-1;-3.72;4;0.40
50;-1;-3.75;4;0.47
50;-1;-3.78;4;0.44
50;-1;-3.81;4;0.41
50;-1;-3.84;4;0.42
50;-1;-3.87;4;0.44
50;-1;-3.90;4;0.40
50;-1;-3.93;4;0.48
50;-1;-3.96;4;0.42
50;-1;-3.99;4;0.40
50;-1;-4.02;4;0.41
50;-1;-4.05;4;0.41
50;-1;-4.08;4;0.47
50;-1;-4.11;4;0.44
50;-1;-4.14;4;0.46
50;-1;-4.17;4;0.48
50;-1;-4.20;4;0.50
50;-1;-4.23;4;0.49
50;-1;-4.26;4;0.47
50;-1;-4.32;5;0.32
50;-1;-4.35;5;0.29
50;-1;-4.38;5;0.26
50;-1;-4.41;5;0.30
50;-1;-4.44;5;0.28
50;-1;-4.47;5;0.29
50;-1;-4.50;5;0.28
50;-1;-4.53;5;0.31
50;-1;-4.56;5;0.34
50;-1;-4.59;5;0.27
50;-1;-4.65;4;0.48
50;-1;-4.68;4;0.45
50;-1;-4.71;4;0.41
50;-1;-4.74;4;0.48
50;-1;-4.77;4;0.44
50;-1;-4.80;4;0.42
50;-1;-4.83;4;0.48
50;-1;-4.86;4;0.46
50;-1;-4.89;4;0.44
50;-1;-4.92;4;0.45
50;-1;-4.95;4;0.45
50;-1;-4.98;4;0.48
50;-1;-5.01;4;0.47
50;-1;-5.04;4;0.43
50;-1;-5.10;5;0.34
50;-1;-5.13;5;0.34
50;-1;-5.16;5;0.30
50;-1;-5.19;5;0.28
50;-1;-5.22;5;0.33
50;-1;-5.25;5;0.25
50;-1;-5.28;5;0.30
50;-1;-5.31;5;0.29
50;-1;-5.34;5;0.31
50;-1;-5.37;5;0.27
50;-1;-5.40;5;0.26
50;-1;-5.43;5;0.25
50;-1;-5.46;5;0.31
50;-1;-5.49;5;0.25
50;-1;-5.52;5;0.29
50;-1;-5.55;5;0.31
50;-1;-5.58;5;0.27
50;-1;-5.61;5;0.31
50;-1;-5.64;5;0.32
50;-1;-5.67;5;0.32
50;-1;-5.70;5;0.28
50;-1;-5.73;5;0.28
50;-1;-5.76;5;0.27
50;-1;-5.79;5;0.29
50;-1;-5.82;5;0.34
50;-1;-5.85;5;0.32
50;-1;-5.88;5;0.33
50;-1;-5.91;5;0.33
50;-1;-5.94;5;0.26
50;-1;-5.97;5;0.32
50;-1;-6.00;5;0.28
50;-1;-6.03;5;0.34
50;-1;-6.06;5;0.27
50;-1;-6.09;5;0.29
50;-1;-6.12;5;0.29
50;-1;-6.15;5;0.35
50;-1;-6.18;5;0.26
50;-1;-6.21;5;0.27
50;-1;-6.24;5;0.31
50;-1;-6.27;5;0.29
50;-1;-6.30;5;0.27
50;-1;-6.33;5;0.25
50;-1;-6.36;5;0.35
50;-1;-6.39;5;0.32
50;-1;-6.42;5;0.35
50;-1;-6.45;5;0.33
50;-1;-6.51;3;0.50
50;-1;-6.54;3;0.49
50;-1;-6.57;3;0.49
50;-1;-6.60;3;0.45
50;-1;-6.63;3;0.40
50;-1;-6.66;3;0.50
50;-1;-6.69;3;0.45
50;-1;-6.72;3;0.44
50;-1;-6.75;3;0.40
50;-1;-6.78;3;0.40
50;-1;-6.81;3;0.41
50;-1;-6.84;3;0.45
50;-1;-6.87;3;0.50
50;-1;-6.90;3;0.43
50;-1;-6.93;3;0.47
50;-1;-6.96;3;0.47
50;-1;-6.99;3;0.50
50;-1;-7.02;3;0.48
50;-1;-7.05;3;0.40
50;-1;-7.08;3;0.47
50;-1;-7.11;3;0.45
50;-1;-7.14;3;0.48
50;-1;-7.17;3;0.45
50;-1;-7.20;3;0.44
50;-1;-7.23;3;0.44
50;-1;-7.26;3;0.46
50;-1;-7.32;4;0.47
50;-1;-7.35;4;0.49
50;-1;-7.38;4;0.47
50;-1;-7.41;4;0.44
50;-1;-7.44;4;0.50
50;-1;-7.47;4;0.42
50;-1;-7.50;4;0.44
50;-1;-7.53;4;0.41
50;-1;-7.56;4;0.44
50;-1;-7.59;4;0.43
50;-1;-7.62;4;0.41
50;-1;-7.65;4;0.44
50;-1;-7.68;4;0.43
50;-1;-7.71;4;0.44
50;-1;-7.74;4;0.48
50;-1;-7.77;4;0.44
50;-1;-7.80;4;0.47
50;-1;-7.83;4;0.47
50;-1;-7.86;4;0.46
50;-1;-7.89;4;0.46
50;-1;-7.92;4;0.49
50;-1;-7.95;4;0.42
50;-1;-7.98;4;0.46
50;-1;-8.01;4;0.45
50;-1;-8.04;4;0.47
50;-1;-8.07;4;0.41
50;-1;-8.10;4;0.46
50;-1;-8.13;4;0.46
50;-1;-8.16;4;0.43
50;-1;-8.19;4;0.48
50;-1;-8.22;4;0.47
50;-1;-8.25;4;0.43
50;-1;-8.28;4;0.49
50;-1;-8.31;4;0.47
50;-1;-8.34;4;0.45
50;-1;-8.40;3;0.45
50;-1;-8.43;3;0.47
50;-1;-8.46;3;0.49
50;-1;-8.49;3;0.42
50;-1;-8.52;3;0.49
50;-1;-8.55;3;0.46
50;-1;-8.58;3;0.45
50;-1;-8.61;3;0.48
50;-1;-8.64;3;0.40
50;-1;-8.67;3;0.46
50;-1;-8.70;3;0.40
50;-1;-8.73;3;0.47
50;-1;-8.76;3;0.44
50;-1;-8.79;3;0.48
50;-1;-8.82;3;0.46
50;-1;-8.85;3;0.43
50;-1;-8.88;3;0.45
50;-1;-8.94;5;0.26
50;-1;-8.97;5;0.32
50;-1;-9.00;5;0.26
50;-1;-9.03;5;0.28
50;-1;-9.06;5;0.28
50;-1;-9.09;5;0.32
50;-1;-9.12;5;0.27
50;-1;-9.15;5;0.29
50;-1;-9.18;5;0.29
50;-1;-9.21;5;0.27
50;-1;-9.24;5;0.27
50;-1;-9.27;5;0.28
50;-1;-9.30;5;0.26
50;-1;-9.33;5;0.26
50;-1;-9.36;5;0.31
50;-1;-9.39;5;0.26
50;-1;-9.42;5;0.32
50;-1;-9.45;5;0.31
50;-1;-9.48;5;0.27
50;-1;-9.51;5;0.34
50;-1;-9.54;5;0.30
50;-1;-9.57;5;0.30
50;-1;-9.60;5;0.31
50;-1;-9.63;5;0.26
50;-1;-9.66;5;0.31
50;-1;-9.69;5;0.29
50;-1;-9.72;5;0.30
50;-1;-9.75;5;0.30
50;-1;-9.78;5;0.26
50;-1;-9.81;5;0.34
50;-1;-9.84;5;0.30
50;-1;-9.87;5;0.27
50;-1;-9.90;5;0.30
50;-1;-9.96;4;0.48
50;-1;-9.99;4;0.49
50;-1;-10.02;4;0.40
50;-1;-10.05;4;0.42
50;-1;-10.08;4;0.45
50;-1;-10.11;4;0.46
50;-1;-10.14;4;0.40
50;-1;-10.17;4;0.43
50;-1;-10.23;5;0.33
50;-1;-10.26;5;0.34
50;-1;-10.29;5;0.26
50;-1;-10.32;5;0.34
50;-1;-10.35;5;0.27
50;-1;-10.38;5;0.27
50;-1;-10.41;5;0.35
50;-1;-10.44;5;0.27
50;-1;-10.47;5;0.26
50;-1;-10.50;5;0.25
50;-1;-10.53;5;0.28
50;-1;-10.56;5;0.30
50;-1;-10.59;5;0.34
50;-1;-10.62;5;0.29
50;-1;-10.65;5;0.29
50;-1;-10.68;5;0.32
50;-1;-10.71;5;0.32
50;-1;-10.74;5;0.32
50;-1;-10.77;5;0.30
50;-1;-10.80;5;0.34
50;-1;-10.83;5;0.29
50;-1;-10.86;5;0.33
50;-1;-10.89;5;0.26
50;-1;-10.92;5;0.32
50;-1;-10.95;5;0.30
50;-1;-10.98;5;0.34
50;-1;-11.01;5;0.31
50;-1;-11.04;5;0.29
50;-1;-11.07;5;0.32
50;-1;-11.10;5;0.31
50;-1;-11.16;5;0.33
50;-1;-11.19;5;0.27
50;-1;-11.22;5;0.35
50;-1;-11.25;5;0.31
50;-1;-11.28;5;0.33
50;-1;-11.31;5;0.28
50;-1;-11.34;5;0.34
50;-1;-11.37;5;0.31
50;-1;-11.40;5;0.34
50;-1;-11.43;5;0.26
50;-1;-11.46;5;0.33
50;-1;-11.49;5;0.30
50;-1;-11.52;5;0.28
50;-1;-11.58;7;0.30
50;-1;-11.61;7;0.35
50;-1;-11.64;7;0.30
50;-1;-11.67;7;0.35
50;-1;-11.70;7;0.31
50;-1;-11.73;7;0.33
50;-1;-11.76;7;0.32
50;-1;-11.79;7;0.34
50;-1;-11.82;7;0.34
50;-1;-11.85;7;0.33
50;-1;-11.88;7;0.34
50;-1;-11.91;7;0.31
50;-1;-11.94;7;0.34
50;-1;-11.97;7;0.32
50;-1;-12.00;7;0.35
50;-1;-12.03;7;0.34
50;-1;-12.09;7;0.33
50;-1;-12.12;7;0.30
50;-1;-12.15;7;0.31
50;-1;-12.18;7;0.31
50;-1;-12.21;7;0.34
50;-1;-12.24;7;0.31
50;-1;-12.27;7;0.30
50;-1;-12.30;7;0.34
50;-1;-12.33;7;0.34
50;-1;-12.36;7;0.33
50;-1;-12.39;7;0.32
50;-1;-12.42;7;0.31
50;-1;-12.45;7;0.32
50;-1;-12.48;7;0.32
50;-1;-12.51;7;0.32
50;-1;-12.57;3;0.47
50;-1;-12.60;3;0.46
50;-1;-12.63;3;0.41
50;-1;-12.66;3;0.49
50;-1;-12.69;3;0.46
50;-1;-12.72;3;0.47
50;-1;-12.75;3;0.46
50;-1;-12.78;3;0.42
50;-1;-12.81;3;0.49
50;-1;-12.84;3;0.44
50;-1;-12.87;3;0.40
50;-1;-12.90;3;0.49
50;-1;-12.93;3;0.48
50;-1;-12.96;3;0.42
50;-1;-12.99;3;0.43
50;-1;-13.02;8;0.10
50;-1;-13.05;8;0.10
50;-1;-13.08;8;0.14
50;-1;-13.11;8;0.11
50;-1;-13.14;8;0.11
50;-1;-13.17;8;0.12
50;-1;-13.20;8;0.13
50;-1;-13.23;8;0.12
50;-1;-13.26;8;0.14
50;-1;-13.29;8;0.11
50;-1;-13.32;8;0.15
50;-1;-13.35;8;0.15
50;-1;-13.38;8;0.11
50;-1;-13.41;8;0.15
50;-1;-13.44;8;0.13
50;-1;-13.47;8;0.11
50;-1;-13.50;8;0.14
50;-1;-13.53;8;0.12
50;-1;-13.56;8;0.12
50;-1;-13.59;8;0.13
50;-1;-13.62;8;0.15
50;-1;-13.65;8;0.14
50;-1;-13.68;8;0.15
50;-1;-13.71;8;0.13
50;-1;-13.74;8;0.14
50;-1;-13.77;8;0.11
50;-1;-13.80;8;0.12
50;-1;-13.83;8;0.13
50;-1;-13.86;8;0.10
50;-1;-13.89;8;0.10
50;-1;-13.92;8;0.12
50;-1;-13.95;8;0.14
50;-1;-13.98;8;0.14
50;-1;-14.01;8;0.11
50;-1;-14.04;8;0.13
50;-1;-14.07;8;0.11
50;-1;-14.10;8;0.11
50;-1;-14.13;8;0.11
50;-1;-14.16;8;0.10
50;-1;-14.19;8;0.11
50;-1;-14.22;8;0.11
50;-1;-14.25;8;0.10
50;-1;-14.28;8;0.15
50;-1;-14.31;8;0.14
50;-1;-14.34;8;0.10
50;-1;-14.37;8;0.10
50;-1;-14.40;8;0.15
50;-1;-14.43;8;0.13
50;-1;-14.46;8;0.12
50;-1;-14.49;8;0.11
50;-1;-14.52;8;0.12
50;-1;-14.55;8;0.11
50;-1;-14.58;8;0.13
50;-1;-14.61;8;0.12
50;-1;-14.64;8;0.13
50;-1;-14.67;8;0.11
50;-1;-14.70;8;0.15
50;-1;-14.73;8;0.13
50;-1;-14.76;8;0.11
50;-1;-14.79;8;0.14
50;-1;-14.82;8;0.13
50;-1;-14.85;8;0.11
50;-1;-14.88;8;0.13
50;-1;-14.91;8;0.15
50;-1;-14.94;8;0.11
50;-1;-14.97;8;0.11
50;-1;-15.00;8;0.10
62.9;-1;-0.10;-1;0.56
62.9;-1;-0.20;-1;0.30
62.9;-1;-0.30;-1;0.35
62.9;-1;-0.40;-1;0.59
62.9;-1;-0.50;-1;0.47
62.9;-1;-0.60;-1;0.48
62.9;-1;-0.70;-1;0.37
62.9;-1;-0.80;-1;0.56
62.9;-1;-1.35;2;0.44
62.9;-1;-1.38;2;0.46
62.9;-1;-1.41;2;0.48
62.9;-1;-1.44;2;0.44
62.9;-1;-1.47;2;0.50
62.9;-1;-1.50;2;0.49
62.9;-1;-1.53;2;0.42
62.9;-1;-1.59;3;0.49
62.9;-1;-1.62;3;0.44
62.9;-1;-1.65;3;0.45
62.9;-1;-1.68;3;0.42
62.9;-1;-1.71;3;0.43
62.9;-1;-1.74;3;0.44
62.9;-1;-1.77;3;0.42
62.9;-1;-1.80;3;0.43
62.9;-1;-1.83;3;0.41
62.9;-1;-1.86;3;0.49
62.9;-1;-1.89;3;0.49
62.9;-1;-1.92;3;0.40
62.9;-1;-1.95;3;0.45
62.9;-1;-1.98;3;0.43
62.9;-1;-2.04;4;0.49
62.9;-1;-2.07;4;0.49
62.9;-1;-2.10;4;0.45
62.9;-1;-2.13;4;0.48
62.9;-1;-2.16;4;0.46
62.9;-1;-2.19;4;0.45
62.9;-1;-2.22;4;0.43
62.9;-1;-2.25;4;0.47
62.9;-1;-2.28;4;0.50
62.9;-1;-2.31;4;0.43
62.9;-1;-2.37;5;0.25
62.9;-1;-2.40;5;0.34
62.9;-1;-2.43;5;0.33
62.9;-1;-2.46;5;0.27
62.9;-1;-2.49;5;0.29
62.9;-1;-2.52;5;0.29
62.9;-1;-2.55;5;0.28
62.9;-1;-2.58;5;0.27
62.9;-1;-2.61;5;0.32
62.9;-1;-2.64;5;0.27
62.9;-1;-2.67;5;0.33
62.9;-1;-2.70;5;0.31
62.9;-1;-2.73;5;0.26
62.9;-1;-2.76;5;0.28
62.9;-1;-2.79;5;0.31
62.9;-1;-2.82;5;0.35
62.9;-1;-2.85;5;0.31
62.9;-1;-2.88;5;0.35
62.9;-1;-2.91;5;0.28
62.9;-1;-2.97;4;0.42
62.9;-1;-3.00;4;0.50
62.9;-1;-3.03;4;0.49
62.9;-1;-3.06;4;0.45
62.9;-1;-3.09;4;0.45
62.9;-1;-3.12;4;0.43
62.9;-1;-3.15;4;0.49
62.9;-1;-3.18;4;0.49
62.9;-1;-3.21;4;0.50
62.9;-1;-3.24;4;0.50
62.9;-1;-3.27;4;0.47
62.9;-1;-3.30;4;0.42
62.9;-1;-3.33;4;0.43
62.9;-1;-3.36;4;0.44
62.9;-1;-3.39;4;0.43
62.9;-1;-3.42;4;0.40
62.9;-1;-3.45;4;0.46
62.9;-1;-3.48;4;0.42
62.9;-1;-3.51;4;0.46
62.9;-1;-3.54;4;0.48
62.9;-1;-3.57;4;0.44
62.9;-1;-3.60;4;0.46
62.9;-1;-3.63;4;0.46
62.9;-1;-3.66;4;0.48
62.9;-1;-3.69;4;0.46
62.9;-1;-3.72;4;0.45
62.9;-1;-3.75;4;0.47
62.9;-1;-3.78;4;0.41
62.9;-1;-3.81;4;0.47
62.9;-1;-3.84;4;0.44
62.9;-1;-3.87;4;0.45
62.9;-1;-3.90;4;0.45
62.9;-1;-3.93;4;0.47
62.9;-1;-3.96;4;0.42
62.9;-1;-3.99;4;0.42
62.9;-1;-4.02;4;0.49
62.9;-1;-4.05;4;0.44
62.9;-1;-4.08;4;0.42
62.9;-1;-4.11;4;0.40
62.9;-1;-4.14;4;0.43
62.9;-1;-4.17;4;0.48
62.9;-1;-4.20;4;0.46
62.9;-1;-4.26;5;0.27
62.9;-1;-4.29;5;0.35
62.9;-1;-4.32;5;0.31
62.9;-1;-4.35;5;0.31
62.9;-1;-4.38;5;0.25
62.9;-1;-4.41;5;0.33
62.9;-1;-4.44;5;0.32
62.9;-1;-4.47;5;0.28
62.9;-1;-4.50;5;0.33
62.9;-1;-4.53;5;0.35
62.9;-1;-4.56;5;0.32
62.9;-1;-4.59;5;0.32
62.9;-1;-4.62;5;0.31
62.9;-1;-4.65;5;0.29
62.9;-1;-4.68;5;0.33
62.9;-1;-4.71;5;0.33
62.9;-1;-4.74;5;0.30
62.9;-1;-4.77;5;0.31
62.9;-1;-4.83;4;0.41
62.9;-1;-4.86;4;0.42
62.9;-1;-4.89;4;0.44
62.9;-1;-4.92;4;0.45
62.9;-1;-4.95;4;0.43
62.9;-1;-5.01;5;0.25
62.9;-1;-5.04;5;0.35
62.9;-1;-5.07;5;0.26
62.9;-1;-5.10;5;0.34
62.9;-1;-5.13;5;0.32
62.9;-1;-5.16;5;0.33
62.9;-1;-5.19;5;0.31
62.9;-1;-5.22;5;0.32
62.9;-1;-5.25;5;0.27
62.9;-1;-5.28;5;0.29
62.9;-1;-5.31;5;0.30
62.9;-1;-5.34;5;0.27
62.9;-1;-5.37;5;0.29
62.9;-1;-5.40;5;0.29
62.9;-1;-5.43;5;0.29
62.9;-1;-5.46;5;0.27
62.9;-1;-5.49;5;0.33
62.9;-1;-5.52;5;0.32
62.9;-1;-5.55;5;0.35
62.9;-1;-5.58;5;0.27
62.9;-1;-5.61;5;0.26
62.9;-1;-5.64;5;0.25
62.9;-1;-5.67;5;0.27
62.9;-1;-5.70;5;0.34
62.9;-1;-5.73;5;0.30
62.9;-1;-5.76;5;0.34
62.9;-1;-5.79;5;0.27
62.9;-1;-5.82;5;0.31
62.9;-1;-5.85;5;0.30
62.9;-1;-5.88;5;0.32
62.9;-1;-5.91;5;0.33
62.9;-1;-5.94;5;0.30
62.9;-1;-5.97;5;0.34
62.9;-1;-6.00;5;0.31
62.9;-1;-6.03;5;0.32
62.9;-1;-6.06;5;0.29
62.9;-1;-6.09;5;0.32
62.9;-1;-6.12;5;0.32
62.9;-1;-6.15;5;0.29
62.9;-1;-6.18;5;0.32
62.9;-1;-6.21;5;0.25
62.9;-1;-6.24;5;0.32
62.9;-1;-6.27;5;0.34
62.9;-1;-6.30;5;0.35
62.9;-1;-6.33;5;0.32
62.9;-1;-6.36;5;0.34
62.9;-1;-6.39;5;0.28
62.9;-1;-6.42;5;0.34
62.9;-1;-6.45;5;0.30
62.9;-1;-6.48;5;0.30
62.9;-1;-6.51;5;0.34
62.9;-1;-6.54;5;0.35
62.9;-1;-6.57;5;0.32
62.9;-1;-6.60;5;0.32
62.9;-1;-6.75;5;0.29
62.9;-1;-6.78;5;0.32
62.9;-1;-6.81;5;0.30
62.9;-1;-6.84;5;0.27
62.9;-1;-6.87;5;0.33
62.9;-1;-6.90;5;0.30
62.9;-1;-6.93;5;0.33
62.9;-1;-6.96;5;0.32
62.9;-1;-6.99;5;0.29
62.9;-1;-7.02;5;0.29
62.9;-1;-7.05;5;0.25
62.9;-1;-7.11;3;0.49
62.9;-1;-7.14;3;0.47
62.9;-1;-7.17;3;0.47
62.9;-1;-7.20;3;0.40
62.9;-1;-7.23;3;0.49
62.9;-1;-7.29;4;0.45
62.9;-1;-7.32;4;0.47
62.9;-1;-7.35;4;0.48
62.9;-1;-7.38;4;0.46
62.9;-1;-7.44;5;0.32
62.9;-1;-7.47;5;0.27
62.9;-1;-7.50;5;0.33
62.9;-1;-7.53;5;0.31
62.9;-1;-7.56;5;0.31
62.9;-1;-7.59;5;0.26
62.9;-1;-7.62;5;0.26
62.9;-1;-7.65;5;0.32
62.9;-1;-7.68;5;0.32
62.9;-1;-7.71;5;0.30
62.9;-1;-7.74;5;0.34
62.9;-1;-7.77;5;0.32
62.9;-1;-7.80;5;0.28
62.9;-1;-7.83;5;0.29
62.9;-1;-7.89;3;0.46
62.9;-1;-7.92;3;0.44
62.9;-1;-7.95;3;0.41
62.9;-1;-7.98;3;0.49
62.9;-1;-8.01;3;0.46
62.9;-1;-8.04;3;0.44
62.9;-1;-8.07;3;0.44
62.9;-1;-8.10;3;0.48
62.9;-1;-8.13;3;0.42
62.9;-1;-8.16;3;0.44
62.9;-1;-8.19;3;0.42
62.9;-1;-8.22;3;0.43
62.9;-1;-8.25;3;0.46
62.9;-1;-8.28;3;0.44
62.9;-1;-8.31;3;0.50
62.9;-1;-8.34;3;0.48
62.9;-1;-8.37;3;0.42
62.9;-1;-8.40;3;0.41
62.9;-1;-8.43;3;0.47
62.9;-1;-8.46;3;0.47
62.9;-1;-8.49;3;0.46
62.9;-1;-8.52;3;0.41
62.9;-1;-8.55;3;0.48
62.9;-1;-8.58;3;0.50
62.9;-1;-8.61;3;0.47
62.9;-1;-8.64;3;0.49
62.9;-1;-8.67;3;0.50
62.9;-1;-8.70;3;0.49
62.9;-1;-8.73;3;0.42
62.9;-1;-8.76;3;0.43
62.9;-1;-8.79;3;0.42
62.9;-1;-8.82;3;0.42
62.9;-1;-8.85;3;0.40
62.9;-1;-8.88;3;0.49
62.9;-1;-8.91;3;0.43
62.9;-1;-8.94;3;0.49
62.9;-1;-8.97;3;0.46
62.9;-1;-9.00;3;0.46
62.9;-1;-9.06;5;0.33
62.9;-1;-9.09;5;0.34
62.9;-1;-9.12;5;0.32
62.9;-1;-9.15;5;0.33
62.9;-1;-9.18;5;0.28
62.9;-1;-9.21;5;0.29
62.9;-1;-9.27;4;0.43
62.9;-1;-9.30;4;0.48
62.9;-1;-9.33;4;0.48
62.9;-1;-9.36;4;0.48
62.9;-1;-9.39;4;0.41
62.9;-1;-9.42;4;0.43
62.9;-1;-9.45;4;0.47
62.9;-1;-9.48;4;0.46
62.9;-1;-9.51;4;0.44
62.9;-1;-9.54;4;0.46
62.9;-1;-9.57;4;0.44
62.9;-1;-9.60;4;0.46
62.9;-1;-9.63;4;0.44
62.9;-1;-9.69;5;0.27
62.9;-1;-9.72;5;0.25
62.9;-1;-9.75;5;0.27
62.9;-1;-9.78;5;0.30
62.9;-1;-9.81;5;0.25
62.9;-1;-9.84;5;0.28
62.9;-1;-9.87;5;0.26
62.9;-1;-9.90;5;0.34
62.9;-1;-9.93;5;0.29
62.9;-1;-9.96;5;0.31
62.9;-1;-10.02;4;0.43
62.9;-1;-10.05;4;0.45
62.9;-1;-10.08;4;0.47
62.9;-1;-10.11;4;0.45
62.9;-1;-10.14;4;0.49
62.9;-1;-10.20;5;0.33
62.9;-1;-10.23;5;0.29
62.9;-1;-10.29;5;0.28
62.9;-1;-10.32;5;0.33
62.9;-1;-10.35;5;0.34
62.9;-1;-10.38;5;0.26
62.9;-1;-10.41;5;0.29
62.9;-1;-10.44;5;0.31
62.9;-1;-10.47;5;0.27
62.9;-1;-10.50;5;0.26
62.9;-1;-10.53;5;0.29
62.9;-1;-10.59;5;0.25
62.9;-1;-10.62;5;0.34
62.9;-1;-10.65;5;0.29
62.9;-1;-10.68;5;0.32
62.9;-1;-10.71;5;0.26
62.9;-1;-10.74;5;0.28
62.9;-1;-10.77;5;0.25
62.9;-1;-10.80;5;0.29
62.9;-1;-10.86;7;0.31
62.9;-1;-10.89;7;0.34
62.9;-1;-10.92;7;0.34
62.9;-1;-10.95;7;0.33
62.9;-1;-10.98;7;0.31
62.9;-1;-11.01;7;0.33
62.9;-1;-11.04;7;0.32
62.9;-1;-11.07;7;0.31
62.9;-1;-11.10;7;0.31
62.9;-1;-11.13;7;0.31
62.9;-1;-11.16;7;0.33
62.9;-1;-11.19;7;0.32
62.9;-1;-11.22;7;0.32
62.9;-1;-11.25;7;0.34
62.9;-1;-11.28;7;0.30
62.9;-1;-11.34;7;0.30
62.9;-1;-11.37;7;0.31
62.9;-1;-11.40;7;0.30
62.9;-1;-11.43;7;0.33
62.9;-1;-11.46;7;0.30
62.9;-1;-11.49;7;0.32
62.9;-1;-11.52;7;0.35
62.9;-1;-11.55;7;0.33
62.9;-1;-11.58;7;0.31
62.9;-1;-11.61;7;0.31
62.9;-1;-11.64;7;0.35
62.9;-1;-11.67;7;0.30
62.9;-1;-11.70;7;0.33
62.9;-1;-11.73;7;0.33
62.9;-1;-11.76;7;0.32
62.9;-1;-11.79;7;0.33
62.9;-1;-11.82;7;0.30
62.9;-1;-11.85;7;0.32
62.9;-1;-11.88;7;0.33
62.9;-1;-11.91;7;0.32
62.9;-1;-11.94;7;0.32
62.9;-1;-11.97;7;0.32
62.9;-1;-12.00;7;0.31
62.9;-1;-12.03;7;0.32
62.9;-1;-12.06;7;0.31
62.9;-1;-12.09;7;0.32
62.9;-1;-12.12;7;0.34
62.9;-1;-12.15;7;0.33
62.9;-1;-12.18;7;0.30
62.9;-1;-12.21;7;0.35
62.9;-1;-12.24;7;0.32
62.9;-1;-12.27;7;0.34
62.9;-1;-12.30;7;0.34
62.9;-1;-12.33;7;0.34
62.9;-1;-12.36;7;0.34
62.9;-1;-12.39;7;0.32
62.9;-1;-12.42;7;0.32
62.9;-1;-12.45;7;0.30
62.9;-1;-12.48;7;0.32
62.9;-1;-12.51;7;0.32
62.9;-1;-12.57;3;0.48
62.9;-1;-12.60;3;0.46
62.9;-1;-12.63;3;0.50
62.9;-1;-12.66;3;0.41
62.9;-1;-12.69;3;0.43
62.9;-1;-12.72;3;0.41
62.9;-1;-12.75;3;0.46
62.9;-1;-12.78;3;0.43
62.9;-1;-12.81;3;0.42
62.9;-1;-12.84;3;0.45
62.9;-1;-12.87;3;0.44
62.9;-1;-12.90;3;0.49
62.9;-1;-12.93;3;0.48
62.9;-1;-12.96;3;0.49
62.9;-1;-12.99;3;0.42
62.9;-1;-13.02;3;0.46
62.9;-1;-13.05;3;0.48
62.9;-1;-13.08;8;0.11
62.9;-1;-13.11;8;0.11
62.9;-1;-13.14;8;0.13
62.9;-1;-13.17;8;0.11
62.9;-1;-13.20;8;0.12
62.9;-1;-13.23;8;0.13
62.9;-1;-13.26;8;0.14
62.9;-1;-13.29;8;0.13
62.9;-1;-13.32;8;0.12
62.9;-1;-13.35;8;0.13
62.9;-1;-13.38;8;0.13
62.9;-1;-13.41;8;0.11
62.9;-1;-13.44;8;0.13
62.9;-1;-13.47;8;0.11
62.9;-1;-13.50;8;0.11
62.9;-1;-13.53;8;0.12
62.9;-1;-13.56;8;0.11
62.9;-1;-13.59;8;0.11
62.9;-1;-13.62;8;0.14
62.9;-1;-13.65;8;0.12
62.9;-1;-13.68;8;0.13
62.9;-1;-13.71;8;0.11
62.9;-1;-13.74;8;0.14
62.9;-1;-13.77;8;0.15
62.9;-1;-13.80;8;0.12
62.9;-1;-13.83;8;0.14
62.9;-1;-13.86;8;0.10
62.9;-1;-13.89;8;0.12
62.9;-1;-13.92;8;0.10
62.9;-1;-13.95;8;0.15
62.9;-1;-13.98;8;0.15
62.9;-1;-14.01;8;0.12
62.9;-1;-14.04;8;0.14
62.9;-1;-14.07;8;0.15
62.9;-1;-14.10;8;0.14
62.9;-1;-14.13;8;0.13
62.9;-1;-14.16;8;0.14
62.9;-1;-14.19;8;0.13
62.9;-1;-14.22;8;0.11
62.9;-1;-14.25;8;0.15
62.9;-1;-14.28;8;0.11
62.9;-1;-14.31;8;0.15
62.9;-1;-14.34;8;0.15
62.9;-1;-14.37;8;0.14
62.9;-1;-14.40;8;0.12
62.9;-1;-14.43;8;0.12
62.9;-1;-14.46;8;0.11
62.9;-1;-14.49;8;0.11
62.9;-1;-14.52;8;0.14
62.9;-1;-14.55;8;0.10
62.9;-1;-14.58;8;0.13
62.9;-1;-14.61;8;0.14
62.9;-1;-14.64;8;0.14
62.9;-1;-14.67;8;0.14
62.9;-1;-14.70;8;0.10
62.9;-1;-14.73;8;0.12
62.9;-1;-14.76;8;0.15
62.9;-1;-14.79;8;0.10
62.9;-1;-14.82;8;0.14
62.9;-1;-14.85;8;0.13
62.9;-1;-14.88;8;0.14
62.9;-1;-14.91;8;0.14
62.9;-1;-14.94;8;0.12
62.9;-1;-14.97;8;0.13
62.9;-1;-15.00;8;0.14
72.9;-1;-0.10;-1;0.47
72.9;-1;-0.25;-1;0.54
72.9;-1;-0.40;-1;0.51
72.9;-1;-0.55;-1;0.70
72.9;-1;-0.70;-1;0.55
72.9;-1;-0.85;-1;0.73
72.9;-1;-1.00;-1;0.34
72.9;-1;-1.15;-1;0.65
72.9;-1;-1.30;-1;0.43
72.9;-1;-1.45;-1;0.70
72.9;-1;-2.13;5;0.32
72.9;-1;-2.16;5;0.32
72.9;-1;-2.19;5;0.25
72.9;-1;-2.22;5;0.34
72.9;-1;-2.25;5;0.33
72.9;-1;-2.28;5;0.31
72.9;-1;-2.31;5;0.34
72.9;-1;-2.34;5;0.27
72.9;-1;-2.37;5;0.25
72.9;-1;-2.40;5;0.29
72.9;-1;-2.43;5;0.35
72.9;-1;-2.46;5;0.25
72.9;-1;-2.49;5;0.31
72.9;-1;-2.52;5;0.27
72.9;-1;-2.55;5;0.34
72.9;-1;-2.58;5;0.31
72.9;-1;-2.61;5;0.31
72.9;-1;-2.64;5;0.31
72.9;-1;-2.67;5;0.28
72.9;-1;-2.70;5;0.30
72.9;-1;-2.73;5;0.29
72.9;-1;-2.76;5;0.26
72.9;-1;-2.79;5;0.34
72.9;-1;-2.82;5;0.34
72.9;-1;-2.85;5;0.31
72.9;-1;-2.88;5;0.34
72.9;-1;-2.94;2;0.48
72.9;-1;-2.97;2;0.43
72.9;-1;-3.00;2;0.48
72.9;-1;-3.03;2;0.42
72.9;-1;-3.06;2;0.49
72.9;-1;-3.09;2;0.47
72.9;-1;-3.12;2;0.45
72.9;-1;-3.15;2;0.41
72.9;-1;-3.18;2;0.49
72.9;-1;-3.24;3;0.49
72.9;-1;-3.27;3;0.43
72.9;-1;-3.30;3;0.47
72.9;-1;-3.33;3;0.42
72.9;-1;-3.36;3;0.46
72.9;-1;-3.39;3;0.50
72.9;-1;-3.42;3;0.43
72.9;-1;-3.45;3;0.48
72.9;-1;-3.48;3;0.41
72.9;-1;-3.51;3;0.41
72.9;-1;-3.54;3;0.48
72.9;-1;-3.57;3;0.44
72.9;-1;-3.60;3;0.46
72.9;-1;-3.63;3;0.43
72.9;-1;-3.66;3;0.43
72.9;-1;-3.69;3;0.48
72.9;-1;-3.72;3;0.43
72.9;-1;-3.75;3;0.41
72.9;-1;-3.84;5;0.26
72.9;-1;-3.87;5;0.34
72.9;-1;-3.90;5;0.31
72.9;-1;-3.93;5;0.29
72.9;-1;-3.96;5;0.27
72.9;-1;-3.99;5;0.32
72.9;-1;-4.02;5;0.32
72.9;-1;-4.05;5;0.28
72.9;-1;-4.08;5;0.30
72.9;-1;-4.11;5;0.26
72.9;-1;-4.14;5;0.30
72.9;-1;-4.17;5;0.28
72.9;-1;-4.20;5;0.29
72.9;-1;-4.23;5;0.35
72.9;-1;-4.26;5;0.28
72.9;-1;-4.29;5;0.26
72.9;-1;-4.32;5;0.27
72.9;-1;-4.35;5;0.29
72.9;-1;-4.38;5;0.33
72.9;-1;-4.41;5;0.30
72.9;-1;-4.44;5;0.31
72.9;-1;-4.47;5;0.26
72.9;-1;-4.50;5;0.32
72.9;-1;-4.53;5;0.29
72.9;-1;-4.56;5;0.35
72.9;-1;-4.59;5;0.31
72.9;-1;-4.62;5;0.26
72.9;-1;-4.65;5;0.32
72.9;-1;-4.68;5;0.29
72.9;-1;-4.71;5;0.27
72.9;-1;-4.74;5;0.29
72.9;-1;-4.77;5;0.31
72.9;-1;-4.80;5;0.29
72.9;-1;-4.83;5;0.32
72.9;-1;-4.86;5;0.33
72.9;-1;-4.89;5;0.34
72.9;-1;-4.92;5;0.34
72.9;-1;-4.95;5;0.35
72.9;-1;-4.98;5;0.32
72.9;-1;-5.01;5;0.27
72.9;-1;-5.04;5;0.28
72.9;-1;-5.07;5;0.33
72.9;-1;-5.10;5;0.30
72.9;-1;-5.13;5;0.26
72.9;-1;-5.16;5;0.26
72.9;-1;-5.19;5;0.27
72.9;-1;-5.22;5;0.27
72.9;-1;-5.25;5;0.32
72.9;-1;-5.28;5;0.32
72.9;-1;-5.31;5;0.27
72.9;-1;-5.34;5;0.25
72.9;-1;-5.37;5;0.30
72.9;-1;-5.40;5;0.33
72.9;-1;-5.43;5;0.33
72.9;-1;-5.46;5;0.34
72.9;-1;-5.49;5;0.29
72.9;-1;-5.52;5;0.34
72.9;-1;-5.55;5;0.34
72.9;-1;-5.58;5;0.35
72.9;-1;-5.61;5;0.34
72.9;-1;-5.64;5;0.27
72.9;-1;-5.67;5;0.32
72.9;-1;-5.70;5;0.32
72.9;-1;-5.73;5;0.26
72.9;-1;-5.76;5;0.35
72.9;-1;-5.79;5;0.27
72.9;-1;-5.82;5;0.30
72.9;-1;-5.85;5;0.30
72.9;-1;-5.88;5;0.32
72.9;-1;-5.91;5;0.34
72.9;-1;-5.94;5;0.28
72.9;-1;-5.97;5;0.28
72.9;-1;-6.00;5;0.26
72.9;-1;-6.03;5;0.26
72.9;-1;-6.06;5;0.32
72.9;-1;-6.09;5;0.34
72.9;-1;-6.12;5;0.26
72.9;-1;-6.15;5;0.27
72.9;-1;-6.18;5;0.30
72.9;-1;-6.21;5;0.26
72.9;-1;-6.24;5;0.32
72.9;-1;-6.27;5;0.32
72.9;-1;-6.33;4;0.49
72.9;-1;-6.36;4;0.47
72.9;-1;-6.39;4;0.49
72.9;-1;-6.42;4;0.40
72.9;-1;-6.45;4;0.41
72.9;-1;-6.48;4;0.46
72.9;-1;-6.51;4;0.45
72.9;-1;-6.54;4;0.47
72.9;-1;-6.57;4;0.49
72.9;-1;-6.60;4;0.43
72.9;-1;-6.63;4;0.47
72.9;-1;-6.66;4;0.43
72.9;-1;-6.69;4;0.41
72.9;-1;-6.72;4;0.47
72.9;-1;-6.75;4;0.45
72.9;-1;-6.78;4;0.44
72.9;-1;-6.81;4;0.42
72.9;-1;-6.84;4;0.50
72.9;-1;-6.87;4;0.41
72.9;-1;-6.90;4;0.47
72.9;-1;-6.96;5;0.31
72.9;-1;-6.99;5;0.33
72.9;-1;-7.02;5;0.28
72.9;-1;-7.05;5;0.31
72.9;-1;-7.08;5;0.34
72.9;-1;-7.11;5;0.26
72.9;-1;-7.14;5;0.34
72.9;-1;-7.17;5;0.32
72.9;-1;-7.20;5;0.29
72.9;-1;-7.23;5;0.29
72.9;-1;-7.26;5;0.25
72.9;-1;-7.29;5;0.26
72.9;-1;-7.32;5;0.25
72.9;-1;-7.35;5;0.30
72.9;-1;-7.38;5;0.28
72.9;-1;-7.41;5;0.31
72.9;-1;-7.44;5;0.26
72.9;-1;-7.47;5;0.28
72.9;-1;-7.50;5;0.34
72.9;-1;-7.53;5;0.28
72.9;-1;-7.56;5;0.27
72.9;-1;-7.59;5;0.33
72.9;-1;-7.62;5;0.31
72.9;-1;-7.65;5;0.34
72.9;-1;-7.68;5;0.25
72.9;-1;-7.71;5;0.29
72.9;-1;-7.74;5;0.31
72.9;-1;-7.77;5;0.34
72.9;-1;-7.80;5;0.32
72.9;-1;-7.83;5;0.34
72.9;-1;-7.86;5;0.26
72.9;-1;-7.89;5;0.28
72.9;-1;-7.92;5;0.29
72.9;-1;-7.95;5;0.32
72.9;-1;-7.98;5;0.32
72.9;-1;-8.01;5;0.30
72.9;-1;-8.04;5;0.31
72.9;-1;-8.07;5;0.27
72.9;-1;-8.10;5;0.34
72.9;-1;-8.13;5;0.35
72.9;-1;-8.16;5;0.32
72.9;-1;-8.19;5;0.34
72.9;-1;-8.22;5;0.28
72.9;-1;-8.25;5;0.28
72.9;-1;-8.28;5;0.28
72.9;-1;-8.31;5;0.27
72.9;-1;-8.34;5;0.30
72.9;-1;-8.37;5;0.29
72.9;-1;-8.43;3;0.44
72.9;-1;-8.46;3;0.48
72.9;-1;-8.49;3;0.48
72.9;-1;-8.52;3;0.44
72.9;-1;-8.55;3;0.47
72.9;-1;-8.58;3;0.40
72.9;-1;-8.61;3;0.48
72.9;-1;-8.64;3;0.50
72.9;-1;-8.67;3;0.49
72.9;-1;-8.70;3;0.45
72.9;-1;-8.73;3;0.49
72.9;-1;-8.76;3;0.45
72.9;-1;-8.79;3;0.45
72.9;-1;-8.82;3;0.45
72.9;-1;-8.85;3;0.42
72.9;-1;-8.88;3;0.40
72.9;-1;-8.91;3;0.46
72.9;-1;-8.94;3;0.49
72.9;-1;-8.97;3;0.40
72.9;-1;-9.00;3;0.50
72.9;-1;-9.03;3;0.45
72.9;-1;-9.06;3;0.48
72.9;-1;-9.09;3;0.45
72.9;-1;-9.12;3;0.45
72.9;-1;-9.15;3;0.48
72.9;-1;-9.18;3;0.45
72.9;-1;-9.21;3;0.50
72.9;-1;-9.27;4;0.46
72.9;-1;-9.30;4;0.43
72.9;-1;-9.33;4;0.49
72.9;-1;-9.36;4;0.50
72.9;-1;-9.39;4;0.47
72.9;-1;-9.42;4;0.41
72.9;-1;-9.45;4;0.48
72.9;-1;-9.48;4;0.47
72.9;-1;-9.51;4;0.48
72.9;-1;-9.54;4;0.48
72.9;-1;-9.57;4;0.48
72.9;-1;-9.60;4;0.41
72.9;-1;-9.63;4;0.46
72.9;-1;-9.66;4;0.48
72.9;-1;-9.69;4;0.45
72.9;-1;-9.72;4;0.43
72.9;-1;-9.75;4;0.43
72.9;-1;-9.78;4;0.41
72.9;-1;-9.81;4;0.44
72.9;-1;-9.84;4;0.41
72.9;-1;-9.87;4;0.43
72.9;-1;-9.90;4;0.43
72.9;-1;-9.93;4;0.49
72.9;-1;-9.99;5;0.33
72.9;-1;-10.02;5;0.34
72.9;-1;-10.08;5;0.27
72.9;-1;-10.11;5;0.32
72.9;-1;-10.14;5;0.28
72.9;-1;-10.17;5;0.27
72.9;-1;-10.20;5;0.27
72.9;-1;-10.23;5;0.30
72.9;-1;-10.26;5;0.34
72.9;-1;-10.32;5;0.30
72.9;-1;-10.35;5;0.33
72.9;-1;-10.38;5;0.31
72.9;-1;-10.41;5;0.31
72.9;-1;-10.44;5;0.25
72.9;-1;-10.47;5;0.27
72.9;-1;-10.50;5;0.33
72.9;-1;-10.53;5;0.26
72.9;-1;-10.56;5;0.28
72.9;-1;-10.59;5;0.33
72.9;-1;-10.62;5;0.27
72.9;-1;-10.65;5;0.26
72.9;-1;-10.71;7;0.31
72.9;-1;-10.74;7;0.32
72.9;-1;-10.77;7;0.34
72.9;-1;-10.80;7;0.32
72.9;-1;-10.83;7;0.32
72.9;-1;-10.86;7;0.31
72.9;-1;-10.89;7;0.34
72.9;-1;-10.92;7;0.35
72.9;-1;-10.95;7;0.34
72.9;-1;-10.98;7;0.34
72.9;-1;-11.01;7;0.34
72.9;-1;-11.04;7;0.30
72.9;-1;-11.07;7;0.32
72.9;-1;-11.10;7;0.34
72.9;-1;-11.13;7;0.33
72.9;-1;-11.16;7;0.34
72.9;-1;-11.19;7;0.34
72.9;-1;-11.22;7;0.34
72.9;-1;-11.25;7;0.34
72.9;-1;-11.28;7;0.35
72.9;-1;-11.31;7;0.35
72.9;-1;-11.34;7;0.33
72.9;-1;-11.37;7;0.31
72.9;-1;-11.40;7;0.30
72.9;-1;-11.43;7;0.33
72.9;-1;-11.46;7;0.33
72.9;-1;-11.49;7;0.33
72.9;-1;-11.52;7;0.33
72.9;-1;-11.55;7;0.31
72.9;-1;-11.58;7;0.33
72.9;-1;-11.61;7;0.34
72.9;-1;-11.64;7;0.30
72.9;-1;-11.67;7;0.35
72.9;-1;-11.70;7;0.32
72.9;-1;-11.73;7;0.34
72.9;-1;-11.76;7;0.30
72.9;-1;-11.79;7;0.35
72.9;-1;-11.82;7;0.31
72.9;-1;-11.85;7;0.33
72.9;-1;-11.88;7;0.31
72.9;-1;-11.91;7;0.34
72.9;-1;-11.94;7;0.32
72.9;-1;-11.97;7;0.33
72.9;-1;-12.00;7;0.34
72.9;-1;-12.03;7;0.31
72.9;-1;-12.06;7;0.33
72.9;-1;-12.09;7;0.33
72.9;-1;-12.12;7;0.31
72.9;-1;-12.15;7;0.34
72.9;-1;-12.18;7;0.33
72.9;-1;-12.21;7;0.33
72.9;-1;-12.24;7;0.34
72.9;-1;-12.27;7;0.32
72.9;-1;-12.30;7;0.30
72.9;-1;-12.33;7;0.33
72.9;-1;-12.36;7;0.33
72.9;-1;-12.39;7;0.34
72.9;-1;-12.42;7;0.30
72.9;-1;-12.45;7;0.32
72.9;-1;-12.48;7;0.31
72.9;-1;-12.54;3;0.47
72.9;-1;-12.57;3;0.46
72.9;-1;-12.60;3;0.43
72.9;-1;-12.63;3;0.44
72.9;-1;-12.66;3;0.40
72.9;-1;-12.69;3;0.49
72.9;-1;-12.72;3;0.45
72.9;-1;-12.75;3;0.49
72.9;-1;-12.78;3;0.46
72.9;-1;-12.81;3;0.45
72.9;-1;-12.84;3;0.49
72.9;-1;-12.87;3;0.48
72.9;-1;-12.90;3;0.44
72.9;-1;-12.93;3;0.40
72.9;-1;-12.96;3;0.42
72.9;-1;-12.99;3;0.48
72.9;-1;-13.02;3;0.44
72.9;-1;-13.05;3;0.46
72.9;-1;-13.08;3;0.42
72.9;-1;-13.11;3;0.41
72.9;-1;-13.14;8;0.14
72.9;-1;-13.17;8;0.14
72.9;-1;-13.20;8;0.12
72.9;-1;-13.23;8;0.12
72.9;-1;-13.26;8;0.12
72.9;-1;-13.29;8;0.14
72.9;-1;-13.32;8;0.13
72.9;-1;-13.35;8;0.10
72.9;-1;-13.38;8;0.12
72.9;-1;-13.41;8;0.10
72.9;-1;-13.44;8;0.12
72.9;-1;-13.47;8;0.11
72.9;-1;-13.50;8;0.12
72.9;-1;-13.53;8;0.11
72.9;-1;-13.56;8;0.14
72.9;-1;-13.59;8;0.13
72.9;-1;-13.62;8;0.15
72.9;-1;-13.65;8;0.12
72.9;-1;-13.68;8;0.13
72.9;-1;-13.71;8;0.11
72.9;-1;-13.74;8;0.15
72.9;-1;-13.77;8;0.10
72.9;-1;-13.80;8;0.11
72.9;-1;-13.83;8;0.13
72.9;-1;-13.86;8;0.11
72.9;-1;-13.89;8;0.12
72.9;-1;-13.92;8;0.12
72.9;-1;-13.95;8;0.11
72.9;-1;-13.98;8;0.14
72.9;-1;-14.01;8;0.14
72.9;-1;-14.04;8;0.14
72.9;-1;-14.07;8;0.12
72.9;-1;-14.10;8;0.12
72.9;-1;-14.13;8;0.13
72.9;-1;-14.16;8;0.11
72.9;-1;-14.19;8;0.13
72.9;-1;-14.22;8;0.12
72.9;-1;-14.25;8;0.14
72.9;-1;-14.28;8;0.12
72.9;-1;-14.31;8;0.13
72.9;-1;-14.34;8;0.11
72.9;-1;-14.37;8;0.11
72.9;-1;-14.40;8;0.12
72.9;-1;-14.43;8;0.13
72.9;-1;-14.46;8;0.14
72.9;-1;-14.49;8;0.14
72.9;-1;-14.52;8;0.14
72.9;-1;-14.55;8;0.12
72.9;-1;-14.58;8;0.14
72.9;-1;-14.61;8;0.11
72.9;-1;-14.64;8;0.12
72.9;-1;-14.67;8;0.10
72.9;-1;-14.70;8;0.12
72.9;-1;-14.73;8;0.13
72.9;-1;-14.76;8;0.15
72.9;-1;-14.79;8;0.13
72.9;-1;-14.82;8;0.12
72.9;-1;-14.85;8;0.13
72.9;-1;-14.88;8;0.12
72.9;-1;-14.91;8;0.13
72.9;-1;-14.94;8;0.15
72.9;-1;-14.97;8;0.13
72.9;-1;-15.00;8;0.10
84;-1;-0.10;-1;0.44
84;-1;-0.25;-1;0.73
84;-1;-0.40;-1;0.32
84;-1;-0.55;-1;0.75
84;-1;-0.70;-1;0.66
84;-1;-0.85;-1;0.34
84;-1;-1.00;-1;0.51
84;-1;-1.15;-1;0.49
84;-1;-1.30;-1;0.75
84;-1;-1.45;-1;0.75
84;-1;-1.60;-1;0.62
84;-1;-1.75;-1;0.76
84;-1;-2.58;3;0.46
84;-1;-2.61;3;0.43
84;-1;-2.64;3;0.46
84;-1;-2.67;3;0.49
84;-1;-2.70;3;0.41
84;-1;-2.73;3;0.44
84;-1;-2.76;3;0.44
84;-1;-2.79;3;0.50
84;-1;-2.82;3;0.44
84;-1;-2.85;3;0.48
84;-1;-2.88;3;0.41
84;-1;-2.91;3;0.41
84;-1;-2.94;3;0.46
84;-1;-2.97;3;0.49
84;-1;-3.00;3;0.46
84;-1;-3.03;3;0.43
84;-1;-3.09;5;0.33
84;-1;-3.12;5;0.31
84;-1;-3.15;5;0.27
84;-1;-3.18;5;0.28
84;-1;-3.21;5;0.30
84;-1;-3.24;5;0.28
84;-1;-3.27;5;0.35
84;-1;-3.30;5;0.29
84;-1;-3.33;5;0.29
84;-1;-3.36;5;0.27
84;-1;-3.39;5;0.31
84;-1;-3.42;5;0.32
84;-1;-3.45;5;0.32
84;-1;-3.48;5;0.32
84;-1;-3.51;5;0.35
84;-1;-3.54;5;0.28
84;-1;-3.57;5;0.28
84;-1;-3.60;5;0.27
84;-1;-3.63;5;0.29
84;-1;-3.66;5;0.27
84;-1;-3.69;5;0.33
84;-1;-3.72;5;0.31
84;-1;-3.90;2;0.46
84;-1;-3.93;2;0.42
84;-1;-3.96;2;0.49
84;-1;-3.99;2;0.46
84;-1;-4.02;2;0.40
84;-1;-4.05;2;0.44
84;-1;-4.08;2;0.44
84;-1;-4.11;2;0.41
84;-1;-4.14;2;0.43
84;-1;-4.20;3;0.41
84;-1;-4.23;3;0.48
84;-1;-4.26;3;0.44
84;-1;-4.29;3;0.44
84;-1;-4.32;3;0.45
84;-1;-4.35;3;0.43
84;-1;-4.38;3;0.40
84;-1;-4.41;3;0.50
84;-1;-4.44;3;0.47
84;-1;-4.47;3;0.43
84;-1;-4.50;3;0.48
84;-1;-4.53;3;0.48
84;-1;-4.59;5;0.27
84;-1;-4.62;5;0.33
84;-1;-4.65;5;0.34
84;-1;-4.68;5;0.28
84;-1;-4.71;5;0.27
84;-1;-4.74;5;0.29
84;-1;-4.77;5;0.34
84;-1;-4.80;5;0.28
84;-1;-4.83;5;0.33
84;-1;-4.86;5;0.26
84;-1;-4.89;5;0.25
84;-1;-4.92;5;0.26
84;-1;-4.95;5;0.25
84;-1;-4.98;5;0.34
84;-1;-5.01;5;0.27
84;-1;-5.04;5;0.29
84;-1;-5.07;5;0.33
84;-1;-5.10;5;0.26
84;-1;-5.13;5;0.30
84;-1;-5.16;5;0.26
84;-1;-5.19;5;0.35
84;-1;-5.22;5;0.31
84;-1;-5.25;5;0.26
84;-1;-5.28;5;0.28
84;-1;-5.31;5;0.28
84;-1;-5.34;5;0.25
84;-1;-5.37;5;0.31
84;-1;-5.40;5;0.30
84;-1;-5.43;5;0.33
84;-1;-5.46;5;0.28
84;-1;-5.49;5;0.26
84;-1;-5.52;5;0.31
84;-1;-5.55;5;0.29
84;-1;-5.58;5;0.31
84;-1;-5.61;5;0.26
84;-1;-5.67;4;0.40
84;-1;-5.70;4;0.44
84;-1;-5.73;4;0.43
84;-1;-5.76;4;0.46
84;-1;-5.79;4;0.45
84;-1;-5.82;4;0.47
84;-1;-5.85;4;0.48
84;-1;-5.88;4;0.45
84;-1;-5.91;4;0.45
84;-1;-5.94;4;0.42
84;-1;-6.00;5;0.28
84;-1;-6.03;5;0.31
84;-1;-6.06;5;0.30
84;-1;-6.09;5;0.32
84;-1;-6.12;5;0.26
84;-1;-6.15;5;0.30
84;-1;-6.18;5;0.25
84;-1;-6.21;5;0.27
84;-1;-6.24;5;0.34
84;-1;-6.27;5;0.31
84;-1;-6.30;5;0.33
84;-1;-6.33;5;0.26
84;-1;-6.36;5;0.28
84;-1;-6.39;5;0.26
84;-1;-6.42;5;0.26
84;-1;-6.45;5;0.31
84;-1;-6.48;5;0.31
84;-1;-6.51;5;0.32
84;-1;-6.54;5;0.26
84;-1;-6.57;5;0.31
84;-1;-6.60;5;0.26
84;-1;-6.66;5;0.26
84;-1;-6.69;5;0.25
84;-1;-6.72;5;0.28
84;-1;-6.75;5;0.25
84;-1;-6.78;5;0.27
84;-1;-6.81;5;0.29
84;-1;-6.87;4;0.43
84;-1;-6.90;4;0.46
84;-1;-6.93;4;0.50
84;-1;-6.96;4;0.43
84;-1;-6.99;4;0.47
84;-1;-7.02;4;0.49
84;-1;-7.05;4;0.50
84;-1;-7.08;4;0.42
84;-1;-7.11;4;0.45
84;-1;-7.14;4;0.47
84;-1;-7.17;4;0.47
84;-1;-7.20;4;0.44
84;-1;-7.23;4;0.41
84;-1;-7.26;4;0.47
84;-1;-7.29;4;0.48
84;-1;-7.35;5;0.32
84;-1;-7.38;5;0.31
84;-1;-7.41;5;0.32
84;-1;-7.44;5;0.33
84;-1;-7.47;5;0.27
84;-1;-7.50;5;0.31
84;-1;-7.53;5;0.26
84;-1;-7.56;5;0.25
84;-1;-7.59;5;0.29
84;-1;-7.62;5;0.27
84;-1;-7.65;5;0.31
84;-1;-7.68;5;0.32
84;-1;-7.89;5;0.31
84;-1;-7.92;5;0.30
84;-1;-7.95;5;0.27
84;-1;-7.98;5;0.27
84;-1;-8.01;5;0.28
84;-1;-8.04;5;0.29
84;-1;-8.07;5;0.34
84;-1;-8.10;5;0.27
84;-1;-8.13;5;0.28
84;-1;-8.16;5;0.30
84;-1;-8.19;5;0.28
84;-1;-8.22;5;0.27
84;-1;-8.25;5;0.32
84;-1;-8.28;5;0.28
84;-1;-8.31;5;0.32
84;-1;-8.34;5;0.34
84;-1;-8.37;5;0.29
84;-1;-8.40;5;0.30
84;-1;-8.43;5;0.29
84;-1;-8.46;5;0.30
84;-1;-8.49;5;0.28
84;-1;-8.52;5;0.30
84;-1;-8.55;5;0.34
84;-1;-8.58;5;0.31
84;-1;-8.61;5;0.29
84;-1;-8.67;3;0.47
84;-1;-8.70;3;0.48
84;-1;-8.73;3;0.42
84;-1;-8.76;3;0.44
84;-1;-8.79;3;0.48
84;-1;-8.82;3;0.40
84;-1;-8.85;3;0.48
84;-1;-8.88;3;0.40
84;-1;-8.91;3;0.41
84;-1;-8.94;3;0.42
84;-1;-8.97;3;0.47
84;-1;-9.00;3;0.46
84;-1;-9.03;3;0.46
84;-1;-9.06;3;0.40
84;-1;-9.09;3;0.49
84;-1;-9.12;3;0.50
84;-1;-9.15;3;0.42
84;-1;-9.18;3;0.45
84;-1;-9.21;3;0.49
84;-1;-9.24;3;0.43
84;-1;-9.30;4;0.45
84;-1;-9.33;4;0.46
84;-1;-9.36;4;0.47
84;-1;-9.39;4;0.49
84;-1;-9.42;4;0.44
84;-1;-9.45;4;0.48
84;-1;-9.48;4;0.48
84;-1;-9.51;4;0.41
84;-1;-9.54;4;0.49
84;-1;-9.57;4;0.44
84;-1;-9.60;4;0.46
84;-1;-9.63;4;0.41
84;-1;-9.66;4;0.45
84;-1;-9.69;4;0.40
84;-1;-9.72;4;0.46
84;-1;-9.75;4;0.47
84;-1;-9.78;4;0.49
84;-1;-9.81;4;0.41
84;-1;-9.87;5;0.28
84;-1;-9.90;5;0.35
84;-1;-9.93;5;0.27
84;-1;-9.99;5;0.30
84;-1;-10.02;5;0.25
84;-1;-10.05;5;0.31
84;-1;-10.08;5;0.34
84;-1;-10.11;5;0.26
84;-1;-10.14;5;0.29
84;-1;-10.17;5;0.31
84;-1;-10.20;5;0.34
84;-1;-10.23;5;0.26
84;-1;-10.26;5;0.25
84;-1;-10.32;5;0.27
84;-1;-10.35;5;0.27
84;-1;-10.38;5;0.26
84;-1;-10.41;5;0.29
84;-1;-10.44;5;0.33
84;-1;-10.47;5;0.26
84;-1;-10.50;5;0.33
84;-1;-10.53;5;0.27
84;-1;-10.56;5;0.29
84;-1;-10.62;7;0.32
84;-1;-10.65;7;0.31
84;-1;-10.68;7;0.32
84;-1;-10.71;7;0.31
84;-1;-10.74;7;0.31
84;-1;-10.77;7;0.32
84;-1;-10.80;7;0.33
84;-1;-10.83;7;0.31
84;-1;-10.86;7;0.31
84;-1;-10.89;7;0.35
84;-1;-10.92;7;0.33
84;-1;-10.95;7;0.31
84;-1;-10.98;7;0.34
84;-1;-11.01;7;0.35
84;-1;-11.04;7;0.31
84;-1;-11.07;7;0.35
84;-1;-11.10;7;0.30
84;-1;-11.13;7;0.31
84;-1;-11.19;7;0.30
84;-1;-11.22;7;0.32
84;-1;-11.25;7;0.33
84;-1;-11.28;7;0.32
84;-1;-11.31;7;0.32
84;-1;-11.34;7;0.35
84;-1;-11.37;7;0.33
84;-1;-11.40;7;0.33
84;-1;-11.43;7;0.31
84;-1;-11.46;7;0.33
84;-1;-11.49;7;0.31
84;-1;-11.52;7;0.34
84;-1;-11.55;7;0.31
84;-1;-11.58;7;0.31
84;-1;-11.61;7;0.30
84;-1;-11.64;7;0.33
84;-1;-11.67;7;0.33
84;-1;-11.70;7;0.31
84;-1;-11.73;7;0.33
84;-1;-11.76;7;0.34
84;-1;-11.79;7;0.31
84;-1;-11.82;7;0.33
84;-1;-11.85;7;0.35
84;-1;-11.91;3;0.43
84;-1;-11.94;3;0.46
84;-1;-11.97;3;0.43
84;-1;-12.00;3;0.42
84;-1;-12.03;3;0.43
84;-1;-12.09;2;0.48
84;-1;-12.12;2;0.43
84;-1;-12.15;2;0.47
84;-1;-12.18;2;0.48
84;-1;-12.21;2;0.43
84;-1;-12.24;2;0.43
84;-1;-12.27;2;0.50
84;-1;-12.30;2;0.42
84;-1;-12.33;2;0.48
84;-1;-12.36;2;0.48
84;-1;-12.39;2;0.48
84;-1;-12.42;2;0.45
84;-1;-12.45;2;0.46
84;-1;-12.48;2;0.40
84;-1;-12.51;2;0.46
84;-1;-12.54;2;0.46
84;-1;-12.57;2;0.49
84;-1;-12.60;2;0.46
84;-1;-12.63;8;0.13
84;-1;-12.66;8;0.15
84;-1;-12.69;8;0.12
84;-1;-12.72;8;0.13
84;-1;-12.75;8;0.10
84;-1;-12.78;8;0.15
84;-1;-12.81;8;0.12
84;-1;-12.84;8;0.12
84;-1;-12.87;8;0.13
84;-1;-12.90;8;0.12
84;-1;-12.93;8;0.13
84;-1;-12.96;8;0.14
84;-1;-12.99;8;0.14
84;-1;-13.02;8;0.12
84;-1;-13.05;8;0.15
84;-1;-13.08;8;0.11
84;-1;-13.11;8;0.11
84;-1;-13.14;8;0.10
84;-1;-13.17;8;0.10
84;-1;-13.20;8;0.12
84;-1;-13.23;8;0.13
84;-1;-13.26;8;0.14
84;-1;-13.29;8;0.14
84;-1;-13.32;8;0.11
84;-1;-13.35;8;0.10
84;-1;-13.38;8;0.13
84;-1;-13.41;8;0.11
84;-1;-13.44;8;0.15
84;-1;-13.47;8;0.11
84;-1;-13.50;8;0.15
84;-1;-13.53;8;0.11
84;-1;-13.56;8;0.11
84;-1;-13.59;8;0.13
84;-1;-13.62;8;0.15
84;-1;-13.65;8;0.13
84;-1;-13.68;8;0.15
84;-1;-13.71;8;0.11
84;-1;-13.74;8;0.11
84;-1;-13.77;8;0.13
84;-1;-13.80;8;0.13
84;-1;-13.83;8;0.14
84;-1;-13.86;8;0.12
84;-1;-13.89;8;0.10
84;-1;-13.92;8;0.13
84;-1;-13.95;8;0.13
84;-1;-13.98;8;0.11
84;-1;-14.01;8;0.15
84;-1;-14.04;8;0.12
84;-1;-14.07;8;0.13
84;-1;-14.10;8;0.14
84;-1;-14.13;8;0.12
84;-1;-14.16;8;0.13
84;-1;-14.19;8;0.11
84;-1;-14.22;8;0.14
84;-1;-14.25;8;0.11
84;-1;-14.28;8;0.15
84;-1;-14.31;8;0.10
84;-1;-14.34;8;0.15
84;-1;-14.37;8;0.10
84;-1;-14.40;8;0.12
84;-1;-14.43;8;0.13
84;-1;-14.46;8;0.10
84;-1;-14.49;8;0.11
84;-1;-14.52;8;0.14
84;-1;-14.55;8;0.12
84;-1;-14.58;8;0.13
84;-1;-14.61;8;0.15
84;-1;-14.64;8;0.12
84;-1;-14.67;8;0.11
84;-1;-14.70;8;0.11
84;-1;-14.73;8;0.11
84;-1;-14.76;8;0.14
84;-1;-14.79;8;0.14
84;-1;-14.82;8;0.14
84;-1;-14.85;8;0.13
84;-1;-14.88;8;0.13
84;-1;-14.91;8;0.13
84;-1;-14.94;8;0.14
84;-1;-14.97;8;0.14
84;-1;-15.00;8;0.11
91.9;-1;-0.15;-1;0.55
91.9;-1;-0.30;-1;0.61
91.9;-1;-0.45;-1;0.40
91.9;-1;-0.60;-1;0.37
91.9;-1;-0.75;-1;0.32
91.9;-1;-0.90;-1;0.75
91.9;-1;-1.05;-1;0.76
91.9;-1;-1.20;-1;0.48
91.9;-1;-1.35;-1;0.75
91.9;-1;-2.49;2;0.42
91.9;-1;-2.52;2;0.44
91.9;-1;-2.55;2;0.43
91.9;-1;-2.58;2;0.42
91.9;-1;-2.61;2;0.44
91.9;-1;-2.64;2;0.45
91.9;-1;-2.67;2;0.42
91.9;-1;-2.70;2;0.45
91.9;-1;-2.73;2;0.48
91.9;-1;-2.76;2;0.46
91.9;-1;-2.82;3;0.49
91.9;-1;-2.85;3;0.49
91.9;-1;-2.88;3;0.49
91.9;-1;-2.91;3;0.41
91.9;-1;-2.94;3;0.43
91.9;-1;-2.97;3;0.46
91.9;-1;-3.00;3;0.44
91.9;-1;-3.03;3;0.49
91.9;-1;-3.06;3;0.45
91.9;-1;-3.09;3;0.42
91.9;-1;-3.12;3;0.46
91.9;-1;-3.15;3;0.42
91.9;-1;-3.18;3;0.41
91.9;-1;-3.21;3;0.48
91.9;-1;-3.24;3;0.41
91.9;-1;-3.27;3;0.48
91.9;-1;-3.30;3;0.49
91.9;-1;-3.33;3;0.43
91.9;-1;-3.39;3;0.42
91.9;-1;-3.42;3;0.49
91.9;-1;-3.45;3;0.48
91.9;-1;-3.48;3;0.43
91.9;-1;-3.51;3;0.47
91.9;-1;-3.54;3;0.41
91.9;-1;-3.57;3;0.43
91.9;-1;-3.60;3;0.46
91.9;-1;-3.63;3;0.40
91.9;-1;-3.66;3;0.49
91.9;-1;-3.69;3;0.49
91.9;-1;-3.72;3;0.42
91.9;-1;-3.75;3;0.48
91.9;-1;-3.78;3;0.50
91.9;-1;-3.81;3;0.45
91.9;-1;-3.84;3;0.43
91.9;-1;-3.87;3;0.46
91.9;-1;-3.90;3;0.44
91.9;-1;-3.93;3;0.48
91.9;-1;-3.99;5;0.28
91.9;-1;-4.02;5;0.35
91.9;-1;-4.05;5;0.31
91.9;-1;-4.08;5;0.30
91.9;-1;-4.11;5;0.26
91.9;-1;-4.14;5;0.30
91.9;-1;-4.17;5;0.31
91.9;-1;-4.20;5;0.32
91.9;-1;-4.23;5;0.26
91.9;-1;-4.26;5;0.28
91.9;-1;-4.29;5;0.32
91.9;-1;-4.32;5;0.31
91.9;-1;-4.35;5;0.26
91.9;-1;-4.38;5;0.34
91.9;-1;-4.41;5;0.25
91.9;-1;-4.44;5;0.34
91.9;-1;-4.47;5;0.25
91.9;-1;-4.50;5;0.34
91.9;-1;-4.53;5;0.31
91.9;-1;-4.56;5;0.35
91.9;-1;-4.59;5;0.33
91.9;-1;-4.62;5;0.27
91.9;-1;-4.65;5;0.26
91.9;-1;-4.68;5;0.27
91.9;-1;-4.71;5;0.32
91.9;-1;-4.74;5;0.34
91.9;-1;-4.77;5;0.27
91.9;-1;-4.80;5;0.31
91.9;-1;-4.83;5;0.31
91.9;-1;-4.86;5;0.35
91.9;-1;-4.89;5;0.28
91.9;-1;-4.95;3;0.47
91.9;-1;-4.98;3;0.44
91.9;-1;-5.01;3;0.49
91.9;-1;-5.04;3;0.40
91.9;-1;-5.07;3;0.47
91.9;-1;-5.10;3;0.47
91.9;-1;-5.13;3;0.43
91.9;-1;-5.16;3;0.41
91.9;-1;-5.19;3;0.49
91.9;-1;-5.22;3;0.40
91.9;-1;-5.28;5;0.26
91.9;-1;-5.31;5;0.27
91.9;-1;-5.34;5;0.30
91.9;-1;-5.37;5;0.33
91.9;-1;-5.40;5;0.27
91.9;-1;-5.43;5;0.34
91.9;-1;-5.46;5;0.31
91.9;-1;-5.49;5;0.33
91.9;-1;-5.52;5;0.32
91.9;-1;-5.55;5;0.28
91.9;-1;-5.58;5;0.30
91.9;-1;-5.61;5;0.25
91.9;-1;-5.64;5;0.30
91.9;-1;-5.67;5;0.32
91.9;-1;-5.70;5;0.32
91.9;-1;-5.73;5;0.29
91.9;-1;-5.76;5;0.33
91.9;-1;-5.79;5;0.32
91.9;-1;-5.82;5;0.33
91.9;-1;-5.85;5;0.32
91.9;-1;-5.88;5;0.27
91.9;-1;-5.91;5;0.33
91.9;-1;-5.94;5;0.28
91.9;-1;-5.97;5;0.27
91.9;-1;-6.00;5;0.30
91.9;-1;-6.03;5;0.34
91.9;-1;-6.09;4;0.50
91.9;-1;-6.12;4;0.50
91.9;-1;-6.15;4;0.45
91.9;-1;-6.18;4;0.43
91.9;-1;-6.21;4;0.41
91.9;-1;-6.24;4;0.50
91.9;-1;-6.27;4;0.47
91.9;-1;-6.33;5;0.29
91.9;-1;-6.36;5;0.28
91.9;-1;-6.39;5;0.33
91.9;-1;-6.42;5;0.27
91.9;-1;-6.45;5;0.33
91.9;-1;-6.48;5;0.32
91.9;-1;-6.51;5;0.31
91.9;-1;-6.54;5;0.26
91.9;-1;-6.57;5;0.28
91.9;-1;-6.60;5;0.28
91.9;-1;-6.63;5;0.27
91.9;-1;-6.66;5;0.27
91.9;-1;-6.69;5;0.30
91.9;-1;-6.72;5;0.33
91.9;-1;-6.75;5;0.33
91.9;-1;-6.78;5;0.31
91.9;-1;-6.81;5;0.26
91.9;-1;-6.84;5;0.33
91.9;-1;-6.87;5;0.30
91.9;-1;-6.90;5;0.33
91.9;-1;-6.93;5;0.27
91.9;-1;-6.96;5;0.34
91.9;-1;-7.02;5;0.30
91.9;-1;-7.05;5;0.30
91.9;-1;-7.08;5;0.31
91.9;-1;-7.11;5;0.26
91.9;-1;-7.14;5;0.26
91.9;-1;-7.17;5;0.35
91.9;-1;-7.20;5;0.25
91.9;-1;-7.23;5;0.29
91.9;-1;-7.26;5;0.29
91.9;-1;-7.29;5;0.28
91.9;-1;-7.32;5;0.32
91.9;-1;-7.35;5;0.33
91.9;-1;-7.38;5;0.31
91.9;-1;-7.41;5;0.31
91.9;-1;-7.47;3;0.46
91.9;-1;-7.50;3;0.42
91.9;-1;-7.53;3;0.46
91.9;-1;-7.56;3;0.42
91.9;-1;-7.59;3;0.42
91.9;-1;-7.62;3;0.42
91.9;-1;-7.77;5;0.28
91.9;-1;-7.80;5;0.28
91.9;-1;-7.83;5;0.33
91.9;-1;-7.86;5;0.33
91.9;-1;-7.89;5;0.33
91.9;-1;-7.92;5;0.31
91.9;-1;-7.95;5;0.33
91.9;-1;-7.98;5;0.33
91.9;-1;-8.01;5;0.35
91.9;-1;-8.04;5;0.29
91.9;-1;-8.07;5;0.33
91.9;-1;-8.10;5;0.33
91.9;-1;-8.13;5;0.28
91.9;-1;-8.16;5;0.30
91.9;-1;-8.19;5;0.32
91.9;-1;-8.22;5;0.30
91.9;-1;-8.25;5;0.35
91.9;-1;-8.28;5;0.28
91.9;-1;-8.31;5;0.32
91.9;-1;-8.37;3;0.47
91.9;-1;-8.40;3;0.49
91.9;-1;-8.43;3;0.43
91.9;-1;-8.46;3;0.48
91.9;-1;-8.49;3;0.49
91.9;-1;-8.52;3;0.48
91.9;-1;-8.55;3;0.50
91.9;-1;-8.58;3;0.44
91.9;-1;-8.61;3;0.41
91.9;-1;-8.64;3;0.45
91.9;-1;-8.67;3;0.47
91.9;-1;-8.70;3;0.44
91.9;-1;-8.73;3;0.47
91.9;-1;-8.76;3;0.44
91.9;-1;-8.79;3;0.41
91.9;-1;-8.82;3;0.42
91.9;-1;-8.85;3;0.48
91.9;-1;-8.88;3;0.46
91.9;-1;-8.94;4;0.41
91.9;-1;-8.97;4;0.49
91.9;-1;-9.00;4;0.48
91.9;-1;-9.03;4;0.40
91.9;-1;-9.06;4;0.49
91.9;-1;-9.09;4;0.43
91.9;-1;-9.12;4;0.47
91.9;-1;-9.15;4;0.48
91.9;-1;-9.18;4;0.43
91.9;-1;-9.21;4;0.46
91.9;-1;-9.24;4;0.48
91.9;-1;-9.27;4;0.42
91.9;-1;-9.30;4;0.45
91.9;-1;-9.33;4;0.40
91.9;-1;-9.36;4;0.42
91.9;-1;-9.39;4;0.46
91.9;-1;-9.42;4;0.42
91.9;-1;-9.45;4;0.43
91.9;-1;-9.48;4;0.47
91.9;-1;-9.51;4;0.40
91.9;-1;-9.57;5;0.27
91.9;-1;-9.60;5;0.33
91.9;-1;-9.63;5;0.27
91.9;-1;-9.66;5;0.30
91.9;-1;-9.69;5;0.33
91.9;-1;-9.75;5;0.31
91.9;-1;-9.78;5;0.32
91.9;-1;-9.81;5;0.26
91.9;-1;-9.84;5;0.32
91.9;-1;-9.87;5;0.35
91.9;-1;-9.90;5;0.26
91.9;-1;-9.93;5;0.32
91.9;-1;-9.96;5;0.31
91.9;-1;-9.99;5;0.28
91.9;-1;-10.02;5;0.30
91.9;-1;-10.05;5;0.35
91.9;-1;-10.08;5;0.29
91.9;-1;-10.11;5;0.34
91.9;-1;-10.14;5;0.34
91.9;-1;-10.17;5;0.28
91.9;-1;-10.23;5;0.30
91.9;-1;-10.26;5;0.34
91.9;-1;-10.29;5;0.28
91.9;-1;-10.32;5;0.29
91.9;-1;-10.35;5;0.33
91.9;-1;-10.38;5;0.32
91.9;-1;-10.41;5;0.28
91.9;-1;-10.44;5;0.34
91.9;-1;-10.47;5;0.31
91.9;-1;-10.50;5;0.32
91.9;-1;-10.56;7;0.31
91.9;-1;-10.59;7;0.34
91.9;-1;-10.62;7;0.33
91.9;-1;-10.65;7;0.32
91.9;-1;-10.68;7;0.33
91.9;-1;-10.71;7;0.34
91.9;-1;-10.74;7;0.34
91.9;-1;-10.77;7;0.33
91.9;-1;-10.80;7;0.32
91.9;-1;-10.83;7;0.30
91.9;-1;-10.86;7;0.35
91.9;-1;-10.89;7;0.32
91.9;-1;-10.92;7;0.32
91.9;-1;-10.98;7;0.30
91.9;-1;-11.01;7;0.35
91.9;-1;-11.04;7;0.35
91.9;-1;-11.07;7;0.33
91.9;-1;-11.10;7;0.33
91.9;-1;-11.13;7;0.31
91.9;-1;-11.16;7;0.33
91.9;-1;-11.19;7;0.33
91.9;-1;-11.22;7;0.35
91.9;-1;-11.25;7;0.33
91.9;-1;-11.28;7;0.33
91.9;-1;-11.31;7;0.32
91.9;-1;-11.34;7;0.30
91.9;-1;-11.37;7;0.32
91.9;-1;-11.40;7;0.30
91.9;-1;-11.43;7;0.32
91.9;-1;-11.46;7;0.35
91.9;-1;-11.49;7;0.32
91.9;-1;-11.52;7;0.31
91.9;-1;-11.55;7;0.34
91.9;-1;-11.58;7;0.30
91.9;-1;-11.61;7;0.34
91.9;-1;-11.64;7;0.31
91.9;-1;-11.70;7;0.33
91.9;-1;-11.73;7;0.30
91.9;-1;-11.76;7;0.32
91.9;-1;-11.79;7;0.34
91.9;-1;-11.82;7;0.33
91.9;-1;-11.85;7;0.31
91.9;-1;-11.88;7;0.33
91.9;-1;-11.91;7;0.35
91.9;-1;-11.94;7;0.31
91.9;-1;-11.97;7;0.32
91.9;-1;-12.03;3;0.41
91.9;-1;-12.06;3;0.44
91.9;-1;-12.09;3;0.45
91.9;-1;-12.12;3;0.42
91.9;-1;-12.15;3;0.42
91.9;-1;-12.18;3;0.49
91.9;-1;-12.24;2;0.42
91.9;-1;-12.27;2;0.46
91.9;-1;-12.30;2;0.49
91.9;-1;-12.33;2;0.50
91.9;-1;-12.36;2;0.42
91.9;-1;-12.39;2;0.40
91.9;-1;-12.42;2;0.44
91.9;-1;-12.45;2;0.44
91.9;-1;-12.48;2;0.48
91.9;-1;-12.51;2;0.50
91.9;-1;-12.54;2;0.49
91.9;-1;-12.57;2;0.46
91.9;-1;-12.60;2;0.43
91.9;-1;-12.63;2;0.42
91.9;-1;-12.66;8;0.11
91.9;-1;-12.69;8;0.14
91.9;-1;-12.72;8;0.13
91.9;-1;-12.75;8;0.12
91.9;-1;-12.78;8;0.10
91.9;-1;-12.81;8;0.10
91.9;-1;-12.84;8;0.12
91.9;-1;-12.87;8;0.14
91.9;-1;-12.90;8;0.14
91.9;-1;-12.93;8;0.10
91.9;-1;-12.96;8;0.13
91.9;-1;-12.99;8;0.15
91.9;-1;-13.02;8;0.11
91.9;-1;-13.05;8;0.12
91.9;-1;-13.08;8;0.13
91.9;-1;-13.11;8;0.12
91.9;-1;-13.14;8;0.14
91.9;-1;-13.17;8;0.12
91.9;-1;-13.20;8;0.12
91.9;-1;-13.23;8;0.11
91.9;-1;-13.26;8;0.13
91.9;-1;-13.29;8;0.10
91.9;-1;-13.32;8;0.12
91.9;-1;-13.35;8;0.11
91.9;-1;-13.38;8;0.11
91.9;-1;-13.41;8;0.13
91.9;-1;-13.44;8;0.11
91.9;-1;-13.47;8;0.11
91.9;-1;-13.50;8;0.12
91.9;-1;-13.53;8;0.11
91.9;-1;-13.56;8;0.11
91.9;-1;-13.59;8;0.15
91.9;-1;-13.62;8;0.11
91.9;-1;-13.65;8;0.10
91.9;-1;-13.68;8;0.11
91.9;-1;-13.71;8;0.13
91.9;-1;-13.74;8;0.12
91.9;-1;-13.77;8;0.14
91.9;-1;-13.80;8;0.11
91.9;-1;-13.83;8;0.10
91.9;-1;-13.86;8;0.10
91.9;-1;-13.89;8;0.12
91.9;-1;-13.92;8;0.12
91.9;-1;-13.95;8;0.10
91.9;-1;-13.98;8;0.14
91.9;-1;-14.01;8;0.15
91.9;-1;-14.04;8;0.14
91.9;-1;-14.07;8;0.12
91.9;-1;-14.10;8;0.13
91.9;-1;-14.13;8;0.12
91.9;-1;-14.16;8;0.14
91.9;-1;-14.19;8;0.11
91.9;-1;-14.22;8;0.13
91.9;-1;-14.25;8;0.13
91.9;-1;-14.28;8;0.12
91.9;-1;-14.31;8;0.15
91.9;-1;-14.34;8;0.14
91.9;-1;-14.37;8;0.12
91.9;-1;-14.40;8;0.14
91.9;-1;-14.43;8;0.10
91.9;-1;-14.46;8;0.14
91.9;-1;-14.49;8;0.12
91.9;-1;-14.52;8;0.14
91.9;-1;-14.55;8;0.15
91.9;-1;-14.58;8;0.13
91.9;-1;-14.61;8;0.12
91.9;-1;-14.64;8;0.13
91.9;-1;-14.67;8;0.14
91.9;-1;-14.70;8;0.12
91.9;-1;-14.73;8;0.11
91.9;-1;-14.76;8;0.11
91.9;-1;-14.79;8;0.14
91.9;-1;-14.82;8;0.15
91.9;-1;-14.85;8;0.15
91.9;-1;-14.88;8;0.10
91.9;-1;-14.91;8;0.12
91.9;-1;-14.94;8;0.14
91.9;-1;-14.97;8;0.13
91.9;-1;-15.00;8;0.14
5.7;-4;-0.10;1;0.44
5.7;-4;-0.30;1;0.76
5.7;-4;-0.50;1;0.57
5.7;-4;-0.70;1;0.79
5.7;-4;-0.90;1;0.33
5.7;-4;-1.10;1;0.43
5.7;-4;-1.30;1;0.58
5.7;-4;-1.50;1;0.38
5.7;-4;-1.70;1;0.46
5.7;-4;-1.90;1;0.48
5.7;-4;-2.07;2;0.46
5.7;-4;-2.10;2;0.47
5.7;-4;-2.13;2;0.40
5.7;-4;-2.16;2;0.42
5.7;-4;-2.19;2;0.43
5.7;-4;-2.22;2;0.49
5.7;-4;-2.25;2;0.49
5.7;-4;-2.28;2;0.47
5.7;-4;-2.31;2;0.47
5.7;-4;-2.34;2;0.45
5.7;-4;-2.37;2;0.41
5.7;-4;-2.40;2;0.45
5.7;-4;-2.43;2;0.40
5.7;-4;-2.46;2;0.48
5.7;-4;-2.49;2;0.45
5.7;-4;-2.55;2;0.43
5.7;-4;-2.58;2;0.40
5.7;-4;-2.61;2;0.42
5.7;-4;-2.64;2;0.41
5.7;-4;-2.67;2;0.41
5.7;-4;-2.70;2;0.48
5.7;-4;-2.73;2;0.47
5.7;-4;-2.76;2;0.42
5.7;-4;-2.79;2;0.46
5.7;-4;-2.82;2;0.43
5.7;-4;-2.85;2;0.47
5.7;-4;-2.88;2;0.44
5.7;-4;-2.91;2;0.50
5.7;-4;-2.94;2;0.47
5.7;-4;-2.97;2;0.41
5.7;-4;-3.00;2;0.48
5.7;-4;-3.03;2;0.47
5.7;-4;-3.06;2;0.44
5.7;-4;-3.09;2;0.46
5.7;-4;-3.12;2;0.46
5.7;-4;-3.15;2;0.45
5.7;-4;-3.18;2;0.43
5.7;-4;-3.21;2;0.40
5.7;-4;-3.24;2;0.43
5.7;-4;-3.27;2;0.48
5.7;-4;-3.30;2;0.46
5.7;-4;-3.33;2;0.49
5.7;-4;-3.36;2;0.43
5.7;-4;-3.39;2;0.41
5.7;-4;-3.45;3;0.41
5.7;-4;-3.48;3;0.49
5.7;-4;-3.51;3;0.44
5.7;-4;-3.54;3;0.47
5.7;-4;-3.57;3;0.46
5.7;-4;-3.60;3;0.49
5.7;-4;-3.63;3;0.43
5.7;-4;-3.66;3;0.40
5.7;-4;-3.69;3;0.47
5.7;-4;-3.72;3;0.46
5.7;-4;-3.75;3;0.48
5.7;-4;-3.78;3;0.44
5.7;-4;-3.81;3;0.41
5.7;-4;-3.84;3;0.45
5.7;-4;-3.87;3;0.48
5.7;-4;-3.90;3;0.41
5.7;-4;-3.93;3;0.48
5.7;-4;-3.96;3;0.49
5.7;-4;-3.99;3;0.45
5.7;-4;-4.02;3;0.48
5.7;-4;-4.05;3;0.42
5.7;-4;-4.08;3;0.41
5.7;-4;-4.11;3;0.46
5.7;-4;-4.14;3;0.41
5.7;-4;-4.17;3;0.42
5.7;-4;-4.20;3;0.48
5.7;-4;-4.23;3;0.41
5.7;-4;-4.29;4;0.41
5.7;-4;-4.32;4;0.43
5.7;-4;-4.35;4;0.42
5.7;-4;-4.38;4;0.47
5.7;-4;-4.41;4;0.46
5.7;-4;-4.44;4;0.45
5.7;-4;-4.47;4;0.41
5.7;-4;-4.50;4;0.43
5.7;-4;-4.53;4;0.45
5.7;-4;-4.59;4;0.42
5.7;-4;-4.62;4;0.45
5.7;-4;-4.65;4;0.48
5.7;-4;-4.68;4;0.49
5.7;-4;-4.71;4;0.50
5.7;-4;-4.74;4;0.49
5.7;-4;-4.77;4;0.41
5.7;-4;-4.80;4;0.47
5.7;-4;-4.83;4;0.46
5.7;-4;-4.86;4;0.45
5.7;-4;-4.89;4;0.46
5.7;-4;-4.92;4;0.42
5.7;-4;-4.95;4;0.46
5.7;-4;-4.98;4;0.41
5.7;-4;-5.01;4;0.49
5.7;-4;-5.04;4;0.48
5.7;-4;-5.07;4;0.48
5.7;-4;-5.10;4;0.47
5.7;-4;-5.13;4;0.43
5.7;-4;-5.16;4;0.44
5.7;-4;-5.19;4;0.50
5.7;-4;-5.22;4;0.43
5.7;-4;-5.25;4;0.40
5.7;-4;-5.28;4;0.48
5.7;-4;-5.31;4;0.49
5.7;-4;-5.34;4;0.49
5.7;-4;-5.37;4;0.42
5.7;-4;-5.40;4;0.45
5.7;-4;-5.43;4;0.47
5.7;-4;-5.46;4;0.49
5.7;-4;-5.49;4;0.48
5.7;-4;-5.52;4;0.48
5.7;-4;-5.55;4;0.44
5.7;-4;-5.61;5;0.25
5.7;-4;-5.64;5;0.33
5.7;-4;-5.67;5;0.29
5.7;-4;-5.70;5;0.35
5.7;-4;-5.73;5;0.30
5.7;-4;-5.76;5;0.30
5.7;-4;-5.79;5;0.31
5.7;-4;-5.82;5;0.29
5.7;-4;-5.85;5;0.30
5.7;-4;-5.88;5;0.30
5.7;-4;-5.91;5;0.35
5.7;-4;-5.94;5;0.27
5.7;-4;-5.97;5;0.33
5.7;-4;-6.00;5;0.27
5.7;-4;-6.03;5;0.31
5.7;-4;-6.06;5;0.29
5.7;-4;-6.09;5;0.29
5.7;-4;-6.12;5;0.32
5.7;-4;-6.15;5;0.27
5.7;-4;-6.18;5;0.31
5.7;-4;-6.21;5;0.30
5.7;-4;-6.24;5;0.29
5.7;-4;-6.27;5;0.33
5.7;-4;-6.30;5;0.28
5.7;-4;-6.33;5;0.28
5.7;-4;-6.36;5;0.34
5.7;-4;-6.39;5;0.26
5.7;-4;-6.42;5;0.28
5.7;-4;-6.45;5;0.35
5.7;-4;-6.48;5;0.28
5.7;-4;-6.51;5;0.35
5.7;-4;-6.54;5;0.33
5.7;-4;-6.60;5;0.27
5.7;-4;-6.63;5;0.27
5.7;-4;-6.66;5;0.33
5.7;-4;-6.69;5;0.30
5.7;-4;-6.72;5;0.27
5.7;-4;-6.75;5;0.29
5.7;-4;-6.78;5;0.27
5.7;-4;-6.81;5;0.28
5.7;-4;-6.84;5;0.32
5.7;-4;-6.87;5;0.34
5.7;-4;-6.90;5;0.28
5.7;-4;-6.93;5;0.26
5.7;-4;-7.11;3;0.40
5.7;-4;-7.14;3;0.44
5.7;-4;-7.17;3;0.49
5.7;-4;-7.20;3;0.42
5.7;-4;-7.23;3;0.48
5.7;-4;-7.26;3;0.48
5.7;-4;-7.29;3;0.44
5.7;-4;-7.32;3;0.47
5.7;-4;-7.35;3;0.47
5.7;-4;-7.41;4;0.45
5.7;-4;-7.44;4;0.43
5.7;-4;-7.47;4;0.49
5.7;-4;-7.50;4;0.50
5.7;-4;-7.53;4;0.40
5.7;-4;-7.56;4;0.43
5.7;-4;-7.59;4;0.47
5.7;-4;-7.62;4;0.40
5.7;-4;-7.65;4;0.41
5.7;-4;-7.68;4;0.41
5.7;-4;-7.71;4;0.44
5.7;-4;-7.74;4;0.49
5.7;-4;-7.77;4;0.45
5.7;-4;-7.80;4;0.44
5.7;-4;-7.83;4;0.47
5.7;-4;-7.86;4;0.46
5.7;-4;-7.89;4;0.48
5.7;-4;-7.92;4;0.42
5.7;-4;-7.95;4;0.47
5.7;-4;-8.01;5;0.31
5.7;-4;-8.04;5;0.26
5.7;-4;-8.07;5;0.26
5.7;-4;-8.10;5;0.25
5.7;-4;-8.13;5;0.34
5.7;-4;-8.16;5;0.26
5.7;-4;-8.19;5;0.26
5.7;-4;-8.22;5;0.32
5.7;-4;-8.25;5;0.28
5.7;-4;-8.28;5;0.28
5.7;-4;-8.31;5;0.31
5.7;-4;-8.34;5;0.27
5.7;-4;-8.37;5;0.28
5.7;-4;-8.40;5;0.25
5.7;-4;-8.43;5;0.28
5.7;-4;-8.46;5;0.31
5.7;-4;-8.49;5;0.28
5.7;-4;-8.52;5;0.32
5.7;-4;-8.55;5;0.31
5.7;-4;-8.58;5;0.35
5.7;-4;-8.61;5;0.29
5.7;-4;-8.64;5;0.26
5.7;-4;-8.67;5;0.30
5.7;-4;-8.70;5;0.31
5.7;-4;-8.76;6;0.33
5.7;-4;-8.79;6;0.27
5.7;-4;-8.82;6;0.35
5.7;-4;-8.85;6;0.34
5.7;-4;-8.88;6;0.27
5.7;-4;-8.91;6;0.32
5.7;-4;-8.94;6;0.26
5.7;-4;-8.97;6;0.27
5.7;-4;-9.00;6;0.29
5.7;-4;-9.03;6;0.30
5.7;-4;-9.09;5;0.30
5.7;-4;-9.12;5;0.26
5.7;-4;-9.15;5;0.28
5.7;-4;-9.18;5;0.30
5.7;-4;-9.21;5;0.27
5.7;-4;-9.24;5;0.28
5.7;-4;-9.27;5;0.32
5.7;-4;-9.30;5;0.32
5.7;-4;-9.36;5;0.34
5.7;-4;-9.39;5;0.35
5.7;-4;-9.42;5;0.31
5.7;-4;-9.45;5;0.32
5.7;-4;-9.48;5;0.26
5.7;-4;-9.51;5;0.29
5.7;-4;-9.54;5;0.27
5.7;-4;-9.60;5;0.29
5.7;-4;-9.63;5;0.32
5.7;-4;-9.66;5;0.25
5.7;-4;-9.69;5;0.26
5.7;-4;-9.72;5;0.31
5.7;-4;-9.75;5;0.30
5.7;-4;-9.78;5;0.25
5.7;-4;-9.81;5;0.31
5.7;-4;-9.84;5;0.26
5.7;-4;-9.87;5;0.34
5.7;-4;-9.90;5;0.28
5.7;-4;-9.93;5;0.31
5.7;-4;-9.96;5;0.30
5.7;-4;-9.99;5;0.27
5.7;-4;-10.02;5;0.26
5.7;-4;-10.05;5;0.28
5.7;-4;-10.08;5;0.30
5.7;-4;-10.11;5;0.35
5.7;-4;-10.17;5;0.29
5.7;-4;-10.20;5;0.34
5.7;-4;-10.23;5;0.33
5.7;-4;-10.26;5;0.31
5.7;-4;-10.29;5;0.31
5.7;-4;-10.32;5;0.34
5.7;-4;-10.35;5;0.27
5.7;-4;-10.38;5;0.25
5.7;-4;-10.41;5;0.34
5.7;-4;-10.44;5;0.29
5.7;-4;-10.47;5;0.34
5.7;-4;-10.50;5;0.25
5.7;-4;-10.53;5;0.31
5.7;-4;-10.56;5;0.31
5.7;-4;-10.59;5;0.30
5.7;-4;-10.62;5;0.35
5.7;-4;-10.65;5;0.32
5.7;-4;-10.68;5;0.31
5.7;-4;-10.71;5;0.30
5.7;-4;-10.74;5;0.33
5.7;-4;-10.77;5;0.31
5.7;-4;-10.80;5;0.31
5.7;-4;-10.83;5;0.26
5.7;-4;-10.89;7;0.31
5.7;-4;-10.92;7;0.33
5.7;-4;-10.95;7;0.35
5.7;-4;-10.98;7;0.30
5.7;-4;-11.01;7;0.33
5.7;-4;-11.04;7;0.32
5.7;-4;-11.07;7;0.34
5.7;-4;-11.10;7;0.34
5.7;-4;-11.13;7;0.31
5.7;-4;-11.16;7;0.35
5.7;-4;-11.19;7;0.30
5.7;-4;-11.22;7;0.34
5.7;-4;-11.25;7;0.31
5.7;-4;-11.28;7;0.35
5.7;-4;-11.31;7;0.32
5.7;-4;-11.34;7;0.33
5.7;-4;-11.37;7;0.32
5.7;-4;-11.40;7;0.35
5.7;-4;-11.43;7;0.30
5.7;-4;-11.49;7;0.32
5.7;-4;-11.52;7;0.34
5.7;-4;-11.55;7;0.31
5.7;-4;-11.58;7;0.31
5.7;-4;-11.61;7;0.35
5.7;-4;-11.64;7;0.33
5.7;-4;-11.67;7;0.33
5.7;-4;-11.70;7;0.35
5.7;-4;-11.73;7;0.35
5.7;-4;-11.76;7;0.35
5.7;-4;-11.79;7;0.34
5.7;-4;-11.82;7;0.32
5.7;-4;-11.85;7;0.31
5.7;-4;-11.88;7;0.33
5.7;-4;-11.91;7;0.34
5.7;-4;-11.94;7;0.33
5.7;-4;-11.97;7;0.34
5.7;-4;-12.00;8;0.12
5.7;-4;-12.03;8;0.12
5.7;-4;-12.06;8;0.14
5.7;-4;-12.09;8;0.12
5.7;-4;-12.12;8;0.13
5.7;-4;-12.15;8;0.14
5.7;-4;-12.18;8;0.15
5.7;-4;-12.21;8;0.14
5.7;-4;-12.24;8;0.13
5.7;-4;-12.27;8;0.11
5.7;-4;-12.30;8;0.10
5.7;-4;-12.33;8;0.14
5.7;-4;-12.36;8;0.14
5.7;-4;-12.39;8;0.12
5.7;-4;-12.42;8;0.13
5.7;-4;-12.45;8;0.12
5.7;-4;-12.48;8;0.12
5.7;-4;-12.51;8;0.12
5.7;-4;-12.54;8;0.12
5.7;-4;-12.57;8;0.15
5.7;-4;-12.60;8;0.10
5.7;-4;-12.63;8;0.12
5.7;-4;-12.66;8;0.15
5.7;-4;-12.69;8;0.14
5.7;-4;-12.72;8;0.14
5.7;-4;-12.75;8;0.13
5.7;-4;-12.78;8;0.11
5.7;-4;-12.81;8;0.12
5.7;-4;-12.84;8;0.12
5.7;-4;-12.87;8;0.11
5.7;-4;-12.90;8;0.10
5.7;-4;-12.93;8;0.13
5.7;-4;-12.96;8;0.13
5.7;-4;-12.99;8;0.13
5.7;-4;-13.02;8;0.12
5.7;-4;-13.05;8;0.12
5.7;-4;-13.08;8;0.11
5.7;-4;-13.11;8;0.13
5.7;-4;-13.14;8;0.14
5.7;-4;-13.17;8;0.15
5.7;-4;-13.20;8;0.11
5.7;-4;-13.23;8;0.15
5.7;-4;-13.26;8;0.14
5.7;-4;-13.29;8;0.11
5.7;-4;-13.32;8;0.13
5.7;-4;-13.35;8;0.14
5.7;-4;-13.38;8;0.13
5.7;-4;-13.41;8;0.15
5.7;-4;-13.44;8;0.14
5.7;-4;-13.47;8;0.14
5.7;-4;-13.50;8;0.11
5.7;-4;-13.53;8;0.15
5.7;-4;-13.56;8;0.14
5.7;-4;-13.59;8;0.13
5.7;-4;-13.62;8;0.13
5.7;-4;-13.65;8;0.12
5.7;-4;-13.68;8;0.15
5.7;-4;-13.71;8;0.11
5.7;-4;-13.74;8;0.10
5.7;-4;-13.77;8;0.13
5.7;-4;-13.80;8;0.14
5.7;-4;-13.83;8;0.13
5.7;-4;-13.86;8;0.15
5.7;-4;-13.89;8;0.10
5.7;-4;-13.92;8;0.11
5.7;-4;-13.95;8;0.14
5.7;-4;-13.98;8;0.13
5.7;-4;-14.01;8;0.10
5.7;-4;-14.04;8;0.14
5.7;-4;-14.07;8;0.11
5.7;-4;-14.10;8;0.12
5.7;-4;-14.13;8;0.13
5.7;-4;-14.16;8;0.10
5.7;-4;-14.19;8;0.12
5.7;-4;-14.22;8;0.15
5.7;-4;-14.25;8;0.12
5.7;-4;-14.28;8;0.13
5.7;-4;-14.31;8;0.13
5.7;-4;-14.34;8;0.12
5.7;-4;-14.37;8;0.11
5.7;-4;-14.40;8;0.12
5.7;-4;-14.43;8;0.13
5.7;-4;-14.46;8;0.11
5.7;-4;-14.49;8;0.14
5.7;-4;-14.52;8;0.11
5.7;-4;-14.55;8;0.12
5.7;-4;-14.58;8;0.13
5.7;-4;-14.61;8;0.14
5.7;-4;-14.64;8;0.13
5.7;-4;-14.67;8;0.11
5.7;-4;-14.70;8;0.11
5.7;-4;-14.73;8;0.15
5.7;-4;-14.76;8;0.13
5.7;-4;-14.79;8;0.15
5.7;-4;-14.82;8;0.15
5.7;-4;-14.85;8;0.11
5.7;-4;-14.88;8;0.12
5.7;-4;-14.91;8;0.14
5.7;-4;-14.94;8;0.12
5.7;-4;-14.97;8;0.14
5.7;-4;-15.00;8;0.13
14.3;-4;-0.15;-4;0.52
14.3;-4;-0.30;-4;0.32
14.3;-4;-0.45;-4;0.69
14.3;-4;-0.60;-4;0.80
14.3;-4;-0.75;-4;0.60
14.3;-4;-0.90;-4;0.80
14.3;-4;-1.05;-4;0.33
14.3;-4;-1.20;-4;0.35
14.3;-4;-1.35;-4;0.55
14.3;-4;-1.50;-4;0.44
14.3;-4;-1.65;-4;0.45
14.3;-4;-1.80;-4;0.37
14.3;-4;-1.95;-4;0.67
14.3;-4;-2.10;-4;0.60
14.3;-4;-2.73;2;0.42
14.3;-4;-2.76;2;0.46
14.3;-4;-2.79;2;0.50
14.3;-4;-2.82;2;0.49
14.3;-4;-2.85;2;0.49
14.3;-4;-2.88;2;0.47
14.3;-4;-2.91;2;0.47
14.3;-4;-2.94;2;0.41
14.3;-4;-2.97;2;0.47
14.3;-4;-3.00;2;0.40
14.3;-4;-3.03;2;0.45
14.3;-4;-3.09;2;0.43
14.3;-4;-3.12;2;0.48
14.3;-4;-3.15;2;0.49
14.3;-4;-3.18;2;0.44
14.3;-4;-3.21;2;0.48
14.3;-4;-3.24;2;0.44
14.3;-4;-3.27;2;0.45
14.3;-4;-3.30;2;0.50
14.3;-4;-3.33;2;0.44
14.3;-4;-3.36;2;0.42
14.3;-4;-3.39;2;0.45
14.3;-4;-3.42;2;0.43
14.3;-4;-3.45;2;0.42
14.3;-4;-3.48;2;0.48
14.3;-4;-3.51;2;0.48
14.3;-4;-3.54;2;0.41
14.3;-4;-3.57;2;0.42
14.3;-4;-3.60;2;0.42
14.3;-4;-3.63;2;0.42
14.3;-4;-3.66;2;0.49
14.3;-4;-3.69;2;0.41
14.3;-4;-3.72;2;0.49
14.3;-4;-3.75;2;0.41
14.3;-4;-3.81;3;0.49
14.3;-4;-3.84;3;0.49
14.3;-4;-3.87;3;0.42
14.3;-4;-3.90;3;0.44
14.3;-4;-3.93;3;0.48
14.3;-4;-3.96;3;0.44
14.3;-4;-3.99;3;0.44
14.3;-4;-4.02;3;0.45
14.3;-4;-4.05;3;0.41
14.3;-4;-4.08;3;0.43
14.3;-4;-4.11;3;0.44
14.3;-4;-4.14;3;0.43
14.3;-4;-4.17;3;0.49
14.3;-4;-4.20;3;0.45
14.3;-4;-4.23;3;0.48
14.3;-4;-4.26;3;0.49
14.3;-4;-4.29;3;0.41
14.3;-4;-4.32;3;0.41
14.3;-4;-4.35;3;0.46
14.3;-4;-4.38;3;0.44
14.3;-4;-4.41;3;0.48
14.3;-4;-4.44;3;0.42
14.3;-4;-4.47;3;0.45
14.3;-4;-4.50;3;0.47
14.3;-4;-4.53;3;0.41
14.3;-4;-4.56;3;0.48
14.3;-4;-4.59;3;0.45
14.3;-4;-4.62;3;0.45
14.3;-4;-4.65;3;0.42
14.3;-4;-4.68;3;0.46
14.3;-4;-4.71;3;0.45
14.3;-4;-4.74;3;0.45
14.3;-4;-4.77;3;0.46
14.3;-4;-4.80;3;0.41
14.3;-4;-4.86;3;0.43
14.3;-4;-4.89;3;0.43
14.3;-4;-4.92;3;0.40
14.3;-4;-4.95;3;0.46
14.3;-4;-5.10;3;0.43
14.3;-4;-5.13;3;0.45
14.3;-4;-5.16;3;0.49
14.3;-4;-5.19;3;0.48
14.3;-4;-5.22;3;0.42
14.3;-4;-5.25;3;0.41
14.3;-4;-5.28;3;0.42
14.3;-4;-5.31;3;0.46
14.3;-4;-5.34;3;0.44
14.3;-4;-5.40;5;0.27
14.3;-4;-5.43;5;0.31
14.3;-4;-5.46;5;0.30
14.3;-4;-5.49;5;0.26
14.3;-4;-5.52;5;0.30
14.3;-4;-5.55;5;0.33
14.3;-4;-5.58;5;0.25
14.3;-4;-5.61;5;0.32
14.3;-4;-5.64;5;0.32
14.3;-4;-5.67;5;0.34
14.3;-4;-5.70;5;0.34
14.3;-4;-5.73;5;0.31
14.3;-4;-5.76;5;0.31
14.3;-4;-5.79;5;0.26
14.3;-4;-5.82;5;0.30
14.3;-4;-5.85;5;0.29
14.3;-4;-5.88;5;0.28
14.3;-4;-5.91;5;0.30
14.3;-4;-5.94;5;0.29
14.3;-4;-5.97;5;0.32
14.3;-4;-6.00;5;0.34
14.3;-4;-6.03;5;0.33
14.3;-4;-6.06;5;0.32
14.3;-4;-6.09;5;0.29
14.3;-4;-6.12;5;0.26
14.3;-4;-6.15;5;0.31
14.3;-4;-6.18;5;0.27
14.3;-4;-6.21;5;0.34
14.3;-4;-6.24;5;0.33
14.3;-4;-6.27;5;0.30
14.3;-4;-6.30;5;0.27
14.3;-4;-6.33;5;0.31
14.3;-4;-6.39;5;0.29
14.3;-4;-6.42;5;0.33
14.3;-4;-6.45;5;0.35
14.3;-4;-6.48;5;0.33
14.3;-4;-6.51;5;0.28
14.3;-4;-6.54;5;0.32
14.3;-4;-6.57;5;0.30
14.3;-4;-6.60;5;0.25
14.3;-4;-6.63;5;0.33
14.3;-4;-6.66;5;0.32
14.3;-4;-6.69;5;0.32
14.3;-4;-6.72;5;0.25
14.3;-4;-6.75;5;0.29
14.3;-4;-6.93;3;0.47
14.3;-4;-6.96;3;0.44
14.3;-4;-6.99;3;0.48
14.3;-4;-7.02;3;0.43
14.3;-4;-7.05;3;0.46
14.3;-4;-7.08;3;0.49
14.3;-4;-7.11;3;0.46
14.3;-4;-7.14;3;0.49
14.3;-4;-7.17;3;0.43
14.3;-4;-7.20;3;0.44
14.3;-4;-7.23;3;0.49
14.3;-4;-7.26;3;0.42
14.3;-4;-7.32;3;0.49
14.3;-4;-7.35;3;0.42
14.3;-4;-7.38;3;0.49
14.3;-4;-7.41;3;0.46
14.3;-4;-7.44;3;0.40
14.3;-4;-7.47;3;0.50
14.3;-4;-7.50;3;0.42
14.3;-4;-7.53;3;0.40
14.3;-4;-7.56;3;0.49
14.3;-4;-7.59;3;0.47
14.3;-4;-7.62;3;0.48
14.3;-4;-7.65;3;0.42
14.3;-4;-7.68;3;0.46
14.3;-4;-7.74;5;0.32
14.3;-4;-7.77;5;0.34
14.3;-4;-7.80;5;0.28
14.3;-4;-7.83;5;0.26
14.3;-4;-7.86;5;0.26
14.3;-4;-7.89;5;0.34
14.3;-4;-7.92;5;0.28
14.3;-4;-7.95;5;0.27
14.3;-4;-7.98;5;0.30
14.3;-4;-8.01;5;0.32
14.3;-4;-8.04;5;0.31
14.3;-4;-8.07;5;0.35
14.3;-4;-8.10;5;0.25
14.3;-4;-8.13;5;0.29
14.3;-4;-8.16;5;0.28
14.3;-4;-8.19;5;0.31
14.3;-4;-8.22;5;0.34
14.3;-4;-8.25;5;0.33
14.3;-4;-8.28;5;0.34
14.3;-4;-8.31;5;0.28
14.3;-4;-8.34;5;0.27
14.3;-4;-8.37;5;0.35
14.3;-4;-8.40;5;0.25
14.3;-4;-8.46;6;0.34
14.3;-4;-8.49;6;0.31
14.3;-4;-8.52;6;0.33
14.3;-4;-8.55;6;0.33
14.3;-4;-8.58;6;0.27
14.3;-4;-8.61;6;0.32
14.3;-4;-8.64;6;0.26
14.3;-4;-8.67;6;0.31
14.3;-4;-8.70;6;0.30
14.3;-4;-8.73;6;0.32
14.3;-4;-8.79;5;0.31
14.3;-4;-8.82;5;0.25
14.3;-4;-8.85;5;0.35
14.3;-4;-8.88;5;0.26
14.3;-4;-8.91;5;0.31
14.3;-4;-8.94;5;0.33
14.3;-4;-8.97;5;0.30
14.3;-4;-9.00;5;0.27
14.3;-4;-9.03;5;0.31
14.3;-4;-9.06;5;0.32
14.3;-4;-9.09;5;0.32
14.3;-4;-9.12;5;0.25
14.3;-4;-9.15;5;0.31
14.3;-4;-9.18;5;0.27
14.3;-4;-9.21;5;0.29
14.3;-4;-9.36;3;0.46
14.3;-4;-9.39;3;0.40
14.3;-4;-9.42;3;0.48
14.3;-4;-9.45;3;0.42
14.3;-4;-9.48;3;0.40
14.3;-4;-9.51;3;0.42
14.3;-4;-9.54;3;0.48
14.3;-4;-9.57;3;0.41
14.3;-4;-9.60;3;0.45
14.3;-4;-9.63;3;0.48
14.3;-4;-9.66;3;0.48
14.3;-4;-9.69;3;0.43
14.3;-4;-9.72;3;0.48
14.3;-4;-9.75;3;0.47
14.3;-4;-9.78;3;0.46
14.3;-4;-9.81;3;0.43
14.3;-4;-9.84;3;0.47
14.3;-4;-9.87;3;0.50
14.3;-4;-9.90;3;0.41
14.3;-4;-9.93;3;0.50
14.3;-4;-9.99;3;0.49
14.3;-4;-10.02;3;0.44
14.3;-4;-10.05;3;0.46
14.3;-4;-10.08;3;0.46
14.3;-4;-10.11;3;0.48
14.3;-4;-10.14;3;0.50
14.3;-4;-10.17;3;0.45
14.3;-4;-10.20;3;0.41
14.3;-4;-10.26;5;0.29
14.3;-4;-10.29;5;0.31
14.3;-4;-10.32;5;0.32
14.3;-4;-10.35;5;0.33
14.3;-4;-10.38;5;0.28
14.3;-4;-10.44;5;0.32
14.3;-4;-10.47;5;0.28
14.3;-4;-10.50;5;0.32
14.3;-4;-10.53;5;0.31
14.3;-4;-10.56;5;0.32
14.3;-4;-10.59;5;0.34
14.3;-4;-10.62;5;0.32
14.3;-4;-10.65;5;0.34
14.3;-4;-10.68;5;0.28
14.3;-4;-10.71;5;0.34
14.3;-4;-10.74;5;0.31
14.3;-4;-10.77;5;0.33
14.3;-4;-10.80;5;0.31
14.3;-4;-10.83;5;0.35
14.3;-4;-10.86;5;0.26
14.3;-4;-10.89;5;0.28
14.3;-4;-10.92;5;0.31
14.3;-4;-10.95;5;0.31
14.3;-4;-10.98;5;0.34
14.3;-4;-11.01;5;0.31
14.3;-4;-11.04;5;0.35
14.3;-4;-11.07;5;0.28
14.3;-4;-11.10;5;0.27
14.3;-4;-11.13;5;0.30
14.3;-4;-11.16;5;0.32
14.3;-4;-11.22;5;0.34
14.3;-4;-11.25;5;0.35
14.3;-4;-11.28;5;0.31
14.3;-4;-11.31;5;0.26
14.3;-4;-11.34;5;0.34
14.3;-4;-11.37;5;0.28
14.3;-4;-11.40;5;0.33
14.3;-4;-11.43;5;0.25
14.3;-4;-11.46;5;0.34
14.3;-4;-11.49;5;0.33
14.3;-4;-11.52;5;0.32
14.3;-4;-11.55;5;0.26
14.3;-4;-11.58;5;0.25
14.3;-4;-11.61;5;0.31
14.3;-4;-11.64;5;0.31
14.3;-4;-11.70;7;0.32
14.3;-4;-11.73;7;0.33
14.3;-4;-11.76;7;0.35
14.3;-4;-11.79;7;0.32
14.3;-4;-11.82;7;0.33
14.3;-4;-11.85;7;0.30
14.3;-4;-11.88;7;0.35
14.3;-4;-11.91;7;0.33
14.3;-4;-11.94;7;0.31
14.3;-4;-11.97;7;0.33
14.3;-4;-12.00;7;0.34
14.3;-4;-12.03;7;0.30
14.3;-4;-12.06;7;0.31
14.3;-4;-12.09;7;0.32
14.3;-4;-12.12;7;0.34
14.3;-4;-12.15;7;0.35
14.3;-4;-12.18;7;0.30
14.3;-4;-12.21;7;0.34
14.3;-4;-12.27;7;0.35
14.3;-4;-12.30;7;0.31
14.3;-4;-12.33;7;0.33
14.3;-4;-12.36;7;0.34
14.3;-4;-12.39;7;0.32
14.3;-4;-12.42;7;0.34
14.3;-4;-12.45;7;0.34
14.3;-4;-12.48;7;0.30
14.3;-4;-12.51;7;0.33
14.3;-4;-12.54;7;0.31
14.3;-4;-12.57;7;0.33
14.3;-4;-12.60;7;0.35
14.3;-4;-12.63;7;0.30
14.3;-4;-12.66;7;0.34
14.3;-4;-12.69;8;0.10
14.3;-4;-12.72;8;0.14
14.3;-4;-12.75;8;0.14
14.3;-4;-12.78;8;0.12
14.3;-4;-12.81;8;0.11
14.3;-4;-12.84;8;0.14
14.3;-4;-12.87;8;0.11
14.3;-4;-12.90;8;0.11
14.3;-4;-12.93;8;0.10
14.3;-4;-12.96;8;0.12
14.3;-4;-12.99;8;0.13
14.3;-4;-13.02;8;0.13
14.3;-4;-13.05;8;0.15
14.3;-4;-13.08;8;0.15
14.3;-4;-13.11;8;0.15
14.3;-4;-13.14;8;0.12
14.3;-4;-13.17;8;0.13
14.3;-4;-13.20;8;0.10
14.3;-4;-13.23;8;0.14
14.3;-4;-13.26;8;0.13
14.3;-4;-13.29;8;0.11
14.3;-4;-13.32;8;0.13
14.3;-4;-13.35;8;0.12
14.3;-4;-13.38;8;0.12
14.3;-4;-13.41;8;0.11
14.3;-4;-13.44;8;0.14
14.3;-4;-13.47;8;0.13
14.3;-4;-13.50;8;0.13
14.3;-4;-13.53;8;0.14
14.3;-4;-13.56;8;0.13
14.3;-4;-13.59;8;0.14
14.3;-4;-13.62;8;0.11
14.3;-4;-13.65;8;0.13
14.3;-4;-13.68;8;0.11
14.3;-4;-13.71;8;0.13
14.3;-4;-13.74;8;0.14
14.3;-4;-13.77;8;0.12
14.3;-4;-13.80;8;0.10
14.3;-4;-13.83;8;0.10
14.3;-4;-13.86;8;0.13
14.3;-4;-13.89;8;0.13
14.3;-4;-13.92;8;0.13
14.3;-4;-13.95;8;0.11
14.3;-4;-13.98;8;0.10
14.3;-4;-14.01;8;0.11
14.3;-4;-14.04;8;0.15
14.3;-4;-14.07;8;0.11
14.3;-4;-14.10;8;0.14
14.3;-4;-14.13;8;0.12
14.3;-4;-14.16;8;0.11
14.3;-4;-14.19;8;0.12
14.3;-4;-14.22;8;0.11
14.3;-4;-14.25;8;0.13
14.3;-4;-14.28;8;0.14
14.3;-4;-14.31;8;0.15
14.3;-4;-14.34;8;0.13
14.3;-4;-14.37;8;0.13
14.3;-4;-14.40;8;0.11
14.3;-4;-14.43;8;0.11
14.3;-4;-14.46;8;0.14
14.3;-4;-14.49;8;0.14
14.3;-4;-14.52;8;0.13
14.3;-4;-14.55;8;0.12
14.3;-4;-14.58;8;0.13
14.3;-4;-14.61;8;0.13
14.3;-4;-14.64;8;0.10
14.3;-4;-14.67;8;0.15
14.3;-4;-14.70;8;0.14
14.3;-4;-14.73;8;0.11
14.3;-4;-14.76;8;0.12
14.3;-4;-14.79;8;0.13
14.3;-4;-14.82;8;0.11
14.3;-4;-14.85;8;0.12
14.3;-4;-14.88;8;0.12
14.3;-4;-14.91;8;0.14
14.3;-4;-14.94;8;0.14
14.3;-4;-14.97;8;0.11
14.3;-4;-15.00;8;0.10
22.4;-4;-0.10;-4;0.79
22.4;-4;-0.30;-4;0.60
22.4;-4;-0.50;-4;0.69
22.4;-4;-0.70;-4;0.75
22.4;-4;-0.90;-4;0.41
22.4;-4;-1.10;-4;0.73
22.4;-4;-1.30;-4;0.51
22.4;-4;-1.50;-4;0.63
22.4;-4;-1.70;-4;0.72
22.4;-4;-1.90;-4;0.68
22.4;-4;-2.16;2;0.44
22.4;-4;-2.19;2;0.47
22.4;-4;-2.22;2;0.40
22.4;-4;-2.25;2;0.50
22.4;-4;-2.28;2;0.46
22.4;-4;-2.31;2;0.40
22.4;-4;-2.34;2;0.50
22.4;-4;-2.37;2;0.41
22.4;-4;-2.40;2;0.48
22.4;-4;-2.43;2;0.43
22.4;-4;-2.46;2;0.42
22.4;-4;-2.49;2;0.45
22.4;-4;-2.55;2;0.43
22.4;-4;-2.58;2;0.50
22.4;-4;-2.61;2;0.40
22.4;-4;-2.64;2;0.46
22.4;-4;-2.67;2;0.44
22.4;-4;-2.70;2;0.50
22.4;-4;-2.73;2;0.46
22.4;-4;-2.76;2;0.46
22.4;-4;-2.79;2;0.49
22.4;-4;-2.82;2;0.40
22.4;-4;-2.85;2;0.44
22.4;-4;-2.88;2;0.49
22.4;-4;-2.91;2;0.43
22.4;-4;-2.94;2;0.46
22.4;-4;-2.97;2;0.45
22.4;-4;-3.00;2;0.45
22.4;-4;-3.03;2;0.40
22.4;-4;-3.06;2;0.48
22.4;-4;-3.09;2;0.48
22.4;-4;-3.12;2;0.48
22.4;-4;-3.15;2;0.41
22.4;-4;-3.18;2;0.45
22.4;-4;-3.21;2;0.44
22.4;-4;-3.24;2;0.40
22.4;-4;-3.27;2;0.46
22.4;-4;-3.30;2;0.43
22.4;-4;-3.33;2;0.45
22.4;-4;-3.36;2;0.42
22.4;-4;-3.39;2;0.44
22.4;-4;-3.42;2;0.49
22.4;-4;-3.45;2;0.45
22.4;-4;-3.48;2;0.43
22.4;-4;-3.51;2;0.41
22.4;-4;-3.54;2;0.48
22.4;-4;-3.60;3;0.49
22.4;-4;-3.63;3;0.46
22.4;-4;-3.66;3;0.50
22.4;-4;-3.69;3;0.47
22.4;-4;-3.72;3;0.41
22.4;-4;-3.75;3;0.43
22.4;-4;-3.78;3;0.49
22.4;-4;-3.81;3;0.45
22.4;-4;-3.84;3;0.48
22.4;-4;-3.87;3;0.50
22.4;-4;-3.90;3;0.49
22.4;-4;-3.93;3;0.49
22.4;-4;-3.96;3;0.45
22.4;-4;-3.99;3;0.40
22.4;-4;-4.02;3;0.44
22.4;-4;-4.05;3;0.44
22.4;-4;-4.08;3;0.41
22.4;-4;-4.11;3;0.47
22.4;-4;-4.14;3;0.50
22.4;-4;-4.17;3;0.45
22.4;-4;-4.20;3;0.45
22.4;-4;-4.23;3;0.43
22.4;-4;-4.29;3;0.46
22.4;-4;-4.32;3;0.45
22.4;-4;-4.35;3;0.45
22.4;-4;-4.38;3;0.45
22.4;-4;-4.41;3;0.42
22.4;-4;-4.44;3;0.43
22.4;-4;-4.47;3;0.42
22.4;-4;-4.50;3;0.49
22.4;-4;-4.53;3;0.41
22.4;-4;-4.56;3;0.42
22.4;-4;-4.59;3;0.45
22.4;-4;-4.62;3;0.48
22.4;-4;-4.65;3;0.42
22.4;-4;-4.68;3;0.46
22.4;-4;-4.71;3;0.43
22.4;-4;-4.74;3;0.47
22.4;-4;-4.77;3;0.46
22.4;-4;-4.80;3;0.48
22.4;-4;-4.83;3;0.44
22.4;-4;-4.86;3;0.41
22.4;-4;-4.89;3;0.50
22.4;-4;-4.92;3;0.44
22.4;-4;-4.95;3;0.49
22.4;-4;-4.98;3;0.46
22.4;-4;-5.01;3;0.47
22.4;-4;-5.16;3;0.50
22.4;-4;-5.19;3;0.42
22.4;-4;-5.22;3;0.46
22.4;-4;-5.25;3;0.47
22.4;-4;-5.28;3;0.49
22.4;-4;-5.31;3;0.46
22.4;-4;-5.34;3;0.50
22.4;-4;-5.37;3;0.48
22.4;-4;-5.40;3;0.41
22.4;-4;-5.43;3;0.45
22.4;-4;-5.46;3;0.40
22.4;-4;-5.49;3;0.44
22.4;-4;-5.52;3;0.50
22.4;-4;-5.55;3;0.48
22.4;-4;-5.58;3;0.45
22.4;-4;-5.61;3;0.45
22.4;-4;-5.64;3;0.47
22.4;-4;-5.67;3;0.40
22.4;-4;-5.70;3;0.45
22.4;-4;-5.73;3;0.46
22.4;-4;-5.79;3;0.41
22.4;-4;-5.82;3;0.46
22.4;-4;-5.85;3;0.41
22.4;-4;-5.88;3;0.48
22.4;-4;-5.91;3;0.43
22.4;-4;-5.94;3;0.45
22.4;-4;-5.97;3;0.43
22.4;-4;-6.00;3;0.48
22.4;-4;-6.03;3;0.41
22.4;-4;-6.06;3;0.48
22.4;-4;-6.09;3;0.46
22.4;-4;-6.12;3;0.43
22.4;-4;-6.15;3;0.44
22.4;-4;-6.18;3;0.42
22.4;-4;-6.21;3;0.41
22.4;-4;-6.24;3;0.47
22.4;-4;-6.27;3;0.41
22.4;-4;-6.30;3;0.46
22.4;-4;-6.33;3;0.45
22.4;-4;-6.36;3;0.47
22.4;-4;-6.39;3;0.46
22.4;-4;-6.42;3;0.42
22.4;-4;-6.45;3;0.43
22.4;-4;-6.51;5;0.29
22.4;-4;-6.54;5;0.26
22.4;-4;-6.57;5;0.34
22.4;-4;-6.60;5;0.35
22.4;-4;-6.63;5;0.30
22.4;-4;-6.66;5;0.30
22.4;-4;-6.69;5;0.26
22.4;-4;-6.72;5;0.26
22.4;-4;-6.75;5;0.26
22.4;-4;-6.78;5;0.34
22.4;-4;-6.81;5;0.34
22.4;-4;-6.84;5;0.33
22.4;-4;-6.87;5;0.27
22.4;-4;-6.90;5;0.28
22.4;-4;-6.93;5;0.30
22.4;-4;-6.96;5;0.31
22.4;-4;-6.99;5;0.25
22.4;-4;-7.02;5;0.33
22.4;-4;-7.05;5;0.29
22.4;-4;-7.08;5;0.30
22.4;-4;-7.11;5;0.31
22.4;-4;-7.14;5;0.30
22.4;-4;-7.17;5;0.25
22.4;-4;-7.20;5;0.29
22.4;-4;-7.23;5;0.25
22.4;-4;-7.26;5;0.25
22.4;-4;-7.29;5;0.29
22.4;-4;-7.35;5;0.33
22.4;-4;-7.38;5;0.26
22.4;-4;-7.41;5;0.31
22.4;-4;-7.44;5;0.33
22.4;-4;-7.47;5;0.28
22.4;-4;-7.50;5;0.30
22.4;-4;-7.53;5;0.33
22.4;-4;-7.56;5;0.32
22.4;-4;-7.62;6;0.31
22.4;-4;-7.65;6;0.27
22.4;-4;-7.68;6;0.32
22.4;-4;-7.71;6;0.27
22.4;-4;-7.74;6;0.34
22.4;-4;-7.77;6;0.33
22.4;-4;-7.80;6;0.31
22.4;-4;-7.83;6;0.33
22.4;-4;-7.89;5;0.31
22.4;-4;-7.92;5;0.34
22.4;-4;-7.95;5;0.30
22.4;-4;-7.98;5;0.31
22.4;-4;-8.01;5;0.26
22.4;-4;-8.04;5;0.25
22.4;-4;-8.07;5;0.25
22.4;-4;-8.10;5;0.32
22.4;-4;-8.13;5;0.28
22.4;-4;-8.16;5;0.29
22.4;-4;-8.19;5;0.27
22.4;-4;-8.22;5;0.27
22.4;-4;-8.25;5;0.26
22.4;-4;-8.28;5;0.30
22.4;-4;-8.31;5;0.31
22.4;-4;-8.34;5;0.27
22.4;-4;-8.37;5;0.26
22.4;-4;-8.40;5;0.31
22.4;-4;-8.43;5;0.30
22.4;-4;-8.46;5;0.30
22.4;-4;-8.49;5;0.34
22.4;-4;-8.52;5;0.32
22.4;-4;-8.55;5;0.28
22.4;-4;-8.58;5;0.28
22.4;-4;-8.61;5;0.30
22.4;-4;-8.64;5;0.28
22.4;-4;-8.67;5;0.28
22.4;-4;-8.82;3;0.41
22.4;-4;-8.85;3;0.45
22.4;-4;-8.88;3;0.46
22.4;-4;-8.91;3;0.46
22.4;-4;-8.94;3;0.42
22.4;-4;-8.97;3;0.47
22.4;-4;-9.00;3;0.50
22.4;-4;-9.03;3;0.46
22.4;-4;-9.06;3;0.47
22.4;-4;-9.09;3;0.49
22.4;-4;-9.12;3;0.46
22.4;-4;-9.15;3;0.42
22.4;-4;-9.21;3;0.41
22.4;-4;-9.24;3;0.46
22.4;-4;-9.27;3;0.48
22.4;-4;-9.30;3;0.49
22.4;-4;-9.33;3;0.42
22.4;-4;-9.36;3;0.49
22.4;-4;-9.39;3;0.42
22.4;-4;-9.42;3;0.50
22.4;-4;-9.48;5;0.26
22.4;-4;-9.51;5;0.31
22.4;-4;-9.54;5;0.33
22.4;-4;-9.57;5;0.34
22.4;-4;-9.60;5;0.35
22.4;-4;-9.63;5;0.28
22.4;-4;-9.66;5;0.28
22.4;-4;-9.69;5;0.26
22.4;-4;-9.72;5;0.35
22.4;-4;-9.75;5;0.33
22.4;-4;-9.78;5;0.26
22.4;-4;-9.81;5;0.32
22.4;-4;-9.84;5;0.29
22.4;-4;-9.87;5;0.27
22.4;-4;-9.90;5;0.31
22.4;-4;-9.93;5;0.31
22.4;-4;-9.96;5;0.29
22.4;-4;-9.99;5;0.26
22.4;-4;-10.02;5;0.32
22.4;-4;-10.05;5;0.27
22.4;-4;-10.08;5;0.32
22.4;-4;-10.14;5;0.29
22.4;-4;-10.17;5;0.31
22.4;-4;-10.20;5;0.27
22.4;-4;-10.23;5;0.31
22.4;-4;-10.26;5;0.32
22.4;-4;-10.29;5;0.28
22.4;-4;-10.32;5;0.35
22.4;-4;-10.35;5;0.32
22.4;-4;-10.38;5;0.26
22.4;-4;-10.41;5;0.28
22.4;-4;-10.44;5;0.34
22.4;-4;-10.47;5;0.26
22.4;-4;-10.50;5;0.28
22.4;-4;-10.68;5;0.26
22.4;-4;-10.71;5;0.28
22.4;-4;-10.74;5;0.27
22.4;-4;-10.77;5;0.28
22.4;-4;-10.80;5;0.33
22.4;-4;-10.83;5;0.26
22.4;-4;-10.86;5;0.30
22.4;-4;-10.89;5;0.30
22.4;-4;-10.92;5;0.33
22.4;-4;-10.95;5;0.33
22.4;-4;-10.98;5;0.35
22.4;-4;-11.01;5;0.31
22.4;-4;-11.04;5;0.30
22.4;-4;-11.07;5;0.31
22.4;-4;-11.10;5;0.32
22.4;-4;-11.13;5;0.26
22.4;-4;-11.16;5;0.31
22.4;-4;-11.22;5;0.31
22.4;-4;-11.25;5;0.32
22.4;-4;-11.28;5;0.29
22.4;-4;-11.31;5;0.26
22.4;-4;-11.34;5;0.26
22.4;-4;-11.37;5;0.34
22.4;-4;-11.40;5;0.31
22.4;-4;-11.43;5;0.30
22.4;-4;-11.46;5;0.33
22.4;-4;-11.49;5;0.31
22.4;-4;-11.52;5;0.33
22.4;-4;-11.55;5;0.28
22.4;-4;-11.58;5;0.27
22.4;-4;-11.61;5;0.28
22.4;-4;-11.64;5;0.29
22.4;-4;-11.67;5;0.32
22.4;-4;-11.70;5;0.33
22.4;-4;-11.73;5;0.27
22.4;-4;-11.79;7;0.31
22.4;-4;-11.82;7;0.34
22.4;-4;-11.85;7;0.33
22.4;-4;-11.88;7;0.33
22.4;-4;-11.91;7;0.34
22.4;-4;-11.94;7;0.35
22.4;-4;-11.97;7;0.33
22.4;-4;-12.00;7;0.31
22.4;-4;-12.03;7;0.33
22.4;-4;-12.06;7;0.34
22.4;-4;-12.09;7;0.34
22.4;-4;-12.12;7;0.32
22.4;-4;-12.15;7;0.31
22.4;-4;-12.18;7;0.30
22.4;-4;-12.21;7;0.31
22.4;-4;-12.24;7;0.34
22.4;-4;-12.27;7;0.30
22.4;-4;-12.30;7;0.34
22.4;-4;-12.33;7;0.32
22.4;-4;-12.36;7;0.31
22.4;-4;-12.42;7;0.31
22.4;-4;-12.45;7;0.33
22.4;-4;-12.48;7;0.32
22.4;-4;-12.51;7;0.31
22.4;-4;-12.54;7;0.35
22.4;-4;-12.57;7;0.31
22.4;-4;-12.60;7;0.33
22.4;-4;-12.63;7;0.33
22.4;-4;-12.66;7;0.33
22.4;-4;-12.69;7;0.31
22.4;-4;-12.75;3;0.41
22.4;-4;-12.78;3;0.41
22.4;-4;-12.81;3;0.42
22.4;-4;-12.84;3;0.45
22.4;-4;-12.87;3;0.44
22.4;-4;-12.90;3;0.47
22.4;-4;-12.93;3;0.47
22.4;-4;-12.96;3;0.44
22.4;-4;-12.99;3;0.48
22.4;-4;-13.02;3;0.46
22.4;-4;-13.05;3;0.40
22.4;-4;-13.08;3;0.45
22.4;-4;-13.11;8;0.13
22.4;-4;-13.14;8;0.11
22.4;-4;-13.17;8;0.11
22.4;-4;-13.20;8;0.14
22.4;-4;-13.23;8;0.14
22.4;-4;-13.26;8;0.13
22.4;-4;-13.29;8;0.10
22.4;-4;-13.32;8;0.14
22.4;-4;-13.35;8;0.11
22.4;-4;-13.38;8;0.15
22.4;-4;-13.41;8;0.10
22.4;-4;-13.44;8;0.14
22.4;-4;-13.47;8;0.12
22.4;-4;-13.50;8;0.12
22.4;-4;-13.53;8;0.11
22.4;-4;-13.56;8;0.13
22.4;-4;-13.59;8;0.13
22.4;-4;-13.62;8;0.10
22.4;-4;-13.65;8;0.11
22.4;-4;-13.68;8;0.12
22.4;-4;-13.71;8;0.13
22.4;-4;-13.74;8;0.11
22.4;-4;-13.77;8;0.13
22.4;-4;-13.80;8;0.10
22.4;-4;-13.83;8;0.14
22.4;-4;-13.86;8;0.14
22.4;-4;-13.89;8;0.13
22.4;-4;-13.92;8;0.15
22.4;-4;-13.95;8;0.12
22.4;-4;-13.98;8;0.13
22.4;-4;-14.01;8;0.12
22.4;-4;-14.04;8;0.11
22.4;-4;-14.07;8;0.12
22.4;-4;-14.10;8;0.14
22.4;-4;-14.13;8;0.14
22.4;-4;-14.16;8;0.11
22.4;-4;-14.19;8;0.14
22.4;-4;-14.22;8;0.12
22.4;-4;-14.25;8;0.10
22.4;-4;-14.28;8;0.13
22.4;-4;-14.31;8;0.11
22.4;-4;-14.34;8;0.13
22.4;-4;-14.37;8;0.11
22.4;-4;-14.40;8;0.10
22.4;-4;-14.43;8;0.13
22.4;-4;-14.46;8;0.15
22.4;-4;-14.49;8;0.14
22.4;-4;-14.52;8;0.13
22.4;-4;-14.55;8;0.12
22.4;-4;-14.58;8;0.13
22.4;-4;-14.61;8;0.11
22.4;-4;-14.64;8;0.14
22.4;-4;-14.67;8;0.14
22.4;-4;-14.70;8;0.13
22.4;-4;-14.73;8;0.13
22.4;-4;-14.76;8;0.14
22.4;-4;-14.79;8;0.15
22.4;-4;-14.82;8;0.13
22.4;-4;-14.85;8;0.13
22.4;-4;-14.88;8;0.11
22.4;-4;-14.91;8;0.14
22.4;-4;-14.94;8;0.11
22.4;-4;-14.97;8;0.12
22.4;-4;-15.00;8;0.12
31.5;-4;-0.10;-4;0.40
31.5;-4;-0.20;-4;0.76
31.5;-4;-0.30;-4;0.70
31.5;-4;-0.40;-4;0.39
31.5;-4;-0.50;-4;0.72
31.5;-4;-0.60;-4;0.33
31.5;-4;-0.70;-4;0.37
31.5;-4;-0.80;-4;0.65
31.5;-4;-1.47;2;0.47
31.5;-4;-1.50;2;0.41
31.5;-4;-1.53;2;0.41
31.5;-4;-1.56;2;0.46
31.5;-4;-1.59;2;0.40
31.5;-4;-1.62;2;0.43
31.5;-4;-1.65;2;0.42
31.5;-4;-1.68;2;0.41
31.5;-4;-1.71;2;0.50
31.5;-4;-1.74;2;0.48
31.5;-4;-1.77;2;0.42
31.5;-4;-1.80;2;0.48
31.5;-4;-1.83;2;0.43
31.5;-4;-1.86;2;0.42
31.5;-4;-1.89;2;0.41
31.5;-4;-1.92;2;0.48
31.5;-4;-1.98;3;0.46
31.5;-4;-2.01;3;0.46
31.5;-4;-2.04;3;0.43
31.5;-4;-2.07;3;0.48
31.5;-4;-2.10;3;0.41
31.5;-4;-2.13;3;0.43
31.5;-4;-2.16;3;0.46
31.5;-4;-2.19;3;0.42
31.5;-4;-2.22;3;0.48
31.5;-4;-2.25;3;0.45
31.5;-4;-2.28;3;0.42
31.5;-4;-2.31;3;0.49
31.5;-4;-2.34;3;0.45
31.5;-4;-2.37;3;0.41
31.5;-4;-2.40;3;0.41
31.5;-4;-2.43;3;0.50
31.5;-4;-2.46;3;0.45
31.5;-4;-2.49;3;0.48
31.5;-4;-2.52;3;0.44
31.5;-4;-2.55;3;0.49
31.5;-4;-2.58;3;0.46
31.5;-4;-2.61;3;0.48
31.5;-4;-2.67;3;0.40
31.5;-4;-2.70;3;0.46
31.5;-4;-2.73;3;0.41
31.5;-4;-2.76;3;0.44
31.5;-4;-2.79;3;0.40
31.5;-4;-2.82;3;0.48
31.5;-4;-2.85;3;0.45
31.5;-4;-2.88;3;0.48
31.5;-4;-2.91;3;0.44
31.5;-4;-2.94;3;0.43
31.5;-4;-2.97;3;0.48
31.5;-4;-3.00;3;0.47
31.5;-4;-3.03;3;0.49
31.5;-4;-3.06;3;0.48
31.5;-4;-3.09;3;0.49
31.5;-4;-3.12;3;0.47
31.5;-4;-3.15;3;0.43
31.5;-4;-3.18;3;0.48
31.5;-4;-3.21;3;0.42
31.5;-4;-3.36;3;0.41
31.5;-4;-3.39;3;0.48
31.5;-4;-3.42;3;0.50
31.5;-4;-3.45;3;0.41
31.5;-4;-3.48;3;0.46
31.5;-4;-3.51;3;0.45
31.5;-4;-3.54;3;0.41
31.5;-4;-3.57;3;0.40
31.5;-4;-3.60;3;0.43
31.5;-4;-3.63;3;0.44
31.5;-4;-3.66;3;0.46
31.5;-4;-3.69;3;0.45
31.5;-4;-3.75;4;0.48
31.5;-4;-3.78;4;0.42
31.5;-4;-3.81;4;0.44
31.5;-4;-3.84;4;0.47
31.5;-4;-3.87;4;0.40
31.5;-4;-3.90;4;0.41
31.5;-4;-3.93;4;0.42
31.5;-4;-3.96;4;0.49
31.5;-4;-3.99;4;0.42
31.5;-4;-4.02;4;0.47
31.5;-4;-4.05;4;0.46
31.5;-4;-4.08;4;0.41
31.5;-4;-4.14;5;0.28
31.5;-4;-4.17;5;0.29
31.5;-4;-4.20;5;0.31
31.5;-4;-4.23;5;0.32
31.5;-4;-4.29;4;0.43
31.5;-4;-4.32;4;0.50
31.5;-4;-4.35;4;0.40
31.5;-4;-4.38;4;0.46
31.5;-4;-4.41;4;0.45
31.5;-4;-4.44;4;0.40
31.5;-4;-4.47;4;0.46
31.5;-4;-4.50;4;0.48
31.5;-4;-4.53;4;0.47
31.5;-4;-4.56;4;0.44
31.5;-4;-4.59;4;0.44
31.5;-4;-4.65;5;0.31
31.5;-4;-4.68;5;0.27
31.5;-4;-4.71;5;0.30
31.5;-4;-4.74;5;0.29
31.5;-4;-4.77;5;0.34
31.5;-4;-4.80;5;0.34
31.5;-4;-4.83;5;0.26
31.5;-4;-4.89;4;0.44
31.5;-4;-4.92;4;0.42
31.5;-4;-4.95;4;0.48
31.5;-4;-4.98;4;0.42
31.5;-4;-5.01;4;0.50
31.5;-4;-5.04;4;0.48
31.5;-4;-5.10;5;0.34
31.5;-4;-5.13;5;0.31
31.5;-4;-5.16;5;0.33
31.5;-4;-5.19;5;0.26
31.5;-4;-5.22;5;0.31
31.5;-4;-5.25;5;0.27
31.5;-4;-5.28;5;0.29
31.5;-4;-5.31;5;0.26
31.5;-4;-5.34;5;0.28
31.5;-4;-5.37;5;0.30
31.5;-4;-5.40;5;0.28
31.5;-4;-5.43;5;0.30
31.5;-4;-5.46;5;0.32
31.5;-4;-5.49;5;0.31
31.5;-4;-5.52;5;0.32
31.5;-4;-5.55;5;0.32
31.5;-4;-5.58;5;0.33
31.5;-4;-5.61;5;0.29
31.5;-4;-5.64;5;0.25
31.5;-4;-5.67;5;0.31
31.5;-4;-5.73;5;0.33
31.5;-4;-5.76;5;0.29
31.5;-4;-5.79;5;0.26
31.5;-4;-5.82;5;0.34
31.5;-4;-5.85;5;0.29
31.5;-4;-5.88;5;0.34
31.5;-4;-5.91;5;0.34
31.5;-4;-5.94;5;0.30
31.5;-4;-5.97;5;0.32
31.5;-4;-6.03;6;0.27
31.5;-4;-6.06;6;0.28
31.5;-4;-6.09;6;0.30
31.5;-4;-6.12;6;0.32
31.5;-4;-6.15;6;0.30
31.5;-4;-6.18;6;0.32
31.5;-4;-6.21;6;0.28
31.5;-4;-6.24;6;0.31
31.5;-4;-6.27;6;0.34
31.5;-4;-6.30;6;0.30
31.5;-4;-6.33;6;0.27
31.5;-4;-6.36;6;0.33
31.5;-4;-6.39;6;0.31
31.5;-4;-6.45;5;0.28
31.5;-4;-6.48;5;0.27
31.5;-4;-6.51;5;0.31
31.5;-4;-6.54;5;0.32
31.5;-4;-6.57;5;0.28
31.5;-4;-6.60;5;0.29
31.5;-4;-6.63;5;0.29
31.5;-4;-6.66;5;0.32
31.5;-4;-6.69;5;0.27
31.5;-4;-6.72;5;0.26
31.5;-4;-6.75;5;0.27
31.5;-4;-6.78;5;0.34
31.5;-4;-6.81;5;0.29
31.5;-4;-6.84;5;0.28
31.5;-4;-6.87;5;0.27
31.5;-4;-6.90;5;0.26
31.5;-4;-6.93;5;0.33
31.5;-4;-6.96;5;0.28
31.5;-4;-6.99;5;0.30
31.5;-4;-7.02;5;0.35
31.5;-4;-7.05;5;0.30
31.5;-4;-7.08;5;0.28
31.5;-4;-7.11;5;0.33
31.5;-4;-7.14;5;0.29
31.5;-4;-7.17;5;0.33
31.5;-4;-7.20;5;0.29
31.5;-4;-7.23;5;0.30
31.5;-4;-7.26;5;0.33
31.5;-4;-7.29;5;0.28
31.5;-4;-7.32;5;0.28
31.5;-4;-7.35;5;0.26
31.5;-4;-7.38;5;0.33
31.5;-4;-7.44;3;0.41
31.5;-4;-7.47;3;0.44
31.5;-4;-7.50;3;0.48
31.5;-4;-7.53;3;0.42
31.5;-4;-7.56;3;0.47
31.5;-4;-7.59;3;0.41
31.5;-4;-7.62;3;0.48
31.5;-4;-7.65;3;0.49
31.5;-4;-7.68;3;0.41
31.5;-4;-7.71;3;0.47
31.5;-4;-7.74;3;0.48
31.5;-4;-7.77;3;0.41
31.5;-4;-7.80;3;0.49
31.5;-4;-7.83;3;0.44
31.5;-4;-7.86;3;0.42
31.5;-4;-7.89;3;0.46
31.5;-4;-7.92;3;0.41
31.5;-4;-7.95;3;0.50
31.5;-4;-7.98;3;0.45
31.5;-4;-8.01;3;0.44
31.5;-4;-8.04;3;0.44
31.5;-4;-8.07;3;0.44
31.5;-4;-8.10;3;0.45
31.5;-4;-8.13;3;0.44
31.5;-4;-8.16;3;0.42
31.5;-4;-8.19;3;0.47
31.5;-4;-8.22;3;0.42
31.5;-4;-8.25;3;0.44
31.5;-4;-8.28;3;0.47
31.5;-4;-8.31;3;0.40
31.5;-4;-8.34;3;0.41
31.5;-4;-8.37;3;0.45
31.5;-4;-8.40;3;0.41
31.5;-4;-8.43;3;0.47
31.5;-4;-8.46;3;0.41
31.5;-4;-8.49;3;0.44
31.5;-4;-8.52;3;0.44
31.5;-4;-8.55;3;0.41
31.5;-4;-8.58;3;0.43
31.5;-4;-8.61;3;0.46
31.5;-4;-8.67;4;0.46
31.5;-4;-8.70;4;0.47
31.5;-4;-8.73;4;0.48
31.5;-4;-8.76;4;0.46
31.5;-4;-8.79;4;0.43
31.5;-4;-8.82;4;0.50
31.5;-4;-8.85;4;0.49
31.5;-4;-8.88;4;0.41
31.5;-4;-8.91;4;0.49
31.5;-4;-8.94;4;0.43
31.5;-4;-9.00;5;0.34
31.5;-4;-9.03;5;0.29
31.5;-4;-9.06;5;0.29
31.5;-4;-9.09;5;0.26
31.5;-4;-9.12;5;0.25
31.5;-4;-9.15;5;0.35
31.5;-4;-9.18;5;0.28
31.5;-4;-9.21;5;0.28
31.5;-4;-9.24;5;0.29
31.5;-4;-9.27;5;0.34
31.5;-4;-9.30;5;0.29
31.5;-4;-9.33;5;0.33
31.5;-4;-9.36;5;0.26
31.5;-4;-9.39;5;0.33
31.5;-4;-9.42;5;0.34
31.5;-4;-9.45;5;0.28
31.5;-4;-9.48;5;0.33
31.5;-4;-9.51;5;0.28
31.5;-4;-9.54;5;0.32
31.5;-4;-9.57;5;0.34
31.5;-4;-9.60;5;0.27
31.5;-4;-9.63;5;0.33
31.5;-4;-9.66;5;0.33
31.5;-4;-9.69;5;0.27
31.5;-4;-9.72;5;0.27
31.5;-4;-9.75;5;0.28
31.5;-4;-9.78;5;0.32
31.5;-4;-9.81;5;0.33
31.5;-4;-9.87;4;0.43
31.5;-4;-9.90;4;0.44
31.5;-4;-9.93;4;0.41
31.5;-4;-9.96;4;0.42
31.5;-4;-9.99;4;0.48
31.5;-4;-10.02;4;0.45
31.5;-4;-10.05;4;0.43
31.5;-4;-10.08;4;0.42
31.5;-4;-10.11;4;0.49
31.5;-4;-10.14;4;0.43
31.5;-4;-10.17;4;0.41
31.5;-4;-10.20;4;0.46
31.5;-4;-10.23;4;0.48
31.5;-4;-10.26;4;0.46
31.5;-4;-10.29;4;0.49
31.5;-4;-10.32;4;0.48
31.5;-4;-10.35;4;0.47
31.5;-4;-10.38;4;0.46
31.5;-4;-10.41;4;0.42
31.5;-4;-10.44;4;0.46
31.5;-4;-10.47;4;0.41
31.5;-4;-10.50;4;0.42
31.5;-4;-10.53;4;0.42
31.5;-4;-10.56;4;0.49
31.5;-4;-10.59;4;0.40
31.5;-4;-10.62;4;0.44
31.5;-4;-10.65;4;0.47
31.5;-4;-10.71;5;0.33
31.5;-4;-10.74;5;0.29
31.5;-4;-10.77;5;0.34
31.5;-4;-10.80;5;0.29
31.5;-4;-10.83;5;0.34
31.5;-4;-10.86;5;0.34
31.5;-4;-10.89;5;0.33
31.5;-4;-10.92;5;0.31
31.5;-4;-10.95;5;0.30
31.5;-4;-11.10;5;0.29
31.5;-4;-11.13;5;0.25
31.5;-4;-11.16;5;0.32
31.5;-4;-11.19;5;0.29
31.5;-4;-11.22;5;0.29
31.5;-4;-11.25;5;0.29
31.5;-4;-11.28;5;0.27
31.5;-4;-11.31;5;0.26
31.5;-4;-11.34;5;0.30
31.5;-4;-11.37;5;0.26
31.5;-4;-11.40;5;0.31
31.5;-4;-11.43;5;0.27
31.5;-4;-11.46;5;0.26
31.5;-4;-11.52;5;0.32
31.5;-4;-11.55;5;0.28
31.5;-4;-11.58;5;0.28
31.5;-4;-11.61;5;0.26
31.5;-4;-11.64;5;0.34
31.5;-4;-11.67;5;0.33
31.5;-4;-11.70;5;0.30
31.5;-4;-11.73;5;0.31
31.5;-4;-11.76;5;0.25
31.5;-4;-11.79;5;0.29
31.5;-4;-11.82;5;0.27
31.5;-4;-11.85;5;0.26
31.5;-4;-11.88;5;0.32
31.5;-4;-11.91;5;0.26
31.5;-4;-11.97;7;0.31
31.5;-4;-12.00;7;0.32
31.5;-4;-12.03;7;0.32
31.5;-4;-12.06;7;0.35
31.5;-4;-12.09;7;0.33
31.5;-4;-12.12;7;0.33
31.5;-4;-12.15;7;0.34
31.5;-4;-12.18;7;0.34
31.5;-4;-12.21;7;0.34
31.5;-4;-12.27;7;0.32
31.5;-4;-12.30;7;0.31
31.5;-4;-12.33;7;0.33
31.5;-4;-12.36;7;0.30
31.5;-4;-12.39;7;0.32
31.5;-4;-12.45;3;0.49
31.5;-4;-12.48;3;0.41
31.5;-4;-12.51;3;0.43
31.5;-4;-12.54;3;0.48
31.5;-4;-12.57;3;0.44
31.5;-4;-12.60;3;0.46
31.5;-4;-12.63;3;0.44
31.5;-4;-12.66;8;0.10
31.5;-4;-12.69;8;0.14
31.5;-4;-12.72;8;0.12
31.5;-4;-12.75;8;0.14
31.5;-4;-12.78;8;0.12
31.5;-4;-12.81;8;0.12
31.5;-4;-12.84;8;0.12
31.5;-4;-12.87;8;0.13
31.5;-4;-12.90;8;0.14
31.5;-4;-12.93;8;0.11
31.5;-4;-12.96;8;0.14
31.5;-4;-12.99;8;0.11
31.5;-4;-13.02;8;0.10
31.5;-4;-13.05;8;0.12
31.5;-4;-13.08;8;0.11
31.5;-4;-13.11;8;0.11
31.5;-4;-13.14;8;0.11
31.5;-4;-13.17;8;0.13
31.5;-4;-13.20;8;0.15
31.5;-4;-13.23;8;0.14
31.5;-4;-13.26;8;0.15
31.5;-4;-13.29;8;0.11
31.5;-4;-13.32;8;0.14
31.5;-4;-13.35;8;0.13
31.5;-4;-13.38;8;0.14
31.5;-4;-13.41;8;0.12
31.5;-4;-13.44;8;0.12
31.5;-4;-13.47;8;0.14
31.5;-4;-13.50;8;0.11
31.5;-4;-13.53;8;0.14
31.5;-4;-13.56;8;0.12
31.5;-4;-13.59;8;0.11
31.5;-4;-13.62;8;0.13
31.5;-4;-13.65;8;0.14
31.5;-4;-13.68;8;0.11
31.5;-4;-13.71;8;0.11
31.5;-4;-13.74;8;0.14
31.5;-4;-13.77;8;0.13
31.5;-4;-13.80;8;0.14
31.5;-4;-13.83;8;0.13
31.5;-4;-13.86;8;0.14
31.5;-4;-13.89;8;0.11
31.5;-4;-13.92;8;0.11
31.5;-4;-13.95;8;0.13
31.5;-4;-13.98;8;0.14
31.5;-4;-14.01;8;0.13
31.5;-4;-14.04;8;0.12
31.5;-4;-14.07;8;0.14
31.5;-4;-14.10;8;0.13
31.5;-4;-14.13;8;0.11
31.5;-4;-14.16;8;0.14
31.5;-4;-14.19;8;0.13
31.5;-4;-14.22;8;0.11
31.5;-4;-14.25;8;0.13
31.5;-4;-14.28;8;0.10
31.5;-4;-14.31;8;0.14
31.5;-4;-14.34;8;0.11
31.5;-4;-14.37;8;0.11
31.5;-4;-14.40;8;0.11
31.5;-4;-14.43;8;0.14
31.5;-4;-14.46;8;0.15
31.5;-4;-14.49;8;0.15
31.5;-4;-14.52;8;0.13
31.5;-4;-14.55;8;0.11
31.5;-4;-14.58;8;0.11
31.5;-4;-14.61;8;0.11
31.5;-4;-14.64;8;0.13
31.5;-4;-14.67;8;0.11
31.5;-4;-14.70;8;0.11
31.5;-4;-14.73;8;0.13
31.5;-4;-14.76;8;0.11
31.5;-4;-14.79;8;0.13
31.5;-4;-14.82;8;0.11
31.5;-4;-14.85;8;0.11
31.5;-4;-14.88;8;0.14
31.5;-4;-14.91;8;0.12
31.5;-4;-14.94;8;0.11
31.5;-4;-14.97;8;0.14
31.5;-4;-15.00;8;0.13
37;-4;-0.10;-4;0.36
37;-4;-0.20;-4;0.35
37;-4;-0.30;-4;0.57
37;-4;-0.40;-4;0.39
37;-4;-0.50;-4;0.47
37;-4;-0.60;-4;0.78
37;-4;-1.02;2;0.43
37;-4;-1.05;2;0.50
37;-4;-1.08;2;0.44
37;-4;-1.11;2;0.45
37;-4;-1.14;2;0.47
37;-4;-1.17;2;0.48
37;-4;-1.20;2;0.47
37;-4;-1.23;2;0.45
37;-4;-1.26;2;0.44
37;-4;-1.29;2;0.49
37;-4;-1.32;2;0.43
37;-4;-1.35;2;0.46
37;-4;-1.38;2;0.46
37;-4;-1.41;2;0.43
37;-4;-1.44;2;0.41
37;-4;-1.47;2;0.49
37;-4;-1.53;3;0.46
37;-4;-1.56;3;0.43
37;-4;-1.59;3;0.49
37;-4;-1.62;3;0.48
37;-4;-1.65;3;0.41
37;-4;-1.68;3;0.44
37;-4;-1.71;3;0.44
37;-4;-1.74;3;0.48
37;-4;-1.77;3;0.47
37;-4;-1.80;3;0.44
37;-4;-1.83;3;0.45
37;-4;-1.86;3;0.50
37;-4;-1.89;3;0.40
37;-4;-1.92;3;0.40
37;-4;-1.98;4;0.40
37;-4;-2.01;4;0.46
37;-4;-2.04;4;0.46
37;-4;-2.07;4;0.42
37;-4;-2.10;4;0.44
37;-4;-2.13;4;0.45
37;-4;-2.16;4;0.48
37;-4;-2.19;4;0.42
37;-4;-2.22;4;0.41
37;-4;-2.25;4;0.44
37;-4;-2.28;4;0.49
37;-4;-2.31;4;0.49
37;-4;-2.34;4;0.46
37;-4;-2.37;4;0.42
37;-4;-2.40;4;0.50
37;-4;-2.46;3;0.47
37;-4;-2.49;3;0.46
37;-4;-2.52;3;0.48
37;-4;-2.55;3;0.47
37;-4;-2.58;3;0.49
37;-4;-2.61;3;0.46
37;-4;-2.64;3;0.40
37;-4;-2.67;3;0.46
37;-4;-2.70;3;0.49
37;-4;-2.73;3;0.44
37;-4;-2.79;3;0.47
37;-4;-2.82;3;0.44
37;-4;-2.85;3;0.43
37;-4;-2.88;3;0.49
37;-4;-2.91;3;0.45
37;-4;-2.94;3;0.45
37;-4;-2.97;3;0.47
37;-4;-3.00;3;0.40
37;-4;-3.03;3;0.50
37;-4;-3.06;3;0.45
37;-4;-3.09;3;0.47
37;-4;-3.12;3;0.41
37;-4;-3.15;3;0.48
37;-4;-3.18;3;0.44
37;-4;-3.21;3;0.43
37;-4;-3.24;3;0.48
37;-4;-3.27;3;0.50
37;-4;-3.30;3;0.48
37;-4;-3.33;3;0.48
37;-4;-3.36;3;0.47
37;-4;-3.39;3;0.48
37;-4;-3.45;5;0.30
37;-4;-3.48;5;0.26
37;-4;-3.51;5;0.27
37;-4;-3.54;5;0.26
37;-4;-3.57;5;0.28
37;-4;-3.60;5;0.34
37;-4;-3.63;5;0.26
37;-4;-3.66;5;0.34
37;-4;-3.69;5;0.32
37;-4;-3.72;5;0.34
37;-4;-3.75;5;0.31
37;-4;-3.78;5;0.33
37;-4;-3.81;5;0.34
37;-4;-3.84;5;0.29
37;-4;-3.87;5;0.30
37;-4;-3.90;5;0.31
37;-4;-3.93;5;0.29
37;-4;-3.96;5;0.29
37;-4;-3.99;5;0.31
37;-4;-4.02;5;0.26
37;-4;-4.05;5;0.26
37;-4;-4.08;5;0.30
37;-4;-4.11;5;0.28
37;-4;-4.14;5;0.31
37;-4;-4.17;5;0.34
37;-4;-4.20;5;0.29
37;-4;-4.23;5;0.25
37;-4;-4.26;5;0.35
37;-4;-4.29;5;0.31
37;-4;-4.32;5;0.31
37;-4;-4.35;5;0.29
37;-4;-4.38;5;0.31
37;-4;-4.41;5;0.31
37;-4;-4.44;5;0.28
37;-4;-4.47;5;0.30
37;-4;-4.50;5;0.28
37;-4;-4.53;5;0.31
37;-4;-4.56;5;0.34
37;-4;-4.68;5;0.35
37;-4;-4.71;5;0.25
37;-4;-4.74;5;0.26
37;-4;-4.77;5;0.28
37;-4;-4.80;5;0.33
37;-4;-4.83;5;0.29
37;-4;-4.86;5;0.33
37;-4;-4.89;5;0.26
37;-4;-4.92;5;0.26
37;-4;-4.95;5;0.27
37;-4;-4.98;5;0.35
37;-4;-5.01;5;0.32
37;-4;-5.04;5;0.29
37;-4;-5.07;5;0.26
37;-4;-5.10;5;0.31
37;-4;-5.16;3;0.43
37;-4;-5.19;3;0.50
37;-4;-5.22;3;0.46
37;-4;-5.25;3;0.40
37;-4;-5.28;3;0.41
37;-4;-5.31;3;0.49
37;-4;-5.34;3;0.49
37;-4;-5.37;3;0.47
37;-4;-5.40;3;0.49
37;-4;-5.43;3;0.40
37;-4;-5.49;4;0.44
37;-4;-5.55;5;0.27
37;-4;-5.58;5;0.35
37;-4;-5.61;5;0.33
37;-4;-5.64;5;0.34
37;-4;-5.67;5;0.30
37;-4;-5.70;5;0.32
37;-4;-5.73;5;0.27
37;-4;-5.76;5;0.27
37;-4;-5.79;5;0.28
37;-4;-5.82;5;0.30
37;-4;-5.85;5;0.34
37;-4;-5.88;5;0.31
37;-4;-5.91;5;0.31
37;-4;-5.94;5;0.25
37;-4;-5.97;5;0.26
37;-4;-6.00;5;0.27
37;-4;-6.03;5;0.31
37;-4;-6.06;5;0.31
37;-4;-6.09;5;0.33
37;-4;-6.12;5;0.31
37;-4;-6.15;5;0.32
37;-4;-6.18;5;0.34
37;-4;-6.21;5;0.34
37;-4;-6.24;5;0.34
37;-4;-6.27;5;0.26
37;-4;-6.30;5;0.34
37;-4;-6.33;5;0.28
37;-4;-6.36;5;0.30
37;-4;-6.39;5;0.27
37;-4;-6.45;5;0.30
37;-4;-6.48;5;0.26
37;-4;-6.51;5;0.30
37;-4;-6.54;5;0.34
37;-4;-6.57;5;0.34
37;-4;-6.60;5;0.27
37;-4;-6.63;5;0.25
37;-4;-6.66;5;0.31
37;-4;-6.69;5;0.34
37;-4;-6.75;5;0.31
37;-4;-6.78;5;0.31
37;-4;-6.81;5;0.30
37;-4;-6.84;5;0.28
37;-4;-6.87;5;0.30
37;-4;-6.93;3;0.44
37;-4;-6.96;3;0.47
37;-4;-6.99;3;0.44
37;-4;-7.02;3;0.40
37;-4;-7.05;3;0.45
37;-4;-7.08;3;0.49
37;-4;-7.11;3;0.46
37;-4;-7.14;3;0.49
37;-4;-7.17;3;0.41
37;-4;-7.20;3;0.43
37;-4;-7.23;3;0.49
37;-4;-7.26;3;0.40
37;-4;-7.29;3;0.48
37;-4;-7.32;3;0.49
37;-4;-7.35;3;0.43
37;-4;-7.38;3;0.41
37;-4;-7.41;3;0.44
37;-4;-7.44;3;0.49
37;-4;-7.47;3;0.45
37;-4;-7.50;3;0.49
37;-4;-7.53;3;0.47
37;-4;-7.56;3;0.49
37;-4;-7.59;3;0.46
37;-4;-7.62;3;0.41
37;-4;-7.65;3;0.43
37;-4;-7.68;3;0.47
37;-4;-7.71;3;0.49
37;-4;-7.74;3;0.41
37;-4;-7.77;3;0.45
37;-4;-7.80;3;0.41
37;-4;-7.83;3;0.40
37;-4;-7.86;3;0.41
37;-4;-7.89;3;0.44
37;-4;-7.92;3;0.45
37;-4;-7.95;3;0.50
37;-4;-7.98;3;0.43
37;-4;-8.01;3;0.48
37;-4;-8.04;3;0.41
37;-4;-8.07;3;0.49
37;-4;-8.10;3;0.42
37;-4;-8.13;3;0.48
37;-4;-8.16;3;0.48
37;-4;-8.19;3;0.48
37;-4;-8.22;3;0.44
37;-4;-8.28;4;0.49
37;-4;-8.31;4;0.49
37;-4;-8.34;4;0.50
37;-4;-8.37;4;0.45
37;-4;-8.40;4;0.46
37;-4;-8.43;4;0.48
37;-4;-8.46;4;0.48
37;-4;-8.49;4;0.46
37;-4;-8.52;4;0.40
37;-4;-8.55;4;0.47
37;-4;-8.58;4;0.40
37;-4;-8.61;4;0.43
37;-4;-8.67;5;0.33
37;-4;-8.70;5;0.31
37;-4;-8.73;5;0.28
37;-4;-8.76;5;0.26
37;-4;-8.79;5;0.25
37;-4;-8.82;5;0.25
37;-4;-8.85;5;0.28
37;-4;-8.88;5;0.31
37;-4;-8.91;5;0.34
37;-4;-8.94;5;0.32
37;-4;-8.97;5;0.30
37;-4;-9.00;5;0.25
37;-4;-9.03;5;0.31
37;-4;-9.06;5;0.33
37;-4;-9.09;5;0.31
37;-4;-9.12;5;0.29
37;-4;-9.15;5;0.26
37;-4;-9.18;5;0.35
37;-4;-9.21;5;0.26
37;-4;-9.24;5;0.26
37;-4;-9.27;5;0.34
37;-4;-9.30;5;0.33
37;-4;-9.33;5;0.31
37;-4;-9.36;5;0.31
37;-4;-9.39;5;0.28
37;-4;-9.42;5;0.32
37;-4;-9.45;5;0.34
37;-4;-9.48;5;0.25
37;-4;-9.51;5;0.30
37;-4;-9.54;5;0.27
37;-4;-9.57;5;0.32
37;-4;-9.60;5;0.30
37;-4;-9.63;5;0.27
37;-4;-9.69;4;0.41
37;-4;-9.72;4;0.43
37;-4;-9.75;4;0.41
37;-4;-9.78;4;0.48
37;-4;-9.81;4;0.46
37;-4;-9.84;4;0.42
37;-4;-9.87;4;0.43
37;-4;-9.90;4;0.49
37;-4;-9.93;4;0.42
37;-4;-9.96;4;0.44
37;-4;-9.99;4;0.50
37;-4;-10.02;4;0.46
37;-4;-10.05;4;0.48
37;-4;-10.08;4;0.43
37;-4;-10.11;4;0.46
37;-4;-10.14;4;0.43
37;-4;-10.17;4;0.47
37;-4;-10.20;4;0.49
37;-4;-10.23;4;0.45
37;-4;-10.29;5;0.30
37;-4;-10.32;5;0.27
37;-4;-10.35;5;0.29
37;-4;-10.38;5;0.34
37;-4;-10.41;5;0.27
37;-4;-10.44;5;0.34
37;-4;-10.47;5;0.26
37;-4;-10.50;5;0.33
37;-4;-10.53;5;0.29
37;-4;-10.56;5;0.32
37;-4;-10.59;5;0.28
37;-4;-10.62;5;0.29
37;-4;-10.65;5;0.32
37;-4;-10.68;5;0.34
37;-4;-10.71;5;0.33
37;-4;-10.74;5;0.34
37;-4;-10.77;5;0.27
37;-4;-10.80;5;0.28
37;-4;-10.83;5;0.34
37;-4;-10.86;5;0.28
37;-4;-10.89;5;0.33
37;-4;-10.92;5;0.33
37;-4;-10.95;5;0.31
37;-4;-10.98;5;0.28
37;-4;-11.01;5;0.30
37;-4;-11.16;5;0.28
37;-4;-11.19;5;0.31
37;-4;-11.22;5;0.30
37;-4;-11.25;5;0.31
37;-4;-11.28;5;0.32
37;-4;-11.31;5;0.28
37;-4;-11.37;5;0.34
37;-4;-11.40;5;0.26
37;-4;-11.43;5;0.30
37;-4;-11.46;5;0.27
37;-4;-11.49;5;0.29
37;-4;-11.52;5;0.26
37;-4;-11.58;7;0.31
37;-4;-11.61;7;0.34
37;-4;-11.64;7;0.34
37;-4;-11.67;7;0.34
37;-4;-11.70;7;0.33
37;-4;-11.73;7;0.32
37;-4;-11.76;7;0.33
37;-4;-11.79;7;0.30
37;-4;-11.85;7;0.31
37;-4;-11.88;7;0.31
37;-4;-11.91;7;0.31
37;-4;-11.94;7;0.33
37;-4;-11.97;7;0.31
37;-4;-12.15;7;0.30
37;-4;-12.18;7;0.34
37;-4;-12.21;7;0.30
37;-4;-12.24;7;0.31
37;-4;-12.27;7;0.34
37;-4;-12.33;3;0.50
37;-4;-12.36;3;0.41
37;-4;-12.39;3;0.44
37;-4;-12.42;3;0.46
37;-4;-12.45;3;0.42
37;-4;-12.48;8;0.14
37;-4;-12.51;8;0.14
37;-4;-12.54;8;0.13
37;-4;-12.57;8;0.14
37;-4;-12.60;8;0.11
37;-4;-12.63;8;0.14
37;-4;-12.66;8;0.10
37;-4;-12.69;8;0.13
37;-4;-12.72;8;0.13
37;-4;-12.75;8;0.11
37;-4;-12.78;8;0.12
37;-4;-12.81;8;0.12
37;-4;-12.84;8;0.10
37;-4;-12.87;8;0.13
37;-4;-12.90;8;0.10
37;-4;-12.93;8;0.15
37;-4;-12.96;8;0.15
37;-4;-12.99;8;0.13
37;-4;-13.02;8;0.11
37;-4;-13.05;8;0.12
37;-4;-13.08;8;0.13
37;-4;-13.11;8;0.11
37;-4;-13.14;8;0.11
37;-4;-13.17;8;0.11
37;-4;-13.20;8;0.12
37;-4;-13.23;8;0.10
37;-4;-13.26;8;0.13
37;-4;-13.29;8;0.13
37;-4;-13.32;8;0.13
37;-4;-13.35;8;0.10
37;-4;-13.38;8;0.10
37;-4;-13.41;8;0.10
37;-4;-13.44;8;0.13
37;-4;-13.47;8;0.11
37;-4;-13.50;8;0.14
37;-4;-13.53;8;0.12
37;-4;-13.56;8;0.11
37;-4;-13.59;8;0.13
37;-4;-13.62;8;0.14
37;-4;-13.65;8;0.10
37;-4;-13.68;8;0.11
37;-4;-13.71;8;0.14
37;-4;-13.74;8;0.14
37;-4;-13.77;8;0.10
37;-4;-13.80;8;0.15
37;-4;-13.83;8;0.12
37;-4;-13.86;8;0.14
37;-4;-13.89;8;0.15
37;-4;-13.92;8;0.10
37;-4;-13.95;8;0.14
37;-4;-13.98;8;0.13
37;-4;-14.01;8;0.11
37;-4;-14.04;8;0.11
37;-4;-14.07;8;0.12
37;-4;-14.10;8;0.13
37;-4;-14.13;8;0.12
37;-4;-14.16;8;0.12
37;-4;-14.19;8;0.11
37;-4;-14.22;8;0.14
37;-4;-14.25;8;0.11
37;-4;-14.28;8;0.12
37;-4;-14.31;8;0.15
37;-4;-14.34;8;0.14
37;-4;-14.37;8;0.10
37;-4;-14.40;8;0.11
37;-4;-14.43;8;0.14
37;-4;-14.46;8;0.13
37;-4;-14.49;8;0.12
37;-4;-14.52;8;0.14
37;-4;-14.55;8;0.12
37;-4;-14.58;8;0.10
37;-4;-14.61;8;0.15
37;-4;-14.64;8;0.10
37;-4;-14.67;8;0.13
37;-4;-14.70;8;0.14
37;-4;-14.73;8;0.11
37;-4;-14.76;8;0.14
37;-4;-14.79;8;0.15
37;-4;-14.82;8;0.12
37;-4;-14.85;8;0.14
37;-4;-14.88;8;0.14
37;-4;-14.91;8;0.13
37;-4;-14.94;8;0.13
37;-4;-14.97;8;0.14
37;-4;-15.00;8;0.12
46.9;-4;-0.10;-4;0.48
46.9;-4;-0.20;-4;0.70
46.9;-4;-0.30;-4;0.68
46.9;-4;-0.63;2;0.46
46.9;-4;-0.66;2;0.45
46.9;-4;-0.69;2;0.48
46.9;-4;-0.72;2;0.44
46.9;-4;-0.75;2;0.46
46.9;-4;-0.78;2;0.48
46.9;-4;-0.81;2;0.49
46.9;-4;-0.84;2;0.45
46.9;-4;-0.87;2;0.46
46.9;-4;-0.90;2;0.49
46.9;-4;-0.96;2;0.46
46.9;-4;-0.99;2;0.43
46.9;-4;-1.02;2;0.43
46.9;-4;-1.05;2;0.40
46.9;-4;-1.08;2;0.47
46.9;-4;-1.11;2;0.47
46.9;-4;-1.14;2;0.41
46.9;-4;-1.17;2;0.48
46.9;-4;-1.20;2;0.44
46.9;-4;-1.23;2;0.42
46.9;-4;-1.26;2;0.45
46.9;-4;-1.29;2;0.45
46.9;-4;-1.32;2;0.46
46.9;-4;-1.35;2;0.40
46.9;-4;-1.38;2;0.46
46.9;-4;-1.41;2;0.42
46.9;-4;-1.44;2;0.48
46.9;-4;-1.47;2;0.45
46.9;-4;-1.50;2;0.42
46.9;-4;-1.53;2;0.42
46.9;-4;-1.56;2;0.43
46.9;-4;-1.59;2;0.40
46.9;-4;-1.62;2;0.46
46.9;-4;-1.65;2;0.47
46.9;-4;-1.68;2;0.41
46.9;-4;-1.71;2;0.49
46.9;-4;-1.74;2;0.50
46.9;-4;-1.77;2;0.50
46.9;-4;-1.80;2;0.42
46.9;-4;-1.86;3;0.44
46.9;-4;-1.89;3;0.40
46.9;-4;-1.92;3;0.47
46.9;-4;-1.95;3;0.47
46.9;-4;-1.98;3;0.47
46.9;-4;-2.01;3;0.43
46.9;-4;-2.04;3;0.43
46.9;-4;-2.07;3;0.48
46.9;-4;-2.10;3;0.42
46.9;-4;-2.13;3;0.48
46.9;-4;-2.16;3;0.50
46.9;-4;-2.19;3;0.40
46.9;-4;-2.22;3;0.47
46.9;-4;-2.28;4;0.45
46.9;-4;-2.31;4;0.48
46.9;-4;-2.34;4;0.44
46.9;-4;-2.37;4;0.49
46.9;-4;-2.40;4;0.48
46.9;-4;-2.43;4;0.46
46.9;-4;-2.49;5;0.30
46.9;-4;-2.52;5;0.29
46.9;-4;-2.55;5;0.35
46.9;-4;-2.58;5;0.34
46.9;-4;-2.61;5;0.30
46.9;-4;-2.64;5;0.27
46.9;-4;-2.67;5;0.31
46.9;-4;-2.70;5;0.27
46.9;-4;-2.73;5;0.28
46.9;-4;-2.76;5;0.34
46.9;-4;-2.79;5;0.35
46.9;-4;-2.82;5;0.35
46.9;-4;-2.85;5;0.29
46.9;-4;-2.88;5;0.33
46.9;-4;-2.91;5;0.26
46.9;-4;-2.94;5;0.27
46.9;-4;-2.97;5;0.29
46.9;-4;-3.00;5;0.28
46.9;-4;-3.03;5;0.29
46.9;-4;-3.06;5;0.28
46.9;-4;-3.09;5;0.33
46.9;-4;-3.15;5;0.34
46.9;-4;-3.18;5;0.25
46.9;-4;-3.21;5;0.31
46.9;-4;-3.24;5;0.29
46.9;-4;-3.27;5;0.27
46.9;-4;-3.30;5;0.35
46.9;-4;-3.33;5;0.30
46.9;-4;-3.36;5;0.28
46.9;-4;-3.39;5;0.34
46.9;-4;-3.42;5;0.28
46.9;-4;-3.45;5;0.34
46.9;-4;-3.48;5;0.34
46.9;-4;-3.51;5;0.28
46.9;-4;-3.54;5;0.34
46.9;-4;-3.57;5;0.34
46.9;-4;-3.60;5;0.34
46.9;-4;-3.63;5;0.26
46.9;-4;-3.66;5;0.30
46.9;-4;-3.69;5;0.32
46.9;-4;-3.75;5;0.27
46.9;-4;-3.78;5;0.30
46.9;-4;-3.81;5;0.33
46.9;-4;-3.84;5;0.25
46.9;-4;-3.87;5;0.28
46.9;-4;-3.90;5;0.32
46.9;-4;-3.93;5;0.33
46.9;-4;-3.96;5;0.32
46.9;-4;-3.99;5;0.32
46.9;-4;-4.02;5;0.25
46.9;-4;-4.05;5;0.29
46.9;-4;-4.08;5;0.26
46.9;-4;-4.23;5;0.32
46.9;-4;-4.26;5;0.27
46.9;-4;-4.29;5;0.33
46.9;-4;-4.32;5;0.26
46.9;-4;-4.35;5;0.32
46.9;-4;-4.38;5;0.31
46.9;-4;-4.41;5;0.33
46.9;-4;-4.44;5;0.26
46.9;-4;-4.47;5;0.34
46.9;-4;-4.50;5;0.26
46.9;-4;-4.53;5;0.29
46.9;-4;-4.56;5;0.29
46.9;-4;-4.59;5;0.26
46.9;-4;-4.62;5;0.31
46.9;-4;-4.65;5;0.32
46.9;-4;-4.68;5;0.31
46.9;-4;-4.71;5;0.35
46.9;-4;-4.74;5;0.30
46.9;-4;-4.77;5;0.28
46.9;-4;-4.83;4;0.50
46.9;-4;-4.86;4;0.44
46.9;-4;-4.89;4;0.49
46.9;-4;-4.92;4;0.43
46.9;-4;-4.95;4;0.47
46.9;-4;-4.98;4;0.43
46.9;-4;-5.01;4;0.46
46.9;-4;-5.04;4;0.46
46.9;-4;-5.07;4;0.43
46.9;-4;-5.13;5;0.33
46.9;-4;-5.16;5;0.30
46.9;-4;-5.19;5;0.34
46.9;-4;-5.22;5;0.34
46.9;-4;-5.25;5;0.27
46.9;-4;-5.28;5;0.29
46.9;-4;-5.31;5;0.25
46.9;-4;-5.34;5;0.33
46.9;-4;-5.37;5;0.30
46.9;-4;-5.43;4;0.42
46.9;-4;-5.46;4;0.48
46.9;-4;-5.49;4;0.46
46.9;-4;-5.52;4;0.47
46.9;-4;-5.55;4;0.46
46.9;-4;-5.58;4;0.45
46.9;-4;-5.64;5;0.25
46.9;-4;-5.67;5;0.25
46.9;-4;-5.70;5;0.35
46.9;-4;-5.73;5;0.29
46.9;-4;-5.76;5;0.25
46.9;-4;-5.79;5;0.32
46.9;-4;-5.82;5;0.27
46.9;-4;-5.85;5;0.35
46.9;-4;-5.88;5;0.31
46.9;-4;-5.91;5;0.29
46.9;-4;-5.94;5;0.35
46.9;-4;-5.97;5;0.31
46.9;-4;-6.00;5;0.28
46.9;-4;-6.03;5;0.32
46.9;-4;-6.06;5;0.32
46.9;-4;-6.09;5;0.33
46.9;-4;-6.12;5;0.35
46.9;-4;-6.15;5;0.25
46.9;-4;-6.18;5;0.31
46.9;-4;-6.21;5;0.34
46.9;-4;-6.24;5;0.33
46.9;-4;-6.27;5;0.27
46.9;-4;-6.30;5;0.26
46.9;-4;-6.33;5;0.26
46.9;-4;-6.36;5;0.29
46.9;-4;-6.39;5;0.26
46.9;-4;-6.42;5;0.25
46.9;-4;-6.45;5;0.33
46.9;-4;-6.48;5;0.33
46.9;-4;-6.51;5;0.27
46.9;-4;-6.57;3;0.47
46.9;-4;-6.60;3;0.47
46.9;-4;-6.63;3;0.42
46.9;-4;-6.66;3;0.42
46.9;-4;-6.69;3;0.41
46.9;-4;-6.72;3;0.44
46.9;-4;-6.75;3;0.42
46.9;-4;-6.78;3;0.40
46.9;-4;-6.81;3;0.47
46.9;-4;-6.84;3;0.46
46.9;-4;-6.87;3;0.42
46.9;-4;-6.90;3;0.45
46.9;-4;-6.93;3;0.46
46.9;-4;-6.96;3;0.45
46.9;-4;-6.99;3;0.43
46.9;-4;-7.02;3;0.47
46.9;-4;-7.05;3;0.47
46.9;-4;-7.08;3;0.43
46.9;-4;-7.11;3;0.45
46.9;-4;-7.14;3;0.45
46.9;-4;-7.17;3;0.43
46.9;-4;-7.20;3;0.44
46.9;-4;-7.26;4;0.40
46.9;-4;-7.29;4;0.48
46.9;-4;-7.32;4;0.41
46.9;-4;-7.35;4;0.48
46.9;-4;-7.38;4;0.49
46.9;-4;-7.41;4;0.43
46.9;-4;-7.44;4;0.45
46.9;-4;-7.47;4;0.50
46.9;-4;-7.50;4;0.50
46.9;-4;-7.53;4;0.40
46.9;-4;-7.56;4;0.49
46.9;-4;-7.59;4;0.45
46.9;-4;-7.62;4;0.48
46.9;-4;-7.65;4;0.42
46.9;-4;-7.68;4;0.41
46.9;-4;-7.71;4;0.47
46.9;-4;-7.74;4;0.45
46.9;-4;-7.77;4;0.44
46.9;-4;-7.80;4;0.44
46.9;-4;-7.83;4;0.45
46.9;-4;-7.86;4;0.47
46.9;-4;-7.89;4;0.49
46.9;-4;-7.92;4;0.42
46.9;-4;-7.95;4;0.41
46.9;-4;-7.98;4;0.47
46.9;-4;-8.01;4;0.41
46.9;-4;-8.04;4;0.41
46.9;-4;-8.07;4;0.47
46.9;-4;-8.13;3;0.43
46.9;-4;-8.16;3;0.46
46.9;-4;-8.19;3;0.46
46.9;-4;-8.22;3;0.45
46.9;-4;-8.25;3;0.42
46.9;-4;-8.28;3;0.48
46.9;-4;-8.31;3;0.43
46.9;-4;-8.34;3;0.43
46.9;-4;-8.37;3;0.41
46.9;-4;-8.40;3;0.43
46.9;-4;-8.43;3;0.42
46.9;-4;-8.46;3;0.42
46.9;-4;-8.49;3;0.41
46.9;-4;-8.52;3;0.40
46.9;-4;-8.55;3;0.50
46.9;-4;-8.58;3;0.42
46.9;-4;-8.64;5;0.28
46.9;-4;-8.67;5;0.31
46.9;-4;-8.70;5;0.32
46.9;-4;-8.73;5;0.33
46.9;-4;-8.76;5;0.34
46.9;-4;-8.79;5;0.27
46.9;-4;-8.82;5;0.31
46.9;-4;-8.85;5;0.35
46.9;-4;-8.88;5;0.31
46.9;-4;-8.91;5;0.32
46.9;-4;-8.94;5;0.34
46.9;-4;-8.97;5;0.25
46.9;-4;-9.00;5;0.29
46.9;-4;-9.03;5;0.26
46.9;-4;-9.06;5;0.30
46.9;-4;-9.09;5;0.26
46.9;-4;-9.12;5;0.34
46.9;-4;-9.15;5;0.29
46.9;-4;-9.18;5;0.27
46.9;-4;-9.21;5;0.26
46.9;-4;-9.24;5;0.33
46.9;-4;-9.27;5;0.27
46.9;-4;-9.30;5;0.30
46.9;-4;-9.33;5;0.35
46.9;-4;-9.36;5;0.33
46.9;-4;-9.39;5;0.25
46.9;-4;-9.42;5;0.33
46.9;-4;-9.45;5;0.26
46.9;-4;-9.48;5;0.26
46.9;-4;-9.51;5;0.31
46.9;-4;-9.54;5;0.25
46.9;-4;-9.57;5;0.30
46.9;-4;-9.60;5;0.30
46.9;-4;-9.63;5;0.33
46.9;-4;-9.66;5;0.33
46.9;-4;-9.69;5;0.35
46.9;-4;-9.72;5;0.27
46.9;-4;-9.75;5;0.28
46.9;-4;-9.78;5;0.28
46.9;-4;-9.81;5;0.31
46.9;-4;-9.84;5;0.32
46.9;-4;-9.87;5;0.30
46.9;-4;-9.90;5;0.33
46.9;-4;-9.93;5;0.26
46.9;-4;-9.96;5;0.30
46.9;-4;-9.99;5;0.28
46.9;-4;-10.02;5;0.27
46.9;-4;-10.08;4;0.49
46.9;-4;-10.11;4;0.41
46.9;-4;-10.17;5;0.33
46.9;-4;-10.20;5;0.35
46.9;-4;-10.23;5;0.26
46.9;-4;-10.26;5;0.28
46.9;-4;-10.29;5;0.28
46.9;-4;-10.32;5;0.32
46.9;-4;-10.35;5;0.29
46.9;-4;-10.38;5;0.26
46.9;-4;-10.41;5;0.33
46.9;-4;-10.44;5;0.27
46.9;-4;-10.47;5;0.31
46.9;-4;-10.50;5;0.31
46.9;-4;-10.53;5;0.32
46.9;-4;-10.56;5;0.35
46.9;-4;-10.59;5;0.32
46.9;-4;-10.62;5;0.27
46.9;-4;-10.65;5;0.31
46.9;-4;-10.68;5;0.31
46.9;-4;-10.71;5;0.34
46.9;-4;-10.74;5;0.29
46.9;-4;-10.77;5;0.34
46.9;-4;-10.80;5;0.29
46.9;-4;-10.86;5;0.25
46.9;-4;-10.89;5;0.34
46.9;-4;-10.92;5;0.32
46.9;-4;-10.95;5;0.26
46.9;-4;-10.98;5;0.28
46.9;-4;-11.01;5;0.30
46.9;-4;-11.04;5;0.28
46.9;-4;-11.07;5;0.31
46.9;-4;-11.13;5;0.28
46.9;-4;-11.16;5;0.27
46.9;-4;-11.19;5;0.26
46.9;-4;-11.22;5;0.26
46.9;-4;-11.25;5;0.25
46.9;-4;-11.28;5;0.33
46.9;-4;-11.43;5;0.27
46.9;-4;-11.46;5;0.26
46.9;-4;-11.49;5;0.30
46.9;-4;-11.52;5;0.32
46.9;-4;-11.55;5;0.26
46.9;-4;-11.61;7;0.33
46.9;-4;-11.64;7;0.30
46.9;-4;-11.67;7;0.33
46.9;-4;-11.70;7;0.30
46.9;-4;-11.73;7;0.35
46.9;-4;-11.76;7;0.30
46.9;-4;-11.79;7;0.31
46.9;-4;-11.82;7;0.33
46.9;-4;-11.85;7;0.34
46.9;-4;-11.88;7;0.32
46.9;-4;-11.91;7;0.33
46.9;-4;-11.94;7;0.31
46.9;-4;-11.97;7;0.32
46.9;-4;-12.00;7;0.31
46.9;-4;-12.03;7;0.31
46.9;-4;-12.06;7;0.35
46.9;-4;-12.09;7;0.32
46.9;-4;-12.12;7;0.31
46.9;-4;-12.15;7;0.30
46.9;-4;-12.21;7;0.31
46.9;-4;-12.24;7;0.33
46.9;-4;-12.27;7;0.34
46.9;-4;-12.30;7;0.35
46.9;-4;-12.33;7;0.31
46.9;-4;-12.36;7;0.33
46.9;-4;-12.39;7;0.31
46.9;-4;-12.42;7;0.31
46.9;-4;-12.45;7;0.30
46.9;-4;-12.48;7;0.32
46.9;-4;-12.51;7;0.35
46.9;-4;-12.54;7;0.31
46.9;-4;-12.57;7;0.32
46.9;-4;-12.63;3;0.45
46.9;-4;-12.66;3;0.46
46.9;-4;-12.69;3;0.41
46.9;-4;-12.72;3;0.49
46.9;-4;-12.75;3;0.41
46.9;-4;-12.78;3;0.42
46.9;-4;-12.81;3;0.50
46.9;-4;-12.84;3;0.44
46.9;-4;-12.87;3;0.42
46.9;-4;-12.90;3;0.45
46.9;-4;-12.93;3;0.44
46.9;-4;-12.96;8;0.11
46.9;-4;-12.99;8;0.11
46.9;-4;-13.02;8;0.14
46.9;-4;-13.05;8;0.12
46.9;-4;-13.08;8;0.13
46.9;-4;-13.11;8;0.11
46.9;-4;-13.14;8;0.11
46.9;-4;-13.17;8;0.11
46.9;-4;-13.20;8;0.14
46.9;-4;-13.23;8;0.14
46.9;-4;-13.26;8;0.10
46.9;-4;-13.29;8;0.13
46.9;-4;-13.32;8;0.14
46.9;-4;-13.35;8;0.11
46.9;-4;-13.38;8;0.15
46.9;-4;-13.41;8;0.12
46.9;-4;-13.44;8;0.12
46.9;-4;-13.47;8;0.12
46.9;-4;-13.50;8;0.11
46.9;-4;-13.53;8;0.11
46.9;-4;-13.56;8;0.11
46.9;-4;-13.59;8;0.14
46.9;-4;-13.62;8;0.10
46.9;-4;-13.65;8;0.11
46.9;-4;-13.68;8;0.11
46.9;-4;-13.71;8;0.14
46.9;-4;-13.74;8;0.12
46.9;-4;-13.77;8;0.10
46.9;-4;-13.80;8;0.13
46.9;-4;-13.83;8;0.14
46.9;-4;-13.86;8;0.11
46.9;-4;-13.89;8;0.11
46.9;-4;-13.92;8;0.12
46.9;-4;-13.95;8;0.13
46.9;-4;-13.98;8;0.12
46.9;-4;-14.01;8;0.13
46.9;-4;-14.04;8;0.11
46.9;-4;-14.07;8;0.11
46.9;-4;-14.10;8;0.12
46.9;-4;-14.13;8;0.11
46.9;-4;-14.16;8;0.13
46.9;-4;-14.19;8;0.11
46.9;-4;-14.22;8;0.11
46.9;-4;-14.25;8;0.11
46.9;-4;-14.28;8;0.10
46.9;-4;-14.31;8;0.10
46.9;-4;-14.34;8;0.12
46.9;-4;-14.37;8;0.14
46.9;-4;-14.40;8;0.14
46.9;-4;-14.43;8;0.12
46.9;-4;-14.46;8;0.12
46.9;-4;-14.49;8;0.14
46.9;-4;-14.52;8;0.13
46.9;-4;-14.55;8;0.12
46.9;-4;-14.58;8;0.14
46.9;-4;-14.61;8;0.12
46.9;-4;-14.64;8;0.15
46.9;-4;-14.67;8;0.10
46.9;-4;-14.70;8;0.10
46.9;-4;-14.73;8;0.14
46.9;-4;-14.76;8;0.13
46.9;-4;-14.79;8;0.14
46.9;-4;-14.82;8;0.14
46.9;-4;-14.85;8;0.11
46.9;-4;-14.88;8;0.14
46.9;-4;-14.91;8;0.12
46.9;-4;-14.94;8;0.14
46.9;-4;-14.97;8;0.15
46.9;-4;-15.00;8;0.11
50;-4;-0.20;-4;0.77
50;-4;-0.40;-4;0.59
50;-4;-0.50;-4;0.73
50;-4;-0.81;2;0.48
50;-4;-0.84;2;0.42
50;-4;-0.87;2;0.50
50;-4;-0.90;2;0.42
50;-4;-0.93;2;0.44
50;-4;-0.96;2;0.47
50;-4;-0.99;2;0.49
50;-4;-1.02;2;0.41
50;-4;-1.05;2;0.42
50;-4;-1.11;2;0.41
50;-4;-1.14;2;0.41
50;-4;-1.17;2;0.41
50;-4;-1.20;2;0.49
50;-4;-1.23;2;0.41
50;-4;-1.26;2;0.47
50;-4;-1.29;2;0.48
50;-4;-1.32;2;0.42
50;-4;-1.35;2;0.47
50;-4;-1.38;2;0.43
50;-4;-1.41;2;0.46
50;-4;-1.44;2;0.41
50;-4;-1.47;2;0.44
50;-4;-1.50;2;0.49
50;-4;-1.53;2;0.44
50;-4;-1.56;2;0.42
50;-4;-1.59;2;0.42
50;-4;-1.62;2;0.40
50;-4;-1.65;2;0.50
50;-4;-1.68;2;0.42
50;-4;-1.71;2;0.46
50;-4;-1.74;2;0.41
50;-4;-1.77;2;0.49
50;-4;-1.80;2;0.49
50;-4;-1.86;3;0.42
50;-4;-1.89;3;0.46
50;-4;-1.92;3;0.49
50;-4;-1.95;3;0.45
50;-4;-1.98;3;0.41
50;-4;-2.01;3;0.41
50;-4;-2.04;3;0.48
50;-4;-2.07;3;0.41
50;-4;-2.10;3;0.43
50;-4;-2.13;3;0.47
50;-4;-2.16;3;0.48
50;-4;-2.19;3;0.42
50;-4;-2.22;3;0.41
50;-4;-2.28;4;0.47
50;-4;-2.31;4;0.43
50;-4;-2.34;4;0.47
50;-4;-2.37;4;0.48
50;-4;-2.40;4;0.46
50;-4;-2.43;4;0.45
50;-4;-2.46;4;0.41
50;-4;-2.49;4;0.42
50;-4;-2.52;4;0.47
50;-4;-2.58;5;0.32
50;-4;-2.61;5;0.30
50;-4;-2.64;5;0.30
50;-4;-2.67;5;0.26
50;-4;-2.70;5;0.27
50;-4;-2.73;5;0.25
50;-4;-2.76;5;0.30
50;-4;-2.79;5;0.33
50;-4;-2.82;5;0.25
50;-4;-2.85;5;0.29
50;-4;-2.88;5;0.31
50;-4;-2.91;5;0.33
50;-4;-2.94;5;0.29
50;-4;-2.97;5;0.26
50;-4;-3.00;5;0.32
50;-4;-3.03;5;0.28
50;-4;-3.09;5;0.26
50;-4;-3.12;5;0.34
50;-4;-3.15;5;0.29
50;-4;-3.18;5;0.34
50;-4;-3.21;5;0.28
50;-4;-3.24;5;0.32
50;-4;-3.27;5;0.32
50;-4;-3.30;5;0.31
50;-4;-3.33;5;0.33
50;-4;-3.36;5;0.32
50;-4;-3.39;5;0.29
50;-4;-3.42;5;0.26
50;-4;-3.45;5;0.32
50;-4;-3.48;5;0.26
50;-4;-3.51;5;0.26
50;-4;-3.54;5;0.27
50;-4;-3.57;5;0.30
50;-4;-3.60;5;0.25
50;-4;-3.63;5;0.33
50;-4;-3.69;4;0.40
50;-4;-3.72;4;0.40
50;-4;-3.75;4;0.47
50;-4;-3.78;4;0.44
50;-4;-3.81;4;0.41
50;-4;-3.84;4;0.42
50;-4;-3.87;4;0.44
50;-4;-3.90;4;0.40
50;-4;-3.93;4;0.48
50;-4;-3.96;4;0.42
50;-4;-3.99;4;0.40
50;-4;-4.02;4;0.41
50;-4;-4.05;4;0.41
50;-4;-4.08;4;0.47
50;-4;-4.11;4;0.44
50;-4;-4.14;4;0.46
50;-4;-4.17;4;0.48
50;-4;-4.20;4;0.50
50;-4;-4.23;4;0.49
50;-4;-4.26;4;0.47
50;-4;-4.32;5;0.32
50;-4;-4.35;5;0.29
50;-4;-4.38;5;0.26
50;-4;-4.41;5;0.30
50;-4;-4.44;5;0.28
50;-4;-4.47;5;0.29
50;-4;-4.50;5;0.28
50;-4;-4.53;5;0.31
50;-4;-4.56;5;0.34
50;-4;-4.59;5;0.27
50;-4;-4.65;4;0.48
50;-4;-4.68;4;0.45
50;-4;-4.71;4;0.41
50;-4;-4.74;4;0.48
50;-4;-4.77;4;0.44
50;-4;-4.80;4;0.42
50;-4;-4.83;4;0.48
50;-4;-4.86;4;0.46
50;-4;-4.89;4;0.44
50;-4;-4.92;4;0.45
50;-4;-4.95;4;0.45
50;-4;-4.98;4;0.48
50;-4;-5.01;4;0.47
50;-4;-5.04;4;0.43
50;-4;-5.10;5;0.34
50;-4;-5.13;5;0.34
50;-4;-5.16;5;0.30
50;-4;-5.19;5;0.28
50;-4;-5.22;5;0.33
50;-4;-5.25;5;0.25
50;-4;-5.28;5;0.30
50;-4;-5.31;5;0.29
50;-4;-5.34;5;0.31
50;-4;-5.37;5;0.27
50;-4;-5.40;5;0.26
50;-4;-5.43;5;0.25
50;-4;-5.46;5;0.31
50;-4;-5.49;5;0.25
50;-4;-5.52;5;0.29
50;-4;-5.55;5;0.31
50;-4;-5.58;5;0.27
50;-4;-5.61;5;0.31
50;-4;-5.64;5;0.32
50;-4;-5.67;5;0.32
50;-4;-5.70;5;0.28
50;-4;-5.73;5;0.28
50;-4;-5.76;5;0.27
50;-4;-5.79;5;0.29
50;-4;-5.82;5;0.34
50;-4;-5.85;5;0.32
50;-4;-5.88;5;0.33
50;-4;-5.91;5;0.33
50;-4;-5.94;5;0.26
50;-4;-5.97;5;0.32
50;-4;-6.00;5;0.28
50;-4;-6.03;5;0.34
50;-4;-6.06;5;0.27
50;-4;-6.09;5;0.29
50;-4;-6.12;5;0.29
50;-4;-6.15;5;0.35
50;-4;-6.18;5;0.26
50;-4;-6.21;5;0.27
50;-4;-6.24;5;0.31
50;-4;-6.27;5;0.29
50;-4;-6.30;5;0.27
50;-4;-6.33;5;0.25
50;-4;-6.36;5;0.35
50;-4;-6.39;5;0.32
50;-4;-6.42;5;0.35
50;-4;-6.45;5;0.33
50;-4;-6.51;3;0.50
50;-4;-6.54;3;0.49
50;-4;-6.57;3;0.49
50;-4;-6.60;3;0.45
50;-4;-6.63;3;0.40
50;-4;-6.66;3;0.50
50;-4;-6.69;3;0.45
50;-4;-6.72;3;0.44
50;-4;-6.75;3;0.40
50;-4;-6.78;3;0.40
50;-4;-6.81;3;0.41
50;-4;-6.84;3;0.45
50;-4;-6.87;3;0.50
50;-4;-6.90;3;0.43
50;-4;-6.93;3;0.47
50;-4;-6.96;3;0.47
50;-4;-6.99;3;0.50
50;-4;-7.02;3;0.48
50;-4;-7.05;3;0.40
50;-4;-7.08;3;0.47
50;-4;-7.11;3;0.45
50;-4;-7.14;3;0.48
50;-4;-7.17;3;0.45
50;-4;-7.20;3;0.44
50;-4;-7.23;3;0.44
50;-4;-7.26;3;0.46
50;-4;-7.32;4;0.47
50;-4;-7.35;4;0.49
50;-4;-7.38;4;0.47
50;-4;-7.41;4;0.44
50;-4;-7.44;4;0.50
50;-4;-7.47;4;0.42
50;-4;-7.50;4;0.44
50;-4;-7.53;4;0.41
50;-4;-7.56;4;0.44
50;-4;-7.59;4;0.43
50;-4;-7.62;4;0.41
50;-4;-7.65;4;0.44
50;-4;-7.68;4;0.43
50;-4;-7.71;4;0.44
50;-4;-7.74;4;0.48
50;-4;-7.77;4;0.44
50;-4;-7.80;4;0.47
50;-4;-7.83;4;0.47
50;-4;-7.86;4;0.46
50;-4;-7.89;4;0.46
50;-4;-7.92;4;0.49
50;-4;-7.95;4;0.42
50;-4;-7.98;4;0.46
50;-4;-8.01;4;0.45
50;-4;-8.04;4;0.47
50;-4;-8.07;4;0.41
50;-4;-8.10;4;0.46
50;-4;-8.13;4;0.46
50;-4;-8.16;4;0.43
50;-4;-8.19;4;0.48
50;-4;-8.22;4;0.47
50;-4;-8.25;4;0.43
50;-4;-8.28;4;0.49
50;-4;-8.31;4;0.47
50;-4;-8.34;4;0.45
50;-4;-8.40;3;0.45
50;-4;-8.43;3;0.47
50;-4;-8.46;3;0.49
50;-4;-8.49;3;0.42
50;-4;-8.52;3;0.49
50;-4;-8.55;3;0.46
50;-4;-8.58;3;0.45
50;-4;-8.61;3;0.48
50;-4;-8.64;3;0.40
50;-4;-8.67;3;0.46
50;-4;-8.70;3;0.40
50;-4;-8.73;3;0.47
50;-4;-8.76;3;0.44
50;-4;-8.79;3;0.48
50;-4;-8.82;3;0.46
50;-4;-8.85;3;0.43
50;-4;-8.88;3;0.45
50;-4;-8.94;5;0.26
50;-4;-8.97;5;0.32
50;-4;-9.00;5;0.26
50;-4;-9.03;5;0.28
50;-4;-9.06;5;0.28
50;-4;-9.09;5;0.32
50;-4;-9.12;5;0.27
50;-4;-9.15;5;0.29
50;-4;-9.18;5;0.29
50;-4;-9.21;5;0.27
50;-4;-9.24;5;0.27
50;-4;-9.27;5;0.28
50;-4;-9.30;5;0.26
50;-4;-9.33;5;0.26
50;-4;-9.36;5;0.31
50;-4;-9.39;5;0.26
50;-4;-9.42;5;0.32
50;-4;-9.45;5;0.31
50;-4;-9.48;5;0.27
50;-4;-9.51;5;0.34
50;-4;-9.54;5;0.30
50;-4;-9.57;5;0.30
50;-4;-9.60;5;0.31
50;-4;-9.63;5;0.26
50;-4;-9.66;5;0.31
50;-4;-9.69;5;0.29
50;-4;-9.72;5;0.30
50;-4;-9.75;5;0.30
50;-4;-9.78;5;0.26
50;-4;-9.81;5;0.34
50;-4;-9.84;5;0.30
50;-4;-9.87;5;0.27
50;-4;-9.90;5;0.30
50;-4;-9.96;4;0.48
50;-4;-9.99;4;0.49
50;-4;-10.02;4;0.40
50;-4;-10.05;4;0.42
50;-4;-10.08;4;0.45
50;-4;-10.11;4;0.46
50;-4;-10.14;4;0.40
50;-4;-10.17;4;0.43
50;-4;-10.23;5;0.33
50;-4;-10.26;5;0.34
50;-4;-10.29;5;0.26
50;-4;-10.32;5;0.34
50;-4;-10.35;5;0.27
50;-4;-10.38;5;0.27
50;-4;-10.41;5;0.35
50;-4;-10.44;5;0.27
50;-4;-10.47;5;0.26
50;-4;-10.50;5;0.25
50;-4;-10.53;5;0.28
50;-4;-10.56;5;0.30
50;-4;-10.59;5;0.34
50;-4;-10.62;5;0.29
50;-4;-10.65;5;0.29
50;-4;-10.68;5;0.32
50;-4;-10.71;5;0.32
50;-4;-10.74;5;0.32
50;-4;-10.77;5;0.30
50;-4;-10.80;5;0.34
50;-4;-10.83;5;0.29
50;-4;-10.86;5;0.33
50;-4;-10.89;5;0.26
50;-4;-10.92;5;0.32
50;-4;-10.95;5;0.30
50;-4;-10.98;5;0.34
50;-4;-11.01;5;0.31
50;-4;-11.04;5;0.29
50;-4;-11.07;5;0.32
50;-4;-11.10;5;0.31
50;-4;-11.16;5;0.33
50;-4;-11.19;5;0.27
50;-4;-11.22;5;0.35
50;-4;-11.25;5;0.31
50;-4;-11.28;5;0.33
50;-4;-11.31;5;0.28
50;-4;-11.34;5;0.34
50;-4;-11.37;5;0.31
50;-4;-11.40;5;0.34
50;-4;-11.43;5;0.26
50;-4;-11.46;5;0.33
50;-4;-11.49;5;0.30
50;-4;-11.52;5;0.28
50;-4;-11.58;7;0.30
50;-4;-11.61;7;0.35
50;-4;-11.64;7;0.30
50;-4;-11.67;7;0.35
50;-4;-11.70;7;0.31
50;-4;-11.73;7;0.33
50;-4;-11.76;7;0.32
50;-4;-11.79;7;0.34
50;-4;-11.82;7;0.34
50;-4;-11.85;7;0.33
50;-4;-11.88;7;0.34
50;-4;-11.91;7;0.31
50;-4;-11.94;7;0.34
50;-4;-11.97;7;0.32
50;-4;-12.00;7;0.35
50;-4;-12.03;7;0.34
50;-4;-12.09;7;0.33
50;-4;-12.12;7;0.30
50;-4;-12.15;7;0.31
50;-4;-12.18;7;0.31
50;-4;-12.21;7;0.34
50;-4;-12.24;7;0.31
50;-4;-12.27;7;0.30
50;-4;-12.30;7;0.34
50;-4;-12.33;7;0.34
50;-4;-12.36;7;0.33
50;-4;-12.39;7;0.32
50;-4;-12.42;7;0.31
50;-4;-12.45;7;0.32
50;-4;-12.48;7;0.32
50;-4;-12.51;7;0.32
50;-4;-12.57;3;0.47
50;-4;-12.60;3;0.46
50;-4;-12.63;3;0.41
50;-4;-12.66;3;0.49
50;-4;-12.69;3;0.46
50;-4;-12.72;3;0.47
50;-4;-12.75;3;0.46
50;-4;-12.78;3;0.42
50;-4;-12.81;3;0.49
50;-4;-12.84;3;0.44
50;-4;-12.87;3;0.40
50;-4;-12.90;3;0.49
50;-4;-12.93;3;0.48
50;-4;-12.96;3;0.42
50;-4;-12.99;3;0.43
50;-4;-13.02;8;0.10
50;-4;-13.05;8;0.10
50;-4;-13.08;8;0.14
50;-4;-13.11;8;0.11
50;-4;-13.14;8;0.11
50;-4;-13.17;8;0.12
50;-4;-13.20;8;0.13
50;-4;-13.23;8;0.12
50;-4;-13.26;8;0.14
50;-4;-13.29;8;0.11
50;-4;-13.32;8;0.15
50;-4;-13.35;8;0.15
50;-4;-13.38;8;0.11
50;-4;-13.41;8;0.15
50;-4;-13.44;8;0.13
50;-4;-13.47;8;0.11
50;-4;-13.50;8;0.14
50;-4;-13.53;8;0.12
50;-4;-13.56;8;0.12
50;-4;-13.59;8;0.13
50;-4;-13.62;8;0.15
50;-4;-13.65;8;0.14
50;-4;-13.68;8;0.15
50;-4;-13.71;8;0.13
50;-4;-13.74;8;0.14
50;-4;-13.77;8;0.11
50;-4;-13.80;8;0.12
50;-4;-13.83;8;0.13
50;-4;-13.86;8;0.10
50;-4;-13.89;8;0.10
50;-4;-13.92;8;0.12
50;-4;-13.95;8;0.14
50;-4;-13.98;8;0.14
50;-4;-14.01;8;0.11
50;-4;-14.04;8;0.13
50;-4;-14.07;8;0.11
50;-4;-14.10;8;0.11
50;-4;-14.13;8;0.11
50;-4;-14.16;8;0.10
50;-4;-14.19;8;0.11
50;-4;-14.22;8;0.11
50;-4;-14.25;8;0.10
50;-4;-14.28;8;0.15
50;-4;-14.31;8;0.14
50;-4;-14.34;8;0.10
50;-4;-14.37;8;0.10
50;-4;-14.40;8;0.15
50;-4;-14.43;8;0.13
50;-4;-14.46;8;0.12
50;-4;-14.49;8;0.11
50;-4;-14.52;8;0.12
50;-4;-14.55;8;0.11
50;-4;-14.58;8;0.13
50;-4;-14.61;8;0.12
50;-4;-14.64;8;0.13
50;-4;-14.67;8;0.11
50;-4;-14.70;8;0.15
50;-4;-14.73;8;0.13
50;-4;-14.76;8;0.11
50;-4;-14.79;8;0.14
50;-4;-14.82;8;0.13
50;-4;-14.85;8;0.11
50;-4;-14.88;8;0.13
50;-4;-14.91;8;0.15
50;-4;-14.94;8;0.11
50;-4;-14.97;8;0.11
50;-4;-15.00;8;0.10
62.9;-4;-0.10;-4;0.56
62.9;-4;-0.20;-4;0.30
62.9;-4;-0.30;-4;0.35
62.9;-4;-0.40;-4;0.59
62.9;-4;-0.50;-4;0.47
62.9;-4;-0.60;-4;0.48
62.9;-4;-0.70;-4;0.37
62.9;-4;-0.80;-4;0.56
62.9;-4;-1.35;2;0.44
62.9;-4;-1.38;2;0.46
62.9;-4;-1.41;2;0.48
62.9;-4;-1.44;2;0.44
62.9;-4;-1.47;2;0.50
62.9;-4;-1.50;2;0.49
62.9;-4;-1.53;2;0.42
62.9;-4;-1.59;3;0.49
62.9;-4;-1.62;3;0.44
62.9;-4;-1.65;3;0.45
62.9;-4;-1.68;3;0.42
62.9;-4;-1.71;3;0.43
62.9;-4;-1.74;3;0.44
62.9;-4;-1.77;3;0.42
62.9;-4;-1.80;3;0.43
62.9;-4;-1.83;3;0.41
62.9;-4;-1.86;3;0.49
62.9;-4;-1.89;3;0.49
62.9;-4;-1.92;3;0.40
62.9;-4;-1.95;3;0.45
62.9;-4;-1.98;3;0.43
62.9;-4;-2.04;4;0.49
62.9;-4;-2.07;4;0.49
62.9;-4;-2.10;4;0.45
62.9;-4;-2.13;4;0.48
62.9;-4;-2.16;4;0.46
62.9;-4;-2.19;4;0.45
62.9;-4;-2.22;4;0.43
62.9;-4;-2.25;4;0.47
62.9;-4;-2.28;4;0.50
62.9;-4;-2.31;4;0.43
62.9;-4;-2.37;5;0.25
62.9;-4;-2.40;5;0.34
62.9;-4;-2.43;5;0.33
62.9;-4;-2.46;5;0.27
62.9;-4;-2.49;5;0.29
62.9;-4;-2.52;5;0.29
62.9;-4;-2.55;5;0.28
62.9;-4;-2.58;5;0.27
62.9;-4;-2.61;5;0.32
62.9;-4;-2.64;5;0.27
62.9;-4;-2.67;5;0.33
62.9;-4;-2.70;5;0.31
62.9;-4;-2.73;5;0.26
62.9;-4;-2.76;5;0.28
62.9;-4;-2.79;5;0.31
62.9;-4;-2.82;5;0.35
62.9;-4;-2.85;5;0.31
62.9;-4;-2.88;5;0.35
62.9;-4;-2.91;5;0.28
62.9;-4;-2.97;4;0.42
62.9;-4;-3.00;4;0.50
62.9;-4;-3.03;4;0.49
62.9;-4;-3.06;4;0.45
62.9;-4;-3.09;4;0.45
62.9;-4;-3.12;4;0.43
62.9;-4;-3.15;4;0.49
62.9;-4;-3.18;4;0.49
62.9;-4;-3.21;4;0.50
62.9;-4;-3.24;4;0.50
62.9;-4;-3.27;4;0.47
62.9;-4;-3.30;4;0.42
62.9;-4;-3.33;4;0.43
62.9;-4;-3.36;4;0.44
62.9;-4;-3.39;4;0.43
62.9;-4;-3.42;4;0.40
62.9;-4;-3.45;4;0.46
62.9;-4;-3.48;4;0.42
62.9;-4;-3.51;4;0.46
62.9;-4;-3.54;4;0.48
62.9;-4;-3.57;4;0.44
62.9;-4;-3.60;4;0.46
62.9;-4;-3.63;4;0.46
62.9;-4;-3.66;4;0.48
62.9;-4;-3.69;4;0.46
62.9;-4;-3.72;4;0.45
62.9;-4;-3.75;4;0.47
62.9;-4;-3.78;4;0.41
62.9;-4;-3.81;4;0.47
62.9;-4;-3.84;4;0.44
62.9;-4;-3.87;4;0.45
62.9;-4;-3.90;4;0.45
62.9;-4;-3.93;4;0.47
62.9;-4;-3.96;4;0.42
62.9;-4;-3.99;4;0.42
62.9;-4;-4.02;4;0.49
62.9;-4;-4.05;4;0.44
62.9;-4;-4.08;4;0.42
62.9;-4;-4.11;4;0.40
62.9;-4;-4.14;4;0.43
62.9;-4;-4.17;4;0.48
62.9;-4;-4.20;4;0.46
62.9;-4;-4.26;5;0.27
62.9;-4;-4.29;5;0.35
62.9;-4;-4.32;5;0.31
62.9;-4;-4.35;5;0.31
62.9;-4;-4.38;5;0.25
62.9;-4;-4.41;5;0.33
62.9;-4;-4.44;5;0.32
62.9;-4;-4.47;5;0.28
62.9;-4;-4.50;5;0.33
62.9;-4;-4.53;5;0.35
62.9;-4;-4.56;5;0.32
62.9;-4;-4.59;5;0.32
62.9;-4;-4.62;5;0.31
62.9;-4;-4.65;5;0.29
62.9;-4;-4.68;5;0.33
62.9;-4;-4.71;5;0.33
62.9;-4;-4.74;5;0.30
62.9;-4;-4.77;5;0.31
62.9;-4;-4.83;4;0.41
62.9;-4;-4.86;4;0.42
62.9;-4;-4.89;4;0.44
62.9;-4;-4.92;4;0.45
62.9;-4;-4.95;4;0.43
62.9;-4;-5.01;5;0.25
62.9;-4;-5.04;5;0.35
62.9;-4;-5.07;5;0.26
62.9;-4;-5.10;5;0.34
62.9;-4;-5.13;5;0.32
62.9;-4;-5.16;5;0.33
62.9;-4;-5.19;5;0.31
62.9;-4;-5.22;5;0.32
62.9;-4;-5.25;5;0.27
62.9;-4;-5.28;5;0.29
62.9;-4;-5.31;5;0.30
62.9;-4;-5.34;5;0.27
62.9;-4;-5.37;5;0.29
62.9;-4;-5.40;5;0.29
62.9;-4;-5.43;5;0.29
62.9;-4;-5.46;5;0.27
62.9;-4;-5.49;5;0.33
62.9;-4;-5.52;5;0.32
62.9;-4;-5.55;5;0.35
62.9;-4;-5.58;5;0.27
62.9;-4;-5.61;5;0.26
62.9;-4;-5.64;5;0.25
62.9;-4;-5.67;5;0.27
62.9;-4;-5.70;5;0.34
62.9;-4;-5.73;5;0.30
62.9;-4;-5.76;5;0.34
62.9;-4;-5.79;5;0.27
62.9;-4;-5.82;5;0.31
62.9;-4;-5.85;5;0.30
62.9;-4;-5.88;5;0.32
62.9;-4;-5.91;5;0.33
62.9;-4;-5.94;5;0.30
62.9;-4;-5.97;5;0.34
62.9;-4;-6.00;5;0.31
62.9;-4;-6.03;5;0.32
62.9;-4;-6.06;5;0.29
62.9;-4;-6.09;5;0.32
62.9;-4;-6.12;5;0.32
62.9;-4;-6.15;5;0.29
62.9;-4;-6.18;5;0.32
62.9;-4;-6.21;5;0.25
62.9;-4;-6.24;5;0.32
62.9;-4;-6.27;5;0.34
62.9;-4;-6.30;5;0.35
62.9;-4;-6.33;5;0.32
62.9;-4;-6.36;5;0.34
62.9;-4;-6.39;5;0.28
62.9;-4;-6.42;5;0.34
62.9;-4;-6.45;5;0.30
62.9;-4;-6.48;5;0.30
62.9;-4;-6.51;5;0.34
62.9;-4;-6.54;5;0.35
62.9;-4;-6.57;5;0.32
62.9;-4;-6.60;5;0.32
62.9;-4;-6.75;5;0.29
62.9;-4;-6.78;5;0.32
62.9;-4;-6.81;5;0.30
62.9;-4;-6.84;5;0.27
62.9;-4;-6.87;5;0.33
62.9;-4;-6.90;5;0.30
62.9;-4;-6.93;5;0.33
62.9;-4;-6.96;5;0.32
62.9;-4;-6.99;5;0.29
62.9;-4;-7.02;5;0.29
62.9;-4;-7.05;5;0.25
62.9;-4;-7.11;3;0.49
62.9;-4;-7.14;3;0.47
62.9;-4;-7.17;3;0.47
62.9;-4;-7.20;3;0.40
62.9;-4;-7.23;3;0.49
62.9;-4;-7.29;4;0.45
62.9;-4;-7.32;4;0.47
62.9;-4;-7.35;4;0.48
62.9;-4;-7.38;4;0.46
62.9;-4;-7.44;5;0.32
62.9;-4;-7.47;5;0.27
62.9;-4;-7.50;5;0.33
62.9;-4;-7.53;5;0.31
62.9;-4;-7.56;5;0.31
62.9;-4;-7.59;5;0.26
62.9;-4;-7.62;5;0.26
62.9;-4;-7.65;5;0.32
62.9;-4;-7.68;5;0.32
62.9;-4;-7.71;5;0.30
62.9;-4;-7.74;5;0.34
62.9;-4;-7.77;5;0.32
62.9;-4;-7.80;5;0.28
62.9;-4;-7.83;5;0.29
62.9;-4;-7.89;3;0.46
62.9;-4;-7.92;3;0.44
62.9;-4;-7.95;3;0.41
62.9;-4;-7.98;3;0.49
62.9;-4;-8.01;3;0.46
62.9;-4;-8.04;3;0.44
62.9;-4;-8.07;3;0.44
62.9;-4;-8.10;3;0.48
62.9;-4;-8.13;3;0.42
62.9;-4;-8.16;3;0.44
62.9;-4;-8.19;3;0.42
62.9;-4;-8.22;3;0.43
62.9;-4;-8.25;3;0.46
62.9;-4;-8.28;3;0.44
62.9;-4;-8.31;3;0.50
62.9;-4;-8.34;3;0.48
62.9;-4;-8.37;3;0.42
62.9;-4;-8.40;3;0.41
62.9;-4;-8.43;3;0.47
62.9;-4;-8.46;3;0.47
62.9;-4;-8.49;3;0.46
62.9;-4;-8.52;3;0.41
62.9;-4;-8.55;3;0.48
62.9;-4;-8.58;3;0.50
62.9;-4;-8.61;3;0.47
62.9;-4;-8.64;3;0.49
62.9;-4;-8.67;3;0.50
62.9;-4;-8.70;3;0.49
62.9;-4;-8.73;3;0.42
62.9;-4;-8.76;3;0.43
62.9;-4;-8.79;3;0.42
62.9;-4;-8.82;3;0.42
62.9;-4;-8.85;3;0.40
62.9;-4;-8.88;3;0.49
62.9;-4;-8.91;3;0.43
62.9;-4;-8.94;3;0.49
62.9;-4;-8.97;3;0.46
62.9;-4;-9.00;3;0.46
62.9;-4;-9.06;5;0.33
62.9;-4;-9.09;5;0.34
62.9;-4;-9.12;5;0.32
62.9;-4;-9.15;5;0.33
62.9;-4;-9.18;5;0.28
62.9;-4;-9.21;5;0.29
62.9;-4;-9.27;4;0.43
62.9;-4;-9.30;4;0.48
62.9;-4;-9.33;4;0.48
62.9;-4;-9.36;4;0.48
62.9;-4;-9.39;4;0.41
62.9;-4;-9.42;4;0.43
62.9;-4;-9.45;4;0.47
62.9;-4;-9.48;4;0.46
62.9;-4;-9.51;4;0.44
62.9;-4;-9.54;4;0.46
62.9;-4;-9.57;4;0.44
62.9;-4;-9.60;4;0.46
62.9;-4;-9.63;4;0.44
62.9;-4;-9.69;5;0.27
62.9;-4;-9.72;5;0.25
62.9;-4;-9.75;5;0.27
62.9;-4;-9.78;5;0.30
62.9;-4;-9.81;5;0.25
62.9;-4;-9.84;5;0.28
62.9;-4;-9.87;5;0.26
62.9;-4;-9.90;5;0.34
62.9;-4;-9.93;5;0.29
62.9;-4;-9.96;5;0.31
62.9;-4;-10.02;4;0.43
62.9;-4;-10.05;4;0.45
62.9;-4;-10.08;4;0.47
62.9;-4;-10.11;4;0.45
62.9;-4;-10.14;4;0.49
62.9;-4;-10.20;5;0.33
62.9;-4;-10.23;5;0.29
62.9;-4;-10.29;5;0.28
62.9;-4;-10.32;5;0.33
62.9;-4;-10.35;5;0.34
62.9;-4;-10.38;5;0.26
62.9;-4;-10.41;5;0.29
62.9;-4;-10.44;5;0.31
62.9;-4;-10.47;5;0.27
62.9;-4;-10.50;5;0.26
62.9;-4;-10.53;5;0.29
62.9;-4;-10.59;5;0.25
62.9;-4;-10.62;5;0.34
62.9;-4;-10.65;5;0.29
62.9;-4;-10.68;5;0.32
62.9;-4;-10.71;5;0.26
62.9;-4;-10.74;5;0.28
62.9;-4;-10.77;5;0.25
62.9;-4;-10.80;5;0.29
62.9;-4;-10.86;7;0.31
62.9;-4;-10.89;7;0.34
62.9;-4;-10.92;7;0.34
62.9;-4;-10.95;7;0.33
62.9;-4;-10.98;7;0.31
62.9;-4;-11.01;7;0.33
62.9;-4;-11.04;7;0.32
62.9;-4;-11.07;7;0.31
62.9;-4;-11.10;7;0.31
62.9;-4;-11.13;7;0.31
62.9;-4;-11.16;7;0.33
62.9;-4;-11.19;7;0.32
62.9;-4;-11.22;7;0.32
62.9;-4;-11.25;7;0.34
62.9;-4;-11.28;7;0.30
62.9;-4;-11.34;7;0.30
62.9;-4;-11.37;7;0.31
62.9;-4;-11.40;7;0.30
62.9;-4;-11.43;7;0.33
62.9;-4;-11.46;7;0.30
62.9;-4;-11.49;7;0.32
62.9;-4;-11.52;7;0.35
62.9;-4;-11.55;7;0.33
62.9;-4;-11.58;7;0.31
62.9;-4;-11.61;7;0.31
62.9;-4;-11.64;7;0.35
62.9;-4;-11.67;7;0.30
62.9;-4;-11.70;7;0.33
62.9;-4;-11.73;7;0.33
62.9;-4;-11.76;7;0.32
62.9;-4;-11.79;7;0.33
62.9;-4;-11.82;7;0.30
62.9;-4;-11.85;7;0.32
62.9;-4;-11.88;7;0.33
62.9;-4;-11.91;7;0.32
62.9;-4;-11.94;7;0.32
62.9;-4;-11.97;7;0.32
62.9;-4;-12.00;7;0.31
62.9;-4;-12.03;7;0.32
62.9;-4;-12.06;7;0.31
62.9;-4;-12.09;7;0.32
62.9;-4;-12.12;7;0.34
62.9;-4;-12.15;7;0.33
62.9;-4;-12.18;7;0.30
62.9;-4;-12.21;7;0.35
62.9;-4;-12.24;7;0.32
62.9;-4;-12.27;7;0.34
62.9;-4;-12.30;7;0.34
62.9;-4;-12.33;7;0.34
62.9;-4;-12.36;7;0.34
62.9;-4;-12.39;7;0.32
62.9;-4;-12.42;7;0.32
62.9;-4;-12.45;7;0.30
62.9;-4;-12.48;7;0.32
62.9;-4;-12.51;7;0.32
62.9;-4;-12.57;3;0.48
62.9;-4;-12.60;3;0.46
62.9;-4;-12.63;3;0.50
62.9;-4;-12.66;3;0.41
62.9;-4;-12.69;3;0.43
62.9;-4;-12.72;3;0.41
62.9;-4;-12.75;3;0.46
62.9;-4;-12.78;3;0.43
62.9;-4;-12.81;3;0.42
62.9;-4;-12.84;3;0.45
62.9;-4;-12.87;3;0.44
62.9;-4;-12.90;3;0.49
62.9;-4;-12.93;3;0.48
62.9;-4;-12.96;3;0.49
62.9;-4;-12.99;3;0.42
62.9;-4;-13.02;3;0.46
62.9;-4;-13.05;3;0.48
62.9;-4;-13.08;8;0.11
62.9;-4;-13.11;8;0.11
62.9;-4;-13.14;8;0.13
62.9;-4;-13.17;8;0.11
62.9;-4;-13.20;8;0.12
62.9;-4;-13.23;8;0.13
62.9;-4;-13.26;8;0.14
62.9;-4;-13.29;8;0.13
62.9;-4;-13.32;8;0.12
62.9;-4;-13.35;8;0.13
62.9;-4;-13.38;8;0.13
62.9;-4;-13.41;8;0.11
62.9;-4;-13.44;8;0.13
62.9;-4;-13.47;8;0.11
62.9;-4;-13.50;8;0.11
62.9;-4;-13.53;8;0.12
62.9;-4;-13.56;8;0.11
62.9;-4;-13.59;8;0.11
62.9;-4;-13.62;8;0.14
62.9;-4;-13.65;8;0.12
62.9;-4;-13.68;8;0.13
62.9;-4;-13.71;8;0.11
62.9;-4;-13.74;8;0.14
62.9;-4;-13.77;8;0.15
62.9;-4;-13.80;8;0.12
62.9;-4;-13.83;8;0.14
62.9;-4;-13.86;8;0.10
62.9;-4;-13.89;8;0.12
62.9;-4;-13.92;8;0.10
62.9;-4;-13.95;8;0.15
62.9;-4;-13.98;8;0.15
62.9;-4;-14.01;8;0.12
62.9;-4;-14.04;8;0.14
62.9;-4;-14.07;8;0.15
62.9;-4;-14.10;8;0.14
62.9;-4;-14.13;8;0.13
62.9;-4;-14.16;8;0.14
62.9;-4;-14.19;8;0.13
62.9;-4;-14.22;8;0.11
62.9;-4;-14.25;8;0.15
62.9;-4;-14.28;8;0.11
62.9;-4;-14.31;8;0.15
62.9;-4;-14.34;8;0.15
62.9;-4;-14.37;8;0.14
62.9;-4;-14.40;8;0.12
62.9;-4;-14.43;8;0.12
62.9;-4;-14.46;8;0.11
62.9;-4;-14.49;8;0.11
62.9;-4;-14.52;8;0.14
62.9;-4;-14.55;8;0.10
62.9;-4;-14.58;8;0.13
62.9;-4;-14.61;8;0.14
62.9;-4;-14.64;8;0.14
62.9;-4;-14.67;8;0.14
62.9;-4;-14.70;8;0.10
62.9;-4;-14.73;8;0.12
62.9;-4;-14.76;8;0.15
62.9;-4;-14.79;8;0.10
62.9;-4;-14.82;8;0.14
62.9;-4;-14.85;8;0.13
62.9;-4;-14.88;8;0.14
62.9;-4;-14.91;8;0.14
62.9;-4;-14.94;8;0.12
62.9;-4;-14.97;8;0.13
62.9;-4;-15.00;8;0.14
72.9;-4;-0.10;-4;0.47
72.9;-4;-0.25;-4;0.54
72.9;-4;-0.40;-4;0.51
72.9;-4;-0.55;-4;0.70
72.9;-4;-0.70;-4;0.55
72.9;-4;-0.85;-4;0.73
72.9;-4;-1.00;-4;0.34
72.9;-4;-1.15;-4;0.65
72.9;-4;-1.30;-4;0.43
72.9;-4;-1.45;-4;0.70
72.9;-4;-2.13;5;0.32
72.9;-4;-2.16;5;0.32
72.9;-4;-2.19;5;0.25
72.9;-4;-2.22;5;0.34
72.9;-4;-2.25;5;0.33
72.9;-4;-2.28;5;0.31
72.9;-4;-2.31;5;0.34
72.9;-4;-2.34;5;0.27
72.9;-4;-2.37;5;0.25
72.9;-4;-2.40;5;0.29
72.9;-4;-2.43;5;0.35
72.9;-4;-2.46;5;0.25
72.9;-4;-2.49;5;0.31
72.9;-4;-2.52;5;0.27
72.9;-4;-2.55;5;0.34
72.9;-4;-2.58;5;0.31
72.9;-4;-2.61;5;0.31
72.9;-4;-2.64;5;0.31
72.9;-4;-2.67;5;0.28
72.9;-4;-2.70;5;0.30
72.9;-4;-2.73;5;0.29
72.9;-4;-2.76;5;0.26
72.9;-4;-2.79;5;0.34
72.9;-4;-2.82;5;0.34
72.9;-4;-2.85;5;0.31
72.9;-4;-2.88;5;0.34
72.9;-4;-2.94;2;0.48
72.9;-4;-2.97;2;0.43
72.9;-4;-3.00;2;0.48
72.9;-4;-3.03;2;0.42
72.9;-4;-3.06;2;0.49
72.9;-4;-3.09;2;0.47
72.9;-4;-3.12;2;0.45
72.9;-4;-3.15;2;0.41
72.9;-4;-3.18;2;0.49
72.9;-4;-3.24;3;0.49
72.9;-4;-3.27;3;0.43
72.9;-4;-3.30;3;0.47
72.9;-4;-3.33;3;0.42
72.9;-4;-3.36;3;0.46
72.9;-4;-3.39;3;0.50
72.9;-4;-3.42;3;0.43
72.9;-4;-3.45;3;0.48
72.9;-4;-3.48;3;0.41
72.9;-4;-3.51;3;0.41
72.9;-4;-3.54;3;0.48
72.9;-4;-3.57;3;0.44
72.9;-4;-3.60;3;0.46
72.9;-4;-3.63;3;0.43
72.9;-4;-3.66;3;0.43
72.9;-4;-3.69;3;0.48
72.9;-4;-3.72;3;0.43
72.9;-4;-3.75;3;0.41
72.9;-4;-3.84;5;0.26
72.9;-4;-3.87;5;0.34
72.9;-4;-3.90;5;0.31
72.9;-4;-3.93;5;0.29
72.9;-4;-3.96;5;0.27
72.9;-4;-3.99;5;0.32
72.9;-4;-4.02;5;0.32
72.9;-4;-4.05;5;0.28
72.9;-4;-4.08;5;0.30
72.9;-4;-4.11;5;0.26
72.9;-4;-4.14;5;0.30
72.9;-4;-4.17;5;0.28
72.9;-4;-4.20;5;0.29
72.9;-4;-4.23;5;0.35
72.9;-4;-4.26;5;0.28
72.9;-4;-4.29;5;0.26
72.9;-4;-4.32;5;0.27
72.9;-4;-4.35;5;0.29
72.9;-4;-4.38;5;0.33
72.9;-4;-4.41;5;0.30
72.9;-4;-4.44;5;0.31
72.9;-4;-4.47;5;0.26
72.9;-4;-4.50;5;0.32
72.9;-4;-4.53;5;0.29
72.9;-4;-4.56;5;0.35
72.9;-4;-4.59;5;0.31
72.9;-4;-4.62;5;0.26
72.9;-4;-4.65;5;0.32
72.9;-4;-4.68;5;0.29
72.9;-4;-4.71;5;0.27
72.9;-4;-4.74;5;0.29
72.9;-4;-4.77;5;0.31
72.9;-4;-4.80;5;0.29
72.9;-4;-4.83;5;0.32
72.9;-4;-4.86;5;0.33
72.9;-4;-4.89;5;0.34
72.9;-4;-4.92;5;0.34
72.9;-4;-4.95;5;0.35
72.9;-4;-4.98;5;0.32
72.9;-4;-5.01;5;0.27
72.9;-4;-5.04;5;0.28
72.9;-4;-5.07;5;0.33
72.9;-4;-5.10;5;0.30
72.9;-4;-5.13;5;0.26
72.9;-4;-5.16;5;0.26
72.9;-4;-5.19;5;0.27
72.9;-4;-5.22;5;0.27
72.9;-4;-5.25;5;0.32
72.9;-4;-5.28;5;0.32
72.9;-4;-5.31;5;0.27
72.9;-4;-5.34;5;0.25
72.9;-4;-5.37;5;0.30
72.9;-4;-5.40;5;0.33
72.9;-4;-5.43;5;0.33
72.9;-4;-5.46;5;0.34
72.9;-4;-5.49;5;0.29
72.9;-4;-5.52;5;0.34
72.9;-4;-5.55;5;0.34
72.9;-4;-5.58;5;0.35
72.9;-4;-5.61;5;0.34
72.9;-4;-5.64;5;0.27
72.9;-4;-5.67;5;0.32
72.9;-4;-5.70;5;0.32
72.9;-4;-5.73;5;0.26
72.9;-4;-5.76;5;0.35
72.9;-4;-5.79;5;0.27
72.9;-4;-5.82;5;0.30
72.9;-4;-5.85;5;0.30
72.9;-4;-5.88;5;0.32
72.9;-4;-5.91;5;0.34
72.9;-4;-5.94;5;0.28
72.9;-4;-5.97;5;0.28
72.9;-4;-6.00;5;0.26
72.9;-4;-6.03;5;0.26
72.9;-4;-6.06;5;0.32
72.9;-4;-6.09;5;0.34
72.9;-4;-6.12;5;0.26
72.9;-4;-6.15;5;0.27
72.9;-4;-6.18;5;0.30
72.9;-4;-6.21;5;0.26
72.9;-4;-6.24;5;0.32
72.9;-4;-6.27;5;0.32
72.9;-4;-6.33;4;0.49
72.9;-4;-6.36;4;0.47
72.9;-4;-6.39;4;0.49
72.9;-4;-6.42;4;0.40
72.9;-4;-6.45;4;0.41
72.9;-4;-6.48;4;0.46
72.9;-4;-6.51;4;0.45
72.9;-4;-6.54;4;0.47
72.9;-4;-6.57;4;0.49
72.9;-4;-6.60;4;0.43
72.9;-4;-6.63;4;0.47
72.9;-4;-6.66;4;0.43
72.9;-4;-6.69;4;0.41
72.9;-4;-6.72;4;0.47
72.9;-4;-6.75;4;0.45
72.9;-4;-6.78;4;0.44
72.9;-4;-6.81;4;0.42
72.9;-4;-6.84;4;0.50
72.9;-4;-6.87;4;0.41
72.9;-4;-6.90;4;0.47
72.9;-4;-6.96;5;0.31
72.9;-4;-6.99;5;0.33
72.9;-4;-7.02;5;0.28
72.9;-4;-7.05;5;0.31
72.9;-4;-7.08;5;0.34
72.9;-4;-7.11;5;0.26
72.9;-4;-7.14;5;0.34
72.9;-4;-7.17;5;0.32
72.9;-4;-7.20;5;0.29
72.9;-4;-7.23;5;0.29
72.9;-4;-7.26;5;0.25
72.9;-4;-7.29;5;0.26
72.9;-4;-7.32;5;0.25
72.9;-4;-7.35;5;0.30
72.9;-4;-7.38;5;0.28
72.9;-4;-7.41;5;0.31
72.9;-4;-7.44;5;0.26
72.9;-4;-7.47;5;0.28
72.9;-4;-7.50;5;0.34
72.9;-4;-7.53;5;0.28
72.9;-4;-7.56;5;0.27
72.9;-4;-7.59;5;0.33
72.9;-4;-7.62;5;0.31
72.9;-4;-7.65;5;0.34
72.9;-4;-7.68;5;0.25
72.9;-4;-7.71;5;0.29
72.9;-4;-7.74;5;0.31
72.9;-4;-7.77;5;0.34
72.9;-4;-7.80;5;0.32
72.9;-4;-7.83;5;0.34
72.9;-4;-7.86;5;0.26
72.9;-4;-7.89;5;0.28
72.9;-4;-7.92;5;0.29
72.9;-4;-7.95;5;0.32
72.9;-4;-7.98;5;0.32
72.9;-4;-8.01;5;0.30
72.9;-4;-8.04;5;0.31
72.9;-4;-8.07;5;0.27
72.9;-4;-8.10;5;0.34
72.9;-4;-8.13;5;0.35
72.9;-4;-8.16;5;0.32
72.9;-4;-8.19;5;0.34
72.9;-4;-8.22;5;0.28
72.9;-4;-8.25;5;0.28
72.9;-4;-8.28;5;0.28
72.9;-4;-8.31;5;0.27
72.9;-4;-8.34;5;0.30
72.9;-4;-8.37;5;0.29
72.9;-4;-8.43;3;0.44
72.9;-4;-8.46;3;0.48
72.9;-4;-8.49;3;0.48
72.9;-4;-8.52;3;0.44
72.9;-4;-8.55;3;0.47
72.9;-4;-8.58;3;0.40
72.9;-4;-8.61;3;0.48
72.9;-4;-8.64;3;0.50
72.9;-4;-8.67;3;0.49
72.9;-4;-8.70;3;0.45
72.9;-4;-8.73;3;0.49
72.9;-4;-8.76;3;0.45
72.9;-4;-8.79;3;0.45
72.9;-4;-8.82;3;0.45
72.9;-4;-8.85;3;0.42
72.9;-4;-8.88;3;0.40
72.9;-4;-8.91;3;0.46
72.9;-4;-8.94;3;0.49
72.9;-4;-8.97;3;0.40
72.9;-4;-9.00;3;0.50
72.9;-4;-9.03;3;0.45
72.9;-4;-9.06;3;0.48
72.9;-4;-9.09;3;0.45
72.9;-4;-9.12;3;0.45
72.9;-4;-9.15;3;0.48
72.9;-4;-9.18;3;0.45
72.9;-4;-9.21;3;0.50
72.9;-4;-9.27;4;0.46
72.9;-4;-9.30;4;0.43
72.9;-4;-9.33;4;0.49
72.9;-4;-9.36;4;0.50
72.9;-4;-9.39;4;0.47
72.9;-4;-9.42;4;0.41
72.9;-4;-9.45;4;0.48
72.9;-4;-9.48;4;0.47
72.9;-4;-9.51;4;0.48
72.9;-4;-9.54;4;0.48
72.9;-4;-9.57;4;0.48
72.9;-4;-9.60;4;0.41
72.9;-4;-9.63;4;0.46
72.9;-4;-9.66;4;0.48
72.9;-4;-9.69;4;0.45
72.9;-4;-9.72;4;0.43
72.9;-4;-9.75;4;0.43
72.9;-4;-9.78;4;0.41
72.9;-4;-9.81;4;0.44
72.9;-4;-9.84;4;0.41
72.9;-4;-9.87;4;0.43
72.9;-4;-9.90;4;0.43
72.9;-4;-9.93;4;0.49
72.9;-4;-9.99;5;0.33
72.9;-4;-10.02;5;0.34
72.9;-4;-10.08;5;0.27
72.9;-4;-10.11;5;0.32
72.9;-4;-10.14;5;0.28
72.9;-4;-10.17;5;0.27
72.9;-4;-10.20;5;0.27
72.9;-4;-10.23;5;0.30
72.9;-4;-10.26;5;0.34
72.9;-4;-10.32;5;0.30
72.9;-4;-10.35;5;0.33
72.9;-4;-10.38;5;0.31
72.9;-4;-10.41;5;0.31
72.9;-4;-10.44;5;0.25
72.9;-4;-10.47;5;0.27
72.9;-4;-10.50;5;0.33
72.9;-4;-10.53;5;0.26
72.9;-4;-10.56;5;0.28
72.9;-4;-10.59;5;0.33
72.9;-4;-10.62;5;0.27
72.9;-4;-10.65;5;0.26
72.9;-4;-10.71;7;0.31
72.9;-4;-10.74;7;0.32
72.9;-4;-10.77;7;0.34
72.9;-4;-10.80;7;0.32
72.9;-4;-10.83;7;0.32
72.9;-4;-10.86;7;0.31
72.9;-4;-10.89;7;0.34
72.9;-4;-10.92;7;0.35
72.9;-4;-10.95;7;0.34
72.9;-4;-10.98;7;0.34
72.9;-4;-11.01;7;0.34
72.9;-4;-11.04;7;0.30
72.9;-4;-11.07;7;0.32
72.9;-4;-11.10;7;0.34
72.9;-4;-11.13;7;0.33
72.9;-4;-11.16;7;0.34
72.9;-4;-11.19;7;0.34
72.9;-4;-11.22;7;0.34
72.9;-4;-11.25;7;0.34
72.9;-4;-11.28;7;0.35
72.9;-4;-11.31;7;0.35
72.9;-4;-11.34;7;0.33
72.9;-4;-11.37;7;0.31
72.9;-4;-11.40;7;0.30
72.9;-4;-11.43;7;0.33
72.9;-4;-11.46;7;0.33
72.9;-4;-11.49;7;0.33
72.9;-4;-11.52;7;0.33
72.9;-4;-11.55;7;0.31
72.9;-4;-11.58;7;0.33
72.9;-4;-11.61;7;0.34
72.9;-4;-11.64;7;0.30
72.9;-4;-11.67;7;0.35
72.9;-4;-11.70;7;0.32
72.9;-4;-11.73;7;0.34
72.9;-4;-11.76;7;0.30
72.9;-4;-11.79;7;0.35
72.9;-4;-11.82;7;0.31
72.9;-4;-11.85;7;0.33
72.9;-4;-11.88;7;0.31
72.9;-4;-11.91;7;0.34
72.9;-4;-11.94;7;0.32
72.9;-4;-11.97;7;0.33
72.9;-4;-12.00;7;0.34
72.9;-4;-12.03;7;0.31
72.9;-4;-12.06;7;0.33
72.9;-4;-12.09;7;0.33
72.9;-4;-12.12;7;0.31
72.9;-4;-12.15;7;0.34
72.9;-4;-12.18;7;0.33
72.9;-4;-12.21;7;0.33
72.9;-4;-12.24;7;0.34
72.9;-4;-12.27;7;0.32
72.9;-4;-12.30;7;0.30
72.9;-4;-12.33;7;0.33
72.9;-4;-12.36;7;0.33
72.9;-4;-12.39;7;0.34
72.9;-4;-12.42;7;0.30
72.9;-4;-12.45;7;0.32
72.9;-4;-12.48;7;0.31
72.9;-4;-12.54;3;0.47
72.9;-4;-12.57;3;0.46
72.9;-4;-12.60;3;0.43
72.9;-4;-12.63;3;0.44
72.9;-4;-12.66;3;0.40
72.9;-4;-12.69;3;0.49
72.9;-4;-12.72;3;0.45
72.9;-4;-12.75;3;0.49
72.9;-4;-12.78;3;0.46
72.9;-4;-12.81;3;0.45
72.9;-4;-12.84;3;0.49
72.9;-4;-12.87;3;0.48
72.9;-4;-12.90;3;0.44
72.9;-4;-12.93;3;0.40
72.9;-4;-12.96;3;0.42
72.9;-4;-12.99;3;0.48
72.9;-4;-13.02;3;0.44
72.9;-4;-13.05;3;0.46
72.9;-4;-13.08;3;0.42
72.9;-4;-13.11;3;0.41
72.9;-4;-13.14;8;0.14
72.9;-4;-13.17;8;0.14
72.9;-4;-13.20;8;0.12
72.9;-4;-13.23;8;0.12
72.9;-4;-13.26;8;0.12
72.9;-4;-13.29;8;0.14
72.9;-4;-13.32;8;0.13
72.9;-4;-13.35;8;0.10
72.9;-4;-13.38;8;0.12
72.9;-4;-13.41;8;0.10
72.9;-4;-13.44;8;0.12
72.9;-4;-13.47;8;0.11
72.9;-4;-13.50;8;0.12
72.9;-4;-13.53;8;0.11
72.9;-4;-13.56;8;0.14
72.9;-4;-13.59;8;0.13
72.9;-4;-13.62;8;0.15
72.9;-4;-13.65;8;0.12
72.9;-4;-13.68;8;0.13
72.9;-4;-13.71;8;0.11
72.9;-4;-13.74;8;0.15
72.9;-4;-13.77;8;0.10
72.9;-4;-13.80;8;0.11
72.9;-4;-13.83;8;0.13
72.9;-4;-13.86;8;0.11
72.9;-4;-13.89;8;0.12
72.9;-4;-13.92;8;0.12
72.9;-4;-13.95;8;0.11
72.9;-4;-13.98;8;0.14
72.9;-4;-14.01;8;0.14
72.9;-4;-14.04;8;0.14
72.9;-4;-14.07;8;0.12
72.9;-4;-14.10;8;0.12
72.9;-4;-14.13;8;0.13
72.9;-4;-14.16;8;0.11
72.9;-4;-14.19;8;0.13
72.9;-4;-14.22;8;0.12
72.9;-4;-14.25;8;0.14
72.9;-4;-14.28;8;0.12
72.9;-4;-14.31;8;0.13
72.9;-4;-14.34;8;0.11
72.9;-4;-14.37;8;0.11
72.9;-4;-14.40;8;0.12
72.9;-4;-14.43;8;0.13
72.9;-4;-14.46;8;0.14
72.9;-4;-14.49;8;0.14
72.9;-4;-14.52;8;0.14
72.9;-4;-14.55;8;0.12
72.9;-4;-14.58;8;0.14
72.9;-4;-14.61;8;0.11
72.9;-4;-14.64;8;0.12
72.9;-4;-14.67;8;0.10
72.9;-4;-14.70;8;0.12
72.9;-4;-14.73;8;0.13
72.9;-4;-14.76;8;0.15
72.9;-4;-14.79;8;0.13
72.9;-4;-14.82;8;0.12
72.9;-4;-14.85;8;0.13
72.9;-4;-14.88;8;0.12
72.9;-4;-14.91;8;0.13
72.9;-4;-14.94;8;0.15
72.9;-4;-14.97;8;0.13
72.9;-4;-15.00;8;0.10
84;-4;-0.10;-4;0.44
84;-4;-0.25;-4;0.73
84;-4;-0.40;-4;0.32
84;-4;-0.55;-4;0.75
84;-4;-0.70;-4;0.66
84;-4;-0.85;-4;0.34
84;-4;-1.00;-4;0.51
84;-4;-1.15;-4;0.49
84;-4;-1.30;-4;0.75
84;-4;-1.45;-4;0.75
84;-4;-1.60;-4;0.62
84;-4;-1.75;-4;0.76
84;-4;-2.58;3;0.46
84;-4;-2.61;3;0.43
84;-4;-2.64;3;0.46
84;-4;-2.67;3;0.49
84;-4;-2.70;3;0.41
84;-4;-2.73;3;0.44
84;-4;-2.76;3;0.44
84;-4;-2.79;3;0.50
84;-4;-2.82;3;0.44
84;-4;-2.85;3;0.48
84;-4;-2.88;3;0.41
84;-4;-2.91;3;0.41
84;-4;-2.94;3;0.46
84;-4;-2.97;3;0.49
84;-4;-3.00;3;0.46
84;-4;-3.03;3;0.43
84;-4;-3.09;5;0.33
84;-4;-3.12;5;0.31
84;-4;-3.15;5;0.27
84;-4;-3.18;5;0.28
84;-4;-3.21;5;0.30
84;-4;-3.24;5;0.28
84;-4;-3.27;5;0.35
84;-4;-3.30;5;0.29
84;-4;-3.33;5;0.29
84;-4;-3.36;5;0.27
84;-4;-3.39;5;0.31
84;-4;-3.42;5;0.32
84;-4;-3.45;5;0.32
84;-4;-3.48;5;0.32
84;-4;-3.51;5;0.35
84;-4;-3.54;5;0.28
84;-4;-3.57;5;0.28
84;-4;-3.60;5;0.27
84;-4;-3.63;5;0.29
84;-4;-3.66;5;0.27
84;-4;-3.69;5;0.33
84;-4;-3.72;5;0.31
84;-4;-3.90;2;0.46
84;-4;-3.93;2;0.42
84;-4;-3.96;2;0.49
84;-4;-3.99;2;0.46
84;-4;-4.02;2;0.40
84;-4;-4.05;2;0.44
84;-4;-4.08;2;0.44
84;-4;-4.11;2;0.41
84;-4;-4.14;2;0.43
84;-4;-4.20;3;0.41
84;-4;-4.23;3;0.48
84;-4;-4.26;3;0.44
84;-4;-4.29;3;0.44
84;-4;-4.32;3;0.45
84;-4;-4.35;3;0.43
84;-4;-4.38;3;0.40
84;-4;-4.41;3;0.50
84;-4;-4.44;3;0.47
84;-4;-4.47;3;0.43
84;-4;-4.50;3;0.48
84;-4;-4.53;3;0.48
84;-4;-4.59;5;0.27
84;-4;-4.62;5;0.33
84;-4;-4.65;5;0.34
84;-4;-4.68;5;0.28
84;-4;-4.71;5;0.27
84;-4;-4.74;5;0.29
84;-4;-4.77;5;0.34
84;-4;-4.80;5;0.28
84;-4;-4.83;5;0.33
84;-4;-4.86;5;0.26
84;-4;-4.89;5;0.25
84;-4;-4.92;5;0.26
84;-4;-4.95;5;0.25
84;-4;-4.98;5;0.34
84;-4;-5.01;5;0.27
84;-4;-5.04;5;0.29
84;-4;-5.07;5;0.33
84;-4;-5.10;5;0.26
84;-4;-5.13;5;0.30
84;-4;-5.16;5;0.26
84;-4;-5.19;5;0.35
84;-4;-5.22;5;0.31
84;-4;-5.25;5;0.26
84;-4;-5.28;5;0.28
84;-4;-5.31;5;0.28
84;-4;-5.34;5;0.25
84;-4;-5.37;5;0.31
84;-4;-5.40;5;0.30
84;-4;-5.43;5;0.33
84;-4;-5.46;5;0.28
84;-4;-5.49;5;0.26
84;-4;-5.52;5;0.31
84;-4;-5.55;5;0.29
84;-4;-5.58;5;0.31
84;-4;-5.61;5;0.26
84;-4;-5.67;4;0.40
84;-4;-5.70;4;0.44
84;-4;-5.73;4;0.43
84;-4;-5.76;4;0.46
84;-4;-5.79;4;0.45
84;-4;-5.82;4;0.47
84;-4;-5.85;4;0.48
84;-4;-5.88;4;0.45
84;-4;-5.91;4;0.45
84;-4;-5.94;4;0.42
84;-4;-6.00;5;0.28
84;-4;-6.03;5;0.31
84;-4;-6.06;5;0.30
84;-4;-6.09;5;0.32
84;-4;-6.12;5;0.26
84;-4;-6.15;5;0.30
84;-4;-6.18;5;0.25
84;-4;-6.21;5;0.27
84;-4;-6.24;5;0.34
84;-4;-6.27;5;0.31
84;-4;-6.30;5;0.33
84;-4;-6.33;5;0.26
84;-4;-6.36;5;0.28
84;-4;-6.39;5;0.26
84;-4;-6.42;5;0.26
84;-4;-6.45;5;0.31
84;-4;-6.48;5;0.31
84;-4;-6.51;5;0.32
84;-4;-6.54;5;0.26
84;-4;-6.57;5;0.31
84;-4;-6.60;5;0.26
84;-4;-6.66;5;0.26
84;-4;-6.69;5;0.25
84;-4;-6.72;5;0.28
84;-4;-6.75;5;0.25
84;-4;-6.78;5;0.27
84;-4;-6.81;5;0.29
84;-4;-6.87;4;0.43
84;-4;-6.90;4;0.46
84;-4;-6.93;4;0.50
84;-4;-6.96;4;0.43
84;-4;-6.99;4;0.47
84;-4;-7.02;4;0.49
84;-4;-7.05;4;0.50
84;-4;-7.08;4;0.42
84;-4;-7.11;4;0.45
84;-4;-7.14;4;0.47
84;-4;-7.17;4;0.47
84;-4;-7.20;4;0.44
84;-4;-7.23;4;0.41
84;-4;-7.26;4;0.47
84;-4;-7.29;4;0.48
84;-4;-7.35;5;0.32
84;-4;-7.38;5;0.31
84;-4;-7.41;5;0.32
84;-4;-7.44;5;0.33
84;-4;-7.47;5;0.27
84;-4;-7.50;5;0.31
84;-4;-7.53;5;0.26
84;-4;-7.56;5;0.25
84;-4;-7.59;5;0.29
84;-4;-7.62;5;0.27
84;-4;-7.65;5;0.31
84;-4;-7.68;5;0.32
84;-4;-7.89;5;0.31
84;-4;-7.92;5;0.30
84;-4;-7.95;5;0.27
84;-4;-7.98;5;0.27
84;-4;-8.01;5;0.28
84;-4;-8.04;5;0.29
84;-4;-8.07;5;0.34
84;-4;-8.10;5;0.27
84;-4;-8.13;5;0.28
84;-4;-8.16;5;0.30
84;-4;-8.19;5;0.28
84;-4;-8.22;5;0.27
84;-4;-8.25;5;0.32
84;-4;-8.28;5;0.28
84;-4;-8.31;5;0.32
84;-4;-8.34;5;0.34
84;-4;-8.37;5;0.29
84;-4;-8.40;5;0.30
84;-4;-8.43;5;0.29
84;-4;-8.46;5;0.30
84;-4;-8.49;5;0.28
84;-4;-8.52;5;0.30
84;-4;-8.55;5;0.34
84;-4;-8.58;5;0.31
84;-4;-8.61;5;0.29
84;-4;-8.67;3;0.47
84;-4;-8.70;3;0.48
84;-4;-8.73;3;0.42
84;-4;-8.76;3;0.44
84;-4;-8.79;3;0.48
84;-4;-8.82;3;0.40
84;-4;-8.85;3;0.48
84;-4;-8.88;3;0.40
84;-4;-8.91;3;0.41
84;-4;-8.94;3;0.42
84;-4;-8.97;3;0.47
84;-4;-9.00;3;0.46
84;-4;-9.03;3;0.46
84;-4;-9.06;3;0.40
84;-4;-9.09;3;0.49
84;-4;-9.12;3;0.50
84;-4;-9.15;3;0.42
84;-4;-9.18;3;0.45
84;-4;-9.21;3;0.49
84;-4;-9.24;3;0.43
84;-4;-9.30;4;0.45
84;-4;-9.33;4;0.46
84;-4;-9.36;4;0.47
84;-4;-9.39;4;0.49
84;-4;-9.42;4;0.44
84;-4;-9.45;4;0.48
84;-4;-9.48;4;0.48
84;-4;-9.51;4;0.41
84;-4;-9.54;4;0.49
84;-4;-9.57;4;0.44
84;-4;-9.60;4;0.46
84;-4;-9.63;4;0.41
84;-4;-9.66;4;0.45
84;-4;-9.69;4;0.40
84;-4;-9.72;4;0.46
84;-4;-9.75;4;0.47
84;-4;-9.78;4;0.49
84;-4;-9.81;4;0.41
84;-4;-9.87;5;0.28
84;-4;-9.90;5;0.35
84;-4;-9.93;5;0.27
84;-4;-9.99;5;0.30
84;-4;-10.02;5;0.25
84;-4;-10.05;5;0.31
84;-4;-10.08;5;0.34
84;-4;-10.11;5;0.26
84;-4;-10.14;5;0.29
84;-4;-10.17;5;0.31
84;-4;-10.20;5;0.34
84;-4;-10.23;5;0.26
84;-4;-10.26;5;0.25
84;-4;-10.32;5;0.27
84;-4;-10.35;5;0.27
84;-4;-10.38;5;0.26
84;-4;-10.41;5;0.29
84;-4;-10.44;5;0.33
84;-4;-10.47;5;0.26
84;-4;-10.50;5;0.33
84;-4;-10.53;5;0.27
84;-4;-10.56;5;0.29
84;-4;-10.62;7;0.32
84;-4;-10.65;7;0.31
84;-4;-10.68;7;0.32
84;-4;-10.71;7;0.31
84;-4;-10.74;7;0.31
84;-4;-10.77;7;0.32
84;-4;-10.80;7;0.33
84;-4;-10.83;7;0.31
84;-4;-10.86;7;0.31
84;-4;-10.89;7;0.35
84;-4;-10.92;7;0.33
84;-4;-10.95;7;0.31
84;-4;-10.98;7;0.34
84;-4;-11.01;7;0.35
84;-4;-11.04;7;0.31
84;-4;-11.07;7;0.35
84;-4;-11.10;7;0.30
84;-4;-11.13;7;0.31
84;-4;-11.19;7;0.30
84;-4;-11.22;7;0.32
84;-4;-11.25;7;0.33
84;-4;-11.28;7;0.32
84;-4;-11.31;7;0.32
84;-4;-11.34;7;0.35
84;-4;-11.37;7;0.33
84;-4;-11.40;7;0.33
84;-4;-11.43;7;0.31
84;-4;-11.46;7;0.33
84;-4;-11.49;7;0.31
84;-4;-11.52;7;0.34
84;-4;-11.55;7;0.31
84;-4;-11.58;7;0.31
84;-4;-11.61;7;0.30
84;-4;-11.64;7;0.33
84;-4;-11.67;7;0.33
84;-4;-11.70;7;0.31
84;-4;-11.73;7;0.33
84;-4;-11.76;7;0.34
84;-4;-11.79;7;0.31
84;-4;-11.82;7;0.33
84;-4;-11.85;7;0.35
84;-4;-11.91;3;0.43
84;-4;-11.94;3;0.46
84;-4;-11.97;3;0.43
84;-4;-12.00;3;0.42
84;-4;-12.03;3;0.43
84;-4;-12.09;2;0.48
84;-4;-12.12;2;0.43
84;-4;-12.15;2;0.47
84;-4;-12.18;2;0.48
84;-4;-12.21;2;0.43
84;-4;-12.24;2;0.43
84;-4;-12.27;2;0.50
84;-4;-12.30;2;0.42
84;-4;-12.33;2;0.48
84;-4;-12.36;2;0.48
84;-4;-12.39;2;0.48
84;-4;-12.42;2;0.45
84;-4;-12.45;2;0.46
84;-4;-12.48;2;0.40
84;-4;-12.51;2;0.46
84;-4;-12.54;2;0.46
84;-4;-12.57;2;0.49
84;-4;-12.60;2;0.46
84;-4;-12.63;8;0.13
84;-4;-12.66;8;0.15
84;-4;-12.69;8;0.12
84;-4;-12.72;8;0.13
84;-4;-12.75;8;0.10
84;-4;-12.78;8;0.15
84;-4;-12.81;8;0.12
84;-4;-12.84;8;0.12
84;-4;-12.87;8;0.13
84;-4;-12.90;8;0.12
84;-4;-12.93;8;0.13
84;-4;-12.96;8;0.14
84;-4;-12.99;8;0.14
84;-4;-13.02;8;0.12
84;-4;-13.05;8;0.15
84;-4;-13.08;8;0.11
84;-4;-13.11;8;0.11
84;-4;-13.14;8;0.10
84;-4;-13.17;8;0.10
84;-4;-13.20;8;0.12
84;-4;-13.23;8;0.13
84;-4;-13.26;8;0.14
84;-4;-13.29;8;0.14
84;-4;-13.32;8;0.11
84;-4;-13.35;8;0.10
84;-4;-13.38;8;0.13
84;-4;-13.41;8;0.11
84;-4;-13.44;8;0.15
84;-4;-13.47;8;0.11
84;-4;-13.50;8;0.15
84;-4;-13.53;8;0.11
84;-4;-13.56;8;0.11
84;-4;-13.59;8;0.13
84;-4;-13.62;8;0.15
84;-4;-13.65;8;0.13
84;-4;-13.68;8;0.15
84;-4;-13.71;8;0.11
84;-4;-13.74;8;0.11
84;-4;-13.77;8;0.13
84;-4;-13.80;8;0.13
84;-4;-13.83;8;0.14
84;-4;-13.86;8;0.12
84;-4;-13.89;8;0.10
84;-4;-13.92;8;0.13
84;-4;-13.95;8;0.13
84;-4;-13.98;8;0.11
84;-4;-14.01;8;0.15
84;-4;-14.04;8;0.12
84;-4;-14.07;8;0.13
84;-4;-14.10;8;0.14
84;-4;-14.13;8;0.12
84;-4;-14.16;8;0.13
84;-4;-14.19;8;0.11
84;-4;-14.22;8;0.14
84;-4;-14.25;8;0.11
84;-4;-14.28;8;0.15
84;-4;-14.31;8;0.10
84;-4;-14.34;8;0.15
84;-4;-14.37;8;0.10
84;-4;-14.40;8;0.12
84;-4;-14.43;8;0.13
84;-4;-14.46;8;0.10
84;-4;-14.49;8;0.11
84;-4;-14.52;8;0.14
84;-4;-14.55;8;0.12
84;-4;-14.58;8;0.13
84;-4;-14.61;8;0.15
84;-4;-14.64;8;0.12
84;-4;-14.67;8;0.11
84;-4;-14.70;8;0.11
84;-4;-14.73;8;0.11
84;-4;-14.76;8;0.14
84;-4;-14.79;8;0.14
84;-4;-14.82;8;0.14
84;-4;-14.85;8;0.13
84;-4;-14.88;8;0.13
84;-4;-14.91;8;0.13
84;-4;-14.94;8;0.14
84;-4;-14.97;8;0.14
84;-4;-15.00;8;0.11
91.9;-4;-0.15;-4;0.55
91.9;-4;-0.30;-4;0.61
91.9;-4;-0.45;-4;0.40
91.9;-4;-0.60;-4;0.37
91.9;-4;-0.75;-4;0.32
91.9;-4;-0.90;-4;0.75
91.9;-4;-1.05;-4;0.76
91.9;-4;-1.20;-4;0.48
91.9;-4;-1.35;-4;0.75
91.9;-4;-2.49;2;0.42
91.9;-4;-2.52;2;0.44
91.9;-4;-2.55;2;0.43
91.9;-4;-2.58;2;0.42
91.9;-4;-2.61;2;0.44
91.9;-4;-2.64;2;0.45
91.9;-4;-2.67;2;0.42
91.9;-4;-2.70;2;0.45
91.9;-4;-2.73;2;0.48
91.9;-4;-2.76;2;0.46
91.9;-4;-2.82;3;0.49
91.9;-4;-2.85;3;0.49
91.9;-4;-2.88;3;0.49
91.9;-4;-2.91;3;0.41
91.9;-4;-2.94;3;0.43
91.9;-4;-2.97;3;0.46
91.9;-4;-3.00;3;0.44
91.9;-4;-3.03;3;0.49
91.9;-4;-3.06;3;0.45
91.9;-4;-3.09;3;0.42
91.9;-4;-3.12;3;0.46
91.9;-4;-3.15;3;0.42
91.9;-4;-3.18;3;0.41
91.9;-4;-3.21;3;0.48
91.9;-4;-3.24;3;0.41
91.9;-4;-3.27;3;0.48
91.9;-4;-3.30;3;0.49
91.9;-4;-3.33;3;0.43
91.9;-4;-3.39;3;0.42
91.9;-4;-3.42;3;0.49
91.9;-4;-3.45;3;0.48
91.9;-4;-3.48;3;0.43
91.9;-4;-3.51;3;0.47
91.9;-4;-3.54;3;0.41
91.9;-4;-3.57;3;0.43
91.9;-4;-3.60;3;0.46
91.9;-4;-3.63;3;0.40
91.9;-4;-3.66;3;0.49
91.9;-4;-3.69;3;0.49
91.9;-4;-3.72;3;0.42
91.9;-4;-3.75;3;0.48
91.9;-4;-3.78;3;0.50
91.9;-4;-3.81;3;0.45
91.9;-4;-3.84;3;0.43
91.9;-4;-3.87;3;0.46
91.9;-4;-3.90;3;0.44
91.9;-4;-3.93;3;0.48
91.9;-4;-3.99;5;0.28
91.9;-4;-4.02;5;0.35
91.9;-4;-4.05;5;0.31
91.9;-4;-4.08;5;0.30
91.9;-4;-4.11;5;0.26
91.9;-4;-4.14;5;0.30
91.9;-4;-4.17;5;0.31
91.9;-4;-4.20;5;0.32
91.9;-4;-4.23;5;0.26
91.9;-4;-4.26;5;0.28
91.9;-4;-4.29;5;0.32
91.9;-4;-4.32;5;0.31
91.9;-4;-4.35;5;0.26
91.9;-4;-4.38;5;0.34
91.9;-4;-4.41;5;0.25
91.9;-4;-4.44;5;0.34
91.9;-4;-4.47;5;0.25
91.9;-4;-4.50;5;0.34
91.9;-4;-4.53;5;0.31
91.9;-4;-4.56;5;0.35
91.9;-4;-4.59;5;0.33
91.9;-4;-4.62;5;0.27
91.9;-4;-4.65;5;0.26
91.9;-4;-4.68;5;0.27
91.9;-4;-4.71;5;0.32
91.9;-4;-4.74;5;0.34
91.9;-4;-4.77;5;0.27
91.9;-4;-4.80;5;0.31
91.9;-4;-4.83;5;0.31
91.9;-4;-4.86;5;0.35
91.9;-4;-4.89;5;0.28
91.9;-4;-4.95;3;0.47
91.9;-4;-4.98;3;0.44
91.9;-4;-5.01;3;0.49
91.9;-4;-5.04;3;0.40
91.9;-4;-5.07;3;0.47
91.9;-4;-5.10;3;0.47
91.9;-4;-5.13;3;0.43
91.9;-4;-5.16;3;0.41
91.9;-4;-5.19;3;0.49
91.9;-4;-5.22;3;0.40
91.9;-4;-5.28;5;0.26
91.9;-4;-5.31;5;0.27
91.9;-4;-5.34;5;0.30
91.9;-4;-5.37;5;0.33
91.9;-4;-5.40;5;0.27
91.9;-4;-5.43;5;0.34
91.9;-4;-5.46;5;0.31
91.9;-4;-5.49;5;0.33
91.9;-4;-5.52;5;0.32
91.9;-4;-5.55;5;0.28
91.9;-4;-5.58;5;0.30
91.9;-4;-5.61;5;0.25
91.9;-4;-5.64;5;0.30
91.9;-4;-5.67;5;0.32
91.9;-4;-5.70;5;0.32
91.9;-4;-5.73;5;0.29
91.9;-4;-5.76;5;0.33
91.9;-4;-5.79;5;0.32
91.9;-4;-5.82;5;0.33
91.9;-4;-5.85;5;0.32
91.9;-4;-5.88;5;0.27
91.9;-4;-5.91;5;0.33
91.9;-4;-5.94;5;0.28
91.9;-4;-5.97;5;0.27
91.9;-4;-6.00;5;0.30
91.9;-4;-6.03;5;0.34
91.9;-4;-6.09;4;0.50
91.9;-4;-6.12;4;0.50
91.9;-4;-6.15;4;0.45
91.9;-4;-6.18;4;0.43
91.9;-4;-6.21;4;0.41
91.9;-4;-6.24;4;0.50
91.9;-4;-6.27;4;0.47
91.9;-4;-6.33;5;0.29
91.9;-4;-6.36;5;0.28
91.9;-4;-6.39;5;0.33
91.9;-4;-6.42;5;0.27
91.9;-4;-6.45;5;0.33
91.9;-4;-6.48;5;0.32
91.9;-4;-6.51;5;0.31
91.9;-4;-6.54;5;0.26
91.9;-4;-6.57;5;0.28
91.9;-4;-6.60;5;0.28
91.9;-4;-6.63;5;0.27
91.9;-4;-6.66;5;0.27
91.9;-4;-6.69;5;0.30
91.9;-4;-6.72;5;0.33
91.9;-4;-6.75;5;0.33
91.9;-4;-6.78;5;0.31
91.9;-4;-6.81;5;0.26
91.9;-4;-6.84;5;0.33
91.9;-4;-6.87;5;0.30
91.9;-4;-6.90;5;0.33
91.9;-4;-6.93;5;0.27
91.9;-4;-6.96;5;0.34
91.9;-4;-7.02;5;0.30
91.9;-4;-7.05;5;0.30
91.9;-4;-7.08;5;0.31
91.9;-4;-7.11;5;0.26
91.9;-4;-7.14;5;0.26
91.9;-4;-7.17;5;0.35
91.9;-4;-7.20;5;0.25
91.9;-4;-7.23;5;0.29
91.9;-4;-7.26;5;0.29
91.9;-4;-7.29;5;0.28
91.9;-4;-7.32;5;0.32
91.9;-4;-7.35;5;0.33
91.9;-4;-7.38;5;0.31
91.9;-4;-7.41;5;0.31
91.9;-4;-7.47;3;0.46
91.9;-4;-7.50;3;0.42
91.9;-4;-7.53;3;0.46
91.9;-4;-7.56;3;0.42
91.9;-4;-7.59;3;0.42
91.9;-4;-7.62;3;0.42
91.9;-4;-7.77;5;0.28
91.9;-4;-7.80;5;0.28
91.9;-4;-7.83;5;0.33
91.9;-4;-7.86;5;0.33
91.9;-4;-7.89;5;0.33
91.9;-4;-7.92;5;0.31
91.9;-4;-7.95;5;0.33
91.9;-4;-7.98;5;0.33
91.9;-4;-8.01;5;0.35
91.9;-4;-8.04;5;0.29
91.9;-4;-8.07;5;0.33
91.9;-4;-8.10;5;0.33
91.9;-4;-8.13;5;0.28
91.9;-4;-8.16;5;0.30
91.9;-4;-8.19;5;0.32
91.9;-4;-8.22;5;0.30
91.9;-4;-8.25;5;0.35
91.9;-4;-8.28;5;0.28
91.9;-4;-8.31;5;0.32
91.9;-4;-8.37;3;0.47
91.9;-4;-8.40;3;0.49
91.9;-4;-8.43;3;0.43
91.9;-4;-8.46;3;0.48
91.9;-4;-8.49;3;0.49
91.9;-4;-8.52;3;0.48
91.9;-4;-8.55;3;0.50
91.9;-4;-8.58;3;0.44
91.9;-4;-8.61;3;0.41
91.9;-4;-8.64;3;0.45
91.9;-4;-8.67;3;0.47
91.9;-4;-8.70;3;0.44
91.9;-4;-8.73;3;0.47
91.9;-4;-8.76;3;0.44
91.9;-4;-8.79;3;0.41
91.9;-4;-8.82;3;0.42
91.9;-4;-8.85;3;0.48
91.9;-4;-8.88;3;0.46
91.9;-4;-8.94;4;0.41
91.9;-4;-8.97;4;0.49
91.9;-4;-9.00;4;0.48
91.9;-4;-9.03;4;0.40
91.9;-4;-9.06;4;0.49
91.9;-4;-9.09;4;0.43
91.9;-4;-9.12;4;0.47
91.9;-4;-9.15;4;0.48
91.9;-4;-9.18;4;0.43
91.9;-4;-9.21;4;0.46
91.9;-4;-9.24;4;0.48
91.9;-4;-9.27;4;0.42
91.9;-4;-9.30;4;0.45
91.9;-4;-9.33;4;0.40
91.9;-4;-9.36;4;0.42
91.9;-4;-9.39;4;0.46
91.9;-4;-9.42;4;0.42
91.9;-4;-9.45;4;0.43
91.9;-4;-9.48;4;0.47
91.9;-4;-9.51;4;0.40
91.9;-4;-9.57;5;0.27
91.9;-4;-9.60;5;0.33
91.9;-4;-9.63;5;0.27
91.9;-4;-9.66;5;0.30
91.9;-4;-9.69;5;0.33
91.9;-4;-9.75;5;0.31
91.9;-4;-9.78;5;0.32
91.9;-4;-9.81;5;0.26
91.9;-4;-9.84;5;0.32
91.9;-4;-9.87;5;0.35
91.9;-4;-9.90;5;0.26
91.9;-4;-9.93;5;0.32
91.9;-4;-9.96;5;0.31
91.9;-4;-9.99;5;0.28
91.9;-4;-10.02;5;0.30
91.9;-4;-10.05;5;0.35
91.9;-4;-10.08;5;0.29
91.9;-4;-10.11;5;0.34
91.9;-4;-10.14;5;0.34
91.9;-4;-10.17;5;0.28
91.9;-4;-10.23;5;0.30
91.9;-4;-10.26;5;0.34
91.9;-4;-10.29;5;0.28
91.9;-4;-10.32;5;0.29
91.9;-4;-10.35;5;0.33
91.9;-4;-10.38;5;0.32
91.9;-4;-10.41;5;0.28
91.9;-4;-10.44;5;0.34
91.9;-4;-10.47;5;0.31
91.9;-4;-10.50;5;0.32
91.9;-4;-10.56;7;0.31
91.9;-4;-10.59;7;0.34
91.9;-4;-10.62;7;0.33
91.9;-4;-10.65;7;0.32
91.9;-4;-10.68;7;0.33
91.9;-4;-10.71;7;0.34
91.9;-4;-10.74;7;0.34
91.9;-4;-10.77;7;0.33
91.9;-4;-10.80;7;0.32
91.9;-4;-10.83;7;0.30
91.9;-4;-10.86;7;0.35
91.9;-4;-10.89;7;0.32
91.9;-4;-10.92;7;0.32
91.9;-4;-10.98;7;0.30
91.9;-4;-11.01;7;0.35
91.9;-4;-11.04;7;0.35
91.9;-4;-11.07;7;0.33
91.9;-4;-11.10;7;0.33
91.9;-4;-11.13;7;0.31
91.9;-4;-11.16;7;0.33
91.9;-4;-11.19;7;0.33
91.9;-4;-11.22;7;0.35
91.9;-4;-11.25;7;0.33
91.9;-4;-11.28;7;0.33
91.9;-4;-11.31;7;0.32
91.9;-4;-11.34;7;0.30
91.9;-4;-11.37;7;0.32
91.9;-4;-11.40;7;0.30
91.9;-4;-11.43;7;0.32
91.9;-4;-11.46;7;0.35
91.9;-4;-11.49;7;0.32
91.9;-4;-11.52;7;0.31
91.9;-4;-11.55;7;0.34
91.9;-4;-11.58;7;0.30
91.9;-4;-11.61;7;0.34
91.9;-4;-11.64;7;0.31
91.9;-4;-11.70;7;0.33
91.9;-4;-11.73;7;0.30
91.9;-4;-11.76;7;0.32
91.9;-4;-11.79;7;0.34
91.9;-4;-11.82;7;0.33
91.9;-4;-11.85;7;0.31
91.9;-4;-11.88;7;0.33
91.9;-4;-11.91;7;0.35
91.9;-4;-11.94;7;0.31
91.9;-4;-11.97;7;0.32
91.9;-4;-12.03;3;0.41
91.9;-4;-12.06;3;0.44
91.9;-4;-12.09;3;0.45
91.9;-4;-12.12;3;0.42
91.9;-4;-12.15;3;0.42
91.9;-4;-12.18;3;0.49
91.9;-4;-12.24;2;0.42
91.9;-4;-12.27;2;0.46
91.9;-4;-12.30;2;0.49
91.9;-4;-12.33;2;0.50
91.9;-4;-12.36;2;0.42
91.9;-4;-12.39;2;0.40
91.9;-4;-12.42;2;0.44
91.9;-4;-12.45;2;0.44
91.9;-4;-12.48;2;0.48
91.9;-4;-12.51;2;0.50
91.9;-4;-12.54;2;0.49
91.9;-4;-12.57;2;0.46
91.9;-4;-12.60;2;0.43
91.9;-4;-12.63;2;0.42
91.9;-4;-12.66;8;0.11
91.9;-4;-12.69;8;0.14
91.9;-4;-12.72;8;0.13
91.9;-4;-12.75;8;0.12
91.9;-4;-12.78;8;0.10
91.9;-4;-12.81;8;0.10
91.9;-4;-12.84;8;0.12
91.9;-4;-12.87;8;0.14
91.9;-4;-12.90;8;0.14
91.9;-4;-12.93;8;0.10
91.9;-4;-12.96;8;0.13
91.9;-4;-12.99;8;0.15
91.9;-4;-13.02;8;0.11
91.9;-4;-13.05;8;0.12
91.9;-4;-13.08;8;0.13
91.9;-4;-13.11;8;0.12
91.9;-4;-13.14;8;0.14
91.9;-4;-13.17;8;0.12
91.9;-4;-13.20;8;0.12
91.9;-4;-13.23;8;0.11
91.9;-4;-13.26;8;0.13
91.9;-4;-13.29;8;0.10
91.9;-4;-13.32;8;0.12
91.9;-4;-13.35;8;0.11
91.9;-4;-13.38;8;0.11
91.9;-4;-13.41;8;0.13
91.9;-4;-13.44;8;0.11
91.9;-4;-13.47;8;0.11
91.9;-4;-13.50;8;0.12
91.9;-4;-13.53;8;0.11
91.9;-4;-13.56;8;0.11
91.9;-4;-13.59;8;0.15
91.9;-4;-13.62;8;0.11
91.9;-4;-13.65;8;0.10
91.9;-4;-13.68;8;0.11
91.9;-4;-13.71;8;0.13
91.9;-4;-13.74;8;0.12
91.9;-4;-13.77;8;0.14
91.9;-4;-13.80;8;0.11
91.9;-4;-13.83;8;0.10
91.9;-4;-13.86;8;0.10
91.9;-4;-13.89;8;0.12
91.9;-4;-13.92;8;0.12
91.9;-4;-13.95;8;0.10
91.9;-4;-13.98;8;0.14
91.9;-4;-14.01;8;0.15
91.9;-4;-14.04;8;0.14
91.9;-4;-14.07;8;0.12
91.9;-4;-14.10;8;0.13
91.9;-4;-14.13;8;0.12
91.9;-4;-14.16;8;0.14
91.9;-4;-14.19;8;0.11
91.9;-4;-14.22;8;0.13
91.9;-4;-14.25;8;0.13
91.9;-4;-14.28;8;0.12
91.9;-4;-14.31;8;0.15
91.9;-4;-14.34;8;0.14
91.9;-4;-14.37;8;0.12
91.9;-4;-14.40;8;0.14
91.9;-4;-14.43;8;0.10
91.9;-4;-14.46;8;0.14
91.9;-4;-14.49;8;0.12
91.9;-4;-14.52;8;0.14
91.9;-4;-14.55;8;0.15
91.9;-4;-14.58;8;0.13
91.9;-4;-14.61;8;0.12
91.9;-4;-14.64;8;0.13
91.9;-4;-14.67;8;0.14
91.9;-4;-14.70;8;0.12
91.9;-4;-14.73;8;0.11
91.9;-4;-14.76;8;0.11
91.9;-4;-14.79;8;0.14
91.9;-4;-14.82;8;0.15
91.9;-4;-14.85;8;0.15
91.9;-4;-14.88;8;0.10
91.9;-4;-14.91;8;0.12
91.9;-4;-14.94;8;0.14
91.9;-4;-14.97;8;0.13
91.9;-4;-15.00;8;0.14