Column1;Column2;Column3;Column4;Column5;Column6;Column7;Column10;Column11;Column12;Column13;Column14;Column15
Time;soil_moisture_at_depth_0;soil_moisture_at_depth_1;soil_moisture_at_depth_2;soil_moisture_at_depth_3 ;soil_moisture_at_depth_4;soil_moisture_at_depth_5 ;soil_temperature_at_depth_0;soil_temperature_at_depth_1;soil_temperature_at_depth_2;soil_temperature_at_depth_3 ;soil_temperature_at_depth_4 ;soil_temperature_at_depth_5 
2024-04-02 13:37:45;25.2;53.6;51.5;46.2;70.0;84.8;49.8 °C;43.6;39.3;48.3;44.6;40.1
2024-04-02 13:47:39;26.3;53.0;51.5;45.8;68.7;83.3;39.2 °C;30.3;28.5;33.2;28.6;25.1
2024-04-02 13:57:40;26.4;53.0;51.8;45.7;68.2;82.7;33.2 °C;24.8;23.7;25.9;22.9;21.1
2024-04-02 14:07:42;26.5;53.1;52.1;45.7;68.0;82.4;29.8 °C;22.4;21.6;22.6;20.6;19.6
2024-04-02 14:17:39;26.5;53.3;52.5;45.7;68.0;82.3;27.8 °C;21.3;20.4;20.9;19.6;18.9
2024-04-02 14:27:42;26.7;53.4;53.0;45.8;68.0;82.2;26.7 °C;20.8;19.9;20.1;19;18.5
2024-04-02 14:37:42;26.7;53.6;53.3;45.9;68;82.1;26.1 °C;20.4;19.5;19.5;18.6;18.3
2024-04-02 14:47:40;26.8;53.8;53.6;45.9;68.0;82.1;25.7 °C;20.3;19.3;19.2;18.4;18.1
2024-04-02 14:57:41;26.9;53.9;53.8;46.0;68.0;82.1;25.4 °C;20.2;19.2;18.9;18.2;17.9
2024-04-02 15:07:39;27.0;54.0;54.2;46.0;68.0;82.0;25.2 °C;20.1;19.1;18.8;18;17.9
2024-04-02 15:17:36;27.0;54.1;54.5;46.1;68.1;82.0;25.1 °C;20.1;19;18.7;17.9;17.8
2024-04-02 15:27:36;27.1;54.3;54.8;46.2;68.2;82.0;25 °C;20.1;18.9;18.6;17.8;17.7
2024-04-02 15:37:37;27.2;54.5;55.1;46.3;68.3;82.0;24.9 °C;20.2;18.9;18.5;17.8;17.6
2024-04-02 15:47:40;27.2;54.6;55.4;46.4;68.4;82.0;24.8 °C;20.3;18.9;18.4;17.7;17.6
2024-04-02 15:57:42;27.2;54.7;55.7;46.5;68.5;82.0;24.8 °C;20.3;18.9;18.4;17.6;17.6
2024-04-02 16:07:38;27.3;54.9;56.0;46.7;68.6;82.0;24.8 °C;20.3;18.9;18.3;17.6;17.5
2024-04-02 16:17:39;27.4;55.0;56.2;46.8;68.7;82.0;24.7 °C;20.4;18.9;18.3;17.5;17.5
2024-04-02 16:27:42;27.4;55.1;56.4;47.0;68.8;82.0;24.7 °C;20.4;18.9;18.3;17.4;17.5
2024-04-02 16:37:41;27.5;55.3;56.5;47.1;69.0;82.0;24.7 °C;20.5;18.9;18.3;17.4;17.4
2024-04-02 16:47:36;27.5;55.4;56.7;47.3;69.1;82.0;24.6 °C;20.6;18.9;18.2;17.4;17.4
2024-04-02 16:57:42;27.6;55.5;56.8;47.5;69.2;82.0;24.6 °C;20.6;18.9;18.2;17.4;17.4
2024-04-02 17:07:41;27.6;55.5;57.0;47.7;69.4;82.0;24.4 °C;20.6;18.9;18.2;17.4;17.4
2024-04-02 17:17:40;27.7;55.7;57.1;47.9;69.4;81.9;24.4 °C;20.7;18.9;18.2;17.3;17.4
2024-04-02 17:27:42;27.7;55.7;57.2;48.1;69.6;82.0;24.3 °C;20.8;18.9;18.1;17.3;17.4
2024-04-02 17:37:42;27.7;55.8;57.3;48.2;69.7;82.0;24.3 °C;20.8;19;18.1;17.3;17.3
2024-04-02 17:47:41;27.7;55.8;57.4;48.4;69.8;82.0;24.1 °C;20.9;19;18.1;17.3;17.3
2024-04-02 17:57:40;27.7;55.9;57.5;48.5;69.9;82.0;23.9 °C;20.9;19.1;18.1;17.3;17.3
2024-04-02 18:07:38;27.8;55.9;57.5;48.6;70.0;82.0;23.7 °C;20.9;19.1;18.1;17.3;17.3
2024-04-02 18:17:41;27.8;55.9;57.6;48.7;70.0;82.0;23.5 °C;20.9;19.1;18.1;17.3;17.3
2024-04-02 18:27:39;27.8;56.0;57.7;48.9;70.1;82.0;23.3 °C;21;19.1;18.1;17.2;17.3
2024-04-02 18:37:35;27.8;56.1;57.7;48.9;70.2;82.0;23.1 °C;21;19.2;18.1;17.2;17.3
2024-04-02 18:47:40;27.8;56.1;57.8;49.0;70.3;82.0;22.9 °C;21;19.2;18.1;17.2;17.3
2024-04-02 18:57:38;27.8;56.1;57.8;49.1;70.3;82.0;22.6 °C;21.1;19.3;18.1;17.2;17.3
2024-04-02 19:07:41;27.8;56.2;57.9;49.1;70.4;82.0;22.4 °C;21.1;19.3;18.2;17.2;17.3
2024-04-02 19:17:36;27.8;56.2;57.9;49.2;70.5;82.0;22.2 °C;21.1;19.3;18.2;17.2;17.3
2024-04-02 19:27:38;27.8;56.2;57.9;49.3;70.6;82.0;21.9 °C;21.1;19.3;18.2;17.2;17.3
2024-04-02 19:37:37;27.8;56.3;58.0;49.4;70.6;82.0;21.8 °C;21.1;19.4;18.2;17.2;17.3
2024-04-02 19:47:41;27.9;56.3;58.0;49.4;70.7;82.0;21.6 °C;21.1;19.4;18.2;17.2;17.3
2024-04-02 19:57:36;27.9;56.4;58.1;49.5;70.8;82.0;21.4 °C;21.1;19.4;18.2;17.2;17.2
2024-04-02 20:07:42;27.9;56.4;58.1;49.5;70.9;82.0;21.2 °C;21;19.4;18.2;17.2;17.2
2024-04-02 20:17:38;27.9;56.4;58.2;49.6;70.9;82.0;21 °C;21;19.4;18.3;17.2;17.2
2024-04-02 20:27:41;27.9;56.5;58.2;49.7;71.0;82.0;20.8 °C;21;19.5;18.3;17.2;17.2
2024-04-02 20:37:37;27.9;56.5;58.2;49.7;71.1;82.0;20.7 °C;20.9;19.5;18.3;17.2;17.2
2024-04-02 20:47:40;27.9;56.5;58.3;49.7;71.2;82.0;20.5 °C;20.9;19.5;18.3;17.2;17.2
2024-04-02 20:57:42;27.9;56.6;58.3;49.8;71.2;82.0;20.4 °C;20.9;19.6;18.3;17.2;17.2
2024-04-02 21:07:41;28.0;56.6;58.3;49.8;71.3;82.0;20.2 °C;20.9;19.6;18.3;17.2;17.2
2024-04-02 21:17:37;28.0;56.6;58.3;49.9;71.3;82.0;20.1 °C;20.8;19.6;18.3;17.2;17.2
2024-04-02 21:27:40;28.0;56.7;58.4;49.9;71.4;82.0;19.9 °C;20.8;19.6;18.3;17.2;17.2
2024-04-02 21:37:37;28.0;56.7;58.4;49.9;71.5;82.0;19.8 °C;20.8;19.6;18.3;17.2;17.2
2024-04-02 21:47:41;28.0;56.7;58.4;50.0;71.5;82.0;19.7 °C;20.7;19.6;18.3;17.2;17.2
2024-04-02 21:57:36;28.0;56.8;58.4;50;71.6;82.0;19.6 °C;20.7;19.6;18.4;17.2;17.2
2024-04-02 22:07:38;28.1;56.8;58.4;50;71.6;82.0;19.4 °C;20.6;19.6;18.4;17.2;17.2
2024-04-02 22:17:38;28.1;56.9;58.4;50.0;71.7;82.0;19.3 °C;20.6;19.6;18.4;17.2;17.2
2024-04-02 22:27:41;28.1;56.9;58.4;50.1;71.7;82.0;19.2 °C;20.6;19.6;18.4;17.2;17.2
2024-04-02 22:37:37;28.1;56.9;58.4;50.1;71.7;82.1;19.1 °C;20.5;19.6;18.4;17.2;17.2
2024-04-02 22:47:35;28.1;57.0;58.4;50.1;71.7;82.1;18.9 °C;20.4;19.6;18.4;17.2;17.2
2024-04-02 22:57:40;28.1;57.0;58.4;50.1;71.7;82.1;18.8 °C;20.4;19.6;18.4;17.2;17.2
2024-04-02 23:07:38;28.1;57.0;58.4;50.1;71.7;82.1;18.6 °C;20.4;19.6;18.4;17.2;17.2
2024-04-02 23:17:39;28.2;57.1;58.4;50.1;71.7;82.1;18.5 °C;20.3;19.6;18.4;17.2;17.2
2024-04-02 23:27:40;28.2;57.1;58.4;50.1;71.7;82.1;18.4 °C;20.3;19.6;18.4;17.3;17.2
2024-04-02 23:37:38;28.2;57.1;58.4;50.1;71.7;82.1;18.3 °C;20.2;19.6;18.5;17.3;17.2
2024-04-02 23:47:41;28.2;57.2;58.4;50.1;71.8;82.1;18.1 °C;20.1;19.6;18.5;17.3;17.2
2024-04-02 23:57:41;28.2;57.2;58.4;50.1;71.8;82.1;18 °C;20.1;19.6;18.5;17.3;17.2
2024-04-03 00:07:40;28.2;57.2;58.4;50.1;71.8;82.1;17.9 °C;20.1;19.6;18.5;17.3;17.2
2024-04-03 00:17:41;28.2;57.3;58.4;50.1;71.8;82.1;17.8 °C;20;19.6;18.5;17.3;17.2
2024-04-03 00:27:40;28.2;57.3;58.4;50.1;71.8;82.1;17.7 °C;19.9;19.6;18.5;17.3;17.2
2024-04-03 00:37:38;28.3;57.3;58.4;50.2;71.8;82.1;17.6 °C;19.9;19.6;18.5;17.3;17.2
2024-04-03 00:47:34;28.3;57.3;58.3;50.1;71.8;82.1;17.4 °C;19.8;19.6;18.6;17.3;17.2
2024-04-03 00:57:34;28.3;57.3;58.3;50.1;71.8;82.1;17.4 °C;19.8;19.6;18.6;17.3;17.2
2024-04-03 01:07:34;28.3;57.3;58.3;50.1;71.8;82.1;17.3 °C;19.8;19.6;18.6;17.3;17.2
2024-04-03 01:17:35;28.3;57.4;58.3;50.1;71.8;82.1;17.2 °C;19.7;19.5;18.6;17.3;17.2
2024-04-03 01:27:39;28.4;57.4;58.3;50.1;71.8;82.1;17.1 °C;19.6;19.5;18.6;17.3;17.3
2024-04-03 01:37:42;28.3;57.4;58.3;50.1;71.8;82.1;17 °C;19.6;19.5;18.6;17.3;17.2
2024-04-03 01:47:37;28.4;57.4;58.3;50.1;71.8;82.1;16.9 °C;19.5;19.5;18.6;17.3;17.3
2024-04-03 01:57:37;28.4;57.4;58.3;50.1;71.8;82.1;16.8 °C;19.4;19.4;18.6;17.3;17.3
2024-04-03 02:07:39;28.4;57.4;58.2;50.1;71.8;82.1;16.8 °C;19.4;19.4;18.6;17.3;17.3
2024-04-03 02:17:38;28.4;57.4;58.2;50.1;71.8;82.1;16.6 °C;19.3;19.4;18.6;17.3;17.3
2024-04-03 02:27:37;28.5;57.4;58.2;50.1;71.7;82.1;16.6 °C;19.3;19.4;18.6;17.3;17.3
2024-04-03 02:37:36;28.5;57.4;58.2;50.1;71.8;82.2;16.5 °C;19.3;19.4;18.6;17.3;17.3
2024-04-03 02:47:40;28.5;57.4;58.1;50.1;71.7;82.2;16.4 °C;19.2;19.4;18.6;17.3;17.3
2024-04-03 02:57:41;28.5;57.4;58.1;50.1;71.7;82.2;16.3 °C;19.1;19.4;18.6;17.4;17.3
2024-04-03 03:07:37;28.5;57.4;58.1;50.1;71.7;82.2;16.3 °C;19.1;19.3;18.6;17.4;17.3
2024-04-03 03:17:35;28.9;57.4;58.1;50.1;71.7;82.2;16.1 °C;19;19.3;18.6;17.4;17.3
2024-04-03 03:27:36;29.0;57.4;58.0;50.1;71.7;82.2;16.1 °C;18.9;19.3;18.6;17.4;17.3
2024-04-03 03:37:40;28.9;57.4;58.0;50.1;71.7;82.2;16 °C;18.9;19.3;18.6;17.4;17.3
2024-04-03 03:47:41;28.9;57.4;58.0;50.1;71.7;82.2;15.9 °C;18.9;19.3;18.6;17.4;17.3
2024-04-03 03:57:36;29.0;57.3;58.0;50.1;71.7;82.2;15.9 °C;18.8;19.2;18.6;17.4;17.3
2024-04-03 04:07:34;28.5;57.3;57.9;50.0;71.6;82.2;15.8 °C;18.8;19.2;18.6;17.4;17.3
2024-04-03 04:17:34;28.5;57.3;57.9;50.0;71.6;82.2;15.7 °C;18.7;19.2;18.6;17.4;17.3
2024-04-03 04:27:36;28.6;57.3;57.9;50.0;71.6;82.2;15.6 °C;18.6;19.1;18.6;17.4;17.3
2024-04-03 04:37:41;28.6;57.3;57.9;50.0;71.6;82.2;15.6 °C;18.6;19.1;18.6;17.4;17.3
2024-04-03 04:47:36;28.6;57.3;57.8;50.0;71.6;82.2;15.5 °C;18.5;19.1;18.6;17.4;17.3
2024-04-03 04:57:36;28.6;57.3;57.8;50.0;71.6;82.2;15.4 °C;18.5;19.1;18.5;17.4;17.3
2024-04-03 05:07:41;28.6;57.2;57.8;50.0;71.6;82.2;15.4 °C;18.4;19.1;18.5;17.4;17.3
2024-04-03 05:17:42;28.6;57.2;57.8;50.0;71.6;82.2;15.3 °C;18.4;19;18.5;17.4;17.3
2024-04-03 05:27:37;28.7;57.2;57.7;50.0;71.5;82.2;15.2 °C;18.3;19;18.5;17.4;17.3
2024-04-03 05:37:36;28.7;57.2;57.7;50.0;71.5;82.2;15.1 °C;18.3;18.9;18.5;17.4;17.3
2024-04-03 05:47:39;28.7;57.2;57.7;50.0;71.5;82.2;15.1 °C;18.3;18.9;18.5;17.4;17.3
2024-04-03 05:57:38;28.7;57.2;57.7;50.0;71.5;82.2;15 °C;18.2;18.9;18.5;17.4;17.3
2024-04-03 06:07:37;28.7;57.2;57.6;50.0;71.5;82.2;14.9 °C;18.1;18.9;18.5;17.4;17.3
2024-04-03 06:17:37;28.7;57.2;57.6;50.0;71.5;82.2;14.9 °C;18.1;18.9;18.4;17.4;17.3
2024-04-03 06:27:39;28.7;57.1;57.6;50.0;71.5;82.2;14.8 °C;18;18.8;18.4;17.4;17.3
2024-04-03 06:37:40;28.7;57.1;57.6;50.0;71.5;82.3;14.8 °C;17.9;18.8;18.4;17.4;17.3
2024-04-03 06:47:34;28.8;57.1;57.6;49.9;71.5;82.2;14.8 °C;17.9;18.8;18.4;17.4;17.3
2024-04-03 06:57:38;28.8;57.1;57.6;49.9;71.4;82.3;14.7 °C;17.9;18.8;18.4;17.4;17.3
2024-04-03 07:07:34;28.8;57.1;57.6;49.9;71.5;82.3;14.6 °C;17.8;18.7;18.4;17.4;17.3
2024-04-03 07:17:36;28.8;57.1;57.6;49.9;71.4;82.3;14.6 °C;17.8;18.7;18.4;17.4;17.3
2024-04-03 07:27:41;28.8;57.1;57.5;49.9;71.4;82.3;14.6 °C;17.8;18.6;18.4;17.4;17.3
2024-04-03 07:37:40;28.8;57.1;57.5;49.9;71.4;82.3;14.6 °C;17.7;18.6;18.4;17.4;17.3
2024-04-03 07:47:34;28.9;57.0;57.5;49.9;71.4;82.3;14.6 °C;17.6;18.6;18.4;17.4;17.3
2024-04-03 07:57:38;28.8;57.1;57.5;49.9;71.4;82.3;14.7 °C;17.6;18.6;18.4;17.4;17.3
2024-04-03 08:07:36;28.9;57.0;57.5;49.9;71.4;82.3;14.8 °C;17.6;18.6;18.4;17.4;17.3
2024-04-03 08:17:37;28.9;57.0;57.5;49.9;71.4;82.3;14.9 °C;17.5;18.5;18.3;17.4;17.4
2024-04-03 08:27:37;28.9;57.0;57.5;49.9;71.4;82.3;15.1 °C;17.4;18.5;18.3;17.4;17.3
2024-04-03 08:37:39;28.9;57.0;57.5;49.9;71.4;82.3;15.3 °C;17.4;18.4;18.3;17.4;17.4
2024-04-03 08:47:40;28.9;57.0;57.5;49.9;71.4;82.3;15.5 °C;17.4;18.4;18.3;17.4;17.4
2024-04-03 08:57:35;29.0;57.0;57.5;49.9;71.4;82.3;15.7 °C;17.3;18.4;18.3;17.4;17.4
2024-04-03 09:07:40;29.0;57.0;57.5;49.9;71.4;82.3;15.9 °C;17.3;18.4;18.3;17.4;17.4
2024-04-03 09:17:38;29.0;57.0;57.5;49.9;71.4;82.3;16.1 °C;17.3;18.3;18.3;17.4;17.4
2024-04-03 09:27:34;29.0;57.0;57.5;49.9;71.4;82.3;16.3 °C;17.3;18.3;18.3;17.4;17.4
2024-04-03 09:37:39;29.0;57.0;57.5;49.9;71.4;82.3;16.5 °C;17.3;18.3;18.3;17.4;17.4
2024-04-03 09:47:36;29.0;57.0;57.5;49.9;71.4;82.3;16.6 °C;17.3;18.3;18.2;17.4;17.4
2024-04-03 09:57:39;29.0;57.0;57.5;49.9;71.4;82.3;16.8 °C;17.2;18.2;18.2;17.4;17.4
2024-04-03 10:07:40;29.0;57.0;57.5;49.9;71.4;82.3;16.9 °C;17.2;18.2;18.2;17.4;17.4
2024-04-03 10:17:39;29.1;57.0;57.5;49.9;71.4;82.3;16.9 °C;17.2;18.2;18.2;17.4;17.4
2024-04-03 10:27:41;29.1;57.0;57.5;49.9;71.4;82.3;16.9 °C;17.2;18.1;18.1;17.4;17.4
2024-04-03 10:37:40;29.1;57.0;57.5;49.9;71.4;82.3;17 °C;17.2;18.1;18.1;17.4;17.4
2024-04-03 10:47:38;29.1;57.0;57.5;49.9;71.4;82.3;17.1 °C;17.2;18.1;18.1;17.4;17.4
2024-04-03 10:57:35;29.1;57.0;57.5;49.9;71.4;82.3;17.2 °C;17.3;18.1;18.1;17.3;17.4
2024-04-03 11:07:37;29.2;57.0;57.4;49.9;71.4;82.3;17.3 °C;17.3;18.1;18.1;17.3;17.4
2024-04-03 11:17:40;29.2;57.0;57.4;49.9;71.4;82.3;17.5 °C;17.3;18;18.1;17.3;17.4
2024-04-03 11:27:40;29.2;57.1;57.4;49.9;71.4;82.3;17.8 °C;17.3;18;18.1;17.3;17.4
2024-04-03 11:37:34;29.2;57.1;57.4;49.9;71.4;82.3;18 °C;17.3;18;18.1;17.3;17.4
2024-04-03 11:47:40;29.2;57.1;57.4;49.9;71.5;82.3;18.4 °C;17.4;18;18.1;17.3;17.4
2024-04-03 11:57:38;29.3;57.1;57.4;49.9;71.5;82.3;18.8 °C;17.4;17.9;18;17.3;17.4
2024-04-03 12:07:36;29.3;57.1;57.5;49.9;71.6;82.3;19.1 °C;17.4;17.9;18;17.3;17.4
2024-04-03 12:17:35;29.3;57.1;57.5;49.9;71.6;82.3;19.6 °C;17.5;17.9;18;17.3;17.4
2024-04-03 12:27:37;29.4;57.2;57.5;49.9;71.6;82.3;19.8 °C;17.5;17.9;18;17.3;17.4
2024-04-03 12:37:40;29.4;57.2;57.5;49.9;71.6;82.3;20.1 °C;17.6;17.9;18;17.3;17.4
2024-04-03 12:47:36;29.4;57.2;57.5;50.0;71.7;82.3;20.4 °C;17.6;17.9;17.9;17.3;17.4
2024-04-03 12:57:35;29.4;57.2;57.5;50.0;71.7;82.3;20.6 °C;17.7;17.9;17.9;17.3;17.4
2024-04-03 13:07:40;29.4;57.3;57.5;50.0;71.8;82.3;20.9 °C;17.8;17.9;17.9;17.3;17.4
2024-04-03 13:17:37;29.4;57.2;57.6;50.0;71.8;82.3;21.2 °C;17.8;17.9;17.9;17.3;17.4
2024-04-03 13:27:38;29.5;57.3;57.6;50.1;71.9;82.3;21.4 °C;17.9;17.9;17.9;17.3;17.4
2024-04-03 13:37:39;29.5;57.3;57.6;50.1;71.9;82.3;21.6 °C;18;17.9;17.9;17.3;17.4
2024-04-03 13:47:37;29.5;57.4;57.6;50.1;72.0;82.3;21.7 °C;18.1;17.9;17.9;17.3;17.4
2024-04-03 13:57:41;29.6;57.4;57.6;50.1;72.0;82.4;21.8 °C;18.1;17.9;17.9;17.3;17.4
2024-04-03 14:07:41;29.6;57.4;57.7;50.1;72.0;82.3;22 °C;18.3;17.9;17.9;17.3;17.4
2024-04-03 14:17:41;29.7;57.4;57.7;50.1;72.1;82.3;22.2 °C;18.3;17.9;17.9;17.3;17.4
2024-04-03 14:27:36;29.7;57.5;57.7;50.2;72.1;82.4;22.4 °C;18.4;18;17.9;17.2;17.3
2024-04-03 14:37:39;29.7;57.5;57.7;50.2;72.2;82.3;22.4 °C;18.5;18;17.9;17.2;17.3
2024-04-03 14:47:37;29.7;57.5;57.7;50.2;72.3;82.3;22.4 °C;18.6;18;17.8;17.2;17.3
2024-04-03 14:57:33;29.7;57.6;57.7;50.2;72.3;82.4;22.4 °C;18.7;18.1;17.8;17.2;17.3
2024-04-03 15:07:37;29.7;57.6;57.8;50.2;72.4;82.4;22.4 °C;18.8;18.1;17.8;17.2;17.3
2024-04-03 15:17:33;29.7;57.7;57.8;50.2;72.4;82.4;22.4 °C;18.9;18.1;17.8;17.2;17.3
2024-04-03 15:27:34;29.7;57.6;57.8;50.2;72.4;82.4;22.3 °C;19;18.1;17.8;17.2;17.3
2024-04-03 15:37:39;29.7;57.7;57.8;50.2;72.5;82.4;22.3 °C;19.1;18.1;17.8;17.2;17.3
2024-04-03 15:47:36;29.7;57.7;57.8;50.2;72.4;82.4;22.2 °C;19.2;18.1;17.8;17.2;17.3
2024-04-03 15:57:36;29.7;57.8;57.9;50.2;72.5;82.4;22.1 °C;19.3;18.2;17.8;17.2;17.3
2024-04-03 16:07:35;29.7;57.8;57.9;50.2;72.5;82.4;22 °C;19.3;18.2;17.8;17.2;17.3
2024-04-03 16:17:37;29.8;57.8;57.9;50.2;72.5;82.4;21.9 °C;19.4;18.3;17.8;17.2;17.3
2024-04-03 16:27:37;29.8;57.9;58.0;50.2;72.5;82.4;21.9 °C;19.4;18.3;17.8;17.1;17.3
2024-04-03 16:37:37;29.8;57.9;58;50.2;72.5;82.4;21.8 °C;19.5;18.3;17.8;17.1;17.3
2024-04-03 16:47:36;29.8;57.9;58.0;50.2;72.5;82.4;21.8 °C;19.6;18.4;17.8;17.1;17.3
2024-04-03 16:57:36;29.8;57.9;58.0;50.2;72.5;82.4;21.8 °C;19.6;18.4;17.8;17.1;17.3
2024-04-03 17:07:34;29.8;58.0;58.0;50.2;72.5;82.4;21.7 °C;19.6;18.4;17.8;17.1;17.3
2024-04-03 17:17:39;29.9;58.0;58.0;50.3;72.5;82.4;21.6 °C;19.7;18.4;17.9;17.1;17.3
2024-04-03 17:27:33;29.9;58.0;58.1;50.3;72.5;82.4;21.6 °C;19.7;18.5;17.9;17.1;17.3
2024-04-03 17:37:37;29.9;58.0;58.1;50.3;72.6;82.4;21.6 °C;19.8;18.5;17.9;17.1;17.3
2024-04-03 17:47:38;30.0;58.0;58.1;50.3;72.6;82.4;21.6 °C;19.8;18.6;17.9;17.1;17.3
2024-04-03 17:57:34;30.0;58.0;58.1;50.3;72.6;82.4;21.6 °C;19.8;18.6;17.9;17.1;17.3
2024-04-03 18:07:39;30.0;58.1;58.1;50.3;72.6;82.4;21.5 °C;19.8;18.6;17.9;17.1;17.3
2024-04-03 18:17:37;30.0;58.1;58.1;50.3;72.6;82.4;21.5 °C;19.9;18.6;17.9;17.1;17.3
2024-04-03 18:27:33;30.0;58.1;58.2;50.4;72.6;82.4;21.4 °C;19.9;18.7;17.9;17.1;17.3
2024-04-03 18:37:37;30.0;58.1;58.2;50.3;72.7;82.4;21.3 °C;19.9;18.7;17.9;17.1;17.3
2024-04-03 18:47:33;30.0;58.1;58.2;50.4;72.7;82.4;21.2 °C;19.9;18.8;17.9;17.1;17.3
2024-04-03 18:57:34;30.0;58.1;58.2;50.4;72.7;82.4;21.1 °C;19.9;18.8;17.9;17.1;17.3
2024-04-03 19:07:38;29.9;58.1;58.2;50.4;72.7;82.4;20.9 °C;20;18.8;17.9;17.1;17.3
2024-04-03 19:17:35;29.9;58.1;58.2;50.4;72.7;82.4;20.8 °C;20;18.8;17.9;17.1;17.3
2024-04-03 19:27:34;29.9;58.1;58.2;50.4;72.8;82.4;20.6 °C;20;18.8;18;17.1;17.3
2024-04-03 19:37:38;29.9;58.1;58.2;50.4;72.7;82.4;20.4 °C;20;18.9;18;17.1;17.3
2024-04-03 19:47:35;29.9;58.1;58.2;50.4;72.7;82.4;20.2 °C;20;18.9;18;17.1;17.3
2024-04-03 19:57:34;29.9;58.1;58.2;50.4;72.8;82.4;20 °C;20;18.9;18;17.1;17.3
2024-04-03 20:07:41;29.9;58.1;58.2;50.4;72.8;82.4;19.8 °C;20;18.9;18;17.1;17.3
2024-04-03 20:17:40;29.9;58.1;58.2;50.4;72.8;82.4;19.7 °C;20;18.9;18.1;17.1;17.3
2024-04-03 20:27:36;29.9;58.1;58.2;50.4;72.7;82.4;19.5 °C;20;19;18.1;17.1;17.3
2024-04-03 20:37:34;29.9;58.1;58.2;50.4;72.7;82.4;19.3 °C;19.9;19;18.1;17.1;17.3
2024-04-03 20:47:35;29.8;58.1;58.2;50.3;72.7;82.4;19.2 °C;19.9;19;18.1;17.1;17.3
2024-04-03 20:57:37;29.9;58.1;58.2;50.3;72.7;82.4;19 °C;19.9;19;18.1;17.1;17.3
2024-04-03 21:07:37;29.9;58.1;58.2;50.3;72.7;82.4;18.9 °C;19.9;19.1;18.1;17.1;17.3
2024-04-03 21:17:37;29.9;58.1;58.2;50.3;72.6;82.4;18.8 °C;19.9;19.1;18.1;17.2;17.3
2024-04-03 21:27:37;29.9;58.1;58.2;50.3;72.6;82.4;18.6 °C;19.9;19.1;18.1;17.2;17.3
2024-04-03 21:37:33;29.9;58.1;58.2;50.3;72.6;82.4;18.4 °C;19.8;19.1;18.1;17.2;17.3
2024-04-03 21:47:33;29.9;58.1;58.2;50.3;72.5;82.4;18.3 °C;19.8;19.1;18.2;17.2;17.3
2024-04-03 21:57:33;29.9;58.0;58.2;50.3;72.5;82.4;18.3 °C;19.8;19.1;18.2;17.2;17.3
2024-04-03 22:07:33;29.9;58.0;58.2;50.2;72.5;82.4;18.1 °C;19.7;19.1;18.2;17.2;17.3
2024-04-03 22:17:38;29.9;58.0;58.2;50.2;72.5;82.4;18 °C;19.7;19.1;18.2;17.2;17.3
2024-04-03 22:27:40;29.9;58.0;58.3;50.2;72.4;82.4;17.9 °C;19.6;19.1;18.2;17.2;17.3
2024-04-03 22:37:36;29.9;58.0;58.2;50.2;72.4;82.4;17.8 °C;19.6;19.1;18.2;17.2;17.3
2024-04-03 22:47:36;29.9;58.0;58.2;50.2;72.4;82.4;17.6 °C;19.6;19.1;18.3;17.2;17.3
2024-04-03 22:57:39;29.9;58.0;58.2;50.2;72.4;82.4;17.6 °C;19.5;19.1;18.3;17.2;17.3
2024-04-03 23:07:37;29.9;57.9;58.2;50.2;72.4;82.4;17.4 °C;19.4;19.1;18.3;17.2;17.3
2024-04-03 23:17:38;29.9;57.9;58.2;50.2;72.4;82.4;17.3 °C;19.4;19.1;18.3;17.2;17.3
2024-04-03 23:27:39;29.9;57.9;58.2;50.2;72.3;82.4;17.3 °C;19.4;19.1;18.3;17.3;17.3
2024-04-03 23:37:38;29.9;57.9;58.2;50.2;72.3;82.4;17.1 °C;19.3;19.1;18.3;17.3;17.3
2024-04-03 23:47:36;29.9;57.9;58.2;50.2;72.3;82.4;17.1 °C;19.3;19.1;18.3;17.3;17.3
2024-04-03 23:57:39;29.9;57.9;58.1;50.2;72.3;82.4;16.9 °C;19.3;19.1;18.3;17.3;17.3
2024-04-04 00:07:38;29.9;57.9;58.1;50.2;72.3;82.4;16.9 °C;19.2;19.1;18.3;17.3;17.3
2024-04-04 00:17:35;29.9;57.9;58.1;50.2;72.3;82.5;16.8 °C;19.1;19.1;18.3;17.3;17.3
2024-04-04 00:27:34;29.9;57.8;58.1;50.2;72.3;82.5;16.7 °C;19.1;19.1;18.3;17.3;17.3
2024-04-04 00:37:36;29.9;57.8;58.1;50.2;72.3;82.4;16.6 °C;19.1;19.1;18.3;17.3;17.3
2024-04-04 00:47:39;29.9;57.8;58.1;50.2;72.3;82.5;16.5 °C;19;19.1;18.3;17.3;17.3
2024-04-04 00:57:32;29.9;57.8;58.0;50.2;72.3;82.5;16.4 °C;18.9;19.1;18.3;17.3;17.3
2024-04-04 01:07:37;29.9;57.8;58.0;50.2;72.3;82.5;16.3 °C;18.9;19;18.3;17.3;17.3
2024-04-04 01:17:38;29.9;57.7;58.0;50.2;72.3;82.5;16.2 °C;18.9;19;18.3;17.3;17.3
2024-04-04 01:27:35;29.9;57.7;58.0;50.2;72.3;82.5;16.1 °C;18.8;19;18.3;17.3;17.3
2024-04-04 01:37:34;29.9;57.7;58.0;50.2;72.3;82.5;16 °C;18.8;19;18.3;17.3;17.3
2024-04-04 01:47:36;29.9;57.7;58.0;50.2;72.3;82.5;15.9 °C;18.7;18.9;18.3;17.3;17.3
2024-04-04 01:57:40;29.9;57.7;58.0;50.2;72.3;82.5;15.8 °C;18.6;18.9;18.3;17.3;17.3
2024-04-04 02:07:36;29.9;57.6;58.0;50.2;72.3;82.5;15.8 °C;18.6;18.9;18.3;17.3;17.3
2024-04-04 02:17:36;29.9;57.6;58.0;50.2;72.3;82.5;15.7 °C;18.6;18.9;18.3;17.3;17.3
2024-04-04 02:27:36;29.9;57.6;57.9;50.2;72.3;82.5;15.6 °C;18.5;18.9;18.3;17.3;17.3
2024-04-04 02:37:40;29.9;57.6;57.9;50.2;72.3;82.5;15.5 °C;18.4;18.9;18.3;17.3;17.3
2024-04-04 02:47:34;29.9;57.6;57.9;50.2;72.3;82.5;15.4 °C;18.4;18.9;18.3;17.3;17.3
2024-04-04 02:57:33;29.9;57.6;57.9;50.2;72.3;82.5;15.3 °C;18.4;18.8;18.3;17.3;17.3
2024-04-04 03:07:38;29.9;57.5;57.9;50.2;72.3;82.5;15.3 °C;18.3;18.8;18.3;17.3;17.4
2024-04-04 03:17:36;29.9;57.5;57.9;50.2;72.3;82.5;15.2 °C;18.3;18.8;18.3;17.3;17.4
2024-04-04 03:27:36;30.0;57.5;57.8;50.2;72.2;82.5;15.1 °C;18.2;18.8;18.3;17.3;17.4
2024-04-04 03:37:36;30.0;57.5;57.8;50.2;72.3;82.5;15.1 °C;18.1;18.8;18.3;17.3;17.4
2024-04-04 03:47:40;30.0;57.5;57.8;50.2;72.2;82.5;15 °C;18.1;18.8;18.3;17.3;17.4
2024-04-04 03:57:34;30.0;57.5;57.8;50.2;72.2;82.5;14.9 °C;18.1;18.7;18.3;17.3;17.4
2024-04-04 04:07:33;30.0;57.5;57.8;50.1;72.2;82.5;14.9 °C;18;18.7;18.3;17.3;17.4
2024-04-04 04:17:38;30.0;57.4;57.8;50.1;72.2;82.5;14.8 °C;17.9;18.7;18.3;17.3;17.4
2024-04-04 04:27:36;30.0;57.4;57.8;50.1;72.2;82.5;14.8 °C;17.9;18.6;18.3;17.4;17.4
2024-04-04 04:37:35;30.0;57.4;57.8;50.1;72.2;82.5;14.8 °C;17.9;18.6;18.3;17.4;17.4
2024-04-04 04:47:32;30.0;57.4;57.7;50.1;72.2;82.5;14.7 °C;17.8;18.6;18.3;17.4;17.4
2024-04-04 04:57:33;30;57.4;57.7;50.1;72.2;82.5;14.6 °C;17.8;18.6;18.3;17.4;17.4
2024-04-04 05:07:36;30;57.3;57.7;50.1;72.2;82.5;14.6 °C;17.7;18.6;18.3;17.4;17.4
2024-04-04 05:17:37;30.0;57.3;57.7;50.1;72.2;82.5;14.5 °C;17.7;18.5;18.3;17.4;17.4
2024-04-04 05:27:38;30.0;57.3;57.7;50.1;72.2;82.5;14.4 °C;17.6;18.5;18.3;17.4;17.4
2024-04-04 05:37:40;30.0;57.3;57.7;50.1;72.2;82.5;14.4 °C;17.6;18.4;18.3;17.4;17.4
2024-04-04 05:47:39;30.1;57.3;57.6;50.1;72.1;82.5;14.4 °C;17.5;18.4;18.3;17.4;17.4
2024-04-04 05:57:36;30.0;57.3;57.6;50.1;72.1;82.5;14.3 °C;17.5;18.4;18.3;17.4;17.4
2024-04-04 06:07:33;30.0;57.2;57.6;50.0;72.1;82.5;14.3 °C;17.4;18.4;18.2;17.4;17.4
2024-04-04 06:17:32;30.1;57.3;57.6;50.0;72.1;82.5;14.3 °C;17.4;18.4;18.2;17.4;17.4
2024-04-04 06:27:33;30.0;57.2;57.6;50.0;72.1;82.5;14.2 °C;17.4;18.3;18.2;17.4;17.4
2024-04-04 06:37:33;30.1;57.2;57.6;50.0;72.1;82.5;14.2 °C;17.3;18.3;18.2;17.4;17.4
2024-04-04 06:47:39;30.1;57.2;57.6;50.0;72.1;82.5;14.1 °C;17.3;18.3;18.2;17.4;17.4
2024-04-04 06:57:34;30.1;57.2;57.6;50.0;72.1;82.5;14.1 °C;17.2;18.3;18.2;17.4;17.4
2024-04-04 07:07:38;30.1;57.1;57.5;50.0;72.1;82.5;14.1 °C;17.2;18.3;18.2;17.3;17.4
2024-04-04 07:17:33;30.1;57.2;57.5;50.0;72.1;82.5;14.1 °C;17.1;18.2;18.1;17.3;17.4
2024-04-04 07:27:34;30.1;57.1;57.5;50.0;72.1;82.5;14.1 °C;17.1;18.2;18.1;17.3;17.4
2024-04-04 07:37:40;30.1;57.1;57.5;50.0;72.0;82.5;14.1 °C;17.1;18.1;18.1;17.3;17.4
2024-04-04 07:47:39;30.1;57.1;57.5;50.0;72.0;82.5;14.2 °C;17;18.1;18.1;17.3;17.4
2024-04-04 07:57:35;30.2;57.1;57.5;50.0;72.0;82.5;14.3 °C;17;18.1;18.1;17.3;17.4
2024-04-04 08:07:34;30.2;57.1;57.5;50.0;72.0;82.5;14.4 °C;16.9;18.1;18.1;17.3;17.4
2024-04-04 08:17:35;30.2;57.1;57.4;49.9;72.0;82.5;14.6 °C;16.9;18.1;18.1;17.3;17.4
2024-04-04 08:27:39;30.2;57.1;57.4;49.9;72.0;82.5;14.8 °C;16.9;18;18.1;17.3;17.4
2024-04-04 08:37:33;30.2;57.0;57.4;49.9;72.0;82.5;14.9 °C;16.8;18;18.1;17.3;17.4
2024-04-04 08:47:39;30.2;57.0;57.4;49.9;72.0;82.5;15.2 °C;16.8;17.9;18.1;17.3;17.4
2024-04-04 08:57:34;30.2;57.0;57.4;49.9;72.0;82.5;15.4 °C;16.8;17.9;18;17.3;17.4
2024-04-04 09:07:35;30.2;57.1;57.4;49.9;72.0;82.5;15.6 °C;16.8;17.9;18;17.3;17.4
2024-04-04 09:17:34;30.2;57.0;57.4;49.9;71.9;82.5;15.8 °C;16.8;17.9;18;17.3;17.4
2024-04-04 09:27:36;30.2;57.0;57.4;49.9;71.9;82.5;16 °C;16.8;17.9;18;17.3;17.4
2024-04-04 09:37:37;30.2;57.0;57.4;49.9;71.9;82.5;16.2 °C;16.7;17.8;18;17.3;17.4
2024-04-04 09:47:38;30.2;57.0;57.4;49.9;71.9;82.5;16.3 °C;16.7;17.8;17.9;17.3;17.4
2024-04-04 09:57:39;30.2;57.0;57.4;49.9;71.9;82.5;16.4 °C;16.7;17.8;17.9;17.3;17.4
2024-04-04 10:07:40;30.2;57.0;57.4;49.9;71.9;82.5;16.5 °C;16.7;17.8;17.9;17.3;17.4
2024-04-04 10:17:39;30.1;57.0;57.4;49.9;71.9;82.5;16.6 °C;16.7;17.8;17.9;17.3;17.4
2024-04-04 10:27:38;30.1;57.0;57.4;49.9;71.9;82.5;16.6 °C;16.7;17.7;17.9;17.3;17.4
2024-04-04 10:37:38;30.1;57.0;57.4;49.9;71.9;82.5;16.7 °C;16.8;17.7;17.9;17.3;17.4
2024-04-04 10:47:35;30.1;57.0;57.4;49.8;71.9;82.6;16.8 °C;16.8;17.7;17.9;17.3;17.4
2024-04-04 10:57:38;30.1;57.0;57.3;49.8;71.9;82.5;16.8 °C;16.8;17.6;17.9;17.3;17.4
2024-04-04 11:07:38;30.2;57.0;57.3;49.9;71.9;82.6;16.9 °C;16.8;17.6;17.8;17.3;17.4
2024-04-04 11:17:35;30.2;57.0;57.3;49.9;71.9;82.6;17.1 °C;16.8;17.6;17.8;17.3;17.4
2024-04-04 11:27:34;30.2;57.1;57.3;49.8;71.9;82.6;17.3 °C;16.8;17.6;17.8;17.3;17.4
2024-04-04 11:37:36;30.3;57.1;57.3;49.9;71.9;82.5;17.6 °C;16.9;17.6;17.8;17.3;17.4
2024-04-04 11:47:33;30.3;57.1;57.4;49.9;71.9;82.5;17.9 °C;16.9;17.6;17.8;17.3;17.4
2024-04-04 11:57:39;30.3;57.1;57.4;49.9;71.9;82.5;18.4 °C;16.9;17.6;17.8;17.2;17.4
2024-04-04 12:07:36;30.3;57.1;57.4;49.9;71.9;82.5;18.8 °C;17;17.6;17.8;17.2;17.4
2024-04-04 12:17:39;30.3;57.1;57.4;49.9;71.9;82.6;19.3 °C;17;17.6;17.8;17.2;17.4
2024-04-04 12:27:34;30.3;57.1;57.4;49.9;71.9;82.6;19.6 °C;17.1;17.6;17.8;17.2;17.4
2024-04-04 12:37:37;30.3;57.1;57.4;49.9;71.9;82.5;20.1 °C;17.1;17.6;17.8;17.2;17.4
2024-04-04 12:47:39;30.4;57.1;57.4;49.9;71.9;82.5;20.4 °C;17.2;17.6;17.7;17.2;17.4
2024-04-04 12:57:39;30.3;57.2;57.4;50.0;72.0;82.5;20.8 °C;17.3;17.6;17.7;17.2;17.4
2024-04-04 13:07:35;30.4;57.2;57.4;50.0;72.0;82.5;21.1 °C;17.3;17.6;17.7;17.2;17.4
2024-04-04 13:17:39;30.4;57.2;57.5;50.0;72.0;82.5;21.3 °C;17.4;17.6;17.7;17.2;17.4
2024-04-04 13:27:38;30.4;57.2;57.5;50.0;72.1;82.5;21.6 °C;17.5;17.6;17.7;17.2;17.4
2024-04-04 13:37:36;30.4;57.3;57.5;50.0;72.2;82.5;21.9 °C;17.6;17.6;17.6;17.1;17.4
2024-04-04 13:47:37;30.4;57.3;57.5;50.0;72.2;82.5;22.1 °C;17.7;17.6;17.6;17.1;17.4
2024-04-04 13:57:35;30.4;57.3;57.5;50.0;72.3;82.5;22.3 °C;17.8;17.6;17.6;17.1;17.4
2024-04-04 14:07:39;30.4;57.3;57.6;50.0;72.4;82.5;22.6 °C;17.9;17.6;17.6;17.1;17.4
2024-04-04 14:17:39;30.4;57.3;57.6;50.1;72.5;82.5;22.8 °C;18;17.6;17.6;17.1;17.4
2024-04-04 14:27:38;30.4;57.4;57.6;50.1;72.6;82.5;23.1 °C;18.1;17.6;17.6;17.1;17.4
2024-04-04 14:37:32;30.4;57.4;57.6;50.1;72.6;82.5;23.3 °C;18.2;17.6;17.6;17.1;17.4
2024-04-04 14:47:33;30.5;57.5;57.6;50.2;72.7;82.5;23.5 °C;18.3;17.7;17.6;17.1;17.4
2024-04-04 14:57:35;30.5;57.5;57.6;50.2;72.8;82.5;23.7 °C;18.4;17.7;17.6;17.1;17.4
2024-04-04 15:07:39;30.5;57.5;57.6;50.2;72.8;82.5;23.9 °C;18.6;17.7;17.6;17.1;17.4
2024-04-04 15:17:35;30.5;57.6;57.6;50.2;72.9;82.5;24.1 °C;18.7;17.8;17.6;17.1;17.4
2024-04-04 15:27:34;30.5;57.6;57.7;50.2;73.0;82.5;24.2 °C;18.8;17.8;17.6;17.1;17.4
2024-04-04 15:37:32;30.5;57.6;57.7;50.2;73.1;82.5;24.4 °C;18.9;17.8;17.6;17.1;17.4
2024-04-04 15:47:33;30.5;57.7;57.7;50.3;73.1;82.5;24.6 °C;19.1;17.9;17.6;17.1;17.3
2024-04-04 15:57:39;30.5;57.7;57.7;50.3;73.2;82.5;24.6 °C;19.2;17.9;17.6;17.1;17.3
2024-04-04 16:07:35;30.6;57.8;57.7;50.3;73.2;82.5;24.8 °C;19.3;17.9;17.6;17.1;17.3
2024-04-04 16:17:34;30.6;57.8;57.7;50.3;73.3;82.5;24.9 °C;19.4;17.9;17.6;17.1;17.3
2024-04-04 16:27:32;30.6;57.8;57.8;50.3;73.3;82.5;24.9 °C;19.6;18;17.6;17.1;17.3
2024-04-04 16:37:33;30.6;57.9;57.8;50.3;73.3;82.5;25 °C;19.6;18.1;17.6;17.1;17.3
2024-04-04 16:47:39;30.6;57.9;57.8;50.3;73.4;82.5;25.1 °C;19.8;18.1;17.6;17.1;17.3
2024-04-04 16:57:35;30.6;57.9;57.8;50.4;73.4;82.5;25.1 °C;19.9;18.1;17.6;17.1;17.3
2024-04-04 17:07:33;30.6;58.0;57.8;50.3;73.4;82.5;25.2 °C;20;18.2;17.6;17.1;17.3
2024-04-04 17:17:32;30.6;58.0;57.8;50.4;73.4;82.5;25.2 °C;20.1;18.3;17.6;17.1;17.3
2024-04-04 17:27:32;30.5;58.0;57.8;50.4;73.4;82.5;25.2 °C;20.2;18.3;17.6;17.1;17.3
2024-04-04 17:37:38;30.5;58.0;57.9;50.4;73.4;82.5;25.1 °C;20.3;18.3;17.7;17;17.3
2024-04-04 17:47:33;30.5;58.1;57.9;50.4;73.4;82.5;24.9 °C;20.4;18.4;17.7;17;17.3
2024-04-04 17:57:37;30.4;58.1;57.9;50.4;73.4;82.5;24.8 °C;20.5;18.4;17.7;17;17.3
2024-04-04 18:07:32;30.5;58.2;57.9;50.4;73.4;82.5;24.6 °C;20.6;18.5;17.7;17;17.3
2024-04-04 18:17:32;30.5;58.2;57.9;50.5;73.4;82.5;24.4 °C;20.6;18.6;17.7;17;17.3
2024-04-04 18:27:38;30.4;58.2;57.9;50.5;73.4;82.5;24.2 °C;20.7;18.6;17.8;17.1;17.3
2024-04-04 18:37:37;30.4;58.2;58.0;50.5;73.5;82.5;24 °C;20.8;18.7;17.8;17;17.3
2024-04-04 18:47:37;30.4;58.3;58.0;50.5;73.4;82.5;23.8 °C;20.8;18.7;17.8;17;17.3
2024-04-04 18:57:32;30.4;58.3;58;50.5;73.5;82.6;23.6 °C;20.9;18.8;17.8;17;17.3
2024-04-04 19:07:32;30.3;58.3;58.0;50.4;73.5;82.6;23.4 °C;20.9;18.8;17.8;17.1;17.3
2024-04-04 19:17:34;30.3;58.3;58.0;50.5;73.5;82.6;23.2 °C;20.9;18.9;17.8;17.1;17.3
2024-04-04 19:27:36;30.3;58.3;58.1;50.5;73.5;82.6;23 °C;21;18.9;17.8;17.1;17.3
2024-04-04 19:37:38;30.3;58.3;58.1;50.5;73.6;82.6;22.8 °C;21;19;17.9;17.1;17.3
2024-04-04 19:47:33;30.2;58.4;58.1;50.5;73.5;82.5;22.5 °C;21.1;19;17.9;17.1;17.3
2024-04-04 19:57:38;30.2;58.4;58.1;50.5;73.6;82.5;22.3 °C;21.1;19.1;17.9;17.1;17.3
2024-04-04 20:07:37;30.2;58.4;58.1;50.5;73.5;82.5;22.1 °C;21.1;19.1;17.9;17.1;17.3
2024-04-04 20:17:35;30.2;58.4;58.1;50.5;73.6;82.5;21.9 °C;21.1;19.2;17.9;17.1;17.3
2024-04-04 20:27:35;30.2;58.4;58.1;50.5;73.6;82.5;21.7 °C;21.1;19.2;18;17.1;17.3
2024-04-04 20:37:31;30.2;58.4;58.1;50.5;73.6;82.6;21.5 °C;21.1;19.3;18;17.1;17.3
2024-04-04 20:47:32;30.5;58.4;58.1;50.5;73.5;82.6;21.3 °C;21.1;19.3;18;17.1;17.3
2024-04-04 20:57:33;30.4;58.4;58.2;50.5;73.6;82.6;21.1 °C;21.1;19.3;18.1;17.1;17.3
2024-04-04 21:07:35;30.3;58.4;58.1;50.5;73.5;82.6;20.9 °C;21;19.4;18.1;17.1;17.3
2024-04-04 21:17:34;30.3;58.4;58.1;50.5;73.5;82.6;20.8 °C;21;19.4;18.1;17.1;17.3
2024-04-04 21:27:33;30.3;58.4;58.2;50.5;73.5;82.6;20.6 °C;21;19.4;18.1;17.1;17.3
2024-04-04 21:37:32;30.3;58.4;58.2;50.5;73.5;82.5;20.4 °C;20.9;19.4;18.1;17.1;17.3
2024-04-04 21:47:37;30.3;58.3;58.2;50.5;73.5;82.6;20.3 °C;20.9;19.4;18.2;17.1;17.3
2024-04-04 21:57:38;30.3;58.3;58.2;50.5;73.5;82.6;20.1 °C;20.9;19.5;18.2;17.1;17.3
2024-04-04 22:07:34;30.3;58.3;58.2;50.5;73.5;82.6;19.9 °C;20.9;19.5;18.2;17.1;17.3
2024-04-04 22:17:32;30.3;58.3;58.2;50.5;73.5;82.6;19.8 °C;20.8;19.5;18.3;17.1;17.3
2024-04-04 22:27:34;30.3;58.3;58.2;50.5;73.5;82.6;19.7 °C;20.8;19.6;18.3;17.1;17.3
2024-04-04 22:37:37;30.3;58.3;58.2;50.5;73.5;82.6;19.6 °C;20.8;19.6;18.3;17.2;17.3
2024-04-04 22:47:38;30.3;58.3;58.2;50.5;73.4;82.6;19.4 °C;20.7;19.6;18.3;17.2;17.3
2024-04-04 22:57:33;30.3;58.3;58.2;50.5;73.4;82.6;19.3 °C;20.6;19.6;18.3;17.2;17.3
2024-04-04 23:07:31;30.3;58.3;58.2;50.5;73.4;82.6;19.2 °C;20.6;19.6;18.3;17.2;17.3
2024-04-04 23:17:31;30.3;58.2;58.2;50.4;73.4;82.6;19.1 °C;20.6;19.6;18.4;17.2;17.3
2024-04-04 23:27:32;30.3;58.3;58.2;50.4;73.4;82.6;19 °C;20.5;19.6;18.4;17.2;17.3
2024-04-04 23:37:36;30.3;58.3;58.2;50.4;73.4;82.6;18.9 °C;20.5;19.6;18.4;17.3;17.3
2024-04-04 23:47:38;30.3;58.2;58.2;50.4;73.4;82.6;18.8 °C;20.4;19.6;18.4;17.3;17.3
2024-04-04 23:57:33;30.4;58.2;58.2;50.4;73.3;82.6;18.6 °C;20.4;19.6;18.4;17.3;17.3
2024-04-05 00:07:38;30.4;58.2;58.2;50.4;73.3;82.6;18.5 °C;20.3;19.6;18.4;17.3;17.3
2024-04-05 00:17:39;30.4;58.2;58.2;50.4;73.3;82.6;18.4 °C;20.3;19.6;18.4;17.3;17.3
2024-04-05 00:27:38;30.4;58.2;58.2;50.4;73.3;82.6;18.3 °C;20.3;19.6;18.4;17.3;17.3
2024-04-05 00:37:34;30.4;58.1;58.2;50.4;73.3;82.6;18.2 °C;20.2;19.6;18.5;17.3;17.3
2024-04-05 00:47:36;30.4;58.1;58.2;50.4;73.3;82.6;18.1 °C;20.1;19.6;18.5;17.3;17.3
2024-04-05 00:57:35;30.4;58.1;58.2;50.4;73.2;82.7;18 °C;20.1;19.6;18.5;17.3;17.3
2024-04-05 01:07:38;30.4;58.1;58.2;50.4;73.2;82.6;17.9 °C;20.1;19.6;18.5;17.3;17.3
2024-04-05 01:17:34;30.4;58.1;58.2;50.4;73.2;82.7;17.8 °C;20;19.6;18.6;17.3;17.3
2024-04-05 01:27:36;30.4;58.1;58.2;50.4;73.2;82.6;17.7 °C;19.9;19.6;18.6;17.3;17.4
2024-04-05 01:37:37;30.4;58.1;58.2;50.4;73.2;82.7;17.6 °C;19.9;19.6;18.6;17.3;17.4
2024-04-05 01:47:35;30.4;58.0;58.1;50.4;73.2;82.7;17.5 °C;19.8;19.6;18.6;17.4;17.4
2024-04-05 01:57:37;30.4;58.0;58.1;50.4;73.1;82.7;17.4 °C;19.8;19.6;18.6;17.4;17.4
2024-04-05 02:07:34;30.5;58.0;58.1;50.4;73.2;82.7;17.3 °C;19.8;19.6;18.6;17.4;17.4
2024-04-05 02:17:37;30.5;58.0;58.1;50.4;73.1;82.7;17.3 °C;19.7;19.6;18.6;17.4;17.4
2024-04-05 02:27:35;30.4;58.0;58.1;50.4;73.1;82.7;17.2 °C;19.6;19.6;18.6;17.4;17.4
2024-04-05 02:37:31;30.5;58.0;58.1;50.4;73.1;82.7;17.1 °C;19.6;19.5;18.6;17.4;17.4
2024-04-05 02:47:36;30.5;58.0;58.1;50.3;73.1;82.7;17 °C;19.5;19.5;18.6;17.4;17.4
2024-04-05 02:57:35;30.5;57.9;58.1;50.3;73.0;82.7;16.9 °C;19.4;19.5;18.6;17.4;17.4
2024-04-05 03:07:38;30.5;57.9;58.1;50.3;73;82.7;16.9 °C;19.4;19.5;18.6;17.4;17.4
2024-04-05 03:17:33;30.4;57.9;58.1;50.3;73.0;82.7;16.8 °C;19.4;19.4;18.6;17.4;17.4
2024-04-05 03:27:36;30.5;57.9;58.0;50.3;73.0;82.7;16.8 °C;19.3;19.4;18.6;17.4;17.4
2024-04-05 03:37:37;30.5;57.9;58.0;50.3;72.9;82.7;16.7 °C;19.3;19.4;18.6;17.4;17.4
2024-04-05 03:47:35;30.5;57.8;58.0;50.3;72.9;82.7;16.6 °C;19.2;19.4;18.6;17.4;17.4
2024-04-05 03:57:36;30.5;57.8;58.0;50.3;72.9;82.7;16.5 °C;19.2;19.4;18.6;17.4;17.4
2024-04-05 04:07:34;30.5;57.8;58.0;50.3;72.9;82.7;16.4 °C;19.1;19.4;18.6;17.4;17.4
2024-04-05 04:17:39;30.5;57.8;58.0;50.3;72.9;82.7;16.4 °C;19.1;19.4;18.6;17.5;17.4
2024-04-05 04:27:38;30.5;57.8;58.0;50.3;72.8;82.7;16.3 °C;19;19.3;18.6;17.5;17.4
2024-04-05 04:37:37;30.5;57.8;58.0;50.3;72.8;82.7;16.2 °C;18.9;19.3;18.6;17.5;17.4
2024-04-05 04:47:32;30.5;57.8;57.9;50.3;72.8;82.7;16.1 °C;18.9;19.3;18.6;17.5;17.4
2024-04-05 04:57:35;30.5;57.7;57.9;50.3;72.8;82.7;16.1 °C;18.9;19.3;18.6;17.5;17.4
2024-04-05 05:07:38;30.5;57.7;57.9;50.3;72.7;82.7;16 °C;18.8;19.3;18.6;17.5;17.4
2024-04-05 05:17:37;30.5;57.7;57.9;50.3;72.7;82.7;15.9 °C;18.8;19.3;18.6;17.5;17.4
2024-04-05 05:27:32;30.6;57.7;57.9;50.3;72.7;82.7;15.9 °C;18.8;19.2;18.6;17.5;17.4
2024-04-05 05:37:37;30.6;57.7;57.9;50.3;72.7;82.7;15.8 °C;18.7;19.2;18.6;17.5;17.4
2024-04-05 05:47:35;30.6;57.7;57.9;50.2;72.7;82.7;15.8 °C;18.6;19.1;18.6;17.5;17.4
2024-04-05 05:57:32;30.6;57.6;57.8;50.2;72.6;82.7;15.7 °C;18.6;19.1;18.6;17.5;17.4
2024-04-05 06:07:38;30.6;57.6;57.8;50.2;72.6;82.7;15.6 °C;18.5;19.1;18.6;17.5;17.5
2024-04-05 06:17:38;30.6;57.6;57.8;50.2;72.6;82.7;15.5 °C;18.5;19.1;18.6;17.5;17.5
2024-04-05 06:27:37;30.6;57.6;57.8;50.2;72.6;82.7;15.4 °C;18.4;19.1;18.6;17.6;17.5
2024-04-05 06:37:31;30.6;57.6;57.8;50.2;72.6;82.7;15.4 °C;18.4;19.1;18.6;17.6;17.5
2024-04-05 06:47:32;30.6;57.5;57.8;50.2;72.6;82.7;15.3 °C;18.3;19;18.6;17.6;17.5
2024-04-05 06:57:33;30.6;57.5;57.8;50.2;72.5;82.7;15.3 °C;18.3;19;18.6;17.6;17.5
2024-04-05 07:07:35;30.6;57.5;57.8;50.2;72.5;82.7;15.3 °C;18.3;18.9;18.6;17.6;17.5
2024-04-05 07:17:35;30.6;57.5;57.8;50.2;72.5;82.7;15.2 °C;18.2;18.9;18.6;17.6;17.5
2024-04-05 07:27:36;30.7;57.5;57.7;50.1;72.5;82.7;15.2 °C;18.1;18.9;18.6;17.6;17.5
2024-04-05 07:37:38;30.7;57.5;57.7;50.1;72.5;82.7;15.3 °C;18.1;18.9;18.6;17.6;17.5
2024-04-05 07:47:37;30.7;57.5;57.7;50.1;72.5;82.7;15.3 °C;18.1;18.9;18.6;17.6;17.5
2024-04-05 07:57:36;30.7;57.5;57.7;50.1;72.4;82.7;15.4 °C;18;18.8;18.6;17.6;17.5
2024-04-05 08:07:34;30.7;57.4;57.7;50.1;72.4;82.7;15.5 °C;18;18.8;18.5;17.6;17.5
2024-04-05 08:17:37;30.7;57.4;57.7;50.1;72.4;82.7;15.7 °C;17.9;18.8;18.5;17.6;17.5
2024-04-05 08:27:35;30.8;57.4;57.6;50.1;72.4;82.7;15.9 °C;17.9;18.8;18.5;17.6;17.5
2024-04-05 08:37:32;30.8;57.4;57.6;50.1;72.4;82.7;16.1 °C;17.9;18.8;18.5;17.6;17.5
2024-04-05 08:47:38;30.8;57.4;57.6;50.1;72.4;82.7;16.3 °C;17.8;18.7;18.5;17.6;17.5
2024-04-05 08:57:38;30.8;57.4;57.6;50.1;72.4;82.7;16.4 °C;17.8;18.7;18.5;17.6;17.5
2024-04-05 09:07:37;30.8;57.4;57.6;50.1;72.4;82.8;16.6 °C;17.8;18.6;18.4;17.6;17.6
2024-04-05 09:17:31;30.8;57.4;57.6;50.1;72.3;82.7;16.8 °C;17.8;18.6;18.4;17.6;17.6
2024-04-05 09:27:32;30.8;57.4;57.6;50.1;72.3;82.8;17 °C;17.7;18.6;18.4;17.6;17.6
2024-04-05 09:37:33;30.8;57.4;57.6;50.1;72.3;82.8;17.2 °C;17.7;18.6;18.4;17.6;17.6
2024-04-05 09:47:37;30.8;57.4;57.6;50.1;72.3;82.8;17.3 °C;17.7;18.6;18.4;17.6;17.6
2024-04-05 09:57:32;30.7;57.4;57.6;50.1;72.3;82.8;17.4 °C;17.7;18.5;18.4;17.6;17.6
2024-04-05 10:07:38;30.8;57.4;57.5;50.1;72.3;82.8;17.6 °C;17.7;18.5;18.4;17.6;17.6
2024-04-05 10:17:33;30.7;57.4;57.5;50.1;72.3;82.8;17.6 °C;17.7;18.5;18.4;17.6;17.6
2024-04-05 10:27:37;30.8;57.4;57.5;50.0;72.3;82.8;17.7 °C;17.7;18.4;18.4;17.6;17.6
2024-04-05 10:37:32;30.8;57.3;57.5;50.1;72.2;82.8;17.8 °C;17.7;18.4;18.4;17.5;17.6
2024-04-05 10:47:34;30.7;57.3;57.5;50.1;72.3;82.8;17.8 °C;17.7;18.4;18.3;17.6;17.6
2024-04-05 10:57:32;30.8;57.4;57.5;50.1;72.2;82.8;17.9 °C;17.7;18.4;18.3;17.5;17.6
2024-04-05 11:07:35;30.8;57.4;57.5;50.1;72.2;82.8;18.1 °C;17.8;18.4;18.3;17.5;17.6
2024-04-05 11:17:36;30.8;57.4;57.5;50.1;72.2;82.8;18.2 °C;17.8;18.4;18.3;17.5;17.6
2024-04-05 11:27:38;30.8;57.4;57.5;50.0;72.2;82.8;18.4 °C;17.8;18.3;18.3;17.5;17.6
2024-04-05 11:37:33;30.8;57.4;57.5;50.0;72.2;82.8;18.7 °C;17.8;18.3;18.3;17.5;17.6
2024-04-05 11:47:37;30.8;57.3;57.6;50.0;72.2;82.8;19.1 °C;17.8;18.3;18.3;17.5;17.6
2024-04-05 11:57:36;30.9;57.4;57.6;50.0;72.2;82.8;19.5 °C;17.9;18.3;18.3;17.5;17.6
2024-04-05 12:07:34;30.9;57.4;57.6;50.1;72.2;82.8;19.9 °C;17.9;18.3;18.3;17.5;17.6
2024-04-05 12:17:34;31.0;57.4;57.6;50.0;72.3;82.8;20.4 °C;17.9;18.3;18.3;17.5;17.6
2024-04-05 12:27:37;31;57.4;57.6;50.1;72.3;82.8;20.8 °C;18;18.3;18.3;17.5;17.6
2024-04-05 12:37:37;31.0;57.4;57.6;50.0;72.3;82.8;21.2 °C;18.1;18.3;18.2;17.5;17.6
2024-04-05 12:47:31;31.0;57.4;57.6;50.0;72.4;82.8;21.6 °C;18.1;18.3;18.2;17.5;17.6
2024-04-05 12:57:37;31.0;57.4;57.6;50.0;72.4;82.8;21.9 °C;18.2;18.3;18.2;17.5;17.6
2024-04-05 13:07:36;31.1;57.5;57.6;50.1;72.5;82.8;22.2 °C;18.3;18.3;18.2;17.5;17.6
2024-04-05 13:17:34;31.1;57.5;57.6;50.1;72.6;82.8;22.5 °C;18.3;18.3;18.2;17.5;17.6
2024-04-05 13:27:34;31.1;57.5;57.6;50.1;72.7;82.8;22.8 °C;18.4;18.3;18.2;17.5;17.6
2024-04-05 13:37:38;31.1;57.5;57.6;50.1;72.8;82.8;23 °C;18.5;18.3;18.1;17.4;17.6
2024-04-05 13:47:38;31.1;57.5;57.6;50.1;72.9;82.8;23.3 °C;18.6;18.3;18.1;17.4;17.6
2024-04-05 13:57:34;31.1;57.6;57.6;50.2;73.0;82.8;23.5 °C;18.7;18.3;18.1;17.4;17.6
2024-04-05 14:07:33;31.1;57.6;57.7;50.2;73.2;82.8;23.7 °C;18.8;18.3;18.1;17.4;17.6
2024-04-05 14:17:36;31.1;57.6;57.7;50.2;73.4;82.8;23.9 °C;18.9;18.3;18.1;17.4;17.6
2024-04-05 14:27:34;31.1;57.6;57.7;50.2;73.5;82.8;24.2 °C;19;18.3;18.1;17.4;17.6
2024-04-05 14:37:35;31.2;57.7;57.7;50.2;73.6;82.8;24.4 °C;19.1;18.4;18.1;17.4;17.6
2024-04-05 14:47:36;31.2;57.7;57.7;50.2;73.7;82.8;24.6 °C;19.2;18.4;18.1;17.4;17.6
2024-04-05 14:57:33;31.2;57.8;57.7;50.2;73.8;82.8;24.8 °C;19.3;18.4;18.1;17.4;17.6
2024-04-05 15:07:38;31.1;57.8;57.7;50.2;73.8;82.8;24.9 °C;19.4;18.4;18.1;17.4;17.6
2024-04-05 15:17:37;31.2;57.8;57.7;50.2;73.9;82.8;24.9 °C;19.6;18.4;18.1;17.4;17.6
2024-04-05 15:27:36;31.1;57.9;57.8;50.3;74.0;82.8;25 °C;19.7;18.5;18.1;17.4;17.6
2024-04-05 15:37:30;31.1;57.9;57.8;50.3;74;82.8;25.1 °C;19.8;18.5;18.1;17.4;17.6
2024-04-05 15:47:32;31.1;57.9;57.8;50.3;74.0;82.8;25.1 °C;19.9;18.6;18.1;17.4;17.6
2024-04-05 15:57:33;31.1;58.0;57.8;50.3;74.1;82.8;25.1 °C;20.1;18.6;18.1;17.4;17.6
2024-04-05 16:07:36;31.1;58.0;57.8;50.3;74.1;82.9;25.1 °C;20.1;18.6;18.1;17.4;17.6
2024-04-05 16:17:30;31.1;58.0;57.8;50.3;74.1;82.9;25.1 °C;20.3;18.7;18.1;17.4;17.6
2024-04-05 16:27:34;31.1;58.1;57.8;50.3;74.2;82.9;25.2 °C;20.4;18.7;18.1;17.4;17.6
2024-04-05 16:37:34;31.1;58.1;57.8;50.3;74.2;82.9;25.2 °C;20.4;18.8;18.1;17.4;17.6
2024-04-05 16:47:31;31.1;58.1;57.9;50.3;74.2;82.9;25.3 °C;20.6;18.8;18.1;17.4;17.6
2024-04-05 16:57:37;31.0;58.2;57.9;50.3;74.2;82.9;25.3 °C;20.6;18.9;18.1;17.4;17.6
2024-04-05 17:07:37;31.1;58.2;57.9;50.3;74.2;83.0;25.3 °C;20.7;18.9;18.1;17.4;17.6
2024-04-05 17:17:36;31.1;58.2;57.9;50.3;74.2;83.0;25.2 °C;20.8;18.9;18.2;17.4;17.6
2024-04-05 17:27:30;31.0;58.3;57.9;50.3;74.2;83.0;25.2 °C;20.9;19;18.2;17.4;17.6
2024-04-05 17:37:31;31.1;58.3;57.9;50.3;74.2;83.0;25.1 °C;20.9;19.1;18.2;17.4;17.6
2024-04-05 17:47:33;31.0;58.3;57.9;50.4;74.2;83.0;25.1 °C;21.1;19.1;18.2;17.4;17.6
2024-04-05 17:57:37;31.0;58.3;58.0;50.4;74.2;83.1;24.9 °C;21.1;19.1;18.2;17.4;17.6
2024-04-05 18:07:32;31.0;58.4;58.0;50.4;74.2;83.1;24.8 °C;21.2;19.2;18.3;17.4;17.6
2024-04-05 18:17:31;30.9;58.4;58.0;50.4;74.2;83.1;24.7 °C;21.3;19.3;18.3;17.4;17.6
2024-04-05 18:27:35;30.9;58.4;58.0;50.4;74.2;83.1;24.6 °C;21.3;19.3;18.3;17.4;17.6
2024-04-05 18:37:32;30.9;58.4;58.0;50.4;74.2;83.1;24.4 °C;21.3;19.3;18.3;17.4;17.6
2024-04-05 18:47:31;30.8;58.4;58.0;50.4;74.2;83.1;24.3 °C;21.4;19.4;18.3;17.4;17.6
2024-04-05 18:57:37;30.8;58.5;58.1;50.4;74.2;83.2;24.1 °C;21.4;19.4;18.3;17.4;17.6
2024-04-05 19:07:36;30.8;58.5;58.1;50.4;74.2;83.2;23.8 °C;21.5;19.4;18.3;17.4;17.6
2024-04-05 19:17:30;30.8;58.5;58.1;50.5;74.2;83.2;23.6 °C;21.5;19.5;18.3;17.4;17.6
2024-04-05 19:27:35;30.8;58.5;58.1;50.4;74.2;83.2;23.4 °C;21.6;19.6;18.4;17.4;17.6
2024-04-05 19:37:33;30.7;58.5;58.1;50.4;74.2;83.2;23.2 °C;21.6;19.6;18.4;17.4;17.6
2024-04-05 19:47:37;30.7;58.5;58.1;50.4;74.1;83.2;23 °C;21.6;19.6;18.4;17.4;17.6
2024-04-05 19:57:32;30.7;58.5;58.2;50.4;74.1;83.2;22.8 °C;21.6;19.7;18.4;17.4;17.6
2024-04-05 20:07:34;30.7;58.5;58.2;50.5;74.1;83.2;22.6 °C;21.6;19.7;18.4;17.4;17.6
2024-04-05 20:17:34;30.7;58.5;58.2;50.5;74.1;83.2;22.4 °C;21.6;19.8;18.4;17.4;17.6
2024-04-05 20:27:30;30.6;58.6;58.2;50.5;74.1;83.2;22.2 °C;21.6;19.8;18.5;17.4;17.6
2024-04-05 20:37:34;30.7;58.6;58.2;50.5;74.1;83.2;22 °C;21.6;19.8;18.5;17.4;17.6
2024-04-05 20:47:30;30.6;58.5;58.2;50.5;74.0;83.2;21.8 °C;21.6;19.9;18.5;17.4;17.6
2024-04-05 20:57:30;30.6;58.5;58.2;50.5;74.0;83.2;21.6 °C;21.6;19.9;18.6;17.4;17.6
2024-04-05 21:07:35;30.6;58.5;58.2;50.5;74.0;83.2;21.4 °C;21.6;19.9;18.6;17.4;17.6
2024-04-05 21:17:32;30.6;58.5;58.2;50.5;74.0;83.2;21.3 °C;21.6;19.9;18.6;17.5;17.6
2024-04-05 21:27:31;30.6;58.5;58.2;50.5;74.0;83.2;21.1 °C;21.5;20;18.6;17.5;17.6
2024-04-05 21:37:37;30.6;58.5;58.3;50.5;74.0;83.2;20.9 °C;21.5;20;18.6;17.5;17.6
2024-04-05 21:47:37;30.6;58.5;58.3;50.5;74.0;83.2;20.8 °C;21.4;20;18.7;17.5;17.6
2024-04-05 21:57:32;30.6;58.5;58.3;50.5;73.9;83.2;20.6 °C;21.4;20.1;18.7;17.5;17.6
2024-04-05 22:07:31;30.6;58.5;58.3;50.5;73.9;83.2;20.5 °C;21.4;20.1;18.7;17.5;17.6
2024-04-05 22:17:32;30.6;58.5;58.3;50.5;73.9;83.2;20.4 °C;21.4;20.1;18.7;17.5;17.6
2024-04-05 22:27:36;30.6;58.5;58.3;50.5;73.9;83.2;20.3 °C;21.3;20.1;18.8;17.5;17.6
2024-04-05 22:37:31;30.6;58.5;58.3;50.5;73.9;83.2;20.1 °C;21.3;20.1;18.8;17.6;17.6
2024-04-05 22:47:36;30.6;58.5;58.3;50.5;73.9;83.2;20.1 °C;21.3;20.1;18.8;17.6;17.6
2024-04-05 22:57:30;30.6;58.4;58.3;50.5;73.8;83.2;19.9 °C;21.2;20.1;18.8;17.6;17.6
2024-04-05 23:07:30;30.6;58.4;58.3;50.5;73.8;83.2;19.8 °C;21.1;20.1;18.8;17.6;17.6
2024-04-05 23:17:34;30.6;58.4;58.3;50.5;73.8;83.2;19.7 °C;21.1;20.1;18.8;17.6;17.6
2024-04-05 23:27:29;30.6;58.4;58.3;50.5;73.8;83.2;19.6 °C;21.1;20.1;18.9;17.6;17.6
2024-04-05 23:37:34;30.6;58.4;58.3;50.5;73.7;83.2;19.5 °C;21;20.1;18.9;17.6;17.6
2024-04-05 23:47:35;30.6;58.4;58.3;50.5;73.7;83.2;19.4 °C;20.9;20.2;18.9;17.6;17.6
2024-04-05 23:57:33;30.6;58.4;58.3;50.5;73.7;83.2;19.3 °C;20.9;20.2;18.9;17.6;17.6
2024-04-06 00:07:33;30.6;58.4;58.3;50.5;73.7;83.2;19.2 °C;20.9;20.2;18.9;17.6;17.6
2024-04-06 00:17:36;30.6;58.4;58.2;50.5;73.6;83.1;19.1 °C;20.8;20.2;18.9;17.6;17.6
2024-04-06 00:27:36;30.6;58.3;58.2;50.5;73.6;83.1;19 °C;20.8;20.1;18.9;17.6;17.6
2024-04-06 00:37:31;30.6;58.3;58.3;50.5;73.6;83.1;18.9 °C;20.8;20.1;18.9;17.7;17.6
2024-04-06 00:47:37;30.6;58.3;58.2;50.5;73.6;83.1;18.8 °C;20.7;20.1;18.9;17.7;17.6
2024-04-06 00:57:35;30.6;58.3;58.2;50.5;73.6;83.1;18.8 °C;20.6;20.1;19;17.7;17.6
2024-04-06 01:07:34;30.6;58.3;58.2;50.5;73.5;83.1;18.6 °C;20.6;20.1;19;17.7;17.6
2024-04-06 01:17:33;30.6;58.2;58.2;50.5;73.5;83.1;18.6 °C;20.6;20.1;19;17.7;17.6
2024-04-06 01:27:30;30.6;58.2;58.2;50.5;73.5;83.1;18.4 °C;20.5;20.1;19;17.7;17.6
2024-04-06 01:37:31;30.6;58.2;58.2;50.5;73.5;83.1;18.4 °C;20.4;20.1;19;17.7;17.6
2024-04-06 01:47:33;30.6;58.2;58.2;50.5;73.5;83.1;18.3 °C;20.4;20.1;19;17.8;17.6
2024-04-06 01:57:36;30.6;58.2;58.2;50.5;73.5;83.1;18.2 °C;20.4;20.1;19;17.8;17.6
2024-04-06 02:07:32;30.7;58.2;58.2;50.4;73.4;83.1;18.1 °C;20.3;20.1;19.1;17.8;17.6
2024-04-06 02:17:29;30.7;58.1;58.2;50.5;73.4;83.1;18 °C;20.3;20.1;19.1;17.8;17.6
2024-04-06 02:27:34;30.7;58.1;58.2;50.5;73.4;83.1;17.9 °C;20.2;20.1;19.1;17.8;17.7
2024-04-06 02:37:31;30.7;58.1;58.2;50.5;73.4;83.1;17.9 °C;20.2;20.1;19.1;17.8;17.7
2024-04-06 02:47:36;30.7;58.1;58.2;50.5;73.3;83.1;17.8 °C;20.1;20;19.1;17.8;17.7
2024-04-06 02:57:32;30.7;58.1;58.1;50.5;73.3;83.1;17.8 °C;20.1;20;19.1;17.8;17.7
2024-04-06 03:07:34;30.7;58.1;58.1;50.5;73.3;83.1;17.7 °C;20;20;19.1;17.8;17.7
2024-04-06 03:17:36;30.7;58.1;58.1;50.4;73.3;83.1;17.6 °C;19.9;20;19.1;17.8;17.7
2024-04-06 03:27:35;30.7;58.0;58.1;50.4;73.3;83.1;17.6 °C;19.9;19.9;19.1;17.8;17.7
2024-04-06 03:37:37;30.7;58.0;58.1;50.4;73.3;83.1;17.5 °C;19.9;19.9;19.1;17.8;17.7
2024-04-06 03:47:36;30.7;58.0;58.1;50.4;73.2;83.1;17.4 °C;19.8;19.9;19.1;17.8;17.7
2024-04-06 03:57:35;30.7;58.0;58.1;50.4;73.2;83.1;17.4 °C;19.8;19.9;19.1;17.8;17.7
2024-04-06 04:07:33;30.8;58.0;58.1;50.4;73.2;83.1;17.3 °C;19.8;19.9;19.1;17.8;17.7
2024-04-06 04:17:29;30.8;58.0;58.1;50.4;73.1;83.1;17.3 °C;19.7;19.9;19.1;17.8;17.7
2024-04-06 04:27:30;30.7;57.9;58.0;50.4;73.1;83.1;17.1 °C;19.6;19.9;19.1;17.8;17.8
2024-04-06 04:37:31;30.7;57.9;58.0;50.4;73.1;83.1;17.1 °C;19.6;19.8;19.1;17.9;17.8
2024-04-06 04:47:32;30.7;57.9;58.0;50.4;73.1;83.1;17 °C;19.6;19.8;19.1;17.9;17.8
2024-04-06 04:57:32;30.8;57.9;58.0;50.4;73.1;83.1;16.9 °C;19.5;19.8;19.1;17.9;17.8
2024-04-06 05:07:30;30.7;57.9;58.0;50.4;73.0;83.1;16.9 °C;19.4;19.8;19.1;17.9;17.8
2024-04-06 05:17:36;30.7;57.8;58.0;50.4;73.0;83.1;16.8 °C;19.4;19.8;19.1;17.9;17.8
2024-04-06 05:27:31;30.8;57.8;58.0;50.4;73.0;83.1;16.8 °C;19.4;19.8;19.1;17.9;17.8
2024-04-06 05:37:36;30.8;57.8;58.0;50.4;72.9;83.1;16.7 °C;19.3;19.7;19.1;17.9;17.8
2024-04-06 05:47:33;30.8;57.8;58.0;50.4;72.9;83.1;16.6 °C;19.3;19.7;19.1;17.9;17.8
2024-04-06 05:57:36;30.8;57.8;57.9;50.4;72.9;83.1;16.6 °C;19.2;19.7;19.1;17.9;17.8
2024-04-06 06:07:31;30.8;57.8;57.9;50.4;72.9;83.1;16.5 °C;19.2;19.6;19.1;17.9;17.8
2024-04-06 06:17:35;30.8;57.8;57.9;50.4;72.8;83.1;16.5 °C;19.1;19.6;19.1;17.9;17.8
2024-04-06 06:27:36;30.8;57.7;57.9;50.4;72.8;83.1;16.4 °C;19.1;19.6;19.1;17.9;17.8
2024-04-06 06:37:35;30.8;57.7;57.9;50.4;72.8;83.1;16.4 °C;19.1;19.6;19.1;17.9;17.8
2024-04-06 06:47:29;30.8;57.7;57.9;50.4;72.8;83.1;16.4 °C;19;19.6;19;17.9;17.8
2024-04-06 06:57:30;30.9;57.7;57.9;50.3;72.7;83.1;16.3 °C;18.9;19.5;19;17.9;17.8
2024-04-06 07:07:30;30.9;57.7;57.9;50.3;72.7;83.1;16.3 °C;18.9;19.5;19;17.9;17.8
2024-04-06 07:17:31;30.9;57.7;57.8;50.3;72.7;83.1;16.3 °C;18.9;19.5;19;17.9;17.8
2024-04-06 07:27:30;30.9;57.7;57.8;50.3;72.7;83.1;16.3 °C;18.8;19.4;19;17.9;17.8
2024-04-06 07:37:36;30.9;57.7;57.8;50.3;72.6;83.1;16.3 °C;18.8;19.4;19;17.9;17.8
2024-04-06 07:47:33;30.9;57.6;57.8;50.3;72.6;83.1;16.4 °C;18.8;19.4;19;17.9;17.8
2024-04-06 07:57:32;30.9;57.6;57.8;50.3;72.6;83.1;16.4 °C;18.7;19.4;19;17.9;17.8
2024-04-06 08:07:31;30.9;57.6;57.8;50.3;72.6;83.1;16.6 °C;18.7;19.4;18.9;17.9;17.8
2024-04-06 08:17:34;30.9;57.6;57.8;50.3;72.6;83.1;16.8 °C;18.6;19.3;18.9;17.9;17.8
2024-04-06 08:27:35;30.9;57.6;57.8;50.3;72.6;83.1;16.9 °C;18.6;19.3;18.9;17.9;17.8
2024-04-06 08:37:29;30.9;57.6;57.8;50.3;72.6;83.1;17.1 °C;18.6;19.3;18.9;17.9;17.8
2024-04-06 08:47:34;30.9;57.6;57.7;50.3;72.5;83.1;17.3 °C;18.6;19.3;18.9;17.9;17.8
2024-04-06 08:57:32;30.9;57.6;57.7;50.3;72.5;83.1;17.5 °C;18.5;19.3;18.9;17.9;17.8
2024-04-06 09:07:35;31.0;57.6;57.7;50.3;72.5;83.1;17.8 °C;18.5;19.2;18.9;17.9;17.8
2024-04-06 09:17:29;30.9;57.6;57.7;50.2;72.5;83.1;18 °C;18.4;19.2;18.9;17.9;17.8
2024-04-06 09:27:30;30.9;57.5;57.7;50.2;72.5;83.1;18.2 °C;18.4;19.1;18.9;17.9;17.8
2024-04-06 09:37:35;30.9;57.5;57.7;50.2;72.5;83.1;18.4 °C;18.4;19.1;18.9;17.9;17.9
2024-04-06 09:47:33;31.0;57.5;57.7;50.2;72.5;83.1;18.5 °C;18.4;19.1;18.9;17.9;17.8
2024-04-06 09:57:35;30.9;57.5;57.7;50.2;72.4;83.1;18.6 °C;18.4;19.1;18.9;17.9;17.9
2024-04-06 10:07:36;30.9;57.5;57.7;50.2;72.4;83.1;18.8 °C;18.4;19.1;18.9;17.9;17.9
2024-04-06 10:17:35;30.9;57.5;57.7;50.2;72.4;83.1;18.9 °C;18.4;19.1;18.8;17.9;17.9
2024-04-06 10:27:34;31.0;57.5;57.7;50.2;72.4;83.1;19 °C;18.4;19;18.8;17.9;17.9
2024-04-06 10:37:31;31.0;57.5;57.7;50.2;72.4;83.1;19.1 °C;18.4;19;18.8;17.9;17.9
2024-04-06 10:47:34;31.0;57.5;57.7;50.2;72.4;83.1;19.2 °C;18.5;19;18.8;17.9;17.9
2024-04-06 10:57:32;31.0;57.5;57.7;50.2;72.4;83.1;19.3 °C;18.5;19;18.8;17.9;17.9
2024-04-06 11:07:36;31.0;57.5;57.7;50.2;72.4;83.1;19.4 °C;18.5;18.9;18.8;17.9;17.9
2024-04-06 11:17:31;31.0;57.5;57.7;50.2;72.4;83.1;19.6 °C;18.6;18.9;18.8;17.9;17.9
2024-04-06 11:27:33;31;57.5;57.7;50.2;72.3;83.1;19.8 °C;18.6;18.9;18.8;17.9;17.9
2024-04-06 11:37:33;31.0;57.5;57.7;50.2;72.3;83.1;20.1 °C;18.6;18.9;18.8;17.9;17.9
2024-04-06 11:47:29;31.0;57.5;57.7;50.2;72.3;83.1;20.3 °C;18.6;18.9;18.8;17.9;17.9
2024-04-06 11:57:34;31.0;57.6;57.7;50.2;72.4;83.1;20.6 °C;18.7;18.9;18.8;17.9;17.9
2024-04-06 12:07:32;31.0;57.5;57.7;50.2;72.4;83.1;20.9 °C;18.8;18.9;18.8;17.9;17.9
2024-04-06 12:17:36;31.0;57.6;57.7;50.2;72.4;83.1;21.2 °C;18.8;18.9;18.7;17.9;17.9
2024-04-06 12:27:31;31.0;57.6;57.7;50.2;72.4;83.1;21.4 °C;18.8;18.9;18.7;17.9;17.9
2024-04-06 12:37:33;31;57.6;57.8;50.2;72.4;83.1;21.7 °C;18.9;18.9;18.7;17.9;17.9
2024-04-06 12:47:34;31.0;57.6;57.8;50.2;72.4;83.1;22 °C;18.9;18.9;18.7;17.9;17.9
2024-04-06 12:57:32;31.0;57.6;57.8;50.2;72.4;83.1;22.3 °C;19;18.9;18.7;17.9;17.9
2024-04-06 13:07:32;31.1;57.6;57.8;50.2;72.5;83.1;22.4 °C;19.1;18.9;18.7;17.9;17.9
2024-04-06 13:17:35;31.0;57.7;57.8;50.2;72.5;83.1;22.7 °C;19.1;18.9;18.6;17.9;17.9
2024-04-06 13:27:34;31.0;57.7;57.8;50.2;72.5;83.1;22.9 °C;19.2;18.9;18.6;17.9;17.9
2024-04-06 13:37:35;31.1;57.7;57.8;50.2;72.6;83.1;23.1 °C;19.3;18.9;18.6;17.8;17.9
2024-04-06 13:47:31;31.1;57.7;57.8;50.2;72.7;83.1;23.4 °C;19.4;18.9;18.6;17.8;17.9
2024-04-06 13:57:34;31.1;57.7;57.8;50.3;72.8;83.1;23.6 °C;19.4;18.9;18.6;17.8;17.9
2024-04-06 14:07:32;31.2;57.8;57.8;50.2;72.9;83.1;23.9 °C;19.5;18.9;18.6;17.8;17.9
2024-04-06 14:17:35;31.2;57.8;57.8;50.3;73.1;83.1;24.1 °C;19.6;18.9;18.6;17.8;17.9
2024-04-06 14:27:31;31.2;57.8;57.8;50.3;73.2;83.1;24.4 °C;19.7;19;18.6;17.8;17.9
2024-04-06 14:37:34;31.3;57.8;57.8;50.3;73.4;83.1;24.6 °C;19.8;19;18.6;17.8;17.9
2024-04-06 14:47:36;31.2;57.9;57.8;50.3;73.5;83.1;24.8 °C;19.9;19;18.6;17.8;17.9
2024-04-06 14:57:36;31.2;57.9;57.8;50.3;73.6;83.1;25 °C;20;19;18.6;17.8;17.9
2024-04-06 15:07:31;31.1;57.9;57.8;50.3;73.7;83.1;25.1 °C;20.1;19.1;18.6;17.8;17.9
2024-04-06 15:17:32;31.2;58.0;57.8;50.3;73.8;83.1;25.3 °C;20.2;19.1;18.6;17.8;17.9
2024-04-06 15:27:29;31.2;58.0;57.8;50.3;73.9;83.1;25.3 °C;20.3;19.1;18.6;17.8;17.9
2024-04-06 15:37:28;31.2;58.0;57.8;50.3;73.9;83.1;25.4 °C;20.4;19.1;18.6;17.8;17.9
2024-04-06 15:47:33;31.2;58.1;57.8;50.3;74.0;83.1;25.5 °C;20.5;19.2;18.6;17.8;17.9
2024-04-06 15:57:30;31.2;58.1;57.8;50.3;74.1;83.2;25.6 °C;20.6;19.2;18.6;17.8;17.9
2024-04-06 16:07:36;31.1;58.1;57.9;50.3;74.1;83.3;25.7 °C;20.7;19.3;18.6;17.8;17.9
2024-04-06 16:17:31;31.2;58.2;57.9;50.3;74.1;83.3;25.8 °C;20.8;19.3;18.6;17.8;17.9
2024-04-06 16:27:35;31.2;58.2;57.9;50.3;74.2;83.4;25.9 °C;20.9;19.3;18.6;17.8;17.9
2024-04-06 16:37:29;31.2;58.2;57.9;50.3;74.2;83.4;26 °C;21;19.4;18.6;17.8;17.9
2024-04-06 16:47:31;31.2;58.3;57.9;50.4;74.2;83.4;26.1 °C;21.1;19.4;18.6;17.8;17.9
2024-04-06 16:57:28;31.2;58.3;57.9;50.4;74.2;83.4;26.2 °C;21.2;19.4;18.6;17.8;17.9
2024-04-06 17:07:29;31.2;58.3;57.9;50.4;74.3;83.4;26.3 °C;21.3;19.5;18.6;17.8;17.9
2024-04-06 17:17:33;31.1;58.4;58.0;50.4;74.3;83.4;26.4 °C;21.4;19.5;18.6;17.8;17.9
2024-04-06 17:27:34;31.1;58.4;57.9;50.4;74.3;83.5;26.4 °C;21.4;19.6;18.7;17.8;17.9
2024-04-06 17:37:28;31.1;58.4;58.0;50.4;74.3;83.5;26.3 °C;21.6;19.6;18.7;17.8;17.9
2024-04-06 17:47:33;31.1;58.5;58.0;50.4;74.4;83.5;26.2 °C;21.6;19.6;18.7;17.8;17.9
2024-04-06 17:57:30;31.0;58.5;58.0;50.4;74.3;83.5;26 °C;21.7;19.7;18.7;17.8;17.9
2024-04-06 18:07:32;31.0;58.5;58.0;50.4;74.3;83.5;25.8 °C;21.8;19.8;18.7;17.8;17.9
2024-04-06 18:17:32;31.0;58.5;58.0;50.4;74.4;83.5;25.6 °C;21.9;19.8;18.8;17.8;17.9
2024-04-06 18:27:35;31.0;58.6;58.1;50.4;74.4;83.5;25.5 °C;21.9;19.8;18.8;17.8;17.9
2024-04-06 18:37:31;30.9;58.6;58.1;50.4;74.4;83.5;25.3 °C;22;19.9;18.8;17.8;17.9
2024-04-06 18:47:29;30.9;58.6;58.0;50.4;74.4;83.5;25.1 °C;22.1;19.9;18.8;17.8;17.9
2024-04-06 18:57:35;30.9;58.6;58.1;50.4;74.4;83.6;24.9 °C;22.1;20;18.8;17.8;17.9
2024-04-06 19:07:33;30.9;58.6;58.1;50.4;74.4;83.5;24.7 °C;22.1;20;18.8;17.8;17.9
2024-04-06 19:17:35;30.8;58.7;58.1;50.4;74.4;83.6;24.4 °C;22.2;20.1;18.8;17.8;17.9
2024-04-06 19:27:29;30.8;58.7;58.1;50.5;74.4;83.6;24.3 °C;22.2;20.1;18.9;17.8;17.9
2024-04-06 19:37:31;30.9;58.7;58.1;50.5;74.4;83.6;24 °C;22.2;20.1;18.9;17.8;17.9
2024-04-06 19:47:33;30.8;58.7;58.1;50.5;74.4;83.5;23.8 °C;22.3;20.2;18.9;17.8;17.9
2024-04-06 19:57:30;30.8;58.7;58.2;50.5;74.3;83.6;23.6 °C;22.3;20.3;18.9;17.8;17.9
2024-04-06 20:07:30;30.8;58.7;58.2;50.5;74.4;83.6;23.4 °C;22.3;20.3;18.9;17.8;17.9
2024-04-06 20:17:35;30.7;58.7;58.2;50.5;74.4;83.6;23.1 °C;22.3;20.3;18.9;17.8;17.9
2024-04-06 20:27:34;30.7;58.7;58.2;50.5;74.3;83.6;22.9 °C;22.3;20.4;18.9;17.8;17.9
2024-04-06 20:37:28;30.8;58.7;58.2;50.5;74.3;83.6;22.8 °C;22.3;20.4;19;17.8;17.9
2024-04-06 20:47:32;30.7;58.7;58.2;50.5;74.3;83.5;22.6 °C;22.3;20.4;19;17.9;17.9
2024-04-06 20:57:28;30.6;58.7;58.2;50.5;74.3;83.5;22.4 °C;22.3;20.4;19.1;17.9;17.9
2024-04-06 21:07:28;30.7;58.7;58.3;50.5;74.3;83.5;22.3 °C;22.2;20.5;19.1;17.9;17.9
2024-04-06 21:17:33;30.7;58.7;58.3;50.5;74.3;83.5;22.1 °C;22.2;20.5;19.1;17.9;17.9
2024-04-06 21:27:29;30.7;58.7;58.3;50.5;74.3;83.5;21.9 °C;22.2;20.6;19.1;17.9;17.9
2024-04-06 21:37:34;30.7;58.7;58.3;50.5;74.3;83.5;21.8 °C;22.1;20.6;19.1;17.9;17.9
2024-04-06 21:47:28;30.6;58.7;58.3;50.5;74.2;83.5;21.6 °C;22.1;20.6;19.1;17.9;17.9
2024-04-06 21:57:28;30.6;58.7;58.3;50.5;74.2;83.5;21.5 °C;22.1;20.6;19.2;17.9;17.9
2024-04-06 22:07:32;30.6;58.7;58.3;50.5;74.2;83.5;21.4 °C;22.1;20.6;19.2;17.9;17.9
2024-04-06 22:17:29;30.7;58.7;58.3;50.5;74.2;83.5;21.3 °C;22;20.6;19.2;17.9;17.9
2024-04-06 22:27:33;30.6;58.7;58.3;50.5;74.2;83.5;21.1 °C;21.9;20.6;19.2;17.9;17.9
2024-04-06 22:37:34;30.7;58.6;58.3;50.6;74.1;83.5;21 °C;21.9;20.7;19.3;17.9;17.9
2024-04-06 22:47:33;30.7;58.6;58.3;50.6;74.2;83.5;20.9 °C;21.9;20.7;19.3;17.9;17.9
2024-04-06 22:57:34;30.7;58.6;58.3;50.6;74.1;83.5;20.8 °C;21.9;20.7;19.3;17.9;17.9
2024-04-06 23:07:32;30.7;58.6;58.3;50.6;74.1;83.5;20.6 °C;21.8;20.7;19.3;17.9;17.9
2024-04-06 23:17:28;30.7;58.6;58.3;50.6;74.1;83.5;20.5 °C;21.8;20.7;19.3;18;17.9
2024-04-06 23:27:29;30.7;58.6;58.3;50.6;74.1;83.5;20.4 °C;21.8;20.7;19.3;18;17.9
2024-04-06 23:37:31;30.6;58.5;58.3;50.6;74.1;83.5;20.3 °C;21.7;20.7;19.4;18;17.9
2024-04-06 23:47:34;30.6;58.6;58.3;50.5;74.0;83.5;20.2 °C;21.6;20.8;19.4;18;17.9
2024-04-06 23:57:28;30.7;58.5;58.3;50.6;74.0;83.5;20.1 °C;21.6;20.8;19.4;18;17.9
2024-04-07 00:07:32;30.7;58.5;58.3;50.6;74.0;83.5;19.9 °C;21.6;20.8;19.4;18;17.9
2024-04-07 00:17:32;30.6;58.5;58.3;50.6;74.0;83.4;19.9 °C;21.5;20.8;19.4;18.1;17.9
2024-04-07 00:27:29;30.6;58.5;58.3;50.6;73.9;83.4;19.8 °C;21.4;20.8;19.4;18.1;17.9
2024-04-07 00:37:34;30.7;58.5;58.3;50.6;73.9;83.4;19.7 °C;21.4;20.8;19.4;18.1;17.9
2024-04-07 00:47:33;30.6;58.5;58.3;50.6;73.9;83.4;19.6 °C;21.4;20.7;19.4;18.1;17.9
2024-04-07 00:57:31;30.7;58.4;58.3;50.6;73.8;83.4;19.5 °C;21.3;20.7;19.4;18.1;17.9
2024-04-07 01:07:30;30.7;58.4;58.3;50.6;73.8;83.4;19.4 °C;21.3;20.7;19.4;18.1;17.9
2024-04-07 01:17:33;30.7;58.4;58.3;50.6;73.8;83.4;19.3 °C;21.2;20.7;19.5;18.1;17.9
2024-04-07 01:27:31;30.7;58.4;58.3;50.6;73.8;83.4;19.3 °C;21.2;20.7;19.5;18.1;17.9
2024-04-07 01:37:31;30.7;58.4;58.3;50.6;73.7;83.4;19.2 °C;21.1;20.7;19.5;18.1;18
2024-04-07 01:47:29;30.7;58.4;58.3;50.6;73.7;83.4;19.1 °C;21.1;20.7;19.5;18.1;18
2024-04-07 01:57:32;30.7;58.4;58.2;50.6;73.7;83.4;19 °C;21;20.7;19.5;18.1;18
2024-04-07 02:07:33;30.7;58.3;58.3;50.6;73.7;83.4;18.9 °C;20.9;20.6;19.5;18.1;18
2024-04-07 02:17:34;30.7;58.3;58.3;50.6;73.6;83.4;18.9 °C;20.9;20.6;19.5;18.1;18
2024-04-07 02:27:29;30.7;58.3;58.2;50.6;73.6;83.4;18.8 °C;20.9;20.6;19.6;18.2;18
2024-04-07 02:37:31;30.7;58.3;58.2;50.6;73.6;83.4;18.7 °C;20.8;20.6;19.6;18.2;18
2024-04-07 02:47:35;30.7;58.3;58.2;50.6;73.5;83.4;18.6 °C;20.8;20.6;19.6;18.2;18
2024-04-07 02:57:35;30.7;58.3;58.2;50.6;73.5;83.4;18.6 °C;20.8;20.6;19.6;18.2;18
2024-04-07 03:07:30;30.7;58.3;58.2;50.6;73.5;83.4;18.5 °C;20.7;20.6;19.6;18.2;18
2024-04-07 03:17:28;30.7;58.2;58.2;50.6;73.5;83.4;18.4 °C;20.6;20.6;19.6;18.2;18
2024-04-07 03:27:28;30.7;58.2;58.2;50.6;73.4;83.4;18.3 °C;20.6;20.5;19.6;18.2;18
2024-04-07 03:37:29;30.7;58.2;58.2;50.6;73.4;83.4;18.3 °C;20.5;20.5;19.6;18.2;18
2024-04-07 03:47:35;30.7;58.2;58.2;50.6;73.4;83.3;18.2 °C;20.5;20.5;19.6;18.3;18.1
2024-04-07 03:57:30;30.8;58.2;58.2;50.6;73.4;83.3;18.1 °C;20.4;20.5;19.6;18.3;18.1
2024-04-07 04:07:27;30.7;58.2;58.1;50.5;73.4;83.4;18 °C;20.4;20.4;19.6;18.3;18.1
2024-04-07 04:17:32;30.8;58.1;58.1;50.6;73.4;83.3;17.9 °C;20.4;20.4;19.6;18.3;18.1
2024-04-07 04:27:29;30.8;58.1;58.1;50.6;73.3;83.3;17.9 °C;20.3;20.4;19.6;18.3;18.1
2024-04-07 04:37:33;30.7;58.1;58.1;50.5;73.3;83.4;17.8 °C;20.3;20.4;19.6;18.3;18.1
2024-04-07 04:47:28;30.8;58.1;58.1;50.5;73.3;83.4;17.8 °C;20.2;20.4;19.6;18.3;18.1
2024-04-07 04:57:29;30.7;58.0;58.0;50.6;73.3;83.3;17.8 °C;20.2;20.4;19.6;18.3;18.1
2024-04-07 05:07:35;30.8;58.0;58.0;50.6;73.2;83.3;17.6 °C;20.1;20.3;19.6;18.3;18.1
2024-04-07 05:17:34;30.8;58.0;58.0;50.5;73.2;83.4;17.6 °C;20.1;20.3;19.6;18.3;18.1
2024-04-07 05:27:30;30.8;58.0;58.0;50.5;73.2;83.3;17.6 °C;20;20.3;19.6;18.3;18.1
2024-04-07 05:37:29;30.8;58.0;58.0;50.5;73.2;83.3;17.5 °C;20;20.3;19.6;18.3;18.1
2024-04-07 05:47:29;30.8;58.0;58.0;50.5;73.1;83.3;17.4 °C;19.9;20.3;19.6;18.3;18.1
2024-04-07 05:57:32;30.8;58.0;58.0;50.5;73.1;83.3;17.4 °C;19.9;20.3;19.6;18.3;18.1
2024-04-07 06:07:31;30.8;57.9;58.0;50.5;73.1;83.3;17.3 °C;19.8;20.2;19.6;18.3;18.1
2024-04-07 06:17:32;30.8;57.9;58.0;50.5;73.1;83.3;17.3 °C;19.8;20.2;19.5;18.3;18.1
2024-04-07 06:27:33;30.8;57.9;58.0;50.5;73.1;83.3;17.2 °C;19.8;20.2;19.5;18.3;18.1
2024-04-07 06:37:30;30.8;57.9;57.9;50.5;73.0;83.3;17.1 °C;19.7;20.1;19.5;18.3;18.1
2024-04-07 06:47:34;30.8;57.9;57.9;50.5;73.0;83.3;17.1 °C;19.7;20.1;19.5;18.3;18.1
2024-04-07 06:57:31;30.8;57.9;57.9;50.5;73.0;83.4;17 °C;19.6;20.1;19.5;18.3;18.1
2024-04-07 07:07:28;30.8;57.9;57.9;50.5;73.0;83.3;16.9 °C;19.6;20.1;19.5;18.3;18.1
2024-04-07 07:17:33;30.8;57.8;57.9;50.5;72.9;83.3;16.9 °C;19.5;20.1;19.5;18.3;18.1
2024-04-07 07:27:31;30.8;57.8;57.9;50.5;72.9;83.3;16.9 °C;19.5;20;19.5;18.3;18.1
2024-04-07 07:37:35;30.9;57.8;57.9;50.5;72.9;83.3;16.9 °C;19.4;20;19.5;18.3;18.1
2024-04-07 07:47:30;30.9;57.8;57.9;50.5;72.9;83.3;17 °C;19.4;20;19.5;18.3;18.1
2024-04-07 07:57:33;30.9;57.8;57.8;50.5;72.9;83.3;17.1 °C;19.4;19.9;19.4;18.3;18.1
2024-04-07 08:07:27;30.9;57.8;57.8;50.5;72.8;83.3;17.3 °C;19.3;19.9;19.4;18.3;18.2
2024-04-07 08:17:28;31.0;57.8;57.9;50.5;72.8;83.3;17.4 °C;19.3;19.9;19.4;18.3;18.2
2024-04-07 08:27:33;30.9;57.8;57.8;50.4;72.8;83.3;17.6 °C;19.3;19.9;19.4;18.3;18.2
2024-04-07 08:37:31;30.9;57.8;57.8;50.4;72.8;83.3;17.8 °C;19.2;19.9;19.4;18.3;18.2
2024-04-07 08:47:31;30.9;57.7;57.8;50.4;72.8;83.3;18.1 °C;19.2;19.8;19.4;18.3;18.2
2024-04-07 08:57:30;30.9;57.8;57.8;50.4;72.8;83.3;18.3 °C;19.1;19.8;19.4;18.3;18.2
2024-04-07 09:07:34;30.9;57.7;57.8;50.4;72.7;83.3;18.5 °C;19.1;19.8;19.4;18.3;18.2
2024-04-07 09:17:29;30.9;57.7;57.7;50.4;72.7;83.3;18.7 °C;19.1;19.8;19.4;18.3;18.2
2024-04-07 09:27:35;30.9;57.7;57.7;50.4;72.7;83.3;18.9 °C;19.1;19.8;19.4;18.3;18.2
2024-04-07 09:37:31;30.9;57.7;57.8;50.4;72.7;83.3;19 °C;19.1;19.7;19.4;18.3;18.2
2024-04-07 09:47:35;30.9;57.7;57.7;50.4;72.7;83.3;19.1 °C;19.1;19.7;19.4;18.3;18.2
2024-04-07 09:57:30;30.8;57.7;57.7;50.4;72.6;83.3;19.3 °C;19.1;19.6;19.4;18.3;18.2
2024-04-07 10:07:33;30.9;57.7;57.7;50.4;72.6;83.3;19.3 °C;19.1;19.6;19.3;18.3;18.2
2024-04-07 10:17:27;30.8;57.6;57.7;50.4;72.6;83.3;19.4 °C;19.1;19.6;19.3;18.3;18.2
2024-04-07 10:27:27;30.8;57.7;57.7;50.4;72.6;83.3;19.4 °C;19.1;19.6;19.3;18.3;18.2
2024-04-07 10:37:31;30.9;57.7;57.7;50.4;72.6;83.3;19.5 °C;19.1;19.6;19.3;18.3;18.2
2024-04-07 10:47:29;30.9;57.7;57.7;50.4;72.6;83.3;19.6 °C;19.1;19.6;19.3;18.3;18.2
2024-04-07 10:57:34;30.9;57.7;57.7;50.4;72.6;83.3;19.7 °C;19.1;19.6;19.3;18.3;18.2
2024-04-07 11:07:29;30.9;57.7;57.7;50.4;72.6;83.3;19.8 °C;19.1;19.5;19.3;18.3;18.2
2024-04-07 11:17:32;30.9;57.7;57.7;50.4;72.6;83.3;19.9 °C;19.1;19.5;19.3;18.3;18.2
2024-04-07 11:27:34;30.9;57.7;57.7;50.4;72.6;83.3;20.1 °C;19.2;19.5;19.3;18.3;18.2
2024-04-07 11:37:34;30.9;57.7;57.7;50.3;72.5;83.3;20.4 °C;19.2;19.5;19.3;18.3;18.2
2024-04-07 11:47:30;30.9;57.7;57.7;50.3;72.5;83.3;20.8 °C;19.3;19.4;19.3;18.3;18.2
2024-04-07 11:57:35;31.0;57.7;57.7;50.3;72.5;83.3;21.2 °C;19.3;19.4;19.2;18.3;18.2
2024-04-07 12:07:34;31.0;57.7;57.8;50.3;72.5;83.3;21.6 °C;19.3;19.4;19.2;18.3;18.2
2024-04-07 12:17:33;31.0;57.7;57.8;50.3;72.6;83.3;22 °C;19.3;19.4;19.2;18.3;18.2
2024-04-07 12:27:27;31.0;57.7;57.8;50.3;72.6;83.3;22.4 °C;19.4;19.4;19.2;18.3;18.2
2024-04-07 12:37:27;31.0;57.7;57.8;50.3;72.6;83.3;22.7 °C;19.4;19.4;19.2;18.3;18.3
2024-04-07 12:47:28;31.1;57.7;57.8;50.4;72.6;83.3;22.9 °C;19.5;19.4;19.2;18.3;18.3
2024-04-07 12:57:30;31.0;57.8;57.8;50.4;72.6;83.3;23.3 °C;19.6;19.4;19.2;18.3;18.3
2024-04-07 13:07:29;31.1;57.8;57.7;50.4;72.6;83.3;23.5 °C;19.6;19.4;19.1;18.3;18.3
2024-04-07 13:17:27;31.1;57.8;57.8;50.4;72.6;83.3;23.8 °C;19.7;19.4;19.1;18.3;18.3
2024-04-07 13:27:32;31.0;57.8;57.7;50.4;72.6;83.3;23.9 °C;19.8;19.4;19.1;18.3;18.3
2024-04-07 13:37:34;31.0;57.8;57.8;50.4;72.6;83.3;24.1 °C;19.8;19.4;19.1;18.3;18.3
2024-04-07 13:47:30;31.1;57.8;57.7;50.4;72.7;83.3;24.4 °C;19.9;19.4;19.1;18.3;18.3
2024-04-07 13:57:30;31.1;57.8;57.8;50.4;72.7;83.3;24.6 °C;20;19.4;19.1;18.3;18.3
2024-04-07 14:07:33;31.1;57.9;57.8;50.4;72.8;83.3;24.8 °C;20.1;19.5;19.1;18.3;18.3
2024-04-07 14:17:31;31.0;57.9;57.8;50.4;72.8;83.3;25 °C;20.2;19.5;19.1;18.3;18.3
2024-04-07 14:27:32;31.1;57.9;57.8;50.5;72.9;83.3;25.3 °C;20.3;19.5;19.1;18.3;18.3
2024-04-07 14:37:34;31.1;57.9;57.8;50.4;73.0;83.3;25.4 °C;20.4;19.5;19.1;18.3;18.3
2024-04-07 14:47:33;31.1;58.0;57.8;50.4;73.1;83.3;25.6 °C;20.5;19.6;19.1;18.3;18.3
2024-04-07 14:57:31;31.1;58.0;57.8;50.5;73.4;83.3;25.9 °C;20.6;19.6;19.1;18.3;18.3
2024-04-07 15:07:27;31.1;58.0;57.8;50.5;73.7;83.3;26 °C;20.7;19.6;19.1;18.3;18.3
2024-04-07 15:17:28;31.1;58.1;57.8;50.5;73.9;83.3;26.2 °C;20.8;19.6;19.1;18.3;18.3
2024-04-07 15:27:29;31.1;58.1;57.8;50.5;74.1;83.3;26.3 °C;20.9;19.6;19.1;18.2;18.3
2024-04-07 15:37:32;31.1;58.2;57.8;50.5;74.2;83.3;26.4 °C;21.1;19.7;19.1;18.2;18.2
2024-04-07 15:47:34;31.1;58.2;57.8;50.5;74.3;83.3;26.6 °C;21.1;19.7;19.1;18.2;18.3
2024-04-07 15:57:29;31.1;58.2;57.8;50.5;74.4;83.3;26.7 °C;21.3;19.8;19.1;18.2;18.3
2024-04-07 16:07:27;31.1;58.3;57.8;50.5;74.5;83.3;26.8 °C;21.4;19.8;19.1;18.2;18.2
2024-04-07 16:17:27;31.1;58.3;57.9;50.5;74.5;83.3;26.8 °C;21.5;19.8;19.1;18.2;18.3
2024-04-07 16:27:28;31.1;58.3;57.9;50.5;74.6;83.3;26.9 °C;21.6;19.9;19.1;18.2;18.2
2024-04-07 16:37:34;31.1;58.4;57.9;50.5;74.6;83.3;26.9 °C;21.7;19.9;19.1;18.2;18.3
2024-04-07 16:47:30;31.1;58.4;57.9;50.6;74.6;83.4;26.9 °C;21.8;19.9;19.1;18.2;18.2
2024-04-07 16:57:29;31.0;58.4;57.9;50.6;74.7;83.4;27 °C;21.9;20;19.1;18.2;18.2
2024-04-07 17:07:28;31.0;58.5;57.9;50.6;74.7;83.4;27 °C;22;20;19.1;18.2;18.2
2024-04-07 17:17:30;31.1;58.5;57.9;50.6;74.7;83.4;27 °C;22.1;20.1;19.1;18.2;18.2
2024-04-07 17:27:29;31.1;58.5;57.9;50.6;74.7;83.4;27 °C;22.2;20.1;19.1;18.2;18.2
2024-04-07 17:37:29;31.0;58.6;58.0;50.6;74.7;83.4;26.9 °C;22.3;20.2;19.1;18.2;18.2
2024-04-07 17:47:28;31.0;58.6;58.0;50.6;74.7;83.4;26.9 °C;22.4;20.2;19.2;18.2;18.2
2024-04-07 17:57:34;31.0;58.6;58.0;50.6;74.7;83.4;26.8 °C;22.4;20.3;19.2;18.2;18.2
2024-04-07 18:07:29;30.9;58.7;58.0;50.6;74.7;83.5;26.6 °C;22.5;20.3;19.2;18.2;18.2
2024-04-07 18:17:29;30.9;58.7;58.0;50.6;74.7;83.5;26.5 °C;22.6;20.4;19.2;18.2;18.2
2024-04-07 18:27:28;30.9;58.7;58.0;50.6;74.7;83.5;26.4 °C;22.6;20.4;19.3;18.2;18.2
2024-04-07 18:37:28;30.9;58.7;58.1;50.6;74.7;83.5;26.3 °C;22.7;20.4;19.3;18.2;18.2
2024-04-07 18:47:27;30.8;58.8;58.1;50.6;74.7;83.5;26.1 °C;22.8;20.5;19.3;18.2;18.2
2024-04-07 18:57:32;30.8;58.8;58.1;50.6;74.7;83.5;25.9 °C;22.8;20.6;19.3;18.2;18.2
2024-04-07 19:07:32;30.8;58.8;58.1;50.7;74.7;83.5;25.6 °C;22.8;20.6;19.3;18.2;18.2
2024-04-07 19:17:27;30.8;58.8;58.2;50.7;74.7;83.5;25.4 °C;22.9;20.6;19.3;18.2;18.2
2024-04-07 19:27:30;30.7;58.8;58.2;50.7;74.7;83.5;25.2 °C;22.9;20.7;19.3;18.2;18.2
2024-04-07 19:37:27;30.7;58.8;58.2;50.7;74.7;83.5;24.9 °C;22.9;20.8;19.4;18.3;18.2
2024-04-07 19:47:28;30.7;58.8;58.2;50.7;74.7;83.5;24.7 °C;22.9;20.8;19.4;18.3;18.3
2024-04-07 19:57:32;30.7;58.9;58.2;50.7;74.7;83.5;24.5 °C;22.9;20.8;19.4;18.3;18.2
2024-04-07 20:07:31;30.6;58.9;58.2;50.7;74.7;83.5;24.3 °C;23;20.9;19.4;18.3;18.2
2024-04-07 20:17:32;30.6;58.9;58.3;50.7;74.7;83.5;24.1 °C;23;20.9;19.4;18.3;18.3
2024-04-07 20:27:32;30.6;58.9;58.3;50.7;74.7;83.5;23.9 °C;23;20.9;19.4;18.3;18.3
2024-04-07 20:37:31;30.6;58.9;58.3;50.7;74.7;83.5;23.7 °C;23;21;19.5;18.3;18.3
2024-04-07 20:47:27;30.6;58.9;58.3;50.7;74.7;83.5;23.5 °C;22.9;21;19.5;18.3;18.3
2024-04-07 20:57:29;30.5;58.9;58.3;50.7;74.7;83.5;23.4 °C;22.9;21.1;19.6;18.3;18.3
2024-04-07 21:07:31;30.5;58.9;58.3;50.7;74.6;83.5;23.2 °C;22.9;21.1;19.6;18.3;18.3
2024-04-07 21:17:29;30.5;58.9;58.3;50.7;74.6;83.5;23.1 °C;22.9;21.1;19.6;18.3;18.3
2024-04-07 21:27:27;30.5;58.9;58.3;50.8;74.6;83.5;22.9 °C;22.9;21.1;19.6;18.3;18.3
2024-04-07 21:37:32;30.5;58.9;58.3;50.8;74.6;83.5;22.7 °C;22.9;21.2;19.6;18.3;18.3
2024-04-07 21:47:30;30.5;58.8;58.4;50.8;74.6;83.5;22.6 °C;22.9;21.2;19.6;18.3;18.3
2024-04-07 21:57:30;30.4;58.8;58.4;50.8;74.5;83.5;22.4 °C;22.8;21.3;19.7;18.3;18.3
2024-04-07 22:07:31;30.4;58.9;58.4;50.8;74.5;83.5;22.3 °C;22.8;21.3;19.7;18.3;18.3
2024-04-07 22:17:28;30.4;58.8;58.4;50.8;74.5;83.5;22.1 °C;22.8;21.3;19.7;18.4;18.3
2024-04-07 22:27:29;30.4;58.8;58.4;50.8;74.5;83.5;22 °C;22.7;21.3;19.8;18.4;18.3
2024-04-07 22:37:33;30.4;58.8;58.4;50.8;74.4;83.5;21.9 °C;22.7;21.3;19.8;18.4;18.3
2024-04-07 22:47:31;30.4;58.8;58.4;50.8;74.4;83.5;21.8 °C;22.6;21.3;19.8;18.4;18.3
2024-04-07 22:57:32;30.3;58.8;58.4;50.8;74.4;83.5;21.6 °C;22.6;21.3;19.8;18.4;18.3
2024-04-07 23:07:26;30.4;58.8;58.4;50.8;74.4;83.4;21.4 °C;22.6;21.3;19.8;18.4;18.3
2024-04-07 23:17:26;30.3;58.7;58.4;50.8;74.4;83.5;21.3 °C;22.5;21.4;19.8;18.4;18.3
2024-04-07 23:27:26;30.3;58.7;58.4;50.8;74.3;83.4;21.3 °C;22.5;21.4;19.9;18.4;18.3
2024-04-07 23:37:26;30.3;58.7;58.4;50.8;74.3;83.4;21.1 °C;22.4;21.4;19.9;18.4;18.3
2024-04-07 23:47:31;30.3;58.7;58.4;50.8;74.3;83.4;21 °C;22.4;21.4;19.9;18.4;18.3
2024-04-07 23:57:31;30.3;58.7;58.4;50.8;74.3;83.5;20.9 °C;22.4;21.4;19.9;18.4;18.3
2024-04-08 00:07:33;30.4;58.7;58.4;50.8;74.3;83.5;20.8 °C;22.3;21.4;19.9;18.4;18.3
2024-04-08 00:17:27;30.3;58.7;58.4;50.8;74.3;83.5;20.7 °C;22.3;21.4;19.9;18.4;18.3
2024-04-08 00:27:28;30.3;58.7;58.4;50.8;74.3;83.5;20.6 °C;22.2;21.4;19.9;18.5;18.3
2024-04-08 00:37:30;30.4;58.6;58.4;50.8;74.2;83.5;20.5 °C;22.1;21.4;19.9;18.5;18.3
2024-04-08 00:47:26;30.3;58.6;58.4;50.8;74.2;83.5;20.4 °C;22.1;21.4;20;18.5;18.3
2024-04-08 00:57:30;30.3;58.6;58.4;50.8;74.2;83.5;20.3 °C;22.1;21.4;20;18.5;18.3
2024-04-08 01:07:32;30.3;58.6;58.4;50.8;74.2;83.4;20.2 °C;22;21.4;20;18.5;18.3
2024-04-08 01:17:29;30.4;58.6;58.4;50.8;74.1;83.5;20.1 °C;21.9;21.3;20;18.5;18.3
2024-04-08 01:27:29;30.4;58.6;58.4;50.8;74.1;83.5;20 °C;21.9;21.3;20;18.6;18.3
2024-04-08 01:37:31;30.4;58.5;58.4;50.8;74.1;83.5;19.9 °C;21.9;21.3;20.1;18.6;18.3
2024-04-08 01:47:28;30.4;58.5;58.4;50.8;74.1;83.5;19.9 °C;21.8;21.3;20.1;18.6;18.3
2024-04-08 01:57:26;30.3;58.5;58.4;50.8;74.0;83.4;19.8 °C;21.8;21.3;20.1;18.6;18.4
2024-04-08 02:07:31;30.4;58.5;58.4;50.8;74.0;83.4;19.6 °C;21.7;21.3;20.1;18.6;18.4
2024-04-08 02:17:27;30.4;58.5;58.3;50.8;74.0;83.4;19.6 °C;21.7;21.3;20.1;18.6;18.4
2024-04-08 02:27:32;30.4;58.5;58.3;50.8;74.0;83.4;19.4 °C;21.6;21.3;20.1;18.6;18.4
2024-04-08 02:37:26;30.4;58.4;58.3;50.8;73.9;83.4;19.4 °C;21.6;21.3;20.1;18.6;18.4
2024-04-08 02:47:26;30.4;58.4;58.3;50.8;73.9;83.4;19.3 °C;21.5;21.3;20.1;18.6;18.4
2024-04-08 02:57:31;30.4;58.4;58.3;50.8;73.8;83.4;19.2 °C;21.4;21.3;20.1;18.6;18.4
2024-04-08 03:07:29;30.4;58.4;58.3;50.8;73.8;83.4;19.1 °C;21.4;21.2;20.1;18.6;18.4
2024-04-08 03:17:29;30.4;58.4;58.3;50.8;73.8;83.4;19 °C;21.4;21.2;20.1;18.6;18.4
2024-04-08 03:27:28;30.4;58.3;58.3;50.8;73.8;83.4;18.9 °C;21.3;21.2;20.1;18.7;18.4
2024-04-08 03:37:30;30.4;58.3;58.2;50.8;73.7;83.4;18.9 °C;21.3;21.2;20.1;18.7;18.4
2024-04-08 03:47:30;30.4;58.3;58.2;50.8;73.7;83.4;18.8 °C;21.2;21.1;20.1;18.7;18.4
2024-04-08 03:57:30;30.4;58.3;58.2;50.8;73.7;83.4;18.8 °C;21.2;21.1;20.1;18.7;18.4
2024-04-08 04:07:30;30.4;58.3;58.2;50.8;73.7;83.5;18.6 °C;21.1;21.1;20.1;18.7;18.4
2024-04-08 04:17:27;30.4;58.3;58.2;50.8;73.7;83.5;18.6 °C;21.1;21.1;20.1;18.7;18.4
2024-04-08 04:27:29;30.5;58.2;58.2;50.8;73.6;83.5;18.5 °C;21;21.1;20.1;18.7;18.4
2024-04-08 04:37:32;30.5;58.2;58.2;50.8;73.6;83.4;18.4 °C;20.9;21.1;20.1;18.7;18.4
2024-04-08 04:47:30;30.5;58.2;58.2;50.8;73.6;83.5;18.4 °C;20.9;21.1;20.1;18.7;18.4
2024-04-08 04:57:30;30.5;58.2;58.2;50.8;73.5;83.5;18.3 °C;20.9;21;20.1;18.8;18.4
2024-04-08 05:07:30;30.4;58.2;58.2;50.8;73.5;83.4;18.2 °C;20.8;21;20.1;18.8;18.4
2024-04-08 05:17:27;30.5;58.2;58.2;50.8;73.5;83.4;18.1 °C;20.8;21;20.1;18.8;18.4
2024-04-08 05:27:29;30.5;58.1;58.1;50.8;73.5;83.5;18 °C;20.7;20.9;20.1;18.8;18.4
2024-04-08 05:37:32;30.5;58.1;58.1;50.8;73.4;83.5;17.9 °C;20.7;20.9;20.1;18.8;18.5
2024-04-08 05:47:30;30.5;58.1;58.1;50.8;73.4;83.5;17.9 °C;20.6;20.9;20.1;18.8;18.5
2024-04-08 05:57:31;30.5;58.1;58.1;50.8;73.4;83.5;17.8 °C;20.6;20.9;20.1;18.8;18.5
2024-04-08 06:07:32;30.5;58.1;58.1;50.8;73.4;83.5;17.8 °C;20.5;20.9;20.1;18.8;18.5
2024-04-08 06:17:31;30.5;58.1;58.1;50.8;73.3;83.5;17.7 °C;20.4;20.8;20.1;18.8;18.5
2024-04-08 06:27:28;30.5;58.0;58.1;50.8;73.3;83.5;17.6 °C;20.4;20.8;20.1;18.8;18.5
2024-04-08 06:37:29;30.6;58.0;58.1;50.8;73.3;83.5;17.6 °C;20.4;20.8;20.1;18.8;18.5
2024-04-08 06:47:26;30.5;58.0;58.1;50.8;73.3;83.5;17.5 °C;20.3;20.8;20.1;18.8;18.5
2024-04-08 06:57:27;30.5;58.0;58.0;50.7;73.3;83.5;17.4 °C;20.3;20.8;20.1;18.8;18.5
2024-04-08 07:07:32;30.6;58.0;58.1;50.8;73.3;83.5;17.4 °C;20.3;20.7;20.1;18.8;18.5
2024-04-08 07:17:31;30.6;58.0;58.0;50.8;73.2;83.5;17.4 °C;20.2;20.7;20.1;18.8;18.5
2024-04-08 07:27:32;30.6;57.9;58;50.7;73.2;83.5;17.4 °C;20.1;20.6;20.1;18.8;18.5
2024-04-08 07:37:26;30.6;57.9;58;50.7;73.2;83.5;17.4 °C;20.1;20.6;20.1;18.8;18.6
2024-04-08 07:47:26;30.6;57.9;58.0;50.7;73.2;83.5;17.4 °C;20;20.6;20;18.8;18.6
2024-04-08 07:57:27;30.6;57.9;57.9;50.7;73.1;83.5;17.5 °C;20;20.6;20;18.8;18.6
2024-04-08 08:07:29;30.6;57.9;58.0;50.7;73.1;83.4;17.6 °C;19.9;20.6;20;18.8;18.6
2024-04-08 08:17:27;30.6;57.9;58.0;50.7;73.1;83.4;17.8 °C;19.9;20.5;20;18.8;18.6
2024-04-08 08:27:26;30.6;57.8;58.0;50.7;73.1;83.4;17.9 °C;19.9;20.5;20;18.8;18.6
2024-04-08 08:37:31;30.6;57.9;57.9;50.7;73.1;83.4;18.1 °C;19.8;20.5;20;18.8;18.6
2024-04-08 08:47:32;30.6;57.8;57.9;50.7;73.0;83.4;18.4 °C;19.8;20.4;20;18.8;18.6
2024-04-08 08:57:25;30.6;57.8;57.9;50.7;73.0;83.4;18.6 °C;19.8;20.4;19.9;18.8;18.6
2024-04-08 09:07:30;30.6;57.8;57.9;50.7;73.0;83.5;18.8 °C;19.7;20.4;19.9;18.8;18.6
2024-04-08 09:17:25;30.6;57.8;57.9;50.7;73.0;83.4;19 °C;19.7;20.4;19.9;18.8;18.6
2024-04-08 09:27:26;30.6;57.8;57.9;50.7;73.0;83.4;19.1 °C;19.7;20.3;19.9;18.8;18.6
2024-04-08 09:37:31;30.6;57.8;57.9;50.7;72.9;83.5;19.3 °C;19.6;20.3;19.9;18.8;18.6
2024-04-08 09:47:28;30.6;57.8;57.8;50.7;72.9;83.4;19.4 °C;19.6;20.3;19.9;18.8;18.6
2024-04-08 09:57:28;30.6;57.8;57.9;50.7;72.9;83.4;19.5 °C;19.6;20.3;19.9;18.8;18.6
2024-04-08 10:07:25;30.7;57.8;57.9;50.7;72.9;83.5;19.7 °C;19.6;20.3;19.9;18.8;18.6
2024-04-08 10:17:26;30.6;57.8;57.8;50.7;72.9;83.5;19.8 °C;19.6;20.2;19.9;18.8;18.6
2024-04-08 10:27:30;30.7;57.8;57.8;50.7;72.9;83.4;19.9 °C;19.6;20.2;19.9;18.8;18.6
2024-04-08 10:37:32;30.7;57.8;57.8;50.7;72.9;83.4;19.9 °C;19.6;20.2;19.9;18.8;18.6
2024-04-08 10:47:26;30.8;57.8;57.8;50.7;72.8;83.5;20.1 °C;19.6;20.1;19.8;18.8;18.6
2024-04-08 10:57:32;30.8;57.8;57.8;50.7;72.9;83.5;20.2 °C;19.6;20.1;19.8;18.8;18.6
2024-04-08 11:07:30;30.9;57.8;57.8;50.7;72.8;83.5;20.3 °C;19.7;20.1;19.8;18.8;18.6
2024-04-08 11:17:27;30.9;57.8;57.8;50.7;72.8;83.5;20.4 °C;19.7;20.1;19.8;18.8;18.6
2024-04-08 11:27:25;30.9;57.8;57.8;50.7;72.8;83.5;20.6 °C;19.7;20.1;19.8;18.8;18.6
2024-04-08 11:37:25;30.9;57.8;57.8;50.7;72.8;83.5;20.9 °C;19.8;20.1;19.8;18.8;18.6
2024-04-08 11:47:26;31.0;57.8;57.8;50.6;72.8;83.5;21.2 °C;19.8;20.1;19.8;18.8;18.6
2024-04-08 11:57:30;31.0;57.8;57.8;50.6;72.8;83.5;21.5 °C;19.8;20;19.8;18.8;18.6
2024-04-08 12:07:32;31.1;57.8;57.8;50.6;72.8;83.5;21.9 °C;19.8;20;19.8;18.8;18.6
2024-04-08 12:17:26;31.1;57.8;57.8;50.6;72.8;83.5;22.3 °C;19.9;20;19.8;18.8;18.6
2024-04-08 12:27:31;31.2;57.8;57.8;50.6;72.8;83.5;22.6 °C;19.9;20;19.8;18.8;18.6
2024-04-08 12:37:30;31.2;57.8;57.9;50.6;72.8;83.5;22.9 °C;19.9;20;19.7;18.8;18.6
2024-04-08 12:47:27;31.3;57.8;57.9;50.6;72.9;83.5;23.1 °C;20;20;19.7;18.8;18.6
2024-04-08 12:57:33;31.3;57.9;57.8;50.6;72.9;83.5;23.4 °C;20.1;20;19.7;18.8;18.6
2024-04-08 13:07:32;31.4;57.8;57.9;50.6;72.9;83.5;23.6 °C;20.1;20;19.7;18.8;18.6
2024-04-08 13:17:33;31.6;57.9;57.8;50.6;72.9;83.5;23.9 °C;20.2;20;19.7;18.8;18.6
2024-04-08 13:27:28;31.7;57.9;57.8;50.6;73.0;83.5;24.1 °C;20.3;20;19.7;18.8;18.6
2024-04-08 13:37:32;31.7;57.9;57.9;50.6;73.0;83.5;24.3 °C;20.3;20;19.6;18.8;18.6
2024-04-08 13:47:30;31.8;57.9;57.9;50.7;73.1;83.5;24.5 °C;20.4;20;19.6;18.8;18.6
2024-04-08 13:57:27;31.8;58.0;57.9;50.7;73.1;83.5;24.8 °C;20.5;20;19.6;18.7;18.6
2024-04-08 14:07:25;31.9;58.0;57.9;50.6;73.2;83.5;24.9 °C;20.6;20;19.6;18.7;18.6
2024-04-08 14:17:27;31.9;58.1;57.9;50.7;73.2;83.5;25.1 °C;20.7;20.1;19.6;18.7;18.6
2024-04-08 14:27:28;31.9;58.2;57.9;50.8;73.4;83.5;25.3 °C;20.8;20.1;19.6;18.7;18.6
2024-04-08 14:37:28;31.9;58.2;57.9;50.8;73.5;83.5;25.5 °C;20.9;20.1;19.6;18.7;18.6
2024-04-08 14:47:26;31.9;58.3;57.9;50.8;73.7;83.5;25.6 °C;20.9;20.1;19.6;18.7;18.6
2024-04-08 14:57:31;32.0;58.4;57.9;50.8;73.9;83.5;25.8 °C;21.1;20.1;19.6;18.7;18.6
2024-04-08 15:07:26;32.0;58.4;57.9;50.8;74.1;83.5;25.9 °C;21.1;20.1;19.6;18.7;18.6
2024-04-08 15:17:32;32.0;58.5;57.9;50.9;74.2;83.6;26.1 °C;21.3;20.1;19.6;18.7;18.6
2024-04-08 15:27:28;32.1;58.5;57.9;50.9;74.2;83.8;26.3 °C;21.3;20.2;19.6;18.7;18.6
2024-04-08 15:37:32;32.1;58.6;58.0;51.0;74.2;84.0;26.4 °C;21.4;20.2;19.6;18.7;18.6
2024-04-08 15:47:28;32.2;58.6;58.0;51.0;74.3;84.1;26.5 °C;21.6;20.3;19.6;18.7;18.6
2024-04-08 15:57:33;32.3;58.7;58.0;51.1;74.3;84.1;26.6 °C;21.6;20.3;19.6;18.7;18.6
2024-04-08 16:07:28;32.4;58.7;58.0;51.1;74.3;84.1;26.6 °C;21.8;20.3;19.6;18.7;18.6
2024-04-08 16:17:31;32.3;58.8;58.0;51.1;74.4;84.1;26.7 °C;21.9;20.3;19.6;18.7;18.6
2024-04-08 16:27:25;32.4;58.8;58.0;51.2;74.4;84.1;26.7 °C;21.9;20.4;19.6;18.7;18.6
2024-04-08 16:37:26;32.4;58.9;58.0;51.2;74.4;84.1;26.7 °C;22.1;20.4;19.6;18.7;18.6
2024-04-08 16:47:30;32.4;58.8;58.0;51.2;74.4;84.1;26.8 °C;22.1;20.4;19.6;18.7;18.6
2024-04-08 16:57:27;32.5;58.9;58.1;51.2;74.5;84.1;26.8 °C;22.3;20.5;19.6;18.7;18.6
2024-04-08 17:07:26;32.5;58.9;58.1;51.2;74.5;84.1;26.8 °C;22.3;20.5;19.6;18.6;18.6
2024-04-08 17:17:32;32.6;59.0;58.1;51.3;74.5;84.1;26.8 °C;22.4;20.6;19.6;18.6;18.6
2024-04-08 17:27:32;32.6;58.9;58.1;51.3;74.5;84.1;26.8 °C;22.4;20.6;19.6;18.7;18.6
2024-04-08 17:37:28;32.7;59.0;58.1;51.3;74.5;84.1;26.7 °C;22.6;20.6;19.6;18.6;18.6
2024-04-08 17:47:28;32.7;59.2;58.2;51.3;74.6;84.1;26.6 °C;22.6;20.7;19.7;18.6;18.6
2024-04-08 17:57:32;32.7;59.3;58.1;51.3;74.6;84.1;26.4 °C;22.7;20.8;19.7;18.6;18.6
2024-04-08 18:07:32;32.7;59.3;58.2;51.3;74.6;84.1;26.3 °C;22.8;20.8;19.7;18.7;18.6
2024-04-08 18:17:28;32.7;59.3;58.2;51.3;74.6;84.1;26.1 °C;22.8;20.8;19.7;18.6;18.6
2024-04-08 18:27:27;32.7;59.3;58.2;51.3;74.6;84.1;25.9 °C;22.9;20.9;19.7;18.7;18.6
2024-04-08 18:37:29;32.7;59.4;58.2;51.3;74.7;84.2;25.8 °C;22.9;20.9;19.8;18.6;18.6
2024-04-08 18:47:25;32.7;59.4;58.2;51.3;74.7;84.1;25.6 °C;22.9;20.9;19.8;18.7;18.6
2024-04-08 19:07:29;32.6;59.4;58.3;51.3;74.7;84.1;25.1 °C;23;21;19.8;18.7;18.6
2024-04-08 19:17:25;32.6;59.4;58.3;51.3;74.7;84.2;24.9 °C;23.1;21.1;19.8;18.7;18.6
2024-04-08 19:27:30;32.6;59.4;58.3;51.3;74.7;84.1;24.8 °C;23.1;21.1;19.8;18.7;18.6
2024-04-08 19:37:28;32.6;59.4;58.3;51.3;74.8;84.1;24.5 °C;23.1;21.1;19.8;18.7;18.6
2024-04-08 19:47:31;32.5;59.5;58.3;51.3;74.7;84.1;24.3 °C;23.1;21.2;19.8;18.7;18.6
2024-04-08 19:57:25;32.6;59.4;58.3;51.3;74.8;84.1;24.1 °C;23.1;21.2;19.9;18.7;18.6
2024-04-08 20:07:26;32.5;59.4;58.4;51.3;74.8;84.1;23.9 °C;23.1;21.3;19.9;18.7;18.6
2024-04-08 20:17:32;32.5;59.4;58.4;51.3;74.8;84.1;23.6 °C;23.1;21.3;19.9;18.7;18.6
2024-04-08 20:27:31;32.5;59.5;58.4;51.2;74.8;84.1;23.4 °C;23.1;21.3;19.9;18.7;18.6
2024-04-08 20:37:25;32.4;59.5;58.4;51.2;74.8;84.1;23.3 °C;23.1;21.4;19.9;18.7;18.6
2024-04-08 20:47:29;32.5;59.5;58.4;51.2;74.8;84.1;23.1 °C;23.1;21.4;19.9;18.7;18.6
2024-04-08 20:57:26;32.5;59.5;58.4;51.2;74.8;84.1;22.9 °C;23.1;21.4;20;18.7;18.6
2024-04-08 21:07:27;32.5;59.5;58.4;51.2;74.8;84.1;22.8 °C;23;21.4;20;18.8;18.6
2024-04-08 21:17:27;32.5;59.5;58.4;51.2;74.8;84.1;22.6 °C;23;21.4;20;18.8;18.6
2024-04-08 21:27:30;32.5;59.5;58.4;51.2;74.8;84.1;22.4 °C;22.9;21.4;20;18.8;18.6
2024-04-08 21:37:32;32.5;59.5;58.4;51.2;74.8;84.1;22.3 °C;22.9;21.5;20.1;18.8;18.6
2024-04-08 21:47:28;32.5;59.5;58.4;51.2;74.7;84.1;22.1 °C;22.9;21.5;20.1;18.8;18.6
2024-04-08 21:57:27;32.5;59.4;58.4;51.2;74.7;84.0;22 °C;22.9;21.5;20.1;18.8;18.6
2024-04-08 22:07:28;32.6;59.5;58.4;51.2;74.7;84.0;21.8 °C;22.8;21.6;20.1;18.8;18.6
2024-04-08 22:17:25;32.5;59.4;58.5;51.2;74.7;84.0;21.7 °C;22.8;21.6;20.1;18.8;18.6
2024-04-08 22:27:29;32.5;59.4;58.5;51.2;74.7;84.0;21.6 °C;22.8;21.6;20.1;18.8;18.6
2024-04-08 22:37:31;32.5;59.5;58.5;51.2;74.7;84.0;21.4 °C;22.7;21.6;20.2;18.8;18.6
2024-04-08 22:47:29;32.6;59.6;58.5;51.2;74.7;84.0;21.3 °C;22.6;21.6;20.2;18.8;18.6
2024-04-08 22:57:31;32.5;59.7;58.5;51.2;74.6;84.0;21.3 °C;22.6;21.6;20.2;18.8;18.6
2024-04-08 23:07:30;32.5;59.9;58.5;51.2;74.6;84.0;21.1 °C;22.6;21.6;20.2;18.8;18.6
2024-04-08 23:17:27;32.5;60.0;58.5;51.2;74.6;84.0;21 °C;22.5;21.6;20.2;18.8;18.7
2024-04-08 23:27:31;32.5;60.1;58.5;51.2;74.6;83.9;20.9 °C;22.5;21.6;20.3;18.8;18.7
2024-04-08 23:37:30;32.5;60.2;58.5;51.2;74.6;83.9;20.8 °C;22.4;21.6;20.3;18.9;18.7
2024-04-08 23:47:27;32.5;60.3;58.5;51.2;74.5;83.9;20.7 °C;22.4;21.6;20.3;18.9;18.7
2024-04-08 23:57:27;32.5;60.3;58.4;51.2;74.5;83.9;20.6 °C;22.3;21.6;20.3;18.9;18.7
2024-04-09 00:07:28;32.5;60.3;58.5;51.1;74.5;83.9;20.4 °C;22.3;21.6;20.3;18.9;18.7
2024-04-09 00:17:25;32.5;60.4;58.4;51.1;74.5;83.9;20.4 °C;22.3;21.6;20.3;18.9;18.7
2024-04-09 00:27:29;32.5;60.3;58.4;51.1;74.4;83.9;20.3 °C;22.2;21.6;20.3;18.9;18.7
2024-04-09 00:37:31;32.5;60.3;58.5;51.1;74.4;83.9;20.2 °C;22.1;21.6;20.3;18.9;18.7
2024-04-09 00:47:29;32.6;60.3;58.5;51.1;74.4;83.9;20.1 °C;22.1;21.6;20.3;18.9;18.7
2024-04-09 00:57:31;32.5;60.4;58.4;51.1;74.4;83.9;19.9 °C;22.1;21.6;20.3;18.9;18.7
2024-04-09 01:07:30;32.6;60.3;58.4;51.1;74.3;83.9;19.9 °C;22;21.6;20.4;18.9;18.7
2024-04-09 01:17:28;32.6;60.4;58.4;51.1;74.3;83.8;19.8 °C;21.9;21.6;20.4;18.9;18.7
2024-04-09 01:27:32;32.6;60.3;58.4;51.1;74.3;83.8;19.7 °C;21.9;21.6;20.4;18.9;18.7
2024-04-09 01:37:32;32.6;60.4;58.4;51.1;74.3;83.8;19.6 °C;21.8;21.5;20.4;18.9;18.8
2024-04-09 01:47:31;32.7;60.3;58.4;51.1;74.3;83.8;19.5 °C;21.8;21.5;20.4;18.9;18.7
2024-04-09 01:57:26;32.7;60.3;58.4;51.1;74.3;83.8;19.4 °C;21.8;21.5;20.4;18.9;18.8
2024-04-09 02:07:28;32.7;60.3;58.4;51.1;74.2;83.8;19.3 °C;21.7;21.5;20.4;19;18.8
2024-04-09 02:17:25;32.7;60.3;58.4;51.1;74.2;83.8;19.3 °C;21.6;21.5;20.4;19;18.8
2024-04-09 02:27:25;32.7;60.3;58.4;51.1;74.2;83.7;19.2 °C;21.6;21.4;20.4;19;18.8
2024-04-09 02:37:31;32.7;60.3;58.4;51.1;74.2;83.7;19.1 °C;21.5;21.4;20.4;19;18.8
2024-04-09 02:47:29;32.7;60.2;58.4;51.1;74.2;83.7;19 °C;21.5;21.4;20.4;19;18.8
2024-04-09 02:57:31;32.7;60.3;58.4;51.1;74.1;83.7;18.9 °C;21.4;21.4;20.4;19;18.8
2024-04-09 03:07:26;32.7;60.2;58.3;51.1;74.1;83.7;18.9 °C;21.4;21.4;20.4;19;18.8
2024-04-09 03:17:28;32.8;60.2;58.3;51.1;74.1;83.7;18.8 °C;21.3;21.4;20.4;19;18.8
2024-04-09 03:27:31;32.7;60.2;58.3;51.1;74.1;83.7;18.8 °C;21.3;21.4;20.4;19;18.8
2024-04-09 03:37:30;32.8;60.2;58.3;51.1;74.0;83.7;18.6 °C;21.3;21.3;20.4;19.1;18.8
2024-04-09 03:47:24;32.8;60.2;58.3;51.1;74.0;83.7;18.6 °C;21.2;21.3;20.4;19.1;18.8
2024-04-09 03:57:29;32.7;60.2;58.2;51.0;73.9;83.7;18.6 °C;21.1;21.3;20.4;19.1;18.8
2024-04-09 04:07:25;32.8;60.3;58.2;51.1;73.9;83.7;18.5 °C;21.1;21.3;20.4;19.1;18.8
2024-04-09 04:17:26;32.8;60.2;58.2;51.0;73.9;83.7;18.4 °C;21;21.3;20.4;19.1;18.8
2024-04-09 04:27:24;32.8;60.3;58.2;51.1;73.9;83.7;18.4 °C;21;21.3;20.4;19.1;18.8
2024-04-09 04:37:24;32.8;60.2;58.2;51.0;73.8;83.7;18.3 °C;20.9;21.2;20.4;19.1;18.8
2024-04-09 04:47:28;32.8;60.3;58.2;51.0;73.8;83.7;18.2 °C;20.9;21.2;20.4;19.1;18.8
2024-04-09 04:57:29;32.8;60.3;58.2;51.0;73.8;83.7;18.1 °C;20.8;21.1;20.4;19.1;18.8
2024-04-09 05:07:29;32.8;60.2;58.2;51.0;73.8;83.7;18.1 °C;20.8;21.1;20.4;19.1;18.8
2024-04-09 05:17:30;32.8;60.2;58.2;51.0;73.7;83.7;18 °C;20.8;21.1;20.4;19.1;18.8
2024-04-09 05:27:29;32.8;60.2;58.2;51.0;73.7;83.7;17.9 °C;20.7;21.1;20.4;19.1;18.8
2024-04-09 05:37:25;32.8;60.2;58.2;51.0;73.7;83.7;17.9 °C;20.6;21.1;20.4;19.1;18.8
2024-04-09 05:47:27;32.8;60.2;58.1;51.0;73.6;83.7;17.8 °C;20.6;21.1;20.4;19.1;18.8
2024-04-09 05:57:29;32.9;60.1;58.1;51.0;73.6;83.7;17.8 °C;20.6;21;20.4;19.1;18.9
2024-04-09 06:07:27;32.8;60.1;58.1;51.0;73.6;83.7;17.7 °C;20.5;21;20.4;19.1;18.8
2024-04-09 06:17:25;32.8;60.2;58.1;51.0;73.6;83.7;17.6 °C;20.4;20.9;20.4;19.1;18.9
2024-04-09 06:27:31;32.7;60.3;58.1;51.0;73.6;83.7;17.6 °C;20.4;20.9;20.4;19.1;18.9
2024-04-09 06:37:29;32.6;60.2;58.0;50.9;73.5;83.7;17.6 °C;20.4;20.9;20.3;19.1;18.9
2024-04-09 06:47:30;32.6;60.2;58.1;51.0;73.5;83.7;17.5 °C;20.3;20.9;20.3;19.1;18.9
2024-04-09 06:57:24;32.7;60.2;58.1;50.9;73.5;83.7;17.4 °C;20.3;20.9;20.3;19.1;18.9
2024-04-09 07:07:26;32.7;60.2;58.0;50.9;73.5;83.7;17.4 °C;20.3;20.8;20.3;19.1;18.9
2024-04-09 07:17:27;32.6;60.2;58.0;50.9;73.5;83.7;17.4 °C;20.2;20.8;20.3;19.1;18.9
2024-04-09 07:27:31;32.6;60.1;58.0;50.9;73.5;83.7;17.4 °C;20.1;20.8;20.3;19.1;18.9
2024-04-09 07:37:25;32.7;60.1;58.0;50.9;73.4;83.7;17.4 °C;20.1;20.8;20.3;19.1;18.9
2024-04-09 07:47:30;32.7;59.9;58.0;50.9;73.4;83.7;17.4 °C;20.1;20.8;20.3;19.1;18.9
2024-04-09 07:57:24;32.7;59.8;58.0;50.9;73.4;83.7;17.5 °C;20;20.7;20.3;19.1;18.9
2024-04-09 08:07:24;32.7;59.8;58.0;50.9;73.4;83.7;17.6 °C;19.9;20.7;20.3;19.1;18.9
2024-04-09 08:17:28;32.8;59.8;58.0;50.9;73.4;83.7;17.8 °C;19.9;20.6;20.3;19.1;18.9
2024-04-09 08:27:24;32.7;59.8;58.0;50.9;73.3;83.7;17.9 °C;19.9;20.6;20.3;19.1;18.9
2024-04-09 08:37:28;32.8;59.8;57.9;50.9;73.3;83.7;18.1 °C;19.9;20.6;20.3;19.1;18.9
2024-04-09 08:47:28;32.8;59.7;57.9;50.9;73.3;83.7;18.3 °C;19.8;20.6;20.2;19.1;18.9
2024-04-09 08:57:25;32.8;59.7;57.9;50.9;73.3;83.7;18.5 °C;19.8;20.6;20.2;19.1;18.9
2024-04-09 09:07:31;32.7;59.7;57.9;50.9;73.3;83.7;18.8 °C;19.8;20.5;20.2;19.1;18.9
2024-04-09 09:17:31;32.8;59.7;57.9;50.9;73.2;83.7;18.9 °C;19.8;20.5;20.2;19.1;18.9
2024-04-09 09:27:30;32.8;59.7;57.9;50.9;73.2;83.7;19.1 °C;19.7;20.5;20.2;19.1;18.9
2024-04-09 09:37:25;32.8;59.7;57.9;50.9;73.2;83.7;19.2 °C;19.7;20.4;20.2;19.1;18.9
2024-04-09 09:47:27;32.8;59.7;57.9;50.8;73.2;83.7;19.3 °C;19.7;20.4;20.1;19.1;18.9
2024-04-09 09:57:30;32.8;59.7;57.9;50.9;73.2;83.7;19.4 °C;19.7;20.4;20.1;19.1;18.9
2024-04-09 10:07:28;32.7;59.7;57.9;50.8;73.1;83.7;19.6 °C;19.7;20.4;20.1;19.1;18.9
2024-04-09 10:17:27;32.8;59.7;57.8;50.8;73.1;83.7;19.6 °C;19.7;20.4;20.1;19.1;18.9
2024-04-09 10:27:28;32.8;59.7;57.8;50.9;73.1;83.7;19.8 °C;19.7;20.3;20.1;19.1;18.9
2024-04-09 10:37:25;32.8;59.7;57.8;50.8;73.1;83.7;19.9 °C;19.7;20.3;20.1;19.1;18.9
2024-04-09 10:47:26;32.8;59.7;57.8;50.9;73.1;83.7;20 °C;19.7;20.3;20.1;19.1;18.9
2024-04-09 10:57:29;32.8;59.7;57.8;50.8;73.1;83.7;20.1 °C;19.7;20.3;20.1;19.1;18.9
2024-04-09 11:07:27;32.8;59.7;57.8;50.8;73.1;83.7;20.3 °C;19.7;20.3;20.1;19.1;18.9
2024-04-09 11:17:25;32.8;59.8;57.8;50.8;73.1;83.7;20.4 °C;19.8;20.3;20;19.1;18.9
2024-04-09 11:27:24;32.9;59.8;57.8;50.8;73.1;83.7;20.6 °C;19.8;20.2;20;19.1;18.9
2024-04-09 11:37:25;32.9;59.8;57.8;50.8;73.0;83.7;20.9 °C;19.8;20.2;20;19.1;18.9
2024-04-09 11:47:30;32.9;59.8;57.8;50.8;73.0;83.7;21.3 °C;19.8;20.2;20;19.1;18.9
2024-04-09 11:57:23;32.9;59.8;57.8;50.8;73.1;83.7;21.6 °C;19.9;20.2;20;19.1;18.9
2024-04-09 12:07:28;33.0;59.9;57.8;50.8;73.0;83.7;22.1 °C;19.9;20.2;19.9;19.1;18.9
2024-04-09 12:17:28;33.0;59.8;57.8;50.8;73.0;83.6;22.4 °C;19.9;20.1;19.9;19.1;18.9
2024-04-09 12:27:26;33;59.9;57.8;50.8;73.1;83.7;22.8 °C;20;20.1;19.9;19.1;18.9
2024-04-09 12:37:25;33.0;59.9;57.8;50.8;73.1;83.7;23.1 °C;20;20.1;19.9;19;18.9
2024-04-09 12:47:26;33.0;59.9;57.8;50.8;73.1;83.6;23.4 °C;20.1;20.1;19.9;19;18.9
2024-04-09 12:57:27;33;59.9;57.8;50.8;73.1;83.7;23.6 °C;20.1;20.1;19.9;19;18.9
2024-04-09 13:07:28;33.0;59.9;57.8;50.8;73.1;83.6;23.9 °C;20.2;20.1;19.9;19;18.9
2024-04-09 13:17:28;33.0;59.9;57.9;50.8;73.2;83.6;24.1 °C;20.3;20.1;19.9;19;18.9
2024-04-09 13:27:30;33.0;59.9;57.8;50.8;73.2;83.7;24.3 °C;20.3;20.1;19.9;19;18.9
2024-04-09 13:37:37;33.0;60.0;57.9;50.8;73.3;83.6;24.5 °C;20.4;20.1;19.9;19;18.9
2024-04-09 13:47:25;33.0;60.0;57.8;50.8;73.4;83.6;24.7 °C;20.5;20.1;19.9;19;18.9
2024-04-09 13:57:28;33.0;60.0;57.9;50.8;73.6;83.6;24.9 °C;20.6;20.1;19.9;19;18.9
2024-04-09 14:07:25;33.0;60.1;57.9;50.8;73.7;83.6;25.1 °C;20.7;20.2;19.9;19;18.9
2024-04-09 14:17:27;32.9;60.1;57.9;50.8;73.9;83.7;25.2 °C;20.8;20.2;19.8;19;18.9
2024-04-09 14:27:27;33.0;60.1;57.9;50.8;74.0;83.6;25.4 °C;20.9;20.2;19.8;19;18.9
2024-04-09 14:37:31;33.0;60.1;57.9;50.8;74.3;83.6;25.6 °C;20.9;20.2;19.8;18.9;18.9
2024-04-09 14:47:27;33.0;60.2;57.9;50.8;74.4;83.6;25.7 °C;21.1;20.3;19.8;18.9;18.9
2024-04-09 14:57:25;32.9;60.2;57.9;50.8;74.6;83.6;25.8 °C;21.1;20.3;19.8;18.9;18.9
2024-04-09 15:07:24;33.0;60.2;57.9;50.8;74.8;83.6;25.9 °C;21.3;20.3;19.8;18.9;18.9
2024-04-09 15:17:25;32.9;60.2;57.9;50.8;74.9;83.6;26.1 °C;21.3;20.3;19.8;18.9;18.9
2024-04-09 15:27:31;32.9;60.3;57.9;50.8;75.1;83.6;26.2 °C;21.4;20.3;19.8;18.9;18.9
2024-04-09 15:37:25;33.0;60.3;57.9;50.9;75.3;83.7;26.3 °C;21.5;20.3;19.8;18.9;18.9
2024-04-09 15:47:24;32.9;60.3;58.0;50.9;75.4;83.7;26.4 °C;21.6;20.4;19.8;18.9;18.9
2024-04-09 15:57:28;33.0;60.3;58.0;50.9;75.4;84.0;26.5 °C;21.7;20.4;19.8;18.9;18.9
2024-04-09 16:07:26;32.9;60.4;58.0;50.9;75.4;84.2;26.6 °C;21.8;20.4;19.8;18.9;18.9
2024-04-09 16:17:25;32.9;60.4;58.0;50.9;75.4;84.3;26.6 °C;21.9;20.4;19.8;18.9;18.9
2024-04-09 16:27:30;32.9;60.5;58.0;50.9;75.4;84.4;26.6 °C;22;20.5;19.8;18.9;18.9
2024-04-09 16:37:29;32.9;60.4;58.0;50.9;75.4;84.4;26.7 °C;22.1;20.6;19.8;18.9;18.9
2024-04-09 16:47:24;32.9;60.5;58.0;50.9;75.4;84.4;26.7 °C;22.2;20.6;19.8;18.9;18.9
2024-04-09 16:57:28;32.9;60.5;58.0;51.0;75.4;84.4;26.7 °C;22.3;20.6;19.8;18.9;18.9
2024-04-09 17:07:26;32.9;60.5;58.1;51.0;75.4;84.4;26.7 °C;22.4;20.6;19.8;18.9;18.9
2024-04-09 17:17:28;32.8;60.6;58.1;51.0;75.4;84.5;26.6 °C;22.4;20.7;19.8;18.9;18.9
2024-04-09 17:27:29;32.8;60.6;58.1;51.0;75.4;84.4;26.6 °C;22.5;20.8;19.9;18.9;18.9
2024-04-09 17:37:27;32.8;60.6;58.1;51.0;75.4;84.4;26.5 °C;22.6;20.8;19.9;18.9;18.9
2024-04-09 17:47:27;32.8;60.6;58.1;51.1;75.4;84.4;26.4 °C;22.6;20.8;19.9;18.9;18.9
2024-04-09 17:57:23;32.7;60.7;58.1;51.1;75.4;84.5;26.3 °C;22.8;20.9;19.9;18.9;18.9
2024-04-09 18:07:23;32.7;60.7;58.1;51.1;75.4;84.5;26.1 °C;22.8;20.9;19.9;18.9;18.9
2024-04-09 18:17:23;32.6;60.7;58.1;51.1;75.4;84.5;25.9 °C;22.8;20.9;19.9;18.9;18.9
2024-04-09 18:27:24;32.6;60.7;58.2;51.0;75.4;84.5;25.8 °C;22.9;21;19.9;18.9;18.9
2024-04-09 18:37:28;32.6;60.7;58.2;51.0;75.4;84.4;25.6 °C;22.9;21;19.9;18.9;18.9
2024-04-09 18:47:30;32.6;60.8;58.2;51.1;75.4;84.5;25.4 °C;23;21.1;19.9;18.9;18.9
2024-04-09 18:57:24;32.5;60.8;58.2;51.1;75.3;84.5;25.3 °C;23;21.1;19.9;18.9;18.9
2024-04-09 19:07:30;32.5;60.8;58.2;51.1;75.4;84.4;25.1 °C;23.1;21.1;20;18.9;18.9
2024-04-09 19:17:28;32.4;60.8;58.2;51.1;75.4;84.5;24.9 °C;23.1;21.2;20;18.9;18.9
2024-04-09 19:27:26;32.4;60.8;58.2;51.1;75.3;84.4;24.7 °C;23.1;21.3;20;18.9;18.9
2024-04-09 19:37:24;32.4;60.8;58.2;51.1;75.3;84.4;24.4 °C;23.1;21.3;20;18.9;18.9
2024-04-09 19:47:25;32.4;60.8;58.2;51.1;75.3;84.4;24.3 °C;23.1;21.3;20.1;18.9;18.9
2024-04-09 19:57:29;32.4;60.8;58.3;51.1;75.3;84.4;24 °C;23.1;21.3;20.1;18.9;18.9
2024-04-09 20:07:30;32.3;60.8;58.3;51.1;75.3;84.4;23.8 °C;23.1;21.4;20.1;18.9;18.9
2024-04-09 20:17:25;32.3;60.8;58.3;51.1;75.3;84.4;23.6 °C;23.1;21.4;20.1;18.9;18.9
2024-04-09 20:27:24;32.3;60.8;58.3;51.1;75.3;84.4;23.4 °C;23.1;21.4;20.1;18.9;18.9
2024-04-09 20:37:25;32.3;60.8;58.3;51.1;75.3;84.4;23.2 °C;23.1;21.4;20.1;18.9;18.9
2024-04-09 20:47:27;32.2;60.9;58.3;51.1;75.3;84.4;23.1 °C;23.1;21.5;20.1;18.9;18.9
2024-04-09 20:57:28;32.2;60.9;58.3;51.1;75.3;84.4;22.9 °C;23.1;21.5;20.2;18.9;18.9
2024-04-09 21:07:30;32.2;60.9;58.3;51.1;75.3;84.4;22.7 °C;23;21.5;20.2;18.9;18.9
2024-04-09 21:17:26;32.2;60.8;58.3;51.1;75.3;84.4;22.6 °C;23;21.6;20.2;19;18.9
2024-04-09 21:27:30;32.2;60.8;58.3;51.1;75.2;84.3;22.4 °C;22.9;21.6;20.3;19;18.9
2024-04-09 21:37:31;32.2;60.8;58.4;51.1;75.2;84.3;22.3 °C;22.9;21.6;20.3;19;18.9
2024-04-09 21:47:30;32.2;60.8;58.4;51.1;75.2;84.3;22.1 °C;22.9;21.6;20.3;19;18.9
2024-04-09 21:57:25;32.2;60.8;58.4;51.1;75.1;84.3;22 °C;22.9;21.6;20.3;19;18.9
2024-04-09 22:07:28;32.1;60.8;58.4;51.1;75.1;84.3;21.9 °C;22.8;21.6;20.3;19;18.9
2024-04-09 22:17:26;32.1;60.8;58.4;51.1;75.1;84.3;21.8 °C;22.8;21.7;20.3;19;18.9
2024-04-09 22:27:30;32.1;60.8;58.4;51.1;75.1;84.3;21.6 °C;22.8;21.7;20.3;19;18.9
2024-04-09 22:37:25;32.1;60.7;58.4;51.1;75.1;84.2;21.6 °C;22.7;21.7;20.3;19;18.9
2024-04-09 22:47:28;32.1;60.7;58.4;51.1;75.0;84.2;21.4 °C;22.7;21.7;20.4;19;18.9
2024-04-09 22:57:30;32.1;60.7;58.4;51.1;75.0;84.2;21.3 °C;22.6;21.7;20.4;19.1;18.9
2024-04-09 23:07:30;32.1;60.7;58.4;51.1;75.0;84.2;21.3 °C;22.6;21.7;20.4;19.1;18.9
2024-04-09 23:17:26;32.1;60.7;58.4;51.1;75.0;84.2;21.2 °C;22.6;21.7;20.4;19.1;18.9
2024-04-09 23:27:30;32.1;60.7;58.4;51.1;75.0;84.2;21.1 °C;22.5;21.7;20.4;19.1;18.9
2024-04-09 23:37:29;32.1;60.7;58.4;51.1;75.0;84.2;21 °C;22.4;21.7;20.4;19.1;18.9
2024-04-09 23:47:27;32.1;60.7;58.4;51.1;74.9;84.1;20.9 °C;22.4;21.7;20.4;19.1;18.9
2024-04-09 23:57:27;32.0;60.6;58.4;51.1;74.9;84.1;20.8 °C;22.4;21.7;20.4;19.1;18.9
2024-04-10 00:07:24;32.1;60.6;58.4;51.1;74.9;84.1;20.7 °C;22.3;21.7;20.4;19.1;18.9
2024-04-10 00:17:26;32.0;60.6;58.4;51.1;74.9;84.1;20.6 °C;22.3;21.7;20.5;19.1;18.9
2024-04-10 00:27:30;32;60.6;58.4;51.1;74.8;84.1;20.6 °C;22.3;21.7;20.5;19.1;18.9
2024-04-10 00:37:29;32.0;60.6;58.4;51.1;74.8;84.1;20.4 °C;22.2;21.7;20.5;19.1;18.9
2024-04-10 00:47:23;32.0;60.5;58.4;51.1;74.8;84.1;20.4 °C;22.2;21.7;20.5;19.1;18.9
2024-04-10 00:57:28;32.0;60.5;58.4;51.1;74.7;84.0;20.3 °C;22.1;21.7;20.5;19.1;18.9
2024-04-10 01:07:26;32.0;60.5;58.4;51.1;74.7;84.0;20.2 °C;22.1;21.7;20.5;19.1;18.9
2024-04-10 01:17:30;32.0;60.5;58.4;51.1;74.6;84.0;20.1 °C;22;21.6;20.5;19.2;18.9
2024-04-10 01:27:25;32.1;60.5;58.4;51.1;74.6;84.0;20.1 °C;22;21.6;20.6;19.2;18.9
2024-04-10 01:37:29;32.1;60.5;58.4;51.1;74.6;84.0;20 °C;21.9;21.6;20.6;19.2;19
2024-04-10 01:47:23;32.1;60.5;58.4;51.1;74.5;84.0;19.9 °C;21.9;21.6;20.6;19.2;19
2024-04-10 01:57:25;32.1;60.5;58.4;51.1;74.5;84.0;19.8 °C;21.9;21.6;20.6;19.2;19
2024-04-10 02:07:24;32.1;60.4;58.3;51.1;74.5;83.9;19.8 °C;21.8;21.6;20.6;19.2;19
2024-04-10 02:17:24;32.1;60.4;58.3;51.1;74.4;83.9;19.7 °C;21.8;21.6;20.6;19.2;19
2024-04-10 02:27:23;32.1;60.4;58.3;51.1;74.4;83.9;19.6 °C;21.7;21.6;20.6;19.2;19
2024-04-10 02:37:27;32.1;60.4;58.3;51.1;74.3;83.9;19.6 °C;21.7;21.6;20.6;19.2;19
2024-04-10 02:47:29;32.1;60.4;58.3;51.1;74.4;83.9;19.5 °C;21.6;21.6;20.6;19.3;19
2024-04-10 02:57:24;32.1;60.3;58.3;51.1;74.3;83.9;19.4 °C;21.6;21.5;20.6;19.3;19
2024-04-10 03:07:30;32.1;60.3;58.3;51.1;74.3;83.9;19.3 °C;21.6;21.5;20.6;19.3;19
2024-04-10 03:17:30;32.1;60.3;58.2;51.1;74.3;83.9;19.3 °C;21.5;21.5;20.6;19.3;19
2024-04-10 03:27:30;32.0;60.3;58.2;51.1;74.3;83.9;19.2 °C;21.4;21.5;20.6;19.3;19
2024-04-10 03:37:25;32.0;60.3;58.2;51.1;74.3;83.9;19.1 °C;21.4;21.4;20.6;19.3;19
2024-04-10 03:47:29;32.0;60.3;58.2;51.1;74.3;83.9;19.1 °C;21.4;21.4;20.6;19.3;19
2024-04-10 03:57:28;32.0;60.2;58.2;51.1;74.3;83.9;19 °C;21.3;21.4;20.6;19.3;19.1
2024-04-10 04:07:24;32.1;60.2;58.2;51.1;74.3;83.9;18.9 °C;21.3;21.4;20.6;19.3;19.1
2024-04-10 04:17:23;32.1;60.2;58.2;51.1;74.2;83.9;18.8 °C;21.3;21.4;20.6;19.3;19.1
2024-04-10 04:27:24;32.1;60.2;58.2;51.1;74.2;83.9;18.8 °C;21.2;21.4;20.6;19.3;19.1
2024-04-10 04:37:24;32.1;60.2;58.2;51.1;74.2;83.8;18.7 °C;21.1;21.4;20.6;19.3;19.1
2024-04-10 04:47:23;32.1;60.1;58.2;51.1;74.2;83.8;18.6 °C;21.1;21.3;20.6;19.3;19.1
2024-04-10 04:57:27;32.1;60.1;58.1;51.0;74.2;83.8;18.6 °C;21.1;21.3;20.6;19.3;19.1
2024-04-10 05:07:29;32.1;60.1;58.1;51.0;74.1;83.8;18.5 °C;21;21.3;20.6;19.3;19.1
2024-04-10 05:17:24;32.1;60.1;58.1;51.0;74.1;83.8;18.4 °C;20.9;21.3;20.6;19.3;19.1
2024-04-10 05:27:30;32.1;60.1;58.1;51.0;74.1;83.8;18.4 °C;20.9;21.3;20.6;19.3;19.1
2024-04-10 05:37:30;32.1;60.1;58.1;51.0;74.0;83.8;18.3 °C;20.9;21.3;20.6;19.3;19.1
2024-04-10 05:47:30;32.1;60.1;58.1;51.0;74.0;83.8;18.2 °C;20.8;21.2;20.6;19.3;19.1
2024-04-10 05:57:26;32.1;60.1;58.1;51.0;74.0;83.8;18.1 °C;20.8;21.2;20.6;19.3;19.1
2024-04-10 06:07:30;32.1;60.1;58.1;51.0;73.9;83.8;18.1 °C;20.8;21.2;20.6;19.3;19.1
2024-04-10 06:17:30;32.2;60.1;58.1;51.0;73.9;83.8;18 °C;20.7;21.1;20.5;19.3;19.1
2024-04-10 06:27:28;32.2;60.1;58.0;51.0;73.8;83.8;17.9 °C;20.7;21.1;20.5;19.3;19.1
2024-04-10 06:37:23;32.2;60.0;58.1;51.0;73.8;83.8;17.8 °C;20.6;21.1;20.5;19.3;19.1
2024-04-10 06:47:23;32.2;60.0;58.1;51.0;73.8;83.8;17.8 °C;20.6;21.1;20.5;19.3;19.1
2024-04-10 06:57:24;32.2;60.0;58.1;51.0;73.8;83.8;17.7 °C;20.6;21.1;20.5;19.3;19.1
2024-04-10 07:07:27;32.2;60.1;58.0;51.0;73.8;83.8;17.6 °C;20.5;21;20.5;19.3;19.1
2024-04-10 07:17:27;32.2;60.0;58.0;51.0;73.7;83.8;17.6 °C;20.4;21;20.5;19.3;19.1
2024-04-10 07:27:29;32.2;60;58.0;51.0;73.7;83.8;17.6 °C;20.4;21;20.5;19.3;19.1
2024-04-10 07:37:24;32.2;60.0;58.0;51.0;73.7;83.8;17.6 °C;20.4;20.9;20.5;19.3;19.1
2024-04-10 07:47:26;32.2;60.0;58.0;51.0;73.7;83.8;17.7 °C;20.3;20.9;20.4;19.3;19.1
2024-04-10 07:57:30;32.2;60.0;58.0;51.0;73.6;83.8;17.7 °C;20.3;20.9;20.4;19.3;19.1
2024-04-10 08:07:29;32.3;59.9;58.0;51.0;73.6;83.8;17.8 °C;20.3;20.9;20.4;19.3;19.1
2024-04-10 08:17:24;32.3;59.9;58.0;51.0;73.6;83.8;17.8 °C;20.2;20.9;20.4;19.3;19.1
2024-04-10 08:27:23;32.3;59.9;57.9;51.0;73.6;83.8;17.8 °C;20.1;20.8;20.4;19.3;19.1
2024-04-10 08:37:24;32.3;59.9;57.9;51.0;73.6;83.8;17.9 °C;20.1;20.8;20.4;19.3;19.1
2024-04-10 08:47:26;32.3;59.9;57.9;51.0;73.5;83.8;18 °C;20.1;20.8;20.4;19.3;19.1
2024-04-10 08:57:25;32.3;59.9;57.9;51.0;73.5;83.8;18.1 °C;20.1;20.8;20.4;19.3;19.1
2024-04-10 09:07:24;32.3;59.9;57.9;51.0;73.5;83.8;18.2 °C;20;20.8;20.4;19.3;19.1
2024-04-10 09:17:22;32.3;59.9;57.9;51.0;73.5;83.8;18.3 °C;20;20.7;20.4;19.3;19.1
2024-04-10 09:27:27;32.3;59.9;57.9;50.9;73.5;83.8;18.4 °C;19.9;20.7;20.4;19.3;19.1
2024-04-10 09:37:27;32.3;59.8;57.9;50.9;73.4;83.8;18.6 °C;19.9;20.7;20.4;19.3;19.1
2024-04-10 09:47:28;32.4;59.8;57.8;50.9;73.4;83.8;18.8 °C;19.9;20.6;20.4;19.3;19.1
2024-04-10 09:57:23;32.4;59.9;57.8;50.9;73.4;83.8;19 °C;19.9;20.6;20.3;19.3;19.1
2024-04-10 10:07:23;32.4;59.8;57.8;50.9;73.4;83.8;19.2 °C;19.9;20.6;20.3;19.3;19.1
2024-04-10 10:17:26;32.4;59.9;57.8;50.9;73.3;83.8;19.3 °C;19.9;20.6;20.3;19.3;19.2
2024-04-10 10:27:29;32.4;59.8;57.8;50.9;73.3;83.8;19.5 °C;19.9;20.6;20.3;19.3;19.1
2024-04-10 10:37:24;32.4;59.8;57.8;50.9;73.3;83.8;19.6 °C;19.9;20.5;20.3;19.3;19.1
2024-04-10 10:47:22;32.4;59.8;57.8;50.9;73.3;83.8;19.8 °C;19.9;20.5;20.3;19.3;19.2
2024-04-10 10:57:26;32.4;59.9;57.8;50.9;73.3;83.8;19.9 °C;19.9;20.5;20.3;19.3;19.2
2024-04-10 11:07:23;32.4;59.9;57.8;50.9;73.3;83.8;20.1 °C;19.9;20.4;20.3;19.3;19.2
2024-04-10 11:17:27;32.5;59.9;57.8;50.9;73.2;83.8;20.3 °C;19.9;20.4;20.3;19.3;19.2
2024-04-10 11:27:28;32.5;59.8;57.8;50.9;73.2;83.8;20.6 °C;19.9;20.4;20.3;19.3;19.2
2024-04-10 11:37:26;32.4;59.8;57.8;50.9;73.2;83.8;20.8 °C;19.9;20.4;20.2;19.3;19.2
2024-04-10 11:47:26;32.5;59.8;57.8;50.9;73.2;83.8;21 °C;19.9;20.4;20.2;19.3;19.2
2024-04-10 11:57:23;32.4;59.8;57.7;50.9;73.2;83.8;21.3 °C;20;20.4;20.2;19.3;19.2
2024-04-10 12:07:25;32.4;59.8;57.8;50.9;73.2;83.8;21.4 °C;20;20.4;20.2;19.3;19.2
2024-04-10 12:17:29;32.4;59.8;57.7;50.9;73.2;83.7;21.7 °C;20;20.4;20.2;19.3;19.2
2024-04-10 12:27:28;32.5;59.9;57.7;50.9;73.2;83.7;21.9 °C;20.1;20.3;20.2;19.3;19.2
2024-04-10 12:37:22;32.5;59.8;57.7;50.9;73.2;83.8;22.2 °C;20.1;20.3;20.1;19.3;19.2
2024-04-10 12:47:26;32.5;59.8;57.7;50.8;73.2;83.8;22.4 °C;20.1;20.3;20.1;19.3;19.2
2024-04-10 12:57:22;32.5;59.8;57.7;50.9;73.2;83.7;22.6 °C;20.2;20.3;20.1;19.3;19.2
2024-04-10 13:07:22;32.5;59.9;57.7;50.8;73.2;83.8;22.9 °C;20.3;20.3;20.1;19.3;19.2
2024-04-10 13:17:27;32.5;59.9;57.7;50.8;73.2;83.8;23.1 °C;20.3;20.3;20.1;19.3;19.2
2024-04-10 13:27:25;32.5;59.9;57.7;50.9;73.2;83.8;23.4 °C;20.3;20.3;20.1;19.3;19.2
2024-04-10 13:37:23;32.5;59.9;57.7;50.9;73.2;83.7;23.7 °C;20.4;20.3;20.1;19.3;19.2
2024-04-10 13:47:28;32.5;59.9;57.7;50.9;73.2;83.7;23.9 °C;20.4;20.3;20.1;19.2;19.2
2024-04-10 13:57:27;32.5;60.0;57.7;50.9;73.3;83.7;24.2 °C;20.5;20.3;20.1;19.2;19.2
2024-04-10 14:07:28;32.5;60.0;57.8;50.9;73.3;83.8;24.4 °C;20.6;20.3;20.1;19.2;19.2
2024-04-10 14:17:22;32.5;60.0;57.8;50.9;73.3;83.7;24.6 °C;20.7;20.3;20.1;19.2;19.2
2024-04-10 14:27:23;32.5;60.0;57.8;50.8;73.3;83.7;24.9 °C;20.8;20.3;20.1;19.2;19.2
2024-04-10 14:37:24;32.5;60.0;57.8;50.8;73.3;83.7;25.1 °C;20.8;20.4;20.1;19.2;19.2
2024-04-10 14:47:27;32.6;60.0;57.8;50.8;73.4;83.7;25.2 °C;20.9;20.4;20;19.2;19.2
2024-04-10 14:57:28;32.5;60.1;57.8;50.8;73.4;83.7;25.3 °C;21;20.4;20;19.2;19.1
2024-04-10 15:07:22;32.5;60.1;57.8;50.8;73.6;83.7;25.4 °C;21.1;20.4;20;19.2;19.1
2024-04-10 15:17:26;32.5;60.1;57.9;50.8;73.7;83.7;25.6 °C;21.2;20.4;20;19.2;19.2
2024-04-10 15:27:22;32.5;60.2;57.8;50.8;73.9;83.7;25.8 °C;21.3;20.4;20;19.2;19.1
2024-04-10 15:37:22;32.4;60.2;57.8;50.9;74.1;83.7;25.9 °C;21.4;20.4;20;19.2;19.1
2024-04-10 15:47:26;32.4;60.2;57.9;50.9;74.3;83.7;26 °C;21.4;20.4;20;19.2;19.1
2024-04-10 15:57:22;32.4;60.2;57.9;50.9;74.5;83.7;26.1 °C;21.6;20.5;20;19.2;19.1
2024-04-10 16:07:26;32.4;60.3;57.9;50.9;74.8;83.7;26.3 °C;21.6;20.5;20;19.1;19.1
2024-04-10 16:17:27;32.4;60.3;57.9;50.9;75.0;83.7;26.4 °C;21.8;20.6;20;19.1;19.1
2024-04-10 16:27:25;32.4;60.3;57.9;50.9;75.1;83.7;26.4 °C;21.8;20.6;20;19.1;19.1
2024-04-10 16:37:24;32.4;60.3;57.9;50.9;75.3;83.7;26.4 °C;21.9;20.6;20;19.1;19.1
2024-04-10 16:47:28;32.4;60.4;57.9;50.9;75.5;83.7;26.3 °C;22;20.6;20;19.1;19.1
2024-04-10 16:57:26;32.3;60.4;58.0;50.9;75.5;83.7;26.1 °C;22.1;20.7;20;19.1;19.1
2024-04-10 17:07:28;32.3;60.4;58.0;50.9;75.6;83.8;26 °C;22.2;20.7;20;19.1;19.1
2024-04-10 17:17:23;32.2;60.4;57.9;50.9;75.7;83.8;25.8 °C;22.3;20.8;20;19.1;19.1
2024-04-10 17:27:24;32.2;60.5;58.0;50.9;75.7;84.0;25.6 °C;22.3;20.8;20;19.1;19.1
2024-04-10 17:37:26;32.1;60.5;58.0;50.9;75.8;84.1;25.4 °C;22.4;20.8;20;19.1;19.1
2024-04-10 17:47:21;32.1;60.5;58.0;50.9;75.8;84.2;25.3 °C;22.4;20.9;20;19.1;19.1
2024-04-10 17:57:26;32.1;60.5;58.0;50.9;75.8;84.3;25.1 °C;22.5;20.9;20.1;19.1;19.1
2024-04-10 18:07:27;32.0;60.6;58.0;50.9;75.8;84.4;25 °C;22.6;20.9;20.1;19.1;19.1
2024-04-10 18:17:25;32;60.6;58.0;50.9;75.8;84.4;24.9 °C;22.6;20.9;20.1;19.1;19.1
2024-04-10 18:27:24;32.0;60.6;58.0;51.0;75.8;84.5;24.8 °C;22.6;21;20.1;19.1;19.1
2024-04-10 18:37:27;32.0;60.6;58.1;50.9;75.8;84.5;24.6 °C;22.7;21.1;20.1;19.1;19.1
2024-04-10 18:47:26;32.0;60.6;58.1;51.0;75.8;84.5;24.5 °C;22.7;21.1;20.1;19.1;19.1
2024-04-10 18:57:25;31.9;60.6;58.1;50.9;75.8;84.5;24.4 °C;22.7;21.1;20.1;19.1;19.1
2024-04-10 19:07:26;31.9;60.6;58.1;50.9;75.8;84.5;24.3 °C;22.8;21.1;20.1;19.1;19.1
2024-04-10 19:17:22;31.9;60.6;58.1;50.9;75.8;84.5;24.1 °C;22.8;21.2;20.1;19.1;19.1
2024-04-10 19:27:23;31.9;60.7;58.1;51.0;75.8;84.5;24 °C;22.8;21.2;20.1;19.1;19.1
2024-04-10 19:37:25;31.8;60.7;58.1;51.0;75.8;84.5;23.9 °C;22.8;21.3;20.1;19.1;19.1
2024-04-10 19:47:22;31.8;60.7;58.2;51.0;75.8;84.6;23.7 °C;22.8;21.3;20.2;19.1;19.1
2024-04-10 19:57:27;31.8;60.7;58.1;51.0;75.8;84.5;23.6 °C;22.8;21.3;20.2;19.1;19.1
2024-04-10 20:07:29;31.8;60.7;58.2;51.0;75.7;84.5;23.4 °C;22.8;21.3;20.2;19.1;19.1
2024-04-10 20:17:28;31.8;60.7;58.2;51.0;75.7;84.5;23.3 °C;22.8;21.4;20.2;19.1;19.1
2024-04-10 20:27:23;31.8;60.7;58.2;51.0;75.7;84.5;23.1 °C;22.8;21.4;20.3;19.1;19.1
2024-04-10 20:37:25;31.7;60.7;58.2;51.0;75.7;84.5;22.9 °C;22.8;21.4;20.3;19.1;19.1
2024-04-10 20:47:22;31.7;60.7;58.2;51.0;75.7;84.5;22.8 °C;22.8;21.4;20.3;19.1;19.1
2024-04-10 20:57:22;31.7;60.7;58.2;51.0;75.7;84.5;22.8 °C;22.8;21.4;20.3;19.1;19.1
2024-04-10 21:07:28;31.7;60.7;58.2;51.0;75.6;84.5;22.6 °C;22.8;21.5;20.3;19.1;19.1
2024-04-10 21:17:26;31.6;60.7;58.2;51.0;75.6;84.5;22.5 °C;22.7;21.5;20.3;19.2;19.1
2024-04-10 21:27:27;31.7;60.7;58.2;51.0;75.6;84.5;22.4 °C;22.7;21.5;20.3;19.2;19.1
2024-04-10 21:37:21;31.6;60.7;58.2;51.0;75.6;84.5;22.3 °C;22.7;21.5;20.3;19.2;19.1
2024-04-10 21:47:22;31.6;60.7;58.2;51.0;75.6;84.4;22.2 °C;22.6;21.6;20.4;19.2;19.1
2024-04-10 21:57:22;31.6;60.7;58.2;51.0;75.6;84.5;22.1 °C;22.6;21.6;20.4;19.2;19.1
2024-04-10 22:07:23;31.6;60.7;58.2;51.0;75.6;84.4;22 °C;22.6;21.6;20.4;19.2;19.1
2024-04-10 22:17:21;31.6;60.6;58.3;51.0;75.6;84.4;21.9 °C;22.6;21.6;20.4;19.2;19.1
2024-04-10 22:27:26;31.6;60.6;58.3;51.0;75.6;84.4;21.9 °C;22.6;21.6;20.4;19.2;19.1
2024-04-10 22:37:26;31.5;60.6;58.2;51.0;75.6;84.4;21.8 °C;22.5;21.6;20.4;19.2;19.1
2024-04-10 22:47:27;31.5;60.6;58.3;51.0;75.6;84.4;21.7 °C;22.5;21.6;20.4;19.2;19.1
2024-04-10 22:57:21;31.6;60.6;58.3;51.0;75.6;84.4;21.6 °C;22.4;21.6;20.4;19.2;19.1
2024-04-10 23:07:21;31.5;60.6;58.2;51.0;75.6;84.4;21.6 °C;22.4;21.6;20.4;19.2;19.1
2024-04-10 23:17:21;31.5;60.6;58.2;51.0;75.6;84.4;21.5 °C;22.4;21.6;20.5;19.3;19.1
2024-04-10 23:27:21;31.5;60.6;58.2;51.0;75.6;84.4;21.4 °C;22.4;21.6;20.5;19.3;19.1
2024-04-10 23:37:27;31.5;60.6;58.2;51.0;75.6;84.4;21.4 °C;22.4;21.6;20.5;19.3;19.1
2024-04-10 23:47:28;31.5;60.5;58.2;51.0;75.5;84.4;21.3 °C;22.3;21.6;20.5;19.3;19.1
2024-04-10 23:57:23;31.5;60.5;58.2;51.0;75.6;84.4;21.3 °C;22.3;21.6;20.5;19.3;19.1
2024-04-11 00:07:22;31.5;60.5;58.2;51.0;75.5;84.3;21.2 °C;22.3;21.6;20.5;19.3;19.1
2024-04-11 00:17:22;31.5;60.5;58.2;51.0;75.5;84.3;21.1 °C;22.3;21.6;20.6;19.3;19.1
2024-04-11 00:27:23;31.5;60.5;58.2;51.0;75.5;84.3;21.1 °C;22.2;21.6;20.6;19.3;19.1
2024-04-11 00:37:21;31.6;60.5;58.2;51.0;75.5;84.3;21 °C;22.2;21.6;20.6;19.3;19.2
2024-04-11 00:47:25;31.5;60.5;58.2;51.0;75.4;84.2;20.9 °C;22.1;21.6;20.6;19.3;19.2
2024-04-11 00:57:27;31.5;60.5;58.2;51.0;75.4;84.2;20.9 °C;22.1;21.6;20.6;19.3;19.2
2024-04-11 01:07:28;31.5;60.4;58.2;51.0;75.4;84.2;20.8 °C;22.1;21.6;20.6;19.3;19.2
2024-04-11 01:17:24;31.5;60.4;58.2;51.0;75.3;84.2;20.8 °C;22.1;21.6;20.6;19.3;19.2
2024-04-11 01:27:26;31.5;60.4;58.2;51.0;75.3;84.2;20.8 °C;22;21.6;20.6;19.3;19.2
2024-04-11 01:37:23;31.5;60.4;58.2;51.0;75.3;84.2;20.7 °C;22;21.6;20.6;19.3;19.2
2024-04-11 01:47:26;31.5;60.4;58.2;51.0;75.3;84.1;20.6 °C;21.9;21.6;20.6;19.3;19.2
2024-04-11 01:57:28;31.5;60.4;58.2;51.0;75.3;84.1;20.6 °C;21.9;21.6;20.6;19.3;19.2
2024-04-11 02:07:28;31.5;60.4;58.1;51.0;75.2;84.1;20.5 °C;21.9;21.6;20.6;19.3;19.2
2024-04-11 02:17:23;31.5;60.3;58.1;51.0;75.2;84.1;20.5 °C;21.9;21.6;20.6;19.3;19.2
2024-04-11 02:27:25;31.5;60.4;58.1;51.0;75.1;84.1;20.4 °C;21.8;21.6;20.6;19.4;19.2
2024-04-11 02:37:22;31.5;60.3;58.1;51.0;75.1;84.1;20.4 °C;21.8;21.6;20.6;19.4;19.2
2024-04-11 02:47:23;31.5;60.3;58.1;51.1;75.1;84.1;20.3 °C;21.8;21.6;20.6;19.4;19.2
2024-04-11 02:57:21;31.5;60.3;58.1;51.0;75.0;84.0;20.3 °C;21.7;21.6;20.6;19.4;19.2
2024-04-11 03:07:21;31.5;60.3;58.1;51.1;75.0;84.0;20.2 °C;21.7;21.5;20.6;19.4;19.2
2024-04-11 03:17:25;31.5;60.3;58.1;51.0;74.9;84.0;20.1 °C;21.6;21.5;20.6;19.4;19.2
2024-04-11 03:27:26;31.5;60.3;58.1;51.1;74.9;84.0;20.1 °C;21.6;21.5;20.6;19.4;19.2
2024-04-11 03:37:27;31.5;60.3;58.1;51.1;74.9;84.0;20.1 °C;21.6;21.5;20.6;19.4;19.3
2024-04-11 03:47:22;31.5;60.3;58.1;51.0;74.8;84.0;20 °C;21.6;21.5;20.6;19.4;19.3
2024-04-11 03:57:23;31.5;60.3;58.1;51.0;74.8;84.0;19.9 °C;21.6;21.5;20.6;19.4;19.3
2024-04-11 04:07:24;31.5;60.2;58.1;51.0;74.7;84.0;19.9 °C;21.5;21.4;20.6;19.4;19.3
2024-04-11 04:17:21;31.5;60.2;58.1;51.1;74.6;84.0;19.8 °C;21.4;21.4;20.6;19.4;19.3
2024-04-11 04:27:25;31.5;60.2;58.1;51.0;74.6;84.0;19.8 °C;21.4;21.4;20.6;19.4;19.3
2024-04-11 04:37:27;31.5;60.2;58.0;51.0;74.6;84.0;19.8 °C;21.4;21.4;20.6;19.4;19.3
2024-04-11 04:47:25;31.5;60.2;58.0;51.0;74.6;83.9;19.7 °C;21.4;21.4;20.6;19.4;19.3
2024-04-11 04:57:27;31.5;60.2;58.0;51.0;74.5;83.9;19.6 °C;21.4;21.4;20.6;19.4;19.3
2024-04-11 05:07:26;31.5;60.2;58.0;51.0;74.5;83.9;19.6 °C;21.3;21.4;20.6;19.4;19.3
2024-04-11 05:17:23;31.5;60.2;58.0;51.0;74.5;83.9;19.5 °C;21.3;21.4;20.6;19.4;19.3
2024-04-11 05:27:24;31.5;60.2;58.0;51.0;74.5;83.9;19.5 °C;21.3;21.4;20.6;19.4;19.3
2024-04-11 05:37:21;31.5;60.1;58.0;51.0;74.5;83.9;19.4 °C;21.2;21.3;20.6;19.4;19.3
2024-04-11 05:47:22;31.5;60.1;58.0;51.0;74.5;83.9;19.4 °C;21.2;21.3;20.6;19.4;19.3
2024-04-11 05:57:27;31.5;60.1;58.0;51.0;74.4;83.9;19.3 °C;21.1;21.3;20.6;19.4;19.3
2024-04-11 06:07:24;31.5;60.1;57.9;51.0;74.4;83.9;19.3 °C;21.1;21.3;20.6;19.4;19.3
2024-04-11 06:17:25;31.5;60.1;58.0;51.0;74.4;83.9;19.3 °C;21.1;21.3;20.6;19.4;19.3
2024-04-11 06:27:26;31.5;60.1;58.0;51.0;74.4;83.9;19.2 °C;21.1;21.3;20.6;19.4;19.3
2024-04-11 06:37:23;31.5;60.0;57.9;51.0;74.3;83.9;19.1 °C;21;21.3;20.6;19.4;19.3
2024-04-11 06:47:26;31.5;60.0;58.0;51.0;74.3;83.9;19.1 °C;21;21.3;20.6;19.4;19.3
2024-04-11 06:57:24;31.5;60.0;57.9;51.0;74.3;83.9;19 °C;20.9;21.2;20.6;19.4;19.3
2024-04-11 07:07:26;31.5;60.0;57.9;51.0;74.2;83.9;18.9 °C;20.9;21.2;20.6;19.4;19.3
2024-04-11 07:17:21;31.6;60.0;57.9;51.0;74.2;83.9;18.9 °C;20.9;21.2;20.6;19.4;19.3
2024-04-11 07:27:22;31.5;60.0;57.9;51.0;74.2;83.9;18.9 °C;20.9;21.2;20.6;19.4;19.3
2024-04-11 07:37:26;31.5;60.0;57.9;51.0;74.1;83.9;18.9 °C;20.8;21.1;20.6;19.4;19.3
2024-04-11 07:47:25;31.5;60.0;57.9;51.0;74.1;83.9;19 °C;20.8;21.1;20.6;19.4;19.3
2024-04-11 07:57:24;31.5;60.0;57.9;51.0;74.1;83.9;19.1 °C;20.8;21.1;20.6;19.4;19.3
2024-04-11 08:07:25;31.5;59.9;57.9;51.0;74.1;83.9;19.2 °C;20.8;21.1;20.6;19.4;19.3
2024-04-11 08:17:21;31.5;60.0;57.9;51.0;74.0;83.9;19.3 °C;20.7;21.1;20.6;19.4;19.3
2024-04-11 08:27:22;31.6;59.9;57.8;51.0;74.0;83.9;19.4 °C;20.7;21.1;20.6;19.4;19.3
2024-04-11 08:37:25;31.6;59.9;57.8;51.0;74.0;83.9;19.6 °C;20.6;21.1;20.6;19.4;19.3
2024-04-11 08:47:22;31.6;59.9;57.8;50.9;73.9;83.9;19.7 °C;20.6;21;20.6;19.4;19.3
2024-04-11 08:57:28;31.6;59.9;57.8;50.9;73.9;83.9;19.8 °C;20.6;21;20.6;19.4;19.3
2024-04-11 09:07:23;31.6;59.9;57.8;50.9;73.9;83.9;19.8 °C;20.6;21;20.6;19.4;19.3
2024-04-11 09:17:26;31.6;59.9;57.8;51.0;73.9;83.9;19.9 °C;20.6;21;20.5;19.4;19.3
2024-04-11 09:27:20;31.6;59.9;57.8;51.0;73.8;83.9;20 °C;20.6;20.9;20.5;19.4;19.3
2024-04-11 09:37:20;31.6;59.8;57.8;51.0;73.8;83.9;20.1 °C;20.6;20.9;20.5;19.4;19.3
2024-04-11 09:47:25;31.6;59.9;57.8;51.0;73.8;83.9;20.1 °C;20.6;20.9;20.5;19.4;19.3
2024-04-11 09:57:21;31.6;59.9;57.8;51.0;73.8;83.9;20.2 °C;20.5;20.9;20.5;19.4;19.3
2024-04-11 10:07:27;31.6;59.9;57.8;50.9;73.8;83.9;20.3 °C;20.5;20.9;20.5;19.4;19.3
2024-04-11 10:17:21;31.6;59.9;57.8;50.9;73.8;83.8;20.4 °C;20.5;20.9;20.5;19.4;19.3
2024-04-11 10:27:22;31.6;59.9;57.7;51.0;73.8;83.9;20.4 °C;20.5;20.9;20.5;19.4;19.3
2024-04-11 10:37:21;31.6;59.9;57.8;50.9;73.7;83.9;20.5 °C;20.5;20.8;20.4;19.4;19.3
2024-04-11 10:47:22;31.6;59.9;57.7;50.9;73.7;83.8;20.6 °C;20.5;20.8;20.4;19.4;19.3
2024-04-11 10:57:28;31.6;59.9;57.7;50.9;73.7;83.8;20.6 °C;20.5;20.8;20.4;19.4;19.3
2024-04-11 11:07:24;31.7;59.9;57.7;50.9;73.7;83.8;20.8 °C;20.5;20.8;20.4;19.4;19.3
2024-04-11 11:17:23;31.6;59.8;57.7;50.9;73.6;83.8;20.8 °C;20.6;20.8;20.4;19.4;19.3
2024-04-11 11:27:22;31.6;59.8;57.7;50.9;73.7;83.8;20.9 °C;20.6;20.8;20.4;19.4;19.3
2024-04-11 11:37:24;31.6;59.8;57.7;50.9;73.6;83.8;21 °C;20.6;20.8;20.4;19.4;19.3
2024-04-11 11:47:24;31.6;59.8;57.7;50.9;73.6;83.8;21.1 °C;20.6;20.8;20.4;19.4;19.3
2024-04-11 11:57:26;31.6;59.9;57.7;50.9;73.6;83.8;21.3 °C;20.6;20.8;20.4;19.4;19.3
2024-04-11 12:07:27;31.6;59.9;57.7;50.9;73.6;83.8;21.4 °C;20.6;20.8;20.4;19.4;19.3
2024-04-11 12:17:27;31.6;59.8;57.7;50.9;73.6;83.8;21.5 °C;20.6;20.8;20.4;19.4;19.3
2024-04-11 12:27:25;31.6;59.9;57.6;50.9;73.6;83.8;21.6 °C;20.6;20.8;20.4;19.4;19.3
2024-04-11 12:37:23;31.6;59.9;57.7;50.9;73.6;83.8;21.8 °C;20.7;20.8;20.4;19.4;19.3
2024-04-11 12:47:25;31.6;59.9;57.6;50.9;73.6;83.8;21.9 °C;20.7;20.8;20.4;19.4;19.3
2024-04-11 12:57:22;31.6;59.9;57.7;50.9;73.6;83.8;22 °C;20.7;20.7;20.4;19.4;19.3
2024-04-11 13:07:24;31.6;59.8;57.7;50.9;73.6;83.8;22.2 °C;20.8;20.7;20.4;19.4;19.3
2024-04-11 13:17:25;31.7;59.9;57.7;50.9;73.6;83.8;22.3 °C;20.8;20.7;20.3;19.4;19.3
2024-04-11 13:27:23;31.6;59.9;57.7;50.9;73.6;83.8;22.4 °C;20.8;20.7;20.3;19.4;19.3
2024-04-11 13:37:22;31.6;59.9;57.7;50.9;73.7;83.8;22.6 °C;20.8;20.7;20.3;19.4;19.3
2024-04-11 13:47:24;31.6;59.9;57.7;50.9;73.7;83.8;22.7 °C;20.9;20.7;20.3;19.4;19.3
2024-04-11 13:57:21;31.7;59.9;57.7;50.9;73.7;83.8;22.8 °C;20.9;20.7;20.3;19.4;19.3
2024-04-11 14:07:27;31.6;59.9;57.6;50.9;73.7;83.8;22.9 °C;20.9;20.7;20.3;19.4;19.3
2024-04-11 14:17:23;31.7;59.9;57.7;50.9;73.7;83.8;23 °C;20.9;20.7;20.3;19.4;19.3
2024-04-11 14:27:26;31.6;59.9;57.6;50.9;73.8;83.8;23.1 °C;21;20.7;20.3;19.4;19.3
2024-04-11 14:37:20;31.6;59.9;57.7;50.9;73.8;83.8;23.1 °C;21.1;20.7;20.3;19.4;19.3
2024-04-11 14:47:21;31.6;59.9;57.6;50.9;73.9;83.8;23.3 °C;21.1;20.8;20.3;19.4;19.3
2024-04-11 14:57:26;31.6;59.9;57.6;50.9;73.9;83.8;23.3 °C;21.1;20.8;20.3;19.4;19.3
2024-04-11 15:07:25;31.6;59.9;57.6;50.9;74.0;83.8;23.4 °C;21.2;20.8;20.3;19.4;19.3
2024-04-11 15:17:27;31.6;60.0;57.6;50.9;74.0;83.8;23.4 °C;21.3;20.8;20.3;19.4;19.3
2024-04-11 15:27:23;31.6;60.0;57.6;50.9;74.1;83.8;23.6 °C;21.3;20.8;20.3;19.4;19.3
2024-04-11 15:37:26;31.6;60.0;57.7;50.9;74.2;83.8;23.7 °C;21.3;20.8;20.3;19.4;19.3
2024-04-11 15:47:24;31.6;60.0;57.7;50.9;74.3;83.8;23.8 °C;21.4;20.8;20.3;19.4;19.3
2024-04-11 15:57:21;31.5;60.0;57.7;50.9;74.4;83.8;23.8 °C;21.4;20.8;20.3;19.4;19.3
2024-04-11 16:07:27;31.5;60.0;57.7;50.9;74.4;83.8;23.9 °C;21.4;20.8;20.3;19.4;19.3
2024-04-11 16:17:27;31.6;60.0;57.7;50.9;74.5;83.8;23.9 °C;21.5;20.8;20.3;19.4;19.3
2024-04-11 16:27:26;31.6;60.1;57.8;50.9;74.5;83.8;24.1 °C;21.6;20.8;20.3;19.4;19.3
2024-04-11 16:37:21;31.6;60.1;57.8;50.9;74.6;83.8;24.1 °C;21.6;20.8;20.3;19.4;19.3
2024-04-11 16:47:23;31.6;60.1;57.8;50.9;74.7;83.8;24.2 °C;21.6;20.9;20.3;19.4;19.3
2024-04-11 16:57:27;31.5;60.1;57.8;50.9;74.7;83.8;24.3 °C;21.7;20.9;20.3;19.4;19.3
2024-04-11 17:07:27;31.6;60.1;57.8;51.0;74.8;83.8;24.3 °C;21.8;20.9;20.3;19.4;19.3
2024-04-11 17:17:23;31.6;60.1;57.8;51.0;74.9;83.8;24.4 °C;21.8;20.9;20.3;19.3;19.3
2024-04-11 17:27:23;31.6;60.1;57.8;51.0;74.9;83.8;24.5 °C;21.8;20.9;20.3;19.3;19.3
2024-04-11 17:37:27;31.6;60.1;57.8;51.0;75.0;83.8;24.6 °C;21.9;20.9;20.3;19.3;19.3
2024-04-11 17:47:26;31.6;60.1;57.8;51.0;75;83.8;24.6 °C;21.9;20.9;20.3;19.3;19.3
2024-04-11 17:57:21;31.5;60.2;57.8;51.0;75.0;83.8;24.6 °C;21.9;21;20.3;19.3;19.3
2024-04-11 18:07:27;31.5;60.2;57.8;51;74.9;84.0;24.5 °C;22;21;20.3;19.3;19.3
2024-04-11 18:17:25;31.5;60.2;57.8;51.0;74.9;84.2;24.4 °C;22.1;21;20.3;19.3;19.3
2024-04-11 18:27:24;31.4;60.2;57.8;51.0;74.9;84.2;24.3 °C;22.1;21.1;20.3;19.3;19.3
2024-04-11 18:37:25;31.5;60.2;57.8;51.0;74.9;84.3;24.2 °C;22.1;21.1;20.3;19.3;19.3
2024-04-11 18:47:22;31.4;60.2;57.9;51.1;74.9;84.3;24.1 °C;22.2;21.1;20.3;19.3;19.3
2024-04-11 18:57:24;31.4;60.3;57.9;51.1;74.9;84.3;23.9 °C;22.2;21.1;20.3;19.3;19.3
2024-04-11 19:07:21;31.3;60.3;57.9;51.1;74.9;84.4;23.7 °C;22.3;21.1;20.3;19.3;19.3
2024-04-11 19:17:23;31.3;60.3;57.9;51.1;74.9;84.4;23.6 °C;22.3;21.1;20.3;19.3;19.3
2024-04-11 19:27:22;31.3;60.3;57.9;51.1;74.9;84.4;23.4 °C;22.3;21.2;20.3;19.3;19.3
2024-04-11 19:37:23;31.3;60.3;57.9;51.1;74.9;84.4;23.3 °C;22.3;21.2;20.3;19.3;19.3
2024-04-11 19:47:24;31.3;60.3;57.9;51.1;74.9;84.4;23.1 °C;22.3;21.2;20.3;19.3;19.3
2024-04-11 19:57:25;31.3;60.3;57.9;51.1;74.9;84.4;22.9 °C;22.3;21.3;20.4;19.3;19.3
2024-04-11 20:07:26;31.3;60.3;57.9;51.1;74.9;84.4;22.8 °C;22.3;21.3;20.4;19.3;19.3
2024-04-11 20:17:26;31.2;60.3;57.9;51.1;74.9;84.4;22.6 °C;22.3;21.3;20.4;19.3;19.3
2024-04-11 20:27:25;31.1;60.3;57.9;51.1;74.9;84.4;22.5 °C;22.3;21.3;20.4;19.3;19.3
2024-04-11 20:37:21;31.1;60.3;57.9;51.1;74.9;84.4;22.4 °C;22.3;21.3;20.4;19.3;19.3
2024-04-11 20:47:24;31.1;60.3;57.9;51.1;74.9;84.4;22.3 °C;22.3;21.3;20.4;19.4;19.3
2024-04-11 20:57:20;31.1;60.3;57.9;51.1;74.9;84.4;22.1 °C;22.3;21.4;20.4;19.3;19.3
2024-04-11 21:07:22;31.0;60.3;57.9;51.1;74.9;84.4;22 °C;22.3;21.4;20.4;19.4;19.3
2024-04-11 21:17:21;31.0;60.3;57.9;51.1;74.9;84.4;21.9 °C;22.3;21.4;20.4;19.4;19.3
2024-04-11 21:27:22;31.0;60.3;57.9;51.1;74.9;84.4;21.8 °C;22.3;21.4;20.4;19.4;19.3
2024-04-11 21:37:21;31;60.3;57.9;51.1;74.8;84.4;21.7 °C;22.3;21.4;20.4;19.4;19.3
2024-04-11 21:47:20;31.0;60.3;57.9;51.1;74.9;84.4;21.6 °C;22.3;21.4;20.4;19.4;19.3
2024-04-11 21:57:25;31.0;60.3;57.9;51.1;74.9;84.4;21.5 °C;22.3;21.4;20.4;19.4;19.3
2024-04-11 22:07:27;31.0;60.3;57.9;51.1;74.8;84.4;21.4 °C;22.2;21.4;20.4;19.4;19.3
2024-04-11 22:17:22;31.0;60.2;58.0;51.1;74.8;84.4;21.3 °C;22.2;21.4;20.4;19.4;19.3
2024-04-11 22:27:21;31.0;60.2;58.0;51.1;74.8;84.4;21.2 °C;22.1;21.4;20.5;19.4;19.3
2024-04-11 22:37:24;31.0;60.2;58.0;51.1;74.8;84.4;21.1 °C;22.1;21.4;20.5;19.4;19.3
2024-04-11 22:47:20;31.0;60.2;57.9;51.1;74.8;84.4;21.1 °C;22.1;21.4;20.5;19.4;19.3
2024-04-11 22:57:26;31.0;60.2;57.9;51.1;74.7;84.4;21 °C;22.1;21.4;20.5;19.4;19.3
2024-04-11 23:07:20;31.0;60.2;57.9;51.1;74.8;84.3;20.9 °C;22.1;21.5;20.5;19.4;19.3
2024-04-11 23:17:21;31.0;60.2;57.9;51.1;74.7;84.3;20.8 °C;22;21.5;20.5;19.4;19.3
2024-04-11 23:27:19;31;60.2;57.9;51.1;74.7;84.3;20.8 °C;22;21.5;20.5;19.4;19.3
2024-04-11 23:37:20;31.0;60.1;57.9;51.1;74.7;84.3;20.7 °C;21.9;21.5;20.6;19.4;19.3
2024-04-11 23:47:24;31.0;60.1;57.9;51.1;74.7;84.3;20.6 °C;21.9;21.5;20.6;19.4;19.3
2024-04-11 23:57:25;31.0;60.1;57.9;51.1;74.7;84.3;20.5 °C;21.9;21.5;20.6;19.4;19.3
2024-04-12 00:07:21;31.0;60.1;57.9;51.1;74.6;84.3;20.4 °C;21.9;21.5;20.6;19.4;19.3
2024-04-12 00:17:26;31.0;60.1;57.9;51.1;74.6;84.3;20.4 °C;21.8;21.5;20.6;19.4;19.3
2024-04-12 00:27:25;31.0;60.1;57.9;51.1;74.6;84.2;20.3 °C;21.8;21.4;20.6;19.4;19.3
2024-04-12 00:37:23;31.0;60.1;57.9;51.1;74.6;84.2;20.3 °C;21.8;21.4;20.6;19.4;19.3
2024-04-12 00:47:25;31.0;60.1;57.9;51.1;74.6;84.2;20.2 °C;21.7;21.4;20.6;19.4;19.3
2024-04-12 00:57:22;30.9;60.1;57.9;51.1;74.6;84.2;20.1 °C;21.7;21.4;20.6;19.4;19.3
2024-04-12 01:07:26;31.0;60.0;57.9;51.1;74.6;84.2;20.1 °C;21.6;21.4;20.6;19.4;19.4
2024-04-12 01:17:24;31.0;60.0;57.9;51.1;74.6;84.2;20 °C;21.6;21.4;20.6;19.4;19.4
2024-04-12 01:27:22;31.0;60.0;57.9;51.1;74.6;84.2;19.9 °C;21.6;21.4;20.6;19.4;19.4
2024-04-12 01:37:20;30.9;60.0;57.9;51.1;74.7;84.2;19.9 °C;21.6;21.4;20.6;19.4;19.4
2024-04-12 01:47:21;30.9;60.0;57.9;51.1;74.7;84.1;19.8 °C;21.5;21.4;20.6;19.4;19.4
2024-04-12 01:57:23;30.9;60.0;57.8;51.1;74.7;84.2;19.8 °C;21.5;21.4;20.6;19.4;19.4
2024-04-12 02:07:25;31.0;60.0;57.8;51.1;74.6;84.1;19.7 °C;21.4;21.4;20.6;19.4;19.4
2024-04-12 02:17:26;31.0;60.0;57.8;51.1;74.6;84.1;19.6 °C;21.4;21.4;20.6;19.4;19.4
2024-04-12 02:27:21;31.0;60.0;57.8;51.1;74.6;84.1;19.6 °C;21.4;21.4;20.6;19.4;19.4
2024-04-12 02:37:23;31.0;59.9;57.8;51.1;74.5;84.1;19.6 °C;21.4;21.4;20.6;19.4;19.4
2024-04-12 02:47:20;31.0;59.9;57.8;51.1;74.5;84.1;19.5 °C;21.3;21.4;20.6;19.5;19.4
2024-04-12 02:57:22;31.0;59.9;57.8;51.1;74.5;84.1;19.4 °C;21.3;21.3;20.6;19.5;19.4
2024-04-12 03:07:22;30.9;59.9;57.8;51.1;74.5;84.1;19.4 °C;21.3;21.3;20.6;19.5;19.4
2024-04-12 03:17:26;31.0;59.9;57.8;51.1;74.4;84.1;19.3 °C;21.2;21.3;20.6;19.5;19.4
2024-04-12 03:27:22;31.0;59.9;57.8;51.1;74.4;84.1;19.3 °C;21.2;21.3;20.6;19.5;19.4
2024-04-12 03:37:22;31.0;59.8;57.8;51.1;74.4;84.1;19.3 °C;21.1;21.3;20.6;19.5;19.4
2024-04-12 03:47:22;31.0;59.8;57.8;51.1;74.4;84.0;19.2 °C;21.1;21.3;20.6;19.5;19.4
2024-04-12 03:57:25;31.0;59.8;57.8;51.0;74.4;84.0;19.1 °C;21.1;21.3;20.6;19.5;19.4
2024-04-12 04:07:19;31.0;59.8;57.8;51.0;74.3;84.0;19.1 °C;21.1;21.3;20.6;19.5;19.4
2024-04-12 04:17:23;31.0;59.8;57.8;51.0;74.3;84.0;19 °C;21;21.2;20.6;19.5;19.4
2024-04-12 04:27:24;31.0;59.8;57.8;51.0;74.2;84.0;19 °C;20.9;21.2;20.6;19.5;19.4
2024-04-12 04:37:20;31.0;59.8;57.8;51.0;74.2;84.0;18.9 °C;20.9;21.2;20.6;19.5;19.4
2024-04-12 04:47:25;31;59.8;57.7;51.0;74.2;84.0;18.9 °C;20.9;21.2;20.6;19.5;19.4
2024-04-12 04:57:24;31.0;59.8;57.7;51.0;74.1;84.0;18.8 °C;20.9;21.1;20.6;19.5;19.4
2024-04-12 05:07:22;31.0;59.7;57.7;51.0;74.1;83.9;18.8 °C;20.8;21.1;20.6;19.5;19.4
2024-04-12 05:17:21;31.0;59.7;57.7;51.0;74.1;83.9;18.8 °C;20.8;21.1;20.6;19.5;19.4
2024-04-12 05:27:23;31.0;59.7;57.7;51.0;74.0;83.9;18.7 °C;20.8;21.1;20.6;19.5;19.4
2024-04-12 05:37:20;31.0;59.7;57.7;51.0;74.0;83.9;18.7 °C;20.8;21.1;20.6;19.5;19.4
2024-04-12 05:47:26;31.0;59.7;57.7;51.0;74.0;83.9;18.6 °C;20.7;21.1;20.6;19.5;19.4
2024-04-12 05:57:20;31.0;59.7;57.7;51.0;73.9;83.9;18.6 °C;20.7;21.1;20.6;19.5;19.4
2024-04-12 06:07:23;31.0;59.7;57.7;51.0;73.9;83.9;18.6 °C;20.6;21.1;20.6;19.5;19.4
2024-04-12 06:17:24;31.0;59.7;57.7;51.0;73.9;83.9;18.5 °C;20.6;21;20.6;19.5;19.4
2024-04-12 06:27:21;31.0;59.6;57.7;51.0;73.9;83.9;18.4 °C;20.6;21;20.6;19.5;19.4
2024-04-12 06:37:20;31.0;59.6;57.6;51.0;73.9;83.9;18.4 °C;20.6;21;20.6;19.5;19.4
2024-04-12 06:47:22;31.0;59.6;57.6;50.9;73.9;83.9;18.4 °C;20.5;20.9;20.6;19.5;19.4
2024-04-12 06:57:26;31.0;59.6;57.6;51.0;73.8;83.9;18.4 °C;20.5;20.9;20.5;19.5;19.4
2024-04-12 07:07:22;31.0;59.6;57.6;51.0;73.8;83.9;18.4 °C;20.4;20.9;20.5;19.5;19.4
2024-04-12 07:17:21;31.0;59.6;57.6;51.0;73.8;83.9;18.4 °C;20.4;20.9;20.5;19.5;19.4
2024-04-12 07:27:19;31.0;59.6;57.6;50.9;73.8;83.9;18.4 °C;20.4;20.9;20.5;19.5;19.4
2024-04-12 07:37:20;31.0;59.6;57.6;50.9;73.7;83.9;18.5 °C;20.3;20.9;20.5;19.5;19.4
2024-04-12 07:47:25;31.0;59.6;57.6;50.9;73.7;83.9;18.6 °C;20.3;20.9;20.5;19.5;19.4
2024-04-12 07:57:21;31.0;59.6;57.6;50.9;73.7;83.9;18.6 °C;20.3;20.8;20.5;19.5;19.4
2024-04-12 08:07:20;31.1;59.6;57.6;50.9;73.6;83.9;18.7 °C;20.3;20.8;20.5;19.5;19.4
2024-04-12 08:17:26;31.1;59.6;57.6;50.9;73.6;83.9;18.8 °C;20.3;20.8;20.5;19.5;19.4
2024-04-12 08:27:26;31.1;59.5;57.5;50.9;73.6;83.9;19 °C;20.2;20.8;20.4;19.5;19.4
2024-04-12 08:37:22;31.1;59.5;57.5;50.9;73.6;83.9;19.2 °C;20.2;20.8;20.4;19.5;19.4
2024-04-12 08:47:22;31.0;59.5;57.5;50.9;73.5;83.9;19.4 °C;20.2;20.8;20.4;19.5;19.4
2024-04-12 08:57:24;31.1;59.5;57.5;50.9;73.5;83.9;19.5 °C;20.1;20.7;20.4;19.5;19.4
2024-04-12 09:07:23;31.1;59.5;57.5;50.9;73.5;83.9;19.7 °C;20.1;20.7;20.4;19.5;19.4
2024-04-12 09:17:23;31.2;59.5;57.5;50.8;73.4;83.9;19.8 °C;20.1;20.7;20.4;19.5;19.4
2024-04-12 09:27:25;31.1;59.5;57.5;50.9;73.4;83.9;19.9 °C;20.1;20.7;20.4;19.5;19.4
2024-04-12 09:37:24;31.1;59.5;57.5;50.9;73.4;83.9;19.9 °C;20.1;20.6;20.4;19.5;19.4
2024-04-12 09:47:20;31.1;59.5;57.5;50.8;73.4;83.9;20 °C;20.1;20.6;20.4;19.5;19.4
2024-04-12 09:57:23;31.1;59.5;57.5;50.8;73.4;83.9;20.1 °C;20.1;20.6;20.4;19.5;19.4
2024-04-12 10:07:18;31.1;59.5;57.4;50.8;73.4;83.9;20.1 °C;20.1;20.6;20.4;19.5;19.4
2024-04-12 10:17:19;31.1;59.5;57.4;50.8;73.3;83.9;20.2 °C;20.1;20.6;20.4;19.5;19.4
2024-04-12 10:27:24;31.1;59.5;57.4;50.8;73.3;83.8;20.3 °C;20.1;20.6;20.4;19.4;19.4
2024-04-12 10:37:21;31.2;59.5;57.4;50.8;73.3;83.9;20.3 °C;20.1;20.6;20.3;19.4;19.4
2024-04-12 10:47:20;31.1;59.5;57.4;50.8;73.3;83.8;20.4 °C;20.1;20.6;20.3;19.4;19.4
2024-04-12 10:57:18;31.1;59.5;57.4;50.8;73.3;83.8;20.6 °C;20.1;20.5;20.3;19.4;19.4
2024-04-12 11:07:19;31.2;59.5;57.4;50.8;73.3;83.8;20.6 °C;20.2;20.5;20.3;19.4;19.4
2024-04-12 11:17:24;31.1;59.5;57.4;50.8;73.3;83.8;20.8 °C;20.2;20.5;20.3;19.4;19.4
2024-04-12 11:27:26;31.2;59.5;57.4;50.8;73.2;83.8;20.9 °C;20.2;20.5;20.3;19.4;19.4
2024-04-12 11:37:20;31.2;59.5;57.4;50.8;73.2;83.8;21.2 °C;20.3;20.5;20.3;19.4;19.4
2024-04-12 11:47:19;31.2;59.5;57.4;50.8;73.2;83.8;21.5 °C;20.3;20.5;20.3;19.4;19.4
2024-04-12 11:57:19;31.2;59.5;57.4;50.8;73.2;83.8;21.8 °C;20.3;20.4;20.3;19.4;19.4
2024-04-12 12:07:20;31.2;59.5;57.4;50.8;73.2;83.8;22.2 °C;20.3;20.4;20.3;19.4;19.4
2024-04-12 12:17:18;31.3;59.5;57.4;50.8;73.2;83.8;22.5 °C;20.3;20.4;20.3;19.4;19.4
2024-04-12 12:27:22;31.3;59.5;57.4;50.8;73.2;83.8;22.8 °C;20.4;20.4;20.3;19.4;19.4
2024-04-12 12:37:23;31.3;59.5;57.4;50.8;73.2;83.8;22.9 °C;20.4;20.4;20.3;19.4;19.4
2024-04-12 12:47:23;31.3;59.5;57.4;50.8;73.2;83.8;23.1 °C;20.4;20.4;20.3;19.4;19.4
2024-04-12 12:57:25;31.3;59.5;57.3;50.8;73.2;83.8;23.4 °C;20.5;20.4;20.2;19.4;19.4
2024-04-12 13:07:23;31.3;59.6;57.3;50.8;73.2;83.8;23.6 °C;20.6;20.4;20.2;19.4;19.4
2024-04-12 13:17:21;31.3;59.5;57.3;50.8;73.2;83.8;23.8 °C;20.6;20.4;20.2;19.4;19.4
2024-04-12 13:27:23;31.3;59.6;57.3;50.7;73.2;83.8;23.9 °C;20.7;20.4;20.2;19.4;19.4
2024-04-12 13:37:22;31.3;59.6;57.3;50.7;73.2;83.8;24.1 °C;20.8;20.4;20.2;19.4;19.4
2024-04-12 13:47:25;31.3;59.6;57.4;50.8;73.3;83.8;24.3 °C;20.8;20.5;20.2;19.4;19.4
2024-04-12 13:57:20;31.3;59.6;57.4;50.8;73.3;83.8;24.5 °C;20.9;20.5;20.2;19.4;19.4
2024-04-12 14:07:23;31.3;59.6;57.4;50.8;73.4;83.8;24.6 °C;20.9;20.5;20.2;19.4;19.4
2024-04-12 14:17:23;31.4;59.6;57.4;50.8;73.4;83.8;24.8 °C;21;20.5;20.2;19.4;19.4
2024-04-12 14:27:20;31.4;59.7;57.4;50.8;73.4;83.8;24.9 °C;21.1;20.5;20.2;19.4;19.4
2024-04-12 14:37:18;31.4;59.7;57.4;50.7;73.5;83.8;25.1 °C;21.1;20.5;20.2;19.4;19.4
2024-04-12 14:47:20;31.4;59.7;57.3;50.8;73.5;83.8;25.3 °C;21.3;20.6;20.2;19.4;19.4
2024-04-12 14:57:21;31.4;59.7;57.3;50.8;73.6;83.8;25.4 °C;21.3;20.6;20.2;19.4;19.4
2024-04-12 15:07:20;31.4;59.8;57.4;50.8;73.6;83.8;25.6 °C;21.4;20.6;20.1;19.4;19.4
2024-04-12 15:17:18;31.5;59.8;57.4;50.8;73.7;83.8;25.8 °C;21.5;20.6;20.1;19.4;19.4
2024-04-12 15:27:23;31.5;59.8;57.4;50.8;73.7;83.8;25.9 °C;21.6;20.6;20.1;19.4;19.4
2024-04-12 15:37:26;31.5;59.8;57.4;50.8;73.8;83.8;26.1 °C;21.7;20.6;20.1;19.4;19.4
2024-04-12 15:47:21;31.5;59.8;57.4;50.8;73.9;83.7;26.3 °C;21.8;20.7;20.1;19.3;19.4
2024-04-12 15:57:20;31.5;59.9;57.4;50.8;74.0;83.7;26.4 °C;21.9;20.7;20.1;19.3;19.4
2024-04-12 16:07:23;31.5;59.9;57.4;50.8;74.1;83.7;26.6 °C;21.9;20.8;20.1;19.3;19.4
2024-04-12 16:17:21;31.5;59.9;57.4;50.8;74.3;83.7;26.8 °C;22.1;20.8;20.1;19.3;19.4
2024-04-12 16:27:22;31.5;59.9;57.4;50.9;74.4;83.7;26.8 °C;22.1;20.8;20.2;19.3;19.4
2024-04-12 16:37:21;31.5;60.0;57.4;50.9;74.5;83.7;26.9 °C;22.3;20.8;20.2;19.3;19.4
2024-04-12 16:47:24;31.5;60.0;57.5;50.9;74.6;83.8;27 °C;22.3;20.9;20.2;19.3;19.4
2024-04-12 16:57:18;31.4;60.0;57.5;50.9;74.6;83.8;27.1 °C;22.4;20.9;20.2;19.3;19.4
2024-04-12 17:07:23;31.4;60.0;57.5;50.9;74.6;83.9;27.2 °C;22.5;20.9;20.2;19.3;19.4
2024-04-12 17:17:23;31.4;60.1;57.5;50.9;74.6;84.0;27.2 °C;22.6;20.9;20.2;19.3;19.4
2024-04-12 17:27:20;31.4;60.1;57.5;50.9;74.6;84.1;27.2 °C;22.7;21;20.2;19.3;19.4
2024-04-12 17:37:19;31.4;60.2;57.5;50.9;74.6;84.2;27.1 °C;22.8;21.1;20.2;19.3;19.4
2024-04-12 17:47:21;31.3;60.2;57.6;50.9;74.6;84.2;27.1 °C;22.9;21.1;20.2;19.3;19.4
2024-04-12 18:07:18;31.2;60.2;57.6;51.0;74.6;84.3;26.8 °C;23;21.2;20.3;19.3;19.4
2024-04-12 18:17:22;31.2;60.3;57.6;51.0;74.6;84.3;26.6 °C;23.1;21.2;20.3;19.3;19.4
2024-04-12 18:27:23;31.2;60.3;57.6;51.0;74.6;84.3;26.5 °C;23.1;21.3;20.3;19.3;19.4
2024-04-12 18:37:21;31.2;60.3;57.6;51.0;74.6;84.3;26.3 °C;23.2;21.3;20.3;19.3;19.4
2024-04-12 18:47:20;31.1;60.3;57.6;51.0;74.7;84.3;26.2 °C;23.3;21.4;20.3;19.3;19.4
2024-04-12 18:57:22;31.1;60.3;57.6;51.0;74.6;84.3;26 °C;23.3;21.4;20.3;19.3;19.4
2024-04-12 19:07:19;31.0;60.4;57.7;51;74.6;84.4;25.8 °C;23.4;21.4;20.3;19.3;19.4
2024-04-12 19:17:25;31.0;60.4;57.7;51.0;74.7;84.4;25.6 °C;23.4;21.5;20.3;19.3;19.4
2024-04-12 19:27:21;31.0;60.4;57.7;51.0;74.6;84.3;25.4 °C;23.4;21.5;20.4;19.3;19.4
2024-04-12 19:37:25;30.9;60.4;57.7;51.0;74.7;84.3;25.3 °C;23.4;21.6;20.4;19.3;19.4
2024-04-12 19:47:21;30.9;60.4;57.7;51.0;74.7;84.3;25.1 °C;23.5;21.6;20.4;19.3;19.4
2024-04-12 19:57:24;30.9;60.4;57.8;51.0;74.7;84.4;24.9 °C;23.5;21.6;20.4;19.3;19.4
2024-04-12 20:07:18;30.8;60.4;57.7;51.0;74.6;84.3;24.7 °C;23.5;21.7;20.4;19.4;19.4
2024-04-12 20:17:19;30.8;60.4;57.8;51.0;74.6;84.3;24.6 °C;23.5;21.8;20.4;19.4;19.4
2024-04-12 20:27:25;30.8;60.4;57.8;51.0;74.6;84.3;24.4 °C;23.5;21.8;20.4;19.4;19.4
2024-04-12 20:37:25;30.8;60.4;57.8;51.0;74.6;84.3;24.2 °C;23.5;21.8;20.5;19.4;19.4
2024-04-12 20:47:19;30.7;60.4;57.8;51.1;74.6;84.3;24.1 °C;23.5;21.8;20.5;19.4;19.4
2024-04-12 20:57:18;30.7;60.4;57.8;51.1;74.6;84.3;23.9 °C;23.5;21.9;20.5;19.4;19.4
2024-04-12 21:07:19;30.7;60.4;57.8;51.0;74.6;84.3;23.8 °C;23.5;21.9;20.6;19.4;19.4
2024-04-12 21:17:21;30.7;60.4;57.8;51.0;74.6;84.3;23.6 °C;23.5;21.9;20.6;19.4;19.4
2024-04-12 21:27:21;30.7;60.4;57.8;51.0;74.6;84.3;23.5 °C;23.5;21.9;20.6;19.4;19.4
2024-04-12 21:37:21;30.7;60.4;57.8;51.0;74.5;84.3;23.4 °C;23.4;21.9;20.6;19.4;19.4
2024-04-12 21:47:21;30.7;60.4;57.8;51.0;74.5;84.3;23.3 °C;23.4;22;20.6;19.4;19.4
2024-04-12 21:57:21;30.7;60.4;57.8;51.0;74.5;84.3;23.1 °C;23.4;22;20.6;19.4;19.4
2024-04-12 22:07:20;30.7;60.4;57.9;51.1;74.5;84.2;23 °C;23.4;22.1;20.7;19.4;19.4
2024-04-12 22:17:17;30.7;60.4;57.9;51.1;74.5;84.2;22.9 °C;23.4;22.1;20.7;19.4;19.4
2024-04-12 22:27:22;30.6;60.4;57.9;51.1;74.4;84.2;22.8 °C;23.3;22.1;20.7;19.4;19.4
2024-04-12 22:37:23;30.6;60.4;57.9;51.1;74.4;84.2;22.7 °C;23.3;22.1;20.8;19.4;19.4
2024-04-12 22:47:25;30.6;60.4;57.9;51.1;74.4;84.2;22.6 °C;23.3;22.1;20.8;19.4;19.4
2024-04-12 22:57:21;30.6;60.4;57.9;51.1;74.4;84.2;22.5 °C;23.3;22.1;20.8;19.4;19.4
2024-04-12 23:17:22;30.6;60.4;57.9;51.1;74.3;84.2;22.3 °C;23.2;22.1;20.8;19.5;19.4
2024-04-12 23:27:17;30.6;60.3;57.9;51.1;74.3;84.1;22.2 °C;23.2;22.1;20.8;19.5;19.4
2024-04-12 23:37:21;30.6;60.4;57.9;51.1;74.3;84.1;22.1 °C;23.1;22.2;20.8;19.5;19.4
2024-04-12 23:47:18;30.5;60.4;57.9;51.1;74.3;84.1;21.9 °C;23.1;22.2;20.8;19.5;19.4
2024-04-12 23:57:18;30.6;60.3;57.9;51.1;74.2;84.1;21.9 °C;23.1;22.2;20.9;19.5;19.4
2024-04-13 00:07:21;30.6;60.3;57.9;51.1;74.2;84.1;21.8 °C;23;22.2;20.9;19.5;19.4
2024-04-13 00:17:18;30.6;60.3;57.9;51.1;74.1;84.1;21.7 °C;23;22.2;20.9;19.6;19.4
2024-04-13 00:27:23;30.6;60.3;57.9;51.1;74.1;84.1;21.6 °C;22.9;22.2;20.9;19.6;19.4
2024-04-13 00:37:25;30.5;60.3;57.9;51.1;74.1;84.0;21.5 °C;22.9;22.2;20.9;19.6;19.4
2024-04-13 00:47:25;30.6;60.3;57.9;51.1;74.0;84.0;21.4 °C;22.9;22.2;20.9;19.6;19.4
2024-04-13 00:57:21;30.5;60.3;57.9;51.1;74.0;84.0;21.3 °C;22.8;22.2;20.9;19.6;19.4
2024-04-13 01:07:25;30.6;60.2;57.9;51.1;74.0;84.0;21.3 °C;22.8;22.2;20.9;19.6;19.4
2024-04-13 01:17:24;30.5;60.2;57.9;51.1;74.0;84.0;21.2 °C;22.8;22.2;20.9;19.6;19.4
2024-04-13 01:27:24;30.5;60.2;57.9;51.1;74.0;84.0;21.1 °C;22.7;22.2;21;19.6;19.4
2024-04-13 01:37:18;30.6;60.2;57.9;51.1;74.0;84.0;21 °C;22.7;22.2;21;19.6;19.4
2024-04-13 01:47:19;30.5;60.2;57.9;51.1;74.0;83.9;20.9 °C;22.6;22.2;21;19.6;19.4
2024-04-13 01:57:21;30.6;60.2;57.9;51.1;74.0;83.9;20.9 °C;22.6;22.1;21;19.6;19.4
2024-04-13 02:07:17;30.5;60.2;57.9;51.1;73.9;83.9;20.8 °C;22.6;22.1;21;19.6;19.4
2024-04-13 02:17:21;30.5;60.2;57.9;51.1;73.9;83.9;20.8 °C;22.5;22.1;21;19.6;19.5
2024-04-13 02:27:22;30.5;60.2;57.8;51.1;73.9;83.9;20.7 °C;22.4;22.1;21;19.7;19.5
2024-04-13 02:37:19;30.5;60.2;57.8;51.1;73.9;83.9;20.6 °C;22.4;22.1;21.1;19.7;19.5
2024-04-13 02:47:24;30.6;60.1;57.8;51.0;73.9;83.9;20.5 °C;22.4;22.1;21.1;19.7;19.5
2024-04-13 02:57:25;30.6;60.1;57.8;51.0;73.8;83.9;20.4 °C;22.4;22.1;21.1;19.7;19.5
2024-04-13 03:07:24;30.6;60.1;57.9;51.1;73.8;83.9;20.4 °C;22.3;22.1;21.1;19.7;19.5
2024-04-13 03:17:19;30.5;60.1;57.9;51.0;73.8;83.9;20.3 °C;22.3;22.1;21.1;19.7;19.5
2024-04-13 03:27:22;30.5;60.1;57.8;51.1;73.8;83.9;20.3 °C;22.3;22.1;21.1;19.7;19.5
2024-04-13 03:37:18;30.6;60.0;57.8;51.0;73.8;83.9;20.2 °C;22.2;22.1;21.1;19.7;19.5
2024-04-13 03:47:19;30.5;60.0;57.8;51.1;73.8;83.9;20.1 °C;22.1;22.1;21.1;19.7;19.5
2024-04-13 03:57:17;30.5;60;57.8;51.0;73.8;83.9;20.1 °C;22.1;22;21.1;19.8;19.5
2024-04-13 04:07:18;30.5;60.0;57.8;51.0;73.8;83.9;20 °C;22.1;22;21.1;19.8;19.5
2024-04-13 04:17:22;30.5;60.0;57.8;51.0;73.8;83.9;19.9 °C;22;22;21.1;19.8;19.5
2024-04-13 04:27:23;30.5;60.0;57.8;51.0;73.8;83.9;19.8 °C;22;22;21.1;19.8;19.5
2024-04-13 04:37:19;30.6;60.0;57.8;51.0;73.8;83.9;19.8 °C;21.9;21.9;21.1;19.8;19.6
2024-04-13 04:47:24;30.5;59.9;57.8;51.0;73.8;83.9;19.8 °C;21.9;21.9;21.1;19.8;19.6
2024-04-13 04:57:23;30.6;60.0;57.7;51.0;73.8;83.9;19.7 °C;21.9;21.9;21.1;19.8;19.6
2024-04-13 05:07:21;30.5;60.0;57.7;51.0;73.8;83.9;19.6 °C;21.8;21.9;21.1;19.8;19.6
2024-04-13 05:17:22;30.5;60.0;57.7;51.0;73.7;83.9;19.6 °C;21.8;21.9;21.1;19.8;19.6
2024-04-13 05:27:18;30.6;59.9;57.7;51.0;73.7;83.9;19.5 °C;21.8;21.9;21.1;19.8;19.6
2024-04-13 05:37:20;30.6;59.9;57.7;51.0;73.7;83.9;19.4 °C;21.7;21.9;21.1;19.8;19.6
2024-04-13 05:47:22;30.6;59.9;57.7;51.0;73.7;83.9;19.4 °C;21.6;21.8;21.1;19.8;19.6
2024-04-13 05:57:19;30.6;59.9;57.7;51.0;73.7;83.9;19.3 °C;21.6;21.8;21.1;19.8;19.6
2024-04-13 06:07:18;30.6;59.9;57.7;51.0;73.7;83.9;19.3 °C;21.6;21.8;21.1;19.8;19.6
2024-04-13 06:17:23;30.5;59.9;57.7;51.0;73.7;83.9;19.3 °C;21.5;21.8;21.1;19.8;19.6
2024-04-13 06:27:21;30.6;59.8;57.7;51.0;73.7;83.9;19.2 °C;21.5;21.8;21.1;19.8;19.6
2024-04-13 06:37:23;30.5;59.8;57.7;51.0;73.7;83.9;19.2 °C;21.4;21.8;21.1;19.8;19.6
2024-04-13 06:47:24;30.6;59.8;57.7;51.0;73.6;83.9;19.1 °C;21.4;21.8;21.1;19.8;19.6
2024-04-13 06:57:24;30.6;59.8;57.7;51.0;73.6;83.9;19.1 °C;21.4;21.7;21.1;19.8;19.6
2024-04-13 07:07:22;30.6;59.8;57.6;51.0;73.6;83.9;19.1 °C;21.3;21.7;21.1;19.8;19.6
2024-04-13 07:17:19;30.6;59.8;57.7;51.0;73.6;83.9;19.1 °C;21.3;21.7;21.1;19.8;19.6
2024-04-13 07:27:22;30.6;59.8;57.6;51.0;73.6;83.9;19.1 °C;21.3;21.6;21.1;19.8;19.6
2024-04-13 07:37:19;30.6;59.8;57.6;51.0;73.6;83.9;19.1 °C;21.3;21.6;21.1;19.8;19.6
2024-04-13 07:47:21;30.6;59.7;57.6;51.0;73.5;83.9;19.2 °C;21.2;21.6;21;19.8;19.6
2024-04-13 07:57:21;30.6;59.7;57.6;51.0;73.5;83.9;19.3 °C;21.1;21.6;21;19.8;19.6
2024-04-13 08:07:17;30.7;59.7;57.6;51.0;73.5;83.9;19.3 °C;21.1;21.6;21;19.8;19.6
2024-04-13 08:17:21;30.7;59.7;57.6;51.0;73.5;83.9;19.5 °C;21.1;21.6;21;19.8;19.6
2024-04-13 08:27:17;30.6;59.7;57.6;51.0;73.5;83.9;19.7 °C;21.1;21.5;21;19.8;19.6
2024-04-13 08:37:18;30.7;59.7;57.6;51.0;73.4;83.9;19.9 °C;21;21.5;21;19.8;19.6
2024-04-13 08:47:24;30.7;59.7;57.6;51.0;73.4;83.9;20 °C;21;21.5;21;19.8;19.6
2024-04-13 08:57:24;30.6;59.7;57.5;51.0;73.4;83.9;20.1 °C;21;21.4;21;19.8;19.6
2024-04-13 09:07:18;30.7;59.6;57.6;50.9;73.4;83.9;20.3 °C;20.9;21.4;21;19.8;19.6
2024-04-13 09:17:17;30.7;59.6;57.5;50.9;73.4;83.9;20.4 °C;20.9;21.4;20.9;19.8;19.6
2024-04-13 09:27:18;30.7;59.6;57.5;50.9;73.4;83.9;20.6 °C;20.9;21.4;20.9;19.8;19.6
2024-04-13 09:37:19;30.7;59.6;57.5;50.9;73.4;83.9;20.7 °C;20.9;21.4;20.9;19.8;19.6
2024-04-13 09:47:18;30.6;59.6;57.5;50.9;73.3;83.9;20.8 °C;20.9;21.4;20.9;19.8;19.7
2024-04-13 09:57:23;30.6;59.6;57.5;50.9;73.4;83.9;20.8 °C;20.9;21.3;20.9;19.8;19.7
2024-04-13 10:07:19;30.6;59.6;57.4;50.9;73.3;83.9;20.9 °C;20.9;21.3;20.9;19.8;19.7
2024-04-13 10:17:18;30.6;59.6;57.4;50.9;73.3;83.9;20.9 °C;20.9;21.3;20.9;19.8;19.7
2024-04-13 10:27:23;30.7;59.6;57.4;50.9;73.3;83.9;21 °C;20.9;21.3;20.9;19.8;19.7
2024-04-13 10:37:20;30.7;59.6;57.4;50.9;73.3;83.9;21.1 °C;20.9;21.3;20.9;19.8;19.7
2024-04-13 10:47:21;30.7;59.6;57.4;50.9;73.3;83.9;21.2 °C;20.9;21.3;20.9;19.8;19.7
2024-04-13 10:57:22;30.6;59.6;57.4;50.9;73.3;83.9;21.3 °C;20.9;21.3;20.9;19.8;19.7
2024-04-13 11:07:20;30.6;59.6;57.4;50.9;73.3;83.9;21.4 °C;20.9;21.2;20.9;19.8;19.7
2024-04-13 11:17:24;30.7;59.6;57.4;50.9;73.3;83.9;21.6 °C;20.9;21.2;20.9;19.8;19.7
2024-04-13 11:27:22;30.7;59.6;57.4;50.9;73.2;83.9;21.7 °C;20.9;21.2;20.8;19.8;19.7
2024-04-13 11:37:21;30.8;59.6;57.4;50.9;73.2;83.9;21.9 °C;21;21.2;20.8;19.8;19.7
2024-04-13 11:47:22;30.8;59.6;57.4;50.8;73.2;83.9;22.3 °C;21;21.2;20.8;19.8;19.7
2024-04-13 11:57:19;30.8;59.6;57.4;50.9;73.2;83.9;22.6 °C;21;21.2;20.8;19.8;19.7
2024-04-13 12:07:21;30.8;59.6;57.4;50.8;73.2;83.9;22.9 °C;21.1;21.2;20.8;19.8;19.7
2024-04-13 12:17:16;30.8;59.6;57.3;50.8;73.2;83.9;23.3 °C;21.1;21.1;20.8;19.8;19.7
2024-04-13 12:27:17;30.8;59.6;57.3;50.8;73.2;83.8;23.5 °C;21.1;21.1;20.8;19.8;19.7
2024-04-13 12:37:20;30.8;59.6;57.3;50.8;73.2;83.9;23.8 °C;21.2;21.1;20.8;19.8;19.7
2024-04-13 12:47:17;30.8;59.6;57.3;50.8;73.2;83.9;24 °C;21.2;21.1;20.8;19.8;19.7
2024-04-13 12:57:22;30.8;59.7;57.3;50.8;73.1;83.8;24.2 °C;21.3;21.1;20.8;19.8;19.7
2024-04-13 13:07:24;30.8;59.6;57.3;50.8;73.2;83.9;24.4 °C;21.3;21.1;20.8;19.8;19.7
2024-04-13 13:17:23;30.8;59.7;57.3;50.8;73.2;83.8;24.6 °C;21.4;21.1;20.8;19.8;19.7
2024-04-13 13:27:19;30.8;59.7;57.3;50.8;73.2;83.9;24.8 °C;21.4;21.1;20.8;19.8;19.7
2024-04-13 13:37:22;30.8;59.8;57.3;50.8;73.2;83.8;25 °C;21.4;21.1;20.8;19.8;19.7
2024-04-13 13:47:18;30.8;59.8;57.3;50.8;73.2;83.8;25.2 °C;21.5;21.1;20.8;19.8;19.7
2024-04-13 13:57:21;30.8;59.8;57.3;50.9;73.2;83.8;25.3 °C;21.6;21.1;20.8;19.8;19.7
2024-04-13 14:07:21;30.8;59.8;57.3;50.9;73.2;83.9;25.5 °C;21.7;21.2;20.7;19.8;19.7
2024-04-13 14:17:18;30.8;59.8;57.3;50.9;73.2;83.8;25.6 °C;21.8;21.2;20.7;19.8;19.7
2024-04-13 14:27:17;30.9;59.9;57.3;50.9;73.2;83.8;25.8 °C;21.8;21.2;20.7;19.8;19.7
2024-04-13 14:37:16;30.9;59.9;57.3;50.9;73.2;83.8;25.9 °C;21.9;21.2;20.7;19.8;19.7
2024-04-13 14:47:17;30.9;59.9;57.3;50.9;73.2;83.8;26.1 °C;21.9;21.2;20.7;19.8;19.7
2024-04-13 14:57:21;30.9;59.9;57.3;50.9;73.3;83.8;26.3 °C;22.1;21.3;20.7;19.8;19.7
2024-04-13 15:07:22;30.9;59.9;57.3;50.9;73.3;83.8;26.5 °C;22.1;21.3;20.7;19.8;19.7
2024-04-13 15:17:16;30.9;60.0;57.3;50.9;73.3;83.8;26.6 °C;22.3;21.3;20.7;19.8;19.7
2024-04-13 15:27:21;30.9;60.0;57.3;50.9;73.3;83.8;26.8 °C;22.3;21.3;20.7;19.8;19.7
2024-04-13 15:37:17;30.9;60.0;57.3;50.9;73.4;83.8;27 °C;22.4;21.3;20.7;19.8;19.7
2024-04-13 15:47:19;30.9;60.0;57.3;50.9;73.4;83.8;27.2 °C;22.5;21.3;20.7;19.8;19.7
2024-04-13 15:57:18;30.9;60.1;57.3;50.9;73.5;83.8;27.3 °C;22.6;21.4;20.7;19.8;19.7
2024-04-13 16:07:19;30.9;60.1;57.3;50.9;73.5;83.8;27.4 °C;22.7;21.4;20.7;19.8;19.7
2024-04-13 16:17:20;30.9;60.1;57.3;50.9;73.5;83.8;27.4 °C;22.8;21.4;20.7;19.8;19.7
2024-04-13 16:27:19;30.9;60.1;57.4;50.9;73.5;83.8;27.6 °C;22.9;21.4;20.7;19.8;19.7
2024-04-13 16:37:19;30.9;60.2;57.4;50.9;73.6;83.8;27.6 °C;22.9;21.5;20.7;19.8;19.7
2024-04-13 16:47:17;30.8;60.2;57.4;50.9;73.7;83.8;27.8 °C;23.1;21.5;20.7;19.8;19.7
2024-04-13 16:57:23;30.8;60.3;57.4;50.9;73.7;83.8;27.8 °C;23.1;21.6;20.7;19.8;19.7
2024-04-13 17:07:17;30.9;60.3;57.4;51.0;73.8;83.8;27.7 °C;23.3;21.6;20.7;19.8;19.7
2024-04-13 17:17:23;30.8;60.3;57.4;51.0;73.9;83.8;27.6 °C;23.3;21.6;20.8;19.8;19.7
2024-04-13 17:27:17;30.8;60.3;57.4;50.9;74.0;83.8;27.6 °C;23.4;21.6;20.8;19.8;19.7
2024-04-13 17:37:19;30.8;60.4;57.4;51.0;74.0;83.8;27.5 °C;23.5;21.7;20.8;19.8;19.7
2024-04-13 17:47:17;30.7;60.4;57.4;51.0;74.1;83.8;27.4 °C;23.6;21.8;20.8;19.8;19.7
2024-04-13 17:57:18;30.7;60.4;57.4;51.0;74.1;83.8;27.3 °C;23.6;21.8;20.8;19.8;19.7
2024-04-13 18:07:16;30.7;60.4;57.5;51.0;74.2;83.8;27.2 °C;23.7;21.8;20.8;19.8;19.7
2024-04-13 18:17:20;30.7;60.5;57.5;51.0;74.2;83.8;27.1 °C;23.8;21.9;20.8;19.8;19.7
2024-04-13 18:27:20;30.6;60.5;57.5;51.0;74.2;83.8;27 °C;23.8;21.9;20.8;19.8;19.7
2024-04-13 18:37:21;30.6;60.5;57.5;51.0;74.3;83.8;26.9 °C;23.9;21.9;20.8;19.8;19.7
2024-04-13 18:47:21;30.6;60.5;57.5;51.0;74.3;83.8;26.8 °C;23.9;22;20.8;19.8;19.7
2024-04-13 18:57:18;30.6;60.6;57.6;51.0;74.4;83.8;26.6 °C;24;22;20.8;19.8;19.7
2024-04-13 19:07:22;30.5;60.7;57.6;51.0;74.4;83.8;26.5 °C;24;22.1;20.9;19.8;19.7
2024-04-13 19:17:19;30.5;60.6;57.6;51.1;74.4;83.8;26.3 °C;24.1;22.1;20.9;19.8;19.7
2024-04-13 19:27:22;30.5;60.6;57.6;51.1;74.4;83.8;26.2 °C;24.1;22.1;20.9;19.8;19.7
2024-04-13 19:37:17;30.5;60.6;57.6;51.1;74.4;83.8;26 °C;24.1;22.2;20.9;19.8;19.7
2024-04-13 19:47:18;30.5;60.6;57.6;51.1;74.4;83.8;25.8 °C;24.1;22.3;20.9;19.8;19.7
2024-04-13 19:57:16;30.5;60.6;57.7;51.0;74.4;83.8;25.6 °C;24.1;22.3;20.9;19.8;19.7
2024-04-13 20:07:17;30.4;60.7;57.6;51.1;74.4;83.8;25.4 °C;24.2;22.3;20.9;19.8;19.7
2024-04-13 20:17:22;30.5;60.7;57.6;51.1;74.4;83.8;25.3 °C;24.2;22.3;21;19.8;19.7
2024-04-13 20:27:16;30.4;60.7;57.7;51.1;74.3;83.8;25.1 °C;24.2;22.4;21;19.8;19.7
2024-04-13 20:37:21;30.4;60.7;57.7;51.1;74.3;83.8;24.9 °C;24.2;22.4;21;19.8;19.7
2024-04-13 20:47:22;30.4;60.7;57.7;51.1;74.3;83.8;24.8 °C;24.2;22.4;21.1;19.8;19.7
2024-04-13 20:57:20;30.3;60.7;57.7;51.1;74.3;83.8;24.7 °C;24.2;22.5;21.1;19.8;19.7
2024-04-13 21:07:21;30.3;60.7;57.7;51.1;74.3;83.8;24.5 °C;24.2;22.5;21.1;19.8;19.7
2024-04-13 21:17:19;30.3;60.7;57.7;51.1;74.2;83.8;24.4 °C;24.1;22.5;21.1;19.8;19.7
2024-04-13 21:27:23;30.3;60.6;57.7;51.1;74.2;83.8;24.3 °C;24.1;22.6;21.1;19.8;19.7
2024-04-13 21:37:23;30.3;60.6;57.7;51.1;74.2;83.8;24.1 °C;24.1;22.6;21.1;19.8;19.7
2024-04-13 21:47:21;30.2;60.6;57.7;51.1;74.2;83.8;23.9 °C;24.1;22.6;21.1;19.8;19.7
2024-04-13 21:57:22;30.2;60.6;57.7;51.1;74.1;83.8;23.8 °C;24.1;22.6;21.2;19.8;19.7
2024-04-13 22:07:21;30.3;60.6;57.7;51.1;74.1;83.8;23.7 °C;24.1;22.6;21.2;19.9;19.7
2024-04-13 22:17:18;30.2;60.6;57.7;51.1;74.1;83.8;23.6 °C;24.1;22.7;21.2;19.9;19.7
2024-04-13 22:27:20;30.2;60.6;57.7;51.1;74.1;83.8;23.4 °C;24;22.7;21.3;19.9;19.7
2024-04-13 22:37:17;30.2;60.6;57.7;51.1;74.1;83.8;23.3 °C;24;22.7;21.3;19.9;19.8
2024-04-13 22:47:18;30.2;60.6;57.7;51.1;74.0;83.8;23.2 °C;23.9;22.7;21.3;19.9;19.8
2024-04-13 22:57:16;30.1;60.6;57.8;51.1;74.0;83.8;23.1 °C;23.9;22.8;21.3;19.9;19.8
2024-04-13 23:07:17;30.2;60.6;57.7;51.1;74.0;83.9;22.9 °C;23.9;22.8;21.3;19.9;19.8
2024-04-13 23:17:23;30.2;60.6;57.8;51.1;74.0;83.8;22.8 °C;23.9;22.8;21.3;19.9;19.8
2024-04-13 23:27:19;30.2;60.6;57.7;51.1;74.0;83.9;22.8 °C;23.8;22.8;21.3;19.9;19.8
2024-04-13 23:37:18;30.2;60.5;57.8;51.1;74.0;83.8;22.6 °C;23.8;22.8;21.4;19.9;19.8
2024-04-13 23:47:17;30.1;60.5;57.7;51.1;74.0;83.9;22.5 °C;23.8;22.8;21.4;19.9;19.8
2024-04-13 23:57:19;30.1;60.5;57.8;51.1;74.0;83.9;22.4 °C;23.7;22.8;21.4;19.9;19.8
2024-04-14 00:07:17;30.1;60.5;57.8;51.1;74.0;83.9;22.3 °C;23.7;22.8;21.4;19.9;19.8
2024-04-14 00:17:16;30.1;60.5;57.8;51.1;74.0;83.9;22.2 °C;23.6;22.8;21.4;19.9;19.8
2024-04-14 00:27:20;30.1;60.5;57.8;51.1;73.9;83.9;22.1 °C;23.6;22.8;21.4;20;19.8
2024-04-14 00:37:22;30.2;60.4;57.8;51.1;73.9;83.9;22 °C;23.6;22.8;21.4;20;19.8
2024-04-14 00:47:16;30.1;60.4;57.8;51.1;73.9;83.9;21.9 °C;23.5;22.8;21.4;20;19.8
2024-04-14 00:57:22;30.1;60.4;57.7;51.1;73.9;83.9;21.8 °C;23.5;22.8;21.5;20;19.8
2024-04-14 01:07:21;30.1;60.4;57.7;51.1;73.9;83.9;21.7 °C;23.4;22.8;21.5;20;19.8
2024-04-14 01:17:17;30.2;60.4;57.7;51.1;73.9;83.9;21.6 °C;23.4;22.8;21.5;20;19.8
2024-04-14 01:27:16;30.1;60.4;57.7;51.1;73.8;83.9;21.5 °C;23.4;22.8;21.5;20.1;19.8
2024-04-14 01:37:17;30.1;60.4;57.7;51.1;73.8;83.9;21.4 °C;23.3;22.8;21.5;20.1;19.8
2024-04-14 01:47:18;30.1;60.4;57.7;51.1;73.8;83.9;21.4 °C;23.3;22.8;21.5;20.1;19.8
2024-04-14 01:57:15;30.1;60.3;57.7;51.1;73.8;83.9;21.3 °C;23.2;22.8;21.5;20.1;19.8
2024-04-14 02:07:20;30.1;60.3;57.7;51.1;73.8;83.9;21.2 °C;23.2;22.8;21.6;20.1;19.8
2024-04-14 02:17:21;30.1;60.3;57.7;51.1;73.8;83.9;21.1 °C;23.1;22.8;21.6;20.1;19.8
2024-04-14 02:27:21;30.1;60.3;57.7;51.1;73.8;83.9;21.1 °C;23.1;22.8;21.6;20.1;19.8
2024-04-14 02:37:16;30.1;60.2;57.7;51.1;73.7;83.9;20.9 °C;23.1;22.8;21.6;20.1;19.8
2024-04-14 02:47:17;30.1;60.3;57.7;51.1;73.7;83.9;20.9 °C;23;22.7;21.6;20.1;19.8
2024-04-14 02:57:19;30.1;60.2;57.7;51.1;73.7;83.9;20.8 °C;22.9;22.7;21.6;20.1;19.8
2024-04-14 03:07:23;30.1;60.2;57.7;51.1;73.7;83.9;20.8 °C;22.9;22.7;21.6;20.1;19.8
2024-04-14 03:17:19;30.1;60.2;57.7;51.1;73.7;83.9;20.7 °C;22.9;22.7;21.6;20.1;19.8
2024-04-14 03:27:19;30.1;60.2;57.7;51.1;73.7;83.9;20.6 °C;22.8;22.7;21.6;20.1;19.9
2024-04-14 03:37:17;30.1;60.2;57.7;51.1;73.7;83.9;20.6 °C;22.8;22.6;21.6;20.1;19.9
2024-04-14 03:47:20;30.1;60.1;57.7;51.1;73.7;83.9;20.5 °C;22.8;22.6;21.6;20.1;19.9
2024-04-14 03:57:20;30.2;60.1;57.7;51.1;73.6;83.9;20.4 °C;22.7;22.6;21.6;20.2;19.9
2024-04-14 04:07:21;30.1;60.1;57.7;51.1;73.6;83.9;20.4 °C;22.6;22.6;21.6;20.2;19.9
2024-04-14 04:17:15;30.1;60.1;57.7;51.1;73.6;83.9;20.3 °C;22.6;22.6;21.6;20.2;19.9
2024-04-14 04:27:16;30.2;60.1;57.6;51.1;73.6;83.9;20.3 °C;22.6;22.6;21.6;20.2;19.9
2024-04-14 04:37:17;30.2;60.0;57.6;51.1;73.6;83.9;20.2 °C;22.5;22.6;21.6;20.2;19.9
2024-04-14 04:47:19;30.2;60.1;57.6;51.1;73.5;83.9;20.1 °C;22.4;22.6;21.6;20.2;19.9
2024-04-14 04:57:18;30.2;60.0;57.6;51.1;73.6;83.9;20 °C;22.4;22.5;21.6;20.2;19.9
2024-04-14 05:07:17;30.2;60.0;57.6;51.1;73.5;83.9;19.9 °C;22.4;22.5;21.6;20.2;19.9
2024-04-14 05:17:16;30.2;60.0;57.6;51.1;73.5;83.9;19.8 °C;22.3;22.5;21.6;20.2;19.9
2024-04-14 05:27:21;30.2;60.0;57.6;51.1;73.5;83.9;19.8 °C;22.3;22.4;21.6;20.2;19.9
2024-04-14 05:37:22;30.2;60.0;57.6;51.1;73.5;83.9;19.7 °C;22.3;22.4;21.6;20.3;19.9
2024-04-14 05:47:17;30.2;60.0;57.6;51.1;73.5;83.9;19.6 °C;22.2;22.4;21.6;20.3;19.9
2024-04-14 05:57:15;30.2;59.9;57.6;51.1;73.5;83.9;19.6 °C;22.1;22.4;21.6;20.3;19.9
2024-04-14 06:07:16;30.2;59.9;57.6;51.1;73.5;83.9;19.5 °C;22.1;22.4;21.6;20.3;19.9
2024-04-14 06:17:17;30.2;59.9;57.5;51.1;73.4;83.9;19.4 °C;22.1;22.4;21.6;20.3;19.9
2024-04-14 06:27:22;30.2;59.9;57.5;51.1;73.4;83.9;19.4 °C;22;22.3;21.6;20.3;19.9
2024-04-14 06:37:17;30.3;59.9;57.5;51.1;73.4;83.9;19.3 °C;22;22.3;21.6;20.3;19.9
2024-04-14 06:47:15;30.4;59.9;57.5;51.1;73.4;83.9;19.3 °C;21.9;22.3;21.6;20.3;19.9
2024-04-14 06:57:19;30.4;59.9;57.5;51.1;73.4;83.9;19.3 °C;21.9;22.3;21.6;20.3;19.9
2024-04-14 07:07:16;30.3;59.9;57.5;51.1;73.4;83.9;19.2 °C;21.8;22.3;21.6;20.3;19.9
2024-04-14 07:17:20;30.4;59.9;57.5;51.1;73.4;83.9;19.2 °C;21.8;22.3;21.6;20.3;19.9
2024-04-14 07:27:22;30.3;59.8;57.5;51.0;73.4;83.9;19.3 °C;21.8;22.2;21.6;20.3;20
2024-04-14 07:37:20;30.4;59.8;57.5;51.0;73.4;83.9;19.3 °C;21.7;22.2;21.6;20.3;20
2024-04-14 07:47:23;30.4;59.8;57.4;51.0;73.3;83.9;19.4 °C;21.7;22.1;21.6;20.3;20
2024-04-14 07:57:22;30.3;59.8;57.4;51.0;73.3;83.9;19.4 °C;21.6;22.1;21.5;20.3;20
2024-04-14 08:07:22;30.4;59.8;57.4;51.0;73.3;83.9;19.5 °C;21.6;22.1;21.5;20.3;20
2024-04-14 08:17:20;30.4;59.8;57.4;51.0;73.3;83.9;19.6 °C;21.6;22.1;21.5;20.3;20
2024-04-14 08:27:17;30.4;59.8;57.4;51.0;73.3;83.9;19.8 °C;21.5;22.1;21.5;20.3;20
2024-04-14 08:37:19;30.4;59.7;57.4;51.0;73.3;83.9;20.1 °C;21.5;22.1;21.5;20.3;20
2024-04-14 08:47:15;30.4;59.8;57.4;51.0;73.3;83.9;20.3 °C;21.4;22;21.5;20.3;20
2024-04-14 08:57:15;30.4;59.7;57.4;51.0;73.3;83.9;20.4 °C;21.4;22;21.5;20.3;20
2024-04-14 09:07:20;30.4;59.7;57.4;51.0;73.3;83.9;20.6 °C;21.4;21.9;21.5;20.3;20
2024-04-14 09:17:16;30.5;59.7;57.4;51.0;73.3;83.9;20.8 °C;21.4;21.9;21.4;20.3;20
2024-04-14 09:27:21;30.4;59.7;57.4;51.0;73.3;83.9;20.9 °C;21.4;21.9;21.4;20.3;20
2024-04-14 09:37:16;30.4;59.7;57.3;51.0;73.3;83.9;21 °C;21.3;21.9;21.4;20.3;20
2024-04-14 09:47:18;30.4;59.7;57.3;51.0;73.3;83.9;21.1 °C;21.3;21.9;21.4;20.3;20
2024-04-14 09:57:18;30.4;59.7;57.3;51.0;73.2;83.9;21.1 °C;21.3;21.9;21.4;20.3;20
2024-04-14 10:07:22;30.4;59.7;57.3;50.9;73.2;83.9;21.2 °C;21.3;21.8;21.4;20.3;20
2024-04-14 10:17:17;30.4;59.7;57.3;50.9;73.2;83.9;21.3 °C;21.3;21.8;21.4;20.3;20
2024-04-14 10:27:15;30.4;59.7;57.3;50.9;73.2;83.9;21.4 °C;21.3;21.8;21.4;20.3;20.1
2024-04-14 10:37:20;30.4;59.6;57.3;50.9;73.2;83.9;21.5 °C;21.3;21.8;21.4;20.3;20.1
2024-04-14 10:47:17;30.4;59.7;57.3;50.9;73.2;83.9;21.6 °C;21.3;21.8;21.4;20.3;20.1
2024-04-14 10:57:15;30.4;59.7;57.3;50.9;73.2;83.9;21.8 °C;21.4;21.8;21.4;20.3;20.1
2024-04-14 11:07:19;30.4;59.7;57.2;50.9;73.2;83.9;21.9 °C;21.4;21.7;21.4;20.3;20.1
2024-04-14 11:17:16;30.4;59.7;57.2;50.9;73.2;83.9;22 °C;21.4;21.7;21.3;20.3;20.1
2024-04-14 11:27:22;30.4;59.7;57.2;50.9;73.2;83.9;22.1 °C;21.4;21.7;21.3;20.3;20.1
2024-04-14 11:37:17;30.4;59.7;57.2;50.9;73.2;83.9;22.3 °C;21.4;21.7;21.3;20.3;20.1
2024-04-14 11:47:20;30.4;59.7;57.2;50.9;73.1;83.9;22.6 °C;21.4;21.7;21.3;20.3;20.1
2024-04-14 11:57:22;30.4;59.7;57.2;50.9;73.1;83.9;22.8 °C;21.5;21.6;21.3;20.3;20.1
2024-04-14 12:07:21;30.4;59.7;57.2;50.9;73.1;83.9;23.1 °C;21.5;21.6;21.3;20.3;20.1
2024-04-14 12:17:15;30.4;59.7;57.2;50.9;73.1;83.9;23.4 °C;21.6;21.6;21.3;20.3;20.1
2024-04-14 12:27:15;30.5;59.7;57.2;50.9;73.1;83.9;23.8 °C;21.6;21.6;21.3;20.3;20.1
2024-04-14 12:37:15;30.4;59.7;57.2;50.9;73.1;83.9;24 °C;21.6;21.6;21.3;20.3;20.1
2024-04-14 12:47:15;30.4;59.7;57.2;50.9;73.1;83.9;24.2 °C;21.6;21.6;21.3;20.3;20.1
2024-04-14 12:57:19;30.4;59.7;57.2;50.9;73.1;83.9;24.4 °C;21.7;21.6;21.3;20.3;20.1
2024-04-14 13:07:19;30.4;59.7;57.2;50.9;73.1;83.9;24.5 °C;21.8;21.6;21.3;20.3;20.1
2024-04-14 13:17:20;30.4;59.7;57.2;50.8;73.1;83.9;24.7 °C;21.8;21.6;21.2;20.2;20.1
2024-04-14 13:27:21;30.4;59.8;57.2;50.9;73.2;83.9;24.8 °C;21.8;21.6;21.2;20.2;20.1
2024-04-14 13:37:21;30.4;59.8;57.2;50.9;73.2;83.9;25 °C;21.9;21.6;21.2;20.2;20.1
2024-04-14 13:47:20;30.4;59.8;57.2;50.9;73.2;83.9;25.2 °C;21.9;21.6;21.2;20.2;20.1
2024-04-14 13:57:17;30.5;59.8;57.1;50.8;73.2;83.9;25.4 °C;22;21.6;21.2;20.2;20.1
2024-04-14 14:07:19;30.4;59.8;57.1;50.9;73.3;83.9;25.6 °C;22.1;21.6;21.2;20.2;20.1
2024-04-14 14:17:16;30.4;59.8;57.1;50.9;73.3;83.9;25.8 °C;22.2;21.6;21.2;20.2;20.1
2024-04-14 14:27:17;30.4;59.9;57.1;50.9;73.3;83.9;26 °C;22.3;21.6;21.2;20.2;20.1
2024-04-14 14:37:17;30.6;59.8;57.1;50.9;73.3;83.9;26.2 °C;22.3;21.7;21.2;20.2;20.1
2024-04-14 14:47:20;30.5;59.9;57.1;50.9;73.3;83.9;26.4 °C;22.4;21.7;21.2;20.2;20.1
2024-04-14 14:57:20;30.5;59.9;57.1;50.9;73.3;83.9;26.6 °C;22.4;21.7;21.2;20.2;20.1
2024-04-14 15:07:15;30.5;59.9;57.1;50.9;73.4;83.9;26.8 °C;22.6;21.7;21.1;20.2;20.1
2024-04-14 15:17:20;30.6;59.9;57.1;51.0;73.4;83.9;26.9 °C;22.6;21.8;21.1;20.2;20.1
2024-04-14 15:27:18;30.6;60.0;57.1;51.0;73.5;83.9;27.1 °C;22.7;21.8;21.1;20.2;20.1
2024-04-14 15:37:22;30.7;60.0;57.1;51.0;73.5;83.9;27.3 °C;22.8;21.8;21.1;20.2;20.1
2024-04-14 15:47:16;30.6;60.0;57.1;51.0;73.5;83.9;27.6 °C;22.9;21.8;21.1;20.2;20.1
2024-04-14 15:57:19;30.6;60.1;57.1;51.0;73.5;83.9;27.8 °C;23;21.8;21.1;20.2;20.1
2024-04-14 16:07:19;30.6;60.1;57.1;51.0;73.6;83.9;28 °C;23.1;21.8;21.1;20.2;20.1
2024-04-14 16:17:17;30.7;60.1;57.1;51.0;73.6;83.9;28.3 °C;23.2;21.9;21.1;20.2;20.1
2024-04-14 16:27:16;30.6;60.1;57.1;51.1;73.6;83.9;28.4 °C;23.3;21.9;21.1;20.1;20.1
2024-04-14 16:37:17;30.7;60.2;57.2;51.1;73.7;83.9;28.6 °C;23.4;21.9;21.2;20.1;20.1
2024-04-14 16:47:21;30.6;60.2;57.2;51.1;73.7;83.9;28.8 °C;23.5;21.9;21.2;20.1;20.1
2024-04-14 16:57:15;30.5;60.2;57.2;51.1;73.8;83.9;28.9 °C;23.6;22;21.2;20.1;20.1
2024-04-14 17:07:21;30.6;60.2;57.2;51.1;73.8;83.9;29.1 °C;23.7;22;21.2;20.1;20.1
2024-04-14 17:17:16;30.6;60.3;57.2;51.1;73.9;83.9;29.2 °C;23.8;22.1;21.2;20.1;20.1
2024-04-14 17:27:18;30.5;60.3;57.2;51.2;74.0;83.8;29.3 °C;23.9;22.1;21.2;20.1;20.1
2024-04-14 17:37:17;30.5;60.4;57.2;51.2;74.0;83.9;29.3 °C;24;22.1;21.2;20.1;20.1
2024-04-14 17:47:21;30.4;60.4;57.2;51.2;74.0;83.9;29.1 °C;24.1;22.2;21.2;20.1;20.1
2024-04-14 17:57:16;30.5;60.4;57.3;51.2;74.1;83.9;28.9 °C;24.2;22.3;21.2;20.1;20.1
2024-04-14 18:07:22;30.3;60.4;57.2;51.2;74.1;83.8;28.8 °C;24.3;22.3;21.2;20.1;20.1
2024-04-14 18:17:18;30.3;60.5;57.2;51.2;74.2;83.8;28.6 °C;24.3;22.3;21.3;20.1;20.1
2024-04-14 18:27:22;30.3;60.5;57.3;51.2;74.2;83.9;28.4 °C;24.4;22.4;21.3;20.1;20.1
2024-04-14 18:37:17;30.3;60.5;57.3;51.2;74.3;83.9;28.3 °C;24.5;22.4;21.3;20.1;20.1
2024-04-14 18:47:21;30.2;60.6;57.3;51.2;74.3;83.9;28.1 °C;24.6;22.4;21.3;20.1;20.1
2024-04-14 18:57:16;30.2;60.6;57.3;51.2;74.3;83.8;27.9 °C;24.6;22.5;21.3;20.1;20.1
2024-04-14 19:07:17;30.2;60.6;57.3;51.2;74.3;83.9;27.8 °C;24.6;22.6;21.3;20.1;20.1
2024-04-14 19:17:17;30.2;60.6;57.4;51.3;74.3;83.9;27.5 °C;24.7;22.6;21.3;20.1;20.1
2024-04-14 19:27:20;30.1;60.7;57.4;51.3;74.3;83.9;27.3 °C;24.8;22.6;21.3;20.1;20.1
2024-04-14 19:37:21;30.1;60.6;57.4;51.3;74.4;83.9;27.1 °C;24.8;22.7;21.4;20.2;20.1
2024-04-14 19:47:17;30.1;60.7;57.4;51.3;74.4;83.9;26.9 °C;24.8;22.8;21.4;20.2;20.1
2024-04-14 19:57:16;30.1;60.6;57.4;51.3;74.4;83.9;26.7 °C;24.8;22.8;21.4;20.2;20.1
2024-04-14 20:07:18;30.0;60.7;57.4;51.3;74.4;83.8;26.4 °C;24.9;22.8;21.4;20.2;20.1
2024-04-14 20:17:22;30.0;60.7;57.4;51.3;74.4;83.9;26.2 °C;24.9;22.9;21.4;20.2;20.1
2024-04-14 20:27:17;29.9;60.7;57.4;51.3;74.4;83.9;26 °C;24.9;22.9;21.4;20.2;20.1
2024-04-14 20:37:18;29.9;60.7;57.4;51.3;74.4;83.9;25.8 °C;24.9;22.9;21.4;20.2;20.1
2024-04-14 20:47:17;29.9;60.7;57.5;51.3;74.3;83.9;25.6 °C;24.9;22.9;21.5;20.2;20.1
2024-04-14 20:57:20;29.9;60.7;57.5;51.3;74.3;83.9;25.4 °C;24.9;23;21.5;20.2;20.1
2024-04-14 21:07:16;29.9;60.7;57.5;51.3;74.3;83.9;25.2 °C;24.9;23.1;21.5;20.2;20.1
2024-04-14 21:17:21;29.9;60.7;57.5;51.3;74.3;83.9;25 °C;24.9;23.1;21.6;20.2;20.1
2024-04-14 21:27:16;29.9;60.6;57.5;51.3;74.3;83.9;24.9 °C;24.8;23.1;21.6;20.3;20.1
2024-04-14 21:37:20;29.9;60.6;57.5;51.3;74.3;83.9;24.7 °C;24.8;23.1;21.6;20.3;20.1
2024-04-14 21:47:21;29.9;60.6;57.5;51.3;74.3;83.9;24.6 °C;24.8;23.1;21.6;20.3;20.1
2024-04-14 21:57:22;29.9;60.6;57.6;51.3;74.3;83.9;24.4 °C;24.8;23.2;21.6;20.3;20.1
2024-04-14 22:07:17;29.8;60.6;57.6;51.3;74.2;83.9;24.3 °C;24.8;23.2;21.6;20.3;20.1
2024-04-14 22:17:20;29.8;60.6;57.5;51.3;74.2;83.9;24.1 °C;24.7;23.3;21.7;20.3;20.1
2024-04-14 22:27:18;29.8;60.6;57.5;51.3;74.2;83.9;24 °C;24.7;23.3;21.7;20.3;20.1
2024-04-14 22:37:16;29.8;60.6;57.6;51.3;74.2;83.9;23.9 °C;24.6;23.3;21.8;20.3;20.1
2024-04-14 22:47:21;29.8;60.6;57.6;51.3;74.1;83.9;23.8 °C;24.6;23.3;21.8;20.3;20.1
2024-04-14 22:57:20;29.8;60.6;57.6;51.3;74.1;83.9;23.6 °C;24.6;23.3;21.8;20.3;20.1
2024-04-14 23:07:19;29.8;60.6;57.6;51.3;74.1;83.9;23.5 °C;24.6;23.3;21.8;20.3;20.1
2024-04-14 23:17:21;29.7;60.5;57.6;51.3;74.1;83.9;23.4 °C;24.5;23.3;21.8;20.3;20.1
2024-04-14 23:27:20;29.8;60.5;57.6;51.3;74.0;83.9;23.3 °C;24.4;23.3;21.8;20.3;20.1
2024-04-14 23:37:18;29.8;60.5;57.6;51.3;74.0;83.9;23.1 °C;24.4;23.3;21.8;20.3;20.1
2024-04-14 23:47:15;29.8;60.5;57.6;51.3;74.0;83.9;23 °C;24.4;23.3;21.9;20.4;20.1
2024-04-14 23:57:17;29.8;60.5;57.6;51.3;74.0;83.9;22.9 °C;24.4;23.4;21.9;20.4;20.1
2024-04-15 00:07:22;29.8;60.5;57.6;51.3;73.9;83.9;22.8 °C;24.3;23.4;21.9;20.4;20.1
2024-04-15 00:17:21;29.8;60.4;57.6;51.3;73.9;83.9;22.8 °C;24.3;23.4;21.9;20.4;20.1
2024-04-15 00:27:16;29.8;60.5;57.6;51.3;73.9;83.9;22.6 °C;24.2;23.4;21.9;20.4;20.1
2024-04-15 00:37:15;29.8;60.4;57.6;51.3;73.9;83.9;22.6 °C;24.2;23.4;21.9;20.4;20.1
2024-04-15 00:47:17;29.8;60.4;57.6;51.3;73.9;83.9;22.4 °C;24.1;23.4;21.9;20.4;20.1
2024-04-15 00:57:20;29.9;60.4;57.6;51.3;73.8;83.9;22.3 °C;24.1;23.4;21.9;20.4;20.1
2024-04-15 01:07:15;29.9;60.4;57.6;51.3;73.8;83.9;22.3 °C;24.1;23.4;21.9;20.4;20.1
2024-04-15 01:17:22;29.9;60.4;57.6;51.3;73.8;83.9;22.1 °C;24;23.4;22;20.4;20.1
2024-04-15 01:27:17;29.9;60.3;57.6;51.3;73.8;83.9;22.1 °C;23.9;23.3;22;20.4;20.2
2024-04-15 01:37:20;29.8;60.3;57.5;51.3;73.8;83.9;21.9 °C;23.9;23.3;22;20.4;20.2
2024-04-15 01:47:15;29.9;60.3;57.6;51.3;73.7;83.9;21.8 °C;23.9;23.3;22;20.5;20.2
2024-04-15 01:57:16;29.8;60.3;57.6;51.3;73.7;83.9;21.8 °C;23.8;23.3;22;20.5;20.2
2024-04-15 02:07:14;29.9;60.3;57.5;51.3;73.7;83.9;21.6 °C;23.8;23.3;22.1;20.5;20.2
2024-04-15 02:17:15;29.9;60.3;57.6;51.3;73.7;83.9;21.6 °C;23.7;23.3;22.1;20.5;20.2
2024-04-15 02:27:21;29.9;60.2;57.5;51.3;73.7;83.9;21.5 °C;23.7;23.3;22.1;20.5;20.2
2024-04-15 02:37:17;29.8;60.2;57.5;51.3;73.7;83.9;21.4 °C;23.6;23.3;22.1;20.5;20.2
2024-04-15 02:47:17;29.9;60.2;57.5;51.3;73.6;83.9;21.3 °C;23.6;23.3;22.1;20.5;20.2
2024-04-15 02:57:16;29.9;60.2;57.5;51.3;73.6;83.9;21.3 °C;23.5;23.3;22.1;20.6;20.2
2024-04-15 03:07:19;29.8;60.2;57.5;51.3;73.6;83.9;21.1 °C;23.5;23.3;22.1;20.6;20.2
2024-04-15 03:17:21;29.8;60.2;57.5;51.3;73.6;83.9;21.1 °C;23.4;23.3;22.1;20.6;20.2
2024-04-15 03:27:17;29.9;60.1;57.5;51.3;73.5;83.9;20.9 °C;23.4;23.2;22.1;20.6;20.3
2024-04-15 03:37:16;29.9;60.1;57.5;51.3;73.5;83.9;20.9 °C;23.3;23.2;22.1;20.6;20.3
2024-04-15 03:47:20;29.9;60.1;57.5;51.3;73.5;83.9;20.8 °C;23.3;23.2;22.1;20.6;20.3
2024-04-15 03:57:18;29.9;60.1;57.5;51.3;73.5;84.0;20.7 °C;23.3;23.2;22.1;20.6;20.3
2024-04-15 04:07:20;29.9;60.1;57.5;51.3;73.5;83.9;20.6 °C;23.2;23.1;22.1;20.6;20.3
2024-04-15 04:17:15;29.9;60.1;57.4;51.3;73.5;84.0;20.6 °C;23.1;23.1;22.1;20.6;20.3
2024-04-15 04:27:16;30.0;60.0;57.4;51.3;73.4;84.0;20.5 °C;23.1;23.1;22.1;20.6;20.3
2024-04-15 04:37:18;30.0;60;57.4;51.2;73.4;84.0;20.4 °C;23.1;23.1;22.1;20.6;20.3
2024-04-15 04:47:15;29.9;60.0;57.4;51.3;73.4;83.9;20.3 °C;23;23.1;22.1;20.6;20.3
2024-04-15 04:57:21;30.0;60.0;57.4;51.2;73.4;84.0;20.3 °C;22.9;23.1;22.1;20.6;20.3
2024-04-15 05:07:16;29.9;60.0;57.4;51.2;73.4;84.0;20.2 °C;22.9;23.1;22.1;20.6;20.3
2024-04-15 05:17:19;30.0;60.0;57.4;51.2;73.4;83.9;20.1 °C;22.9;23;22.1;20.6;20.3
2024-04-15 05:27:21;30.0;59.9;57.4;51.3;73.4;83.9;20.1 °C;22.8;23;22.1;20.6;20.3
2024-04-15 05:37:20;30.0;59.9;57.4;51.2;73.4;83.9;20 °C;22.8;23;22.1;20.6;20.3
2024-04-15 05:47:14;30.0;59.9;57.4;51.3;73.4;83.9;19.9 °C;22.7;22.9;22.1;20.7;20.3
2024-04-15 05:57:13;30.0;59.9;57.4;51.3;73.4;84.0;19.8 °C;22.7;22.9;22.1;20.7;20.3
2024-04-15 06:07:14;30.0;59.9;57.4;51.2;73.3;84.0;19.8 °C;22.6;22.9;22.1;20.7;20.3
2024-04-15 06:17:15;30.0;59.9;57.4;51.2;73.3;83.9;19.8 °C;22.6;22.9;22.1;20.7;20.3
2024-04-15 06:27:19;30.0;59.8;57.3;51.2;73.3;84.0;19.7 °C;22.5;22.9;22.1;20.7;20.3
2024-04-15 06:37:14;30.0;59.8;57.3;51.2;73.3;84.0;19.6 °C;22.5;22.8;22.1;20.7;20.3
2024-04-15 06:47:19;30.0;59.8;57.4;51.2;73.3;84.0;19.6 °C;22.4;22.8;22.1;20.7;20.3
2024-04-15 06:57:20;30.0;59.8;57.3;51.2;73.3;84.0;19.6 °C;22.4;22.8;22.1;20.7;20.3
2024-04-15 07:07:20;30.0;59.8;57.3;51.2;73.3;84.0;19.6 °C;22.3;22.8;22.1;20.7;20.3
2024-04-15 07:17:15;30.0;59.8;57.3;51.2;73.3;84;19.6 °C;22.3;22.8;22.1;20.7;20.4
2024-04-15 07:27:15;30.0;59.8;57.3;51.2;73.3;84.0;19.6 °C;22.3;22.8;22.1;20.7;20.4
2024-04-15 07:37:18;30.1;59.8;57.3;51.2;73.3;84.0;19.6 °C;22.2;22.7;22.1;20.7;20.4
2024-04-15 07:47:15;30.1;59.7;57.2;51.2;73.2;84.0;19.6 °C;22.2;22.7;22;20.7;20.4
2024-04-15 08:07:16;30.1;59.7;57.2;51.1;73.2;84;19.7 °C;22.1;22.6;22;20.7;20.4
2024-04-15 08:17:19;30.2;59.7;57.2;51.1;73.2;84.0;19.8 °C;22.1;22.6;22;20.7;20.4
2024-04-15 08:27:19;30.2;59.7;57.2;51.1;73.2;84;20 °C;22;22.6;22;20.7;20.4
2024-04-15 08:37:18;30.2;59.7;57.2;51.1;73.2;84.0;20.1 °C;21.9;22.6;22;20.7;20.4
2024-04-15 08:47:19;30.2;59.7;57.2;51.1;73.2;84.0;20.3 °C;21.9;22.5;22;20.7;20.4
2024-04-15 08:57:15;30.1;59.6;57.2;51.1;73.2;84;20.4 °C;21.9;22.5;21.9;20.7;20.4
2024-04-15 09:07:18;30.1;59.6;57.2;51.1;73.2;84;20.6 °C;21.9;22.4;21.9;20.7;20.4
2024-04-15 09:17:14;30.2;59.6;57.2;51.1;73.2;84.0;20.8 °C;21.9;22.4;21.9;20.7;20.4
2024-04-15 09:27:15;30.2;59.6;57.2;51.1;73.2;84.0;20.9 °C;21.8;22.4;21.9;20.7;20.4
2024-04-15 09:37:14;30.2;59.6;57.1;51.1;73.2;84;21.1 °C;21.8;22.4;21.9;20.7;20.4
2024-04-15 09:47:15;30.2;59.6;57.1;51.1;73.2;84.0;21.3 °C;21.8;22.4;21.9;20.7;20.4
2024-04-15 09:57:20;30.1;59.6;57.1;51.0;73.2;84.0;21.4 °C;21.8;22.4;21.9;20.7;20.4
2024-04-15 10:07:16;30.2;59.6;57.1;51.0;73.1;84.0;21.5 °C;21.8;22.3;21.9;20.7;20.4
2024-04-15 10:17:14;30.2;59.6;57.1;51.0;73.1;84.0;21.7 °C;21.8;22.3;21.9;20.7;20.4
2024-04-15 10:27:20;30.2;59.6;57.1;51.0;73.1;84.0;21.8 °C;21.8;22.3;21.9;20.7;20.4
2024-04-15 10:37:18;30.1;59.6;57.1;51.0;73.1;84.0;22 °C;21.8;22.3;21.9;20.7;20.4
2024-04-15 10:47:19;30.1;59.6;57.1;51.0;73.1;84.0;22.1 °C;21.8;22.3;21.9;20.7;20.4
2024-04-15 10:57:14;30.1;59.6;57.1;51.0;73.1;84.0;22.3 °C;21.8;22.3;21.8;20.7;20.4
2024-04-15 11:07:14;30.2;59.6;57.1;51.0;73.1;84.0;22.4 °C;21.8;22.2;21.8;20.7;20.4
2024-04-15 11:17:16;30.2;59.6;57.0;51.0;73.1;84.0;22.6 °C;21.8;22.2;21.8;20.7;20.4
2024-04-15 11:27:18;30.2;59.6;57.1;51.0;73.1;84.0;22.8 °C;21.9;22.2;21.8;20.7;20.4
2024-04-15 11:37:20;30.1;59.6;57.0;51.0;73.1;84.0;22.9 °C;21.9;22.2;21.8;20.7;20.4
2024-04-15 11:47:14;30.1;59.6;57.0;51.0;73.1;84.0;23.1 °C;21.9;22.1;21.8;20.7;20.4
2024-04-15 11:57:19;30.1;59.6;57.0;51.0;73.0;84.0;23.2 °C;21.9;22.1;21.8;20.7;20.4
2024-04-15 12:07:17;30.2;59.6;57.0;50.9;73.0;84.0;23.4 °C;21.9;22.1;21.8;20.7;20.4
2024-04-15 12:17:13;30.2;59.6;57.0;50.9;73.0;84.0;23.6 °C;22;22.1;21.8;20.7;20.4
2024-04-15 12:27:17;30.2;59.7;57.0;50.9;73.0;84.0;23.9 °C;22;22.1;21.8;20.7;20.4
2024-04-15 12:37:13;30.3;59.7;57.0;50.9;73.0;84.0;24.2 °C;22.1;22.1;21.8;20.7;20.4
2024-04-15 12:47:13;30.2;59.6;57.0;50.9;73.0;84.0;24.5 °C;22.1;22.1;21.7;20.7;20.4
2024-04-15 12:57:18;30.2;59.7;57;50.9;73.0;84.0;24.8 °C;22.1;22.1;21.7;20.6;20.4
2024-04-15 13:07:16;30.3;59.6;57.0;50.9;73.0;84.0;25.1 °C;22.2;22.1;21.7;20.6;20.4
2024-04-15 13:17:16;30.3;59.7;57.0;50.9;73.0;84.0;25.4 °C;22.3;22.1;21.7;20.6;20.4
2024-04-15 13:27:15;30.3;59.7;57.0;50.8;73.0;84.0;25.8 °C;22.3;22.1;21.7;20.6;20.4
2024-04-15 13:37:17;30.3;59.7;57.0;50.8;73.0;84.0;26.1 °C;22.4;22.1;21.7;20.6;20.4
2024-04-15 13:47:18;30.3;59.7;57.0;50.8;73.0;84.0;26.4 °C;22.4;22.1;21.7;20.6;20.4
2024-04-15 13:57:21;30.3;59.7;56.9;50.9;73.0;84.0;26.6 °C;22.5;22.1;21.6;20.6;20.4
2024-04-15 14:07:16;30.3;59.7;56.9;50.9;73.0;84.0;26.7 °C;22.6;22.1;21.6;20.6;20.4
2024-04-15 14:17:19;30.2;59.8;56.9;50.8;73.0;84.0;26.7 °C;22.6;22.1;21.6;20.6;20.4
2024-04-15 14:27:18;30.2;59.8;57.0;50.8;72.9;84.0;26.6 °C;22.7;22.1;21.6;20.6;20.4
2024-04-15 14:37:15;30.2;59.8;56.9;50.9;72.9;84.0;26.6 °C;22.8;22.1;21.6;20.6;20.4
2024-04-15 14:47:13;30.2;59.8;56.9;50.8;72.9;84.0;26.6 °C;22.9;22.1;21.6;20.6;20.4
2024-04-15 14:57:13;30.2;59.8;56.9;50.8;72.9;84.0;26.5 °C;22.9;22.2;21.6;20.6;20.4
2024-04-15 15:07:13;30.2;59.9;57.0;50.8;72.9;84.0;26.5 °C;23.1;22.2;21.6;20.6;20.4
2024-04-15 15:17:18;30.2;59.9;56.9;50.8;72.9;84.0;26.5 °C;23.1;22.2;21.6;20.6;20.4
2024-04-15 15:27:19;30.1;59.9;57.0;50.8;72.9;84.0;26.4 °C;23.2;22.2;21.6;20.6;20.4
2024-04-15 15:37:14;30.1;59.9;57.0;50.8;72.9;84.0;26.4 °C;23.3;22.3;21.6;20.6;20.4
2024-04-15 15:47:20;30.1;60.0;57.0;50.8;72.9;84.0;26.3 °C;23.3;22.3;21.6;20.6;20.4
2024-04-15 15:57:20;30.0;60.0;57.0;50.8;72.9;84.0;26.3 °C;23.4;22.3;21.6;20.6;20.4
2024-04-15 16:07:20;30.0;60.0;56.9;50.8;72.9;84.0;26.3 °C;23.4;22.3;21.6;20.6;20.4
2024-04-15 16:17:16;30.0;60;57.0;50.8;73.0;84.0;26.3 °C;23.5;22.3;21.6;20.6;20.4
2024-04-15 16:27:20;30.0;60.0;57.0;50.8;72.9;84.0;26.3 °C;23.6;22.4;21.6;20.6;20.4
2024-04-15 16:37:20;30.0;60.1;57.0;50.8;73.0;84.0;26.3 °C;23.6;22.4;21.6;20.6;20.4
2024-04-15 16:47:20;30.0;60.1;57.0;50.8;73.0;84.0;26.3 °C;23.6;22.4;21.6;20.6;20.4
2024-04-15 16:57:15;30.0;60.1;57.0;50.8;72.9;84.0;26.3 °C;23.7;22.4;21.6;20.6;20.4
2024-04-15 17:07:18;29.8;60.1;57.0;50.8;73.0;84.0;26.2 °C;23.8;22.4;21.6;20.6;20.4
2024-04-15 17:17:14;29.8;60.1;57.0;50.8;73.0;84.0;26.2 °C;23.8;22.5;21.6;20.6;20.4
2024-04-15 17:27:17;29.9;60.1;57.0;50.8;73.0;84.0;26.1 °C;23.8;22.5;21.6;20.6;20.4
2024-04-15 17:37:17;29.9;60.1;57.0;50.8;73.0;84.0;26.1 °C;23.9;22.6;21.6;20.6;20.4
2024-04-15 17:47:15;29.8;60.1;57.0;50.8;72.9;84.0;26.1 °C;23.9;22.6;21.6;20.6;20.4
2024-04-15 17:57:14;29.9;60.1;57.0;50.8;73.0;84.0;26 °C;23.9;22.6;21.6;20.6;20.4
2024-04-15 18:07:16;29.8;60.2;57.0;50.8;73.0;84.0;25.9 °C;23.9;22.6;21.7;20.6;20.4
2024-04-15 18:17:20;29.8;60.2;57.0;50.8;73.0;84.0;25.9 °C;24;22.6;21.7;20.6;20.4
2024-04-15 18:27:16;29.8;60.2;57.0;50.8;73.0;84.0;25.8 °C;24;22.7;21.7;20.6;20.4
2024-04-15 18:37:15;29.8;60.2;57.0;50.8;73.0;84.0;25.6 °C;24;22.7;21.7;20.6;20.4
2024-04-15 18:47:12;29.7;60.2;57.1;50.8;73.0;84.0;25.5 °C;24.1;22.8;21.7;20.6;20.4
2024-04-15 18:57:13;29.7;60.2;57.0;50.8;73.0;84.0;25.4 °C;24.1;22.8;21.7;20.6;20.4
2024-04-15 19:07:17;29.7;60.2;57.1;50.8;73.0;84.0;25.3 °C;24.1;22.8;21.7;20.6;20.4
2024-04-15 19:17:19;29.7;60.2;57.1;50.9;73.0;84.0;25.1 °C;24.1;22.8;21.8;20.6;20.4
2024-04-15 19:27:14;29.7;60.2;57.1;50.9;73.0;84.0;25 °C;24.1;22.8;21.8;20.6;20.4
2024-04-15 19:37:20;29.6;60.2;57.1;50.9;73.0;84.0;24.8 °C;24.1;22.9;21.8;20.6;20.4
2024-04-15 19:47:20;29.6;60.2;57.1;50.9;73.0;84.0;24.7 °C;24.1;22.9;21.8;20.6;20.4
2024-04-15 19:57:20;29.6;60.2;57.1;50.9;73.0;84.0;24.6 °C;24.1;22.9;21.8;20.6;20.4
2024-04-15 20:07:16;29.6;60.2;57.1;50.9;73.0;84.0;24.4 °C;24.1;22.9;21.8;20.6;20.4
2024-04-15 20:17:18;29.6;60.2;57.1;50.9;73.0;84.0;24.3 °C;24.1;22.9;21.8;20.6;20.4
2024-04-15 20:27:17;29.6;60.2;57.1;50.9;73.0;84.0;24.2 °C;24.1;22.9;21.8;20.6;20.4
2024-04-15 20:37:13;29.6;60.2;57.1;50.9;73.0;84.0;24.1 °C;24.1;22.9;21.8;20.6;20.4
2024-04-15 20:47:19;29.5;60.2;57.1;50.9;73.0;84.0;24 °C;24.1;23;21.8;20.6;20.4
2024-04-15 20:57:18;29.5;60.2;57.1;50.9;73.0;84.0;23.9 °C;24.1;23;21.8;20.6;20.4
2024-04-15 21:07:14;29.6;60.2;57.1;50.9;73.0;84.0;23.8 °C;24.1;23;21.9;20.6;20.4
2024-04-15 21:17:13;29.6;60.2;57.1;50.9;73.0;84.0;23.8 °C;24;23;21.9;20.6;20.4
2024-04-15 21:27:13;29.6;60.2;57.1;50.9;73.0;84.0;23.7 °C;24;23;21.9;20.6;20.4
2024-04-15 21:37:15;29.5;60.2;57.1;50.9;73.0;84.0;23.6 °C;24;23.1;21.9;20.6;20.4
2024-04-15 21:47:14;29.5;60.2;57.1;50.9;73.0;84.0;23.5 °C;23.9;23.1;21.9;20.6;20.4
2024-04-15 22:07:16;29.5;60.1;57.1;50.9;73.0;84.0;23.4 °C;23.9;23.1;21.9;20.6;20.4
2024-04-15 22:17:15;29.5;60.1;57.1;50.9;73.0;84.0;23.3 °C;23.9;23.1;21.9;20.6;20.4
2024-04-15 22:27:15;29.5;60.1;57.1;50.9;73.0;84.0;23.3 °C;23.9;23.1;21.9;20.6;20.4
2024-04-15 22:37:18;29.5;60.1;57.1;50.9;73.0;84.0;23.3 °C;23.9;23.1;21.9;20.6;20.4
2024-04-15 22:47:20;29.4;60.1;57.1;50.9;73.0;84.0;23.2 °C;23.8;23.1;21.9;20.6;20.4
2024-04-15 22:57:16;29.5;60.1;57.1;50.9;73.0;84.0;23.1 °C;23.8;23.1;21.9;20.6;20.4
2024-04-15 23:07:16;29.4;60.1;57.1;50.9;73.0;84.0;23.1 °C;23.8;23.1;21.9;20.7;20.4
2024-04-15 23:17:19;29.5;60.1;57.1;50.9;73.0;84.0;23 °C;23.8;23.1;22;20.7;20.4
2024-04-15 23:27:18;29.5;60.1;57.1;50.9;73.0;84.0;22.9 °C;23.8;23.1;22;20.7;20.4
2024-04-15 23:37:13;29.4;60.0;57.1;50.9;73.0;84.0;22.9 °C;23.7;23.1;22;20.7;20.4
2024-04-15 23:47:17;29.4;60.0;57.1;50.9;73.0;84.0;22.8 °C;23.7;23.1;22;20.7;20.4
2024-04-15 23:57:14;29.4;60.0;57.1;50.9;73.0;84.0;22.8 °C;23.6;23.1;22;20.7;20.5
2024-04-16 00:07:16;29.4;60.0;57.1;50.9;73.0;84.0;22.7 °C;23.6;23.1;22;20.7;20.5
2024-04-16 00:17:18;29.4;60.0;57.1;50.9;73.0;84.0;22.7 °C;23.6;23.1;22;20.7;20.5
2024-04-16 00:27:15;29.4;60.0;57.1;50.9;73.0;84.0;22.6 °C;23.6;23.1;22;20.7;20.5
2024-04-16 00:37:14;29.4;60.0;57.1;50.9;73.0;84.0;22.6 °C;23.6;23.1;22.1;20.7;20.5
2024-04-16 00:47:18;29.4;60.0;57.1;50.9;72.9;84.0;22.5 °C;23.5;23.1;22.1;20.7;20.5
2024-04-16 00:57:15;29.4;60.0;57.1;50.9;73.0;84.0;22.5 °C;23.5;23.1;22.1;20.7;20.5
2024-04-16 01:07:14;29.4;59.9;57.1;50.9;73.0;84.0;22.4 °C;23.4;23.1;22.1;20.7;20.5
2024-04-16 01:17:13;29.4;59.9;57.1;50.9;73.0;84.0;22.4 °C;23.4;23.1;22.1;20.8;20.5
2024-04-16 01:27:13;29.4;59.9;57.1;50.9;73.0;84.0;22.3 °C;23.4;23.1;22.1;20.8;20.5
2024-04-16 01:37:19;29.4;59.9;57.1;50.9;73.0;84.0;22.3 °C;23.4;23.1;22.1;20.8;20.5
2024-04-16 01:47:13;29.4;59.9;57.1;50.9;73.0;84.0;22.2 °C;23.4;23;22.1;20.8;20.5
2024-04-16 01:57:18;29.4;59.9;57.1;50.9;73.0;84.0;22.2 °C;23.3;23;22.1;20.8;20.5
2024-04-16 02:07:13;29.4;59.9;57.1;50.9;73.0;84.0;22.1 °C;23.3;23;22.1;20.8;20.5
2024-04-16 02:17:16;29.4;59.9;57.1;50.9;73.0;84.0;22.1 °C;23.3;23;22.1;20.8;20.5
2024-04-16 02:27:15;29.4;59.9;57.1;50.9;72.9;84.0;22.1 °C;23.3;23;22.1;20.8;20.5
2024-04-16 02:37:18;29.4;59.8;57.1;50.9;73.0;84.0;22 °C;23.3;23;22.1;20.8;20.5
2024-04-16 02:47:12;29.4;59.9;57.1;50.9;73.0;84.0;22 °C;23.2;23;22.1;20.8;20.5
2024-04-16 02:57:17;29.4;59.9;57.1;50.9;73.0;84.0;21.9 °C;23.2;23;22.1;20.8;20.5
2024-04-16 03:07:17;29.3;59.8;57.1;50.9;73.0;84.0;21.9 °C;23.1;23;22.1;20.8;20.5
2024-04-16 03:17:15;29.3;59.8;57.1;50.9;72.9;84.0;21.9 °C;23.1;22.9;22.1;20.8;20.5
2024-04-16 03:27:13;29.4;59.8;57.1;50.9;73.0;84.0;21.8 °C;23.1;22.9;22.1;20.8;20.5
2024-04-16 03:37:14;29.4;59.8;57.0;50.9;73.0;84.0;21.8 °C;23.1;22.9;22.1;20.8;20.6
2024-04-16 03:47:17;29.3;59.8;57.0;50.9;73.0;84.0;21.7 °C;23.1;22.9;22.1;20.8;20.6
2024-04-16 03:57:19;29.3;59.8;57.0;50.8;72.9;84.0;21.7 °C;23;22.9;22.1;20.8;20.6
2024-04-16 04:07:14;29.4;59.8;57.0;50.9;73.0;84.0;21.6 °C;23;22.9;22.1;20.8;20.6
2024-04-16 04:17:13;29.4;59.8;57.0;50.9;73.0;84.0;21.6 °C;22.9;22.9;22.1;20.8;20.6
2024-04-16 04:27:15;29.4;59.8;57.0;50.9;72.9;84.0;21.5 °C;22.9;22.9;22.1;20.8;20.6
2024-04-16 04:37:18;29.5;59.7;57.0;50.9;72.9;84.0;21.5 °C;22.9;22.9;22.1;20.8;20.6
2024-04-16 04:47:12;29.5;59.7;57.0;50.9;72.9;84.0;21.4 °C;22.9;22.9;22.1;20.8;20.6
2024-04-16 04:57:17;29.6;59.7;57.0;50.9;73.0;84.0;21.4 °C;22.9;22.9;22.1;20.8;20.6
2024-04-16 05:07:19;29.6;59.7;57.0;50.9;72.9;84.0;21.4 °C;22.8;22.8;22.1;20.8;20.6
2024-04-16 05:17:19;29.5;59.7;57.0;50.9;72.9;84.0;21.4 °C;22.8;22.8;22.1;20.8;20.6
2024-04-16 05:27:15;29.6;59.7;57.0;50.8;72.9;84.0;21.3 °C;22.8;22.8;22.1;20.8;20.6
2024-04-16 05:37:19;29.6;59.7;57.0;50.9;72.9;84.0;21.3 °C;22.8;22.8;22.1;20.8;20.6
2024-04-16 05:47:18;29.6;59.7;57.0;50.8;72.9;84.0;21.2 °C;22.8;22.8;22.1;20.8;20.6
2024-04-16 05:57:17;29.6;59.6;57.0;50.8;72.9;84.0;21.1 °C;22.7;22.8;22.1;20.8;20.6
2024-04-16 06:07:19;29.6;59.6;57.0;50.8;72.9;84.0;21 °C;22.7;22.8;22.1;20.8;20.6
2024-04-16 06:17:19;29.6;59.6;56.9;50.8;72.9;84.0;20.9 °C;22.6;22.8;22.1;20.8;20.6
2024-04-16 06:27:19;29.6;59.7;56.9;50.8;72.9;84.0;20.9 °C;22.6;22.8;22.1;20.8;20.6
2024-04-16 06:37:18;29.6;59.6;56.9;50.8;72.9;84.0;20.8 °C;22.6;22.7;22.1;20.8;20.6
2024-04-16 06:47:15;29.6;59.6;56.9;50.8;72.9;84.0;20.8 °C;22.6;22.7;22.1;20.8;20.6
2024-04-16 06:57:12;29.6;59.6;56.9;50.8;72.9;84.0;20.8 °C;22.6;22.7;22.1;20.8;20.6
2024-04-16 07:07:13;29.7;59.6;56.9;50.8;72.9;84.0;20.7 °C;22.5;22.7;22;20.8;20.6
2024-04-16 07:17:15;29.7;59.6;56.9;50.8;72.9;84.0;20.7 °C;22.5;22.7;22;20.8;20.6
2024-04-16 07:27:19;29.7;59.6;56.9;50.8;72.9;84.0;20.7 °C;22.4;22.6;22;20.8;20.6
2024-04-16 07:37:14;29.8;59.6;56.9;50.8;72.9;84.0;20.7 °C;22.4;22.6;22;20.8;20.6
2024-04-16 07:47:14;29.7;59.6;56.9;50.8;72.9;84.0;20.8 °C;22.4;22.6;22;20.8;20.6
2024-04-16 07:57:13;29.7;59.6;56.9;50.8;72.9;84.0;20.8 °C;22.4;22.6;22;20.8;20.6
2024-04-16 08:07:15;29.7;59.5;56.9;50.8;72.9;84.0;20.8 °C;22.3;22.6;22;20.8;20.6
2024-04-16 08:17:15;29.8;59.5;56.9;50.8;72.9;84.0;20.8 °C;22.3;22.6;22;20.8;20.6
2024-04-16 08:27:15;29.8;59.5;56.9;50.8;72.9;84.0;20.9 °C;22.3;22.6;22;20.8;20.6
2024-04-16 08:37:14;29.7;59.6;56.9;50.8;72.9;84.0;21 °C;22.3;22.6;22;20.8;20.6
2024-04-16 08:47:14;29.7;59.5;56.8;50.8;72.9;84.0;21.1 °C;22.3;22.5;22;20.8;20.6
2024-04-16 08:57:13;29.8;59.5;56.8;50.8;72.9;84.0;21.3 °C;22.2;22.5;21.9;20.8;20.6
2024-04-16 09:07:19;29.8;59.5;56.8;50.8;72.9;84.0;21.4 °C;22.2;22.5;21.9;20.8;20.6
2024-04-16 09:17:15;29.8;59.5;56.8;50.8;72.9;84.0;21.5 °C;22.2;22.5;21.9;20.8;20.6
2024-04-16 09:27:13;29.7;59.5;56.8;50.8;72.9;84.0;21.6 °C;22.2;22.4;21.9;20.8;20.6
2024-04-16 09:37:12;29.7;59.5;56.8;50.7;72.9;84.0;21.7 °C;22.1;22.4;21.9;20.8;20.6
2024-04-16 09:47:12;29.7;59.5;56.8;50.7;72.9;84.0;21.8 °C;22.1;22.4;21.9;20.8;20.6
2024-04-16 09:57:17;29.8;59.5;56.8;50.7;72.9;84.0;21.8 °C;22.1;22.4;21.9;20.8;20.6
2024-04-16 10:07:11;29.8;59.5;56.8;50.7;72.9;84.0;21.9 °C;22.1;22.4;21.9;20.8;20.6
2024-04-16 10:17:15;29.8;59.5;56.8;50.7;72.9;84.0;22.1 °C;22.1;22.4;21.9;20.8;20.6
2024-04-16 10:27:16;29.8;59.5;56.8;50.7;72.9;84.0;22.3 °C;22.1;22.4;21.9;20.8;20.6
2024-04-16 10:37:11;29.8;59.5;56.8;50.7;72.9;84.0;22.4 °C;22.1;22.4;21.9;20.8;20.6
2024-04-16 10:47:16;29.8;59.5;56.8;50.7;72.8;84.0;22.5 °C;22.1;22.3;21.9;20.8;20.6
2024-04-16 10:57:12;29.8;59.5;56.7;50.7;72.9;84.0;22.7 °C;22.1;22.3;21.9;20.8;20.6
2024-04-16 11:07:13;29.8;59.5;56.8;50.7;72.9;84.0;22.8 °C;22.1;22.3;21.9;20.8;20.6
2024-04-16 11:17:12;29.8;59.5;56.7;50.7;72.8;84.0;23 °C;22.2;22.3;21.9;20.8;20.6
2024-04-16 11:27:12;29.8;59.5;56.7;50.7;72.8;84.0;23.1 °C;22.2;22.3;21.9;20.8;20.6
2024-04-16 11:37:18;29.8;59.5;56.7;50.6;72.8;84.0;23.4 °C;22.2;22.3;21.9;20.8;20.6
2024-04-16 11:47:12;29.9;59.5;56.7;50.7;72.8;84.0;23.6 °C;22.2;22.3;21.9;20.8;20.6
2024-04-16 11:57:17;29.9;59.5;56.8;50.7;72.8;84.0;23.8 °C;22.3;22.3;21.8;20.8;20.6
2024-04-16 12:07:11;29.8;59.5;56.7;50.7;72.8;84.0;24 °C;22.3;22.3;21.8;20.8;20.6
2024-04-16 12:17:13;29.8;59.5;56.7;50.7;72.8;84.0;24.3 °C;22.3;22.3;21.8;20.8;20.6
2024-04-16 12:27:18;29.9;59.5;56.7;50.6;72.8;84.0;24.4 °C;22.3;22.3;21.8;20.8;20.6
2024-04-16 12:37:18;29.9;59.5;56.7;50.6;72.8;84.0;24.6 °C;22.4;22.3;21.8;20.8;20.6
2024-04-16 12:47:12;29.9;59.5;56.7;50.6;72.8;84.0;24.8 °C;22.4;22.3;21.8;20.8;20.6
2024-04-16 12:57:18;29.9;59.6;56.7;50.6;72.8;84.0;24.9 °C;22.4;22.3;21.8;20.8;20.6
2024-04-16 13:07:16;29.8;59.6;56.7;50.6;72.8;84.0;25 °C;22.5;22.3;21.8;20.8;20.6
2024-04-16 13:17:14;29.8;59.6;56.7;50.6;72.8;84.0;25 °C;22.5;22.3;21.8;20.8;20.6
2024-04-16 13:27:12;29.9;59.6;56.7;50.6;72.8;84.0;25 °C;22.6;22.3;21.8;20.8;20.6
2024-04-16 13:37:22;29.9;59.6;56.7;50.6;72.8;84.0;25.1 °C;22.6;22.3;21.8;20.8;20.6
2024-04-16 13:47:17;29.9;59.6;56.7;50.6;72.8;84.0;25.1 °C;22.7;22.3;21.8;20.8;20.6
2024-04-16 13:57:18;29.9;59.6;56.7;50.6;72.8;84.0;25.2 °C;22.7;22.3;21.8;20.8;20.6
2024-04-16 14:07:13;29.9;59.6;56.7;50.6;72.8;84.0;25.3 °C;22.8;22.3;21.8;20.8;20.6
2024-04-16 14:17:11;29.8;59.7;56.7;50.6;72.8;84.0;25.3 °C;22.8;22.3;21.8;20.8;20.6
2024-04-16 14:27:11;29.8;59.7;56.7;50.6;72.8;84.0;25.3 °C;22.8;22.3;21.8;20.8;20.6
2024-04-16 14:37:11;29.8;59.7;56.7;50.6;72.8;84.0;25.2 °C;22.9;22.3;21.8;20.8;20.6
2024-04-16 14:47:16;29.8;59.7;56.7;50.6;72.7;84.0;25.1 °C;22.9;22.3;21.8;20.8;20.6
2024-04-16 14:57:18;29.8;59.7;56.7;50.6;72.7;84.0;25 °C;23;22.3;21.8;20.8;20.6
2024-04-16 15:07:14;29.8;59.7;56.7;50.6;72.7;84.0;24.9 °C;23;22.3;21.8;20.8;20.6
2024-04-16 15:17:14;29.8;59.7;56.7;50.6;72.7;84.0;24.8 °C;23.1;22.3;21.8;20.8;20.6
2024-04-16 15:27:19;29.8;59.7;56.7;50.6;72.7;84.0;24.8 °C;23.1;22.4;21.8;20.8;20.6
2024-04-16 15:37:18;29.8;59.7;56.7;50.6;72.7;84.0;24.6 °C;23.1;22.4;21.8;20.8;20.6
2024-04-16 15:47:13;29.7;59.7;56.7;50.6;72.7;84.0;24.5 °C;23.1;22.4;21.8;20.8;20.6
2024-04-16 15:57:12;29.7;59.8;56.7;50.6;72.7;84.0;24.4 °C;23.2;22.4;21.8;20.8;20.6
2024-04-16 16:07:15;29.7;59.8;56.7;50.6;72.7;84.0;24.3 °C;23.2;22.4;21.8;20.8;20.6
2024-04-16 16:17:18;29.7;59.8;56.7;50.6;72.7;84.0;24.1 °C;23.2;22.4;21.8;20.8;20.6
2024-04-16 16:27:14;29.6;59.8;56.7;50.6;72.7;84.0;23.9 °C;23.3;22.4;21.8;20.8;20.6
2024-04-16 16:37:12;29.6;59.8;56.7;50.6;72.7;84.0;23.6 °C;23.3;22.4;21.8;20.8;20.6
2024-04-16 16:47:17;29.5;59.8;56.7;50.6;72.7;84.0;23.4 °C;23.3;22.4;21.8;20.8;20.6
2024-04-16 16:57:16;29.5;59.8;56.7;50.6;72.7;84.0;23.3 °C;23.3;22.5;21.8;20.8;20.6
2024-04-16 17:07:18;29.6;59.8;56.7;50.6;72.7;84.0;23.1 °C;23.3;22.5;21.8;20.8;20.6
2024-04-16 17:17:13;29.5;59.8;56.7;50.6;72.7;84.0;23 °C;23.3;22.5;21.8;20.8;20.6
2024-04-16 17:27:15;29.5;59.8;56.7;50.6;72.7;84.0;22.9 °C;23.3;22.5;21.8;20.7;20.6
2024-04-16 17:37:12;29.6;59.8;56.7;50.6;72.7;84.0;22.8 °C;23.3;22.6;21.8;20.8;20.6
2024-04-16 17:47:14;29.6;59.8;56.7;50.6;72.7;84.0;22.8 °C;23.3;22.6;21.8;20.7;20.6
2024-04-16 17:57:14;29.5;59.8;56.7;50.6;72.7;84.0;22.7 °C;23.3;22.6;21.8;20.7;20.6
2024-04-16 18:07:18;29.6;59.8;56.7;50.6;72.7;84.0;22.6 °C;23.3;22.6;21.8;20.7;20.6
2024-04-16 18:17:13;29.6;59.8;56.7;50.6;72.7;84.0;22.5 °C;23.2;22.6;21.8;20.7;20.6
2024-04-16 18:27:11;29.5;59.8;56.7;50.6;72.7;84.0;22.4 °C;23.2;22.6;21.8;20.7;20.6
2024-04-16 18:37:15;29.6;59.8;56.7;50.6;72.7;84.0;22.4 °C;23.2;22.6;21.8;20.7;20.6
2024-04-16 18:47:11;29.6;59.7;56.7;50.6;72.7;84.0;22.3 °C;23.1;22.6;21.8;20.7;20.6
2024-04-16 18:57:15;29.6;59.7;56.7;50.6;72.7;84.0;22.3 °C;23.1;22.6;21.8;20.7;20.6
2024-04-16 19:07:14;29.6;59.7;56.7;50.6;72.7;84.0;22.2 °C;23.1;22.6;21.8;20.7;20.6
2024-04-16 19:17:11;29.6;59.7;56.7;50.6;72.7;84.0;22.1 °C;23.1;22.6;21.8;20.7;20.6
2024-04-16 19:27:16;29.6;59.7;56.8;50.6;72.7;84.0;22.1 °C;23.1;22.6;21.8;20.7;20.6
2024-04-16 19:37:13;29.6;59.7;56.8;50.6;72.7;84.0;22 °C;23.1;22.6;21.8;20.7;20.6
2024-04-16 19:47:16;29.5;59.7;56.8;50.6;72.7;84.0;21.9 °C;23;22.6;21.8;20.7;20.6
2024-04-16 19:57:18;29.6;59.7;56.7;50.6;72.7;84.0;21.8 °C;23;22.6;21.8;20.7;20.6
2024-04-16 20:07:17;29.6;59.7;56.7;50.6;72.7;84.0;21.6 °C;23;22.6;21.8;20.8;20.6
2024-04-16 20:17:11;29.6;59.7;56.7;50.6;72.7;84.0;21.6 °C;22.9;22.6;21.8;20.8;20.6
2024-04-16 20:27:11;29.6;59.7;56.7;50.6;72.7;84.0;21.4 °C;22.9;22.6;21.8;20.8;20.6
2024-04-16 20:37:10;29.5;59.7;56.7;50.6;72.7;84.0;21.4 °C;22.9;22.6;21.8;20.8;20.6
2024-04-16 20:47:11;29.6;59.6;56.7;50.6;72.7;84.0;21.3 °C;22.9;22.6;21.8;20.8;20.6
2024-04-16 20:57:16;29.6;59.6;56.7;50.6;72.7;84.0;21.2 °C;22.8;22.6;21.8;20.8;20.6
2024-04-16 21:07:17;29.6;59.6;56.7;50.6;72.7;84.0;21.1 °C;22.8;22.6;21.8;20.8;20.6
2024-04-16 21:17:13;29.6;59.6;56.7;50.6;72.7;84.0;21.1 °C;22.8;22.6;21.8;20.8;20.6
2024-04-16 21:27:11;29.5;59.6;56.7;50.6;72.7;84.0;21 °C;22.8;22.6;21.8;20.8;20.6
2024-04-16 21:37:13;29.5;59.6;56.7;50.6;72.7;84.0;20.9 °C;22.7;22.6;21.8;20.8;20.6
2024-04-16 21:47:16;29.6;59.6;56.7;50.6;72.7;84.0;20.9 °C;22.7;22.6;21.8;20.8;20.6
2024-04-16 21:57:16;29.6;59.6;56.7;50.6;72.7;84.0;20.8 °C;22.6;22.6;21.8;20.8;20.6
2024-04-16 22:07:11;29.6;59.6;56.7;50.6;72.7;84.0;20.8 °C;22.6;22.6;21.8;20.8;20.6
2024-04-16 22:17:16;29.6;59.6;56.7;50.6;72.7;84.0;20.7 °C;22.6;22.6;21.8;20.8;20.6
2024-04-16 22:27:13;29.6;59.5;56.7;50.6;72.7;84.0;20.6 °C;22.6;22.6;21.8;20.8;20.6
2024-04-16 22:37:17;29.6;59.5;56.7;50.6;72.7;84.0;20.6 °C;22.5;22.5;21.8;20.8;20.6
2024-04-16 22:47:11;29.6;59.5;56.6;50.6;72.7;84.0;20.6 °C;22.5;22.5;21.8;20.8;20.6
2024-04-16 22:57:13;29.6;59.5;56.6;50.6;72.7;84.0;20.5 °C;22.4;22.5;21.8;20.8;20.6
2024-04-16 23:07:12;29.6;59.5;56.6;50.6;72.7;84.0;20.5 °C;22.4;22.5;21.8;20.8;20.6
2024-04-16 23:17:14;29.6;59.5;56.6;50.6;72.7;84.0;20.4 °C;22.4;22.5;21.8;20.8;20.6
2024-04-16 23:27:14;29.6;59.4;56.6;50.6;72.7;84.0;20.4 °C;22.4;22.5;21.8;20.8;20.6
2024-04-16 23:37:13;29.6;59.4;56.7;50.6;72.7;84.0;20.4 °C;22.3;22.4;21.8;20.8;20.6
2024-04-16 23:47:13;29.6;59.4;56.6;50.6;72.7;84.0;20.3 °C;22.3;22.4;21.8;20.8;20.6
2024-04-16 23:57:11;29.6;59.5;56.6;50.6;72.7;84.0;20.3 °C;22.3;22.4;21.8;20.8;20.6
2024-04-17 00:07:17;29.6;59.4;56.6;50.6;72.7;84.0;20.3 °C;22.3;22.4;21.8;20.8;20.6
2024-04-17 00:17:12;29.6;59.4;56.6;50.6;72.7;84.0;20.3 °C;22.2;22.4;21.8;20.8;20.6
2024-04-17 00:27:18;29.6;59.4;56.6;50.6;72.7;84.0;20.2 °C;22.2;22.4;21.8;20.8;20.6
2024-04-17 00:37:13;29.6;59.4;56.6;50.6;72.7;84.0;20.2 °C;22.1;22.4;21.8;20.8;20.6
2024-04-17 00:47:17;29.6;59.3;56.6;50.6;72.7;84.0;20.1 °C;22.1;22.4;21.8;20.8;20.6
2024-04-17 00:57:11;29.6;59.4;56.6;50.6;72.7;84.0;20.1 °C;22.1;22.3;21.8;20.8;20.6
2024-04-17 01:07:12;29.6;59.4;56.6;50.6;72.7;84.0;20.1 °C;22.1;22.3;21.8;20.8;20.6
2024-04-17 01:17:10;29.6;59.3;56.6;50.6;72.7;84.0;20.1 °C;22;22.3;21.8;20.8;20.6
2024-04-17 01:27:10;29.6;59.3;56.6;50.6;72.7;84.0;20 °C;22;22.3;21.8;20.8;20.6
2024-04-17 01:37:14;29.6;59.3;56.6;50.6;72.7;84.0;19.9 °C;21.9;22.3;21.8;20.8;20.6
2024-04-17 01:47:15;29.6;59.3;56.6;50.6;72.7;84.0;19.9 °C;21.9;22.3;21.8;20.8;20.6
2024-04-17 01:57:15;29.6;59.3;56.6;50.5;72.7;84.0;19.8 °C;21.9;22.3;21.8;20.8;20.6
2024-04-17 02:07:17;29.6;59.3;56.6;50.5;72.7;84.0;19.8 °C;21.9;22.3;21.8;20.8;20.6
2024-04-17 02:17:16;29.6;59.3;56.5;50.5;72.7;84.0;19.7 °C;21.8;22.2;21.8;20.8;20.6
2024-04-17 02:27:13;29.6;59.3;56.5;50.5;72.7;84.0;19.6 °C;21.8;22.2;21.8;20.8;20.6
2024-04-17 02:37:18;29.6;59.3;56.5;50.5;72.6;84.0;19.6 °C;21.8;22.2;21.8;20.8;20.6
2024-04-17 02:47:17;29.6;59.2;56.5;50.5;72.7;84.0;19.4 °C;21.8;22.2;21.8;20.8;20.6
2024-04-17 02:57:17;29.6;59.2;56.5;50.5;72.7;84.0;19.4 °C;21.7;22.1;21.8;20.8;20.6
2024-04-17 03:07:11;29.6;59.2;56.5;50.5;72.6;84.0;19.3 °C;21.7;22.1;21.8;20.8;20.6
2024-04-17 03:17:13;29.6;59.2;56.5;50.5;72.7;84.0;19.2 °C;21.6;22.1;21.8;20.8;20.6
2024-04-17 03:27:15;29.6;59.2;56.5;50.5;72.6;84.0;19.1 °C;21.6;22.1;21.8;20.8;20.6
2024-04-17 03:37:12;29.6;59.2;56.5;50.5;72.7;84.0;19.1 °C;21.6;22.1;21.7;20.8;20.6
2024-04-17 03:47:11;29.6;59.2;56.5;50.5;72.6;84.0;19 °C;21.6;22.1;21.7;20.8;20.6
2024-04-17 03:57:15;29.6;59.2;56.5;50.5;72.6;84.0;18.9 °C;21.5;22.1;21.7;20.8;20.6
2024-04-17 04:07:12;29.6;59.2;56.5;50.5;72.6;84.0;18.9 °C;21.5;22;21.7;20.8;20.6
2024-04-17 04:17:11;29.6;59.2;56.5;50.5;72.6;84.0;18.8 °C;21.4;22;21.7;20.8;20.6
2024-04-17 04:27:18;29.6;59.1;56.4;50.5;72.6;84.0;18.8 °C;21.4;22;21.7;20.8;20.6
2024-04-17 04:37:17;29.6;59.1;56.4;50.5;72.6;84.0;18.8 °C;21.4;22;21.7;20.7;20.6
2024-04-17 04:47:12;29.6;59.1;56.4;50.5;72.7;84.0;18.7 °C;21.3;21.9;21.7;20.7;20.6
2024-04-17 04:57:11;29.6;59.1;56.4;50.5;72.6;84.0;18.7 °C;21.3;21.9;21.6;20.7;20.6
2024-04-17 05:07:11;29.6;59.1;56.4;50.5;72.6;84.0;18.7 °C;21.3;21.9;21.6;20.7;20.6
2024-04-17 05:17:12;29.6;59.1;56.4;50.5;72.6;84.0;18.6 °C;21.3;21.9;21.6;20.7;20.6
2024-04-17 05:27:10;29.6;59.1;56.4;50.5;72.6;84.0;18.6 °C;21.2;21.9;21.6;20.7;20.6
2024-04-17 05:37:14;29.6;59.1;56.4;50.5;72.6;84.0;18.6 °C;21.1;21.9;21.6;20.7;20.6
2024-04-17 05:47:14;29.6;59.1;56.4;50.5;72.6;84.0;18.6 °C;21.1;21.8;21.6;20.7;20.6
2024-04-17 05:57:14;29.6;59.1;56.4;50.5;72.6;84.0;18.5 °C;21.1;21.8;21.6;20.7;20.6
2024-04-17 06:07:14;29.6;59.1;56.3;50.5;72.6;84.0;18.5 °C;21.1;21.8;21.6;20.7;20.6
2024-04-17 06:17:10;29.6;59.0;56.3;50.5;72.6;84.0;18.4 °C;21;21.8;21.6;20.7;20.6
2024-04-17 06:27:10;29.6;59.0;56.3;50.4;72.6;84.0;18.4 °C;21;21.8;21.6;20.7;20.6
2024-04-17 06:37:11;29.6;59.0;56.3;50.5;72.6;84.0;18.4 °C;20.9;21.8;21.6;20.7;20.6
2024-04-17 06:47:13;29.6;59.0;56.3;50.5;72.6;84.0;18.4 °C;20.9;21.7;21.6;20.7;20.6
2024-04-17 06:57:13;29.6;59.0;56.3;50.4;72.6;84.0;18.4 °C;20.9;21.7;21.6;20.7;20.6
2024-04-17 07:07:12;29.6;59.0;56.3;50.4;72.6;84.0;18.4 °C;20.9;21.7;21.5;20.7;20.6
2024-04-17 07:17:10;29.6;59.0;56.3;50.4;72.6;84.0;18.4 °C;20.8;21.6;21.5;20.7;20.6
2024-04-17 07:27:15;29.6;59.0;56.3;50.4;72.6;84.0;18.4 °C;20.8;21.6;21.5;20.7;20.6
2024-04-17 07:37:16;29.6;59.0;56.3;50.4;72.6;84.0;18.4 °C;20.8;21.6;21.5;20.6;20.6
2024-04-17 07:47:10;29.7;59.0;56.3;50.4;72.6;84.0;18.5 °C;20.8;21.6;21.5;20.6;20.6
2024-04-17 07:57:15;29.7;59.0;56.3;50.4;72.6;84.0;18.5 °C;20.7;21.6;21.4;20.6;20.6
2024-04-17 08:07:12;29.7;59.0;56.3;50.4;72.6;84.0;18.6 °C;20.7;21.6;21.4;20.6;20.6
2024-04-17 08:17:15;29.7;59.0;56.3;50.4;72.6;84.0;18.7 °C;20.7;21.5;21.4;20.6;20.6
2024-04-17 08:27:17;29.7;58.9;56.3;50.4;72.6;84.0;18.8 °C;20.6;21.5;21.4;20.6;20.6
2024-04-17 08:37:16;29.7;58.9;56.2;50.4;72.6;84.0;18.9 °C;20.6;21.5;21.4;20.6;20.6
2024-04-17 08:47:10;29.7;58.9;56.2;50.4;72.6;84.0;19.1 °C;20.6;21.4;21.4;20.6;20.6
2024-04-17 08:57:09;29.7;58.9;56.2;50.4;72.6;84.0;19.3 °C;20.6;21.4;21.4;20.6;20.6
2024-04-17 09:07:10;29.7;58.9;56.2;50.4;72.6;84.0;19.6 °C;20.6;21.4;21.4;20.6;20.6
2024-04-17 09:17:10;29.7;58.9;56.2;50.3;72.5;84.0;19.8 °C;20.5;21.4;21.4;20.6;20.6
2024-04-17 09:27:16;29.7;58.9;56.2;50.3;72.5;84.0;19.9 °C;20.5;21.4;21.4;20.6;20.6
2024-04-17 09:37:10;29.7;58.9;56.2;50.3;72.5;84.0;19.9 °C;20.5;21.4;21.4;20.6;20.6
2024-04-17 09:47:16;29.7;58.9;56.2;50.3;72.5;84.0;20.2 °C;20.5;21.3;21.3;20.6;20.6
2024-04-17 09:57:10;29.7;58.9;56.2;50.3;72.5;84.0;20.4 °C;20.5;21.3;21.3;20.6;20.6
2024-04-17 10:07:12;29.7;58.9;56.2;50.3;72.5;84.0;20.5 °C;20.5;21.3;21.3;20.6;20.6
2024-04-17 10:17:11;29.7;58.9;56.2;50.3;72.5;84.0;20.5 °C;20.5;21.3;21.3;20.6;20.6
2024-04-17 10:27:11;29.6;58.9;56.2;50.3;72.5;84.0;20.4 °C;20.5;21.3;21.3;20.6;20.6
2024-04-17 10:37:10;29.6;58.9;56.2;50.3;72.5;84.0;20.4 °C;20.5;21.3;21.3;20.6;20.6
2024-04-17 10:47:15;29.7;58.9;56.1;50.3;72.5;84.0;20.5 °C;20.5;21.3;21.3;20.6;20.6
2024-04-17 10:57:16;29.6;58.9;56.1;50.3;72.5;84.0;20.5 °C;20.5;21.2;21.3;20.6;20.6
2024-04-17 11:07:12;29.6;58.9;56.1;50.3;72.5;84.0;20.6 °C;20.6;21.2;21.3;20.6;20.6
2024-04-17 11:17:10;29.6;58.9;56.1;50.3;72.5;84.0;20.7 °C;20.6;21.2;21.3;20.6;20.6
2024-04-17 11:27:12;29.6;58.9;56.1;50.3;72.5;84.0;20.8 °C;20.6;21.2;21.2;20.5;20.6
2024-04-17 11:37:15;29.6;58.9;56.1;50.3;72.5;84.0;21 °C;20.6;21.2;21.2;20.5;20.6
2024-04-17 11:47:16;29.6;58.9;56.1;50.3;72.5;84.0;21.1 °C;20.6;21.1;21.2;20.5;20.6
2024-04-17 11:57:12;29.7;58.9;56.1;50.2;72.5;84.0;21.3 °C;20.6;21.1;21.2;20.5;20.6
2024-04-17 12:07:11;29.7;58.9;56.1;50.3;72.5;84.0;21.3 °C;20.6;21.1;21.2;20.5;20.6
2024-04-17 12:17:11;29.6;58.9;56.1;50.3;72.5;84.0;21.3 °C;20.7;21.1;21.1;20.5;20.6
2024-04-17 12:27:14;29.7;58.9;56.1;50.2;72.5;84.0;21.3 °C;20.7;21.1;21.1;20.5;20.6
2024-04-17 12:37:14;29.7;58.9;56.1;50.2;72.5;84.0;21.4 °C;20.8;21.1;21.1;20.5;20.6
2024-04-17 12:47:16;29.7;58.9;56.0;50.2;72.5;84.0;21.6 °C;20.8;21.1;21.1;20.5;20.6
2024-04-17 12:57:11;29.7;58.9;56.1;50.2;72.5;84.0;21.9 °C;20.8;21.1;21.1;20.5;20.6
2024-04-17 13:07:13;29.7;58.9;56.0;50.2;72.5;84.0;22.3 °C;20.8;21.1;21.1;20.4;20.6
2024-04-17 13:17:17;29.8;59.0;56.0;50.2;72.4;84.0;22.5 °C;20.8;21.1;21.1;20.4;20.6
2024-04-17 13:27:16;29.8;59.0;56.0;50.2;72.5;84.0;22.7 °C;20.9;21.1;21.1;20.4;20.6
2024-04-17 13:37:12;29.8;59.0;56.0;50.2;72.4;84.0;22.8 °C;20.9;21.1;21.1;20.4;20.6
2024-04-17 13:47:11;29.8;59.0;56.0;50.2;72.4;84.0;22.8 °C;20.9;21.1;21.1;20.4;20.6
2024-04-17 13:57:13;29.8;59.0;56.0;50.2;72.4;84.0;22.7 °C;21;21.1;21.1;20.4;20.6
2024-04-17 14:07:17;29.7;59.0;56.0;50.2;72.4;84.0;22.6 °C;21.1;21.1;21.1;20.4;20.6
2024-04-17 14:17:12;29.7;59;56.0;50.2;72.4;84.0;22.5 °C;21.1;21.1;21.1;20.4;20.6
2024-04-17 14:27:11;29.7;59.0;56.0;50.2;72.4;84.0;22.4 °C;21.1;21.1;21;20.4;20.6
2024-04-17 14:37:09;29.7;59.0;56.0;50.2;72.4;84.0;22.3 °C;21.2;21.1;21;20.4;20.5
2024-04-17 14:47:10;29.7;59.0;56.0;50.2;72.4;84.0;22.1 °C;21.2;21.1;21;20.4;20.5
2024-04-17 14:57:14;29.6;59.0;56.0;50.2;72.4;84.0;22 °C;21.3;21.1;21;20.4;20.5
2024-04-17 15:07:15;29.6;59.0;56.0;50.2;72.4;84.0;21.9 °C;21.3;21.1;21;20.4;20.5
2024-04-17 15:17:10;29.6;59.0;56.0;50.2;72.4;84.0;21.8 °C;21.3;21.1;21;20.4;20.5
2024-04-17 15:27:15;29.7;59.0;56.0;50.2;72.4;84.1;21.7 °C;21.3;21.1;21;20.4;20.5
2024-04-17 15:37:12;29.7;59.0;56.0;50.2;72.4;84.1;21.5 °C;21.3;21.2;21;20.4;20.5
2024-04-17 15:47:17;29.6;59.0;56.1;50.2;72.4;84.0;21.3 °C;21.4;21.2;21;20.4;20.5
2024-04-17 15:57:12;29.7;59.0;56.1;50.2;72.4;84.0;21.2 °C;21.4;21.2;21;20.4;20.5
2024-04-17 16:07:15;29.6;59.0;56.1;50.2;72.4;84.0;21.1 °C;21.4;21.2;21;20.4;20.5
2024-04-17 16:17:10;29.6;59.0;56.1;50.1;72.4;84.0;20.9 °C;21.4;21.2;21;20.3;20.5
2024-04-17 16:27:10;29.6;59.0;56.1;50.2;72.4;84.0;20.8 °C;21.4;21.2;21;20.3;20.5
2024-04-17 16:37:16;29.6;59.0;56.0;50.2;72.4;84.1;20.6 °C;21.4;21.2;21;20.3;20.5
2024-04-17 16:47:14;29.6;59.0;56.1;50.2;72.4;84.1;20.5 °C;21.4;21.3;21;20.3;20.5
2024-04-17 16:57:16;29.6;59.0;56.1;50.2;72.4;84.1;20.4 °C;21.4;21.3;21;20.3;20.5
2024-04-17 17:07:10;29.6;59.0;56.1;50.2;72.4;84.1;20.4 °C;21.4;21.3;20.9;20.3;20.5
2024-04-17 17:17:11;29.6;59.0;56.0;50.1;72.4;84.1;20.3 °C;21.4;21.3;20.9;20.3;20.5
2024-04-17 17:27:14;29.6;59.0;56.1;50.2;72.4;84.1;20.2 °C;21.4;21.3;21;20.3;20.5
2024-04-17 17:37:12;29.6;59.0;56.1;50.2;72.4;84.1;20.1 °C;21.3;21.3;20.9;20.3;20.5
2024-04-17 17:47:12;29.6;59.0;56.0;50.1;72.4;84.1;20.1 °C;21.3;21.3;20.9;20.3;20.4
2024-04-17 18:07:16;29.6;59.0;56.0;50.1;72.4;84.1;19.8 °C;21.3;21.3;20.9;20.3;20.4
2024-04-17 18:17:11;29.6;59.0;56.1;50.1;72.4;84.1;19.6 °C;21.3;21.3;20.9;20.3;20.4
2024-04-17 18:27:09;29.7;59.0;56.1;50.1;72.4;84.1;19.5 °C;21.3;21.3;20.9;20.3;20.4
2024-04-17 18:37:13;29.6;59.0;56.1;50.1;72.4;84.1;19.3 °C;21.3;21.3;20.9;20.3;20.4
2024-04-17 18:47:09;29.6;58.9;56.0;50.1;72.4;84.1;19.2 °C;21.2;21.3;20.9;20.3;20.4
2024-04-17 18:57:13;29.6;58.9;56.0;50.1;72.4;84.1;19 °C;21.2;21.3;20.9;20.3;20.4
2024-04-17 19:07:14;29.6;58.9;56.0;50.1;72.4;84.1;18.9 °C;21.1;21.3;20.9;20.3;20.4
2024-04-17 19:17:11;29.6;58.9;56.0;50.1;72.4;84.1;18.8 °C;21.1;21.3;20.9;20.3;20.4
2024-04-17 19:27:09;29.6;58.9;56.0;50.1;72.4;84.1;18.6 °C;21.1;21.3;20.9;20.3;20.4
2024-04-17 19:37:09;29.6;58.9;56.0;50.1;72.4;84.1;18.4 °C;21.1;21.3;20.9;20.3;20.4
2024-04-17 19:47:10;29.6;58.9;56.0;50.1;72.4;84.1;18.3 °C;21;21.3;20.9;20.3;20.4
2024-04-17 19:57:16;29.7;58.8;56.0;50.1;72.4;84.1;18.2 °C;21;21.3;20.9;20.3;20.4
2024-04-17 20:07:11;29.7;58.8;56.0;50.1;72.4;84.1;18.1 °C;20.9;21.3;20.9;20.3;20.4
2024-04-17 20:17:09;29.7;58.8;56.0;50.1;72.4;84.1;18 °C;20.9;21.3;20.9;20.3;20.4
2024-04-17 20:27:13;29.7;58.8;56.0;50.1;72.4;84.1;17.9 °C;20.9;21.3;20.9;20.3;20.4
2024-04-17 20:37:09;29.7;58.8;56.0;50.1;72.4;84.1;17.8 °C;20.8;21.3;20.9;20.3;20.4
2024-04-17 20:47:13;29.6;58.8;56;50.1;72.4;84.1;17.7 °C;20.8;21.2;20.9;20.3;20.4
2024-04-17 20:57:14;29.7;58.8;56.0;50.1;72.4;84.1;17.6 °C;20.7;21.2;20.9;20.3;20.4
2024-04-17 21:07:12;29.7;58.8;56.0;50.1;72.4;84.1;17.5 °C;20.7;21.2;20.9;20.3;20.4
2024-04-17 21:17:13;29.7;58.8;56.0;50.1;72.4;84.1;17.4 °C;20.6;21.2;20.9;20.3;20.4
2024-04-17 21:27:16;29.7;58.8;56.0;50.1;72.4;84.1;17.3 °C;20.6;21.2;20.9;20.3;20.4
2024-04-17 21:37:15;29.7;58.7;55.9;50.1;72.4;84.0;17.2 °C;20.6;21.1;20.9;20.3;20.4
2024-04-17 21:47:10;29.7;58.7;55.9;50.1;72.4;84.0;17.1 °C;20.5;21.1;20.9;20.3;20.4
2024-04-17 21:57:15;29.7;58.7;55.9;50.1;72.3;84.0;17.1 °C;20.4;21.1;20.9;20.3;20.4
2024-04-17 22:07:13;29.7;58.7;55.9;50.0;72.3;84;17 °C;20.4;21.1;20.9;20.3;20.4
2024-04-17 22:17:09;29.7;58.7;55.9;50.1;72.3;84;16.9 °C;20.4;21.1;20.9;20.3;20.4
2024-04-17 22:27:13;29.7;58.7;55.9;50.0;72.3;84;16.9 °C;20.3;21.1;20.9;20.3;20.4
2024-04-17 22:37:09;29.7;58.7;55.9;50.0;72.3;84.0;16.8 °C;20.3;21.1;20.9;20.2;20.4
2024-04-17 22:47:10;29.7;58.7;55.9;50.0;72.3;84.0;16.8 °C;20.2;21;20.9;20.2;20.4
2024-04-17 22:57:16;29.7;58.6;55.9;50.0;72.3;84.0;16.6 °C;20.1;21;20.9;20.2;20.4
2024-04-17 23:07:16;29.8;58.6;55.9;50.1;72.3;84.0;16.6 °C;20.1;21;20.9;20.2;20.4
2024-04-17 23:17:11;29.7;58.6;55.9;50.0;72.3;84.0;16.5 °C;20.1;21;20.9;20.2;20.4
2024-04-17 23:27:09;29.7;58.6;55.9;50.0;72.3;84.0;16.4 °C;20;20.9;20.9;20.2;20.4
2024-04-17 23:37:09;29.7;58.6;55.9;50.0;72.3;84.0;16.3 °C;19.9;20.9;20.9;20.2;20.4
2024-04-17 23:47:10;29.8;58.6;55.9;50.0;72.3;84.0;16.2 °C;19.9;20.9;20.9;20.2;20.4
2024-04-17 23:57:16;29.7;58.6;55.9;50.0;72.3;84.0;16.1 °C;19.9;20.9;20.9;20.2;20.4
2024-04-18 00:07:11;29.7;58.6;55.9;50.0;72.3;83.9;16 °C;19.8;20.9;20.9;20.2;20.4
2024-04-18 00:17:11;29.7;58.6;55.9;50.0;72.3;84.0;15.9 °C;19.8;20.8;20.8;20.2;20.4
2024-04-18 00:27:10;29.8;58.5;55.9;50.0;72.3;83.9;15.8 °C;19.8;20.8;20.8;20.2;20.4
2024-04-18 00:37:11;29.7;58.5;55.9;50.0;72.3;84.0;15.7 °C;19.7;20.8;20.8;20.2;20.4
2024-04-18 00:47:08;29.7;58.5;55.8;50.0;72.3;83.9;15.6 °C;19.6;20.8;20.8;20.2;20.4
2024-04-18 00:57:13;29.8;58.5;55.8;50.0;72.3;83.9;15.6 °C;19.6;20.8;20.8;20.2;20.4
2024-04-18 01:07:14;29.7;58.5;55.8;50.0;72.3;83.9;15.4 °C;19.6;20.7;20.8;20.2;20.4
2024-04-18 01:17:16;29.7;58.5;55.8;50.0;72.3;83.9;15.4 °C;19.5;20.7;20.8;20.2;20.4
2024-04-18 01:27:11;29.7;58.5;55.8;50.0;72.3;83.9;15.3 °C;19.4;20.7;20.8;20.2;20.3
2024-04-18 01:37:15;29.7;58.4;55.8;50.0;72.3;83.9;15.3 °C;19.4;20.6;20.8;20.2;20.3
2024-04-18 01:47:14;29.8;58.5;55.8;50.0;72.2;83.9;15.2 °C;19.3;20.6;20.8;20.1;20.3
2024-04-18 01:57:10;29.8;58.5;55.8;50.0;72.2;83.9;15.1 °C;19.3;20.6;20.8;20.1;20.3
2024-04-18 02:07:09;29.8;58.4;55.8;50.0;72.2;83.9;15 °C;19.3;20.6;20.8;20.1;20.3
2024-04-18 02:17:10;29.8;58.4;55.8;49.9;72.2;83.9;14.9 °C;19.2;20.6;20.8;20.1;20.3
2024-04-18 02:27:11;29.7;58.4;55.8;49.9;72.2;83.9;14.9 °C;19.1;20.5;20.7;20.1;20.3
2024-04-18 02:37:08;29.8;58.4;55.8;49.9;72.2;83.9;14.8 °C;19.1;20.5;20.7;20.1;20.3
2024-04-18 02:47:13;29.8;58.4;55.8;49.9;72.2;83.9;14.7 °C;19;20.4;20.7;20.1;20.3
2024-04-18 02:57:14;29.8;58.3;55.8;49.9;72.2;83.9;14.6 °C;19;20.4;20.7;20.1;20.3
2024-04-18 03:07:16;29.8;58.4;55.8;49.9;72.2;83.9;14.6 °C;18.9;20.4;20.6;20.1;20.3
2024-04-18 03:17:12;29.8;58.4;55.7;49.9;72.2;83.9;14.4 °C;18.9;20.4;20.6;20.1;20.3
2024-04-18 03:27:16;29.8;58.3;55.7;49.9;72.2;83.9;14.4 °C;18.8;20.3;20.6;20.1;20.3
2024-04-18 03:37:16;29.8;58.3;55.7;49.9;72.2;83.9;14.3 °C;18.8;20.3;20.6;20.1;20.3
2024-04-18 03:47:16;29.8;58.3;55.7;49.9;72.2;83.9;14.2 °C;18.8;20.3;20.6;20.1;20.3
2024-04-18 03:57:12;29.8;58.3;55.7;49.9;72.2;83.9;14.1 °C;18.7;20.3;20.6;20.1;20.3
2024-04-18 04:07:16;29.8;58.3;55.7;49.9;72.2;83.9;14.1 °C;18.6;20.3;20.6;20.1;20.3
2024-04-18 04:17:15;29.8;58.3;55.7;49.9;72.2;83.9;14 °C;18.6;20.2;20.6;20.1;20.3
2024-04-18 04:27:12;29.8;58.2;55.7;49.9;72.2;83.9;13.9 °C;18.6;20.2;20.6;20.1;20.3
2024-04-18 04:37:13;29.8;58.2;55.7;49.9;72.2;83.9;13.9 °C;18.5;20.1;20.5;20.1;20.3
2024-04-18 04:47:10;29.8;58.2;55.7;49.9;72.2;83.9;13.8 °C;18.4;20.1;20.5;20.1;20.3
2024-04-18 04:57:12;29.8;58.2;55.7;49.9;72.2;83.9;13.8 °C;18.4;20.1;20.5;20.1;20.3
2024-04-18 05:07:16;29.8;58.2;55.7;49.9;72.2;83.9;13.7 °C;18.3;20.1;20.5;20;20.3
2024-04-18 05:17:15;29.8;58.2;55.7;49.8;72.2;83.9;13.6 °C;18.3;20;20.4;20;20.3
2024-04-18 05:27:11;29.8;58.2;55.6;49.9;72.2;83.9;13.6 °C;18.3;20;20.4;20;20.3
2024-04-18 05:37:10;29.8;58.2;55.6;49.8;72.2;83.9;13.6 °C;18.2;19.9;20.4;20;20.3
2024-04-18 05:47:12;29.8;58.2;55.6;49.8;72.2;83.9;13.5 °C;18.1;19.9;20.4;20;20.3
2024-04-18 05:57:16;29.8;58.2;55.6;49.8;72.2;83.9;13.4 °C;18.1;19.9;20.4;20;20.3
2024-04-18 06:07:11;29.8;58.1;55.6;49.8;72.2;83.9;13.4 °C;18.1;19.9;20.4;20;20.3
2024-04-18 06:17:11;29.8;58.1;55.6;49.8;72.1;83.9;13.4 °C;18;19.8;20.4;20;20.3
2024-04-18 06:27:09;29.8;58.1;55.6;49.8;72.1;83.9;13.3 °C;17.9;19.8;20.3;20;20.3
2024-04-18 06:37:11;29.9;58.1;55.6;49.8;72.2;83.9;13.3 °C;17.9;19.8;20.3;19.9;20.3
2024-04-18 06:47:09;29.8;58.1;55.6;49.8;72.1;83.9;13.3 °C;17.9;19.7;20.3;19.9;20.3
2024-04-18 06:57:14;29.9;58.1;55.6;49.8;72.1;83.9;13.3 °C;17.8;19.7;20.3;19.9;20.3
2024-04-18 07:07:09;29.9;58.1;55.6;49.8;72.1;83.9;13.3 °C;17.8;19.6;20.3;19.9;20.3
2024-04-18 07:17:14;29.8;58.1;55.6;49.8;72.1;83.9;13.3 °C;17.7;19.6;20.3;19.9;20.3
2024-04-18 07:27:16;29.9;58.1;55.6;49.8;72.1;83.9;13.4 °C;17.7;19.6;20.3;19.9;20.3
2024-04-18 07:37:16;29.9;58.1;55.5;49.8;72.1;83.9;13.5 °C;17.6;19.6;20.2;19.9;20.3
2024-04-18 07:47:12;29.9;58.1;55.6;49.7;72.1;83.9;13.6 °C;17.6;19.5;20.2;19.9;20.2
2024-04-18 07:57:14;29.9;58.1;55.6;49.7;72.1;83.9;13.7 °C;17.6;19.5;20.2;19.9;20.2
2024-04-18 08:07:13;29.9;58.0;55.5;49.7;72.1;83.8;13.8 °C;17.5;19.4;20.2;19.9;20.2
2024-04-18 08:17:09;29.9;58.0;55.5;49.7;72.1;83.8;14 °C;17.4;19.4;20.1;19.9;20.2
2024-04-18 08:27:14;29.9;58.0;55.5;49.7;72.1;83.8;14.2 °C;17.4;19.4;20.1;19.9;20.2
2024-04-18 08:37:13;29.9;58.1;55.5;49.7;72.1;83.8;14.5 °C;17.4;19.4;20.1;19.9;20.2
2024-04-18 08:47:09;29.9;58.0;55.5;49.7;72.0;83.8;14.8 °C;17.4;19.3;20.1;19.8;20.2
2024-04-18 08:57:14;29.9;58.0;55.5;49.7;72.0;83.8;15.1 °C;17.4;19.3;20.1;19.8;20.2
2024-04-18 09:07:12;29.9;58.0;55.5;49.7;72.0;83.8;15.3 °C;17.3;19.3;20.1;19.8;20.2
2024-04-18 09:17:09;29.9;58.0;55.5;49.7;72.0;83.8;15.6 °C;17.3;19.3;20;19.8;20.2
2024-04-18 09:27:14;30.0;58.0;55.5;49.7;72.0;83.8;15.8 °C;17.3;19.2;20;19.8;20.2
2024-04-18 09:37:11;29.9;58.0;55.5;49.6;72.0;83.8;16.1 °C;17.3;19.2;20;19.8;20.2
2024-04-18 09:47:16;30.0;58.0;55.5;49.6;72.0;83.8;16.3 °C;17.3;19.1;19.9;19.8;20.2
2024-04-18 09:57:11;30.0;58.0;55.5;49.6;72.0;83.8;16.6 °C;17.3;19.1;19.9;19.8;20.1
2024-04-18 10:07:14;30.0;58.0;55.5;49.6;72.0;83.8;16.7 °C;17.3;19.1;19.9;19.8;20.1
2024-04-18 10:17:10;29.9;58.0;55.5;49.6;72.0;83.8;16.8 °C;17.3;19.1;19.9;19.8;20.1
2024-04-18 10:27:11;30.0;58.0;55.5;49.6;72.0;83.8;16.8 °C;17.3;19.1;19.9;19.8;20.1
2024-04-18 10:37:11;29.9;58.0;55.4;49.6;72.0;83.8;16.8 °C;17.3;19;19.9;19.7;20.1
2024-04-18 10:47:13;30.0;58.0;55.4;49.6;72.0;83.8;16.8 °C;17.4;19;19.8;19.7;20.1
2024-04-18 10:57:16;29.9;58.1;55.4;49.6;72.0;83.8;16.9 °C;17.4;19;19.8;19.7;20.1
2024-04-18 11:07:11;29.9;58.1;55.4;49.6;72.0;83.7;17.1 °C;17.4;18.9;19.8;19.7;20.1
2024-04-18 11:17:10;29.9;58.0;55.4;49.6;72.0;83.7;17.2 °C;17.4;18.9;19.8;19.7;20.1
2024-04-18 11:27:13;30.0;58.1;55.4;49.5;72.0;83.7;17.4 °C;17.5;18.9;19.8;19.6;20.1
2024-04-18 11:37:11;30.0;58.1;55.4;49.5;71.9;83.7;17.6 °C;17.5;18.9;19.8;19.6;20.1
2024-04-18 11:47:11;30.0;58.1;55.4;49.6;71.9;83.7;17.8 °C;17.6;18.9;19.7;19.6;20.1
2024-04-18 11:57:12;30.0;58.1;55.4;49.6;71.9;83.7;18 °C;17.6;18.9;19.7;19.6;20.1
2024-04-18 12:07:15;30.0;58.1;55.4;49.5;71.9;83.7;18.2 °C;17.6;18.9;19.7;19.6;20.1
2024-04-18 12:17:10;30.0;58.1;55.4;49.5;71.9;83.7;18.3 °C;17.7;18.9;19.7;19.6;20.1
2024-04-18 12:27:10;30.0;58.1;55.4;49.5;71.9;83.7;18.4 °C;17.8;18.9;19.6;19.6;20.1
2024-04-18 12:37:15;30.0;58.2;55.4;49.5;71.9;83.7;18.5 °C;17.8;18.9;19.6;19.6;20.1
2024-04-18 12:47:14;30.0;58.1;55.4;49.5;71.9;83.7;18.5 °C;17.8;18.8;19.6;19.6;20.1
2024-04-18 12:57:09;30.0;58.2;55.4;49.5;71.9;83.7;18.5 °C;17.9;18.9;19.6;19.6;20.1
2024-04-18 13:07:15;30.0;58.2;55.4;49.5;71.9;83.7;18.4 °C;17.9;18.8;19.6;19.6;20.1
2024-04-18 13:17:14;30.0;58.2;55.4;49.5;71.9;83.7;18.4 °C;18;18.8;19.6;19.5;20
2024-04-18 13:27:12;30.0;58.2;55.4;49.5;71.9;83.7;18.3 °C;18;18.8;19.6;19.5;20
2024-04-18 13:37:12;29.9;58.2;55.4;49.5;71.9;83.7;18.3 °C;18.1;18.9;19.6;19.5;20
2024-04-18 13:47:09;29.9;58.2;55.4;49.5;71.9;83.7;18.2 °C;18.1;18.9;19.5;19.5;20
2024-04-18 13:57:11;29.9;58.2;55.4;49.5;71.9;83.7;18.1 °C;18.1;18.9;19.5;19.5;20
2024-04-18 14:07:14;29.9;58.2;55.4;49.5;71.9;83.7;18 °C;18.2;18.9;19.5;19.4;20
2024-04-18 14:17:12;29.9;58.2;55.4;49.5;71.9;83.7;17.9 °C;18.3;18.9;19.5;19.4;20
2024-04-18 14:27:12;29.9;58.2;55.4;49.5;71.8;83.7;17.9 °C;18.3;18.9;19.5;19.4;20
2024-04-18 14:37:12;29.9;58.3;55.4;49.5;71.8;83.7;17.9 °C;18.3;18.9;19.4;19.4;19.9
2024-04-18 14:47:08;29.9;58.3;55.4;49.5;71.8;83.7;18.1 °C;18.3;18.9;19.4;19.4;19.9
2024-04-18 14:57:09;29.9;58.3;55.4;49.5;71.8;83.7;18.3 °C;18.3;18.9;19.4;19.4;19.9
2024-04-18 15:07:11;29.9;58.2;55.5;49.4;71.8;83.7;18.4 °C;18.4;18.9;19.4;19.4;19.9
2024-04-18 15:17:14;29.9;58.3;55.5;49.5;71.8;83.7;18.4 °C;18.4;18.9;19.4;19.4;19.9
2024-04-18 15:27:09;29.9;58.3;55.5;49.4;71.8;83.7;18.5 °C;18.4;18.9;19.4;19.4;19.9
2024-04-18 15:37:14;29.9;58.3;55.4;49.4;71.8;83.7;18.4 °C;18.4;18.9;19.4;19.4;19.9
2024-04-18 15:47:09;29.9;58.3;55.5;49.4;71.8;83.7;18.4 °C;18.4;18.9;19.4;19.4;19.9
2024-04-18 15:57:10;29.9;58.3;55.5;49.4;71.8;83.6;18.5 °C;18.4;18.9;19.4;19.3;19.9
2024-04-18 16:07:07;29.9;58.3;55.4;49.4;71.8;83.7;18.6 °C;18.5;18.9;19.4;19.3;19.9
2024-04-18 16:17:08;29.9;58.3;55.4;49.4;71.8;83.7;18.6 °C;18.5;19;19.4;19.3;19.9
2024-04-18 16:27:13;29.9;58.3;55.4;49.4;71.8;83.7;18.5 °C;18.6;19;19.4;19.3;19.9
2024-04-18 16:37:14;29.9;58.3;55.4;49.4;71.8;83.7;18.4 °C;18.6;19;19.4;19.3;19.9
2024-04-18 16:47:09;29.9;58.3;55.4;49.4;71.8;83.6;18.4 °C;18.6;19;19.4;19.3;19.9
2024-04-18 16:57:15;29.9;58.3;55.4;49.4;71.8;83.7;18.4 °C;18.6;19;19.4;19.3;19.9
2024-04-18 17:07:15;29.9;58.3;55.4;49.4;71.8;83.7;18.4 °C;18.6;19;19.4;19.3;19.9
2024-04-18 17:17:14;29.9;58.3;55.4;49.4;71.8;83.6;18.3 °C;18.6;19;19.4;19.3;19.9
2024-04-18 17:27:09;29.9;58.3;55.5;49.4;71.8;83.6;18.3 °C;18.7;19.1;19.4;19.3;19.8
2024-04-18 17:37:10;29.9;58.3;55.5;49.4;71.7;83.6;18.3 °C;18.7;19.1;19.4;19.3;19.8
2024-04-18 17:47:14;29.9;58.3;55.5;49.4;71.8;83.6;18.3 °C;18.7;19.1;19.4;19.3;19.8
2024-04-18 17:57:12;29.9;58.3;55.5;49.4;71.7;83.6;18.3 °C;18.7;19.1;19.4;19.3;19.8
2024-04-18 18:07:14;29.9;58.3;55.5;49.4;71.7;83.6;18.3 °C;18.7;19.1;19.4;19.3;19.8
2024-04-18 18:17:09;29.9;58.3;55.5;49.4;71.7;83.6;18.3 °C;18.8;19.1;19.4;19.3;19.8
2024-04-18 18:27:09;29.9;58.3;55.5;49.3;71.7;83.6;18.3 °C;18.8;19.1;19.4;19.2;19.8
2024-04-18 18:37:12;29.9;58.3;55.5;49.3;71.7;83.6;18.3 °C;18.8;19.1;19.4;19.2;19.8
2024-04-18 18:47:09;29.9;58.3;55.5;49.3;71.7;83.6;18.3 °C;18.8;19.1;19.4;19.2;19.8
2024-04-18 18:57:15;29.8;58.3;55.5;49.4;71.7;83.6;18.2 °C;18.8;19.1;19.4;19.2;19.8
2024-04-18 19:07:09;29.8;58.3;55.5;49.4;71.7;83.6;18.1 °C;18.8;19.1;19.4;19.2;19.8
2024-04-18 19:17:12;29.8;58.3;55.5;49.4;71.7;83.6;17.9 °C;18.8;19.1;19.3;19.2;19.8
2024-04-18 19:27:12;29.8;58.3;55.5;49.3;71.7;83.6;17.8 °C;18.8;19.1;19.4;19.2;19.8
2024-04-18 19:37:09;29.7;58.3;55.5;49.4;71.7;83.6;17.6 °C;18.8;19.1;19.3;19.2;19.8
2024-04-18 19:47:08;29.7;58.3;55.5;49.3;71.7;83.6;17.5 °C;18.8;19.1;19.4;19.2;19.8
2024-04-18 19:57:07;29.8;58.3;55.5;49.4;71.7;83.6;17.3 °C;18.8;19.1;19.3;19.2;19.8
2024-04-18 20:07:08;29.7;58.3;55.5;49.3;71.7;83.6;17.2 °C;18.8;19.2;19.4;19.2;19.8
2024-04-18 20:17:13;29.7;58.3;55.5;49.3;71.7;83.6;17 °C;18.8;19.2;19.4;19.2;19.8
2024-04-18 20:27:13;29.7;58.3;55.5;49.3;71.7;83.6;16.9 °C;18.8;19.2;19.3;19.1;19.8
2024-04-18 20:37:08;29.7;58.3;55.5;49.3;71.7;83.6;16.8 °C;18.8;19.2;19.4;19.1;19.7
2024-04-18 20:47:13;29.7;58.2;55.5;49.3;71.7;83.6;16.6 °C;18.8;19.2;19.3;19.1;19.7
2024-04-18 20:57:10;29.7;58.2;55.5;49.3;71.7;83.6;16.6 °C;18.8;19.2;19.4;19.1;19.7
2024-04-18 21:07:14;29.7;58.3;55.5;49.3;71.7;83.6;16.5 °C;18.7;19.2;19.4;19.1;19.7
2024-04-18 21:17:09;29.7;58.2;55.5;49.3;71.7;83.6;16.4 °C;18.7;19.2;19.4;19.1;19.7
2024-04-18 21:27:11;29.7;58.2;55.4;49.3;71.7;83.6;16.4 °C;18.7;19.2;19.4;19.1;19.7
2024-04-18 21:37:11;29.7;58.2;55.5;49.3;71.7;83.6;16.3 °C;18.6;19.2;19.3;19.1;19.7
2024-04-18 21:47:14;29.7;58.2;55.5;49.3;71.7;83.6;16.1 °C;18.6;19.2;19.4;19.1;19.7
2024-04-18 21:57:10;29.7;58.2;55.5;49.3;71.7;83.6;16 °C;18.6;19.2;19.4;19.1;19.7
2024-04-18 22:07:08;29.7;58.2;55.4;49.3;71.7;83.6;15.9 °C;18.6;19.2;19.3;19.1;19.7
2024-04-18 22:17:14;29.7;58.2;55.5;49.3;71.7;83.6;15.8 °C;18.6;19.2;19.4;19.1;19.7
2024-04-18 22:27:12;29.7;58.2;55.5;49.3;71.7;83.6;15.7 °C;18.5;19.2;19.3;19.1;19.7
2024-04-18 22:37:14;29.7;58.2;55.4;49.3;71.7;83.5;15.6 °C;18.5;19.2;19.3;19.1;19.7
2024-04-18 22:47:08;29.7;58.2;55.5;49.3;71.7;83.6;15.5 °C;18.4;19.2;19.3;19.1;19.6
2024-04-18 22:57:11;29.6;58.2;55.5;49.3;71.7;83.5;15.4 °C;18.4;19.2;19.4;19.1;19.6
2024-04-18 23:07:14;29.7;58.1;55.4;49.3;71.7;83.6;15.3 °C;18.4;19.2;19.3;19.1;19.6
2024-04-18 23:17:14;29.7;58.1;55.5;49.3;71.7;83.5;15.2 °C;18.4;19.1;19.3;19.1;19.6
2024-04-18 23:27:09;29.7;58.1;55.4;49.3;71.7;83.5;15.1 °C;18.3;19.1;19.3;19.1;19.6
2024-04-18 23:37:14;29.7;58.1;55.5;49.3;71.7;83.5;15 °C;18.3;19.1;19.3;19.1;19.6
2024-04-18 23:47:13;29.7;58.1;55.4;49.3;71.7;83.5;14.9 °C;18.3;19.1;19.3;19.1;19.6
2024-04-18 23:57:11;29.7;58.1;55.5;49.3;71.7;83.5;14.9 °C;18.2;19.1;19.3;19.1;19.6
2024-04-19 00:07:11;29.7;58.1;55.4;49.3;71.7;83.5;14.8 °C;18.2;19.1;19.3;19.1;19.6
2024-04-19 00:17:07;29.7;58.1;55.4;49.3;71.7;83.5;14.7 °C;18.1;19.1;19.3;19.1;19.6
2024-04-19 00:27:07;29.7;58.1;55.4;49.3;71.7;83.5;14.6 °C;18.1;19.1;19.3;19.1;19.6
2024-04-19 00:37:08;29.7;58.1;55.4;49.3;71.7;83.5;14.6 °C;18.1;19.1;19.3;19.1;19.6
2024-04-19 00:47:08;29.7;58.0;55.4;49.3;71.7;83.5;14.5 °C;18;19.1;19.3;19.1;19.6
2024-04-19 00:57:13;29.7;58.0;55.4;49.3;71.7;83.5;14.4 °C;18;19.1;19.3;19.1;19.6
2024-04-19 01:07:07;29.7;58.0;55.4;49.3;71.7;83.5;14.4 °C;17.9;19;19.3;19.1;19.6
2024-04-19 01:17:11;29.8;58.0;55.4;49.3;71.7;83.5;14.3 °C;17.9;19;19.3;19.1;19.6
2024-04-19 01:27:13;29.8;58.0;55.4;49.3;71.7;83.5;14.3 °C;17.9;19;19.3;19.1;19.6
2024-04-19 01:37:10;29.7;58.0;55.4;49.3;71.7;83.5;14.2 °C;17.8;19;19.3;19.1;19.6
2024-04-19 01:47:10;29.7;58.0;55.4;49.3;71.7;83.5;14.2 °C;17.8;18.9;19.3;19.1;19.6
2024-04-19 01:57:12;29.8;58.0;55.4;49.2;71.6;83.5;14.2 °C;17.8;18.9;19.3;19;19.6
2024-04-19 02:07:09;29.8;58.0;55.4;49.3;71.6;83.5;14.1 °C;17.7;18.9;19.3;19;19.6
2024-04-19 02:17:09;29.8;58.0;55.4;49.2;71.6;83.5;14.1 °C;17.7;18.9;19.3;19;19.6
2024-04-19 02:27:14;29.8;57.9;55.4;49.2;71.6;83.5;14.1 °C;17.6;18.9;19.3;19;19.6
2024-04-19 02:37:14;29.8;58.0;55.4;49.2;71.6;83.5;14.1 °C;17.6;18.9;19.3;19;19.6
2024-04-19 02:47:08;29.8;57.9;55.4;49.2;71.6;83.5;14.1 °C;17.6;18.9;19.3;19;19.6
2024-04-19 02:57:13;29.8;57.9;55.3;49.2;71.6;83.5;14.1 °C;17.5;18.8;19.3;19;19.6
2024-04-19 03:07:11;29.8;57.9;55.3;49.2;71.6;83.5;14.1 °C;17.5;18.8;19.3;19;19.6
2024-04-19 03:17:08;29.8;57.9;55.3;49.2;71.6;83.5;14.1 °C;17.4;18.8;19.3;19;19.6
2024-04-19 03:27:15;29.8;57.9;55.3;49.2;71.6;83.5;14.1 °C;17.4;18.8;19.2;19;19.6
2024-04-19 03:37:14;29.8;57.9;55.3;49.2;71.6;83.5;14 °C;17.4;18.8;19.2;19;19.6
2024-04-19 03:47:13;29.8;57.9;55.3;49.2;71.6;83.5;14 °C;17.3;18.8;19.2;19;19.5
2024-04-19 03:57:07;29.8;57.9;55.4;49.2;71.6;83.5;14 °C;17.3;18.7;19.2;19;19.5
2024-04-19 04:07:07;29.8;57.9;55.3;49.2;71.6;83.5;14 °C;17.3;18.7;19.2;19;19.5
2024-04-19 04:17:07;29.8;57.8;55.3;49.2;71.6;83.5;13.9 °C;17.3;18.7;19.2;19;19.5
2024-04-19 04:27:07;29.8;57.9;55.3;49.2;71.6;83.5;13.9 °C;17.3;18.7;19.2;18.9;19.5
2024-04-19 04:37:11;29.8;57.8;55.3;49.2;71.6;83.5;13.9 °C;17.2;18.6;19.1;18.9;19.5
2024-04-19 04:47:13;29.8;57.8;55.3;49.2;71.6;83.5;13.9 °C;17.2;18.6;19.1;18.9;19.5
2024-04-19 04:57:14;29.8;57.9;55.3;49.2;71.6;83.5;13.9 °C;17.1;18.6;19.1;18.9;19.5
2024-04-19 05:07:09;29.8;57.8;55.3;49.2;71.6;83.5;13.9 °C;17.1;18.6;19.1;18.9;19.5
2024-04-19 05:17:12;29.9;57.8;55.3;49.2;71.6;83.5;13.9 °C;17.1;18.6;19.1;18.9;19.5
2024-04-19 05:27:10;29.9;57.8;55.3;49.2;71.6;83.5;13.9 °C;17.1;18.6;19.1;18.9;19.5
2024-04-19 05:37:13;29.9;57.8;55.3;49.2;71.7;83.7;13.9 °C;17;18.5;19.1;18.9;19.5
2024-04-19 05:47:07;30.0;57.8;55.3;49.2;71.7;83.7;13.9 °C;17;18.5;19.1;18.9;19.5
2024-04-19 05:57:09;30.2;57.8;55.3;49.2;71.7;83.7;13.9 °C;17;18.5;19.1;18.9;19.5
2024-04-19 06:07:14;30.5;57.8;55.3;49.2;71.7;83.7;13.9 °C;16.9;18.4;19.1;18.9;19.4
2024-04-19 06:17:13;30.7;57.8;55.3;49.2;71.7;83.7;13.9 °C;16.9;18.4;19.1;18.9;19.4
2024-04-19 06:27:08;30.9;57.8;55.3;49.2;71.7;83.6;13.9 °C;16.9;18.4;19.1;18.9;19.4
2024-04-19 06:37:13;31.1;57.7;55.2;49.2;71.7;83.6;13.9 °C;16.9;18.4;19;18.9;19.4
2024-04-19 06:47:11;31.6;57.7;55.2;49.2;71.7;83.6;13.9 °C;16.9;18.4;19;18.9;19.4
2024-04-19 06:57:07;32.1;57.7;55.2;49.2;71.7;83.6;13.9 °C;16.9;18.4;19;18.9;19.4
2024-04-19 07:07:11;32.6;57.7;55.3;49.1;71.7;83.6;13.8 °C;16.8;18.3;19;18.9;19.4
2024-04-19 07:17:08;33.1;57.7;55.3;49.2;71.7;83.6;13.8 °C;16.8;18.3;18.9;18.9;19.4
2024-04-19 07:27:10;33.5;57.7;55.3;49.2;71.7;83.6;13.8 °C;16.8;18.3;18.9;18.9;19.4
2024-04-19 07:37:10;34.0;57.7;55.3;49.1;71.7;83.6;13.8 °C;16.8;18.3;18.9;18.9;19.4
2024-04-19 07:47:13;34.4;57.7;55.3;49.2;71.6;83.6;13.8 °C;16.8;18.3;18.9;18.8;19.4
2024-04-19 07:57:07;34.7;57.7;55.3;49.1;71.6;83.6;13.7 °C;16.8;18.3;18.9;18.8;19.4
2024-04-19 08:07:11;34.9;57.7;55.2;49.1;71.7;83.6;13.7 °C;16.7;18.3;18.9;18.8;19.4
2024-04-19 08:17:11;35.2;57.7;55.2;49.1;71.7;83.6;13.7 °C;16.7;18.2;18.9;18.8;19.4
2024-04-19 08:27:08;35.5;57.7;55.3;49.1;71.6;83.6;13.7 °C;16.6;18.2;18.9;18.8;19.4
2024-04-19 08:37:14;35.7;57.7;55.2;49.1;71.6;83.6;13.7 °C;16.6;18.2;18.9;18.8;19.4
2024-04-19 08:47:13;35.9;57.7;55.2;49.1;71.6;83.6;13.7 °C;16.6;18.1;18.9;18.8;19.4
2024-04-19 08:57:13;36.1;57.7;55.2;49.1;71.6;83.6;13.7 °C;16.6;18.1;18.8;18.8;19.4
2024-04-19 09:07:08;36.3;57.7;55.2;49.1;71.6;83.6;13.7 °C;16.6;18.1;18.8;18.8;19.4
2024-04-19 09:17:09;36.6;57.7;55.2;49.1;71.6;83.6;13.8 °C;16.6;18.1;18.8;18.8;19.4
2024-04-19 09:27:12;36.9;57.7;55.2;49.1;71.6;83.6;13.8 °C;16.5;18.1;18.8;18.8;19.4
2024-04-19 09:37:10;37.2;57.7;55.2;49.1;71.6;83.6;13.8 °C;16.5;18.1;18.8;18.8;19.4
2024-04-19 09:47:08;37.5;57.7;55.2;49.1;71.6;83.6;13.9 °C;16.5;18.1;18.8;18.8;19.4
2024-04-19 09:57:07;37.9;57.6;55.2;49.1;71.6;83.6;13.9 °C;16.4;18;18.8;18.8;19.4
2024-04-19 10:07:08;38.2;57.6;55.2;49.1;71.6;83.6;13.9 °C;16.4;18;18.8;18.8;19.4
2024-04-19 10:17:13;38.5;57.6;55.2;49.0;71.6;83.6;14 °C;16.4;18;18.8;18.8;19.4
2024-04-19 10:27:08;38.8;57.6;55.2;49.0;71.6;83.6;14.1 °C;16.4;18;18.8;18.7;19.4
2024-04-19 10:37:14;39.1;57.6;55.2;49.0;71.6;83.5;14.1 °C;16.4;17.9;18.8;18.7;19.4
2024-04-19 10:47:08;39.3;57.6;55.2;49.1;71.6;83.6;14.3 °C;16.4;17.9;18.7;18.7;19.3
2024-04-19 10:57:11;39.5;57.6;55.2;49.0;71.6;83.6;14.3 °C;16.4;17.9;18.7;18.7;19.3
2024-04-19 11:07:12;39.8;57.6;55.2;49.1;71.6;83.6;14.4 °C;16.4;17.9;18.7;18.7;19.3
2024-04-19 11:17:09;40.0;57.6;55.2;49.0;71.6;83.6;14.6 °C;16.4;17.9;18.7;18.7;19.3
2024-04-19 11:27:06;40.2;57.6;55.2;49.0;71.6;83.5;14.7 °C;16.4;17.9;18.6;18.7;19.3
2024-04-19 11:37:07;40.4;57.6;55.2;49.0;71.6;83.6;14.8 °C;16.4;17.9;18.6;18.7;19.3
2024-04-19 11:47:07;40.6;57.6;55.2;49.0;71.6;83.6;14.8 °C;16.4;17.8;18.6;18.6;19.3
2024-04-19 11:57:13;40.7;57.6;55.2;49.0;71.5;83.5;14.9 °C;16.4;17.8;18.6;18.6;19.3
2024-04-19 12:07:07;40.8;57.6;55.2;49.0;71.5;83.5;14.9 °C;16.4;17.8;18.6;18.6;19.3
2024-04-19 12:17:13;40.9;57.6;55.2;49.0;71.5;83.5;15 °C;16.4;17.8;18.6;18.6;19.3
2024-04-19 12:27:08;40.9;57.7;55.2;49.0;71.5;83.5;15.1 °C;16.4;17.8;18.6;18.6;19.3
2024-04-19 12:37:09;41.0;57.7;55.2;49.0;71.5;83.5;15.1 °C;16.4;17.8;18.6;18.6;19.3
2024-04-19 12:47:09;41.1;57.7;55.2;49.0;71.5;83.5;15.3 °C;16.4;17.8;18.6;18.6;19.3
2024-04-19 12:57:12;41.1;57.7;55.2;48.9;71.5;83.5;15.4 °C;16.4;17.8;18.6;18.6;19.3
2024-04-19 13:07:14;41.2;57.7;55.2;49.0;71.5;83.5;15.5 °C;16.4;17.8;18.5;18.6;19.3
2024-04-19 13:17:10;41.3;57.7;55.2;49.0;71.5;83.5;15.6 °C;16.4;17.8;18.5;18.6;19.3
2024-04-19 13:27:09;41.2;57.7;55.2;49.0;71.5;83.5;15.6 °C;16.4;17.7;18.5;18.6;19.3
2024-04-19 13:37:13;41.3;57.7;55.2;49.0;71.5;83.5;15.6 °C;16.5;17.7;18.5;18.6;19.3
2024-04-19 13:47:11;41.3;57.7;55.2;48.9;71.5;83.5;15.6 °C;16.5;17.7;18.5;18.6;19.3
2024-04-19 13:57:13;41.4;57.7;55.2;49.0;71.5;83.5;15.6 °C;16.5;17.7;18.4;18.6;19.3
2024-04-19 14:07:08;41.4;57.7;55.2;49.0;71.5;83.4;15.7 °C;16.6;17.7;18.4;18.6;19.3
2024-04-19 14:17:09;41.5;57.7;55.2;48.9;71.5;83.4;15.8 °C;16.6;17.7;18.4;18.5;19.3
2024-04-19 14:27:13;41.5;57.7;55.2;48.9;71.5;83.4;16 °C;16.6;17.7;18.4;18.5;19.2
2024-04-19 14:37:12;41.5;57.7;55.2;48.9;71.4;83.3;16.1 °C;16.6;17.7;18.4;18.5;19.2
2024-04-19 14:47:13;41.5;57.7;55.2;48.9;71.4;83.3;16.2 °C;16.6;17.7;18.4;18.5;19.2
2024-04-19 15:07:12;41.5;57.7;55.2;48.9;71.4;83.3;16.3 °C;16.7;17.7;18.4;18.5;19.2
2024-04-19 15:17:09;41.5;57.8;55.2;48.9;71.4;83.3;16.3 °C;16.7;17.7;18.4;18.4;19.2
2024-04-19 15:27:12;41.5;57.8;55.2;48.9;71.4;83.3;16.3 °C;16.7;17.7;18.4;18.4;19.2
2024-04-19 15:37:06;41.5;57.8;55.2;48.9;71.4;83.3;16.3 °C;16.8;17.7;18.4;18.4;19.2
2024-04-19 15:47:06;41.5;57.8;55.2;48.9;71.4;83.3;16.3 °C;16.8;17.7;18.4;18.4;19.2
2024-04-19 15:57:11;41.5;57.8;55.2;48.9;71.4;83.3;16.3 °C;16.8;17.7;18.3;18.4;19.2
2024-04-19 16:07:07;41.5;57.8;55.2;48.9;71.4;83.3;16.3 °C;16.8;17.7;18.3;18.4;19.1
2024-04-19 16:17:12;41.5;57.8;55.2;48.9;71.3;83.3;16.3 °C;16.9;17.7;18.3;18.4;19.1
2024-04-19 16:27:06;41.5;57.8;55.2;48.9;71.3;83.3;16.2 °C;16.9;17.7;18.3;18.4;19.1
2024-04-19 16:37:06;41.4;57.8;55.2;48.9;71.3;83.3;16.1 °C;16.9;17.7;18.3;18.4;19.1
2024-04-19 16:47:10;41.4;57.8;55.2;48.9;71.3;83.3;16 °C;16.9;17.7;18.3;18.4;19.1
2024-04-19 16:57:07;41.4;57.8;55.2;48.9;71.3;83.3;16 °C;16.9;17.7;18.3;18.4;19.1
2024-04-19 17:07:11;41.4;57.8;55.2;48.9;71.3;83.2;15.9 °C;16.9;17.7;18.3;18.4;19.1
2024-04-19 17:17:14;41.4;57.8;55.2;48.8;71.3;83.2;15.9 °C;16.9;17.7;18.3;18.4;19.1
2024-04-19 17:27:13;41.4;57.8;55.2;48.8;71.3;83.2;15.8 °C;16.9;17.7;18.3;18.4;19.1
2024-04-19 17:37:08;41.4;57.8;55.2;48.8;71.3;83.2;15.8 °C;16.9;17.7;18.3;18.4;19.1
2024-04-19 17:47:10;41.4;57.8;55.2;48.9;71.3;83.2;15.8 °C;17;17.7;18.3;18.4;19.1
2024-04-19 17:57:06;41.3;57.8;55.2;48.8;71.3;83.2;15.6 °C;17;17.7;18.3;18.3;19.1
2024-04-19 18:07:08;41.3;57.8;55.2;48.8;71.3;83.2;15.6 °C;17;17.7;18.3;18.3;19.1
2024-04-19 18:17:13;41.3;57.8;55.2;48.8;71.3;83.2;15.5 °C;17;17.7;18.3;18.3;19.1
2024-04-19 18:27:12;41.3;57.8;55.2;48.8;71.3;83.2;15.4 °C;17;17.7;18.3;18.3;19.1
2024-04-19 18:37:06;41.3;57.8;55.2;48.8;71.3;83.2;15.3 °C;17;17.7;18.3;18.3;19.1
2024-04-19 18:47:10;41.2;57.8;55.2;48.8;71.3;83.2;15.3 °C;17;17.7;18.3;18.3;19.1
2024-04-19 18:57:07;41.2;57.8;55.2;48.8;71.3;83.2;15.1 °C;16.9;17.8;18.3;18.3;19.1
2024-04-19 19:07:07;41.2;57.8;55.2;48.8;71.3;83.2;15.1 °C;16.9;17.8;18.3;18.3;19.1
2024-04-19 19:17:12;41.2;57.8;55.2;48.8;71.3;83.2;15 °C;16.9;17.8;18.3;18.3;19.1
2024-04-19 19:27:10;41.2;57.8;55.2;48.8;71.3;83.2;14.9 °C;16.9;17.8;18.3;18.3;19
2024-04-19 19:37:11;41.2;57.8;55.2;48.8;71.3;83.2;14.8 °C;16.9;17.8;18.3;18.3;19
2024-04-19 19:47:11;41.2;57.7;55.2;48.8;71.3;83.2;14.7 °C;16.9;17.8;18.3;18.3;19
2024-04-19 19:57:08;41.2;57.7;55.2;48.8;71.3;83.2;14.6 °C;16.9;17.8;18.3;18.3;19
2024-04-19 20:07:10;41.1;57.7;55.2;48.8;71.3;83.2;14.5 °C;16.9;17.8;18.2;18.3;19
2024-04-19 20:17:07;41.1;57.7;55.2;48.8;71.3;83.2;14.4 °C;16.8;17.8;18.2;18.3;19
2024-04-19 20:27:07;41.1;57.7;55.2;48.8;71.3;83.2;14.3 °C;16.8;17.8;18.2;18.3;19
2024-04-19 20:37:13;41.1;57.7;55.2;48.8;71.3;83.2;14.2 °C;16.8;17.8;18.2;18.3;19
2024-04-19 20:47:11;41.1;57.7;55.2;48.8;71.3;83.1;14.1 °C;16.8;17.7;18.2;18.3;19
2024-04-19 20:57:12;41.1;57.7;55.2;48.8;71.3;83.1;14 °C;16.8;17.7;18.2;18.3;19
2024-04-19 21:07:06;41.0;57.7;55.2;48.8;71.2;83.2;13.9 °C;16.7;17.7;18.2;18.2;18.9
2024-04-19 21:17:06;41.1;57.7;55.2;48.8;71.2;83.2;13.8 °C;16.7;17.7;18.2;18.2;18.9
2024-04-19 21:27:06;41.0;57.7;55.2;48.8;71.2;83.2;13.8 °C;16.6;17.7;18.2;18.2;18.9
2024-04-19 21:37:07;41.0;57.7;55.2;48.8;71.2;83.2;13.7 °C;16.6;17.7;18.2;18.2;18.9
2024-04-19 21:47:12;41.0;57.7;55.2;48.8;71.2;83.2;13.6 °C;16.6;17.7;18.2;18.2;18.9
2024-04-19 21:57:06;41.0;57.7;55.2;48.8;71.2;83.2;13.5 °C;16.6;17.7;18.2;18.2;18.9
2024-04-19 22:07:11;41.0;57.7;55.2;48.8;71.2;83.2;13.4 °C;16.5;17.7;18.2;18.2;18.9
2024-04-19 22:17:12;41.0;57.7;55.2;48.8;71.2;83.1;13.3 °C;16.5;17.7;18.2;18.2;18.9
2024-04-19 22:27:10;41.0;57.6;55.2;48.8;71.2;83.1;13.3 °C;16.4;17.6;18.2;18.2;18.9
2024-04-19 22:37:10;40.9;57.6;55.2;48.8;71.2;83.1;13.1 °C;16.4;17.6;18.2;18.2;18.9
2024-04-19 22:47:06;40.9;57.6;55.2;48.8;71.2;83.2;13.1 °C;16.4;17.6;18.2;18.2;18.9
2024-04-19 22:57:06;40.9;57.6;55.2;48.8;71.2;83.1;13 °C;16.3;17.6;18.2;18.2;18.9
2024-04-19 23:07:08;40.9;57.6;55.2;48.8;71.2;83.1;12.9 °C;16.3;17.6;18.1;18.2;18.9
2024-04-19 23:17:09;40.9;57.6;55.2;48.8;71.2;83.1;12.8 °C;16.3;17.6;18.1;18.1;18.9
2024-04-19 23:27:08;40.9;57.6;55.2;48.8;71.2;83.1;12.8 °C;16.3;17.6;18.1;18.1;18.9
2024-04-19 23:37:07;40.9;57.6;55.2;48.8;71.2;83.1;12.7 °C;16.2;17.6;18.1;18.1;18.9
2024-04-19 23:47:12;40.9;57.6;55.2;48.8;71.2;83.1;12.6 °C;16.1;17.6;18.1;18.1;18.9
2024-04-19 23:57:06;40.8;57.6;55.2;48.8;71.2;83.1;12.5 °C;16.1;17.6;18.1;18.1;18.9
2024-04-20 00:07:10;40.8;57.6;55.2;48.8;71.2;83.1;12.4 °C;16.1;17.5;18.1;18.1;18.9
2024-04-20 00:17:12;40.8;57.5;55.2;48.8;71.2;83.1;12.4 °C;16;17.5;18.1;18.1;18.9
2024-04-20 00:27:11;40.8;57.5;55.2;48.8;71.2;83.1;12.3 °C;16;17.5;18.1;18.1;18.9
2024-04-20 00:37:12;40.8;57.5;55.2;48.8;71.2;83.1;12.3 °C;15.9;17.4;18.1;18.1;18.9
2024-04-20 00:47:11;40.8;57.5;55.2;48.8;71.2;83.1;12.2 °C;15.9;17.4;18.1;18.1;18.9
2024-04-20 00:57:09;40.8;57.5;55.2;48.7;71.2;83.1;12.1 °C;15.9;17.4;18.1;18.1;18.9
2024-04-20 01:07:12;40.8;57.5;55.2;48.8;71.2;83.1;12 °C;15.8;17.4;18.1;18.1;18.9
2024-04-20 01:17:09;40.8;57.5;55.2;48.7;71.2;83.1;11.9 °C;15.8;17.4;18.1;18.1;18.8
2024-04-20 01:27:06;40.8;57.5;55.2;48.7;71.2;83.1;11.9 °C;15.8;17.4;18.1;18.1;18.8
2024-04-20 01:37:11;40.8;57.5;55.2;48.8;71.2;83.1;11.8 °C;15.7;17.4;18.1;18.1;18.8
2024-04-20 01:47:07;40.8;57.5;55.2;48.7;71.2;83.1;11.8 °C;15.7;17.3;18.1;18.1;18.8
2024-04-20 01:57:10;40.8;57.4;55.2;48.7;71.2;83.1;11.7 °C;15.6;17.3;18.1;18.1;18.8
2024-04-20 02:07:10;40.7;57.4;55.1;48.7;71.2;83.1;11.6 °C;15.6;17.3;18;18.1;18.8
2024-04-20 02:17:08;40.7;57.4;55.1;48.7;71.2;83.1;11.6 °C;15.5;17.3;18;18.1;18.8
2024-04-20 02:27:06;40.7;57.4;55.1;48.7;71.2;83.1;11.5 °C;15.5;17.3;18;18.1;18.8
2024-04-20 02:37:08;40.7;57.4;55.1;48.7;71.2;83.1;11.4 °C;15.4;17.3;18;18.1;18.8
2024-04-20 02:47:11;40.7;57.4;55.1;48.7;71.2;83.1;11.4 °C;15.4;17.2;18;18.1;18.8
2024-04-20 02:57:13;40.7;57.4;55.1;48.7;71.2;83.1;11.3 °C;15.4;17.2;18;18.1;18.8
2024-04-20 03:07:09;40.7;57.4;55.1;48.7;71.2;83.1;11.3 °C;15.3;17.1;17.9;18;18.8
2024-04-20 03:17:08;40.7;57.4;55.1;48.7;71.2;83.1;11.2 °C;15.3;17.1;17.9;18;18.8
2024-04-20 03:27:12;40.7;57.3;55.1;48.7;71.2;83.1;11.1 °C;15.3;17.1;17.9;18;18.8
2024-04-20 03:37:10;40.7;57.3;55.1;48.7;71.2;83.1;11.1 °C;15.2;17.1;17.9;18;18.8
2024-04-20 03:47:12;40.7;57.3;55.1;48.7;71.2;83.1;11 °C;15.1;17.1;17.9;18;18.8
2024-04-20 03:57:07;40.6;57.3;55.1;48.7;71.2;83.1;10.9 °C;15.1;17.1;17.9;18;18.8
2024-04-20 04:07:09;40.7;57.3;55.1;48.7;71.1;83.1;10.9 °C;15.1;17;17.9;18;18.8
2024-04-20 04:17:13;40.6;57.3;55.1;48.7;71.2;83.1;10.9 °C;15;17;17.9;18;18.8
2024-04-20 04:27:13;40.6;57.3;55.1;48.7;71.1;83.1;10.8 °C;15;16.9;17.9;18;18.8
2024-04-20 04:37:08;40.6;57.3;55.1;48.7;71.1;83.1;10.8 °C;14.9;16.9;17.9;18;18.8
2024-04-20 04:47:08;40.6;57.3;55.1;48.7;71.2;83.1;10.7 °C;14.9;16.9;17.8;17.9;18.8
2024-04-20 04:57:11;40.6;57.3;55.1;48.7;71.1;83.1;10.6 °C;14.9;16.9;17.8;17.9;18.8
2024-04-20 05:07:09;40.6;57.3;55.1;48.7;71.2;83.1;10.6 °C;14.8;16.9;17.8;17.9;18.8
2024-04-20 05:17:07;40.6;57.3;55.1;48.6;71.2;83.1;10.6 °C;14.8;16.8;17.8;17.9;18.8
2024-04-20 05:27:06;40.6;57.3;55.1;48.6;71.1;83.1;10.5 °C;14.8;16.8;17.8;17.9;18.7
2024-04-20 05:37:05;40.6;57.3;55.1;48.7;71.2;83.1;10.4 °C;14.7;16.8;17.8;17.9;18.7
2024-04-20 05:47:10;40.6;57.3;55.1;48.7;71.1;83.1;10.4 °C;14.6;16.8;17.8;17.9;18.7
2024-04-20 05:57:11;40.6;57.3;55.1;48.7;71.1;83.0;10.3 °C;14.6;16.8;17.8;17.9;18.7
2024-04-20 06:07:11;40.6;57.2;55.1;48.7;71.1;83.0;10.2 °C;14.6;16.7;17.8;17.9;18.7
2024-04-20 06:17:06;40.6;57.2;55.1;48.7;71.1;83.0;10.1 °C;14.5;16.7;17.7;17.9;18.7
2024-04-20 06:27:07;40.6;57.2;55.1;48.6;71.1;83.0;10.1 °C;14.5;16.6;17.7;17.9;18.7
2024-04-20 06:37:08;40.5;57.2;55.1;48.7;71.1;83.0;10 °C;14.4;16.6;17.7;17.9;18.7
2024-04-20 06:47:12;40.5;57.2;55.0;48.6;71.1;83.0;10 °C;14.4;16.6;17.7;17.9;18.7
2024-04-20 06:57:05;40.5;57.2;55.1;48.6;71.1;83.0;9.93 °C;14.4;16.6;17.6;17.9;18.7
2024-04-20 07:07:10;40.5;57.2;55.1;48.6;71.1;83.0;9.93 °C;14.3;16.6;17.6;17.9;18.7
2024-04-20 07:17:10;40.5;57.2;55.1;48.6;71.1;83.0;10 °C;14.3;16.5;17.6;17.8;18.7
2024-04-20 07:27:08;40.6;57.2;55.0;48.6;71.1;83.0;10.1 °C;14.3;16.5;17.6;17.8;18.6
2024-04-20 07:37:06;40.6;57.2;55.0;48.6;71.1;83.0;10.2 °C;14.2;16.4;17.6;17.8;18.6
2024-04-20 07:47:07;40.6;57.2;55.0;48.6;71.1;83.0;10.3 °C;14.2;16.4;17.6;17.8;18.6
2024-04-20 07:57:09;40.6;57.2;55.0;48.6;71.1;83.0;10.3 °C;14.1;16.4;17.6;17.8;18.6
2024-04-20 08:07:10;40.7;57.1;55.0;48.6;71.1;83.0;10.5 °C;14.1;16.4;17.6;17.8;18.6
2024-04-20 08:17:11;40.7;57.1;55.0;48.6;71.1;83.0;10.7 °C;14.1;16.4;17.5;17.8;18.6
2024-04-20 08:27:13;40.7;57.1;55.0;48.6;71.1;83.0;10.9 °C;14.1;16.3;17.5;17.8;18.6
2024-04-20 08:37:12;40.7;57.1;55.0;48.6;71.1;83.0;11.2 °C;14;16.3;17.5;17.8;18.6
2024-04-20 08:47:11;40.8;57.1;55.0;48.6;71.1;83.0;11.5 °C;14;16.3;17.4;17.8;18.6
2024-04-20 08:57:10;40.8;57.1;55.0;48.6;71.1;83.0;11.8 °C;13.9;16.3;17.4;17.8;18.6
2024-04-20 09:07:07;40.8;57.1;55.0;48.6;71.1;83.0;12.1 °C;13.9;16.2;17.4;17.8;18.6
2024-04-20 09:17:09;40.8;57.1;55.0;48.6;71.1;83.0;12.4 °C;13.9;16.2;17.4;17.8;18.6
2024-04-20 09:27:13;40.9;57.1;55.0;48.6;71.1;83.0;12.7 °C;13.9;16.2;17.4;17.7;18.6
2024-04-20 09:37:13;40.9;57.1;55.0;48.6;71.1;83.0;13 °C;13.9;16.1;17.4;17.7;18.6
2024-04-20 09:47:08;40.9;57.1;55.0;48.6;71.0;83.0;13.3 °C;13.9;16.1;17.4;17.7;18.6
2024-04-20 09:57:07;40.9;57.1;55.0;48.6;71.0;83.0;13.6 °C;13.9;16.1;17.4;17.7;18.6
2024-04-20 10:07:10;40.9;57.1;55.0;48.6;71.1;83.0;13.8 °C;14;16.1;17.3;17.7;18.6
2024-04-20 10:17:07;41.0;57.1;55.0;48.6;71.0;83.0;13.8 °C;14;16.1;17.3;17.7;18.6
2024-04-20 10:27:12;41.0;57.2;55.0;48.6;71.0;83.0;13.9 °C;14.1;16;17.3;17.6;18.6
2024-04-20 10:37:09;41.0;57.2;55.0;48.5;71.0;83.0;14.1 °C;14.1;16;17.3;17.6;18.5
2024-04-20 10:47:12;41.0;57.2;55.0;48.5;71.0;83.0;14.3 °C;14.1;16;17.3;17.6;18.5
2024-04-20 10:57:08;41.0;57.2;55.0;48.5;71.0;83.0;14.5 °C;14.2;16;17.3;17.6;18.5
2024-04-20 11:07:10;41.0;57.2;55;48.5;71.0;83.0;14.8 °C;14.3;15.9;17.3;17.6;18.5
2024-04-20 11:17:11;41.1;57.2;55.0;48.5;71.0;83.0;14.9 °C;14.3;15.9;17.2;17.6;18.5
2024-04-20 11:27:09;41.1;57.2;55;48.5;71.0;83.0;15.2 °C;14.4;15.9;17.2;17.6;18.5
2024-04-20 11:37:11;41.2;57.3;55.0;48.5;71.0;82.9;15.5 °C;14.4;15.9;17.2;17.6;18.5
2024-04-20 11:47:08;41.2;57.3;55.0;48.5;71.0;83.0;15.8 °C;14.5;15.9;17.2;17.6;18.5
2024-04-20 11:57:11;41.2;57.3;55;48.5;71.0;83.0;16.2 °C;14.6;15.9;17.1;17.6;18.5
2024-04-20 12:07:09;41.3;57.4;55;48.5;71.0;83.0;16.6 °C;14.6;15.9;17.1;17.6;18.4
2024-04-20 12:17:06;41.3;57.3;55;48.5;71.0;83.0;17 °C;14.8;15.9;17.1;17.5;18.4
2024-04-20 12:27:12;41.4;57.4;55;48.5;71.0;82.9;17.4 °C;14.8;15.9;17.1;17.5;18.4
2024-04-20 12:37:13;41.4;57.4;55;48.5;71.0;82.9;17.7 °C;14.9;15.9;17.1;17.5;18.4
2024-04-20 12:47:12;41.4;57.4;55;48.5;71.0;82.9;17.9 °C;15;15.9;17.1;17.5;18.4
2024-04-20 12:57:07;41.4;57.4;55;48.5;71.0;82.9;18 °C;15.1;15.9;17.1;17.5;18.4
2024-04-20 13:07:10;41.4;57.5;55.0;48.5;71.0;82.9;18.1 °C;15.2;15.9;17.1;17.5;18.4
2024-04-20 13:17:07;41.4;57.5;55.0;48.5;71.0;82.9;18.2 °C;15.3;16;17.1;17.4;18.4
2024-04-20 13:27:09;41.4;57.5;55.0;48.5;70.9;82.9;18.3 °C;15.4;16;17;17.4;18.4
2024-04-20 13:37:10;41.4;57.5;55.1;48.5;70.9;82.9;18.4 °C;15.5;16;17;17.4;18.4
2024-04-20 13:47:09;41.4;57.6;55.1;48.5;70.9;82.9;18.4 °C;15.6;16;17;17.4;18.4
2024-04-20 13:57:08;41.3;57.6;55.0;48.5;70.9;82.9;18.4 °C;15.7;16.1;17;17.4;18.4
2024-04-20 14:07:11;41.3;57.6;55.0;48.5;70.9;82.9;18.3 °C;15.8;16.1;17;17.4;18.4
2024-04-20 14:17:10;41.3;57.6;55.1;48.5;70.9;82.9;18.2 °C;15.9;16.1;17;17.4;18.4
2024-04-20 14:27:12;41.3;57.6;55.1;48.5;70.9;82.9;18 °C;15.9;16.1;17;17.4;18.4
2024-04-20 14:37:07;41.2;57.7;55.1;48.5;70.9;82.9;17.9 °C;16;16.1;17;17.4;18.4
2024-04-20 14:47:09;41.2;57.7;55.1;48.5;70.9;82.9;17.8 °C;16.1;16.2;17;17.4;18.3
2024-04-20 14:57:05;41.2;57.7;55.1;48.5;70.9;82.9;17.7 °C;16.2;16.2;16.9;17.4;18.3
2024-04-20 15:07:06;41.1;57.7;55.1;48.5;70.9;82.9;17.6 °C;16.3;16.3;17;17.4;18.3
2024-04-20 15:17:11;41.2;57.7;55.1;48.5;70.9;82.9;17.6 °C;16.3;16.3;16.9;17.3;18.3
2024-04-20 15:27:10;41.1;57.7;55.1;48.5;70.9;82.9;17.5 °C;16.4;16.3;16.9;17.3;18.3
2024-04-20 15:37:12;41.1;57.7;55.1;48.5;70.9;82.9;17.4 °C;16.4;16.3;16.9;17.3;18.3
2024-04-20 15:47:08;41.1;57.8;55.1;48.5;70.9;82.9;17.4 °C;16.4;16.4;16.9;17.3;18.3
2024-04-20 15:57:11;41.0;57.8;55.1;48.5;70.9;82.9;17.3 °C;16.5;16.4;16.9;17.3;18.3
2024-04-20 16:07:09;41.0;57.8;55.1;48.5;70.9;82.9;17.3 °C;16.5;16.4;16.9;17.3;18.3
2024-04-20 16:17:05;41;57.8;55.1;48.5;70.9;82.8;17.2 °C;16.6;16.4;17;17.3;18.3
2024-04-20 16:27:09;41.0;57.8;55.1;48.5;70.9;82.8;17.1 °C;16.6;16.5;17;17.3;18.3
2024-04-20 16:37:05;41.0;57.8;55.2;48.5;70.9;82.9;17.1 °C;16.6;16.5;17;17.3;18.3
2024-04-20 16:47:05;41.0;57.8;55.1;48.5;70.9;82.8;17.1 °C;16.6;16.6;17;17.3;18.3
2024-04-20 16:57:10;41.0;57.8;55.2;48.5;70.9;82.8;17.1 °C;16.7;16.6;17;17.3;18.3
2024-04-20 17:07:08;41.0;57.8;55.2;48.5;70.9;82.8;17.1 °C;16.7;16.6;17;17.3;18.3
2024-04-20 17:17:08;41.0;57.8;55.1;48.5;70.9;82.8;17.1 °C;16.7;16.6;17;17.3;18.3
2024-04-20 17:27:08;41.0;57.8;55.2;48.5;70.9;82.8;17.2 °C;16.8;16.6;17;17.3;18.2
2024-04-20 17:37:12;40.9;57.8;55.2;48.5;70.9;82.8;17.2 °C;16.8;16.7;17;17.3;18.2
2024-04-20 17:47:08;40.9;57.8;55.2;48.5;70.9;82.8;17.2 °C;16.8;16.7;17;17.3;18.2
2024-04-20 17:57:08;40.9;57.8;55.2;48.5;70.9;82.8;17.1 °C;16.8;16.8;17.1;17.3;18.2
2024-04-20 18:07:07;40.9;57.8;55.2;48.5;70.9;82.8;17.1 °C;16.8;16.8;17.1;17.3;18.2
2024-04-20 18:17:11;40.9;57.8;55.2;48.5;70.9;82.8;17 °C;16.8;16.8;17.1;17.3;18.2
2024-04-20 18:27:06;40.9;57.8;55.2;48.5;70.9;82.8;16.9 °C;16.9;16.8;17.1;17.3;18.2
2024-04-20 18:37:11;40.8;57.8;55.2;48.5;70.9;82.8;16.9 °C;16.9;16.8;17.1;17.2;18.2
2024-04-20 18:47:05;40.8;57.8;55.2;48.5;70.9;82.8;16.8 °C;16.9;16.8;17.1;17.2;18.2
2024-04-20 18:57:05;40.8;57.8;55.2;48.5;70.9;82.8;16.8 °C;16.9;16.9;17.1;17.2;18.2
2024-04-20 19:07:09;40.8;57.8;55.2;48.5;70.9;82.8;16.7 °C;16.9;16.9;17.1;17.2;18.2
2024-04-20 19:17:06;40.8;57.8;55.2;48.5;70.8;82.8;16.6 °C;16.9;16.9;17.1;17.2;18.1
2024-04-20 19:27:12;40.8;57.8;55.2;48.5;70.9;82.8;16.5 °C;16.9;16.9;17.1;17.2;18.1
2024-04-20 19:37:06;40.7;57.8;55.2;48.5;70.9;82.8;16.4 °C;16.9;16.9;17.1;17.2;18.1
2024-04-20 19:47:09;40.7;57.8;55.2;48.5;70.9;82.8;16.3 °C;16.9;16.9;17.1;17.2;18.1
2024-04-20 19:57:10;40.7;57.8;55.2;48.5;70.9;82.8;16.3 °C;16.9;16.9;17.1;17.2;18.1
2024-04-20 20:07:07;40.7;57.8;55.2;48.5;70.8;82.8;16.1 °C;16.9;17;17.1;17.2;18.1
2024-04-20 20:17:07;40.7;57.8;55.2;48.5;70.8;82.8;16 °C;16.9;17;17.1;17.2;18.1
2024-04-20 20:27:10;40.6;57.8;55.2;48.5;70.8;82.8;15.9 °C;16.9;17;17.2;17.2;18.1
2024-04-20 20:37:07;40.6;57.8;55.2;48.5;70.9;82.8;15.8 °C;16.9;17;17.2;17.2;18.1
2024-04-20 20:47:07;40.6;57.8;55.2;48.5;70.9;82.8;15.6 °C;16.9;17.1;17.2;17.2;18.1
2024-04-20 20:57:04;40.6;57.8;55.2;48.5;70.9;82.8;15.6 °C;16.9;17.1;17.2;17.2;18.1
2024-04-20 21:07:05;40.5;57.7;55.2;48.5;70.8;82.8;15.4 °C;16.9;17.1;17.2;17.2;18.1
2024-04-20 21:17:10;40.5;57.7;55.2;48.5;70.9;82.8;15.4 °C;16.9;17.1;17.2;17.2;18.1
2024-04-20 21:27:11;40.5;57.7;55.2;48.5;70.9;82.8;15.3 °C;16.9;17.1;17.2;17.2;18.1
2024-04-20 21:37:07;40.5;57.7;55.2;48.5;70.9;82.8;15.1 °C;16.8;17.1;17.2;17.2;18.1
2024-04-20 21:47:06;40.4;57.7;55.2;48.5;70.9;82.8;15.1 °C;16.8;17.1;17.3;17.2;18.1
2024-04-20 21:57:08;40.5;57.7;55.2;48.5;70.8;82.8;14.9 °C;16.8;17.1;17.3;17.2;18.1
2024-04-20 22:07:11;40.4;57.7;55.2;48.5;70.9;82.8;14.9 °C;16.8;17.1;17.3;17.2;18.1
2024-04-20 22:17:06;40.4;57.7;55.2;48.5;70.9;82.8;14.8 °C;16.8;17.1;17.3;17.2;18.1
2024-04-20 22:27:04;40.4;57.7;55.2;48.5;70.9;82.7;14.7 °C;16.8;17.1;17.3;17.2;18.1
2024-04-20 22:37:09;40.4;57.7;55.2;48.5;70.9;82.8;14.6 °C;16.7;17.1;17.3;17.2;18.1
2024-04-20 22:47:05;40.4;57.7;55.2;48.5;70.9;82.8;14.6 °C;16.7;17.1;17.3;17.2;18.1
2024-04-20 22:57:11;40.4;57.7;55.2;48.5;70.9;82.8;14.5 °C;16.6;17.1;17.3;17.2;18.1
2024-04-20 23:07:05;40.3;57.7;55.2;48.5;70.9;82.7;14.5 °C;16.6;17.1;17.3;17.2;18.1
2024-04-20 23:17:07;40.3;57.7;55.2;48.5;70.9;82.8;14.4 °C;16.6;17.1;17.3;17.2;18.1
2024-04-20 23:27:06;40.3;57.6;55.2;48.5;70.9;82.7;14.4 °C;16.6;17.1;17.3;17.2;18.1
2024-04-20 23:37:08;40.3;57.6;55.2;48.5;70.9;82.7;14.4 °C;16.5;17.1;17.3;17.2;18.1
2024-04-20 23:47:08;40.3;57.6;55.2;48.5;70.8;82.8;14.3 °C;16.5;17.1;17.3;17.2;18.1
2024-04-20 23:57:07;40.3;57.6;55.2;48.5;70.9;82.7;14.3 °C;16.5;17.1;17.3;17.2;18.1
2024-04-21 00:07:06;40.3;57.6;55.2;48.5;70.9;82.8;14.3 °C;16.4;17.1;17.3;17.2;18.1
2024-04-21 00:17:04;40.3;57.6;55.2;48.6;70.9;82.8;14.3 °C;16.4;17.1;17.3;17.3;18.1
2024-04-21 00:27:08;40.3;57.6;55.2;48.5;70.9;82.8;14.2 °C;16.4;17.1;17.3;17.3;18.1
2024-04-21 00:37:08;40.3;57.6;55.2;48.6;70.9;82.8;14.2 °C;16.4;17.1;17.3;17.3;18
2024-04-21 00:47:10;40.3;57.6;55.2;48.6;70.9;82.8;14.1 °C;16.3;17.1;17.3;17.3;18
2024-04-21 00:57:11;40.3;57.6;55.2;48.6;70.9;82.8;14.1 °C;16.3;17.1;17.3;17.3;18
2024-04-21 01:07:11;40.3;57.6;55.2;48.5;70.9;82.8;14.1 °C;16.3;17.1;17.3;17.3;18
2024-04-21 01:17:09;40.3;57.5;55.2;48.5;70.9;82.8;14.1 °C;16.3;17.1;17.3;17.3;18
2024-04-21 01:27:06;40.3;57.5;55.2;48.5;70.9;82.8;14.1 °C;16.3;17.1;17.3;17.3;18
2024-04-21 01:37:08;40.3;57.6;55.2;48.5;70.9;82.8;14 °C;16.2;17.1;17.3;17.3;18
2024-04-21 01:47:04;40.3;57.6;55.2;48.5;70.9;82.8;14 °C;16.2;17.1;17.3;17.3;18
2024-04-21 01:57:04;40.3;57.6;55.2;48.5;70.9;82.7;14 °C;16.2;17.1;17.3;17.3;18
2024-04-21 02:07:09;40.2;57.5;55.2;48.5;70.9;82.7;13.9 °C;16.1;17.1;17.3;17.3;18
2024-04-21 02:17:05;40.2;57.5;55.2;48.5;70.9;82.7;13.9 °C;16.1;17.1;17.3;17.3;18
2024-04-21 02:27:10;40.2;57.5;55.2;48.5;70.9;82.7;13.9 °C;16.1;17;17.3;17.3;18
2024-04-21 02:37:05;40.2;57.5;55.2;48.5;70.9;82.7;13.9 °C;16.1;17;17.3;17.3;18
2024-04-21 02:47:05;40.2;57.5;55.2;48.5;70.9;82.7;13.9 °C;16.1;17;17.3;17.3;18
2024-04-21 02:57:12;40.2;57.5;55.2;48.5;70.9;82.7;13.8 °C;16.1;17;17.3;17.3;18
2024-04-21 03:07:11;40.2;57.5;55.2;48.5;70.9;82.7;13.8 °C;16;17;17.3;17.3;18
2024-04-21 03:17:06;40.2;57.5;55.2;48.5;70.9;82.7;13.8 °C;16;17;17.3;17.3;18
2024-04-21 03:27:05;40.2;57.5;55.2;48.5;70.9;82.7;13.8 °C;16;17;17.3;17.3;18
2024-04-21 03:37:05;40.2;57.5;55.2;48.5;70.9;82.7;13.7 °C;15.9;16.9;17.3;17.3;18
2024-04-21 03:47:06;40.2;57.5;55.2;48.5;70.9;82.7;13.6 °C;15.9;16.9;17.3;17.3;18
2024-04-21 03:57:04;40.2;57.5;55.2;48.5;70.9;82.7;13.6 °C;15.9;16.9;17.3;17.3;18
2024-04-21 04:07:08;40.1;57.5;55.2;48.5;70.9;82.7;13.5 °C;15.9;16.9;17.3;17.3;18
2024-04-21 04:17:10;40.1;57.5;55.2;48.5;70.9;82.7;13.4 °C;15.9;16.9;17.3;17.3;18
2024-04-21 04:27:11;40.1;57.4;55.2;48.5;70.9;82.7;13.4 °C;15.9;16.9;17.3;17.3;18
2024-04-21 04:37:06;40.1;57.5;55.1;48.5;70.9;82.7;13.3 °C;15.8;16.9;17.3;17.3;18
2024-04-21 04:47:08;40.1;57.5;55.1;48.5;70.9;82.7;13.3 °C;15.8;16.9;17.3;17.3;18
2024-04-21 04:57:04;40.1;57.4;55.2;48.5;70.8;82.7;13.2 °C;15.8;16.9;17.3;17.3;18
2024-04-21 05:07:05;40.1;57.4;55.1;48.5;70.9;82.7;13.1 °C;15.8;16.9;17.3;17.3;18
2024-04-21 05:17:11;40.1;57.4;55.2;48.5;70.9;82.7;13.1 °C;15.8;16.9;17.3;17.3;18
2024-04-21 05:27:11;40.0;57.4;55.1;48.5;70.8;82.7;13 °C;15.7;16.8;17.3;17.3;18
2024-04-21 05:37:06;40.0;57.4;55.1;48.5;70.9;82.7;12.9 °C;15.7;16.8;17.3;17.3;18
2024-04-21 05:47:04;40.1;57.4;55.1;48.5;70.9;82.7;12.9 °C;15.6;16.8;17.3;17.3;18
2024-04-21 05:57:05;40.0;57.4;55.1;48.5;70.9;82.7;12.8 °C;15.6;16.8;17.3;17.3;18
2024-04-21 06:07:06;40.0;57.4;55.1;48.5;70.8;82.7;12.8 °C;15.6;16.8;17.3;17.2;18
2024-04-21 06:17:04;40.0;57.4;55.1;48.5;70.9;82.7;12.7 °C;15.6;16.8;17.3;17.2;18
2024-04-21 06:27:08;40.0;57.4;55.1;48.5;70.9;82.7;12.6 °C;15.6;16.8;17.3;17.2;17.9
2024-04-21 06:37:08;40.0;57.4;55.1;48.5;70.8;82.7;12.6 °C;15.5;16.8;17.3;17.2;17.9
2024-04-21 06:47:09;40.0;57.4;55.1;48.5;70.9;82.7;12.5 °C;15.5;16.8;17.3;17.2;17.9
2024-04-21 06:57:10;40.0;57.4;55.1;48.4;70.9;82.7;12.5 °C;15.4;16.8;17.3;17.2;17.9
2024-04-21 07:07:08;40.0;57.3;55.1;48.5;70.8;82.7;12.4 °C;15.4;16.7;17.3;17.2;17.9
2024-04-21 07:17:04;39.9;57.4;55.1;48.5;70.8;82.7;12.5 °C;15.4;16.7;17.3;17.2;17.9
2024-04-21 07:27:05;39.9;57.3;55.1;48.4;70.8;82.7;12.5 °C;15.4;16.7;17.3;17.2;17.9
2024-04-21 07:37:07;39.9;57.3;55.1;48.5;70.8;82.7;12.5 °C;15.3;16.7;17.3;17.2;17.9
2024-04-21 07:47:11;40.0;57.3;55.1;48.5;70.8;82.7;12.6 °C;15.3;16.6;17.3;17.2;17.9
2024-04-21 07:57:06;39.9;57.3;55.1;48.4;70.8;82.7;12.6 °C;15.3;16.6;17.2;17.2;17.9
2024-04-21 08:07:04;40.0;57.3;55.1;48.5;70.8;82.7;12.6 °C;15.3;16.6;17.2;17.2;17.9
2024-04-21 08:17:09;40.0;57.3;55.1;48.4;70.8;82.7;12.7 °C;15.2;16.6;17.2;17.2;17.9
2024-04-21 08:27:06;40.0;57.3;55.1;48.4;70.8;82.7;12.8 °C;15.2;16.6;17.2;17.2;17.9
2024-04-21 08:37:04;40.0;57.3;55.1;48.4;70.8;82.7;12.9 °C;15.2;16.6;17.2;17.2;17.9
2024-04-21 08:47:09;40.0;57.3;55.1;48.4;70.8;82.7;13 °C;15.1;16.6;17.2;17.2;17.9
2024-04-21 08:57:07;40.0;57.3;55.1;48.4;70.8;82.7;13.3 °C;15.1;16.6;17.2;17.2;17.9
2024-04-21 09:07:06;40.1;57.3;55.1;48.4;70.8;82.7;13.4 °C;15.1;16.5;17.2;17.2;17.9
2024-04-21 09:17:05;40.1;57.3;55.1;48.5;70.8;82.7;13.7 °C;15.1;16.5;17.1;17.2;17.9
2024-04-21 09:27:07;40.1;57.3;55.1;48.4;70.8;82.7;13.9 °C;15.1;16.5;17.1;17.2;17.9
2024-04-21 09:37:07;40.1;57.3;55.0;48.4;70.8;82.7;14.2 °C;15.1;16.5;17.1;17.2;17.9
2024-04-21 09:47:06;40.1;57.3;55.0;48.4;70.8;82.7;14.4 °C;15.1;16.4;17.1;17.2;17.9
2024-04-21 09:57:04;40.1;57.3;55.0;48.4;70.8;82.7;14.6 °C;15.1;16.4;17.1;17.1;17.9
2024-04-21 10:07:08;40.1;57.3;55.0;48.4;70.8;82.7;14.6 °C;15.1;16.4;17.1;17.1;17.9
2024-04-21 10:17:08;40.1;57.3;55.0;48.4;70.8;82.7;14.6 °C;15.1;16.4;17.1;17.1;17.9
2024-04-21 10:27:08;40.1;57.3;55.0;48.4;70.8;82.7;14.7 °C;15.1;16.4;17.1;17.1;17.9
2024-04-21 10:37:08;40.1;57.3;55.0;48.4;70.8;82.7;14.8 °C;15.1;16.4;17.1;17.1;17.9
2024-04-21 10:47:03;40.1;57.3;55.0;48.4;70.8;82.7;14.8 °C;15.1;16.4;17.1;17.1;17.9
2024-04-21 10:57:04;40.1;57.3;55.0;48.4;70.8;82.7;14.9 °C;15.2;16.4;17.1;17.1;17.9
2024-04-21 11:07:05;40.1;57.3;55.0;48.4;70.8;82.7;14.9 °C;15.2;16.4;17.1;17.1;17.9
2024-04-21 11:17:05;40.2;57.3;55.0;48.4;70.8;82.7;14.9 °C;15.3;16.4;17.1;17.1;17.9
2024-04-21 11:27:04;40.2;57.3;55.0;48.4;70.8;82.7;15.1 °C;15.3;16.4;17.1;17.1;17.9
2024-04-21 11:37:07;40.2;57.4;55.0;48.4;70.8;82.7;15.3 °C;15.3;16.3;17.1;17.1;17.9
2024-04-21 11:47:08;40.2;57.4;55.0;48.4;70.8;82.7;15.6 °C;15.4;16.3;17.1;17.1;17.9
2024-04-21 11:57:09;40.3;57.4;55.0;48.4;70.8;82.7;15.8 °C;15.4;16.3;17;17.1;17.9
2024-04-21 12:07:09;40.3;57.4;55.0;48.4;70.8;82.7;15.9 °C;15.4;16.3;17;17.1;17.9
2024-04-21 12:17:08;40.3;57.4;55.0;48.4;70.8;82.7;16.1 °C;15.4;16.3;17;17.1;17.9
2024-04-21 12:27:04;40.3;57.4;55.0;48.4;70.8;82.7;16.3 °C;15.5;16.3;17;17.1;17.9
2024-04-21 12:37:06;40.3;57.4;55.0;48.4;70.8;82.7;16.4 °C;15.6;16.3;17;17.1;17.9
2024-04-21 12:47:09;40.3;57.4;55.0;48.4;70.8;82.7;16.5 °C;15.6;16.3;17;17.1;17.9
2024-04-21 12:57:07;40.3;57.4;55.0;48.4;70.8;82.7;16.6 °C;15.6;16.3;17;17.1;17.9
2024-04-21 13:07:05;40.3;57.5;55.0;48.4;70.8;82.7;16.8 °C;15.7;16.3;17;17.1;17.9
2024-04-21 13:17:04;40.3;57.5;55.0;48.4;70.8;82.7;16.8 °C;15.8;16.4;16.9;17.1;17.9
2024-04-21 13:27:04;40.3;57.5;55.0;48.4;70.8;82.6;16.9 °C;15.8;16.4;16.9;17.1;17.9
2024-04-21 13:37:09;40.3;57.5;55.0;48.4;70.8;82.6;17 °C;15.8;16.4;16.9;17.1;17.9
2024-04-21 13:47:04;40.4;57.5;55.0;48.4;70.8;82.6;17.2 °C;15.9;16.4;16.9;17.1;17.9
2024-04-21 13:57:09;40.4;57.5;55.0;48.4;70.8;82.7;17.4 °C;15.9;16.4;16.9;17.1;17.9
2024-04-21 14:07:10;40.5;57.5;55.0;48.4;70.8;82.7;17.8 °C;16;16.4;16.9;17.1;17.9
2024-04-21 14:17:10;40.5;57.5;55.0;48.4;70.7;82.6;17.9 °C;16.1;16.4;16.9;17;17.9
2024-04-21 14:27:04;40.5;57.5;55.0;48.4;70.8;82.6;18.1 °C;16.1;16.4;16.9;17;17.8
2024-04-21 14:37:05;40.5;57.6;55.0;48.4;70.7;82.6;18 °C;16.2;16.4;16.9;17;17.8
2024-04-21 14:47:07;40.4;57.6;55.0;48.4;70.7;82.6;17.9 °C;16.3;16.4;16.9;17;17.8
2024-04-21 14:57:04;40.4;57.6;55.0;48.4;70.7;82.6;17.9 °C;16.3;16.4;16.9;17;17.8
2024-04-21 15:07:08;40.4;57.6;55.0;48.4;70.7;82.6;17.9 °C;16.4;16.5;16.9;17;17.8
2024-04-21 15:17:10;40.4;57.6;55.0;48.4;70.7;82.6;17.9 °C;16.4;16.5;16.9;17;17.8
2024-04-21 15:27:08;40.5;57.7;55.0;48.4;70.7;82.6;17.9 °C;16.5;16.5;16.9;17;17.8
2024-04-21 15:37:09;40.5;57.7;55.1;48.4;70.7;82.6;18.1 °C;16.6;16.5;16.9;17;17.8
2024-04-21 15:47:08;40.5;57.7;55.1;48.4;70.7;82.6;18.3 °C;16.6;16.6;16.9;17;17.8
2024-04-21 15:57:04;40.5;57.7;55.1;48.4;70.7;82.6;18.4 °C;16.6;16.6;16.9;17;17.8
2024-04-21 16:07:05;40.5;57.7;55.1;48.4;70.7;82.6;18.4 °C;16.7;16.6;16.9;17;17.8
2024-04-21 16:17:08;40.5;57.7;55.1;48.4;70.7;82.6;18.4 °C;16.8;16.6;16.9;17;17.8
2024-04-21 16:27:04;40.5;57.7;55.1;48.4;70.7;82.6;18.4 °C;16.8;16.6;16.9;17;17.8
2024-04-21 16:37:09;40.4;57.7;55.1;48.4;70.7;82.6;18.4 °C;16.9;16.7;16.9;17;17.8
2024-04-21 16:47:03;40.4;57.8;55.1;48.4;70.8;82.6;18.4 °C;16.9;16.7;16.9;16.9;17.8
2024-04-21 16:57:04;40.4;57.8;55.1;48.4;70.8;82.6;18.4 °C;16.9;16.7;16.9;16.9;17.8
2024-04-21 17:07:08;40.5;57.8;55.1;48.4;70.8;82.6;18.5 °C;17;16.8;16.9;16.9;17.8
2024-04-21 17:17:05;40.4;57.8;55.1;48.4;70.7;82.6;18.6 °C;17.1;16.8;16.9;16.9;17.8
2024-04-21 17:27:05;40.4;57.8;55.1;48.4;70.8;82.6;18.6 °C;17.1;16.8;16.9;16.9;17.8
2024-04-21 17:37:10;40.4;57.8;55.1;48.4;70.8;82.6;18.6 °C;17.1;16.8;16.9;16.9;17.8
2024-04-21 17:47:09;40.4;57.8;55.1;48.4;70.7;82.6;18.4 °C;17.2;16.8;17;16.9;17.8
2024-04-21 17:57:04;40.4;57.8;55.1;48.4;70.7;82.6;18.4 °C;17.3;16.9;17;16.9;17.8
2024-04-21 18:07:09;40.3;57.8;55.1;48.4;70.7;82.6;18.3 °C;17.3;16.9;17;16.9;17.8
2024-04-21 18:17:07;40.3;57.9;55.1;48.4;70.7;82.6;18.2 °C;17.3;16.9;17;16.9;17.8
2024-04-21 18:27:05;40.3;57.9;55.1;48.4;70.7;82.6;18.1 °C;17.3;16.9;17;16.9;17.8
2024-04-21 18:37:10;40.3;57.9;55.2;48.4;70.7;82.6;18 °C;17.4;16.9;17;16.9;17.8
2024-04-21 18:47:09;40.2;57.9;55.1;48.4;70.7;82.6;17.9 °C;17.4;17;17;16.9;17.8
2024-04-21 18:57:07;40.2;57.9;55.1;48.4;70.7;82.6;17.8 °C;17.4;17;17;16.9;17.8
2024-04-21 19:07:07;40.2;57.8;55.1;48.4;70.7;82.6;17.6 °C;17.4;17.1;17.1;16.9;17.8
2024-04-21 19:17:03;40.2;57.9;55.2;48.4;70.7;82.6;17.5 °C;17.4;17.1;17.1;16.9;17.8
2024-04-21 19:27:03;40.1;57.9;55.2;48.4;70.7;82.6;17.3 °C;17.4;17.1;17.1;16.9;17.8
2024-04-21 19:37:03;40.1;57.9;55.2;48.4;70.7;82.6;17.2 °C;17.4;17.1;17.1;16.9;17.8
2024-04-21 19:47:03;40.1;57.9;55.2;48.4;70.7;82.6;17.1 °C;17.4;17.1;17.1;16.9;17.8
2024-04-21 19:57:09;40.0;57.9;55.2;48.4;70.7;82.6;16.9 °C;17.4;17.1;17.1;16.9;17.8
2024-04-21 20:07:10;40.0;57.9;55.2;48.4;70.7;82.6;16.8 °C;17.4;17.2;17.1;16.9;17.8
2024-04-21 20:17:05;40.0;57.9;55.2;48.4;70.7;82.6;16.6 °C;17.4;17.2;17.1;16.9;17.8
2024-04-21 20:27:05;40.0;57.8;55.2;48.4;70.7;82.6;16.4 °C;17.4;17.2;17.1;16.9;17.8
2024-04-21 20:37:06;39.9;57.8;55.2;48.4;70.7;82.6;16.3 °C;17.4;17.3;17.1;16.9;17.8
2024-04-21 20:47:09;39.9;57.8;55.2;48.4;70.7;82.6;16.1 °C;17.4;17.3;17.1;16.9;17.8
2024-04-21 20:57:04;39.9;57.8;55.2;48.4;70.7;82.6;15.9 °C;17.4;17.3;17.1;16.9;17.7
2024-04-21 21:07:09;39.9;57.8;55.2;48.4;70.7;82.6;15.8 °C;17.4;17.3;17.1;16.9;17.7
2024-04-21 21:17:04;39.8;57.8;55.2;48.4;70.7;82.6;15.7 °C;17.4;17.3;17.2;16.9;17.7
2024-04-21 21:27:06;39.8;57.8;55.2;48.4;70.8;82.6;15.6 °C;17.3;17.3;17.2;16.9;17.7
2024-04-21 21:37:05;39.8;57.8;55.2;48.4;70.8;82.6;15.4 °C;17.3;17.3;17.2;16.9;17.7
2024-04-21 21:47:08;39.8;57.8;55.2;48.4;70.8;82.6;15.3 °C;17.3;17.3;17.2;16.9;17.7
2024-04-21 21:57:09;39.8;57.8;55.2;48.4;70.8;82.6;15.2 °C;17.3;17.3;17.2;16.9;17.7
2024-04-21 22:07:04;39.7;57.7;55.2;48.4;70.7;82.6;15.1 °C;17.2;17.3;17.2;17;17.7
2024-04-21 22:17:10;39.7;57.7;55.2;48.4;70.7;82.6;14.9 °C;17.2;17.3;17.3;17;17.7
2024-04-21 22:27:10;39.7;57.7;55.2;48.4;70.7;82.6;14.8 °C;17.1;17.3;17.3;17;17.7
2024-04-21 22:37:10;39.7;57.7;55.2;48.4;70.7;82.6;14.8 °C;17.1;17.4;17.3;17;17.7
2024-04-21 22:47:05;39.7;57.7;55.2;48.4;70.7;82.6;14.6 °C;17.1;17.4;17.3;17;17.7
2024-04-21 22:57:08;39.6;57.7;55.2;48.4;70.7;82.6;14.5 °C;17.1;17.4;17.3;17;17.7
2024-04-21 23:07:06;39.6;57.7;55.2;48.4;70.7;82.6;14.4 °C;17;17.4;17.3;17;17.7
2024-04-21 23:17:09;39.6;57.7;55.2;48.4;70.7;82.6;14.3 °C;16.9;17.4;17.3;17;17.7
2024-04-21 23:27:04;39.6;57.7;55.2;48.4;70.7;82.6;14.3 °C;16.9;17.4;17.3;17;17.7
2024-04-21 23:37:06;39.6;57.6;55.2;48.4;70.7;82.6;14.1 °C;16.9;17.4;17.3;17;17.7
2024-04-21 23:47:05;39.5;57.6;55.2;48.4;70.7;82.6;14.1 °C;16.8;17.4;17.3;17;17.7
2024-04-21 23:57:07;39.5;57.6;55.2;48.4;70.7;82.6;13.9 °C;16.8;17.3;17.3;17;17.7
2024-04-22 00:07:08;39.5;57.6;55.2;48.4;70.7;82.6;13.9 °C;16.8;17.3;17.3;17;17.7
2024-04-22 00:17:10;39.5;57.6;55.2;48.4;70.7;82.6;13.8 °C;16.7;17.3;17.3;17;17.7
2024-04-22 00:27:05;39.5;57.6;55.2;48.4;70.7;82.6;13.7 °C;16.7;17.3;17.3;17;17.7
2024-04-22 00:37:07;39.5;57.6;55.2;48.4;70.7;82.6;13.6 °C;16.6;17.3;17.3;17;17.7
2024-04-22 00:47:03;39.4;57.6;55.2;48.4;70.7;82.6;13.6 °C;16.6;17.3;17.3;17;17.7
2024-04-22 00:57:04;39.4;57.5;55.2;48.4;70.7;82.6;13.4 °C;16.5;17.3;17.3;17;17.7
2024-04-22 01:07:10;39.4;57.5;55.1;48.4;70.7;82.6;13.4 °C;16.5;17.3;17.3;17;17.7
2024-04-22 01:17:10;39.4;57.5;55.2;48.4;70.8;82.6;13.3 °C;16.4;17.3;17.3;17.1;17.7
2024-04-22 01:27:05;39.4;57.5;55.2;48.4;70.8;82.6;13.2 °C;16.4;17.3;17.3;17.1;17.7
2024-04-22 01:37:04;39.4;57.5;55.1;48.4;70.8;82.6;13.1 °C;16.4;17.3;17.3;17.1;17.7
2024-04-22 01:47:06;39.3;57.5;55.1;48.4;70.8;82.6;13.1 °C;16.3;17.3;17.3;17.1;17.7
2024-04-22 01:57:09;39.3;57.5;55.1;48.4;70.8;82.6;12.9 °C;16.3;17.2;17.3;17.1;17.7
2024-04-22 02:07:03;39.3;57.5;55.1;48.4;70.8;82.6;12.9 °C;16.2;17.2;17.3;17.1;17.7
2024-04-22 02:17:06;39.3;57.5;55.1;48.4;70.8;82.6;12.8 °C;16.2;17.2;17.3;17.1;17.7
2024-04-22 02:27:07;39.3;57.4;55.1;48.4;70.8;82.6;12.8 °C;16.1;17.2;17.3;17.1;17.7
2024-04-22 02:37:04;39.3;57.4;55.1;48.4;70.8;82.6;12.7 °C;16.1;17.1;17.3;17.1;17.7
2024-04-22 02:47:09;39.3;57.4;55.1;48.4;70.8;82.6;12.6 °C;16.1;17.1;17.3;17.1;17.7
2024-04-22 02:57:06;39.2;57.4;55.1;48.4;70.8;82.6;12.5 °C;16;17.1;17.3;17.1;17.7
2024-04-22 03:07:03;39.2;57.4;55.1;48.4;70.8;82.6;12.4 °C;15.9;17.1;17.3;17.1;17.7
2024-04-22 03:17:08;39.2;57.4;55.1;48.4;70.8;82.6;12.4 °C;15.9;17.1;17.3;17.1;17.7
2024-04-22 03:27:06;39.2;57.4;55.1;48.4;70.8;82.6;12.3 °C;15.9;17.1;17.3;17.1;17.7
2024-04-22 03:37:10;39.2;57.4;55.1;48.4;70.8;82.6;12.3 °C;15.8;17.1;17.3;17.1;17.7
2024-04-22 03:47:06;39.2;57.3;55.1;48.4;70.8;82.6;12.2 °C;15.8;17;17.3;17.1;17.7
2024-04-22 03:57:08;39.1;57.3;55.1;48.4;70.8;82.6;12.1 °C;15.8;17;17.3;17.1;17.7
2024-04-22 04:07:03;39.1;57.3;55.1;48.4;70.8;82.6;12.1 °C;15.7;17;17.3;17.1;17.7
2024-04-22 04:17:03;39.1;57.3;55.1;48.4;70.8;82.6;12 °C;15.6;16.9;17.3;17.1;17.7
2024-04-22 04:27:09;39.1;57.3;55.1;48.4;70.8;82.6;11.9 °C;15.6;16.9;17.3;17.1;17.7
2024-04-22 04:37:08;39.1;57.3;55.1;48.4;70.8;82.6;11.9 °C;15.6;16.9;17.3;17.1;17.7
2024-04-22 04:47:10;39.1;57.3;55.1;48.4;70.8;82.6;11.8 °C;15.5;16.9;17.3;17.1;17.7
2024-04-22 04:57:05;39.1;57.3;55.1;48.4;70.8;82.6;11.8 °C;15.4;16.9;17.3;17.1;17.7
2024-04-22 05:07:09;39.1;57.3;55.1;48.4;70.8;82.6;11.7 °C;15.4;16.9;17.3;17.1;17.7
2024-04-22 05:17:08;39.1;57.3;55.0;48.4;70.8;82.6;11.6 °C;15.4;16.8;17.3;17.1;17.7
2024-04-22 05:27:06;39.0;57.3;55.0;48.4;70.8;82.6;11.6 °C;15.3;16.8;17.3;17.1;17.7
2024-04-22 05:37:06;39.0;57.2;55.0;48.4;70.8;82.6;11.5 °C;15.3;16.8;17.3;17.1;17.7
2024-04-22 05:47:10;39.0;57.2;55.0;48.4;70.8;82.6;11.4 °C;15.3;16.8;17.3;17.1;17.7
2024-04-22 05:57:09;39.0;57.2;55.0;48.4;70.8;82.6;11.4 °C;15.2;16.8;17.3;17.1;17.7
2024-04-22 06:07:04;39.0;57.2;55.0;48.4;70.8;82.6;11.4 °C;15.1;16.8;17.3;17.1;17.7
2024-04-22 06:17:10;39.0;57.2;55.0;48.4;70.8;82.6;11.3 °C;15.1;16.7;17.3;17.1;17.7
2024-04-22 06:27:10;39.0;57.2;55.0;48.4;70.7;82.6;11.3 °C;15.1;16.7;17.2;17.1;17.7
2024-04-22 06:37:10;38.9;57.2;55.0;48.4;70.7;82.6;11.2 °C;15;16.6;17.2;17.1;17.7
2024-04-22 06:47:06;39.0;57.2;55.0;48.4;70.8;82.6;11.2 °C;15;16.6;17.2;17.1;17.7
2024-04-22 06:57:10;39.0;57.2;55.0;48.4;70.7;82.6;11.1 °C;14.9;16.6;17.2;17.1;17.7
2024-04-22 07:07:10;39.0;57.1;55.0;48.4;70.7;82.6;11.1 °C;14.9;16.6;17.2;17.1;17.7
2024-04-22 07:17:10;38.9;57.2;55.0;48.4;70.7;82.6;11.1 °C;14.9;16.6;17.2;17.1;17.7
2024-04-22 07:27:05;38.9;57.2;55.0;48.4;70.8;82.6;11.2 °C;14.8;16.5;17.2;17.1;17.7
2024-04-22 07:37:08;38.9;57.2;55.0;48.4;70.8;82.6;11.2 °C;14.8;16.5;17.1;17.1;17.7
2024-04-22 07:47:06;38.9;57.1;55.0;48.4;70.8;82.6;11.3 °C;14.8;16.5;17.1;17.1;17.7
2024-04-22 07:57:03;39.0;57.1;55.0;48.4;70.7;82.6;11.3 °C;14.7;16.4;17.1;17;17.7
2024-04-22 08:07:07;39.0;57.1;55.0;48.4;70.7;82.6;11.3 °C;14.7;16.4;17.1;17;17.7
2024-04-22 08:17:05;38.9;57.1;55.0;48.4;70.7;82.6;11.4 °C;14.6;16.4;17.1;17;17.7
2024-04-22 08:27:08;39.0;57.1;55.0;48.4;70.7;82.6;11.4 °C;14.6;16.4;17.1;17;17.7
2024-04-22 08:37:10;39.0;57.1;55.0;48.4;70.7;82.6;11.6 °C;14.6;16.4;17.1;17;17.7
2024-04-22 08:47:09;39.0;57.1;55.0;48.4;70.7;82.6;11.8 °C;14.6;16.3;17.1;17;17.7
2024-04-22 08:57:05;39.0;57.1;54.9;48.3;70.7;82.6;12 °C;14.5;16.3;17.1;17;17.7
2024-04-22 09:07:08;39.0;57.1;55.0;48.4;70.7;82.6;12.3 °C;14.5;16.3;17.1;17;17.7
2024-04-22 09:17:06;39.1;57.1;54.9;48.3;70.7;82.6;12.5 °C;14.5;16.3;17;17;17.7
2024-04-22 09:27:09;39.1;57.1;54.9;48.3;70.7;82.6;12.8 °C;14.4;16.3;17;17;17.7
2024-04-22 09:37:06;39.1;57.1;55.0;48.3;70.7;82.6;13.1 °C;14.4;16.2;17;17;17.7
2024-04-22 09:47:09;39.2;57.1;55.0;48.3;70.7;82.6;13.4 °C;14.4;16.2;17;17;17.7
2024-04-22 09:57:05;39.2;57.1;55.0;48.3;70.7;82.6;13.8 °C;14.4;16.2;17;17;17.7
2024-04-22 10:07:07;39.2;57.1;55.0;48.3;70.7;82.6;14 °C;14.4;16.1;16.9;16.9;17.7
2024-04-22 10:17:09;39.3;57.1;54.9;48.3;70.7;82.6;14.3 °C;14.5;16.1;16.9;16.9;17.7
2024-04-22 10:27:07;39.3;57.1;54.9;48.3;70.7;82.6;14.4 °C;14.5;16.1;16.9;16.9;17.7
2024-04-22 10:37:08;39.3;57.1;55.0;48.3;70.7;82.6;14.7 °C;14.5;16.1;16.9;16.9;17.7
2024-04-22 10:47:06;39.3;57.1;54.9;48.3;70.7;82.6;14.9 °C;14.6;16.1;16.9;16.9;17.7
2024-04-22 10:57:02;39.3;57.2;54.9;48.3;70.7;82.6;15.1 °C;14.6;16.1;16.9;16.9;17.7
2024-04-22 11:07:03;39.4;57.2;54.9;48.3;70.7;82.6;15.3 °C;14.6;16.1;16.9;16.9;17.7
2024-04-22 11:17:05;39.4;57.2;55.0;48.3;70.7;82.6;15.5 °C;14.7;16;16.9;16.9;17.7
2024-04-22 11:27:09;39.4;57.2;55.0;48.3;70.7;82.6;15.7 °C;14.8;16;16.9;16.9;17.6
2024-04-22 11:37:06;39.4;57.2;55.0;48.3;70.7;82.6;15.8 °C;14.8;16;16.8;16.9;17.6
2024-04-22 11:47:05;39.4;57.2;55.0;48.3;70.7;82.6;16 °C;14.9;16;16.8;16.9;17.6
2024-04-22 11:57:05;39.5;57.2;55.0;48.3;70.7;82.6;16.1 °C;14.9;16;16.8;16.9;17.6
2024-04-22 12:07:07;39.5;57.3;55.0;48.3;70.7;82.6;16.4 °C;15;16;16.8;16.9;17.6
2024-04-22 12:17:08;39.5;57.3;55.0;48.3;70.7;82.6;16.7 °C;15.1;16;16.8;16.9;17.6
2024-04-22 12:27:04;39.6;57.3;55.0;48.3;70.7;82.6;17 °C;15.1;16;16.8;16.9;17.6
2024-04-22 12:37:09;39.6;57.3;55.0;48.3;70.7;82.6;17.3 °C;15.2;16;16.8;16.9;17.6
2024-04-22 12:47:08;39.6;57.3;55.0;48.3;70.7;82.6;17.6 °C;15.3;16;16.8;16.9;17.6
2024-04-22 12:57:07;39.6;57.4;55.0;48.3;70.7;82.6;17.8 °C;15.3;16;16.8;16.9;17.6
2024-04-22 13:07:09;39.7;57.4;55.0;48.3;70.7;82.6;18.1 °C;15.4;16;16.8;16.9;17.6
2024-04-22 13:17:09;39.7;57.4;55.0;48.3;70.7;82.5;18.4 °C;15.5;16;16.8;16.9;17.6
2024-04-22 13:27:08;39.7;57.4;55.0;48.3;70.7;82.6;18.6 °C;15.6;16;16.8;16.8;17.6
2024-04-22 13:37:06;39.8;57.4;55.0;48.3;70.7;82.5;18.8 °C;15.6;16.1;16.7;16.8;17.6
2024-04-22 13:47:03;39.8;57.5;55.0;48.3;70.7;82.6;19 °C;15.8;16.1;16.7;16.8;17.6
2024-04-22 13:57:05;39.8;57.5;55.0;48.3;70.6;82.5;19.1 °C;15.8;16.1;16.7;16.8;17.6
2024-04-22 14:07:08;39.9;57.5;55.0;48.3;70.7;82.6;19.3 °C;15.9;16.1;16.7;16.8;17.6
2024-04-22 14:17:06;39.8;57.5;55.0;48.3;70.6;82.5;19.6 °C;16;16.1;16.7;16.8;17.6
2024-04-22 14:27:07;39.9;57.6;55.0;48.3;70.6;82.5;19.7 °C;16.1;16.1;16.7;16.8;17.6
2024-04-22 14:37:09;39.9;57.6;55.0;48.3;70.6;82.5;19.8 °C;16.2;16.1;16.7;16.8;17.6
2024-04-22 14:47:08;39.9;57.6;55.0;48.3;70.6;82.5;19.9 °C;16.3;16.2;16.7;16.8;17.6
2024-04-22 14:57:07;39.9;57.6;55.0;48.3;70.7;82.5;20.1 °C;16.4;16.2;16.7;16.8;17.6
2024-04-22 15:07:05;40.0;57.7;55.0;48.3;70.7;82.5;20.3 °C;16.5;16.3;16.7;16.8;17.6
