Column1;Column2;Column3;Column4;Column5;Column6;Column7;Column10;Column11;Column12;Column13;Column14;Column15
Time;soil_moisture_at_depth_0;soil_moisture_at_depth_1;soil_moisture_at_depth_2;soil_moisture_at_depth_3 ;soil_moisture_at_depth_4;soil_moisture_at_depth_5 ;soil_temperature_at_depth_0;soil_temperature_at_depth_1;soil_temperature_at_depth_2;soil_temperature_at_depth_3 ;soil_temperature_at_depth_4 ;soil_temperature_at_depth_5 
2024-04-02 13:20:59;34.8;64.4;61.2;75.8;72.9;73.2;24.4 °C;19.4;18.7;18.5;18.6;18.4
2024-04-02 13:31:02;35.0;64.5;61.2;75.8;72.9;73.1;24.5 °C;19.3;18.6;18.3;18.3;18.2
2024-04-02 13:41:01;35.1;64.6;61.3;75.8;72.9;73.2;24.7 °C;19.3;18.4;18.2;18.2;18.1
2024-04-02 13:50:59;35.2;64.7;61.3;75.8;72.9;73.2;24.9 °C;19.3;18.3;18.1;18.1;17.9
2024-04-02 14:01:02;35.3;64.8;61.3;75.8;72.9;73.2;25.1 °C;19.3;18.3;18;18;17.9
2024-04-02 14:11:00;35.4;64.9;61.3;75.8;72.9;73.2;25.3 °C;19.4;18.3;18;17.9;17.8
2024-04-02 14:21:01;35.4;65.1;61.4;75.8;72.9;73.2;25.5 °C;19.5;18.3;17.9;17.9;17.8
2024-04-02 14:30:59;35.6;65.1;61.4;75.8;72.9;73.2;25.8 °C;19.6;18.3;17.9;17.9;17.8
2024-04-02 14:40:59;35.6;65.2;61.4;75.8;72.9;73.3;26 °C;19.7;18.3;17.8;17.8;17.7
2024-04-02 14:51:03;35.7;65.3;61.5;75.9;72.9;73.3;26.2 °C;19.8;18.3;17.8;17.8;17.6
2024-04-02 15:01:02;35.8;65.4;61.5;75.9;72.9;73.3;26.3 °C;19.9;18.3;17.8;17.8;17.6
2024-04-02 15:11:04;35.8;65.6;61.5;75.9;72.9;73.3;26.3 °C;20.1;18.3;17.8;17.7;17.6
2024-04-02 15:21:01;35.9;65.6;61.6;75.9;73.0;73.3;26.4 °C;20.2;18.3;17.8;17.7;17.6
2024-04-02 15:31:02;35.9;65.7;61.6;75.9;73.0;73.4;26.4 °C;20.3;18.3;17.8;17.7;17.6
2024-04-02 15:41:00;35.9;65.9;61.6;76.0;72.9;73.4;26.4 °C;20.4;18.4;17.8;17.6;17.6
2024-04-02 15:51:05;36.0;65.9;61.7;75.9;73.0;73.4;26.3 °C;20.6;18.4;17.8;17.6;17.5
2024-04-02 16:00:58;36;66.0;61.7;76.0;73.0;73.4;26.3 °C;20.7;18.4;17.7;17.6;17.5
2024-04-02 16:11:00;36.0;66.1;61.7;76.0;73;73.4;26.3 °C;20.8;18.5;17.7;17.6;17.5
2024-04-02 16:21:01;36.0;66.2;61.8;76.0;73.0;73.4;26.3 °C;20.9;18.5;17.7;17.6;17.5
2024-04-02 16:31:02;36.0;66.3;61.8;76.0;73.0;73.4;26.2 °C;21;18.6;17.7;17.6;17.5
2024-04-02 16:41:04;36.1;66.4;61.8;76.0;73.0;73.4;26.1 °C;21.1;18.6;17.7;17.6;17.4
2024-04-02 16:50:58;36.1;66.4;61.9;76.0;73.0;73.4;25.9 °C;21.2;18.7;17.8;17.6;17.4
2024-04-02 17:01:04;36.1;66.5;61.9;76.1;73.1;73.5;25.9 °C;21.3;18.8;17.8;17.6;17.4
2024-04-02 17:11:04;36.1;66.6;61.9;76.1;73.1;73.5;25.8 °C;21.4;18.8;17.8;17.6;17.4
2024-04-02 17:21:05;36.1;66.6;62.0;76.1;73.1;73.5;25.6 °C;21.4;18.8;17.8;17.5;17.4
2024-04-02 17:30:58;36.1;66.7;62.0;76.1;73.1;73.5;25.5 °C;21.5;18.9;17.8;17.5;17.4
2024-04-02 17:41:00;36.1;66.7;62.0;76.1;73.1;73.6;25.4 °C;21.6;18.9;17.8;17.5;17.4
2024-04-02 17:51:05;36.0;66.8;62.1;76.1;73.1;73.6;25.1 °C;21.6;19;17.8;17.5;17.4
2024-04-02 18:01:02;36.0;66.8;62.1;76.2;73.1;73.6;24.9 °C;21.7;19.1;17.8;17.5;17.4
2024-04-02 18:11:05;36.0;66.9;62.1;76.2;73.1;73.6;24.6 °C;21.8;19.1;17.8;17.5;17.4
2024-04-02 18:20:59;36.0;66.9;62.1;76.2;73.1;73.6;24.3 °C;21.8;19.2;17.9;17.5;17.4
2024-04-02 18:30:58;35.9;67.0;62.2;76.2;73.1;73.6;24.1 °C;21.8;19.2;17.9;17.5;17.4
2024-04-02 18:41:01;35.9;67.0;62.2;76.2;73.2;73.6;23.9 °C;21.8;19.3;17.9;17.5;17.4
2024-04-02 18:51:03;35.9;67.0;62.3;76.3;73.2;73.6;23.6 °C;21.8;19.3;17.9;17.5;17.4
2024-04-02 19:01:02;35.9;67.1;62.3;76.3;73.2;73.7;23.3 °C;21.8;19.4;17.9;17.5;17.4
2024-04-02 19:11:02;35.8;67.1;62.3;76.3;73.2;73.7;23.1 °C;21.8;19.4;17.9;17.5;17.4
2024-04-02 19:21:04;35.8;67.1;62.4;76.3;73.2;73.7;22.8 °C;21.8;19.4;18;17.5;17.4
2024-04-02 19:31:04;35.8;67.1;62.4;76.4;73.3;73.7;22.5 °C;21.8;19.5;18;17.5;17.4
2024-04-02 19:41:01;35.8;67.1;62.4;76.4;73.3;73.7;22.3 °C;21.8;19.5;18;17.5;17.4
2024-04-02 19:50:59;35.8;67.1;62.4;76.4;73.3;73.7;22 °C;21.8;19.6;18.1;17.5;17.4
2024-04-02 20:01:04;35.7;67.1;62.5;76.4;73.3;73.7;21.8 °C;21.7;19.6;18.1;17.6;17.4
2024-04-02 20:11:04;35.7;67.2;62.5;76.4;73.3;73.7;21.5 °C;21.6;19.6;18.1;17.6;17.4
2024-04-02 20:21:05;35.7;67.2;62.5;76.5;73.3;73.7;21.3 °C;21.6;19.7;18.1;17.6;17.4
2024-04-02 20:30:59;35.7;67.2;62.5;76.5;73.3;73.7;21.1 °C;21.6;19.7;18.1;17.6;17.4
2024-04-02 20:40:58;35.7;67.2;62.6;76.5;73.3;73.8;20.9 °C;21.5;19.7;18.2;17.6;17.4
2024-04-02 20:50:58;35.6;67.2;62.5;76.5;73.4;73.8;20.7 °C;21.4;19.8;18.2;17.6;17.4
2024-04-02 21:01:00;35.6;67.1;62.6;76.5;73.4;73.8;20.4 °C;21.4;19.8;18.2;17.6;17.4
2024-04-02 21:11:01;35.6;67.2;62.6;76.5;73.4;73.8;20.3 °C;21.3;19.8;18.3;17.6;17.4
2024-04-02 21:20:59;35.6;67.1;62.6;76.6;73.4;73.8;20.1 °C;21.3;19.8;18.3;17.6;17.4
2024-04-02 21:31:03;35.6;67.2;62.6;76.6;73.4;73.8;19.8 °C;21.2;19.8;18.3;17.6;17.4
2024-04-02 21:41:02;35.6;67.1;62.6;76.6;73.4;73.8;19.6 °C;21.1;19.8;18.3;17.6;17.4
2024-04-02 21:51:05;35.6;67.2;62.6;76.6;73.4;73.8;19.5 °C;21.1;19.8;18.3;17.6;17.4
2024-04-02 22:00:58;35.6;67.1;62.7;76.7;73.4;73.8;19.3 °C;21;19.8;18.3;17.6;17.4
2024-04-02 22:10:57;35.6;67.1;62.7;76.6;73.4;73.8;19.1 °C;20.9;19.8;18.4;17.6;17.4
2024-04-02 22:21:00;35.5;67.1;62.7;76.7;73.5;73.9;19 °C;20.8;19.8;18.4;17.7;17.4
2024-04-02 22:31:05;35.5;67.1;62.7;76.7;73.5;73.9;18.8 °C;20.8;19.8;18.4;17.7;17.4
2024-04-02 22:40:58;35.5;67.1;62.7;76.7;73.5;73.9;18.6 °C;20.7;19.8;18.4;17.7;17.4
2024-04-02 22:51:01;35.5;67.0;62.7;76.7;73.5;73.9;18.5 °C;20.6;19.8;18.4;17.7;17.4
2024-04-02 23:01:03;35.5;67.1;62.7;76.7;73.5;73.9;18.3 °C;20.5;19.8;18.4;17.7;17.4
2024-04-02 23:11:04;35.5;67.1;62.7;76.7;73.5;73.9;18.1 °C;20.4;19.8;18.4;17.7;17.4
2024-04-02 23:21:00;35.5;67.0;62.7;76.8;73.5;73.9;17.9 °C;20.4;19.8;18.4;17.8;17.4
2024-04-02 23:31:01;35.5;67.0;62.7;76.8;73.6;73.9;17.8 °C;20.3;19.8;18.5;17.8;17.4
2024-04-02 23:40:59;35.5;67.0;62.7;76.8;73.6;73.9;17.6 °C;20.3;19.8;18.5;17.8;17.4
2024-04-02 23:51:04;35.5;67.0;62.7;76.8;73.6;73.9;17.5 °C;20.1;19.8;18.5;17.8;17.4
2024-04-03 00:01:01;35.5;67.0;62.7;76.8;73.6;73.9;17.4 °C;20.1;19.7;18.5;17.8;17.4
2024-04-03 00:11:03;35.4;67.0;62.8;76.8;73.6;73.9;17.3 °C;20;19.7;18.5;17.8;17.4
2024-04-03 00:21:03;35.5;66.9;62.8;76.8;73.6;73.9;17.1 °C;19.9;19.7;18.5;17.8;17.4
2024-04-03 00:30:58;35.4;66.9;62.8;76.9;73.6;74.0;17 °C;19.8;19.6;18.5;17.8;17.4
2024-04-03 00:41:01;35.4;66.9;62.7;76.9;73.6;74.0;16.9 °C;19.8;19.6;18.5;17.8;17.4
2024-04-03 00:51:00;35.5;66.9;62.8;76.9;73.6;74.0;16.8 °C;19.7;19.6;18.6;17.8;17.4
2024-04-03 01:01:01;35.4;66.9;62.7;76.9;73.6;74.0;16.6 °C;19.6;19.6;18.6;17.8;17.4
2024-04-03 01:11:03;35.4;66.9;62.7;76.9;73.6;74.0;16.5 °C;19.5;19.6;18.6;17.8;17.4
2024-04-03 01:21:04;35.5;66.9;62.8;76.9;73.7;74.0;16.4 °C;19.4;19.5;18.6;17.8;17.4
2024-04-03 01:30:57;35.4;66.8;62.8;76.9;73.7;74.0;16.3 °C;19.4;19.5;18.6;17.9;17.4
2024-04-03 01:40:59;35.5;66.8;62.8;76.9;73.7;74.0;16.2 °C;19.3;19.5;18.6;17.9;17.4
2024-04-03 01:51:03;35.5;66.8;62.7;76.9;73.7;74.0;16.1 °C;19.2;19.4;18.6;17.9;17.5
2024-04-03 02:01:04;35.5;66.8;62.8;76.9;73.7;74.0;16 °C;19.1;19.4;18.6;17.9;17.5
2024-04-03 02:11:01;35.5;66.8;62.7;76.9;73.7;74.0;15.9 °C;19.1;19.4;18.6;17.9;17.5
2024-04-03 02:20:58;35.5;66.8;62.7;76.9;73.7;74.0;15.8 °C;19;19.4;18.6;17.9;17.5
2024-04-03 02:30:58;35.4;66.7;62.7;76.9;73.8;74.0;15.8 °C;18.9;19.3;18.6;17.9;17.5
2024-04-03 02:40:57;35.4;66.7;62.7;76.9;73.7;74.0;15.6 °C;18.9;19.3;18.6;17.9;17.5
2024-04-03 02:51:03;35.4;66.7;62.7;76.9;73.7;74.0;15.6 °C;18.8;19.3;18.6;17.9;17.5
2024-04-03 03:01:00;35.4;66.7;62.7;77.0;73.8;74.1;15.4 °C;18.7;19.3;18.5;17.9;17.5
2024-04-03 03:10:57;35.5;66.7;62.7;77.0;73.8;74.1;15.4 °C;18.6;19.2;18.5;17.9;17.5
2024-04-03 03:21:03;35.4;66.7;62.7;77.0;73.8;74.1;15.3 °C;18.6;19.2;18.5;17.9;17.5
2024-04-03 03:31:04;35.5;66.7;62.7;77.0;73.8;74.1;15.2 °C;18.5;19.1;18.5;17.9;17.5
2024-04-03 03:40:57;35.5;66.7;62.7;77.0;73.8;74.1;15.1 °C;18.4;19.1;18.5;17.9;17.5
2024-04-03 03:51:04;35.4;66.6;62.7;77.0;73.8;74.1;15 °C;18.4;19.1;18.5;17.9;17.5
2024-04-03 04:01:05;35.4;66.7;62.7;77.0;73.8;74.1;14.9 °C;18.3;19;18.5;17.9;17.6
2024-04-03 04:11:03;35.4;66.6;62.7;77.0;73.8;74.1;14.9 °C;18.3;19;18.5;17.9;17.6
2024-04-03 04:21:02;35.5;66.6;62.7;77.0;73.8;74.1;14.8 °C;18.2;18.9;18.4;17.9;17.6
2024-04-03 04:30:58;35.5;66.6;62.7;77.0;73.8;74.1;14.8 °C;18.1;18.9;18.4;17.9;17.6
2024-04-03 04:40:57;35.5;66.6;62.7;77.0;73.8;74.1;14.6 °C;18;18.9;18.4;17.9;17.6
2024-04-03 04:50:59;35.5;66.6;62.7;77.0;73.8;74.2;14.6 °C;17.9;18.9;18.4;17.9;17.6
2024-04-03 05:01:03;35.5;66.6;62.7;77.0;73.8;74.1;14.4 °C;17.9;18.8;18.4;17.9;17.6
2024-04-03 05:10:59;35.5;66.6;62.6;77.0;73.9;74.2;14.4 °C;17.8;18.8;18.4;17.9;17.6
2024-04-03 05:21:00;35.5;66.6;62.6;77.0;73.9;74.2;14.3 °C;17.8;18.8;18.4;17.9;17.6
2024-04-03 05:31:00;35.5;66.6;62.7;77.0;73.9;74.2;14.3 °C;17.7;18.7;18.4;17.9;17.6
2024-04-03 05:41:02;35.4;66.5;62.7;77.0;73.9;74.2;14.2 °C;17.6;18.7;18.4;17.9;17.6
2024-04-03 05:51:02;35.4;66.5;62.6;77.0;73.9;74.2;14.1 °C;17.6;18.6;18.4;17.9;17.6
2024-04-03 06:01:01;35.5;66.5;62.6;77;73.9;74.2;14 °C;17.5;18.6;18.3;17.9;17.6
2024-04-03 06:11:04;35.5;66.5;62.6;77;73.9;74.2;13.9 °C;17.4;18.6;18.3;17.9;17.6
2024-04-03 06:21:02;35.4;66.5;62.6;77;73.9;74.2;13.9 °C;17.4;18.5;18.3;17.9;17.6
2024-04-03 06:30:57;35.5;66.5;62.6;77.0;73.9;74.2;13.8 °C;17.3;18.5;18.3;17.9;17.6
2024-04-03 06:40:59;35.5;66.5;62.6;77.0;73.9;74.2;13.8 °C;17.3;18.4;18.3;17.9;17.6
2024-04-03 06:51:03;35.5;66.5;62.6;77.0;73.9;74.2;13.7 °C;17.2;18.4;18.3;17.9;17.6
2024-04-03 07:01:03;35.5;66.5;62.6;77.0;73.9;74.2;13.6 °C;17.1;18.4;18.3;17.9;17.6
2024-04-03 07:10:59;35.4;66.4;62.6;77.0;73.9;74.2;13.6 °C;17.1;18.3;18.3;17.9;17.6
2024-04-03 07:21:00;35.5;66.4;62.6;77.0;73.9;74.2;13.6 °C;17.1;18.3;18.2;17.9;17.6
2024-04-03 07:31:02;35.5;66.4;62.6;77.0;73.9;74.2;13.6 °C;17;18.3;18.2;17.9;17.6
2024-04-03 07:40:57;35.5;66.4;62.5;77.0;73.9;74.2;13.6 °C;16.9;18.3;18.2;17.9;17.6
2024-04-03 07:51:03;35.5;66.4;62.5;77.0;73.9;74.2;13.8 °C;16.9;18.2;18.2;17.9;17.6
2024-04-03 08:01:00;35.5;66.4;62.6;77.0;73.9;74.2;13.9 °C;16.8;18.1;18.1;17.9;17.6
2024-04-03 08:11:02;35.6;66.4;62.6;77.0;73.9;74.2;14 °C;16.8;18.1;18.1;17.9;17.6
2024-04-03 08:21:01;35.6;66.4;62.5;77.0;73.9;74.2;14.2 °C;16.7;18.1;18.1;17.9;17.6
2024-04-03 08:31:00;35.6;66.4;62.5;76.9;73.9;74.2;14.4 °C;16.7;18.1;18.1;17.9;17.6
2024-04-03 08:40:57;35.7;66.4;62.5;77.0;73.9;74.2;14.6 °C;16.6;18;18.1;17.9;17.6
2024-04-03 08:50:59;35.7;66.4;62.6;77.0;73.9;74.2;14.9 °C;16.6;17.9;18.1;17.9;17.6
2024-04-03 09:01:04;35.7;66.3;62.6;77.0;73.9;74.2;15.2 °C;16.6;17.9;18.1;17.9;17.6
2024-04-03 09:10:58;35.8;66.3;62.5;76.9;73.9;74.2;15.5 °C;16.6;17.9;18;17.9;17.6
2024-04-03 09:21:01;35.8;66.4;62.5;76.9;73.9;74.2;15.8 °C;16.6;17.9;18;17.9;17.6
2024-04-03 09:31:04;35.9;66.4;62.5;76.9;73.9;74.2;16.1 °C;16.5;17.8;18;17.9;17.6
2024-04-03 09:41:01;35.9;66.4;62.5;76.9;73.9;74.2;16.4 °C;16.5;17.8;17.9;17.9;17.6
2024-04-03 09:51:03;35.9;66.4;62.5;76.9;73.9;74.2;16.8 °C;16.5;17.8;17.9;17.8;17.6
2024-04-03 10:01:03;35.9;66.4;62.5;76.9;73.9;74.2;17.1 °C;16.6;17.8;17.9;17.8;17.6
2024-04-03 10:11:04;36.0;66.4;62.5;76.9;73.9;74.2;17.4 °C;16.6;17.7;17.9;17.8;17.6
2024-04-03 10:21:02;36.0;66.4;62.5;76.9;73.9;74.2;17.6 °C;16.6;17.7;17.9;17.8;17.6
2024-04-03 10:30:58;36.1;66.5;62.5;76.9;73.9;74.3;17.9 °C;16.6;17.6;17.9;17.8;17.6
2024-04-03 10:40:58;36.1;66.5;62.5;76.9;73.9;74.3;18.2 °C;16.7;17.6;17.8;17.8;17.6
2024-04-03 10:50:58;36.1;66.5;62.5;76.9;73.9;74.2;18.4 °C;16.8;17.6;17.8;17.8;17.6
2024-04-03 11:00:58;36.2;66.5;62.5;76.9;73.9;74.3;18.7 °C;16.8;17.6;17.8;17.8;17.6
2024-04-03 11:11:01;36.2;66.6;62.5;76.9;73.9;74.3;18.9 °C;16.9;17.6;17.8;17.8;17.6
2024-04-03 11:21:04;36.2;66.6;62.5;76.9;73.9;74.3;19 °C;16.9;17.6;17.8;17.8;17.6
2024-04-03 11:30:57;36.3;66.6;62.5;76.9;73.9;74.3;19.1 °C;17;17.5;17.8;17.8;17.6
2024-04-03 11:41:04;36.3;66.7;62.5;76.9;73.9;74.3;19.3 °C;17.1;17.5;17.8;17.8;17.6
2024-04-03 11:51:02;36.3;66.7;62.5;76.9;73.9;74.3;19.6 °C;17.1;17.5;17.7;17.8;17.6
2024-04-03 12:00:58;36.4;66.7;62.5;76.8;73.9;74.3;19.9 °C;17.3;17.5;17.7;17.8;17.6
2024-04-03 12:11:02;36.4;66.8;62.5;76.8;73.9;74.3;20.3 °C;17.3;17.5;17.7;17.8;17.6
2024-04-03 12:20:57;36.5;66.8;62.5;76.8;73.9;74.3;20.7 °C;17.4;17.5;17.6;17.7;17.6
2024-04-03 12:31:00;36.6;66.8;62.5;76.8;73.9;74.3;21.1 °C;17.5;17.5;17.6;17.7;17.6
2024-04-03 12:40:58;36.6;66.9;62.5;76.8;73.9;74.3;21.4 °C;17.6;17.5;17.6;17.7;17.6
2024-04-03 12:50:57;36.7;66.9;62.5;76.8;73.9;74.3;21.7 °C;17.7;17.5;17.6;17.7;17.6
2024-04-03 13:01:04;36.7;66.9;62.5;76.8;73.9;74.3;22.1 °C;17.8;17.6;17.6;17.7;17.6
2024-04-03 13:10:57;36.8;67.0;62.6;76.8;73.9;74.3;22.5 °C;17.9;17.6;17.6;17.7;17.6
2024-04-03 13:21:04;36.9;67.1;62.6;76.8;73.9;74.3;22.9 °C;18.1;17.6;17.6;17.7;17.6
2024-04-03 13:30:58;36.9;67.1;62.6;76.8;73.9;74.3;23.3 °C;18.2;17.6;17.6;17.6;17.6
2024-04-03 13:40:58;36.9;67.2;62.6;76.8;73.9;74.3;23.5 °C;18.3;17.6;17.6;17.6;17.6
2024-04-03 13:51:02;37.0;67.2;62.6;76.8;73.9;74.3;23.8 °C;18.4;17.6;17.6;17.6;17.6
2024-04-03 14:00:58;37.0;67.3;62.6;76.8;73.9;74.3;23.9 °C;18.6;17.7;17.6;17.6;17.6
2024-04-03 14:11:01;37.1;67.3;62.6;76.8;73.9;74.3;24.2 °C;18.7;17.7;17.6;17.6;17.6
2024-04-03 14:21:01;37.1;67.4;62.6;76.8;73.9;74.3;24.4 °C;18.9;17.8;17.5;17.6;17.6
2024-04-03 14:31:00;37.1;67.4;62.6;76.8;73.9;74.3;24.5 °C;19;17.8;17.5;17.6;17.6
2024-04-03 14:40:57;37.1;67.5;62.6;76.8;73.9;74.3;24.5 °C;19.1;17.8;17.5;17.6;17.6
2024-04-03 14:51:00;37.1;67.6;62.6;76.8;73.9;74.3;24.5 °C;19.3;17.8;17.5;17.6;17.6
2024-04-03 15:01:01;37.1;67.6;62.7;76.8;73.9;74.3;24.4 °C;19.4;17.9;17.5;17.6;17.6
2024-04-03 15:11:01;37.0;67.7;62.7;76.8;73.9;74.3;24.3 °C;19.6;17.9;17.5;17.6;17.5
2024-04-03 15:21:03;37.1;67.8;62.7;76.8;73.9;74.3;24.2 °C;19.7;18;17.6;17.6;17.5
2024-04-03 15:30:56;37.0;67.8;62.7;76.8;73.9;74.3;24.1 °C;19.8;18;17.6;17.6;17.5
2024-04-03 15:40:59;37;67.9;62.7;76.8;73.9;74.3;23.9 °C;19.9;18.1;17.6;17.6;17.5
2024-04-03 15:51:03;37.0;67.9;62.7;76.9;73.9;74.3;23.8 °C;20;18.1;17.6;17.6;17.5
2024-04-03 16:01:01;36.9;67.9;62.7;76.9;73.9;74.3;23.6 °C;20.1;18.2;17.6;17.6;17.5
2024-04-03 16:11:04;36.9;68.0;62.8;76.9;73.9;74.3;23.5 °C;20.2;18.3;17.6;17.6;17.5
2024-04-03 16:20:58;36.9;68.0;62.8;76.9;73.9;74.3;23.4 °C;20.3;18.3;17.6;17.6;17.5
2024-04-03 16:30:58;36.9;68.0;62.8;76.9;73.9;74.3;23.3 °C;20.3;18.3;17.6;17.5;17.5
2024-04-03 16:40:58;36.9;68.0;62.8;76.9;73.9;74.3;23.2 °C;20.4;18.4;17.6;17.5;17.5
2024-04-03 16:50:57;36.8;68.1;62.8;76.9;73.9;74.3;23.1 °C;20.4;18.4;17.6;17.5;17.5
2024-04-03 17:01:00;36.8;68.1;62.9;76.9;73.9;74.3;23.1 °C;20.4;18.5;17.6;17.5;17.5
2024-04-03 17:11:02;36.8;68.1;62.9;76.9;73.9;74.3;23 °C;20.5;18.6;17.6;17.5;17.5
2024-04-03 17:20:59;36.8;68.1;62.9;76.9;73.9;74.3;22.9 °C;20.6;18.6;17.7;17.5;17.5
2024-04-03 17:30:59;36.8;68.1;62.9;76.9;73.9;74.3;22.9 °C;20.6;18.6;17.7;17.5;17.5
2024-04-03 17:41:00;36.8;68.1;62.9;76.9;73.9;74.3;22.9 °C;20.6;18.7;17.7;17.5;17.5
2024-04-03 17:50:58;36.8;68.2;62.9;76.9;73.9;74.3;22.8 °C;20.6;18.8;17.7;17.5;17.5
2024-04-03 18:00:58;36.7;68.2;62.9;77.0;73.9;74.3;22.8 °C;20.6;18.8;17.8;17.5;17.5
2024-04-03 18:10:59;36.7;68.2;63.0;77.0;73.9;74.3;22.6 °C;20.7;18.8;17.8;17.5;17.5
2024-04-03 18:21:04;36.7;68.2;63.0;77.0;73.9;74.3;22.5 °C;20.7;18.9;17.8;17.5;17.5
2024-04-03 18:30:57;36.7;68.3;63.0;77.0;74.0;74.3;22.4 °C;20.7;18.9;17.8;17.6;17.5
2024-04-03 18:41:01;36.6;68.2;63.0;77.0;73.9;74.3;22.2 °C;20.7;18.9;17.8;17.6;17.5
2024-04-03 18:51:03;36.6;68.2;63.0;77.0;74.0;74.3;22 °C;20.8;18.9;17.8;17.6;17.5
2024-04-03 19:01:01;36.6;68.3;63.0;77.0;74.0;74.3;21.8 °C;20.8;19;17.9;17.6;17.5
2024-04-03 19:11:04;36.5;68.3;63.0;77.0;74.0;74.3;21.6 °C;20.7;19.1;17.9;17.6;17.4
2024-04-03 19:21:01;36.5;68.3;63.1;77.0;74.0;74.3;21.4 °C;20.7;19.1;17.9;17.6;17.4
2024-04-03 19:30:57;36.5;68.3;63.1;77.1;74.0;74.3;21.1 °C;20.7;19.1;17.9;17.6;17.4
2024-04-03 19:40:56;36.4;68.3;63.1;77.1;74.0;74.4;20.8 °C;20.7;19.1;17.9;17.6;17.4
2024-04-03 19:50:59;36.4;68.3;63.1;77.1;74.0;74.3;20.6 °C;20.7;19.1;17.9;17.6;17.4
2024-04-03 20:01:04;36.3;68.2;63.1;77.1;74.0;74.4;20.3 °C;20.6;19.2;18;17.6;17.4
2024-04-03 20:10:57;36.3;68.3;63.1;77.1;74.0;74.4;20.1 °C;20.6;19.2;18;17.6;17.4
2024-04-03 20:21:01;36.3;68.2;63.1;77.1;74.0;74.4;19.8 °C;20.6;19.2;18;17.6;17.4
2024-04-03 20:31:00;36.3;68.2;63.1;77.1;74.0;74.4;19.6 °C;20.6;19.3;18;17.6;17.4
2024-04-03 20:40:59;36.2;68.2;63.1;77.1;74.0;74.4;19.4 °C;20.5;19.3;18.1;17.6;17.4
2024-04-03 20:50:57;36.2;68.2;63.1;77.1;74.0;74.3;19.2 °C;20.4;19.3;18.1;17.6;17.4
2024-04-03 21:00:59;36.2;68.2;63.2;77.1;74.0;74.4;19 °C;20.4;19.3;18.1;17.6;17.4
2024-04-03 21:11:01;36.2;68.2;63.2;77.1;74.0;74.4;18.8 °C;20.3;19.3;18.1;17.6;17.4
2024-04-03 21:21:01;36.2;68.1;63.2;77.1;74.1;74.4;18.6 °C;20.3;19.3;18.1;17.6;17.5
2024-04-03 21:31:04;36.1;68.1;63.2;77.2;74.1;74.4;18.4 °C;20.2;19.3;18.1;17.6;17.5
2024-04-03 21:40:57;36.1;68.1;63.2;77.2;74.0;74.4;18.3 °C;20.1;19.3;18.1;17.6;17.5
2024-04-03 21:50:57;36.1;68.1;63.2;77.1;74.1;74.4;18.1 °C;20.1;19.3;18.2;17.7;17.5
2024-04-03 22:00:57;36.1;68.1;63.2;77.2;74.1;74.4;17.9 °C;20;19.3;18.2;17.7;17.5
2024-04-03 22:10:57;36.1;68.0;63.2;77.2;74.1;74.4;17.8 °C;19.9;19.3;18.2;17.7;17.5
2024-04-03 22:21:04;36.1;68.0;63.2;77.2;74.1;74.4;17.6 °C;19.9;19.3;18.2;17.7;17.5
2024-04-03 22:30:58;36.1;68.0;63.2;77.2;74.1;74.4;17.5 °C;19.8;19.3;18.3;17.7;17.5
2024-04-03 22:41:01;36.1;68.0;63.2;77.2;74.1;74.4;17.4 °C;19.8;19.3;18.3;17.7;17.5
2024-04-03 22:51:01;36.0;68.0;63.2;77.2;74.1;74.4;17.3 °C;19.7;19.3;18.3;17.7;17.5
2024-04-03 23:00:57;36.0;67.9;63.2;77.2;74.1;74.4;17.1 °C;19.6;19.3;18.3;17.8;17.5
2024-04-03 23:11:00;36.0;67.9;63.2;77.2;74.1;74.4;16.9 °C;19.6;19.3;18.3;17.8;17.5
2024-04-03 23:20:58;36.0;67.9;63.2;77.2;74.1;74.4;16.8 °C;19.5;19.3;18.3;17.8;17.5
2024-04-03 23:31:02;36.0;67.9;63.2;77.3;74.1;74.4;16.8 °C;19.4;19.3;18.3;17.8;17.5
2024-04-03 23:40:59;36.0;67.8;63.2;77.3;74.1;74.4;16.6 °C;19.3;19.3;18.3;17.8;17.5
2024-04-03 23:51:01;36.0;67.8;63.2;77.3;74.1;74.4;16.5 °C;19.3;19.3;18.3;17.8;17.5
2024-04-04 00:01:00;36.0;67.8;63.2;77.3;74.1;74.4;16.4 °C;19.2;19.2;18.3;17.8;17.5
2024-04-04 00:10:59;35.9;67.8;63.2;77.3;74.1;74.4;16.3 °C;19.1;19.2;18.3;17.8;17.5
2024-04-04 00:20:57;36.0;67.7;63.1;77.3;74.1;74.4;16.2 °C;19.1;19.2;18.3;17.8;17.5
2024-04-04 00:30:56;35.9;67.7;63.2;77.3;74.1;74.4;16.1 °C;19;19.1;18.3;17.8;17.6
2024-04-04 00:40:59;35.9;67.7;63.2;77.3;74.1;74.4;15.9 °C;18.9;19.1;18.3;17.8;17.6
2024-04-04 00:50:57;35.9;67.7;63.1;77.3;74.1;74.4;15.8 °C;18.9;19.1;18.3;17.8;17.6
2024-04-04 01:01:01;35.9;67.7;63.1;77.3;74.2;74.5;15.7 °C;18.8;19.1;18.3;17.8;17.6
2024-04-04 01:11:00;35.9;67.6;63.1;77.3;74.2;74.5;15.6 °C;18.8;19.1;18.3;17.8;17.6
2024-04-04 01:21:02;35.9;67.6;63.1;77.3;74.1;74.4;15.5 °C;18.6;19.1;18.3;17.8;17.6
2024-04-04 01:30:58;35.9;67.6;63.1;77.3;74.2;74.5;15.4 °C;18.6;19;18.3;17.8;17.6
2024-04-04 01:41:02;35.9;67.6;63.1;77.3;74.2;74.4;15.3 °C;18.5;19;18.3;17.9;17.6
2024-04-04 01:51:03;35.8;67.6;63.1;77.3;74.2;74.5;15.1 °C;18.4;18.9;18.3;17.9;17.6
2024-04-04 02:01:01;35.8;67.5;63.1;77.3;74.2;74.5;15.1 °C;18.4;18.9;18.3;17.9;17.6
2024-04-04 02:11:01;35.8;67.5;63.1;77.3;74.2;74.5;14.9 °C;18.3;18.9;18.3;17.9;17.6
2024-04-04 02:20:57;35.9;67.5;63.1;77.3;74.2;74.5;14.8 °C;18.3;18.9;18.3;17.9;17.6
2024-04-04 02:30:56;35.8;67.5;63.1;77.3;74.2;74.5;14.8 °C;18.2;18.8;18.3;17.9;17.6
2024-04-04 02:40:58;35.9;67.5;63.0;77.3;74.2;74.5;14.6 °C;18.1;18.8;18.3;17.9;17.6
2024-04-04 02:51:02;35.9;67.4;63;77.3;74.2;74.5;14.5 °C;18.1;18.8;18.3;17.9;17.6
2024-04-04 03:00:56;35.8;67.4;63.0;77.3;74.2;74.5;14.4 °C;18;18.8;18.3;17.9;17.6
2024-04-04 03:11:02;35.8;67.4;63.0;77.3;74.2;74.5;14.4 °C;17.9;18.8;18.3;17.9;17.6
2024-04-04 03:20:58;35.8;67.4;63.0;77.3;74.2;74.5;14.3 °C;17.9;18.7;18.3;17.9;17.6
2024-04-04 03:31:03;35.8;67.4;63.0;77.3;74.2;74.5;14.3 °C;17.8;18.7;18.3;17.9;17.6
2024-04-04 03:40:57;35.8;67.3;63.0;77.3;74.2;74.5;14.2 °C;17.7;18.6;18.3;17.9;17.6
2024-04-04 03:50:56;35.8;67.3;63.0;77.3;74.2;74.5;14.1 °C;17.6;18.6;18.3;17.9;17.6
2024-04-04 04:01:03;35.8;67.3;62.9;77.3;74.2;74.5;14.1 °C;17.6;18.6;18.3;17.9;17.6
2024-04-04 04:11:00;35.8;67.3;63.0;77.3;74.2;74.5;13.9 °C;17.5;18.5;18.3;17.9;17.6
2024-04-04 04:21:03;35.8;67.3;62.9;77.3;74.2;74.5;13.9 °C;17.4;18.5;18.3;17.9;17.6
2024-04-04 04:30:57;35.8;67.3;62.9;77.3;74.3;74.5;13.8 °C;17.4;18.4;18.3;17.9;17.6
2024-04-04 04:40:57;35.8;67.3;62.9;77.3;74.2;74.5;13.8 °C;17.3;18.4;18.2;17.9;17.6
2024-04-04 04:50:56;35.8;67.2;62.9;77.3;74.2;74.5;13.7 °C;17.3;18.4;18.2;17.9;17.6
2024-04-04 05:00:56;35.8;67.2;62.9;77.3;74.2;74.5;13.6 °C;17.2;18.4;18.2;17.9;17.6
2024-04-04 05:11:02;35.8;67.2;62.9;77.2;74.2;74.5;13.6 °C;17.1;18.3;18.2;17.9;17.6
2024-04-04 05:20:58;35.8;67.2;62.9;77.3;74.3;74.5;13.5 °C;17.1;18.3;18.2;17.9;17.6
2024-04-04 05:30:58;35.8;67.2;62.9;77.3;74.2;74.5;13.4 °C;17.1;18.3;18.1;17.9;17.6
2024-04-04 05:40:55;35.8;67.2;62.8;77.2;74.2;74.5;13.4 °C;17;18.2;18.1;17.9;17.6
2024-04-04 05:50:57;35.8;67.2;62.8;77.2;74.2;74.5;13.4 °C;16.9;18.2;18.1;17.9;17.6
2024-04-04 06:00:57;35.8;67.1;62.9;77.2;74.3;74.5;13.3 °C;16.9;18.1;18.1;17.9;17.6
2024-04-04 06:10:58;35.8;67.1;62.8;77.2;74.3;74.5;13.3 °C;16.8;18.1;18.1;17.9;17.6
2024-04-04 06:20:58;35.8;67.1;62.8;77.2;74.2;74.5;13.2 °C;16.8;18.1;18.1;17.9;17.6
2024-04-04 06:30:59;35.8;67.1;62.8;77.2;74.2;74.5;13.2 °C;16.7;18.1;18.1;17.9;17.6
2024-04-04 06:40:57;35.8;67.1;62.8;77.2;74.2;74.5;13.1 °C;16.6;18;18.1;17.9;17.6
2024-04-04 06:51:00;35.8;67.1;62.8;77.2;74.3;74.5;13.1 °C;16.6;17.9;18;17.9;17.6
2024-04-04 07:00:59;35.8;67.0;62.8;77.2;74.2;74.5;13.1 °C;16.6;17.9;18;17.9;17.6
2024-04-04 07:11:02;35.8;67.0;62.8;77.2;74.3;74.5;13.1 °C;16.5;17.9;18;17.9;17.6
2024-04-04 07:20:58;35.8;67.0;62.8;77.2;74.3;74.5;13.1 °C;16.4;17.9;17.9;17.9;17.6
2024-04-04 07:31:02;35.8;67.0;62.8;77.2;74.3;74.5;13.1 °C;16.4;17.8;17.9;17.9;17.6
2024-04-04 07:40:59;35.8;67;62.7;77.2;74.2;74.5;13.3 °C;16.3;17.8;17.9;17.8;17.6
2024-04-04 07:50:57;35.8;67.0;62.8;77.2;74.2;74.5;13.4 °C;16.3;17.8;17.9;17.8;17.7
2024-04-04 08:00:57;35.8;66.9;62.8;77.2;74.2;74.5;13.5 °C;16.3;17.7;17.9;17.8;17.6
2024-04-04 08:11:01;35.8;67.0;62.7;77.2;74.2;74.5;13.7 °C;16.2;17.7;17.9;17.8;17.6
2024-04-04 08:21:01;35.9;67.0;62.7;77.2;74.2;74.5;13.9 °C;16.2;17.6;17.9;17.8;17.6
2024-04-04 08:30:58;35.9;66.9;62.7;77.2;74.2;74.5;14.2 °C;16.1;17.6;17.9;17.8;17.7
2024-04-04 08:40:58;36.0;66.9;62.7;77.1;74.2;74.5;14.4 °C;16.1;17.6;17.8;17.8;17.7
2024-04-04 08:50:59;36.0;66.9;62.7;77.1;74.2;74.5;14.7 °C;16.1;17.6;17.8;17.8;17.6
2024-04-04 09:00:58;36.0;66.9;62.7;77.1;74.2;74.5;15 °C;16.1;17.5;17.8;17.8;17.6
2024-04-04 09:10:58;36.0;66.9;62.7;77.1;74.2;74.5;15.3 °C;16.1;17.5;17.8;17.8;17.6
2024-04-04 09:20:59;36.1;66.9;62.7;77.1;74.2;74.5;15.6 °C;16.1;17.4;17.8;17.8;17.6
2024-04-04 09:31:01;36.1;66.9;62.7;77.1;74.2;74.5;15.9 °C;16.1;17.4;17.8;17.8;17.6
2024-04-04 09:41:01;36.1;67.0;62.7;77.1;74.2;74.5;16.1 °C;16.1;17.4;17.7;17.8;17.6
2024-04-04 09:51:00;36.2;67.0;62.7;77.1;74.2;74.5;16.4 °C;16.1;17.4;17.7;17.8;17.6
2024-04-04 10:00:59;36.2;67.0;62.7;77.1;74.2;74.5;16.8 °C;16.1;17.3;17.7;17.8;17.6
2024-04-04 10:10:58;36.2;67.0;62.6;77.1;74.2;74.5;17.1 °C;16.1;17.3;17.6;17.8;17.6
2024-04-04 10:21:03;36.2;67.0;62.6;77.1;74.2;74.5;17.3 °C;16.1;17.3;17.6;17.8;17.6
2024-04-04 10:31:01;36.3;67.0;62.6;77.1;74.2;74.5;17.6 °C;16.2;17.3;17.6;17.8;17.6
2024-04-04 10:40:56;36.3;67.0;62.6;77.1;74.2;74.5;17.8 °C;16.3;17.3;17.6;17.7;17.6
2024-04-04 10:50:59;36.3;67.0;62.6;77.1;74.2;74.5;18.1 °C;16.3;17.2;17.6;17.7;17.6
2024-04-04 11:00:58;36.4;67.1;62.6;77.1;74.2;74.5;18.3 °C;16.4;17.2;17.6;17.7;17.6
2024-04-04 11:11:02;36.4;67.1;62.6;77.0;74.2;74.5;18.4 °C;16.4;17.2;17.6;17.7;17.6
2024-04-04 11:20:56;36.4;67.1;62.6;77.0;74.2;74.5;18.6 °C;16.5;17.2;17.5;17.7;17.6
2024-04-04 11:30:55;36.4;67.2;62.7;77.0;74.2;74.5;18.6 °C;16.6;17.1;17.5;17.7;17.6
2024-04-04 11:41:02;36.4;67.2;62.7;77.0;74.2;74.5;18.7 °C;16.6;17.1;17.5;17.7;17.6
2024-04-04 11:51:02;36.5;67.2;62.7;77.0;74.2;74.5;19 °C;16.8;17.1;17.4;17.6;17.6
2024-04-04 12:00:56;36.5;67.2;62.7;77.0;74.2;74.5;19.4 °C;16.8;17.1;17.4;17.6;17.6
2024-04-04 12:11:03;36.6;67.3;62.7;77.0;74.2;74.5;19.9 °C;16.9;17.1;17.4;17.6;17.6
2024-04-04 12:21:01;36.7;67.3;62.7;77.0;74.2;74.5;20.4 °C;17;17.1;17.4;17.6;17.6
2024-04-04 12:30:56;36.7;67.3;62.7;77.0;74.2;74.5;21.1 °C;17.1;17.1;17.4;17.6;17.6
2024-04-04 12:41:00;36.8;67.3;62.7;77.0;74.2;74.5;21.6 °C;17.2;17.2;17.4;17.6;17.6
2024-04-04 12:50:55;36.9;67.4;62.6;77.0;74.2;74.5;22.2 °C;17.3;17.2;17.4;17.6;17.6
2024-04-04 13:00:57;37.0;67.4;62.7;77.0;74.2;74.5;22.7 °C;17.4;17.2;17.4;17.6;17.6
2024-04-04 13:10:58;37.1;67.5;62.7;77.0;74.2;74.5;23.1 °C;17.6;17.2;17.4;17.6;17.6
2024-04-04 13:20:59;37.1;67.5;62.7;77.0;74.2;74.5;23.6 °C;17.7;17.3;17.4;17.6;17.6
2024-04-04 13:31:01;37.2;67.6;62.7;77.0;74.2;74.5;24 °C;17.8;17.3;17.3;17.6;17.6
2024-04-04 13:40:58;37.2;67.7;62.7;77.0;74.1;74.5;24.4 °C;18;17.3;17.3;17.6;17.6
2024-04-04 13:50:59;37.2;67.7;62.7;77.0;74.1;74.5;24.8 °C;18.1;17.3;17.3;17.5;17.6
2024-04-04 14:01:01;37.3;67.8;62.7;77.0;74.1;74.5;25.1 °C;18.3;17.3;17.3;17.5;17.6
2024-04-04 14:10:57;37.3;67.8;62.7;77.0;74.1;74.5;25.4 °C;18.4;17.4;17.3;17.5;17.6
2024-04-04 14:21:01;37.4;67.9;62.8;77.0;74.1;74.5;25.8 °C;18.6;17.4;17.3;17.5;17.6
2024-04-04 14:31:00;37.4;67.9;62.7;77.0;74.1;74.5;26.1 °C;18.8;17.4;17.3;17.5;17.6
2024-04-04 14:40:56;37.5;68.0;62.8;77.0;74.1;74.5;26.3 °C;19;17.5;17.3;17.5;17.6
2024-04-04 14:51:00;37.5;68.1;62.8;77.0;74.1;74.5;26.6 °C;19.2;17.6;17.3;17.5;17.6
2024-04-04 15:00:58;37.6;68.2;62.8;77.0;74.1;74.5;26.9 °C;19.4;17.6;17.3;17.5;17.6
2024-04-04 15:11:00;37.5;68.2;62.8;77.0;74.1;74.5;27.1 °C;19.6;17.6;17.3;17.4;17.6
2024-04-04 15:20:59;37.5;68.3;62.8;77.0;74.1;74.5;27.3 °C;19.7;17.7;17.3;17.4;17.6
2024-04-04 15:30:58;37.6;68.4;62.8;77.0;74.1;74.4;27.4 °C;19.9;17.8;17.3;17.4;17.5
2024-04-04 15:40:56;37.6;68.5;62.8;77.0;74.1;74.4;27.6 °C;20.1;17.8;17.3;17.4;17.5
2024-04-04 15:50:55;37.6;68.5;62.8;77.0;74.1;74.4;27.7 °C;20.3;17.9;17.3;17.4;17.5
2024-04-04 16:00:58;37.6;68.6;62.9;77.0;74.1;74.4;27.8 °C;20.4;17.9;17.4;17.4;17.5
2024-04-04 16:10:56;37.6;68.6;62.9;77.0;74.1;74.4;27.9 °C;20.6;18;17.4;17.4;17.5
2024-04-04 16:21:03;37.5;68.7;62.9;77.0;74.1;74.4;28 °C;20.8;18.1;17.4;17.4;17.5
2024-04-04 16:30:56;37.6;68.8;62.9;77.0;74.1;74.4;28 °C;20.9;18.2;17.4;17.4;17.5
2024-04-04 16:41:00;37.6;68.8;62.9;77.0;74.1;74.4;28 °C;21.1;18.3;17.4;17.4;17.5
2024-04-04 16:50:59;37.5;68.9;63.0;77.0;74.1;74.4;28 °C;21.2;18.3;17.4;17.4;17.5
2024-04-04 17:00:57;37.5;68.9;63.0;77.0;74.1;74.5;28 °C;21.3;18.4;17.4;17.4;17.5
2024-04-04 17:10:59;37.5;69.0;63.0;77.0;74.1;74.4;27.9 °C;21.4;18.4;17.4;17.4;17.5
2024-04-04 17:21:00;37.5;69.0;63.0;77.0;74.1;74.4;27.9 °C;21.6;18.5;17.5;17.4;17.5
2024-04-04 17:30:56;37.5;69.1;63.0;77.0;74.1;74.4;27.8 °C;21.7;18.6;17.5;17.4;17.5
2024-04-04 17:41:00;37.4;69.1;63.1;77.0;74.1;74.5;27.6 °C;21.8;18.7;17.5;17.4;17.5
2024-04-04 17:50:59;37.3;69.1;63.1;77.0;74.1;74.5;27.4 °C;21.9;18.8;17.6;17.4;17.5
2024-04-04 18:00:57;37.3;69.2;63.1;77.1;74.1;74.4;27.1 °C;22;18.8;17.6;17.4;17.4
2024-04-04 18:10:58;37.2;69.2;63.2;77.1;74.1;74.5;26.7 °C;22.1;18.9;17.6;17.4;17.5
2024-04-04 18:21:00;37.2;69.2;63.2;77.1;74.1;74.4;26.4 °C;22.1;19;17.6;17.4;17.4
2024-04-04 18:30:55;37.1;69.3;63.2;77.1;74.1;74.5;26.1 °C;22.2;19.1;17.7;17.4;17.4
2024-04-04 18:41:02;37.1;69.3;63.2;77.1;74.1;74.5;25.8 °C;22.3;19.1;17.7;17.4;17.4
2024-04-04 18:50:56;37.0;69.3;63.2;77.1;74.1;74.5;25.4 °C;22.3;19.2;17.8;17.4;17.4
2024-04-04 19:00:56;37.0;69.3;63.3;77.1;74.1;74.5;25.1 °C;22.3;19.3;17.8;17.4;17.4
2024-04-04 19:10:59;36.9;69.3;63.3;77.1;74.1;74.5;24.8 °C;22.3;19.3;17.8;17.4;17.4
2024-04-04 19:20:58;36.8;69.3;63.3;77.1;74.1;74.5;24.5 °C;22.4;19.4;17.8;17.5;17.4
2024-04-04 19:30:55;36.8;69.3;63.3;77.2;74.1;74.5;24.2 °C;22.4;19.4;17.9;17.5;17.4
2024-04-04 19:41:02;36.8;69.3;63.4;77.2;74.2;74.5;23.9 °C;22.4;19.5;17.9;17.5;17.4
2024-04-04 19:51:00;36.7;69.3;63.4;77.2;74.2;74.5;23.6 °C;22.3;19.6;17.9;17.5;17.4
2024-04-04 20:01:00;36.6;69.3;63.4;77.2;74.2;74.5;23.3 °C;22.3;19.6;17.9;17.5;17.4
2024-04-04 20:10:59;36.6;69.3;63.4;77.2;74.2;74.5;22.9 °C;22.3;19.7;18;17.5;17.4
2024-04-04 20:20:58;36.6;69.3;63.4;77.2;74.2;74.5;22.6 °C;22.3;19.8;18;17.5;17.4
2024-04-04 20:30:59;36.5;69.3;63.5;77.3;74.2;74.5;22.4 °C;22.2;19.8;18.1;17.6;17.4
2024-04-04 20:40:58;36.5;69.2;63.5;77.3;74.2;74.5;22.1 °C;22.2;19.8;18.1;17.6;17.4
2024-04-04 20:50:59;36.4;69.2;63.5;77.3;74.2;74.5;21.8 °C;22.1;19.8;18.1;17.6;17.4
2024-04-04 21:01:01;36.4;69.2;63.5;77.3;74.2;74.5;21.6 °C;22.1;19.9;18.1;17.6;17.4
2024-04-04 21:10:58;36.4;69.2;63.5;77.3;74.2;74.5;21.3 °C;22;19.9;18.2;17.6;17.5
2024-04-04 21:21:00;36.3;69.2;63.5;77.3;74.2;74.5;21.1 °C;21.9;19.9;18.2;17.6;17.5
2024-04-04 21:31:01;36.3;69.1;63.5;77.4;74.2;74.5;20.8 °C;21.9;19.9;18.3;17.6;17.5
2024-04-04 21:41:01;36.2;69.1;63.5;77.4;74.2;74.5;20.6 °C;21.8;20;18.3;17.6;17.5
2024-04-04 21:51:01;36.2;69.1;63.5;77.4;74.2;74.5;20.4 °C;21.8;20;18.3;17.6;17.5
2024-04-04 22:01:02;36.2;69.1;63.5;77.4;74.2;74.5;20.2 °C;21.6;20;18.3;17.7;17.5
2024-04-04 22:10:59;36.1;69.0;63.6;77.4;74.3;74.5;20 °C;21.6;20;18.4;17.7;17.5
2024-04-04 22:20:58;36.1;69.0;63.6;77.4;74.2;74.5;19.8 °C;21.5;20.1;18.4;17.7;17.5
2024-04-04 22:30:59;36.1;69.0;63.6;77.5;74.3;74.5;19.7 °C;21.4;20.1;18.4;17.7;17.5
2024-04-04 22:40:57;36.1;68.9;63.6;77.5;74.3;74.5;19.6 °C;21.3;20.1;18.4;17.7;17.5
2024-04-04 22:51:02;36.1;68.9;63.6;77.5;74.3;74.5;19.4 °C;21.3;20.1;18.4;17.8;17.5
2024-04-04 23:00:55;36.1;68.9;63.6;77.5;74.3;74.5;19.3 °C;21.2;20.1;18.5;17.8;17.5
2024-04-04 23:10:58;36.1;68.9;63.6;77.5;74.3;74.5;19.1 °C;21.1;20.1;18.5;17.8;17.5
2024-04-04 23:20:56;36.2;68.9;63.6;77.5;74.3;74.5;18.9 °C;21.1;20.1;18.6;17.8;17.5
2024-04-04 23:30:56;36.2;68.8;63.6;77.5;74.3;74.5;18.8 °C;20.9;20.1;18.6;17.8;17.5
2024-04-04 23:41:00;36;68.8;63.6;77.5;74.3;74.5;18.7 °C;20.9;20.1;18.6;17.8;17.6
2024-04-04 23:51:00;36.0;68.8;63.6;77.5;74.3;74.5;18.5 °C;20.8;20;18.6;17.8;17.6
2024-04-05 00:01:00;35.9;68.7;63.6;77.5;74.3;74.5;18.4 °C;20.7;20;18.6;17.8;17.6
2024-04-05 00:10:59;36.0;68.7;63.6;77.5;74.3;74.6;18.2 °C;20.6;20;18.6;17.9;17.6
2024-04-05 00:20:57;36.0;68.7;63.6;77.6;74.4;74.5;18.1 °C;20.6;20;18.6;17.9;17.6
2024-04-05 00:30:58;35.9;68.7;63.6;77.6;74.3;74.6;17.9 °C;20.5;20;18.6;17.9;17.6
2024-04-05 00:40:57;35.9;68.6;63.5;77.6;74.4;74.6;17.8 °C;20.4;19.9;18.7;17.9;17.6
2024-04-05 00:51:01;35.9;68.6;63.5;77.6;74.4;74.6;17.7 °C;20.3;19.9;18.7;17.9;17.6
2024-04-05 01:00:55;35.9;68.6;63.5;77.6;74.4;74.6;17.6 °C;20.3;19.9;18.7;17.9;17.6
2024-04-05 01:10:57;36.0;68.5;63.6;77.6;74.4;74.6;17.4 °C;20.2;19.9;18.7;17.9;17.6
2024-04-05 01:20:55;36.0;68.5;63.6;77.6;74.4;74.5;17.3 °C;20.1;19.9;18.7;17.9;17.6
2024-04-05 01:30:57;35.8;68.5;63.5;77.6;74.4;74.5;17.2 °C;20;19.9;18.7;17.9;17.6
2024-04-05 01:40:54;35.8;68.5;63.5;77.6;74.4;74.6;17.1 °C;19.9;19.8;18.7;17.9;17.6
2024-04-05 01:51:01;35.8;68.4;63.5;77.6;74.4;74.5;17 °C;19.9;19.8;18.7;18;17.6
2024-04-05 02:00:57;35.8;68.4;63.5;77.6;74.4;74.6;16.9 °C;19.8;19.8;18.8;18;17.6
2024-04-05 02:10:55;35.8;68.4;63.5;77.6;74.4;74.6;16.8 °C;19.8;19.8;18.8;18;17.6
2024-04-05 02:21:01;35.8;68.4;63.5;77.6;74.4;74.6;16.7 °C;19.6;19.8;18.8;18;17.6
2024-04-05 02:30:58;35.8;68.3;63.5;77.6;74.4;74.6;16.6 °C;19.6;19.7;18.8;18;17.6
2024-04-05 02:41:01;35.8;68.3;63.5;77.6;74.4;74.6;16.5 °C;19.5;19.7;18.8;18;17.6
2024-04-05 02:50:57;35.8;68.3;63.4;77.6;74.4;74.6;16.4 °C;19.4;19.6;18.8;18.1;17.7
2024-04-05 03:00:59;35.8;68.3;63.5;77.6;74.4;74.6;16.3 °C;19.4;19.6;18.8;18.1;17.7
2024-04-05 03:10:57;35.8;68.3;63.4;77.6;74.4;74.6;16.2 °C;19.3;19.6;18.8;18.1;17.7
2024-04-05 03:20:59;35.7;68.2;63.4;77.6;74.4;74.6;16.1 °C;19.2;19.6;18.8;18.1;17.7
2024-04-05 03:31:01;35.7;68.2;63.4;77.6;74.5;74.6;16 °C;19.1;19.6;18.8;18.1;17.7
2024-04-05 03:40:58;35.7;68.2;63.4;77.6;74.5;74.6;15.9 °C;19.1;19.5;18.8;18.1;17.7
2024-04-05 03:51:00;35.7;68.2;63.4;77.6;74.5;74.6;15.8 °C;19;19.5;18.8;18.1;17.7
2024-04-05 04:01:00;35.7;68.2;63.4;77.6;74.5;74.6;15.8 °C;18.9;19.4;18.8;18.1;17.7
2024-04-05 04:11:00;35.7;68.1;63.4;77.6;74.5;74.6;15.6 °C;18.9;19.4;18.7;18.1;17.7
2024-04-05 04:21:00;35.7;68.1;63.4;77.6;74.5;74.6;15.6 °C;18.8;19.4;18.7;18.1;17.7
2024-04-05 04:31:00;35.6;68.1;63.4;77.6;74.5;74.6;15.5 °C;18.8;19.3;18.7;18.1;17.8
2024-04-05 04:41:00;35.6;68.1;63.4;77.6;74.5;74.6;15.4 °C;18.7;19.3;18.7;18.1;17.8
2024-04-05 04:51:01;35.6;68.0;63.3;77.6;74.5;74.6;15.3 °C;18.6;19.3;18.7;18.1;17.8
2024-04-05 05:00:58;35.6;68.0;63.3;77.6;74.5;74.6;15.2 °C;18.6;19.3;18.7;18.1;17.8
2024-04-05 05:10:57;35.6;68.0;63.3;77.6;74.5;74.6;15.1 °C;18.5;19.2;18.7;18.1;17.8
2024-04-05 05:21:01;35.6;68.0;63.3;77.6;74.5;74.6;15.1 °C;18.4;19.2;18.7;18.1;17.8
2024-04-05 05:30:59;35.6;68.0;63.3;77.6;74.5;74.6;15 °C;18.3;19.1;18.7;18.1;17.8
2024-04-05 05:40:58;35.6;67.9;63.3;77.6;74.5;74.7;14.9 °C;18.3;19.1;18.6;18.1;17.8
2024-04-05 05:50:56;35.6;67.9;63.3;77.6;74.5;74.6;14.8 °C;18.3;19.1;18.6;18.1;17.8
2024-04-05 06:00:56;35.6;67.9;63.3;77.6;74.5;74.6;14.7 °C;18.1;19.1;18.6;18.1;17.8
2024-04-05 06:10:56;35.6;67.9;63.3;77.6;74.5;74.6;14.6 °C;18.1;19;18.6;18.1;17.8
2024-04-05 06:21:00;35.6;67.9;63.2;77.6;74.5;74.6;14.6 °C;18;18.9;18.6;18.1;17.8
2024-04-05 06:31:00;35.6;67.9;63.2;77.6;74.5;74.6;14.5 °C;17.9;18.9;18.6;18.1;17.8
2024-04-05 06:41:00;35.6;67.8;63.2;77.6;74.5;74.6;14.4 °C;17.9;18.9;18.6;18.1;17.8
2024-04-05 06:50:59;35.5;67.8;63.2;77.5;74.5;74.6;14.4 °C;17.8;18.9;18.6;18.1;17.8
2024-04-05 07:00:55;35.5;67.8;63.2;77.5;74.5;74.6;14.3 °C;17.8;18.8;18.6;18.1;17.8
2024-04-05 07:10:58;35.5;67.8;63.2;77.5;74.5;74.6;14.3 °C;17.8;18.8;18.6;18.1;17.8
2024-04-05 07:21:00;35.5;67.8;63.2;77.6;74.5;74.6;14.3 °C;17.7;18.8;18.5;18.1;17.8
2024-04-05 07:30:56;35.5;67.7;63.2;77.6;74.5;74.6;14.4 °C;17.6;18.7;18.5;18.1;17.8
2024-04-05 07:40:59;35.5;67.7;63.2;77.5;74.5;74.6;14.4 °C;17.6;18.7;18.5;18.1;17.8
2024-04-05 07:50:59;35.5;67.7;63.1;77.5;74.5;74.7;14.5 °C;17.5;18.6;18.5;18.1;17.8
2024-04-05 08:00:54;35.6;67.7;63.1;77.5;74.5;74.6;14.7 °C;17.4;18.6;18.4;18.1;17.8
2024-04-05 08:11:01;35.6;67.7;63.1;77.5;74.5;74.6;14.9 °C;17.4;18.6;18.4;18.1;17.8
2024-04-05 08:20:58;35.6;67.7;63.1;77.5;74.5;74.6;15.1 °C;17.4;18.6;18.4;18.1;17.8
2024-04-05 08:30:56;35.7;67.7;63.1;77.5;74.5;74.6;15.4 °C;17.3;18.5;18.4;18.1;17.8
2024-04-05 08:40:57;35.7;67.6;63.1;77.5;74.5;74.6;15.6 °C;17.3;18.4;18.4;18.1;17.8
2024-04-05 08:50:58;35.7;67.7;63.1;77.5;74.5;74.6;15.8 °C;17.3;18.4;18.4;18.1;17.8
2024-04-05 09:00:57;35.7;67.6;63.1;77.5;74.5;74.6;16.1 °C;17.2;18.4;18.4;18.1;17.8
2024-04-05 09:10:54;35.8;67.6;63.0;77.5;74.5;74.6;16.4 °C;17.2;18.4;18.4;18.1;17.8
2024-04-05 09:21:01;35.8;67.6;63.0;77.5;74.5;74.6;16.7 °C;17.2;18.3;18.3;18.1;17.8
2024-04-05 09:30:59;35.8;67.6;63.0;77.5;74.5;74.6;17 °C;17.2;18.3;18.3;18.1;17.8
2024-04-05 09:41:02;35.8;67.6;63.0;77.5;74.5;74.7;17.3 °C;17.2;18.3;18.3;18.1;17.8
2024-04-05 09:50:56;35.8;67.6;63.0;77.4;74.5;74.7;17.6 °C;17.2;18.3;18.3;18.1;17.9
2024-04-05 10:00:56;35.9;67.6;63.0;77.4;74.5;74.6;17.9 °C;17.2;18.2;18.3;18.1;17.9
2024-04-05 10:10:56;35.9;67.6;63.0;77.4;74.5;74.6;18.3 °C;17.2;18.2;18.3;18.1;17.9
2024-04-05 10:20:55;35.9;67.7;63.0;77.4;74.5;74.6;18.6 °C;17.3;18.1;18.3;18.1;17.8
2024-04-05 10:30:59;36.0;67.7;63.0;77.4;74.5;74.7;18.8 °C;17.3;18.1;18.2;18.1;17.9
2024-04-05 10:40:59;36.0;67.7;63.0;77.4;74.5;74.7;19.1 °C;17.3;18.1;18.2;18.1;17.8
2024-04-05 10:50:58;36.0;67.7;63.0;77.4;74.5;74.7;19.3 °C;17.4;18.1;18.2;18.1;17.9
2024-04-05 11:01:00;36.0;67.7;63.0;77.4;74.4;74.6;19.6 °C;17.4;18.1;18.1;18.1;17.9
2024-04-05 11:11:00;36.0;67.8;62.9;77.4;74.4;74.7;19.8 °C;17.5;18.1;18.1;18.1;17.9
2024-04-05 11:21:00;36.0;67.8;63.0;77.4;74.4;74.7;19.9 °C;17.6;18;18.1;18.1;17.8
2024-04-05 11:31:00;36.0;67.8;63.0;77.4;74.4;74.6;19.9 °C;17.6;18;18.1;18.1;17.8
2024-04-05 11:41:00;36.1;67.8;62.9;77.4;74.4;74.6;20 °C;17.7;18;18.1;18;17.8
2024-04-05 11:51:01;36.1;67.8;63.0;77.4;74.4;74.6;20.3 °C;17.8;18;18.1;18;17.9
2024-04-05 12:00:59;36.2;67.9;62.9;77.3;74.4;74.6;20.7 °C;17.9;18;18.1;18;17.8
2024-04-05 12:10:54;36.2;67.9;62.9;77.3;74.4;74.6;21.2 °C;17.9;18;18.1;18;17.8
2024-04-05 12:20:57;36.3;67.9;62.9;77.3;74.4;74.6;21.8 °C;18.1;18;18;18;17.9
2024-04-05 12:30:58;36.3;68.0;63.0;77.3;74.4;74.6;22.3 °C;18.1;18;18;18;17.8
2024-04-05 12:40:56;36.4;68.0;62.9;77.3;74.4;74.6;22.8 °C;18.3;18;18;18;17.8
2024-04-05 12:50:57;36.5;68.0;63.0;77.3;74.4;74.6;23.4 °C;18.3;18;18;18;17.8
2024-04-05 13:00:55;36.5;68.1;63.0;77.3;74.4;74.6;23.9 °C;18.4;18.1;18;18;17.8
2024-04-05 13:10:55;36.6;68.1;63.0;77.3;74.4;74.6;24.4 °C;18.6;18.1;17.9;17.9;17.8
2024-04-05 13:20:59;36.6;68.2;63.0;77.3;74.4;74.6;24.9 °C;18.7;18.1;17.9;17.9;17.8
2024-04-05 13:30:59;36.7;68.2;63.0;77.3;74.4;74.6;25.4 °C;18.9;18.1;17.9;17.9;17.8
2024-04-05 13:40:59;36.8;68.2;63.0;77.3;74.4;74.6;25.8 °C;19;18.1;17.9;17.9;17.8
2024-04-05 13:50:59;36.8;68.3;63.0;77.3;74.4;74.6;26.1 °C;19.1;18.1;17.9;17.9;17.8
2024-04-05 14:00:54;36.8;68.4;63.0;77.3;74.4;74.6;26.4 °C;19.3;18.2;17.9;17.9;17.8
2024-04-05 14:10:57;36.8;68.4;63.0;77.3;74.4;74.6;26.8 °C;19.5;18.2;17.9;17.9;17.8
2024-04-05 14:20:59;36.9;68.5;63.0;77.3;74.4;74.6;27.1 °C;19.7;18.3;17.9;17.9;17.8
2024-04-05 14:30:54;36.9;68.6;63.0;77.3;74.4;74.6;27.4 °C;19.8;18.3;17.9;17.9;17.8
2024-04-05 14:41:00;37.0;68.6;63.0;77.3;74.4;74.6;27.7 °C;20;18.3;17.9;17.9;17.8
2024-04-05 14:50:57;37.0;68.7;63;77.3;74.4;74.6;27.9 °C;20.2;18.4;17.9;17.9;17.8
2024-04-05 15:00:58;37.0;68.7;63.0;77.3;74.4;74.6;28 °C;20.4;18.4;17.9;17.9;17.8
2024-04-05 15:11:01;36.9;68.8;63.1;77.3;74.4;74.6;28 °C;20.6;18.4;17.9;17.9;17.8
2024-04-05 15:20:58;36.9;68.9;63.1;77.3;74.4;74.6;28 °C;20.7;18.5;17.9;17.9;17.8
2024-04-05 15:31:00;36.9;68.9;63.1;77.3;74.3;74.6;28 °C;20.9;18.6;17.9;17.9;17.8
2024-04-05 15:41:01;36.9;69.0;63.1;77.3;74.4;74.6;28 °C;21.1;18.6;17.9;17.9;17.8
2024-04-05 15:50:58;36.9;69.0;63.1;77.3;74.4;74.6;28 °C;21.2;18.7;17.9;17.9;17.8
2024-04-05 16:00:57;36.8;69.1;63.1;77.3;74.4;74.6;28 °C;21.3;18.8;18;17.9;17.8
2024-04-05 16:10:58;36.8;69.1;63.2;77.3;74.4;74.6;27.9 °C;21.5;18.8;18;17.9;17.8
2024-04-05 16:20:56;36.8;69.2;63.2;77.3;74.3;74.6;27.9 °C;21.6;18.9;18;17.9;17.8
2024-04-05 16:30:57;36.8;69.3;63.2;77.3;74.3;74.6;27.9 °C;21.8;18.9;18;17.9;17.8
2024-04-05 16:40:59;36.8;69.3;63.2;77.3;74.4;74.6;27.9 °C;21.9;19;18;17.9;17.8
2024-04-05 16:51:00;36.8;69.3;63.2;77.3;74.4;74.6;27.9 °C;21.9;19.1;18.1;17.9;17.8
2024-04-05 17:00:57;36.7;69.4;63.3;77.3;74.3;74.6;27.8 °C;22.1;19.2;18.1;17.9;17.8
2024-04-05 17:10:58;36.7;69.4;63.3;77.3;74.4;74.6;27.7 °C;22.2;19.3;18.1;17.9;17.8
2024-04-05 17:20:57;36.6;69.5;63.3;77.4;74.4;74.6;27.6 °C;22.3;19.3;18.1;17.9;17.8
2024-04-05 17:30:59;36.6;69.5;63.3;77.4;74.4;74.6;27.5 °C;22.3;19.4;18.1;17.9;17.8
2024-04-05 17:40:58;36.5;69.5;63.4;77.4;74.4;74.6;27.4 °C;22.4;19.4;18.1;17.9;17.8
2024-04-05 17:50:54;36.5;69.5;63.4;77.4;74.4;74.6;27.3 °C;22.5;19.5;18.2;17.9;17.8
2024-04-05 18:01:00;36.5;69.5;63.4;77.4;74.4;74.6;27.1 °C;22.6;19.6;18.2;17.9;17.8
2024-04-05 18:10:57;36.4;69.6;63.4;77.4;74.4;74.6;26.8 °C;22.6;19.6;18.3;17.9;17.8
2024-04-05 18:20:56;36.4;69.6;63.4;77.4;74.4;74.6;26.6 °C;22.7;19.7;18.3;17.9;17.8
2024-04-05 18:30:56;36.3;69.6;63.5;77.4;74.4;74.6;26.4 °C;22.7;19.8;18.3;17.9;17.8
2024-04-05 18:40:57;36.3;69.6;63.5;77.4;74.4;74.6;26.1 °C;22.8;19.8;18.3;17.9;17.8
2024-04-05 18:50:56;36.2;69.7;63.5;77.4;74.4;74.6;25.8 °C;22.8;19.9;18.3;17.9;17.8
2024-04-05 19:00:56;36.2;69.7;63.5;77.5;74.4;74.7;25.6 °C;22.8;19.9;18.4;17.9;17.8
2024-04-05 19:10:53;36.1;69.6;63.5;77.5;74.4;74.7;25.3 °C;22.8;20;18.4;17.9;17.8
2024-04-05 19:20:56;36.0;69.7;63.6;77.5;74.4;74.7;24.9 °C;22.8;20.1;18.4;17.9;17.8
2024-04-05 19:30:57;36.0;69.7;63.6;77.5;74.4;74.7;24.6 °C;22.8;20.1;18.4;17.9;17.8
2024-04-05 19:40:55;35.9;69.6;63.6;77.5;74.4;74.7;24.3 °C;22.8;20.2;18.5;17.9;17.8
2024-04-05 19:50:59;35.9;69.6;63.6;77.5;74.4;74.7;24 °C;22.8;20.2;18.5;17.9;17.8
2024-04-05 20:00:59;35.9;69.6;63.6;77.5;74.4;74.7;23.7 °C;22.8;20.3;18.6;17.9;17.8
2024-04-05 20:10:59;35.8;69.6;63.6;77.5;74.4;74.7;23.4 °C;22.8;20.3;18.6;17.9;17.8
2024-04-05 20:20:58;35.8;69.6;63.6;77.6;74.4;74.7;23.1 °C;22.8;20.3;18.6;18;17.8
2024-04-05 20:30:54;35.7;69.6;63.7;77.6;74.4;74.7;22.8 °C;22.7;20.4;18.6;18;17.8
2024-04-05 20:40:53;35.7;69.5;63.7;77.6;74.4;74.7;22.6 °C;22.6;20.4;18.7;18;17.8
2024-04-05 20:50:56;35.7;69.5;63.7;77.6;74.4;74.6;22.3 °C;22.6;20.4;18.7;18;17.8
2024-04-05 21:01:00;35.6;69.5;63.7;77.6;74.4;74.6;22.1 °C;22.6;20.5;18.8;18;17.8
2024-04-05 21:10:53;35.6;69.5;63.7;77.6;74.5;74.6;21.8 °C;22.5;20.5;18.8;18.1;17.8
2024-04-05 21:20:59;35.6;69.5;63.7;77.6;74.5;74.6;21.6 °C;22.4;20.5;18.8;18.1;17.8
2024-04-05 21:30:55;35.5;69.4;63.7;77.7;74.5;74.7;21.4 °C;22.4;20.6;18.8;18.1;17.8
2024-04-05 21:41:00;35.5;69.4;63.7;77.7;74.5;74.7;21.2 °C;22.3;20.6;18.8;18.1;17.8
2024-04-05 21:50:53;35.5;69.4;63.7;77.7;74.5;74.7;20.9 °C;22.3;20.6;18.9;18.1;17.8
2024-04-05 22:00:56;35.4;69.4;63.7;77.7;74.5;74.6;20.8 °C;22.2;20.6;18.9;18.1;17.8
2024-04-05 22:10:56;35.4;69.3;63.8;77.7;74.5;74.7;20.6 °C;22.1;20.6;18.9;18.1;17.8
2024-04-05 22:20:58;35.4;69.3;63.8;77.8;74.5;74.7;20.4 °C;22;20.6;18.9;18.1;17.8
2024-04-05 22:31:01;35.4;69.3;63.8;77.8;74.5;74.7;20.3 °C;21.9;20.6;18.9;18.1;17.8
2024-04-05 22:40:55;35.4;69.2;63.7;77.7;74.5;74.7;20.1 °C;21.9;20.6;19;18.2;17.8
2024-04-05 22:50:58;35.3;69.2;63.7;77.8;74.5;74.7;19.9 °C;21.8;20.6;19;18.2;17.8
2024-04-05 23:00:54;35.3;69.2;63.8;77.8;74.5;74.7;19.8 °C;21.8;20.6;19;18.2;17.8
2024-04-05 23:10:53;35.3;69.1;63.8;77.8;74.5;74.7;19.7 °C;21.6;20.6;19.1;18.2;17.9
2024-04-05 23:20:59;35.3;69.1;63.8;77.8;74.5;74.7;19.6 °C;21.6;20.6;19.1;18.2;17.9
2024-04-05 23:30:59;35.3;69.1;63.8;77.8;74.5;74.7;19.4 °C;21.5;20.6;19.1;18.3;17.9
2024-04-05 23:40:56;35.3;69.0;63.8;77.8;74.5;74.7;19.3 °C;21.4;20.6;19.1;18.3;17.9
2024-04-05 23:50:54;35.3;69.0;63.8;77.8;74.5;74.7;19.1 °C;21.3;20.6;19.1;18.3;17.9
2024-04-06 00:00:56;35.2;69.0;63.7;77.8;74.5;74.7;19.1 °C;21.3;20.6;19.1;18.3;17.9
2024-04-06 00:10:58;35.2;68.9;63.7;77.8;74.6;74.7;18.9 °C;21.2;20.6;19.1;18.3;17.9
2024-04-06 00:20:58;35.2;68.9;63.7;77.8;74.6;74.7;18.8 °C;21.1;20.6;19.1;18.3;17.9
2024-04-06 00:31:01;35.2;68.9;63.8;77.8;74.6;74.7;18.7 °C;21.1;20.5;19.2;18.3;17.9
2024-04-06 00:40:54;35.2;68.9;63.8;77.8;74.6;74.7;18.6 °C;21;20.5;19.2;18.3;17.9
2024-04-06 00:50:54;35.2;68.9;63.7;77.8;74.6;74.7;18.5 °C;20.9;20.5;19.2;18.3;17.9
2024-04-06 01:00:53;35.2;68.8;63.7;77.8;74.6;74.7;18.4 °C;20.8;20.5;19.2;18.4;17.9
2024-04-06 01:10:55;35.1;68.8;63.7;77.9;74.6;74.7;18.3 °C;20.8;20.4;19.2;18.4;17.9
2024-04-06 01:20:56;35.1;68.8;63.7;77.8;74.6;74.7;18.1 °C;20.7;20.4;19.2;18.4;17.9
2024-04-06 01:30:57;35.1;68.7;63.7;77.8;74.6;74.7;18.1 °C;20.6;20.4;19.2;18.4;17.9
2024-04-06 01:40:54;35.1;68.7;63.7;77.8;74.6;74.7;17.9 °C;20.6;20.4;19.3;18.4;17.9
2024-04-06 01:50:58;35.0;68.7;63.7;77.8;74.6;74.7;17.8 °C;20.5;20.4;19.3;18.4;17.9
2024-04-06 02:00:58;35.0;68.7;63.7;77.8;74.6;74.7;17.7 °C;20.4;20.3;19.3;18.4;17.9
2024-04-06 02:10:57;35.0;68.6;63.7;77.8;74.6;74.7;17.6 °C;20.3;20.3;19.3;18.4;18
2024-04-06 02:20:59;35.0;68.6;63.7;77.9;74.6;74.7;17.5 °C;20.3;20.3;19.3;18.4;18
2024-04-06 02:30:59;35.0;68.6;63.7;77.9;74.6;74.7;17.4 °C;20.2;20.3;19.3;18.4;18
2024-04-06 02:41:00;35.0;68.5;63.6;77.8;74.7;74.7;17.3 °C;20.1;20.3;19.3;18.4;18
2024-04-06 02:50:58;34.9;68.6;63.6;77.8;74.6;74.7;17.2 °C;20.1;20.2;19.3;18.5;18
2024-04-06 03:00:53;35.0;68.5;63.6;77.9;74.6;74.7;17.1 °C;20;20.2;19.3;18.5;18
2024-04-06 03:10:55;34.9;68.5;63.6;77.9;74.7;74.8;17.1 °C;19.9;20.1;19.3;18.5;18
2024-04-06 03:20:59;35.0;68.5;63.6;77.8;74.6;74.8;16.9 °C;19.9;20.1;19.3;18.5;18
2024-04-06 03:30:59;34.9;68.5;63.6;77.8;74.7;74.8;16.9 °C;19.8;20.1;19.3;18.5;18
2024-04-06 03:40:56;34.9;68.4;63.6;77.8;74.7;74.8;16.8 °C;19.8;20.1;19.3;18.5;18
2024-04-06 03:50:53;34.9;68.4;63.6;77.8;74.7;74.8;16.8 °C;19.7;20.1;19.3;18.5;18.1
2024-04-06 04:00:55;34.9;68.4;63.5;77.8;74.7;74.8;16.6 °C;19.6;20;19.3;18.5;18.1
2024-04-06 04:11:00;34.9;68.4;63.5;77.9;74.7;74.8;16.6 °C;19.6;20;19.2;18.5;18.1
2024-04-06 04:20:54;34.9;68.4;63.5;77.8;74.7;74.8;16.4 °C;19.4;19.9;19.2;18.5;18.1
2024-04-06 04:30:58;34.8;68.3;63.5;77.8;74.6;74.8;16.4 °C;19.4;19.9;19.2;18.6;18.1
2024-04-06 04:40:58;34.8;68.3;63.5;77.8;74.7;74.8;16.3 °C;19.3;19.9;19.2;18.6;18.1
2024-04-06 04:50:53;34.8;68.3;63.5;77.8;74.6;74.8;16.3 °C;19.3;19.9;19.2;18.6;18.1
2024-04-06 05:01:00;34.8;68.3;63.5;77.8;74.6;74.8;16.1 °C;19.2;19.8;19.2;18.6;18.1
2024-04-06 05:10:57;34.8;68.3;63.5;77.8;74.7;74.8;16.1 °C;19.1;19.8;19.2;18.6;18.1
2024-04-06 05:20:55;34.8;68.2;63.5;77.8;74.6;74.8;16 °C;19.1;19.8;19.2;18.6;18.1
2024-04-06 05:30:56;34.8;68.2;63.5;77.8;74.7;74.8;15.9 °C;19.1;19.7;19.1;18.6;18.1
2024-04-06 05:40:58;34.8;68.2;63.4;77.8;74.7;74.8;15.9 °C;19;19.7;19.1;18.6;18.1
2024-04-06 05:50:54;34.8;68.2;63.4;77.8;74.7;74.8;15.8 °C;18.9;19.6;19.1;18.6;18.1
2024-04-06 06:00:58;34.8;68.1;63.4;77.8;74.7;74.8;15.7 °C;18.9;19.6;19.1;18.6;18.1
2024-04-06 06:10:58;34.8;68.1;63.4;77.8;74.7;74.8;15.6 °C;18.8;19.6;19.1;18.6;18.1
2024-04-06 06:20:53;34.8;68.1;63.4;77.8;74.7;74.8;15.6 °C;18.8;19.6;19.1;18.6;18.1
2024-04-06 06:31:00;34.8;68.1;63.4;77.8;74.7;74.8;15.6 °C;18.7;19.5;19.1;18.6;18.1
2024-04-06 06:40:58;34.8;68.1;63.4;77.8;74.7;74.8;15.5 °C;18.6;19.5;19.1;18.6;18.1
2024-04-06 06:50:54;34.8;68.1;63.4;77.8;74.7;74.8;15.4 °C;18.6;19.4;19.1;18.6;18.1
2024-04-06 07:00:58;34.8;68.1;63.4;77.8;74.7;74.8;15.4 °C;18.5;19.4;19.1;18.6;18.1
2024-04-06 07:10:54;34.8;68.0;63.3;77.8;74.7;74.8;15.4 °C;18.4;19.4;19.1;18.6;18.1
2024-04-06 07:20:54;34.8;68.0;63.3;77.8;74.7;74.8;15.4 °C;18.4;19.3;19;18.6;18.1
2024-04-06 07:30:57;34.8;68.0;63.3;77.8;74.7;74.8;15.5 °C;18.4;19.3;19;18.6;18.1
2024-04-06 07:40:56;34.8;68.0;63.3;77.7;74.7;74.8;15.6 °C;18.3;19.3;19;18.6;18.1
2024-04-06 07:50:53;34.7;68.0;63.3;77.7;74.7;74.8;15.7 °C;18.3;19.3;19;18.6;18.2
2024-04-06 08:01:00;34.8;67.9;63.3;77.8;74.7;74.8;15.8 °C;18.2;19.2;18.9;18.6;18.2
2024-04-06 08:10:58;34.8;67.9;63.3;77.7;74.7;74.8;15.9 °C;18.1;19.2;18.9;18.6;18.2
2024-04-06 08:20:58;34.9;67.9;63.3;77.7;74.7;74.8;16.2 °C;18.1;19.1;18.9;18.6;18.2
2024-04-06 08:30:58;34.9;67.9;63.3;77.7;74.7;74.8;16.4 °C;18.1;19.1;18.9;18.6;18.2
2024-04-06 08:40:54;34.8;67.9;63.2;77.7;74.7;74.8;16.7 °C;18.1;19.1;18.9;18.6;18.2
2024-04-06 08:50:54;34.9;67.9;63.3;77.7;74.7;74.8;16.9 °C;18;19.1;18.9;18.6;18.2
2024-04-06 09:00:54;34.9;67.9;63.2;77.7;74.6;74.8;17.2 °C;18;19;18.9;18.6;18.2
2024-04-06 09:10:53;35.0;67.8;63.2;77.7;74.7;74.8;17.5 °C;18;19;18.9;18.6;18.2
2024-04-06 09:20:59;35.0;67.9;63.2;77.7;74.6;74.8;17.9 °C;17.9;18.9;18.8;18.6;18.2
2024-04-06 09:30:52;35.0;67.9;63.2;77.7;74.6;74.8;18.2 °C;17.9;18.9;18.8;18.6;18.2
2024-04-06 09:40:58;35.0;67.9;63.2;77.7;74.7;74.8;18.5 °C;17.9;18.9;18.8;18.5;18.2
2024-04-06 09:50:54;35.1;67.9;63.2;77.6;74.7;74.8;18.8 °C;18;18.9;18.8;18.5;18.2
2024-04-06 10:00:58;35.1;67.9;63.2;77.6;74.7;74.8;19.1 °C;18;18.8;18.8;18.5;18.2
2024-04-06 10:10:55;35.1;67.9;63.2;77.6;74.7;74.8;19.4 °C;18.1;18.8;18.8;18.5;18.2
2024-04-06 10:21:00;35.1;67.9;63.1;77.6;74.7;74.8;19.8 °C;18.1;18.8;18.8;18.5;18.2
2024-04-06 10:30:53;35.2;67.9;63.1;77.6;74.7;74.8;20.1 °C;18.1;18.8;18.8;18.5;18.2
2024-04-06 10:40:56;35.2;67.9;63.1;77.6;74.7;74.8;20.3 °C;18.2;18.8;18.7;18.5;18.2
2024-04-06 10:50:54;35.2;67.9;63.1;77.6;74.6;74.8;20.6 °C;18.2;18.7;18.7;18.5;18.2
2024-04-06 11:00:53;35.3;68.0;63.1;77.6;74.7;74.8;20.8 °C;18.3;18.7;18.7;18.5;18.2
2024-04-06 11:11:00;35.3;68.0;63.1;77.6;74.6;74.8;20.9 °C;18.4;18.7;18.7;18.5;18.2
2024-04-06 11:20:53;35.3;68;63.1;77.6;74.6;74.8;21.1 °C;18.4;18.7;18.6;18.5;18.2
2024-04-06 11:30:56;35.3;68.0;63.1;77.6;74.6;74.8;21.3 °C;18.5;18.7;18.6;18.4;18.2
2024-04-06 11:40:58;35.3;68.1;63.1;77.6;74.6;74.8;21.4 °C;18.6;18.7;18.6;18.4;18.2
2024-04-06 11:50:58;35.3;68.1;63.1;77.6;74.6;74.8;21.7 °C;18.7;18.6;18.6;18.4;18.2
2024-04-06 12:00:54;35.4;68.1;63.1;77.5;74.6;74.8;22 °C;18.8;18.6;18.6;18.4;18.2
2024-04-06 12:10:59;35.4;68.1;63.1;77.5;74.6;74.8;22.3 °C;18.8;18.6;18.6;18.4;18.2
2024-04-06 12:20:59;35.4;68.2;63.1;77.5;74.6;74.8;22.7 °C;18.9;18.7;18.6;18.4;18.2
2024-04-06 12:30:57;35.5;68.2;63.1;77.5;74.6;74.8;23.1 °C;19;18.7;18.6;18.4;18.2
2024-04-06 12:40:59;35.5;68.2;63.1;77.5;74.6;74.8;23.4 °C;19.1;18.7;18.5;18.4;18.2
2024-04-06 12:50:57;35.5;68.2;63.1;77.5;74.6;74.8;23.9 °C;19.2;18.7;18.5;18.4;18.2
2024-04-06 13:00:56;35.6;68.3;63.1;77.5;74.6;74.8;24.3 °C;19.3;18.7;18.5;18.4;18.2
2024-04-06 13:10:57;35.6;68.3;63.1;77.5;74.6;74.8;24.6 °C;19.4;18.8;18.5;18.4;18.2
2024-04-06 13:20:52;35.7;68.4;63.1;77.5;74.6;74.8;24.9 °C;19.6;18.8;18.5;18.4;18.2
2024-04-06 13:30:55;35.7;68.4;63.1;77.5;74.6;74.8;25.3 °C;19.7;18.8;18.5;18.4;18.2
2024-04-06 13:40:52;35.8;68.4;63.1;77.5;74.6;74.8;25.7 °C;19.8;18.8;18.5;18.4;18.2
2024-04-06 13:50:55;35.8;68.5;63.1;77.5;74.6;74.8;26.1 °C;19.9;18.8;18.5;18.4;18.2
2024-04-06 14:00:56;35.8;68.5;63.1;77.5;74.6;74.8;26.4 °C;20.1;18.8;18.4;18.4;18.2
2024-04-06 14:10:53;35.9;68.6;63.1;77.5;74.6;74.8;26.8 °C;20.2;18.9;18.4;18.4;18.2
2024-04-06 14:20:57;35.9;68.6;63.2;77.5;74.6;74.7;27.1 °C;20.3;18.9;18.4;18.4;18.2
2024-04-06 14:31:00;35.9;68.7;63.2;77.5;74.5;74.8;27.4 °C;20.5;18.9;18.4;18.4;18.2
2024-04-06 14:40:53;36.0;68.8;63.2;77.5;74.6;74.8;27.7 °C;20.6;19;18.4;18.3;18.2
2024-04-06 14:50:57;36.0;68.8;63.2;77.5;74.6;74.7;27.9 °C;20.8;19;18.4;18.3;18.2
2024-04-06 15:00:56;36.0;68.9;63.2;77.5;74.6;74.8;28.1 °C;20.9;19.1;18.5;18.3;18.2
2024-04-06 15:10:57;36.0;68.9;63.2;77.5;74.6;74.7;28.2 °C;21.1;19.1;18.5;18.3;18.2
2024-04-06 15:20:56;36.0;69.0;63.2;77.5;74.6;74.8;28.3 °C;21.3;19.2;18.5;18.3;18.1
2024-04-06 15:30:55;36.1;69.0;63.2;77.5;74.6;74.8;28.3 °C;21.4;19.2;18.5;18.3;18.1
2024-04-06 15:40:52;36.0;69.1;63.2;77.5;74.6;74.8;28.4 °C;21.6;19.3;18.5;18.3;18.1
2024-04-06 15:50:54;36.0;69.1;63.3;77.5;74.6;74.8;28.4 °C;21.7;19.3;18.5;18.3;18.1
2024-04-06 16:00:58;36.0;69.2;63.3;77.5;74.6;74.8;28.5 °C;21.8;19.4;18.5;18.3;18.1
2024-04-06 16:10:55;36.0;69.2;63.3;77.5;74.6;74.8;28.6 °C;21.9;19.4;18.5;18.3;18.1
2024-04-06 16:20:53;36.0;69.3;63.3;77.5;74.6;74.8;28.8 °C;22.1;19.5;18.6;18.3;18.1
2024-04-06 16:30:59;36.0;69.3;63.3;77.5;74.6;74.8;28.9 °C;22.3;19.6;18.6;18.3;18.1
2024-04-06 16:40:57;36.0;69.4;63.3;77.5;74.6;74.8;28.9 °C;22.3;19.6;18.6;18.3;18.1
2024-04-06 16:50:56;36.0;69.4;63.4;77.5;74.6;74.8;29 °C;22.4;19.7;18.6;18.3;18.1
2024-04-06 17:00:59;36.0;69.5;63.4;77.5;74.6;74.8;29.1 °C;22.6;19.8;18.6;18.3;18.1
2024-04-06 17:10:56;35.9;69.5;63.4;77.5;74.6;74.8;29.1 °C;22.7;19.8;18.6;18.3;18.1
2024-04-06 17:20:54;35.9;69.6;63.4;77.5;74.6;74.8;29.1 °C;22.8;19.9;18.6;18.3;18.1
2024-04-06 17:30:58;35.9;69.6;63.4;77.6;74.6;74.8;29 °C;22.9;19.9;18.7;18.3;18.1
2024-04-06 17:40:58;35.9;69.6;63.5;77.6;74.6;74.8;28.8 °C;23;20;18.7;18.3;18.1
2024-04-06 17:50:58;35.8;69.6;63.5;77.6;74.6;74.8;28.6 °C;23.1;20.1;18.7;18.3;18.1
2024-04-06 18:00:54;35.8;69.7;63.5;77.6;74.6;74.8;28.3 °C;23.2;20.1;18.8;18.3;18.1
2024-04-06 18:10:58;35.7;69.7;63.5;77.6;74.6;74.8;28 °C;23.3;20.2;18.8;18.3;18.1
2024-04-06 18:20:58;35.6;69.7;63.6;77.6;74.6;74.8;27.6 °C;23.3;20.3;18.8;18.3;18.1
2024-04-06 18:30:58;35.6;69.7;63.6;77.6;74.6;74.8;27.3 °C;23.4;20.3;18.8;18.3;18.1
2024-04-06 18:40:54;35.5;69.7;63.6;77.6;74.6;74.8;27 °C;23.4;20.4;18.8;18.3;18.1
2024-04-06 18:50:59;35.5;69.8;63.6;77.6;74.6;74.8;26.7 °C;23.4;20.4;18.9;18.3;18.1
2024-04-06 19:00:57;35.4;69.8;63.7;77.6;74.6;74.8;26.4 °C;23.5;20.5;18.9;18.4;18.1
2024-04-06 19:10:52;35.4;69.8;63.6;77.7;74.6;74.8;26.1 °C;23.5;20.6;18.9;18.4;18.1
2024-04-06 19:20:59;35.3;69.8;63.7;77.7;74.6;74.8;25.7 °C;23.5;20.6;18.9;18.4;18.1
2024-04-06 19:30:57;35.3;69.8;63.7;77.7;74.6;74.8;25.4 °C;23.5;20.7;18.9;18.4;18.1
2024-04-06 19:40:52;35.1;69.8;63.7;77.7;74.6;74.8;25.1 °C;23.5;20.8;19;18.4;18.1
2024-04-06 19:50:58;35.1;69.8;63.7;77.7;74.6;74.8;24.8 °C;23.5;20.8;19;18.4;18.1
2024-04-06 20:00:59;35.0;69.8;63.8;77.7;74.6;74.8;24.4 °C;23.5;20.8;19.1;18.4;18.1
2024-04-06 20:10:57;35.0;69.7;63.8;77.7;74.6;74.8;24.2 °C;23.4;20.9;19.1;18.4;18.1
2024-04-06 20:20:56;35.0;69.7;63.8;77.7;74.6;74.8;23.9 °C;23.4;20.9;19.1;18.4;18.1
2024-04-06 20:30:54;35.0;69.7;63.8;77.8;74.6;74.8;23.6 °C;23.4;20.9;19.1;18.4;18.1
2024-04-06 20:40:59;34.9;69.7;63.8;77.7;74.6;74.8;23.4 °C;23.3;21;19.2;18.4;18.1
2024-04-06 20:50:57;34.9;69.6;63.8;77.8;74.6;74.8;23.1 °C;23.3;21;19.2;18.4;18.1
2024-04-06 21:10:57;34.8;69.6;63.8;77.8;74.6;74.8;22.6 °C;23.2;21.1;19.3;18.5;18.1
2024-04-06 21:20:53;34.8;69.6;63.9;77.8;74.7;74.8;22.4 °C;23.1;21.1;19.3;18.5;18.2
2024-04-06 21:30:53;34.8;69.5;63.8;77.8;74.6;74.8;22.2 °C;23;21.1;19.3;18.5;18.2
2024-04-06 21:40:57;34.8;69.5;63.8;77.8;74.7;74.8;22 °C;23;21.1;19.3;18.5;18.2
2024-04-06 21:50:53;34.7;69.5;63.9;77.8;74.6;74.8;21.8 °C;22.9;21.1;19.4;18.5;18.2
2024-04-06 22:00:56;34.7;69.5;63.9;77.8;74.6;74.8;21.7 °C;22.8;21.1;19.4;18.6;18.2
2024-04-06 22:10:59;34.7;69.4;63.9;77.9;74.6;74.8;21.5 °C;22.8;21.2;19.4;18.6;18.2
2024-04-06 22:20:56;34.7;69.4;63.9;77.9;74.7;74.8;21.3 °C;22.7;21.2;19.4;18.6;18.2
2024-04-06 22:30:59;34.7;69.4;63.9;77.9;74.7;74.8;21.2 °C;22.6;21.2;19.4;18.6;18.2
2024-04-06 22:40:57;34.7;69.4;63.9;77.9;74.7;74.8;21 °C;22.6;21.2;19.5;18.6;18.2
2024-04-06 22:50:53;34.6;69.3;63.9;77.9;74.7;74.8;20.9 °C;22.5;21.2;19.5;18.6;18.2
2024-04-06 23:00:53;34.6;69.3;63.9;77.9;74.7;74.8;20.7 °C;22.4;21.2;19.5;18.6;18.2
2024-04-06 23:10:53;34.6;69.3;63.9;77.9;74.7;74.8;20.6 °C;22.3;21.2;19.6;18.6;18.2
2024-04-06 23:20:52;34.6;69.2;63.9;77.9;74.7;74.8;20.4 °C;22.3;21.2;19.6;18.6;18.2
2024-04-06 23:30:58;34.6;69.2;63.9;77.9;74.7;74.8;20.3 °C;22.2;21.2;19.6;18.7;18.3
2024-04-06 23:40:55;34.6;69.2;63.9;78.0;74.7;74.8;20.1 °C;22.1;21.2;19.6;18.7;18.3
2024-04-06 23:50:52;34.6;69.2;63.9;78.0;74.7;74.8;20 °C;22;21.1;19.6;18.7;18.3
2024-04-07 00:00:59;34.6;69.1;63.9;78.0;74.7;74.8;19.9 °C;21.9;21.1;19.6;18.7;18.3
2024-04-07 00:10:56;34.6;69.1;63.8;78.0;74.8;74.8;19.8 °C;21.9;21.1;19.6;18.7;18.3
2024-04-07 00:20:59;34.6;69.1;63.8;78.0;74.7;74.8;19.6 °C;21.8;21.1;19.6;18.8;18.3
2024-04-07 00:30:53;34.5;69.0;63.8;78.0;74.7;74.8;19.5 °C;21.8;21.1;19.7;18.8;18.3
2024-04-07 00:40:52;34.4;69.0;63.9;78.0;74.7;74.8;19.4 °C;21.6;21.1;19.7;18.8;18.3
2024-04-07 00:50:55;34.4;69.0;63.9;78.0;74.8;74.9;19.3 °C;21.6;21.1;19.7;18.8;18.3
2024-04-07 01:00:57;34.4;68.9;63.8;78.0;74.7;74.9;19.2 °C;21.5;21.1;19.7;18.8;18.3
2024-04-07 01:10:56;34.4;68.9;63.8;78.0;74.8;74.9;19.1 °C;21.4;21;19.7;18.8;18.3
2024-04-07 01:20:55;34.4;68.9;63.8;78.0;74.8;74.9;18.9 °C;21.4;21;19.7;18.8;18.3
2024-04-07 01:30:57;34.5;68.8;63.8;78.0;74.8;74.9;18.8 °C;21.3;21;19.7;18.8;18.3
2024-04-07 01:40:57;34.4;68.8;63.8;78.0;74.8;74.9;18.7 °C;21.3;20.9;19.7;18.8;18.3
2024-04-07 01:50:57;34.4;68.8;63.8;78.0;74.8;74.9;18.6 °C;21.1;20.9;19.8;18.8;18.3
2024-04-07 02:00:57;34.4;68.8;63.8;78.0;74.8;74.9;18.5 °C;21.1;20.9;19.8;18.9;18.3
2024-04-07 02:10:58;34.4;68.8;63.8;78.0;74.8;74.9;18.4 °C;21;20.9;19.8;18.9;18.3
2024-04-07 02:20:58;34.4;68.7;63.8;78.0;74.8;74.9;18.3 °C;20.9;20.9;19.8;18.9;18.3
2024-04-07 02:30:59;34.4;68.7;63.8;78.0;74.8;74.8;18.2 °C;20.9;20.8;19.8;18.9;18.4
2024-04-07 02:40:57;34.4;68.7;63.8;78.0;74.8;74.8;18.1 °C;20.8;20.8;19.8;18.9;18.4
2024-04-07 02:50:52;34.3;68.6;63.8;78.0;74.8;74.9;18 °C;20.8;20.8;19.8;18.9;18.4
2024-04-07 03:00:52;34.3;68.6;63.7;78.0;74.8;74.9;17.9 °C;20.7;20.8;19.8;18.9;18.4
2024-04-07 03:10:54;34.3;68.6;63.7;78.0;74.9;74.9;17.8 °C;20.6;20.8;19.8;18.9;18.4
2024-04-07 03:20:59;34.3;68.5;63.7;78.0;74.9;74.9;17.8 °C;20.6;20.7;19.8;18.9;18.4
2024-04-07 03:30:53;34.3;68.6;63.7;78.0;74.9;74.9;17.6 °C;20.4;20.7;19.8;18.9;18.4
2024-04-07 03:40:57;34.3;68.5;63.7;78.0;74.8;74.9;17.6 °C;20.4;20.6;19.8;18.9;18.4
2024-04-07 03:50:57;34.3;68.5;63.7;78.0;74.9;74.9;17.4 °C;20.3;20.6;19.8;18.9;18.4
2024-04-07 04:00:53;34.3;68.5;63.7;78.0;74.8;74.9;17.4 °C;20.3;20.6;19.7;18.9;18.4
2024-04-07 04:10:57;34.3;68.4;63.7;78.0;74.9;74.9;17.3 °C;20.2;20.6;19.7;18.9;18.4
2024-04-07 04:20:53;34.3;68.4;63.7;78.0;74.9;74.9;17.2 °C;20.1;20.5;19.7;18.9;18.4
2024-04-07 04:30:52;34.3;68.4;63.7;78.0;74.9;74.9;17.1 °C;20.1;20.5;19.7;18.9;18.4
2024-04-07 04:40:56;34.3;68.4;63.6;78.0;74.8;74.9;17.1 °C;20;20.4;19.7;19;18.4
2024-04-07 04:50:55;34.2;68.3;63.6;78.0;74.8;74.9;17 °C;19.9;20.4;19.7;19;18.4
2024-04-07 05:00:53;34.2;68.3;63.6;78.0;74.9;74.9;16.9 °C;19.9;20.4;19.7;19;18.4
2024-04-07 05:10:57;34.3;68.3;63.6;78.0;74.9;74.9;16.8 °C;19.8;20.4;19.7;19;18.4
2024-04-07 05:20:52;34.2;68.3;63.6;78.0;74.8;74.9;16.8 °C;19.8;20.3;19.7;19;18.4
2024-04-07 05:30:56;34.2;68.3;63.6;78.0;74.8;74.9;16.7 °C;19.7;20.3;19.6;19;18.4
2024-04-07 05:40:59;34.2;68.2;63.6;78.0;74.9;74.9;16.6 °C;19.6;20.3;19.6;19;18.4
2024-04-07 05:50:57;34.2;68.2;63.6;78.0;74.9;74.9;16.6 °C;19.6;20.3;19.6;19;18.5
2024-04-07 06:00:57;34.2;68.2;63.6;78.0;74.9;74.9;16.5 °C;19.5;20.2;19.6;19;18.5
2024-04-07 06:10:52;34.2;68.2;63.6;78.0;74.9;74.9;16.4 °C;19.4;20.2;19.6;19;18.5
2024-04-07 06:20:52;34.2;68.2;63.5;77.9;74.9;74.9;16.4 °C;19.4;20.1;19.6;19;18.5
2024-04-07 06:30:54;34.2;68.1;63.5;77.9;74.9;74.9;16.3 °C;19.4;20.1;19.6;19;18.5
2024-04-07 06:40:55;34.2;68.1;63.5;77.9;74.8;74.9;16.2 °C;19.3;20.1;19.6;19;18.5
2024-04-07 06:50:57;34.2;68.1;63.5;77.9;74.9;74.9;16.1 °C;19.3;20;19.6;19;18.5
2024-04-07 07:00:54;34.2;68.1;63.5;77.9;74.9;75.0;16.1 °C;19.2;20;19.6;19;18.5
2024-04-07 07:10:54;34.2;68.1;63.5;77.9;74.9;74.9;16.1 °C;19.1;19.9;19.6;19;18.5
2024-04-07 07:20:56;34.2;68.1;63.5;77.9;74.9;74.9;16.1 °C;19.1;19.9;19.5;19;18.5
2024-04-07 07:30:54;34.2;68.0;63.5;77.9;74.9;75.0;16.1 °C;19;19.9;19.5;19;18.5
2024-04-07 07:40:52;34.2;68.0;63.5;77.9;74.9;75.0;16.2 °C;18.9;19.9;19.5;19;18.5
2024-04-07 07:50:58;34.3;68.0;63.4;77.9;74.8;74.9;16.3 °C;18.9;19.8;19.5;19;18.5
2024-04-07 08:00:56;34.3;68.0;63.4;77.9;74.9;75.0;16.4 °C;18.9;19.8;19.4;19;18.5
2024-04-07 08:10:59;34.3;68.0;63.4;77.9;74.9;74.9;16.6 °C;18.8;19.8;19.4;19;18.5
2024-04-07 08:20:52;34.3;67.9;63.4;77.9;74.9;74.9;16.9 °C;18.8;19.7;19.4;19;18.6
2024-04-07 08:30:52;34.3;67.9;63.4;77.9;74.9;74.9;17.1 °C;18.8;19.7;19.4;19;18.6
2024-04-07 08:40:52;34.4;67.9;63.4;77.9;74.9;74.9;17.4 °C;18.7;19.6;19.4;19;18.6
2024-04-07 08:50:55;34.4;67.9;63.4;77.8;74.8;74.9;17.7 °C;18.7;19.6;19.4;19;18.6
2024-04-07 09:00:52;34.4;67.9;63.3;77.8;74.9;74.9;17.9 °C;18.6;19.6;19.4;19;18.6
2024-04-07 09:10:56;34.4;67.9;63.3;77.8;74.9;74.9;18.3 °C;18.6;19.6;19.4;19;18.6
2024-04-07 09:20:55;34.4;67.9;63.4;77.8;74.9;74.9;18.6 °C;18.6;19.5;19.3;18.9;18.6
2024-04-07 09:30:57;34.5;67.9;63.3;77.8;74.9;74.9;18.9 °C;18.6;19.5;19.3;18.9;18.6
2024-04-07 09:40:53;34.5;67.9;63.3;77.8;74.9;74.9;19.2 °C;18.6;19.4;19.3;18.9;18.6
2024-04-07 09:50:57;34.5;67.9;63.3;77.8;74.8;74.9;19.5 °C;18.6;19.4;19.3;18.9;18.6
2024-04-07 10:00:57;34.5;67.9;63.3;77.8;74.9;74.9;19.8 °C;18.6;19.4;19.3;18.9;18.6
2024-04-07 10:10:58;34.6;67.9;63.3;77.8;74.8;74.9;20.1 °C;18.7;19.4;19.3;18.9;18.6
2024-04-07 10:20:54;34.6;67.9;63.3;77.8;74.8;74.9;20.3 °C;18.7;19.4;19.3;18.9;18.6
2024-04-07 10:30:56;34.6;67.9;63.3;77.8;74.8;74.9;20.6 °C;18.8;19.3;19.3;18.9;18.6
2024-04-07 10:40:51;34.6;67.9;63.3;77.7;74.8;74.9;20.8 °C;18.8;19.3;19.2;18.9;18.6
2024-04-07 10:50:53;34.6;68.0;63.2;77.7;74.8;74.9;21.1 °C;18.8;19.3;19.2;18.9;18.6
2024-04-07 11:00:54;34.6;68.0;63.2;77.7;74.8;74.9;21.3 °C;18.9;19.3;19.2;18.9;18.6
2024-04-07 11:10:55;34.6;68.0;63.2;77.8;74.8;74.9;21.4 °C;18.9;19.3;19.1;18.9;18.6
2024-04-07 11:20:57;34.6;68.0;63.2;77.7;74.8;74.9;21.4 °C;19;19.3;19.1;18.9;18.6
2024-04-07 11:30:53;34.6;68.1;63.2;77.7;74.8;74.9;21.5 °C;19.1;19.3;19.1;18.9;18.6
2024-04-07 11:40:54;34.6;68.1;63.2;77.7;74.8;74.9;21.6 °C;19.2;19.3;19.1;18.9;18.6
2024-04-07 11:50:56;34.7;68.1;63.2;77.7;74.8;74.9;21.9 °C;19.3;19.3;19.1;18.9;18.6
2024-04-07 12:00:51;34.7;68.1;63.2;77.7;74.8;74.9;22.3 °C;19.3;19.3;19.1;18.9;18.6
2024-04-07 12:10:57;34.8;68.1;63.2;77.7;74.8;74.9;22.8 °C;19.4;19.3;19.1;18.9;18.6
2024-04-07 12:20:54;34.8;68.2;63.2;77.7;74.8;74.9;23.3 °C;19.5;19.3;19.1;18.9;18.6
2024-04-07 12:30:56;34.9;68.2;63.2;77.7;74.8;74.9;23.8 °C;19.6;19.3;19.1;18.9;18.6
2024-04-07 12:40:55;35.0;68.2;63.2;77.7;74.8;74.9;24.3 °C;19.6;19.3;19;18.9;18.6
2024-04-07 12:50:54;35.0;68.2;63.2;77.7;74.7;74.9;24.8 °C;19.8;19.3;19;18.9;18.6
2024-04-07 13:00:52;35.1;68.3;63.2;77.7;74.8;74.9;25.3 °C;19.9;19.3;19;18.8;18.6
2024-04-07 13:10:51;35.1;68.3;63.2;77.7;74.7;74.9;25.7 °C;19.9;19.3;19;18.8;18.6
2024-04-07 13:20:54;35.1;68.4;63.2;77.7;74.7;74.9;26.1 °C;20.1;19.3;19;18.8;18.6
2024-04-07 13:30:52;35.2;68.4;63.2;77.6;74.7;74.9;26.6 °C;20.2;19.3;19;18.8;18.6
2024-04-07 13:40:55;35.2;68.5;63.2;77.6;74.7;74.9;26.9 °C;20.4;19.3;19;18.8;18.6
2024-04-07 13:50:58;35.3;68.5;63.2;77.6;74.7;74.9;27.3 °C;20.5;19.4;19;18.8;18.6
2024-04-07 14:00:51;35.3;68.6;63.2;77.6;74.7;74.9;27.6 °C;20.6;19.4;18.9;18.8;18.6
2024-04-07 14:10:57;35.3;68.6;63.2;77.6;74.7;74.9;27.9 °C;20.8;19.4;18.9;18.8;18.6
2024-04-07 14:20:57;35.4;68.7;63.2;77.6;74.7;74.9;28.3 °C;20.9;19.4;18.9;18.8;18.6
2024-04-07 14:30:58;35.4;68.7;63.3;77.6;74.7;74.9;28.6 °C;21.1;19.5;18.9;18.8;18.6
2024-04-07 14:40:52;35.5;68.8;63.3;77.6;74.7;74.9;28.8 °C;21.3;19.5;18.9;18.8;18.5
2024-04-07 14:50:52;35.5;68.9;63.3;77.6;74.7;74.9;29.1 °C;21.4;19.6;18.9;18.8;18.5
2024-04-07 15:00:52;35.5;68.9;63.3;77.6;74.7;74.9;29.3 °C;21.6;19.6;18.9;18.8;18.6
2024-04-07 15:10:51;35.5;69.0;63.3;77.6;74.7;74.9;29.6 °C;21.8;19.7;19;18.8;18.5
2024-04-07 15:20:57;35.5;69.0;63.3;77.6;74.7;74.9;29.7 °C;21.9;19.8;19;18.8;18.5
2024-04-07 15:30:54;35.5;69.1;63.3;77.6;74.7;74.9;29.9 °C;22.1;19.8;19;18.8;18.5
2024-04-07 15:40:51;35.5;69.2;63.4;77.6;74.7;74.9;30 °C;22.3;19.8;19;18.8;18.5
2024-04-07 15:50:58;35.5;69.3;63.4;77.6;74.7;74.9;30.1 °C;22.4;19.9;19;18.8;18.5
2024-04-07 16:00:56;35.5;69.3;63.4;77.6;74.7;74.9;30.1 °C;22.6;19.9;19;18.8;18.5
2024-04-07 16:10:55;35.5;69.4;63.4;77.6;74.7;74.9;30.2 °C;22.8;20;19;18.8;18.5
2024-04-07 16:20:55;35.5;69.4;63.4;77.6;74.7;74.9;30.3 °C;22.9;20.1;19.1;18.8;18.5
2024-04-07 16:30:53;35.4;69.4;63.4;77.6;74.7;74.9;30.3 °C;23.1;20.1;19.1;18.8;18.5
2024-04-07 16:40:58;35.4;69.5;63.4;77.7;74.7;74.9;30.3 °C;23.2;20.2;19.1;18.8;18.5
2024-04-07 16:50:56;35.4;69.6;63.5;77.7;74.7;74.9;30.3 °C;23.3;20.3;19.1;18.8;18.5
2024-04-07 17:00:51;35.4;69.6;63.5;77.7;74.7;74.9;30.3 °C;23.4;20.4;19.1;18.8;18.5
2024-04-07 17:10:54;35.3;69.7;63.5;77.7;74.7;74.9;30.3 °C;23.6;20.4;19.1;18.8;18.5
2024-04-07 17:20:52;35.3;69.7;63.6;77.7;74.7;74.9;30.2 °C;23.7;20.5;19.1;18.8;18.5
2024-04-07 17:30:56;35.3;69.7;63.6;77.7;74.7;74.9;30.1 °C;23.8;20.6;19.2;18.8;18.5
2024-04-07 17:40:52;35.2;69.8;63.6;77.7;74.7;74.9;30 °C;23.9;20.6;19.2;18.8;18.5
2024-04-07 17:50:57;35.2;69.8;63.6;77.7;74.7;74.9;29.8 °C;24;20.7;19.2;18.8;18.5
2024-04-07 18:10:58;35.0;69.8;63.7;77.7;74.7;74.9;29.3 °C;24.2;20.9;19.3;18.8;18.5
2024-04-07 18:20:51;35.0;69.8;63.7;77.8;74.7;74.9;29 °C;24.3;20.9;19.3;18.8;18.5
2024-04-07 18:30:54;34.9;69.9;63.7;77.8;74.7;74.9;28.7 °C;24.3;21;19.3;18.8;18.5
2024-04-07 18:40:52;34.9;69.9;63.7;77.8;74.7;74.9;28.4 °C;24.3;21.1;19.4;18.8;18.5
2024-04-07 18:50:52;34.8;69.9;63.7;77.8;74.7;74.9;28 °C;24.4;21.1;19.4;18.8;18.5
2024-04-07 19:00:55;34.7;69.9;63.7;77.8;74.7;74.9;27.7 °C;24.4;21.2;19.4;18.8;18.5
2024-04-07 19:10:54;34.7;69.9;63.8;77.8;74.7;74.9;27.4 °C;24.4;21.3;19.4;18.8;18.5
2024-04-07 19:20:56;34.6;69.9;63.8;77.8;74.7;74.9;27 °C;24.4;21.3;19.4;18.8;18.5
2024-04-07 19:30:52;34.6;69.9;63.8;77.8;74.7;74.9;26.7 °C;24.4;21.4;19.5;18.8;18.5
2024-04-07 19:40:56;34.5;69.9;63.8;77.9;74.7;74.9;26.3 °C;24.4;21.4;19.5;18.8;18.5
2024-04-07 19:50:56;34.5;69.9;63.9;77.8;74.7;74.9;26 °C;24.4;21.4;19.6;18.8;18.5
2024-04-07 20:00:57;34.4;69.9;63.8;77.9;74.7;74.9;25.7 °C;24.4;21.5;19.6;18.8;18.5
2024-04-07 20:10:53;34.4;69.9;63.9;77.9;74.8;74.9;25.4 °C;24.4;21.6;19.6;18.9;18.5
2024-04-07 20:20:55;34.3;69.8;63.9;77.9;74.7;74.9;25.1 °C;24.4;21.6;19.6;18.9;18.5
2024-04-07 20:30:53;34.3;69.8;63.9;77.9;74.7;74.9;24.8 °C;24.3;21.6;19.7;18.9;18.5
2024-04-07 20:40:55;34.3;69.8;63.9;77.9;74.8;74.9;24.5 °C;24.3;21.7;19.7;18.9;18.5
2024-04-07 20:50:57;34.3;69.8;63.9;77.9;74.8;74.9;24.3 °C;24.2;21.8;19.8;18.9;18.5
2024-04-07 21:00:54;34.2;69.7;63.9;77.9;74.8;74.9;24 °C;24.1;21.8;19.8;18.9;18.5
2024-04-07 21:10:56;34.2;69.7;63.9;78.0;74.8;74.9;23.8 °C;24.1;21.8;19.8;18.9;18.6
2024-04-07 21:20:57;34.2;69.7;63.9;78.0;74.8;74.9;23.6 °C;24.1;21.8;19.8;18.9;18.6
2024-04-07 21:30:58;34.1;69.6;64.0;78.0;74.8;74.9;23.3 °C;23.9;21.8;19.9;18.9;18.6
2024-04-07 21:40:55;34.1;69.6;64.0;78.0;74.8;74.9;23.1 °C;23.9;21.9;19.9;19;18.6
2024-04-07 21:50:50;33.8;69.5;64.0;78.0;74.8;74.9;22.6 °C;23.8;21.9;19.9;19;18.6
2024-04-07 22:00:52;33.7;69.4;64.0;78.0;74.8;74.9;21.9 °C;23.8;21.9;19.9;19;18.6
2024-04-07 22:10:57;33.6;69.4;64.0;78.0;74.8;74.9;21.5 °C;23.7;21.9;20;19;18.6
2024-04-07 22:20:54;33.6;69.4;64.0;78.0;74.8;74.9;21.1 °C;23.6;21.9;20;19;18.6
2024-04-07 22:30:57;33.6;69.3;64.0;78.0;74.8;74.9;20.8 °C;23.5;21.9;20.1;19.1;18.6
2024-04-07 22:40:53;33.6;69.3;64.0;78.0;74.9;75.0;20.4 °C;23.4;21.9;20.1;19.1;18.6
2024-04-07 22:50:55;33.5;69.2;64.0;78.1;74.8;74.9;20.2 °C;23.4;21.9;20.1;19.1;18.6
2024-04-07 23:00:54;33.5;69.2;64.0;78.1;74.9;75.0;19.9 °C;23.3;21.9;20.1;19.1;18.6
2024-04-07 23:10:56;33.6;69.2;64.0;78.1;74.9;75.0;19.7 °C;23.2;21.9;20.1;19.1;18.6
2024-04-07 23:20:56;33.5;69.1;64.0;78.1;74.9;75.0;19.5 °C;23.1;21.9;20.1;19.1;18.6
2024-04-07 23:30:51;33.5;69.1;64.0;78.1;74.9;75.0;19.3 °C;23;21.9;20.2;19.1;18.6
2024-04-07 23:40:54;33.5;69.1;64.0;78.1;74.9;75.0;19.1 °C;22.9;21.9;20.2;19.1;18.6
2024-04-07 23:50:53;33.5;69.0;64.0;78.1;74.9;75.0;18.9 °C;22.8;21.9;20.2;19.2;18.6
2024-04-08 00:00:54;33.5;69.0;64.0;78.1;74.9;75.0;18.8 °C;22.8;21.9;20.2;19.2;18.6
2024-04-08 00:10:56;33.4;69.0;64.0;78.1;74.9;75.0;18.6 °C;22.6;21.9;20.3;19.2;18.6
2024-04-08 00:20:56;33.5;68.9;64.0;78.1;74.9;75.0;18.5 °C;22.6;21.9;20.3;19.2;18.6
2024-04-08 00:30:52;33.5;68.9;64.0;78.1;74.9;75.0;18.4 °C;22.4;21.8;20.3;19.3;18.6
2024-04-08 00:40:57;33.5;68.8;64.0;78.1;74.9;75.0;18.3 °C;22.4;21.8;20.3;19.3;18.7
2024-04-08 00:50:54;33.5;68.8;63.9;78.1;74.9;75.0;18.1 °C;22.3;21.8;20.3;19.3;18.7
2024-04-08 01:00:53;33.4;68.8;64.0;78.1;75.0;75.0;18 °C;22.2;21.8;20.3;19.3;18.7
2024-04-08 01:10:54;33.5;68.7;64.0;78.1;74.9;75.0;17.9 °C;22.1;21.8;20.3;19.3;18.7
2024-04-08 01:20:55;33.5;68.7;63.9;78.1;74.9;75.0;17.8 °C;22.1;21.8;20.3;19.3;18.7
2024-04-08 01:30:51;33.5;68.7;63.9;78.1;75.0;75.0;17.7 °C;21.9;21.7;20.3;19.3;18.7
2024-04-08 01:40:54;33.5;68.7;63.9;78.1;75.0;75.0;17.6 °C;21.9;21.7;20.3;19.3;18.7
2024-04-08 01:50:56;33.5;68.7;63.9;78.1;75.0;75.0;17.5 °C;21.8;21.7;20.3;19.3;18.7
2024-04-08 02:00:57;33.5;68.6;63.9;78.1;75.0;75;17.4 °C;21.7;21.6;20.3;19.3;18.8
2024-04-08 02:10:50;33.4;68.6;63.9;78.1;75.0;75;17.3 °C;21.6;21.6;20.3;19.4;18.8
2024-04-08 02:20:53;33.4;68.5;63.9;78.1;75.0;75;17.1 °C;21.6;21.6;20.3;19.4;18.8
2024-04-08 02:30:58;33.4;68.5;63.9;78.1;75.0;75.0;16.9 °C;21.5;21.6;20.3;19.4;18.8
2024-04-08 02:40:55;33.4;68.5;63.8;78.1;75.0;75;16.8 °C;21.4;21.5;20.3;19.4;18.8
2024-04-08 02:50:55;33.4;68.5;63.8;78.2;75.0;75;16.7 °C;21.3;21.5;20.4;19.4;18.8
2024-04-08 03:00:55;33.3;68.4;63.8;78.2;75.0;75;16.6 °C;21.3;21.4;20.3;19.4;18.8
2024-04-08 03:10:50;33.4;68.4;63.8;78.2;75.0;75.0;16.5 °C;21.2;21.4;20.3;19.4;18.8
2024-04-08 03:20:53;33.3;68.4;63.8;78.2;75;75.0;16.4 °C;21.1;21.4;20.3;19.4;18.8
2024-04-08 03:30:54;33.3;68.4;63.8;78.2;75;75.0;16.3 °C;21.1;21.4;20.3;19.4;18.8
2024-04-08 03:40:53;33.3;68.3;63.8;78.2;75;75.1;16.2 °C;20.9;21.3;20.3;19.4;18.8
2024-04-08 03:50:50;33.4;68.3;63.8;78.1;75.0;75.1;16.1 °C;20.9;21.3;20.3;19.4;18.8
2024-04-08 04:00:56;33.4;68.3;63.8;78.1;75;75.1;16.1 °C;20.8;21.3;20.3;19.4;18.8
2024-04-08 04:10:57;33.4;68.3;63.8;78.1;75.0;75.1;16 °C;20.8;21.3;20.3;19.4;18.8
2024-04-08 04:20:50;33.4;68.2;63.7;78.1;75;75.0;15.9 °C;20.7;21.2;20.3;19.4;18.8
2024-04-08 04:30:56;33.4;68.2;63.7;78.1;75;75.1;15.8 °C;20.6;21.2;20.3;19.4;18.8
2024-04-08 04:40:56;33.4;68.2;63.7;78.1;75.0;75.1;15.8 °C;20.6;21.1;20.3;19.4;18.8
2024-04-08 04:50:57;33.4;68.2;63.7;78.1;75.0;75.1;15.7 °C;20.4;21.1;20.3;19.5;18.9
2024-04-08 05:00:50;33.4;68.1;63.7;78.1;75.0;75.1;15.6 °C;20.4;21.1;20.3;19.5;18.9
2024-04-08 05:10:53;33.4;68.1;63.7;78.2;75.1;75.1;15.5 °C;20.3;21;20.3;19.5;18.9
2024-04-08 05:20:55;33.4;68.1;63.7;78.1;75.1;75.1;15.4 °C;20.3;21;20.3;19.5;18.9
2024-04-08 05:30:50;33.4;68.1;63.7;78.1;75.0;75.1;15.4 °C;20.2;20.9;20.3;19.5;18.9
2024-04-08 05:40:56;33.4;68.1;63.6;78.1;75.0;75.1;15.3 °C;20.1;20.9;20.3;19.5;18.9
2024-04-08 05:50:52;33.4;68.0;63.7;78.1;75.0;75.1;15.3 °C;20.1;20.9;20.3;19.5;18.9
2024-04-08 06:00:56;33.4;68.0;63.6;78.1;75.1;75.1;15.2 °C;20;20.8;20.3;19.5;18.9
2024-04-08 06:10:53;33.4;68.0;63.6;78.1;75.1;75.1;15.1 °C;19.9;20.8;20.2;19.5;18.9
2024-04-08 06:20:55;33.4;68.0;63.6;78.1;75.1;75.1;15 °C;19.9;20.8;20.2;19.5;18.9
2024-04-08 06:30:55;33.4;67.9;63.6;78.1;75.1;75.1;14.9 °C;19.8;20.8;20.2;19.5;18.9
2024-04-08 06:40:50;33.4;67.9;63.6;78.1;75.1;75.1;14.9 °C;19.8;20.7;20.2;19.5;18.9
2024-04-08 06:50:56;33.4;67.9;63.6;78.1;75.1;75.1;14.8 °C;19.7;20.6;20.2;19.5;18.9
2024-04-08 07:00:57;33.4;67.9;63.6;78.1;75.1;75.1;14.8 °C;19.6;20.6;20.1;19.5;18.9
2024-04-08 07:10:54;33.5;67.9;63.5;78.1;75.1;75.1;14.9 °C;19.6;20.6;20.1;19.5;18.9
2024-04-08 07:20:57;33.5;67.9;63.5;78.1;75.1;75.1;15 °C;19.5;20.6;20.1;19.5;18.9
2024-04-08 07:30:54;33.5;67.9;63.5;78.1;75.0;75.1;15.1 °C;19.4;20.5;20.1;19.5;18.9
2024-04-08 07:40:51;33.5;67.8;63.5;78.0;75.1;75.1;15.2 °C;19.4;20.5;20.1;19.5;18.9
2024-04-08 07:50:56;33.5;67.8;63.5;78.0;75.0;75.1;15.4 °C;19.3;20.4;20.1;19.5;18.9
2024-04-08 08:00:56;33.5;67.8;63.5;78.0;75.0;75.1;15.6 °C;19.3;20.4;20.1;19.5;18.9
2024-04-08 08:10:56;33.5;67.8;63.4;78.0;75.0;75.1;16 °C;19.3;20.4;20.1;19.5;18.9
2024-04-08 08:20:53;33.5;67.8;63.4;78.0;75.0;75.1;16.4 °C;19.2;20.3;20;19.5;18.9
2024-04-08 08:30:55;33.6;67.8;63.4;78.0;75.1;75.1;16.9 °C;19.1;20.3;20;19.5;18.9
2024-04-08 08:40:51;33.6;67.7;63.4;78.0;75.0;75.1;17.4 °C;19.1;20.3;20;19.5;18.9
2024-04-08 08:50:51;33.6;67.7;63.4;78.0;75.0;75.1;18 °C;19.1;20.2;20;19.5;18.9
2024-04-08 09:00:54;33.6;67.7;63.4;78.0;75.0;75.1;18.6 °C;19.1;20.2;19.9;19.5;18.9
2024-04-08 09:10:53;33.6;67.7;63.3;78.0;75.0;75.1;19 °C;19;20.1;19.9;19.5;18.9
2024-04-08 09:20:51;33.6;67.6;63.3;78.0;75.0;75.1;19.3 °C;19;20.1;19.9;19.5;19
2024-04-08 09:30:54;33.6;67.7;63.3;78.0;75.0;75.1;19.7 °C;19;20.1;19.9;19.5;19
2024-04-08 09:40:53;33.6;67.6;63.3;77.9;75;75.1;20.3 °C;19;20.1;19.9;19.4;19
2024-04-08 09:50:50;33.6;67.7;63.3;78.0;75.0;75.1;20.8 °C;19;20;19.9;19.4;19
2024-04-08 10:00:54;33.5;67.7;63.3;77.9;75;75.1;21.1 °C;19.1;19.9;19.9;19.4;19
2024-04-08 10:10:52;33.6;67.6;63.3;77.9;75;75.1;21.5 °C;19.1;19.9;19.8;19.4;19
2024-04-08 10:20:53;33.5;67.7;63.3;77.9;75;75.1;21.9 °C;19.1;19.9;19.8;19.4;19
2024-04-08 10:30:51;33.6;67.7;63.3;77.9;75;75.1;22.1 °C;19.1;19.9;19.8;19.4;19
2024-04-08 10:40:50;33.6;67.7;63.3;77.9;75.0;75.1;22.3 °C;19.2;19.9;19.8;19.4;19
2024-04-08 10:50:56;33.6;67.7;63.2;77.9;75.0;75.1;22.8 °C;19.3;19.8;19.8;19.4;19
2024-04-08 11:00:50;33.6;67.6;63.2;77.9;75.0;75.1;22.8 °C;19.3;19.8;19.8;19.4;19
2024-04-08 11:10:56;33.5;67.7;63.2;77.9;75.0;75.1;22.6 °C;19.4;19.8;19.7;19.4;19
2024-04-08 11:20:52;33.4;67.7;63.2;77.9;75.0;75.1;22.5 °C;19.4;19.8;19.7;19.4;19
2024-04-08 11:30:53;33.4;67.7;63.2;77.8;75.0;75.1;22.5 °C;19.5;19.8;19.7;19.4;19
2024-04-08 11:40:56;33.5;67.7;63.2;77.8;74.9;75.1;23 °C;19.6;19.8;19.7;19.4;19
2024-04-08 11:50:56;33.5;67.7;63.2;77.8;74.9;75.1;24.3 °C;19.7;19.8;19.6;19.4;19
2024-04-08 12:00:49;33.6;67.7;63.2;77.8;74.9;75.1;25.9 °C;19.8;19.8;19.6;19.4;19
2024-04-08 12:10:52;33.6;67.8;63.2;77.8;74.9;75.1;27.1 °C;19.8;19.8;19.6;19.4;19
2024-04-08 12:20:57;33.6;67.8;63.2;77.8;74.9;75.1;28.3 °C;19.9;19.8;19.6;19.4;19
2024-04-08 12:30:54;33.5;67.8;63.2;77.8;74.9;75.1;29.2 °C;20;19.8;19.6;19.4;19
2024-04-08 12:40:57;33.5;67.9;63.2;77.8;74.9;75.1;29.9 °C;20.1;19.8;19.6;19.4;19
2024-04-08 12:50:50;33.5;68.0;63.2;77.8;74.9;75.1;30.6 °C;20.3;19.8;19.6;19.3;19
2024-04-08 13:00:49;33.4;68.0;63.2;77.8;74.9;75.1;31.1 °C;20.4;19.8;19.6;19.3;19
2024-04-08 13:10:51;33.4;68.1;63.2;77.8;74.9;75.1;31.6 °C;20.5;19.8;19.6;19.3;19
2024-04-08 13:20:56;33.3;68.1;63.2;77.8;74.9;75.1;32 °C;20.6;19.8;19.5;19.3;19
2024-04-08 13:30:52;33.2;68.2;63.2;77.8;74.9;75.1;32.4 °C;20.8;19.8;19.5;19.3;19
2024-04-08 13:40:49;33.2;68.2;63.2;77.8;74.9;75.1;32.8 °C;20.9;19.9;19.5;19.3;19
2024-04-08 13:50:56;33.1;68.3;63.2;77.8;74.9;75.0;33.1 °C;21.1;19.9;19.5;19.3;19
2024-04-08 14:00:56;33.1;68.4;63.2;77.7;74.9;75.1;33.3 °C;21.3;19.9;19.5;19.3;18.9
2024-04-08 14:10:49;33.0;68.4;63.2;77.7;74.9;75.1;33.4 °C;21.4;19.9;19.5;19.3;18.9
2024-04-08 14:20:55;33.0;68.5;63.2;77.7;74.9;75.1;33.6 °C;21.6;19.9;19.5;19.3;18.9
2024-04-08 14:30:56;32.9;68.6;63.3;77.7;74.9;75.1;33.7 °C;21.8;20;19.5;19.3;18.9
2024-04-08 14:40:56;32.8;68.6;63.2;77.7;74.9;75.1;33.8 °C;21.9;20.1;19.5;19.3;18.9
2024-04-08 14:50:49;32.7;68.7;63.3;77.7;74.9;75.1;33.8 °C;22.1;20.1;19.5;19.3;18.9
2024-04-08 15:00:51;32.7;68.8;63.3;77.7;74.9;75.1;33.9 °C;22.2;20.1;19.5;19.3;18.9
2024-04-08 15:10:55;32.7;68.8;63.3;77.7;74.9;75.1;33.9 °C;22.4;20.2;19.5;19.3;18.9
2024-04-08 15:20:55;32.6;68.9;63.3;77.7;74.9;75.1;33.9 °C;22.5;20.2;19.5;19.3;18.9
2024-04-08 15:30:51;32.6;69.0;63.3;77.7;74.9;75.1;33.9 °C;22.7;20.3;19.5;19.3;18.9
2024-04-08 15:40:51;32.5;69.0;63.3;77.7;74.9;75.1;33.8 °C;22.8;20.3;19.5;19.3;18.9
2024-04-08 15:50:56;32.4;69.1;63.3;77.7;74.8;75.1;33.3 °C;22.9;20.4;19.5;19.3;18.9
2024-04-08 16:00:57;32.3;69.1;63.3;77.7;74.9;75.1;33 °C;23.1;20.4;19.5;19.3;18.9
2024-04-08 16:10:50;32.2;69.2;63.4;77.7;74.9;75.1;32.8 °C;23.2;20.5;19.5;19.3;18.9
2024-04-08 16:20:54;32.2;69.3;63.4;77.7;74.8;75.1;32.6 °C;23.3;20.6;19.6;19.2;18.9
2024-04-08 16:30:49;32.2;69.3;63.4;77.7;74.8;75.1;32.5 °C;23.4;20.6;19.6;19.2;18.9
2024-04-08 16:40:51;32.1;69.3;63.4;77.8;74.8;75.1;32.3 °C;23.6;20.7;19.6;19.2;18.9
2024-04-08 16:50:52;32.1;69.4;63.4;77.8;74.8;75.1;32.1 °C;23.7;20.8;19.6;19.2;18.9
2024-04-08 17:00:53;32.0;69.5;63.5;77.8;74.8;75.0;31.9 °C;23.8;20.8;19.6;19.2;18.9
2024-04-08 17:10:56;31.9;69.5;63.5;77.8;74.8;75.1;31.6 °C;23.9;20.9;19.6;19.2;18.9
2024-04-08 17:20:52;31.9;69.5;63.5;77.8;74.8;75.1;31.2 °C;23.9;20.9;19.6;19.2;18.9
2024-04-08 17:30:50;31.8;69.5;63.5;77.8;74.9;75.1;30.5 °C;24;21;19.6;19.3;18.9
2024-04-08 17:40:49;31.7;69.6;63.5;77.8;74.9;75.1;29.6 °C;24.1;21.1;19.7;19.3;18.9
2024-04-08 17:50:52;31.7;69.6;63.5;77.8;74.8;75.1;28.8 °C;24.1;21.1;19.7;19.2;18.9
2024-04-08 18:00:53;31.7;69.6;63.5;77.8;74.8;75.1;28.4 °C;24.2;21.2;19.7;19.3;18.9
2024-04-08 18:10:50;31.6;69.6;63.6;77.8;74.9;75.1;27.9 °C;24.3;21.2;19.8;19.3;18.9
2024-04-08 18:20:54;31.6;69.6;63.6;77.8;74.9;75.1;27.4 °C;24.3;21.3;19.8;19.3;18.9
2024-04-08 18:30:54;31.5;69.7;63.6;77.8;74.9;75.1;26.9 °C;24.3;21.3;19.8;19.3;18.9
2024-04-08 18:40:56;31.5;69.7;63.6;77.8;74.9;75.1;26.3 °C;24.3;21.4;19.8;19.3;18.9
2024-04-08 18:50:50;31.5;69.7;63.7;77.9;74.9;75.1;25.8 °C;24.3;21.4;19.8;19.3;18.9
2024-04-08 19:00:50;31.5;69.7;63.6;77.9;74.9;75.1;25.3 °C;24.3;21.5;19.9;19.3;18.9
2024-04-08 19:10:52;31.4;69.7;63.7;77.9;74.9;75.1;24.8 °C;24.3;21.6;19.9;19.3;18.9
2024-04-08 19:20:54;31.4;69.6;63.7;77.9;74.9;75.1;24.4 °C;24.3;21.6;19.9;19.3;18.9
2024-04-08 19:30:54;31.4;69.6;63.8;77.9;74.9;75.1;24.1 °C;24.3;21.6;19.9;19.3;18.9
2024-04-08 19:40:53;31.4;69.6;63.7;77.9;74.9;75.1;23.6 °C;24.2;21.7;19.9;19.3;18.9
2024-04-08 19:50:55;31.4;69.6;63.8;77.9;74.9;75.1;23.2 °C;24.2;21.7;20;19.3;18.9
2024-04-08 20:00:55;31.4;69.6;63.8;77.9;74.9;75.1;22.8 °C;24.1;21.8;20;19.3;18.9
2024-04-08 20:10:56;31.4;69.6;63.8;77.9;74.9;75.1;22.5 °C;24.1;21.8;20.1;19.3;18.9
2024-04-08 20:20:53;31.4;69.6;63.8;78.0;74.9;75.1;22.2 °C;24;21.8;20.1;19.3;18.9
2024-04-08 20:30:51;31.4;69.5;63.8;78.0;74.9;75.1;21.9 °C;23.9;21.9;20.1;19.3;18.9
2024-04-08 20:40:56;31.4;69.5;63.8;78.0;74.9;75.1;21.7 °C;23.9;21.9;20.1;19.3;18.9
2024-04-08 20:50:56;31.4;69.5;63.8;78.0;74.9;75.1;21.4 °C;23.8;21.9;20.1;19.3;18.9
2024-04-08 21:00:54;31.4;69.5;63.8;78.0;74.9;75.1;21.3 °C;23.8;21.9;20.2;19.4;18.9
2024-04-08 21:10:54;31.4;69.4;63.8;78.0;74.9;75.1;21.1 °C;23.7;21.9;20.2;19.4;18.9
2024-04-08 21:20:49;31.4;69.4;63.8;78.0;74.9;75.1;20.8 °C;23.6;21.9;20.2;19.4;18.9
2024-04-08 21:30:51;31.4;69.4;63.9;78.0;74.9;75.1;20.7 °C;23.6;22;20.3;19.4;18.9
2024-04-08 21:40:56;31.4;69.3;63.9;78.1;74.9;75.1;20.5 °C;23.5;22;20.3;19.4;18.9
2024-04-08 21:50:54;31.4;69.2;63.9;78.1;74.9;75.1;20.3 °C;23.4;22;20.3;19.4;18.9
2024-04-08 22:00:54;31.4;69.2;63.8;78.1;74.9;75.1;20.1 °C;23.3;22;20.3;19.4;18.9
2024-04-08 22:10:54;31.5;69.2;63.9;78.1;74.9;75.1;19.9 °C;23.3;22;20.3;19.4;19
2024-04-08 22:20:49;31.5;69.2;63.9;78.1;74.9;75.1;19.8 °C;23.2;22;20.3;19.4;18.9
2024-04-08 22:30:52;31.5;69.1;63.8;78.1;74.9;75.1;19.7 °C;23.1;22;20.4;19.4;19
2024-04-08 22:40:54;31.5;69.1;63.8;78.1;74.9;75.1;19.5 °C;23;22;20.4;19.4;19
2024-04-08 22:50:49;31.5;69.1;63.8;78.1;75.0;75.1;19.4 °C;22.9;22;20.4;19.5;19
2024-04-08 23:00:56;31.5;69.1;63.8;78.1;75.0;75.1;19.3 °C;22.9;22;20.4;19.5;19
2024-04-08 23:10:49;31.5;69.0;63.8;78.1;75.0;75.1;19.1 °C;22.8;22;20.4;19.5;19
2024-04-08 23:20:51;31.5;69.0;63.8;78.1;75.0;75.1;19 °C;22.8;21.9;20.4;19.5;19
2024-04-08 23:30:49;31.5;69.0;63.8;78.1;75.0;75.1;18.9 °C;22.6;21.9;20.4;19.5;19
2024-04-08 23:40:51;31.5;68.9;63.8;78.1;75.0;75.1;18.7 °C;22.6;21.9;20.4;19.6;19
2024-04-08 23:50:51;31.5;68.9;63.8;78.2;75.0;75.1;18.6 °C;22.5;21.9;20.5;19.6;19
2024-04-09 00:00:52;31.5;68.9;63.8;78.2;75.0;75.1;18.4 °C;22.4;21.9;20.5;19.6;19
2024-04-09 00:10:49;31.5;68.8;63.8;78.2;75.0;75.1;18.3 °C;22.3;21.9;20.5;19.6;19
2024-04-09 00:20:56;31.5;68.8;63.8;78.2;75.0;75.1;18.2 °C;22.3;21.9;20.5;19.6;19.1
2024-04-09 00:30:49;31.5;68.8;63.8;78.2;75.0;75.1;18.1 °C;22.2;21.9;20.5;19.6;19.1
2024-04-09 00:40:56;31.5;68.7;63.8;78.1;75.0;75.1;18 °C;22.1;21.8;20.6;19.6;19.1
2024-04-09 00:50:49;31.5;68.7;63.8;78.1;75.0;75.1;17.9 °C;22.1;21.8;20.6;19.6;19.1
2024-04-09 01:00:52;31.5;68.7;63.8;78.1;75.0;75.1;17.7 °C;21.9;21.8;20.6;19.6;19.1
2024-04-09 01:10:49;31.6;68.7;63.8;78.1;75.0;75.1;17.6 °C;21.9;21.8;20.6;19.6;19.1
2024-04-09 01:20:51;31.5;68.6;63.7;78.1;75.0;75.1;17.4 °C;21.8;21.8;20.6;19.6;19.1
2024-04-09 01:30:48;31.6;68.6;63.7;78.1;75.0;75.1;17.4 °C;21.8;21.8;20.6;19.6;19.1
2024-04-09 01:40:54;31.5;68.6;63.7;78.1;75.0;75.1;17.3 °C;21.7;21.7;20.6;19.7;19.1
2024-04-09 01:50:51;31.5;68.6;63.7;78.1;75.0;75.1;17.2 °C;21.6;21.7;20.6;19.7;19.1
2024-04-09 02:00:51;31.5;68.5;63.7;78.1;75.0;75.1;17.1 °C;21.5;21.6;20.6;19.7;19.1
2024-04-09 02:10:52;31.5;68.5;63.7;78.1;75.1;75.1;17 °C;21.4;21.6;20.6;19.7;19.1
2024-04-09 02:20:53;31.5;68.5;63.7;78.1;75.1;75.1;16.9 °C;21.4;21.6;20.6;19.7;19.1
2024-04-09 02:30:53;31.5;68.4;63.7;78.1;75.0;75.1;16.8 °C;21.3;21.6;20.6;19.7;19.1
2024-04-09 02:40:55;31.5;68.4;63.7;78.1;75.1;75.2;16.7 °C;21.3;21.5;20.6;19.7;19.1
2024-04-09 02:50:49;31.5;68.4;63.6;78.1;75.1;75.1;16.6 °C;21.2;21.5;20.6;19.7;19.1
2024-04-09 03:00:52;31.5;68.4;63.6;78.1;75.1;75.2;16.6 °C;21.1;21.5;20.6;19.8;19.1
2024-04-09 03:10:53;31.5;68.3;63.6;78.1;75.1;75.1;16.5 °C;21.1;21.4;20.6;19.8;19.1
2024-04-09 03:20:51;31.5;68.3;63.6;78.1;75.1;75.2;16.4 °C;20.9;21.4;20.6;19.8;19.1
2024-04-09 03:30:48;31.5;68.3;63.6;78.1;75.1;75.2;16.4 °C;20.9;21.4;20.6;19.8;19.1
2024-04-09 03:40:55;31.5;68.3;63.6;78.1;75.1;75.2;16.3 °C;20.8;21.3;20.5;19.8;19.1
2024-04-09 03:50:55;31.5;68.3;63.6;78.1;75.1;75.1;16.2 °C;20.8;21.3;20.5;19.8;19.2
2024-04-09 04:00:52;31.5;68.3;63.6;78.1;75.1;75.1;16.1 °C;20.7;21.3;20.5;19.8;19.2
2024-04-09 04:10:49;31.5;68.2;63.6;78.1;75.1;75.1;16 °C;20.6;21.3;20.5;19.8;19.2
2024-04-09 04:20:48;31.5;68.2;63.5;78.1;75.1;75.2;15.9 °C;20.6;21.2;20.5;19.8;19.2
2024-04-09 04:30:51;31.5;68.2;63.5;78.1;75.1;75.1;15.9 °C;20.5;21.2;20.5;19.8;19.2
2024-04-09 04:40:51;31.5;68.2;63.5;78.1;75.1;75.1;15.8 °C;20.4;21.1;20.5;19.8;19.2
2024-04-09 04:50:52;31.5;68.1;63.5;78.1;75.1;75.1;15.7 °C;20.4;21.1;20.5;19.8;19.2
2024-04-09 05:00:49;31.5;68.1;63.5;78.1;75.1;75.2;15.6 °C;20.3;21.1;20.4;19.8;19.2
2024-04-09 05:10:52;31.5;68.1;63.5;78.1;75.1;75.1;15.6 °C;20.3;21.1;20.4;19.8;19.2
2024-04-09 05:20:54;31.5;68.1;63.5;78.1;75.1;75.1;15.5 °C;20.2;21;20.4;19.8;19.2
2024-04-09 05:30:50;31.5;68.1;63.5;78.0;75.1;75.2;15.4 °C;20.1;21;20.4;19.8;19.2
2024-04-09 05:40:51;31.5;68.1;63.5;78.1;75.1;75.2;15.3 °C;20.1;20.9;20.4;19.8;19.2
2024-04-09 05:50:56;31.5;68.0;63.5;78.0;75.1;75.1;15.3 °C;20;20.9;20.4;19.8;19.3
2024-04-09 06:00:54;31.6;68.0;63.4;78.0;75.1;75.1;15.2 °C;19.9;20.9;20.4;19.8;19.3
2024-04-09 06:10:53;31.6;68.0;63.4;78.0;75.1;75.2;15.1 °C;19.9;20.8;20.4;19.8;19.3
2024-04-09 06:20:52;31.6;68.0;63.4;78.0;75.1;75.2;15.1 °C;19.9;20.8;20.4;19.8;19.3
2024-04-09 06:30:50;31.6;67.9;63.4;78.0;75.1;75.2;15 °C;19.8;20.8;20.4;19.8;19.3
2024-04-09 06:40:54;31.6;67.9;63.4;78.0;75.1;75.2;14.9 °C;19.8;20.8;20.3;19.8;19.3
2024-04-09 06:50:55;31.6;67.9;63.4;78.0;75.1;75.2;14.9 °C;19.7;20.7;20.3;19.8;19.3
2024-04-09 07:00:55;31.6;67.9;63.4;78.0;75.1;75.2;15 °C;19.6;20.7;20.3;19.8;19.3
2024-04-09 07:10:49;31.6;67.9;63.4;78.0;75.1;75.2;15.1 °C;19.6;20.6;20.3;19.8;19.3
2024-04-09 07:20:52;31.6;67.9;63.4;78.0;75.1;75.2;15.1 °C;19.5;20.6;20.3;19.8;19.3
2024-04-09 07:30:53;31.6;67.9;63.3;78.0;75.1;75.2;15.3 °C;19.4;20.6;20.3;19.8;19.3
2024-04-09 07:40:48;31.7;67.8;63.4;78.0;75.1;75.2;15.4 °C;19.4;20.5;20.3;19.8;19.3
2024-04-09 07:50:54;31.7;67.8;63.3;78.0;75.1;75.2;15.6 °C;19.4;20.5;20.3;19.8;19.3
2024-04-09 08:00:51;31.7;67.8;63.3;78.0;75.1;75.2;15.8 °C;19.3;20.4;20.3;19.8;19.3
2024-04-09 08:10:55;31.7;67.8;63.3;78.0;75.1;75.2;16.1 °C;19.3;20.4;20.2;19.8;19.3
2024-04-09 08:20:49;31.7;67.8;63.3;78.0;75.1;75.2;16.6 °C;19.2;20.4;20.2;19.8;19.3
2024-04-09 08:30:51;31.8;67.7;63.3;78.0;75.1;75.2;17.1 °C;19.2;20.3;20.2;19.8;19.3
2024-04-09 08:40:49;31.8;67.8;63.3;77.9;75.1;75.2;17.6 °C;19.1;20.3;20.1;19.8;19.3
2024-04-09 08:50:48;31.8;67.8;63.3;77.9;75.1;75.2;18.1 °C;19.1;20.3;20.1;19.8;19.3
2024-04-09 09:00:55;31.8;67.7;63.2;77.9;75.1;75.2;18.6 °C;19.1;20.3;20.1;19.8;19.3
2024-04-09 09:10:51;31.9;67.7;63.2;77.9;75.1;75.2;18.9 °C;19.1;20.2;20.1;19.8;19.3
2024-04-09 09:20:48;31.9;67.7;63.2;77.9;75.1;75.2;19.3 °C;19.1;20.2;20.1;19.8;19.3
2024-04-09 09:30:55;31.9;67.7;63.2;77.9;75.1;75.2;19.6 °C;19.1;20.1;20.1;19.8;19.3
2024-04-09 09:40:52;31.9;67.7;63.2;77.9;75.0;75.2;20.1 °C;19.1;20.1;20.1;19.7;19.3
2024-04-09 09:50:54;31.9;67.7;63.2;77.9;75.0;75.2;20.6 °C;19.1;20.1;20;19.7;19.3
2024-04-09 10:00:50;31.9;67.7;63.2;77.9;75.0;75.2;21.1 °C;19.1;20.1;20;19.7;19.3
2024-04-09 10:10:55;31.9;67.8;63.2;77.9;75.0;75.2;21.5 °C;19.1;20;20;19.7;19.3
2024-04-09 10:20:53;31.9;67.8;63.2;77.9;75.0;75.2;21.9 °C;19.1;20;19.9;19.7;19.3
2024-04-09 10:30:51;31.9;67.7;63.2;77.8;75.0;75.2;22.1 °C;19.2;19.9;19.9;19.7;19.3
2024-04-09 10:40:49;31.9;67.8;63.1;77.8;75.0;75.2;22.3 °C;19.3;19.9;19.9;19.7;19.3
2024-04-09 10:50:48;31.9;67.8;63.1;77.8;75.0;75.2;22.6 °C;19.3;19.9;19.9;19.7;19.3
2024-04-09 11:00:50;31.8;67.8;63.1;77.8;75.0;75.2;22.6 °C;19.4;19.9;19.9;19.7;19.3
2024-04-09 11:10:50;31.8;67.8;63.2;77.8;75.0;75.2;22.5 °C;19.4;19.9;19.9;19.6;19.3
2024-04-09 11:20:50;31.8;67.8;63.2;77.8;75.0;75.2;22.5 °C;19.5;19.9;19.9;19.6;19.3
2024-04-09 11:30:50;31.8;67.8;63.1;77.8;75.0;75.2;22.6 °C;19.6;19.9;19.8;19.6;19.3
2024-04-09 11:40:50;31.9;67.9;63.1;77.8;75.0;75.2;23.4 °C;19.6;19.9;19.8;19.6;19.3
2024-04-09 11:50:51;31.9;67.9;63.1;77.8;75.0;75.1;24.6 °C;19.8;19.9;19.8;19.6;19.3
2024-04-09 12:00:52;32.0;67.9;63.1;77.8;75.0;75.1;26.1 °C;19.8;19.9;19.8;19.6;19.3
2024-04-09 12:10:50;31.9;67.9;63.1;77.7;75.0;75.1;27.4 °C;19.9;19.9;19.8;19.6;19.3
2024-04-09 12:20:53;32.0;67.9;63.1;77.7;75.0;75.2;28.4 °C;20;19.9;19.8;19.6;19.3
2024-04-09 12:30:53;31.9;68;63.1;77.7;75.0;75.2;29.4 °C;20.1;19.9;19.8;19.6;19.3
2024-04-09 12:41:01;31.9;68.0;63.1;77.7;75.0;75.2;30.2 °C;20.2;19.9;19.8;19.6;19.3
2024-04-09 12:50:52;31.9;68.0;63.1;77.7;75.0;75.1;30.8 °C;20.3;19.9;19.8;19.6;19.3
2024-04-09 13:00:50;31.8;68.1;63.1;77.7;74.9;75.1;31.2 °C;20.4;19.9;19.7;19.6;19.3
2024-04-09 13:10:54;31.8;68.1;63.1;77.7;74.9;75.1;31.7 °C;20.6;19.9;19.7;19.6;19.3
2024-04-09 13:20:54;31.7;68.2;63.1;77.7;74.9;75.1;32.1 °C;20.7;19.9;19.7;19.6;19.3
2024-04-09 13:30:54;31.7;68.2;63.1;77.7;74.9;75.1;32.4 °C;20.9;19.9;19.7;19.6;19.3
2024-04-09 13:40:50;31.6;68.3;63.1;77.7;74.9;75.1;32.6 °C;21;19.9;19.7;19.5;19.3
2024-04-09 13:50:54;31.6;68.3;63.1;77.7;74.9;75.1;32.7 °C;21.2;20;19.7;19.5;19.3
2024-04-09 14:00:54;31.5;68.4;63.1;77.7;74.9;75.1;32.9 °C;21.3;20;19.7;19.5;19.3
2024-04-09 14:10:55;31.4;68.4;63.2;77.7;74.9;75.1;33.1 °C;21.5;20.1;19.6;19.5;19.3
2024-04-09 14:20:48;31.4;68.5;63.2;77.7;74.9;75.1;33.2 °C;21.6;20.1;19.6;19.5;19.3
2024-04-09 14:30:50;31.4;68.6;63.1;77.7;74.9;75.1;33.3 °C;21.8;20.1;19.6;19.5;19.3
2024-04-09 14:40:55;31.3;68.6;63.1;77.7;74.9;75.1;33.5 °C;21.9;20.1;19.6;19.5;19.3
2024-04-09 14:50:52;31.3;68.7;63.2;77.7;74.9;75.1;33.6 °C;22.1;20.2;19.6;19.5;19.3
2024-04-09 15:00:55;31.2;68.7;63.2;77.7;74.9;75.1;33.6 °C;22.3;20.3;19.6;19.5;19.3
2024-04-09 15:10:49;31.2;68.8;63.2;77.7;74.9;75.1;33.6 °C;22.4;20.3;19.6;19.4;19.2
2024-04-09 15:20:48;31.1;68.8;63.2;77.7;74.9;75.1;33.6 °C;22.6;20.3;19.6;19.4;19.2
2024-04-09 15:30:50;31.1;68.9;63.2;77.7;74.9;75.1;33.6 °C;22.7;20.4;19.7;19.4;19.2
2024-04-09 15:40:55;31.0;69.0;63.2;77.7;74.9;75.1;33.4 °C;22.8;20.4;19.7;19.4;19.2
2024-04-09 15:50:49;30.9;69.0;63.3;77.7;74.9;75.1;33.3 °C;23;20.5;19.7;19.4;19.2
2024-04-09 16:00:52;30.9;69.0;63.3;77.7;74.9;75.1;33.2 °C;23.1;20.6;19.7;19.4;19.2
2024-04-09 16:10:54;30.8;69.1;63.3;77.7;74.9;75.1;33.1 °C;23.3;20.6;19.7;19.4;19.2
2024-04-09 16:20:55;30.8;69.2;63.3;77.7;74.9;75.1;32.9 °C;23.4;20.6;19.7;19.4;19.2
2024-04-09 16:30:47;30.7;69.2;63.3;77.7;74.9;75.1;32.7 °C;23.4;20.7;19.7;19.4;19.2
2024-04-09 16:40:50;30.7;69.2;63.3;77.7;74.9;75.1;32.3 °C;23.6;20.8;19.8;19.4;19.2
2024-04-09 16:50:54;30.6;69.3;63.3;77.7;74.9;75.1;32 °C;23.7;20.8;19.8;19.4;19.2
2024-04-09 17:00:54;30.5;69.3;63.4;77.7;74.9;75.1;31.6 °C;23.8;20.9;19.8;19.4;19.2
2024-04-09 17:10:51;30.5;69.3;63.4;77.7;74.9;75.1;31.2 °C;23.9;20.9;19.8;19.4;19.2
2024-04-09 17:20:49;30.4;69.4;63.4;77.7;74.9;75.1;30.8 °C;23.9;21;19.8;19.4;19.2
2024-04-09 17:30:49;30.4;69.4;63.4;77.7;74.9;75.1;30.3 °C;24;21.1;19.8;19.4;19.2
2024-04-09 17:40:49;30.3;69.4;63.4;77.7;74.9;75.1;29.4 °C;24.1;21.1;19.8;19.4;19.2
2024-04-09 17:50:52;30.3;69.4;63.4;77.7;74.9;75.1;28.7 °C;24.1;21.2;19.9;19.4;19.2
2024-04-09 18:00:54;30.2;69.4;63.5;77.8;74.9;75.1;28.3 °C;24.2;21.3;19.9;19.4;19.2
2024-04-09 18:10:48;30.2;69.4;63.5;77.8;74.9;75.1;27.8 °C;24.3;21.3;19.9;19.4;19.2
2024-04-09 18:20:54;30.2;69.4;63.5;77.8;74.9;75.1;27.1 °C;24.3;21.4;19.9;19.4;19.2
2024-04-09 18:30:54;30.2;69.4;63.5;77.8;74.9;75.1;26.7 °C;24.3;21.4;19.9;19.4;19.2
2024-04-09 18:40:52;30.1;69.4;63.5;77.8;74.9;75.1;26.3 °C;24.3;21.5;19.9;19.4;19.2
2024-04-09 18:50:54;30.1;69.4;63.6;77.8;74.9;75.1;25.8 °C;24.3;21.5;20;19.4;19.2
2024-04-09 19:00:55;30.1;69.4;63.6;77.8;74.9;75.1;25.4 °C;24.3;21.6;20;19.4;19.2
2024-04-09 19:10:53;30.0;69.4;63.6;77.8;74.9;75.1;25 °C;24.3;21.6;20.1;19.4;19.2
2024-04-09 19:20:48;30.1;69.4;63.6;77.8;74.9;75.1;24.6 °C;24.3;21.7;20.1;19.5;19.2
2024-04-09 19:30:48;30.0;69.4;63.6;77.8;74.9;75.1;24.1 °C;24.2;21.8;20.1;19.5;19.2
2024-04-09 19:40:51;30.0;69.4;63.6;77.9;74.9;75.1;23.7 °C;24.2;21.8;20.1;19.5;19.2
2024-04-09 19:50:52;30.0;69.4;63.6;77.9;74.9;75.1;23.3 °C;24.1;21.8;20.1;19.5;19.2
2024-04-09 20:00:55;30.0;69.3;63.7;77.9;74.9;75.1;22.9 °C;24.1;21.8;20.2;19.5;19.2
2024-04-09 20:10:49;30;69.3;63.7;77.9;74.9;75.1;22.6 °C;24.1;21.9;20.2;19.5;19.2
2024-04-09 20:20:53;30.0;69.3;63.7;77.9;74.9;75.1;22.3 °C;24;21.9;20.2;19.5;19.2
2024-04-09 20:30:48;30.0;69.3;63.7;77.9;74.9;75.1;22 °C;23.9;21.9;20.3;19.5;19.2
2024-04-09 20:40:51;30.0;69.2;63.7;77.9;74.9;75.1;21.8 °C;23.9;21.9;20.3;19.6;19.2
2024-04-09 20:50:49;30.0;69.2;63.7;77.9;74.9;75.1;21.5 °C;23.8;22;20.3;19.6;19.2
2024-04-09 21:00:48;30.0;69.2;63.7;77.9;74.9;75.1;21.3 °C;23.8;22;20.3;19.6;19.2
2024-04-09 21:10:52;30.0;69.2;63.7;77.9;74.9;75.1;21.1 °C;23.7;22;20.3;19.6;19.2
2024-04-09 21:20:55;30.0;69.1;63.7;77.9;74.9;75.1;20.9 °C;23.6;22;20.4;19.6;19.2
2024-04-09 21:30:49;30;69.1;63.7;78.0;74.9;75.1;20.8 °C;23.6;22.1;20.4;19.6;19.2
2024-04-09 21:40:52;30.0;69.0;63.7;78.0;75.0;75.1;20.7 °C;23.5;22.1;20.4;19.6;19.2
2024-04-09 21:50:48;30.0;69.0;63.7;78.0;75.0;75.1;20.5 °C;23.4;22.1;20.4;19.6;19.2
2024-04-09 22:00:51;30.0;69.0;63.7;78.0;75.0;75.1;20.4 °C;23.4;22.1;20.4;19.6;19.2
2024-04-09 22:10:49;30.0;69.0;63.8;78.0;75.0;75.1;20.3 °C;23.3;22.1;20.5;19.6;19.2
2024-04-09 22:20:48;30.0;69.0;63.8;78.0;75.0;75.1;20.1 °C;23.2;22.1;20.5;19.6;19.2
2024-04-09 22:30:52;30.0;68.9;63.7;78.0;75.0;75.1;19.9 °C;23.1;22.1;20.5;19.7;19.2
2024-04-09 22:40:54;30.0;68.9;63.8;78.1;75.0;75.1;19.8 °C;23.1;22.1;20.5;19.7;19.2
2024-04-09 22:50:48;30.1;68.8;63.8;78.0;75.0;75.1;19.8 °C;23;22.1;20.6;19.7;19.3
2024-04-09 23:00:54;30.1;68.8;63.7;78.0;75.0;75.1;19.6 °C;22.9;22.1;20.6;19.7;19.3
2024-04-09 23:10:52;30.1;68.8;63.7;78.1;75.0;75.1;19.6 °C;22.8;22.1;20.6;19.7;19.3
2024-04-09 23:20:51;30.1;68.8;63.8;78.1;75.0;75.1;19.4 °C;22.8;22.1;20.6;19.7;19.3
2024-04-09 23:30:49;30.1;68.7;63.7;78.1;75.0;75.1;19.3 °C;22.7;22.1;20.6;19.8;19.3
2024-04-09 23:40:48;30.1;68.7;63.7;78.1;75.0;75.1;19.3 °C;22.6;22;20.6;19.8;19.3
2024-04-09 23:50:48;30.1;68.7;63.7;78.1;75.0;75.1;19.1 °C;22.6;22;20.6;19.8;19.3
2024-04-10 00:00:54;30.0;68.6;63.7;78.1;75.0;75.1;19 °C;22.5;22;20.6;19.8;19.3
2024-04-10 00:10:48;30;68.6;63.7;78.1;75.0;75.1;18.9 °C;22.4;22;20.6;19.8;19.3
2024-04-10 00:20:54;30.0;68.6;63.7;78.1;75.0;75.1;18.8 °C;22.4;21.9;20.7;19.8;19.3
2024-04-10 00:30:48;30.0;68.6;63.7;78.1;75.0;75.1;18.6 °C;22.3;21.9;20.7;19.8;19.3
2024-04-10 00:40:51;30.0;68.6;63.7;78.1;75.1;75.1;18.6 °C;22.2;21.9;20.7;19.8;19.3
2024-04-10 00:50:49;30.1;68.5;63.7;78.1;75.0;75.2;18.5 °C;22.1;21.9;20.7;19.8;19.3
2024-04-10 01:00:49;30.0;68.5;63.7;78.1;75.0;75.2;18.4 °C;22.1;21.9;20.7;19.8;19.3
2024-04-10 01:10:53;30.1;68.5;63.6;78.1;75.0;75.2;18.3 °C;22;21.9;20.7;19.8;19.3
2024-04-10 01:20:52;30.1;68.4;63.7;78.1;75.0;75.2;18.1 °C;21.9;21.8;20.7;19.8;19.3
2024-04-10 01:30:52;30.1;68.4;63.7;78.1;75.1;75.2;18.1 °C;21.9;21.8;20.7;19.9;19.3
2024-04-10 01:40:52;30.1;68.4;63.7;78.1;75.1;75.2;18 °C;21.8;21.8;20.7;19.9;19.3
2024-04-10 01:50:51;30.1;68.4;63.6;78.1;75.1;75.2;17.9 °C;21.8;21.8;20.7;19.9;19.3
2024-04-10 02:00:52;30.1;68.4;63.6;78.1;75.1;75.2;17.8 °C;21.7;21.8;20.7;19.9;19.3
2024-04-10 02:10:47;30.1;68.3;63.6;78.1;75.1;75.2;17.8 °C;21.6;21.8;20.7;19.9;19.3
2024-04-10 02:20:50;30.1;68.3;63.6;78.1;75.1;75.2;17.7 °C;21.6;21.7;20.7;19.9;19.3
2024-04-10 02:30:47;30.1;68.3;63.6;78.1;75.1;75.2;17.6 °C;21.5;21.7;20.7;19.9;19.3
2024-04-10 02:40:50;30.1;68.3;63.6;78.1;75.1;75.2;17.5 °C;21.4;21.6;20.7;19.9;19.4
2024-04-10 02:50:47;30.1;68.2;63.6;78.1;75.1;75.2;17.4 °C;21.4;21.6;20.7;19.9;19.4
2024-04-10 03:00:54;30.1;68.2;63.6;78.1;75.1;75.2;17.3 °C;21.3;21.6;20.7;19.9;19.4
2024-04-10 03:10:47;30.1;68.2;63.6;78.1;75.0;75.2;17.3 °C;21.3;21.6;20.7;19.9;19.4
2024-04-10 03:20:53;30.1;68.2;63.6;78.1;75.1;75.2;17.1 °C;21.2;21.6;20.7;19.9;19.4
2024-04-10 03:30:50;30.1;68.2;63.5;78.1;75.1;75.2;17.1 °C;21.1;21.5;20.7;19.9;19.4
2024-04-10 03:40:51;30.1;68.2;63.5;78.1;75.1;75.2;17 °C;21.1;21.5;20.7;19.9;19.4
2024-04-10 03:50:54;30.2;68.1;63.5;78.1;75.1;75.2;16.9 °C;21;21.4;20.7;19.9;19.4
2024-04-10 04:10:51;30.1;68.1;63.5;78.1;75.1;75.2;16.7 °C;20.9;21.4;20.7;19.9;19.4
2024-04-10 04:20:50;30.1;68.1;63.5;78.1;75.1;75.2;16.6 °C;20.8;21.4;20.6;19.9;19.4
2024-04-10 04:30:51;30.2;68.0;63.5;78.1;75.1;75.2;16.6 °C;20.8;21.3;20.6;19.9;19.4
2024-04-10 04:40:49;30.2;68.0;63.5;78.1;75.1;75.2;16.5 °C;20.8;21.3;20.6;19.9;19.4
2024-04-10 04:50:54;30.2;68.0;63.5;78.0;75.1;75.2;16.4 °C;20.7;21.3;20.6;19.9;19.4
2024-04-10 05:00:48;30.2;68.0;63.5;78.0;75.1;75.2;16.3 °C;20.6;21.3;20.6;19.9;19.4
2024-04-10 05:10:47;30.2;68.0;63.4;78.0;75.1;75.2;16.2 °C;20.6;21.2;20.6;20;19.4
2024-04-10 05:20:53;30.2;68.0;63.4;78.0;75.1;75.2;16.1 °C;20.5;21.2;20.6;19.9;19.4
2024-04-10 05:30:53;30.2;67.9;63.4;78.0;75.1;75.2;15.9 °C;20.4;21.1;20.6;20;19.4
2024-04-10 05:40:50;30.2;67.9;63.4;78.0;75.1;75.2;15.9 °C;20.4;21.1;20.6;20;19.4
2024-04-10 05:50:47;30.2;67.9;63.4;78.0;75.1;75.2;15.8 °C;20.3;21.1;20.6;20;19.4
2024-04-10 06:00:50;30.2;67.9;63.4;78.0;75.1;75.2;15.7 °C;20.3;21.1;20.6;20;19.4
2024-04-10 06:10:51;30.2;67.8;63.4;78.0;75.1;75.2;15.6 °C;20.2;21;20.6;20;19.4
2024-04-10 06:20:54;30.2;67.8;63.3;78.0;75.1;75.2;15.5 °C;20.2;21;20.6;20;19.4
2024-04-10 06:30:47;30.2;67.8;63.3;78.0;75.1;75.2;15.4 °C;20.1;20.9;20.5;20;19.4
2024-04-10 06:40:53;30.2;67.8;63.3;78.0;75.1;75.2;15.3 °C;20.1;20.9;20.5;20;19.4
2024-04-10 06:50:54;30.2;67.8;63.3;78.0;75.1;75.2;15.3 °C;20;20.9;20.5;20;19.4
2024-04-10 07:00:51;30.3;67.7;63.3;78.0;75.1;75.2;15.3 °C;19.9;20.9;20.5;20;19.4
2024-04-10 07:10:53;30.3;67.8;63.3;78.0;75.1;75.2;15.3 °C;19.9;20.8;20.5;19.9;19.4
2024-04-10 07:20:53;30.3;67.7;63.3;78.0;75.1;75.2;15.4 °C;19.8;20.8;20.4;19.9;19.5
2024-04-10 07:30:54;30.3;67.7;63.3;78.0;75.1;75.2;15.7 °C;19.8;20.8;20.4;19.9;19.5
2024-04-10 07:40:52;30.3;67.7;63.3;78.0;75.1;75.2;15.9 °C;19.7;20.8;20.4;19.9;19.5
2024-04-10 07:50:48;30.4;67.7;63.3;78.0;75.1;75.2;16.2 °C;19.6;20.7;20.4;19.9;19.5
2024-04-10 08:00:48;30.4;67.7;63.2;78.0;75.1;75.2;16.3 °C;19.6;20.7;20.4;19.9;19.5
2024-04-10 08:10:47;30.4;67.6;63.2;77.9;75.1;75.2;16.4 °C;19.6;20.6;20.4;19.9;19.5
2024-04-10 08:20:50;30.4;67.6;63.2;78.0;75.1;75.2;16.6 °C;19.5;20.6;20.4;19.9;19.5
2024-04-10 08:30:48;30.4;67.5;63.2;77.9;75.1;75.2;16.8 °C;19.5;20.6;20.4;19.9;19.5
2024-04-10 08:40:52;30.4;67.5;63.2;77.9;75.0;75.2;17 °C;19.4;20.6;20.4;19.9;19.5
2024-04-10 08:50:51;30.5;67.5;63.2;77.9;75.1;75.2;17.3 °C;19.4;20.5;20.3;19.9;19.5
2024-04-10 09:00:54;30.5;67.6;63.2;77.9;75.0;75.2;17.5 °C;19.4;20.4;20.3;19.9;19.5
2024-04-10 09:10:48;30.5;67.6;63.2;77.9;75.0;75.2;17.8 °C;19.4;20.4;20.3;19.9;19.5
2024-04-10 09:20:48;30.5;67.6;63.1;77.9;75.0;75.2;18.2 °C;19.3;20.4;20.3;19.9;19.5
2024-04-10 09:30:48;30.5;67.7;63.1;77.9;75.0;75.2;18.8 °C;19.3;20.4;20.3;19.9;19.5
2024-04-10 09:40:47;30.6;67.6;63.1;77.9;75.1;75.2;19.3 °C;19.3;20.3;20.3;19.9;19.5
2024-04-10 09:50:54;30.6;67.6;63.1;77.9;75.0;75.2;19.9 °C;19.3;20.3;20.3;19.9;19.5
2024-04-10 10:00:48;30.6;67.6;63.1;77.9;75.0;75.2;20.7 °C;19.3;20.3;20.2;19.9;19.5
2024-04-10 10:10:51;30.5;67.6;63.1;77.9;75.1;75.2;20.9 °C;19.3;20.3;20.2;19.9;19.5
2024-04-10 10:20:53;30.5;67.6;63.1;77.8;75.1;75.2;21 °C;19.3;20.3;20.2;19.9;19.5
2024-04-10 10:30:53;30.5;67.6;63.1;77.8;75.1;75.2;21.1 °C;19.4;20.2;20.2;19.9;19.5
2024-04-10 10:40:46;30.5;67.6;63.1;77.8;75.0;75.2;21.4 °C;19.4;20.2;20.1;19.9;19.5
2024-04-10 10:50:49;30.5;67.6;63.1;77.8;75.1;75.2;21.7 °C;19.4;20.1;20.1;19.9;19.5
2024-04-10 11:00:53;30.5;67.6;63.1;77.8;75.0;75.2;22 °C;19.4;20.1;20.1;19.9;19.5
2024-04-10 11:10:54;30.5;67.6;63.1;77.8;75.0;75.2;22.3 °C;19.5;20.1;20.1;19.9;19.5
2024-04-10 11:20:48;30.4;67.6;63.1;77.8;75.0;75.2;22.5 °C;19.6;20.1;20.1;19.9;19.5
2024-04-10 11:30:51;30.5;67.6;63.1;77.8;75.0;75.2;22.8 °C;19.6;20.1;20.1;19.9;19.5
2024-04-10 11:40:50;30.5;67.5;63.1;77.8;75.0;75.2;23.6 °C;19.7;20.1;20.1;19.8;19.5
2024-04-10 11:50:52;30.5;67.5;63.1;77.8;75;75.2;24.4 °C;19.8;20.1;20;19.8;19.5
2024-04-10 12:00:51;30.4;67.5;63.1;77.8;75;75.2;24.7 °C;19.8;20.1;20;19.8;19.5
2024-04-10 12:10:49;30.5;67.5;63.0;77.8;75;75.2;25.6 °C;19.9;20;20;19.8;19.5
2024-04-10 12:20:47;30.5;67.5;63.0;77.8;75.0;75.2;26.4 °C;19.9;20;20;19.8;19.5
2024-04-10 12:30:49;30.4;67.5;63.0;77.8;75.0;75.2;26.8 °C;20;20;19.9;19.8;19.5
2024-04-10 12:40:53;30.4;67.5;63.0;77.7;75.0;75.2;27.1 °C;20.1;20;19.9;19.8;19.5
2024-04-10 12:50:47;30.4;67.5;63.0;77.7;74.9;75.2;28.1 °C;20.2;20;19.9;19.8;19.5
2024-04-10 13:00:53;30.4;67.6;63.0;77.7;75.0;75.2;29.1 °C;20.3;20;19.9;19.8;19.5
2024-04-10 13:10:50;30.3;67.6;63.1;77.7;74.9;75.2;29.6 °C;20.4;20.1;19.9;19.8;19.5
2024-04-10 13:20:51;30.3;67.7;63.1;77.7;75.0;75.2;30.2 °C;20.5;20.1;19.9;19.8;19.5
2024-04-10 13:30:51;30.3;67.7;63.1;77.7;74.9;75.2;30.9 °C;20.6;20.1;19.9;19.8;19.5
2024-04-10 13:40:49;30.3;67.7;63.1;77.7;74.9;75.2;31.5 °C;20.8;20.1;19.9;19.8;19.4
2024-04-10 13:50:50;30.3;67.8;63.1;77.7;74.9;75.2;31.9 °C;20.9;20.1;19.9;19.8;19.4
2024-04-10 14:00:52;30.2;67.9;63.1;77.7;74.9;75.2;32.2 °C;21;20.1;19.9;19.8;19.4
2024-04-10 14:10:48;30.2;67.9;63.0;77.7;74.9;75.2;32.5 °C;21.2;20.1;19.9;19.8;19.4
2024-04-10 14:20:52;30.1;68.0;63.1;77.7;74.9;75.2;32.6 °C;21.3;20.1;19.9;19.7;19.4
2024-04-10 14:30:52;30.0;68.1;63.0;77.7;74.9;75.2;32.2 °C;21.4;20.2;19.8;19.7;19.4
2024-04-10 14:40:47;30.0;68.2;63.1;77.7;74.9;75.2;32 °C;21.6;20.2;19.8;19.7;19.4
2024-04-10 14:50:50;29.9;68.2;63.1;77.7;74.9;75.2;32.2 °C;21.8;20.2;19.8;19.7;19.4
2024-04-10 15:00:48;29.9;68.2;63.1;77.7;74.9;75.1;32.5 °C;21.9;20.3;19.8;19.7;19.4
2024-04-10 15:10:53;29.8;68.3;63.1;77.7;74.9;75.2;32.4 °C;22.1;20.3;19.8;19.7;19.4
2024-04-10 15:20:50;29.8;68.3;63.1;77.7;74.9;75.2;32.3 °C;22.2;20.3;19.8;19.7;19.4
2024-04-10 15:30:52;29.8;68.4;63.1;77.7;74.9;75.1;32.6 °C;22.3;20.4;19.8;19.7;19.4
2024-04-10 15:40:51;29.8;68.2;63.1;77.7;74.9;75.2;32.8 °C;22.5;20.4;19.8;19.7;19.4
2024-04-10 15:50:47;29.7;68.3;63.1;77.7;74.9;75.1;32.8 °C;22.6;20.4;19.8;19.6;19.4
2024-04-10 16:00:53;29.7;68.4;63.1;77.7;74.9;75.2;32.8 °C;22.8;20.5;19.8;19.6;19.4
2024-04-10 16:10:51;29.6;68.4;63.1;77.7;74.9;75.1;32.4 °C;22.9;20.6;19.8;19.6;19.4
2024-04-10 16:20:50;29.5;68.5;63.2;77.7;74.9;75.1;31.4 °C;23;20.6;19.8;19.6;19.4
2024-04-10 16:30:47;29.4;68.4;63.2;77.7;74.9;75.1;30.5 °C;23.1;20.7;19.9;19.6;19.4
2024-04-10 16:40:47;29.4;68.5;63.2;77.7;74.9;75.1;29.9 °C;23.3;20.7;19.9;19.6;19.4
2024-04-10 16:50:46;29.3;68.5;63.2;77.7;74.9;75.2;29.3 °C;23.3;20.8;19.9;19.6;19.4
2024-04-10 17:00:52;29.3;68.6;63.2;77.7;74.9;75.1;28.6 °C;23.4;20.8;19.9;19.6;19.4
2024-04-10 17:10:48;29.3;68.7;63.3;77.7;74.9;75.1;28 °C;23.5;20.9;19.9;19.6;19.4
2024-04-10 17:20:49;29.2;68.7;63.3;77.7;74.9;75.1;27.4 °C;23.6;20.9;19.9;19.6;19.4
2024-04-10 17:30:50;29.2;68.7;63.3;77.7;74.9;75.1;27.1 °C;23.6;21;19.9;19.6;19.4
2024-04-10 17:40:52;29.2;68.6;63.3;77.7;74.9;75.1;26.7 °C;23.7;21.1;19.9;19.6;19.4
2024-04-10 17:50:52;29.2;68.5;63.3;77.7;74.9;75.1;26.4 °C;23.7;21.1;19.9;19.6;19.4
2024-04-10 18:00:52;29.1;68.5;63.3;77.7;74.9;75.1;26.3 °C;23.8;21.2;19.9;19.6;19.4
2024-04-10 18:10:52;29.1;68.4;63.3;77.7;74.9;75.1;26 °C;23.8;21.3;20;19.6;19.4
2024-04-10 18:20:48;29.1;68.3;63.4;77.7;74.9;75.1;25.8 °C;23.8;21.3;20;19.6;19.4
2024-04-10 18:30:47;29.1;67.9;63.4;77.7;74.9;75.1;25.5 °C;23.8;21.3;20;19.6;19.4
2024-04-10 18:40:47;29.0;68.1;63.4;77.7;74.9;75.1;25.3 °C;23.8;21.4;20.1;19.6;19.4
2024-04-10 18:50:46;29.1;68.1;63.4;77.8;74.9;75.1;24.9 °C;23.8;21.4;20.1;19.6;19.4
2024-04-10 19:00:52;29.0;68.1;63.4;77.8;74.9;75.1;24.6 °C;23.8;21.4;20.1;19.6;19.4
2024-04-10 19:10:49;29.0;68.3;63.4;77.7;74.9;75.1;24.4 °C;23.8;21.5;20.1;19.6;19.4
2024-04-10 19:20:49;29.0;68.2;63.4;77.8;74.9;75.1;24.1 °C;23.8;21.6;20.1;19.6;19.4
2024-04-10 19:30:47;29.0;68.2;63.4;77.8;74.9;75.1;23.9 °C;23.7;21.6;20.1;19.6;19.4
2024-04-10 19:40:46;29.0;68.2;63.5;77.8;74.9;75.1;23.6 °C;23.7;21.6;20.2;19.6;19.4
2024-04-10 19:50:52;29.0;68.2;63.5;77.8;74.9;75.1;23.2 °C;23.6;21.6;20.2;19.6;19.4
2024-04-10 20:00:49;28.9;68.2;63.5;77.8;74.9;75.1;22.9 °C;23.6;21.7;20.2;19.7;19.4
2024-04-10 20:10:47;28.9;68.1;63.5;77.8;74.9;75.1;22.6 °C;23.6;21.7;20.3;19.7;19.4
2024-04-10 20:20:53;28.9;68.0;63.5;77.8;74.9;75.1;22.4 °C;23.6;21.8;20.3;19.7;19.4
2024-04-10 20:30:51;28.9;67.3;63.5;77.9;74.9;75.1;22.2 °C;23.5;21.8;20.3;19.7;19.4
2024-04-10 20:40:51;28.9;67.8;63.5;77.8;74.9;75.1;22 °C;23.4;21.8;20.3;19.7;19.4
2024-04-10 20:50:50;28.9;67.9;63.5;77.9;74.9;75.1;21.8 °C;23.4;21.8;20.3;19.7;19.4
2024-04-10 21:00:48;28.9;67.8;63.5;77.9;74.9;75.1;21.7 °C;23.4;21.8;20.3;19.7;19.4
2024-04-10 21:10:52;28.9;67.7;63.6;77.9;75.0;75.1;21.6 °C;23.3;21.8;20.4;19.7;19.4
2024-04-10 21:20:53;28.9;67.8;63.5;77.9;74.9;75.1;21.4 °C;23.3;21.9;20.4;19.7;19.4
2024-04-10 21:30:51;28.9;67.4;63.5;77.9;74.9;75.2;21.3 °C;23.2;21.9;20.4;19.8;19.4
2024-04-10 21:40:50;28.9;67.2;63.5;77.9;74.9;75.1;21.1 °C;23.2;21.9;20.4;19.8;19.4
2024-04-10 21:50:48;28.9;67.2;63.5;77.9;74.9;75.1;21 °C;23.1;21.9;20.4;19.8;19.4
2024-04-10 22:00:52;28.9;67.1;63.5;77.9;74.9;75.2;20.9 °C;23.1;21.9;20.4;19.8;19.4
2024-04-10 22:10:52;28.9;67.1;63.5;78.0;74.9;75.1;20.8 °C;23;21.9;20.5;19.8;19.4
2024-04-10 22:20:52;28.9;67.1;63.5;78.0;75.0;75.1;20.7 °C;22.9;21.9;20.5;19.8;19.4
2024-04-10 22:30:48;28.9;67.1;63.5;78.0;75.0;75.2;20.6 °C;22.9;21.9;20.5;19.8;19.4
2024-04-10 22:40:53;28.9;67.1;63.5;78.0;75.0;75.1;20.6 °C;22.8;21.9;20.5;19.8;19.4
2024-04-10 22:50:50;28.9;67.2;63.5;78.0;75.0;75.1;20.5 °C;22.8;21.9;20.6;19.8;19.4
2024-04-10 23:00:49;28.9;67.2;63.5;78.0;75.0;75.2;20.4 °C;22.7;21.9;20.6;19.8;19.4
2024-04-10 23:10:47;28.9;67.0;63.5;78.0;75.0;75.1;20.3 °C;22.6;21.9;20.6;19.8;19.4
2024-04-10 23:20:46;28.9;67.0;63.5;78.0;75.0;75.2;20.3 °C;22.6;21.9;20.6;19.8;19.4
2024-04-10 23:30:49;28.9;67.0;63.5;78.0;75;75.2;20.2 °C;22.6;21.9;20.6;19.8;19.4
2024-04-10 23:40:46;28.9;66.9;63.5;78.0;75.0;75.2;20.1 °C;22.5;21.9;20.6;19.9;19.4
2024-04-10 23:50:53;28.9;66.9;63.5;78.0;75.0;75.2;20.1 °C;22.4;21.9;20.6;19.9;19.4
2024-04-11 00:00:47;28.9;66.9;63.5;78.0;75.0;75.2;20 °C;22.4;21.9;20.6;19.9;19.4
2024-04-11 00:10:50;28.9;66.9;63.5;78.0;75.0;75.2;19.9 °C;22.3;21.8;20.6;19.9;19.4
2024-04-11 00:20:52;28.9;66.9;63.5;78.0;75.0;75.2;19.8 °C;22.3;21.8;20.6;19.9;19.4
2024-04-11 00:30:53;28.9;66.8;63.5;78.0;75.0;75.2;19.7 °C;22.3;21.8;20.6;19.9;19.4
2024-04-11 00:40:47;28.9;66.9;63.5;78.0;75.0;75.2;19.6 °C;22.2;21.8;20.6;19.9;19.4
2024-04-11 00:50:47;28.9;66.9;63.5;78.0;75.0;75.2;19.6 °C;22.1;21.8;20.7;19.9;19.4
2024-04-11 01:00:47;28.9;66.9;63.5;78.0;75.0;75.2;19.5 °C;22.1;21.8;20.7;19.9;19.4
2024-04-11 01:10:46;28.9;66.9;63.5;78.0;75.0;75.2;19.4 °C;22;21.8;20.7;19.9;19.4
2024-04-11 01:20:50;28.9;66.9;63.5;78.0;75.0;75.2;19.4 °C;22;21.8;20.7;19.9;19.4
2024-04-11 01:30:52;28.9;66.9;63.5;78.0;75.0;75.2;19.3 °C;21.9;21.8;20.7;19.9;19.5
2024-04-11 01:40:49;28.9;66.9;63.4;78.0;75.0;75.2;19.3 °C;21.9;21.7;20.7;19.9;19.5
2024-04-11 01:50:47;28.9;66.9;63.5;78.0;75.0;75.2;19.3 °C;21.8;21.7;20.7;19.9;19.5
2024-04-11 02:00:46;28.9;66.8;63.5;78.0;75.0;75.2;19.2 °C;21.8;21.7;20.7;19.9;19.5
2024-04-11 02:10:48;28.9;66.8;63.4;78.0;75.0;75.2;19.1 °C;21.8;21.6;20.7;19.9;19.5
2024-04-11 02:20:46;28.9;66.8;63.5;78.0;75.0;75.2;19.1 °C;21.7;21.6;20.7;20;19.5
2024-04-11 02:30:52;28.9;66.8;63.5;78.0;75.0;75.2;19 °C;21.6;21.6;20.7;20;19.5
2024-04-11 02:40:49;28.9;66.8;63.4;78.0;75.0;75.2;18.9 °C;21.6;21.6;20.7;20;19.5
2024-04-11 02:50:47;28.9;66.8;63.4;78.0;75.0;75.2;18.9 °C;21.6;21.6;20.7;20;19.5
2024-04-11 03:00:50;28.9;66.7;63.4;78.0;75.0;75.2;18.8 °C;21.5;21.6;20.7;20;19.5
2024-04-11 03:10:49;28.9;66.7;63.4;78.0;75.1;75.2;18.8 °C;21.4;21.6;20.7;20;19.5
2024-04-11 03:20:46;28.9;66.7;63.4;78.0;75.1;75.2;18.6 °C;21.4;21.5;20.7;20;19.5
2024-04-11 03:30:53;28.9;66.7;63.4;78.0;75.1;75.2;18.6 °C;21.4;21.5;20.7;20;19.5
2024-04-11 03:40:51;28.9;66.7;63.4;78.0;75.1;75.2;18.5 °C;21.3;21.5;20.7;20;19.5
2024-04-11 03:50:50;28.9;66.7;63.4;78.0;75.1;75.2;18.4 °C;21.3;21.4;20.7;20;19.6
2024-04-11 04:00:50;28.9;66.6;63.4;78.0;75.1;75.2;18.4 °C;21.3;21.4;20.7;20;19.6
2024-04-11 04:10:48;28.9;66.6;63.4;78.0;75.1;75.2;18.3 °C;21.2;21.4;20.7;20;19.6
2024-04-11 04:20:49;28.9;66.6;63.3;78.0;75.0;75.2;18.3 °C;21.1;21.4;20.7;20;19.6
2024-04-11 04:30:47;28.8;66.6;63.3;78.0;75.1;75.2;18.2 °C;21.1;21.4;20.7;20;19.6
2024-04-11 04:40:52;28.8;66.6;63.3;78.0;75.1;75.2;18.1 °C;21.1;21.4;20.6;20.1;19.6
2024-04-11 04:50:48;28.8;66.5;63.3;78.0;75.1;75.2;18.1 °C;21;21.3;20.6;20.1;19.6
2024-04-11 05:00:49;28.8;66.5;63.3;78.0;75.1;75.2;18 °C;21;21.3;20.6;20.1;19.6
2024-04-11 05:10:51;28.8;66.5;63.3;78.0;75.1;75.2;17.9 °C;20.9;21.3;20.6;20.1;19.6
2024-04-11 05:20:51;28.9;66.5;63.3;78.0;75.1;75.2;17.9 °C;20.9;21.3;20.6;20.1;19.6
2024-04-11 05:30:47;28.8;66.5;63.3;78.0;75.1;75.2;17.8 °C;20.9;21.3;20.6;20.1;19.6
2024-04-11 05:40:52;28.9;66.5;63.3;78.0;75.1;75.2;17.8 °C;20.8;21.2;20.6;20.1;19.6
2024-04-11 05:50:52;28.8;66.4;63.3;78.0;75.1;75.2;17.7 °C;20.8;21.2;20.6;20.1;19.6
2024-04-11 06:00:50;28.8;66.4;63.2;78.0;75.1;75.2;17.6 °C;20.7;21.2;20.6;20.1;19.6
2024-04-11 06:10:52;28.9;66.4;63.2;78.0;75.1;75.2;17.6 °C;20.7;21.1;20.6;20.1;19.6
2024-04-11 06:20:49;28.8;66.4;63.2;78.0;75.1;75.2;17.4 °C;20.6;21.1;20.6;20.1;19.6
2024-04-11 06:30:47;28.8;66.3;63.2;78.0;75.1;75.2;17.4 °C;20.6;21.1;20.6;20.1;19.6
2024-04-11 06:40:51;28.8;66.3;63.2;78.0;75.1;75.2;17.3 °C;20.6;21.1;20.6;20.1;19.6
2024-04-11 06:50:52;28.8;66.4;63.2;78.0;75.1;75.2;17.3 °C;20.5;21.1;20.6;20.1;19.6
2024-04-11 07:00:52;28.8;66.3;63.2;78.0;75.1;75.2;17.3 °C;20.4;21;20.6;20.1;19.6
2024-04-11 07:10:45;28.8;66.3;63.2;77.9;75.1;75.2;17.3 °C;20.4;21;20.6;20.1;19.6
2024-04-11 07:20:48;28.8;66.3;63.2;78.0;75.1;75.2;17.3 °C;20.4;21;20.5;20.1;19.6
2024-04-11 07:30:53;28.9;66.3;63.1;78.0;75.1;75.2;17.4 °C;20.3;20.9;20.5;20.1;19.6
2024-04-11 07:40:50;28.9;66.2;63.1;78.0;75.1;75.2;17.6 °C;20.3;20.9;20.5;20.1;19.6
2024-04-11 07:50:50;28.9;66.2;63.2;78.0;75.1;75.2;17.9 °C;20.3;20.9;20.5;20.1;19.6
2024-04-11 08:00:53;28.9;66.2;63.1;77.9;75.0;75.2;18.3 °C;20.2;20.9;20.5;20.1;19.6
2024-04-11 08:10:50;28.9;66.2;63.1;77.9;75.1;75.2;18.7 °C;20.2;20.9;20.5;20.1;19.6
2024-04-11 08:20:46;28.9;66.2;63.1;77.9;75.1;75.2;18.9 °C;20.1;20.8;20.4;20.1;19.6
2024-04-11 08:30:48;28.9;66.2;63.1;77.9;75.0;75.2;19.3 °C;20.1;20.8;20.4;20.1;19.6
2024-04-11 08:40:50;28.9;66.2;63.1;77.9;75.1;75.2;19.5 °C;20.1;20.8;20.4;20.1;19.6
2024-04-11 08:50:45;28.9;66.2;63.1;77.9;75.1;75.2;19.7 °C;20.1;20.8;20.4;20.1;19.6
2024-04-11 09:00:51;28.9;66.2;63.1;77.9;75.0;75.2;19.8 °C;20.1;20.8;20.4;20;19.6
2024-04-11 09:10:48;28.9;66.1;63.1;77.9;75.0;75.2;20.2 °C;20.1;20.7;20.4;20;19.6
2024-04-11 09:20:49;28.9;66.2;63.1;77.9;75.1;75.2;20.4 °C;20.1;20.7;20.4;20;19.6
2024-04-11 09:30:51;28.9;66.1;63.1;77.9;75.0;75.2;20.5 °C;20.1;20.6;20.4;20;19.6
2024-04-11 09:40:52;28.9;66.1;63.0;77.9;75.0;75.2;20.6 °C;20.1;20.6;20.4;20;19.6
2024-04-11 09:50:48;28.8;66.1;63.0;77.9;75.0;75.2;20.8 °C;20.1;20.6;20.4;20;19.6
2024-04-11 10:00:50;28.8;66.1;63.0;77.8;75.0;75.2;20.9 °C;20.1;20.6;20.4;20;19.6
2024-04-11 10:10:45;28.8;66.1;63.0;77.8;75.0;75.2;21 °C;20.1;20.6;20.3;20;19.6
2024-04-11 10:20:48;28.8;66.2;63.0;77.8;75.0;75.2;21.1 °C;20.1;20.6;20.3;20;19.6
2024-04-11 10:30:45;28.8;66.1;63.0;77.8;75.0;75.2;21.2 °C;20.1;20.5;20.3;20;19.6
2024-04-11 10:40:48;28.8;66.2;63.0;77.8;75.0;75.2;21.3 °C;20.1;20.5;20.3;20;19.6
2024-04-11 10:50:45;28.8;66.2;63.0;77.8;75.0;75.2;21.4 °C;20.2;20.5;20.3;20;19.6
2024-04-11 11:00:51;28.8;66.2;63.0;77.8;75.0;75.2;21.7 °C;20.2;20.5;20.3;20;19.6
2024-04-11 11:10:47;28.7;66.2;63.0;77.8;75.0;75.2;21.9 °C;20.2;20.5;20.3;20;19.6
2024-04-11 11:20:48;28.8;66.2;63.0;77.8;75.0;75.2;22.1 °C;20.3;20.4;20.3;20;19.6
2024-04-11 11:30:45;28.8;66.2;63.0;77.8;75.0;75.2;22.3 °C;20.3;20.4;20.3;20;19.6
2024-04-11 11:40:47;28.7;66.2;63.0;77.8;75.0;75.2;22.5 °C;20.3;20.4;20.3;19.9;19.6
2024-04-11 11:50:48;28.8;66.2;63.0;77.8;75.0;75.2;22.7 °C;20.4;20.4;20.2;19.9;19.6
2024-04-11 12:00:46;28.8;66.2;63.0;77.8;75.0;75.2;23 °C;20.4;20.4;20.2;19.9;19.6
2024-04-11 12:10:49;28.7;66.2;62.9;77.8;75.0;75.2;23.2 °C;20.4;20.4;20.2;19.9;19.6
2024-04-11 12:20:52;28.8;66.2;63.0;77.8;75.0;75.2;23.5 °C;20.4;20.4;20.2;19.9;19.6
2024-04-11 12:30:45;28.8;66.3;63.0;77.7;75.0;75.2;23.8 °C;20.5;20.4;20.2;19.9;19.6
2024-04-11 12:40:52;28.7;66.2;62.9;77.7;75.0;75.2;24.1 °C;20.6;20.4;20.2;19.9;19.6
2024-04-11 12:50:49;28.7;66.3;63.0;77.7;75.0;75.2;24.4 °C;20.6;20.4;20.1;19.9;19.6
2024-04-11 13:00:47;28.7;66.3;62.9;77.7;75.0;75.2;24.9 °C;20.6;20.4;20.1;19.9;19.6
2024-04-11 13:10:47;28.8;66.3;63.0;77.7;75.0;75.2;25.2 °C;20.7;20.4;20.1;19.9;19.6
2024-04-11 13:20:52;28.7;66.3;63.0;77.7;75.0;75.2;25.4 °C;20.8;20.4;20.1;19.9;19.6
2024-04-11 13:30:49;28.8;66.3;63.0;77.7;75.0;75.2;25.8 °C;20.8;20.4;20.1;19.9;19.6
2024-04-11 13:40:51;28.7;66.4;62.9;77.7;75.0;75.2;25.9 °C;20.9;20.4;20.1;19.9;19.6
2024-04-11 13:50:47;28.7;66.4;62.9;77.7;75.0;75.2;26.1 °C;20.9;20.4;20.1;19.9;19.6
2024-04-11 14:00:52;28.7;66.4;63.0;77.7;75.0;75.2;26.1 °C;21;20.4;20.1;19.9;19.6
2024-04-11 14:10:49;28.7;66.4;63.0;77.7;75.0;75.2;26 °C;21.1;20.4;20.1;19.9;19.6
2024-04-11 14:20:48;28.6;66.4;62.9;77.7;75.0;75.2;26.1 °C;21.2;20.5;20.1;19.9;19.6
2024-04-11 14:30:46;28.7;66.5;62.9;77.7;75.0;75.2;26.3 °C;21.3;20.5;20.1;19.9;19.6
2024-04-11 14:40:46;28.6;66.5;63.0;77.7;75.0;75.2;26.1 °C;21.3;20.5;20.1;19.9;19.6
2024-04-11 14:50:46;28.6;66.5;63.0;77.7;75.0;75.2;26.4 °C;21.4;20.5;20.1;19.9;19.6
2024-04-11 15:00:50;28.6;66.5;63.0;77.7;75.0;75.2;26.6 °C;21.4;20.6;20.1;19.9;19.6
2024-04-11 15:10:48;28.6;66.6;63.0;77.7;74.9;75.2;27.1 °C;21.5;20.6;20.1;19.9;19.6
2024-04-11 15:20:51;28.7;66.6;63.0;77.7;75.0;75.2;27.5 °C;21.6;20.6;20.1;19.9;19.6
2024-04-11 15:30:47;28.7;66.6;63.0;77.7;74.9;75.2;28.3 °C;21.7;20.6;20.1;19.9;19.6
2024-04-11 15:40:51;28.6;66.6;63.0;77.7;75.0;75.2;28.4 °C;21.8;20.6;20.1;19.9;19.6
2024-04-11 15:50:52;28.6;66.6;63.0;77.7;74.9;75.2;28.3 °C;21.8;20.6;20.1;19.8;19.6
2024-04-11 16:00:50;28.6;66.7;63.0;77.7;74.9;75.2;28.7 °C;21.9;20.7;20.1;19.8;19.6
2024-04-11 16:10:50;28.5;66.7;63.0;77.7;74.9;75.2;28.3 °C;22;20.7;20.1;19.8;19.6
2024-04-11 16:20:46;28.6;66.8;63.0;77.7;74.9;75.1;28.6 °C;22.1;20.7;20.1;19.8;19.6
2024-04-11 16:30:46;28.5;66.8;63.0;77.7;74.9;75.2;28.6 °C;22.1;20.8;20.1;19.8;19.6
2024-04-11 16:40:45;28.5;66.8;63.0;77.7;74.9;75.2;28.6 °C;22.2;20.8;20.1;19.8;19.6
2024-04-11 16:50:47;28.5;66.9;63.0;77.7;74.9;75.1;28.7 °C;22.3;20.8;20.1;19.8;19.6
2024-04-11 17:00:44;28.5;66.9;63.0;77.7;74.9;75.2;29.1 °C;22.4;20.8;20.1;19.8;19.6
2024-04-11 17:10:51;28.4;66.9;63.0;77.7;74.9;75.1;29.2 °C;22.4;20.9;20.1;19.8;19.6
2024-04-11 17:20:47;28.4;66.9;63.0;77.7;74.9;75.2;29 °C;22.5;20.9;20.1;19.8;19.6
2024-04-11 17:30:48;28.3;67.0;63.0;77.7;74.9;75.2;28.5 °C;22.6;20.9;20.1;19.8;19.6
2024-04-11 17:40:46;28.3;67.0;63.1;77.7;74.9;75.2;28 °C;22.6;20.9;20.1;19.8;19.6
2024-04-11 17:50:45;28.2;67.0;63.1;77.7;74.9;75.1;27.5 °C;22.7;21;20.1;19.8;19.6
2024-04-11 18:00:52;28.2;67.0;63.1;77.7;74.9;75.2;27.1 °C;22.8;21;20.1;19.8;19.6
2024-04-11 18:10:45;28.2;67.1;63.1;77.7;74.9;75.2;26.6 °C;22.8;21.1;20.1;19.8;19.6
2024-04-11 18:20:52;28.1;67.1;63.1;77.7;74.9;75.1;25.9 °C;22.9;21.1;20.1;19.8;19.6
2024-04-11 18:30:46;28.1;67.1;63.1;77.7;74.9;75.2;25.4 °C;22.9;21.1;20.1;19.8;19.6
2024-04-11 18:40:45;28.1;67.1;63.1;77.7;74.9;75.1;24.9 °C;22.9;21.1;20.2;19.8;19.6
2024-04-11 18:50:51;28.1;67.1;63.1;77.7;74.9;75.1;24.4 °C;23;21.2;20.2;19.8;19.6
2024-04-11 19:00:48;28.0;67.1;63.1;77.7;74.9;75.1;24 °C;23;21.2;20.2;19.8;19.6
2024-04-11 19:10:50;28.0;67.1;63.1;77.7;74.9;75.1;23.6 °C;23;21.3;20.2;19.8;19.6
2024-04-11 19:20:47;28.0;67.1;63.2;77.7;74.9;75.2;23.3 °C;23;21.3;20.2;19.8;19.6
2024-04-11 19:30:52;28.0;67.1;63.2;77.7;74.9;75.2;22.9 °C;23;21.3;20.3;19.8;19.6
2024-04-11 19:40:49;28.0;67.1;63.2;77.7;74.9;75.2;22.6 °C;23;21.3;20.3;19.8;19.6
2024-04-11 19:50:48;28.0;67.1;63.2;77.7;74.9;75.2;22.3 °C;23;21.4;20.3;19.8;19.6
2024-04-11 20:00:45;28.0;67.0;63.2;77.7;74.9;75.2;22.1 °C;22.9;21.4;20.3;19.8;19.6
2024-04-11 20:10:45;27.9;67.0;63.2;77.7;74.9;75.2;21.8 °C;22.9;21.4;20.3;19.8;19.6
2024-04-11 20:20:47;27.9;67.0;63.2;77.7;74.9;75.1;21.6 °C;22.9;21.4;20.3;19.8;19.6
2024-04-11 20:30:44;27.9;67.0;63.2;77.7;74.9;75.2;21.4 °C;22.9;21.4;20.3;19.8;19.6
2024-04-11 20:40:50;27.9;66.9;63.2;77.8;74.9;75.2;21.2 °C;22.8;21.5;20.3;19.8;19.6
2024-04-11 20:50:46;27.9;66.9;63.2;77.8;74.9;75.1;21.1 °C;22.8;21.5;20.3;19.8;19.6
2024-04-11 21:00:46;27.9;66.9;63.2;77.8;75.0;75.2;20.9 °C;22.8;21.5;20.4;19.9;19.6
2024-04-11 21:10:47;27.9;66.9;63.2;77.8;75.0;75.1;20.7 °C;22.7;21.6;20.4;19.9;19.6
2024-04-11 21:20:52;27.9;66.9;63.2;77.8;75.0;75.2;20.6 °C;22.7;21.6;20.4;19.9;19.6
2024-04-11 21:30:46;27.9;66.9;63.2;77.8;75.0;75.2;20.4 °C;22.6;21.6;20.4;19.9;19.6
2024-04-11 21:40:50;27.9;66.8;63.2;77.8;75.0;75.2;20.3 °C;22.6;21.6;20.4;19.9;19.6
2024-04-11 21:50:50;27.9;66.8;63.2;77.8;75.0;75.1;20.1 °C;22.5;21.6;20.4;19.9;19.6
2024-04-11 22:00:45;27.9;66.8;63.2;77.8;75.0;75.1;20 °C;22.4;21.6;20.4;19.9;19.6
2024-04-11 22:10:49;28.0;66.8;63.2;77.8;75.0;75.2;19.9 °C;22.4;21.6;20.4;19.9;19.6
2024-04-11 22:20:47;27.9;66.7;63.2;77.8;75.0;75.1;19.8 °C;22.4;21.6;20.4;19.9;19.6
2024-04-11 22:30:48;28.0;66.7;63.2;77.8;75.0;75.1;19.7 °C;22.3;21.6;20.4;19.9;19.6
2024-04-11 22:40:50;28.0;66.7;63.3;77.8;75.0;75.1;19.6 °C;22.3;21.6;20.5;19.9;19.6
2024-04-11 22:50:51;28.0;66.7;63.2;77.8;75.0;75.2;19.4 °C;22.2;21.6;20.5;19.9;19.6
2024-04-11 23:00:48;28.0;66.6;63.2;77.8;74.9;75.2;19.4 °C;22.1;21.6;20.5;19.9;19.6
2024-04-11 23:10:50;28.0;66.6;63.2;77.8;75.0;75.2;19.3 °C;22.1;21.6;20.5;19.9;19.6
2024-04-11 23:20:45;28.0;66.6;63.2;77.9;74.9;75.1;19.2 °C;22.1;21.6;20.5;19.9;19.6
2024-04-11 23:30:45;28.0;66.5;63.2;77.9;75.0;75.2;19.1 °C;22;21.6;20.5;19.9;19.6
2024-04-11 23:40:52;28.0;66.5;63.2;77.9;75.0;75.2;19 °C;21.9;21.6;20.5;19.9;19.6
2024-04-11 23:50:49;28;66.5;63.2;77.8;75.0;75.2;18.9 °C;21.9;21.6;20.6;19.9;19.6
2024-04-12 00:10:48;28.0;66.4;63.2;77.8;75.0;75.2;18.8 °C;21.8;21.5;20.6;19.9;19.6
2024-04-12 00:20:46;28.0;66.4;63.2;77.8;75.0;75.2;18.6 °C;21.7;21.5;20.6;19.9;19.6
2024-04-12 00:30:51;28.0;66.4;63.2;77.8;75.0;75.2;18.6 °C;21.6;21.5;20.6;19.9;19.6
2024-04-12 00:40:48;28.0;66.4;63.2;77.8;75.0;75.2;18.5 °C;21.6;21.5;20.6;19.9;19.6
2024-04-12 00:50:47;28.0;66.4;63.2;77.8;75.0;75.2;18.4 °C;21.6;21.4;20.6;20;19.6
2024-04-12 01:00:47;28.1;66.3;63.2;77.8;75.0;75.2;18.3 °C;21.5;21.4;20.6;20;19.6
2024-04-12 01:10:49;28.0;66.3;63.2;77.8;75.0;75.2;18.3 °C;21.4;21.4;20.6;20;19.6
2024-04-12 01:20:44;28.1;66.3;63.2;77.8;75.0;75.2;18.2 °C;21.4;21.4;20.6;20;19.6
2024-04-12 01:30:50;28.1;66.3;63.2;77.8;75.0;75.2;18.1 °C;21.3;21.4;20.6;20;19.6
2024-04-12 01:40:46;28.1;66.3;63.2;77.8;75.0;75.2;18.1 °C;21.3;21.4;20.6;20;19.6
2024-04-12 01:50:50;28.1;66.3;63.2;77.8;75.0;75.2;18 °C;21.3;21.4;20.6;20;19.6
2024-04-12 02:00:47;28.1;66.2;63.2;77.8;75.0;75.2;17.9 °C;21.2;21.4;20.6;20;19.6
2024-04-12 02:10:49;28.1;66.2;63.2;77.8;75.0;75.2;17.9 °C;21.1;21.3;20.6;20;19.6
2024-04-12 02:20:52;28.0;66.2;63.2;77.8;75.0;75.2;17.8 °C;21.1;21.3;20.6;20;19.6
2024-04-12 02:30:49;28.1;66.2;63.1;77.8;75.0;75.2;17.8 °C;21;21.3;20.6;20;19.6
2024-04-12 02:40:49;28.1;66.2;63.1;77.8;75.0;75.2;17.8 °C;21;21.3;20.6;20;19.6
2024-04-12 02:50:45;28.1;66.1;63.1;77.8;75.0;75.2;17.6 °C;20.9;21.3;20.6;20;19.6
2024-04-12 03:00:44;28.1;66.1;63.1;77.8;75.0;75.2;17.6 °C;20.9;21.2;20.6;20;19.6
2024-04-12 03:10:47;28.1;66.1;63.1;77.8;75.0;75.2;17.6 °C;20.8;21.2;20.6;20;19.6
2024-04-12 03:20:48;28.1;66.1;63.1;77.8;75.0;75.2;17.4 °C;20.8;21.2;20.6;20.1;19.6
2024-04-12 03:30:50;28.1;66.1;63.1;77.8;75.0;75.2;17.4 °C;20.8;21.1;20.6;20.1;19.6
2024-04-12 03:40:46;28.1;66.1;63.1;77.8;75.0;75.2;17.3 °C;20.7;21.1;20.6;20.1;19.6
2024-04-12 03:50:46;28.1;66.0;63.1;77.8;75.0;75.2;17.3 °C;20.6;21.1;20.6;20.1;19.6
2024-04-12 04:00:50;28.1;66.0;63.1;77.8;75.0;75.2;17.3 °C;20.6;21.1;20.6;20.1;19.6
2024-04-12 04:10:51;28.1;66.0;63.1;77.8;75.0;75.2;17.2 °C;20.6;21.1;20.5;20.1;19.6
2024-04-12 04:20:44;28.1;66.0;63.1;77.8;75.0;75.2;17.1 °C;20.5;21.1;20.5;20.1;19.6
2024-04-12 04:30:51;28.1;66.0;63.1;77.8;75.0;75.2;17.1 °C;20.4;21;20.5;20.1;19.7
2024-04-12 04:40:49;28.1;66.0;63.0;77.8;75.0;75.2;17.1 °C;20.4;21;20.5;20.1;19.7
2024-04-12 04:50:47;28.1;66.0;63.0;77.8;75.0;75.2;17 °C;20.4;20.9;20.5;20.1;19.7
2024-04-12 05:00:45;28.1;65.9;63.0;77.8;75.0;75.2;16.9 °C;20.3;20.9;20.5;20.1;19.7
2024-04-12 05:10:45;28.1;65.9;63.0;77.8;75.0;75.2;16.9 °C;20.3;20.9;20.5;20.1;19.7
2024-04-12 05:20:44;28.1;65.9;63.0;77.8;75.0;75.2;16.8 °C;20.3;20.9;20.5;20.1;19.7
2024-04-12 05:30:51;28.1;65.9;63.0;77.8;75.0;75.2;16.8 °C;20.2;20.9;20.4;20.1;19.7
2024-04-12 05:40:45;28.1;65.9;63.0;77.8;75.0;75.2;16.8 °C;20.1;20.8;20.4;20.1;19.7
2024-04-12 05:50:48;28.1;65.8;63.0;77.8;75.0;75.2;16.7 °C;20.1;20.8;20.4;20.1;19.7
2024-04-12 06:00:50;28.1;65.9;63.0;77.8;75.0;75.2;16.7 °C;20.1;20.8;20.4;20.1;19.7
2024-04-12 06:10:51;28.1;65.8;62.9;77.8;75.0;75.2;16.6 °C;20;20.8;20.4;20.1;19.7
2024-04-12 06:20:45;28.1;65.8;62.9;77.8;75.0;75.2;16.6 °C;19.9;20.8;20.4;20.1;19.7
2024-04-12 06:30:45;28.1;65.8;63.0;77.8;75.0;75.2;16.6 °C;19.9;20.7;20.4;20.1;19.7
2024-04-12 06:40:45;28.1;65.8;63.0;77.8;75.0;75.2;16.6 °C;19.9;20.7;20.4;20.1;19.7
2024-04-12 06:50:45;28.1;65.8;62.9;77.8;75.0;75.2;16.6 °C;19.9;20.6;20.4;20.1;19.7
2024-04-12 07:00:49;28.1;65.8;62.9;77.8;75.0;75.2;16.8 °C;19.8;20.6;20.4;20.1;19.7
2024-04-12 07:10:48;28.1;65.7;62.9;77.8;75.0;75.2;16.9 °C;19.8;20.6;20.4;20;19.7
2024-04-12 07:20:51;28.1;65.7;62.9;77.7;75.0;75.2;17 °C;19.8;20.6;20.4;20;19.7
2024-04-12 07:30:45;28.1;65.7;62.9;77.7;75.0;75.2;17.1 °C;19.7;20.6;20.3;20;19.7
2024-04-12 07:40:44;28.1;65.7;62.9;77.7;75.0;75.2;17.3 °C;19.6;20.5;20.3;20;19.7
2024-04-12 07:50:46;28.1;65.7;62.9;77.7;75.0;75.2;17.4 °C;19.6;20.5;20.3;20;19.7
2024-04-12 08:00:48;28.1;65.7;62.9;77.7;75.0;75.2;17.8 °C;19.6;20.4;20.3;20;19.7
2024-04-12 08:10:50;28.2;65.7;62.9;77.7;75.0;75.2;18.1 °C;19.6;20.4;20.3;20;19.7
2024-04-12 08:20:47;28.2;65.7;62.9;77.7;75.0;75.2;18.5 °C;19.6;20.4;20.3;20;19.7
2024-04-12 08:30:45;28.2;65.7;62.9;77.7;75.0;75.2;18.9 °C;19.5;20.4;20.3;20;19.7
2024-04-12 08:40:44;28.2;65.7;62.8;77.7;75.0;75.2;19.4 °C;19.5;20.4;20.3;20;19.7
2024-04-12 08:50:46;28.2;65.7;62.8;77.7;75.0;75.2;19.9 °C;19.5;20.3;20.3;20;19.7
2024-04-12 09:00:43;28.2;65.6;62.8;77.7;75.0;75.2;20.3 °C;19.5;20.3;20.3;20;19.7
2024-04-12 09:10:50;28.2;65.7;62.8;77.7;75.0;75.2;20.8 °C;19.5;20.3;20.2;20;19.7
2024-04-12 09:20:46;28.2;65.6;62.8;77.7;75.0;75.2;21.1 °C;19.5;20.3;20.2;20;19.7
2024-04-12 09:30:47;28.2;65.7;62.8;77.6;75.0;75.2;21.5 °C;19.5;20.3;20.2;20;19.7
2024-04-12 09:40:45;28.2;65.7;62.8;77.6;75.0;75.2;22.1 °C;19.5;20.3;20.2;19.9;19.7
2024-04-12 09:50:45;28.2;65.6;62.8;77.6;74.9;75.2;22.4 °C;19.6;20.2;20.1;19.9;19.7
2024-04-12 10:00:48;28.1;65.6;62.8;77.6;74.9;75.2;22.8 °C;19.6;20.2;20.1;19.9;19.7
2024-04-12 10:10:51;28.1;65.7;62.7;77.6;74.9;75.2;23.3 °C;19.6;20.2;20.1;19.9;19.7
2024-04-12 10:20:45;28.1;65.7;62.8;77.6;74.9;75.2;23.6 °C;19.6;20.1;20.1;19.9;19.7
2024-04-12 10:30:48;28.1;65.7;62.7;77.6;74.9;75.2;23.5 °C;19.7;20.1;20.1;19.9;19.7
2024-04-12 10:40:44;28.1;65.7;62.7;77.6;74.9;75.2;23.5 °C;19.8;20.1;20.1;19.9;19.7
2024-04-12 10:50:46;28.0;65.7;62.7;77.6;74.9;75.2;23.5 °C;19.8;20.1;20.1;19.9;19.7
2024-04-12 11:00:43;28.0;65.7;62.7;77.6;74.9;75.2;23.3 °C;19.9;20.1;20.1;19.9;19.7
2024-04-12 11:10:45;28.0;65.7;62.7;77.6;74.9;75.2;23.1 °C;19.9;20.1;20.1;19.9;19.7
2024-04-12 11:20:46;28.0;65.8;62.7;77.6;74.9;75.2;23.1 °C;20;20.1;20;19.9;19.7
2024-04-12 11:30:46;28.1;65.8;62.7;77.6;74.9;75.2;23.3 °C;20.1;20.1;20;19.9;19.7
2024-04-12 11:40:44;28.1;65.8;62.7;77.5;74.9;75.2;24.4 °C;20.1;20.1;20;19.9;19.7
2024-04-12 11:50:50;28.1;65.8;62.7;77.5;74.9;75.2;25.5 °C;20.2;20.1;20;19.9;19.7
2024-04-12 12:00:44;28.2;65.9;62.7;77.5;74.9;75.2;26.7 °C;20.3;20.1;20;19.9;19.7
2024-04-12 12:10:51;28.2;65.8;62.7;77.5;74.9;75.2;27.7 °C;20.3;20.1;19.9;19.9;19.7
2024-04-12 12:20:45;28.2;65.9;62.7;77.5;74.9;75.2;28.6 °C;20.4;20.1;19.9;19.9;19.7
2024-04-12 12:30:44;28.2;65.9;62.7;77.5;74.9;75.2;29.4 °C;20.5;20.1;19.9;19.9;19.7
2024-04-12 12:40:48;28.1;65.9;62.7;77.5;74.9;75.2;30.2 °C;20.6;20.1;19.9;19.9;19.7
2024-04-12 12:50:46;28.1;66;62.7;77.5;74.9;75.1;30.8 °C;20.7;20.1;19.9;19.9;19.6
2024-04-12 13:00:43;28.1;66.0;62.7;77.5;74.9;75.1;31.6 °C;20.8;20.1;19.9;19.8;19.6
2024-04-12 13:10:49;28.1;66.0;62.7;77.5;74.9;75.1;32.1 °C;20.9;20.2;19.9;19.8;19.6
2024-04-12 13:20:49;28.1;66.1;62.7;77.5;74.9;75.1;32.6 °C;21.1;20.2;19.9;19.8;19.6
2024-04-12 13:30:46;28.1;66.1;62.7;77.5;74.8;75.1;32.9 °C;21.2;20.2;19.9;19.8;19.6
2024-04-12 13:40:47;28.0;66.2;62.7;77.5;74.9;75.1;33.3 °C;21.3;20.3;19.9;19.8;19.6
2024-04-12 13:50:48;28.0;66.2;62.7;77.5;74.8;75.1;33.6 °C;21.5;20.3;19.9;19.8;19.6
2024-04-12 14:00:44;28.0;66.3;62.8;77.5;74.8;75.1;33.9 °C;21.6;20.3;19.9;19.8;19.6
2024-04-12 14:10:50;28.0;66.4;62.8;77.5;74.8;75.1;34.2 °C;21.8;20.3;19.9;19.8;19.6
2024-04-12 14:20:43;28.0;66.4;62.8;77.5;74.8;75.1;34.5 °C;21.9;20.4;19.9;19.8;19.6
2024-04-12 14:30:46;28.0;66.5;62.8;77.5;74.8;75.1;34.7 °C;22.1;20.4;19.9;19.8;19.6
2024-04-12 14:40:43;28.0;66.6;62.8;77.5;74.8;75.1;34.9 °C;22.3;20.4;19.9;19.8;19.6
2024-04-12 14:50:45;27.9;66.6;62.8;77.5;74.8;75.1;35.2 °C;22.4;20.4;19.9;19.8;19.6
2024-04-12 15:00:45;27.9;66.7;62.8;77.5;74.8;75.1;35.3 °C;22.6;20.5;19.9;19.8;19.6
2024-04-12 15:10:46;27.8;66.8;62.8;77.5;74.8;75.1;35.4 °C;22.8;20.6;19.9;19.8;19.6
2024-04-12 15:20:47;27.8;66.8;62.9;77.5;74.8;75.1;35.4 °C;22.9;20.6;19.9;19.8;19.6
2024-04-12 15:30:44;27.8;66.9;62.9;77.5;74.8;75.1;35.4 °C;23.1;20.7;19.9;19.8;19.6
2024-04-12 15:40:48;27.7;66.9;62.9;77.5;74.8;75.1;35.6 °C;23.3;20.7;19.9;19.8;19.6
2024-04-12 15:50:50;27.7;67.0;62.9;77.5;74.8;75.1;35.6 °C;23.4;20.8;19.9;19.8;19.6
2024-04-12 16:00:43;27.7;67.0;62.9;77.5;74.8;75.1;35.7 °C;23.6;20.8;19.9;19.8;19.6
2024-04-12 16:10:50;27.7;67.1;62.9;77.5;74.8;75.1;35.7 °C;23.7;20.9;19.9;19.8;19.6
2024-04-12 16:20:47;27.6;67.1;62.9;77.5;74.8;75.1;35.6 °C;23.8;20.9;20;19.8;19.6
2024-04-12 16:30:46;27.5;67.2;63.0;77.5;74.8;75.1;35.4 °C;24;21;20;19.8;19.6
2024-04-12 16:40:43;27.5;67.2;63.0;77.5;74.8;75.1;35.1 °C;24.1;21.1;20;19.8;19.6
2024-04-12 16:50:45;27.5;67.3;63.0;77.5;74.8;75.1;34.9 °C;24.3;21.1;20;19.8;19.6
2024-04-12 17:00:49;27.4;67.4;63.0;77.5;74.8;75.1;34.6 °C;24.4;21.2;20;19.8;19.6
2024-04-12 17:10:45;27.3;67.4;63.0;77.5;74.8;75.1;34.2 °C;24.5;21.3;20.1;19.8;19.6
2024-04-12 17:20:45;27.3;67.4;63.1;77.6;74.8;75.1;33.6 °C;24.6;21.4;20.1;19.8;19.6
2024-04-12 17:30:46;27.2;67.4;63.1;77.5;74.8;75.1;32.8 °C;24.7;21.4;20.1;19.8;19.6
2024-04-12 17:40:48;27.2;67.5;63.1;77.5;74.8;75.1;32.3 °C;24.8;21.5;20.1;19.8;19.6
2024-04-12 17:50:51;27.2;67.5;63.1;77.5;74.8;75.1;31.6 °C;24.9;21.6;20.1;19.8;19.6
2024-04-12 18:00:49;27.1;67.5;63.2;77.6;74.8;75.1;31.1 °C;24.9;21.6;20.2;19.8;19.6
2024-04-12 18:10:45;27.1;67.5;63.2;77.6;74.8;75.1;30.4 °C;25;21.7;20.2;19.8;19.6
2024-04-12 18:20:49;27.0;67.6;63.2;77.6;74.8;75.1;29.8 °C;25.1;21.8;20.3;19.8;19.6
2024-04-12 18:30:45;27.0;67.6;63.2;77.6;74.8;75.1;29.2 °C;25.1;21.8;20.3;19.8;19.6
2024-04-12 18:40:49;27.0;67.6;63.2;77.6;74.8;75.1;28.5 °C;25.1;21.9;20.3;19.8;19.6
2024-04-12 18:50:45;26.9;67.6;63.3;77.6;74.8;75.1;27.9 °C;25.1;21.9;20.3;19.8;19.6
2024-04-12 19:00:49;27.0;67.6;63.3;77.6;74.8;75.1;27.3 °C;25.1;22;20.3;19.8;19.6
2024-04-12 19:10:46;26.9;67.6;63.3;77.6;74.8;75.1;26.8 °C;25.1;22.1;20.4;19.8;19.6
2024-04-12 19:20:50;26.9;67.6;63.3;77.6;74.8;75.1;26.3 °C;25.1;22.1;20.4;19.8;19.6
2024-04-12 19:30:44;26.9;67.6;63.4;77.7;74.8;75.1;25.8 °C;25.1;22.2;20.4;19.8;19.6
2024-04-12 19:40:44;26.9;67.6;63.4;77.7;74.8;75.1;25.4 °C;25.1;22.3;20.4;19.8;19.6
2024-04-12 19:50:47;26.8;67.5;63.4;77.7;74.9;75.1;25 °C;25.1;22.3;20.5;19.8;19.6
2024-04-12 20:10:45;26.8;67.5;63.5;77.7;74.9;75.1;24.4 °C;25;22.4;20.6;19.9;19.6
2024-04-12 20:20:45;26.8;67.5;63.5;77.7;74.9;75.1;24.1 °C;24.9;22.4;20.6;19.9;19.6
2024-04-12 20:30:49;26.8;67.4;63.5;77.7;74.9;75.1;23.8 °C;24.9;22.4;20.6;19.9;19.6
2024-04-12 20:40:45;26.8;67.4;63.5;77.8;74.9;75.1;23.6 °C;24.8;22.5;20.6;19.9;19.6
2024-04-12 20:50:45;26.8;67.4;63.5;77.8;74.9;75.1;23.4 °C;24.8;22.5;20.6;19.9;19.6
2024-04-12 21:00:45;26.8;67.4;63.5;77.8;74.9;75.1;23.1 °C;24.7;22.6;20.7;19.9;19.6
2024-04-12 21:10:49;26.8;67.3;63.5;77.8;74.9;75.1;22.9 °C;24.6;22.6;20.7;19.9;19.6
2024-04-12 21:20:46;26.8;67.3;63.5;77.8;74.9;75.1;22.7 °C;24.6;22.6;20.8;19.9;19.6
2024-04-12 21:30:43;26.8;67.3;63.6;77.8;74.9;75.1;22.4 °C;24.5;22.6;20.8;19.9;19.6
2024-04-12 21:40:50;26.8;67.2;63.6;77.8;74.9;75.1;22.3 °C;24.4;22.6;20.8;19.9;19.6
2024-04-12 21:50:47;26.8;67.2;63.6;77.9;74.9;75.1;22.1 °C;24.4;22.6;20.8;20;19.6
2024-04-12 22:00:50;26.8;67.2;63.6;77.9;74.9;75.1;21.9 °C;24.3;22.6;20.9;20;19.6
2024-04-12 22:10:43;26.8;67.1;63.6;77.9;74.9;75.1;21.8 °C;24.3;22.6;20.9;20;19.6
2024-04-12 22:20:45;26.8;67.1;63.6;77.9;74.9;75.1;21.6 °C;24.1;22.7;20.9;20;19.6
2024-04-12 22:30:49;26.8;67.1;63.6;77.9;74.9;75.1;21.4 °C;24.1;22.7;20.9;20;19.6
2024-04-12 22:40:49;26.8;67.1;63.6;77.9;74.9;75.1;21.3 °C;24;22.7;20.9;20.1;19.6
2024-04-12 22:50:42;26.8;67.0;63.6;77.9;74.9;75.1;21.1 °C;23.9;22.7;20.9;20.1;19.6
2024-04-12 23:00:48;26.8;66.9;63.6;77.9;74.9;75.1;20.9 °C;23.9;22.7;21;20.1;19.6
2024-04-12 23:10:48;26.8;66.9;63.6;77.9;75.0;75.1;20.8 °C;23.8;22.7;21;20.1;19.6
2024-04-12 23:20:48;26.9;66.8;63.5;78.0;74.9;75.1;20.6 °C;23.8;22.7;21;20.1;19.6
2024-04-12 23:30:44;26.8;66.9;63.6;78.0;74.9;75.2;20.4 °C;23.6;22.6;21.1;20.1;19.7
2024-04-12 23:40:48;26.8;66.9;63.6;78.0;75.0;75.2;20.3 °C;23.6;22.6;21.1;20.1;19.7
2024-04-12 23:50:49;26.8;66.8;63.6;78.0;75.0;75.2;20.2 °C;23.5;22.6;21.1;20.1;19.7
2024-04-13 00:00:49;26.8;66.8;63.6;78.0;75.0;75.2;20.1 °C;23.4;22.6;21.1;20.1;19.7
2024-04-13 00:10:45;26.8;66.8;63.6;78.0;75.0;75.1;20 °C;23.4;22.6;21.1;20.2;19.7
2024-04-13 00:20:47;27.8;66.7;63.6;78.0;75.0;75.2;19.9 °C;23.3;22.6;21.1;20.2;19.7
2024-04-13 00:30:45;27.8;66.6;63.5;78.0;75;75.2;19.8 °C;23.2;22.6;21.1;20.2;19.7
2024-04-13 00:40:50;27.8;66.6;63.5;78.0;75;75.2;19.6 °C;23.1;22.6;21.1;20.2;19.7
2024-04-13 00:50:44;27.8;66.6;63.5;78.0;75;75.2;19.5 °C;23.1;22.6;21.1;20.2;19.7
2024-04-13 01:00:43;27.8;66.6;63.5;78.0;75.0;75.2;19.4 °C;23;22.6;21.2;20.3;19.7
2024-04-13 01:10:47;27.8;66.5;63.5;78.0;75.0;75.2;19.3 °C;22.9;22.5;21.2;20.3;19.7
2024-04-13 01:20:45;27.8;66.5;63.5;78.0;75.0;75.1;19.2 °C;22.9;22.5;21.2;20.3;19.8
2024-04-13 01:30:46;27.8;66.5;63.5;78.0;75.0;75.1;19.1 °C;22.8;22.5;21.2;20.3;19.8
2024-04-13 01:40:43;27.8;66.4;63.5;78.0;75.0;75.2;19 °C;22.7;22.4;21.2;20.3;19.8
2024-04-13 01:50:42;27.9;66.4;63.5;78.0;75.0;75.2;18.9 °C;22.6;22.4;21.2;20.3;19.8
2024-04-13 02:00:49;27.9;66.4;63.5;78.0;75.0;75.2;18.8 °C;22.6;22.4;21.2;20.3;19.8
2024-04-13 02:10:45;27.8;66.3;63.4;78.0;75.0;75.2;18.7 °C;22.5;22.4;21.2;20.3;19.8
2024-04-13 02:20:42;27.8;66.3;63.5;78.0;75.0;75.2;18.6 °C;22.4;22.4;21.2;20.3;19.8
2024-04-13 02:30:49;27.9;66.3;63.4;78.0;75.0;75.2;18.5 °C;22.4;22.4;21.2;20.3;19.8
2024-04-13 02:40:49;27.8;66.3;63.4;78.0;75.0;75.2;18.4 °C;22.3;22.3;21.2;20.3;19.8
2024-04-13 02:50:43;27.8;66.3;63.4;78.1;75.0;75.2;18.3 °C;22.3;22.3;21.2;20.4;19.8
2024-04-13 03:00:49;27.9;66.3;63.4;78.1;75.1;75.2;18.2 °C;22.2;22.3;21.2;20.4;19.8
2024-04-13 03:10:47;27.9;66.2;63.4;78.0;75.1;75.2;18.1 °C;22.1;22.3;21.2;20.4;19.8
2024-04-13 03:20:45;27.9;66.2;63.4;78.1;75.1;75.2;18.1 °C;22.1;22.2;21.2;20.4;19.8
2024-04-13 03:30:46;27.9;66.2;63.4;78.1;75.1;75.2;17.9 °C;21.9;22.2;21.2;20.4;19.8
2024-04-13 03:40:47;27.9;66.1;63.4;78.1;75.1;75.2;17.8 °C;21.9;22.1;21.2;20.4;19.8
2024-04-13 03:50:42;27.9;66.1;63.3;78.1;75.1;75.2;17.7 °C;21.8;22.1;21.2;20.4;19.8
2024-04-13 04:00:48;27.9;66.1;63.3;78.1;75.1;75.2;17.6 °C;21.8;22.1;21.2;20.4;19.8
2024-04-13 04:10:44;27.9;66.1;63.4;78.0;75.1;75.2;17.5 °C;21.7;22.1;21.2;20.4;19.8
2024-04-13 04:20:48;28.0;66.1;63.3;78.0;75.1;75.2;17.4 °C;21.6;22.1;21.2;20.4;19.9
2024-04-13 04:30:45;28.0;66.0;63.3;78.0;75.1;75.2;17.4 °C;21.6;22;21.2;20.4;19.9
2024-04-13 04:40:50;28.0;66.0;63.3;78.0;75.1;75.2;17.4 °C;21.5;22;21.2;20.4;19.9
2024-04-13 04:50:44;28.0;66.0;63.3;78.0;75.1;75.2;17.3 °C;21.4;21.9;21.2;20.4;19.9
2024-04-13 05:00:44;28.0;66.0;63.3;78.0;75.1;75.2;17.3 °C;21.4;21.9;21.2;20.4;19.9
2024-04-13 05:10:48;28.0;65.9;63.2;78.0;75.1;75.2;17.1 °C;21.3;21.9;21.2;20.4;19.9
2024-04-13 05:20:43;28.0;65.9;63.2;78.0;75.1;75.2;17.1 °C;21.3;21.9;21.1;20.4;19.9
2024-04-13 05:30:47;28.0;65.9;63.2;78.0;75.1;75.2;17 °C;21.3;21.8;21.1;20.4;19.9
2024-04-13 05:40:49;28.0;65.9;63.2;78.0;75.1;75.2;16.9 °C;21.2;21.8;21.1;20.4;19.9
2024-04-13 05:50:46;28.0;65.9;63.2;78.0;75.1;75.2;16.9 °C;21.1;21.8;21.1;20.4;19.9
2024-04-13 06:00:48;28.0;65.9;63.2;78.0;75.1;75.2;16.9 °C;21.1;21.8;21.1;20.4;19.9
2024-04-13 06:10:48;28.0;65.9;63.2;77.9;75.1;75.2;16.8 °C;21;21.7;21.1;20.4;19.9
2024-04-13 06:20:48;28.0;65.8;63.2;78.0;75.1;75.2;16.8 °C;20.9;21.7;21.1;20.4;19.9
2024-04-13 06:30:48;28.0;65.8;63.2;78.0;75.1;75.2;16.8 °C;20.9;21.6;21.1;20.4;19.9
2024-04-13 06:40:49;28.0;65.8;63.1;78.0;75.1;75.2;16.8 °C;20.8;21.6;21.1;20.4;19.9
2024-04-13 06:50:46;28.0;65.8;63.1;78.0;75.1;75.2;16.8 °C;20.8;21.6;21.1;20.4;19.9
2024-04-13 07:00:45;28.0;65.8;63.1;78.0;75.1;75.2;16.9 °C;20.8;21.6;21.1;20.4;19.9
2024-04-13 07:10:49;28.0;65.8;63.1;78.0;75.1;75.2;17 °C;20.7;21.5;21.1;20.4;19.9
2024-04-13 07:20:47;28.1;65.7;63.1;77.9;75.1;75.2;17.1 °C;20.6;21.5;21;20.4;19.9
2024-04-13 07:30:45;28.1;65.7;63.1;77.9;75.1;75.2;17.4 °C;20.6;21.4;21;20.4;19.9
2024-04-13 07:40:43;28.1;65.7;63.1;77.9;75.1;75.2;17.6 °C;20.5;21.4;21;20.4;19.9
2024-04-13 07:50:46;28.1;65.7;63.1;77.9;75.1;75.2;17.8 °C;20.5;21.4;21;20.4;19.9
2024-04-13 08:00:48;28.1;65.7;63.1;77.9;75.1;75.2;18.6 °C;20.4;21.3;21;20.4;19.9
2024-04-13 08:10:48;28.1;65.6;63.0;77.9;75.1;75.2;19.6 °C;20.4;21.3;20.9;20.4;19.9
2024-04-13 08:20:48;28.2;65.6;63.0;77.9;75.1;75.2;20.5 °C;20.4;21.3;20.9;20.4;19.9
2024-04-13 08:30:47;28.2;65.6;63.0;77.9;75.1;75.2;21.3 °C;20.3;21.3;20.9;20.4;19.9
2024-04-13 08:40:43;28.2;65.6;63.0;77.9;75.1;75.2;22.1 °C;20.3;21.2;20.9;20.4;19.9
2024-04-13 08:50:43;28.1;65.6;63.0;77.9;75.1;75.2;22.7 °C;20.3;21.2;20.9;20.4;19.9
2024-04-13 09:00:46;28.1;65.6;63.0;77.9;75.1;75.2;23.3 °C;20.3;21.1;20.9;20.4;19.9
2024-04-13 09:10:48;28.1;65.6;63.0;77.9;75.1;75.2;23.8 °C;20.3;21.1;20.9;20.4;20
2024-04-13 09:20:48;28.1;65.6;63.0;77.8;75.0;75.2;24.2 °C;20.3;21.1;20.9;20.4;20
2024-04-13 09:30:48;28.0;65.6;63.0;77.8;75.0;75.2;24.7 °C;20.3;21.1;20.8;20.4;20
2024-04-13 09:40:47;28.0;65.6;63.0;77.8;75.1;75.2;25.1 °C;20.3;21.1;20.8;20.4;20
2024-04-13 09:50:43;28.0;65.6;63.0;77.8;75.0;75.2;25.4 °C;20.4;21;20.8;20.4;20
2024-04-13 10:00:42;28;65.6;63.0;77.8;75.0;75.2;25.8 °C;20.4;21;20.8;20.4;20
2024-04-13 10:10:44;27.9;65.7;62.9;77.8;75.0;75.2;26.3 °C;20.4;20.9;20.8;20.4;20
2024-04-13 10:20:49;27.9;65.7;62.9;77.8;75.0;75.2;26.8 °C;20.5;20.9;20.8;20.4;20
2024-04-13 10:30:43;27.9;65.7;62.9;77.8;75.0;75.2;26.8 °C;20.5;20.9;20.8;20.4;20
2024-04-13 10:40:49;27.8;65.7;62.9;77.8;75.0;75.2;26.4 °C;20.6;20.9;20.8;20.4;20
2024-04-13 10:50:43;27.8;65.7;62.9;77.8;75.0;75.2;25.6 °C;20.6;20.9;20.7;20.4;20
2024-04-13 11:10:46;27.8;65.7;62.9;77.8;75.0;75.2;24.6 °C;20.8;20.9;20.7;20.4;20
2024-04-13 11:20:44;27.8;65.7;62.9;77.8;75.0;75.2;24.5 °C;20.8;20.9;20.7;20.4;20
2024-04-13 11:30:45;27.8;65.8;62.9;77.8;75.0;75.2;24.6 °C;20.9;20.9;20.7;20.4;20
2024-04-13 11:40:42;27.8;65.7;62.9;77.8;75.0;75.2;25.7 °C;20.9;20.8;20.6;20.4;20
2024-04-13 11:50:45;27.9;65.8;62.9;77.8;75.0;75.2;27.4 °C;21;20.8;20.6;20.4;20
2024-04-13 12:00:43;27.9;65.8;62.9;77.7;75.0;75.2;28.8 °C;21.1;20.8;20.6;20.4;20
2024-04-13 12:10:47;28.0;65.8;62.9;77.7;75.0;75.2;29.9 °C;21.1;20.8;20.6;20.4;20
2024-04-13 12:20:47;28.0;65.8;62.9;77.7;75.0;75.2;30.8 °C;21.2;20.8;20.6;20.3;20
2024-04-13 12:30:46;27.9;65.8;62.9;77.7;75.0;75.2;31.7 °C;21.3;20.9;20.6;20.3;20
2024-04-13 12:40:49;28.0;65.9;62.9;77.7;75.0;75.2;32.4 °C;21.4;20.9;20.6;20.3;20
2024-04-13 12:50:46;28.0;65.9;62.9;77.7;75.0;75.2;33 °C;21.5;20.9;20.6;20.3;20
2024-04-13 13:00:45;27.9;66.0;62.9;77.7;74.9;75.2;33.4 °C;21.6;20.9;20.6;20.3;20
2024-04-13 13:10:46;27.9;66.0;62.9;77.7;74.9;75.2;33.9 °C;21.8;20.9;20.6;20.3;20
2024-04-13 13:20:44;27.9;66.1;62.9;77.7;74.9;75.2;34.3 °C;21.9;20.9;20.6;20.3;20
2024-04-13 13:30:49;27.9;66.1;62.9;77.7;74.9;75.2;34.6 °C;22.1;20.9;20.5;20.3;20
2024-04-13 13:40:42;27.9;66.2;62.9;77.7;74.9;75.2;34.8 °C;22.3;20.9;20.5;20.3;20
2024-04-13 13:50:44;27.9;66.2;62.9;77.7;74.9;75.2;35.1 °C;22.4;21;20.5;20.3;19.9
2024-04-13 14:00:45;27.9;66.3;62.9;77.7;74.9;75.2;35.1 °C;22.6;21;20.5;20.3;20
2024-04-13 14:10:46;27.8;66.3;62.9;77.7;74.9;75.2;35.4 °C;22.7;21.1;20.5;20.3;19.9
2024-04-13 14:20:48;27.8;66.4;62.9;77.7;74.9;75.1;35.6 °C;22.9;21.1;20.5;20.3;19.9
2024-04-13 14:30:45;27.8;66.4;62.9;77.7;74.9;75.1;35.8 °C;23.1;21.1;20.5;20.3;19.9
2024-04-13 14:40:43;27.8;66.5;62.9;77.7;74.9;75.1;35.9 °C;23.2;21.1;20.5;20.3;19.9
2024-04-13 14:50:42;27.8;66.6;62.9;77.7;74.9;75.1;36 °C;23.4;21.2;20.5;20.3;19.9
2024-04-13 15:00:45;27.7;66.6;62.9;77.7;74.9;75.1;36.1 °C;23.6;21.3;20.5;20.3;19.9
2024-04-13 15:10:42;27.7;66.7;62.9;77.6;74.9;75.1;36.1 °C;23.8;21.3;20.5;20.3;19.9
2024-04-13 15:20:48;27.7;66.8;63.0;77.7;74.9;75.1;36.1 °C;23.9;21.3;20.5;20.3;19.9
2024-04-13 15:30:45;27.7;66.8;63;77.6;74.9;75.1;36.1 °C;24.1;21.4;20.6;20.3;19.9
2024-04-13 15:40:42;27.7;66.9;63.0;77.6;74.9;75.1;36 °C;24.2;21.4;20.6;20.3;19.9
2024-04-13 15:50:49;27.6;67.0;63.0;77.6;74.9;75.1;35.6 °C;24.4;21.5;20.6;20.3;19.9
2024-04-13 16:00:47;27.5;67.0;63.0;77.6;74.9;75.1;35 °C;24.5;21.6;20.6;20.3;19.9
2024-04-13 16:10:46;27.5;67.1;63.1;77.6;74.9;75.1;34.8 °C;24.7;21.6;20.6;20.3;19.9
2024-04-13 16:20:49;27.5;67.1;63.1;77.6;74.9;75.1;34.7 °C;24.8;21.7;20.6;20.3;19.9
2024-04-13 16:30:47;27.5;67.2;63.1;77.6;74.8;75.1;34.6 °C;24.9;21.8;20.6;20.3;19.9
2024-04-13 16:40:43;27.4;67.2;63.1;77.6;74.8;75.1;34.3 °C;25.1;21.8;20.6;20.3;19.9
2024-04-13 16:50:42;27.4;67.3;63.1;77.7;74.8;75.1;33.6 °C;25.2;21.9;20.6;20.3;19.9
2024-04-13 17:00:44;27.3;67.3;63.2;77.7;74.8;75.1;32.8 °C;25.3;21.9;20.6;20.3;19.9
2024-04-13 17:10:45;27.3;67.4;63.2;77.7;74.9;75.1;32.6 °C;25.4;22;20.7;20.3;19.9
2024-04-13 17:20:47;27.3;67.4;63.2;77.7;74.9;75.1;32.2 °C;25.5;22.1;20.7;20.3;19.9
2024-04-13 17:30:43;27.3;67.4;63.2;77.7;74.8;75.1;31.8 °C;25.6;22.2;20.7;20.3;19.9
2024-04-13 17:40:43;27.2;67.4;63.3;77.7;74.8;75.1;31.5 °C;25.6;22.3;20.8;20.3;19.9
2024-04-13 17:50:48;27.2;67.4;63.3;77.7;74.8;75.1;31.3 °C;25.7;22.3;20.8;20.3;19.9
2024-04-13 18:00:48;27.2;67.5;63.3;77.7;74.9;75.1;30.9 °C;25.8;22.4;20.8;20.3;19.9
2024-04-13 18:10:45;27.1;67.5;63.4;77.7;74.9;75.1;30.4 °C;25.8;22.4;20.8;20.3;19.9
2024-04-13 18:20:43;27.1;67.5;63.4;77.7;74.9;75.1;29.9 °C;25.8;22.5;20.8;20.3;19.9
2024-04-13 18:30:42;27.1;67.5;63.4;77.8;74.9;75.1;29.4 °C;25.9;22.6;20.9;20.3;19.9
2024-04-13 18:40:45;27.0;67.5;63.4;77.8;74.9;75.1;28.9 °C;25.9;22.6;20.9;20.3;19.9
2024-04-13 18:50:43;27.0;67.5;63.4;77.8;74.9;75.1;28.4 °C;25.9;22.7;20.9;20.3;19.9
2024-04-13 19:00:47;27.0;67.5;63.5;77.8;74.9;75.1;28 °C;25.9;22.8;20.9;20.3;19.9
2024-04-13 19:10:46;27.0;67.5;63.5;77.8;74.9;75.1;27.6 °C;25.9;22.8;20.9;20.3;19.9
2024-04-13 19:20:49;27.0;67.5;63.5;77.8;74.9;75.1;27.1 °C;25.9;22.9;21;20.3;19.9
2024-04-13 19:30:42;26.9;67.4;63.5;77.8;74.9;75.1;26.7 °C;25.9;22.9;21;20.3;19.9
2024-04-13 19:40:41;26.9;67.4;63.5;77.8;74.9;75.1;26.3 °C;25.8;22.9;21.1;20.3;19.9
2024-04-13 19:50:44;26.9;67.4;63.5;77.9;74.9;75.1;25.9 °C;25.8;23;21.1;20.3;19.9
2024-04-13 20:00:49;26.9;67.4;63.6;77.8;74.9;75.1;25.5 °C;25.8;23.1;21.1;20.3;19.9
2024-04-13 20:10:43;26.9;67.4;63.6;77.9;74.9;75.1;25.2 °C;25.7;23.1;21.1;20.3;19.9
2024-04-13 20:20:46;26.9;67.4;63.6;77.9;74.9;75.1;24.9 °C;25.7;23.1;21.2;20.4;19.9
2024-04-13 20:30:45;26.9;67.3;63.6;77.9;74.9;75.1;24.7 °C;25.6;23.1;21.2;20.4;19.9
2024-04-13 20:40:44;26.9;67.3;63.6;77.9;74.9;75.1;24.4 °C;25.6;23.2;21.3;20.4;19.9
2024-04-13 20:50:44;26.9;67.3;63.6;77.9;74.9;75.1;24.1 °C;25.5;23.2;21.3;20.4;19.9
2024-04-13 21:00:45;26.8;67.3;63.6;77.9;74.9;75.1;23.9 °C;25.4;23.3;21.3;20.4;19.9
2024-04-13 21:10:43;26.8;67.2;63.6;77.9;74.9;75.1;23.7 °C;25.4;23.3;21.3;20.4;19.9
2024-04-13 21:20:44;26.9;67.2;63.6;78.0;75.0;75.1;23.4 °C;25.3;23.3;21.4;20.4;19.9
2024-04-13 21:30:45;26.8;67.2;63.6;78.0;75.0;75.1;23.2 °C;25.3;23.3;21.4;20.4;19.9
2024-04-13 21:40:47;26.8;67.2;63.6;78.0;75.0;75.1;22.9 °C;25.2;23.3;21.4;20.4;20
2024-04-13 21:50:47;26.8;67.1;63.6;78.0;74.9;75.1;22.7 °C;25.1;23.3;21.4;20.4;20
2024-04-13 22:00:46;26.8;67.1;63.6;78.0;75.0;75.1;22.5 °C;25;23.3;21.4;20.5;20
2024-04-13 22:10:46;26.8;67.1;63.7;78.0;75.0;75.1;22.3 °C;24.9;23.4;21.5;20.5;20
2024-04-13 22:20:45;26.8;67.0;63.7;78.0;75.0;75.1;22.1 °C;24.9;23.4;21.5;20.5;20
2024-04-13 22:30:47;26.8;67.0;63.7;78.0;75.0;75.1;21.9 °C;24.8;23.4;21.5;20.5;20
2024-04-13 22:40:42;26.8;67.0;63.7;78.1;75.0;75.1;21.7 °C;24.8;23.4;21.6;20.5;20
2024-04-13 22:50:42;26.8;66.9;63.7;78.1;75.0;75.2;21.5 °C;24.7;23.4;21.6;20.6;20
2024-04-13 23:00:45;26.8;66.9;63.7;78.1;75.0;75.1;21.4 °C;24.6;23.4;21.6;20.6;20
2024-04-13 23:10:44;26.8;66.9;63.7;78.1;75;75.1;21.2 °C;24.5;23.4;21.6;20.6;20
2024-04-13 23:20:44;26.8;66.8;63.7;78.1;75;75.1;21 °C;24.4;23.4;21.6;20.6;20
2024-04-13 23:30:42;26.9;66.8;63.7;78.1;75.0;75.2;20.9 °C;24.4;23.3;21.6;20.6;20.1
2024-04-13 23:40:41;26.8;66.8;63.7;78.1;75.0;75.2;20.8 °C;24.3;23.3;21.6;20.6;20.1
2024-04-13 23:50:47;26.9;66.7;63.7;78.1;75.0;75.2;20.6 °C;24.2;23.3;21.7;20.6;20.1
2024-04-14 00:00:44;26.9;66.7;63.6;78.1;75.0;75.2;20.4 °C;24.1;23.3;21.7;20.6;20.1
2024-04-14 00:10:42;26.9;66.7;63.7;78.1;75.1;75.2;20.3 °C;24.1;23.3;21.7;20.6;20.1
2024-04-14 00:20:48;26.9;66.6;63.7;78.1;75.0;75.2;20.2 °C;23.9;23.3;21.7;20.7;20.1
2024-04-14 00:30:46;26.9;66.6;63.6;78.1;75.0;75.2;20.1 °C;23.9;23.3;21.8;20.7;20.1
2024-04-14 00:40:45;26.9;66.6;63.6;78.1;75.1;75.2;19.9 °C;23.8;23.3;21.8;20.7;20.1
2024-04-14 00:50:48;26.9;66.6;63.6;78.1;75.1;75.2;19.7 °C;23.8;23.3;21.8;20.7;20.1
2024-04-14 01:00:45;26.9;66.5;63.6;78.1;75.1;75.2;19.5 °C;23.7;23.2;21.8;20.7;20.1
2024-04-14 01:10:44;26.9;66.5;63.6;78.2;75.1;75.2;19.4 °C;23.6;23.2;21.8;20.8;20.1
2024-04-14 01:20:48;26.9;66.5;63.6;78.1;75.1;75.2;19.3 °C;23.5;23.2;21.8;20.8;20.1
2024-04-14 01:30:46;26.9;66.4;63.6;78.1;75.1;75.2;19.2 °C;23.4;23.1;21.8;20.8;20.1
2024-04-14 01:40:41;26.9;66.4;63.6;78.2;75.1;75.2;19.1 °C;23.4;23.1;21.8;20.8;20.1
2024-04-14 01:50:47;26.9;66.4;63.6;78.2;75.1;75.2;19 °C;23.3;23.1;21.8;20.8;20.1
2024-04-14 02:00:47;26.9;66.4;63.6;78.2;75.1;75.2;18.9 °C;23.2;23.1;21.8;20.8;20.1
2024-04-14 02:10:47;26.9;66.3;63.6;78.2;75.1;75.2;18.8 °C;23.1;23.1;21.8;20.8;20.1
2024-04-14 02:20:43;26.9;66.3;63.6;78.2;75.1;75.2;18.7 °C;23.1;23;21.8;20.8;20.2
2024-04-14 02:30:47;26.9;66.3;63.6;78.2;75.1;75.2;18.6 °C;23;23;21.8;20.8;20.2
2024-04-14 02:40:48;26.9;66.3;63.5;78.1;75.1;75.2;18.4 °C;22.9;23;21.8;20.8;20.2
2024-04-14 02:50:46;26.9;66.2;63.5;78.2;75.1;75.2;18.4 °C;22.8;22.9;21.8;20.8;20.2
2024-04-14 03:00:46;26.9;66.2;63.5;78.2;75.1;75.2;18.4 °C;22.8;22.9;21.8;20.8;20.2
2024-04-14 03:10:44;27.0;66.2;63.5;78.1;75.1;75.2;18.3 °C;22.7;22.9;21.8;20.9;20.2
2024-04-14 03:20:47;27.0;66.2;63.5;78.1;75.1;75.2;18.3 °C;22.6;22.9;21.8;20.9;20.2
2024-04-14 03:30:42;26.9;66.1;63.5;78.2;75.1;75.2;18.2 °C;22.6;22.8;21.8;20.9;20.2
2024-04-14 03:40:42;27.0;66.1;63.5;78.1;75.1;75.2;18.1 °C;22.5;22.8;21.8;20.9;20.2
2024-04-14 03:50:46;26.9;66.1;63.5;78.1;75.2;75.2;18 °C;22.4;22.8;21.8;20.9;20.3
2024-04-14 04:00:41;27.0;66.1;63.5;78.1;75.1;75.2;17.9 °C;22.4;22.8;21.8;20.9;20.3
2024-04-14 04:10:47;27.0;66.0;63.4;78.1;75.2;75.2;17.8 °C;22.3;22.7;21.8;20.9;20.3
2024-04-14 04:20:44;27.0;66.0;63.4;78.1;75.2;75.2;17.6 °C;22.3;22.7;21.8;20.9;20.3
2024-04-14 04:30:46;27.0;66.0;63.4;78.1;75.1;75.2;17.6 °C;22.2;22.6;21.8;20.9;20.3
2024-04-14 04:40:45;27.0;66.0;63.4;78.1;75.1;75.2;17.4 °C;22.1;22.6;21.8;20.9;20.3
2024-04-14 04:50:44;27.0;66.0;63.4;78.1;75.1;75.2;17.3 °C;22;22.6;21.8;20.9;20.3
2024-04-14 05:00:41;27.0;65.9;63.4;78.1;75.1;75.2;17.2 °C;21.9;22.6;21.8;20.9;20.3
2024-04-14 05:10:44;27.0;65.9;63.3;78.1;75.1;75.3;17.1 °C;21.9;22.5;21.8;20.9;20.3
2024-04-14 05:20:46;27.0;65.9;63.4;78.1;75.1;75.3;17 °C;21.8;22.4;21.8;20.9;20.3
2024-04-14 05:30:45;27.0;65.9;63.4;78.1;75.2;75.2;16.9 °C;21.8;22.4;21.7;20.9;20.3
2024-04-14 05:40:47;27.0;65.8;63.3;78.1;75.2;75.2;16.9 °C;21.7;22.4;21.7;20.9;20.3
2024-04-14 05:50:43;27.0;65.8;63.3;78.1;75.2;75.2;16.9 °C;21.6;22.4;21.7;20.9;20.3
2024-04-14 06:00:45;27.0;65.8;63.3;78.1;75.2;75.3;16.8 °C;21.6;22.3;21.7;20.9;20.3
2024-04-14 06:10:43;27.0;65.8;63.3;78.1;75.2;75.2;16.7 °C;21.5;22.3;21.7;20.9;20.3
2024-04-14 06:20:47;27.0;65.8;63.3;78.1;75.2;75.2;16.6 °C;21.4;22.3;21.7;20.9;20.3
2024-04-14 06:30:44;27.0;65.7;63.3;78.1;75.1;75.3;16.6 °C;21.4;22.3;21.6;20.9;20.3
2024-04-14 06:40:46;27.0;65.7;63.2;78.1;75.2;75.2;16.5 °C;21.3;22.2;21.6;20.9;20.3
2024-04-14 06:50:46;27.0;65.7;63.2;78.1;75.1;75.3;16.5 °C;21.3;22.1;21.6;20.9;20.3
2024-04-14 07:00:42;27.0;65.7;63.2;78.1;75.1;75.2;16.6 °C;21.2;22.1;21.6;20.9;20.3
2024-04-14 07:10:45;27.0;65.7;63.2;78.1;75.1;75.3;16.7 °C;21.1;22.1;21.6;20.9;20.3
2024-04-14 07:20:41;27.0;65.6;63.2;78.0;75.2;75.3;16.9 °C;21.1;22.1;21.6;20.9;20.3
2024-04-14 07:30:43;27.0;65.6;63.2;78.0;75.2;75.3;17.2 °C;21;22;21.6;20.9;20.3
2024-04-14 07:40:43;27.1;65.6;63.2;78.0;75.1;75.3;17.4 °C;21;22;21.6;20.9;20.4
2024-04-14 07:50:47;27.1;65.6;63.1;78.0;75.1;75.3;17.7 °C;20.9;21.9;21.6;20.9;20.4
2024-04-14 08:00:40;27.1;65.6;63.1;78;75.1;75.3;18.5 °C;20.9;21.9;21.5;20.9;20.4
2024-04-14 08:10:46;27.1;65.6;63.1;78;75.1;75.3;19.4 °C;20.8;21.9;21.5;20.9;20.4
2024-04-14 08:20:43;27.2;65.6;63.1;78.0;75.1;75.3;20.4 °C;20.8;21.8;21.5;20.9;20.4
2024-04-14 08:30:47;27.2;65.5;63.1;78.0;75.1;75.3;21.4 °C;20.8;21.8;21.5;20.9;20.4
2024-04-14 08:40:44;27.2;65.5;63.1;78.0;75.1;75.3;22.3 °C;20.8;21.8;21.4;20.9;20.4
2024-04-14 08:50:46;27.2;65.5;63.0;78.0;75.1;75.3;23 °C;20.7;21.8;21.4;20.9;20.4
2024-04-14 09:00:46;27.1;65.5;63.0;78.0;75.1;75.2;23.6 °C;20.7;21.7;21.4;20.9;20.4
2024-04-14 09:10:42;27.1;65.5;63.1;77.9;75.1;75.3;24.3 °C;20.7;21.6;21.4;20.9;20.4
2024-04-14 09:20:45;27.1;65.5;63.0;77.9;75.1;75.3;24.8 °C;20.7;21.6;21.4;20.9;20.4
2024-04-14 09:30:44;27.1;65.5;63.0;77.9;75.1;75.3;25.4 °C;20.7;21.6;21.4;20.9;20.4
2024-04-14 09:40:46;27.1;65.5;63.0;77.9;75.1;75.3;25.8 °C;20.8;21.6;21.4;20.9;20.4
2024-04-14 09:50:45;27.1;65.5;63.0;77.9;75.1;75.2;26.2 °C;20.8;21.5;21.3;20.9;20.4
2024-04-14 10:00:40;27.1;65.6;63.0;77.9;75.1;75.3;26.7 °C;20.8;21.5;21.3;20.9;20.4
2024-04-14 10:10:46;27.1;65.6;63.0;77.9;75.1;75.2;27.3 °C;20.9;21.5;21.3;20.9;20.4
2024-04-14 10:20:46;27.0;65.6;63.0;77.9;75.1;75.2;27.9 °C;20.9;21.4;21.3;20.9;20.4
2024-04-14 10:30:46;27.0;65.6;63.0;77.9;75.1;75.3;28 °C;20.9;21.4;21.3;20.9;20.4
2024-04-14 10:40:43;26.9;65.6;62.9;77.9;75.1;75.3;27.4 °C;21;21.4;21.3;20.9;20.4
2024-04-14 10:50:48;26.9;65.6;62.9;77.9;75.1;75.3;26.5 °C;21.1;21.4;21.3;20.9;20.4
2024-04-14 11:00:46;26.8;65.6;62.9;77.8;75.1;75.2;25.9 °C;21.1;21.4;21.2;20.9;20.4
2024-04-14 11:10:41;26.8;65.6;62.9;77.8;75.1;75.3;25.4 °C;21.2;21.4;21.2;20.9;20.4
2024-04-14 11:20:44;26.8;65.6;62.9;77.8;75.1;75.2;25.2 °C;21.3;21.3;21.2;20.9;20.4
2024-04-14 11:30:43;26.8;65.6;62.9;77.8;75.0;75.3;25.1 °C;21.3;21.3;21.2;20.8;20.4
2024-04-14 11:40:48;26.9;65.7;62.9;77.8;75.0;75.3;25.4 °C;21.4;21.3;21.1;20.8;20.4
2024-04-14 11:50:42;26.9;65.7;62.9;77.8;75.0;75.2;26.6 °C;21.4;21.3;21.1;20.8;20.4
2024-04-14 12:00:42;26.9;65.7;62.9;77.8;75.0;75.2;27.8 °C;21.5;21.3;21.1;20.8;20.4
2024-04-14 12:10:45;27.0;65.7;62.9;77.8;75.0;75.2;29.5 °C;21.6;21.3;21.1;20.8;20.4
2024-04-14 12:20:40;27.1;65.7;62.9;77.8;75.0;75.2;31 °C;21.7;21.3;21.1;20.8;20.4
2024-04-14 12:30:47;27.1;65.8;62.9;77.8;75.0;75.2;32.2 °C;21.8;21.3;21.1;20.8;20.4
2024-04-14 12:40:44;27.1;65.8;62.9;77.8;75.0;75.2;33.1 °C;21.9;21.3;21.1;20.8;20.4
2024-04-14 12:50:46;27.0;65.8;62.9;77.8;75.0;75.2;33.8 °C;22;21.4;21.1;20.8;20.4
2024-04-14 13:00:45;27.0;65.9;62.9;77.8;75.0;75.2;34.4 °C;22.1;21.4;21.1;20.8;20.4
2024-04-14 13:10:41;27.0;65.9;62.9;77.8;75.0;75.2;34.9 °C;22.3;21.4;21.1;20.8;20.4
2024-04-14 13:20:44;27.0;66.0;62.9;77.8;75.0;75.2;35.4 °C;22.4;21.4;21;20.8;20.4
2024-04-14 13:30:42;27.0;66.0;62.9;77.8;74.9;75.2;35.8 °C;22.6;21.4;21;20.8;20.4
2024-04-14 13:40:47;27;66.1;63.0;77.7;74.9;75.2;36.2 °C;22.7;21.4;21;20.8;20.4
2024-04-14 13:50:40;27.0;66.1;62.9;77.7;74.9;75.2;36.5 °C;22.9;21.4;21;20.8;20.4
2024-04-14 14:00:43;27.0;66.2;62.9;77.7;74.9;75.2;36.8 °C;23.1;21.5;21;20.8;20.4
2024-04-14 14:10:43;26.9;66.2;62.9;77.7;74.9;75.2;37 °C;23.3;21.5;21;20.8;20.4
2024-04-14 14:20:44;26.9;66.3;62.9;77.7;74.9;75.2;37.2 °C;23.4;21.6;21;20.8;20.4
2024-04-14 14:30:46;26.9;66.4;63.0;77.7;74.9;75.2;37.2 °C;23.6;21.6;21;20.7;20.4
2024-04-14 14:40:43;26.9;66.5;63.0;77.7;74.9;75.2;37.3 °C;23.8;21.6;21;20.7;20.4
2024-04-14 14:50:44;26.9;66.5;63.0;77.7;74.9;75.2;37.4 °C;24;21.7;21;20.7;20.4
2024-04-14 15:00:45;26.8;66.6;63.0;77.7;74.9;75.1;37.5 °C;24.1;21.8;21;20.7;20.4
2024-04-14 15:10:41;26.8;66.7;63.0;77.7;74.9;75.1;37.6 °C;24.3;21.8;21;20.7;20.4
2024-04-14 15:20:44;26.8;66.8;63.0;77.7;74.9;75.1;37.6 °C;24.5;21.8;21;20.7;20.4
2024-04-14 15:30:46;26.8;66.8;63.0;77.7;74.9;75.1;37.6 °C;24.7;21.9;21;20.7;20.3
2024-04-14 15:40:47;26.7;66.9;63.1;77.7;74.9;75.1;37.5 °C;24.9;21.9;21;20.7;20.3
2024-04-14 15:50:41;26.7;67.0;63.1;77.7;74.9;75.1;37.4 °C;25;22;21;20.7;20.3
2024-04-14 16:00:43;26.6;67.0;63.1;77.7;74.9;75.1;37.3 °C;25.2;22.1;21;20.7;20.3
2024-04-14 16:10:45;26.6;67.1;63.1;77.7;74.9;75.1;37.1 °C;25.4;22.1;21.1;20.7;20.3
2024-04-14 16:20:41;26.6;67.1;63.2;77.7;74.9;75.1;36.9 °C;25.5;22.2;21.1;20.7;20.3
2024-04-14 16:30:47;26.6;67.2;63.2;77.7;74.9;75.1;36.8 °C;25.7;22.3;21.1;20.7;20.3
2024-04-14 16:40:41;26.5;67.2;63.2;77.7;74.9;75.1;36.7 °C;25.8;22.4;21.1;20.7;20.3
2024-04-14 16:50:40;26.5;67.3;63.2;77.7;74.9;75.1;36.4 °C;25.9;22.4;21.1;20.7;20.3
2024-04-14 17:00:47;26.4;67.3;63.2;77.7;74.9;75.1;36 °C;26.1;22.5;21.1;20.7;20.3
2024-04-14 17:10:44;26.4;67.4;63.3;77.7;74.9;75.1;35.5 °C;26.2;22.6;21.1;20.7;20.3
2024-04-14 17:20:47;26.3;67.4;63.3;77.7;74.9;75.1;34.9 °C;26.3;22.6;21.2;20.7;20.3
2024-04-14 17:30:40;26.2;67.4;63.3;77.7;74.9;75.1;34.2 °C;26.4;22.7;21.2;20.7;20.3
2024-04-14 17:40:42;26.2;67.5;63.4;77.7;74.9;75.1;33.7 °C;26.5;22.8;21.2;20.7;20.3
2024-04-14 17:50:47;26.2;67.5;63.4;77.7;74.9;75.1;33.2 °C;26.6;22.9;21.3;20.7;20.3
2024-04-14 18:00:44;26.1;67.5;63.4;77.8;74.9;75.1;32.6 °C;26.6;22.9;21.3;20.7;20.3
2024-04-14 18:10:47;26.0;67.5;63.4;77.8;74.9;75.1;31.9 °C;26.7;23;21.3;20.7;20.3
2024-04-14 18:20:40;26.0;67.5;63.4;77.8;74.9;75.1;31.4 °C;26.8;23.1;21.3;20.7;20.3
2024-04-14 18:30:43;26.0;67.6;63.5;77.8;74.9;75.1;30.8 °C;26.8;23.1;21.3;20.7;20.3
2024-04-14 18:40:44;26.0;67.5;63.5;77.8;74.9;75.1;30.3 °C;26.8;23.2;21.4;20.7;20.3
2024-04-14 18:50:42;26.0;67.6;63.5;77.8;74.9;75.1;29.8 °C;26.8;23.3;21.4;20.7;20.3
2024-04-14 19:00:42;25.9;67.6;63.5;77.9;74.9;75.1;29.3 °C;26.8;23.4;21.4;20.7;20.3
2024-04-14 19:10:42;25.9;67.6;63.6;77.9;74.9;75.1;28.8 °C;26.8;23.4;21.4;20.7;20.3
2024-04-14 19:20:46;25.9;67.5;63.6;77.8;74.9;75.1;28.3 °C;26.8;23.4;21.5;20.7;20.3
2024-04-14 19:30:43;25.9;67.5;63.6;77.9;74.9;75.1;27.8 °C;26.8;23.5;21.5;20.8;20.3
2024-04-14 19:40:40;25.9;67.5;63.6;77.9;74.9;75.1;27.3 °C;26.8;23.6;21.6;20.8;20.3
2024-04-14 19:50:46;25.8;67.5;63.6;77.9;74.9;75.1;26.9 °C;26.8;23.6;21.6;20.8;20.3
2024-04-14 20:00:46;25.8;67.5;63.6;77.9;74.9;75.1;26.4 °C;26.7;23.7;21.6;20.8;20.3
2024-04-14 20:10:42;25.8;67.4;63.7;77.9;74.9;75.1;26 °C;26.6;23.7;21.6;20.8;20.3
2024-04-14 20:20:43;25.8;67.4;63.7;77.9;74.9;75.1;25.6 °C;26.6;23.8;21.7;20.8;20.3
2024-04-14 20:30:45;25.8;67.4;63.7;78.0;74.9;75.1;25.3 °C;26.5;23.8;21.7;20.8;20.3
2024-04-14 20:40:40;25.8;67.3;63.7;78.0;74.9;75.1;24.9 °C;26.4;23.8;21.8;20.8;20.3
2024-04-14 20:50:47;25.8;67.3;63.7;78.0;74.9;75.1;24.6 °C;26.4;23.9;21.8;20.8;20.3
2024-04-14 21:00:40;25.8;67.3;63.7;78.0;74.9;75.1;24.3 °C;26.3;23.9;21.8;20.8;20.3
2024-04-14 21:10:42;25.8;67.3;63.7;78.0;74.9;75.1;24.1 °C;26.3;23.9;21.8;20.9;20.4
2024-04-14 21:20:42;25.8;67.2;63.8;78.0;74.9;75.1;23.8 °C;26.2;23.9;21.9;20.9;20.4
2024-04-14 21:30:46;25.8;67.2;63.8;78.0;75.0;75.1;23.6 °C;26.1;23.9;21.9;20.9;20.4
2024-04-14 21:40:42;25.8;67.1;63.8;78.0;75.0;75.1;23.4 °C;26;24;21.9;20.9;20.4
2024-04-14 21:50:42;25.8;67.1;63.8;78.0;75.0;75.1;23.2 °C;25.9;24;21.9;20.9;20.4
2024-04-14 22:00:43;25.8;67.1;63.8;78.1;75.0;75.1;22.9 °C;25.9;24;22;20.9;20.4
2024-04-14 22:10:45;25.8;67.1;63.8;78.1;75.0;75.1;22.8 °C;25.8;24;22;20.9;20.4
2024-04-14 22:20:44;25.8;67;63.8;78.1;75.0;75.1;22.6 °C;25.7;24;22;20.9;20.4
2024-04-14 22:30:47;25.8;67.0;63.8;78.1;75.0;75.1;22.4 °C;25.6;24;22.1;20.9;20.4
2024-04-14 22:40:40;25.8;66.9;63.8;78.1;75.0;75.1;22.2 °C;25.5;24.1;22.1;21;20.4
2024-04-14 22:50:43;25.8;66.9;63.8;78.1;75.0;75.1;22 °C;25.4;24;22.1;21;20.4
2024-04-14 23:00:45;25.8;66.9;63.8;78.1;75.0;75.1;21.8 °C;25.4;24;22.1;21;20.4
2024-04-14 23:10:39;25.8;66.8;63.8;78.2;75.0;75.2;21.6 °C;25.3;24;22.1;21;20.4
2024-04-14 23:20:45;25.8;66.8;63.8;78.2;75.0;75.2;21.5 °C;25.2;24;22.2;21.1;20.4
2024-04-14 23:30:42;25.8;66.8;63.8;78.2;75.0;75.2;21.3 °C;25.1;24;22.2;21.1;20.4
2024-04-14 23:40:46;25.8;66.7;63.8;78.2;75.0;75.2;21.3 °C;25;24;22.2;21.1;20.4
2024-04-14 23:50:43;25.8;66.7;63.7;78.2;75.0;75.2;21.1 °C;24.9;24;22.2;21.1;20.4
2024-04-15 00:00:44;25.8;66.7;63.7;78.2;75.1;75.2;21 °C;24.9;24;22.3;21.1;20.4
2024-04-15 00:10:44;25.8;66.6;63.7;78.2;75.0;75.2;20.9 °C;24.8;23.9;22.3;21.1;20.4
2024-04-15 00:20:42;25.8;66.6;63.7;78.2;75.0;75.2;20.8 °C;24.7;23.9;22.3;21.1;20.4
2024-04-15 00:30:42;25.8;66.6;63.7;78.2;75.0;75.2;20.6 °C;24.6;23.9;22.3;21.1;20.4
2024-04-15 00:40:47;25.8;66.5;63.7;78.2;75.1;75.2;20.4 °C;24.5;23.9;22.3;21.1;20.5
2024-04-15 00:50:44;25.8;66.5;63.7;78.2;75.1;75.2;20.3 °C;24.4;23.9;22.3;21.2;20.5
2024-04-15 01:00:46;25.8;66.5;63.7;78.2;75.1;75.2;20.2 °C;24.4;23.9;22.3;21.2;20.5
2024-04-15 01:10:39;25.8;66.5;63.7;78.2;75.1;75.2;20 °C;24.3;23.8;22.3;21.2;20.5
2024-04-15 01:20:41;25.9;66.4;63.7;78.2;75.1;75.2;19.9 °C;24.2;23.8;22.3;21.2;20.5
2024-04-15 01:30:45;25.8;66.4;63.7;78.2;75.1;75.2;19.8 °C;24.1;23.8;22.3;21.2;20.5
2024-04-15 01:40:46;25.9;66.4;63.7;78.2;75.1;75.2;19.6 °C;24.1;23.8;22.3;21.3;20.5
2024-04-15 01:50:42;25.9;66.3;63.6;78.2;75.1;75.2;19.5 °C;23.9;23.8;22.3;21.3;20.5
2024-04-15 02:00:43;25.9;66.3;63.6;78.2;75.1;75.2;19.4 °C;23.9;23.7;22.3;21.3;20.6
2024-04-15 02:10:45;25.9;66.3;63.6;78.2;75.1;75.2;19.3 °C;23.8;23.7;22.4;21.3;20.6
2024-04-15 02:20:40;25.9;66.3;63.6;78.2;75.1;75.2;19.1 °C;23.8;23.7;22.4;21.3;20.6
2024-04-15 02:30:43;25.9;66.2;63.6;78.2;75.1;75.2;19 °C;23.7;23.6;22.4;21.3;20.6
2024-04-15 02:40:45;25.9;66.2;63.6;78.2;75.1;75.2;18.9 °C;23.6;23.6;22.4;21.3;20.6
2024-04-15 02:50:46;25.9;66.2;63.6;78.3;75.1;75.2;18.8 °C;23.5;23.6;22.4;21.3;20.6
2024-04-15 03:00:42;25.9;66.1;63.6;78.2;75.1;75.2;18.6 °C;23.4;23.6;22.4;21.3;20.6
2024-04-15 03:10:46;25.9;66.1;63.6;78.2;75.1;75.2;18.5 °C;23.4;23.5;22.4;21.3;20.6
2024-04-15 03:20:44;25.9;66.1;63.5;78.2;75.1;75.2;18.4 °C;23.3;23.5;22.4;21.3;20.6
2024-04-15 03:30:42;25.9;66.0;63.5;78.2;75.1;75.2;18.3 °C;23.3;23.4;22.3;21.3;20.6
2024-04-15 03:40:43;25.9;66.0;63.5;78.2;75.1;75.2;18.2 °C;23.1;23.4;22.3;21.3;20.6
2024-04-15 03:50:44;25.9;66.0;63.5;78.2;75.1;75.2;18.1 °C;23.1;23.4;22.3;21.4;20.6
2024-04-15 04:00:40;25.9;66.0;63.5;78.2;75.1;75.2;18 °C;23;23.4;22.3;21.4;20.6
2024-04-15 04:10:46;25.9;66.0;63.5;78.2;75.1;75.2;17.9 °C;22.9;23.3;22.3;21.4;20.6
2024-04-15 04:20:40;25.9;65.9;63.5;78.2;75.1;75.2;17.8 °C;22.9;23.3;22.3;21.4;20.6
2024-04-15 04:30:42;25.9;65.9;63.4;78.2;75.1;75.2;17.8 °C;22.8;23.3;22.3;21.4;20.6
2024-04-15 04:40:39;25.9;65.9;63.4;78.2;75.1;75.2;17.7 °C;22.7;23.3;22.3;21.4;20.6
2024-04-15 04:50:42;25.9;65.9;63.4;78.2;75.2;75.3;17.6 °C;22.6;23.2;22.3;21.4;20.7
2024-04-15 05:00:43;25.9;65.8;63.4;78.2;75.2;75.3;17.6 °C;22.6;23.1;22.3;21.4;20.7
2024-04-15 05:10:41;25.9;65.8;63.4;78.2;75.2;75.2;17.4 °C;22.5;23.1;22.3;21.4;20.7
2024-04-15 05:20:45;25.9;65.8;63.4;78.2;75.2;75.3;17.4 °C;22.4;23.1;22.3;21.4;20.7
2024-04-15 05:30:44;26.0;65.8;63.4;78.2;75.2;75.3;17.3 °C;22.4;23.1;22.3;21.4;20.7
2024-04-15 05:40:44;25.9;65.7;63.4;78.2;75.2;75.3;17.2 °C;22.3;23;22.3;21.4;20.7
2024-04-15 05:50:46;26.0;65.7;63.3;78.1;75.2;75.3;17.1 °C;22.3;22.9;22.3;21.4;20.7
2024-04-15 06:00:44;25.9;65.7;63.3;78.1;75.2;75.3;17.1 °C;22.2;22.9;22.3;21.4;20.7
2024-04-15 06:10:42;25.9;65.7;63.3;78.1;75.2;75.3;17 °C;22.1;22.9;22.2;21.4;20.7
2024-04-15 06:20:44;25.9;65.7;63.3;78.1;75.2;75.3;17 °C;22.1;22.9;22.2;21.4;20.7
2024-04-15 06:30:42;25.9;65.6;63.3;78.1;75.2;75.3;17 °C;22;22.8;22.2;21.4;20.7
2024-04-15 06:40:43;26;65.6;63.3;78.1;75.2;75.3;17.1 °C;21.9;22.8;22.2;21.4;20.8
2024-04-15 06:50:45;26.0;65.6;63.3;78.1;75.2;75.3;17.1 °C;21.9;22.8;22.2;21.4;20.8
2024-04-15 07:00:45;26.0;65.6;63.2;78.1;75.2;75.3;17.3 °C;21.8;22.7;22.1;21.4;20.8
2024-04-15 07:10:42;26.0;65.5;63.2;78.1;75.2;75.3;17.4 °C;21.8;22.7;22.1;21.4;20.8
2024-04-15 07:20:43;26.0;65.5;63.3;78.1;75.2;75.2;17.4 °C;21.7;22.6;22.1;21.4;20.8
2024-04-15 07:30:42;26.0;65.5;63.2;78.1;75.2;75.2;17.6 °C;21.6;22.6;22.1;21.4;20.8
2024-04-15 07:40:47;26.0;65.5;63.2;78.1;75.2;75.3;17.7 °C;21.6;22.6;22.1;21.4;20.8
2024-04-15 07:50:40;26.1;65.5;63.2;78.1;75.2;75.3;17.9 °C;21.5;22.5;22.1;21.4;20.8
2024-04-15 08:00:39;26.1;65.5;63.2;78.0;75.2;75.3;18.5 °C;21.5;22.5;22.1;21.4;20.8
2024-04-15 08:10:46;26.1;65.5;63.2;78.0;75.2;75.3;19.3 °C;21.4;22.4;22.1;21.4;20.8
2024-04-15 08:20:43;26.2;65.5;63.2;78.0;75.1;75.3;20 °C;21.4;22.4;22;21.4;20.8
2024-04-15 08:30:45;26.2;65.4;63.1;78.0;75.2;75.3;20.8 °C;21.4;22.4;22;21.4;20.8
2024-04-15 08:40:42;26.2;65.4;63.1;78.0;75.2;75.3;21.5 °C;21.3;22.3;22;21.4;20.8
2024-04-15 08:50:43;26.2;65.4;63.1;78.0;75.1;75.3;22 °C;21.3;22.3;22;21.4;20.8
2024-04-15 09:00:41;26.2;65.4;63.1;78.0;75.1;75.3;22.9 °C;21.3;22.3;21.9;21.4;20.8
2024-04-15 09:10:46;26.2;65.4;63.1;78.0;75.1;75.3;23.6 °C;21.3;22.3;21.9;21.4;20.8
2024-04-15 09:20:39;26.2;65.4;63.1;78.0;75.1;75.2;24.3 °C;21.3;22.2;21.9;21.4;20.8
2024-04-15 09:30:41;26.2;65.4;63.1;78.0;75.1;75.3;25.1 °C;21.3;22.2;21.9;21.4;20.8
2024-04-15 09:40:42;26.2;65.4;63.0;77.9;75.1;75.3;25.7 °C;21.3;22.1;21.9;21.4;20.8
2024-04-15 09:50:43;26.2;65.4;63.0;77.9;75.1;75.3;25.9 °C;21.3;22.1;21.9;21.4;20.8
2024-04-15 10:00:45;26.2;65.4;63.0;77.9;75.1;75.3;25.4 °C;21.4;22.1;21.9;21.4;20.8
2024-04-15 10:10:41;26.2;65.4;63.0;77.9;75.1;75.3;25.1 °C;21.4;22.1;21.8;21.4;20.8
2024-04-15 10:20:41;26.1;65.4;63.0;77.9;75.1;75.2;25.8 °C;21.4;22;21.8;21.4;20.8
2024-04-15 10:30:45;26.1;65.4;63.0;77.9;75.1;75.2;26.2 °C;21.5;22;21.8;21.4;20.8
2024-04-15 10:40:46;26.1;65.4;63.0;77.9;75.1;75.2;25.9 °C;21.6;22;21.8;21.3;20.8
2024-04-15 10:50:39;26.1;65.5;63.0;77.9;75.1;75.3;26.1 °C;21.6;21.9;21.8;21.3;20.8
2024-04-15 11:00:45;26.1;65.5;63.0;77.9;75.1;75.3;26.1 °C;21.6;21.9;21.8;21.3;20.8
2024-04-15 11:10:46;26.1;65.5;63.0;77.9;75.1;75.3;26 °C;21.7;21.9;21.8;21.3;20.8
2024-04-15 11:20:43;26.1;65.5;63.0;77.9;75.1;75.2;26.1 °C;21.8;21.9;21.7;21.3;20.8
2024-04-15 11:30:46;26.1;65.5;63.0;77.9;75.1;75.2;26.1 °C;21.8;21.9;21.7;21.3;20.8
2024-04-15 11:40:44;26.1;65.5;63.0;77.8;75.1;75.2;26.6 °C;21.9;21.9;21.7;21.3;20.8
2024-04-15 11:50:39;26.1;65.5;62.9;77.8;75.1;75.2;27 °C;21.9;21.9;21.7;21.3;20.8
2024-04-15 12:00:42;26.1;65.6;63.0;77.9;75.1;75.2;28 °C;22;21.9;21.6;21.3;20.8
2024-04-15 12:10:44;26.1;65.6;62.9;77.8;75.0;75.2;28.9 °C;22.1;21.9;21.6;21.3;20.8
2024-04-15 12:20:39;26.1;65.6;62.9;77.8;75.1;75.2;29.6 °C;22.2;21.9;21.6;21.3;20.8
2024-04-15 12:30:46;26.1;65.6;63.0;77.8;75.1;75.2;30 °C;22.3;21.9;21.6;21.3;20.8
2024-04-15 12:40:42;26.1;65.6;62.9;77.8;75.0;75.2;30.3 °C;22.3;21.9;21.6;21.3;20.8
2024-04-15 12:50:44;26.1;65.7;63.0;77.8;75.0;75.2;31 °C;22.4;21.9;21.6;21.3;20.8
2024-04-15 13:00:44;26.1;65.7;63.0;77.8;75.0;75.2;30.9 °C;22.6;21.9;21.6;21.3;20.8
2024-04-15 13:10:39;26.1;65.8;63.0;77.8;75.0;75.2;31.6 °C;22.6;21.9;21.6;21.3;20.8
2024-04-15 13:20:46;26.2;65.8;63.0;77.8;75.0;75.2;32.4 °C;22.8;21.9;21.6;21.3;20.8
2024-04-15 13:30:44;26.1;65.8;63.0;77.8;75.0;75.2;33.1 °C;22.9;21.9;21.6;21.3;20.8
2024-04-15 13:40:39;26.1;65.9;63.0;77.8;75.0;75.2;33.2 °C;23;21.9;21.5;21.2;20.8
2024-04-15 13:50:46;26.0;65.9;63.0;77.7;75.0;75.2;32.4 °C;23.1;21.9;21.5;21.2;20.8
2024-04-15 14:00:43;25.9;65.9;63.0;77.7;75.0;75.2;31.6 °C;23.3;22;21.5;21.2;20.8
2024-04-15 14:10:42;25.8;66.0;63.0;77.7;75.0;75.2;30.7 °C;23.4;22;21.5;21.2;20.8
2024-04-15 14:20:39;25.8;66.0;63.0;77.7;75.0;75.2;30.4 °C;23.5;22.1;21.5;21.2;20.8
2024-04-15 14:30:41;25.8;66.1;63.0;77.7;75.0;75.2;30.2 °C;23.6;22.1;21.5;21.2;20.8
2024-04-15 14:40:45;25.8;66.1;63.0;77.7;75.0;75.2;29.8 °C;23.7;22.1;21.5;21.2;20.8
2024-04-15 14:50:42;25.8;66.2;63.0;77.7;75.0;75.2;29.7 °C;23.8;22.1;21.5;21.2;20.8
2024-04-15 15:00:40;25.8;66.2;63.0;77.7;74.9;75.1;29.9 °C;23.9;22.2;21.5;21.2;20.8
2024-04-15 15:10:44;25.8;66.2;63.0;77.7;74.9;75.2;29.8 °C;24;22.2;21.5;21.1;20.8
2024-04-15 15:20:40;25.7;66.2;63.0;77.7;74.9;75.1;29.5 °C;24.1;22.3;21.5;21.1;20.8
2024-04-15 15:30:44;25.7;66.3;63.0;77.7;74.9;75.1;29.1 °C;24.2;22.3;21.5;21.1;20.8
2024-04-15 15:40:40;25.7;66.3;63.1;77.7;74.9;75.2;28.8 °C;24.3;22.3;21.5;21.1;20.8
2024-04-15 15:50:44;25.7;66.3;63.1;77.7;74.9;75.2;28.6 °C;24.3;22.4;21.5;21.1;20.8
2024-04-15 16:00:40;25.7;66.3;63.1;77.7;74.9;75.1;28.8 °C;24.4;22.4;21.5;21.1;20.8
2024-04-15 16:10:44;25.7;66.3;63.1;77.7;74.9;75.1;28.8 °C;24.4;22.4;21.5;21.1;20.8
2024-04-15 16:20:40;25.6;66.4;63.1;77.7;74.9;75.1;28.8 °C;24.5;22.5;21.5;21.1;20.8
2024-04-15 16:30:44;25.6;66.4;63.1;77.7;74.9;75.1;28.6 °C;24.5;22.5;21.5;21.1;20.8
2024-04-15 16:40:40;25.6;66.4;63.1;77.7;74.9;75.1;28.4 °C;24.6;22.6;21.6;21.1;20.8
2024-04-15 16:50:45;25.6;66.4;63.1;77.7;74.9;75.1;28.1 °C;24.6;22.6;21.6;21.1;20.8
2024-04-15 17:00:41;25.6;66.4;63.1;77.7;74.9;75.1;28 °C;24.6;22.6;21.6;21.1;20.8
2024-04-15 17:10:45;25.6;66.4;63.2;77.7;74.9;75.1;27.9 °C;24.7;22.7;21.6;21.1;20.8
2024-04-15 17:20:38;25.6;66.4;63.2;77.8;74.9;75.1;27.7 °C;24.7;22.7;21.6;21.1;20.8
2024-04-15 17:30:40;25.6;66.5;63.2;77.8;74.9;75.1;27.6 °C;24.8;22.8;21.6;21.1;20.8
2024-04-15 17:40:40;25.5;66.5;63.2;77.8;74.9;75.1;27.5 °C;24.8;22.8;21.6;21.1;20.8
2024-04-15 17:50:44;25.5;66.5;63.2;77.8;74.9;75.1;27.3 °C;24.8;22.8;21.6;21.1;20.8
2024-04-15 18:00:40;25.5;66.4;63.2;77.8;74.9;75.1;27.1 °C;24.8;22.9;21.6;21.1;20.8
2024-04-15 18:10:40;25.5;66.5;63.2;77.8;74.9;75.1;26.8 °C;24.8;22.9;21.6;21.1;20.7
2024-04-15 18:20:40;25.5;66.4;63.2;77.8;74.9;75.1;26.5 °C;24.8;22.9;21.7;21.1;20.8
2024-04-15 18:30:44;25.5;66.4;63.3;77.8;74.9;75.1;26.2 °C;24.8;22.9;21.7;21.1;20.8
2024-04-15 18:40:40;25.5;66.4;63.3;77.8;74.9;75.1;25.9 °C;24.8;23;21.7;21.1;20.8
2024-04-15 18:50:41;25.5;66.4;63.3;77.8;74.9;75.1;25.6 °C;24.8;23;21.7;21.1;20.7
2024-04-15 19:00:41;25.4;66.4;63.3;77.8;74.9;75.1;25.3 °C;24.8;23.1;21.8;21.1;20.7
2024-04-15 19:10:46;25.4;66.4;63.3;77.8;74.9;75.1;25.1 °C;24.8;23.1;21.8;21.1;20.7
2024-04-15 19:20:39;25.5;66.4;63.3;77.8;74.9;75.1;24.8 °C;24.8;23.1;21.8;21.1;20.7
2024-04-15 19:30:42;25.4;66.4;63.3;77.8;74.9;75.1;24.4 °C;24.8;23.1;21.8;21.1;20.7
2024-04-15 19:40:44;25.5;66.4;63.3;77.8;74.9;75.1;24.2 °C;24.8;23.1;21.8;21.1;20.7
2024-04-15 19:50:45;25.4;66.4;63.3;77.8;74.9;75.1;24 °C;24.7;23.2;21.8;21.1;20.7
2024-04-15 20:00:41;25.4;66.4;63.3;77.8;74.9;75.1;23.8 °C;24.7;23.2;21.8;21.1;20.8
2024-04-15 20:10:42;25.5;66.4;63.3;77.9;74.9;75.1;23.6 °C;24.7;23.2;21.8;21.2;20.8
2024-04-15 20:20:40;25.4;66.3;63.3;77.8;74.9;75.1;23.5 °C;24.6;23.2;21.9;21.2;20.8
2024-04-15 20:30:44;25.4;66.3;63.3;77.8;74.9;75.1;23.4 °C;24.6;23.3;21.9;21.2;20.8
2024-04-15 20:40:41;25.4;66.3;63.3;77.8;74.9;75.1;23.3 °C;24.6;23.3;21.9;21.2;20.8
2024-04-15 20:50:46;25.4;66.3;63.3;77.9;74.9;75.1;23.1 °C;24.5;23.3;21.9;21.2;20.8
2024-04-15 21:00:40;25.4;66.3;63.3;77.9;74.9;75.1;23.1 °C;24.4;23.3;21.9;21.2;20.8
2024-04-15 21:10:39;25.5;66.2;63.3;77.9;74.9;75.1;23 °C;24.4;23.3;21.9;21.2;20.8
2024-04-15 21:20:42;25.5;66.2;63.3;77.9;74.9;75.1;22.9 °C;24.4;23.3;21.9;21.2;20.8
2024-04-15 21:30:41;25.5;66.2;63.3;77.9;74.9;75.1;22.8 °C;24.4;23.3;21.9;21.2;20.8
2024-04-15 21:40:38;25.5;66.2;63.3;77.9;74.9;75.1;22.8 °C;24.3;23.3;22;21.2;20.8
2024-04-15 21:50:45;25.5;66.2;63.3;77.9;74.9;75.1;22.6 °C;24.3;23.3;22;21.3;20.8
2024-04-15 22:00:45;25.5;66.2;63.3;77.9;75.0;75.1;22.6 °C;24.2;23.3;22;21.3;20.8
2024-04-15 22:10:38;25.5;66.1;63.3;77.9;75.0;75.1;22.5 °C;24.2;23.3;22;21.3;20.8
2024-04-15 22:20:44;25.5;66.1;63.3;77.9;75.0;75.1;22.4 °C;24.1;23.3;22;21.3;20.8
2024-04-15 22:30:44;25.5;66.1;63.3;77.9;75.0;75.1;22.4 °C;24.1;23.3;22;21.3;20.8
2024-04-15 22:40:45;25.5;66.1;63.3;77.9;75.0;75.1;22.3 °C;24.1;23.3;22.1;21.3;20.8
2024-04-15 22:50:41;25.5;66.1;63.3;77.9;75.0;75.1;22.2 °C;24;23.3;22.1;21.3;20.8
2024-04-15 23:00:42;25.5;66.1;63.3;77.9;75.0;75.1;22.1 °C;23.9;23.3;22.1;21.3;20.8
2024-04-15 23:10:41;25.5;66.0;63.3;78.0;75.0;75.1;22.1 °C;23.9;23.3;22.1;21.3;20.8
2024-04-15 23:20:42;25.5;66.0;63.3;77.9;75.0;75.1;22 °C;23.9;23.3;22.1;21.3;20.8
2024-04-15 23:30:44;25.5;66.0;63.3;78.0;75.0;75.1;21.9 °C;23.8;23.3;22.1;21.3;20.8
2024-04-15 23:40:44;25.5;66.0;63.3;78.0;75.0;75.1;21.9 °C;23.8;23.3;22.1;21.3;20.8
2024-04-15 23:50:41;25.6;66.0;63.3;77.9;75.0;75.1;21.8 °C;23.8;23.3;22.1;21.3;20.8
2024-04-16 00:00:46;25.5;66.0;63.3;77.9;75.0;75.1;21.8 °C;23.7;23.3;22.1;21.3;20.8
2024-04-16 00:10:43;25.5;65.9;63.3;77.9;75.0;75.1;21.7 °C;23.7;23.3;22.1;21.3;20.8
2024-04-16 00:20:39;25.6;65.9;63.2;78.0;75.0;75.2;21.7 °C;23.6;23.3;22.1;21.3;20.8
2024-04-16 00:30:42;25.6;65.9;63.3;77.9;75;75.1;21.6 °C;23.6;23.2;22.1;21.3;20.8
2024-04-16 00:40:40;25.6;65.9;63.3;78.0;75.0;75.2;21.6 °C;23.6;23.2;22.1;21.3;20.8
2024-04-16 00:50:45;25.6;65.9;63.3;78.0;75.0;75.1;21.4 °C;23.5;23.2;22.1;21.4;20.8
2024-04-16 01:00:38;25.6;65.9;63.3;77.9;75.0;75.2;21.4 °C;23.4;23.2;22.1;21.4;20.8
2024-04-16 01:10:40;25.6;65.8;63.3;77.9;75.0;75.1;21.3 °C;23.4;23.2;22.1;21.4;20.8
2024-04-16 01:20:41;25.6;65.8;63.3;78.0;75.0;75.2;21.2 °C;23.4;23.1;22.1;21.4;20.8
2024-04-16 01:30:42;25.6;65.8;63.2;77.9;75.0;75.2;21.1 °C;23.4;23.1;22.1;21.4;20.8
2024-04-16 01:40:45;25.6;65.8;63.2;77.9;75.0;75.2;21.1 °C;23.3;23.1;22.1;21.4;20.8
2024-04-16 01:50:42;25.6;65.8;63.2;77.9;75.0;75.2;21.1 °C;23.3;23.1;22.1;21.4;20.8
2024-04-16 02:00:40;25.6;65.8;63.2;77.9;75.0;75.2;21 °C;23.3;23.1;22.1;21.4;20.8
2024-04-16 02:10:39;25.6;65.8;63.2;77.9;75.0;75.2;20.9 °C;23.2;23.1;22.1;21.4;20.8
2024-04-16 02:20:39;25.6;65.7;63.2;77.9;75.0;75.2;20.9 °C;23.1;23.1;22.1;21.4;20.8
2024-04-16 02:30:42;25.6;65.7;63.2;77.9;75.0;75.2;20.9 °C;23.1;23.1;22.1;21.4;20.8
2024-04-16 02:40:44;25.6;65.7;63.2;77.9;75.0;75.2;20.9 °C;23.1;23;22.1;21.4;20.8
2024-04-16 02:50:41;25.6;65.7;63.2;77.9;75.0;75.2;20.8 °C;23.1;23;22.1;21.4;20.9
2024-04-16 03:00:38;25.6;65.7;63.2;77.9;75.0;75.2;20.8 °C;23;23;22.1;21.4;20.9
2024-04-16 03:10:41;25.6;65.6;63.2;77.9;75.0;75.2;20.7 °C;23;23;22.1;21.4;20.9
2024-04-16 03:20:43;25.6;65.6;63.2;77.9;75.0;75.2;20.6 °C;22.9;22.9;22.1;21.4;20.9
2024-04-16 03:30:43;25.6;65.6;63.2;77.9;75.0;75.2;20.6 °C;22.9;22.9;22.1;21.4;20.9
2024-04-16 03:40:45;25.6;65.6;63.2;77.9;75.0;75.2;20.5 °C;22.9;22.9;22.1;21.4;20.9
2024-04-16 03:50:39;25.6;65.6;63.1;77.9;75.0;75.2;20.4 °C;22.8;22.9;22.1;21.4;20.9
2024-04-16 04:10:38;25.6;65.6;63.1;77.9;75.0;75.2;20.4 °C;22.8;22.9;22.1;21.4;20.9
2024-04-16 04:20:41;25.6;65.6;63.1;77.9;75.0;75.2;20.3 °C;22.8;22.9;22.1;21.4;20.9
2024-04-16 04:30:38;25.7;65.5;63.1;78.0;75.0;75.2;20.3 °C;22.7;22.8;22.1;21.4;20.9
2024-04-16 04:40:45;25.7;65.5;63.1;77.9;75.0;75.2;20.3 °C;22.6;22.8;22.1;21.4;20.9
2024-04-16 04:50:39;25.7;65.5;63.1;77.9;75.0;75.2;20.2 °C;22.6;22.8;22.1;21.4;20.9
2024-04-16 05:00:43;25.7;65.5;63.1;77.9;75.0;75.2;20.1 °C;22.6;22.8;22.1;21.4;20.9
2024-04-16 05:10:42;25.7;65.5;63.1;77.9;75.0;75.2;20.1 °C;22.6;22.8;22.1;21.4;20.9
2024-04-16 05:20:38;25.7;65.5;63.1;77.9;75.0;75.2;20 °C;22.5;22.8;22.1;21.4;20.9
2024-04-16 05:30:44;25.7;65.4;63.1;77.9;75.0;75.2;19.9 °C;22.5;22.7;22.1;21.4;20.9
2024-04-16 05:40:44;25.6;65.5;63.1;77.9;75.0;75.2;19.8 °C;22.4;22.7;22.1;21.4;20.9
2024-04-16 05:50:45;25.7;65.4;63.1;77.9;75.0;75.2;19.6 °C;22.4;22.7;22.1;21.4;20.9
2024-04-16 06:00:39;25.7;65.4;63.1;77.9;75.0;75.2;19.5 °C;22.4;22.7;22.1;21.4;20.9
2024-04-16 06:10:38;25.6;65.4;63.1;77.9;75.0;75.2;19.4 °C;22.3;22.6;22.1;21.4;20.9
2024-04-16 06:20:40;25.7;65.4;63.1;77.9;75.0;75.2;19.3 °C;22.3;22.6;22;21.4;20.9
2024-04-16 06:30:45;25.7;65.4;63.1;77.9;75.0;75.2;19.2 °C;22.3;22.6;22;21.4;20.9
2024-04-16 06:40:39;25.7;65.4;63.0;77.9;75.0;75.2;19.3 °C;22.3;22.6;22;21.4;20.9
2024-04-16 06:50:42;25.7;65.3;63.0;77.9;75.0;75.2;19.3 °C;22.2;22.6;22;21.4;20.9
2024-04-16 07:00:45;25.7;65.3;63.0;77.9;75.0;75.2;19.3 °C;22.1;22.6;22;21.4;20.9
2024-04-16 07:10:43;25.7;65.3;63.0;77.9;75.0;75.2;19.4 °C;22.1;22.5;22;21.4;20.9
2024-04-16 07:20:43;25.8;65.3;63.0;77.9;75.0;75.2;19.4 °C;22.1;22.5;22;21.4;20.9
2024-04-16 07:30:38;25.8;65.3;63.0;77.9;75.0;75.2;19.6 °C;22;22.5;21.9;21.4;20.9
2024-04-16 07:40:38;25.8;65.3;63.0;77.8;75.0;75.2;19.7 °C;22;22.4;21.9;21.4;20.9
2024-04-16 07:50:40;25.8;65.3;63.0;77.9;75.0;75.2;19.8 °C;21.9;22.4;21.9;21.4;20.9
2024-04-16 08:00:45;25.8;65.3;63.0;77.8;75.0;75.2;20 °C;21.9;22.4;21.9;21.4;20.9
2024-04-16 08:10:39;25.8;65.2;63.0;77.8;75.0;75.2;20.1 °C;21.9;22.4;21.9;21.4;20.9
2024-04-16 08:20:43;25.8;65.2;63.0;77.8;75.0;75.2;20.4 °C;21.9;22.4;21.9;21.4;20.9
2024-04-16 08:30:43;25.9;65.2;63.0;77.8;75.0;75.2;20.7 °C;21.9;22.4;21.9;21.4;20.9
2024-04-16 08:40:38;25.9;65.2;63.0;77.8;75.0;75.2;21 °C;21.8;22.3;21.9;21.4;20.9
2024-04-16 08:50:45;25.9;65.2;63.0;77.8;75.0;75.2;21.4 °C;21.8;22.3;21.9;21.4;20.9
2024-04-16 09:00:42;25.9;65.2;62.9;77.8;75.0;75.2;21.8 °C;21.8;22.3;21.9;21.4;20.9
2024-04-16 09:10:41;25.9;65.2;63.0;77.8;75.0;75.2;21.9 °C;21.8;22.3;21.9;21.4;20.9
2024-04-16 09:20:38;25.9;65.2;62.9;77.8;75.0;75.2;22.1 °C;21.8;22.3;21.9;21.4;20.9
2024-04-16 09:30:41;25.9;65.2;62.9;77.8;75.0;75.2;22.1 °C;21.8;22.3;21.9;21.4;20.9
2024-04-16 09:40:43;25.9;65.2;62.9;77.8;75.0;75.2;22.2 °C;21.8;22.2;21.8;21.4;20.9
2024-04-16 09:50:43;26.0;65.2;62.9;77.8;75.0;75.2;22.4 °C;21.8;22.2;21.8;21.4;20.9
2024-04-16 10:00:43;26.0;65.2;62.9;77.8;75.0;75.2;22.6 °C;21.8;22.2;21.8;21.4;20.9
2024-04-16 10:10:42;26.0;65.2;62.9;77.8;75.0;75.2;23.1 °C;21.8;22.1;21.8;21.4;20.9
2024-04-16 10:20:41;26.0;65.2;62.9;77.8;75.0;75.2;23.6 °C;21.8;22.1;21.8;21.4;20.9
2024-04-16 10:30:43;26.0;65.2;62.9;77.8;75.0;75.2;23.8 °C;21.8;22.1;21.8;21.4;20.9
2024-04-16 10:40:39;26.0;65.2;62.9;77.8;75.0;75.2;24 °C;21.9;22.1;21.8;21.4;20.9
2024-04-16 10:50:39;26.0;65.2;62.9;77.7;75.0;75.1;24.3 °C;21.9;22.1;21.8;21.4;20.9
2024-04-16 11:00:43;26.1;65.2;62.9;77.8;75.0;75.2;24.5 °C;21.9;22.1;21.8;21.4;20.9
2024-04-16 11:10:39;26.1;65.2;62.9;77.7;75.0;75.1;24.8 °C;21.9;22.1;21.8;21.4;20.9
2024-04-16 11:20:43;26.1;65.2;62.9;77.7;75.0;75.1;25.1 °C;22;22.1;21.8;21.4;20.9
2024-04-16 11:30:42;26.1;65.3;62.9;77.7;75.0;75.1;25.5 °C;22;22.1;21.8;21.4;20.9
2024-04-16 11:40:37;26.1;65.3;62.9;77.7;75.0;75.1;25.8 °C;22.1;22.1;21.7;21.4;20.9
2024-04-16 11:50:44;26.0;65.2;62.9;77.7;75.0;75.1;26.2 °C;22.1;22;21.7;21.4;20.9
2024-04-16 12:00:44;26.1;65.3;62.9;77.7;75.0;75.1;26.6 °C;22.1;22;21.7;21.4;20.9
2024-04-16 12:10:42;26.1;65.3;62.9;77.7;74.9;75.1;27 °C;22.2;22;21.7;21.4;20.9
2024-04-16 12:20:44;26.1;65.3;62.9;77.7;74.9;75.1;27.6 °C;22.3;22;21.7;21.3;20.9
2024-04-16 12:30:42;26.0;65.3;62.8;77.7;74.9;75.1;27.8 °C;22.3;22;21.6;21.3;20.9
2024-04-16 12:40:53;26.0;65.4;62.9;77.7;74.9;75.1;27.6 °C;22.4;22;21.6;21.3;20.9
2024-04-16 12:50:40;26.0;65.4;62.9;77.7;74.9;75.1;27.8 °C;22.4;22;21.6;21.3;20.9
2024-04-16 13:00:44;26.0;65.4;62.9;77.7;74.9;75.1;27.6 °C;22.5;22;21.6;21.3;20.9
2024-04-16 13:10:42;25.9;65.4;62.9;77.7;74.9;75.1;27.4 °C;22.6;22;21.6;21.3;20.9
2024-04-16 13:20:45;25.9;65.4;62.9;77.7;74.9;75.1;27.2 °C;22.6;22;21.6;21.3;20.9
2024-04-16 13:30:39;25.9;65.5;62.9;77.7;74.9;75.1;27.2 °C;22.8;22.1;21.6;21.3;20.9
2024-04-16 13:40:39;25.9;65.5;62.9;77.7;74.9;75.1;27.1 °C;22.8;22.1;21.6;21.3;20.9
2024-04-16 13:50:38;25.8;65.5;62.9;77.7;74.9;75.1;27.1 °C;22.9;22.1;21.6;21.3;20.9
2024-04-16 14:00:38;25.8;65.5;62.9;77.7;74.9;75.1;27.1 °C;22.9;22.1;21.6;21.3;20.9
2024-04-16 14:10:45;25.8;65.5;62.9;77.7;74.9;75.1;27 °C;23;22.1;21.6;21.3;20.9
2024-04-16 14:20:38;25.7;65.5;62.8;77.7;74.9;75.1;26.8 °C;23.1;22.1;21.6;21.3;20.9
2024-04-16 14:30:41;25.7;65.5;62.8;77.6;74.9;75.1;26.6 °C;23.1;22.1;21.6;21.3;20.9
2024-04-16 14:40:44;25.7;65.6;62.9;77.6;74.9;75.1;26.3 °C;23.1;22.1;21.6;21.3;20.9
2024-04-16 14:50:41;25.6;65.6;62.9;77.7;74.9;75.1;26 °C;23.2;22.1;21.6;21.3;20.9
2024-04-16 15:00:43;25.6;65.6;62.9;77.7;74.9;75.1;25.8 °C;23.3;22.2;21.6;21.3;20.9
2024-04-16 15:10:43;25.6;65.6;62.9;77.6;74.9;75.1;25.6 °C;23.3;22.2;21.6;21.3;20.9
2024-04-16 15:20:44;25.6;65.6;62.9;77.7;74.9;75.1;25.4 °C;23.3;22.2;21.6;21.3;20.9
2024-04-16 15:30:44;25.5;65.6;62.9;77.6;74.9;75.1;25.2 °C;23.3;22.3;21.6;21.3;20.9
2024-04-16 15:40:42;25.5;65.7;62.9;77.7;74.9;75.1;24.8 °C;23.4;22.3;21.6;21.3;20.9
2024-04-16 15:50:38;25.5;65.6;62.9;77.7;74.9;75.1;24.4 °C;23.4;22.3;21.6;21.3;20.9
2024-04-16 16:00:40;25.6;65.7;62.9;77.6;74.9;75.1;23.7 °C;23.4;22.3;21.6;21.3;20.9
2024-04-16 16:10:42;25.6;65.7;62.9;77.7;74.9;75.1;23.1 °C;23.4;22.3;21.6;21.3;20.9
2024-04-16 16:20:37;25.8;65.7;62.9;77.7;74.9;75.1;22.4 °C;23.4;22.3;21.6;21.3;20.9
2024-04-16 16:30:44;25.9;65.6;62.9;77.6;74.9;75.1;22 °C;23.4;22.4;21.6;21.3;20.9
2024-04-16 16:40:38;26.1;65.6;62.9;77.7;74.9;75.1;21.6 °C;23.4;22.4;21.6;21.3;20.9
2024-04-16 16:50:41;26.3;65.6;62.9;77.7;74.9;75.1;21.4 °C;23.4;22.4;21.6;21.3;20.9
2024-04-16 17:00:39;26.3;65.6;62.9;77.7;74.9;75.1;21.3 °C;23.4;22.4;21.6;21.3;20.9
2024-04-16 17:10:38;26.3;65.6;62.9;77.7;74.9;75.1;21.3 °C;23.4;22.4;21.6;21.3;20.9
2024-04-16 17:20:42;26.4;65.6;62.9;77.7;74.9;75.1;21.3 °C;23.3;22.4;21.6;21.2;20.9
2024-04-16 17:30:42;26.4;65.6;63.0;77.7;74.9;75.0;21.2 °C;23.3;22.4;21.6;21.3;20.9
2024-04-16 17:40:41;26.4;65.6;62.9;77.7;74.9;75.1;21.2 °C;23.3;22.4;21.6;21.2;20.9
2024-04-16 17:50:44;26.4;65.5;63.0;77.7;74.9;75.0;21.3 °C;23.3;22.4;21.6;21.3;20.9
2024-04-16 18:00:41;26.4;65.6;62.9;77.7;74.9;75.1;21.2 °C;23.2;22.5;21.6;21.3;20.9
2024-04-16 18:10:40;26.4;65.5;62.9;77.7;74.9;75.1;21.1 °C;23.2;22.5;21.6;21.2;20.9
2024-04-16 18:20:41;26.4;65.5;62.9;77.7;74.9;75.1;21.1 °C;23.1;22.5;21.6;21.2;20.9
2024-04-16 18:30:40;26.4;65.5;63.0;77.7;74.9;75.1;21 °C;23.1;22.5;21.6;21.2;20.9
2024-04-16 18:40:41;26.4;65.5;62.9;77.7;74.9;75.1;20.9 °C;23.1;22.5;21.6;21.2;20.9
2024-04-16 18:50:44;26.4;65.5;62.9;77.7;74.9;75.1;20.9 °C;23.1;22.5;21.7;21.2;20.9
2024-04-16 19:00:41;26.4;65.5;62.9;77.7;74.9;75.1;20.8 °C;23;22.5;21.7;21.3;20.9
2024-04-16 19:10:44;26.4;65.4;62.9;77.7;74.9;75.1;20.6 °C;23;22.5;21.7;21.2;20.9
2024-04-16 19:20:41;26.3;65.4;62.9;77.7;74.9;75.1;20.6 °C;22.9;22.5;21.7;21.3;20.9
2024-04-16 19:30:39;26.4;65.4;62.9;77.7;74.9;75.1;20.4 °C;22.9;22.5;21.7;21.3;20.9
2024-04-16 19:40:44;26.4;65.4;62.9;77.7;74.9;75.1;20.3 °C;22.9;22.5;21.7;21.3;20.9
2024-04-16 19:50:42;26.4;65.4;62.9;77.7;74.9;75.1;20.1 °C;22.8;22.5;21.7;21.3;20.9
2024-04-16 20:00:37;26.4;65.4;62.9;77.7;74.9;75.0;19.9 °C;22.8;22.5;21.7;21.3;20.9
2024-04-16 20:10:44;26.5;65.4;62.9;77.7;74.9;75.0;19.8 °C;22.8;22.5;21.7;21.3;20.9
2024-04-16 20:20:41;26.4;65.3;62.9;77.7;74.8;75.0;19.6 °C;22.7;22.5;21.7;21.3;20.9
2024-04-16 20:30:39;26.4;65.3;62.9;77.7;74.8;75.1;19.6 °C;22.7;22.5;21.7;21.3;20.9
2024-04-16 20:40:40;26.5;65.3;62.9;77.7;74.9;75.0;19.5 °C;22.6;22.5;21.7;21.3;20.9
2024-04-16 20:50:41;26.4;65.3;62.9;77.7;74.9;75.0;19.4 °C;22.6;22.5;21.7;21.3;20.9
2024-04-16 21:00:40;26.4;65.3;62.9;77.7;74.9;75.0;19.4 °C;22.5;22.4;21.7;21.3;20.9
2024-04-16 21:10:38;26.4;65.3;62.9;77.7;74.9;75.0;19.3 °C;22.5;22.4;21.7;21.3;20.9
2024-04-16 21:20:41;26.4;65.2;62.9;77.7;74.9;75.1;19.3 °C;22.4;22.4;21.7;21.3;20.9
2024-04-16 21:30:40;26.4;65.2;62.9;77.7;74.9;75.1;19.2 °C;22.4;22.4;21.7;21.3;20.9
2024-04-16 21:40:38;26.5;65.2;62.9;77.7;74.9;75.0;19.1 °C;22.4;22.4;21.7;21.3;20.9
2024-04-16 21:50:42;26.4;65.2;62.9;77.7;74.9;75.0;19.1 °C;22.3;22.4;21.7;21.3;20.9
2024-04-16 22:00:38;26.4;65.2;62.9;77.7;74.9;75.1;19 °C;22.3;22.4;21.8;21.3;20.9
2024-04-16 22:10:42;26.4;65.2;62.9;77.7;74.9;75.1;18.9 °C;22.2;22.4;21.7;21.3;20.9
2024-04-16 22:20:42;26.4;65.1;62.9;77.7;74.9;75.1;18.9 °C;22.2;22.4;21.7;21.3;20.9
2024-04-16 22:30:38;26.4;65.1;62.9;77.7;74.9;75.1;18.9 °C;22.1;22.4;21.7;21.3;20.9
2024-04-16 22:40:41;26.4;65.1;62.8;77.7;74.9;75.1;18.8 °C;22.1;22.3;21.7;21.3;20.9
2024-04-16 22:50:37;26.4;65.1;62.9;77.7;74.9;75.1;18.8 °C;22;22.3;21.7;21.3;20.9
2024-04-16 23:10:39;26.4;65.1;62.9;77.7;74.9;75.1;18.8 °C;21.9;22.3;21.7;21.3;20.9
2024-04-16 23:20:40;26.4;65.0;62.8;77.7;74.9;75.1;18.8 °C;21.9;22.3;21.7;21.3;20.9
2024-04-16 23:30:43;26.4;65.0;62.9;77.7;74.9;75.1;18.8 °C;21.9;22.3;21.7;21.3;20.9
2024-04-16 23:40:39;26.4;65.0;62.8;77.7;74.9;75.1;18.7 °C;21.8;22.3;21.7;21.3;20.9
2024-04-16 23:50:40;26.4;65.0;62.8;77.7;74.9;75.1;18.7 °C;21.8;22.2;21.7;21.3;20.9
2024-04-17 00:00:41;26.4;65.0;62.8;77.6;74.9;75.1;18.7 °C;21.8;22.2;21.7;21.3;20.9
2024-04-17 00:10:40;26.4;65.0;62.8;77.7;74.9;75.1;18.7 °C;21.7;22.2;21.7;21.3;20.9
2024-04-17 00:20:38;26.4;65.0;62.8;77.7;74.9;75.1;18.6 °C;21.7;22.1;21.7;21.3;20.9
2024-04-17 00:30:42;26.4;65.0;62.8;77.6;74.9;75.1;18.6 °C;21.6;22.1;21.7;21.3;20.9
2024-04-17 00:40:38;26.4;64.9;62.8;77.7;74.9;75.1;18.6 °C;21.6;22.1;21.7;21.3;20.9
2024-04-17 00:50:41;26.4;64.9;62.8;77.6;74.9;75.1;18.5 °C;21.6;22.1;21.7;21.3;20.9
2024-04-17 01:00:44;26.4;64.9;62.8;77.7;74.9;75.1;18.5 °C;21.5;22.1;21.6;21.3;20.9
2024-04-17 01:10:42;26.4;64.9;62.8;77.7;74.9;75.1;18.5 °C;21.5;22.1;21.6;21.3;20.9
2024-04-17 01:20:41;26.4;64.9;62.8;77.7;74.9;75.1;18.4 °C;21.4;22;21.6;21.3;20.9
2024-04-17 01:30:40;26.4;64.9;62.8;77.6;74.9;75.1;18.3 °C;21.4;22;21.6;21.3;20.9
2024-04-17 01:40:42;26.4;64.9;62.8;77.7;74.9;75.0;18.2 °C;21.4;22;21.6;21.3;20.9
2024-04-17 01:50:37;26.4;64.8;62.7;77.7;74.9;75.1;18.1 °C;21.3;21.9;21.6;21.3;20.9
2024-04-17 02:00:36;26.4;64.8;62.7;77.6;74.9;75.1;17.9 °C;21.3;21.9;21.6;21.3;20.9
2024-04-17 02:10:42;26.4;64.8;62.7;77.6;74.9;75.1;17.8 °C;21.3;21.9;21.6;21.3;20.9
2024-04-17 02:20:43;26.4;64.8;62.7;77.6;74.9;75.1;17.6 °C;21.3;21.9;21.6;21.3;20.9
2024-04-17 02:30:39;26.4;64.8;62.7;77.6;74.9;75.1;17.5 °C;21.2;21.9;21.6;21.3;20.9
2024-04-17 02:40:37;26.4;64.8;62.7;77.6;74.9;75.1;17.4 °C;21.1;21.9;21.6;21.3;20.9
2024-04-17 02:50:39;26.4;64.7;62.7;77.6;74.9;75.0;17.3 °C;21.1;21.8;21.6;21.3;20.9
2024-04-17 03:00:41;26.4;64.8;62.7;77.6;74.9;75.1;17.2 °C;21.1;21.8;21.6;21.3;20.9
2024-04-17 03:10:43;26.4;64.7;62.7;77.6;74.9;75.1;17.1 °C;21.1;21.8;21.6;21.3;20.9
2024-04-17 03:20:37;26.4;64.7;62.7;77.6;74.9;75.1;17 °C;21;21.8;21.5;21.3;20.9
2024-04-17 03:30:44;26.4;64.7;62.7;77.6;74.9;75.0;16.9 °C;20.9;21.8;21.5;21.3;20.9
2024-04-17 03:40:41;26.4;64.7;62.7;77.6;74.9;75.1;16.9 °C;20.9;21.7;21.5;21.3;20.9
2024-04-17 03:50:36;26.4;64.7;62.7;77.6;74.9;75.1;16.8 °C;20.9;21.7;21.5;21.2;20.9
2024-04-17 04:00:42;26.4;64.7;62.7;77.6;74.9;75.0;16.8 °C;20.8;21.7;21.5;21.2;20.9
2024-04-17 04:10:43;26.4;64.6;62.7;77.6;74.9;75.1;16.7 °C;20.8;21.6;21.4;21.2;20.9
2024-04-17 04:20:44;26.4;64.7;62.7;77.6;74.9;75.1;16.8 °C;20.7;21.6;21.4;21.2;20.9
2024-04-17 04:30:38;26.4;64.6;62.7;77.6;74.9;75.0;16.8 °C;20.7;21.6;21.4;21.2;20.9
2024-04-17 04:40:38;26.4;64.6;62.6;77.6;74.9;75.0;16.8 °C;20.6;21.6;21.4;21.2;20.9
2024-04-17 04:50:37;26.4;64.6;62.6;77.6;74.8;75.1;16.8 °C;20.6;21.6;21.4;21.2;20.9
2024-04-17 05:00:37;26.4;64.5;62.6;77.6;74.9;75.0;16.8 °C;20.6;21.5;21.4;21.2;20.9
2024-04-17 05:10:44;26.4;64.6;62.6;77.6;74.8;75.1;16.8 °C;20.5;21.5;21.4;21.2;20.9
2024-04-17 05:20:38;26.4;64.5;62.6;77.6;74.8;75.0;16.8 °C;20.4;21.5;21.4;21.2;20.9
2024-04-17 05:30:42;26.4;64.5;62.6;77.5;74.8;75.0;16.8 °C;20.4;21.4;21.4;21.2;20.9
2024-04-17 05:40:42;26.4;64.5;62.6;77.6;74.8;75.0;16.7 °C;20.4;21.4;21.4;21.2;20.9
2024-04-17 05:50:37;26.4;64.5;62.6;77.5;74.8;75.1;16.6 °C;20.4;21.4;21.4;21.2;20.9
2024-04-17 06:00:41;26.4;64.5;62.6;77.5;74.8;75.1;16.6 °C;20.3;21.4;21.3;21.1;20.9
2024-04-17 06:10:36;26.4;64.5;62.6;77.5;74.8;75.1;16.6 °C;20.3;21.3;21.3;21.1;20.9
2024-04-17 06:20:39;26.4;64.5;62.6;77.5;74.8;75.0;16.6 °C;20.3;21.3;21.3;21.1;20.9
2024-04-17 06:30:39;26.4;64.5;62.6;77.5;74.8;75.0;16.6 °C;20.2;21.3;21.3;21.1;20.9
2024-04-17 06:40:41;26.4;64.4;62.5;77.5;74.8;75.1;16.6 °C;20.2;21.3;21.3;21.1;20.9
2024-04-17 06:50:41;26.4;64.4;62.6;77.5;74.8;75.1;16.6 °C;20.1;21.3;21.3;21.1;20.9
2024-04-17 07:00:43;26.4;64.4;62.5;77.5;74.8;75.0;16.7 °C;20.1;21.2;21.3;21.1;20.9
2024-04-17 07:10:37;26.4;64.4;62.5;77.5;74.8;75.0;16.7 °C;20.1;21.2;21.3;21.1;20.9
2024-04-17 07:20:37;26.4;64.4;62.5;77.5;74.8;75.0;16.8 °C;20;21.2;21.3;21.1;20.9
2024-04-17 07:30:40;26.5;64.4;62.5;77.5;74.8;75.0;17.1 °C;20;21.1;21.2;21.1;20.9
2024-04-17 07:40:42;26.5;64.4;62.5;77.5;74.8;75.0;17.3 °C;19.9;21.1;21.2;21.1;20.9
2024-04-17 07:50:41;26.5;64.3;62.5;77.5;74.8;75.0;17.5 °C;19.9;21.1;21.2;21.1;20.9
2024-04-17 08:00:41;26.5;64.3;62.5;77.5;74.8;75.0;17.9 °C;19.9;21.1;21.2;21.1;20.9
2024-04-17 08:10:41;26.5;64.3;62.5;77.5;74.8;75.0;18.5 °C;19.9;21.1;21.1;21.1;20.9
2024-04-17 08:20:39;26.5;64.3;62.5;77.5;74.8;75.0;19 °C;19.9;21;21.1;21.1;20.9
2024-04-17 08:30:41;26.5;64.4;62.5;77.4;74.8;75.0;19.6 °C;19.9;21;21.1;21.1;20.8
2024-04-17 08:40:36;26.5;64.3;62.5;77.4;74.8;75.0;20.3 °C;19.8;20.9;21.1;21.1;20.8
2024-04-17 08:50:38;26.5;64.3;62.5;77.5;74.8;75.0;21 °C;19.8;20.9;21.1;21.1;20.8
2024-04-17 09:00:39;26.5;64.3;62.5;77.4;74.8;75.0;21.8 °C;19.8;20.9;21.1;21.1;20.8
2024-04-17 09:10:43;26.5;64.3;62.5;77.4;74.8;75.0;22.6 °C;19.8;20.9;21.1;21.1;20.8
2024-04-17 09:20:37;26.4;64.3;62.4;77.4;74.8;75.0;21.8 °C;19.8;20.9;21.1;21;20.8
2024-04-17 09:30:41;26.4;64.3;62.4;77.4;74.8;75.0;22 °C;19.9;20.9;21;21;20.8
2024-04-17 09:40:40;26.4;64.3;62.4;77.4;74.8;75.0;22.8 °C;19.9;20.8;21;21;20.8
2024-04-17 09:50:38;26.4;64.4;62.4;77.4;74.8;75.0;23.4 °C;19.9;20.8;21;21;20.8
2024-04-17 10:00:39;26.3;64.3;62.4;77.4;74.8;75.0;23.3 °C;19.9;20.8;21;21;20.8
2024-04-17 10:10:40;26.3;64.3;62.4;77.4;74.7;75.0;22.8 °C;19.9;20.8;20.9;21;20.8
2024-04-17 10:20:39;26.2;64.4;62.4;77.4;74.8;75.0;22 °C;20;20.8;20.9;21;20.8
2024-04-17 10:30:37;26.2;64.4;62.4;77.4;74.7;75.0;21.9 °C;20;20.8;20.9;20.9;20.8
2024-04-17 10:40:41;26.2;64.4;62.4;77.4;74.7;75.0;22.3 °C;20.1;20.8;20.9;20.9;20.8
2024-04-17 10:50:39;26.2;64.4;62.4;77.4;74.7;75.0;22.4 °C;20.1;20.7;20.9;20.9;20.8
2024-04-17 11:00:37;26.2;64.4;62.4;77.4;74.7;75.0;22.5 °C;20.1;20.7;20.9;20.9;20.8
2024-04-17 11:10:41;26.2;64.4;62.4;77.4;74.7;75.0;22.4 °C;20.2;20.7;20.9;20.9;20.8
2024-04-17 11:20:36;26.2;64.4;62.4;77.4;74.7;75.0;22.5 °C;20.2;20.7;20.9;20.9;20.8
2024-04-17 11:30:43;26.2;64.4;62.4;77.4;74.7;75.0;22.8 °C;20.3;20.7;20.8;20.9;20.8
2024-04-17 11:40:37;26.2;64.4;62.4;77.4;74.7;75.0;23.1 °C;20.3;20.7;20.8;20.9;20.8
2024-04-17 11:50:37;26.2;64.4;62.4;77.4;74.7;75.0;22.9 °C;20.3;20.7;20.8;20.9;20.8
2024-04-17 12:00:41;26.2;64.4;62.4;77.4;74.7;75.0;22.5 °C;20.4;20.7;20.8;20.9;20.8
2024-04-17 12:10:36;26.2;64.5;62.4;77.3;74.7;75.0;22.1 °C;20.4;20.6;20.8;20.9;20.8
2024-04-17 12:20:42;26.2;64.5;62.4;77.3;74.7;75.0;21.9 °C;20.5;20.7;20.8;20.9;20.8
2024-04-17 12:30:38;26.3;64.5;62.4;77.3;74.7;75.0;23 °C;20.5;20.7;20.8;20.9;20.8
2024-04-17 12:40:40;26.4;64.5;62.4;77.3;74.7;75.0;25 °C;20.6;20.7;20.8;20.9;20.8
2024-04-17 12:50:42;26.4;64.5;62.4;77.3;74.7;75.0;26.3 °C;20.6;20.7;20.8;20.8;20.8
2024-04-17 13:00:42;26.4;64.5;62.4;77.3;74.7;75.0;27.3 °C;20.7;20.7;20.8;20.8;20.8
2024-04-17 13:10:39;26.3;64.6;62.4;77.3;74.7;75.0;27.5 °C;20.8;20.7;20.8;20.8;20.8
2024-04-17 13:20:40;26.3;64.6;62.4;77.3;74.7;74.9;27.5 °C;20.8;20.7;20.7;20.8;20.8
2024-04-17 13:30:39;26.2;64.6;62.4;77.3;74.7;75.0;26.4 °C;20.9;20.7;20.7;20.8;20.8
2024-04-17 13:40:40;26.1;64.6;62.4;77.3;74.7;75.0;25.4 °C;20.9;20.7;20.7;20.8;20.8
2024-04-17 13:50:42;26.1;64.7;62.4;77.3;74.7;75.0;24.8 °C;21.1;20.7;20.7;20.8;20.7
2024-04-17 14:00:42;26.0;64.7;62.4;77.3;74.6;75.0;24.2 °C;21.1;20.8;20.7;20.8;20.7
2024-04-17 14:10:35;26.1;64.7;62.4;77.3;74.6;75.0;23.6 °C;21.2;20.8;20.7;20.8;20.7
2024-04-17 14:20:38;26.2;64.7;62.4;77.3;74.6;75.0;23 °C;21.3;20.8;20.7;20.8;20.7
2024-04-17 14:30:42;26.1;64.7;62.4;77.3;74.6;75.0;22.3 °C;21.3;20.8;20.7;20.8;20.7
2024-04-17 14:40:42;26.1;64.7;62.4;77.3;74.6;75.0;21.9 °C;21.4;20.8;20.7;20.8;20.7
2024-04-17 14:50:36;26.1;64.8;62.4;77.3;74.6;75.0;21.8 °C;21.4;20.8;20.7;20.8;20.7
2024-04-17 15:00:42;26.1;64.8;62.4;77.3;74.6;75.0;21.8 °C;21.4;20.8;20.7;20.8;20.7
2024-04-17 15:10:42;26.1;64.8;62.4;77.3;74.6;75.0;21.7 °C;21.4;20.8;20.6;20.8;20.7
2024-04-17 15:20:40;26.1;64.8;62.4;77.3;74.7;75.0;21.4 °C;21.4;20.9;20.6;20.7;20.7
2024-04-17 15:30:42;26.2;64.8;62.5;77.3;74.7;74.9;20.9 °C;21.4;20.9;20.6;20.7;20.7
2024-04-17 15:40:42;26.1;64.8;62.4;77.3;74.6;75.0;20.4 °C;21.5;20.9;20.6;20.7;20.7
2024-04-17 15:50:40;26.1;64.7;62.4;77.3;74.6;74.9;20.1 °C;21.5;20.9;20.6;20.7;20.6
2024-04-17 16:00:38;26.1;64.8;62.5;77.3;74.6;74.9;20 °C;21.4;20.9;20.6;20.7;20.6
2024-04-17 16:10:42;26.1;64.8;62.5;77.3;74.6;74.9;19.8 °C;21.4;20.9;20.6;20.7;20.6
2024-04-17 16:20:40;26.1;64.8;62.5;77.3;74.6;74.9;19.6 °C;21.4;21;20.6;20.7;20.6
2024-04-17 16:30:38;26.2;64.8;62.5;77.3;74.6;74.9;19.4 °C;21.4;21;20.6;20.7;20.6
2024-04-17 16:40:39;26.2;64.7;62.5;77.3;74.6;74.9;19.2 °C;21.4;21;20.6;20.7;20.6
2024-04-17 16:50:41;26.3;64.7;62.5;77.3;74.6;74.9;19.1 °C;21.4;21;20.6;20.7;20.6
2024-04-17 17:00:37;26.5;64.7;62.5;77.3;74.6;74.9;19.1 °C;21.4;21;20.7;20.7;20.6
2024-04-17 17:10:40;26.6;64.7;62.5;77.3;74.6;74.9;19 °C;21.3;21.1;20.7;20.6;20.6
2024-04-17 17:20:43;26.7;64.7;62.5;77.3;74.6;74.9;18.9 °C;21.3;21.1;20.7;20.6;20.6
2024-04-17 17:30:41;26.8;64.7;62.5;77.3;74.6;74.9;18.9 °C;21.3;21.1;20.7;20.6;20.6
2024-04-17 17:40:40;26.8;64.6;62.5;77.3;74.6;74.9;18.6 °C;21.2;21.1;20.7;20.6;20.6
2024-04-17 17:50:36;26.8;64.6;62.5;77.3;74.6;74.9;18.3 °C;21.2;21.1;20.7;20.6;20.6
2024-04-17 18:00:39;26.8;64.6;62.5;77.3;74.6;74.9;18 °C;21.1;21.1;20.7;20.6;20.6
2024-04-17 18:10:41;26.8;64.6;62.5;77.3;74.6;74.9;17.7 °C;21.1;21.1;20.7;20.6;20.6
2024-04-17 18:20:37;26.7;64.6;62.5;77.3;74.6;74.9;17.5 °C;21.1;21.1;20.7;20.6;20.6
2024-04-17 18:30:40;26.7;64.6;62.5;77.3;74.6;74.9;17.2 °C;21;21.1;20.7;20.6;20.6
2024-04-17 18:40:40;26.9;64.5;62.5;77.3;74.6;74.9;16.9 °C;21;21.1;20.7;20.6;20.6
2024-04-17 18:50:38;26.9;64.5;62.5;77.3;74.6;74.9;16.6 °C;20.9;21.1;20.7;20.6;20.6
2024-04-17 19:00:36;26.9;64.5;62.5;77.3;74.6;74.9;16.4 °C;20.9;21.1;20.7;20.6;20.6
2024-04-17 19:10:38;26.9;64.5;62.5;77.3;74.6;74.9;16.3 °C;20.8;21.1;20.7;20.6;20.6
2024-04-17 19:20:40;26.9;64.5;62.5;77.3;74.6;74.9;16.1 °C;20.8;21.1;20.7;20.6;20.6
2024-04-17 19:30:42;26.9;64.5;62.5;77.3;74.6;74.9;15.8 °C;20.7;21.1;20.7;20.6;20.6
2024-04-17 19:40:36;27.0;64.4;62.5;77.3;74.6;74.9;15.7 °C;20.6;21.1;20.7;20.6;20.6
2024-04-17 19:50:42;27.0;64.4;62.5;77.4;74.6;74.9;15.5 °C;20.6;21;20.7;20.6;20.6
2024-04-17 20:00:40;27.1;64.4;62.5;77.3;74.6;74.9;15.4 °C;20.5;21;20.7;20.6;20.6
2024-04-17 20:10:38;27.1;64.4;62.4;77.3;74.6;74.9;15.3 °C;20.4;21;20.7;20.6;20.6
2024-04-17 20:20:36;27.2;64.3;62.4;77.3;74.6;74.9;15.1 °C;20.4;21;20.7;20.6;20.6
2024-04-17 20:30:39;27.2;64.3;62.5;77.3;74.6;74.9;15 °C;20.3;21;20.7;20.6;20.6
2024-04-17 20:40:41;27.2;64.3;62.4;77.3;74.6;74.9;14.9 °C;20.3;20.9;20.7;20.6;20.6
2024-04-17 20:50:41;27.3;64.3;62.4;77.3;74.6;74.9;14.8 °C;20.2;20.9;20.7;20.6;20.6
2024-04-17 21:00:41;27.3;64.2;62.4;77.3;74.6;74.9;14.7 °C;20.1;20.9;20.7;20.6;20.6
2024-04-17 21:10:40;27.3;64.2;62.4;77.3;74.6;74.9;14.6 °C;20.1;20.9;20.7;20.6;20.6
2024-04-17 21:20:36;27.2;64.2;62.4;77.3;74.6;74.9;14.5 °C;20;20.9;20.7;20.6;20.6
2024-04-17 21:30:39;27.3;64.2;62.4;77.3;74.6;74.9;14.5 °C;19.9;20.9;20.7;20.6;20.6
2024-04-17 21:40:41;27.3;64.2;62.4;77.3;74.6;74.9;14.5 °C;19.9;20.9;20.7;20.6;20.6
2024-04-17 21:50:37;27.3;64.1;62.4;77.3;74.6;74.9;14.4 °C;19.8;20.8;20.7;20.6;20.6
2024-04-17 22:00:41;27.3;64.1;62.4;77.3;74.6;74.9;14.4 °C;19.8;20.8;20.7;20.6;20.6
2024-04-17 22:10:41;27.3;64.1;62.4;77.3;74.6;74.9;14.3 °C;19.7;20.8;20.7;20.6;20.5
2024-04-17 22:20:36;27.3;64.1;62.4;77.3;74.6;74.9;14.3 °C;19.6;20.8;20.6;20.6;20.5
2024-04-17 22:30:40;27.3;64.1;62.4;77.3;74.6;74.9;14.2 °C;19.6;20.8;20.6;20.6;20.5
2024-04-17 22:40:35;27.3;64.1;62.4;77.3;74.6;74.9;14.1 °C;19.5;20.7;20.6;20.6;20.5
2024-04-17 22:50:38;27.3;64.0;62.4;77.3;74.6;74.9;13.9 °C;19.4;20.7;20.6;20.6;20.5
2024-04-17 23:00:38;27.3;64.0;62.3;77.3;74.6;74.9;13.8 °C;19.4;20.6;20.6;20.6;20.5
2024-04-17 23:10:40;27.3;64.0;62.3;77.3;74.6;74.9;13.7 °C;19.3;20.6;20.6;20.6;20.5
2024-04-17 23:20:42;27.3;64.0;62.3;77.3;74.6;74.9;13.5 °C;19.3;20.6;20.6;20.6;20.5
2024-04-17 23:30:35;27.3;64.0;62.3;77.3;74.6;74.9;13.4 °C;19.2;20.6;20.6;20.6;20.5
2024-04-17 23:40:42;27.3;64.0;62.3;77.3;74.6;74.9;13.3 °C;19.1;20.5;20.6;20.6;20.5
2024-04-17 23:50:40;27.3;63.9;62.3;77.3;74.6;74.9;13.1 °C;19.1;20.5;20.6;20.6;20.5
2024-04-18 00:00:39;27.3;63.9;62.3;77.3;74.6;74.9;13 °C;19;20.4;20.6;20.6;20.5
2024-04-18 00:10:36;27.3;63.9;62.3;77.2;74.6;74.9;12.9 °C;18.9;20.4;20.6;20.6;20.5
2024-04-18 00:20:36;27.3;63.9;62.3;77.2;74.6;74.9;12.8 °C;18.9;20.4;20.6;20.6;20.5
2024-04-18 00:30:36;27.4;63.8;62.3;77.3;74.6;74.9;12.6 °C;18.8;20.4;20.5;20.6;20.5
2024-04-18 00:40:39;27.4;63.8;62.3;77.3;74.6;74.9;12.6 °C;18.8;20.3;20.5;20.6;20.5
2024-04-18 00:50:42;27.4;63.8;62.3;77.3;74.6;74.9;12.6 °C;18.7;20.3;20.5;20.6;20.5
2024-04-18 01:00:36;27.4;63.8;62.2;77.2;74.6;74.9;12.5 °C;18.6;20.3;20.5;20.6;20.5
2024-04-18 01:10:40;27.4;63.8;62.2;77.2;74.6;74.9;12.4 °C;18.6;20.3;20.5;20.6;20.5
2024-04-18 01:20:39;27.3;63.8;62.2;77.2;74.6;74.9;12.4 °C;18.5;20.2;20.4;20.6;20.5
2024-04-18 01:30:41;27.4;63.8;62.2;77.2;74.6;74.9;12.3 °C;18.4;20.2;20.4;20.5;20.5
2024-04-18 01:40:41;27.3;63.7;62.2;77.2;74.6;74.9;12.1 °C;18.4;20.1;20.4;20.5;20.5
2024-04-18 01:50:36;27.4;63.8;62.2;77.2;74.6;74.9;12.1 °C;18.3;20.1;20.4;20.5;20.5
2024-04-18 02:00:40;27.4;63.7;62.2;77.2;74.6;74.9;11.9 °C;18.3;20.1;20.4;20.5;20.5
2024-04-18 02:10:36;27.4;63.7;62.2;77.2;74.6;74.9;11.8 °C;18.2;20;20.4;20.5;20.5
2024-04-18 02:20:35;27.4;63.7;62.2;77.2;74.6;74.9;11.8 °C;18.1;20;20.4;20.5;20.5
2024-04-18 02:30:42;27.4;63.7;62.2;77.2;74.6;74.8;11.6 °C;18.1;19.9;20.4;20.5;20.4
2024-04-18 02:40:39;27.4;63.6;62.2;77.2;74.6;74.9;11.6 °C;18;19.9;20.3;20.5;20.4
2024-04-18 02:50:42;27.4;63.7;62.2;77.2;74.6;74.9;11.4 °C;17.9;19.9;20.3;20.5;20.4
2024-04-18 03:00:36;27.4;63.6;62.2;77.2;74.6;74.9;11.3 °C;17.9;19.9;20.3;20.4;20.4
2024-04-18 03:10:35;27.4;63.6;62.1;77.2;74.5;74.8;11.3 °C;17.8;19.8;20.3;20.4;20.4
2024-04-18 03:20:37;27.4;63.6;62.1;77.2;74.5;74.8;11.2 °C;17.8;19.8;20.3;20.4;20.4
2024-04-18 03:30:43;27.4;63.6;62.1;77.2;74.5;74.9;11.1 °C;17.7;19.8;20.3;20.4;20.4
2024-04-18 03:40:36;27.4;63.6;62.1;77.1;74.5;74.9;11.1 °C;17.6;19.7;20.3;20.4;20.4
2024-04-18 03:50:40;27.4;63.5;62.1;77.1;74.5;74.8;11 °C;17.6;19.7;20.2;20.4;20.4
2024-04-18 04:00:40;27.4;63.5;62.1;77.1;74.5;74.9;10.9 °C;17.5;19.6;20.2;20.4;20.4
2024-04-18 04:10:35;27.4;63.5;62.1;77.1;74.5;74.8;10.9 °C;17.4;19.6;20.2;20.4;20.4
2024-04-18 04:20:41;27.4;63.5;62.1;77.1;74.5;74.8;10.8 °C;17.4;19.6;20.1;20.4;20.4
2024-04-18 04:30:41;27.4;63.5;62.1;77.1;74.5;74.9;10.8 °C;17.3;19.5;20.1;20.4;20.4
2024-04-18 04:40:41;27.4;63.4;62.1;77.1;74.5;74.8;10.7 °C;17.3;19.5;20.1;20.4;20.4
2024-04-18 04:50:37;27.4;63.4;62.1;77.1;74.5;74.8;10.6 °C;17.2;19.4;20.1;20.4;20.4
2024-04-18 05:00:43;27.4;63.4;62.1;77.1;74.5;74.8;10.6 °C;17.1;19.4;20.1;20.4;20.4
2024-04-18 05:10:40;27.4;63.4;62.0;77.1;74.5;74.8;10.5 °C;17.1;19.4;20.1;20.4;20.4
2024-04-18 05:20:36;27.4;63.4;62.1;77.1;74.5;74.8;10.4 °C;17;19.3;20;20.3;20.4
2024-04-18 05:30:40;27.4;63.4;62.0;77.1;74.5;74.8;10.4 °C;16.9;19.3;20;20.3;20.4
2024-04-18 05:40:35;27.4;63.3;62.0;77.1;74.5;74.8;10.4 °C;16.9;19.3;20;20.3;20.4
2024-04-18 05:50:38;27.4;63.3;62.0;77.0;74.5;74.8;10.4 °C;16.8;19.2;19.9;20.3;20.4
2024-04-18 06:00:36;27.4;63.3;62.0;77.0;74.5;74.8;10.3 °C;16.8;19.2;19.9;20.3;20.4
2024-04-18 06:10:36;27.4;63.3;62.0;77.0;74.5;74.8;10.3 °C;16.8;19.1;19.9;20.3;20.4
2024-04-18 06:20:40;27.4;63.3;62.0;77.0;74.5;74.8;10.3 °C;16.7;19.1;19.9;20.3;20.4
2024-04-18 06:30:39;27.4;63.3;62.0;77.0;74.5;74.8;10.2 °C;16.6;19.1;19.9;20.3;20.4
2024-04-18 06:40:41;27.4;63.3;62.0;77.0;74.5;74.8;10.3 °C;16.6;19;19.9;20.3;20.4
2024-04-18 06:50:38;27.5;63.2;62.0;77.0;74.5;74.8;10.4 °C;16.5;18.9;19.8;20.3;20.4
2024-04-18 07:00:40;27.5;63.2;62.0;77.0;74.5;74.8;10.8 °C;16.4;18.9;19.8;20.3;20.4
2024-04-18 07:10:36;27.5;63.2;62.0;77.0;74.5;74.8;11 °C;16.4;18.9;19.8;20.2;20.4
2024-04-18 07:20:36;27.5;63.2;62.0;77.0;74.4;74.8;11.3 °C;16.4;18.9;19.8;20.2;20.4
2024-04-18 07:30:40;27.5;63.2;62.0;77.0;74.4;74.8;11.6 °C;16.3;18.8;19.8;20.2;20.3
2024-04-18 07:40:35;27.6;63.2;62.0;77;74.4;74.8;11.8 °C;16.3;18.8;19.7;20.2;20.3
2024-04-18 07:50:42;27.6;63.2;62.0;77.0;74.4;74.8;12.1 °C;16.3;18.8;19.7;20.2;20.3
2024-04-18 08:00:35;27.6;63.2;61.9;77.0;74.4;74.8;12.6 °C;16.2;18.7;19.6;20.1;20.3
2024-04-18 08:10:37;27.6;63.2;61.9;76.9;74.4;74.8;13.3 °C;16.2;18.7;19.6;20.1;20.3
2024-04-18 08:20:35;27.7;63.2;61.9;76.9;74.4;74.8;14.3 °C;16.1;18.6;19.6;20.1;20.3
2024-04-18 08:30:37;27.7;63.1;61.9;76.9;74.4;74.8;15.4 °C;16.1;18.6;19.6;20.1;20.3
2024-04-18 08:40:37;27.7;63.2;61.9;76.9;74.4;74.8;16.3 °C;16.1;18.6;19.6;20.1;20.3
2024-04-18 08:50:38;27.7;63.2;61.9;76.9;74.4;74.7;17.2 °C;16.1;18.5;19.5;20.1;20.3
2024-04-18 09:00:36;27.7;63.2;61.9;76.9;74.4;74.8;17.9 °C;16.1;18.5;19.5;20.1;20.3
2024-04-18 09:10:39;27.7;63.1;61.9;76.9;74.4;74.8;17.8 °C;16.1;18.4;19.5;20.1;20.3
2024-04-18 09:20:41;27.7;63.1;61.9;76.9;74.4;74.8;18.3 °C;16.2;18.4;19.4;20.1;20.3
2024-04-18 09:30:38;27.7;63.2;61.9;76.9;74.4;74.8;18.9 °C;16.2;18.4;19.4;20;20.3
2024-04-18 09:40:35;27.7;63.1;61.9;76.9;74.4;74.8;19.4 °C;16.3;18.4;19.4;20;20.3
2024-04-18 09:50:38;27.7;63.2;61.9;76.9;74.4;74.7;19.8 °C;16.3;18.3;19.4;20;20.3
2024-04-18 10:00:39;27.7;63.2;61.9;76.8;74.4;74.8;20.1 °C;16.3;18.3;19.4;20;20.3
2024-04-18 10:10:41;27.7;63.2;61.9;76.9;74.4;74.7;20.9 °C;16.4;18.3;19.3;20;20.3
2024-04-18 10:20:34;27.6;63.2;61.9;76.8;74.3;74.7;21.2 °C;16.4;18.3;19.3;19.9;20.2
2024-04-18 10:30:40;27.6;63.2;61.9;76.8;74.3;74.7;21.5 °C;16.5;18.2;19.3;19.9;20.2
2024-04-18 10:40:41;27.5;63.2;61.9;76.8;74.4;74.7;20.9 °C;16.6;18.2;19.3;19.9;20.2
2024-04-18 10:50:41;27.4;63.3;61.8;76.8;74.3;74.7;20.1 °C;16.6;18.2;19.3;19.9;20.2
2024-04-18 11:00:38;27.4;63.3;61.9;76.8;74.3;74.7;19.6 °C;16.7;18.2;19.2;19.9;20.2
2024-04-18 11:10:39;27.4;63.3;61.9;76.8;74.3;74.7;19.3 °C;16.8;18.1;19.2;19.9;20.2
2024-04-18 11:20:38;27.4;63.3;61.9;76.8;74.3;74.7;19.3 °C;16.9;18.1;19.2;19.9;20.2
2024-04-18 11:30:40;27.4;63.3;61.9;76.8;74.3;74.7;19.4 °C;16.9;18.1;19.1;19.9;20.1
2024-04-18 11:40:40;27.4;63.4;61.9;76.8;74.3;74.7;19.8 °C;17;18.1;19.1;19.8;20.1
2024-04-18 11:50:36;27.4;63.4;61.9;76.8;74.3;74.7;20 °C;17.1;18.1;19.1;19.8;20.1
2024-04-18 12:00:39;27.4;63.4;61.9;76.8;74.3;74.7;20.1 °C;17.1;18.1;19.1;19.8;20.1
2024-04-18 12:10:38;27.4;63.4;61.9;76.8;74.3;74.7;20.1 °C;17.3;18.1;19.1;19.8;20.1
2024-04-18 12:20:40;27.4;63.5;61.9;76.7;74.3;74.7;20.1 °C;17.3;18.1;19.1;19.8;20.1
2024-04-18 12:30:39;27.4;63.5;61.9;76.7;74.3;74.7;19.8 °C;17.4;18.1;19;19.8;20.1
2024-04-18 12:40:34;27.3;63.5;61.9;76.7;74.3;74.7;19.4 °C;17.4;18.1;19;19.8;20.1
2024-04-18 12:50:41;27.3;63.5;61.9;76.7;74.3;74.7;19 °C;17.5;18.1;19;19.8;20.1
2024-04-18 13:00:41;27.3;63.6;61.9;76.7;74.3;74.7;18.7 °C;17.6;18.2;19;19.7;20.1
2024-04-18 13:10:38;27.2;63.6;61.9;76.7;74.3;74.7;18.4 °C;17.7;18.2;18.9;19.7;20.1
2024-04-18 13:20:41;27.2;63.6;61.9;76.7;74.3;74.7;18.3 °C;17.7;18.2;18.9;19.7;20.1
2024-04-18 13:30:42;27.2;63.6;61.9;76.7;74.3;74.7;18.1 °C;17.8;18.2;18.9;19.7;20.1
2024-04-18 13:40:40;27.3;63.6;61.9;76.7;74.2;74.7;17.8 °C;17.8;18.3;18.9;19.6;20.1
2024-04-18 13:50:35;27.2;63.6;61.9;76.7;74.2;74.7;17.4 °C;17.9;18.3;18.9;19.6;20
2024-04-18 14:00:34;27.2;63.6;61.9;76.7;74.2;74.7;17.2 °C;17.9;18.3;18.9;19.6;20
2024-04-18 14:10:37;27.2;63.7;61.9;76.7;74.2;74.7;17 °C;17.9;18.3;18.9;19.6;20
2024-04-18 14:20:42;27.2;63.6;61.9;76.7;74.2;74.7;17.2 °C;18;18.3;18.9;19.6;20
2024-04-18 14:30:36;27.3;63.6;61.9;76.7;74.2;74.6;17.8 °C;18;18.3;18.9;19.6;20
2024-04-18 14:40:40;27.4;63.6;61.9;76.7;74.2;74.6;18.9 °C;18;18.4;18.9;19.6;20
2024-04-18 14:50:39;27.3;63.7;61.9;76.7;74.2;74.6;19.2 °C;18.1;18.4;18.9;19.6;20
2024-04-18 15:00:35;27.3;63.7;61.9;76.7;74.2;74.6;19.1 °C;18.1;18.4;18.9;19.6;19.9
2024-04-18 15:10:42;27.3;63.7;61.9;76.7;74.2;74.6;18.9 °C;18.1;18.4;18.9;19.6;19.9
2024-04-18 15:20:40;27.3;63.7;61.9;76.7;74.2;74.6;18.7 °C;18.1;18.4;18.9;19.5;19.9
2024-04-18 15:30:35;27.3;63.7;61.9;76.7;74.2;74.6;18.6 °C;18.2;18.4;18.9;19.5;19.9
2024-04-18 15:40:39;27.3;63.7;61.9;76.7;74.2;74.6;19 °C;18.2;18.4;18.9;19.5;19.9
2024-04-18 15:50:38;27.3;63.7;61.9;76.7;74.2;74.6;19.3 °C;18.3;18.5;18.9;19.5;19.9
2024-04-18 16:00:40;27.2;63.7;61.9;76.7;74.2;74.6;19.2 °C;18.3;18.5;18.9;19.5;19.9
2024-04-18 16:10:40;27.2;63.7;61.9;76.7;74.2;74.6;18.9 °C;18.3;18.5;18.9;19.5;19.9
2024-04-18 16:20:35;27.2;63.7;61.9;76.7;74.2;74.6;18.6 °C;18.3;18.5;18.9;19.4;19.9
2024-04-18 16:30:39;27.2;63.7;61.9;76.7;74.2;74.6;18.5 °C;18.4;18.6;18.9;19.4;19.9
2024-04-18 16:40:38;27.2;63.7;61.9;76.7;74.2;74.6;18.4 °C;18.4;18.6;18.9;19.4;19.9
2024-04-18 16:50:40;27.2;63.7;61.9;76.7;74.2;74.6;18.4 °C;18.4;18.6;18.9;19.4;19.9
2024-04-18 17:00:40;27.2;63.7;61.9;76.7;74.2;74.6;18.3 °C;18.4;18.6;18.9;19.4;19.9
2024-04-18 17:10:36;27.2;63.8;61.9;76.7;74.2;74.6;18.3 °C;18.4;18.6;18.9;19.4;19.9
2024-04-18 17:20:39;27.2;63.8;61.9;76.7;74.2;74.6;18.2 °C;18.5;18.6;18.9;19.4;19.8
2024-04-18 17:30:35;27.2;63.7;61.9;76.7;74.2;74.6;18.1 °C;18.5;18.6;18.9;19.4;19.8
2024-04-18 17:40:34;27.2;63.8;61.9;76.7;74.1;74.6;18.4 °C;18.5;18.6;18.9;19.4;19.8
2024-04-18 17:50:41;27.2;63.8;62.0;76.7;74.2;74.6;18.4 °C;18.5;18.7;18.9;19.4;19.8
2024-04-18 18:00:42;27.2;63.7;62.0;76.7;74.1;74.6;18.4 °C;18.5;18.7;18.9;19.4;19.8
2024-04-18 18:10:35;27.2;63.8;62.0;76.7;74.2;74.6;18.3 °C;18.5;18.7;18.9;19.4;19.8
2024-04-18 18:20:39;27.1;63.8;61.9;76.7;74.1;74.5;18 °C;18.6;18.7;18.9;19.4;19.8
2024-04-18 18:30:34;27.1;63.7;62.0;76.7;74.2;74.6;17.8 °C;18.6;18.8;18.9;19.4;19.8
2024-04-18 18:40:37;27.1;63.7;62.0;76.7;74.1;74.6;17.5 °C;18.6;18.8;18.9;19.4;19.8
2024-04-18 18:50:38;27.1;63.7;62.0;76.7;74.1;74.6;17.3 °C;18.6;18.8;18.9;19.4;19.8
2024-04-18 19:00:40;27.1;63.7;62.0;76.7;74.1;74.5;16.9 °C;18.6;18.8;18.9;19.4;19.8
2024-04-18 19:10:39;27.0;63.7;62.0;76.7;74.1;74.6;16.6 °C;18.6;18.8;18.9;19.4;19.8
2024-04-18 19:20:39;27.0;63.7;62.0;76.7;74.1;74.5;16.3 °C;18.6;18.8;18.9;19.4;19.8
2024-04-18 19:30:38;27.0;63.7;62.0;76.7;74.1;74.5;16 °C;18.6;18.8;18.9;19.4;19.8
2024-04-18 19:40:36;27.0;63.7;62.0;76.7;74.1;74.5;15.8 °C;18.6;18.8;18.9;19.4;19.8
2024-04-18 19:50:41;27.0;63.7;62.0;76.7;74.1;74.5;15.4 °C;18.5;18.8;18.9;19.4;19.8
2024-04-18 20:00:41;27.0;63.7;62.0;76.7;74.1;74.5;15.2 °C;18.5;18.8;18.9;19.3;19.8
2024-04-18 20:10:39;26.9;63.7;62.0;76.7;74.1;74.5;14.9 °C;18.5;18.8;18.9;19.3;19.8
2024-04-18 20:20:39;26.9;63.7;62.0;76.7;74.1;74.5;14.8 °C;18.4;18.8;18.9;19.3;19.8
2024-04-18 20:30:34;26.9;63.7;62.0;76.7;74.1;74.5;14.7 °C;18.4;18.8;18.9;19.3;19.7
2024-04-18 20:40:37;26.9;63.7;62.0;76.7;74.1;74.6;14.7 °C;18.4;18.8;18.9;19.3;19.7
2024-04-18 20:50:39;26.9;63.7;62.0;76.7;74.1;74.6;14.7 °C;18.3;18.8;18.9;19.3;19.7
2024-04-18 21:00:34;26.9;63.7;62.0;76.7;74.1;74.5;14.7 °C;18.3;18.8;18.9;19.3;19.7
2024-04-18 21:10:40;27.0;63.6;62.0;76.7;74.1;74.5;14.6 °C;18.3;18.8;18.9;19.3;19.7
2024-04-18 21:20:37;27.0;63.6;62.0;76.7;74.1;74.5;14.4 °C;18.2;18.8;18.9;19.3;19.7
2024-04-18 21:30:38;27.0;63.6;62.0;76.7;74.1;74.5;14.3 °C;18.2;18.8;18.9;19.3;19.7
2024-04-18 21:40:41;26.9;63.6;62.0;76.7;74.1;74.6;14 °C;18.1;18.8;18.9;19.3;19.7
2024-04-18 21:50:39;26.9;63.6;62.0;76.7;74.1;74.5;13.8 °C;18.1;18.8;18.9;19.3;19.7
2024-04-18 22:00:38;26.9;63.6;62.0;76.7;74.1;74.5;13.6 °C;18.1;18.8;18.9;19.3;19.7
2024-04-18 22:10:37;26.9;63.5;61.9;76.7;74.1;74.5;13.6 °C;18;18.8;18.9;19.3;19.7
2024-04-18 22:20:38;26.9;63.5;61.9;76.7;74.1;74.5;13.4 °C;17.9;18.8;18.9;19.3;19.7
2024-04-18 22:30:37;26.9;63.5;61.9;76.7;74.1;74.5;13.3 °C;17.9;18.8;18.9;19.3;19.6
2024-04-18 22:40:38;26.9;63.5;62.0;76.7;74.1;74.5;13.2 °C;17.9;18.8;18.9;19.3;19.6
2024-04-18 22:50:40;26.9;63.5;61.9;76.7;74.1;74.5;13.1 °C;17.8;18.8;18.9;19.3;19.6
2024-04-18 23:00:38;26.9;63.5;61.9;76.7;74.1;74.5;12.9 °C;17.8;18.8;18.9;19.3;19.6
2024-04-18 23:10:40;26.9;63.5;61.9;76.7;74.1;74.5;12.8 °C;17.8;18.8;18.9;19.3;19.6
2024-04-18 23:20:40;26.9;63.4;61.9;76.7;74.1;74.5;12.6 °C;17.7;18.8;18.9;19.3;19.6
2024-04-18 23:30:41;26.9;63.4;61.9;76.7;74.1;74.5;12.6 °C;17.6;18.8;18.9;19.3;19.6
2024-04-18 23:40:38;26.9;63.4;61.9;76.7;74.1;74.5;12.5 °C;17.6;18.8;18.9;19.3;19.6
2024-04-18 23:50:37;26.9;63.4;61.9;76.7;74.1;74.5;12.4 °C;17.5;18.7;18.9;19.3;19.6
2024-04-19 00:00:38;26.9;63.4;61.9;76.7;74.1;74.5;12.3 °C;17.4;18.7;18.9;19.3;19.6
2024-04-19 00:10:37;26.9;63.4;61.9;76.7;74.1;74.5;12.3 °C;17.4;18.7;18.9;19.3;19.6
2024-04-19 00:20:38;26.9;63.4;61.9;76.7;74.1;74.5;12.2 °C;17.4;18.6;18.9;19.3;19.6
2024-04-19 00:30:40;26.9;63.3;61.9;76.7;74.1;74.5;12.1 °C;17.3;18.6;18.9;19.3;19.6
2024-04-19 00:40:41;26.9;63.3;61.9;76.7;74.1;74.5;11.9 °C;17.3;18.6;18.9;19.3;19.6
2024-04-19 00:50:34;26.9;63.3;61.9;76.7;74.1;74.5;11.8 °C;17.2;18.6;18.9;19.3;19.6
2024-04-19 01:00:37;26.9;63.3;61.9;76.7;74.1;74.5;11.8 °C;17.1;18.6;18.9;19.3;19.6
2024-04-19 01:10:39;26.9;63.2;61.9;76.7;74.1;74.5;11.8 °C;17.1;18.6;18.9;19.3;19.6
2024-04-19 01:20:35;26.9;63.2;61.9;76.7;74.1;74.5;11.8 °C;17.1;18.6;18.9;19.3;19.6
2024-04-19 01:30:39;26.9;63.2;61.9;76.7;74.1;74.5;11.8 °C;17;18.5;18.9;19.3;19.6
2024-04-19 01:40:38;27.0;63.2;61.9;76.7;74.1;74.5;11.8 °C;16.9;18.5;18.9;19.3;19.6
2024-04-19 01:50:37;26.9;63.2;61.9;76.7;74.1;74.5;11.8 °C;16.9;18.4;18.9;19.3;19.6
2024-04-19 02:00:34;27.0;63.2;61.9;76.7;74.1;74.5;11.9 °C;16.8;18.4;18.9;19.3;19.6
2024-04-19 02:10:36;27.0;63.2;61.8;76.7;74.1;74.5;11.9 °C;16.8;18.4;18.9;19.3;19.6
2024-04-19 02:20:41;27.0;63.2;61.8;76.7;74.1;74.5;11.9 °C;16.8;18.4;18.8;19.3;19.6
2024-04-19 02:30:34;27.0;63.1;61.8;76.7;74.1;74.5;11.9 °C;16.7;18.4;18.8;19.3;19.6
2024-04-19 02:40:40;27.0;63.1;61.8;76.7;74.1;74.5;11.9 °C;16.6;18.3;18.8;19.3;19.6
2024-04-19 02:50:37;27.0;63.1;61.8;76.6;74.1;74.4;12 °C;16.6;18.3;18.8;19.3;19.6
2024-04-19 03:00:38;27.0;63.1;61.8;76.7;74.1;74.5;12 °C;16.6;18.3;18.8;19.3;19.6
2024-04-19 03:10:41;27.0;63.1;61.8;76.6;74.1;74.5;12.1 °C;16.5;18.3;18.8;19.3;19.6
2024-04-19 03:20:38;27.0;63.1;61.8;76.6;74.1;74.5;12 °C;16.5;18.3;18.8;19.3;19.6
2024-04-19 03:30:41;27.0;63.0;61.8;76.6;74.1;74.4;12 °C;16.4;18.2;18.8;19.2;19.6
2024-04-19 03:40:39;27.0;63.0;61.8;76.6;74.1;74.5;11.9 °C;16.4;18.2;18.8;19.2;19.6
2024-04-19 03:50:35;27.0;63.0;61.8;76.6;74.1;74.4;11.9 °C;16.4;18.2;18.8;19.2;19.6
2024-04-19 04:00:35;27.0;63.0;61.8;76.6;74.1;74.4;11.9 °C;16.4;18.1;18.8;19.2;19.6
2024-04-19 04:10:35;27.0;63.0;61.8;76.6;74.1;74.5;12 °C;16.3;18.1;18.8;19.2;19.6
2024-04-19 04:20:34;27.1;63.0;61.8;76.6;74.1;74.4;12 °C;16.3;18.1;18.7;19.2;19.6
2024-04-19 04:30:37;27.1;63.0;61.8;76.6;74.1;74.5;12.1 °C;16.3;18.1;18.7;19.2;19.5
2024-04-19 04:40:40;27.0;63.0;61.8;76.6;74.1;74.5;12.1 °C;16.2;18;18.7;19.2;19.5
2024-04-19 04:50:36;27.1;63.0;61.7;76.6;74.1;74.5;12.1 °C;16.2;18;18.7;19.2;19.5
2024-04-19 05:00:37;27.1;63.0;61.7;76.6;74.0;74.5;12.1 °C;16.2;18;18.6;19.2;19.5
2024-04-19 05:10:38;27.1;63.0;61.7;76.6;74.0;74.5;12.1 °C;16.1;17.9;18.6;19.2;19.5
2024-04-19 05:20:37;27.1;63.0;61.7;76.6;74.1;74.5;12.1 °C;16.1;17.9;18.6;19.1;19.5
2024-04-19 05:30:35;27.3;62.9;61.7;76.6;74.1;74.5;12.2 °C;16.1;17.9;18.6;19.1;19.5
2024-04-19 05:40:38;28.1;62.9;61.7;76.6;74.1;74.4;12.2 °C;16.1;17.9;18.6;19.1;19.5
2024-04-19 05:50:37;29.0;62.9;61.7;76.6;74.0;74.4;12.3 °C;16;17.9;18.6;19.1;19.5
2024-04-19 06:00:34;30.8;62.9;61.7;76.6;74.0;74.4;12.2 °C;16;17.8;18.6;19.1;19.5
2024-04-19 06:10:38;32.0;62.9;61.7;76.6;74.0;74.4;12.2 °C;16;17.8;18.6;19.1;19.5
2024-04-19 06:20:37;32.8;62.9;61.7;76.6;74.0;74.4;12.3 °C;15.9;17.8;18.6;19.1;19.5
2024-04-19 06:30:34;33.4;62.9;61.7;76.6;74;74.4;12.3 °C;15.9;17.8;18.5;19.1;19.5
2024-04-19 06:40:41;35.0;62.9;61.7;76.6;74.0;74.4;12.3 °C;15.9;17.8;18.5;19.1;19.5
2024-04-19 06:50:39;37.1;62.8;61.7;76.6;74.0;74.3;12.2 °C;15.9;17.7;18.5;19.1;19.4
2024-04-19 07:00:38;40.1;62.8;61.7;76.6;73.9;74.3;12.2 °C;15.9;17.7;18.5;19.1;19.4
2024-04-19 07:10:37;42.5;62.9;61.7;76.5;73.9;74.3;12.2 °C;15.8;17.7;18.4;19.1;19.4
2024-04-19 07:20:36;44.2;62.8;61.7;76.5;73.9;74.3;12.1 °C;15.8;17.6;18.4;19.1;19.4
2024-04-19 07:30:40;45.5;62.8;61.7;76.5;73.9;74.3;12 °C;15.8;17.6;18.4;19.1;19.4
2024-04-19 07:40:37;46.6;62.8;61.7;76.5;73.9;74.3;11.9 °C;15.8;17.6;18.4;19.1;19.4
2024-04-19 07:50:36;47.2;62.8;61.7;76.5;73.9;74.3;11.9 °C;15.8;17.6;18.4;19.1;19.4
2024-04-19 08:00:36;47.6;62.8;61.7;76.5;73.9;74.3;11.9 °C;15.7;17.6;18.4;19;19.4
2024-04-19 08:10:37;48.2;62.8;61.7;76.5;73.9;74.3;12 °C;15.7;17.6;18.4;19;19.4
2024-04-19 08:20:35;48.7;62.7;61.7;76.5;73.9;74.3;12 °C;15.6;17.5;18.4;19;19.4
2024-04-19 08:30:35;49.1;62.7;61.6;76.5;73.9;74.3;12.1 °C;15.6;17.5;18.3;19;19.4
2024-04-19 08:40:35;49.3;62.7;61.6;76.5;73.9;74.3;12.1 °C;15.6;17.4;18.3;19;19.4
2024-04-19 08:50:40;49.6;62.8;61.6;76.5;73.9;74.3;12.2 °C;15.6;17.4;18.3;19;19.4
2024-04-19 09:00:36;49.9;62.7;61.6;76.5;73.9;74.3;12.3 °C;15.6;17.4;18.3;18.9;19.4
2024-04-19 09:10:34;50.3;62.7;61.7;76.5;73.9;74.3;12.4 °C;15.5;17.4;18.3;18.9;19.4
2024-04-19 09:20:41;50.9;62.7;61.7;76.5;73.9;74.3;12.4 °C;15.5;17.4;18.3;18.9;19.4
2024-04-19 09:30:39;51.5;62.7;61.7;76.5;73.9;74.2;12.6 °C;15.5;17.4;18.3;18.9;19.4
2024-04-19 09:40:39;52.1;62.7;61.7;76.5;73.9;74.2;12.6 °C;15.4;17.3;18.3;18.9;19.4
2024-04-19 09:50:39;52.7;62.7;61.6;76.5;73.9;74.2;12.7 °C;15.4;17.3;18.2;18.9;19.4
2024-04-19 10:00:34;53.0;62.7;61.6;76.4;73.9;74.3;12.8 °C;15.4;17.3;18.2;18.9;19.4
2024-04-19 10:10:33;53.3;62.7;61.6;76.5;73.9;74.2;12.8 °C;15.4;17.3;18.2;18.9;19.4
2024-04-19 10:20:36;53.4;62.7;61.6;76.4;73.9;74.2;13 °C;15.4;17.3;18.2;18.9;19.4
2024-04-19 10:30:37;53.6;62.7;61.6;76.4;73.9;74.2;13.3 °C;15.4;17.3;18.1;18.9;19.4
2024-04-19 10:40:39;53.7;62.7;61.6;76.4;73.9;74.3;13.4 °C;15.4;17.3;18.1;18.9;19.3
2024-04-19 10:50:35;53.8;62.7;61.6;76.4;73.9;74.3;13.6 °C;15.4;17.2;18.1;18.9;19.3
2024-04-19 11:00:35;53.9;62.7;61.6;76.4;73.9;74.3;13.8 °C;15.4;17.2;18.1;18.8;19.3
2024-04-19 11:10:39;54;62.7;61.6;76.4;73.9;74.3;14.1 °C;15.4;17.2;18.1;18.8;19.3
2024-04-19 11:20:39;54.1;62.7;61.6;76.4;73.9;74.3;14.2 °C;15.4;17.1;18.1;18.8;19.3
2024-04-19 11:30:36;54.2;62.7;61.6;76.4;73.9;74.3;14.2 °C;15.4;17.1;18.1;18.8;19.3
2024-04-19 11:40:36;54.3;62.8;61.6;76.4;73.9;74.3;14.3 °C;15.4;17.1;18.1;18.8;19.3
2024-04-19 11:50:38;54.3;62.8;61.6;76.4;73.9;74.3;14.4 °C;15.4;17.1;18;18.8;19.3
2024-04-19 12:00:37;54.2;62.8;61.6;76.4;73.9;74.3;14.3 °C;15.5;17.1;18;18.8;19.3
2024-04-19 12:10:34;54.2;62.9;61.6;76.4;73.9;74.3;14.3 °C;15.5;17.1;18;18.8;19.3
2024-04-19 12:20:38;54.2;62.9;61.6;76.4;73.8;74.3;14.5 °C;15.6;17.1;18;18.8;19.3
2024-04-19 12:30:34;54.1;62.9;61.6;76.4;73.8;74.3;14.8 °C;15.6;17.1;17.9;18.8;19.3
2024-04-19 12:40:40;54.1;62.9;61.6;76.4;73.8;74.2;15 °C;15.6;17;17.9;18.8;19.3
2024-04-19 12:50:34;54.1;62.9;61.6;76.4;73.8;74.3;15.4 °C;15.6;17;17.9;18.8;19.3
2024-04-19 13:00:33;54;62.9;61.6;76.4;73.8;74.3;15.6 °C;15.6;17;17.9;18.7;19.3
2024-04-19 13:10:40;53.9;63.0;61.6;76.4;73.8;74.2;15.3 °C;15.7;17;17.9;18.7;19.3
2024-04-19 13:20:41;53.9;63.0;61.6;76.4;73.8;74.3;15.3 °C;15.7;17;17.9;18.7;19.3
2024-04-19 13:30:34;53.9;63.0;61.6;76.4;73.8;74.2;15.1 °C;15.8;17;17.9;18.7;19.2
2024-04-19 13:40:38;54.0;63.1;61.6;76.4;73.8;74.2;15.1 °C;15.8;17;17.9;18.7;19.2
2024-04-19 13:50:33;53.9;63.1;61.6;76.4;73.8;74.2;15.3 °C;15.8;17;17.9;18.7;19.2
2024-04-19 14:00:35;53.9;63.1;61.6;76.4;73.8;74.2;15.4 °C;15.9;17;17.8;18.6;19.2
2024-04-19 14:10:35;54.0;63.1;61.6;76.3;73.8;74.2;16.3 °C;15.9;17;17.8;18.6;19.2
2024-04-19 14:20:40;53.9;63.1;61.6;76.3;73.8;74.2;16.6 °C;15.9;17;17.8;18.6;19.2
2024-04-19 14:30:33;53.8;63.2;61.6;76.3;73.8;74.2;16.8 °C;15.9;17;17.8;18.6;19.2
2024-04-19 14:40:40;53.7;63.2;61.6;76.3;73.8;74.2;16.5 °C;16;17;17.8;18.6;19.2
2024-04-19 14:50:33;53.6;63.2;61.6;76.4;73.8;74.2;16.5 °C;16.1;17;17.8;18.6;19.2
2024-04-19 15:00:35;53.5;63.2;61.6;76.3;73.8;74.2;16.4 °C;16.1;17;17.8;18.6;19.1
2024-04-19 15:10:36;53.4;63.2;61.6;76.3;73.8;74.2;16.3 °C;16.1;17;17.8;18.6;19.1
2024-04-19 15:20:40;53.3;63.3;61.6;76.3;73.8;74.2;16.4 °C;16.2;17;17.8;18.6;19.1
2024-04-19 15:30:34;53.3;63.3;61.6;76.3;73.8;74.2;16.4 °C;16.3;17;17.8;18.6;19.1
2024-04-19 15:40:38;53.1;63.3;61.6;76.3;73.8;74.2;16.3 °C;16.3;17;17.8;18.6;19.1
2024-04-19 15:50:38;53.1;63.3;61.6;76.3;73.8;74.2;16.2 °C;16.3;17;17.8;18.6;19.1
2024-04-19 16:00:36;53.0;63.4;61.6;76.3;73.8;74.2;16.1 °C;16.3;17;17.7;18.5;19.1
2024-04-19 16:10:34;52.8;63.4;61.6;76.3;73.8;74.2;15.9 °C;16.4;17;17.7;18.5;19.1
2024-04-19 16:20:34;52.7;63.4;61.6;76.3;73.8;74.2;15.6 °C;16.4;17;17.7;18.5;19.1
2024-04-19 16:30:33;52.6;63.4;61.6;76.3;73.8;74.2;15.5 °C;16.4;17;17.7;18.5;19.1
2024-04-19 16:40:40;52.5;63.4;61.6;76.3;73.8;74.2;15.5 °C;16.4;17.1;17.7;18.5;19.1
2024-04-19 16:50:34;52.5;63.4;61.6;76.3;73.8;74.2;15.4 °C;16.5;17.1;17.7;18.5;19.1
2024-04-19 17:00:40;52.4;63.4;61.6;76.3;73.8;74.2;15.4 °C;16.5;17.1;17.7;18.5;19.1
2024-04-19 17:10:34;52.3;63.4;61.6;76.3;73.8;74.2;15.3 °C;16.5;17.1;17.7;18.4;19.1
2024-04-19 17:20:34;52.2;63.4;61.6;76.3;73.8;74.2;15.1 °C;16.5;17.1;17.7;18.4;19.1
2024-04-19 17:30:37;52.1;63.5;61.6;76.3;73.8;74.2;15.1 °C;16.5;17.1;17.7;18.4;19.1
2024-04-19 17:40:36;52.1;63.4;61.6;76.3;73.8;74.2;15 °C;16.5;17.1;17.7;18.4;19.1
2024-04-19 17:50:34;52.0;63.4;61.6;76.3;73.7;74.2;14.9 °C;16.5;17.1;17.6;18.4;19
2024-04-19 18:00:38;51.9;63.4;61.6;76.3;73.7;74.2;14.7 °C;16.5;17.1;17.6;18.4;19
2024-04-19 18:10:34;51.8;63.5;61.6;76.3;73.7;74.2;14.5 °C;16.5;17.1;17.6;18.4;19
2024-04-19 18:20:37;51.7;63.4;61.6;76.3;73.7;74.2;14.3 °C;16.5;17.1;17.6;18.4;19
2024-04-19 18:30:40;51.7;63.4;61.6;76.3;73.7;74.2;14.2 °C;16.5;17.1;17.6;18.4;19
2024-04-19 18:40:38;51.6;63.4;61.6;76.3;73.7;74.2;14.1 °C;16.5;17.1;17.6;18.4;19
2024-04-19 18:50:37;51.5;63.4;61.6;76.3;73.7;74.2;13.9 °C;16.4;17.1;17.6;18.4;19
2024-04-19 19:00:36;51.5;63.4;61.6;76.3;73.7;74.2;13.8 °C;16.4;17.2;17.6;18.4;19
2024-04-19 19:10:37;51.4;63.4;61.6;76.3;73.7;74.2;13.7 °C;16.4;17.2;17.6;18.4;18.9
2024-04-19 19:20:35;51.4;63.4;61.6;76.3;73.7;74.2;13.6 °C;16.4;17.2;17.6;18.4;18.9
2024-04-19 19:30:37;51.3;63.4;61.6;76.3;73.7;74.2;13.4 °C;16.4;17.2;17.6;18.4;18.9
2024-04-19 19:40:39;51.2;63.4;61.6;76.3;73.7;74.2;13.3 °C;16.3;17.2;17.6;18.4;18.9
2024-04-19 19:50:39;51.1;63.4;61.6;76.3;73.7;74.1;13.1 °C;16.3;17.2;17.6;18.3;18.9
2024-04-19 20:00:36;51.1;63.4;61.6;76.3;73.7;74.1;12.9 °C;16.3;17.2;17.6;18.3;18.9
2024-04-19 20:10:37;51.0;63.4;61.6;76.3;73.7;74.1;12.8 °C;16.2;17.2;17.6;18.3;18.9
2024-04-19 20:20:36;50.9;63.4;61.6;76.3;73.7;74.2;12.6 °C;16.2;17.2;17.6;18.3;18.9
2024-04-19 20:30:37;50.9;63.4;61.6;76.3;73.7;74.1;12.6 °C;16.1;17.2;17.6;18.3;18.9
2024-04-19 20:40:40;50.8;63.4;61.6;76.3;73.7;74.1;12.4 °C;16.1;17.2;17.6;18.3;18.9
2024-04-19 20:50:37;50.8;63.4;61.6;76.3;73.7;74.1;12.3 °C;16.1;17.2;17.6;18.3;18.9
2024-04-19 21:00:40;50.7;63.3;61.6;76.3;73.7;74.1;12.2 °C;16;17.1;17.6;18.3;18.9
2024-04-19 21:10:37;50.7;63.3;61.6;76.3;73.7;74.1;12.1 °C;15.9;17.1;17.6;18.3;18.9
2024-04-19 21:20:35;50.6;63.3;61.6;76.3;73.7;74.1;11.9 °C;15.9;17.1;17.6;18.3;18.9
2024-04-19 21:30:39;50.6;63.3;61.6;76.3;73.7;74.1;11.8 °C;15.9;17.1;17.6;18.3;18.9
2024-04-19 21:40:37;50.5;63.3;61.6;76.3;73.7;74.1;11.7 °C;15.8;17.1;17.6;18.3;18.9
2024-04-19 21:50:35;50.5;63.3;61.6;76.3;73.7;74.1;11.6 °C;15.8;17.1;17.6;18.3;18.9
2024-04-19 22:00:35;50.4;63.2;61.6;76.3;73.7;74.1;11.5 °C;15.7;17.1;17.6;18.3;18.9
2024-04-19 22:10:37;50.4;63.2;61.6;76.3;73.7;74.1;11.4 °C;15.6;17.1;17.6;18.3;18.9
2024-04-19 22:20:35;50.3;63.2;61.6;76.3;73.7;74.1;11.3 °C;15.6;17.1;17.6;18.3;18.9
2024-04-19 22:30:36;50.3;63.2;61.6;76.2;73.7;74.1;11.2 °C;15.6;17.1;17.6;18.3;18.9
2024-04-19 22:40:33;50.2;63.2;61.6;76.3;73.7;74.1;11.1 °C;15.5;17.1;17.6;18.3;18.9
2024-04-19 22:50:36;50.2;63.2;61.6;76.3;73.7;74.1;11 °C;15.4;17;17.6;18.3;18.8
2024-04-19 23:00:34;50.1;63.2;61.6;76.3;73.7;74.1;10.9 °C;15.4;17;17.6;18.3;18.8
2024-04-19 23:10:37;50.1;63.2;61.6;76.3;73.7;74.1;10.8 °C;15.3;17;17.6;18.3;18.8
2024-04-19 23:20:40;50.1;63.1;61.6;76.3;73.7;74.1;10.7 °C;15.3;16.9;17.6;18.3;18.8
2024-04-19 23:30:34;50;63.1;61.6;76.3;73.7;74.1;10.6 °C;15.3;16.9;17.6;18.3;18.8
2024-04-19 23:40:38;50.0;63.1;61.6;76.3;73.7;74.1;10.6 °C;15.2;16.9;17.6;18.3;18.8
2024-04-19 23:50:34;49.9;63.1;61.6;76.3;73.7;74.1;10.4 °C;15.1;16.9;17.6;18.3;18.8
2024-04-20 00:10:36;49.9;63.1;61.6;76.3;73.7;74.1;10.3 °C;15;16.9;17.6;18.2;18.8
2024-04-20 00:20:35;49.9;63.1;61.5;76.2;73.7;74.1;10.2 °C;14.9;16.8;17.6;18.2;18.8
2024-04-20 00:30:35;49.8;63.1;61.5;76.2;73.7;74.1;10.1 °C;14.9;16.8;17.5;18.2;18.8
2024-04-20 00:40:32;49.8;63.0;61.5;76.2;73.7;74.1;10 °C;14.9;16.8;17.5;18.2;18.8
2024-04-20 00:50:35;49.8;63.0;61.5;76.2;73.7;74.1;9.93 °C;14.8;16.8;17.5;18.2;18.8
2024-04-20 01:00:35;49.7;63.0;61.5;76.2;73.7;74.1;9.87 °C;14.8;16.8;17.5;18.2;18.8
2024-04-20 01:10:33;49.7;63.0;61.5;76.2;73.7;74.1;9.81 °C;14.7;16.7;17.5;18.2;18.8
2024-04-20 01:20:40;49.7;63.0;61.5;76.2;73.7;74.1;9.75 °C;14.6;16.7;17.5;18.2;18.8
2024-04-20 01:30:34;49.6;63.0;61.5;76.2;73.7;74.1;9.68 °C;14.6;16.7;17.4;18.2;18.8
2024-04-20 01:40:37;49.6;63.0;61.5;76.2;73.7;74.1;9.62 °C;14.5;16.6;17.4;18.2;18.8
2024-04-20 01:50:37;49.6;63.0;61.5;76.2;73.7;74.1;9.56 °C;14.5;16.6;17.4;18.2;18.8
2024-04-20 02:00:35;49.6;62.9;61.5;76.2;73.7;74.1;9.50 °C;14.4;16.6;17.4;18.2;18.8
2024-04-20 02:10:32;49.6;62.9;61.5;76.2;73.7;74.1;9.43 °C;14.4;16.6;17.4;18.1;18.8
2024-04-20 02:20:35;49.5;62.9;61.5;76.2;73.7;74.1;9.37 °C;14.3;16.5;17.4;18.1;18.8
2024-04-20 02:30:39;49.5;62.9;61.5;76.2;73.7;74.1;9.31 °C;14.3;16.5;17.4;18.1;18.8
2024-04-20 02:40:32;49.4;62.9;61.5;76.2;73.7;74.1;9.25 °C;14.2;16.5;17.4;18.1;18.8
2024-04-20 02:50:39;49.4;62.9;61.4;76.2;73.7;74.1;9.18 °C;14.2;16.4;17.4;18.1;18.7
2024-04-20 03:00:35;49.4;62.9;61.4;76.2;73.7;74.1;9.12 °C;14.1;16.4;17.4;18.1;18.7
2024-04-20 03:10:40;49.4;62.8;61.5;76.2;73.7;74.1;9.06 °C;14.1;16.4;17.3;18.1;18.7
2024-04-20 03:20:33;49.3;62.9;61.4;76.2;73.7;74.1;8.93 °C;14;16.4;17.3;18.1;18.7
2024-04-20 03:30:33;49.3;62.8;61.4;76.2;73.7;74.1;8.87 °C;13.9;16.3;17.3;18.1;18.7
2024-04-20 03:40:40;49.3;62.8;61.4;76.2;73.6;74.1;8.81 °C;13.9;16.3;17.3;18.1;18.7
2024-04-20 03:50:38;49.3;62.8;61.4;76.2;73.6;74.1;8.75 °C;13.9;16.3;17.3;18.1;18.7
2024-04-20 04:00:38;49.2;62.8;61.4;76.1;73.6;74.1;8.75 °C;13.8;16.3;17.3;18.1;18.7
2024-04-20 04:10:38;49.2;62.8;61.4;76.1;73.6;74.0;8.68 °C;13.8;16.2;17.3;18.1;18.7
2024-04-20 04:20:34;49.2;62.7;61.4;76.1;73.6;74.1;8.68 °C;13.8;16.2;17.3;18.1;18.7
2024-04-20 04:30:33;49.2;62.7;61.4;76.1;73.6;74.1;8.56 °C;13.7;16.1;17.3;18.1;18.7
2024-04-20 04:40:32;49.1;62.8;61.4;76.1;73.6;74.0;8.50 °C;13.6;16.1;17.2;18.1;18.6
2024-04-20 04:50:34;49.1;62.7;61.4;76.1;73.6;74.0;8.43 °C;13.6;16.1;17.2;18.1;18.6
2024-04-20 05:00:35;49.1;62.7;61.4;76.1;73.6;74.0;8.31 °C;13.5;16.1;17.2;18;18.6
2024-04-20 05:10:35;49.1;62.7;61.4;76.1;73.6;74.0;8.25 °C;13.5;16;17.1;18;18.6
2024-04-20 05:20:32;49.1;62.7;61.4;76.1;73.6;74.0;8.18 °C;13.4;16;17.1;18;18.6
2024-04-20 05:30:38;49.0;62.7;61.4;76.1;73.6;74.0;8.12 °C;13.4;15.9;17.1;18;18.6
2024-04-20 05:40:34;49.0;62.7;61.4;76.1;73.6;74.0;8 °C;13.3;15.9;17.1;18;18.6
2024-04-20 05:50:35;49.0;62.6;61.4;76.1;73.6;74.0;7.87 °C;13.3;15.9;17.1;18;18.6
2024-04-20 06:00:35;49.0;62.6;61.4;76.1;73.6;74.0;7.81 °C;13.3;15.9;17.1;17.9;18.6
2024-04-20 06:10:37;49.0;62.6;61.4;76.1;73.6;74.0;7.75 °C;13.2;15.8;17.1;17.9;18.6
2024-04-20 06:20:39;48.9;62.6;61.4;76.1;73.6;74.0;7.68 °C;13.1;15.8;17;17.9;18.6
2024-04-20 06:30:33;48.9;62.6;61.4;76.0;73.6;74.0;7.68 °C;13.1;15.8;17;17.9;18.6
2024-04-20 06:40:36;48.9;62.6;61.4;76.1;73.6;74.0;7.75 °C;13.1;15.8;17;17.9;18.6
2024-04-20 06:50:34;48.9;62.6;61.3;76.1;73.6;74.0;7.81 °C;13;15.7;16.9;17.9;18.6
2024-04-20 07:10:35;49.0;62.5;61.3;76.0;73.6;74.0;8.25 °C;12.9;15.6;16.9;17.9;18.6
2024-04-20 07:40:39;49.0;62.5;61.3;76.0;73.5;74.0;8.75 °C;12.8;15.6;16.9;17.9;18.6
2024-04-20 07:50:35;49;62.5;61.3;76.0;73.6;74.0;8.81 °C;12.8;15.5;16.9;17.9;18.6
2024-04-20 08:30:33;49.4;62.5;61.3;76.0;73.5;74.0;12.3 °C;12.6;15.4;16.8;17.8;18.5
2024-04-20 08:40:32;49.5;62.5;61.3;76.0;73.5;74.0;13 °C;12.6;15.4;16.8;17.8;18.5
2024-04-20 08:50:38;49.5;62.5;61.2;76.0;73.5;74.0;13.7 °C;12.6;15.3;16.8;17.8;18.5
2024-04-20 09:00:34;49.6;62.5;61.2;76.0;73.5;74.0;14.3 °C;12.7;15.3;16.7;17.8;18.5
2024-04-20 09:10:34;49.6;62.5;61.2;76.0;73.5;74.0;14.8 °C;12.7;15.3;16.7;17.8;18.5
2024-04-20 09:20:35;49.6;62.5;61.2;76.0;73.5;74.0;15.3 °C;12.8;15.3;16.7;17.8;18.5
2024-04-20 09:30:36;49.7;62.6;61.2;76.0;73.5;74.0;15.6 °C;12.8;15.2;16.6;17.8;18.4
2024-04-20 09:40:38;49.7;62.6;61.2;76.0;73.5;74.0;16.1 °C;12.9;15.2;16.6;17.7;18.4
2024-04-20 09:50:35;49.7;62.6;61.2;75.9;73.5;74.0;16.3 °C;12.9;15.2;16.6;17.7;18.4
2024-04-20 10:00:33;49.7;62.6;61.2;76.0;73.5;74.0;16.6 °C;13;15.1;16.6;17.7;18.4
2024-04-20 10:10:32;49.7;62.6;61.2;76.0;73.5;74.0;17.3 °C;13.1;15.1;16.6;17.7;18.4
2024-04-20 10:20:35;49.8;62.7;61.2;75.9;73.5;73.9;17.9 °C;13.2;15.1;16.6;17.7;18.4
2024-04-20 10:30:33;49.7;62.7;61.2;75.9;73.5;73.9;18.3 °C;13.3;15.1;16.5;17.6;18.4
2024-04-20 10:40:36;49.6;62.8;61.2;75.9;73.5;73.9;17.9 °C;13.4;15.1;16.5;17.6;18.4
2024-04-20 10:50:38;49.5;62.8;61.2;75.9;73.4;73.9;17.3 °C;13.5;15.1;16.5;17.6;18.4
2024-04-20 11:00:34;49.5;62.8;61.2;75.9;73.4;73.9;17 °C;13.6;15.1;16.4;17.6;18.4
2024-04-20 11:10:35;49.4;62.8;61.2;75.9;73.5;73.9;16.9 °C;13.8;15.1;16.4;17.6;18.4
2024-04-20 11:20:37;49.4;62.9;61.2;75.9;73.5;73.9;16.8 °C;13.9;15.1;16.4;17.6;18.4
2024-04-20 11:30:33;49.4;62.9;61.2;75.9;73.5;73.9;16.9 °C;14;15.1;16.4;17.6;18.4
2024-04-20 11:40:39;49.3;62.9;61.2;75.9;73.4;73.9;17.1 °C;14.1;15.1;16.4;17.6;18.4
2024-04-20 11:50:33;49.3;63.0;61.2;75.9;73.5;73.9;17.1 °C;14.2;15.1;16.4;17.6;18.4
2024-04-20 12:00:33;49.3;63.0;61.2;75.9;73.4;73.9;17.4 °C;14.3;15.1;16.4;17.5;18.3
2024-04-20 12:10:36;49.5;63.0;61.2;75.9;73.4;73.9;18.9 °C;14.4;15.1;16.3;17.5;18.3
2024-04-20 12:20:34;49.5;63.0;61.2;75.9;73.4;73.9;19.7 °C;14.5;15.1;16.3;17.5;18.3
2024-04-20 12:30:35;49.6;63.1;61.3;75.9;73.4;73.9;20.6 °C;14.6;15.2;16.3;17.5;18.3
2024-04-20 12:40:32;49.4;63.1;61.3;75.9;73.4;73.9;20.4 °C;14.8;15.2;16.3;17.5;18.3
2024-04-20 12:50:35;49.4;63.2;61.3;75.9;73.4;73.9;19.9 °C;14.9;15.2;16.3;17.4;18.3
2024-04-20 13:00:33;49.4;63.2;61.2;75.9;73.4;73.9;20.3 °C;15;15.3;16.3;17.4;18.3
2024-04-20 13:10:36;49.4;63.3;61.3;75.9;73.4;73.9;20.5 °C;15.2;15.3;16.3;17.4;18.3
2024-04-20 13:20:39;49.3;63.3;61.3;75.9;73.4;73.9;20.1 °C;15.3;15.3;16.3;17.4;18.3
2024-04-20 13:30:32;49.3;63.3;61.3;75.9;73.4;73.9;20.8 °C;15.4;15.3;16.3;17.4;18.3
2024-04-20 13:40:39;49.2;63.4;61.3;75.9;73.4;73.9;20.3 °C;15.6;15.4;16.3;17.4;18.3
2024-04-20 13:50:36;49.1;63.4;61.3;75.9;73.4;73.9;19.8 °C;15.7;15.4;16.3;17.4;18.3
2024-04-20 14:00:35;49.0;63.5;61.3;75.9;73.4;73.9;19.3 °C;15.8;15.4;16.3;17.4;18.3
2024-04-20 14:10:32;48.8;63.5;61.3;75.9;73.4;73.9;18.9 °C;15.9;15.5;16.3;17.4;18.3
2024-04-20 14:20:34;48.7;63.5;61.3;75.9;73.4;73.9;18.5 °C;16.1;15.5;16.3;17.4;18.2
2024-04-20 14:30:39;48.6;63.6;61.4;75.9;73.4;73.8;18.2 °C;16.1;15.6;16.3;17.4;18.2
2024-04-20 14:40:32;48.6;63.6;61.3;75.9;73.4;73.8;17.9 °C;16.3;15.6;16.3;17.3;18.2
2024-04-20 14:50:38;48.6;63.6;61.3;75.9;73.4;73.9;18.1 °C;16.3;15.7;16.3;17.3;18.2
2024-04-20 15:00:35;48.5;63.6;61.4;75.8;73.4;73.9;18 °C;16.4;15.7;16.3;17.3;18.2
2024-04-20 15:10:36;48.5;63.6;61.4;75.9;73.3;73.8;17.9 °C;16.4;15.8;16.3;17.3;18.2
2024-04-20 15:20:39;48.4;63.7;61.4;75.9;73.3;73.8;17.8 °C;16.5;15.8;16.3;17.3;18.2
2024-04-20 15:30:37;48.4;63.7;61.4;75.9;73.4;73.9;17.7 °C;16.5;15.9;16.3;17.3;18.1
2024-04-20 15:40:37;48.4;63.7;61.4;75.9;73.4;73.9;17.6 °C;16.6;15.9;16.3;17.3;18.1
2024-04-20 15:50:33;48.3;63.7;61.4;75.9;73.3;73.9;17.5 °C;16.6;15.9;16.3;17.3;18.1
2024-04-20 16:00:33;48.3;63.7;61.4;75.9;73.4;73.9;17.4 °C;16.6;16;16.3;17.3;18.1
2024-04-20 16:10:33;48.3;63.7;61.4;75.9;73.3;73.9;17.3 °C;16.6;16.1;16.3;17.3;18.1
2024-04-20 16:20:33;48.3;63.7;61.4;75.9;73.3;73.8;17.2 °C;16.7;16.1;16.3;17.3;18.1
2024-04-20 16:30:36;48.3;63.7;61.5;75.9;73.3;73.8;17.1 °C;16.7;16.1;16.4;17.3;18.1
2024-04-20 16:40:35;48.3;63.7;61.5;75.9;73.3;73.8;17.1 °C;16.7;16.1;16.4;17.3;18.1
2024-04-20 16:50:37;48.3;63.7;61.5;75.9;73.3;73.8;17.1 °C;16.8;16.2;16.4;17.3;18.1
2024-04-20 17:00:34;48.3;63.7;61.5;75.9;73.3;73.8;17.2 °C;16.8;16.3;16.4;17.3;18.1
2024-04-20 17:10:39;48.3;63.7;61.5;75.9;73.3;73.8;17.6 °C;16.8;16.3;16.4;17.3;18.1
2024-04-20 17:20:36;48.3;63.7;61.5;75.9;73.3;73.8;17.6 °C;16.8;16.3;16.4;17.3;18.1
2024-04-20 17:30:35;48.3;63.7;61.5;75.9;73.3;73.8;17.8 °C;16.8;16.3;16.4;17.3;18.1
2024-04-20 17:40:32;48.2;63.7;61.5;75.9;73.3;73.8;17.8 °C;16.8;16.4;16.4;17.3;18.1
2024-04-20 17:50:35;48.2;63.7;61.5;75.9;73.3;73.8;17.5 °C;16.8;16.4;16.4;17.3;18.1
2024-04-20 18:00:36;48.1;63.7;61.5;75.9;73.3;73.8;17.3 °C;16.8;16.4;16.5;17.3;18.1
2024-04-20 18:10:36;48.1;63.8;61.5;75.9;73.3;73.8;17.1 °C;16.9;16.4;16.5;17.3;18.1
2024-04-20 18:20:38;48.1;63.7;61.5;75.9;73.3;73.8;16.9 °C;16.9;16.5;16.5;17.3;18
2024-04-20 18:30:31;48.0;63.8;61.5;75.9;73.3;73.8;16.8 °C;16.9;16.5;16.5;17.3;18
2024-04-20 18:40:34;47.9;63.7;61.5;75.9;73.3;73.8;16.6 °C;16.9;16.5;16.6;17.3;18
2024-04-20 18:50:38;47.9;63.7;61.5;75.9;73.3;73.8;16.5 °C;16.9;16.6;16.6;17.3;18
2024-04-20 19:00:39;47.8;63.8;61.5;76.0;73.3;73.8;16.3 °C;16.9;16.6;16.6;17.3;18
2024-04-20 19:10:33;47.8;63.7;61.5;76.0;73.3;73.8;16.2 °C;16.9;16.6;16.6;17.3;18
2024-04-20 19:20:37;47.8;63.7;61.5;76.0;73.3;73.8;16 °C;16.9;16.6;16.6;17.3;18
2024-04-20 19:30:33;47.7;63.7;61.5;75.9;73.4;73.8;15.9 °C;16.9;16.6;16.6;17.3;18
2024-04-20 19:40:33;47.7;63.7;61.5;76.0;73.4;73.8;15.8 °C;16.9;16.6;16.6;17.3;18
2024-04-20 19:50:36;47.6;63.7;61.5;75.9;73.3;73.8;15.6 °C;16.9;16.7;16.6;17.3;18
2024-04-20 20:00:31;47.6;63.7;61.5;75.9;73.3;73.8;15.3 °C;16.8;16.7;16.6;17.3;18
2024-04-20 20:10:37;47.5;63.7;61.5;76.0;73.4;73.8;15.1 °C;16.8;16.7;16.7;17.3;18
2024-04-20 20:20:34;47.4;63.7;61.5;76.0;73.3;73.8;14.9 °C;16.8;16.8;16.7;17.3;18
2024-04-20 20:30:38;47.4;63.7;61.5;76.0;73.4;73.8;14.6 °C;16.8;16.8;16.7;17.3;18
2024-04-20 20:40:31;47.4;63.7;61.5;76.0;73.3;73.8;14.5 °C;16.8;16.8;16.7;17.3;17.9
2024-04-20 20:50:34;47.4;63.7;61.5;76.0;73.4;73.8;14.4 °C;16.7;16.8;16.7;17.3;17.9
2024-04-20 21:00:35;47.3;63.7;61.5;76.0;73.3;73.8;14.3 °C;16.7;16.8;16.8;17.3;17.9
2024-04-20 21:10:36;47.3;63.7;61.5;76.0;73.4;73.8;14.1 °C;16.6;16.8;16.8;17.3;17.9
2024-04-20 21:20:36;47.2;63.6;61.5;76.0;73.4;73.8;14 °C;16.6;16.8;16.8;17.3;17.9
2024-04-20 21:30:35;47.2;63.6;61.5;76.0;73.4;73.8;13.8 °C;16.6;16.8;16.8;17.3;17.9
2024-04-20 21:40:38;47.1;63.6;61.5;76.0;73.4;73.8;13.7 °C;16.5;16.8;16.8;17.3;17.9
2024-04-20 21:50:38;47.1;63.6;61.5;76;73.4;73.8;13.6 °C;16.5;16.8;16.8;17.3;17.9
2024-04-20 22:00:35;47.1;63.5;61.5;76.0;73.4;73.8;13.4 °C;16.4;16.8;16.8;17.3;17.9
2024-04-20 22:10:33;47.0;63.6;61.5;76.0;73.4;73.8;13.4 °C;16.4;16.8;16.8;17.3;17.9
2024-04-20 22:20:38;47.0;63.5;61.5;76;73.4;73.8;13.3 °C;16.4;16.8;16.8;17.3;17.9
2024-04-20 22:30:38;47.0;63.5;61.5;76;73.4;73.8;13.3 °C;16.3;16.8;16.8;17.3;17.9
2024-04-20 22:40:36;47.0;63.5;61.5;76;73.4;73.8;13.3 °C;16.3;16.8;16.8;17.3;17.9
2024-04-20 22:50:38;47.0;63.5;61.5;76.0;73.4;73.8;13.3 °C;16.2;16.8;16.8;17.3;17.9
2024-04-20 23:00:36;47.0;63.5;61.5;76.0;73.4;73.8;13.2 °C;16.2;16.8;16.9;17.3;17.9
2024-04-20 23:10:31;46.9;63.4;61.5;76.0;73.4;73.8;13.2 °C;16.1;16.8;16.9;17.3;17.9
2024-04-20 23:20:34;46.9;63.4;61.5;76.0;73.4;73.8;13.2 °C;16.1;16.8;16.9;17.3;17.9
2024-04-20 23:30:39;46.9;63.4;61.5;76.0;73.4;73.8;13.1 °C;16.1;16.8;16.9;17.3;17.9
2024-04-20 23:40:36;46.9;63.4;61.5;76.0;73.4;73.8;13.1 °C;16;16.8;16.9;17.3;17.9
2024-04-20 23:50:36;46.9;63.4;61.5;76.0;73.4;73.8;13.1 °C;15.9;16.8;16.9;17.3;17.9
2024-04-21 00:00:36;46.8;63.4;61.5;76.0;73.4;73.8;13 °C;15.9;16.8;16.9;17.3;17.9
2024-04-21 00:10:34;46.8;63.3;61.5;76.0;73.4;73.8;13 °C;15.9;16.8;16.9;17.4;17.9
2024-04-21 00:20:36;46.8;63.4;61.5;76.0;73.4;73.8;12.9 °C;15.8;16.8;16.9;17.4;17.9
2024-04-21 00:30:32;46.8;63.3;61.5;76.0;73.4;73.8;12.9 °C;15.8;16.8;16.9;17.4;17.9
2024-04-21 00:40:34;46.8;63.3;61.5;76.0;73.4;73.8;12.9 °C;15.8;16.8;16.9;17.4;17.9
2024-04-21 00:50:32;46.8;63.3;61.5;76.0;73.4;73.8;12.9 °C;15.8;16.7;16.9;17.4;17.9
2024-04-21 01:00:31;46.8;63.3;61.5;76.0;73.4;73.8;12.9 °C;15.7;16.7;16.9;17.4;17.9
2024-04-21 01:10:38;46.8;63.2;61.4;76.0;73.4;73.8;12.9 °C;15.7;16.7;16.9;17.4;17.9
2024-04-21 01:20:31;46.8;63.3;61.5;76.0;73.4;73.8;12.9 °C;15.6;16.7;16.9;17.4;17.9
2024-04-21 01:30:37;46.8;63.2;61.4;76.0;73.4;73.8;12.9 °C;15.6;16.7;16.9;17.4;17.9
2024-04-21 01:40:33;46.8;63.3;61.4;76.0;73.4;73.8;12.9 °C;15.6;16.6;16.9;17.4;17.9
2024-04-21 01:50:38;46.8;63.2;61.4;76.0;73.4;73.8;12.8 °C;15.6;16.6;16.9;17.4;17.9
2024-04-21 02:00:31;46.7;63.2;61.4;76.0;73.4;73.8;12.8 °C;15.5;16.6;16.9;17.4;17.9
2024-04-21 02:10:34;46.7;63.2;61.4;76.0;73.4;73.8;12.8 °C;15.5;16.6;16.9;17.4;17.9
2024-04-21 02:20:32;46.7;63.2;61.4;76.0;73.4;73.8;12.8 °C;15.4;16.6;16.9;17.4;17.9
2024-04-21 02:30:31;46.7;63.2;61.4;76.0;73.4;73.8;12.8 °C;15.4;16.6;16.9;17.4;17.9
2024-04-21 02:40:38;46.7;63.2;61.4;76.0;73.4;73.8;12.7 °C;15.4;16.6;16.9;17.4;17.9
2024-04-21 02:50:31;46.7;63.2;61.4;76.0;73.4;73.8;12.7 °C;15.4;16.6;16.9;17.4;17.9
2024-04-21 03:00:38;46.7;63.2;61.4;76.0;73.4;73.8;12.6 °C;15.3;16.5;16.9;17.4;17.9
2024-04-21 03:10:32;46.7;63.2;61.4;76.0;73.4;73.8;12.6 °C;15.3;16.5;16.9;17.4;17.9
2024-04-21 03:20:31;46.6;63.2;61.4;76.0;73.4;73.8;12.5 °C;15.3;16.5;16.9;17.4;17.9
2024-04-21 03:30:37;46.6;63.1;61.4;76.0;73.4;73.8;12.4 °C;15.3;16.5;16.9;17.4;17.9
2024-04-21 03:40:37;46.5;63.1;61.4;76.0;73.4;73.8;12.2 °C;15.3;16.5;16.9;17.4;17.9
2024-04-21 03:50:34;46.5;63.2;61.4;76.0;73.4;73.8;12.1 °C;15.2;16.4;16.9;17.4;17.9
2024-04-21 04:00:31;46.5;63.1;61.4;76.0;73.4;73.8;12 °C;15.2;16.4;16.9;17.4;17.9
2024-04-21 04:10:34;46.5;63.1;61.4;76.0;73.4;73.8;11.9 °C;15.1;16.4;16.9;17.4;17.9
2024-04-21 04:20:35;46.5;63.1;61.4;76.0;73.4;73.8;11.8 °C;15.1;16.4;16.9;17.4;17.9
2024-04-21 04:30:38;46.4;63.1;61.4;76.0;73.4;73.8;11.8 °C;15.1;16.4;16.9;17.4;17.9
2024-04-21 04:40:32;46.4;63.1;61.4;76.0;73.4;73.8;11.6 °C;15.1;16.4;16.9;17.4;17.9
2024-04-21 04:50:35;46.4;63.1;61.4;76.0;73.4;73.8;11.6 °C;15;16.4;16.9;17.4;17.9
2024-04-21 05:00:34;46.4;63.1;61.4;76;73.4;73.8;11.5 °C;15;16.4;16.8;17.4;17.9
2024-04-21 05:10:35;46.3;63.1;61.4;76;73.4;73.8;11.4 °C;14.9;16.3;16.8;17.4;17.9
2024-04-21 05:20:37;46.3;63.1;61.4;76;73.4;73.8;11.4 °C;14.9;16.3;16.8;17.4;17.9
2024-04-21 05:30:37;46.3;63.1;61.3;76;73.4;73.8;11.3 °C;14.9;16.3;16.8;17.4;17.9
2024-04-21 05:40:34;46.3;63.0;61.3;76.0;73.4;73.8;11.3 °C;14.9;16.3;16.8;17.4;17.9
2024-04-21 05:50:36;46.3;63.0;61.3;76.0;73.4;73.8;11.2 °C;14.8;16.3;16.8;17.4;17.9
2024-04-21 06:00:32;46.3;63.0;61.3;76.0;73.4;73.8;11.1 °C;14.8;16.3;16.8;17.4;17.9
2024-04-21 06:10:32;46.3;63;61.3;76.0;73.4;73.8;11 °C;14.8;16.3;16.8;17.4;17.9
2024-04-21 06:20:35;46.3;63.0;61.3;76.0;73.4;73.8;10.9 °C;14.7;16.2;16.8;17.4;17.9
2024-04-21 06:30:34;46.3;63.0;61.3;76.0;73.4;73.8;10.9 °C;14.7;16.2;16.8;17.4;17.9
2024-04-21 06:40:32;46.3;63.0;61.3;76.0;73.4;73.8;10.8 °C;14.6;16.2;16.8;17.4;17.9
2024-04-21 06:50:35;46.2;63.0;61.3;76.0;73.4;73.8;10.8 °C;14.6;16.2;16.8;17.4;17.9
2024-04-21 07:00:33;46.3;63.0;61.3;76.0;73.4;73.8;10.9 °C;14.6;16.1;16.8;17.4;17.9
2024-04-21 07:10:34;46.2;62.9;61.3;76.0;73.4;73.8;11.1 °C;14.5;16.1;16.8;17.4;17.9
2024-04-21 07:20:31;46.3;63.0;61.3;76.0;73.4;73.8;11.2 °C;14.4;16.1;16.8;17.4;17.9
2024-04-21 07:30:33;46.3;63.0;61.3;76.0;73.4;73.8;11.3 °C;14.4;16.1;16.8;17.4;17.9
2024-04-21 07:40:34;46.2;62.9;61.3;76.0;73.4;73.8;11.4 °C;14.4;16.1;16.8;17.4;17.9
2024-04-21 07:50:32;46.3;62.9;61.3;76.0;73.4;73.8;11.4 °C;14.4;16.1;16.7;17.4;17.9
2024-04-21 08:00:35;46.2;62.9;61.3;76.0;73.4;73.8;11.5 °C;14.3;16;16.7;17.3;17.9
2024-04-21 08:10:38;46.3;62.9;61.3;76.0;73.4;73.8;12 °C;14.3;16;16.7;17.3;17.9
2024-04-21 08:20:31;46.3;62.9;61.3;75.9;73.4;73.8;12.6 °C;14.3;16;16.7;17.3;17.9
2024-04-21 08:30:37;46.3;62.9;61.3;75.9;73.4;73.8;12.3 °C;14.3;16;16.7;17.3;17.9
2024-04-21 08:40:38;46.4;62.9;61.3;75.9;73.4;73.8;13.3 °C;14.3;15.9;16.7;17.3;17.9
2024-04-21 08:50:35;46.4;62.9;61.3;75.9;73.4;73.8;14.2 °C;14.3;15.9;16.6;17.3;17.9
2024-04-21 09:00:37;46.5;62.9;61.3;75.9;73.4;73.8;14.9 °C;14.3;15.9;16.6;17.3;17.9
2024-04-21 09:10:37;46.5;62.9;61.2;75.9;73.3;73.8;15.4 °C;14.3;15.9;16.6;17.3;17.9
2024-04-21 09:20:35;46.5;62.9;61.2;75.9;73.3;73.8;15.8 °C;14.3;15.9;16.6;17.3;17.9
2024-04-21 09:30:33;46.5;62.9;61.2;75.9;73.3;73.8;16.1 °C;14.3;15.9;16.6;17.3;17.9
2024-04-21 09:40:37;46.5;62.9;61.3;75.9;73.3;73.8;16.3 °C;14.3;15.8;16.6;17.3;17.9
2024-04-21 09:50:38;46.5;62.9;61.3;75.9;73.4;73.8;16.5 °C;14.3;15.8;16.6;17.3;17.9
2024-04-21 10:00:35;46.5;62.9;61.3;75.9;73.3;73.8;16.7 °C;14.4;15.8;16.6;17.3;17.9
2024-04-21 10:10:38;46.5;63.0;61.2;75.9;73.3;73.8;17.3 °C;14.4;15.8;16.6;17.3;17.9
2024-04-21 10:20:36;46.4;63.0;61.2;75.9;73.3;73.8;17.6 °C;14.5;15.8;16.6;17.3;17.9
2024-04-21 10:30:32;46.4;63.0;61.2;75.9;73.3;73.8;17.7 °C;14.6;15.8;16.6;17.3;17.9
2024-04-21 10:40:31;46.3;63.0;61.2;75.9;73.3;73.7;17.1 °C;14.6;15.8;16.6;17.3;17.9
2024-04-21 10:50:34;46.1;63.0;61.2;75.9;73.3;73.7;16.4 °C;14.7;15.8;16.5;17.3;17.9
2024-04-21 11:00:36;46.1;63.1;61.2;75.9;73.3;73.7;15.8 °C;14.8;15.8;16.5;17.3;17.9
2024-04-21 11:10:36;46.0;63.1;61.2;75.9;73.3;73.8;15.6 °C;14.8;15.8;16.5;17.3;17.9
2024-04-21 11:20:35;46.0;63.1;61.2;75.9;73.3;73.8;15.7 °C;14.9;15.8;16.5;17.3;17.9
2024-04-21 11:30:38;45.9;63.1;61.2;75.9;73.3;73.7;15.7 °C;14.9;15.8;16.5;17.3;17.9
2024-04-21 11:40:36;46.0;63.1;61.2;75.9;73.3;73.8;15.8 °C;15;15.8;16.5;17.3;17.8
2024-04-21 11:50:31;46.0;63.1;61.2;75.9;73.3;73.7;16.1 °C;15;15.8;16.4;17.3;17.8
2024-04-21 12:00:34;45.9;63.1;61.2;75.9;73.3;73.8;16.1 °C;15.1;15.8;16.4;17.3;17.8
2024-04-21 12:10:36;46;63.2;61.2;75.8;73.3;73.7;16.9 °C;15.1;15.8;16.4;17.2;17.8
2024-04-21 12:20:31;46.0;63.2;61.2;75.8;73.3;73.7;17.1 °C;15.2;15.8;16.4;17.2;17.8
2024-04-21 12:30:38;46.0;63.2;61.2;75.8;73.3;73.7;17.4 °C;15.3;15.8;16.4;17.2;17.8
2024-04-21 12:40:32;46.1;63.2;61.3;75.8;73.3;73.7;17.9 °C;15.3;15.8;16.4;17.2;17.8
2024-04-21 12:50:31;46.1;63.3;61.3;75.8;73.3;73.7;18.4 °C;15.4;15.8;16.4;17.2;17.8
2024-04-21 13:00:35;46.0;63.2;61.3;75.8;73.3;73.7;18.1 °C;15.4;15.8;16.4;17.2;17.8
2024-04-21 13:10:33;45.9;63.3;61.3;75.8;73.3;73.7;17.8 °C;15.5;15.8;16.4;17.2;17.8
2024-04-21 13:20:34;46.0;63.3;61.3;75.8;73.3;73.7;17.9 °C;15.6;15.8;16.4;17.2;17.8
2024-04-21 13:30:31;46.0;63.3;61.3;75.9;73.3;73.7;18.5 °C;15.7;15.9;16.4;17.2;17.8
2024-04-21 13:40:31;46.1;63.4;61.3;75.9;73.3;73.7;19.4 °C;15.8;15.9;16.4;17.2;17.8
2024-04-21 13:50:37;46.2;63.4;61.3;75.8;73.3;73.7;20.3 °C;15.8;15.9;16.4;17.1;17.8
2024-04-21 14:00:31;46.1;63.4;61.3;75.9;73.3;73.7;20.6 °C;15.9;15.9;16.4;17.1;17.8
2024-04-21 14:10:37;46.1;63.5;61.3;75.9;73.3;73.7;20 °C;16;15.9;16.4;17.1;17.8
2024-04-21 14:20:31;45.9;63.5;61.3;75.8;73.3;73.7;19.5 °C;16.1;16;16.4;17.1;17.8
2024-04-21 14:30:33;45.9;63.5;61.3;75.9;73.3;73.7;19 °C;16.2;16;16.4;17.1;17.8
2024-04-21 14:40:30;45.7;63.6;61.3;75.9;73.3;73.7;18.6 °C;16.3;16;16.4;17.1;17.8
2024-04-21 14:50:33;45.8;63.6;61.3;75.9;73.3;73.7;18.4 °C;16.4;16.1;16.4;17.1;17.8
2024-04-21 15:00:30;45.7;63.6;61.3;75.9;73.3;73.7;18.7 °C;16.5;16.1;16.4;17.1;17.8
2024-04-21 15:10:37;45.7;63.6;61.3;75.8;73.3;73.7;18.8 °C;16.6;16.1;16.4;17.1;17.8
2024-04-21 15:20:33;45.8;63.7;61.3;75.8;73.3;73.7;19.7 °C;16.6;16.1;16.4;17.1;17.8
2024-04-21 15:30:31;45.9;63.7;61.4;75.8;73.3;73.7;20.4 °C;16.8;16.2;16.4;17.1;17.8
2024-04-21 15:40:38;45.7;63.7;61.4;75.8;73.3;73.7;19.9 °C;16.8;16.2;16.4;17.1;17.8
2024-04-21 15:50:35;45.7;63.7;61.4;75.8;73.3;73.7;19.4 °C;16.9;16.3;16.4;17.1;17.8
2024-04-21 16:00:35;45.7;63.8;61.4;75.9;73.3;73.7;19.8 °C;16.9;16.3;16.4;17.1;17.8
2024-04-21 16:10:37;45.6;63.8;61.4;75.8;73.3;73.7;19.6 °C;17;16.3;16.4;17.1;17.8
2024-04-21 16:20:35;45.6;63.8;61.4;75.8;73.3;73.7;19.3 °C;17.1;16.3;16.4;17.1;17.8
2024-04-21 16:30:33;45.5;63.8;61.4;75.9;73.3;73.7;19.1 °C;17.1;16.4;16.4;17.1;17.8
2024-04-21 16:40:34;45.5;63.8;61.4;75.9;73.3;73.7;19.4 °C;17.2;16.4;16.5;17.1;17.8
2024-04-21 16:50:33;45.5;63.8;61.4;75.9;73.3;73.7;19.8 °C;17.3;16.4;16.5;17.1;17.8
2024-04-21 17:00:34;45.5;63.9;61.4;75.9;73.2;73.7;19.8 °C;17.3;16.5;16.5;17.1;17.8
2024-04-21 17:10:36;45.4;63.9;61.4;75.9;73.3;73.7;19.6 °C;17.4;16.5;16.5;17.1;17.8
2024-04-21 17:20:36;45.4;63.9;61.4;75.9;73.2;73.7;19.4 °C;17.4;16.6;16.5;17.1;17.7
2024-04-21 17:30:32;45.3;63.9;61.5;75.9;73.3;73.7;19.3 °C;17.4;16.6;16.5;17.1;17.7
2024-04-21 17:40:36;45.3;63.9;61.4;75.9;73.2;73.7;19.2 °C;17.5;16.6;16.6;17.1;17.7
2024-04-21 17:50:37;45.3;64.0;61.5;75.9;73.3;73.7;19.2 °C;17.6;16.7;16.6;17.1;17.7
2024-04-21 18:00:37;45.2;64.0;61.5;75.9;73.2;73.7;18.9 °C;17.6;16.7;16.6;17.1;17.7
2024-04-21 18:10:31;45.1;63.9;61.5;75.9;73.3;73.7;18.6 °C;17.6;16.8;16.6;17.1;17.7
2024-04-21 18:20:30;45.0;64.0;61.5;75.9;73.3;73.7;18.2 °C;17.6;16.8;16.6;17.1;17.7
2024-04-21 18:30:33;44.9;64.0;61.5;75.9;73.3;73.7;17.9 °C;17.7;16.8;16.6;17.1;17.7
2024-04-21 18:40:34;44.9;64.0;61.5;75.9;73.3;73.7;17.7 °C;17.7;16.8;16.6;17.1;17.7
2024-04-21 18:50:36;44.8;64.0;61.5;75.9;73.3;73.7;17.4 °C;17.7;16.9;16.6;17.1;17.7
2024-04-21 19:00:33;44.8;64.0;61.5;75.9;73.3;73.7;17.1 °C;17.7;16.9;16.6;17.1;17.7
2024-04-21 19:10:30;44.7;64.0;61.5;75.9;73.3;73.7;16.9 °C;17.7;16.9;16.7;17.1;17.7
2024-04-21 19:20:33;44.7;64.0;61.5;76.0;73.3;73.7;16.6 °C;17.7;16.9;16.7;17.1;17.7
2024-04-21 19:30:37;44.6;64.0;61.5;76.0;73.3;73.7;16.4 °C;17.7;17;16.7;17.1;17.7
2024-04-21 19:40:31;44.6;64.0;61.5;75.9;73.3;73.7;16.1 °C;17.7;17;16.7;17.1;17.7
2024-04-21 19:50:34;44.5;63.9;61.5;75.9;73.3;73.7;15.9 °C;17.6;17;16.8;17.1;17.7
2024-04-21 20:00:37;44.4;63.9;61.5;76.0;73.3;73.7;15.6 °C;17.6;17.1;16.8;17.1;17.7
2024-04-21 20:10:37;44.4;63.9;61.5;76.0;73.3;73.7;15.4 °C;17.6;17.1;16.8;17.1;17.7
2024-04-21 20:20:31;44.3;63.9;61.5;76.0;73.3;73.7;15.2 °C;17.6;17.1;16.8;17.1;17.7
2024-04-21 20:30:31;44.3;63.9;61.6;76.0;73.3;73.7;14.9 °C;17.5;17.1;16.8;17.1;17.7
2024-04-21 20:40:30;44.2;63.8;61.5;76.0;73.3;73.7;14.8 °C;17.4;17.1;16.8;17.1;17.7
2024-04-21 20:50:33;44.2;63.8;61.5;76;73.3;73.7;14.6 °C;17.4;17.1;16.8;17.1;17.7
2024-04-21 21:00:32;44.1;63.8;61.6;76;73.3;73.7;14.4 °C;17.4;17.1;16.8;17.1;17.7
2024-04-21 21:10:35;44.0;63.8;61.5;76.0;73.3;73.7;14.2 °C;17.3;17.2;16.8;17.1;17.7
2024-04-21 21:20:35;44.0;63.8;61.5;76.0;73.3;73.7;14 °C;17.3;17.2;16.9;17.2;17.7
2024-04-21 21:30:35;43.9;63.7;61.5;76.0;73.3;73.7;13.8 °C;17.2;17.2;16.9;17.2;17.7
2024-04-21 21:40:34;43.9;63.7;61.5;76.0;73.3;73.7;13.7 °C;17.1;17.2;16.9;17.2;17.7
2024-04-21 21:50:33;43.9;63.7;61.5;76.0;73.3;73.7;13.6 °C;17.1;17.2;16.9;17.2;17.7
2024-04-21 22:00:34;43.8;63.7;61.5;76.0;73.3;73.7;13.4 °C;17;17.2;16.9;17.2;17.7
2024-04-21 22:10:32;43.8;63.7;61.5;76.0;73.3;73.7;13.3 °C;16.9;17.2;16.9;17.2;17.7
2024-04-21 22:20:37;43.7;63.6;61.5;76.0;73.3;73.7;13.1 °C;16.9;17.2;16.9;17.2;17.7
2024-04-21 22:30:31;43.7;63.6;61.5;76.0;73.3;73.7;13 °C;16.8;17.2;16.9;17.2;17.7
2024-04-21 22:40:30;43.7;63.6;61.5;76.1;73.3;73.7;12.9 °C;16.8;17.2;16.9;17.2;17.7
2024-04-21 22:50:36;43.6;63.5;61.5;76.0;73.3;73.7;12.8 °C;16.7;17.2;16.9;17.2;17.7
2024-04-21 23:10:30;43.6;63.5;61.5;76.0;73.3;73.7;12.6 °C;16.6;17.2;17;17.3;17.7
2024-04-21 23:20:36;43.6;63.5;61.5;76.0;73.3;73.7;12.4 °C;16.5;17.1;17;17.3;17.7
2024-04-21 23:30:37;43.5;63.5;61.5;76.0;73.3;73.7;12.4 °C;16.4;17.1;17;17.3;17.7
2024-04-21 23:40:34;43.5;63.4;61.5;76.0;73.3;73.7;12.2 °C;16.4;17.1;17;17.3;17.7
2024-04-21 23:50:37;43.4;63.4;61.5;76.0;73.3;73.7;12.1 °C;16.3;17.1;17;17.3;17.7
2024-04-22 00:00:34;43.4;63.4;61.5;76.0;73.3;73.7;12 °C;16.3;17.1;17;17.3;17.7
2024-04-22 00:10:32;43.4;63.4;61.5;76.0;73.3;73.7;11.9 °C;16.2;17.1;17;17.3;17.7
2024-04-22 00:20:36;43.3;63.4;61.5;76.1;73.3;73.7;11.8 °C;16.1;17.1;17;17.3;17.7
2024-04-22 00:30:34;43.3;63.3;61.5;76.1;73.3;73.7;11.7 °C;16.1;17.1;17;17.3;17.7
2024-04-22 00:40:32;43.3;63.3;61.5;76.1;73.4;73.7;11.6 °C;16;17.1;17;17.3;17.7
2024-04-22 00:50:32;43.2;63.3;61.5;76.1;73.4;73.7;11.4 °C;15.9;17;17;17.3;17.7
2024-04-22 01:00:37;43.2;63.3;61.5;76.0;73.3;73.7;11.3 °C;15.9;17;17;17.3;17.7
2024-04-22 01:10:35;43.2;63.3;61.5;76.0;73.4;73.7;11.3 °C;15.8;16.9;17;17.3;17.7
2024-04-22 01:20:35;43.1;63.2;61.5;76.1;73.4;73.7;11.2 °C;15.8;16.9;17;17.3;17.7
2024-04-22 01:30:34;43.1;63.2;61.5;76.0;73.3;73.7;11.1 °C;15.7;16.9;17;17.3;17.7
2024-04-22 01:40:33;43.1;63.2;61.4;76.0;73.3;73.7;11 °C;15.6;16.9;17;17.3;17.7
2024-04-22 01:50:35;43.0;63.2;61.4;76.1;73.4;73.7;10.9 °C;15.6;16.9;17;17.3;17.7
2024-04-22 02:00:30;43.0;63.2;61.4;76.0;73.3;73.7;10.9 °C;15.5;16.9;17;17.3;17.7
2024-04-22 02:10:33;43.0;63.1;61.4;76.0;73.3;73.7;10.8 °C;15.4;16.8;17;17.3;17.7
2024-04-22 02:20:31;43.0;63.1;61.4;76.0;73.4;73.7;10.7 °C;15.4;16.8;17;17.3;17.7
2024-04-22 02:30:31;42.9;63.1;61.4;76.0;73.4;73.7;10.6 °C;15.3;16.8;17;17.3;17.7
2024-04-22 02:40:34;42.9;63.1;61.4;76.0;73.4;73.7;10.5 °C;15.3;16.8;17;17.3;17.7
2024-04-22 02:50:34;42.9;63.1;61.4;76.0;73.4;73.7;10.4 °C;15.2;16.8;17;17.3;17.7
2024-04-22 03:00:36;42.8;63.0;61.4;76.0;73.4;73.7;10.3 °C;15.1;16.7;17;17.3;17.8
2024-04-22 03:10:32;42.8;63.0;61.4;76.0;73.4;73.7;10.3 °C;15.1;16.7;17;17.3;17.8
2024-04-22 03:20:37;42.8;63.0;61.4;76.0;73.4;73.7;10.2 °C;15;16.6;17;17.3;17.8
2024-04-22 03:30:34;42.8;63.0;61.4;76.0;73.4;73.7;10.1 °C;14.9;16.6;17;17.3;17.8
2024-04-22 03:40:33;42.7;63.0;61.4;76.0;73.4;73.7;10 °C;14.9;16.6;16.9;17.3;17.8
2024-04-22 03:50:30;42.7;63.0;61.4;76.0;73.4;73.7;9.93 °C;14.9;16.6;16.9;17.3;17.8
2024-04-22 04:00:30;42.7;63.0;61.4;76.0;73.4;73.7;9.87 °C;14.8;16.6;16.9;17.3;17.8
2024-04-22 04:10:33;42.6;62.9;61.3;76.0;73.3;73.7;9.81 °C;14.8;16.5;16.9;17.3;17.8
2024-04-22 04:20:30;42.6;62.9;61.3;76.0;73.3;73.7;9.75 °C;14.7;16.5;16.9;17.3;17.8
2024-04-22 04:30:36;42.6;63.0;61.3;76.0;73.4;73.7;9.68 °C;14.6;16.4;16.9;17.3;17.8
2024-04-22 04:40:29;42.6;62.9;61.3;76.0;73.4;73.7;9.62 °C;14.6;16.4;16.9;17.3;17.8
2024-04-22 04:50:36;42.6;62.9;61.3;76.0;73.4;73.7;9.56 °C;14.5;16.4;16.9;17.3;17.8
2024-04-22 05:00:32;42.6;62.9;61.3;76.0;73.4;73.7;9.50 °C;14.4;16.4;16.9;17.3;17.8
2024-04-22 05:10:37;42.5;62.9;61.3;76.0;73.4;73.7;9.43 °C;14.4;16.3;16.9;17.3;17.8
2024-04-22 05:20:31;42.5;62.8;61.3;76.0;73.4;73.7;9.37 °C;14.4;16.3;16.9;17.3;17.8
2024-04-22 05:30:31;42.5;62.8;61.3;76.0;73.3;73.7;9.31 °C;14.3;16.3;16.9;17.3;17.8
2024-04-22 05:40:35;42.5;62.8;61.3;76.0;73.4;73.7;9.25 °C;14.3;16.3;16.9;17.3;17.8
2024-04-22 05:50:30;42.4;62.8;61.3;76.0;73.4;73.7;9.18 °C;14.2;16.2;16.8;17.3;17.8
2024-04-22 06:00:34;42.4;62.8;61.3;76.0;73.4;73.7;9.12 °C;14.1;16.2;16.8;17.3;17.8
2024-04-22 06:10:36;42.4;62.8;61.2;76.0;73.3;73.7;9.06 °C;14.1;16.1;16.8;17.3;17.8
2024-04-22 06:20:37;42.4;62.8;61.2;75.9;73.3;73.7;9 °C;14;16.1;16.8;17.3;17.8
2024-04-22 06:30:30;42.3;62.8;61.2;76.0;73.3;73.7;9 °C;14;16.1;16.8;17.3;17.8
2024-04-22 06:40:29;42.3;62.8;61.2;76.0;73.3;73.7;9 °C;13.9;16.1;16.8;17.3;17.8
2024-04-22 06:50:31;42.3;62.7;61.2;76.0;73.3;73.7;9.06 °C;13.9;16;16.8;17.3;17.8
2024-04-22 07:00:36;42.4;62.7;61.2;75.9;73.3;73.7;9.12 °C;13.8;16;16.8;17.3;17.8
2024-04-22 07:10:32;42.3;62.7;61.2;75.9;73.3;73.7;9.25 °C;13.8;15.9;16.8;17.3;17.8
2024-04-22 07:20:29;42.3;62.7;61.2;75.9;73.3;73.7;9.31 °C;13.8;15.9;16.7;17.3;17.8
2024-04-22 07:30:36;42.4;62.7;61.2;75.9;73.3;73.7;9.43 °C;13.7;15.9;16.7;17.3;17.8
2024-04-22 07:40:36;42.4;62.7;61.2;75.9;73.3;73.7;9.62 °C;13.6;15.9;16.7;17.3;17.8
2024-04-22 07:50:30;42.4;62.7;61.2;75.9;73.3;73.7;9.75 °C;13.6;15.8;16.6;17.3;17.8
2024-04-22 08:00:36;42.4;62.7;61.2;75.9;73.3;73.7;9.87 °C;13.6;15.8;16.6;17.3;17.8
2024-04-22 08:10:34;42.4;62.7;61.2;75.9;73.3;73.7;10.1 °C;13.6;15.8;16.6;17.3;17.8
2024-04-22 08:20:32;42.4;62.7;61.2;75.9;73.3;73.7;10.3 °C;13.5;15.8;16.6;17.3;17.7
2024-04-22 08:30:29;42.5;62.6;61.2;75.9;73.3;73.7;10.5 °C;13.5;15.7;16.6;17.3;17.7
2024-04-22 08:40:31;42.6;62.7;61.2;75.9;73.3;73.7;11.1 °C;13.4;15.7;16.6;17.3;17.7
2024-04-22 08:50:35;42.7;62.7;61.1;75.9;73.3;73.7;12.1 °C;13.4;15.6;16.6;17.3;17.7
2024-04-22 09:00:31;42.7;62.7;61.1;75.9;73.3;73.7;12.9 °C;13.4;15.6;16.6;17.3;17.7
2024-04-22 09:10:31;42.8;62.7;61.2;75.9;73.3;73.7;13.6 °C;13.4;15.6;16.5;17.2;17.7
2024-04-22 09:20:31;42.9;62.7;61.2;75.9;73.3;73.7;14.1 °C;13.4;15.6;16.5;17.2;17.7
2024-04-22 09:30:36;43.0;62.7;61.2;75.8;73.3;73.7;14.8 °C;13.4;15.5;16.5;17.2;17.7
2024-04-22 09:40:33;43.0;62.7;61.1;75.8;73.3;73.7;15.4 °C;13.5;15.5;16.5;17.2;17.7
2024-04-22 09:50:35;43.1;62.7;61.1;75.8;73.3;73.7;16.1 °C;13.6;15.5;16.4;17.2;17.7
2024-04-22 10:00:31;43.1;62.7;61.1;75.8;73.3;73.7;16.6 °C;13.6;15.4;16.4;17.2;17.7
2024-04-22 10:10:31;43.1;62.7;61.1;75.8;73.3;73.7;17.1 °C;13.6;15.4;16.4;17.2;17.7
2024-04-22 10:20:35;43.2;62.7;61.1;75.9;73.3;73.7;17.7 °C;13.7;15.4;16.4;17.1;17.7
2024-04-22 10:30:35;43.2;62.7;61.1;75.8;73.3;73.7;18.3 °C;13.8;15.4;16.4;17.1;17.7
2024-04-22 10:40:31;43.2;62.8;61.1;75.8;73.3;73.7;18.1 °C;13.9;15.4;16.4;17.1;17.7
2024-04-22 10:50:31;43.1;62.8;61.1;75.8;73.3;73.7;17.6 °C;13.9;15.4;16.4;17.1;17.7
2024-04-22 11:00:36;43.1;62.8;61.1;75.8;73.3;73.7;17.4 °C;14.1;15.3;16.3;17.1;17.7
2024-04-22 11:10:36;43.1;62.9;61.1;75.8;73.3;73.7;17.4 °C;14.2;15.3;16.3;17.1;17.7
2024-04-22 11:20:30;43.1;62.9;61.1;75.8;73.3;73.7;17.4 °C;14.3;15.3;16.3;17.1;17.7
2024-04-22 11:30:36;43.1;62.9;61.1;75.8;73.3;73.7;17.3 °C;14.4;15.3;16.3;17.1;17.7
2024-04-22 11:40:34;43.1;63.0;61.1;75.8;73.3;73.7;17.3 °C;14.4;15.3;16.3;17.1;17.7
2024-04-22 11:50:32;43.1;63.0;61.1;75.8;73.2;73.7;17.5 °C;14.6;15.3;16.3;17.1;17.6
2024-04-22 12:00:30;43.1;63.0;61.1;75.8;73.2;73.7;18 °C;14.7;15.3;16.3;17.1;17.6
2024-04-22 12:10:29;43.2;63.0;61.1;75.8;73.2;73.6;18.8 °C;14.8;15.3;16.3;17.1;17.6
2024-04-22 12:20:32;43.3;63.1;61.2;75.8;73.2;73.6;19.4 °C;14.9;15.4;16.2;17.1;17.6
2024-04-22 12:30:32;43.3;63.1;61.1;75.8;73.2;73.6;19.6 °C;14.9;15.4;16.2;17.1;17.6
2024-04-22 12:40:30;43.3;63.1;61.1;75.8;73.2;73.6;20 °C;15.1;15.4;16.2;17;17.6
2024-04-22 12:50:33;43.3;63.2;61.2;75.8;73.2;73.6;20.5 °C;15.2;15.4;16.2;17;17.6
2024-04-22 13:00:36;43.4;63.2;61.2;75.8;73.2;73.6;21.3 °C;15.3;15.4;16.2;17;17.6
2024-04-22 13:10:33;43.4;63.2;61.2;75.8;73.2;73.6;21.5 °C;15.4;15.4;16.2;17;17.6
2024-04-22 13:20:31;43.4;63.3;61.2;75.8;73.2;73.6;21.4 °C;15.5;15.4;16.1;17;17.6
2024-04-22 13:30:31;43.3;63.3;61.2;75.7;73.2;73.6;21.5 °C;15.7;15.5;16.1;17;17.6
2024-04-22 13:40:31;43.2;63.4;61.2;75.8;73.2;73.6;21.3 °C;15.8;15.5;16.1;17;17.6
2024-04-22 13:50:34;43.3;63.4;61.2;75.8;73.2;73.6;21.8 °C;15.9;15.6;16.1;16.9;17.6
2024-04-22 14:00:34;43.3;63.4;61.2;75.8;73.2;73.6;22.4 °C;16.1;15.6;16.1;16.9;17.6
2024-04-22 14:10:33;43.4;63.5;61.2;75.8;73.2;73.6;22.6 °C;16.2;15.6;16.1;16.9;17.6
2024-04-22 14:20:35;43.3;63.5;61.2;75.8;73.2;73.6;22.6 °C;16.3;15.6;16.1;16.9;17.6
2024-04-22 14:30:35;43.3;63.6;61.2;75.8;73.2;73.6;22.6 °C;16.4;15.7;16.1;16.9;17.6
2024-04-22 14:40:36;43.2;63.6;61.2;75.8;73.2;73.6;22.7 °C;16.6;15.8;16.1;16.9;17.6
2024-04-22 14:50:34;43.2;63.7;61.3;75.8;73.2;73.6;23.1 °C;16.8;15.8;16.1;16.9;17.6
2024-04-22 15:00:32;43.3;63.7;61.3;75.7;73.2;73.6;23.5 °C;16.9;15.8;16.1;16.9;17.6
