Column1;Column2;Column3;Column4;Column5;Column6;Column7;Column10;Column11;Column12;Column13;Column14;Column15
Time;soil_moisture_at_depth_0;soil_moisture_at_depth_1;soil_moisture_at_depth_2;soil_moisture_at_depth_3 ;soil_moisture_at_depth_4;soil_moisture_at_depth_5 ;soil_temperature_at_depth_0;soil_temperature_at_depth_1;soil_temperature_at_depth_2;soil_temperature_at_depth_3 ;soil_temperature_at_depth_4 ;soil_temperature_at_depth_5 
2024-04-02 14:50:27;24.7;33.2;35.8;28.4;34.7;42.3;25.4 °C;20.4;19.2;18.9;18.9;18.8
2024-04-02 15:00:21;24.8;33.4;35.9;28.5;34.8;42.7;25.6 °C;20.5;19.2;18.9;18.9;18.8
2024-04-02 15:10:18;25.0;33.6;36.1;28.6;34.8;43.2;25.7 °C;20.6;19.2;18.8;18.8;18.8
2024-04-02 15:20:17;25.2;33.8;36.2;28.7;35.0;43.6;25.8 °C;20.7;19.2;18.8;18.8;18.7
2024-04-02 15:30:17;25.3;33.9;36.4;28.8;35.1;43.9;25.9 °C;20.8;19.3;18.8;18.8;18.6
2024-04-02 15:40:22;25.5;34.0;36.6;28.9;35.2;44.3;25.9 °C;20.9;19.3;18.8;18.8;18.6
2024-04-02 15:50:19;25.7;34.1;36.8;29.0;35.3;44.6;26 °C;21;19.3;18.8;18.7;18.6
2024-04-02 16:00:21;25.9;34.3;37.0;29.1;35.4;44.9;26.1 °C;21.1;19.4;18.8;18.7;18.6
2024-04-02 16:10:19;25.9;34.3;37.1;29.1;35.5;45.0;26.1 °C;21.3;19.4;18.8;18.7;18.6
2024-04-02 16:20:17;26.0;34.4;37.3;29.2;35.6;45.1;26.1 °C;21.4;19.5;18.8;18.7;18.6
2024-04-02 16:30:18;25.9;34.5;37.4;29.3;35.7;45.2;26.1 °C;21.4;19.6;18.8;18.7;18.5
2024-04-02 16:50:23;26.4;34.6;37.8;29.4;35.9;45.7;26 °C;21.7;19.6;18.8;18.6;18.5
2024-04-02 17:00:21;26.5;34.7;37.9;29.5;36.0;45.8;25.9 °C;21.8;19.8;18.8;18.6;18.5
2024-04-02 17:10:17;26.5;34.8;38.1;29.5;36.1;45.9;25.9 °C;21.9;19.8;18.8;18.6;18.5
2024-04-02 17:20:22;26.6;34.8;38.3;29.6;36.2;46.0;25.8 °C;21.9;19.9;18.9;18.6;18.5
2024-04-02 17:30:17;26.5;34.8;38.4;29.6;36.3;45.9;25.8 °C;22;19.9;18.9;18.6;18.5
2024-04-02 17:40:21;26.6;34.8;38.5;29.7;36.4;45.9;25.6 °C;22.1;20;18.9;18.6;18.4
2024-04-02 17:50:18;26.7;34.8;38.6;29.7;36.4;45.9;25.5 °C;22.2;20.1;18.9;18.6;18.4
2024-04-02 18:00:17;26.8;34.9;38.7;29.8;36.5;46.0;25.3 °C;22.3;20.1;18.9;18.6;18.4
2024-04-02 18:10:17;26.9;34.9;38.8;29.8;36.6;46.0;25.2 °C;22.3;20.2;19;18.6;18.4
2024-04-02 18:20:23;26.8;34.9;38.9;29.8;36.7;46;25 °C;22.3;20.3;19;18.6;18.4
2024-04-02 18:30:21;26.6;34.9;39.0;29.8;36.7;45.9;24.8 °C;22.4;20.3;19.1;18.6;18.4
2024-04-02 18:40:18;26.8;34.9;39.0;29.9;36.8;45.9;24.6 °C;22.4;20.4;19.1;18.7;18.4
2024-04-02 18:50:20;26.9;34.9;39.1;29.9;36.8;45.9;24.4 °C;22.4;20.4;19.1;18.7;18.4
2024-04-02 19:00:20;26.9;35.0;39.2;29.9;36.9;46.0;24.3 °C;22.4;20.5;19.2;18.7;18.4
2024-04-02 19:10:19;27.0;35.0;39.3;29.9;36.9;46.1;24 °C;22.4;20.5;19.2;18.7;18.4
2024-04-02 19:20:22;27.0;35.0;39.3;29.9;37.0;46.1;23.8 °C;22.4;20.6;19.3;18.7;18.4
2024-04-02 19:30:20;27.0;35.0;39.4;30.0;37.0;46.1;23.6 °C;22.4;20.6;19.3;18.7;18.4
2024-04-02 19:40:17;27;35.0;39.4;30.0;37.1;46.1;23.4 °C;22.4;20.7;19.3;18.8;18.4
2024-04-02 19:50:17;27.0;35.1;39.5;30.0;37.1;46.2;23.3 °C;22.4;20.7;19.3;18.8;18.4
2024-04-02 20:10:17;27.1;35.1;39.5;30.1;37.2;46.2;22.9 °C;22.4;20.8;19.4;18.8;18.4
2024-04-02 20:20:17;27.1;35.1;39.6;30.1;37.2;46.2;22.7 °C;22.3;20.8;19.4;18.8;18.4
2024-04-02 20:30:18;27.2;35.1;39.6;30.1;37.2;46.2;22.6 °C;22.3;20.8;19.4;18.8;18.4
2024-04-02 20:40:16;27.3;35.1;39.6;30.1;37.3;46.2;22.4 °C;22.3;20.9;19.5;18.8;18.4
2024-04-02 20:50:17;27.2;35.1;39.7;30.1;37.3;46.2;22.3 °C;22.2;20.9;19.5;18.8;18.5
2024-04-02 21:00:17;27.3;35.1;39.7;30.1;37.4;46.2;22.1 °C;22.1;20.9;19.6;18.9;18.5
2024-04-02 21:10:19;27.3;35.1;39.7;30.1;37.4;46.2;21.9 °C;22.1;20.9;19.6;18.9;18.5
2024-04-02 21:20:21;27.4;35.1;39.7;30.2;37.4;46.2;21.8 °C;22;20.9;19.6;18.9;18.5
2024-04-02 21:30:18;27.3;35.1;39.7;30.2;37.4;46.3;21.6 °C;21.9;20.9;19.6;18.9;18.5
2024-04-02 21:40:21;27.3;35.1;39.8;30.2;37.5;46.3;21.4 °C;21.9;20.9;19.7;18.9;18.5
2024-04-02 21:50:18;27.2;35.1;39.8;30.2;37.5;46.2;21.3 °C;21.8;20.9;19.7;18.9;18.5
2024-04-02 22:00:24;27.4;35.0;39.8;30.2;37.5;46.1;21.1 °C;21.8;21;19.7;18.9;18.5
2024-04-02 22:10:23;27.3;35.0;39.8;30.2;37.5;46.2;21 °C;21.8;21;19.8;19;18.6
2024-04-02 22:20:19;27.2;35.0;39.8;30.3;37.6;46.1;20.9 °C;21.7;20.9;19.8;19;18.6
2024-04-02 22:30:22;27.2;35.0;39.8;30.2;37.6;46.1;20.8 °C;21.6;21;19.8;19;18.6
2024-04-02 22:40:24;27.3;35.0;39.8;30.3;37.6;46.1;20.6 °C;21.5;21;19.8;19.1;18.6
2024-04-02 22:50:20;27.3;35.0;39.8;30.3;37.6;46.1;20.5 °C;21.4;20.9;19.8;19.1;18.6
2024-04-02 23:00:23;27.2;35.0;39.8;30.3;37.7;46.1;20.3 °C;21.4;20.9;19.8;19.1;18.6
2024-04-02 23:10:18;27.3;34.9;39.8;30.3;37.7;46.0;20.2 °C;21.3;20.9;19.9;19.1;18.6
2024-04-02 23:20:17;27.5;34.9;39.8;30.3;37.7;46.0;20.1 °C;21.3;20.9;19.9;19.1;18.6
2024-04-02 23:30:18;27.5;34.9;39.8;30.4;37.7;46.1;19.9 °C;21.2;20.9;19.9;19.1;18.6
2024-04-02 23:40:17;27.2;34.9;39.9;30.4;37.7;46.0;19.8 °C;21.1;20.9;19.9;19.1;18.6
2024-04-02 23:50:17;27.5;34.9;39.9;30.4;37.7;46.0;19.6 °C;21.1;20.9;19.9;19.1;18.6
2024-04-03 00:00:18;27.5;34.9;39.9;30.4;37.7;46.0;19.5 °C;21;20.9;19.9;19.2;18.6
2024-04-03 00:10:21;27.2;34.9;39.9;30.4;37.7;46.0;19.4 °C;20.9;20.9;19.9;19.2;18.6
2024-04-03 00:20:18;27.3;34.9;39.9;30.4;37.7;46.0;19.3 °C;20.9;20.8;19.9;19.2;18.7
2024-04-03 00:30:20;27.5;34.8;39.9;30.4;37.8;46.0;19.1 °C;20.8;20.8;19.9;19.2;18.7
2024-04-03 00:40:17;27.6;34.9;39.9;30.4;37.8;46.0;19.1 °C;20.7;20.8;19.9;19.3;18.7
2024-04-03 00:50:21;27.3;34.8;39.9;30.4;37.8;46.0;18.9 °C;20.6;20.8;19.9;19.3;18.7
2024-04-03 01:00:19;27.2;34.8;39.9;30.4;37.8;46.0;18.8 °C;20.6;20.8;19.9;19.3;18.7
2024-04-03 01:10:17;27.3;34.8;39.9;30.4;37.8;45.9;18.7 °C;20.5;20.7;19.9;19.3;18.7
2024-04-03 01:20:19;27.2;34.8;39.9;30.5;37.8;45.9;18.6 °C;20.4;20.7;19.9;19.3;18.7
2024-04-03 01:30:18;27.3;34.8;39.9;30.4;37.8;45.9;18.5 °C;20.4;20.7;19.9;19.3;18.8
2024-04-03 01:40:19;27.2;34.7;39.8;30.4;37.9;45.9;18.4 °C;20.3;20.6;19.9;19.3;18.8
2024-04-03 01:50:23;27.5;34.7;39.8;30.5;37.9;45.9;18.3 °C;20.2;20.6;19.9;19.3;18.8
2024-04-03 02:00:22;27.3;34.7;39.8;30.5;37.9;45.8;18.2 °C;20.1;20.6;19.9;19.3;18.8
2024-04-03 02:10:21;27.2;34.7;39.8;30.5;37.9;45.8;18.1 °C;20.1;20.6;19.9;19.3;18.8
2024-04-03 02:20:18;27.1;34.7;39.8;30.5;37.9;45.8;18 °C;20;20.5;19.9;19.3;18.8
2024-04-03 02:30:16;27.1;34.6;39.8;30.5;37.9;45.8;17.9 °C;19.9;20.5;19.9;19.3;18.8
2024-04-03 02:40:20;27.0;34.7;39.8;30.5;37.9;45.8;17.8 °C;19.9;20.4;19.9;19.3;18.8
2024-04-03 02:50:20;27.1;34.6;39.8;30.5;37.9;45.8;17.8 °C;19.8;20.4;19.9;19.3;18.8
2024-04-03 03:00:17;27.0;34.6;39.8;30.5;37.9;45.7;17.6 °C;19.8;20.4;19.9;19.4;18.8
2024-04-03 03:10:19;27.0;34.6;39.8;30.5;37.9;45.7;17.5 °C;19.7;20.4;19.9;19.4;18.8
2024-04-03 03:20:17;27.0;34.6;39.8;30.5;37.9;45.7;17.4 °C;19.6;20.3;19.9;19.4;18.8
2024-04-03 03:30:23;27.0;34.5;39.8;30.5;37.9;45.7;17.3 °C;19.6;20.3;19.9;19.4;18.8
2024-04-03 03:40:23;27.0;34.5;39.8;30.5;37.9;45.7;17.3 °C;19.5;20.3;19.9;19.4;18.8
2024-04-03 03:50:22;27.0;34.5;39.8;30.5;37.9;45.7;17.1 °C;19.4;20.2;19.9;19.4;18.8
2024-04-03 04:00:19;26.9;34.5;39.8;30.5;37.9;45.7;17.1 °C;19.4;20.2;19.9;19.4;18.9
2024-04-03 04:10:19;26.9;34.5;39.7;30.5;37.9;45.7;17 °C;19.3;20.1;19.9;19.4;18.9
2024-04-03 04:20:18;26.9;34.4;39.7;30.5;37.9;45.6;16.9 °C;19.2;20.1;19.9;19.4;18.9
2024-04-03 04:30:17;26.9;34.4;39.7;30.5;37.9;45.6;16.8 °C;19.1;20.1;19.9;19.4;18.9
2024-04-03 04:40:19;26.9;34.4;39.7;30.5;37.9;45.6;16.8 °C;19.1;20;19.8;19.4;18.9
2024-04-03 04:50:22;26.9;34.4;39.7;30.5;37.9;45.6;16.7 °C;19;20;19.8;19.4;18.9
2024-04-03 05:00:20;26.9;34.4;39.7;30.6;37.9;45.6;16.6 °C;18.9;19.9;19.8;19.4;18.9
2024-04-03 05:10:16;26.8;34.3;39.7;30.5;37.9;45.6;16.5 °C;18.9;19.9;19.8;19.4;18.9
2024-04-03 05:20:17;26.8;34.3;39.7;30.5;37.9;45.6;16.4 °C;18.8;19.9;19.8;19.4;18.9
2024-04-03 05:30:22;26.9;34.3;39.7;30.6;37.9;45.6;16.3 °C;18.8;19.8;19.8;19.4;18.9
2024-04-03 05:40:23;26.8;34.3;39.7;30.6;37.9;45.6;16.3 °C;18.7;19.8;19.8;19.4;18.9
2024-04-03 05:50:23;26.9;34.3;39.6;30.5;37.9;45.5;16.2 °C;18.6;19.8;19.8;19.4;18.9
2024-04-03 06:00:22;26.8;34.3;39.6;30.6;37.9;45.5;16.1 °C;18.6;19.7;19.7;19.4;18.9
2024-04-03 06:10:17;26.8;34.2;39.6;30.6;37.9;45.5;16.1 °C;18.5;19.7;19.7;19.4;18.9
2024-04-03 06:20:21;26.8;34.2;39.6;30.6;37.9;45.5;16 °C;18.4;19.6;19.7;19.4;18.9
2024-04-03 06:30:23;26.8;34.2;39.6;30.6;37.9;45.5;15.9 °C;18.4;19.6;19.6;19.4;18.9
2024-04-03 06:40:18;26.8;34.2;39.6;30.6;37.9;45.5;15.9 °C;18.3;19.6;19.6;19.4;18.9
2024-04-03 06:50:21;26.9;34.2;39.6;30.6;37.8;45.5;15.8 °C;18.3;19.5;19.6;19.4;18.9
2024-04-03 07:00:22;26.9;34.2;39.6;30.6;37.9;45.5;15.8 °C;18.3;19.5;19.6;19.4;18.9
2024-04-03 07:10:17;27.4;34.2;39.6;30.6;37.9;45.5;15.7 °C;18.2;19.4;19.6;19.3;18.9
2024-04-03 07:20:18;27.4;34.2;39.6;30.6;38.0;45.6;15.6 °C;18.1;19.4;19.6;19.3;18.9
2024-04-03 07:30:23;27.7;34.3;39.6;30.6;38.0;45.8;15.6 °C;18.1;19.4;19.6;19.3;18.9
2024-04-03 07:40:19;28.0;34.4;39.6;30.6;38.0;45.8;15.6 °C;18;19.3;19.5;19.3;18.9
2024-04-03 07:50:23;28.0;34.5;39.6;30.6;38.0;45.9;15.6 °C;17.9;19.3;19.5;19.3;18.9
2024-04-03 08:00:22;28.1;34.5;39.6;30.6;38.0;45.9;15.6 °C;17.9;19.3;19.5;19.3;18.9
2024-04-03 08:10:16;28.1;34.6;39.6;30.6;38.0;45.9;15.6 °C;17.8;19.2;19.4;19.3;18.9
2024-04-03 08:20:16;28.2;34.6;39.6;30.6;38.0;46.0;15.6 °C;17.8;19.2;19.4;19.3;18.9
2024-04-03 08:30:21;28.2;34.7;39.6;30.6;38.0;46.1;15.7 °C;17.8;19.1;19.4;19.3;18.9
2024-04-03 08:40:22;28.3;34.7;39.6;30.6;38.0;46.1;15.8 °C;17.7;19.1;19.4;19.3;18.9
2024-04-03 08:50:20;28.3;34.7;39.6;30.6;38.0;46.2;15.9 °C;17.6;19.1;19.4;19.3;18.9
2024-04-03 09:00:16;28.4;34.7;39.6;30.6;38.0;46.1;16.1 °C;17.6;19;19.3;19.3;18.9
2024-04-03 09:10:20;28.3;34.7;39.6;30.6;38.0;46.1;16.3 °C;17.6;19;19.3;19.3;18.9
2024-04-03 09:20:21;28.4;34.7;39.6;30.6;38.0;46.2;16.5 °C;17.6;18.9;19.3;19.3;18.9
2024-04-03 09:30:23;28.5;34.7;39.6;30.6;38.0;46.2;16.8 °C;17.5;18.9;19.3;19.3;18.9
2024-04-03 09:40:23;28.6;34.8;39.6;30.6;38.0;46.2;17 °C;17.5;18.9;19.3;19.3;18.9
2024-04-03 09:50:18;28.6;34.8;39.6;30.6;38.0;46.2;17.3 °C;17.5;18.8;19.3;19.2;18.9
2024-04-03 10:00:16;28.7;34.8;39.6;30.6;38;46.2;17.6 °C;17.5;18.8;19.2;19.2;18.9
2024-04-03 10:10:20;28.7;34.8;39.6;30.6;38;46.2;17.9 °C;17.5;18.8;19.2;19.2;18.9
2024-04-03 10:20:22;28.7;34.9;39.6;30.6;38;46.2;18.2 °C;17.6;18.8;19.1;19.2;18.9
2024-04-03 10:30:20;28.8;34.9;39.6;30.6;38;46.2;18.5 °C;17.6;18.7;19.1;19.2;18.9
2024-04-03 10:40:16;28.6;34.9;39.6;30.6;38.0;46.2;18.8 °C;17.6;18.7;19.1;19.1;18.9
2024-04-03 10:50:20;28.0;34.8;39.6;30.6;38.0;46.1;19.2 °C;17.6;18.7;19.1;19.1;18.9
2024-04-03 11:00:20;27.9;34.8;39.6;30.6;38.0;46.0;19.5 °C;17.7;18.6;19.1;19.1;18.9
2024-04-03 11:10:20;27.9;34.8;39.6;30.6;38.0;45.9;19.8 °C;17.8;18.6;19.1;19.1;18.9
2024-04-03 11:20:17;28.7;34.8;39.6;30.6;38.0;46.0;20.1 °C;17.9;18.6;19;19.1;18.9
2024-04-03 11:30:22;28.9;34.8;39.6;30.6;38.0;46.0;20.4 °C;17.9;18.6;19;19.1;18.9
2024-04-03 11:40:17;29.1;34.8;39.6;30.6;38.0;46.0;20.7 °C;18;18.6;19;19.1;18.9
2024-04-03 11:50:22;29.2;34.9;39.6;30.6;38.0;46.1;20.9 °C;18.1;18.6;18.9;19.1;18.9
2024-04-03 12:00:21;29.1;34.9;39.6;30.6;38.0;46.1;21.1 °C;18.2;18.6;18.9;19.1;18.9
2024-04-03 12:10:15;29.3;35.0;39.6;30.6;38.0;46.1;21.2 °C;18.3;18.6;18.9;19.1;18.9
2024-04-03 12:20:15;29.3;35.1;39.6;30.6;38.0;46.1;21.3 °C;18.4;18.6;18.9;19.1;18.9
2024-04-03 12:30:20;29.2;35.1;39.6;30.6;38.0;46.1;21.5 °C;18.5;18.6;18.9;19;18.9
2024-04-03 12:40:20;29.6;35.1;39.7;30.6;38.0;46.2;21.6 °C;18.6;18.6;18.9;19;18.8
2024-04-03 12:50:16;29.6;35.2;39.7;30.6;38.0;46.3;21.8 °C;18.7;18.6;18.9;19;18.8
2024-04-03 13:00:17;29.8;35.3;39.8;30.6;38.0;46.3;22 °C;18.8;18.7;18.9;19;18.8
2024-04-03 13:10:23;29.9;35.3;39.9;30.6;38.0;46.3;22.2 °C;18.9;18.7;18.9;19;18.8
2024-04-03 13:20:19;29.9;35.3;39.8;30.6;38.0;46.3;22.4 °C;19;18.7;18.8;18.9;18.8
2024-04-03 13:30:22;29.9;35.3;39.8;30.6;38.0;46.3;22.7 °C;19.1;18.8;18.8;18.9;18.8
2024-04-03 13:40:20;30.1;35.4;39.8;30.6;38.0;46.3;22.9 °C;19.3;18.8;18.8;18.9;18.8
2024-04-03 13:50:21;30.4;35.4;39.9;30.6;38.0;46.4;23.1 °C;19.3;18.8;18.8;18.9;18.8
2024-04-03 14:00:20;30.3;35.5;39.9;30.6;38.0;46.4;23.3 °C;19.4;18.8;18.8;18.9;18.8
2024-04-03 14:10:20;30.5;35.5;39.9;30.6;38.0;46.4;23.5 °C;19.6;18.9;18.8;18.9;18.8
2024-04-03 14:20:21;30.4;35.5;40.0;30.6;38.0;46.4;23.7 °C;19.7;18.9;18.8;18.9;18.8
2024-04-03 14:30:22;30.3;35.5;39.9;30.6;38.0;46.4;23.9 °C;19.8;18.9;18.8;18.9;18.8
2024-04-03 14:40:18;30.5;35.5;39.9;30.6;38.0;46.4;23.9 °C;19.9;19;18.8;18.9;18.8
2024-04-03 14:50:16;30.7;35.6;40.0;30.6;38.0;46.4;24 °C;20.1;19.1;18.8;18.9;18.8
2024-04-03 15:00:21;30.7;35.6;40.0;30.6;38.1;46.4;24.1 °C;20.2;19.1;18.8;18.9;18.8
2024-04-03 15:10:23;30.9;35.7;40.1;30.6;38.1;46.4;24.1 °C;20.3;19.1;18.8;18.9;18.8
2024-04-03 15:20:22;31.0;35.7;40.1;30.7;38.0;46.4;24 °C;20.4;19.2;18.9;18.9;18.8
2024-04-03 15:30:22;31.1;35.8;40.2;30.7;38.0;46.5;23.9 °C;20.5;19.3;18.9;18.9;18.8
2024-04-03 15:40:16;31.0;35.8;40.2;30.7;38.0;46.5;23.9 °C;20.6;19.3;18.9;18.9;18.8
2024-04-03 15:50:21;31.2;35.8;40.2;30.7;38.1;46.5;23.8 °C;20.7;19.4;18.9;18.9;18.8
2024-04-03 16:00:15;31.3;35.9;40.2;30.7;38.0;46.5;23.8 °C;20.8;19.4;18.9;18.9;18.8
2024-04-03 16:10:20;31.4;35.9;40.3;30.7;38.0;46.5;23.6 °C;20.8;19.4;18.9;18.9;18.8
2024-04-03 16:20:16;31.4;36.0;40.4;30.7;38.1;46.5;23.6 °C;20.9;19.5;18.9;18.9;18.8
2024-04-03 16:30:21;31.5;36.0;40.4;30.7;38.1;46.6;23.5 °C;20.9;19.6;18.9;18.9;18.8
2024-04-03 16:40:18;31.5;36.0;40.5;30.7;38.1;46.6;23.5 °C;21;19.6;18.9;18.9;18.8
2024-04-03 16:50:17;31.6;36.0;40.5;30.7;38.1;46.6;23.4 °C;21.1;19.7;19;18.9;18.7
2024-04-03 17:00:19;31.6;36.0;40.5;30.7;38.1;46.6;23.4 °C;21.1;19.8;19;18.9;18.7
2024-04-03 17:10:19;31.6;36.0;40.5;30.7;38.1;46.6;23.3 °C;21.1;19.8;19.1;18.9;18.7
2024-04-03 17:20:22;31.8;36.1;40.6;30.7;38.1;46.7;23.3 °C;21.2;19.8;19.1;18.9;18.7
2024-04-03 17:30:21;31.8;36.2;40.7;30.7;38.1;46.7;23.2 °C;21.2;19.9;19.1;18.9;18.7
2024-04-03 17:40:18;31.7;36.2;40.6;30.8;38.1;46.7;23.2 °C;21.3;19.9;19.1;18.9;18.7
2024-04-03 17:50:21;31.8;36.1;40.6;30.8;38.1;46.7;23.1 °C;21.3;19.9;19.1;18.9;18.7
2024-04-03 18:00:15;31.7;36.1;40.6;30.8;38.1;46.7;23.1 °C;21.3;20;19.1;18.9;18.7
2024-04-03 18:10:19;31.7;36.1;40.6;30.8;38.1;46.6;23 °C;21.3;20.1;19.2;18.9;18.7
2024-04-03 18:20:15;31.5;36.1;40.6;30.8;38.1;46.6;22.9 °C;21.3;20.1;19.2;18.9;18.7
2024-04-03 18:30:20;31.4;36.0;40.5;30.8;38.1;46.5;22.8 °C;21.3;20.1;19.3;18.9;18.7
2024-04-03 18:40:16;31.4;36.0;40.5;30.8;38.1;46.5;22.7 °C;21.3;20.2;19.3;18.9;18.7
2024-04-03 18:50:22;31.3;35.9;40.5;30.8;38.1;46.4;22.6 °C;21.4;20.2;19.3;18.9;18.7
2024-04-03 19:00:20;31.3;35.9;40.4;30.8;38.2;46.4;22.4 °C;21.4;20.3;19.3;18.9;18.7
2024-04-03 19:10:22;31.4;35.9;40.4;30.8;38.1;46.3;22.3 °C;21.4;20.3;19.3;18.9;18.7
2024-04-03 19:20:20;31.4;35.9;40.4;30.8;38.1;46.3;22.2 °C;21.4;20.3;19.3;18.9;18.7
2024-04-03 19:30:22;31.4;35.9;40.4;30.8;38.2;46.3;22.1 °C;21.3;20.3;19.4;18.9;18.7
2024-04-03 19:40:16;31.4;35.9;40.4;30.8;38.1;46.3;21.9 °C;21.3;20.3;19.4;19;18.8
2024-04-03 19:50:21;31.4;35.9;40.4;30.8;38.1;46.3;21.8 °C;21.3;20.4;19.4;19;18.7
2024-04-03 20:00:15;31.4;35.9;40.4;30.8;38.2;46.3;21.6 °C;21.3;20.4;19.4;19;18.8
2024-04-03 20:10:19;31.4;35.9;40.4;30.9;38.2;46.3;21.4 °C;21.3;20.4;19.4;19;18.8
2024-04-03 20:20:15;31.4;35.9;40.4;30.8;38.2;46.4;21.3 °C;21.3;20.4;19.5;19;18.8
2024-04-03 20:30:20;31.4;35.9;40.4;30.9;38.2;46.4;21.1 °C;21.2;20.4;19.5;19.1;18.8
2024-04-03 20:40:16;31.4;35.9;40.4;30.9;38.2;46.4;21 °C;21.2;20.4;19.5;19.1;18.8
2024-04-03 20:50:22;31.5;35.9;40.4;30.8;38.2;46.4;20.9 °C;21.1;20.4;19.6;19.1;18.8
2024-04-03 21:00:20;31.4;35.9;40.4;30.8;38.2;46.4;20.7 °C;21.1;20.5;19.6;19.1;18.8
2024-04-03 21:10:21;31.3;35.9;40.4;30.9;38.2;46.4;20.6 °C;21.1;20.5;19.6;19.1;18.8
2024-04-03 21:20:20;31.4;35.9;40.4;30.9;38.2;46.3;20.4 °C;21;20.5;19.6;19.1;18.8
2024-04-03 21:30:20;31.4;35.8;40.4;30.9;38.2;46.3;20.3 °C;20.9;20.5;19.6;19.1;18.8
2024-04-03 21:40:22;31.4;35.8;40.4;30.9;38.2;46.3;20.1 °C;20.9;20.5;19.6;19.1;18.8
2024-04-03 21:50:17;31.4;35.8;40.4;30.9;38.2;46.2;20 °C;20.9;20.5;19.6;19.1;18.8
2024-04-03 22:00:15;31.4;35.8;40.4;30.9;38.2;46.2;19.9 °C;20.8;20.5;19.7;19.1;18.8
2024-04-03 22:10:19;31.4;35.7;40.4;30.9;38.2;46.2;19.8 °C;20.8;20.5;19.7;19.1;18.8
2024-04-03 22:20:19;31.3;35.8;40.4;30.9;38.2;46.1;19.6 °C;20.7;20.5;19.7;19.2;18.8
2024-04-03 22:30:15;31.3;35.7;40.4;30.9;38.2;46.1;19.5 °C;20.6;20.5;19.7;19.2;18.8
2024-04-03 22:40:16;31.3;35.7;40.4;30.9;38.2;46.1;19.4 °C;20.6;20.4;19.7;19.2;18.8
2024-04-03 22:50:21;31.3;35.7;40.4;30.9;38.2;46.1;19.3 °C;20.5;20.4;19.8;19.2;18.8
2024-04-03 23:00:16;31.2;35.6;40.4;30.9;38.2;46.0;19.1 °C;20.4;20.4;19.8;19.2;18.8
2024-04-03 23:10:17;31.1;35.6;40.3;30.9;38.2;46.0;19 °C;20.4;20.4;19.8;19.3;18.8
2024-04-03 23:20:19;31.1;35.5;40.3;30.9;38.2;46.0;18.9 °C;20.3;20.4;19.8;19.3;18.8
2024-04-03 23:30:20;31.1;35.5;40.3;30.9;38.2;46.0;18.8 °C;20.3;20.4;19.8;19.3;18.8
2024-04-03 23:40:16;31.1;35.5;40.3;30.9;38.2;46.0;18.7 °C;20.2;20.4;19.8;19.3;18.8
2024-04-03 23:50:18;31.0;35.4;40.3;30.9;38.2;46.0;18.6 °C;20.1;20.4;19.8;19.3;18.9
2024-04-04 00:00:16;30.9;35.5;40.3;30.9;38.2;46.0;18.5 °C;20.1;20.4;19.8;19.3;18.9
2024-04-04 00:10:22;30.9;35.4;40.2;30.9;38.2;45.9;18.4 °C;20.1;20.3;19.8;19.3;18.9
2024-04-04 00:20:21;30.7;35.4;40.2;30.9;38.2;45.9;18.3 °C;19.9;20.3;19.8;19.3;18.9
2024-04-04 00:30:20;30.5;35.4;40.2;30.9;38.2;45.9;18.2 °C;19.9;20.3;19.8;19.3;18.9
2024-04-04 00:40:17;30.4;35.4;40.2;30.9;38.2;45.9;18.1 °C;19.9;20.3;19.8;19.3;18.9
2024-04-04 00:50:23;30.2;35.3;40.2;30.9;38.2;45.9;18 °C;19.8;20.3;19.8;19.3;18.9
2024-04-04 01:00:19;30.0;35.3;40.2;30.9;38.2;45.9;17.9 °C;19.8;20.2;19.8;19.3;18.9
2024-04-04 01:10:18;29.8;35.3;40.2;30.9;38.2;45.9;17.8 °C;19.6;20.2;19.8;19.3;18.9
2024-04-04 01:20:22;29.7;35.2;40.2;30.9;38.2;45.9;17.7 °C;19.6;20.2;19.8;19.3;18.9
2024-04-04 01:30:17;29.6;35.2;40.2;30.9;38.2;45.9;17.6 °C;19.6;20.1;19.8;19.3;18.9
2024-04-04 01:40:19;29.5;35.2;40.2;30.9;38.2;45.9;17.5 °C;19.4;20.1;19.8;19.3;18.9
2024-04-04 01:50:15;29.5;35.2;40.2;30.9;38.2;45.9;17.4 °C;19.4;20.1;19.8;19.4;18.9
2024-04-04 02:00:20;29.4;35.1;40.2;30.9;38.1;45.8;17.3 °C;19.4;20.1;19.8;19.4;18.9
2024-04-04 02:10:17;29.3;35.1;40.2;30.9;38.2;45.8;17.2 °C;19.3;20;19.8;19.4;18.9
2024-04-04 02:20:23;29.3;35.1;40.2;30.9;38.2;45.8;17.1 °C;19.3;20;19.8;19.4;18.9
2024-04-04 02:30:22;29.3;35.1;40.2;30.9;38.2;45.8;17 °C;19.2;19.9;19.8;19.4;18.9
2024-04-04 02:40:18;29.2;35.1;40.1;30.9;38.2;45.8;16.9 °C;19.1;19.9;19.8;19.4;18.9
2024-04-04 02:50:22;29.2;35.0;40.1;31.0;38.2;45.8;16.8 °C;19.1;19.9;19.7;19.4;18.9
2024-04-04 03:00:16;29.2;35.0;40.1;30.9;38.1;45.8;16.8 °C;19;19.9;19.7;19.4;18.9
2024-04-04 03:10:22;29.2;35.0;40.1;30.9;38.1;45.8;16.7 °C;18.9;19.8;19.7;19.4;18.9
2024-04-04 03:20:22;29.2;35.0;40.1;30.9;38.1;45.8;16.6 °C;18.9;19.8;19.7;19.4;18.9
2024-04-04 03:30:17;29.1;35.0;40.1;30.9;38.1;45.8;16.6 °C;18.8;19.8;19.7;19.4;19
2024-04-04 03:40:19;29.1;34.9;40.1;30.9;38.1;45.7;16.4 °C;18.8;19.8;19.7;19.4;19
2024-04-04 03:50:19;29.1;34.9;40.1;30.9;38.1;45.8;16.4 °C;18.7;19.7;19.6;19.4;19
2024-04-04 04:00:19;29.1;34.9;40.1;30.9;38.1;45.7;16.3 °C;18.6;19.7;19.6;19.4;19
2024-04-04 04:10:16;29.3;34.9;40.1;30.9;38.1;45.7;16.2 °C;18.6;19.6;19.6;19.4;19
2024-04-04 04:20:21;29.1;34.9;40.0;30.9;38.1;45.7;16.1 °C;18.5;19.6;19.6;19.4;19
2024-04-04 04:30:15;29.1;34.9;40.0;30.9;38.1;45.7;16.1 °C;18.4;19.6;19.6;19.4;19
2024-04-04 04:40:20;29.1;34.9;40.0;30.9;38.1;45.7;16 °C;18.4;19.5;19.6;19.4;19
2024-04-04 04:50:17;29.1;34.8;40.0;30.9;38.1;45.7;15.9 °C;18.3;19.5;19.6;19.4;19
2024-04-04 05:00:16;29.1;34.8;40.0;30.9;38.1;45.7;15.9 °C;18.3;19.4;19.6;19.4;19
2024-04-04 05:10:17;29.0;34.8;40.0;30.9;38.1;45.7;15.8 °C;18.2;19.4;19.5;19.4;19
2024-04-04 05:20:16;29.0;34.8;40.0;30.9;38.1;45.7;15.8 °C;18.1;19.4;19.5;19.3;19
2024-04-04 05:30:17;29.0;34.8;40.0;30.9;38.1;45.7;15.7 °C;18.1;19.4;19.5;19.3;19
2024-04-04 05:40:20;29.0;34.8;40.0;30.9;38.1;45.7;15.6 °C;18;19.3;19.5;19.3;19
2024-04-04 05:50:16;29.0;34.7;40.0;30.9;38.1;45.7;15.6 °C;18;19.3;19.4;19.3;19
2024-04-04 06:00:18;29.0;34.8;40.0;30.9;38.1;45.6;15.5 °C;17.9;19.3;19.4;19.3;19
2024-04-04 06:10:22;28.9;34.7;39.9;30.9;38.1;45.7;15.4 °C;17.9;19.2;19.4;19.3;19
2024-04-04 06:20:17;28.9;34.7;39.9;30.9;38.1;45.6;15.4 °C;17.8;19.1;19.4;19.3;19
2024-04-04 06:40:15;28.9;34.7;39.9;30.9;38.1;45.6;15.3 °C;17.7;19.1;19.4;19.3;19
2024-04-04 06:50:20;28.9;34.7;39.9;30.9;38.1;45.6;15.3 °C;17.6;19.1;19.4;19.3;19
2024-04-04 07:00:17;28.9;34.7;39.9;30.9;38.1;45.6;15.2 °C;17.6;19;19.3;19.3;19
2024-04-04 07:10:16;29.0;34.7;39.9;30.9;38.1;45.6;15.1 °C;17.6;18.9;19.3;19.3;19
2024-04-04 07:20:18;29.0;34.7;39.9;30.9;38.1;45.6;15.1 °C;17.5;18.9;19.3;19.3;19
2024-04-04 07:30:18;29.1;34.7;39.9;30.9;38.1;45.6;15.1 °C;17.4;18.9;19.3;19.3;19
2024-04-04 07:40:20;29.3;34.7;39.9;30.9;38.1;45.6;15.1 °C;17.4;18.9;19.3;19.3;19
2024-04-04 07:50:18;29.7;34.7;39.9;30.9;38.1;45.7;15.1 °C;17.4;18.8;19.3;19.3;19
2024-04-04 08:00:22;29.9;34.7;39.9;30.9;38.1;45.7;15.1 °C;17.3;18.8;19.2;19.3;19
2024-04-04 08:10:22;30.0;34.7;39.9;30.9;38.1;45.7;15.2 °C;17.3;18.8;19.2;19.3;19
2024-04-04 08:20:17;30.1;34.8;39.9;30.9;38.1;45.7;15.3 °C;17.3;18.7;19.2;19.2;19
2024-04-04 08:30:19;30.2;34.8;39.9;30.9;38.1;45.7;15.4 °C;17.2;18.7;19.1;19.2;19
2024-04-04 08:40:19;30.2;34.8;39.9;30.9;38.1;45.7;15.5 °C;17.1;18.6;19.1;19.2;19
2024-04-04 08:50:19;30.3;34.8;39.9;30.9;38.1;45.7;15.7 °C;17.1;18.6;19.1;19.2;19
2024-04-04 09:00:16;30.2;34.8;39.9;30.9;38.1;45.7;15.9 °C;17.1;18.6;19.1;19.2;19
2024-04-04 09:10:21;30.3;34.8;39.9;30.9;38.1;45.7;16.1 °C;17.1;18.6;19.1;19.2;18.9
2024-04-04 09:20:16;30.2;34.8;39.8;30.9;38.1;45.7;16.3 °C;17.1;18.5;19;19.1;18.9
2024-04-04 09:30:21;30.2;34.8;39.8;30.9;38.1;45.7;16.5 °C;17.1;18.4;19;19.1;18.9
2024-04-04 09:50:22;30.1;34.8;39.8;30.9;38.1;45.7;17 °C;17.1;18.4;18.9;19.1;18.9
2024-04-04 10:00:21;30.2;34.8;39.8;30.9;38.1;45.7;17.3 °C;17.1;18.4;18.9;19.1;18.9
2024-04-04 10:10:16;30.1;34.8;39.8;30.9;38.1;45.7;17.6 °C;17.1;18.4;18.9;19.1;18.9
2024-04-04 10:20:21;29.9;34.8;39.8;30.9;38.1;45.7;17.9 °C;17.1;18.3;18.9;19.1;18.9
2024-04-04 10:30:15;29.6;34.8;39.8;30.9;38.1;45.7;18.2 °C;17.1;18.3;18.9;19.1;18.9
2024-04-04 10:40:20;29.4;34.8;39.8;30.9;38.1;45.7;18.5 °C;17.2;18.3;18.9;19.1;18.9
2024-04-04 10:50:18;29.4;34.8;39.8;30.9;38.1;45.6;18.8 °C;17.3;18.3;18.8;19.1;18.9
2024-04-04 11:00:18;29.4;34.8;39.8;30.9;38.0;45.6;19.2 °C;17.3;18.3;18.8;19;18.9
2024-04-04 11:10:21;29.4;34.8;39.8;30.9;38.1;45.6;19.5 °C;17.4;18.3;18.8;19;18.9
2024-04-04 11:20:16;29.3;34.8;39.8;30.8;38.0;45.6;19.8 °C;17.4;18.3;18.8;19;18.9
2024-04-04 11:30:17;29.4;34.9;39.8;30.8;38.0;45.6;20.1 °C;17.5;18.3;18.8;19;18.9
2024-04-04 11:40:20;29.4;34.8;39.8;30.8;38.0;45.6;20.4 °C;17.6;18.3;18.8;19;18.9
2024-04-04 11:50:21;29.4;34.9;39.8;30.9;38.1;45.6;20.7 °C;17.7;18.3;18.7;18.9;18.9
2024-04-04 12:00:20;29.4;34.9;39.8;30.9;38.1;45.6;20.8 °C;17.8;18.3;18.7;18.9;18.9
2024-04-04 12:10:17;29.4;34.9;39.8;30.9;38.1;45.6;20.9 °C;17.9;18.3;18.7;18.9;18.9
2024-04-04 12:20:17;29.4;34.9;39.8;30.9;38.1;45.6;21.1 °C;18.1;18.3;18.7;18.9;18.9
2024-04-04 12:30:15;29.4;35.0;39.8;30.9;38.1;45.6;21.3 °C;18.1;18.3;18.6;18.9;18.9
2024-04-04 12:40:19;29.4;35.0;39.8;30.9;38.1;45.6;21.5 °C;18.3;18.3;18.6;18.9;18.9
2024-04-04 12:50:16;29.5;35.0;39.8;30.9;38.1;45.6;21.8 °C;18.4;18.3;18.6;18.9;18.9
2024-04-04 13:00:18;29.6;35.0;39.8;30.8;38.1;45.6;21.9 °C;18.5;18.3;18.6;18.9;18.9
2024-04-04 13:10:22;29.8;35.1;39.8;30.9;38.1;45.6;22.2 °C;18.6;18.4;18.6;18.9;18.8
2024-04-04 13:20:18;29.7;35.1;39.8;30.8;38.1;45.6;22.4 °C;18.7;18.4;18.6;18.9;18.8
2024-04-04 13:30:22;29.8;35.1;39.8;30.9;38.1;45.6;22.8 °C;18.8;18.4;18.6;18.9;18.8
2024-04-04 13:40:22;29.8;35.1;39.8;30.8;38.1;45.6;23.1 °C;18.9;18.4;18.6;18.8;18.8
2024-04-04 13:50:18;30.0;35.1;39.8;30.9;38.1;45.6;23.5 °C;19.1;18.5;18.6;18.8;18.8
2024-04-04 14:00:21;30.1;35.1;39.9;30.8;38.1;45.6;23.8 °C;19.2;18.5;18.6;18.8;18.8
2024-04-04 14:10:16;30.1;35.2;39.8;30.8;38.1;45.6;24.1 °C;19.4;18.6;18.6;18.8;18.8
2024-04-04 14:20:15;30.3;35.2;39.9;30.8;38.1;45.6;24.5 °C;19.5;18.6;18.6;18.8;18.8
2024-04-04 14:30:15;30.4;35.3;39.9;30.8;38.0;45.6;24.8 °C;19.6;18.7;18.6;18.8;18.8
2024-04-04 14:40:20;30.5;35.3;39.9;30.9;38.0;45.6;25.1 °C;19.8;18.7;18.6;18.8;18.8
2024-04-04 14:50:18;30.7;35.4;39.9;30.9;38.1;45.7;25.4 °C;19.9;18.8;18.6;18.8;18.8
2024-04-04 15:00:22;30.7;35.4;39.9;30.9;38.1;45.7;25.7 °C;20.1;18.8;18.6;18.8;18.8
2024-04-04 15:10:22;30.7;35.4;39.9;30.9;38.1;45.7;25.9 °C;20.3;18.9;18.6;18.8;18.8
2024-04-04 15:20:17;30.8;35.5;39.9;30.9;38.0;45.7;26.1 °C;20.4;18.9;18.6;18.8;18.8
2024-04-04 15:30:20;30.8;35.5;39.9;30.9;38.0;45.7;26.3 °C;20.6;19;18.6;18.8;18.8
2024-04-04 15:40:15;30.8;35.5;40.0;30.9;38.0;45.7;26.5 °C;20.8;19.1;18.7;18.8;18.8
2024-04-04 15:50:19;31.0;35.6;40.0;30.9;38.0;45.7;26.7 °C;20.9;19.1;18.7;18.8;18.8
2024-04-04 16:00:17;31.0;35.6;40.0;30.9;38.0;45.7;26.8 °C;21.1;19.3;18.7;18.8;18.8
2024-04-04 16:10:15;31.0;35.7;40.0;30.9;38.0;45.7;26.9 °C;21.3;19.3;18.8;18.8;18.8
2024-04-04 16:20:16;31.0;35.7;40.0;30.9;38.0;45.7;27.1 °C;21.4;19.4;18.8;18.8;18.8
2024-04-04 16:30:15;31.0;35.6;40.0;30.9;38.0;45.7;27.2 °C;21.6;19.4;18.8;18.8;18.7
2024-04-04 16:40:16;31.0;35.6;40;30.9;38.1;45.7;27.3 °C;21.7;19.6;18.8;18.8;18.7
2024-04-04 16:50:17;30.9;35.7;40.0;30.9;38.0;45.7;27.3 °C;21.8;19.6;18.8;18.8;18.7
2024-04-04 17:00:20;31.1;35.6;40.1;30.9;38.1;45.7;27.3 °C;21.9;19.7;18.9;18.8;18.7
2024-04-04 17:10:19;31.1;35.7;40.1;30.9;38.0;45.7;27.3 °C;22.1;19.8;18.9;18.8;18.7
2024-04-04 17:20:15;30.9;35.7;40.1;30.9;38.1;45.6;27.3 °C;22.3;19.9;18.9;18.8;18.7
2024-04-04 17:30:16;30.2;35.7;40.1;30.9;38.0;45.6;27.3 °C;22.3;19.9;18.9;18.8;18.7
2024-04-04 17:40:14;30.0;35.7;40.1;30.9;38.0;45.6;27.1 °C;22.4;20.1;19;18.8;18.7
2024-04-04 17:50:19;29.9;35.7;40.1;30.9;38.0;45.5;27 °C;22.6;20.1;19;18.8;18.7
2024-04-04 18:00:15;29.9;35.7;40.1;30.9;38.0;45.5;26.8 °C;22.7;20.2;19.1;18.8;18.7
2024-04-04 18:10:17;30.0;35.7;40.2;30.9;38.0;45.5;26.6 °C;22.8;20.3;19.1;18.8;18.7
2024-04-04 18:20:20;30.0;35.7;40.2;30.9;38.0;45.5;26.4 °C;22.8;20.4;19.1;18.8;18.7
2024-04-04 18:30:22;30.0;35.7;40.2;30.9;38.0;45.5;26.3 °C;22.9;20.4;19.2;18.8;18.7
2024-04-04 18:40:21;30.0;35.7;40.2;31.0;38.0;45.5;26.1 °C;22.9;20.5;19.2;18.9;18.7
2024-04-04 18:50:20;30.0;35.7;40.2;31.0;38.0;45.5;25.9 °C;23;20.6;19.3;18.9;18.7
2024-04-04 19:00:15;30.2;35.7;40.2;31.0;38.0;45.5;25.8 °C;23.1;20.7;19.3;18.9;18.7
2024-04-04 19:10:20;30.2;35.7;40.2;31.0;38.0;45.5;25.6 °C;23.1;20.8;19.3;18.9;18.7
2024-04-04 19:20:14;30.3;35.7;40.3;31.0;38.0;45.5;25.4 °C;23.1;20.8;19.4;18.9;18.7
2024-04-04 19:30:18;30.4;35.7;40.3;31.0;38.0;45.5;25.2 °C;23.1;20.9;19.4;18.9;18.7
2024-04-04 19:40:15;30.3;35.7;40.3;31.0;38.0;45.5;25 °C;23.1;20.9;19.4;18.9;18.7
2024-04-04 19:50:20;30.3;35.7;40.3;31.0;38.1;45.5;24.8 °C;23.1;21;19.5;18.9;18.8
2024-04-04 20:00:18;30.3;35.7;40.3;31.0;38.0;45.5;24.6 °C;23.1;21.1;19.6;19;18.8
2024-04-04 20:10:18;30.3;35.7;40.3;31.0;38.0;45.5;24.4 °C;23.1;21.1;19.6;19;18.8
2024-04-04 20:20:22;30.4;35.7;40.3;31.0;38.1;45.5;24.2 °C;23.1;21.1;19.6;19;18.8
2024-04-04 20:30:17;30.3;35.7;40.3;31.0;38.1;45.5;24 °C;23;21.2;19.7;19.1;18.8
2024-04-04 20:40:21;30.4;35.7;40.4;31.0;38.1;45.5;23.8 °C;23;21.3;19.7;19.1;18.8
2024-04-04 20:50:19;30.4;35.7;40.4;31.0;38.1;45.5;23.6 °C;22.9;21.3;19.8;19.1;18.8
2024-04-04 21:00:21;30.3;35.7;40.4;31.0;38.1;45.5;23.4 °C;22.9;21.3;19.8;19.1;18.8
2024-04-04 21:10:20;30.4;35.7;40.4;31.0;38.1;45.5;23.3 °C;22.9;21.3;19.8;19.1;18.8
2024-04-04 21:20:14;30.5;35.7;40.4;31.1;38.1;45.5;23.1 °C;22.8;21.4;19.9;19.1;18.8
2024-04-04 21:30:18;30.3;35.7;40.4;31.1;38.1;45.5;22.9 °C;22.8;21.4;19.9;19.2;18.8
2024-04-04 21:40:18;30.4;35.6;40.4;31.1;38.1;45.5;22.7 °C;22.7;21.4;19.9;19.2;18.8
2024-04-04 21:50:19;30.4;35.6;40.4;31.1;38.1;45.5;22.6 °C;22.7;21.4;20;19.2;18.8
2024-04-04 22:00:16;30.2;35.6;40.4;31.1;38.1;45.5;22.4 °C;22.6;21.4;20;19.3;18.8
2024-04-04 22:10:22;30.3;35.6;40.4;31.1;38.1;45.5;22.2 °C;22.6;21.4;20.1;19.3;18.8
2024-04-04 22:20:18;30.3;35.6;40.4;31.1;38.1;45.5;22.1 °C;22.5;21.4;20.1;19.3;18.9
2024-04-04 22:30:17;30.3;35.6;40.4;31.1;38.1;45.5;21.9 °C;22.4;21.5;20.1;19.3;18.9
2024-04-04 22:40:21;30.3;35.6;40.4;31.1;38.1;45.5;21.8 °C;22.4;21.4;20.1;19.3;18.9
2024-04-04 23:00:17;30.2;35.5;40.4;31.1;38.1;45.5;21.4 °C;22.3;21.5;20.2;19.4;18.9
2024-04-04 23:10:20;30.0;35.5;40.4;31.1;38.1;45.5;21.3 °C;22.1;21.4;20.2;19.4;18.9
2024-04-04 23:20:14;29.9;35.5;40.4;31.1;38.1;45.5;21.2 °C;22.1;21.4;20.3;19.4;18.9
2024-04-04 23:30:15;29.8;35.5;40.4;31.1;38.1;45.5;21.1 °C;22;21.4;20.3;19.4;18.9
2024-04-04 23:40:16;29.8;35.5;40.4;31.1;38.1;45.5;20.9 °C;21.9;21.4;20.3;19.4;18.9
2024-04-04 23:50:21;29.8;35.5;40.4;31.1;38.1;45.5;20.8 °C;21.9;21.4;20.3;19.4;18.9
2024-04-05 00:10:21;29.7;35.4;40.4;31.1;38.1;45.4;20.6 °C;21.8;21.4;20.3;19.5;19
2024-04-05 00:20:20;29.7;35.4;40.4;31.1;38.1;45.4;20.4 °C;21.7;21.4;20.3;19.5;19
2024-04-05 00:30:22;29.7;35.4;40.4;31.1;38.1;45.5;20.3 °C;21.6;21.4;20.4;19.6;19
2024-04-05 00:40:18;29.6;35.4;40.4;31.2;38.1;45.5;20.2 °C;21.6;21.4;20.4;19.6;19
2024-04-05 00:50:18;29.6;35.4;40.4;31.2;38.1;45.5;20.1 °C;21.4;21.4;20.4;19.6;19
2024-04-05 01:00:17;30;35.4;40.4;31.2;38.2;45.5;19.9 °C;21.4;21.3;20.4;19.6;19.1
2024-04-05 01:10:17;30.7;35.3;40.4;31.2;38.2;45.5;19.8 °C;21.3;21.3;20.4;19.6;19.1
2024-04-05 01:20:21;30.2;35.4;40.4;31.2;38.1;45.5;19.8 °C;21.3;21.3;20.4;19.6;19.1
2024-04-05 01:30:20;30.0;35.3;40.4;31.2;38.2;45.4;19.6 °C;21.2;21.3;20.4;19.6;19.1
2024-04-05 01:40:18;29.9;35.3;40.4;31.2;38.2;45.5;19.5 °C;21.1;21.3;20.4;19.6;19.1
2024-04-05 01:50:15;29.8;35.3;40.4;31.2;38.2;45.5;19.4 °C;21.1;21.2;20.4;19.7;19.1
2024-04-05 02:00:21;29.8;35.3;40.4;31.2;38.2;45.5;19.3 °C;21;21.2;20.4;19.7;19.1
2024-04-05 02:10:16;29.6;35.3;40.3;31.2;38.2;45.5;19.2 °C;20.9;21.2;20.4;19.7;19.1
2024-04-05 02:20:17;29.7;35.3;40.4;31.2;38.2;45.5;19.1 °C;20.8;21.1;20.4;19.7;19.1
2024-04-05 02:30:15;29.6;35.3;40.3;31.2;38.2;45.4;19 °C;20.8;21.1;20.4;19.7;19.1
2024-04-05 02:40:20;29.6;35.3;40.3;31.2;38.2;45.5;18.9 °C;20.7;21.1;20.4;19.8;19.1
2024-04-05 02:50:18;29.5;35.2;40.3;31.2;38.2;45.4;18.8 °C;20.6;21.1;20.4;19.8;19.1
2024-04-05 03:00:15;29.6;35.2;40.3;31.2;38.2;45.4;18.7 °C;20.6;21;20.4;19.8;19.2
2024-04-05 03:10:17;29.6;35.2;40.3;31.2;38.2;45.4;18.6 °C;20.5;21;20.4;19.8;19.2
2024-04-05 03:20:16;29.6;35.2;40.3;31.2;38.2;45.4;18.5 °C;20.4;20.9;20.4;19.8;19.2
2024-04-05 03:30:24;29.6;35.2;40.3;31.2;38.2;45.4;18.4 °C;20.4;20.9;20.4;19.8;19.2
2024-04-05 03:40:21;29.6;35.1;40.3;31.2;38.2;45.4;18.3 °C;20.3;20.9;20.4;19.8;19.2
2024-04-05 03:50:21;29.5;35.2;40.3;31.2;38.2;45.4;18.3 °C;20.3;20.9;20.4;19.8;19.2
2024-04-05 04:00:20;29.5;35.1;40.3;31.2;38.2;45.4;18.1 °C;20.2;20.8;20.4;19.8;19.2
2024-04-05 04:10:15;29.8;35.1;40.3;31.2;38.2;45.4;18.1 °C;20.1;20.8;20.4;19.8;19.3
2024-04-05 04:20:20;29.8;35.1;40.3;31.2;38.2;45.4;17.9 °C;20.1;20.8;20.4;19.8;19.3
2024-04-05 04:30:14;29.8;35.1;40.3;31.2;38.2;45.4;17.9 °C;19.9;20.7;20.4;19.8;19.3
2024-04-05 04:40:19;29.7;35.1;40.2;31.2;38.2;45.4;17.8 °C;19.9;20.7;20.3;19.8;19.3
2024-04-05 04:50:16;29.7;35.1;40.2;31.2;38.2;45.4;17.7 °C;19.8;20.6;20.3;19.8;19.3
2024-04-05 05:00:14;29.6;35.0;40.2;31.2;38.2;45.4;17.6 °C;19.8;20.6;20.3;19.8;19.3
2024-04-05 05:10:14;29.6;35.1;40.2;31.2;38.2;45.4;17.5 °C;19.7;20.6;20.3;19.8;19.3
2024-04-05 05:20:18;29.7;35.0;40.2;31.2;38.2;45.4;17.4 °C;19.6;20.5;20.3;19.8;19.3
2024-04-05 05:30:15;29.8;35.0;40.2;31.2;38.2;45.4;17.4 °C;19.6;20.5;20.3;19.8;19.3
2024-04-05 05:40:17;29.5;35.0;40.2;31.2;38.2;45.4;17.3 °C;19.5;20.4;20.3;19.8;19.3
2024-04-05 05:50:20;29.6;35.0;40.2;31.2;38.2;45.4;17.2 °C;19.4;20.4;20.3;19.8;19.3
2024-04-05 06:00:15;29.5;35.0;40.2;31.2;38.2;45.4;17.1 °C;19.4;20.4;20.3;19.8;19.3
2024-04-05 06:10:17;29.5;35;40.2;31.2;38.2;45.4;17.1 °C;19.3;20.3;20.3;19.8;19.3
2024-04-05 06:20:20;29.5;35.0;40.1;31.2;38.2;45.4;16.9 °C;19.3;20.3;20.2;19.8;19.3
2024-04-05 06:30:14;29.4;34.9;40.2;31.2;38.2;45.4;16.9 °C;19.2;20.3;20.2;19.8;19.3
2024-04-05 06:40:14;29.4;35.0;40.2;31.2;38.2;45.4;16.8 °C;19.1;20.3;20.2;19.8;19.3
2024-04-05 06:50:15;29.4;35.0;40.1;31.2;38.2;45.4;16.7 °C;19.1;20.2;20.1;19.8;19.3
2024-04-05 07:00:20;29.5;34.9;40.1;31.2;38.2;45.4;16.6 °C;19;20.1;20.1;19.8;19.3
2024-04-05 07:10:18;29.5;34.9;40.1;31.1;38.2;45.5;16.6 °C;18.9;20.1;20.1;19.8;19.3
2024-04-05 07:20:15;29.5;34.9;40.1;31.1;38.2;45.5;16.6 °C;18.9;20.1;20.1;19.8;19.3
2024-04-05 07:30:17;29.5;34.9;40.1;31.2;38.2;45.5;16.5 °C;18.9;20.1;20.1;19.8;19.3
2024-04-05 07:40:17;29.5;34.9;40.1;31.2;38.2;45.5;16.5 °C;18.8;20;20.1;19.8;19.3
2024-04-05 07:50:17;29.6;34.9;40.1;31.2;38.2;45.5;16.5 °C;18.8;19.9;20.1;19.8;19.3
2024-04-05 08:00:21;29.7;34.9;40.1;31.2;38.2;45.5;16.5 °C;18.7;19.9;20;19.8;19.3
2024-04-05 08:20:21;30.0;34.9;40.1;31.1;38.2;45.5;16.6 °C;18.6;19.9;20;19.8;19.3
2024-04-05 08:30:21;30.1;34.9;40.1;31.1;38.2;45.5;16.8 °C;18.5;19.8;19.9;19.8;19.3
2024-04-05 08:40:16;30.1;34.9;40.0;31.1;38.2;45.5;16.9 °C;18.5;19.8;19.9;19.8;19.3
2024-04-05 08:50:14;30.0;34.9;40.0;31.1;38.2;45.5;17 °C;18.4;19.8;19.9;19.8;19.3
2024-04-05 09:00:19;30.0;34.9;40.0;31.2;38.2;45.4;17.1 °C;18.4;19.7;19.9;19.8;19.4
2024-04-05 09:10:20;30.0;34.9;40.0;31.1;38.2;45.5;17.3 °C;18.4;19.6;19.9;19.8;19.3
2024-04-05 09:20:18;30.0;34.9;40.0;31.1;38.2;45.5;17.5 °C;18.4;19.6;19.9;19.8;19.3
2024-04-05 09:30:14;30.0;34.9;40;31.1;38.2;45.5;17.8 °C;18.3;19.6;19.8;19.7;19.3
2024-04-05 09:40:19;30.0;34.9;40;31.1;38.2;45.5;18 °C;18.3;19.6;19.8;19.7;19.3
2024-04-05 09:50:20;30.0;34.9;40.0;31.1;38.2;45.5;18.3 °C;18.3;19.5;19.8;19.7;19.3
2024-04-05 10:00:15;29.8;34.9;40.0;31.1;38.2;45.4;18.6 °C;18.3;19.5;19.8;19.7;19.3
2024-04-05 10:10:17;29.8;34.9;40.0;31.1;38.2;45.5;18.9 °C;18.3;19.4;19.8;19.7;19.3
2024-04-05 10:30:15;29.8;34.9;40.0;31.1;38.2;45.4;19.5 °C;18.4;19.4;19.7;19.7;19.3
2024-04-05 10:40:16;29.7;34.9;40.0;31.1;38.1;45.4;19.8 °C;18.4;19.4;19.7;19.6;19.3
2024-04-05 10:50:19;29.7;34.9;39.9;31.1;38.1;45.4;20.1 °C;18.5;19.4;19.7;19.6;19.3
2024-04-05 11:00:17;29.7;34.9;40.0;31.1;38.1;45.4;20.4 °C;18.5;19.3;19.6;19.6;19.3
2024-04-05 11:10:13;29.7;34.9;40.0;31.1;38.1;45.4;20.8 °C;18.6;19.3;19.6;19.6;19.3
2024-04-05 11:20:13;29.7;35.0;40.0;31.1;38.1;45.4;21.1 °C;18.7;19.3;19.6;19.6;19.3
2024-04-05 11:30:17;29.8;35.0;40.0;31.1;38.1;45.4;21.4 °C;18.8;19.3;19.6;19.6;19.3
2024-04-05 11:40:17;29.8;35.0;40.0;31.1;38.1;45.4;21.8 °C;18.8;19.3;19.6;19.6;19.3
2024-04-05 11:50:13;29.8;35.0;40.0;31.1;38.1;45.4;21.9 °C;18.9;19.3;19.6;19.6;19.3
2024-04-05 12:00:16;29.8;35.0;40.0;31.1;38.1;45.4;22.1 °C;19.1;19.3;19.5;19.6;19.3
2024-04-05 12:10:18;29.8;35.1;40.0;31.1;38.1;45.4;22.3 °C;19.1;19.3;19.5;19.6;19.3
2024-04-05 12:20:19;29.8;35.1;40.0;31.1;38.1;45.4;22.4 °C;19.3;19.3;19.5;19.6;19.3
2024-04-05 12:30:17;29.8;35.0;40.0;31.1;38.1;45.4;22.6 °C;19.4;19.3;19.5;19.6;19.3
2024-04-05 12:40:20;29.9;35.1;40.0;31.1;38.1;45.4;22.9 °C;19.4;19.3;19.5;19.5;19.3
2024-04-05 12:50:14;29.8;35.1;39.9;31.1;38.1;45.4;23.1 °C;19.6;19.4;19.4;19.5;19.3
2024-04-05 13:00:20;29.8;35.1;39.9;31.1;38.1;45.4;23.3 °C;19.7;19.4;19.4;19.5;19.3
2024-04-05 13:10:18;29.9;35.1;40.0;31.1;38.1;45.4;23.5 °C;19.8;19.4;19.4;19.5;19.3
2024-04-05 13:20:19;29.9;35.2;40.0;31.1;38.1;45.3;23.8 °C;19.9;19.4;19.4;19.5;19.3
2024-04-05 13:30:16;30.0;35.2;40.0;31.1;38.1;45.4;24.1 °C;20;19.4;19.4;19.5;19.3
2024-04-05 13:40:18;30.0;35.1;40.0;31.1;38.1;45.4;24.5 °C;20.1;19.5;19.4;19.4;19.3
2024-04-05 13:50:14;30.0;35.2;40.0;31.1;38.1;45.4;24.8 °C;20.3;19.5;19.4;19.4;19.3
2024-04-05 14:00:19;30.1;35.2;40.0;31.1;38.1;45.4;25.2 °C;20.4;19.6;19.4;19.4;19.3
2024-04-05 14:10:16;30.1;35.2;40.0;31.1;38.1;45.4;25.5 °C;20.6;19.6;19.4;19.4;19.3
2024-04-05 14:20:20;30.2;35.3;40.0;31.1;38.1;45.3;25.8 °C;20.7;19.6;19.4;19.4;19.3
2024-04-05 14:40:20;30.2;35.3;40.0;31.1;38.1;45.3;26.4 °C;21;19.8;19.4;19.4;19.3
2024-04-05 14:50:18;30.3;35.3;40.0;31.1;38.1;45.3;26.7 °C;21.1;19.8;19.4;19.4;19.3
2024-04-05 15:00:20;30.3;35.3;40.0;31.1;38.1;45.3;26.9 °C;21.3;19.9;19.4;19.4;19.3
2024-04-05 15:10:15;30.3;35.4;40.1;31.1;38.1;45.3;27 °C;21.4;19.9;19.4;19.4;19.3
2024-04-05 15:20:20;30.4;35.4;40.1;31.1;38.1;45.3;27.1 °C;21.6;20;19.5;19.4;19.3
2024-04-05 15:30:15;30.4;35.5;40.1;31.1;38.1;45.3;27.2 °C;21.8;20.1;19.5;19.4;19.2
2024-04-05 15:40:13;30.4;35.5;40.1;31.1;38.1;45.3;27.3 °C;21.9;20.1;19.5;19.4;19.2
2024-04-05 15:50:14;30.4;35.6;40.1;31.1;38.1;45.3;27.4 °C;22.1;20.2;19.5;19.4;19.2
2024-04-05 16:00:19;30.4;35.6;40.1;31.1;38.1;45.3;27.4 °C;22.2;20.3;19.6;19.4;19.2
2024-04-05 16:10:16;30.4;35.6;40.1;31.1;38.1;45.3;27.4 °C;22.3;20.3;19.6;19.4;19.2
2024-04-05 16:20:20;30.4;35.6;40.1;31.1;38.1;45.3;27.4 °C;22.5;20.4;19.6;19.4;19.2
2024-04-05 16:30:18;30.5;35.7;40.2;31.1;38.1;45.3;27.5 °C;22.6;20.5;19.6;19.4;19.2
2024-04-05 16:40:19;30.4;35.7;40.2;31.1;38.1;45.3;27.5 °C;22.7;20.6;19.6;19.4;19.2
2024-04-05 16:50:18;30.4;35.7;40.2;31.1;38.1;45.3;27.5 °C;22.8;20.6;19.7;19.4;19.2
2024-04-05 17:00:19;30.4;35.7;40.2;31.1;38.1;45.3;27.5 °C;22.9;20.7;19.7;19.4;19.2
2024-04-05 17:10:20;30.4;35.7;40.2;31.1;38.1;45.3;27.4 °C;23;20.8;19.7;19.4;19.2
2024-04-05 17:20:16;30.4;35.7;40.3;31.1;38.1;45.3;27.4 °C;23.1;20.9;19.8;19.4;19.2
2024-04-05 17:30:14;30.5;35.8;40.3;31.1;38.1;45.3;27.3 °C;23.2;20.9;19.8;19.4;19.2
2024-04-05 17:40:19;30.3;35.8;40.3;31.2;38.1;45.3;27.3 °C;23.3;21;19.8;19.4;19.2
2024-04-05 17:50:14;30.3;35.8;40.3;31.2;38.1;45.3;27.1 °C;23.4;21.1;19.8;19.4;19.2
2024-04-05 18:00:15;30.3;35.8;40.3;31.2;38.1;45.3;27.1 °C;23.4;21.1;19.9;19.4;19.2
2024-04-05 18:10:16;30.3;35.8;40.3;31.1;38.1;45.3;26.9 °C;23.5;21.2;19.9;19.4;19.2
2024-04-05 18:20:15;30.3;35.8;40.4;31.2;38.1;45.3;26.8 °C;23.6;21.3;19.9;19.5;19.2
2024-04-05 18:30:18;30.3;35.8;40.4;31.2;38.1;45.3;26.7 °C;23.6;21.3;20;19.5;19.2
2024-04-05 18:40:15;30.2;35.9;40.4;31.2;38.1;45.3;26.6 °C;23.6;21.4;20;19.5;19.2
2024-04-05 18:50:17;30.2;35.9;40.4;31.2;38.1;45.3;26.4 °C;23.7;21.5;20.1;19.5;19.2
2024-04-05 19:00:14;30.2;35.8;40.4;31.2;38.1;45.3;26.2 °C;23.7;21.5;20.1;19.5;19.2
2024-04-05 19:10:18;30.2;35.8;40.4;31.2;38.1;45.3;26 °C;23.7;21.6;20.1;19.6;19.2
2024-04-05 19:20:16;30.2;35.8;40.4;31.2;38.1;45.3;25.8 °C;23.8;21.6;20.2;19.6;19.2
2024-04-05 19:30:15;30.3;35.8;40.4;31.2;38.1;45.3;25.6 °C;23.8;21.7;20.2;19.6;19.2
2024-04-05 19:40:17;30.2;35.8;40.5;31.2;38.1;45.3;25.4 °C;23.8;21.8;20.3;19.6;19.3
2024-04-05 19:50:16;30.2;35.8;40.5;31.2;38.1;45.3;25.3 °C;23.8;21.8;20.3;19.6;19.3
2024-04-05 20:00:19;30.2;35.8;40.5;31.2;38.1;45.3;25.1 °C;23.8;21.8;20.3;19.6;19.3
2024-04-05 20:10:18;30.1;35.8;40.5;31.2;38.1;45.3;24.9 °C;23.7;21.9;20.4;19.6;19.3
2024-04-05 20:20:15;30.1;35.8;40.5;31.2;38.1;45.3;24.7 °C;23.7;21.9;20.4;19.7;19.3
2024-04-05 20:30:18;30.1;35.8;40.5;31.3;38.1;45.3;24.5 °C;23.6;21.9;20.4;19.7;19.3
2024-04-05 20:50:13;30.1;35.8;40.5;31.3;38.2;45.3;24.1 °C;23.6;22;20.5;19.7;19.3
2024-04-05 21:00:13;30.1;35.8;40.5;31.3;38.2;45.3;24 °C;23.6;22.1;20.6;19.8;19.3
2024-04-05 21:10:17;30.0;35.8;40.6;31.3;38.1;45.3;23.8 °C;23.5;22.1;20.6;19.8;19.3
2024-04-05 21:20:18;30.0;35.8;40.5;31.3;38.2;45.3;23.6 °C;23.4;22.1;20.6;19.8;19.3
2024-04-05 21:30:15;30.1;35.8;40.5;31.3;38.2;45.3;23.5 °C;23.4;22.1;20.6;19.8;19.3
2024-04-05 21:40:18;29.9;35.8;40.5;31.3;38.2;45.3;23.3 °C;23.4;22.1;20.7;19.8;19.3
2024-04-05 22:00:14;29.9;35.7;40.5;31.3;38.2;45.3;23 °C;23.3;22.1;20.8;19.9;19.3
2024-04-05 22:10:16;29.9;35.7;40.5;31.3;38.2;45.3;22.8 °C;23.2;22.1;20.8;19.9;19.3
2024-04-05 22:20:17;29.8;35.7;40.5;31.3;38.2;45.3;22.7 °C;23.1;22.1;20.8;19.9;19.4
2024-04-05 22:30:15;29.8;35.7;40.6;31.3;38.2;45.3;22.6 °C;23.1;22.2;20.8;19.9;19.4
2024-04-05 22:40:13;29.9;35.7;40.6;31.3;38.2;45.3;22.4 °C;23;22.1;20.8;19.9;19.4
2024-04-05 22:50:14;29.9;35.7;40.5;31.3;38.2;45.3;22.3 °C;22.9;22.1;20.8;19.9;19.4
2024-04-05 23:00:14;29.8;35.7;40.6;31.3;38.2;45.3;22.1 °C;22.9;22.2;20.9;20;19.4
2024-04-05 23:10:16;29.9;35.7;40.6;31.3;38.2;45.3;22 °C;22.8;22.1;20.9;20;19.4
2024-04-05 23:20:22;29.8;35.6;40.6;31.3;38.2;45.3;21.9 °C;22.8;22.1;20.9;20;19.4
2024-04-05 23:30:19;29.8;35.6;40.6;31.3;38.2;45.3;21.8 °C;22.7;22.1;20.9;20;19.4
2024-04-05 23:40:17;29.8;35.6;40.6;31.3;38.2;45.3;21.6 °C;22.6;22.1;20.9;20.1;19.4
2024-04-05 23:50:13;29.8;35.6;40.5;31.3;38.2;45.3;21.5 °C;22.5;22.1;20.9;20.1;19.4
2024-04-06 00:00:17;29.8;35.6;40.6;31.3;38.2;45.3;21.4 °C;22.4;22.1;20.9;20.1;19.4
2024-04-06 00:10:18;29.8;35.6;40.6;31.3;38.2;45.3;21.3 °C;22.4;22.1;21;20.1;19.5
2024-04-06 00:20:21;29.8;35.5;40.6;31.4;38.2;45.3;21.1 °C;22.3;22.1;21;20.1;19.5
2024-04-06 00:30:17;29.7;35.6;40.6;31.4;38.2;45.3;21.1 °C;22.3;22.1;21;20.1;19.5
2024-04-06 00:40:19;29.7;35.5;40.6;31.4;38.2;45.3;20.9 °C;22.2;22;21;20.1;19.5
2024-04-06 00:50:16;29.7;35.5;40.6;31.4;38.2;45.3;20.8 °C;22.1;22;21;20.2;19.5
2024-04-06 01:00:16;29.7;35.5;40.6;31.4;38.2;45.3;20.7 °C;22.1;22;21;20.2;19.6
2024-04-06 01:10:20;29.7;35.5;40.5;31.4;38.2;45.3;20.6 °C;22;21.9;21;20.2;19.6
2024-04-06 01:20:19;29.7;35.5;40.5;31.4;38.2;45.3;20.5 °C;21.9;21.9;21.1;20.2;19.6
2024-04-06 01:30:17;29.7;35.4;40.5;31.4;38.2;45.3;20.4 °C;21.9;21.9;21.1;20.2;19.6
2024-04-06 01:40:13;29.7;35.4;40.5;31.4;38.3;45.3;20.3 °C;21.8;21.9;21.1;20.3;19.6
2024-04-06 01:50:17;29.7;35.4;40.5;31.4;38.3;45.3;20.1 °C;21.8;21.9;21.1;20.3;19.6
2024-04-06 02:00:17;29.7;35.4;40.5;31.4;38.3;45.3;20.1 °C;21.6;21.8;21.1;20.3;19.6
2024-04-06 02:10:18;29.7;35.4;40.5;31.4;38.3;45.3;19.9 °C;21.6;21.8;21.1;20.3;19.6
2024-04-06 02:20:16;29.7;35.4;40.5;31.4;38.3;45.3;19.9 °C;21.5;21.8;21.1;20.3;19.6
2024-04-06 02:30:15;29.7;35.4;40.5;31.4;38.3;45.3;19.8 °C;21.4;21.8;21.1;20.3;19.6
2024-04-06 02:40:13;29.7;35.4;40.5;31.4;38.3;45.3;19.6 °C;21.4;21.8;21.1;20.3;19.6
2024-04-06 02:50:18;29.7;35.3;40.5;31.4;38.3;45.3;19.6 °C;21.3;21.7;21.1;20.3;19.6
2024-04-06 03:00:16;29.6;35.3;40.5;31.4;38.3;45.3;19.4 °C;21.3;21.7;21.1;20.3;19.7
2024-04-06 03:10:19;29.6;35.3;40.5;31.4;38.3;45.3;19.4 °C;21.2;21.6;21;20.3;19.7
2024-04-06 03:20:17;29.7;35.3;40.5;31.4;38.3;45.3;19.3 °C;21.1;21.6;21;20.3;19.7
2024-04-06 03:30:17;29.7;35.3;40.5;31.4;38.3;45.3;19.2 °C;21.1;21.6;21;20.3;19.7
2024-04-06 03:40:13;29.7;35.3;40.4;31.4;38.3;45.3;19.1 °C;21;21.6;21;20.3;19.7
2024-04-06 03:50:17;29.7;35.3;40.4;31.4;38.3;45.3;19.1 °C;20.9;21.5;21;20.3;19.7
2024-04-06 04:00:18;29.7;35.3;40.5;31.4;38.3;45.3;19 °C;20.9;21.4;21;20.3;19.7
2024-04-06 04:10:20;29.7;35.3;40.4;31.4;38.3;45.3;18.9 °C;20.8;21.4;21;20.4;19.7
2024-04-06 04:20:19;29.7;35.3;40.4;31.4;38.3;45.3;18.8 °C;20.8;21.4;21;20.4;19.7
2024-04-06 04:30:13;29.7;35.2;40.4;31.4;38.3;45.3;18.8 °C;20.7;21.4;20.9;20.4;19.8
2024-04-06 04:40:17;29.7;35.2;40.4;31.4;38.3;45.3;18.6 °C;20.6;21.3;20.9;20.4;19.8
2024-04-06 04:50:18;29.6;35.2;40.4;31.4;38.3;45.3;18.6 °C;20.6;21.3;20.9;20.4;19.8
2024-04-06 05:00:20;29.7;35.2;40.4;31.4;38.3;45.3;18.5 °C;20.5;21.3;20.9;20.4;19.8
2024-04-06 05:10:19;29.6;35.2;40.4;31.4;38.3;45.3;18.4 °C;20.4;21.3;20.9;20.4;19.8
2024-04-06 05:20:15;29.7;35.2;40.4;31.4;38.3;45.3;18.3 °C;20.4;21.2;20.9;20.4;19.8
2024-04-06 05:30:13;29.6;35.1;40.4;31.4;38.3;45.3;18.3 °C;20.3;21.1;20.9;20.4;19.8
2024-04-06 05:40:17;29.6;35.2;40.3;31.4;38.3;45.3;18.2 °C;20.3;21.1;20.9;20.4;19.8
2024-04-06 05:50:17;29.7;35.2;40.3;31.4;38.3;45.3;18.1 °C;20.2;21.1;20.9;20.4;19.8
2024-04-06 06:00:14;29.7;35.1;40.3;31.4;38.3;45.3;18 °C;20.1;21.1;20.9;20.4;19.8
2024-04-06 06:10:16;29.7;35.1;40.3;31.4;38.3;45.3;17.9 °C;20.1;21;20.8;20.4;19.8
2024-04-06 06:30:13;29.7;35.1;40.3;31.3;38.3;45.3;17.8 °C;19.9;20.9;20.8;20.4;19.8
2024-04-06 06:40:13;29.7;35.1;40.3;31.3;38.3;45.3;17.8 °C;19.9;20.9;20.8;20.4;19.8
2024-04-06 06:50:14;29.7;35.1;40.3;31.3;38.3;45.3;17.7 °C;19.8;20.9;20.8;20.4;19.8
2024-04-06 07:00:15;29.7;35.1;40.3;31.3;38.3;45.3;17.6 °C;19.8;20.8;20.8;20.4;19.8
2024-04-06 07:10:18;29.7;35.1;40.3;31.3;38.3;45.3;17.6 °C;19.8;20.8;20.8;20.3;19.8
2024-04-06 07:20:15;29.7;35.1;40.3;31.4;38.3;45.3;17.6 °C;19.7;20.8;20.7;20.3;19.8
2024-04-06 07:30:18;29.7;35.1;40.3;31.4;38.3;45.3;17.6 °C;19.6;20.7;20.7;20.3;19.8
2024-04-06 07:40:15;29.7;35.0;40.3;31.4;38.3;45.3;17.6 °C;19.6;20.7;20.7;20.3;19.8
2024-04-06 07:50:15;29.7;35.1;40.2;31.4;38.3;45.3;17.6 °C;19.5;20.6;20.6;20.3;19.8
2024-04-06 08:00:17;29.7;35.1;40.2;31.3;38.3;45.3;17.6 °C;19.4;20.6;20.6;20.3;19.8
2024-04-06 08:10:17;29.6;35.0;40.2;31.4;38.3;45.3;17.6 °C;19.4;20.6;20.6;20.3;19.8
2024-04-06 08:20:14;29.7;35.1;40.2;31.3;38.3;45.3;17.8 °C;19.4;20.5;20.6;20.3;19.8
2024-04-06 08:30:16;29.6;35.1;40.2;31.3;38.3;45.3;17.8 °C;19.3;20.5;20.6;20.3;19.8
2024-04-06 08:40:16;29.6;35.1;40.2;31.3;38.3;45.3;17.9 °C;19.3;20.4;20.6;20.3;19.8
2024-04-06 08:50:16;29.7;35.1;40.2;31.3;38.3;45.3;18.1 °C;19.3;20.4;20.5;20.3;19.8
2024-04-06 09:00:19;29.7;35.1;40.2;31.3;38.3;45.3;18.3 °C;19.2;20.4;20.5;20.3;19.8
2024-04-06 09:10:17;29.6;35.1;40.2;31.3;38.3;45.3;18.4 °C;19.2;20.3;20.5;20.3;19.8
2024-04-06 09:20:15;29.7;35.1;40.2;31.3;38.3;45.3;18.7 °C;19.2;20.3;20.5;20.3;19.8
2024-04-06 09:30:17;29.7;35.1;40.2;31.3;38.3;45.3;18.9 °C;19.2;20.3;20.4;20.3;19.8
2024-04-06 09:40:18;29.7;35.1;40.2;31.3;38.3;45.3;19.2 °C;19.2;20.3;20.4;20.3;19.8
2024-04-06 09:50:20;29.8;35.1;40.2;31.3;38.3;45.3;19.4 °C;19.2;20.2;20.4;20.3;19.8
2024-04-06 10:00:19;29.7;35.1;40.1;31.3;38.3;45.3;19.7 °C;19.2;20.2;20.4;20.3;19.8
2024-04-06 10:10:14;29.8;35.1;40.1;31.3;38.3;45.3;19.9 °C;19.2;20.1;20.4;20.2;19.8
2024-04-06 10:20:13;29.8;35.1;40.1;31.3;38.3;45.3;20.3 °C;19.2;20.1;20.4;20.2;19.8
2024-04-06 10:30:17;29.8;35.1;40.1;31.3;38.3;45.3;20.6 °C;19.3;20.1;20.3;20.2;19.8
2024-04-06 10:40:18;29.8;35.1;40.1;31.3;38.2;45.3;20.8 °C;19.3;20.1;20.3;20.2;19.8
2024-04-06 10:50:15;29.9;35.1;40.1;31.3;38.2;45.3;21.1 °C;19.3;20.1;20.3;20.2;19.8
2024-04-06 11:00:18;29.8;35.1;40.1;31.3;38.2;45.3;21.4 °C;19.4;20.1;20.3;20.2;19.8
2024-04-06 11:10:19;29.9;35.1;40.1;31.3;38.2;45.3;21.8 °C;19.4;20;20.3;20.1;19.8
2024-04-06 11:20:14;29.9;35.1;40.1;31.3;38.2;45.3;22.1 °C;19.6;20;20.2;20.1;19.8
2024-04-06 11:50:19;30.0;35.1;40.1;31.3;38.2;45.3;22.9 °C;19.8;20;20.2;20.1;19.8
2024-04-06 12:00:18;30.0;35.2;40.1;31.3;38.2;45.3;23.1 °C;19.9;20;20.1;20.1;19.8
2024-04-06 12:10:19;30.0;35.2;40.1;31.3;38.2;45.3;23.2 °C;20;20;20.1;20.1;19.8
2024-04-06 12:20:16;30.0;35.1;40.1;31.3;38.2;45.3;23.3 °C;20.1;20.1;20.1;20.1;19.8
2024-04-06 12:30:20;30.0;35.2;40.1;31.2;38.2;45.3;23.5 °C;20.2;20.1;20.1;20.1;19.8
2024-04-06 12:40:15;30.1;35.2;40.1;31.3;38.2;45.3;23.6 °C;20.3;20.1;20.1;20.1;19.8
2024-04-06 12:50:14;30.1;35.2;40.1;31.3;38.2;45.3;23.8 °C;20.4;20.1;20.1;20.1;19.8
2024-04-06 13:00:17;30.1;35.2;40.1;31.3;38.2;45.2;24 °C;20.5;20.1;20.1;20.1;19.8
2024-04-06 13:10:17;30.2;35.2;40.1;31.3;38.2;45.2;24.2 °C;20.6;20.1;20.1;20;19.8
2024-04-06 13:20:14;30.2;35.3;40.1;31.3;38.2;45.3;24.4 °C;20.7;20.2;20.1;20;19.8
2024-04-06 13:30:17;30.2;35.3;40.1;31.3;38.2;45.2;24.7 °C;20.8;20.2;20.1;20;19.8
2024-04-06 13:40:17;30.2;35.3;40.2;31.3;38.2;45.2;25 °C;20.9;20.2;20.1;20;19.8
2024-04-06 13:50:18;30.3;35.3;40.2;31.3;38.2;45.2;25.3 °C;21;20.3;20.1;20;19.8
2024-04-06 14:00:17;30.3;35.3;40.1;31.3;38.2;45.2;25.6 °C;21.1;20.3;20.1;20;19.8
2024-04-06 14:10:18;30.3;35.3;40.2;31.3;38.2;45.2;25.9 °C;21.3;20.3;20.1;20;19.8
2024-04-06 14:20:22;30.4;35.4;40.2;31.3;38.2;45.2;26.2 °C;21.4;20.4;20.1;20;19.7
2024-04-06 14:30:15;30.4;35.4;40.2;31.3;38.2;45.3;26.5 °C;21.5;20.4;20.1;19.9;19.7
2024-04-06 14:40:14;30.4;35.4;40.2;31.3;38.2;45.3;26.8 °C;21.6;20.4;20.1;19.9;19.7
2024-04-06 14:50:20;30.4;35.4;40.2;31.3;38.2;45.3;27 °C;21.8;20.5;20.1;19.9;19.7
2024-04-06 15:00:15;30.4;35.5;40.2;31.3;38.2;45.2;27.2 °C;21.9;20.6;20.1;19.9;19.7
2024-04-06 15:10:19;30.4;35.5;40.2;31.3;38.2;45.2;27.4 °C;22.1;20.6;20.1;19.9;19.7
2024-04-06 15:20:18;30.4;35.5;40.2;31.3;38.2;45.2;27.5 °C;22.2;20.6;20.1;19.9;19.7
2024-04-06 15:40:13;30.4;35.5;40.2;31.3;38.2;45.2;27.7 °C;22.5;20.8;20.1;19.9;19.7
2024-04-06 15:50:18;30.4;35.6;40.3;31.3;38.2;45.2;27.8 °C;22.6;20.8;20.1;19.9;19.7
2024-04-06 16:00:12;30.4;35.6;40.3;31.3;38.2;45.2;27.9 °C;22.8;20.9;20.2;19.9;19.7
2024-04-06 16:10:13;30.4;35.6;40.3;31.3;38.2;45.2;27.9 °C;22.9;20.9;20.2;19.9;19.7
2024-04-06 16:20:13;30.4;35.6;40.3;31.3;38.2;45.2;28.1 °C;23;21;20.2;19.9;19.7
2024-04-06 16:30:19;30.4;35.6;40.3;31.3;38.2;45.2;28.2 °C;23.1;21.1;20.2;19.9;19.7
2024-04-06 16:40:18;30.4;35.7;40.3;31.3;38.2;45.2;28.3 °C;23.3;21.2;20.3;19.9;19.7
2024-04-06 16:50:15;30.4;35.7;40.3;31.3;38.2;45.2;28.4 °C;23.4;21.3;20.3;19.9;19.7
2024-04-06 17:00:19;30.4;35.7;40.3;31.3;38.2;45.2;28.4 °C;23.4;21.3;20.3;19.9;19.7
2024-04-06 17:10:14;30.3;35.7;40.4;31.3;38.2;45.2;28.4 °C;23.6;21.4;20.3;19.9;19.7
2024-04-06 17:30:13;30.3;35.8;40.4;31.3;38.2;45.2;28.4 °C;23.8;21.5;20.4;19.9;19.7
2024-04-06 17:40:18;30.3;35.8;40.4;31.3;38.2;45.2;28.3 °C;23.9;21.6;20.4;20;19.7
2024-04-06 17:50:15;30.3;35.8;40.4;31.3;38.2;45.2;28.2 °C;23.9;21.6;20.4;20;19.7
2024-04-06 18:00:19;30.2;35.8;40.4;31.3;38.2;45.2;28.1 °C;24.1;21.8;20.4;20;19.7
2024-04-06 18:10:20;30.2;35.9;40.5;31.4;38.2;45.2;27.9 °C;24.1;21.8;20.5;20;19.7
2024-04-06 18:20:12;30.2;35.9;40.5;31.4;38.2;45.2;27.8 °C;24.2;21.9;20.5;20;19.7
2024-04-06 18:30:13;30.2;35.9;40.5;31.4;38.2;45.2;27.6 °C;24.3;21.9;20.6;20;19.7
2024-04-06 18:40:18;30.1;35.9;40.5;31.4;38.2;45.2;27.4 °C;24.3;22;20.6;20;19.7
2024-04-06 18:50:13;30.1;35.9;40.6;31.4;38.2;45.2;27.2 °C;24.4;22.1;20.6;20.1;19.7
2024-04-06 19:00:14;30.1;35.9;40.5;31.4;38.2;45.2;27 °C;24.4;22.1;20.7;20.1;19.7
2024-04-06 19:10:17;30.0;35.9;40.6;31.4;38.2;45.2;26.8 °C;24.4;22.2;20.7;20.1;19.7
2024-04-06 19:20:18;30.0;35.9;40.6;31.4;38.2;45.2;26.6 °C;24.4;22.3;20.8;20.1;19.7
2024-04-06 19:30:16;30.0;35.9;40.6;31.4;38.2;45.2;26.4 °C;24.4;22.3;20.8;20.1;19.7
2024-04-06 19:40:13;29.8;35.9;40.6;31.4;38.2;45.2;26.3 °C;24.4;22.4;20.8;20.1;19.7
2024-04-06 19:50:19;29.8;35.9;40.6;31.4;38.2;45.2;26.1 °C;24.4;22.4;20.9;20.1;19.7
2024-04-06 20:00:14;29.8;35.9;40.6;31.4;38.2;45.2;25.9 °C;24.4;22.4;20.9;20.1;19.7
2024-04-06 20:10:12;29.8;35.9;40.6;31.4;38.2;45.2;25.7 °C;24.4;22.5;20.9;20.2;19.7
2024-04-06 20:20:15;29.8;35.9;40.6;31.4;38.2;45.2;25.5 °C;24.4;22.5;20.9;20.2;19.8
2024-04-06 20:30:20;29.8;35.9;40.7;31.4;38.2;45.2;25.3 °C;24.4;22.6;21;20.2;19.8
2024-04-06 20:40:16;29.8;35.9;40.7;31.5;38.2;45.2;25.1 °C;24.3;22.6;21.1;20.2;19.8
2024-04-06 20:50:20;29.7;35.8;40.7;31.5;38.3;45.2;24.9 °C;24.3;22.6;21.1;20.3;19.8
2024-04-06 21:00:20;29.7;35.8;40.7;31.5;38.3;45.2;24.8 °C;24.3;22.6;21.1;20.3;19.8
2024-04-06 21:10:16;29.7;35.8;40.7;31.4;38.3;45.2;24.6 °C;24.2;22.7;21.1;20.3;19.8
2024-04-06 21:20:19;29.6;35.8;40.7;31.5;38.3;45.2;24.4 °C;24.1;22.7;21.2;20.3;19.8
2024-04-06 21:30:15;29.6;35.8;40.7;31.5;38.3;45.2;24.3 °C;24.1;22.8;21.2;20.3;19.8
2024-04-06 21:40:15;29.6;35.8;40.7;31.5;38.3;45.2;24.1 °C;24.1;22.8;21.3;20.3;19.8
2024-04-06 21:50:18;29.6;35.8;40.7;31.5;38.3;45.2;23.9 °C;24;22.8;21.3;20.4;19.8
2024-04-06 22:00:13;29.6;35.8;40.7;31.5;38.3;45.2;23.8 °C;23.9;22.8;21.3;20.4;19.8
2024-04-06 22:10:14;29.5;35.8;40.7;31.5;38.3;45.2;23.7 °C;23.9;22.8;21.3;20.4;19.8
2024-04-06 22:20:16;29.5;35.8;40.7;31.5;38.3;45.2;23.5 °C;23.8;22.8;21.3;20.4;19.8
2024-04-06 22:30:17;29.5;35.8;40.7;31.5;38.3;45.2;23.4 °C;23.8;22.8;21.4;20.4;19.8
2024-04-06 22:40:15;29.4;35.8;40.7;31.5;38.3;45.2;23.3 °C;23.7;22.8;21.4;20.4;19.8
2024-04-06 22:50:18;29.4;35.8;40.7;31.5;38.3;45.2;23.1 °C;23.6;22.8;21.4;20.4;19.9
2024-04-06 23:10:17;29.4;35.7;40.7;31.5;38.3;45.2;22.9 °C;23.5;22.8;21.4;20.5;19.9
2024-04-06 23:30:13;29.4;35.7;40.7;31.5;38.3;45.2;22.6 °C;23.4;22.8;21.5;20.6;19.9
2024-04-06 23:40:15;29.4;35.7;40.7;31.5;38.3;45.2;22.5 °C;23.3;22.8;21.5;20.6;19.9
2024-04-06 23:50:15;29.4;35.6;40.7;31.5;38.3;45.2;22.4 °C;23.3;22.8;21.5;20.6;19.9
2024-04-07 00:00:19;29.4;35.7;40.7;31.5;38.3;45.2;22.3 °C;23.2;22.8;21.6;20.6;19.9
2024-04-07 00:10:19;29.4;35.6;40.7;31.6;38.3;45.2;22.1 °C;23.1;22.7;21.6;20.6;19.9
2024-04-07 00:20:19;29.4;35.6;40.7;31.6;38.4;45.2;22 °C;23.1;22.7;21.6;20.6;19.9
2024-04-07 00:30:18;29.3;35.6;40.7;31.5;38.4;45.2;21.9 °C;22.9;22.7;21.6;20.6;19.9
2024-04-07 00:40:13;29.4;35.6;40.7;31.5;38.4;45.2;21.8 °C;22.9;22.6;21.6;20.6;20
2024-04-07 00:50:18;29.3;35.6;40.7;31.6;38.4;45.2;21.6 °C;22.8;22.6;21.6;20.7;20
2024-04-07 01:00:12;29.3;35.6;40.7;31.6;38.4;45.2;21.6 °C;22.8;22.6;21.6;20.7;20
2024-04-07 01:10:16;29.3;35.6;40.7;31.6;38.4;45.2;21.4 °C;22.7;22.6;21.6;20.7;20
2024-04-07 01:20:13;29.3;35.6;40.7;31.6;38.4;45.2;21.3 °C;22.6;22.6;21.6;20.7;20
2024-04-07 01:30:18;29.3;35.5;40.7;31.6;38.3;45.2;21.3 °C;22.6;22.6;21.6;20.8;20
2024-04-07 01:40:17;29.3;35.5;40.7;31.6;38.4;45.2;21.1 °C;22.5;22.5;21.6;20.8;20.1
2024-04-07 01:50:18;29.3;35.5;40.7;31.6;38.4;45.2;21 °C;22.4;22.5;21.6;20.8;20.1
2024-04-07 02:00:17;29.3;35.5;40.7;31.6;38.4;45.2;20.9 °C;22.4;22.4;21.6;20.8;20.1
2024-04-07 02:10:19;29.3;35.5;40.7;31.6;38.4;45.2;20.8 °C;22.3;22.4;21.6;20.8;20.1
2024-04-07 02:20:14;29.2;35.5;40.7;31.6;38.4;45.2;20.8 °C;22.3;22.4;21.6;20.8;20.1
2024-04-07 02:30:13;29.2;35.5;40.6;31.6;38.4;45.2;20.6 °C;22.2;22.4;21.6;20.8;20.1
2024-04-07 02:40:18;29.2;35.4;40.6;31.6;38.4;45.2;20.6 °C;22.1;22.4;21.6;20.8;20.1
2024-04-07 02:50:14;29.2;35.4;40.6;31.6;38.4;45.2;20.4 °C;22.1;22.3;21.6;20.8;20.1
2024-04-07 03:00:16;29.2;35.4;40.6;31.6;38.4;45.2;20.4 °C;22;22.3;21.6;20.8;20.1
2024-04-07 03:20:17;29.2;35.4;40.6;31.6;38.4;45.2;20.2 °C;21.9;22.3;21.6;20.8;20.1
2024-04-07 03:30:14;29.2;35.4;40.6;31.6;38.4;45.2;20.1 °C;21.8;22.2;21.6;20.8;20.1
2024-04-07 03:40:13;29.2;35.3;40.6;31.6;38.4;45.2;20 °C;21.8;22.2;21.6;20.8;20.1
2024-04-07 04:00:12;29.2;35.3;40.5;31.6;38.4;45.3;19.8 °C;21.6;22.1;21.6;20.9;20.2
2024-04-07 04:10:13;29.2;35.3;40.6;31.6;38.4;45.3;19.8 °C;21.5;22.1;21.6;20.9;20.2
2024-04-07 04:20:14;29.2;35.3;40.6;31.6;38.4;45.3;19.6 °C;21.4;22.1;21.6;20.9;20.2
2024-04-07 04:30:17;29.2;35.3;40.5;31.5;38.4;45.3;19.6 °C;21.4;22;21.5;20.9;20.2
2024-04-07 04:40:14;29.2;35.3;40.5;31.6;38.4;45.3;19.5 °C;21.3;21.9;21.5;20.9;20.2
2024-04-07 04:50:20;29.2;35.3;40.5;31.5;38.4;45.3;19.4 °C;21.3;21.9;21.5;20.9;20.2
2024-04-07 05:00:15;29.2;35.3;40.5;31.5;38.4;45.3;19.3 °C;21.2;21.9;21.5;20.9;20.2
2024-04-07 05:10:16;29.2;35.3;40.5;31.5;38.4;45.3;19.3 °C;21.1;21.9;21.5;20.9;20.2
2024-04-07 05:20:12;29.2;35.2;40.5;31.5;38.4;45.3;19.2 °C;21.1;21.8;21.5;20.9;20.2
2024-04-07 05:30:17;29.2;35.3;40.5;31.5;38.4;45.3;19.1 °C;21.1;21.8;21.4;20.9;20.2
2024-04-07 05:40:18;29.2;35.2;40.5;31.6;38.4;45.3;19 °C;21;21.8;21.4;20.9;20.3
2024-04-07 05:50:13;29.2;35.2;40.5;31.6;38.4;45.3;18.9 °C;20.9;21.7;21.4;20.9;20.3
2024-04-07 06:00:15;29.2;35.2;40.4;31.5;38.4;45.3;18.9 °C;20.9;21.7;21.4;20.9;20.3
2024-04-07 06:10:15;29.2;35.2;40.5;31.5;38.4;45.3;18.8 °C;20.8;21.6;21.4;20.9;20.3
2024-04-07 06:20:16;29.1;35.2;40.5;31.5;38.4;45.3;18.8 °C;20.8;21.6;21.4;20.9;20.3
2024-04-07 06:30:17;29.2;35.2;40.4;31.5;38.4;45.3;18.7 °C;20.7;21.6;21.4;20.9;20.3
2024-04-07 06:40:15;29.2;35.2;40.4;31.5;38.4;45.3;18.6 °C;20.6;21.6;21.4;20.9;20.3
2024-04-07 06:50:18;29.2;35.2;40.4;31.5;38.4;45.3;18.5 °C;20.6;21.5;21.3;20.9;20.3
2024-04-07 07:00:17;29.2;35.2;40.4;31.5;38.4;45.3;18.4 °C;20.5;21.4;21.3;20.9;20.3
2024-04-07 07:10:14;29.2;35.2;40.4;31.5;38.4;45.3;18.4 °C;20.4;21.4;21.3;20.9;20.3
2024-04-07 07:20:11;29.2;35.1;40.4;31.5;38.4;45.3;18.4 °C;20.4;21.4;21.3;20.8;20.3
2024-04-07 07:30:15;29.2;35.1;40.4;31.5;38.4;45.3;18.3 °C;20.3;21.4;21.3;20.8;20.3
2024-04-07 07:40:15;29.2;35.1;40.4;31.5;38.4;45.3;18.3 °C;20.3;21.3;21.3;20.8;20.3
2024-04-07 07:50:12;29.2;35.1;40.4;31.5;38.4;45.3;18.3 °C;20.3;21.3;21.3;20.8;20.3
2024-04-07 08:00:12;29.2;35.1;40.4;31.5;38.4;45.3;18.3 °C;20.2;21.3;21.2;20.8;20.3
2024-04-07 08:10:17;29.1;35.1;40.4;31.5;38.4;45.3;18.4 °C;20.1;21.2;21.2;20.8;20.3
2024-04-07 08:20:18;29.2;35.1;40.3;31.5;38.4;45.3;18.4 °C;20.1;21.2;21.2;20.8;20.3
2024-04-07 08:30:17;29.2;35.1;40.3;31.5;38.4;45.3;18.6 °C;20;21.1;21.1;20.8;20.3
2024-04-07 08:40:14;29.2;35.1;40.4;31.5;38.4;45.3;18.7 °C;20;21.1;21.1;20.8;20.3
2024-04-07 08:50:13;29.1;35.1;40.3;31.5;38.4;45.3;18.8 °C;19.9;21.1;21.1;20.8;20.3
2024-04-07 09:00:12;29.1;35.1;40.3;31.5;38.4;45.3;19 °C;19.9;21;21.1;20.8;20.3
2024-04-07 09:10:16;29.1;35.1;40.3;31.5;38.4;45.3;19.2 °C;19.9;21;21.1;20.8;20.3
2024-04-07 09:20:13;29.1;35.1;40.3;31.5;38.4;45.3;19.4 °C;19.9;20.9;21.1;20.8;20.3
2024-04-07 09:30:14;29.2;35.1;40.3;31.5;38.4;45.3;19.7 °C;19.9;20.9;21;20.8;20.3
2024-04-07 09:40:18;29.1;35.1;40.3;31.5;38.4;45.3;19.9 °C;19.9;20.9;21;20.8;20.3
2024-04-07 09:50:12;29.2;35.1;40.3;31.5;38.4;45.3;20.2 °C;19.9;20.8;21;20.8;20.3
2024-04-07 10:00:13;29.2;35.1;40.3;31.5;38.4;45.3;20.4 °C;19.9;20.8;20.9;20.8;20.3
2024-04-07 10:10:15;29.3;35.1;40.3;31.5;38.4;45.3;20.7 °C;19.9;20.8;20.9;20.8;20.3
2024-04-07 10:20:15;29.3;35.1;40.3;31.5;38.4;45.3;21 °C;19.9;20.8;20.9;20.7;20.3
2024-04-07 10:30:18;29.3;35.1;40.2;31.5;38.4;45.3;21.3 °C;19.9;20.8;20.9;20.7;20.3
2024-04-07 10:40:17;29.3;35.1;40.3;31.5;38.4;45.3;21.6 °C;20;20.7;20.9;20.7;20.3
2024-04-07 10:50:15;29.3;35.1;40.3;31.5;38.4;45.3;21.9 °C;20;20.7;20.9;20.7;20.3
2024-04-07 11:00:12;29.4;35.2;40.2;31.5;38.4;45.3;22.3 °C;20.1;20.7;20.8;20.7;20.3
2024-04-07 11:10:17;29.5;35.1;40.3;31.5;38.4;45.3;22.6 °C;20.1;20.7;20.8;20.7;20.3
2024-04-07 11:20:19;29.5;35.2;40.2;31.5;38.4;45.3;22.9 °C;20.2;20.6;20.8;20.6;20.3
2024-04-07 11:30:15;29.5;35.2;40.2;31.4;38.4;45.3;23.2 °C;20.3;20.6;20.8;20.6;20.3
2024-04-07 11:40:19;29.5;35.2;40.3;31.4;38.4;45.3;23.4 °C;20.4;20.6;20.8;20.6;20.3
2024-04-07 11:50:14;29.5;35.2;40.3;31.4;38.4;45.3;23.6 °C;20.5;20.6;20.8;20.6;20.3
2024-04-07 12:00:14;29.5;35.2;40.2;31.4;38.4;45.3;23.8 °C;20.6;20.6;20.8;20.6;20.3
2024-04-07 12:10:16;29.5;35.3;40.2;31.5;38.3;45.3;23.9 °C;20.7;20.6;20.7;20.6;20.3
2024-04-07 12:20:18;29.6;35.2;40.2;31.5;38.3;45.3;24.1 °C;20.8;20.6;20.7;20.6;20.3
2024-04-07 12:30:17;29.6;35.3;40.3;31.4;38.4;45.3;24.3 °C;20.9;20.7;20.7;20.6;20.3
2024-04-07 12:40:15;29.6;35.3;40.2;31.4;38.3;45.3;24.4 °C;21;20.7;20.7;20.6;20.2
2024-04-07 12:50:15;29.6;35.3;40.3;31.4;38.3;45.2;24.6 °C;21.1;20.7;20.7;20.6;20.2
2024-04-07 13:00:15;29.6;35.3;40.2;31.4;38.3;45.3;24.8 °C;21.2;20.8;20.6;20.6;20.2
2024-04-07 13:10:15;29.7;35.3;40.3;31.4;38.3;45.3;25.1 °C;21.3;20.8;20.6;20.6;20.2
2024-04-07 13:20:16;29.7;35.4;40.3;31.4;38.4;45.2;25.3 °C;21.4;20.8;20.6;20.5;20.2
2024-04-07 13:30:16;29.8;35.4;40.3;31.4;38.4;45.2;25.7 °C;21.5;20.8;20.6;20.5;20.2
2024-04-07 13:40:18;29.8;35.4;40.3;31.4;38.3;45.2;26 °C;21.6;20.9;20.6;20.5;20.2
2024-04-07 13:50:13;29.8;35.4;40.3;31.4;38.3;45.2;26.4 °C;21.8;20.9;20.6;20.5;20.2
2024-04-07 14:00:19;29.8;35.4;40.3;31.4;38.4;45.2;26.7 °C;21.9;20.9;20.6;20.5;20.2
2024-04-07 14:10:14;29.8;35.5;40.3;31.4;38.3;45.2;27.1 °C;22;20.9;20.6;20.5;20.2
2024-04-07 14:20:14;29.8;35.5;40.3;31.4;38.3;45.2;27.4 °C;22.2;21;20.6;20.5;20.2
2024-04-07 14:30:17;29.9;35.5;40.3;31.5;38.3;45.2;27.7 °C;22.3;21.1;20.6;20.5;20.2
2024-04-07 14:40:11;29.9;35.5;40.3;31.4;38.3;45.2;28 °C;22.4;21.1;20.6;20.5;20.2
2024-04-07 14:50:11;29.9;35.5;40.3;31.5;38.3;45.2;28.3 °C;22.6;21.1;20.6;20.5;20.2
2024-04-07 15:00:11;29.9;35.6;40.3;31.4;38.3;45.2;28.5 °C;22.8;21.2;20.6;20.4;20.2
2024-04-07 15:10:15;29.9;35.6;40.4;31.5;38.3;45.2;28.8 °C;22.9;21.3;20.7;20.4;20.1
2024-04-07 15:20:11;29.9;35.6;40.3;31.5;38.3;45.2;29 °C;23.1;21.3;20.7;20.4;20.1
2024-04-07 15:30:12;29.9;35.6;40.4;31.5;38.3;45.2;29.2 °C;23.3;21.4;20.7;20.4;20.1
2024-04-07 15:40:13;29.9;35.7;40.4;31.5;38.3;45.2;29.3 °C;23.4;21.4;20.7;20.4;20.1
2024-04-07 16:00:18;29.9;35.8;40.4;31.4;38.3;45.2;29.6 °C;23.7;21.6;20.8;20.4;20.1
2024-04-07 16:10:17;29.9;35.8;40.4;31.4;38.3;45.2;29.7 °C;23.9;21.7;20.8;20.4;20.1
2024-04-07 16:20:15;29.9;35.8;40.4;31.4;38.3;45.2;29.8 °C;24;21.8;20.8;20.4;20.1
2024-04-07 16:30:14;29.9;35.9;40.5;31.5;38.3;45.2;29.8 °C;24.1;21.8;20.8;20.4;20.1
2024-04-07 16:40:14;29.9;35.9;40.5;31.5;38.3;45.2;29.9 °C;24.3;21.9;20.8;20.4;20.1
2024-04-07 16:50:13;29.9;35.9;40.5;31.5;38.3;45.2;29.9 °C;24.4;22;20.9;20.4;20.1
2024-04-07 17:10:12;29.8;36.0;40.5;31.5;38.3;45.2;29.9 °C;24.7;22.1;20.9;20.5;20.1
2024-04-07 17:20:14;29.8;36;40.6;31.5;38.3;45.2;29.9 °C;24.8;22.3;20.9;20.5;20.1
2024-04-07 17:30:17;29.7;36.0;40.6;31.5;38.3;45.2;29.8 °C;24.9;22.3;21;20.5;20.1
2024-04-07 17:40:12;29.7;36.0;40.6;31.5;38.3;45.2;29.8 °C;25;22.4;21;20.5;20.1
2024-04-07 17:50:12;29.8;36.1;40.6;31.5;38.3;45.2;29.6 °C;25.1;22.4;21.1;20.5;20.1
2024-04-07 18:00:17;29.7;36.1;40.6;31.5;38.3;45.2;29.6 °C;25.2;22.6;21.1;20.5;20.1
2024-04-07 18:10:14;29.7;36.1;40.6;31.5;38.3;45.2;29.4 °C;25.3;22.6;21.1;20.5;20.1
2024-04-07 18:20:17;29.6;36.1;40.6;31.5;38.3;45.2;29.3 °C;25.3;22.7;21.2;20.6;20.1
2024-04-07 18:30:15;29.7;36.1;40.7;31.5;38.3;45.2;29.1 °C;25.4;22.8;21.2;20.6;20.1
2024-04-07 18:40:12;29.6;36.2;40.7;31.6;38.3;45.2;28.9 °C;25.4;22.8;21.3;20.6;20.1
2024-04-07 18:50:14;29.6;36.2;40.7;31.5;38.3;45.2;28.8 °C;25.5;22.9;21.3;20.6;20.1
2024-04-07 19:00:13;29.5;36.2;40.7;31.5;38.3;45.2;28.6 °C;25.6;23;21.3;20.6;20.1
2024-04-07 19:10:19;29.6;36.2;40.7;31.6;38.3;45.2;28.3 °C;25.6;23.1;21.4;20.6;20.1
2024-04-07 19:20:18;29.5;36.2;40.8;31.6;38.3;45.2;28.1 °C;25.6;23.1;21.4;20.6;20.1
2024-04-07 19:30:18;29.5;36.2;40.8;31.6;38.4;45.2;27.9 °C;25.6;23.2;21.4;20.6;20.2
2024-04-07 19:40:18;29.5;36.1;40.7;31.6;38.4;45.2;27.7 °C;25.6;23.3;21.5;20.7;20.2
2024-04-07 19:50:13;29.4;36.1;40.8;31.6;38.4;45.2;27.5 °C;25.6;23.3;21.5;20.7;20.2
2024-04-07 20:00:12;29.5;36.2;40.8;31.6;38.4;45.2;27.3 °C;25.6;23.3;21.6;20.7;20.2
2024-04-07 20:10:17;29.5;36.2;40.8;31.6;38.4;45.2;27.1 °C;25.6;23.4;21.6;20.7;20.2
2024-04-07 20:20:12;29.4;36.2;40.8;31.6;38.4;45.2;26.8 °C;25.6;23.4;21.6;20.8;20.2
2024-04-07 20:30:15;29.3;36.2;40.8;31.6;38.4;45.2;26.6 °C;25.5;23.4;21.7;20.8;20.2
2024-04-07 20:40:15;29.4;36.1;40.8;31.6;38.4;45.2;26.4 °C;25.5;23.5;21.8;20.8;20.2
2024-04-07 20:50:15;29.3;36.2;40.8;31.7;38.4;45.2;26.3 °C;25.4;23.6;21.8;20.8;20.2
2024-04-07 21:00:11;29.3;36.2;40.8;31.7;38.4;45.2;26.1 °C;25.4;23.6;21.8;20.8;20.3
2024-04-07 21:10:12;29.3;36.1;40.8;31.7;38.4;45.2;25.9 °C;25.3;23.6;21.8;20.8;20.3
2024-04-07 21:20:18;29.3;36.1;40.9;31.6;38.4;45.2;25.7 °C;25.3;23.6;21.9;20.9;20.3
2024-04-07 21:30:13;29.3;36.1;40.9;31.7;38.4;45.2;25.5 °C;25.3;23.6;21.9;20.9;20.3
2024-04-07 21:40:16;29.2;36.1;40.8;31.7;38.5;45.2;25.3 °C;25.2;23.7;21.9;20.9;20.3
2024-04-07 21:50:13;29.2;36.1;40.8;31.7;38.4;45.2;25.2 °C;25.1;23.7;22;20.9;20.3
2024-04-07 22:00:12;29.2;36.1;40.8;31.7;38.4;45.2;25 °C;25.1;23.7;22;20.9;20.3
2024-04-07 22:10:14;29.2;36.1;40.8;31.7;38.4;45.2;24.8 °C;25;23.7;22.1;21;20.3
2024-04-07 22:20:14;29.2;36.1;40.9;31.7;38.5;45.2;24.7 °C;24.9;23.7;22.1;21;20.3
2024-04-07 22:30:18;29.2;36.1;40.9;31.7;38.5;45.2;24.5 °C;24.9;23.7;22.1;21;20.3
2024-04-07 22:40:18;29.2;36;40.8;31.7;38.5;45.2;24.4 °C;24.8;23.7;22.1;21.1;20.3
2024-04-07 22:50:17;29.1;36.0;40.9;31.7;38.5;45.2;24.2 °C;24.8;23.7;22.1;21.1;20.3
2024-04-07 23:00:15;29.1;36.0;40.8;31.8;38.5;45.2;24.1 °C;24.6;23.7;22.2;21.1;20.4
2024-04-07 23:10:16;29.1;36.0;40.8;31.7;38.5;45.2;23.9 °C;24.6;23.7;22.2;21.1;20.4
2024-04-07 23:20:18;29.1;36.0;40.9;31.8;38.5;45.2;23.8 °C;24.5;23.7;22.2;21.1;20.4
2024-04-07 23:30:13;29.1;36.0;40.8;31.8;38.5;45.2;23.6 °C;24.4;23.7;22.3;21.1;20.4
2024-04-07 23:40:11;29.1;35.9;40.8;31.8;38.5;45.3;23.4 °C;24.4;23.7;22.3;21.2;20.4
2024-04-07 23:50:16;29.1;35.9;40.8;31.8;38.5;45.3;23.3 °C;24.3;23.7;22.3;21.2;20.4
2024-04-08 00:00:17;29.1;35.9;40.9;31.8;38.5;45.3;23.2 °C;24.3;23.6;22.3;21.2;20.4
2024-04-08 00:10:16;29.0;35.9;40.9;31.8;38.5;45.3;23.1 °C;24.1;23.6;22.3;21.2;20.4
2024-04-08 00:20:13;29.0;35.9;40.8;31.8;38.6;45.3;22.9 °C;24.1;23.6;22.3;21.3;20.4
2024-04-08 00:30:12;29.0;35.9;40.8;31.8;38.6;45.3;22.8 °C;24;23.6;22.3;21.3;20.5
2024-04-08 00:40:17;29.0;35.9;40.8;31.8;38.5;45.3;22.7 °C;23.9;23.6;22.3;21.3;20.5
2024-04-08 00:50:13;29.0;35.9;40.8;31.8;38.5;45.3;22.6 °C;23.8;23.6;22.4;21.3;20.5
2024-04-08 01:00:15;29.0;35.9;40.8;31.8;38.5;45.3;22.4 °C;23.8;23.5;22.4;21.3;20.5
2024-04-08 01:10:11;29.0;35.8;40.8;31.8;38.6;45.3;22.3 °C;23.7;23.5;22.4;21.3;20.5
2024-04-08 01:20:16;29.0;35.8;40.8;31.8;38.6;45.3;22.2 °C;23.6;23.5;22.4;21.3;20.6
2024-04-08 01:30:13;28.9;35.8;40.8;31.8;38.5;45.3;22.1 °C;23.6;23.4;22.4;21.4;20.6
2024-04-08 01:40:12;28.9;35.8;40.8;31.8;38.6;45.3;22 °C;23.5;23.4;22.4;21.4;20.6
2024-04-08 01:50:14;28.9;35.8;40.8;31.8;38.6;45.3;21.9 °C;23.4;23.4;22.4;21.4;20.6
2024-04-08 02:00:14;28.9;35.7;40.8;31.8;38.6;45.3;21.8 °C;23.3;23.4;22.4;21.4;20.6
2024-04-08 02:20:17;28.9;35.7;40.8;31.8;38.6;45.3;21.6 °C;23.2;23.3;22.4;21.4;20.6
2024-04-08 02:30:16;28.9;35.7;40.8;31.8;38.6;45.3;21.4 °C;23.1;23.3;22.4;21.4;20.6
2024-04-08 02:40:13;28.9;35.7;40.8;31.8;38.6;45.3;21.3 °C;23.1;23.3;22.4;21.4;20.6
2024-04-08 02:50:12;28.8;35.7;40.8;31.8;38.6;45.3;21.3 °C;23;23.2;22.4;21.4;20.6
2024-04-08 03:00:10;28.9;35.7;40.7;31.8;38.6;45.3;21.1 °C;22.9;23.2;22.4;21.4;20.6
2024-04-08 03:10:15;28.9;35.6;40.8;31.8;38.6;45.3;21 °C;22.8;23.1;22.4;21.4;20.6
2024-04-08 03:20:11;28.9;35.6;40.7;31.8;38.6;45.3;20.9 °C;22.8;23.1;22.4;21.4;20.7
2024-04-08 03:30:12;28.9;35.6;40.7;31.8;38.6;45.3;20.8 °C;22.7;23.1;22.4;21.5;20.7
2024-04-08 03:40:13;28.9;35.6;40.7;31.8;38.6;45.3;20.8 °C;22.6;23.1;22.4;21.5;20.7
2024-04-08 03:50:12;28.8;35.6;40.7;31.8;38.6;45.3;20.6 °C;22.6;23;22.3;21.5;20.7
2024-04-08 04:00:13;28.8;36.0;40.7;31.8;38.6;45.3;20.6 °C;22.5;23;22.3;21.5;20.7
2024-04-08 04:10:16;29.1;35.6;40.7;31.8;38.6;45.3;20.4 °C;22.4;22.9;22.3;21.5;20.7
2024-04-08 04:20:14;28.8;35.5;40.7;31.8;38.6;45.3;20.4 °C;22.3;22.9;22.3;21.5;20.7
2024-04-08 04:30:17;28.8;35.5;40.7;31.8;38.6;45.3;20.3 °C;22.3;22.9;22.3;21.5;20.8
2024-04-08 04:40:16;28.8;35.5;40.7;31.8;38.6;45.3;20.2 °C;22.2;22.8;22.3;21.5;20.8
2024-04-08 04:50:11;28.8;35.5;40.7;31.8;38.6;45.3;20.1 °C;22.1;22.8;22.3;21.5;20.8
2024-04-08 05:00:11;28.8;35.5;40.7;31.8;38.6;45.3;20 °C;22.1;22.8;22.3;21.5;20.8
2024-04-08 05:10:16;28.8;35.5;40.6;31.8;38.6;45.3;19.9 °C;22;22.7;22.3;21.5;20.8
2024-04-08 05:20:18;28.8;35.5;40.6;31.8;38.6;45.3;19.8 °C;21.9;22.7;22.3;21.5;20.8
2024-04-08 05:30:17;28.7;35.4;40.6;31.8;38.6;45.3;19.8 °C;21.9;22.6;22.3;21.5;20.8
2024-04-08 05:40:16;28.7;35.4;40.6;31.8;38.6;45.3;19.7 °C;21.8;22.6;22.2;21.5;20.8
2024-04-08 05:50:18;28.7;35.4;40.6;31.8;38.6;45.3;19.6 °C;21.8;22.6;22.2;21.5;20.8
2024-04-08 06:00:13;28.7;35.4;40.6;31.8;38.6;45.3;19.5 °C;21.7;22.5;22.2;21.5;20.8
2024-04-08 06:10:12;28.7;35.4;40.6;31.8;38.6;45.3;19.4 °C;21.6;22.5;22.1;21.5;20.8
2024-04-08 06:20:17;28.7;35.4;40.6;31.8;38.6;45.3;19.3 °C;21.6;22.4;22.1;21.5;20.8
2024-04-08 06:30:12;28.7;35.4;40.6;31.8;38.6;45.3;19.3 °C;21.5;22.4;22.1;21.5;20.8
2024-04-08 06:40:15;28.7;35.4;40.6;31.8;38.6;45.4;19.2 °C;21.4;22.4;22.1;21.5;20.8
2024-04-08 06:50:11;28.7;35.4;40.6;31.8;38.6;45.3;19.1 °C;21.4;22.3;22.1;21.5;20.8
2024-04-08 07:00:16;28.7;35.3;40.5;31.8;38.6;45.4;19.1 °C;21.3;22.3;22.1;21.5;20.8
2024-04-08 07:10:14;28.7;35.3;40.6;31.8;38.6;45.4;19 °C;21.3;22.3;22.1;21.5;20.8
2024-04-08 07:20:13;28.7;35.3;40.5;31.7;38.6;45.3;18.9 °C;21.2;22.2;22;21.5;20.8
2024-04-08 07:30:16;28.7;35.3;40.5;31.7;38.6;45.4;18.9 °C;21.1;22.1;22;21.5;20.8
2024-04-08 07:40:11;28.7;35.3;40.5;31.7;38.6;45.4;18.9 °C;21.1;22.1;22;21.5;20.8
2024-04-08 07:50:11;28.7;35.3;40.5;31.7;38.6;45.4;18.9 °C;21;22.1;21.9;21.5;20.8
2024-04-08 08:00:13;28.7;35.3;40.5;31.7;38.6;45.4;18.9 °C;20.9;22;21.9;21.5;20.8
2024-04-08 08:10:12;28.7;35.3;40.5;31.7;38.6;45.4;18.9 °C;20.9;22;21.9;21.4;20.8
2024-04-08 08:20:13;28.7;35.3;40.5;31.7;38.6;45.4;18.9 °C;20.8;21.9;21.9;21.4;20.8
2024-04-08 08:30:16;28.7;35.3;40.4;31.7;38.6;45.4;19.1 °C;20.8;21.9;21.9;21.4;20.8
2024-04-08 08:40:14;28.7;35.2;40.4;31.7;38.6;45.4;19.1 °C;20.8;21.9;21.9;21.4;20.8
2024-04-08 08:50:10;28.7;35.3;40.4;31.7;38.6;45.3;19.3 °C;20.7;21.8;21.8;21.4;20.8
2024-04-08 09:00:11;28.7;35.2;40.4;31.7;38.6;45.4;19.4 °C;20.6;21.8;21.8;21.4;20.8
2024-04-08 09:10:16;28.7;35.2;40.4;31.7;38.6;45.4;19.6 °C;20.6;21.8;21.8;21.4;20.8
2024-04-08 09:20:18;28.7;35.2;40.4;31.7;38.6;45.4;19.9 °C;20.6;21.7;21.8;21.4;20.8
2024-04-08 09:30:18;28.7;35.2;40.4;31.7;38.6;45.4;20.1 °C;20.6;21.7;21.8;21.4;20.8
2024-04-08 09:40:17;28.7;35.2;40.4;31.7;38.6;45.4;20.3 °C;20.6;21.6;21.8;21.4;20.8
2024-04-08 09:50:13;28.8;35.2;40.4;31.7;38.6;45.4;20.6 °C;20.6;21.6;21.7;21.4;20.8
2024-04-08 10:00:12;28.8;35.2;40.4;31.7;38.6;45.4;20.9 °C;20.6;21.6;21.7;21.4;20.8
2024-04-08 10:10:17;28.8;35.2;40.4;31.7;38.6;45.4;21.3 °C;20.6;21.5;21.6;21.4;20.8
2024-04-08 10:20:13;28.8;35.2;40.3;31.7;38.6;45.4;21.6 °C;20.6;21.5;21.6;21.4;20.8
2024-04-08 10:30:15;28.8;35.2;40.4;31.7;38.6;45.3;21.9 °C;20.6;21.4;21.6;21.4;20.8
2024-04-08 10:40:12;28.8;35.2;40.4;31.7;38.6;45.3;22.2 °C;20.6;21.4;21.6;21.3;20.8
2024-04-08 10:50:11;28.9;35.2;40.3;31.7;38.6;45.4;22.5 °C;20.7;21.4;21.6;21.3;20.8
2024-04-08 11:00:12;28.9;35.2;40.3;31.7;38.6;45.3;22.8 °C;20.8;21.4;21.6;21.3;20.8
2024-04-08 11:10:18;28.9;35.3;40.3;31.7;38.6;45.3;23.1 °C;20.8;21.4;21.5;21.3;20.8
2024-04-08 11:20:17;28.9;35.3;40.3;31.7;38.6;45.3;23.4 °C;20.9;21.4;21.5;21.3;20.8
2024-04-08 11:30:17;29.0;35.3;40.3;31.7;38.6;45.3;23.7 °C;20.9;21.4;21.5;21.3;20.8
2024-04-08 11:40:15;29.0;35.3;40.3;31.7;38.6;45.3;23.9 °C;21.1;21.4;21.4;21.3;20.8
2024-04-08 11:50:17;29;35.3;40.3;31.7;38.6;45.3;24.1 °C;21.1;21.4;21.4;21.3;20.8
2024-04-08 12:00:11;29.0;35.3;40.3;31.7;38.6;45.3;24.3 °C;21.3;21.4;21.4;21.3;20.8
2024-04-08 12:10:17;29.0;35.3;40.3;31.7;38.6;45.3;24.3 °C;21.3;21.4;21.4;21.3;20.8
2024-04-08 12:20:12;29.0;35.4;40.3;31.7;38.6;45.3;24.4 °C;21.4;21.4;21.4;21.3;20.8
2024-04-08 12:30:10;29.0;35.4;40.3;31.7;38.6;45.3;24.6 °C;21.5;21.4;21.4;21.2;20.8
2024-04-08 12:40:11;29.0;35.4;40.4;31.7;38.5;45.3;24.7 °C;21.6;21.4;21.4;21.2;20.8
2024-04-08 12:50:16;29.0;35.4;40.3;31.6;38.6;45.3;24.9 °C;21.7;21.4;21.3;21.2;20.8
2024-04-08 13:00:15;29.0;35.4;40.3;31.7;38.6;45.3;25.1 °C;21.8;21.4;21.3;21.2;20.8
2024-04-08 13:10:11;29.0;35.4;40.4;31.6;38.5;45.3;25.3 °C;21.9;21.4;21.3;21.2;20.8
2024-04-08 13:20:13;29.1;35.4;40.4;31.7;38.5;45.3;25.6 °C;22;21.4;21.3;21.2;20.8
2024-04-08 13:30:12;29.1;35.4;40.3;31.6;38.5;45.3;25.8 °C;22.1;21.5;21.3;21.1;20.8
2024-04-08 13:40:11;29.1;35.5;40.4;31.6;38.5;45.3;26.1 °C;22.2;21.5;21.3;21.1;20.8
2024-04-08 13:50:11;29.1;35.4;40.4;31.6;38.5;45.3;26.4 °C;22.3;21.6;21.3;21.1;20.8
2024-04-08 14:10:16;29.2;35.5;40.4;31.6;38.5;45.3;26.9 °C;22.6;21.6;21.3;21.1;20.8
2024-04-08 14:20:15;29.1;35.5;40.4;31.6;38.5;45.3;27.2 °C;22.6;21.6;21.3;21.1;20.8
2024-04-08 14:30:12;29.2;35.6;40.4;31.6;38.5;45.3;27.4 °C;22.8;21.7;21.3;21.1;20.8
2024-04-08 14:40:14;29.2;35.6;40.4;31.6;38.5;45.3;27.6 °C;22.9;21.8;21.3;21.1;20.8
2024-04-08 14:50:15;29.2;35.6;40.4;31.6;38.5;45.3;27.8 °C;23.1;21.8;21.3;21.1;20.7
2024-04-08 15:00:16;29.2;35.6;40.4;31.6;38.5;45.3;28 °C;23.2;21.8;21.3;21.1;20.8
2024-04-08 15:10:14;29.2;35.6;40.4;31.6;38.5;45.3;28.1 °C;23.3;21.9;21.3;21.1;20.7
2024-04-08 15:20:15;29.2;35.6;40.4;31.7;38.5;45.3;28.3 °C;23.4;21.9;21.3;21.1;20.7
2024-04-08 15:30:15;29.1;35.7;40.4;31.6;38.5;45.3;28.4 °C;23.6;22;21.3;21.1;20.7
2024-04-08 15:40:17;29.2;35.7;40.5;31.7;38.5;45.3;28.5 °C;23.7;22.1;21.4;21.1;20.7
2024-04-08 15:50:13;29.2;35.7;40.5;31.7;38.5;45.3;28.6 °C;23.8;22.1;21.4;21.1;20.7
2024-04-08 16:00:12;29.2;35.7;40.5;31.7;38.5;45.3;28.6 °C;23.9;22.2;21.4;21.1;20.7
2024-04-08 16:10:11;29.1;35.8;40.5;31.7;38.5;45.3;28.7 °C;24.1;22.2;21.4;21.1;20.7
2024-04-08 16:20:17;29.1;35.8;40.5;31.7;38.5;45.3;28.7 °C;24.1;22.3;21.4;21.1;20.7
2024-04-08 16:30:16;29.1;35.8;40.5;31.7;38.5;45.3;28.7 °C;24.3;22.3;21.4;21.1;20.7
2024-04-08 16:40:14;29.1;35.8;40.5;31.7;38.5;45.3;28.6 °C;24.4;22.4;21.4;21.1;20.7
2024-04-08 16:50:11;29.0;35.8;40.6;31.7;38.5;45.3;28.6 °C;24.4;22.4;21.4;21.1;20.7
2024-04-08 17:00:16;29.0;35.9;40.6;31.7;38.5;45.3;28.6 °C;24.6;22.6;21.5;21.1;20.7
2024-04-08 17:10:10;29.0;35.9;40.6;31.7;38.5;45.3;28.6 °C;24.6;22.6;21.5;21.1;20.7
2024-04-08 17:20:14;28.9;35.9;40.6;31.7;38.5;45.3;28.5 °C;24.8;22.7;21.6;21.1;20.7
2024-04-08 17:30:10;29.0;35.9;40.6;31.7;38.5;45.3;28.4 °C;24.8;22.8;21.6;21.1;20.7
2024-04-08 17:40:15;28.9;36.0;40.6;31.7;38.5;45.3;28.4 °C;24.9;22.8;21.6;21.1;20.7
2024-04-08 17:50:12;28.9;35.9;40.6;31.7;38.5;45.3;28.3 °C;24.9;22.9;21.6;21.1;20.7
2024-04-08 18:00:10;28.9;36.0;40.6;31.7;38.5;45.3;28.1 °C;25;22.9;21.6;21.1;20.7
2024-04-08 18:10:10;28.9;36.0;40.7;31.7;38.5;45.3;28 °C;25.1;22.9;21.7;21.1;20.7
2024-04-08 18:20:15;28.8;36.0;40.7;31.7;38.5;45.3;27.9 °C;25.1;23;21.7;21.1;20.7
2024-04-08 18:30:13;28.9;36.0;40.7;31.7;38.5;45.3;27.7 °C;25.1;23.1;21.8;21.1;20.7
2024-04-08 18:40:17;28.8;36.1;40.7;31.7;38.5;45.3;27.5 °C;25.1;23.1;21.8;21.1;20.7
2024-04-08 18:50:16;28.8;36.1;40.7;31.7;38.5;45.3;27.4 °C;25.2;23.2;21.8;21.1;20.7
2024-04-08 19:00:11;28.7;36.1;40.7;31.7;38.5;45.3;27.2 °C;25.2;23.3;21.8;21.1;20.7
2024-04-08 19:10:13;28.7;36.1;40.7;31.7;38.5;45.3;26.9 °C;25.2;23.3;21.9;21.2;20.7
2024-04-08 19:20:14;28.6;36.1;40.8;31.7;38.5;45.3;26.8 °C;25.2;23.3;21.9;21.2;20.7
2024-04-08 19:30:14;28.6;36.1;40.8;31.7;38.5;45.3;26.6 °C;25.2;23.4;21.9;21.2;20.7
2024-04-08 19:40:10;28.5;36.1;40.7;31.7;38.6;45.3;26.4 °C;25.2;23.4;21.9;21.2;20.7
2024-04-08 19:50:15;28.5;36.1;40.8;31.8;38.5;45.3;26.3 °C;25.2;23.4;22;21.3;20.7
2024-04-08 20:00:16;28.5;36.1;40.8;31.8;38.5;45.3;26.1 °C;25.2;23.5;22;21.3;20.7
2024-04-08 20:10:10;28.4;36.1;40.8;31.8;38.6;45.3;25.9 °C;25.1;23.5;22.1;21.3;20.7
2024-04-08 20:20:11;28.4;36.1;40.8;31.8;38.6;45.3;25.8 °C;25.1;23.6;22.1;21.3;20.7
2024-04-08 20:30:17;28.4;36.1;40.8;31.8;38.5;45.3;25.6 °C;25.1;23.6;22.1;21.3;20.8
2024-04-08 20:40:12;28.3;36.1;40.8;31.8;38.5;45.3;25.4 °C;25;23.6;22.1;21.3;20.8
2024-04-08 20:50:15;28.4;36.0;40.8;31.8;38.6;45.3;25.3 °C;25;23.6;22.2;21.3;20.8
2024-04-08 21:00:12;28.3;36.0;40.8;31.8;38.6;45.3;25.1 °C;24.9;23.6;22.2;21.3;20.8
2024-04-08 21:10:10;28.3;36.0;40.8;31.8;38.6;45.3;24.9 °C;24.9;23.7;22.3;21.4;20.8
2024-04-08 21:20:11;28.3;36;40.8;31.8;38.6;45.3;24.8 °C;24.8;23.7;22.3;21.4;20.8
2024-04-08 21:30:09;28.3;36.0;40.8;31.8;38.6;45.3;24.6 °C;24.8;23.7;22.3;21.4;20.8
2024-04-08 21:40:09;28.3;36.0;40.8;31.8;38.6;45.3;24.5 °C;24.7;23.7;22.3;21.4;20.8
2024-04-08 21:50:09;28.3;36.0;40.8;31.8;38.6;45.3;24.3 °C;24.6;23.7;22.3;21.4;20.8
2024-04-08 22:00:10;28.3;36.0;40.8;31.8;38.6;45.3;24.2 °C;24.6;23.7;22.4;21.4;20.8
2024-04-08 22:10:10;28.2;36.0;40.8;31.8;38.6;45.3;24.1 °C;24.6;23.7;22.4;21.4;20.8
2024-04-08 22:20:11;28.2;36.0;40.8;31.8;38.6;45.3;23.9 °C;24.5;23.7;22.4;21.4;20.8
2024-04-08 22:30:12;28.2;35.9;40.8;31.9;38.6;45.3;23.8 °C;24.4;23.7;22.4;21.5;20.8
2024-04-08 22:40:16;28.2;35.9;40.8;31.9;38.6;45.3;23.6 °C;24.4;23.7;22.4;21.5;20.8
2024-04-08 22:50:14;28.2;35.9;40.8;31.9;38.6;45.3;23.5 °C;24.3;23.7;22.4;21.5;20.8
2024-04-08 23:00:11;28.2;35.9;40.8;31.9;38.6;45.3;23.4 °C;24.3;23.7;22.4;21.5;20.8
2024-04-08 23:10:12;28.2;35.9;40.8;31.8;38.6;45.3;23.3 °C;24.2;23.7;22.5;21.6;20.9
2024-04-08 23:20:11;28.2;35.9;40.8;31.9;38.6;45.3;23.1 °C;24.1;23.6;22.5;21.6;20.9
2024-04-08 23:30:17;28.1;35.9;40.8;31.8;38.6;45.3;23.1 °C;24.1;23.6;22.5;21.6;20.9
2024-04-08 23:40:17;28.1;35.9;40.8;31.8;38.6;45.3;22.9 °C;23.9;23.6;22.5;21.6;20.9
2024-04-08 23:50:17;28.1;35.8;40.8;31.9;38.6;45.3;22.8 °C;23.9;23.6;22.5;21.6;20.9
2024-04-09 00:00:17;28.1;35.8;40.8;31.9;38.6;45.3;22.7 °C;23.8;23.6;22.5;21.6;20.9
2024-04-09 00:10:13;28.1;35.8;40.8;31.9;38.7;45.3;22.6 °C;23.8;23.6;22.6;21.6;20.9
2024-04-09 00:20:12;28.1;35.8;40.8;31.9;38.6;45.3;22.4 °C;23.7;23.6;22.6;21.6;20.9
2024-04-09 00:30:12;28.0;35.8;40.8;31.9;38.7;45.3;22.3 °C;23.6;23.6;22.6;21.6;20.9
2024-04-09 00:40:10;28.1;35.8;40.8;31.9;38.6;45.3;22.2 °C;23.6;23.5;22.6;21.7;20.9
2024-04-09 00:50:11;28.1;35.7;40.7;31.9;38.6;45.3;22.1 °C;23.5;23.5;22.6;21.7;20.9
2024-04-09 01:00:13;28.1;35.7;40.7;31.9;38.6;45.3;22 °C;23.4;23.4;22.6;21.7;20.9
2024-04-09 01:10:10;28.0;35.7;40.7;31.9;38.6;45.3;21.9 °C;23.4;23.4;22.6;21.7;20.9
2024-04-09 01:20:10;28.0;35.7;40.7;31.9;38.7;45.3;21.8 °C;23.3;23.4;22.6;21.7;21
2024-04-09 01:30:11;28.1;35.7;40.7;31.9;38.7;45.3;21.7 °C;23.3;23.4;22.6;21.7;21
2024-04-09 01:40:16;28.0;35.7;40.7;31.9;38.7;45.4;21.6 °C;23.2;23.4;22.6;21.8;21
2024-04-09 01:50:16;28.0;35.7;40.7;31.9;38.7;45.3;21.5 °C;23.1;23.3;22.6;21.8;21
2024-04-09 02:00:14;28.0;35.7;40.7;31.9;38.7;45.3;21.4 °C;23.1;23.3;22.6;21.8;21
2024-04-09 02:10:12;28.0;35.7;40.7;31.9;38.7;45.4;21.3 °C;23;23.3;22.6;21.8;21
2024-04-09 02:20:10;28.0;35.7;40.7;31.9;38.7;45.3;21.2 °C;22.9;23.3;22.6;21.8;21
2024-04-09 02:30:15;28.0;35.6;40.7;31.9;38.7;45.4;21.1 °C;22.9;23.2;22.6;21.8;21.1
2024-04-09 02:40:16;28;35.7;40.7;31.9;38.7;45.4;21 °C;22.8;23.2;22.6;21.8;21.1
2024-04-09 02:50:16;28;35.6;40.7;31.9;38.7;45.4;20.9 °C;22.7;23.1;22.6;21.8;21.1
2024-04-09 03:00:15;28.0;35.6;40.7;31.9;38.7;45.4;20.8 °C;22.6;23.1;22.5;21.8;21.1
2024-04-09 03:10:16;28.0;35.6;40.7;31.9;38.7;45.4;20.8 °C;22.6;23.1;22.5;21.8;21.1
2024-04-09 03:20:12;28.0;35.6;40.6;31.9;38.7;45.4;20.6 °C;22.5;23.1;22.5;21.8;21.1
2024-04-09 03:30:10;28.0;35.6;40.7;31.9;38.7;45.4;20.6 °C;22.4;23;22.5;21.8;21.1
2024-04-09 03:40:15;28.0;35.6;40.7;31.9;38.7;45.4;20.4 °C;22.4;23;22.5;21.8;21.1
2024-04-09 03:50:17;27.9;35.5;40.6;31.9;38.7;45.4;20.4 °C;22.3;22.9;22.5;21.8;21.1
2024-04-09 04:00:16;28.0;35.5;40.6;31.9;38.7;45.4;20.3 °C;22.3;22.9;22.5;21.8;21.1
2024-04-09 04:10:16;28.0;35.5;40.6;31.9;38.7;45.4;20.2 °C;22.2;22.9;22.4;21.8;21.1
2024-04-09 04:20:11;28.0;35.5;40.6;31.9;38.7;45.3;20.1 °C;22.1;22.9;22.4;21.8;21.1
2024-04-09 04:30:17;27.9;35.5;40.6;31.9;38.7;45.4;20 °C;22.1;22.8;22.4;21.8;21.1
2024-04-09 04:40:12;27.9;35.5;40.6;31.9;38.7;45.3;19.9 °C;22;22.8;22.4;21.8;21.1
2024-04-09 04:50:11;27.9;35.5;40.6;31.9;38.7;45.4;19.8 °C;21.9;22.8;22.4;21.8;21.1
2024-04-09 05:00:14;27.9;35.4;40.6;31.9;38.7;45.4;19.8 °C;21.9;22.7;22.4;21.8;21.1
2024-04-09 05:10:14;27.9;35.4;40.6;31.9;38.7;45.4;19.7 °C;21.8;22.7;22.4;21.8;21.1
2024-04-09 05:20:12;27.9;35.4;40.6;31.9;38.7;45.4;19.6 °C;21.8;22.6;22.4;21.8;21.1
2024-04-09 05:30:15;27.9;35.4;40.5;31.9;38.7;45.4;19.5 °C;21.7;22.6;22.4;21.8;21.1
2024-04-09 05:40:17;27.9;35.4;40.6;31.9;38.7;45.4;19.4 °C;21.6;22.6;22.3;21.8;21.1
2024-04-09 05:50:12;27.9;35.4;40.5;31.8;38.7;45.4;19.4 °C;21.6;22.5;22.3;21.8;21.1
2024-04-09 06:00:16;27.9;35.4;40.5;31.9;38.7;45.4;19.3 °C;21.5;22.5;22.3;21.8;21.1
2024-04-09 06:10:11;27.9;35.4;40.5;31.9;38.7;45.4;19.2 °C;21.4;22.4;22.3;21.8;21.1
2024-04-09 06:20:16;27.9;35.4;40.5;31.9;38.7;45.4;19.1 °C;21.4;22.4;22.3;21.8;21.1
2024-04-09 06:30:16;28.0;35.3;40.5;31.9;38.7;45.4;19.1 °C;21.3;22.4;22.3;21.8;21.1
2024-04-09 06:40:11;27.9;35.4;40.5;31.9;38.7;45.4;19 °C;21.3;22.3;22.3;21.8;21.1
2024-04-09 06:50:13;27.9;35.3;40.5;31.9;38.7;45.4;18.9 °C;21.2;22.3;22.2;21.8;21.1
2024-04-09 07:00:12;27.9;35.3;40.5;31.9;38.7;45.4;18.9 °C;21.1;22.3;22.2;21.8;21.1
2024-04-09 07:20:15;27.9;35.3;40.4;31.8;38.7;45.4;18.8 °C;21.1;22.2;22.1;21.8;21.1
2024-04-09 07:30:13;27.9;35.3;40.4;31.8;38.7;45.4;18.7 °C;21;22.1;22.1;21.8;21.2
2024-04-09 07:40:10;27.9;35.3;40.4;31.8;38.7;45.4;18.7 °C;20.9;22.1;22.1;21.8;21.2
2024-04-09 07:50:10;27.9;35.3;40.4;31.8;38.7;45.4;18.7 °C;20.9;22.1;22.1;21.8;21.2
2024-04-09 08:00:15;27.9;35.3;40.4;31.8;38.7;45.4;18.7 °C;20.8;22;22.1;21.8;21.2
2024-04-09 08:10:10;27.9;35.3;40.4;31.8;38.7;45.4;18.8 °C;20.8;21.9;22.1;21.7;21.1
2024-04-09 08:20:11;27.9;35.3;40.4;31.8;38.7;45.4;18.8 °C;20.7;21.9;22;21.7;21.2
2024-04-09 08:30:13;27.9;35.3;40.4;31.8;38.7;45.4;18.9 °C;20.7;21.9;22;21.7;21.1
2024-04-09 08:40:13;27.9;35.2;40.4;31.8;38.7;45.4;19 °C;20.6;21.9;22;21.7;21.1
2024-04-09 08:50:09;28.0;35.2;40.4;31.8;38.6;45.4;19.1 °C;20.6;21.8;21.9;21.7;21.1
2024-04-09 09:00:10;27.9;35.2;40.4;31.8;38.7;45.4;19.3 °C;20.6;21.8;21.9;21.7;21.1
2024-04-09 09:10:15;28.0;35.3;40.4;31.8;38.7;45.4;19.5 °C;20.5;21.8;21.9;21.7;21.1
2024-04-09 09:20:10;27.9;35.3;40.3;31.8;38.7;45.4;19.8 °C;20.5;21.7;21.9;21.6;21.1
2024-04-09 09:30:11;28.0;35.3;40.3;31.8;38.7;45.4;19.9 °C;20.4;21.7;21.9;21.6;21.1
2024-04-09 09:40:14;28.0;35.3;40.4;31.8;38.7;45.4;20.2 °C;20.4;21.6;21.8;21.6;21.1
2024-04-09 09:50:15;28.0;35.3;40.3;31.8;38.7;45.4;20.5 °C;20.4;21.6;21.8;21.6;21.1
2024-04-09 10:00:13;28.0;35.3;40.3;31.8;38.7;45.4;20.8 °C;20.4;21.6;21.8;21.6;21.1
2024-04-09 10:10:17;28.1;35.2;40.3;31.8;38.6;45.4;21.1 °C;20.4;21.5;21.8;21.6;21.1
2024-04-09 10:20:12;28.1;35.2;40.3;31.8;38.6;45.4;21.4 °C;20.5;21.5;21.8;21.6;21.1
2024-04-09 10:30:12;28.1;35.3;40.3;31.8;38.7;45.4;21.8 °C;20.5;21.5;21.8;21.6;21.1
2024-04-09 10:40:15;28.1;35.2;40.3;31.8;38.6;45.4;22.1 °C;20.6;21.4;21.7;21.6;21.1
2024-04-09 10:50:10;28.1;35.3;40.3;31.8;38.6;45.4;22.4 °C;20.6;21.4;21.7;21.6;21.1
2024-04-09 11:00:11;28.2;35.3;40.3;31.8;38.6;45.3;22.8 °C;20.7;21.4;21.6;21.6;21.1
2024-04-09 11:10:13;28.2;35.2;40.3;31.8;38.6;45.3;23.1 °C;20.8;21.4;21.6;21.5;21.1
2024-04-09 11:20:12;28.3;35.3;40.3;31.8;38.6;45.4;23.4 °C;20.8;21.4;21.6;21.5;21.1
2024-04-09 11:30:16;28.3;35.3;40.3;31.8;38.6;45.4;23.7 °C;20.9;21.4;21.6;21.5;21.1
2024-04-09 11:40:16;28.3;35.3;40.3;31.7;38.6;45.3;23.9 °C;21;21.4;21.6;21.5;21.1
2024-04-09 11:50:15;28.3;35.3;40.3;31.8;38.6;45.4;24.1 °C;21.1;21.4;21.6;21.5;21.1
2024-04-09 12:00:14;28.3;35.3;40.3;31.7;38.6;45.4;24.3 °C;21.2;21.4;21.5;21.4;21.1
2024-04-09 12:10:16;28.3;35.3;40.3;31.7;38.6;45.4;24.4 °C;21.3;21.4;21.5;21.4;21.1
2024-04-09 12:20:11;28.3;35.4;40.3;31.7;38.6;45.4;24.5 °C;21.4;21.4;21.5;21.4;21.1
2024-04-09 12:30:16;28.3;35.4;40.3;31.7;38.6;45.4;24.6 °C;21.5;21.4;21.5;21.4;21.1
2024-04-09 12:40:12;28.3;35.4;40.3;31.7;38.6;45.4;24.8 °C;21.6;21.4;21.5;21.4;21.1
2024-04-09 12:50:12;28.3;35.3;40.3;31.8;38.6;45.4;24.9 °C;21.7;21.4;21.4;21.4;21.1
2024-04-09 13:00:15;28.3;35.4;40.3;31.8;38.6;45.4;25.1 °C;21.8;21.4;21.4;21.4;21.1
2024-04-09 13:10:10;28.4;35.4;40.3;31.8;38.6;45.3;25.4 °C;21.9;21.4;21.4;21.4;21.1
2024-04-09 13:20:11;28.4;35.4;40.3;31.8;38.6;45.3;25.6 °C;22;21.5;21.4;21.4;21.1
2024-04-09 13:30:14;28.5;35.4;40.3;31.8;38.6;45.3;25.9 °C;22.1;21.5;21.4;21.4;21.1
2024-04-09 13:40:16;28.5;35.4;40.3;31.7;38.6;45.3;26.2 °C;22.2;21.6;21.4;21.4;21.1
2024-04-09 13:50:15;28.5;35.4;40.3;31.8;38.6;45.3;26.4 °C;22.3;21.6;21.4;21.3;21
2024-04-09 14:00:13;28.5;35.5;40.3;31.7;38.6;45.3;26.7 °C;22.4;21.6;21.4;21.3;21
2024-04-09 14:10:14;28.5;35.5;40.3;31.7;38.6;45.4;26.9 °C;22.6;21.6;21.4;21.3;21
2024-04-09 14:20:16;28.6;35.5;40.3;31.7;38.6;45.3;27.1 °C;22.6;21.7;21.4;21.3;21
2024-04-09 14:30:11;28.5;35.5;40.3;31.7;38.6;45.3;27.4 °C;22.8;21.8;21.4;21.3;21
2024-04-09 14:40:11;28.4;35.5;40.3;31.8;38.6;45.3;27.6 °C;22.9;21.8;21.4;21.3;21
2024-04-09 14:50:25;28.4;35.5;40.4;31.8;38.6;45.3;27.8 °C;23.1;21.8;21.4;21.3;21
2024-04-09 15:00:12;28.6;35.6;40.4;31.8;38.6;45.3;27.9 °C;23.2;21.9;21.4;21.3;21
2024-04-09 15:10:16;28.5;35.6;40.4;31.8;38.6;45.3;28.1 °C;23.3;21.9;21.4;21.3;21
2024-04-09 15:20:16;28.5;35.6;40.4;31.8;38.6;45.3;28.2 °C;23.4;22;21.4;21.3;21
2024-04-09 15:30:12;28.5;35.6;40.4;31.8;38.6;45.3;28.3 °C;23.6;22;21.4;21.3;21
2024-04-09 15:40:16;28.5;35.7;40.4;31.8;38.6;45.3;28.4 °C;23.6;22.1;21.4;21.3;20.9
2024-04-09 15:50:11;28.5;35.7;40.4;31.7;38.6;45.3;28.4 °C;23.8;22.1;21.5;21.3;20.9
2024-04-09 16:00:09;28.5;35.7;40.4;31.7;38.6;45.3;28.5 °C;23.9;22.2;21.5;21.3;20.9
2024-04-09 16:10:09;28.4;35.7;40.4;31.7;38.6;45.3;28.6 °C;24;22.3;21.5;21.3;20.9
2024-04-09 16:20:14;28.4;35.8;40.4;31.8;38.6;45.3;28.6 °C;24.1;22.3;21.5;21.3;20.9
2024-04-09 16:30:11;28.4;35.8;40.5;31.8;38.6;45.3;28.6 °C;24.3;22.4;21.6;21.3;20.9
2024-04-09 16:40:14;28.3;35.8;40.5;31.8;38.6;45.3;28.6 °C;24.3;22.4;21.6;21.3;20.9
2024-04-09 16:50:12;28.4;35.8;40.5;31.8;38.6;45.3;28.5 °C;24.4;22.5;21.6;21.3;20.9
2024-04-09 17:00:12;28.3;35.8;40.5;31.8;38.6;45.3;28.4 °C;24.5;22.6;21.6;21.3;20.9
2024-04-09 17:10:15;28.3;35.8;40.5;31.8;38.6;45.3;28.4 °C;24.6;22.6;21.6;21.3;20.9
2024-04-09 17:20:09;28.3;35.9;40.5;31.7;38.6;45.3;28.3 °C;24.7;22.7;21.7;21.3;20.9
2024-04-09 17:30:10;28.3;35.9;40.6;31.8;38.6;45.3;28.3 °C;24.8;22.8;21.7;21.3;20.9
2024-04-09 17:40:11;28.3;35.9;40.6;31.8;38.6;45.3;28.2 °C;24.8;22.8;21.7;21.3;20.9
2024-04-09 17:50:09;28.3;35.9;40.6;31.8;38.5;45.3;28.1 °C;24.9;22.9;21.8;21.3;20.9
2024-04-09 18:00:11;28.2;35.9;40.6;31.8;38.6;45.3;27.9 °C;24.9;22.9;21.8;21.3;20.9
2024-04-09 18:10:13;28.3;35.9;40.6;31.8;38.5;45.3;27.8 °C;25;23;21.8;21.3;20.9
2024-04-09 18:20:10;28.3;35.9;40.6;31.8;38.6;45.3;27.7 °C;25.1;23.1;21.8;21.3;20.9
2024-04-09 18:30:11;28.1;35.9;40.6;31.8;38.6;45.3;27.6 °C;25.1;23.1;21.9;21.3;20.9
2024-04-09 18:40:13;28.1;35.9;40.6;31.8;38.6;45.3;27.4 °C;25.1;23.2;21.9;21.3;20.9
2024-04-09 18:50:14;28.1;36.0;40.6;31.8;38.6;45.3;27.3 °C;25.1;23.3;21.9;21.3;20.9
2024-04-09 19:00:12;28.1;35.9;40.6;31.8;38.6;45.3;27.1 °C;25.1;23.3;21.9;21.4;20.9
2024-04-09 19:10:16;28.1;36.0;40.7;31.8;38.6;45.3;26.9 °C;25.1;23.3;22;21.4;20.9
2024-04-09 19:20:12;28.1;36.0;40.7;31.8;38.6;45.3;26.8 °C;25.1;23.4;22;21.4;20.9
2024-04-09 19:30:11;28;36.0;40.7;31.8;38.6;45.3;26.6 °C;25.1;23.4;22.1;21.4;20.9
2024-04-09 19:40:14;28.0;35.9;40.7;31.8;38.6;45.3;26.4 °C;25.1;23.4;22.1;21.4;20.9
2024-04-09 19:50:16;28.0;36.0;40.7;31.8;38.6;45.3;26.3 °C;25.1;23.5;22.1;21.4;20.9
2024-04-09 20:00:15;27.9;36.0;40.7;31.9;38.6;45.3;26.1 °C;25.1;23.5;22.1;21.4;20.9
2024-04-09 20:10:14;27.9;35.9;40.7;31.8;38.6;45.3;25.9 °C;25.1;23.6;22.2;21.4;20.9
2024-04-09 20:20:16;27.9;36.0;40.7;31.9;38.6;45.3;25.8 °C;25.1;23.6;22.2;21.4;20.9
2024-04-09 20:30:12;27.9;35.9;40.8;31.9;38.6;45.3;25.6 °C;25;23.6;22.3;21.5;21
2024-04-09 20:40:12;27.9;35.9;40.8;31.9;38.6;45.3;25.4 °C;25;23.6;22.3;21.5;21
2024-04-09 20:50:11;27.8;35.9;40.7;31.9;38.6;45.3;25.3 °C;24.9;23.7;22.3;21.5;21
2024-04-09 21:00:10;27.8;35.9;40.7;31.9;38.6;45.3;25.1 °C;24.9;23.7;22.3;21.5;21
2024-04-09 21:10:11;27.8;35.9;40.7;31.9;38.6;45.3;24.9 °C;24.9;23.7;22.4;21.6;21
2024-04-09 21:20:14;27.8;35.9;40.7;31.9;38.6;45.3;24.8 °C;24.8;23.7;22.4;21.6;21
2024-04-09 21:30:12;27.8;35.9;40.7;31.9;38.6;45.3;24.6 °C;24.8;23.7;22.4;21.6;21
2024-04-09 21:40:16;27.8;35.9;40.7;31.9;38.6;45.3;24.5 °C;24.7;23.8;22.4;21.6;21
2024-04-09 21:50:15;27.7;35.8;40.7;31.9;38.6;45.3;24.3 °C;24.6;23.8;22.4;21.6;21
2024-04-09 22:00:10;27.7;35.9;40.7;31.9;38.6;45.3;24.2 °C;24.6;23.8;22.4;21.6;21
2024-04-09 22:10:13;27.7;35.8;40.7;31.9;38.6;45.3;24.1 °C;24.5;23.8;22.5;21.6;21.1
2024-04-09 22:20:13;27.7;35.8;40.7;31.9;38.7;45.3;23.9 °C;24.4;23.8;22.5;21.6;21.1
2024-04-09 22:30:15;27.7;35.8;40.7;31.9;38.6;45.3;23.8 °C;24.4;23.8;22.5;21.7;21.1
2024-04-09 22:40:13;27.7;35.8;40.7;31.9;38.6;45.3;23.7 °C;24.4;23.8;22.6;21.7;21.1
2024-04-09 22:50:14;27.7;35.8;40.7;31.9;38.6;45.3;23.6 °C;24.3;23.8;22.6;21.7;21.1
2024-04-09 23:00:16;27.7;35.8;40.7;32.0;38.6;45.3;23.5 °C;24.3;23.7;22.6;21.7;21.1
2024-04-09 23:10:11;27.7;35.8;40.7;31.9;38.7;45.4;23.4 °C;24.2;23.7;22.6;21.8;21.1
2024-04-09 23:20:10;27.7;35.7;40.7;32.0;38.7;45.3;23.3 °C;24.1;23.7;22.6;21.8;21.1
2024-04-09 23:30:15;27.6;35.7;40.7;32.0;38.7;45.3;23.1 °C;24.1;23.7;22.6;21.8;21.1
2024-04-09 23:40:11;27.6;35.7;40.7;32.0;38.7;45.3;23.1 °C;24;23.7;22.6;21.8;21.1
2024-04-09 23:50:13;27.6;35.7;40.7;32.0;38.7;45.3;22.9 °C;23.9;23.7;22.6;21.8;21.1
2024-04-10 00:00:10;27.6;35.7;40.7;32.0;38.7;45.3;22.8 °C;23.9;23.6;22.6;21.8;21.1
2024-04-10 00:10:09;27.6;35.7;40.7;32.0;38.7;45.3;22.8 °C;23.8;23.6;22.6;21.8;21.1
2024-04-10 00:20:09;27.6;35.7;40.7;32.0;38.7;45.3;22.6 °C;23.8;23.6;22.6;21.8;21.1
2024-04-10 00:30:14;27.5;35.7;40.6;31.9;38.7;45.3;22.5 °C;23.7;23.6;22.7;21.8;21.2
2024-04-10 00:40:12;27.6;35.7;40.7;32.0;38.7;45.4;22.4 °C;23.6;23.6;22.7;21.8;21.2
2024-04-10 00:50:09;27.5;35.6;40.6;31.9;38.7;45.3;22.3 °C;23.6;23.6;22.7;21.9;21.2
2024-04-10 01:00:09;27.5;35.6;40.6;32.0;38.7;45.3;22.3 °C;23.5;23.5;22.7;21.9;21.2
2024-04-10 01:10:15;27.5;35.6;40.6;32.0;38.7;45.4;22.1 °C;23.4;23.5;22.7;21.9;21.2
2024-04-10 01:20:10;27.5;35.6;40.6;32.0;38.7;45.4;22.1 °C;23.4;23.5;22.7;21.9;21.2
2024-04-10 01:30:11;27.5;35.6;40.6;32.0;38.7;45.4;21.9 °C;23.3;23.4;22.7;21.9;21.2
2024-04-10 01:40:14;27.5;35.6;40.6;32.0;38.7;45.4;21.9 °C;23.3;23.4;22.7;21.9;21.3
2024-04-10 01:50:09;27.5;35.6;40.6;32.0;38.7;45.4;21.8 °C;23.2;23.4;22.7;21.9;21.3
2024-04-10 02:00:09;27.5;35.5;40.6;32.0;38.7;45.4;21.7 °C;23.1;23.4;22.7;21.9;21.3
2024-04-10 02:10:10;27.5;35.5;40.6;32.0;38.7;45.4;21.6 °C;23.1;23.4;22.7;21.9;21.3
2024-04-10 02:20:09;27.5;35.5;40.6;32.0;38.7;45.4;21.5 °C;23;23.3;22.7;21.9;21.3
2024-04-10 02:30:09;27.5;35.5;40.6;32.0;38.7;45.4;21.4 °C;22.9;23.3;22.7;21.9;21.3
2024-04-10 02:40:10;27.5;35.5;40.6;32.0;38.7;45.4;21.3 °C;22.9;23.3;22.7;21.9;21.3
2024-04-10 02:50:13;27.5;35.4;40.6;32.0;38.7;45.4;21.3 °C;22.9;23.3;22.6;21.9;21.3
2024-04-10 03:00:10;27.5;35.5;40.6;32.0;38.7;45.4;21.2 °C;22.8;23.2;22.6;21.9;21.3
2024-04-10 03:10:12;27.5;35.5;40.6;32.0;38.7;45.4;21.1 °C;22.8;23.2;22.6;21.9;21.3
2024-04-10 03:20:16;27.5;35.4;40.5;32.0;38.7;45.4;21 °C;22.7;23.2;22.6;21.9;21.3
2024-04-10 03:30:12;27.5;35.4;40.5;32.0;38.7;45.4;20.9 °C;22.6;23.1;22.6;21.9;21.3
2024-04-10 03:40:16;27.5;35.4;40.5;32.0;38.7;45.4;20.8 °C;22.6;23.1;22.6;21.9;21.3
2024-04-10 03:50:15;27.5;35.4;40.5;32.0;38.7;45.4;20.8 °C;22.5;23.1;22.6;21.9;21.3
2024-04-10 04:00:11;27.4;35.4;40.5;32.0;38.7;45.4;20.6 °C;22.4;23.1;22.6;22;21.3
2024-04-10 04:10:14;27.4;35.4;40.5;32.0;38.7;45.4;20.6 °C;22.4;23;22.6;22;21.3
2024-04-10 04:20:16;27.4;35.3;40.5;32.0;38.7;45.4;20.5 °C;22.3;22.9;22.6;22;21.3
2024-04-10 04:30:11;27.4;35.4;40.5;32.0;38.7;45.4;20.4 °C;22.3;22.9;22.6;22;21.3
2024-04-10 04:40:15;27.4;35.4;40.5;32.0;38.7;45.4;20.4 °C;22.2;22.9;22.6;22;21.3
2024-04-10 04:50:10;27.4;35.3;40.5;32.0;38.7;45.4;20.3 °C;22.1;22.9;22.6;22;21.3
2024-04-10 05:00:16;27.4;35.3;40.5;32.0;38.7;45.4;20.2 °C;22.1;22.8;22.5;22;21.3
2024-04-10 05:10:16;27.4;35.3;40.5;32.0;38.7;45.4;20.1 °C;22.1;22.8;22.5;22;21.4
2024-04-10 05:20:11;27.4;35.3;40.4;32.0;38.7;45.4;20.1 °C;22;22.8;22.5;22;21.4
2024-04-10 05:30:15;27.4;35.3;40.4;31.9;38.7;45.4;19.9 °C;21.9;22.8;22.5;22;21.4
2024-04-10 05:40:10;27.4;35.3;40.4;31.9;38.7;45.4;19.9 °C;21.9;22.7;22.5;22;21.4
2024-04-10 05:50:09;27.4;35.3;40.4;32.0;38.7;45.4;19.8 °C;21.8;22.7;22.4;21.9;21.4
2024-04-10 06:00:10;27.4;35.3;40.4;32.0;38.7;45.4;19.7 °C;21.8;22.6;22.4;21.9;21.4
2024-04-10 06:10:08;27.4;35.2;40.4;32.0;38.7;45.4;19.6 °C;21.7;22.6;22.4;21.9;21.4
2024-04-10 06:20:08;27.4;35.2;40.4;32.0;38.7;45.4;19.5 °C;21.6;22.6;22.4;21.9;21.4
2024-04-10 06:30:09;27.4;35.2;40.4;31.9;38.7;45.4;19.4 °C;21.6;22.5;22.4;21.9;21.4
2024-04-10 06:40:10;27.4;35.2;40.4;31.9;38.7;45.4;19.3 °C;21.6;22.5;22.4;21.9;21.4
2024-04-10 06:50:13;27.4;35.2;40.4;31.9;38.7;45.4;19.3 °C;21.5;22.4;22.4;21.9;21.4
2024-04-10 07:00:10;27.4;35.2;40.4;31.9;38.7;45.4;19.2 °C;21.4;22.4;22.3;21.9;21.4
2024-04-10 07:10:12;27.4;35.2;40.4;31.9;38.7;45.4;19.1 °C;21.4;22.4;22.3;21.9;21.4
2024-04-10 07:20:09;27.4;35.2;40.4;31.9;38.7;45.4;19.1 °C;21.3;22.4;22.3;21.9;21.4
2024-04-10 07:30:14;27.4;35.2;40.4;31.9;38.7;45.4;19.1 °C;21.3;22.3;22.3;21.9;21.4
2024-04-10 07:40:13;27.4;35.1;40.4;31.9;38.7;45.4;19.1 °C;21.2;22.3;22.3;21.9;21.4
2024-04-10 07:50:15;27.5;35.1;40.3;31.9;38.7;45.4;19.1 °C;21.1;22.3;22.3;21.9;21.4
2024-04-10 08:00:14;27.4;35.1;40.3;31.9;38.7;45.4;19.1 °C;21.1;22.2;22.3;21.9;21.4
2024-04-10 08:10:16;27.4;35.1;40.3;31.9;38.7;45.4;19.1 °C;21;22.2;22.2;21.9;21.4
2024-04-10 08:20:11;27.5;35.1;40.3;31.9;38.7;45.4;19.1 °C;21;22.1;22.2;21.9;21.4
2024-04-10 08:30:11;27.5;35.1;40.3;31.9;38.7;45.4;19.2 °C;20.9;22.1;22.2;21.9;21.4
2024-04-10 08:40:10;27.5;35.1;40.3;31.9;38.7;45.4;19.3 °C;20.9;22.1;22.2;21.9;21.4
2024-04-10 08:50:09;27.4;35.1;40.3;31.9;38.7;45.4;19.3 °C;20.9;22;22.1;21.9;21.4
2024-04-10 09:00:10;27.4;35.1;40.3;31.9;38.7;45.4;19.4 °C;20.8;22;22.1;21.9;21.4
2024-04-10 09:10:12;27.4;35.1;40.3;31.9;38.7;45.4;19.4 °C;20.8;21.9;22.1;21.9;21.4
2024-04-10 09:20:09;27.4;35.1;40.3;31.9;38.7;45.4;19.5 °C;20.8;21.9;22.1;21.9;21.4
2024-04-10 09:30:10;27.5;35.1;40.3;31.9;38.7;45.4;19.7 °C;20.8;21.9;22.1;21.8;21.4
2024-04-10 09:40:13;27.5;35.1;40.3;31.9;38.7;45.4;19.8 °C;20.7;21.8;22;21.8;21.4
2024-04-10 09:50:14;27.5;35.1;40.3;31.9;38.7;45.4;20 °C;20.7;21.8;22;21.8;21.4
2024-04-10 10:00:12;27.5;35.1;40.2;31.9;38.7;45.4;20.3 °C;20.7;21.8;22;21.8;21.4
2024-04-10 10:10:09;27.5;35.1;40.2;31.9;38.7;45.4;20.5 °C;20.7;21.8;21.9;21.8;21.4
2024-04-10 10:20:14;27.5;35.1;40.2;31.9;38.7;45.4;20.8 °C;20.7;21.8;21.9;21.8;21.4
2024-04-10 10:30:08;27.5;35.1;40.2;31.9;38.7;45.4;20.9 °C;20.7;21.7;21.9;21.8;21.4
2024-04-10 10:40:13;27.5;35.1;40.2;31.9;38.7;45.4;21.1 °C;20.7;21.7;21.9;21.8;21.4
2024-04-10 10:50:11;27.5;35.1;40.2;31.8;38.7;45.4;21.3 °C;20.7;21.6;21.9;21.8;21.4
2024-04-10 11:00:11;27.5;35.1;40.2;31.9;38.7;45.4;21.4 °C;20.8;21.6;21.9;21.8;21.3
2024-04-10 11:10:14;27.6;35.1;40.2;31.9;38.7;45.4;21.7 °C;20.8;21.6;21.8;21.8;21.3
2024-04-10 11:20:15;27.6;35.1;40.2;31.9;38.7;45.4;21.9 °C;20.8;21.6;21.8;21.8;21.3
2024-04-10 11:30:15;27.6;35.1;40.2;31.9;38.6;45.4;22.2 °C;20.8;21.6;21.8;21.7;21.3
2024-04-10 11:40:15;27.6;35.1;40.2;31.8;38.6;45.4;22.4 °C;20.9;21.6;21.8;21.7;21.3
2024-04-10 11:50:11;27.6;35.1;40.2;31.8;38.6;45.4;22.7 °C;20.9;21.6;21.8;21.7;21.3
2024-04-10 12:00:11;27.6;35.1;40.2;31.8;38.6;45.4;22.9 °C;21;21.5;21.8;21.7;21.3
2024-04-10 12:10:11;27.6;35.1;40.2;31.8;38.6;45.4;23.1 °C;21.1;21.5;21.7;21.7;21.3
2024-04-10 12:20:10;27.6;35.1;40.2;31.8;38.6;45.4;23.3 °C;21.1;21.5;21.7;21.6;21.3
2024-04-10 12:30:12;27.6;35.1;40.2;31.8;38.6;45.4;23.4 °C;21.2;21.5;21.7;21.6;21.3
2024-04-10 12:40:08;27.7;35.2;40.2;31.8;38.6;45.4;23.6 °C;21.3;21.5;21.7;21.6;21.3
2024-04-10 12:50:09;27.7;35.2;40.2;31.8;38.6;45.4;23.8 °C;21.4;21.5;21.6;21.6;21.3
2024-04-10 13:00:11;27.7;35.2;40.2;31.8;38.6;45.4;24 °C;21.4;21.5;21.6;21.6;21.3
2024-04-10 13:10:11;27.8;35.2;40.2;31.8;38.6;45.4;24.3 °C;21.5;21.6;21.6;21.6;21.3
2024-04-10 13:20:15;27.8;35.2;40.2;31.8;38.6;45.4;24.6 °C;21.6;21.6;21.6;21.6;21.3
2024-04-10 13:30:14;27.8;35.2;40.2;31.8;38.6;45.4;24.9 °C;21.7;21.6;21.6;21.6;21.3
2024-04-10 13:40:13;27.8;35.2;40.2;31.8;38.6;45.4;25.2 °C;21.8;21.6;21.6;21.6;21.3
2024-04-10 13:50:10;27.8;35.3;40.2;31.8;38.6;45.4;25.6 °C;21.9;21.6;21.6;21.6;21.3
2024-04-10 14:00:08;27.9;35.3;40.2;31.8;38.6;45.4;25.9 °C;22;21.6;21.6;21.6;21.3
2024-04-10 14:10:13;27.8;35.3;40.2;31.8;38.6;45.4;26.3 °C;22.1;21.6;21.6;21.6;21.3
2024-04-10 14:20:14;27.8;35.3;40.2;31.8;38.6;45.4;26.6 °C;22.2;21.7;21.6;21.5;21.3
2024-04-10 14:30:13;27.9;35.4;40.2;31.8;38.6;45.4;26.8 °C;22.3;21.7;21.6;21.5;21.3
2024-04-10 14:40:11;27.9;35.4;40.2;31.8;38.6;45.4;27.1 °C;22.4;21.8;21.6;21.5;21.3
2024-04-10 14:50:10;27.9;35.4;40.2;31.8;38.6;45.4;27.3 °C;22.6;21.8;21.6;21.5;21.3
2024-04-10 15:00:09;27.9;35.4;40.2;31.8;38.6;45.4;27.4 °C;22.8;21.8;21.6;21.5;21.3
2024-04-10 15:10:14;27.8;35.4;40.2;31.8;38.6;45.4;27.6 °C;22.9;21.9;21.6;21.5;21.2
2024-04-10 15:20:13;27.8;35.4;40.2;31.8;38.6;45.3;27.8 °C;23;21.9;21.6;21.5;21.2
2024-04-10 15:30:11;27.9;35.4;40.3;31.8;38.6;45.4;27.9 °C;23.1;21.9;21.6;21.4;21.2
2024-04-10 15:40:15;27.9;35.4;40.3;31.8;38.6;45.3;28.1 °C;23.3;22;21.6;21.4;21.2
2024-04-10 15:50:10;27.9;35.5;40.3;31.8;38.6;45.3;28.2 °C;23.4;22.1;21.6;21.4;21.2
2024-04-10 16:00:09;27.9;35.5;40.3;31.8;38.6;45.3;28.3 °C;23.5;22.1;21.6;21.4;21.2
2024-04-10 16:10:11;27.9;35.5;40.3;31.8;38.6;45.3;28.4 °C;23.6;22.1;21.6;21.4;21.2
2024-04-10 16:20:11;27.9;35.5;40.3;31.8;38.6;45.3;28.5 °C;23.8;22.2;21.6;21.4;21.2
2024-04-10 16:30:14;27.9;35.5;40.3;31.8;38.6;45.3;28.5 °C;23.9;22.3;21.6;21.4;21.2
2024-04-10 16:40:13;27.9;35.6;40.3;31.8;38.6;45.3;28.5 °C;24;22.3;21.6;21.4;21.2
2024-04-10 16:50:12;27.8;35.6;40.3;31.8;38.6;45.3;28.4 °C;24.1;22.4;21.7;21.4;21.2
2024-04-10 17:00:08;27.8;35.6;40.4;31.8;38.6;45.3;28.4 °C;24.2;22.4;21.7;21.4;21.2
2024-04-10 17:10:13;27.8;35.6;40.4;31.8;38.6;45.3;28.3 °C;24.3;22.5;21.7;21.4;21.2
2024-04-10 17:20:14;27.7;35.6;40.3;31.8;38.6;45.3;28.1 °C;24.4;22.6;21.8;21.4;21.1
2024-04-10 17:30:09;27.7;35.7;40.4;31.8;38.6;45.3;28 °C;24.5;22.6;21.8;21.4;21.1
2024-04-10 17:40:10;27.7;35.7;40.4;31.8;38.6;45.3;27.9 °C;24.6;22.7;21.8;21.4;21.1
2024-04-10 17:50:09;27.7;35.7;40.4;31.8;38.6;45.3;27.7 °C;24.6;22.8;21.8;21.4;21.1
2024-04-10 18:00:14;27.7;35.7;40.4;31.9;38.6;45.3;27.6 °C;24.7;22.8;21.8;21.4;21.1
2024-04-10 18:10:13;27.7;35.7;40.4;31.9;38.6;45.3;27.4 °C;24.8;22.9;21.8;21.4;21.1
2024-04-10 18:20:10;27.7;35.7;40.4;31.8;38.6;45.3;27.3 °C;24.8;22.9;21.9;21.4;21.1
2024-04-10 18:30:13;27.6;35.7;40.4;31.8;38.6;45.3;27.2 °C;24.8;23;21.9;21.4;21.1
2024-04-10 18:40:07;27.6;35.7;40.5;31.8;38.6;45.3;27.1 °C;24.8;23.1;21.9;21.5;21.1
2024-04-10 18:50:11;27.6;35.7;40.5;31.9;38.6;45.3;26.9 °C;24.8;23.1;21.9;21.5;21.1
2024-04-10 19:00:07;27.6;35.7;40.5;31.9;38.6;45.3;26.8 °C;24.8;23.1;22;21.5;21.1
2024-04-10 19:10:11;27.6;35.7;40.5;31.9;38.6;45.3;26.6 °C;24.8;23.2;22;21.5;21.1
2024-04-10 19:20:07;27.4;35.7;40.5;31.9;38.6;45.3;26.5 °C;24.9;23.3;22.1;21.5;21.1
2024-04-10 19:30:11;27.4;35.7;40.5;31.9;38.6;45.3;26.4 °C;24.9;23.3;22.1;21.5;21.1
2024-04-10 19:40:07;27.4;35.7;40.5;31.9;38.6;45.3;26.2 °C;24.8;23.3;22.1;21.6;21.1
2024-04-10 19:50:12;27.4;35.7;40.5;31.9;38.6;45.3;26.1 °C;24.8;23.4;22.1;21.6;21.1
2024-04-10 20:00:08;27.4;35.7;40.5;31.9;38.6;45.3;25.9 °C;24.8;23.4;22.1;21.6;21.1
2024-04-10 20:10:14;27.4;35.7;40.5;31.9;38.6;45.3;25.8 °C;24.8;23.4;22.2;21.6;21.1
2024-04-10 20:20:12;27.4;35.7;40.5;31.9;38.6;45.3;25.6 °C;24.8;23.4;22.2;21.6;21.2
2024-04-10 20:30:13;27.3;35.7;40.5;31.9;38.6;45.3;25.4 °C;24.8;23.5;22.3;21.6;21.2
2024-04-10 20:40:11;27.3;35.7;40.6;31.9;38.6;45.3;25.3 °C;24.8;23.5;22.3;21.6;21.2
2024-04-10 20:50:11;27.3;35.7;40.6;31.9;38.6;45.3;25.1 °C;24.7;23.5;22.3;21.6;21.2
2024-04-10 21:00:11;27.2;35.7;40.6;31.9;38.6;45.3;25 °C;24.6;23.6;22.3;21.6;21.2
2024-04-10 21:10:11;27.2;35.7;40.6;31.9;38.6;45.3;24.8 °C;24.6;23.6;22.3;21.6;21.2
2024-04-10 21:20:11;27.2;35.7;40.6;31.9;38.6;45.3;24.7 °C;24.6;23.6;22.4;21.7;21.2
2024-04-10 21:30:11;27.2;35.7;40.6;31.9;38.6;45.3;24.6 °C;24.5;23.6;22.4;21.7;21.2
2024-04-10 21:40:11;27.2;35.7;40.6;31.9;38.6;45.3;24.4 °C;24.5;23.6;22.4;21.7;21.2
2024-04-10 21:50:12;27.2;35.6;40.6;32.0;38.6;45.3;24.4 °C;24.4;23.6;22.4;21.7;21.2
2024-04-10 22:00:12;27.1;35.6;40.6;32.0;38.6;45.3;24.3 °C;24.4;23.6;22.4;21.7;21.2
2024-04-10 22:10:13;27.2;35.6;40.6;32.0;38.7;45.3;24.1 °C;24.4;23.6;22.4;21.8;21.2
2024-04-10 22:20:08;27.2;35.6;40.6;32.0;38.7;45.4;24.1 °C;24.3;23.6;22.5;21.8;21.3
2024-04-10 22:30:13;27.1;35.6;40.6;32.0;38.7;45.4;23.9 °C;24.3;23.6;22.5;21.8;21.3
2024-04-10 22:40:07;27.1;35.6;40.6;32.0;38.7;45.4;23.8 °C;24.2;23.6;22.5;21.8;21.3
2024-04-10 22:50:11;27.1;35.6;40.6;32.0;38.7;45.4;23.8 °C;24.1;23.6;22.6;21.8;21.3
2024-04-10 23:00:07;27.1;35.5;40.6;32.0;38.7;45.4;23.6 °C;24.1;23.6;22.6;21.8;21.3
2024-04-10 23:10:11;27.1;35.5;40.6;32.0;38.7;45.4;23.6 °C;24.1;23.6;22.6;21.8;21.3
2024-04-10 23:20:07;27.1;35.5;40.6;32.0;38.7;45.4;23.5 °C;24;23.6;22.6;21.8;21.3
2024-04-10 23:30:11;27.1;35.5;40.6;32.0;38.7;45.4;23.4 °C;23.9;23.6;22.6;21.8;21.3
2024-04-10 23:40:07;27.0;35.5;40.6;32.0;38.7;45.4;23.3 °C;23.9;23.6;22.6;21.9;21.3
2024-04-10 23:50:11;27.0;35.5;40.6;32.0;38.7;45.4;23.3 °C;23.9;23.6;22.6;21.9;21.3
2024-04-11 00:00:08;27.0;35.5;40.6;32.0;38.7;45.4;23.2 °C;23.8;23.6;22.6;21.9;21.3
2024-04-11 00:10:12;27.0;35.5;40.6;32.0;38.7;45.4;23.1 °C;23.8;23.6;22.6;21.9;21.3
2024-04-11 00:20:10;27.0;35.5;40.5;32.0;38.7;45.4;23.1 °C;23.7;23.5;22.6;21.9;21.3
2024-04-11 00:30:09;27.0;35.4;40.5;32.0;38.7;45.4;22.9 °C;23.7;23.5;22.6;21.9;21.3
2024-04-11 00:40:11;27.0;35.4;40.5;32.0;38.7;45.4;22.9 °C;23.6;23.5;22.6;21.9;21.3
2024-04-11 00:50:11;27.0;35.4;40.5;32.0;38.7;45.4;22.8 °C;23.6;23.5;22.6;21.9;21.3
2024-04-11 01:00:07;27.0;35.4;40.5;32.0;38.7;45.4;22.7 °C;23.5;23.4;22.6;21.9;21.3
2024-04-11 01:10:07;27.0;35.4;40.5;32.0;38.7;45.4;22.6 °C;23.5;23.4;22.7;21.9;21.3
2024-04-11 01:20:11;27.0;35.4;40.5;32.0;38.7;45.4;22.6 °C;23.4;23.4;22.7;21.9;21.4
2024-04-11 01:30:11;26.9;35.4;40.5;32.0;38.7;45.4;22.5 °C;23.4;23.4;22.7;21.9;21.4
2024-04-11 01:40:07;26.9;35.4;40.5;32.0;38.7;45.4;22.4 °C;23.3;23.4;22.7;22;21.4
2024-04-11 01:50:07;26.9;35.3;40.5;32.0;38.7;45.4;22.4 °C;23.3;23.4;22.7;22;21.4
2024-04-11 02:00:11;26.9;35.3;40.5;32.0;38.7;45.4;22.3 °C;23.3;23.4;22.7;22;21.4
2024-04-11 02:10:12;26.9;35.4;40.5;32.0;38.7;45.4;22.3 °C;23.2;23.3;22.7;22;21.4
2024-04-11 02:20:09;27.0;35.3;40.5;32.0;38.7;45.4;22.2 °C;23.1;23.3;22.7;22;21.4
2024-04-11 02:30:10;26.9;35.3;40.5;32.0;38.7;45.4;22.1 °C;23.1;23.3;22.7;22;21.4
2024-04-11 02:40:10;27.0;35.3;40.5;32.0;38.7;45.4;22.1 °C;23.1;23.3;22.7;22;21.4
2024-04-11 02:50:09;27.0;35.3;40.5;32.0;38.7;45.4;22 °C;23;23.3;22.7;22;21.4
2024-04-11 03:00:12;27.0;35.3;40.5;32.0;38.7;45.4;21.9 °C;22.9;23.2;22.6;22;21.4
2024-04-11 03:10:08;26.9;35.3;40.5;32.0;38.7;45.4;21.9 °C;22.9;23.2;22.6;22;21.4
2024-04-11 03:20:10;27.0;35.3;40.5;32.0;38.7;45.4;21.8 °C;22.9;23.2;22.6;22.1;21.4
2024-04-11 03:30:13;27.0;35.3;40.5;32.0;38.7;45.4;21.8 °C;22.8;23.1;22.6;22.1;21.4
2024-04-11 03:40:07;26.9;35.3;40.5;32.0;38.7;45.4;21.7 °C;22.8;23.1;22.6;22.1;21.4
2024-04-11 03:50:08;26.9;35.2;40.5;32.0;38.7;45.4;21.6 °C;22.8;23.1;22.6;22.1;21.4
2024-04-11 04:00:10;26.9;35.2;40.4;32.0;38.7;45.4;21.6 °C;22.7;23.1;22.6;22.1;21.4
2024-04-11 04:10:09;26.9;35.2;40.4;32.0;38.7;45.4;21.5 °C;22.7;23.1;22.6;22.1;21.4
2024-04-11 04:30:07;26.9;35.2;40.4;32.0;38.8;45.4;21.4 °C;22.6;23;22.6;22.1;21.4
2024-04-11 04:40:08;26.9;35.2;40.4;32.0;38.7;45.4;21.3 °C;22.5;23;22.6;22.1;21.4
2024-04-11 04:50:10;26.9;35.2;40.4;32.0;38.7;45.4;21.3 °C;22.5;22.9;22.6;22.1;21.5
2024-04-11 05:00:09;26.9;35.2;40.4;32.0;38.7;45.4;21.2 °C;22.4;22.9;22.6;22.1;21.5
2024-04-11 05:10:11;26.9;35.2;40.4;32.0;38.7;45.4;21.1 °C;22.4;22.9;22.6;22.1;21.5
2024-04-11 05:20:14;26.9;35.2;40.4;32.0;38.7;45.4;21.1 °C;22.4;22.9;22.6;22.1;21.5
2024-04-11 05:30:14;26.9;35.1;40.4;32.0;38.7;45.4;21 °C;22.3;22.9;22.6;22.1;21.5
2024-04-11 05:40:14;26.9;35.2;40.4;32.0;38.7;45.4;20.9 °C;22.3;22.8;22.6;22.1;21.5
2024-04-11 05:50:13;27.0;35.1;40.4;32.0;38.7;45.4;20.9 °C;22.3;22.8;22.5;22.1;21.5
2024-04-11 06:00:08;26.9;35.1;40.4;32.0;38.7;45.4;20.8 °C;22.2;22.8;22.5;22.1;21.5
2024-04-11 06:10:13;26.9;35.1;40.4;32.0;38.7;45.4;20.8 °C;22.1;22.8;22.5;22.1;21.5
2024-04-11 06:20:08;26.9;35.1;40.3;32.0;38.7;45.4;20.7 °C;22.1;22.8;22.5;22.1;21.5
2024-04-11 06:30:14;26.9;35.1;40.4;32.0;38.7;45.4;20.6 °C;22.1;22.7;22.5;22.1;21.5
2024-04-11 06:40:13;26.9;35.1;40.3;32.0;38.8;45.4;20.6 °C;22;22.7;22.4;22.1;21.5
2024-04-11 06:50:08;26.9;35.1;40.3;32.0;38.7;45.4;20.5 °C;22;22.6;22.4;22.1;21.5
2024-04-11 07:00:10;26.9;35.1;40.4;32.0;38.7;45.4;20.4 °C;21.9;22.6;22.4;22.1;21.5
2024-04-11 07:10:09;26.9;35.0;40.3;32.0;38.7;45.4;20.4 °C;21.9;22.6;22.4;22.1;21.5
2024-04-11 07:20:08;26.9;35;40.3;32.0;38.7;45.4;20.3 °C;21.9;22.6;22.4;22.1;21.5
2024-04-11 07:30:10;26.9;35.0;40.3;32;38.7;45.4;20.3 °C;21.8;22.6;22.4;22;21.5
2024-04-11 07:40:13;26.9;35.0;40.3;32.0;38.7;45.4;20.3 °C;21.8;22.5;22.4;22;21.5
2024-04-11 07:50:12;26.8;35.0;40.3;32.0;38.7;45.4;20.3 °C;21.8;22.5;22.4;22;21.5
2024-04-11 08:00:10;26.8;35.0;40.3;32.0;38.7;45.4;20.3 °C;21.7;22.4;22.4;22;21.5
2024-04-11 08:10:13;26.8;35.0;40.3;31.9;38.7;45.4;20.4 °C;21.6;22.4;22.4;22;21.5
2024-04-11 08:20:07;26.9;35.0;40.3;32.0;38.7;45.4;20.4 °C;21.6;22.4;22.3;22;21.5
2024-04-11 08:30:13;26.9;35.0;40.3;32.0;38.7;45.4;20.6 °C;21.6;22.4;22.3;22;21.5
2024-04-11 08:40:11;26.9;35.0;40.3;31.9;38.7;45.4;20.6 °C;21.5;22.4;22.3;22;21.5
2024-04-11 08:50:11;26.9;34.9;40.3;31.9;38.7;45.4;20.8 °C;21.5;22.3;22.3;22;21.5
2024-04-11 09:00:07;26.9;35.0;40.2;32.0;38.7;45.4;20.8 °C;21.5;22.3;22.3;22;21.5
2024-04-11 09:10:12;26.8;35.0;40.3;32.0;38.7;45.4;20.9 °C;21.4;22.3;22.3;22;21.5
2024-04-11 09:20:14;26.9;35.0;40.2;32.0;38.7;45.4;21.1 °C;21.4;22.3;22.3;22;21.5
2024-04-11 09:30:09;26.9;35.0;40.2;32.0;38.7;45.4;21.2 °C;21.4;22.3;22.3;21.9;21.5
2024-04-11 09:40:12;26.9;35.0;40.2;31.9;38.7;45.4;21.3 °C;21.4;22.2;22.2;21.9;21.5
2024-04-11 09:50:13;26.8;35.0;40.2;31.9;38.7;45.4;21.4 °C;21.4;22.2;22.2;21.9;21.5
2024-04-11 10:00:08;26.8;35.0;40.2;31.9;38.7;45.4;21.5 °C;21.4;22.1;22.2;21.9;21.5
2024-04-11 10:10:09;26.8;35.0;40.2;31.9;38.7;45.6;21.6 °C;21.4;22.1;22.2;21.9;21.5
2024-04-11 10:20:08;26.9;35.0;40.2;31.9;38.7;45.6;21.7 °C;21.4;22.1;22.1;21.9;21.5
2024-04-11 10:30:13;26.9;34.9;40.2;31.9;38.7;45.6;21.8 °C;21.4;22.1;22.1;21.9;21.5
2024-04-11 10:40:12;26.9;34.9;40.2;31.9;38.7;45.7;21.9 °C;21.4;22.1;22.1;21.9;21.5
2024-04-11 10:50:10;26.9;35.0;40.2;31.9;38.7;45.6;21.9 °C;21.4;22.1;22.1;21.9;21.5
2024-04-11 11:00:07;26.9;34.9;40.2;31.9;38.7;45.7;22 °C;21.5;22.1;22.1;21.9;21.5
2024-04-11 11:10:11;26.9;34.9;40.2;31.9;38.7;45.7;22.1 °C;21.5;22;22.1;21.9;21.5
2024-04-11 11:20:11;26.9;34.9;40.2;31.9;38.7;45.6;22.2 °C;21.5;22;22.1;21.9;21.5
2024-04-11 11:30:12;26.9;34.9;40.2;31.9;38.7;45.6;22.3 °C;21.6;22;22.1;21.9;21.5
2024-04-11 11:40:10;26.9;34.9;40.2;31.9;38.7;45.6;22.4 °C;21.6;22;22;21.9;21.5
2024-04-11 11:50:10;26.8;35.0;40.2;31.9;38.7;45.6;22.5 °C;21.6;22;22;21.9;21.5
2024-04-11 12:00:11;26.9;34.9;40.2;31.9;38.7;45.6;22.6 °C;21.6;22;22;21.9;21.5
2024-04-11 12:10:11;26.9;35.0;40.2;31.9;38.7;45.6;22.8 °C;21.6;22;22;21.8;21.5
2024-04-11 12:20:11;26.9;34.9;40.2;31.9;38.7;45.7;22.9 °C;21.7;22;22;21.8;21.5
2024-04-11 12:30:12;26.9;34.9;40.2;31.9;38.7;45.7;23 °C;21.8;22;21.9;21.8;21.4
2024-04-11 12:40:06;26.9;34.9;40.1;31.9;38.7;45.7;23.1 °C;21.8;22;21.9;21.8;21.4
2024-04-11 12:50:10;26.9;35.0;40.2;31.9;38.7;45.7;23.3 °C;21.8;21.9;21.9;21.8;21.4
2024-04-11 13:00:10;26.9;34.9;40.1;31.9;38.7;45.7;23.4 °C;21.8;22;21.9;21.8;21.4
2024-04-11 13:10:11;26.9;34.9;40.2;31.9;38.7;45.7;23.6 °C;21.9;22;21.9;21.8;21.4
2024-04-11 13:20:07;26.9;34.9;40.2;31.9;38.7;45.7;23.8 °C;21.9;22;21.9;21.8;21.4
2024-04-11 13:30:12;26.9;35.0;40.1;31.9;38.7;45.7;23.9 °C;21.9;22;21.9;21.8;21.4
2024-04-11 13:40:06;26.9;35.0;40.2;31.9;38.7;45.7;24.1 °C;22;22;21.9;21.8;21.4
2024-04-11 13:50:10;26.9;35.0;40.2;31.9;38.7;45.7;24.2 °C;22.1;22;21.9;21.8;21.4
2024-04-11 14:00:06;26.9;35.0;40.2;31.9;38.7;45.7;24.4 °C;22.1;22;21.9;21.8;21.4
2024-04-11 14:10:11;26.9;35.0;40.1;31.9;38.7;45.7;24.5 °C;22.2;22;21.9;21.8;21.4
2024-04-11 14:20:07;26.9;35.0;40.2;31.9;38.7;45.7;24.6 °C;22.3;22;21.9;21.8;21.4
2024-04-11 14:30:12;26.9;35.0;40.2;31.9;38.7;45.7;24.8 °C;22.3;22.1;21.9;21.8;21.4
2024-04-11 14:40:11;26.9;35.0;40.2;31.9;38.6;45.7;24.9 °C;22.4;22.1;21.9;21.8;21.4
2024-04-11 14:50:11;26.9;35.0;40.2;31.9;38.6;45.7;24.9 °C;22.4;22.1;21.9;21.8;21.4
2024-04-11 15:00:08;26.9;35.0;40.2;31.9;38.7;45.7;25.1 °C;22.5;22.1;21.9;21.8;21.4
2024-04-11 15:10:14;26.9;35.1;40.2;31.9;38.6;45.7;25.2 °C;22.6;22.1;21.9;21.8;21.4
2024-04-11 15:20:09;26.9;35.1;40.2;31.9;38.6;45.8;25.3 °C;22.6;22.1;21.9;21.7;21.4
2024-04-11 15:30:08;26.9;35.1;40.2;31.9;38.6;45.7;25.4 °C;22.7;22.1;21.9;21.7;21.4
2024-04-11 15:40:10;26.9;35.1;40.2;31.9;38.6;45.7;25.6 °C;22.8;22.2;21.9;21.7;21.4
2024-04-11 15:50:10;26.9;35.1;40.2;31.9;38.6;45.7;25.7 °C;22.8;22.2;21.9;21.7;21.4
2024-04-11 16:00:06;26.9;35.1;40.2;31.9;38.6;45.8;25.8 °C;22.9;22.3;21.9;21.7;21.4
2024-04-11 16:10:07;26.9;35.1;40.2;31.9;38.6;45.7;25.9 °C;22.9;22.3;21.9;21.7;21.4
2024-04-11 16:20:11;26.9;35.1;40.2;31.9;38.6;45.7;26 °C;23;22.3;21.9;21.7;21.4
2024-04-11 16:30:13;26.9;35.1;40.2;31.9;38.6;45.7;26.1 °C;23.1;22.3;21.9;21.7;21.4
2024-04-11 16:40:12;26.9;35.1;40.2;31.9;38.6;45.7;26.1 °C;23.1;22.3;21.9;21.7;21.4
2024-04-11 16:50:10;26.9;35.1;40.2;31.9;38.6;45.7;26.2 °C;23.3;22.4;21.9;21.7;21.4
2024-04-11 17:00:09;26.9;35.1;40.2;31.9;38.6;45.7;26.2 °C;23.3;22.4;21.9;21.7;21.4
2024-04-11 17:10:09;26.9;35.2;40.2;31.9;38.6;45.7;26.3 °C;23.4;22.4;21.9;21.7;21.4
2024-04-11 17:20:08;26.9;35.2;40.2;31.9;38.6;45.7;26.3 °C;23.4;22.4;21.9;21.7;21.4
2024-04-11 17:30:10;26.9;35.2;40.2;31.9;38.6;45.7;26.4 °C;23.5;22.5;21.9;21.7;21.4
2024-04-11 17:40:13;26.9;35.2;40.2;31.9;38.6;45.7;26.4 °C;23.6;22.5;21.9;21.7;21.4
2024-04-11 17:50:12;26.9;35.2;40.3;31.9;38.6;45.7;26.4 °C;23.6;22.6;21.9;21.7;21.4
2024-04-11 18:00:11;26.8;35.2;40.3;31.9;38.6;45.7;26.4 °C;23.7;22.6;21.9;21.7;21.4
2024-04-11 18:10:08;26.8;35.2;40.3;31.9;38.6;45.7;26.4 °C;23.8;22.6;22;21.7;21.4
2024-04-11 18:20:14;26.8;35.3;40.3;31.9;38.6;45.7;26.3 °C;23.8;22.7;22;21.7;21.4
2024-04-11 18:30:09;26.8;35.3;40.3;31.9;38.6;45.7;26.2 °C;23.8;22.7;22;21.7;21.4
2024-04-11 18:40:09;26.8;35.2;40.3;31.9;38.6;45.7;26.1 °C;23.9;22.8;22;21.7;21.4
2024-04-11 18:50:12;26.9;35.2;40.3;31.9;38.6;45.7;25.9 °C;23.9;22.8;22;21.7;21.4
2024-04-11 19:00:07;26.7;35.3;40.3;31.9;38.6;45.7;25.8 °C;23.9;22.8;22.1;21.7;21.4
2024-04-11 19:10:08;26.7;35.3;40.3;31.9;38.6;45.7;25.7 °C;24;22.9;22.1;21.7;21.4
2024-04-11 19:20:09;26.7;35.3;40.3;31.9;38.6;45.7;25.6 °C;24;22.9;22.1;21.7;21.4
2024-04-11 19:30:09;26.7;35.2;40.3;31.9;38.6;45.7;25.4 °C;24.1;22.9;22.1;21.7;21.4
2024-04-11 19:40:12;26.7;35.3;40.3;31.9;38.6;45.7;25.3 °C;24.1;22.9;22.1;21.7;21.4
2024-04-11 19:50:10;26.7;35.3;40.3;31.9;38.6;45.7;25.1 °C;24.1;23;22.1;21.7;21.4
2024-04-11 20:00:14;26.7;35.3;40.3;31.9;38.6;45.7;24.9 °C;24.1;23;22.1;21.7;21.4
2024-04-11 20:10:13;26.6;35.3;40.4;31.9;38.6;45.6;24.8 °C;24.1;23;22.1;21.8;21.4
2024-04-11 20:20:09;26.6;35.3;40.3;31.9;38.6;45.6;24.6 °C;24;23.1;22.2;21.8;21.4
2024-04-11 20:30:12;26.6;35.3;40.3;31.9;38.6;45.3;24.4 °C;24;23.1;22.2;21.8;21.4
2024-04-11 20:40:14;26.6;35.3;40.3;31.9;38.7;45.3;24.3 °C;24;23.1;22.2;21.8;21.4
2024-04-11 20:50:09;26.6;35.3;40.3;31.9;38.6;45.5;24.2 °C;23.9;23.1;22.3;21.8;21.4
2024-04-11 21:00:13;26.6;35.2;40.3;31.9;38.7;45.5;24 °C;23.9;23.1;22.3;21.8;21.4
2024-04-11 21:10:08;26.6;35.2;40.3;31.9;38.8;45.3;23.9 °C;23.9;23.1;22.3;21.8;21.4
2024-04-11 21:20:07;26.6;35.2;40.4;31.9;38.7;45.3;23.8 °C;23.9;23.2;22.3;21.8;21.4
2024-04-11 21:30:09;26.6;35.3;40.4;31.9;38.8;45.3;23.6 °C;23.8;23.2;22.3;21.8;21.4
2024-04-11 21:40:07;26.6;35.2;40.4;31.9;38.8;45.3;23.5 °C;23.8;23.2;22.3;21.8;21.4
2024-04-11 21:50:09;26.6;35.2;40.4;31.9;38.7;45.6;23.4 °C;23.8;23.2;22.3;21.8;21.4
2024-04-11 22:00:12;26.6;35.2;40.4;31.9;38.7;45.6;23.3 °C;23.7;23.2;22.3;21.8;21.4
2024-04-11 22:10:11;26.6;35.2;40.4;32.0;38.7;45.7;23.2 °C;23.6;23.2;22.4;21.8;21.4
2024-04-11 22:20:08;26.6;35.2;40.4;31.9;38.7;45.7;23.1 °C;23.6;23.2;22.4;21.8;21.4
2024-04-11 22:30:10;26.6;35.2;40.4;32.0;38.7;45.6;22.9 °C;23.6;23.2;22.4;21.8;21.4
2024-04-11 22:40:10;26.6;35.2;40.4;32.0;38.7;45.7;22.9 °C;23.5;23.2;22.4;21.8;21.4
2024-04-11 22:50:11;26.6;35.1;40.4;32.0;38.8;45.3;22.8 °C;23.4;23.2;22.4;21.9;21.4
2024-04-11 23:00:08;26.6;35.1;40.4;32.0;38.7;45.4;22.6 °C;23.4;23.2;22.4;21.9;21.4
2024-04-11 23:10:07;26.6;35.1;40.4;32.0;38.7;45.4;22.6 °C;23.4;23.2;22.4;21.9;21.4
2024-04-11 23:20:12;26.6;35.1;40.4;32.0;38.7;45.6;22.4 °C;23.3;23.2;22.4;21.9;21.4
2024-04-11 23:30:07;26.6;35.1;40.3;32.0;38.7;45.7;22.4 °C;23.3;23.2;22.4;21.9;21.4
2024-04-11 23:40:09;26.6;35.1;40.4;32.0;38.8;45.4;22.3 °C;23.2;23.1;22.4;21.9;21.4
2024-04-11 23:50:12;26.6;35.1;40.3;32.0;38.7;45.4;22.2 °C;23.1;23.1;22.4;21.9;21.4
2024-04-12 00:00:07;26.5;35.1;40.3;32.0;38.7;45.4;22.1 °C;23.1;23.1;22.4;21.9;21.4
2024-04-12 00:10:09;26.5;35.0;40.4;32.0;38.7;45.4;22 °C;23.1;23.1;22.4;21.9;21.4
2024-04-12 00:20:12;26.5;35.0;40.3;32.0;38.7;45.4;21.9 °C;23;23.1;22.4;21.9;21.4
2024-04-12 00:30:06;26.5;35.0;40.3;32.0;38.7;45.4;21.9 °C;22.9;23.1;22.4;21.9;21.4
2024-04-12 00:40:07;26.5;35.0;40.3;32.0;38.8;45.4;21.8 °C;22.9;23.1;22.4;21.9;21.4
2024-04-12 00:50:09;26.5;35.0;40.3;32.0;38.8;45.4;21.7 °C;22.9;23.1;22.4;21.9;21.4
2024-04-12 01:00:09;26.5;35.0;40.3;32.0;38.8;45.4;21.6 °C;22.8;23;22.4;21.9;21.4
2024-04-12 01:10:12;26.5;35.0;40.3;32.0;38.8;45.4;21.5 °C;22.8;23;22.4;21.9;21.4
2024-04-12 01:20:10;26.5;35.0;40.3;32.0;38.8;45.4;21.4 °C;22.7;23;22.4;21.9;21.4
2024-04-12 01:30:13;26.5;35.0;40.3;32.0;38.8;45.4;21.4 °C;22.6;22.9;22.4;21.9;21.4
2024-04-12 01:40:13;26.5;35.0;40.3;32.0;38.8;45.4;21.3 °C;22.6;22.9;22.4;21.9;21.4
2024-04-12 01:50:09;26.5;34.9;40.3;32.0;38.8;45.3;21.3 °C;22.6;22.9;22.4;21.9;21.5
2024-04-12 02:00:13;26.5;34.9;40.3;32.0;38.8;45.3;21.1 °C;22.5;22.9;22.4;21.9;21.5
2024-04-12 02:10:09;26.6;34.9;40.3;32.0;38.8;45.3;21.1 °C;22.4;22.9;22.4;21.9;21.5
2024-04-12 02:20:09;26.5;34.9;40.2;32.0;38.8;45.4;21 °C;22.4;22.9;22.4;22;21.5
2024-04-12 02:30:13;26.5;35.0;40.3;32.0;38.8;45.3;20.9 °C;22.4;22.8;22.4;22;21.5
2024-04-12 02:40:08;26.5;34.9;40.3;32.0;38.8;45.4;20.9 °C;22.3;22.8;22.4;22;21.5
2024-04-12 02:50:11;26.5;34.9;40.3;32.0;38.8;45.3;20.8 °C;22.3;22.8;22.4;22;21.5
2024-04-12 03:00:08;26.5;34.9;40.2;32.0;38.8;45.3;20.8 °C;22.2;22.8;22.4;22;21.5
2024-04-12 03:10:07;26.6;35.0;40.2;32.0;38.8;45.4;20.7 °C;22.1;22.8;22.4;22;21.5
2024-04-12 03:20:09;26.5;35.0;40.2;32.0;38.8;45.3;20.6 °C;22.1;22.7;22.4;22;21.5
2024-04-12 03:30:08;26.5;35.0;40.2;32;38.8;45.3;20.6 °C;22.1;22.7;22.4;22;21.5
2024-04-12 03:40:10;26.5;34.9;40.3;32.0;38.8;45.3;20.5 °C;22;22.6;22.4;22;21.5
2024-04-12 03:50:07;26.5;34.9;40.2;32.0;38.8;45.4;20.4 °C;21.9;22.6;22.4;22;21.5
2024-04-12 04:00:08;26.5;34.9;40.2;32.0;38.8;45.3;20.4 °C;21.9;22.6;22.4;22;21.5
2024-04-12 04:10:11;26.5;34.8;40.2;32.0;38.8;45.4;20.3 °C;21.9;22.6;22.4;22;21.5
2024-04-12 04:20:13;26.5;34.9;40.2;32.0;38.8;45.4;20.3 °C;21.8;22.6;22.4;22;21.5
2024-04-12 04:30:13;26.5;34.9;40.2;32.0;38.8;45.4;20.2 °C;21.8;22.5;22.3;22;21.5
2024-04-12 04:40:12;26.5;34.8;40.2;32.0;38.8;45.4;20.1 °C;21.8;22.5;22.3;22;21.5
2024-04-12 04:50:06;26.5;34.8;40.2;32.0;38.8;45.4;20.1 °C;21.7;22.4;22.3;22;21.5
2024-04-12 05:00:11;26.5;34.9;40.2;31.9;38.8;45.4;20 °C;21.6;22.4;22.3;22;21.5
2024-04-12 05:10:12;26.5;34.8;40.2;32.0;38.8;45.3;19.9 °C;21.6;22.4;22.3;22;21.5
2024-04-12 05:20:07;26.5;34.8;40.2;32.0;38.7;45.4;19.9 °C;21.6;22.4;22.3;21.9;21.5
2024-04-12 05:30:08;26.5;34.8;40.1;32.0;38.8;45.3;19.9 °C;21.5;22.3;22.3;21.9;21.5
2024-04-12 05:40:07;26.5;34.8;40.1;32.0;38.7;45.4;19.8 °C;21.4;22.3;22.3;21.9;21.5
2024-04-12 05:50:13;26.5;34.8;40.1;32.0;38.7;45.3;19.8 °C;21.4;22.3;22.3;21.9;21.5
2024-04-12 06:00:13;26.5;35.3;40.1;32.0;38.7;45.4;19.7 °C;21.4;22.3;22.2;21.9;21.5
2024-04-12 06:10:13;26.6;35.1;40.1;32.0;38.7;45.3;19.6 °C;21.3;22.3;22.2;21.9;21.5
2024-04-12 06:20:13;26.5;35.1;40.1;31.9;38.8;45.4;19.6 °C;21.3;22.2;22.2;21.9;21.5
2024-04-12 06:30:08;26.5;35.0;40.1;32.0;38.7;45.4;19.6 °C;21.3;22.2;22.2;21.9;21.5
2024-04-12 06:40:07;26.5;35.0;40.1;31.9;38.7;45.4;19.5 °C;21.2;22.1;22.2;21.9;21.5
2024-04-12 06:50:05;26.6;35.0;40.1;31.9;38.7;45.4;19.4 °C;21.1;22.1;22.1;21.9;21.5
2024-04-12 07:00:09;26.6;34.9;40.1;31.9;38.7;45.4;19.4 °C;21.1;22.1;22.1;21.9;21.5
2024-04-12 07:10:05;26.6;34.8;40.1;31.9;38.7;45.4;19.4 °C;21.1;22.1;22.1;21.9;21.5
2024-04-12 07:20:05;26.6;34.8;40.1;31.9;38.7;45.4;19.4 °C;21;22;22.1;21.9;21.5
2024-04-12 07:30:06;26.6;34.8;40.1;32.0;38.7;45.4;19.4 °C;21;22;22.1;21.9;21.5
2024-04-12 07:40:10;26.6;34.8;40.1;32.0;38.7;45.4;19.4 °C;20.9;21.9;22.1;21.9;21.5
2024-04-12 07:50:07;26.6;34.8;40.1;32.0;38.7;45.4;19.4 °C;20.9;21.9;22.1;21.9;21.5
2024-04-12 08:00:08;26.6;34.8;40.0;31.9;38.7;45.4;19.5 °C;20.9;21.9;22.1;21.9;21.5
2024-04-12 08:10:12;26.5;34.9;40.1;31.9;38.7;45.3;19.6 °C;20.8;21.9;22;21.9;21.5
2024-04-12 08:20:06;26.6;34.9;40.0;31.9;38.7;45.3;19.6 °C;20.8;21.8;22;21.9;21.5
2024-04-12 08:30:07;26.6;34.8;40.0;31.9;38.7;45.3;19.7 °C;20.8;21.8;22;21.9;21.5
2024-04-12 08:40:10;26.6;34.8;40.0;31.9;38.7;45.3;19.9 °C;20.8;21.8;21.9;21.9;21.5
2024-04-12 08:50:10;26.6;34.8;40.0;31.8;38.7;45.4;20 °C;20.8;21.8;21.9;21.8;21.5
2024-04-12 09:00:07;26.6;34.8;40.0;31.9;38.7;45.3;20.2 °C;20.7;21.8;21.9;21.8;21.5
2024-04-12 09:10:08;26.6;34.8;40;31.8;38.7;45.3;20.4 °C;20.7;21.7;21.9;21.8;21.5
2024-04-12 09:20:08;26.6;34.7;40.0;31.8;38.7;45.3;20.6 °C;20.7;21.7;21.9;21.8;21.5
2024-04-12 09:30:06;26.7;34.7;40.0;31.8;38.7;45.3;20.8 °C;20.7;21.7;21.9;21.8;21.5
2024-04-12 09:40:07;26.6;34.7;40.0;31.8;38.7;45.3;21 °C;20.7;21.6;21.9;21.8;21.5
2024-04-12 09:50:09;26.6;34.8;40.0;31.8;38.7;45.3;21.3 °C;20.7;21.6;21.8;21.8;21.5
2024-04-12 10:00:13;26.6;34.8;40.0;31.8;38.7;45.3;21.5 °C;20.7;21.6;21.8;21.8;21.5
2024-04-12 10:10:13;26.7;34.8;40.0;31.8;38.7;45.3;21.8 °C;20.8;21.6;21.8;21.8;21.5
2024-04-12 10:20:13;26.6;34.8;40.0;31.8;38.7;45.3;22 °C;20.8;21.6;21.8;21.8;21.5
2024-04-12 10:30:13;26.6;34.8;40.0;31.8;38.7;45.4;22.3 °C;20.8;21.5;21.8;21.8;21.4
2024-04-12 10:40:08;26.7;34.8;40.0;31.8;38.7;45.3;22.5 °C;20.8;21.5;21.8;21.8;21.4
2024-04-12 10:50:07;26.6;34.8;40.0;31.8;38.7;45.3;22.8 °C;20.9;21.5;21.8;21.8;21.4
2024-04-12 11:00:05;26.7;34.9;40.0;31.8;38.7;45.4;23.1 °C;20.9;21.5;21.8;21.8;21.4
2024-04-12 11:10:10;26.7;34.8;39.9;31.8;38.6;45.4;23.3 °C;21;21.5;21.7;21.7;21.4
2024-04-12 11:20:07;26.7;34.8;39.9;31.8;38.6;45.3;23.6 °C;21.1;21.5;21.7;21.7;21.4
2024-04-12 11:30:09;26.7;34.8;39.9;31.8;38.6;45.3;23.8 °C;21.1;21.5;21.7;21.7;21.4
2024-04-12 11:40:12;26.7;34.8;40.0;31.8;38.7;45.3;24 °C;21.3;21.5;21.6;21.7;21.4
2024-04-12 11:50:08;26.7;34.8;39.9;31.8;38.6;45.3;24.1 °C;21.3;21.5;21.6;21.7;21.4
2024-04-12 12:00:11;26.8;34.8;40.0;31.8;38.6;45.3;24.3 °C;21.4;21.5;21.6;21.7;21.4
2024-04-12 12:10:08;26.7;34.8;39.9;31.8;38.7;45.3;24.3 °C;21.5;21.5;21.6;21.6;21.4
2024-04-12 12:20:07;26.7;34.8;40.0;31.8;38.6;45.3;24.4 °C;21.6;21.5;21.6;21.6;21.4
2024-04-12 12:30:10;26.7;34.8;39.9;31.8;38.6;45.3;24.5 °C;21.7;21.5;21.6;21.6;21.4
2024-04-12 12:40:11;26.7;34.9;40.0;31.8;38.7;45.3;24.6 °C;21.8;21.6;21.6;21.6;21.4
2024-04-12 12:50:09;26.7;34.8;40.0;31.8;38.6;45.3;24.8 °C;21.9;21.6;21.6;21.6;21.4
2024-04-12 13:00:06;26.8;34.9;40.0;31.8;38.6;45.3;24.9 °C;21.9;21.6;21.6;21.6;21.4
2024-04-12 13:10:11;26.8;34.9;40.0;31.8;38.6;45.3;25.2 °C;22.1;21.6;21.6;21.6;21.4
2024-04-12 13:20:13;26.8;34.9;40.0;31.8;38.6;45.3;25.5 °C;22.1;21.6;21.6;21.6;21.4
2024-04-12 13:30:08;26.9;34.9;40.0;31.8;38.6;45.3;25.9 °C;22.3;21.7;21.6;21.6;21.4
2024-04-12 13:40:12;26.9;34.9;40.0;31.8;38.6;45.3;26.3 °C;22.3;21.7;21.6;21.6;21.4
2024-04-12 13:50:07;26.9;34.9;40.0;31.8;38.6;45.3;26.6 °C;22.4;21.8;21.6;21.6;21.4
2024-04-12 14:00:06;27.0;34.9;40.0;31.8;38.6;45.3;26.9 °C;22.6;21.8;21.6;21.6;21.4
2024-04-12 14:10:07;26.9;35;40.0;31.8;38.6;45.3;27.3 °C;22.7;21.8;21.6;21.6;21.4
2024-04-12 14:20:05;27.0;35.1;40.0;31.8;38.6;45.3;27.6 °C;22.8;21.8;21.6;21.6;21.4
2024-04-12 14:30:05;27.0;35.1;40.0;31.8;38.6;45.3;27.9 °C;22.9;21.9;21.6;21.6;21.4
2024-04-12 14:40:05;27.0;35.1;40.0;31.8;38.6;45.3;28.3 °C;23.1;21.9;21.6;21.6;21.4
2024-04-12 14:50:05;27.0;35.1;40.0;31.8;38.6;45.3;28.5 °C;23.2;22;21.6;21.6;21.3
2024-04-12 15:00:05;27.0;35.2;40.0;31.8;38.6;45.3;28.8 °C;23.4;22;21.6;21.5;21.3
2024-04-12 15:10:05;27.0;35.2;40.1;31.8;38.6;45.3;29 °C;23.5;22.1;21.6;21.5;21.3
2024-04-12 15:20:05;27.0;35.3;40.0;31.8;38.6;45.3;29.2 °C;23.6;22.1;21.6;21.5;21.3
2024-04-12 15:30:06;27.0;35.2;40.1;31.8;38.6;45.3;29.4 °C;23.8;22.2;21.6;21.5;21.3
2024-04-12 15:40:08;27.0;35.3;40.1;31.8;38.6;45.3;29.6 °C;23.9;22.3;21.6;21.5;21.3
2024-04-12 15:50:10;27.0;35.3;40.1;31.8;38.6;45.3;29.7 °C;24.1;22.3;21.7;21.5;21.3
2024-04-12 16:00:08;27.0;35.3;40.1;31.8;38.6;45.3;29.8 °C;24.3;22.4;21.7;21.5;21.3
2024-04-12 16:10:11;27.1;35.3;40.1;31.8;38.6;45.3;29.9 °C;24.4;22.4;21.7;21.5;21.3
2024-04-12 16:20:09;27.0;35.4;40.1;31.8;38.6;45.3;30.1 °C;24.6;22.5;21.8;21.5;21.3
2024-04-12 16:30:09;27.0;35.4;40.1;31.8;38.6;45.3;30.1 °C;24.7;22.6;21.8;21.5;21.3
2024-04-12 16:40:13;27.0;35.5;40.1;31.8;38.6;45.3;30.2 °C;24.8;22.7;21.8;21.5;21.3
2024-04-12 16:50:09;26.9;35.5;40.2;31.8;38.6;45.3;30.3 °C;24.9;22.8;21.8;21.5;21.3
2024-04-12 17:00:13;27.0;35.5;40.2;31.8;38.6;45.3;30.3 °C;25.1;22.8;21.8;21.6;21.3
2024-04-12 17:10:13;27.0;35.6;40.2;31.8;38.6;45.3;30.3 °C;25.2;22.9;21.9;21.6;21.3
2024-04-12 17:20:08;26.9;35.7;40.2;31.8;38.6;45.2;30.2 °C;25.3;23;21.9;21.6;21.3
2024-04-12 17:30:12;26.9;35.7;40.2;31.8;38.6;45.3;30.2 °C;25.4;23.1;21.9;21.6;21.3
2024-04-12 17:40:07;26.9;35.8;40.2;31.8;38.6;45.3;30.1 °C;25.5;23.1;21.9;21.6;21.3
2024-04-12 17:50:06;26.9;35.9;40.3;31.8;38.6;45.3;30.1 °C;25.6;23.2;22;21.6;21.3
2024-04-12 18:00:07;26.8;36.0;40.3;31.8;38.6;45.2;29.9 °C;25.7;23.3;22;21.6;21.3
2024-04-12 18:10:06;26.8;36.0;40.3;31.9;38.6;45.3;29.8 °C;25.8;23.4;22.1;21.6;21.3
2024-04-12 18:20:07;26.8;36.1;40.3;31.8;38.6;45.2;29.6 °C;25.9;23.4;22.1;21.6;21.3
2024-04-12 18:30:08;26.8;36.1;40.3;31.8;38.6;45.2;29.5 °C;25.9;23.5;22.1;21.6;21.3
2024-04-12 18:40:12;26.8;36.1;40.3;31.8;38.6;45.2;29.3 °C;26;23.6;22.1;21.6;21.3
2024-04-12 18:50:12;26.8;36.2;40.4;31.9;38.6;45.3;29.1 °C;26;23.6;22.2;21.6;21.3
2024-04-12 19:00:11;26.7;36.2;40.4;31.9;38.6;45.3;28.9 °C;26.1;23.7;22.3;21.6;21.3
2024-04-12 19:10:09;26.7;36.3;40.4;31.9;38.6;45.2;28.8 °C;26.1;23.8;22.3;21.7;21.3
2024-04-12 19:20:10;26.7;36.4;40.4;31.9;38.6;45.3;28.6 °C;26.1;23.8;22.3;21.7;21.3
2024-04-12 19:30:11;26.6;36.5;40.4;31.9;38.6;45.3;28.4 °C;26.1;23.9;22.4;21.7;21.3
2024-04-12 19:40:06;26.6;36.5;40.4;31.9;38.6;45.3;28.2 °C;26.1;23.9;22.4;21.7;21.3
2024-04-12 19:50:12;26.5;36.5;40.4;31.9;38.6;45.2;27.9 °C;26.1;24;22.4;21.8;21.3
2024-04-12 20:00:06;26.6;36.5;40.4;31.9;38.7;45.3;27.8 °C;26.1;24.1;22.4;21.8;21.3
2024-04-12 20:10:12;26.5;36.6;40.5;31.9;38.6;45.3;27.6 °C;26.1;24.1;22.5;21.8;21.3
2024-04-12 20:20:12;26.5;36.6;40.5;31.9;38.6;45.3;27.4 °C;26.1;24.1;22.6;21.8;21.3
2024-04-12 20:30:07;26.6;36.7;40.5;31.9;38.7;45.3;27.2 °C;26.1;24.2;22.6;21.8;21.3
2024-04-12 20:40:10;26.5;36.7;40.5;32.0;38.7;45.3;27 °C;26;24.2;22.6;21.8;21.4
2024-04-12 20:50:12;26.5;36.7;40.5;32.0;38.7;45.3;26.8 °C;26;24.3;22.6;21.8;21.4
2024-04-12 21:00:07;26.5;36.6;40.5;31.9;38.6;45.3;26.6 °C;25.9;24.3;22.7;21.9;21.4
2024-04-12 21:10:09;26.5;36.7;40.5;32.0;38.7;45.3;26.4 °C;25.9;24.3;22.8;21.9;21.4
2024-04-12 21:20:09;26.5;36.7;40.5;32.0;38.7;45.3;26.3 °C;25.9;24.3;22.8;21.9;21.4
2024-04-12 21:30:10;26.5;36.6;40.5;32.0;38.7;45.3;26.1 °C;25.8;24.4;22.8;21.9;21.4
2024-04-12 21:40:08;26.5;36.6;40.5;32.0;38.7;45.3;25.9 °C;25.8;24.4;22.8;21.9;21.4
2024-04-12 21:50:07;26.4;36.4;40.5;32.0;38.8;45.3;25.8 °C;25.7;24.4;22.9;21.9;21.4
2024-04-12 22:00:06;26.5;36.2;40.5;32.0;38.7;45.3;25.6 °C;25.7;24.4;22.9;22;21.4
2024-04-12 22:10:11;26.5;36.1;40.5;31.9;38.8;45.3;25.5 °C;25.6;24.4;22.9;22;21.4
2024-04-12 22:20:10;26.4;35.9;40.5;31.9;38.8;45.3;25.3 °C;25.6;24.4;22.9;22;21.4
2024-04-12 22:30:07;26.4;35.5;40.5;31.9;38.8;45.3;25.2 °C;25.5;24.4;23;22.1;21.4
2024-04-12 22:40:09;26.7;35.4;40.5;31.9;38.8;45.3;25.1 °C;25.4;24.4;23;22.1;21.4
2024-04-12 22:50:10;26.5;36.2;40.5;31.9;38.8;45.3;24.9 °C;25.4;24.4;23;22.1;21.5
2024-04-12 23:00:11;26.5;36.4;40.5;31.9;38.7;45.3;24.8 °C;25.3;24.4;23.1;22.1;21.5
2024-04-12 23:10:09;26.5;35.5;40.5;31.9;38.8;45.3;24.7 °C;25.3;24.4;23.1;22.1;21.5
2024-04-12 23:20:10;26.7;35.4;40.5;31.9;38.8;45.3;24.6 °C;25.2;24.4;23.1;22.1;21.5
2024-04-12 23:30:12;26.8;35.4;40.6;31.9;38.8;45.3;24.4 °C;25.1;24.4;23.1;22.2;21.5
2024-04-12 23:40:07;26.4;35.3;40.5;31.9;38.8;45.3;24.3 °C;25.1;24.4;23.1;22.2;21.5
2024-04-12 23:50:05;26.4;35.3;40.5;31.9;38.8;45.3;24.2 °C;25;24.4;23.1;22.2;21.6
2024-04-13 00:00:09;26.3;35.3;40.6;31.9;38.8;45.3;24 °C;24.9;24.4;23.2;22.2;21.6
2024-04-13 00:10:10;26.3;35.2;40.5;31.9;38.8;45.3;23.9 °C;24.9;24.4;23.2;22.3;21.6
2024-04-13 00:20:07;26.4;35.2;40.5;31.9;38.8;45.3;23.8 °C;24.8;24.4;23.2;22.3;21.6
2024-04-13 00:30:11;26.3;35.2;40.5;31.9;38.8;45.3;23.7 °C;24.7;24.4;23.2;22.3;21.6
2024-04-13 00:40:05;26.3;35.2;40.5;31.9;38.8;45.3;23.6 °C;24.6;24.3;23.2;22.3;21.6
2024-04-13 00:50:09;26.3;35.2;40.5;31.9;38.8;45.3;23.4 °C;24.6;24.3;23.3;22.3;21.6
2024-04-13 01:00:07;26.3;35.2;40.5;31.9;38.8;45.3;23.3 °C;24.5;24.3;23.3;22.3;21.6
2024-04-13 01:10:05;26.3;35.2;40.5;31.9;38.8;45.3;23.2 °C;24.4;24.3;23.3;22.3;21.6
2024-04-13 01:20:05;26.3;35.2;40.5;31.9;38.8;45.3;23.1 °C;24.4;24.3;23.3;22.3;21.6
2024-04-13 01:30:10;26.3;35.2;40.5;31.9;38.8;45.3;23 °C;24.3;24.3;23.3;22.4;21.6
2024-04-13 01:40:07;26.2;35.1;40.5;31.9;38.8;45.3;22.9 °C;24.3;24.2;23.3;22.4;21.7
2024-04-13 01:50:10;26.3;35.1;40.5;31.9;38.8;45.3;22.8 °C;24.2;24.2;23.3;22.4;21.7
2024-04-13 02:00:08;26.3;35.1;40.5;31.9;38.8;45.3;22.7 °C;24.1;24.2;23.3;22.4;21.7
2024-04-13 02:10:07;26.3;35.0;40.5;31.9;38.8;45.3;22.6 °C;24.1;24.1;23.3;22.4;21.7
2024-04-13 02:20:09;26.2;34.9;40.7;31.9;38.8;45.3;22.5 °C;24;24.1;23.3;22.4;21.7
2024-04-13 02:30:10;26.4;34.9;40.5;31.9;38.8;45.3;22.4 °C;23.9;24.1;23.3;22.4;21.7
2024-04-13 02:40:09;26.3;34.9;40.4;31.9;38.9;45.3;22.4 °C;23.9;24.1;23.3;22.4;21.8
2024-04-13 02:50:05;26.3;34.9;40.5;31.9;38.9;45.3;22.3 °C;23.8;24;23.3;22.4;21.8
2024-04-13 03:00:09;26.3;34.9;40.4;31.9;38.8;45.3;22.2 °C;23.8;24;23.3;22.4;21.8
2024-04-13 03:10:11;26.3;34.9;40.4;31.9;38.8;45.3;22.1 °C;23.7;23.9;23.3;22.4;21.8
2024-04-13 03:20:05;26.3;34.8;40.4;31.9;38.8;45.4;22 °C;23.6;23.9;23.3;22.5;21.8
2024-04-13 03:30:05;26.3;34.8;40.4;31.9;38.8;45.3;21.9 °C;23.6;23.9;23.3;22.5;21.8
2024-04-13 03:40:11;26.3;34.8;40.4;31.9;38.8;45.3;21.8 °C;23.5;23.9;23.3;22.5;21.8
2024-04-13 03:50:05;26.3;34.8;40.4;31.9;38.8;45.4;21.8 °C;23.4;23.8;23.3;22.5;21.8
2024-04-13 04:00:06;26.2;34.8;40.4;31.9;38.8;45.4;21.7 °C;23.4;23.8;23.3;22.5;21.8
2024-04-13 04:10:08;26.2;34.7;40.4;31.9;38.8;45.4;21.6 °C;23.3;23.8;23.3;22.5;21.8
2024-04-13 04:20:08;26.2;34.7;40.4;31.9;38.8;45.4;21.5 °C;23.3;23.8;23.2;22.5;21.8
2024-04-13 04:30:04;26.2;34.8;40.4;32.0;38.8;45.4;21.4 °C;23.2;23.7;23.2;22.5;21.8
2024-04-13 04:40:04;26.2;34.7;40.4;31.9;38.8;45.4;21.3 °C;23.1;23.7;23.2;22.5;21.8
2024-04-13 04:50:08;26.2;34.7;40.4;31.9;38.8;45.4;21.3 °C;23.1;23.6;23.2;22.5;21.8
2024-04-13 05:00:08;26.2;34.7;40.3;31.9;38.8;45.4;21.2 °C;23;23.6;23.2;22.5;21.8
2024-04-13 05:10:05;26.2;34.7;40.4;31.9;38.8;45.4;21.1 °C;22.9;23.6;23.2;22.5;21.9
2024-04-13 05:20:05;26.2;34.6;40.3;31.9;38.8;45.4;21.1 °C;22.9;23.6;23.1;22.5;21.9
2024-04-13 05:30:10;26.2;34.7;40.3;31.9;38.8;45.4;21 °C;22.8;23.5;23.1;22.5;21.9
2024-04-13 05:40:12;26.3;34.6;40.3;31.9;38.8;45.4;20.9 °C;22.8;23.5;23.1;22.5;21.9
2024-04-13 05:50:12;26.2;34.6;40.3;31.9;38.9;45.4;20.8 °C;22.7;23.4;23.1;22.5;21.9
2024-04-13 06:00:12;26.2;34.6;40.3;31.9;38.8;45.4;20.8 °C;22.6;23.4;23.1;22.5;21.9
2024-04-13 06:10:07;26.3;34.6;40.3;31.9;38.8;45.4;20.7 °C;22.6;23.4;23.1;22.5;21.9
2024-04-13 06:20:06;26.2;34.6;40.3;31.9;38.8;45.4;20.6 °C;22.6;23.3;23.1;22.5;21.9
2024-04-13 06:30:05;26.2;34.6;40.3;31.9;38.8;45.4;20.6 °C;22.5;23.3;23.1;22.5;21.9
2024-04-13 06:40:10;26.2;34.6;40.3;31.9;38.8;45.4;20.5 °C;22.4;23.3;23.1;22.5;21.9
2024-04-13 06:50:07;26.2;34.6;40.3;31.9;38.8;45.4;20.4 °C;22.4;23.3;23;22.5;21.9
2024-04-13 07:00:11;26.3;34.5;40.3;31.9;38.9;45.4;20.4 °C;22.3;23.2;23;22.5;21.9
2024-04-13 07:10:09;26.3;34.5;40.3;31.9;38.8;45.4;20.4 °C;22.3;23.2;23;22.5;21.9
2024-04-13 07:20:10;26.2;34.5;40.2;31.9;38.8;45.4;20.3 °C;22.2;23.1;23;22.5;21.9
2024-04-13 07:30:08;26.2;34.5;40.2;31.9;38.8;45.4;20.3 °C;22.2;23.1;22.9;22.5;21.9
2024-04-13 07:40:07;26.2;34.5;40.2;31.9;38.9;45.4;20.3 °C;22.1;23.1;22.9;22.5;21.9
2024-04-13 07:50:07;26.2;34.6;40.2;31.9;38.8;45.4;20.3 °C;22.1;23;22.9;22.5;21.9
2024-04-13 08:00:05;26.2;34.5;40.2;31.9;38.8;45.4;20.4 °C;22;23;22.9;22.5;21.9
2024-04-13 08:10:06;26.3;34.5;40.2;31.9;38.8;45.4;20.4 °C;21.9;22.9;22.9;22.5;21.9
2024-04-13 08:20:08;26.4;34.5;40.2;31.9;38.8;45.4;20.5 °C;21.9;22.9;22.9;22.5;21.9
2024-04-13 08:30:05;26.3;34.5;40.2;31.9;38.8;45.4;20.6 °C;21.9;22.9;22.9;22.5;21.9
2024-04-13 08:40:06;26.3;34.5;40.2;31.9;38.9;45.4;20.8 °C;21.8;22.8;22.8;22.4;21.9
2024-04-13 08:50:07;26.3;34.5;40.2;31.9;38.9;45.4;20.9 °C;21.8;22.8;22.8;22.4;21.9
2024-04-13 09:00:07;26.3;34.5;40.2;31.9;38.8;45.4;21.1 °C;21.8;22.8;22.8;22.4;21.9
2024-04-13 09:10:09;26.3;34.5;40.2;31.9;38.8;45.4;21.3 °C;21.8;22.8;22.8;22.4;21.9
2024-04-13 09:20:07;26.3;34.5;40.1;31.9;38.8;45.4;21.4 °C;21.8;22.7;22.8;22.4;21.9
2024-04-13 09:30:10;26.3;34.5;40.1;31.9;38.8;45.4;21.7 °C;21.8;22.7;22.8;22.4;21.9
2024-04-13 09:40:09;26.3;34.4;40.1;31.9;38.8;45.4;21.9 °C;21.7;22.6;22.7;22.4;21.9
2024-04-13 09:50:10;26.4;34.5;40.1;31.9;38.8;45.4;22.2 °C;21.7;22.6;22.7;22.4;21.9
2024-04-13 10:00:07;26.4;34.5;40.1;31.8;38.8;45.4;22.4 °C;21.8;22.6;22.7;22.4;21.9
2024-04-13 10:10:07;26.4;34.5;40.1;31.9;38.8;45.4;22.7 °C;21.8;22.6;22.6;22.4;21.9
2024-04-13 10:20:06;26.4;34.5;40.1;31.9;38.8;45.4;22.9 °C;21.8;22.6;22.6;22.4;21.9
2024-04-13 10:30:11;26.4;34.5;40.1;31.9;38.8;45.4;23.3 °C;21.8;22.5;22.6;22.4;21.9
2024-04-13 10:40:11;26.4;34.5;40.1;31.8;38.8;45.4;23.6 °C;21.8;22.5;22.6;22.4;21.9
2024-04-13 10:50:09;26.5;34.5;40.1;31.8;38.8;45.4;23.8 °C;21.9;22.5;22.6;22.4;21.9
2024-04-13 11:00:07;26.5;34.5;40.1;31.8;38.8;45.4;24.1 °C;21.9;22.4;22.6;22.4;21.9
2024-04-13 11:10:05;26.5;34.5;40.1;31.8;38.8;45.4;24.4 °C;22;22.4;22.5;22.3;21.9
2024-04-13 11:20:11;26.5;34.5;40.1;31.8;38.8;45.4;24.8 °C;22.1;22.4;22.5;22.3;21.9
2024-04-13 11:30:07;26.4;34.5;40.1;31.8;38.8;45.4;25 °C;22.1;22.4;22.5;22.3;21.9
2024-04-13 11:40:09;26.5;34.6;40.1;31.8;38.8;45.3;25.2 °C;22.3;22.4;22.5;22.3;21.9
2024-04-13 11:50:07;26.5;34.6;40.1;31.8;38.8;45.4;25.3 °C;22.3;22.4;22.4;22.3;21.9
2024-04-13 12:00:06;26.4;34.6;40.1;31.8;38.8;45.4;25.4 °C;22.4;22.4;22.4;22.3;21.9
2024-04-13 12:10:08;26.4;34.7;40.1;31.8;38.8;45.4;25.5 °C;22.5;22.4;22.4;22.3;21.9
2024-04-13 12:20:09;26.5;34.7;40.1;31.8;38.8;45.4;25.6 °C;22.6;22.4;22.4;22.3;21.9
2024-04-13 12:30:06;26.5;34.7;40.1;31.8;38.8;45.3;25.6 °C;22.7;22.4;22.4;22.3;21.9
2024-04-13 12:40:07;26.5;34.7;40.0;31.8;38.8;45.4;25.8 °C;22.8;22.5;22.4;22.3;21.9
2024-04-13 12:50:07;26.5;34.7;40.1;31.8;38.7;45.3;25.9 °C;22.9;22.5;22.4;22.3;21.9
2024-04-13 13:00:06;26.5;34.7;40.1;31.8;38.7;45.3;26.1 °C;23;22.5;22.4;22.3;21.9
2024-04-13 13:10:09;26.6;34.7;40.1;31.8;38.8;45.3;26.3 °C;23.1;22.6;22.4;22.3;21.9
2024-04-13 13:20:07;26.6;34.7;40.1;31.8;38.7;45.3;26.6 °C;23.1;22.6;22.4;22.2;21.9
2024-04-13 13:30:10;26.6;34.7;40.1;31.8;38.7;45.3;27 °C;23.3;22.6;22.4;22.2;21.9
2024-04-13 13:40:09;26.7;34.8;40.1;31.8;38.7;45.3;27.4 °C;23.3;22.6;22.4;22.2;21.9
2024-04-13 13:50:09;26.7;34.7;40.1;31.8;38.7;45.4;27.8 °C;23.4;22.6;22.4;22.2;21.8
2024-04-13 14:00:07;26.7;34.8;40.1;31.8;38.7;45.4;28.2 °C;23.6;22.7;22.4;22.2;21.8
2024-04-13 14:10:07;26.7;34.8;40.1;31.8;38.7;45.3;28.5 °C;23.7;22.7;22.4;22.2;21.8
2024-04-13 14:20:06;26.8;34.9;40.1;31.8;38.7;45.3;28.8 °C;23.8;22.8;22.4;22.2;21.8
2024-04-13 14:30:04;26.8;34.9;40.1;31.8;38.7;45.3;29.1 °C;23.9;22.8;22.4;22.2;21.8
2024-04-13 14:40:04;26.8;34.9;40.1;31.8;38.7;45.3;29.4 °C;24.1;22.9;22.4;22.2;21.8
2024-04-13 14:50:05;26.7;34.9;40.1;31.8;38.7;45.3;29.7 °C;24.3;22.9;22.4;22.1;21.8
2024-04-13 15:00:06;26.8;35.0;40.1;31.8;38.7;45.3;30 °C;24.4;22.9;22.4;22.1;21.8
2024-04-13 15:10:09;26.8;35.0;40.1;31.8;38.7;45.3;30.3 °C;24.5;23;22.4;22.1;21.8
2024-04-13 15:20:07;26.8;35.0;40.1;31.8;38.7;45.3;30.4 °C;24.7;23.1;22.4;22.1;21.8
2024-04-13 15:30:10;26.8;35.0;40.1;31.8;38.7;45.3;30.7 °C;24.8;23.1;22.4;22.1;21.8
2024-04-13 15:40:09;26.8;35.1;40.1;31.8;38.7;45.3;30.9 °C;25;23.2;22.4;22.1;21.8
2024-04-13 15:50:11;26.8;35.1;40.1;31.8;38.7;45.3;31 °C;25.1;23.3;22.4;22.1;21.8
2024-04-13 16:00:10;26.8;35.1;40.2;31.8;38.7;45.3;31.1 °C;25.3;23.3;22.4;22.1;21.8
2024-04-13 16:10:05;26.8;35.2;40.2;31.8;38.7;45.3;31.2 °C;25.4;23.4;22.5;22.1;21.8
2024-04-13 16:20:09;26.8;35.2;40.2;31.8;38.7;45.3;31.3 °C;25.6;23.4;22.5;22.1;21.8
2024-04-13 16:30:11;26.8;35.2;40.2;31.8;38.7;45.3;31.3 °C;25.8;23.5;22.5;22.1;21.8
2024-04-13 16:40:07;26.8;35.3;40.2;31.8;38.7;45.3;31.4 °C;25.9;23.6;22.6;22.1;21.8
2024-04-13 16:50:11;26.8;35.3;40.2;31.8;38.7;45.3;31.4 °C;26;23.7;22.6;22.1;21.8
2024-04-13 17:00:06;26.8;35.3;40.3;31.8;38.7;45.3;31.3 °C;26.1;23.8;22.6;22.1;21.8
2024-04-13 17:10:05;26.7;35.3;40.3;31.9;38.7;45.3;31.3 °C;26.3;23.8;22.6;22.2;21.8
2024-04-13 17:20:07;26.7;35.4;40.3;31.8;38.7;45.3;31.1 °C;26.3;23.9;22.6;22.2;21.8
2024-04-13 17:30:06;26.7;35.4;40.3;31.8;38.7;45.3;31.1 °C;26.4;23.9;22.7;22.2;21.8
2024-04-13 17:40:09;26.7;35.4;40.3;31.8;38.7;45.3;31 °C;26.6;24.1;22.7;22.2;21.8
2024-04-13 17:50:07;26.6;35.4;40.3;31.9;38.7;45.3;30.9 °C;26.6;24.1;22.8;22.2;21.8
2024-04-13 18:00:10;26.6;35.4;40.4;31.9;38.7;45.3;30.8 °C;26.7;24.2;22.8;22.2;21.8
2024-04-13 18:10:08;26.6;35.4;40.4;31.9;38.7;45.3;30.7 °C;26.8;24.3;22.8;22.2;21.8
2024-04-13 18:20:08;26.6;35.4;40.4;31.9;38.7;45.3;30.6 °C;26.8;24.3;22.9;22.2;21.8
2024-04-13 18:30:04;26.6;35.4;40.4;31.9;38.7;45.3;30.4 °C;26.9;24.4;22.9;22.3;21.8
2024-04-13 18:40:09;26.7;35.4;40.4;31.9;38.7;45.3;30.3 °C;26.9;24.4;22.9;22.3;21.8
2024-04-13 18:50:10;26.7;35.4;40.4;31.9;38.7;45.3;30.1 °C;26.9;24.5;22.9;22.3;21.8
2024-04-13 19:00:05;26.6;35.4;40.4;31.9;38.7;45.3;29.9 °C;27;24.6;23;22.3;21.8
2024-04-13 19:10:06;26.6;35.4;40.4;31.9;38.7;45.3;29.7 °C;27;24.6;23.1;22.3;21.8
2024-04-13 19:20:05;26.6;35.4;40.5;31.9;38.7;45.3;29.5 °C;27.1;24.7;23.1;22.3;21.8
2024-04-13 19:30:10;26.5;35.5;40.5;31.9;38.8;45.3;29.3 °C;27.1;24.8;23.1;22.3;21.8
2024-04-13 19:40:09;26.5;35.5;40.5;31.9;38.8;45.3;29.1 °C;27.1;24.8;23.1;22.3;21.8
2024-04-13 19:50:07;26.4;35.5;40.5;31.9;38.8;45.3;28.9 °C;27.1;24.9;23.2;22.4;21.8
2024-04-13 20:00:10;26.5;35.5;40.5;31.9;38.8;45.3;28.7 °C;27;24.9;23.3;22.4;21.8
2024-04-13 20:10:05;26.4;35.4;40.5;31.9;38.8;45.3;28.5 °C;27;24.9;23.3;22.4;21.8
2024-04-13 20:20:03;26.4;35.4;40.5;32.0;38.8;45.3;28.3 °C;27;25;23.3;22.4;21.8
2024-04-13 20:30:03;26.3;35.5;40.5;32.0;38.8;45.3;28.1 °C;26.9;25.1;23.3;22.4;21.9
2024-04-13 20:40:07;26.4;35.4;40.5;32.0;38.8;45.3;27.9 °C;26.9;25.1;23.4;22.4;21.9
2024-04-13 20:50:03;26.3;35.4;40.6;32.0;38.8;45.3;27.8 °C;26.9;25.1;23.4;22.4;21.9
2024-04-13 21:00:03;26.3;35.4;40.5;32.0;38.8;45.3;27.6 °C;26.9;25.1;23.4;22.5;21.9
2024-04-13 21:10:04;26.3;35.5;40.5;32.0;38.8;45.3;27.4 °C;26.8;25.2;23.5;22.5;21.9
2024-04-13 21:20:08;26.3;35.4;40.6;32.0;38.8;45.3;27.3 °C;26.8;25.2;23.5;22.5;21.9
2024-04-13 21:30:05;26.3;35.4;40.6;32.0;38.8;45.3;27.1 °C;26.7;25.2;23.6;22.6;21.9
2024-04-13 21:40:06;26.2;35.4;40.6;32.0;38.8;45.3;26.9 °C;26.7;25.3;23.6;22.6;21.9
2024-04-13 21:50:09;26.1;35.3;40.6;32.0;38.8;45.3;26.8 °C;26.6;25.3;23.6;22.6;21.9
2024-04-13 22:00:10;26.1;35.4;40.5;32.0;38.8;45.3;26.6 °C;26.6;25.3;23.6;22.6;21.9
2024-04-13 22:10:08;26.1;35.3;40.6;32.0;38.8;45.3;26.4 °C;26.5;25.3;23.7;22.6;21.9
2024-04-13 22:20:06;26.1;35.3;40.5;32.0;38.9;45.3;26.3 °C;26.4;25.3;23.7;22.6;21.9
2024-04-13 22:30:04;26.1;35.3;40.6;32.0;38.8;45.3;26.1 °C;26.4;25.3;23.7;22.7;21.9
2024-04-13 22:40:09;26.0;35.3;40.6;32.0;38.8;45.4;26 °C;26.3;25.3;23.8;22.7;21.9
2024-04-13 22:50:10;26.0;35.3;40.6;32.1;38.9;45.4;25.9 °C;26.3;25.3;23.8;22.7;22
2024-04-13 23:00:10;26.0;35.3;40.5;32.1;38.9;45.4;25.7 °C;26.2;25.3;23.8;22.8;22
2024-04-13 23:10:08;26.0;35.3;40.6;32.1;38.8;45.4;25.6 °C;26.1;25.3;23.8;22.8;22
2024-04-13 23:20:09;26.0;35.2;40.5;32.1;38.9;45.4;25.4 °C;26.1;25.3;23.8;22.8;22
2024-04-13 23:30:11;26.0;35.2;40.6;32.1;38.9;45.4;25.3 °C;26;25.3;23.9;22.8;22
2024-04-13 23:40:07;26.0;35.2;40.6;32.1;38.9;45.4;25.2 °C;25.9;25.3;23.9;22.8;22.1
2024-04-13 23:50:07;25.9;35.2;40.5;32.1;38.9;45.4;25 °C;25.9;25.3;23.9;22.8;22.1
2024-04-14 00:00:07;26.0;35.1;40.6;32.1;38.9;45.4;24.9 °C;25.8;25.2;23.9;22.8;22.1
2024-04-14 00:10:07;26.0;35.1;40.6;32.1;38.9;45.4;24.8 °C;25.8;25.2;23.9;22.9;22.1
2024-04-14 00:20:10;26.0;35.1;40.6;32.1;38.9;45.4;24.6 °C;25.6;25.2;23.9;22.9;22.1
2024-04-14 00:30:09;26.0;35.1;40.5;32.1;38.9;45.4;24.5 °C;25.6;25.2;23.9;22.9;22.1
2024-04-14 00:40:07;26.1;35.1;40.5;32.1;38.9;45.4;24.4 °C;25.5;25.1;23.9;22.9;22.1
2024-04-14 00:50:10;26.0;35.1;40.5;32.1;38.9;45.4;24.3 °C;25.4;25.1;23.9;22.9;22.1
2024-04-14 01:00:05;26.1;35.1;40.5;32.1;38.9;45.4;24.1 °C;25.4;25.1;23.9;22.9;22.1
2024-04-14 01:10:03;26.1;35.0;40.5;32.1;38.9;45.4;24 °C;25.3;25.1;23.9;22.9;22.1
2024-04-14 01:20:04;26.0;35.0;40.5;32.1;38.9;45.4;23.9 °C;25.3;25.1;23.9;22.9;22.1
2024-04-14 01:30:08;26.1;35.0;40.5;32.1;38.9;45.4;23.8 °C;25.2;25.1;24;23;22.2
2024-04-14 01:40:05;26.1;35.0;40.5;32.1;38.9;45.4;23.6 °C;25.1;25;24;23;22.2
2024-04-14 01:50:08;26.1;35.0;40.5;32.1;38.9;45.4;23.6 °C;25;25;24;23;22.2
2024-04-14 02:00:04;26.1;35.0;40.5;32.1;38.9;45.4;23.4 °C;24.9;24.9;24;23;22.2
2024-04-14 02:10:10;26.1;35.0;40.5;32.1;38.9;45.4;23.4 °C;24.9;24.9;24;23;22.2
2024-04-14 02:20:08;26.1;35.0;40.5;32.1;38.9;45.4;23.3 °C;24.8;24.9;24;23.1;22.3
2024-04-14 02:30:10;26.1;34.9;40.5;32.1;38.9;45.4;23.1 °C;24.8;24.9;24;23.1;22.3
2024-04-14 02:40:08;26.1;34.9;40.5;32.1;38.9;45.4;23.1 °C;24.7;24.9;24;23.1;22.3
2024-04-14 02:50:10;26.1;34.8;40.5;32.1;38.9;45.4;22.9 °C;24.6;24.8;24;23.1;22.3
2024-04-14 03:00:04;26.1;34.9;40.5;32.1;38.9;45.4;22.8 °C;24.6;24.8;24;23.1;22.3
2024-04-14 03:10:09;26.1;34.8;40.4;32.1;38.9;45.4;22.8 °C;24.4;24.8;24;23.1;22.3
2024-04-14 03:20:04;26.0;34.9;40.4;32.1;38.9;45.4;22.6 °C;24.4;24.8;23.9;23.1;22.3
2024-04-14 03:30:08;26.0;34.9;40.4;32.1;39.0;45.4;22.6 °C;24.3;24.7;23.9;23.1;22.3
2024-04-14 03:40:05;26.0;34.9;40.4;32.1;38.9;45.4;22.4 °C;24.3;24.6;23.9;23.1;22.3
2024-04-14 03:50:04;26.0;34.9;40.4;32.1;38.9;45.4;22.4 °C;24.2;24.6;23.9;23.1;22.3
2024-04-14 04:00:04;26.0;34.8;40.4;32.1;39.0;45.4;22.3 °C;24.1;24.6;23.9;23.1;22.3
2024-04-14 04:10:10;26.0;34.8;40.4;32.1;38.9;45.4;22.3 °C;24.1;24.6;23.9;23.1;22.3
2024-04-14 04:20:08;26.0;34.8;40.4;32.1;38.9;45.4;22.1 °C;24;24.5;23.9;23.1;22.3
2024-04-14 04:30:05;26.1;34.8;40.4;32.1;38.9;45.4;22.1 °C;23.9;24.5;23.9;23.1;22.3
2024-04-14 04:40:08;26.0;34.8;40.4;32.1;39.0;45.4;21.9 °C;23.9;24.4;23.9;23.1;22.3
2024-04-14 04:50:08;26.0;34.8;40.4;32.1;39.0;45.4;21.9 °C;23.8;24.4;23.9;23.1;22.3
2024-04-14 05:00:10;26.0;34.8;40.4;32.1;39.0;45.4;21.8 °C;23.8;24.4;23.9;23.1;22.4
2024-04-14 05:10:09;26.0;34.7;40.3;32.1;39.0;45.5;21.7 °C;23.7;24.3;23.9;23.1;22.4
2024-04-14 05:20:03;26.0;34.7;40.3;32.1;39.0;45.4;21.6 °C;23.6;24.3;23.9;23.1;22.4
2024-04-14 05:30:08;25.9;34.7;40.3;32.1;39.0;45.5;21.5 °C;23.6;24.3;23.8;23.1;22.4
2024-04-14 05:40:08;26.0;34.7;40.3;32.1;39.0;45.5;21.4 °C;23.5;24.3;23.8;23.1;22.4
2024-04-14 05:50:09;26.0;34.7;40.3;32.1;39.0;45.5;21.3 °C;23.4;24.2;23.8;23.1;22.4
2024-04-14 06:00:08;26.0;34.7;40.3;32.1;39.0;45.5;21.3 °C;23.4;24.1;23.8;23.1;22.4
2024-04-14 06:10:08;26.0;34.7;40.3;32.1;39.0;45.5;21.2 °C;23.3;24.1;23.8;23.1;22.4
2024-04-14 06:20:10;26.0;34.7;40.3;32.1;39.0;45.5;21.1 °C;23.3;24.1;23.8;23.1;22.4
2024-04-14 06:30:05;26;34.7;40.3;32.1;39.0;45.5;21 °C;23.2;24.1;23.8;23.1;22.4
2024-04-14 06:40:04;26.0;34.7;40.3;32.1;39.0;45.5;20.9 °C;23.1;24;23.8;23.1;22.4
2024-04-14 06:50:08;26.0;34.6;40.3;32.1;39.0;45.5;20.9 °C;23.1;23.9;23.7;23.1;22.4
2024-04-14 07:00:10;26.0;34.6;40.2;32.1;38.9;45.5;20.8 °C;23;23.9;23.7;23.1;22.4
2024-04-14 07:10:09;26.0;34.6;40.2;32.1;38.9;45.5;20.8 °C;22.9;23.9;23.7;23.1;22.4
2024-04-14 07:20:07;26.0;34.5;40.2;32.1;39.0;45.5;20.8 °C;22.9;23.8;23.6;23.1;22.4
2024-04-14 07:30:07;26.0;34.6;40.2;32.1;39.0;45.5;20.7 °C;22.8;23.8;23.6;23.1;22.4
2024-04-14 07:40:08;26.0;34.5;40.2;32.1;38.9;45.5;20.7 °C;22.8;23.8;23.6;23.1;22.4
2024-04-14 07:50:09;26.0;34.5;40.2;32.1;39.0;45.5;20.7 °C;22.7;23.7;23.6;23.1;22.4
2024-04-14 08:00:03;26.0;34.5;40.2;32.1;38.9;45.5;20.8 °C;22.6;23.7;23.6;23.1;22.4
2024-04-14 08:10:08;26.0;34.5;40.2;32.1;39.0;45.5;20.8 °C;22.6;23.6;23.6;23.1;22.4
2024-04-14 08:20:08;26.1;34.5;40.2;32.1;38.9;45.5;20.9 °C;22.6;23.6;23.5;23.1;22.4
2024-04-14 08:30:10;26.1;34.4;40.2;32.0;39.0;45.5;21 °C;22.5;23.6;23.5;23.1;22.4
2024-04-14 08:40:09;26.1;34.5;40.2;32.1;39.0;45.5;21.1 °C;22.4;23.5;23.5;23.1;22.4
2024-04-14 08:50:10;26.1;34.5;40.1;32.0;38.9;45.5;21.3 °C;22.4;23.5;23.4;23.1;22.4
2024-04-14 09:00:06;26.1;34.5;40.1;32.0;38.9;45.5;21.5 °C;22.4;23.4;23.4;23.1;22.4
2024-04-14 09:10:05;26.1;34.5;40.1;32.0;38.9;45.5;21.7 °C;22.4;23.4;23.4;23.1;22.4
2024-04-14 09:20:03;26.1;34.4;40.1;32.0;38.9;45.5;21.9 °C;22.3;23.4;23.4;23.1;22.4
2024-04-14 09:30:07;26.1;34.5;40.1;32.0;38.9;45.5;22.2 °C;22.3;23.3;23.4;23;22.4
2024-04-14 09:40:04;26.1;34.5;40.1;32.0;38.9;45.5;22.4 °C;22.3;23.3;23.4;23;22.4
2024-04-14 09:50:05;26.2;34.5;40.1;32.0;38.9;45.5;22.8 °C;22.3;23.3;23.3;23;22.4
2024-04-14 10:00:07;26.2;34.4;40.0;32.0;38.9;45.5;23.1 °C;22.3;23.3;23.3;23;22.4
2024-04-14 10:10:07;26.2;34.5;40.1;32.0;38.9;45.5;23.4 °C;22.3;23.2;23.3;23;22.4
2024-04-14 10:20:04;26.1;34.5;40.1;32;38.9;45.5;23.7 °C;22.3;23.2;23.3;22.9;22.4
2024-04-14 10:30:05;26.2;34.5;40.0;32;38.9;45.5;24 °C;22.4;23.1;23.3;22.9;22.4
2024-04-14 10:40:03;26.2;34.5;40;32;38.9;45.5;24.3 °C;22.4;23.1;23.3;22.9;22.4
2024-04-14 10:50:08;26.2;34.4;40;32;38.9;45.5;24.7 °C;22.5;23.1;23.2;22.9;22.4
2024-04-14 11:00:05;26.2;34.5;40.0;32;38.9;45.5;25 °C;22.6;23.1;23.2;22.9;22.4
2024-04-14 11:10:07;26.3;34.5;39.9;32.0;38.9;45.5;25.4 °C;22.6;23.1;23.2;22.9;22.4
2024-04-14 11:20:04;26.3;34.5;39.9;32.0;38.9;45.5;25.7 °C;22.7;23.1;23.1;22.9;22.4
2024-04-14 11:30:08;26.2;34.5;39.9;32.0;38.9;45.5;26 °C;22.8;23.1;23.1;22.9;22.4
2024-04-14 11:40:06;26.3;34.5;39.9;32.0;38.9;45.5;26.3 °C;22.9;23.1;23.1;22.9;22.4
2024-04-14 11:50:06;26.3;34.5;39.9;32.0;38.9;45.4;26.4 °C;23;23.1;23.1;22.9;22.4
2024-04-14 12:00:10;26.3;34.5;39.9;31.9;38.9;45.4;26.5 °C;23.1;23.1;23.1;22.9;22.4
2024-04-14 12:10:05;26.3;34.6;39.9;31.9;38.9;45.4;26.6 °C;23.2;23.1;23.1;22.9;22.4
2024-04-14 12:20:07;26.2;34.6;39.9;32.0;38.9;45.5;26.6 °C;23.3;23.1;23.1;22.9;22.4
2024-04-14 12:30:03;26.2;34.6;39.9;32.0;38.9;45.5;26.6 °C;23.4;23.1;23;22.8;22.4
2024-04-14 12:40:07;26.2;34.6;39.9;32.0;38.9;45.4;26.6 °C;23.5;23.1;23;22.8;22.4
2024-04-14 12:50:04;26.2;34.6;39.9;32.0;38.9;45.4;26.7 °C;23.6;23.1;23;22.8;22.4
2024-04-14 13:00:09;26.2;34.6;39.9;31.9;38.9;45.4;26.9 °C;23.7;23.1;23;22.8;22.4
2024-04-14 13:10:07;26.3;34.6;39.9;32.0;38.9;45.4;27.1 °C;23.8;23.2;23;22.8;22.4
2024-04-14 13:20:07;26.3;34.6;39.9;32.0;38.9;45.4;27.4 °C;23.9;23.2;23;22.8;22.4
2024-04-14 13:30:03;26.4;34.6;39.9;31.9;38.8;45.4;27.8 °C;23.9;23.3;22.9;22.8;22.4
2024-04-14 13:40:08;26.4;34.6;39.9;31.9;38.8;45.4;28.2 °C;24.1;23.3;22.9;22.8;22.4
2024-04-14 13:50:10;26.4;34.6;40.0;31.9;38.8;45.4;28.6 °C;24.2;23.3;22.9;22.8;22.4
2024-04-14 14:00:06;26.4;34.6;39.9;32.0;38.8;45.4;28.9 °C;24.3;23.3;22.9;22.8;22.3
2024-04-14 14:10:09;26.5;34.7;40.0;31.9;38.8;45.4;29.4 °C;24.4;23.4;22.9;22.8;22.3
2024-04-14 14:20:03;26.5;34.7;40.0;31.9;38.8;45.4;29.8 °C;24.6;23.4;22.9;22.8;22.3
2024-04-14 14:30:07;26.6;34.7;40.0;31.9;38.8;45.4;30.1 °C;24.7;23.4;23;22.8;22.3
2024-04-14 14:40:03;26.6;34.7;40.0;31.9;38.8;45.4;30.4 °C;24.8;23.5;23;22.8;22.3
2024-04-14 14:50:08;26.7;34.8;40.0;32.0;38.8;45.4;30.8 °C;24.9;23.6;23;22.8;22.3
2024-04-14 15:00:06;26.7;34.8;40.0;31.9;38.8;45.4;31.1 °C;25.1;23.6;23;22.7;22.3
2024-04-14 15:10:05;26.6;34.8;40.0;31.9;38.8;45.4;31.4 °C;25.3;23.6;23;22.7;22.3
2024-04-14 15:20:07;26.6;34.9;40.0;32.0;38.8;45.4;31.6 °C;25.4;23.7;23;22.7;22.3
2024-04-14 15:30:07;26.6;34.9;40.1;31.9;38.8;45.3;31.9 °C;25.6;23.8;23;22.7;22.3
2024-04-14 15:40:03;26.7;34.9;40.1;31.9;38.8;45.4;32.1 °C;25.8;23.8;23.1;22.7;22.3
2024-04-14 15:50:03;26.7;34.9;40.1;31.9;38.8;45.4;32.3 °C;25.9;23.9;23.1;22.7;22.3
2024-04-14 16:00:07;26.7;35.0;40.1;31.9;38.8;45.4;32.4 °C;26.1;23.9;23.1;22.7;22.3
2024-04-14 16:10:08;26.6;35.0;40.1;31.9;38.8;45.4;32.6 °C;26.3;24.1;23.1;22.7;22.3
2024-04-14 16:20:07;26.6;35.0;40.1;31.9;38.8;45.4;32.7 °C;26.4;24.1;23.1;22.7;22.3
2024-04-14 16:30:03;26.6;35.1;40.1;31.9;38.8;45.4;32.8 °C;26.6;24.2;23.1;22.7;22.3
2024-04-14 16:40:07;26.6;35.1;40.1;32.0;38.8;45.4;32.9 °C;26.7;24.3;23.1;22.7;22.3
2024-04-14 16:50:07;26.5;35.1;40.1;32.0;38.8;45.3;32.9 °C;26.8;24.3;23.2;22.7;22.3
2024-04-14 17:00:08;26.6;35.1;40.1;32;38.8;45.4;32.9 °C;26.9;24.4;23.2;22.7;22.3
2024-04-14 17:10:06;26.5;35.2;40.1;32.0;38.8;45.4;32.9 °C;27.1;24.5;23.3;22.7;22.3
2024-04-14 17:20:06;26.5;35.2;40.2;31.9;38.8;45.4;32.9 °C;27.3;24.6;23.3;22.7;22.3
2024-04-14 17:30:05;26.5;35.2;40.2;32.0;38.8;45.4;32.8 °C;27.3;24.6;23.3;22.7;22.3
2024-04-14 17:40:03;26.5;35.2;40.2;32.0;38.8;45.4;32.7 °C;27.4;24.8;23.3;22.8;22.3
2024-04-14 17:50:04;26.5;35.2;40.2;32.0;38.8;45.4;32.6 °C;27.6;24.8;23.4;22.8;22.3
2024-04-14 18:00:06;26.4;35.3;40.2;32.0;38.8;45.4;32.4 °C;27.6;24.9;23.4;22.8;22.3
2024-04-14 18:10:02;26.4;35.3;40.2;32.0;38.8;45.4;32.2 °C;27.8;24.9;23.4;22.8;22.3
2024-04-14 18:20:03;26.4;35.3;40.3;32.0;38.8;45.4;32 °C;27.8;25.1;23.4;22.8;22.3
2024-04-14 18:30:03;26.4;35.3;40.3;32.0;38.8;45.4;31.8 °C;27.9;25.1;23.5;22.8;22.3
2024-04-14 18:40:07;26.4;35.3;40.3;32.0;38.8;45.3;31.6 °C;27.9;25.2;23.6;22.8;22.3
2024-04-14 18:50:04;26.4;35.3;40.3;32.0;38.8;45.3;31.4 °C;28;25.3;23.6;22.8;22.3
2024-04-14 19:00:06;26.3;35.4;40.3;32.1;38.9;45.3;31.2 °C;28;25.3;23.6;22.8;22.3
2024-04-14 19:10:09;26.3;35.4;40.3;32.0;38.9;45.3;31 °C;28.1;25.4;23.7;22.8;22.3
2024-04-14 19:20:03;26.2;35.3;40.4;32.0;38.8;45.3;30.8 °C;28.1;25.5;23.7;22.9;22.3
2024-04-14 19:30:04;26.2;35.3;40.4;32.0;38.8;45.3;30.6 °C;28.1;25.6;23.8;22.9;22.3
2024-04-14 19:40:06;26.2;35.4;40.4;32.0;38.8;45.4;30.3 °C;28.1;25.6;23.8;22.9;22.3
2024-04-14 19:50:05;26.2;35.3;40.4;32.0;38.9;45.4;30.1 °C;28.1;25.6;23.8;22.9;22.3
2024-04-14 20:00:08;26.2;35.3;40.4;32.0;38.9;45.3;29.9 °C;28.1;25.7;23.9;22.9;22.3
2024-04-14 20:10:05;26.1;35.3;40.4;32.0;38.9;45.4;29.7 °C;28;25.8;23.9;22.9;22.3
2024-04-14 20:20:09;26.0;35.3;40.4;32.1;38.9;45.3;29.5 °C;28;25.8;23.9;22.9;22.3
2024-04-14 20:30:07;26.0;35.3;40.4;32.1;38.9;45.3;29.3 °C;28;25.8;24;23;22.3
2024-04-14 20:40:08;26.0;35.2;40.4;32.1;38.9;45.4;29.1 °C;27.9;25.9;24;23;22.4
2024-04-14 20:50:06;26.0;35.2;40.4;32.1;38.9;45.4;28.9 °C;27.9;25.9;24.1;23;22.4
2024-04-14 21:00:06;25.9;35.2;40.4;32.1;38.9;45.4;28.7 °C;27.9;25.9;24.1;23.1;22.4
2024-04-14 21:10:06;25.9;35.2;40.5;32.1;38.9;45.4;28.5 °C;27.8;25.9;24.1;23.1;22.4
2024-04-14 21:20:06;25.9;35.2;40.4;32.1;38.9;45.4;28.3 °C;27.8;26;24.2;23.1;22.4
2024-04-14 21:30:09;25.9;35.1;40.4;32.1;38.9;45.4;28.1 °C;27.7;26;24.2;23.1;22.4
2024-04-14 21:40:08;25.8;35.1;40.4;32.1;38.9;45.4;28 °C;27.6;26.1;24.3;23.1;22.4
2024-04-14 21:50:05;25.8;35.1;40.5;32.1;38.9;45.4;27.8 °C;27.6;26.1;24.3;23.1;22.4
2024-04-14 22:00:08;25.9;35.1;40.5;32.1;38.9;45.4;27.6 °C;27.5;26.1;24.3;23.2;22.4
2024-04-14 22:10:10;25.9;35.1;40.5;32.1;38.9;45.4;27.5 °C;27.4;26.1;24.3;23.2;22.4
2024-04-14 22:20:05;25.8;35.1;40.5;32.1;38.9;45.4;27.3 °C;27.4;26.1;24.4;23.2;22.4
2024-04-14 22:30:08;25.8;35.1;40.5;32.1;38.9;45.4;27.1 °C;27.3;26.1;24.4;23.3;22.4
2024-04-14 22:40:09;25.8;35.0;40.5;32.1;38.9;45.4;26.9 °C;27.3;26.1;24.4;23.3;22.5
2024-04-14 22:50:04;25.8;35.0;40.5;32.1;38.9;45.4;26.8 °C;27.2;26.1;24.4;23.3;22.5
2024-04-14 23:00:07;25.8;35.0;40.5;32.1;38.9;45.4;26.6 °C;27.1;26.1;24.4;23.3;22.5
2024-04-14 23:10:07;25.8;35.0;40.5;32.1;39.0;45.4;26.5 °C;27.1;26.1;24.5;23.3;22.5
2024-04-14 23:20:09;25.8;34.9;40.5;32.1;39.0;45.4;26.4 °C;27;26.1;24.5;23.3;22.5
2024-04-14 23:30:08;25.8;35.0;40.4;32.1;39.0;45.4;26.3 °C;26.9;26.1;24.5;23.4;22.5
2024-04-14 23:40:09;25.8;34.9;40.4;32.2;39.0;45.4;26.1 °C;26.9;26.1;24.6;23.4;22.6
2024-04-14 23:50:04;25.8;34.9;40.4;32.2;39.0;45.4;25.9 °C;26.8;26.1;24.6;23.4;22.6
2024-04-15 00:00:03;25.8;34.9;40.4;32.2;39.0;45.4;25.8 °C;26.7;26;24.6;23.4;22.6
2024-04-15 00:10:07;25.8;34.8;40.4;32.2;39.0;45.4;25.7 °C;26.6;26;24.6;23.4;22.6
2024-04-15 00:20:08;25.8;34.8;40.4;32.2;39.0;45.4;25.6 °C;26.6;26;24.6;23.4;22.6
2024-04-15 00:30:07;25.7;34.8;40.4;32.2;39.0;45.4;25.4 °C;26.5;26;24.6;23.4;22.6
2024-04-15 00:40:03;25.8;34.8;40.4;32.2;39.0;45.5;25.3 °C;26.4;25.9;24.6;23.5;22.6
2024-04-15 00:50:08;25.8;34.8;40.4;32.2;39.0;45.5;25.1 °C;26.4;25.9;24.6;23.5;22.6
2024-04-15 01:00:03;25.8;34.8;40.4;32.2;39.0;45.5;25 °C;26.3;25.9;24.6;23.5;22.6
2024-04-15 01:10:07;25.8;34.7;40.4;32.2;39.0;45.5;24.9 °C;26.2;25.9;24.7;23.6;22.6
2024-04-15 01:20:04;25.8;34.7;40.4;32.2;39.0;45.4;24.8 °C;26.1;25.9;24.7;23.6;22.7
2024-04-15 01:30:03;25.7;34.7;40.4;32.2;39.0;45.4;24.6 °C;26.1;25.9;24.7;23.6;22.7
2024-04-15 01:40:03;25.7;34.7;40.4;32.2;39.0;45.5;24.5 °C;26;25.8;24.7;23.6;22.7
2024-04-15 01:50:09;25.7;34.7;40.3;32.2;39.0;45.5;24.4 °C;25.9;25.8;24.7;23.6;22.7
2024-04-15 02:00:08;25.8;34.7;40.3;32.2;39.1;45.4;24.3 °C;25.8;25.8;24.7;23.6;22.7
2024-04-15 02:10:06;25.7;34.7;40.3;32.2;39.0;45.5;24.1 °C;25.8;25.8;24.7;23.6;22.8
2024-04-15 02:20:10;25.8;34.6;40.3;32.2;39.0;45.5;24.1 °C;25.7;25.7;24.7;23.6;22.8
2024-04-15 02:30:05;25.8;34.6;40.3;32.2;39.0;45.5;23.9 °C;25.6;25.7;24.7;23.6;22.8
2024-04-15 02:40:05;25.8;34.6;40.3;32.2;39.1;45.5;23.8 °C;25.6;25.6;24.7;23.6;22.8
2024-04-15 02:50:08;25.7;34.6;40.3;32.2;39.0;45.5;23.7 °C;25.5;25.6;24.7;23.7;22.8
2024-04-15 03:00:02;25.8;34.6;40.3;32.2;39.0;45.5;23.6 °C;25.4;25.6;24.7;23.7;22.8
2024-04-15 03:10:03;25.7;34.5;40.2;32.2;39.0;45.5;23.4 °C;25.3;25.6;24.7;23.7;22.8
2024-04-15 03:20:03;25.8;34.5;40.2;32.2;39.1;45.5;23.4 °C;25.3;25.5;24.7;23.7;22.8
2024-04-15 03:30:08;25.7;34.6;40.2;32.2;39.0;45.5;23.3 °C;25.2;25.5;24.6;23.7;22.8
2024-04-15 03:40:07;25.8;34.5;40.2;32.2;39.1;45.5;23.1 °C;25.1;25.4;24.6;23.7;22.8
2024-04-15 03:50:03;25.7;34.5;40.2;32.2;39.1;45.5;23 °C;25.1;25.4;24.6;23.7;22.8
2024-04-15 04:00:05;25.7;34.5;40.2;32.2;39.0;45.5;22.9 °C;24.9;25.4;24.6;23.7;22.8
2024-04-15 04:10:03;25.8;34.4;40.2;32.2;39.1;45.5;22.8 °C;24.9;25.3;24.6;23.7;22.8
2024-04-15 04:20:09;25.8;34.4;40.2;32.2;39.0;45.5;22.7 °C;24.8;25.3;24.6;23.7;22.9
2024-04-15 04:30:08;25.8;34.4;40.2;32.2;39.1;45.5;22.6 °C;24.8;25.3;24.6;23.8;22.9
2024-04-15 04:40:06;25.8;34.4;40.1;32.2;39.1;45.5;22.5 °C;24.7;25.3;24.6;23.8;22.9
2024-04-15 04:50:09;25.8;34.4;40.1;32.2;39.0;45.5;22.4 °C;24.6;25.2;24.6;23.8;22.9
2024-04-15 05:00:05;25.9;34.4;40.1;32.2;39.1;45.5;22.3 °C;24.6;25.1;24.6;23.8;22.9
2024-04-15 05:10:04;25.8;34.4;40.1;32.2;39.0;45.5;22.3 °C;24.4;25.1;24.6;23.8;22.9
2024-04-15 05:20:06;25.8;34.4;40.1;32.2;39.1;45.5;22.2 °C;24.4;25.1;24.6;23.8;22.9
2024-04-15 05:30:07;25.9;34.4;40.1;32.1;39.0;45.5;22.1 °C;24.3;25;24.5;23.8;22.9
2024-04-15 05:40:04;25.8;34.3;40.1;32.2;39.0;45.5;22 °C;24.3;25;24.5;23.8;22.9
2024-04-15 05:50:06;25.8;34.3;40.1;32.2;39.0;45.5;21.9 °C;24.2;24.9;24.5;23.8;22.9
2024-04-15 06:00:06;25.8;34.3;40.1;32.2;39.0;45.5;21.8 °C;24.1;24.9;24.5;23.8;22.9
2024-04-15 06:10:06;25.8;34.3;40.0;32.1;39.0;45.5;21.8 °C;24.1;24.9;24.4;23.8;22.9
2024-04-15 06:20:03;25.8;34.3;40.0;32.1;39.0;45.5;21.7 °C;24;24.8;24.4;23.8;22.9
2024-04-15 06:30:09;25.8;34.3;40.0;32.1;39.0;45.5;21.6 °C;23.9;24.8;24.4;23.8;22.9
2024-04-15 06:40:03;25.8;34.2;40.0;32.1;39.0;45.5;21.6 °C;23.9;24.8;24.4;23.8;22.9
2024-04-15 06:50:09;25.8;34.3;40.0;32.2;39.0;45.5;21.5 °C;23.8;24.7;24.4;23.8;22.9
2024-04-15 07:00:08;25.8;34.3;40.0;32.2;39.1;45.5;21.4 °C;23.8;24.6;24.4;23.8;22.9
2024-04-15 07:10:10;25.8;34.2;40.0;32.1;39.0;45.5;21.4 °C;23.6;24.6;24.4;23.7;22.9
2024-04-15 07:20:09;25.8;34.3;40.0;32.1;39.1;45.5;21.4 °C;23.6;24.6;24.3;23.7;22.9
2024-04-15 07:30:05;25.8;34.2;40.0;32.1;39.0;45.5;21.4 °C;23.5;24.5;24.3;23.7;22.9
2024-04-15 07:40:04;25.9;34.2;39.9;32.1;39.0;45.5;21.3 °C;23.5;24.5;24.3;23.7;22.9
2024-04-15 07:50:03;25.9;34.2;39.9;32.1;39.0;45.5;21.3 °C;23.4;24.4;24.3;23.7;22.9
2024-04-15 08:00:08;25.8;34.2;39.9;32.1;39.0;45.6;21.3 °C;23.4;24.4;24.3;23.7;22.9
2024-04-15 08:10:05;25.9;34.2;39.9;32.1;39.0;45.5;21.4 °C;23.3;24.4;24.3;23.7;22.9
2024-04-15 08:20:09;25.9;34.2;39.9;32.1;39.0;45.5;21.4 °C;23.3;24.3;24.2;23.7;22.9
2024-04-15 08:30:08;25.9;34.2;39.9;32.1;39.0;45.6;21.6 °C;23.2;24.3;24.2;23.7;22.9
2024-04-15 08:40:03;26.0;34.2;39.9;32.1;39.0;45.6;21.7 °C;23.2;24.3;24.2;23.7;22.9
2024-04-15 08:50:04;25.9;34.1;39.9;32.1;39.0;45.5;21.8 °C;23.1;24.2;24.1;23.7;22.9
2024-04-15 09:00:03;25.9;34.1;39.9;32.1;39.0;45.5;21.9 °C;23.1;24.1;24.1;23.6;22.9
2024-04-15 09:10:08;25.9;34.1;39.9;32.1;39.0;45.5;22.1 °C;23.1;24.1;24.1;23.6;22.9
2024-04-15 09:20:07;26.0;34.1;39.8;32.1;39.0;45.5;22.4 °C;23;24.1;24.1;23.6;22.9
2024-04-15 09:30:04;26.0;34.1;39.9;32.1;39.0;45.5;22.6 °C;23;24.1;24.1;23.6;22.9
2024-04-15 09:40:06;26.0;34.1;39.9;32.1;39.0;45.5;22.8 °C;23;24;24;23.6;22.9
2024-04-15 09:50:06;26.1;34.1;39.8;32.1;39.0;45.5;23.1 °C;23;23.9;24;23.6;22.9
2024-04-15 10:00:07;26.0;34.1;39.8;32.1;39.0;45.5;23.4 °C;23;23.9;24;23.6;22.9
2024-04-15 10:10:05;26.0;34.1;39.8;32.1;39.0;45.5;23.6 °C;23;23.9;23.9;23.6;22.9
2024-04-15 10:20:04;26.2;34.1;39.8;32.1;39.0;45.5;23.8 °C;23;23.9;23.9;23.6;22.9
2024-04-15 10:30:02;26.1;34.1;39.8;32.1;39.0;45.5;24 °C;23.1;23.8;23.9;23.6;22.9
2024-04-15 10:40:06;26.1;34.1;39.8;32.0;39.0;45.5;24.3 °C;23.1;23.8;23.9;23.6;22.9
2024-04-15 10:50:02;26.0;34.1;39.8;32.0;39.0;45.5;24.4 °C;23.1;23.8;23.9;23.6;22.9
2024-04-15 11:00:02;26.0;34.1;39.8;32.1;39.0;45.5;24.6 °C;23.1;23.8;23.8;23.5;22.9
2024-04-15 11:10:03;26.0;34.1;39.8;32.1;39.0;45.5;24.9 °C;23.2;23.8;23.8;23.5;22.9
2024-04-15 11:20:09;26.1;34.1;39.7;32.0;39.0;45.5;25.2 °C;23.3;23.8;23.8;23.5;22.9
2024-04-15 11:30:08;26.1;34.2;39.7;32.0;39.0;45.5;25.5 °C;23.3;23.8;23.8;23.5;22.9
2024-04-15 11:40:06;26.0;34.2;39.7;32.0;39.0;45.5;25.8 °C;23.4;23.7;23.8;23.5;22.9
2024-04-15 11:50:03;26.0;34.1;39.7;32.0;39.0;45.5;25.9 °C;23.4;23.7;23.8;23.5;22.9
2024-04-15 12:00:09;26.1;34.2;39.7;32.0;39.0;45.5;26.1 °C;23.5;23.7;23.7;23.4;22.9
2024-04-15 12:10:04;25.9;34.2;39.7;32.0;39.0;45.5;26.2 °C;23.6;23.7;23.7;23.4;22.9
2024-04-15 12:20:02;26.0;34.2;39.7;32.0;39.0;45.5;26.3 °C;23.7;23.7;23.7;23.4;22.9
2024-04-15 12:30:02;26.0;34.3;39.7;32.0;39.0;45.5;26.4 °C;23.8;23.7;23.7;23.4;22.9
2024-04-15 12:40:07;26.0;34.2;39.7;32.0;39.0;45.5;26.6 °C;23.8;23.7;23.6;23.4;22.9
2024-04-15 12:50:05;25.9;34.2;39.7;32.0;39.0;45.5;26.7 °C;23.9;23.8;23.6;23.4;22.9
2024-04-15 13:00:08;26.0;34.2;39.7;32.0;39.0;45.5;26.9 °C;24;23.8;23.6;23.4;22.9
2024-04-15 13:10:06;26.0;34.2;39.7;32.0;39.0;45.5;27.1 °C;24.1;23.8;23.6;23.4;22.9
2024-04-15 13:20:07;26.0;34.2;39.7;32.0;38.9;45.5;27.3 °C;24.1;23.8;23.6;23.4;22.9
2024-04-15 13:30:05;25.9;34.2;39.7;32.0;38.9;45.5;27.6 °C;24.2;23.8;23.6;23.4;22.9
2024-04-15 13:40:05;26.0;34.2;39.7;32.0;38.9;45.5;27.9 °C;24.3;23.8;23.6;23.4;22.9
2024-04-15 13:50:05;26.0;34.3;39.7;32.0;38.9;45.5;28.1 °C;24.4;23.8;23.6;23.3;22.9
2024-04-15 14:00:04;26.1;34.3;39.7;32.0;38.9;45.5;28.3 °C;24.5;23.9;23.6;23.3;22.9
2024-04-15 14:10:07;26.0;34.3;39.7;32.0;38.9;45.5;28.4 °C;24.6;23.9;23.6;23.3;22.9
2024-04-15 14:20:04;26.0;34.3;39.7;32.0;38.9;45.4;28.4 °C;24.7;23.9;23.6;23.3;22.9
2024-04-15 14:30:06;26.0;34.3;39.7;32.0;38.9;45.5;28.5 °C;24.8;23.9;23.6;23.3;22.9
2024-04-15 14:40:03;26.1;34.3;39.7;32.0;38.9;45.4;28.5 °C;24.9;23.9;23.6;23.3;22.9
2024-04-15 14:50:09;26.0;34.3;39.7;32.0;38.9;45.4;28.5 °C;25;24;23.6;23.3;22.8
2024-04-15 15:00:08;26.0;34.3;39.7;32.0;38.9;45.4;28.5 °C;25.1;24.1;23.6;23.3;22.8
2024-04-15 15:10:03;26.0;34.4;39.7;32.0;38.9;45.4;28.6 °C;25.2;24.1;23.6;23.3;22.8
2024-04-15 15:20:04;26.0;34.4;39.7;32.0;38.9;45.4;28.6 °C;25.3;24.1;23.6;23.3;22.8
2024-04-15 15:30:04;26.0;34.4;39.7;32.0;38.9;45.4;28.6 °C;25.3;24.2;23.6;23.3;22.8
2024-04-15 15:40:02;25.9;34.4;39.7;32.0;38.9;45.4;28.6 °C;25.4;24.2;23.6;23.3;22.8
2024-04-15 15:50:03;26.0;34.4;39.7;32.0;38.9;45.4;28.5 °C;25.4;24.3;23.6;23.3;22.8
2024-04-15 16:00:04;25.9;34.6;39.7;32.0;38.9;45.4;28.4 °C;25.6;24.3;23.6;23.3;22.8
2024-04-15 16:10:06;26.0;34.5;39.7;32.0;38.9;45.4;28.4 °C;25.6;24.3;23.6;23.3;22.8
2024-04-15 16:20:04;25.9;34.4;39.8;32.0;38.9;45.4;28.4 °C;25.6;24.4;23.6;23.3;22.8
2024-04-15 16:30:06;25.9;34.4;39.8;32.0;38.9;45.4;28.4 °C;25.7;24.4;23.6;23.3;22.8
2024-04-15 16:40:02;25.9;34.5;39.8;32.0;38.9;45.4;28.4 °C;25.8;24.4;23.6;23.3;22.8
2024-04-15 16:50:07;25.9;34.5;39.8;32.0;38.8;45.4;28.4 °C;25.8;24.5;23.7;23.3;22.8
2024-04-15 17:00:05;25.9;34.5;39.8;32.0;38.8;45.4;28.3 °C;25.8;24.5;23.7;23.3;22.8
2024-04-15 17:10:06;26.0;34.5;39.8;32.0;38.8;45.4;28.3 °C;25.9;24.6;23.7;23.3;22.8
2024-04-15 17:20:02;25.9;34.5;39.8;32.0;38.9;45.4;28.3 °C;25.9;24.6;23.7;23.3;22.8
2024-04-15 17:30:07;25.9;34.6;39.8;32.0;38.8;45.4;28.2 °C;25.9;24.6;23.8;23.3;22.8
2024-04-15 17:40:09;25.8;34.7;39.8;32.0;38.8;45.4;28.1 °C;25.9;24.7;23.8;23.3;22.8
2024-04-15 17:50:04;25.8;34.6;39.8;32.0;38.9;45.4;28.1 °C;26;24.7;23.8;23.3;22.8
2024-04-15 18:00:08;25.8;34.6;39.8;32.0;38.9;45.4;28.1 °C;26;24.8;23.8;23.3;22.8
2024-04-15 18:10:02;25.7;34.6;39.8;32.0;38.8;45.4;28 °C;26;24.8;23.8;23.3;22.8
2024-04-15 18:20:08;25.8;34.6;39.8;32.0;38.9;45.4;27.9 °C;26.1;24.8;23.8;23.3;22.8
2024-04-15 18:30:06;25.7;34.6;39.8;32.0;38.8;45.4;27.8 °C;26.1;24.8;23.8;23.3;22.8
2024-04-15 18:40:07;25.8;34.6;39.8;32.0;38.9;45.4;27.7 °C;26.1;24.9;23.9;23.3;22.8
2024-04-15 18:50:04;25.7;34.6;39.8;32.0;38.9;45.4;27.6 °C;26.1;24.9;23.9;23.3;22.8
2024-04-15 19:00:03;25.7;34.6;39.8;32.0;38.9;45.4;27.4 °C;26.1;24.9;23.9;23.3;22.8
2024-04-15 19:10:01;25.7;34.6;39.8;32.0;38.9;45.4;27.4 °C;26.1;24.9;23.9;23.3;22.8
2024-04-15 19:20:05;25.6;34.6;39.8;32.0;38.9;45.4;27.3 °C;26.1;24.9;23.9;23.3;22.8
2024-04-15 19:40:02;25.6;34.6;39.8;32.0;38.9;45.4;27 °C;26.1;25;23.9;23.3;22.8
2024-04-15 19:50:02;25.6;34.7;39.8;32.1;38.9;45.4;26.8 °C;26.1;25;24;23.3;22.8
2024-04-15 20:00:08;25.6;34.6;39.9;32.1;38.9;45.4;26.7 °C;26;25.1;24;23.3;22.8
2024-04-15 20:10:06;25.6;34.6;39.8;32.1;38.9;45.4;26.6 °C;26;25.1;24;23.3;22.8
2024-04-15 20:20:04;25.5;34.6;39.9;32.1;38.9;45.4;26.5 °C;26;25.1;24;23.4;22.8
2024-04-15 20:30:07;25.6;34.7;39.9;32.0;38.9;45.4;26.4 °C;25.9;25.1;24.1;23.4;22.8
2024-04-15 20:40:08;25.5;34.7;39.9;32.0;38.9;45.4;26.3 °C;25.9;25.1;24.1;23.4;22.8
2024-04-15 20:50:03;25.5;34.7;39.9;32.0;38.9;45.4;26.1 °C;25.9;25.1;24.1;23.4;22.8
2024-04-15 21:00:05;25.5;34.7;39.9;32.1;38.9;45.4;26.1 °C;25.9;25.1;24.1;23.4;22.8
2024-04-15 21:10:06;25.5;34.8;39.9;32.1;38.9;45.4;25.9 °C;25.8;25.1;24.1;23.4;22.8
2024-04-15 21:20:07;25.6;34.5;39.9;32.1;38.9;45.4;25.9 °C;25.8;25.1;24.1;23.4;22.8
2024-04-15 21:30:04;25.5;34.6;39.9;32.1;38.9;45.4;25.8 °C;25.8;25.1;24.1;23.4;22.8
2024-04-15 21:40:03;25.5;34.6;39.9;32.1;38.9;45.4;25.7 °C;25.8;25.1;24.1;23.4;22.8
2024-04-15 21:50:02;25.5;34.6;39.9;32.1;38.9;45.4;25.6 °C;25.7;25.1;24.1;23.4;22.8
2024-04-15 22:00:07;25.5;34.5;39.8;32.1;38.9;45.4;25.6 °C;25.6;25.1;24.2;23.4;22.8
2024-04-15 22:10:04;25.4;34.5;39.9;32.1;38.9;45.4;25.4 °C;25.6;25.1;24.2;23.4;22.8
2024-04-15 22:20:07;25.5;34.5;39.9;32.1;38.9;45.4;25.4 °C;25.6;25.1;24.2;23.4;22.8
2024-04-15 22:30:06;25.5;34.5;39.9;32.1;38.9;45.4;25.3 °C;25.6;25.1;24.2;23.4;22.9
2024-04-15 22:40:06;25.4;34.5;39.8;32.1;38.9;45.4;25.3 °C;25.5;25.1;24.2;23.5;22.9
2024-04-15 22:50:03;25.4;34.5;39.8;32.1;38.9;45.4;25.2 °C;25.4;25.1;24.2;23.5;22.9
2024-04-15 23:00:02;25.5;34.5;39.8;32.1;38.9;45.4;25.1 °C;25.4;25.1;24.2;23.5;22.9
2024-04-15 23:10:06;25.4;34.4;39.8;32.1;38.9;45.4;25.1 °C;25.4;25.1;24.3;23.5;22.9
2024-04-15 23:20:08;25.4;34.3;39.8;32.1;38.9;45.4;25 °C;25.4;25.1;24.3;23.5;22.9
2024-04-15 23:30:07;25.4;34.3;39.8;32.1;38.9;45.4;24.9 °C;25.3;25.1;24.3;23.5;22.9
2024-04-15 23:40:05;25.4;34.3;39.8;32.1;38.9;45.4;24.9 °C;25.3;25.1;24.3;23.5;22.9
2024-04-15 23:50:06;25.3;34.4;39.8;32.1;38.9;45.4;24.8 °C;25.3;25.1;24.3;23.5;22.9
2024-04-16 00:00:07;25.4;34.5;39.8;32.1;38.9;45.4;24.8 °C;25.2;25.1;24.3;23.5;22.9
2024-04-16 00:10:08;25.4;34.4;39.8;32.1;38.9;45.4;24.7 °C;25.1;25;24.3;23.6;22.9
2024-04-16 00:20:04;25.5;34.4;39.8;32.1;39.0;45.4;24.6 °C;25.1;25;24.3;23.6;22.9
2024-04-16 00:30:03;25.4;34.4;39.8;32.1;38.9;45.4;24.6 °C;25.1;25;24.3;23.6;22.9
2024-04-16 00:40:08;25.4;34.4;39.8;32.1;38.9;45.5;24.5 °C;25.1;25;24.3;23.6;22.9
2024-04-16 00:50:04;25.5;34.4;39.7;32.1;39.0;45.4;24.4 °C;25;25;24.3;23.6;22.9
2024-04-16 01:00:07;25.4;34.4;39.8;32.1;39.0;45.4;24.4 °C;24.9;24.9;24.3;23.6;22.9
2024-04-16 01:10:04;25.4;34.4;39.8;32.1;39.0;45.4;24.4 °C;24.9;24.9;24.3;23.6;22.9
2024-04-16 01:20:04;25.4;34.4;39.8;32.1;39.0;45.4;24.3 °C;24.9;24.9;24.3;23.6;22.9
2024-04-16 01:30:07;25.4;34.3;39.7;32.1;39.0;45.4;24.3 °C;24.9;24.9;24.3;23.6;22.9
2024-04-16 01:40:01;25.4;34.3;39.7;32.1;38.9;45.4;24.2 °C;24.8;24.9;24.3;23.6;22.9
2024-04-16 01:50:01;25.4;34.3;39.8;32.1;39.0;45.5;24.1 °C;24.8;24.9;24.3;23.6;22.9
2024-04-16 02:00:01;25.4;34.4;39.7;32.1;39.0;45.5;24.1 °C;24.8;24.9;24.3;23.6;22.9
2024-04-16 02:10:06;25.4;34.3;39.8;32.1;39.0;45.4;24 °C;24.7;24.8;24.3;23.6;22.9
2024-04-16 02:20:04;25.4;34.1;39.7;32.1;38.9;45.5;23.9 °C;24.7;24.8;24.3;23.6;22.9
2024-04-16 02:30:06;25.4;34.1;39.8;32.1;38.9;45.4;23.9 °C;24.6;24.8;24.3;23.6;22.9
2024-04-16 02:40:04;25.4;34.1;39.7;32.1;38.9;45.5;23.9 °C;24.6;24.8;24.3;23.6;22.9
2024-04-16 02:50:03;25.4;34.2;39.7;32.1;38.9;45.5;23.8 °C;24.6;24.8;24.3;23.6;22.9
2024-04-16 03:00:06;25.4;34.2;39.7;32.1;38.9;45.5;23.8 °C;24.5;24.8;24.3;23.6;23
2024-04-16 03:10:07;25.4;34.2;39.7;32.1;38.9;45.5;23.7 °C;24.5;24.8;24.2;23.6;23
2024-04-16 03:20:04;25.4;34.1;39.7;32.1;39.0;45.5;23.7 °C;24.4;24.7;24.2;23.6;23
2024-04-16 03:30:08;25.4;34.1;39.7;32.1;38.9;45.5;23.6 °C;24.4;24.7;24.2;23.6;23
2024-04-16 03:40:04;25.4;34.2;39.7;32.1;39.0;45.5;23.6 °C;24.4;24.7;24.2;23.6;23
2024-04-16 03:50:03;25.5;34.2;39.7;32.1;39.0;45.5;23.5 °C;24.3;24.6;24.2;23.6;23
2024-04-16 04:00:05;25.4;34.2;39.7;32.1;39.0;45.5;23.5 °C;24.3;24.6;24.2;23.6;23
2024-04-16 04:10:06;25.4;34.1;39.7;32.1;39.0;45.5;23.4 °C;24.3;24.6;24.2;23.6;23
2024-04-16 04:20:03;25.5;34.1;39.7;32.1;38.9;45.5;23.4 °C;24.3;24.6;24.2;23.6;23
2024-04-16 04:30:06;25.4;34.1;39.7;32.1;38.9;45.5;23.3 °C;24.2;24.6;24.2;23.6;23
2024-04-16 04:40:06;25.4;34.2;39.6;32.1;39.0;45.5;23.3 °C;24.2;24.6;24.1;23.6;23
2024-04-16 04:50:08;25.4;34.1;39.6;32.1;38.9;45.5;23.3 °C;24.1;24.5;24.1;23.6;23
2024-04-16 05:00:08;25.4;34.2;39.6;32.1;39.0;45.5;23.2 °C;24.1;24.5;24.1;23.6;23
2024-04-16 05:10:03;25.4;34.2;39.6;32.1;38.9;45.5;23.1 °C;24.1;24.5;24.1;23.6;23
2024-04-16 05:20:02;25.4;34.1;39.6;32.1;38.9;45.5;23.1 °C;24.1;24.4;24.1;23.6;23
2024-04-16 05:30:08;25.4;34.1;39.6;32.1;38.9;45.5;23.1 °C;24;24.4;24.1;23.6;23
2024-04-16 05:40:02;25.4;34.1;39.6;32.0;38.9;45.5;23 °C;23.9;24.4;24.1;23.6;23
2024-04-16 05:50:04;25.5;34.1;39.6;32.0;39.0;45.5;22.9 °C;23.9;24.4;24.1;23.6;23
2024-04-16 06:00:08;25.4;34.1;39.6;32.0;38.9;45.5;22.9 °C;23.9;24.4;24.1;23.6;23
2024-04-16 06:10:04;25.4;34.1;39.6;32.1;38.9;45.5;22.8 °C;23.9;24.3;24.1;23.6;23
2024-04-16 06:20:07;25.4;34.1;39.6;32.1;38.9;45.5;22.7 °C;23.8;24.3;24.1;23.6;23
2024-04-16 06:30:05;25.5;34.1;39.6;32.0;38.9;45.5;22.6 °C;23.8;24.3;24.1;23.6;23
2024-04-16 06:40:06;25.4;34.1;39.6;32.1;38.9;45.5;22.6 °C;23.8;24.3;24;23.6;23
2024-04-16 06:50:03;25.5;34;39.6;32.1;38.9;45.5;22.5 °C;23.7;24.3;24;23.6;23
2024-04-16 07:00:02;25.4;34.0;39.6;32.1;38.9;45.5;22.5 °C;23.7;24.3;24;23.6;23
2024-04-16 07:10:07;25.5;34.0;39.6;32.1;38.9;45.5;22.4 °C;23.6;24.2;24;23.6;23
2024-04-16 07:20:02;25.5;34.0;39.6;32.1;38.9;45.5;22.4 °C;23.6;24.2;24;23.6;23
2024-04-16 07:30:04;25.6;34.0;39.6;32.0;38.9;45.5;22.4 °C;23.6;24.2;23.9;23.6;23
2024-04-16 07:40:08;25.6;34.0;39.6;32.0;38.9;45.5;22.4 °C;23.5;24.1;23.9;23.6;23
2024-04-16 07:50:04;25.5;34.0;39.5;32.0;38.9;45.5;22.4 °C;23.5;24.1;23.9;23.6;23
2024-04-16 08:00:08;25.5;34.0;39.6;32.0;38.9;45.5;22.4 °C;23.4;24.1;23.9;23.6;23
2024-04-16 08:10:08;25.6;34.0;39.5;32.1;38.9;45.5;22.4 °C;23.4;24.1;23.9;23.6;23
2024-04-16 08:20:03;25.6;34.0;39.5;32.0;38.9;45.5;22.4 °C;23.4;24.1;23.9;23.6;23
2024-04-16 08:30:06;25.5;34.0;39.5;32.0;38.9;45.5;22.4 °C;23.4;24;23.9;23.6;23
2024-04-16 08:40:08;25.5;34.0;39.5;32.0;38.9;45.5;22.5 °C;23.3;24;23.9;23.6;23
2024-04-16 08:50:03;25.5;34.0;39.5;32.0;38.9;45.5;22.6 °C;23.3;24;23.9;23.5;23
2024-04-16 09:00:06;25.8;34.0;39.5;32.0;38.9;45.5;22.6 °C;23.3;23.9;23.9;23.5;23
2024-04-16 09:10:08;25.8;34.0;39.5;32.0;38.9;45.5;22.7 °C;23.3;23.9;23.8;23.5;23
2024-04-16 09:20:04;25.8;33.9;39.5;32.0;38.9;45.5;22.8 °C;23.3;23.9;23.8;23.5;23
2024-04-16 09:30:08;25.8;34.0;39.5;32.0;38.9;45.5;22.9 °C;23.2;23.9;23.8;23.5;23
2024-04-16 09:40:04;25.8;34.0;39.5;32.0;38.9;45.5;22.9 °C;23.2;23.9;23.8;23.5;23
2024-04-16 09:50:04;25.8;34.0;39.5;32.0;38.9;45.5;23.1 °C;23.2;23.8;23.8;23.5;23
2024-04-16 10:00:07;25.6;34.0;39.5;32.0;38.9;45.5;23.1 °C;23.2;23.8;23.8;23.5;23
2024-04-16 10:10:01;25.7;34.0;39.5;32.0;38.9;45.5;23.2 °C;23.2;23.8;23.8;23.5;23
2024-04-16 10:20:03;25.8;34.1;39.5;32.0;38.9;45.5;23.3 °C;23.2;23.8;23.8;23.4;23
2024-04-16 10:30:05;25.8;34.1;39.4;32.0;38.9;45.4;23.4 °C;23.2;23.8;23.8;23.4;23
2024-04-16 10:40:05;25.8;34.0;39.5;32.0;38.9;45.5;23.6 °C;23.2;23.8;23.7;23.4;23
2024-04-16 10:50:02;25.7;34.0;39.5;32.0;38.8;45.4;23.7 °C;23.2;23.8;23.7;23.4;23
2024-04-16 11:00:05;25.8;33.9;39.4;32.0;38.9;45.5;23.8 °C;23.2;23.7;23.7;23.4;23
2024-04-16 11:10:05;25.8;34.0;39.4;32.0;38.8;45.4;23.9 °C;23.2;23.7;23.7;23.4;23
2024-04-16 11:20:06;25.7;33.9;39.4;32.0;38.8;45.4;24.1 °C;23.3;23.7;23.6;23.4;23
2024-04-16 11:30:03;25.7;33.9;39.4;32.0;38.8;45.4;24.3 °C;23.3;23.7;23.6;23.4;23
2024-04-16 11:40:02;25.7;33.9;39.4;32.0;38.8;45.4;24.4 °C;23.3;23.7;23.6;23.4;22.9
2024-04-16 11:50:08;25.8;33.9;39.4;32.0;38.9;45.4;24.6 °C;23.3;23.6;23.6;23.4;22.9
2024-04-16 12:00:04;26.0;34.0;39.4;32.0;38.9;45.4;24.7 °C;23.3;23.6;23.6;23.4;22.9
2024-04-16 12:10:08;25.7;34.0;39.4;32.0;38.8;45.4;24.9 °C;23.4;23.6;23.6;23.4;22.9
2024-04-16 12:20:08;25.7;34.0;39.4;32.0;38.8;45.4;25 °C;23.4;23.6;23.6;23.4;22.9
2024-04-16 12:30:04;25.7;34.0;39.4;32.0;38.8;45.4;25.2 °C;23.4;23.6;23.6;23.4;22.9
2024-04-16 12:40:07;25.7;34.0;39.4;32.0;38.8;45.4;25.3 °C;23.5;23.6;23.6;23.4;22.9
2024-04-16 12:50:03;25.8;34.0;39.4;31.9;38.8;45.4;25.4 °C;23.5;23.6;23.6;23.4;22.9
2024-04-16 13:00:01;25.7;34.0;39.4;32.0;38.8;45.4;25.6 °C;23.6;23.6;23.6;23.4;22.9
2024-04-16 13:10:02;25.7;34.1;39.4;31.9;38.8;45.4;25.7 °C;23.6;23.6;23.5;23.3;22.9
2024-04-16 13:20:08;25.7;34.0;39.4;31.9;38.8;45.4;25.8 °C;23.7;23.6;23.5;23.3;22.9
2024-04-16 13:30:07;25.8;34.0;39.4;31.9;38.8;45.4;25.9 °C;23.8;23.6;23.5;23.3;22.9
2024-04-16 13:40:06;25.9;34.1;39.4;31.9;38.8;45.4;25.9 °C;23.8;23.6;23.5;23.3;22.9
2024-04-16 13:50:04;25.8;34.1;39.4;31.9;38.8;45.4;26 °C;23.8;23.7;23.5;23.3;22.9
2024-04-16 14:00:03;25.9;34.1;39.4;31.9;38.8;45.4;26.1 °C;23.9;23.7;23.5;23.3;22.9
2024-04-16 14:10:02;25.9;34.1;39.4;31.9;38.8;45.4;26.1 °C;23.9;23.7;23.5;23.3;22.9
2024-04-16 14:20:01;25.8;34.1;39.4;31.9;38.8;45.4;26.2 °C;24;23.7;23.5;23.3;22.9
2024-04-16 14:30:01;25.7;34.1;39.4;31.9;38.8;45.4;26.3 °C;24.1;23.7;23.5;23.3;22.9
2024-04-16 14:40:03;25.8;34.1;39.4;31.9;38.8;45.4;26.3 °C;24.1;23.8;23.5;23.3;22.9
2024-04-16 14:50:14;25.7;34.1;39.4;31.9;38.8;45.4;26.2 °C;24.2;23.8;23.4;23.3;22.9
2024-04-16 15:00:03;25.8;34.1;39.4;31.9;38.8;45.4;26.1 °C;24.2;23.8;23.4;23.3;22.9
2024-04-16 15:10:05;25.8;34.1;39.4;31.9;38.8;45.3;26.1 °C;24.3;23.8;23.4;23.3;22.9
2024-04-16 15:20:02;25.7;34.1;39.4;31.9;38.8;45.4;26.1 °C;24.3;23.8;23.4;23.3;22.9
2024-04-16 15:30:08;25.7;34.1;39.4;31.9;38.8;45.3;26 °C;24.3;23.8;23.4;23.3;22.9
2024-04-16 15:40:07;25.7;34.1;39.4;31.9;38.8;45.3;25.9 °C;24.4;23.8;23.4;23.3;22.9
2024-04-16 15:50:02;25.8;34.1;39.4;31.9;38.8;45.3;25.9 °C;24.4;23.9;23.4;23.3;22.9
2024-04-16 16:00:05;25.7;34.1;39.4;31.9;38.8;45.3;25.8 °C;24.4;23.9;23.5;23.3;22.9
2024-04-16 16:10:06;25.8;34.1;39.4;31.9;38.8;45.3;25.7 °C;24.4;23.9;23.5;23.3;22.9
2024-04-16 16:20:08;25.7;34.1;39.4;31.9;38.7;45.3;25.6 °C;24.4;23.9;23.5;23.3;22.9
2024-04-16 16:30:07;25.7;34.1;39.4;31.9;38.8;45.3;25.4 °C;24.4;23.9;23.5;23.3;22.9
2024-04-16 16:40:03;25.6;34.1;39.4;31.9;38.8;45.3;25.3 °C;24.5;23.9;23.5;23.3;22.9
2024-04-16 16:50:01;25.8;34.1;39.4;31.9;38.8;45.3;25.1 °C;24.5;24;23.5;23.3;22.9
2024-04-16 17:00:06;25.7;34.1;39.4;31.9;38.8;45.3;24.9 °C;24.5;24;23.5;23.2;22.9
2024-04-16 17:10:01;25.7;34.1;39.4;31.9;38.8;45.3;24.8 °C;24.5;24;23.5;23.2;22.9
2024-04-16 17:20:01;25.6;34.1;39.4;31.9;38.8;45.3;24.6 °C;24.4;24;23.5;23.2;22.9
2024-04-16 17:30:02;25.5;34.1;39.4;31.9;38.8;45.3;24.5 °C;24.4;24.1;23.5;23.2;22.9
2024-04-16 17:40:01;25.6;34.1;39.4;31.9;38.8;45.3;24.4 °C;24.4;24.1;23.5;23.2;22.9
2024-04-16 17:50:02;25.5;34.1;39.4;31.9;38.8;45.3;24.3 °C;24.4;24.1;23.5;23.2;22.9
2024-04-16 18:00:05;25.6;34.1;39.4;31.9;38.8;45.3;24.2 °C;24.4;24.1;23.6;23.2;22.9
2024-04-16 18:10:01;25.5;34.1;39.4;31.9;38.8;45.4;24.1 °C;24.4;24.1;23.6;23.2;22.8
2024-04-16 18:20:03;25.5;34.1;39.4;31.9;38.8;45.3;24 °C;24.3;24.1;23.6;23.2;22.8
2024-04-16 18:30:05;25.6;34.1;39.4;31.9;38.8;45.3;23.9 °C;24.3;24.1;23.6;23.2;22.8
2024-04-16 18:40:07;25.5;34.0;39.4;31.9;38.8;45.3;23.8 °C;24.3;24.1;23.6;23.2;22.8
2024-04-16 18:50:06;25.5;34.0;39.4;31.9;38.8;45.3;23.8 °C;24.2;24.1;23.6;23.2;22.8
2024-04-16 19:00:04;25.5;34.0;39.4;31.9;38.8;45.3;23.7 °C;24.2;24.1;23.6;23.3;22.8
2024-04-16 19:10:03;25.5;34.0;39.4;31.9;38.7;45.4;23.6 °C;24.1;24.1;23.6;23.3;22.8
2024-04-16 19:20:03;25.4;34.0;39.4;31.9;38.7;45.4;23.5 °C;24.1;24.1;23.6;23.3;22.8
2024-04-16 19:30:02;25.5;34.0;39.4;31.9;38.7;45.4;23.4 °C;24.1;24.1;23.6;23.3;22.8
2024-04-16 19:40:03;25.5;34.0;39.4;31.9;38.7;45.3;23.3 °C;24;24.1;23.6;23.3;22.8
2024-04-16 19:50:07;25.4;34.0;39.4;31.9;38.7;45.3;23.3 °C;24;24.1;23.6;23.3;22.8
2024-04-16 20:00:06;25.4;34.0;39.4;31.9;38.7;45.4;23.1 °C;23.9;24.1;23.6;23.3;22.8
2024-04-16 20:10:04;25.4;34.0;39.4;31.9;38.7;45.4;23 °C;23.9;24.1;23.6;23.3;22.8
2024-04-16 20:20:08;25.4;34.0;39.4;31.9;38.7;45.3;22.9 °C;23.9;24;23.6;23.3;22.8
2024-04-16 20:30:04;25.4;34.0;39.4;31.9;38.7;45.3;22.8 °C;23.8;24;23.6;23.3;22.8
2024-04-16 20:40:03;25.4;33.9;39.4;31.9;38.7;45.3;22.7 °C;23.8;24;23.6;23.3;22.8
2024-04-16 20:50:07;25.5;33.9;39.4;31.9;38.7;45.3;22.6 °C;23.8;24;23.6;23.3;22.8
2024-04-16 21:00:02;25.4;33.9;39.4;31.9;38.7;45.3;22.6 °C;23.7;24;23.6;23.3;22.8
2024-04-16 21:10:05;25.5;33.9;39.4;31.9;38.7;45.3;22.4 °C;23.6;23.9;23.6;23.3;22.8
2024-04-16 21:20:01;25.4;33.9;39.4;31.9;38.7;45.3;22.4 °C;23.6;23.9;23.6;23.3;22.8
2024-04-16 21:30:07;25.3;33.9;39.4;31.9;38.7;45.3;22.3 °C;23.6;23.9;23.6;23.3;22.8
2024-04-16 21:40:06;25.4;33.9;39.4;31.9;38.7;45.3;22.2 °C;23.5;23.9;23.6;23.3;22.8
2024-04-16 21:50:01;25.3;33.9;39.3;31.9;38.7;45.3;22.1 °C;23.4;23.9;23.6;23.3;22.8
2024-04-16 22:00:02;25.4;33.9;39.3;31.9;38.7;45.3;22.1 °C;23.4;23.9;23.6;23.3;22.8
2024-04-16 22:10:01;25.3;33.9;39.3;31.9;38.7;45.3;22 °C;23.4;23.9;23.6;23.3;22.8
2024-04-16 22:20:07;25.3;33.8;39.3;31.9;38.7;45.3;21.9 °C;23.3;23.8;23.6;23.3;22.8
2024-04-16 22:30:05;25.3;33.8;39.3;31.9;38.7;45.3;21.9 °C;23.3;23.8;23.6;23.3;22.8
2024-04-16 22:50:07;25.4;33.8;39.3;31.9;38.7;45.3;21.8 °C;23.2;23.8;23.6;23.3;22.8
2024-04-16 23:00:02;25.3;33.8;39.3;31.9;38.7;45.3;21.7 °C;23.1;23.8;23.6;23.3;22.8
2024-04-16 23:10:00;25.4;33.8;39.3;31.9;38.7;45.3;21.6 °C;23.1;23.7;23.6;23.3;22.8
2024-04-16 23:20:01;25.4;33.8;39.3;31.9;38.7;45.3;21.6 °C;23.1;23.7;23.5;23.3;22.8
2024-04-16 23:30:06;25.4;33.8;39.3;31.9;38.7;45.3;21.6 °C;23;23.7;23.5;23.3;22.8
2024-04-16 23:40:04;25.4;33.8;39.3;31.9;38.7;45.3;21.5 °C;22.9;23.6;23.5;23.3;22.8
2024-04-16 23:50:00;25.4;33.8;39.3;31.9;38.7;45.3;21.4 °C;22.9;23.6;23.5;23.3;22.8
2024-04-17 00:00:00;25.4;33.8;39.3;31.9;38.7;45.3;21.4 °C;22.9;23.6;23.5;23.3;22.8
2024-04-17 00:10:04;25.4;33.8;39.3;31.9;38.7;45.3;21.4 °C;22.8;23.6;23.5;23.3;22.8
2024-04-17 00:20:05;25.4;33.8;39.3;31.9;38.7;45.3;21.3 °C;22.8;23.6;23.5;23.3;22.8
2024-04-17 00:30:02;25.4;33.8;39.3;31.9;38.8;45.3;21.3 °C;22.8;23.5;23.4;23.2;22.8
2024-04-17 00:40:05;25.4;33.8;39.2;31.9;38.7;45.3;21.3 °C;22.7;23.5;23.4;23.2;22.8
2024-04-17 00:50:06;25.4;33.8;39.2;31.8;38.7;45.3;21.2 °C;22.7;23.5;23.4;23.2;22.8
2024-04-17 01:00:01;25.4;33.8;39.2;31.9;38.7;45.3;21.2 °C;22.6;23.4;23.4;23.2;22.8
2024-04-17 01:10:02;25.5;33.7;39.2;31.8;38.7;45.3;21.1 °C;22.6;23.4;23.4;23.2;22.8
2024-04-17 01:20:00;25.5;33.7;39.2;31.9;38.7;45.3;21.1 °C;22.6;23.4;23.4;23.2;22.8
2024-04-17 01:30:05;25.5;33.7;39.2;31.9;38.7;45.3;21.1 °C;22.5;23.4;23.4;23.2;22.8
2024-04-17 01:40:02;25.6;33.7;39.2;31.8;38.7;45.3;21 °C;22.4;23.3;23.4;23.2;22.8
2024-04-17 01:50:04;25.5;33.7;39.2;31.8;38.7;45.3;20.9 °C;22.4;23.3;23.4;23.2;22.8
2024-04-17 02:00:01;25.5;33.7;39.2;31.9;38.7;45.3;20.9 °C;22.4;23.3;23.4;23.2;22.8
2024-04-17 02:10:07;25.5;33.7;39.2;31.8;38.7;45.3;20.9 °C;22.4;23.3;23.3;23.2;22.8
2024-04-17 02:20:06;25.4;33.7;39.2;31.8;38.7;45.3;20.8 °C;22.3;23.3;23.3;23.2;22.8
2024-04-17 02:30:01;25.4;33.7;39.2;31.8;38.7;45.3;20.8 °C;22.3;23.2;23.3;23.1;22.8
2024-04-17 02:40:03;25.5;33.7;39.2;31.8;38.7;45.3;20.7 °C;22.3;23.2;23.3;23.1;22.8
2024-04-17 02:50:04;25.5;33.7;39.2;31.8;38.7;45.3;20.6 °C;22.2;23.2;23.3;23.1;22.8
2024-04-17 03:00:04;25.5;33.7;39.2;31.8;38.7;45.3;20.6 °C;22.2;23.1;23.3;23.1;22.8
2024-04-17 03:10:00;25.5;33.7;39.2;31.8;38.7;45.3;20.4 °C;22.1;23.1;23.3;23.1;22.8
2024-04-17 03:20:04;25.5;33.7;39.2;31.8;38.7;45.3;20.4 °C;22.1;23.1;23.3;23.1;22.8
2024-04-17 03:30:05;25.4;33.7;39.1;31.8;38.7;45.3;20.3 °C;22.1;23.1;23.2;23.1;22.8
2024-04-17 03:40:06;25.5;33.7;39.1;31.8;38.7;45.3;20.3 °C;22;23.1;23.2;23.1;22.8
2024-04-17 03:50:04;25.5;33.7;39.1;31.8;38.7;45.3;20.2 °C;22;23;23.2;23.1;22.8
2024-04-17 04:00:05;25.5;33.7;39.2;31.8;38.7;45.3;20.1 °C;21.9;23;23.2;23.1;22.8
2024-04-17 04:10:06;25.5;33.6;39.1;31.8;38.7;45.3;20.1 °C;21.9;22.9;23.1;23.1;22.8
2024-04-17 04:20:01;25.5;33.6;39.1;31.8;38.7;45.3;20 °C;21.9;22.9;23.1;23.1;22.8
2024-04-17 04:30:06;25.4;33.7;39.1;31.8;38.7;45.3;19.9 °C;21.8;22.9;23.1;23.1;22.8
2024-04-17 04:40:00;25.5;33.6;39.1;31.8;38.7;45.3;19.9 °C;21.8;22.9;23.1;23.1;22.8
2024-04-17 04:50:05;25.5;33.6;39.1;31.8;38.6;45.3;19.9 °C;21.8;22.8;23.1;23.1;22.8
2024-04-17 05:00:03;25.5;33.6;39.1;31.8;38.6;45.3;19.8 °C;21.7;22.8;23.1;23.1;22.8
2024-04-17 05:10:04;25.5;33.7;39.1;31.8;38.6;45.3;19.8 °C;21.6;22.8;23.1;23.1;22.8
2024-04-17 05:20:00;25.5;33.6;39.1;31.8;38.7;45.3;19.8 °C;21.6;22.8;23.1;23;22.8
2024-04-17 05:30:04;25.5;33.6;39.1;31.8;38.7;45.3;19.8 °C;21.6;22.8;23;23;22.8
2024-04-17 05:40:06;25.5;33.6;39.0;31.8;38.7;45.3;19.7 °C;21.6;22.7;23;23;22.8
2024-04-17 05:50:00;25.5;33.6;39.1;31.8;38.6;45.3;19.7 °C;21.5;22.7;23;23;22.8
2024-04-17 06:00:00;25.5;33.6;39.1;31.8;38.6;45.3;19.6 °C;21.4;22.6;22.9;23;22.8
2024-04-17 06:10:05;25.5;33.6;39.1;31.8;38.6;45.3;19.6 °C;21.4;22.6;22.9;23;22.8
2024-04-17 06:20:07;25.5;33.6;39.1;31.8;38.7;45.3;19.6 °C;21.4;22.6;22.9;23;22.8
2024-04-17 06:30:06;25.5;33.6;39.1;31.8;38.6;45.3;19.5 °C;21.3;22.6;22.9;22.9;22.8
2024-04-17 06:40:05;25.5;33.6;39.1;31.8;38.6;45.3;19.5 °C;21.3;22.5;22.9;22.9;22.7
2024-04-17 06:50:06;25.6;33.6;39.0;31.8;38.6;45.3;19.4 °C;21.3;22.5;22.9;22.9;22.7
2024-04-17 07:00:01;25.5;33.6;39.0;31.7;38.6;45.3;19.4 °C;21.3;22.5;22.9;22.9;22.7
2024-04-17 07:09:59;25.5;33.6;39.0;31.8;38.6;45.3;19.4 °C;21.2;22.4;22.8;22.9;22.7
2024-04-17 07:20:03;25.5;33.6;39.0;31.8;38.6;45.3;19.4 °C;21.2;22.4;22.8;22.9;22.7
2024-04-17 07:30:03;25.5;33.5;39.0;31.7;38.6;45.3;19.4 °C;21.1;22.4;22.8;22.9;22.7
2024-04-17 07:40:00;25.6;33.6;39.0;31.7;38.6;45.3;19.4 °C;21.1;22.4;22.8;22.9;22.7
2024-04-17 07:50:00;25.6;33.6;39.0;31.7;38.6;45.3;19.4 °C;21.1;22.3;22.8;22.9;22.7
2024-04-17 08:00:05;25.5;33.5;39.0;31.7;38.6;45.2;19.4 °C;21;22.3;22.8;22.9;22.7
2024-04-17 08:10:07;25.5;33.5;39.0;31.7;38.6;45.3;19.4 °C;21;22.3;22.7;22.8;22.7
2024-04-17 08:20:06;25.5;33.5;39.0;31.7;38.6;45.3;19.5 °C;20.9;22.3;22.7;22.8;22.6
2024-04-17 08:30:06;25.5;33.5;39.0;31.7;38.6;45.3;19.6 °C;20.9;22.3;22.7;22.8;22.6
2024-04-17 08:40:00;25.5;33.5;39.0;31.7;38.6;45.3;19.6 °C;20.9;22.2;22.7;22.8;22.6
2024-04-17 08:50:05;25.5;33.5;39.0;31.7;38.6;45.3;19.8 °C;20.9;22.2;22.6;22.8;22.6
2024-04-17 09:00:06;25.6;33.5;39.0;31.7;38.6;45.3;19.9 °C;20.9;22.1;22.6;22.8;22.6
2024-04-17 09:10:01;25.5;33.5;38.9;31.7;38.6;45.3;20.1 °C;20.9;22.1;22.6;22.8;22.6
2024-04-17 09:20:02;25.5;33.5;39.0;31.7;38.6;45.3;20.3 °C;20.8;22.1;22.6;22.8;22.6
2024-04-17 09:30:02;25.5;33.5;39.0;31.7;38.6;45.3;20.4 °C;20.8;22.1;22.6;22.8;22.6
2024-04-17 09:40:00;25.5;33.5;38.9;31.7;38.6;45.2;20.6 °C;20.8;22.1;22.6;22.8;22.6
2024-04-17 09:50:01;25.5;33.5;39.0;31.7;38.6;45.3;20.8 °C;20.8;22;22.5;22.8;22.6
2024-04-17 10:00:03;25.5;33.5;38.9;31.7;38.6;45.2;21.1 °C;20.8;22;22.5;22.7;22.6
2024-04-17 10:10:07;25.5;33.5;38.9;31.7;38.5;45.2;21.3 °C;20.9;22;22.5;22.7;22.6
2024-04-17 10:20:06;25.6;33.5;38.9;31.7;38.5;45.2;21.4 °C;20.9;21.9;22.4;22.7;22.6
2024-04-17 10:30:05;25.5;33.6;38.9;31.7;38.6;45.2;21.5 °C;20.9;21.9;22.4;22.7;22.6
2024-04-17 10:40:03;25.7;33.5;38.9;31.7;38.6;45.2;21.6 °C;20.9;21.9;22.4;22.7;22.6
2024-04-17 10:50:03;25.5;33.5;38.9;31.6;38.6;45.2;21.7 °C;20.9;21.9;22.4;22.6;22.6
2024-04-17 11:00:03;25.6;33.6;38.9;31.7;38.6;45.2;21.9 °C;21;21.9;22.4;22.6;22.6
2024-04-17 11:10:03;25.6;33.6;38.9;31.6;38.6;45.2;22.1 °C;21.1;21.9;22.4;22.6;22.6
2024-04-17 11:20:04;25.7;33.6;38.9;31.6;38.5;45.2;22.2 °C;21.1;21.9;22.4;22.6;22.5
2024-04-17 11:30:05;25.6;33.6;38.9;31.6;38.5;45.2;22.4 °C;21.1;21.9;22.3;22.6;22.5
2024-04-17 11:40:07;25.6;33.6;38.9;31.6;38.5;45.2;22.5 °C;21.2;21.9;22.3;22.6;22.5
2024-04-17 11:50:02;25.7;33.6;38.9;31.6;38.5;45.2;22.6 °C;21.3;21.9;22.3;22.6;22.5
2024-04-17 12:00:02;25.6;33.6;38.9;31.6;38.5;45.2;22.7 °C;21.3;21.9;22.3;22.6;22.5
2024-04-17 12:10:00;25.6;33.6;38.9;31.6;38.5;45.2;22.8 °C;21.3;21.9;22.3;22.6;22.5
2024-04-17 12:20:06;25.6;33.6;38.9;31.6;38.5;45.1;22.7 °C;21.4;21.9;22.3;22.6;22.5
2024-04-17 12:30:05;25.6;33.6;38.9;31.6;38.5;45.2;22.7 °C;21.4;21.9;22.3;22.5;22.4
2024-04-17 12:40:03;25.6;33.6;38.9;31.6;38.5;45.2;22.7 °C;21.5;21.9;22.3;22.5;22.4
2024-04-17 12:49:59;25.6;33.6;38.9;31.6;38.5;45.2;22.7 °C;21.6;21.9;22.3;22.5;22.4
2024-04-17 13:00:03;25.6;33.6;38.9;31.6;38.5;45.2;22.8 °C;21.6;21.9;22.3;22.5;22.4
2024-04-17 13:10:03;25.7;33.7;38.9;31.6;38.5;45.2;23 °C;21.6;21.9;22.2;22.5;22.4
2024-04-17 13:20:03;25.7;33.6;38.9;31.6;38.5;45.2;23.2 °C;21.7;21.9;22.2;22.4;22.4
2024-04-17 13:29:59;25.7;33.6;38.9;31.6;38.5;45.2;23.4 °C;21.7;21.9;22.2;22.4;22.4
2024-04-17 13:40:04;25.7;33.6;38.9;31.6;38.5;45.2;23.6 °C;21.8;21.9;22.2;22.4;22.4
2024-04-17 13:50:05;25.7;33.7;38.9;31.6;38.5;45.1;23.6 °C;21.8;21.9;22.2;22.4;22.4
2024-04-17 13:59:59;25.7;33.7;38.9;31.6;38.5;45.1;23.7 °C;21.9;21.9;22.2;22.4;22.4
2024-04-17 14:10:00;25.7;33.7;38.9;31.6;38.5;45.1;23.7 °C;21.9;22;22.2;22.4;22.4
2024-04-17 14:20:05;25.7;33.7;38.9;31.6;38.4;45.1;23.6 °C;22;22;22.2;22.4;22.4
2024-04-17 14:29:59;25.6;33.7;38.9;31.6;38.4;45.1;23.6 °C;22.1;22;22.2;22.4;22.4
2024-04-17 14:39:59;25.6;33.7;38.9;31.6;38.4;45.1;23.5 °C;22.1;22.1;22.2;22.4;22.4
2024-04-17 14:49:59;25.6;33.7;38.9;31.6;38.4;45.1;23.4 °C;22.1;22.1;22.2;22.4;22.4
2024-04-17 15:00:04;25.7;33.7;38.9;31.6;38.4;45.1;23.3 °C;22.2;22.1;22.2;22.4;22.4
2024-04-17 15:10:01;25.7;33.7;38.9;31.6;38.4;45.1;23.2 °C;22.3;22.1;22.2;22.4;22.3
2024-04-17 15:20:03;25.7;33.7;38.9;31.6;38.4;45.1;23.1 °C;22.3;22.1;22.2;22.4;22.3
2024-04-17 15:29:59;25.6;33.7;38.9;31.6;38.4;45.1;23 °C;22.3;22.1;22.2;22.4;22.3
2024-04-17 15:40:03;25.6;33.7;38.9;31.6;38.4;45.1;22.9 °C;22.3;22.2;22.2;22.3;22.3
2024-04-17 15:49:59;25.7;33.7;38.9;31.6;38.4;45.1;22.7 °C;22.3;22.2;22.2;22.3;22.3
2024-04-17 16:00:04;25.6;33.7;38.9;31.6;38.4;45.1;22.6 °C;22.3;22.2;22.2;22.3;22.3
2024-04-17 16:10:01;25.7;33.7;38.9;31.6;38.4;45.1;22.4 °C;22.3;22.3;22.2;22.3;22.3
2024-04-17 16:20:06;25.7;33.7;38.9;31.6;38.4;45.1;22.3 °C;22.3;22.3;22.2;22.3;22.3
2024-04-17 16:30:06;25.7;33.7;38.9;31.6;38.4;45.1;22.2 °C;22.3;22.3;22.2;22.3;22.3
2024-04-17 16:40:01;25.7;33.7;38.9;31.6;38.4;45.1;22.1 °C;22.3;22.3;22.2;22.3;22.3
2024-04-17 16:50:03;25.7;33.7;38.9;31.6;38.4;45.1;22 °C;22.3;22.3;22.2;22.3;22.3
2024-04-17 17:00:04;25.7;33.7;38.9;31.6;38.4;45.1;21.9 °C;22.3;22.3;22.2;22.3;22.3
2024-04-17 17:10:05;25.6;33.7;38.9;31.6;38.4;45.1;21.8 °C;22.3;22.3;22.2;22.3;22.3
2024-04-17 17:20:03;25.6;33.7;38.9;31.6;38.4;45.1;21.8 °C;22.3;22.3;22.2;22.3;22.3
2024-04-17 17:30:03;25.6;33.7;38.9;31.6;38.4;45.1;21.7 °C;22.3;22.3;22.2;22.3;22.3
2024-04-17 17:40:03;25.7;33.7;38.9;31.6;38.4;45.1;21.6 °C;22.2;22.3;22.3;22.3;22.3
2024-04-17 17:50:03;25.8;33.7;38.9;31.6;38.4;45.1;21.5 °C;22.2;22.4;22.3;22.3;22.3
2024-04-17 18:00:03;25.6;33.6;38.9;31.6;38.4;45.1;21.4 °C;22.1;22.4;22.3;22.3;22.3
2024-04-17 18:10:04;25.6;33.6;38.9;31.6;38.4;45.1;21.2 °C;22.1;22.4;22.3;22.3;22.3
2024-04-17 18:20:05;25.7;33.7;38.9;31.6;38.4;45.1;21.1 °C;22.1;22.4;22.3;22.3;22.3
2024-04-17 18:30:00;25.7;33.6;38.9;31.6;38.4;45.1;20.9 °C;22.1;22.4;22.3;22.3;22.3
2024-04-17 18:40:05;25.6;33.6;38.9;31.6;38.4;45.1;20.8 °C;22;22.4;22.3;22.3;22.3
2024-04-17 18:49:59;25.6;33.6;38.9;31.6;38.4;45.1;20.6 °C;22;22.4;22.3;22.3;22.3
2024-04-17 19:00:04;25.7;33.6;38.9;31.6;38.4;45.1;20.4 °C;21.9;22.4;22.3;22.3;22.2
2024-04-17 19:10:01;25.6;33.6;38.9;31.6;38.4;45.1;20.3 °C;21.9;22.3;22.3;22.3;22.2
2024-04-17 19:19:59;25.6;33.6;38.9;31.6;38.3;45.1;20.2 °C;21.9;22.3;22.3;22.3;22.2
2024-04-17 19:29:59;25.6;33.6;38.9;31.6;38.4;45.1;20 °C;21.8;22.3;22.3;22.3;22.2
2024-04-17 19:40:03;25.6;33.6;38.9;31.5;38.4;45.1;19.9 °C;21.8;22.3;22.3;22.3;22.2
2024-04-17 19:49:59;25.6;33.6;38.9;31.6;38.4;45.1;19.8 °C;21.8;22.3;22.3;22.3;22.2
2024-04-17 19:59:59;25.6;33.5;38.9;31.6;38.3;45.1;19.6 °C;21.7;22.3;22.3;22.3;22.2
2024-04-17 20:09:59;25.6;33.5;38.9;31.5;38.3;45.1;19.5 °C;21.6;22.3;22.3;22.3;22.2
2024-04-17 20:20:04;25.6;33.5;38.9;31.5;38.4;45.1;19.4 °C;21.6;22.3;22.3;22.3;22.2
2024-04-17 20:30:02;25.7;33.5;38.9;31.6;38.4;45.1;19.3 °C;21.5;22.3;22.3;22.3;22.2
2024-04-17 20:40:05;25.6;33.5;38.9;31.6;38.4;45.1;19.1 °C;21.4;22.3;22.3;22.3;22.2
2024-04-17 20:50:03;25.6;33.5;38.8;31.5;38.4;45.1;19 °C;21.4;22.2;22.3;22.3;22.2
2024-04-17 21:00:03;25.7;33.5;38.8;31.5;38.4;45.1;18.9 °C;21.3;22.2;22.3;22.3;22.2
2024-04-17 21:10:00;25.8;33.5;38.8;31.5;38.4;45.1;18.8 °C;21.3;22.2;22.3;22.3;22.2
2024-04-17 21:20:05;25.9;33.5;38.8;31.5;38.4;45.1;18.7 °C;21.2;22.1;22.3;22.3;22.2
2024-04-17 21:29:59;25.8;33.5;38.8;31.5;38.4;45.1;18.6 °C;21.1;22.1;22.3;22.3;22.2
2024-04-17 21:40:04;25.8;33.5;38.8;31.5;38.4;45.1;18.5 °C;21.1;22.1;22.3;22.3;22.2
2024-04-17 21:50:02;25.8;33.5;38.8;31.5;38.4;45.1;18.4 °C;21;22.1;22.3;22.3;22.2
2024-04-17 22:00:01;25.8;33.4;38.8;31.5;38.4;45.0;18.4 °C;20.9;22.1;22.2;22.3;22.2
2024-04-17 22:10:03;25.8;33.7;38.8;31.5;38.4;45.0;18.3 °C;20.9;22;22.2;22.3;22.2
2024-04-17 22:20:04;25.7;33.5;38.8;31.5;38.3;45.0;18.3 °C;20.8;22;22.2;22.3;22.2
2024-04-17 22:30:02;25.8;33.5;38.8;31.5;38.4;45.1;18.2 °C;20.8;21.9;22.2;22.3;22.2
2024-04-17 22:40:05;25.7;33.5;38.8;31.5;38.4;45.0;18.1 °C;20.7;21.9;22.2;22.3;22.2
2024-04-17 22:50:00;25.7;33.5;38.8;31.5;38.3;45.0;18 °C;20.6;21.9;22.2;22.3;22.2
2024-04-17 23:00:06;25.8;33.4;38.8;31.5;38.3;45.1;17.9 °C;20.6;21.9;22.2;22.3;22.1
2024-04-17 23:10:06;25.7;33.4;38.8;31.5;38.4;45.0;17.9 °C;20.5;21.8;22.1;22.3;22.1
2024-04-17 23:20:01;25.7;33.4;38.8;31.5;38.3;45.0;17.8 °C;20.4;21.8;22.1;22.3;22.1
2024-04-17 23:30:03;25.7;33.4;38.8;31.5;38.4;45.0;17.7 °C;20.4;21.8;22.1;22.3;22.1
2024-04-17 23:40:03;25.7;33.4;38.8;31.5;38.4;45.0;17.6 °C;20.4;21.8;22.1;22.3;22.1
2024-04-17 23:50:04;25.7;33.4;38.7;31.5;38.3;45.0;17.5 °C;20.3;21.7;22.1;22.3;22.1
2024-04-18 00:00:02;25.7;33.4;38.7;31.5;38.3;45.0;17.4 °C;20.3;21.7;22.1;22.3;22.1
2024-04-18 00:10:02;25.7;33.4;38.7;31.5;38.3;45.0;17.3 °C;20.2;21.6;22.1;22.2;22.1
2024-04-18 00:20:01;25.7;33.4;38.7;31.5;38.3;45.0;17.3 °C;20.1;21.6;22.1;22.2;22.1
2024-04-18 00:30:00;25.7;33.4;38.7;31.5;38.3;45.0;17.1 °C;20.1;21.6;22;22.2;22.1
2024-04-18 00:40:01;25.6;33.4;38.7;31.5;38.3;45.0;17 °C;20;21.6;22;22.2;22.1
2024-04-18 00:50:04;25.6;33.4;38.7;31.5;38.3;45.0;16.9 °C;19.9;21.5;22;22.2;22.1
2024-04-18 01:00:01;25.6;33.4;38.7;31.5;38.3;45.0;16.9 °C;19.9;21.5;22;22.2;22.1
2024-04-18 01:10:04;25.6;33.4;38.7;31.5;38.3;45.0;16.8 °C;19.8;21.4;21.9;22.2;22.1
2024-04-18 01:20:01;25.6;33.4;38.7;31.5;38.3;45.0;16.7 °C;19.8;21.4;21.9;22.2;22.1
2024-04-18 01:29:59;25.7;33.4;38.7;31.5;38.3;45.0;16.6 °C;19.7;21.4;21.9;22.2;22.1
2024-04-18 01:40:00;25.6;33.4;38.7;31.5;38.3;45.0;16.6 °C;19.6;21.3;21.9;22.1;22.1
2024-04-18 01:50:06;25.7;33.4;38.7;31.4;38.3;45.0;16.5 °C;19.6;21.3;21.9;22.1;22.1
2024-04-18 02:00:05;25.6;33.3;38.7;31.4;38.3;45.0;16.4 °C;19.6;21.3;21.9;22.1;22.1
2024-04-18 02:10:03;25.7;33.4;38.7;31.4;38.3;45;16.3 °C;19.5;21.2;21.9;22.1;22.1
2024-04-18 02:20:00;25.6;33.3;38.7;31.4;38.3;45;16.3 °C;19.4;21.2;21.8;22.1;22.1
2024-04-18 02:30:06;25.7;33.3;38.6;31.4;38.3;45;16.2 °C;19.4;21.1;21.8;22.1;22.1
2024-04-18 02:40:01;25.7;33.4;38.6;31.4;38.3;45;16.1 °C;19.3;21.1;21.8;22.1;22.1
2024-04-18 02:49:59;25.7;33.4;38.7;31.4;38.3;45;16 °C;19.3;21.1;21.8;22.1;22.1
2024-04-18 03:00:01;25.7;33.3;38.6;31.4;38.3;45;15.9 °C;19.2;21;21.8;22.1;22.1
2024-04-18 03:09:59;25.7;33.3;38.6;31.4;38.3;45;15.9 °C;19.1;21;21.7;22.1;22.1
2024-04-18 03:20:00;25.8;33.3;38.6;31.4;38.3;45;15.8 °C;19.1;20.9;21.7;22.1;22.1
2024-04-18 03:30:01;25.6;33.3;38.6;31.4;38.3;45.0;15.7 °C;19;20.9;21.7;22;22.1
2024-04-18 03:40:03;25.6;33.3;38.6;31.4;38.3;45.0;15.6 °C;18.9;20.9;21.6;22;22.1
2024-04-18 03:50:00;25.6;33.3;38.6;31.4;38.2;45.0;15.6 °C;18.9;20.8;21.6;22;22
2024-04-18 04:00:02;25.7;33.3;38.6;31.4;38.2;45.0;15.4 °C;18.8;20.8;21.6;22;22
2024-04-18 04:10:06;25.7;33.3;38.6;31.4;38.2;45.0;15.4 °C;18.8;20.8;21.6;22;22
2024-04-18 04:20:02;25.7;33.3;38.6;31.4;38.2;45.0;15.3 °C;18.8;20.7;21.6;22;22
2024-04-18 04:30:05;25.7;33.3;38.6;31.4;38.2;45.0;15.3 °C;18.7;20.7;21.6;21.9;22
2024-04-18 04:40:04;25.7;33.3;38.6;31.4;38.2;45.0;15.2 °C;18.6;20.6;21.5;21.9;22
2024-04-18 04:50:05;25.7;33.3;38.6;31.4;38.2;44.9;15.1 °C;18.6;20.6;21.5;21.9;22
2024-04-18 05:00:04;25.7;33.3;38.6;31.4;38.2;44.9;15.1 °C;18.5;20.6;21.4;21.9;22
2024-04-18 05:10:06;25.7;33.2;38.6;31.4;38.2;44.9;15 °C;18.4;20.5;21.4;21.9;22
2024-04-18 05:20:02;25.7;33.2;38.6;31.4;38.2;44.9;14.9 °C;18.4;20.5;21.4;21.9;21.9
2024-04-18 05:30:01;25.7;33.3;38.6;31.4;38.2;44.9;14.9 °C;18.3;20.4;21.4;21.9;21.9
2024-04-18 05:40:00;25.7;33.3;38.6;31.3;38.2;44.9;14.8 °C;18.3;20.4;21.4;21.9;21.9
2024-04-18 05:50:06;25.7;33.2;38.6;31.3;38.2;44.9;14.8 °C;18.3;20.4;21.3;21.8;21.9
2024-04-18 06:00:06;25.7;33.2;38.6;31.3;38.2;44.9;14.8 °C;18.2;20.3;21.3;21.8;21.9
2024-04-18 06:10:06;25.7;33.3;38.5;31.3;38.2;44.9;14.7 °C;18.1;20.3;21.3;21.8;21.9
2024-04-18 06:20:06;25.7;33.2;38.5;31.4;38.2;44.9;14.6 °C;18.1;20.3;21.3;21.8;21.9
2024-04-18 06:30:01;25.7;33.2;38.5;31.4;38.2;44.9;14.6 °C;18;20.2;21.3;21.8;21.9
2024-04-18 06:39:59;25.7;33.3;38.5;31.3;38.2;44.9;14.5 °C;17.9;20.1;21.2;21.8;21.9
2024-04-18 06:50:05;25.7;33.3;38.5;31.3;38.2;44.9;14.4 °C;17.9;20.1;21.2;21.8;21.9
2024-04-18 06:59:59;25.7;33.2;38.5;31.3;38.1;44.9;14.4 °C;17.9;20.1;21.1;21.8;21.9
2024-04-18 07:09:59;25.7;33.2;38.5;31.3;38.1;44.9;14.4 °C;17.8;20;21.1;21.7;21.9
2024-04-18 07:20:00;25.7;33.2;38.5;31.3;38.1;44.9;14.4 °C;17.8;20;21.1;21.7;21.9
2024-04-18 07:29:59;25.7;33.2;38.5;31.3;38.1;44.9;14.4 °C;17.7;19.9;21.1;21.7;21.9
2024-04-18 07:39:59;25.7;33.2;38.5;31.3;38.1;44.9;14.5 °C;17.6;19.9;21;21.7;21.8
2024-04-18 07:50:00;25.7;33.2;38.5;31.3;38.1;44.9;14.6 °C;17.6;19.9;21;21.6;21.8
2024-04-18 08:00:02;25.7;33.2;38.5;31.3;38.1;44.9;14.6 °C;17.6;19.8;21;21.6;21.8
2024-04-18 08:10:05;25.7;33.2;38.5;31.3;38.1;44.9;14.7 °C;17.5;19.8;20.9;21.6;21.8
2024-04-18 08:20:04;25.7;33.2;38.5;31.3;38.1;44.9;14.8 °C;17.5;19.8;20.9;21.6;21.8
2024-04-18 08:30:01;25.6;33.2;38.5;31.3;38.1;44.9;14.9 °C;17.4;19.7;20.9;21.6;21.8
2024-04-18 08:40:04;25.6;33.2;38.5;31.3;38.1;44.9;15.1 °C;17.4;19.7;20.9;21.6;21.8
2024-04-18 08:50:06;25.6;33.2;38.5;31.3;38.1;44.9;15.3 °C;17.4;19.6;20.8;21.6;21.8
2024-04-18 09:00:02;25.6;33.2;38.5;31.3;38.1;44.9;15.5 °C;17.4;19.6;20.8;21.5;21.8
2024-04-18 09:10:05;25.5;33.2;38.5;31.3;38.1;44.9;15.7 °C;17.4;19.6;20.8;21.5;21.8
2024-04-18 09:20:00;25.6;33.2;38.5;31.3;38.1;44.9;15.9 °C;17.4;19.5;20.8;21.5;21.8
2024-04-18 09:30:06;25.5;33.2;38.5;31.3;38.1;44.9;16.2 °C;17.4;19.5;20.8;21.5;21.8
2024-04-18 09:40:06;25.5;33.2;38.5;31.3;38.1;44.9;16.4 °C;17.4;19.4;20.7;21.4;21.7
2024-04-18 09:50:01;25.5;33.2;38.5;31.3;38.1;44.9;16.7 °C;17.4;19.4;20.7;21.4;21.7
2024-04-18 10:00:05;25.5;33.2;38.4;31.3;38.1;44.9;17 °C;17.4;19.4;20.6;21.4;21.7
2024-04-18 10:10:00;25.6;33.3;38.4;31.3;38.1;44.9;17.3 °C;17.4;19.4;20.6;21.4;21.7
2024-04-18 10:20:05;25.6;33.2;38.4;31.3;38.1;44.9;17.6 °C;17.4;19.4;20.6;21.4;21.7
2024-04-18 10:30:04;25.6;33.3;38.4;31.3;38.1;44.9;17.9 °C;17.5;19.3;20.6;21.4;21.6
2024-04-18 10:39:58;25.6;33.3;38.4;31.3;38.0;44.9;18.2 °C;17.5;19.3;20.5;21.3;21.6
2024-04-18 10:49:59;25.7;33.3;38.4;31.3;38.1;44.9;18.5 °C;17.6;19.3;20.5;21.3;21.6
2024-04-18 11:00:03;25.7;33.3;38.4;31.3;38.0;44.9;18.8 °C;17.6;19.3;20.5;21.3;21.6
2024-04-18 11:10:05;25.7;33.3;38.4;31.2;38.0;44.8;19.1 °C;17.8;19.3;20.4;21.3;21.6
2024-04-18 11:20:03;25.8;33.3;38.4;31.2;38.0;44.8;19.4 °C;17.8;19.3;20.4;21.3;21.6
2024-04-18 11:30:00;25.7;33.3;38.4;31.2;38.0;44.8;19.7 °C;17.9;19.3;20.4;21.3;21.6
2024-04-18 11:39:59;25.7;33.3;38.5;31.2;38.0;44.8;19.9 °C;18;19.3;20.4;21.3;21.6
2024-04-18 11:50:03;25.7;33.3;38.4;31.2;38.0;44.8;20.1 °C;18.1;19.3;20.4;21.2;21.6
2024-04-18 12:00:05;25.7;33.3;38.5;31.2;38.0;44.8;20.3 °C;18.2;19.3;20.3;21.2;21.6
2024-04-18 12:10:03;25.7;33.4;38.5;31.2;38.0;44.8;20.3 °C;18.3;19.3;20.3;21.2;21.5
2024-04-18 12:20:00;25.7;33.4;38.5;31.2;38.0;44.8;20.4 °C;18.4;19.3;20.3;21.1;21.5
2024-04-18 12:29:58;25.7;33.4;38.5;31.2;38.0;44.8;20.5 °C;18.4;19.3;20.3;21.1;21.5
2024-04-18 12:40:03;25.7;33.4;38.5;31.2;38.0;44.8;20.5 °C;18.6;19.3;20.3;21.1;21.5
2024-04-18 12:50:04;25.7;33.4;38.5;31.2;38.0;44.8;20.5 °C;18.6;19.3;20.3;21.1;21.5
2024-04-18 13:00:02;25.6;33.4;38.5;31.2;38.0;44.8;20.4 °C;18.8;19.3;20.3;21.1;21.4
2024-04-18 13:10:06;25.6;33.5;38.5;31.2;38.0;44.8;20.4 °C;18.8;19.4;20.3;21.1;21.4
2024-04-18 13:20:01;25.6;33.5;38.5;31.2;38.0;44.8;20.3 °C;18.9;19.4;20.3;21.1;21.4
2024-04-18 13:30:01;25.6;33.5;38.5;31.2;38.0;44.8;20.2 °C;18.9;19.4;20.2;21;21.4
2024-04-18 13:40:04;25.6;33.5;38.5;31.2;38.0;44.8;20.1 °C;19;19.4;20.2;21;21.4
2024-04-18 13:50:06;25.6;33.5;38.5;31.2;38.0;44.8;20.1 °C;19.1;19.4;20.2;21;21.4
2024-04-18 14:00:06;25.6;33.5;38.5;31.2;38.0;44.8;19.9 °C;19.1;19.5;20.2;21;21.4
2024-04-18 14:10:05;25.6;33.5;38.5;31.2;37.9;44.8;19.8 °C;19.2;19.5;20.2;20.9;21.4
2024-04-18 14:20:01;25.6;33.5;38.5;31.2;37.9;44.8;19.8 °C;19.2;19.5;20.2;20.9;21.4
2024-04-18 14:30:00;25.6;33.5;38.5;31.2;37.9;44.8;19.7 °C;19.3;19.6;20.2;20.9;21.4
2024-04-18 14:40:05;25.6;33.5;38.5;31.2;37.9;44.8;19.7 °C;19.3;19.6;20.2;20.9;21.3
2024-04-18 14:50:01;25.6;33.5;38.5;31.2;37.9;44.7;19.8 °C;19.3;19.6;20.2;20.9;21.3
2024-04-18 15:00:03;25.6;33.5;38.5;31.2;37.9;44.7;19.9 °C;19.3;19.6;20.2;20.9;21.3
2024-04-18 15:10:01;25.5;33.5;38.5;31.2;38.0;44.7;19.9 °C;19.3;19.6;20.2;20.9;21.3
2024-04-18 15:20:00;25.5;33.5;38.5;31.2;37.9;44.7;19.9 °C;19.3;19.7;20.2;20.9;21.3
2024-04-18 15:30:02;25.5;33.5;38.5;31.2;38.0;44.8;19.9 °C;19.3;19.7;20.2;20.9;21.3
2024-04-18 15:40:01;25.5;33.4;38.5;31.2;37.9;44.7;19.9 °C;19.4;19.7;20.2;20.9;21.3
2024-04-18 15:50:05;25.5;33.4;38.5;31.2;37.9;44.7;20 °C;19.4;19.8;20.2;20.9;21.3
2024-04-18 16:00:04;25.6;33.5;38.5;31.2;37.9;44.7;20.1 °C;19.4;19.8;20.2;20.9;21.3
2024-04-18 16:10:03;25.5;33.5;38.5;31.2;37.9;44.7;20.1 °C;19.4;19.8;20.2;20.9;21.3
2024-04-18 16:20:01;25.5;33.4;38.5;31.2;37.9;44.7;20.1 °C;19.4;19.8;20.2;20.8;21.3
2024-04-18 16:29:59;25.5;33.5;38.5;31.2;37.9;44.7;20.1 °C;19.4;19.8;20.2;20.8;21.2
2024-04-18 16:40:05;25.6;33.5;38.5;31.2;37.9;44.7;20 °C;19.5;19.8;20.2;20.8;21.2
2024-04-18 16:50:00;25.6;33.5;38.6;31.2;37.9;44.7;20 °C;19.5;19.8;20.2;20.8;21.2
2024-04-18 17:00:02;25.6;33.5;38.5;31.2;37.9;44.7;20 °C;19.5;19.9;20.3;20.8;21.2
2024-04-18 17:09:59;25.5;33.5;38.6;31.2;37.9;44.7;19.9 °C;19.5;19.9;20.3;20.8;21.2
2024-04-18 17:20:04;25.6;33.4;38.6;31.2;37.9;44.7;19.9 °C;19.6;19.9;20.3;20.8;21.2
2024-04-18 17:30:03;25.6;33.4;38.6;31.2;37.9;44.7;19.9 °C;19.6;19.9;20.3;20.8;21.2
2024-04-18 17:40:05;25.6;33.5;38.6;31.2;37.9;44.7;19.9 °C;19.6;19.9;20.3;20.8;21.2
2024-04-18 17:50:04;25.6;33.5;38.6;31.2;37.9;44.7;19.9 °C;19.6;19.9;20.3;20.8;21.1
2024-04-18 18:00:05;25.6;33.5;38.6;31.2;37.9;44.7;19.9 °C;19.6;19.9;20.3;20.8;21.1
2024-04-18 18:10:01;25.6;33.5;38.6;31.2;37.9;44.7;19.9 °C;19.6;19.9;20.3;20.8;21.1
2024-04-18 18:20:00;25.6;33.5;38.6;31.2;37.9;44.7;19.8 °C;19.6;19.9;20.3;20.8;21.1
2024-04-18 18:29:59;25.6;33.5;38.6;31.2;37.9;44.7;19.8 °C;19.6;19.9;20.3;20.8;21.1
2024-04-18 18:40:05;25.6;33.5;38.6;31.2;37.9;44.7;19.8 °C;19.6;20;20.3;20.8;21.1
2024-04-18 18:50:04;25.6;33.5;38.6;31.2;37.9;44.7;19.6 °C;19.6;20;20.3;20.8;21.1
2024-04-18 19:00:02;25.6;33.5;38.6;31.2;37.9;44.7;19.6 °C;19.6;20;20.3;20.8;21.1
2024-04-18 19:09:59;25.6;33.5;38.6;31.2;37.9;44.7;19.4 °C;19.6;20;20.3;20.8;21.1
2024-04-18 19:20:04;25.6;33.5;38.6;31.2;37.9;44.7;19.3 °C;19.6;20;20.3;20.8;21.1
2024-04-18 19:29:59;25.6;33.5;38.6;31.2;37.9;44.7;19.2 °C;19.6;20;20.3;20.8;21.1
2024-04-18 19:40:04;25.6;33.5;38.6;31.2;37.9;44.7;19.1 °C;19.6;20.1;20.3;20.8;21.1
2024-04-18 19:50:02;25.7;33.5;38.6;31.2;37.9;44.7;18.9 °C;19.6;20.1;20.3;20.8;21.1
2024-04-18 20:00:03;25.6;33.5;38.6;31.2;37.9;44.6;18.8 °C;19.6;20.1;20.3;20.8;21.1
2024-04-18 20:10:00;25.6;33.4;38.6;31.2;37.9;44.6;18.7 °C;19.6;20.1;20.3;20.8;21.1
2024-04-18 20:19:58;25.6;33.4;38.6;31.2;37.9;44.7;18.6 °C;19.6;20.1;20.3;20.8;21.1
2024-04-18 20:30:03;25.5;33.4;38.6;31.2;37.9;44.7;18.4 °C;19.6;20.1;20.3;20.8;21.1
2024-04-18 20:40:03;25.5;33.4;38.6;31.2;37.8;44.7;18.4 °C;19.5;20.1;20.3;20.8;21.1
2024-04-18 20:50:01;25.5;33.4;38.6;31.2;37.8;44.7;18.3 °C;19.5;20.1;20.3;20.8;21.1
2024-04-18 21:00:05;25.5;33.4;38.6;31.2;37.8;44.7;18.2 °C;19.4;20.1;20.3;20.8;21.1
2024-04-18 21:10:01;25.5;33.4;38.6;31.2;37.9;44.6;18.1 °C;19.4;20.1;20.3;20.8;21
2024-04-18 21:20:00;25.5;33.4;38.6;31.2;37.8;44.6;18 °C;19.4;20.1;20.4;20.8;21.1
2024-04-18 21:30:03;25.5;33.4;38.6;31.2;37.9;44.6;17.9 °C;19.4;20.1;20.4;20.8;21
2024-04-18 21:40:04;25.5;33.4;38.6;31.2;37.9;44.6;17.9 °C;19.3;20.1;20.4;20.8;21
2024-04-18 21:50:03;25.5;33.4;38.6;31.2;37.8;44.6;17.8 °C;19.3;20.1;20.4;20.8;21
2024-04-18 22:00:01;25.5;33.4;38.6;31.2;37.8;44.6;17.7 °C;19.3;20.1;20.4;20.8;21
2024-04-18 22:10:00;25.5;33.4;38.6;31.2;37.8;44.6;17.6 °C;19.2;20.1;20.4;20.8;21
2024-04-18 22:19:59;25.5;33.4;38.6;31.2;37.8;44.6;17.5 °C;19.2;20;20.4;20.8;21
2024-04-18 22:30:05;25.6;33.4;38.6;31.2;37.8;44.6;17.4 °C;19.1;20;20.4;20.8;21
2024-04-18 22:40:04;25.5;33.4;38.6;31.2;37.8;44.6;17.3 °C;19.1;20;20.4;20.8;21
2024-04-18 22:50:03;25.5;33.4;38.6;31.2;37.8;44.6;17.2 °C;19.1;20;20.4;20.8;21
2024-04-18 23:00:00;25.6;33.3;38.6;31.2;37.8;44.6;17.1 °C;19;20;20.4;20.8;21
2024-04-18 23:09:59;25.5;33.3;38.6;31.2;37.8;44.6;17 °C;18.9;20;20.4;20.8;21
2024-04-18 23:20:05;25.6;33.3;38.6;31.2;37.8;44.6;16.9 °C;18.9;19.9;20.4;20.8;21
2024-04-18 23:30:01;25.5;33.3;38.6;31.2;37.8;44.6;16.8 °C;18.9;19.9;20.4;20.8;21
2024-04-18 23:40:05;25.5;33.3;38.6;31.2;37.8;44.6;16.8 °C;18.8;19.9;20.3;20.8;21
2024-04-18 23:50:05;25.5;33.3;38.6;31.2;37.8;44.6;16.6 °C;18.8;19.9;20.3;20.8;21
2024-04-19 00:00:00;25.5;33.3;38.6;31.2;37.8;44.6;16.6 °C;18.8;19.9;20.3;20.8;21
2024-04-19 00:10:02;25.6;33.3;38.6;31.1;37.8;44.6;16.5 °C;18.7;19.9;20.3;20.8;21
2024-04-19 00:20:02;25.5;33.3;38.6;31.2;37.8;44.6;16.4 °C;18.6;19.9;20.3;20.8;21
2024-04-19 00:30:03;25.6;33.3;38.5;31.2;37.8;44.6;16.3 °C;18.6;19.8;20.3;20.8;21
2024-04-19 00:40:01;25.5;33.3;38.5;31.1;37.8;44.6;16.3 °C;18.6;19.8;20.3;20.8;20.9
2024-04-19 00:50:01;25.6;33.3;38.5;31.2;37.8;44.6;16.1 °C;18.5;19.8;20.3;20.8;20.9
2024-04-19 01:00:00;25.5;33.3;38.5;31.1;37.8;44.6;16.1 °C;18.4;19.8;20.3;20.8;20.9
2024-04-19 01:09:59;25.5;33.2;38.5;31.1;37.8;44.6;16 °C;18.4;19.8;20.3;20.8;20.9
2024-04-19 01:20:01;25.5;33.3;38.5;31.1;37.8;44.6;15.9 °C;18.4;19.8;20.3;20.8;20.9
2024-04-19 01:30:05;25.5;33.3;38.5;31.2;37.8;44.6;15.9 °C;18.3;19.7;20.3;20.7;20.9
2024-04-19 01:40:04;25.6;33.3;38.5;31.2;37.8;44.6;15.8 °C;18.3;19.7;20.3;20.7;20.9
2024-04-19 01:50:03;25.5;33.3;38.5;31.2;37.8;44.6;15.8 °C;18.3;19.7;20.3;20.7;20.9
2024-04-19 02:00:00;25.5;33.2;38.5;31.2;37.8;44.6;15.8 °C;18.2;19.6;20.3;20.7;20.9
2024-04-19 02:09:58;25.5;33.3;38.5;31.2;37.8;44.6;15.7 °C;18.1;19.6;20.3;20.7;20.9
2024-04-19 02:20:03;25.6;33.2;38.5;31.2;37.8;44.6;15.7 °C;18.1;19.6;20.3;20.7;20.9
2024-04-19 02:30:05;25.5;33.2;38.5;31.2;37.8;44.6;15.6 °C;18.1;19.6;20.2;20.7;20.9
2024-04-19 02:40:04;25.5;33.2;38.5;31.1;37.8;44.6;15.6 °C;18;19.6;20.2;20.7;20.9
2024-04-19 02:50:02;25.6;33.2;38.5;31.1;37.8;44.6;15.6 °C;17.9;19.5;20.2;20.7;20.9
2024-04-19 03:00:03;25.6;33.2;38.5;31.2;37.8;44.6;15.6 °C;17.9;19.5;20.2;20.7;20.9
2024-04-19 03:10:05;25.5;33.2;38.5;31.1;37.8;44.6;15.5 °C;17.9;19.4;20.2;20.7;20.9
2024-04-19 03:20:00;25.6;33.2;38.5;31.1;37.8;44.6;15.5 °C;17.8;19.4;20.1;20.7;20.9
2024-04-19 03:29:59;25.6;33.2;38.5;31.1;37.8;44.6;15.5 °C;17.8;19.4;20.1;20.6;20.9
2024-04-19 03:40:05;25.6;33.2;38.5;31.1;37.8;44.6;15.4 °C;17.8;19.4;20.1;20.6;20.9
2024-04-19 03:50:01;25.6;33.2;38.5;31.1;37.8;44.6;15.4 °C;17.8;19.4;20.1;20.6;20.9
2024-04-19 04:10:03;25.5;33.2;38.5;31.1;37.8;44.6;15.4 °C;17.6;19.3;20.1;20.6;20.9
2024-04-19 04:20:05;25.6;33.2;38.5;31.1;37.8;44.6;15.3 °C;17.6;19.3;20.1;20.6;20.9
2024-04-19 04:30:04;25.5;33.2;38.5;31.1;37.8;44.6;15.3 °C;17.6;19.3;20.1;20.6;20.9
2024-04-19 04:39:59;25.5;33.2;38.5;31.1;37.8;44.6;15.3 °C;17.6;19.2;20;20.6;20.9
2024-04-19 04:49:58;25.5;33.2;38.5;31.1;37.8;44.6;15.3 °C;17.5;19.2;20;20.6;20.9
2024-04-19 05:00:02;25.5;33.2;38.5;31.1;37.8;44.6;15.3 °C;17.5;19.2;20;20.6;20.9
2024-04-19 05:10:03;25.5;33.2;38.5;31.1;37.8;44.6;15.3 °C;17.4;19.1;20;20.6;20.9
2024-04-19 05:20:00;25.6;33.2;38.5;31.1;37.8;44.6;15.3 °C;17.4;19.1;19.9;20.6;20.9
2024-04-19 05:30:03;25.6;33.2;38.5;31.1;37.8;44.6;15.3 °C;17.4;19.1;19.9;20.6;20.8
2024-04-19 05:40:05;25.5;33.2;38.5;31.1;37.8;44.6;15.3 °C;17.4;19.1;19.9;20.6;20.8
2024-04-19 05:50:01;25.5;33.2;38.5;31.1;37.8;44.6;15.3 °C;17.4;19.1;19.9;20.6;20.8
2024-04-19 06:00:04;25.5;33.2;38.5;31.1;37.7;44.6;15.3 °C;17.3;19;19.9;20.6;20.8
2024-04-19 06:09:59;25.5;33.2;38.5;31.1;37.7;44.5;15.2 °C;17.3;19;19.9;20.5;20.8
2024-04-19 06:20:04;25.5;33.2;38.5;31.1;37.7;44.6;15.2 °C;17.3;18.9;19.9;20.5;20.8
2024-04-19 06:30:03;25.5;33.2;38.5;31.1;37.7;44.5;15.2 °C;17.3;18.9;19.9;20.5;20.8
2024-04-19 06:40:04;25.5;33.1;38.5;31.1;37.7;44.5;15.1 °C;17.2;18.9;19.8;20.5;20.8
2024-04-19 06:50:03;25.6;33.1;38.5;31.1;37.6;44.5;15.1 °C;17.2;18.9;19.8;20.5;20.8
2024-04-19 07:00:05;25.6;33.1;38.5;31.1;37.6;44.5;15.1 °C;17.2;18.9;19.8;20.5;20.8
2024-04-19 07:10:00;25.7;33.1;38.5;31.1;37.6;44.5;15.1 °C;17.1;18.9;19.8;20.4;20.8
2024-04-19 07:19:59;25.8;33.2;38.5;31.1;37.6;44.5;15 °C;17.1;18.8;19.8;20.4;20.8
2024-04-19 07:29:58;25.9;33.2;38.5;31.1;37.6;44.5;15 °C;17.1;18.8;19.8;20.4;20.8
2024-04-19 07:40:02;26.0;33.2;38.5;31.1;37.6;44.5;14.9 °C;17.1;18.8;19.8;20.4;20.8
2024-04-19 07:49:59;26.1;33.1;38.4;31.1;37.6;44.5;14.9 °C;17.1;18.8;19.7;20.4;20.8
2024-04-19 08:00:00;26.2;33.1;38.5;31.1;37.6;44.5;14.8 °C;17;18.8;19.7;20.4;20.8
2024-04-19 08:10:02;26.2;33.1;38.5;31.1;37.6;44.5;14.8 °C;17;18.7;19.7;20.4;20.8
2024-04-19 08:20:04;26.3;33.2;38.5;31.1;37.6;44.4;14.8 °C;16.9;18.7;19.7;20.4;20.8
2024-04-19 08:30:02;26.4;33.2;38.5;31.1;37.6;44.4;14.8 °C;16.9;18.7;19.6;20.4;20.8
2024-04-19 08:39:59;26.4;33.2;38.5;31.1;37.6;44.5;14.8 °C;16.9;18.6;19.6;20.4;20.7
2024-04-19 08:49:58;26.5;33.2;38.5;31.1;37.6;44.4;14.8 °C;16.9;18.6;19.6;20.4;20.7
2024-04-19 09:00:02;26.6;33.2;38.5;31.1;37.6;44.4;14.8 °C;16.9;18.6;19.6;20.3;20.7
2024-04-19 09:10:03;26.6;33.2;38.5;31.1;37.6;44.4;14.8 °C;16.8;18.6;19.6;20.3;20.7
2024-04-19 09:20:02;26.7;33.2;38.5;31.1;37.5;44.4;14.8 °C;16.8;18.6;19.6;20.3;20.7
2024-04-19 09:29:58;26.8;33.2;38.5;31.1;37.5;44.4;14.8 °C;16.8;18.5;19.6;20.3;20.7
2024-04-19 09:40:03;26.8;33.2;38.5;31.1;37.5;44.4;14.8 °C;16.8;18.5;19.5;20.3;20.7
2024-04-19 09:50:05;26.9;33.2;38.5;31.1;37.5;44.4;14.9 °C;16.8;18.5;19.5;20.3;20.7
2024-04-19 10:00:01;26.9;33.2;38.5;31.1;37.5;44.4;14.9 °C;16.7;18.4;19.5;20.3;20.6
2024-04-19 10:10:05;27.0;33.2;38.5;31.1;37.6;44.4;14.9 °C;16.7;18.4;19.5;20.3;20.6
2024-04-19 10:20:01;27.0;33.2;38.5;31.1;37.6;44.4;14.9 °C;16.7;18.4;19.4;20.3;20.6
2024-04-19 10:30:01;27.1;33.2;38.5;31.1;37.5;44.4;15 °C;16.6;18.4;19.4;20.3;20.6
2024-04-19 10:40:04;27.2;33.2;38.5;31.1;37.5;44.4;15.1 °C;16.6;18.4;19.4;20.2;20.6
2024-04-19 10:49:59;27.3;33.2;38.5;31.1;37.6;44.4;15.2 °C;16.6;18.4;19.4;20.2;20.6
2024-04-19 11:00:01;27.3;33.2;38.5;31.1;37.6;44.4;15.3 °C;16.6;18.3;19.4;20.2;20.6
2024-04-19 11:09:57;27.3;33.2;38.5;31.1;37.6;44.4;15.3 °C;16.6;18.3;19.4;20.2;20.6
2024-04-19 11:20:01;27.4;33.2;38.5;31.0;37.6;44.4;15.4 °C;16.6;18.3;19.4;20.2;20.6
2024-04-19 11:29:57;27.5;33.2;38.5;31.1;37.6;44.4;15.6 °C;16.6;18.3;19.3;20.1;20.6
2024-04-19 11:40:01;27.5;33.2;38.5;31.1;37.6;44.4;15.6 °C;16.6;18.3;19.3;20.1;20.6
2024-04-19 11:49:58;27.5;33.2;38.5;31.1;37.6;44.4;15.7 °C;16.6;18.3;19.3;20.1;20.6
2024-04-19 12:00:02;27.6;33.2;38.5;31.1;37.6;44.4;15.8 °C;16.6;18.3;19.3;20.1;20.6
2024-04-19 12:10:00;27.6;33.2;38.5;31.1;37.6;44.4;15.8 °C;16.6;18.2;19.3;20.1;20.6
2024-04-19 12:19:59;27.6;33.2;38.5;31.1;37.6;44.4;15.9 °C;16.6;18.2;19.3;20.1;20.5
2024-04-19 12:30:01;27.7;33.2;38.5;31.1;37.6;44.4;15.9 °C;16.6;18.2;19.3;20.1;20.5
2024-04-19 12:40:00;27.7;33.2;38.5;31.0;37.6;44.4;16.1 °C;16.7;18.2;19.2;20.1;20.5
2024-04-19 12:50:03;27.8;33.2;38.5;31.0;37.6;44.4;16.1 °C;16.7;18.2;19.2;20.1;20.5
2024-04-19 13:00:01;27.8;33.3;38.5;31.0;37.6;44.4;16.3 °C;16.7;18.1;19.2;20.1;20.5
2024-04-19 13:09:57;27.9;33.3;38.5;31.1;37.6;44.4;16.4 °C;16.7;18.1;19.2;20;20.5
2024-04-19 13:19:57;27.9;33.3;38.5;31.0;37.6;44.4;16.4 °C;16.8;18.1;19.2;20;20.5
2024-04-19 13:30:01;27.9;33.3;38.5;31.1;37.6;44.4;16.5 °C;16.8;18.1;19.1;20;20.4
2024-04-19 13:40:01;27.9;33.2;38.5;31.1;37.6;44.4;16.5 °C;16.8;18.1;19.1;20;20.4
2024-04-19 13:49:57;28.0;33.2;38.5;31.1;37.6;44.4;16.5 °C;16.8;18.1;19.1;20;20.4
2024-04-19 13:59:58;28.0;33.3;38.5;31.1;37.6;44.4;16.5 °C;16.8;18.1;19.1;19.9;20.4
2024-04-19 14:10:02;28.0;33.3;38.5;31.1;37.6;44.4;16.6 °C;16.9;18.1;19.1;19.9;20.4
2024-04-19 14:20:04;28.0;33.3;38.5;31.1;37.6;44.4;16.7 °C;16.9;18.1;19.1;19.9;20.4
2024-04-19 14:30:02;28.0;33.3;38.5;31.0;37.6;44.4;16.8 °C;16.9;18.1;19.1;19.9;20.4
2024-04-19 14:40:00;28.1;33.3;38.5;31.0;37.6;44.4;16.9 °C;16.9;18.1;19.1;19.9;20.4
2024-04-19 14:49:58;28.1;33.3;38.5;31.0;37.6;44.4;17 °C;16.9;18.1;19.1;19.9;20.4
2024-04-19 15:00:03;28.2;33.3;38.5;31.0;37.6;44.4;17.1 °C;17;18.1;19;19.9;20.4
2024-04-19 15:09:58;28.2;33.3;38.5;31.0;37.6;44.4;17.1 °C;17;18.1;19;19.9;20.4
2024-04-19 15:19:58;28.2;33.3;38.5;31.0;37.6;44.4;17.1 °C;17.1;18.1;19;19.9;20.4
2024-04-19 15:30:00;28.2;33.3;38.5;31.0;37.6;44.3;17.2 °C;17.1;18.1;19;19.9;20.4
2024-04-19 15:39:59;28.2;33.3;38.5;31.0;37.5;44.3;17.2 °C;17.1;18.1;19;19.8;20.3
2024-04-19 15:50:02;28.2;33.3;38.5;31.0;37.6;44.3;17.2 °C;17.1;18.1;19;19.8;20.3
2024-04-19 15:59:59;28.2;33.3;38.5;31.0;37.5;44.4;17.2 °C;17.2;18.1;19;19.8;20.3
2024-04-19 16:10:01;28.2;33.3;38.5;31.0;37.5;44.3;17.1 °C;17.2;18.1;19;19.8;20.3
2024-04-19 16:20:05;28.2;33.4;38.5;31.0;37.5;44.3;17.1 °C;17.3;18.1;18.9;19.8;20.3
2024-04-19 16:30:00;28.2;33.4;38.5;31.0;37.5;44.3;17.1 °C;17.3;18.1;18.9;19.8;20.3
2024-04-19 16:40:04;28.2;33.4;38.5;31.0;37.5;44.3;17 °C;17.3;18.2;18.9;19.8;20.3
2024-04-19 16:50:03;28.2;33.4;38.5;31.0;37.5;44.4;16.9 °C;17.3;18.2;18.9;19.8;20.3
2024-04-19 17:00:04;28.2;33.4;38.5;31.0;37.5;44.4;16.9 °C;17.3;18.2;18.9;19.8;20.3
2024-04-19 17:10:04;28.2;33.3;38.5;31.0;37.5;44.3;16.9 °C;17.3;18.2;18.9;19.8;20.3
2024-04-19 17:20:00;28.2;33.3;38.5;31.0;37.5;44.3;16.8 °C;17.3;18.2;18.9;19.8;20.3
2024-04-19 17:29:58;28.2;33.3;38.5;31.0;37.5;44.3;16.8 °C;17.3;18.2;18.9;19.8;20.3
2024-04-19 17:40:04;28.2;33.3;38.5;31.0;37.5;44.3;16.7 °C;17.4;18.2;18.9;19.8;20.3
2024-04-19 17:49:59;28.3;33.4;38.5;31.0;37.5;44.3;16.6 °C;17.4;18.2;18.9;19.8;20.3
2024-04-19 18:00:01;28.3;33.3;38.5;31.0;37.5;44.3;16.6 °C;17.4;18.3;18.9;19.7;20.2
2024-04-19 18:10:05;28.2;33.3;38.5;31.0;37.5;44.3;16.5 °C;17.4;18.3;18.9;19.7;20.2
2024-04-19 18:20:00;28.2;33.3;38.5;31.0;37.5;44.3;16.4 °C;17.4;18.3;18.9;19.7;20.2
2024-04-19 18:30:04;28.2;33.3;38.6;31.0;37.5;44.3;16.4 °C;17.3;18.3;18.9;19.7;20.2
2024-04-19 18:40:03;28.3;33.3;38.5;31.0;37.5;44.3;16.3 °C;17.3;18.3;18.9;19.7;20.2
2024-04-19 18:49:58;28.3;33.3;38.6;31.0;37.5;44.3;16.2 °C;17.3;18.3;18.9;19.7;20.2
2024-04-19 18:59:59;28.3;33.3;38.5;31.0;37.5;44.3;16.1 °C;17.3;18.3;18.9;19.7;20.2
2024-04-19 19:09:58;28.3;33.3;38.5;31.0;37.5;44.3;16 °C;17.3;18.3;18.9;19.7;20.2
2024-04-19 19:20:04;28.3;33.3;38.5;31.0;37.5;44.3;15.9 °C;17.3;18.3;18.9;19.7;20.1
2024-04-19 19:30:03;28.3;33.3;38.5;31.0;37.5;44.3;15.9 °C;17.3;18.3;18.9;19.6;20.1
2024-04-19 19:40:01;28.3;33.3;38.6;31.0;37.5;44.3;15.8 °C;17.3;18.3;18.9;19.6;20.1
2024-04-19 19:50:05;28.4;33.3;38.6;31.0;37.5;44.3;15.7 °C;17.2;18.3;18.9;19.6;20.1
2024-04-19 20:00:00;28.3;33.3;38.6;31.0;37.5;44.3;15.6 °C;17.2;18.3;18.9;19.6;20.1
2024-04-19 20:10:00;28.3;33.3;38.6;31.0;37.5;44.3;15.5 °C;17.1;18.3;18.9;19.6;20.1
2024-04-19 20:20:04;28.3;33.3;38.5;31.0;37.5;44.3;15.4 °C;17.1;18.3;18.9;19.6;20.1
2024-04-19 20:29:59;28.4;33.3;38.5;31.0;37.5;44.3;15.3 °C;17.1;18.3;18.9;19.6;20.1
2024-04-19 20:40:01;28.4;33.3;38.5;31.0;37.5;44.3;15.2 °C;17.1;18.3;18.9;19.6;20.1
2024-04-19 20:49:57;28.4;33.3;38.5;31.0;37.5;44.3;15.1 °C;17;18.2;18.9;19.6;20.1
2024-04-19 21:00:01;28.4;33.3;38.6;31.0;37.5;44.3;15 °C;17;18.2;18.9;19.6;20.1
2024-04-19 21:09:57;28.4;33.3;38.5;31.0;37.5;44.3;14.9 °C;16.9;18.2;18.9;19.6;20.1
2024-04-19 21:20:02;28.4;33.3;38.5;31.0;37.5;44.3;14.8 °C;16.9;18.2;18.9;19.6;20.1
2024-04-19 21:29:59;28.3;33.2;38.5;31.0;37.5;44.3;14.7 °C;16.9;18.2;18.9;19.6;20.1
2024-04-19 21:39:58;28.4;33.3;38.5;31.0;37.5;44.3;14.6 °C;16.8;18.2;18.9;19.6;20.1
2024-04-19 21:49:59;28.4;33.2;38.6;31.0;37.5;44.3;14.5 °C;16.8;18.1;18.9;19.6;20.1
2024-04-19 21:59:58;28.3;33.3;38.6;31.0;37.5;44.3;14.4 °C;16.8;18.1;18.9;19.6;20.1
2024-04-19 22:10:00;28.3;33.2;38.6;31.0;37.5;44.3;14.4 °C;16.7;18.1;18.9;19.6;20.1
2024-04-19 22:20:04;28.3;33.2;38.6;31.0;37.5;44.3;14.3 °C;16.6;18.1;18.9;19.6;20.1
2024-04-19 22:30:03;28.3;33.2;38.6;31.0;37.5;44.3;14.2 °C;16.6;18.1;18.9;19.6;20.1
2024-04-19 22:40:01;28.3;33.2;38.5;31.0;37.5;44.3;14.1 °C;16.6;18.1;18.9;19.6;20
2024-04-19 22:49:57;28.3;33.2;38.6;31.0;37.5;44.3;14 °C;16.5;18.1;18.8;19.6;20
2024-04-19 23:00:01;28.3;33.2;38.5;31.0;37.5;44.3;13.9 °C;16.5;18.1;18.8;19.6;20
2024-04-19 23:10:01;28.3;33.2;38.5;31.0;37.5;44.3;13.8 °C;16.4;18;18.8;19.6;20
2024-04-19 23:20:01;28.3;33.2;38.5;31.0;37.5;44.3;13.8 °C;16.4;18;18.8;19.6;20
2024-04-19 23:29:58;28.3;33.2;38.5;31.0;37.5;44.3;13.7 °C;16.3;18;18.8;19.6;20
2024-04-19 23:40:03;28.3;33.2;38.6;31.0;37.5;44.2;13.6 °C;16.3;17.9;18.8;19.5;20
2024-04-19 23:49:58;28.3;33.2;38.5;31.0;37.5;44.3;13.5 °C;16.3;17.9;18.8;19.5;20
2024-04-20 00:00:04;28.3;33.2;38.5;31.0;37.5;44.2;13.4 °C;16.2;17.9;18.8;19.5;20
2024-04-20 00:10:04;28.3;33.2;38.6;31.0;37.5;44.2;13.4 °C;16.1;17.9;18.8;19.5;20
2024-04-20 00:19:59;28.3;33.2;38.5;31.0;37.5;44.3;13.3 °C;16.1;17.9;18.8;19.5;20
2024-04-20 00:30:01;28.3;33.2;38.5;31.0;37.5;44.2;13.3 °C;16.1;17.8;18.8;19.5;20
2024-04-20 00:40:01;28.3;33.2;38.5;31.0;37.5;44.2;13.2 °C;16;17.8;18.8;19.5;19.9
2024-04-20 00:50:01;28.4;33.2;38.5;31.0;37.5;44.2;13.1 °C;15.9;17.8;18.7;19.5;19.9
2024-04-20 00:59:57;28.3;33.2;38.5;31.0;37.5;44.2;13 °C;15.9;17.8;18.7;19.5;19.9
2024-04-20 01:10:02;28.3;33.2;38.5;31.0;37.5;44.2;12.9 °C;15.8;17.8;18.7;19.5;19.9
2024-04-20 01:20:04;28.3;33.2;38.5;31.0;37.5;44.2;12.9 °C;15.8;17.7;18.7;19.4;19.9
2024-04-20 01:30:00;28.3;33.2;38.5;31.0;37.5;44.2;12.8 °C;15.8;17.7;18.7;19.4;19.9
2024-04-20 01:40:03;28.3;33.2;38.5;31.0;37.5;44.2;12.8 °C;15.7;17.6;18.6;19.4;19.9
2024-04-20 01:49:58;28.3;33.2;38.5;31.0;37.5;44.2;12.7 °C;15.6;17.6;18.6;19.4;19.9
2024-04-20 02:00:03;28.3;33.2;38.5;31.0;37.5;44.2;12.6 °C;15.6;17.6;18.6;19.4;19.9
2024-04-20 02:10:02;28.3;33.1;38.5;31.0;37.5;44.2;12.6 °C;15.6;17.6;18.6;19.4;19.9
2024-04-20 02:20:03;28.3;33.1;38.5;31.0;37.5;44.2;12.5 °C;15.5;17.5;18.6;19.4;19.9
2024-04-20 02:30:01;28.3;33.1;38.5;31.0;37.5;44.3;12.4 °C;15.4;17.5;18.6;19.4;19.9
2024-04-20 02:40:02;28.3;33.1;38.5;31.0;37.5;44.2;12.4 °C;15.4;17.4;18.6;19.4;19.9
2024-04-20 02:49:57;28.3;33.1;38.5;31.0;37.5;44.2;12.3 °C;15.4;17.4;18.6;19.4;19.9
2024-04-20 03:00:01;28.4;33.1;38.5;31.0;37.5;44.2;12.3 °C;15.3;17.4;18.5;19.4;19.9
2024-04-20 03:10:01;28.3;33.1;38.5;31.0;37.5;44.2;12.2 °C;15.3;17.4;18.5;19.4;19.9
2024-04-20 03:20:01;28.3;33.1;38.5;31.0;37.5;44.2;12.1 °C;15.2;17.3;18.5;19.4;19.9
2024-04-20 03:29:58;28.4;33.1;38.5;31.0;37.5;44.2;12.1 °C;15.2;17.3;18.5;19.4;19.9
2024-04-20 03:40:03;28.3;33.1;38.5;31.0;37.5;44.2;12 °C;15.1;17.3;18.4;19.3;19.9
2024-04-20 03:49:58;28.3;33.1;38.5;31.0;37.5;44.2;11.9 °C;15.1;17.3;18.4;19.3;19.8
2024-04-20 04:00:03;28.4;33.1;38.5;31.0;37.5;44.2;11.9 °C;15;17.2;18.4;19.3;19.8
2024-04-20 04:10:02;28.3;33.1;38.5;31.0;37.5;44.2;11.8 °C;15;17.2;18.4;19.3;19.8
2024-04-20 04:20:03;28.3;33.1;38.5;31.0;37.5;44.2;11.8 °C;14.9;17.1;18.4;19.3;19.8
2024-04-20 04:30:01;28.3;33.1;38.5;31.0;37.5;44.2;11.7 °C;14.9;17.1;18.4;19.3;19.8
2024-04-20 04:40:03;28.3;33.1;38.5;30.9;37.5;44.2;11.6 °C;14.8;17.1;18.4;19.3;19.8
2024-04-20 04:49:57;28.3;33.1;38.5;30.9;37.5;44.2;11.6 °C;14.8;17.1;18.3;19.3;19.8
2024-04-20 05:00:01;28.3;33.1;38.5;30.9;37.5;44.2;11.6 °C;14.8;17;18.3;19.3;19.8
2024-04-20 05:10:02;28.3;33.0;38.5;30.9;37.5;44.2;11.5 °C;14.7;17;18.3;19.3;19.8
2024-04-20 05:20:04;28.3;33.1;38.5;30.9;37.5;44.2;11.4 °C;14.6;16.9;18.3;19.3;19.8
2024-04-20 05:30:04;28.3;33.1;38.5;30.9;37.4;44.2;11.4 °C;14.6;16.9;18.3;19.2;19.8
2024-04-20 05:39:59;28.4;33.1;38.5;30.9;37.4;44.2;11.3 °C;14.6;16.9;18.2;19.2;19.8
2024-04-20 05:49:58;28.3;33.1;38.5;30.9;37.4;44.2;11.3 °C;14.5;16.9;18.2;19.2;19.8
2024-04-20 06:00:03;28.3;33.0;38.5;30.9;37.4;44.2;11.3 °C;14.5;16.8;18.2;19.2;19.8
2024-04-20 06:09:58;28.3;33.1;38.5;30.9;37.5;44.2;11.2 °C;14.4;16.8;18.1;19.1;19.8
2024-04-20 06:19:59;28.3;33.1;38.5;30.9;37.5;44.2;11.1 °C;14.4;16.8;18.1;19.1;19.8
2024-04-20 06:30:01;28.4;33.0;38.5;30.9;37.4;44.2;11.1 °C;14.4;16.8;18.1;19.1;19.7
2024-04-20 06:40:02;28.3;33.0;38.5;30.9;37.4;44.2;11 °C;14.3;16.7;18.1;19.1;19.7
2024-04-20 06:50:01;28.3;33.0;38.5;30.9;37.4;44.2;10.9 °C;14.3;16.7;18.1;19.1;19.7
2024-04-20 06:59:57;28.3;33.0;38.4;30.9;37.4;44.2;10.9 °C;14.3;16.6;18.1;19.1;19.7
2024-04-20 07:10:02;28.4;33.0;38.4;30.9;37.4;44.2;10.9 °C;14.2;16.6;18;19.1;19.7
2024-04-20 07:20:03;28.3;33.0;38.5;30.9;37.4;44.2;10.9 °C;14.1;16.6;18;19.1;19.7
2024-04-20 07:29:58;28.3;33.0;38.4;30.9;37.4;44.2;10.9 °C;14.1;16.6;18;19.1;19.6
2024-04-20 07:39:59;28.3;33.0;38.4;30.9;37.4;44.2;10.9 °C;14.1;16.5;17.9;19;19.6
2024-04-20 07:49:58;28.3;33.0;38.4;30.9;37.4;44.2;11 °C;14;16.4;17.9;19;19.6
2024-04-20 07:59:56;28.4;33.0;38.4;30.9;37.4;44.2;11.1 °C;14;16.4;17.9;19;19.6
2024-04-20 08:09:56;28.4;33.0;38.5;30.9;37.4;44.2;11.1 °C;13.9;16.4;17.9;19;19.6
2024-04-20 08:19:56;28.4;33.0;38.5;30.9;37.4;44.2;11.3 °C;13.9;16.4;17.9;19;19.6
2024-04-20 08:30:00;28.4;33.0;38.4;30.9;37.4;44.2;11.4 °C;13.9;16.3;17.8;18.9;19.6
2024-04-20 08:39:56;28.4;33.0;38.5;30.9;37.4;44.2;11.6 °C;13.9;16.3;17.8;18.9;19.6
2024-04-20 08:49:56;28.4;33.0;38.5;30.9;37.4;44.1;11.8 °C;13.8;16.3;17.8;18.9;19.6
2024-04-20 08:59:56;28.5;33.0;38.5;30.9;37.4;44.1;12.1 °C;13.8;16.3;17.8;18.9;19.6
2024-04-20 09:10:00;28.5;33.0;38.5;30.9;37.4;44.2;12.4 °C;13.8;16.2;17.8;18.9;19.6
2024-04-20 09:19:57;28.5;33.0;38.5;30.9;37.4;44.1;12.7 °C;13.8;16.2;17.7;18.9;19.6
2024-04-20 09:29:57;28.5;33.0;38.5;30.9;37.4;44.2;13 °C;13.8;16.1;17.7;18.9;19.5
2024-04-20 09:39:58;28.5;33.0;38.5;30.9;37.4;44.2;13.4 °C;13.9;16.1;17.7;18.8;19.5
2024-04-20 09:50:04;28.5;33.0;38.5;30.9;37.4;44.1;13.8 °C;13.9;16.1;17.6;18.8;19.5
2024-04-20 10:00:03;28.5;33.0;38.5;30.9;37.4;44.1;14.1 °C;13.9;16.1;17.6;18.8;19.5
2024-04-20 10:10:03;28.6;33.1;38.5;30.9;37.4;44.1;14.4 °C;14;16.1;17.6;18.8;19.5
2024-04-20 10:20:01;28.6;33.1;38.5;30.9;37.4;44.1;14.8 °C;14;16.1;17.6;18.8;19.5
2024-04-20 10:30:02;28.6;33.1;38.5;30.9;37.4;44.1;15.2 °C;14.1;16;17.6;18.8;19.4
2024-04-20 10:40:03;28.7;33.1;38.5;30.9;37.4;44.1;15.5 °C;14.2;16;17.6;18.8;19.4
2024-04-20 10:49:59;28.7;33.1;38.5;30.9;37.4;44.1;15.9 °C;14.3;16;17.5;18.8;19.4
2024-04-20 10:59:57;28.7;33.1;38.5;30.9;37.3;44.1;16.2 °C;14.4;16;17.5;18.7;19.4
2024-04-20 11:10:02;28.7;33.1;38.5;30.9;37.3;44.1;16.5 °C;14.4;16;17.5;18.7;19.4
2024-04-20 11:20:03;28.7;33.2;38.5;30.9;37.3;44.1;16.8 °C;14.6;16;17.4;18.7;19.4
2024-04-20 11:30:02;28.8;33.1;38.5;30.9;37.4;44.1;17.1 °C;14.7;16;17.4;18.7;19.4
2024-04-20 11:40:01;28.8;33.2;38.5;30.9;37.3;44.1;17.4 °C;14.8;16;17.4;18.6;19.4
2024-04-20 11:50:02;28.8;33.2;38.5;30.9;37.3;44.1;17.6 °C;14.9;16;17.4;18.6;19.4
2024-04-20 12:00:03;28.8;33.2;38.5;30.9;37.3;44.1;17.7 °C;15.1;16.1;17.4;18.6;19.4
2024-04-20 12:09:58;28.7;33.2;38.5;30.9;37.3;44.1;17.8 °C;15.2;16.1;17.4;18.6;19.4
2024-04-20 12:19:56;28.8;33.2;38.5;30.9;37.3;44.1;17.9 °C;15.3;16.1;17.4;18.6;19.3
2024-04-20 12:30:01;28.8;33.3;38.5;30.9;37.3;44.1;17.9 °C;15.4;16.1;17.4;18.6;19.3
2024-04-20 12:40:01;28.8;33.3;38.5;30.9;37.3;44.1;18 °C;15.5;16.1;17.3;18.6;19.3
2024-04-20 12:49:59;28.8;33.3;38.6;30.9;37.3;44.1;18.1 °C;15.6;16.2;17.3;18.6;19.3
2024-04-20 13:00:02;28.8;33.3;38.6;30.9;37.3;44.1;18.3 °C;15.8;16.2;17.3;18.5;19.3
2024-04-20 13:10:04;28.8;33.4;38.6;30.9;37.3;44.1;18.4 °C;15.8;16.3;17.3;18.5;19.3
2024-04-20 13:19:59;28.8;33.4;38.6;30.9;37.4;44.1;18.6 °C;15.9;16.3;17.3;18.5;19.3
2024-04-20 13:30:02;28.8;33.4;38.6;30.9;37.3;44.1;18.8 °C;16.1;16.3;17.3;18.5;19.3
2024-04-20 13:39:56;28.8;33.4;38.6;30.9;37.3;44.1;18.9 °C;16.1;16.4;17.3;18.5;19.3
2024-04-20 13:50:01;28.8;33.4;38.6;30.9;37.3;44.1;18.9 °C;16.3;16.4;17.3;18.4;19.3
2024-04-20 13:59:57;28.8;33.4;38.6;30.9;37.3;44.1;19 °C;16.4;16.4;17.3;18.4;19.2
2024-04-20 14:10:03;28.8;33.4;38.6;30.9;37.3;44.1;18.9 °C;16.4;16.5;17.3;18.4;19.2
2024-04-20 14:20:02;28.8;33.4;38.6;30.9;37.3;44.1;18.9 °C;16.6;16.6;17.3;18.4;19.2
2024-04-20 14:30:04;28.7;33.4;38.6;30.9;37.3;44.1;18.8 °C;16.6;16.6;17.3;18.4;19.2
2024-04-20 14:40:03;28.8;33.4;38.6;30.9;37.3;44.1;18.7 °C;16.8;16.6;17.3;18.4;19.2
2024-04-20 14:49:58;28.7;33.4;38.7;30.9;37.3;44.1;18.6 °C;16.8;16.7;17.4;18.4;19.2
2024-04-20 14:59:56;28.7;33.4;38.6;30.9;37.3;44.1;18.6 °C;16.9;16.8;17.4;18.4;19.1
2024-04-20 15:10:00;28.7;33.5;38.6;30.9;37.3;44.1;18.5 °C;16.9;16.8;17.4;18.4;19.1
2024-04-20 15:20:01;28.7;33.4;38.6;30.9;37.3;44.1;18.4 °C;17;16.8;17.4;18.4;19.1
2024-04-20 15:29:58;28.7;33.4;38.6;30.9;37.3;44.0;18.4 °C;17.1;16.9;17.4;18.4;19.1
2024-04-20 15:40:00;28.7;33.5;38.7;30.9;37.3;44.1;18.3 °C;17.1;16.9;17.4;18.4;19.1
2024-04-20 15:50:01;28.7;33.4;38.7;30.9;37.3;44.0;18.3 °C;17.1;17;17.4;18.4;19.1
2024-04-20 16:00:01;28.7;33.5;38.7;30.9;37.3;44.0;18.2 °C;17.2;17;17.4;18.4;19.1
2024-04-20 16:09:59;28.7;33.5;38.7;30.9;37.3;44.0;18.1 °C;17.2;17.1;17.4;18.4;19.1
2024-04-20 16:19:57;28.7;33.5;38.7;30.9;37.3;44.0;18.1 °C;17.3;17.1;17.5;18.4;19.1
2024-04-20 16:30:03;28.6;33.5;38.7;30.9;37.3;44.0;18 °C;17.3;17.1;17.5;18.4;19.1
2024-04-20 16:39:57;28.6;33.5;38.7;30.9;37.3;44.0;17.9 °C;17.3;17.2;17.5;18.4;19.1
2024-04-20 16:49:59;28.6;33.5;38.7;31.0;37.3;44.0;17.9 °C;17.3;17.2;17.5;18.4;19.1
2024-04-20 17:00:02;28.6;33.5;38.7;31.0;37.3;44.0;17.9 °C;17.3;17.3;17.6;18.4;19.1
2024-04-20 17:10:03;28.6;33.5;38.7;31.0;37.3;44.0;17.9 °C;17.3;17.3;17.6;18.4;19.1
2024-04-20 17:20:03;28.6;33.5;38.7;31.0;37.3;44.0;17.9 °C;17.3;17.3;17.6;18.4;19.1
2024-04-20 17:30:02;28.6;33.5;38.7;30.9;37.3;44.0;18 °C;17.3;17.3;17.6;18.4;19
2024-04-20 17:39:57;28.6;33.5;38.7;31.0;37.3;44.0;18.1 °C;17.3;17.4;17.6;18.4;19
2024-04-20 17:50:02;28.6;33.5;38.7;30.9;37.3;44.0;18.1 °C;17.4;17.4;17.6;18.4;19
2024-04-20 18:00:03;28.6;33.5;38.8;31.0;37.3;44.0;18 °C;17.4;17.4;17.7;18.4;19
2024-04-20 18:09:59;28.6;33.5;38.8;31.0;37.3;44.0;18 °C;17.4;17.4;17.7;18.4;19
2024-04-20 18:20:02;28.6;33.5;38.8;31.0;37.3;44.0;18 °C;17.4;17.5;17.7;18.4;19
2024-04-20 18:30:04;28.6;33.4;38.8;31.0;37.3;44.0;17.9 °C;17.4;17.5;17.7;18.4;19
2024-04-20 18:40:00;28.6;33.5;38.8;31.0;37.3;44.0;17.9 °C;17.4;17.5;17.8;18.4;19
2024-04-20 18:50:04;28.6;33.5;38.8;31.0;37.3;44.0;17.8 °C;17.4;17.6;17.8;18.4;19
2024-04-20 18:59:59;28.6;33.5;38.8;31.0;37.3;44.0;17.8 °C;17.4;17.6;17.8;18.4;19
2024-04-20 19:09:59;28.6;33.5;38.8;30.9;37.3;44.0;17.8 °C;17.4;17.6;17.8;18.4;19
2024-04-20 19:20:03;28.6;33.5;38.8;31.0;37.3;44.0;17.7 °C;17.4;17.6;17.8;18.4;19
2024-04-20 19:29:58;28.6;33.5;38.8;31.0;37.3;44.0;17.6 °C;17.4;17.6;17.8;18.4;19
2024-04-20 19:40:00;28.6;33.5;38.8;31.0;37.3;44.0;17.5 °C;17.5;17.6;17.8;18.4;19
2024-04-20 19:49:56;28.6;33.5;38.8;31.0;37.3;44.0;17.4 °C;17.5;17.6;17.9;18.4;19
2024-04-20 20:00:01;28.6;33.5;38.8;31.0;37.3;44.0;17.3 °C;17.5;17.7;17.9;18.4;19
2024-04-20 20:09:58;28.6;33.5;38.8;31.0;37.3;44.0;17.3 °C;17.4;17.7;17.9;18.4;19
2024-04-20 20:19:56;28.6;33.5;38.8;31.0;37.3;44.0;17.1 °C;17.4;17.7;17.9;18.4;19
2024-04-20 20:29:56;28.5;33.5;38.8;31.0;37.3;44.0;17 °C;17.4;17.8;17.9;18.4;19
2024-04-20 20:40:01;28.5;33.4;38.8;31.0;37.4;44.0;16.9 °C;17.4;17.8;17.9;18.4;19
2024-04-20 20:49:59;28.5;33.4;38.8;31.0;37.3;44.0;16.8 °C;17.4;17.8;17.9;18.5;19
2024-04-20 21:00:01;28.5;33.5;38.8;31.0;37.4;44.0;16.7 °C;17.4;17.8;17.9;18.5;19
2024-04-20 21:09:59;28.5;33.5;38.8;31.0;37.3;44.0;16.6 °C;17.4;17.8;17.9;18.5;19
2024-04-20 21:19:59;28.5;33.4;38.8;31.0;37.3;44.0;16.5 °C;17.4;17.8;17.9;18.5;19
2024-04-20 21:30:02;28.5;33.4;38.8;31.0;37.4;44.0;16.4 °C;17.3;17.8;18;18.5;19
2024-04-20 21:39:56;28.5;33.5;38.8;31.0;37.3;44.0;16.3 °C;17.3;17.8;18;18.5;19
2024-04-20 21:49:56;28.5;33.4;38.8;31.0;37.4;44.0;16.2 °C;17.3;17.8;18;18.5;19
2024-04-20 21:59:56;28.5;33.4;38.8;31.0;37.4;44.0;16.1 °C;17.3;17.8;18;18.5;19
2024-04-20 22:10:01;28.5;33.4;38.8;31.0;37.4;44.0;16 °C;17.2;17.8;18;18.5;19
2024-04-20 22:19:58;28.5;33.4;38.8;31.0;37.4;44.0;15.9 °C;17.2;17.8;18.1;18.5;19
2024-04-20 22:30:00;28.5;33.4;38.8;31.0;37.3;44.0;15.8 °C;17.1;17.8;18.1;18.6;19
2024-04-20 22:39:57;28.5;33.4;38.8;31.0;37.3;44.0;15.8 °C;17.1;17.8;18.1;18.6;19
2024-04-20 22:50:02;28.5;33.4;38.8;31.0;37.3;44.0;15.8 °C;17.1;17.8;18.1;18.6;19
2024-04-20 23:00:00;28.5;33.4;38.8;31.0;37.3;44.0;15.7 °C;17;17.8;18.1;18.6;19
2024-04-20 23:10:01;28.5;33.4;38.8;31.0;37.3;44.0;15.6 °C;17;17.8;18.1;18.6;19
2024-04-20 23:19:59;28.5;33.4;38.8;31.0;37.3;44.0;15.6 °C;16.9;17.8;18.1;18.6;19
2024-04-20 23:29:59;28.5;33.4;38.8;31.0;37.3;44.0;15.5 °C;16.9;17.8;18.1;18.6;19
2024-04-20 23:39:59;28.5;33.4;38.8;31.0;37.3;44.0;15.4 °C;16.9;17.8;18.1;18.6;19
2024-04-20 23:49:58;28.5;33.4;38.8;31.0;37.3;44.0;15.4 °C;16.9;17.8;18.1;18.6;19
2024-04-21 00:00:00;28.5;33.4;38.8;31.0;37.3;44.0;15.4 °C;16.8;17.8;18.1;18.6;19
2024-04-21 00:09:57;28.5;33.3;38.8;31.0;37.3;44.0;15.3 °C;16.8;17.8;18.1;18.6;19
2024-04-21 00:19:58;28.5;33.3;38.8;31.0;37.3;44.0;15.3 °C;16.8;17.8;18.1;18.6;19
2024-04-21 00:30:00;28.5;33.3;38.8;31.0;37.3;44.0;15.3 °C;16.8;17.7;18.1;18.6;19
2024-04-21 00:40:01;28.5;33.3;38.8;31.0;37.3;44.0;15.2 °C;16.7;17.7;18.1;18.6;19
2024-04-21 00:49:58;28.5;33.3;38.8;31.0;37.3;44.0;15.2 °C;16.6;17.7;18.1;18.6;19
2024-04-21 01:00:01;28.5;33.3;38.8;31.0;37.3;44.0;15.1 °C;16.6;17.7;18.1;18.6;19
2024-04-21 01:10:03;28.5;33.3;38.8;31.0;37.3;44.0;15.1 °C;16.6;17.7;18.1;18.6;19
2024-04-21 01:19:58;28.5;33.3;38.8;30.9;37.4;44.0;15.1 °C;16.6;17.6;18.1;18.6;19
2024-04-21 01:30:00;28.5;33.3;38.8;31.0;37.3;44.0;15.1 °C;16.6;17.6;18.1;18.6;19
2024-04-21 01:40:01;28.5;33.3;38.8;31.0;37.3;44.0;15 °C;16.5;17.6;18.1;18.6;19
2024-04-21 01:50:02;28.5;33.3;38.8;30.9;37.4;44.0;15 °C;16.5;17.6;18.1;18.6;19
2024-04-21 02:00:01;28.5;33.3;38.8;31.0;37.4;44.0;15 °C;16.4;17.6;18.1;18.6;19
2024-04-21 02:10:03;28.5;33.3;38.8;31.0;37.3;44.0;14.9 °C;16.4;17.6;18.1;18.6;19
2024-04-21 02:19:59;28.5;33.3;38.8;30.9;37.3;44.0;14.9 °C;16.4;17.6;18.1;18.6;19
2024-04-21 02:29:59;28.5;33.3;38.8;30.9;37.3;44.0;14.9 °C;16.4;17.6;18.1;18.6;19
2024-04-21 02:39:59;28.5;33.3;38.8;30.9;37.3;44.0;14.9 °C;16.3;17.6;18.1;18.6;19
2024-04-21 02:49:58;28.5;33.3;38.8;31.0;37.3;44.0;14.8 °C;16.3;17.5;18.1;18.6;19
2024-04-21 03:00:00;28.5;33.3;38.8;30.9;37.3;44.0;14.8 °C;16.3;17.5;18.1;18.6;19
2024-04-21 03:09:57;28.5;33.3;38.8;30.9;37.3;44.0;14.8 °C;16.3;17.5;18.1;18.6;19
2024-04-21 03:19:58;28.5;33.3;38.8;30.9;37.3;44.0;14.8 °C;16.3;17.5;18.1;18.6;19
2024-04-21 03:30:00;28.5;33.3;38.8;30.9;37.3;44.0;14.8 °C;16.3;17.4;18.1;18.6;19
2024-04-21 03:40:00;28.5;33.3;38.8;30.9;37.3;44.0;14.7 °C;16.2;17.4;18.1;18.6;19
2024-04-21 03:49:58;28.5;33.3;38.8;30.9;37.3;44.0;14.6 °C;16.2;17.4;18.1;18.6;19
2024-04-21 04:00:00;28.5;33.3;38.8;31.0;37.3;44.0;14.6 °C;16.1;17.4;18.1;18.6;19
2024-04-21 04:10:01;28.5;33.3;38.8;30.9;37.3;44.0;14.4 °C;16.1;17.4;18.1;18.6;19
2024-04-21 04:20:02;28.5;33.3;38.8;30.9;37.3;44.0;14.4 °C;16.1;17.4;18.1;18.6;19
2024-04-21 04:30:00;28.5;33.2;38.7;30.9;37.3;44.0;14.3 °C;16.1;17.4;18;18.6;19
2024-04-21 04:40:01;28.5;33.2;38.8;30.9;37.3;44.0;14.3 °C;16.1;17.4;18;18.6;19
2024-04-21 04:50:02;28.5;33.3;38.8;30.9;37.3;44.0;14.2 °C;16;17.3;18;18.6;19
2024-04-21 04:59:57;28.5;33.2;38.7;30.9;37.3;44.0;14.1 °C;16;17.3;18;18.6;19
2024-04-21 05:10:03;28.5;33.3;38.7;30.9;37.3;44.0;14.1 °C;15.9;17.3;18;18.6;19
2024-04-21 05:19:59;28.5;33.2;38.7;30.9;37.3;44.0;14 °C;15.9;17.3;18;18.6;19
2024-04-21 05:29:59;28.4;33.2;38.7;30.9;37.3;44.0;13.9 °C;15.9;17.3;18;18.6;19
2024-04-21 05:40:02;28.4;33.2;38.7;30.9;37.3;44.0;13.9 °C;15.9;17.3;18;18.6;19
2024-04-21 05:49:58;28.4;33.2;38.7;30.9;37.3;44.0;13.8 °C;15.8;17.3;17.9;18.6;19
2024-04-21 06:00:00;28.4;33.2;38.7;31.0;37.3;44.0;13.8 °C;15.8;17.3;17.9;18.6;19
2024-04-21 06:09:56;28.4;33.2;38.7;30.9;37.3;44.0;13.7 °C;15.8;17.2;17.9;18.6;19
2024-04-21 06:20:01;28.4;33.2;38.7;30.9;37.3;44.0;13.6 °C;15.8;17.2;17.9;18.6;19
2024-04-21 06:30:00;28.4;33.2;38.7;30.9;37.3;44.0;13.6 °C;15.7;17.2;17.9;18.6;19
2024-04-21 06:40:00;28.4;33.2;38.8;30.9;37.3;44.0;13.5 °C;15.6;17.1;17.9;18.6;19
2024-04-21 06:49:57;28.4;33.2;38.8;30.9;37.3;44.0;13.4 °C;15.6;17.1;17.9;18.6;19
2024-04-21 07:00:03;28.4;33.2;38.8;30.9;37.3;44.0;13.4 °C;15.6;17.1;17.9;18.6;19
2024-04-21 07:09:58;28.4;33.2;38.8;30.9;37.3;44.0;13.4 °C;15.6;17.1;17.9;18.6;19
2024-04-21 07:19:57;28.4;33.2;38.7;30.9;37.3;44.0;13.3 °C;15.5;17.1;17.9;18.6;19
2024-04-21 07:29:59;28.4;33.2;38.7;30.9;37.3;44.0;13.3 °C;15.4;17.1;17.9;18.6;19
2024-04-21 07:39:58;28.4;33.2;38.7;30.9;37.3;44.0;13.4 °C;15.4;17.1;17.9;18.6;18.9
2024-04-21 07:50:02;28.4;33.2;38.7;30.9;37.3;44.0;13.4 °C;15.4;17;17.9;18.6;18.9
2024-04-21 08:00:00;28.4;33.2;38.7;30.9;37.3;44.0;13.4 °C;15.4;17;17.8;18.6;18.9
2024-04-21 08:09:57;28.4;33.2;38.8;30.9;37.3;44.0;13.4 °C;15.3;16.9;17.8;18.6;18.9
2024-04-21 08:19:58;28.4;33.2;38.7;30.9;37.3;44.0;13.4 °C;15.3;16.9;17.8;18.5;18.9
2024-04-21 08:29:57;28.4;33.2;38.7;30.9;37.3;44.0;13.5 °C;15.3;16.9;17.8;18.5;18.9
2024-04-21 08:40:03;28.5;33.2;38.7;30.9;37.3;44.0;13.6 °C;15.3;16.9;17.8;18.5;18.9
2024-04-21 08:50:03;28.5;33.2;38.7;30.9;37.3;44.0;13.7 °C;15.3;16.9;17.8;18.5;18.9
2024-04-21 09:00:02;28.5;33.2;38.7;30.9;37.3;44.0;13.8 °C;15.2;16.9;17.8;18.5;18.9
2024-04-21 09:10:00;28.5;33.2;38.7;30.9;37.3;44.0;14 °C;15.2;16.8;17.8;18.5;18.9
2024-04-21 09:20:02;28.5;33.2;38.7;30.9;37.3;44.0;14.3 °C;15.2;16.8;17.8;18.5;18.9
2024-04-21 09:29:56;28.4;33.2;38.7;30.9;37.3;44.0;14.5 °C;15.2;16.8;17.8;18.5;18.9
2024-04-21 09:40:02;28.5;33.2;38.7;30.9;37.3;44.0;14.8 °C;15.2;16.8;17.8;18.5;18.9
2024-04-21 09:49:56;28.5;33.2;38.8;30.9;37.3;44.0;15 °C;15.2;16.8;17.7;18.4;18.9
2024-04-21 10:00:01;28.5;33.2;38.7;30.9;37.3;44.0;15.3 °C;15.2;16.8;17.7;18.4;18.9
2024-04-21 10:09:59;28.6;33.2;38.7;30.9;37.3;44.0;15.5 °C;15.3;16.8;17.7;18.4;18.9
2024-04-21 10:19:59;28.6;33.2;38.7;30.9;37.3;44.0;15.8 °C;15.3;16.7;17.7;18.4;18.9
2024-04-21 10:29:56;28.6;33.2;38.7;30.9;37.3;44.0;16.1 °C;15.3;16.7;17.6;18.4;18.9
2024-04-21 10:40:01;28.6;33.2;38.7;30.9;37.3;44.0;16.3 °C;15.4;16.7;17.6;18.4;18.9
2024-04-21 10:50:02;28.6;33.2;38.7;30.9;37.3;43.9;16.5 °C;15.4;16.7;17.6;18.4;18.9
2024-04-21 10:59:57;28.6;33.2;38.7;30.9;37.3;44.0;16.8 °C;15.5;16.7;17.6;18.4;18.9
2024-04-21 11:10:00;28.6;33.2;38.7;30.9;37.3;44.0;17 °C;15.6;16.7;17.6;18.4;18.9
2024-04-21 11:20:01;28.6;33.2;38.7;30.9;37.3;43.9;17.2 °C;15.6;16.7;17.6;18.4;18.9
2024-04-21 11:30:02;28.7;33.2;38.7;30.9;37.3;44.0;17.3 °C;15.7;16.7;17.6;18.4;18.9
2024-04-21 11:40:02;28.6;33.3;38.7;30.9;37.3;44.0;17.4 °C;15.8;16.7;17.6;18.4;18.9
2024-04-21 11:49:56;28.7;33.2;38.7;30.9;37.3;44.0;17.6 °C;15.9;16.7;17.6;18.4;18.9
2024-04-21 12:00:02;28.6;33.3;38.8;30.9;37.3;43.9;17.7 °C;15.9;16.7;17.6;18.4;18.9
2024-04-21 12:09:57;28.6;33.3;38.8;30.9;37.3;43.9;17.8 °C;16;16.7;17.6;18.4;18.9
2024-04-21 12:19:55;28.7;33.3;38.8;30.9;37.3;43.9;17.8 °C;16.1;16.7;17.5;18.4;18.9
2024-04-21 12:29:55;28.6;33.3;38.8;30.9;37.3;44.0;17.8 °C;16.2;16.8;17.5;18.3;18.8
2024-04-21 12:40:00;28.6;33.3;38.8;30.9;37.3;43.9;17.9 °C;16.3;16.8;17.5;18.3;18.8
2024-04-21 12:49:56;28.6;33.3;38.8;30.9;37.3;43.9;17.9 °C;16.3;16.8;17.5;18.3;18.8
2024-04-21 12:59:57;28.6;33.3;38.8;30.9;37.3;43.9;18 °C;16.4;16.8;17.5;18.3;18.8
2024-04-21 13:10:00;28.7;33.3;38.8;30.9;37.3;43.9;18.1 °C;16.4;16.8;17.5;18.3;18.8
2024-04-21 13:20:00;28.7;33.3;38.8;30.9;37.3;43.9;18.2 °C;16.5;16.9;17.5;18.3;18.8
2024-04-21 13:29:58;28.7;33.3;38.8;30.9;37.3;43.9;18.3 °C;16.6;16.9;17.5;18.3;18.8
2024-04-21 13:40:01;28.7;33.4;38.8;30.9;37.3;43.9;18.4 °C;16.7;16.9;17.5;18.3;18.8
2024-04-21 13:50:02;28.7;33.4;38.8;30.9;37.3;43.9;18.6 °C;16.8;16.9;17.5;18.3;18.8
2024-04-21 13:59:57;28.8;33.4;38.8;31.0;37.3;43.9;18.9 °C;16.8;16.9;17.5;18.3;18.8
2024-04-21 14:10:00;28.8;33.4;38.8;30.9;37.3;43.9;19.2 °C;16.9;17;17.5;18.3;18.8
2024-04-21 14:20:01;28.8;33.4;38.8;31.0;37.3;43.9;19.4 °C;16.9;17;17.5;18.3;18.8
2024-04-21 14:29:56;28.8;33.4;38.8;31.0;37.3;43.9;19.5 °C;17;17.1;17.5;18.3;18.8
2024-04-21 14:39:57;28.7;33.4;38.8;31.0;37.3;43.9;19.5 °C;17.1;17.1;17.5;18.3;18.8
2024-04-21 14:50:03;28.7;33.4;38.8;31.0;37.3;43.9;19.5 °C;17.2;17.1;17.6;18.3;18.8
2024-04-21 14:59:59;28.7;33.4;38.8;30.9;37.3;43.9;19.4 °C;17.3;17.1;17.6;18.3;18.8
2024-04-21 15:10:02;28.7;33.4;38.8;31.0;37.3;43.9;19.4 °C;17.3;17.2;17.6;18.3;18.8
2024-04-21 15:20:02;28.7;33.4;38.8;31.0;37.3;43.9;19.5 °C;17.4;17.2;17.6;18.3;18.8
2024-04-21 15:29:57;28.7;33.5;38.9;31.0;37.3;43.9;19.6 °C;17.5;17.3;17.6;18.3;18.8
2024-04-21 15:39:59;28.8;33.5;38.9;31.0;37.3;43.9;19.8 °C;17.6;17.3;17.6;18.3;18.8
2024-04-21 15:50:00;28.8;33.4;38.9;31.0;37.3;43.9;19.9 °C;17.6;17.3;17.6;18.3;18.8
2024-04-21 16:00:01;28.7;33.5;38.9;31.0;37.3;43.9;19.9 °C;17.7;17.4;17.6;18.3;18.8
2024-04-21 16:09:59;28.8;33.5;38.9;31.0;37.3;43.9;20 °C;17.8;17.4;17.6;18.3;18.8
2024-04-21 16:19:59;28.7;33.5;38.9;31.0;37.3;43.9;20 °C;17.8;17.4;17.6;18.3;18.8
2024-04-21 16:30:00;28.7;33.5;38.9;31.0;37.3;43.9;19.9 °C;17.9;17.5;17.6;18.3;18.8
2024-04-21 16:40:01;28.7;33.5;38.9;31.0;37.3;43.9;19.9 °C;17.9;17.5;17.6;18.3;18.8
2024-04-21 16:50:02;28.7;33.5;38.9;31.0;37.3;43.9;19.9 °C;18;17.6;17.7;18.3;18.7
2024-04-21 16:59:58;28.7;33.5;38.9;31.0;37.3;43.9;20 °C;18.1;17.6;17.7;18.3;18.7
2024-04-21 17:09:57;28.7;33.5;38.9;31.0;37.3;43.9;20.1 °C;18.1;17.6;17.7;18.3;18.7
2024-04-21 17:19:56;28.7;33.5;38.9;31.0;37.3;43.9;20.1 °C;18.1;17.7;17.7;18.3;18.7
2024-04-21 17:30:01;28.7;33.5;39.0;31.0;37.3;43.9;20.1 °C;18.2;17.7;17.8;18.3;18.7
2024-04-21 17:39:59;28.7;33.5;39.0;31.0;37.3;43.9;20.1 °C;18.3;17.8;17.8;18.3;18.7
2024-04-21 17:49:56;28.7;33.5;39.0;31.0;37.3;43.9;20.1 °C;18.3;17.8;17.8;18.3;18.7
2024-04-21 17:59:57;28.7;33.5;38.9;31.0;37.3;43.9;20 °C;18.3;17.8;17.8;18.3;18.7
2024-04-21 18:09:55;28.6;33.5;39.0;31.0;37.3;43.9;19.9 °C;18.4;17.9;17.8;18.3;18.7
2024-04-21 18:19:59;28.6;33.5;39.0;31.0;37.3;43.9;19.8 °C;18.4;17.9;17.8;18.3;18.7
2024-04-21 18:29:55;28.7;33.5;39.0;31.0;37.3;43.9;19.8 °C;18.4;17.9;17.9;18.3;18.7
2024-04-21 18:39:55;28.6;33.5;39.0;31.0;37.3;43.9;19.6 °C;18.4;17.9;17.9;18.3;18.7
2024-04-21 18:49:56;28.6;33.6;39.0;31.0;37.3;43.9;19.5 °C;18.5;18;17.9;18.3;18.7
2024-04-21 19:00:01;28.6;33.6;39.0;31.0;37.3;43.9;19.4 °C;18.5;18.1;17.9;18.3;18.7
2024-04-21 19:09:59;28.6;33.6;39.0;31.0;37.3;43.9;19.2 °C;18.5;18.1;17.9;18.3;18.7
2024-04-21 19:19:55;28.5;33.5;39.0;31.0;37.3;43.9;19.1 °C;18.6;18.1;17.9;18.3;18.7
2024-04-21 19:29:56;28.5;33.5;39.0;31.0;37.3;43.9;18.9 °C;18.6;18.1;17.9;18.3;18.7
2024-04-21 19:40:01;28.5;33.6;39.0;31.0;37.3;43.9;18.8 °C;18.5;18.2;18;18.3;18.7
2024-04-21 19:49:55;28.5;33.5;39.0;31.0;37.3;43.9;18.7 °C;18.5;18.2;18;18.3;18.7
2024-04-21 19:59:55;28.5;33.5;39.0;31.0;37.3;43.9;18.5 °C;18.5;18.2;18;18.4;18.7
2024-04-21 20:09:55;28.5;33.5;39.0;31.0;37.3;43.9;18.4 °C;18.5;18.3;18.1;18.4;18.7
2024-04-21 20:20:00;28.4;33.5;39;31.0;37.3;43.9;18.3 °C;18.5;18.3;18.1;18.4;18.7
2024-04-21 20:29:58;28.5;33.5;39;31.0;37.3;43.9;18.1 °C;18.4;18.3;18.1;18.4;18.7
2024-04-21 20:40:01;28.4;33.5;39.0;31.0;37.3;43.9;17.9 °C;18.4;18.3;18.1;18.4;18.7
2024-04-21 20:49:59;28.4;33.5;39.0;31.0;37.3;43.9;17.8 °C;18.4;18.3;18.1;18.4;18.7
2024-04-21 21:00:00;28.4;33.5;39.0;31.0;37.3;43.9;17.6 °C;18.4;18.3;18.1;18.4;18.7
2024-04-21 21:09:57;28.4;33.5;39.0;31.0;37.3;43.9;17.5 °C;18.3;18.3;18.2;18.4;18.8
2024-04-21 21:19:55;28.4;33.5;39.0;31.0;37.3;43.9;17.4 °C;18.3;18.4;18.2;18.4;18.8
2024-04-21 21:30:00;28.4;33.5;39.0;31.0;37.3;43.9;17.3 °C;18.3;18.4;18.2;18.4;18.8
2024-04-21 21:40:02;28.4;33.4;39.0;31.0;37.3;43.9;17.1 °C;18.2;18.4;18.2;18.4;18.8
2024-04-21 21:50:02;28.4;33.4;39.0;31.0;37.3;43.9;16.9 °C;18.2;18.4;18.3;18.4;18.8
2024-04-21 22:00:01;28.4;33.4;39.0;31.0;37.3;43.9;16.8 °C;18.1;18.4;18.3;18.4;18.8
2024-04-21 22:09:55;28.4;33.4;39.0;31.0;37.3;43.9;16.8 °C;18.1;18.4;18.3;18.5;18.8
2024-04-21 22:20:00;28.3;33.4;39.0;31.0;37.3;43.9;16.6 °C;18;18.4;18.3;18.5;18.8
2024-04-21 22:30:02;28.3;33.4;39.0;31;37.3;43.9;16.5 °C;18;18.4;18.3;18.5;18.8
2024-04-21 22:39:57;28.4;33.4;39.0;31.0;37.3;43.9;16.4 °C;17.9;18.4;18.3;18.5;18.8
2024-04-21 22:50:00;28.3;33.4;39.0;31.0;37.3;43.9;16.3 °C;17.9;18.4;18.3;18.5;18.8
2024-04-21 23:00:02;28.4;33.4;39.0;31.0;37.3;43.9;16.2 °C;17.8;18.4;18.3;18.5;18.8
2024-04-21 23:09:57;28.3;33.4;39.0;31.0;37.3;43.9;16.1 °C;17.8;18.4;18.3;18.5;18.8
2024-04-21 23:20:00;28.4;33.4;39.0;31.0;37.3;43.9;15.9 °C;17.7;18.3;18.3;18.6;18.8
2024-04-21 23:30:02;28.3;33.3;39.0;31.0;37.3;43.9;15.9 °C;17.7;18.3;18.4;18.6;18.8
2024-04-21 23:39:58;28.3;33.3;39.0;31.0;37.3;43.9;15.8 °C;17.6;18.3;18.4;18.6;18.8
2024-04-21 23:50:02;28.3;33.3;39.0;31.0;37.3;43.9;15.7 °C;17.6;18.3;18.4;18.6;18.8
2024-04-21 23:59:57;28.3;33.4;39.0;31.0;37.3;43.9;15.6 °C;17.5;18.3;18.4;18.6;18.8
2024-04-22 00:09:55;28.3;33.3;39.0;31.0;37.3;43.9;15.4 °C;17.4;18.3;18.4;18.6;18.8
2024-04-22 00:19:55;28.3;33.3;38.9;31.0;37.3;43.9;15.4 °C;17.4;18.3;18.4;18.6;18.8
2024-04-22 00:30:00;28.3;33.3;39.0;31.0;37.3;43.9;15.3 °C;17.3;18.3;18.4;18.6;18.8
2024-04-22 00:39:57;28.3;33.3;39.0;31.0;37.3;43.9;15.1 °C;17.3;18.3;18.4;18.6;18.8
2024-04-22 00:49:59;28.3;33.3;38.9;31.0;37.3;43.9;15.1 °C;17.3;18.2;18.4;18.6;18.8
2024-04-22 00:59:55;28.3;33.3;38.9;31.0;37.3;43.9;15 °C;17.2;18.2;18.4;18.6;18.8
2024-04-22 01:10:01;28.3;33.3;38.9;31.0;37.3;43.9;14.9 °C;17.1;18.2;18.4;18.6;18.8
2024-04-22 01:19:59;28.3;33.3;38.9;31.0;37.3;43.9;14.8 °C;17.1;18.1;18.4;18.6;18.8
2024-04-22 01:29:59;28.3;33.3;39.0;31.1;37.3;43.9;14.7 °C;17;18.1;18.4;18.6;18.8
2024-04-22 01:39:56;28.3;33.3;38.9;31.0;37.3;43.9;14.6 °C;16.9;18.1;18.4;18.6;18.8
2024-04-22 01:50:01;28.3;33.2;38.9;31.0;37.3;43.9;14.6 °C;16.9;18.1;18.4;18.6;18.8
2024-04-22 01:59:56;28.3;33.2;38.9;31.0;37.3;43.9;14.4 °C;16.9;18.1;18.4;18.6;18.8
2024-04-22 02:10:01;28.3;33.2;38.9;31.0;37.3;43.9;14.4 °C;16.8;18;18.4;18.6;18.8
2024-04-22 02:19:59;28.3;33.2;38.9;31.1;37.3;43.9;14.3 °C;16.8;18;18.4;18.6;18.8
2024-04-22 02:30:00;28.3;33.2;38.9;31.0;37.3;43.9;14.2 °C;16.7;18;18.4;18.6;18.8
2024-04-22 02:39:57;28.2;33.2;38.9;31.0;37.3;43.9;14.1 °C;16.6;17.9;18.4;18.6;18.8
2024-04-22 02:49:55;28.2;33.2;38.9;31.0;37.3;43.9;14.1 °C;16.6;17.9;18.3;18.6;18.9
2024-04-22 03:00:00;28.2;33.2;38.9;31.0;37.3;43.9;13.9 °C;16.5;17.9;18.3;18.6;18.9
2024-04-22 03:10:01;29.4;33.2;38.9;31.1;37.3;43.9;13.9 °C;16.4;17.9;18.3;18.6;18.9
2024-04-22 03:20:00;29.5;33.2;38.9;31.1;37.3;43.9;13.8 °C;16.4;17.9;18.3;18.7;18.9
2024-04-22 03:29:58;29.3;33.2;38.9;31.0;37.3;43.9;13.8 °C;16.4;17.8;18.3;18.7;18.9
2024-04-22 03:39:58;28.7;33.2;38.9;31.1;37.3;43.9;13.6 °C;16.3;17.8;18.3;18.7;18.9
2024-04-22 03:49:57;29.4;33.2;38.9;31.1;37.3;43.9;13.6 °C;16.3;17.8;18.3;18.7;18.9
2024-04-22 03:59:56;29.5;33.2;38.9;31.1;37.3;43.9;13.5 °C;16.2;17.8;18.3;18.6;18.9
2024-04-22 04:09:57;29.5;33.2;38.9;31.0;37.3;43.9;13.4 °C;16.1;17.7;18.3;18.6;18.9
2024-04-22 04:20:00;29.4;33.2;38.9;31.1;37.3;43.9;13.4 °C;16.1;17.7;18.3;18.6;18.9
2024-04-22 04:29:58;29.4;33.2;38.9;31.0;37.3;43.9;13.3 °C;16.1;17.6;18.3;18.6;18.9
2024-04-22 04:40:01;29.4;33.2;38.9;31.0;37.3;43.9;13.2 °C;16;17.6;18.3;18.6;18.9
2024-04-22 04:50:00;29.4;33.2;38.9;31.0;37.3;43.9;13.1 °C;15.9;17.6;18.3;18.6;18.9
2024-04-22 05:00:02;29.4;33.1;38.9;31.0;37.3;43.9;13.1 °C;15.9;17.6;18.2;18.6;18.9
2024-04-22 05:10:02;29.4;33.2;38.9;31.0;37.3;43.9;13 °C;15.8;17.5;18.2;18.6;18.9
2024-04-22 05:19:58;29.4;33.1;38.9;31.0;37.3;43.9;12.9 °C;15.8;17.5;18.2;18.6;18.9
2024-04-22 05:29:57;29.4;33.1;38.8;31.0;37.3;43.9;12.9 °C;15.7;17.4;18.2;18.6;18.9
2024-04-22 05:39:55;29.4;33.1;38.8;31.0;37.3;43.9;12.8 °C;15.7;17.4;18.1;18.6;18.9
2024-04-22 05:50:00;29.4;33.1;38.9;31.0;37.3;43.9;12.8 °C;15.6;17.4;18.1;18.6;18.9
2024-04-22 05:59:58;29.5;33.1;38.9;31.0;37.3;43.9;12.7 °C;15.6;17.4;18.1;18.6;18.9
2024-04-22 06:10:01;29.4;33.1;38.9;31.0;37.3;43.9;12.6 °C;15.5;17.3;18.1;18.6;18.9
2024-04-22 06:20:00;29.4;33.1;38.8;31.0;37.3;43.9;12.6 °C;15.4;17.3;18.1;18.6;18.9
2024-04-22 06:30:02;29.3;33.1;38.8;31.0;37.3;43.9;12.5 °C;15.4;17.3;18.1;18.6;18.9
2024-04-22 06:40:01;28.7;33.1;38.8;31.0;37.3;43.9;12.4 °C;15.4;17.3;18.1;18.6;18.9
2024-04-22 06:49:56;28.7;33.1;38.8;31.0;37.3;43.9;12.4 °C;15.3;17.2;18.1;18.6;18.9
2024-04-22 07:00:01;28.6;33.1;38.8;31.0;37.3;43.9;12.4 °C;15.3;17.2;18;18.6;18.9
2024-04-22 07:09:55;28.5;33.1;38.8;31.0;37.3;43.9;12.4 °C;15.2;17.1;18;18.6;18.9
2024-04-22 07:20:00;29.3;33.1;38.8;31.0;37.3;43.9;12.3 °C;15.2;17.1;18;18.6;18.9
2024-04-22 07:29:59;29.5;33.1;38.8;31.0;37.3;43.9;12.3 °C;15.1;17.1;18;18.6;18.9
2024-04-22 07:39:59;29.5;33.1;38.8;31.0;37.3;43.9;12.3 °C;15.1;17;17.9;18.6;18.9
2024-04-22 07:49:56;29.5;33.0;38.8;31.0;37.3;43.9;12.4 °C;15.1;17;17.9;18.6;18.8
2024-04-22 08:00:02;29.5;33.1;38.8;31.0;37.2;43.9;12.4 °C;15;16.9;17.9;18.6;18.9
2024-04-22 08:09:57;29.5;33.0;38.8;31.0;37.3;43.9;12.4 °C;14.9;16.9;17.9;18.6;18.8
2024-04-22 08:19:56;29.5;33.0;38.8;31.0;37.3;43.9;12.5 °C;14.9;16.9;17.9;18.5;18.8
2024-04-22 08:29:57;29.5;33.1;38.8;31.0;37.3;43.9;12.6 °C;14.9;16.9;17.9;18.5;18.8
2024-04-22 08:39:56;29.6;33.0;38.8;31.0;37.3;43.9;12.6 °C;14.9;16.8;17.8;18.5;18.8
2024-04-22 08:49:58;29.6;33.1;38.8;31.0;37.3;43.9;12.8 °C;14.8;16.8;17.8;18.5;18.8
2024-04-22 09:00:01;29.6;33.1;38.8;31.0;37.3;43.9;12.9 °C;14.8;16.8;17.8;18.5;18.8
2024-04-22 09:10:00;29.6;33.1;38.7;31.0;37.3;43.9;13.1 °C;14.8;16.8;17.8;18.5;18.8
2024-04-22 09:19:57;29.6;33.0;38.7;31.0;37.3;43.9;13.3 °C;14.8;16.7;17.8;18.4;18.8
2024-04-22 09:30:00;29.6;33.1;38.7;31.0;37.3;43.9;13.6 °C;14.8;16.7;17.8;18.4;18.8
2024-04-22 09:40:02;29.6;33.1;38.7;31.0;37.2;43.9;13.9 °C;14.8;16.6;17.7;18.4;18.8
2024-04-22 09:49:57;29.4;33.1;38.7;31.0;37.3;43.9;14.2 °C;14.8;16.6;17.7;18.4;18.8
2024-04-22 10:00:01;28.8;33.1;38.7;31.0;37.2;43.9;14.5 °C;14.8;16.6;17.7;18.4;18.8
2024-04-22 10:09:56;28.3;33.1;38.7;31.0;37.2;43.9;14.9 °C;14.8;16.6;17.7;18.4;18.8
2024-04-22 10:20:01;28.4;33.1;38.7;31.0;37.2;43.9;15.2 °C;14.8;16.6;17.6;18.4;18.8
2024-04-22 10:30:00;28.4;33.1;38.7;31.0;37.2;43.9;15.6 °C;14.9;16.6;17.6;18.4;18.8
2024-04-22 10:40:01;28.4;33.1;38.7;31.0;37.2;43.9;15.9 °C;14.9;16.5;17.6;18.4;18.8
2024-04-22 10:50:01;28.4;33.1;38.7;31.0;37.2;43.9;16.2 °C;15;16.5;17.6;18.4;18.8
2024-04-22 10:59:56;28.5;33.1;38.7;31.0;37.2;43.9;16.5 °C;15.1;16.5;17.6;18.4;18.8
2024-04-22 11:10:01;28.4;33.1;38.7;31.0;37.2;43.9;16.8 °C;15.1;16.5;17.6;18.3;18.8
2024-04-22 11:19:56;28.5;33.2;38.7;31.0;37.2;43.8;17.1 °C;15.2;16.5;17.5;18.3;18.8
2024-04-22 11:29:54;28.5;33.2;38.7;31.0;37.2;43.8;17.3 °C;15.3;16.4;17.5;18.3;18.8
2024-04-22 11:39:55;28.5;33.2;38.7;31.0;37.2;43.8;17.4 °C;15.4;16.5;17.5;18.3;18.8
2024-04-22 11:49:59;28.5;33.2;38.7;31.0;37.2;43.8;17.5 °C;15.5;16.5;17.5;18.3;18.8
2024-04-22 11:59:57;28.5;33.2;38.7;31;37.2;43.8;17.6 °C;15.6;16.5;17.4;18.3;18.8
2024-04-22 12:09:59;28.5;33.2;38.7;31.0;37.2;43.8;17.7 °C;15.7;16.5;17.4;18.3;18.8
2024-04-22 12:19:57;28.5;33.2;38.7;31;37.2;43.8;17.8 °C;15.8;16.5;17.4;18.3;18.7
2024-04-22 12:29:55;28.5;33.2;38.7;31;37.2;43.8;17.9 °C;15.9;16.5;17.4;18.3;18.7
2024-04-22 12:39:57;28.5;33.2;38.7;31;37.2;43.8;18.1 °C;15.9;16.6;17.4;18.3;18.7
2024-04-22 12:49:56;28.5;33.3;38.7;31.0;37.2;43.8;18.2 °C;16;16.6;17.4;18.3;18.7
2024-04-22 12:59:57;28.5;33.3;38.8;31.0;37.2;43.8;18.4 °C;16.1;16.6;17.4;18.2;18.7
2024-04-22 13:10:01;28.5;33.3;38.7;31.0;37.2;43.8;18.6 °C;16.2;16.6;17.4;18.2;18.7
2024-04-22 13:19:59;28.6;33.3;38.7;31;37.2;43.8;18.9 °C;16.3;16.6;17.4;18.2;18.7
2024-04-22 13:29:56;28.6;33.3;38.7;31;37.2;43.8;19.1 °C;16.4;16.6;17.4;18.2;18.7
2024-04-22 13:39:59;28.6;33.3;38.8;31.0;37.2;43.8;19.3 °C;16.4;16.7;17.4;18.2;18.6
2024-04-22 13:49:59;28.7;33.3;38.8;31.0;37.2;43.8;19.4 °C;16.6;16.7;17.4;18.2;18.6
2024-04-22 14:00:00;28.6;33.3;38.8;31.0;37.2;43.8;19.6 °C;16.7;16.8;17.4;18.1;18.6
2024-04-22 14:09:59;28.6;33.4;38.8;31.0;37.2;43.8;19.9 °C;16.8;16.8;17.4;18.1;18.6
2024-04-22 14:19:59;28.6;33.4;38.8;31.1;37.2;43.8;20.1 °C;16.9;16.8;17.4;18.1;18.6
2024-04-22 14:30:01;28.6;33.4;38.8;31.1;37.2;43.8;20.3 °C;16.9;16.9;17.4;18.1;18.6
2024-04-22 14:39:56;28.6;33.4;38.8;31.0;37.2;43.8;20.4 °C;17.1;16.9;17.4;18.1;18.6
2024-04-22 14:50:01;28.6;33.4;38.8;31.0;37.2;43.8;20.6 °C;17.2;16.9;17.4;18.1;18.6
